case,frame_index,physical_time_s,particle_id,species,x_m,y_m,z_m,q_w,q_x,q_y,q_z,original_geometry_sha256,admitted_shape_sha256,tail_knots
A_real_single_mb_orbit,17,42.985312568635116,1,MB,0.00010342805769083766,5.72589020738646e-05,0.00015908040654045275,0.9999999880904706,8.165154854163176e-05,-9.833482880720125e-05,8.650054707680153e-05,a0f779f0ce964b47123ee7eb06ce2736bdfc2a837292f446a4ad17183214420b,c86449dc97e68fcc59af2032707f6b9c17ed131045ddbbfd25e7a1fc5d7c021f,2
A_real_single_mb_orbit,18,42.985318713886514,1,MB,0.00010342799212627179,5.725715194958879e-05,0.0001590784794114511,0.9999999328226933,0.00019392259478813315,-0.0002335454195411423,0.0002054389762268089,a0f779f0ce964b47123ee7eb06ce2736bdfc2a837292f446a4ad17183214420b,c86449dc97e68fcc59af2032707f6b9c17ed131045ddbbfd25e7a1fc5d7c021f,2
A_real_single_mb_orbit,19,42.98532485913791,1,MB,0.00010342792656170593,5.725540182531298e-05,0.00015907655228244945,0.9999998325216686,0.0003061938205227259,-0.0003687562264367,0.00032437759552407465,a0f779f0ce964b47123ee7eb06ce2736bdfc2a837292f446a4ad17183214420b,c86449dc97e68fcc59af2032707f6b9c17ed131045ddbbfd25e7a1fc5d7c021f,2
A_real_single_mb_orbit,20,42.98533100438931,1,MB,0.00010342786099714005,5.725365170103717e-05,0.0001590746251534478,0.9999996871871895,0.0004184652105780081,-0.0005039672312274249,0.000443316388900458,a0f779f0ce964b47123ee7eb06ce2736bdfc2a837292f446a4ad17183214420b,c86449dc97e68fcc59af2032707f6b9c17ed131045ddbbfd25e7a1fc5d7c021f,2
A_real_single_mb_orbit,21,42.9853371496407,1,MB,0.00010342779543257424,5.7251901576763385e-05,0.00015907269802444837,0.9999994968190675,0.0005307367496566246,-0.0006391784154903626,0.000562255340150148,a0f779f0ce964b47123ee7eb06ce2736bdfc2a837292f446a4ad17183214420b,c86449dc97e68fcc59af2032707f6b9c17ed131045ddbbfd25e7a1fc5d7c021f,2
A_real_single_mb_orbit,22,42.9853432948921,1,MB,0.00010342772986800838,5.725015145248758e-05,0.00015907077089544671,0.999999261417132,0.000643008422850534,-0.0007743897612714171,0.0006811944334797667,a0f779f0ce964b47123ee7eb06ce2736bdfc2a837292f446a4ad17183214420b,c86449dc97e68fcc59af2032707f6b9c17ed131045ddbbfd25e7a1fc5d7c021f,2
A_real_single_mb_orbit,23,42.985349440143494,1,MB,0.0001034276643034425,5.724840132821177e-05,0.00015906884376644506,0.9999989809812312,0.0007552802148621346,-0.0009096012501473367,0.0008001336526832418,a0f779f0ce964b47123ee7eb06ce2736bdfc2a837292f446a4ad17183214420b,c86449dc97e68fcc59af2032707f6b9c17ed131045ddbbfd25e7a1fc5d7c021f,2
A_real_single_mb_orbit,24,42.98535558539489,1,MB,0.00010342759873887663,5.7246651203935957e-05,0.00015906691663744338,0.9999986555112309,0.0008675521105235308,-0.0010448128638510775,0.0009190729816919097,a0f779f0ce964b47123ee7eb06ce2736bdfc2a837292f446a4ad17183214420b,c86449dc97e68fcc59af2032707f6b9c17ed131045ddbbfd25e7a1fc5d7c021f,2
A_real_single_mb_orbit,25,42.98536173064629,1,MB,0.00010342753317431076,5.724490107966015e-05,0.00015906498950844173,0.9999982850070157,0.000979824094666729,-0.0011800245841154778,0.0010380124044370028,a0f779f0ce964b47123ee7eb06ce2736bdfc2a837292f446a4ad17183214420b,c86449dc97e68fcc59af2032707f6b9c17ed131045ddbbfd25e7a1fc5d7c021f,2
A_real_single_mb_orbit,26,42.98536787589769,1,MB,0.00010342746760974488,5.724315095538434e-05,0.00015906306237944008,0.9999978694684883,0.001092096152123648,-0.00131523639267327,0.001156951904849661,a0f779f0ce964b47123ee7eb06ce2736bdfc2a837292f446a4ad17183214420b,c86449dc97e68fcc59af2032707f6b9c17ed131045ddbbfd25e7a1fc5d7c021f,2
A_real_single_mb_orbit,27,42.985374021149084,1,MB,0.000103427402045179,5.7241400831108535e-05,0.00015906113525043843,0.9999974088955694,0.0012043682677261298,-0.0014504482712570945,0.0012758914668609424,a0f779f0ce964b47123ee7eb06ce2736bdfc2a837292f446a4ad17183214420b,c86449dc97e68fcc59af2032707f6b9c17ed131045ddbbfd25e7a1fc5d7c021f,2
A_real_single_mb_orbit,28,42.98538016640048,1,MB,0.00010342733648061313,5.723965070683272e-05,0.00015905920812143677,0.9999969032881986,0.001316640426305948,-0.0015856602015995088,0.0013948310744018337,a0f779f0ce964b47123ee7eb06ce2736bdfc2a837292f446a4ad17183214420b,c86449dc97e68fcc59af2032707f6b9c17ed131045ddbbfd25e7a1fc5d7c021f,2
A_real_single_mb_orbit,29,42.98538631165187,1,MB,0.00010342727091604734,5.723790058255894e-05,0.00015905728099243734,0.9999963526463335,0.001428912612565007,-0.0017208721652766663,0.0015137707112657384,a0f779f0ce964b47123ee7eb06ce2736bdfc2a837292f446a4ad17183214420b,c86449dc97e68fcc59af2032707f6b9c17ed131045ddbbfd25e7a1fc5d7c021f,2
A_real_single_mb_orbit,30,42.98539245690327,1,MB,0.00010342720535148146,5.7236150458283126e-05,0.0001590553538634357,0.9999957569699486,0.0015411848115946063,-0.0018560841443336776,0.0016327103616585806,a0f779f0ce964b47123ee7eb06ce2736bdfc2a837292f446a4ad17183214420b,c86449dc97e68fcc59af2032707f6b9c17ed131045ddbbfd25e7a1fc5d7c021f,2
A_real_single_mb_orbit,31,42.98539860215467,1,MB,0.0001034271397869156,5.723440033400732e-05,0.00015905342673443404,0.9999951162590386,0.0016534570080965658,-0.0019912961203465947,0.0017516500093736757,a0f779f0ce964b47123ee7eb06ce2736bdfc2a837292f446a4ad17183214420b,c86449dc97e68fcc59af2032707f6b9c17ed131045ddbbfd25e7a1fc5d7c021f,2
A_real_single_mb_orbit,32,42.985404747406065,1,MB,0.00010342707422234973,5.723265020973151e-05,0.0001590514996054324,0.9999944305136156,0.001765729186902495,-0.002126508075047778,0.0018705896383418353,a0f779f0ce964b47123ee7eb06ce2736bdfc2a837292f446a4ad17183214420b,c86449dc97e68fcc59af2032707f6b9c17ed131045ddbbfd25e7a1fc5d7c021f,2
A_real_single_mb_orbit,33,42.98541089265746,1,MB,0.00010342700865778385,5.7230900085455705e-05,0.00015904957247643074,0.9999936997337099,0.0018780013328439861,-0.0022617199901695654,0.0019895292324938535,a0f779f0ce964b47123ee7eb06ce2736bdfc2a837292f446a4ad17183214420b,c86449dc97e68fcc59af2032707f6b9c17ed131045ddbbfd25e7a1fc5d7c021f,2
A_real_single_mb_orbit,34,42.98541703790886,1,MB,0.00010342694309321798,5.722914996117989e-05,0.00015904764534742908,0.9999929239193702,0.0019902734307526266,-0.0023969318474442915,0.0021084687757605184,a0f779f0ce964b47123ee7eb06ce2736bdfc2a837292f446a4ad17183214420b,c86449dc97e68fcc59af2032707f6b9c17ed131045ddbbfd25e7a1fc5d7c021f,2
A_real_single_mb_orbit,35,42.98542318316026,1,MB,0.0001034268775286521,5.7227399836904084e-05,0.0001590457182184274,0.9999921030706636,0.0021025454654600086,-0.0025321436286042955,0.0022274082520726242,a0f779f0ce964b47123ee7eb06ce2736bdfc2a837292f446a4ad17183214420b,c86449dc97e68fcc59af2032707f6b9c17ed131045ddbbfd25e7a1fc5d7c021f,2
A_real_single_mb_orbit,36,42.985429328411655,1,MB,0.00010342681196408623,5.722564971262828e-05,0.00015904379108942575,0.9999912371876749,0.0022148174217977382,-0.002667355315381934,0.0023463476453609803,a0f779f0ce964b47123ee7eb06ce2736bdfc2a837292f446a4ad17183214420b,c86449dc97e68fcc59af2032707f6b9c17ed131045ddbbfd25e7a1fc5d7c021f,2
A_real_single_mb_orbit,37,42.985435473663046,1,MB,0.00010342674639952043,5.722389958835449e-05,0.00015904186396042632,0.9999903262705091,0.0023270892844676353,-0.0028025668893532567,0.0024652869394188996,a0f779f0ce964b47123ee7eb06ce2736bdfc2a837292f446a4ad17183214420b,c86449dc97e68fcc59af2032707f6b9c17ed131045ddbbfd25e7a1fc5d7c021f,2
A_real_single_mb_orbit,38,42.98544161891444,1,MB,0.00010342668083495456,5.722214946407868e-05,0.00015903993683142467,0.9999893703192854,0.002439361038560992,-0.002937778332563368,0.0025842261184523,a0f779f0ce964b47123ee7eb06ce2736bdfc2a837292f446a4ad17183214420b,c86449dc97e68fcc59af2032707f6b9c17ed131045ddbbfd25e7a1fc5d7c021f,2
A_real_single_mb_orbit,39,42.98544776416584,1,MB,0.00010342661527038868,5.7220399339802875e-05,0.00015903800970242302,0.999988369334145,0.0025516326687797116,-0.0030729896265884174,0.0027031651662545826,a0f779f0ce964b47123ee7eb06ce2736bdfc2a837292f446a4ad17183214420b,c86449dc97e68fcc59af2032707f6b9c17ed131045ddbbfd25e7a1fc5d7c021f,2
A_real_single_mb_orbit,40,42.98545390941724,1,MB,0.00010342654970582281,5.721864921552706e-05,0.00015903608257342137,0.999987323315246,0.0026639041599555596,-0.003208200753160954,0.002822104066756727,a0f779f0ce964b47123ee7eb06ce2736bdfc2a837292f446a4ad17183214420b,c86449dc97e68fcc59af2032707f6b9c17ed131045ddbbfd25e7a1fc5d7c021f,2
A_real_single_mb_orbit,41,42.985460054668636,1,MB,0.00010342648414125695,5.7216899091251254e-05,0.00015903415544441971,0.9999862322627648,0.002776175496920372,-0.003343411694013612,0.002941042803889785,a0f779f0ce964b47123ee7eb06ce2736bdfc2a837292f446a4ad17183214420b,c86449dc97e68fcc59af2032707f6b9c17ed131045ddbbfd25e7a1fc5d7c021f,2
A_real_single_mb_orbit,42,42.98546619992003,1,MB,0.00010342641857669107,5.721514896697545e-05,0.00015903222831541806,0.9999850961768963,0.0028884466645060615,-0.0034786224308791143,0.003059981361584888,a0f779f0ce964b47123ee7eb06ce2736bdfc2a837292f446a4ad17183214420b,c86449dc97e68fcc59af2032707f6b9c17ed131045ddbbfd25e7a1fc5d7c021f,2
A_real_single_mb_orbit,43,42.98547234517143,1,MB,0.0001034263530121252,5.721339884269964e-05,0.0001590303011864164,0.9999839150578531,0.003000717647544624,-0.003613832945490287,0.003178919723773259,a0f779f0ce964b47123ee7eb06ce2736bdfc2a837292f446a4ad17183214420b,c86449dc97e68fcc59af2032707f6b9c17ed131045ddbbfd25e7a1fc5d7c021f,2
A_real_single_mb_orbit,44,42.98547849042283,1,MB,0.00010342628744755932,5.7211648718423826e-05,0.00015902837405741476,0.9999826889058666,0.003112988430868156,-0.0037490432195800786,0.003297857874386226,a0f779f0ce964b47123ee7eb06ce2736bdfc2a837292f446a4ad17183214420b,c86449dc97e68fcc59af2032707f6b9c17ed131045ddbbfd25e7a1fc5d7c021f,2
A_real_single_mb_orbit,45,42.98548463567422,1,MB,0.00010342622188299353,5.7209898594150045e-05,0.00015902644692841533,0.9999814177211878,0.0032252589991790467,-0.0038842532347252243,0.003416795797217706,a0f779f0ce964b47123ee7eb06ce2736bdfc2a837292f446a4ad17183214420b,c86449dc97e68fcc59af2032707f6b9c17ed131045ddbbfd25e7a1fc5d7c021f,2
A_real_single_mb_orbit,46,42.985490780925616,1,MB,0.00010342615631842765,5.720814846987423e-05,0.00015902451979941368,0.9999801015040815,0.0033375293375692405,-0.004019462972971612,0.003535733476474307,a0f779f0ce964b47123ee7eb06ce2736bdfc2a837292f446a4ad17183214420b,c86449dc97e68fcc59af2032707f6b9c17ed131045ddbbfd25e7a1fc5d7c021f,2
A_real_single_mb_orbit,47,42.985496926177014,1,MB,0.00010342609075386178,5.7206398345598424e-05,0.000159022592670412,0.9999787402548349,0.0034497994307413726,-0.004154672415896275,0.0036546708959502077,a0f779f0ce964b47123ee7eb06ce2736bdfc2a837292f446a4ad17183214420b,c86449dc97e68fcc59af2032707f6b9c17ed131045ddbbfd25e7a1fc5d7c021f,2
A_real_single_mb_orbit,48,42.98550307142841,1,MB,0.0001034260251892959,5.720464822132262e-05,0.00015902066554141035,0.9999773339737522,0.0035620692635280264,-0.004289881545232748,0.003773608039577251,a0f779f0ce964b47123ee7eb06ce2736bdfc2a837292f446a4ad17183214420b,c86449dc97e68fcc59af2032707f6b9c17ed131045ddbbfd25e7a1fc5d7c021f,2
A_real_single_mb_orbit,49,42.98550921667981,1,MB,0.00010342595962473003,5.720289809704681e-05,0.0001590187384124087,0.9999758826611561,0.003674338820761935,-0.0044250903427147424,0.003892544891287441,a0f779f0ce964b47123ee7eb06ce2736bdfc2a837292f446a4ad17183214420b,c86449dc97e68fcc59af2032707f6b9c17ed131045ddbbfd25e7a1fc5d7c021f,2
A_real_single_mb_orbit,50,42.985515361931206,1,MB,0.00010342589406016417,5.7201147972770996e-05,0.00015901681128340704,0.9999743863173872,0.0037866080872759915,-0.004560298790076163,0.0040114814350129474,a0f779f0ce964b47123ee7eb06ce2736bdfc2a837292f446a4ad17183214420b,c86449dc97e68fcc59af2032707f6b9c17ed131045ddbbfd25e7a1fc5d7c021f,2
A_real_single_mb_orbit,51,42.985521507182604,1,MB,0.00010342582849559829,5.719939784849519e-05,0.0001590148841544054,0.9999728449428044,0.003898877047903255,-0.004695506869051119,0.0041304176546861195,a0f779f0ce964b47123ee7eb06ce2736bdfc2a837292f446a4ad17183214420b,c86449dc97e68fcc59af2032707f6b9c17ed131045ddbbfd25e7a1fc5d7c021f,2
A_real_single_mb_orbit,52,42.985527652434,1,MB,0.00010342576293103242,5.719764772421938e-05,0.00015901295702540374,0.9999712585377849,0.004011145687476964,-0.00483071456137393,0.004249353534239494,a0f779f0ce964b47123ee7eb06ce2736bdfc2a837292f446a4ad17183214420b,c86449dc97e68fcc59af2032707f6b9c17ed131045ddbbfd25e7a1fc5d7c021f,2
A_real_single_mb_orbit,53,42.98553379768539,1,MB,0.00010342569736646662,5.7195897599945594e-05,0.0001590110298964043,0.9999696271027261,0.004123413990700735,-0.004965921848622814,0.0043682890574682914,a0f779f0ce964b47123ee7eb06ce2736bdfc2a837292f446a4ad17183214420b,c86449dc97e68fcc59af2032707f6b9c17ed131045ddbbfd25e7a1fc5d7c021f,2
A_real_single_mb_orbit,54,42.98553994293679,1,MB,0.00010342563180190075,5.719414747566979e-05,0.00015900910276740266,0.9999679506380379,0.004235681942667818,-0.005101128712845226,0.004487224208580499,a0f779f0ce964b47123ee7eb06ce2736bdfc2a837292f446a4ad17183214420b,c86449dc97e68fcc59af2032707f6b9c17ed131045ddbbfd25e7a1fc5d7c021f,2
A_real_single_mb_orbit,55,42.98554608818819,1,MB,0.00010342556623733487,5.719239735139398e-05,0.000159007175638401,0.9999662291441542,0.004347949528082239,-0.005236335135619879,0.00460615897137177,a0f779f0ce964b47123ee7eb06ce2736bdfc2a837292f446a4ad17183214420b,c86449dc97e68fcc59af2032707f6b9c17ed131045ddbbfd25e7a1fc5d7c021f,2
A_real_single_mb_orbit,56,42.985552233439584,1,MB,0.000103425500672769,5.7190647227118166e-05,0.00015900524850939935,0.9999644626215252,0.004460216731778053,-0.005371541098682075,0.004725093329775508,a0f779f0ce964b47123ee7eb06ce2736bdfc2a837292f446a4ad17183214420b,c86449dc97e68fcc59af2032707f6b9c17ed131045ddbbfd25e7a1fc5d7c021f,2
A_real_single_mb_orbit,57,42.98555837869098,1,MB,0.00010342543706786289,5.718889751661698e-05,0.00015900331707628277,0.999962661064571,0.004576636877050971,-0.005506916190745955,0.00483784514280106,a0f779f0ce964b47123ee7eb06ce2736bdfc2a837292f446a4ad17183214420b,c86449dc97e68fcc59af2032707f6b9c17ed131045ddbbfd25e7a1fc5d7c021f,3
A_real_single_mb_orbit,58,42.98556452394238,1,MB,0.00010342541461581247,5.718715649538287e-05,0.00015900129525675175,0.9999610159678054,0.004780277048818127,-0.0056458527956160685,0.004820771948672439,a0f779f0ce964b47123ee7eb06ce2736bdfc2a837292f446a4ad17183214420b,c86449dc97e68fcc59af2032707f6b9c17ed131045ddbbfd25e7a1fc5d7c021f,3
A_real_single_mb_orbit,59,42.98557066919378,1,MB,0.00010342539216376206,5.718541547414877e-05,0.00015899927343722073,0.9999593098024278,0.004983917408584115,-0.0057847893831406115,0.004803698419916969,a0f779f0ce964b47123ee7eb06ce2736bdfc2a837292f446a4ad17183214420b,c86449dc97e68fcc59af2032707f6b9c17ed131045ddbbfd25e7a1fc5d7c021f,3
A_real_single_mb_orbit,60,42.985576814445174,1,MB,0.00010342536971171164,5.718367445291466e-05,0.0001589972516176897,0.9999575425683297,0.005187557919041264,-0.005923725927864882,0.004786624559660387,a0f779f0ce964b47123ee7eb06ce2736bdfc2a837292f446a4ad17183214420b,c86449dc97e68fcc59af2032707f6b9c17ed131045ddbbfd25e7a1fc5d7c021f,3
A_real_single_mb_orbit,61,42.98558295969657,1,MB,0.00010342534725966122,5.7181933431680556e-05,0.00015899522979815868,0.9999557142654372,0.00539119854288157,-0.006062662404334031,0.004769550371028637,a0f779f0ce964b47123ee7eb06ce2736bdfc2a837292f446a4ad17183214420b,c86449dc97e68fcc59af2032707f6b9c17ed131045ddbbfd25e7a1fc5d7c021f,3
A_real_single_mb_orbit,62,42.98558910494796,1,MB,0.00010342532480761083,5.7180192410448466e-05,0.00015899320797863,0.9999538248937113,0.00559483924256127,-0.006201598786932438,0.0047524758571676,a0f779f0ce964b47123ee7eb06ce2736bdfc2a837292f446a4ad17183214420b,c86449dc97e68fcc59af2032707f6b9c17ed131045ddbbfd25e7a1fc5d7c021f,3
A_real_single_mb_orbit,63,42.98559525019936,1,MB,0.00010342530235556041,5.717845138921436e-05,0.00015899118615909897,0.9999518744531404,0.005798479981242709,-0.006340535050526317,0.0047354010211641305,a0f779f0ce964b47123ee7eb06ce2736bdfc2a837292f446a4ad17183214420b,c86449dc97e68fcc59af2032707f6b9c17ed131045ddbbfd25e7a1fc5d7c021f,3
A_real_single_mb_orbit,64,42.98560139545076,1,MB,0.00010342527990350999,5.7176710367980255e-05,0.00015898916433956795,0.999949862943753,0.006002120721381632,-0.006479471169499871,0.0047183258661645045,a0f779f0ce964b47123ee7eb06ce2736bdfc2a837292f446a4ad17183214420b,c86449dc97e68fcc59af2032707f6b9c17ed131045ddbbfd25e7a1fc5d7c021f,3
A_real_single_mb_orbit,65,42.985607540702155,1,MB,0.00010342525745145957,5.7174969346746146e-05,0.00015898714252003692,0.9999477903656088,0.006205761425669044,-0.006618407118397898,0.004701250395295449,a0f779f0ce964b47123ee7eb06ce2736bdfc2a837292f446a4ad17183214420b,c86449dc97e68fcc59af2032707f6b9c17ed131045ddbbfd25e7a1fc5d7c021f,3
A_real_single_mb_orbit,66,42.98561368595355,1,MB,0.00010342523499940914,5.7173228325512044e-05,0.0001589851207005059,0.9999456567188014,0.006409402056795789,-0.006757342871765162,0.004684174611683877,a0f779f0ce964b47123ee7eb06ce2736bdfc2a837292f446a4ad17183214420b,c86449dc97e68fcc59af2032707f6b9c17ed131045ddbbfd25e7a1fc5d7c021f,3
A_real_single_mb_orbit,67,42.98561983120495,1,MB,0.00010342521254735872,5.717148730427794e-05,0.00015898309888097488,0.9999434620034576,0.006613042577452581,-0.006896278404146417,0.004667098518456888,a0f779f0ce964b47123ee7eb06ce2736bdfc2a837292f446a4ad17183214420b,c86449dc97e68fcc59af2032707f6b9c17ed131045ddbbfd25e7a1fc5d7c021f,3
A_real_single_mb_orbit,68,42.98562597645635,1,MB,0.0001034251900953083,5.7169746283043833e-05,0.00015898107706144386,0.999941206219738,0.00681668295033004,-0.007035213690086436,0.004650022118741766,a0f779f0ce964b47123ee7eb06ce2736bdfc2a837292f446a4ad17183214420b,c86449dc97e68fcc59af2032707f6b9c17ed131045ddbbfd25e7a1fc5d7c021f,3
A_real_single_mb_orbit,69,42.985632121707745,1,MB,0.00010342516764325788,5.716800526180973e-05,0.00015897905524191283,0.9999388893678367,0.007020323138118725,-0.007174148704130032,0.0046329454156659716,a0f779f0ce964b47123ee7eb06ce2736bdfc2a837292f446a4ad17183214420b,c86449dc97e68fcc59af2032707f6b9c17ed131045ddbbfd25e7a1fc5d7c021f,3
A_real_single_mb_orbit,70,42.985638266959135,1,MB,0.00010342514519120749,5.7166264240577635e-05,0.00015897703342238414,0.9999365114479842,0.00722396310327372,-0.007313083420661439,0.004615868412376896,a0f779f0ce964b47123ee7eb06ce2736bdfc2a837292f446a4ad17183214420b,c86449dc97e68fcc59af2032707f6b9c17ed131045ddbbfd25e7a1fc5d7c021f,3
A_real_single_mb_orbit,71,42.98564441221053,1,MB,0.00010342512273915707,5.716452321934353e-05,0.00015897501160285312,0.9999340724604361,0.0074276028089564836,-0.0074520178145468996,0.004598791111962859,a0f779f0ce964b47123ee7eb06ce2736bdfc2a837292f446a4ad17183214420b,c86449dc97e68fcc59af2032707f6b9c17ed131045ddbbfd25e7a1fc5d7c021f,3
A_real_single_mb_orbit,72,42.98565055746193,1,MB,0.00010342510028710666,5.716278219810943e-05,0.0001589729897833221,0.9999315724054898,0.007631242217622144,-0.007590951860170844,0.004581713517571595,a0f779f0ce964b47123ee7eb06ce2736bdfc2a837292f446a4ad17183214420b,c86449dc97e68fcc59af2032707f6b9c17ed131045ddbbfd25e7a1fc5d7c021f,3
A_real_single_mb_orbit,73,42.98565670271333,1,MB,0.00010342507783505624,5.716104117687532e-05,0.00015897096796379108,0.999929011283474,0.007834881291961368,-0.007729885532078476,0.004564635632331261,a0f779f0ce964b47123ee7eb06ce2736bdfc2a837292f446a4ad17183214420b,c86449dc97e68fcc59af2032707f6b9c17ed131045ddbbfd25e7a1fc5d7c021f,3
A_real_single_mb_orbit,74,42.985662847964726,1,MB,0.00010342505538300582,5.715930015564122e-05,0.00015896894614426005,0.9999263890947504,0.008038519994664935,-0.007868818804815152,0.004547557459370177,a0f779f0ce964b47123ee7eb06ce2736bdfc2a837292f446a4ad17183214420b,c86449dc97e68fcc59af2032707f6b9c17ed131045ddbbfd25e7a1fc5d7c021f,3
A_real_single_mb_orbit,75,42.98566899321612,1,MB,0.0001034250329309554,5.715755913440711e-05,0.00015896692432472903,0.9999237058397143,0.008242158288423762,-0.008007751652926411,0.0045304790018168275,a0f779f0ce964b47123ee7eb06ce2736bdfc2a837292f446a4ad17183214420b,c86449dc97e68fcc59af2032707f6b9c17ed131045ddbbfd25e7a1fc5d7c021f,3
A_real_single_mb_orbit,76,42.98567513846752,1,MB,0.00010342501047890498,5.715581811317301e-05,0.000158964902505198,0.9999209615187953,0.008445796135928952,-0.008146684050958,0.004513400262799858,a0f779f0ce964b47123ee7eb06ce2736bdfc2a837292f446a4ad17183214420b,c86449dc97e68fcc59af2032707f6b9c17ed131045ddbbfd25e7a1fc5d7c021f,3
A_real_single_mb_orbit,77,42.98568128371892,1,MB,0.00010342498802685456,5.71540770919389e-05,0.00015896288068566698,0.9999181561324554,0.008649433499871824,-0.00828561597345588,0.004496321245448071,a0f779f0ce964b47123ee7eb06ce2736bdfc2a837292f446a4ad17183214420b,c86449dc97e68fcc59af2032707f6b9c17ed131045ddbbfd25e7a1fc5d7c021f,3
A_real_single_mb_orbit,78,42.98568742897031,1,MB,0.00010342496557480417,5.715233607070681e-05,0.0001589608588661383,0.9999152896811944,0.008853070342708486,-0.008424547394805627,0.00447924195291017,a0f779f0ce964b47123ee7eb06ce2736bdfc2a837292f446a4ad17183214420b,c86449dc97e68fcc59af2032707f6b9c17ed131045ddbbfd25e7a1fc5d7c021f,3
A_real_single_mb_orbit,79,42.985693574221706,1,MB,0.00010342494312275375,5.715059504947271e-05,0.00015895883704660727,0.9999123621655355,0.009056706627601692,-0.008563478289875012,0.00446216238827577,a0f779f0ce964b47123ee7eb06ce2736bdfc2a837292f446a4ad17183214420b,c86449dc97e68fcc59af2032707f6b9c17ed131045ddbbfd25e7a1fc5d7c021f,3
A_real_single_mb_orbit,80,42.985699719473104,1,MB,0.00010342492067070334,5.71488540282386e-05,0.00015895681522707625,0.9999093735860451,0.00926034231700815,-0.008702408633050178,0.004445082554693873,a0f779f0ce964b47123ee7eb06ce2736bdfc2a837292f446a4ad17183214420b,c86449dc97e68fcc59af2032707f6b9c17ed131045ddbbfd25e7a1fc5d7c021f,3
A_real_single_mb_orbit,81,42.9857058647245,1,MB,0.00010342489821865292,5.71471130070045e-05,0.00015895479340754523,0.9999063239433202,0.009463977373620374,-0.008841338398878231,0.004428002455293883,a0f779f0ce964b47123ee7eb06ce2736bdfc2a837292f446a4ad17183214420b,c86449dc97e68fcc59af2032707f6b9c17ed131045ddbbfd25e7a1fc5d7c021f,3
A_real_single_mb_orbit,82,42.9857120099759,1,MB,0.0001034248757666025,5.714537198577039e-05,0.0001589527715880142,0.9999032132379911,0.00966761176013126,-0.008980267561906619,0.004410922093205347,a0f779f0ce964b47123ee7eb06ce2736bdfc2a837292f446a4ad17183214420b,c86449dc97e68fcc59af2032707f6b9c17ed131045ddbbfd25e7a1fc5d7c021f,3
A_real_single_mb_orbit,83,42.985718155227296,1,MB,0.00010342485331455208,5.714363096453629e-05,0.00015895074976848315,0.9999000414707219,0.009871245439234127,-0.009119196096683149,0.0043938414715579506,a0f779f0ce964b47123ee7eb06ce2736bdfc2a837292f446a4ad17183214420b,c86449dc97e68fcc59af2032707f6b9c17ed131045ddbbfd25e7a1fc5d7c021f,3
A_real_single_mb_orbit,84,42.985724300478694,1,MB,0.00010342483086250166,5.7141889943302185e-05,0.00015894872794895213,0.9998968086422102,0.010074878373622746,-0.00925812397775603,0.004376760593481517,a0f779f0ce964b47123ee7eb06ce2736bdfc2a837292f446a4ad17183214420b,c86449dc97e68fcc59af2032707f6b9c17ed131045ddbbfd25e7a1fc5d7c021f,3
A_real_single_mb_orbit,85,42.98573044573009,1,MB,0.00010342480841045124,5.7140148922068076e-05,0.0001589467061294211,0.9998935147531868,0.01027851052599137,-0.009397051179673873,0.004359679462106003,a0f779f0ce964b47123ee7eb06ce2736bdfc2a837292f446a4ad17183214420b,c86449dc97e68fcc59af2032707f6b9c17ed131045ddbbfd25e7a1fc5d7c021f,3
A_real_single_mb_orbit,86,42.98573659098148,1,MB,0.00010342478595840085,5.7138407900835986e-05,0.00015894468430989244,0.9998901598044205,0.010482141858799334,-0.009535977676825092,0.004342598080581248,a0f779f0ce964b47123ee7eb06ce2736bdfc2a837292f446a4ad17183214420b,c86449dc97e68fcc59af2032707f6b9c17ed131045ddbbfd25e7a1fc5d7c021f,3
A_real_single_mb_orbit,87,42.98574273623288,1,MB,0.00010342476350635043,5.713666687960188e-05,0.00015894266249036142,0.9998867437967017,0.010685772335212866,-0.009674903444080465,0.004325516451997972,a0f779f0ce964b47123ee7eb06ce2736bdfc2a837292f446a4ad17183214420b,c86449dc97e68fcc59af2032707f6b9c17ed131045ddbbfd25e7a1fc5d7c021f,3
A_real_single_mb_orbit,88,42.98574888148428,1,MB,0.00010342474105430001,5.7134925858367775e-05,0.00015894064067083037,0.9998832667308662,0.010889401917692441,-0.00981382845582935,0.004308434579506266,a0f779f0ce964b47123ee7eb06ce2736bdfc2a837292f446a4ad17183214420b,c86449dc97e68fcc59af2032707f6b9c17ed131045ddbbfd25e7a1fc5d7c021f,3
A_real_single_mb_orbit,89,42.985755026735674,1,MB,0.0001034247186022496,5.7133184837133666e-05,0.00015893861885129935,0.9998797286077792,0.011093030568934611,-0.009952752686622246,0.0042913524662366,a0f779f0ce964b47123ee7eb06ce2736bdfc2a837292f446a4ad17183214420b,c86449dc97e68fcc59af2032707f6b9c17ed131045ddbbfd25e7a1fc5d7c021f,3
A_real_single_mb_orbit,90,42.98576117198707,1,MB,0.00010342469615019918,5.7131443815899564e-05,0.00015893659703176833,0.9998761294283395,0.01129665825163658,-0.01009167611101018,0.004274270115319557,a0f779f0ce964b47123ee7eb06ce2736bdfc2a837292f446a4ad17183214420b,c86449dc97e68fcc59af2032707f6b9c17ed131045ddbbfd25e7a1fc5d7c021f,3
A_real_single_mb_orbit,91,42.98576731723847,1,MB,0.00010342467369814876,5.712970279466546e-05,0.0001589345752122373,0.9998724691934796,0.011500284928496246,-0.010230598703544725,0.004257187529885843,a0f779f0ce964b47123ee7eb06ce2736bdfc2a837292f446a4ad17183214420b,c86449dc97e68fcc59af2032707f6b9c17ed131045ddbbfd25e7a1fc5d7c021f,3
A_real_single_mb_orbit,92,42.98577346248987,1,MB,0.00010342465124609834,5.7127961773431353e-05,0.00015893255339270628,0.9998687479041656,0.011703910562212235,-0.010369520438778038,0.004240104713066275,a0f779f0ce964b47123ee7eb06ce2736bdfc2a837292f446a4ad17183214420b,c86449dc97e68fcc59af2032707f6b9c17ed131045ddbbfd25e7a1fc5d7c021f,3
A_real_single_mb_orbit,93,42.985779607741264,1,MB,0.00010342462879404792,5.712622075219725e-05,0.00015893053157317526,0.9998649655613968,0.01190753511548393,-0.010508441291262874,0.004223021667991783,a0f779f0ce964b47123ee7eb06ce2736bdfc2a837292f446a4ad17183214420b,c86449dc97e68fcc59af2032707f6b9c17ed131045ddbbfd25e7a1fc5d7c021f,3
A_real_single_mb_orbit,94,42.985785752992655,1,MB,0.00010342460634199753,5.7124479730965155e-05,0.00015892850975364657,0.999861122166211,0.012111158550776076,-0.010647361235391983,0.0042059383978131585,a0f779f0ce964b47123ee7eb06ce2736bdfc2a837292f446a4ad17183214420b,c86449dc97e68fcc59af2032707f6b9c17ed131045ddbbfd25e7a1fc5d7c021f,3
A_real_single_mb_orbit,95,42.98579189824405,1,MB,0.00010342458388994711,5.712273870973105e-05,0.00015892648793411555,0.999857217719666,0.012314780831260561,-0.010786280246040638,0.004188854905622041,a0f779f0ce964b47123ee7eb06ce2736bdfc2a837292f446a4ad17183214420b,c86449dc97e68fcc59af2032707f6b9c17ed131045ddbbfd25e7a1fc5d7c021f,3
A_real_single_mb_orbit,96,42.98579804349545,1,MB,0.0001034245614378967,5.712099768849695e-05,0.00015892446611458452,0.9998532522228661,0.012518401919403815,-0.010925198297602901,0.004171771194569428,a0f779f0ce964b47123ee7eb06ce2736bdfc2a837292f446a4ad17183214420b,c86449dc97e68fcc59af2032707f6b9c17ed131045ddbbfd25e7a1fc5d7c021f,3
A_real_single_mb_orbit,97,42.98580418874685,1,MB,0.00010342453898584626,5.711925666726284e-05,0.0001589224442950535,0.9998492256769453,0.01272202177790861,-0.011064115364634154,0.004154687267786667,a0f779f0ce964b47123ee7eb06ce2736bdfc2a837292f446a4ad17183214420b,c86449dc97e68fcc59af2032707f6b9c17ed131045ddbbfd25e7a1fc5d7c021f,3
A_real_single_mb_orbit,98,42.985810333998245,1,MB,0.0001034245322013229,5.711751916985569e-05,0.00015892038694470154,0.9998451380817182,0.012925640436369557,-0.011203031467325899,0.004137603122792825,a0f779f0ce964b47123ee7eb06ce2736bdfc2a837292f446a4ad17183214420b,c86449dc97e68fcc59af2032707f6b9c17ed131045ddbbfd25e7a1fc5d7c021f,4
A_real_single_mb_orbit,99,42.98581647924964,1,MB,0.000103424552834972,5.711578783914573e-05,0.0001589182674154127,0.9998409894231373,0.013129258597468243,-0.011341947085073382,0.004120518700631364,a0f779f0ce964b47123ee7eb06ce2736bdfc2a837292f446a4ad17183214420b,c86449dc97e68fcc59af2032707f6b9c17ed131045ddbbfd25e7a1fc5d7c021f,4
A_real_single_mb_orbit,100,42.98582262450104,1,MB,0.0001034245734686211,5.711405650843577e-05,0.00015891614788612386,0.9998367796974452,0.01333287642875186,-0.01148086233218249,0.004103433987242572,a0f779f0ce964b47123ee7eb06ce2736bdfc2a837292f446a4ad17183214420b,c86449dc97e68fcc59af2032707f6b9c17ed131045ddbbfd25e7a1fc5d7c021f,4
A_real_single_mb_orbit,101,42.98582876975244,1,MB,0.0001034245941022702,5.711232517772581e-05,0.00015891402835683502,0.9998325089049999,0.013536493892913351,-0.011619777183200043,0.004086348985754568,a0f779f0ce964b47123ee7eb06ce2736bdfc2a837292f446a4ad17183214420b,c86449dc97e68fcc59af2032707f6b9c17ed131045ddbbfd25e7a1fc5d7c021f,4
A_real_single_mb_orbit,102,42.98583491500383,1,MB,0.00010342461473591928,5.711059384701785e-05,0.00015891190882754862,0.9998281770461978,0.013740110952410163,-0.011758691612512296,0.004069263699315407,a0f779f0ce964b47123ee7eb06ce2736bdfc2a837292f446a4ad17183214420b,c86449dc97e68fcc59af2032707f6b9c17ed131045ddbbfd25e7a1fc5d7c021f,4
A_real_single_mb_orbit,103,42.985841060255225,1,MB,0.00010342463536956838,5.710886251630789e-05,0.00015890978929825977,0.9998237841214536,0.013943727570406036,-0.011897605594987426,0.004052178131014055,a0f779f0ce964b47123ee7eb06ce2736bdfc2a837292f446a4ad17183214420b,c86449dc97e68fcc59af2032707f6b9c17ed131045ddbbfd25e7a1fc5d7c021f,4
A_real_single_mb_orbit,104,42.98584720550662,1,MB,0.00010342465600321748,5.710713118559793e-05,0.00015890766976897093,0.999819330131231,0.014147343709358438,-0.01203651910501185,0.004035092283998912,a0f779f0ce964b47123ee7eb06ce2736bdfc2a837292f446a4ad17183214420b,c86449dc97e68fcc59af2032707f6b9c17ed131045ddbbfd25e7a1fc5d7c021f,4
A_real_single_mb_orbit,105,42.98585335075802,1,MB,0.00010342467663686658,5.7105399854887966e-05,0.0001589055502396821,0.9998148150760221,0.01435095933196033,-0.012175432117132725,0.004018006161398797,a0f779f0ce964b47123ee7eb06ce2736bdfc2a837292f446a4ad17183214420b,c86449dc97e68fcc59af2032707f6b9c17ed131045ddbbfd25e7a1fc5d7c021f,4
A_real_single_mb_orbit,106,42.98585949600942,1,MB,0.00010342469727051566,5.7103668524178004e-05,0.00015890343071039325,0.9998102389563527,0.014554574400904765,-0.012314344605897361,0.0040009197663427,a0f779f0ce964b47123ee7eb06ce2736bdfc2a837292f446a4ad17183214420b,c86449dc97e68fcc59af2032707f6b9c17ed131045ddbbfd25e7a1fc5d7c021f,4
A_real_single_mb_orbit,107,42.985865641260816,1,MB,0.00010342471790416476,5.710193719346804e-05,0.0001589013111811044,0.9998056017727817,0.014758188878884915,-0.01245325654585322,0.003983833101959768,a0f779f0ce964b47123ee7eb06ce2736bdfc2a837292f446a4ad17183214420b,c86449dc97e68fcc59af2032707f6b9c17ed131045ddbbfd25e7a1fc5d7c021f,4
A_real_single_mb_orbit,108,42.98587178651221,1,MB,0.00010342473853781386,5.7100205862758086e-05,0.00015889919165181556,0.9998009035259019,0.014961802728594124,-0.012592167911547962,0.003966746171379313,a0f779f0ce964b47123ee7eb06ce2736bdfc2a837292f446a4ad17183214420b,c86449dc97e68fcc59af2032707f6b9c17ed131045ddbbfd25e7a1fc5d7c021f,4
A_real_single_mb_orbit,109,42.98587793176361,1,MB,0.00010342475917146296,5.7098474532048124e-05,0.00015889707212252672,0.9997961442163398,0.015165415912725928,-0.012731078677529453,0.003949658977730808,a0f779f0ce964b47123ee7eb06ce2736bdfc2a837292f446a4ad17183214420b,c86449dc97e68fcc59af2032707f6b9c17ed131045ddbbfd25e7a1fc5d7c021f,4
A_real_single_mb_orbit,110,42.985884077015,1,MB,0.00010342477980511204,5.709674320134016e-05,0.00015889495259324035,0.9997913238447609,0.015369028393738663,-0.012869988818185194,0.003932571524163637,a0f779f0ce964b47123ee7eb06ce2736bdfc2a837292f446a4ad17183214420b,c86449dc97e68fcc59af2032707f6b9c17ed131045ddbbfd25e7a1fc5d7c021f,4
A_real_single_mb_orbit,111,42.9858902222664,1,MB,0.00010342480043876113,5.7095011870630206e-05,0.0001588928330639515,0.9997864424118474,0.015572640134797207,-0.013008898308384777,0.003915483813768066,a0f779f0ce964b47123ee7eb06ce2736bdfc2a837292f446a4ad17183214420b,c86449dc97e68fcc59af2032707f6b9c17ed131045ddbbfd25e7a1fc5d7c021f,4
A_real_single_mb_orbit,112,42.985896367517796,1,MB,0.00010342482107241023,5.7093280539920244e-05,0.00015889071353466266,0.999781499918332,0.01577625109836046,-0.013147807122516243,0.0038983958496937817,a0f779f0ce964b47123ee7eb06ce2736bdfc2a837292f446a4ad17183214420b,c86449dc97e68fcc59af2032707f6b9c17ed131045ddbbfd25e7a1fc5d7c021f,4
A_real_single_mb_orbit,113,42.985902512769194,1,MB,0.00010342484170605933,5.709154920921028e-05,0.00015888859400537382,0.9997764963649751,0.01597986124712308,-0.013286715235128543,0.003881307635070864,a0f779f0ce964b47123ee7eb06ce2736bdfc2a837292f446a4ad17183214420b,c86449dc97e68fcc59af2032707f6b9c17ed131045ddbbfd25e7a1fc5d7c021f,4
A_real_single_mb_orbit,114,42.98590865802059,1,MB,0.00010342486233970842,5.708981787850032e-05,0.00015888647447608498,0.9997714317525712,0.016183470543780096,-0.013425622620770973,0.003864219173029535,a0f779f0ce964b47123ee7eb06ce2736bdfc2a837292f446a4ad17183214420b,c86449dc97e68fcc59af2032707f6b9c17ed131045ddbbfd25e7a1fc5d7c021f,3
A_real_single_mb_orbit,115,42.98591480327199,1,MB,0.00010342488297335752,5.708808654779036e-05,0.00015888435494679614,0.9997663060819476,0.016387078951026923,-0.013564529253993166,0.003847130466700159,a0f779f0ce964b47123ee7eb06ce2736bdfc2a837292f446a4ad17183214420b,c86449dc97e68fcc59af2032707f6b9c17ed131045ddbbfd25e7a1fc5d7c021f,3
A_real_single_mb_orbit,116,42.985920948523386,1,MB,0.00010342490360700662,5.7086355217080395e-05,0.0001588822354175073,0.9997611193539658,0.016590686431559424,-0.01370343510934514,0.0038300415192132386,a0f779f0ce964b47123ee7eb06ce2736bdfc2a837292f446a4ad17183214420b,c86449dc97e68fcc59af2032707f6b9c17ed131045ddbbfd25e7a1fc5d7c021f,3
A_real_single_mb_orbit,117,42.985927093774784,1,MB,0.00010342492424065572,5.708462388637044e-05,0.00015888011588821845,0.9997558715695207,0.01679429294807392,-0.013842340161377314,0.0038129523336994145,a0f779f0ce964b47123ee7eb06ce2736bdfc2a837292f446a4ad17183214420b,c86449dc97e68fcc59af2032707f6b9c17ed131045ddbbfd25e7a1fc5d7c021f,3
A_real_single_mb_orbit,118,42.985933239026174,1,MB,0.00010342494487430479,5.708289255566248e-05,0.00015887799635893205,0.9997505627295467,0.016997898463031836,-0.01398124438447992,0.0037958629133092174,a0f779f0ce964b47123ee7eb06ce2736bdfc2a837292f446a4ad17183214420b,c86449dc97e68fcc59af2032707f6b9c17ed131045ddbbfd25e7a1fc5d7c021f,3
A_real_single_mb_orbit,119,42.98593938427757,1,MB,0.00010342496550795389,5.7081161224952515e-05,0.0001588758768296432,0.9997451928349935,0.017201502939601366,-0.014120147753525462,0.003778773261134032,a0f779f0ce964b47123ee7eb06ce2736bdfc2a837292f446a4ad17183214420b,c86449dc97e68fcc59af2032707f6b9c17ed131045ddbbfd25e7a1fc5d7c021f,3
A_real_single_mb_orbit,120,42.98594552952897,1,MB,0.00010342498614160299,5.707942989424256e-05,0.00015887375730035437,0.9997397618868629,0.01740510634024503,-0.014259050242905084,0.0037616833803246464,a0f779f0ce964b47123ee7eb06ce2736bdfc2a837292f446a4ad17183214420b,c86449dc97e68fcc59af2032707f6b9c17ed131045ddbbfd25e7a1fc5d7c021f,3
A_real_single_mb_orbit,121,42.98595167478037,1,MB,0.00010342500677525209,5.70776985635326e-05,0.00015887163777106552,0.9997342698861836,0.01760870862766137,-0.014397951827171036,0.0037445932740122153,a0f779f0ce964b47123ee7eb06ce2736bdfc2a837292f446a4ad17183214420b,c86449dc97e68fcc59af2032707f6b9c17ed131045ddbbfd25e7a1fc5d7c021f,3
A_real_single_mb_orbit,122,42.985957820031764,1,MB,0.00010342502740890118,5.7075967232822635e-05,0.00015886951824177668,0.9997287168340188,0.017812309764549575,-0.014536852480876083,0.0037275029453280152,a0f779f0ce964b47123ee7eb06ce2736bdfc2a837292f446a4ad17183214420b,c86449dc97e68fcc59af2032707f6b9c17ed131045ddbbfd25e7a1fc5d7c021f,3
A_real_single_mb_orbit,123,42.98596396528316,1,MB,0.00010342504804255028,5.707423590211267e-05,0.00015886739871248784,0.999723102731464,0.018015909713609495,-0.014675752178573533,0.0037104123974034406,a0f779f0ce964b47123ee7eb06ce2736bdfc2a837292f446a4ad17183214420b,c86449dc97e68fcc59af2032707f6b9c17ed131045ddbbfd25e7a1fc5d7c021f,3
A_real_single_mb_orbit,124,42.98597011053456,1,MB,0.00010342506867619938,5.707250457140271e-05,0.000158865279183199,0.9997174275796494,0.018219508437541696,-0.014814650894817248,0.003693321633370001,a0f779f0ce964b47123ee7eb06ce2736bdfc2a837292f446a4ad17183214420b,c86449dc97e68fcc59af2032707f6b9c17ed131045ddbbfd25e7a1fc5d7c021f,3
A_real_single_mb_orbit,125,42.98597625578596,1,MB,0.00010342508930984848,5.707077324069275e-05,0.00015886315965391016,0.999711691379738,0.018423105899047488,-0.01495354860416169,0.003676230656359322,a0f779f0ce964b47123ee7eb06ce2736bdfc2a837292f446a4ad17183214420b,c86449dc97e68fcc59af2032707f6b9c17ed131045ddbbfd25e7a1fc5d7c021f,3
A_real_single_mb_orbit,126,42.985982401037354,1,MB,0.00010342510994349758,5.7069041909982793e-05,0.0001588610401246213,0.999705894132927,0.018626702060828948,-0.015092445281161913,0.0036591394695031356,a0f779f0ce964b47123ee7eb06ce2736bdfc2a837292f446a4ad17183214420b,c86449dc97e68fcc59af2032707f6b9c17ed131045ddbbfd25e7a1fc5d7c021f,3
A_real_single_mb_orbit,127,42.985988546288745,1,MB,0.00010342513057714665,5.706731057927483e-05,0.00015885892059533494,0.9997000358404533,0.018830296885353568,-0.01523134090021303,0.003642048075953048,a0f779f0ce964b47123ee7eb06ce2736bdfc2a837292f446a4ad17183214420b,c86449dc97e68fcc59af2032707f6b9c17ed131045ddbbfd25e7a1fc5d7c021f,3
A_real_single_mb_orbit,128,42.98599469154014,1,MB,0.00010342515121079575,5.706557924856487e-05,0.0001588568010660461,0.9996941165035671,0.0190338903357959,-0.015370235436192578,0.0036249564788014767,a0f779f0ce964b47123ee7eb06ce2736bdfc2a837292f446a4ad17183214420b,c86449dc97e68fcc59af2032707f6b9c17ed131045ddbbfd25e7a1fc5d7c021f,3
A_real_single_mb_orbit,129,42.98600083679154,1,MB,0.00010342517184444485,5.7063847917854906e-05,0.00015885468153675725,0.999688136123573,0.019237482374625144,-0.015509128863496991,0.003607864681200233,a0f779f0ce964b47123ee7eb06ce2736bdfc2a837292f446a4ad17183214420b,c86449dc97e68fcc59af2032707f6b9c17ed131045ddbbfd25e7a1fc5d7c021f,3
A_real_single_mb_orbit,130,42.98600698204294,1,MB,0.00010342519247809395,5.706211658714495e-05,0.0001588525620074684,0.999682094701802,0.019441072964546835,-0.015648021156684015,0.003590772686281462,a0f779f0ce964b47123ee7eb06ce2736bdfc2a837292f446a4ad17183214420b,c86449dc97e68fcc59af2032707f6b9c17ed131045ddbbfd25e7a1fc5d7c021f,3
A_real_single_mb_orbit,131,42.986013127294335,1,MB,0.00010342521311174304,5.706038525643499e-05,0.00015885044247817957,0.9996759922396183,0.019644662068267447,-0.015786912290312097,0.0035736804971774065,a0f779f0ce964b47123ee7eb06ce2736bdfc2a837292f446a4ad17183214420b,c86449dc97e68fcc59af2032707f6b9c17ed131045ddbbfd25e7a1fc5d7c021f,3
A_real_single_mb_orbit,132,42.98601927254573,1,MB,0.00010342523374539214,5.7058653925725027e-05,0.00015884832294889073,0.9996698287384205,0.01984824964849444,-0.015925802238940457,0.0035565881170203984,a0f779f0ce964b47123ee7eb06ce2736bdfc2a837292f446a4ad17183214420b,c86449dc97e68fcc59af2032707f6b9c17ed131045ddbbfd25e7a1fc5d7c021f,3
A_real_single_mb_orbit,133,42.98602541779713,1,MB,0.00010342525437904123,5.7056922595015064e-05,0.00015884620341960189,0.99966360419964,0.02005183566793628,-0.016064690977129075,0.003539495548942864,a0f779f0ce964b47123ee7eb06ce2736bdfc2a837292f446a4ad17183214420b,c86449dc97e68fcc59af2032707f6b9c17ed131045ddbbfd25e7a1fc5d7c021f,3
A_real_single_mb_orbit,134,42.98603156304853,1,MB,0.00010342527501269033,5.70551912643051e-05,0.00015884408389031304,0.9996573186247419,0.020255420089302503,-0.016203578479438735,0.003522402796077315,a0f779f0ce964b47123ee7eb06ce2736bdfc2a837292f446a4ad17183214420b,c86449dc97e68fcc59af2032707f6b9c17ed131045ddbbfd25e7a1fc5d7c021f,3
A_real_single_mb_orbit,135,42.98603770829992,1,MB,0.00010342529564633941,5.7053459933597146e-05,0.00015884196436102664,0.9996509720152323,0.020459002875068303,-0.016342464720270438,0.00350530986157611,a0f779f0ce964b47123ee7eb06ce2736bdfc2a837292f446a4ad17183214420b,c86449dc97e68fcc59af2032707f6b9c17ed131045ddbbfd25e7a1fc5d7c021f,3
A_real_single_mb_orbit,136,42.986043853551315,1,MB,0.00010342531627998851,5.7051728602887184e-05,0.0001588398448317378,0.999644564372629,0.020662583988416198,-0.01648134967450781,0.0034882167485324007,a0f779f0ce964b47123ee7eb06ce2736bdfc2a837292f446a4ad17183214420b,c86449dc97e68fcc59af2032707f6b9c17ed131045ddbbfd25e7a1fc5d7c021f,3
A_real_single_mb_orbit,137,42.98604999880271,1,MB,0.0001034253369136376,5.704999727217722e-05,0.00015883772530244896,0.9996380956985051,0.02086616339182367,-0.01662023331655357,0.003471123460098705,a0f779f0ce964b47123ee7eb06ce2736bdfc2a837292f446a4ad17183214420b,c86449dc97e68fcc59af2032707f6b9c17ed131045ddbbfd25e7a1fc5d7c021f,3
A_real_single_mb_orbit,138,42.98605614405411,1,MB,0.0001034253575472867,5.704826594146726e-05,0.00015883560577316012,0.9996315659944599,0.021069741048004784,-0.016759115620971907,0.003454029999407856,a0f779f0ce964b47123ee7eb06ce2736bdfc2a837292f446a4ad17183214420b,c86449dc97e68fcc59af2032707f6b9c17ed131045ddbbfd25e7a1fc5d7c021f,3
A_real_single_mb_orbit,139,42.98606228930551,1,MB,0.00010342542275402683,5.704653341597966e-05,0.000158833408563011,0.9996274432277762,0.021166783674361818,-0.016874181600094407,0.003493423837540962,a0f779f0ce964b47123ee7eb06ce2736bdfc2a837292f446a4ad17183214420b,c86449dc97e68fcc59af2032707f6b9c17ed131045ddbbfd25e7a1fc5d7c021f,4
A_real_single_mb_orbit,140,42.986068434556906,1,MB,0.00010342550876154276,5.704480033292917e-05,0.00015883117510179373,0.9996244478595208,0.021214110217418352,-0.01697813352420607,0.0035591784537678433,a0f779f0ce964b47123ee7eb06ce2736bdfc2a837292f446a4ad17183214420b,c86449dc97e68fcc59af2032707f6b9c17ed131045ddbbfd25e7a1fc5d7c021f,4
A_real_single_mb_orbit,141,42.9860745798083,1,MB,0.0001034255947690587,5.7043067249878676e-05,0.00015882894164057648,0.9996214351173862,0.02126143642249925,-0.017082085220680488,0.003624933050785945,a0f779f0ce964b47123ee7eb06ce2736bdfc2a837292f446a4ad17183214420b,c86449dc97e68fcc59af2032707f6b9c17ed131045ddbbfd25e7a1fc5d7c021f,4
A_real_single_mb_orbit,142,42.9860807250597,1,MB,0.00010342568077657463,5.7041334166828186e-05,0.00015882670817935924,0.9996184050014969,0.021308762287136473,-0.017186036684097607,0.0036906876251670486,a0f779f0ce964b47123ee7eb06ce2736bdfc2a837292f446a4ad17183214420b,c86449dc97e68fcc59af2032707f6b9c17ed131045ddbbfd25e7a1fc5d7c021f,4
A_real_single_mb_orbit,143,42.98608687031109,1,MB,0.00010342576678409047,5.7039601083779695e-05,0.00015882447471814458,0.9996153575119832,0.02135608780880731,-0.017289987908917188,0.0037564421734068982,a0f779f0ce964b47123ee7eb06ce2736bdfc2a837292f446a4ad17183214420b,c86449dc97e68fcc59af2032707f6b9c17ed131045ddbbfd25e7a1fc5d7c021f,4
A_real_single_mb_orbit,144,42.98609301556249,1,MB,0.00010342585279160641,5.70378680007292e-05,0.0001588222412569273,0.9996122926489676,0.02140341298515325,-0.017393938889959628,0.0038221966922293276,a0f779f0ce964b47123ee7eb06ce2736bdfc2a837292f446a4ad17183214420b,c86449dc97e68fcc59af2032707f6b9c17ed131045ddbbfd25e7a1fc5d7c021f,4
A_real_single_mb_orbit,145,42.986099160813886,1,MB,0.00010342593879912234,5.703613491767871e-05,0.00015882000779571007,0.9996092104125861,0.021450737813651692,-0.017497889621684738,0.0038879511781300803,a0f779f0ce964b47123ee7eb06ce2736bdfc2a837292f446a4ad17183214420b,c86449dc97e68fcc59af2032707f6b9c17ed131045ddbbfd25e7a1fc5d7c021f,4
A_real_single_mb_orbit,146,42.986105306065284,1,MB,0.00010342602480663827,5.703440183462821e-05,0.00015881777433449283,0.9996061108029737,0.021498062291834784,-0.017601840098672574,0.003953705627680929,a0f779f0ce964b47123ee7eb06ce2736bdfc2a837292f446a4ad17183214420b,c86449dc97e68fcc59af2032707f6b9c17ed131045ddbbfd25e7a1fc5d7c021f,4
A_real_single_mb_orbit,147,42.98611145131668,1,MB,0.00010342611081415421,5.703266875157772e-05,0.00015881554087327556,0.999602993820268,0.021545386417234736,-0.017705790315503227,0.004019460037453648,a0f779f0ce964b47123ee7eb06ce2736bdfc2a837292f446a4ad17183214420b,c86449dc97e68fcc59af2032707f6b9c17ed131045ddbbfd25e7a1fc5d7c021f,4
A_real_single_mb_orbit,148,42.98611759656808,1,MB,0.00010342619682167014,5.7030935668527224e-05,0.00015881330741205832,0.9995998594646098,0.02159271018738381,-0.017809740266756812,0.004085214404020011,a0f779f0ce964b47123ee7eb06ce2736bdfc2a837292f446a4ad17183214420b,c86449dc97e68fcc59af2032707f6b9c17ed131045ddbbfd25e7a1fc5d7c021f,4
A_real_single_mb_orbit,149,42.986123741819476,1,MB,0.00010342628282918606,5.7029202585476734e-05,0.00015881107395084108,0.999596707736142,0.02164003359981432,-0.01791368994701348,0.0041509687239517975,a0f779f0ce964b47123ee7eb06ce2736bdfc2a837292f446a4ad17183214420b,c86449dc97e68fcc59af2032707f6b9c17ed131045ddbbfd25e7a1fc5d7c021f,4
A_real_single_mb_orbit,150,42.986129887070874,1,MB,0.00010342636883670201,5.702746950242624e-05,0.0001588088404896238,0.9995935386350105,0.021687356652058627,-0.01801763935085342,0.004216722993820788,a0f779f0ce964b47123ee7eb06ce2736bdfc2a837292f446a4ad17183214420b,c86449dc97e68fcc59af2032707f6b9c17ed131045ddbbfd25e7a1fc5d7c021f,4
A_real_single_mb_orbit,151,42.986136032322264,1,MB,0.00010342645484421784,5.702573641937775e-05,0.00015880660702840914,0.9995903521613679,0.021734679341594447,-0.018121588472736674,0.004282477210122742,a0f779f0ce964b47123ee7eb06ce2736bdfc2a837292f446a4ad17183214420b,c86449dc97e68fcc59af2032707f6b9c17ed131045ddbbfd25e7a1fc5d7c021f,4
A_real_single_mb_orbit,152,42.98614217757366,1,MB,0.00010342654085173377,5.7024003336327256e-05,0.0001588043735671919,0.9995871483153581,0.021782001666063675,-0.018225537307483886,0.004348231369581505,a0f779f0ce964b47123ee7eb06ce2736bdfc2a837292f446a4ad17183214420b,c86449dc97e68fcc59af2032707f6b9c17ed131045ddbbfd25e7a1fc5d7c021f,4
A_real_single_mb_orbit,153,42.98614832282506,1,MB,0.0001034266268592497,5.702227025327676e-05,0.00015880214010597466,0.9995839270971387,0.02182932362294412,-0.018329485849555162,0.0044139854686928446,a0f779f0ce964b47123ee7eb06ce2736bdfc2a837292f446a4ad17183214420b,c86449dc97e68fcc59af2032707f6b9c17ed131045ddbbfd25e7a1fc5d7c021f,4
A_real_single_mb_orbit,154,42.98615446807646,1,MB,0.00010342671286676564,5.702053717022627e-05,0.0001587999066447574,0.9995806885068665,0.021876645209768383,-0.01843343409353087,0.004479739504028569,a0f779f0ce964b47123ee7eb06ce2736bdfc2a837292f446a4ad17183214420b,c86449dc97e68fcc59af2032707f6b9c17ed131045ddbbfd25e7a1fc5d7c021f,4
A_real_single_mb_orbit,155,42.986160613327854,1,MB,0.00010342679887428157,5.701880408717577e-05,0.00015879767318354015,0.9995774325447012,0.021923966424069106,-0.01853738203399139,0.004545493472160491,a0f779f0ce964b47123ee7eb06ce2736bdfc2a837292f446a4ad17183214420b,c86449dc97e68fcc59af2032707f6b9c17ed131045ddbbfd25e7a1fc5d7c021f,3
A_real_single_mb_orbit,156,42.98616675857925,1,MB,0.00010342688488179751,5.701707100412528e-05,0.0001587954397223229,0.9995741592108048,0.02197128726337897,-0.01864132966551716,0.004611247369660425,a0f779f0ce964b47123ee7eb06ce2736bdfc2a837292f446a4ad17183214420b,c86449dc97e68fcc59af2032707f6b9c17ed131045ddbbfd25e7a1fc5d7c021f,3
A_real_single_mb_orbit,157,42.98617290383065,1,MB,0.00010342697088931344,5.7015337921074785e-05,0.00015879320626110564,0.9995708685053424,0.022018607725230746,-0.018745276982688668,0.004677001193100209,a0f779f0ce964b47123ee7eb06ce2736bdfc2a837292f446a4ad17183214420b,c86449dc97e68fcc59af2032707f6b9c17ed131045ddbbfd25e7a1fc5d7c021f,3
A_real_single_mb_orbit,158,42.98617904908205,1,MB,0.00010342705689682937,5.7013604838024294e-05,0.0001587909727998884,0.9995675604284815,0.022065927807157246,-0.018849223980086448,0.004742754939051681,a0f779f0ce964b47123ee7eb06ce2736bdfc2a837292f446a4ad17183214420b,c86449dc97e68fcc59af2032707f6b9c17ed131045ddbbfd25e7a1fc5d7c021f,3
A_real_single_mb_orbit,159,42.98618519433344,1,MB,0.0001034271429043452,5.70118717549758e-05,0.00015878873933867374,0.9995642349803964,0.02211324750663663,-0.01895317065217088,0.004808508604010668,a0f779f0ce964b47123ee7eb06ce2736bdfc2a837292f446a4ad17183214420b,c86449dc97e68fcc59af2032707f6b9c17ed131045ddbbfd25e7a1fc5d7c021f,3
A_real_single_mb_orbit,160,42.986191339584835,1,MB,0.00010342722891186114,5.701013867192531e-05,0.0001587865058774565,0.9995608921612524,0.02216056682131126,-0.01905711699376298,0.0048742621847010885,a0f779f0ce964b47123ee7eb06ce2736bdfc2a837292f446a4ad17183214420b,c86449dc97e68fcc59af2032707f6b9c17ed131045ddbbfd25e7a1fc5d7c021f,3
A_real_single_mb_orbit,161,42.98619748483623,1,MB,0.00010342731491937707,5.7008405588874816e-05,0.00015878427241623923,0.9995575319712294,0.022207885748659416,-0.019161062999323242,0.004940015677618795,a0f779f0ce964b47123ee7eb06ce2736bdfc2a837292f446a4ad17183214420b,c86449dc97e68fcc59af2032707f6b9c17ed131045ddbbfd25e7a1fc5d7c021f,3
A_real_single_mb_orbit,162,42.98620363008763,1,MB,0.000103427400926893,5.700667250582432e-05,0.000158782038955022,0.9995541544105058,0.02225520428621415,-0.0192650086634324,0.005005769079335681,a0f779f0ce964b47123ee7eb06ce2736bdfc2a837292f446a4ad17183214420b,c86449dc97e68fcc59af2032707f6b9c17ed131045ddbbfd25e7a1fc5d7c021f,3
A_real_single_mb_orbit,163,42.98620977533903,1,MB,0.00010342748693440894,5.700493942277383e-05,0.00015877980549380475,0.9995507594792626,0.02230252243150858,-0.019368953980671243,0.005071522386423653,a0f779f0ce964b47123ee7eb06ce2736bdfc2a837292f446a4ad17183214420b,c86449dc97e68fcc59af2032707f6b9c17ed131045ddbbfd25e7a1fc5d7c021f,3
A_real_single_mb_orbit,164,42.986215920590425,1,MB,0.00010342757294192487,5.700320633972333e-05,0.00015877757203258748,0.999547347177684,0.02234984018207589,-0.01947289894562062,0.005137275595454637,a0f779f0ce964b47123ee7eb06ce2736bdfc2a837292f446a4ad17183214420b,c86449dc97e68fcc59af2032707f6b9c17ed131045ddbbfd25e7a1fc5d7c021f,3
A_real_single_mb_orbit,165,42.98622206584182,1,MB,0.00010342765894944081,5.700147325667284e-05,0.00015877533857137024,0.9995439175059567,0.02239715753544931,-0.019576843552861437,0.005203028703000573,a0f779f0ce964b47123ee7eb06ce2736bdfc2a837292f446a4ad17183214420b,c86449dc97e68fcc59af2032707f6b9c17ed131045ddbbfd25e7a1fc5d7c021f,3
A_real_single_mb_orbit,166,42.98622821109322,1,MB,0.00010342774495695674,5.6999740173622345e-05,0.000158773105110153,0.99954047046427,0.022444474489162154,-0.01968078779697465,0.005268781705633419,a0f779f0ce964b47123ee7eb06ce2736bdfc2a837292f446a4ad17183214420b,c86449dc97e68fcc59af2032707f6b9c17ed131045ddbbfd25e7a1fc5d7c021f,3
A_real_single_mb_orbit,167,42.98623435634461,1,MB,0.00010342783096447258,5.699800709057386e-05,0.00015877087164893833,0.99953700605282,0.022491791040693078,-0.019784731672421105,0.005334534599849125,a0f779f0ce964b47123ee7eb06ce2736bdfc2a837292f446a4ad17183214420b,c86449dc97e68fcc59af2032707f6b9c17ed131045ddbbfd25e7a1fc5d7c021f,3
A_real_single_mb_orbit,168,42.98624050159601,1,MB,0.0001034279169719885,5.6996274007523364e-05,0.00015876863818772106,0.9995335242717935,0.022539107187684947,-0.01988867517402226,0.005400287382371746,a0f779f0ce964b47123ee7eb06ce2736bdfc2a837292f446a4ad17183214420b,c86449dc97e68fcc59af2032707f6b9c17ed131045ddbbfd25e7a1fc5d7c021f,3
A_real_single_mb_orbit,169,42.986246646847405,1,MB,0.00010342800297950445,5.6994540924472874e-05,0.00015876640472650382,0.9995300251213921,0.02258642292761653,-0.019992618296239065,0.005466040049697267,a0f779f0ce964b47123ee7eb06ce2736bdfc2a837292f446a4ad17183214420b,c86449dc97e68fcc59af2032707f6b9c17ed131045ddbbfd25e7a1fc5d7c021f,3
A_real_single_mb_orbit,170,42.9862527920988,1,MB,0.00010342808898702038,5.699280784142238e-05,0.00015876417126528658,0.9995265086018161,0.022633738258021407,-0.02009656103365275,0.005531792598397731,a0f779f0ce964b47123ee7eb06ce2736bdfc2a837292f446a4ad17183214420b,c86449dc97e68fcc59af2032707f6b9c17ed131045ddbbfd25e7a1fc5d7c021f,3
A_real_single_mb_orbit,171,42.9862589373502,1,MB,0.0001034281749945363,5.699107475837188e-05,0.0001587619378040693,0.9995229747132683,0.022681053176433198,-0.020200503380844583,0.005597545025045195,a0f779f0ce964b47123ee7eb06ce2736bdfc2a837292f446a4ad17183214420b,c86449dc97e68fcc59af2032707f6b9c17ed131045ddbbfd25e7a1fc5d7c021f,3
A_real_single_mb_orbit,172,42.9862650826016,1,MB,0.00010342826100205225,5.698934167532139e-05,0.00015875970434285207,0.9995194234559546,0.02272836768038562,-0.020304445332395914,0.005663297326211746,a0f779f0ce964b47123ee7eb06ce2736bdfc2a837292f446a4ad17183214420b,c86449dc97e68fcc59af2032707f6b9c17ed131045ddbbfd25e7a1fc5d7c021f,3
A_real_single_mb_orbit,173,42.986271227852995,1,MB,0.00010342834700956817,5.698760859227089e-05,0.00015875747088163483,0.9995158548300831,0.022775681767412435,-0.020408386882888162,0.005729049498469492,a0f779f0ce964b47123ee7eb06ce2736bdfc2a837292f446a4ad17183214420b,c86449dc97e68fcc59af2032707f6b9c17ed131045ddbbfd25e7a1fc5d7c021f,3
A_real_single_mb_orbit,174,42.98627737310439,1,MB,0.00010342843301708412,5.69858755092204e-05,0.00015875523742041756,0.9995122688358653,0.02282299543504747,-0.020512328026902803,0.005794801538390566,a0f779f0ce964b47123ee7eb06ce2736bdfc2a837292f446a4ad17183214420b,c86449dc97e68fcc59af2032707f6b9c17ed131045ddbbfd25e7a1fc5d7c021f,3
A_real_single_mb_orbit,175,42.98628351835578,1,MB,0.00010342851902459995,5.698414242617191e-05,0.0001587530039592029,0.999508665473519,0.022870308680769925,-0.020616268758901234,0.0058605534424711015,a0f779f0ce964b47123ee7eb06ce2736bdfc2a837292f446a4ad17183214420b,c86449dc97e68fcc59af2032707f6b9c17ed131045ddbbfd25e7a1fc5d7c021f,3
A_real_single_mb_orbit,176,42.98628966360718,1,MB,0.00010342860503211588,5.698240934312142e-05,0.00015875077049798565,0.9995050447432525,0.0229176215022232,-0.020720209073705424,0.005926305207435336,a0f779f0ce964b47123ee7eb06ce2736bdfc2a837292f446a4ad17183214420b,c86449dc97e68fcc59af2032707f6b9c17ed131045ddbbfd25e7a1fc5d7c021f,3
A_real_single_mb_orbit,177,42.98629580885858,1,MB,0.00010342869103963181,5.6980676260070925e-05,0.00015874853703676841,0.9995014066452891,0.022964933896886624,-0.02082414896577691,0.005992056829779453,a0f779f0ce964b47123ee7eb06ce2736bdfc2a837292f446a4ad17183214420b,c86449dc97e68fcc59af2032707f6b9c17ed131045ddbbfd25e7a1fc5d7c021f,3
A_real_single_mb_orbit,178,42.986301954109976,1,MB,0.00010342877704714775,5.6978943177020435e-05,0.00015874630357555115,0.9994977511798507,0.02301224586229431,-0.02092808842969746,0.006057808306075701,a0f779f0ce964b47123ee7eb06ce2736bdfc2a837292f446a4ad17183214420b,c86449dc97e68fcc59af2032707f6b9c17ed131045ddbbfd25e7a1fc5d7c021f,3
A_real_single_mb_orbit,179,42.98630809936137,1,MB,0.00010342886305466368,5.697721009396994e-05,0.0001587440701143339,0.9994940783471624,0.023059557395980465,-0.021032027460048956,0.006123559632896346,a0f779f0ce964b47123ee7eb06ce2736bdfc2a837292f446a4ad17183214420b,c86449dc97e68fcc59af2032707f6b9c17ed131045ddbbfd25e7a1fc5d7c021f,3
A_real_single_mb_fixed,17,42.985312568635116,1,MB,0.00010342805769083766,5.72589020738646e-05,0.00015908040654045275,0.9999999880904706,8.165154854163176e-05,-9.833482880720125e-05,8.650054707680153e-05,a0f779f0ce964b47123ee7eb06ce2736bdfc2a837292f446a4ad17183214420b,c86449dc97e68fcc59af2032707f6b9c17ed131045ddbbfd25e7a1fc5d7c021f,2
A_real_single_mb_fixed,18,42.985318713886514,1,MB,0.00010342799212627179,5.725715194958879e-05,0.0001590784794114511,0.9999999328226933,0.00019392259478813315,-0.0002335454195411423,0.0002054389762268089,a0f779f0ce964b47123ee7eb06ce2736bdfc2a837292f446a4ad17183214420b,c86449dc97e68fcc59af2032707f6b9c17ed131045ddbbfd25e7a1fc5d7c021f,2
A_real_single_mb_fixed,19,42.98532485913791,1,MB,0.00010342792656170593,5.725540182531298e-05,0.00015907655228244945,0.9999998325216686,0.0003061938205227259,-0.0003687562264367,0.00032437759552407465,a0f779f0ce964b47123ee7eb06ce2736bdfc2a837292f446a4ad17183214420b,c86449dc97e68fcc59af2032707f6b9c17ed131045ddbbfd25e7a1fc5d7c021f,2
A_real_single_mb_fixed,20,42.98533100438931,1,MB,0.00010342786099714005,5.725365170103717e-05,0.0001590746251534478,0.9999996871871895,0.0004184652105780081,-0.0005039672312274249,0.000443316388900458,a0f779f0ce964b47123ee7eb06ce2736bdfc2a837292f446a4ad17183214420b,c86449dc97e68fcc59af2032707f6b9c17ed131045ddbbfd25e7a1fc5d7c021f,2
A_real_single_mb_fixed,21,42.9853371496407,1,MB,0.00010342779543257424,5.7251901576763385e-05,0.00015907269802444837,0.9999994968190675,0.0005307367496566246,-0.0006391784154903626,0.000562255340150148,a0f779f0ce964b47123ee7eb06ce2736bdfc2a837292f446a4ad17183214420b,c86449dc97e68fcc59af2032707f6b9c17ed131045ddbbfd25e7a1fc5d7c021f,2
A_real_single_mb_fixed,22,42.9853432948921,1,MB,0.00010342772986800838,5.725015145248758e-05,0.00015907077089544671,0.999999261417132,0.000643008422850534,-0.0007743897612714171,0.0006811944334797667,a0f779f0ce964b47123ee7eb06ce2736bdfc2a837292f446a4ad17183214420b,c86449dc97e68fcc59af2032707f6b9c17ed131045ddbbfd25e7a1fc5d7c021f,2
A_real_single_mb_fixed,23,42.985349440143494,1,MB,0.0001034276643034425,5.724840132821177e-05,0.00015906884376644506,0.9999989809812312,0.0007552802148621346,-0.0009096012501473367,0.0008001336526832418,a0f779f0ce964b47123ee7eb06ce2736bdfc2a837292f446a4ad17183214420b,c86449dc97e68fcc59af2032707f6b9c17ed131045ddbbfd25e7a1fc5d7c021f,2
A_real_single_mb_fixed,24,42.98535558539489,1,MB,0.00010342759873887663,5.7246651203935957e-05,0.00015906691663744338,0.9999986555112309,0.0008675521105235308,-0.0010448128638510775,0.0009190729816919097,a0f779f0ce964b47123ee7eb06ce2736bdfc2a837292f446a4ad17183214420b,c86449dc97e68fcc59af2032707f6b9c17ed131045ddbbfd25e7a1fc5d7c021f,2
A_real_single_mb_fixed,25,42.98536173064629,1,MB,0.00010342753317431076,5.724490107966015e-05,0.00015906498950844173,0.9999982850070157,0.000979824094666729,-0.0011800245841154778,0.0010380124044370028,a0f779f0ce964b47123ee7eb06ce2736bdfc2a837292f446a4ad17183214420b,c86449dc97e68fcc59af2032707f6b9c17ed131045ddbbfd25e7a1fc5d7c021f,2
A_real_single_mb_fixed,26,42.98536787589769,1,MB,0.00010342746760974488,5.724315095538434e-05,0.00015906306237944008,0.9999978694684883,0.001092096152123648,-0.00131523639267327,0.001156951904849661,a0f779f0ce964b47123ee7eb06ce2736bdfc2a837292f446a4ad17183214420b,c86449dc97e68fcc59af2032707f6b9c17ed131045ddbbfd25e7a1fc5d7c021f,2
A_real_single_mb_fixed,27,42.985374021149084,1,MB,0.000103427402045179,5.7241400831108535e-05,0.00015906113525043843,0.9999974088955694,0.0012043682677261298,-0.0014504482712570945,0.0012758914668609424,a0f779f0ce964b47123ee7eb06ce2736bdfc2a837292f446a4ad17183214420b,c86449dc97e68fcc59af2032707f6b9c17ed131045ddbbfd25e7a1fc5d7c021f,2
A_real_single_mb_fixed,28,42.98538016640048,1,MB,0.00010342733648061313,5.723965070683272e-05,0.00015905920812143677,0.9999969032881986,0.001316640426305948,-0.0015856602015995088,0.0013948310744018337,a0f779f0ce964b47123ee7eb06ce2736bdfc2a837292f446a4ad17183214420b,c86449dc97e68fcc59af2032707f6b9c17ed131045ddbbfd25e7a1fc5d7c021f,2
A_real_single_mb_fixed,29,42.98538631165187,1,MB,0.00010342727091604734,5.723790058255894e-05,0.00015905728099243734,0.9999963526463335,0.001428912612565007,-0.0017208721652766663,0.0015137707112657384,a0f779f0ce964b47123ee7eb06ce2736bdfc2a837292f446a4ad17183214420b,c86449dc97e68fcc59af2032707f6b9c17ed131045ddbbfd25e7a1fc5d7c021f,2
A_real_single_mb_fixed,30,42.98539245690327,1,MB,0.00010342720535148146,5.7236150458283126e-05,0.0001590553538634357,0.9999957569699486,0.0015411848115946063,-0.0018560841443336776,0.0016327103616585806,a0f779f0ce964b47123ee7eb06ce2736bdfc2a837292f446a4ad17183214420b,c86449dc97e68fcc59af2032707f6b9c17ed131045ddbbfd25e7a1fc5d7c021f,2
A_real_single_mb_fixed,31,42.98539860215467,1,MB,0.0001034271397869156,5.723440033400732e-05,0.00015905342673443404,0.9999951162590386,0.0016534570080965658,-0.0019912961203465947,0.0017516500093736757,a0f779f0ce964b47123ee7eb06ce2736bdfc2a837292f446a4ad17183214420b,c86449dc97e68fcc59af2032707f6b9c17ed131045ddbbfd25e7a1fc5d7c021f,2
A_real_single_mb_fixed,32,42.985404747406065,1,MB,0.00010342707422234973,5.723265020973151e-05,0.0001590514996054324,0.9999944305136156,0.001765729186902495,-0.002126508075047778,0.0018705896383418353,a0f779f0ce964b47123ee7eb06ce2736bdfc2a837292f446a4ad17183214420b,c86449dc97e68fcc59af2032707f6b9c17ed131045ddbbfd25e7a1fc5d7c021f,2
A_real_single_mb_fixed,33,42.98541089265746,1,MB,0.00010342700865778385,5.7230900085455705e-05,0.00015904957247643074,0.9999936997337099,0.0018780013328439861,-0.0022617199901695654,0.0019895292324938535,a0f779f0ce964b47123ee7eb06ce2736bdfc2a837292f446a4ad17183214420b,c86449dc97e68fcc59af2032707f6b9c17ed131045ddbbfd25e7a1fc5d7c021f,2
A_real_single_mb_fixed,34,42.98541703790886,1,MB,0.00010342694309321798,5.722914996117989e-05,0.00015904764534742908,0.9999929239193702,0.0019902734307526266,-0.0023969318474442915,0.0021084687757605184,a0f779f0ce964b47123ee7eb06ce2736bdfc2a837292f446a4ad17183214420b,c86449dc97e68fcc59af2032707f6b9c17ed131045ddbbfd25e7a1fc5d7c021f,2
A_real_single_mb_fixed,35,42.98542318316026,1,MB,0.0001034268775286521,5.7227399836904084e-05,0.0001590457182184274,0.9999921030706636,0.0021025454654600086,-0.0025321436286042955,0.0022274082520726242,a0f779f0ce964b47123ee7eb06ce2736bdfc2a837292f446a4ad17183214420b,c86449dc97e68fcc59af2032707f6b9c17ed131045ddbbfd25e7a1fc5d7c021f,2
A_real_single_mb_fixed,36,42.985429328411655,1,MB,0.00010342681196408623,5.722564971262828e-05,0.00015904379108942575,0.9999912371876749,0.0022148174217977382,-0.002667355315381934,0.0023463476453609803,a0f779f0ce964b47123ee7eb06ce2736bdfc2a837292f446a4ad17183214420b,c86449dc97e68fcc59af2032707f6b9c17ed131045ddbbfd25e7a1fc5d7c021f,2
A_real_single_mb_fixed,37,42.985435473663046,1,MB,0.00010342674639952043,5.722389958835449e-05,0.00015904186396042632,0.9999903262705091,0.0023270892844676353,-0.0028025668893532567,0.0024652869394188996,a0f779f0ce964b47123ee7eb06ce2736bdfc2a837292f446a4ad17183214420b,c86449dc97e68fcc59af2032707f6b9c17ed131045ddbbfd25e7a1fc5d7c021f,2
A_real_single_mb_fixed,38,42.98544161891444,1,MB,0.00010342668083495456,5.722214946407868e-05,0.00015903993683142467,0.9999893703192854,0.002439361038560992,-0.002937778332563368,0.0025842261184523,a0f779f0ce964b47123ee7eb06ce2736bdfc2a837292f446a4ad17183214420b,c86449dc97e68fcc59af2032707f6b9c17ed131045ddbbfd25e7a1fc5d7c021f,2
A_real_single_mb_fixed,39,42.98544776416584,1,MB,0.00010342661527038868,5.7220399339802875e-05,0.00015903800970242302,0.999988369334145,0.0025516326687797116,-0.0030729896265884174,0.0027031651662545826,a0f779f0ce964b47123ee7eb06ce2736bdfc2a837292f446a4ad17183214420b,c86449dc97e68fcc59af2032707f6b9c17ed131045ddbbfd25e7a1fc5d7c021f,2
A_real_single_mb_fixed,40,42.98545390941724,1,MB,0.00010342654970582281,5.721864921552706e-05,0.00015903608257342137,0.999987323315246,0.0026639041599555596,-0.003208200753160954,0.002822104066756727,a0f779f0ce964b47123ee7eb06ce2736bdfc2a837292f446a4ad17183214420b,c86449dc97e68fcc59af2032707f6b9c17ed131045ddbbfd25e7a1fc5d7c021f,2
A_real_single_mb_fixed,41,42.985460054668636,1,MB,0.00010342648414125695,5.7216899091251254e-05,0.00015903415544441971,0.9999862322627648,0.002776175496920372,-0.003343411694013612,0.002941042803889785,a0f779f0ce964b47123ee7eb06ce2736bdfc2a837292f446a4ad17183214420b,c86449dc97e68fcc59af2032707f6b9c17ed131045ddbbfd25e7a1fc5d7c021f,2
A_real_single_mb_fixed,42,42.98546619992003,1,MB,0.00010342641857669107,5.721514896697545e-05,0.00015903222831541806,0.9999850961768963,0.0028884466645060615,-0.0034786224308791143,0.003059981361584888,a0f779f0ce964b47123ee7eb06ce2736bdfc2a837292f446a4ad17183214420b,c86449dc97e68fcc59af2032707f6b9c17ed131045ddbbfd25e7a1fc5d7c021f,2
A_real_single_mb_fixed,43,42.98547234517143,1,MB,0.0001034263530121252,5.721339884269964e-05,0.0001590303011864164,0.9999839150578531,0.003000717647544624,-0.003613832945490287,0.003178919723773259,a0f779f0ce964b47123ee7eb06ce2736bdfc2a837292f446a4ad17183214420b,c86449dc97e68fcc59af2032707f6b9c17ed131045ddbbfd25e7a1fc5d7c021f,2
A_real_single_mb_fixed,44,42.98547849042283,1,MB,0.00010342628744755932,5.7211648718423826e-05,0.00015902837405741476,0.9999826889058666,0.003112988430868156,-0.0037490432195800786,0.003297857874386226,a0f779f0ce964b47123ee7eb06ce2736bdfc2a837292f446a4ad17183214420b,c86449dc97e68fcc59af2032707f6b9c17ed131045ddbbfd25e7a1fc5d7c021f,2
A_real_single_mb_fixed,45,42.98548463567422,1,MB,0.00010342622188299353,5.7209898594150045e-05,0.00015902644692841533,0.9999814177211878,0.0032252589991790467,-0.0038842532347252243,0.003416795797217706,a0f779f0ce964b47123ee7eb06ce2736bdfc2a837292f446a4ad17183214420b,c86449dc97e68fcc59af2032707f6b9c17ed131045ddbbfd25e7a1fc5d7c021f,2
A_real_single_mb_fixed,46,42.985490780925616,1,MB,0.00010342615631842765,5.720814846987423e-05,0.00015902451979941368,0.9999801015040815,0.0033375293375692405,-0.004019462972971612,0.003535733476474307,a0f779f0ce964b47123ee7eb06ce2736bdfc2a837292f446a4ad17183214420b,c86449dc97e68fcc59af2032707f6b9c17ed131045ddbbfd25e7a1fc5d7c021f,2
A_real_single_mb_fixed,47,42.985496926177014,1,MB,0.00010342609075386178,5.7206398345598424e-05,0.000159022592670412,0.9999787402548349,0.0034497994307413726,-0.004154672415896275,0.0036546708959502077,a0f779f0ce964b47123ee7eb06ce2736bdfc2a837292f446a4ad17183214420b,c86449dc97e68fcc59af2032707f6b9c17ed131045ddbbfd25e7a1fc5d7c021f,2
A_real_single_mb_fixed,48,42.98550307142841,1,MB,0.0001034260251892959,5.720464822132262e-05,0.00015902066554141035,0.9999773339737522,0.0035620692635280264,-0.004289881545232748,0.003773608039577251,a0f779f0ce964b47123ee7eb06ce2736bdfc2a837292f446a4ad17183214420b,c86449dc97e68fcc59af2032707f6b9c17ed131045ddbbfd25e7a1fc5d7c021f,2
A_real_single_mb_fixed,49,42.98550921667981,1,MB,0.00010342595962473003,5.720289809704681e-05,0.0001590187384124087,0.9999758826611561,0.003674338820761935,-0.0044250903427147424,0.003892544891287441,a0f779f0ce964b47123ee7eb06ce2736bdfc2a837292f446a4ad17183214420b,c86449dc97e68fcc59af2032707f6b9c17ed131045ddbbfd25e7a1fc5d7c021f,2
A_real_single_mb_fixed,50,42.985515361931206,1,MB,0.00010342589406016417,5.7201147972770996e-05,0.00015901681128340704,0.9999743863173872,0.0037866080872759915,-0.004560298790076163,0.0040114814350129474,a0f779f0ce964b47123ee7eb06ce2736bdfc2a837292f446a4ad17183214420b,c86449dc97e68fcc59af2032707f6b9c17ed131045ddbbfd25e7a1fc5d7c021f,2
A_real_single_mb_fixed,51,42.985521507182604,1,MB,0.00010342582849559829,5.719939784849519e-05,0.0001590148841544054,0.9999728449428044,0.003898877047903255,-0.004695506869051119,0.0041304176546861195,a0f779f0ce964b47123ee7eb06ce2736bdfc2a837292f446a4ad17183214420b,c86449dc97e68fcc59af2032707f6b9c17ed131045ddbbfd25e7a1fc5d7c021f,2
A_real_single_mb_fixed,52,42.985527652434,1,MB,0.00010342576293103242,5.719764772421938e-05,0.00015901295702540374,0.9999712585377849,0.004011145687476964,-0.00483071456137393,0.004249353534239494,a0f779f0ce964b47123ee7eb06ce2736bdfc2a837292f446a4ad17183214420b,c86449dc97e68fcc59af2032707f6b9c17ed131045ddbbfd25e7a1fc5d7c021f,2
A_real_single_mb_fixed,53,42.98553379768539,1,MB,0.00010342569736646662,5.7195897599945594e-05,0.0001590110298964043,0.9999696271027261,0.004123413990700735,-0.004965921848622814,0.0043682890574682914,a0f779f0ce964b47123ee7eb06ce2736bdfc2a837292f446a4ad17183214420b,c86449dc97e68fcc59af2032707f6b9c17ed131045ddbbfd25e7a1fc5d7c021f,2
A_real_single_mb_fixed,54,42.98553994293679,1,MB,0.00010342563180190075,5.719414747566979e-05,0.00015900910276740266,0.9999679506380379,0.004235681942667818,-0.005101128712845226,0.004487224208580499,a0f779f0ce964b47123ee7eb06ce2736bdfc2a837292f446a4ad17183214420b,c86449dc97e68fcc59af2032707f6b9c17ed131045ddbbfd25e7a1fc5d7c021f,2
A_real_single_mb_fixed,55,42.98554608818819,1,MB,0.00010342556623733487,5.719239735139398e-05,0.000159007175638401,0.9999662291441542,0.004347949528082239,-0.005236335135619879,0.00460615897137177,a0f779f0ce964b47123ee7eb06ce2736bdfc2a837292f446a4ad17183214420b,c86449dc97e68fcc59af2032707f6b9c17ed131045ddbbfd25e7a1fc5d7c021f,2
A_real_single_mb_fixed,56,42.985552233439584,1,MB,0.000103425500672769,5.7190647227118166e-05,0.00015900524850939935,0.9999644626215252,0.004460216731778053,-0.005371541098682075,0.004725093329775508,a0f779f0ce964b47123ee7eb06ce2736bdfc2a837292f446a4ad17183214420b,c86449dc97e68fcc59af2032707f6b9c17ed131045ddbbfd25e7a1fc5d7c021f,2
A_real_single_mb_fixed,57,42.98555837869098,1,MB,0.00010342543706786289,5.718889751661698e-05,0.00015900331707628277,0.999962661064571,0.004576636877050971,-0.005506916190745955,0.00483784514280106,a0f779f0ce964b47123ee7eb06ce2736bdfc2a837292f446a4ad17183214420b,c86449dc97e68fcc59af2032707f6b9c17ed131045ddbbfd25e7a1fc5d7c021f,3
A_real_single_mb_fixed,58,42.98556452394238,1,MB,0.00010342541461581247,5.718715649538287e-05,0.00015900129525675175,0.9999610159678054,0.004780277048818127,-0.0056458527956160685,0.004820771948672439,a0f779f0ce964b47123ee7eb06ce2736bdfc2a837292f446a4ad17183214420b,c86449dc97e68fcc59af2032707f6b9c17ed131045ddbbfd25e7a1fc5d7c021f,3
A_real_single_mb_fixed,59,42.98557066919378,1,MB,0.00010342539216376206,5.718541547414877e-05,0.00015899927343722073,0.9999593098024278,0.004983917408584115,-0.0057847893831406115,0.004803698419916969,a0f779f0ce964b47123ee7eb06ce2736bdfc2a837292f446a4ad17183214420b,c86449dc97e68fcc59af2032707f6b9c17ed131045ddbbfd25e7a1fc5d7c021f,3
A_real_single_mb_fixed,60,42.985576814445174,1,MB,0.00010342536971171164,5.718367445291466e-05,0.0001589972516176897,0.9999575425683297,0.005187557919041264,-0.005923725927864882,0.004786624559660387,a0f779f0ce964b47123ee7eb06ce2736bdfc2a837292f446a4ad17183214420b,c86449dc97e68fcc59af2032707f6b9c17ed131045ddbbfd25e7a1fc5d7c021f,3
A_real_single_mb_fixed,61,42.98558295969657,1,MB,0.00010342534725966122,5.7181933431680556e-05,0.00015899522979815868,0.9999557142654372,0.00539119854288157,-0.006062662404334031,0.004769550371028637,a0f779f0ce964b47123ee7eb06ce2736bdfc2a837292f446a4ad17183214420b,c86449dc97e68fcc59af2032707f6b9c17ed131045ddbbfd25e7a1fc5d7c021f,3
A_real_single_mb_fixed,62,42.98558910494796,1,MB,0.00010342532480761083,5.7180192410448466e-05,0.00015899320797863,0.9999538248937113,0.00559483924256127,-0.006201598786932438,0.0047524758571676,a0f779f0ce964b47123ee7eb06ce2736bdfc2a837292f446a4ad17183214420b,c86449dc97e68fcc59af2032707f6b9c17ed131045ddbbfd25e7a1fc5d7c021f,3
A_real_single_mb_fixed,63,42.98559525019936,1,MB,0.00010342530235556041,5.717845138921436e-05,0.00015899118615909897,0.9999518744531404,0.005798479981242709,-0.006340535050526317,0.0047354010211641305,a0f779f0ce964b47123ee7eb06ce2736bdfc2a837292f446a4ad17183214420b,c86449dc97e68fcc59af2032707f6b9c17ed131045ddbbfd25e7a1fc5d7c021f,3
A_real_single_mb_fixed,64,42.98560139545076,1,MB,0.00010342527990350999,5.7176710367980255e-05,0.00015898916433956795,0.999949862943753,0.006002120721381632,-0.006479471169499871,0.0047183258661645045,a0f779f0ce964b47123ee7eb06ce2736bdfc2a837292f446a4ad17183214420b,c86449dc97e68fcc59af2032707f6b9c17ed131045ddbbfd25e7a1fc5d7c021f,3
A_real_single_mb_fixed,65,42.985607540702155,1,MB,0.00010342525745145957,5.7174969346746146e-05,0.00015898714252003692,0.9999477903656088,0.006205761425669044,-0.006618407118397898,0.004701250395295449,a0f779f0ce964b47123ee7eb06ce2736bdfc2a837292f446a4ad17183214420b,c86449dc97e68fcc59af2032707f6b9c17ed131045ddbbfd25e7a1fc5d7c021f,3
A_real_single_mb_fixed,66,42.98561368595355,1,MB,0.00010342523499940914,5.7173228325512044e-05,0.0001589851207005059,0.9999456567188014,0.006409402056795789,-0.006757342871765162,0.004684174611683877,a0f779f0ce964b47123ee7eb06ce2736bdfc2a837292f446a4ad17183214420b,c86449dc97e68fcc59af2032707f6b9c17ed131045ddbbfd25e7a1fc5d7c021f,3
A_real_single_mb_fixed,67,42.98561983120495,1,MB,0.00010342521254735872,5.717148730427794e-05,0.00015898309888097488,0.9999434620034576,0.006613042577452581,-0.006896278404146417,0.004667098518456888,a0f779f0ce964b47123ee7eb06ce2736bdfc2a837292f446a4ad17183214420b,c86449dc97e68fcc59af2032707f6b9c17ed131045ddbbfd25e7a1fc5d7c021f,3
A_real_single_mb_fixed,68,42.98562597645635,1,MB,0.0001034251900953083,5.7169746283043833e-05,0.00015898107706144386,0.999941206219738,0.00681668295033004,-0.007035213690086436,0.004650022118741766,a0f779f0ce964b47123ee7eb06ce2736bdfc2a837292f446a4ad17183214420b,c86449dc97e68fcc59af2032707f6b9c17ed131045ddbbfd25e7a1fc5d7c021f,3
A_real_single_mb_fixed,69,42.985632121707745,1,MB,0.00010342516764325788,5.716800526180973e-05,0.00015897905524191283,0.9999388893678367,0.007020323138118725,-0.007174148704130032,0.0046329454156659716,a0f779f0ce964b47123ee7eb06ce2736bdfc2a837292f446a4ad17183214420b,c86449dc97e68fcc59af2032707f6b9c17ed131045ddbbfd25e7a1fc5d7c021f,3
A_real_single_mb_fixed,70,42.985638266959135,1,MB,0.00010342514519120749,5.7166264240577635e-05,0.00015897703342238414,0.9999365114479842,0.00722396310327372,-0.007313083420661439,0.004615868412376896,a0f779f0ce964b47123ee7eb06ce2736bdfc2a837292f446a4ad17183214420b,c86449dc97e68fcc59af2032707f6b9c17ed131045ddbbfd25e7a1fc5d7c021f,3
A_real_single_mb_fixed,71,42.98564441221053,1,MB,0.00010342512273915707,5.716452321934353e-05,0.00015897501160285312,0.9999340724604361,0.0074276028089564836,-0.0074520178145468996,0.004598791111962859,a0f779f0ce964b47123ee7eb06ce2736bdfc2a837292f446a4ad17183214420b,c86449dc97e68fcc59af2032707f6b9c17ed131045ddbbfd25e7a1fc5d7c021f,3
A_real_single_mb_fixed,72,42.98565055746193,1,MB,0.00010342510028710666,5.716278219810943e-05,0.0001589729897833221,0.9999315724054898,0.007631242217622144,-0.007590951860170844,0.004581713517571595,a0f779f0ce964b47123ee7eb06ce2736bdfc2a837292f446a4ad17183214420b,c86449dc97e68fcc59af2032707f6b9c17ed131045ddbbfd25e7a1fc5d7c021f,3
A_real_single_mb_fixed,73,42.98565670271333,1,MB,0.00010342507783505624,5.716104117687532e-05,0.00015897096796379108,0.999929011283474,0.007834881291961368,-0.007729885532078476,0.004564635632331261,a0f779f0ce964b47123ee7eb06ce2736bdfc2a837292f446a4ad17183214420b,c86449dc97e68fcc59af2032707f6b9c17ed131045ddbbfd25e7a1fc5d7c021f,3
A_real_single_mb_fixed,74,42.985662847964726,1,MB,0.00010342505538300582,5.715930015564122e-05,0.00015896894614426005,0.9999263890947504,0.008038519994664935,-0.007868818804815152,0.004547557459370177,a0f779f0ce964b47123ee7eb06ce2736bdfc2a837292f446a4ad17183214420b,c86449dc97e68fcc59af2032707f6b9c17ed131045ddbbfd25e7a1fc5d7c021f,3
A_real_single_mb_fixed,75,42.98566899321612,1,MB,0.0001034250329309554,5.715755913440711e-05,0.00015896692432472903,0.9999237058397143,0.008242158288423762,-0.008007751652926411,0.0045304790018168275,a0f779f0ce964b47123ee7eb06ce2736bdfc2a837292f446a4ad17183214420b,c86449dc97e68fcc59af2032707f6b9c17ed131045ddbbfd25e7a1fc5d7c021f,3
A_real_single_mb_fixed,76,42.98567513846752,1,MB,0.00010342501047890498,5.715581811317301e-05,0.000158964902505198,0.9999209615187953,0.008445796135928952,-0.008146684050958,0.004513400262799858,a0f779f0ce964b47123ee7eb06ce2736bdfc2a837292f446a4ad17183214420b,c86449dc97e68fcc59af2032707f6b9c17ed131045ddbbfd25e7a1fc5d7c021f,3
A_real_single_mb_fixed,77,42.98568128371892,1,MB,0.00010342498802685456,5.71540770919389e-05,0.00015896288068566698,0.9999181561324554,0.008649433499871824,-0.00828561597345588,0.004496321245448071,a0f779f0ce964b47123ee7eb06ce2736bdfc2a837292f446a4ad17183214420b,c86449dc97e68fcc59af2032707f6b9c17ed131045ddbbfd25e7a1fc5d7c021f,3
A_real_single_mb_fixed,78,42.98568742897031,1,MB,0.00010342496557480417,5.715233607070681e-05,0.0001589608588661383,0.9999152896811944,0.008853070342708486,-0.008424547394805627,0.00447924195291017,a0f779f0ce964b47123ee7eb06ce2736bdfc2a837292f446a4ad17183214420b,c86449dc97e68fcc59af2032707f6b9c17ed131045ddbbfd25e7a1fc5d7c021f,3
A_real_single_mb_fixed,79,42.985693574221706,1,MB,0.00010342494312275375,5.715059504947271e-05,0.00015895883704660727,0.9999123621655355,0.009056706627601692,-0.008563478289875012,0.00446216238827577,a0f779f0ce964b47123ee7eb06ce2736bdfc2a837292f446a4ad17183214420b,c86449dc97e68fcc59af2032707f6b9c17ed131045ddbbfd25e7a1fc5d7c021f,3
A_real_single_mb_fixed,80,42.985699719473104,1,MB,0.00010342492067070334,5.71488540282386e-05,0.00015895681522707625,0.9999093735860451,0.00926034231700815,-0.008702408633050178,0.004445082554693873,a0f779f0ce964b47123ee7eb06ce2736bdfc2a837292f446a4ad17183214420b,c86449dc97e68fcc59af2032707f6b9c17ed131045ddbbfd25e7a1fc5d7c021f,3
A_real_single_mb_fixed,81,42.9857058647245,1,MB,0.00010342489821865292,5.71471130070045e-05,0.00015895479340754523,0.9999063239433202,0.009463977373620374,-0.008841338398878231,0.004428002455293883,a0f779f0ce964b47123ee7eb06ce2736bdfc2a837292f446a4ad17183214420b,c86449dc97e68fcc59af2032707f6b9c17ed131045ddbbfd25e7a1fc5d7c021f,3
A_real_single_mb_fixed,82,42.9857120099759,1,MB,0.0001034248757666025,5.714537198577039e-05,0.0001589527715880142,0.9999032132379911,0.00966761176013126,-0.008980267561906619,0.004410922093205347,a0f779f0ce964b47123ee7eb06ce2736bdfc2a837292f446a4ad17183214420b,c86449dc97e68fcc59af2032707f6b9c17ed131045ddbbfd25e7a1fc5d7c021f,3
A_real_single_mb_fixed,83,42.985718155227296,1,MB,0.00010342485331455208,5.714363096453629e-05,0.00015895074976848315,0.9999000414707219,0.009871245439234127,-0.009119196096683149,0.0043938414715579506,a0f779f0ce964b47123ee7eb06ce2736bdfc2a837292f446a4ad17183214420b,c86449dc97e68fcc59af2032707f6b9c17ed131045ddbbfd25e7a1fc5d7c021f,3
A_real_single_mb_fixed,84,42.985724300478694,1,MB,0.00010342483086250166,5.7141889943302185e-05,0.00015894872794895213,0.9998968086422102,0.010074878373622746,-0.00925812397775603,0.004376760593481517,a0f779f0ce964b47123ee7eb06ce2736bdfc2a837292f446a4ad17183214420b,c86449dc97e68fcc59af2032707f6b9c17ed131045ddbbfd25e7a1fc5d7c021f,3
A_real_single_mb_fixed,85,42.98573044573009,1,MB,0.00010342480841045124,5.7140148922068076e-05,0.0001589467061294211,0.9998935147531868,0.01027851052599137,-0.009397051179673873,0.004359679462106003,a0f779f0ce964b47123ee7eb06ce2736bdfc2a837292f446a4ad17183214420b,c86449dc97e68fcc59af2032707f6b9c17ed131045ddbbfd25e7a1fc5d7c021f,3
A_real_single_mb_fixed,86,42.98573659098148,1,MB,0.00010342478595840085,5.7138407900835986e-05,0.00015894468430989244,0.9998901598044205,0.010482141858799334,-0.009535977676825092,0.004342598080581248,a0f779f0ce964b47123ee7eb06ce2736bdfc2a837292f446a4ad17183214420b,c86449dc97e68fcc59af2032707f6b9c17ed131045ddbbfd25e7a1fc5d7c021f,3
A_real_single_mb_fixed,87,42.98574273623288,1,MB,0.00010342476350635043,5.713666687960188e-05,0.00015894266249036142,0.9998867437967017,0.010685772335212866,-0.009674903444080465,0.004325516451997972,a0f779f0ce964b47123ee7eb06ce2736bdfc2a837292f446a4ad17183214420b,c86449dc97e68fcc59af2032707f6b9c17ed131045ddbbfd25e7a1fc5d7c021f,3
A_real_single_mb_fixed,88,42.98574888148428,1,MB,0.00010342474105430001,5.7134925858367775e-05,0.00015894064067083037,0.9998832667308662,0.010889401917692441,-0.00981382845582935,0.004308434579506266,a0f779f0ce964b47123ee7eb06ce2736bdfc2a837292f446a4ad17183214420b,c86449dc97e68fcc59af2032707f6b9c17ed131045ddbbfd25e7a1fc5d7c021f,3
A_real_single_mb_fixed,89,42.985755026735674,1,MB,0.0001034247186022496,5.7133184837133666e-05,0.00015893861885129935,0.9998797286077792,0.011093030568934611,-0.009952752686622246,0.0042913524662366,a0f779f0ce964b47123ee7eb06ce2736bdfc2a837292f446a4ad17183214420b,c86449dc97e68fcc59af2032707f6b9c17ed131045ddbbfd25e7a1fc5d7c021f,3
A_real_single_mb_fixed,90,42.98576117198707,1,MB,0.00010342469615019918,5.7131443815899564e-05,0.00015893659703176833,0.9998761294283395,0.01129665825163658,-0.01009167611101018,0.004274270115319557,a0f779f0ce964b47123ee7eb06ce2736bdfc2a837292f446a4ad17183214420b,c86449dc97e68fcc59af2032707f6b9c17ed131045ddbbfd25e7a1fc5d7c021f,3
A_real_single_mb_fixed,91,42.98576731723847,1,MB,0.00010342467369814876,5.712970279466546e-05,0.0001589345752122373,0.9998724691934796,0.011500284928496246,-0.010230598703544725,0.004257187529885843,a0f779f0ce964b47123ee7eb06ce2736bdfc2a837292f446a4ad17183214420b,c86449dc97e68fcc59af2032707f6b9c17ed131045ddbbfd25e7a1fc5d7c021f,3
A_real_single_mb_fixed,92,42.98577346248987,1,MB,0.00010342465124609834,5.7127961773431353e-05,0.00015893255339270628,0.9998687479041656,0.011703910562212235,-0.010369520438778038,0.004240104713066275,a0f779f0ce964b47123ee7eb06ce2736bdfc2a837292f446a4ad17183214420b,c86449dc97e68fcc59af2032707f6b9c17ed131045ddbbfd25e7a1fc5d7c021f,3
A_real_single_mb_fixed,93,42.985779607741264,1,MB,0.00010342462879404792,5.712622075219725e-05,0.00015893053157317526,0.9998649655613968,0.01190753511548393,-0.010508441291262874,0.004223021667991783,a0f779f0ce964b47123ee7eb06ce2736bdfc2a837292f446a4ad17183214420b,c86449dc97e68fcc59af2032707f6b9c17ed131045ddbbfd25e7a1fc5d7c021f,3
A_real_single_mb_fixed,94,42.985785752992655,1,MB,0.00010342460634199753,5.7124479730965155e-05,0.00015892850975364657,0.999861122166211,0.012111158550776076,-0.010647361235391983,0.0042059383978131585,a0f779f0ce964b47123ee7eb06ce2736bdfc2a837292f446a4ad17183214420b,c86449dc97e68fcc59af2032707f6b9c17ed131045ddbbfd25e7a1fc5d7c021f,3
A_real_single_mb_fixed,95,42.98579189824405,1,MB,0.00010342458388994711,5.712273870973105e-05,0.00015892648793411555,0.999857217719666,0.012314780831260561,-0.010786280246040638,0.004188854905622041,a0f779f0ce964b47123ee7eb06ce2736bdfc2a837292f446a4ad17183214420b,c86449dc97e68fcc59af2032707f6b9c17ed131045ddbbfd25e7a1fc5d7c021f,3
A_real_single_mb_fixed,96,42.98579804349545,1,MB,0.0001034245614378967,5.712099768849695e-05,0.00015892446611458452,0.9998532522228661,0.012518401919403815,-0.010925198297602901,0.004171771194569428,a0f779f0ce964b47123ee7eb06ce2736bdfc2a837292f446a4ad17183214420b,c86449dc97e68fcc59af2032707f6b9c17ed131045ddbbfd25e7a1fc5d7c021f,3
A_real_single_mb_fixed,97,42.98580418874685,1,MB,0.00010342453898584626,5.711925666726284e-05,0.0001589224442950535,0.9998492256769453,0.01272202177790861,-0.011064115364634154,0.004154687267786667,a0f779f0ce964b47123ee7eb06ce2736bdfc2a837292f446a4ad17183214420b,c86449dc97e68fcc59af2032707f6b9c17ed131045ddbbfd25e7a1fc5d7c021f,3
A_real_single_mb_fixed,98,42.985810333998245,1,MB,0.0001034245322013229,5.711751916985569e-05,0.00015892038694470154,0.9998451380817182,0.012925640436369557,-0.011203031467325899,0.004137603122792825,a0f779f0ce964b47123ee7eb06ce2736bdfc2a837292f446a4ad17183214420b,c86449dc97e68fcc59af2032707f6b9c17ed131045ddbbfd25e7a1fc5d7c021f,4
A_real_single_mb_fixed,99,42.98581647924964,1,MB,0.000103424552834972,5.711578783914573e-05,0.0001589182674154127,0.9998409894231373,0.013129258597468243,-0.011341947085073382,0.004120518700631364,a0f779f0ce964b47123ee7eb06ce2736bdfc2a837292f446a4ad17183214420b,c86449dc97e68fcc59af2032707f6b9c17ed131045ddbbfd25e7a1fc5d7c021f,4
A_real_single_mb_fixed,100,42.98582262450104,1,MB,0.0001034245734686211,5.711405650843577e-05,0.00015891614788612386,0.9998367796974452,0.01333287642875186,-0.01148086233218249,0.004103433987242572,a0f779f0ce964b47123ee7eb06ce2736bdfc2a837292f446a4ad17183214420b,c86449dc97e68fcc59af2032707f6b9c17ed131045ddbbfd25e7a1fc5d7c021f,4
A_real_single_mb_fixed,101,42.98582876975244,1,MB,0.0001034245941022702,5.711232517772581e-05,0.00015891402835683502,0.9998325089049999,0.013536493892913351,-0.011619777183200043,0.004086348985754568,a0f779f0ce964b47123ee7eb06ce2736bdfc2a837292f446a4ad17183214420b,c86449dc97e68fcc59af2032707f6b9c17ed131045ddbbfd25e7a1fc5d7c021f,4
A_real_single_mb_fixed,102,42.98583491500383,1,MB,0.00010342461473591928,5.711059384701785e-05,0.00015891190882754862,0.9998281770461978,0.013740110952410163,-0.011758691612512296,0.004069263699315407,a0f779f0ce964b47123ee7eb06ce2736bdfc2a837292f446a4ad17183214420b,c86449dc97e68fcc59af2032707f6b9c17ed131045ddbbfd25e7a1fc5d7c021f,4
A_real_single_mb_fixed,103,42.985841060255225,1,MB,0.00010342463536956838,5.710886251630789e-05,0.00015890978929825977,0.9998237841214536,0.013943727570406036,-0.011897605594987426,0.004052178131014055,a0f779f0ce964b47123ee7eb06ce2736bdfc2a837292f446a4ad17183214420b,c86449dc97e68fcc59af2032707f6b9c17ed131045ddbbfd25e7a1fc5d7c021f,4
A_real_single_mb_fixed,104,42.98584720550662,1,MB,0.00010342465600321748,5.710713118559793e-05,0.00015890766976897093,0.999819330131231,0.014147343709358438,-0.01203651910501185,0.004035092283998912,a0f779f0ce964b47123ee7eb06ce2736bdfc2a837292f446a4ad17183214420b,c86449dc97e68fcc59af2032707f6b9c17ed131045ddbbfd25e7a1fc5d7c021f,4
A_real_single_mb_fixed,105,42.98585335075802,1,MB,0.00010342467663686658,5.7105399854887966e-05,0.0001589055502396821,0.9998148150760221,0.01435095933196033,-0.012175432117132725,0.004018006161398797,a0f779f0ce964b47123ee7eb06ce2736bdfc2a837292f446a4ad17183214420b,c86449dc97e68fcc59af2032707f6b9c17ed131045ddbbfd25e7a1fc5d7c021f,4
A_real_single_mb_fixed,106,42.98585949600942,1,MB,0.00010342469727051566,5.7103668524178004e-05,0.00015890343071039325,0.9998102389563527,0.014554574400904765,-0.012314344605897361,0.0040009197663427,a0f779f0ce964b47123ee7eb06ce2736bdfc2a837292f446a4ad17183214420b,c86449dc97e68fcc59af2032707f6b9c17ed131045ddbbfd25e7a1fc5d7c021f,4
A_real_single_mb_fixed,107,42.985865641260816,1,MB,0.00010342471790416476,5.710193719346804e-05,0.0001589013111811044,0.9998056017727817,0.014758188878884915,-0.01245325654585322,0.003983833101959768,a0f779f0ce964b47123ee7eb06ce2736bdfc2a837292f446a4ad17183214420b,c86449dc97e68fcc59af2032707f6b9c17ed131045ddbbfd25e7a1fc5d7c021f,4
A_real_single_mb_fixed,108,42.98587178651221,1,MB,0.00010342473853781386,5.7100205862758086e-05,0.00015889919165181556,0.9998009035259019,0.014961802728594124,-0.012592167911547962,0.003966746171379313,a0f779f0ce964b47123ee7eb06ce2736bdfc2a837292f446a4ad17183214420b,c86449dc97e68fcc59af2032707f6b9c17ed131045ddbbfd25e7a1fc5d7c021f,4
A_real_single_mb_fixed,109,42.98587793176361,1,MB,0.00010342475917146296,5.7098474532048124e-05,0.00015889707212252672,0.9997961442163398,0.015165415912725928,-0.012731078677529453,0.003949658977730808,a0f779f0ce964b47123ee7eb06ce2736bdfc2a837292f446a4ad17183214420b,c86449dc97e68fcc59af2032707f6b9c17ed131045ddbbfd25e7a1fc5d7c021f,4
A_real_single_mb_fixed,110,42.985884077015,1,MB,0.00010342477980511204,5.709674320134016e-05,0.00015889495259324035,0.9997913238447609,0.015369028393738663,-0.012869988818185194,0.003932571524163637,a0f779f0ce964b47123ee7eb06ce2736bdfc2a837292f446a4ad17183214420b,c86449dc97e68fcc59af2032707f6b9c17ed131045ddbbfd25e7a1fc5d7c021f,4
A_real_single_mb_fixed,111,42.9858902222664,1,MB,0.00010342480043876113,5.7095011870630206e-05,0.0001588928330639515,0.9997864424118474,0.015572640134797207,-0.013008898308384777,0.003915483813768066,a0f779f0ce964b47123ee7eb06ce2736bdfc2a837292f446a4ad17183214420b,c86449dc97e68fcc59af2032707f6b9c17ed131045ddbbfd25e7a1fc5d7c021f,4
A_real_single_mb_fixed,112,42.985896367517796,1,MB,0.00010342482107241023,5.7093280539920244e-05,0.00015889071353466266,0.999781499918332,0.01577625109836046,-0.013147807122516243,0.0038983958496937817,a0f779f0ce964b47123ee7eb06ce2736bdfc2a837292f446a4ad17183214420b,c86449dc97e68fcc59af2032707f6b9c17ed131045ddbbfd25e7a1fc5d7c021f,4
A_real_single_mb_fixed,113,42.985902512769194,1,MB,0.00010342484170605933,5.709154920921028e-05,0.00015888859400537382,0.9997764963649751,0.01597986124712308,-0.013286715235128543,0.003881307635070864,a0f779f0ce964b47123ee7eb06ce2736bdfc2a837292f446a4ad17183214420b,c86449dc97e68fcc59af2032707f6b9c17ed131045ddbbfd25e7a1fc5d7c021f,4
A_real_single_mb_fixed,114,42.98590865802059,1,MB,0.00010342486233970842,5.708981787850032e-05,0.00015888647447608498,0.9997714317525712,0.016183470543780096,-0.013425622620770973,0.003864219173029535,a0f779f0ce964b47123ee7eb06ce2736bdfc2a837292f446a4ad17183214420b,c86449dc97e68fcc59af2032707f6b9c17ed131045ddbbfd25e7a1fc5d7c021f,3
A_real_single_mb_fixed,115,42.98591480327199,1,MB,0.00010342488297335752,5.708808654779036e-05,0.00015888435494679614,0.9997663060819476,0.016387078951026923,-0.013564529253993166,0.003847130466700159,a0f779f0ce964b47123ee7eb06ce2736bdfc2a837292f446a4ad17183214420b,c86449dc97e68fcc59af2032707f6b9c17ed131045ddbbfd25e7a1fc5d7c021f,3
A_real_single_mb_fixed,116,42.985920948523386,1,MB,0.00010342490360700662,5.7086355217080395e-05,0.0001588822354175073,0.9997611193539658,0.016590686431559424,-0.01370343510934514,0.0038300415192132386,a0f779f0ce964b47123ee7eb06ce2736bdfc2a837292f446a4ad17183214420b,c86449dc97e68fcc59af2032707f6b9c17ed131045ddbbfd25e7a1fc5d7c021f,3
A_real_single_mb_fixed,117,42.985927093774784,1,MB,0.00010342492424065572,5.708462388637044e-05,0.00015888011588821845,0.9997558715695207,0.01679429294807392,-0.013842340161377314,0.0038129523336994145,a0f779f0ce964b47123ee7eb06ce2736bdfc2a837292f446a4ad17183214420b,c86449dc97e68fcc59af2032707f6b9c17ed131045ddbbfd25e7a1fc5d7c021f,3
A_real_single_mb_fixed,118,42.985933239026174,1,MB,0.00010342494487430479,5.708289255566248e-05,0.00015887799635893205,0.9997505627295467,0.016997898463031836,-0.01398124438447992,0.0037958629133092174,a0f779f0ce964b47123ee7eb06ce2736bdfc2a837292f446a4ad17183214420b,c86449dc97e68fcc59af2032707f6b9c17ed131045ddbbfd25e7a1fc5d7c021f,3
A_real_single_mb_fixed,119,42.98593938427757,1,MB,0.00010342496550795389,5.7081161224952515e-05,0.0001588758768296432,0.9997451928349935,0.017201502939601366,-0.014120147753525462,0.003778773261134032,a0f779f0ce964b47123ee7eb06ce2736bdfc2a837292f446a4ad17183214420b,c86449dc97e68fcc59af2032707f6b9c17ed131045ddbbfd25e7a1fc5d7c021f,3
A_real_single_mb_fixed,120,42.98594552952897,1,MB,0.00010342498614160299,5.707942989424256e-05,0.00015887375730035437,0.9997397618868629,0.01740510634024503,-0.014259050242905084,0.0037616833803246464,a0f779f0ce964b47123ee7eb06ce2736bdfc2a837292f446a4ad17183214420b,c86449dc97e68fcc59af2032707f6b9c17ed131045ddbbfd25e7a1fc5d7c021f,3
A_real_single_mb_fixed,121,42.98595167478037,1,MB,0.00010342500677525209,5.70776985635326e-05,0.00015887163777106552,0.9997342698861836,0.01760870862766137,-0.014397951827171036,0.0037445932740122153,a0f779f0ce964b47123ee7eb06ce2736bdfc2a837292f446a4ad17183214420b,c86449dc97e68fcc59af2032707f6b9c17ed131045ddbbfd25e7a1fc5d7c021f,3
A_real_single_mb_fixed,122,42.985957820031764,1,MB,0.00010342502740890118,5.7075967232822635e-05,0.00015886951824177668,0.9997287168340188,0.017812309764549575,-0.014536852480876083,0.0037275029453280152,a0f779f0ce964b47123ee7eb06ce2736bdfc2a837292f446a4ad17183214420b,c86449dc97e68fcc59af2032707f6b9c17ed131045ddbbfd25e7a1fc5d7c021f,3
A_real_single_mb_fixed,123,42.98596396528316,1,MB,0.00010342504804255028,5.707423590211267e-05,0.00015886739871248784,0.999723102731464,0.018015909713609495,-0.014675752178573533,0.0037104123974034406,a0f779f0ce964b47123ee7eb06ce2736bdfc2a837292f446a4ad17183214420b,c86449dc97e68fcc59af2032707f6b9c17ed131045ddbbfd25e7a1fc5d7c021f,3
A_real_single_mb_fixed,124,42.98597011053456,1,MB,0.00010342506867619938,5.707250457140271e-05,0.000158865279183199,0.9997174275796494,0.018219508437541696,-0.014814650894817248,0.003693321633370001,a0f779f0ce964b47123ee7eb06ce2736bdfc2a837292f446a4ad17183214420b,c86449dc97e68fcc59af2032707f6b9c17ed131045ddbbfd25e7a1fc5d7c021f,3
A_real_single_mb_fixed,125,42.98597625578596,1,MB,0.00010342508930984848,5.707077324069275e-05,0.00015886315965391016,0.999711691379738,0.018423105899047488,-0.01495354860416169,0.003676230656359322,a0f779f0ce964b47123ee7eb06ce2736bdfc2a837292f446a4ad17183214420b,c86449dc97e68fcc59af2032707f6b9c17ed131045ddbbfd25e7a1fc5d7c021f,3
A_real_single_mb_fixed,126,42.985982401037354,1,MB,0.00010342510994349758,5.7069041909982793e-05,0.0001588610401246213,0.999705894132927,0.018626702060828948,-0.015092445281161913,0.0036591394695031356,a0f779f0ce964b47123ee7eb06ce2736bdfc2a837292f446a4ad17183214420b,c86449dc97e68fcc59af2032707f6b9c17ed131045ddbbfd25e7a1fc5d7c021f,3
A_real_single_mb_fixed,127,42.985988546288745,1,MB,0.00010342513057714665,5.706731057927483e-05,0.00015885892059533494,0.9997000358404533,0.018830296885353568,-0.01523134090021303,0.003642048075953048,a0f779f0ce964b47123ee7eb06ce2736bdfc2a837292f446a4ad17183214420b,c86449dc97e68fcc59af2032707f6b9c17ed131045ddbbfd25e7a1fc5d7c021f,3
A_real_single_mb_fixed,128,42.98599469154014,1,MB,0.00010342515121079575,5.706557924856487e-05,0.0001588568010660461,0.9996941165035671,0.0190338903357959,-0.015370235436192578,0.0036249564788014767,a0f779f0ce964b47123ee7eb06ce2736bdfc2a837292f446a4ad17183214420b,c86449dc97e68fcc59af2032707f6b9c17ed131045ddbbfd25e7a1fc5d7c021f,3
A_real_single_mb_fixed,129,42.98600083679154,1,MB,0.00010342517184444485,5.7063847917854906e-05,0.00015885468153675725,0.999688136123573,0.019237482374625144,-0.015509128863496991,0.003607864681200233,a0f779f0ce964b47123ee7eb06ce2736bdfc2a837292f446a4ad17183214420b,c86449dc97e68fcc59af2032707f6b9c17ed131045ddbbfd25e7a1fc5d7c021f,3
A_real_single_mb_fixed,130,42.98600698204294,1,MB,0.00010342519247809395,5.706211658714495e-05,0.0001588525620074684,0.999682094701802,0.019441072964546835,-0.015648021156684015,0.003590772686281462,a0f779f0ce964b47123ee7eb06ce2736bdfc2a837292f446a4ad17183214420b,c86449dc97e68fcc59af2032707f6b9c17ed131045ddbbfd25e7a1fc5d7c021f,3
A_real_single_mb_fixed,131,42.986013127294335,1,MB,0.00010342521311174304,5.706038525643499e-05,0.00015885044247817957,0.9996759922396183,0.019644662068267447,-0.015786912290312097,0.0035736804971774065,a0f779f0ce964b47123ee7eb06ce2736bdfc2a837292f446a4ad17183214420b,c86449dc97e68fcc59af2032707f6b9c17ed131045ddbbfd25e7a1fc5d7c021f,3
A_real_single_mb_fixed,132,42.98601927254573,1,MB,0.00010342523374539214,5.7058653925725027e-05,0.00015884832294889073,0.9996698287384205,0.01984824964849444,-0.015925802238940457,0.0035565881170203984,a0f779f0ce964b47123ee7eb06ce2736bdfc2a837292f446a4ad17183214420b,c86449dc97e68fcc59af2032707f6b9c17ed131045ddbbfd25e7a1fc5d7c021f,3
A_real_single_mb_fixed,133,42.98602541779713,1,MB,0.00010342525437904123,5.7056922595015064e-05,0.00015884620341960189,0.99966360419964,0.02005183566793628,-0.016064690977129075,0.003539495548942864,a0f779f0ce964b47123ee7eb06ce2736bdfc2a837292f446a4ad17183214420b,c86449dc97e68fcc59af2032707f6b9c17ed131045ddbbfd25e7a1fc5d7c021f,3
A_real_single_mb_fixed,134,42.98603156304853,1,MB,0.00010342527501269033,5.70551912643051e-05,0.00015884408389031304,0.9996573186247419,0.020255420089302503,-0.016203578479438735,0.003522402796077315,a0f779f0ce964b47123ee7eb06ce2736bdfc2a837292f446a4ad17183214420b,c86449dc97e68fcc59af2032707f6b9c17ed131045ddbbfd25e7a1fc5d7c021f,3
A_real_single_mb_fixed,135,42.98603770829992,1,MB,0.00010342529564633941,5.7053459933597146e-05,0.00015884196436102664,0.9996509720152323,0.020459002875068303,-0.016342464720270438,0.00350530986157611,a0f779f0ce964b47123ee7eb06ce2736bdfc2a837292f446a4ad17183214420b,c86449dc97e68fcc59af2032707f6b9c17ed131045ddbbfd25e7a1fc5d7c021f,3
A_real_single_mb_fixed,136,42.986043853551315,1,MB,0.00010342531627998851,5.7051728602887184e-05,0.0001588398448317378,0.999644564372629,0.020662583988416198,-0.01648134967450781,0.0034882167485324007,a0f779f0ce964b47123ee7eb06ce2736bdfc2a837292f446a4ad17183214420b,c86449dc97e68fcc59af2032707f6b9c17ed131045ddbbfd25e7a1fc5d7c021f,3
A_real_single_mb_fixed,137,42.98604999880271,1,MB,0.0001034253369136376,5.704999727217722e-05,0.00015883772530244896,0.9996380956985051,0.02086616339182367,-0.01662023331655357,0.003471123460098705,a0f779f0ce964b47123ee7eb06ce2736bdfc2a837292f446a4ad17183214420b,c86449dc97e68fcc59af2032707f6b9c17ed131045ddbbfd25e7a1fc5d7c021f,3
A_real_single_mb_fixed,138,42.98605614405411,1,MB,0.0001034253575472867,5.704826594146726e-05,0.00015883560577316012,0.9996315659944599,0.021069741048004784,-0.016759115620971907,0.003454029999407856,a0f779f0ce964b47123ee7eb06ce2736bdfc2a837292f446a4ad17183214420b,c86449dc97e68fcc59af2032707f6b9c17ed131045ddbbfd25e7a1fc5d7c021f,3
A_real_single_mb_fixed,139,42.98606228930551,1,MB,0.00010342542275402683,5.704653341597966e-05,0.000158833408563011,0.9996274432277762,0.021166783674361818,-0.016874181600094407,0.003493423837540962,a0f779f0ce964b47123ee7eb06ce2736bdfc2a837292f446a4ad17183214420b,c86449dc97e68fcc59af2032707f6b9c17ed131045ddbbfd25e7a1fc5d7c021f,4
A_real_single_mb_fixed,140,42.986068434556906,1,MB,0.00010342550876154276,5.704480033292917e-05,0.00015883117510179373,0.9996244478595208,0.021214110217418352,-0.01697813352420607,0.0035591784537678433,a0f779f0ce964b47123ee7eb06ce2736bdfc2a837292f446a4ad17183214420b,c86449dc97e68fcc59af2032707f6b9c17ed131045ddbbfd25e7a1fc5d7c021f,4
A_real_single_mb_fixed,141,42.9860745798083,1,MB,0.0001034255947690587,5.7043067249878676e-05,0.00015882894164057648,0.9996214351173862,0.02126143642249925,-0.017082085220680488,0.003624933050785945,a0f779f0ce964b47123ee7eb06ce2736bdfc2a837292f446a4ad17183214420b,c86449dc97e68fcc59af2032707f6b9c17ed131045ddbbfd25e7a1fc5d7c021f,4
A_real_single_mb_fixed,142,42.9860807250597,1,MB,0.00010342568077657463,5.7041334166828186e-05,0.00015882670817935924,0.9996184050014969,0.021308762287136473,-0.017186036684097607,0.0036906876251670486,a0f779f0ce964b47123ee7eb06ce2736bdfc2a837292f446a4ad17183214420b,c86449dc97e68fcc59af2032707f6b9c17ed131045ddbbfd25e7a1fc5d7c021f,4
A_real_single_mb_fixed,143,42.98608687031109,1,MB,0.00010342576678409047,5.7039601083779695e-05,0.00015882447471814458,0.9996153575119832,0.02135608780880731,-0.017289987908917188,0.0037564421734068982,a0f779f0ce964b47123ee7eb06ce2736bdfc2a837292f446a4ad17183214420b,c86449dc97e68fcc59af2032707f6b9c17ed131045ddbbfd25e7a1fc5d7c021f,4
A_real_single_mb_fixed,144,42.98609301556249,1,MB,0.00010342585279160641,5.70378680007292e-05,0.0001588222412569273,0.9996122926489676,0.02140341298515325,-0.017393938889959628,0.0038221966922293276,a0f779f0ce964b47123ee7eb06ce2736bdfc2a837292f446a4ad17183214420b,c86449dc97e68fcc59af2032707f6b9c17ed131045ddbbfd25e7a1fc5d7c021f,4
A_real_single_mb_fixed,145,42.986099160813886,1,MB,0.00010342593879912234,5.703613491767871e-05,0.00015882000779571007,0.9996092104125861,0.021450737813651692,-0.017497889621684738,0.0038879511781300803,a0f779f0ce964b47123ee7eb06ce2736bdfc2a837292f446a4ad17183214420b,c86449dc97e68fcc59af2032707f6b9c17ed131045ddbbfd25e7a1fc5d7c021f,4
A_real_single_mb_fixed,146,42.986105306065284,1,MB,0.00010342602480663827,5.703440183462821e-05,0.00015881777433449283,0.9996061108029737,0.021498062291834784,-0.017601840098672574,0.003953705627680929,a0f779f0ce964b47123ee7eb06ce2736bdfc2a837292f446a4ad17183214420b,c86449dc97e68fcc59af2032707f6b9c17ed131045ddbbfd25e7a1fc5d7c021f,4
A_real_single_mb_fixed,147,42.98611145131668,1,MB,0.00010342611081415421,5.703266875157772e-05,0.00015881554087327556,0.999602993820268,0.021545386417234736,-0.017705790315503227,0.004019460037453648,a0f779f0ce964b47123ee7eb06ce2736bdfc2a837292f446a4ad17183214420b,c86449dc97e68fcc59af2032707f6b9c17ed131045ddbbfd25e7a1fc5d7c021f,4
A_real_single_mb_fixed,148,42.98611759656808,1,MB,0.00010342619682167014,5.7030935668527224e-05,0.00015881330741205832,0.9995998594646098,0.02159271018738381,-0.017809740266756812,0.004085214404020011,a0f779f0ce964b47123ee7eb06ce2736bdfc2a837292f446a4ad17183214420b,c86449dc97e68fcc59af2032707f6b9c17ed131045ddbbfd25e7a1fc5d7c021f,4
A_real_single_mb_fixed,149,42.986123741819476,1,MB,0.00010342628282918606,5.7029202585476734e-05,0.00015881107395084108,0.999596707736142,0.02164003359981432,-0.01791368994701348,0.0041509687239517975,a0f779f0ce964b47123ee7eb06ce2736bdfc2a837292f446a4ad17183214420b,c86449dc97e68fcc59af2032707f6b9c17ed131045ddbbfd25e7a1fc5d7c021f,4
A_real_single_mb_fixed,150,42.986129887070874,1,MB,0.00010342636883670201,5.702746950242624e-05,0.0001588088404896238,0.9995935386350105,0.021687356652058627,-0.01801763935085342,0.004216722993820788,a0f779f0ce964b47123ee7eb06ce2736bdfc2a837292f446a4ad17183214420b,c86449dc97e68fcc59af2032707f6b9c17ed131045ddbbfd25e7a1fc5d7c021f,4
A_real_single_mb_fixed,151,42.986136032322264,1,MB,0.00010342645484421784,5.702573641937775e-05,0.00015880660702840914,0.9995903521613679,0.021734679341594447,-0.018121588472736674,0.004282477210122742,a0f779f0ce964b47123ee7eb06ce2736bdfc2a837292f446a4ad17183214420b,c86449dc97e68fcc59af2032707f6b9c17ed131045ddbbfd25e7a1fc5d7c021f,4
A_real_single_mb_fixed,152,42.98614217757366,1,MB,0.00010342654085173377,5.7024003336327256e-05,0.0001588043735671919,0.9995871483153581,0.021782001666063675,-0.018225537307483886,0.004348231369581505,a0f779f0ce964b47123ee7eb06ce2736bdfc2a837292f446a4ad17183214420b,c86449dc97e68fcc59af2032707f6b9c17ed131045ddbbfd25e7a1fc5d7c021f,4
A_real_single_mb_fixed,153,42.98614832282506,1,MB,0.0001034266268592497,5.702227025327676e-05,0.00015880214010597466,0.9995839270971387,0.02182932362294412,-0.018329485849555162,0.0044139854686928446,a0f779f0ce964b47123ee7eb06ce2736bdfc2a837292f446a4ad17183214420b,c86449dc97e68fcc59af2032707f6b9c17ed131045ddbbfd25e7a1fc5d7c021f,4
A_real_single_mb_fixed,154,42.98615446807646,1,MB,0.00010342671286676564,5.702053717022627e-05,0.0001587999066447574,0.9995806885068665,0.021876645209768383,-0.01843343409353087,0.004479739504028569,a0f779f0ce964b47123ee7eb06ce2736bdfc2a837292f446a4ad17183214420b,c86449dc97e68fcc59af2032707f6b9c17ed131045ddbbfd25e7a1fc5d7c021f,4
A_real_single_mb_fixed,155,42.986160613327854,1,MB,0.00010342679887428157,5.701880408717577e-05,0.00015879767318354015,0.9995774325447012,0.021923966424069106,-0.01853738203399139,0.004545493472160491,a0f779f0ce964b47123ee7eb06ce2736bdfc2a837292f446a4ad17183214420b,c86449dc97e68fcc59af2032707f6b9c17ed131045ddbbfd25e7a1fc5d7c021f,3
A_real_single_mb_fixed,156,42.98616675857925,1,MB,0.00010342688488179751,5.701707100412528e-05,0.0001587954397223229,0.9995741592108048,0.02197128726337897,-0.01864132966551716,0.004611247369660425,a0f779f0ce964b47123ee7eb06ce2736bdfc2a837292f446a4ad17183214420b,c86449dc97e68fcc59af2032707f6b9c17ed131045ddbbfd25e7a1fc5d7c021f,3
A_real_single_mb_fixed,157,42.98617290383065,1,MB,0.00010342697088931344,5.7015337921074785e-05,0.00015879320626110564,0.9995708685053424,0.022018607725230746,-0.018745276982688668,0.004677001193100209,a0f779f0ce964b47123ee7eb06ce2736bdfc2a837292f446a4ad17183214420b,c86449dc97e68fcc59af2032707f6b9c17ed131045ddbbfd25e7a1fc5d7c021f,3
A_real_single_mb_fixed,158,42.98617904908205,1,MB,0.00010342705689682937,5.7013604838024294e-05,0.0001587909727998884,0.9995675604284815,0.022065927807157246,-0.018849223980086448,0.004742754939051681,a0f779f0ce964b47123ee7eb06ce2736bdfc2a837292f446a4ad17183214420b,c86449dc97e68fcc59af2032707f6b9c17ed131045ddbbfd25e7a1fc5d7c021f,3
A_real_single_mb_fixed,159,42.98618519433344,1,MB,0.0001034271429043452,5.70118717549758e-05,0.00015878873933867374,0.9995642349803964,0.02211324750663663,-0.01895317065217088,0.004808508604010668,a0f779f0ce964b47123ee7eb06ce2736bdfc2a837292f446a4ad17183214420b,c86449dc97e68fcc59af2032707f6b9c17ed131045ddbbfd25e7a1fc5d7c021f,3
A_real_single_mb_fixed,160,42.986191339584835,1,MB,0.00010342722891186114,5.701013867192531e-05,0.0001587865058774565,0.9995608921612524,0.02216056682131126,-0.01905711699376298,0.0048742621847010885,a0f779f0ce964b47123ee7eb06ce2736bdfc2a837292f446a4ad17183214420b,c86449dc97e68fcc59af2032707f6b9c17ed131045ddbbfd25e7a1fc5d7c021f,3
A_real_single_mb_fixed,161,42.98619748483623,1,MB,0.00010342731491937707,5.7008405588874816e-05,0.00015878427241623923,0.9995575319712294,0.022207885748659416,-0.019161062999323242,0.004940015677618795,a0f779f0ce964b47123ee7eb06ce2736bdfc2a837292f446a4ad17183214420b,c86449dc97e68fcc59af2032707f6b9c17ed131045ddbbfd25e7a1fc5d7c021f,3
A_real_single_mb_fixed,162,42.98620363008763,1,MB,0.000103427400926893,5.700667250582432e-05,0.000158782038955022,0.9995541544105058,0.02225520428621415,-0.0192650086634324,0.005005769079335681,a0f779f0ce964b47123ee7eb06ce2736bdfc2a837292f446a4ad17183214420b,c86449dc97e68fcc59af2032707f6b9c17ed131045ddbbfd25e7a1fc5d7c021f,3
A_real_single_mb_fixed,163,42.98620977533903,1,MB,0.00010342748693440894,5.700493942277383e-05,0.00015877980549380475,0.9995507594792626,0.02230252243150858,-0.019368953980671243,0.005071522386423653,a0f779f0ce964b47123ee7eb06ce2736bdfc2a837292f446a4ad17183214420b,c86449dc97e68fcc59af2032707f6b9c17ed131045ddbbfd25e7a1fc5d7c021f,3
A_real_single_mb_fixed,164,42.986215920590425,1,MB,0.00010342757294192487,5.700320633972333e-05,0.00015877757203258748,0.999547347177684,0.02234984018207589,-0.01947289894562062,0.005137275595454637,a0f779f0ce964b47123ee7eb06ce2736bdfc2a837292f446a4ad17183214420b,c86449dc97e68fcc59af2032707f6b9c17ed131045ddbbfd25e7a1fc5d7c021f,3
A_real_single_mb_fixed,165,42.98622206584182,1,MB,0.00010342765894944081,5.700147325667284e-05,0.00015877533857137024,0.9995439175059567,0.02239715753544931,-0.019576843552861437,0.005203028703000573,a0f779f0ce964b47123ee7eb06ce2736bdfc2a837292f446a4ad17183214420b,c86449dc97e68fcc59af2032707f6b9c17ed131045ddbbfd25e7a1fc5d7c021f,3
A_real_single_mb_fixed,166,42.98622821109322,1,MB,0.00010342774495695674,5.6999740173622345e-05,0.000158773105110153,0.99954047046427,0.022444474489162154,-0.01968078779697465,0.005268781705633419,a0f779f0ce964b47123ee7eb06ce2736bdfc2a837292f446a4ad17183214420b,c86449dc97e68fcc59af2032707f6b9c17ed131045ddbbfd25e7a1fc5d7c021f,3
A_real_single_mb_fixed,167,42.98623435634461,1,MB,0.00010342783096447258,5.699800709057386e-05,0.00015877087164893833,0.99953700605282,0.022491791040693078,-0.019784731672421105,0.005334534599849125,a0f779f0ce964b47123ee7eb06ce2736bdfc2a837292f446a4ad17183214420b,c86449dc97e68fcc59af2032707f6b9c17ed131045ddbbfd25e7a1fc5d7c021f,3
A_real_single_mb_fixed,168,42.98624050159601,1,MB,0.0001034279169719885,5.6996274007523364e-05,0.00015876863818772106,0.9995335242717935,0.022539107187684947,-0.01988867517402226,0.005400287382371746,a0f779f0ce964b47123ee7eb06ce2736bdfc2a837292f446a4ad17183214420b,c86449dc97e68fcc59af2032707f6b9c17ed131045ddbbfd25e7a1fc5d7c021f,3
A_real_single_mb_fixed,169,42.986246646847405,1,MB,0.00010342800297950445,5.6994540924472874e-05,0.00015876640472650382,0.9995300251213921,0.02258642292761653,-0.019992618296239065,0.005466040049697267,a0f779f0ce964b47123ee7eb06ce2736bdfc2a837292f446a4ad17183214420b,c86449dc97e68fcc59af2032707f6b9c17ed131045ddbbfd25e7a1fc5d7c021f,3
A_real_single_mb_fixed,170,42.9862527920988,1,MB,0.00010342808898702038,5.699280784142238e-05,0.00015876417126528658,0.9995265086018161,0.022633738258021407,-0.02009656103365275,0.005531792598397731,a0f779f0ce964b47123ee7eb06ce2736bdfc2a837292f446a4ad17183214420b,c86449dc97e68fcc59af2032707f6b9c17ed131045ddbbfd25e7a1fc5d7c021f,3
A_real_single_mb_fixed,171,42.9862589373502,1,MB,0.0001034281749945363,5.699107475837188e-05,0.0001587619378040693,0.9995229747132683,0.022681053176433198,-0.020200503380844583,0.005597545025045195,a0f779f0ce964b47123ee7eb06ce2736bdfc2a837292f446a4ad17183214420b,c86449dc97e68fcc59af2032707f6b9c17ed131045ddbbfd25e7a1fc5d7c021f,3
A_real_single_mb_fixed,172,42.9862650826016,1,MB,0.00010342826100205225,5.698934167532139e-05,0.00015875970434285207,0.9995194234559546,0.02272836768038562,-0.020304445332395914,0.005663297326211746,a0f779f0ce964b47123ee7eb06ce2736bdfc2a837292f446a4ad17183214420b,c86449dc97e68fcc59af2032707f6b9c17ed131045ddbbfd25e7a1fc5d7c021f,3
A_real_single_mb_fixed,173,42.986271227852995,1,MB,0.00010342834700956817,5.698760859227089e-05,0.00015875747088163483,0.9995158548300831,0.022775681767412435,-0.020408386882888162,0.005729049498469492,a0f779f0ce964b47123ee7eb06ce2736bdfc2a837292f446a4ad17183214420b,c86449dc97e68fcc59af2032707f6b9c17ed131045ddbbfd25e7a1fc5d7c021f,3
A_real_single_mb_fixed,174,42.98627737310439,1,MB,0.00010342843301708412,5.69858755092204e-05,0.00015875523742041756,0.9995122688358653,0.02282299543504747,-0.020512328026902803,0.005794801538390566,a0f779f0ce964b47123ee7eb06ce2736bdfc2a837292f446a4ad17183214420b,c86449dc97e68fcc59af2032707f6b9c17ed131045ddbbfd25e7a1fc5d7c021f,3
A_real_single_mb_fixed,175,42.98628351835578,1,MB,0.00010342851902459995,5.698414242617191e-05,0.0001587530039592029,0.999508665473519,0.022870308680769925,-0.020616268758901234,0.0058605534424711015,a0f779f0ce964b47123ee7eb06ce2736bdfc2a837292f446a4ad17183214420b,c86449dc97e68fcc59af2032707f6b9c17ed131045ddbbfd25e7a1fc5d7c021f,3
A_real_single_mb_fixed,176,42.98628966360718,1,MB,0.00010342860503211588,5.698240934312142e-05,0.00015875077049798565,0.9995050447432525,0.0229176215022232,-0.020720209073705424,0.005926305207435336,a0f779f0ce964b47123ee7eb06ce2736bdfc2a837292f446a4ad17183214420b,c86449dc97e68fcc59af2032707f6b9c17ed131045ddbbfd25e7a1fc5d7c021f,3
A_real_single_mb_fixed,177,42.98629580885858,1,MB,0.00010342869103963181,5.6980676260070925e-05,0.00015874853703676841,0.9995014066452891,0.022964933896886624,-0.02082414896577691,0.005992056829779453,a0f779f0ce964b47123ee7eb06ce2736bdfc2a837292f446a4ad17183214420b,c86449dc97e68fcc59af2032707f6b9c17ed131045ddbbfd25e7a1fc5d7c021f,3
A_real_single_mb_fixed,178,42.986301954109976,1,MB,0.00010342877704714775,5.6978943177020435e-05,0.00015874630357555115,0.9994977511798507,0.02301224586229431,-0.02092808842969746,0.006057808306075701,a0f779f0ce964b47123ee7eb06ce2736bdfc2a837292f446a4ad17183214420b,c86449dc97e68fcc59af2032707f6b9c17ed131045ddbbfd25e7a1fc5d7c021f,3
A_real_single_mb_fixed,179,42.98630809936137,1,MB,0.00010342886305466368,5.697721009396994e-05,0.0001587440701143339,0.9994940783471624,0.023059557395980465,-0.021032027460048956,0.006123559632896346,a0f779f0ce964b47123ee7eb06ce2736bdfc2a837292f446a4ad17183214420b,c86449dc97e68fcc59af2032707f6b9c17ed131045ddbbfd25e7a1fc5d7c021f,3
B_real_mixed_smoke_orbit,1,0.2621116347522035,1,RBC,0.00010357106141293392,5.720681635072885e-05,0.00015912539989991817,-0.5712935121053221,-0.051676304068275995,-0.535976592172964,0.6194210000208789,950fe4e020fd36649e54b8d8295f37a8e30ac5026f81bea5b49c48503fe79279,ca2a2fd87d7f4e36e27b47e17b40db4de4ee29f05417bb9cc5f9da4b889eacc0,2
B_real_mixed_smoke_orbit,2,0.524223269504407,1,RBC,0.00010357106141293392,5.720681635072885e-05,0.00015912539989991817,-0.5712935121053221,-0.051676304068275995,-0.535976592172964,0.6194210000208789,950fe4e020fd36649e54b8d8295f37a8e30ac5026f81bea5b49c48503fe79279,ca2a2fd87d7f4e36e27b47e17b40db4de4ee29f05417bb9cc5f9da4b889eacc0,2
B_real_mixed_smoke_orbit,3,0.7863349042566106,1,RBC,0.00010357106141293392,5.720681635072885e-05,0.00015912539989991817,-0.5712935121053221,-0.051676304068275995,-0.535976592172964,0.6194210000208789,950fe4e020fd36649e54b8d8295f37a8e30ac5026f81bea5b49c48503fe79279,ca2a2fd87d7f4e36e27b47e17b40db4de4ee29f05417bb9cc5f9da4b889eacc0,2
B_real_mixed_smoke_orbit,4,1.048446539008814,1,RBC,0.00010357106141293392,5.720681635072885e-05,0.00015912539989991817,-0.5712935121053221,-0.051676304068275995,-0.535976592172964,0.6194210000208789,950fe4e020fd36649e54b8d8295f37a8e30ac5026f81bea5b49c48503fe79279,ca2a2fd87d7f4e36e27b47e17b40db4de4ee29f05417bb9cc5f9da4b889eacc0,2
B_real_mixed_smoke_orbit,5,1.3105581737610175,1,RBC,0.00010357106141293392,5.720681635072885e-05,0.00015912539989991817,-0.5712935121053221,-0.051676304068275995,-0.535976592172964,0.6194210000208789,950fe4e020fd36649e54b8d8295f37a8e30ac5026f81bea5b49c48503fe79279,ca2a2fd87d7f4e36e27b47e17b40db4de4ee29f05417bb9cc5f9da4b889eacc0,2
B_real_mixed_smoke_orbit,6,1.5726698085132211,1,RBC,0.00010357106141293392,5.720681635072885e-05,0.00015912539989991817,-0.5712935121053221,-0.051676304068275995,-0.535976592172964,0.6194210000208789,950fe4e020fd36649e54b8d8295f37a8e30ac5026f81bea5b49c48503fe79279,ca2a2fd87d7f4e36e27b47e17b40db4de4ee29f05417bb9cc5f9da4b889eacc0,2
B_real_mixed_smoke_orbit,7,1.8347814432654246,1,RBC,0.00010357106141293392,5.720681635072885e-05,0.00015912539989991817,-0.5712935121053221,-0.051676304068275995,-0.535976592172964,0.6194210000208789,950fe4e020fd36649e54b8d8295f37a8e30ac5026f81bea5b49c48503fe79279,ca2a2fd87d7f4e36e27b47e17b40db4de4ee29f05417bb9cc5f9da4b889eacc0,2
B_real_mixed_smoke_orbit,8,2.096893078017628,1,RBC,0.00010357106141293392,5.720681635072885e-05,0.00015912539989991817,-0.5712935121053221,-0.051676304068275995,-0.535976592172964,0.6194210000208789,950fe4e020fd36649e54b8d8295f37a8e30ac5026f81bea5b49c48503fe79279,ca2a2fd87d7f4e36e27b47e17b40db4de4ee29f05417bb9cc5f9da4b889eacc0,2
B_real_mixed_smoke_orbit,9,2.3590047127698317,1,RBC,0.00010357106141293392,5.720681635072885e-05,0.00015912539989991817,-0.5712935121053221,-0.051676304068275995,-0.535976592172964,0.6194210000208789,950fe4e020fd36649e54b8d8295f37a8e30ac5026f81bea5b49c48503fe79279,ca2a2fd87d7f4e36e27b47e17b40db4de4ee29f05417bb9cc5f9da4b889eacc0,2
B_real_mixed_smoke_orbit,10,2.621116347522035,1,RBC,0.00010357106141293392,5.720681635072885e-05,0.00015912539989991817,-0.5712935121053221,-0.051676304068275995,-0.535976592172964,0.6194210000208789,950fe4e020fd36649e54b8d8295f37a8e30ac5026f81bea5b49c48503fe79279,ca2a2fd87d7f4e36e27b47e17b40db4de4ee29f05417bb9cc5f9da4b889eacc0,2
B_real_mixed_smoke_orbit,11,2.8832279822742386,1,RBC,0.00010357106141293392,5.720681635072885e-05,0.00015912539989991817,-0.5712935121053221,-0.051676304068275995,-0.535976592172964,0.6194210000208789,950fe4e020fd36649e54b8d8295f37a8e30ac5026f81bea5b49c48503fe79279,ca2a2fd87d7f4e36e27b47e17b40db4de4ee29f05417bb9cc5f9da4b889eacc0,2
B_real_mixed_smoke_orbit,12,3.1453396170264423,1,RBC,0.00010357106141293392,5.720681635072885e-05,0.00015912539989991817,-0.5712935121053221,-0.051676304068275995,-0.535976592172964,0.6194210000208789,950fe4e020fd36649e54b8d8295f37a8e30ac5026f81bea5b49c48503fe79279,ca2a2fd87d7f4e36e27b47e17b40db4de4ee29f05417bb9cc5f9da4b889eacc0,2
B_real_mixed_smoke_orbit,13,3.4074512517786455,1,RBC,0.00010357106141293392,5.720681635072885e-05,0.00015912539989991817,-0.5712935121053221,-0.051676304068275995,-0.535976592172964,0.6194210000208789,950fe4e020fd36649e54b8d8295f37a8e30ac5026f81bea5b49c48503fe79279,ca2a2fd87d7f4e36e27b47e17b40db4de4ee29f05417bb9cc5f9da4b889eacc0,2
B_real_mixed_smoke_orbit,14,3.669562886530849,1,RBC,0.00010357106141293392,5.720681635072885e-05,0.00015912539989991817,-0.5712935121053221,-0.051676304068275995,-0.535976592172964,0.6194210000208789,950fe4e020fd36649e54b8d8295f37a8e30ac5026f81bea5b49c48503fe79279,ca2a2fd87d7f4e36e27b47e17b40db4de4ee29f05417bb9cc5f9da4b889eacc0,2
B_real_mixed_smoke_orbit,15,3.9316745212830524,1,RBC,0.00010357106141293392,5.720681635072885e-05,0.00015912539989991817,-0.5712935121053221,-0.051676304068275995,-0.535976592172964,0.6194210000208789,950fe4e020fd36649e54b8d8295f37a8e30ac5026f81bea5b49c48503fe79279,ca2a2fd87d7f4e36e27b47e17b40db4de4ee29f05417bb9cc5f9da4b889eacc0,2
B_real_mixed_smoke_orbit,16,4.193786156035256,1,RBC,0.00010357106141293392,5.720681635072885e-05,0.00015912539989991817,-0.5712935121053221,-0.051676304068275995,-0.535976592172964,0.6194210000208789,950fe4e020fd36649e54b8d8295f37a8e30ac5026f81bea5b49c48503fe79279,ca2a2fd87d7f4e36e27b47e17b40db4de4ee29f05417bb9cc5f9da4b889eacc0,2
B_real_mixed_smoke_orbit,17,4.45589779078746,1,RBC,0.00010357106141293392,5.720681635072885e-05,0.00015912539989991817,-0.5712935121053221,-0.051676304068275995,-0.535976592172964,0.6194210000208789,950fe4e020fd36649e54b8d8295f37a8e30ac5026f81bea5b49c48503fe79279,ca2a2fd87d7f4e36e27b47e17b40db4de4ee29f05417bb9cc5f9da4b889eacc0,2
B_real_mixed_smoke_orbit,18,4.718009425539663,1,RBC,0.00010357106141293392,5.720681635072885e-05,0.00015912539989991817,-0.5712935121053221,-0.051676304068275995,-0.535976592172964,0.6194210000208789,950fe4e020fd36649e54b8d8295f37a8e30ac5026f81bea5b49c48503fe79279,ca2a2fd87d7f4e36e27b47e17b40db4de4ee29f05417bb9cc5f9da4b889eacc0,2
B_real_mixed_smoke_orbit,19,4.980121060291866,1,RBC,0.00010357106141293392,5.720681635072885e-05,0.00015912539989991817,-0.5712935121053221,-0.051676304068275995,-0.535976592172964,0.6194210000208789,950fe4e020fd36649e54b8d8295f37a8e30ac5026f81bea5b49c48503fe79279,ca2a2fd87d7f4e36e27b47e17b40db4de4ee29f05417bb9cc5f9da4b889eacc0,2
B_real_mixed_smoke_orbit,20,5.24223269504407,1,RBC,0.00010357106141293392,5.720681635072885e-05,0.00015912539989991817,-0.5712935121053221,-0.051676304068275995,-0.535976592172964,0.6194210000208789,950fe4e020fd36649e54b8d8295f37a8e30ac5026f81bea5b49c48503fe79279,ca2a2fd87d7f4e36e27b47e17b40db4de4ee29f05417bb9cc5f9da4b889eacc0,2
B_real_mixed_smoke_orbit,21,5.5043443297962735,1,RBC,0.00010357106141293392,5.720681635072885e-05,0.00015912539989991817,-0.5712935121053221,-0.051676304068275995,-0.535976592172964,0.6194210000208789,950fe4e020fd36649e54b8d8295f37a8e30ac5026f81bea5b49c48503fe79279,ca2a2fd87d7f4e36e27b47e17b40db4de4ee29f05417bb9cc5f9da4b889eacc0,2
B_real_mixed_smoke_orbit,22,5.766455964548477,1,RBC,0.00010357106141293392,5.720681635072885e-05,0.00015912539989991817,-0.5712935121053221,-0.051676304068275995,-0.535976592172964,0.6194210000208789,950fe4e020fd36649e54b8d8295f37a8e30ac5026f81bea5b49c48503fe79279,ca2a2fd87d7f4e36e27b47e17b40db4de4ee29f05417bb9cc5f9da4b889eacc0,2
B_real_mixed_smoke_orbit,23,6.028567599300681,1,RBC,0.00010357106141293392,5.720681635072885e-05,0.00015912539989991817,-0.5712935121053221,-0.051676304068275995,-0.535976592172964,0.6194210000208789,950fe4e020fd36649e54b8d8295f37a8e30ac5026f81bea5b49c48503fe79279,ca2a2fd87d7f4e36e27b47e17b40db4de4ee29f05417bb9cc5f9da4b889eacc0,2
B_real_mixed_smoke_orbit,24,6.2906792340528845,1,RBC,0.00010357106141293392,5.720681635072885e-05,0.00015912539989991817,-0.5712935121053221,-0.051676304068275995,-0.535976592172964,0.6194210000208789,950fe4e020fd36649e54b8d8295f37a8e30ac5026f81bea5b49c48503fe79279,ca2a2fd87d7f4e36e27b47e17b40db4de4ee29f05417bb9cc5f9da4b889eacc0,2
B_real_mixed_smoke_orbit,25,6.552790868805087,1,RBC,0.00010357106141293392,5.720681635072885e-05,0.00015912539989991817,-0.5712935121053221,-0.051676304068275995,-0.535976592172964,0.6194210000208789,950fe4e020fd36649e54b8d8295f37a8e30ac5026f81bea5b49c48503fe79279,ca2a2fd87d7f4e36e27b47e17b40db4de4ee29f05417bb9cc5f9da4b889eacc0,2
B_real_mixed_smoke_orbit,26,6.814902503557291,1,RBC,0.00010357106141293392,5.720681635072885e-05,0.00015912539989991817,-0.5712935121053221,-0.051676304068275995,-0.535976592172964,0.6194210000208789,950fe4e020fd36649e54b8d8295f37a8e30ac5026f81bea5b49c48503fe79279,ca2a2fd87d7f4e36e27b47e17b40db4de4ee29f05417bb9cc5f9da4b889eacc0,2
B_real_mixed_smoke_orbit,27,7.077014138309495,1,RBC,0.00010357106141293392,5.720681635072885e-05,0.00015912539989991817,-0.5712935121053221,-0.051676304068275995,-0.535976592172964,0.6194210000208789,950fe4e020fd36649e54b8d8295f37a8e30ac5026f81bea5b49c48503fe79279,ca2a2fd87d7f4e36e27b47e17b40db4de4ee29f05417bb9cc5f9da4b889eacc0,2
B_real_mixed_smoke_orbit,28,7.339125773061698,1,RBC,0.00010357106141293392,5.720681635072885e-05,0.00015912539989991817,-0.5712935121053221,-0.051676304068275995,-0.535976592172964,0.6194210000208789,950fe4e020fd36649e54b8d8295f37a8e30ac5026f81bea5b49c48503fe79279,ca2a2fd87d7f4e36e27b47e17b40db4de4ee29f05417bb9cc5f9da4b889eacc0,2
B_real_mixed_smoke_orbit,29,7.601237407813902,1,RBC,0.00010357106141293392,5.720681635072885e-05,0.00015912539989991817,-0.5712935121053221,-0.051676304068275995,-0.535976592172964,0.6194210000208789,950fe4e020fd36649e54b8d8295f37a8e30ac5026f81bea5b49c48503fe79279,ca2a2fd87d7f4e36e27b47e17b40db4de4ee29f05417bb9cc5f9da4b889eacc0,2
B_real_mixed_smoke_orbit,30,7.863349042566105,1,RBC,0.00010357106141293392,5.720681635072885e-05,0.00015912539989991817,-0.5712935121053221,-0.051676304068275995,-0.535976592172964,0.6194210000208789,950fe4e020fd36649e54b8d8295f37a8e30ac5026f81bea5b49c48503fe79279,ca2a2fd87d7f4e36e27b47e17b40db4de4ee29f05417bb9cc5f9da4b889eacc0,2
B_real_mixed_smoke_orbit,31,8.125460677318308,1,RBC,0.00010357106141293392,5.720681635072885e-05,0.00015912539989991817,-0.5712935121053221,-0.051676304068275995,-0.535976592172964,0.6194210000208789,950fe4e020fd36649e54b8d8295f37a8e30ac5026f81bea5b49c48503fe79279,ca2a2fd87d7f4e36e27b47e17b40db4de4ee29f05417bb9cc5f9da4b889eacc0,2
B_real_mixed_smoke_orbit,32,8.387572312070512,1,RBC,0.00010357106141293392,5.720681635072885e-05,0.00015912539989991817,-0.5712935121053221,-0.051676304068275995,-0.535976592172964,0.6194210000208789,950fe4e020fd36649e54b8d8295f37a8e30ac5026f81bea5b49c48503fe79279,ca2a2fd87d7f4e36e27b47e17b40db4de4ee29f05417bb9cc5f9da4b889eacc0,2
B_real_mixed_smoke_orbit,33,8.649683946822716,1,RBC,0.00010357106141293392,5.720681635072885e-05,0.00015912539989991817,-0.5712935121053221,-0.051676304068275995,-0.535976592172964,0.6194210000208789,950fe4e020fd36649e54b8d8295f37a8e30ac5026f81bea5b49c48503fe79279,ca2a2fd87d7f4e36e27b47e17b40db4de4ee29f05417bb9cc5f9da4b889eacc0,2
B_real_mixed_smoke_orbit,34,8.91179558157492,1,RBC,0.00010357106141293392,5.720681635072885e-05,0.00015912539989991817,-0.5712935121053221,-0.051676304068275995,-0.535976592172964,0.6194210000208789,950fe4e020fd36649e54b8d8295f37a8e30ac5026f81bea5b49c48503fe79279,ca2a2fd87d7f4e36e27b47e17b40db4de4ee29f05417bb9cc5f9da4b889eacc0,2
B_real_mixed_smoke_orbit,35,9.173907216327123,1,RBC,0.00010357106141293392,5.720681635072885e-05,0.00015912539989991817,-0.5712935121053221,-0.051676304068275995,-0.535976592172964,0.6194210000208789,950fe4e020fd36649e54b8d8295f37a8e30ac5026f81bea5b49c48503fe79279,ca2a2fd87d7f4e36e27b47e17b40db4de4ee29f05417bb9cc5f9da4b889eacc0,2
B_real_mixed_smoke_orbit,36,9.436018851079327,1,RBC,0.00010357106141293392,5.720681635072885e-05,0.00015912539989991817,-0.5712935121053221,-0.051676304068275995,-0.535976592172964,0.6194210000208789,950fe4e020fd36649e54b8d8295f37a8e30ac5026f81bea5b49c48503fe79279,ca2a2fd87d7f4e36e27b47e17b40db4de4ee29f05417bb9cc5f9da4b889eacc0,2
B_real_mixed_smoke_orbit,37,9.69813048583153,1,RBC,0.00010357106141293392,5.720681635072885e-05,0.00015912539989991817,-0.5712935121053221,-0.051676304068275995,-0.535976592172964,0.6194210000208789,950fe4e020fd36649e54b8d8295f37a8e30ac5026f81bea5b49c48503fe79279,ca2a2fd87d7f4e36e27b47e17b40db4de4ee29f05417bb9cc5f9da4b889eacc0,2
B_real_mixed_smoke_orbit,38,9.960242120583732,1,RBC,0.00010357106141293392,5.720681635072885e-05,0.00015912539989991817,-0.5712935121053221,-0.051676304068275995,-0.535976592172964,0.6194210000208789,950fe4e020fd36649e54b8d8295f37a8e30ac5026f81bea5b49c48503fe79279,ca2a2fd87d7f4e36e27b47e17b40db4de4ee29f05417bb9cc5f9da4b889eacc0,2
B_real_mixed_smoke_orbit,39,10.222353755335936,1,RBC,0.00010357106141293392,5.720681635072885e-05,0.00015912539989991817,-0.5712935121053221,-0.051676304068275995,-0.535976592172964,0.6194210000208789,950fe4e020fd36649e54b8d8295f37a8e30ac5026f81bea5b49c48503fe79279,ca2a2fd87d7f4e36e27b47e17b40db4de4ee29f05417bb9cc5f9da4b889eacc0,2
B_real_mixed_smoke_orbit,40,10.48446539008814,1,RBC,0.00010357106141293392,5.720681635072885e-05,0.00015912539989991817,-0.5712935121053221,-0.051676304068275995,-0.535976592172964,0.6194210000208789,950fe4e020fd36649e54b8d8295f37a8e30ac5026f81bea5b49c48503fe79279,ca2a2fd87d7f4e36e27b47e17b40db4de4ee29f05417bb9cc5f9da4b889eacc0,2
B_real_mixed_smoke_orbit,41,10.746577024840343,1,RBC,0.00010357106141293392,5.720681635072885e-05,0.00015912539989991817,-0.5712935121053221,-0.051676304068275995,-0.535976592172964,0.6194210000208789,950fe4e020fd36649e54b8d8295f37a8e30ac5026f81bea5b49c48503fe79279,ca2a2fd87d7f4e36e27b47e17b40db4de4ee29f05417bb9cc5f9da4b889eacc0,2
B_real_mixed_smoke_orbit,42,11.008688659592547,1,RBC,0.00010357106141293392,5.720681635072885e-05,0.00015912539989991817,-0.5712935121053221,-0.051676304068275995,-0.535976592172964,0.6194210000208789,950fe4e020fd36649e54b8d8295f37a8e30ac5026f81bea5b49c48503fe79279,ca2a2fd87d7f4e36e27b47e17b40db4de4ee29f05417bb9cc5f9da4b889eacc0,2
B_real_mixed_smoke_orbit,43,11.27080029434475,1,RBC,0.00010357106141293392,5.720681635072885e-05,0.00015912539989991817,-0.5712935121053221,-0.051676304068275995,-0.535976592172964,0.6194210000208789,950fe4e020fd36649e54b8d8295f37a8e30ac5026f81bea5b49c48503fe79279,ca2a2fd87d7f4e36e27b47e17b40db4de4ee29f05417bb9cc5f9da4b889eacc0,2
B_real_mixed_smoke_orbit,44,11.532911929096954,1,RBC,0.00010357106141293392,5.720681635072885e-05,0.00015912539989991817,-0.5712935121053221,-0.051676304068275995,-0.535976592172964,0.6194210000208789,950fe4e020fd36649e54b8d8295f37a8e30ac5026f81bea5b49c48503fe79279,ca2a2fd87d7f4e36e27b47e17b40db4de4ee29f05417bb9cc5f9da4b889eacc0,2
B_real_mixed_smoke_orbit,45,11.795023563849158,1,RBC,0.00010357106141293392,5.720681635072885e-05,0.00015912539989991817,-0.5712935121053221,-0.051676304068275995,-0.535976592172964,0.6194210000208789,950fe4e020fd36649e54b8d8295f37a8e30ac5026f81bea5b49c48503fe79279,ca2a2fd87d7f4e36e27b47e17b40db4de4ee29f05417bb9cc5f9da4b889eacc0,2
B_real_mixed_smoke_orbit,46,12.057135198601362,1,RBC,0.00010357106141293392,5.720681635072885e-05,0.00015912539989991817,-0.5712935121053221,-0.051676304068275995,-0.535976592172964,0.6194210000208789,950fe4e020fd36649e54b8d8295f37a8e30ac5026f81bea5b49c48503fe79279,ca2a2fd87d7f4e36e27b47e17b40db4de4ee29f05417bb9cc5f9da4b889eacc0,2
B_real_mixed_smoke_orbit,47,12.319246833353565,1,RBC,0.00010357106141293392,5.720681635072885e-05,0.00015912539989991817,-0.5712935121053221,-0.051676304068275995,-0.535976592172964,0.6194210000208789,950fe4e020fd36649e54b8d8295f37a8e30ac5026f81bea5b49c48503fe79279,ca2a2fd87d7f4e36e27b47e17b40db4de4ee29f05417bb9cc5f9da4b889eacc0,2
B_real_mixed_smoke_orbit,48,12.581358468105769,1,RBC,0.00010357106141293392,5.720681635072885e-05,0.00015912539989991817,-0.5712935121053221,-0.051676304068275995,-0.535976592172964,0.6194210000208789,950fe4e020fd36649e54b8d8295f37a8e30ac5026f81bea5b49c48503fe79279,ca2a2fd87d7f4e36e27b47e17b40db4de4ee29f05417bb9cc5f9da4b889eacc0,2
B_real_mixed_smoke_orbit,49,12.843470102857971,1,RBC,0.00010357106141293392,5.720681635072885e-05,0.00015912539989991817,-0.5712935121053221,-0.051676304068275995,-0.535976592172964,0.6194210000208789,950fe4e020fd36649e54b8d8295f37a8e30ac5026f81bea5b49c48503fe79279,ca2a2fd87d7f4e36e27b47e17b40db4de4ee29f05417bb9cc5f9da4b889eacc0,2
B_real_mixed_smoke_orbit,50,13.105581737610175,1,RBC,0.00010357106141293392,5.720681635072885e-05,0.00015912539989991817,-0.5712935121053221,-0.051676304068275995,-0.535976592172964,0.6194210000208789,950fe4e020fd36649e54b8d8295f37a8e30ac5026f81bea5b49c48503fe79279,ca2a2fd87d7f4e36e27b47e17b40db4de4ee29f05417bb9cc5f9da4b889eacc0,2
B_real_mixed_smoke_orbit,51,13.367693372362378,1,RBC,0.00010357106141293392,5.720681635072885e-05,0.00015912539989991817,-0.5712935121053221,-0.051676304068275995,-0.535976592172964,0.6194210000208789,950fe4e020fd36649e54b8d8295f37a8e30ac5026f81bea5b49c48503fe79279,ca2a2fd87d7f4e36e27b47e17b40db4de4ee29f05417bb9cc5f9da4b889eacc0,2
B_real_mixed_smoke_orbit,52,13.629805007114582,1,RBC,0.00010357106141293392,5.720681635072885e-05,0.00015912539989991817,-0.5712935121053221,-0.051676304068275995,-0.535976592172964,0.6194210000208789,950fe4e020fd36649e54b8d8295f37a8e30ac5026f81bea5b49c48503fe79279,ca2a2fd87d7f4e36e27b47e17b40db4de4ee29f05417bb9cc5f9da4b889eacc0,2
B_real_mixed_smoke_orbit,53,13.891916641866786,1,RBC,0.00010357106141293392,5.720681635072885e-05,0.00015912539989991817,-0.5712935121053221,-0.051676304068275995,-0.535976592172964,0.6194210000208789,950fe4e020fd36649e54b8d8295f37a8e30ac5026f81bea5b49c48503fe79279,ca2a2fd87d7f4e36e27b47e17b40db4de4ee29f05417bb9cc5f9da4b889eacc0,2
B_real_mixed_smoke_orbit,54,14.15402827661899,1,RBC,0.00010357106141293392,5.720681635072885e-05,0.00015912539989991817,-0.5712935121053221,-0.051676304068275995,-0.535976592172964,0.6194210000208789,950fe4e020fd36649e54b8d8295f37a8e30ac5026f81bea5b49c48503fe79279,ca2a2fd87d7f4e36e27b47e17b40db4de4ee29f05417bb9cc5f9da4b889eacc0,2
B_real_mixed_smoke_orbit,55,14.416139911371193,1,RBC,0.00010357106141293392,5.720681635072885e-05,0.00015912539989991817,-0.5712935121053221,-0.051676304068275995,-0.535976592172964,0.6194210000208789,950fe4e020fd36649e54b8d8295f37a8e30ac5026f81bea5b49c48503fe79279,ca2a2fd87d7f4e36e27b47e17b40db4de4ee29f05417bb9cc5f9da4b889eacc0,2
B_real_mixed_smoke_orbit,56,14.678251546123397,1,RBC,0.00010357106141293392,5.720681635072885e-05,0.00015912539989991817,-0.5712935121053221,-0.051676304068275995,-0.535976592172964,0.6194210000208789,950fe4e020fd36649e54b8d8295f37a8e30ac5026f81bea5b49c48503fe79279,ca2a2fd87d7f4e36e27b47e17b40db4de4ee29f05417bb9cc5f9da4b889eacc0,2
B_real_mixed_smoke_orbit,57,14.9403631808756,1,RBC,0.00010357106141293392,5.720681635072885e-05,0.00015912539989991817,-0.5712935121053221,-0.051676304068275995,-0.535976592172964,0.6194210000208789,950fe4e020fd36649e54b8d8295f37a8e30ac5026f81bea5b49c48503fe79279,ca2a2fd87d7f4e36e27b47e17b40db4de4ee29f05417bb9cc5f9da4b889eacc0,2
B_real_mixed_smoke_orbit,58,15.202474815627804,1,RBC,0.00010357106141293392,5.720681635072885e-05,0.00015912539989991817,-0.5712935121053221,-0.051676304068275995,-0.535976592172964,0.6194210000208789,950fe4e020fd36649e54b8d8295f37a8e30ac5026f81bea5b49c48503fe79279,ca2a2fd87d7f4e36e27b47e17b40db4de4ee29f05417bb9cc5f9da4b889eacc0,2
B_real_mixed_smoke_orbit,59,15.464586450380006,1,RBC,0.00010357106141293392,5.720681635072885e-05,0.00015912539989991817,-0.5712935121053221,-0.051676304068275995,-0.535976592172964,0.6194210000208789,950fe4e020fd36649e54b8d8295f37a8e30ac5026f81bea5b49c48503fe79279,ca2a2fd87d7f4e36e27b47e17b40db4de4ee29f05417bb9cc5f9da4b889eacc0,2
B_real_mixed_smoke_orbit,60,15.72669808513221,1,RBC,0.00010357106141293392,5.720681635072885e-05,0.00015912539989991817,-0.5712935121053221,-0.051676304068275995,-0.535976592172964,0.6194210000208789,950fe4e020fd36649e54b8d8295f37a8e30ac5026f81bea5b49c48503fe79279,ca2a2fd87d7f4e36e27b47e17b40db4de4ee29f05417bb9cc5f9da4b889eacc0,2
B_real_mixed_smoke_orbit,61,15.988809719884413,1,RBC,0.00010357106141293392,5.720681635072885e-05,0.00015912539989991817,-0.5712935121053221,-0.051676304068275995,-0.535976592172964,0.6194210000208789,950fe4e020fd36649e54b8d8295f37a8e30ac5026f81bea5b49c48503fe79279,ca2a2fd87d7f4e36e27b47e17b40db4de4ee29f05417bb9cc5f9da4b889eacc0,2
B_real_mixed_smoke_orbit,62,16.250921354636617,1,RBC,0.00010357106141293392,5.720681635072885e-05,0.00015912539989991817,-0.5712935121053221,-0.051676304068275995,-0.535976592172964,0.6194210000208789,950fe4e020fd36649e54b8d8295f37a8e30ac5026f81bea5b49c48503fe79279,ca2a2fd87d7f4e36e27b47e17b40db4de4ee29f05417bb9cc5f9da4b889eacc0,2
B_real_mixed_smoke_orbit,63,16.513032989388822,1,RBC,0.00010357106141293392,5.720681635072885e-05,0.00015912539989991817,-0.5712935121053221,-0.051676304068275995,-0.535976592172964,0.6194210000208789,950fe4e020fd36649e54b8d8295f37a8e30ac5026f81bea5b49c48503fe79279,ca2a2fd87d7f4e36e27b47e17b40db4de4ee29f05417bb9cc5f9da4b889eacc0,2
B_real_mixed_smoke_orbit,64,16.775144624141024,1,RBC,0.00010357106141293392,5.720681635072885e-05,0.00015912539989991817,-0.5712935121053221,-0.051676304068275995,-0.535976592172964,0.6194210000208789,950fe4e020fd36649e54b8d8295f37a8e30ac5026f81bea5b49c48503fe79279,ca2a2fd87d7f4e36e27b47e17b40db4de4ee29f05417bb9cc5f9da4b889eacc0,2
B_real_mixed_smoke_orbit,65,17.037256258893226,1,RBC,0.00010357106141293392,5.720681635072885e-05,0.00015912539989991817,-0.5712935121053221,-0.051676304068275995,-0.535976592172964,0.6194210000208789,950fe4e020fd36649e54b8d8295f37a8e30ac5026f81bea5b49c48503fe79279,ca2a2fd87d7f4e36e27b47e17b40db4de4ee29f05417bb9cc5f9da4b889eacc0,2
B_real_mixed_smoke_orbit,66,17.29936789364543,1,RBC,0.00010357106141293392,5.720681635072885e-05,0.00015912539989991817,-0.5712935121053221,-0.051676304068275995,-0.535976592172964,0.6194210000208789,950fe4e020fd36649e54b8d8295f37a8e30ac5026f81bea5b49c48503fe79279,ca2a2fd87d7f4e36e27b47e17b40db4de4ee29f05417bb9cc5f9da4b889eacc0,2
B_real_mixed_smoke_orbit,67,17.561479528397633,1,RBC,0.00010357106141293392,5.720681635072885e-05,0.00015912539989991817,-0.5712935121053221,-0.051676304068275995,-0.535976592172964,0.6194210000208789,950fe4e020fd36649e54b8d8295f37a8e30ac5026f81bea5b49c48503fe79279,ca2a2fd87d7f4e36e27b47e17b40db4de4ee29f05417bb9cc5f9da4b889eacc0,2
B_real_mixed_smoke_orbit,68,17.82359116314984,1,RBC,0.00010357106141293392,5.720681635072885e-05,0.00015912539989991817,-0.5712935121053221,-0.051676304068275995,-0.535976592172964,0.6194210000208789,950fe4e020fd36649e54b8d8295f37a8e30ac5026f81bea5b49c48503fe79279,ca2a2fd87d7f4e36e27b47e17b40db4de4ee29f05417bb9cc5f9da4b889eacc0,2
B_real_mixed_smoke_orbit,69,18.08570279790204,1,RBC,0.00010357106141293392,5.720681635072885e-05,0.00015912539989991817,-0.5712935121053221,-0.051676304068275995,-0.535976592172964,0.6194210000208789,950fe4e020fd36649e54b8d8295f37a8e30ac5026f81bea5b49c48503fe79279,ca2a2fd87d7f4e36e27b47e17b40db4de4ee29f05417bb9cc5f9da4b889eacc0,2
B_real_mixed_smoke_orbit,70,18.347814432654246,1,RBC,0.00010357106141293392,5.720681635072885e-05,0.00015912539989991817,-0.5712935121053221,-0.051676304068275995,-0.535976592172964,0.6194210000208789,950fe4e020fd36649e54b8d8295f37a8e30ac5026f81bea5b49c48503fe79279,ca2a2fd87d7f4e36e27b47e17b40db4de4ee29f05417bb9cc5f9da4b889eacc0,2
B_real_mixed_smoke_orbit,71,18.609926067406448,1,RBC,0.00010357106141293392,5.720681635072885e-05,0.00015912539989991817,-0.5712935121053221,-0.051676304068275995,-0.535976592172964,0.6194210000208789,950fe4e020fd36649e54b8d8295f37a8e30ac5026f81bea5b49c48503fe79279,ca2a2fd87d7f4e36e27b47e17b40db4de4ee29f05417bb9cc5f9da4b889eacc0,2
B_real_mixed_smoke_orbit,72,18.872037702158654,1,RBC,0.00010357106141293392,5.720681635072885e-05,0.00015912539989991817,-0.5712935121053221,-0.051676304068275995,-0.535976592172964,0.6194210000208789,950fe4e020fd36649e54b8d8295f37a8e30ac5026f81bea5b49c48503fe79279,ca2a2fd87d7f4e36e27b47e17b40db4de4ee29f05417bb9cc5f9da4b889eacc0,2
B_real_mixed_smoke_orbit,73,19.134149336910856,1,RBC,0.00010357106141293392,5.720681635072885e-05,0.00015912539989991817,-0.5712935121053221,-0.051676304068275995,-0.535976592172964,0.6194210000208789,950fe4e020fd36649e54b8d8295f37a8e30ac5026f81bea5b49c48503fe79279,ca2a2fd87d7f4e36e27b47e17b40db4de4ee29f05417bb9cc5f9da4b889eacc0,2
B_real_mixed_smoke_orbit,74,19.39626097166306,1,RBC,0.00010357106141293392,5.720681635072885e-05,0.00015912539989991817,-0.5712935121053221,-0.051676304068275995,-0.535976592172964,0.6194210000208789,950fe4e020fd36649e54b8d8295f37a8e30ac5026f81bea5b49c48503fe79279,ca2a2fd87d7f4e36e27b47e17b40db4de4ee29f05417bb9cc5f9da4b889eacc0,2
B_real_mixed_smoke_orbit,75,19.658372606415263,1,RBC,0.00010357106141293392,5.720681635072885e-05,0.00015912539989991817,-0.5712935121053221,-0.051676304068275995,-0.535976592172964,0.6194210000208789,950fe4e020fd36649e54b8d8295f37a8e30ac5026f81bea5b49c48503fe79279,ca2a2fd87d7f4e36e27b47e17b40db4de4ee29f05417bb9cc5f9da4b889eacc0,2
B_real_mixed_smoke_orbit,76,19.920484241167465,1,RBC,0.00010357106141293392,5.720681635072885e-05,0.00015912539989991817,-0.5712935121053221,-0.051676304068275995,-0.535976592172964,0.6194210000208789,950fe4e020fd36649e54b8d8295f37a8e30ac5026f81bea5b49c48503fe79279,ca2a2fd87d7f4e36e27b47e17b40db4de4ee29f05417bb9cc5f9da4b889eacc0,2
B_real_mixed_smoke_orbit,77,20.18259587591967,1,RBC,0.00010357106141293392,5.720681635072885e-05,0.00015912539989991817,-0.5712935121053221,-0.051676304068275995,-0.535976592172964,0.6194210000208789,950fe4e020fd36649e54b8d8295f37a8e30ac5026f81bea5b49c48503fe79279,ca2a2fd87d7f4e36e27b47e17b40db4de4ee29f05417bb9cc5f9da4b889eacc0,2
B_real_mixed_smoke_orbit,78,20.444707510671872,1,RBC,0.00010357106141293392,5.720681635072885e-05,0.00015912539989991817,-0.5712935121053221,-0.051676304068275995,-0.535976592172964,0.6194210000208789,950fe4e020fd36649e54b8d8295f37a8e30ac5026f81bea5b49c48503fe79279,ca2a2fd87d7f4e36e27b47e17b40db4de4ee29f05417bb9cc5f9da4b889eacc0,2
B_real_mixed_smoke_orbit,79,20.706819145424078,1,RBC,0.00010357106141293392,5.720681635072885e-05,0.00015912539989991817,-0.5712935121053221,-0.051676304068275995,-0.535976592172964,0.6194210000208789,950fe4e020fd36649e54b8d8295f37a8e30ac5026f81bea5b49c48503fe79279,ca2a2fd87d7f4e36e27b47e17b40db4de4ee29f05417bb9cc5f9da4b889eacc0,2
B_real_mixed_smoke_orbit,80,20.96893078017628,1,RBC,0.00010357106141293392,5.720681635072885e-05,0.00015912539989991817,-0.5712935121053221,-0.051676304068275995,-0.535976592172964,0.6194210000208789,950fe4e020fd36649e54b8d8295f37a8e30ac5026f81bea5b49c48503fe79279,ca2a2fd87d7f4e36e27b47e17b40db4de4ee29f05417bb9cc5f9da4b889eacc0,2
B_real_mixed_smoke_orbit,81,21.231042414928485,1,RBC,0.00010357106141293392,5.720681635072885e-05,0.00015912539989991817,-0.5712935121053221,-0.051676304068275995,-0.535976592172964,0.6194210000208789,950fe4e020fd36649e54b8d8295f37a8e30ac5026f81bea5b49c48503fe79279,ca2a2fd87d7f4e36e27b47e17b40db4de4ee29f05417bb9cc5f9da4b889eacc0,2
B_real_mixed_smoke_orbit,82,21.493154049680687,1,RBC,0.00010357106141293392,5.720681635072885e-05,0.00015912539989991817,-0.5712935121053221,-0.051676304068275995,-0.535976592172964,0.6194210000208789,950fe4e020fd36649e54b8d8295f37a8e30ac5026f81bea5b49c48503fe79279,ca2a2fd87d7f4e36e27b47e17b40db4de4ee29f05417bb9cc5f9da4b889eacc0,2
B_real_mixed_smoke_orbit,83,21.755265684432892,1,RBC,0.00010357106141293392,5.720681635072885e-05,0.00015912539989991817,-0.5712935121053221,-0.051676304068275995,-0.535976592172964,0.6194210000208789,950fe4e020fd36649e54b8d8295f37a8e30ac5026f81bea5b49c48503fe79279,ca2a2fd87d7f4e36e27b47e17b40db4de4ee29f05417bb9cc5f9da4b889eacc0,2
B_real_mixed_smoke_orbit,84,22.017377319185094,1,RBC,0.00010357106141293392,5.720681635072885e-05,0.00015912539989991817,-0.5712935121053221,-0.051676304068275995,-0.535976592172964,0.6194210000208789,950fe4e020fd36649e54b8d8295f37a8e30ac5026f81bea5b49c48503fe79279,ca2a2fd87d7f4e36e27b47e17b40db4de4ee29f05417bb9cc5f9da4b889eacc0,2
B_real_mixed_smoke_orbit,85,22.2794889539373,1,RBC,0.00010357106141293392,5.720681635072885e-05,0.00015912539989991817,-0.5712935121053221,-0.051676304068275995,-0.535976592172964,0.6194210000208789,950fe4e020fd36649e54b8d8295f37a8e30ac5026f81bea5b49c48503fe79279,ca2a2fd87d7f4e36e27b47e17b40db4de4ee29f05417bb9cc5f9da4b889eacc0,2
B_real_mixed_smoke_orbit,86,22.5416005886895,1,RBC,0.00010357106141293392,5.720681635072885e-05,0.00015912539989991817,-0.5712935121053221,-0.051676304068275995,-0.535976592172964,0.6194210000208789,950fe4e020fd36649e54b8d8295f37a8e30ac5026f81bea5b49c48503fe79279,ca2a2fd87d7f4e36e27b47e17b40db4de4ee29f05417bb9cc5f9da4b889eacc0,2
B_real_mixed_smoke_orbit,87,22.803712223441703,1,RBC,0.00010357106141293392,5.720681635072885e-05,0.00015912539989991817,-0.5712935121053221,-0.051676304068275995,-0.535976592172964,0.6194210000208789,950fe4e020fd36649e54b8d8295f37a8e30ac5026f81bea5b49c48503fe79279,ca2a2fd87d7f4e36e27b47e17b40db4de4ee29f05417bb9cc5f9da4b889eacc0,2
B_real_mixed_smoke_orbit,88,23.06582385819391,1,RBC,0.00010357106141293392,5.720681635072885e-05,0.00015912539989991817,-0.5712935121053221,-0.051676304068275995,-0.535976592172964,0.6194210000208789,950fe4e020fd36649e54b8d8295f37a8e30ac5026f81bea5b49c48503fe79279,ca2a2fd87d7f4e36e27b47e17b40db4de4ee29f05417bb9cc5f9da4b889eacc0,2
B_real_mixed_smoke_orbit,89,23.32793549294611,1,RBC,0.00010357106141293392,5.720681635072885e-05,0.00015912539989991817,-0.5712935121053221,-0.051676304068275995,-0.535976592172964,0.6194210000208789,950fe4e020fd36649e54b8d8295f37a8e30ac5026f81bea5b49c48503fe79279,ca2a2fd87d7f4e36e27b47e17b40db4de4ee29f05417bb9cc5f9da4b889eacc0,2
B_real_mixed_smoke_orbit,90,23.590047127698316,1,RBC,0.00010357106141293392,5.720681635072885e-05,0.00015912539989991817,-0.5712935121053221,-0.051676304068275995,-0.535976592172964,0.6194210000208789,950fe4e020fd36649e54b8d8295f37a8e30ac5026f81bea5b49c48503fe79279,ca2a2fd87d7f4e36e27b47e17b40db4de4ee29f05417bb9cc5f9da4b889eacc0,2
B_real_mixed_smoke_orbit,91,23.852158762450518,1,RBC,0.00010357106141293392,5.720681635072885e-05,0.00015912539989991817,-0.5712935121053221,-0.051676304068275995,-0.535976592172964,0.6194210000208789,950fe4e020fd36649e54b8d8295f37a8e30ac5026f81bea5b49c48503fe79279,ca2a2fd87d7f4e36e27b47e17b40db4de4ee29f05417bb9cc5f9da4b889eacc0,2
B_real_mixed_smoke_orbit,92,24.114270397202723,1,RBC,0.00010357106141293392,5.720681635072885e-05,0.00015912539989991817,-0.5712935121053221,-0.051676304068275995,-0.535976592172964,0.6194210000208789,950fe4e020fd36649e54b8d8295f37a8e30ac5026f81bea5b49c48503fe79279,ca2a2fd87d7f4e36e27b47e17b40db4de4ee29f05417bb9cc5f9da4b889eacc0,2
B_real_mixed_smoke_orbit,93,24.376382031954925,1,RBC,0.00010357106141293392,5.720681635072885e-05,0.00015912539989991817,-0.5712935121053221,-0.051676304068275995,-0.535976592172964,0.6194210000208789,950fe4e020fd36649e54b8d8295f37a8e30ac5026f81bea5b49c48503fe79279,ca2a2fd87d7f4e36e27b47e17b40db4de4ee29f05417bb9cc5f9da4b889eacc0,2
B_real_mixed_smoke_orbit,94,24.63849366670713,1,RBC,0.00010357106141293392,5.720681635072885e-05,0.00015912539989991817,-0.5712935121053221,-0.051676304068275995,-0.535976592172964,0.6194210000208789,950fe4e020fd36649e54b8d8295f37a8e30ac5026f81bea5b49c48503fe79279,ca2a2fd87d7f4e36e27b47e17b40db4de4ee29f05417bb9cc5f9da4b889eacc0,2
B_real_mixed_smoke_orbit,95,24.900605301459333,1,RBC,0.00010357106141293392,5.720681635072885e-05,0.00015912539989991817,-0.5712935121053221,-0.051676304068275995,-0.535976592172964,0.6194210000208789,950fe4e020fd36649e54b8d8295f37a8e30ac5026f81bea5b49c48503fe79279,ca2a2fd87d7f4e36e27b47e17b40db4de4ee29f05417bb9cc5f9da4b889eacc0,2
B_real_mixed_smoke_orbit,96,25.162716936211538,1,RBC,0.00010357106141293392,5.720681635072885e-05,0.00015912539989991817,-0.5712935121053221,-0.051676304068275995,-0.535976592172964,0.6194210000208789,950fe4e020fd36649e54b8d8295f37a8e30ac5026f81bea5b49c48503fe79279,ca2a2fd87d7f4e36e27b47e17b40db4de4ee29f05417bb9cc5f9da4b889eacc0,2
B_real_mixed_smoke_orbit,97,25.42482857096374,1,RBC,0.00010357106141293392,5.720681635072885e-05,0.00015912539989991817,-0.5712935121053221,-0.051676304068275995,-0.535976592172964,0.6194210000208789,950fe4e020fd36649e54b8d8295f37a8e30ac5026f81bea5b49c48503fe79279,ca2a2fd87d7f4e36e27b47e17b40db4de4ee29f05417bb9cc5f9da4b889eacc0,2
B_real_mixed_smoke_orbit,98,25.686940205715942,1,RBC,0.00010357106141293392,5.720681635072885e-05,0.00015912539989991817,-0.5712935121053221,-0.051676304068275995,-0.535976592172964,0.6194210000208789,950fe4e020fd36649e54b8d8295f37a8e30ac5026f81bea5b49c48503fe79279,ca2a2fd87d7f4e36e27b47e17b40db4de4ee29f05417bb9cc5f9da4b889eacc0,2
B_real_mixed_smoke_orbit,99,25.949051840468147,1,RBC,0.00010357106141293392,5.720681635072885e-05,0.00015912539989991817,-0.5712935121053221,-0.051676304068275995,-0.535976592172964,0.6194210000208789,950fe4e020fd36649e54b8d8295f37a8e30ac5026f81bea5b49c48503fe79279,ca2a2fd87d7f4e36e27b47e17b40db4de4ee29f05417bb9cc5f9da4b889eacc0,2
B_real_mixed_smoke_orbit,100,26.21116347522035,1,RBC,0.00010357106141293392,5.720681635072885e-05,0.00015912539989991817,-0.5712935121053221,-0.051676304068275995,-0.535976592172964,0.6194210000208789,950fe4e020fd36649e54b8d8295f37a8e30ac5026f81bea5b49c48503fe79279,ca2a2fd87d7f4e36e27b47e17b40db4de4ee29f05417bb9cc5f9da4b889eacc0,2
B_real_mixed_smoke_orbit,101,26.473275109972555,1,RBC,0.00010357106141293392,5.720681635072885e-05,0.00015912539989991817,-0.5712935121053221,-0.051676304068275995,-0.535976592172964,0.6194210000208789,950fe4e020fd36649e54b8d8295f37a8e30ac5026f81bea5b49c48503fe79279,ca2a2fd87d7f4e36e27b47e17b40db4de4ee29f05417bb9cc5f9da4b889eacc0,2
B_real_mixed_smoke_orbit,102,26.735386744724757,1,RBC,0.00010357106141293392,5.720681635072885e-05,0.00015912539989991817,-0.5712935121053221,-0.051676304068275995,-0.535976592172964,0.6194210000208789,950fe4e020fd36649e54b8d8295f37a8e30ac5026f81bea5b49c48503fe79279,ca2a2fd87d7f4e36e27b47e17b40db4de4ee29f05417bb9cc5f9da4b889eacc0,2
B_real_mixed_smoke_orbit,103,26.997498379476962,1,RBC,0.00010357106141293392,5.720681635072885e-05,0.00015912539989991817,-0.5712935121053221,-0.051676304068275995,-0.535976592172964,0.6194210000208789,950fe4e020fd36649e54b8d8295f37a8e30ac5026f81bea5b49c48503fe79279,ca2a2fd87d7f4e36e27b47e17b40db4de4ee29f05417bb9cc5f9da4b889eacc0,2
B_real_mixed_smoke_orbit,104,27.259610014229164,1,RBC,0.00010357106141293392,5.720681635072885e-05,0.00015912539989991817,-0.5712935121053221,-0.051676304068275995,-0.535976592172964,0.6194210000208789,950fe4e020fd36649e54b8d8295f37a8e30ac5026f81bea5b49c48503fe79279,ca2a2fd87d7f4e36e27b47e17b40db4de4ee29f05417bb9cc5f9da4b889eacc0,2
B_real_mixed_smoke_orbit,105,27.52172164898137,1,RBC,0.00010357106141293392,5.720681635072885e-05,0.00015912539989991817,-0.5712935121053221,-0.051676304068275995,-0.535976592172964,0.6194210000208789,950fe4e020fd36649e54b8d8295f37a8e30ac5026f81bea5b49c48503fe79279,ca2a2fd87d7f4e36e27b47e17b40db4de4ee29f05417bb9cc5f9da4b889eacc0,2
B_real_mixed_smoke_orbit,106,27.78383328373357,1,RBC,0.00010357106141293392,5.720681635072885e-05,0.00015912539989991817,-0.5712935121053221,-0.051676304068275995,-0.535976592172964,0.6194210000208789,950fe4e020fd36649e54b8d8295f37a8e30ac5026f81bea5b49c48503fe79279,ca2a2fd87d7f4e36e27b47e17b40db4de4ee29f05417bb9cc5f9da4b889eacc0,2
B_real_mixed_smoke_orbit,107,28.045944918485773,1,RBC,0.00010357106141293392,5.720681635072885e-05,0.00015912539989991817,-0.5712935121053221,-0.051676304068275995,-0.535976592172964,0.6194210000208789,950fe4e020fd36649e54b8d8295f37a8e30ac5026f81bea5b49c48503fe79279,ca2a2fd87d7f4e36e27b47e17b40db4de4ee29f05417bb9cc5f9da4b889eacc0,2
B_real_mixed_smoke_orbit,108,28.30805655323798,1,RBC,0.00010357106141293392,5.720681635072885e-05,0.00015912539989991817,-0.5712935121053221,-0.051676304068275995,-0.535976592172964,0.6194210000208789,950fe4e020fd36649e54b8d8295f37a8e30ac5026f81bea5b49c48503fe79279,ca2a2fd87d7f4e36e27b47e17b40db4de4ee29f05417bb9cc5f9da4b889eacc0,2
B_real_mixed_smoke_orbit,109,28.57016818799018,1,RBC,0.00010357106141293392,5.720681635072885e-05,0.00015912539989991817,-0.5712935121053221,-0.051676304068275995,-0.535976592172964,0.6194210000208789,950fe4e020fd36649e54b8d8295f37a8e30ac5026f81bea5b49c48503fe79279,ca2a2fd87d7f4e36e27b47e17b40db4de4ee29f05417bb9cc5f9da4b889eacc0,2
B_real_mixed_smoke_orbit,110,28.832279822742386,1,RBC,0.00010357106141293392,5.720681635072885e-05,0.00015912539989991817,-0.5712935121053221,-0.051676304068275995,-0.535976592172964,0.6194210000208789,950fe4e020fd36649e54b8d8295f37a8e30ac5026f81bea5b49c48503fe79279,ca2a2fd87d7f4e36e27b47e17b40db4de4ee29f05417bb9cc5f9da4b889eacc0,2
B_real_mixed_smoke_orbit,111,29.094391457494588,1,RBC,0.00010357106141293392,5.720681635072885e-05,0.00015912539989991817,-0.5712935121053221,-0.051676304068275995,-0.535976592172964,0.6194210000208789,950fe4e020fd36649e54b8d8295f37a8e30ac5026f81bea5b49c48503fe79279,ca2a2fd87d7f4e36e27b47e17b40db4de4ee29f05417bb9cc5f9da4b889eacc0,2
B_real_mixed_smoke_orbit,112,29.356503092246793,1,RBC,0.00010357106141293392,5.720681635072885e-05,0.00015912539989991817,-0.5712935121053221,-0.051676304068275995,-0.535976592172964,0.6194210000208789,950fe4e020fd36649e54b8d8295f37a8e30ac5026f81bea5b49c48503fe79279,ca2a2fd87d7f4e36e27b47e17b40db4de4ee29f05417bb9cc5f9da4b889eacc0,2
B_real_mixed_smoke_orbit,113,29.618614726998995,1,RBC,0.00010357106141293392,5.720681635072885e-05,0.00015912539989991817,-0.5712935121053221,-0.051676304068275995,-0.535976592172964,0.6194210000208789,950fe4e020fd36649e54b8d8295f37a8e30ac5026f81bea5b49c48503fe79279,ca2a2fd87d7f4e36e27b47e17b40db4de4ee29f05417bb9cc5f9da4b889eacc0,2
B_real_mixed_smoke_orbit,114,29.8807263617512,1,RBC,0.00010357106141293392,5.720681635072885e-05,0.00015912539989991817,-0.5712935121053221,-0.051676304068275995,-0.535976592172964,0.6194210000208789,950fe4e020fd36649e54b8d8295f37a8e30ac5026f81bea5b49c48503fe79279,ca2a2fd87d7f4e36e27b47e17b40db4de4ee29f05417bb9cc5f9da4b889eacc0,2
B_real_mixed_smoke_orbit,115,30.142837996503403,1,RBC,0.00010357106141293392,5.720681635072885e-05,0.00015912539989991817,-0.5712935121053221,-0.051676304068275995,-0.535976592172964,0.6194210000208789,950fe4e020fd36649e54b8d8295f37a8e30ac5026f81bea5b49c48503fe79279,ca2a2fd87d7f4e36e27b47e17b40db4de4ee29f05417bb9cc5f9da4b889eacc0,2
B_real_mixed_smoke_orbit,116,30.404949631255608,1,RBC,0.00010357106141293392,5.720681635072885e-05,0.00015912539989991817,-0.5712935121053221,-0.051676304068275995,-0.535976592172964,0.6194210000208789,950fe4e020fd36649e54b8d8295f37a8e30ac5026f81bea5b49c48503fe79279,ca2a2fd87d7f4e36e27b47e17b40db4de4ee29f05417bb9cc5f9da4b889eacc0,2
B_real_mixed_smoke_orbit,117,30.66706126600781,1,RBC,0.00010357106141293392,5.720681635072885e-05,0.00015912539989991817,-0.5712935121053221,-0.051676304068275995,-0.535976592172964,0.6194210000208789,950fe4e020fd36649e54b8d8295f37a8e30ac5026f81bea5b49c48503fe79279,ca2a2fd87d7f4e36e27b47e17b40db4de4ee29f05417bb9cc5f9da4b889eacc0,2
B_real_mixed_smoke_orbit,118,30.929172900760012,1,RBC,0.00010357106141293392,5.720681635072885e-05,0.00015912539989991817,-0.5712935121053221,-0.051676304068275995,-0.535976592172964,0.6194210000208789,950fe4e020fd36649e54b8d8295f37a8e30ac5026f81bea5b49c48503fe79279,ca2a2fd87d7f4e36e27b47e17b40db4de4ee29f05417bb9cc5f9da4b889eacc0,2
B_real_mixed_smoke_orbit,119,31.191284535512217,1,RBC,0.00010357106141293392,5.720681635072885e-05,0.00015912539989991817,-0.5712935121053221,-0.051676304068275995,-0.535976592172964,0.6194210000208789,950fe4e020fd36649e54b8d8295f37a8e30ac5026f81bea5b49c48503fe79279,ca2a2fd87d7f4e36e27b47e17b40db4de4ee29f05417bb9cc5f9da4b889eacc0,2
B_real_mixed_smoke_orbit,120,31.45339617026442,1,RBC,0.00010357106141293392,5.720681635072885e-05,0.00015912539989991817,-0.5712935121053221,-0.051676304068275995,-0.535976592172964,0.6194210000208789,950fe4e020fd36649e54b8d8295f37a8e30ac5026f81bea5b49c48503fe79279,ca2a2fd87d7f4e36e27b47e17b40db4de4ee29f05417bb9cc5f9da4b889eacc0,2
B_real_mixed_smoke_orbit,121,31.715507805016625,1,RBC,0.00010357106141293392,5.720681635072885e-05,0.00015912539989991817,-0.5712935121053221,-0.051676304068275995,-0.535976592172964,0.6194210000208789,950fe4e020fd36649e54b8d8295f37a8e30ac5026f81bea5b49c48503fe79279,ca2a2fd87d7f4e36e27b47e17b40db4de4ee29f05417bb9cc5f9da4b889eacc0,2
B_real_mixed_smoke_orbit,122,31.977619439768826,1,RBC,0.00010357106141293392,5.720681635072885e-05,0.00015912539989991817,-0.5712935121053221,-0.051676304068275995,-0.535976592172964,0.6194210000208789,950fe4e020fd36649e54b8d8295f37a8e30ac5026f81bea5b49c48503fe79279,ca2a2fd87d7f4e36e27b47e17b40db4de4ee29f05417bb9cc5f9da4b889eacc0,2
B_real_mixed_smoke_orbit,123,32.23973107452103,1,RBC,0.00010357106141293392,5.720681635072885e-05,0.00015912539989991817,-0.5712935121053221,-0.051676304068275995,-0.535976592172964,0.6194210000208789,950fe4e020fd36649e54b8d8295f37a8e30ac5026f81bea5b49c48503fe79279,ca2a2fd87d7f4e36e27b47e17b40db4de4ee29f05417bb9cc5f9da4b889eacc0,2
B_real_mixed_smoke_orbit,124,32.501842709273234,1,RBC,0.00010357106141293392,5.720681635072885e-05,0.00015912539989991817,-0.5712935121053221,-0.051676304068275995,-0.535976592172964,0.6194210000208789,950fe4e020fd36649e54b8d8295f37a8e30ac5026f81bea5b49c48503fe79279,ca2a2fd87d7f4e36e27b47e17b40db4de4ee29f05417bb9cc5f9da4b889eacc0,2
B_real_mixed_smoke_orbit,125,32.763954344025436,1,RBC,0.00010357106141293392,5.720681635072885e-05,0.00015912539989991817,-0.5712935121053221,-0.051676304068275995,-0.535976592172964,0.6194210000208789,950fe4e020fd36649e54b8d8295f37a8e30ac5026f81bea5b49c48503fe79279,ca2a2fd87d7f4e36e27b47e17b40db4de4ee29f05417bb9cc5f9da4b889eacc0,2
B_real_mixed_smoke_orbit,126,33.026065978777645,1,RBC,0.00010357106141293392,5.720681635072885e-05,0.00015912539989991817,-0.5712935121053221,-0.051676304068275995,-0.535976592172964,0.6194210000208789,950fe4e020fd36649e54b8d8295f37a8e30ac5026f81bea5b49c48503fe79279,ca2a2fd87d7f4e36e27b47e17b40db4de4ee29f05417bb9cc5f9da4b889eacc0,2
B_real_mixed_smoke_orbit,127,33.28817761352985,1,RBC,0.00010357106141293392,5.720681635072885e-05,0.00015912539989991817,-0.5712935121053221,-0.051676304068275995,-0.535976592172964,0.6194210000208789,950fe4e020fd36649e54b8d8295f37a8e30ac5026f81bea5b49c48503fe79279,ca2a2fd87d7f4e36e27b47e17b40db4de4ee29f05417bb9cc5f9da4b889eacc0,2
B_real_mixed_smoke_orbit,128,33.55028924828205,1,RBC,0.00010357106141293392,5.720681635072885e-05,0.00015912539989991817,-0.5712935121053221,-0.051676304068275995,-0.535976592172964,0.6194210000208789,950fe4e020fd36649e54b8d8295f37a8e30ac5026f81bea5b49c48503fe79279,ca2a2fd87d7f4e36e27b47e17b40db4de4ee29f05417bb9cc5f9da4b889eacc0,2
B_real_mixed_smoke_orbit,129,33.81240088303425,1,RBC,0.00010357106141293392,5.720681635072885e-05,0.00015912539989991817,-0.5712935121053221,-0.051676304068275995,-0.535976592172964,0.6194210000208789,950fe4e020fd36649e54b8d8295f37a8e30ac5026f81bea5b49c48503fe79279,ca2a2fd87d7f4e36e27b47e17b40db4de4ee29f05417bb9cc5f9da4b889eacc0,2
B_real_mixed_smoke_orbit,130,34.07451251778645,1,RBC,0.00010357106141293392,5.720681635072885e-05,0.00015912539989991817,-0.5712935121053221,-0.051676304068275995,-0.535976592172964,0.6194210000208789,950fe4e020fd36649e54b8d8295f37a8e30ac5026f81bea5b49c48503fe79279,ca2a2fd87d7f4e36e27b47e17b40db4de4ee29f05417bb9cc5f9da4b889eacc0,2
B_real_mixed_smoke_orbit,131,34.33662415253866,1,RBC,0.00010357106141293392,5.720681635072885e-05,0.00015912539989991817,-0.5712935121053221,-0.051676304068275995,-0.535976592172964,0.6194210000208789,950fe4e020fd36649e54b8d8295f37a8e30ac5026f81bea5b49c48503fe79279,ca2a2fd87d7f4e36e27b47e17b40db4de4ee29f05417bb9cc5f9da4b889eacc0,2
B_real_mixed_smoke_orbit,132,34.59873578729086,1,RBC,0.00010357106141293392,5.720681635072885e-05,0.00015912539989991817,-0.5712935121053221,-0.051676304068275995,-0.535976592172964,0.6194210000208789,950fe4e020fd36649e54b8d8295f37a8e30ac5026f81bea5b49c48503fe79279,ca2a2fd87d7f4e36e27b47e17b40db4de4ee29f05417bb9cc5f9da4b889eacc0,2
B_real_mixed_smoke_orbit,133,34.860847422043065,1,RBC,0.00010357106141293392,5.720681635072885e-05,0.00015912539989991817,-0.5712935121053221,-0.051676304068275995,-0.535976592172964,0.6194210000208789,950fe4e020fd36649e54b8d8295f37a8e30ac5026f81bea5b49c48503fe79279,ca2a2fd87d7f4e36e27b47e17b40db4de4ee29f05417bb9cc5f9da4b889eacc0,2
B_real_mixed_smoke_orbit,134,35.12295905679527,1,RBC,0.00010357106141293392,5.720681635072885e-05,0.00015912539989991817,-0.5712935121053221,-0.051676304068275995,-0.535976592172964,0.6194210000208789,950fe4e020fd36649e54b8d8295f37a8e30ac5026f81bea5b49c48503fe79279,ca2a2fd87d7f4e36e27b47e17b40db4de4ee29f05417bb9cc5f9da4b889eacc0,2
B_real_mixed_smoke_orbit,135,35.385070691547476,1,RBC,0.00010357106141293392,5.720681635072885e-05,0.00015912539989991817,-0.5712935121053221,-0.051676304068275995,-0.535976592172964,0.6194210000208789,950fe4e020fd36649e54b8d8295f37a8e30ac5026f81bea5b49c48503fe79279,ca2a2fd87d7f4e36e27b47e17b40db4de4ee29f05417bb9cc5f9da4b889eacc0,2
B_real_mixed_smoke_orbit,136,35.64718232629968,1,RBC,0.00010357106141293392,5.720681635072885e-05,0.00015912539989991817,-0.5712935121053221,-0.051676304068275995,-0.535976592172964,0.6194210000208789,950fe4e020fd36649e54b8d8295f37a8e30ac5026f81bea5b49c48503fe79279,ca2a2fd87d7f4e36e27b47e17b40db4de4ee29f05417bb9cc5f9da4b889eacc0,2
B_real_mixed_smoke_orbit,137,35.90929396105188,1,RBC,0.00010357106141293392,5.720681635072885e-05,0.00015912539989991817,-0.5712935121053221,-0.051676304068275995,-0.535976592172964,0.6194210000208789,950fe4e020fd36649e54b8d8295f37a8e30ac5026f81bea5b49c48503fe79279,ca2a2fd87d7f4e36e27b47e17b40db4de4ee29f05417bb9cc5f9da4b889eacc0,2
B_real_mixed_smoke_orbit,138,36.17140559580408,1,RBC,0.00010357106141293392,5.720681635072885e-05,0.00015912539989991817,-0.5712935121053221,-0.051676304068275995,-0.535976592172964,0.6194210000208789,950fe4e020fd36649e54b8d8295f37a8e30ac5026f81bea5b49c48503fe79279,ca2a2fd87d7f4e36e27b47e17b40db4de4ee29f05417bb9cc5f9da4b889eacc0,2
B_real_mixed_smoke_orbit,139,36.43351723055628,1,RBC,0.00010357106141293392,5.720681635072885e-05,0.00015912539989991817,-0.5712935121053221,-0.051676304068275995,-0.535976592172964,0.6194210000208789,950fe4e020fd36649e54b8d8295f37a8e30ac5026f81bea5b49c48503fe79279,ca2a2fd87d7f4e36e27b47e17b40db4de4ee29f05417bb9cc5f9da4b889eacc0,2
B_real_mixed_smoke_orbit,140,36.69562886530849,1,RBC,0.00010357106141293392,5.720681635072885e-05,0.00015912539989991817,-0.5712935121053221,-0.051676304068275995,-0.535976592172964,0.6194210000208789,950fe4e020fd36649e54b8d8295f37a8e30ac5026f81bea5b49c48503fe79279,ca2a2fd87d7f4e36e27b47e17b40db4de4ee29f05417bb9cc5f9da4b889eacc0,2
B_real_mixed_smoke_orbit,141,36.957740500060694,1,RBC,0.00010357106141293392,5.720681635072885e-05,0.00015912539989991817,-0.5712935121053221,-0.051676304068275995,-0.535976592172964,0.6194210000208789,950fe4e020fd36649e54b8d8295f37a8e30ac5026f81bea5b49c48503fe79279,ca2a2fd87d7f4e36e27b47e17b40db4de4ee29f05417bb9cc5f9da4b889eacc0,2
B_real_mixed_smoke_orbit,142,37.219852134812896,1,RBC,0.00010357106141293392,5.720681635072885e-05,0.00015912539989991817,-0.5712935121053221,-0.051676304068275995,-0.535976592172964,0.6194210000208789,950fe4e020fd36649e54b8d8295f37a8e30ac5026f81bea5b49c48503fe79279,ca2a2fd87d7f4e36e27b47e17b40db4de4ee29f05417bb9cc5f9da4b889eacc0,2
B_real_mixed_smoke_orbit,143,37.4819637695651,1,RBC,0.00010357106141293392,5.720681635072885e-05,0.00015912539989991817,-0.5712935121053221,-0.051676304068275995,-0.535976592172964,0.6194210000208789,950fe4e020fd36649e54b8d8295f37a8e30ac5026f81bea5b49c48503fe79279,ca2a2fd87d7f4e36e27b47e17b40db4de4ee29f05417bb9cc5f9da4b889eacc0,2
B_real_mixed_smoke_orbit,144,37.74407540431731,1,RBC,0.00010357106141293392,5.720681635072885e-05,0.00015912539989991817,-0.5712935121053221,-0.051676304068275995,-0.535976592172964,0.6194210000208789,950fe4e020fd36649e54b8d8295f37a8e30ac5026f81bea5b49c48503fe79279,ca2a2fd87d7f4e36e27b47e17b40db4de4ee29f05417bb9cc5f9da4b889eacc0,2
B_real_mixed_smoke_orbit,145,38.00618703906951,1,RBC,0.00010357106141293392,5.720681635072885e-05,0.00015912539989991817,-0.5712935121053221,-0.051676304068275995,-0.535976592172964,0.6194210000208789,950fe4e020fd36649e54b8d8295f37a8e30ac5026f81bea5b49c48503fe79279,ca2a2fd87d7f4e36e27b47e17b40db4de4ee29f05417bb9cc5f9da4b889eacc0,2
B_real_mixed_smoke_orbit,146,38.26829867382171,1,RBC,0.00010357106141293392,5.720681635072885e-05,0.00015912539989991817,-0.5712935121053221,-0.051676304068275995,-0.535976592172964,0.6194210000208789,950fe4e020fd36649e54b8d8295f37a8e30ac5026f81bea5b49c48503fe79279,ca2a2fd87d7f4e36e27b47e17b40db4de4ee29f05417bb9cc5f9da4b889eacc0,2
B_real_mixed_smoke_orbit,147,38.53041030857391,1,RBC,0.00010357106141293392,5.720681635072885e-05,0.00015912539989991817,-0.5712935121053221,-0.051676304068275995,-0.535976592172964,0.6194210000208789,950fe4e020fd36649e54b8d8295f37a8e30ac5026f81bea5b49c48503fe79279,ca2a2fd87d7f4e36e27b47e17b40db4de4ee29f05417bb9cc5f9da4b889eacc0,2
B_real_mixed_smoke_orbit,148,38.79252194332612,1,RBC,0.00010357106141293392,5.720681635072885e-05,0.00015912539989991817,-0.5712935121053221,-0.051676304068275995,-0.535976592172964,0.6194210000208789,950fe4e020fd36649e54b8d8295f37a8e30ac5026f81bea5b49c48503fe79279,ca2a2fd87d7f4e36e27b47e17b40db4de4ee29f05417bb9cc5f9da4b889eacc0,2
B_real_mixed_smoke_orbit,149,39.054633578078324,1,RBC,0.00010357106141293392,5.720681635072885e-05,0.00015912539989991817,-0.5712935121053221,-0.051676304068275995,-0.535976592172964,0.6194210000208789,950fe4e020fd36649e54b8d8295f37a8e30ac5026f81bea5b49c48503fe79279,ca2a2fd87d7f4e36e27b47e17b40db4de4ee29f05417bb9cc5f9da4b889eacc0,2
B_real_mixed_smoke_orbit,150,39.316745212830526,1,RBC,0.00010357106141293392,5.720681635072885e-05,0.00015912539989991817,-0.5712935121053221,-0.051676304068275995,-0.535976592172964,0.6194210000208789,950fe4e020fd36649e54b8d8295f37a8e30ac5026f81bea5b49c48503fe79279,ca2a2fd87d7f4e36e27b47e17b40db4de4ee29f05417bb9cc5f9da4b889eacc0,2
B_real_mixed_smoke_orbit,151,39.57885684758273,1,RBC,0.00010357106141293392,5.720681635072885e-05,0.00015912539989991817,-0.5712935121053221,-0.051676304068275995,-0.535976592172964,0.6194210000208789,950fe4e020fd36649e54b8d8295f37a8e30ac5026f81bea5b49c48503fe79279,ca2a2fd87d7f4e36e27b47e17b40db4de4ee29f05417bb9cc5f9da4b889eacc0,2
B_real_mixed_smoke_orbit,152,39.84096848233493,1,RBC,0.00010357106141293392,5.720681635072885e-05,0.00015912539989991817,-0.5712935121053221,-0.051676304068275995,-0.535976592172964,0.6194210000208789,950fe4e020fd36649e54b8d8295f37a8e30ac5026f81bea5b49c48503fe79279,ca2a2fd87d7f4e36e27b47e17b40db4de4ee29f05417bb9cc5f9da4b889eacc0,2
B_real_mixed_smoke_orbit,153,40.10308011708714,1,RBC,0.00010357106141293392,5.720681635072885e-05,0.00015912539989991817,-0.5712935121053221,-0.051676304068275995,-0.535976592172964,0.6194210000208789,950fe4e020fd36649e54b8d8295f37a8e30ac5026f81bea5b49c48503fe79279,ca2a2fd87d7f4e36e27b47e17b40db4de4ee29f05417bb9cc5f9da4b889eacc0,2
B_real_mixed_smoke_orbit,154,40.36519175183934,1,RBC,0.00010357106141293392,5.720681635072885e-05,0.00015912539989991817,-0.5712935121053221,-0.051676304068275995,-0.535976592172964,0.6194210000208789,950fe4e020fd36649e54b8d8295f37a8e30ac5026f81bea5b49c48503fe79279,ca2a2fd87d7f4e36e27b47e17b40db4de4ee29f05417bb9cc5f9da4b889eacc0,2
B_real_mixed_smoke_orbit,155,40.62730338659154,1,RBC,0.00010357106141293392,5.720681635072885e-05,0.00015912539989991817,-0.5712935121053221,-0.051676304068275995,-0.535976592172964,0.6194210000208789,950fe4e020fd36649e54b8d8295f37a8e30ac5026f81bea5b49c48503fe79279,ca2a2fd87d7f4e36e27b47e17b40db4de4ee29f05417bb9cc5f9da4b889eacc0,2
B_real_mixed_smoke_orbit,156,40.889415021343744,1,RBC,0.00010357106141293392,5.720681635072885e-05,0.00015912539989991817,-0.5712935121053221,-0.051676304068275995,-0.535976592172964,0.6194210000208789,950fe4e020fd36649e54b8d8295f37a8e30ac5026f81bea5b49c48503fe79279,ca2a2fd87d7f4e36e27b47e17b40db4de4ee29f05417bb9cc5f9da4b889eacc0,2
B_real_mixed_smoke_orbit,157,41.15152665609595,1,RBC,0.00010357106141293392,5.720681635072885e-05,0.00015912539989991817,-0.5712935121053221,-0.051676304068275995,-0.535976592172964,0.6194210000208789,950fe4e020fd36649e54b8d8295f37a8e30ac5026f81bea5b49c48503fe79279,ca2a2fd87d7f4e36e27b47e17b40db4de4ee29f05417bb9cc5f9da4b889eacc0,2
B_real_mixed_smoke_orbit,158,41.413638290848155,1,RBC,0.00010357106141293392,5.720681635072885e-05,0.00015912539989991817,-0.5712935121053221,-0.051676304068275995,-0.535976592172964,0.6194210000208789,950fe4e020fd36649e54b8d8295f37a8e30ac5026f81bea5b49c48503fe79279,ca2a2fd87d7f4e36e27b47e17b40db4de4ee29f05417bb9cc5f9da4b889eacc0,2
B_real_mixed_smoke_orbit,159,41.67574992560036,1,RBC,0.00010357106141293392,5.720681635072885e-05,0.00015912539989991817,-0.5712935121053221,-0.051676304068275995,-0.535976592172964,0.6194210000208789,950fe4e020fd36649e54b8d8295f37a8e30ac5026f81bea5b49c48503fe79279,ca2a2fd87d7f4e36e27b47e17b40db4de4ee29f05417bb9cc5f9da4b889eacc0,2
B_real_mixed_smoke_orbit,160,41.93786156035256,1,RBC,0.00010357106141293392,5.720681635072885e-05,0.00015912539989991817,-0.5712935121053221,-0.051676304068275995,-0.535976592172964,0.6194210000208789,950fe4e020fd36649e54b8d8295f37a8e30ac5026f81bea5b49c48503fe79279,ca2a2fd87d7f4e36e27b47e17b40db4de4ee29f05417bb9cc5f9da4b889eacc0,2
B_real_mixed_smoke_orbit,161,42.19997319510476,1,RBC,0.00010357106141293392,5.720681635072885e-05,0.00015912539989991817,-0.5712935121053221,-0.051676304068275995,-0.535976592172964,0.6194210000208789,950fe4e020fd36649e54b8d8295f37a8e30ac5026f81bea5b49c48503fe79279,ca2a2fd87d7f4e36e27b47e17b40db4de4ee29f05417bb9cc5f9da4b889eacc0,2
B_real_mixed_smoke_orbit,162,42.46208482985697,1,RBC,0.00010357106141293392,5.720681635072885e-05,0.00015912539989991817,-0.5712935121053221,-0.051676304068275995,-0.535976592172964,0.6194210000208789,950fe4e020fd36649e54b8d8295f37a8e30ac5026f81bea5b49c48503fe79279,ca2a2fd87d7f4e36e27b47e17b40db4de4ee29f05417bb9cc5f9da4b889eacc0,2
B_real_mixed_smoke_orbit,163,42.72419646460917,1,RBC,0.00010357106141293392,5.720681635072885e-05,0.00015912539989991817,-0.5712935121053221,-0.051676304068275995,-0.535976592172964,0.6194210000208789,950fe4e020fd36649e54b8d8295f37a8e30ac5026f81bea5b49c48503fe79279,ca2a2fd87d7f4e36e27b47e17b40db4de4ee29f05417bb9cc5f9da4b889eacc0,2
B_real_mixed_smoke_orbit,164,42.98630809936137,1,RBC,0.00010357106141293392,5.720681635072885e-05,0.00015912539989991817,-0.5712935121053221,-0.051676304068275995,-0.535976592172964,0.6194210000208789,950fe4e020fd36649e54b8d8295f37a8e30ac5026f81bea5b49c48503fe79279,ca2a2fd87d7f4e36e27b47e17b40db4de4ee29f05417bb9cc5f9da4b889eacc0,2
B_real_mixed_smoke_orbit,165,42.98630809936137,1,RBC,0.00010357106141293392,5.720681635072885e-05,0.00015912539989991817,-0.5712935121053221,-0.051676304068275995,-0.535976592172964,0.6194210000208789,950fe4e020fd36649e54b8d8295f37a8e30ac5026f81bea5b49c48503fe79279,ca2a2fd87d7f4e36e27b47e17b40db4de4ee29f05417bb9cc5f9da4b889eacc0,2
B_real_mixed_smoke_orbit,166,42.98630809936137,1,RBC,0.00010357106141293392,5.720681635072885e-05,0.00015912539989991817,-0.5712935121053221,-0.051676304068275995,-0.535976592172964,0.6194210000208789,950fe4e020fd36649e54b8d8295f37a8e30ac5026f81bea5b49c48503fe79279,ca2a2fd87d7f4e36e27b47e17b40db4de4ee29f05417bb9cc5f9da4b889eacc0,2
B_real_mixed_smoke_orbit,167,42.98630809936137,1,RBC,0.00010357106141293392,5.720681635072885e-05,0.00015912539989991817,-0.5712935121053221,-0.051676304068275995,-0.535976592172964,0.6194210000208789,950fe4e020fd36649e54b8d8295f37a8e30ac5026f81bea5b49c48503fe79279,ca2a2fd87d7f4e36e27b47e17b40db4de4ee29f05417bb9cc5f9da4b889eacc0,2
B_real_mixed_smoke_orbit,168,42.98630809936137,1,RBC,0.00010357106141293392,5.720681635072885e-05,0.00015912539989991817,-0.5712935121053221,-0.051676304068275995,-0.535976592172964,0.6194210000208789,950fe4e020fd36649e54b8d8295f37a8e30ac5026f81bea5b49c48503fe79279,ca2a2fd87d7f4e36e27b47e17b40db4de4ee29f05417bb9cc5f9da4b889eacc0,2
B_real_mixed_smoke_orbit,169,42.98630809936137,1,RBC,0.00010357106141293392,5.720681635072885e-05,0.00015912539989991817,-0.5712935121053221,-0.051676304068275995,-0.535976592172964,0.6194210000208789,950fe4e020fd36649e54b8d8295f37a8e30ac5026f81bea5b49c48503fe79279,ca2a2fd87d7f4e36e27b47e17b40db4de4ee29f05417bb9cc5f9da4b889eacc0,2
B_real_mixed_smoke_orbit,170,42.98630809936137,1,RBC,0.00010357106141293392,5.720681635072885e-05,0.00015912539989991817,-0.5712935121053221,-0.051676304068275995,-0.535976592172964,0.6194210000208789,950fe4e020fd36649e54b8d8295f37a8e30ac5026f81bea5b49c48503fe79279,ca2a2fd87d7f4e36e27b47e17b40db4de4ee29f05417bb9cc5f9da4b889eacc0,2
B_real_mixed_smoke_orbit,171,42.98630809936137,1,RBC,0.00010357106141293392,5.720681635072885e-05,0.00015912539989991817,-0.5712935121053221,-0.051676304068275995,-0.535976592172964,0.6194210000208789,950fe4e020fd36649e54b8d8295f37a8e30ac5026f81bea5b49c48503fe79279,ca2a2fd87d7f4e36e27b47e17b40db4de4ee29f05417bb9cc5f9da4b889eacc0,2
B_real_mixed_smoke_orbit,172,42.98630809936137,1,RBC,0.00010357106141293392,5.720681635072885e-05,0.00015912539989991817,-0.5712935121053221,-0.051676304068275995,-0.535976592172964,0.6194210000208789,950fe4e020fd36649e54b8d8295f37a8e30ac5026f81bea5b49c48503fe79279,ca2a2fd87d7f4e36e27b47e17b40db4de4ee29f05417bb9cc5f9da4b889eacc0,2
B_real_mixed_smoke_orbit,173,42.98630809936137,1,RBC,0.00010357106141293392,5.720681635072885e-05,0.00015912539989991817,-0.5712935121053221,-0.051676304068275995,-0.535976592172964,0.6194210000208789,950fe4e020fd36649e54b8d8295f37a8e30ac5026f81bea5b49c48503fe79279,ca2a2fd87d7f4e36e27b47e17b40db4de4ee29f05417bb9cc5f9da4b889eacc0,2
B_real_mixed_smoke_orbit,174,42.98630809936137,1,RBC,0.00010357106141293392,5.720681635072885e-05,0.00015912539989991817,-0.5712935121053221,-0.051676304068275995,-0.535976592172964,0.6194210000208789,950fe4e020fd36649e54b8d8295f37a8e30ac5026f81bea5b49c48503fe79279,ca2a2fd87d7f4e36e27b47e17b40db4de4ee29f05417bb9cc5f9da4b889eacc0,2
B_real_mixed_smoke_orbit,175,42.98630809936137,1,RBC,0.00010357106141293392,5.720681635072885e-05,0.00015912539989991817,-0.5712935121053221,-0.051676304068275995,-0.535976592172964,0.6194210000208789,950fe4e020fd36649e54b8d8295f37a8e30ac5026f81bea5b49c48503fe79279,ca2a2fd87d7f4e36e27b47e17b40db4de4ee29f05417bb9cc5f9da4b889eacc0,2
B_real_mixed_smoke_orbit,176,42.98630809936137,1,RBC,0.00010357106141293392,5.720681635072885e-05,0.00015912539989991817,-0.5712935121053221,-0.051676304068275995,-0.535976592172964,0.6194210000208789,950fe4e020fd36649e54b8d8295f37a8e30ac5026f81bea5b49c48503fe79279,ca2a2fd87d7f4e36e27b47e17b40db4de4ee29f05417bb9cc5f9da4b889eacc0,2
B_real_mixed_smoke_orbit,177,42.98630809936137,1,RBC,0.00010357106141293392,5.720681635072885e-05,0.00015912539989991817,-0.5712935121053221,-0.051676304068275995,-0.535976592172964,0.6194210000208789,950fe4e020fd36649e54b8d8295f37a8e30ac5026f81bea5b49c48503fe79279,ca2a2fd87d7f4e36e27b47e17b40db4de4ee29f05417bb9cc5f9da4b889eacc0,2
B_real_mixed_smoke_orbit,178,42.98630809936137,1,RBC,0.00010357106141293392,5.720681635072885e-05,0.00015912539989991817,-0.5712935121053221,-0.051676304068275995,-0.535976592172964,0.6194210000208789,950fe4e020fd36649e54b8d8295f37a8e30ac5026f81bea5b49c48503fe79279,ca2a2fd87d7f4e36e27b47e17b40db4de4ee29f05417bb9cc5f9da4b889eacc0,2
B_real_mixed_smoke_orbit,179,42.98630809936137,1,RBC,0.00010357106141293392,5.720681635072885e-05,0.00015912539989991817,-0.5712935121053221,-0.051676304068275995,-0.535976592172964,0.6194210000208789,950fe4e020fd36649e54b8d8295f37a8e30ac5026f81bea5b49c48503fe79279,ca2a2fd87d7f4e36e27b47e17b40db4de4ee29f05417bb9cc5f9da4b889eacc0,2
C_synthetic_lifecycle_orbit,4,0.00013559322033898305,1,RBC,-7.099819024863847e-05,1.9497701931074842e-05,7.518358148966489e-10,-0.5712935121053221,-0.051676304068275995,-0.535976592172964,0.6194210000208789,93abe007f692567feb30ae0d2b05dbe8be59e7214a0678a57da15f53a61fe092,23bac2f3360c1c0df71b8fa00100de2352ae2522946310143d791d2dbb711ede,2
C_synthetic_lifecycle_orbit,5,0.0001694915254237288,1,RBC,-7.099819024863847e-05,1.9497701931074842e-05,1.5992934420152928e-09,-0.5712935121053221,-0.051676304068275995,-0.535976592172964,0.6194210000208789,93abe007f692567feb30ae0d2b05dbe8be59e7214a0678a57da15f53a61fe092,23bac2f3360c1c0df71b8fa00100de2352ae2522946310143d791d2dbb711ede,2
C_synthetic_lifecycle_orbit,6,0.00020338983050847457,1,RBC,-7.099819024863847e-05,1.9497701931074842e-05,2.446751069133937e-09,-0.5712935121053221,-0.051676304068275995,-0.535976592172964,0.6194210000208789,93abe007f692567feb30ae0d2b05dbe8be59e7214a0678a57da15f53a61fe092,23bac2f3360c1c0df71b8fa00100de2352ae2522946310143d791d2dbb711ede,2
C_synthetic_lifecycle_orbit,6,0.00020338983050847457,2,RBC,8.960485478439273e-05,6.904647130578355e-05,3.564974135405202e-11,-0.7620605842215309,-0.27012194401710027,0.03381233941745853,0.5874985336487915,ca7be30bfe3c23c8bf38fd8b029d6e23cbd79cb019481eb66a7abd503d66461b,42d46a885615c00cedc6c76239dfee3cfb786de69b8ad9b027d2ad6c6a542cfc,2
C_synthetic_lifecycle_orbit,7,0.00023728813559322035,1,RBC,-7.099819024863847e-05,1.9497701931074842e-05,3.2942086962525814e-09,-0.5712935121053221,-0.051676304068275995,-0.535976592172964,0.6194210000208789,93abe007f692567feb30ae0d2b05dbe8be59e7214a0678a57da15f53a61fe092,23bac2f3360c1c0df71b8fa00100de2352ae2522946310143d791d2dbb711ede,2
C_synthetic_lifecycle_orbit,7,0.00023728813559322035,2,RBC,8.960485478439273e-05,6.904647130578355e-05,8.831073684726963e-10,-0.7620605842215309,-0.27012194401710027,0.03381233941745853,0.5874985336487915,ca7be30bfe3c23c8bf38fd8b029d6e23cbd79cb019481eb66a7abd503d66461b,42d46a885615c00cedc6c76239dfee3cfb786de69b8ad9b027d2ad6c6a542cfc,2
C_synthetic_lifecycle_orbit,8,0.0002711864406779661,1,RBC,-7.099819024863847e-05,1.9497701931074842e-05,4.141666323371225e-09,-0.5712935121053221,-0.051676304068275995,-0.535976592172964,0.6194210000208789,93abe007f692567feb30ae0d2b05dbe8be59e7214a0678a57da15f53a61fe092,23bac2f3360c1c0df71b8fa00100de2352ae2522946310143d791d2dbb711ede,2
C_synthetic_lifecycle_orbit,8,0.0002711864406779661,2,RBC,8.960485478439273e-05,6.904647130578355e-05,1.73056499559134e-09,-0.7620605842215309,-0.27012194401710027,0.03381233941745853,0.5874985336487915,ca7be30bfe3c23c8bf38fd8b029d6e23cbd79cb019481eb66a7abd503d66461b,42d46a885615c00cedc6c76239dfee3cfb786de69b8ad9b027d2ad6c6a542cfc,2
C_synthetic_lifecycle_orbit,9,0.00030508474576271185,1,RBC,-7.099819024863847e-05,1.9497701931074842e-05,4.989123950489869e-09,-0.5712935121053221,-0.051676304068275995,-0.535976592172964,0.6194210000208789,93abe007f692567feb30ae0d2b05dbe8be59e7214a0678a57da15f53a61fe092,23bac2f3360c1c0df71b8fa00100de2352ae2522946310143d791d2dbb711ede,2
C_synthetic_lifecycle_orbit,9,0.00030508474576271185,2,RBC,8.960485478439273e-05,6.904647130578355e-05,2.5780226227099833e-09,-0.7620605842215309,-0.27012194401710027,0.03381233941745853,0.5874985336487915,ca7be30bfe3c23c8bf38fd8b029d6e23cbd79cb019481eb66a7abd503d66461b,42d46a885615c00cedc6c76239dfee3cfb786de69b8ad9b027d2ad6c6a542cfc,2
C_synthetic_lifecycle_orbit,10,0.0003389830508474576,1,RBC,-7.099819024863847e-05,1.9497701931074842e-05,5.836581577608513e-09,-0.5712935121053221,-0.051676304068275995,-0.535976592172964,0.6194210000208789,93abe007f692567feb30ae0d2b05dbe8be59e7214a0678a57da15f53a61fe092,23bac2f3360c1c0df71b8fa00100de2352ae2522946310143d791d2dbb711ede,2
C_synthetic_lifecycle_orbit,10,0.0003389830508474576,2,RBC,8.960485478439273e-05,6.904647130578355e-05,3.425480249828627e-09,-0.7620605842215309,-0.27012194401710027,0.03381233941745853,0.5874985336487915,ca7be30bfe3c23c8bf38fd8b029d6e23cbd79cb019481eb66a7abd503d66461b,42d46a885615c00cedc6c76239dfee3cfb786de69b8ad9b027d2ad6c6a542cfc,2
C_synthetic_lifecycle_orbit,10,0.0003389830508474576,3,RBC,2.4318886824028946e-05,2.2742235487424936e-05,3.447838245291588e-10,-0.3736520269661993,0.2447232267444446,-0.6677467602321812,0.595490528249832,bdedde27f74471fb9c11b7e132d776dfe15dc511125da6c1db807c44d1eed0ef,69a7f312c88ba85027cd5838731511ab2afd96ce5d35c5e6fb2800902e97fd7f,2
C_synthetic_lifecycle_orbit,11,0.0003728813559322034,1,RBC,-7.099819024863847e-05,1.9497701931074842e-05,6.684039204727157e-09,-0.5712935121053221,-0.051676304068275995,-0.535976592172964,0.6194210000208789,93abe007f692567feb30ae0d2b05dbe8be59e7214a0678a57da15f53a61fe092,23bac2f3360c1c0df71b8fa00100de2352ae2522946310143d791d2dbb711ede,2
C_synthetic_lifecycle_orbit,11,0.0003728813559322034,2,RBC,8.960485478439273e-05,6.904647130578355e-05,4.272937876947272e-09,-0.7620605842215309,-0.27012194401710027,0.03381233941745853,0.5874985336487915,ca7be30bfe3c23c8bf38fd8b029d6e23cbd79cb019481eb66a7abd503d66461b,42d46a885615c00cedc6c76239dfee3cfb786de69b8ad9b027d2ad6c6a542cfc,2
C_synthetic_lifecycle_orbit,11,0.0003728813559322034,3,RBC,2.4318886824028946e-05,2.2742235487424936e-05,1.1922414516478038e-09,-0.3736520269661993,0.2447232267444446,-0.6677467602321812,0.595490528249832,bdedde27f74471fb9c11b7e132d776dfe15dc511125da6c1db807c44d1eed0ef,69a7f312c88ba85027cd5838731511ab2afd96ce5d35c5e6fb2800902e97fd7f,2
C_synthetic_lifecycle_orbit,12,0.00040677966101694915,1,RBC,-7.099819024863847e-05,1.9497701931074842e-05,7.531496831845801e-09,-0.5712935121053221,-0.051676304068275995,-0.535976592172964,0.6194210000208789,93abe007f692567feb30ae0d2b05dbe8be59e7214a0678a57da15f53a61fe092,23bac2f3360c1c0df71b8fa00100de2352ae2522946310143d791d2dbb711ede,2
C_synthetic_lifecycle_orbit,12,0.00040677966101694915,2,RBC,8.960485478439273e-05,6.904647130578355e-05,5.120395504065915e-09,-0.7620605842215309,-0.27012194401710027,0.03381233941745853,0.5874985336487915,ca7be30bfe3c23c8bf38fd8b029d6e23cbd79cb019481eb66a7abd503d66461b,42d46a885615c00cedc6c76239dfee3cfb786de69b8ad9b027d2ad6c6a542cfc,2
C_synthetic_lifecycle_orbit,12,0.00040677966101694915,3,RBC,2.4318886824028946e-05,2.2742235487424936e-05,2.039699078766448e-09,-0.3736520269661993,0.2447232267444446,-0.6677467602321812,0.595490528249832,bdedde27f74471fb9c11b7e132d776dfe15dc511125da6c1db807c44d1eed0ef,69a7f312c88ba85027cd5838731511ab2afd96ce5d35c5e6fb2800902e97fd7f,2
C_synthetic_lifecycle_orbit,13,0.0004406779661016949,1,RBC,-7.099819024863847e-05,1.9497701931074842e-05,8.378954458964445e-09,-0.5712935121053221,-0.051676304068275995,-0.535976592172964,0.6194210000208789,93abe007f692567feb30ae0d2b05dbe8be59e7214a0678a57da15f53a61fe092,23bac2f3360c1c0df71b8fa00100de2352ae2522946310143d791d2dbb711ede,2
C_synthetic_lifecycle_orbit,13,0.0004406779661016949,2,RBC,8.960485478439273e-05,6.904647130578355e-05,5.96785313118456e-09,-0.7620605842215309,-0.27012194401710027,0.03381233941745853,0.5874985336487915,ca7be30bfe3c23c8bf38fd8b029d6e23cbd79cb019481eb66a7abd503d66461b,42d46a885615c00cedc6c76239dfee3cfb786de69b8ad9b027d2ad6c6a542cfc,2
C_synthetic_lifecycle_orbit,13,0.0004406779661016949,3,RBC,2.4318886824028946e-05,2.2742235487424936e-05,2.887156705885091e-09,-0.3736520269661993,0.2447232267444446,-0.6677467602321812,0.595490528249832,bdedde27f74471fb9c11b7e132d776dfe15dc511125da6c1db807c44d1eed0ef,69a7f312c88ba85027cd5838731511ab2afd96ce5d35c5e6fb2800902e97fd7f,2
C_synthetic_lifecycle_orbit,14,0.0004745762711864407,1,RBC,-7.099819024863847e-05,1.9497701931074842e-05,9.22641208608309e-09,-0.5712935121053221,-0.051676304068275995,-0.535976592172964,0.6194210000208789,93abe007f692567feb30ae0d2b05dbe8be59e7214a0678a57da15f53a61fe092,23bac2f3360c1c0df71b8fa00100de2352ae2522946310143d791d2dbb711ede,2
C_synthetic_lifecycle_orbit,14,0.0004745762711864407,2,RBC,8.960485478439273e-05,6.904647130578355e-05,6.815310758303203e-09,-0.7620605842215309,-0.27012194401710027,0.03381233941745853,0.5874985336487915,ca7be30bfe3c23c8bf38fd8b029d6e23cbd79cb019481eb66a7abd503d66461b,42d46a885615c00cedc6c76239dfee3cfb786de69b8ad9b027d2ad6c6a542cfc,2
C_synthetic_lifecycle_orbit,14,0.0004745762711864407,3,RBC,2.4318886824028946e-05,2.2742235487424936e-05,3.734614333003737e-09,-0.3736520269661993,0.2447232267444446,-0.6677467602321812,0.595490528249832,bdedde27f74471fb9c11b7e132d776dfe15dc511125da6c1db807c44d1eed0ef,69a7f312c88ba85027cd5838731511ab2afd96ce5d35c5e6fb2800902e97fd7f,2
C_synthetic_lifecycle_orbit,14,0.0004745762711864407,4,RBC,-9.087428841140354e-05,9.515101946977319e-05,7.801470014884858e-10,-0.18332684988911546,-0.48564950227875353,-0.321461561410703,0.7919585163261553,4520cf6265ab0f6b5ae2122248ff03f139f23387ce31a3c82089f13cc8c642ce,f7522c4d9c7f859e3b6d1b478f8146c784529992bf0fa62c8a19a12484cce6c8,2
C_synthetic_lifecycle_orbit,15,0.0005084745762711864,2,RBC,8.960485478439273e-05,6.904647130578355e-05,7.662768385421848e-09,-0.7620605842215309,-0.27012194401710027,0.03381233941745853,0.5874985336487915,ca7be30bfe3c23c8bf38fd8b029d6e23cbd79cb019481eb66a7abd503d66461b,42d46a885615c00cedc6c76239dfee3cfb786de69b8ad9b027d2ad6c6a542cfc,2
C_synthetic_lifecycle_orbit,15,0.0005084745762711864,3,RBC,2.4318886824028946e-05,2.2742235487424936e-05,4.5820719601223794e-09,-0.3736520269661993,0.2447232267444446,-0.6677467602321812,0.595490528249832,bdedde27f74471fb9c11b7e132d776dfe15dc511125da6c1db807c44d1eed0ef,69a7f312c88ba85027cd5838731511ab2afd96ce5d35c5e6fb2800902e97fd7f,2
C_synthetic_lifecycle_orbit,15,0.0005084745762711864,4,RBC,-9.087428841140354e-05,9.515101946977319e-05,1.6276046286071298e-09,-0.18332684988911546,-0.48564950227875353,-0.321461561410703,0.7919585163261553,4520cf6265ab0f6b5ae2122248ff03f139f23387ce31a3c82089f13cc8c642ce,f7522c4d9c7f859e3b6d1b478f8146c784529992bf0fa62c8a19a12484cce6c8,2
C_synthetic_lifecycle_orbit,16,0.0005423728813559322,2,RBC,8.960485478439273e-05,6.904647130578355e-05,8.51022601254049e-09,-0.7620605842215309,-0.27012194401710027,0.03381233941745853,0.5874985336487915,ca7be30bfe3c23c8bf38fd8b029d6e23cbd79cb019481eb66a7abd503d66461b,42d46a885615c00cedc6c76239dfee3cfb786de69b8ad9b027d2ad6c6a542cfc,2
C_synthetic_lifecycle_orbit,16,0.0005423728813559322,3,RBC,2.4318886824028946e-05,2.2742235487424936e-05,5.429529587241023e-09,-0.3736520269661993,0.2447232267444446,-0.6677467602321812,0.595490528249832,bdedde27f74471fb9c11b7e132d776dfe15dc511125da6c1db807c44d1eed0ef,69a7f312c88ba85027cd5838731511ab2afd96ce5d35c5e6fb2800902e97fd7f,2
C_synthetic_lifecycle_orbit,16,0.0005423728813559322,4,RBC,-9.087428841140354e-05,9.515101946977319e-05,2.4750622557257734e-09,-0.18332684988911546,-0.48564950227875353,-0.321461561410703,0.7919585163261553,4520cf6265ab0f6b5ae2122248ff03f139f23387ce31a3c82089f13cc8c642ce,f7522c4d9c7f859e3b6d1b478f8146c784529992bf0fa62c8a19a12484cce6c8,2
C_synthetic_lifecycle_orbit,16,0.0005423728813559322,5,RBC,-2.0380273587614977e-05,-8.04945767552054e-06,4.682314737170429e-10,-0.6582253982269322,0.6187895887946034,-0.22570239530004219,0.36455068054281015,668eecccef4b445cbec493a15a66f0a23ce405ad3c90324a14f3ddf99aadd1a4,2637a53a7b884e82cc0066daafde08c65a86a72d1e79d100ba3c1130897b48a6,2
C_synthetic_lifecycle_orbit,17,0.0005762711864406779,2,RBC,8.960485478439273e-05,6.904647130578355e-05,9.357683639659135e-09,-0.7620605842215309,-0.27012194401710027,0.03381233941745853,0.5874985336487915,ca7be30bfe3c23c8bf38fd8b029d6e23cbd79cb019481eb66a7abd503d66461b,42d46a885615c00cedc6c76239dfee3cfb786de69b8ad9b027d2ad6c6a542cfc,2
C_synthetic_lifecycle_orbit,17,0.0005762711864406779,3,RBC,2.4318886824028946e-05,2.2742235487424936e-05,6.2769872143596674e-09,-0.3736520269661993,0.2447232267444446,-0.6677467602321812,0.595490528249832,bdedde27f74471fb9c11b7e132d776dfe15dc511125da6c1db807c44d1eed0ef,69a7f312c88ba85027cd5838731511ab2afd96ce5d35c5e6fb2800902e97fd7f,2
C_synthetic_lifecycle_orbit,17,0.0005762711864406779,4,RBC,-9.087428841140354e-05,9.515101946977319e-05,3.322519882844417e-09,-0.18332684988911546,-0.48564950227875353,-0.321461561410703,0.7919585163261553,4520cf6265ab0f6b5ae2122248ff03f139f23387ce31a3c82089f13cc8c642ce,f7522c4d9c7f859e3b6d1b478f8146c784529992bf0fa62c8a19a12484cce6c8,2
C_synthetic_lifecycle_orbit,17,0.0005762711864406779,5,RBC,-2.0380273587614977e-05,-8.04945767552054e-06,1.3156891008356867e-09,-0.6582253982269322,0.6187895887946034,-0.22570239530004219,0.36455068054281015,668eecccef4b445cbec493a15a66f0a23ce405ad3c90324a14f3ddf99aadd1a4,2637a53a7b884e82cc0066daafde08c65a86a72d1e79d100ba3c1130897b48a6,2
C_synthetic_lifecycle_orbit,18,0.0006101694915254237,3,RBC,2.4318886824028946e-05,2.2742235487424936e-05,7.124444841478311e-09,-0.3736520269661993,0.2447232267444446,-0.6677467602321812,0.595490528249832,bdedde27f74471fb9c11b7e132d776dfe15dc511125da6c1db807c44d1eed0ef,69a7f312c88ba85027cd5838731511ab2afd96ce5d35c5e6fb2800902e97fd7f,2
C_synthetic_lifecycle_orbit,18,0.0006101694915254237,4,RBC,-9.087428841140354e-05,9.515101946977319e-05,4.169977509963061e-09,-0.18332684988911546,-0.48564950227875353,-0.321461561410703,0.7919585163261553,4520cf6265ab0f6b5ae2122248ff03f139f23387ce31a3c82089f13cc8c642ce,f7522c4d9c7f859e3b6d1b478f8146c784529992bf0fa62c8a19a12484cce6c8,2
C_synthetic_lifecycle_orbit,18,0.0006101694915254237,5,RBC,-2.0380273587614977e-05,-8.04945767552054e-06,2.1631467279543303e-09,-0.6582253982269322,0.6187895887946034,-0.22570239530004219,0.36455068054281015,668eecccef4b445cbec493a15a66f0a23ce405ad3c90324a14f3ddf99aadd1a4,2637a53a7b884e82cc0066daafde08c65a86a72d1e79d100ba3c1130897b48a6,2
C_synthetic_lifecycle_orbit,19,0.0006440677966101694,3,RBC,2.4318886824028946e-05,2.2742235487424936e-05,7.971902468596954e-09,-0.3736520269661993,0.2447232267444446,-0.6677467602321812,0.595490528249832,bdedde27f74471fb9c11b7e132d776dfe15dc511125da6c1db807c44d1eed0ef,69a7f312c88ba85027cd5838731511ab2afd96ce5d35c5e6fb2800902e97fd7f,2
C_synthetic_lifecycle_orbit,19,0.0006440677966101694,4,RBC,-9.087428841140354e-05,9.515101946977319e-05,5.017435137081705e-09,-0.18332684988911546,-0.48564950227875353,-0.321461561410703,0.7919585163261553,4520cf6265ab0f6b5ae2122248ff03f139f23387ce31a3c82089f13cc8c642ce,f7522c4d9c7f859e3b6d1b478f8146c784529992bf0fa62c8a19a12484cce6c8,2
C_synthetic_lifecycle_orbit,19,0.0006440677966101694,5,RBC,-2.0380273587614977e-05,-8.04945767552054e-06,3.0106043550729743e-09,-0.6582253982269322,0.6187895887946034,-0.22570239530004219,0.36455068054281015,668eecccef4b445cbec493a15a66f0a23ce405ad3c90324a14f3ddf99aadd1a4,2637a53a7b884e82cc0066daafde08c65a86a72d1e79d100ba3c1130897b48a6,2
C_synthetic_lifecycle_orbit,19,0.0006440677966101694,6,RBC,-6.0359596122875613e-05,-8.183804402871352e-06,1.0794911157619844e-10,-0.24130351721223917,0.20347950915707702,0.7391062213359355,0.595055203755679,3a8a64cab16451168a2275371e497b73f42b5191dc4efa8034799b720a46ea2e,6d65bc3d04847935f0cca16886d51a4666a42ef28d959bef8ee030621d44a2f8,2
C_synthetic_lifecycle_orbit,20,0.0006779661016949152,3,RBC,2.4318886824028946e-05,2.2742235487424936e-05,8.819360095715598e-09,-0.3736520269661993,0.2447232267444446,-0.6677467602321812,0.595490528249832,bdedde27f74471fb9c11b7e132d776dfe15dc511125da6c1db807c44d1eed0ef,69a7f312c88ba85027cd5838731511ab2afd96ce5d35c5e6fb2800902e97fd7f,2
C_synthetic_lifecycle_orbit,20,0.0006779661016949152,4,RBC,-9.087428841140354e-05,9.515101946977319e-05,5.864892764200349e-09,-0.18332684988911546,-0.48564950227875353,-0.321461561410703,0.7919585163261553,4520cf6265ab0f6b5ae2122248ff03f139f23387ce31a3c82089f13cc8c642ce,f7522c4d9c7f859e3b6d1b478f8146c784529992bf0fa62c8a19a12484cce6c8,2
C_synthetic_lifecycle_orbit,20,0.0006779661016949152,5,RBC,-2.0380273587614977e-05,-8.04945767552054e-06,3.858061982191618e-09,-0.6582253982269322,0.6187895887946034,-0.22570239530004219,0.36455068054281015,668eecccef4b445cbec493a15a66f0a23ce405ad3c90324a14f3ddf99aadd1a4,2637a53a7b884e82cc0066daafde08c65a86a72d1e79d100ba3c1130897b48a6,2
C_synthetic_lifecycle_orbit,20,0.0006779661016949152,6,RBC,-6.0359596122875613e-05,-8.183804402871352e-06,9.55406738694842e-10,-0.24130351721223917,0.20347950915707702,0.7391062213359355,0.595055203755679,3a8a64cab16451168a2275371e497b73f42b5191dc4efa8034799b720a46ea2e,6d65bc3d04847935f0cca16886d51a4666a42ef28d959bef8ee030621d44a2f8,2
C_synthetic_lifecycle_orbit,21,0.000711864406779661,3,RBC,2.4318886824028946e-05,2.2742235487424936e-05,9.666817722834244e-09,-0.3736520269661993,0.2447232267444446,-0.6677467602321812,0.595490528249832,bdedde27f74471fb9c11b7e132d776dfe15dc511125da6c1db807c44d1eed0ef,69a7f312c88ba85027cd5838731511ab2afd96ce5d35c5e6fb2800902e97fd7f,2
C_synthetic_lifecycle_orbit,21,0.000711864406779661,4,RBC,-9.087428841140354e-05,9.515101946977319e-05,6.712350391318995e-09,-0.18332684988911546,-0.48564950227875353,-0.321461561410703,0.7919585163261553,4520cf6265ab0f6b5ae2122248ff03f139f23387ce31a3c82089f13cc8c642ce,f7522c4d9c7f859e3b6d1b478f8146c784529992bf0fa62c8a19a12484cce6c8,2
C_synthetic_lifecycle_orbit,21,0.000711864406779661,5,RBC,-2.0380273587614977e-05,-8.04945767552054e-06,4.705519609310265e-09,-0.6582253982269322,0.6187895887946034,-0.22570239530004219,0.36455068054281015,668eecccef4b445cbec493a15a66f0a23ce405ad3c90324a14f3ddf99aadd1a4,2637a53a7b884e82cc0066daafde08c65a86a72d1e79d100ba3c1130897b48a6,2
C_synthetic_lifecycle_orbit,21,0.000711864406779661,6,RBC,-6.0359596122875613e-05,-8.183804402871352e-06,1.8028643658134883e-09,-0.24130351721223917,0.20347950915707702,0.7391062213359355,0.595055203755679,3a8a64cab16451168a2275371e497b73f42b5191dc4efa8034799b720a46ea2e,6d65bc3d04847935f0cca16886d51a4666a42ef28d959bef8ee030621d44a2f8,2
C_synthetic_lifecycle_orbit,22,0.0007457627118644068,4,RBC,-9.087428841140354e-05,9.515101946977319e-05,7.559808018437639e-09,-0.18332684988911546,-0.48564950227875353,-0.321461561410703,0.7919585163261553,4520cf6265ab0f6b5ae2122248ff03f139f23387ce31a3c82089f13cc8c642ce,f7522c4d9c7f859e3b6d1b478f8146c784529992bf0fa62c8a19a12484cce6c8,2
C_synthetic_lifecycle_orbit,22,0.0007457627118644068,5,RBC,-2.0380273587614977e-05,-8.04945767552054e-06,5.552977236428909e-09,-0.6582253982269322,0.6187895887946034,-0.22570239530004219,0.36455068054281015,668eecccef4b445cbec493a15a66f0a23ce405ad3c90324a14f3ddf99aadd1a4,2637a53a7b884e82cc0066daafde08c65a86a72d1e79d100ba3c1130897b48a6,2
C_synthetic_lifecycle_orbit,22,0.0007457627118644068,6,RBC,-6.0359596122875613e-05,-8.183804402871352e-06,2.650321992932132e-09,-0.24130351721223917,0.20347950915707702,0.7391062213359355,0.595055203755679,3a8a64cab16451168a2275371e497b73f42b5191dc4efa8034799b720a46ea2e,6d65bc3d04847935f0cca16886d51a4666a42ef28d959bef8ee030621d44a2f8,2
C_synthetic_lifecycle_orbit,23,0.0007796610169491525,4,RBC,-9.087428841140354e-05,9.515101946977319e-05,8.407265645556283e-09,-0.18332684988911546,-0.48564950227875353,-0.321461561410703,0.7919585163261553,4520cf6265ab0f6b5ae2122248ff03f139f23387ce31a3c82089f13cc8c642ce,f7522c4d9c7f859e3b6d1b478f8146c784529992bf0fa62c8a19a12484cce6c8,2
C_synthetic_lifecycle_orbit,23,0.0007796610169491525,5,RBC,-2.0380273587614977e-05,-8.04945767552054e-06,6.4004348635475515e-09,-0.6582253982269322,0.6187895887946034,-0.22570239530004219,0.36455068054281015,668eecccef4b445cbec493a15a66f0a23ce405ad3c90324a14f3ddf99aadd1a4,2637a53a7b884e82cc0066daafde08c65a86a72d1e79d100ba3c1130897b48a6,2
C_synthetic_lifecycle_orbit,23,0.0007796610169491525,6,RBC,-6.0359596122875613e-05,-8.183804402871352e-06,3.4977796200507755e-09,-0.24130351721223917,0.20347950915707702,0.7391062213359355,0.595055203755679,3a8a64cab16451168a2275371e497b73f42b5191dc4efa8034799b720a46ea2e,6d65bc3d04847935f0cca16886d51a4666a42ef28d959bef8ee030621d44a2f8,2
C_synthetic_lifecycle_orbit,23,0.0007796610169491525,7,RBC,5.8579423347504516e-05,-9.034290619432307e-05,6.885196497447313e-10,-0.7548120455348847,-0.5355182270485114,0.31289990223551895,-0.21347752948557586,0e3e9dbda617fe5d6cf32bd9a20d6aa03df7d621a2eeebb73e1311c9ae3b34fd,3b9c450118a9f4c3dd7a877c20ed2208c0eadddf95ef086653fe20a1a38459b3,2
C_synthetic_lifecycle_orbit,24,0.0008135593220338983,4,RBC,-9.087428841140354e-05,9.515101946977319e-05,9.254723272674926e-09,-0.18332684988911546,-0.48564950227875353,-0.321461561410703,0.7919585163261553,4520cf6265ab0f6b5ae2122248ff03f139f23387ce31a3c82089f13cc8c642ce,f7522c4d9c7f859e3b6d1b478f8146c784529992bf0fa62c8a19a12484cce6c8,2
C_synthetic_lifecycle_orbit,24,0.0008135593220338983,5,RBC,-2.0380273587614977e-05,-8.04945767552054e-06,7.247892490666196e-09,-0.6582253982269322,0.6187895887946034,-0.22570239530004219,0.36455068054281015,668eecccef4b445cbec493a15a66f0a23ce405ad3c90324a14f3ddf99aadd1a4,2637a53a7b884e82cc0066daafde08c65a86a72d1e79d100ba3c1130897b48a6,2
C_synthetic_lifecycle_orbit,24,0.0008135593220338983,6,RBC,-6.0359596122875613e-05,-8.183804402871352e-06,4.345237247169419e-09,-0.24130351721223917,0.20347950915707702,0.7391062213359355,0.595055203755679,3a8a64cab16451168a2275371e497b73f42b5191dc4efa8034799b720a46ea2e,6d65bc3d04847935f0cca16886d51a4666a42ef28d959bef8ee030621d44a2f8,2
C_synthetic_lifecycle_orbit,24,0.0008135593220338983,7,RBC,5.8579423347504516e-05,-9.034290619432307e-05,1.5359772768633747e-09,-0.7548120455348847,-0.5355182270485114,0.31289990223551895,-0.21347752948557586,0e3e9dbda617fe5d6cf32bd9a20d6aa03df7d621a2eeebb73e1311c9ae3b34fd,3b9c450118a9f4c3dd7a877c20ed2208c0eadddf95ef086653fe20a1a38459b3,2
C_synthetic_lifecycle_orbit,25,0.000847457627118644,5,RBC,-2.0380273587614977e-05,-8.04945767552054e-06,8.09535011778484e-09,-0.6582253982269322,0.6187895887946034,-0.22570239530004219,0.36455068054281015,668eecccef4b445cbec493a15a66f0a23ce405ad3c90324a14f3ddf99aadd1a4,2637a53a7b884e82cc0066daafde08c65a86a72d1e79d100ba3c1130897b48a6,2
C_synthetic_lifecycle_orbit,25,0.000847457627118644,6,RBC,-6.0359596122875613e-05,-8.183804402871352e-06,5.192694874288063e-09,-0.24130351721223917,0.20347950915707702,0.7391062213359355,0.595055203755679,3a8a64cab16451168a2275371e497b73f42b5191dc4efa8034799b720a46ea2e,6d65bc3d04847935f0cca16886d51a4666a42ef28d959bef8ee030621d44a2f8,2
C_synthetic_lifecycle_orbit,25,0.000847457627118644,7,RBC,5.8579423347504516e-05,-9.034290619432307e-05,2.3834349039820187e-09,-0.7548120455348847,-0.5355182270485114,0.31289990223551895,-0.21347752948557586,0e3e9dbda617fe5d6cf32bd9a20d6aa03df7d621a2eeebb73e1311c9ae3b34fd,3b9c450118a9f4c3dd7a877c20ed2208c0eadddf95ef086653fe20a1a38459b3,2
C_synthetic_lifecycle_orbit,26,0.0008813559322033898,5,RBC,-2.0380273587614977e-05,-8.04945767552054e-06,8.942807744903484e-09,-0.6582253982269322,0.6187895887946034,-0.22570239530004219,0.36455068054281015,668eecccef4b445cbec493a15a66f0a23ce405ad3c90324a14f3ddf99aadd1a4,2637a53a7b884e82cc0066daafde08c65a86a72d1e79d100ba3c1130897b48a6,2
C_synthetic_lifecycle_orbit,26,0.0008813559322033898,6,RBC,-6.0359596122875613e-05,-8.183804402871352e-06,6.040152501406706e-09,-0.24130351721223917,0.20347950915707702,0.7391062213359355,0.595055203755679,3a8a64cab16451168a2275371e497b73f42b5191dc4efa8034799b720a46ea2e,6d65bc3d04847935f0cca16886d51a4666a42ef28d959bef8ee030621d44a2f8,2
C_synthetic_lifecycle_orbit,26,0.0008813559322033898,7,RBC,5.8579423347504516e-05,-9.034290619432307e-05,3.230892531100662e-09,-0.7548120455348847,-0.5355182270485114,0.31289990223551895,-0.21347752948557586,0e3e9dbda617fe5d6cf32bd9a20d6aa03df7d621a2eeebb73e1311c9ae3b34fd,3b9c450118a9f4c3dd7a877c20ed2208c0eadddf95ef086653fe20a1a38459b3,2
C_synthetic_lifecycle_orbit,26,0.0008813559322033898,8,RBC,-9.381353150969165e-06,3.787342271426939e-05,1.3069305066822215e-10,-0.20109759730786994,0.20032173968226627,0.5569169982841347,-0.78056032053254,27caa87982818e35ba814644e8ce67cb451521ba6177b331cbc531d7ca063fae,f3fd078fc34259c72ade64b730aa7e27a90445c30b729d1ddef70231c3a55735,2
C_synthetic_lifecycle_orbit,27,0.0009152542372881355,5,RBC,-2.0380273587614977e-05,-8.04945767552054e-06,9.790265372022128e-09,-0.6582253982269322,0.6187895887946034,-0.22570239530004219,0.36455068054281015,668eecccef4b445cbec493a15a66f0a23ce405ad3c90324a14f3ddf99aadd1a4,2637a53a7b884e82cc0066daafde08c65a86a72d1e79d100ba3c1130897b48a6,2
C_synthetic_lifecycle_orbit,27,0.0009152542372881355,6,RBC,-6.0359596122875613e-05,-8.183804402871352e-06,6.88761012852535e-09,-0.24130351721223917,0.20347950915707702,0.7391062213359355,0.595055203755679,3a8a64cab16451168a2275371e497b73f42b5191dc4efa8034799b720a46ea2e,6d65bc3d04847935f0cca16886d51a4666a42ef28d959bef8ee030621d44a2f8,2
C_synthetic_lifecycle_orbit,27,0.0009152542372881355,7,RBC,5.8579423347504516e-05,-9.034290619432307e-05,4.078350158219306e-09,-0.7548120455348847,-0.5355182270485114,0.31289990223551895,-0.21347752948557586,0e3e9dbda617fe5d6cf32bd9a20d6aa03df7d621a2eeebb73e1311c9ae3b34fd,3b9c450118a9f4c3dd7a877c20ed2208c0eadddf95ef086653fe20a1a38459b3,2
C_synthetic_lifecycle_orbit,27,0.0009152542372881355,8,RBC,-9.381353150969165e-06,3.787342271426939e-05,9.781506777868656e-10,-0.20109759730786994,0.20032173968226627,0.5569169982841347,-0.78056032053254,27caa87982818e35ba814644e8ce67cb451521ba6177b331cbc531d7ca063fae,f3fd078fc34259c72ade64b730aa7e27a90445c30b729d1ddef70231c3a55735,2
C_synthetic_lifecycle_orbit,28,0.0009491525423728814,6,RBC,-6.0359596122875613e-05,-8.183804402871352e-06,7.735067755643996e-09,-0.24130351721223917,0.20347950915707702,0.7391062213359355,0.595055203755679,3a8a64cab16451168a2275371e497b73f42b5191dc4efa8034799b720a46ea2e,6d65bc3d04847935f0cca16886d51a4666a42ef28d959bef8ee030621d44a2f8,2
C_synthetic_lifecycle_orbit,28,0.0009491525423728814,7,RBC,5.8579423347504516e-05,-9.034290619432307e-05,4.925807785337952e-09,-0.7548120455348847,-0.5355182270485114,0.31289990223551895,-0.21347752948557586,0e3e9dbda617fe5d6cf32bd9a20d6aa03df7d621a2eeebb73e1311c9ae3b34fd,3b9c450118a9f4c3dd7a877c20ed2208c0eadddf95ef086653fe20a1a38459b3,2
C_synthetic_lifecycle_orbit,28,0.0009491525423728814,8,RBC,-9.381353150969165e-06,3.787342271426939e-05,1.8256083049055116e-09,-0.20109759730786994,0.20032173968226627,0.5569169982841347,-0.78056032053254,27caa87982818e35ba814644e8ce67cb451521ba6177b331cbc531d7ca063fae,f3fd078fc34259c72ade64b730aa7e27a90445c30b729d1ddef70231c3a55735,2
C_synthetic_lifecycle_orbit,29,0.0009830508474576271,6,RBC,-6.0359596122875613e-05,-8.183804402871352e-06,8.582525382762639e-09,-0.24130351721223917,0.20347950915707702,0.7391062213359355,0.595055203755679,3a8a64cab16451168a2275371e497b73f42b5191dc4efa8034799b720a46ea2e,6d65bc3d04847935f0cca16886d51a4666a42ef28d959bef8ee030621d44a2f8,2
C_synthetic_lifecycle_orbit,29,0.0009830508474576271,7,RBC,5.8579423347504516e-05,-9.034290619432307e-05,5.773265412456596e-09,-0.7548120455348847,-0.5355182270485114,0.31289990223551895,-0.21347752948557586,0e3e9dbda617fe5d6cf32bd9a20d6aa03df7d621a2eeebb73e1311c9ae3b34fd,3b9c450118a9f4c3dd7a877c20ed2208c0eadddf95ef086653fe20a1a38459b3,2
C_synthetic_lifecycle_orbit,29,0.0009830508474576271,8,RBC,-9.381353150969165e-06,3.787342271426939e-05,2.6730659320241552e-09,-0.20109759730786994,0.20032173968226627,0.5569169982841347,-0.78056032053254,27caa87982818e35ba814644e8ce67cb451521ba6177b331cbc531d7ca063fae,f3fd078fc34259c72ade64b730aa7e27a90445c30b729d1ddef70231c3a55735,2
C_synthetic_lifecycle_orbit,30,0.001016949152542373,6,RBC,-6.0359596122875613e-05,-8.183804402871352e-06,9.429983009881283e-09,-0.24130351721223917,0.20347950915707702,0.7391062213359355,0.595055203755679,3a8a64cab16451168a2275371e497b73f42b5191dc4efa8034799b720a46ea2e,6d65bc3d04847935f0cca16886d51a4666a42ef28d959bef8ee030621d44a2f8,2
C_synthetic_lifecycle_orbit,30,0.001016949152542373,7,RBC,5.8579423347504516e-05,-9.034290619432307e-05,6.620723039575239e-09,-0.7548120455348847,-0.5355182270485114,0.31289990223551895,-0.21347752948557586,0e3e9dbda617fe5d6cf32bd9a20d6aa03df7d621a2eeebb73e1311c9ae3b34fd,3b9c450118a9f4c3dd7a877c20ed2208c0eadddf95ef086653fe20a1a38459b3,2
C_synthetic_lifecycle_orbit,30,0.001016949152542373,8,RBC,-9.381353150969165e-06,3.787342271426939e-05,3.520523559142798e-09,-0.20109759730786994,0.20032173968226627,0.5569169982841347,-0.78056032053254,27caa87982818e35ba814644e8ce67cb451521ba6177b331cbc531d7ca063fae,f3fd078fc34259c72ade64b730aa7e27a90445c30b729d1ddef70231c3a55735,2
C_synthetic_lifecycle_orbit,30,0.001016949152542373,9,RBC,-7.209339903809149e-05,8.187301446544858e-07,3.6204275736879024e-10,-0.3005308073006117,-0.42544906665379256,0.39869119385981633,-0.7547977593271548,0940da53d788b49c095c5ead06086592e770b2ba3e258d59e41c465d87ca927f,2d33b1fe0e65689bc6687f2b4494cc1f6afeac70cca0f1d912bf876154e70071,2
C_synthetic_lifecycle_orbit,31,0.0010508474576271186,7,RBC,5.8579423347504516e-05,-9.034290619432307e-05,7.468180666693883e-09,-0.7548120455348847,-0.5355182270485114,0.31289990223551895,-0.21347752948557586,0e3e9dbda617fe5d6cf32bd9a20d6aa03df7d621a2eeebb73e1311c9ae3b34fd,3b9c450118a9f4c3dd7a877c20ed2208c0eadddf95ef086653fe20a1a38459b3,2
C_synthetic_lifecycle_orbit,31,0.0010508474576271186,8,RBC,-9.381353150969165e-06,3.787342271426939e-05,4.367981186261441e-09,-0.20109759730786994,0.20032173968226627,0.5569169982841347,-0.78056032053254,27caa87982818e35ba814644e8ce67cb451521ba6177b331cbc531d7ca063fae,f3fd078fc34259c72ade64b730aa7e27a90445c30b729d1ddef70231c3a55735,2
C_synthetic_lifecycle_orbit,31,0.0010508474576271186,9,RBC,-7.209339903809149e-05,8.187301446544858e-07,1.2095003844874336e-09,-0.3005308073006117,-0.42544906665379256,0.39869119385981633,-0.7547977593271548,0940da53d788b49c095c5ead06086592e770b2ba3e258d59e41c465d87ca927f,2d33b1fe0e65689bc6687f2b4494cc1f6afeac70cca0f1d912bf876154e70071,2
C_synthetic_lifecycle_orbit,32,0.0010847457627118644,7,RBC,5.8579423347504516e-05,-9.034290619432307e-05,8.315638293812526e-09,-0.7548120455348847,-0.5355182270485114,0.31289990223551895,-0.21347752948557586,0e3e9dbda617fe5d6cf32bd9a20d6aa03df7d621a2eeebb73e1311c9ae3b34fd,3b9c450118a9f4c3dd7a877c20ed2208c0eadddf95ef086653fe20a1a38459b3,2
C_synthetic_lifecycle_orbit,32,0.0010847457627118644,8,RBC,-9.381353150969165e-06,3.787342271426939e-05,5.215438813380085e-09,-0.20109759730786994,0.20032173968226627,0.5569169982841347,-0.78056032053254,27caa87982818e35ba814644e8ce67cb451521ba6177b331cbc531d7ca063fae,f3fd078fc34259c72ade64b730aa7e27a90445c30b729d1ddef70231c3a55735,2
C_synthetic_lifecycle_orbit,32,0.0010847457627118644,9,RBC,-7.209339903809149e-05,8.187301446544858e-07,2.056958011606077e-09,-0.3005308073006117,-0.42544906665379256,0.39869119385981633,-0.7547977593271548,0940da53d788b49c095c5ead06086592e770b2ba3e258d59e41c465d87ca927f,2d33b1fe0e65689bc6687f2b4494cc1f6afeac70cca0f1d912bf876154e70071,2
C_synthetic_lifecycle_orbit,33,0.0011186440677966101,7,RBC,5.8579423347504516e-05,-9.034290619432307e-05,9.16309592093117e-09,-0.7548120455348847,-0.5355182270485114,0.31289990223551895,-0.21347752948557586,0e3e9dbda617fe5d6cf32bd9a20d6aa03df7d621a2eeebb73e1311c9ae3b34fd,3b9c450118a9f4c3dd7a877c20ed2208c0eadddf95ef086653fe20a1a38459b3,2
C_synthetic_lifecycle_orbit,33,0.0011186440677966101,8,RBC,-9.381353150969165e-06,3.787342271426939e-05,6.062896440498728e-09,-0.20109759730786994,0.20032173968226627,0.5569169982841347,-0.78056032053254,27caa87982818e35ba814644e8ce67cb451521ba6177b331cbc531d7ca063fae,f3fd078fc34259c72ade64b730aa7e27a90445c30b729d1ddef70231c3a55735,2
C_synthetic_lifecycle_orbit,33,0.0011186440677966101,9,RBC,-7.209339903809149e-05,8.187301446544858e-07,2.9044156387247206e-09,-0.3005308073006117,-0.42544906665379256,0.39869119385981633,-0.7547977593271548,0940da53d788b49c095c5ead06086592e770b2ba3e258d59e41c465d87ca927f,2d33b1fe0e65689bc6687f2b4494cc1f6afeac70cca0f1d912bf876154e70071,2
C_synthetic_lifecycle_orbit,33,0.0011186440677966101,10,RBC,-2.856680826625238e-06,-4.44625946629956e-05,5.239485466951774e-10,-0.32952985939999113,0.919099975726538,0.19741437763173966,-0.0877090068782696,e774bfb4344cacbf1f0bbfd449735fff28ddaf51ac4374526d64c1c71b3dbb06,159ae11789df5bd3a15d5b1abfec2d9d664ca0e58b868b5cebca64f158e2515b,2
C_synthetic_lifecycle_orbit,34,0.0011525423728813559,8,RBC,-9.381353150969165e-06,3.787342271426939e-05,6.910354067617371e-09,-0.20109759730786994,0.20032173968226627,0.5569169982841347,-0.78056032053254,27caa87982818e35ba814644e8ce67cb451521ba6177b331cbc531d7ca063fae,f3fd078fc34259c72ade64b730aa7e27a90445c30b729d1ddef70231c3a55735,2
C_synthetic_lifecycle_orbit,34,0.0011525423728813559,9,RBC,-7.209339903809149e-05,8.187301446544858e-07,3.751873265843364e-09,-0.3005308073006117,-0.42544906665379256,0.39869119385981633,-0.7547977593271548,0940da53d788b49c095c5ead06086592e770b2ba3e258d59e41c465d87ca927f,2d33b1fe0e65689bc6687f2b4494cc1f6afeac70cca0f1d912bf876154e70071,2
C_synthetic_lifecycle_orbit,34,0.0011525423728813559,10,RBC,-2.856680826625238e-06,-4.44625946629956e-05,1.3714061738138209e-09,-0.32952985939999113,0.919099975726538,0.19741437763173966,-0.0877090068782696,e774bfb4344cacbf1f0bbfd449735fff28ddaf51ac4374526d64c1c71b3dbb06,159ae11789df5bd3a15d5b1abfec2d9d664ca0e58b868b5cebca64f158e2515b,2
C_synthetic_lifecycle_orbit,35,0.0011864406779661016,8,RBC,-9.381353150969165e-06,3.787342271426939e-05,7.757811694736015e-09,-0.20109759730786994,0.20032173968226627,0.5569169982841347,-0.78056032053254,27caa87982818e35ba814644e8ce67cb451521ba6177b331cbc531d7ca063fae,f3fd078fc34259c72ade64b730aa7e27a90445c30b729d1ddef70231c3a55735,2
C_synthetic_lifecycle_orbit,35,0.0011864406779661016,9,RBC,-7.209339903809149e-05,8.187301446544858e-07,4.599330892962007e-09,-0.3005308073006117,-0.42544906665379256,0.39869119385981633,-0.7547977593271548,0940da53d788b49c095c5ead06086592e770b2ba3e258d59e41c465d87ca927f,2d33b1fe0e65689bc6687f2b4494cc1f6afeac70cca0f1d912bf876154e70071,2
C_synthetic_lifecycle_orbit,35,0.0011864406779661016,10,RBC,-2.856680826625238e-06,-4.44625946629956e-05,2.218863800932464e-09,-0.32952985939999113,0.919099975726538,0.19741437763173966,-0.0877090068782696,e774bfb4344cacbf1f0bbfd449735fff28ddaf51ac4374526d64c1c71b3dbb06,159ae11789df5bd3a15d5b1abfec2d9d664ca0e58b868b5cebca64f158e2515b,2
C_synthetic_lifecycle_orbit,36,0.0012203389830508474,8,RBC,-9.381353150969165e-06,3.787342271426939e-05,8.605269321854659e-09,-0.20109759730786994,0.20032173968226627,0.5569169982841347,-0.78056032053254,27caa87982818e35ba814644e8ce67cb451521ba6177b331cbc531d7ca063fae,f3fd078fc34259c72ade64b730aa7e27a90445c30b729d1ddef70231c3a55735,2
C_synthetic_lifecycle_orbit,36,0.0012203389830508474,9,RBC,-7.209339903809149e-05,8.187301446544858e-07,5.44678852008065e-09,-0.3005308073006117,-0.42544906665379256,0.39869119385981633,-0.7547977593271548,0940da53d788b49c095c5ead06086592e770b2ba3e258d59e41c465d87ca927f,2d33b1fe0e65689bc6687f2b4494cc1f6afeac70cca0f1d912bf876154e70071,2
C_synthetic_lifecycle_orbit,36,0.0012203389830508474,10,RBC,-2.856680826625238e-06,-4.44625946629956e-05,3.0663214280511077e-09,-0.32952985939999113,0.919099975726538,0.19741437763173966,-0.0877090068782696,e774bfb4344cacbf1f0bbfd449735fff28ddaf51ac4374526d64c1c71b3dbb06,159ae11789df5bd3a15d5b1abfec2d9d664ca0e58b868b5cebca64f158e2515b,2
C_synthetic_lifecycle_orbit,36,0.0012203389830508474,11,RBC,-1.5474307396232032e-05,-4.394551398650053e-06,6.517886170280646e-10,0.8328544420873802,0.09283222965109017,-0.5440374523217385,-0.04193931216171799,49549d85b12acbd491f3226b3b165680612ffaaaba14c0fd132e998829644ad1,8dec6f7291cb85ac533f49e7f96ac970c480f4a5453317734a856763280c359c,2
C_synthetic_lifecycle_orbit,37,0.0012542372881355931,8,RBC,-9.381353150969165e-06,3.787342271426939e-05,9.452726948973302e-09,-0.20109759730786994,0.20032173968226627,0.5569169982841347,-0.78056032053254,27caa87982818e35ba814644e8ce67cb451521ba6177b331cbc531d7ca063fae,f3fd078fc34259c72ade64b730aa7e27a90445c30b729d1ddef70231c3a55735,2
C_synthetic_lifecycle_orbit,37,0.0012542372881355931,9,RBC,-7.209339903809149e-05,8.187301446544858e-07,6.294246147199294e-09,-0.3005308073006117,-0.42544906665379256,0.39869119385981633,-0.7547977593271548,0940da53d788b49c095c5ead06086592e770b2ba3e258d59e41c465d87ca927f,2d33b1fe0e65689bc6687f2b4494cc1f6afeac70cca0f1d912bf876154e70071,2
C_synthetic_lifecycle_orbit,37,0.0012542372881355931,10,RBC,-2.856680826625238e-06,-4.44625946629956e-05,3.913779055169751e-09,-0.32952985939999113,0.919099975726538,0.19741437763173966,-0.0877090068782696,e774bfb4344cacbf1f0bbfd449735fff28ddaf51ac4374526d64c1c71b3dbb06,159ae11789df5bd3a15d5b1abfec2d9d664ca0e58b868b5cebca64f158e2515b,2
C_synthetic_lifecycle_orbit,37,0.0012542372881355931,11,RBC,-1.5474307396232032e-05,-4.394551398650053e-06,1.4992462441467079e-09,0.8328544420873802,0.09283222965109017,-0.5440374523217385,-0.04193931216171799,49549d85b12acbd491f3226b3b165680612ffaaaba14c0fd132e998829644ad1,8dec6f7291cb85ac533f49e7f96ac970c480f4a5453317734a856763280c359c,2
C_synthetic_lifecycle_orbit,38,0.0012881355932203389,9,RBC,-7.209339903809149e-05,8.187301446544858e-07,7.141703774317937e-09,-0.3005308073006117,-0.42544906665379256,0.39869119385981633,-0.7547977593271548,0940da53d788b49c095c5ead06086592e770b2ba3e258d59e41c465d87ca927f,2d33b1fe0e65689bc6687f2b4494cc1f6afeac70cca0f1d912bf876154e70071,2
C_synthetic_lifecycle_orbit,38,0.0012881355932203389,10,RBC,-2.856680826625238e-06,-4.44625946629956e-05,4.7612366822883944e-09,-0.32952985939999113,0.919099975726538,0.19741437763173966,-0.0877090068782696,e774bfb4344cacbf1f0bbfd449735fff28ddaf51ac4374526d64c1c71b3dbb06,159ae11789df5bd3a15d5b1abfec2d9d664ca0e58b868b5cebca64f158e2515b,2
C_synthetic_lifecycle_orbit,38,0.0012881355932203389,11,RBC,-1.5474307396232032e-05,-4.394551398650053e-06,2.3467038712653513e-09,0.8328544420873802,0.09283222965109017,-0.5440374523217385,-0.04193931216171799,49549d85b12acbd491f3226b3b165680612ffaaaba14c0fd132e998829644ad1,8dec6f7291cb85ac533f49e7f96ac970c480f4a5453317734a856763280c359c,2
C_synthetic_lifecycle_orbit,38,0.0012881355932203389,12,RBC,7.498154877533754e-05,-2.921298837544097e-05,1.0781219929741586e-10,0.5205300124421809,0.4078037293266152,-0.7473897942634987,0.06444470439852344,9e7fa29836debdaa7e0fe3823c517b5f814377827d6a347a766c75973038b7ea,8e14944075dd4743bff94b706d0db95a49c7a0aef91c74dc70b76356d19ecf1a,2
C_synthetic_lifecycle_orbit,39,0.0013220338983050846,9,RBC,-7.209339903809149e-05,8.187301446544858e-07,7.98916140143658e-09,-0.3005308073006117,-0.42544906665379256,0.39869119385981633,-0.7547977593271548,0940da53d788b49c095c5ead06086592e770b2ba3e258d59e41c465d87ca927f,2d33b1fe0e65689bc6687f2b4494cc1f6afeac70cca0f1d912bf876154e70071,2
C_synthetic_lifecycle_orbit,39,0.0013220338983050846,10,RBC,-2.856680826625238e-06,-4.44625946629956e-05,5.608694309407037e-09,-0.32952985939999113,0.919099975726538,0.19741437763173966,-0.0877090068782696,e774bfb4344cacbf1f0bbfd449735fff28ddaf51ac4374526d64c1c71b3dbb06,159ae11789df5bd3a15d5b1abfec2d9d664ca0e58b868b5cebca64f158e2515b,2
C_synthetic_lifecycle_orbit,39,0.0013220338983050846,11,RBC,-1.5474307396232032e-05,-4.394551398650053e-06,3.1941614983839944e-09,0.8328544420873802,0.09283222965109017,-0.5440374523217385,-0.04193931216171799,49549d85b12acbd491f3226b3b165680612ffaaaba14c0fd132e998829644ad1,8dec6f7291cb85ac533f49e7f96ac970c480f4a5453317734a856763280c359c,2
C_synthetic_lifecycle_orbit,39,0.0013220338983050846,12,RBC,7.498154877533754e-05,-2.921298837544097e-05,9.552698264160593e-10,0.5205300124421809,0.4078037293266152,-0.7473897942634987,0.06444470439852344,9e7fa29836debdaa7e0fe3823c517b5f814377827d6a347a766c75973038b7ea,8e14944075dd4743bff94b706d0db95a49c7a0aef91c74dc70b76356d19ecf1a,2
C_synthetic_lifecycle_orbit,40,0.0013559322033898304,9,RBC,-7.209339903809149e-05,8.187301446544858e-07,8.836619028555224e-09,-0.3005308073006117,-0.42544906665379256,0.39869119385981633,-0.7547977593271548,0940da53d788b49c095c5ead06086592e770b2ba3e258d59e41c465d87ca927f,2d33b1fe0e65689bc6687f2b4494cc1f6afeac70cca0f1d912bf876154e70071,2
C_synthetic_lifecycle_orbit,40,0.0013559322033898304,10,RBC,-2.856680826625238e-06,-4.44625946629956e-05,6.456151936525681e-09,-0.32952985939999113,0.919099975726538,0.19741437763173966,-0.0877090068782696,e774bfb4344cacbf1f0bbfd449735fff28ddaf51ac4374526d64c1c71b3dbb06,159ae11789df5bd3a15d5b1abfec2d9d664ca0e58b868b5cebca64f158e2515b,2
C_synthetic_lifecycle_orbit,40,0.0013559322033898304,11,RBC,-1.5474307396232032e-05,-4.394551398650053e-06,4.041619125502638e-09,0.8328544420873802,0.09283222965109017,-0.5440374523217385,-0.04193931216171799,49549d85b12acbd491f3226b3b165680612ffaaaba14c0fd132e998829644ad1,8dec6f7291cb85ac533f49e7f96ac970c480f4a5453317734a856763280c359c,2
C_synthetic_lifecycle_orbit,40,0.0013559322033898304,12,RBC,7.498154877533754e-05,-2.921298837544097e-05,1.8027274535347027e-09,0.5205300124421809,0.4078037293266152,-0.7473897942634987,0.06444470439852344,9e7fa29836debdaa7e0fe3823c517b5f814377827d6a347a766c75973038b7ea,8e14944075dd4743bff94b706d0db95a49c7a0aef91c74dc70b76356d19ecf1a,2
C_synthetic_lifecycle_orbit,41,0.0013898305084745763,9,RBC,-7.209339903809149e-05,8.187301446544858e-07,9.684076655673873e-09,-0.3005308073006117,-0.42544906665379256,0.39869119385981633,-0.7547977593271548,0940da53d788b49c095c5ead06086592e770b2ba3e258d59e41c465d87ca927f,2d33b1fe0e65689bc6687f2b4494cc1f6afeac70cca0f1d912bf876154e70071,2
C_synthetic_lifecycle_orbit,41,0.0013898305084745763,10,RBC,-2.856680826625238e-06,-4.44625946629956e-05,7.30360956364433e-09,-0.32952985939999113,0.919099975726538,0.19741437763173966,-0.0877090068782696,e774bfb4344cacbf1f0bbfd449735fff28ddaf51ac4374526d64c1c71b3dbb06,159ae11789df5bd3a15d5b1abfec2d9d664ca0e58b868b5cebca64f158e2515b,2
C_synthetic_lifecycle_orbit,41,0.0013898305084745763,11,RBC,-1.5474307396232032e-05,-4.394551398650053e-06,4.889076752621286e-09,0.8328544420873802,0.09283222965109017,-0.5440374523217385,-0.04193931216171799,49549d85b12acbd491f3226b3b165680612ffaaaba14c0fd132e998829644ad1,8dec6f7291cb85ac533f49e7f96ac970c480f4a5453317734a856763280c359c,2
C_synthetic_lifecycle_orbit,41,0.0013898305084745763,12,RBC,7.498154877533754e-05,-2.921298837544097e-05,2.650185080653351e-09,0.5205300124421809,0.4078037293266152,-0.7473897942634987,0.06444470439852344,9e7fa29836debdaa7e0fe3823c517b5f814377827d6a347a766c75973038b7ea,8e14944075dd4743bff94b706d0db95a49c7a0aef91c74dc70b76356d19ecf1a,2
C_synthetic_lifecycle_orbit,42,0.001423728813559322,10,RBC,-2.856680826625238e-06,-4.44625946629956e-05,8.151067190762973e-09,-0.32952985939999113,0.919099975726538,0.19741437763173966,-0.0877090068782696,e774bfb4344cacbf1f0bbfd449735fff28ddaf51ac4374526d64c1c71b3dbb06,159ae11789df5bd3a15d5b1abfec2d9d664ca0e58b868b5cebca64f158e2515b,2
C_synthetic_lifecycle_orbit,42,0.001423728813559322,11,RBC,-1.5474307396232032e-05,-4.394551398650053e-06,5.736534379739931e-09,0.8328544420873802,0.09283222965109017,-0.5440374523217385,-0.04193931216171799,49549d85b12acbd491f3226b3b165680612ffaaaba14c0fd132e998829644ad1,8dec6f7291cb85ac533f49e7f96ac970c480f4a5453317734a856763280c359c,2
C_synthetic_lifecycle_orbit,42,0.001423728813559322,12,RBC,7.498154877533754e-05,-2.921298837544097e-05,3.4976427077719946e-09,0.5205300124421809,0.4078037293266152,-0.7473897942634987,0.06444470439852344,9e7fa29836debdaa7e0fe3823c517b5f814377827d6a347a766c75973038b7ea,8e14944075dd4743bff94b706d0db95a49c7a0aef91c74dc70b76356d19ecf1a,2
C_synthetic_lifecycle_orbit,42,0.001423728813559322,13,RBC,9.149781012630008e-05,-8.896657582308874e-05,5.274151630279989e-10,0.7715690425121966,0.43647281720683034,-0.34587141750442235,0.3074827719236097,bcb3d0a4ceb6c66773064d312e880e5f512179d94a82faa258090f169bc3d031,afcef01b6396a18ff9cf4773c2cb4b4df1358248b6bc2e09ebb6b3df0f451df1,2
C_synthetic_lifecycle_orbit,43,0.0014576271186440678,10,RBC,-2.856680826625238e-06,-4.44625946629956e-05,8.998524817881616e-09,-0.32952985939999113,0.919099975726538,0.19741437763173966,-0.0877090068782696,e774bfb4344cacbf1f0bbfd449735fff28ddaf51ac4374526d64c1c71b3dbb06,159ae11789df5bd3a15d5b1abfec2d9d664ca0e58b868b5cebca64f158e2515b,2
C_synthetic_lifecycle_orbit,43,0.0014576271186440678,11,RBC,-1.5474307396232032e-05,-4.394551398650053e-06,6.583992006858573e-09,0.8328544420873802,0.09283222965109017,-0.5440374523217385,-0.04193931216171799,49549d85b12acbd491f3226b3b165680612ffaaaba14c0fd132e998829644ad1,8dec6f7291cb85ac533f49e7f96ac970c480f4a5453317734a856763280c359c,2
C_synthetic_lifecycle_orbit,43,0.0014576271186440678,12,RBC,7.498154877533754e-05,-2.921298837544097e-05,4.345100334890638e-09,0.5205300124421809,0.4078037293266152,-0.7473897942634987,0.06444470439852344,9e7fa29836debdaa7e0fe3823c517b5f814377827d6a347a766c75973038b7ea,8e14944075dd4743bff94b706d0db95a49c7a0aef91c74dc70b76356d19ecf1a,2
C_synthetic_lifecycle_orbit,43,0.0014576271186440678,13,RBC,9.149781012630008e-05,-8.896657582308874e-05,1.3748727901466424e-09,0.7715690425121966,0.43647281720683034,-0.34587141750442235,0.3074827719236097,bcb3d0a4ceb6c66773064d312e880e5f512179d94a82faa258090f169bc3d031,afcef01b6396a18ff9cf4773c2cb4b4df1358248b6bc2e09ebb6b3df0f451df1,2
C_synthetic_lifecycle_orbit,44,0.0014915254237288136,10,RBC,-2.856680826625238e-06,-4.44625946629956e-05,9.84598244500026e-09,-0.32952985939999113,0.919099975726538,0.19741437763173966,-0.0877090068782696,e774bfb4344cacbf1f0bbfd449735fff28ddaf51ac4374526d64c1c71b3dbb06,159ae11789df5bd3a15d5b1abfec2d9d664ca0e58b868b5cebca64f158e2515b,2
C_synthetic_lifecycle_orbit,44,0.0014915254237288136,11,RBC,-1.5474307396232032e-05,-4.394551398650053e-06,7.431449633977216e-09,0.8328544420873802,0.09283222965109017,-0.5440374523217385,-0.04193931216171799,49549d85b12acbd491f3226b3b165680612ffaaaba14c0fd132e998829644ad1,8dec6f7291cb85ac533f49e7f96ac970c480f4a5453317734a856763280c359c,2
C_synthetic_lifecycle_orbit,44,0.0014915254237288136,12,RBC,7.498154877533754e-05,-2.921298837544097e-05,5.192557962009281e-09,0.5205300124421809,0.4078037293266152,-0.7473897942634987,0.06444470439852344,9e7fa29836debdaa7e0fe3823c517b5f814377827d6a347a766c75973038b7ea,8e14944075dd4743bff94b706d0db95a49c7a0aef91c74dc70b76356d19ecf1a,2
C_synthetic_lifecycle_orbit,44,0.0014915254237288136,13,RBC,9.149781012630008e-05,-8.896657582308874e-05,2.2223304172652854e-09,0.7715690425121966,0.43647281720683034,-0.34587141750442235,0.3074827719236097,bcb3d0a4ceb6c66773064d312e880e5f512179d94a82faa258090f169bc3d031,afcef01b6396a18ff9cf4773c2cb4b4df1358248b6bc2e09ebb6b3df0f451df1,2
C_synthetic_lifecycle_orbit,45,0.0015254237288135593,11,RBC,-1.5474307396232032e-05,-4.394551398650053e-06,8.27890726109586e-09,0.8328544420873802,0.09283222965109017,-0.5440374523217385,-0.04193931216171799,49549d85b12acbd491f3226b3b165680612ffaaaba14c0fd132e998829644ad1,8dec6f7291cb85ac533f49e7f96ac970c480f4a5453317734a856763280c359c,2
C_synthetic_lifecycle_orbit,45,0.0015254237288135593,12,RBC,7.498154877533754e-05,-2.921298837544097e-05,6.040015589127925e-09,0.5205300124421809,0.4078037293266152,-0.7473897942634987,0.06444470439852344,9e7fa29836debdaa7e0fe3823c517b5f814377827d6a347a766c75973038b7ea,8e14944075dd4743bff94b706d0db95a49c7a0aef91c74dc70b76356d19ecf1a,2
C_synthetic_lifecycle_orbit,45,0.0015254237288135593,13,RBC,9.149781012630008e-05,-8.896657582308874e-05,3.0697880443839286e-09,0.7715690425121966,0.43647281720683034,-0.34587141750442235,0.3074827719236097,bcb3d0a4ceb6c66773064d312e880e5f512179d94a82faa258090f169bc3d031,afcef01b6396a18ff9cf4773c2cb4b4df1358248b6bc2e09ebb6b3df0f451df1,2
C_synthetic_lifecycle_orbit,46,0.001559322033898305,11,RBC,-1.5474307396232032e-05,-4.394551398650053e-06,9.126364888214503e-09,0.8328544420873802,0.09283222965109017,-0.5440374523217385,-0.04193931216171799,49549d85b12acbd491f3226b3b165680612ffaaaba14c0fd132e998829644ad1,8dec6f7291cb85ac533f49e7f96ac970c480f4a5453317734a856763280c359c,2
C_synthetic_lifecycle_orbit,46,0.001559322033898305,12,RBC,7.498154877533754e-05,-2.921298837544097e-05,6.887473216246568e-09,0.5205300124421809,0.4078037293266152,-0.7473897942634987,0.06444470439852344,9e7fa29836debdaa7e0fe3823c517b5f814377827d6a347a766c75973038b7ea,8e14944075dd4743bff94b706d0db95a49c7a0aef91c74dc70b76356d19ecf1a,2
C_synthetic_lifecycle_orbit,46,0.001559322033898305,13,RBC,9.149781012630008e-05,-8.896657582308874e-05,3.917245671502573e-09,0.7715690425121966,0.43647281720683034,-0.34587141750442235,0.3074827719236097,bcb3d0a4ceb6c66773064d312e880e5f512179d94a82faa258090f169bc3d031,afcef01b6396a18ff9cf4773c2cb4b4df1358248b6bc2e09ebb6b3df0f451df1,2
C_synthetic_lifecycle_orbit,46,0.001559322033898305,14,RBC,5.7963618961067215e-05,8.208351668999703e-05,6.890471084625852e-10,0.6150029960094111,0.30620280658310717,0.6762258043095639,0.26595078064551697,7adc394a7a70932f9b0060859d926197b364e9761809f75fa89e89af8092aab6,85dc928fd95700cbc85467394a5554b2915de42c07808f0a00e7de6f652c95f0,2
C_synthetic_lifecycle_orbit,47,0.0015932203389830508,11,RBC,-1.5474307396232032e-05,-4.394551398650053e-06,9.973822515333146e-09,0.8328544420873802,0.09283222965109017,-0.5440374523217385,-0.04193931216171799,49549d85b12acbd491f3226b3b165680612ffaaaba14c0fd132e998829644ad1,8dec6f7291cb85ac533f49e7f96ac970c480f4a5453317734a856763280c359c,2
C_synthetic_lifecycle_orbit,47,0.0015932203389830508,12,RBC,7.498154877533754e-05,-2.921298837544097e-05,7.73493084336521e-09,0.5205300124421809,0.4078037293266152,-0.7473897942634987,0.06444470439852344,9e7fa29836debdaa7e0fe3823c517b5f814377827d6a347a766c75973038b7ea,8e14944075dd4743bff94b706d0db95a49c7a0aef91c74dc70b76356d19ecf1a,2
C_synthetic_lifecycle_orbit,47,0.0015932203389830508,13,RBC,9.149781012630008e-05,-8.896657582308874e-05,4.764703298621215e-09,0.7715690425121966,0.43647281720683034,-0.34587141750442235,0.3074827719236097,bcb3d0a4ceb6c66773064d312e880e5f512179d94a82faa258090f169bc3d031,afcef01b6396a18ff9cf4773c2cb4b4df1358248b6bc2e09ebb6b3df0f451df1,2
C_synthetic_lifecycle_orbit,47,0.0015932203389830508,14,RBC,5.7963618961067215e-05,8.208351668999703e-05,1.5365047355812283e-09,0.6150029960094111,0.30620280658310717,0.6762258043095639,0.26595078064551697,7adc394a7a70932f9b0060859d926197b364e9761809f75fa89e89af8092aab6,85dc928fd95700cbc85467394a5554b2915de42c07808f0a00e7de6f652c95f0,2
C_synthetic_lifecycle_orbit,48,0.0016271186440677966,12,RBC,7.498154877533754e-05,-2.921298837544097e-05,8.582388470483855e-09,0.5205300124421809,0.4078037293266152,-0.7473897942634987,0.06444470439852344,9e7fa29836debdaa7e0fe3823c517b5f814377827d6a347a766c75973038b7ea,8e14944075dd4743bff94b706d0db95a49c7a0aef91c74dc70b76356d19ecf1a,2
C_synthetic_lifecycle_orbit,48,0.0016271186440677966,13,RBC,9.149781012630008e-05,-8.896657582308874e-05,5.612160925739859e-09,0.7715690425121966,0.43647281720683034,-0.34587141750442235,0.3074827719236097,bcb3d0a4ceb6c66773064d312e880e5f512179d94a82faa258090f169bc3d031,afcef01b6396a18ff9cf4773c2cb4b4df1358248b6bc2e09ebb6b3df0f451df1,2
C_synthetic_lifecycle_orbit,48,0.0016271186440677966,14,RBC,5.7963618961067215e-05,8.208351668999703e-05,2.383962362699872e-09,0.6150029960094111,0.30620280658310717,0.6762258043095639,0.26595078064551697,7adc394a7a70932f9b0060859d926197b364e9761809f75fa89e89af8092aab6,85dc928fd95700cbc85467394a5554b2915de42c07808f0a00e7de6f652c95f0,2
C_synthetic_lifecycle_orbit,49,0.0016610169491525423,12,RBC,7.498154877533754e-05,-2.921298837544097e-05,9.429846097602498e-09,0.5205300124421809,0.4078037293266152,-0.7473897942634987,0.06444470439852344,9e7fa29836debdaa7e0fe3823c517b5f814377827d6a347a766c75973038b7ea,8e14944075dd4743bff94b706d0db95a49c7a0aef91c74dc70b76356d19ecf1a,2
C_synthetic_lifecycle_orbit,49,0.0016610169491525423,13,RBC,9.149781012630008e-05,-8.896657582308874e-05,6.4596185528585025e-09,0.7715690425121966,0.43647281720683034,-0.34587141750442235,0.3074827719236097,bcb3d0a4ceb6c66773064d312e880e5f512179d94a82faa258090f169bc3d031,afcef01b6396a18ff9cf4773c2cb4b4df1358248b6bc2e09ebb6b3df0f451df1,2
C_synthetic_lifecycle_orbit,49,0.0016610169491525423,14,RBC,5.7963618961067215e-05,8.208351668999703e-05,3.2314199898185155e-09,0.6150029960094111,0.30620280658310717,0.6762258043095639,0.26595078064551697,7adc394a7a70932f9b0060859d926197b364e9761809f75fa89e89af8092aab6,85dc928fd95700cbc85467394a5554b2915de42c07808f0a00e7de6f652c95f0,2
C_synthetic_lifecycle_orbit,49,0.0016610169491525423,15,RBC,5.7033142652444044e-05,-9.435675833491388e-05,4.894253337407173e-10,0.4118992359854538,-0.7211607282183702,0.20178894092759797,-0.5191795901125812,77ea9fe7e21a9cf5548e464a6c162d7184a600f47405f8e710f745cb73e6661a,299bbbcf4cc4ed91bea09cd84d6780bbd3677fd42b9b263f0958be4ff56e46f5,2
C_synthetic_lifecycle_orbit,50,0.001694915254237288,13,RBC,9.149781012630008e-05,-8.896657582308874e-05,7.307076179977145e-09,0.7715690425121966,0.43647281720683034,-0.34587141750442235,0.3074827719236097,bcb3d0a4ceb6c66773064d312e880e5f512179d94a82faa258090f169bc3d031,afcef01b6396a18ff9cf4773c2cb4b4df1358248b6bc2e09ebb6b3df0f451df1,2
C_synthetic_lifecycle_orbit,50,0.001694915254237288,14,RBC,5.7963618961067215e-05,8.208351668999703e-05,4.078877616937159e-09,0.6150029960094111,0.30620280658310717,0.6762258043095639,0.26595078064551697,7adc394a7a70932f9b0060859d926197b364e9761809f75fa89e89af8092aab6,85dc928fd95700cbc85467394a5554b2915de42c07808f0a00e7de6f652c95f0,2
C_synthetic_lifecycle_orbit,50,0.001694915254237288,15,RBC,5.7033142652444044e-05,-9.435675833491388e-05,1.3368829608593604e-09,0.4118992359854538,-0.7211607282183702,0.20178894092759797,-0.5191795901125812,77ea9fe7e21a9cf5548e464a6c162d7184a600f47405f8e710f745cb73e6661a,299bbbcf4cc4ed91bea09cd84d6780bbd3677fd42b9b263f0958be4ff56e46f5,2
C_synthetic_lifecycle_orbit,51,0.0017288135593220338,13,RBC,9.149781012630008e-05,-8.896657582308874e-05,8.154533807095788e-09,0.7715690425121966,0.43647281720683034,-0.34587141750442235,0.3074827719236097,bcb3d0a4ceb6c66773064d312e880e5f512179d94a82faa258090f169bc3d031,afcef01b6396a18ff9cf4773c2cb4b4df1358248b6bc2e09ebb6b3df0f451df1,2
C_synthetic_lifecycle_orbit,51,0.0017288135593220338,14,RBC,5.7963618961067215e-05,8.208351668999703e-05,4.9263352440558014e-09,0.6150029960094111,0.30620280658310717,0.6762258043095639,0.26595078064551697,7adc394a7a70932f9b0060859d926197b364e9761809f75fa89e89af8092aab6,85dc928fd95700cbc85467394a5554b2915de42c07808f0a00e7de6f652c95f0,2
C_synthetic_lifecycle_orbit,51,0.0017288135593220338,15,RBC,5.7033142652444044e-05,-9.435675833491388e-05,2.184340587978004e-09,0.4118992359854538,-0.7211607282183702,0.20178894092759797,-0.5191795901125812,77ea9fe7e21a9cf5548e464a6c162d7184a600f47405f8e710f745cb73e6661a,299bbbcf4cc4ed91bea09cd84d6780bbd3677fd42b9b263f0958be4ff56e46f5,2
C_synthetic_lifecycle_orbit,52,0.0017627118644067796,13,RBC,9.149781012630008e-05,-8.896657582308874e-05,9.001991434214433e-09,0.7715690425121966,0.43647281720683034,-0.34587141750442235,0.3074827719236097,bcb3d0a4ceb6c66773064d312e880e5f512179d94a82faa258090f169bc3d031,afcef01b6396a18ff9cf4773c2cb4b4df1358248b6bc2e09ebb6b3df0f451df1,2
C_synthetic_lifecycle_orbit,52,0.0017627118644067796,14,RBC,5.7963618961067215e-05,8.208351668999703e-05,5.773792871174445e-09,0.6150029960094111,0.30620280658310717,0.6762258043095639,0.26595078064551697,7adc394a7a70932f9b0060859d926197b364e9761809f75fa89e89af8092aab6,85dc928fd95700cbc85467394a5554b2915de42c07808f0a00e7de6f652c95f0,2
C_synthetic_lifecycle_orbit,52,0.0017627118644067796,15,RBC,5.7033142652444044e-05,-9.435675833491388e-05,3.031798215096647e-09,0.4118992359854538,-0.7211607282183702,0.20178894092759797,-0.5191795901125812,77ea9fe7e21a9cf5548e464a6c162d7184a600f47405f8e710f745cb73e6661a,299bbbcf4cc4ed91bea09cd84d6780bbd3677fd42b9b263f0958be4ff56e46f5,2
C_synthetic_lifecycle_orbit,53,0.0017966101694915253,13,RBC,9.149781012630008e-05,-8.896657582308874e-05,9.849449061333075e-09,0.7715690425121966,0.43647281720683034,-0.34587141750442235,0.3074827719236097,bcb3d0a4ceb6c66773064d312e880e5f512179d94a82faa258090f169bc3d031,afcef01b6396a18ff9cf4773c2cb4b4df1358248b6bc2e09ebb6b3df0f451df1,2
C_synthetic_lifecycle_orbit,53,0.0017966101694915253,14,RBC,5.7963618961067215e-05,8.208351668999703e-05,6.621250498293089e-09,0.6150029960094111,0.30620280658310717,0.6762258043095639,0.26595078064551697,7adc394a7a70932f9b0060859d926197b364e9761809f75fa89e89af8092aab6,85dc928fd95700cbc85467394a5554b2915de42c07808f0a00e7de6f652c95f0,2
C_synthetic_lifecycle_orbit,53,0.0017966101694915253,15,RBC,5.7033142652444044e-05,-9.435675833491388e-05,3.879255842215291e-09,0.4118992359854538,-0.7211607282183702,0.20178894092759797,-0.5191795901125812,77ea9fe7e21a9cf5548e464a6c162d7184a600f47405f8e710f745cb73e6661a,299bbbcf4cc4ed91bea09cd84d6780bbd3677fd42b9b263f0958be4ff56e46f5,2
C_synthetic_lifecycle_orbit,53,0.0017966101694915253,16,RBC,3.015537736516277e-05,1.3471702536605205e-05,8.097523840145728e-10,0.33125824114619806,0.09968786649048911,-0.3168170307305558,-0.8831518985918424,997f215112d1d387ca1becffb8f982f9faa74d2a77a647a2eaedc69786f41f3e,9dd3eb6fe854ea37bf0624daac46b9e00c1c42fa7cb9141a2992ff90c923017b,2
C_synthetic_lifecycle_orbit,54,0.001830508474576271,14,RBC,5.7963618961067215e-05,8.208351668999703e-05,7.468708125411731e-09,0.6150029960094111,0.30620280658310717,0.6762258043095639,0.26595078064551697,7adc394a7a70932f9b0060859d926197b364e9761809f75fa89e89af8092aab6,85dc928fd95700cbc85467394a5554b2915de42c07808f0a00e7de6f652c95f0,2
C_synthetic_lifecycle_orbit,54,0.001830508474576271,15,RBC,5.7033142652444044e-05,-9.435675833491388e-05,4.726713469333934e-09,0.4118992359854538,-0.7211607282183702,0.20178894092759797,-0.5191795901125812,77ea9fe7e21a9cf5548e464a6c162d7184a600f47405f8e710f745cb73e6661a,299bbbcf4cc4ed91bea09cd84d6780bbd3677fd42b9b263f0958be4ff56e46f5,2
C_synthetic_lifecycle_orbit,54,0.001830508474576271,16,RBC,3.015537736516277e-05,1.3471702536605205e-05,1.6572100111332167e-09,0.33125824114619806,0.09968786649048911,-0.3168170307305558,-0.8831518985918424,997f215112d1d387ca1becffb8f982f9faa74d2a77a647a2eaedc69786f41f3e,9dd3eb6fe854ea37bf0624daac46b9e00c1c42fa7cb9141a2992ff90c923017b,2
C_synthetic_lifecycle_orbit,55,0.0018644067796610168,14,RBC,5.7963618961067215e-05,8.208351668999703e-05,8.316165752530376e-09,0.6150029960094111,0.30620280658310717,0.6762258043095639,0.26595078064551697,7adc394a7a70932f9b0060859d926197b364e9761809f75fa89e89af8092aab6,85dc928fd95700cbc85467394a5554b2915de42c07808f0a00e7de6f652c95f0,2
C_synthetic_lifecycle_orbit,55,0.0018644067796610168,15,RBC,5.7033142652444044e-05,-9.435675833491388e-05,5.574171096452577e-09,0.4118992359854538,-0.7211607282183702,0.20178894092759797,-0.5191795901125812,77ea9fe7e21a9cf5548e464a6c162d7184a600f47405f8e710f745cb73e6661a,299bbbcf4cc4ed91bea09cd84d6780bbd3677fd42b9b263f0958be4ff56e46f5,2
C_synthetic_lifecycle_orbit,55,0.0018644067796610168,16,RBC,3.015537736516277e-05,1.3471702536605205e-05,2.50466763825186e-09,0.33125824114619806,0.09968786649048911,-0.3168170307305558,-0.8831518985918424,997f215112d1d387ca1becffb8f982f9faa74d2a77a647a2eaedc69786f41f3e,9dd3eb6fe854ea37bf0624daac46b9e00c1c42fa7cb9141a2992ff90c923017b,2
C_synthetic_lifecycle_orbit,56,0.0018983050847457628,14,RBC,5.7963618961067215e-05,8.208351668999703e-05,9.163623379649024e-09,0.6150029960094111,0.30620280658310717,0.6762258043095639,0.26595078064551697,7adc394a7a70932f9b0060859d926197b364e9761809f75fa89e89af8092aab6,85dc928fd95700cbc85467394a5554b2915de42c07808f0a00e7de6f652c95f0,2
C_synthetic_lifecycle_orbit,56,0.0018983050847457628,15,RBC,5.7033142652444044e-05,-9.435675833491388e-05,6.421628723571226e-09,0.4118992359854538,-0.7211607282183702,0.20178894092759797,-0.5191795901125812,77ea9fe7e21a9cf5548e464a6c162d7184a600f47405f8e710f745cb73e6661a,299bbbcf4cc4ed91bea09cd84d6780bbd3677fd42b9b263f0958be4ff56e46f5,2
C_synthetic_lifecycle_orbit,56,0.0018983050847457628,16,RBC,3.015537736516277e-05,1.3471702536605205e-05,3.35212526537051e-09,0.33125824114619806,0.09968786649048911,-0.3168170307305558,-0.8831518985918424,997f215112d1d387ca1becffb8f982f9faa74d2a77a647a2eaedc69786f41f3e,9dd3eb6fe854ea37bf0624daac46b9e00c1c42fa7cb9141a2992ff90c923017b,2
C_synthetic_lifecycle_orbit,56,0.0018983050847457628,17,RBC,2.9900285636156192e-05,5.647946523416857e-05,4.309254387407488e-10,0.70995059511142,-0.27446804495118443,-0.5555365393376771,0.3346888080924318,b43e3626770f724c317858427dc872115e48d994b6ff37f049627c03ba519e12,3a03fedb9be519d68b8ccad500d310d77caec47636d09c140467ae8b16f8e16d,2
C_synthetic_lifecycle_orbit,57,0.0019322033898305085,15,RBC,5.7033142652444044e-05,-9.435675833491388e-05,7.269086350689869e-09,0.4118992359854538,-0.7211607282183702,0.20178894092759797,-0.5191795901125812,77ea9fe7e21a9cf5548e464a6c162d7184a600f47405f8e710f745cb73e6661a,299bbbcf4cc4ed91bea09cd84d6780bbd3677fd42b9b263f0958be4ff56e46f5,2
C_synthetic_lifecycle_orbit,57,0.0019322033898305085,16,RBC,3.015537736516277e-05,1.3471702536605205e-05,4.1995828924891535e-09,0.33125824114619806,0.09968786649048911,-0.3168170307305558,-0.8831518985918424,997f215112d1d387ca1becffb8f982f9faa74d2a77a647a2eaedc69786f41f3e,9dd3eb6fe854ea37bf0624daac46b9e00c1c42fa7cb9141a2992ff90c923017b,2
C_synthetic_lifecycle_orbit,57,0.0019322033898305085,17,RBC,2.9900285636156192e-05,5.647946523416857e-05,1.2783830658593923e-09,0.70995059511142,-0.27446804495118443,-0.5555365393376771,0.3346888080924318,b43e3626770f724c317858427dc872115e48d994b6ff37f049627c03ba519e12,3a03fedb9be519d68b8ccad500d310d77caec47636d09c140467ae8b16f8e16d,2
C_synthetic_lifecycle_orbit,58,0.0019661016949152543,15,RBC,5.7033142652444044e-05,-9.435675833491388e-05,8.116543977808512e-09,0.4118992359854538,-0.7211607282183702,0.20178894092759797,-0.5191795901125812,77ea9fe7e21a9cf5548e464a6c162d7184a600f47405f8e710f745cb73e6661a,299bbbcf4cc4ed91bea09cd84d6780bbd3677fd42b9b263f0958be4ff56e46f5,2
C_synthetic_lifecycle_orbit,58,0.0019661016949152543,16,RBC,3.015537736516277e-05,1.3471702536605205e-05,5.047040519607797e-09,0.33125824114619806,0.09968786649048911,-0.3168170307305558,-0.8831518985918424,997f215112d1d387ca1becffb8f982f9faa74d2a77a647a2eaedc69786f41f3e,9dd3eb6fe854ea37bf0624daac46b9e00c1c42fa7cb9141a2992ff90c923017b,2
C_synthetic_lifecycle_orbit,58,0.0019661016949152543,17,RBC,2.9900285636156192e-05,5.647946523416857e-05,2.1258406929780356e-09,0.70995059511142,-0.27446804495118443,-0.5555365393376771,0.3346888080924318,b43e3626770f724c317858427dc872115e48d994b6ff37f049627c03ba519e12,3a03fedb9be519d68b8ccad500d310d77caec47636d09c140467ae8b16f8e16d,2
C_synthetic_lifecycle_orbit,59,0.002,15,RBC,5.7033142652444044e-05,-9.435675833491388e-05,8.964001604927156e-09,0.4118992359854538,-0.7211607282183702,0.20178894092759797,-0.5191795901125812,77ea9fe7e21a9cf5548e464a6c162d7184a600f47405f8e710f745cb73e6661a,299bbbcf4cc4ed91bea09cd84d6780bbd3677fd42b9b263f0958be4ff56e46f5,2
C_synthetic_lifecycle_orbit,59,0.002,16,RBC,3.015537736516277e-05,1.3471702536605205e-05,5.8944981467264415e-09,0.33125824114619806,0.09968786649048911,-0.3168170307305558,-0.8831518985918424,997f215112d1d387ca1becffb8f982f9faa74d2a77a647a2eaedc69786f41f3e,9dd3eb6fe854ea37bf0624daac46b9e00c1c42fa7cb9141a2992ff90c923017b,2
C_synthetic_lifecycle_orbit,59,0.002,17,RBC,2.9900285636156192e-05,5.647946523416857e-05,2.973298320096679e-09,0.70995059511142,-0.27446804495118443,-0.5555365393376771,0.3346888080924318,b43e3626770f724c317858427dc872115e48d994b6ff37f049627c03ba519e12,3a03fedb9be519d68b8ccad500d310d77caec47636d09c140467ae8b16f8e16d,2
C_synthetic_lifecycle_orbit,59,0.002,18,RBC,5.037290866254526e-05,-7.051283010557853e-05,3.4349103971932537e-10,-0.16892808331953016,-0.17596941399448085,0.3155390053753137,-0.9170241022411497,e249e00c89cc13fcfc4a2bfd483bd782c2a0497c4e3f801588b35ebc98dd370a,31764a9c6cd72b09595af5ef0cab4c67c9fc19c10439616b5a14e9bbf8ecc379,2
C_synthetic_lifecycle_orbit,60,0.117,1102,RBC,5.108527517482569e-05,-1.245972964182699e-05,7.226379723959372e-09,-0.0532572453001243,0.42591802013115737,-0.8010317216985913,0.4172597353965366,5d0bd433c688f84a0e4b8dcaafd5b5ab711e7758e667d38db8762af340c3b905,1693a370804b5de6ef86c0f2bdff46705a528b38b16cdd4cbd6f96a11123af05,2
C_synthetic_lifecycle_orbit,60,0.117,1103,RBC,7.511167835446171e-05,6.898200236335875e-05,4.32495306052774e-09,-0.03984105295748014,0.9024721144483919,-0.0037840788860074785,-0.4288851290139033,3994be414794e702dca44fcf0281c880d1f8498a8b03a17ed6219d872fdfe087,3a03e40f377993f9252346a639aea6326ccf0da21b1fd5756f56389cfd252220,2
C_synthetic_lifecycle_orbit,60,0.117,1104,RBC,9.032378702199911e-05,3.420435839351715e-07,1.2809171411918503e-09,0.34039697095775145,0.27323272124500975,0.6789177614965766,0.5903765369053146,7bad77aa009f14ebf66a8e5a30c65b11b0c8d0a2fd1744d3e71befd0b92cafde,4ea52e8ee82b5981dc4886da2ec93eec3eb7bbea371153dc0e2b1566bf248d5d,2
C_synthetic_lifecycle_orbit,61,0.11702372881355932,1102,RBC,5.108527517482569e-05,-1.245972964182699e-05,7.81960006294232e-09,-0.0532572453001243,0.42591802013115737,-0.8010317216985913,0.4172597353965366,5d0bd433c688f84a0e4b8dcaafd5b5ab711e7758e667d38db8762af340c3b905,1693a370804b5de6ef86c0f2bdff46705a528b38b16cdd4cbd6f96a11123af05,2
C_synthetic_lifecycle_orbit,61,0.11702372881355932,1103,RBC,7.511167835446171e-05,6.898200236335875e-05,4.918173399510688e-09,-0.03984105295748014,0.9024721144483919,-0.0037840788860074785,-0.4288851290139033,3994be414794e702dca44fcf0281c880d1f8498a8b03a17ed6219d872fdfe087,3a03e40f377993f9252346a639aea6326ccf0da21b1fd5756f56389cfd252220,2
C_synthetic_lifecycle_orbit,61,0.11702372881355932,1104,RBC,9.032378702199911e-05,3.420435839351715e-07,1.874137480174798e-09,0.34039697095775145,0.27323272124500975,0.6789177614965766,0.5903765369053146,7bad77aa009f14ebf66a8e5a30c65b11b0c8d0a2fd1744d3e71befd0b92cafde,4ea52e8ee82b5981dc4886da2ec93eec3eb7bbea371153dc0e2b1566bf248d5d,2
C_synthetic_lifecycle_orbit,62,0.11704745762711866,1102,RBC,5.108527517482569e-05,-1.245972964182699e-05,8.412820401925615e-09,-0.0532572453001243,0.42591802013115737,-0.8010317216985913,0.4172597353965366,5d0bd433c688f84a0e4b8dcaafd5b5ab711e7758e667d38db8762af340c3b905,1693a370804b5de6ef86c0f2bdff46705a528b38b16cdd4cbd6f96a11123af05,2
C_synthetic_lifecycle_orbit,62,0.11704745762711866,1103,RBC,7.511167835446171e-05,6.898200236335875e-05,5.511393738493984e-09,-0.03984105295748014,0.9024721144483919,-0.0037840788860074785,-0.4288851290139033,3994be414794e702dca44fcf0281c880d1f8498a8b03a17ed6219d872fdfe087,3a03e40f377993f9252346a639aea6326ccf0da21b1fd5756f56389cfd252220,2
C_synthetic_lifecycle_orbit,62,0.11704745762711866,1104,RBC,9.032378702199911e-05,3.420435839351715e-07,2.467357819158093e-09,0.34039697095775145,0.27323272124500975,0.6789177614965766,0.5903765369053146,7bad77aa009f14ebf66a8e5a30c65b11b0c8d0a2fd1744d3e71befd0b92cafde,4ea52e8ee82b5981dc4886da2ec93eec3eb7bbea371153dc0e2b1566bf248d5d,2
C_synthetic_lifecycle_orbit,62,0.11704745762711866,1105,RBC,-7.408828004519359e-05,2.453609396264643e-05,4.599058924109639e-10,-0.17845128498943405,0.24113881182958224,-0.7660656369741476,-0.5684634132135773,1fd17b41b6b8b633d561b8c0d6db7ff5c2a5acb73b972a4ec0b782652a3d4002,e9a1cb5fa37ecd846fbcfeee9ae2d8bb83824b8d8127ae1af7699e72fb532517,2
C_synthetic_lifecycle_orbit,63,0.11707118644067797,1102,RBC,5.108527517482569e-05,-1.245972964182699e-05,9.006040740908562e-09,-0.0532572453001243,0.42591802013115737,-0.8010317216985913,0.4172597353965366,5d0bd433c688f84a0e4b8dcaafd5b5ab711e7758e667d38db8762af340c3b905,1693a370804b5de6ef86c0f2bdff46705a528b38b16cdd4cbd6f96a11123af05,2
C_synthetic_lifecycle_orbit,63,0.11707118644067797,1103,RBC,7.511167835446171e-05,6.898200236335875e-05,6.104614077476931e-09,-0.03984105295748014,0.9024721144483919,-0.0037840788860074785,-0.4288851290139033,3994be414794e702dca44fcf0281c880d1f8498a8b03a17ed6219d872fdfe087,3a03e40f377993f9252346a639aea6326ccf0da21b1fd5756f56389cfd252220,2
C_synthetic_lifecycle_orbit,63,0.11707118644067797,1104,RBC,9.032378702199911e-05,3.420435839351715e-07,3.060578158141041e-09,0.34039697095775145,0.27323272124500975,0.6789177614965766,0.5903765369053146,7bad77aa009f14ebf66a8e5a30c65b11b0c8d0a2fd1744d3e71befd0b92cafde,4ea52e8ee82b5981dc4886da2ec93eec3eb7bbea371153dc0e2b1566bf248d5d,2
C_synthetic_lifecycle_orbit,63,0.11707118644067797,1105,RBC,-7.408828004519359e-05,2.453609396264643e-05,1.0531262313939118e-09,-0.17845128498943405,0.24113881182958224,-0.7660656369741476,-0.5684634132135773,1fd17b41b6b8b633d561b8c0d6db7ff5c2a5acb73b972a4ec0b782652a3d4002,e9a1cb5fa37ecd846fbcfeee9ae2d8bb83824b8d8127ae1af7699e72fb532517,2
C_synthetic_lifecycle_orbit,64,0.11709491525423729,1102,RBC,5.108527517482569e-05,-1.245972964182699e-05,9.59926107989151e-09,-0.0532572453001243,0.42591802013115737,-0.8010317216985913,0.4172597353965366,5d0bd433c688f84a0e4b8dcaafd5b5ab711e7758e667d38db8762af340c3b905,1693a370804b5de6ef86c0f2bdff46705a528b38b16cdd4cbd6f96a11123af05,2
C_synthetic_lifecycle_orbit,64,0.11709491525423729,1103,RBC,7.511167835446171e-05,6.898200236335875e-05,6.697834416459879e-09,-0.03984105295748014,0.9024721144483919,-0.0037840788860074785,-0.4288851290139033,3994be414794e702dca44fcf0281c880d1f8498a8b03a17ed6219d872fdfe087,3a03e40f377993f9252346a639aea6326ccf0da21b1fd5756f56389cfd252220,2
C_synthetic_lifecycle_orbit,64,0.11709491525423729,1104,RBC,9.032378702199911e-05,3.420435839351715e-07,3.6537984971239892e-09,0.34039697095775145,0.27323272124500975,0.6789177614965766,0.5903765369053146,7bad77aa009f14ebf66a8e5a30c65b11b0c8d0a2fd1744d3e71befd0b92cafde,4ea52e8ee82b5981dc4886da2ec93eec3eb7bbea371153dc0e2b1566bf248d5d,2
C_synthetic_lifecycle_orbit,64,0.11709491525423729,1105,RBC,-7.408828004519359e-05,2.453609396264643e-05,1.6463465703768598e-09,-0.17845128498943405,0.24113881182958224,-0.7660656369741476,-0.5684634132135773,1fd17b41b6b8b633d561b8c0d6db7ff5c2a5acb73b972a4ec0b782652a3d4002,e9a1cb5fa37ecd846fbcfeee9ae2d8bb83824b8d8127ae1af7699e72fb532517,2
C_synthetic_lifecycle_orbit,65,0.11711864406779662,1103,RBC,7.511167835446171e-05,6.898200236335875e-05,7.291054755443174e-09,-0.03984105295748014,0.9024721144483919,-0.0037840788860074785,-0.4288851290139033,3994be414794e702dca44fcf0281c880d1f8498a8b03a17ed6219d872fdfe087,3a03e40f377993f9252346a639aea6326ccf0da21b1fd5756f56389cfd252220,2
C_synthetic_lifecycle_orbit,65,0.11711864406779662,1104,RBC,9.032378702199911e-05,3.420435839351715e-07,4.247018836107283e-09,0.34039697095775145,0.27323272124500975,0.6789177614965766,0.5903765369053146,7bad77aa009f14ebf66a8e5a30c65b11b0c8d0a2fd1744d3e71befd0b92cafde,4ea52e8ee82b5981dc4886da2ec93eec3eb7bbea371153dc0e2b1566bf248d5d,2
C_synthetic_lifecycle_orbit,65,0.11711864406779662,1105,RBC,-7.408828004519359e-05,2.453609396264643e-05,2.2395669093601547e-09,-0.17845128498943405,0.24113881182958224,-0.7660656369741476,-0.5684634132135773,1fd17b41b6b8b633d561b8c0d6db7ff5c2a5acb73b972a4ec0b782652a3d4002,e9a1cb5fa37ecd846fbcfeee9ae2d8bb83824b8d8127ae1af7699e72fb532517,2
C_synthetic_lifecycle_orbit,66,0.11714237288135594,1103,RBC,7.511167835446171e-05,6.898200236335875e-05,7.884275094426123e-09,-0.03984105295748014,0.9024721144483919,-0.0037840788860074785,-0.4288851290139033,3994be414794e702dca44fcf0281c880d1f8498a8b03a17ed6219d872fdfe087,3a03e40f377993f9252346a639aea6326ccf0da21b1fd5756f56389cfd252220,2
C_synthetic_lifecycle_orbit,66,0.11714237288135594,1104,RBC,9.032378702199911e-05,3.420435839351715e-07,4.840239175090232e-09,0.34039697095775145,0.27323272124500975,0.6789177614965766,0.5903765369053146,7bad77aa009f14ebf66a8e5a30c65b11b0c8d0a2fd1744d3e71befd0b92cafde,4ea52e8ee82b5981dc4886da2ec93eec3eb7bbea371153dc0e2b1566bf248d5d,2
C_synthetic_lifecycle_orbit,66,0.11714237288135594,1105,RBC,-7.408828004519359e-05,2.453609396264643e-05,2.8327872483431027e-09,-0.17845128498943405,0.24113881182958224,-0.7660656369741476,-0.5684634132135773,1fd17b41b6b8b633d561b8c0d6db7ff5c2a5acb73b972a4ec0b782652a3d4002,e9a1cb5fa37ecd846fbcfeee9ae2d8bb83824b8d8127ae1af7699e72fb532517,2
C_synthetic_lifecycle_orbit,67,0.11716610169491526,1103,RBC,7.511167835446171e-05,6.898200236335875e-05,8.47749543340907e-09,-0.03984105295748014,0.9024721144483919,-0.0037840788860074785,-0.4288851290139033,3994be414794e702dca44fcf0281c880d1f8498a8b03a17ed6219d872fdfe087,3a03e40f377993f9252346a639aea6326ccf0da21b1fd5756f56389cfd252220,2
C_synthetic_lifecycle_orbit,67,0.11716610169491526,1104,RBC,9.032378702199911e-05,3.420435839351715e-07,5.43345951407318e-09,0.34039697095775145,0.27323272124500975,0.6789177614965766,0.5903765369053146,7bad77aa009f14ebf66a8e5a30c65b11b0c8d0a2fd1744d3e71befd0b92cafde,4ea52e8ee82b5981dc4886da2ec93eec3eb7bbea371153dc0e2b1566bf248d5d,2
C_synthetic_lifecycle_orbit,67,0.11716610169491526,1105,RBC,-7.408828004519359e-05,2.453609396264643e-05,3.4260075873260506e-09,-0.17845128498943405,0.24113881182958224,-0.7660656369741476,-0.5684634132135773,1fd17b41b6b8b633d561b8c0d6db7ff5c2a5acb73b972a4ec0b782652a3d4002,e9a1cb5fa37ecd846fbcfeee9ae2d8bb83824b8d8127ae1af7699e72fb532517,2
C_synthetic_lifecycle_orbit,67,0.11716610169491526,1106,RBC,-3.4735029485770215e-05,4.496833655565026e-05,5.531347863126818e-10,0.3457351460100034,0.5990290469325276,-0.6965145198865964,0.19104694012648699,88b0be6bd73e080824d4bd53325dd3a87bd163a72d4738915e3f046822614f73,ecf52a36ac14425f1f2d7e2f75b4d9a2262acd05f788e8172f0e0bcd11e53efb,2
C_synthetic_lifecycle_orbit,68,0.11718983050847458,1103,RBC,7.511167835446171e-05,6.898200236335875e-05,9.070715772392018e-09,-0.03984105295748014,0.9024721144483919,-0.0037840788860074785,-0.4288851290139033,3994be414794e702dca44fcf0281c880d1f8498a8b03a17ed6219d872fdfe087,3a03e40f377993f9252346a639aea6326ccf0da21b1fd5756f56389cfd252220,2
C_synthetic_lifecycle_orbit,68,0.11718983050847458,1104,RBC,9.032378702199911e-05,3.420435839351715e-07,6.026679853056128e-09,0.34039697095775145,0.27323272124500975,0.6789177614965766,0.5903765369053146,7bad77aa009f14ebf66a8e5a30c65b11b0c8d0a2fd1744d3e71befd0b92cafde,4ea52e8ee82b5981dc4886da2ec93eec3eb7bbea371153dc0e2b1566bf248d5d,2
C_synthetic_lifecycle_orbit,68,0.11718983050847458,1105,RBC,-7.408828004519359e-05,2.453609396264643e-05,4.019227926308999e-09,-0.17845128498943405,0.24113881182958224,-0.7660656369741476,-0.5684634132135773,1fd17b41b6b8b633d561b8c0d6db7ff5c2a5acb73b972a4ec0b782652a3d4002,e9a1cb5fa37ecd846fbcfeee9ae2d8bb83824b8d8127ae1af7699e72fb532517,2
C_synthetic_lifecycle_orbit,68,0.11718983050847458,1106,RBC,-3.4735029485770215e-05,4.496833655565026e-05,1.1463551252956297e-09,0.3457351460100034,0.5990290469325276,-0.6965145198865964,0.19104694012648699,88b0be6bd73e080824d4bd53325dd3a87bd163a72d4738915e3f046822614f73,ecf52a36ac14425f1f2d7e2f75b4d9a2262acd05f788e8172f0e0bcd11e53efb,2
C_synthetic_lifecycle_orbit,69,0.11721355932203391,1103,RBC,7.511167835446171e-05,6.898200236335875e-05,9.663936111375313e-09,-0.03984105295748014,0.9024721144483919,-0.0037840788860074785,-0.4288851290139033,3994be414794e702dca44fcf0281c880d1f8498a8b03a17ed6219d872fdfe087,3a03e40f377993f9252346a639aea6326ccf0da21b1fd5756f56389cfd252220,2
C_synthetic_lifecycle_orbit,69,0.11721355932203391,1104,RBC,9.032378702199911e-05,3.420435839351715e-07,6.619900192039423e-09,0.34039697095775145,0.27323272124500975,0.6789177614965766,0.5903765369053146,7bad77aa009f14ebf66a8e5a30c65b11b0c8d0a2fd1744d3e71befd0b92cafde,4ea52e8ee82b5981dc4886da2ec93eec3eb7bbea371153dc0e2b1566bf248d5d,2
C_synthetic_lifecycle_orbit,69,0.11721355932203391,1105,RBC,-7.408828004519359e-05,2.453609396264643e-05,4.612448265292293e-09,-0.17845128498943405,0.24113881182958224,-0.7660656369741476,-0.5684634132135773,1fd17b41b6b8b633d561b8c0d6db7ff5c2a5acb73b972a4ec0b782652a3d4002,e9a1cb5fa37ecd846fbcfeee9ae2d8bb83824b8d8127ae1af7699e72fb532517,2
C_synthetic_lifecycle_orbit,69,0.11721355932203391,1106,RBC,-3.4735029485770215e-05,4.496833655565026e-05,1.7395754642789246e-09,0.3457351460100034,0.5990290469325276,-0.6965145198865964,0.19104694012648699,88b0be6bd73e080824d4bd53325dd3a87bd163a72d4738915e3f046822614f73,ecf52a36ac14425f1f2d7e2f75b4d9a2262acd05f788e8172f0e0bcd11e53efb,2
C_synthetic_lifecycle_orbit,70,0.11723728813559323,1104,RBC,9.032378702199911e-05,3.420435839351715e-07,7.21312053102237e-09,0.34039697095775145,0.27323272124500975,0.6789177614965766,0.5903765369053146,7bad77aa009f14ebf66a8e5a30c65b11b0c8d0a2fd1744d3e71befd0b92cafde,4ea52e8ee82b5981dc4886da2ec93eec3eb7bbea371153dc0e2b1566bf248d5d,2
C_synthetic_lifecycle_orbit,70,0.11723728813559323,1105,RBC,-7.408828004519359e-05,2.453609396264643e-05,5.205668604275241e-09,-0.17845128498943405,0.24113881182958224,-0.7660656369741476,-0.5684634132135773,1fd17b41b6b8b633d561b8c0d6db7ff5c2a5acb73b972a4ec0b782652a3d4002,e9a1cb5fa37ecd846fbcfeee9ae2d8bb83824b8d8127ae1af7699e72fb532517,2
C_synthetic_lifecycle_orbit,70,0.11723728813559323,1106,RBC,-3.4735029485770215e-05,4.496833655565026e-05,2.3327958032618725e-09,0.3457351460100034,0.5990290469325276,-0.6965145198865964,0.19104694012648699,88b0be6bd73e080824d4bd53325dd3a87bd163a72d4738915e3f046822614f73,ecf52a36ac14425f1f2d7e2f75b4d9a2262acd05f788e8172f0e0bcd11e53efb,2
C_synthetic_lifecycle_orbit,71,0.11726101694915254,1104,RBC,9.032378702199911e-05,3.420435839351715e-07,7.806340870005318e-09,0.34039697095775145,0.27323272124500975,0.6789177614965766,0.5903765369053146,7bad77aa009f14ebf66a8e5a30c65b11b0c8d0a2fd1744d3e71befd0b92cafde,4ea52e8ee82b5981dc4886da2ec93eec3eb7bbea371153dc0e2b1566bf248d5d,2
C_synthetic_lifecycle_orbit,71,0.11726101694915254,1105,RBC,-7.408828004519359e-05,2.453609396264643e-05,5.798888943258189e-09,-0.17845128498943405,0.24113881182958224,-0.7660656369741476,-0.5684634132135773,1fd17b41b6b8b633d561b8c0d6db7ff5c2a5acb73b972a4ec0b782652a3d4002,e9a1cb5fa37ecd846fbcfeee9ae2d8bb83824b8d8127ae1af7699e72fb532517,2
C_synthetic_lifecycle_orbit,71,0.11726101694915254,1106,RBC,-3.4735029485770215e-05,4.496833655565026e-05,2.9260161422448205e-09,0.3457351460100034,0.5990290469325276,-0.6965145198865964,0.19104694012648699,88b0be6bd73e080824d4bd53325dd3a87bd163a72d4738915e3f046822614f73,ecf52a36ac14425f1f2d7e2f75b4d9a2262acd05f788e8172f0e0bcd11e53efb,2
C_synthetic_lifecycle_orbit,71,0.11726101694915254,1107,RBC,3.9011882691178034e-05,1.928392591142451e-05,1.9489658938040672e-10,0.10146873590437584,0.36383245361161043,-0.8465608108150586,0.3750531094726104,186f389c5cbdef9a87f1767e4f7ba8de69527ef60ae4db4f3e3c4325269923d0,1b9831d7bdff3e6ade81b25884199746a45b5780b13fe9cd38f571a8e1cc052a,2
C_synthetic_lifecycle_orbit,72,0.11728474576271188,1104,RBC,9.032378702199911e-05,3.420435839351715e-07,8.399561208988613e-09,0.34039697095775145,0.27323272124500975,0.6789177614965766,0.5903765369053146,7bad77aa009f14ebf66a8e5a30c65b11b0c8d0a2fd1744d3e71befd0b92cafde,4ea52e8ee82b5981dc4886da2ec93eec3eb7bbea371153dc0e2b1566bf248d5d,2
C_synthetic_lifecycle_orbit,72,0.11728474576271188,1105,RBC,-7.408828004519359e-05,2.453609396264643e-05,6.392109282241484e-09,-0.17845128498943405,0.24113881182958224,-0.7660656369741476,-0.5684634132135773,1fd17b41b6b8b633d561b8c0d6db7ff5c2a5acb73b972a4ec0b782652a3d4002,e9a1cb5fa37ecd846fbcfeee9ae2d8bb83824b8d8127ae1af7699e72fb532517,2
C_synthetic_lifecycle_orbit,72,0.11728474576271188,1106,RBC,-3.4735029485770215e-05,4.496833655565026e-05,3.5192364812281154e-09,0.3457351460100034,0.5990290469325276,-0.6965145198865964,0.19104694012648699,88b0be6bd73e080824d4bd53325dd3a87bd163a72d4738915e3f046822614f73,ecf52a36ac14425f1f2d7e2f75b4d9a2262acd05f788e8172f0e0bcd11e53efb,2
C_synthetic_lifecycle_orbit,72,0.11728474576271188,1107,RBC,3.9011882691178034e-05,1.928392591142451e-05,7.881169283637015e-10,0.10146873590437584,0.36383245361161043,-0.8465608108150586,0.3750531094726104,186f389c5cbdef9a87f1767e4f7ba8de69527ef60ae4db4f3e3c4325269923d0,1b9831d7bdff3e6ade81b25884199746a45b5780b13fe9cd38f571a8e1cc052a,2
C_synthetic_lifecycle_orbit,73,0.1173084745762712,1104,RBC,9.032378702199911e-05,3.420435839351715e-07,8.992781547971562e-09,0.34039697095775145,0.27323272124500975,0.6789177614965766,0.5903765369053146,7bad77aa009f14ebf66a8e5a30c65b11b0c8d0a2fd1744d3e71befd0b92cafde,4ea52e8ee82b5981dc4886da2ec93eec3eb7bbea371153dc0e2b1566bf248d5d,2
C_synthetic_lifecycle_orbit,73,0.1173084745762712,1105,RBC,-7.408828004519359e-05,2.453609396264643e-05,6.985329621224432e-09,-0.17845128498943405,0.24113881182958224,-0.7660656369741476,-0.5684634132135773,1fd17b41b6b8b633d561b8c0d6db7ff5c2a5acb73b972a4ec0b782652a3d4002,e9a1cb5fa37ecd846fbcfeee9ae2d8bb83824b8d8127ae1af7699e72fb532517,2
C_synthetic_lifecycle_orbit,73,0.1173084745762712,1106,RBC,-3.4735029485770215e-05,4.496833655565026e-05,4.112456820211064e-09,0.3457351460100034,0.5990290469325276,-0.6965145198865964,0.19104694012648699,88b0be6bd73e080824d4bd53325dd3a87bd163a72d4738915e3f046822614f73,ecf52a36ac14425f1f2d7e2f75b4d9a2262acd05f788e8172f0e0bcd11e53efb,2
C_synthetic_lifecycle_orbit,73,0.1173084745762712,1107,RBC,3.9011882691178034e-05,1.928392591142451e-05,1.3813372673466496e-09,0.10146873590437584,0.36383245361161043,-0.8465608108150586,0.3750531094726104,186f389c5cbdef9a87f1767e4f7ba8de69527ef60ae4db4f3e3c4325269923d0,1b9831d7bdff3e6ade81b25884199746a45b5780b13fe9cd38f571a8e1cc052a,2
C_synthetic_lifecycle_orbit,74,0.11733220338983051,1104,RBC,9.032378702199911e-05,3.420435839351715e-07,9.58600188695451e-09,0.34039697095775145,0.27323272124500975,0.6789177614965766,0.5903765369053146,7bad77aa009f14ebf66a8e5a30c65b11b0c8d0a2fd1744d3e71befd0b92cafde,4ea52e8ee82b5981dc4886da2ec93eec3eb7bbea371153dc0e2b1566bf248d5d,2
C_synthetic_lifecycle_orbit,74,0.11733220338983051,1105,RBC,-7.408828004519359e-05,2.453609396264643e-05,7.57854996020738e-09,-0.17845128498943405,0.24113881182958224,-0.7660656369741476,-0.5684634132135773,1fd17b41b6b8b633d561b8c0d6db7ff5c2a5acb73b972a4ec0b782652a3d4002,e9a1cb5fa37ecd846fbcfeee9ae2d8bb83824b8d8127ae1af7699e72fb532517,2
C_synthetic_lifecycle_orbit,74,0.11733220338983051,1106,RBC,-3.4735029485770215e-05,4.496833655565026e-05,4.705677159194011e-09,0.3457351460100034,0.5990290469325276,-0.6965145198865964,0.19104694012648699,88b0be6bd73e080824d4bd53325dd3a87bd163a72d4738915e3f046822614f73,ecf52a36ac14425f1f2d7e2f75b4d9a2262acd05f788e8172f0e0bcd11e53efb,2
C_synthetic_lifecycle_orbit,74,0.11733220338983051,1107,RBC,3.9011882691178034e-05,1.928392591142451e-05,1.9745576063295975e-09,0.10146873590437584,0.36383245361161043,-0.8465608108150586,0.3750531094726104,186f389c5cbdef9a87f1767e4f7ba8de69527ef60ae4db4f3e3c4325269923d0,1b9831d7bdff3e6ade81b25884199746a45b5780b13fe9cd38f571a8e1cc052a,2
C_synthetic_lifecycle_orbit,75,0.11735593220338984,1105,RBC,-7.408828004519359e-05,2.453609396264643e-05,8.171770299190675e-09,-0.17845128498943405,0.24113881182958224,-0.7660656369741476,-0.5684634132135773,1fd17b41b6b8b633d561b8c0d6db7ff5c2a5acb73b972a4ec0b782652a3d4002,e9a1cb5fa37ecd846fbcfeee9ae2d8bb83824b8d8127ae1af7699e72fb532517,2
C_synthetic_lifecycle_orbit,75,0.11735593220338984,1106,RBC,-3.4735029485770215e-05,4.496833655565026e-05,5.298897498177306e-09,0.3457351460100034,0.5990290469325276,-0.6965145198865964,0.19104694012648699,88b0be6bd73e080824d4bd53325dd3a87bd163a72d4738915e3f046822614f73,ecf52a36ac14425f1f2d7e2f75b4d9a2262acd05f788e8172f0e0bcd11e53efb,2
C_synthetic_lifecycle_orbit,75,0.11735593220338984,1107,RBC,3.9011882691178034e-05,1.928392591142451e-05,2.5677779453128925e-09,0.10146873590437584,0.36383245361161043,-0.8465608108150586,0.3750531094726104,186f389c5cbdef9a87f1767e4f7ba8de69527ef60ae4db4f3e3c4325269923d0,1b9831d7bdff3e6ade81b25884199746a45b5780b13fe9cd38f571a8e1cc052a,2
C_synthetic_lifecycle_orbit,76,0.11737966101694916,1105,RBC,-7.408828004519359e-05,2.453609396264643e-05,8.764990638173624e-09,-0.17845128498943405,0.24113881182958224,-0.7660656369741476,-0.5684634132135773,1fd17b41b6b8b633d561b8c0d6db7ff5c2a5acb73b972a4ec0b782652a3d4002,e9a1cb5fa37ecd846fbcfeee9ae2d8bb83824b8d8127ae1af7699e72fb532517,2
C_synthetic_lifecycle_orbit,76,0.11737966101694916,1106,RBC,-3.4735029485770215e-05,4.496833655565026e-05,5.892117837160255e-09,0.3457351460100034,0.5990290469325276,-0.6965145198865964,0.19104694012648699,88b0be6bd73e080824d4bd53325dd3a87bd163a72d4738915e3f046822614f73,ecf52a36ac14425f1f2d7e2f75b4d9a2262acd05f788e8172f0e0bcd11e53efb,2
C_synthetic_lifecycle_orbit,76,0.11737966101694916,1107,RBC,3.9011882691178034e-05,1.928392591142451e-05,3.16099828429584e-09,0.10146873590437584,0.36383245361161043,-0.8465608108150586,0.3750531094726104,186f389c5cbdef9a87f1767e4f7ba8de69527ef60ae4db4f3e3c4325269923d0,1b9831d7bdff3e6ade81b25884199746a45b5780b13fe9cd38f571a8e1cc052a,2
C_synthetic_lifecycle_orbit,76,0.11737966101694916,1108,RBC,6.938649282685409e-05,-5.2344531673387396e-05,3.388700988909303e-10,-0.1222556252093931,-0.9632361599629423,-0.002152830548768559,-0.23921753189332473,c29da3e5778595c3b6af633fe47cc2ea2657436c0dd678d4f2fffbda41d2cd6e,7bbcecfdd1d33ef3b5a06cca21915d69555f132a3170fbf326c3ac4f205932aa,2
C_synthetic_lifecycle_orbit,77,0.11740338983050848,1105,RBC,-7.408828004519359e-05,2.453609396264643e-05,9.358210977156572e-09,-0.17845128498943405,0.24113881182958224,-0.7660656369741476,-0.5684634132135773,1fd17b41b6b8b633d561b8c0d6db7ff5c2a5acb73b972a4ec0b782652a3d4002,e9a1cb5fa37ecd846fbcfeee9ae2d8bb83824b8d8127ae1af7699e72fb532517,2
C_synthetic_lifecycle_orbit,77,0.11740338983050848,1106,RBC,-3.4735029485770215e-05,4.496833655565026e-05,6.485338176143202e-09,0.3457351460100034,0.5990290469325276,-0.6965145198865964,0.19104694012648699,88b0be6bd73e080824d4bd53325dd3a87bd163a72d4738915e3f046822614f73,ecf52a36ac14425f1f2d7e2f75b4d9a2262acd05f788e8172f0e0bcd11e53efb,2
C_synthetic_lifecycle_orbit,77,0.11740338983050848,1107,RBC,3.9011882691178034e-05,1.928392591142451e-05,3.754218623278788e-09,0.10146873590437584,0.36383245361161043,-0.8465608108150586,0.3750531094726104,186f389c5cbdef9a87f1767e4f7ba8de69527ef60ae4db4f3e3c4325269923d0,1b9831d7bdff3e6ade81b25884199746a45b5780b13fe9cd38f571a8e1cc052a,2
C_synthetic_lifecycle_orbit,77,0.11740338983050848,1108,RBC,6.938649282685409e-05,-5.2344531673387396e-05,9.320904378738784e-10,-0.1222556252093931,-0.9632361599629423,-0.002152830548768559,-0.23921753189332473,c29da3e5778595c3b6af633fe47cc2ea2657436c0dd678d4f2fffbda41d2cd6e,7bbcecfdd1d33ef3b5a06cca21915d69555f132a3170fbf326c3ac4f205932aa,2
C_synthetic_lifecycle_orbit,78,0.1174271186440678,1105,RBC,-7.408828004519359e-05,2.453609396264643e-05,9.951431316139519e-09,-0.17845128498943405,0.24113881182958224,-0.7660656369741476,-0.5684634132135773,1fd17b41b6b8b633d561b8c0d6db7ff5c2a5acb73b972a4ec0b782652a3d4002,e9a1cb5fa37ecd846fbcfeee9ae2d8bb83824b8d8127ae1af7699e72fb532517,2
C_synthetic_lifecycle_orbit,78,0.1174271186440678,1106,RBC,-3.4735029485770215e-05,4.496833655565026e-05,7.07855851512615e-09,0.3457351460100034,0.5990290469325276,-0.6965145198865964,0.19104694012648699,88b0be6bd73e080824d4bd53325dd3a87bd163a72d4738915e3f046822614f73,ecf52a36ac14425f1f2d7e2f75b4d9a2262acd05f788e8172f0e0bcd11e53efb,2
C_synthetic_lifecycle_orbit,78,0.1174271186440678,1107,RBC,3.9011882691178034e-05,1.928392591142451e-05,4.347438962261736e-09,0.10146873590437584,0.36383245361161043,-0.8465608108150586,0.3750531094726104,186f389c5cbdef9a87f1767e4f7ba8de69527ef60ae4db4f3e3c4325269923d0,1b9831d7bdff3e6ade81b25884199746a45b5780b13fe9cd38f571a8e1cc052a,2
C_synthetic_lifecycle_orbit,78,0.1174271186440678,1108,RBC,6.938649282685409e-05,-5.2344531673387396e-05,1.5253107768568261e-09,-0.1222556252093931,-0.9632361599629423,-0.002152830548768559,-0.23921753189332473,c29da3e5778595c3b6af633fe47cc2ea2657436c0dd678d4f2fffbda41d2cd6e,7bbcecfdd1d33ef3b5a06cca21915d69555f132a3170fbf326c3ac4f205932aa,2
C_synthetic_lifecycle_orbit,79,0.11745084745762713,1106,RBC,-3.4735029485770215e-05,4.496833655565026e-05,7.671778854109444e-09,0.3457351460100034,0.5990290469325276,-0.6965145198865964,0.19104694012648699,88b0be6bd73e080824d4bd53325dd3a87bd163a72d4738915e3f046822614f73,ecf52a36ac14425f1f2d7e2f75b4d9a2262acd05f788e8172f0e0bcd11e53efb,2
C_synthetic_lifecycle_orbit,79,0.11745084745762713,1107,RBC,3.9011882691178034e-05,1.928392591142451e-05,4.940659301245031e-09,0.10146873590437584,0.36383245361161043,-0.8465608108150586,0.3750531094726104,186f389c5cbdef9a87f1767e4f7ba8de69527ef60ae4db4f3e3c4325269923d0,1b9831d7bdff3e6ade81b25884199746a45b5780b13fe9cd38f571a8e1cc052a,2
C_synthetic_lifecycle_orbit,79,0.11745084745762713,1108,RBC,6.938649282685409e-05,-5.2344531673387396e-05,2.118531115840121e-09,-0.1222556252093931,-0.9632361599629423,-0.002152830548768559,-0.23921753189332473,c29da3e5778595c3b6af633fe47cc2ea2657436c0dd678d4f2fffbda41d2cd6e,7bbcecfdd1d33ef3b5a06cca21915d69555f132a3170fbf326c3ac4f205932aa,2
C_synthetic_lifecycle_orbit,80,0.11747457627118645,1106,RBC,-3.4735029485770215e-05,4.496833655565026e-05,8.264999193092393e-09,0.3457351460100034,0.5990290469325276,-0.6965145198865964,0.19104694012648699,88b0be6bd73e080824d4bd53325dd3a87bd163a72d4738915e3f046822614f73,ecf52a36ac14425f1f2d7e2f75b4d9a2262acd05f788e8172f0e0bcd11e53efb,2
C_synthetic_lifecycle_orbit,80,0.11747457627118645,1107,RBC,3.9011882691178034e-05,1.928392591142451e-05,5.533879640227979e-09,0.10146873590437584,0.36383245361161043,-0.8465608108150586,0.3750531094726104,186f389c5cbdef9a87f1767e4f7ba8de69527ef60ae4db4f3e3c4325269923d0,1b9831d7bdff3e6ade81b25884199746a45b5780b13fe9cd38f571a8e1cc052a,2
C_synthetic_lifecycle_orbit,80,0.11747457627118645,1108,RBC,6.938649282685409e-05,-5.2344531673387396e-05,2.7117514548230692e-09,-0.1222556252093931,-0.9632361599629423,-0.002152830548768559,-0.23921753189332473,c29da3e5778595c3b6af633fe47cc2ea2657436c0dd678d4f2fffbda41d2cd6e,7bbcecfdd1d33ef3b5a06cca21915d69555f132a3170fbf326c3ac4f205932aa,2
C_synthetic_lifecycle_orbit,81,0.11749830508474576,1106,RBC,-3.4735029485770215e-05,4.496833655565026e-05,8.85821953207534e-09,0.3457351460100034,0.5990290469325276,-0.6965145198865964,0.19104694012648699,88b0be6bd73e080824d4bd53325dd3a87bd163a72d4738915e3f046822614f73,ecf52a36ac14425f1f2d7e2f75b4d9a2262acd05f788e8172f0e0bcd11e53efb,2
C_synthetic_lifecycle_orbit,81,0.11749830508474576,1107,RBC,3.9011882691178034e-05,1.928392591142451e-05,6.1270999792109276e-09,0.10146873590437584,0.36383245361161043,-0.8465608108150586,0.3750531094726104,186f389c5cbdef9a87f1767e4f7ba8de69527ef60ae4db4f3e3c4325269923d0,1b9831d7bdff3e6ade81b25884199746a45b5780b13fe9cd38f571a8e1cc052a,2
C_synthetic_lifecycle_orbit,81,0.11749830508474576,1108,RBC,6.938649282685409e-05,-5.2344531673387396e-05,3.304971793806017e-09,-0.1222556252093931,-0.9632361599629423,-0.002152830548768559,-0.23921753189332473,c29da3e5778595c3b6af633fe47cc2ea2657436c0dd678d4f2fffbda41d2cd6e,7bbcecfdd1d33ef3b5a06cca21915d69555f132a3170fbf326c3ac4f205932aa,2
C_synthetic_lifecycle_orbit,82,0.1175220338983051,1106,RBC,-3.4735029485770215e-05,4.496833655565026e-05,9.451439871058635e-09,0.3457351460100034,0.5990290469325276,-0.6965145198865964,0.19104694012648699,88b0be6bd73e080824d4bd53325dd3a87bd163a72d4738915e3f046822614f73,ecf52a36ac14425f1f2d7e2f75b4d9a2262acd05f788e8172f0e0bcd11e53efb,2
C_synthetic_lifecycle_orbit,82,0.1175220338983051,1107,RBC,3.9011882691178034e-05,1.928392591142451e-05,6.720320318194222e-09,0.10146873590437584,0.36383245361161043,-0.8465608108150586,0.3750531094726104,186f389c5cbdef9a87f1767e4f7ba8de69527ef60ae4db4f3e3c4325269923d0,1b9831d7bdff3e6ade81b25884199746a45b5780b13fe9cd38f571a8e1cc052a,2
C_synthetic_lifecycle_orbit,82,0.1175220338983051,1108,RBC,6.938649282685409e-05,-5.2344531673387396e-05,3.898192132789312e-09,-0.1222556252093931,-0.9632361599629423,-0.002152830548768559,-0.23921753189332473,c29da3e5778595c3b6af633fe47cc2ea2657436c0dd678d4f2fffbda41d2cd6e,7bbcecfdd1d33ef3b5a06cca21915d69555f132a3170fbf326c3ac4f205932aa,2
C_synthetic_lifecycle_orbit,82,0.1175220338983051,1109,RBC,-6.759580140354824e-05,8.588861100036731e-05,5.261308614775588e-10,0.045075380475667344,0.30748370118749985,-0.9421718840074996,0.12543573878591754,104a97a8b5c752bd4d9d6c78d7f488117826a9d1b56e4671e448c2a0d77c1f0c,6b00bb8b6fabbec960e669dfb34ff7f87ab1edbd8913fc9c5f32c58be56a76fb,2
C_synthetic_lifecycle_orbit,83,0.11754576271186441,1107,RBC,3.9011882691178034e-05,1.928392591142451e-05,7.31354065717717e-09,0.10146873590437584,0.36383245361161043,-0.8465608108150586,0.3750531094726104,186f389c5cbdef9a87f1767e4f7ba8de69527ef60ae4db4f3e3c4325269923d0,1b9831d7bdff3e6ade81b25884199746a45b5780b13fe9cd38f571a8e1cc052a,2
C_synthetic_lifecycle_orbit,83,0.11754576271186441,1108,RBC,6.938649282685409e-05,-5.2344531673387396e-05,4.49141247177226e-09,-0.1222556252093931,-0.9632361599629423,-0.002152830548768559,-0.23921753189332473,c29da3e5778595c3b6af633fe47cc2ea2657436c0dd678d4f2fffbda41d2cd6e,7bbcecfdd1d33ef3b5a06cca21915d69555f132a3170fbf326c3ac4f205932aa,2
C_synthetic_lifecycle_orbit,83,0.11754576271186441,1109,RBC,-6.759580140354824e-05,8.588861100036731e-05,1.1193512004605068e-09,0.045075380475667344,0.30748370118749985,-0.9421718840074996,0.12543573878591754,104a97a8b5c752bd4d9d6c78d7f488117826a9d1b56e4671e448c2a0d77c1f0c,6b00bb8b6fabbec960e669dfb34ff7f87ab1edbd8913fc9c5f32c58be56a76fb,2
C_synthetic_lifecycle_orbit,84,0.11756949152542373,1107,RBC,3.9011882691178034e-05,1.928392591142451e-05,7.906760996160118e-09,0.10146873590437584,0.36383245361161043,-0.8465608108150586,0.3750531094726104,186f389c5cbdef9a87f1767e4f7ba8de69527ef60ae4db4f3e3c4325269923d0,1b9831d7bdff3e6ade81b25884199746a45b5780b13fe9cd38f571a8e1cc052a,2
C_synthetic_lifecycle_orbit,84,0.11756949152542373,1108,RBC,6.938649282685409e-05,-5.2344531673387396e-05,5.0846328107552076e-09,-0.1222556252093931,-0.9632361599629423,-0.002152830548768559,-0.23921753189332473,c29da3e5778595c3b6af633fe47cc2ea2657436c0dd678d4f2fffbda41d2cd6e,7bbcecfdd1d33ef3b5a06cca21915d69555f132a3170fbf326c3ac4f205932aa,2
C_synthetic_lifecycle_orbit,84,0.11756949152542373,1109,RBC,-6.759580140354824e-05,8.588861100036731e-05,1.7125715394434545e-09,0.045075380475667344,0.30748370118749985,-0.9421718840074996,0.12543573878591754,104a97a8b5c752bd4d9d6c78d7f488117826a9d1b56e4671e448c2a0d77c1f0c,6b00bb8b6fabbec960e669dfb34ff7f87ab1edbd8913fc9c5f32c58be56a76fb,2
C_synthetic_lifecycle_orbit,85,0.11759322033898306,1107,RBC,3.9011882691178034e-05,1.928392591142451e-05,8.499981335143413e-09,0.10146873590437584,0.36383245361161043,-0.8465608108150586,0.3750531094726104,186f389c5cbdef9a87f1767e4f7ba8de69527ef60ae4db4f3e3c4325269923d0,1b9831d7bdff3e6ade81b25884199746a45b5780b13fe9cd38f571a8e1cc052a,2
C_synthetic_lifecycle_orbit,85,0.11759322033898306,1108,RBC,6.938649282685409e-05,-5.2344531673387396e-05,5.6778531497385025e-09,-0.1222556252093931,-0.9632361599629423,-0.002152830548768559,-0.23921753189332473,c29da3e5778595c3b6af633fe47cc2ea2657436c0dd678d4f2fffbda41d2cd6e,7bbcecfdd1d33ef3b5a06cca21915d69555f132a3170fbf326c3ac4f205932aa,2
C_synthetic_lifecycle_orbit,85,0.11759322033898306,1109,RBC,-6.759580140354824e-05,8.588861100036731e-05,2.3057918784267495e-09,0.045075380475667344,0.30748370118749985,-0.9421718840074996,0.12543573878591754,104a97a8b5c752bd4d9d6c78d7f488117826a9d1b56e4671e448c2a0d77c1f0c,6b00bb8b6fabbec960e669dfb34ff7f87ab1edbd8913fc9c5f32c58be56a76fb,2
C_synthetic_lifecycle_orbit,86,0.11761694915254238,1107,RBC,3.9011882691178034e-05,1.928392591142451e-05,9.093201674126362e-09,0.10146873590437584,0.36383245361161043,-0.8465608108150586,0.3750531094726104,186f389c5cbdef9a87f1767e4f7ba8de69527ef60ae4db4f3e3c4325269923d0,1b9831d7bdff3e6ade81b25884199746a45b5780b13fe9cd38f571a8e1cc052a,2
C_synthetic_lifecycle_orbit,86,0.11761694915254238,1108,RBC,6.938649282685409e-05,-5.2344531673387396e-05,6.27107348872145e-09,-0.1222556252093931,-0.9632361599629423,-0.002152830548768559,-0.23921753189332473,c29da3e5778595c3b6af633fe47cc2ea2657436c0dd678d4f2fffbda41d2cd6e,7bbcecfdd1d33ef3b5a06cca21915d69555f132a3170fbf326c3ac4f205932aa,2
C_synthetic_lifecycle_orbit,86,0.11761694915254238,1109,RBC,-6.759580140354824e-05,8.588861100036731e-05,2.899012217409698e-09,0.045075380475667344,0.30748370118749985,-0.9421718840074996,0.12543573878591754,104a97a8b5c752bd4d9d6c78d7f488117826a9d1b56e4671e448c2a0d77c1f0c,6b00bb8b6fabbec960e669dfb34ff7f87ab1edbd8913fc9c5f32c58be56a76fb,2
C_synthetic_lifecycle_orbit,86,0.11761694915254238,1110,RBC,-3.113883964357293e-05,-9.041905771498335e-05,5.428626685954928e-10,-0.09262729226873438,0.142701644219017,0.8062694500673944,-0.5665562631832544,8ae9c1d4fed9cf0a727e90117d61ce3e844c9cb8d590564916d00d710f780f37,f83e1d2979de9d2070cf801041e1f1e9e3ef0481bb98bc97a7fa8c0dc342d61f,2
C_synthetic_lifecycle_orbit,87,0.1176406779661017,1107,RBC,3.9011882691178034e-05,1.928392591142451e-05,9.686422013109308e-09,0.10146873590437584,0.36383245361161043,-0.8465608108150586,0.3750531094726104,186f389c5cbdef9a87f1767e4f7ba8de69527ef60ae4db4f3e3c4325269923d0,1b9831d7bdff3e6ade81b25884199746a45b5780b13fe9cd38f571a8e1cc052a,2
C_synthetic_lifecycle_orbit,87,0.1176406779661017,1108,RBC,6.938649282685409e-05,-5.2344531673387396e-05,6.8642938277043984e-09,-0.1222556252093931,-0.9632361599629423,-0.002152830548768559,-0.23921753189332473,c29da3e5778595c3b6af633fe47cc2ea2657436c0dd678d4f2fffbda41d2cd6e,7bbcecfdd1d33ef3b5a06cca21915d69555f132a3170fbf326c3ac4f205932aa,2
C_synthetic_lifecycle_orbit,87,0.1176406779661017,1109,RBC,-6.759580140354824e-05,8.588861100036731e-05,3.4922325563926454e-09,0.045075380475667344,0.30748370118749985,-0.9421718840074996,0.12543573878591754,104a97a8b5c752bd4d9d6c78d7f488117826a9d1b56e4671e448c2a0d77c1f0c,6b00bb8b6fabbec960e669dfb34ff7f87ab1edbd8913fc9c5f32c58be56a76fb,2
C_synthetic_lifecycle_orbit,87,0.1176406779661017,1110,RBC,-3.113883964357293e-05,-9.041905771498335e-05,1.136083007578441e-09,-0.09262729226873438,0.142701644219017,0.8062694500673944,-0.5665562631832544,8ae9c1d4fed9cf0a727e90117d61ce3e844c9cb8d590564916d00d710f780f37,f83e1d2979de9d2070cf801041e1f1e9e3ef0481bb98bc97a7fa8c0dc342d61f,2
C_synthetic_lifecycle_orbit,88,0.11766440677966103,1108,RBC,6.938649282685409e-05,-5.2344531673387396e-05,7.457514166687693e-09,-0.1222556252093931,-0.9632361599629423,-0.002152830548768559,-0.23921753189332473,c29da3e5778595c3b6af633fe47cc2ea2657436c0dd678d4f2fffbda41d2cd6e,7bbcecfdd1d33ef3b5a06cca21915d69555f132a3170fbf326c3ac4f205932aa,2
C_synthetic_lifecycle_orbit,88,0.11766440677966103,1109,RBC,-6.759580140354824e-05,8.588861100036731e-05,4.085452895375941e-09,0.045075380475667344,0.30748370118749985,-0.9421718840074996,0.12543573878591754,104a97a8b5c752bd4d9d6c78d7f488117826a9d1b56e4671e448c2a0d77c1f0c,6b00bb8b6fabbec960e669dfb34ff7f87ab1edbd8913fc9c5f32c58be56a76fb,2
C_synthetic_lifecycle_orbit,88,0.11766440677966103,1110,RBC,-3.113883964357293e-05,-9.041905771498335e-05,1.7293033465617357e-09,-0.09262729226873438,0.142701644219017,0.8062694500673944,-0.5665562631832544,8ae9c1d4fed9cf0a727e90117d61ce3e844c9cb8d590564916d00d710f780f37,f83e1d2979de9d2070cf801041e1f1e9e3ef0481bb98bc97a7fa8c0dc342d61f,2
C_synthetic_lifecycle_orbit,88,0.11766440677966103,1111,MB,-9.482085851754437e-05,-2.8218949863312808e-06,4.33698903290483e-10,1.0,0.0,0.0,0.0,f0e8aafdb708f9490d3959238db3bc7c8db9d118e8a24d9ff23874b6f86c7087,0ee71d8181c82780aa92db9966f645ab43defe0e02e3521b479be8f8cc85fe85,2
C_synthetic_lifecycle_orbit,89,0.11768813559322035,1108,RBC,6.938649282685409e-05,-5.2344531673387396e-05,8.050734505670641e-09,-0.1222556252093931,-0.9632361599629423,-0.002152830548768559,-0.23921753189332473,c29da3e5778595c3b6af633fe47cc2ea2657436c0dd678d4f2fffbda41d2cd6e,7bbcecfdd1d33ef3b5a06cca21915d69555f132a3170fbf326c3ac4f205932aa,2
C_synthetic_lifecycle_orbit,89,0.11768813559322035,1109,RBC,-6.759580140354824e-05,8.588861100036731e-05,4.678673234358888e-09,0.045075380475667344,0.30748370118749985,-0.9421718840074996,0.12543573878591754,104a97a8b5c752bd4d9d6c78d7f488117826a9d1b56e4671e448c2a0d77c1f0c,6b00bb8b6fabbec960e669dfb34ff7f87ab1edbd8913fc9c5f32c58be56a76fb,2
C_synthetic_lifecycle_orbit,89,0.11768813559322035,1110,RBC,-3.113883964357293e-05,-9.041905771498335e-05,2.3225236855446837e-09,-0.09262729226873438,0.142701644219017,0.8062694500673944,-0.5665562631832544,8ae9c1d4fed9cf0a727e90117d61ce3e844c9cb8d590564916d00d710f780f37,f83e1d2979de9d2070cf801041e1f1e9e3ef0481bb98bc97a7fa8c0dc342d61f,2
C_synthetic_lifecycle_orbit,89,0.11768813559322035,1111,MB,-9.482085851754437e-05,-2.8218949863312808e-06,1.026919242273431e-09,1.0,0.0,0.0,0.0,f0e8aafdb708f9490d3959238db3bc7c8db9d118e8a24d9ff23874b6f86c7087,0ee71d8181c82780aa92db9966f645ab43defe0e02e3521b479be8f8cc85fe85,2
C_synthetic_lifecycle_orbit,90,0.11771186440677966,1108,RBC,6.938649282685409e-05,-5.2344531673387396e-05,8.64395484465359e-09,-0.1222556252093931,-0.9632361599629423,-0.002152830548768559,-0.23921753189332473,c29da3e5778595c3b6af633fe47cc2ea2657436c0dd678d4f2fffbda41d2cd6e,7bbcecfdd1d33ef3b5a06cca21915d69555f132a3170fbf326c3ac4f205932aa,2
C_synthetic_lifecycle_orbit,90,0.11771186440677966,1109,RBC,-6.759580140354824e-05,8.588861100036731e-05,5.271893573341836e-09,0.045075380475667344,0.30748370118749985,-0.9421718840074996,0.12543573878591754,104a97a8b5c752bd4d9d6c78d7f488117826a9d1b56e4671e448c2a0d77c1f0c,6b00bb8b6fabbec960e669dfb34ff7f87ab1edbd8913fc9c5f32c58be56a76fb,2
C_synthetic_lifecycle_orbit,90,0.11771186440677966,1110,RBC,-3.113883964357293e-05,-9.041905771498335e-05,2.9157440245276316e-09,-0.09262729226873438,0.142701644219017,0.8062694500673944,-0.5665562631832544,8ae9c1d4fed9cf0a727e90117d61ce3e844c9cb8d590564916d00d710f780f37,f83e1d2979de9d2070cf801041e1f1e9e3ef0481bb98bc97a7fa8c0dc342d61f,2
C_synthetic_lifecycle_orbit,90,0.11771186440677966,1111,MB,-9.482085851754437e-05,-2.8218949863312808e-06,1.6201395812563787e-09,1.0,0.0,0.0,0.0,f0e8aafdb708f9490d3959238db3bc7c8db9d118e8a24d9ff23874b6f86c7087,0ee71d8181c82780aa92db9966f645ab43defe0e02e3521b479be8f8cc85fe85,2
C_synthetic_lifecycle_orbit,91,0.11773559322033898,1108,RBC,6.938649282685409e-05,-5.2344531673387396e-05,9.237175183636538e-09,-0.1222556252093931,-0.9632361599629423,-0.002152830548768559,-0.23921753189332473,c29da3e5778595c3b6af633fe47cc2ea2657436c0dd678d4f2fffbda41d2cd6e,7bbcecfdd1d33ef3b5a06cca21915d69555f132a3170fbf326c3ac4f205932aa,2
C_synthetic_lifecycle_orbit,91,0.11773559322033898,1109,RBC,-6.759580140354824e-05,8.588861100036731e-05,5.865113912324784e-09,0.045075380475667344,0.30748370118749985,-0.9421718840074996,0.12543573878591754,104a97a8b5c752bd4d9d6c78d7f488117826a9d1b56e4671e448c2a0d77c1f0c,6b00bb8b6fabbec960e669dfb34ff7f87ab1edbd8913fc9c5f32c58be56a76fb,2
C_synthetic_lifecycle_orbit,91,0.11773559322033898,1110,RBC,-3.113883964357293e-05,-9.041905771498335e-05,3.5089643635105796e-09,-0.09262729226873438,0.142701644219017,0.8062694500673944,-0.5665562631832544,8ae9c1d4fed9cf0a727e90117d61ce3e844c9cb8d590564916d00d710f780f37,f83e1d2979de9d2070cf801041e1f1e9e3ef0481bb98bc97a7fa8c0dc342d61f,2
C_synthetic_lifecycle_orbit,91,0.11773559322033898,1111,MB,-9.482085851754437e-05,-2.8218949863312808e-06,2.213359920239327e-09,1.0,0.0,0.0,0.0,f0e8aafdb708f9490d3959238db3bc7c8db9d118e8a24d9ff23874b6f86c7087,0ee71d8181c82780aa92db9966f645ab43defe0e02e3521b479be8f8cc85fe85,2
C_synthetic_lifecycle_orbit,91,0.11773559322033898,1112,RBC,1.0731420330822743e-05,-1.580446530909004e-05,4.2943561844762094e-10,-0.6601268855274401,0.47407384700182864,-0.4614396027318055,-0.35575268884920924,6cd9346f3d16dfcfeaff93d5e3bd2080a7320fbe1d5b068b591ed3b61ecf0e4b,f48f579ef02d57e2e89144a6963365a8a518873e24d10c80c153e95d9d2a5932,2
C_synthetic_lifecycle_orbit,92,0.11775932203389831,1108,RBC,6.938649282685409e-05,-5.2344531673387396e-05,9.830395522619833e-09,-0.1222556252093931,-0.9632361599629423,-0.002152830548768559,-0.23921753189332473,c29da3e5778595c3b6af633fe47cc2ea2657436c0dd678d4f2fffbda41d2cd6e,7bbcecfdd1d33ef3b5a06cca21915d69555f132a3170fbf326c3ac4f205932aa,2
C_synthetic_lifecycle_orbit,92,0.11775932203389831,1109,RBC,-6.759580140354824e-05,8.588861100036731e-05,6.458334251308079e-09,0.045075380475667344,0.30748370118749985,-0.9421718840074996,0.12543573878591754,104a97a8b5c752bd4d9d6c78d7f488117826a9d1b56e4671e448c2a0d77c1f0c,6b00bb8b6fabbec960e669dfb34ff7f87ab1edbd8913fc9c5f32c58be56a76fb,2
C_synthetic_lifecycle_orbit,92,0.11775932203389831,1110,RBC,-3.113883964357293e-05,-9.041905771498335e-05,4.1021847024938745e-09,-0.09262729226873438,0.142701644219017,0.8062694500673944,-0.5665562631832544,8ae9c1d4fed9cf0a727e90117d61ce3e844c9cb8d590564916d00d710f780f37,f83e1d2979de9d2070cf801041e1f1e9e3ef0481bb98bc97a7fa8c0dc342d61f,2
C_synthetic_lifecycle_orbit,92,0.11775932203389831,1111,MB,-9.482085851754437e-05,-2.8218949863312808e-06,2.806580259222622e-09,1.0,0.0,0.0,0.0,f0e8aafdb708f9490d3959238db3bc7c8db9d118e8a24d9ff23874b6f86c7087,0ee71d8181c82780aa92db9966f645ab43defe0e02e3521b479be8f8cc85fe85,2
C_synthetic_lifecycle_orbit,92,0.11775932203389831,1112,RBC,1.0731420330822743e-05,-1.580446530909004e-05,1.0226559574309158e-09,-0.6601268855274401,0.47407384700182864,-0.4614396027318055,-0.35575268884920924,6cd9346f3d16dfcfeaff93d5e3bd2080a7320fbe1d5b068b591ed3b61ecf0e4b,f48f579ef02d57e2e89144a6963365a8a518873e24d10c80c153e95d9d2a5932,2
C_synthetic_lifecycle_orbit,93,0.11778305084745763,1109,RBC,-6.759580140354824e-05,8.588861100036731e-05,7.0515545902910275e-09,0.045075380475667344,0.30748370118749985,-0.9421718840074996,0.12543573878591754,104a97a8b5c752bd4d9d6c78d7f488117826a9d1b56e4671e448c2a0d77c1f0c,6b00bb8b6fabbec960e669dfb34ff7f87ab1edbd8913fc9c5f32c58be56a76fb,2
C_synthetic_lifecycle_orbit,93,0.11778305084745763,1110,RBC,-3.113883964357293e-05,-9.041905771498335e-05,4.695405041476822e-09,-0.09262729226873438,0.142701644219017,0.8062694500673944,-0.5665562631832544,8ae9c1d4fed9cf0a727e90117d61ce3e844c9cb8d590564916d00d710f780f37,f83e1d2979de9d2070cf801041e1f1e9e3ef0481bb98bc97a7fa8c0dc342d61f,2
C_synthetic_lifecycle_orbit,93,0.11778305084745763,1111,MB,-9.482085851754437e-05,-2.8218949863312808e-06,3.3998005982055698e-09,1.0,0.0,0.0,0.0,f0e8aafdb708f9490d3959238db3bc7c8db9d118e8a24d9ff23874b6f86c7087,0ee71d8181c82780aa92db9966f645ab43defe0e02e3521b479be8f8cc85fe85,2
C_synthetic_lifecycle_orbit,93,0.11778305084745763,1112,RBC,1.0731420330822743e-05,-1.580446530909004e-05,1.6158762964138638e-09,-0.6601268855274401,0.47407384700182864,-0.4614396027318055,-0.35575268884920924,6cd9346f3d16dfcfeaff93d5e3bd2080a7320fbe1d5b068b591ed3b61ecf0e4b,f48f579ef02d57e2e89144a6963365a8a518873e24d10c80c153e95d9d2a5932,2
C_synthetic_lifecycle_orbit,94,0.11780677966101695,1109,RBC,-6.759580140354824e-05,8.588861100036731e-05,7.644774929273976e-09,0.045075380475667344,0.30748370118749985,-0.9421718840074996,0.12543573878591754,104a97a8b5c752bd4d9d6c78d7f488117826a9d1b56e4671e448c2a0d77c1f0c,6b00bb8b6fabbec960e669dfb34ff7f87ab1edbd8913fc9c5f32c58be56a76fb,2
C_synthetic_lifecycle_orbit,94,0.11780677966101695,1110,RBC,-3.113883964357293e-05,-9.041905771498335e-05,5.2886253804597704e-09,-0.09262729226873438,0.142701644219017,0.8062694500673944,-0.5665562631832544,8ae9c1d4fed9cf0a727e90117d61ce3e844c9cb8d590564916d00d710f780f37,f83e1d2979de9d2070cf801041e1f1e9e3ef0481bb98bc97a7fa8c0dc342d61f,2
C_synthetic_lifecycle_orbit,94,0.11780677966101695,1111,MB,-9.482085851754437e-05,-2.8218949863312808e-06,3.993020937188518e-09,1.0,0.0,0.0,0.0,f0e8aafdb708f9490d3959238db3bc7c8db9d118e8a24d9ff23874b6f86c7087,0ee71d8181c82780aa92db9966f645ab43defe0e02e3521b479be8f8cc85fe85,2
C_synthetic_lifecycle_orbit,94,0.11780677966101695,1112,RBC,1.0731420330822743e-05,-1.580446530909004e-05,2.2090966353968115e-09,-0.6601268855274401,0.47407384700182864,-0.4614396027318055,-0.35575268884920924,6cd9346f3d16dfcfeaff93d5e3bd2080a7320fbe1d5b068b591ed3b61ecf0e4b,f48f579ef02d57e2e89144a6963365a8a518873e24d10c80c153e95d9d2a5932,2
C_synthetic_lifecycle_orbit,95,0.11783050847457628,1109,RBC,-6.759580140354824e-05,8.588861100036731e-05,8.23799526825727e-09,0.045075380475667344,0.30748370118749985,-0.9421718840074996,0.12543573878591754,104a97a8b5c752bd4d9d6c78d7f488117826a9d1b56e4671e448c2a0d77c1f0c,6b00bb8b6fabbec960e669dfb34ff7f87ab1edbd8913fc9c5f32c58be56a76fb,2
C_synthetic_lifecycle_orbit,95,0.11783050847457628,1110,RBC,-3.113883964357293e-05,-9.041905771498335e-05,5.881845719443065e-09,-0.09262729226873438,0.142701644219017,0.8062694500673944,-0.5665562631832544,8ae9c1d4fed9cf0a727e90117d61ce3e844c9cb8d590564916d00d710f780f37,f83e1d2979de9d2070cf801041e1f1e9e3ef0481bb98bc97a7fa8c0dc342d61f,2
C_synthetic_lifecycle_orbit,95,0.11783050847457628,1111,MB,-9.482085851754437e-05,-2.8218949863312808e-06,4.586241276171812e-09,1.0,0.0,0.0,0.0,f0e8aafdb708f9490d3959238db3bc7c8db9d118e8a24d9ff23874b6f86c7087,0ee71d8181c82780aa92db9966f645ab43defe0e02e3521b479be8f8cc85fe85,2
C_synthetic_lifecycle_orbit,95,0.11783050847457628,1112,RBC,1.0731420330822743e-05,-1.580446530909004e-05,2.802316974380107e-09,-0.6601268855274401,0.47407384700182864,-0.4614396027318055,-0.35575268884920924,6cd9346f3d16dfcfeaff93d5e3bd2080a7320fbe1d5b068b591ed3b61ecf0e4b,f48f579ef02d57e2e89144a6963365a8a518873e24d10c80c153e95d9d2a5932,2
C_synthetic_lifecycle_orbit,96,0.1178542372881356,1109,RBC,-6.759580140354824e-05,8.588861100036731e-05,8.831215607240218e-09,0.045075380475667344,0.30748370118749985,-0.9421718840074996,0.12543573878591754,104a97a8b5c752bd4d9d6c78d7f488117826a9d1b56e4671e448c2a0d77c1f0c,6b00bb8b6fabbec960e669dfb34ff7f87ab1edbd8913fc9c5f32c58be56a76fb,2
C_synthetic_lifecycle_orbit,96,0.1178542372881356,1110,RBC,-3.113883964357293e-05,-9.041905771498335e-05,6.475066058426014e-09,-0.09262729226873438,0.142701644219017,0.8062694500673944,-0.5665562631832544,8ae9c1d4fed9cf0a727e90117d61ce3e844c9cb8d590564916d00d710f780f37,f83e1d2979de9d2070cf801041e1f1e9e3ef0481bb98bc97a7fa8c0dc342d61f,2
C_synthetic_lifecycle_orbit,96,0.1178542372881356,1111,MB,-9.482085851754437e-05,-2.8218949863312808e-06,5.179461615154761e-09,1.0,0.0,0.0,0.0,f0e8aafdb708f9490d3959238db3bc7c8db9d118e8a24d9ff23874b6f86c7087,0ee71d8181c82780aa92db9966f645ab43defe0e02e3521b479be8f8cc85fe85,2
C_synthetic_lifecycle_orbit,96,0.1178542372881356,1112,RBC,1.0731420330822743e-05,-1.580446530909004e-05,3.3955373133630544e-09,-0.6601268855274401,0.47407384700182864,-0.4614396027318055,-0.35575268884920924,6cd9346f3d16dfcfeaff93d5e3bd2080a7320fbe1d5b068b591ed3b61ecf0e4b,f48f579ef02d57e2e89144a6963365a8a518873e24d10c80c153e95d9d2a5932,2
C_synthetic_lifecycle_orbit,97,0.11787796610169492,1109,RBC,-6.759580140354824e-05,8.588861100036731e-05,9.424435946223166e-09,0.045075380475667344,0.30748370118749985,-0.9421718840074996,0.12543573878591754,104a97a8b5c752bd4d9d6c78d7f488117826a9d1b56e4671e448c2a0d77c1f0c,6b00bb8b6fabbec960e669dfb34ff7f87ab1edbd8913fc9c5f32c58be56a76fb,2
C_synthetic_lifecycle_orbit,97,0.11787796610169492,1110,RBC,-3.113883964357293e-05,-9.041905771498335e-05,7.068286397408962e-09,-0.09262729226873438,0.142701644219017,0.8062694500673944,-0.5665562631832544,8ae9c1d4fed9cf0a727e90117d61ce3e844c9cb8d590564916d00d710f780f37,f83e1d2979de9d2070cf801041e1f1e9e3ef0481bb98bc97a7fa8c0dc342d61f,2
C_synthetic_lifecycle_orbit,97,0.11787796610169492,1111,MB,-9.482085851754437e-05,-2.8218949863312808e-06,5.772681954137708e-09,1.0,0.0,0.0,0.0,f0e8aafdb708f9490d3959238db3bc7c8db9d118e8a24d9ff23874b6f86c7087,0ee71d8181c82780aa92db9966f645ab43defe0e02e3521b479be8f8cc85fe85,2
C_synthetic_lifecycle_orbit,97,0.11787796610169492,1112,RBC,1.0731420330822743e-05,-1.580446530909004e-05,3.988757652346002e-09,-0.6601268855274401,0.47407384700182864,-0.4614396027318055,-0.35575268884920924,6cd9346f3d16dfcfeaff93d5e3bd2080a7320fbe1d5b068b591ed3b61ecf0e4b,f48f579ef02d57e2e89144a6963365a8a518873e24d10c80c153e95d9d2a5932,2
C_synthetic_lifecycle_orbit,97,0.11787796610169492,1113,RBC,6.932613994132649e-06,-7.7005563556749e-05,5.913494258446459e-10,0.5590913956624325,-0.21535725798469338,-0.6919992646021925,-0.402709672741508,d6b409a4ce599946e65e9a3c533497eab4cc601de812b73d4e63e6db97153c0c,8012e6c1ecb4b35c40503f4a996a90abcd35275732aa2fa37adb8bca827e7176,2
C_synthetic_lifecycle_orbit,98,0.11790169491525425,1110,RBC,-3.113883964357293e-05,-9.041905771498335e-05,7.661506736392257e-09,-0.09262729226873438,0.142701644219017,0.8062694500673944,-0.5665562631832544,8ae9c1d4fed9cf0a727e90117d61ce3e844c9cb8d590564916d00d710f780f37,f83e1d2979de9d2070cf801041e1f1e9e3ef0481bb98bc97a7fa8c0dc342d61f,2
C_synthetic_lifecycle_orbit,98,0.11790169491525425,1111,MB,-9.482085851754437e-05,-2.8218949863312808e-06,6.365902293121003e-09,1.0,0.0,0.0,0.0,f0e8aafdb708f9490d3959238db3bc7c8db9d118e8a24d9ff23874b6f86c7087,0ee71d8181c82780aa92db9966f645ab43defe0e02e3521b479be8f8cc85fe85,2
C_synthetic_lifecycle_orbit,98,0.11790169491525425,1112,RBC,1.0731420330822743e-05,-1.580446530909004e-05,4.581977991329297e-09,-0.6601268855274401,0.47407384700182864,-0.4614396027318055,-0.35575268884920924,6cd9346f3d16dfcfeaff93d5e3bd2080a7320fbe1d5b068b591ed3b61ecf0e4b,f48f579ef02d57e2e89144a6963365a8a518873e24d10c80c153e95d9d2a5932,2
C_synthetic_lifecycle_orbit,98,0.11790169491525425,1113,RBC,6.932613994132649e-06,-7.7005563556749e-05,1.1845697648279407e-09,0.5590913956624325,-0.21535725798469338,-0.6919992646021925,-0.402709672741508,d6b409a4ce599946e65e9a3c533497eab4cc601de812b73d4e63e6db97153c0c,8012e6c1ecb4b35c40503f4a996a90abcd35275732aa2fa37adb8bca827e7176,2
C_synthetic_lifecycle_orbit,99,0.11792542372881357,1110,RBC,-3.113883964357293e-05,-9.041905771498335e-05,8.254727075375203e-09,-0.09262729226873438,0.142701644219017,0.8062694500673944,-0.5665562631832544,8ae9c1d4fed9cf0a727e90117d61ce3e844c9cb8d590564916d00d710f780f37,f83e1d2979de9d2070cf801041e1f1e9e3ef0481bb98bc97a7fa8c0dc342d61f,2
C_synthetic_lifecycle_orbit,99,0.11792542372881357,1111,MB,-9.482085851754437e-05,-2.8218949863312808e-06,6.9591226321039515e-09,1.0,0.0,0.0,0.0,f0e8aafdb708f9490d3959238db3bc7c8db9d118e8a24d9ff23874b6f86c7087,0ee71d8181c82780aa92db9966f645ab43defe0e02e3521b479be8f8cc85fe85,2
C_synthetic_lifecycle_orbit,99,0.11792542372881357,1112,RBC,1.0731420330822743e-05,-1.580446530909004e-05,5.175198330312245e-09,-0.6601268855274401,0.47407384700182864,-0.4614396027318055,-0.35575268884920924,6cd9346f3d16dfcfeaff93d5e3bd2080a7320fbe1d5b068b591ed3b61ecf0e4b,f48f579ef02d57e2e89144a6963365a8a518873e24d10c80c153e95d9d2a5932,2
C_synthetic_lifecycle_orbit,99,0.11792542372881357,1113,RBC,6.932613994132649e-06,-7.7005563556749e-05,1.7777901038108887e-09,0.5590913956624325,-0.21535725798469338,-0.6919992646021925,-0.402709672741508,d6b409a4ce599946e65e9a3c533497eab4cc601de812b73d4e63e6db97153c0c,8012e6c1ecb4b35c40503f4a996a90abcd35275732aa2fa37adb8bca827e7176,2
C_synthetic_lifecycle_orbit,100,0.11794915254237288,1110,RBC,-3.113883964357293e-05,-9.041905771498335e-05,8.847947414358152e-09,-0.09262729226873438,0.142701644219017,0.8062694500673944,-0.5665562631832544,8ae9c1d4fed9cf0a727e90117d61ce3e844c9cb8d590564916d00d710f780f37,f83e1d2979de9d2070cf801041e1f1e9e3ef0481bb98bc97a7fa8c0dc342d61f,2
C_synthetic_lifecycle_orbit,100,0.11794915254237288,1111,MB,-9.482085851754437e-05,-2.8218949863312808e-06,7.5523429710869e-09,1.0,0.0,0.0,0.0,f0e8aafdb708f9490d3959238db3bc7c8db9d118e8a24d9ff23874b6f86c7087,0ee71d8181c82780aa92db9966f645ab43defe0e02e3521b479be8f8cc85fe85,2
C_synthetic_lifecycle_orbit,100,0.11794915254237288,1112,RBC,1.0731420330822743e-05,-1.580446530909004e-05,5.768418669295193e-09,-0.6601268855274401,0.47407384700182864,-0.4614396027318055,-0.35575268884920924,6cd9346f3d16dfcfeaff93d5e3bd2080a7320fbe1d5b068b591ed3b61ecf0e4b,f48f579ef02d57e2e89144a6963365a8a518873e24d10c80c153e95d9d2a5932,2
C_synthetic_lifecycle_orbit,100,0.11794915254237288,1113,RBC,6.932613994132649e-06,-7.7005563556749e-05,2.371010442793837e-09,0.5590913956624325,-0.21535725798469338,-0.6919992646021925,-0.402709672741508,d6b409a4ce599946e65e9a3c533497eab4cc601de812b73d4e63e6db97153c0c,8012e6c1ecb4b35c40503f4a996a90abcd35275732aa2fa37adb8bca827e7176,2
C_synthetic_lifecycle_orbit,100,0.11794915254237288,1114,RBC,-8.569701206278743e-05,7.163110365529155e-05,5.681718733864562e-11,0.07109249274751599,0.4371656691690121,0.34117231938433445,-0.829116085756915,a8320fcbdbe035cd5cd36f5264ac1e290f9c7a5b3cfc70646f6a175d4024bae3,0e7f476b9ebf03c9ee61cad4a012a0ef7cb6699dcc3f5112a609ea11b0027e85,2
C_synthetic_lifecycle_orbit,101,0.11797288135593222,1110,RBC,-3.113883964357293e-05,-9.041905771498335e-05,9.441167753341447e-09,-0.09262729226873438,0.142701644219017,0.8062694500673944,-0.5665562631832544,8ae9c1d4fed9cf0a727e90117d61ce3e844c9cb8d590564916d00d710f780f37,f83e1d2979de9d2070cf801041e1f1e9e3ef0481bb98bc97a7fa8c0dc342d61f,2
C_synthetic_lifecycle_orbit,101,0.11797288135593222,1111,MB,-9.482085851754437e-05,-2.8218949863312808e-06,8.145563310070195e-09,1.0,0.0,0.0,0.0,f0e8aafdb708f9490d3959238db3bc7c8db9d118e8a24d9ff23874b6f86c7087,0ee71d8181c82780aa92db9966f645ab43defe0e02e3521b479be8f8cc85fe85,2
C_synthetic_lifecycle_orbit,101,0.11797288135593222,1112,RBC,1.0731420330822743e-05,-1.580446530909004e-05,6.361639008278488e-09,-0.6601268855274401,0.47407384700182864,-0.4614396027318055,-0.35575268884920924,6cd9346f3d16dfcfeaff93d5e3bd2080a7320fbe1d5b068b591ed3b61ecf0e4b,f48f579ef02d57e2e89144a6963365a8a518873e24d10c80c153e95d9d2a5932,2
C_synthetic_lifecycle_orbit,101,0.11797288135593222,1113,RBC,6.932613994132649e-06,-7.7005563556749e-05,2.9642307817771313e-09,0.5590913956624325,-0.21535725798469338,-0.6919992646021925,-0.402709672741508,d6b409a4ce599946e65e9a3c533497eab4cc601de812b73d4e63e6db97153c0c,8012e6c1ecb4b35c40503f4a996a90abcd35275732aa2fa37adb8bca827e7176,2
C_synthetic_lifecycle_orbit,101,0.11797288135593222,1114,RBC,-8.569701206278743e-05,7.163110365529155e-05,6.500375263219405e-10,0.07109249274751599,0.4371656691690121,0.34117231938433445,-0.829116085756915,a8320fcbdbe035cd5cd36f5264ac1e290f9c7a5b3cfc70646f6a175d4024bae3,0e7f476b9ebf03c9ee61cad4a012a0ef7cb6699dcc3f5112a609ea11b0027e85,2
C_synthetic_lifecycle_orbit,102,0.11799661016949153,1111,MB,-9.482085851754437e-05,-2.8218949863312808e-06,8.738783649053142e-09,1.0,0.0,0.0,0.0,f0e8aafdb708f9490d3959238db3bc7c8db9d118e8a24d9ff23874b6f86c7087,0ee71d8181c82780aa92db9966f645ab43defe0e02e3521b479be8f8cc85fe85,2
C_synthetic_lifecycle_orbit,102,0.11799661016949153,1112,RBC,1.0731420330822743e-05,-1.580446530909004e-05,6.9548593472614365e-09,-0.6601268855274401,0.47407384700182864,-0.4614396027318055,-0.35575268884920924,6cd9346f3d16dfcfeaff93d5e3bd2080a7320fbe1d5b068b591ed3b61ecf0e4b,f48f579ef02d57e2e89144a6963365a8a518873e24d10c80c153e95d9d2a5932,2
C_synthetic_lifecycle_orbit,102,0.11799661016949153,1113,RBC,6.932613994132649e-06,-7.7005563556749e-05,3.5574511207600797e-09,0.5590913956624325,-0.21535725798469338,-0.6919992646021925,-0.402709672741508,d6b409a4ce599946e65e9a3c533497eab4cc601de812b73d4e63e6db97153c0c,8012e6c1ecb4b35c40503f4a996a90abcd35275732aa2fa37adb8bca827e7176,2
C_synthetic_lifecycle_orbit,102,0.11799661016949153,1114,RBC,-8.569701206278743e-05,7.163110365529155e-05,1.2432578653048884e-09,0.07109249274751599,0.4371656691690121,0.34117231938433445,-0.829116085756915,a8320fcbdbe035cd5cd36f5264ac1e290f9c7a5b3cfc70646f6a175d4024bae3,0e7f476b9ebf03c9ee61cad4a012a0ef7cb6699dcc3f5112a609ea11b0027e85,2
C_synthetic_lifecycle_orbit,103,0.11802033898305085,1111,MB,-9.482085851754437e-05,-2.8218949863312808e-06,9.33200398803609e-09,1.0,0.0,0.0,0.0,f0e8aafdb708f9490d3959238db3bc7c8db9d118e8a24d9ff23874b6f86c7087,0ee71d8181c82780aa92db9966f645ab43defe0e02e3521b479be8f8cc85fe85,2
C_synthetic_lifecycle_orbit,103,0.11802033898305085,1112,RBC,1.0731420330822743e-05,-1.580446530909004e-05,7.548079686244385e-09,-0.6601268855274401,0.47407384700182864,-0.4614396027318055,-0.35575268884920924,6cd9346f3d16dfcfeaff93d5e3bd2080a7320fbe1d5b068b591ed3b61ecf0e4b,f48f579ef02d57e2e89144a6963365a8a518873e24d10c80c153e95d9d2a5932,2
C_synthetic_lifecycle_orbit,103,0.11802033898305085,1113,RBC,6.932613994132649e-06,-7.7005563556749e-05,4.150671459743028e-09,0.5590913956624325,-0.21535725798469338,-0.6919992646021925,-0.402709672741508,d6b409a4ce599946e65e9a3c533497eab4cc601de812b73d4e63e6db97153c0c,8012e6c1ecb4b35c40503f4a996a90abcd35275732aa2fa37adb8bca827e7176,2
C_synthetic_lifecycle_orbit,103,0.11802033898305085,1114,RBC,-8.569701206278743e-05,7.163110365529155e-05,1.8364782042878364e-09,0.07109249274751599,0.4371656691690121,0.34117231938433445,-0.829116085756915,a8320fcbdbe035cd5cd36f5264ac1e290f9c7a5b3cfc70646f6a175d4024bae3,0e7f476b9ebf03c9ee61cad4a012a0ef7cb6699dcc3f5112a609ea11b0027e85,2
C_synthetic_lifecycle_orbit,104,0.11804406779661017,1111,MB,-9.482085851754437e-05,-2.8218949863312808e-06,9.925224327019037e-09,1.0,0.0,0.0,0.0,f0e8aafdb708f9490d3959238db3bc7c8db9d118e8a24d9ff23874b6f86c7087,0ee71d8181c82780aa92db9966f645ab43defe0e02e3521b479be8f8cc85fe85,2
C_synthetic_lifecycle_orbit,104,0.11804406779661017,1112,RBC,1.0731420330822743e-05,-1.580446530909004e-05,8.141300025227332e-09,-0.6601268855274401,0.47407384700182864,-0.4614396027318055,-0.35575268884920924,6cd9346f3d16dfcfeaff93d5e3bd2080a7320fbe1d5b068b591ed3b61ecf0e4b,f48f579ef02d57e2e89144a6963365a8a518873e24d10c80c153e95d9d2a5932,2
C_synthetic_lifecycle_orbit,104,0.11804406779661017,1113,RBC,6.932613994132649e-06,-7.7005563556749e-05,4.743891798725975e-09,0.5590913956624325,-0.21535725798469338,-0.6919992646021925,-0.402709672741508,d6b409a4ce599946e65e9a3c533497eab4cc601de812b73d4e63e6db97153c0c,8012e6c1ecb4b35c40503f4a996a90abcd35275732aa2fa37adb8bca827e7176,2
C_synthetic_lifecycle_orbit,104,0.11804406779661017,1114,RBC,-8.569701206278743e-05,7.163110365529155e-05,2.4296985432707843e-09,0.07109249274751599,0.4371656691690121,0.34117231938433445,-0.829116085756915,a8320fcbdbe035cd5cd36f5264ac1e290f9c7a5b3cfc70646f6a175d4024bae3,0e7f476b9ebf03c9ee61cad4a012a0ef7cb6699dcc3f5112a609ea11b0027e85,2
C_synthetic_lifecycle_orbit,105,0.1180677966101695,1112,RBC,1.0731420330822743e-05,-1.580446530909004e-05,8.734520364210627e-09,-0.6601268855274401,0.47407384700182864,-0.4614396027318055,-0.35575268884920924,6cd9346f3d16dfcfeaff93d5e3bd2080a7320fbe1d5b068b591ed3b61ecf0e4b,f48f579ef02d57e2e89144a6963365a8a518873e24d10c80c153e95d9d2a5932,2
C_synthetic_lifecycle_orbit,105,0.1180677966101695,1113,RBC,6.932613994132649e-06,-7.7005563556749e-05,5.33711213770927e-09,0.5590913956624325,-0.21535725798469338,-0.6919992646021925,-0.402709672741508,d6b409a4ce599946e65e9a3c533497eab4cc601de812b73d4e63e6db97153c0c,8012e6c1ecb4b35c40503f4a996a90abcd35275732aa2fa37adb8bca827e7176,2
C_synthetic_lifecycle_orbit,105,0.1180677966101695,1114,RBC,-8.569701206278743e-05,7.163110365529155e-05,3.0229188822540793e-09,0.07109249274751599,0.4371656691690121,0.34117231938433445,-0.829116085756915,a8320fcbdbe035cd5cd36f5264ac1e290f9c7a5b3cfc70646f6a175d4024bae3,0e7f476b9ebf03c9ee61cad4a012a0ef7cb6699dcc3f5112a609ea11b0027e85,2
C_synthetic_lifecycle_orbit,105,0.1180677966101695,1115,RBC,9.605933306494697e-05,-2.8373100405845463e-05,4.694900917704582e-10,0.4033862199663218,-0.8598267360157656,-0.03794633072287234,-0.31070503304328273,0c27c92e1c3817aa53dcf8d71a001981c867fc19ac4c6fd261614753d4bbb821,9266a6ffb8aaaca5f78bef46ef06d8ecc0d65d7cba6264e6eca4df39d109c47e,2
C_synthetic_lifecycle_orbit,106,0.11809152542372882,1112,RBC,1.0731420330822743e-05,-1.580446530909004e-05,9.327740703193575e-09,-0.6601268855274401,0.47407384700182864,-0.4614396027318055,-0.35575268884920924,6cd9346f3d16dfcfeaff93d5e3bd2080a7320fbe1d5b068b591ed3b61ecf0e4b,f48f579ef02d57e2e89144a6963365a8a518873e24d10c80c153e95d9d2a5932,2
C_synthetic_lifecycle_orbit,106,0.11809152542372882,1113,RBC,6.932613994132649e-06,-7.7005563556749e-05,5.9303324766922185e-09,0.5590913956624325,-0.21535725798469338,-0.6919992646021925,-0.402709672741508,d6b409a4ce599946e65e9a3c533497eab4cc601de812b73d4e63e6db97153c0c,8012e6c1ecb4b35c40503f4a996a90abcd35275732aa2fa37adb8bca827e7176,2
C_synthetic_lifecycle_orbit,106,0.11809152542372882,1114,RBC,-8.569701206278743e-05,7.163110365529155e-05,3.616139221237027e-09,0.07109249274751599,0.4371656691690121,0.34117231938433445,-0.829116085756915,a8320fcbdbe035cd5cd36f5264ac1e290f9c7a5b3cfc70646f6a175d4024bae3,0e7f476b9ebf03c9ee61cad4a012a0ef7cb6699dcc3f5112a609ea11b0027e85,2
C_synthetic_lifecycle_orbit,106,0.11809152542372882,1115,RBC,9.605933306494697e-05,-2.8373100405845463e-05,1.062710430753406e-09,0.4033862199663218,-0.8598267360157656,-0.03794633072287234,-0.31070503304328273,0c27c92e1c3817aa53dcf8d71a001981c867fc19ac4c6fd261614753d4bbb821,9266a6ffb8aaaca5f78bef46ef06d8ecc0d65d7cba6264e6eca4df39d109c47e,2
C_synthetic_lifecycle_orbit,107,0.11811525423728814,1112,RBC,1.0731420330822743e-05,-1.580446530909004e-05,9.920961042176522e-09,-0.6601268855274401,0.47407384700182864,-0.4614396027318055,-0.35575268884920924,6cd9346f3d16dfcfeaff93d5e3bd2080a7320fbe1d5b068b591ed3b61ecf0e4b,f48f579ef02d57e2e89144a6963365a8a518873e24d10c80c153e95d9d2a5932,2
C_synthetic_lifecycle_orbit,107,0.11811525423728814,1113,RBC,6.932613994132649e-06,-7.7005563556749e-05,6.523552815675167e-09,0.5590913956624325,-0.21535725798469338,-0.6919992646021925,-0.402709672741508,d6b409a4ce599946e65e9a3c533497eab4cc601de812b73d4e63e6db97153c0c,8012e6c1ecb4b35c40503f4a996a90abcd35275732aa2fa37adb8bca827e7176,2
C_synthetic_lifecycle_orbit,107,0.11811525423728814,1114,RBC,-8.569701206278743e-05,7.163110365529155e-05,4.209359560219976e-09,0.07109249274751599,0.4371656691690121,0.34117231938433445,-0.829116085756915,a8320fcbdbe035cd5cd36f5264ac1e290f9c7a5b3cfc70646f6a175d4024bae3,0e7f476b9ebf03c9ee61cad4a012a0ef7cb6699dcc3f5112a609ea11b0027e85,2
C_synthetic_lifecycle_orbit,107,0.11811525423728814,1115,RBC,9.605933306494697e-05,-2.8373100405845463e-05,1.655930769736354e-09,0.4033862199663218,-0.8598267360157656,-0.03794633072287234,-0.31070503304328273,0c27c92e1c3817aa53dcf8d71a001981c867fc19ac4c6fd261614753d4bbb821,9266a6ffb8aaaca5f78bef46ef06d8ecc0d65d7cba6264e6eca4df39d109c47e,2
C_synthetic_lifecycle_orbit,108,0.11813898305084747,1113,RBC,6.932613994132649e-06,-7.7005563556749e-05,7.116773154658461e-09,0.5590913956624325,-0.21535725798469338,-0.6919992646021925,-0.402709672741508,d6b409a4ce599946e65e9a3c533497eab4cc601de812b73d4e63e6db97153c0c,8012e6c1ecb4b35c40503f4a996a90abcd35275732aa2fa37adb8bca827e7176,2
C_synthetic_lifecycle_orbit,108,0.11813898305084747,1114,RBC,-8.569701206278743e-05,7.163110365529155e-05,4.80257989920327e-09,0.07109249274751599,0.4371656691690121,0.34117231938433445,-0.829116085756915,a8320fcbdbe035cd5cd36f5264ac1e290f9c7a5b3cfc70646f6a175d4024bae3,0e7f476b9ebf03c9ee61cad4a012a0ef7cb6699dcc3f5112a609ea11b0027e85,2
C_synthetic_lifecycle_orbit,108,0.11813898305084747,1115,RBC,9.605933306494697e-05,-2.8373100405845463e-05,2.249151108719649e-09,0.4033862199663218,-0.8598267360157656,-0.03794633072287234,-0.31070503304328273,0c27c92e1c3817aa53dcf8d71a001981c867fc19ac4c6fd261614753d4bbb821,9266a6ffb8aaaca5f78bef46ef06d8ecc0d65d7cba6264e6eca4df39d109c47e,2
C_synthetic_lifecycle_orbit,109,0.11816271186440679,1113,RBC,6.932613994132649e-06,-7.7005563556749e-05,7.70999349364141e-09,0.5590913956624325,-0.21535725798469338,-0.6919992646021925,-0.402709672741508,d6b409a4ce599946e65e9a3c533497eab4cc601de812b73d4e63e6db97153c0c,8012e6c1ecb4b35c40503f4a996a90abcd35275732aa2fa37adb8bca827e7176,2
C_synthetic_lifecycle_orbit,109,0.11816271186440679,1114,RBC,-8.569701206278743e-05,7.163110365529155e-05,5.395800238186218e-09,0.07109249274751599,0.4371656691690121,0.34117231938433445,-0.829116085756915,a8320fcbdbe035cd5cd36f5264ac1e290f9c7a5b3cfc70646f6a175d4024bae3,0e7f476b9ebf03c9ee61cad4a012a0ef7cb6699dcc3f5112a609ea11b0027e85,2
C_synthetic_lifecycle_orbit,109,0.11816271186440679,1115,RBC,9.605933306494697e-05,-2.8373100405845463e-05,2.842371447702597e-09,0.4033862199663218,-0.8598267360157656,-0.03794633072287234,-0.31070503304328273,0c27c92e1c3817aa53dcf8d71a001981c867fc19ac4c6fd261614753d4bbb821,9266a6ffb8aaaca5f78bef46ef06d8ecc0d65d7cba6264e6eca4df39d109c47e,2
C_synthetic_lifecycle_orbit,109,0.11816271186440679,1116,RBC,8.102328898350492e-05,-7.4557599982695e-05,2.4020640768743366e-10,-0.042535021012102686,0.8367514693326136,0.2969782540797886,0.45808478162992156,9f08643800bcbb573b3a70241c17f65d70b4a82fd09ece56d58256cd1fffcacc,b78e0a549fa51229763e1ac79430dd6967ad309a38a5aab6c38effe865771381,2
C_synthetic_lifecycle_orbit,110,0.1181864406779661,1113,RBC,6.932613994132649e-06,-7.7005563556749e-05,8.303213832624356e-09,0.5590913956624325,-0.21535725798469338,-0.6919992646021925,-0.402709672741508,d6b409a4ce599946e65e9a3c533497eab4cc601de812b73d4e63e6db97153c0c,8012e6c1ecb4b35c40503f4a996a90abcd35275732aa2fa37adb8bca827e7176,2
C_synthetic_lifecycle_orbit,110,0.1181864406779661,1114,RBC,-8.569701206278743e-05,7.163110365529155e-05,5.9890205771691664e-09,0.07109249274751599,0.4371656691690121,0.34117231938433445,-0.829116085756915,a8320fcbdbe035cd5cd36f5264ac1e290f9c7a5b3cfc70646f6a175d4024bae3,0e7f476b9ebf03c9ee61cad4a012a0ef7cb6699dcc3f5112a609ea11b0027e85,2
C_synthetic_lifecycle_orbit,110,0.1181864406779661,1115,RBC,9.605933306494697e-05,-2.8373100405845463e-05,3.435591786685545e-09,0.4033862199663218,-0.8598267360157656,-0.03794633072287234,-0.31070503304328273,0c27c92e1c3817aa53dcf8d71a001981c867fc19ac4c6fd261614753d4bbb821,9266a6ffb8aaaca5f78bef46ef06d8ecc0d65d7cba6264e6eca4df39d109c47e,2
C_synthetic_lifecycle_orbit,110,0.1181864406779661,1116,RBC,8.102328898350492e-05,-7.4557599982695e-05,8.334267466703815e-10,-0.042535021012102686,0.8367514693326136,0.2969782540797886,0.45808478162992156,9f08643800bcbb573b3a70241c17f65d70b4a82fd09ece56d58256cd1fffcacc,b78e0a549fa51229763e1ac79430dd6967ad309a38a5aab6c38effe865771381,2
C_synthetic_lifecycle_orbit,111,0.11821016949152544,1113,RBC,6.932613994132649e-06,-7.7005563556749e-05,8.896434171607651e-09,0.5590913956624325,-0.21535725798469338,-0.6919992646021925,-0.402709672741508,d6b409a4ce599946e65e9a3c533497eab4cc601de812b73d4e63e6db97153c0c,8012e6c1ecb4b35c40503f4a996a90abcd35275732aa2fa37adb8bca827e7176,2
C_synthetic_lifecycle_orbit,111,0.11821016949152544,1114,RBC,-8.569701206278743e-05,7.163110365529155e-05,6.582240916152461e-09,0.07109249274751599,0.4371656691690121,0.34117231938433445,-0.829116085756915,a8320fcbdbe035cd5cd36f5264ac1e290f9c7a5b3cfc70646f6a175d4024bae3,0e7f476b9ebf03c9ee61cad4a012a0ef7cb6699dcc3f5112a609ea11b0027e85,2
C_synthetic_lifecycle_orbit,111,0.11821016949152544,1115,RBC,9.605933306494697e-05,-2.8373100405845463e-05,4.02881212566884e-09,0.4033862199663218,-0.8598267360157656,-0.03794633072287234,-0.31070503304328273,0c27c92e1c3817aa53dcf8d71a001981c867fc19ac4c6fd261614753d4bbb821,9266a6ffb8aaaca5f78bef46ef06d8ecc0d65d7cba6264e6eca4df39d109c47e,2
C_synthetic_lifecycle_orbit,111,0.11821016949152544,1116,RBC,8.102328898350492e-05,-7.4557599982695e-05,1.4266470856536766e-09,-0.042535021012102686,0.8367514693326136,0.2969782540797886,0.45808478162992156,9f08643800bcbb573b3a70241c17f65d70b4a82fd09ece56d58256cd1fffcacc,b78e0a549fa51229763e1ac79430dd6967ad309a38a5aab6c38effe865771381,2
C_synthetic_lifecycle_orbit,112,0.11823389830508475,1113,RBC,6.932613994132649e-06,-7.7005563556749e-05,9.4896545105906e-09,0.5590913956624325,-0.21535725798469338,-0.6919992646021925,-0.402709672741508,d6b409a4ce599946e65e9a3c533497eab4cc601de812b73d4e63e6db97153c0c,8012e6c1ecb4b35c40503f4a996a90abcd35275732aa2fa37adb8bca827e7176,2
C_synthetic_lifecycle_orbit,112,0.11823389830508475,1114,RBC,-8.569701206278743e-05,7.163110365529155e-05,7.175461255135409e-09,0.07109249274751599,0.4371656691690121,0.34117231938433445,-0.829116085756915,a8320fcbdbe035cd5cd36f5264ac1e290f9c7a5b3cfc70646f6a175d4024bae3,0e7f476b9ebf03c9ee61cad4a012a0ef7cb6699dcc3f5112a609ea11b0027e85,2
C_synthetic_lifecycle_orbit,112,0.11823389830508475,1115,RBC,9.605933306494697e-05,-2.8373100405845463e-05,4.622032464651788e-09,0.4033862199663218,-0.8598267360157656,-0.03794633072287234,-0.31070503304328273,0c27c92e1c3817aa53dcf8d71a001981c867fc19ac4c6fd261614753d4bbb821,9266a6ffb8aaaca5f78bef46ef06d8ecc0d65d7cba6264e6eca4df39d109c47e,2
C_synthetic_lifecycle_orbit,112,0.11823389830508475,1116,RBC,8.102328898350492e-05,-7.4557599982695e-05,2.0198674246366245e-09,-0.042535021012102686,0.8367514693326136,0.2969782540797886,0.45808478162992156,9f08643800bcbb573b3a70241c17f65d70b4a82fd09ece56d58256cd1fffcacc,b78e0a549fa51229763e1ac79430dd6967ad309a38a5aab6c38effe865771381,2
C_synthetic_lifecycle_orbit,113,0.11825762711864407,1114,RBC,-8.569701206278743e-05,7.163110365529155e-05,7.768681594118356e-09,0.07109249274751599,0.4371656691690121,0.34117231938433445,-0.829116085756915,a8320fcbdbe035cd5cd36f5264ac1e290f9c7a5b3cfc70646f6a175d4024bae3,0e7f476b9ebf03c9ee61cad4a012a0ef7cb6699dcc3f5112a609ea11b0027e85,2
C_synthetic_lifecycle_orbit,113,0.11825762711864407,1115,RBC,9.605933306494697e-05,-2.8373100405845463e-05,5.215252803634736e-09,0.4033862199663218,-0.8598267360157656,-0.03794633072287234,-0.31070503304328273,0c27c92e1c3817aa53dcf8d71a001981c867fc19ac4c6fd261614753d4bbb821,9266a6ffb8aaaca5f78bef46ef06d8ecc0d65d7cba6264e6eca4df39d109c47e,2
C_synthetic_lifecycle_orbit,113,0.11825762711864407,1116,RBC,8.102328898350492e-05,-7.4557599982695e-05,2.613087763619572e-09,-0.042535021012102686,0.8367514693326136,0.2969782540797886,0.45808478162992156,9f08643800bcbb573b3a70241c17f65d70b4a82fd09ece56d58256cd1fffcacc,b78e0a549fa51229763e1ac79430dd6967ad309a38a5aab6c38effe865771381,2
C_synthetic_lifecycle_orbit,114,0.11828135593220339,1114,RBC,-8.569701206278743e-05,7.163110365529155e-05,8.361901933101304e-09,0.07109249274751599,0.4371656691690121,0.34117231938433445,-0.829116085756915,a8320fcbdbe035cd5cd36f5264ac1e290f9c7a5b3cfc70646f6a175d4024bae3,0e7f476b9ebf03c9ee61cad4a012a0ef7cb6699dcc3f5112a609ea11b0027e85,2
C_synthetic_lifecycle_orbit,114,0.11828135593220339,1115,RBC,9.605933306494697e-05,-2.8373100405845463e-05,5.808473142617684e-09,0.4033862199663218,-0.8598267360157656,-0.03794633072287234,-0.31070503304328273,0c27c92e1c3817aa53dcf8d71a001981c867fc19ac4c6fd261614753d4bbb821,9266a6ffb8aaaca5f78bef46ef06d8ecc0d65d7cba6264e6eca4df39d109c47e,2
C_synthetic_lifecycle_orbit,114,0.11828135593220339,1116,RBC,8.102328898350492e-05,-7.4557599982695e-05,3.2063081026025204e-09,-0.042535021012102686,0.8367514693326136,0.2969782540797886,0.45808478162992156,9f08643800bcbb573b3a70241c17f65d70b4a82fd09ece56d58256cd1fffcacc,b78e0a549fa51229763e1ac79430dd6967ad309a38a5aab6c38effe865771381,2
C_synthetic_lifecycle_orbit,114,0.11828135593220339,1117,RBC,-3.949339155892127e-05,-1.932403107897107e-05,9.992446169081243e-11,0.8494449771539652,0.2713642482003823,-0.27020381607830163,0.3630352233093423,21a9fc9593a4ef384680334441d46749973d813ad983bb648bcfc64a17785c61,5f60bed02aaa34911ec07670802441a9cb6e6b1023214dfae0fbece28e45f2f8,2
C_synthetic_lifecycle_orbit,115,0.11830508474576272,1114,RBC,-8.569701206278743e-05,7.163110365529155e-05,8.955122272084599e-09,0.07109249274751599,0.4371656691690121,0.34117231938433445,-0.829116085756915,a8320fcbdbe035cd5cd36f5264ac1e290f9c7a5b3cfc70646f6a175d4024bae3,0e7f476b9ebf03c9ee61cad4a012a0ef7cb6699dcc3f5112a609ea11b0027e85,2
C_synthetic_lifecycle_orbit,115,0.11830508474576272,1115,RBC,9.605933306494697e-05,-2.8373100405845463e-05,6.4016934816009785e-09,0.4033862199663218,-0.8598267360157656,-0.03794633072287234,-0.31070503304328273,0c27c92e1c3817aa53dcf8d71a001981c867fc19ac4c6fd261614753d4bbb821,9266a6ffb8aaaca5f78bef46ef06d8ecc0d65d7cba6264e6eca4df39d109c47e,2
C_synthetic_lifecycle_orbit,115,0.11830508474576272,1116,RBC,8.102328898350492e-05,-7.4557599982695e-05,3.799528441585815e-09,-0.042535021012102686,0.8367514693326136,0.2969782540797886,0.45808478162992156,9f08643800bcbb573b3a70241c17f65d70b4a82fd09ece56d58256cd1fffcacc,b78e0a549fa51229763e1ac79430dd6967ad309a38a5aab6c38effe865771381,2
C_synthetic_lifecycle_orbit,115,0.11830508474576272,1117,RBC,-3.949339155892127e-05,-1.932403107897107e-05,6.931448006741072e-10,0.8494449771539652,0.2713642482003823,-0.27020381607830163,0.3630352233093423,21a9fc9593a4ef384680334441d46749973d813ad983bb648bcfc64a17785c61,5f60bed02aaa34911ec07670802441a9cb6e6b1023214dfae0fbece28e45f2f8,2
C_synthetic_lifecycle_orbit,116,0.11832881355932204,1114,RBC,-8.569701206278743e-05,7.163110365529155e-05,9.548342611067548e-09,0.07109249274751599,0.4371656691690121,0.34117231938433445,-0.829116085756915,a8320fcbdbe035cd5cd36f5264ac1e290f9c7a5b3cfc70646f6a175d4024bae3,0e7f476b9ebf03c9ee61cad4a012a0ef7cb6699dcc3f5112a609ea11b0027e85,2
C_synthetic_lifecycle_orbit,116,0.11832881355932204,1115,RBC,9.605933306494697e-05,-2.8373100405845463e-05,6.994913820583927e-09,0.4033862199663218,-0.8598267360157656,-0.03794633072287234,-0.31070503304328273,0c27c92e1c3817aa53dcf8d71a001981c867fc19ac4c6fd261614753d4bbb821,9266a6ffb8aaaca5f78bef46ef06d8ecc0d65d7cba6264e6eca4df39d109c47e,2
C_synthetic_lifecycle_orbit,116,0.11832881355932204,1116,RBC,8.102328898350492e-05,-7.4557599982695e-05,4.392748780568763e-09,-0.042535021012102686,0.8367514693326136,0.2969782540797886,0.45808478162992156,9f08643800bcbb573b3a70241c17f65d70b4a82fd09ece56d58256cd1fffcacc,b78e0a549fa51229763e1ac79430dd6967ad309a38a5aab6c38effe865771381,2
C_synthetic_lifecycle_orbit,116,0.11832881355932204,1117,RBC,-3.949339155892127e-05,-1.932403107897107e-05,1.2863651396570553e-09,0.8494449771539652,0.2713642482003823,-0.27020381607830163,0.3630352233093423,21a9fc9593a4ef384680334441d46749973d813ad983bb648bcfc64a17785c61,5f60bed02aaa34911ec07670802441a9cb6e6b1023214dfae0fbece28e45f2f8,2
C_synthetic_lifecycle_orbit,117,0.11835254237288136,1115,RBC,9.605933306494697e-05,-2.8373100405845463e-05,7.588134159566874e-09,0.4033862199663218,-0.8598267360157656,-0.03794633072287234,-0.31070503304328273,0c27c92e1c3817aa53dcf8d71a001981c867fc19ac4c6fd261614753d4bbb821,9266a6ffb8aaaca5f78bef46ef06d8ecc0d65d7cba6264e6eca4df39d109c47e,2
C_synthetic_lifecycle_orbit,117,0.11835254237288136,1116,RBC,8.102328898350492e-05,-7.4557599982695e-05,4.985969119551711e-09,-0.042535021012102686,0.8367514693326136,0.2969782540797886,0.45808478162992156,9f08643800bcbb573b3a70241c17f65d70b4a82fd09ece56d58256cd1fffcacc,b78e0a549fa51229763e1ac79430dd6967ad309a38a5aab6c38effe865771381,2
C_synthetic_lifecycle_orbit,117,0.11835254237288136,1117,RBC,-3.949339155892127e-05,-1.932403107897107e-05,1.8795854786400032e-09,0.8494449771539652,0.2713642482003823,-0.27020381607830163,0.3630352233093423,21a9fc9593a4ef384680334441d46749973d813ad983bb648bcfc64a17785c61,5f60bed02aaa34911ec07670802441a9cb6e6b1023214dfae0fbece28e45f2f8,2
C_synthetic_lifecycle_orbit,118,0.11837627118644069,1115,RBC,9.605933306494697e-05,-2.8373100405845463e-05,8.18135449855017e-09,0.4033862199663218,-0.8598267360157656,-0.03794633072287234,-0.31070503304328273,0c27c92e1c3817aa53dcf8d71a001981c867fc19ac4c6fd261614753d4bbb821,9266a6ffb8aaaca5f78bef46ef06d8ecc0d65d7cba6264e6eca4df39d109c47e,2
C_synthetic_lifecycle_orbit,118,0.11837627118644069,1116,RBC,8.102328898350492e-05,-7.4557599982695e-05,5.579189458535006e-09,-0.042535021012102686,0.8367514693326136,0.2969782540797886,0.45808478162992156,9f08643800bcbb573b3a70241c17f65d70b4a82fd09ece56d58256cd1fffcacc,b78e0a549fa51229763e1ac79430dd6967ad309a38a5aab6c38effe865771381,2
C_synthetic_lifecycle_orbit,118,0.11837627118644069,1117,RBC,-3.949339155892127e-05,-1.932403107897107e-05,2.472805817623298e-09,0.8494449771539652,0.2713642482003823,-0.27020381607830163,0.3630352233093423,21a9fc9593a4ef384680334441d46749973d813ad983bb648bcfc64a17785c61,5f60bed02aaa34911ec07670802441a9cb6e6b1023214dfae0fbece28e45f2f8,2
C_synthetic_lifecycle_orbit,118,0.11837627118644069,1118,RBC,-8.362151925898438e-05,8.310856583260404e-05,1.6345101382965566e-10,0.7925266920323146,0.6012825032975156,0.10123963079347428,0.010551341212887337,7e12c6572152f9f7ffc9be37edada52991700d965164303c61d309c81d7f8195,4c4497f41615e93251bdd362635c6699ac7ff036def0f1fa349eb5d24d37c978,2
C_synthetic_lifecycle_orbit,119,0.1184,1115,RBC,9.605933306494697e-05,-2.8373100405845463e-05,8.774574837533116e-09,0.4033862199663218,-0.8598267360157656,-0.03794633072287234,-0.31070503304328273,0c27c92e1c3817aa53dcf8d71a001981c867fc19ac4c6fd261614753d4bbb821,9266a6ffb8aaaca5f78bef46ef06d8ecc0d65d7cba6264e6eca4df39d109c47e,2
C_synthetic_lifecycle_orbit,119,0.1184,1116,RBC,8.102328898350492e-05,-7.4557599982695e-05,6.172409797517954e-09,-0.042535021012102686,0.8367514693326136,0.2969782540797886,0.45808478162992156,9f08643800bcbb573b3a70241c17f65d70b4a82fd09ece56d58256cd1fffcacc,b78e0a549fa51229763e1ac79430dd6967ad309a38a5aab6c38effe865771381,2
C_synthetic_lifecycle_orbit,119,0.1184,1117,RBC,-3.949339155892127e-05,-1.932403107897107e-05,3.0660261566062457e-09,0.8494449771539652,0.2713642482003823,-0.27020381607830163,0.3630352233093423,21a9fc9593a4ef384680334441d46749973d813ad983bb648bcfc64a17785c61,5f60bed02aaa34911ec07670802441a9cb6e6b1023214dfae0fbece28e45f2f8,2
C_synthetic_lifecycle_orbit,119,0.1184,1118,RBC,-8.362151925898438e-05,8.310856583260404e-05,7.566713528126036e-10,0.7925266920323146,0.6012825032975156,0.10123963079347428,0.010551341212887337,7e12c6572152f9f7ffc9be37edada52991700d965164303c61d309c81d7f8195,4c4497f41615e93251bdd362635c6699ac7ff036def0f1fa349eb5d24d37c978,2
C_synthetic_lifecycle_orbit,120,0.2347,2210,RBC,-5.017794081400247e-05,-1.463328456141146e-05,7.76755961427017e-09,-0.08652924014239617,-0.7291344587979119,0.6638034196273511,-0.14226964428468344,f2965315bdf9ac56d8edc0807197a810289b9d2abbc16854b9da8deb6a61f0a1,fda52818e4ac76de8fc237a5f60a6082653b061dfdf801f6e22265593184221a,2
C_synthetic_lifecycle_orbit,120,0.2347,2211,RBC,-1.364918689565071e-05,-4.903059213366103e-05,5.478380697081075e-09,-0.2275014878815842,-0.4513344255864766,0.01950730152138015,0.8626469581929473,7a64affda92a38ab6944112175f4292edabb62082348c6f1ba5404b79b3ec15d,8becd2742345748cb4ca61ad5b40112e4a515dc7d4ddb6989e26ceea73489a3b,2
C_synthetic_lifecycle_orbit,120,0.2347,2212,RBC,9.924042103984492e-06,9.41006734811092e-05,2.906805606312568e-09,-0.4124109426825804,0.24488634716027124,0.09001271519184913,0.8728376724419928,af61d90d1568f5a447aba2a2c8087168851f3b3c18819f3ba3e0c4c829150b99,d2ac97467ae5332b7cd9236b239b5b13b6d4b50058d7497565e1bdff3fb2713e,2
C_synthetic_lifecycle_orbit,121,0.23472372881355932,2210,RBC,-5.017794081400247e-05,-1.463328456141146e-05,8.360779953253443e-09,-0.08652924014239617,-0.7291344587979119,0.6638034196273511,-0.14226964428468344,f2965315bdf9ac56d8edc0807197a810289b9d2abbc16854b9da8deb6a61f0a1,fda52818e4ac76de8fc237a5f60a6082653b061dfdf801f6e22265593184221a,2
C_synthetic_lifecycle_orbit,121,0.23472372881355932,2211,RBC,-1.364918689565071e-05,-4.903059213366103e-05,6.071601036064348e-09,-0.2275014878815842,-0.4513344255864766,0.01950730152138015,0.8626469581929473,7a64affda92a38ab6944112175f4292edabb62082348c6f1ba5404b79b3ec15d,8becd2742345748cb4ca61ad5b40112e4a515dc7d4ddb6989e26ceea73489a3b,2
C_synthetic_lifecycle_orbit,121,0.23472372881355932,2212,RBC,9.924042103984492e-06,9.41006734811092e-05,3.5000259452958424e-09,-0.4124109426825804,0.24488634716027124,0.09001271519184913,0.8728376724419928,af61d90d1568f5a447aba2a2c8087168851f3b3c18819f3ba3e0c4c829150b99,d2ac97467ae5332b7cd9236b239b5b13b6d4b50058d7497565e1bdff3fb2713e,2
C_synthetic_lifecycle_orbit,121,0.23472372881355932,2213,RBC,-7.207307078513956e-05,-4.799745007432184e-05,2.021313138936218e-10,-0.2861611406835438,0.8734586557275207,0.037532843520632735,0.39213908751184373,3d0849257f3a519de86e119cf9bebc8ba2c936209037764b3a82bd4b55a32ad5,fc730bd71d30fc588695d2c76ad2b4563e403d621029e8e3472807719c430b5a,2
C_synthetic_lifecycle_orbit,122,0.23474745762711863,2210,RBC,-5.017794081400247e-05,-1.463328456141146e-05,8.954000292236024e-09,-0.08652924014239617,-0.7291344587979119,0.6638034196273511,-0.14226964428468344,f2965315bdf9ac56d8edc0807197a810289b9d2abbc16854b9da8deb6a61f0a1,fda52818e4ac76de8fc237a5f60a6082653b061dfdf801f6e22265593184221a,2
C_synthetic_lifecycle_orbit,122,0.23474745762711863,2211,RBC,-1.364918689565071e-05,-4.903059213366103e-05,6.664821375046929e-09,-0.2275014878815842,-0.4513344255864766,0.01950730152138015,0.8626469581929473,7a64affda92a38ab6944112175f4292edabb62082348c6f1ba5404b79b3ec15d,8becd2742345748cb4ca61ad5b40112e4a515dc7d4ddb6989e26ceea73489a3b,2
C_synthetic_lifecycle_orbit,122,0.23474745762711863,2212,RBC,9.924042103984492e-06,9.41006734811092e-05,4.093246284278423e-09,-0.4124109426825804,0.24488634716027124,0.09001271519184913,0.8728376724419928,af61d90d1568f5a447aba2a2c8087168851f3b3c18819f3ba3e0c4c829150b99,d2ac97467ae5332b7cd9236b239b5b13b6d4b50058d7497565e1bdff3fb2713e,2
C_synthetic_lifecycle_orbit,122,0.23474745762711863,2213,RBC,-7.207307078513956e-05,-4.799745007432184e-05,7.953516528762023e-10,-0.2861611406835438,0.8734586557275207,0.037532843520632735,0.39213908751184373,3d0849257f3a519de86e119cf9bebc8ba2c936209037764b3a82bd4b55a32ad5,fc730bd71d30fc588695d2c76ad2b4563e403d621029e8e3472807719c430b5a,2
C_synthetic_lifecycle_orbit,123,0.23477118644067796,2210,RBC,-5.017794081400247e-05,-1.463328456141146e-05,9.547220631219299e-09,-0.08652924014239617,-0.7291344587979119,0.6638034196273511,-0.14226964428468344,f2965315bdf9ac56d8edc0807197a810289b9d2abbc16854b9da8deb6a61f0a1,fda52818e4ac76de8fc237a5f60a6082653b061dfdf801f6e22265593184221a,2
C_synthetic_lifecycle_orbit,123,0.23477118644067796,2211,RBC,-1.364918689565071e-05,-4.903059213366103e-05,7.258041714030204e-09,-0.2275014878815842,-0.4513344255864766,0.01950730152138015,0.8626469581929473,7a64affda92a38ab6944112175f4292edabb62082348c6f1ba5404b79b3ec15d,8becd2742345748cb4ca61ad5b40112e4a515dc7d4ddb6989e26ceea73489a3b,2
C_synthetic_lifecycle_orbit,123,0.23477118644067796,2212,RBC,9.924042103984492e-06,9.41006734811092e-05,4.686466623261697e-09,-0.4124109426825804,0.24488634716027124,0.09001271519184913,0.8728376724419928,af61d90d1568f5a447aba2a2c8087168851f3b3c18819f3ba3e0c4c829150b99,d2ac97467ae5332b7cd9236b239b5b13b6d4b50058d7497565e1bdff3fb2713e,2
C_synthetic_lifecycle_orbit,123,0.23477118644067796,2213,RBC,-7.207307078513956e-05,-4.799745007432184e-05,1.3885719918594767e-09,-0.2861611406835438,0.8734586557275207,0.037532843520632735,0.39213908751184373,3d0849257f3a519de86e119cf9bebc8ba2c936209037764b3a82bd4b55a32ad5,fc730bd71d30fc588695d2c76ad2b4563e403d621029e8e3472807719c430b5a,2
C_synthetic_lifecycle_orbit,124,0.2347949152542373,2211,RBC,-1.364918689565071e-05,-4.903059213366103e-05,7.851262053013477e-09,-0.2275014878815842,-0.4513344255864766,0.01950730152138015,0.8626469581929473,7a64affda92a38ab6944112175f4292edabb62082348c6f1ba5404b79b3ec15d,8becd2742345748cb4ca61ad5b40112e4a515dc7d4ddb6989e26ceea73489a3b,2
C_synthetic_lifecycle_orbit,124,0.2347949152542373,2212,RBC,9.924042103984492e-06,9.41006734811092e-05,5.279686962244972e-09,-0.4124109426825804,0.24488634716027124,0.09001271519184913,0.8728376724419928,af61d90d1568f5a447aba2a2c8087168851f3b3c18819f3ba3e0c4c829150b99,d2ac97467ae5332b7cd9236b239b5b13b6d4b50058d7497565e1bdff3fb2713e,2
C_synthetic_lifecycle_orbit,124,0.2347949152542373,2213,RBC,-7.207307078513956e-05,-4.799745007432184e-05,1.981792330842751e-09,-0.2861611406835438,0.8734586557275207,0.037532843520632735,0.39213908751184373,3d0849257f3a519de86e119cf9bebc8ba2c936209037764b3a82bd4b55a32ad5,fc730bd71d30fc588695d2c76ad2b4563e403d621029e8e3472807719c430b5a,2
C_synthetic_lifecycle_orbit,125,0.2348186440677966,2211,RBC,-1.364918689565071e-05,-4.903059213366103e-05,8.444482391996057e-09,-0.2275014878815842,-0.4513344255864766,0.01950730152138015,0.8626469581929473,7a64affda92a38ab6944112175f4292edabb62082348c6f1ba5404b79b3ec15d,8becd2742345748cb4ca61ad5b40112e4a515dc7d4ddb6989e26ceea73489a3b,2
C_synthetic_lifecycle_orbit,125,0.2348186440677966,2212,RBC,9.924042103984492e-06,9.41006734811092e-05,5.872907301227551e-09,-0.4124109426825804,0.24488634716027124,0.09001271519184913,0.8728376724419928,af61d90d1568f5a447aba2a2c8087168851f3b3c18819f3ba3e0c4c829150b99,d2ac97467ae5332b7cd9236b239b5b13b6d4b50058d7497565e1bdff3fb2713e,2
C_synthetic_lifecycle_orbit,125,0.2348186440677966,2213,RBC,-7.207307078513956e-05,-4.799745007432184e-05,2.575012669825331e-09,-0.2861611406835438,0.8734586557275207,0.037532843520632735,0.39213908751184373,3d0849257f3a519de86e119cf9bebc8ba2c936209037764b3a82bd4b55a32ad5,fc730bd71d30fc588695d2c76ad2b4563e403d621029e8e3472807719c430b5a,2
C_synthetic_lifecycle_orbit,125,0.2348186440677966,2214,RBC,-5.1776543269967444e-06,-4.0266400901746896e-05,5.801079839731605e-10,0.25415692946402474,0.8917212882858135,-0.07798574452074708,-0.3662726073225413,1c9e8190f1c28d5fb62978d673d147d7702ec645e3eb81834f133e8c15c6a674,7a15e4c3945016a6213c193113ea859ea61ea04c14ea7314e21fe7186a80375d,2
C_synthetic_lifecycle_orbit,126,0.23484237288135593,2211,RBC,-1.364918689565071e-05,-4.903059213366103e-05,9.037702730979333e-09,-0.2275014878815842,-0.4513344255864766,0.01950730152138015,0.8626469581929473,7a64affda92a38ab6944112175f4292edabb62082348c6f1ba5404b79b3ec15d,8becd2742345748cb4ca61ad5b40112e4a515dc7d4ddb6989e26ceea73489a3b,2
C_synthetic_lifecycle_orbit,126,0.23484237288135593,2212,RBC,9.924042103984492e-06,9.41006734811092e-05,6.466127640210826e-09,-0.4124109426825804,0.24488634716027124,0.09001271519184913,0.8728376724419928,af61d90d1568f5a447aba2a2c8087168851f3b3c18819f3ba3e0c4c829150b99,d2ac97467ae5332b7cd9236b239b5b13b6d4b50058d7497565e1bdff3fb2713e,2
C_synthetic_lifecycle_orbit,126,0.23484237288135593,2213,RBC,-7.207307078513956e-05,-4.799745007432184e-05,3.168233008808606e-09,-0.2861611406835438,0.8734586557275207,0.037532843520632735,0.39213908751184373,3d0849257f3a519de86e119cf9bebc8ba2c936209037764b3a82bd4b55a32ad5,fc730bd71d30fc588695d2c76ad2b4563e403d621029e8e3472807719c430b5a,2
C_synthetic_lifecycle_orbit,126,0.23484237288135593,2214,RBC,-5.1776543269967444e-06,-4.0266400901746896e-05,1.1733283229564348e-09,0.25415692946402474,0.8917212882858135,-0.07798574452074708,-0.3662726073225413,1c9e8190f1c28d5fb62978d673d147d7702ec645e3eb81834f133e8c15c6a674,7a15e4c3945016a6213c193113ea859ea61ea04c14ea7314e21fe7186a80375d,2
C_synthetic_lifecycle_orbit,127,0.23486610169491526,2211,RBC,-1.364918689565071e-05,-4.903059213366103e-05,9.630923069962608e-09,-0.2275014878815842,-0.4513344255864766,0.01950730152138015,0.8626469581929473,7a64affda92a38ab6944112175f4292edabb62082348c6f1ba5404b79b3ec15d,8becd2742345748cb4ca61ad5b40112e4a515dc7d4ddb6989e26ceea73489a3b,2
C_synthetic_lifecycle_orbit,127,0.23486610169491526,2212,RBC,9.924042103984492e-06,9.41006734811092e-05,7.0593479791941e-09,-0.4124109426825804,0.24488634716027124,0.09001271519184913,0.8728376724419928,af61d90d1568f5a447aba2a2c8087168851f3b3c18819f3ba3e0c4c829150b99,d2ac97467ae5332b7cd9236b239b5b13b6d4b50058d7497565e1bdff3fb2713e,2
C_synthetic_lifecycle_orbit,127,0.23486610169491526,2213,RBC,-7.207307078513956e-05,-4.799745007432184e-05,3.76145334779188e-09,-0.2861611406835438,0.8734586557275207,0.037532843520632735,0.39213908751184373,3d0849257f3a519de86e119cf9bebc8ba2c936209037764b3a82bd4b55a32ad5,fc730bd71d30fc588695d2c76ad2b4563e403d621029e8e3472807719c430b5a,2
C_synthetic_lifecycle_orbit,127,0.23486610169491526,2214,RBC,-5.1776543269967444e-06,-4.0266400901746896e-05,1.7665486619397093e-09,0.25415692946402474,0.8917212882858135,-0.07798574452074708,-0.3662726073225413,1c9e8190f1c28d5fb62978d673d147d7702ec645e3eb81834f133e8c15c6a674,7a15e4c3945016a6213c193113ea859ea61ea04c14ea7314e21fe7186a80375d,2
C_synthetic_lifecycle_orbit,128,0.23488983050847456,2212,RBC,9.924042103984492e-06,9.41006734811092e-05,7.65256831817668e-09,-0.4124109426825804,0.24488634716027124,0.09001271519184913,0.8728376724419928,af61d90d1568f5a447aba2a2c8087168851f3b3c18819f3ba3e0c4c829150b99,d2ac97467ae5332b7cd9236b239b5b13b6d4b50058d7497565e1bdff3fb2713e,2
C_synthetic_lifecycle_orbit,128,0.23488983050847456,2213,RBC,-7.207307078513956e-05,-4.799745007432184e-05,4.35467368677446e-09,-0.2861611406835438,0.8734586557275207,0.037532843520632735,0.39213908751184373,3d0849257f3a519de86e119cf9bebc8ba2c936209037764b3a82bd4b55a32ad5,fc730bd71d30fc588695d2c76ad2b4563e403d621029e8e3472807719c430b5a,2
C_synthetic_lifecycle_orbit,128,0.23488983050847456,2214,RBC,-5.1776543269967444e-06,-4.0266400901746896e-05,2.3597690009222895e-09,0.25415692946402474,0.8917212882858135,-0.07798574452074708,-0.3662726073225413,1c9e8190f1c28d5fb62978d673d147d7702ec645e3eb81834f133e8c15c6a674,7a15e4c3945016a6213c193113ea859ea61ea04c14ea7314e21fe7186a80375d,2
C_synthetic_lifecycle_orbit,129,0.2349135593220339,2212,RBC,9.924042103984492e-06,9.41006734811092e-05,8.245788657159956e-09,-0.4124109426825804,0.24488634716027124,0.09001271519184913,0.8728376724419928,af61d90d1568f5a447aba2a2c8087168851f3b3c18819f3ba3e0c4c829150b99,d2ac97467ae5332b7cd9236b239b5b13b6d4b50058d7497565e1bdff3fb2713e,2
C_synthetic_lifecycle_orbit,129,0.2349135593220339,2213,RBC,-7.207307078513956e-05,-4.799745007432184e-05,4.947894025757735e-09,-0.2861611406835438,0.8734586557275207,0.037532843520632735,0.39213908751184373,3d0849257f3a519de86e119cf9bebc8ba2c936209037764b3a82bd4b55a32ad5,fc730bd71d30fc588695d2c76ad2b4563e403d621029e8e3472807719c430b5a,2
C_synthetic_lifecycle_orbit,129,0.2349135593220339,2214,RBC,-5.1776543269967444e-06,-4.0266400901746896e-05,2.9529893399055642e-09,0.25415692946402474,0.8917212882858135,-0.07798574452074708,-0.3662726073225413,1c9e8190f1c28d5fb62978d673d147d7702ec645e3eb81834f133e8c15c6a674,7a15e4c3945016a6213c193113ea859ea61ea04c14ea7314e21fe7186a80375d,2
C_synthetic_lifecycle_orbit,129,0.2349135593220339,2215,RBC,-8.180735206908539e-05,6.287688119725709e-05,9.993015936543272e-11,-0.007059900554802427,-0.9934204869408646,-0.08428222605947969,0.07721658047848659,9a38d60e884d0beb603eb73fb1ee04e299723f49b8bb1c8f676fabbe53a5d12f,ae3e87eb0b71a0fe3310b9797921b2d3d115ed8f74d821418eb97ad22ff278ca,2
C_synthetic_lifecycle_orbit,130,0.23493728813559323,2212,RBC,9.924042103984492e-06,9.41006734811092e-05,8.83900899614323e-09,-0.4124109426825804,0.24488634716027124,0.09001271519184913,0.8728376724419928,af61d90d1568f5a447aba2a2c8087168851f3b3c18819f3ba3e0c4c829150b99,d2ac97467ae5332b7cd9236b239b5b13b6d4b50058d7497565e1bdff3fb2713e,2
C_synthetic_lifecycle_orbit,130,0.23493728813559323,2213,RBC,-7.207307078513956e-05,-4.799745007432184e-05,5.541114364741009e-09,-0.2861611406835438,0.8734586557275207,0.037532843520632735,0.39213908751184373,3d0849257f3a519de86e119cf9bebc8ba2c936209037764b3a82bd4b55a32ad5,fc730bd71d30fc588695d2c76ad2b4563e403d621029e8e3472807719c430b5a,2
C_synthetic_lifecycle_orbit,130,0.23493728813559323,2214,RBC,-5.1776543269967444e-06,-4.0266400901746896e-05,3.546209678888838e-09,0.25415692946402474,0.8917212882858135,-0.07798574452074708,-0.3662726073225413,1c9e8190f1c28d5fb62978d673d147d7702ec645e3eb81834f133e8c15c6a674,7a15e4c3945016a6213c193113ea859ea61ea04c14ea7314e21fe7186a80375d,2
C_synthetic_lifecycle_orbit,130,0.23493728813559323,2215,RBC,-8.180735206908539e-05,6.287688119725709e-05,6.931504983487071e-10,-0.007059900554802427,-0.9934204869408646,-0.08428222605947969,0.07721658047848659,9a38d60e884d0beb603eb73fb1ee04e299723f49b8bb1c8f676fabbe53a5d12f,ae3e87eb0b71a0fe3310b9797921b2d3d115ed8f74d821418eb97ad22ff278ca,2
C_synthetic_lifecycle_orbit,131,0.23496101694915253,2212,RBC,9.924042103984492e-06,9.41006734811092e-05,9.432229335125811e-09,-0.4124109426825804,0.24488634716027124,0.09001271519184913,0.8728376724419928,af61d90d1568f5a447aba2a2c8087168851f3b3c18819f3ba3e0c4c829150b99,d2ac97467ae5332b7cd9236b239b5b13b6d4b50058d7497565e1bdff3fb2713e,2
C_synthetic_lifecycle_orbit,131,0.23496101694915253,2213,RBC,-7.207307078513956e-05,-4.799745007432184e-05,6.13433470372359e-09,-0.2861611406835438,0.8734586557275207,0.037532843520632735,0.39213908751184373,3d0849257f3a519de86e119cf9bebc8ba2c936209037764b3a82bd4b55a32ad5,fc730bd71d30fc588695d2c76ad2b4563e403d621029e8e3472807719c430b5a,2
C_synthetic_lifecycle_orbit,131,0.23496101694915253,2214,RBC,-5.1776543269967444e-06,-4.0266400901746896e-05,4.139430017871419e-09,0.25415692946402474,0.8917212882858135,-0.07798574452074708,-0.3662726073225413,1c9e8190f1c28d5fb62978d673d147d7702ec645e3eb81834f133e8c15c6a674,7a15e4c3945016a6213c193113ea859ea61ea04c14ea7314e21fe7186a80375d,2
C_synthetic_lifecycle_orbit,131,0.23496101694915253,2215,RBC,-8.180735206908539e-05,6.287688119725709e-05,1.2863708373312874e-09,-0.007059900554802427,-0.9934204869408646,-0.08428222605947969,0.07721658047848659,9a38d60e884d0beb603eb73fb1ee04e299723f49b8bb1c8f676fabbe53a5d12f,ae3e87eb0b71a0fe3310b9797921b2d3d115ed8f74d821418eb97ad22ff278ca,2
C_synthetic_lifecycle_orbit,132,0.23498474576271186,2213,RBC,-7.207307078513956e-05,-4.799745007432184e-05,6.727555042706863e-09,-0.2861611406835438,0.8734586557275207,0.037532843520632735,0.39213908751184373,3d0849257f3a519de86e119cf9bebc8ba2c936209037764b3a82bd4b55a32ad5,fc730bd71d30fc588695d2c76ad2b4563e403d621029e8e3472807719c430b5a,2
C_synthetic_lifecycle_orbit,132,0.23498474576271186,2214,RBC,-5.1776543269967444e-06,-4.0266400901746896e-05,4.732650356854693e-09,0.25415692946402474,0.8917212882858135,-0.07798574452074708,-0.3662726073225413,1c9e8190f1c28d5fb62978d673d147d7702ec645e3eb81834f133e8c15c6a674,7a15e4c3945016a6213c193113ea859ea61ea04c14ea7314e21fe7186a80375d,2
C_synthetic_lifecycle_orbit,132,0.23498474576271186,2215,RBC,-8.180735206908539e-05,6.287688119725709e-05,1.8795911763145617e-09,-0.007059900554802427,-0.9934204869408646,-0.08428222605947969,0.07721658047848659,9a38d60e884d0beb603eb73fb1ee04e299723f49b8bb1c8f676fabbe53a5d12f,ae3e87eb0b71a0fe3310b9797921b2d3d115ed8f74d821418eb97ad22ff278ca,2
C_synthetic_lifecycle_orbit,133,0.2350084745762712,2213,RBC,-7.207307078513956e-05,-4.799745007432184e-05,7.320775381690138e-09,-0.2861611406835438,0.8734586557275207,0.037532843520632735,0.39213908751184373,3d0849257f3a519de86e119cf9bebc8ba2c936209037764b3a82bd4b55a32ad5,fc730bd71d30fc588695d2c76ad2b4563e403d621029e8e3472807719c430b5a,2
C_synthetic_lifecycle_orbit,133,0.2350084745762712,2214,RBC,-5.1776543269967444e-06,-4.0266400901746896e-05,5.325870695837967e-09,0.25415692946402474,0.8917212882858135,-0.07798574452074708,-0.3662726073225413,1c9e8190f1c28d5fb62978d673d147d7702ec645e3eb81834f133e8c15c6a674,7a15e4c3945016a6213c193113ea859ea61ea04c14ea7314e21fe7186a80375d,2
C_synthetic_lifecycle_orbit,133,0.2350084745762712,2215,RBC,-8.180735206908539e-05,6.287688119725709e-05,2.472811515297836e-09,-0.007059900554802427,-0.9934204869408646,-0.08428222605947969,0.07721658047848659,9a38d60e884d0beb603eb73fb1ee04e299723f49b8bb1c8f676fabbe53a5d12f,ae3e87eb0b71a0fe3310b9797921b2d3d115ed8f74d821418eb97ad22ff278ca,2
C_synthetic_lifecycle_orbit,134,0.2350322033898305,2213,RBC,-7.207307078513956e-05,-4.799745007432184e-05,7.913995720672718e-09,-0.2861611406835438,0.8734586557275207,0.037532843520632735,0.39213908751184373,3d0849257f3a519de86e119cf9bebc8ba2c936209037764b3a82bd4b55a32ad5,fc730bd71d30fc588695d2c76ad2b4563e403d621029e8e3472807719c430b5a,2
C_synthetic_lifecycle_orbit,134,0.2350322033898305,2214,RBC,-5.1776543269967444e-06,-4.0266400901746896e-05,5.9190910348205475e-09,0.25415692946402474,0.8917212882858135,-0.07798574452074708,-0.3662726073225413,1c9e8190f1c28d5fb62978d673d147d7702ec645e3eb81834f133e8c15c6a674,7a15e4c3945016a6213c193113ea859ea61ea04c14ea7314e21fe7186a80375d,2
C_synthetic_lifecycle_orbit,134,0.2350322033898305,2215,RBC,-8.180735206908539e-05,6.287688119725709e-05,3.0660318542804167e-09,-0.007059900554802427,-0.9934204869408646,-0.08428222605947969,0.07721658047848659,9a38d60e884d0beb603eb73fb1ee04e299723f49b8bb1c8f676fabbe53a5d12f,ae3e87eb0b71a0fe3310b9797921b2d3d115ed8f74d821418eb97ad22ff278ca,2
C_synthetic_lifecycle_orbit,134,0.2350322033898305,2216,RBC,2.8651622388122503e-05,-5.1306091179568046e-05,3.4010516180917467e-10,0.3661223550047263,0.42003873357706656,-0.7673417688172159,0.317346015083274,0919a54fa38c1c81f999e6058049e95fb275e69163c5bb3950ee4532664123b8,4e2739b104b2554ec41d007cbc30c771a37f3a32d1d0fd4e0646924ac73c72eb,2
C_synthetic_lifecycle_orbit,135,0.23505593220338983,2213,RBC,-7.207307078513956e-05,-4.799745007432184e-05,8.507216059655994e-09,-0.2861611406835438,0.8734586557275207,0.037532843520632735,0.39213908751184373,3d0849257f3a519de86e119cf9bebc8ba2c936209037764b3a82bd4b55a32ad5,fc730bd71d30fc588695d2c76ad2b4563e403d621029e8e3472807719c430b5a,2
C_synthetic_lifecycle_orbit,135,0.23505593220338983,2214,RBC,-5.1776543269967444e-06,-4.0266400901746896e-05,6.512311373803822e-09,0.25415692946402474,0.8917212882858135,-0.07798574452074708,-0.3662726073225413,1c9e8190f1c28d5fb62978d673d147d7702ec645e3eb81834f133e8c15c6a674,7a15e4c3945016a6213c193113ea859ea61ea04c14ea7314e21fe7186a80375d,2
C_synthetic_lifecycle_orbit,135,0.23505593220338983,2215,RBC,-8.180735206908539e-05,6.287688119725709e-05,3.659252193263691e-09,-0.007059900554802427,-0.9934204869408646,-0.08428222605947969,0.07721658047848659,9a38d60e884d0beb603eb73fb1ee04e299723f49b8bb1c8f676fabbe53a5d12f,ae3e87eb0b71a0fe3310b9797921b2d3d115ed8f74d821418eb97ad22ff278ca,2
C_synthetic_lifecycle_orbit,135,0.23505593220338983,2216,RBC,2.8651622388122503e-05,-5.1306091179568046e-05,9.333255007924489e-10,0.3661223550047263,0.42003873357706656,-0.7673417688172159,0.317346015083274,0919a54fa38c1c81f999e6058049e95fb275e69163c5bb3950ee4532664123b8,4e2739b104b2554ec41d007cbc30c771a37f3a32d1d0fd4e0646924ac73c72eb,2
C_synthetic_lifecycle_orbit,136,0.23507966101694916,2213,RBC,-7.207307078513956e-05,-4.799745007432184e-05,9.100436398639267e-09,-0.2861611406835438,0.8734586557275207,0.037532843520632735,0.39213908751184373,3d0849257f3a519de86e119cf9bebc8ba2c936209037764b3a82bd4b55a32ad5,fc730bd71d30fc588695d2c76ad2b4563e403d621029e8e3472807719c430b5a,2
C_synthetic_lifecycle_orbit,136,0.23507966101694916,2214,RBC,-5.1776543269967444e-06,-4.0266400901746896e-05,7.105531712787097e-09,0.25415692946402474,0.8917212882858135,-0.07798574452074708,-0.3662726073225413,1c9e8190f1c28d5fb62978d673d147d7702ec645e3eb81834f133e8c15c6a674,7a15e4c3945016a6213c193113ea859ea61ea04c14ea7314e21fe7186a80375d,2
C_synthetic_lifecycle_orbit,136,0.23507966101694916,2215,RBC,-8.180735206908539e-05,6.287688119725709e-05,4.252472532246965e-09,-0.007059900554802427,-0.9934204869408646,-0.08428222605947969,0.07721658047848659,9a38d60e884d0beb603eb73fb1ee04e299723f49b8bb1c8f676fabbe53a5d12f,ae3e87eb0b71a0fe3310b9797921b2d3d115ed8f74d821418eb97ad22ff278ca,2
C_synthetic_lifecycle_orbit,136,0.23507966101694916,2216,RBC,2.8651622388122503e-05,-5.1306091179568046e-05,1.5265458397757232e-09,0.3661223550047263,0.42003873357706656,-0.7673417688172159,0.317346015083274,0919a54fa38c1c81f999e6058049e95fb275e69163c5bb3950ee4532664123b8,4e2739b104b2554ec41d007cbc30c771a37f3a32d1d0fd4e0646924ac73c72eb,2
C_synthetic_lifecycle_orbit,137,0.23510338983050846,2213,RBC,-7.207307078513956e-05,-4.799745007432184e-05,9.693656737621847e-09,-0.2861611406835438,0.8734586557275207,0.037532843520632735,0.39213908751184373,3d0849257f3a519de86e119cf9bebc8ba2c936209037764b3a82bd4b55a32ad5,fc730bd71d30fc588695d2c76ad2b4563e403d621029e8e3472807719c430b5a,2
C_synthetic_lifecycle_orbit,137,0.23510338983050846,2214,RBC,-5.1776543269967444e-06,-4.0266400901746896e-05,7.698752051769676e-09,0.25415692946402474,0.8917212882858135,-0.07798574452074708,-0.3662726073225413,1c9e8190f1c28d5fb62978d673d147d7702ec645e3eb81834f133e8c15c6a674,7a15e4c3945016a6213c193113ea859ea61ea04c14ea7314e21fe7186a80375d,2
C_synthetic_lifecycle_orbit,137,0.23510338983050846,2215,RBC,-8.180735206908539e-05,6.287688119725709e-05,4.8456928712295455e-09,-0.007059900554802427,-0.9934204869408646,-0.08428222605947969,0.07721658047848659,9a38d60e884d0beb603eb73fb1ee04e299723f49b8bb1c8f676fabbe53a5d12f,ae3e87eb0b71a0fe3310b9797921b2d3d115ed8f74d821418eb97ad22ff278ca,2
C_synthetic_lifecycle_orbit,137,0.23510338983050846,2216,RBC,2.8651622388122503e-05,-5.1306091179568046e-05,2.119766178758304e-09,0.3661223550047263,0.42003873357706656,-0.7673417688172159,0.317346015083274,0919a54fa38c1c81f999e6058049e95fb275e69163c5bb3950ee4532664123b8,4e2739b104b2554ec41d007cbc30c771a37f3a32d1d0fd4e0646924ac73c72eb,2
C_synthetic_lifecycle_orbit,138,0.2351271186440678,2214,RBC,-5.1776543269967444e-06,-4.0266400901746896e-05,8.291972390752951e-09,0.25415692946402474,0.8917212882858135,-0.07798574452074708,-0.3662726073225413,1c9e8190f1c28d5fb62978d673d147d7702ec645e3eb81834f133e8c15c6a674,7a15e4c3945016a6213c193113ea859ea61ea04c14ea7314e21fe7186a80375d,2
C_synthetic_lifecycle_orbit,138,0.2351271186440678,2215,RBC,-8.180735206908539e-05,6.287688119725709e-05,5.4389132102128206e-09,-0.007059900554802427,-0.9934204869408646,-0.08428222605947969,0.07721658047848659,9a38d60e884d0beb603eb73fb1ee04e299723f49b8bb1c8f676fabbe53a5d12f,ae3e87eb0b71a0fe3310b9797921b2d3d115ed8f74d821418eb97ad22ff278ca,2
C_synthetic_lifecycle_orbit,138,0.2351271186440678,2216,RBC,2.8651622388122503e-05,-5.1306091179568046e-05,2.712986517741578e-09,0.3661223550047263,0.42003873357706656,-0.7673417688172159,0.317346015083274,0919a54fa38c1c81f999e6058049e95fb275e69163c5bb3950ee4532664123b8,4e2739b104b2554ec41d007cbc30c771a37f3a32d1d0fd4e0646924ac73c72eb,2
C_synthetic_lifecycle_orbit,138,0.2351271186440678,2217,RBC,-7.257319971024491e-05,1.2828170496867174e-05,3.9289373891386857e-10,-0.646489459203735,-0.7515617886763786,0.062083712745237433,-0.1155502901415287,02fa36e9e1a5ac53b28358dc3039dd6e72e61228abfa577af6ee995239ae51a5,a8a66db27aeffc85cb6983c4fdf676c13b75a4125618afc40c211dd114385d36,2
C_synthetic_lifecycle_orbit,139,0.23515084745762713,2214,RBC,-5.1776543269967444e-06,-4.0266400901746896e-05,8.885192729736225e-09,0.25415692946402474,0.8917212882858135,-0.07798574452074708,-0.3662726073225413,1c9e8190f1c28d5fb62978d673d147d7702ec645e3eb81834f133e8c15c6a674,7a15e4c3945016a6213c193113ea859ea61ea04c14ea7314e21fe7186a80375d,2
C_synthetic_lifecycle_orbit,139,0.23515084745762713,2215,RBC,-8.180735206908539e-05,6.287688119725709e-05,6.032133549196094e-09,-0.007059900554802427,-0.9934204869408646,-0.08428222605947969,0.07721658047848659,9a38d60e884d0beb603eb73fb1ee04e299723f49b8bb1c8f676fabbe53a5d12f,ae3e87eb0b71a0fe3310b9797921b2d3d115ed8f74d821418eb97ad22ff278ca,2
C_synthetic_lifecycle_orbit,139,0.23515084745762713,2216,RBC,2.8651622388122503e-05,-5.1306091179568046e-05,3.306206856724852e-09,0.3661223550047263,0.42003873357706656,-0.7673417688172159,0.317346015083274,0919a54fa38c1c81f999e6058049e95fb275e69163c5bb3950ee4532664123b8,4e2739b104b2554ec41d007cbc30c771a37f3a32d1d0fd4e0646924ac73c72eb,2
C_synthetic_lifecycle_orbit,139,0.23515084745762713,2217,RBC,-7.257319971024491e-05,1.2828170496867174e-05,9.861140778971429e-10,-0.646489459203735,-0.7515617886763786,0.062083712745237433,-0.1155502901415287,02fa36e9e1a5ac53b28358dc3039dd6e72e61228abfa577af6ee995239ae51a5,a8a66db27aeffc85cb6983c4fdf676c13b75a4125618afc40c211dd114385d36,2
C_synthetic_lifecycle_orbit,140,0.23517457627118643,2214,RBC,-5.1776543269967444e-06,-4.0266400901746896e-05,9.478413068718805e-09,0.25415692946402474,0.8917212882858135,-0.07798574452074708,-0.3662726073225413,1c9e8190f1c28d5fb62978d673d147d7702ec645e3eb81834f133e8c15c6a674,7a15e4c3945016a6213c193113ea859ea61ea04c14ea7314e21fe7186a80375d,2
C_synthetic_lifecycle_orbit,140,0.23517457627118643,2215,RBC,-8.180735206908539e-05,6.287688119725709e-05,6.625353888178674e-09,-0.007059900554802427,-0.9934204869408646,-0.08428222605947969,0.07721658047848659,9a38d60e884d0beb603eb73fb1ee04e299723f49b8bb1c8f676fabbe53a5d12f,ae3e87eb0b71a0fe3310b9797921b2d3d115ed8f74d821418eb97ad22ff278ca,2
C_synthetic_lifecycle_orbit,140,0.23517457627118643,2216,RBC,2.8651622388122503e-05,-5.1306091179568046e-05,3.899427195707433e-09,0.3661223550047263,0.42003873357706656,-0.7673417688172159,0.317346015083274,0919a54fa38c1c81f999e6058049e95fb275e69163c5bb3950ee4532664123b8,4e2739b104b2554ec41d007cbc30c771a37f3a32d1d0fd4e0646924ac73c72eb,2
C_synthetic_lifecycle_orbit,140,0.23517457627118643,2217,RBC,-7.257319971024491e-05,1.2828170496867174e-05,1.5793344168797234e-09,-0.646489459203735,-0.7515617886763786,0.062083712745237433,-0.1155502901415287,02fa36e9e1a5ac53b28358dc3039dd6e72e61228abfa577af6ee995239ae51a5,a8a66db27aeffc85cb6983c4fdf676c13b75a4125618afc40c211dd114385d36,2
C_synthetic_lifecycle_orbit,141,0.23519830508474576,2215,RBC,-8.180735206908539e-05,6.287688119725709e-05,7.218574227161949e-09,-0.007059900554802427,-0.9934204869408646,-0.08428222605947969,0.07721658047848659,9a38d60e884d0beb603eb73fb1ee04e299723f49b8bb1c8f676fabbe53a5d12f,ae3e87eb0b71a0fe3310b9797921b2d3d115ed8f74d821418eb97ad22ff278ca,2
C_synthetic_lifecycle_orbit,141,0.23519830508474576,2216,RBC,2.8651622388122503e-05,-5.1306091179568046e-05,4.492647534690707e-09,0.3661223550047263,0.42003873357706656,-0.7673417688172159,0.317346015083274,0919a54fa38c1c81f999e6058049e95fb275e69163c5bb3950ee4532664123b8,4e2739b104b2554ec41d007cbc30c771a37f3a32d1d0fd4e0646924ac73c72eb,2
C_synthetic_lifecycle_orbit,141,0.23519830508474576,2217,RBC,-7.257319971024491e-05,1.2828170496867174e-05,2.1725547558629976e-09,-0.646489459203735,-0.7515617886763786,0.062083712745237433,-0.1155502901415287,02fa36e9e1a5ac53b28358dc3039dd6e72e61228abfa577af6ee995239ae51a5,a8a66db27aeffc85cb6983c4fdf676c13b75a4125618afc40c211dd114385d36,2
C_synthetic_lifecycle_orbit,142,0.2352220338983051,2215,RBC,-8.180735206908539e-05,6.287688119725709e-05,7.811794566145223e-09,-0.007059900554802427,-0.9934204869408646,-0.08428222605947969,0.07721658047848659,9a38d60e884d0beb603eb73fb1ee04e299723f49b8bb1c8f676fabbe53a5d12f,ae3e87eb0b71a0fe3310b9797921b2d3d115ed8f74d821418eb97ad22ff278ca,2
C_synthetic_lifecycle_orbit,142,0.2352220338983051,2216,RBC,2.8651622388122503e-05,-5.1306091179568046e-05,5.085867873673982e-09,0.3661223550047263,0.42003873357706656,-0.7673417688172159,0.317346015083274,0919a54fa38c1c81f999e6058049e95fb275e69163c5bb3950ee4532664123b8,4e2739b104b2554ec41d007cbc30c771a37f3a32d1d0fd4e0646924ac73c72eb,2
C_synthetic_lifecycle_orbit,142,0.2352220338983051,2217,RBC,-7.257319971024491e-05,1.2828170496867174e-05,2.765775094846272e-09,-0.646489459203735,-0.7515617886763786,0.062083712745237433,-0.1155502901415287,02fa36e9e1a5ac53b28358dc3039dd6e72e61228abfa577af6ee995239ae51a5,a8a66db27aeffc85cb6983c4fdf676c13b75a4125618afc40c211dd114385d36,2
C_synthetic_lifecycle_orbit,142,0.2352220338983051,2218,RBC,-8.945575040127571e-05,3.455976303815809e-05,9.89799589554113e-11,-0.3223220776563172,-0.1700606448555759,-0.14793988526096905,0.9194028745199746,95239dbaccacb009f49aac4b562f66b8da0a0b6a3dd957d08e8a48a11025d30e,b5b13bcea43486e3e6a7eb4240746e08687e917f7ff335f6d741ea226bf654a8,2
C_synthetic_lifecycle_orbit,143,0.2352457627118644,2215,RBC,-8.180735206908539e-05,6.287688119725709e-05,8.405014905127803e-09,-0.007059900554802427,-0.9934204869408646,-0.08428222605947969,0.07721658047848659,9a38d60e884d0beb603eb73fb1ee04e299723f49b8bb1c8f676fabbe53a5d12f,ae3e87eb0b71a0fe3310b9797921b2d3d115ed8f74d821418eb97ad22ff278ca,2
C_synthetic_lifecycle_orbit,143,0.2352457627118644,2216,RBC,2.8651622388122503e-05,-5.1306091179568046e-05,5.6790882126565614e-09,0.3661223550047263,0.42003873357706656,-0.7673417688172159,0.317346015083274,0919a54fa38c1c81f999e6058049e95fb275e69163c5bb3950ee4532664123b8,4e2739b104b2554ec41d007cbc30c771a37f3a32d1d0fd4e0646924ac73c72eb,2
C_synthetic_lifecycle_orbit,143,0.2352457627118644,2217,RBC,-7.257319971024491e-05,1.2828170496867174e-05,3.3589954338288526e-09,-0.646489459203735,-0.7515617886763786,0.062083712745237433,-0.1155502901415287,02fa36e9e1a5ac53b28358dc3039dd6e72e61228abfa577af6ee995239ae51a5,a8a66db27aeffc85cb6983c4fdf676c13b75a4125618afc40c211dd114385d36,2
C_synthetic_lifecycle_orbit,143,0.2352457627118644,2218,RBC,-8.945575040127571e-05,3.455976303815809e-05,6.922002979379917e-10,-0.3223220776563172,-0.1700606448555759,-0.14793988526096905,0.9194028745199746,95239dbaccacb009f49aac4b562f66b8da0a0b6a3dd957d08e8a48a11025d30e,b5b13bcea43486e3e6a7eb4240746e08687e917f7ff335f6d741ea226bf654a8,2
C_synthetic_lifecycle_orbit,144,0.23526949152542373,2215,RBC,-8.180735206908539e-05,6.287688119725709e-05,8.998235244111078e-09,-0.007059900554802427,-0.9934204869408646,-0.08428222605947969,0.07721658047848659,9a38d60e884d0beb603eb73fb1ee04e299723f49b8bb1c8f676fabbe53a5d12f,ae3e87eb0b71a0fe3310b9797921b2d3d115ed8f74d821418eb97ad22ff278ca,2
C_synthetic_lifecycle_orbit,144,0.23526949152542373,2216,RBC,2.8651622388122503e-05,-5.1306091179568046e-05,6.272308551639836e-09,0.3661223550047263,0.42003873357706656,-0.7673417688172159,0.317346015083274,0919a54fa38c1c81f999e6058049e95fb275e69163c5bb3950ee4532664123b8,4e2739b104b2554ec41d007cbc30c771a37f3a32d1d0fd4e0646924ac73c72eb,2
C_synthetic_lifecycle_orbit,144,0.23526949152542373,2217,RBC,-7.257319971024491e-05,1.2828170496867174e-05,3.9522157728121264e-09,-0.646489459203735,-0.7515617886763786,0.062083712745237433,-0.1155502901415287,02fa36e9e1a5ac53b28358dc3039dd6e72e61228abfa577af6ee995239ae51a5,a8a66db27aeffc85cb6983c4fdf676c13b75a4125618afc40c211dd114385d36,2
C_synthetic_lifecycle_orbit,144,0.23526949152542373,2218,RBC,-8.945575040127571e-05,3.455976303815809e-05,1.2854206369212659e-09,-0.3223220776563172,-0.1700606448555759,-0.14793988526096905,0.9194028745199746,95239dbaccacb009f49aac4b562f66b8da0a0b6a3dd957d08e8a48a11025d30e,b5b13bcea43486e3e6a7eb4240746e08687e917f7ff335f6d741ea226bf654a8,2
C_synthetic_lifecycle_orbit,145,0.23529322033898306,2215,RBC,-8.180735206908539e-05,6.287688119725709e-05,9.591455583094353e-09,-0.007059900554802427,-0.9934204869408646,-0.08428222605947969,0.07721658047848659,9a38d60e884d0beb603eb73fb1ee04e299723f49b8bb1c8f676fabbe53a5d12f,ae3e87eb0b71a0fe3310b9797921b2d3d115ed8f74d821418eb97ad22ff278ca,2
C_synthetic_lifecycle_orbit,145,0.23529322033898306,2216,RBC,2.8651622388122503e-05,-5.1306091179568046e-05,6.865528890623111e-09,0.3661223550047263,0.42003873357706656,-0.7673417688172159,0.317346015083274,0919a54fa38c1c81f999e6058049e95fb275e69163c5bb3950ee4532664123b8,4e2739b104b2554ec41d007cbc30c771a37f3a32d1d0fd4e0646924ac73c72eb,2
C_synthetic_lifecycle_orbit,145,0.23529322033898306,2217,RBC,-7.257319971024491e-05,1.2828170496867174e-05,4.545436111795401e-09,-0.646489459203735,-0.7515617886763786,0.062083712745237433,-0.1155502901415287,02fa36e9e1a5ac53b28358dc3039dd6e72e61228abfa577af6ee995239ae51a5,a8a66db27aeffc85cb6983c4fdf676c13b75a4125618afc40c211dd114385d36,2
C_synthetic_lifecycle_orbit,145,0.23529322033898306,2218,RBC,-8.945575040127571e-05,3.455976303815809e-05,1.87864097590454e-09,-0.3223220776563172,-0.1700606448555759,-0.14793988526096905,0.9194028745199746,95239dbaccacb009f49aac4b562f66b8da0a0b6a3dd957d08e8a48a11025d30e,b5b13bcea43486e3e6a7eb4240746e08687e917f7ff335f6d741ea226bf654a8,2
C_synthetic_lifecycle_orbit,146,0.23531694915254237,2216,RBC,2.8651622388122503e-05,-5.1306091179568046e-05,7.458749229605691e-09,0.3661223550047263,0.42003873357706656,-0.7673417688172159,0.317346015083274,0919a54fa38c1c81f999e6058049e95fb275e69163c5bb3950ee4532664123b8,4e2739b104b2554ec41d007cbc30c771a37f3a32d1d0fd4e0646924ac73c72eb,2
C_synthetic_lifecycle_orbit,146,0.23531694915254237,2217,RBC,-7.257319971024491e-05,1.2828170496867174e-05,5.138656450777981e-09,-0.646489459203735,-0.7515617886763786,0.062083712745237433,-0.1155502901415287,02fa36e9e1a5ac53b28358dc3039dd6e72e61228abfa577af6ee995239ae51a5,a8a66db27aeffc85cb6983c4fdf676c13b75a4125618afc40c211dd114385d36,2
C_synthetic_lifecycle_orbit,146,0.23531694915254237,2218,RBC,-8.945575040127571e-05,3.455976303815809e-05,2.471861314887121e-09,-0.3223220776563172,-0.1700606448555759,-0.14793988526096905,0.9194028745199746,95239dbaccacb009f49aac4b562f66b8da0a0b6a3dd957d08e8a48a11025d30e,b5b13bcea43486e3e6a7eb4240746e08687e917f7ff335f6d741ea226bf654a8,2
C_synthetic_lifecycle_orbit,146,0.23531694915254237,2219,MB,-5.638973869186375e-05,-2.659986694832697e-05,5.707876370886047e-10,1.0,0.0,0.0,0.0,d2c544d2025eda257be11dc3dac1821eb315ed073cdb5e6367eb3f40668a2215,f7dfe7fa63ebc056949c418fda18977cd5a74558fc1dc7ff2bab40d6b27d61fd,2
C_synthetic_lifecycle_orbit,147,0.2353406779661017,2216,RBC,2.8651622388122503e-05,-5.1306091179568046e-05,8.051969568588965e-09,0.3661223550047263,0.42003873357706656,-0.7673417688172159,0.317346015083274,0919a54fa38c1c81f999e6058049e95fb275e69163c5bb3950ee4532664123b8,4e2739b104b2554ec41d007cbc30c771a37f3a32d1d0fd4e0646924ac73c72eb,2
C_synthetic_lifecycle_orbit,147,0.2353406779661017,2217,RBC,-7.257319971024491e-05,1.2828170496867174e-05,5.731876789761255e-09,-0.646489459203735,-0.7515617886763786,0.062083712745237433,-0.1155502901415287,02fa36e9e1a5ac53b28358dc3039dd6e72e61228abfa577af6ee995239ae51a5,a8a66db27aeffc85cb6983c4fdf676c13b75a4125618afc40c211dd114385d36,2
C_synthetic_lifecycle_orbit,147,0.2353406779661017,2218,RBC,-8.945575040127571e-05,3.455976303815809e-05,3.065081653870395e-09,-0.3223220776563172,-0.1700606448555759,-0.14793988526096905,0.9194028745199746,95239dbaccacb009f49aac4b562f66b8da0a0b6a3dd957d08e8a48a11025d30e,b5b13bcea43486e3e6a7eb4240746e08687e917f7ff335f6d741ea226bf654a8,2
C_synthetic_lifecycle_orbit,147,0.2353406779661017,2219,MB,-5.638973869186375e-05,-2.659986694832697e-05,1.1640079760718792e-09,1.0,0.0,0.0,0.0,d2c544d2025eda257be11dc3dac1821eb315ed073cdb5e6367eb3f40668a2215,f7dfe7fa63ebc056949c418fda18977cd5a74558fc1dc7ff2bab40d6b27d61fd,2
C_synthetic_lifecycle_orbit,147,0.2353406779661017,2220,RBC,8.922454155643526e-05,-3.7368759396258386e-06,3.4175788704639686e-10,0.7609635571488553,-0.5656797815338391,-0.13899933460524078,0.2856922022640605,44a19e6531ff56b0a8a955895ebd1c695a9920c05b4d7c1eab31130aa7764c06,25d5323a334ad77bf34f30fd37ef638a7523a5c0575b7058fc5e7b2c1e2a908f,2
C_synthetic_lifecycle_orbit,148,0.23536440677966103,2216,RBC,2.8651622388122503e-05,-5.1306091179568046e-05,8.64518990757224e-09,0.3661223550047263,0.42003873357706656,-0.7673417688172159,0.317346015083274,0919a54fa38c1c81f999e6058049e95fb275e69163c5bb3950ee4532664123b8,4e2739b104b2554ec41d007cbc30c771a37f3a32d1d0fd4e0646924ac73c72eb,2
C_synthetic_lifecycle_orbit,148,0.23536440677966103,2217,RBC,-7.257319971024491e-05,1.2828170496867174e-05,6.32509712874453e-09,-0.646489459203735,-0.7515617886763786,0.062083712745237433,-0.1155502901415287,02fa36e9e1a5ac53b28358dc3039dd6e72e61228abfa577af6ee995239ae51a5,a8a66db27aeffc85cb6983c4fdf676c13b75a4125618afc40c211dd114385d36,2
C_synthetic_lifecycle_orbit,148,0.23536440677966103,2218,RBC,-8.945575040127571e-05,3.455976303815809e-05,3.6583019928536693e-09,-0.3223220776563172,-0.1700606448555759,-0.14793988526096905,0.9194028745199746,95239dbaccacb009f49aac4b562f66b8da0a0b6a3dd957d08e8a48a11025d30e,b5b13bcea43486e3e6a7eb4240746e08687e917f7ff335f6d741ea226bf654a8,2
C_synthetic_lifecycle_orbit,148,0.23536440677966103,2219,MB,-5.638973869186375e-05,-2.659986694832697e-05,1.7572283150551535e-09,1.0,0.0,0.0,0.0,d2c544d2025eda257be11dc3dac1821eb315ed073cdb5e6367eb3f40668a2215,f7dfe7fa63ebc056949c418fda18977cd5a74558fc1dc7ff2bab40d6b27d61fd,2
C_synthetic_lifecycle_orbit,148,0.23536440677966103,2220,RBC,8.922454155643526e-05,-3.7368759396258386e-06,9.349782260296712e-10,0.7609635571488553,-0.5656797815338391,-0.13899933460524078,0.2856922022640605,44a19e6531ff56b0a8a955895ebd1c695a9920c05b4d7c1eab31130aa7764c06,25d5323a334ad77bf34f30fd37ef638a7523a5c0575b7058fc5e7b2c1e2a908f,2
C_synthetic_lifecycle_orbit,149,0.23538813559322033,2216,RBC,2.8651622388122503e-05,-5.1306091179568046e-05,9.23841024655482e-09,0.3661223550047263,0.42003873357706656,-0.7673417688172159,0.317346015083274,0919a54fa38c1c81f999e6058049e95fb275e69163c5bb3950ee4532664123b8,4e2739b104b2554ec41d007cbc30c771a37f3a32d1d0fd4e0646924ac73c72eb,2
C_synthetic_lifecycle_orbit,149,0.23538813559322033,2217,RBC,-7.257319971024491e-05,1.2828170496867174e-05,6.9183174677271114e-09,-0.646489459203735,-0.7515617886763786,0.062083712745237433,-0.1155502901415287,02fa36e9e1a5ac53b28358dc3039dd6e72e61228abfa577af6ee995239ae51a5,a8a66db27aeffc85cb6983c4fdf676c13b75a4125618afc40c211dd114385d36,2
C_synthetic_lifecycle_orbit,149,0.23538813559322033,2218,RBC,-8.945575040127571e-05,3.455976303815809e-05,4.25152233183625e-09,-0.3223220776563172,-0.1700606448555759,-0.14793988526096905,0.9194028745199746,95239dbaccacb009f49aac4b562f66b8da0a0b6a3dd957d08e8a48a11025d30e,b5b13bcea43486e3e6a7eb4240746e08687e917f7ff335f6d741ea226bf654a8,2
C_synthetic_lifecycle_orbit,149,0.23538813559322033,2219,MB,-5.638973869186375e-05,-2.659986694832697e-05,2.3504486540377335e-09,1.0,0.0,0.0,0.0,d2c544d2025eda257be11dc3dac1821eb315ed073cdb5e6367eb3f40668a2215,f7dfe7fa63ebc056949c418fda18977cd5a74558fc1dc7ff2bab40d6b27d61fd,2
C_synthetic_lifecycle_orbit,149,0.23538813559322033,2220,RBC,8.922454155643526e-05,-3.7368759396258386e-06,1.5281985650122514e-09,0.7609635571488553,-0.5656797815338391,-0.13899933460524078,0.2856922022640605,44a19e6531ff56b0a8a955895ebd1c695a9920c05b4d7c1eab31130aa7764c06,25d5323a334ad77bf34f30fd37ef638a7523a5c0575b7058fc5e7b2c1e2a908f,2
C_synthetic_lifecycle_orbit,150,0.23541186440677966,2216,RBC,2.8651622388122503e-05,-5.1306091179568046e-05,9.831630585538093e-09,0.3661223550047263,0.42003873357706656,-0.7673417688172159,0.317346015083274,0919a54fa38c1c81f999e6058049e95fb275e69163c5bb3950ee4532664123b8,4e2739b104b2554ec41d007cbc30c771a37f3a32d1d0fd4e0646924ac73c72eb,2
C_synthetic_lifecycle_orbit,150,0.23541186440677966,2217,RBC,-7.257319971024491e-05,1.2828170496867174e-05,7.511537806710385e-09,-0.646489459203735,-0.7515617886763786,0.062083712745237433,-0.1155502901415287,02fa36e9e1a5ac53b28358dc3039dd6e72e61228abfa577af6ee995239ae51a5,a8a66db27aeffc85cb6983c4fdf676c13b75a4125618afc40c211dd114385d36,2
C_synthetic_lifecycle_orbit,150,0.23541186440677966,2218,RBC,-8.945575040127571e-05,3.455976303815809e-05,4.844742670819524e-09,-0.3223220776563172,-0.1700606448555759,-0.14793988526096905,0.9194028745199746,95239dbaccacb009f49aac4b562f66b8da0a0b6a3dd957d08e8a48a11025d30e,b5b13bcea43486e3e6a7eb4240746e08687e917f7ff335f6d741ea226bf654a8,2
C_synthetic_lifecycle_orbit,150,0.23541186440677966,2219,MB,-5.638973869186375e-05,-2.659986694832697e-05,2.9436689930210082e-09,1.0,0.0,0.0,0.0,d2c544d2025eda257be11dc3dac1821eb315ed073cdb5e6367eb3f40668a2215,f7dfe7fa63ebc056949c418fda18977cd5a74558fc1dc7ff2bab40d6b27d61fd,2
C_synthetic_lifecycle_orbit,150,0.23541186440677966,2220,RBC,8.922454155643526e-05,-3.7368759396258386e-06,2.121418903995526e-09,0.7609635571488553,-0.5656797815338391,-0.13899933460524078,0.2856922022640605,44a19e6531ff56b0a8a955895ebd1c695a9920c05b4d7c1eab31130aa7764c06,25d5323a334ad77bf34f30fd37ef638a7523a5c0575b7058fc5e7b2c1e2a908f,2
C_synthetic_lifecycle_orbit,151,0.23543559322033897,2217,RBC,-7.257319971024491e-05,1.2828170496867174e-05,8.104758145692965e-09,-0.646489459203735,-0.7515617886763786,0.062083712745237433,-0.1155502901415287,02fa36e9e1a5ac53b28358dc3039dd6e72e61228abfa577af6ee995239ae51a5,a8a66db27aeffc85cb6983c4fdf676c13b75a4125618afc40c211dd114385d36,2
C_synthetic_lifecycle_orbit,151,0.23543559322033897,2218,RBC,-8.945575040127571e-05,3.455976303815809e-05,5.4379630098021046e-09,-0.3223220776563172,-0.1700606448555759,-0.14793988526096905,0.9194028745199746,95239dbaccacb009f49aac4b562f66b8da0a0b6a3dd957d08e8a48a11025d30e,b5b13bcea43486e3e6a7eb4240746e08687e917f7ff335f6d741ea226bf654a8,2
C_synthetic_lifecycle_orbit,151,0.23543559322033897,2219,MB,-5.638973869186375e-05,-2.659986694832697e-05,3.5368893320035885e-09,1.0,0.0,0.0,0.0,d2c544d2025eda257be11dc3dac1821eb315ed073cdb5e6367eb3f40668a2215,f7dfe7fa63ebc056949c418fda18977cd5a74558fc1dc7ff2bab40d6b27d61fd,2
C_synthetic_lifecycle_orbit,151,0.23543559322033897,2220,RBC,8.922454155643526e-05,-3.7368759396258386e-06,2.714639242978106e-09,0.7609635571488553,-0.5656797815338391,-0.13899933460524078,0.2856922022640605,44a19e6531ff56b0a8a955895ebd1c695a9920c05b4d7c1eab31130aa7764c06,25d5323a334ad77bf34f30fd37ef638a7523a5c0575b7058fc5e7b2c1e2a908f,2
C_synthetic_lifecycle_orbit,151,0.23543559322033897,2221,RBC,6.378389281694525e-05,5.178565598189593e-05,2.9986000775471784e-11,-0.7483640495564606,-0.5814832064339593,0.21157301878440427,0.23888362792202963,ef616ee535f844c38c97e72596f4aedb7640f9d09833afac8a16724f63f0261c,7915890689cdba029184b5d090eb1b2ba0d13becd2671560c8e7efdcff8d4699,2
C_synthetic_lifecycle_orbit,152,0.2354593220338983,2217,RBC,-7.257319971024491e-05,1.2828170496867174e-05,8.69797848467624e-09,-0.646489459203735,-0.7515617886763786,0.062083712745237433,-0.1155502901415287,02fa36e9e1a5ac53b28358dc3039dd6e72e61228abfa577af6ee995239ae51a5,a8a66db27aeffc85cb6983c4fdf676c13b75a4125618afc40c211dd114385d36,2
C_synthetic_lifecycle_orbit,152,0.2354593220338983,2218,RBC,-8.945575040127571e-05,3.455976303815809e-05,6.031183348785379e-09,-0.3223220776563172,-0.1700606448555759,-0.14793988526096905,0.9194028745199746,95239dbaccacb009f49aac4b562f66b8da0a0b6a3dd957d08e8a48a11025d30e,b5b13bcea43486e3e6a7eb4240746e08687e917f7ff335f6d741ea226bf654a8,2
C_synthetic_lifecycle_orbit,152,0.2354593220338983,2219,MB,-5.638973869186375e-05,-2.659986694832697e-05,4.130109670986863e-09,1.0,0.0,0.0,0.0,d2c544d2025eda257be11dc3dac1821eb315ed073cdb5e6367eb3f40668a2215,f7dfe7fa63ebc056949c418fda18977cd5a74558fc1dc7ff2bab40d6b27d61fd,2
C_synthetic_lifecycle_orbit,152,0.2354593220338983,2220,RBC,8.922454155643526e-05,-3.7368759396258386e-06,3.3078595819613805e-09,0.7609635571488553,-0.5656797815338391,-0.13899933460524078,0.2856922022640605,44a19e6531ff56b0a8a955895ebd1c695a9920c05b4d7c1eab31130aa7764c06,25d5323a334ad77bf34f30fd37ef638a7523a5c0575b7058fc5e7b2c1e2a908f,2
C_synthetic_lifecycle_orbit,152,0.2354593220338983,2221,RBC,6.378389281694525e-05,5.178565598189593e-05,6.232063397587461e-10,-0.7483640495564606,-0.5814832064339593,0.21157301878440427,0.23888362792202963,ef616ee535f844c38c97e72596f4aedb7640f9d09833afac8a16724f63f0261c,7915890689cdba029184b5d090eb1b2ba0d13becd2671560c8e7efdcff8d4699,2
C_synthetic_lifecycle_orbit,153,0.23548305084745763,2217,RBC,-7.257319971024491e-05,1.2828170496867174e-05,9.291198823659514e-09,-0.646489459203735,-0.7515617886763786,0.062083712745237433,-0.1155502901415287,02fa36e9e1a5ac53b28358dc3039dd6e72e61228abfa577af6ee995239ae51a5,a8a66db27aeffc85cb6983c4fdf676c13b75a4125618afc40c211dd114385d36,2
C_synthetic_lifecycle_orbit,153,0.23548305084745763,2218,RBC,-8.945575040127571e-05,3.455976303815809e-05,6.624403687768653e-09,-0.3223220776563172,-0.1700606448555759,-0.14793988526096905,0.9194028745199746,95239dbaccacb009f49aac4b562f66b8da0a0b6a3dd957d08e8a48a11025d30e,b5b13bcea43486e3e6a7eb4240746e08687e917f7ff335f6d741ea226bf654a8,2
C_synthetic_lifecycle_orbit,153,0.23548305084745763,2219,MB,-5.638973869186375e-05,-2.659986694832697e-05,4.7233300099701374e-09,1.0,0.0,0.0,0.0,d2c544d2025eda257be11dc3dac1821eb315ed073cdb5e6367eb3f40668a2215,f7dfe7fa63ebc056949c418fda18977cd5a74558fc1dc7ff2bab40d6b27d61fd,2
C_synthetic_lifecycle_orbit,153,0.23548305084745763,2220,RBC,8.922454155643526e-05,-3.7368759396258386e-06,3.901079920944655e-09,0.7609635571488553,-0.5656797815338391,-0.13899933460524078,0.2856922022640605,44a19e6531ff56b0a8a955895ebd1c695a9920c05b4d7c1eab31130aa7764c06,25d5323a334ad77bf34f30fd37ef638a7523a5c0575b7058fc5e7b2c1e2a908f,2
C_synthetic_lifecycle_orbit,153,0.23548305084745763,2221,RBC,6.378389281694525e-05,5.178565598189593e-05,1.2164266787420204e-09,-0.7483640495564606,-0.5814832064339593,0.21157301878440427,0.23888362792202963,ef616ee535f844c38c97e72596f4aedb7640f9d09833afac8a16724f63f0261c,7915890689cdba029184b5d090eb1b2ba0d13becd2671560c8e7efdcff8d4699,2
C_synthetic_lifecycle_orbit,154,0.23550677966101694,2217,RBC,-7.257319971024491e-05,1.2828170496867174e-05,9.884419162642094e-09,-0.646489459203735,-0.7515617886763786,0.062083712745237433,-0.1155502901415287,02fa36e9e1a5ac53b28358dc3039dd6e72e61228abfa577af6ee995239ae51a5,a8a66db27aeffc85cb6983c4fdf676c13b75a4125618afc40c211dd114385d36,2
C_synthetic_lifecycle_orbit,154,0.23550677966101694,2218,RBC,-8.945575040127571e-05,3.455976303815809e-05,7.217624026751234e-09,-0.3223220776563172,-0.1700606448555759,-0.14793988526096905,0.9194028745199746,95239dbaccacb009f49aac4b562f66b8da0a0b6a3dd957d08e8a48a11025d30e,b5b13bcea43486e3e6a7eb4240746e08687e917f7ff335f6d741ea226bf654a8,2
C_synthetic_lifecycle_orbit,154,0.23550677966101694,2219,MB,-5.638973869186375e-05,-2.659986694832697e-05,5.316550348952718e-09,1.0,0.0,0.0,0.0,d2c544d2025eda257be11dc3dac1821eb315ed073cdb5e6367eb3f40668a2215,f7dfe7fa63ebc056949c418fda18977cd5a74558fc1dc7ff2bab40d6b27d61fd,2
C_synthetic_lifecycle_orbit,154,0.23550677966101694,2220,RBC,8.922454155643526e-05,-3.7368759396258386e-06,4.494300259927235e-09,0.7609635571488553,-0.5656797815338391,-0.13899933460524078,0.2856922022640605,44a19e6531ff56b0a8a955895ebd1c695a9920c05b4d7c1eab31130aa7764c06,25d5323a334ad77bf34f30fd37ef638a7523a5c0575b7058fc5e7b2c1e2a908f,2
C_synthetic_lifecycle_orbit,154,0.23550677966101694,2221,RBC,6.378389281694525e-05,5.178565598189593e-05,1.8096470177246007e-09,-0.7483640495564606,-0.5814832064339593,0.21157301878440427,0.23888362792202963,ef616ee535f844c38c97e72596f4aedb7640f9d09833afac8a16724f63f0261c,7915890689cdba029184b5d090eb1b2ba0d13becd2671560c8e7efdcff8d4699,2
C_synthetic_lifecycle_orbit,155,0.23553050847457627,2218,RBC,-8.945575040127571e-05,3.455976303815809e-05,7.810844365734508e-09,-0.3223220776563172,-0.1700606448555759,-0.14793988526096905,0.9194028745199746,95239dbaccacb009f49aac4b562f66b8da0a0b6a3dd957d08e8a48a11025d30e,b5b13bcea43486e3e6a7eb4240746e08687e917f7ff335f6d741ea226bf654a8,2
C_synthetic_lifecycle_orbit,155,0.23553050847457627,2219,MB,-5.638973869186375e-05,-2.659986694832697e-05,5.909770687935993e-09,1.0,0.0,0.0,0.0,d2c544d2025eda257be11dc3dac1821eb315ed073cdb5e6367eb3f40668a2215,f7dfe7fa63ebc056949c418fda18977cd5a74558fc1dc7ff2bab40d6b27d61fd,2
C_synthetic_lifecycle_orbit,155,0.23553050847457627,2220,RBC,8.922454155643526e-05,-3.7368759396258386e-06,5.08752059891051e-09,0.7609635571488553,-0.5656797815338391,-0.13899933460524078,0.2856922022640605,44a19e6531ff56b0a8a955895ebd1c695a9920c05b4d7c1eab31130aa7764c06,25d5323a334ad77bf34f30fd37ef638a7523a5c0575b7058fc5e7b2c1e2a908f,2
C_synthetic_lifecycle_orbit,155,0.23553050847457627,2221,RBC,6.378389281694525e-05,5.178565598189593e-05,2.402867356707875e-09,-0.7483640495564606,-0.5814832064339593,0.21157301878440427,0.23888362792202963,ef616ee535f844c38c97e72596f4aedb7640f9d09833afac8a16724f63f0261c,7915890689cdba029184b5d090eb1b2ba0d13becd2671560c8e7efdcff8d4699,2
C_synthetic_lifecycle_orbit,155,0.23553050847457627,2222,RBC,-8.890986149561776e-05,-5.06280433449082e-05,1.2815740972754363e-10,0.36908371547886154,0.8087494328383502,0.45535732295090026,-0.0484899400593067,d46bc871c3edb3b4fa1f3859b8c64cceee13955f1153c3279ae4c56ea8c962f6,71490bbd9e0c7af9d5e9f873991091f015c86893cab79a5417a2d6e2efecbc92,2
C_synthetic_lifecycle_orbit,156,0.2355542372881356,2218,RBC,-8.945575040127571e-05,3.455976303815809e-05,8.404064704717783e-09,-0.3223220776563172,-0.1700606448555759,-0.14793988526096905,0.9194028745199746,95239dbaccacb009f49aac4b562f66b8da0a0b6a3dd957d08e8a48a11025d30e,b5b13bcea43486e3e6a7eb4240746e08687e917f7ff335f6d741ea226bf654a8,2
C_synthetic_lifecycle_orbit,156,0.2355542372881356,2219,MB,-5.638973869186375e-05,-2.659986694832697e-05,6.502991026919266e-09,1.0,0.0,0.0,0.0,d2c544d2025eda257be11dc3dac1821eb315ed073cdb5e6367eb3f40668a2215,f7dfe7fa63ebc056949c418fda18977cd5a74558fc1dc7ff2bab40d6b27d61fd,2
C_synthetic_lifecycle_orbit,156,0.2355542372881356,2220,RBC,8.922454155643526e-05,-3.7368759396258386e-06,5.680740937893784e-09,0.7609635571488553,-0.5656797815338391,-0.13899933460524078,0.2856922022640605,44a19e6531ff56b0a8a955895ebd1c695a9920c05b4d7c1eab31130aa7764c06,25d5323a334ad77bf34f30fd37ef638a7523a5c0575b7058fc5e7b2c1e2a908f,2
C_synthetic_lifecycle_orbit,156,0.2355542372881356,2221,RBC,6.378389281694525e-05,5.178565598189593e-05,2.9960876956911494e-09,-0.7483640495564606,-0.5814832064339593,0.21157301878440427,0.23888362792202963,ef616ee535f844c38c97e72596f4aedb7640f9d09833afac8a16724f63f0261c,7915890689cdba029184b5d090eb1b2ba0d13becd2671560c8e7efdcff8d4699,2
C_synthetic_lifecycle_orbit,156,0.2355542372881356,2222,RBC,-8.890986149561776e-05,-5.06280433449082e-05,7.21377748710818e-10,0.36908371547886154,0.8087494328383502,0.45535732295090026,-0.0484899400593067,d46bc871c3edb3b4fa1f3859b8c64cceee13955f1153c3279ae4c56ea8c962f6,71490bbd9e0c7af9d5e9f873991091f015c86893cab79a5417a2d6e2efecbc92,2
C_synthetic_lifecycle_orbit,157,0.2355779661016949,2218,RBC,-8.945575040127571e-05,3.455976303815809e-05,8.997285043700363e-09,-0.3223220776563172,-0.1700606448555759,-0.14793988526096905,0.9194028745199746,95239dbaccacb009f49aac4b562f66b8da0a0b6a3dd957d08e8a48a11025d30e,b5b13bcea43486e3e6a7eb4240746e08687e917f7ff335f6d741ea226bf654a8,2
C_synthetic_lifecycle_orbit,157,0.2355779661016949,2219,MB,-5.638973869186375e-05,-2.659986694832697e-05,7.0962113659018465e-09,1.0,0.0,0.0,0.0,d2c544d2025eda257be11dc3dac1821eb315ed073cdb5e6367eb3f40668a2215,f7dfe7fa63ebc056949c418fda18977cd5a74558fc1dc7ff2bab40d6b27d61fd,2
C_synthetic_lifecycle_orbit,157,0.2355779661016949,2220,RBC,8.922454155643526e-05,-3.7368759396258386e-06,6.273961276876364e-09,0.7609635571488553,-0.5656797815338391,-0.13899933460524078,0.2856922022640605,44a19e6531ff56b0a8a955895ebd1c695a9920c05b4d7c1eab31130aa7764c06,25d5323a334ad77bf34f30fd37ef638a7523a5c0575b7058fc5e7b2c1e2a908f,2
C_synthetic_lifecycle_orbit,157,0.2355779661016949,2221,RBC,6.378389281694525e-05,5.178565598189593e-05,3.58930803467373e-09,-0.7483640495564606,-0.5814832064339593,0.21157301878440427,0.23888362792202963,ef616ee535f844c38c97e72596f4aedb7640f9d09833afac8a16724f63f0261c,7915890689cdba029184b5d090eb1b2ba0d13becd2671560c8e7efdcff8d4699,2
C_synthetic_lifecycle_orbit,157,0.2355779661016949,2222,RBC,-8.890986149561776e-05,-5.06280433449082e-05,1.3145980876933983e-09,0.36908371547886154,0.8087494328383502,0.45535732295090026,-0.0484899400593067,d46bc871c3edb3b4fa1f3859b8c64cceee13955f1153c3279ae4c56ea8c962f6,71490bbd9e0c7af9d5e9f873991091f015c86893cab79a5417a2d6e2efecbc92,2
C_synthetic_lifecycle_orbit,158,0.23560169491525423,2218,RBC,-8.945575040127571e-05,3.455976303815809e-05,9.590505382683638e-09,-0.3223220776563172,-0.1700606448555759,-0.14793988526096905,0.9194028745199746,95239dbaccacb009f49aac4b562f66b8da0a0b6a3dd957d08e8a48a11025d30e,b5b13bcea43486e3e6a7eb4240746e08687e917f7ff335f6d741ea226bf654a8,2
C_synthetic_lifecycle_orbit,158,0.23560169491525423,2219,MB,-5.638973869186375e-05,-2.659986694832697e-05,7.68943170488512e-09,1.0,0.0,0.0,0.0,d2c544d2025eda257be11dc3dac1821eb315ed073cdb5e6367eb3f40668a2215,f7dfe7fa63ebc056949c418fda18977cd5a74558fc1dc7ff2bab40d6b27d61fd,2
C_synthetic_lifecycle_orbit,158,0.23560169491525423,2220,RBC,8.922454155643526e-05,-3.7368759396258386e-06,6.867181615859639e-09,0.7609635571488553,-0.5656797815338391,-0.13899933460524078,0.2856922022640605,44a19e6531ff56b0a8a955895ebd1c695a9920c05b4d7c1eab31130aa7764c06,25d5323a334ad77bf34f30fd37ef638a7523a5c0575b7058fc5e7b2c1e2a908f,2
C_synthetic_lifecycle_orbit,158,0.23560169491525423,2221,RBC,6.378389281694525e-05,5.178565598189593e-05,4.182528373657004e-09,-0.7483640495564606,-0.5814832064339593,0.21157301878440427,0.23888362792202963,ef616ee535f844c38c97e72596f4aedb7640f9d09833afac8a16724f63f0261c,7915890689cdba029184b5d090eb1b2ba0d13becd2671560c8e7efdcff8d4699,2
C_synthetic_lifecycle_orbit,158,0.23560169491525423,2222,RBC,-8.890986149561776e-05,-5.06280433449082e-05,1.907818426676673e-09,0.36908371547886154,0.8087494328383502,0.45535732295090026,-0.0484899400593067,d46bc871c3edb3b4fa1f3859b8c64cceee13955f1153c3279ae4c56ea8c962f6,71490bbd9e0c7af9d5e9f873991091f015c86893cab79a5417a2d6e2efecbc92,2
C_synthetic_lifecycle_orbit,159,0.23562542372881357,2219,MB,-5.638973869186375e-05,-2.659986694832697e-05,8.282652043868394e-09,1.0,0.0,0.0,0.0,d2c544d2025eda257be11dc3dac1821eb315ed073cdb5e6367eb3f40668a2215,f7dfe7fa63ebc056949c418fda18977cd5a74558fc1dc7ff2bab40d6b27d61fd,2
C_synthetic_lifecycle_orbit,159,0.23562542372881357,2220,RBC,8.922454155643526e-05,-3.7368759396258386e-06,7.460401954842914e-09,0.7609635571488553,-0.5656797815338391,-0.13899933460524078,0.2856922022640605,44a19e6531ff56b0a8a955895ebd1c695a9920c05b4d7c1eab31130aa7764c06,25d5323a334ad77bf34f30fd37ef638a7523a5c0575b7058fc5e7b2c1e2a908f,2
C_synthetic_lifecycle_orbit,159,0.23562542372881357,2221,RBC,6.378389281694525e-05,5.178565598189593e-05,4.775748712640279e-09,-0.7483640495564606,-0.5814832064339593,0.21157301878440427,0.23888362792202963,ef616ee535f844c38c97e72596f4aedb7640f9d09833afac8a16724f63f0261c,7915890689cdba029184b5d090eb1b2ba0d13becd2671560c8e7efdcff8d4699,2
C_synthetic_lifecycle_orbit,159,0.23562542372881357,2222,RBC,-8.890986149561776e-05,-5.06280433449082e-05,2.501038765659947e-09,0.36908371547886154,0.8087494328383502,0.45535732295090026,-0.0484899400593067,d46bc871c3edb3b4fa1f3859b8c64cceee13955f1153c3279ae4c56ea8c962f6,71490bbd9e0c7af9d5e9f873991091f015c86893cab79a5417a2d6e2efecbc92,2
C_synthetic_lifecycle_orbit,159,0.23562542372881357,2223,RBC,-1.0169531681403145e-07,8.027685398128159e-05,2.5758292250612584e-10,-0.26005330611472965,-0.7945486114827424,-0.5352904725831381,-0.1205358533025151,6a13c94532dfffe5b3ec2c6300e81bed361d8b0263768e05c5c512c64f52813c,6df08f63a6708e814d8afd523e4421a5acaf3fbd1c942f779351ada94caca7ec,2
C_synthetic_lifecycle_orbit,160,0.23564915254237287,2219,MB,-5.638973869186375e-05,-2.659986694832697e-05,8.875872382850976e-09,1.0,0.0,0.0,0.0,d2c544d2025eda257be11dc3dac1821eb315ed073cdb5e6367eb3f40668a2215,f7dfe7fa63ebc056949c418fda18977cd5a74558fc1dc7ff2bab40d6b27d61fd,2
C_synthetic_lifecycle_orbit,160,0.23564915254237287,2220,RBC,8.922454155643526e-05,-3.7368759396258386e-06,8.053622293825493e-09,0.7609635571488553,-0.5656797815338391,-0.13899933460524078,0.2856922022640605,44a19e6531ff56b0a8a955895ebd1c695a9920c05b4d7c1eab31130aa7764c06,25d5323a334ad77bf34f30fd37ef638a7523a5c0575b7058fc5e7b2c1e2a908f,2
C_synthetic_lifecycle_orbit,160,0.23564915254237287,2221,RBC,6.378389281694525e-05,5.178565598189593e-05,5.368969051622858e-09,-0.7483640495564606,-0.5814832064339593,0.21157301878440427,0.23888362792202963,ef616ee535f844c38c97e72596f4aedb7640f9d09833afac8a16724f63f0261c,7915890689cdba029184b5d090eb1b2ba0d13becd2671560c8e7efdcff8d4699,2
C_synthetic_lifecycle_orbit,160,0.23564915254237287,2222,RBC,-8.890986149561776e-05,-5.06280433449082e-05,3.0942591046425274e-09,0.36908371547886154,0.8087494328383502,0.45535732295090026,-0.0484899400593067,d46bc871c3edb3b4fa1f3859b8c64cceee13955f1153c3279ae4c56ea8c962f6,71490bbd9e0c7af9d5e9f873991091f015c86893cab79a5417a2d6e2efecbc92,2
C_synthetic_lifecycle_orbit,160,0.23564915254237287,2223,RBC,-1.0169531681403145e-07,8.027685398128159e-05,8.508032614887063e-10,-0.26005330611472965,-0.7945486114827424,-0.5352904725831381,-0.1205358533025151,6a13c94532dfffe5b3ec2c6300e81bed361d8b0263768e05c5c512c64f52813c,6df08f63a6708e814d8afd523e4421a5acaf3fbd1c942f779351ada94caca7ec,2
C_synthetic_lifecycle_orbit,161,0.2356728813559322,2219,MB,-5.638973869186375e-05,-2.659986694832697e-05,9.469092721834251e-09,1.0,0.0,0.0,0.0,d2c544d2025eda257be11dc3dac1821eb315ed073cdb5e6367eb3f40668a2215,f7dfe7fa63ebc056949c418fda18977cd5a74558fc1dc7ff2bab40d6b27d61fd,2
C_synthetic_lifecycle_orbit,161,0.2356728813559322,2220,RBC,8.922454155643526e-05,-3.7368759396258386e-06,8.646842632808768e-09,0.7609635571488553,-0.5656797815338391,-0.13899933460524078,0.2856922022640605,44a19e6531ff56b0a8a955895ebd1c695a9920c05b4d7c1eab31130aa7764c06,25d5323a334ad77bf34f30fd37ef638a7523a5c0575b7058fc5e7b2c1e2a908f,2
C_synthetic_lifecycle_orbit,161,0.2356728813559322,2221,RBC,6.378389281694525e-05,5.178565598189593e-05,5.962189390606133e-09,-0.7483640495564606,-0.5814832064339593,0.21157301878440427,0.23888362792202963,ef616ee535f844c38c97e72596f4aedb7640f9d09833afac8a16724f63f0261c,7915890689cdba029184b5d090eb1b2ba0d13becd2671560c8e7efdcff8d4699,2
C_synthetic_lifecycle_orbit,161,0.2356728813559322,2222,RBC,-8.890986149561776e-05,-5.06280433449082e-05,3.687479443625802e-09,0.36908371547886154,0.8087494328383502,0.45535732295090026,-0.0484899400593067,d46bc871c3edb3b4fa1f3859b8c64cceee13955f1153c3279ae4c56ea8c962f6,71490bbd9e0c7af9d5e9f873991091f015c86893cab79a5417a2d6e2efecbc92,2
C_synthetic_lifecycle_orbit,161,0.2356728813559322,2223,RBC,-1.0169531681403145e-07,8.027685398128159e-05,1.4440236004719806e-09,-0.26005330611472965,-0.7945486114827424,-0.5352904725831381,-0.1205358533025151,6a13c94532dfffe5b3ec2c6300e81bed361d8b0263768e05c5c512c64f52813c,6df08f63a6708e814d8afd523e4421a5acaf3fbd1c942f779351ada94caca7ec,2
C_synthetic_lifecycle_orbit,162,0.23569661016949153,2220,RBC,8.922454155643526e-05,-3.7368759396258386e-06,9.240062971792043e-09,0.7609635571488553,-0.5656797815338391,-0.13899933460524078,0.2856922022640605,44a19e6531ff56b0a8a955895ebd1c695a9920c05b4d7c1eab31130aa7764c06,25d5323a334ad77bf34f30fd37ef638a7523a5c0575b7058fc5e7b2c1e2a908f,2
C_synthetic_lifecycle_orbit,162,0.23569661016949153,2221,RBC,6.378389281694525e-05,5.178565598189593e-05,6.5554097295894074e-09,-0.7483640495564606,-0.5814832064339593,0.21157301878440427,0.23888362792202963,ef616ee535f844c38c97e72596f4aedb7640f9d09833afac8a16724f63f0261c,7915890689cdba029184b5d090eb1b2ba0d13becd2671560c8e7efdcff8d4699,2
C_synthetic_lifecycle_orbit,162,0.23569661016949153,2222,RBC,-8.890986149561776e-05,-5.06280433449082e-05,4.280699782609076e-09,0.36908371547886154,0.8087494328383502,0.45535732295090026,-0.0484899400593067,d46bc871c3edb3b4fa1f3859b8c64cceee13955f1153c3279ae4c56ea8c962f6,71490bbd9e0c7af9d5e9f873991091f015c86893cab79a5417a2d6e2efecbc92,2
C_synthetic_lifecycle_orbit,162,0.23569661016949153,2223,RBC,-1.0169531681403145e-07,8.027685398128159e-05,2.037243939455255e-09,-0.26005330611472965,-0.7945486114827424,-0.5352904725831381,-0.1205358533025151,6a13c94532dfffe5b3ec2c6300e81bed361d8b0263768e05c5c512c64f52813c,6df08f63a6708e814d8afd523e4421a5acaf3fbd1c942f779351ada94caca7ec,2
C_synthetic_lifecycle_orbit,163,0.23572033898305084,2220,RBC,8.922454155643526e-05,-3.7368759396258386e-06,9.833283310774622e-09,0.7609635571488553,-0.5656797815338391,-0.13899933460524078,0.2856922022640605,44a19e6531ff56b0a8a955895ebd1c695a9920c05b4d7c1eab31130aa7764c06,25d5323a334ad77bf34f30fd37ef638a7523a5c0575b7058fc5e7b2c1e2a908f,2
C_synthetic_lifecycle_orbit,163,0.23572033898305084,2221,RBC,6.378389281694525e-05,5.178565598189593e-05,7.1486300685719885e-09,-0.7483640495564606,-0.5814832064339593,0.21157301878440427,0.23888362792202963,ef616ee535f844c38c97e72596f4aedb7640f9d09833afac8a16724f63f0261c,7915890689cdba029184b5d090eb1b2ba0d13becd2671560c8e7efdcff8d4699,2
C_synthetic_lifecycle_orbit,163,0.23572033898305084,2222,RBC,-8.890986149561776e-05,-5.06280433449082e-05,4.873920121591657e-09,0.36908371547886154,0.8087494328383502,0.45535732295090026,-0.0484899400593067,d46bc871c3edb3b4fa1f3859b8c64cceee13955f1153c3279ae4c56ea8c962f6,71490bbd9e0c7af9d5e9f873991091f015c86893cab79a5417a2d6e2efecbc92,2
C_synthetic_lifecycle_orbit,163,0.23572033898305084,2223,RBC,-1.0169531681403145e-07,8.027685398128159e-05,2.630464278437835e-09,-0.26005330611472965,-0.7945486114827424,-0.5352904725831381,-0.1205358533025151,6a13c94532dfffe5b3ec2c6300e81bed361d8b0263768e05c5c512c64f52813c,6df08f63a6708e814d8afd523e4421a5acaf3fbd1c942f779351ada94caca7ec,2
C_synthetic_lifecycle_orbit,163,0.23572033898305084,2224,RBC,4.509699602786991e-05,1.153156706981808e-05,5.716302444336133e-10,0.3452011114484743,0.3545800881153982,0.3130113897591648,0.8106374181148134,db27a0c6816c273b4b41305c96fd59dc9c75446eea3bf7073267e32bc978d9a1,15c140b9422638d4d345c5f0470c9126a1c1b746826f22fd6be2d39652d20cb8,2
C_synthetic_lifecycle_orbit,164,0.23574406779661017,2221,RBC,6.378389281694525e-05,5.178565598189593e-05,7.741850407555262e-09,-0.7483640495564606,-0.5814832064339593,0.21157301878440427,0.23888362792202963,ef616ee535f844c38c97e72596f4aedb7640f9d09833afac8a16724f63f0261c,7915890689cdba029184b5d090eb1b2ba0d13becd2671560c8e7efdcff8d4699,2
C_synthetic_lifecycle_orbit,164,0.23574406779661017,2222,RBC,-8.890986149561776e-05,-5.06280433449082e-05,5.467140460574931e-09,0.36908371547886154,0.8087494328383502,0.45535732295090026,-0.0484899400593067,d46bc871c3edb3b4fa1f3859b8c64cceee13955f1153c3279ae4c56ea8c962f6,71490bbd9e0c7af9d5e9f873991091f015c86893cab79a5417a2d6e2efecbc92,2
C_synthetic_lifecycle_orbit,164,0.23574406779661017,2223,RBC,-1.0169531681403145e-07,8.027685398128159e-05,3.22368461742111e-09,-0.26005330611472965,-0.7945486114827424,-0.5352904725831381,-0.1205358533025151,6a13c94532dfffe5b3ec2c6300e81bed361d8b0263768e05c5c512c64f52813c,6df08f63a6708e814d8afd523e4421a5acaf3fbd1c942f779351ada94caca7ec,2
C_synthetic_lifecycle_orbit,164,0.23574406779661017,2224,RBC,4.509699602786991e-05,1.153156706981808e-05,1.1648505834168878e-09,0.3452011114484743,0.3545800881153982,0.3130113897591648,0.8106374181148134,db27a0c6816c273b4b41305c96fd59dc9c75446eea3bf7073267e32bc978d9a1,15c140b9422638d4d345c5f0470c9126a1c1b746826f22fd6be2d39652d20cb8,2
C_synthetic_lifecycle_orbit,165,0.2357677966101695,2221,RBC,6.378389281694525e-05,5.178565598189593e-05,8.335070746538537e-09,-0.7483640495564606,-0.5814832064339593,0.21157301878440427,0.23888362792202963,ef616ee535f844c38c97e72596f4aedb7640f9d09833afac8a16724f63f0261c,7915890689cdba029184b5d090eb1b2ba0d13becd2671560c8e7efdcff8d4699,2
C_synthetic_lifecycle_orbit,165,0.2357677966101695,2222,RBC,-8.890986149561776e-05,-5.06280433449082e-05,6.0603607995582055e-09,0.36908371547886154,0.8087494328383502,0.45535732295090026,-0.0484899400593067,d46bc871c3edb3b4fa1f3859b8c64cceee13955f1153c3279ae4c56ea8c962f6,71490bbd9e0c7af9d5e9f873991091f015c86893cab79a5417a2d6e2efecbc92,2
C_synthetic_lifecycle_orbit,165,0.2357677966101695,2223,RBC,-1.0169531681403145e-07,8.027685398128159e-05,3.816904956404384e-09,-0.26005330611472965,-0.7945486114827424,-0.5352904725831381,-0.1205358533025151,6a13c94532dfffe5b3ec2c6300e81bed361d8b0263768e05c5c512c64f52813c,6df08f63a6708e814d8afd523e4421a5acaf3fbd1c942f779351ada94caca7ec,2
C_synthetic_lifecycle_orbit,165,0.2357677966101695,2224,RBC,4.509699602786991e-05,1.153156706981808e-05,1.758070922400162e-09,0.3452011114484743,0.3545800881153982,0.3130113897591648,0.8106374181148134,db27a0c6816c273b4b41305c96fd59dc9c75446eea3bf7073267e32bc978d9a1,15c140b9422638d4d345c5f0470c9126a1c1b746826f22fd6be2d39652d20cb8,2
C_synthetic_lifecycle_orbit,166,0.2357915254237288,2221,RBC,6.378389281694525e-05,5.178565598189593e-05,8.928291085521117e-09,-0.7483640495564606,-0.5814832064339593,0.21157301878440427,0.23888362792202963,ef616ee535f844c38c97e72596f4aedb7640f9d09833afac8a16724f63f0261c,7915890689cdba029184b5d090eb1b2ba0d13becd2671560c8e7efdcff8d4699,2
C_synthetic_lifecycle_orbit,166,0.2357915254237288,2222,RBC,-8.890986149561776e-05,-5.06280433449082e-05,6.653581138540785e-09,0.36908371547886154,0.8087494328383502,0.45535732295090026,-0.0484899400593067,d46bc871c3edb3b4fa1f3859b8c64cceee13955f1153c3279ae4c56ea8c962f6,71490bbd9e0c7af9d5e9f873991091f015c86893cab79a5417a2d6e2efecbc92,2
C_synthetic_lifecycle_orbit,166,0.2357915254237288,2223,RBC,-1.0169531681403145e-07,8.027685398128159e-05,4.410125295386964e-09,-0.26005330611472965,-0.7945486114827424,-0.5352904725831381,-0.1205358533025151,6a13c94532dfffe5b3ec2c6300e81bed361d8b0263768e05c5c512c64f52813c,6df08f63a6708e814d8afd523e4421a5acaf3fbd1c942f779351ada94caca7ec,2
C_synthetic_lifecycle_orbit,166,0.2357915254237288,2224,RBC,4.509699602786991e-05,1.153156706981808e-05,2.3512912613827423e-09,0.3452011114484743,0.3545800881153982,0.3130113897591648,0.8106374181148134,db27a0c6816c273b4b41305c96fd59dc9c75446eea3bf7073267e32bc978d9a1,15c140b9422638d4d345c5f0470c9126a1c1b746826f22fd6be2d39652d20cb8,2
C_synthetic_lifecycle_orbit,166,0.2357915254237288,2225,RBC,-2.4006934358750923e-05,3.306240273788746e-05,3.4298450794083686e-11,-0.35616723976336206,-0.7261244345307488,0.4362671957762328,0.39440985888576624,0554e5fa8c8429cab5d2427aedeb6827d8ac5387d7970bac982028a7342a5c9c,d081e8aea97c3a0c7e70a4415666beee89ef2e40eee04eabbd078757a2301096,2
C_synthetic_lifecycle_orbit,167,0.23581525423728814,2221,RBC,6.378389281694525e-05,5.178565598189593e-05,9.52151142450439e-09,-0.7483640495564606,-0.5814832064339593,0.21157301878440427,0.23888362792202963,ef616ee535f844c38c97e72596f4aedb7640f9d09833afac8a16724f63f0261c,7915890689cdba029184b5d090eb1b2ba0d13becd2671560c8e7efdcff8d4699,2
C_synthetic_lifecycle_orbit,167,0.23581525423728814,2222,RBC,-8.890986149561776e-05,-5.06280433449082e-05,7.24680147752406e-09,0.36908371547886154,0.8087494328383502,0.45535732295090026,-0.0484899400593067,d46bc871c3edb3b4fa1f3859b8c64cceee13955f1153c3279ae4c56ea8c962f6,71490bbd9e0c7af9d5e9f873991091f015c86893cab79a5417a2d6e2efecbc92,2
C_synthetic_lifecycle_orbit,167,0.23581525423728814,2223,RBC,-1.0169531681403145e-07,8.027685398128159e-05,5.003345634370239e-09,-0.26005330611472965,-0.7945486114827424,-0.5352904725831381,-0.1205358533025151,6a13c94532dfffe5b3ec2c6300e81bed361d8b0263768e05c5c512c64f52813c,6df08f63a6708e814d8afd523e4421a5acaf3fbd1c942f779351ada94caca7ec,2
C_synthetic_lifecycle_orbit,167,0.23581525423728814,2224,RBC,4.509699602786991e-05,1.153156706981808e-05,2.9445116003660166e-09,0.3452011114484743,0.3545800881153982,0.3130113897591648,0.8106374181148134,db27a0c6816c273b4b41305c96fd59dc9c75446eea3bf7073267e32bc978d9a1,15c140b9422638d4d345c5f0470c9126a1c1b746826f22fd6be2d39652d20cb8,2
C_synthetic_lifecycle_orbit,167,0.23581525423728814,2225,RBC,-2.4006934358750923e-05,3.306240273788746e-05,6.275187897773579e-10,-0.35616723976336206,-0.7261244345307488,0.4362671957762328,0.39440985888576624,0554e5fa8c8429cab5d2427aedeb6827d8ac5387d7970bac982028a7342a5c9c,d081e8aea97c3a0c7e70a4415666beee89ef2e40eee04eabbd078757a2301096,2
C_synthetic_lifecycle_orbit,168,0.23583898305084747,2222,RBC,-8.890986149561776e-05,-5.06280433449082e-05,7.840021816507335e-09,0.36908371547886154,0.8087494328383502,0.45535732295090026,-0.0484899400593067,d46bc871c3edb3b4fa1f3859b8c64cceee13955f1153c3279ae4c56ea8c962f6,71490bbd9e0c7af9d5e9f873991091f015c86893cab79a5417a2d6e2efecbc92,2
C_synthetic_lifecycle_orbit,168,0.23583898305084747,2223,RBC,-1.0169531681403145e-07,8.027685398128159e-05,5.596565973353513e-09,-0.26005330611472965,-0.7945486114827424,-0.5352904725831381,-0.1205358533025151,6a13c94532dfffe5b3ec2c6300e81bed361d8b0263768e05c5c512c64f52813c,6df08f63a6708e814d8afd523e4421a5acaf3fbd1c942f779351ada94caca7ec,2
C_synthetic_lifecycle_orbit,168,0.23583898305084747,2224,RBC,4.509699602786991e-05,1.153156706981808e-05,3.537731939349291e-09,0.3452011114484743,0.3545800881153982,0.3130113897591648,0.8106374181148134,db27a0c6816c273b4b41305c96fd59dc9c75446eea3bf7073267e32bc978d9a1,15c140b9422638d4d345c5f0470c9126a1c1b746826f22fd6be2d39652d20cb8,2
C_synthetic_lifecycle_orbit,168,0.23583898305084747,2225,RBC,-2.4006934358750923e-05,3.306240273788746e-05,1.2207391287606323e-09,-0.35616723976336206,-0.7261244345307488,0.4362671957762328,0.39440985888576624,0554e5fa8c8429cab5d2427aedeb6827d8ac5387d7970bac982028a7342a5c9c,d081e8aea97c3a0c7e70a4415666beee89ef2e40eee04eabbd078757a2301096,2
C_synthetic_lifecycle_orbit,169,0.23586271186440677,2222,RBC,-8.890986149561776e-05,-5.06280433449082e-05,8.433242155489914e-09,0.36908371547886154,0.8087494328383502,0.45535732295090026,-0.0484899400593067,d46bc871c3edb3b4fa1f3859b8c64cceee13955f1153c3279ae4c56ea8c962f6,71490bbd9e0c7af9d5e9f873991091f015c86893cab79a5417a2d6e2efecbc92,2
C_synthetic_lifecycle_orbit,169,0.23586271186440677,2223,RBC,-1.0169531681403145e-07,8.027685398128159e-05,6.189786312336093e-09,-0.26005330611472965,-0.7945486114827424,-0.5352904725831381,-0.1205358533025151,6a13c94532dfffe5b3ec2c6300e81bed361d8b0263768e05c5c512c64f52813c,6df08f63a6708e814d8afd523e4421a5acaf3fbd1c942f779351ada94caca7ec,2
C_synthetic_lifecycle_orbit,169,0.23586271186440677,2224,RBC,4.509699602786991e-05,1.153156706981808e-05,4.130952278331871e-09,0.3452011114484743,0.3545800881153982,0.3130113897591648,0.8106374181148134,db27a0c6816c273b4b41305c96fd59dc9c75446eea3bf7073267e32bc978d9a1,15c140b9422638d4d345c5f0470c9126a1c1b746826f22fd6be2d39652d20cb8,2
C_synthetic_lifecycle_orbit,169,0.23586271186440677,2225,RBC,-2.4006934358750923e-05,3.306240273788746e-05,1.8139594677432128e-09,-0.35616723976336206,-0.7261244345307488,0.4362671957762328,0.39440985888576624,0554e5fa8c8429cab5d2427aedeb6827d8ac5387d7970bac982028a7342a5c9c,d081e8aea97c3a0c7e70a4415666beee89ef2e40eee04eabbd078757a2301096,2
C_synthetic_lifecycle_orbit,170,0.2358864406779661,2222,RBC,-8.890986149561776e-05,-5.06280433449082e-05,9.026462494473189e-09,0.36908371547886154,0.8087494328383502,0.45535732295090026,-0.0484899400593067,d46bc871c3edb3b4fa1f3859b8c64cceee13955f1153c3279ae4c56ea8c962f6,71490bbd9e0c7af9d5e9f873991091f015c86893cab79a5417a2d6e2efecbc92,2
C_synthetic_lifecycle_orbit,170,0.2358864406779661,2223,RBC,-1.0169531681403145e-07,8.027685398128159e-05,6.783006651319368e-09,-0.26005330611472965,-0.7945486114827424,-0.5352904725831381,-0.1205358533025151,6a13c94532dfffe5b3ec2c6300e81bed361d8b0263768e05c5c512c64f52813c,6df08f63a6708e814d8afd523e4421a5acaf3fbd1c942f779351ada94caca7ec,2
C_synthetic_lifecycle_orbit,170,0.2358864406779661,2224,RBC,4.509699602786991e-05,1.153156706981808e-05,4.724172617315145e-09,0.3452011114484743,0.3545800881153982,0.3130113897591648,0.8106374181148134,db27a0c6816c273b4b41305c96fd59dc9c75446eea3bf7073267e32bc978d9a1,15c140b9422638d4d345c5f0470c9126a1c1b746826f22fd6be2d39652d20cb8,2
C_synthetic_lifecycle_orbit,170,0.2358864406779661,2225,RBC,-2.4006934358750923e-05,3.306240273788746e-05,2.407179806726487e-09,-0.35616723976336206,-0.7261244345307488,0.4362671957762328,0.39440985888576624,0554e5fa8c8429cab5d2427aedeb6827d8ac5387d7970bac982028a7342a5c9c,d081e8aea97c3a0c7e70a4415666beee89ef2e40eee04eabbd078757a2301096,2
C_synthetic_lifecycle_orbit,171,0.23591016949152543,2222,RBC,-8.890986149561776e-05,-5.06280433449082e-05,9.619682833456464e-09,0.36908371547886154,0.8087494328383502,0.45535732295090026,-0.0484899400593067,d46bc871c3edb3b4fa1f3859b8c64cceee13955f1153c3279ae4c56ea8c962f6,71490bbd9e0c7af9d5e9f873991091f015c86893cab79a5417a2d6e2efecbc92,2
C_synthetic_lifecycle_orbit,171,0.23591016949152543,2223,RBC,-1.0169531681403145e-07,8.027685398128159e-05,7.376226990302642e-09,-0.26005330611472965,-0.7945486114827424,-0.5352904725831381,-0.1205358533025151,6a13c94532dfffe5b3ec2c6300e81bed361d8b0263768e05c5c512c64f52813c,6df08f63a6708e814d8afd523e4421a5acaf3fbd1c942f779351ada94caca7ec,2
C_synthetic_lifecycle_orbit,171,0.23591016949152543,2224,RBC,4.509699602786991e-05,1.153156706981808e-05,5.3173929562984205e-09,0.3452011114484743,0.3545800881153982,0.3130113897591648,0.8106374181148134,db27a0c6816c273b4b41305c96fd59dc9c75446eea3bf7073267e32bc978d9a1,15c140b9422638d4d345c5f0470c9126a1c1b746826f22fd6be2d39652d20cb8,2
C_synthetic_lifecycle_orbit,171,0.23591016949152543,2225,RBC,-2.4006934358750923e-05,3.306240273788746e-05,3.0004001457097613e-09,-0.35616723976336206,-0.7261244345307488,0.4362671957762328,0.39440985888576624,0554e5fa8c8429cab5d2427aedeb6827d8ac5387d7970bac982028a7342a5c9c,d081e8aea97c3a0c7e70a4415666beee89ef2e40eee04eabbd078757a2301096,2
C_synthetic_lifecycle_orbit,171,0.23591016949152543,2226,RBC,8.129219008106031e-05,5.279707591142483e-05,4.822725983989612e-10,0.18816396419813045,0.49988926423920116,-0.6419492782238102,0.5500965099539933,7e73090c0613f7dc2bc965169da6709dc4814666a7a78050babca2def19e1248,14b8e6ea3c3add7f753412788b891f73faef51c234613dd05c3e9e261c3fcb4e,2
C_synthetic_lifecycle_orbit,172,0.23593389830508474,2223,RBC,-1.0169531681403145e-07,8.027685398128159e-05,7.969447329285222e-09,-0.26005330611472965,-0.7945486114827424,-0.5352904725831381,-0.1205358533025151,6a13c94532dfffe5b3ec2c6300e81bed361d8b0263768e05c5c512c64f52813c,6df08f63a6708e814d8afd523e4421a5acaf3fbd1c942f779351ada94caca7ec,2
C_synthetic_lifecycle_orbit,172,0.23593389830508474,2224,RBC,4.509699602786991e-05,1.153156706981808e-05,5.910613295281001e-09,0.3452011114484743,0.3545800881153982,0.3130113897591648,0.8106374181148134,db27a0c6816c273b4b41305c96fd59dc9c75446eea3bf7073267e32bc978d9a1,15c140b9422638d4d345c5f0470c9126a1c1b746826f22fd6be2d39652d20cb8,2
C_synthetic_lifecycle_orbit,172,0.23593389830508474,2225,RBC,-2.4006934358750923e-05,3.306240273788746e-05,3.593620484692342e-09,-0.35616723976336206,-0.7261244345307488,0.4362671957762328,0.39440985888576624,0554e5fa8c8429cab5d2427aedeb6827d8ac5387d7970bac982028a7342a5c9c,d081e8aea97c3a0c7e70a4415666beee89ef2e40eee04eabbd078757a2301096,2
C_synthetic_lifecycle_orbit,172,0.23593389830508474,2226,RBC,8.129219008106031e-05,5.279707591142483e-05,1.0754929373815416e-09,0.18816396419813045,0.49988926423920116,-0.6419492782238102,0.5500965099539933,7e73090c0613f7dc2bc965169da6709dc4814666a7a78050babca2def19e1248,14b8e6ea3c3add7f753412788b891f73faef51c234613dd05c3e9e261c3fcb4e,2
C_synthetic_lifecycle_orbit,173,0.23595762711864407,2223,RBC,-1.0169531681403145e-07,8.027685398128159e-05,8.562667668268497e-09,-0.26005330611472965,-0.7945486114827424,-0.5352904725831381,-0.1205358533025151,6a13c94532dfffe5b3ec2c6300e81bed361d8b0263768e05c5c512c64f52813c,6df08f63a6708e814d8afd523e4421a5acaf3fbd1c942f779351ada94caca7ec,2
C_synthetic_lifecycle_orbit,173,0.23595762711864407,2224,RBC,4.509699602786991e-05,1.153156706981808e-05,6.503833634264274e-09,0.3452011114484743,0.3545800881153982,0.3130113897591648,0.8106374181148134,db27a0c6816c273b4b41305c96fd59dc9c75446eea3bf7073267e32bc978d9a1,15c140b9422638d4d345c5f0470c9126a1c1b746826f22fd6be2d39652d20cb8,2
C_synthetic_lifecycle_orbit,173,0.23595762711864407,2225,RBC,-2.4006934358750923e-05,3.306240273788746e-05,4.186840823675616e-09,-0.35616723976336206,-0.7261244345307488,0.4362671957762328,0.39440985888576624,0554e5fa8c8429cab5d2427aedeb6827d8ac5387d7970bac982028a7342a5c9c,d081e8aea97c3a0c7e70a4415666beee89ef2e40eee04eabbd078757a2301096,2
C_synthetic_lifecycle_orbit,173,0.23595762711864407,2226,RBC,8.129219008106031e-05,5.279707591142483e-05,1.668713276364816e-09,0.18816396419813045,0.49988926423920116,-0.6419492782238102,0.5500965099539933,7e73090c0613f7dc2bc965169da6709dc4814666a7a78050babca2def19e1248,14b8e6ea3c3add7f753412788b891f73faef51c234613dd05c3e9e261c3fcb4e,2
C_synthetic_lifecycle_orbit,174,0.2359813559322034,2223,RBC,-1.0169531681403145e-07,8.027685398128159e-05,9.155888007251772e-09,-0.26005330611472965,-0.7945486114827424,-0.5352904725831381,-0.1205358533025151,6a13c94532dfffe5b3ec2c6300e81bed361d8b0263768e05c5c512c64f52813c,6df08f63a6708e814d8afd523e4421a5acaf3fbd1c942f779351ada94caca7ec,2
C_synthetic_lifecycle_orbit,174,0.2359813559322034,2224,RBC,4.509699602786991e-05,1.153156706981808e-05,7.097053973247549e-09,0.3452011114484743,0.3545800881153982,0.3130113897591648,0.8106374181148134,db27a0c6816c273b4b41305c96fd59dc9c75446eea3bf7073267e32bc978d9a1,15c140b9422638d4d345c5f0470c9126a1c1b746826f22fd6be2d39652d20cb8,2
C_synthetic_lifecycle_orbit,174,0.2359813559322034,2225,RBC,-2.4006934358750923e-05,3.306240273788746e-05,4.78006116265889e-09,-0.35616723976336206,-0.7261244345307488,0.4362671957762328,0.39440985888576624,0554e5fa8c8429cab5d2427aedeb6827d8ac5387d7970bac982028a7342a5c9c,d081e8aea97c3a0c7e70a4415666beee89ef2e40eee04eabbd078757a2301096,2
C_synthetic_lifecycle_orbit,174,0.2359813559322034,2226,RBC,8.129219008106031e-05,5.279707591142483e-05,2.2619336153480904e-09,0.18816396419813045,0.49988926423920116,-0.6419492782238102,0.5500965099539933,7e73090c0613f7dc2bc965169da6709dc4814666a7a78050babca2def19e1248,14b8e6ea3c3add7f753412788b891f73faef51c234613dd05c3e9e261c3fcb4e,2
C_synthetic_lifecycle_orbit,175,0.2360050847457627,2223,RBC,-1.0169531681403145e-07,8.027685398128159e-05,9.74910834623435e-09,-0.26005330611472965,-0.7945486114827424,-0.5352904725831381,-0.1205358533025151,6a13c94532dfffe5b3ec2c6300e81bed361d8b0263768e05c5c512c64f52813c,6df08f63a6708e814d8afd523e4421a5acaf3fbd1c942f779351ada94caca7ec,2
C_synthetic_lifecycle_orbit,175,0.2360050847457627,2224,RBC,4.509699602786991e-05,1.153156706981808e-05,7.69027431223013e-09,0.3452011114484743,0.3545800881153982,0.3130113897591648,0.8106374181148134,db27a0c6816c273b4b41305c96fd59dc9c75446eea3bf7073267e32bc978d9a1,15c140b9422638d4d345c5f0470c9126a1c1b746826f22fd6be2d39652d20cb8,2
C_synthetic_lifecycle_orbit,175,0.2360050847457627,2225,RBC,-2.4006934358750923e-05,3.306240273788746e-05,5.37328150164147e-09,-0.35616723976336206,-0.7261244345307488,0.4362671957762328,0.39440985888576624,0554e5fa8c8429cab5d2427aedeb6827d8ac5387d7970bac982028a7342a5c9c,d081e8aea97c3a0c7e70a4415666beee89ef2e40eee04eabbd078757a2301096,2
C_synthetic_lifecycle_orbit,175,0.2360050847457627,2226,RBC,8.129219008106031e-05,5.279707591142483e-05,2.855153954330671e-09,0.18816396419813045,0.49988926423920116,-0.6419492782238102,0.5500965099539933,7e73090c0613f7dc2bc965169da6709dc4814666a7a78050babca2def19e1248,14b8e6ea3c3add7f753412788b891f73faef51c234613dd05c3e9e261c3fcb4e,2
C_synthetic_lifecycle_orbit,175,0.2360050847457627,2227,RBC,3.1087866323942314e-05,9.285387096979732e-05,3.274477141060234e-10,0.3405222065559147,0.8064517738176707,-0.44745029732703184,-0.18294369289640622,8290d70c6a7f4bcfc6b87a3f0228e1cf2cfd5d7ae08b3eae573ff6d4c2fc4145,8103ac30e0f6591ebbb3e0af3f05cfe4eb56813601a95aaace02a13de976216a,2
C_synthetic_lifecycle_orbit,176,0.23602881355932204,2224,RBC,4.509699602786991e-05,1.153156706981808e-05,8.283494651213403e-09,0.3452011114484743,0.3545800881153982,0.3130113897591648,0.8106374181148134,db27a0c6816c273b4b41305c96fd59dc9c75446eea3bf7073267e32bc978d9a1,15c140b9422638d4d345c5f0470c9126a1c1b746826f22fd6be2d39652d20cb8,2
C_synthetic_lifecycle_orbit,176,0.23602881355932204,2225,RBC,-2.4006934358750923e-05,3.306240273788746e-05,5.9665018406247455e-09,-0.35616723976336206,-0.7261244345307488,0.4362671957762328,0.39440985888576624,0554e5fa8c8429cab5d2427aedeb6827d8ac5387d7970bac982028a7342a5c9c,d081e8aea97c3a0c7e70a4415666beee89ef2e40eee04eabbd078757a2301096,2
C_synthetic_lifecycle_orbit,176,0.23602881355932204,2226,RBC,8.129219008106031e-05,5.279707591142483e-05,3.448374293313945e-09,0.18816396419813045,0.49988926423920116,-0.6419492782238102,0.5500965099539933,7e73090c0613f7dc2bc965169da6709dc4814666a7a78050babca2def19e1248,14b8e6ea3c3add7f753412788b891f73faef51c234613dd05c3e9e261c3fcb4e,2
C_synthetic_lifecycle_orbit,176,0.23602881355932204,2227,RBC,3.1087866323942314e-05,9.285387096979732e-05,9.206680530892978e-10,0.3405222065559147,0.8064517738176707,-0.44745029732703184,-0.18294369289640622,8290d70c6a7f4bcfc6b87a3f0228e1cf2cfd5d7ae08b3eae573ff6d4c2fc4145,8103ac30e0f6591ebbb3e0af3f05cfe4eb56813601a95aaace02a13de976216a,2
C_synthetic_lifecycle_orbit,177,0.23605254237288137,2224,RBC,4.509699602786991e-05,1.153156706981808e-05,8.876714990196678e-09,0.3452011114484743,0.3545800881153982,0.3130113897591648,0.8106374181148134,db27a0c6816c273b4b41305c96fd59dc9c75446eea3bf7073267e32bc978d9a1,15c140b9422638d4d345c5f0470c9126a1c1b746826f22fd6be2d39652d20cb8,2
C_synthetic_lifecycle_orbit,177,0.23605254237288137,2225,RBC,-2.4006934358750923e-05,3.306240273788746e-05,6.55972217960802e-09,-0.35616723976336206,-0.7261244345307488,0.4362671957762328,0.39440985888576624,0554e5fa8c8429cab5d2427aedeb6827d8ac5387d7970bac982028a7342a5c9c,d081e8aea97c3a0c7e70a4415666beee89ef2e40eee04eabbd078757a2301096,2
C_synthetic_lifecycle_orbit,177,0.23605254237288137,2226,RBC,8.129219008106031e-05,5.279707591142483e-05,4.041594632297219e-09,0.18816396419813045,0.49988926423920116,-0.6419492782238102,0.5500965099539933,7e73090c0613f7dc2bc965169da6709dc4814666a7a78050babca2def19e1248,14b8e6ea3c3add7f753412788b891f73faef51c234613dd05c3e9e261c3fcb4e,2
C_synthetic_lifecycle_orbit,177,0.23605254237288137,2227,RBC,3.1087866323942314e-05,9.285387096979732e-05,1.513888392072572e-09,0.3405222065559147,0.8064517738176707,-0.44745029732703184,-0.18294369289640622,8290d70c6a7f4bcfc6b87a3f0228e1cf2cfd5d7ae08b3eae573ff6d4c2fc4145,8103ac30e0f6591ebbb3e0af3f05cfe4eb56813601a95aaace02a13de976216a,2
C_synthetic_lifecycle_orbit,178,0.23607627118644067,2224,RBC,4.509699602786991e-05,1.153156706981808e-05,9.469935329179258e-09,0.3452011114484743,0.3545800881153982,0.3130113897591648,0.8106374181148134,db27a0c6816c273b4b41305c96fd59dc9c75446eea3bf7073267e32bc978d9a1,15c140b9422638d4d345c5f0470c9126a1c1b746826f22fd6be2d39652d20cb8,2
C_synthetic_lifecycle_orbit,178,0.23607627118644067,2225,RBC,-2.4006934358750923e-05,3.306240273788746e-05,7.152942518590599e-09,-0.35616723976336206,-0.7261244345307488,0.4362671957762328,0.39440985888576624,0554e5fa8c8429cab5d2427aedeb6827d8ac5387d7970bac982028a7342a5c9c,d081e8aea97c3a0c7e70a4415666beee89ef2e40eee04eabbd078757a2301096,2
C_synthetic_lifecycle_orbit,178,0.23607627118644067,2226,RBC,8.129219008106031e-05,5.279707591142483e-05,4.6348149712798e-09,0.18816396419813045,0.49988926423920116,-0.6419492782238102,0.5500965099539933,7e73090c0613f7dc2bc965169da6709dc4814666a7a78050babca2def19e1248,14b8e6ea3c3add7f753412788b891f73faef51c234613dd05c3e9e261c3fcb4e,2
C_synthetic_lifecycle_orbit,178,0.23607627118644067,2227,RBC,3.1087866323942314e-05,9.285387096979732e-05,2.1071087310551525e-09,0.3405222065559147,0.8064517738176707,-0.44745029732703184,-0.18294369289640622,8290d70c6a7f4bcfc6b87a3f0228e1cf2cfd5d7ae08b3eae573ff6d4c2fc4145,8103ac30e0f6591ebbb3e0af3f05cfe4eb56813601a95aaace02a13de976216a,2
C_synthetic_lifecycle_orbit,179,0.2361,2225,RBC,-2.4006934358750923e-05,3.306240273788746e-05,7.746162857573874e-09,-0.35616723976336206,-0.7261244345307488,0.4362671957762328,0.39440985888576624,0554e5fa8c8429cab5d2427aedeb6827d8ac5387d7970bac982028a7342a5c9c,d081e8aea97c3a0c7e70a4415666beee89ef2e40eee04eabbd078757a2301096,2
C_synthetic_lifecycle_orbit,179,0.2361,2226,RBC,8.129219008106031e-05,5.279707591142483e-05,5.228035310263074e-09,0.18816396419813045,0.49988926423920116,-0.6419492782238102,0.5500965099539933,7e73090c0613f7dc2bc965169da6709dc4814666a7a78050babca2def19e1248,14b8e6ea3c3add7f753412788b891f73faef51c234613dd05c3e9e261c3fcb4e,2
C_synthetic_lifecycle_orbit,179,0.2361,2227,RBC,3.1087866323942314e-05,9.285387096979732e-05,2.7003290700384268e-09,0.3405222065559147,0.8064517738176707,-0.44745029732703184,-0.18294369289640622,8290d70c6a7f4bcfc6b87a3f0228e1cf2cfd5d7ae08b3eae573ff6d4c2fc4145,8103ac30e0f6591ebbb3e0af3f05cfe4eb56813601a95aaace02a13de976216a,2
C_synthetic_lifecycle_orbit,179,0.2361,2228,RBC,-2.8835109398489936e-05,-5.315535575634088e-05,4.744258561409229e-10,-0.35464979122225204,0.48564402213448893,-0.7610960289937052,0.2431177574778573,8da2355fbb22dd5c1e8be78a84ef8bd758388d1afb418568f29400e66681c9ed,4809aa3289fb08881e21a5cf26c083ef1a952eec58a2312dd46a794e7036d58a,2
C_synthetic_lifecycle_orbit,180,0.25,2355,RBC,-9.147284066620618e-05,-1.474608378717007e-05,7.863337430964458e-09,-0.843975119840055,0.42833316564426105,-0.29986848392435833,0.11964776909344262,4308162755876cf817150d66534c3c3e3055410f50a809215eb6ff1c342cc4c6,214928f2a3cd37d78b287a432130c9cfd5f44bfdcec12e65627d82dd61ce6d51,2
C_synthetic_lifecycle_orbit,180,0.25,2356,RBC,-6.708611380623717e-05,-2.8688262673479776e-05,6.119533444000765e-09,0.14462515932421938,-0.7501050546705691,-0.31965390758769385,0.5605776927527751,a1eae14d4691a1e1958389fc3b5d10b5a75b1f90052637bf8f99b252185a0548,5588b781b87845163245e97aa58f1675cf459971e75b16bbff7c36d256e0d0d9,2
C_synthetic_lifecycle_orbit,180,0.25,2357,RBC,5.8455520202098e-05,1.2826084336926334e-05,3.354450655156523e-09,0.39442550529202064,-0.7853529928654663,-0.23957171592825685,0.41261918314540297,2dce26cf142aecd672d52be594bd3ae31cb46571cde125eabe54b06e73d99994,1097195a46528d045042ae2cbbc4a6c77c815cd78eecf65f4fa6e02aa3a7e11b,2
C_synthetic_lifecycle_orbit,180,0.25,2358,RBC,-9.313940298018407e-06,-3.435577437969072e-05,4.5757978115734674e-10,0.5621664743463548,0.33774182196066876,-0.5779411178179258,-0.4856782691814031,e8cd6bd15d553730baf05a749282d4f0b1ea96242157daff79bdab72aca79c6c,41a28188cc6828920b4186fe088e062befa8eeafabe2fbef27c594f58acf2cdd,2
C_synthetic_lifecycle_orbit,181,0.25,2355,RBC,-9.147284066620618e-05,-1.474608378717007e-05,7.863337430964458e-09,-0.843975119840055,0.42833316564426105,-0.29986848392435833,0.11964776909344262,4308162755876cf817150d66534c3c3e3055410f50a809215eb6ff1c342cc4c6,214928f2a3cd37d78b287a432130c9cfd5f44bfdcec12e65627d82dd61ce6d51,2
C_synthetic_lifecycle_orbit,181,0.25,2356,RBC,-6.708611380623717e-05,-2.8688262673479776e-05,6.119533444000765e-09,0.14462515932421938,-0.7501050546705691,-0.31965390758769385,0.5605776927527751,a1eae14d4691a1e1958389fc3b5d10b5a75b1f90052637bf8f99b252185a0548,5588b781b87845163245e97aa58f1675cf459971e75b16bbff7c36d256e0d0d9,2
C_synthetic_lifecycle_orbit,181,0.25,2357,RBC,5.8455520202098e-05,1.2826084336926334e-05,3.354450655156523e-09,0.39442550529202064,-0.7853529928654663,-0.23957171592825685,0.41261918314540297,2dce26cf142aecd672d52be594bd3ae31cb46571cde125eabe54b06e73d99994,1097195a46528d045042ae2cbbc4a6c77c815cd78eecf65f4fa6e02aa3a7e11b,2
C_synthetic_lifecycle_orbit,181,0.25,2358,RBC,-9.313940298018407e-06,-3.435577437969072e-05,4.5757978115734674e-10,0.5621664743463548,0.33774182196066876,-0.5779411178179258,-0.4856782691814031,e8cd6bd15d553730baf05a749282d4f0b1ea96242157daff79bdab72aca79c6c,41a28188cc6828920b4186fe088e062befa8eeafabe2fbef27c594f58acf2cdd,2
C_synthetic_lifecycle_orbit,182,0.25,2355,RBC,-9.147284066620618e-05,-1.474608378717007e-05,7.863337430964458e-09,-0.843975119840055,0.42833316564426105,-0.29986848392435833,0.11964776909344262,4308162755876cf817150d66534c3c3e3055410f50a809215eb6ff1c342cc4c6,214928f2a3cd37d78b287a432130c9cfd5f44bfdcec12e65627d82dd61ce6d51,2
C_synthetic_lifecycle_orbit,182,0.25,2356,RBC,-6.708611380623717e-05,-2.8688262673479776e-05,6.119533444000765e-09,0.14462515932421938,-0.7501050546705691,-0.31965390758769385,0.5605776927527751,a1eae14d4691a1e1958389fc3b5d10b5a75b1f90052637bf8f99b252185a0548,5588b781b87845163245e97aa58f1675cf459971e75b16bbff7c36d256e0d0d9,2
C_synthetic_lifecycle_orbit,182,0.25,2357,RBC,5.8455520202098e-05,1.2826084336926334e-05,3.354450655156523e-09,0.39442550529202064,-0.7853529928654663,-0.23957171592825685,0.41261918314540297,2dce26cf142aecd672d52be594bd3ae31cb46571cde125eabe54b06e73d99994,1097195a46528d045042ae2cbbc4a6c77c815cd78eecf65f4fa6e02aa3a7e11b,2
C_synthetic_lifecycle_orbit,182,0.25,2358,RBC,-9.313940298018407e-06,-3.435577437969072e-05,4.5757978115734674e-10,0.5621664743463548,0.33774182196066876,-0.5779411178179258,-0.4856782691814031,e8cd6bd15d553730baf05a749282d4f0b1ea96242157daff79bdab72aca79c6c,41a28188cc6828920b4186fe088e062befa8eeafabe2fbef27c594f58acf2cdd,2
C_synthetic_lifecycle_orbit,183,0.25,2355,RBC,-9.147284066620618e-05,-1.474608378717007e-05,7.863337430964458e-09,-0.843975119840055,0.42833316564426105,-0.29986848392435833,0.11964776909344262,4308162755876cf817150d66534c3c3e3055410f50a809215eb6ff1c342cc4c6,214928f2a3cd37d78b287a432130c9cfd5f44bfdcec12e65627d82dd61ce6d51,2
C_synthetic_lifecycle_orbit,183,0.25,2356,RBC,-6.708611380623717e-05,-2.8688262673479776e-05,6.119533444000765e-09,0.14462515932421938,-0.7501050546705691,-0.31965390758769385,0.5605776927527751,a1eae14d4691a1e1958389fc3b5d10b5a75b1f90052637bf8f99b252185a0548,5588b781b87845163245e97aa58f1675cf459971e75b16bbff7c36d256e0d0d9,2
C_synthetic_lifecycle_orbit,183,0.25,2357,RBC,5.8455520202098e-05,1.2826084336926334e-05,3.354450655156523e-09,0.39442550529202064,-0.7853529928654663,-0.23957171592825685,0.41261918314540297,2dce26cf142aecd672d52be594bd3ae31cb46571cde125eabe54b06e73d99994,1097195a46528d045042ae2cbbc4a6c77c815cd78eecf65f4fa6e02aa3a7e11b,2
C_synthetic_lifecycle_orbit,183,0.25,2358,RBC,-9.313940298018407e-06,-3.435577437969072e-05,4.5757978115734674e-10,0.5621664743463548,0.33774182196066876,-0.5779411178179258,-0.4856782691814031,e8cd6bd15d553730baf05a749282d4f0b1ea96242157daff79bdab72aca79c6c,41a28188cc6828920b4186fe088e062befa8eeafabe2fbef27c594f58acf2cdd,2
C_synthetic_lifecycle_orbit,184,0.25,2355,RBC,-9.147284066620618e-05,-1.474608378717007e-05,7.863337430964458e-09,-0.843975119840055,0.42833316564426105,-0.29986848392435833,0.11964776909344262,4308162755876cf817150d66534c3c3e3055410f50a809215eb6ff1c342cc4c6,214928f2a3cd37d78b287a432130c9cfd5f44bfdcec12e65627d82dd61ce6d51,2
C_synthetic_lifecycle_orbit,184,0.25,2356,RBC,-6.708611380623717e-05,-2.8688262673479776e-05,6.119533444000765e-09,0.14462515932421938,-0.7501050546705691,-0.31965390758769385,0.5605776927527751,a1eae14d4691a1e1958389fc3b5d10b5a75b1f90052637bf8f99b252185a0548,5588b781b87845163245e97aa58f1675cf459971e75b16bbff7c36d256e0d0d9,2
C_synthetic_lifecycle_orbit,184,0.25,2357,RBC,5.8455520202098e-05,1.2826084336926334e-05,3.354450655156523e-09,0.39442550529202064,-0.7853529928654663,-0.23957171592825685,0.41261918314540297,2dce26cf142aecd672d52be594bd3ae31cb46571cde125eabe54b06e73d99994,1097195a46528d045042ae2cbbc4a6c77c815cd78eecf65f4fa6e02aa3a7e11b,2
C_synthetic_lifecycle_orbit,184,0.25,2358,RBC,-9.313940298018407e-06,-3.435577437969072e-05,4.5757978115734674e-10,0.5621664743463548,0.33774182196066876,-0.5779411178179258,-0.4856782691814031,e8cd6bd15d553730baf05a749282d4f0b1ea96242157daff79bdab72aca79c6c,41a28188cc6828920b4186fe088e062befa8eeafabe2fbef27c594f58acf2cdd,2
C_synthetic_lifecycle_orbit,185,0.25,2355,RBC,-9.147284066620618e-05,-1.474608378717007e-05,7.863337430964458e-09,-0.843975119840055,0.42833316564426105,-0.29986848392435833,0.11964776909344262,4308162755876cf817150d66534c3c3e3055410f50a809215eb6ff1c342cc4c6,214928f2a3cd37d78b287a432130c9cfd5f44bfdcec12e65627d82dd61ce6d51,2
C_synthetic_lifecycle_orbit,185,0.25,2356,RBC,-6.708611380623717e-05,-2.8688262673479776e-05,6.119533444000765e-09,0.14462515932421938,-0.7501050546705691,-0.31965390758769385,0.5605776927527751,a1eae14d4691a1e1958389fc3b5d10b5a75b1f90052637bf8f99b252185a0548,5588b781b87845163245e97aa58f1675cf459971e75b16bbff7c36d256e0d0d9,2
C_synthetic_lifecycle_orbit,185,0.25,2357,RBC,5.8455520202098e-05,1.2826084336926334e-05,3.354450655156523e-09,0.39442550529202064,-0.7853529928654663,-0.23957171592825685,0.41261918314540297,2dce26cf142aecd672d52be594bd3ae31cb46571cde125eabe54b06e73d99994,1097195a46528d045042ae2cbbc4a6c77c815cd78eecf65f4fa6e02aa3a7e11b,2
C_synthetic_lifecycle_orbit,185,0.25,2358,RBC,-9.313940298018407e-06,-3.435577437969072e-05,4.5757978115734674e-10,0.5621664743463548,0.33774182196066876,-0.5779411178179258,-0.4856782691814031,e8cd6bd15d553730baf05a749282d4f0b1ea96242157daff79bdab72aca79c6c,41a28188cc6828920b4186fe088e062befa8eeafabe2fbef27c594f58acf2cdd,2
C_synthetic_lifecycle_orbit,186,0.25,2355,RBC,-9.147284066620618e-05,-1.474608378717007e-05,7.863337430964458e-09,-0.843975119840055,0.42833316564426105,-0.29986848392435833,0.11964776909344262,4308162755876cf817150d66534c3c3e3055410f50a809215eb6ff1c342cc4c6,214928f2a3cd37d78b287a432130c9cfd5f44bfdcec12e65627d82dd61ce6d51,2
C_synthetic_lifecycle_orbit,186,0.25,2356,RBC,-6.708611380623717e-05,-2.8688262673479776e-05,6.119533444000765e-09,0.14462515932421938,-0.7501050546705691,-0.31965390758769385,0.5605776927527751,a1eae14d4691a1e1958389fc3b5d10b5a75b1f90052637bf8f99b252185a0548,5588b781b87845163245e97aa58f1675cf459971e75b16bbff7c36d256e0d0d9,2
C_synthetic_lifecycle_orbit,186,0.25,2357,RBC,5.8455520202098e-05,1.2826084336926334e-05,3.354450655156523e-09,0.39442550529202064,-0.7853529928654663,-0.23957171592825685,0.41261918314540297,2dce26cf142aecd672d52be594bd3ae31cb46571cde125eabe54b06e73d99994,1097195a46528d045042ae2cbbc4a6c77c815cd78eecf65f4fa6e02aa3a7e11b,2
C_synthetic_lifecycle_orbit,186,0.25,2358,RBC,-9.313940298018407e-06,-3.435577437969072e-05,4.5757978115734674e-10,0.5621664743463548,0.33774182196066876,-0.5779411178179258,-0.4856782691814031,e8cd6bd15d553730baf05a749282d4f0b1ea96242157daff79bdab72aca79c6c,41a28188cc6828920b4186fe088e062befa8eeafabe2fbef27c594f58acf2cdd,2
C_synthetic_lifecycle_orbit,187,0.25,2355,RBC,-9.147284066620618e-05,-1.474608378717007e-05,7.863337430964458e-09,-0.843975119840055,0.42833316564426105,-0.29986848392435833,0.11964776909344262,4308162755876cf817150d66534c3c3e3055410f50a809215eb6ff1c342cc4c6,214928f2a3cd37d78b287a432130c9cfd5f44bfdcec12e65627d82dd61ce6d51,2
C_synthetic_lifecycle_orbit,187,0.25,2356,RBC,-6.708611380623717e-05,-2.8688262673479776e-05,6.119533444000765e-09,0.14462515932421938,-0.7501050546705691,-0.31965390758769385,0.5605776927527751,a1eae14d4691a1e1958389fc3b5d10b5a75b1f90052637bf8f99b252185a0548,5588b781b87845163245e97aa58f1675cf459971e75b16bbff7c36d256e0d0d9,2
C_synthetic_lifecycle_orbit,187,0.25,2357,RBC,5.8455520202098e-05,1.2826084336926334e-05,3.354450655156523e-09,0.39442550529202064,-0.7853529928654663,-0.23957171592825685,0.41261918314540297,2dce26cf142aecd672d52be594bd3ae31cb46571cde125eabe54b06e73d99994,1097195a46528d045042ae2cbbc4a6c77c815cd78eecf65f4fa6e02aa3a7e11b,2
C_synthetic_lifecycle_orbit,187,0.25,2358,RBC,-9.313940298018407e-06,-3.435577437969072e-05,4.5757978115734674e-10,0.5621664743463548,0.33774182196066876,-0.5779411178179258,-0.4856782691814031,e8cd6bd15d553730baf05a749282d4f0b1ea96242157daff79bdab72aca79c6c,41a28188cc6828920b4186fe088e062befa8eeafabe2fbef27c594f58acf2cdd,2
C_synthetic_lifecycle_orbit,188,0.25,2355,RBC,-9.147284066620618e-05,-1.474608378717007e-05,7.863337430964458e-09,-0.843975119840055,0.42833316564426105,-0.29986848392435833,0.11964776909344262,4308162755876cf817150d66534c3c3e3055410f50a809215eb6ff1c342cc4c6,214928f2a3cd37d78b287a432130c9cfd5f44bfdcec12e65627d82dd61ce6d51,2
C_synthetic_lifecycle_orbit,188,0.25,2356,RBC,-6.708611380623717e-05,-2.8688262673479776e-05,6.119533444000765e-09,0.14462515932421938,-0.7501050546705691,-0.31965390758769385,0.5605776927527751,a1eae14d4691a1e1958389fc3b5d10b5a75b1f90052637bf8f99b252185a0548,5588b781b87845163245e97aa58f1675cf459971e75b16bbff7c36d256e0d0d9,2
C_synthetic_lifecycle_orbit,188,0.25,2357,RBC,5.8455520202098e-05,1.2826084336926334e-05,3.354450655156523e-09,0.39442550529202064,-0.7853529928654663,-0.23957171592825685,0.41261918314540297,2dce26cf142aecd672d52be594bd3ae31cb46571cde125eabe54b06e73d99994,1097195a46528d045042ae2cbbc4a6c77c815cd78eecf65f4fa6e02aa3a7e11b,2
C_synthetic_lifecycle_orbit,188,0.25,2358,RBC,-9.313940298018407e-06,-3.435577437969072e-05,4.5757978115734674e-10,0.5621664743463548,0.33774182196066876,-0.5779411178179258,-0.4856782691814031,e8cd6bd15d553730baf05a749282d4f0b1ea96242157daff79bdab72aca79c6c,41a28188cc6828920b4186fe088e062befa8eeafabe2fbef27c594f58acf2cdd,2
C_synthetic_lifecycle_orbit,189,0.25,2355,RBC,-9.147284066620618e-05,-1.474608378717007e-05,7.863337430964458e-09,-0.843975119840055,0.42833316564426105,-0.29986848392435833,0.11964776909344262,4308162755876cf817150d66534c3c3e3055410f50a809215eb6ff1c342cc4c6,214928f2a3cd37d78b287a432130c9cfd5f44bfdcec12e65627d82dd61ce6d51,2
C_synthetic_lifecycle_orbit,189,0.25,2356,RBC,-6.708611380623717e-05,-2.8688262673479776e-05,6.119533444000765e-09,0.14462515932421938,-0.7501050546705691,-0.31965390758769385,0.5605776927527751,a1eae14d4691a1e1958389fc3b5d10b5a75b1f90052637bf8f99b252185a0548,5588b781b87845163245e97aa58f1675cf459971e75b16bbff7c36d256e0d0d9,2
C_synthetic_lifecycle_orbit,189,0.25,2357,RBC,5.8455520202098e-05,1.2826084336926334e-05,3.354450655156523e-09,0.39442550529202064,-0.7853529928654663,-0.23957171592825685,0.41261918314540297,2dce26cf142aecd672d52be594bd3ae31cb46571cde125eabe54b06e73d99994,1097195a46528d045042ae2cbbc4a6c77c815cd78eecf65f4fa6e02aa3a7e11b,2
C_synthetic_lifecycle_orbit,189,0.25,2358,RBC,-9.313940298018407e-06,-3.435577437969072e-05,4.5757978115734674e-10,0.5621664743463548,0.33774182196066876,-0.5779411178179258,-0.4856782691814031,e8cd6bd15d553730baf05a749282d4f0b1ea96242157daff79bdab72aca79c6c,41a28188cc6828920b4186fe088e062befa8eeafabe2fbef27c594f58acf2cdd,2
C_synthetic_lifecycle_orbit,190,0.25,2355,RBC,-9.147284066620618e-05,-1.474608378717007e-05,7.863337430964458e-09,-0.843975119840055,0.42833316564426105,-0.29986848392435833,0.11964776909344262,4308162755876cf817150d66534c3c3e3055410f50a809215eb6ff1c342cc4c6,214928f2a3cd37d78b287a432130c9cfd5f44bfdcec12e65627d82dd61ce6d51,2
C_synthetic_lifecycle_orbit,190,0.25,2356,RBC,-6.708611380623717e-05,-2.8688262673479776e-05,6.119533444000765e-09,0.14462515932421938,-0.7501050546705691,-0.31965390758769385,0.5605776927527751,a1eae14d4691a1e1958389fc3b5d10b5a75b1f90052637bf8f99b252185a0548,5588b781b87845163245e97aa58f1675cf459971e75b16bbff7c36d256e0d0d9,2
C_synthetic_lifecycle_orbit,190,0.25,2357,RBC,5.8455520202098e-05,1.2826084336926334e-05,3.354450655156523e-09,0.39442550529202064,-0.7853529928654663,-0.23957171592825685,0.41261918314540297,2dce26cf142aecd672d52be594bd3ae31cb46571cde125eabe54b06e73d99994,1097195a46528d045042ae2cbbc4a6c77c815cd78eecf65f4fa6e02aa3a7e11b,2
C_synthetic_lifecycle_orbit,190,0.25,2358,RBC,-9.313940298018407e-06,-3.435577437969072e-05,4.5757978115734674e-10,0.5621664743463548,0.33774182196066876,-0.5779411178179258,-0.4856782691814031,e8cd6bd15d553730baf05a749282d4f0b1ea96242157daff79bdab72aca79c6c,41a28188cc6828920b4186fe088e062befa8eeafabe2fbef27c594f58acf2cdd,2
C_synthetic_lifecycle_orbit,191,0.25,2355,RBC,-9.147284066620618e-05,-1.474608378717007e-05,7.863337430964458e-09,-0.843975119840055,0.42833316564426105,-0.29986848392435833,0.11964776909344262,4308162755876cf817150d66534c3c3e3055410f50a809215eb6ff1c342cc4c6,214928f2a3cd37d78b287a432130c9cfd5f44bfdcec12e65627d82dd61ce6d51,2
C_synthetic_lifecycle_orbit,191,0.25,2356,RBC,-6.708611380623717e-05,-2.8688262673479776e-05,6.119533444000765e-09,0.14462515932421938,-0.7501050546705691,-0.31965390758769385,0.5605776927527751,a1eae14d4691a1e1958389fc3b5d10b5a75b1f90052637bf8f99b252185a0548,5588b781b87845163245e97aa58f1675cf459971e75b16bbff7c36d256e0d0d9,2
C_synthetic_lifecycle_orbit,191,0.25,2357,RBC,5.8455520202098e-05,1.2826084336926334e-05,3.354450655156523e-09,0.39442550529202064,-0.7853529928654663,-0.23957171592825685,0.41261918314540297,2dce26cf142aecd672d52be594bd3ae31cb46571cde125eabe54b06e73d99994,1097195a46528d045042ae2cbbc4a6c77c815cd78eecf65f4fa6e02aa3a7e11b,2
C_synthetic_lifecycle_orbit,191,0.25,2358,RBC,-9.313940298018407e-06,-3.435577437969072e-05,4.5757978115734674e-10,0.5621664743463548,0.33774182196066876,-0.5779411178179258,-0.4856782691814031,e8cd6bd15d553730baf05a749282d4f0b1ea96242157daff79bdab72aca79c6c,41a28188cc6828920b4186fe088e062befa8eeafabe2fbef27c594f58acf2cdd,2
C_synthetic_lifecycle_orbit,192,0.25,2355,RBC,-9.147284066620618e-05,-1.474608378717007e-05,7.863337430964458e-09,-0.843975119840055,0.42833316564426105,-0.29986848392435833,0.11964776909344262,4308162755876cf817150d66534c3c3e3055410f50a809215eb6ff1c342cc4c6,214928f2a3cd37d78b287a432130c9cfd5f44bfdcec12e65627d82dd61ce6d51,2
C_synthetic_lifecycle_orbit,192,0.25,2356,RBC,-6.708611380623717e-05,-2.8688262673479776e-05,6.119533444000765e-09,0.14462515932421938,-0.7501050546705691,-0.31965390758769385,0.5605776927527751,a1eae14d4691a1e1958389fc3b5d10b5a75b1f90052637bf8f99b252185a0548,5588b781b87845163245e97aa58f1675cf459971e75b16bbff7c36d256e0d0d9,2
C_synthetic_lifecycle_orbit,192,0.25,2357,RBC,5.8455520202098e-05,1.2826084336926334e-05,3.354450655156523e-09,0.39442550529202064,-0.7853529928654663,-0.23957171592825685,0.41261918314540297,2dce26cf142aecd672d52be594bd3ae31cb46571cde125eabe54b06e73d99994,1097195a46528d045042ae2cbbc4a6c77c815cd78eecf65f4fa6e02aa3a7e11b,2
C_synthetic_lifecycle_orbit,192,0.25,2358,RBC,-9.313940298018407e-06,-3.435577437969072e-05,4.5757978115734674e-10,0.5621664743463548,0.33774182196066876,-0.5779411178179258,-0.4856782691814031,e8cd6bd15d553730baf05a749282d4f0b1ea96242157daff79bdab72aca79c6c,41a28188cc6828920b4186fe088e062befa8eeafabe2fbef27c594f58acf2cdd,2
C_synthetic_lifecycle_orbit,193,0.25,2355,RBC,-9.147284066620618e-05,-1.474608378717007e-05,7.863337430964458e-09,-0.843975119840055,0.42833316564426105,-0.29986848392435833,0.11964776909344262,4308162755876cf817150d66534c3c3e3055410f50a809215eb6ff1c342cc4c6,214928f2a3cd37d78b287a432130c9cfd5f44bfdcec12e65627d82dd61ce6d51,2
C_synthetic_lifecycle_orbit,193,0.25,2356,RBC,-6.708611380623717e-05,-2.8688262673479776e-05,6.119533444000765e-09,0.14462515932421938,-0.7501050546705691,-0.31965390758769385,0.5605776927527751,a1eae14d4691a1e1958389fc3b5d10b5a75b1f90052637bf8f99b252185a0548,5588b781b87845163245e97aa58f1675cf459971e75b16bbff7c36d256e0d0d9,2
C_synthetic_lifecycle_orbit,193,0.25,2357,RBC,5.8455520202098e-05,1.2826084336926334e-05,3.354450655156523e-09,0.39442550529202064,-0.7853529928654663,-0.23957171592825685,0.41261918314540297,2dce26cf142aecd672d52be594bd3ae31cb46571cde125eabe54b06e73d99994,1097195a46528d045042ae2cbbc4a6c77c815cd78eecf65f4fa6e02aa3a7e11b,2
C_synthetic_lifecycle_orbit,193,0.25,2358,RBC,-9.313940298018407e-06,-3.435577437969072e-05,4.5757978115734674e-10,0.5621664743463548,0.33774182196066876,-0.5779411178179258,-0.4856782691814031,e8cd6bd15d553730baf05a749282d4f0b1ea96242157daff79bdab72aca79c6c,41a28188cc6828920b4186fe088e062befa8eeafabe2fbef27c594f58acf2cdd,2
C_synthetic_lifecycle_orbit,194,0.25,2355,RBC,-9.147284066620618e-05,-1.474608378717007e-05,7.863337430964458e-09,-0.843975119840055,0.42833316564426105,-0.29986848392435833,0.11964776909344262,4308162755876cf817150d66534c3c3e3055410f50a809215eb6ff1c342cc4c6,214928f2a3cd37d78b287a432130c9cfd5f44bfdcec12e65627d82dd61ce6d51,2
C_synthetic_lifecycle_orbit,194,0.25,2356,RBC,-6.708611380623717e-05,-2.8688262673479776e-05,6.119533444000765e-09,0.14462515932421938,-0.7501050546705691,-0.31965390758769385,0.5605776927527751,a1eae14d4691a1e1958389fc3b5d10b5a75b1f90052637bf8f99b252185a0548,5588b781b87845163245e97aa58f1675cf459971e75b16bbff7c36d256e0d0d9,2
C_synthetic_lifecycle_orbit,194,0.25,2357,RBC,5.8455520202098e-05,1.2826084336926334e-05,3.354450655156523e-09,0.39442550529202064,-0.7853529928654663,-0.23957171592825685,0.41261918314540297,2dce26cf142aecd672d52be594bd3ae31cb46571cde125eabe54b06e73d99994,1097195a46528d045042ae2cbbc4a6c77c815cd78eecf65f4fa6e02aa3a7e11b,2
C_synthetic_lifecycle_orbit,194,0.25,2358,RBC,-9.313940298018407e-06,-3.435577437969072e-05,4.5757978115734674e-10,0.5621664743463548,0.33774182196066876,-0.5779411178179258,-0.4856782691814031,e8cd6bd15d553730baf05a749282d4f0b1ea96242157daff79bdab72aca79c6c,41a28188cc6828920b4186fe088e062befa8eeafabe2fbef27c594f58acf2cdd,2
D_restart_continuity_orbit,0,0.124,1168,RBC,8.891197154615511e-06,-9.427695856188013e-05,7.896514154875265e-09,-0.41705138178368883,0.06643231358081186,0.7274804627508789,-0.5407652623647194,8354da9b39ea48b01e1d4c29e9bb79f8387731b2676fdc9b78f83e20e474e7e3,1ba55a260971ddf228e3692905be9198e38abf90bcfa42175ee21832aaa04753,2
D_restart_continuity_orbit,0,0.124,1169,RBC,1.1239803809089082e-05,2.30545517829091e-05,5.0014340748073424e-09,0.07582640307291921,0.31313884550500354,-0.4693964543122224,-0.8221078935954395,5f76d4c0beb270c730f8de47cbc49302829e27a2d57c56ff59838def9cb9d5ce,b56cbda2320f40ac2e15da7406e0cf3f6b02f5f5ceac170821f31679c1cdae8e,2
D_restart_continuity_orbit,0,0.124,1170,RBC,-6.320556288188252e-06,-7.848541456113186e-05,1.8508242369375095e-09,0.34921411782797057,-0.6031513942610341,-0.3318455073312484,-0.6357172758189517,70cf7d36e2c2738b3df22b3d59e5a4b87ef784647bc15ef0dc3eb8ded49458f1,f6869689fcbff3f2185c31b4aa80f4e3bd7ee87d563173e4bcada98de40fdd60,2
D_restart_continuity_orbit,1,0.12401428571428572,1168,RBC,8.891197154615511e-06,-9.427695856188013e-05,8.253657012018184e-09,-0.41705138178368883,0.06643231358081186,0.7274804627508789,-0.5407652623647194,8354da9b39ea48b01e1d4c29e9bb79f8387731b2676fdc9b78f83e20e474e7e3,1ba55a260971ddf228e3692905be9198e38abf90bcfa42175ee21832aaa04753,2
D_restart_continuity_orbit,1,0.12401428571428572,1169,RBC,1.1239803809089082e-05,2.30545517829091e-05,5.358576931950262e-09,0.07582640307291921,0.31313884550500354,-0.4693964543122224,-0.8221078935954395,5f76d4c0beb270c730f8de47cbc49302829e27a2d57c56ff59838def9cb9d5ce,b56cbda2320f40ac2e15da7406e0cf3f6b02f5f5ceac170821f31679c1cdae8e,2
D_restart_continuity_orbit,1,0.12401428571428572,1170,RBC,-6.320556288188252e-06,-7.848541456113186e-05,2.2079670940804284e-09,0.34921411782797057,-0.6031513942610341,-0.3318455073312484,-0.6357172758189517,70cf7d36e2c2738b3df22b3d59e5a4b87ef784647bc15ef0dc3eb8ded49458f1,f6869689fcbff3f2185c31b4aa80f4e3bd7ee87d563173e4bcada98de40fdd60,2
D_restart_continuity_orbit,2,0.12402857142857143,1168,RBC,8.891197154615511e-06,-9.427695856188013e-05,8.610799869161103e-09,-0.41705138178368883,0.06643231358081186,0.7274804627508789,-0.5407652623647194,8354da9b39ea48b01e1d4c29e9bb79f8387731b2676fdc9b78f83e20e474e7e3,1ba55a260971ddf228e3692905be9198e38abf90bcfa42175ee21832aaa04753,2
D_restart_continuity_orbit,2,0.12402857142857143,1169,RBC,1.1239803809089082e-05,2.30545517829091e-05,5.715719789093181e-09,0.07582640307291921,0.31313884550500354,-0.4693964543122224,-0.8221078935954395,5f76d4c0beb270c730f8de47cbc49302829e27a2d57c56ff59838def9cb9d5ce,b56cbda2320f40ac2e15da7406e0cf3f6b02f5f5ceac170821f31679c1cdae8e,2
D_restart_continuity_orbit,2,0.12402857142857143,1170,RBC,-6.320556288188252e-06,-7.848541456113186e-05,2.5651099512233476e-09,0.34921411782797057,-0.6031513942610341,-0.3318455073312484,-0.6357172758189517,70cf7d36e2c2738b3df22b3d59e5a4b87ef784647bc15ef0dc3eb8ded49458f1,f6869689fcbff3f2185c31b4aa80f4e3bd7ee87d563173e4bcada98de40fdd60,2
D_restart_continuity_orbit,3,0.12404285714285714,1168,RBC,8.891197154615511e-06,-9.427695856188013e-05,8.967942726303675e-09,-0.41705138178368883,0.06643231358081186,0.7274804627508789,-0.5407652623647194,8354da9b39ea48b01e1d4c29e9bb79f8387731b2676fdc9b78f83e20e474e7e3,1ba55a260971ddf228e3692905be9198e38abf90bcfa42175ee21832aaa04753,2
D_restart_continuity_orbit,3,0.12404285714285714,1169,RBC,1.1239803809089082e-05,2.30545517829091e-05,6.0728626462357526e-09,0.07582640307291921,0.31313884550500354,-0.4693964543122224,-0.8221078935954395,5f76d4c0beb270c730f8de47cbc49302829e27a2d57c56ff59838def9cb9d5ce,b56cbda2320f40ac2e15da7406e0cf3f6b02f5f5ceac170821f31679c1cdae8e,2
D_restart_continuity_orbit,3,0.12404285714285714,1170,RBC,-6.320556288188252e-06,-7.848541456113186e-05,2.92225280836592e-09,0.34921411782797057,-0.6031513942610341,-0.3318455073312484,-0.6357172758189517,70cf7d36e2c2738b3df22b3d59e5a4b87ef784647bc15ef0dc3eb8ded49458f1,f6869689fcbff3f2185c31b4aa80f4e3bd7ee87d563173e4bcada98de40fdd60,2
D_restart_continuity_orbit,3,0.12404285714285714,1171,RBC,-5.290473738564651e-05,7.31937678037149e-05,4.2374672125367305e-12,0.8405733018736639,-0.4995529827398118,-0.20948059071779873,-0.0011062212643012058,e38a312263c7729764342ac907c689c467d2318ef79be8dd403e197eda8b511b,392f50ed4b12cb06dcc4563fcc1eefc5f330f873ba942df038cfc32cd1565437,2
D_restart_continuity_orbit,4,0.12405714285714285,1168,RBC,8.891197154615511e-06,-9.427695856188013e-05,9.325085583446594e-09,-0.41705138178368883,0.06643231358081186,0.7274804627508789,-0.5407652623647194,8354da9b39ea48b01e1d4c29e9bb79f8387731b2676fdc9b78f83e20e474e7e3,1ba55a260971ddf228e3692905be9198e38abf90bcfa42175ee21832aaa04753,2
D_restart_continuity_orbit,4,0.12405714285714285,1169,RBC,1.1239803809089082e-05,2.30545517829091e-05,6.430005503378672e-09,0.07582640307291921,0.31313884550500354,-0.4693964543122224,-0.8221078935954395,5f76d4c0beb270c730f8de47cbc49302829e27a2d57c56ff59838def9cb9d5ce,b56cbda2320f40ac2e15da7406e0cf3f6b02f5f5ceac170821f31679c1cdae8e,2
D_restart_continuity_orbit,4,0.12405714285714285,1170,RBC,-6.320556288188252e-06,-7.848541456113186e-05,3.279395665508839e-09,0.34921411782797057,-0.6031513942610341,-0.3318455073312484,-0.6357172758189517,70cf7d36e2c2738b3df22b3d59e5a4b87ef784647bc15ef0dc3eb8ded49458f1,f6869689fcbff3f2185c31b4aa80f4e3bd7ee87d563173e4bcada98de40fdd60,2
D_restart_continuity_orbit,4,0.12405714285714285,1171,RBC,-5.290473738564651e-05,7.31937678037149e-05,3.6138032435545585e-10,0.8405733018736639,-0.4995529827398118,-0.20948059071779873,-0.0011062212643012058,e38a312263c7729764342ac907c689c467d2318ef79be8dd403e197eda8b511b,392f50ed4b12cb06dcc4563fcc1eefc5f330f873ba942df038cfc32cd1565437,2
D_restart_continuity_orbit,5,0.12407142857142857,1168,RBC,8.891197154615511e-06,-9.427695856188013e-05,9.682228440589513e-09,-0.41705138178368883,0.06643231358081186,0.7274804627508789,-0.5407652623647194,8354da9b39ea48b01e1d4c29e9bb79f8387731b2676fdc9b78f83e20e474e7e3,1ba55a260971ddf228e3692905be9198e38abf90bcfa42175ee21832aaa04753,2
D_restart_continuity_orbit,5,0.12407142857142857,1169,RBC,1.1239803809089082e-05,2.30545517829091e-05,6.787148360521591e-09,0.07582640307291921,0.31313884550500354,-0.4693964543122224,-0.8221078935954395,5f76d4c0beb270c730f8de47cbc49302829e27a2d57c56ff59838def9cb9d5ce,b56cbda2320f40ac2e15da7406e0cf3f6b02f5f5ceac170821f31679c1cdae8e,2
D_restart_continuity_orbit,5,0.12407142857142857,1170,RBC,-6.320556288188252e-06,-7.848541456113186e-05,3.636538522651758e-09,0.34921411782797057,-0.6031513942610341,-0.3318455073312484,-0.6357172758189517,70cf7d36e2c2738b3df22b3d59e5a4b87ef784647bc15ef0dc3eb8ded49458f1,f6869689fcbff3f2185c31b4aa80f4e3bd7ee87d563173e4bcada98de40fdd60,2
D_restart_continuity_orbit,5,0.12407142857142857,1171,RBC,-5.290473738564651e-05,7.31937678037149e-05,7.185231814983749e-10,0.8405733018736639,-0.4995529827398118,-0.20948059071779873,-0.0011062212643012058,e38a312263c7729764342ac907c689c467d2318ef79be8dd403e197eda8b511b,392f50ed4b12cb06dcc4563fcc1eefc5f330f873ba942df038cfc32cd1565437,2
D_restart_continuity_orbit,6,0.12408571428571429,1169,RBC,1.1239803809089082e-05,2.30545517829091e-05,7.14429121766451e-09,0.07582640307291921,0.31313884550500354,-0.4693964543122224,-0.8221078935954395,5f76d4c0beb270c730f8de47cbc49302829e27a2d57c56ff59838def9cb9d5ce,b56cbda2320f40ac2e15da7406e0cf3f6b02f5f5ceac170821f31679c1cdae8e,2
D_restart_continuity_orbit,6,0.12408571428571429,1170,RBC,-6.320556288188252e-06,-7.848541456113186e-05,3.993681379794678e-09,0.34921411782797057,-0.6031513942610341,-0.3318455073312484,-0.6357172758189517,70cf7d36e2c2738b3df22b3d59e5a4b87ef784647bc15ef0dc3eb8ded49458f1,f6869689fcbff3f2185c31b4aa80f4e3bd7ee87d563173e4bcada98de40fdd60,2
D_restart_continuity_orbit,6,0.12408571428571429,1171,RBC,-5.290473738564651e-05,7.31937678037149e-05,1.075666038641294e-09,0.8405733018736639,-0.4995529827398118,-0.20948059071779873,-0.0011062212643012058,e38a312263c7729764342ac907c689c467d2318ef79be8dd403e197eda8b511b,392f50ed4b12cb06dcc4563fcc1eefc5f330f873ba942df038cfc32cd1565437,2
D_restart_continuity_orbit,7,0.1241,1169,RBC,1.1239803809089082e-05,2.30545517829091e-05,7.50143407480743e-09,0.07582640307291921,0.31313884550500354,-0.4693964543122224,-0.8221078935954395,5f76d4c0beb270c730f8de47cbc49302829e27a2d57c56ff59838def9cb9d5ce,b56cbda2320f40ac2e15da7406e0cf3f6b02f5f5ceac170821f31679c1cdae8e,2
D_restart_continuity_orbit,7,0.1241,1170,RBC,-6.320556288188252e-06,-7.848541456113186e-05,4.350824236937596e-09,0.34921411782797057,-0.6031513942610341,-0.3318455073312484,-0.6357172758189517,70cf7d36e2c2738b3df22b3d59e5a4b87ef784647bc15ef0dc3eb8ded49458f1,f6869689fcbff3f2185c31b4aa80f4e3bd7ee87d563173e4bcada98de40fdd60,2
D_restart_continuity_orbit,7,0.1241,1171,RBC,-5.290473738564651e-05,7.31937678037149e-05,1.432808895784213e-09,0.8405733018736639,-0.4995529827398118,-0.20948059071779873,-0.0011062212643012058,e38a312263c7729764342ac907c689c467d2318ef79be8dd403e197eda8b511b,392f50ed4b12cb06dcc4563fcc1eefc5f330f873ba942df038cfc32cd1565437,2
D_restart_continuity_orbit,8,0.12411428571428572,1169,RBC,1.1239803809089082e-05,2.30545517829091e-05,7.85857693195035e-09,0.07582640307291921,0.31313884550500354,-0.4693964543122224,-0.8221078935954395,5f76d4c0beb270c730f8de47cbc49302829e27a2d57c56ff59838def9cb9d5ce,b56cbda2320f40ac2e15da7406e0cf3f6b02f5f5ceac170821f31679c1cdae8e,2
D_restart_continuity_orbit,8,0.12411428571428572,1170,RBC,-6.320556288188252e-06,-7.848541456113186e-05,4.707967094080515e-09,0.34921411782797057,-0.6031513942610341,-0.3318455073312484,-0.6357172758189517,70cf7d36e2c2738b3df22b3d59e5a4b87ef784647bc15ef0dc3eb8ded49458f1,f6869689fcbff3f2185c31b4aa80f4e3bd7ee87d563173e4bcada98de40fdd60,2
D_restart_continuity_orbit,8,0.12411428571428572,1171,RBC,-5.290473738564651e-05,7.31937678037149e-05,1.7899517529271322e-09,0.8405733018736639,-0.4995529827398118,-0.20948059071779873,-0.0011062212643012058,e38a312263c7729764342ac907c689c467d2318ef79be8dd403e197eda8b511b,392f50ed4b12cb06dcc4563fcc1eefc5f330f873ba942df038cfc32cd1565437,2
D_restart_continuity_orbit,9,0.12412857142857142,1169,RBC,1.1239803809089082e-05,2.30545517829091e-05,8.21571978909292e-09,0.07582640307291921,0.31313884550500354,-0.4693964543122224,-0.8221078935954395,5f76d4c0beb270c730f8de47cbc49302829e27a2d57c56ff59838def9cb9d5ce,b56cbda2320f40ac2e15da7406e0cf3f6b02f5f5ceac170821f31679c1cdae8e,2
D_restart_continuity_orbit,9,0.12412857142857142,1170,RBC,-6.320556288188252e-06,-7.848541456113186e-05,5.065109951223088e-09,0.34921411782797057,-0.6031513942610341,-0.3318455073312484,-0.6357172758189517,70cf7d36e2c2738b3df22b3d59e5a4b87ef784647bc15ef0dc3eb8ded49458f1,f6869689fcbff3f2185c31b4aa80f4e3bd7ee87d563173e4bcada98de40fdd60,2
D_restart_continuity_orbit,9,0.12412857142857142,1171,RBC,-5.290473738564651e-05,7.31937678037149e-05,2.1470946100697044e-09,0.8405733018736639,-0.4995529827398118,-0.20948059071779873,-0.0011062212643012058,e38a312263c7729764342ac907c689c467d2318ef79be8dd403e197eda8b511b,392f50ed4b12cb06dcc4563fcc1eefc5f330f873ba942df038cfc32cd1565437,2
D_restart_continuity_orbit,10,0.12414285714285714,1169,RBC,1.1239803809089082e-05,2.30545517829091e-05,8.572862646235839e-09,0.07582640307291921,0.31313884550500354,-0.4693964543122224,-0.8221078935954395,5f76d4c0beb270c730f8de47cbc49302829e27a2d57c56ff59838def9cb9d5ce,b56cbda2320f40ac2e15da7406e0cf3f6b02f5f5ceac170821f31679c1cdae8e,2
D_restart_continuity_orbit,10,0.12414285714285714,1170,RBC,-6.320556288188252e-06,-7.848541456113186e-05,5.422252808366007e-09,0.34921411782797057,-0.6031513942610341,-0.3318455073312484,-0.6357172758189517,70cf7d36e2c2738b3df22b3d59e5a4b87ef784647bc15ef0dc3eb8ded49458f1,f6869689fcbff3f2185c31b4aa80f4e3bd7ee87d563173e4bcada98de40fdd60,2
D_restart_continuity_orbit,10,0.12414285714285714,1171,RBC,-5.290473738564651e-05,7.31937678037149e-05,2.504237467212623e-09,0.8405733018736639,-0.4995529827398118,-0.20948059071779873,-0.0011062212643012058,e38a312263c7729764342ac907c689c467d2318ef79be8dd403e197eda8b511b,392f50ed4b12cb06dcc4563fcc1eefc5f330f873ba942df038cfc32cd1565437,2
D_restart_continuity_orbit,11,0.12415714285714285,1169,RBC,1.1239803809089082e-05,2.30545517829091e-05,8.930005503378758e-09,0.07582640307291921,0.31313884550500354,-0.4693964543122224,-0.8221078935954395,5f76d4c0beb270c730f8de47cbc49302829e27a2d57c56ff59838def9cb9d5ce,b56cbda2320f40ac2e15da7406e0cf3f6b02f5f5ceac170821f31679c1cdae8e,2
D_restart_continuity_orbit,11,0.12415714285714285,1170,RBC,-6.320556288188252e-06,-7.848541456113186e-05,5.7793956655089255e-09,0.34921411782797057,-0.6031513942610341,-0.3318455073312484,-0.6357172758189517,70cf7d36e2c2738b3df22b3d59e5a4b87ef784647bc15ef0dc3eb8ded49458f1,f6869689fcbff3f2185c31b4aa80f4e3bd7ee87d563173e4bcada98de40fdd60,2
D_restart_continuity_orbit,11,0.12415714285714285,1171,RBC,-5.290473738564651e-05,7.31937678037149e-05,2.8613803243555423e-09,0.8405733018736639,-0.4995529827398118,-0.20948059071779873,-0.0011062212643012058,e38a312263c7729764342ac907c689c467d2318ef79be8dd403e197eda8b511b,392f50ed4b12cb06dcc4563fcc1eefc5f330f873ba942df038cfc32cd1565437,2
D_restart_continuity_orbit,11,0.12415714285714285,1172,RBC,3.0071374680171096e-05,9.158784464181693e-05,2.6611627089931525e-10,-0.6285617795571616,0.06376599724256979,-0.7587906222093909,-0.1583691211148187,0bf04d16daf042f0922539716f344b36c4e5eba1d58ae325ebe22144f632b9c8,80f00380f1dbfac6a0d3f4ddf4a990151e42f3d962d1881acc32bb5266dca828,2
D_restart_continuity_orbit,12,0.12417142857142857,1169,RBC,1.1239803809089082e-05,2.30545517829091e-05,9.287148360521677e-09,0.07582640307291921,0.31313884550500354,-0.4693964543122224,-0.8221078935954395,5f76d4c0beb270c730f8de47cbc49302829e27a2d57c56ff59838def9cb9d5ce,b56cbda2320f40ac2e15da7406e0cf3f6b02f5f5ceac170821f31679c1cdae8e,2
D_restart_continuity_orbit,12,0.12417142857142857,1170,RBC,-6.320556288188252e-06,-7.848541456113186e-05,6.136538522651845e-09,0.34921411782797057,-0.6031513942610341,-0.3318455073312484,-0.6357172758189517,70cf7d36e2c2738b3df22b3d59e5a4b87ef784647bc15ef0dc3eb8ded49458f1,f6869689fcbff3f2185c31b4aa80f4e3bd7ee87d563173e4bcada98de40fdd60,2
D_restart_continuity_orbit,12,0.12417142857142857,1171,RBC,-5.290473738564651e-05,7.31937678037149e-05,3.2185231814984615e-09,0.8405733018736639,-0.4995529827398118,-0.20948059071779873,-0.0011062212643012058,e38a312263c7729764342ac907c689c467d2318ef79be8dd403e197eda8b511b,392f50ed4b12cb06dcc4563fcc1eefc5f330f873ba942df038cfc32cd1565437,2
D_restart_continuity_orbit,12,0.12417142857142857,1172,RBC,3.0071374680171096e-05,9.158784464181693e-05,6.232591280422343e-10,-0.6285617795571616,0.06376599724256979,-0.7587906222093909,-0.1583691211148187,0bf04d16daf042f0922539716f344b36c4e5eba1d58ae325ebe22144f632b9c8,80f00380f1dbfac6a0d3f4ddf4a990151e42f3d962d1881acc32bb5266dca828,2
D_restart_continuity_orbit,13,0.12418571428571429,1169,RBC,1.1239803809089082e-05,2.30545517829091e-05,9.644291217664596e-09,0.07582640307291921,0.31313884550500354,-0.4693964543122224,-0.8221078935954395,5f76d4c0beb270c730f8de47cbc49302829e27a2d57c56ff59838def9cb9d5ce,b56cbda2320f40ac2e15da7406e0cf3f6b02f5f5ceac170821f31679c1cdae8e,2
D_restart_continuity_orbit,13,0.12418571428571429,1170,RBC,-6.320556288188252e-06,-7.848541456113186e-05,6.493681379794764e-09,0.34921411782797057,-0.6031513942610341,-0.3318455073312484,-0.6357172758189517,70cf7d36e2c2738b3df22b3d59e5a4b87ef784647bc15ef0dc3eb8ded49458f1,f6869689fcbff3f2185c31b4aa80f4e3bd7ee87d563173e4bcada98de40fdd60,2
D_restart_continuity_orbit,13,0.12418571428571429,1171,RBC,-5.290473738564651e-05,7.31937678037149e-05,3.5756660386413807e-09,0.8405733018736639,-0.4995529827398118,-0.20948059071779873,-0.0011062212643012058,e38a312263c7729764342ac907c689c467d2318ef79be8dd403e197eda8b511b,392f50ed4b12cb06dcc4563fcc1eefc5f330f873ba942df038cfc32cd1565437,2
D_restart_continuity_orbit,13,0.12418571428571429,1172,RBC,3.0071374680171096e-05,9.158784464181693e-05,9.804019851851535e-10,-0.6285617795571616,0.06376599724256979,-0.7587906222093909,-0.1583691211148187,0bf04d16daf042f0922539716f344b36c4e5eba1d58ae325ebe22144f632b9c8,80f00380f1dbfac6a0d3f4ddf4a990151e42f3d962d1881acc32bb5266dca828,2
D_restart_continuity_orbit,14,0.1242,1170,RBC,-6.320556288188252e-06,-7.848541456113186e-05,6.850824236937683e-09,0.34921411782797057,-0.6031513942610341,-0.3318455073312484,-0.6357172758189517,70cf7d36e2c2738b3df22b3d59e5a4b87ef784647bc15ef0dc3eb8ded49458f1,f6869689fcbff3f2185c31b4aa80f4e3bd7ee87d563173e4bcada98de40fdd60,2
D_restart_continuity_orbit,14,0.1242,1171,RBC,-5.290473738564651e-05,7.31937678037149e-05,3.9328088957843e-09,0.8405733018736639,-0.4995529827398118,-0.20948059071779873,-0.0011062212643012058,e38a312263c7729764342ac907c689c467d2318ef79be8dd403e197eda8b511b,392f50ed4b12cb06dcc4563fcc1eefc5f330f873ba942df038cfc32cd1565437,2
D_restart_continuity_orbit,14,0.1242,1172,RBC,3.0071374680171096e-05,9.158784464181693e-05,1.3375448423280725e-09,-0.6285617795571616,0.06376599724256979,-0.7587906222093909,-0.1583691211148187,0bf04d16daf042f0922539716f344b36c4e5eba1d58ae325ebe22144f632b9c8,80f00380f1dbfac6a0d3f4ddf4a990151e42f3d962d1881acc32bb5266dca828,2
D_restart_continuity_orbit,15,0.12421428571428571,1170,RBC,-6.320556288188252e-06,-7.848541456113186e-05,7.207967094080256e-09,0.34921411782797057,-0.6031513942610341,-0.3318455073312484,-0.6357172758189517,70cf7d36e2c2738b3df22b3d59e5a4b87ef784647bc15ef0dc3eb8ded49458f1,f6869689fcbff3f2185c31b4aa80f4e3bd7ee87d563173e4bcada98de40fdd60,2
D_restart_continuity_orbit,15,0.12421428571428571,1171,RBC,-5.290473738564651e-05,7.31937678037149e-05,4.289951752926872e-09,0.8405733018736639,-0.4995529827398118,-0.20948059071779873,-0.0011062212643012058,e38a312263c7729764342ac907c689c467d2318ef79be8dd403e197eda8b511b,392f50ed4b12cb06dcc4563fcc1eefc5f330f873ba942df038cfc32cd1565437,2
D_restart_continuity_orbit,15,0.12421428571428571,1172,RBC,3.0071374680171096e-05,9.158784464181693e-05,1.6946876994706447e-09,-0.6285617795571616,0.06376599724256979,-0.7587906222093909,-0.1583691211148187,0bf04d16daf042f0922539716f344b36c4e5eba1d58ae325ebe22144f632b9c8,80f00380f1dbfac6a0d3f4ddf4a990151e42f3d962d1881acc32bb5266dca828,2
D_restart_continuity_orbit,16,0.12422857142857142,1170,RBC,-6.320556288188252e-06,-7.848541456113186e-05,7.565109951223175e-09,0.34921411782797057,-0.6031513942610341,-0.3318455073312484,-0.6357172758189517,70cf7d36e2c2738b3df22b3d59e5a4b87ef784647bc15ef0dc3eb8ded49458f1,f6869689fcbff3f2185c31b4aa80f4e3bd7ee87d563173e4bcada98de40fdd60,2
D_restart_continuity_orbit,16,0.12422857142857142,1171,RBC,-5.290473738564651e-05,7.31937678037149e-05,4.647094610069791e-09,0.8405733018736639,-0.4995529827398118,-0.20948059071779873,-0.0011062212643012058,e38a312263c7729764342ac907c689c467d2318ef79be8dd403e197eda8b511b,392f50ed4b12cb06dcc4563fcc1eefc5f330f873ba942df038cfc32cd1565437,2
D_restart_continuity_orbit,16,0.12422857142857142,1172,RBC,3.0071374680171096e-05,9.158784464181693e-05,2.051830556613564e-09,-0.6285617795571616,0.06376599724256979,-0.7587906222093909,-0.1583691211148187,0bf04d16daf042f0922539716f344b36c4e5eba1d58ae325ebe22144f632b9c8,80f00380f1dbfac6a0d3f4ddf4a990151e42f3d962d1881acc32bb5266dca828,2
D_restart_continuity_orbit,17,0.12424285714285714,1170,RBC,-6.320556288188252e-06,-7.848541456113186e-05,7.922252808366094e-09,0.34921411782797057,-0.6031513942610341,-0.3318455073312484,-0.6357172758189517,70cf7d36e2c2738b3df22b3d59e5a4b87ef784647bc15ef0dc3eb8ded49458f1,f6869689fcbff3f2185c31b4aa80f4e3bd7ee87d563173e4bcada98de40fdd60,2
D_restart_continuity_orbit,17,0.12424285714285714,1171,RBC,-5.290473738564651e-05,7.31937678037149e-05,5.00423746721271e-09,0.8405733018736639,-0.4995529827398118,-0.20948059071779873,-0.0011062212643012058,e38a312263c7729764342ac907c689c467d2318ef79be8dd403e197eda8b511b,392f50ed4b12cb06dcc4563fcc1eefc5f330f873ba942df038cfc32cd1565437,2
D_restart_continuity_orbit,17,0.12424285714285714,1172,RBC,3.0071374680171096e-05,9.158784464181693e-05,2.408973413756483e-09,-0.6285617795571616,0.06376599724256979,-0.7587906222093909,-0.1583691211148187,0bf04d16daf042f0922539716f344b36c4e5eba1d58ae325ebe22144f632b9c8,80f00380f1dbfac6a0d3f4ddf4a990151e42f3d962d1881acc32bb5266dca828,2
D_restart_continuity_orbit,18,0.12425714285714286,1170,RBC,-6.320556288188252e-06,-7.848541456113186e-05,8.279395665509013e-09,0.34921411782797057,-0.6031513942610341,-0.3318455073312484,-0.6357172758189517,70cf7d36e2c2738b3df22b3d59e5a4b87ef784647bc15ef0dc3eb8ded49458f1,f6869689fcbff3f2185c31b4aa80f4e3bd7ee87d563173e4bcada98de40fdd60,2
D_restart_continuity_orbit,18,0.12425714285714286,1171,RBC,-5.290473738564651e-05,7.31937678037149e-05,5.361380324355629e-09,0.8405733018736639,-0.4995529827398118,-0.20948059071779873,-0.0011062212643012058,e38a312263c7729764342ac907c689c467d2318ef79be8dd403e197eda8b511b,392f50ed4b12cb06dcc4563fcc1eefc5f330f873ba942df038cfc32cd1565437,2
D_restart_continuity_orbit,18,0.12425714285714286,1172,RBC,3.0071374680171096e-05,9.158784464181693e-05,2.766116270899402e-09,-0.6285617795571616,0.06376599724256979,-0.7587906222093909,-0.1583691211148187,0bf04d16daf042f0922539716f344b36c4e5eba1d58ae325ebe22144f632b9c8,80f00380f1dbfac6a0d3f4ddf4a990151e42f3d962d1881acc32bb5266dca828,2
D_restart_continuity_orbit,19,0.12427142857142857,1170,RBC,-6.320556288188252e-06,-7.848541456113186e-05,8.636538522651932e-09,0.34921411782797057,-0.6031513942610341,-0.3318455073312484,-0.6357172758189517,70cf7d36e2c2738b3df22b3d59e5a4b87ef784647bc15ef0dc3eb8ded49458f1,f6869689fcbff3f2185c31b4aa80f4e3bd7ee87d563173e4bcada98de40fdd60,2
D_restart_continuity_orbit,19,0.12427142857142857,1171,RBC,-5.290473738564651e-05,7.31937678037149e-05,5.718523181498548e-09,0.8405733018736639,-0.4995529827398118,-0.20948059071779873,-0.0011062212643012058,e38a312263c7729764342ac907c689c467d2318ef79be8dd403e197eda8b511b,392f50ed4b12cb06dcc4563fcc1eefc5f330f873ba942df038cfc32cd1565437,2
D_restart_continuity_orbit,19,0.12427142857142857,1172,RBC,3.0071374680171096e-05,9.158784464181693e-05,3.123259128042321e-09,-0.6285617795571616,0.06376599724256979,-0.7587906222093909,-0.1583691211148187,0bf04d16daf042f0922539716f344b36c4e5eba1d58ae325ebe22144f632b9c8,80f00380f1dbfac6a0d3f4ddf4a990151e42f3d962d1881acc32bb5266dca828,2
D_restart_continuity_orbit,20,0.12428571428571429,1170,RBC,-6.320556288188252e-06,-7.848541456113186e-05,8.993681379794852e-09,0.34921411782797057,-0.6031513942610341,-0.3318455073312484,-0.6357172758189517,70cf7d36e2c2738b3df22b3d59e5a4b87ef784647bc15ef0dc3eb8ded49458f1,f6869689fcbff3f2185c31b4aa80f4e3bd7ee87d563173e4bcada98de40fdd60,2
D_restart_continuity_orbit,20,0.12428571428571429,1171,RBC,-5.290473738564651e-05,7.31937678037149e-05,6.075666038641467e-09,0.8405733018736639,-0.4995529827398118,-0.20948059071779873,-0.0011062212643012058,e38a312263c7729764342ac907c689c467d2318ef79be8dd403e197eda8b511b,392f50ed4b12cb06dcc4563fcc1eefc5f330f873ba942df038cfc32cd1565437,2
D_restart_continuity_orbit,20,0.12428571428571429,1172,RBC,3.0071374680171096e-05,9.158784464181693e-05,3.4804019851852402e-09,-0.6285617795571616,0.06376599724256979,-0.7587906222093909,-0.1583691211148187,0bf04d16daf042f0922539716f344b36c4e5eba1d58ae325ebe22144f632b9c8,80f00380f1dbfac6a0d3f4ddf4a990151e42f3d962d1881acc32bb5266dca828,2
D_restart_continuity_orbit,20,0.12428571428571429,1173,RBC,-9.432816143368118e-06,1.6304892120140936e-05,2.3116037192704025e-10,0.20680391709961626,-0.816600950811018,-0.21188167941012026,0.4954807573833148,e2e0ab862f33c2a87e37db6953acf31add4e84e54b5bfb1f82c99a96b1daab77,68d974630e82fb68acef8a5d15bf477b70efc5f22d00a7968b3fd87dac49239d,2
D_restart_continuity_orbit,21,0.1243,1170,RBC,-6.320556288188252e-06,-7.848541456113186e-05,9.350824236937423e-09,0.34921411782797057,-0.6031513942610341,-0.3318455073312484,-0.6357172758189517,70cf7d36e2c2738b3df22b3d59e5a4b87ef784647bc15ef0dc3eb8ded49458f1,f6869689fcbff3f2185c31b4aa80f4e3bd7ee87d563173e4bcada98de40fdd60,2
D_restart_continuity_orbit,21,0.1243,1171,RBC,-5.290473738564651e-05,7.31937678037149e-05,6.432808895784041e-09,0.8405733018736639,-0.4995529827398118,-0.20948059071779873,-0.0011062212643012058,e38a312263c7729764342ac907c689c467d2318ef79be8dd403e197eda8b511b,392f50ed4b12cb06dcc4563fcc1eefc5f330f873ba942df038cfc32cd1565437,2
D_restart_continuity_orbit,21,0.1243,1172,RBC,3.0071374680171096e-05,9.158784464181693e-05,3.837544842327813e-09,-0.6285617795571616,0.06376599724256979,-0.7587906222093909,-0.1583691211148187,0bf04d16daf042f0922539716f344b36c4e5eba1d58ae325ebe22144f632b9c8,80f00380f1dbfac6a0d3f4ddf4a990151e42f3d962d1881acc32bb5266dca828,2
D_restart_continuity_orbit,21,0.1243,1173,RBC,-9.432816143368118e-06,1.6304892120140936e-05,5.883032290696124e-10,0.20680391709961626,-0.816600950811018,-0.21188167941012026,0.4954807573833148,e2e0ab862f33c2a87e37db6953acf31add4e84e54b5bfb1f82c99a96b1daab77,68d974630e82fb68acef8a5d15bf477b70efc5f22d00a7968b3fd87dac49239d,2
D_restart_continuity_orbit,22,0.12431428571428571,1170,RBC,-6.320556288188252e-06,-7.848541456113186e-05,9.707967094080343e-09,0.34921411782797057,-0.6031513942610341,-0.3318455073312484,-0.6357172758189517,70cf7d36e2c2738b3df22b3d59e5a4b87ef784647bc15ef0dc3eb8ded49458f1,f6869689fcbff3f2185c31b4aa80f4e3bd7ee87d563173e4bcada98de40fdd60,2
D_restart_continuity_orbit,22,0.12431428571428571,1171,RBC,-5.290473738564651e-05,7.31937678037149e-05,6.78995175292696e-09,0.8405733018736639,-0.4995529827398118,-0.20948059071779873,-0.0011062212643012058,e38a312263c7729764342ac907c689c467d2318ef79be8dd403e197eda8b511b,392f50ed4b12cb06dcc4563fcc1eefc5f330f873ba942df038cfc32cd1565437,2
D_restart_continuity_orbit,22,0.12431428571428571,1172,RBC,3.0071374680171096e-05,9.158784464181693e-05,4.194687699470732e-09,-0.6285617795571616,0.06376599724256979,-0.7587906222093909,-0.1583691211148187,0bf04d16daf042f0922539716f344b36c4e5eba1d58ae325ebe22144f632b9c8,80f00380f1dbfac6a0d3f4ddf4a990151e42f3d962d1881acc32bb5266dca828,2
D_restart_continuity_orbit,22,0.12431428571428571,1173,RBC,-9.432816143368118e-06,1.6304892120140936e-05,9.454460862125315e-10,0.20680391709961626,-0.816600950811018,-0.21188167941012026,0.4954807573833148,e2e0ab862f33c2a87e37db6953acf31add4e84e54b5bfb1f82c99a96b1daab77,68d974630e82fb68acef8a5d15bf477b70efc5f22d00a7968b3fd87dac49239d,2
D_restart_continuity_orbit,23,0.12432857142857143,1171,RBC,-5.290473738564651e-05,7.31937678037149e-05,7.147094610069877e-09,0.8405733018736639,-0.4995529827398118,-0.20948059071779873,-0.0011062212643012058,e38a312263c7729764342ac907c689c467d2318ef79be8dd403e197eda8b511b,392f50ed4b12cb06dcc4563fcc1eefc5f330f873ba942df038cfc32cd1565437,2
D_restart_continuity_orbit,23,0.12432857142857143,1172,RBC,3.0071374680171096e-05,9.158784464181693e-05,4.551830556613651e-09,-0.6285617795571616,0.06376599724256979,-0.7587906222093909,-0.1583691211148187,0bf04d16daf042f0922539716f344b36c4e5eba1d58ae325ebe22144f632b9c8,80f00380f1dbfac6a0d3f4ddf4a990151e42f3d962d1881acc32bb5266dca828,2
D_restart_continuity_orbit,23,0.12432857142857143,1173,RBC,-9.432816143368118e-06,1.6304892120140936e-05,1.3025889433554505e-09,0.20680391709961626,-0.816600950811018,-0.21188167941012026,0.4954807573833148,e2e0ab862f33c2a87e37db6953acf31add4e84e54b5bfb1f82c99a96b1daab77,68d974630e82fb68acef8a5d15bf477b70efc5f22d00a7968b3fd87dac49239d,2
D_restart_continuity_orbit,24,0.12434285714285714,1171,RBC,-5.290473738564651e-05,7.31937678037149e-05,7.504237467212797e-09,0.8405733018736639,-0.4995529827398118,-0.20948059071779873,-0.0011062212643012058,e38a312263c7729764342ac907c689c467d2318ef79be8dd403e197eda8b511b,392f50ed4b12cb06dcc4563fcc1eefc5f330f873ba942df038cfc32cd1565437,2
D_restart_continuity_orbit,24,0.12434285714285714,1172,RBC,3.0071374680171096e-05,9.158784464181693e-05,4.90897341375657e-09,-0.6285617795571616,0.06376599724256979,-0.7587906222093909,-0.1583691211148187,0bf04d16daf042f0922539716f344b36c4e5eba1d58ae325ebe22144f632b9c8,80f00380f1dbfac6a0d3f4ddf4a990151e42f3d962d1881acc32bb5266dca828,2
D_restart_continuity_orbit,24,0.12434285714285714,1173,RBC,-9.432816143368118e-06,1.6304892120140936e-05,1.6597318004983697e-09,0.20680391709961626,-0.816600950811018,-0.21188167941012026,0.4954807573833148,e2e0ab862f33c2a87e37db6953acf31add4e84e54b5bfb1f82c99a96b1daab77,68d974630e82fb68acef8a5d15bf477b70efc5f22d00a7968b3fd87dac49239d,2
D_restart_continuity_orbit,25,0.12435714285714286,1171,RBC,-5.290473738564651e-05,7.31937678037149e-05,7.861380324355717e-09,0.8405733018736639,-0.4995529827398118,-0.20948059071779873,-0.0011062212643012058,e38a312263c7729764342ac907c689c467d2318ef79be8dd403e197eda8b511b,392f50ed4b12cb06dcc4563fcc1eefc5f330f873ba942df038cfc32cd1565437,2
D_restart_continuity_orbit,25,0.12435714285714286,1172,RBC,3.0071374680171096e-05,9.158784464181693e-05,5.2661162708994896e-09,-0.6285617795571616,0.06376599724256979,-0.7587906222093909,-0.1583691211148187,0bf04d16daf042f0922539716f344b36c4e5eba1d58ae325ebe22144f632b9c8,80f00380f1dbfac6a0d3f4ddf4a990151e42f3d962d1881acc32bb5266dca828,2
D_restart_continuity_orbit,25,0.12435714285714286,1173,RBC,-9.432816143368118e-06,1.6304892120140936e-05,2.0168746576412887e-09,0.20680391709961626,-0.816600950811018,-0.21188167941012026,0.4954807573833148,e2e0ab862f33c2a87e37db6953acf31add4e84e54b5bfb1f82c99a96b1daab77,68d974630e82fb68acef8a5d15bf477b70efc5f22d00a7968b3fd87dac49239d,2
D_restart_continuity_orbit,26,0.12437142857142858,1171,RBC,-5.290473738564651e-05,7.31937678037149e-05,8.218523181498636e-09,0.8405733018736639,-0.4995529827398118,-0.20948059071779873,-0.0011062212643012058,e38a312263c7729764342ac907c689c467d2318ef79be8dd403e197eda8b511b,392f50ed4b12cb06dcc4563fcc1eefc5f330f873ba942df038cfc32cd1565437,2
D_restart_continuity_orbit,26,0.12437142857142858,1172,RBC,3.0071374680171096e-05,9.158784464181693e-05,5.623259128042409e-09,-0.6285617795571616,0.06376599724256979,-0.7587906222093909,-0.1583691211148187,0bf04d16daf042f0922539716f344b36c4e5eba1d58ae325ebe22144f632b9c8,80f00380f1dbfac6a0d3f4ddf4a990151e42f3d962d1881acc32bb5266dca828,2
D_restart_continuity_orbit,26,0.12437142857142858,1173,RBC,-9.432816143368118e-06,1.6304892120140936e-05,2.374017514784208e-09,0.20680391709961626,-0.816600950811018,-0.21188167941012026,0.4954807573833148,e2e0ab862f33c2a87e37db6953acf31add4e84e54b5bfb1f82c99a96b1daab77,68d974630e82fb68acef8a5d15bf477b70efc5f22d00a7968b3fd87dac49239d,2
D_restart_continuity_orbit,27,0.12438571428571428,1171,RBC,-5.290473738564651e-05,7.31937678037149e-05,8.575666038641208e-09,0.8405733018736639,-0.4995529827398118,-0.20948059071779873,-0.0011062212643012058,e38a312263c7729764342ac907c689c467d2318ef79be8dd403e197eda8b511b,392f50ed4b12cb06dcc4563fcc1eefc5f330f873ba942df038cfc32cd1565437,2
D_restart_continuity_orbit,27,0.12438571428571428,1172,RBC,3.0071374680171096e-05,9.158784464181693e-05,5.98040198518498e-09,-0.6285617795571616,0.06376599724256979,-0.7587906222093909,-0.1583691211148187,0bf04d16daf042f0922539716f344b36c4e5eba1d58ae325ebe22144f632b9c8,80f00380f1dbfac6a0d3f4ddf4a990151e42f3d962d1881acc32bb5266dca828,2
D_restart_continuity_orbit,27,0.12438571428571428,1173,RBC,-9.432816143368118e-06,1.6304892120140936e-05,2.7311603719267804e-09,0.20680391709961626,-0.816600950811018,-0.21188167941012026,0.4954807573833148,e2e0ab862f33c2a87e37db6953acf31add4e84e54b5bfb1f82c99a96b1daab77,68d974630e82fb68acef8a5d15bf477b70efc5f22d00a7968b3fd87dac49239d,2
D_restart_continuity_orbit,27,0.12438571428571428,1174,RBC,3.406248557446074e-05,-1.5791047298243364e-05,1.1507001219726657e-10,-0.7058352964568391,-0.20222443371016363,0.6720334991963732,0.09629531994945428,3501d15fc415e4cb699114353e6ee43b213c2876753bfde839b5c6cf7e0440e0,64fa34e83c175c7fac600d8ed349e2659c1d338c4c52016190d0c7a13e2aa833,2
D_restart_continuity_orbit,28,0.1244,1171,RBC,-5.290473738564651e-05,7.31937678037149e-05,8.932808895784127e-09,0.8405733018736639,-0.4995529827398118,-0.20948059071779873,-0.0011062212643012058,e38a312263c7729764342ac907c689c467d2318ef79be8dd403e197eda8b511b,392f50ed4b12cb06dcc4563fcc1eefc5f330f873ba942df038cfc32cd1565437,2
D_restart_continuity_orbit,28,0.1244,1172,RBC,3.0071374680171096e-05,9.158784464181693e-05,6.337544842327899e-09,-0.6285617795571616,0.06376599724256979,-0.7587906222093909,-0.1583691211148187,0bf04d16daf042f0922539716f344b36c4e5eba1d58ae325ebe22144f632b9c8,80f00380f1dbfac6a0d3f4ddf4a990151e42f3d962d1881acc32bb5266dca828,2
D_restart_continuity_orbit,28,0.1244,1173,RBC,-9.432816143368118e-06,1.6304892120140936e-05,3.0883032290696992e-09,0.20680391709961626,-0.816600950811018,-0.21188167941012026,0.4954807573833148,e2e0ab862f33c2a87e37db6953acf31add4e84e54b5bfb1f82c99a96b1daab77,68d974630e82fb68acef8a5d15bf477b70efc5f22d00a7968b3fd87dac49239d,2
D_restart_continuity_orbit,28,0.1244,1174,RBC,3.406248557446074e-05,-1.5791047298243364e-05,4.722128693401857e-10,-0.7058352964568391,-0.20222443371016363,0.6720334991963732,0.09629531994945428,3501d15fc415e4cb699114353e6ee43b213c2876753bfde839b5c6cf7e0440e0,64fa34e83c175c7fac600d8ed349e2659c1d338c4c52016190d0c7a13e2aa833,2
D_restart_continuity_orbit,29,0.12441428571428571,1171,RBC,-5.290473738564651e-05,7.31937678037149e-05,9.289951752927046e-09,0.8405733018736639,-0.4995529827398118,-0.20948059071779873,-0.0011062212643012058,e38a312263c7729764342ac907c689c467d2318ef79be8dd403e197eda8b511b,392f50ed4b12cb06dcc4563fcc1eefc5f330f873ba942df038cfc32cd1565437,2
D_restart_continuity_orbit,29,0.12441428571428571,1172,RBC,3.0071374680171096e-05,9.158784464181693e-05,6.694687699470818e-09,-0.6285617795571616,0.06376599724256979,-0.7587906222093909,-0.1583691211148187,0bf04d16daf042f0922539716f344b36c4e5eba1d58ae325ebe22144f632b9c8,80f00380f1dbfac6a0d3f4ddf4a990151e42f3d962d1881acc32bb5266dca828,2
D_restart_continuity_orbit,29,0.12441428571428571,1173,RBC,-9.432816143368118e-06,1.6304892120140936e-05,3.4454460862126184e-09,0.20680391709961626,-0.816600950811018,-0.21188167941012026,0.4954807573833148,e2e0ab862f33c2a87e37db6953acf31add4e84e54b5bfb1f82c99a96b1daab77,68d974630e82fb68acef8a5d15bf477b70efc5f22d00a7968b3fd87dac49239d,2
D_restart_continuity_orbit,29,0.12441428571428571,1174,RBC,3.406248557446074e-05,-1.5791047298243364e-05,8.293557264831047e-10,-0.7058352964568391,-0.20222443371016363,0.6720334991963732,0.09629531994945428,3501d15fc415e4cb699114353e6ee43b213c2876753bfde839b5c6cf7e0440e0,64fa34e83c175c7fac600d8ed349e2659c1d338c4c52016190d0c7a13e2aa833,2
D_restart_continuity_orbit,30,0.12442857142857143,1171,RBC,-5.290473738564651e-05,7.31937678037149e-05,9.647094610069965e-09,0.8405733018736639,-0.4995529827398118,-0.20948059071779873,-0.0011062212643012058,e38a312263c7729764342ac907c689c467d2318ef79be8dd403e197eda8b511b,392f50ed4b12cb06dcc4563fcc1eefc5f330f873ba942df038cfc32cd1565437,2
D_restart_continuity_orbit,30,0.12442857142857143,1172,RBC,3.0071374680171096e-05,9.158784464181693e-05,7.051830556613737e-09,-0.6285617795571616,0.06376599724256979,-0.7587906222093909,-0.1583691211148187,0bf04d16daf042f0922539716f344b36c4e5eba1d58ae325ebe22144f632b9c8,80f00380f1dbfac6a0d3f4ddf4a990151e42f3d962d1881acc32bb5266dca828,2
D_restart_continuity_orbit,30,0.12442857142857143,1173,RBC,-9.432816143368118e-06,1.6304892120140936e-05,3.802588943355537e-09,0.20680391709961626,-0.816600950811018,-0.21188167941012026,0.4954807573833148,e2e0ab862f33c2a87e37db6953acf31add4e84e54b5bfb1f82c99a96b1daab77,68d974630e82fb68acef8a5d15bf477b70efc5f22d00a7968b3fd87dac49239d,2
D_restart_continuity_orbit,30,0.12442857142857143,1174,RBC,3.406248557446074e-05,-1.5791047298243364e-05,1.1864985836260238e-09,-0.7058352964568391,-0.20222443371016363,0.6720334991963732,0.09629531994945428,3501d15fc415e4cb699114353e6ee43b213c2876753bfde839b5c6cf7e0440e0,64fa34e83c175c7fac600d8ed349e2659c1d338c4c52016190d0c7a13e2aa833,2
D_restart_continuity_orbit,31,0.12444285714285715,1172,RBC,3.0071374680171096e-05,9.158784464181693e-05,7.4089734137566565e-09,-0.6285617795571616,0.06376599724256979,-0.7587906222093909,-0.1583691211148187,0bf04d16daf042f0922539716f344b36c4e5eba1d58ae325ebe22144f632b9c8,80f00380f1dbfac6a0d3f4ddf4a990151e42f3d962d1881acc32bb5266dca828,2
D_restart_continuity_orbit,31,0.12444285714285715,1173,RBC,-9.432816143368118e-06,1.6304892120140936e-05,4.159731800498456e-09,0.20680391709961626,-0.816600950811018,-0.21188167941012026,0.4954807573833148,e2e0ab862f33c2a87e37db6953acf31add4e84e54b5bfb1f82c99a96b1daab77,68d974630e82fb68acef8a5d15bf477b70efc5f22d00a7968b3fd87dac49239d,2
D_restart_continuity_orbit,31,0.12444285714285715,1174,RBC,3.406248557446074e-05,-1.5791047298243364e-05,1.543641440768943e-09,-0.7058352964568391,-0.20222443371016363,0.6720334991963732,0.09629531994945428,3501d15fc415e4cb699114353e6ee43b213c2876753bfde839b5c6cf7e0440e0,64fa34e83c175c7fac600d8ed349e2659c1d338c4c52016190d0c7a13e2aa833,2
D_restart_continuity_orbit,32,0.12445714285714286,1172,RBC,3.0071374680171096e-05,9.158784464181693e-05,7.766116270899576e-09,-0.6285617795571616,0.06376599724256979,-0.7587906222093909,-0.1583691211148187,0bf04d16daf042f0922539716f344b36c4e5eba1d58ae325ebe22144f632b9c8,80f00380f1dbfac6a0d3f4ddf4a990151e42f3d962d1881acc32bb5266dca828,2
D_restart_continuity_orbit,32,0.12445714285714286,1173,RBC,-9.432816143368118e-06,1.6304892120140936e-05,4.516874657641375e-09,0.20680391709961626,-0.816600950811018,-0.21188167941012026,0.4954807573833148,e2e0ab862f33c2a87e37db6953acf31add4e84e54b5bfb1f82c99a96b1daab77,68d974630e82fb68acef8a5d15bf477b70efc5f22d00a7968b3fd87dac49239d,2
D_restart_continuity_orbit,32,0.12445714285714286,1174,RBC,3.406248557446074e-05,-1.5791047298243364e-05,1.900784297911862e-09,-0.7058352964568391,-0.20222443371016363,0.6720334991963732,0.09629531994945428,3501d15fc415e4cb699114353e6ee43b213c2876753bfde839b5c6cf7e0440e0,64fa34e83c175c7fac600d8ed349e2659c1d338c4c52016190d0c7a13e2aa833,2
D_restart_continuity_orbit,33,0.12447142857142857,1172,RBC,3.0071374680171096e-05,9.158784464181693e-05,8.123259128042148e-09,-0.6285617795571616,0.06376599724256979,-0.7587906222093909,-0.1583691211148187,0bf04d16daf042f0922539716f344b36c4e5eba1d58ae325ebe22144f632b9c8,80f00380f1dbfac6a0d3f4ddf4a990151e42f3d962d1881acc32bb5266dca828,2
D_restart_continuity_orbit,33,0.12447142857142857,1173,RBC,-9.432816143368118e-06,1.6304892120140936e-05,4.874017514783948e-09,0.20680391709961626,-0.816600950811018,-0.21188167941012026,0.4954807573833148,e2e0ab862f33c2a87e37db6953acf31add4e84e54b5bfb1f82c99a96b1daab77,68d974630e82fb68acef8a5d15bf477b70efc5f22d00a7968b3fd87dac49239d,2
D_restart_continuity_orbit,33,0.12447142857142857,1174,RBC,3.406248557446074e-05,-1.5791047298243364e-05,2.257927155054434e-09,-0.7058352964568391,-0.20222443371016363,0.6720334991963732,0.09629531994945428,3501d15fc415e4cb699114353e6ee43b213c2876753bfde839b5c6cf7e0440e0,64fa34e83c175c7fac600d8ed349e2659c1d338c4c52016190d0c7a13e2aa833,2
D_restart_continuity_orbit,34,0.12448571428571428,1172,RBC,3.0071374680171096e-05,9.158784464181693e-05,8.480401985185067e-09,-0.6285617795571616,0.06376599724256979,-0.7587906222093909,-0.1583691211148187,0bf04d16daf042f0922539716f344b36c4e5eba1d58ae325ebe22144f632b9c8,80f00380f1dbfac6a0d3f4ddf4a990151e42f3d962d1881acc32bb5266dca828,2
D_restart_continuity_orbit,34,0.12448571428571428,1173,RBC,-9.432816143368118e-06,1.6304892120140936e-05,5.231160371926868e-09,0.20680391709961626,-0.816600950811018,-0.21188167941012026,0.4954807573833148,e2e0ab862f33c2a87e37db6953acf31add4e84e54b5bfb1f82c99a96b1daab77,68d974630e82fb68acef8a5d15bf477b70efc5f22d00a7968b3fd87dac49239d,2
D_restart_continuity_orbit,34,0.12448571428571428,1174,RBC,3.406248557446074e-05,-1.5791047298243364e-05,2.6150700121973536e-09,-0.7058352964568391,-0.20222443371016363,0.6720334991963732,0.09629531994945428,3501d15fc415e4cb699114353e6ee43b213c2876753bfde839b5c6cf7e0440e0,64fa34e83c175c7fac600d8ed349e2659c1d338c4c52016190d0c7a13e2aa833,2
D_restart_continuity_orbit,34,0.12448571428571428,1175,RBC,-8.391632569370573e-05,-8.201812060576744e-05,1.790978463100262e-10,0.42573592221787293,0.131961324107199,0.8233072759782823,-0.35142604171346264,086d3296914fdb8cbd2491608762070c30813191d19bc0671348567339fa9561,ea585d3f85675941d034a7d4e37b57726c2c002004f1f13f0ce4845e85b12551,2
D_restart_continuity_orbit,35,0.1245,1172,RBC,3.0071374680171096e-05,9.158784464181693e-05,8.837544842327987e-09,-0.6285617795571616,0.06376599724256979,-0.7587906222093909,-0.1583691211148187,0bf04d16daf042f0922539716f344b36c4e5eba1d58ae325ebe22144f632b9c8,80f00380f1dbfac6a0d3f4ddf4a990151e42f3d962d1881acc32bb5266dca828,2
D_restart_continuity_orbit,35,0.1245,1173,RBC,-9.432816143368118e-06,1.6304892120140936e-05,5.588303229069785e-09,0.20680391709961626,-0.816600950811018,-0.21188167941012026,0.4954807573833148,e2e0ab862f33c2a87e37db6953acf31add4e84e54b5bfb1f82c99a96b1daab77,68d974630e82fb68acef8a5d15bf477b70efc5f22d00a7968b3fd87dac49239d,2
D_restart_continuity_orbit,35,0.1245,1174,RBC,3.406248557446074e-05,-1.5791047298243364e-05,2.9722128693402724e-09,-0.7058352964568391,-0.20222443371016363,0.6720334991963732,0.09629531994945428,3501d15fc415e4cb699114353e6ee43b213c2876753bfde839b5c6cf7e0440e0,64fa34e83c175c7fac600d8ed349e2659c1d338c4c52016190d0c7a13e2aa833,2
D_restart_continuity_orbit,35,0.1245,1175,RBC,-8.391632569370573e-05,-8.201812060576744e-05,5.362407034529453e-10,0.42573592221787293,0.131961324107199,0.8233072759782823,-0.35142604171346264,086d3296914fdb8cbd2491608762070c30813191d19bc0671348567339fa9561,ea585d3f85675941d034a7d4e37b57726c2c002004f1f13f0ce4845e85b12551,2
D_restart_continuity_orbit,36,0.12451428571428572,1172,RBC,3.0071374680171096e-05,9.158784464181693e-05,9.194687699470906e-09,-0.6285617795571616,0.06376599724256979,-0.7587906222093909,-0.1583691211148187,0bf04d16daf042f0922539716f344b36c4e5eba1d58ae325ebe22144f632b9c8,80f00380f1dbfac6a0d3f4ddf4a990151e42f3d962d1881acc32bb5266dca828,2
D_restart_continuity_orbit,36,0.12451428571428572,1173,RBC,-9.432816143368118e-06,1.6304892120140936e-05,5.9454460862127045e-09,0.20680391709961626,-0.816600950811018,-0.21188167941012026,0.4954807573833148,e2e0ab862f33c2a87e37db6953acf31add4e84e54b5bfb1f82c99a96b1daab77,68d974630e82fb68acef8a5d15bf477b70efc5f22d00a7968b3fd87dac49239d,2
D_restart_continuity_orbit,36,0.12451428571428572,1174,RBC,3.406248557446074e-05,-1.5791047298243364e-05,3.3293557264831916e-09,-0.7058352964568391,-0.20222443371016363,0.6720334991963732,0.09629531994945428,3501d15fc415e4cb699114353e6ee43b213c2876753bfde839b5c6cf7e0440e0,64fa34e83c175c7fac600d8ed349e2659c1d338c4c52016190d0c7a13e2aa833,2
D_restart_continuity_orbit,36,0.12451428571428572,1175,RBC,-8.391632569370573e-05,-8.201812060576744e-05,8.933835605958644e-10,0.42573592221787293,0.131961324107199,0.8233072759782823,-0.35142604171346264,086d3296914fdb8cbd2491608762070c30813191d19bc0671348567339fa9561,ea585d3f85675941d034a7d4e37b57726c2c002004f1f13f0ce4845e85b12551,2
D_restart_continuity_orbit,37,0.12452857142857143,1172,RBC,3.0071374680171096e-05,9.158784464181693e-05,9.551830556613823e-09,-0.6285617795571616,0.06376599724256979,-0.7587906222093909,-0.1583691211148187,0bf04d16daf042f0922539716f344b36c4e5eba1d58ae325ebe22144f632b9c8,80f00380f1dbfac6a0d3f4ddf4a990151e42f3d962d1881acc32bb5266dca828,2
D_restart_continuity_orbit,37,0.12452857142857143,1173,RBC,-9.432816143368118e-06,1.6304892120140936e-05,6.302588943355624e-09,0.20680391709961626,-0.816600950811018,-0.21188167941012026,0.4954807573833148,e2e0ab862f33c2a87e37db6953acf31add4e84e54b5bfb1f82c99a96b1daab77,68d974630e82fb68acef8a5d15bf477b70efc5f22d00a7968b3fd87dac49239d,2
D_restart_continuity_orbit,37,0.12452857142857143,1174,RBC,3.406248557446074e-05,-1.5791047298243364e-05,3.6864985836261107e-09,-0.7058352964568391,-0.20222443371016363,0.6720334991963732,0.09629531994945428,3501d15fc415e4cb699114353e6ee43b213c2876753bfde839b5c6cf7e0440e0,64fa34e83c175c7fac600d8ed349e2659c1d338c4c52016190d0c7a13e2aa833,2
D_restart_continuity_orbit,37,0.12452857142857143,1175,RBC,-8.391632569370573e-05,-8.201812060576744e-05,1.2505264177387835e-09,0.42573592221787293,0.131961324107199,0.8233072759782823,-0.35142604171346264,086d3296914fdb8cbd2491608762070c30813191d19bc0671348567339fa9561,ea585d3f85675941d034a7d4e37b57726c2c002004f1f13f0ce4845e85b12551,2
D_restart_continuity_orbit,38,0.12454285714285714,1172,RBC,3.0071374680171096e-05,9.158784464181693e-05,9.908973413756397e-09,-0.6285617795571616,0.06376599724256979,-0.7587906222093909,-0.1583691211148187,0bf04d16daf042f0922539716f344b36c4e5eba1d58ae325ebe22144f632b9c8,80f00380f1dbfac6a0d3f4ddf4a990151e42f3d962d1881acc32bb5266dca828,2
D_restart_continuity_orbit,38,0.12454285714285714,1173,RBC,-9.432816143368118e-06,1.6304892120140936e-05,6.659731800498196e-09,0.20680391709961626,-0.816600950811018,-0.21188167941012026,0.4954807573833148,e2e0ab862f33c2a87e37db6953acf31add4e84e54b5bfb1f82c99a96b1daab77,68d974630e82fb68acef8a5d15bf477b70efc5f22d00a7968b3fd87dac49239d,2
D_restart_continuity_orbit,38,0.12454285714285714,1174,RBC,3.406248557446074e-05,-1.5791047298243364e-05,4.043641440768683e-09,-0.7058352964568391,-0.20222443371016363,0.6720334991963732,0.09629531994945428,3501d15fc415e4cb699114353e6ee43b213c2876753bfde839b5c6cf7e0440e0,64fa34e83c175c7fac600d8ed349e2659c1d338c4c52016190d0c7a13e2aa833,2
D_restart_continuity_orbit,38,0.12454285714285714,1175,RBC,-8.391632569370573e-05,-8.201812060576744e-05,1.6076692748813557e-09,0.42573592221787293,0.131961324107199,0.8233072759782823,-0.35142604171346264,086d3296914fdb8cbd2491608762070c30813191d19bc0671348567339fa9561,ea585d3f85675941d034a7d4e37b57726c2c002004f1f13f0ce4845e85b12551,2
D_restart_continuity_orbit,39,0.12455714285714285,1173,RBC,-9.432816143368118e-06,1.6304892120140936e-05,7.0168746576411155e-09,0.20680391709961626,-0.816600950811018,-0.21188167941012026,0.4954807573833148,e2e0ab862f33c2a87e37db6953acf31add4e84e54b5bfb1f82c99a96b1daab77,68d974630e82fb68acef8a5d15bf477b70efc5f22d00a7968b3fd87dac49239d,2
D_restart_continuity_orbit,39,0.12455714285714285,1174,RBC,3.406248557446074e-05,-1.5791047298243364e-05,4.400784297911602e-09,-0.7058352964568391,-0.20222443371016363,0.6720334991963732,0.09629531994945428,3501d15fc415e4cb699114353e6ee43b213c2876753bfde839b5c6cf7e0440e0,64fa34e83c175c7fac600d8ed349e2659c1d338c4c52016190d0c7a13e2aa833,2
D_restart_continuity_orbit,39,0.12455714285714285,1175,RBC,-8.391632569370573e-05,-8.201812060576744e-05,1.964812132024275e-09,0.42573592221787293,0.131961324107199,0.8233072759782823,-0.35142604171346264,086d3296914fdb8cbd2491608762070c30813191d19bc0671348567339fa9561,ea585d3f85675941d034a7d4e37b57726c2c002004f1f13f0ce4845e85b12551,2
D_restart_continuity_orbit,40,0.12457142857142857,1173,RBC,-9.432816143368118e-06,1.6304892120140936e-05,7.374017514784035e-09,0.20680391709961626,-0.816600950811018,-0.21188167941012026,0.4954807573833148,e2e0ab862f33c2a87e37db6953acf31add4e84e54b5bfb1f82c99a96b1daab77,68d974630e82fb68acef8a5d15bf477b70efc5f22d00a7968b3fd87dac49239d,2
D_restart_continuity_orbit,40,0.12457142857142857,1174,RBC,3.406248557446074e-05,-1.5791047298243364e-05,4.757927155054521e-09,-0.7058352964568391,-0.20222443371016363,0.6720334991963732,0.09629531994945428,3501d15fc415e4cb699114353e6ee43b213c2876753bfde839b5c6cf7e0440e0,64fa34e83c175c7fac600d8ed349e2659c1d338c4c52016190d0c7a13e2aa833,2
D_restart_continuity_orbit,40,0.12457142857142857,1175,RBC,-8.391632569370573e-05,-8.201812060576744e-05,2.321954989167194e-09,0.42573592221787293,0.131961324107199,0.8233072759782823,-0.35142604171346264,086d3296914fdb8cbd2491608762070c30813191d19bc0671348567339fa9561,ea585d3f85675941d034a7d4e37b57726c2c002004f1f13f0ce4845e85b12551,2
D_restart_continuity_orbit,41,0.12458571428571429,1173,RBC,-9.432816143368118e-06,1.6304892120140936e-05,7.731160371926954e-09,0.20680391709961626,-0.816600950811018,-0.21188167941012026,0.4954807573833148,e2e0ab862f33c2a87e37db6953acf31add4e84e54b5bfb1f82c99a96b1daab77,68d974630e82fb68acef8a5d15bf477b70efc5f22d00a7968b3fd87dac49239d,2
D_restart_continuity_orbit,41,0.12458571428571429,1174,RBC,3.406248557446074e-05,-1.5791047298243364e-05,5.1150700121974405e-09,-0.7058352964568391,-0.20222443371016363,0.6720334991963732,0.09629531994945428,3501d15fc415e4cb699114353e6ee43b213c2876753bfde839b5c6cf7e0440e0,64fa34e83c175c7fac600d8ed349e2659c1d338c4c52016190d0c7a13e2aa833,2
D_restart_continuity_orbit,41,0.12458571428571429,1175,RBC,-8.391632569370573e-05,-8.201812060576744e-05,2.679097846310113e-09,0.42573592221787293,0.131961324107199,0.8233072759782823,-0.35142604171346264,086d3296914fdb8cbd2491608762070c30813191d19bc0671348567339fa9561,ea585d3f85675941d034a7d4e37b57726c2c002004f1f13f0ce4845e85b12551,2
D_restart_continuity_orbit,42,0.1246,1173,RBC,-9.432816143368118e-06,1.6304892120140936e-05,8.088303229069873e-09,0.20680391709961626,-0.816600950811018,-0.21188167941012026,0.4954807573833148,e2e0ab862f33c2a87e37db6953acf31add4e84e54b5bfb1f82c99a96b1daab77,68d974630e82fb68acef8a5d15bf477b70efc5f22d00a7968b3fd87dac49239d,2
D_restart_continuity_orbit,42,0.1246,1174,RBC,3.406248557446074e-05,-1.5791047298243364e-05,5.47221286934036e-09,-0.7058352964568391,-0.20222443371016363,0.6720334991963732,0.09629531994945428,3501d15fc415e4cb699114353e6ee43b213c2876753bfde839b5c6cf7e0440e0,64fa34e83c175c7fac600d8ed349e2659c1d338c4c52016190d0c7a13e2aa833,2
D_restart_continuity_orbit,42,0.1246,1175,RBC,-8.391632569370573e-05,-8.201812060576744e-05,3.036240703453032e-09,0.42573592221787293,0.131961324107199,0.8233072759782823,-0.35142604171346264,086d3296914fdb8cbd2491608762070c30813191d19bc0671348567339fa9561,ea585d3f85675941d034a7d4e37b57726c2c002004f1f13f0ce4845e85b12551,2
D_restart_continuity_orbit,43,0.12461428571428572,1173,RBC,-9.432816143368118e-06,1.6304892120140936e-05,8.445446086212792e-09,0.20680391709961626,-0.816600950811018,-0.21188167941012026,0.4954807573833148,e2e0ab862f33c2a87e37db6953acf31add4e84e54b5bfb1f82c99a96b1daab77,68d974630e82fb68acef8a5d15bf477b70efc5f22d00a7968b3fd87dac49239d,2
D_restart_continuity_orbit,43,0.12461428571428572,1174,RBC,3.406248557446074e-05,-1.5791047298243364e-05,5.829355726483279e-09,-0.7058352964568391,-0.20222443371016363,0.6720334991963732,0.09629531994945428,3501d15fc415e4cb699114353e6ee43b213c2876753bfde839b5c6cf7e0440e0,64fa34e83c175c7fac600d8ed349e2659c1d338c4c52016190d0c7a13e2aa833,2
D_restart_continuity_orbit,43,0.12461428571428572,1175,RBC,-8.391632569370573e-05,-8.201812060576744e-05,3.3933835605959512e-09,0.42573592221787293,0.131961324107199,0.8233072759782823,-0.35142604171346264,086d3296914fdb8cbd2491608762070c30813191d19bc0671348567339fa9561,ea585d3f85675941d034a7d4e37b57726c2c002004f1f13f0ce4845e85b12551,2
D_restart_continuity_orbit,43,0.12461428571428572,1176,RBC,8.319755167640943e-05,2.027488949212083e-05,8.510348647114471e-11,0.44932779914601584,0.6993822051260105,-0.1652719340350567,0.5307110776005987,b381aa873f3269790866fee0466e97133929e744d8380f97bfd047d1b1f72519,825eeea2dc8912a72dbac521ba8b920a8b3ad56cecb30dbbe7f71aa7a44e9fda,2
D_restart_continuity_orbit,44,0.12462857142857142,1173,RBC,-9.432816143368118e-06,1.6304892120140936e-05,8.802588943355364e-09,0.20680391709961626,-0.816600950811018,-0.21188167941012026,0.4954807573833148,e2e0ab862f33c2a87e37db6953acf31add4e84e54b5bfb1f82c99a96b1daab77,68d974630e82fb68acef8a5d15bf477b70efc5f22d00a7968b3fd87dac49239d,2
D_restart_continuity_orbit,44,0.12462857142857142,1174,RBC,3.406248557446074e-05,-1.5791047298243364e-05,6.186498583625851e-09,-0.7058352964568391,-0.20222443371016363,0.6720334991963732,0.09629531994945428,3501d15fc415e4cb699114353e6ee43b213c2876753bfde839b5c6cf7e0440e0,64fa34e83c175c7fac600d8ed349e2659c1d338c4c52016190d0c7a13e2aa833,2
D_restart_continuity_orbit,44,0.12462857142857142,1175,RBC,-8.391632569370573e-05,-8.201812060576744e-05,3.750526417738524e-09,0.42573592221787293,0.131961324107199,0.8233072759782823,-0.35142604171346264,086d3296914fdb8cbd2491608762070c30813191d19bc0671348567339fa9561,ea585d3f85675941d034a7d4e37b57726c2c002004f1f13f0ce4845e85b12551,2
D_restart_continuity_orbit,44,0.12462857142857142,1176,RBC,8.319755167640943e-05,2.027488949212083e-05,4.422463436137169e-10,0.44932779914601584,0.6993822051260105,-0.1652719340350567,0.5307110776005987,b381aa873f3269790866fee0466e97133929e744d8380f97bfd047d1b1f72519,825eeea2dc8912a72dbac521ba8b920a8b3ad56cecb30dbbe7f71aa7a44e9fda,2
D_restart_continuity_orbit,45,0.12464285714285714,1173,RBC,-9.432816143368118e-06,1.6304892120140936e-05,9.159731800498283e-09,0.20680391709961626,-0.816600950811018,-0.21188167941012026,0.4954807573833148,e2e0ab862f33c2a87e37db6953acf31add4e84e54b5bfb1f82c99a96b1daab77,68d974630e82fb68acef8a5d15bf477b70efc5f22d00a7968b3fd87dac49239d,2
D_restart_continuity_orbit,45,0.12464285714285714,1174,RBC,3.406248557446074e-05,-1.5791047298243364e-05,6.54364144076877e-09,-0.7058352964568391,-0.20222443371016363,0.6720334991963732,0.09629531994945428,3501d15fc415e4cb699114353e6ee43b213c2876753bfde839b5c6cf7e0440e0,64fa34e83c175c7fac600d8ed349e2659c1d338c4c52016190d0c7a13e2aa833,2
D_restart_continuity_orbit,45,0.12464285714285714,1175,RBC,-8.391632569370573e-05,-8.201812060576744e-05,4.107669274881442e-09,0.42573592221787293,0.131961324107199,0.8233072759782823,-0.35142604171346264,086d3296914fdb8cbd2491608762070c30813191d19bc0671348567339fa9561,ea585d3f85675941d034a7d4e37b57726c2c002004f1f13f0ce4845e85b12551,2
D_restart_continuity_orbit,45,0.12464285714285714,1176,RBC,8.319755167640943e-05,2.027488949212083e-05,7.99389200756636e-10,0.44932779914601584,0.6993822051260105,-0.1652719340350567,0.5307110776005987,b381aa873f3269790866fee0466e97133929e744d8380f97bfd047d1b1f72519,825eeea2dc8912a72dbac521ba8b920a8b3ad56cecb30dbbe7f71aa7a44e9fda,2
D_restart_continuity_orbit,46,0.12465714285714286,1173,RBC,-9.432816143368118e-06,1.6304892120140936e-05,9.516874657641202e-09,0.20680391709961626,-0.816600950811018,-0.21188167941012026,0.4954807573833148,e2e0ab862f33c2a87e37db6953acf31add4e84e54b5bfb1f82c99a96b1daab77,68d974630e82fb68acef8a5d15bf477b70efc5f22d00a7968b3fd87dac49239d,2
D_restart_continuity_orbit,46,0.12465714285714286,1174,RBC,3.406248557446074e-05,-1.5791047298243364e-05,6.900784297911688e-09,-0.7058352964568391,-0.20222443371016363,0.6720334991963732,0.09629531994945428,3501d15fc415e4cb699114353e6ee43b213c2876753bfde839b5c6cf7e0440e0,64fa34e83c175c7fac600d8ed349e2659c1d338c4c52016190d0c7a13e2aa833,2
D_restart_continuity_orbit,46,0.12465714285714286,1175,RBC,-8.391632569370573e-05,-8.201812060576744e-05,4.464812132024361e-09,0.42573592221787293,0.131961324107199,0.8233072759782823,-0.35142604171346264,086d3296914fdb8cbd2491608762070c30813191d19bc0671348567339fa9561,ea585d3f85675941d034a7d4e37b57726c2c002004f1f13f0ce4845e85b12551,2
D_restart_continuity_orbit,46,0.12465714285714286,1176,RBC,8.319755167640943e-05,2.027488949212083e-05,1.156532057899555e-09,0.44932779914601584,0.6993822051260105,-0.1652719340350567,0.5307110776005987,b381aa873f3269790866fee0466e97133929e744d8380f97bfd047d1b1f72519,825eeea2dc8912a72dbac521ba8b920a8b3ad56cecb30dbbe7f71aa7a44e9fda,2
D_restart_continuity_orbit,47,0.12467142857142857,1173,RBC,-9.432816143368118e-06,1.6304892120140936e-05,9.874017514784122e-09,0.20680391709961626,-0.816600950811018,-0.21188167941012026,0.4954807573833148,e2e0ab862f33c2a87e37db6953acf31add4e84e54b5bfb1f82c99a96b1daab77,68d974630e82fb68acef8a5d15bf477b70efc5f22d00a7968b3fd87dac49239d,2
D_restart_continuity_orbit,47,0.12467142857142857,1174,RBC,3.406248557446074e-05,-1.5791047298243364e-05,7.257927155054607e-09,-0.7058352964568391,-0.20222443371016363,0.6720334991963732,0.09629531994945428,3501d15fc415e4cb699114353e6ee43b213c2876753bfde839b5c6cf7e0440e0,64fa34e83c175c7fac600d8ed349e2659c1d338c4c52016190d0c7a13e2aa833,2
D_restart_continuity_orbit,47,0.12467142857142857,1175,RBC,-8.391632569370573e-05,-8.201812060576744e-05,4.8219549891672806e-09,0.42573592221787293,0.131961324107199,0.8233072759782823,-0.35142604171346264,086d3296914fdb8cbd2491608762070c30813191d19bc0671348567339fa9561,ea585d3f85675941d034a7d4e37b57726c2c002004f1f13f0ce4845e85b12551,2
D_restart_continuity_orbit,47,0.12467142857142857,1176,RBC,8.319755167640943e-05,2.027488949212083e-05,1.5136749150424742e-09,0.44932779914601584,0.6993822051260105,-0.1652719340350567,0.5307110776005987,b381aa873f3269790866fee0466e97133929e744d8380f97bfd047d1b1f72519,825eeea2dc8912a72dbac521ba8b920a8b3ad56cecb30dbbe7f71aa7a44e9fda,2
D_restart_continuity_orbit,48,0.12468571428571429,1174,RBC,3.406248557446074e-05,-1.5791047298243364e-05,7.615070012197527e-09,-0.7058352964568391,-0.20222443371016363,0.6720334991963732,0.09629531994945428,3501d15fc415e4cb699114353e6ee43b213c2876753bfde839b5c6cf7e0440e0,64fa34e83c175c7fac600d8ed349e2659c1d338c4c52016190d0c7a13e2aa833,2
D_restart_continuity_orbit,48,0.12468571428571429,1175,RBC,-8.391632569370573e-05,-8.201812060576744e-05,5.1790978463102e-09,0.42573592221787293,0.131961324107199,0.8233072759782823,-0.35142604171346264,086d3296914fdb8cbd2491608762070c30813191d19bc0671348567339fa9561,ea585d3f85675941d034a7d4e37b57726c2c002004f1f13f0ce4845e85b12551,2
D_restart_continuity_orbit,48,0.12468571428571429,1176,RBC,8.319755167640943e-05,2.027488949212083e-05,1.870817772185393e-09,0.44932779914601584,0.6993822051260105,-0.1652719340350567,0.5307110776005987,b381aa873f3269790866fee0466e97133929e744d8380f97bfd047d1b1f72519,825eeea2dc8912a72dbac521ba8b920a8b3ad56cecb30dbbe7f71aa7a44e9fda,2
D_restart_continuity_orbit,49,0.1247,1174,RBC,3.406248557446074e-05,-1.5791047298243364e-05,7.972212869340447e-09,-0.7058352964568391,-0.20222443371016363,0.6720334991963732,0.09629531994945428,3501d15fc415e4cb699114353e6ee43b213c2876753bfde839b5c6cf7e0440e0,64fa34e83c175c7fac600d8ed349e2659c1d338c4c52016190d0c7a13e2aa833,2
D_restart_continuity_orbit,49,0.1247,1175,RBC,-8.391632569370573e-05,-8.201812060576744e-05,5.536240703453119e-09,0.42573592221787293,0.131961324107199,0.8233072759782823,-0.35142604171346264,086d3296914fdb8cbd2491608762070c30813191d19bc0671348567339fa9561,ea585d3f85675941d034a7d4e37b57726c2c002004f1f13f0ce4845e85b12551,2
D_restart_continuity_orbit,49,0.1247,1176,RBC,8.319755167640943e-05,2.027488949212083e-05,2.2279606293283123e-09,0.44932779914601584,0.6993822051260105,-0.1652719340350567,0.5307110776005987,b381aa873f3269790866fee0466e97133929e744d8380f97bfd047d1b1f72519,825eeea2dc8912a72dbac521ba8b920a8b3ad56cecb30dbbe7f71aa7a44e9fda,2
D_restart_continuity_orbit,50,0.12471428571428571,1174,RBC,3.406248557446074e-05,-1.5791047298243364e-05,8.329355726483018e-09,-0.7058352964568391,-0.20222443371016363,0.6720334991963732,0.09629531994945428,3501d15fc415e4cb699114353e6ee43b213c2876753bfde839b5c6cf7e0440e0,64fa34e83c175c7fac600d8ed349e2659c1d338c4c52016190d0c7a13e2aa833,2
D_restart_continuity_orbit,50,0.12471428571428571,1175,RBC,-8.391632569370573e-05,-8.201812060576744e-05,5.893383560595691e-09,0.42573592221787293,0.131961324107199,0.8233072759782823,-0.35142604171346264,086d3296914fdb8cbd2491608762070c30813191d19bc0671348567339fa9561,ea585d3f85675941d034a7d4e37b57726c2c002004f1f13f0ce4845e85b12551,2
D_restart_continuity_orbit,50,0.12471428571428571,1176,RBC,8.319755167640943e-05,2.027488949212083e-05,2.5851034864708845e-09,0.44932779914601584,0.6993822051260105,-0.1652719340350567,0.5307110776005987,b381aa873f3269790866fee0466e97133929e744d8380f97bfd047d1b1f72519,825eeea2dc8912a72dbac521ba8b920a8b3ad56cecb30dbbe7f71aa7a44e9fda,2
D_restart_continuity_orbit,51,0.12472857142857142,1174,RBC,3.406248557446074e-05,-1.5791047298243364e-05,8.686498583625938e-09,-0.7058352964568391,-0.20222443371016363,0.6720334991963732,0.09629531994945428,3501d15fc415e4cb699114353e6ee43b213c2876753bfde839b5c6cf7e0440e0,64fa34e83c175c7fac600d8ed349e2659c1d338c4c52016190d0c7a13e2aa833,2
D_restart_continuity_orbit,51,0.12472857142857142,1175,RBC,-8.391632569370573e-05,-8.201812060576744e-05,6.25052641773861e-09,0.42573592221787293,0.131961324107199,0.8233072759782823,-0.35142604171346264,086d3296914fdb8cbd2491608762070c30813191d19bc0671348567339fa9561,ea585d3f85675941d034a7d4e37b57726c2c002004f1f13f0ce4845e85b12551,2
D_restart_continuity_orbit,51,0.12472857142857142,1176,RBC,8.319755167640943e-05,2.027488949212083e-05,2.9422463436138037e-09,0.44932779914601584,0.6993822051260105,-0.1652719340350567,0.5307110776005987,b381aa873f3269790866fee0466e97133929e744d8380f97bfd047d1b1f72519,825eeea2dc8912a72dbac521ba8b920a8b3ad56cecb30dbbe7f71aa7a44e9fda,2
D_restart_continuity_orbit,52,0.12474285714285714,1174,RBC,3.406248557446074e-05,-1.5791047298243364e-05,9.043641440768857e-09,-0.7058352964568391,-0.20222443371016363,0.6720334991963732,0.09629531994945428,3501d15fc415e4cb699114353e6ee43b213c2876753bfde839b5c6cf7e0440e0,64fa34e83c175c7fac600d8ed349e2659c1d338c4c52016190d0c7a13e2aa833,2
D_restart_continuity_orbit,52,0.12474285714285714,1175,RBC,-8.391632569370573e-05,-8.201812060576744e-05,6.607669274881529e-09,0.42573592221787293,0.131961324107199,0.8233072759782823,-0.35142604171346264,086d3296914fdb8cbd2491608762070c30813191d19bc0671348567339fa9561,ea585d3f85675941d034a7d4e37b57726c2c002004f1f13f0ce4845e85b12551,2
D_restart_continuity_orbit,52,0.12474285714285714,1176,RBC,8.319755167640943e-05,2.027488949212083e-05,3.299389200756723e-09,0.44932779914601584,0.6993822051260105,-0.1652719340350567,0.5307110776005987,b381aa873f3269790866fee0466e97133929e744d8380f97bfd047d1b1f72519,825eeea2dc8912a72dbac521ba8b920a8b3ad56cecb30dbbe7f71aa7a44e9fda,2
D_restart_continuity_orbit,52,0.12474285714285714,1177,RBC,-9.78192359370676e-06,-9.563476753821499e-05,8.985061861581122e-11,0.3272849527899279,0.05981339848735821,0.917440123389361,0.2181983891645429,845c1ba86926a30f1bf62eee505460cc7daf122f8d6e33f329b6a062b3d52448,031f082cdde9ec3487be186a25006e978bfb23d645292652fda0e9b3fa93965d,2
D_restart_continuity_orbit,53,0.12475714285714286,1174,RBC,3.406248557446074e-05,-1.5791047298243364e-05,9.400784297911776e-09,-0.7058352964568391,-0.20222443371016363,0.6720334991963732,0.09629531994945428,3501d15fc415e4cb699114353e6ee43b213c2876753bfde839b5c6cf7e0440e0,64fa34e83c175c7fac600d8ed349e2659c1d338c4c52016190d0c7a13e2aa833,2
D_restart_continuity_orbit,53,0.12475714285714286,1175,RBC,-8.391632569370573e-05,-8.201812060576744e-05,6.964812132024448e-09,0.42573592221787293,0.131961324107199,0.8233072759782823,-0.35142604171346264,086d3296914fdb8cbd2491608762070c30813191d19bc0671348567339fa9561,ea585d3f85675941d034a7d4e37b57726c2c002004f1f13f0ce4845e85b12551,2
D_restart_continuity_orbit,53,0.12475714285714286,1176,RBC,8.319755167640943e-05,2.027488949212083e-05,3.656532057899642e-09,0.44932779914601584,0.6993822051260105,-0.1652719340350567,0.5307110776005987,b381aa873f3269790866fee0466e97133929e744d8380f97bfd047d1b1f72519,825eeea2dc8912a72dbac521ba8b920a8b3ad56cecb30dbbe7f71aa7a44e9fda,2
D_restart_continuity_orbit,53,0.12475714285714286,1177,RBC,-9.78192359370676e-06,-9.563476753821499e-05,4.4699347575871787e-10,0.3272849527899279,0.05981339848735821,0.917440123389361,0.2181983891645429,845c1ba86926a30f1bf62eee505460cc7daf122f8d6e33f329b6a062b3d52448,031f082cdde9ec3487be186a25006e978bfb23d645292652fda0e9b3fa93965d,2
D_restart_continuity_orbit,54,0.12477142857142857,1174,RBC,3.406248557446074e-05,-1.5791047298243364e-05,9.757927155054695e-09,-0.7058352964568391,-0.20222443371016363,0.6720334991963732,0.09629531994945428,3501d15fc415e4cb699114353e6ee43b213c2876753bfde839b5c6cf7e0440e0,64fa34e83c175c7fac600d8ed349e2659c1d338c4c52016190d0c7a13e2aa833,2
D_restart_continuity_orbit,54,0.12477142857142857,1175,RBC,-8.391632569370573e-05,-8.201812060576744e-05,7.3219549891673675e-09,0.42573592221787293,0.131961324107199,0.8233072759782823,-0.35142604171346264,086d3296914fdb8cbd2491608762070c30813191d19bc0671348567339fa9561,ea585d3f85675941d034a7d4e37b57726c2c002004f1f13f0ce4845e85b12551,2
D_restart_continuity_orbit,54,0.12477142857142857,1176,RBC,8.319755167640943e-05,2.027488949212083e-05,4.013674915042561e-09,0.44932779914601584,0.6993822051260105,-0.1652719340350567,0.5307110776005987,b381aa873f3269790866fee0466e97133929e744d8380f97bfd047d1b1f72519,825eeea2dc8912a72dbac521ba8b920a8b3ad56cecb30dbbe7f71aa7a44e9fda,2
D_restart_continuity_orbit,54,0.12477142857142857,1177,RBC,-9.78192359370676e-06,-9.563476753821499e-05,8.041363329016246e-10,0.3272849527899279,0.05981339848735821,0.917440123389361,0.2181983891645429,845c1ba86926a30f1bf62eee505460cc7daf122f8d6e33f329b6a062b3d52448,031f082cdde9ec3487be186a25006e978bfb23d645292652fda0e9b3fa93965d,2
D_restart_continuity_orbit,55,0.12478571428571429,1175,RBC,-8.391632569370573e-05,-8.201812060576744e-05,7.679097846310287e-09,0.42573592221787293,0.131961324107199,0.8233072759782823,-0.35142604171346264,086d3296914fdb8cbd2491608762070c30813191d19bc0671348567339fa9561,ea585d3f85675941d034a7d4e37b57726c2c002004f1f13f0ce4845e85b12551,2
D_restart_continuity_orbit,55,0.12478571428571429,1176,RBC,8.319755167640943e-05,2.027488949212083e-05,4.37081777218548e-09,0.44932779914601584,0.6993822051260105,-0.1652719340350567,0.5307110776005987,b381aa873f3269790866fee0466e97133929e744d8380f97bfd047d1b1f72519,825eeea2dc8912a72dbac521ba8b920a8b3ad56cecb30dbbe7f71aa7a44e9fda,2
D_restart_continuity_orbit,55,0.12478571428571429,1177,RBC,-9.78192359370676e-06,-9.563476753821499e-05,1.1612791900445313e-09,0.3272849527899279,0.05981339848735821,0.917440123389361,0.2181983891645429,845c1ba86926a30f1bf62eee505460cc7daf122f8d6e33f329b6a062b3d52448,031f082cdde9ec3487be186a25006e978bfb23d645292652fda0e9b3fa93965d,2
D_restart_continuity_orbit,56,0.1248,1175,RBC,-8.391632569370573e-05,-8.201812060576744e-05,8.036240703452858e-09,0.42573592221787293,0.131961324107199,0.8233072759782823,-0.35142604171346264,086d3296914fdb8cbd2491608762070c30813191d19bc0671348567339fa9561,ea585d3f85675941d034a7d4e37b57726c2c002004f1f13f0ce4845e85b12551,2
D_restart_continuity_orbit,56,0.1248,1176,RBC,8.319755167640943e-05,2.027488949212083e-05,4.727960629328053e-09,0.44932779914601584,0.6993822051260105,-0.1652719340350567,0.5307110776005987,b381aa873f3269790866fee0466e97133929e744d8380f97bfd047d1b1f72519,825eeea2dc8912a72dbac521ba8b920a8b3ad56cecb30dbbe7f71aa7a44e9fda,2
D_restart_continuity_orbit,56,0.1248,1177,RBC,-9.78192359370676e-06,-9.563476753821499e-05,1.5184220471870911e-09,0.3272849527899279,0.05981339848735821,0.917440123389361,0.2181983891645429,845c1ba86926a30f1bf62eee505460cc7daf122f8d6e33f329b6a062b3d52448,031f082cdde9ec3487be186a25006e978bfb23d645292652fda0e9b3fa93965d,2
D_restart_continuity_orbit,57,0.12481428571428571,1175,RBC,-8.391632569370573e-05,-8.201812060576744e-05,8.393383560595777e-09,0.42573592221787293,0.131961324107199,0.8233072759782823,-0.35142604171346264,086d3296914fdb8cbd2491608762070c30813191d19bc0671348567339fa9561,ea585d3f85675941d034a7d4e37b57726c2c002004f1f13f0ce4845e85b12551,2
D_restart_continuity_orbit,57,0.12481428571428571,1176,RBC,8.319755167640943e-05,2.027488949212083e-05,5.085103486470971e-09,0.44932779914601584,0.6993822051260105,-0.1652719340350567,0.5307110776005987,b381aa873f3269790866fee0466e97133929e744d8380f97bfd047d1b1f72519,825eeea2dc8912a72dbac521ba8b920a8b3ad56cecb30dbbe7f71aa7a44e9fda,2
D_restart_continuity_orbit,57,0.12481428571428571,1177,RBC,-9.78192359370676e-06,-9.563476753821499e-05,1.8755649043299977e-09,0.3272849527899279,0.05981339848735821,0.917440123389361,0.2181983891645429,845c1ba86926a30f1bf62eee505460cc7daf122f8d6e33f329b6a062b3d52448,031f082cdde9ec3487be186a25006e978bfb23d645292652fda0e9b3fa93965d,2
D_restart_continuity_orbit,58,0.12482857142857143,1175,RBC,-8.391632569370573e-05,-8.201812060576744e-05,8.750526417738696e-09,0.42573592221787293,0.131961324107199,0.8233072759782823,-0.35142604171346264,086d3296914fdb8cbd2491608762070c30813191d19bc0671348567339fa9561,ea585d3f85675941d034a7d4e37b57726c2c002004f1f13f0ce4845e85b12551,2
D_restart_continuity_orbit,58,0.12482857142857143,1176,RBC,8.319755167640943e-05,2.027488949212083e-05,5.44224634361389e-09,0.44932779914601584,0.6993822051260105,-0.1652719340350567,0.5307110776005987,b381aa873f3269790866fee0466e97133929e744d8380f97bfd047d1b1f72519,825eeea2dc8912a72dbac521ba8b920a8b3ad56cecb30dbbe7f71aa7a44e9fda,2
D_restart_continuity_orbit,58,0.12482857142857143,1177,RBC,-9.78192359370676e-06,-9.563476753821499e-05,2.2327077614729045e-09,0.3272849527899279,0.05981339848735821,0.917440123389361,0.2181983891645429,845c1ba86926a30f1bf62eee505460cc7daf122f8d6e33f329b6a062b3d52448,031f082cdde9ec3487be186a25006e978bfb23d645292652fda0e9b3fa93965d,2
D_restart_continuity_orbit,59,0.12484285714285714,1175,RBC,-8.391632569370573e-05,-8.201812060576744e-05,9.107669274881615e-09,0.42573592221787293,0.131961324107199,0.8233072759782823,-0.35142604171346264,086d3296914fdb8cbd2491608762070c30813191d19bc0671348567339fa9561,ea585d3f85675941d034a7d4e37b57726c2c002004f1f13f0ce4845e85b12551,2
D_restart_continuity_orbit,59,0.12484285714285714,1176,RBC,8.319755167640943e-05,2.027488949212083e-05,5.799389200756809e-09,0.44932779914601584,0.6993822051260105,-0.1652719340350567,0.5307110776005987,b381aa873f3269790866fee0466e97133929e744d8380f97bfd047d1b1f72519,825eeea2dc8912a72dbac521ba8b920a8b3ad56cecb30dbbe7f71aa7a44e9fda,2
D_restart_continuity_orbit,59,0.12484285714285714,1177,RBC,-9.78192359370676e-06,-9.563476753821499e-05,2.5898506186158112e-09,0.3272849527899279,0.05981339848735821,0.917440123389361,0.2181983891645429,845c1ba86926a30f1bf62eee505460cc7daf122f8d6e33f329b6a062b3d52448,031f082cdde9ec3487be186a25006e978bfb23d645292652fda0e9b3fa93965d,2
D_restart_continuity_orbit,59,0.12484285714285714,1178,RBC,8.4127440872531e-05,-2.3323668344033972e-05,3.5448951552321226e-10,-0.5900337313639191,-0.049110936041942777,-0.7571545430397026,0.2759806329585358,b031675c6e0e6b0b62a0be8c6e34a07476b1dccbf34013686d74b4fc59da8934,dd47792a56bc758dfb3c30966831c66b49055d3f98dcea4104a6269684886f0d,2
D_restart_continuity_orbit,60,0.12485714285714286,1175,RBC,-8.391632569370573e-05,-8.201812060576744e-05,9.464812132024534e-09,0.42573592221787293,0.131961324107199,0.8233072759782823,-0.35142604171346264,086d3296914fdb8cbd2491608762070c30813191d19bc0671348567339fa9561,ea585d3f85675941d034a7d4e37b57726c2c002004f1f13f0ce4845e85b12551,2
D_restart_continuity_orbit,60,0.12485714285714286,1176,RBC,8.319755167640943e-05,2.027488949212083e-05,6.1565320578997286e-09,0.44932779914601584,0.6993822051260105,-0.1652719340350567,0.5307110776005987,b381aa873f3269790866fee0466e97133929e744d8380f97bfd047d1b1f72519,825eeea2dc8912a72dbac521ba8b920a8b3ad56cecb30dbbe7f71aa7a44e9fda,2
D_restart_continuity_orbit,60,0.12485714285714286,1177,RBC,-9.78192359370676e-06,-9.563476753821499e-05,2.946993475758718e-09,0.3272849527899279,0.05981339848735821,0.917440123389361,0.2181983891645429,845c1ba86926a30f1bf62eee505460cc7daf122f8d6e33f329b6a062b3d52448,031f082cdde9ec3487be186a25006e978bfb23d645292652fda0e9b3fa93965d,2
D_restart_continuity_orbit,60,0.12485714285714286,1178,RBC,8.4127440872531e-05,-2.3323668344033972e-05,7.116323726661066e-10,-0.5900337313639191,-0.049110936041942777,-0.7571545430397026,0.2759806329585358,b031675c6e0e6b0b62a0be8c6e34a07476b1dccbf34013686d74b4fc59da8934,dd47792a56bc758dfb3c30966831c66b49055d3f98dcea4104a6269684886f0d,2
D_restart_continuity_orbit,61,0.12487142857142858,1175,RBC,-8.391632569370573e-05,-8.201812060576744e-05,9.821954989167454e-09,0.42573592221787293,0.131961324107199,0.8233072759782823,-0.35142604171346264,086d3296914fdb8cbd2491608762070c30813191d19bc0671348567339fa9561,ea585d3f85675941d034a7d4e37b57726c2c002004f1f13f0ce4845e85b12551,2
D_restart_continuity_orbit,61,0.12487142857142858,1176,RBC,8.319755167640943e-05,2.027488949212083e-05,6.513674915042648e-09,0.44932779914601584,0.6993822051260105,-0.1652719340350567,0.5307110776005987,b381aa873f3269790866fee0466e97133929e744d8380f97bfd047d1b1f72519,825eeea2dc8912a72dbac521ba8b920a8b3ad56cecb30dbbe7f71aa7a44e9fda,2
D_restart_continuity_orbit,61,0.12487142857142858,1177,RBC,-9.78192359370676e-06,-9.563476753821499e-05,3.304136332901625e-09,0.3272849527899279,0.05981339848735821,0.917440123389361,0.2181983891645429,845c1ba86926a30f1bf62eee505460cc7daf122f8d6e33f329b6a062b3d52448,031f082cdde9ec3487be186a25006e978bfb23d645292652fda0e9b3fa93965d,2
D_restart_continuity_orbit,61,0.12487142857142858,1178,RBC,8.4127440872531e-05,-2.3323668344033972e-05,1.0687752298090008e-09,-0.5900337313639191,-0.049110936041942777,-0.7571545430397026,0.2759806329585358,b031675c6e0e6b0b62a0be8c6e34a07476b1dccbf34013686d74b4fc59da8934,dd47792a56bc758dfb3c30966831c66b49055d3f98dcea4104a6269684886f0d,2
D_restart_continuity_orbit,62,0.12488571428571428,1176,RBC,8.319755167640943e-05,2.027488949212083e-05,6.8708177721852195e-09,0.44932779914601584,0.6993822051260105,-0.1652719340350567,0.5307110776005987,b381aa873f3269790866fee0466e97133929e744d8380f97bfd047d1b1f72519,825eeea2dc8912a72dbac521ba8b920a8b3ad56cecb30dbbe7f71aa7a44e9fda,2
D_restart_continuity_orbit,62,0.12488571428571428,1177,RBC,-9.78192359370676e-06,-9.563476753821499e-05,3.6612791900441846e-09,0.3272849527899279,0.05981339848735821,0.917440123389361,0.2181983891645429,845c1ba86926a30f1bf62eee505460cc7daf122f8d6e33f329b6a062b3d52448,031f082cdde9ec3487be186a25006e978bfb23d645292652fda0e9b3fa93965d,2
D_restart_continuity_orbit,62,0.12488571428571428,1178,RBC,8.4127440872531e-05,-2.3323668344033972e-05,1.4259180869515484e-09,-0.5900337313639191,-0.049110936041942777,-0.7571545430397026,0.2759806329585358,b031675c6e0e6b0b62a0be8c6e34a07476b1dccbf34013686d74b4fc59da8934,dd47792a56bc758dfb3c30966831c66b49055d3f98dcea4104a6269684886f0d,2
D_restart_continuity_orbit,63,0.1249,1176,RBC,8.319755167640943e-05,2.027488949212083e-05,7.227960629328139e-09,0.44932779914601584,0.6993822051260105,-0.1652719340350567,0.5307110776005987,b381aa873f3269790866fee0466e97133929e744d8380f97bfd047d1b1f72519,825eeea2dc8912a72dbac521ba8b920a8b3ad56cecb30dbbe7f71aa7a44e9fda,2
D_restart_continuity_orbit,63,0.1249,1177,RBC,-9.78192359370676e-06,-9.563476753821499e-05,4.018422047187092e-09,0.3272849527899279,0.05981339848735821,0.917440123389361,0.2181983891645429,845c1ba86926a30f1bf62eee505460cc7daf122f8d6e33f329b6a062b3d52448,031f082cdde9ec3487be186a25006e978bfb23d645292652fda0e9b3fa93965d,2
D_restart_continuity_orbit,63,0.1249,1178,RBC,8.4127440872531e-05,-2.3323668344033972e-05,1.7830609440944426e-09,-0.5900337313639191,-0.049110936041942777,-0.7571545430397026,0.2759806329585358,b031675c6e0e6b0b62a0be8c6e34a07476b1dccbf34013686d74b4fc59da8934,dd47792a56bc758dfb3c30966831c66b49055d3f98dcea4104a6269684886f0d,2
D_restart_continuity_orbit,64,0.12491428571428571,1176,RBC,8.319755167640943e-05,2.027488949212083e-05,7.585103486471057e-09,0.44932779914601584,0.6993822051260105,-0.1652719340350567,0.5307110776005987,b381aa873f3269790866fee0466e97133929e744d8380f97bfd047d1b1f72519,825eeea2dc8912a72dbac521ba8b920a8b3ad56cecb30dbbe7f71aa7a44e9fda,2
D_restart_continuity_orbit,64,0.12491428571428571,1177,RBC,-9.78192359370676e-06,-9.563476753821499e-05,4.375564904329998e-09,0.3272849527899279,0.05981339848735821,0.917440123389361,0.2181983891645429,845c1ba86926a30f1bf62eee505460cc7daf122f8d6e33f329b6a062b3d52448,031f082cdde9ec3487be186a25006e978bfb23d645292652fda0e9b3fa93965d,2
D_restart_continuity_orbit,64,0.12491428571428571,1178,RBC,8.4127440872531e-05,-2.3323668344033972e-05,2.140203801237337e-09,-0.5900337313639191,-0.049110936041942777,-0.7571545430397026,0.2759806329585358,b031675c6e0e6b0b62a0be8c6e34a07476b1dccbf34013686d74b4fc59da8934,dd47792a56bc758dfb3c30966831c66b49055d3f98dcea4104a6269684886f0d,2
D_restart_continuity_orbit,65,0.12492857142857143,1176,RBC,8.319755167640943e-05,2.027488949212083e-05,7.942246343613976e-09,0.44932779914601584,0.6993822051260105,-0.1652719340350567,0.5307110776005987,b381aa873f3269790866fee0466e97133929e744d8380f97bfd047d1b1f72519,825eeea2dc8912a72dbac521ba8b920a8b3ad56cecb30dbbe7f71aa7a44e9fda,2
D_restart_continuity_orbit,65,0.12492857142857143,1177,RBC,-9.78192359370676e-06,-9.563476753821499e-05,4.7327077614729045e-09,0.3272849527899279,0.05981339848735821,0.917440123389361,0.2181983891645429,845c1ba86926a30f1bf62eee505460cc7daf122f8d6e33f329b6a062b3d52448,031f082cdde9ec3487be186a25006e978bfb23d645292652fda0e9b3fa93965d,2
D_restart_continuity_orbit,65,0.12492857142857143,1178,RBC,8.4127440872531e-05,-2.3323668344033972e-05,2.4973466583802313e-09,-0.5900337313639191,-0.049110936041942777,-0.7571545430397026,0.2759806329585358,b031675c6e0e6b0b62a0be8c6e34a07476b1dccbf34013686d74b4fc59da8934,dd47792a56bc758dfb3c30966831c66b49055d3f98dcea4104a6269684886f0d,2
D_restart_continuity_orbit,65,0.12492857142857143,1179,RBC,-2.3107178254456152e-05,-7.986986392752186e-05,2.565989162095332e-10,0.5428111206578801,-0.8318640176548576,-0.043758787997373386,-0.10697435157202975,a195f3d75e884b23bc8989644e863bf6bc6a20b8e4ca0d7e2c0f6498fd436b88,16eff939b9f25029dd470ea1489b3ad84d84e7f75d676719b04da0b64148c105,2
D_restart_continuity_orbit,66,0.12494285714285715,1176,RBC,8.319755167640943e-05,2.027488949212083e-05,8.299389200756895e-09,0.44932779914601584,0.6993822051260105,-0.1652719340350567,0.5307110776005987,b381aa873f3269790866fee0466e97133929e744d8380f97bfd047d1b1f72519,825eeea2dc8912a72dbac521ba8b920a8b3ad56cecb30dbbe7f71aa7a44e9fda,2
D_restart_continuity_orbit,66,0.12494285714285715,1177,RBC,-9.78192359370676e-06,-9.563476753821499e-05,5.089850618615811e-09,0.3272849527899279,0.05981339848735821,0.917440123389361,0.2181983891645429,845c1ba86926a30f1bf62eee505460cc7daf122f8d6e33f329b6a062b3d52448,031f082cdde9ec3487be186a25006e978bfb23d645292652fda0e9b3fa93965d,2
D_restart_continuity_orbit,66,0.12494285714285715,1178,RBC,8.4127440872531e-05,-2.3323668344033972e-05,2.8544895155231253e-09,-0.5900337313639191,-0.049110936041942777,-0.7571545430397026,0.2759806329585358,b031675c6e0e6b0b62a0be8c6e34a07476b1dccbf34013686d74b4fc59da8934,dd47792a56bc758dfb3c30966831c66b49055d3f98dcea4104a6269684886f0d,2
D_restart_continuity_orbit,66,0.12494285714285715,1179,RBC,-2.3107178254456152e-05,-7.986986392752186e-05,6.137417733524275e-10,0.5428111206578801,-0.8318640176548576,-0.043758787997373386,-0.10697435157202975,a195f3d75e884b23bc8989644e863bf6bc6a20b8e4ca0d7e2c0f6498fd436b88,16eff939b9f25029dd470ea1489b3ad84d84e7f75d676719b04da0b64148c105,2
D_restart_continuity_orbit,67,0.12495714285714286,1176,RBC,8.319755167640943e-05,2.027488949212083e-05,8.656532057899815e-09,0.44932779914601584,0.6993822051260105,-0.1652719340350567,0.5307110776005987,b381aa873f3269790866fee0466e97133929e744d8380f97bfd047d1b1f72519,825eeea2dc8912a72dbac521ba8b920a8b3ad56cecb30dbbe7f71aa7a44e9fda,2
D_restart_continuity_orbit,67,0.12495714285714286,1177,RBC,-9.78192359370676e-06,-9.563476753821499e-05,5.446993475758718e-09,0.3272849527899279,0.05981339848735821,0.917440123389361,0.2181983891645429,845c1ba86926a30f1bf62eee505460cc7daf122f8d6e33f329b6a062b3d52448,031f082cdde9ec3487be186a25006e978bfb23d645292652fda0e9b3fa93965d,2
D_restart_continuity_orbit,67,0.12495714285714286,1178,RBC,8.4127440872531e-05,-2.3323668344033972e-05,3.21163237266602e-09,-0.5900337313639191,-0.049110936041942777,-0.7571545430397026,0.2759806329585358,b031675c6e0e6b0b62a0be8c6e34a07476b1dccbf34013686d74b4fc59da8934,dd47792a56bc758dfb3c30966831c66b49055d3f98dcea4104a6269684886f0d,2
D_restart_continuity_orbit,67,0.12495714285714286,1179,RBC,-2.3107178254456152e-05,-7.986986392752186e-05,9.708846304953218e-10,0.5428111206578801,-0.8318640176548576,-0.043758787997373386,-0.10697435157202975,a195f3d75e884b23bc8989644e863bf6bc6a20b8e4ca0d7e2c0f6498fd436b88,16eff939b9f25029dd470ea1489b3ad84d84e7f75d676719b04da0b64148c105,2
D_restart_continuity_orbit,68,0.12497142857142857,1176,RBC,8.319755167640943e-05,2.027488949212083e-05,9.013674915042388e-09,0.44932779914601584,0.6993822051260105,-0.1652719340350567,0.5307110776005987,b381aa873f3269790866fee0466e97133929e744d8380f97bfd047d1b1f72519,825eeea2dc8912a72dbac521ba8b920a8b3ad56cecb30dbbe7f71aa7a44e9fda,2
D_restart_continuity_orbit,68,0.12497142857142857,1177,RBC,-9.78192359370676e-06,-9.563476753821499e-05,5.8041363329012774e-09,0.3272849527899279,0.05981339848735821,0.917440123389361,0.2181983891645429,845c1ba86926a30f1bf62eee505460cc7daf122f8d6e33f329b6a062b3d52448,031f082cdde9ec3487be186a25006e978bfb23d645292652fda0e9b3fa93965d,2
D_restart_continuity_orbit,68,0.12497142857142857,1178,RBC,8.4127440872531e-05,-2.3323668344033972e-05,3.5687752298085675e-09,-0.5900337313639191,-0.049110936041942777,-0.7571545430397026,0.2759806329585358,b031675c6e0e6b0b62a0be8c6e34a07476b1dccbf34013686d74b4fc59da8934,dd47792a56bc758dfb3c30966831c66b49055d3f98dcea4104a6269684886f0d,2
D_restart_continuity_orbit,68,0.12497142857142857,1179,RBC,-2.3107178254456152e-05,-7.986986392752186e-05,1.3280274876378693e-09,0.5428111206578801,-0.8318640176548576,-0.043758787997373386,-0.10697435157202975,a195f3d75e884b23bc8989644e863bf6bc6a20b8e4ca0d7e2c0f6498fd436b88,16eff939b9f25029dd470ea1489b3ad84d84e7f75d676719b04da0b64148c105,2
D_restart_continuity_orbit,69,0.12498571428571428,1176,RBC,8.319755167640943e-05,2.027488949212083e-05,9.370817772185307e-09,0.44932779914601584,0.6993822051260105,-0.1652719340350567,0.5307110776005987,b381aa873f3269790866fee0466e97133929e744d8380f97bfd047d1b1f72519,825eeea2dc8912a72dbac521ba8b920a8b3ad56cecb30dbbe7f71aa7a44e9fda,2
D_restart_continuity_orbit,69,0.12498571428571428,1177,RBC,-9.78192359370676e-06,-9.563476753821499e-05,6.161279190044184e-09,0.3272849527899279,0.05981339848735821,0.917440123389361,0.2181983891645429,845c1ba86926a30f1bf62eee505460cc7daf122f8d6e33f329b6a062b3d52448,031f082cdde9ec3487be186a25006e978bfb23d645292652fda0e9b3fa93965d,2
D_restart_continuity_orbit,69,0.12498571428571428,1178,RBC,8.4127440872531e-05,-2.3323668344033972e-05,3.925918086951462e-09,-0.5900337313639191,-0.049110936041942777,-0.7571545430397026,0.2759806329585358,b031675c6e0e6b0b62a0be8c6e34a07476b1dccbf34013686d74b4fc59da8934,dd47792a56bc758dfb3c30966831c66b49055d3f98dcea4104a6269684886f0d,2
D_restart_continuity_orbit,69,0.12498571428571428,1179,RBC,-2.3107178254456152e-05,-7.986986392752186e-05,1.6851703447807635e-09,0.5428111206578801,-0.8318640176548576,-0.043758787997373386,-0.10697435157202975,a195f3d75e884b23bc8989644e863bf6bc6a20b8e4ca0d7e2c0f6498fd436b88,16eff939b9f25029dd470ea1489b3ad84d84e7f75d676719b04da0b64148c105,2
D_restart_continuity_orbit,70,0.125,1176,RBC,8.319755167640943e-05,2.027488949212083e-05,9.727960629328226e-09,0.44932779914601584,0.6993822051260105,-0.1652719340350567,0.5307110776005987,b381aa873f3269790866fee0466e97133929e744d8380f97bfd047d1b1f72519,825eeea2dc8912a72dbac521ba8b920a8b3ad56cecb30dbbe7f71aa7a44e9fda,2
D_restart_continuity_orbit,70,0.125,1177,RBC,-9.78192359370676e-06,-9.563476753821499e-05,6.518422047187092e-09,0.3272849527899279,0.05981339848735821,0.917440123389361,0.2181983891645429,845c1ba86926a30f1bf62eee505460cc7daf122f8d6e33f329b6a062b3d52448,031f082cdde9ec3487be186a25006e978bfb23d645292652fda0e9b3fa93965d,2
D_restart_continuity_orbit,70,0.125,1178,RBC,8.4127440872531e-05,-2.3323668344033972e-05,4.283060944094355e-09,-0.5900337313639191,-0.049110936041942777,-0.7571545430397026,0.2759806329585358,b031675c6e0e6b0b62a0be8c6e34a07476b1dccbf34013686d74b4fc59da8934,dd47792a56bc758dfb3c30966831c66b49055d3f98dcea4104a6269684886f0d,2
D_restart_continuity_orbit,70,0.125,1179,RBC,-2.3107178254456152e-05,-7.986986392752186e-05,2.042313201923658e-09,0.5428111206578801,-0.8318640176548576,-0.043758787997373386,-0.10697435157202975,a195f3d75e884b23bc8989644e863bf6bc6a20b8e4ca0d7e2c0f6498fd436b88,16eff939b9f25029dd470ea1489b3ad84d84e7f75d676719b04da0b64148c105,2
D_restart_continuity_orbit,70,0.125,1180,RBC,-5.470378694418522e-05,-4.230988301654977e-05,6.150242815027803e-13,-0.1481935593112852,0.5505434903684479,0.8214946620076691,-0.009330299270915835,01a290ef2ad4033e4c07bbc25c8ff0ea97088bf6e7056be004e487fa688c637c,a21236acd8be75ef8e483406c48dd608b32dc9deae2a3b20eaf4cd2a1c4feb25,2
D_restart_continuity_orbit,71,0.125,1176,RBC,8.319755167640943e-05,2.027488949212083e-05,9.727960629328226e-09,0.44932779914601584,0.6993822051260105,-0.1652719340350567,0.5307110776005987,b381aa873f3269790866fee0466e97133929e744d8380f97bfd047d1b1f72519,825eeea2dc8912a72dbac521ba8b920a8b3ad56cecb30dbbe7f71aa7a44e9fda,2
D_restart_continuity_orbit,71,0.125,1177,RBC,-9.78192359370676e-06,-9.563476753821499e-05,6.518422047187092e-09,0.3272849527899279,0.05981339848735821,0.917440123389361,0.2181983891645429,845c1ba86926a30f1bf62eee505460cc7daf122f8d6e33f329b6a062b3d52448,031f082cdde9ec3487be186a25006e978bfb23d645292652fda0e9b3fa93965d,2
D_restart_continuity_orbit,71,0.125,1178,RBC,8.4127440872531e-05,-2.3323668344033972e-05,4.283060944094355e-09,-0.5900337313639191,-0.049110936041942777,-0.7571545430397026,0.2759806329585358,b031675c6e0e6b0b62a0be8c6e34a07476b1dccbf34013686d74b4fc59da8934,dd47792a56bc758dfb3c30966831c66b49055d3f98dcea4104a6269684886f0d,2
D_restart_continuity_orbit,71,0.125,1179,RBC,-2.3107178254456152e-05,-7.986986392752186e-05,2.042313201923658e-09,0.5428111206578801,-0.8318640176548576,-0.043758787997373386,-0.10697435157202975,a195f3d75e884b23bc8989644e863bf6bc6a20b8e4ca0d7e2c0f6498fd436b88,16eff939b9f25029dd470ea1489b3ad84d84e7f75d676719b04da0b64148c105,2
D_restart_continuity_orbit,71,0.125,1180,RBC,-5.470378694418522e-05,-4.230988301654977e-05,6.150242815027803e-13,-0.1481935593112852,0.5505434903684479,0.8214946620076691,-0.009330299270915835,01a290ef2ad4033e4c07bbc25c8ff0ea97088bf6e7056be004e487fa688c637c,a21236acd8be75ef8e483406c48dd608b32dc9deae2a3b20eaf4cd2a1c4feb25,2
D_restart_continuity_orbit,72,0.125,1176,RBC,8.319755167640943e-05,2.027488949212083e-05,9.727960629328226e-09,0.44932779914601584,0.6993822051260105,-0.1652719340350567,0.5307110776005987,b381aa873f3269790866fee0466e97133929e744d8380f97bfd047d1b1f72519,825eeea2dc8912a72dbac521ba8b920a8b3ad56cecb30dbbe7f71aa7a44e9fda,2
D_restart_continuity_orbit,72,0.125,1177,RBC,-9.78192359370676e-06,-9.563476753821499e-05,6.518422047187092e-09,0.3272849527899279,0.05981339848735821,0.917440123389361,0.2181983891645429,845c1ba86926a30f1bf62eee505460cc7daf122f8d6e33f329b6a062b3d52448,031f082cdde9ec3487be186a25006e978bfb23d645292652fda0e9b3fa93965d,2
D_restart_continuity_orbit,72,0.125,1178,RBC,8.4127440872531e-05,-2.3323668344033972e-05,4.283060944094355e-09,-0.5900337313639191,-0.049110936041942777,-0.7571545430397026,0.2759806329585358,b031675c6e0e6b0b62a0be8c6e34a07476b1dccbf34013686d74b4fc59da8934,dd47792a56bc758dfb3c30966831c66b49055d3f98dcea4104a6269684886f0d,2
D_restart_continuity_orbit,72,0.125,1179,RBC,-2.3107178254456152e-05,-7.986986392752186e-05,2.042313201923658e-09,0.5428111206578801,-0.8318640176548576,-0.043758787997373386,-0.10697435157202975,a195f3d75e884b23bc8989644e863bf6bc6a20b8e4ca0d7e2c0f6498fd436b88,16eff939b9f25029dd470ea1489b3ad84d84e7f75d676719b04da0b64148c105,2
D_restart_continuity_orbit,72,0.125,1180,RBC,-5.470378694418522e-05,-4.230988301654977e-05,6.150242815027803e-13,-0.1481935593112852,0.5505434903684479,0.8214946620076691,-0.009330299270915835,01a290ef2ad4033e4c07bbc25c8ff0ea97088bf6e7056be004e487fa688c637c,a21236acd8be75ef8e483406c48dd608b32dc9deae2a3b20eaf4cd2a1c4feb25,2
D_restart_continuity_orbit,73,0.125,1176,RBC,8.319755167640943e-05,2.027488949212083e-05,9.727960629328226e-09,0.44932779914601584,0.6993822051260105,-0.1652719340350567,0.5307110776005987,b381aa873f3269790866fee0466e97133929e744d8380f97bfd047d1b1f72519,825eeea2dc8912a72dbac521ba8b920a8b3ad56cecb30dbbe7f71aa7a44e9fda,2
D_restart_continuity_orbit,73,0.125,1177,RBC,-9.78192359370676e-06,-9.563476753821499e-05,6.518422047187092e-09,0.3272849527899279,0.05981339848735821,0.917440123389361,0.2181983891645429,845c1ba86926a30f1bf62eee505460cc7daf122f8d6e33f329b6a062b3d52448,031f082cdde9ec3487be186a25006e978bfb23d645292652fda0e9b3fa93965d,2
D_restart_continuity_orbit,73,0.125,1178,RBC,8.4127440872531e-05,-2.3323668344033972e-05,4.283060944094355e-09,-0.5900337313639191,-0.049110936041942777,-0.7571545430397026,0.2759806329585358,b031675c6e0e6b0b62a0be8c6e34a07476b1dccbf34013686d74b4fc59da8934,dd47792a56bc758dfb3c30966831c66b49055d3f98dcea4104a6269684886f0d,2
D_restart_continuity_orbit,73,0.125,1179,RBC,-2.3107178254456152e-05,-7.986986392752186e-05,2.042313201923658e-09,0.5428111206578801,-0.8318640176548576,-0.043758787997373386,-0.10697435157202975,a195f3d75e884b23bc8989644e863bf6bc6a20b8e4ca0d7e2c0f6498fd436b88,16eff939b9f25029dd470ea1489b3ad84d84e7f75d676719b04da0b64148c105,2
D_restart_continuity_orbit,73,0.125,1180,RBC,-5.470378694418522e-05,-4.230988301654977e-05,6.150242815027803e-13,-0.1481935593112852,0.5505434903684479,0.8214946620076691,-0.009330299270915835,01a290ef2ad4033e4c07bbc25c8ff0ea97088bf6e7056be004e487fa688c637c,a21236acd8be75ef8e483406c48dd608b32dc9deae2a3b20eaf4cd2a1c4feb25,2
D_restart_continuity_orbit,74,0.125,1176,RBC,8.319755167640943e-05,2.027488949212083e-05,9.727960629328226e-09,0.44932779914601584,0.6993822051260105,-0.1652719340350567,0.5307110776005987,b381aa873f3269790866fee0466e97133929e744d8380f97bfd047d1b1f72519,825eeea2dc8912a72dbac521ba8b920a8b3ad56cecb30dbbe7f71aa7a44e9fda,2
D_restart_continuity_orbit,74,0.125,1177,RBC,-9.78192359370676e-06,-9.563476753821499e-05,6.518422047187092e-09,0.3272849527899279,0.05981339848735821,0.917440123389361,0.2181983891645429,845c1ba86926a30f1bf62eee505460cc7daf122f8d6e33f329b6a062b3d52448,031f082cdde9ec3487be186a25006e978bfb23d645292652fda0e9b3fa93965d,2
D_restart_continuity_orbit,74,0.125,1178,RBC,8.4127440872531e-05,-2.3323668344033972e-05,4.283060944094355e-09,-0.5900337313639191,-0.049110936041942777,-0.7571545430397026,0.2759806329585358,b031675c6e0e6b0b62a0be8c6e34a07476b1dccbf34013686d74b4fc59da8934,dd47792a56bc758dfb3c30966831c66b49055d3f98dcea4104a6269684886f0d,2
D_restart_continuity_orbit,74,0.125,1179,RBC,-2.3107178254456152e-05,-7.986986392752186e-05,2.042313201923658e-09,0.5428111206578801,-0.8318640176548576,-0.043758787997373386,-0.10697435157202975,a195f3d75e884b23bc8989644e863bf6bc6a20b8e4ca0d7e2c0f6498fd436b88,16eff939b9f25029dd470ea1489b3ad84d84e7f75d676719b04da0b64148c105,2
D_restart_continuity_orbit,74,0.125,1180,RBC,-5.470378694418522e-05,-4.230988301654977e-05,6.150242815027803e-13,-0.1481935593112852,0.5505434903684479,0.8214946620076691,-0.009330299270915835,01a290ef2ad4033e4c07bbc25c8ff0ea97088bf6e7056be004e487fa688c637c,a21236acd8be75ef8e483406c48dd608b32dc9deae2a3b20eaf4cd2a1c4feb25,2
D_restart_continuity_orbit,75,0.125,1176,RBC,8.319755167640943e-05,2.027488949212083e-05,9.727960629328226e-09,0.44932779914601584,0.6993822051260105,-0.1652719340350567,0.5307110776005987,b381aa873f3269790866fee0466e97133929e744d8380f97bfd047d1b1f72519,825eeea2dc8912a72dbac521ba8b920a8b3ad56cecb30dbbe7f71aa7a44e9fda,2
D_restart_continuity_orbit,75,0.125,1177,RBC,-9.78192359370676e-06,-9.563476753821499e-05,6.518422047187092e-09,0.3272849527899279,0.05981339848735821,0.917440123389361,0.2181983891645429,845c1ba86926a30f1bf62eee505460cc7daf122f8d6e33f329b6a062b3d52448,031f082cdde9ec3487be186a25006e978bfb23d645292652fda0e9b3fa93965d,2
D_restart_continuity_orbit,75,0.125,1178,RBC,8.4127440872531e-05,-2.3323668344033972e-05,4.283060944094355e-09,-0.5900337313639191,-0.049110936041942777,-0.7571545430397026,0.2759806329585358,b031675c6e0e6b0b62a0be8c6e34a07476b1dccbf34013686d74b4fc59da8934,dd47792a56bc758dfb3c30966831c66b49055d3f98dcea4104a6269684886f0d,2
D_restart_continuity_orbit,75,0.125,1179,RBC,-2.3107178254456152e-05,-7.986986392752186e-05,2.042313201923658e-09,0.5428111206578801,-0.8318640176548576,-0.043758787997373386,-0.10697435157202975,a195f3d75e884b23bc8989644e863bf6bc6a20b8e4ca0d7e2c0f6498fd436b88,16eff939b9f25029dd470ea1489b3ad84d84e7f75d676719b04da0b64148c105,2
D_restart_continuity_orbit,75,0.125,1180,RBC,-5.470378694418522e-05,-4.230988301654977e-05,6.150242815027803e-13,-0.1481935593112852,0.5505434903684479,0.8214946620076691,-0.009330299270915835,01a290ef2ad4033e4c07bbc25c8ff0ea97088bf6e7056be004e487fa688c637c,a21236acd8be75ef8e483406c48dd608b32dc9deae2a3b20eaf4cd2a1c4feb25,2
D_restart_continuity_orbit,76,0.125,1176,RBC,8.319755167640943e-05,2.027488949212083e-05,9.727960629328226e-09,0.44932779914601584,0.6993822051260105,-0.1652719340350567,0.5307110776005987,b381aa873f3269790866fee0466e97133929e744d8380f97bfd047d1b1f72519,825eeea2dc8912a72dbac521ba8b920a8b3ad56cecb30dbbe7f71aa7a44e9fda,2
D_restart_continuity_orbit,76,0.125,1177,RBC,-9.78192359370676e-06,-9.563476753821499e-05,6.518422047187092e-09,0.3272849527899279,0.05981339848735821,0.917440123389361,0.2181983891645429,845c1ba86926a30f1bf62eee505460cc7daf122f8d6e33f329b6a062b3d52448,031f082cdde9ec3487be186a25006e978bfb23d645292652fda0e9b3fa93965d,2
D_restart_continuity_orbit,76,0.125,1178,RBC,8.4127440872531e-05,-2.3323668344033972e-05,4.283060944094355e-09,-0.5900337313639191,-0.049110936041942777,-0.7571545430397026,0.2759806329585358,b031675c6e0e6b0b62a0be8c6e34a07476b1dccbf34013686d74b4fc59da8934,dd47792a56bc758dfb3c30966831c66b49055d3f98dcea4104a6269684886f0d,2
D_restart_continuity_orbit,76,0.125,1179,RBC,-2.3107178254456152e-05,-7.986986392752186e-05,2.042313201923658e-09,0.5428111206578801,-0.8318640176548576,-0.043758787997373386,-0.10697435157202975,a195f3d75e884b23bc8989644e863bf6bc6a20b8e4ca0d7e2c0f6498fd436b88,16eff939b9f25029dd470ea1489b3ad84d84e7f75d676719b04da0b64148c105,2
D_restart_continuity_orbit,76,0.125,1180,RBC,-5.470378694418522e-05,-4.230988301654977e-05,6.150242815027803e-13,-0.1481935593112852,0.5505434903684479,0.8214946620076691,-0.009330299270915835,01a290ef2ad4033e4c07bbc25c8ff0ea97088bf6e7056be004e487fa688c637c,a21236acd8be75ef8e483406c48dd608b32dc9deae2a3b20eaf4cd2a1c4feb25,2
D_restart_continuity_orbit,77,0.125,1176,RBC,8.319755167640943e-05,2.027488949212083e-05,9.727960629328226e-09,0.44932779914601584,0.6993822051260105,-0.1652719340350567,0.5307110776005987,b381aa873f3269790866fee0466e97133929e744d8380f97bfd047d1b1f72519,825eeea2dc8912a72dbac521ba8b920a8b3ad56cecb30dbbe7f71aa7a44e9fda,2
D_restart_continuity_orbit,77,0.125,1177,RBC,-9.78192359370676e-06,-9.563476753821499e-05,6.518422047187092e-09,0.3272849527899279,0.05981339848735821,0.917440123389361,0.2181983891645429,845c1ba86926a30f1bf62eee505460cc7daf122f8d6e33f329b6a062b3d52448,031f082cdde9ec3487be186a25006e978bfb23d645292652fda0e9b3fa93965d,2
D_restart_continuity_orbit,77,0.125,1178,RBC,8.4127440872531e-05,-2.3323668344033972e-05,4.283060944094355e-09,-0.5900337313639191,-0.049110936041942777,-0.7571545430397026,0.2759806329585358,b031675c6e0e6b0b62a0be8c6e34a07476b1dccbf34013686d74b4fc59da8934,dd47792a56bc758dfb3c30966831c66b49055d3f98dcea4104a6269684886f0d,2
D_restart_continuity_orbit,77,0.125,1179,RBC,-2.3107178254456152e-05,-7.986986392752186e-05,2.042313201923658e-09,0.5428111206578801,-0.8318640176548576,-0.043758787997373386,-0.10697435157202975,a195f3d75e884b23bc8989644e863bf6bc6a20b8e4ca0d7e2c0f6498fd436b88,16eff939b9f25029dd470ea1489b3ad84d84e7f75d676719b04da0b64148c105,2
D_restart_continuity_orbit,77,0.125,1180,RBC,-5.470378694418522e-05,-4.230988301654977e-05,6.150242815027803e-13,-0.1481935593112852,0.5505434903684479,0.8214946620076691,-0.009330299270915835,01a290ef2ad4033e4c07bbc25c8ff0ea97088bf6e7056be004e487fa688c637c,a21236acd8be75ef8e483406c48dd608b32dc9deae2a3b20eaf4cd2a1c4feb25,2
D_restart_continuity_orbit,78,0.125,1176,RBC,8.319755167640943e-05,2.027488949212083e-05,9.727960629328226e-09,0.44932779914601584,0.6993822051260105,-0.1652719340350567,0.5307110776005987,b381aa873f3269790866fee0466e97133929e744d8380f97bfd047d1b1f72519,825eeea2dc8912a72dbac521ba8b920a8b3ad56cecb30dbbe7f71aa7a44e9fda,2
D_restart_continuity_orbit,78,0.125,1177,RBC,-9.78192359370676e-06,-9.563476753821499e-05,6.518422047187092e-09,0.3272849527899279,0.05981339848735821,0.917440123389361,0.2181983891645429,845c1ba86926a30f1bf62eee505460cc7daf122f8d6e33f329b6a062b3d52448,031f082cdde9ec3487be186a25006e978bfb23d645292652fda0e9b3fa93965d,2
D_restart_continuity_orbit,78,0.125,1178,RBC,8.4127440872531e-05,-2.3323668344033972e-05,4.283060944094355e-09,-0.5900337313639191,-0.049110936041942777,-0.7571545430397026,0.2759806329585358,b031675c6e0e6b0b62a0be8c6e34a07476b1dccbf34013686d74b4fc59da8934,dd47792a56bc758dfb3c30966831c66b49055d3f98dcea4104a6269684886f0d,2
D_restart_continuity_orbit,78,0.125,1179,RBC,-2.3107178254456152e-05,-7.986986392752186e-05,2.042313201923658e-09,0.5428111206578801,-0.8318640176548576,-0.043758787997373386,-0.10697435157202975,a195f3d75e884b23bc8989644e863bf6bc6a20b8e4ca0d7e2c0f6498fd436b88,16eff939b9f25029dd470ea1489b3ad84d84e7f75d676719b04da0b64148c105,2
D_restart_continuity_orbit,78,0.125,1180,RBC,-5.470378694418522e-05,-4.230988301654977e-05,6.150242815027803e-13,-0.1481935593112852,0.5505434903684479,0.8214946620076691,-0.009330299270915835,01a290ef2ad4033e4c07bbc25c8ff0ea97088bf6e7056be004e487fa688c637c,a21236acd8be75ef8e483406c48dd608b32dc9deae2a3b20eaf4cd2a1c4feb25,2
D_restart_continuity_orbit,79,0.125,1176,RBC,8.319755167640943e-05,2.027488949212083e-05,9.727960629328226e-09,0.44932779914601584,0.6993822051260105,-0.1652719340350567,0.5307110776005987,b381aa873f3269790866fee0466e97133929e744d8380f97bfd047d1b1f72519,825eeea2dc8912a72dbac521ba8b920a8b3ad56cecb30dbbe7f71aa7a44e9fda,2
D_restart_continuity_orbit,79,0.125,1177,RBC,-9.78192359370676e-06,-9.563476753821499e-05,6.518422047187092e-09,0.3272849527899279,0.05981339848735821,0.917440123389361,0.2181983891645429,845c1ba86926a30f1bf62eee505460cc7daf122f8d6e33f329b6a062b3d52448,031f082cdde9ec3487be186a25006e978bfb23d645292652fda0e9b3fa93965d,2
D_restart_continuity_orbit,79,0.125,1178,RBC,8.4127440872531e-05,-2.3323668344033972e-05,4.283060944094355e-09,-0.5900337313639191,-0.049110936041942777,-0.7571545430397026,0.2759806329585358,b031675c6e0e6b0b62a0be8c6e34a07476b1dccbf34013686d74b4fc59da8934,dd47792a56bc758dfb3c30966831c66b49055d3f98dcea4104a6269684886f0d,2
D_restart_continuity_orbit,79,0.125,1179,RBC,-2.3107178254456152e-05,-7.986986392752186e-05,2.042313201923658e-09,0.5428111206578801,-0.8318640176548576,-0.043758787997373386,-0.10697435157202975,a195f3d75e884b23bc8989644e863bf6bc6a20b8e4ca0d7e2c0f6498fd436b88,16eff939b9f25029dd470ea1489b3ad84d84e7f75d676719b04da0b64148c105,2
D_restart_continuity_orbit,79,0.125,1180,RBC,-5.470378694418522e-05,-4.230988301654977e-05,6.150242815027803e-13,-0.1481935593112852,0.5505434903684479,0.8214946620076691,-0.009330299270915835,01a290ef2ad4033e4c07bbc25c8ff0ea97088bf6e7056be004e487fa688c637c,a21236acd8be75ef8e483406c48dd608b32dc9deae2a3b20eaf4cd2a1c4feb25,2
D_restart_continuity_orbit,80,0.125,1176,RBC,8.319755167640943e-05,2.027488949212083e-05,9.727960629328226e-09,0.44932779914601584,0.6993822051260105,-0.1652719340350567,0.5307110776005987,b381aa873f3269790866fee0466e97133929e744d8380f97bfd047d1b1f72519,825eeea2dc8912a72dbac521ba8b920a8b3ad56cecb30dbbe7f71aa7a44e9fda,2
D_restart_continuity_orbit,80,0.125,1177,RBC,-9.78192359370676e-06,-9.563476753821499e-05,6.518422047187092e-09,0.3272849527899279,0.05981339848735821,0.917440123389361,0.2181983891645429,845c1ba86926a30f1bf62eee505460cc7daf122f8d6e33f329b6a062b3d52448,031f082cdde9ec3487be186a25006e978bfb23d645292652fda0e9b3fa93965d,2
D_restart_continuity_orbit,80,0.125,1178,RBC,8.4127440872531e-05,-2.3323668344033972e-05,4.283060944094355e-09,-0.5900337313639191,-0.049110936041942777,-0.7571545430397026,0.2759806329585358,b031675c6e0e6b0b62a0be8c6e34a07476b1dccbf34013686d74b4fc59da8934,dd47792a56bc758dfb3c30966831c66b49055d3f98dcea4104a6269684886f0d,2
D_restart_continuity_orbit,80,0.125,1179,RBC,-2.3107178254456152e-05,-7.986986392752186e-05,2.042313201923658e-09,0.5428111206578801,-0.8318640176548576,-0.043758787997373386,-0.10697435157202975,a195f3d75e884b23bc8989644e863bf6bc6a20b8e4ca0d7e2c0f6498fd436b88,16eff939b9f25029dd470ea1489b3ad84d84e7f75d676719b04da0b64148c105,2
D_restart_continuity_orbit,80,0.125,1180,RBC,-5.470378694418522e-05,-4.230988301654977e-05,6.150242815027803e-13,-0.1481935593112852,0.5505434903684479,0.8214946620076691,-0.009330299270915835,01a290ef2ad4033e4c07bbc25c8ff0ea97088bf6e7056be004e487fa688c637c,a21236acd8be75ef8e483406c48dd608b32dc9deae2a3b20eaf4cd2a1c4feb25,2
D_restart_continuity_orbit,81,0.1250144927536232,1177,RBC,-9.78192359370676e-06,-9.563476753821499e-05,6.880740887766992e-09,0.3272849527899279,0.05981339848735821,0.917440123389361,0.2181983891645429,845c1ba86926a30f1bf62eee505460cc7daf122f8d6e33f329b6a062b3d52448,031f082cdde9ec3487be186a25006e978bfb23d645292652fda0e9b3fa93965d,2
D_restart_continuity_orbit,81,0.1250144927536232,1178,RBC,8.4127440872531e-05,-2.3323668344033972e-05,4.645379784674245e-09,-0.5900337313639191,-0.049110936041942777,-0.7571545430397026,0.2759806329585358,b031675c6e0e6b0b62a0be8c6e34a07476b1dccbf34013686d74b4fc59da8934,dd47792a56bc758dfb3c30966831c66b49055d3f98dcea4104a6269684886f0d,2
D_restart_continuity_orbit,81,0.1250144927536232,1179,RBC,-2.3107178254456152e-05,-7.986986392752186e-05,2.4046320425035463e-09,0.5428111206578801,-0.8318640176548576,-0.043758787997373386,-0.10697435157202975,a195f3d75e884b23bc8989644e863bf6bc6a20b8e4ca0d7e2c0f6498fd436b88,16eff939b9f25029dd470ea1489b3ad84d84e7f75d676719b04da0b64148c105,2
D_restart_continuity_orbit,81,0.1250144927536232,1180,RBC,-5.470378694418522e-05,-4.230988301654977e-05,3.6293386486137886e-10,-0.1481935593112852,0.5505434903684479,0.8214946620076691,-0.009330299270915835,01a290ef2ad4033e4c07bbc25c8ff0ea97088bf6e7056be004e487fa688c637c,a21236acd8be75ef8e483406c48dd608b32dc9deae2a3b20eaf4cd2a1c4feb25,2
D_restart_continuity_orbit,82,0.12502898550724637,1177,RBC,-9.78192359370676e-06,-9.563476753821499e-05,7.2430597283462e-09,0.3272849527899279,0.05981339848735821,0.917440123389361,0.2181983891645429,845c1ba86926a30f1bf62eee505460cc7daf122f8d6e33f329b6a062b3d52448,031f082cdde9ec3487be186a25006e978bfb23d645292652fda0e9b3fa93965d,2
D_restart_continuity_orbit,82,0.12502898550724637,1178,RBC,8.4127440872531e-05,-2.3323668344033972e-05,5.0076986252534394e-09,-0.5900337313639191,-0.049110936041942777,-0.7571545430397026,0.2759806329585358,b031675c6e0e6b0b62a0be8c6e34a07476b1dccbf34013686d74b4fc59da8934,dd47792a56bc758dfb3c30966831c66b49055d3f98dcea4104a6269684886f0d,2
D_restart_continuity_orbit,82,0.12502898550724637,1179,RBC,-2.3107178254456152e-05,-7.986986392752186e-05,2.7669508830827413e-09,0.5428111206578801,-0.8318640176548576,-0.043758787997373386,-0.10697435157202975,a195f3d75e884b23bc8989644e863bf6bc6a20b8e4ca0d7e2c0f6498fd436b88,16eff939b9f25029dd470ea1489b3ad84d84e7f75d676719b04da0b64148c105,2
D_restart_continuity_orbit,82,0.12502898550724637,1180,RBC,-5.470378694418522e-05,-4.230988301654977e-05,7.252527054405611e-10,-0.1481935593112852,0.5505434903684479,0.8214946620076691,-0.009330299270915835,01a290ef2ad4033e4c07bbc25c8ff0ea97088bf6e7056be004e487fa688c637c,a21236acd8be75ef8e483406c48dd608b32dc9deae2a3b20eaf4cd2a1c4feb25,2
D_restart_continuity_orbit,83,0.12504347826086956,1177,RBC,-9.78192359370676e-06,-9.563476753821499e-05,7.605378568926101e-09,0.3272849527899279,0.05981339848735821,0.917440123389361,0.2181983891645429,845c1ba86926a30f1bf62eee505460cc7daf122f8d6e33f329b6a062b3d52448,031f082cdde9ec3487be186a25006e978bfb23d645292652fda0e9b3fa93965d,2
D_restart_continuity_orbit,83,0.12504347826086956,1178,RBC,8.4127440872531e-05,-2.3323668344033972e-05,5.370017465833328e-09,-0.5900337313639191,-0.049110936041942777,-0.7571545430397026,0.2759806329585358,b031675c6e0e6b0b62a0be8c6e34a07476b1dccbf34013686d74b4fc59da8934,dd47792a56bc758dfb3c30966831c66b49055d3f98dcea4104a6269684886f0d,2
D_restart_continuity_orbit,83,0.12504347826086956,1179,RBC,-2.3107178254456152e-05,-7.986986392752186e-05,3.12926972366263e-09,0.5428111206578801,-0.8318640176548576,-0.043758787997373386,-0.10697435157202975,a195f3d75e884b23bc8989644e863bf6bc6a20b8e4ca0d7e2c0f6498fd436b88,16eff939b9f25029dd470ea1489b3ad84d84e7f75d676719b04da0b64148c105,2
D_restart_continuity_orbit,83,0.12504347826086956,1180,RBC,-5.470378694418522e-05,-4.230988301654977e-05,1.0875715460204373e-09,-0.1481935593112852,0.5505434903684479,0.8214946620076691,-0.009330299270915835,01a290ef2ad4033e4c07bbc25c8ff0ea97088bf6e7056be004e487fa688c637c,a21236acd8be75ef8e483406c48dd608b32dc9deae2a3b20eaf4cd2a1c4feb25,2
D_restart_continuity_orbit,84,0.12505797101449276,1177,RBC,-9.78192359370676e-06,-9.563476753821499e-05,7.967697409506001e-09,0.3272849527899279,0.05981339848735821,0.917440123389361,0.2181983891645429,845c1ba86926a30f1bf62eee505460cc7daf122f8d6e33f329b6a062b3d52448,031f082cdde9ec3487be186a25006e978bfb23d645292652fda0e9b3fa93965d,2
D_restart_continuity_orbit,84,0.12505797101449276,1178,RBC,8.4127440872531e-05,-2.3323668344033972e-05,5.732336306413216e-09,-0.5900337313639191,-0.049110936041942777,-0.7571545430397026,0.2759806329585358,b031675c6e0e6b0b62a0be8c6e34a07476b1dccbf34013686d74b4fc59da8934,dd47792a56bc758dfb3c30966831c66b49055d3f98dcea4104a6269684886f0d,2
D_restart_continuity_orbit,84,0.12505797101449276,1179,RBC,-2.3107178254456152e-05,-7.986986392752186e-05,3.491588564242519e-09,0.5428111206578801,-0.8318640176548576,-0.043758787997373386,-0.10697435157202975,a195f3d75e884b23bc8989644e863bf6bc6a20b8e4ca0d7e2c0f6498fd436b88,16eff939b9f25029dd470ea1489b3ad84d84e7f75d676719b04da0b64148c105,2
D_restart_continuity_orbit,84,0.12505797101449276,1180,RBC,-5.470378694418522e-05,-4.230988301654977e-05,1.4498903866003132e-09,-0.1481935593112852,0.5505434903684479,0.8214946620076691,-0.009330299270915835,01a290ef2ad4033e4c07bbc25c8ff0ea97088bf6e7056be004e487fa688c637c,a21236acd8be75ef8e483406c48dd608b32dc9deae2a3b20eaf4cd2a1c4feb25,2
D_restart_continuity_orbit,85,0.12507246376811595,1177,RBC,-9.78192359370676e-06,-9.563476753821499e-05,8.330016250085903e-09,0.3272849527899279,0.05981339848735821,0.917440123389361,0.2181983891645429,845c1ba86926a30f1bf62eee505460cc7daf122f8d6e33f329b6a062b3d52448,031f082cdde9ec3487be186a25006e978bfb23d645292652fda0e9b3fa93965d,2
D_restart_continuity_orbit,85,0.12507246376811595,1178,RBC,8.4127440872531e-05,-2.3323668344033972e-05,6.094655146993105e-09,-0.5900337313639191,-0.049110936041942777,-0.7571545430397026,0.2759806329585358,b031675c6e0e6b0b62a0be8c6e34a07476b1dccbf34013686d74b4fc59da8934,dd47792a56bc758dfb3c30966831c66b49055d3f98dcea4104a6269684886f0d,2
D_restart_continuity_orbit,85,0.12507246376811595,1179,RBC,-2.3107178254456152e-05,-7.986986392752186e-05,3.853907404822407e-09,0.5428111206578801,-0.8318640176548576,-0.043758787997373386,-0.10697435157202975,a195f3d75e884b23bc8989644e863bf6bc6a20b8e4ca0d7e2c0f6498fd436b88,16eff939b9f25029dd470ea1489b3ad84d84e7f75d676719b04da0b64148c105,2
D_restart_continuity_orbit,85,0.12507246376811595,1180,RBC,-5.470378694418522e-05,-4.230988301654977e-05,1.8122092271801892e-09,-0.1481935593112852,0.5505434903684479,0.8214946620076691,-0.009330299270915835,01a290ef2ad4033e4c07bbc25c8ff0ea97088bf6e7056be004e487fa688c637c,a21236acd8be75ef8e483406c48dd608b32dc9deae2a3b20eaf4cd2a1c4feb25,2
D_restart_continuity_orbit,86,0.12508695652173912,1177,RBC,-9.78192359370676e-06,-9.563476753821499e-05,8.692335090665112e-09,0.3272849527899279,0.05981339848735821,0.917440123389361,0.2181983891645429,845c1ba86926a30f1bf62eee505460cc7daf122f8d6e33f329b6a062b3d52448,031f082cdde9ec3487be186a25006e978bfb23d645292652fda0e9b3fa93965d,2
D_restart_continuity_orbit,86,0.12508695652173912,1178,RBC,8.4127440872531e-05,-2.3323668344033972e-05,6.4569739875723e-09,-0.5900337313639191,-0.049110936041942777,-0.7571545430397026,0.2759806329585358,b031675c6e0e6b0b62a0be8c6e34a07476b1dccbf34013686d74b4fc59da8934,dd47792a56bc758dfb3c30966831c66b49055d3f98dcea4104a6269684886f0d,2
D_restart_continuity_orbit,86,0.12508695652173912,1179,RBC,-2.3107178254456152e-05,-7.986986392752186e-05,4.216226245401602e-09,0.5428111206578801,-0.8318640176548576,-0.043758787997373386,-0.10697435157202975,a195f3d75e884b23bc8989644e863bf6bc6a20b8e4ca0d7e2c0f6498fd436b88,16eff939b9f25029dd470ea1489b3ad84d84e7f75d676719b04da0b64148c105,2
D_restart_continuity_orbit,86,0.12508695652173912,1180,RBC,-5.470378694418522e-05,-4.230988301654977e-05,2.1745280677593714e-09,-0.1481935593112852,0.5505434903684479,0.8214946620076691,-0.009330299270915835,01a290ef2ad4033e4c07bbc25c8ff0ea97088bf6e7056be004e487fa688c637c,a21236acd8be75ef8e483406c48dd608b32dc9deae2a3b20eaf4cd2a1c4feb25,2
D_restart_continuity_orbit,87,0.12510144927536232,1177,RBC,-9.78192359370676e-06,-9.563476753821499e-05,9.054653931245012e-09,0.3272849527899279,0.05981339848735821,0.917440123389361,0.2181983891645429,845c1ba86926a30f1bf62eee505460cc7daf122f8d6e33f329b6a062b3d52448,031f082cdde9ec3487be186a25006e978bfb23d645292652fda0e9b3fa93965d,2
D_restart_continuity_orbit,87,0.12510144927536232,1178,RBC,8.4127440872531e-05,-2.3323668344033972e-05,6.8192928281521884e-09,-0.5900337313639191,-0.049110936041942777,-0.7571545430397026,0.2759806329585358,b031675c6e0e6b0b62a0be8c6e34a07476b1dccbf34013686d74b4fc59da8934,dd47792a56bc758dfb3c30966831c66b49055d3f98dcea4104a6269684886f0d,2
D_restart_continuity_orbit,87,0.12510144927536232,1179,RBC,-2.3107178254456152e-05,-7.986986392752186e-05,4.578545085981491e-09,0.5428111206578801,-0.8318640176548576,-0.043758787997373386,-0.10697435157202975,a195f3d75e884b23bc8989644e863bf6bc6a20b8e4ca0d7e2c0f6498fd436b88,16eff939b9f25029dd470ea1489b3ad84d84e7f75d676719b04da0b64148c105,2
D_restart_continuity_orbit,87,0.12510144927536232,1180,RBC,-5.470378694418522e-05,-4.230988301654977e-05,2.5368469083392476e-09,-0.1481935593112852,0.5505434903684479,0.8214946620076691,-0.009330299270915835,01a290ef2ad4033e4c07bbc25c8ff0ea97088bf6e7056be004e487fa688c637c,a21236acd8be75ef8e483406c48dd608b32dc9deae2a3b20eaf4cd2a1c4feb25,2
D_restart_continuity_orbit,88,0.12511594202898552,1177,RBC,-9.78192359370676e-06,-9.563476753821499e-05,9.416972771824914e-09,0.3272849527899279,0.05981339848735821,0.917440123389361,0.2181983891645429,845c1ba86926a30f1bf62eee505460cc7daf122f8d6e33f329b6a062b3d52448,031f082cdde9ec3487be186a25006e978bfb23d645292652fda0e9b3fa93965d,2
D_restart_continuity_orbit,88,0.12511594202898552,1178,RBC,8.4127440872531e-05,-2.3323668344033972e-05,7.181611668732078e-09,-0.5900337313639191,-0.049110936041942777,-0.7571545430397026,0.2759806329585358,b031675c6e0e6b0b62a0be8c6e34a07476b1dccbf34013686d74b4fc59da8934,dd47792a56bc758dfb3c30966831c66b49055d3f98dcea4104a6269684886f0d,2
D_restart_continuity_orbit,88,0.12511594202898552,1179,RBC,-2.3107178254456152e-05,-7.986986392752186e-05,4.940863926561379e-09,0.5428111206578801,-0.8318640176548576,-0.043758787997373386,-0.10697435157202975,a195f3d75e884b23bc8989644e863bf6bc6a20b8e4ca0d7e2c0f6498fd436b88,16eff939b9f25029dd470ea1489b3ad84d84e7f75d676719b04da0b64148c105,2
D_restart_continuity_orbit,88,0.12511594202898552,1180,RBC,-5.470378694418522e-05,-4.230988301654977e-05,2.899165748919124e-09,-0.1481935593112852,0.5505434903684479,0.8214946620076691,-0.009330299270915835,01a290ef2ad4033e4c07bbc25c8ff0ea97088bf6e7056be004e487fa688c637c,a21236acd8be75ef8e483406c48dd608b32dc9deae2a3b20eaf4cd2a1c4feb25,2
D_restart_continuity_orbit,88,0.12511594202898552,1181,RBC,-5.1633934388409337e-05,3.0615282424586245e-05,3.4427175823328286e-11,-0.48155331642846433,0.13959760107169575,0.16892631539060257,0.8485769341552537,a082d60157477c8564b01c3eab5c85043d1a3ac290f86ac8ac45b49d83d1ad98,709ad3e97227d723ce3a3a4c0eb8745b0d85ab79a4303af93a769a67e45c6a61,2
D_restart_continuity_orbit,89,0.12513043478260868,1177,RBC,-9.78192359370676e-06,-9.563476753821499e-05,9.77929161240412e-09,0.3272849527899279,0.05981339848735821,0.917440123389361,0.2181983891645429,845c1ba86926a30f1bf62eee505460cc7daf122f8d6e33f329b6a062b3d52448,031f082cdde9ec3487be186a25006e978bfb23d645292652fda0e9b3fa93965d,2
D_restart_continuity_orbit,89,0.12513043478260868,1178,RBC,8.4127440872531e-05,-2.3323668344033972e-05,7.543930509311272e-09,-0.5900337313639191,-0.049110936041942777,-0.7571545430397026,0.2759806329585358,b031675c6e0e6b0b62a0be8c6e34a07476b1dccbf34013686d74b4fc59da8934,dd47792a56bc758dfb3c30966831c66b49055d3f98dcea4104a6269684886f0d,2
D_restart_continuity_orbit,89,0.12513043478260868,1179,RBC,-2.3107178254456152e-05,-7.986986392752186e-05,5.303182767140574e-09,0.5428111206578801,-0.8318640176548576,-0.043758787997373386,-0.10697435157202975,a195f3d75e884b23bc8989644e863bf6bc6a20b8e4ca0d7e2c0f6498fd436b88,16eff939b9f25029dd470ea1489b3ad84d84e7f75d676719b04da0b64148c105,2
D_restart_continuity_orbit,89,0.12513043478260868,1180,RBC,-5.470378694418522e-05,-4.230988301654977e-05,3.261484589498306e-09,-0.1481935593112852,0.5505434903684479,0.8214946620076691,-0.009330299270915835,01a290ef2ad4033e4c07bbc25c8ff0ea97088bf6e7056be004e487fa688c637c,a21236acd8be75ef8e483406c48dd608b32dc9deae2a3b20eaf4cd2a1c4feb25,2
D_restart_continuity_orbit,89,0.12513043478260868,1181,RBC,-5.1633934388409337e-05,3.0615282424586245e-05,3.9674601640251046e-10,-0.48155331642846433,0.13959760107169575,0.16892631539060257,0.8485769341552537,a082d60157477c8564b01c3eab5c85043d1a3ac290f86ac8ac45b49d83d1ad98,709ad3e97227d723ce3a3a4c0eb8745b0d85ab79a4303af93a769a67e45c6a61,2
D_restart_continuity_orbit,90,0.12514492753623188,1178,RBC,8.4127440872531e-05,-2.3323668344033972e-05,7.90624934989116e-09,-0.5900337313639191,-0.049110936041942777,-0.7571545430397026,0.2759806329585358,b031675c6e0e6b0b62a0be8c6e34a07476b1dccbf34013686d74b4fc59da8934,dd47792a56bc758dfb3c30966831c66b49055d3f98dcea4104a6269684886f0d,2
D_restart_continuity_orbit,90,0.12514492753623188,1179,RBC,-2.3107178254456152e-05,-7.986986392752186e-05,5.665501607720462e-09,0.5428111206578801,-0.8318640176548576,-0.043758787997373386,-0.10697435157202975,a195f3d75e884b23bc8989644e863bf6bc6a20b8e4ca0d7e2c0f6498fd436b88,16eff939b9f25029dd470ea1489b3ad84d84e7f75d676719b04da0b64148c105,2
D_restart_continuity_orbit,90,0.12514492753623188,1180,RBC,-5.470378694418522e-05,-4.230988301654977e-05,3.623803430078182e-09,-0.1481935593112852,0.5505434903684479,0.8214946620076691,-0.009330299270915835,01a290ef2ad4033e4c07bbc25c8ff0ea97088bf6e7056be004e487fa688c637c,a21236acd8be75ef8e483406c48dd608b32dc9deae2a3b20eaf4cd2a1c4feb25,2
D_restart_continuity_orbit,90,0.12514492753623188,1181,RBC,-5.1633934388409337e-05,3.0615282424586245e-05,7.590648569823866e-10,-0.48155331642846433,0.13959760107169575,0.16892631539060257,0.8485769341552537,a082d60157477c8564b01c3eab5c85043d1a3ac290f86ac8ac45b49d83d1ad98,709ad3e97227d723ce3a3a4c0eb8745b0d85ab79a4303af93a769a67e45c6a61,2
D_restart_continuity_orbit,91,0.12515942028985508,1178,RBC,8.4127440872531e-05,-2.3323668344033972e-05,8.268568190471049e-09,-0.5900337313639191,-0.049110936041942777,-0.7571545430397026,0.2759806329585358,b031675c6e0e6b0b62a0be8c6e34a07476b1dccbf34013686d74b4fc59da8934,dd47792a56bc758dfb3c30966831c66b49055d3f98dcea4104a6269684886f0d,2
D_restart_continuity_orbit,91,0.12515942028985508,1179,RBC,-2.3107178254456152e-05,-7.986986392752186e-05,6.0278204483003516e-09,0.5428111206578801,-0.8318640176548576,-0.043758787997373386,-0.10697435157202975,a195f3d75e884b23bc8989644e863bf6bc6a20b8e4ca0d7e2c0f6498fd436b88,16eff939b9f25029dd470ea1489b3ad84d84e7f75d676719b04da0b64148c105,2
D_restart_continuity_orbit,91,0.12515942028985508,1180,RBC,-5.470378694418522e-05,-4.230988301654977e-05,3.986122270658058e-09,-0.1481935593112852,0.5505434903684479,0.8214946620076691,-0.009330299270915835,01a290ef2ad4033e4c07bbc25c8ff0ea97088bf6e7056be004e487fa688c637c,a21236acd8be75ef8e483406c48dd608b32dc9deae2a3b20eaf4cd2a1c4feb25,2
D_restart_continuity_orbit,91,0.12515942028985508,1181,RBC,-5.1633934388409337e-05,3.0615282424586245e-05,1.1213836975622626e-09,-0.48155331642846433,0.13959760107169575,0.16892631539060257,0.8485769341552537,a082d60157477c8564b01c3eab5c85043d1a3ac290f86ac8ac45b49d83d1ad98,709ad3e97227d723ce3a3a4c0eb8745b0d85ab79a4303af93a769a67e45c6a61,2
D_restart_continuity_orbit,92,0.12517391304347827,1178,RBC,8.4127440872531e-05,-2.3323668344033972e-05,8.630887031050937e-09,-0.5900337313639191,-0.049110936041942777,-0.7571545430397026,0.2759806329585358,b031675c6e0e6b0b62a0be8c6e34a07476b1dccbf34013686d74b4fc59da8934,dd47792a56bc758dfb3c30966831c66b49055d3f98dcea4104a6269684886f0d,2
D_restart_continuity_orbit,92,0.12517391304347827,1179,RBC,-2.3107178254456152e-05,-7.986986392752186e-05,6.39013928888024e-09,0.5428111206578801,-0.8318640176548576,-0.043758787997373386,-0.10697435157202975,a195f3d75e884b23bc8989644e863bf6bc6a20b8e4ca0d7e2c0f6498fd436b88,16eff939b9f25029dd470ea1489b3ad84d84e7f75d676719b04da0b64148c105,2
D_restart_continuity_orbit,92,0.12517391304347827,1180,RBC,-5.470378694418522e-05,-4.230988301654977e-05,4.348441111237934e-09,-0.1481935593112852,0.5505434903684479,0.8214946620076691,-0.009330299270915835,01a290ef2ad4033e4c07bbc25c8ff0ea97088bf6e7056be004e487fa688c637c,a21236acd8be75ef8e483406c48dd608b32dc9deae2a3b20eaf4cd2a1c4feb25,2
D_restart_continuity_orbit,92,0.12517391304347827,1181,RBC,-5.1633934388409337e-05,3.0615282424586245e-05,1.4837025381421388e-09,-0.48155331642846433,0.13959760107169575,0.16892631539060257,0.8485769341552537,a082d60157477c8564b01c3eab5c85043d1a3ac290f86ac8ac45b49d83d1ad98,709ad3e97227d723ce3a3a4c0eb8745b0d85ab79a4303af93a769a67e45c6a61,2
D_restart_continuity_orbit,93,0.12518840579710144,1178,RBC,8.4127440872531e-05,-2.3323668344033972e-05,8.993205871630133e-09,-0.5900337313639191,-0.049110936041942777,-0.7571545430397026,0.2759806329585358,b031675c6e0e6b0b62a0be8c6e34a07476b1dccbf34013686d74b4fc59da8934,dd47792a56bc758dfb3c30966831c66b49055d3f98dcea4104a6269684886f0d,2
D_restart_continuity_orbit,93,0.12518840579710144,1179,RBC,-2.3107178254456152e-05,-7.986986392752186e-05,6.752458129459435e-09,0.5428111206578801,-0.8318640176548576,-0.043758787997373386,-0.10697435157202975,a195f3d75e884b23bc8989644e863bf6bc6a20b8e4ca0d7e2c0f6498fd436b88,16eff939b9f25029dd470ea1489b3ad84d84e7f75d676719b04da0b64148c105,2
D_restart_continuity_orbit,93,0.12518840579710144,1180,RBC,-5.470378694418522e-05,-4.230988301654977e-05,4.710759951817116e-09,-0.1481935593112852,0.5505434903684479,0.8214946620076691,-0.009330299270915835,01a290ef2ad4033e4c07bbc25c8ff0ea97088bf6e7056be004e487fa688c637c,a21236acd8be75ef8e483406c48dd608b32dc9deae2a3b20eaf4cd2a1c4feb25,2
D_restart_continuity_orbit,93,0.12518840579710144,1181,RBC,-5.1633934388409337e-05,3.0615282424586245e-05,1.846021378721321e-09,-0.48155331642846433,0.13959760107169575,0.16892631539060257,0.8485769341552537,a082d60157477c8564b01c3eab5c85043d1a3ac290f86ac8ac45b49d83d1ad98,709ad3e97227d723ce3a3a4c0eb8745b0d85ab79a4303af93a769a67e45c6a61,2
D_restart_continuity_orbit,94,0.12520289855072464,1178,RBC,8.4127440872531e-05,-2.3323668344033972e-05,9.355524712210022e-09,-0.5900337313639191,-0.049110936041942777,-0.7571545430397026,0.2759806329585358,b031675c6e0e6b0b62a0be8c6e34a07476b1dccbf34013686d74b4fc59da8934,dd47792a56bc758dfb3c30966831c66b49055d3f98dcea4104a6269684886f0d,2
D_restart_continuity_orbit,94,0.12520289855072464,1179,RBC,-2.3107178254456152e-05,-7.986986392752186e-05,7.114776970039324e-09,0.5428111206578801,-0.8318640176548576,-0.043758787997373386,-0.10697435157202975,a195f3d75e884b23bc8989644e863bf6bc6a20b8e4ca0d7e2c0f6498fd436b88,16eff939b9f25029dd470ea1489b3ad84d84e7f75d676719b04da0b64148c105,2
D_restart_continuity_orbit,94,0.12520289855072464,1180,RBC,-5.470378694418522e-05,-4.230988301654977e-05,5.073078792396992e-09,-0.1481935593112852,0.5505434903684479,0.8214946620076691,-0.009330299270915835,01a290ef2ad4033e4c07bbc25c8ff0ea97088bf6e7056be004e487fa688c637c,a21236acd8be75ef8e483406c48dd608b32dc9deae2a3b20eaf4cd2a1c4feb25,2
D_restart_continuity_orbit,94,0.12520289855072464,1181,RBC,-5.1633934388409337e-05,3.0615282424586245e-05,2.208340219301197e-09,-0.48155331642846433,0.13959760107169575,0.16892631539060257,0.8485769341552537,a082d60157477c8564b01c3eab5c85043d1a3ac290f86ac8ac45b49d83d1ad98,709ad3e97227d723ce3a3a4c0eb8745b0d85ab79a4303af93a769a67e45c6a61,2
D_restart_continuity_orbit,95,0.12521739130434784,1178,RBC,8.4127440872531e-05,-2.3323668344033972e-05,9.71784355278991e-09,-0.5900337313639191,-0.049110936041942777,-0.7571545430397026,0.2759806329585358,b031675c6e0e6b0b62a0be8c6e34a07476b1dccbf34013686d74b4fc59da8934,dd47792a56bc758dfb3c30966831c66b49055d3f98dcea4104a6269684886f0d,2
D_restart_continuity_orbit,95,0.12521739130434784,1179,RBC,-2.3107178254456152e-05,-7.986986392752186e-05,7.477095810619213e-09,0.5428111206578801,-0.8318640176548576,-0.043758787997373386,-0.10697435157202975,a195f3d75e884b23bc8989644e863bf6bc6a20b8e4ca0d7e2c0f6498fd436b88,16eff939b9f25029dd470ea1489b3ad84d84e7f75d676719b04da0b64148c105,2
D_restart_continuity_orbit,95,0.12521739130434784,1180,RBC,-5.470378694418522e-05,-4.230988301654977e-05,5.435397632976868e-09,-0.1481935593112852,0.5505434903684479,0.8214946620076691,-0.009330299270915835,01a290ef2ad4033e4c07bbc25c8ff0ea97088bf6e7056be004e487fa688c637c,a21236acd8be75ef8e483406c48dd608b32dc9deae2a3b20eaf4cd2a1c4feb25,2
D_restart_continuity_orbit,95,0.12521739130434784,1181,RBC,-5.1633934388409337e-05,3.0615282424586245e-05,2.570659059881073e-09,-0.48155331642846433,0.13959760107169575,0.16892631539060257,0.8485769341552537,a082d60157477c8564b01c3eab5c85043d1a3ac290f86ac8ac45b49d83d1ad98,709ad3e97227d723ce3a3a4c0eb8745b0d85ab79a4303af93a769a67e45c6a61,2
D_restart_continuity_orbit,96,0.125231884057971,1179,RBC,-2.3107178254456152e-05,-7.986986392752186e-05,7.839414651198407e-09,0.5428111206578801,-0.8318640176548576,-0.043758787997373386,-0.10697435157202975,a195f3d75e884b23bc8989644e863bf6bc6a20b8e4ca0d7e2c0f6498fd436b88,16eff939b9f25029dd470ea1489b3ad84d84e7f75d676719b04da0b64148c105,2
D_restart_continuity_orbit,96,0.125231884057971,1180,RBC,-5.470378694418522e-05,-4.230988301654977e-05,5.797716473556051e-09,-0.1481935593112852,0.5505434903684479,0.8214946620076691,-0.009330299270915835,01a290ef2ad4033e4c07bbc25c8ff0ea97088bf6e7056be004e487fa688c637c,a21236acd8be75ef8e483406c48dd608b32dc9deae2a3b20eaf4cd2a1c4feb25,2
D_restart_continuity_orbit,96,0.125231884057971,1181,RBC,-5.1633934388409337e-05,3.0615282424586245e-05,2.9329779004602554e-09,-0.48155331642846433,0.13959760107169575,0.16892631539060257,0.8485769341552537,a082d60157477c8564b01c3eab5c85043d1a3ac290f86ac8ac45b49d83d1ad98,709ad3e97227d723ce3a3a4c0eb8745b0d85ab79a4303af93a769a67e45c6a61,2
D_restart_continuity_orbit,96,0.125231884057971,1182,RBC,4.4196911794179054e-05,7.125513908057472e-05,3.2745028514521556e-10,-0.4283568484138847,0.28980044895023827,-0.23295736059883296,-0.8235635848846097,87750a68572f4030a1cbef6c102a1c940687d0833e9b424bd4bbffa6f4bbd7e2,fd60717c73e7c122fe0b91946dc87d42b2c32101c0d0e552b017af3a628bb2c8,2
D_restart_continuity_orbit,97,0.1252463768115942,1179,RBC,-2.3107178254456152e-05,-7.986986392752186e-05,8.201733491778295e-09,0.5428111206578801,-0.8318640176548576,-0.043758787997373386,-0.10697435157202975,a195f3d75e884b23bc8989644e863bf6bc6a20b8e4ca0d7e2c0f6498fd436b88,16eff939b9f25029dd470ea1489b3ad84d84e7f75d676719b04da0b64148c105,2
D_restart_continuity_orbit,97,0.1252463768115942,1180,RBC,-5.470378694418522e-05,-4.230988301654977e-05,6.160035314135927e-09,-0.1481935593112852,0.5505434903684479,0.8214946620076691,-0.009330299270915835,01a290ef2ad4033e4c07bbc25c8ff0ea97088bf6e7056be004e487fa688c637c,a21236acd8be75ef8e483406c48dd608b32dc9deae2a3b20eaf4cd2a1c4feb25,2
D_restart_continuity_orbit,97,0.1252463768115942,1181,RBC,-5.1633934388409337e-05,3.0615282424586245e-05,3.295296741040131e-09,-0.48155331642846433,0.13959760107169575,0.16892631539060257,0.8485769341552537,a082d60157477c8564b01c3eab5c85043d1a3ac290f86ac8ac45b49d83d1ad98,709ad3e97227d723ce3a3a4c0eb8745b0d85ab79a4303af93a769a67e45c6a61,2
D_restart_continuity_orbit,97,0.1252463768115942,1182,RBC,4.4196911794179054e-05,7.125513908057472e-05,6.897691257250917e-10,-0.4283568484138847,0.28980044895023827,-0.23295736059883296,-0.8235635848846097,87750a68572f4030a1cbef6c102a1c940687d0833e9b424bd4bbffa6f4bbd7e2,fd60717c73e7c122fe0b91946dc87d42b2c32101c0d0e552b017af3a628bb2c8,2
D_restart_continuity_orbit,98,0.1252608695652174,1179,RBC,-2.3107178254456152e-05,-7.986986392752186e-05,8.564052332358184e-09,0.5428111206578801,-0.8318640176548576,-0.043758787997373386,-0.10697435157202975,a195f3d75e884b23bc8989644e863bf6bc6a20b8e4ca0d7e2c0f6498fd436b88,16eff939b9f25029dd470ea1489b3ad84d84e7f75d676719b04da0b64148c105,2
D_restart_continuity_orbit,98,0.1252608695652174,1180,RBC,-5.470378694418522e-05,-4.230988301654977e-05,6.522354154715803e-09,-0.1481935593112852,0.5505434903684479,0.8214946620076691,-0.009330299270915835,01a290ef2ad4033e4c07bbc25c8ff0ea97088bf6e7056be004e487fa688c637c,a21236acd8be75ef8e483406c48dd608b32dc9deae2a3b20eaf4cd2a1c4feb25,2
D_restart_continuity_orbit,98,0.1252608695652174,1181,RBC,-5.1633934388409337e-05,3.0615282424586245e-05,3.6576155816200074e-09,-0.48155331642846433,0.13959760107169575,0.16892631539060257,0.8485769341552537,a082d60157477c8564b01c3eab5c85043d1a3ac290f86ac8ac45b49d83d1ad98,709ad3e97227d723ce3a3a4c0eb8745b0d85ab79a4303af93a769a67e45c6a61,2
D_restart_continuity_orbit,98,0.1252608695652174,1182,RBC,4.4196911794179054e-05,7.125513908057472e-05,1.0520879663049678e-09,-0.4283568484138847,0.28980044895023827,-0.23295736059883296,-0.8235635848846097,87750a68572f4030a1cbef6c102a1c940687d0833e9b424bd4bbffa6f4bbd7e2,fd60717c73e7c122fe0b91946dc87d42b2c32101c0d0e552b017af3a628bb2c8,2
D_restart_continuity_orbit,99,0.12527536231884057,1179,RBC,-2.3107178254456152e-05,-7.986986392752186e-05,8.92637117293738e-09,0.5428111206578801,-0.8318640176548576,-0.043758787997373386,-0.10697435157202975,a195f3d75e884b23bc8989644e863bf6bc6a20b8e4ca0d7e2c0f6498fd436b88,16eff939b9f25029dd470ea1489b3ad84d84e7f75d676719b04da0b64148c105,2
D_restart_continuity_orbit,99,0.12527536231884057,1180,RBC,-5.470378694418522e-05,-4.230988301654977e-05,6.884672995294985e-09,-0.1481935593112852,0.5505434903684479,0.8214946620076691,-0.009330299270915835,01a290ef2ad4033e4c07bbc25c8ff0ea97088bf6e7056be004e487fa688c637c,a21236acd8be75ef8e483406c48dd608b32dc9deae2a3b20eaf4cd2a1c4feb25,2
D_restart_continuity_orbit,99,0.12527536231884057,1181,RBC,-5.1633934388409337e-05,3.0615282424586245e-05,4.0199344221991896e-09,-0.48155331642846433,0.13959760107169575,0.16892631539060257,0.8485769341552537,a082d60157477c8564b01c3eab5c85043d1a3ac290f86ac8ac45b49d83d1ad98,709ad3e97227d723ce3a3a4c0eb8745b0d85ab79a4303af93a769a67e45c6a61,2
D_restart_continuity_orbit,99,0.12527536231884057,1182,RBC,4.4196911794179054e-05,7.125513908057472e-05,1.4144068068841497e-09,-0.4283568484138847,0.28980044895023827,-0.23295736059883296,-0.8235635848846097,87750a68572f4030a1cbef6c102a1c940687d0833e9b424bd4bbffa6f4bbd7e2,fd60717c73e7c122fe0b91946dc87d42b2c32101c0d0e552b017af3a628bb2c8,2
D_restart_continuity_orbit,100,0.12528985507246376,1179,RBC,-2.3107178254456152e-05,-7.986986392752186e-05,9.288690013517268e-09,0.5428111206578801,-0.8318640176548576,-0.043758787997373386,-0.10697435157202975,a195f3d75e884b23bc8989644e863bf6bc6a20b8e4ca0d7e2c0f6498fd436b88,16eff939b9f25029dd470ea1489b3ad84d84e7f75d676719b04da0b64148c105,2
D_restart_continuity_orbit,100,0.12528985507246376,1180,RBC,-5.470378694418522e-05,-4.230988301654977e-05,7.246991835874861e-09,-0.1481935593112852,0.5505434903684479,0.8214946620076691,-0.009330299270915835,01a290ef2ad4033e4c07bbc25c8ff0ea97088bf6e7056be004e487fa688c637c,a21236acd8be75ef8e483406c48dd608b32dc9deae2a3b20eaf4cd2a1c4feb25,2
D_restart_continuity_orbit,100,0.12528985507246376,1181,RBC,-5.1633934388409337e-05,3.0615282424586245e-05,4.382253262779066e-09,-0.48155331642846433,0.13959760107169575,0.16892631539060257,0.8485769341552537,a082d60157477c8564b01c3eab5c85043d1a3ac290f86ac8ac45b49d83d1ad98,709ad3e97227d723ce3a3a4c0eb8745b0d85ab79a4303af93a769a67e45c6a61,2
D_restart_continuity_orbit,100,0.12528985507246376,1182,RBC,4.4196911794179054e-05,7.125513908057472e-05,1.776725647464026e-09,-0.4283568484138847,0.28980044895023827,-0.23295736059883296,-0.8235635848846097,87750a68572f4030a1cbef6c102a1c940687d0833e9b424bd4bbffa6f4bbd7e2,fd60717c73e7c122fe0b91946dc87d42b2c32101c0d0e552b017af3a628bb2c8,2
D_restart_continuity_orbit,101,0.12530434782608696,1179,RBC,-2.3107178254456152e-05,-7.986986392752186e-05,9.651008854097156e-09,0.5428111206578801,-0.8318640176548576,-0.043758787997373386,-0.10697435157202975,a195f3d75e884b23bc8989644e863bf6bc6a20b8e4ca0d7e2c0f6498fd436b88,16eff939b9f25029dd470ea1489b3ad84d84e7f75d676719b04da0b64148c105,2
D_restart_continuity_orbit,101,0.12530434782608696,1180,RBC,-5.470378694418522e-05,-4.230988301654977e-05,7.609310676454738e-09,-0.1481935593112852,0.5505434903684479,0.8214946620076691,-0.009330299270915835,01a290ef2ad4033e4c07bbc25c8ff0ea97088bf6e7056be004e487fa688c637c,a21236acd8be75ef8e483406c48dd608b32dc9deae2a3b20eaf4cd2a1c4feb25,2
D_restart_continuity_orbit,101,0.12530434782608696,1181,RBC,-5.1633934388409337e-05,3.0615282424586245e-05,4.744572103358942e-09,-0.48155331642846433,0.13959760107169575,0.16892631539060257,0.8485769341552537,a082d60157477c8564b01c3eab5c85043d1a3ac290f86ac8ac45b49d83d1ad98,709ad3e97227d723ce3a3a4c0eb8745b0d85ab79a4303af93a769a67e45c6a61,2
D_restart_continuity_orbit,101,0.12530434782608696,1182,RBC,4.4196911794179054e-05,7.125513908057472e-05,2.139044488043902e-09,-0.4283568484138847,0.28980044895023827,-0.23295736059883296,-0.8235635848846097,87750a68572f4030a1cbef6c102a1c940687d0833e9b424bd4bbffa6f4bbd7e2,fd60717c73e7c122fe0b91946dc87d42b2c32101c0d0e552b017af3a628bb2c8,2
D_restart_continuity_orbit,102,0.12531884057971016,1180,RBC,-5.470378694418522e-05,-4.230988301654977e-05,7.971629517034613e-09,-0.1481935593112852,0.5505434903684479,0.8214946620076691,-0.009330299270915835,01a290ef2ad4033e4c07bbc25c8ff0ea97088bf6e7056be004e487fa688c637c,a21236acd8be75ef8e483406c48dd608b32dc9deae2a3b20eaf4cd2a1c4feb25,2
D_restart_continuity_orbit,102,0.12531884057971016,1181,RBC,-5.1633934388409337e-05,3.0615282424586245e-05,5.106890943938818e-09,-0.48155331642846433,0.13959760107169575,0.16892631539060257,0.8485769341552537,a082d60157477c8564b01c3eab5c85043d1a3ac290f86ac8ac45b49d83d1ad98,709ad3e97227d723ce3a3a4c0eb8745b0d85ab79a4303af93a769a67e45c6a61,2
D_restart_continuity_orbit,102,0.12531884057971016,1182,RBC,4.4196911794179054e-05,7.125513908057472e-05,2.501363328623778e-09,-0.4283568484138847,0.28980044895023827,-0.23295736059883296,-0.8235635848846097,87750a68572f4030a1cbef6c102a1c940687d0833e9b424bd4bbffa6f4bbd7e2,fd60717c73e7c122fe0b91946dc87d42b2c32101c0d0e552b017af3a628bb2c8,2
D_restart_continuity_orbit,102,0.12531884057971016,1183,RBC,-8.039332591536924e-05,3.701791675126758e-06,2.4145229839259563e-10,-0.8027744678790154,-0.07366068515227338,0.025396402035277564,-0.5911702630783485,98e5030770e07482b2fb4b98918f7d2ad043a94cc0cf141c7f8539d1b584536b,723a4c6e1851b3f2c19ded9f6ce09e3770a1f43b251944429d7c108ef2d9f91f,2
D_restart_continuity_orbit,103,0.12533333333333332,1180,RBC,-5.470378694418522e-05,-4.230988301654977e-05,8.333948357613795e-09,-0.1481935593112852,0.5505434903684479,0.8214946620076691,-0.009330299270915835,01a290ef2ad4033e4c07bbc25c8ff0ea97088bf6e7056be004e487fa688c637c,a21236acd8be75ef8e483406c48dd608b32dc9deae2a3b20eaf4cd2a1c4feb25,2
D_restart_continuity_orbit,103,0.12533333333333332,1181,RBC,-5.1633934388409337e-05,3.0615282424586245e-05,5.469209784518e-09,-0.48155331642846433,0.13959760107169575,0.16892631539060257,0.8485769341552537,a082d60157477c8564b01c3eab5c85043d1a3ac290f86ac8ac45b49d83d1ad98,709ad3e97227d723ce3a3a4c0eb8745b0d85ab79a4303af93a769a67e45c6a61,2
D_restart_continuity_orbit,103,0.12533333333333332,1182,RBC,4.4196911794179054e-05,7.125513908057472e-05,2.8636821692029603e-09,-0.4283568484138847,0.28980044895023827,-0.23295736059883296,-0.8235635848846097,87750a68572f4030a1cbef6c102a1c940687d0833e9b424bd4bbffa6f4bbd7e2,fd60717c73e7c122fe0b91946dc87d42b2c32101c0d0e552b017af3a628bb2c8,2
D_restart_continuity_orbit,103,0.12533333333333332,1183,RBC,-8.039332591536924e-05,3.701791675126758e-06,6.037711389717778e-10,-0.8027744678790154,-0.07366068515227338,0.025396402035277564,-0.5911702630783485,98e5030770e07482b2fb4b98918f7d2ad043a94cc0cf141c7f8539d1b584536b,723a4c6e1851b3f2c19ded9f6ce09e3770a1f43b251944429d7c108ef2d9f91f,2
D_restart_continuity_orbit,104,0.12534782608695652,1180,RBC,-5.470378694418522e-05,-4.230988301654977e-05,8.696267198193672e-09,-0.1481935593112852,0.5505434903684479,0.8214946620076691,-0.009330299270915835,01a290ef2ad4033e4c07bbc25c8ff0ea97088bf6e7056be004e487fa688c637c,a21236acd8be75ef8e483406c48dd608b32dc9deae2a3b20eaf4cd2a1c4feb25,2
D_restart_continuity_orbit,104,0.12534782608695652,1181,RBC,-5.1633934388409337e-05,3.0615282424586245e-05,5.831528625097876e-09,-0.48155331642846433,0.13959760107169575,0.16892631539060257,0.8485769341552537,a082d60157477c8564b01c3eab5c85043d1a3ac290f86ac8ac45b49d83d1ad98,709ad3e97227d723ce3a3a4c0eb8745b0d85ab79a4303af93a769a67e45c6a61,2
D_restart_continuity_orbit,104,0.12534782608695652,1182,RBC,4.4196911794179054e-05,7.125513908057472e-05,3.226001009782836e-09,-0.4283568484138847,0.28980044895023827,-0.23295736059883296,-0.8235635848846097,87750a68572f4030a1cbef6c102a1c940687d0833e9b424bd4bbffa6f4bbd7e2,fd60717c73e7c122fe0b91946dc87d42b2c32101c0d0e552b017af3a628bb2c8,2
D_restart_continuity_orbit,104,0.12534782608695652,1183,RBC,-8.039332591536924e-05,3.701791675126758e-06,9.660899795516539e-10,-0.8027744678790154,-0.07366068515227338,0.025396402035277564,-0.5911702630783485,98e5030770e07482b2fb4b98918f7d2ad043a94cc0cf141c7f8539d1b584536b,723a4c6e1851b3f2c19ded9f6ce09e3770a1f43b251944429d7c108ef2d9f91f,2
D_restart_continuity_orbit,105,0.12536231884057972,1180,RBC,-5.470378694418522e-05,-4.230988301654977e-05,9.058586038773548e-09,-0.1481935593112852,0.5505434903684479,0.8214946620076691,-0.009330299270915835,01a290ef2ad4033e4c07bbc25c8ff0ea97088bf6e7056be004e487fa688c637c,a21236acd8be75ef8e483406c48dd608b32dc9deae2a3b20eaf4cd2a1c4feb25,2
D_restart_continuity_orbit,105,0.12536231884057972,1181,RBC,-5.1633934388409337e-05,3.0615282424586245e-05,6.193847465677752e-09,-0.48155331642846433,0.13959760107169575,0.16892631539060257,0.8485769341552537,a082d60157477c8564b01c3eab5c85043d1a3ac290f86ac8ac45b49d83d1ad98,709ad3e97227d723ce3a3a4c0eb8745b0d85ab79a4303af93a769a67e45c6a61,2
D_restart_continuity_orbit,105,0.12536231884057972,1182,RBC,4.4196911794179054e-05,7.125513908057472e-05,3.5883198503627123e-09,-0.4283568484138847,0.28980044895023827,-0.23295736059883296,-0.8235635848846097,87750a68572f4030a1cbef6c102a1c940687d0833e9b424bd4bbffa6f4bbd7e2,fd60717c73e7c122fe0b91946dc87d42b2c32101c0d0e552b017af3a628bb2c8,2
D_restart_continuity_orbit,105,0.12536231884057972,1183,RBC,-8.039332591536924e-05,3.701791675126758e-06,1.32840882013153e-09,-0.8027744678790154,-0.07366068515227338,0.025396402035277564,-0.5911702630783485,98e5030770e07482b2fb4b98918f7d2ad043a94cc0cf141c7f8539d1b584536b,723a4c6e1851b3f2c19ded9f6ce09e3770a1f43b251944429d7c108ef2d9f91f,2
D_restart_continuity_orbit,106,0.12537681159420289,1180,RBC,-5.470378694418522e-05,-4.230988301654977e-05,9.42090487935273e-09,-0.1481935593112852,0.5505434903684479,0.8214946620076691,-0.009330299270915835,01a290ef2ad4033e4c07bbc25c8ff0ea97088bf6e7056be004e487fa688c637c,a21236acd8be75ef8e483406c48dd608b32dc9deae2a3b20eaf4cd2a1c4feb25,2
D_restart_continuity_orbit,106,0.12537681159420289,1181,RBC,-5.1633934388409337e-05,3.0615282424586245e-05,6.556166306256934e-09,-0.48155331642846433,0.13959760107169575,0.16892631539060257,0.8485769341552537,a082d60157477c8564b01c3eab5c85043d1a3ac290f86ac8ac45b49d83d1ad98,709ad3e97227d723ce3a3a4c0eb8745b0d85ab79a4303af93a769a67e45c6a61,2
D_restart_continuity_orbit,106,0.12537681159420289,1182,RBC,4.4196911794179054e-05,7.125513908057472e-05,3.950638690941895e-09,-0.4283568484138847,0.28980044895023827,-0.23295736059883296,-0.8235635848846097,87750a68572f4030a1cbef6c102a1c940687d0833e9b424bd4bbffa6f4bbd7e2,fd60717c73e7c122fe0b91946dc87d42b2c32101c0d0e552b017af3a628bb2c8,2
D_restart_continuity_orbit,106,0.12537681159420289,1183,RBC,-8.039332591536924e-05,3.701791675126758e-06,1.6907276607107123e-09,-0.8027744678790154,-0.07366068515227338,0.025396402035277564,-0.5911702630783485,98e5030770e07482b2fb4b98918f7d2ad043a94cc0cf141c7f8539d1b584536b,723a4c6e1851b3f2c19ded9f6ce09e3770a1f43b251944429d7c108ef2d9f91f,2
D_restart_continuity_orbit,107,0.12539130434782608,1180,RBC,-5.470378694418522e-05,-4.230988301654977e-05,9.783223719932605e-09,-0.1481935593112852,0.5505434903684479,0.8214946620076691,-0.009330299270915835,01a290ef2ad4033e4c07bbc25c8ff0ea97088bf6e7056be004e487fa688c637c,a21236acd8be75ef8e483406c48dd608b32dc9deae2a3b20eaf4cd2a1c4feb25,2
D_restart_continuity_orbit,107,0.12539130434782608,1181,RBC,-5.1633934388409337e-05,3.0615282424586245e-05,6.91848514683681e-09,-0.48155331642846433,0.13959760107169575,0.16892631539060257,0.8485769341552537,a082d60157477c8564b01c3eab5c85043d1a3ac290f86ac8ac45b49d83d1ad98,709ad3e97227d723ce3a3a4c0eb8745b0d85ab79a4303af93a769a67e45c6a61,2
D_restart_continuity_orbit,107,0.12539130434782608,1182,RBC,4.4196911794179054e-05,7.125513908057472e-05,4.31295753152177e-09,-0.4283568484138847,0.28980044895023827,-0.23295736059883296,-0.8235635848846097,87750a68572f4030a1cbef6c102a1c940687d0833e9b424bd4bbffa6f4bbd7e2,fd60717c73e7c122fe0b91946dc87d42b2c32101c0d0e552b017af3a628bb2c8,2
D_restart_continuity_orbit,107,0.12539130434782608,1183,RBC,-8.039332591536924e-05,3.701791675126758e-06,2.0530465012905885e-09,-0.8027744678790154,-0.07366068515227338,0.025396402035277564,-0.5911702630783485,98e5030770e07482b2fb4b98918f7d2ad043a94cc0cf141c7f8539d1b584536b,723a4c6e1851b3f2c19ded9f6ce09e3770a1f43b251944429d7c108ef2d9f91f,2
D_restart_continuity_orbit,108,0.12540579710144928,1181,RBC,-5.1633934388409337e-05,3.0615282424586245e-05,7.2808039874166865e-09,-0.48155331642846433,0.13959760107169575,0.16892631539060257,0.8485769341552537,a082d60157477c8564b01c3eab5c85043d1a3ac290f86ac8ac45b49d83d1ad98,709ad3e97227d723ce3a3a4c0eb8745b0d85ab79a4303af93a769a67e45c6a61,2
D_restart_continuity_orbit,108,0.12540579710144928,1182,RBC,4.4196911794179054e-05,7.125513908057472e-05,4.6752763721016465e-09,-0.4283568484138847,0.28980044895023827,-0.23295736059883296,-0.8235635848846097,87750a68572f4030a1cbef6c102a1c940687d0833e9b424bd4bbffa6f4bbd7e2,fd60717c73e7c122fe0b91946dc87d42b2c32101c0d0e552b017af3a628bb2c8,2
D_restart_continuity_orbit,108,0.12540579710144928,1183,RBC,-8.039332591536924e-05,3.701791675126758e-06,2.4153653418704643e-09,-0.8027744678790154,-0.07366068515227338,0.025396402035277564,-0.5911702630783485,98e5030770e07482b2fb4b98918f7d2ad043a94cc0cf141c7f8539d1b584536b,723a4c6e1851b3f2c19ded9f6ce09e3770a1f43b251944429d7c108ef2d9f91f,2
D_restart_continuity_orbit,109,0.12542028985507248,1181,RBC,-5.1633934388409337e-05,3.0615282424586245e-05,7.643122827996562e-09,-0.48155331642846433,0.13959760107169575,0.16892631539060257,0.8485769341552537,a082d60157477c8564b01c3eab5c85043d1a3ac290f86ac8ac45b49d83d1ad98,709ad3e97227d723ce3a3a4c0eb8745b0d85ab79a4303af93a769a67e45c6a61,2
D_restart_continuity_orbit,109,0.12542028985507248,1182,RBC,4.4196911794179054e-05,7.125513908057472e-05,5.037595212681523e-09,-0.4283568484138847,0.28980044895023827,-0.23295736059883296,-0.8235635848846097,87750a68572f4030a1cbef6c102a1c940687d0833e9b424bd4bbffa6f4bbd7e2,fd60717c73e7c122fe0b91946dc87d42b2c32101c0d0e552b017af3a628bb2c8,2
D_restart_continuity_orbit,109,0.12542028985507248,1183,RBC,-8.039332591536924e-05,3.701791675126758e-06,2.77768418245034e-09,-0.8027744678790154,-0.07366068515227338,0.025396402035277564,-0.5911702630783485,98e5030770e07482b2fb4b98918f7d2ad043a94cc0cf141c7f8539d1b584536b,723a4c6e1851b3f2c19ded9f6ce09e3770a1f43b251944429d7c108ef2d9f91f,2
D_restart_continuity_orbit,109,0.12542028985507248,1184,RBC,-7.9509832058097e-05,5.982153459023289e-05,3.121085240246873e-10,-0.40197853555506313,0.6028950347829763,0.4837151987361813,-0.4908670293456848,b49f25ea91f437c4977b7cf7d0d6e91cbef2ceefedfdcb26e54ec5e2adc6e42d,3d2658040def42c53dbc80ab24f3edd7192e717f130fda1ba328d4931eb361d1,2
D_restart_continuity_orbit,110,0.12543478260869564,1181,RBC,-5.1633934388409337e-05,3.0615282424586245e-05,8.005441668575744e-09,-0.48155331642846433,0.13959760107169575,0.16892631539060257,0.8485769341552537,a082d60157477c8564b01c3eab5c85043d1a3ac290f86ac8ac45b49d83d1ad98,709ad3e97227d723ce3a3a4c0eb8745b0d85ab79a4303af93a769a67e45c6a61,2
D_restart_continuity_orbit,110,0.12543478260869564,1182,RBC,4.4196911794179054e-05,7.125513908057472e-05,5.399914053260705e-09,-0.4283568484138847,0.28980044895023827,-0.23295736059883296,-0.8235635848846097,87750a68572f4030a1cbef6c102a1c940687d0833e9b424bd4bbffa6f4bbd7e2,fd60717c73e7c122fe0b91946dc87d42b2c32101c0d0e552b017af3a628bb2c8,2
D_restart_continuity_orbit,110,0.12543478260869564,1183,RBC,-8.039332591536924e-05,3.701791675126758e-06,3.1400030230295222e-09,-0.8027744678790154,-0.07366068515227338,0.025396402035277564,-0.5911702630783485,98e5030770e07482b2fb4b98918f7d2ad043a94cc0cf141c7f8539d1b584536b,723a4c6e1851b3f2c19ded9f6ce09e3770a1f43b251944429d7c108ef2d9f91f,2
D_restart_continuity_orbit,110,0.12543478260869564,1184,RBC,-7.9509832058097e-05,5.982153459023289e-05,6.744273646038696e-10,-0.40197853555506313,0.6028950347829763,0.4837151987361813,-0.4908670293456848,b49f25ea91f437c4977b7cf7d0d6e91cbef2ceefedfdcb26e54ec5e2adc6e42d,3d2658040def42c53dbc80ab24f3edd7192e717f130fda1ba328d4931eb361d1,2
D_restart_continuity_orbit,111,0.12544927536231884,1181,RBC,-5.1633934388409337e-05,3.0615282424586245e-05,8.367760509155621e-09,-0.48155331642846433,0.13959760107169575,0.16892631539060257,0.8485769341552537,a082d60157477c8564b01c3eab5c85043d1a3ac290f86ac8ac45b49d83d1ad98,709ad3e97227d723ce3a3a4c0eb8745b0d85ab79a4303af93a769a67e45c6a61,2
D_restart_continuity_orbit,111,0.12544927536231884,1182,RBC,4.4196911794179054e-05,7.125513908057472e-05,5.762232893840581e-09,-0.4283568484138847,0.28980044895023827,-0.23295736059883296,-0.8235635848846097,87750a68572f4030a1cbef6c102a1c940687d0833e9b424bd4bbffa6f4bbd7e2,fd60717c73e7c122fe0b91946dc87d42b2c32101c0d0e552b017af3a628bb2c8,2
D_restart_continuity_orbit,111,0.12544927536231884,1183,RBC,-8.039332591536924e-05,3.701791675126758e-06,3.5023218636093984e-09,-0.8027744678790154,-0.07366068515227338,0.025396402035277564,-0.5911702630783485,98e5030770e07482b2fb4b98918f7d2ad043a94cc0cf141c7f8539d1b584536b,723a4c6e1851b3f2c19ded9f6ce09e3770a1f43b251944429d7c108ef2d9f91f,2
D_restart_continuity_orbit,111,0.12544927536231884,1184,RBC,-7.9509832058097e-05,5.982153459023289e-05,1.0367462051837457e-09,-0.40197853555506313,0.6028950347829763,0.4837151987361813,-0.4908670293456848,b49f25ea91f437c4977b7cf7d0d6e91cbef2ceefedfdcb26e54ec5e2adc6e42d,3d2658040def42c53dbc80ab24f3edd7192e717f130fda1ba328d4931eb361d1,2
D_restart_continuity_orbit,112,0.12546376811594204,1181,RBC,-5.1633934388409337e-05,3.0615282424586245e-05,8.730079349735496e-09,-0.48155331642846433,0.13959760107169575,0.16892631539060257,0.8485769341552537,a082d60157477c8564b01c3eab5c85043d1a3ac290f86ac8ac45b49d83d1ad98,709ad3e97227d723ce3a3a4c0eb8745b0d85ab79a4303af93a769a67e45c6a61,2
D_restart_continuity_orbit,112,0.12546376811594204,1182,RBC,4.4196911794179054e-05,7.125513908057472e-05,6.124551734420457e-09,-0.4283568484138847,0.28980044895023827,-0.23295736059883296,-0.8235635848846097,87750a68572f4030a1cbef6c102a1c940687d0833e9b424bd4bbffa6f4bbd7e2,fd60717c73e7c122fe0b91946dc87d42b2c32101c0d0e552b017af3a628bb2c8,2
D_restart_continuity_orbit,112,0.12546376811594204,1183,RBC,-8.039332591536924e-05,3.701791675126758e-06,3.864640704189275e-09,-0.8027744678790154,-0.07366068515227338,0.025396402035277564,-0.5911702630783485,98e5030770e07482b2fb4b98918f7d2ad043a94cc0cf141c7f8539d1b584536b,723a4c6e1851b3f2c19ded9f6ce09e3770a1f43b251944429d7c108ef2d9f91f,2
D_restart_continuity_orbit,112,0.12546376811594204,1184,RBC,-7.9509832058097e-05,5.982153459023289e-05,1.3990650457636217e-09,-0.40197853555506313,0.6028950347829763,0.4837151987361813,-0.4908670293456848,b49f25ea91f437c4977b7cf7d0d6e91cbef2ceefedfdcb26e54ec5e2adc6e42d,3d2658040def42c53dbc80ab24f3edd7192e717f130fda1ba328d4931eb361d1,2
D_restart_continuity_orbit,113,0.1254782608695652,1181,RBC,-5.1633934388409337e-05,3.0615282424586245e-05,9.092398190314679e-09,-0.48155331642846433,0.13959760107169575,0.16892631539060257,0.8485769341552537,a082d60157477c8564b01c3eab5c85043d1a3ac290f86ac8ac45b49d83d1ad98,709ad3e97227d723ce3a3a4c0eb8745b0d85ab79a4303af93a769a67e45c6a61,2
D_restart_continuity_orbit,113,0.1254782608695652,1182,RBC,4.4196911794179054e-05,7.125513908057472e-05,6.4868705749996395e-09,-0.4283568484138847,0.28980044895023827,-0.23295736059883296,-0.8235635848846097,87750a68572f4030a1cbef6c102a1c940687d0833e9b424bd4bbffa6f4bbd7e2,fd60717c73e7c122fe0b91946dc87d42b2c32101c0d0e552b017af3a628bb2c8,2
D_restart_continuity_orbit,113,0.1254782608695652,1183,RBC,-8.039332591536924e-05,3.701791675126758e-06,4.226959544768457e-09,-0.8027744678790154,-0.07366068515227338,0.025396402035277564,-0.5911702630783485,98e5030770e07482b2fb4b98918f7d2ad043a94cc0cf141c7f8539d1b584536b,723a4c6e1851b3f2c19ded9f6ce09e3770a1f43b251944429d7c108ef2d9f91f,2
D_restart_continuity_orbit,113,0.1254782608695652,1184,RBC,-7.9509832058097e-05,5.982153459023289e-05,1.7613838863428039e-09,-0.40197853555506313,0.6028950347829763,0.4837151987361813,-0.4908670293456848,b49f25ea91f437c4977b7cf7d0d6e91cbef2ceefedfdcb26e54ec5e2adc6e42d,3d2658040def42c53dbc80ab24f3edd7192e717f130fda1ba328d4931eb361d1,2
D_restart_continuity_orbit,114,0.1254927536231884,1181,RBC,-5.1633934388409337e-05,3.0615282424586245e-05,9.454717030894556e-09,-0.48155331642846433,0.13959760107169575,0.16892631539060257,0.8485769341552537,a082d60157477c8564b01c3eab5c85043d1a3ac290f86ac8ac45b49d83d1ad98,709ad3e97227d723ce3a3a4c0eb8745b0d85ab79a4303af93a769a67e45c6a61,2
D_restart_continuity_orbit,114,0.1254927536231884,1182,RBC,4.4196911794179054e-05,7.125513908057472e-05,6.849189415579516e-09,-0.4283568484138847,0.28980044895023827,-0.23295736059883296,-0.8235635848846097,87750a68572f4030a1cbef6c102a1c940687d0833e9b424bd4bbffa6f4bbd7e2,fd60717c73e7c122fe0b91946dc87d42b2c32101c0d0e552b017af3a628bb2c8,2
D_restart_continuity_orbit,114,0.1254927536231884,1183,RBC,-8.039332591536924e-05,3.701791675126758e-06,4.5892783853483334e-09,-0.8027744678790154,-0.07366068515227338,0.025396402035277564,-0.5911702630783485,98e5030770e07482b2fb4b98918f7d2ad043a94cc0cf141c7f8539d1b584536b,723a4c6e1851b3f2c19ded9f6ce09e3770a1f43b251944429d7c108ef2d9f91f,2
D_restart_continuity_orbit,114,0.1254927536231884,1184,RBC,-7.9509832058097e-05,5.982153459023289e-05,2.12370272692268e-09,-0.40197853555506313,0.6028950347829763,0.4837151987361813,-0.4908670293456848,b49f25ea91f437c4977b7cf7d0d6e91cbef2ceefedfdcb26e54ec5e2adc6e42d,3d2658040def42c53dbc80ab24f3edd7192e717f130fda1ba328d4931eb361d1,2
D_restart_continuity_orbit,115,0.1255072463768116,1181,RBC,-5.1633934388409337e-05,3.0615282424586245e-05,9.817035871474431e-09,-0.48155331642846433,0.13959760107169575,0.16892631539060257,0.8485769341552537,a082d60157477c8564b01c3eab5c85043d1a3ac290f86ac8ac45b49d83d1ad98,709ad3e97227d723ce3a3a4c0eb8745b0d85ab79a4303af93a769a67e45c6a61,2
D_restart_continuity_orbit,115,0.1255072463768116,1182,RBC,4.4196911794179054e-05,7.125513908057472e-05,7.211508256159391e-09,-0.4283568484138847,0.28980044895023827,-0.23295736059883296,-0.8235635848846097,87750a68572f4030a1cbef6c102a1c940687d0833e9b424bd4bbffa6f4bbd7e2,fd60717c73e7c122fe0b91946dc87d42b2c32101c0d0e552b017af3a628bb2c8,2
D_restart_continuity_orbit,115,0.1255072463768116,1183,RBC,-8.039332591536924e-05,3.701791675126758e-06,4.95159722592821e-09,-0.8027744678790154,-0.07366068515227338,0.025396402035277564,-0.5911702630783485,98e5030770e07482b2fb4b98918f7d2ad043a94cc0cf141c7f8539d1b584536b,723a4c6e1851b3f2c19ded9f6ce09e3770a1f43b251944429d7c108ef2d9f91f,2
D_restart_continuity_orbit,115,0.1255072463768116,1184,RBC,-7.9509832058097e-05,5.982153459023289e-05,2.486021567502556e-09,-0.40197853555506313,0.6028950347829763,0.4837151987361813,-0.4908670293456848,b49f25ea91f437c4977b7cf7d0d6e91cbef2ceefedfdcb26e54ec5e2adc6e42d,3d2658040def42c53dbc80ab24f3edd7192e717f130fda1ba328d4931eb361d1,2
D_restart_continuity_orbit,116,0.1255217391304348,1182,RBC,4.4196911794179054e-05,7.125513908057472e-05,7.573827096739267e-09,-0.4283568484138847,0.28980044895023827,-0.23295736059883296,-0.8235635848846097,87750a68572f4030a1cbef6c102a1c940687d0833e9b424bd4bbffa6f4bbd7e2,fd60717c73e7c122fe0b91946dc87d42b2c32101c0d0e552b017af3a628bb2c8,2
D_restart_continuity_orbit,116,0.1255217391304348,1183,RBC,-8.039332591536924e-05,3.701791675126758e-06,5.313916066508086e-09,-0.8027744678790154,-0.07366068515227338,0.025396402035277564,-0.5911702630783485,98e5030770e07482b2fb4b98918f7d2ad043a94cc0cf141c7f8539d1b584536b,723a4c6e1851b3f2c19ded9f6ce09e3770a1f43b251944429d7c108ef2d9f91f,2
D_restart_continuity_orbit,116,0.1255217391304348,1184,RBC,-7.9509832058097e-05,5.982153459023289e-05,2.848340408082432e-09,-0.40197853555506313,0.6028950347829763,0.4837151987361813,-0.4908670293456848,b49f25ea91f437c4977b7cf7d0d6e91cbef2ceefedfdcb26e54ec5e2adc6e42d,3d2658040def42c53dbc80ab24f3edd7192e717f130fda1ba328d4931eb361d1,2
D_restart_continuity_orbit,116,0.1255217391304348,1185,RBC,7.102694797028684e-05,4.306156733152433e-06,8.389000577465343e-11,0.24349427261860243,0.7716834252954898,-0.5339809672302809,-0.24511131545069806,f61a829bed77c670865035e6f09ac71d6e40cc1fc5948802ccb1fa81989e8588,e4ed41965bad181822552ddc82c0d7c4107f5cac2843ceff5a5a171a3152ac1b,2
D_restart_continuity_orbit,117,0.12553623188405796,1182,RBC,4.4196911794179054e-05,7.125513908057472e-05,7.93614593731845e-09,-0.4283568484138847,0.28980044895023827,-0.23295736059883296,-0.8235635848846097,87750a68572f4030a1cbef6c102a1c940687d0833e9b424bd4bbffa6f4bbd7e2,fd60717c73e7c122fe0b91946dc87d42b2c32101c0d0e552b017af3a628bb2c8,2
D_restart_continuity_orbit,117,0.12553623188405796,1183,RBC,-8.039332591536924e-05,3.701791675126758e-06,5.676234907087268e-09,-0.8027744678790154,-0.07366068515227338,0.025396402035277564,-0.5911702630783485,98e5030770e07482b2fb4b98918f7d2ad043a94cc0cf141c7f8539d1b584536b,723a4c6e1851b3f2c19ded9f6ce09e3770a1f43b251944429d7c108ef2d9f91f,2
D_restart_continuity_orbit,117,0.12553623188405796,1184,RBC,-7.9509832058097e-05,5.982153459023289e-05,3.2106592486616142e-09,-0.40197853555506313,0.6028950347829763,0.4837151987361813,-0.4908670293456848,b49f25ea91f437c4977b7cf7d0d6e91cbef2ceefedfdcb26e54ec5e2adc6e42d,3d2658040def42c53dbc80ab24f3edd7192e717f130fda1ba328d4931eb361d1,2
D_restart_continuity_orbit,117,0.12553623188405796,1185,RBC,7.102694797028684e-05,4.306156733152433e-06,4.462088463538357e-10,0.24349427261860243,0.7716834252954898,-0.5339809672302809,-0.24511131545069806,f61a829bed77c670865035e6f09ac71d6e40cc1fc5948802ccb1fa81989e8588,e4ed41965bad181822552ddc82c0d7c4107f5cac2843ceff5a5a171a3152ac1b,2
D_restart_continuity_orbit,118,0.12555072463768116,1182,RBC,4.4196911794179054e-05,7.125513908057472e-05,8.298464777898326e-09,-0.4283568484138847,0.28980044895023827,-0.23295736059883296,-0.8235635848846097,87750a68572f4030a1cbef6c102a1c940687d0833e9b424bd4bbffa6f4bbd7e2,fd60717c73e7c122fe0b91946dc87d42b2c32101c0d0e552b017af3a628bb2c8,2
D_restart_continuity_orbit,118,0.12555072463768116,1183,RBC,-8.039332591536924e-05,3.701791675126758e-06,6.0385537476671434e-09,-0.8027744678790154,-0.07366068515227338,0.025396402035277564,-0.5911702630783485,98e5030770e07482b2fb4b98918f7d2ad043a94cc0cf141c7f8539d1b584536b,723a4c6e1851b3f2c19ded9f6ce09e3770a1f43b251944429d7c108ef2d9f91f,2
D_restart_continuity_orbit,118,0.12555072463768116,1184,RBC,-7.9509832058097e-05,5.982153459023289e-05,3.5729780892414904e-09,-0.40197853555506313,0.6028950347829763,0.4837151987361813,-0.4908670293456848,b49f25ea91f437c4977b7cf7d0d6e91cbef2ceefedfdcb26e54ec5e2adc6e42d,3d2658040def42c53dbc80ab24f3edd7192e717f130fda1ba328d4931eb361d1,2
D_restart_continuity_orbit,118,0.12555072463768116,1185,RBC,7.102694797028684e-05,4.306156733152433e-06,8.085276869337117e-10,0.24349427261860243,0.7716834252954898,-0.5339809672302809,-0.24511131545069806,f61a829bed77c670865035e6f09ac71d6e40cc1fc5948802ccb1fa81989e8588,e4ed41965bad181822552ddc82c0d7c4107f5cac2843ceff5a5a171a3152ac1b,2
D_restart_continuity_orbit,119,0.12556521739130436,1182,RBC,4.4196911794179054e-05,7.125513908057472e-05,8.660783618478202e-09,-0.4283568484138847,0.28980044895023827,-0.23295736059883296,-0.8235635848846097,87750a68572f4030a1cbef6c102a1c940687d0833e9b424bd4bbffa6f4bbd7e2,fd60717c73e7c122fe0b91946dc87d42b2c32101c0d0e552b017af3a628bb2c8,2
D_restart_continuity_orbit,119,0.12556521739130436,1183,RBC,-8.039332591536924e-05,3.701791675126758e-06,6.40087258824702e-09,-0.8027744678790154,-0.07366068515227338,0.025396402035277564,-0.5911702630783485,98e5030770e07482b2fb4b98918f7d2ad043a94cc0cf141c7f8539d1b584536b,723a4c6e1851b3f2c19ded9f6ce09e3770a1f43b251944429d7c108ef2d9f91f,2
D_restart_continuity_orbit,119,0.12556521739130436,1184,RBC,-7.9509832058097e-05,5.982153459023289e-05,3.935296929821366e-09,-0.40197853555506313,0.6028950347829763,0.4837151987361813,-0.4908670293456848,b49f25ea91f437c4977b7cf7d0d6e91cbef2ceefedfdcb26e54ec5e2adc6e42d,3d2658040def42c53dbc80ab24f3edd7192e717f130fda1ba328d4931eb361d1,2
D_restart_continuity_orbit,119,0.12556521739130436,1185,RBC,7.102694797028684e-05,4.306156733152433e-06,1.1708465275135877e-09,0.24349427261860243,0.7716834252954898,-0.5339809672302809,-0.24511131545069806,f61a829bed77c670865035e6f09ac71d6e40cc1fc5948802ccb1fa81989e8588,e4ed41965bad181822552ddc82c0d7c4107f5cac2843ceff5a5a171a3152ac1b,2
D_restart_continuity_orbit,120,0.12557971014492753,1182,RBC,4.4196911794179054e-05,7.125513908057472e-05,9.023102459057384e-09,-0.4283568484138847,0.28980044895023827,-0.23295736059883296,-0.8235635848846097,87750a68572f4030a1cbef6c102a1c940687d0833e9b424bd4bbffa6f4bbd7e2,fd60717c73e7c122fe0b91946dc87d42b2c32101c0d0e552b017af3a628bb2c8,2
D_restart_continuity_orbit,120,0.12557971014492753,1183,RBC,-8.039332591536924e-05,3.701791675126758e-06,6.763191428826202e-09,-0.8027744678790154,-0.07366068515227338,0.025396402035277564,-0.5911702630783485,98e5030770e07482b2fb4b98918f7d2ad043a94cc0cf141c7f8539d1b584536b,723a4c6e1851b3f2c19ded9f6ce09e3770a1f43b251944429d7c108ef2d9f91f,2
D_restart_continuity_orbit,120,0.12557971014492753,1184,RBC,-7.9509832058097e-05,5.982153459023289e-05,4.2976157704005484e-09,-0.40197853555506313,0.6028950347829763,0.4837151987361813,-0.4908670293456848,b49f25ea91f437c4977b7cf7d0d6e91cbef2ceefedfdcb26e54ec5e2adc6e42d,3d2658040def42c53dbc80ab24f3edd7192e717f130fda1ba328d4931eb361d1,2
D_restart_continuity_orbit,120,0.12557971014492753,1185,RBC,7.102694797028684e-05,4.306156733152433e-06,1.53316536809277e-09,0.24349427261860243,0.7716834252954898,-0.5339809672302809,-0.24511131545069806,f61a829bed77c670865035e6f09ac71d6e40cc1fc5948802ccb1fa81989e8588,e4ed41965bad181822552ddc82c0d7c4107f5cac2843ceff5a5a171a3152ac1b,2
D_restart_continuity_orbit,121,0.12559420289855072,1182,RBC,4.4196911794179054e-05,7.125513908057472e-05,9.38542129963726e-09,-0.4283568484138847,0.28980044895023827,-0.23295736059883296,-0.8235635848846097,87750a68572f4030a1cbef6c102a1c940687d0833e9b424bd4bbffa6f4bbd7e2,fd60717c73e7c122fe0b91946dc87d42b2c32101c0d0e552b017af3a628bb2c8,2
D_restart_continuity_orbit,121,0.12559420289855072,1183,RBC,-8.039332591536924e-05,3.701791675126758e-06,7.125510269406078e-09,-0.8027744678790154,-0.07366068515227338,0.025396402035277564,-0.5911702630783485,98e5030770e07482b2fb4b98918f7d2ad043a94cc0cf141c7f8539d1b584536b,723a4c6e1851b3f2c19ded9f6ce09e3770a1f43b251944429d7c108ef2d9f91f,2
D_restart_continuity_orbit,121,0.12559420289855072,1184,RBC,-7.9509832058097e-05,5.982153459023289e-05,4.659934610980425e-09,-0.40197853555506313,0.6028950347829763,0.4837151987361813,-0.4908670293456848,b49f25ea91f437c4977b7cf7d0d6e91cbef2ceefedfdcb26e54ec5e2adc6e42d,3d2658040def42c53dbc80ab24f3edd7192e717f130fda1ba328d4931eb361d1,2
D_restart_continuity_orbit,121,0.12559420289855072,1185,RBC,7.102694797028684e-05,4.306156733152433e-06,1.895484208672646e-09,0.24349427261860243,0.7716834252954898,-0.5339809672302809,-0.24511131545069806,f61a829bed77c670865035e6f09ac71d6e40cc1fc5948802ccb1fa81989e8588,e4ed41965bad181822552ddc82c0d7c4107f5cac2843ceff5a5a171a3152ac1b,2
D_restart_continuity_orbit,122,0.12560869565217392,1182,RBC,4.4196911794179054e-05,7.125513908057472e-05,9.747740140217136e-09,-0.4283568484138847,0.28980044895023827,-0.23295736059883296,-0.8235635848846097,87750a68572f4030a1cbef6c102a1c940687d0833e9b424bd4bbffa6f4bbd7e2,fd60717c73e7c122fe0b91946dc87d42b2c32101c0d0e552b017af3a628bb2c8,2
D_restart_continuity_orbit,122,0.12560869565217392,1183,RBC,-8.039332591536924e-05,3.701791675126758e-06,7.487829109985953e-09,-0.8027744678790154,-0.07366068515227338,0.025396402035277564,-0.5911702630783485,98e5030770e07482b2fb4b98918f7d2ad043a94cc0cf141c7f8539d1b584536b,723a4c6e1851b3f2c19ded9f6ce09e3770a1f43b251944429d7c108ef2d9f91f,2
D_restart_continuity_orbit,122,0.12560869565217392,1184,RBC,-7.9509832058097e-05,5.982153459023289e-05,5.022253451560302e-09,-0.40197853555506313,0.6028950347829763,0.4837151987361813,-0.4908670293456848,b49f25ea91f437c4977b7cf7d0d6e91cbef2ceefedfdcb26e54ec5e2adc6e42d,3d2658040def42c53dbc80ab24f3edd7192e717f130fda1ba328d4931eb361d1,2
D_restart_continuity_orbit,122,0.12560869565217392,1185,RBC,7.102694797028684e-05,4.306156733152433e-06,2.2578030492525223e-09,0.24349427261860243,0.7716834252954898,-0.5339809672302809,-0.24511131545069806,f61a829bed77c670865035e6f09ac71d6e40cc1fc5948802ccb1fa81989e8588,e4ed41965bad181822552ddc82c0d7c4107f5cac2843ceff5a5a171a3152ac1b,2
D_restart_continuity_orbit,123,0.12562318840579711,1183,RBC,-8.039332591536924e-05,3.701791675126758e-06,7.85014795056583e-09,-0.8027744678790154,-0.07366068515227338,0.025396402035277564,-0.5911702630783485,98e5030770e07482b2fb4b98918f7d2ad043a94cc0cf141c7f8539d1b584536b,723a4c6e1851b3f2c19ded9f6ce09e3770a1f43b251944429d7c108ef2d9f91f,2
D_restart_continuity_orbit,123,0.12562318840579711,1184,RBC,-7.9509832058097e-05,5.982153459023289e-05,5.384572292140177e-09,-0.40197853555506313,0.6028950347829763,0.4837151987361813,-0.4908670293456848,b49f25ea91f437c4977b7cf7d0d6e91cbef2ceefedfdcb26e54ec5e2adc6e42d,3d2658040def42c53dbc80ab24f3edd7192e717f130fda1ba328d4931eb361d1,2
D_restart_continuity_orbit,123,0.12562318840579711,1185,RBC,7.102694797028684e-05,4.306156733152433e-06,2.620121889832398e-09,0.24349427261860243,0.7716834252954898,-0.5339809672302809,-0.24511131545069806,f61a829bed77c670865035e6f09ac71d6e40cc1fc5948802ccb1fa81989e8588,e4ed41965bad181822552ddc82c0d7c4107f5cac2843ceff5a5a171a3152ac1b,2
D_restart_continuity_orbit,123,0.12562318840579711,1186,RBC,6.400602278582674e-05,-7.767749357661508e-05,2.77503048530498e-10,0.10549256331380624,-0.7001414702323533,0.18980580284531662,0.6801815918948455,5f41a8fff4ba38b9bf2106272326ce8eda78fd868c15881ce6d24e98b5847629,8641324fac08239a553c551a4b4caa086b70f583865ed0533a3808bddf65a2f6,2
D_restart_continuity_orbit,124,0.12563768115942028,1183,RBC,-8.039332591536924e-05,3.701791675126758e-06,8.212466791145013e-09,-0.8027744678790154,-0.07366068515227338,0.025396402035277564,-0.5911702630783485,98e5030770e07482b2fb4b98918f7d2ad043a94cc0cf141c7f8539d1b584536b,723a4c6e1851b3f2c19ded9f6ce09e3770a1f43b251944429d7c108ef2d9f91f,2
D_restart_continuity_orbit,124,0.12563768115942028,1184,RBC,-7.9509832058097e-05,5.982153459023289e-05,5.746891132719359e-09,-0.40197853555506313,0.6028950347829763,0.4837151987361813,-0.4908670293456848,b49f25ea91f437c4977b7cf7d0d6e91cbef2ceefedfdcb26e54ec5e2adc6e42d,3d2658040def42c53dbc80ab24f3edd7192e717f130fda1ba328d4931eb361d1,2
D_restart_continuity_orbit,124,0.12563768115942028,1185,RBC,7.102694797028684e-05,4.306156733152433e-06,2.9824407304115803e-09,0.24349427261860243,0.7716834252954898,-0.5339809672302809,-0.24511131545069806,f61a829bed77c670865035e6f09ac71d6e40cc1fc5948802ccb1fa81989e8588,e4ed41965bad181822552ddc82c0d7c4107f5cac2843ceff5a5a171a3152ac1b,2
D_restart_continuity_orbit,124,0.12563768115942028,1186,RBC,6.400602278582674e-05,-7.767749357661508e-05,6.398218891096802e-10,0.10549256331380624,-0.7001414702323533,0.18980580284531662,0.6801815918948455,5f41a8fff4ba38b9bf2106272326ce8eda78fd868c15881ce6d24e98b5847629,8641324fac08239a553c551a4b4caa086b70f583865ed0533a3808bddf65a2f6,2
D_restart_continuity_orbit,125,0.12565217391304348,1183,RBC,-8.039332591536924e-05,3.701791675126758e-06,8.574785631724888e-09,-0.8027744678790154,-0.07366068515227338,0.025396402035277564,-0.5911702630783485,98e5030770e07482b2fb4b98918f7d2ad043a94cc0cf141c7f8539d1b584536b,723a4c6e1851b3f2c19ded9f6ce09e3770a1f43b251944429d7c108ef2d9f91f,2
D_restart_continuity_orbit,125,0.12565217391304348,1184,RBC,-7.9509832058097e-05,5.982153459023289e-05,6.1092099732992354e-09,-0.40197853555506313,0.6028950347829763,0.4837151987361813,-0.4908670293456848,b49f25ea91f437c4977b7cf7d0d6e91cbef2ceefedfdcb26e54ec5e2adc6e42d,3d2658040def42c53dbc80ab24f3edd7192e717f130fda1ba328d4931eb361d1,2
D_restart_continuity_orbit,125,0.12565217391304348,1185,RBC,7.102694797028684e-05,4.306156733152433e-06,3.3447595709914565e-09,0.24349427261860243,0.7716834252954898,-0.5339809672302809,-0.24511131545069806,f61a829bed77c670865035e6f09ac71d6e40cc1fc5948802ccb1fa81989e8588,e4ed41965bad181822552ddc82c0d7c4107f5cac2843ceff5a5a171a3152ac1b,2
D_restart_continuity_orbit,125,0.12565217391304348,1186,RBC,6.400602278582674e-05,-7.767749357661508e-05,1.0021407296895562e-09,0.10549256331380624,-0.7001414702323533,0.18980580284531662,0.6801815918948455,5f41a8fff4ba38b9bf2106272326ce8eda78fd868c15881ce6d24e98b5847629,8641324fac08239a553c551a4b4caa086b70f583865ed0533a3808bddf65a2f6,2
D_restart_continuity_orbit,126,0.12566666666666668,1183,RBC,-8.039332591536924e-05,3.701791675126758e-06,8.937104472304765e-09,-0.8027744678790154,-0.07366068515227338,0.025396402035277564,-0.5911702630783485,98e5030770e07482b2fb4b98918f7d2ad043a94cc0cf141c7f8539d1b584536b,723a4c6e1851b3f2c19ded9f6ce09e3770a1f43b251944429d7c108ef2d9f91f,2
D_restart_continuity_orbit,126,0.12566666666666668,1184,RBC,-7.9509832058097e-05,5.982153459023289e-05,6.471528813879112e-09,-0.40197853555506313,0.6028950347829763,0.4837151987361813,-0.4908670293456848,b49f25ea91f437c4977b7cf7d0d6e91cbef2ceefedfdcb26e54ec5e2adc6e42d,3d2658040def42c53dbc80ab24f3edd7192e717f130fda1ba328d4931eb361d1,2
D_restart_continuity_orbit,126,0.12566666666666668,1185,RBC,7.102694797028684e-05,4.306156733152433e-06,3.7070784115713323e-09,0.24349427261860243,0.7716834252954898,-0.5339809672302809,-0.24511131545069806,f61a829bed77c670865035e6f09ac71d6e40cc1fc5948802ccb1fa81989e8588,e4ed41965bad181822552ddc82c0d7c4107f5cac2843ceff5a5a171a3152ac1b,2
D_restart_continuity_orbit,126,0.12566666666666668,1186,RBC,6.400602278582674e-05,-7.767749357661508e-05,1.3644595702694324e-09,0.10549256331380624,-0.7001414702323533,0.18980580284531662,0.6801815918948455,5f41a8fff4ba38b9bf2106272326ce8eda78fd868c15881ce6d24e98b5847629,8641324fac08239a553c551a4b4caa086b70f583865ed0533a3808bddf65a2f6,2
D_restart_continuity_orbit,127,0.12568115942028985,1183,RBC,-8.039332591536924e-05,3.701791675126758e-06,9.299423312883947e-09,-0.8027744678790154,-0.07366068515227338,0.025396402035277564,-0.5911702630783485,98e5030770e07482b2fb4b98918f7d2ad043a94cc0cf141c7f8539d1b584536b,723a4c6e1851b3f2c19ded9f6ce09e3770a1f43b251944429d7c108ef2d9f91f,2
D_restart_continuity_orbit,127,0.12568115942028985,1184,RBC,-7.9509832058097e-05,5.982153459023289e-05,6.833847654458294e-09,-0.40197853555506313,0.6028950347829763,0.4837151987361813,-0.4908670293456848,b49f25ea91f437c4977b7cf7d0d6e91cbef2ceefedfdcb26e54ec5e2adc6e42d,3d2658040def42c53dbc80ab24f3edd7192e717f130fda1ba328d4931eb361d1,2
D_restart_continuity_orbit,127,0.12568115942028985,1185,RBC,7.102694797028684e-05,4.306156733152433e-06,4.069397252150515e-09,0.24349427261860243,0.7716834252954898,-0.5339809672302809,-0.24511131545069806,f61a829bed77c670865035e6f09ac71d6e40cc1fc5948802ccb1fa81989e8588,e4ed41965bad181822552ddc82c0d7c4107f5cac2843ceff5a5a171a3152ac1b,2
D_restart_continuity_orbit,127,0.12568115942028985,1186,RBC,6.400602278582674e-05,-7.767749357661508e-05,1.7267784108486146e-09,0.10549256331380624,-0.7001414702323533,0.18980580284531662,0.6801815918948455,5f41a8fff4ba38b9bf2106272326ce8eda78fd868c15881ce6d24e98b5847629,8641324fac08239a553c551a4b4caa086b70f583865ed0533a3808bddf65a2f6,2
D_restart_continuity_orbit,128,0.12569565217391304,1183,RBC,-8.039332591536924e-05,3.701791675126758e-06,9.661742153463823e-09,-0.8027744678790154,-0.07366068515227338,0.025396402035277564,-0.5911702630783485,98e5030770e07482b2fb4b98918f7d2ad043a94cc0cf141c7f8539d1b584536b,723a4c6e1851b3f2c19ded9f6ce09e3770a1f43b251944429d7c108ef2d9f91f,2
D_restart_continuity_orbit,128,0.12569565217391304,1184,RBC,-7.9509832058097e-05,5.982153459023289e-05,7.19616649503817e-09,-0.40197853555506313,0.6028950347829763,0.4837151987361813,-0.4908670293456848,b49f25ea91f437c4977b7cf7d0d6e91cbef2ceefedfdcb26e54ec5e2adc6e42d,3d2658040def42c53dbc80ab24f3edd7192e717f130fda1ba328d4931eb361d1,2
D_restart_continuity_orbit,128,0.12569565217391304,1185,RBC,7.102694797028684e-05,4.306156733152433e-06,4.43171609273039e-09,0.24349427261860243,0.7716834252954898,-0.5339809672302809,-0.24511131545069806,f61a829bed77c670865035e6f09ac71d6e40cc1fc5948802ccb1fa81989e8588,e4ed41965bad181822552ddc82c0d7c4107f5cac2843ceff5a5a171a3152ac1b,2
D_restart_continuity_orbit,128,0.12569565217391304,1186,RBC,6.400602278582674e-05,-7.767749357661508e-05,2.0890972514284906e-09,0.10549256331380624,-0.7001414702323533,0.18980580284531662,0.6801815918948455,5f41a8fff4ba38b9bf2106272326ce8eda78fd868c15881ce6d24e98b5847629,8641324fac08239a553c551a4b4caa086b70f583865ed0533a3808bddf65a2f6,2
D_restart_continuity_orbit,129,0.12571014492753624,1184,RBC,-7.9509832058097e-05,5.982153459023289e-05,7.558485335618046e-09,-0.40197853555506313,0.6028950347829763,0.4837151987361813,-0.4908670293456848,b49f25ea91f437c4977b7cf7d0d6e91cbef2ceefedfdcb26e54ec5e2adc6e42d,3d2658040def42c53dbc80ab24f3edd7192e717f130fda1ba328d4931eb361d1,2
D_restart_continuity_orbit,129,0.12571014492753624,1185,RBC,7.102694797028684e-05,4.306156733152433e-06,4.7940349333102665e-09,0.24349427261860243,0.7716834252954898,-0.5339809672302809,-0.24511131545069806,f61a829bed77c670865035e6f09ac71d6e40cc1fc5948802ccb1fa81989e8588,e4ed41965bad181822552ddc82c0d7c4107f5cac2843ceff5a5a171a3152ac1b,2
D_restart_continuity_orbit,129,0.12571014492753624,1186,RBC,6.400602278582674e-05,-7.767749357661508e-05,2.4514160920083668e-09,0.10549256331380624,-0.7001414702323533,0.18980580284531662,0.6801815918948455,5f41a8fff4ba38b9bf2106272326ce8eda78fd868c15881ce6d24e98b5847629,8641324fac08239a553c551a4b4caa086b70f583865ed0533a3808bddf65a2f6,2
D_restart_continuity_orbit,130,0.12572463768115943,1184,RBC,-7.9509832058097e-05,5.982153459023289e-05,7.920804176197922e-09,-0.40197853555506313,0.6028950347829763,0.4837151987361813,-0.4908670293456848,b49f25ea91f437c4977b7cf7d0d6e91cbef2ceefedfdcb26e54ec5e2adc6e42d,3d2658040def42c53dbc80ab24f3edd7192e717f130fda1ba328d4931eb361d1,2
D_restart_continuity_orbit,130,0.12572463768115943,1185,RBC,7.102694797028684e-05,4.306156733152433e-06,5.1563537738901435e-09,0.24349427261860243,0.7716834252954898,-0.5339809672302809,-0.24511131545069806,f61a829bed77c670865035e6f09ac71d6e40cc1fc5948802ccb1fa81989e8588,e4ed41965bad181822552ddc82c0d7c4107f5cac2843ceff5a5a171a3152ac1b,2
D_restart_continuity_orbit,130,0.12572463768115943,1186,RBC,6.400602278582674e-05,-7.767749357661508e-05,2.8137349325882426e-09,0.10549256331380624,-0.7001414702323533,0.18980580284531662,0.6801815918948455,5f41a8fff4ba38b9bf2106272326ce8eda78fd868c15881ce6d24e98b5847629,8641324fac08239a553c551a4b4caa086b70f583865ed0533a3808bddf65a2f6,2
D_restart_continuity_orbit,130,0.12572463768115943,1187,RBC,-5.769152117401757e-05,-1.1712603395275367e-06,1.1614108078386254e-10,0.43867545570085936,-0.2133063259686865,-0.6672475311692937,0.5628898542484722,a55f4c7b2a59184199c2ec411e592d039d4cf62ce8989989a4a718c8fd3f5af0,4f0be176e28fcffe0531b09f1916e307438651601684f4841e1f4931e9d1240b,2
D_restart_continuity_orbit,131,0.1257391304347826,1184,RBC,-7.9509832058097e-05,5.982153459023289e-05,8.283123016777104e-09,-0.40197853555506313,0.6028950347829763,0.4837151987361813,-0.4908670293456848,b49f25ea91f437c4977b7cf7d0d6e91cbef2ceefedfdcb26e54ec5e2adc6e42d,3d2658040def42c53dbc80ab24f3edd7192e717f130fda1ba328d4931eb361d1,2
D_restart_continuity_orbit,131,0.1257391304347826,1185,RBC,7.102694797028684e-05,4.306156733152433e-06,5.518672614469326e-09,0.24349427261860243,0.7716834252954898,-0.5339809672302809,-0.24511131545069806,f61a829bed77c670865035e6f09ac71d6e40cc1fc5948802ccb1fa81989e8588,e4ed41965bad181822552ddc82c0d7c4107f5cac2843ceff5a5a171a3152ac1b,2
D_restart_continuity_orbit,131,0.1257391304347826,1186,RBC,6.400602278582674e-05,-7.767749357661508e-05,3.1760537731674248e-09,0.10549256331380624,-0.7001414702323533,0.18980580284531662,0.6801815918948455,5f41a8fff4ba38b9bf2106272326ce8eda78fd868c15881ce6d24e98b5847629,8641324fac08239a553c551a4b4caa086b70f583865ed0533a3808bddf65a2f6,2
D_restart_continuity_orbit,131,0.1257391304347826,1187,RBC,-5.769152117401757e-05,-1.1712603395275367e-06,4.784599213630699e-10,0.43867545570085936,-0.2133063259686865,-0.6672475311692937,0.5628898542484722,a55f4c7b2a59184199c2ec411e592d039d4cf62ce8989989a4a718c8fd3f5af0,4f0be176e28fcffe0531b09f1916e307438651601684f4841e1f4931e9d1240b,2
D_restart_continuity_orbit,132,0.1257536231884058,1184,RBC,-7.9509832058097e-05,5.982153459023289e-05,8.64544185735698e-09,-0.40197853555506313,0.6028950347829763,0.4837151987361813,-0.4908670293456848,b49f25ea91f437c4977b7cf7d0d6e91cbef2ceefedfdcb26e54ec5e2adc6e42d,3d2658040def42c53dbc80ab24f3edd7192e717f130fda1ba328d4931eb361d1,2
D_restart_continuity_orbit,132,0.1257536231884058,1185,RBC,7.102694797028684e-05,4.306156733152433e-06,5.880991455049202e-09,0.24349427261860243,0.7716834252954898,-0.5339809672302809,-0.24511131545069806,f61a829bed77c670865035e6f09ac71d6e40cc1fc5948802ccb1fa81989e8588,e4ed41965bad181822552ddc82c0d7c4107f5cac2843ceff5a5a171a3152ac1b,2
D_restart_continuity_orbit,132,0.1257536231884058,1186,RBC,6.400602278582674e-05,-7.767749357661508e-05,3.538372613747301e-09,0.10549256331380624,-0.7001414702323533,0.18980580284531662,0.6801815918948455,5f41a8fff4ba38b9bf2106272326ce8eda78fd868c15881ce6d24e98b5847629,8641324fac08239a553c551a4b4caa086b70f583865ed0533a3808bddf65a2f6,2
D_restart_continuity_orbit,132,0.1257536231884058,1187,RBC,-5.769152117401757e-05,-1.1712603395275367e-06,8.407787619429711e-10,0.43867545570085936,-0.2133063259686865,-0.6672475311692937,0.5628898542484722,a55f4c7b2a59184199c2ec411e592d039d4cf62ce8989989a4a718c8fd3f5af0,4f0be176e28fcffe0531b09f1916e307438651601684f4841e1f4931e9d1240b,2
D_restart_continuity_orbit,133,0.125768115942029,1184,RBC,-7.9509832058097e-05,5.982153459023289e-05,9.007760697936856e-09,-0.40197853555506313,0.6028950347829763,0.4837151987361813,-0.4908670293456848,b49f25ea91f437c4977b7cf7d0d6e91cbef2ceefedfdcb26e54ec5e2adc6e42d,3d2658040def42c53dbc80ab24f3edd7192e717f130fda1ba328d4931eb361d1,2
D_restart_continuity_orbit,133,0.125768115942029,1185,RBC,7.102694797028684e-05,4.306156733152433e-06,6.243310295629078e-09,0.24349427261860243,0.7716834252954898,-0.5339809672302809,-0.24511131545069806,f61a829bed77c670865035e6f09ac71d6e40cc1fc5948802ccb1fa81989e8588,e4ed41965bad181822552ddc82c0d7c4107f5cac2843ceff5a5a171a3152ac1b,2
D_restart_continuity_orbit,133,0.125768115942029,1186,RBC,6.400602278582674e-05,-7.767749357661508e-05,3.900691454327177e-09,0.10549256331380624,-0.7001414702323533,0.18980580284531662,0.6801815918948455,5f41a8fff4ba38b9bf2106272326ce8eda78fd868c15881ce6d24e98b5847629,8641324fac08239a553c551a4b4caa086b70f583865ed0533a3808bddf65a2f6,2
D_restart_continuity_orbit,133,0.125768115942029,1187,RBC,-5.769152117401757e-05,-1.1712603395275367e-06,1.2030976025228723e-09,0.43867545570085936,-0.2133063259686865,-0.6672475311692937,0.5628898542484722,a55f4c7b2a59184199c2ec411e592d039d4cf62ce8989989a4a718c8fd3f5af0,4f0be176e28fcffe0531b09f1916e307438651601684f4841e1f4931e9d1240b,2
D_restart_continuity_orbit,134,0.12578260869565216,1184,RBC,-7.9509832058097e-05,5.982153459023289e-05,9.370079538516038e-09,-0.40197853555506313,0.6028950347829763,0.4837151987361813,-0.4908670293456848,b49f25ea91f437c4977b7cf7d0d6e91cbef2ceefedfdcb26e54ec5e2adc6e42d,3d2658040def42c53dbc80ab24f3edd7192e717f130fda1ba328d4931eb361d1,2
D_restart_continuity_orbit,134,0.12578260869565216,1185,RBC,7.102694797028684e-05,4.306156733152433e-06,6.60562913620826e-09,0.24349427261860243,0.7716834252954898,-0.5339809672302809,-0.24511131545069806,f61a829bed77c670865035e6f09ac71d6e40cc1fc5948802ccb1fa81989e8588,e4ed41965bad181822552ddc82c0d7c4107f5cac2843ceff5a5a171a3152ac1b,2
D_restart_continuity_orbit,134,0.12578260869565216,1186,RBC,6.400602278582674e-05,-7.767749357661508e-05,4.263010294906359e-09,0.10549256331380624,-0.7001414702323533,0.18980580284531662,0.6801815918948455,5f41a8fff4ba38b9bf2106272326ce8eda78fd868c15881ce6d24e98b5847629,8641324fac08239a553c551a4b4caa086b70f583865ed0533a3808bddf65a2f6,2
D_restart_continuity_orbit,134,0.12578260869565216,1187,RBC,-5.769152117401757e-05,-1.1712603395275367e-06,1.5654164431020795e-09,0.43867545570085936,-0.2133063259686865,-0.6672475311692937,0.5628898542484722,a55f4c7b2a59184199c2ec411e592d039d4cf62ce8989989a4a718c8fd3f5af0,4f0be176e28fcffe0531b09f1916e307438651601684f4841e1f4931e9d1240b,2
D_restart_continuity_orbit,135,0.12579710144927536,1184,RBC,-7.9509832058097e-05,5.982153459023289e-05,9.732398379095915e-09,-0.40197853555506313,0.6028950347829763,0.4837151987361813,-0.4908670293456848,b49f25ea91f437c4977b7cf7d0d6e91cbef2ceefedfdcb26e54ec5e2adc6e42d,3d2658040def42c53dbc80ab24f3edd7192e717f130fda1ba328d4931eb361d1,2
D_restart_continuity_orbit,135,0.12579710144927536,1185,RBC,7.102694797028684e-05,4.306156733152433e-06,6.967947976788136e-09,0.24349427261860243,0.7716834252954898,-0.5339809672302809,-0.24511131545069806,f61a829bed77c670865035e6f09ac71d6e40cc1fc5948802ccb1fa81989e8588,e4ed41965bad181822552ddc82c0d7c4107f5cac2843ceff5a5a171a3152ac1b,2
D_restart_continuity_orbit,135,0.12579710144927536,1186,RBC,6.400602278582674e-05,-7.767749357661508e-05,4.625329135486235e-09,0.10549256331380624,-0.7001414702323533,0.18980580284531662,0.6801815918948455,5f41a8fff4ba38b9bf2106272326ce8eda78fd868c15881ce6d24e98b5847629,8641324fac08239a553c551a4b4caa086b70f583865ed0533a3808bddf65a2f6,2
D_restart_continuity_orbit,135,0.12579710144927536,1187,RBC,-5.769152117401757e-05,-1.1712603395275367e-06,1.927735283681981e-09,0.43867545570085936,-0.2133063259686865,-0.6672475311692937,0.5628898542484722,a55f4c7b2a59184199c2ec411e592d039d4cf62ce8989989a4a718c8fd3f5af0,4f0be176e28fcffe0531b09f1916e307438651601684f4841e1f4931e9d1240b,2
D_restart_continuity_orbit,136,0.12581159420289856,1185,RBC,7.102694797028684e-05,4.306156733152433e-06,7.330266817368012e-09,0.24349427261860243,0.7716834252954898,-0.5339809672302809,-0.24511131545069806,f61a829bed77c670865035e6f09ac71d6e40cc1fc5948802ccb1fa81989e8588,e4ed41965bad181822552ddc82c0d7c4107f5cac2843ceff5a5a171a3152ac1b,2
D_restart_continuity_orbit,136,0.12581159420289856,1186,RBC,6.400602278582674e-05,-7.767749357661508e-05,4.987647976066111e-09,0.10549256331380624,-0.7001414702323533,0.18980580284531662,0.6801815918948455,5f41a8fff4ba38b9bf2106272326ce8eda78fd868c15881ce6d24e98b5847629,8641324fac08239a553c551a4b4caa086b70f583865ed0533a3808bddf65a2f6,2
D_restart_continuity_orbit,136,0.12581159420289856,1187,RBC,-5.769152117401757e-05,-1.1712603395275367e-06,2.2900541242618824e-09,0.43867545570085936,-0.2133063259686865,-0.6672475311692937,0.5628898542484722,a55f4c7b2a59184199c2ec411e592d039d4cf62ce8989989a4a718c8fd3f5af0,4f0be176e28fcffe0531b09f1916e307438651601684f4841e1f4931e9d1240b,2
D_restart_continuity_orbit,137,0.12582608695652173,1185,RBC,7.102694797028684e-05,4.306156733152433e-06,7.692585657947195e-09,0.24349427261860243,0.7716834252954898,-0.5339809672302809,-0.24511131545069806,f61a829bed77c670865035e6f09ac71d6e40cc1fc5948802ccb1fa81989e8588,e4ed41965bad181822552ddc82c0d7c4107f5cac2843ceff5a5a171a3152ac1b,2
D_restart_continuity_orbit,137,0.12582608695652173,1186,RBC,6.400602278582674e-05,-7.767749357661508e-05,5.349966816645294e-09,0.10549256331380624,-0.7001414702323533,0.18980580284531662,0.6801815918948455,5f41a8fff4ba38b9bf2106272326ce8eda78fd868c15881ce6d24e98b5847629,8641324fac08239a553c551a4b4caa086b70f583865ed0533a3808bddf65a2f6,2
D_restart_continuity_orbit,137,0.12582608695652173,1187,RBC,-5.769152117401757e-05,-1.1712603395275367e-06,2.6523729648410894e-09,0.43867545570085936,-0.2133063259686865,-0.6672475311692937,0.5628898542484722,a55f4c7b2a59184199c2ec411e592d039d4cf62ce8989989a4a718c8fd3f5af0,4f0be176e28fcffe0531b09f1916e307438651601684f4841e1f4931e9d1240b,2
D_restart_continuity_orbit,138,0.12584057971014492,1185,RBC,7.102694797028684e-05,4.306156733152433e-06,8.05490449852707e-09,0.24349427261860243,0.7716834252954898,-0.5339809672302809,-0.24511131545069806,f61a829bed77c670865035e6f09ac71d6e40cc1fc5948802ccb1fa81989e8588,e4ed41965bad181822552ddc82c0d7c4107f5cac2843ceff5a5a171a3152ac1b,2
D_restart_continuity_orbit,138,0.12584057971014492,1186,RBC,6.400602278582674e-05,-7.767749357661508e-05,5.7122856572251706e-09,0.10549256331380624,-0.7001414702323533,0.18980580284531662,0.6801815918948455,5f41a8fff4ba38b9bf2106272326ce8eda78fd868c15881ce6d24e98b5847629,8641324fac08239a553c551a4b4caa086b70f583865ed0533a3808bddf65a2f6,2
D_restart_continuity_orbit,138,0.12584057971014492,1187,RBC,-5.769152117401757e-05,-1.1712603395275367e-06,3.0146918054209904e-09,0.43867545570085936,-0.2133063259686865,-0.6672475311692937,0.5628898542484722,a55f4c7b2a59184199c2ec411e592d039d4cf62ce8989989a4a718c8fd3f5af0,4f0be176e28fcffe0531b09f1916e307438651601684f4841e1f4931e9d1240b,2
D_restart_continuity_orbit,138,0.12584057971014492,1188,RBC,4.537568477386395e-06,2.4090416117717914e-06,1.5303476614755401e-10,0.8477869143766034,0.02623514206796848,-0.4622877733571369,-0.25857122758917217,fdc2dc8e67c7ed1a0268fb67c1a1a9d972d789ceab56af28c719c2d83949927e,08a5529a2b0a51ba1d91dd8599087557c0bf6e29a6997fdc76b2d1478a19f393,2
D_restart_continuity_orbit,139,0.12585507246376812,1185,RBC,7.102694797028684e-05,4.306156733152433e-06,8.417223339106946e-09,0.24349427261860243,0.7716834252954898,-0.5339809672302809,-0.24511131545069806,f61a829bed77c670865035e6f09ac71d6e40cc1fc5948802ccb1fa81989e8588,e4ed41965bad181822552ddc82c0d7c4107f5cac2843ceff5a5a171a3152ac1b,2
D_restart_continuity_orbit,139,0.12585507246376812,1186,RBC,6.400602278582674e-05,-7.767749357661508e-05,6.074604497805046e-09,0.10549256331380624,-0.7001414702323533,0.18980580284531662,0.6801815918948455,5f41a8fff4ba38b9bf2106272326ce8eda78fd868c15881ce6d24e98b5847629,8641324fac08239a553c551a4b4caa086b70f583865ed0533a3808bddf65a2f6,2
D_restart_continuity_orbit,139,0.12585507246376812,1187,RBC,-5.769152117401757e-05,-1.1712603395275367e-06,3.377010646000892e-09,0.43867545570085936,-0.2133063259686865,-0.6672475311692937,0.5628898542484722,a55f4c7b2a59184199c2ec411e592d039d4cf62ce8989989a4a718c8fd3f5af0,4f0be176e28fcffe0531b09f1916e307438651601684f4841e1f4931e9d1240b,2
D_restart_continuity_orbit,139,0.12585507246376812,1188,RBC,4.537568477386395e-06,2.4090416117717914e-06,5.153536067274553e-10,0.8477869143766034,0.02623514206796848,-0.4622877733571369,-0.25857122758917217,fdc2dc8e67c7ed1a0268fb67c1a1a9d972d789ceab56af28c719c2d83949927e,08a5529a2b0a51ba1d91dd8599087557c0bf6e29a6997fdc76b2d1478a19f393,2
D_restart_continuity_orbit,140,0.12586956521739132,1185,RBC,7.102694797028684e-05,4.306156733152433e-06,8.779542179686823e-09,0.24349427261860243,0.7716834252954898,-0.5339809672302809,-0.24511131545069806,f61a829bed77c670865035e6f09ac71d6e40cc1fc5948802ccb1fa81989e8588,e4ed41965bad181822552ddc82c0d7c4107f5cac2843ceff5a5a171a3152ac1b,2
D_restart_continuity_orbit,140,0.12586956521739132,1186,RBC,6.400602278582674e-05,-7.767749357661508e-05,6.436923338384922e-09,0.10549256331380624,-0.7001414702323533,0.18980580284531662,0.6801815918948455,5f41a8fff4ba38b9bf2106272326ce8eda78fd868c15881ce6d24e98b5847629,8641324fac08239a553c551a4b4caa086b70f583865ed0533a3808bddf65a2f6,2
D_restart_continuity_orbit,140,0.12586956521739132,1187,RBC,-5.769152117401757e-05,-1.1712603395275367e-06,3.739329486580793e-09,0.43867545570085936,-0.2133063259686865,-0.6672475311692937,0.5628898542484722,a55f4c7b2a59184199c2ec411e592d039d4cf62ce8989989a4a718c8fd3f5af0,4f0be176e28fcffe0531b09f1916e307438651601684f4841e1f4931e9d1240b,2
D_restart_continuity_orbit,140,0.12586956521739132,1188,RBC,4.537568477386395e-06,2.4090416117717914e-06,8.776724473073565e-10,0.8477869143766034,0.02623514206796848,-0.4622877733571369,-0.25857122758917217,fdc2dc8e67c7ed1a0268fb67c1a1a9d972d789ceab56af28c719c2d83949927e,08a5529a2b0a51ba1d91dd8599087557c0bf6e29a6997fdc76b2d1478a19f393,2
D_restart_continuity_orbit,141,0.12588405797101448,1185,RBC,7.102694797028684e-05,4.306156733152433e-06,9.141861020266005e-09,0.24349427261860243,0.7716834252954898,-0.5339809672302809,-0.24511131545069806,f61a829bed77c670865035e6f09ac71d6e40cc1fc5948802ccb1fa81989e8588,e4ed41965bad181822552ddc82c0d7c4107f5cac2843ceff5a5a171a3152ac1b,2
D_restart_continuity_orbit,141,0.12588405797101448,1186,RBC,6.400602278582674e-05,-7.767749357661508e-05,6.799242178964104e-09,0.10549256331380624,-0.7001414702323533,0.18980580284531662,0.6801815918948455,5f41a8fff4ba38b9bf2106272326ce8eda78fd868c15881ce6d24e98b5847629,8641324fac08239a553c551a4b4caa086b70f583865ed0533a3808bddf65a2f6,2
D_restart_continuity_orbit,141,0.12588405797101448,1187,RBC,-5.769152117401757e-05,-1.1712603395275367e-06,4.10164832716e-09,0.43867545570085936,-0.2133063259686865,-0.6672475311692937,0.5628898542484722,a55f4c7b2a59184199c2ec411e592d039d4cf62ce8989989a4a718c8fd3f5af0,4f0be176e28fcffe0531b09f1916e307438651601684f4841e1f4931e9d1240b,2
D_restart_continuity_orbit,141,0.12588405797101448,1188,RBC,4.537568477386395e-06,2.4090416117717914e-06,1.2399912878865638e-09,0.8477869143766034,0.02623514206796848,-0.4622877733571369,-0.25857122758917217,fdc2dc8e67c7ed1a0268fb67c1a1a9d972d789ceab56af28c719c2d83949927e,08a5529a2b0a51ba1d91dd8599087557c0bf6e29a6997fdc76b2d1478a19f393,2
D_restart_continuity_orbit,142,0.12589855072463768,1185,RBC,7.102694797028684e-05,4.306156733152433e-06,9.50417986084588e-09,0.24349427261860243,0.7716834252954898,-0.5339809672302809,-0.24511131545069806,f61a829bed77c670865035e6f09ac71d6e40cc1fc5948802ccb1fa81989e8588,e4ed41965bad181822552ddc82c0d7c4107f5cac2843ceff5a5a171a3152ac1b,2
D_restart_continuity_orbit,142,0.12589855072463768,1186,RBC,6.400602278582674e-05,-7.767749357661508e-05,7.1615610195439805e-09,0.10549256331380624,-0.7001414702323533,0.18980580284531662,0.6801815918948455,5f41a8fff4ba38b9bf2106272326ce8eda78fd868c15881ce6d24e98b5847629,8641324fac08239a553c551a4b4caa086b70f583865ed0533a3808bddf65a2f6,2
D_restart_continuity_orbit,142,0.12589855072463768,1187,RBC,-5.769152117401757e-05,-1.1712603395275367e-06,4.463967167739902e-09,0.43867545570085936,-0.2133063259686865,-0.6672475311692937,0.5628898542484722,a55f4c7b2a59184199c2ec411e592d039d4cf62ce8989989a4a718c8fd3f5af0,4f0be176e28fcffe0531b09f1916e307438651601684f4841e1f4931e9d1240b,2
D_restart_continuity_orbit,142,0.12589855072463768,1188,RBC,4.537568477386395e-06,2.4090416117717914e-06,1.602310128466465e-09,0.8477869143766034,0.02623514206796848,-0.4622877733571369,-0.25857122758917217,fdc2dc8e67c7ed1a0268fb67c1a1a9d972d789ceab56af28c719c2d83949927e,08a5529a2b0a51ba1d91dd8599087557c0bf6e29a6997fdc76b2d1478a19f393,2
D_restart_continuity_orbit,143,0.12591304347826088,1185,RBC,7.102694797028684e-05,4.306156733152433e-06,9.866498701425757e-09,0.24349427261860243,0.7716834252954898,-0.5339809672302809,-0.24511131545069806,f61a829bed77c670865035e6f09ac71d6e40cc1fc5948802ccb1fa81989e8588,e4ed41965bad181822552ddc82c0d7c4107f5cac2843ceff5a5a171a3152ac1b,2
D_restart_continuity_orbit,143,0.12591304347826088,1186,RBC,6.400602278582674e-05,-7.767749357661508e-05,7.523879860123858e-09,0.10549256331380624,-0.7001414702323533,0.18980580284531662,0.6801815918948455,5f41a8fff4ba38b9bf2106272326ce8eda78fd868c15881ce6d24e98b5847629,8641324fac08239a553c551a4b4caa086b70f583865ed0533a3808bddf65a2f6,2
D_restart_continuity_orbit,143,0.12591304347826088,1187,RBC,-5.769152117401757e-05,-1.1712603395275367e-06,4.826286008319803e-09,0.43867545570085936,-0.2133063259686865,-0.6672475311692937,0.5628898542484722,a55f4c7b2a59184199c2ec411e592d039d4cf62ce8989989a4a718c8fd3f5af0,4f0be176e28fcffe0531b09f1916e307438651601684f4841e1f4931e9d1240b,2
D_restart_continuity_orbit,143,0.12591304347826088,1188,RBC,4.537568477386395e-06,2.4090416117717914e-06,1.964628969046366e-09,0.8477869143766034,0.02623514206796848,-0.4622877733571369,-0.25857122758917217,fdc2dc8e67c7ed1a0268fb67c1a1a9d972d789ceab56af28c719c2d83949927e,08a5529a2b0a51ba1d91dd8599087557c0bf6e29a6997fdc76b2d1478a19f393,2
D_restart_continuity_orbit,144,0.12592753623188405,1186,RBC,6.400602278582674e-05,-7.767749357661508e-05,7.886198700703038e-09,0.10549256331380624,-0.7001414702323533,0.18980580284531662,0.6801815918948455,5f41a8fff4ba38b9bf2106272326ce8eda78fd868c15881ce6d24e98b5847629,8641324fac08239a553c551a4b4caa086b70f583865ed0533a3808bddf65a2f6,2
D_restart_continuity_orbit,144,0.12592753623188405,1187,RBC,-5.769152117401757e-05,-1.1712603395275367e-06,5.18860484889901e-09,0.43867545570085936,-0.2133063259686865,-0.6672475311692937,0.5628898542484722,a55f4c7b2a59184199c2ec411e592d039d4cf62ce8989989a4a718c8fd3f5af0,4f0be176e28fcffe0531b09f1916e307438651601684f4841e1f4931e9d1240b,2
D_restart_continuity_orbit,144,0.12592753623188405,1188,RBC,4.537568477386395e-06,2.4090416117717914e-06,2.3269478096255735e-09,0.8477869143766034,0.02623514206796848,-0.4622877733571369,-0.25857122758917217,fdc2dc8e67c7ed1a0268fb67c1a1a9d972d789ceab56af28c719c2d83949927e,08a5529a2b0a51ba1d91dd8599087557c0bf6e29a6997fdc76b2d1478a19f393,2
D_restart_continuity_orbit,145,0.12594202898550724,1186,RBC,6.400602278582674e-05,-7.767749357661508e-05,8.248517541282915e-09,0.10549256331380624,-0.7001414702323533,0.18980580284531662,0.6801815918948455,5f41a8fff4ba38b9bf2106272326ce8eda78fd868c15881ce6d24e98b5847629,8641324fac08239a553c551a4b4caa086b70f583865ed0533a3808bddf65a2f6,2
D_restart_continuity_orbit,145,0.12594202898550724,1187,RBC,-5.769152117401757e-05,-1.1712603395275367e-06,5.550923689478912e-09,0.43867545570085936,-0.2133063259686865,-0.6672475311692937,0.5628898542484722,a55f4c7b2a59184199c2ec411e592d039d4cf62ce8989989a4a718c8fd3f5af0,4f0be176e28fcffe0531b09f1916e307438651601684f4841e1f4931e9d1240b,2
D_restart_continuity_orbit,145,0.12594202898550724,1188,RBC,4.537568477386395e-06,2.4090416117717914e-06,2.6892666502054745e-09,0.8477869143766034,0.02623514206796848,-0.4622877733571369,-0.25857122758917217,fdc2dc8e67c7ed1a0268fb67c1a1a9d972d789ceab56af28c719c2d83949927e,08a5529a2b0a51ba1d91dd8599087557c0bf6e29a6997fdc76b2d1478a19f393,2
D_restart_continuity_orbit,145,0.12594202898550724,1189,RBC,7.62266486513172e-05,-8.93582466673488e-05,6.168644793649692e-11,-0.16552712593369945,0.6218329187145091,-0.5497825505511722,0.5326009189745844,dc0dc39319955c3f256c3309eae9515ba6574a11434fa78fccdfec5a7d1c5ffe,738951b33091215c8c218f333349ab7042f83fefa674690bee48448c633c0135,2
D_restart_continuity_orbit,146,0.12595652173913044,1186,RBC,6.400602278582674e-05,-7.767749357661508e-05,8.61083638186279e-09,0.10549256331380624,-0.7001414702323533,0.18980580284531662,0.6801815918948455,5f41a8fff4ba38b9bf2106272326ce8eda78fd868c15881ce6d24e98b5847629,8641324fac08239a553c551a4b4caa086b70f583865ed0533a3808bddf65a2f6,2
D_restart_continuity_orbit,146,0.12595652173913044,1187,RBC,-5.769152117401757e-05,-1.1712603395275367e-06,5.913242530058812e-09,0.43867545570085936,-0.2133063259686865,-0.6672475311692937,0.5628898542484722,a55f4c7b2a59184199c2ec411e592d039d4cf62ce8989989a4a718c8fd3f5af0,4f0be176e28fcffe0531b09f1916e307438651601684f4841e1f4931e9d1240b,2
D_restart_continuity_orbit,146,0.12595652173913044,1188,RBC,4.537568477386395e-06,2.4090416117717914e-06,3.0515854907853763e-09,0.8477869143766034,0.02623514206796848,-0.4622877733571369,-0.25857122758917217,fdc2dc8e67c7ed1a0268fb67c1a1a9d972d789ceab56af28c719c2d83949927e,08a5529a2b0a51ba1d91dd8599087557c0bf6e29a6997fdc76b2d1478a19f393,2
D_restart_continuity_orbit,146,0.12595652173913044,1189,RBC,7.62266486513172e-05,-8.93582466673488e-05,4.2400528851639814e-10,-0.16552712593369945,0.6218329187145091,-0.5497825505511722,0.5326009189745844,dc0dc39319955c3f256c3309eae9515ba6574a11434fa78fccdfec5a7d1c5ffe,738951b33091215c8c218f333349ab7042f83fefa674690bee48448c633c0135,2
D_restart_continuity_orbit,147,0.12597101449275364,1186,RBC,6.400602278582674e-05,-7.767749357661508e-05,8.973155222442668e-09,0.10549256331380624,-0.7001414702323533,0.18980580284531662,0.6801815918948455,5f41a8fff4ba38b9bf2106272326ce8eda78fd868c15881ce6d24e98b5847629,8641324fac08239a553c551a4b4caa086b70f583865ed0533a3808bddf65a2f6,2
D_restart_continuity_orbit,147,0.12597101449275364,1187,RBC,-5.769152117401757e-05,-1.1712603395275367e-06,6.275561370638714e-09,0.43867545570085936,-0.2133063259686865,-0.6672475311692937,0.5628898542484722,a55f4c7b2a59184199c2ec411e592d039d4cf62ce8989989a4a718c8fd3f5af0,4f0be176e28fcffe0531b09f1916e307438651601684f4841e1f4931e9d1240b,2
D_restart_continuity_orbit,147,0.12597101449275364,1188,RBC,4.537568477386395e-06,2.4090416117717914e-06,3.4139043313652773e-09,0.8477869143766034,0.02623514206796848,-0.4622877733571369,-0.25857122758917217,fdc2dc8e67c7ed1a0268fb67c1a1a9d972d789ceab56af28c719c2d83949927e,08a5529a2b0a51ba1d91dd8599087557c0bf6e29a6997fdc76b2d1478a19f393,2
D_restart_continuity_orbit,147,0.12597101449275364,1189,RBC,7.62266486513172e-05,-8.93582466673488e-05,7.863241290962994e-10,-0.16552712593369945,0.6218329187145091,-0.5497825505511722,0.5326009189745844,dc0dc39319955c3f256c3309eae9515ba6574a11434fa78fccdfec5a7d1c5ffe,738951b33091215c8c218f333349ab7042f83fefa674690bee48448c633c0135,2
D_restart_continuity_orbit,148,0.1259855072463768,1186,RBC,6.400602278582674e-05,-7.767749357661508e-05,9.33547406302185e-09,0.10549256331380624,-0.7001414702323533,0.18980580284531662,0.6801815918948455,5f41a8fff4ba38b9bf2106272326ce8eda78fd868c15881ce6d24e98b5847629,8641324fac08239a553c551a4b4caa086b70f583865ed0533a3808bddf65a2f6,2
D_restart_continuity_orbit,148,0.1259855072463768,1187,RBC,-5.769152117401757e-05,-1.1712603395275367e-06,6.637880211217922e-09,0.43867545570085936,-0.2133063259686865,-0.6672475311692937,0.5628898542484722,a55f4c7b2a59184199c2ec411e592d039d4cf62ce8989989a4a718c8fd3f5af0,4f0be176e28fcffe0531b09f1916e307438651601684f4841e1f4931e9d1240b,2
D_restart_continuity_orbit,148,0.1259855072463768,1188,RBC,4.537568477386395e-06,2.4090416117717914e-06,3.776223171944485e-09,0.8477869143766034,0.02623514206796848,-0.4622877733571369,-0.25857122758917217,fdc2dc8e67c7ed1a0268fb67c1a1a9d972d789ceab56af28c719c2d83949927e,08a5529a2b0a51ba1d91dd8599087557c0bf6e29a6997fdc76b2d1478a19f393,2
D_restart_continuity_orbit,148,0.1259855072463768,1189,RBC,7.62266486513172e-05,-8.93582466673488e-05,1.1486429696755066e-09,-0.16552712593369945,0.6218329187145091,-0.5497825505511722,0.5326009189745844,dc0dc39319955c3f256c3309eae9515ba6574a11434fa78fccdfec5a7d1c5ffe,738951b33091215c8c218f333349ab7042f83fefa674690bee48448c633c0135,2
D_restart_continuity_orbit,149,0.126,1186,RBC,6.400602278582674e-05,-7.767749357661508e-05,9.697792903601725e-09,0.10549256331380624,-0.7001414702323533,0.18980580284531662,0.6801815918948455,5f41a8fff4ba38b9bf2106272326ce8eda78fd868c15881ce6d24e98b5847629,8641324fac08239a553c551a4b4caa086b70f583865ed0533a3808bddf65a2f6,2
D_restart_continuity_orbit,149,0.126,1187,RBC,-5.769152117401757e-05,-1.1712603395275367e-06,7.000199051797822e-09,0.43867545570085936,-0.2133063259686865,-0.6672475311692937,0.5628898542484722,a55f4c7b2a59184199c2ec411e592d039d4cf62ce8989989a4a718c8fd3f5af0,4f0be176e28fcffe0531b09f1916e307438651601684f4841e1f4931e9d1240b,2
D_restart_continuity_orbit,149,0.126,1188,RBC,4.537568477386395e-06,2.4090416117717914e-06,4.138542012524386e-09,0.8477869143766034,0.02623514206796848,-0.4622877733571369,-0.25857122758917217,fdc2dc8e67c7ed1a0268fb67c1a1a9d972d789ceab56af28c719c2d83949927e,08a5529a2b0a51ba1d91dd8599087557c0bf6e29a6997fdc76b2d1478a19f393,2
D_restart_continuity_orbit,149,0.126,1189,RBC,7.62266486513172e-05,-8.93582466673488e-05,1.5109618102554079e-09,-0.16552712593369945,0.6218329187145091,-0.5497825505511722,0.5326009189745844,dc0dc39319955c3f256c3309eae9515ba6574a11434fa78fccdfec5a7d1c5ffe,738951b33091215c8c218f333349ab7042f83fefa674690bee48448c633c0135,2
D_restart_continuity_orbit,150,0.25,2355,RBC,-9.147284066620618e-05,-1.474608378717007e-05,7.863337430964458e-09,-0.843975119840055,0.42833316564426105,-0.29986848392435833,0.11964776909344262,4308162755876cf817150d66534c3c3e3055410f50a809215eb6ff1c342cc4c6,214928f2a3cd37d78b287a432130c9cfd5f44bfdcec12e65627d82dd61ce6d51,2
D_restart_continuity_orbit,150,0.25,2356,RBC,-6.708611380623717e-05,-2.8688262673479776e-05,6.119533444000765e-09,0.14462515932421938,-0.7501050546705691,-0.31965390758769385,0.5605776927527751,a1eae14d4691a1e1958389fc3b5d10b5a75b1f90052637bf8f99b252185a0548,5588b781b87845163245e97aa58f1675cf459971e75b16bbff7c36d256e0d0d9,2
D_restart_continuity_orbit,150,0.25,2357,RBC,5.8455520202098e-05,1.2826084336926334e-05,3.354450655156523e-09,0.39442550529202064,-0.7853529928654663,-0.23957171592825685,0.41261918314540297,2dce26cf142aecd672d52be594bd3ae31cb46571cde125eabe54b06e73d99994,1097195a46528d045042ae2cbbc4a6c77c815cd78eecf65f4fa6e02aa3a7e11b,2
D_restart_continuity_orbit,150,0.25,2358,RBC,-9.313940298018407e-06,-3.435577437969072e-05,4.5757978115734674e-10,0.5621664743463548,0.33774182196066876,-0.5779411178179258,-0.4856782691814031,e8cd6bd15d553730baf05a749282d4f0b1ea96242157daff79bdab72aca79c6c,41a28188cc6828920b4186fe088e062befa8eeafabe2fbef27c594f58acf2cdd,2
D_restart_continuity_orbit,151,0.25,2355,RBC,-9.147284066620618e-05,-1.474608378717007e-05,7.863337430964458e-09,-0.843975119840055,0.42833316564426105,-0.29986848392435833,0.11964776909344262,4308162755876cf817150d66534c3c3e3055410f50a809215eb6ff1c342cc4c6,214928f2a3cd37d78b287a432130c9cfd5f44bfdcec12e65627d82dd61ce6d51,2
D_restart_continuity_orbit,151,0.25,2356,RBC,-6.708611380623717e-05,-2.8688262673479776e-05,6.119533444000765e-09,0.14462515932421938,-0.7501050546705691,-0.31965390758769385,0.5605776927527751,a1eae14d4691a1e1958389fc3b5d10b5a75b1f90052637bf8f99b252185a0548,5588b781b87845163245e97aa58f1675cf459971e75b16bbff7c36d256e0d0d9,2
D_restart_continuity_orbit,151,0.25,2357,RBC,5.8455520202098e-05,1.2826084336926334e-05,3.354450655156523e-09,0.39442550529202064,-0.7853529928654663,-0.23957171592825685,0.41261918314540297,2dce26cf142aecd672d52be594bd3ae31cb46571cde125eabe54b06e73d99994,1097195a46528d045042ae2cbbc4a6c77c815cd78eecf65f4fa6e02aa3a7e11b,2
D_restart_continuity_orbit,151,0.25,2358,RBC,-9.313940298018407e-06,-3.435577437969072e-05,4.5757978115734674e-10,0.5621664743463548,0.33774182196066876,-0.5779411178179258,-0.4856782691814031,e8cd6bd15d553730baf05a749282d4f0b1ea96242157daff79bdab72aca79c6c,41a28188cc6828920b4186fe088e062befa8eeafabe2fbef27c594f58acf2cdd,2
D_restart_continuity_orbit,152,0.25,2355,RBC,-9.147284066620618e-05,-1.474608378717007e-05,7.863337430964458e-09,-0.843975119840055,0.42833316564426105,-0.29986848392435833,0.11964776909344262,4308162755876cf817150d66534c3c3e3055410f50a809215eb6ff1c342cc4c6,214928f2a3cd37d78b287a432130c9cfd5f44bfdcec12e65627d82dd61ce6d51,2
D_restart_continuity_orbit,152,0.25,2356,RBC,-6.708611380623717e-05,-2.8688262673479776e-05,6.119533444000765e-09,0.14462515932421938,-0.7501050546705691,-0.31965390758769385,0.5605776927527751,a1eae14d4691a1e1958389fc3b5d10b5a75b1f90052637bf8f99b252185a0548,5588b781b87845163245e97aa58f1675cf459971e75b16bbff7c36d256e0d0d9,2
D_restart_continuity_orbit,152,0.25,2357,RBC,5.8455520202098e-05,1.2826084336926334e-05,3.354450655156523e-09,0.39442550529202064,-0.7853529928654663,-0.23957171592825685,0.41261918314540297,2dce26cf142aecd672d52be594bd3ae31cb46571cde125eabe54b06e73d99994,1097195a46528d045042ae2cbbc4a6c77c815cd78eecf65f4fa6e02aa3a7e11b,2
D_restart_continuity_orbit,152,0.25,2358,RBC,-9.313940298018407e-06,-3.435577437969072e-05,4.5757978115734674e-10,0.5621664743463548,0.33774182196066876,-0.5779411178179258,-0.4856782691814031,e8cd6bd15d553730baf05a749282d4f0b1ea96242157daff79bdab72aca79c6c,41a28188cc6828920b4186fe088e062befa8eeafabe2fbef27c594f58acf2cdd,2
D_restart_continuity_orbit,153,0.25,2355,RBC,-9.147284066620618e-05,-1.474608378717007e-05,7.863337430964458e-09,-0.843975119840055,0.42833316564426105,-0.29986848392435833,0.11964776909344262,4308162755876cf817150d66534c3c3e3055410f50a809215eb6ff1c342cc4c6,214928f2a3cd37d78b287a432130c9cfd5f44bfdcec12e65627d82dd61ce6d51,2
D_restart_continuity_orbit,153,0.25,2356,RBC,-6.708611380623717e-05,-2.8688262673479776e-05,6.119533444000765e-09,0.14462515932421938,-0.7501050546705691,-0.31965390758769385,0.5605776927527751,a1eae14d4691a1e1958389fc3b5d10b5a75b1f90052637bf8f99b252185a0548,5588b781b87845163245e97aa58f1675cf459971e75b16bbff7c36d256e0d0d9,2
D_restart_continuity_orbit,153,0.25,2357,RBC,5.8455520202098e-05,1.2826084336926334e-05,3.354450655156523e-09,0.39442550529202064,-0.7853529928654663,-0.23957171592825685,0.41261918314540297,2dce26cf142aecd672d52be594bd3ae31cb46571cde125eabe54b06e73d99994,1097195a46528d045042ae2cbbc4a6c77c815cd78eecf65f4fa6e02aa3a7e11b,2
D_restart_continuity_orbit,153,0.25,2358,RBC,-9.313940298018407e-06,-3.435577437969072e-05,4.5757978115734674e-10,0.5621664743463548,0.33774182196066876,-0.5779411178179258,-0.4856782691814031,e8cd6bd15d553730baf05a749282d4f0b1ea96242157daff79bdab72aca79c6c,41a28188cc6828920b4186fe088e062befa8eeafabe2fbef27c594f58acf2cdd,2
D_restart_continuity_orbit,154,0.25,2355,RBC,-9.147284066620618e-05,-1.474608378717007e-05,7.863337430964458e-09,-0.843975119840055,0.42833316564426105,-0.29986848392435833,0.11964776909344262,4308162755876cf817150d66534c3c3e3055410f50a809215eb6ff1c342cc4c6,214928f2a3cd37d78b287a432130c9cfd5f44bfdcec12e65627d82dd61ce6d51,2
D_restart_continuity_orbit,154,0.25,2356,RBC,-6.708611380623717e-05,-2.8688262673479776e-05,6.119533444000765e-09,0.14462515932421938,-0.7501050546705691,-0.31965390758769385,0.5605776927527751,a1eae14d4691a1e1958389fc3b5d10b5a75b1f90052637bf8f99b252185a0548,5588b781b87845163245e97aa58f1675cf459971e75b16bbff7c36d256e0d0d9,2
D_restart_continuity_orbit,154,0.25,2357,RBC,5.8455520202098e-05,1.2826084336926334e-05,3.354450655156523e-09,0.39442550529202064,-0.7853529928654663,-0.23957171592825685,0.41261918314540297,2dce26cf142aecd672d52be594bd3ae31cb46571cde125eabe54b06e73d99994,1097195a46528d045042ae2cbbc4a6c77c815cd78eecf65f4fa6e02aa3a7e11b,2
D_restart_continuity_orbit,154,0.25,2358,RBC,-9.313940298018407e-06,-3.435577437969072e-05,4.5757978115734674e-10,0.5621664743463548,0.33774182196066876,-0.5779411178179258,-0.4856782691814031,e8cd6bd15d553730baf05a749282d4f0b1ea96242157daff79bdab72aca79c6c,41a28188cc6828920b4186fe088e062befa8eeafabe2fbef27c594f58acf2cdd,2
D_restart_continuity_orbit,155,0.25,2355,RBC,-9.147284066620618e-05,-1.474608378717007e-05,7.863337430964458e-09,-0.843975119840055,0.42833316564426105,-0.29986848392435833,0.11964776909344262,4308162755876cf817150d66534c3c3e3055410f50a809215eb6ff1c342cc4c6,214928f2a3cd37d78b287a432130c9cfd5f44bfdcec12e65627d82dd61ce6d51,2
D_restart_continuity_orbit,155,0.25,2356,RBC,-6.708611380623717e-05,-2.8688262673479776e-05,6.119533444000765e-09,0.14462515932421938,-0.7501050546705691,-0.31965390758769385,0.5605776927527751,a1eae14d4691a1e1958389fc3b5d10b5a75b1f90052637bf8f99b252185a0548,5588b781b87845163245e97aa58f1675cf459971e75b16bbff7c36d256e0d0d9,2
D_restart_continuity_orbit,155,0.25,2357,RBC,5.8455520202098e-05,1.2826084336926334e-05,3.354450655156523e-09,0.39442550529202064,-0.7853529928654663,-0.23957171592825685,0.41261918314540297,2dce26cf142aecd672d52be594bd3ae31cb46571cde125eabe54b06e73d99994,1097195a46528d045042ae2cbbc4a6c77c815cd78eecf65f4fa6e02aa3a7e11b,2
D_restart_continuity_orbit,155,0.25,2358,RBC,-9.313940298018407e-06,-3.435577437969072e-05,4.5757978115734674e-10,0.5621664743463548,0.33774182196066876,-0.5779411178179258,-0.4856782691814031,e8cd6bd15d553730baf05a749282d4f0b1ea96242157daff79bdab72aca79c6c,41a28188cc6828920b4186fe088e062befa8eeafabe2fbef27c594f58acf2cdd,2
D_restart_continuity_orbit,156,0.25,2355,RBC,-9.147284066620618e-05,-1.474608378717007e-05,7.863337430964458e-09,-0.843975119840055,0.42833316564426105,-0.29986848392435833,0.11964776909344262,4308162755876cf817150d66534c3c3e3055410f50a809215eb6ff1c342cc4c6,214928f2a3cd37d78b287a432130c9cfd5f44bfdcec12e65627d82dd61ce6d51,2
D_restart_continuity_orbit,156,0.25,2356,RBC,-6.708611380623717e-05,-2.8688262673479776e-05,6.119533444000765e-09,0.14462515932421938,-0.7501050546705691,-0.31965390758769385,0.5605776927527751,a1eae14d4691a1e1958389fc3b5d10b5a75b1f90052637bf8f99b252185a0548,5588b781b87845163245e97aa58f1675cf459971e75b16bbff7c36d256e0d0d9,2
D_restart_continuity_orbit,156,0.25,2357,RBC,5.8455520202098e-05,1.2826084336926334e-05,3.354450655156523e-09,0.39442550529202064,-0.7853529928654663,-0.23957171592825685,0.41261918314540297,2dce26cf142aecd672d52be594bd3ae31cb46571cde125eabe54b06e73d99994,1097195a46528d045042ae2cbbc4a6c77c815cd78eecf65f4fa6e02aa3a7e11b,2
D_restart_continuity_orbit,156,0.25,2358,RBC,-9.313940298018407e-06,-3.435577437969072e-05,4.5757978115734674e-10,0.5621664743463548,0.33774182196066876,-0.5779411178179258,-0.4856782691814031,e8cd6bd15d553730baf05a749282d4f0b1ea96242157daff79bdab72aca79c6c,41a28188cc6828920b4186fe088e062befa8eeafabe2fbef27c594f58acf2cdd,2
D_restart_continuity_orbit,157,0.25,2355,RBC,-9.147284066620618e-05,-1.474608378717007e-05,7.863337430964458e-09,-0.843975119840055,0.42833316564426105,-0.29986848392435833,0.11964776909344262,4308162755876cf817150d66534c3c3e3055410f50a809215eb6ff1c342cc4c6,214928f2a3cd37d78b287a432130c9cfd5f44bfdcec12e65627d82dd61ce6d51,2
D_restart_continuity_orbit,157,0.25,2356,RBC,-6.708611380623717e-05,-2.8688262673479776e-05,6.119533444000765e-09,0.14462515932421938,-0.7501050546705691,-0.31965390758769385,0.5605776927527751,a1eae14d4691a1e1958389fc3b5d10b5a75b1f90052637bf8f99b252185a0548,5588b781b87845163245e97aa58f1675cf459971e75b16bbff7c36d256e0d0d9,2
D_restart_continuity_orbit,157,0.25,2357,RBC,5.8455520202098e-05,1.2826084336926334e-05,3.354450655156523e-09,0.39442550529202064,-0.7853529928654663,-0.23957171592825685,0.41261918314540297,2dce26cf142aecd672d52be594bd3ae31cb46571cde125eabe54b06e73d99994,1097195a46528d045042ae2cbbc4a6c77c815cd78eecf65f4fa6e02aa3a7e11b,2
D_restart_continuity_orbit,157,0.25,2358,RBC,-9.313940298018407e-06,-3.435577437969072e-05,4.5757978115734674e-10,0.5621664743463548,0.33774182196066876,-0.5779411178179258,-0.4856782691814031,e8cd6bd15d553730baf05a749282d4f0b1ea96242157daff79bdab72aca79c6c,41a28188cc6828920b4186fe088e062befa8eeafabe2fbef27c594f58acf2cdd,2
D_restart_continuity_orbit,158,0.25,2355,RBC,-9.147284066620618e-05,-1.474608378717007e-05,7.863337430964458e-09,-0.843975119840055,0.42833316564426105,-0.29986848392435833,0.11964776909344262,4308162755876cf817150d66534c3c3e3055410f50a809215eb6ff1c342cc4c6,214928f2a3cd37d78b287a432130c9cfd5f44bfdcec12e65627d82dd61ce6d51,2
D_restart_continuity_orbit,158,0.25,2356,RBC,-6.708611380623717e-05,-2.8688262673479776e-05,6.119533444000765e-09,0.14462515932421938,-0.7501050546705691,-0.31965390758769385,0.5605776927527751,a1eae14d4691a1e1958389fc3b5d10b5a75b1f90052637bf8f99b252185a0548,5588b781b87845163245e97aa58f1675cf459971e75b16bbff7c36d256e0d0d9,2
D_restart_continuity_orbit,158,0.25,2357,RBC,5.8455520202098e-05,1.2826084336926334e-05,3.354450655156523e-09,0.39442550529202064,-0.7853529928654663,-0.23957171592825685,0.41261918314540297,2dce26cf142aecd672d52be594bd3ae31cb46571cde125eabe54b06e73d99994,1097195a46528d045042ae2cbbc4a6c77c815cd78eecf65f4fa6e02aa3a7e11b,2
D_restart_continuity_orbit,158,0.25,2358,RBC,-9.313940298018407e-06,-3.435577437969072e-05,4.5757978115734674e-10,0.5621664743463548,0.33774182196066876,-0.5779411178179258,-0.4856782691814031,e8cd6bd15d553730baf05a749282d4f0b1ea96242157daff79bdab72aca79c6c,41a28188cc6828920b4186fe088e062befa8eeafabe2fbef27c594f58acf2cdd,2
D_restart_continuity_orbit,159,0.25,2355,RBC,-9.147284066620618e-05,-1.474608378717007e-05,7.863337430964458e-09,-0.843975119840055,0.42833316564426105,-0.29986848392435833,0.11964776909344262,4308162755876cf817150d66534c3c3e3055410f50a809215eb6ff1c342cc4c6,214928f2a3cd37d78b287a432130c9cfd5f44bfdcec12e65627d82dd61ce6d51,2
D_restart_continuity_orbit,159,0.25,2356,RBC,-6.708611380623717e-05,-2.8688262673479776e-05,6.119533444000765e-09,0.14462515932421938,-0.7501050546705691,-0.31965390758769385,0.5605776927527751,a1eae14d4691a1e1958389fc3b5d10b5a75b1f90052637bf8f99b252185a0548,5588b781b87845163245e97aa58f1675cf459971e75b16bbff7c36d256e0d0d9,2
D_restart_continuity_orbit,159,0.25,2357,RBC,5.8455520202098e-05,1.2826084336926334e-05,3.354450655156523e-09,0.39442550529202064,-0.7853529928654663,-0.23957171592825685,0.41261918314540297,2dce26cf142aecd672d52be594bd3ae31cb46571cde125eabe54b06e73d99994,1097195a46528d045042ae2cbbc4a6c77c815cd78eecf65f4fa6e02aa3a7e11b,2
D_restart_continuity_orbit,159,0.25,2358,RBC,-9.313940298018407e-06,-3.435577437969072e-05,4.5757978115734674e-10,0.5621664743463548,0.33774182196066876,-0.5779411178179258,-0.4856782691814031,e8cd6bd15d553730baf05a749282d4f0b1ea96242157daff79bdab72aca79c6c,41a28188cc6828920b4186fe088e062befa8eeafabe2fbef27c594f58acf2cdd,2
