-----------------------------------------------------------------------------------
 Eq      N-i            T    dB      Ri/R1      Ri/R0       R/Ri    lsIt   dB   %t
-----------------------------------------------------------------------------------
 <PETSC_INITIALIZE>: use linear solver config. from svFSI input.
Mat Object: 1 MPI process
  type: preallocator
  rows=281452, cols=281452, bs=4
Mat Object: 1 MPI process
  type: seqaijcusparse
  rows=281452, cols=281452, bs=4
  total: nonzeros=15993520, allocated nonzeros=15993520
  total number of mallocs used during MatSetValues calls=0
    not using I-node routines
Vec Object: 1 MPI process
  type: seqcuda
  length=281452, bs=4
Mat Object: 1 MPI process
  type: seqaijcusparse
  rows=281452, cols=281452, bs=4
  total: nonzeros=15993520, allocated nonzeros=15993520
  total number of mallocs used during MatSetValues calls=0
    not using I-node routines
Mat Object: 1 MPI process
  type: seqaijcusparse
  rows=281452, cols=281452, bs=4
  total: nonzeros=15993520, allocated nonzeros=15993520
  total number of mallocs used during MatSetValues calls=0
    not using I-node routines
SV13P_REUSE step=61 equation=0 reuse=0 rebuild_requests=1 solve_requests=1 ksp=0x55729b63aa50 pc=0x55729d0f73e0
Mat Object: 1 MPI process
  type: seqaijcusparse
  rows=281452, cols=281452, bs=4
  total: nonzeros=15993520, allocated nonzeros=15993520
  total number of mallocs used during MatSetValues calls=0
    not using I-node routines
  0 KSP unpreconditioned resid norm 4.793087406949e-17 true resid norm 4.793087406949e-17 ||r(i)||/||b|| 1.000000000000e+00
  1 KSP unpreconditioned resid norm 2.434904938577e-18 true resid norm 2.434904938577e-18 ||r(i)||/||b|| 5.080034499365e-02
  2 KSP unpreconditioned resid norm 8.106684437835e-19 true resid norm 8.106684437835e-19 ||r(i)||/||b|| 1.691328312954e-02
  3 KSP unpreconditioned resid norm 4.413496700025e-19 true resid norm 4.413496700025e-19 ||r(i)||/||b|| 9.208045514935e-03
  4 KSP unpreconditioned resid norm 3.059123332204e-19 true resid norm 3.059123332204e-19 ||r(i)||/||b|| 6.382365002918e-03
  5 KSP unpreconditioned resid norm 2.315888437572e-19 true resid norm 2.315888437572e-19 ||r(i)||/||b|| 4.831725860484e-03
  6 KSP unpreconditioned resid norm 1.749471633241e-19 true resid norm 1.749471633241e-19 ||r(i)||/||b|| 3.649989004382e-03
  7 KSP unpreconditioned resid norm 1.297294249335e-19 true resid norm 1.297294249335e-19 ||r(i)||/||b|| 2.706594182810e-03
  8 KSP unpreconditioned resid norm 9.146224415026e-20 true resid norm 9.146224415026e-20 ||r(i)||/||b|| 1.908211480092e-03
  9 KSP unpreconditioned resid norm 6.814194571853e-20 true resid norm 6.814194571853e-20 ||r(i)||/||b|| 1.421671251389e-03
 10 KSP unpreconditioned resid norm 5.267025225403e-20 true resid norm 5.267025225403e-20 ||r(i)||/||b|| 1.098879444128e-03
 11 KSP unpreconditioned resid norm 4.344069257299e-20 true resid norm 4.344069257299e-20 ||r(i)||/||b|| 9.063196408647e-04
 12 KSP unpreconditioned resid norm 3.692697502938e-20 true resid norm 3.692697502938e-20 ||r(i)||/||b|| 7.704214819000e-04
 13 KSP unpreconditioned resid norm 3.176900225246e-20 true resid norm 3.176900225246e-20 ||r(i)||/||b|| 6.628087400701e-04
 14 KSP unpreconditioned resid norm 2.832187665662e-20 true resid norm 2.832187665662e-20 ||r(i)||/||b|| 5.908900516930e-04
 15 KSP unpreconditioned resid norm 2.646428222664e-20 true resid norm 2.646428222664e-20 ||r(i)||/||b|| 5.521343547433e-04
 16 KSP unpreconditioned resid norm 2.530739481848e-20 true resid norm 2.530739481848e-20 ||r(i)||/||b|| 5.279977740817e-04
 17 KSP unpreconditioned resid norm 2.454592964629e-20 true resid norm 2.454592964629e-20 ||r(i)||/||b|| 5.121110374641e-04
 18 KSP unpreconditioned resid norm 2.385851449629e-20 true resid norm 2.385851449629e-20 ||r(i)||/||b|| 4.977692345377e-04
 19 KSP unpreconditioned resid norm 2.334967617869e-20 true resid norm 2.334967617869e-20 ||r(i)||/||b|| 4.871531477777e-04
 20 KSP unpreconditioned resid norm 2.295421713740e-20 true resid norm 2.295421713740e-20 ||r(i)||/||b|| 4.789025358503e-04
 21 KSP unpreconditioned resid norm 2.246080491084e-20 true resid norm 2.246080491084e-20 ||r(i)||/||b|| 4.686082894770e-04
 22 KSP unpreconditioned resid norm 2.182804904792e-20 true resid norm 2.182804904792e-20 ||r(i)||/||b|| 4.554068639823e-04
 23 KSP unpreconditioned resid norm 2.121526477283e-20 true resid norm 2.121526477283e-20 ||r(i)||/||b|| 4.426221132973e-04
 24 KSP unpreconditioned resid norm 2.069734289800e-20 true resid norm 2.069734289801e-20 ||r(i)||/||b|| 4.318165128388e-04
 25 KSP unpreconditioned resid norm 2.023723464659e-20 true resid norm 2.023723464659e-20 ||r(i)||/||b|| 4.222170999271e-04
 26 KSP unpreconditioned resid norm 1.987008152155e-20 true resid norm 1.987008152156e-20 ||r(i)||/||b|| 4.145570450634e-04
 27 KSP unpreconditioned resid norm 1.960477689928e-20 true resid norm 1.960477689928e-20 ||r(i)||/||b|| 4.090218941314e-04
 28 KSP unpreconditioned resid norm 1.936031285561e-20 true resid norm 1.936031285561e-20 ||r(i)||/||b|| 4.039215480932e-04
 29 KSP unpreconditioned resid norm 1.909934761753e-20 true resid norm 1.909934761753e-20 ||r(i)||/||b|| 3.984769313791e-04
 30 KSP unpreconditioned resid norm 1.882236186640e-20 true resid norm 1.882236186640e-20 ||r(i)||/||b|| 3.926980726267e-04
 31 KSP unpreconditioned resid norm 1.851248850460e-20 true resid norm 1.851248850460e-20 ||r(i)||/||b|| 3.862330671826e-04
 32 KSP unpreconditioned resid norm 1.820932875712e-20 true resid norm 1.820932875712e-20 ||r(i)||/||b|| 3.799081304197e-04
 33 KSP unpreconditioned resid norm 1.799396147895e-20 true resid norm 1.799396147895e-20 ||r(i)||/||b|| 3.754148412329e-04
 34 KSP unpreconditioned resid norm 1.782177268421e-20 true resid norm 1.782177268422e-20 ||r(i)||/||b|| 3.718224011183e-04
 35 KSP unpreconditioned resid norm 1.767421475661e-20 true resid norm 1.767421475662e-20 ||r(i)||/||b|| 3.687438441241e-04
 36 KSP unpreconditioned resid norm 1.750084332612e-20 true resid norm 1.750084332612e-20 ||r(i)||/||b|| 3.651267302313e-04
 37 KSP unpreconditioned resid norm 1.730124011081e-20 true resid norm 1.730124011081e-20 ||r(i)||/||b|| 3.609623326653e-04
 38 KSP unpreconditioned resid norm 1.699920417719e-20 true resid norm 1.699920417720e-20 ||r(i)||/||b|| 3.546608424572e-04
 39 KSP unpreconditioned resid norm 1.662510769715e-20 true resid norm 1.662510769716e-20 ||r(i)||/||b|| 3.468559257454e-04
 40 KSP unpreconditioned resid norm 1.618609697786e-20 true resid norm 1.618609697787e-20 ||r(i)||/||b|| 3.376966786460e-04
 41 KSP unpreconditioned resid norm 1.581127054816e-20 true resid norm 1.581127054817e-20 ||r(i)||/||b|| 3.298765327176e-04
 42 KSP unpreconditioned resid norm 1.534561798393e-20 true resid norm 1.534561798394e-20 ||r(i)||/||b|| 3.201614467053e-04
 43 KSP unpreconditioned resid norm 1.493299886339e-20 true resid norm 1.493299886339e-20 ||r(i)||/||b|| 3.115528175377e-04
 44 KSP unpreconditioned resid norm 1.451239848231e-20 true resid norm 1.451239848232e-20 ||r(i)||/||b|| 3.027776723053e-04
 45 KSP unpreconditioned resid norm 1.404718079961e-20 true resid norm 1.404718079962e-20 ||r(i)||/||b|| 2.930716593913e-04
 46 KSP unpreconditioned resid norm 1.358367076033e-20 true resid norm 1.358367076034e-20 ||r(i)||/||b|| 2.834012736893e-04
 47 KSP unpreconditioned resid norm 1.313637267462e-20 true resid norm 1.313637267463e-20 ||r(i)||/||b|| 2.740691241219e-04
 48 KSP unpreconditioned resid norm 1.274453609042e-20 true resid norm 1.274453609043e-20 ||r(i)||/||b|| 2.658940888905e-04
 49 KSP unpreconditioned resid norm 1.239076605444e-20 true resid norm 1.239076605445e-20 ||r(i)||/||b|| 2.585132504883e-04
 50 KSP unpreconditioned resid norm 1.205117415411e-20 true resid norm 1.205117415412e-20 ||r(i)||/||b|| 2.514282159062e-04
 51 KSP unpreconditioned resid norm 1.170778002910e-20 true resid norm 1.170778002911e-20 ||r(i)||/||b|| 2.442638540690e-04
 52 KSP unpreconditioned resid norm 1.141231830316e-20 true resid norm 1.141231830318e-20 ||r(i)||/||b|| 2.380995240486e-04
 53 KSP unpreconditioned resid norm 1.109474442061e-20 true resid norm 1.109474442063e-20 ||r(i)||/||b|| 2.314738597202e-04
 54 KSP unpreconditioned resid norm 1.069745619795e-20 true resid norm 1.069745619797e-20 ||r(i)||/||b|| 2.231850848882e-04
 55 KSP unpreconditioned resid norm 1.022607262662e-20 true resid norm 1.022607262664e-20 ||r(i)||/||b|| 2.133504307017e-04
 56 KSP unpreconditioned resid norm 9.705104416520e-21 true resid norm 9.705104416534e-21 ||r(i)||/||b|| 2.024812733952e-04
 57 KSP unpreconditioned resid norm 9.168864596829e-21 true resid norm 9.168864596841e-21 ||r(i)||/||b|| 1.912934987071e-04
 58 KSP unpreconditioned resid norm 8.617486099370e-21 true resid norm 8.617486099380e-21 ||r(i)||/||b|| 1.797898800445e-04
 59 KSP unpreconditioned resid norm 8.171049983498e-21 true resid norm 8.171049983507e-21 ||r(i)||/||b|| 1.704757140807e-04
 60 KSP unpreconditioned resid norm 7.844348856636e-21 true resid norm 7.844348856645e-21 ||r(i)||/||b|| 1.636596245934e-04
 61 KSP unpreconditioned resid norm 7.536654013296e-21 true resid norm 7.536654013305e-21 ||r(i)||/||b|| 1.572400704059e-04
 62 KSP unpreconditioned resid norm 7.242496373264e-21 true resid norm 7.242496373274e-21 ||r(i)||/||b|| 1.511029480241e-04
 63 KSP unpreconditioned resid norm 7.004557745564e-21 true resid norm 7.004557745576e-21 ||r(i)||/||b|| 1.461387442136e-04
 64 KSP unpreconditioned resid norm 6.782200491194e-21 true resid norm 6.782200491207e-21 ||r(i)||/||b|| 1.414996205029e-04
 65 KSP unpreconditioned resid norm 6.551402280147e-21 true resid norm 6.551402280162e-21 ||r(i)||/||b|| 1.366843899125e-04
 66 KSP unpreconditioned resid norm 6.270522707320e-21 true resid norm 6.270522707334e-21 ||r(i)||/||b|| 1.308242928815e-04
 67 KSP unpreconditioned resid norm 6.004812678200e-21 true resid norm 6.004812678213e-21 ||r(i)||/||b|| 1.252806837928e-04
 68 KSP unpreconditioned resid norm 5.665881491815e-21 true resid norm 5.665881491824e-21 ||r(i)||/||b|| 1.182094339362e-04
 69 KSP unpreconditioned resid norm 5.299477707213e-21 true resid norm 5.299477707219e-21 ||r(i)||/||b|| 1.105650128461e-04
 70 KSP unpreconditioned resid norm 4.964441923237e-21 true resid norm 4.964441923242e-21 ||r(i)||/||b|| 1.035750342471e-04
 71 KSP unpreconditioned resid norm 4.663992600860e-21 true resid norm 4.663992600865e-21 ||r(i)||/||b|| 9.730664611087e-05
 72 KSP unpreconditioned resid norm 4.384643077650e-21 true resid norm 4.384643077652e-21 ||r(i)||/||b|| 9.147847108516e-05
 73 KSP unpreconditioned resid norm 4.159000320146e-21 true resid norm 4.159000320146e-21 ||r(i)||/||b|| 8.677080067673e-05
 74 KSP unpreconditioned resid norm 3.977221561781e-21 true resid norm 3.977221561778e-21 ||r(i)||/||b|| 8.297828151457e-05
 75 KSP unpreconditioned resid norm 3.814108199236e-21 true resid norm 3.814108199232e-21 ||r(i)||/||b|| 7.957518558293e-05
 76 KSP unpreconditioned resid norm 3.636963563891e-21 true resid norm 3.636963563887e-21 ||r(i)||/||b|| 7.587934988654e-05
 77 KSP unpreconditioned resid norm 3.456511793167e-21 true resid norm 3.456511793164e-21 ||r(i)||/||b|| 7.211451617077e-05
 78 KSP unpreconditioned resid norm 3.266622414869e-21 true resid norm 3.266622414866e-21 ||r(i)||/||b|| 6.815278206965e-05
 79 KSP unpreconditioned resid norm 3.086290026751e-21 true resid norm 3.086290026752e-21 ||r(i)||/||b|| 6.439043907851e-05
 80 KSP unpreconditioned resid norm 2.908847639310e-21 true resid norm 2.908847639312e-21 ||r(i)||/||b|| 6.068839126728e-05
 81 KSP unpreconditioned resid norm 2.727395928242e-21 true resid norm 2.727395928244e-21 ||r(i)||/||b|| 5.690269541695e-05
 82 KSP unpreconditioned resid norm 2.565099182847e-21 true resid norm 2.565099182852e-21 ||r(i)||/||b|| 5.351663687862e-05
 83 KSP unpreconditioned resid norm 2.431985258727e-21 true resid norm 2.431985258736e-21 ||r(i)||/||b|| 5.073943060605e-05
 84 KSP unpreconditioned resid norm 2.342679947422e-21 true resid norm 2.342679947436e-21 ||r(i)||/||b|| 4.887622003387e-05
 85 KSP unpreconditioned resid norm 2.284371470903e-21 true resid norm 2.284371470921e-21 ||r(i)||/||b|| 4.765970817908e-05
 86 KSP unpreconditioned resid norm 2.237821354177e-21 true resid norm 2.237821354195e-21 ||r(i)||/||b|| 4.668851544311e-05
 87 KSP unpreconditioned resid norm 2.185937356219e-21 true resid norm 2.185937356238e-21 ||r(i)||/||b|| 4.560603992051e-05
 88 KSP unpreconditioned resid norm 2.131499167614e-21 true resid norm 2.131499167636e-21 ||r(i)||/||b|| 4.447027534998e-05
 89 KSP unpreconditioned resid norm 2.082198017904e-21 true resid norm 2.082198017930e-21 ||r(i)||/||b|| 4.344168676981e-05
 90 KSP unpreconditioned resid norm 2.065747711149e-21 true resid norm 2.065739207875e-21 ||r(i)||/||b|| 4.309830037483e-05
 91 KSP unpreconditioned resid norm 2.029622908433e-21 true resid norm 2.017031469809e-21 ||r(i)||/||b|| 4.208209236669e-05
 92 KSP unpreconditioned resid norm 2.022033336190e-21 true resid norm 2.007207047486e-21 ||r(i)||/||b|| 4.187712171858e-05
 93 KSP unpreconditioned resid norm 2.010880903206e-21 true resid norm 1.979906260014e-21 ||r(i)||/||b|| 4.130753503771e-05
 94 KSP unpreconditioned resid norm 2.010875570066e-21 true resid norm 1.979678500047e-21 ||r(i)||/||b|| 4.130278319517e-05
 95 KSP unpreconditioned resid norm 2.010875463383e-21 true resid norm 1.979696038903e-21 ||r(i)||/||b|| 4.130314911497e-05
 96 KSP unpreconditioned resid norm 2.010603540805e-21 true resid norm 1.979589438400e-21 ||r(i)||/||b|| 4.130092506824e-05
 97 KSP unpreconditioned resid norm 2.010402720825e-21 true resid norm 1.978706939153e-21 ||r(i)||/||b|| 4.128251315183e-05
 98 KSP unpreconditioned resid norm 2.010081252906e-21 true resid norm 1.978480744213e-21 ||r(i)||/||b|| 4.127779396104e-05
 99 KSP unpreconditioned resid norm 2.010067877154e-21 true resid norm 1.978410709160e-21 ||r(i)||/||b|| 4.127633279317e-05
100 KSP unpreconditioned resid norm 1.978430736315e-21 true resid norm 1.978430736315e-21 ||r(i)||/||b|| 4.127675062730e-05
101 KSP unpreconditioned resid norm 1.962358271869e-21 true resid norm 1.962358271869e-21 ||r(i)||/||b|| 4.094142470726e-05
102 KSP unpreconditioned resid norm 1.943538465363e-21 true resid norm 1.943538465363e-21 ||r(i)||/||b|| 4.054877994807e-05
103 KSP unpreconditioned resid norm 1.919971509947e-21 true resid norm 1.919971509947e-21 ||r(i)||/||b|| 4.005709362119e-05
104 KSP unpreconditioned resid norm 1.894093752690e-21 true resid norm 1.894093752690e-21 ||r(i)||/||b|| 3.951719615928e-05
105 KSP unpreconditioned resid norm 1.872495236858e-21 true resid norm 1.872495236858e-21 ||r(i)||/||b|| 3.906657813382e-05
106 KSP unpreconditioned resid norm 1.855066832392e-21 true resid norm 1.855066832392e-21 ||r(i)||/||b|| 3.870296272299e-05
107 KSP unpreconditioned resid norm 1.837882731578e-21 true resid norm 1.837882731578e-21 ||r(i)||/||b|| 3.834444431189e-05
108 KSP unpreconditioned resid norm 1.806039315416e-21 true resid norm 1.806039315416e-21 ||r(i)||/||b|| 3.768008304621e-05
109 KSP unpreconditioned resid norm 1.769908914833e-21 true resid norm 1.769908914833e-21 ||r(i)||/||b|| 3.692628079904e-05
110 KSP unpreconditioned resid norm 1.726602770356e-21 true resid norm 1.726602770356e-21 ||r(i)||/||b|| 3.602276828611e-05
111 KSP unpreconditioned resid norm 1.672089852114e-21 true resid norm 1.672089852114e-21 ||r(i)||/||b|| 3.488544460278e-05
112 KSP unpreconditioned resid norm 1.607029071220e-21 true resid norm 1.607029071220e-21 ||r(i)||/||b|| 3.352805686142e-05
113 KSP unpreconditioned resid norm 1.547208107812e-21 true resid norm 1.547208107812e-21 ||r(i)||/||b|| 3.227998941912e-05
114 KSP unpreconditioned resid norm 1.496297799669e-21 true resid norm 1.496297799669e-21 ||r(i)||/||b|| 3.121782835630e-05
115 KSP unpreconditioned resid norm 1.449729791209e-21 true resid norm 1.449729791208e-21 ||r(i)||/||b|| 3.024626233827e-05
116 KSP unpreconditioned resid norm 1.404054579549e-21 true resid norm 1.404054579549e-21 ||r(i)||/||b|| 2.929332307842e-05
117 KSP unpreconditioned resid norm 1.363754011950e-21 true resid norm 1.363754011950e-21 ||r(i)||/||b|| 2.845251705555e-05
118 KSP unpreconditioned resid norm 1.316182557808e-21 true resid norm 1.316182557808e-21 ||r(i)||/||b|| 2.746001576978e-05
119 KSP unpreconditioned resid norm 1.260331563978e-21 true resid norm 1.260331563978e-21 ||r(i)||/||b|| 2.629477530810e-05
120 KSP unpreconditioned resid norm 1.206700803009e-21 true resid norm 1.206700803009e-21 ||r(i)||/||b|| 2.517585640645e-05
121 KSP unpreconditioned resid norm 1.157276660354e-21 true resid norm 1.157276660354e-21 ||r(i)||/||b|| 2.414470177773e-05
122 KSP unpreconditioned resid norm 1.112726860869e-21 true resid norm 1.112726860869e-21 ||r(i)||/||b|| 2.321524241881e-05
123 KSP unpreconditioned resid norm 1.081363711191e-21 true resid norm 1.081363711191e-21 ||r(i)||/||b|| 2.256090113491e-05
124 KSP unpreconditioned resid norm 1.054604645055e-21 true resid norm 1.054604645055e-21 ||r(i)||/||b|| 2.200261659168e-05
125 KSP unpreconditioned resid norm 1.031080369378e-21 true resid norm 1.031080369378e-21 ||r(i)||/||b|| 2.151182070836e-05
126 KSP unpreconditioned resid norm 1.005701218600e-21 true resid norm 1.005701218600e-21 ||r(i)||/||b|| 2.098232586249e-05
127 KSP unpreconditioned resid norm 9.785492383237e-22 true resid norm 9.785492383237e-22 ||r(i)||/||b|| 2.041584380258e-05
128 KSP unpreconditioned resid norm 9.492049633944e-22 true resid norm 9.492049633944e-22 ||r(i)||/||b|| 1.980362306805e-05
129 KSP unpreconditioned resid norm 9.214086315334e-22 true resid norm 9.214086315334e-22 ||r(i)||/||b|| 1.922369765670e-05
130 KSP unpreconditioned resid norm 8.896546983070e-22 true resid norm 8.896546983069e-22 ||r(i)||/||b|| 1.856120330743e-05
131 KSP unpreconditioned resid norm 8.536116315254e-22 true resid norm 8.536116315254e-22 ||r(i)||/||b|| 1.780922313847e-05
132 KSP unpreconditioned resid norm 8.135871636861e-22 true resid norm 8.135871636861e-22 ||r(i)||/||b|| 1.697417748958e-05
133 KSP unpreconditioned resid norm 7.756870545663e-22 true resid norm 7.756870545664e-22 ||r(i)||/||b|| 1.618345314216e-05
134 KSP unpreconditioned resid norm 7.311136281681e-22 true resid norm 7.311136281681e-22 ||r(i)||/||b|| 1.525350084599e-05
135 KSP unpreconditioned resid norm 6.755312116736e-22 true resid norm 6.755312116735e-22 ||r(i)||/||b|| 1.409386381509e-05
136 KSP unpreconditioned resid norm 6.101173807868e-22 true resid norm 6.101173807868e-22 ||r(i)||/||b|| 1.272911025787e-05
137 KSP unpreconditioned resid norm 5.555246518233e-22 true resid norm 5.555246518233e-22 ||r(i)||/||b|| 1.159012145320e-05
138 KSP unpreconditioned resid norm 5.052121363630e-22 true resid norm 5.052121363630e-22 ||r(i)||/||b|| 1.054043236580e-05
139 KSP unpreconditioned resid norm 4.623399836220e-22 true resid norm 4.623399836221e-22 ||r(i)||/||b|| 9.645974387025e-06
140 KSP unpreconditioned resid norm 4.344679037021e-22 true resid norm 4.344679037022e-22 ||r(i)||/||b|| 9.064468615203e-06
141 KSP unpreconditioned resid norm 4.151406035915e-22 true resid norm 4.151406035915e-22 ||r(i)||/||b|| 8.661235824526e-06
142 KSP unpreconditioned resid norm 3.981456948311e-22 true resid norm 3.981456948311e-22 ||r(i)||/||b|| 8.306664598977e-06
143 KSP unpreconditioned resid norm 3.807413934598e-22 true resid norm 3.807413934598e-22 ||r(i)||/||b|| 7.943552060157e-06
144 KSP unpreconditioned resid norm 3.646010365220e-22 true resid norm 3.646010365221e-22 ||r(i)||/||b|| 7.606809673312e-06
145 KSP unpreconditioned resid norm 3.470955900743e-22 true resid norm 3.470955900742e-22 ||r(i)||/||b|| 7.241586906406e-06
146 KSP unpreconditioned resid norm 3.242263858539e-22 true resid norm 3.242263858540e-22 ||r(i)||/||b|| 6.764458027280e-06
147 KSP unpreconditioned resid norm 3.056358306105e-22 true resid norm 3.056358306106e-22 ||r(i)||/||b|| 6.376596224126e-06
148 KSP unpreconditioned resid norm 2.907060498348e-22 true resid norm 2.907060498348e-22 ||r(i)||/||b|| 6.065110546771e-06
149 KSP unpreconditioned resid norm 2.782396995953e-22 true resid norm 2.782396995953e-22 ||r(i)||/||b|| 5.805020354769e-06
150 KSP unpreconditioned resid norm 2.698805999893e-22 true resid norm 2.698805999892e-22 ||r(i)||/||b|| 5.630621290109e-06
151 KSP unpreconditioned resid norm 2.633075937846e-22 true resid norm 2.633075937847e-22 ||r(i)||/||b|| 5.493486169331e-06
152 KSP unpreconditioned resid norm 2.580594713212e-22 true resid norm 2.580594713211e-22 ||r(i)||/||b|| 5.383992600405e-06
153 KSP unpreconditioned resid norm 2.524842465677e-22 true resid norm 2.524842465677e-22 ||r(i)||/||b|| 5.267674572378e-06
154 KSP unpreconditioned resid norm 2.469587062503e-22 true resid norm 2.469587062503e-22 ||r(i)||/||b|| 5.152393129578e-06
155 KSP unpreconditioned resid norm 2.428920866210e-22 true resid norm 2.428920866209e-22 ||r(i)||/||b|| 5.067549702280e-06
156 KSP unpreconditioned resid norm 2.389284911222e-22 true resid norm 2.389284911222e-22 ||r(i)||/||b|| 4.984855706485e-06
157 KSP unpreconditioned resid norm 2.359572288001e-22 true resid norm 2.359572288002e-22 ||r(i)||/||b|| 4.922865134029e-06
158 KSP unpreconditioned resid norm 2.325055560613e-22 true resid norm 2.325055560613e-22 ||r(i)||/||b|| 4.850851576881e-06
159 KSP unpreconditioned resid norm 2.295023852758e-22 true resid norm 2.295023852759e-22 ||r(i)||/||b|| 4.788195286052e-06
160 KSP unpreconditioned resid norm 2.255946150015e-22 true resid norm 2.255946150016e-22 ||r(i)||/||b|| 4.706665993082e-06
161 KSP unpreconditioned resid norm 2.217558596884e-22 true resid norm 2.217558596885e-22 ||r(i)||/||b|| 4.626576585416e-06
162 KSP unpreconditioned resid norm 2.175838763746e-22 true resid norm 2.175838763747e-22 ||r(i)||/||b|| 4.539534915621e-06
163 KSP unpreconditioned resid norm 2.137717478392e-22 true resid norm 2.137717478392e-22 ||r(i)||/||b|| 4.460001032514e-06
164 KSP unpreconditioned resid norm 2.104637749135e-22 true resid norm 2.104637749135e-22 ||r(i)||/||b|| 4.390985539056e-06
165 KSP unpreconditioned resid norm 2.073557919672e-22 true resid norm 2.073557919671e-22 ||r(i)||/||b|| 4.326142512371e-06
166 KSP unpreconditioned resid norm 2.048283961061e-22 true resid norm 2.048283961061e-22 ||r(i)||/||b|| 4.273412494192e-06
167 KSP unpreconditioned resid norm 2.019474652807e-22 true resid norm 2.019474652808e-22 ||r(i)||/||b|| 4.213306542000e-06
168 KSP unpreconditioned resid norm 1.995448388572e-22 true resid norm 1.995448388574e-22 ||r(i)||/||b|| 4.163179635908e-06
169 KSP unpreconditioned resid norm 1.967857606613e-22 true resid norm 1.967857606615e-22 ||r(i)||/||b|| 4.105615941328e-06
170 KSP unpreconditioned resid norm 1.946670237518e-22 true resid norm 1.946670237520e-22 ||r(i)||/||b|| 4.061411929808e-06
171 KSP unpreconditioned resid norm 1.924645849229e-22 true resid norm 1.924645849229e-22 ||r(i)||/||b|| 4.015461613404e-06
172 KSP unpreconditioned resid norm 1.898289609307e-22 true resid norm 1.898289609310e-22 ||r(i)||/||b|| 3.960473590691e-06
173 KSP unpreconditioned resid norm 1.864534830674e-22 true resid norm 1.864534830676e-22 ||r(i)||/||b|| 3.890049716124e-06
174 KSP unpreconditioned resid norm 1.831604943945e-22 true resid norm 1.831604943947e-22 ||r(i)||/||b|| 3.821346844816e-06
175 KSP unpreconditioned resid norm 1.793347647881e-22 true resid norm 1.793347647883e-22 ||r(i)||/||b|| 3.741529197408e-06
176 KSP unpreconditioned resid norm 1.744945067395e-22 true resid norm 1.744945067399e-22 ||r(i)||/||b|| 3.640545058429e-06
177 KSP unpreconditioned resid norm 1.686374898761e-22 true resid norm 1.686374898762e-22 ||r(i)||/||b|| 3.518347894755e-06
178 KSP unpreconditioned resid norm 1.615373687719e-22 true resid norm 1.615373687720e-22 ||r(i)||/||b|| 3.370215375955e-06
179 KSP unpreconditioned resid norm 1.520502741308e-22 true resid norm 1.520502741311e-22 ||r(i)||/||b|| 3.172282523174e-06
180 KSP unpreconditioned resid norm 1.404147628797e-22 true resid norm 1.404147628799e-22 ||r(i)||/||b|| 2.929526440020e-06
181 KSP unpreconditioned resid norm 1.283672868047e-22 true resid norm 1.283672868048e-22 ||r(i)||/||b|| 2.678175378540e-06
182 KSP unpreconditioned resid norm 1.192334549866e-22 true resid norm 1.192334549866e-22 ||r(i)||/||b|| 2.487612781977e-06
183 KSP unpreconditioned resid norm 1.120225360608e-22 true resid norm 1.120225360607e-22 ||r(i)||/||b|| 2.337168646211e-06
184 KSP unpreconditioned resid norm 1.064038395614e-22 true resid norm 1.064038395614e-22 ||r(i)||/||b|| 2.219943650665e-06
185 KSP unpreconditioned resid norm 1.018923002448e-22 true resid norm 1.018923002447e-22 ||r(i)||/||b|| 2.125817695228e-06
186 KSP unpreconditioned resid norm 9.833153399698e-23 true resid norm 9.833153399701e-23 ||r(i)||/||b|| 2.051528078842e-06
187 KSP unpreconditioned resid norm 9.572194488054e-23 true resid norm 9.572194488069e-23 ||r(i)||/||b|| 1.997083231612e-06
188 KSP unpreconditioned resid norm 9.365973108645e-23 true resid norm 9.365973108672e-23 ||r(i)||/||b|| 1.954058483284e-06
189 KSP unpreconditioned resid norm 9.191875329930e-23 true resid norm 9.191875329964e-23 ||r(i)||/||b|| 1.917735803574e-06
190 KSP unpreconditioned resid norm 9.164459939497e-23 true resid norm 9.138040663817e-23 ||r(i)||/||b|| 1.906504073047e-06
191 KSP unpreconditioned resid norm 9.163482195574e-23 true resid norm 9.134414099920e-23 ||r(i)||/||b|| 1.905747449270e-06
192 KSP unpreconditioned resid norm 9.154661844960e-23 true resid norm 9.120595192895e-23 ||r(i)||/||b|| 1.902864358299e-06
193 KSP unpreconditioned resid norm 9.154404353983e-23 true resid norm 9.118838947494e-23 ||r(i)||/||b|| 1.902497946162e-06
194 KSP unpreconditioned resid norm 9.147615983262e-23 true resid norm 9.114101217319e-23 ||r(i)||/||b|| 1.901509495551e-06
195 KSP unpreconditioned resid norm 9.147596523844e-23 true resid norm 9.113981919274e-23 ||r(i)||/||b|| 1.901484605947e-06
196 KSP unpreconditioned resid norm 9.140553234300e-23 true resid norm 9.124113875820e-23 ||r(i)||/||b|| 1.903598474460e-06
197 KSP unpreconditioned resid norm 9.137699890165e-23 true resid norm 9.131002089745e-23 ||r(i)||/||b|| 1.905035588649e-06
198 KSP unpreconditioned resid norm 9.130330441125e-23 true resid norm 9.158393836392e-23 ||r(i)||/||b|| 1.910750432615e-06
199 KSP unpreconditioned resid norm 9.129594022244e-23 true resid norm 9.163968302858e-23 ||r(i)||/||b|| 1.911913454691e-06
200 KSP unpreconditioned resid norm 9.199582907150e-23 true resid norm 9.199582907150e-23 ||r(i)||/||b|| 1.919343864627e-06
201 KSP unpreconditioned resid norm 9.086944103873e-23 true resid norm 9.086944103861e-23 ||r(i)||/||b|| 1.895843603996e-06
202 KSP unpreconditioned resid norm 8.975480385295e-23 true resid norm 8.975480385291e-23 ||r(i)||/||b|| 1.872588505746e-06
203 KSP unpreconditioned resid norm 8.832310535341e-23 true resid norm 8.832310535333e-23 ||r(i)||/||b|| 1.842718437082e-06
204 KSP unpreconditioned resid norm 8.628558797962e-23 true resid norm 8.628558797966e-23 ||r(i)||/||b|| 1.800208939536e-06
205 KSP unpreconditioned resid norm 8.367155200014e-23 true resid norm 8.367155200013e-23 ||r(i)||/||b|| 1.745671315712e-06
206 KSP unpreconditioned resid norm 8.050282916364e-23 true resid norm 8.050282916369e-23 ||r(i)||/||b|| 1.679561049669e-06
207 KSP unpreconditioned resid norm 7.684209838962e-23 true resid norm 7.684209838953e-23 ||r(i)||/||b|| 1.603185835462e-06
208 KSP unpreconditioned resid norm 7.270649335102e-23 true resid norm 7.270649335106e-23 ||r(i)||/||b|| 1.516903139418e-06
209 KSP unpreconditioned resid norm 6.918069524824e-23 true resid norm 6.918069524822e-23 ||r(i)||/||b|| 1.443343076697e-06
210 KSP unpreconditioned resid norm 6.484360407550e-23 true resid norm 6.484360407560e-23 ||r(i)||/||b|| 1.352856699037e-06
211 KSP unpreconditioned resid norm 6.099721283891e-23 true resid norm 6.099721283900e-23 ||r(i)||/||b|| 1.272607980204e-06
212 KSP unpreconditioned resid norm 5.748745439750e-23 true resid norm 5.748745439728e-23 ||r(i)||/||b|| 1.199382559015e-06
213 KSP unpreconditioned resid norm 5.468427671172e-23 true resid norm 5.468427671154e-23 ||r(i)||/||b|| 1.140898800056e-06
214 KSP unpreconditioned resid norm 5.234952893142e-23 true resid norm 5.234952893136e-23 ||r(i)||/||b|| 1.092188071836e-06
215 KSP unpreconditioned resid norm 5.068340425661e-23 true resid norm 5.068340425671e-23 ||r(i)||/||b|| 1.057427080992e-06
216 KSP unpreconditioned resid norm 4.955886552784e-23 true resid norm 4.955886552780e-23 ||r(i)||/||b|| 1.033965403092e-06
217 KSP unpreconditioned resid norm 4.870860316687e-23 true resid norm 4.870860316682e-23 ||r(i)||/||b|| 1.016226057055e-06
218 KSP unpreconditioned resid norm 4.810574705604e-23 true resid norm 4.810574705593e-23 ||r(i)||/||b|| 1.003648441424e-06
219 KSP unpreconditioned resid norm 4.745919861272e-23 true resid norm 4.745919861273e-23 ||r(i)||/||b|| 9.901592560970e-07
220 KSP unpreconditioned resid norm 4.676825154877e-23 true resid norm 4.676825154872e-23 ||r(i)||/||b|| 9.757437655094e-07
221 KSP unpreconditioned resid norm 4.608662753573e-23 true resid norm 4.608662753554e-23 ||r(i)||/||b|| 9.615227852661e-07
222 KSP unpreconditioned resid norm 4.532919196857e-23 true resid norm 4.532919196850e-23 ||r(i)||/||b|| 9.457201198287e-07
223 KSP unpreconditioned resid norm 4.456854763968e-23 true resid norm 4.456854763928e-23 ||r(i)||/||b|| 9.298505087693e-07
224 KSP unpreconditioned resid norm 4.379911386281e-23 true resid norm 4.379911386268e-23 ||r(i)||/||b|| 9.137975201365e-07
225 KSP unpreconditioned resid norm 4.321017480642e-23 true resid norm 4.321017480612e-23 ||r(i)||/||b|| 9.015102612873e-07
226 KSP unpreconditioned resid norm 4.260604831439e-23 true resid norm 4.260604831433e-23 ||r(i)||/||b|| 8.889061412182e-07
227 KSP unpreconditioned resid norm 4.211862994417e-23 true resid norm 4.211862994392e-23 ||r(i)||/||b|| 8.787369469386e-07
228 KSP unpreconditioned resid norm 4.161558401241e-23 true resid norm 4.161558401220e-23 ||r(i)||/||b|| 8.682417089214e-07
229 KSP unpreconditioned resid norm 4.105832173380e-23 true resid norm 4.105832173356e-23 ||r(i)||/||b|| 8.566153347011e-07
230 KSP unpreconditioned resid norm 4.043884626768e-23 true resid norm 4.043884626754e-23 ||r(i)||/||b|| 8.436909831628e-07
231 KSP unpreconditioned resid norm 3.986499092467e-23 true resid norm 3.986499092455e-23 ||r(i)||/||b|| 8.317184215491e-07
232 KSP unpreconditioned resid norm 3.948890130287e-23 true resid norm 3.948890130273e-23 ||r(i)||/||b|| 8.238719211646e-07
233 KSP unpreconditioned resid norm 3.914026756660e-23 true resid norm 3.914026756661e-23 ||r(i)||/||b|| 8.165982433340e-07
234 KSP unpreconditioned resid norm 3.883389994052e-23 true resid norm 3.883389994032e-23 ||r(i)||/||b|| 8.102063793791e-07
235 KSP unpreconditioned resid norm 3.841982333199e-23 true resid norm 3.841982333189e-23 ||r(i)||/||b|| 8.015673420891e-07
236 KSP unpreconditioned resid norm 3.796027164150e-23 true resid norm 3.796027164144e-23 ||r(i)||/||b|| 7.919795409197e-07
237 KSP unpreconditioned resid norm 3.730117476603e-23 true resid norm 3.730117476589e-23 ||r(i)||/||b|| 7.782285528907e-07
238 KSP unpreconditioned resid norm 3.646385035071e-23 true resid norm 3.646385035052e-23 ||r(i)||/||b|| 7.607591361187e-07
239 KSP unpreconditioned resid norm 3.542979773479e-23 true resid norm 3.542979773472e-23 ||r(i)||/||b|| 7.391853043061e-07
240 KSP unpreconditioned resid norm 3.426426053200e-23 true resid norm 3.426426053189e-23 ||r(i)||/||b|| 7.148682596986e-07
241 KSP unpreconditioned resid norm 3.310202889664e-23 true resid norm 3.310202889667e-23 ||r(i)||/||b|| 6.906201804014e-07
242 KSP unpreconditioned resid norm 3.182842804674e-23 true resid norm 3.182842804659e-23 ||r(i)||/||b|| 6.640485629460e-07
243 KSP unpreconditioned resid norm 3.062598825488e-23 true resid norm 3.062598825483e-23 ||r(i)||/||b|| 6.389616056329e-07
244 KSP unpreconditioned resid norm 2.940797911120e-23 true resid norm 2.940797911106e-23 ||r(i)||/||b|| 6.135498190252e-07
245 KSP unpreconditioned resid norm 2.818580749622e-23 true resid norm 2.818580749607e-23 ||r(i)||/||b|| 5.880511892022e-07
246 KSP unpreconditioned resid norm 2.683069766061e-23 true resid norm 2.683069766066e-23 ||r(i)||/||b|| 5.597790188796e-07
247 KSP unpreconditioned resid norm 2.529702235729e-23 true resid norm 2.529702235719e-23 ||r(i)||/||b|| 5.277813694887e-07
248 KSP unpreconditioned resid norm 2.366297145561e-23 true resid norm 2.366297145556e-23 ||r(i)||/||b|| 4.936895459334e-07
249 KSP unpreconditioned resid norm 2.211812698196e-23 true resid norm 2.211812698188e-23 ||r(i)||/||b|| 4.614588699094e-07
250 KSP unpreconditioned resid norm 2.072287836961e-23 true resid norm 2.072287836943e-23 ||r(i)||/||b|| 4.323492690617e-07
251 KSP unpreconditioned resid norm 1.949145006304e-23 true resid norm 1.949145006306e-23 ||r(i)||/||b|| 4.066575133765e-07
252 KSP unpreconditioned resid norm 1.829218938300e-23 true resid norm 1.829218938296e-23 ||r(i)||/||b|| 3.816368830754e-07
253 KSP unpreconditioned resid norm 1.711829779581e-23 true resid norm 1.711829779576e-23 ||r(i)||/||b|| 3.571455377789e-07
254 KSP unpreconditioned resid norm 1.598276077641e-23 true resid norm 1.598276077634e-23 ||r(i)||/||b|| 3.334543983730e-07
255 KSP unpreconditioned resid norm 1.492667559283e-23 true resid norm 1.492667559281e-23 ||r(i)||/||b|| 3.114208927459e-07
256 KSP unpreconditioned resid norm 1.367144660596e-23 true resid norm 1.367144660591e-23 ||r(i)||/||b|| 2.852325744381e-07
257 KSP unpreconditioned resid norm 1.245718439713e-23 true resid norm 1.245718439714e-23 ||r(i)||/||b|| 2.598989615562e-07
258 KSP unpreconditioned resid norm 1.123578468102e-23 true resid norm 1.123578468099e-23 ||r(i)||/||b|| 2.344164361514e-07
259 KSP unpreconditioned resid norm 1.028156148388e-23 true resid norm 1.028156148389e-23 ||r(i)||/||b|| 2.145081157708e-07
260 KSP unpreconditioned resid norm 9.508565141355e-24 true resid norm 9.508565141404e-24 ||r(i)||/||b|| 1.983807999749e-07
261 KSP unpreconditioned resid norm 8.920587548128e-24 true resid norm 8.920587548128e-24 ||r(i)||/||b|| 1.861136004988e-07
262 KSP unpreconditioned resid norm 8.457433362734e-24 true resid norm 8.457433362755e-24 ||r(i)||/||b|| 1.764506391119e-07
263 KSP unpreconditioned resid norm 7.935750596841e-24 true resid norm 7.935750596833e-24 ||r(i)||/||b|| 1.655665737563e-07
264 KSP unpreconditioned resid norm 7.304959545710e-24 true resid norm 7.304959545712e-24 ||r(i)||/||b|| 1.524061408753e-07
265 KSP unpreconditioned resid norm 6.607365062081e-24 true resid norm 6.607365062042e-24 ||r(i)||/||b|| 1.378519626507e-07
266 KSP unpreconditioned resid norm 6.035923088055e-24 true resid norm 6.035923088072e-24 ||r(i)||/||b|| 1.259297520701e-07
267 KSP unpreconditioned resid norm 5.605547048951e-24 true resid norm 5.605547048963e-24 ||r(i)||/||b|| 1.169506535774e-07
268 KSP unpreconditioned resid norm 5.295829993328e-24 true resid norm 5.295829993303e-24 ||r(i)||/||b|| 1.104889092075e-07
269 KSP unpreconditioned resid norm 5.065149828640e-24 true resid norm 5.065149828724e-24 ||r(i)||/||b|| 1.056761414653e-07
270 KSP unpreconditioned resid norm 4.851681968567e-24 true resid norm 4.851681968617e-24 ||r(i)||/||b|| 1.012224805578e-07
271 KSP unpreconditioned resid norm 4.635229208903e-24 true resid norm 4.635229208917e-24 ||r(i)||/||b|| 9.670654455824e-08
272 KSP unpreconditioned resid norm 4.443675889015e-24 true resid norm 4.443675889015e-24 ||r(i)||/||b|| 9.271009501250e-08
273 KSP unpreconditioned resid norm 4.246816320886e-24 true resid norm 4.246816320952e-24 ||r(i)||/||b|| 8.860293919936e-08
274 KSP unpreconditioned resid norm 4.062013583506e-24 true resid norm 4.062013583607e-24 ||r(i)||/||b|| 8.474732961719e-08
275 KSP unpreconditioned resid norm 3.889863371934e-24 true resid norm 3.889863371970e-24 ||r(i)||/||b|| 8.115569447639e-08
276 KSP unpreconditioned resid norm 3.689193560331e-24 true resid norm 3.689193560392e-24 ||r(i)||/||b|| 7.696904410805e-08
277 KSP unpreconditioned resid norm 3.481184025633e-24 true resid norm 3.481184025673e-24 ||r(i)||/||b|| 7.262926231276e-08
278 KSP unpreconditioned resid norm 3.268935280778e-24 true resid norm 3.268935280842e-24 ||r(i)||/||b|| 6.820103626950e-08
279 KSP unpreconditioned resid norm 3.071237758588e-24 true resid norm 3.071237758697e-24 ||r(i)||/||b|| 6.407639790262e-08
280 KSP unpreconditioned resid norm 2.861235851623e-24 true resid norm 2.861235851713e-24 ||r(i)||/||b|| 5.969504848929e-08
281 KSP unpreconditioned resid norm 2.667513970340e-24 true resid norm 2.667513970366e-24 ||r(i)||/||b|| 5.565335542387e-08
282 KSP unpreconditioned resid norm 2.515746452877e-24 true resid norm 2.515746452906e-24 ||r(i)||/||b|| 5.248697216034e-08
283 KSP unpreconditioned resid norm 2.397992415325e-24 true resid norm 2.397992415328e-24 ||r(i)||/||b|| 5.003022502471e-08
284 KSP unpreconditioned resid norm 2.305165477936e-24 true resid norm 2.305165477975e-24 ||r(i)||/||b|| 4.809354143287e-08
285 KSP unpreconditioned resid norm 2.228273562135e-24 true resid norm 2.228273562225e-24 ||r(i)||/||b|| 4.648931623894e-08
286 KSP unpreconditioned resid norm 2.155923791163e-24 true resid norm 2.155923791196e-24 ||r(i)||/||b|| 4.497985553258e-08
287 KSP unpreconditioned resid norm 2.077747993609e-24 true resid norm 2.077747993639e-24 ||r(i)||/||b|| 4.334884422567e-08
288 KSP unpreconditioned resid norm 1.992851067082e-24 true resid norm 1.992851067106e-24 ||r(i)||/||b|| 4.157760745644e-08
289 KSP unpreconditioned resid norm 1.911413205010e-24 true resid norm 1.911413205016e-24 ||r(i)||/||b|| 3.987853846030e-08
290 KSP unpreconditioned resid norm 1.836941690185e-24 true resid norm 1.836941690218e-24 ||r(i)||/||b|| 3.832481100919e-08
291 KSP unpreconditioned resid norm 1.788260020625e-24 true resid norm 1.788260020648e-24 ||r(i)||/||b|| 3.730914687797e-08
292 KSP unpreconditioned resid norm 1.780243652397e-24 true resid norm 1.777511379151e-24 ||r(i)||/||b|| 3.708489389477e-08
293 KSP unpreconditioned resid norm 1.780224435518e-24 true resid norm 1.777157022570e-24 ||r(i)||/||b|| 3.707750081906e-08
294 KSP unpreconditioned resid norm 1.779201535497e-24 true resid norm 1.773647866871e-24 ||r(i)||/||b|| 3.700428797313e-08
295 KSP unpreconditioned resid norm 1.778766164376e-24 true resid norm 1.772492578036e-24 ||r(i)||/||b|| 3.698018474410e-08
296 KSP unpreconditioned resid norm 1.778441770226e-24 true resid norm 1.771431311910e-24 ||r(i)||/||b|| 3.695804314650e-08
297 KSP unpreconditioned resid norm 1.778421491498e-24 true resid norm 1.771408927832e-24 ||r(i)||/||b|| 3.695757613899e-08
298 KSP unpreconditioned resid norm 1.778214790341e-24 true resid norm 1.771251766909e-24 ||r(i)||/||b|| 3.695429723106e-08
299 KSP unpreconditioned resid norm 1.778078684971e-24 true resid norm 1.771121302974e-24 ||r(i)||/||b|| 3.695157531253e-08
300 KSP unpreconditioned resid norm 1.771217211243e-24 true resid norm 1.771217211243e-24 ||r(i)||/||b|| 3.695357628310e-08
301 KSP unpreconditioned resid norm 1.747405995794e-24 true resid norm 1.747405995866e-24 ||r(i)||/||b|| 3.645679386804e-08
302 KSP unpreconditioned resid norm 1.724358659700e-24 true resid norm 1.724358659721e-24 ||r(i)||/||b|| 3.597594855500e-08
303 KSP unpreconditioned resid norm 1.698567727970e-24 true resid norm 1.698567727964e-24 ||r(i)||/||b|| 3.543786256643e-08
304 KSP unpreconditioned resid norm 1.675422643883e-24 true resid norm 1.675422643897e-24 ||r(i)||/||b|| 3.495497790147e-08
305 KSP unpreconditioned resid norm 1.660437510708e-24 true resid norm 1.660437510685e-24 ||r(i)||/||b|| 3.464233738524e-08
306 KSP unpreconditioned resid norm 1.639414275236e-24 true resid norm 1.639414275251e-24 ||r(i)||/||b|| 3.420372165285e-08
307 KSP unpreconditioned resid norm 1.620555292838e-24 true resid norm 1.620555292853e-24 ||r(i)||/||b|| 3.381025955218e-08
308 KSP unpreconditioned resid norm 1.598060982747e-24 true resid norm 1.598060982804e-24 ||r(i)||/||b|| 3.334095223231e-08
309 KSP unpreconditioned resid norm 1.579912345813e-24 true resid norm 1.579912345845e-24 ||r(i)||/||b|| 3.296231033789e-08
310 KSP unpreconditioned resid norm 1.560389485703e-24 true resid norm 1.560389485747e-24 ||r(i)||/||b|| 3.255499750505e-08
311 KSP unpreconditioned resid norm 1.538900563328e-24 true resid norm 1.538900563335e-24 ||r(i)||/||b|| 3.210666596865e-08
312 KSP unpreconditioned resid norm 1.514643359400e-24 true resid norm 1.514643359399e-24 ||r(i)||/||b|| 3.160057872516e-08
313 KSP unpreconditioned resid norm 1.482485941911e-24 true resid norm 1.482485941902e-24 ||r(i)||/||b|| 3.092966633056e-08
314 KSP unpreconditioned resid norm 1.450162659514e-24 true resid norm 1.450162659497e-24 ||r(i)||/||b|| 3.025529343351e-08
315 KSP unpreconditioned resid norm 1.416406357039e-24 true resid norm 1.416406357056e-24 ||r(i)||/||b|| 2.955102289606e-08
316 KSP unpreconditioned resid norm 1.382572991008e-24 true resid norm 1.382572991015e-24 ||r(i)||/||b|| 2.884514455151e-08
317 KSP unpreconditioned resid norm 1.343841182286e-24 true resid norm 1.343841182281e-24 ||r(i)||/||b|| 2.803706813968e-08
318 KSP unpreconditioned resid norm 1.294996013910e-24 true resid norm 1.294996013916e-24 ||r(i)||/||b|| 2.701799287112e-08
319 KSP unpreconditioned resid norm 1.245026707211e-24 true resid norm 1.245026707273e-24 ||r(i)||/||b|| 2.597546427941e-08
320 KSP unpreconditioned resid norm 1.187261510294e-24 true resid norm 1.187261510404e-24 ||r(i)||/||b|| 2.477028707390e-08
321 KSP unpreconditioned resid norm 1.117234494205e-24 true resid norm 1.117234494272e-24 ||r(i)||/||b|| 2.330928688370e-08
322 KSP unpreconditioned resid norm 1.047400706401e-24 true resid norm 1.047400706467e-24 ||r(i)||/||b|| 2.185231808935e-08
323 KSP unpreconditioned resid norm 9.804195188295e-25 true resid norm 9.804195188099e-25 ||r(i)||/||b|| 2.045486417353e-08
  Linear solve converged due to CONVERGED_ATOL iterations 323
Mat Object: 1 MPI process
  type: seqaijcusparse
  rows=281452, cols=281452, bs=4
  total: nonzeros=15993520, allocated nonzeros=15993520
  total number of mallocs used during MatSetValues calls=0
    not using I-node routines
Vec Object: 1 MPI process
  type: seqcuda
  length=281452, bs=4
Vec Object: 1 MPI process
  type: seqcuda
  length=281452, bs=4
KSP Object: 1 MPI process
  type: gmres
    restart=100, using classical (unmodified) Gram-Schmidt orthogonalization with no iterative refinement
    happy breakdown tolerance=1e-30
  maximum iterations=2000, initial guess is zero
  tolerances: relative=1e-10, absolute=1e-24, divergence=10000.
  right preconditioning
  diagonally scaled system
  using UNPRECONDITIONED norm type for convergence test
PC Object: 1 MPI process
  type: asm
    total subdomain blocks = 1, amount of overlap = 2
    restriction/interpolation type - RESTRICT
    Local solver information for first block is in the following KSP and PC objects on rank 0:
    Use -ksp_view ::ascii_info_detail to display information for all blocks
    KSP Object: (sub_) 1 MPI process
      type: preonly
      maximum iterations=10000, initial guess is zero
      tolerances: relative=1e-05, absolute=1e-50, divergence=10000.
      left preconditioning
      not checking for convergence
    PC Object: (sub_) 1 MPI process
      type: ilu
        out-of-place factorization
        2 levels of fill
        tolerance for zero pivot 2.22045e-14
        matrix ordering: natural
        factor fill ratio given 1., needed 4.996
          Factored matrix:
            Mat Object: (sub_) 1 MPI process
              type: seqaijcusparse
              rows=281452, cols=281452, bs=4
              package used to perform factorization: cusparse
              total: nonzeros=79903664, allocated nonzeros=79903664
                using I-node routines: found 70363 nodes, limit used is 5
      linear system matrix, which is also used to construct the preconditioner:
      Mat Object: (sub_) 1 MPI process
        type: seqaijcusparse
        rows=281452, cols=281452, bs=4
        total: nonzeros=15993520, allocated nonzeros=15993520
        total number of mallocs used during MatSetValues calls=0
          not using I-node routines
  linear system matrix, which is also used to construct the preconditioner:
  Mat Object: 1 MPI process
    type: seqaijcusparse
    rows=281452, cols=281452, bs=4
    total: nonzeros=15993520, allocated nonzeros=15993520
    total number of mallocs used during MatSetValues calls=0
      not using I-node routines
 NS     61-1    2.296e+03 [   0  1.000e+00  4.754e-14  2.045e-08] [  323 -177    1]
Vec Object: 1 MPI process
  type: seqcuda
  length=281452, bs=4
Mat Object: 1 MPI process
  type: seqaijcusparse
  rows=281452, cols=281452, bs=4
  total: nonzeros=15993520, allocated nonzeros=15993520
  total number of mallocs used during MatSetValues calls=0
    not using I-node routines
Mat Object: 1 MPI process
  type: seqaijcusparse
  rows=281452, cols=281452, bs=4
  total: nonzeros=15993520, allocated nonzeros=15993520
  total number of mallocs used during MatSetValues calls=0
    not using I-node routines
SV13P_REUSE step=61 equation=0 reuse=1 rebuild_requests=1 solve_requests=2 ksp=0x55729b63aa50 pc=0x55729d0f73e0
  0 KSP unpreconditioned resid norm 3.117781877039e-17 true resid norm 3.117781877039e-17 ||r(i)||/||b|| 1.000000000000e+00
  1 KSP unpreconditioned resid norm 1.981966382636e-18 true resid norm 1.981966382636e-18 ||r(i)||/||b|| 6.356975762904e-02
  2 KSP unpreconditioned resid norm 7.368917292401e-19 true resid norm 7.368917292401e-19 ||r(i)||/||b|| 2.363512773831e-02
  3 KSP unpreconditioned resid norm 3.893588379612e-19 true resid norm 3.893588379612e-19 ||r(i)||/||b|| 1.248832834742e-02
  4 KSP unpreconditioned resid norm 2.436991108655e-19 true resid norm 2.436991108655e-19 ||r(i)||/||b|| 7.816425923193e-03
  5 KSP unpreconditioned resid norm 1.672927179282e-19 true resid norm 1.672927179282e-19 ||r(i)||/||b|| 5.365760804505e-03
  6 KSP unpreconditioned resid norm 1.319744827230e-19 true resid norm 1.319744827230e-19 ||r(i)||/||b|| 4.232960737083e-03
  7 KSP unpreconditioned resid norm 1.125408126586e-19 true resid norm 1.125408126586e-19 ||r(i)||/||b|| 3.609643557409e-03
  8 KSP unpreconditioned resid norm 9.772514660061e-20 true resid norm 9.772514660061e-20 ||r(i)||/||b|| 3.134444629379e-03
  9 KSP unpreconditioned resid norm 8.607101528027e-20 true resid norm 8.607101528027e-20 ||r(i)||/||b|| 2.760649034306e-03
 10 KSP unpreconditioned resid norm 7.270222668156e-20 true resid norm 7.270222668156e-20 ||r(i)||/||b|| 2.331857376456e-03
 11 KSP unpreconditioned resid norm 5.746633769133e-20 true resid norm 5.746633769133e-20 ||r(i)||/||b|| 1.843180182505e-03
 12 KSP unpreconditioned resid norm 4.542081310357e-20 true resid norm 4.542081310357e-20 ||r(i)||/||b|| 1.456831006623e-03
 13 KSP unpreconditioned resid norm 3.777425551388e-20 true resid norm 3.777425551388e-20 ||r(i)||/||b|| 1.211574670828e-03
 14 KSP unpreconditioned resid norm 3.243596422598e-20 true resid norm 3.243596422597e-20 ||r(i)||/||b|| 1.040353863907e-03
 15 KSP unpreconditioned resid norm 2.795362949115e-20 true resid norm 2.795362949115e-20 ||r(i)||/||b|| 8.965870799690e-04
 16 KSP unpreconditioned resid norm 2.394067214249e-20 true resid norm 2.394067214249e-20 ||r(i)||/||b|| 7.678751460710e-04
 17 KSP unpreconditioned resid norm 2.104046391382e-20 true resid norm 2.104046391382e-20 ||r(i)||/||b|| 6.748536216971e-04
 18 KSP unpreconditioned resid norm 1.888394848252e-20 true resid norm 1.888394848252e-20 ||r(i)||/||b|| 6.056853630970e-04
 19 KSP unpreconditioned resid norm 1.725399835278e-20 true resid norm 1.725399835278e-20 ||r(i)||/||b|| 5.534062045790e-04
 20 KSP unpreconditioned resid norm 1.593354743033e-20 true resid norm 1.593354743033e-20 ||r(i)||/||b|| 5.110539498505e-04
 21 KSP unpreconditioned resid norm 1.497638129294e-20 true resid norm 1.497638129294e-20 ||r(i)||/||b|| 4.803537220879e-04
 22 KSP unpreconditioned resid norm 1.417957991406e-20 true resid norm 1.417957991406e-20 ||r(i)||/||b|| 4.547970471726e-04
 23 KSP unpreconditioned resid norm 1.350240434266e-20 true resid norm 1.350240434266e-20 ||r(i)||/||b|| 4.330772605390e-04
 24 KSP unpreconditioned resid norm 1.300532179136e-20 true resid norm 1.300532179136e-20 ||r(i)||/||b|| 4.171337926856e-04
 25 KSP unpreconditioned resid norm 1.246103687410e-20 true resid norm 1.246103687410e-20 ||r(i)||/||b|| 3.996763521487e-04
 26 KSP unpreconditioned resid norm 1.208240938380e-20 true resid norm 1.208240938380e-20 ||r(i)||/||b|| 3.875322219551e-04
 27 KSP unpreconditioned resid norm 1.168508578342e-20 true resid norm 1.168508578342e-20 ||r(i)||/||b|| 3.747884311432e-04
 28 KSP unpreconditioned resid norm 1.137833097999e-20 true resid norm 1.137833097999e-20 ||r(i)||/||b|| 3.649495515959e-04
 29 KSP unpreconditioned resid norm 1.113827268539e-20 true resid norm 1.113827268539e-20 ||r(i)||/||b|| 3.572499015219e-04
 30 KSP unpreconditioned resid norm 1.093680880668e-20 true resid norm 1.093680880668e-20 ||r(i)||/||b|| 3.507881320122e-04
 31 KSP unpreconditioned resid norm 1.078018215940e-20 true resid norm 1.078018215940e-20 ||r(i)||/||b|| 3.457644756611e-04
 32 KSP unpreconditioned resid norm 1.065974788281e-20 true resid norm 1.065974788281e-20 ||r(i)||/||b|| 3.419016564730e-04
 33 KSP unpreconditioned resid norm 1.055038764909e-20 true resid norm 1.055038764909e-20 ||r(i)||/||b|| 3.383940270736e-04
 34 KSP unpreconditioned resid norm 1.041578403478e-20 true resid norm 1.041578403478e-20 ||r(i)||/||b|| 3.340767393473e-04
 35 KSP unpreconditioned resid norm 1.027423832154e-20 true resid norm 1.027423832154e-20 ||r(i)||/||b|| 3.295367901520e-04
 36 KSP unpreconditioned resid norm 1.011998871591e-20 true resid norm 1.011998871591e-20 ||r(i)||/||b|| 3.245893752363e-04
 37 KSP unpreconditioned resid norm 9.998441544537e-21 true resid norm 9.998441544538e-21 ||r(i)||/||b|| 3.206908609666e-04
 38 KSP unpreconditioned resid norm 9.892577817856e-21 true resid norm 9.892577817857e-21 ||r(i)||/||b|| 3.172953788304e-04
 39 KSP unpreconditioned resid norm 9.809028573016e-21 true resid norm 9.809028573017e-21 ||r(i)||/||b|| 3.146156132748e-04
 40 KSP unpreconditioned resid norm 9.732403546525e-21 true resid norm 9.732403546526e-21 ||r(i)||/||b|| 3.121579356850e-04
 41 KSP unpreconditioned resid norm 9.643830204332e-21 true resid norm 9.643830204333e-21 ||r(i)||/||b|| 3.093170268053e-04
 42 KSP unpreconditioned resid norm 9.512446456992e-21 true resid norm 9.512446456994e-21 ||r(i)||/||b|| 3.051030133649e-04
 43 KSP unpreconditioned resid norm 9.352563985194e-21 true resid norm 9.352563985196e-21 ||r(i)||/||b|| 2.999749294225e-04
 44 KSP unpreconditioned resid norm 9.173611510665e-21 true resid norm 9.173611510667e-21 ||r(i)||/||b|| 2.942351925972e-04
 45 KSP unpreconditioned resid norm 9.028601438455e-21 true resid norm 9.028601438458e-21 ||r(i)||/||b|| 2.895841272588e-04
 46 KSP unpreconditioned resid norm 8.866847021213e-21 true resid norm 8.866847021215e-21 ||r(i)||/||b|| 2.843960023796e-04
 47 KSP unpreconditioned resid norm 8.695464379332e-21 true resid norm 8.695464379335e-21 ||r(i)||/||b|| 2.788990610078e-04
 48 KSP unpreconditioned resid norm 8.482108763820e-21 true resid norm 8.482108763823e-21 ||r(i)||/||b|| 2.720558749247e-04
 49 KSP unpreconditioned resid norm 8.219078593648e-21 true resid norm 8.219078593651e-21 ||r(i)||/||b|| 2.636194229680e-04
 50 KSP unpreconditioned resid norm 7.950005964652e-21 true resid norm 7.950005964655e-21 ||r(i)||/||b|| 2.549891646751e-04
 51 KSP unpreconditioned resid norm 7.653872095454e-21 true resid norm 7.653872095456e-21 ||r(i)||/||b|| 2.454909418719e-04
 52 KSP unpreconditioned resid norm 7.311341954038e-21 true resid norm 7.311341954039e-21 ||r(i)||/||b|| 2.345046011038e-04
 53 KSP unpreconditioned resid norm 6.935888443111e-21 true resid norm 6.935888443113e-21 ||r(i)||/||b|| 2.224622733935e-04
 54 KSP unpreconditioned resid norm 6.603896508923e-21 true resid norm 6.603896508924e-21 ||r(i)||/||b|| 2.118139359766e-04
 55 KSP unpreconditioned resid norm 6.290827151592e-21 true resid norm 6.290827151593e-21 ||r(i)||/||b|| 2.017725228927e-04
 56 KSP unpreconditioned resid norm 6.025105266685e-21 true resid norm 6.025105266687e-21 ||r(i)||/||b|| 1.932497366496e-04
 57 KSP unpreconditioned resid norm 5.759409111137e-21 true resid norm 5.759409111141e-21 ||r(i)||/||b|| 1.847277756521e-04
 58 KSP unpreconditioned resid norm 5.493107048235e-21 true resid norm 5.493107048240e-21 ||r(i)||/||b|| 1.761863807309e-04
 59 KSP unpreconditioned resid norm 5.201840124747e-21 true resid norm 5.201840124753e-21 ||r(i)||/||b|| 1.668442607567e-04
 60 KSP unpreconditioned resid norm 4.916914431463e-21 true resid norm 4.916914431470e-21 ||r(i)||/||b|| 1.577055299372e-04
 61 KSP unpreconditioned resid norm 4.611607383952e-21 true resid norm 4.611607383959e-21 ||r(i)||/||b|| 1.479130858358e-04
 62 KSP unpreconditioned resid norm 4.310205044668e-21 true resid norm 4.310205044677e-21 ||r(i)||/||b|| 1.382458816769e-04
 63 KSP unpreconditioned resid norm 3.982343633845e-21 true resid norm 3.982343633854e-21 ||r(i)||/||b|| 1.277300270164e-04
 64 KSP unpreconditioned resid norm 3.661860414396e-21 true resid norm 3.661860414405e-21 ||r(i)||/||b|| 1.174508210909e-04
 65 KSP unpreconditioned resid norm 3.379525820489e-21 true resid norm 3.379525820498e-21 ||r(i)||/||b|| 1.083951974122e-04
 66 KSP unpreconditioned resid norm 3.168211759556e-21 true resid norm 3.168211759564e-21 ||r(i)||/||b|| 1.016174923235e-04
 67 KSP unpreconditioned resid norm 2.961763702392e-21 true resid norm 2.961763702399e-21 ||r(i)||/||b|| 9.499585985185e-05
 68 KSP unpreconditioned resid norm 2.793652062048e-21 true resid norm 2.793652062055e-21 ||r(i)||/||b|| 8.960383286041e-05
 69 KSP unpreconditioned resid norm 2.651578629287e-21 true resid norm 2.651578629293e-21 ||r(i)||/||b|| 8.504695754441e-05
 70 KSP unpreconditioned resid norm 2.527533578872e-21 true resid norm 2.527533578879e-21 ||r(i)||/||b|| 8.106832609083e-05
 71 KSP unpreconditioned resid norm 2.417202483932e-21 true resid norm 2.417202483940e-21 ||r(i)||/||b|| 7.752955720673e-05
 72 KSP unpreconditioned resid norm 2.309311418639e-21 true resid norm 2.309311418649e-21 ||r(i)||/||b|| 7.406905004021e-05
 73 KSP unpreconditioned resid norm 2.218696343051e-21 true resid norm 2.218696343063e-21 ||r(i)||/||b|| 7.116265443077e-05
 74 KSP unpreconditioned resid norm 2.145298735724e-21 true resid norm 2.145298735736e-21 ||r(i)||/||b|| 6.880849335660e-05
 75 KSP unpreconditioned resid norm 2.076739921926e-21 true resid norm 2.076739921938e-21 ||r(i)||/||b|| 6.660953215593e-05
 76 KSP unpreconditioned resid norm 2.013913277762e-21 true resid norm 2.013913277775e-21 ||r(i)||/||b|| 6.459442504962e-05
 77 KSP unpreconditioned resid norm 1.956926396971e-21 true resid norm 1.956926396984e-21 ||r(i)||/||b|| 6.276662300836e-05
 78 KSP unpreconditioned resid norm 1.905572001504e-21 true resid norm 1.905572001519e-21 ||r(i)||/||b|| 6.111947777848e-05
 79 KSP unpreconditioned resid norm 1.852461263498e-21 true resid norm 1.852461263513e-21 ||r(i)||/||b|| 5.941599946922e-05
 80 KSP unpreconditioned resid norm 1.802155405009e-21 true resid norm 1.802155405025e-21 ||r(i)||/||b|| 5.780248510316e-05
 81 KSP unpreconditioned resid norm 1.752912056961e-21 true resid norm 1.752912056977e-21 ||r(i)||/||b|| 5.622304978697e-05
 82 KSP unpreconditioned resid norm 1.708574469335e-21 true resid norm 1.708574469351e-21 ||r(i)||/||b|| 5.480096224606e-05
 83 KSP unpreconditioned resid norm 1.664161613941e-21 true resid norm 1.664161613958e-21 ||r(i)||/||b|| 5.337646056041e-05
 84 KSP unpreconditioned resid norm 1.618383280732e-21 true resid norm 1.618383280748e-21 ||r(i)||/||b|| 5.190816242362e-05
 85 KSP unpreconditioned resid norm 1.567407522437e-21 true resid norm 1.567407522451e-21 ||r(i)||/||b|| 5.027316163436e-05
 86 KSP unpreconditioned resid norm 1.519165420903e-21 true resid norm 1.519165420914e-21 ||r(i)||/||b|| 4.872584038357e-05
 87 KSP unpreconditioned resid norm 1.475899515270e-21 true resid norm 1.475899515279e-21 ||r(i)||/||b|| 4.733812606160e-05
 88 KSP unpreconditioned resid norm 1.441628766629e-21 true resid norm 1.441628766637e-21 ||r(i)||/||b|| 4.623892316693e-05
 89 KSP unpreconditioned resid norm 1.412543884143e-21 true resid norm 1.412543884154e-21 ||r(i)||/||b|| 4.530605218268e-05
 90 KSP unpreconditioned resid norm 1.384373836076e-21 true resid norm 1.384373836089e-21 ||r(i)||/||b|| 4.440252367506e-05
 91 KSP unpreconditioned resid norm 1.357493230466e-21 true resid norm 1.357493230484e-21 ||r(i)||/||b|| 4.354035285409e-05
 92 KSP unpreconditioned resid norm 1.331004947093e-21 true resid norm 1.331004947115e-21 ||r(i)||/||b|| 4.269076540977e-05
 93 KSP unpreconditioned resid norm 1.323025388632e-21 true resid norm 1.323030468491e-21 ||r(i)||/||b|| 4.243499130692e-05
 94 KSP unpreconditioned resid norm 1.291922212307e-21 true resid norm 1.281117711506e-21 ||r(i)||/||b|| 4.109067798939e-05
 95 KSP unpreconditioned resid norm 1.277230161867e-21 true resid norm 1.260847007529e-21 ||r(i)||/||b|| 4.044051371312e-05
 96 KSP unpreconditioned resid norm 1.258802604512e-21 true resid norm 1.221099978305e-21 ||r(i)||/||b|| 3.916566413122e-05
 97 KSP unpreconditioned resid norm 1.254810606201e-21 true resid norm 1.212865365807e-21 ||r(i)||/||b|| 3.890154647247e-05
 98 KSP unpreconditioned resid norm 1.250385912344e-21 true resid norm 1.211763692293e-21 ||r(i)||/||b|| 3.886621130288e-05
 99 KSP unpreconditioned resid norm 1.242628104548e-21 true resid norm 1.208014633188e-21 ||r(i)||/||b|| 3.874596366361e-05
100 KSP unpreconditioned resid norm 1.218837328721e-21 true resid norm 1.218837328721e-21 ||r(i)||/||b|| 3.909309171680e-05
101 KSP unpreconditioned resid norm 1.178176574767e-21 true resid norm 1.178176574767e-21 ||r(i)||/||b|| 3.778893525053e-05
102 KSP unpreconditioned resid norm 1.166478695548e-21 true resid norm 1.166478695548e-21 ||r(i)||/||b|| 3.741373648164e-05
103 KSP unpreconditioned resid norm 1.158095408806e-21 true resid norm 1.158095408806e-21 ||r(i)||/||b|| 3.714485023263e-05
104 KSP unpreconditioned resid norm 1.148211211311e-21 true resid norm 1.148211211311e-21 ||r(i)||/||b|| 3.682782364499e-05
105 KSP unpreconditioned resid norm 1.136660394487e-21 true resid norm 1.136660394487e-21 ||r(i)||/||b|| 3.645734176782e-05
106 KSP unpreconditioned resid norm 1.120470559170e-21 true resid norm 1.120470559170e-21 ||r(i)||/||b|| 3.593806761856e-05
107 KSP unpreconditioned resid norm 1.101171156086e-21 true resid norm 1.101171156086e-21 ||r(i)||/||b|| 3.531905692941e-05
108 KSP unpreconditioned resid norm 1.084790689340e-21 true resid norm 1.084790689340e-21 ||r(i)||/||b|| 3.479366845156e-05
109 KSP unpreconditioned resid norm 1.072158341460e-21 true resid norm 1.072158341460e-21 ||r(i)||/||b|| 3.438849745570e-05
110 KSP unpreconditioned resid norm 1.056482731371e-21 true resid norm 1.056482731371e-21 ||r(i)||/||b|| 3.388571661000e-05
111 KSP unpreconditioned resid norm 1.040438628483e-21 true resid norm 1.040438628483e-21 ||r(i)||/||b|| 3.337111669501e-05
112 KSP unpreconditioned resid norm 1.021229589689e-21 true resid norm 1.021229589689e-21 ||r(i)||/||b|| 3.275500435773e-05
113 KSP unpreconditioned resid norm 9.978465533782e-22 true resid norm 9.978465533782e-22 ||r(i)||/||b|| 3.200501487056e-05
114 KSP unpreconditioned resid norm 9.712673189761e-22 true resid norm 9.712673189760e-22 ||r(i)||/||b|| 3.115251025509e-05
115 KSP unpreconditioned resid norm 9.466424912363e-22 true resid norm 9.466424912364e-22 ||r(i)||/||b|| 3.036269144445e-05
116 KSP unpreconditioned resid norm 9.182864516770e-22 true resid norm 9.182864516770e-22 ||r(i)||/||b|| 2.945319742987e-05
117 KSP unpreconditioned resid norm 8.944087660990e-22 true resid norm 8.944087660991e-22 ||r(i)||/||b|| 2.868734252020e-05
118 KSP unpreconditioned resid norm 8.647812947028e-22 true resid norm 8.647812947028e-22 ||r(i)||/||b|| 2.773706849319e-05
119 KSP unpreconditioned resid norm 8.321046762972e-22 true resid norm 8.321046762972e-22 ||r(i)||/||b|| 2.668899586675e-05
120 KSP unpreconditioned resid norm 7.897724249172e-22 true resid norm 7.897724249172e-22 ||r(i)||/||b|| 2.533122765045e-05
121 KSP unpreconditioned resid norm 7.508506039172e-22 true resid norm 7.508506039172e-22 ||r(i)||/||b|| 2.408284586702e-05
122 KSP unpreconditioned resid norm 7.147165128652e-22 true resid norm 7.147165128652e-22 ||r(i)||/||b|| 2.292387797006e-05
123 KSP unpreconditioned resid norm 6.798447146886e-22 true resid norm 6.798447146886e-22 ||r(i)||/||b|| 2.180539696171e-05
124 KSP unpreconditioned resid norm 6.464996920751e-22 true resid norm 6.464996920751e-22 ||r(i)||/||b|| 2.073588588208e-05
125 KSP unpreconditioned resid norm 6.128875950374e-22 true resid norm 6.128875950373e-22 ||r(i)||/||b|| 1.965780863475e-05
126 KSP unpreconditioned resid norm 5.791176022617e-22 true resid norm 5.791176022617e-22 ||r(i)||/||b|| 1.857466702615e-05
127 KSP unpreconditioned resid norm 5.447306201791e-22 true resid norm 5.447306201791e-22 ||r(i)||/||b|| 1.747173605026e-05
128 KSP unpreconditioned resid norm 5.125380744757e-22 true resid norm 5.125380744757e-22 ||r(i)||/||b|| 1.643918961266e-05
129 KSP unpreconditioned resid norm 4.806219098533e-22 true resid norm 4.806219098533e-22 ||r(i)||/||b|| 1.541550784527e-05
130 KSP unpreconditioned resid norm 4.500861558258e-22 true resid norm 4.500861558258e-22 ||r(i)||/||b|| 1.443610148421e-05
131 KSP unpreconditioned resid norm 4.222159443356e-22 true resid norm 4.222159443356e-22 ||r(i)||/||b|| 1.354218996027e-05
132 KSP unpreconditioned resid norm 3.977025269251e-22 true resid norm 3.977025269251e-22 ||r(i)||/||b|| 1.275594453396e-05
133 KSP unpreconditioned resid norm 3.747701885042e-22 true resid norm 3.747701885042e-22 ||r(i)||/||b|| 1.202041076909e-05
134 KSP unpreconditioned resid norm 3.578446957698e-22 true resid norm 3.578446957697e-22 ||r(i)||/||b|| 1.147754108153e-05
135 KSP unpreconditioned resid norm 3.456967647288e-22 true resid norm 3.456967647289e-22 ||r(i)||/||b|| 1.108790731240e-05
136 KSP unpreconditioned resid norm 3.351350765070e-22 true resid norm 3.351350765070e-22 ||r(i)||/||b|| 1.074915082979e-05
137 KSP unpreconditioned resid norm 3.243128240090e-22 true resid norm 3.243128240091e-22 ||r(i)||/||b|| 1.040203698653e-05
138 KSP unpreconditioned resid norm 3.132747087320e-22 true resid norm 3.132747087319e-22 ||r(i)||/||b|| 1.004799954221e-05
139 KSP unpreconditioned resid norm 3.009882437609e-22 true resid norm 3.009882437609e-22 ||r(i)||/||b|| 9.653922424064e-06
140 KSP unpreconditioned resid norm 2.876025333401e-22 true resid norm 2.876025333401e-22 ||r(i)||/||b|| 9.224588014257e-06
141 KSP unpreconditioned resid norm 2.744262072644e-22 true resid norm 2.744262072643e-22 ||r(i)||/||b|| 8.801969415670e-06
142 KSP unpreconditioned resid norm 2.616484520990e-22 true resid norm 2.616484520989e-22 ||r(i)||/||b|| 8.392134614218e-06
143 KSP unpreconditioned resid norm 2.502707100591e-22 true resid norm 2.502707100590e-22 ||r(i)||/||b|| 8.027203952339e-06
144 KSP unpreconditioned resid norm 2.391508071135e-22 true resid norm 2.391508071133e-22 ||r(i)||/||b|| 7.670543243405e-06
145 KSP unpreconditioned resid norm 2.287436139083e-22 true resid norm 2.287436139082e-22 ||r(i)||/||b|| 7.336742047054e-06
146 KSP unpreconditioned resid norm 2.183930695978e-22 true resid norm 2.183930695978e-22 ||r(i)||/||b|| 7.004757812151e-06
147 KSP unpreconditioned resid norm 2.086425898050e-22 true resid norm 2.086425898050e-22 ||r(i)||/||b|| 6.692020097413e-06
148 KSP unpreconditioned resid norm 1.999752282573e-22 true resid norm 1.999752282572e-22 ||r(i)||/||b|| 6.414022409006e-06
149 KSP unpreconditioned resid norm 1.927650955638e-22 true resid norm 1.927650955638e-22 ||r(i)||/||b|| 6.182764002298e-06
150 KSP unpreconditioned resid norm 1.870146045984e-22 true resid norm 1.870146045983e-22 ||r(i)||/||b|| 5.998322268007e-06
151 KSP unpreconditioned resid norm 1.819675959183e-22 true resid norm 1.819675959182e-22 ||r(i)||/||b|| 5.836444084120e-06
152 KSP unpreconditioned resid norm 1.778118584306e-22 true resid norm 1.778118584304e-22 ||r(i)||/||b|| 5.703152607944e-06
153 KSP unpreconditioned resid norm 1.739335112697e-22 true resid norm 1.739335112696e-22 ||r(i)||/||b|| 5.578758172613e-06
154 KSP unpreconditioned resid norm 1.700192653665e-22 true resid norm 1.700192653663e-22 ||r(i)||/||b|| 5.453212317976e-06
155 KSP unpreconditioned resid norm 1.656774108961e-22 true resid norm 1.656774108960e-22 ||r(i)||/||b|| 5.313951309938e-06
156 KSP unpreconditioned resid norm 1.618189450619e-22 true resid norm 1.618189450619e-22 ||r(i)||/||b|| 5.190194549964e-06
157 KSP unpreconditioned resid norm 1.581106425241e-22 true resid norm 1.581106425241e-22 ||r(i)||/||b|| 5.071254140274e-06
158 KSP unpreconditioned resid norm 1.551118489071e-22 true resid norm 1.551118489069e-22 ||r(i)||/||b|| 4.975070579798e-06
159 KSP unpreconditioned resid norm 1.525511787399e-22 true resid norm 1.525511787398e-22 ||r(i)||/||b|| 4.892939427970e-06
160 KSP unpreconditioned resid norm 1.503229139985e-22 true resid norm 1.503229139982e-22 ||r(i)||/||b|| 4.821469875917e-06
161 KSP unpreconditioned resid norm 1.483943152106e-22 true resid norm 1.483943152104e-22 ||r(i)||/||b|| 4.759611835044e-06
162 KSP unpreconditioned resid norm 1.468475192571e-22 true resid norm 1.468475192570e-22 ||r(i)||/||b|| 4.709999770620e-06
163 KSP unpreconditioned resid norm 1.452878741160e-22 true resid norm 1.452878741157e-22 ||r(i)||/||b|| 4.659975580256e-06
164 KSP unpreconditioned resid norm 1.437544850673e-22 true resid norm 1.437544850672e-22 ||r(i)||/||b|| 4.610793530037e-06
165 KSP unpreconditioned resid norm 1.417975072765e-22 true resid norm 1.417975072764e-22 ||r(i)||/||b|| 4.548025258617e-06
166 KSP unpreconditioned resid norm 1.399203272319e-22 true resid norm 1.399203272318e-22 ||r(i)||/||b|| 4.487816426872e-06
167 KSP unpreconditioned resid norm 1.381734302816e-22 true resid norm 1.381734302814e-22 ||r(i)||/||b|| 4.431786306121e-06
168 KSP unpreconditioned resid norm 1.365407993275e-22 true resid norm 1.365407993272e-22 ||r(i)||/||b|| 4.379421162615e-06
169 KSP unpreconditioned resid norm 1.350251670082e-22 true resid norm 1.350251670079e-22 ||r(i)||/||b|| 4.330808643232e-06
170 KSP unpreconditioned resid norm 1.330075903363e-22 true resid norm 1.330075903360e-22 ||r(i)||/||b|| 4.266096718169e-06
171 KSP unpreconditioned resid norm 1.306527980030e-22 true resid norm 1.306527980028e-22 ||r(i)||/||b|| 4.190568909423e-06
172 KSP unpreconditioned resid norm 1.280644231850e-22 true resid norm 1.280644231849e-22 ||r(i)||/||b|| 4.107549156276e-06
173 KSP unpreconditioned resid norm 1.252030620877e-22 true resid norm 1.252030620875e-22 ||r(i)||/||b|| 4.015773618084e-06
174 KSP unpreconditioned resid norm 1.218712107163e-22 true resid norm 1.218712107161e-22 ||r(i)||/||b|| 3.908907534988e-06
175 KSP unpreconditioned resid norm 1.189217447287e-22 true resid norm 1.189217447285e-22 ||r(i)||/||b|| 3.814306113083e-06
176 KSP unpreconditioned resid norm 1.158553134965e-22 true resid norm 1.158553134965e-22 ||r(i)||/||b|| 3.715953138020e-06
177 KSP unpreconditioned resid norm 1.123462352414e-22 true resid norm 1.123462352414e-22 ||r(i)||/||b|| 3.603402664847e-06
178 KSP unpreconditioned resid norm 1.083427201410e-22 true resid norm 1.083427201409e-22 ||r(i)||/||b|| 3.474993582418e-06
179 KSP unpreconditioned resid norm 1.041897361774e-22 true resid norm 1.041897361774e-22 ||r(i)||/||b|| 3.341790423014e-06
180 KSP unpreconditioned resid norm 9.902122697266e-23 true resid norm 9.902122697254e-23 ||r(i)||/||b|| 3.176015221006e-06
181 KSP unpreconditioned resid norm 9.304560701638e-23 true resid norm 9.304560701613e-23 ||r(i)||/||b|| 2.984352680390e-06
182 KSP unpreconditioned resid norm 8.670101953456e-23 true resid norm 8.670101953424e-23 ||r(i)||/||b|| 2.780855844110e-06
183 KSP unpreconditioned resid norm 8.158138219554e-23 true resid norm 8.158138219523e-23 ||r(i)||/||b|| 2.616648162465e-06
184 KSP unpreconditioned resid norm 7.755011508766e-23 true resid norm 7.755011508753e-23 ||r(i)||/||b|| 2.487348959805e-06
185 KSP unpreconditioned resid norm 7.401786586622e-23 true resid norm 7.401786586607e-23 ||r(i)||/||b|| 2.374055299095e-06
186 KSP unpreconditioned resid norm 7.087010250506e-23 true resid norm 7.087010250492e-23 ||r(i)||/||b|| 2.273093670434e-06
187 KSP unpreconditioned resid norm 6.745639229759e-23 true resid norm 6.745639229764e-23 ||r(i)||/||b|| 2.163602040105e-06
188 KSP unpreconditioned resid norm 6.303416150439e-23 true resid norm 6.303416150448e-23 ||r(i)||/||b|| 2.021763035082e-06
189 KSP unpreconditioned resid norm 5.838314296217e-23 true resid norm 5.838314296239e-23 ||r(i)||/||b|| 1.872585872422e-06
190 KSP unpreconditioned resid norm 5.314733859262e-23 true resid norm 5.314733859284e-23 ||r(i)||/||b|| 1.704652239602e-06
191 KSP unpreconditioned resid norm 5.069047785261e-23 true resid norm 5.119003200593e-23 ||r(i)||/||b|| 1.641873422349e-06
192 KSP unpreconditioned resid norm 5.038420109953e-23 true resid norm 4.999033134471e-23 ||r(i)||/||b|| 1.603394121727e-06
193 KSP unpreconditioned resid norm 5.027456423405e-23 true resid norm 5.050488394021e-23 ||r(i)||/||b|| 1.619897925257e-06
194 KSP unpreconditioned resid norm 5.024210141042e-23 true resid norm 5.058456640144e-23 ||r(i)||/||b|| 1.622453667268e-06
195 KSP unpreconditioned resid norm 5.012440849841e-23 true resid norm 5.149972162120e-23 ||r(i)||/||b|| 1.651806433300e-06
196 KSP unpreconditioned resid norm 4.992232964010e-23 true resid norm 5.170062217891e-23 ||r(i)||/||b|| 1.658250134804e-06
197 KSP unpreconditioned resid norm 4.970443758205e-23 true resid norm 5.313874480560e-23 ||r(i)||/||b|| 1.704376601742e-06
198 KSP unpreconditioned resid norm 4.959819022072e-23 true resid norm 5.265774831831e-23 ||r(i)||/||b|| 1.688949079668e-06
199 KSP unpreconditioned resid norm 4.938321247621e-23 true resid norm 5.410819543099e-23 ||r(i)||/||b|| 1.735470843213e-06
200 KSP unpreconditioned resid norm 5.345768506567e-23 true resid norm 5.345768506567e-23 ||r(i)||/||b|| 1.714606318657e-06
201 KSP unpreconditioned resid norm 5.067438824712e-23 true resid norm 5.067438824712e-23 ||r(i)||/||b|| 1.625334620754e-06
202 KSP unpreconditioned resid norm 4.861588947567e-23 true resid norm 4.861588947571e-23 ||r(i)||/||b|| 1.559310156805e-06
203 KSP unpreconditioned resid norm 4.674993681125e-23 true resid norm 4.674993681132e-23 ||r(i)||/||b|| 1.499461433002e-06
204 KSP unpreconditioned resid norm 4.497020474381e-23 true resid norm 4.497020474378e-23 ||r(i)||/||b|| 1.442378155924e-06
205 KSP unpreconditioned resid norm 4.313633714057e-23 true resid norm 4.313633714064e-23 ||r(i)||/||b|| 1.383558531093e-06
206 KSP unpreconditioned resid norm 4.112508191656e-23 true resid norm 4.112508191651e-23 ||r(i)||/||b|| 1.319049360681e-06
207 KSP unpreconditioned resid norm 3.952267939659e-23 true resid norm 3.952267939653e-23 ||r(i)||/||b|| 1.267653766532e-06
208 KSP unpreconditioned resid norm 3.812514140853e-23 true resid norm 3.812514140853e-23 ||r(i)||/||b|| 1.222829014733e-06
209 KSP unpreconditioned resid norm 3.688646101960e-23 true resid norm 3.688646101952e-23 ||r(i)||/||b|| 1.183099475020e-06
210 KSP unpreconditioned resid norm 3.556340706342e-23 true resid norm 3.556340706335e-23 ||r(i)||/||b|| 1.140663730367e-06
211 KSP unpreconditioned resid norm 3.432055587593e-23 true resid norm 3.432055587591e-23 ||r(i)||/||b|| 1.100800416112e-06
212 KSP unpreconditioned resid norm 3.330182712904e-23 true resid norm 3.330182712898e-23 ||r(i)||/||b|| 1.068125623996e-06
213 KSP unpreconditioned resid norm 3.244440270988e-23 true resid norm 3.244440270985e-23 ||r(i)||/||b|| 1.040624520554e-06
214 KSP unpreconditioned resid norm 3.169540883395e-23 true resid norm 3.169540883395e-23 ||r(i)||/||b|| 1.016601227538e-06
215 KSP unpreconditioned resid norm 3.098934979142e-23 true resid norm 3.098934979133e-23 ||r(i)||/||b|| 9.939550300020e-07
216 KSP unpreconditioned resid norm 3.038329560372e-23 true resid norm 3.038329560358e-23 ||r(i)||/||b|| 9.745163966516e-07
217 KSP unpreconditioned resid norm 2.988769492313e-23 true resid norm 2.988769492302e-23 ||r(i)||/||b|| 9.586204584460e-07
218 KSP unpreconditioned resid norm 2.942278911729e-23 true resid norm 2.942278911725e-23 ||r(i)||/||b|| 9.437090302543e-07
219 KSP unpreconditioned resid norm 2.901681723627e-23 true resid norm 2.901681723622e-23 ||r(i)||/||b|| 9.306878537563e-07
220 KSP unpreconditioned resid norm 2.862016716670e-23 true resid norm 2.862016716668e-23 ||r(i)||/||b|| 9.179656658296e-07
221 KSP unpreconditioned resid norm 2.831944156034e-23 true resid norm 2.831944156035e-23 ||r(i)||/||b|| 9.083201672607e-07
222 KSP unpreconditioned resid norm 2.796703318589e-23 true resid norm 2.796703318586e-23 ||r(i)||/||b|| 8.970169912085e-07
223 KSP unpreconditioned resid norm 2.764104167952e-23 true resid norm 2.764104167950e-23 ||r(i)||/||b|| 8.865611120219e-07
224 KSP unpreconditioned resid norm 2.723361643918e-23 true resid norm 2.723361643911e-23 ||r(i)||/||b|| 8.734933203528e-07
225 KSP unpreconditioned resid norm 2.690313542317e-23 true resid norm 2.690313542318e-23 ||r(i)||/||b|| 8.628934442562e-07
226 KSP unpreconditioned resid norm 2.661408804643e-23 true resid norm 2.661408804634e-23 ||r(i)||/||b|| 8.536225142091e-07
227 KSP unpreconditioned resid norm 2.631519922775e-23 true resid norm 2.631519922774e-23 ||r(i)||/||b|| 8.440359289253e-07
228 KSP unpreconditioned resid norm 2.600533696714e-23 true resid norm 2.600533696713e-23 ||r(i)||/||b|| 8.340973805333e-07
229 KSP unpreconditioned resid norm 2.564971670566e-23 true resid norm 2.564971670562e-23 ||r(i)||/||b|| 8.226911861446e-07
230 KSP unpreconditioned resid norm 2.516843169663e-23 true resid norm 2.516843169658e-23 ||r(i)||/||b|| 8.072544099999e-07
231 KSP unpreconditioned resid norm 2.444655514319e-23 true resid norm 2.444655514314e-23 ||r(i)||/||b|| 7.841008802820e-07
232 KSP unpreconditioned resid norm 2.383605088769e-23 true resid norm 2.383605088770e-23 ||r(i)||/||b|| 7.645195150834e-07
233 KSP unpreconditioned resid norm 2.328799911386e-23 true resid norm 2.328799911388e-23 ||r(i)||/||b|| 7.469412560699e-07
234 KSP unpreconditioned resid norm 2.286351217108e-23 true resid norm 2.286351217098e-23 ||r(i)||/||b|| 7.333262259094e-07
235 KSP unpreconditioned resid norm 2.243919926678e-23 true resid norm 2.243919926678e-23 ||r(i)||/||b|| 7.197167778807e-07
236 KSP unpreconditioned resid norm 2.201179293399e-23 true resid norm 2.201179293402e-23 ||r(i)||/||b|| 7.060081109626e-07
237 KSP unpreconditioned resid norm 2.152097149371e-23 true resid norm 2.152097149366e-23 ||r(i)||/||b|| 6.902654625119e-07
238 KSP unpreconditioned resid norm 2.088778536369e-23 true resid norm 2.088778536362e-23 ||r(i)||/||b|| 6.699565969461e-07
239 KSP unpreconditioned resid norm 2.014256637501e-23 true resid norm 2.014256637492e-23 ||r(i)||/||b|| 6.460543799828e-07
240 KSP unpreconditioned resid norm 1.944931791088e-23 true resid norm 1.944931791080e-23 ||r(i)||/||b|| 6.238190700265e-07
241 KSP unpreconditioned resid norm 1.882865199632e-23 true resid norm 1.882865199623e-23 ||r(i)||/||b|| 6.039117789122e-07
242 KSP unpreconditioned resid norm 1.832919928717e-23 true resid norm 1.832919928718e-23 ||r(i)||/||b|| 5.878922904185e-07
243 KSP unpreconditioned resid norm 1.796096978121e-23 true resid norm 1.796096978117e-23 ||r(i)||/||b|| 5.760816660537e-07
244 KSP unpreconditioned resid norm 1.758849508167e-23 true resid norm 1.758849508163e-23 ||r(i)||/||b|| 5.641348809921e-07
245 KSP unpreconditioned resid norm 1.715782250375e-23 true resid norm 1.715782250371e-23 ||r(i)||/||b|| 5.503214522500e-07
246 KSP unpreconditioned resid norm 1.663033165646e-23 true resid norm 1.663033165647e-23 ||r(i)||/||b|| 5.334026661373e-07
247 KSP unpreconditioned resid norm 1.596155550305e-23 true resid norm 1.596155550301e-23 ||r(i)||/||b|| 5.119522831460e-07
248 KSP unpreconditioned resid norm 1.519796666810e-23 true resid norm 1.519796666809e-23 ||r(i)||/||b|| 4.874608701786e-07
249 KSP unpreconditioned resid norm 1.435087933483e-23 true resid norm 1.435087933484e-23 ||r(i)||/||b|| 4.602913193038e-07
250 KSP unpreconditioned resid norm 1.349506436192e-23 true resid norm 1.349506436191e-23 ||r(i)||/||b|| 4.328418373747e-07
251 KSP unpreconditioned resid norm 1.296846558639e-23 true resid norm 1.296846558635e-23 ||r(i)||/||b|| 4.159516636443e-07
252 KSP unpreconditioned resid norm 1.249407861173e-23 true resid norm 1.249407861169e-23 ||r(i)||/||b|| 4.007361356386e-07
253 KSP unpreconditioned resid norm 1.205041655642e-23 true resid norm 1.205041655638e-23 ||r(i)||/||b|| 3.865060812985e-07
254 KSP unpreconditioned resid norm 1.160406546248e-23 true resid norm 1.160406546246e-23 ||r(i)||/||b|| 3.721897785063e-07
255 KSP unpreconditioned resid norm 1.127718876330e-23 true resid norm 1.127718876325e-23 ||r(i)||/||b|| 3.617055075692e-07
256 KSP unpreconditioned resid norm 1.095190581810e-23 true resid norm 1.095190581806e-23 ||r(i)||/||b|| 3.512723548339e-07
257 KSP unpreconditioned resid norm 1.061746723551e-23 true resid norm 1.061746723548e-23 ||r(i)||/||b|| 3.405455434092e-07
258 KSP unpreconditioned resid norm 1.022087440119e-23 true resid norm 1.022087440115e-23 ||r(i)||/||b|| 3.278251912495e-07
259 KSP unpreconditioned resid norm 9.687592303452e-24 true resid norm 9.687592303333e-24 ||r(i)||/||b|| 3.107206560753e-07
260 KSP unpreconditioned resid norm 8.978402661823e-24 true resid norm 8.978402661783e-24 ||r(i)||/||b|| 2.879740474439e-07
261 KSP unpreconditioned resid norm 8.173825281359e-24 true resid norm 8.173825281365e-24 ||r(i)||/||b|| 2.621679643967e-07
262 KSP unpreconditioned resid norm 7.562337451434e-24 true resid norm 7.562337451363e-24 ||r(i)||/||b|| 2.425550519443e-07
263 KSP unpreconditioned resid norm 6.983811341097e-24 true resid norm 6.983811341048e-24 ||r(i)||/||b|| 2.239993564810e-07
264 KSP unpreconditioned resid norm 6.536599810896e-24 true resid norm 6.536599810884e-24 ||r(i)||/||b|| 2.096554559837e-07
265 KSP unpreconditioned resid norm 6.155813771795e-24 true resid norm 6.155813771764e-24 ||r(i)||/||b|| 1.974420923124e-07
266 KSP unpreconditioned resid norm 5.839088886349e-24 true resid norm 5.839088886318e-24 ||r(i)||/||b|| 1.872834315100e-07
267 KSP unpreconditioned resid norm 5.509524896719e-24 true resid norm 5.509524896648e-24 ||r(i)||/||b|| 1.767129681913e-07
268 KSP unpreconditioned resid norm 5.182683005267e-24 true resid norm 5.182683005163e-24 ||r(i)||/||b|| 1.662298136804e-07
269 KSP unpreconditioned resid norm 4.908490905012e-24 true resid norm 4.908490905018e-24 ||r(i)||/||b|| 1.574353530363e-07
270 KSP unpreconditioned resid norm 4.662231584506e-24 true resid norm 4.662231584426e-24 ||r(i)||/||b|| 1.495368107295e-07
271 KSP unpreconditioned resid norm 4.464897629700e-24 true resid norm 4.464897629655e-24 ||r(i)||/||b|| 1.432075047500e-07
272 KSP unpreconditioned resid norm 4.297822322062e-24 true resid norm 4.297822322040e-24 ||r(i)||/||b|| 1.378487171823e-07
273 KSP unpreconditioned resid norm 4.160985991288e-24 true resid norm 4.160985991309e-24 ||r(i)||/||b|| 1.334598171204e-07
274 KSP unpreconditioned resid norm 4.048881676141e-24 true resid norm 4.048881676032e-24 ||r(i)||/||b|| 1.298641738169e-07
275 KSP unpreconditioned resid norm 3.950284307066e-24 true resid norm 3.950284307123e-24 ||r(i)||/||b|| 1.267017534554e-07
276 KSP unpreconditioned resid norm 3.850909236823e-24 true resid norm 3.850909236711e-24 ||r(i)||/||b|| 1.235143890299e-07
277 KSP unpreconditioned resid norm 3.743640679600e-24 true resid norm 3.743640679532e-24 ||r(i)||/||b|| 1.200738482413e-07
278 KSP unpreconditioned resid norm 3.652601652199e-24 true resid norm 3.652601652182e-24 ||r(i)||/||b|| 1.171538547671e-07
279 KSP unpreconditioned resid norm 3.573253084950e-24 true resid norm 3.573253084899e-24 ||r(i)||/||b|| 1.146088220992e-07
280 KSP unpreconditioned resid norm 3.504561157914e-24 true resid norm 3.504561157956e-24 ||r(i)||/||b|| 1.124055914163e-07
281 KSP unpreconditioned resid norm 3.447842908854e-24 true resid norm 3.447842908701e-24 ||r(i)||/||b|| 1.105864054857e-07
282 KSP unpreconditioned resid norm 3.391223646791e-24 true resid norm 3.391223646740e-24 ||r(i)||/||b|| 1.087703944819e-07
283 KSP unpreconditioned resid norm 3.330140112896e-24 true resid norm 3.330140112825e-24 ||r(i)||/||b|| 1.068111960413e-07
284 KSP unpreconditioned resid norm 3.274130799321e-24 true resid norm 3.274130799223e-24 ||r(i)||/||b|| 1.050147485729e-07
285 KSP unpreconditioned resid norm 3.211039099675e-24 true resid norm 3.211039099625e-24 ||r(i)||/||b|| 1.029911400561e-07
286 KSP unpreconditioned resid norm 3.151417876017e-24 true resid norm 3.151417876018e-24 ||r(i)||/||b|| 1.010788438802e-07
287 KSP unpreconditioned resid norm 3.088359457403e-24 true resid norm 3.088359457295e-24 ||r(i)||/||b|| 9.905630281704e-08
288 KSP unpreconditioned resid norm 3.017595744453e-24 true resid norm 3.017595744399e-24 ||r(i)||/||b|| 9.678662149594e-08
289 KSP unpreconditioned resid norm 2.939391265672e-24 true resid norm 2.939391265639e-24 ||r(i)||/||b|| 9.427828442027e-08
290 KSP unpreconditioned resid norm 2.862942692884e-24 true resid norm 2.862942692758e-24 ||r(i)||/||b|| 9.182626641850e-08
291 KSP unpreconditioned resid norm 2.811247712963e-24 true resid norm 2.833957323174e-24 ||r(i)||/||b|| 9.089658721940e-08
292 KSP unpreconditioned resid norm 2.808834736869e-24 true resid norm 2.817486900396e-24 ||r(i)||/||b|| 9.036831348417e-08
293 KSP unpreconditioned resid norm 2.804839916017e-24 true resid norm 2.833264402059e-24 ||r(i)||/||b|| 9.087436240887e-08
294 KSP unpreconditioned resid norm 2.804740779843e-24 true resid norm 2.833494705645e-24 ||r(i)||/||b|| 9.088174918560e-08
295 KSP unpreconditioned resid norm 2.800445509394e-24 true resid norm 2.862733903678e-24 ||r(i)||/||b|| 9.181956969986e-08
296 KSP unpreconditioned resid norm 2.796453835962e-24 true resid norm 2.862612477773e-24 ||r(i)||/||b|| 9.181567507511e-08
297 KSP unpreconditioned resid norm 2.786329378963e-24 true resid norm 2.914862615106e-24 ||r(i)||/||b|| 9.349155040549e-08
298 KSP unpreconditioned resid norm 2.782930163314e-24 true resid norm 2.912616367816e-24 ||r(i)||/||b|| 9.341950407967e-08
299 KSP unpreconditioned resid norm 2.771875209672e-24 true resid norm 2.983023165824e-24 ||r(i)||/||b|| 9.567773768244e-08
300 KSP unpreconditioned resid norm 3.072498458700e-24 true resid norm 3.072498458700e-24 ||r(i)||/||b|| 9.854757580468e-08
301 KSP unpreconditioned resid norm 2.993015970075e-24 true resid norm 2.993015970010e-24 ||r(i)||/||b|| 9.599824773029e-08
302 KSP unpreconditioned resid norm 2.932524051996e-24 true resid norm 2.932524051982e-24 ||r(i)||/||b|| 9.405802482778e-08
303 KSP unpreconditioned resid norm 2.875010282818e-24 true resid norm 2.875010282771e-24 ||r(i)||/||b|| 9.221332332272e-08
304 KSP unpreconditioned resid norm 2.818113240038e-24 true resid norm 2.818113239955e-24 ||r(i)||/||b|| 9.038840275226e-08
305 KSP unpreconditioned resid norm 2.775875871399e-24 true resid norm 2.775875871363e-24 ||r(i)||/||b|| 8.903367781454e-08
306 KSP unpreconditioned resid norm 2.727138127340e-24 true resid norm 2.727138127342e-24 ||r(i)||/||b|| 8.747045928471e-08
307 KSP unpreconditioned resid norm 2.686371860854e-24 true resid norm 2.686371860798e-24 ||r(i)||/||b|| 8.616291859867e-08
308 KSP unpreconditioned resid norm 2.634013659146e-24 true resid norm 2.634013659152e-24 ||r(i)||/||b|| 8.448357720435e-08
309 KSP unpreconditioned resid norm 2.587241244208e-24 true resid norm 2.587241244178e-24 ||r(i)||/||b|| 8.298339480485e-08
310 KSP unpreconditioned resid norm 2.551837704535e-24 true resid norm 2.551837704469e-24 ||r(i)||/||b|| 8.184785867356e-08
311 KSP unpreconditioned resid norm 2.520299713155e-24 true resid norm 2.520299713259e-24 ||r(i)||/||b|| 8.083630647223e-08
312 KSP unpreconditioned resid norm 2.492466930012e-24 true resid norm 2.492466930144e-24 ||r(i)||/||b|| 7.994359542915e-08
313 KSP unpreconditioned resid norm 2.459361424050e-24 true resid norm 2.459361424192e-24 ||r(i)||/||b|| 7.888176662721e-08
314 KSP unpreconditioned resid norm 2.424760236649e-24 true resid norm 2.424760236658e-24 ||r(i)||/||b|| 7.777196520755e-08
315 KSP unpreconditioned resid norm 2.384601437057e-24 true resid norm 2.384601437090e-24 ||r(i)||/||b|| 7.648390846876e-08
316 KSP unpreconditioned resid norm 2.341898355108e-24 true resid norm 2.341898355116e-24 ||r(i)||/||b|| 7.511424620056e-08
317 KSP unpreconditioned resid norm 2.299880084420e-24 true resid norm 2.299880084523e-24 ||r(i)||/||b|| 7.376654863063e-08
318 KSP unpreconditioned resid norm 2.255516932707e-24 true resid norm 2.255516932804e-24 ||r(i)||/||b|| 7.234364114482e-08
319 KSP unpreconditioned resid norm 2.214537021384e-24 true resid norm 2.214537021318e-24 ||r(i)||/||b|| 7.102924799284e-08
320 KSP unpreconditioned resid norm 2.169178428532e-24 true resid norm 2.169178428637e-24 ||r(i)||/||b|| 6.957441264930e-08
321 KSP unpreconditioned resid norm 2.130234868359e-24 true resid norm 2.130234868436e-24 ||r(i)||/||b|| 6.832533360090e-08
322 KSP unpreconditioned resid norm 2.078550570715e-24 true resid norm 2.078550570776e-24 ||r(i)||/||b|| 6.666760706010e-08
323 KSP unpreconditioned resid norm 2.029286356569e-24 true resid norm 2.029286356523e-24 ||r(i)||/||b|| 6.508750247950e-08
324 KSP unpreconditioned resid norm 1.967198295468e-24 true resid norm 1.967198295475e-24 ||r(i)||/||b|| 6.309608475059e-08
325 KSP unpreconditioned resid norm 1.906318219635e-24 true resid norm 1.906318219613e-24 ||r(i)||/||b|| 6.114341204086e-08
326 KSP unpreconditioned resid norm 1.832265736064e-24 true resid norm 1.832265736118e-24 ||r(i)||/||b|| 5.876824641297e-08
327 KSP unpreconditioned resid norm 1.761470143193e-24 true resid norm 1.761470143220e-24 ||r(i)||/||b|| 5.649754256998e-08
328 KSP unpreconditioned resid norm 1.683220011728e-24 true resid norm 1.683220011818e-24 ||r(i)||/||b|| 5.398774122762e-08
329 KSP unpreconditioned resid norm 1.605076199235e-24 true resid norm 1.605076199160e-24 ||r(i)||/||b|| 5.148134996166e-08
330 KSP unpreconditioned resid norm 1.530739587194e-24 true resid norm 1.530739587200e-24 ||r(i)||/||b|| 4.909707117336e-08
331 KSP unpreconditioned resid norm 1.444513720720e-24 true resid norm 1.444513720650e-24 ||r(i)||/||b|| 4.633145542630e-08
332 KSP unpreconditioned resid norm 1.371710360645e-24 true resid norm 1.371710360719e-24 ||r(i)||/||b|| 4.399635429344e-08
333 KSP unpreconditioned resid norm 1.307691459683e-24 true resid norm 1.307691459764e-24 ||r(i)||/||b|| 4.194300664181e-08
334 KSP unpreconditioned resid norm 1.252079850109e-24 true resid norm 1.252079850090e-24 ||r(i)||/||b|| 4.015931516284e-08
335 KSP unpreconditioned resid norm 1.207078485534e-24 true resid norm 1.207078485449e-24 ||r(i)||/||b|| 3.871593758172e-08
336 KSP unpreconditioned resid norm 1.166117380676e-24 true resid norm 1.166117380624e-24 ||r(i)||/||b|| 3.740214763616e-08
337 KSP unpreconditioned resid norm 1.128629741412e-24 true resid norm 1.128629741407e-24 ||r(i)||/||b|| 3.619976592071e-08
338 KSP unpreconditioned resid norm 1.091936768074e-24 true resid norm 1.091936768056e-24 ||r(i)||/||b|| 3.502287238556e-08
339 KSP unpreconditioned resid norm 1.053353029756e-24 true resid norm 1.053353029738e-24 ||r(i)||/||b|| 3.378533429471e-08
340 KSP unpreconditioned resid norm 1.014697802171e-24 true resid norm 1.014697802153e-24 ||r(i)||/||b|| 3.254550325107e-08
341 KSP unpreconditioned resid norm 9.824831190535e-25 true resid norm 9.824831190163e-25 ||r(i)||/||b|| 3.151224677556e-08
  Linear solve converged due to CONVERGED_ATOL iterations 341
Mat Object: 1 MPI process
  type: seqaijcusparse
  rows=281452, cols=281452, bs=4
  total: nonzeros=15993520, allocated nonzeros=15993520
  total number of mallocs used during MatSetValues calls=0
    not using I-node routines
Vec Object: 1 MPI process
  type: seqcuda
  length=281452, bs=4
Vec Object: 1 MPI process
  type: seqcuda
  length=281452, bs=4
KSP Object: 1 MPI process
  type: gmres
    restart=100, using classical (unmodified) Gram-Schmidt orthogonalization with no iterative refinement
    happy breakdown tolerance=1e-30
  maximum iterations=2000, initial guess is zero
  tolerances: relative=1e-10, absolute=1e-24, divergence=10000.
  right preconditioning
  diagonally scaled system
  using UNPRECONDITIONED norm type for convergence test
PC Object: 1 MPI process
  type: asm
    total subdomain blocks = 1, amount of overlap = 2
    restriction/interpolation type - RESTRICT
    Local solver information for first block is in the following KSP and PC objects on rank 0:
    Use -ksp_view ::ascii_info_detail to display information for all blocks
    KSP Object: (sub_) 1 MPI process
      type: preonly
      maximum iterations=10000, initial guess is zero
      tolerances: relative=1e-05, absolute=1e-50, divergence=10000.
      left preconditioning
      not checking for convergence
    PC Object: (sub_) 1 MPI process
      type: ilu
        out-of-place factorization
        2 levels of fill
        tolerance for zero pivot 2.22045e-14
        matrix ordering: natural
        factor fill ratio given 1., needed 4.996
          Factored matrix:
            Mat Object: (sub_) 1 MPI process
              type: seqaijcusparse
              rows=281452, cols=281452, bs=4
              package used to perform factorization: cusparse
              total: nonzeros=79903664, allocated nonzeros=79903664
                using I-node routines: found 70363 nodes, limit used is 5
      linear system matrix, which is also used to construct the preconditioner:
      Mat Object: (sub_) 1 MPI process
        type: seqaijcusparse
        rows=281452, cols=281452, bs=4
        total: nonzeros=15993520, allocated nonzeros=15993520
        total number of mallocs used during MatSetValues calls=0
          not using I-node routines
  linear system matrix, which is also used to construct the preconditioner:
  Mat Object: 1 MPI process
    type: seqaijcusparse
    rows=281452, cols=281452, bs=4
    total: nonzeros=15993520, allocated nonzeros=15993520
    total number of mallocs used during MatSetValues calls=0
      not using I-node routines
 NS     61-2    2.303e+03 [  -3  6.505e-01  3.092e-14  3.151e-08] [  341 -173   66]
Vec Object: 1 MPI process
  type: seqcuda
  length=281452, bs=4
Mat Object: 1 MPI process
  type: seqaijcusparse
  rows=281452, cols=281452, bs=4
  total: nonzeros=15993520, allocated nonzeros=15993520
  total number of mallocs used during MatSetValues calls=0
    not using I-node routines
Mat Object: 1 MPI process
  type: seqaijcusparse
  rows=281452, cols=281452, bs=4
  total: nonzeros=15993520, allocated nonzeros=15993520
  total number of mallocs used during MatSetValues calls=0
    not using I-node routines
SV13P_REUSE step=62 equation=0 reuse=0 rebuild_requests=2 solve_requests=3 ksp=0x55729b63aa50 pc=0x55729d0f73e0
  0 KSP unpreconditioned resid norm 4.693999773436e-17 true resid norm 4.693999773436e-17 ||r(i)||/||b|| 1.000000000000e+00
  1 KSP unpreconditioned resid norm 2.517059399680e-18 true resid norm 2.517059399680e-18 ||r(i)||/||b|| 5.362291267939e-02
  2 KSP unpreconditioned resid norm 8.419825736177e-19 true resid norm 8.419825736177e-19 ||r(i)||/||b|| 1.793742254490e-02
  3 KSP unpreconditioned resid norm 4.368136178441e-19 true resid norm 4.368136178441e-19 ||r(i)||/||b|| 9.305786939234e-03
  4 KSP unpreconditioned resid norm 2.660047703538e-19 true resid norm 2.660047703538e-19 ||r(i)||/||b|| 5.666910592096e-03
  5 KSP unpreconditioned resid norm 1.720541460831e-19 true resid norm 1.720541460831e-19 ||r(i)||/||b|| 3.665405930711e-03
  6 KSP unpreconditioned resid norm 1.345578023871e-19 true resid norm 1.345578023871e-19 ||r(i)||/||b|| 2.866591582484e-03
  7 KSP unpreconditioned resid norm 1.101101015395e-19 true resid norm 1.101101015395e-19 ||r(i)||/||b|| 2.345762821777e-03
  8 KSP unpreconditioned resid norm 9.182167193331e-20 true resid norm 9.182167193331e-20 ||r(i)||/||b|| 1.956149901262e-03
  9 KSP unpreconditioned resid norm 8.046113277796e-20 true resid norm 8.046113277796e-20 ||r(i)||/||b|| 1.714127325555e-03
 10 KSP unpreconditioned resid norm 7.208846869153e-20 true resid norm 7.208846869153e-20 ||r(i)||/||b|| 1.535757822135e-03
 11 KSP unpreconditioned resid norm 6.418487419710e-20 true resid norm 6.418487419710e-20 ||r(i)||/||b|| 1.367381280253e-03
 12 KSP unpreconditioned resid norm 5.666596290254e-20 true resid norm 5.666596290254e-20 ||r(i)||/||b|| 1.207199949672e-03
 13 KSP unpreconditioned resid norm 4.940103596975e-20 true resid norm 4.940103596975e-20 ||r(i)||/||b|| 1.052429449386e-03
 14 KSP unpreconditioned resid norm 4.392811602888e-20 true resid norm 4.392811602888e-20 ||r(i)||/||b|| 9.358354952951e-04
 15 KSP unpreconditioned resid norm 3.994646623828e-20 true resid norm 3.994646623828e-20 ||r(i)||/||b|| 8.510112519464e-04
 16 KSP unpreconditioned resid norm 3.770025583885e-20 true resid norm 3.770025583885e-20 ||r(i)||/||b|| 8.031584503307e-04
 17 KSP unpreconditioned resid norm 3.627625695742e-20 true resid norm 3.627625695742e-20 ||r(i)||/||b|| 7.728218727814e-04
 18 KSP unpreconditioned resid norm 3.505062034078e-20 true resid norm 3.505062034078e-20 ||r(i)||/||b|| 7.467111638807e-04
 19 KSP unpreconditioned resid norm 3.389032976133e-20 true resid norm 3.389032976133e-20 ||r(i)||/||b|| 7.219925734364e-04
 20 KSP unpreconditioned resid norm 3.262390965076e-20 true resid norm 3.262390965076e-20 ||r(i)||/||b|| 6.950130214191e-04
 21 KSP unpreconditioned resid norm 3.137802467435e-20 true resid norm 3.137802467435e-20 ||r(i)||/||b|| 6.684709456512e-04
 22 KSP unpreconditioned resid norm 2.993107502333e-20 true resid norm 2.993107502333e-20 ||r(i)||/||b|| 6.376454296550e-04
 23 KSP unpreconditioned resid norm 2.855895255692e-20 true resid norm 2.855895255692e-20 ||r(i)||/||b|| 6.084140165183e-04
 24 KSP unpreconditioned resid norm 2.720789760483e-20 true resid norm 2.720789760484e-20 ||r(i)||/||b|| 5.796314213479e-04
 25 KSP unpreconditioned resid norm 2.603466118824e-20 true resid norm 2.603466118824e-20 ||r(i)||/||b|| 5.546370354676e-04
 26 KSP unpreconditioned resid norm 2.512032456888e-20 true resid norm 2.512032456888e-20 ||r(i)||/||b|| 5.351581973019e-04
 27 KSP unpreconditioned resid norm 2.436169159084e-20 true resid norm 2.436169159084e-20 ||r(i)||/||b|| 5.189964372965e-04
 28 KSP unpreconditioned resid norm 2.362617815768e-20 true resid norm 2.362617815768e-20 ||r(i)||/||b|| 5.033272112919e-04
 29 KSP unpreconditioned resid norm 2.301354585737e-20 true resid norm 2.301354585737e-20 ||r(i)||/||b|| 4.902758195176e-04
 30 KSP unpreconditioned resid norm 2.249842521875e-20 true resid norm 2.249842521875e-20 ||r(i)||/||b|| 4.793017960093e-04
 31 KSP unpreconditioned resid norm 2.212506641708e-20 true resid norm 2.212506641708e-20 ||r(i)||/||b|| 4.713478373452e-04
 32 KSP unpreconditioned resid norm 2.182414975342e-20 true resid norm 2.182414975342e-20 ||r(i)||/||b|| 4.649371710013e-04
 33 KSP unpreconditioned resid norm 2.159404121090e-20 true resid norm 2.159404121090e-20 ||r(i)||/||b|| 4.600349862201e-04
 34 KSP unpreconditioned resid norm 2.140050045832e-20 true resid norm 2.140050045832e-20 ||r(i)||/||b|| 4.559118340702e-04
 35 KSP unpreconditioned resid norm 2.118432744452e-20 true resid norm 2.118432744452e-20 ||r(i)||/||b|| 4.513065289097e-04
 36 KSP unpreconditioned resid norm 2.094867725493e-20 true resid norm 2.094867725493e-20 ||r(i)||/||b|| 4.462862860260e-04
 37 KSP unpreconditioned resid norm 2.075822168248e-20 true resid norm 2.075822168248e-20 ||r(i)||/||b|| 4.422288599151e-04
 38 KSP unpreconditioned resid norm 2.059591379060e-20 true resid norm 2.059591379060e-20 ||r(i)||/||b|| 4.387710861674e-04
 39 KSP unpreconditioned resid norm 2.039235691614e-20 true resid norm 2.039235691614e-20 ||r(i)||/||b|| 4.344345526291e-04
 40 KSP unpreconditioned resid norm 2.016955122007e-20 true resid norm 2.016955122007e-20 ||r(i)||/||b|| 4.296879461778e-04
 41 KSP unpreconditioned resid norm 1.984499584741e-20 true resid norm 1.984499584741e-20 ||r(i)||/||b|| 4.227736856683e-04
 42 KSP unpreconditioned resid norm 1.950356169470e-20 true resid norm 1.950356169471e-20 ||r(i)||/||b|| 4.154998431206e-04
 43 KSP unpreconditioned resid norm 1.907738899324e-20 true resid norm 1.907738899324e-20 ||r(i)||/||b|| 4.064207480624e-04
 44 KSP unpreconditioned resid norm 1.867417100149e-20 true resid norm 1.867417100149e-20 ||r(i)||/||b|| 3.978306753906e-04
 45 KSP unpreconditioned resid norm 1.827880648739e-20 true resid norm 1.827880648739e-20 ||r(i)||/||b|| 3.894079115819e-04
 46 KSP unpreconditioned resid norm 1.782278467169e-20 true resid norm 1.782278467170e-20 ||r(i)||/||b|| 3.796929171697e-04
 47 KSP unpreconditioned resid norm 1.734222664276e-20 true resid norm 1.734222664276e-20 ||r(i)||/||b|| 3.694552083471e-04
 48 KSP unpreconditioned resid norm 1.682386723898e-20 true resid norm 1.682386723899e-20 ||r(i)||/||b|| 3.584121868560e-04
 49 KSP unpreconditioned resid norm 1.629356352088e-20 true resid norm 1.629356352089e-20 ||r(i)||/||b|| 3.471147061638e-04
 50 KSP unpreconditioned resid norm 1.569049015909e-20 true resid norm 1.569049015909e-20 ||r(i)||/||b|| 3.342669560380e-04
 51 KSP unpreconditioned resid norm 1.518317061183e-20 true resid norm 1.518317061184e-20 ||r(i)||/||b|| 3.234591253660e-04
 52 KSP unpreconditioned resid norm 1.468451460214e-20 true resid norm 1.468451460215e-20 ||r(i)||/||b|| 3.128358609060e-04
 53 KSP unpreconditioned resid norm 1.432802376194e-20 true resid norm 1.432802376195e-20 ||r(i)||/||b|| 3.052412538030e-04
 54 KSP unpreconditioned resid norm 1.393668517869e-20 true resid norm 1.393668517870e-20 ||r(i)||/||b|| 2.969042575922e-04
 55 KSP unpreconditioned resid norm 1.353566272568e-20 true resid norm 1.353566272569e-20 ||r(i)||/||b|| 2.883609582236e-04
 56 KSP unpreconditioned resid norm 1.311981793486e-20 true resid norm 1.311981793487e-20 ||r(i)||/||b|| 2.795018868368e-04
 57 KSP unpreconditioned resid norm 1.269215955062e-20 true resid norm 1.269215955063e-20 ||r(i)||/||b|| 2.703911411001e-04
 58 KSP unpreconditioned resid norm 1.234056054722e-20 true resid norm 1.234056054723e-20 ||r(i)||/||b|| 2.629007486765e-04
 59 KSP unpreconditioned resid norm 1.192486112697e-20 true resid norm 1.192486112697e-20 ||r(i)||/||b|| 2.540447742341e-04
 60 KSP unpreconditioned resid norm 1.142924241071e-20 true resid norm 1.142924241071e-20 ||r(i)||/||b|| 2.434862156448e-04
 61 KSP unpreconditioned resid norm 1.082439459798e-20 true resid norm 1.082439459799e-20 ||r(i)||/||b|| 2.306006629835e-04
 62 KSP unpreconditioned resid norm 1.027652238165e-20 true resid norm 1.027652238165e-20 ||r(i)||/||b|| 2.189289066397e-04
 63 KSP unpreconditioned resid norm 9.773237943518e-21 true resid norm 9.773237943522e-21 ||r(i)||/||b|| 2.082070390977e-04
 64 KSP unpreconditioned resid norm 9.321081370789e-21 true resid norm 9.321081370796e-21 ||r(i)||/||b|| 1.985743890220e-04
 65 KSP unpreconditioned resid norm 8.960734530149e-21 true resid norm 8.960734530158e-21 ||r(i)||/||b|| 1.908976344837e-04
 66 KSP unpreconditioned resid norm 8.587368731780e-21 true resid norm 8.587368731789e-21 ||r(i)||/||b|| 1.829435267634e-04
 67 KSP unpreconditioned resid norm 8.264025253185e-21 true resid norm 8.264025253192e-21 ||r(i)||/||b|| 1.760550841941e-04
 68 KSP unpreconditioned resid norm 7.909077134099e-21 true resid norm 7.909077134099e-21 ||r(i)||/||b|| 1.684933429025e-04
 69 KSP unpreconditioned resid norm 7.565154530659e-21 true resid norm 7.565154530650e-21 ||r(i)||/||b|| 1.611664869151e-04
 70 KSP unpreconditioned resid norm 7.180869941566e-21 true resid norm 7.180869941547e-21 ||r(i)||/||b|| 1.529797675361e-04
 71 KSP unpreconditioned resid norm 6.844866155980e-21 true resid norm 6.844866155955e-21 ||r(i)||/||b|| 1.458216124059e-04
 72 KSP unpreconditioned resid norm 6.506261729628e-21 true resid norm 6.506261729604e-21 ||r(i)||/||b|| 1.386080537631e-04
 73 KSP unpreconditioned resid norm 6.171359978636e-21 true resid norm 6.171359978616e-21 ||r(i)||/||b|| 1.314733761501e-04
 74 KSP unpreconditioned resid norm 5.829955555316e-21 true resid norm 5.829955555303e-21 ||r(i)||/||b|| 1.242001669513e-04
 75 KSP unpreconditioned resid norm 5.446608862599e-21 true resid norm 5.446608862591e-21 ||r(i)||/||b|| 1.160334283230e-04
 76 KSP unpreconditioned resid norm 5.072015861652e-21 true resid norm 5.072015861649e-21 ||r(i)||/||b|| 1.080531765330e-04
 77 KSP unpreconditioned resid norm 4.655228728896e-21 true resid norm 4.655228728899e-21 ||r(i)||/||b|| 9.917402968879e-05
 78 KSP unpreconditioned resid norm 4.288648574704e-21 true resid norm 4.288648574713e-21 ||r(i)||/||b|| 9.136448192825e-05
 79 KSP unpreconditioned resid norm 3.955222233679e-21 true resid norm 3.955222233697e-21 ||r(i)||/||b|| 8.426123614406e-05
 80 KSP unpreconditioned resid norm 3.678050856316e-21 true resid norm 3.678050856337e-21 ||r(i)||/||b|| 7.835643446666e-05
 81 KSP unpreconditioned resid norm 3.421484627679e-21 true resid norm 3.421484627700e-21 ||r(i)||/||b|| 7.289060061448e-05
 82 KSP unpreconditioned resid norm 3.158947212751e-21 true resid norm 3.158947212761e-21 ||r(i)||/||b|| 6.729755784476e-05
 83 KSP unpreconditioned resid norm 2.909519624412e-21 true resid norm 2.909519624405e-21 ||r(i)||/||b|| 6.198380410818e-05
 84 KSP unpreconditioned resid norm 2.708726231909e-21 true resid norm 2.708726231885e-21 ||r(i)||/||b|| 5.770614321743e-05
 85 KSP unpreconditioned resid norm 2.564699316969e-21 true resid norm 2.564699316931e-21 ||r(i)||/||b|| 5.463782361995e-05
 86 KSP unpreconditioned resid norm 2.444706592761e-21 true resid norm 2.444706592710e-21 ||r(i)||/||b|| 5.208152344925e-05
 87 KSP unpreconditioned resid norm 2.356674597903e-21 true resid norm 2.356674597847e-21 ||r(i)||/||b|| 5.020610804423e-05
 88 KSP unpreconditioned resid norm 2.288910312315e-21 true resid norm 2.288910312262e-21 ||r(i)||/||b|| 4.876247172433e-05
 89 KSP unpreconditioned resid norm 2.242801199488e-21 true resid norm 2.242801199445e-21 ||r(i)||/||b|| 4.778017272470e-05
 90 KSP unpreconditioned resid norm 2.206700844663e-21 true resid norm 2.206700844632e-21 ||r(i)||/||b|| 4.701109823482e-05
 91 KSP unpreconditioned resid norm 2.197306639235e-21 true resid norm 2.197314269170e-21 ||r(i)||/||b|| 4.681112857322e-05
 92 KSP unpreconditioned resid norm 2.169751255820e-21 true resid norm 2.160541215995e-21 ||r(i)||/||b|| 4.602772305660e-05
 93 KSP unpreconditioned resid norm 2.162781990472e-21 true resid norm 2.151588469221e-21 ||r(i)||/||b|| 4.583699559163e-05
 94 KSP unpreconditioned resid norm 2.154091136529e-21 true resid norm 2.129399072480e-21 ||r(i)||/||b|| 4.536427727437e-05
 95 KSP unpreconditioned resid norm 2.154085107904e-21 true resid norm 2.129590949176e-21 ||r(i)||/||b|| 4.536836497580e-05
 96 KSP unpreconditioned resid norm 2.154069948336e-21 true resid norm 2.129739389318e-21 ||r(i)||/||b|| 4.537152731389e-05
 97 KSP unpreconditioned resid norm 2.153761580269e-21 true resid norm 2.129523853591e-21 ||r(i)||/||b|| 4.536693558534e-05
 98 KSP unpreconditioned resid norm 2.153591026559e-21 true resid norm 2.128716958109e-21 ||r(i)||/||b|| 4.534974565094e-05
 99 KSP unpreconditioned resid norm 2.153476398425e-21 true resid norm 2.128507922379e-21 ||r(i)||/||b|| 4.534529239699e-05
100 KSP unpreconditioned resid norm 2.128515802072e-21 true resid norm 2.128515802072e-21 ||r(i)||/||b|| 4.534546026435e-05
101 KSP unpreconditioned resid norm 2.115535547337e-21 true resid norm 2.115535547336e-21 ||r(i)||/||b|| 4.506893160304e-05
102 KSP unpreconditioned resid norm 2.090096742054e-21 true resid norm 2.090096742054e-21 ||r(i)||/||b|| 4.452698855850e-05
103 KSP unpreconditioned resid norm 2.058408202356e-21 true resid norm 2.058408202356e-21 ||r(i)||/||b|| 4.385190246504e-05
104 KSP unpreconditioned resid norm 2.016000125290e-21 true resid norm 2.016000125290e-21 ||r(i)||/||b|| 4.294844956530e-05
105 KSP unpreconditioned resid norm 1.974715839032e-21 true resid norm 1.974715839032e-21 ||r(i)||/||b|| 4.206893767246e-05
106 KSP unpreconditioned resid norm 1.923347335469e-21 true resid norm 1.923347335469e-21 ||r(i)||/||b|| 4.097459370052e-05
107 KSP unpreconditioned resid norm 1.851427504574e-21 true resid norm 1.851427504574e-21 ||r(i)||/||b|| 3.944242850313e-05
108 KSP unpreconditioned resid norm 1.762006721933e-21 true resid norm 1.762006721932e-21 ||r(i)||/||b|| 3.753742665059e-05
109 KSP unpreconditioned resid norm 1.683912310913e-21 true resid norm 1.683912310913e-21 ||r(i)||/||b|| 3.587371947571e-05
110 KSP unpreconditioned resid norm 1.615882847580e-21 true resid norm 1.615882847580e-21 ||r(i)||/||b|| 3.442443386395e-05
111 KSP unpreconditioned resid norm 1.554919926106e-21 true resid norm 1.554919926106e-21 ||r(i)||/||b|| 3.312569239789e-05
112 KSP unpreconditioned resid norm 1.498675865670e-21 true resid norm 1.498675865670e-21 ||r(i)||/||b|| 3.192748057107e-05
113 KSP unpreconditioned resid norm 1.462855405793e-21 true resid norm 1.462855405793e-21 ||r(i)||/||b|| 3.116436890499e-05
114 KSP unpreconditioned resid norm 1.429873525344e-21 true resid norm 1.429873525344e-21 ||r(i)||/||b|| 3.046172974775e-05
115 KSP unpreconditioned resid norm 1.398400073540e-21 true resid norm 1.398400073540e-21 ||r(i)||/||b|| 2.979122584228e-05
116 KSP unpreconditioned resid norm 1.362893700595e-21 true resid norm 1.362893700595e-21 ||r(i)||/||b|| 2.903480541920e-05
117 KSP unpreconditioned resid norm 1.326546795918e-21 true resid norm 1.326546795918e-21 ||r(i)||/||b|| 2.826047848203e-05
118 KSP unpreconditioned resid norm 1.288400994298e-21 true resid norm 1.288400994298e-21 ||r(i)||/||b|| 2.744782821656e-05
119 KSP unpreconditioned resid norm 1.258101733526e-21 true resid norm 1.258101733526e-21 ||r(i)||/||b|| 2.680233903388e-05
120 KSP unpreconditioned resid norm 1.232962930529e-21 true resid norm 1.232962930529e-21 ||r(i)||/||b|| 2.626678717598e-05
121 KSP unpreconditioned resid norm 1.212701097919e-21 true resid norm 1.212701097919e-21 ||r(i)||/||b|| 2.583513328616e-05
122 KSP unpreconditioned resid norm 1.191238956574e-21 true resid norm 1.191238956574e-21 ||r(i)||/||b|| 2.537790826738e-05
123 KSP unpreconditioned resid norm 1.167910281227e-21 true resid norm 1.167910281227e-21 ||r(i)||/||b|| 2.488091899443e-05
124 KSP unpreconditioned resid norm 1.136382536508e-21 true resid norm 1.136382536508e-21 ||r(i)||/||b|| 2.420925844392e-05
125 KSP unpreconditioned resid norm 1.096482998591e-21 true resid norm 1.096482998591e-21 ||r(i)||/||b|| 2.335924694322e-05
126 KSP unpreconditioned resid norm 1.050651022738e-21 true resid norm 1.050651022738e-21 ||r(i)||/||b|| 2.238285201213e-05
127 KSP unpreconditioned resid norm 1.000674122732e-21 true resid norm 1.000674122732e-21 ||r(i)||/||b|| 2.131815447446e-05
128 KSP unpreconditioned resid norm 9.558505144122e-22 true resid norm 9.558505144122e-22 ||r(i)||/||b|| 2.036324159668e-05
129 KSP unpreconditioned resid norm 9.113237679873e-22 true resid norm 9.113237679873e-22 ||r(i)||/||b|| 1.941465300328e-05
130 KSP unpreconditioned resid norm 8.671130536469e-22 true resid norm 8.671130536469e-22 ||r(i)||/||b|| 1.847279709203e-05
131 KSP unpreconditioned resid norm 8.273759813978e-22 true resid norm 8.273759813978e-22 ||r(i)||/||b|| 1.762624672630e-05
132 KSP unpreconditioned resid norm 7.874982909766e-22 true resid norm 7.874982909767e-22 ||r(i)||/||b|| 1.677670066013e-05
133 KSP unpreconditioned resid norm 7.506043571315e-22 true resid norm 7.506043571315e-22 ||r(i)||/||b|| 1.599071992673e-05
134 KSP unpreconditioned resid norm 7.106480868030e-22 true resid norm 7.106480868030e-22 ||r(i)||/||b|| 1.513949981048e-05
135 KSP unpreconditioned resid norm 6.727983047029e-22 true resid norm 6.727983047029e-22 ||r(i)||/||b|| 1.433315588361e-05
136 KSP unpreconditioned resid norm 6.378829596860e-22 true resid norm 6.378829596860e-22 ||r(i)||/||b|| 1.358932659724e-05
137 KSP unpreconditioned resid norm 6.069322298786e-22 true resid norm 6.069322298786e-22 ||r(i)||/||b|| 1.292995865303e-05
138 KSP unpreconditioned resid norm 5.732166117082e-22 true resid norm 5.732166117081e-22 ||r(i)||/||b|| 1.221168809918e-05
139 KSP unpreconditioned resid norm 5.396100070071e-22 true resid norm 5.396100070070e-22 ||r(i)||/||b|| 1.149573994572e-05
140 KSP unpreconditioned resid norm 5.034377021434e-22 true resid norm 5.034377021435e-22 ||r(i)||/||b|| 1.072513264684e-05
141 KSP unpreconditioned resid norm 4.659381142416e-22 true resid norm 4.659381142417e-22 ||r(i)||/||b|| 9.926249184725e-06
142 KSP unpreconditioned resid norm 4.282883483282e-22 true resid norm 4.282883483282e-22 ||r(i)||/||b|| 9.124166361319e-06
143 KSP unpreconditioned resid norm 3.986710360760e-22 true resid norm 3.986710360761e-22 ||r(i)||/||b|| 8.493205268825e-06
144 KSP unpreconditioned resid norm 3.728829837847e-22 true resid norm 3.728829837848e-22 ||r(i)||/||b|| 7.943821938275e-06
145 KSP unpreconditioned resid norm 3.507156997968e-22 true resid norm 3.507156997968e-22 ||r(i)||/||b|| 7.471574706534e-06
146 KSP unpreconditioned resid norm 3.306608523403e-22 true resid norm 3.306608523404e-22 ||r(i)||/||b|| 7.044330385606e-06
147 KSP unpreconditioned resid norm 3.130367582551e-22 true resid norm 3.130367582551e-22 ||r(i)||/||b|| 6.668870331580e-06
148 KSP unpreconditioned resid norm 2.972689732744e-22 true resid norm 2.972689732745e-22 ||r(i)||/||b|| 6.332956702656e-06
149 KSP unpreconditioned resid norm 2.847450848672e-22 true resid norm 2.847450848672e-22 ||r(i)||/||b|| 6.066150375179e-06
150 KSP unpreconditioned resid norm 2.725813316896e-22 true resid norm 2.725813316897e-22 ||r(i)||/||b|| 5.807016294126e-06
151 KSP unpreconditioned resid norm 2.613520201692e-22 true resid norm 2.613520201695e-22 ||r(i)||/||b|| 5.567789364808e-06
152 KSP unpreconditioned resid norm 2.531708243718e-22 true resid norm 2.531708243720e-22 ||r(i)||/||b|| 5.393498862202e-06
153 KSP unpreconditioned resid norm 2.469790171984e-22 true resid norm 2.469790171985e-22 ||r(i)||/||b|| 5.261589883243e-06
154 KSP unpreconditioned resid norm 2.422049156853e-22 true resid norm 2.422049156855e-22 ||r(i)||/||b|| 5.159883412354e-06
155 KSP unpreconditioned resid norm 2.372863144299e-22 true resid norm 2.372863144301e-22 ||r(i)||/||b|| 5.055098548853e-06
156 KSP unpreconditioned resid norm 2.319167916458e-22 true resid norm 2.319167916459e-22 ||r(i)||/||b|| 4.940707346395e-06
157 KSP unpreconditioned resid norm 2.271524652628e-22 true resid norm 2.271524652630e-22 ||r(i)||/||b|| 4.839209122856e-06
158 KSP unpreconditioned resid norm 2.226369993167e-22 true resid norm 2.226369993168e-22 ||r(i)||/||b|| 4.743012570574e-06
159 KSP unpreconditioned resid norm 2.180903121963e-22 true resid norm 2.180903121965e-22 ||r(i)||/||b|| 4.646150888858e-06
160 KSP unpreconditioned resid norm 2.140795046736e-22 true resid norm 2.140795046738e-22 ||r(i)||/||b|| 4.560705475219e-06
161 KSP unpreconditioned resid norm 2.096416237318e-22 true resid norm 2.096416237320e-22 ||r(i)||/||b|| 4.466161777816e-06
162 KSP unpreconditioned resid norm 2.051189668775e-22 true resid norm 2.051189668776e-22 ||r(i)||/||b|| 4.369812031913e-06
163 KSP unpreconditioned resid norm 2.004677153992e-22 true resid norm 2.004677153992e-22 ||r(i)||/||b|| 4.270722732747e-06
164 KSP unpreconditioned resid norm 1.952594277387e-22 true resid norm 1.952594277388e-22 ||r(i)||/||b|| 4.159766450008e-06
165 KSP unpreconditioned resid norm 1.898434611285e-22 true resid norm 1.898434611286e-22 ||r(i)||/||b|| 4.044385817889e-06
166 KSP unpreconditioned resid norm 1.839798854059e-22 true resid norm 1.839798854062e-22 ||r(i)||/||b|| 3.919469413855e-06
167 KSP unpreconditioned resid norm 1.794486965591e-22 true resid norm 1.794486965595e-22 ||r(i)||/||b|| 3.822937904153e-06
168 KSP unpreconditioned resid norm 1.756022179097e-22 true resid norm 1.756022179098e-22 ||r(i)||/||b|| 3.740993318823e-06
169 KSP unpreconditioned resid norm 1.728565804203e-22 true resid norm 1.728565804205e-22 ||r(i)||/||b|| 3.682500825815e-06
170 KSP unpreconditioned resid norm 1.703840610179e-22 true resid norm 1.703840610181e-22 ||r(i)||/||b|| 3.629826784023e-06
171 KSP unpreconditioned resid norm 1.685580389556e-22 true resid norm 1.685580389558e-22 ||r(i)||/||b|| 3.590925587806e-06
172 KSP unpreconditioned resid norm 1.667099087810e-22 true resid norm 1.667099087812e-22 ||r(i)||/||b|| 3.551553404937e-06
173 KSP unpreconditioned resid norm 1.644779662287e-22 true resid norm 1.644779662288e-22 ||r(i)||/||b|| 3.504004562583e-06
174 KSP unpreconditioned resid norm 1.618249532893e-22 true resid norm 1.618249532895e-22 ||r(i)||/||b|| 3.447485323822e-06
175 KSP unpreconditioned resid norm 1.589400895642e-22 true resid norm 1.589400895645e-22 ||r(i)||/||b|| 3.386026783894e-06
176 KSP unpreconditioned resid norm 1.562256696795e-22 true resid norm 1.562256696797e-22 ||r(i)||/||b|| 3.328199344275e-06
177 KSP unpreconditioned resid norm 1.532948416412e-22 true resid norm 1.532948416412e-22 ||r(i)||/||b|| 3.265761590121e-06
178 KSP unpreconditioned resid norm 1.502895739760e-22 true resid norm 1.502895739760e-22 ||r(i)||/||b|| 3.201737989562e-06
179 KSP unpreconditioned resid norm 1.473728871093e-22 true resid norm 1.473728871093e-22 ||r(i)||/||b|| 3.139601496005e-06
180 KSP unpreconditioned resid norm 1.445988630546e-22 true resid norm 1.445988630548e-22 ||r(i)||/||b|| 3.080504261486e-06
181 KSP unpreconditioned resid norm 1.408705711027e-22 true resid norm 1.408705711026e-22 ||r(i)||/||b|| 3.001077501108e-06
182 KSP unpreconditioned resid norm 1.369425807256e-22 true resid norm 1.369425807257e-22 ||r(i)||/||b|| 2.917396406806e-06
183 KSP unpreconditioned resid norm 1.325742576170e-22 true resid norm 1.325742576171e-22 ||r(i)||/||b|| 2.824334555093e-06
184 KSP unpreconditioned resid norm 1.291761524930e-22 true resid norm 1.291761524930e-22 ||r(i)||/||b|| 2.751942026586e-06
185 KSP unpreconditioned resid norm 1.265825477252e-22 true resid norm 1.265825477254e-22 ||r(i)||/||b|| 2.696688407225e-06
186 KSP unpreconditioned resid norm 1.246204133859e-22 true resid norm 1.246204133859e-22 ||r(i)||/||b|| 2.654887503215e-06
187 KSP unpreconditioned resid norm 1.227654444992e-22 true resid norm 1.227654444993e-22 ||r(i)||/||b|| 2.615369629841e-06
188 KSP unpreconditioned resid norm 1.211894340530e-22 true resid norm 1.211894340528e-22 ||r(i)||/||b|| 2.581794629362e-06
189 KSP unpreconditioned resid norm 1.193632825241e-22 true resid norm 1.193632825243e-22 ||r(i)||/||b|| 2.542890675022e-06
190 KSP unpreconditioned resid norm 1.191227196259e-22 true resid norm 1.187719989751e-22 ||r(i)||/||b|| 2.530294092625e-06
191 KSP unpreconditioned resid norm 1.191191969594e-22 true resid norm 1.187471496476e-22 ||r(i)||/||b|| 2.529764707694e-06
192 KSP unpreconditioned resid norm 1.191155126025e-22 true resid norm 1.187569282808e-22 ||r(i)||/||b|| 2.529973029672e-06
193 KSP unpreconditioned resid norm 1.190626141861e-22 true resid norm 1.186911243805e-22 ||r(i)||/||b|| 2.528571156994e-06
194 KSP unpreconditioned resid norm 1.190624901710e-22 true resid norm 1.186930834095e-22 ||r(i)||/||b|| 2.528612891742e-06
195 KSP unpreconditioned resid norm 1.189454855144e-22 true resid norm 1.186754475007e-22 ||r(i)||/||b|| 2.528237179990e-06
196 KSP unpreconditioned resid norm 1.188606094487e-22 true resid norm 1.187113542262e-22 ||r(i)||/||b|| 2.529002129441e-06
197 KSP unpreconditioned resid norm 1.187164460519e-22 true resid norm 1.190246337841e-22 ||r(i)||/||b|| 2.535676172328e-06
198 KSP unpreconditioned resid norm 1.187089087037e-22 true resid norm 1.190810028713e-22 ||r(i)||/||b|| 2.536877047699e-06
199 KSP unpreconditioned resid norm 1.185868349742e-22 true resid norm 1.196100465765e-22 ||r(i)||/||b|| 2.548147685336e-06
200 KSP unpreconditioned resid norm 1.197631309510e-22 true resid norm 1.197631309510e-22 ||r(i)||/||b|| 2.551408963179e-06
201 KSP unpreconditioned resid norm 1.185742793038e-22 true resid norm 1.185742793037e-22 ||r(i)||/||b|| 2.526081913655e-06
202 KSP unpreconditioned resid norm 1.171329457486e-22 true resid norm 1.171329457487e-22 ||r(i)||/||b|| 2.495376041805e-06
203 KSP unpreconditioned resid norm 1.158546143967e-22 true resid norm 1.158546143970e-22 ||r(i)||/||b|| 2.468142735170e-06
204 KSP unpreconditioned resid norm 1.145506551830e-22 true resid norm 1.145506551830e-22 ||r(i)||/||b|| 2.440363457860e-06
205 KSP unpreconditioned resid norm 1.130958748040e-22 true resid norm 1.130958748039e-22 ||r(i)||/||b|| 2.409371117654e-06
206 KSP unpreconditioned resid norm 1.107976050219e-22 true resid norm 1.107976050218e-22 ||r(i)||/||b|| 2.360409253721e-06
207 KSP unpreconditioned resid norm 1.077016101998e-22 true resid norm 1.077016101999e-22 ||r(i)||/||b|| 2.294452820585e-06
208 KSP unpreconditioned resid norm 1.043049718751e-22 true resid norm 1.043049718750e-22 ||r(i)||/||b|| 2.222091540466e-06
209 KSP unpreconditioned resid norm 1.015443342214e-22 true resid norm 1.015443342213e-22 ||r(i)||/||b|| 2.163279487058e-06
210 KSP unpreconditioned resid norm 9.896473699945e-23 true resid norm 9.896473699933e-23 ||r(i)||/||b|| 2.108324281552e-06
211 KSP unpreconditioned resid norm 9.647773382197e-23 true resid norm 9.647773382192e-23 ||r(i)||/||b|| 2.055341680413e-06
212 KSP unpreconditioned resid norm 9.430086875395e-23 true resid norm 9.430086875386e-23 ||r(i)||/||b|| 2.008966197389e-06
213 KSP unpreconditioned resid norm 9.230452625071e-23 true resid norm 9.230452625067e-23 ||r(i)||/||b|| 1.966436529738e-06
214 KSP unpreconditioned resid norm 9.082496281701e-23 true resid norm 9.082496281714e-23 ||r(i)||/||b|| 1.934916216467e-06
215 KSP unpreconditioned resid norm 8.947047911316e-23 true resid norm 8.947047911298e-23 ||r(i)||/||b|| 1.906060575872e-06
216 KSP unpreconditioned resid norm 8.802698810281e-23 true resid norm 8.802698810272e-23 ||r(i)||/||b|| 1.875308742043e-06
217 KSP unpreconditioned resid norm 8.682300548854e-23 true resid norm 8.682300548854e-23 ||r(i)||/||b|| 1.849659345531e-06
218 KSP unpreconditioned resid norm 8.559453812942e-23 true resid norm 8.559453812946e-23 ||r(i)||/||b|| 1.823488331079e-06
219 KSP unpreconditioned resid norm 8.449921574057e-23 true resid norm 8.449921574056e-23 ||r(i)||/||b|| 1.800153809524e-06
220 KSP unpreconditioned resid norm 8.326923954320e-23 true resid norm 8.326923954321e-23 ||r(i)||/||b|| 1.773950651094e-06
221 KSP unpreconditioned resid norm 8.212034152410e-23 true resid norm 8.212034152422e-23 ||r(i)||/||b|| 1.749474765401e-06
222 KSP unpreconditioned resid norm 8.093646618054e-23 true resid norm 8.093646618059e-23 ||r(i)||/||b|| 1.724253730020e-06
223 KSP unpreconditioned resid norm 7.972372203651e-23 true resid norm 7.972372203660e-23 ||r(i)||/||b|| 1.698417679689e-06
224 KSP unpreconditioned resid norm 7.815097054163e-23 true resid norm 7.815097054166e-23 ||r(i)||/||b|| 1.664912107238e-06
225 KSP unpreconditioned resid norm 7.644485917883e-23 true resid norm 7.644485917896e-23 ||r(i)||/||b|| 1.628565463756e-06
226 KSP unpreconditioned resid norm 7.457236994060e-23 true resid norm 7.457236994068e-23 ||r(i)||/||b|| 1.588674340436e-06
227 KSP unpreconditioned resid norm 7.291264155076e-23 true resid norm 7.291264155088e-23 ||r(i)||/||b|| 1.553315830212e-06
228 KSP unpreconditioned resid norm 7.134542947298e-23 true resid norm 7.134542947301e-23 ||r(i)||/||b|| 1.519928268356e-06
229 KSP unpreconditioned resid norm 6.982856628815e-23 true resid norm 6.982856628809e-23 ||r(i)||/||b|| 1.487613328898e-06
230 KSP unpreconditioned resid norm 6.834240993653e-23 true resid norm 6.834240993656e-23 ||r(i)||/||b|| 1.455952561466e-06
231 KSP unpreconditioned resid norm 6.657796974722e-23 true resid norm 6.657796974735e-23 ||r(i)||/||b|| 1.418363292732e-06
232 KSP unpreconditioned resid norm 6.485981913969e-23 true resid norm 6.485981913988e-23 ||r(i)||/||b|| 1.381760167670e-06
233 KSP unpreconditioned resid norm 6.333409831388e-23 true resid norm 6.333409831399e-23 ||r(i)||/||b|| 1.349256526863e-06
234 KSP unpreconditioned resid norm 6.233513526873e-23 true resid norm 6.233513526884e-23 ||r(i)||/||b|| 1.327974824831e-06
235 KSP unpreconditioned resid norm 6.131745049778e-23 true resid norm 6.131745049776e-23 ||r(i)||/||b|| 1.306294279023e-06
236 KSP unpreconditioned resid norm 6.010381422792e-23 true resid norm 6.010381422795e-23 ||r(i)||/||b|| 1.280439223029e-06
237 KSP unpreconditioned resid norm 5.860286791573e-23 true resid norm 5.860286791588e-23 ||r(i)||/||b|| 1.248463373337e-06
238 KSP unpreconditioned resid norm 5.687158187587e-23 true resid norm 5.687158187598e-23 ||r(i)||/||b|| 1.211580413741e-06
239 KSP unpreconditioned resid norm 5.478029630531e-23 true resid norm 5.478029630505e-23 ||r(i)||/||b|| 1.167028098618e-06
240 KSP unpreconditioned resid norm 5.252538641689e-23 true resid norm 5.252538641687e-23 ||r(i)||/||b|| 1.118989964893e-06
241 KSP unpreconditioned resid norm 5.067814488859e-23 true resid norm 5.067814488852e-23 ||r(i)||/||b|| 1.079636713562e-06
242 KSP unpreconditioned resid norm 4.907509020280e-23 true resid norm 4.907509020295e-23 ||r(i)||/||b|| 1.045485568207e-06
243 KSP unpreconditioned resid norm 4.758074140366e-23 true resid norm 4.758074140365e-23 ||r(i)||/||b|| 1.013650270563e-06
244 KSP unpreconditioned resid norm 4.607548694062e-23 true resid norm 4.607548694082e-23 ||r(i)||/||b|| 9.815826409188e-07
245 KSP unpreconditioned resid norm 4.458423055043e-23 true resid norm 4.458423055044e-23 ||r(i)||/||b|| 9.498132233143e-07
246 KSP unpreconditioned resid norm 4.267322979488e-23 true resid norm 4.267322979479e-23 ||r(i)||/||b|| 9.091016585959e-07
247 KSP unpreconditioned resid norm 4.035319472829e-23 true resid norm 4.035319472827e-23 ||r(i)||/||b|| 8.596761115464e-07
248 KSP unpreconditioned resid norm 3.772875554659e-23 true resid norm 3.772875554669e-23 ||r(i)||/||b|| 8.037656022098e-07
249 KSP unpreconditioned resid norm 3.529125579344e-23 true resid norm 3.529125579369e-23 ||r(i)||/||b|| 7.518376117827e-07
250 KSP unpreconditioned resid norm 3.312892290044e-23 true resid norm 3.312892290060e-23 ||r(i)||/||b|| 7.057717192081e-07
251 KSP unpreconditioned resid norm 3.124143009064e-23 true resid norm 3.124143009082e-23 ||r(i)||/||b|| 6.655609629046e-07
252 KSP unpreconditioned resid norm 2.893521398309e-23 true resid norm 2.893521398333e-23 ||r(i)||/||b|| 6.164298120992e-07
253 KSP unpreconditioned resid norm 2.630666863655e-23 true resid norm 2.630666863658e-23 ||r(i)||/||b|| 5.604318258696e-07
254 KSP unpreconditioned resid norm 2.386884371490e-23 true resid norm 2.386884371487e-23 ||r(i)||/||b|| 5.084969081156e-07
255 KSP unpreconditioned resid norm 2.173543261668e-23 true resid norm 2.173543261663e-23 ||r(i)||/||b|| 4.630471594744e-07
256 KSP unpreconditioned resid norm 1.976775880419e-23 true resid norm 1.976775880414e-23 ||r(i)||/||b|| 4.211282436784e-07
257 KSP unpreconditioned resid norm 1.807226616477e-23 true resid norm 1.807226616465e-23 ||r(i)||/||b|| 3.850078192786e-07
258 KSP unpreconditioned resid norm 1.655876533718e-23 true resid norm 1.655876533711e-23 ||r(i)||/||b|| 3.527645107871e-07
259 KSP unpreconditioned resid norm 1.533395534306e-23 true resid norm 1.533395534304e-23 ||r(i)||/||b|| 3.266714120827e-07
260 KSP unpreconditioned resid norm 1.423911200305e-23 true resid norm 1.423911200293e-23 ||r(i)||/||b|| 3.033470960845e-07
261 KSP unpreconditioned resid norm 1.335721670910e-23 true resid norm 1.335721670897e-23 ||r(i)||/||b|| 2.845593812033e-07
262 KSP unpreconditioned resid norm 1.256170784664e-23 true resid norm 1.256170784659e-23 ||r(i)||/||b|| 2.676120249873e-07
263 KSP unpreconditioned resid norm 1.177441201323e-23 true resid norm 1.177441201312e-23 ||r(i)||/||b|| 2.508396374400e-07
264 KSP unpreconditioned resid norm 1.099837562114e-23 true resid norm 1.099837562106e-23 ||r(i)||/||b|| 2.343071187030e-07
265 KSP unpreconditioned resid norm 1.030226231872e-23 true resid norm 1.030226231868e-23 ||r(i)||/||b|| 2.194772649326e-07
266 KSP unpreconditioned resid norm 9.835353630716e-24 true resid norm 9.835353630623e-24 ||r(i)||/||b|| 2.095303388441e-07
267 KSP unpreconditioned resid norm 9.538412030898e-24 true resid norm 9.538412030839e-24 ||r(i)||/||b|| 2.032043564386e-07
268 KSP unpreconditioned resid norm 9.322025390563e-24 true resid norm 9.322025390564e-24 ||r(i)||/||b|| 1.985945002239e-07
269 KSP unpreconditioned resid norm 9.114788919134e-24 true resid norm 9.114788919075e-24 ||r(i)||/||b|| 1.941795773118e-07
270 KSP unpreconditioned resid norm 8.927110628870e-24 true resid norm 8.927110628825e-24 ||r(i)||/||b|| 1.901813178463e-07
271 KSP unpreconditioned resid norm 8.733567883801e-24 true resid norm 8.733567883787e-24 ||r(i)||/||b|| 1.860581232494e-07
272 KSP unpreconditioned resid norm 8.483296452972e-24 true resid norm 8.483296453007e-24 ||r(i)||/||b|| 1.807263924684e-07
273 KSP unpreconditioned resid norm 8.172278143962e-24 true resid norm 8.172278143987e-24 ||r(i)||/||b|| 1.741005227618e-07
274 KSP unpreconditioned resid norm 7.868539219973e-24 true resid norm 7.868539219989e-24 ||r(i)||/||b|| 1.676297315675e-07
275 KSP unpreconditioned resid norm 7.552271412088e-24 true resid norm 7.552271412122e-24 ||r(i)||/||b|| 1.608920276235e-07
276 KSP unpreconditioned resid norm 7.246458112428e-24 true resid norm 7.246458112393e-24 ||r(i)||/||b|| 1.543770443578e-07
277 KSP unpreconditioned resid norm 6.983449433360e-24 true resid norm 6.983449433393e-24 ||r(i)||/||b|| 1.487739618760e-07
278 KSP unpreconditioned resid norm 6.741947309956e-24 true resid norm 6.741947309976e-24 ||r(i)||/||b|| 1.436290506048e-07
279 KSP unpreconditioned resid norm 6.511148952015e-24 true resid norm 6.511148952085e-24 ||r(i)||/||b|| 1.387121701397e-07
280 KSP unpreconditioned resid norm 6.318367018679e-24 true resid norm 6.318367018704e-24 ||r(i)||/||b|| 1.346051837169e-07
281 KSP unpreconditioned resid norm 6.124137067782e-24 true resid norm 6.124137067801e-24 ||r(i)||/||b|| 1.304673490284e-07
282 KSP unpreconditioned resid norm 5.908045916029e-24 true resid norm 5.908045916046e-24 ||r(i)||/||b|| 1.258637878400e-07
283 KSP unpreconditioned resid norm 5.696039940762e-24 true resid norm 5.696039940818e-24 ||r(i)||/||b|| 1.213472564071e-07
284 KSP unpreconditioned resid norm 5.527044260234e-24 true resid norm 5.527044260237e-24 ||r(i)||/||b|| 1.177470073926e-07
285 KSP unpreconditioned resid norm 5.379253716100e-24 true resid norm 5.379253716099e-24 ||r(i)||/||b|| 1.145985082177e-07
286 KSP unpreconditioned resid norm 5.261726001290e-24 true resid norm 5.261726001347e-24 ||r(i)||/||b|| 1.120947220987e-07
287 KSP unpreconditioned resid norm 5.147645711783e-24 true resid norm 5.147645711722e-24 ||r(i)||/||b|| 1.096643792114e-07
288 KSP unpreconditioned resid norm 5.061456011987e-24 true resid norm 5.061456011979e-24 ||r(i)||/||b|| 1.078282116804e-07
289 KSP unpreconditioned resid norm 4.982519093501e-24 true resid norm 4.982519093497e-24 ||r(i)||/||b|| 1.061465559009e-07
290 KSP unpreconditioned resid norm 4.908157384340e-24 true resid norm 4.908157384329e-24 ||r(i)||/||b|| 1.045623694339e-07
291 KSP unpreconditioned resid norm 4.816628867826e-24 true resid norm 4.816628867836e-24 ||r(i)||/||b|| 1.026124648555e-07
292 KSP unpreconditioned resid norm 4.794245321296e-24 true resid norm 4.779580230153e-24 ||r(i)||/||b|| 1.018231883436e-07
293 KSP unpreconditioned resid norm 4.786850111672e-24 true resid norm 4.759961032470e-24 ||r(i)||/||b|| 1.014052250153e-07
294 KSP unpreconditioned resid norm 4.784568892585e-24 true resid norm 4.757709067890e-24 ||r(i)||/||b|| 1.013572496278e-07
295 KSP unpreconditioned resid norm 4.784112276603e-24 true resid norm 4.756449055100e-24 ||r(i)||/||b|| 1.013304065760e-07
296 KSP unpreconditioned resid norm 4.779844843929e-24 true resid norm 4.752290813028e-24 ||r(i)||/||b|| 1.012418202472e-07
297 KSP unpreconditioned resid norm 4.779124337116e-24 true resid norm 4.753097634248e-24 ||r(i)||/||b|| 1.012590085996e-07
298 KSP unpreconditioned resid norm 4.776632748110e-24 true resid norm 4.758665423039e-24 ||r(i)||/||b|| 1.013776236200e-07
299 KSP unpreconditioned resid norm 4.776456675636e-24 true resid norm 4.759991295939e-24 ||r(i)||/||b|| 1.014058697420e-07
300 KSP unpreconditioned resid norm 4.767106513296e-24 true resid norm 4.767106513296e-24 ||r(i)||/||b|| 1.015574508604e-07
301 KSP unpreconditioned resid norm 4.709538497879e-24 true resid norm 4.709538497849e-24 ||r(i)||/||b|| 1.003310337700e-07
302 KSP unpreconditioned resid norm 4.660747654888e-24 true resid norm 4.660747654874e-24 ||r(i)||/||b|| 9.929160374591e-08
303 KSP unpreconditioned resid norm 4.620412132403e-24 true resid norm 4.620412132367e-24 ||r(i)||/||b|| 9.843230411972e-08
304 KSP unpreconditioned resid norm 4.568538923935e-24 true resid norm 4.568538923943e-24 ||r(i)||/||b|| 9.732720801984e-08
305 KSP unpreconditioned resid norm 4.526145383605e-24 true resid norm 4.526145383595e-24 ||r(i)||/||b|| 9.642406480736e-08
306 KSP unpreconditioned resid norm 4.469395344118e-24 true resid norm 4.469395344127e-24 ||r(i)||/||b|| 9.521507370793e-08
307 KSP unpreconditioned resid norm 4.406972718071e-24 true resid norm 4.406972718040e-24 ||r(i)||/||b|| 9.388523499681e-08
308 KSP unpreconditioned resid norm 4.312283277603e-24 true resid norm 4.312283277615e-24 ||r(i)||/||b|| 9.186799074894e-08
309 KSP unpreconditioned resid norm 4.219729280637e-24 true resid norm 4.219729280605e-24 ||r(i)||/||b|| 8.989623954575e-08
310 KSP unpreconditioned resid norm 4.118038310014e-24 true resid norm 4.118038310039e-24 ||r(i)||/||b|| 8.772983614835e-08
311 KSP unpreconditioned resid norm 4.029125258372e-24 true resid norm 4.029125258379e-24 ||r(i)||/||b|| 8.583565089159e-08
312 KSP unpreconditioned resid norm 3.946428640527e-24 true resid norm 3.946428640471e-24 ||r(i)||/||b|| 8.407389925334e-08
313 KSP unpreconditioned resid norm 3.860971634908e-24 true resid norm 3.860971634955e-24 ||r(i)||/||b|| 8.225334088862e-08
314 KSP unpreconditioned resid norm 3.758524979176e-24 true resid norm 3.758524979163e-24 ||r(i)||/||b|| 8.007083852951e-08
315 KSP unpreconditioned resid norm 3.639539518396e-24 true resid norm 3.639539518412e-24 ||r(i)||/||b|| 7.753599689136e-08
316 KSP unpreconditioned resid norm 3.501521796301e-24 true resid norm 3.501521796303e-24 ||r(i)||/||b|| 7.459569589498e-08
317 KSP unpreconditioned resid norm 3.311731881588e-24 true resid norm 3.311731881537e-24 ||r(i)||/||b|| 7.055245081771e-08
318 KSP unpreconditioned resid norm 3.114927106627e-24 true resid norm 3.114927106635e-24 ||r(i)||/||b|| 6.635976261147e-08
319 KSP unpreconditioned resid norm 2.964770416986e-24 true resid norm 2.964770416922e-24 ||r(i)||/||b|| 6.316085556076e-08
320 KSP unpreconditioned resid norm 2.828209177333e-24 true resid norm 2.828209177285e-24 ||r(i)||/||b|| 6.025158316561e-08
321 KSP unpreconditioned resid norm 2.731843123327e-24 true resid norm 2.731843123346e-24 ||r(i)||/||b|| 5.819862069031e-08
322 KSP unpreconditioned resid norm 2.637174770208e-24 true resid norm 2.637174770235e-24 ||r(i)||/||b|| 5.618182568222e-08
323 KSP unpreconditioned resid norm 2.548973921335e-24 true resid norm 2.548973921284e-24 ||r(i)||/||b|| 5.430281304463e-08
324 KSP unpreconditioned resid norm 2.450406246201e-24 true resid norm 2.450406246164e-24 ||r(i)||/||b|| 5.220294768719e-08
325 KSP unpreconditioned resid norm 2.351104253052e-24 true resid norm 2.351104252972e-24 ||r(i)||/||b|| 5.008743856949e-08
326 KSP unpreconditioned resid norm 2.238173419093e-24 true resid norm 2.238173419127e-24 ||r(i)||/||b|| 4.768158345029e-08
327 KSP unpreconditioned resid norm 2.123251985082e-24 true resid norm 2.123251985142e-24 ||r(i)||/||b|| 4.523332099755e-08
328 KSP unpreconditioned resid norm 2.024933245817e-24 true resid norm 2.024933245827e-24 ||r(i)||/||b|| 4.313875891700e-08
329 KSP unpreconditioned resid norm 1.930042064571e-24 true resid norm 1.930042064514e-24 ||r(i)||/||b|| 4.111721682298e-08
330 KSP unpreconditioned resid norm 1.833701431606e-24 true resid norm 1.833701431530e-24 ||r(i)||/||b|| 3.906479591045e-08
331 KSP unpreconditioned resid norm 1.740148531010e-24 true resid norm 1.740148530949e-24 ||r(i)||/||b|| 3.707176427227e-08
332 KSP unpreconditioned resid norm 1.666980305534e-24 true resid norm 1.666980305551e-24 ||r(i)||/||b|| 3.551300353667e-08
333 KSP unpreconditioned resid norm 1.607994225598e-24 true resid norm 1.607994225585e-24 ||r(i)||/||b|| 3.425637629308e-08
334 KSP unpreconditioned resid norm 1.554714219315e-24 true resid norm 1.554714219286e-24 ||r(i)||/||b|| 3.312131006237e-08
335 KSP unpreconditioned resid norm 1.495881776068e-24 true resid norm 1.495881776077e-24 ||r(i)||/||b|| 3.186795586447e-08
336 KSP unpreconditioned resid norm 1.428668377997e-24 true resid norm 1.428668377947e-24 ||r(i)||/||b|| 3.043605553694e-08
337 KSP unpreconditioned resid norm 1.360347081355e-24 true resid norm 1.360347081389e-24 ||r(i)||/||b|| 2.898055277053e-08
338 KSP unpreconditioned resid norm 1.272502652392e-24 true resid norm 1.272502652254e-24 ||r(i)||/||b|| 2.710913322695e-08
339 KSP unpreconditioned resid norm 1.199553718832e-24 true resid norm 1.199553718866e-24 ||r(i)||/||b|| 2.555504424296e-08
340 KSP unpreconditioned resid norm 1.144874771534e-24 true resid norm 1.144874771415e-24 ||r(i)||/||b|| 2.439017525935e-08
341 KSP unpreconditioned resid norm 1.092567925269e-24 true resid norm 1.092567925143e-24 ||r(i)||/||b|| 2.327584102849e-08
342 KSP unpreconditioned resid norm 1.043315333545e-24 true resid norm 1.043315333548e-24 ||r(i)||/||b|| 2.222657400735e-08
343 KSP unpreconditioned resid norm 9.812677125018e-25 true resid norm 9.812677125238e-25 ||r(i)||/||b|| 2.090472432651e-08
  Linear solve converged due to CONVERGED_ATOL iterations 343
Mat Object: 1 MPI process
  type: seqaijcusparse
  rows=281452, cols=281452, bs=4
  total: nonzeros=15993520, allocated nonzeros=15993520
  total number of mallocs used during MatSetValues calls=0
    not using I-node routines
Vec Object: 1 MPI process
  type: seqcuda
  length=281452, bs=4
Vec Object: 1 MPI process
  type: seqcuda
  length=281452, bs=4
KSP Object: 1 MPI process
  type: gmres
    restart=100, using classical (unmodified) Gram-Schmidt orthogonalization with no iterative refinement
    happy breakdown tolerance=1e-30
  maximum iterations=2000, initial guess is zero
  tolerances: relative=1e-10, absolute=1e-24, divergence=10000.
  right preconditioning
  diagonally scaled system
  using UNPRECONDITIONED norm type for convergence test
PC Object: 1 MPI process
  type: asm
    total subdomain blocks = 1, amount of overlap = 2
    restriction/interpolation type - RESTRICT
    Local solver information for first block is in the following KSP and PC objects on rank 0:
    Use -ksp_view ::ascii_info_detail to display information for all blocks
    KSP Object: (sub_) 1 MPI process
      type: preonly
      maximum iterations=10000, initial guess is zero
      tolerances: relative=1e-05, absolute=1e-50, divergence=10000.
      left preconditioning
      not checking for convergence
    PC Object: (sub_) 1 MPI process
      type: ilu
        out-of-place factorization
        2 levels of fill
        tolerance for zero pivot 2.22045e-14
        matrix ordering: natural
        factor fill ratio given 1., needed 4.996
          Factored matrix:
            Mat Object: (sub_) 1 MPI process
              type: seqaijcusparse
              rows=281452, cols=281452, bs=4
              package used to perform factorization: cusparse
              total: nonzeros=79903664, allocated nonzeros=79903664
                using I-node routines: found 70363 nodes, limit used is 5
      linear system matrix, which is also used to construct the preconditioner:
      Mat Object: (sub_) 1 MPI process
        type: seqaijcusparse
        rows=281452, cols=281452, bs=4
        total: nonzeros=15993520, allocated nonzeros=15993520
        total number of mallocs used during MatSetValues calls=0
          not using I-node routines
  linear system matrix, which is also used to construct the preconditioner:
  Mat Object: 1 MPI process
    type: seqaijcusparse
    rows=281452, cols=281452, bs=4
    total: nonzeros=15993520, allocated nonzeros=15993520
    total number of mallocs used during MatSetValues calls=0
      not using I-node routines
 NS     62-1    2.316e+03 [   0  1.000e+00  4.656e-14  2.090e-08] [  343 -177   82]
Vec Object: 1 MPI process
  type: seqcuda
  length=281452, bs=4
Mat Object: 1 MPI process
  type: seqaijcusparse
  rows=281452, cols=281452, bs=4
  total: nonzeros=15993520, allocated nonzeros=15993520
  total number of mallocs used during MatSetValues calls=0
    not using I-node routines
Mat Object: 1 MPI process
  type: seqaijcusparse
  rows=281452, cols=281452, bs=4
  total: nonzeros=15993520, allocated nonzeros=15993520
  total number of mallocs used during MatSetValues calls=0
    not using I-node routines
SV13P_REUSE step=62 equation=0 reuse=1 rebuild_requests=2 solve_requests=4 ksp=0x55729b63aa50 pc=0x55729d0f73e0
  0 KSP unpreconditioned resid norm 3.137141821847e-17 true resid norm 3.137141821847e-17 ||r(i)||/||b|| 1.000000000000e+00
  1 KSP unpreconditioned resid norm 2.001032837829e-18 true resid norm 2.001032837829e-18 ||r(i)||/||b|| 6.378522079857e-02
  2 KSP unpreconditioned resid norm 6.892934176165e-19 true resid norm 6.892934176165e-19 ||r(i)||/||b|| 2.197201965229e-02
  3 KSP unpreconditioned resid norm 3.508742897454e-19 true resid norm 3.508742897454e-19 ||r(i)||/||b|| 1.118452112371e-02
  4 KSP unpreconditioned resid norm 2.035486971874e-19 true resid norm 2.035486971874e-19 ||r(i)||/||b|| 6.488348590743e-03
  5 KSP unpreconditioned resid norm 1.288909176985e-19 true resid norm 1.288909176985e-19 ||r(i)||/||b|| 4.108546091251e-03
  6 KSP unpreconditioned resid norm 9.237813241935e-20 true resid norm 9.237813241935e-20 ||r(i)||/||b|| 2.944659109002e-03
  7 KSP unpreconditioned resid norm 7.344291918107e-20 true resid norm 7.344291918107e-20 ||r(i)||/||b|| 2.341077431362e-03
  8 KSP unpreconditioned resid norm 6.472659619896e-20 true resid norm 6.472659619896e-20 ||r(i)||/||b|| 2.063234621661e-03
  9 KSP unpreconditioned resid norm 5.859564116625e-20 true resid norm 5.859564116625e-20 ||r(i)||/||b|| 1.867803385814e-03
 10 KSP unpreconditioned resid norm 5.286364656948e-20 true resid norm 5.286364656948e-20 ||r(i)||/||b|| 1.685089472249e-03
 11 KSP unpreconditioned resid norm 4.724670804537e-20 true resid norm 4.724670804537e-20 ||r(i)||/||b|| 1.506043103195e-03
 12 KSP unpreconditioned resid norm 4.127023676473e-20 true resid norm 4.127023676473e-20 ||r(i)||/||b|| 1.315536214440e-03
 13 KSP unpreconditioned resid norm 3.402994366703e-20 true resid norm 3.402994366703e-20 ||r(i)||/||b|| 1.084743553194e-03
 14 KSP unpreconditioned resid norm 2.735280583452e-20 true resid norm 2.735280583452e-20 ||r(i)||/||b|| 8.719021130648e-04
 15 KSP unpreconditioned resid norm 2.235802445632e-20 true resid norm 2.235802445632e-20 ||r(i)||/||b|| 7.126877178654e-04
 16 KSP unpreconditioned resid norm 1.947306883451e-20 true resid norm 1.947306883451e-20 ||r(i)||/||b|| 6.207264427417e-04
 17 KSP unpreconditioned resid norm 1.740159411538e-20 true resid norm 1.740159411538e-20 ||r(i)||/||b|| 5.546958060421e-04
 18 KSP unpreconditioned resid norm 1.572247818531e-20 true resid norm 1.572247818531e-20 ||r(i)||/||b|| 5.011720565457e-04
 19 KSP unpreconditioned resid norm 1.426062640227e-20 true resid norm 1.426062640227e-20 ||r(i)||/||b|| 4.545738513625e-04
 20 KSP unpreconditioned resid norm 1.280699585848e-20 true resid norm 1.280699585848e-20 ||r(i)||/||b|| 4.082377076258e-04
 21 KSP unpreconditioned resid norm 1.168687744158e-20 true resid norm 1.168687744158e-20 ||r(i)||/||b|| 3.725326461237e-04
 22 KSP unpreconditioned resid norm 1.077703852984e-20 true resid norm 1.077703852984e-20 ||r(i)||/||b|| 3.435304854499e-04
 23 KSP unpreconditioned resid norm 9.942979656293e-21 true resid norm 9.942979656293e-21 ||r(i)||/||b|| 3.169439005610e-04
 24 KSP unpreconditioned resid norm 9.089387860485e-21 true resid norm 9.089387860485e-21 ||r(i)||/||b|| 2.897346813327e-04
 25 KSP unpreconditioned resid norm 8.322751344048e-21 true resid norm 8.322751344048e-21 ||r(i)||/||b|| 2.652972615420e-04
 26 KSP unpreconditioned resid norm 7.784330462192e-21 true resid norm 7.784330462192e-21 ||r(i)||/||b|| 2.481344773125e-04
 27 KSP unpreconditioned resid norm 7.391955400453e-21 true resid norm 7.391955400453e-21 ||r(i)||/||b|| 2.356270713990e-04
 28 KSP unpreconditioned resid norm 7.108533903249e-21 true resid norm 7.108533903249e-21 ||r(i)||/||b|| 2.265926855377e-04
 29 KSP unpreconditioned resid norm 6.887955371719e-21 true resid norm 6.887955371719e-21 ||r(i)||/||b|| 2.195614914108e-04
 30 KSP unpreconditioned resid norm 6.671125701797e-21 true resid norm 6.671125701797e-21 ||r(i)||/||b|| 2.126497965549e-04
 31 KSP unpreconditioned resid norm 6.464006559202e-21 true resid norm 6.464006559202e-21 ||r(i)||/||b|| 2.060476359145e-04
 32 KSP unpreconditioned resid norm 6.269637154576e-21 true resid norm 6.269637154575e-21 ||r(i)||/||b|| 1.998518878207e-04
 33 KSP unpreconditioned resid norm 6.102191549247e-21 true resid norm 6.102191549246e-21 ||r(i)||/||b|| 1.945143667637e-04
 34 KSP unpreconditioned resid norm 5.938739752437e-21 true resid norm 5.938739752437e-21 ||r(i)||/||b|| 1.893041529420e-04
 35 KSP unpreconditioned resid norm 5.822406711752e-21 true resid norm 5.822406711752e-21 ||r(i)||/||b|| 1.855959036090e-04
 36 KSP unpreconditioned resid norm 5.730588423830e-21 true resid norm 5.730588423830e-21 ||r(i)||/||b|| 1.826690901865e-04
 37 KSP unpreconditioned resid norm 5.640507258016e-21 true resid norm 5.640507258015e-21 ||r(i)||/||b|| 1.797976495272e-04
 38 KSP unpreconditioned resid norm 5.551025875209e-21 true resid norm 5.551025875208e-21 ||r(i)||/||b|| 1.769453276403e-04
 39 KSP unpreconditioned resid norm 5.472987602037e-21 true resid norm 5.472987602037e-21 ||r(i)||/||b|| 1.744577680207e-04
 40 KSP unpreconditioned resid norm 5.416117685092e-21 true resid norm 5.416117685091e-21 ||r(i)||/||b|| 1.726449740771e-04
 41 KSP unpreconditioned resid norm 5.359448705625e-21 true resid norm 5.359448705624e-21 ||r(i)||/||b|| 1.708385852466e-04
 42 KSP unpreconditioned resid norm 5.305034572707e-21 true resid norm 5.305034572707e-21 ||r(i)||/||b|| 1.691040722406e-04
 43 KSP unpreconditioned resid norm 5.249241784901e-21 true resid norm 5.249241784900e-21 ||r(i)||/||b|| 1.673256130260e-04
 44 KSP unpreconditioned resid norm 5.183304915088e-21 true resid norm 5.183304915087e-21 ||r(i)||/||b|| 1.652237995423e-04
 45 KSP unpreconditioned resid norm 5.106910001917e-21 true resid norm 5.106910001916e-21 ||r(i)||/||b|| 1.627886239108e-04
 46 KSP unpreconditioned resid norm 5.029387347742e-21 true resid norm 5.029387347741e-21 ||r(i)||/||b|| 1.603175002391e-04
 47 KSP unpreconditioned resid norm 4.961294707522e-21 true resid norm 4.961294707521e-21 ||r(i)||/||b|| 1.581469690969e-04
 48 KSP unpreconditioned resid norm 4.901632980191e-21 true resid norm 4.901632980190e-21 ||r(i)||/||b|| 1.562451829896e-04
 49 KSP unpreconditioned resid norm 4.842216153573e-21 true resid norm 4.842216153573e-21 ||r(i)||/||b|| 1.543512033741e-04
 50 KSP unpreconditioned resid norm 4.768062803452e-21 true resid norm 4.768062803451e-21 ||r(i)||/||b|| 1.519874801402e-04
 51 KSP unpreconditioned resid norm 4.689360762805e-21 true resid norm 4.689360762804e-21 ||r(i)||/||b|| 1.494787621696e-04
 52 KSP unpreconditioned resid norm 4.582928645139e-21 true resid norm 4.582928645137e-21 ||r(i)||/||b|| 1.460861161335e-04
 53 KSP unpreconditioned resid norm 4.498910481624e-21 true resid norm 4.498910481622e-21 ||r(i)||/||b|| 1.434079406385e-04
 54 KSP unpreconditioned resid norm 4.409791554984e-21 true resid norm 4.409791554981e-21 ||r(i)||/||b|| 1.405671724584e-04
 55 KSP unpreconditioned resid norm 4.323773836591e-21 true resid norm 4.323773836588e-21 ||r(i)||/||b|| 1.378252588543e-04
 56 KSP unpreconditioned resid norm 4.244521236707e-21 true resid norm 4.244521236703e-21 ||r(i)||/||b|| 1.352989911755e-04
 57 KSP unpreconditioned resid norm 4.156507575225e-21 true resid norm 4.156507575221e-21 ||r(i)||/||b|| 1.324934545922e-04
 58 KSP unpreconditioned resid norm 4.052421148312e-21 true resid norm 4.052421148307e-21 ||r(i)||/||b|| 1.291755801439e-04
 59 KSP unpreconditioned resid norm 3.900847722474e-21 true resid norm 3.900847722471e-21 ||r(i)||/||b|| 1.243440030446e-04
 60 KSP unpreconditioned resid norm 3.695143413821e-21 true resid norm 3.695143413818e-21 ||r(i)||/||b|| 1.177869418617e-04
 61 KSP unpreconditioned resid norm 3.483230060876e-21 true resid norm 3.483230060875e-21 ||r(i)||/||b|| 1.110319602582e-04
 62 KSP unpreconditioned resid norm 3.293199667610e-21 true resid norm 3.293199667611e-21 ||r(i)||/||b|| 1.049745231369e-04
 63 KSP unpreconditioned resid norm 3.121733744552e-21 true resid norm 3.121733744555e-21 ||r(i)||/||b|| 9.950884983315e-05
 64 KSP unpreconditioned resid norm 2.941905340468e-21 true resid norm 2.941905340473e-21 ||r(i)||/||b|| 9.377661283863e-05
 65 KSP unpreconditioned resid norm 2.805569257929e-21 true resid norm 2.805569257933e-21 ||r(i)||/||b|| 8.943074356394e-05
 66 KSP unpreconditioned resid norm 2.695218625172e-21 true resid norm 2.695218625174e-21 ||r(i)||/||b|| 8.591319035704e-05
 67 KSP unpreconditioned resid norm 2.609749429372e-21 true resid norm 2.609749429372e-21 ||r(i)||/||b|| 8.318876154075e-05
 68 KSP unpreconditioned resid norm 2.531804950545e-21 true resid norm 2.531804950540e-21 ||r(i)||/||b|| 8.070419172345e-05
 69 KSP unpreconditioned resid norm 2.460338838076e-21 true resid norm 2.460338838067e-21 ||r(i)||/||b|| 7.842612727717e-05
 70 KSP unpreconditioned resid norm 2.368667477686e-21 true resid norm 2.368667477672e-21 ||r(i)||/||b|| 7.550399733849e-05
 71 KSP unpreconditioned resid norm 2.260694057220e-21 true resid norm 2.260694057199e-21 ||r(i)||/||b|| 7.206222050452e-05
 72 KSP unpreconditioned resid norm 2.146626194785e-21 true resid norm 2.146626194760e-21 ||r(i)||/||b|| 6.842617633066e-05
 73 KSP unpreconditioned resid norm 2.050806558463e-21 true resid norm 2.050806558437e-21 ||r(i)||/||b|| 6.537181533059e-05
 74 KSP unpreconditioned resid norm 1.971037150266e-21 true resid norm 1.971037150240e-21 ||r(i)||/||b|| 6.282907379301e-05
 75 KSP unpreconditioned resid norm 1.897595559283e-21 true resid norm 1.897595559258e-21 ||r(i)||/||b|| 6.048803869952e-05
 76 KSP unpreconditioned resid norm 1.824040586639e-21 true resid norm 1.824040586611e-21 ||r(i)||/||b|| 5.814338943521e-05
 77 KSP unpreconditioned resid norm 1.750895199964e-21 true resid norm 1.750895199932e-21 ||r(i)||/||b|| 5.581179619420e-05
 78 KSP unpreconditioned resid norm 1.661995929244e-21 true resid norm 1.661995929203e-21 ||r(i)||/||b|| 5.297802979861e-05
 79 KSP unpreconditioned resid norm 1.570333742047e-21 true resid norm 1.570333741996e-21 ||r(i)||/||b|| 5.005619226584e-05
 80 KSP unpreconditioned resid norm 1.470418019033e-21 true resid norm 1.470418018971e-21 ||r(i)||/||b|| 4.687126379593e-05
 81 KSP unpreconditioned resid norm 1.366416457475e-21 true resid norm 1.366416457404e-21 ||r(i)||/||b|| 4.355609452808e-05
 82 KSP unpreconditioned resid norm 1.271604767223e-21 true resid norm 1.271604767147e-21 ||r(i)||/||b|| 4.053386296696e-05
 83 KSP unpreconditioned resid norm 1.190152230514e-21 true resid norm 1.190152230440e-21 ||r(i)||/||b|| 3.793746977428e-05
 84 KSP unpreconditioned resid norm 1.124739353054e-21 true resid norm 1.124739352986e-21 ||r(i)||/||b|| 3.585235914911e-05
 85 KSP unpreconditioned resid norm 1.075814354121e-21 true resid norm 1.075814354060e-21 ||r(i)||/||b|| 3.429281859583e-05
 86 KSP unpreconditioned resid norm 1.034446928521e-21 true resid norm 1.034446928469e-21 ||r(i)||/||b|| 3.297418437588e-05
 87 KSP unpreconditioned resid norm 9.887370825217e-22 true resid norm 9.887370824794e-22 ||r(i)||/||b|| 3.151713051650e-05
 88 KSP unpreconditioned resid norm 9.411043776730e-22 true resid norm 9.411043776408e-22 ||r(i)||/||b|| 2.999878332203e-05
 89 KSP unpreconditioned resid norm 8.892949807426e-22 true resid norm 8.892949807192e-22 ||r(i)||/||b|| 2.834729926859e-05
 90 KSP unpreconditioned resid norm 8.352005128911e-22 true resid norm 8.352005128733e-22 ||r(i)||/||b|| 2.662297595400e-05
 91 KSP unpreconditioned resid norm 7.786140555048e-22 true resid norm 7.786140554905e-22 ||r(i)||/||b|| 2.481921760974e-05
 92 KSP unpreconditioned resid norm 7.597653920541e-22 true resid norm 7.597620985024e-22 ||r(i)||/||b|| 2.421828982073e-05
 93 KSP unpreconditioned resid norm 7.048705183919e-22 true resid norm 6.854119490987e-22 ||r(i)||/||b|| 2.184829338366e-05
 94 KSP unpreconditioned resid norm 6.881082222572e-22 true resid norm 6.633577114246e-22 ||r(i)||/||b|| 2.114528921852e-05
 95 KSP unpreconditioned resid norm 6.694323410369e-22 true resid norm 6.238345343100e-22 ||r(i)||/||b|| 1.988544253771e-05
 96 KSP unpreconditioned resid norm 6.679533714101e-22 true resid norm 6.174706463824e-22 ||r(i)||/||b|| 1.968258629821e-05
 97 KSP unpreconditioned resid norm 6.679526132186e-22 true resid norm 6.175279949132e-22 ||r(i)||/||b|| 1.968441434852e-05
 98 KSP unpreconditioned resid norm 6.665244108221e-22 true resid norm 6.161792392010e-22 ||r(i)||/||b|| 1.964142121054e-05
 99 KSP unpreconditioned resid norm 6.654252380155e-22 true resid norm 6.143062924437e-22 ||r(i)||/||b|| 1.958171888072e-05
100 KSP unpreconditioned resid norm 6.121857289590e-22 true resid norm 6.121857289590e-22 ||r(i)||/||b|| 1.951412348322e-05
101 KSP unpreconditioned resid norm 5.900291187767e-22 true resid norm 5.900291187767e-22 ||r(i)||/||b|| 1.880785607675e-05
102 KSP unpreconditioned resid norm 5.715978485678e-22 true resid norm 5.715978485678e-22 ||r(i)||/||b|| 1.822033816218e-05
103 KSP unpreconditioned resid norm 5.568054865073e-22 true resid norm 5.568054865073e-22 ||r(i)||/||b|| 1.774881462578e-05
104 KSP unpreconditioned resid norm 5.458772441063e-22 true resid norm 5.458772441063e-22 ||r(i)||/||b|| 1.740046434320e-05
105 KSP unpreconditioned resid norm 5.334812868261e-22 true resid norm 5.334812868261e-22 ||r(i)||/||b|| 1.700532896253e-05
106 KSP unpreconditioned resid norm 5.242015176365e-22 true resid norm 5.242015176365e-22 ||r(i)||/||b|| 1.670952565759e-05
107 KSP unpreconditioned resid norm 5.162813322800e-22 true resid norm 5.162813322799e-22 ||r(i)||/||b|| 1.645706064943e-05
108 KSP unpreconditioned resid norm 5.073402414021e-22 true resid norm 5.073402414021e-22 ||r(i)||/||b|| 1.617205310480e-05
109 KSP unpreconditioned resid norm 4.977123641648e-22 true resid norm 4.977123641648e-22 ||r(i)||/||b|| 1.586515345589e-05
110 KSP unpreconditioned resid norm 4.877654165613e-22 true resid norm 4.877654165613e-22 ||r(i)||/||b|| 1.554808307245e-05
111 KSP unpreconditioned resid norm 4.762073305877e-22 true resid norm 4.762073305877e-22 ||r(i)||/||b|| 1.517965580234e-05
112 KSP unpreconditioned resid norm 4.647278454193e-22 true resid norm 4.647278454193e-22 ||r(i)||/||b|| 1.481373402321e-05
113 KSP unpreconditioned resid norm 4.538920027070e-22 true resid norm 4.538920027070e-22 ||r(i)||/||b|| 1.446832908688e-05
114 KSP unpreconditioned resid norm 4.458805285356e-22 true resid norm 4.458805285356e-22 ||r(i)||/||b|| 1.421295414286e-05
115 KSP unpreconditioned resid norm 4.380753638926e-22 true resid norm 4.380753638926e-22 ||r(i)||/||b|| 1.396415555210e-05
116 KSP unpreconditioned resid norm 4.299641077363e-22 true resid norm 4.299641077363e-22 ||r(i)||/||b|| 1.370559994266e-05
117 KSP unpreconditioned resid norm 4.196156128527e-22 true resid norm 4.196156128527e-22 ||r(i)||/||b|| 1.337572977831e-05
118 KSP unpreconditioned resid norm 4.064686531056e-22 true resid norm 4.064686531056e-22 ||r(i)||/||b|| 1.295665533114e-05
119 KSP unpreconditioned resid norm 3.939017780446e-22 true resid norm 3.939017780446e-22 ||r(i)||/||b|| 1.255607174982e-05
120 KSP unpreconditioned resid norm 3.813189299590e-22 true resid norm 3.813189299590e-22 ||r(i)||/||b|| 1.215497900999e-05
121 KSP unpreconditioned resid norm 3.710675469568e-22 true resid norm 3.710675469568e-22 ||r(i)||/||b|| 1.182820439843e-05
122 KSP unpreconditioned resid norm 3.617064988819e-22 true resid norm 3.617064988819e-22 ||r(i)||/||b|| 1.152981023564e-05
123 KSP unpreconditioned resid norm 3.527108314220e-22 true resid norm 3.527108314220e-22 ||r(i)||/||b|| 1.124306299976e-05
124 KSP unpreconditioned resid norm 3.429662849812e-22 true resid norm 3.429662849812e-22 ||r(i)||/||b|| 1.093244438593e-05
125 KSP unpreconditioned resid norm 3.327506270031e-22 true resid norm 3.327506270031e-22 ||r(i)||/||b|| 1.060680855057e-05
126 KSP unpreconditioned resid norm 3.210266905009e-22 true resid norm 3.210266905009e-22 ||r(i)||/||b|| 1.023309460431e-05
127 KSP unpreconditioned resid norm 3.089227429467e-22 true resid norm 3.089227429467e-22 ||r(i)||/||b|| 9.847267369151e-06
128 KSP unpreconditioned resid norm 2.967466280116e-22 true resid norm 2.967466280116e-22 ||r(i)||/||b|| 9.459139715810e-06
129 KSP unpreconditioned resid norm 2.848863686755e-22 true resid norm 2.848863686755e-22 ||r(i)||/||b|| 9.081080322589e-06
130 KSP unpreconditioned resid norm 2.743235138064e-22 true resid norm 2.743235138064e-22 ||r(i)||/||b|| 8.744377187413e-06
131 KSP unpreconditioned resid norm 2.640222064877e-22 true resid norm 2.640222064876e-22 ||r(i)||/||b|| 8.416011180909e-06
132 KSP unpreconditioned resid norm 2.551387803326e-22 true resid norm 2.551387803326e-22 ||r(i)||/||b|| 8.132841765579e-06
133 KSP unpreconditioned resid norm 2.470266410824e-22 true resid norm 2.470266410824e-22 ||r(i)||/||b|| 7.874258006509e-06
134 KSP unpreconditioned resid norm 2.394756338169e-22 true resid norm 2.394756338170e-22 ||r(i)||/||b|| 7.633560974172e-06
135 KSP unpreconditioned resid norm 2.326132003675e-22 true resid norm 2.326132003675e-22 ||r(i)||/||b|| 7.414813023356e-06
136 KSP unpreconditioned resid norm 2.260123508498e-22 true resid norm 2.260123508497e-22 ||r(i)||/||b|| 7.204403360912e-06
137 KSP unpreconditioned resid norm 2.201405586065e-22 true resid norm 2.201405586064e-22 ||r(i)||/||b|| 7.017233236744e-06
138 KSP unpreconditioned resid norm 2.147916614907e-22 true resid norm 2.147916614908e-22 ||r(i)||/||b|| 6.846730995549e-06
139 KSP unpreconditioned resid norm 2.097713155681e-22 true resid norm 2.097713155681e-22 ||r(i)||/||b|| 6.686701701124e-06
140 KSP unpreconditioned resid norm 2.042922994057e-22 true resid norm 2.042922994057e-22 ||r(i)||/||b|| 6.512051765815e-06
141 KSP unpreconditioned resid norm 1.963932537815e-22 true resid norm 1.963932537814e-22 ||r(i)||/||b|| 6.260260610908e-06
142 KSP unpreconditioned resid norm 1.869357857487e-22 true resid norm 1.869357857487e-22 ||r(i)||/||b|| 5.958792951179e-06
143 KSP unpreconditioned resid norm 1.753955188197e-22 true resid norm 1.753955188197e-22 ||r(i)||/||b|| 5.590933683592e-06
144 KSP unpreconditioned resid norm 1.655082983168e-22 true resid norm 1.655082983168e-22 ||r(i)||/||b|| 5.275767170108e-06
145 KSP unpreconditioned resid norm 1.561118122280e-22 true resid norm 1.561118122280e-22 ||r(i)||/||b|| 4.976243379907e-06
146 KSP unpreconditioned resid norm 1.483832855742e-22 true resid norm 1.483832855742e-22 ||r(i)||/||b|| 4.729887713103e-06
147 KSP unpreconditioned resid norm 1.408161101903e-22 true resid norm 1.408161101904e-22 ||r(i)||/||b|| 4.488675303415e-06
148 KSP unpreconditioned resid norm 1.344012587689e-22 true resid norm 1.344012587689e-22 ||r(i)||/||b|| 4.284194543993e-06
149 KSP unpreconditioned resid norm 1.259287135693e-22 true resid norm 1.259287135693e-22 ||r(i)||/||b|| 4.014122431200e-06
150 KSP unpreconditioned resid norm 1.173861887033e-22 true resid norm 1.173861887033e-22 ||r(i)||/||b|| 3.741819636136e-06
151 KSP unpreconditioned resid norm 1.085151757939e-22 true resid norm 1.085151757939e-22 ||r(i)||/||b|| 3.459045907270e-06
152 KSP unpreconditioned resid norm 1.009535743812e-22 true resid norm 1.009535743813e-22 ||r(i)||/||b|| 3.218011174319e-06
153 KSP unpreconditioned resid norm 9.490621913015e-23 true resid norm 9.490621913012e-23 ||r(i)||/||b|| 3.025244777561e-06
154 KSP unpreconditioned resid norm 8.999009232126e-23 true resid norm 8.999009232120e-23 ||r(i)||/||b|| 2.868537587128e-06
155 KSP unpreconditioned resid norm 8.589279945893e-23 true resid norm 8.589279945898e-23 ||r(i)||/||b|| 2.737931669548e-06
156 KSP unpreconditioned resid norm 8.243688939567e-23 true resid norm 8.243688939566e-23 ||r(i)||/||b|| 2.627770565601e-06
157 KSP unpreconditioned resid norm 7.939165194254e-23 true resid norm 7.939165194251e-23 ||r(i)||/||b|| 2.530700122947e-06
158 KSP unpreconditioned resid norm 7.666838949190e-23 true resid norm 7.666838949188e-23 ||r(i)||/||b|| 2.443893003432e-06
159 KSP unpreconditioned resid norm 7.415815338263e-23 true resid norm 7.415815338264e-23 ||r(i)||/||b|| 2.363876343307e-06
160 KSP unpreconditioned resid norm 7.154451764421e-23 true resid norm 7.154451764416e-23 ||r(i)||/||b|| 2.280563701198e-06
161 KSP unpreconditioned resid norm 6.900953564370e-23 true resid norm 6.900953564368e-23 ||r(i)||/||b|| 2.199758237358e-06
162 KSP unpreconditioned resid norm 6.666137375124e-23 true resid norm 6.666137375117e-23 ||r(i)||/||b|| 2.124907879106e-06
163 KSP unpreconditioned resid norm 6.439329880043e-23 true resid norm 6.439329880045e-23 ||r(i)||/||b|| 2.052610384140e-06
164 KSP unpreconditioned resid norm 6.247095392407e-23 true resid norm 6.247095392399e-23 ||r(i)||/||b|| 1.991333432519e-06
165 KSP unpreconditioned resid norm 6.113676775816e-23 true resid norm 6.113676775808e-23 ||r(i)||/||b|| 1.948804715564e-06
166 KSP unpreconditioned resid norm 6.019580268096e-23 true resid norm 6.019580268094e-23 ||r(i)||/||b|| 1.918810372605e-06
167 KSP unpreconditioned resid norm 5.923408931088e-23 true resid norm 5.923408931088e-23 ||r(i)||/||b|| 1.888154653971e-06
168 KSP unpreconditioned resid norm 5.823109139318e-23 true resid norm 5.823109139317e-23 ||r(i)||/||b|| 1.856182942946e-06
169 KSP unpreconditioned resid norm 5.705105001059e-23 true resid norm 5.705105001058e-23 ||r(i)||/||b|| 1.818567768064e-06
170 KSP unpreconditioned resid norm 5.588634648914e-23 true resid norm 5.588634648907e-23 ||r(i)||/||b|| 1.781441505127e-06
171 KSP unpreconditioned resid norm 5.474372949201e-23 true resid norm 5.474372949191e-23 ||r(i)||/||b|| 1.745019275529e-06
172 KSP unpreconditioned resid norm 5.380608667706e-23 true resid norm 5.380608667689e-23 ||r(i)||/||b|| 1.715130833493e-06
173 KSP unpreconditioned resid norm 5.303825163906e-23 true resid norm 5.303825163892e-23 ||r(i)||/||b|| 1.690655209451e-06
174 KSP unpreconditioned resid norm 5.224300512284e-23 true resid norm 5.224300512265e-23 ||r(i)||/||b|| 1.665305813044e-06
175 KSP unpreconditioned resid norm 5.146021794048e-23 true resid norm 5.146021794028e-23 ||r(i)||/||b|| 1.640353572220e-06
176 KSP unpreconditioned resid norm 5.069215561137e-23 true resid norm 5.069215561124e-23 ||r(i)||/||b|| 1.615870703014e-06
177 KSP unpreconditioned resid norm 5.000951328445e-23 true resid norm 5.000951328428e-23 ||r(i)||/||b|| 1.594110694518e-06
178 KSP unpreconditioned resid norm 4.933962881720e-23 true resid norm 4.933962881709e-23 ||r(i)||/||b|| 1.572757357461e-06
179 KSP unpreconditioned resid norm 4.864594204440e-23 true resid norm 4.864594204428e-23 ||r(i)||/||b|| 1.550645294564e-06
180 KSP unpreconditioned resid norm 4.774116268058e-23 true resid norm 4.774116268057e-23 ||r(i)||/||b|| 1.521804412797e-06
181 KSP unpreconditioned resid norm 4.665595105324e-23 true resid norm 4.665595105323e-23 ||r(i)||/||b|| 1.487212045318e-06
182 KSP unpreconditioned resid norm 4.554606399782e-23 true resid norm 4.554606399775e-23 ||r(i)||/||b|| 1.451833120217e-06
183 KSP unpreconditioned resid norm 4.459071842975e-23 true resid norm 4.459071842969e-23 ||r(i)||/||b|| 1.421380382588e-06
184 KSP unpreconditioned resid norm 4.368383377068e-23 true resid norm 4.368383377051e-23 ||r(i)||/||b|| 1.392472392108e-06
185 KSP unpreconditioned resid norm 4.299738692661e-23 true resid norm 4.299738692648e-23 ||r(i)||/||b|| 1.370591110260e-06
186 KSP unpreconditioned resid norm 4.231368035852e-23 true resid norm 4.231368035839e-23 ||r(i)||/||b|| 1.348797177855e-06
187 KSP unpreconditioned resid norm 4.164365749964e-23 true resid norm 4.164365749938e-23 ||r(i)||/||b|| 1.327439429399e-06
188 KSP unpreconditioned resid norm 4.091666587554e-23 true resid norm 4.091666587541e-23 ||r(i)||/||b|| 1.304265736106e-06
189 KSP unpreconditioned resid norm 3.993599696992e-23 true resid norm 3.993599697001e-23 ||r(i)||/||b|| 1.273005788004e-06
190 KSP unpreconditioned resid norm 3.861135598023e-23 true resid norm 3.861135598056e-23 ||r(i)||/||b|| 1.230781334515e-06
191 KSP unpreconditioned resid norm 3.764507029351e-23 true resid norm 3.804971544011e-23 ||r(i)||/||b|| 1.212878396990e-06
192 KSP unpreconditioned resid norm 3.757910493951e-23 true resid norm 3.769334179669e-23 ||r(i)||/||b|| 1.201518577649e-06
193 KSP unpreconditioned resid norm 3.747103827195e-23 true resid norm 3.806198298822e-23 ||r(i)||/||b|| 1.213269439180e-06
194 KSP unpreconditioned resid norm 3.745931797265e-23 true resid norm 3.808707147907e-23 ||r(i)||/||b|| 1.214069163652e-06
195 KSP unpreconditioned resid norm 3.736608733861e-23 true resid norm 3.871015547635e-23 ||r(i)||/||b|| 1.233930681959e-06
196 KSP unpreconditioned resid norm 3.730609898504e-23 true resid norm 3.885985187346e-23 ||r(i)||/||b|| 1.238702426611e-06
197 KSP unpreconditioned resid norm 3.716264821116e-23 true resid norm 3.979502264650e-23 ||r(i)||/||b|| 1.268512069469e-06
198 KSP unpreconditioned resid norm 3.715898715312e-23 true resid norm 3.972210163085e-23 ||r(i)||/||b|| 1.266187628313e-06
199 KSP unpreconditioned resid norm 3.708126574868e-23 true resid norm 4.044172705731e-23 ||r(i)||/||b|| 1.289126515597e-06
200 KSP unpreconditioned resid norm 4.065188754989e-23 true resid norm 4.065188754989e-23 ||r(i)||/||b|| 1.295825622762e-06
201 KSP unpreconditioned resid norm 3.974271826662e-23 true resid norm 3.974271826669e-23 ||r(i)||/||b|| 1.266844807268e-06
202 KSP unpreconditioned resid norm 3.916819136450e-23 true resid norm 3.916819136457e-23 ||r(i)||/||b|| 1.248531102158e-06
203 KSP unpreconditioned resid norm 3.862142238851e-23 true resid norm 3.862142238853e-23 ||r(i)||/||b|| 1.231102212835e-06
204 KSP unpreconditioned resid norm 3.812353591909e-23 true resid norm 3.812353591915e-23 ||r(i)||/||b|| 1.215231509575e-06
205 KSP unpreconditioned resid norm 3.764525253604e-23 true resid norm 3.764525253609e-23 ||r(i)||/||b|| 1.199985677215e-06
206 KSP unpreconditioned resid norm 3.717442618884e-23 true resid norm 3.717442618880e-23 ||r(i)||/||b|| 1.184977546438e-06
207 KSP unpreconditioned resid norm 3.675584136194e-23 true resid norm 3.675584136196e-23 ||r(i)||/||b|| 1.171634674148e-06
208 KSP unpreconditioned resid norm 3.633298302495e-23 true resid norm 3.633298302495e-23 ||r(i)||/||b|| 1.158155578811e-06
209 KSP unpreconditioned resid norm 3.589260051089e-23 true resid norm 3.589260051090e-23 ||r(i)||/||b|| 1.144117880197e-06
210 KSP unpreconditioned resid norm 3.539502301651e-23 true resid norm 3.539502301651e-23 ||r(i)||/||b|| 1.128257025870e-06
211 KSP unpreconditioned resid norm 3.488521900913e-23 true resid norm 3.488521900914e-23 ||r(i)||/||b|| 1.112006437395e-06
212 KSP unpreconditioned resid norm 3.433272085352e-23 true resid norm 3.433272085363e-23 ||r(i)||/||b|| 1.094394923893e-06
213 KSP unpreconditioned resid norm 3.388199549808e-23 true resid norm 3.388199549807e-23 ||r(i)||/||b|| 1.080027535322e-06
214 KSP unpreconditioned resid norm 3.346583444964e-23 true resid norm 3.346583444960e-23 ||r(i)||/||b|| 1.066761923753e-06
215 KSP unpreconditioned resid norm 3.297461276935e-23 true resid norm 3.297461276931e-23 ||r(i)||/||b|| 1.051103668303e-06
216 KSP unpreconditioned resid norm 3.241635569370e-23 true resid norm 3.241635569368e-23 ||r(i)||/||b|| 1.033308582606e-06
217 KSP unpreconditioned resid norm 3.181540474227e-23 true resid norm 3.181540474226e-23 ||r(i)||/||b|| 1.014152580565e-06
218 KSP unpreconditioned resid norm 3.118305777191e-23 true resid norm 3.118305777195e-23 ||r(i)||/||b|| 9.939957943499e-07
219 KSP unpreconditioned resid norm 3.056784540410e-23 true resid norm 3.056784540404e-23 ||r(i)||/||b|| 9.743851932725e-07
220 KSP unpreconditioned resid norm 2.999303032321e-23 true resid norm 2.999303032323e-23 ||r(i)||/||b|| 9.560623021360e-07
221 KSP unpreconditioned resid norm 2.938635215164e-23 true resid norm 2.938635215168e-23 ||r(i)||/||b|| 9.367237383732e-07
222 KSP unpreconditioned resid norm 2.859713670394e-23 true resid norm 2.859713670385e-23 ||r(i)||/||b|| 9.115665892022e-07
223 KSP unpreconditioned resid norm 2.791388091291e-23 true resid norm 2.791388091287e-23 ||r(i)||/||b|| 8.897870258361e-07
224 KSP unpreconditioned resid norm 2.725439447990e-23 true resid norm 2.725439447985e-23 ||r(i)||/||b|| 8.687651380644e-07
225 KSP unpreconditioned resid norm 2.676196740347e-23 true resid norm 2.676196740342e-23 ||r(i)||/||b|| 8.530684592276e-07
226 KSP unpreconditioned resid norm 2.630744917373e-23 true resid norm 2.630744917368e-23 ||r(i)||/||b|| 8.385801684348e-07
227 KSP unpreconditioned resid norm 2.580794464178e-23 true resid norm 2.580794464176e-23 ||r(i)||/||b|| 8.226578875724e-07
228 KSP unpreconditioned resid norm 2.530942794704e-23 true resid norm 2.530942794701e-23 ||r(i)||/||b|| 8.067670951550e-07
229 KSP unpreconditioned resid norm 2.478163194425e-23 true resid norm 2.478163194423e-23 ||r(i)||/||b|| 7.899429911535e-07
230 KSP unpreconditioned resid norm 2.423499780891e-23 true resid norm 2.423499780884e-23 ||r(i)||/||b|| 7.725184000312e-07
231 KSP unpreconditioned resid norm 2.368876330349e-23 true resid norm 2.368876330345e-23 ||r(i)||/||b|| 7.551065475739e-07
232 KSP unpreconditioned resid norm 2.318363624553e-23 true resid norm 2.318363624552e-23 ||r(i)||/||b|| 7.390050422351e-07
233 KSP unpreconditioned resid norm 2.270572032749e-23 true resid norm 2.270572032751e-23 ||r(i)||/||b|| 7.237709232457e-07
234 KSP unpreconditioned resid norm 2.228608183553e-23 true resid norm 2.228608183552e-23 ||r(i)||/||b|| 7.103944641685e-07
235 KSP unpreconditioned resid norm 2.187298045296e-23 true resid norm 2.187298045297e-23 ||r(i)||/||b|| 6.972263829658e-07
236 KSP unpreconditioned resid norm 2.148175370055e-23 true resid norm 2.148175370051e-23 ||r(i)||/||b|| 6.847555807300e-07
237 KSP unpreconditioned resid norm 2.109050087705e-23 true resid norm 2.109050087708e-23 ||r(i)||/||b|| 6.722839474520e-07
238 KSP unpreconditioned resid norm 2.060008288895e-23 true resid norm 2.060008288895e-23 ||r(i)||/||b|| 6.566513106130e-07
239 KSP unpreconditioned resid norm 2.005492519976e-23 true resid norm 2.005492519973e-23 ||r(i)||/||b|| 6.392737829086e-07
240 KSP unpreconditioned resid norm 1.947672105538e-23 true resid norm 1.947672105536e-23 ||r(i)||/||b|| 6.208428614773e-07
241 KSP unpreconditioned resid norm 1.888954010583e-23 true resid norm 1.888954010581e-23 ||r(i)||/||b|| 6.021257940673e-07
242 KSP unpreconditioned resid norm 1.836192020958e-23 true resid norm 1.836192020955e-23 ||r(i)||/||b|| 5.853073036634e-07
243 KSP unpreconditioned resid norm 1.783894899202e-23 true resid norm 1.783894899200e-23 ||r(i)||/||b|| 5.686369952345e-07
244 KSP unpreconditioned resid norm 1.727911393003e-23 true resid norm 1.727911393001e-23 ||r(i)||/||b|| 5.507916094095e-07
245 KSP unpreconditioned resid norm 1.660967574886e-23 true resid norm 1.660967574891e-23 ||r(i)||/||b|| 5.294524982338e-07
246 KSP unpreconditioned resid norm 1.582554691069e-23 true resid norm 1.582554691069e-23 ||r(i)||/||b|| 5.044574905886e-07
247 KSP unpreconditioned resid norm 1.488338756878e-23 true resid norm 1.488338756877e-23 ||r(i)||/||b|| 4.744250790679e-07
248 KSP unpreconditioned resid norm 1.387450723896e-23 true resid norm 1.387450723901e-23 ||r(i)||/||b|| 4.422658594006e-07
249 KSP unpreconditioned resid norm 1.268214229045e-23 true resid norm 1.268214229049e-23 ||r(i)||/||b|| 4.042578566954e-07
250 KSP unpreconditioned resid norm 1.138369163853e-23 true resid norm 1.138369163858e-23 ||r(i)||/||b|| 3.628682503068e-07
251 KSP unpreconditioned resid norm 1.011462035753e-23 true resid norm 1.011462035760e-23 ||r(i)||/||b|| 3.224151451222e-07
252 KSP unpreconditioned resid norm 8.856021561620e-24 true resid norm 8.856021561665e-24 ||r(i)||/||b|| 2.822958624309e-07
253 KSP unpreconditioned resid norm 7.810738715641e-24 true resid norm 7.810738715708e-24 ||r(i)||/||b|| 2.489762707351e-07
254 KSP unpreconditioned resid norm 6.800733081354e-24 true resid norm 6.800733081372e-24 ||r(i)||/||b|| 2.167811806916e-07
255 KSP unpreconditioned resid norm 5.973504735748e-24 true resid norm 5.973504735760e-24 ||r(i)||/||b|| 1.904123267288e-07
256 KSP unpreconditioned resid norm 5.211035748640e-24 true resid norm 5.211035748657e-24 ||r(i)||/||b|| 1.661077517238e-07
257 KSP unpreconditioned resid norm 4.606367581971e-24 true resid norm 4.606367582012e-24 ||r(i)||/||b|| 1.468332591767e-07
258 KSP unpreconditioned resid norm 4.137608334063e-24 true resid norm 4.137608334098e-24 ||r(i)||/||b|| 1.318910195670e-07
259 KSP unpreconditioned resid norm 3.823129807651e-24 true resid norm 3.823129807688e-24 ||r(i)||/||b|| 1.218666552167e-07
260 KSP unpreconditioned resid norm 3.579404330932e-24 true resid norm 3.579404330956e-24 ||r(i)||/||b|| 1.140976256167e-07
261 KSP unpreconditioned resid norm 3.379710766481e-24 true resid norm 3.379710766510e-24 ||r(i)||/||b|| 1.077321638115e-07
262 KSP unpreconditioned resid norm 3.198307201414e-24 true resid norm 3.198307201420e-24 ||r(i)||/||b|| 1.019497167500e-07
263 KSP unpreconditioned resid norm 2.971683433507e-24 true resid norm 2.971683433529e-24 ||r(i)||/||b|| 9.472582376844e-08
264 KSP unpreconditioned resid norm 2.741331023060e-24 true resid norm 2.741331023099e-24 ||r(i)||/||b|| 8.738307602190e-08
265 KSP unpreconditioned resid norm 2.521082818709e-24 true resid norm 2.521082818721e-24 ||r(i)||/||b|| 8.036241145249e-08
266 KSP unpreconditioned resid norm 2.326112968634e-24 true resid norm 2.326112968658e-24 ||r(i)||/||b|| 7.414752347053e-08
267 KSP unpreconditioned resid norm 2.131900547721e-24 true resid norm 2.131900547750e-24 ||r(i)||/||b|| 6.795677941313e-08
268 KSP unpreconditioned resid norm 1.959474512886e-24 true resid norm 1.959474512889e-24 ||r(i)||/||b|| 6.246050144253e-08
269 KSP unpreconditioned resid norm 1.834541128867e-24 true resid norm 1.834541128878e-24 ||r(i)||/||b|| 5.847810628460e-08
270 KSP unpreconditioned resid norm 1.738732615849e-24 true resid norm 1.738732615841e-24 ||r(i)||/||b|| 5.542409985205e-08
271 KSP unpreconditioned resid norm 1.658104858369e-24 true resid norm 1.658104858391e-24 ||r(i)||/||b|| 5.285399744582e-08
272 KSP unpreconditioned resid norm 1.578782491106e-24 true resid norm 1.578782491131e-24 ||r(i)||/||b|| 5.032550585175e-08
273 KSP unpreconditioned resid norm 1.500975207116e-24 true resid norm 1.500975207160e-24 ||r(i)||/||b|| 4.784530927825e-08
274 KSP unpreconditioned resid norm 1.415593604183e-24 true resid norm 1.415593604185e-24 ||r(i)||/||b|| 4.512367258397e-08
275 KSP unpreconditioned resid norm 1.330238921156e-24 true resid norm 1.330238921183e-24 ||r(i)||/||b|| 4.240289399477e-08
276 KSP unpreconditioned resid norm 1.244906984321e-24 true resid norm 1.244906984338e-24 ||r(i)||/||b|| 3.968284046542e-08
277 KSP unpreconditioned resid norm 1.142683938652e-24 true resid norm 1.142683938664e-24 ||r(i)||/||b|| 3.642436343508e-08
278 KSP unpreconditioned resid norm 1.036710281061e-24 true resid norm 1.036710281101e-24 ||r(i)||/||b|| 3.304633134153e-08
279 KSP unpreconditioned resid norm 9.333062722218e-25 true resid norm 9.333062722027e-25 ||r(i)||/||b|| 2.975020975154e-08
  Linear solve converged due to CONVERGED_ATOL iterations 279
Mat Object: 1 MPI process
  type: seqaijcusparse
  rows=281452, cols=281452, bs=4
  total: nonzeros=15993520, allocated nonzeros=15993520
  total number of mallocs used during MatSetValues calls=0
    not using I-node routines
Vec Object: 1 MPI process
  type: seqcuda
  length=281452, bs=4
Vec Object: 1 MPI process
  type: seqcuda
  length=281452, bs=4
KSP Object: 1 MPI process
  type: gmres
    restart=100, using classical (unmodified) Gram-Schmidt orthogonalization with no iterative refinement
    happy breakdown tolerance=1e-30
  maximum iterations=2000, initial guess is zero
  tolerances: relative=1e-10, absolute=1e-24, divergence=10000.
  right preconditioning
  diagonally scaled system
  using UNPRECONDITIONED norm type for convergence test
PC Object: 1 MPI process
  type: asm
    total subdomain blocks = 1, amount of overlap = 2
    restriction/interpolation type - RESTRICT
    Local solver information for first block is in the following KSP and PC objects on rank 0:
    Use -ksp_view ::ascii_info_detail to display information for all blocks
    KSP Object: (sub_) 1 MPI process
      type: preonly
      maximum iterations=10000, initial guess is zero
      tolerances: relative=1e-05, absolute=1e-50, divergence=10000.
      left preconditioning
      not checking for convergence
    PC Object: (sub_) 1 MPI process
      type: ilu
        out-of-place factorization
        2 levels of fill
        tolerance for zero pivot 2.22045e-14
        matrix ordering: natural
        factor fill ratio given 1., needed 4.996
          Factored matrix:
            Mat Object: (sub_) 1 MPI process
              type: seqaijcusparse
              rows=281452, cols=281452, bs=4
              package used to perform factorization: cusparse
              total: nonzeros=79903664, allocated nonzeros=79903664
                using I-node routines: found 70363 nodes, limit used is 5
      linear system matrix, which is also used to construct the preconditioner:
      Mat Object: (sub_) 1 MPI process
        type: seqaijcusparse
        rows=281452, cols=281452, bs=4
        total: nonzeros=15993520, allocated nonzeros=15993520
        total number of mallocs used during MatSetValues calls=0
          not using I-node routines
  linear system matrix, which is also used to construct the preconditioner:
  Mat Object: 1 MPI process
    type: seqaijcusparse
    rows=281452, cols=281452, bs=4
    total: nonzeros=15993520, allocated nonzeros=15993520
    total number of mallocs used during MatSetValues calls=0
      not using I-node routines
 NS     62-2    2.322e+03 [  -3  6.683e-01  3.112e-14  2.975e-08] [  279 -173   63]
Vec Object: 1 MPI process
  type: seqcuda
  length=281452, bs=4
Mat Object: 1 MPI process
  type: seqaijcusparse
  rows=281452, cols=281452, bs=4
  total: nonzeros=15993520, allocated nonzeros=15993520
  total number of mallocs used during MatSetValues calls=0
    not using I-node routines
Mat Object: 1 MPI process
  type: seqaijcusparse
  rows=281452, cols=281452, bs=4
  total: nonzeros=15993520, allocated nonzeros=15993520
  total number of mallocs used during MatSetValues calls=0
    not using I-node routines
SV13P_REUSE step=63 equation=0 reuse=0 rebuild_requests=3 solve_requests=5 ksp=0x55729b63aa50 pc=0x55729d0f73e0
  0 KSP unpreconditioned resid norm 4.709428258740e-17 true resid norm 4.709428258740e-17 ||r(i)||/||b|| 1.000000000000e+00
  1 KSP unpreconditioned resid norm 2.470381960894e-18 true resid norm 2.470381960894e-18 ||r(i)||/||b|| 5.245609074327e-02
  2 KSP unpreconditioned resid norm 8.731184020706e-19 true resid norm 8.731184020706e-19 ||r(i)||/||b|| 1.853979621518e-02
  3 KSP unpreconditioned resid norm 5.450764957978e-19 true resid norm 5.450764957978e-19 ||r(i)||/||b|| 1.157415435273e-02
  4 KSP unpreconditioned resid norm 3.757981418756e-19 true resid norm 3.757981418756e-19 ||r(i)||/||b|| 7.979697772828e-03
  5 KSP unpreconditioned resid norm 2.605723456346e-19 true resid norm 2.605723456346e-19 ||r(i)||/||b|| 5.532993206787e-03
  6 KSP unpreconditioned resid norm 1.811615539516e-19 true resid norm 1.811615539516e-19 ||r(i)||/||b|| 3.846784450222e-03
  7 KSP unpreconditioned resid norm 1.379517543311e-19 true resid norm 1.379517543311e-19 ||r(i)||/||b|| 2.929267561833e-03
  8 KSP unpreconditioned resid norm 1.147301620214e-19 true resid norm 1.147301620214e-19 ||r(i)||/||b|| 2.436180268984e-03
  9 KSP unpreconditioned resid norm 1.016887068479e-19 true resid norm 1.016887068479e-19 ||r(i)||/||b|| 2.159258008851e-03
 10 KSP unpreconditioned resid norm 9.436332325227e-20 true resid norm 9.436332325227e-20 ||r(i)||/||b|| 2.003710813030e-03
 11 KSP unpreconditioned resid norm 8.906977970230e-20 true resid norm 8.906977970230e-20 ||r(i)||/||b|| 1.891307708892e-03
 12 KSP unpreconditioned resid norm 8.489417481989e-20 true resid norm 8.489417481989e-20 ||r(i)||/||b|| 1.802642914505e-03
 13 KSP unpreconditioned resid norm 7.927724951219e-20 true resid norm 7.927724951219e-20 ||r(i)||/||b|| 1.683373122100e-03
 14 KSP unpreconditioned resid norm 7.247325471844e-20 true resid norm 7.247325471844e-20 ||r(i)||/||b|| 1.538897096138e-03
 15 KSP unpreconditioned resid norm 6.667511257533e-20 true resid norm 6.667511257533e-20 ||r(i)||/||b|| 1.415779345435e-03
 16 KSP unpreconditioned resid norm 6.126790734085e-20 true resid norm 6.126790734085e-20 ||r(i)||/||b|| 1.300962749080e-03
 17 KSP unpreconditioned resid norm 5.602374988299e-20 true resid norm 5.602374988299e-20 ||r(i)||/||b|| 1.189608309226e-03
 18 KSP unpreconditioned resid norm 5.092005191523e-20 true resid norm 5.092005191523e-20 ||r(i)||/||b|| 1.081236386195e-03
 19 KSP unpreconditioned resid norm 4.624939684135e-20 true resid norm 4.624939684135e-20 ||r(i)||/||b|| 9.820596960049e-04
 20 KSP unpreconditioned resid norm 4.075823216368e-20 true resid norm 4.075823216368e-20 ||r(i)||/||b|| 8.654603048265e-04
 21 KSP unpreconditioned resid norm 3.569516885842e-20 true resid norm 3.569516885842e-20 ||r(i)||/||b|| 7.579512182223e-04
 22 KSP unpreconditioned resid norm 3.166472477908e-20 true resid norm 3.166472477908e-20 ||r(i)||/||b|| 6.723687683387e-04
 23 KSP unpreconditioned resid norm 2.773903298833e-20 true resid norm 2.773903298833e-20 ||r(i)||/||b|| 5.890106285587e-04
 24 KSP unpreconditioned resid norm 2.463788347043e-20 true resid norm 2.463788347043e-20 ||r(i)||/||b|| 5.231608194626e-04
 25 KSP unpreconditioned resid norm 2.181976685119e-20 true resid norm 2.181976685119e-20 ||r(i)||/||b|| 4.633209309580e-04
 26 KSP unpreconditioned resid norm 1.921033832212e-20 true resid norm 1.921033832212e-20 ||r(i)||/||b|| 4.079123253756e-04
 27 KSP unpreconditioned resid norm 1.673165549266e-20 true resid norm 1.673165549266e-20 ||r(i)||/||b|| 3.552799739886e-04
 28 KSP unpreconditioned resid norm 1.460101444129e-20 true resid norm 1.460101444130e-20 ||r(i)||/||b|| 3.100379417437e-04
 29 KSP unpreconditioned resid norm 1.287406909717e-20 true resid norm 1.287406909717e-20 ||r(i)||/||b|| 2.733679841768e-04
 30 KSP unpreconditioned resid norm 1.185224555640e-20 true resid norm 1.185224555640e-20 ||r(i)||/||b|| 2.516705830354e-04
 31 KSP unpreconditioned resid norm 1.109513944379e-20 true resid norm 1.109513944379e-20 ||r(i)||/||b|| 2.355941917833e-04
 32 KSP unpreconditioned resid norm 1.048576997012e-20 true resid norm 1.048576997012e-20 ||r(i)||/||b|| 2.226548403336e-04
 33 KSP unpreconditioned resid norm 9.976789733013e-21 true resid norm 9.976789733013e-21 ||r(i)||/||b|| 2.118471539406e-04
 34 KSP unpreconditioned resid norm 9.422867800049e-21 true resid norm 9.422867800049e-21 ||r(i)||/||b|| 2.000851755744e-04
 35 KSP unpreconditioned resid norm 8.791079987671e-21 true resid norm 8.791079987671e-21 ||r(i)||/||b|| 1.866697931189e-04
 36 KSP unpreconditioned resid norm 8.128857511504e-21 true resid norm 8.128857511504e-21 ||r(i)||/||b|| 1.726081610102e-04
 37 KSP unpreconditioned resid norm 7.451443419457e-21 true resid norm 7.451443419458e-21 ||r(i)||/||b|| 1.582239501287e-04
 38 KSP unpreconditioned resid norm 6.745984468432e-21 true resid norm 6.745984468432e-21 ||r(i)||/||b|| 1.432442347097e-04
 39 KSP unpreconditioned resid norm 6.186351825282e-21 true resid norm 6.186351825282e-21 ||r(i)||/||b|| 1.313609951230e-04
 40 KSP unpreconditioned resid norm 5.766067208965e-21 true resid norm 5.766067208965e-21 ||r(i)||/||b|| 1.224366715485e-04
 41 KSP unpreconditioned resid norm 5.452697697012e-21 true resid norm 5.452697697012e-21 ||r(i)||/||b|| 1.157825833081e-04
 42 KSP unpreconditioned resid norm 5.172198404438e-21 true resid norm 5.172198404438e-21 ||r(i)||/||b|| 1.098264613085e-04
 43 KSP unpreconditioned resid norm 4.893230899413e-21 true resid norm 4.893230899413e-21 ||r(i)||/||b|| 1.039028652859e-04
 44 KSP unpreconditioned resid norm 4.580428516364e-21 true resid norm 4.580428516363e-21 ||r(i)||/||b|| 9.726081946067e-05
 45 KSP unpreconditioned resid norm 4.255873943842e-21 true resid norm 4.255873943840e-21 ||r(i)||/||b|| 9.036922764334e-05
 46 KSP unpreconditioned resid norm 3.982847001578e-21 true resid norm 3.982847001577e-21 ||r(i)||/||b|| 8.457177353079e-05
 47 KSP unpreconditioned resid norm 3.731558335894e-21 true resid norm 3.731558335893e-21 ||r(i)||/||b|| 7.923590998478e-05
 48 KSP unpreconditioned resid norm 3.527585144852e-21 true resid norm 3.527585144852e-21 ||r(i)||/||b|| 7.490474323088e-05
 49 KSP unpreconditioned resid norm 3.347285434333e-21 true resid norm 3.347285434331e-21 ||r(i)||/||b|| 7.107625916413e-05
 50 KSP unpreconditioned resid norm 3.156678943447e-21 true resid norm 3.156678943445e-21 ||r(i)||/||b|| 6.702892092233e-05
 51 KSP unpreconditioned resid norm 2.967922132958e-21 true resid norm 2.967922132955e-21 ||r(i)||/||b|| 6.302085879421e-05
 52 KSP unpreconditioned resid norm 2.784263974307e-21 true resid norm 2.784263974304e-21 ||r(i)||/||b|| 5.912106143960e-05
 53 KSP unpreconditioned resid norm 2.641116323537e-21 true resid norm 2.641116323534e-21 ||r(i)||/||b|| 5.608146421239e-05
 54 KSP unpreconditioned resid norm 2.486515077537e-21 true resid norm 2.486515077534e-21 ||r(i)||/||b|| 5.279866134323e-05
 55 KSP unpreconditioned resid norm 2.338565163557e-21 true resid norm 2.338565163554e-21 ||r(i)||/||b|| 4.965709285865e-05
 56 KSP unpreconditioned resid norm 2.177500136820e-21 true resid norm 2.177500136817e-21 ||r(i)||/||b|| 4.623703806881e-05
 57 KSP unpreconditioned resid norm 2.012606252272e-21 true resid norm 2.012606252269e-21 ||r(i)||/||b|| 4.273568131193e-05
 58 KSP unpreconditioned resid norm 1.821560833373e-21 true resid norm 1.821560833372e-21 ||r(i)||/||b|| 3.867902287271e-05
 59 KSP unpreconditioned resid norm 1.638461561973e-21 true resid norm 1.638461561973e-21 ||r(i)||/||b|| 3.479109293006e-05
 60 KSP unpreconditioned resid norm 1.495727570115e-21 true resid norm 1.495727570115e-21 ||r(i)||/||b|| 3.176027933622e-05
 61 KSP unpreconditioned resid norm 1.383725609232e-21 true resid norm 1.383725609231e-21 ||r(i)||/||b|| 2.938202969040e-05
 62 KSP unpreconditioned resid norm 1.273022802174e-21 true resid norm 1.273022802172e-21 ||r(i)||/||b|| 2.703136627700e-05
 63 KSP unpreconditioned resid norm 1.182909233056e-21 true resid norm 1.182909233053e-21 ||r(i)||/||b|| 2.511789474355e-05
 64 KSP unpreconditioned resid norm 1.114735530408e-21 true resid norm 1.114735530404e-21 ||r(i)||/||b|| 2.367029433638e-05
 65 KSP unpreconditioned resid norm 1.068778035011e-21 true resid norm 1.068778035007e-21 ||r(i)||/||b|| 2.269443287566e-05
 66 KSP unpreconditioned resid norm 1.035117177340e-21 true resid norm 1.035117177335e-21 ||r(i)||/||b|| 2.197967822133e-05
 67 KSP unpreconditioned resid norm 1.012777274200e-21 true resid norm 1.012777274195e-21 ||r(i)||/||b|| 2.150531271637e-05
 68 KSP unpreconditioned resid norm 9.939157061205e-22 true resid norm 9.939157061141e-22 ||r(i)||/||b|| 2.110480617832e-05
 69 KSP unpreconditioned resid norm 9.757630890192e-22 true resid norm 9.757630890119e-22 ||r(i)||/||b|| 2.071935350541e-05
 70 KSP unpreconditioned resid norm 9.594372736060e-22 true resid norm 9.594372735979e-22 ||r(i)||/||b|| 2.037269113968e-05
 71 KSP unpreconditioned resid norm 9.454167654272e-22 true resid norm 9.454167654190e-22 ||r(i)||/||b|| 2.007497966796e-05
 72 KSP unpreconditioned resid norm 9.307227008320e-22 true resid norm 9.307227008239e-22 ||r(i)||/||b|| 1.976296589924e-05
 73 KSP unpreconditioned resid norm 9.184056360354e-22 true resid norm 9.184056360281e-22 ||r(i)||/||b|| 1.950142534444e-05
 74 KSP unpreconditioned resid norm 9.082336256897e-22 true resid norm 9.082336256833e-22 ||r(i)||/||b|| 1.928543287601e-05
 75 KSP unpreconditioned resid norm 8.980096044443e-22 true resid norm 8.980096044384e-22 ||r(i)||/||b|| 1.906833600813e-05
 76 KSP unpreconditioned resid norm 8.885409256243e-22 true resid norm 8.885409256182e-22 ||r(i)||/||b|| 1.886727808135e-05
 77 KSP unpreconditioned resid norm 8.754699547599e-22 true resid norm 8.754699547535e-22 ||r(i)||/||b|| 1.858972908503e-05
 78 KSP unpreconditioned resid norm 8.613168478758e-22 true resid norm 8.613168478684e-22 ||r(i)||/||b|| 1.828920201237e-05
 79 KSP unpreconditioned resid norm 8.433981724175e-22 true resid norm 8.433981724087e-22 ||r(i)||/||b|| 1.790871685631e-05
 80 KSP unpreconditioned resid norm 8.280511171697e-22 true resid norm 8.280511171593e-22 ||r(i)||/||b|| 1.758283748399e-05
 81 KSP unpreconditioned resid norm 8.104808645834e-22 true resid norm 8.104808645711e-22 ||r(i)||/||b|| 1.720975073921e-05
 82 KSP unpreconditioned resid norm 7.929723132119e-22 true resid norm 7.929723131977e-22 ||r(i)||/||b|| 1.683797415803e-05
 83 KSP unpreconditioned resid norm 7.747415680852e-22 true resid norm 7.747415680697e-22 ||r(i)||/||b|| 1.645086251461e-05
 84 KSP unpreconditioned resid norm 7.561499993820e-22 true resid norm 7.561499993650e-22 ||r(i)||/||b|| 1.605608914334e-05
 85 KSP unpreconditioned resid norm 7.388074101858e-22 true resid norm 7.388074101675e-22 ||r(i)||/||b|| 1.568783660302e-05
 86 KSP unpreconditioned resid norm 7.216969964373e-22 true resid norm 7.216969964192e-22 ||r(i)||/||b|| 1.532451407620e-05
 87 KSP unpreconditioned resid norm 7.087091673577e-22 true resid norm 7.087091673418e-22 ||r(i)||/||b|| 1.504873051260e-05
 88 KSP unpreconditioned resid norm 6.978243451154e-22 true resid norm 6.978243451034e-22 ||r(i)||/||b|| 1.481760219637e-05
 89 KSP unpreconditioned resid norm 6.893211734134e-22 true resid norm 6.893211734044e-22 ||r(i)||/||b|| 1.463704584787e-05
 90 KSP unpreconditioned resid norm 6.775977237788e-22 true resid norm 6.775977237726e-22 ||r(i)||/||b|| 1.438811011751e-05
 91 KSP unpreconditioned resid norm 6.729129497523e-22 true resid norm 6.729138650214e-22 ||r(i)||/||b|| 1.428865306043e-05
 92 KSP unpreconditioned resid norm 6.564596243505e-22 true resid norm 6.519414610807e-22 ||r(i)||/||b|| 1.384332503358e-05
 93 KSP unpreconditioned resid norm 6.526959313459e-22 true resid norm 6.476951457395e-22 ||r(i)||/||b|| 1.375315877331e-05
 94 KSP unpreconditioned resid norm 6.497241591840e-22 true resid norm 6.397392805229e-22 ||r(i)||/||b|| 1.358422393070e-05
 95 KSP unpreconditioned resid norm 6.496002072804e-22 true resid norm 6.402076286116e-22 ||r(i)||/||b|| 1.359416883405e-05
 96 KSP unpreconditioned resid norm 6.493406253166e-22 true resid norm 6.402891354063e-22 ||r(i)||/||b|| 1.359589954934e-05
 97 KSP unpreconditioned resid norm 6.491131559976e-22 true resid norm 6.400051493933e-22 ||r(i)||/||b|| 1.358986939031e-05
 98 KSP unpreconditioned resid norm 6.490560734217e-22 true resid norm 6.396703486374e-22 ||r(i)||/||b|| 1.358276023104e-05
 99 KSP unpreconditioned resid norm 6.489982939335e-22 true resid norm 6.395711927169e-22 ||r(i)||/||b|| 1.358065475421e-05
100 KSP unpreconditioned resid norm 6.395717732483e-22 true resid norm 6.395717732483e-22 ||r(i)||/||b|| 1.358066708122e-05
101 KSP unpreconditioned resid norm 6.351661502662e-22 true resid norm 6.351661502662e-22 ||r(i)||/||b|| 1.348711808248e-05
102 KSP unpreconditioned resid norm 6.297158469201e-22 true resid norm 6.297158469201e-22 ||r(i)||/||b|| 1.337138634083e-05
103 KSP unpreconditioned resid norm 6.245633212802e-22 true resid norm 6.245633212802e-22 ||r(i)||/||b|| 1.326197761100e-05
104 KSP unpreconditioned resid norm 6.186350154896e-22 true resid norm 6.186350154897e-22 ||r(i)||/||b|| 1.313609596540e-05
105 KSP unpreconditioned resid norm 6.142774500296e-22 true resid norm 6.142774500296e-22 ||r(i)||/||b|| 1.304356742009e-05
106 KSP unpreconditioned resid norm 6.087511592477e-22 true resid norm 6.087511592477e-22 ||r(i)||/||b|| 1.292622216121e-05
107 KSP unpreconditioned resid norm 6.022697673991e-22 true resid norm 6.022697673992e-22 ||r(i)||/||b|| 1.278859628622e-05
108 KSP unpreconditioned resid norm 5.931750532814e-22 true resid norm 5.931750532815e-22 ||r(i)||/||b|| 1.259547912596e-05
109 KSP unpreconditioned resid norm 5.834014901450e-22 true resid norm 5.834014901451e-22 ||r(i)||/||b|| 1.238794728558e-05
110 KSP unpreconditioned resid norm 5.739053861163e-22 true resid norm 5.739053861163e-22 ||r(i)||/||b|| 1.218630701192e-05
111 KSP unpreconditioned resid norm 5.634004811422e-22 true resid norm 5.634004811422e-22 ||r(i)||/||b|| 1.196324585891e-05
112 KSP unpreconditioned resid norm 5.508897632847e-22 true resid norm 5.508897632846e-22 ||r(i)||/||b|| 1.169759327499e-05
113 KSP unpreconditioned resid norm 5.367940176221e-22 true resid norm 5.367940176222e-22 ||r(i)||/||b|| 1.139828421053e-05
114 KSP unpreconditioned resid norm 5.224261111543e-22 true resid norm 5.224261111543e-22 ||r(i)||/||b|| 1.109319608351e-05
115 KSP unpreconditioned resid norm 5.109224075257e-22 true resid norm 5.109224075256e-22 ||r(i)||/||b|| 1.084892643980e-05
116 KSP unpreconditioned resid norm 4.967145755140e-22 true resid norm 4.967145755140e-22 ||r(i)||/||b|| 1.054723733379e-05
117 KSP unpreconditioned resid norm 4.848132584626e-22 true resid norm 4.848132584627e-22 ||r(i)||/||b|| 1.029452476663e-05
118 KSP unpreconditioned resid norm 4.724440746047e-22 true resid norm 4.724440746046e-22 ||r(i)||/||b|| 1.003187751566e-05
119 KSP unpreconditioned resid norm 4.623622048789e-22 true resid norm 4.623622048789e-22 ||r(i)||/||b|| 9.817799093146e-06
120 KSP unpreconditioned resid norm 4.528019718028e-22 true resid norm 4.528019718028e-22 ||r(i)||/||b|| 9.614797103290e-06
121 KSP unpreconditioned resid norm 4.453622170166e-22 true resid norm 4.453622170166e-22 ||r(i)||/||b|| 9.456821349599e-06
122 KSP unpreconditioned resid norm 4.377120932070e-22 true resid norm 4.377120932071e-22 ||r(i)||/||b|| 9.294378620054e-06
123 KSP unpreconditioned resid norm 4.310969560261e-22 true resid norm 4.310969560262e-22 ||r(i)||/||b|| 9.153912796657e-06
124 KSP unpreconditioned resid norm 4.238765853100e-22 true resid norm 4.238765853101e-22 ||r(i)||/||b|| 9.000595444329e-06
125 KSP unpreconditioned resid norm 4.166936497349e-22 true resid norm 4.166936497350e-22 ||r(i)||/||b|| 8.848072989787e-06
126 KSP unpreconditioned resid norm 4.095384925708e-22 true resid norm 4.095384925708e-22 ||r(i)||/||b|| 8.696140382025e-06
127 KSP unpreconditioned resid norm 4.020939702926e-22 true resid norm 4.020939702926e-22 ||r(i)||/||b|| 8.538063395411e-06
128 KSP unpreconditioned resid norm 3.953203165547e-22 true resid norm 3.953203165547e-22 ||r(i)||/||b|| 8.394231631431e-06
129 KSP unpreconditioned resid norm 3.877583616113e-22 true resid norm 3.877583616113e-22 ||r(i)||/||b|| 8.233661079594e-06
130 KSP unpreconditioned resid norm 3.794538574028e-22 true resid norm 3.794538574029e-22 ||r(i)||/||b|| 8.057323236609e-06
131 KSP unpreconditioned resid norm 3.714495485090e-22 true resid norm 3.714495485091e-22 ||r(i)||/||b|| 7.887359740957e-06
132 KSP unpreconditioned resid norm 3.608563833860e-22 true resid norm 3.608563833861e-22 ||r(i)||/||b|| 7.662424471938e-06
133 KSP unpreconditioned resid norm 3.459026585746e-22 true resid norm 3.459026585746e-22 ||r(i)||/||b|| 7.344897078168e-06
134 KSP unpreconditioned resid norm 3.302818079525e-22 true resid norm 3.302818079525e-22 ||r(i)||/||b|| 7.013203934885e-06
135 KSP unpreconditioned resid norm 3.143168297811e-22 true resid norm 3.143168297812e-22 ||r(i)||/||b|| 6.674203587196e-06
136 KSP unpreconditioned resid norm 2.985244900573e-22 true resid norm 2.985244900574e-22 ||r(i)||/||b|| 6.338869044314e-06
137 KSP unpreconditioned resid norm 2.837921658653e-22 true resid norm 2.837921658653e-22 ||r(i)||/||b|| 6.026042871311e-06
138 KSP unpreconditioned resid norm 2.678937213715e-22 true resid norm 2.678937213715e-22 ||r(i)||/||b|| 5.688455299734e-06
139 KSP unpreconditioned resid norm 2.509159213727e-22 true resid norm 2.509159213727e-22 ||r(i)||/||b|| 5.327948693285e-06
140 KSP unpreconditioned resid norm 2.327179307152e-22 true resid norm 2.327179307152e-22 ||r(i)||/||b|| 4.941532558295e-06
141 KSP unpreconditioned resid norm 2.157765445132e-22 true resid norm 2.157765445132e-22 ||r(i)||/||b|| 4.581799162409e-06
142 KSP unpreconditioned resid norm 1.971636628951e-22 true resid norm 1.971636628950e-22 ||r(i)||/||b|| 4.186573232730e-06
143 KSP unpreconditioned resid norm 1.766320863225e-22 true resid norm 1.766320863225e-22 ||r(i)||/||b|| 3.750605734246e-06
144 KSP unpreconditioned resid norm 1.558519315324e-22 true resid norm 1.558519315324e-22 ||r(i)||/||b|| 3.309359925871e-06
145 KSP unpreconditioned resid norm 1.384036364438e-22 true resid norm 1.384036364439e-22 ||r(i)||/||b|| 2.938862826650e-06
146 KSP unpreconditioned resid norm 1.227734862958e-22 true resid norm 1.227734862958e-22 ||r(i)||/||b|| 2.606972217231e-06
147 KSP unpreconditioned resid norm 1.103140680847e-22 true resid norm 1.103140680847e-22 ||r(i)||/||b|| 2.342408930001e-06
148 KSP unpreconditioned resid norm 1.000644440909e-22 true resid norm 1.000644440910e-22 ||r(i)||/||b|| 2.124768413347e-06
149 KSP unpreconditioned resid norm 9.180425653533e-23 true resid norm 9.180425653530e-23 ||r(i)||/||b|| 1.949371590170e-06
150 KSP unpreconditioned resid norm 8.520422874010e-23 true resid norm 8.520422874009e-23 ||r(i)||/||b|| 1.809226599470e-06
151 KSP unpreconditioned resid norm 8.083239979454e-23 true resid norm 8.083239979453e-23 ||r(i)||/||b|| 1.716395183312e-06
152 KSP unpreconditioned resid norm 7.756382790466e-23 true resid norm 7.756382790462e-23 ||r(i)||/||b|| 1.646990327556e-06
153 KSP unpreconditioned resid norm 7.456092692503e-23 true resid norm 7.456092692501e-23 ||r(i)||/||b|| 1.583226727929e-06
154 KSP unpreconditioned resid norm 7.112104005602e-23 true resid norm 7.112104005596e-23 ||r(i)||/||b|| 1.510184169893e-06
155 KSP unpreconditioned resid norm 6.772406540967e-23 true resid norm 6.772406540967e-23 ||r(i)||/||b|| 1.438052809998e-06
156 KSP unpreconditioned resid norm 6.430637702627e-23 true resid norm 6.430637702623e-23 ||r(i)||/||b|| 1.365481614608e-06
157 KSP unpreconditioned resid norm 6.088030933867e-23 true resid norm 6.088030933864e-23 ||r(i)||/||b|| 1.292732493072e-06
158 KSP unpreconditioned resid norm 5.756952350319e-23 true resid norm 5.756952350311e-23 ||r(i)||/||b|| 1.222431266391e-06
159 KSP unpreconditioned resid norm 5.464424480689e-23 true resid norm 5.464424480684e-23 ||r(i)||/||b|| 1.160315898335e-06
160 KSP unpreconditioned resid norm 5.222499042522e-23 true resid norm 5.222499042515e-23 ||r(i)||/||b|| 1.108945450612e-06
161 KSP unpreconditioned resid norm 4.957256294133e-23 true resid norm 4.957256294129e-23 ||r(i)||/||b|| 1.052623805221e-06
162 KSP unpreconditioned resid norm 4.683452144711e-23 true resid norm 4.683452144707e-23 ||r(i)||/||b|| 9.944842319268e-07
163 KSP unpreconditioned resid norm 4.351518138462e-23 true resid norm 4.351518138455e-23 ||r(i)||/||b|| 9.240013647897e-07
164 KSP unpreconditioned resid norm 4.004011417631e-23 true resid norm 4.004011417620e-23 ||r(i)||/||b|| 8.502117874265e-07
165 KSP unpreconditioned resid norm 3.568823436470e-23 true resid norm 3.568823436455e-23 ||r(i)||/||b|| 7.578039711788e-07
166 KSP unpreconditioned resid norm 3.107437906753e-23 true resid norm 3.107437906751e-23 ||r(i)||/||b|| 6.598333674549e-07
167 KSP unpreconditioned resid norm 2.679463802020e-23 true resid norm 2.679463802012e-23 ||r(i)||/||b|| 5.689573457328e-07
168 KSP unpreconditioned resid norm 2.314119538392e-23 true resid norm 2.314119538391e-23 ||r(i)||/||b|| 4.913801445209e-07
169 KSP unpreconditioned resid norm 2.043017540889e-23 true resid norm 2.043017540889e-23 ||r(i)||/||b|| 4.338143461678e-07
170 KSP unpreconditioned resid norm 1.837565131347e-23 true resid norm 1.837565131342e-23 ||r(i)||/||b|| 3.901885813702e-07
171 KSP unpreconditioned resid norm 1.668223458697e-23 true resid norm 1.668223458692e-23 ||r(i)||/||b|| 3.542305704723e-07
172 KSP unpreconditioned resid norm 1.507639190027e-23 true resid norm 1.507639190019e-23 ||r(i)||/||b|| 3.201321067416e-07
173 KSP unpreconditioned resid norm 1.349895259985e-23 true resid norm 1.349895259980e-23 ||r(i)||/||b|| 2.866367605186e-07
174 KSP unpreconditioned resid norm 1.203649590566e-23 true resid norm 1.203649590563e-23 ||r(i)||/||b|| 2.555829549647e-07
175 KSP unpreconditioned resid norm 1.104670908684e-23 true resid norm 1.104670908672e-23 ||r(i)||/||b|| 2.345658215777e-07
176 KSP unpreconditioned resid norm 1.026450235259e-23 true resid norm 1.026450235254e-23 ||r(i)||/||b|| 2.179564437252e-07
177 KSP unpreconditioned resid norm 9.620835214859e-24 true resid norm 9.620835214822e-24 ||r(i)||/||b|| 2.042888156746e-07
178 KSP unpreconditioned resid norm 9.133187784480e-24 true resid norm 9.133187784419e-24 ||r(i)||/||b|| 1.939341101007e-07
179 KSP unpreconditioned resid norm 8.697629683024e-24 true resid norm 8.697629683013e-24 ||r(i)||/||b|| 1.846854693427e-07
180 KSP unpreconditioned resid norm 8.282900310515e-24 true resid norm 8.282900310496e-24 ||r(i)||/||b|| 1.758791058155e-07
181 KSP unpreconditioned resid norm 7.838057859441e-24 true resid norm 7.838057859308e-24 ||r(i)||/||b|| 1.664333211736e-07
182 KSP unpreconditioned resid norm 7.361509825198e-24 true resid norm 7.361509825161e-24 ||r(i)||/||b|| 1.563143001807e-07
183 KSP unpreconditioned resid norm 6.823221025670e-24 true resid norm 6.823221025651e-24 ||r(i)||/||b|| 1.448842757714e-07
184 KSP unpreconditioned resid norm 6.289973035879e-24 true resid norm 6.289973035871e-24 ||r(i)||/||b|| 1.335612879164e-07
185 KSP unpreconditioned resid norm 5.789351829568e-24 true resid norm 5.789351829655e-24 ||r(i)||/||b|| 1.229310971860e-07
186 KSP unpreconditioned resid norm 5.377631602404e-24 true resid norm 5.377631602470e-24 ||r(i)||/||b|| 1.141886298510e-07
187 KSP unpreconditioned resid norm 5.045232340165e-24 true resid norm 5.045232340225e-24 ||r(i)||/||b|| 1.071304638915e-07
188 KSP unpreconditioned resid norm 4.749188747318e-24 true resid norm 4.749188747372e-24 ||r(i)||/||b|| 1.008442742186e-07
189 KSP unpreconditioned resid norm 4.510798532097e-24 true resid norm 4.510798532185e-24 ||r(i)||/||b|| 9.578229637141e-08
190 KSP unpreconditioned resid norm 4.442225130444e-24 true resid norm 4.437919652151e-24 ||r(i)||/||b|| 9.423478622728e-08
191 KSP unpreconditioned resid norm 4.441896182258e-24 true resid norm 4.437519099447e-24 ||r(i)||/||b|| 9.422628089115e-08
192 KSP unpreconditioned resid norm 4.439525178937e-24 true resid norm 4.418828922260e-24 ||r(i)||/||b|| 9.382941366734e-08
193 KSP unpreconditioned resid norm 4.438910827367e-24 true resid norm 4.416988233864e-24 ||r(i)||/||b|| 9.379032848982e-08
194 KSP unpreconditioned resid norm 4.438860842552e-24 true resid norm 4.414630496470e-24 ||r(i)||/||b|| 9.374026429382e-08
195 KSP unpreconditioned resid norm 4.438396720286e-24 true resid norm 4.416802244426e-24 ||r(i)||/||b|| 9.378637919007e-08
196 KSP unpreconditioned resid norm 4.438354035619e-24 true resid norm 4.418747154779e-24 ||r(i)||/||b|| 9.382767741664e-08
197 KSP unpreconditioned resid norm 4.438348013861e-24 true resid norm 4.418564103793e-24 ||r(i)||/||b|| 9.382379051201e-08
198 KSP unpreconditioned resid norm 4.438176952728e-24 true resid norm 4.414229167516e-24 ||r(i)||/||b|| 9.373174247477e-08
199 KSP unpreconditioned resid norm 4.438146364652e-24 true resid norm 4.414463769729e-24 ||r(i)||/||b|| 9.373672401818e-08
200 KSP unpreconditioned resid norm 4.413396706722e-24 true resid norm 4.413396706722e-24 ||r(i)||/||b|| 9.371406600220e-08
201 KSP unpreconditioned resid norm 4.289041266981e-24 true resid norm 4.289041267042e-24 ||r(i)||/||b|| 9.107350258669e-08
202 KSP unpreconditioned resid norm 4.210044836566e-24 true resid norm 4.210044836592e-24 ||r(i)||/||b|| 8.939609237658e-08
203 KSP unpreconditioned resid norm 4.156873816231e-24 true resid norm 4.156873816266e-24 ||r(i)||/||b|| 8.826705892699e-08
204 KSP unpreconditioned resid norm 4.108772778281e-24 true resid norm 4.108772778294e-24 ||r(i)||/||b|| 8.724568148308e-08
205 KSP unpreconditioned resid norm 4.068418061022e-24 true resid norm 4.068418061059e-24 ||r(i)||/||b|| 8.638878941427e-08
206 KSP unpreconditioned resid norm 4.022856294782e-24 true resid norm 4.022856294811e-24 ||r(i)||/||b|| 8.542133086633e-08
207 KSP unpreconditioned resid norm 3.982421947478e-24 true resid norm 3.982421947483e-24 ||r(i)||/||b|| 8.456274793215e-08
208 KSP unpreconditioned resid norm 3.942197230883e-24 true resid norm 3.942197230893e-24 ||r(i)||/||b|| 8.370861629705e-08
209 KSP unpreconditioned resid norm 3.901177931849e-24 true resid norm 3.901177931877e-24 ||r(i)||/||b|| 8.283761249865e-08
210 KSP unpreconditioned resid norm 3.842167208784e-24 true resid norm 3.842167208794e-24 ||r(i)||/||b|| 8.158457880028e-08
211 KSP unpreconditioned resid norm 3.773646917866e-24 true resid norm 3.773646917874e-24 ||r(i)||/||b|| 8.012961893774e-08
212 KSP unpreconditioned resid norm 3.693305540674e-24 true resid norm 3.693305540700e-24 ||r(i)||/||b|| 7.842365012878e-08
213 KSP unpreconditioned resid norm 3.585209693403e-24 true resid norm 3.585209693414e-24 ||r(i)||/||b|| 7.612834289939e-08
214 KSP unpreconditioned resid norm 3.469811099010e-24 true resid norm 3.469811099021e-24 ||r(i)||/||b|| 7.367796913738e-08
215 KSP unpreconditioned resid norm 3.362923036213e-24 true resid norm 3.362923036209e-24 ||r(i)||/||b|| 7.140830800359e-08
216 KSP unpreconditioned resid norm 3.249256897892e-24 true resid norm 3.249256897917e-24 ||r(i)||/||b|| 6.899472121455e-08
217 KSP unpreconditioned resid norm 3.129230841258e-24 true resid norm 3.129230841307e-24 ||r(i)||/||b|| 6.644608791947e-08
218 KSP unpreconditioned resid norm 3.005893744226e-24 true resid norm 3.005893744226e-24 ||r(i)||/||b|| 6.382714799079e-08
219 KSP unpreconditioned resid norm 2.894767412103e-24 true resid norm 2.894767412112e-24 ||r(i)||/||b|| 6.146749144633e-08
220 KSP unpreconditioned resid norm 2.768168254372e-24 true resid norm 2.768168254396e-24 ||r(i)||/||b|| 5.877928492187e-08
221 KSP unpreconditioned resid norm 2.628382513073e-24 true resid norm 2.628382513061e-24 ||r(i)||/||b|| 5.581107447986e-08
222 KSP unpreconditioned resid norm 2.481305688820e-24 true resid norm 2.481305688845e-24 ||r(i)||/||b|| 5.268804518341e-08
223 KSP unpreconditioned resid norm 2.340037266596e-24 true resid norm 2.340037266619e-24 ||r(i)||/||b|| 4.968835149524e-08
224 KSP unpreconditioned resid norm 2.199962265879e-24 true resid norm 2.199962265869e-24 ||r(i)||/||b|| 4.671399891880e-08
225 KSP unpreconditioned resid norm 2.066846197055e-24 true resid norm 2.066846197075e-24 ||r(i)||/||b|| 4.388741230402e-08
226 KSP unpreconditioned resid norm 1.932080118255e-24 true resid norm 1.932080118276e-24 ||r(i)||/||b|| 4.102578937666e-08
227 KSP unpreconditioned resid norm 1.802924075309e-24 true resid norm 1.802924075345e-24 ||r(i)||/||b|| 3.828328995136e-08
228 KSP unpreconditioned resid norm 1.676214929718e-24 true resid norm 1.676214929729e-24 ||r(i)||/||b|| 3.559274794382e-08
229 KSP unpreconditioned resid norm 1.554150373521e-24 true resid norm 1.554150373555e-24 ||r(i)||/||b|| 3.300082914887e-08
230 KSP unpreconditioned resid norm 1.411798202219e-24 true resid norm 1.411798202286e-24 ||r(i)||/||b|| 2.997812313345e-08
231 KSP unpreconditioned resid norm 1.247218493269e-24 true resid norm 1.247218493312e-24 ||r(i)||/||b|| 2.648343758072e-08
232 KSP unpreconditioned resid norm 1.074146905931e-24 true resid norm 1.074146905998e-24 ||r(i)||/||b|| 2.280843548269e-08
233 KSP unpreconditioned resid norm 9.180951739266e-25 true resid norm 9.180951738985e-25 ||r(i)||/||b|| 1.949483299156e-08
  Linear solve converged due to CONVERGED_ATOL iterations 233
Mat Object: 1 MPI process
  type: seqaijcusparse
  rows=281452, cols=281452, bs=4
  total: nonzeros=15993520, allocated nonzeros=15993520
  total number of mallocs used during MatSetValues calls=0
    not using I-node routines
Vec Object: 1 MPI process
  type: seqcuda
  length=281452, bs=4
Vec Object: 1 MPI process
  type: seqcuda
  length=281452, bs=4
KSP Object: 1 MPI process
  type: gmres
    restart=100, using classical (unmodified) Gram-Schmidt orthogonalization with no iterative refinement
    happy breakdown tolerance=1e-30
  maximum iterations=2000, initial guess is zero
  tolerances: relative=1e-10, absolute=1e-24, divergence=10000.
  right preconditioning
  diagonally scaled system
  using UNPRECONDITIONED norm type for convergence test
PC Object: 1 MPI process
  type: asm
    total subdomain blocks = 1, amount of overlap = 2
    restriction/interpolation type - RESTRICT
    Local solver information for first block is in the following KSP and PC objects on rank 0:
    Use -ksp_view ::ascii_info_detail to display information for all blocks
    KSP Object: (sub_) 1 MPI process
      type: preonly
      maximum iterations=10000, initial guess is zero
      tolerances: relative=1e-05, absolute=1e-50, divergence=10000.
      left preconditioning
      not checking for convergence
    PC Object: (sub_) 1 MPI process
      type: ilu
        out-of-place factorization
        2 levels of fill
        tolerance for zero pivot 2.22045e-14
        matrix ordering: natural
        factor fill ratio given 1., needed 4.996
          Factored matrix:
            Mat Object: (sub_) 1 MPI process
              type: seqaijcusparse
              rows=281452, cols=281452, bs=4
              package used to perform factorization: cusparse
              total: nonzeros=79903664, allocated nonzeros=79903664
                using I-node routines: found 70363 nodes, limit used is 5
      linear system matrix, which is also used to construct the preconditioner:
      Mat Object: (sub_) 1 MPI process
        type: seqaijcusparse
        rows=281452, cols=281452, bs=4
        total: nonzeros=15993520, allocated nonzeros=15993520
        total number of mallocs used during MatSetValues calls=0
          not using I-node routines
  linear system matrix, which is also used to construct the preconditioner:
  Mat Object: 1 MPI process
    type: seqaijcusparse
    rows=281452, cols=281452, bs=4
    total: nonzeros=15993520, allocated nonzeros=15993520
    total number of mallocs used during MatSetValues calls=0
      not using I-node routines
 NS     63-1    2.334e+03 [   0  1.000e+00  4.671e-14  1.949e-08] [  233 -178   80]
Vec Object: 1 MPI process
  type: seqcuda
  length=281452, bs=4
Mat Object: 1 MPI process
  type: seqaijcusparse
  rows=281452, cols=281452, bs=4
  total: nonzeros=15993520, allocated nonzeros=15993520
  total number of mallocs used during MatSetValues calls=0
    not using I-node routines
Mat Object: 1 MPI process
  type: seqaijcusparse
  rows=281452, cols=281452, bs=4
  total: nonzeros=15993520, allocated nonzeros=15993520
  total number of mallocs used during MatSetValues calls=0
    not using I-node routines
SV13P_REUSE step=63 equation=0 reuse=1 rebuild_requests=3 solve_requests=6 ksp=0x55729b63aa50 pc=0x55729d0f73e0
  0 KSP unpreconditioned resid norm 3.047968121042e-17 true resid norm 3.047968121042e-17 ||r(i)||/||b|| 1.000000000000e+00
  1 KSP unpreconditioned resid norm 1.875174141814e-18 true resid norm 1.875174141814e-18 ||r(i)||/||b|| 6.152210480379e-02
  2 KSP unpreconditioned resid norm 7.178291091845e-19 true resid norm 7.178291091845e-19 ||r(i)||/||b|| 2.355107011221e-02
  3 KSP unpreconditioned resid norm 4.419653319873e-19 true resid norm 4.419653319873e-19 ||r(i)||/||b|| 1.450032659253e-02
  4 KSP unpreconditioned resid norm 3.223169351081e-19 true resid norm 3.223169351081e-19 ||r(i)||/||b|| 1.057481319713e-02
  5 KSP unpreconditioned resid norm 2.440344784813e-19 true resid norm 2.440344784813e-19 ||r(i)||/||b|| 8.006464267018e-03
  6 KSP unpreconditioned resid norm 1.782317052771e-19 true resid norm 1.782317052771e-19 ||r(i)||/||b|| 5.847558051761e-03
  7 KSP unpreconditioned resid norm 1.395890155600e-19 true resid norm 1.395890155600e-19 ||r(i)||/||b|| 4.579740010940e-03
  8 KSP unpreconditioned resid norm 1.120362029332e-19 true resid norm 1.120362029332e-19 ||r(i)||/||b|| 3.675766887447e-03
  9 KSP unpreconditioned resid norm 9.310059226011e-20 true resid norm 9.310059226011e-20 ||r(i)||/||b|| 3.054513320444e-03
 10 KSP unpreconditioned resid norm 8.223528170545e-20 true resid norm 8.223528170545e-20 ||r(i)||/||b|| 2.698036148664e-03
 11 KSP unpreconditioned resid norm 7.372622195668e-20 true resid norm 7.372622195668e-20 ||r(i)||/||b|| 2.418864601887e-03
 12 KSP unpreconditioned resid norm 6.744934940450e-20 true resid norm 6.744934940450e-20 ||r(i)||/||b|| 2.212928309153e-03
 13 KSP unpreconditioned resid norm 6.092980879376e-20 true resid norm 6.092980879376e-20 ||r(i)||/||b|| 1.999030382671e-03
 14 KSP unpreconditioned resid norm 5.492897745988e-20 true resid norm 5.492897745988e-20 ||r(i)||/||b|| 1.802150655077e-03
 15 KSP unpreconditioned resid norm 4.980392315991e-20 true resid norm 4.980392315991e-20 ||r(i)||/||b|| 1.634004070321e-03
 16 KSP unpreconditioned resid norm 4.516095406645e-20 true resid norm 4.516095406645e-20 ||r(i)||/||b|| 1.481674094774e-03
 17 KSP unpreconditioned resid norm 4.104882990740e-20 true resid norm 4.104882990740e-20 ||r(i)||/||b|| 1.346760473773e-03
 18 KSP unpreconditioned resid norm 3.787224944959e-20 true resid norm 3.787224944959e-20 ||r(i)||/||b|| 1.242540864786e-03
 19 KSP unpreconditioned resid norm 3.498774883445e-20 true resid norm 3.498774883445e-20 ||r(i)||/||b|| 1.147904028028e-03
 20 KSP unpreconditioned resid norm 3.249623640220e-20 true resid norm 3.249623640220e-20 ||r(i)||/||b|| 1.066160639209e-03
 21 KSP unpreconditioned resid norm 2.990481734118e-20 true resid norm 2.990481734118e-20 ||r(i)||/||b|| 9.811394395740e-04
 22 KSP unpreconditioned resid norm 2.744885834798e-20 true resid norm 2.744885834798e-20 ||r(i)||/||b|| 9.005625143679e-04
 23 KSP unpreconditioned resid norm 2.500279510293e-20 true resid norm 2.500279510293e-20 ||r(i)||/||b|| 8.203102562106e-04
 24 KSP unpreconditioned resid norm 2.229538362348e-20 true resid norm 2.229538362348e-20 ||r(i)||/||b|| 7.314834912334e-04
 25 KSP unpreconditioned resid norm 1.995501918622e-20 true resid norm 1.995501918622e-20 ||r(i)||/||b|| 6.546990780008e-04
 26 KSP unpreconditioned resid norm 1.786078895655e-20 true resid norm 1.786078895656e-20 ||r(i)||/||b|| 5.859900185062e-04
 27 KSP unpreconditioned resid norm 1.617804526637e-20 true resid norm 1.617804526637e-20 ||r(i)||/||b|| 5.307813147614e-04
 28 KSP unpreconditioned resid norm 1.464909680219e-20 true resid norm 1.464909680219e-20 ||r(i)||/||b|| 4.806184389220e-04
 29 KSP unpreconditioned resid norm 1.322676733913e-20 true resid norm 1.322676733913e-20 ||r(i)||/||b|| 4.339535983929e-04
 30 KSP unpreconditioned resid norm 1.218881792953e-20 true resid norm 1.218881792953e-20 ||r(i)||/||b|| 3.998997839048e-04
 31 KSP unpreconditioned resid norm 1.144071982812e-20 true resid norm 1.144071982812e-20 ||r(i)||/||b|| 3.753556262330e-04
 32 KSP unpreconditioned resid norm 1.075869172350e-20 true resid norm 1.075869172350e-20 ||r(i)||/||b|| 3.529791420462e-04
 33 KSP unpreconditioned resid norm 1.020643978486e-20 true resid norm 1.020643978486e-20 ||r(i)||/||b|| 3.348604506197e-04
 34 KSP unpreconditioned resid norm 9.803454452173e-21 true resid norm 9.803454452173e-21 ||r(i)||/||b|| 3.216390087710e-04
 35 KSP unpreconditioned resid norm 9.435097199689e-21 true resid norm 9.435097199688e-21 ||r(i)||/||b|| 3.095536706750e-04
 36 KSP unpreconditioned resid norm 9.032624580565e-21 true resid norm 9.032624580565e-21 ||r(i)||/||b|| 2.963490503135e-04
 37 KSP unpreconditioned resid norm 8.713100236044e-21 true resid norm 8.713100236044e-21 ||r(i)||/||b|| 2.858658585007e-04
 38 KSP unpreconditioned resid norm 8.461174270513e-21 true resid norm 8.461174270513e-21 ||r(i)||/||b|| 2.776004844703e-04
 39 KSP unpreconditioned resid norm 8.268404744167e-21 true resid norm 8.268404744167e-21 ||r(i)||/||b|| 2.712759587965e-04
 40 KSP unpreconditioned resid norm 8.132484389545e-21 true resid norm 8.132484389545e-21 ||r(i)||/||b|| 2.668165829361e-04
 41 KSP unpreconditioned resid norm 7.997327912086e-21 true resid norm 7.997327912086e-21 ||r(i)||/||b|| 2.623822689245e-04
 42 KSP unpreconditioned resid norm 7.889796997418e-21 true resid norm 7.889796997418e-21 ||r(i)||/||b|| 2.588543148779e-04
 43 KSP unpreconditioned resid norm 7.758430397238e-21 true resid norm 7.758430397238e-21 ||r(i)||/||b|| 2.545443419725e-04
 44 KSP unpreconditioned resid norm 7.640197918575e-21 true resid norm 7.640197918574e-21 ||r(i)||/||b|| 2.506652830727e-04
 45 KSP unpreconditioned resid norm 7.528125621795e-21 true resid norm 7.528125621795e-21 ||r(i)||/||b|| 2.469883319915e-04
 46 KSP unpreconditioned resid norm 7.429618381971e-21 true resid norm 7.429618381971e-21 ||r(i)||/||b|| 2.437564333656e-04
 47 KSP unpreconditioned resid norm 7.351538918803e-21 true resid norm 7.351538918802e-21 ||r(i)||/||b|| 2.411947443955e-04
 48 KSP unpreconditioned resid norm 7.275061112450e-21 true resid norm 7.275061112449e-21 ||r(i)||/||b|| 2.386856037708e-04
 49 KSP unpreconditioned resid norm 7.203356685289e-21 true resid norm 7.203356685288e-21 ||r(i)||/||b|| 2.363330717129e-04
 50 KSP unpreconditioned resid norm 7.123744884182e-21 true resid norm 7.123744884181e-21 ||r(i)||/||b|| 2.337211086626e-04
 51 KSP unpreconditioned resid norm 7.045676348605e-21 true resid norm 7.045676348603e-21 ||r(i)||/||b|| 2.311597782130e-04
 52 KSP unpreconditioned resid norm 6.958683077534e-21 true resid norm 6.958683077533e-21 ||r(i)||/||b|| 2.283056384184e-04
 53 KSP unpreconditioned resid norm 6.875582928116e-21 true resid norm 6.875582928115e-21 ||r(i)||/||b|| 2.255792270480e-04
 54 KSP unpreconditioned resid norm 6.775600989169e-21 true resid norm 6.775600989168e-21 ||r(i)||/||b|| 2.222989453988e-04
 55 KSP unpreconditioned resid norm 6.681368838764e-21 true resid norm 6.681368838762e-21 ||r(i)||/||b|| 2.192073070790e-04
 56 KSP unpreconditioned resid norm 6.573755909634e-21 true resid norm 6.573755909633e-21 ||r(i)||/||b|| 2.156766622410e-04
 57 KSP unpreconditioned resid norm 6.467906992081e-21 true resid norm 6.467906992080e-21 ||r(i)||/||b|| 2.122038924039e-04
 58 KSP unpreconditioned resid norm 6.354294586355e-21 true resid norm 6.354294586353e-21 ||r(i)||/||b|| 2.084764122855e-04
 59 KSP unpreconditioned resid norm 6.224108418188e-21 true resid norm 6.224108418186e-21 ||r(i)||/||b|| 2.042051678696e-04
 60 KSP unpreconditioned resid norm 6.054109401382e-21 true resid norm 6.054109401380e-21 ||r(i)||/||b|| 1.986277139707e-04
 61 KSP unpreconditioned resid norm 5.833762566926e-21 true resid norm 5.833762566924e-21 ||r(i)||/||b|| 1.913984115073e-04
 62 KSP unpreconditioned resid norm 5.561420680071e-21 true resid norm 5.561420680069e-21 ||r(i)||/||b|| 1.824632167796e-04
 63 KSP unpreconditioned resid norm 5.290541577420e-21 true resid norm 5.290541577417e-21 ||r(i)||/||b|| 1.735760141615e-04
 64 KSP unpreconditioned resid norm 5.089162241748e-21 true resid norm 5.089162241745e-21 ||r(i)||/||b|| 1.669690114740e-04
 65 KSP unpreconditioned resid norm 4.897658133524e-21 true resid norm 4.897658133521e-21 ||r(i)||/||b|| 1.606860025769e-04
 66 KSP unpreconditioned resid norm 4.713125051287e-21 true resid norm 4.713125051284e-21 ||r(i)||/||b|| 1.546317042736e-04
 67 KSP unpreconditioned resid norm 4.553118381956e-21 true resid norm 4.553118381954e-21 ||r(i)||/||b|| 1.493820867259e-04
 68 KSP unpreconditioned resid norm 4.407156921511e-21 true resid norm 4.407156921509e-21 ||r(i)||/||b|| 1.445932748143e-04
 69 KSP unpreconditioned resid norm 4.282332487217e-21 true resid norm 4.282332487214e-21 ||r(i)||/||b|| 1.404979421422e-04
 70 KSP unpreconditioned resid norm 4.147127106014e-21 true resid norm 4.147127106012e-21 ||r(i)||/||b|| 1.360620236603e-04
 71 KSP unpreconditioned resid norm 4.000636220211e-21 true resid norm 4.000636220208e-21 ||r(i)||/||b|| 1.312558419686e-04
 72 KSP unpreconditioned resid norm 3.848563086114e-21 true resid norm 3.848563086111e-21 ||r(i)||/||b|| 1.262665137323e-04
 73 KSP unpreconditioned resid norm 3.714794475875e-21 true resid norm 3.714794475871e-21 ||r(i)||/||b|| 1.218777338984e-04
 74 KSP unpreconditioned resid norm 3.593498928462e-21 true resid norm 3.593498928458e-21 ||r(i)||/||b|| 1.178981795659e-04
 75 KSP unpreconditioned resid norm 3.464625323999e-21 true resid norm 3.464625323995e-21 ||r(i)||/||b|| 1.136699987141e-04
 76 KSP unpreconditioned resid norm 3.320558741535e-21 true resid norm 3.320558741533e-21 ||r(i)||/||b|| 1.089433553655e-04
 77 KSP unpreconditioned resid norm 3.166714161295e-21 true resid norm 3.166714161293e-21 ||r(i)||/||b|| 1.038959082095e-04
 78 KSP unpreconditioned resid norm 3.006602756886e-21 true resid norm 3.006602756883e-21 ||r(i)||/||b|| 9.864285443562e-05
 79 KSP unpreconditioned resid norm 2.841835669027e-21 true resid norm 2.841835669024e-21 ||r(i)||/||b|| 9.323705354415e-05
 80 KSP unpreconditioned resid norm 2.664763031543e-21 true resid norm 2.664763031542e-21 ||r(i)||/||b|| 8.742752304873e-05
 81 KSP unpreconditioned resid norm 2.479978675349e-21 true resid norm 2.479978675349e-21 ||r(i)||/||b|| 8.136498076304e-05
 82 KSP unpreconditioned resid norm 2.284443730020e-21 true resid norm 2.284443730022e-21 ||r(i)||/||b|| 7.494972517104e-05
 83 KSP unpreconditioned resid norm 2.107731329214e-21 true resid norm 2.107731329216e-21 ||r(i)||/||b|| 6.915201358784e-05
 84 KSP unpreconditioned resid norm 1.936759110571e-21 true resid norm 1.936759110570e-21 ||r(i)||/||b|| 6.354263016072e-05
 85 KSP unpreconditioned resid norm 1.777864704930e-21 true resid norm 1.777864704926e-21 ||r(i)||/||b|| 5.832950458546e-05
 86 KSP unpreconditioned resid norm 1.628196495773e-21 true resid norm 1.628196495768e-21 ||r(i)||/||b|| 5.341907891122e-05
 87 KSP unpreconditioned resid norm 1.478704956650e-21 true resid norm 1.478704956647e-21 ||r(i)||/||b|| 4.851444955867e-05
 88 KSP unpreconditioned resid norm 1.325794472916e-21 true resid norm 1.325794472915e-21 ||r(i)||/||b|| 4.349764893414e-05
 89 KSP unpreconditioned resid norm 1.166338328138e-21 true resid norm 1.166338328140e-21 ||r(i)||/||b|| 3.826609340459e-05
 90 KSP unpreconditioned resid norm 1.108253992487e-21 true resid norm 1.108244330288e-21 ||r(i)||/||b|| 3.636010241173e-05
 91 KSP unpreconditioned resid norm 1.065944764892e-21 true resid norm 1.129582167760e-21 ||r(i)||/||b|| 3.706017001825e-05
 92 KSP unpreconditioned resid norm 1.032550622488e-21 true resid norm 1.206196978470e-21 ||r(i)||/||b|| 3.957380558356e-05
 93 KSP unpreconditioned resid norm 9.355324801011e-22 true resid norm 1.276081870823e-21 ||r(i)||/||b|| 4.186664099318e-05
 94 KSP unpreconditioned resid norm 8.949665432847e-22 true resid norm 1.385230223034e-21 ||r(i)||/||b|| 4.544766113106e-05
 95 KSP unpreconditioned resid norm 8.405197127611e-22 true resid norm 1.478756515025e-21 ||r(i)||/||b|| 4.851614112418e-05
 96 KSP unpreconditioned resid norm 8.071811570948e-22 true resid norm 1.571382138114e-21 ||r(i)||/||b|| 5.155507130361e-05
 97 KSP unpreconditioned resid norm 7.679607295304e-22 true resid norm 1.645228725733e-21 ||r(i)||/||b|| 5.397788495145e-05
 98 KSP unpreconditioned resid norm 7.463785460025e-22 true resid norm 1.721375338103e-21 ||r(i)||/||b|| 5.647615951818e-05
 99 KSP unpreconditioned resid norm 7.162428358827e-22 true resid norm 1.779429404044e-21 ||r(i)||/||b|| 5.838084039526e-05
100 KSP unpreconditioned resid norm 1.841584367212e-21 true resid norm 1.841584367212e-21 ||r(i)||/||b|| 6.042006655183e-05
101 KSP unpreconditioned resid norm 8.491733163626e-22 true resid norm 8.491733163626e-22 ||r(i)||/||b|| 2.786030833132e-05
102 KSP unpreconditioned resid norm 7.386267487439e-22 true resid norm 7.386267487439e-22 ||r(i)||/||b|| 2.423341450473e-05
103 KSP unpreconditioned resid norm 6.710071182698e-22 true resid norm 6.710071182698e-22 ||r(i)||/||b|| 2.201489948787e-05
104 KSP unpreconditioned resid norm 6.112595498121e-22 true resid norm 6.112595498121e-22 ||r(i)||/||b|| 2.005465692349e-05
105 KSP unpreconditioned resid norm 5.629567026201e-22 true resid norm 5.629567026201e-22 ||r(i)||/||b|| 1.846990126746e-05
106 KSP unpreconditioned resid norm 5.220292682927e-22 true resid norm 5.220292682927e-22 ||r(i)||/||b|| 1.712712362996e-05
107 KSP unpreconditioned resid norm 4.803556145227e-22 true resid norm 4.803556145227e-22 ||r(i)||/||b|| 1.575986347123e-05
108 KSP unpreconditioned resid norm 4.487240751383e-22 true resid norm 4.487240751383e-22 ||r(i)||/||b|| 1.472207245347e-05
109 KSP unpreconditioned resid norm 4.186089306065e-22 true resid norm 4.186089306065e-22 ||r(i)||/||b|| 1.373403244334e-05
110 KSP unpreconditioned resid norm 3.949841475568e-22 true resid norm 3.949841475568e-22 ||r(i)||/||b|| 1.295893302919e-05
111 KSP unpreconditioned resid norm 3.748747642252e-22 true resid norm 3.748747642252e-22 ||r(i)||/||b|| 1.229916945775e-05
112 KSP unpreconditioned resid norm 3.587148426207e-22 true resid norm 3.587148426207e-22 ||r(i)||/||b|| 1.176898275754e-05
113 KSP unpreconditioned resid norm 3.440358991960e-22 true resid norm 3.440358991960e-22 ||r(i)||/||b|| 1.128738508848e-05
114 KSP unpreconditioned resid norm 3.334381084306e-22 true resid norm 3.334381084305e-22 ||r(i)||/||b|| 1.093968490447e-05
115 KSP unpreconditioned resid norm 3.224189282383e-22 true resid norm 3.224189282382e-22 ||r(i)||/||b|| 1.057815946343e-05
116 KSP unpreconditioned resid norm 3.093004771321e-22 true resid norm 3.093004771321e-22 ||r(i)||/||b|| 1.014775958439e-05
117 KSP unpreconditioned resid norm 2.974622526318e-22 true resid norm 2.974622526318e-22 ||r(i)||/||b|| 9.759362329885e-06
118 KSP unpreconditioned resid norm 2.856100077921e-22 true resid norm 2.856100077921e-22 ||r(i)||/||b|| 9.370505085679e-06
119 KSP unpreconditioned resid norm 2.758806308069e-22 true resid norm 2.758806308069e-22 ||r(i)||/||b|| 9.051296465419e-06
120 KSP unpreconditioned resid norm 2.661756637590e-22 true resid norm 2.661756637590e-22 ||r(i)||/||b|| 8.732888704493e-06
121 KSP unpreconditioned resid norm 2.570241405278e-22 true resid norm 2.570241405278e-22 ||r(i)||/||b|| 8.432638739015e-06
122 KSP unpreconditioned resid norm 2.451285629762e-22 true resid norm 2.451285629762e-22 ||r(i)||/||b|| 8.042359803041e-06
123 KSP unpreconditioned resid norm 2.339524095215e-22 true resid norm 2.339524095215e-22 ||r(i)||/||b|| 7.675684266722e-06
124 KSP unpreconditioned resid norm 2.232160064190e-22 true resid norm 2.232160064190e-22 ||r(i)||/||b|| 7.323436386292e-06
125 KSP unpreconditioned resid norm 2.135539262437e-22 true resid norm 2.135539262437e-22 ||r(i)||/||b|| 7.006435689711e-06
126 KSP unpreconditioned resid norm 2.036810839882e-22 true resid norm 2.036810839882e-22 ||r(i)||/||b|| 6.682520154397e-06
127 KSP unpreconditioned resid norm 1.944723563390e-22 true resid norm 1.944723563391e-22 ||r(i)||/||b|| 6.380393383924e-06
128 KSP unpreconditioned resid norm 1.848473451727e-22 true resid norm 1.848473451727e-22 ||r(i)||/||b|| 6.064608874897e-06
129 KSP unpreconditioned resid norm 1.739651935071e-22 true resid norm 1.739651935072e-22 ||r(i)||/||b|| 5.707579167452e-06
130 KSP unpreconditioned resid norm 1.619960157649e-22 true resid norm 1.619960157649e-22 ||r(i)||/||b|| 5.314885501806e-06
131 KSP unpreconditioned resid norm 1.517100448791e-22 true resid norm 1.517100448792e-22 ||r(i)||/||b|| 4.977415735809e-06
132 KSP unpreconditioned resid norm 1.433479055201e-22 true resid norm 1.433479055202e-22 ||r(i)||/||b|| 4.703064462209e-06
133 KSP unpreconditioned resid norm 1.354900007254e-22 true resid norm 1.354900007254e-22 ||r(i)||/||b|| 4.445256490382e-06
134 KSP unpreconditioned resid norm 1.287208600286e-22 true resid norm 1.287208600287e-22 ||r(i)||/||b|| 4.223169499052e-06
135 KSP unpreconditioned resid norm 1.238077512565e-22 true resid norm 1.238077512565e-22 ||r(i)||/||b|| 4.061976580456e-06
136 KSP unpreconditioned resid norm 1.190030350224e-22 true resid norm 1.190030350224e-22 ||r(i)||/||b|| 3.904339884689e-06
137 KSP unpreconditioned resid norm 1.154582474841e-22 true resid norm 1.154582474842e-22 ||r(i)||/||b|| 3.788039864562e-06
138 KSP unpreconditioned resid norm 1.120293464339e-22 true resid norm 1.120293464339e-22 ||r(i)||/||b|| 3.675541934331e-06
139 KSP unpreconditioned resid norm 1.096146209142e-22 true resid norm 1.096146209143e-22 ||r(i)||/||b|| 3.596317827525e-06
140 KSP unpreconditioned resid norm 1.077214729759e-22 true resid norm 1.077214729759e-22 ||r(i)||/||b|| 3.534206025063e-06
141 KSP unpreconditioned resid norm 1.061967334041e-22 true resid norm 1.061967334041e-22 ||r(i)||/||b|| 3.484181237690e-06
142 KSP unpreconditioned resid norm 1.049244689645e-22 true resid norm 1.049244689646e-22 ||r(i)||/||b|| 3.442439841815e-06
143 KSP unpreconditioned resid norm 1.035625123153e-22 true resid norm 1.035625123153e-22 ||r(i)||/||b|| 3.397755757365e-06
144 KSP unpreconditioned resid norm 1.024464690057e-22 true resid norm 1.024464690057e-22 ||r(i)||/||b|| 3.361139780253e-06
145 KSP unpreconditioned resid norm 1.012206001140e-22 true resid norm 1.012206001141e-22 ||r(i)||/||b|| 3.320920563942e-06
146 KSP unpreconditioned resid norm 1.002272697689e-22 true resid norm 1.002272697689e-22 ||r(i)||/||b|| 3.288330644832e-06
147 KSP unpreconditioned resid norm 9.912408313399e-23 true resid norm 9.912408313401e-23 ||r(i)||/||b|| 3.252136479043e-06
148 KSP unpreconditioned resid norm 9.812933054017e-23 true resid norm 9.812933054015e-23 ||r(i)||/||b|| 3.219499897742e-06
149 KSP unpreconditioned resid norm 9.694280763748e-23 true resid norm 9.694280763753e-23 ||r(i)||/||b|| 3.180571573839e-06
150 KSP unpreconditioned resid norm 9.579809213029e-23 true resid norm 9.579809213030e-23 ||r(i)||/||b|| 3.143014897989e-06
151 KSP unpreconditioned resid norm 9.466949625176e-23 true resid norm 9.466949625179e-23 ||r(i)||/||b|| 3.105987086880e-06
152 KSP unpreconditioned resid norm 9.322978480139e-23 true resid norm 9.322978480139e-23 ||r(i)||/||b|| 3.058751965212e-06
153 KSP unpreconditioned resid norm 9.154721968010e-23 true resid norm 9.154721968017e-23 ||r(i)||/||b|| 3.003549120090e-06
154 KSP unpreconditioned resid norm 8.914997771569e-23 true resid norm 8.914997771577e-23 ||r(i)||/||b|| 2.924898626738e-06
155 KSP unpreconditioned resid norm 8.595416778942e-23 true resid norm 8.595416778942e-23 ||r(i)||/||b|| 2.820048123077e-06
156 KSP unpreconditioned resid norm 8.259999835081e-23 true resid norm 8.259999835084e-23 ||r(i)||/||b|| 2.710002043020e-06
157 KSP unpreconditioned resid norm 7.997298202843e-23 true resid norm 7.997298202851e-23 ||r(i)||/||b|| 2.623812942019e-06
158 KSP unpreconditioned resid norm 7.758477128326e-23 true resid norm 7.758477128329e-23 ||r(i)||/||b|| 2.545458751608e-06
159 KSP unpreconditioned resid norm 7.527739770641e-23 true resid norm 7.527739770642e-23 ||r(i)||/||b|| 2.469756727006e-06
160 KSP unpreconditioned resid norm 7.257318369770e-23 true resid norm 7.257318369777e-23 ||r(i)||/||b|| 2.381034867024e-06
161 KSP unpreconditioned resid norm 6.949776270580e-23 true resid norm 6.949776270588e-23 ||r(i)||/||b|| 2.280134172864e-06
162 KSP unpreconditioned resid norm 6.576752694156e-23 true resid norm 6.576752694158e-23 ||r(i)||/||b|| 2.157749829716e-06
163 KSP unpreconditioned resid norm 6.094628291846e-23 true resid norm 6.094628291847e-23 ||r(i)||/||b|| 1.999570877980e-06
164 KSP unpreconditioned resid norm 5.597214048061e-23 true resid norm 5.597214048063e-23 ||r(i)||/||b|| 1.836375521589e-06
165 KSP unpreconditioned resid norm 5.158368514368e-23 true resid norm 5.158368514373e-23 ||r(i)||/||b|| 1.692395822240e-06
166 KSP unpreconditioned resid norm 4.768372701297e-23 true resid norm 4.768372701300e-23 ||r(i)||/||b|| 1.564443101744e-06
167 KSP unpreconditioned resid norm 4.405382890312e-23 true resid norm 4.405382890310e-23 ||r(i)||/||b|| 1.445350710822e-06
168 KSP unpreconditioned resid norm 4.089022050561e-23 true resid norm 4.089022050565e-23 ||r(i)||/||b|| 1.341556698817e-06
169 KSP unpreconditioned resid norm 3.803468750184e-23 true resid norm 3.803468750195e-23 ||r(i)||/||b|| 1.247870252952e-06
170 KSP unpreconditioned resid norm 3.560402911375e-23 true resid norm 3.560402911382e-23 ||r(i)||/||b|| 1.168123408773e-06
171 KSP unpreconditioned resid norm 3.308217941335e-23 true resid norm 3.308217941346e-23 ||r(i)||/||b|| 1.085384692349e-06
172 KSP unpreconditioned resid norm 3.108006709400e-23 true resid norm 3.108006709397e-23 ||r(i)||/||b|| 1.019697905611e-06
173 KSP unpreconditioned resid norm 2.917015733033e-23 true resid norm 2.917015733042e-23 ||r(i)||/||b|| 9.570361687528e-07
174 KSP unpreconditioned resid norm 2.748907595579e-23 true resid norm 2.748907595583e-23 ||r(i)||/||b|| 9.018820034915e-07
175 KSP unpreconditioned resid norm 2.609107332855e-23 true resid norm 2.609107332869e-23 ||r(i)||/||b|| 8.560152958481e-07
176 KSP unpreconditioned resid norm 2.522183093251e-23 true resid norm 2.522183093259e-23 ||r(i)||/||b|| 8.274965462554e-07
177 KSP unpreconditioned resid norm 2.463414462340e-23 true resid norm 2.463414462344e-23 ||r(i)||/||b|| 8.082152977052e-07
178 KSP unpreconditioned resid norm 2.414408450773e-23 true resid norm 2.414408450781e-23 ||r(i)||/||b|| 7.921370417599e-07
179 KSP unpreconditioned resid norm 2.378255012710e-23 true resid norm 2.378255012705e-23 ||r(i)||/||b|| 7.802755535029e-07
180 KSP unpreconditioned resid norm 2.342297484442e-23 true resid norm 2.342297484453e-23 ||r(i)||/||b|| 7.684783407946e-07
181 KSP unpreconditioned resid norm 2.313021706193e-23 true resid norm 2.313021706200e-23 ||r(i)||/||b|| 7.588733262111e-07
182 KSP unpreconditioned resid norm 2.280474397321e-23 true resid norm 2.280474397331e-23 ||r(i)||/||b|| 7.481949635850e-07
183 KSP unpreconditioned resid norm 2.244697060996e-23 true resid norm 2.244697061005e-23 ||r(i)||/||b|| 7.364568695810e-07
184 KSP unpreconditioned resid norm 2.203060946948e-23 true resid norm 2.203060946967e-23 ||r(i)||/||b|| 7.227965843076e-07
185 KSP unpreconditioned resid norm 2.160487996127e-23 true resid norm 2.160487996143e-23 ||r(i)||/||b|| 7.088289346688e-07
186 KSP unpreconditioned resid norm 2.118518255419e-23 true resid norm 2.118518255432e-23 ||r(i)||/||b|| 6.950591906808e-07
187 KSP unpreconditioned resid norm 2.073371573029e-23 true resid norm 2.073371573044e-23 ||r(i)||/||b|| 6.802471320913e-07
188 KSP unpreconditioned resid norm 2.035881816840e-23 true resid norm 2.035881816864e-23 ||r(i)||/||b|| 6.679472146736e-07
189 KSP unpreconditioned resid norm 2.005096923565e-23 true resid norm 2.005096923581e-23 ||r(i)||/||b|| 6.578470784319e-07
190 KSP unpreconditioned resid norm 1.997552571003e-23 true resid norm 1.996040716020e-23 ||r(i)||/||b|| 6.548758506495e-07
191 KSP unpreconditioned resid norm 1.972732666856e-23 true resid norm 1.963212506623e-23 ||r(i)||/||b|| 6.441053280937e-07
192 KSP unpreconditioned resid norm 1.968616714944e-23 true resid norm 1.957609981390e-23 ||r(i)||/||b|| 6.422672100391e-07
193 KSP unpreconditioned resid norm 1.959442743897e-23 true resid norm 1.936011582088e-23 ||r(i)||/||b|| 6.351810469154e-07
194 KSP unpreconditioned resid norm 1.957482359577e-23 true resid norm 1.937883945959e-23 ||r(i)||/||b|| 6.357953459490e-07
195 KSP unpreconditioned resid norm 1.956704370012e-23 true resid norm 1.937136494731e-23 ||r(i)||/||b|| 6.355501166033e-07
196 KSP unpreconditioned resid norm 1.953371885132e-23 true resid norm 1.936475971565e-23 ||r(i)||/||b|| 6.353334072612e-07
197 KSP unpreconditioned resid norm 1.953145814416e-23 true resid norm 1.934218594661e-23 ||r(i)||/||b|| 6.345927902946e-07
198 KSP unpreconditioned resid norm 1.953136671550e-23 true resid norm 1.934045484116e-23 ||r(i)||/||b|| 6.345359949023e-07
199 KSP unpreconditioned resid norm 1.952762836675e-23 true resid norm 1.935670352884e-23 ||r(i)||/||b|| 6.350690939059e-07
200 KSP unpreconditioned resid norm 1.935954028300e-23 true resid norm 1.935954028300e-23 ||r(i)||/||b|| 6.351621642416e-07
201 KSP unpreconditioned resid norm 1.921729827308e-23 true resid norm 1.921729827305e-23 ||r(i)||/||b|| 6.304953828218e-07
202 KSP unpreconditioned resid norm 1.906245751679e-23 true resid norm 1.906245751680e-23 ||r(i)||/||b|| 6.254152523840e-07
203 KSP unpreconditioned resid norm 1.893642622548e-23 true resid norm 1.893642622544e-23 ||r(i)||/||b|| 6.212803242498e-07
204 KSP unpreconditioned resid norm 1.873887397451e-23 true resid norm 1.873887397464e-23 ||r(i)||/||b|| 6.147988834028e-07
205 KSP unpreconditioned resid norm 1.857065951040e-23 true resid norm 1.857065951035e-23 ||r(i)||/||b|| 6.092799784271e-07
206 KSP unpreconditioned resid norm 1.840494055715e-23 true resid norm 1.840494055728e-23 ||r(i)||/||b|| 6.038429480354e-07
207 KSP unpreconditioned resid norm 1.820328851334e-23 true resid norm 1.820328851336e-23 ||r(i)||/||b|| 5.972269981335e-07
208 KSP unpreconditioned resid norm 1.796658242482e-23 true resid norm 1.796658242486e-23 ||r(i)||/||b|| 5.894609691231e-07
209 KSP unpreconditioned resid norm 1.765405473264e-23 true resid norm 1.765405473271e-23 ||r(i)||/||b|| 5.792073286737e-07
210 KSP unpreconditioned resid norm 1.736226601690e-23 true resid norm 1.736226601689e-23 ||r(i)||/||b|| 5.696341079499e-07
211 KSP unpreconditioned resid norm 1.697513872080e-23 true resid norm 1.697513872094e-23 ||r(i)||/||b|| 5.569329483385e-07
212 KSP unpreconditioned resid norm 1.653407875338e-23 true resid norm 1.653407875343e-23 ||r(i)||/||b|| 5.424623256158e-07
213 KSP unpreconditioned resid norm 1.601983070486e-23 true resid norm 1.601983070499e-23 ||r(i)||/||b|| 5.255904940211e-07
214 KSP unpreconditioned resid norm 1.560447913787e-23 true resid norm 1.560447913793e-23 ||r(i)||/||b|| 5.119633315783e-07
215 KSP unpreconditioned resid norm 1.525404152023e-23 true resid norm 1.525404152028e-23 ||r(i)||/||b|| 5.004659141600e-07
216 KSP unpreconditioned resid norm 1.494661583224e-23 true resid norm 1.494661583223e-23 ||r(i)||/||b|| 4.903796640474e-07
217 KSP unpreconditioned resid norm 1.466991152547e-23 true resid norm 1.466991152557e-23 ||r(i)||/||b|| 4.813013438131e-07
218 KSP unpreconditioned resid norm 1.438697981969e-23 true resid norm 1.438697981963e-23 ||r(i)||/||b|| 4.720187104420e-07
219 KSP unpreconditioned resid norm 1.412791531929e-23 true resid norm 1.412791531939e-23 ||r(i)||/||b|| 4.635191300676e-07
220 KSP unpreconditioned resid norm 1.376119031937e-23 true resid norm 1.376119031945e-23 ||r(i)||/||b|| 4.514873441244e-07
221 KSP unpreconditioned resid norm 1.339403927953e-23 true resid norm 1.339403927970e-23 ||r(i)||/||b|| 4.394415803509e-07
222 KSP unpreconditioned resid norm 1.286554719887e-23 true resid norm 1.286554719882e-23 ||r(i)||/||b|| 4.221024199697e-07
223 KSP unpreconditioned resid norm 1.226178967538e-23 true resid norm 1.226178967542e-23 ||r(i)||/||b|| 4.022938950957e-07
224 KSP unpreconditioned resid norm 1.163683103601e-23 true resid norm 1.163683103613e-23 ||r(i)||/||b|| 3.817897882787e-07
225 KSP unpreconditioned resid norm 1.102567750144e-23 true resid norm 1.102567750139e-23 ||r(i)||/||b|| 3.617386095763e-07
226 KSP unpreconditioned resid norm 1.041698995388e-23 true resid norm 1.041698995385e-23 ||r(i)||/||b|| 3.417683368122e-07
227 KSP unpreconditioned resid norm 9.645350392814e-24 true resid norm 9.645350392871e-24 ||r(i)||/||b|| 3.164518134650e-07
228 KSP unpreconditioned resid norm 8.768506901030e-24 true resid norm 8.768506901086e-24 ||r(i)||/||b|| 2.876836814845e-07
229 KSP unpreconditioned resid norm 7.718684735106e-24 true resid norm 7.718684735184e-24 ||r(i)||/||b|| 2.532403367967e-07
230 KSP unpreconditioned resid norm 6.782836950664e-24 true resid norm 6.782836950711e-24 ||r(i)||/||b|| 2.225363481949e-07
231 KSP unpreconditioned resid norm 6.092996742885e-24 true resid norm 6.092996742868e-24 ||r(i)||/||b|| 1.999035587283e-07
232 KSP unpreconditioned resid norm 5.653817414367e-24 true resid norm 5.653817414401e-24 ||r(i)||/||b|| 1.854946374068e-07
233 KSP unpreconditioned resid norm 5.330143997217e-24 true resid norm 5.330143997210e-24 ||r(i)||/||b|| 1.748753197389e-07
234 KSP unpreconditioned resid norm 5.091062895363e-24 true resid norm 5.091062895411e-24 ||r(i)||/||b|| 1.670313695299e-07
235 KSP unpreconditioned resid norm 4.882819680113e-24 true resid norm 4.882819680166e-24 ||r(i)||/||b|| 1.601991715877e-07
236 KSP unpreconditioned resid norm 4.656333621697e-24 true resid norm 4.656333621736e-24 ||r(i)||/||b|| 1.527684489084e-07
237 KSP unpreconditioned resid norm 4.479442131647e-24 true resid norm 4.479442131663e-24 ||r(i)||/||b|| 1.469648616315e-07
238 KSP unpreconditioned resid norm 4.348316023342e-24 true resid norm 4.348316023342e-24 ||r(i)||/||b|| 1.426627789616e-07
239 KSP unpreconditioned resid norm 4.276512592666e-24 true resid norm 4.276512592730e-24 ||r(i)||/||b|| 1.403069987251e-07
240 KSP unpreconditioned resid norm 4.217151860356e-24 true resid norm 4.217151860367e-24 ||r(i)||/||b|| 1.383594477663e-07
241 KSP unpreconditioned resid norm 4.163646993895e-24 true resid norm 4.163646993975e-24 ||r(i)||/||b|| 1.366040204040e-07
242 KSP unpreconditioned resid norm 4.117294385358e-24 true resid norm 4.117294385356e-24 ||r(i)||/||b|| 1.350832496223e-07
243 KSP unpreconditioned resid norm 4.079101403458e-24 true resid norm 4.079101403483e-24 ||r(i)||/||b|| 1.338301859302e-07
244 KSP unpreconditioned resid norm 4.041853201290e-24 true resid norm 4.041853201297e-24 ||r(i)||/||b|| 1.326081192711e-07
245 KSP unpreconditioned resid norm 4.000661454542e-24 true resid norm 4.000661454567e-24 ||r(i)||/||b|| 1.312566698762e-07
246 KSP unpreconditioned resid norm 3.941580592848e-24 true resid norm 3.941580592871e-24 ||r(i)||/||b|| 1.293183011220e-07
247 KSP unpreconditioned resid norm 3.858315625958e-24 true resid norm 3.858315625963e-24 ||r(i)||/||b|| 1.265864822971e-07
248 KSP unpreconditioned resid norm 3.747981749059e-24 true resid norm 3.747981749125e-24 ||r(i)||/||b|| 1.229665665874e-07
249 KSP unpreconditioned resid norm 3.649582407360e-24 true resid norm 3.649582407377e-24 ||r(i)||/||b|| 1.197382079616e-07
250 KSP unpreconditioned resid norm 3.569101055672e-24 true resid norm 3.569101055717e-24 ||r(i)||/||b|| 1.170977160515e-07
251 KSP unpreconditioned resid norm 3.519603633117e-24 true resid norm 3.519603633144e-24 ||r(i)||/||b|| 1.154737678799e-07
252 KSP unpreconditioned resid norm 3.478692554820e-24 true resid norm 3.478692554857e-24 ||r(i)||/||b|| 1.141315268635e-07
253 KSP unpreconditioned resid norm 3.439368677861e-24 true resid norm 3.439368677903e-24 ||r(i)||/||b|| 1.128413599263e-07
254 KSP unpreconditioned resid norm 3.391247624616e-24 true resid norm 3.391247624628e-24 ||r(i)||/||b|| 1.112625687000e-07
255 KSP unpreconditioned resid norm 3.324789145735e-24 true resid norm 3.324789145704e-24 ||r(i)||/||b|| 1.090821496049e-07
256 KSP unpreconditioned resid norm 3.231831556583e-24 true resid norm 3.231831556587e-24 ||r(i)||/||b|| 1.060323280377e-07
257 KSP unpreconditioned resid norm 3.131387949697e-24 true resid norm 3.131387949684e-24 ||r(i)||/||b|| 1.027368996436e-07
258 KSP unpreconditioned resid norm 2.999039009547e-24 true resid norm 2.999039009517e-24 ||r(i)||/||b|| 9.839469739901e-08
259 KSP unpreconditioned resid norm 2.868202975740e-24 true resid norm 2.868202975777e-24 ||r(i)||/||b|| 9.410213171116e-08
260 KSP unpreconditioned resid norm 2.723052528646e-24 true resid norm 2.723052528648e-24 ||r(i)||/||b|| 8.933992812621e-08
261 KSP unpreconditioned resid norm 2.574197074985e-24 true resid norm 2.574197074949e-24 ||r(i)||/||b|| 8.445616793619e-08
262 KSP unpreconditioned resid norm 2.445444284242e-24 true resid norm 2.445444284221e-24 ||r(i)||/||b|| 8.023195083108e-08
263 KSP unpreconditioned resid norm 2.322471782049e-24 true resid norm 2.322471782094e-24 ||r(i)||/||b|| 7.619737772390e-08
264 KSP unpreconditioned resid norm 2.218653943720e-24 true resid norm 2.218653943706e-24 ||r(i)||/||b|| 7.279124503926e-08
265 KSP unpreconditioned resid norm 2.122213295476e-24 true resid norm 2.122213295477e-24 ||r(i)||/||b|| 6.962714868395e-08
266 KSP unpreconditioned resid norm 2.031821493332e-24 true resid norm 2.031821493362e-24 ||r(i)||/||b|| 6.666150736076e-08
267 KSP unpreconditioned resid norm 1.952099558804e-24 true resid norm 1.952099558788e-24 ||r(i)||/||b|| 6.404593096994e-08
268 KSP unpreconditioned resid norm 1.893901753409e-24 true resid norm 1.893901753397e-24 ||r(i)||/||b|| 6.213653418232e-08
269 KSP unpreconditioned resid norm 1.840333153005e-24 true resid norm 1.840333152975e-24 ||r(i)||/||b|| 6.037901578662e-08
270 KSP unpreconditioned resid norm 1.784072684967e-24 true resid norm 1.784072684967e-24 ||r(i)||/||b|| 5.853318060156e-08
271 KSP unpreconditioned resid norm 1.732003794882e-24 true resid norm 1.732003794927e-24 ||r(i)||/||b|| 5.682486581699e-08
272 KSP unpreconditioned resid norm 1.678665270732e-24 true resid norm 1.678665270706e-24 ||r(i)||/||b|| 5.507489593206e-08
273 KSP unpreconditioned resid norm 1.620744037324e-24 true resid norm 1.620744037278e-24 ||r(i)||/||b|| 5.317457312265e-08
274 KSP unpreconditioned resid norm 1.561194803807e-24 true resid norm 1.561194803831e-24 ||r(i)||/||b|| 5.122083768045e-08
275 KSP unpreconditioned resid norm 1.500292984018e-24 true resid norm 1.500292984009e-24 ||r(i)||/||b|| 4.922272558074e-08
276 KSP unpreconditioned resid norm 1.436069118109e-24 true resid norm 1.436069118136e-24 ||r(i)||/||b|| 4.711562132892e-08
277 KSP unpreconditioned resid norm 1.362511702347e-24 true resid norm 1.362511702322e-24 ||r(i)||/||b|| 4.470229504422e-08
278 KSP unpreconditioned resid norm 1.290241747677e-24 true resid norm 1.290241747634e-24 ||r(i)||/||b|| 4.233120873959e-08
279 KSP unpreconditioned resid norm 1.215498727752e-24 true resid norm 1.215498727811e-24 ||r(i)||/||b|| 3.987898427874e-08
280 KSP unpreconditioned resid norm 1.124223886821e-24 true resid norm 1.124223886831e-24 ||r(i)||/||b|| 3.688437156116e-08
281 KSP unpreconditioned resid norm 1.014830219058e-24 true resid norm 1.014830219100e-24 ||r(i)||/||b|| 3.329530292966e-08
282 KSP unpreconditioned resid norm 9.166773525798e-25 true resid norm 9.166773526172e-25 ||r(i)||/||b|| 3.007503084723e-08
  Linear solve converged due to CONVERGED_ATOL iterations 282
Mat Object: 1 MPI process
  type: seqaijcusparse
  rows=281452, cols=281452, bs=4
  total: nonzeros=15993520, allocated nonzeros=15993520
  total number of mallocs used during MatSetValues calls=0
    not using I-node routines
Vec Object: 1 MPI process
  type: seqcuda
  length=281452, bs=4
Vec Object: 1 MPI process
  type: seqcuda
  length=281452, bs=4
KSP Object: 1 MPI process
  type: gmres
    restart=100, using classical (unmodified) Gram-Schmidt orthogonalization with no iterative refinement
    happy breakdown tolerance=1e-30
  maximum iterations=2000, initial guess is zero
  tolerances: relative=1e-10, absolute=1e-24, divergence=10000.
  right preconditioning
  diagonally scaled system
  using UNPRECONDITIONED norm type for convergence test
PC Object: 1 MPI process
  type: asm
    total subdomain blocks = 1, amount of overlap = 2
    restriction/interpolation type - RESTRICT
    Local solver information for first block is in the following KSP and PC objects on rank 0:
    Use -ksp_view ::ascii_info_detail to display information for all blocks
    KSP Object: (sub_) 1 MPI process
      type: preonly
      maximum iterations=10000, initial guess is zero
      tolerances: relative=1e-05, absolute=1e-50, divergence=10000.
      left preconditioning
      not checking for convergence
    PC Object: (sub_) 1 MPI process
      type: ilu
        out-of-place factorization
        2 levels of fill
        tolerance for zero pivot 2.22045e-14
        matrix ordering: natural
        factor fill ratio given 1., needed 4.996
          Factored matrix:
            Mat Object: (sub_) 1 MPI process
              type: seqaijcusparse
              rows=281452, cols=281452, bs=4
              package used to perform factorization: cusparse
              total: nonzeros=79903664, allocated nonzeros=79903664
                using I-node routines: found 70363 nodes, limit used is 5
      linear system matrix, which is also used to construct the preconditioner:
      Mat Object: (sub_) 1 MPI process
        type: seqaijcusparse
        rows=281452, cols=281452, bs=4
        total: nonzeros=15993520, allocated nonzeros=15993520
        total number of mallocs used during MatSetValues calls=0
          not using I-node routines
  linear system matrix, which is also used to construct the preconditioner:
  Mat Object: 1 MPI process
    type: seqaijcusparse
    rows=281452, cols=281452, bs=4
    total: nonzeros=15993520, allocated nonzeros=15993520
    total number of mallocs used during MatSetValues calls=0
      not using I-node routines
 NS     63-2    2.341e+03 [  -3  6.472e-01  3.023e-14  3.008e-08] [  282 -173   61]
Vec Object: 1 MPI process
  type: seqcuda
  length=281452, bs=4
Mat Object: 1 MPI process
  type: seqaijcusparse
  rows=281452, cols=281452, bs=4
  total: nonzeros=15993520, allocated nonzeros=15993520
  total number of mallocs used during MatSetValues calls=0
    not using I-node routines
Mat Object: 1 MPI process
  type: seqaijcusparse
  rows=281452, cols=281452, bs=4
  total: nonzeros=15993520, allocated nonzeros=15993520
  total number of mallocs used during MatSetValues calls=0
    not using I-node routines
SV13P_REUSE step=64 equation=0 reuse=0 rebuild_requests=4 solve_requests=7 ksp=0x55729b63aa50 pc=0x55729d0f73e0
  0 KSP unpreconditioned resid norm 4.856917415947e-17 true resid norm 4.856917415947e-17 ||r(i)||/||b|| 1.000000000000e+00
  1 KSP unpreconditioned resid norm 2.433046404165e-18 true resid norm 2.433046404165e-18 ||r(i)||/||b|| 5.009445695280e-02
  2 KSP unpreconditioned resid norm 8.087978235253e-19 true resid norm 8.087978235253e-19 ||r(i)||/||b|| 1.665249281097e-02
  3 KSP unpreconditioned resid norm 4.665171500810e-19 true resid norm 4.665171500810e-19 ||r(i)||/||b|| 9.605210674351e-03
  4 KSP unpreconditioned resid norm 3.248132039295e-19 true resid norm 3.248132039295e-19 ||r(i)||/||b|| 6.687641071743e-03
  5 KSP unpreconditioned resid norm 2.380462401650e-19 true resid norm 2.380462401650e-19 ||r(i)||/||b|| 4.901179488526e-03
  6 KSP unpreconditioned resid norm 1.885688503003e-19 true resid norm 1.885688503003e-19 ||r(i)||/||b|| 3.882480061966e-03
  7 KSP unpreconditioned resid norm 1.469906949979e-19 true resid norm 1.469906949979e-19 ||r(i)||/||b|| 3.026419483997e-03
  8 KSP unpreconditioned resid norm 1.150411331354e-19 true resid norm 1.150411331354e-19 ||r(i)||/||b|| 2.368603854736e-03
  9 KSP unpreconditioned resid norm 9.274291683571e-20 true resid norm 9.274291683571e-20 ||r(i)||/||b|| 1.909501621979e-03
 10 KSP unpreconditioned resid norm 7.953685653473e-20 true resid norm 7.953685653473e-20 ||r(i)||/||b|| 1.637599525032e-03
 11 KSP unpreconditioned resid norm 6.782639187435e-20 true resid norm 6.782639187435e-20 ||r(i)||/||b|| 1.396490532280e-03
 12 KSP unpreconditioned resid norm 5.906417087985e-20 true resid norm 5.906417087985e-20 ||r(i)||/||b|| 1.216083491268e-03
 13 KSP unpreconditioned resid norm 5.146705670671e-20 true resid norm 5.146705670671e-20 ||r(i)||/||b|| 1.059665057053e-03
 14 KSP unpreconditioned resid norm 4.381659440028e-20 true resid norm 4.381659440028e-20 ||r(i)||/||b|| 9.021482279359e-04
 15 KSP unpreconditioned resid norm 3.657407093869e-20 true resid norm 3.657407093869e-20 ||r(i)||/||b|| 7.530305295824e-04
 16 KSP unpreconditioned resid norm 3.062996147728e-20 true resid norm 3.062996147728e-20 ||r(i)||/||b|| 6.306461249827e-04
 17 KSP unpreconditioned resid norm 2.648136864593e-20 true resid norm 2.648136864593e-20 ||r(i)||/||b|| 5.452299550941e-04
 18 KSP unpreconditioned resid norm 2.369067519738e-20 true resid norm 2.369067519738e-20 ||r(i)||/||b|| 4.877718348596e-04
 19 KSP unpreconditioned resid norm 2.189282707601e-20 true resid norm 2.189282707601e-20 ||r(i)||/||b|| 4.507555966287e-04
 20 KSP unpreconditioned resid norm 2.077603903612e-20 true resid norm 2.077603903612e-20 ||r(i)||/||b|| 4.277618344488e-04
 21 KSP unpreconditioned resid norm 2.005827850279e-20 true resid norm 2.005827850279e-20 ||r(i)||/||b|| 4.129837257872e-04
 22 KSP unpreconditioned resid norm 1.943197662625e-20 true resid norm 1.943197662625e-20 ||r(i)||/||b|| 4.000886768724e-04
 23 KSP unpreconditioned resid norm 1.869229342475e-20 true resid norm 1.869229342476e-20 ||r(i)||/||b|| 3.848591982104e-04
 24 KSP unpreconditioned resid norm 1.765746597530e-20 true resid norm 1.765746597531e-20 ||r(i)||/||b|| 3.635529382758e-04
 25 KSP unpreconditioned resid norm 1.655556989972e-20 true resid norm 1.655556989972e-20 ||r(i)||/||b|| 3.408657895924e-04
 26 KSP unpreconditioned resid norm 1.546068150863e-20 true resid norm 1.546068150863e-20 ||r(i)||/||b|| 3.183229234631e-04
 27 KSP unpreconditioned resid norm 1.462849990826e-20 true resid norm 1.462849990826e-20 ||r(i)||/||b|| 3.011889776060e-04
 28 KSP unpreconditioned resid norm 1.397492553226e-20 true resid norm 1.397492553226e-20 ||r(i)||/||b|| 2.877324099927e-04
 29 KSP unpreconditioned resid norm 1.338032283250e-20 true resid norm 1.338032283250e-20 ||r(i)||/||b|| 2.754900214808e-04
 30 KSP unpreconditioned resid norm 1.290442246286e-20 true resid norm 1.290442246286e-20 ||r(i)||/||b|| 2.656916179075e-04
 31 KSP unpreconditioned resid norm 1.242177865365e-20 true resid norm 1.242177865365e-20 ||r(i)||/||b|| 2.557543723692e-04
 32 KSP unpreconditioned resid norm 1.187318230280e-20 true resid norm 1.187318230280e-20 ||r(i)||/||b|| 2.444592173591e-04
 33 KSP unpreconditioned resid norm 1.140826642913e-20 true resid norm 1.140826642914e-20 ||r(i)||/||b|| 2.348869756706e-04
 34 KSP unpreconditioned resid norm 1.095999364836e-20 true resid norm 1.095999364836e-20 ||r(i)||/||b|| 2.256574017993e-04
 35 KSP unpreconditioned resid norm 1.055899490391e-20 true resid norm 1.055899490391e-20 ||r(i)||/||b|| 2.174011620878e-04
 36 KSP unpreconditioned resid norm 1.020243706971e-20 true resid norm 1.020243706971e-20 ||r(i)||/||b|| 2.100599247625e-04
 37 KSP unpreconditioned resid norm 9.921561592451e-21 true resid norm 9.921561592452e-21 ||r(i)||/||b|| 2.042769259340e-04
 38 KSP unpreconditioned resid norm 9.660817505148e-21 true resid norm 9.660817505149e-21 ||r(i)||/||b|| 1.989084161371e-04
 39 KSP unpreconditioned resid norm 9.469532309857e-21 true resid norm 9.469532309858e-21 ||r(i)||/||b|| 1.949700087295e-04
 40 KSP unpreconditioned resid norm 9.286309933922e-21 true resid norm 9.286309933922e-21 ||r(i)||/||b|| 1.911976082490e-04
 41 KSP unpreconditioned resid norm 9.105285416452e-21 true resid norm 9.105285416452e-21 ||r(i)||/||b|| 1.874704598961e-04
 42 KSP unpreconditioned resid norm 8.925138939147e-21 true resid norm 8.925138939148e-21 ||r(i)||/||b|| 1.837613896799e-04
 43 KSP unpreconditioned resid norm 8.739296816308e-21 true resid norm 8.739296816308e-21 ||r(i)||/||b|| 1.799350507302e-04
 44 KSP unpreconditioned resid norm 8.542113284304e-21 true resid norm 8.542113284304e-21 ||r(i)||/||b|| 1.758752013418e-04
 45 KSP unpreconditioned resid norm 8.336375984817e-21 true resid norm 8.336375984816e-21 ||r(i)||/||b|| 1.716392368016e-04
 46 KSP unpreconditioned resid norm 8.107815319251e-21 true resid norm 8.107815319250e-21 ||r(i)||/||b|| 1.669333576196e-04
 47 KSP unpreconditioned resid norm 7.879105808675e-21 true resid norm 7.879105808674e-21 ||r(i)||/||b|| 1.622244138392e-04
 48 KSP unpreconditioned resid norm 7.667452240377e-21 true resid norm 7.667452240375e-21 ||r(i)||/||b|| 1.578666381108e-04
 49 KSP unpreconditioned resid norm 7.442318452789e-21 true resid norm 7.442318452786e-21 ||r(i)||/||b|| 1.532313155738e-04
 50 KSP unpreconditioned resid norm 7.261945241833e-21 true resid norm 7.261945241831e-21 ||r(i)||/||b|| 1.495175770950e-04
 51 KSP unpreconditioned resid norm 7.102975646668e-21 true resid norm 7.102975646665e-21 ||r(i)||/||b|| 1.462445217484e-04
 52 KSP unpreconditioned resid norm 6.950180567921e-21 true resid norm 6.950180567919e-21 ||r(i)||/||b|| 1.430985946992e-04
 53 KSP unpreconditioned resid norm 6.808627472211e-21 true resid norm 6.808627472207e-21 ||r(i)||/||b|| 1.401841309851e-04
 54 KSP unpreconditioned resid norm 6.661083702004e-21 true resid norm 6.661083702001e-21 ||r(i)||/||b|| 1.371463241300e-04
 55 KSP unpreconditioned resid norm 6.541707549908e-21 true resid norm 6.541707549904e-21 ||r(i)||/||b|| 1.346884657422e-04
 56 KSP unpreconditioned resid norm 6.440466832443e-21 true resid norm 6.440466832440e-21 ||r(i)||/||b|| 1.326040012806e-04
 57 KSP unpreconditioned resid norm 6.369038803599e-21 true resid norm 6.369038803596e-21 ||r(i)||/||b|| 1.311333559571e-04
 58 KSP unpreconditioned resid norm 6.288052110864e-21 true resid norm 6.288052110862e-21 ||r(i)||/||b|| 1.294659054777e-04
 59 KSP unpreconditioned resid norm 6.203973295237e-21 true resid norm 6.203973295234e-21 ||r(i)||/||b|| 1.277347906898e-04
 60 KSP unpreconditioned resid norm 6.097230302661e-21 true resid norm 6.097230302659e-21 ||r(i)||/||b|| 1.255370388354e-04
 61 KSP unpreconditioned resid norm 5.966109667158e-21 true resid norm 5.966109667157e-21 ||r(i)||/||b|| 1.228373710364e-04
 62 KSP unpreconditioned resid norm 5.795145145918e-21 true resid norm 5.795145145917e-21 ||r(i)||/||b|| 1.193173498666e-04
 63 KSP unpreconditioned resid norm 5.627739295153e-21 true resid norm 5.627739295153e-21 ||r(i)||/||b|| 1.158705988427e-04
 64 KSP unpreconditioned resid norm 5.489453398313e-21 true resid norm 5.489453398314e-21 ||r(i)||/||b|| 1.130234041100e-04
 65 KSP unpreconditioned resid norm 5.362784217298e-21 true resid norm 5.362784217300e-21 ||r(i)||/||b|| 1.104153881573e-04
 66 KSP unpreconditioned resid norm 5.242710478444e-21 true resid norm 5.242710478445e-21 ||r(i)||/||b|| 1.079431670226e-04
 67 KSP unpreconditioned resid norm 5.110811237774e-21 true resid norm 5.110811237774e-21 ||r(i)||/||b|| 1.052274683731e-04
 68 KSP unpreconditioned resid norm 4.962785610212e-21 true resid norm 4.962785610211e-21 ||r(i)||/||b|| 1.021797404649e-04
 69 KSP unpreconditioned resid norm 4.811275487570e-21 true resid norm 4.811275487567e-21 ||r(i)||/||b|| 9.906026962225e-05
 70 KSP unpreconditioned resid norm 4.642351709143e-21 true resid norm 4.642351709140e-21 ||r(i)||/||b|| 9.558226569587e-05
 71 KSP unpreconditioned resid norm 4.463114422605e-21 true resid norm 4.463114422601e-21 ||r(i)||/||b|| 9.189191498185e-05
 72 KSP unpreconditioned resid norm 4.294318673030e-21 true resid norm 4.294318673024e-21 ||r(i)||/||b|| 8.841654706593e-05
 73 KSP unpreconditioned resid norm 4.157298016485e-21 true resid norm 4.157298016478e-21 ||r(i)||/||b|| 8.559540260718e-05
 74 KSP unpreconditioned resid norm 4.007478794439e-21 true resid norm 4.007478794433e-21 ||r(i)||/||b|| 8.251074603977e-05
 75 KSP unpreconditioned resid norm 3.871229861967e-21 true resid norm 3.871229861964e-21 ||r(i)||/||b|| 7.970549075538e-05
 76 KSP unpreconditioned resid norm 3.720643899391e-21 true resid norm 3.720643899392e-21 ||r(i)||/||b|| 7.660504762086e-05
 77 KSP unpreconditioned resid norm 3.572955090218e-21 true resid norm 3.572955090221e-21 ||r(i)||/||b|| 7.356425453085e-05
 78 KSP unpreconditioned resid norm 3.416267861344e-21 true resid norm 3.416267861345e-21 ||r(i)||/||b|| 7.033819125951e-05
 79 KSP unpreconditioned resid norm 3.244553937819e-21 true resid norm 3.244553937817e-21 ||r(i)||/||b|| 6.680274050293e-05
 80 KSP unpreconditioned resid norm 3.039286481545e-21 true resid norm 3.039286481540e-21 ||r(i)||/||b|| 6.257644965428e-05
 81 KSP unpreconditioned resid norm 2.820741117108e-21 true resid norm 2.820741117101e-21 ||r(i)||/||b|| 5.807677741935e-05
 82 KSP unpreconditioned resid norm 2.574143092962e-21 true resid norm 2.574143092953e-21 ||r(i)||/||b|| 5.299952361761e-05
 83 KSP unpreconditioned resid norm 2.345352972664e-21 true resid norm 2.345352972653e-21 ||r(i)||/||b|| 4.828892014825e-05
 84 KSP unpreconditioned resid norm 2.189314970644e-21 true resid norm 2.189314970634e-21 ||r(i)||/||b|| 4.507622393260e-05
 85 KSP unpreconditioned resid norm 2.054624127471e-21 true resid norm 2.054624127463e-21 ||r(i)||/||b|| 4.230304844626e-05
 86 KSP unpreconditioned resid norm 1.941062227519e-21 true resid norm 1.941062227513e-21 ||r(i)||/||b|| 3.996490080602e-05
 87 KSP unpreconditioned resid norm 1.857261767438e-21 true resid norm 1.857261767435e-21 ||r(i)||/||b|| 3.823951713358e-05
 88 KSP unpreconditioned resid norm 1.798372976344e-21 true resid norm 1.798372976343e-21 ||r(i)||/||b|| 3.702704457026e-05
 89 KSP unpreconditioned resid norm 1.754608704987e-21 true resid norm 1.754608704989e-21 ||r(i)||/||b|| 3.612597363150e-05
 90 KSP unpreconditioned resid norm 1.724810633044e-21 true resid norm 1.724810633047e-21 ||r(i)||/||b|| 3.551245543900e-05
 91 KSP unpreconditioned resid norm 1.705404525994e-21 true resid norm 1.705404525999e-21 ||r(i)||/||b|| 3.511289939581e-05
 92 KSP unpreconditioned resid norm 1.700331810995e-21 true resid norm 1.700327967294e-21 ||r(i)||/||b|| 3.500837715937e-05
 93 KSP unpreconditioned resid norm 1.686719311052e-21 true resid norm 1.678204315988e-21 ||r(i)||/||b|| 3.455286907860e-05
 94 KSP unpreconditioned resid norm 1.681519160961e-21 true resid norm 1.668670088974e-21 ||r(i)||/||b|| 3.435656705825e-05
 95 KSP unpreconditioned resid norm 1.675142396359e-21 true resid norm 1.653815605234e-21 ||r(i)||/||b|| 3.405072525639e-05
 96 KSP unpreconditioned resid norm 1.672531152296e-21 true resid norm 1.646445747880e-21 ||r(i)||/||b|| 3.389898585622e-05
 97 KSP unpreconditioned resid norm 1.671338827053e-21 true resid norm 1.642964298617e-21 ||r(i)||/||b|| 3.382730563264e-05
 98 KSP unpreconditioned resid norm 1.671135606037e-21 true resid norm 1.642235685493e-21 ||r(i)||/||b|| 3.381230407791e-05
 99 KSP unpreconditioned resid norm 1.671135605015e-21 true resid norm 1.642235347143e-21 ||r(i)||/||b|| 3.381229711156e-05
100 KSP unpreconditioned resid norm 1.642009560559e-21 true resid norm 1.642009560559e-21 ||r(i)||/||b|| 3.380764834847e-05
101 KSP unpreconditioned resid norm 1.631386346633e-21 true resid norm 1.631386346633e-21 ||r(i)||/||b|| 3.358892496868e-05
102 KSP unpreconditioned resid norm 1.614471836318e-21 true resid norm 1.614471836318e-21 ||r(i)||/||b|| 3.324066888634e-05
103 KSP unpreconditioned resid norm 1.593756144722e-21 true resid norm 1.593756144723e-21 ||r(i)||/||b|| 3.281414955687e-05
104 KSP unpreconditioned resid norm 1.554055306154e-21 true resid norm 1.554055306154e-21 ||r(i)||/||b|| 3.199674141156e-05
105 KSP unpreconditioned resid norm 1.515340795580e-21 true resid norm 1.515340795580e-21 ||r(i)||/||b|| 3.119964096167e-05
106 KSP unpreconditioned resid norm 1.469685972431e-21 true resid norm 1.469685972431e-21 ||r(i)||/||b|| 3.025964509104e-05
107 KSP unpreconditioned resid norm 1.414592049190e-21 true resid norm 1.414592049190e-21 ||r(i)||/||b|| 2.912530578645e-05
108 KSP unpreconditioned resid norm 1.349003906448e-21 true resid norm 1.349003906448e-21 ||r(i)||/||b|| 2.777489899291e-05
109 KSP unpreconditioned resid norm 1.302572087115e-21 true resid norm 1.302572087115e-21 ||r(i)||/||b|| 2.681890539950e-05
110 KSP unpreconditioned resid norm 1.269120526256e-21 true resid norm 1.269120526256e-21 ||r(i)||/||b|| 2.613016482613e-05
111 KSP unpreconditioned resid norm 1.239010334861e-21 true resid norm 1.239010334861e-21 ||r(i)||/||b|| 2.551022034661e-05
112 KSP unpreconditioned resid norm 1.216176523096e-21 true resid norm 1.216176523096e-21 ||r(i)||/||b|| 2.504009063655e-05
113 KSP unpreconditioned resid norm 1.191641365915e-21 true resid norm 1.191641365915e-21 ||r(i)||/||b|| 2.453493160090e-05
114 KSP unpreconditioned resid norm 1.172284364667e-21 true resid norm 1.172284364667e-21 ||r(i)||/||b|| 2.413638660641e-05
115 KSP unpreconditioned resid norm 1.156608074728e-21 true resid norm 1.156608074728e-21 ||r(i)||/||b|| 2.381362447980e-05
116 KSP unpreconditioned resid norm 1.141437125608e-21 true resid norm 1.141437125608e-21 ||r(i)||/||b|| 2.350126691182e-05
117 KSP unpreconditioned resid norm 1.128106752100e-21 true resid norm 1.128106752101e-21 ||r(i)||/||b|| 2.322680530652e-05
118 KSP unpreconditioned resid norm 1.113206780411e-21 true resid norm 1.113206780411e-21 ||r(i)||/||b|| 2.292002694458e-05
119 KSP unpreconditioned resid norm 1.098469449012e-21 true resid norm 1.098469449012e-21 ||r(i)||/||b|| 2.261659721463e-05
120 KSP unpreconditioned resid norm 1.080284300129e-21 true resid norm 1.080284300129e-21 ||r(i)||/||b|| 2.224217971222e-05
121 KSP unpreconditioned resid norm 1.063045019443e-21 true resid norm 1.063045019443e-21 ||r(i)||/||b|| 2.188723687071e-05
122 KSP unpreconditioned resid norm 1.046535412861e-21 true resid norm 1.046535412861e-21 ||r(i)||/||b|| 2.154731742864e-05
123 KSP unpreconditioned resid norm 1.030441995883e-21 true resid norm 1.030441995883e-21 ||r(i)||/||b|| 2.121596699380e-05
124 KSP unpreconditioned resid norm 1.012386453016e-21 true resid norm 1.012386453016e-21 ||r(i)||/||b|| 2.084421797440e-05
125 KSP unpreconditioned resid norm 9.949916806943e-22 true resid norm 9.949916806943e-22 ||r(i)||/||b|| 2.048607368590e-05
126 KSP unpreconditioned resid norm 9.736957752562e-22 true resid norm 9.736957752562e-22 ||r(i)||/||b|| 2.004760822284e-05
127 KSP unpreconditioned resid norm 9.453096138482e-22 true resid norm 9.453096138481e-22 ||r(i)||/||b|| 1.946316012589e-05
128 KSP unpreconditioned resid norm 9.144272173035e-22 true resid norm 9.144272173035e-22 ||r(i)||/||b|| 1.882731656711e-05
129 KSP unpreconditioned resid norm 8.845471565935e-22 true resid norm 8.845471565935e-22 ||r(i)||/||b|| 1.821211029220e-05
130 KSP unpreconditioned resid norm 8.608130454868e-22 true resid norm 8.608130454867e-22 ||r(i)||/||b|| 1.772344414711e-05
131 KSP unpreconditioned resid norm 8.398615891133e-22 true resid norm 8.398615891132e-22 ||r(i)||/||b|| 1.729207061161e-05
132 KSP unpreconditioned resid norm 8.184315387997e-22 true resid norm 8.184315387997e-22 ||r(i)||/||b|| 1.685084321410e-05
133 KSP unpreconditioned resid norm 7.976742091998e-22 true resid norm 7.976742091998e-22 ||r(i)||/||b|| 1.642346659181e-05
134 KSP unpreconditioned resid norm 7.773175190401e-22 true resid norm 7.773175190401e-22 ||r(i)||/||b|| 1.600433881144e-05
135 KSP unpreconditioned resid norm 7.550437838157e-22 true resid norm 7.550437838157e-22 ||r(i)||/||b|| 1.554574062422e-05
136 KSP unpreconditioned resid norm 7.275645510034e-22 true resid norm 7.275645510034e-22 ||r(i)||/||b|| 1.497996545328e-05
137 KSP unpreconditioned resid norm 6.949608509125e-22 true resid norm 6.949608509125e-22 ||r(i)||/||b|| 1.430868164714e-05
138 KSP unpreconditioned resid norm 6.562044180269e-22 true resid norm 6.562044180270e-22 ||r(i)||/||b|| 1.351071805076e-05
139 KSP unpreconditioned resid norm 6.172170302949e-22 true resid norm 6.172170302949e-22 ||r(i)||/||b|| 1.270799928095e-05
140 KSP unpreconditioned resid norm 5.789672041813e-22 true resid norm 5.789672041812e-22 ||r(i)||/||b|| 1.192046630812e-05
141 KSP unpreconditioned resid norm 5.469568582178e-22 true resid norm 5.469568582178e-22 ||r(i)||/||b|| 1.126139918340e-05
142 KSP unpreconditioned resid norm 5.219440433178e-22 true resid norm 5.219440433178e-22 ||r(i)||/||b|| 1.074640556177e-05
143 KSP unpreconditioned resid norm 4.987414825031e-22 true resid norm 4.987414825031e-22 ||r(i)||/||b|| 1.026868360713e-05
144 KSP unpreconditioned resid norm 4.755305548227e-22 true resid norm 4.755305548227e-22 ||r(i)||/||b|| 9.790789385492e-06
145 KSP unpreconditioned resid norm 4.476713369395e-22 true resid norm 4.476713369395e-22 ||r(i)||/||b|| 9.217190629381e-06
146 KSP unpreconditioned resid norm 4.201399864985e-22 true resid norm 4.201399864987e-22 ||r(i)||/||b|| 8.650342398641e-06
147 KSP unpreconditioned resid norm 3.949150478528e-22 true resid norm 3.949150478527e-22 ||r(i)||/||b|| 8.130981320705e-06
148 KSP unpreconditioned resid norm 3.724117778696e-22 true resid norm 3.724117778697e-22 ||r(i)||/||b|| 7.667657198513e-06
149 KSP unpreconditioned resid norm 3.544099396913e-22 true resid norm 3.544099396913e-22 ||r(i)||/||b|| 7.297013915198e-06
150 KSP unpreconditioned resid norm 3.407645176357e-22 true resid norm 3.407645176357e-22 ||r(i)||/||b|| 7.016065715197e-06
151 KSP unpreconditioned resid norm 3.295112434277e-22 true resid norm 3.295112434278e-22 ||r(i)||/||b|| 6.784369903962e-06
152 KSP unpreconditioned resid norm 3.190726128790e-22 true resid norm 3.190726128790e-22 ||r(i)||/||b|| 6.569446946563e-06
153 KSP unpreconditioned resid norm 3.080364040706e-22 true resid norm 3.080364040708e-22 ||r(i)||/||b|| 6.342220336286e-06
154 KSP unpreconditioned resid norm 2.980456721756e-22 true resid norm 2.980456721758e-22 ||r(i)||/||b|| 6.136519249785e-06
155 KSP unpreconditioned resid norm 2.888773361441e-22 true resid norm 2.888773361442e-22 ||r(i)||/||b|| 5.947750628737e-06
156 KSP unpreconditioned resid norm 2.809373402106e-22 true resid norm 2.809373402107e-22 ||r(i)||/||b|| 5.784272536492e-06
157 KSP unpreconditioned resid norm 2.748110517668e-22 true resid norm 2.748110517669e-22 ||r(i)||/||b|| 5.658137214040e-06
158 KSP unpreconditioned resid norm 2.686322840217e-22 true resid norm 2.686322840219e-22 ||r(i)||/||b|| 5.530921385238e-06
159 KSP unpreconditioned resid norm 2.622793540408e-22 true resid norm 2.622793540409e-22 ||r(i)||/||b|| 5.400119696904e-06
160 KSP unpreconditioned resid norm 2.551686961170e-22 true resid norm 2.551686961170e-22 ||r(i)||/||b|| 5.253717003283e-06
161 KSP unpreconditioned resid norm 2.472662845316e-22 true resid norm 2.472662845317e-22 ||r(i)||/||b|| 5.091012742359e-06
162 KSP unpreconditioned resid norm 2.387633673459e-22 true resid norm 2.387633673461e-22 ||r(i)||/||b|| 4.915944556976e-06
163 KSP unpreconditioned resid norm 2.305317812378e-22 true resid norm 2.305317812380e-22 ||r(i)||/||b|| 4.746462858953e-06
164 KSP unpreconditioned resid norm 2.233527431519e-22 true resid norm 2.233527431521e-22 ||r(i)||/||b|| 4.598652273121e-06
165 KSP unpreconditioned resid norm 2.182824975918e-22 true resid norm 2.182824975918e-22 ||r(i)||/||b|| 4.494260019227e-06
166 KSP unpreconditioned resid norm 2.148090503556e-22 true resid norm 2.148090503558e-22 ||r(i)||/||b|| 4.422744550907e-06
167 KSP unpreconditioned resid norm 2.114251437146e-22 true resid norm 2.114251437147e-22 ||r(i)||/||b|| 4.353072650989e-06
168 KSP unpreconditioned resid norm 2.081987992523e-22 true resid norm 2.081987992524e-22 ||r(i)||/||b|| 4.286644828855e-06
169 KSP unpreconditioned resid norm 2.043240502809e-22 true resid norm 2.043240502811e-22 ||r(i)||/||b|| 4.206866882485e-06
170 KSP unpreconditioned resid norm 2.001914621436e-22 true resid norm 2.001914621437e-22 ||r(i)||/||b|| 4.121780236296e-06
171 KSP unpreconditioned resid norm 1.959536742379e-22 true resid norm 1.959536742379e-22 ||r(i)||/||b|| 4.034527611990e-06
172 KSP unpreconditioned resid norm 1.919629375480e-22 true resid norm 1.919629375481e-22 ||r(i)||/||b|| 3.952361572339e-06
173 KSP unpreconditioned resid norm 1.877526360868e-22 true resid norm 1.877526360869e-22 ||r(i)||/||b|| 3.865674871688e-06
174 KSP unpreconditioned resid norm 1.828786368611e-22 true resid norm 1.828786368611e-22 ||r(i)||/||b|| 3.765323171044e-06
175 KSP unpreconditioned resid norm 1.773465635378e-22 true resid norm 1.773465635379e-22 ||r(i)||/||b|| 3.651422257163e-06
176 KSP unpreconditioned resid norm 1.710161275905e-22 true resid norm 1.710161275907e-22 ||r(i)||/||b|| 3.521083702787e-06
177 KSP unpreconditioned resid norm 1.649948675970e-22 true resid norm 1.649948675973e-22 ||r(i)||/||b|| 3.397110831153e-06
178 KSP unpreconditioned resid norm 1.592368572849e-22 true resid norm 1.592368572853e-22 ||r(i)||/||b|| 3.278558057472e-06
179 KSP unpreconditioned resid norm 1.543511196778e-22 true resid norm 1.543511196781e-22 ||r(i)||/||b|| 3.177964673051e-06
180 KSP unpreconditioned resid norm 1.496150539680e-22 true resid norm 1.496150539684e-22 ||r(i)||/||b|| 3.080452911905e-06
181 KSP unpreconditioned resid norm 1.458316611787e-22 true resid norm 1.458316611790e-22 ||r(i)||/||b|| 3.002555915408e-06
182 KSP unpreconditioned resid norm 1.423388917357e-22 true resid norm 1.423388917359e-22 ||r(i)||/||b|| 2.930642618475e-06
183 KSP unpreconditioned resid norm 1.392015729384e-22 true resid norm 1.392015729384e-22 ||r(i)||/||b|| 2.866047762751e-06
184 KSP unpreconditioned resid norm 1.366285498688e-22 true resid norm 1.366285498688e-22 ||r(i)||/||b|| 2.813071299507e-06
185 KSP unpreconditioned resid norm 1.338870453629e-22 true resid norm 1.338870453628e-22 ||r(i)||/||b|| 2.756625939803e-06
186 KSP unpreconditioned resid norm 1.314495568001e-22 true resid norm 1.314495568000e-22 ||r(i)||/||b|| 2.706440022399e-06
187 KSP unpreconditioned resid norm 1.286361378530e-22 true resid norm 1.286361378529e-22 ||r(i)||/||b|| 2.648514002534e-06
188 KSP unpreconditioned resid norm 1.256062438629e-22 true resid norm 1.256062438628e-22 ||r(i)||/||b|| 2.586130936680e-06
189 KSP unpreconditioned resid norm 1.220949403246e-22 true resid norm 1.220949403245e-22 ||r(i)||/||b|| 2.513836037722e-06
190 KSP unpreconditioned resid norm 1.184155841651e-22 true resid norm 1.184155841650e-22 ||r(i)||/||b|| 2.438081071262e-06
191 KSP unpreconditioned resid norm 1.155451188168e-22 true resid norm 1.169784493465e-22 ||r(i)||/||b|| 2.408491628093e-06
192 KSP unpreconditioned resid norm 1.155137555442e-22 true resid norm 1.165792750733e-22 ||r(i)||/||b|| 2.400272952769e-06
193 KSP unpreconditioned resid norm 1.152694378133e-22 true resid norm 1.176650525830e-22 ||r(i)||/||b|| 2.422628233221e-06
194 KSP unpreconditioned resid norm 1.152673835796e-22 true resid norm 1.176348851305e-22 ||r(i)||/||b|| 2.422007109783e-06
195 KSP unpreconditioned resid norm 1.150643688881e-22 true resid norm 1.192728262822e-22 ||r(i)||/||b|| 2.455730992883e-06
196 KSP unpreconditioned resid norm 1.149688097272e-22 true resid norm 1.198085867631e-22 ||r(i)||/||b|| 2.466761867718e-06
197 KSP unpreconditioned resid norm 1.146745427478e-22 true resid norm 1.221499585098e-22 ||r(i)||/||b|| 2.514968817645e-06
198 KSP unpreconditioned resid norm 1.146670207113e-22 true resid norm 1.222562385506e-22 ||r(i)||/||b|| 2.517157037696e-06
199 KSP unpreconditioned resid norm 1.144829996762e-22 true resid norm 1.243661798222e-22 ||r(i)||/||b|| 2.560599021385e-06
200 KSP unpreconditioned resid norm 1.243872971236e-22 true resid norm 1.243872971236e-22 ||r(i)||/||b|| 2.561033809535e-06
201 KSP unpreconditioned resid norm 1.223350095673e-22 true resid norm 1.223350095671e-22 ||r(i)||/||b|| 2.518778869195e-06
202 KSP unpreconditioned resid norm 1.205100541727e-22 true resid norm 1.205100541727e-22 ||r(i)||/||b|| 2.481204514144e-06
203 KSP unpreconditioned resid norm 1.188681751954e-22 true resid norm 1.188681751953e-22 ||r(i)||/||b|| 2.447399554396e-06
204 KSP unpreconditioned resid norm 1.170656184152e-22 true resid norm 1.170656184152e-22 ||r(i)||/||b|| 2.410286368691e-06
205 KSP unpreconditioned resid norm 1.153347667818e-22 true resid norm 1.153347667817e-22 ||r(i)||/||b|| 2.374649533942e-06
206 KSP unpreconditioned resid norm 1.134316398523e-22 true resid norm 1.134316398523e-22 ||r(i)||/||b|| 2.335465690231e-06
207 KSP unpreconditioned resid norm 1.117174257982e-22 true resid norm 1.117174257983e-22 ||r(i)||/||b|| 2.300171409782e-06
208 KSP unpreconditioned resid norm 1.096145454198e-22 true resid norm 1.096145454197e-22 ||r(i)||/||b|| 2.256874804168e-06
209 KSP unpreconditioned resid norm 1.075599531254e-22 true resid norm 1.075599531254e-22 ||r(i)||/||b|| 2.214572411140e-06
210 KSP unpreconditioned resid norm 1.053538889105e-22 true resid norm 1.053538889105e-22 ||r(i)||/||b|| 2.169151333819e-06
211 KSP unpreconditioned resid norm 1.030009672571e-22 true resid norm 1.030009672571e-22 ||r(i)||/||b|| 2.120706580658e-06
212 KSP unpreconditioned resid norm 1.007432420569e-22 true resid norm 1.007432420569e-22 ||r(i)||/||b|| 2.074221845446e-06
213 KSP unpreconditioned resid norm 9.820238753466e-23 true resid norm 9.820238753465e-23 ||r(i)||/||b|| 2.021907706567e-06
214 KSP unpreconditioned resid norm 9.565477234864e-23 true resid norm 9.565477234871e-23 ||r(i)||/||b|| 1.969454371092e-06
215 KSP unpreconditioned resid norm 9.270463725531e-23 true resid norm 9.270463725532e-23 ||r(i)||/||b|| 1.908713476390e-06
216 KSP unpreconditioned resid norm 8.985676901329e-23 true resid norm 8.985676901337e-23 ||r(i)||/||b|| 1.850078173418e-06
217 KSP unpreconditioned resid norm 8.719801839114e-23 true resid norm 8.719801839113e-23 ||r(i)||/||b|| 1.795336649226e-06
218 KSP unpreconditioned resid norm 8.498834681697e-23 true resid norm 8.498834681707e-23 ||r(i)||/||b|| 1.749841299299e-06
219 KSP unpreconditioned resid norm 8.324102836003e-23 true resid norm 8.324102836010e-23 ||r(i)||/||b|| 1.713865425975e-06
220 KSP unpreconditioned resid norm 8.156064957049e-23 true resid norm 8.156064957042e-23 ||r(i)||/||b|| 1.679267786243e-06
221 KSP unpreconditioned resid norm 8.023492105757e-23 true resid norm 8.023492105750e-23 ||r(i)||/||b|| 1.651972108771e-06
222 KSP unpreconditioned resid norm 7.910577255607e-23 true resid norm 7.910577255613e-23 ||r(i)||/||b|| 1.628723854690e-06
223 KSP unpreconditioned resid norm 7.814851258050e-23 true resid norm 7.814851258048e-23 ||r(i)||/||b|| 1.609014646283e-06
224 KSP unpreconditioned resid norm 7.716816524922e-23 true resid norm 7.716816524927e-23 ||r(i)||/||b|| 1.588830087905e-06
225 KSP unpreconditioned resid norm 7.609477472430e-23 true resid norm 7.609477472448e-23 ||r(i)||/||b|| 1.566729845449e-06
226 KSP unpreconditioned resid norm 7.473126414444e-23 true resid norm 7.473126414452e-23 ||r(i)||/||b|| 1.538656265786e-06
227 KSP unpreconditioned resid norm 7.329467445643e-23 true resid norm 7.329467445633e-23 ||r(i)||/||b|| 1.509078046410e-06
228 KSP unpreconditioned resid norm 7.155764244225e-23 true resid norm 7.155764244229e-23 ||r(i)||/||b|| 1.473313962625e-06
229 KSP unpreconditioned resid norm 6.985742148187e-23 true resid norm 6.985742148187e-23 ||r(i)||/||b|| 1.438307788650e-06
230 KSP unpreconditioned resid norm 6.810665566963e-23 true resid norm 6.810665566971e-23 ||r(i)||/||b|| 1.402260937073e-06
231 KSP unpreconditioned resid norm 6.648499248587e-23 true resid norm 6.648499248585e-23 ||r(i)||/||b|| 1.368872204159e-06
232 KSP unpreconditioned resid norm 6.497843557709e-23 true resid norm 6.497843557709e-23 ||r(i)||/||b|| 1.337853416320e-06
233 KSP unpreconditioned resid norm 6.371569827465e-23 true resid norm 6.371569827462e-23 ||r(i)||/||b|| 1.311854676907e-06
234 KSP unpreconditioned resid norm 6.240359576191e-23 true resid norm 6.240359576176e-23 ||r(i)||/||b|| 1.284839547752e-06
235 KSP unpreconditioned resid norm 6.096327089151e-23 true resid norm 6.096327089143e-23 ||r(i)||/||b|| 1.255184423998e-06
236 KSP unpreconditioned resid norm 5.974091440191e-23 true resid norm 5.974091440190e-23 ||r(i)||/||b|| 1.230017092853e-06
237 KSP unpreconditioned resid norm 5.848545370629e-23 true resid norm 5.848545370631e-23 ||r(i)||/||b|| 1.204168172888e-06
238 KSP unpreconditioned resid norm 5.734061212948e-23 true resid norm 5.734061212944e-23 ||r(i)||/||b|| 1.180596811080e-06
239 KSP unpreconditioned resid norm 5.611034420404e-23 true resid norm 5.611034420393e-23 ||r(i)||/||b|| 1.155266589868e-06
240 KSP unpreconditioned resid norm 5.506956917154e-23 true resid norm 5.506956917144e-23 ||r(i)||/||b|| 1.133837874011e-06
241 KSP unpreconditioned resid norm 5.402370147900e-23 true resid norm 5.402370147897e-23 ||r(i)||/||b|| 1.112304304405e-06
242 KSP unpreconditioned resid norm 5.263578110894e-23 true resid norm 5.263578110891e-23 ||r(i)||/||b|| 1.083728146912e-06
243 KSP unpreconditioned resid norm 5.110727526137e-23 true resid norm 5.110727526138e-23 ||r(i)||/||b|| 1.052257448183e-06
244 KSP unpreconditioned resid norm 4.932296859986e-23 true resid norm 4.932296859988e-23 ||r(i)||/||b|| 1.015520017654e-06
245 KSP unpreconditioned resid norm 4.745448951859e-23 true resid norm 4.745448951854e-23 ||r(i)||/||b|| 9.770495451031e-07
246 KSP unpreconditioned resid norm 4.544438890482e-23 true resid norm 4.544438890480e-23 ||r(i)||/||b|| 9.356631997815e-07
247 KSP unpreconditioned resid norm 4.344010855306e-23 true resid norm 4.344010855304e-23 ||r(i)||/||b|| 8.943966889454e-07
248 KSP unpreconditioned resid norm 4.104705521356e-23 true resid norm 4.104705521357e-23 ||r(i)||/||b|| 8.451256568374e-07
249 KSP unpreconditioned resid norm 3.865415304253e-23 true resid norm 3.865415304250e-23 ||r(i)||/||b|| 7.958577371643e-07
250 KSP unpreconditioned resid norm 3.594241730063e-23 true resid norm 3.594241730069e-23 ||r(i)||/||b|| 7.400252922291e-07
251 KSP unpreconditioned resid norm 3.327945046177e-23 true resid norm 3.327945046173e-23 ||r(i)||/||b|| 6.851969595460e-07
252 KSP unpreconditioned resid norm 3.036455103470e-23 true resid norm 3.036455103470e-23 ||r(i)||/||b|| 6.251815387060e-07
253 KSP unpreconditioned resid norm 2.767498871244e-23 true resid norm 2.767498871247e-23 ||r(i)||/||b|| 5.698056265401e-07
254 KSP unpreconditioned resid norm 2.549855419323e-23 true resid norm 2.549855419323e-23 ||r(i)||/||b|| 5.249946006805e-07
255 KSP unpreconditioned resid norm 2.355262917502e-23 true resid norm 2.355262917505e-23 ||r(i)||/||b|| 4.849295789490e-07
256 KSP unpreconditioned resid norm 2.191325441373e-23 true resid norm 2.191325441373e-23 ||r(i)||/||b|| 4.511761789851e-07
257 KSP unpreconditioned resid norm 2.054570026134e-23 true resid norm 2.054570026130e-23 ||r(i)||/||b|| 4.230193454358e-07
258 KSP unpreconditioned resid norm 1.939363290264e-23 true resid norm 1.939363290268e-23 ||r(i)||/||b|| 3.992992106269e-07
259 KSP unpreconditioned resid norm 1.846645249636e-23 true resid norm 1.846645249638e-23 ||r(i)||/||b|| 3.802093162168e-07
260 KSP unpreconditioned resid norm 1.755906957193e-23 true resid norm 1.755906957193e-23 ||r(i)||/||b|| 3.615270359401e-07
261 KSP unpreconditioned resid norm 1.665270014089e-23 true resid norm 1.665270014087e-23 ||r(i)||/||b|| 3.428656226725e-07
262 KSP unpreconditioned resid norm 1.587373316786e-23 true resid norm 1.587373316782e-23 ||r(i)||/||b|| 3.268273229373e-07
263 KSP unpreconditioned resid norm 1.532650331061e-23 true resid norm 1.532650331056e-23 ||r(i)||/||b|| 3.155603029247e-07
264 KSP unpreconditioned resid norm 1.478994856116e-23 true resid norm 1.478994856112e-23 ||r(i)||/||b|| 3.045130747448e-07
265 KSP unpreconditioned resid norm 1.433966322747e-23 true resid norm 1.433966322747e-23 ||r(i)||/||b|| 2.952420640382e-07
266 KSP unpreconditioned resid norm 1.393714195715e-23 true resid norm 1.393714195716e-23 ||r(i)||/||b|| 2.869544767510e-07
267 KSP unpreconditioned resid norm 1.356549213534e-23 true resid norm 1.356549213537e-23 ||r(i)||/||b|| 2.793025076117e-07
268 KSP unpreconditioned resid norm 1.321579818947e-23 true resid norm 1.321579818947e-23 ||r(i)||/||b|| 2.721025921931e-07
269 KSP unpreconditioned resid norm 1.292139580089e-23 true resid norm 1.292139580092e-23 ||r(i)||/||b|| 2.660410852055e-07
270 KSP unpreconditioned resid norm 1.266977128714e-23 true resid norm 1.266977128715e-23 ||r(i)||/||b|| 2.608603400492e-07
271 KSP unpreconditioned resid norm 1.243979020608e-23 true resid norm 1.243979020611e-23 ||r(i)||/||b|| 2.561252156618e-07
272 KSP unpreconditioned resid norm 1.225862625876e-23 true resid norm 1.225862625878e-23 ||r(i)||/||b|| 2.523951965609e-07
273 KSP unpreconditioned resid norm 1.211320708483e-23 true resid norm 1.211320708486e-23 ||r(i)||/||b|| 2.494011334244e-07
274 KSP unpreconditioned resid norm 1.198129659754e-23 true resid norm 1.198129659755e-23 ||r(i)||/||b|| 2.466852032158e-07
275 KSP unpreconditioned resid norm 1.181406874061e-23 true resid norm 1.181406874059e-23 ||r(i)||/||b|| 2.432421169403e-07
276 KSP unpreconditioned resid norm 1.165608916661e-23 true resid norm 1.165608916660e-23 ||r(i)||/||b|| 2.399894453287e-07
277 KSP unpreconditioned resid norm 1.147891055766e-23 true resid norm 1.147891055767e-23 ||r(i)||/||b|| 2.363414811210e-07
278 KSP unpreconditioned resid norm 1.128658385028e-23 true resid norm 1.128658385029e-23 ||r(i)||/||b|| 2.323816298221e-07
279 KSP unpreconditioned resid norm 1.106534660835e-23 true resid norm 1.106534660834e-23 ||r(i)||/||b|| 2.278265340072e-07
280 KSP unpreconditioned resid norm 1.082800229506e-23 true resid norm 1.082800229508e-23 ||r(i)||/||b|| 2.229398066256e-07
281 KSP unpreconditioned resid norm 1.059171866438e-23 true resid norm 1.059171866438e-23 ||r(i)||/||b|| 2.180749178399e-07
282 KSP unpreconditioned resid norm 1.035088158111e-23 true resid norm 1.035088158113e-23 ||r(i)||/||b|| 2.131162771503e-07
283 KSP unpreconditioned resid norm 1.006273513349e-23 true resid norm 1.006273513351e-23 ||r(i)||/||b|| 2.071835749250e-07
284 KSP unpreconditioned resid norm 9.645716286943e-24 true resid norm 9.645716286946e-24 ||r(i)||/||b|| 1.985974942723e-07
285 KSP unpreconditioned resid norm 9.153265188056e-24 true resid norm 9.153265188094e-24 ||r(i)||/||b|| 1.884583245752e-07
286 KSP unpreconditioned resid norm 8.615256867689e-24 true resid norm 8.615256867689e-24 ||r(i)||/||b|| 1.773811685453e-07
287 KSP unpreconditioned resid norm 8.183154890573e-24 true resid norm 8.183154890594e-24 ||r(i)||/||b|| 1.684845384384e-07
288 KSP unpreconditioned resid norm 7.835959168144e-24 true resid norm 7.835959168189e-24 ||r(i)||/||b|| 1.613360594203e-07
289 KSP unpreconditioned resid norm 7.585757799081e-24 true resid norm 7.585757799115e-24 ||r(i)||/||b|| 1.561846156619e-07
290 KSP unpreconditioned resid norm 7.341352352274e-24 true resid norm 7.341352352268e-24 ||r(i)||/||b|| 1.511525052529e-07
291 KSP unpreconditioned resid norm 7.170875111985e-24 true resid norm 7.242162508633e-24 ||r(i)||/||b|| 1.491102666241e-07
292 KSP unpreconditioned resid norm 7.167358175736e-24 true resid norm 7.211888756280e-24 ||r(i)||/||b|| 1.484869545568e-07
293 KSP unpreconditioned resid norm 7.158512124572e-24 true resid norm 7.261391046251e-24 ||r(i)||/||b|| 1.495061666564e-07
294 KSP unpreconditioned resid norm 7.158375580481e-24 true resid norm 7.258078176516e-24 ||r(i)||/||b|| 1.494379573489e-07
295 KSP unpreconditioned resid norm 7.149213962139e-24 true resid norm 7.337308048427e-24 ||r(i)||/||b|| 1.510692363089e-07
296 KSP unpreconditioned resid norm 7.145827417865e-24 true resid norm 7.348231690318e-24 ||r(i)||/||b|| 1.512941452575e-07
297 KSP unpreconditioned resid norm 7.131501009790e-24 true resid norm 7.461810406749e-24 ||r(i)||/||b|| 1.536326391354e-07
298 KSP unpreconditioned resid norm 7.129402006510e-24 true resid norm 7.467369554722e-24 ||r(i)||/||b|| 1.537470974945e-07
299 KSP unpreconditioned resid norm 7.115548303813e-24 true resid norm 7.602531210008e-24 ||r(i)||/||b|| 1.565299666213e-07
300 KSP unpreconditioned resid norm 7.630908377671e-24 true resid norm 7.630908377671e-24 ||r(i)||/||b|| 1.571142295443e-07
301 KSP unpreconditioned resid norm 7.465304586775e-24 true resid norm 7.465304586763e-24 ||r(i)||/||b|| 1.537045814749e-07
302 KSP unpreconditioned resid norm 7.319260393441e-24 true resid norm 7.319260393382e-24 ||r(i)||/||b|| 1.506976496934e-07
303 KSP unpreconditioned resid norm 7.188456429392e-24 true resid norm 7.188456429355e-24 ||r(i)||/||b|| 1.480045019039e-07
304 KSP unpreconditioned resid norm 7.041841584284e-24 true resid norm 7.041841584244e-24 ||r(i)||/||b|| 1.449858208650e-07
305 KSP unpreconditioned resid norm 6.882402382199e-24 true resid norm 6.882402382135e-24 ||r(i)||/||b|| 1.417030966913e-07
306 KSP unpreconditioned resid norm 6.686257129735e-24 true resid norm 6.686257129626e-24 ||r(i)||/||b|| 1.376646246377e-07
307 KSP unpreconditioned resid norm 6.508610374150e-24 true resid norm 6.508610374085e-24 ||r(i)||/||b|| 1.340070216701e-07
308 KSP unpreconditioned resid norm 6.331256680204e-24 true resid norm 6.331256680119e-24 ||r(i)||/||b|| 1.303554526032e-07
309 KSP unpreconditioned resid norm 6.180545452871e-24 true resid norm 6.180545452887e-24 ||r(i)||/||b|| 1.272524303706e-07
310 KSP unpreconditioned resid norm 6.057244872326e-24 true resid norm 6.057244872175e-24 ||r(i)||/||b|| 1.247137711728e-07
311 KSP unpreconditioned resid norm 5.940510841036e-24 true resid norm 5.940510840952e-24 ||r(i)||/||b|| 1.223103119161e-07
312 KSP unpreconditioned resid norm 5.836243664581e-24 true resid norm 5.836243664573e-24 ||r(i)||/||b|| 1.201635351141e-07
313 KSP unpreconditioned resid norm 5.717485930297e-24 true resid norm 5.717485930230e-24 ||r(i)||/||b|| 1.177184094475e-07
314 KSP unpreconditioned resid norm 5.616940082800e-24 true resid norm 5.616940082743e-24 ||r(i)||/||b|| 1.156482517965e-07
315 KSP unpreconditioned resid norm 5.516817670289e-24 true resid norm 5.516817670257e-24 ||r(i)||/||b|| 1.135868123296e-07
316 KSP unpreconditioned resid norm 5.409647605833e-24 true resid norm 5.409647605780e-24 ||r(i)||/||b|| 1.113802674103e-07
317 KSP unpreconditioned resid norm 5.301831705782e-24 true resid norm 5.301831705716e-24 ||r(i)||/||b|| 1.091604252588e-07
318 KSP unpreconditioned resid norm 5.180140218846e-24 true resid norm 5.180140218779e-24 ||r(i)||/||b|| 1.066548959999e-07
319 KSP unpreconditioned resid norm 5.065261515319e-24 true resid norm 5.065261515273e-24 ||r(i)||/||b|| 1.042896364398e-07
320 KSP unpreconditioned resid norm 4.929306296893e-24 true resid norm 4.929306296885e-24 ||r(i)||/||b|| 1.014904284907e-07
321 KSP unpreconditioned resid norm 4.810077829307e-24 true resid norm 4.810077829280e-24 ||r(i)||/||b|| 9.903561080710e-08
322 KSP unpreconditioned resid norm 4.683606534152e-24 true resid norm 4.683606534095e-24 ||r(i)||/||b|| 9.643166916358e-08
323 KSP unpreconditioned resid norm 4.575636145854e-24 true resid norm 4.575636145765e-24 ||r(i)||/||b|| 9.420864622366e-08
324 KSP unpreconditioned resid norm 4.481100243762e-24 true resid norm 4.481100243665e-24 ||r(i)||/||b|| 9.226222848575e-08
325 KSP unpreconditioned resid norm 4.390040334564e-24 true resid norm 4.390040334525e-24 ||r(i)||/||b|| 9.038737863054e-08
326 KSP unpreconditioned resid norm 4.301928357051e-24 true resid norm 4.301928356964e-24 ||r(i)||/||b|| 8.857322430147e-08
327 KSP unpreconditioned resid norm 4.220565416947e-24 true resid norm 4.220565416788e-24 ||r(i)||/||b|| 8.689802719170e-08
328 KSP unpreconditioned resid norm 4.141520308899e-24 true resid norm 4.141520308829e-24 ||r(i)||/||b|| 8.527055237199e-08
329 KSP unpreconditioned resid norm 4.074666782109e-24 true resid norm 4.074666782110e-24 ||r(i)||/||b|| 8.389409234614e-08
330 KSP unpreconditioned resid norm 4.011369201974e-24 true resid norm 4.011369201934e-24 ||r(i)||/||b|| 8.259084638259e-08
331 KSP unpreconditioned resid norm 3.958624066850e-24 true resid norm 3.958624066656e-24 ||r(i)||/||b|| 8.150486672181e-08
332 KSP unpreconditioned resid norm 3.913908316322e-24 true resid norm 3.913908316204e-24 ||r(i)||/||b|| 8.058420559824e-08
333 KSP unpreconditioned resid norm 3.869745602232e-24 true resid norm 3.869745602066e-24 ||r(i)||/||b|| 7.967493104495e-08
334 KSP unpreconditioned resid norm 3.810477543822e-24 true resid norm 3.810477543653e-24 ||r(i)||/||b|| 7.845464967434e-08
335 KSP unpreconditioned resid norm 3.735540540756e-24 true resid norm 3.735540540676e-24 ||r(i)||/||b|| 7.691175741244e-08
336 KSP unpreconditioned resid norm 3.645607146904e-24 true resid norm 3.645607146878e-24 ||r(i)||/||b|| 7.506010159670e-08
337 KSP unpreconditioned resid norm 3.548438610512e-24 true resid norm 3.548438610396e-24 ||r(i)||/||b|| 7.305948004686e-08
338 KSP unpreconditioned resid norm 3.437655751158e-24 true resid norm 3.437655751059e-24 ||r(i)||/||b|| 7.077855060439e-08
339 KSP unpreconditioned resid norm 3.330686783055e-24 true resid norm 3.330686782957e-24 ||r(i)||/||b|| 6.857614609672e-08
340 KSP unpreconditioned resid norm 3.225966354707e-24 true resid norm 3.225966354658e-24 ||r(i)||/||b|| 6.642003720438e-08
341 KSP unpreconditioned resid norm 3.113580503246e-24 true resid norm 3.113580503142e-24 ||r(i)||/||b|| 6.410610344987e-08
342 KSP unpreconditioned resid norm 2.994725481163e-24 true resid norm 2.994725481068e-24 ||r(i)||/||b|| 6.165897470760e-08
343 KSP unpreconditioned resid norm 2.870342663357e-24 true resid norm 2.870342663289e-24 ||r(i)||/||b|| 5.909803312414e-08
344 KSP unpreconditioned resid norm 2.736226204010e-24 true resid norm 2.736226203972e-24 ||r(i)||/||b|| 5.633668373665e-08
345 KSP unpreconditioned resid norm 2.588405495631e-24 true resid norm 2.588405495569e-24 ||r(i)||/||b|| 5.329317494818e-08
346 KSP unpreconditioned resid norm 2.416096245231e-24 true resid norm 2.416096245245e-24 ||r(i)||/||b|| 4.974546689453e-08
347 KSP unpreconditioned resid norm 2.267778277511e-24 true resid norm 2.267778277488e-24 ||r(i)||/||b|| 4.669171993828e-08
348 KSP unpreconditioned resid norm 2.127840245820e-24 true resid norm 2.127840245838e-24 ||r(i)||/||b|| 4.381050908652e-08
349 KSP unpreconditioned resid norm 2.019874586684e-24 true resid norm 2.019874586620e-24 ||r(i)||/||b|| 4.158758351518e-08
350 KSP unpreconditioned resid norm 1.925089240536e-24 true resid norm 1.925089240522e-24 ||r(i)||/||b|| 3.963602992716e-08
351 KSP unpreconditioned resid norm 1.835462532128e-24 true resid norm 1.835462532161e-24 ||r(i)||/||b|| 3.779068851642e-08
352 KSP unpreconditioned resid norm 1.747958678163e-24 true resid norm 1.747958678103e-24 ||r(i)||/||b|| 3.598905495828e-08
353 KSP unpreconditioned resid norm 1.658765408726e-24 true resid norm 1.658765408650e-24 ||r(i)||/||b|| 3.415263770399e-08
354 KSP unpreconditioned resid norm 1.567997021484e-24 true resid norm 1.567997021439e-24 ||r(i)||/||b|| 3.228379004943e-08
355 KSP unpreconditioned resid norm 1.488909158160e-24 true resid norm 1.488909158016e-24 ||r(i)||/||b|| 3.065543492930e-08
356 KSP unpreconditioned resid norm 1.422018893251e-24 true resid norm 1.422018893210e-24 ||r(i)||/||b|| 2.927821849597e-08
357 KSP unpreconditioned resid norm 1.360055183187e-24 true resid norm 1.360055183097e-24 ||r(i)||/||b|| 2.800243583783e-08
358 KSP unpreconditioned resid norm 1.302897441848e-24 true resid norm 1.302897441714e-24 ||r(i)||/||b|| 2.682560418747e-08
359 KSP unpreconditioned resid norm 1.258694160293e-24 true resid norm 1.258694160235e-24 ||r(i)||/||b|| 2.591549438543e-08
360 KSP unpreconditioned resid norm 1.221228055570e-24 true resid norm 1.221228055498e-24 ||r(i)||/||b|| 2.514409760167e-08
361 KSP unpreconditioned resid norm 1.187278399620e-24 true resid norm 1.187278399470e-24 ||r(i)||/||b|| 2.444510165175e-08
362 KSP unpreconditioned resid norm 1.152494487887e-24 true resid norm 1.152494487792e-24 ||r(i)||/||b|| 2.372892905298e-08
363 KSP unpreconditioned resid norm 1.123793119824e-24 true resid norm 1.123793119716e-24 ||r(i)||/||b|| 2.313799110577e-08
364 KSP unpreconditioned resid norm 1.092107480978e-24 true resid norm 1.092107480922e-24 ||r(i)||/||b|| 2.248560943894e-08
365 KSP unpreconditioned resid norm 1.068753556772e-24 true resid norm 1.068753556650e-24 ||r(i)||/||b|| 2.200477103318e-08
366 KSP unpreconditioned resid norm 1.048293170899e-24 true resid norm 1.048293170642e-24 ||r(i)||/||b|| 2.158350823920e-08
367 KSP unpreconditioned resid norm 1.029342374396e-24 true resid norm 1.029342374232e-24 ||r(i)||/||b|| 2.119332667368e-08
368 KSP unpreconditioned resid norm 1.012259674527e-24 true resid norm 1.012259674433e-24 ||r(i)||/||b|| 2.084160770594e-08
369 KSP unpreconditioned resid norm 9.906738701565e-25 true resid norm 9.906738700363e-25 ||r(i)||/||b|| 2.039717345787e-08
  Linear solve converged due to CONVERGED_ATOL iterations 369
Mat Object: 1 MPI process
  type: seqaijcusparse
  rows=281452, cols=281452, bs=4
  total: nonzeros=15993520, allocated nonzeros=15993520
  total number of mallocs used during MatSetValues calls=0
    not using I-node routines
Vec Object: 1 MPI process
  type: seqcuda
  length=281452, bs=4
Vec Object: 1 MPI process
  type: seqcuda
  length=281452, bs=4
KSP Object: 1 MPI process
  type: gmres
    restart=100, using classical (unmodified) Gram-Schmidt orthogonalization with no iterative refinement
    happy breakdown tolerance=1e-30
  maximum iterations=2000, initial guess is zero
  tolerances: relative=1e-10, absolute=1e-24, divergence=10000.
  right preconditioning
  diagonally scaled system
  using UNPRECONDITIONED norm type for convergence test
PC Object: 1 MPI process
  type: asm
    total subdomain blocks = 1, amount of overlap = 2
    restriction/interpolation type - RESTRICT
    Local solver information for first block is in the following KSP and PC objects on rank 0:
    Use -ksp_view ::ascii_info_detail to display information for all blocks
    KSP Object: (sub_) 1 MPI process
      type: preonly
      maximum iterations=10000, initial guess is zero
      tolerances: relative=1e-05, absolute=1e-50, divergence=10000.
      left preconditioning
      not checking for convergence
    PC Object: (sub_) 1 MPI process
      type: ilu
        out-of-place factorization
        2 levels of fill
        tolerance for zero pivot 2.22045e-14
        matrix ordering: natural
        factor fill ratio given 1., needed 4.996
          Factored matrix:
            Mat Object: (sub_) 1 MPI process
              type: seqaijcusparse
              rows=281452, cols=281452, bs=4
              package used to perform factorization: cusparse
              total: nonzeros=79903664, allocated nonzeros=79903664
                using I-node routines: found 70363 nodes, limit used is 5
      linear system matrix, which is also used to construct the preconditioner:
      Mat Object: (sub_) 1 MPI process
        type: seqaijcusparse
        rows=281452, cols=281452, bs=4
        total: nonzeros=15993520, allocated nonzeros=15993520
        total number of mallocs used during MatSetValues calls=0
          not using I-node routines
  linear system matrix, which is also used to construct the preconditioner:
  Mat Object: 1 MPI process
    type: seqaijcusparse
    rows=281452, cols=281452, bs=4
    total: nonzeros=15993520, allocated nonzeros=15993520
    total number of mallocs used during MatSetValues calls=0
      not using I-node routines
 NS     64-1    2.354e+03 [   0  1.000e+00  4.818e-14  2.040e-08] [  369 -177   83]
Vec Object: 1 MPI process
  type: seqcuda
  length=281452, bs=4
Mat Object: 1 MPI process
  type: seqaijcusparse
  rows=281452, cols=281452, bs=4
  total: nonzeros=15993520, allocated nonzeros=15993520
  total number of mallocs used during MatSetValues calls=0
    not using I-node routines
Mat Object: 1 MPI process
  type: seqaijcusparse
  rows=281452, cols=281452, bs=4
  total: nonzeros=15993520, allocated nonzeros=15993520
  total number of mallocs used during MatSetValues calls=0
    not using I-node routines
SV13P_REUSE step=64 equation=0 reuse=1 rebuild_requests=4 solve_requests=8 ksp=0x55729b63aa50 pc=0x55729d0f73e0
  0 KSP unpreconditioned resid norm 3.047953696604e-17 true resid norm 3.047953696604e-17 ||r(i)||/||b|| 1.000000000000e+00
  1 KSP unpreconditioned resid norm 1.771144361016e-18 true resid norm 1.771144361016e-18 ||r(i)||/||b|| 5.810929355617e-02
  2 KSP unpreconditioned resid norm 5.654516459816e-19 true resid norm 5.654516459816e-19 ||r(i)||/||b|| 1.855184501693e-02
  3 KSP unpreconditioned resid norm 2.980440201219e-19 true resid norm 2.980440201219e-19 ||r(i)||/||b|| 9.778495665927e-03
  4 KSP unpreconditioned resid norm 1.906522581212e-19 true resid norm 1.906522581212e-19 ||r(i)||/||b|| 6.255090368781e-03
  5 KSP unpreconditioned resid norm 1.525157677566e-19 true resid norm 1.525157677566e-19 ||r(i)||/||b|| 5.003874170613e-03
  6 KSP unpreconditioned resid norm 1.333801576139e-19 true resid norm 1.333801576139e-19 ||r(i)||/||b|| 4.376055901458e-03
  7 KSP unpreconditioned resid norm 1.168415213602e-19 true resid norm 1.168415213602e-19 ||r(i)||/||b|| 3.833441482078e-03
  8 KSP unpreconditioned resid norm 1.020944587560e-19 true resid norm 1.020944587560e-19 ||r(i)||/||b|| 3.349606618690e-03
  9 KSP unpreconditioned resid norm 8.552081551501e-20 true resid norm 8.552081551501e-20 ||r(i)||/||b|| 2.805843658659e-03
 10 KSP unpreconditioned resid norm 6.522508420661e-20 true resid norm 6.522508420661e-20 ||r(i)||/||b|| 2.139963093248e-03
 11 KSP unpreconditioned resid norm 4.788782112089e-20 true resid norm 4.788782112089e-20 ||r(i)||/||b|| 1.571146608108e-03
 12 KSP unpreconditioned resid norm 3.717630903153e-20 true resid norm 3.717630903153e-20 ||r(i)||/||b|| 1.219713707362e-03
 13 KSP unpreconditioned resid norm 2.982339129954e-20 true resid norm 2.982339129954e-20 ||r(i)||/||b|| 9.784725841724e-04
 14 KSP unpreconditioned resid norm 2.430180826264e-20 true resid norm 2.430180826264e-20 ||r(i)||/||b|| 7.973155330317e-04
 15 KSP unpreconditioned resid norm 1.972570545301e-20 true resid norm 1.972570545301e-20 ||r(i)||/||b|| 6.471786456267e-04
 16 KSP unpreconditioned resid norm 1.630952578509e-20 true resid norm 1.630952578509e-20 ||r(i)||/||b|| 5.350975575272e-04
 17 KSP unpreconditioned resid norm 1.369911458971e-20 true resid norm 1.369911458971e-20 ||r(i)||/||b|| 4.494528445421e-04
 18 KSP unpreconditioned resid norm 1.156456011825e-20 true resid norm 1.156456011825e-20 ||r(i)||/||b|| 3.794204659714e-04
 19 KSP unpreconditioned resid norm 9.940556326070e-21 true resid norm 9.940556326070e-21 ||r(i)||/||b|| 3.261386922362e-04
 20 KSP unpreconditioned resid norm 8.865424189322e-21 true resid norm 8.865424189322e-21 ||r(i)||/||b|| 2.908647923097e-04
 21 KSP unpreconditioned resid norm 8.190414473218e-21 true resid norm 8.190414473218e-21 ||r(i)||/||b|| 2.687184678148e-04
 22 KSP unpreconditioned resid norm 7.739779059001e-21 true resid norm 7.739779059001e-21 ||r(i)||/||b|| 2.539336167615e-04
 23 KSP unpreconditioned resid norm 7.367850524221e-21 true resid norm 7.367850524221e-21 ||r(i)||/||b|| 2.417310516374e-04
 24 KSP unpreconditioned resid norm 7.029290249097e-21 true resid norm 7.029290249097e-21 ||r(i)||/||b|| 2.306232623196e-04
 25 KSP unpreconditioned resid norm 6.634671335630e-21 true resid norm 6.634671335630e-21 ||r(i)||/||b|| 2.176762508900e-04
 26 KSP unpreconditioned resid norm 6.306000169338e-21 true resid norm 6.306000169337e-21 ||r(i)||/||b|| 2.068929123288e-04
 27 KSP unpreconditioned resid norm 5.981877495207e-21 true resid norm 5.981877495207e-21 ||r(i)||/||b|| 1.962588047801e-04
 28 KSP unpreconditioned resid norm 5.708850647194e-21 true resid norm 5.708850647193e-21 ||r(i)||/||b|| 1.873010949462e-04
 29 KSP unpreconditioned resid norm 5.415737760320e-21 true resid norm 5.415737760319e-21 ||r(i)||/||b|| 1.776843843249e-04
 30 KSP unpreconditioned resid norm 5.136181153445e-21 true resid norm 5.136181153444e-21 ||r(i)||/||b|| 1.685124403027e-04
 31 KSP unpreconditioned resid norm 4.875638700635e-21 true resid norm 4.875638700635e-21 ||r(i)||/||b|| 1.599643297097e-04
 32 KSP unpreconditioned resid norm 4.688109961174e-21 true resid norm 4.688109961173e-21 ||r(i)||/||b|| 1.538117185441e-04
 33 KSP unpreconditioned resid norm 4.521748666502e-21 true resid norm 4.521748666501e-21 ||r(i)||/||b|| 1.483535879019e-04
 34 KSP unpreconditioned resid norm 4.321923887444e-21 true resid norm 4.321923887443e-21 ||r(i)||/||b|| 1.417975572352e-04
 35 KSP unpreconditioned resid norm 4.110830819765e-21 true resid norm 4.110830819764e-21 ||r(i)||/||b|| 1.348718264436e-04
 36 KSP unpreconditioned resid norm 3.921546862232e-21 true resid norm 3.921546862231e-21 ||r(i)||/||b|| 1.286616285083e-04
 37 KSP unpreconditioned resid norm 3.779921078528e-21 true resid norm 3.779921078527e-21 ||r(i)||/||b|| 1.240150427068e-04
 38 KSP unpreconditioned resid norm 3.678595560084e-21 true resid norm 3.678595560084e-21 ||r(i)||/||b|| 1.206906641719e-04
 39 KSP unpreconditioned resid norm 3.595171006941e-21 true resid norm 3.595171006940e-21 ||r(i)||/||b|| 1.179535965703e-04
 40 KSP unpreconditioned resid norm 3.511218109239e-21 true resid norm 3.511218109239e-21 ||r(i)||/||b|| 1.151991945662e-04
 41 KSP unpreconditioned resid norm 3.426363965564e-21 true resid norm 3.426363965563e-21 ||r(i)||/||b|| 1.124152236755e-04
 42 KSP unpreconditioned resid norm 3.309821442443e-21 true resid norm 3.309821442442e-21 ||r(i)||/||b|| 1.085915919960e-04
 43 KSP unpreconditioned resid norm 3.192846424394e-21 true resid norm 3.192846424393e-21 ||r(i)||/||b|| 1.047537706347e-04
 44 KSP unpreconditioned resid norm 3.067598811722e-21 true resid norm 3.067598811721e-21 ||r(i)||/||b|| 1.006445345656e-04
 45 KSP unpreconditioned resid norm 2.956491077392e-21 true resid norm 2.956491077391e-21 ||r(i)||/||b|| 9.699921231366e-05
 46 KSP unpreconditioned resid norm 2.869177792053e-21 true resid norm 2.869177792052e-21 ||r(i)||/||b|| 9.413455969651e-05
 47 KSP unpreconditioned resid norm 2.804842768884e-21 true resid norm 2.804842768883e-21 ||r(i)||/||b|| 9.202379852451e-05
 48 KSP unpreconditioned resid norm 2.742523445081e-21 true resid norm 2.742523445080e-21 ||r(i)||/||b|| 8.997917022609e-05
 49 KSP unpreconditioned resid norm 2.678056525002e-21 true resid norm 2.678056525001e-21 ||r(i)||/||b|| 8.786408166189e-05
 50 KSP unpreconditioned resid norm 2.620538666002e-21 true resid norm 2.620538666000e-21 ||r(i)||/||b|| 8.597698412938e-05
 51 KSP unpreconditioned resid norm 2.569405691159e-21 true resid norm 2.569405691157e-21 ||r(i)||/||b|| 8.429936760587e-05
 52 KSP unpreconditioned resid norm 2.519519545814e-21 true resid norm 2.519519545811e-21 ||r(i)||/||b|| 8.266265818338e-05
 53 KSP unpreconditioned resid norm 2.478951333348e-21 true resid norm 2.478951333346e-21 ||r(i)||/||b|| 8.133165986438e-05
 54 KSP unpreconditioned resid norm 2.446069147006e-21 true resid norm 2.446069147004e-21 ||r(i)||/||b|| 8.025283158760e-05
 55 KSP unpreconditioned resid norm 2.419673364276e-21 true resid norm 2.419673364273e-21 ||r(i)||/||b|| 7.938681506118e-05
 56 KSP unpreconditioned resid norm 2.398564994205e-21 true resid norm 2.398564994202e-21 ||r(i)||/||b|| 7.869427271400e-05
 57 KSP unpreconditioned resid norm 2.377781563749e-21 true resid norm 2.377781563746e-21 ||r(i)||/||b|| 7.801239127730e-05
 58 KSP unpreconditioned resid norm 2.357326753211e-21 true resid norm 2.357326753208e-21 ||r(i)||/||b|| 7.734129149779e-05
 59 KSP unpreconditioned resid norm 2.335316819440e-21 true resid norm 2.335316819437e-21 ||r(i)||/||b|| 7.661916983972e-05
 60 KSP unpreconditioned resid norm 2.312869593217e-21 true resid norm 2.312869593214e-21 ||r(i)||/||b|| 7.588270109848e-05
 61 KSP unpreconditioned resid norm 2.285411145351e-21 true resid norm 2.285411145349e-21 ||r(i)||/||b|| 7.498181970071e-05
 62 KSP unpreconditioned resid norm 2.250126507580e-21 true resid norm 2.250126507577e-21 ||r(i)||/||b|| 7.382416964157e-05
 63 KSP unpreconditioned resid norm 2.199111319313e-21 true resid norm 2.199111319310e-21 ||r(i)||/||b|| 7.215041756575e-05
 64 KSP unpreconditioned resid norm 2.141638559001e-21 true resid norm 2.141638558999e-21 ||r(i)||/||b|| 7.026479967151e-05
 65 KSP unpreconditioned resid norm 2.076370247126e-21 true resid norm 2.076370247124e-21 ||r(i)||/||b|| 6.812341832612e-05
 66 KSP unpreconditioned resid norm 2.003503992834e-21 true resid norm 2.003503992832e-21 ||r(i)||/||b|| 6.573275686780e-05
 67 KSP unpreconditioned resid norm 1.924169034499e-21 true resid norm 1.924169034497e-21 ||r(i)||/||b|| 6.312986436246e-05
 68 KSP unpreconditioned resid norm 1.848105287915e-21 true resid norm 1.848105287912e-21 ||r(i)||/||b|| 6.063429670769e-05
 69 KSP unpreconditioned resid norm 1.771365112676e-21 true resid norm 1.771365112673e-21 ||r(i)||/||b|| 5.811653617465e-05
 70 KSP unpreconditioned resid norm 1.685166838579e-21 true resid norm 1.685166838576e-21 ||r(i)||/||b|| 5.528846584691e-05
 71 KSP unpreconditioned resid norm 1.601044112370e-21 true resid norm 1.601044112369e-21 ||r(i)||/||b|| 5.252849195686e-05
 72 KSP unpreconditioned resid norm 1.509435167767e-21 true resid norm 1.509435167768e-21 ||r(i)||/||b|| 4.952290349586e-05
 73 KSP unpreconditioned resid norm 1.426371638537e-21 true resid norm 1.426371638540e-21 ||r(i)||/||b|| 4.679768069080e-05
 74 KSP unpreconditioned resid norm 1.334622021359e-21 true resid norm 1.334622021364e-21 ||r(i)||/||b|| 4.378747691775e-05
 75 KSP unpreconditioned resid norm 1.238184650343e-21 true resid norm 1.238184650350e-21 ||r(i)||/||b|| 4.062347311016e-05
 76 KSP unpreconditioned resid norm 1.147382738292e-21 true resid norm 1.147382738298e-21 ||r(i)||/||b|| 3.764436249726e-05
 77 KSP unpreconditioned resid norm 1.064624845324e-21 true resid norm 1.064624845330e-21 ||r(i)||/||b|| 3.492916728086e-05
 78 KSP unpreconditioned resid norm 9.853586402720e-22 true resid norm 9.853586402786e-22 ||r(i)||/||b|| 3.232853049495e-05
 79 KSP unpreconditioned resid norm 9.219092059548e-22 true resid norm 9.219092059623e-22 ||r(i)||/||b|| 3.024682451671e-05
 80 KSP unpreconditioned resid norm 8.772585797046e-22 true resid norm 8.772585797120e-22 ||r(i)||/||b|| 2.878188670285e-05
 81 KSP unpreconditioned resid norm 8.454715503278e-22 true resid norm 8.454715503341e-22 ||r(i)||/||b|| 2.773898931851e-05
 82 KSP unpreconditioned resid norm 8.183054737510e-22 true resid norm 8.183054737540e-22 ||r(i)||/||b|| 2.684770030023e-05
 83 KSP unpreconditioned resid norm 7.921930299045e-22 true resid norm 7.921930299036e-22 ||r(i)||/||b|| 2.599097981004e-05
 84 KSP unpreconditioned resid norm 7.647767657445e-22 true resid norm 7.647767657397e-22 ||r(i)||/||b|| 2.509148241300e-05
 85 KSP unpreconditioned resid norm 7.390218861799e-22 true resid norm 7.390218861740e-22 ||r(i)||/||b|| 2.424649321272e-05
 86 KSP unpreconditioned resid norm 7.105260240426e-22 true resid norm 7.105260240393e-22 ||r(i)||/||b|| 2.331157539667e-05
 87 KSP unpreconditioned resid norm 6.862276989565e-22 true resid norm 6.862276989574e-22 ||r(i)||/||b|| 2.251437414296e-05
 88 KSP unpreconditioned resid norm 6.609413319617e-22 true resid norm 6.609413319679e-22 ||r(i)||/||b|| 2.168475632370e-05
 89 KSP unpreconditioned resid norm 6.363752094065e-22 true resid norm 6.363752094184e-22 ||r(i)||/||b|| 2.087876893036e-05
 90 KSP unpreconditioned resid norm 6.138290909182e-22 true resid norm 6.138290909334e-22 ||r(i)||/||b|| 2.013905564305e-05
 91 KSP unpreconditioned resid norm 5.948704134193e-22 true resid norm 5.948704134354e-22 ||r(i)||/||b|| 1.951704233887e-05
 92 KSP unpreconditioned resid norm 5.906611718920e-22 true resid norm 5.906600289884e-22 ||r(i)||/||b|| 1.937890426769e-05
 93 KSP unpreconditioned resid norm 5.807898615107e-22 true resid norm 5.752047678113e-22 ||r(i)||/||b|| 1.887183419001e-05
 94 KSP unpreconditioned resid norm 5.786797686105e-22 true resid norm 5.716085305161e-22 ||r(i)||/||b|| 1.875384560970e-05
 95 KSP unpreconditioned resid norm 5.766722737478e-22 true resid norm 5.659798831383e-22 ||r(i)||/||b|| 1.856917589558e-05
 96 KSP unpreconditioned resid norm 5.765967352031e-22 true resid norm 5.654191504849e-22 ||r(i)||/||b|| 1.855077887551e-05
 97 KSP unpreconditioned resid norm 5.765965078717e-22 true resid norm 5.654138877828e-22 ||r(i)||/||b|| 1.855060621206e-05
 98 KSP unpreconditioned resid norm 5.765952163571e-22 true resid norm 5.654191483456e-22 ||r(i)||/||b|| 1.855077880532e-05
 99 KSP unpreconditioned resid norm 5.765358894625e-22 true resid norm 5.651464927707e-22 ||r(i)||/||b|| 1.854183327655e-05
100 KSP unpreconditioned resid norm 5.651050439604e-22 true resid norm 5.651050439604e-22 ||r(i)||/||b|| 1.854047338679e-05
101 KSP unpreconditioned resid norm 5.586307439241e-22 true resid norm 5.586307439240e-22 ||r(i)||/||b|| 1.832805874139e-05
102 KSP unpreconditioned resid norm 5.494747736050e-22 true resid norm 5.494747736050e-22 ||r(i)||/||b|| 1.802766145094e-05
103 KSP unpreconditioned resid norm 5.374976250833e-22 true resid norm 5.374976250833e-22 ||r(i)||/||b|| 1.763470441438e-05
104 KSP unpreconditioned resid norm 5.217500894214e-22 true resid norm 5.217500894213e-22 ||r(i)||/||b|| 1.711804513312e-05
105 KSP unpreconditioned resid norm 5.104049535748e-22 true resid norm 5.104049535747e-22 ||r(i)||/||b|| 1.674582373556e-05
106 KSP unpreconditioned resid norm 5.006584595292e-22 true resid norm 5.006584595292e-22 ||r(i)||/||b|| 1.642605201277e-05
107 KSP unpreconditioned resid norm 4.924270649437e-22 true resid norm 4.924270649437e-22 ||r(i)||/||b|| 1.615598903265e-05
108 KSP unpreconditioned resid norm 4.834186534669e-22 true resid norm 4.834186534669e-22 ||r(i)||/||b|| 1.586043298511e-05
109 KSP unpreconditioned resid norm 4.741753510460e-22 true resid norm 4.741753510461e-22 ||r(i)||/||b|| 1.555717042468e-05
110 KSP unpreconditioned resid norm 4.660414024511e-22 true resid norm 4.660414024511e-22 ||r(i)||/||b|| 1.529030454007e-05
111 KSP unpreconditioned resid norm 4.573011944294e-22 true resid norm 4.573011944294e-22 ||r(i)||/||b|| 1.500354795215e-05
112 KSP unpreconditioned resid norm 4.498996988431e-22 true resid norm 4.498996988430e-22 ||r(i)||/||b|| 1.476071304313e-05
113 KSP unpreconditioned resid norm 4.411508705708e-22 true resid norm 4.411508705708e-22 ||r(i)||/||b|| 1.447367363429e-05
114 KSP unpreconditioned resid norm 4.309188176308e-22 true resid norm 4.309188176308e-22 ||r(i)||/||b|| 1.413797125957e-05
115 KSP unpreconditioned resid norm 4.190592422088e-22 true resid norm 4.190592422088e-22 ||r(i)||/||b|| 1.374887166677e-05
116 KSP unpreconditioned resid norm 4.040601380449e-22 true resid norm 4.040601380448e-22 ||r(i)||/||b|| 1.325676759772e-05
117 KSP unpreconditioned resid norm 3.901045538631e-22 true resid norm 3.901045538630e-22 ||r(i)||/||b|| 1.279890026865e-05
118 KSP unpreconditioned resid norm 3.752742523713e-22 true resid norm 3.752742523713e-22 ||r(i)||/||b|| 1.231233442914e-05
119 KSP unpreconditioned resid norm 3.639554730343e-22 true resid norm 3.639554730343e-22 ||r(i)||/||b|| 1.194097775960e-05
120 KSP unpreconditioned resid norm 3.535327977671e-22 true resid norm 3.535327977671e-22 ||r(i)||/||b|| 1.159902127651e-05
121 KSP unpreconditioned resid norm 3.454399671778e-22 true resid norm 3.454399671778e-22 ||r(i)||/||b|| 1.133350442832e-05
122 KSP unpreconditioned resid norm 3.376865342816e-22 true resid norm 3.376865342815e-22 ||r(i)||/||b|| 1.107912284421e-05
123 KSP unpreconditioned resid norm 3.299860051869e-22 true resid norm 3.299860051869e-22 ||r(i)||/||b|| 1.082647697551e-05
124 KSP unpreconditioned resid norm 3.237660446020e-22 true resid norm 3.237660446020e-22 ||r(i)||/||b|| 1.062240692707e-05
125 KSP unpreconditioned resid norm 3.172217106619e-22 true resid norm 3.172217106619e-22 ||r(i)||/||b|| 1.040769454652e-05
126 KSP unpreconditioned resid norm 3.116392998399e-22 true resid norm 3.116392998400e-22 ||r(i)||/||b|| 1.022454180282e-05
127 KSP unpreconditioned resid norm 3.060281652392e-22 true resid norm 3.060281652392e-22 ||r(i)||/||b|| 1.004044666361e-05
128 KSP unpreconditioned resid norm 3.005353406128e-22 true resid norm 3.005353406128e-22 ||r(i)||/||b|| 9.860233144213e-06
129 KSP unpreconditioned resid norm 2.951697101546e-22 true resid norm 2.951697101545e-22 ||r(i)||/||b|| 9.684192725218e-06
130 KSP unpreconditioned resid norm 2.903027777326e-22 true resid norm 2.903027777325e-22 ||r(i)||/||b|| 9.524514038909e-06
131 KSP unpreconditioned resid norm 2.857151535779e-22 true resid norm 2.857151535779e-22 ||r(i)||/||b|| 9.373999148880e-06
132 KSP unpreconditioned resid norm 2.816150930470e-22 true resid norm 2.816150930470e-22 ||r(i)||/||b|| 9.239480683739e-06
133 KSP unpreconditioned resid norm 2.777942262505e-22 true resid norm 2.777942262504e-22 ||r(i)||/||b|| 9.114122257171e-06
134 KSP unpreconditioned resid norm 2.732245852352e-22 true resid norm 2.732245852352e-22 ||r(i)||/||b|| 8.964197374113e-06
135 KSP unpreconditioned resid norm 2.684332905084e-22 true resid norm 2.684332905083e-22 ||r(i)||/||b|| 8.807000277184e-06
136 KSP unpreconditioned resid norm 2.623986177927e-22 true resid norm 2.623986177927e-22 ||r(i)||/||b|| 8.609009319436e-06
137 KSP unpreconditioned resid norm 2.552302017797e-22 true resid norm 2.552302017797e-22 ||r(i)||/||b|| 8.373821494207e-06
138 KSP unpreconditioned resid norm 2.475233053680e-22 true resid norm 2.475233053680e-22 ||r(i)||/||b|| 8.120966720846e-06
139 KSP unpreconditioned resid norm 2.376870729761e-22 true resid norm 2.376870729760e-22 ||r(i)||/||b|| 7.798250781857e-06
140 KSP unpreconditioned resid norm 2.273194021985e-22 true resid norm 2.273194021985e-22 ||r(i)||/||b|| 7.458098935421e-06
141 KSP unpreconditioned resid norm 2.168652009526e-22 true resid norm 2.168652009526e-22 ||r(i)||/||b|| 7.115108119726e-06
142 KSP unpreconditioned resid norm 2.053224547081e-22 true resid norm 2.053224547081e-22 ||r(i)||/||b|| 6.736403342900e-06
143 KSP unpreconditioned resid norm 1.929323788244e-22 true resid norm 1.929323788244e-22 ||r(i)||/||b|| 6.329898614908e-06
144 KSP unpreconditioned resid norm 1.798703664672e-22 true resid norm 1.798703664671e-22 ||r(i)||/||b|| 5.901348392121e-06
145 KSP unpreconditioned resid norm 1.681525345060e-22 true resid norm 1.681525345060e-22 ||r(i)||/||b|| 5.516899245987e-06
146 KSP unpreconditioned resid norm 1.565783315172e-22 true resid norm 1.565783315172e-22 ||r(i)||/||b|| 5.137162408067e-06
147 KSP unpreconditioned resid norm 1.446458893997e-22 true resid norm 1.446458893997e-22 ||r(i)||/||b|| 4.745672139341e-06
148 KSP unpreconditioned resid norm 1.323177234083e-22 true resid norm 1.323177234083e-22 ||r(i)||/||b|| 4.341198606649e-06
149 KSP unpreconditioned resid norm 1.234511565553e-22 true resid norm 1.234511565553e-22 ||r(i)||/||b|| 4.050296324804e-06
150 KSP unpreconditioned resid norm 1.158976820311e-22 true resid norm 1.158976820311e-22 ||r(i)||/||b|| 3.802475154403e-06
151 KSP unpreconditioned resid norm 1.099862387829e-22 true resid norm 1.099862387828e-22 ||r(i)||/||b|| 3.608527219602e-06
152 KSP unpreconditioned resid norm 1.043281402999e-22 true resid norm 1.043281402999e-22 ||r(i)||/||b|| 3.422891247203e-06
153 KSP unpreconditioned resid norm 9.926971790642e-23 true resid norm 9.926971790637e-23 ||r(i)||/||b|| 3.256929986075e-06
154 KSP unpreconditioned resid norm 9.523813992315e-23 true resid norm 9.523813992314e-23 ||r(i)||/||b|| 3.124658357811e-06
155 KSP unpreconditioned resid norm 9.208926173427e-23 true resid norm 9.208926173425e-23 ||r(i)||/||b|| 3.021347136502e-06
156 KSP unpreconditioned resid norm 8.994353280452e-23 true resid norm 8.994353280451e-23 ||r(i)||/||b|| 2.950948136277e-06
157 KSP unpreconditioned resid norm 8.806128691558e-23 true resid norm 8.806128691556e-23 ||r(i)||/||b|| 2.889193724094e-06
158 KSP unpreconditioned resid norm 8.633748082220e-23 true resid norm 8.633748082217e-23 ||r(i)||/||b|| 2.832637546901e-06
159 KSP unpreconditioned resid norm 8.458355166499e-23 true resid norm 8.458355166500e-23 ||r(i)||/||b|| 2.775093065201e-06
160 KSP unpreconditioned resid norm 8.259427121597e-23 true resid norm 8.259427121592e-23 ||r(i)||/||b|| 2.709826967121e-06
161 KSP unpreconditioned resid norm 8.049890315445e-23 true resid norm 8.049890315444e-23 ||r(i)||/||b|| 2.641080251453e-06
162 KSP unpreconditioned resid norm 7.841878044876e-23 true resid norm 7.841878044872e-23 ||r(i)||/||b|| 2.572833719098e-06
163 KSP unpreconditioned resid norm 7.619493941794e-23 true resid norm 7.619493941789e-23 ||r(i)||/||b|| 2.499871946965e-06
164 KSP unpreconditioned resid norm 7.442693272292e-23 true resid norm 7.442693272292e-23 ||r(i)||/||b|| 2.441865596772e-06
165 KSP unpreconditioned resid norm 7.282603194917e-23 true resid norm 7.282603194914e-23 ||r(i)||/||b|| 2.389341807596e-06
166 KSP unpreconditioned resid norm 7.145543266273e-23 true resid norm 7.145543266268e-23 ||r(i)||/||b|| 2.344373956281e-06
167 KSP unpreconditioned resid norm 7.030130644163e-23 true resid norm 7.030130644161e-23 ||r(i)||/||b|| 2.306508347549e-06
168 KSP unpreconditioned resid norm 6.948549987611e-23 true resid norm 6.948549987612e-23 ||r(i)||/||b|| 2.279742633674e-06
169 KSP unpreconditioned resid norm 6.867993969681e-23 true resid norm 6.867993969680e-23 ||r(i)||/||b|| 2.253313092431e-06
170 KSP unpreconditioned resid norm 6.777172250994e-23 true resid norm 6.777172250991e-23 ||r(i)||/||b|| 2.223515487962e-06
171 KSP unpreconditioned resid norm 6.679801035271e-23 true resid norm 6.679801035269e-23 ||r(i)||/||b|| 2.191569065735e-06
172 KSP unpreconditioned resid norm 6.574209518469e-23 true resid norm 6.574209518468e-23 ||r(i)||/||b|| 2.156925653363e-06
173 KSP unpreconditioned resid norm 6.447439508336e-23 true resid norm 6.447439508334e-23 ||r(i)||/||b|| 2.115333810851e-06
174 KSP unpreconditioned resid norm 6.312241464457e-23 true resid norm 6.312241464461e-23 ||r(i)||/||b|| 2.070976823399e-06
175 KSP unpreconditioned resid norm 6.133198361574e-23 true resid norm 6.133198361575e-23 ||r(i)||/||b|| 2.012234755538e-06
176 KSP unpreconditioned resid norm 5.899588171732e-23 true resid norm 5.899588171734e-23 ||r(i)||/||b|| 1.935589828122e-06
177 KSP unpreconditioned resid norm 5.681355008917e-23 true resid norm 5.681355008920e-23 ||r(i)||/||b|| 1.863989933722e-06
178 KSP unpreconditioned resid norm 5.507088518219e-23 true resid norm 5.507088518224e-23 ||r(i)||/||b|| 1.806815019651e-06
179 KSP unpreconditioned resid norm 5.370585674676e-23 true resid norm 5.370585674681e-23 ||r(i)||/||b|| 1.762029941815e-06
180 KSP unpreconditioned resid norm 5.250964494310e-23 true resid norm 5.250964494311e-23 ||r(i)||/||b|| 1.722783551522e-06
181 KSP unpreconditioned resid norm 5.150741443245e-23 true resid norm 5.150741443248e-23 ||r(i)||/||b|| 1.689901473565e-06
182 KSP unpreconditioned resid norm 5.061511642158e-23 true resid norm 5.061511642162e-23 ||r(i)||/||b|| 1.660626159709e-06
183 KSP unpreconditioned resid norm 4.983383937459e-23 true resid norm 4.983383937463e-23 ||r(i)||/||b|| 1.634993321262e-06
184 KSP unpreconditioned resid norm 4.913333276062e-23 true resid norm 4.913333276064e-23 ||r(i)||/||b|| 1.612010471661e-06
185 KSP unpreconditioned resid norm 4.841048830010e-23 true resid norm 4.841048830013e-23 ||r(i)||/||b|| 1.588294741947e-06
186 KSP unpreconditioned resid norm 4.759981077591e-23 true resid norm 4.759981077598e-23 ||r(i)||/||b|| 1.561697306262e-06
187 KSP unpreconditioned resid norm 4.671114189829e-23 true resid norm 4.671114189832e-23 ||r(i)||/||b|| 1.532541060265e-06
188 KSP unpreconditioned resid norm 4.555690737149e-23 true resid norm 4.555690737157e-23 ||r(i)||/||b|| 1.494671898144e-06
189 KSP unpreconditioned resid norm 4.422308951625e-23 true resid norm 4.422308951632e-23 ||r(i)||/||b|| 1.450910805029e-06
190 KSP unpreconditioned resid norm 4.262533988306e-23 true resid norm 4.262533988315e-23 ||r(i)||/||b|| 1.398490401302e-06
191 KSP unpreconditioned resid norm 4.035502101261e-23 true resid norm 4.035502101271e-23 ||r(i)||/||b|| 1.324003742500e-06
192 KSP unpreconditioned resid norm 3.985601488451e-23 true resid norm 3.948110252055e-23 ||r(i)||/||b|| 1.295331440387e-06
193 KSP unpreconditioned resid norm 3.963273807832e-23 true resid norm 3.897406107921e-23 ||r(i)||/||b|| 1.278695969779e-06
194 KSP unpreconditioned resid norm 3.958984168056e-23 true resid norm 3.892024854063e-23 ||r(i)||/||b|| 1.276930439724e-06
195 KSP unpreconditioned resid norm 3.956980813647e-23 true resid norm 3.887186782327e-23 ||r(i)||/||b|| 1.275343121734e-06
196 KSP unpreconditioned resid norm 3.946214065711e-23 true resid norm 3.875232767102e-23 ||r(i)||/||b|| 1.271421141148e-06
197 KSP unpreconditioned resid norm 3.944493645919e-23 true resid norm 3.876122340973e-23 ||r(i)||/||b|| 1.271713000526e-06
198 KSP unpreconditioned resid norm 3.939080470649e-23 true resid norm 3.887899255498e-23 ||r(i)||/||b|| 1.275576876325e-06
199 KSP unpreconditioned resid norm 3.938965873060e-23 true resid norm 3.888807924179e-23 ||r(i)||/||b|| 1.275875000500e-06
200 KSP unpreconditioned resid norm 3.911167125924e-23 true resid norm 3.911167125924e-23 ||r(i)||/||b|| 1.283210808052e-06
201 KSP unpreconditioned resid norm 3.749734723016e-23 true resid norm 3.749734723015e-23 ||r(i)||/||b|| 1.230246616670e-06
202 KSP unpreconditioned resid norm 3.632632393094e-23 true resid norm 3.632632393089e-23 ||r(i)||/||b|| 1.191826633435e-06
203 KSP unpreconditioned resid norm 3.541322116216e-23 true resid norm 3.541322116215e-23 ||r(i)||/||b|| 1.161868738413e-06
204 KSP unpreconditioned resid norm 3.458926472314e-23 true resid norm 3.458926472310e-23 ||r(i)||/||b|| 1.134835636173e-06
205 KSP unpreconditioned resid norm 3.401025550541e-23 true resid norm 3.401025550538e-23 ||r(i)||/||b|| 1.115838982176e-06
206 KSP unpreconditioned resid norm 3.357709299980e-23 true resid norm 3.357709299979e-23 ||r(i)||/||b|| 1.101627397989e-06
207 KSP unpreconditioned resid norm 3.315927171599e-23 true resid norm 3.315927171596e-23 ||r(i)||/||b|| 1.087919142371e-06
208 KSP unpreconditioned resid norm 3.267102278431e-23 true resid norm 3.267102278429e-23 ||r(i)||/||b|| 1.071900233284e-06
209 KSP unpreconditioned resid norm 3.212744231721e-23 true resid norm 3.212744231716e-23 ||r(i)||/||b|| 1.054065957529e-06
210 KSP unpreconditioned resid norm 3.161764902649e-23 true resid norm 3.161764902644e-23 ||r(i)||/||b|| 1.037340201778e-06
211 KSP unpreconditioned resid norm 3.098347316521e-23 true resid norm 3.098347316520e-23 ||r(i)||/||b|| 1.016533591036e-06
212 KSP unpreconditioned resid norm 3.030325650423e-23 true resid norm 3.030325650426e-23 ||r(i)||/||b|| 9.942164324223e-07
213 KSP unpreconditioned resid norm 2.966616150070e-23 true resid norm 2.966616150069e-23 ||r(i)||/||b|| 9.733140478397e-07
214 KSP unpreconditioned resid norm 2.888121719929e-23 true resid norm 2.888121719932e-23 ||r(i)||/||b|| 9.475608908200e-07
215 KSP unpreconditioned resid norm 2.817535505610e-23 true resid norm 2.817535505609e-23 ||r(i)||/||b|| 9.244023322102e-07
216 KSP unpreconditioned resid norm 2.730988525341e-23 true resid norm 2.730988525343e-23 ||r(i)||/||b|| 8.960072222834e-07
217 KSP unpreconditioned resid norm 2.644946331294e-23 true resid norm 2.644946331294e-23 ||r(i)||/||b|| 8.677777271488e-07
218 KSP unpreconditioned resid norm 2.562045681581e-23 true resid norm 2.562045681583e-23 ||r(i)||/||b|| 8.405789380717e-07
219 KSP unpreconditioned resid norm 2.482912632397e-23 true resid norm 2.482912632395e-23 ||r(i)||/||b|| 8.146162571830e-07
220 KSP unpreconditioned resid norm 2.417425479024e-23 true resid norm 2.417425479021e-23 ||r(i)||/||b|| 7.931306442466e-07
221 KSP unpreconditioned resid norm 2.368729170582e-23 true resid norm 2.368729170585e-23 ||r(i)||/||b|| 7.771539223920e-07
222 KSP unpreconditioned resid norm 2.329228951853e-23 true resid norm 2.329228951852e-23 ||r(i)||/||b|| 7.641943361695e-07
223 KSP unpreconditioned resid norm 2.304203069278e-23 true resid norm 2.304203069279e-23 ||r(i)||/||b|| 7.559836200419e-07
224 KSP unpreconditioned resid norm 2.274229577322e-23 true resid norm 2.274229577320e-23 ||r(i)||/||b|| 7.461496478290e-07
225 KSP unpreconditioned resid norm 2.245818459936e-23 true resid norm 2.245818459938e-23 ||r(i)||/||b|| 7.368282734872e-07
226 KSP unpreconditioned resid norm 2.209000693112e-23 true resid norm 2.209000693109e-23 ||r(i)||/||b|| 7.247487701571e-07
227 KSP unpreconditioned resid norm 2.173755025692e-23 true resid norm 2.173755025690e-23 ||r(i)||/||b|| 7.131850553085e-07
228 KSP unpreconditioned resid norm 2.140912106163e-23 true resid norm 2.140912106162e-23 ||r(i)||/||b|| 7.024096555493e-07
229 KSP unpreconditioned resid norm 2.101059832366e-23 true resid norm 2.101059832367e-23 ||r(i)||/||b|| 6.893345639430e-07
230 KSP unpreconditioned resid norm 2.056472339156e-23 true resid norm 2.056472339153e-23 ||r(i)||/||b|| 6.747058990577e-07
231 KSP unpreconditioned resid norm 2.007859707603e-23 true resid norm 2.007859707603e-23 ||r(i)||/||b|| 6.587566306667e-07
232 KSP unpreconditioned resid norm 1.961533222504e-23 true resid norm 1.961533222502e-23 ||r(i)||/||b|| 6.435574217179e-07
233 KSP unpreconditioned resid norm 1.915635659340e-23 true resid norm 1.915635659337e-23 ||r(i)||/||b|| 6.284989373269e-07
234 KSP unpreconditioned resid norm 1.874519115788e-23 true resid norm 1.874519115784e-23 ||r(i)||/||b|| 6.150090527533e-07
235 KSP unpreconditioned resid norm 1.836601545377e-23 true resid norm 1.836601545373e-23 ||r(i)||/||b|| 6.025687159945e-07
236 KSP unpreconditioned resid norm 1.795811605430e-23 true resid norm 1.795811605428e-23 ||r(i)||/||b|| 5.891859864632e-07
237 KSP unpreconditioned resid norm 1.750932272279e-23 true resid norm 1.750932272282e-23 ||r(i)||/||b|| 5.744615721139e-07
238 KSP unpreconditioned resid norm 1.703745246350e-23 true resid norm 1.703745246351e-23 ||r(i)||/||b|| 5.589800292075e-07
239 KSP unpreconditioned resid norm 1.648661605265e-23 true resid norm 1.648661605261e-23 ||r(i)||/||b|| 5.409076939385e-07
240 KSP unpreconditioned resid norm 1.590786884899e-23 true resid norm 1.590786884899e-23 ||r(i)||/||b|| 5.219196363354e-07
241 KSP unpreconditioned resid norm 1.532224219560e-23 true resid norm 1.532224219561e-23 ||r(i)||/||b|| 5.027058715715e-07
242 KSP unpreconditioned resid norm 1.473903053456e-23 true resid norm 1.473903053453e-23 ||r(i)||/||b|| 4.835713400420e-07
243 KSP unpreconditioned resid norm 1.417672812549e-23 true resid norm 1.417672812547e-23 ||r(i)||/||b|| 4.651228180162e-07
244 KSP unpreconditioned resid norm 1.346193097949e-23 true resid norm 1.346193097942e-23 ||r(i)||/||b|| 4.416711118156e-07
245 KSP unpreconditioned resid norm 1.256576299071e-23 true resid norm 1.256576299069e-23 ||r(i)||/||b|| 4.122688282533e-07
246 KSP unpreconditioned resid norm 1.161935664989e-23 true resid norm 1.161935664990e-23 ||r(i)||/||b|| 3.812182797542e-07
247 KSP unpreconditioned resid norm 1.085335751052e-23 true resid norm 1.085335751049e-23 ||r(i)||/||b|| 3.560866926091e-07
248 KSP unpreconditioned resid norm 1.017921576126e-23 true resid norm 1.017921576125e-23 ||r(i)||/||b|| 3.339688451499e-07
249 KSP unpreconditioned resid norm 9.442351820134e-24 true resid norm 9.442351820122e-24 ||r(i)||/||b|| 3.097931517347e-07
250 KSP unpreconditioned resid norm 8.701329729614e-24 true resid norm 8.701329729573e-24 ||r(i)||/||b|| 2.854810340219e-07
251 KSP unpreconditioned resid norm 8.029030976133e-24 true resid norm 8.029030976138e-24 ||r(i)||/||b|| 2.634236532230e-07
252 KSP unpreconditioned resid norm 7.505044447096e-24 true resid norm 7.505044447083e-24 ||r(i)||/||b|| 2.462322329714e-07
253 KSP unpreconditioned resid norm 7.071483604736e-24 true resid norm 7.071483604743e-24 ||r(i)||/||b|| 2.320075797944e-07
254 KSP unpreconditioned resid norm 6.729019844082e-24 true resid norm 6.729019844066e-24 ||r(i)||/||b|| 2.207717214197e-07
255 KSP unpreconditioned resid norm 6.471239094648e-24 true resid norm 6.471239094594e-24 ||r(i)||/||b|| 2.123142192680e-07
256 KSP unpreconditioned resid norm 6.289898241119e-24 true resid norm 6.289898241096e-24 ||r(i)||/||b|| 2.063646258178e-07
257 KSP unpreconditioned resid norm 6.140352086681e-24 true resid norm 6.140352086659e-24 ||r(i)||/||b|| 2.014581813858e-07
258 KSP unpreconditioned resid norm 6.014313707999e-24 true resid norm 6.014313707936e-24 ||r(i)||/||b|| 1.973230011544e-07
259 KSP unpreconditioned resid norm 5.904477492865e-24 true resid norm 5.904477492854e-24 ||r(i)||/||b|| 1.937193960470e-07
260 KSP unpreconditioned resid norm 5.803704904076e-24 true resid norm 5.803704904096e-24 ||r(i)||/||b|| 1.904131585254e-07
261 KSP unpreconditioned resid norm 5.719023298299e-24 true resid norm 5.719023298278e-24 ||r(i)||/||b|| 1.876348484116e-07
262 KSP unpreconditioned resid norm 5.616657624581e-24 true resid norm 5.616657624538e-24 ||r(i)||/||b|| 1.842763435283e-07
263 KSP unpreconditioned resid norm 5.492947707336e-24 true resid norm 5.492947707264e-24 ||r(i)||/||b|| 1.802175575497e-07
264 KSP unpreconditioned resid norm 5.356368852926e-24 true resid norm 5.356368852889e-24 ||r(i)||/||b|| 1.757365559345e-07
265 KSP unpreconditioned resid norm 5.211907382220e-24 true resid norm 5.211907382196e-24 ||r(i)||/||b|| 1.709969343696e-07
266 KSP unpreconditioned resid norm 5.057757871841e-24 true resid norm 5.057757871843e-24 ||r(i)||/||b|| 1.659394589058e-07
267 KSP unpreconditioned resid norm 4.913701585733e-24 true resid norm 4.913701585692e-24 ||r(i)||/||b|| 1.612131309989e-07
268 KSP unpreconditioned resid norm 4.772177431882e-24 true resid norm 4.772177431829e-24 ||r(i)||/||b|| 1.565698795604e-07
269 KSP unpreconditioned resid norm 4.640744555647e-24 true resid norm 4.640744555623e-24 ||r(i)||/||b|| 1.522577118148e-07
270 KSP unpreconditioned resid norm 4.532429270134e-24 true resid norm 4.532429270093e-24 ||r(i)||/||b|| 1.487040067289e-07
271 KSP unpreconditioned resid norm 4.422216612316e-24 true resid norm 4.422216612260e-24 ||r(i)||/||b|| 1.450880509500e-07
272 KSP unpreconditioned resid norm 4.294904574818e-24 true resid norm 4.294904574777e-24 ||r(i)||/||b|| 1.409110833791e-07
273 KSP unpreconditioned resid norm 4.158977637036e-24 true resid norm 4.158977636964e-24 ||r(i)||/||b|| 1.364514704275e-07
274 KSP unpreconditioned resid norm 4.020306115694e-24 true resid norm 4.020306115702e-24 ||r(i)||/||b|| 1.319018107192e-07
275 KSP unpreconditioned resid norm 3.885748404923e-24 true resid norm 3.885748404847e-24 ||r(i)||/||b|| 1.274871205943e-07
276 KSP unpreconditioned resid norm 3.761509101814e-24 true resid norm 3.761509101783e-24 ||r(i)||/||b|| 1.234109660516e-07
277 KSP unpreconditioned resid norm 3.676415315554e-24 true resid norm 3.676415315491e-24 ||r(i)||/||b|| 1.206191327508e-07
278 KSP unpreconditioned resid norm 3.607573298533e-24 true resid norm 3.607573298480e-24 ||r(i)||/||b|| 1.183605020804e-07
279 KSP unpreconditioned resid norm 3.553312349695e-24 true resid norm 3.553312349599e-24 ||r(i)||/||b|| 1.165802601778e-07
280 KSP unpreconditioned resid norm 3.500670249720e-24 true resid norm 3.500670249706e-24 ||r(i)||/||b|| 1.148531309254e-07
281 KSP unpreconditioned resid norm 3.442621622736e-24 true resid norm 3.442621622685e-24 ||r(i)||/||b|| 1.129486194794e-07
282 KSP unpreconditioned resid norm 3.370266085889e-24 true resid norm 3.370266085858e-24 ||r(i)||/||b|| 1.105747140980e-07
283 KSP unpreconditioned resid norm 3.293753328575e-24 true resid norm 3.293753328506e-24 ||r(i)||/||b|| 1.080644148950e-07
284 KSP unpreconditioned resid norm 3.210144411806e-24 true resid norm 3.210144411792e-24 ||r(i)||/||b|| 1.053212985279e-07
285 KSP unpreconditioned resid norm 3.129824963567e-24 true resid norm 3.129824963518e-24 ||r(i)||/||b|| 1.026861059932e-07
286 KSP unpreconditioned resid norm 3.041384917408e-24 true resid norm 3.041384917375e-24 ||r(i)||/||b|| 9.978448559646e-08
287 KSP unpreconditioned resid norm 2.944957569259e-24 true resid norm 2.944957569214e-24 ||r(i)||/||b|| 9.662081062765e-08
288 KSP unpreconditioned resid norm 2.846184245632e-24 true resid norm 2.846184245573e-24 ||r(i)||/||b|| 9.338016679007e-08
289 KSP unpreconditioned resid norm 2.745071540168e-24 true resid norm 2.745071540123e-24 ||r(i)||/||b|| 9.006277041484e-08
290 KSP unpreconditioned resid norm 2.661926608932e-24 true resid norm 2.661926608827e-24 ||r(i)||/||b|| 8.733487689767e-08
291 KSP unpreconditioned resid norm 2.582347459747e-24 true resid norm 2.582347459668e-24 ||r(i)||/||b|| 8.472397276064e-08
292 KSP unpreconditioned resid norm 2.575740459593e-24 true resid norm 2.565401040639e-24 ||r(i)||/||b|| 8.416797943807e-08
293 KSP unpreconditioned resid norm 2.574387571118e-24 true resid norm 2.562064504296e-24 ||r(i)||/||b|| 8.405851135964e-08
294 KSP unpreconditioned resid norm 2.568951835081e-24 true resid norm 2.559343099636e-24 ||r(i)||/||b|| 8.396922507347e-08
295 KSP unpreconditioned resid norm 2.568380540186e-24 true resid norm 2.558679097685e-24 ||r(i)||/||b|| 8.394743990159e-08
296 KSP unpreconditioned resid norm 2.565018034647e-24 true resid norm 2.563378799857e-24 ||r(i)||/||b|| 8.410163194779e-08
297 KSP unpreconditioned resid norm 2.563753379565e-24 true resid norm 2.561992997696e-24 ||r(i)||/||b|| 8.405616530694e-08
298 KSP unpreconditioned resid norm 2.562708112429e-24 true resid norm 2.568477369260e-24 ||r(i)||/||b|| 8.426891038804e-08
299 KSP unpreconditioned resid norm 2.560096694508e-24 true resid norm 2.569320397132e-24 ||r(i)||/||b|| 8.429656920296e-08
300 KSP unpreconditioned resid norm 2.575033204118e-24 true resid norm 2.575033204118e-24 ||r(i)||/||b|| 8.448400010103e-08
301 KSP unpreconditioned resid norm 2.527057742611e-24 true resid norm 2.527057742620e-24 ||r(i)||/||b|| 8.290997810877e-08
302 KSP unpreconditioned resid norm 2.488879749473e-24 true resid norm 2.488879749472e-24 ||r(i)||/||b|| 8.165740025005e-08
303 KSP unpreconditioned resid norm 2.452404330138e-24 true resid norm 2.452404330163e-24 ||r(i)||/||b|| 8.046068196167e-08
304 KSP unpreconditioned resid norm 2.417033552652e-24 true resid norm 2.417033552623e-24 ||r(i)||/||b|| 7.930020575168e-08
305 KSP unpreconditioned resid norm 2.383958467462e-24 true resid norm 2.383958467402e-24 ||r(i)||/||b|| 7.821504867539e-08
306 KSP unpreconditioned resid norm 2.340823704181e-24 true resid norm 2.340823704224e-24 ||r(i)||/||b|| 7.679984465750e-08
307 KSP unpreconditioned resid norm 2.297949733311e-24 true resid norm 2.297949733316e-24 ||r(i)||/||b|| 7.539319694640e-08
308 KSP unpreconditioned resid norm 2.242022806049e-24 true resid norm 2.242022806046e-24 ||r(i)||/||b|| 7.355829612976e-08
309 KSP unpreconditioned resid norm 2.182802721326e-24 true resid norm 2.182802721355e-24 ||r(i)||/||b|| 7.161535044930e-08
310 KSP unpreconditioned resid norm 2.122801636335e-24 true resid norm 2.122801636318e-24 ||r(i)||/||b|| 6.964678100863e-08
311 KSP unpreconditioned resid norm 2.064628418504e-24 true resid norm 2.064628418573e-24 ||r(i)||/||b|| 6.773818187834e-08
312 KSP unpreconditioned resid norm 2.025259348236e-24 true resid norm 2.025259348217e-24 ||r(i)||/||b|| 6.644652608975e-08
313 KSP unpreconditioned resid norm 1.987830170638e-24 true resid norm 1.987830170643e-24 ||r(i)||/||b|| 6.521851604432e-08
314 KSP unpreconditioned resid norm 1.954339276794e-24 true resid norm 1.954339276839e-24 ||r(i)||/||b|| 6.411971674690e-08
315 KSP unpreconditioned resid norm 1.919988439589e-24 true resid norm 1.919988439605e-24 ||r(i)||/||b|| 6.299270365376e-08
316 KSP unpreconditioned resid norm 1.883714020207e-24 true resid norm 1.883714020169e-24 ||r(i)||/||b|| 6.180257994957e-08
317 KSP unpreconditioned resid norm 1.841531414134e-24 true resid norm 1.841531414121e-24 ||r(i)||/||b|| 6.041861515720e-08
318 KSP unpreconditioned resid norm 1.790878642068e-24 true resid norm 1.790878642057e-24 ||r(i)||/||b|| 5.875675355738e-08
319 KSP unpreconditioned resid norm 1.737155326049e-24 true resid norm 1.737155326062e-24 ||r(i)||/||b|| 5.699415079688e-08
320 KSP unpreconditioned resid norm 1.678605089225e-24 true resid norm 1.678605089215e-24 ||r(i)||/||b|| 5.507318208558e-08
321 KSP unpreconditioned resid norm 1.629176187067e-24 true resid norm 1.629176187119e-24 ||r(i)||/||b|| 5.345147430993e-08
322 KSP unpreconditioned resid norm 1.577442845504e-24 true resid norm 1.577442845532e-24 ||r(i)||/||b|| 5.175416041556e-08
323 KSP unpreconditioned resid norm 1.526484541996e-24 true resid norm 1.526484542012e-24 ||r(i)||/||b|| 5.008227466557e-08
324 KSP unpreconditioned resid norm 1.481432170796e-24 true resid norm 1.481432170824e-24 ||r(i)||/||b|| 4.860415604329e-08
325 KSP unpreconditioned resid norm 1.441198437729e-24 true resid norm 1.441198437759e-24 ||r(i)||/||b|| 4.728413162461e-08
326 KSP unpreconditioned resid norm 1.407380697481e-24 true resid norm 1.407380697506e-24 ||r(i)||/||b|| 4.617460885558e-08
327 KSP unpreconditioned resid norm 1.379441891081e-24 true resid norm 1.379441891085e-24 ||r(i)||/||b|| 4.525796742326e-08
328 KSP unpreconditioned resid norm 1.355491139940e-24 true resid norm 1.355491139966e-24 ||r(i)||/||b|| 4.447216968801e-08
329 KSP unpreconditioned resid norm 1.335932818010e-24 true resid norm 1.335932818053e-24 ||r(i)||/||b|| 4.383048271179e-08
330 KSP unpreconditioned resid norm 1.317119353306e-24 true resid norm 1.317119353349e-24 ||r(i)||/||b|| 4.321323367924e-08
331 KSP unpreconditioned resid norm 1.302471799119e-24 true resid norm 1.302471799100e-24 ||r(i)||/||b|| 4.273266357527e-08
332 KSP unpreconditioned resid norm 1.284675352654e-24 true resid norm 1.284675352721e-24 ||r(i)||/||b|| 4.214878179261e-08
333 KSP unpreconditioned resid norm 1.264042204472e-24 true resid norm 1.264042204457e-24 ||r(i)||/||b|| 4.147183094891e-08
334 KSP unpreconditioned resid norm 1.239639829611e-24 true resid norm 1.239639829600e-24 ||r(i)||/||b|| 4.067121593683e-08
335 KSP unpreconditioned resid norm 1.203005302318e-24 true resid norm 1.203005302356e-24 ||r(i)||/||b|| 3.946927749253e-08
336 KSP unpreconditioned resid norm 1.154137012067e-24 true resid norm 1.154137012070e-24 ||r(i)||/||b|| 3.786596277221e-08
337 KSP unpreconditioned resid norm 1.103508610836e-24 true resid norm 1.103508610853e-24 ||r(i)||/||b|| 3.620490075300e-08
338 KSP unpreconditioned resid norm 1.063000146960e-24 true resid norm 1.063000146971e-24 ||r(i)||/||b|| 3.487586271916e-08
339 KSP unpreconditioned resid norm 1.028246488013e-24 true resid norm 1.028246488004e-24 ||r(i)||/||b|| 3.373563348912e-08
340 KSP unpreconditioned resid norm 9.941024313425e-25 true resid norm 9.941024313311e-25 ||r(i)||/||b|| 3.261540463816e-08
  Linear solve converged due to CONVERGED_ATOL iterations 340
Mat Object: 1 MPI process
  type: seqaijcusparse
  rows=281452, cols=281452, bs=4
  total: nonzeros=15993520, allocated nonzeros=15993520
  total number of mallocs used during MatSetValues calls=0
    not using I-node routines
Vec Object: 1 MPI process
  type: seqcuda
  length=281452, bs=4
Vec Object: 1 MPI process
  type: seqcuda
  length=281452, bs=4
KSP Object: 1 MPI process
  type: gmres
    restart=100, using classical (unmodified) Gram-Schmidt orthogonalization with no iterative refinement
    happy breakdown tolerance=1e-30
  maximum iterations=2000, initial guess is zero
  tolerances: relative=1e-10, absolute=1e-24, divergence=10000.
  right preconditioning
  diagonally scaled system
  using UNPRECONDITIONED norm type for convergence test
PC Object: 1 MPI process
  type: asm
    total subdomain blocks = 1, amount of overlap = 2
    restriction/interpolation type - RESTRICT
    Local solver information for first block is in the following KSP and PC objects on rank 0:
    Use -ksp_view ::ascii_info_detail to display information for all blocks
    KSP Object: (sub_) 1 MPI process
      type: preonly
      maximum iterations=10000, initial guess is zero
      tolerances: relative=1e-05, absolute=1e-50, divergence=10000.
      left preconditioning
      not checking for convergence
    PC Object: (sub_) 1 MPI process
      type: ilu
        out-of-place factorization
        2 levels of fill
        tolerance for zero pivot 2.22045e-14
        matrix ordering: natural
        factor fill ratio given 1., needed 4.996
          Factored matrix:
            Mat Object: (sub_) 1 MPI process
              type: seqaijcusparse
              rows=281452, cols=281452, bs=4
              package used to perform factorization: cusparse
              total: nonzeros=79903664, allocated nonzeros=79903664
                using I-node routines: found 70363 nodes, limit used is 5
      linear system matrix, which is also used to construct the preconditioner:
      Mat Object: (sub_) 1 MPI process
        type: seqaijcusparse
        rows=281452, cols=281452, bs=4
        total: nonzeros=15993520, allocated nonzeros=15993520
        total number of mallocs used during MatSetValues calls=0
          not using I-node routines
  linear system matrix, which is also used to construct the preconditioner:
  Mat Object: 1 MPI process
    type: seqaijcusparse
    rows=281452, cols=281452, bs=4
    total: nonzeros=15993520, allocated nonzeros=15993520
    total number of mallocs used during MatSetValues calls=0
      not using I-node routines
 NS     64-2    2.361e+03 [  -4  6.275e-01  3.023e-14  3.262e-08] [  340 -172   66]
Vec Object: 1 MPI process
  type: seqcuda
  length=281452, bs=4
Mat Object: 1 MPI process
  type: seqaijcusparse
  rows=281452, cols=281452, bs=4
  total: nonzeros=15993520, allocated nonzeros=15993520
  total number of mallocs used during MatSetValues calls=0
    not using I-node routines
Mat Object: 1 MPI process
  type: seqaijcusparse
  rows=281452, cols=281452, bs=4
  total: nonzeros=15993520, allocated nonzeros=15993520
  total number of mallocs used during MatSetValues calls=0
    not using I-node routines
SV13P_REUSE step=65 equation=0 reuse=0 rebuild_requests=5 solve_requests=9 ksp=0x55729b63aa50 pc=0x55729d0f73e0
  0 KSP unpreconditioned resid norm 4.895974775130e-17 true resid norm 4.895974775130e-17 ||r(i)||/||b|| 1.000000000000e+00
  1 KSP unpreconditioned resid norm 2.481797375455e-18 true resid norm 2.481797375455e-18 ||r(i)||/||b|| 5.069056703604e-02
  2 KSP unpreconditioned resid norm 8.894658320539e-19 true resid norm 8.894658320539e-19 ||r(i)||/||b|| 1.816728788253e-02
  3 KSP unpreconditioned resid norm 5.114988484488e-19 true resid norm 5.114988484488e-19 ||r(i)||/||b|| 1.044733422744e-02
  4 KSP unpreconditioned resid norm 3.413107789706e-19 true resid norm 3.413107789706e-19 ||r(i)||/||b|| 6.971252807598e-03
  5 KSP unpreconditioned resid norm 2.578436495269e-19 true resid norm 2.578436495269e-19 ||r(i)||/||b|| 5.266441543708e-03
  6 KSP unpreconditioned resid norm 2.090689363400e-19 true resid norm 2.090689363400e-19 ||r(i)||/||b|| 4.270220863923e-03
  7 KSP unpreconditioned resid norm 1.753300341923e-19 true resid norm 1.753300341923e-19 ||r(i)||/||b|| 3.581105750032e-03
  8 KSP unpreconditioned resid norm 1.400188517740e-19 true resid norm 1.400188517740e-19 ||r(i)||/||b|| 2.859876903068e-03
  9 KSP unpreconditioned resid norm 1.095764483164e-19 true resid norm 1.095764483164e-19 ||r(i)||/||b|| 2.238092583177e-03
 10 KSP unpreconditioned resid norm 8.792416213225e-20 true resid norm 8.792416213225e-20 ||r(i)||/||b|| 1.795845897305e-03
 11 KSP unpreconditioned resid norm 7.043636574749e-20 true resid norm 7.043636574750e-20 ||r(i)||/||b|| 1.438658673351e-03
 12 KSP unpreconditioned resid norm 5.707133397297e-20 true resid norm 5.707133397297e-20 ||r(i)||/||b|| 1.165678676755e-03
 13 KSP unpreconditioned resid norm 4.870512530441e-20 true resid norm 4.870512530441e-20 ||r(i)||/||b|| 9.947993513328e-04
 14 KSP unpreconditioned resid norm 4.369247839624e-20 true resid norm 4.369247839624e-20 ||r(i)||/||b|| 8.924163298018e-04
 15 KSP unpreconditioned resid norm 4.068449982697e-20 true resid norm 4.068449982697e-20 ||r(i)||/||b|| 8.309785424883e-04
 16 KSP unpreconditioned resid norm 3.879942356624e-20 true resid norm 3.879942356624e-20 ||r(i)||/||b|| 7.924759695112e-04
 17 KSP unpreconditioned resid norm 3.737945643658e-20 true resid norm 3.737945643658e-20 ||r(i)||/||b|| 7.634732234826e-04
 18 KSP unpreconditioned resid norm 3.624176668542e-20 true resid norm 3.624176668542e-20 ||r(i)||/||b|| 7.402359764906e-04
 19 KSP unpreconditioned resid norm 3.491941135376e-20 true resid norm 3.491941135375e-20 ||r(i)||/||b|| 7.132269457583e-04
 20 KSP unpreconditioned resid norm 3.370322818387e-20 true resid norm 3.370322818387e-20 ||r(i)||/||b|| 6.883864752546e-04
 21 KSP unpreconditioned resid norm 3.265472844364e-20 true resid norm 3.265472844364e-20 ||r(i)||/||b|| 6.669709290480e-04
 22 KSP unpreconditioned resid norm 3.178176301177e-20 true resid norm 3.178176301177e-20 ||r(i)||/||b|| 6.491406608794e-04
 23 KSP unpreconditioned resid norm 3.108640595903e-20 true resid norm 3.108640595903e-20 ||r(i)||/||b|| 6.349380335237e-04
 24 KSP unpreconditioned resid norm 3.025371504720e-20 true resid norm 3.025371504719e-20 ||r(i)||/||b|| 6.179303700843e-04
 25 KSP unpreconditioned resid norm 2.935765981581e-20 true resid norm 2.935765981581e-20 ||r(i)||/||b|| 5.996284941037e-04
 26 KSP unpreconditioned resid norm 2.820301951488e-20 true resid norm 2.820301951488e-20 ||r(i)||/||b|| 5.760450331186e-04
 27 KSP unpreconditioned resid norm 2.696663986978e-20 true resid norm 2.696663986978e-20 ||r(i)||/||b|| 5.507920507835e-04
 28 KSP unpreconditioned resid norm 2.567840672790e-20 true resid norm 2.567840672789e-20 ||r(i)||/||b|| 5.244799637925e-04
 29 KSP unpreconditioned resid norm 2.458844716401e-20 true resid norm 2.458844716400e-20 ||r(i)||/||b|| 5.022176030993e-04
 30 KSP unpreconditioned resid norm 2.372904296852e-20 true resid norm 2.372904296852e-20 ||r(i)||/||b|| 4.846643223951e-04
 31 KSP unpreconditioned resid norm 2.288087662784e-20 true resid norm 2.288087662784e-20 ||r(i)||/||b|| 4.673405742216e-04
 32 KSP unpreconditioned resid norm 2.231495019402e-20 true resid norm 2.231495019401e-20 ||r(i)||/||b|| 4.557815597287e-04
 33 KSP unpreconditioned resid norm 2.188323976666e-20 true resid norm 2.188323976665e-20 ||r(i)||/||b|| 4.469638993610e-04
 34 KSP unpreconditioned resid norm 2.144957992834e-20 true resid norm 2.144957992834e-20 ||r(i)||/||b|| 4.381064223880e-04
 35 KSP unpreconditioned resid norm 2.091402648665e-20 true resid norm 2.091402648665e-20 ||r(i)||/||b|| 4.271677744927e-04
 36 KSP unpreconditioned resid norm 2.037980674611e-20 true resid norm 2.037980674611e-20 ||r(i)||/||b|| 4.162563673660e-04
 37 KSP unpreconditioned resid norm 1.995083562914e-20 true resid norm 1.995083562914e-20 ||r(i)||/||b|| 4.074946572537e-04
 38 KSP unpreconditioned resid norm 1.962691467768e-20 true resid norm 1.962691467768e-20 ||r(i)||/||b|| 4.008785906614e-04
 39 KSP unpreconditioned resid norm 1.935430501850e-20 true resid norm 1.935430501850e-20 ||r(i)||/||b|| 3.953105542295e-04
 40 KSP unpreconditioned resid norm 1.906910148570e-20 true resid norm 1.906910148570e-20 ||r(i)||/||b|| 3.894852886613e-04
 41 KSP unpreconditioned resid norm 1.879399259969e-20 true resid norm 1.879399259970e-20 ||r(i)||/||b|| 3.838662056668e-04
 42 KSP unpreconditioned resid norm 1.841333235850e-20 true resid norm 1.841333235850e-20 ||r(i)||/||b|| 3.760912423821e-04
 43 KSP unpreconditioned resid norm 1.806344509035e-20 true resid norm 1.806344509035e-20 ||r(i)||/||b|| 3.689448152819e-04
 44 KSP unpreconditioned resid norm 1.771257162755e-20 true resid norm 1.771257162756e-20 ||r(i)||/||b|| 3.617782452134e-04
 45 KSP unpreconditioned resid norm 1.738852630530e-20 true resid norm 1.738852630531e-20 ||r(i)||/||b|| 3.551596383550e-04
 46 KSP unpreconditioned resid norm 1.700854347080e-20 true resid norm 1.700854347080e-20 ||r(i)||/||b|| 3.473985110627e-04
 47 KSP unpreconditioned resid norm 1.663773270421e-20 true resid norm 1.663773270422e-20 ||r(i)||/||b|| 3.398247227239e-04
 48 KSP unpreconditioned resid norm 1.627952611029e-20 true resid norm 1.627952611029e-20 ||r(i)||/||b|| 3.325083738787e-04
 49 KSP unpreconditioned resid norm 1.591337538002e-20 true resid norm 1.591337538002e-20 ||r(i)||/||b|| 3.250297665105e-04
 50 KSP unpreconditioned resid norm 1.561585131589e-20 true resid norm 1.561585131590e-20 ||r(i)||/||b|| 3.189528548068e-04
 51 KSP unpreconditioned resid norm 1.531229668268e-20 true resid norm 1.531229668268e-20 ||r(i)||/||b|| 3.127527690801e-04
 52 KSP unpreconditioned resid norm 1.505018942692e-20 true resid norm 1.505018942692e-20 ||r(i)||/||b|| 3.073992436271e-04
 53 KSP unpreconditioned resid norm 1.474321152413e-20 true resid norm 1.474321152414e-20 ||r(i)||/||b|| 3.011292378186e-04
 54 KSP unpreconditioned resid norm 1.441061613668e-20 true resid norm 1.441061613669e-20 ||r(i)||/||b|| 2.943359963759e-04
 55 KSP unpreconditioned resid norm 1.411023224897e-20 true resid norm 1.411023224899e-20 ||r(i)||/||b|| 2.882006729419e-04
 56 KSP unpreconditioned resid norm 1.372061601293e-20 true resid norm 1.372061601295e-20 ||r(i)||/||b|| 2.802427839835e-04
 57 KSP unpreconditioned resid norm 1.337364655373e-20 true resid norm 1.337364655375e-20 ||r(i)||/||b|| 2.731559529612e-04
 58 KSP unpreconditioned resid norm 1.303413795545e-20 true resid norm 1.303413795547e-20 ||r(i)||/||b|| 2.662215095895e-04
 59 KSP unpreconditioned resid norm 1.276879213199e-20 true resid norm 1.276879213201e-20 ||r(i)||/||b|| 2.608018365796e-04
 60 KSP unpreconditioned resid norm 1.243369692536e-20 true resid norm 1.243369692537e-20 ||r(i)||/||b|| 2.539575364754e-04
 61 KSP unpreconditioned resid norm 1.207697696326e-20 true resid norm 1.207697696328e-20 ||r(i)||/||b|| 2.466715519987e-04
 62 KSP unpreconditioned resid norm 1.165531782759e-20 true resid norm 1.165531782761e-20 ||r(i)||/||b|| 2.380591886792e-04
 63 KSP unpreconditioned resid norm 1.125106682188e-20 true resid norm 1.125106682191e-20 ||r(i)||/||b|| 2.298023854016e-04
 64 KSP unpreconditioned resid norm 1.075882907472e-20 true resid norm 1.075882907475e-20 ||r(i)||/||b|| 2.197484580476e-04
 65 KSP unpreconditioned resid norm 1.030308969082e-20 true resid norm 1.030308969086e-20 ||r(i)||/||b|| 2.104400076404e-04
 66 KSP unpreconditioned resid norm 9.873508083028e-21 true resid norm 9.873508083075e-21 ||r(i)||/||b|| 2.016658282888e-04
 67 KSP unpreconditioned resid norm 9.417150050187e-21 true resid norm 9.417150050240e-21 ||r(i)||/||b|| 1.923447420129e-04
 68 KSP unpreconditioned resid norm 8.955393705912e-21 true resid norm 8.955393705965e-21 ||r(i)||/||b|| 1.829133955399e-04
 69 KSP unpreconditioned resid norm 8.439865087067e-21 true resid norm 8.439865087111e-21 ||r(i)||/||b|| 1.723837534863e-04
 70 KSP unpreconditioned resid norm 7.974018740561e-21 true resid norm 7.974018740585e-21 ||r(i)||/||b|| 1.628688689552e-04
 71 KSP unpreconditioned resid norm 7.535269134992e-21 true resid norm 7.535269134986e-21 ||r(i)||/||b|| 1.539074337814e-04
 72 KSP unpreconditioned resid norm 7.015336758894e-21 true resid norm 7.015336758856e-21 ||r(i)||/||b|| 1.432878452416e-04
 73 KSP unpreconditioned resid norm 6.560483320069e-21 true resid norm 6.560483320025e-21 ||r(i)||/||b|| 1.339974902107e-04
 74 KSP unpreconditioned resid norm 6.163660838444e-21 true resid norm 6.163660838409e-21 ||r(i)||/||b|| 1.258924141055e-04
 75 KSP unpreconditioned resid norm 5.801425528982e-21 true resid norm 5.801425528973e-21 ||r(i)||/||b|| 1.184937789803e-04
 76 KSP unpreconditioned resid norm 5.445293418590e-21 true resid norm 5.445293418612e-21 ||r(i)||/||b|| 1.112198013411e-04
 77 KSP unpreconditioned resid norm 5.177447555804e-21 true resid norm 5.177447555850e-21 ||r(i)||/||b|| 1.057490651739e-04
 78 KSP unpreconditioned resid norm 4.936190700033e-21 true resid norm 4.936190700100e-21 ||r(i)||/||b|| 1.008214079283e-04
 79 KSP unpreconditioned resid norm 4.735074721267e-21 true resid norm 4.735074721343e-21 ||r(i)||/||b|| 9.671362576041e-05
 80 KSP unpreconditioned resid norm 4.560625320343e-21 true resid norm 4.560625320411e-21 ||r(i)||/||b|| 9.315050689349e-05
 81 KSP unpreconditioned resid norm 4.418593784080e-21 true resid norm 4.418593784123e-21 ||r(i)||/||b|| 9.024952102629e-05
 82 KSP unpreconditioned resid norm 4.311674213063e-21 true resid norm 4.311674213072e-21 ||r(i)||/||b|| 8.806569500671e-05
 83 KSP unpreconditioned resid norm 4.231275558032e-21 true resid norm 4.231275558008e-21 ||r(i)||/||b|| 8.642355715355e-05
 84 KSP unpreconditioned resid norm 4.159964237990e-21 true resid norm 4.159964237935e-21 ||r(i)||/||b|| 8.496702758899e-05
 85 KSP unpreconditioned resid norm 4.091571412224e-21 true resid norm 4.091571412141e-21 ||r(i)||/||b|| 8.357010810033e-05
 86 KSP unpreconditioned resid norm 4.023879904444e-21 true resid norm 4.023879904344e-21 ||r(i)||/||b|| 8.218751299096e-05
 87 KSP unpreconditioned resid norm 3.954927688913e-21 true resid norm 3.954927688809e-21 ||r(i)||/||b|| 8.077916799938e-05
 88 KSP unpreconditioned resid norm 3.876378203294e-21 true resid norm 3.876378203202e-21 ||r(i)||/||b|| 7.917479932481e-05
 89 KSP unpreconditioned resid norm 3.791846391583e-21 true resid norm 3.791846391503e-21 ||r(i)||/||b|| 7.744824198778e-05
 90 KSP unpreconditioned resid norm 3.712312374396e-21 true resid norm 3.712312374315e-21 ||r(i)||/||b|| 7.582376431292e-05
 91 KSP unpreconditioned resid norm 3.630041929460e-21 true resid norm 3.630041929346e-21 ||r(i)||/||b|| 7.414339525984e-05
 92 KSP unpreconditioned resid norm 3.595573894694e-21 true resid norm 3.595545019696e-21 ||r(i)||/||b|| 7.343879788680e-05
 93 KSP unpreconditioned resid norm 3.522411432817e-21 true resid norm 3.480755388407e-21 ||r(i)||/||b|| 7.109422634463e-05
 94 KSP unpreconditioned resid norm 3.500838350521e-21 true resid norm 3.444163860517e-21 ||r(i)||/||b|| 7.034684651587e-05
 95 KSP unpreconditioned resid norm 3.482413272050e-21 true resid norm 3.398650856491e-21 ||r(i)||/||b|| 6.941724605599e-05
 96 KSP unpreconditioned resid norm 3.480730354656e-21 true resid norm 3.390426068575e-21 ||r(i)||/||b|| 6.924925524122e-05
 97 KSP unpreconditioned resid norm 3.480712019678e-21 true resid norm 3.390645838677e-21 ||r(i)||/||b|| 6.925374403276e-05
 98 KSP unpreconditioned resid norm 3.480573326161e-21 true resid norm 3.390629714108e-21 ||r(i)||/||b|| 6.925341468937e-05
 99 KSP unpreconditioned resid norm 3.480318510850e-21 true resid norm 3.389344880231e-21 ||r(i)||/||b|| 6.922717203217e-05
100 KSP unpreconditioned resid norm 3.389402028245e-21 true resid norm 3.389402028245e-21 ||r(i)||/||b|| 6.922833927703e-05
101 KSP unpreconditioned resid norm 3.348379034415e-21 true resid norm 3.348379034415e-21 ||r(i)||/||b|| 6.839044701421e-05
102 KSP unpreconditioned resid norm 3.298427680607e-21 true resid norm 3.298427680607e-21 ||r(i)||/||b|| 6.737019351820e-05
103 KSP unpreconditioned resid norm 3.254636949771e-21 true resid norm 3.254636949771e-21 ||r(i)||/||b|| 6.647577038802e-05
104 KSP unpreconditioned resid norm 3.198669554565e-21 true resid norm 3.198669554565e-21 ||r(i)||/||b|| 6.533263959637e-05
105 KSP unpreconditioned resid norm 3.155615793797e-21 true resid norm 3.155615793797e-21 ||r(i)||/||b|| 6.445326903698e-05
106 KSP unpreconditioned resid norm 3.116140262500e-21 true resid norm 3.116140262500e-21 ||r(i)||/||b|| 6.364698360640e-05
107 KSP unpreconditioned resid norm 3.083820949910e-21 true resid norm 3.083820949910e-21 ||r(i)||/||b|| 6.298686352663e-05
108 KSP unpreconditioned resid norm 3.055320152526e-21 true resid norm 3.055320152526e-21 ||r(i)||/||b|| 6.240473639786e-05
109 KSP unpreconditioned resid norm 3.027921966093e-21 true resid norm 3.027921966093e-21 ||r(i)||/||b|| 6.184513003363e-05
110 KSP unpreconditioned resid norm 2.997580699103e-21 true resid norm 2.997580699103e-21 ||r(i)||/||b|| 6.122541142020e-05
111 KSP unpreconditioned resid norm 2.956051179323e-21 true resid norm 2.956051179323e-21 ||r(i)||/||b|| 6.037717339433e-05
112 KSP unpreconditioned resid norm 2.897352274537e-21 true resid norm 2.897352274537e-21 ||r(i)||/||b|| 5.917825167839e-05
113 KSP unpreconditioned resid norm 2.832103620837e-21 true resid norm 2.832103620837e-21 ||r(i)||/||b|| 5.784555172187e-05
114 KSP unpreconditioned resid norm 2.762089681886e-21 true resid norm 2.762089681886e-21 ||r(i)||/||b|| 5.641552109126e-05
115 KSP unpreconditioned resid norm 2.686251271798e-21 true resid norm 2.686251271798e-21 ||r(i)||/||b|| 5.486652597647e-05
116 KSP unpreconditioned resid norm 2.600915199770e-21 true resid norm 2.600915199770e-21 ||r(i)||/||b|| 5.312354166900e-05
117 KSP unpreconditioned resid norm 2.523737828998e-21 true resid norm 2.523737828998e-21 ||r(i)||/||b|| 5.154719836013e-05
118 KSP unpreconditioned resid norm 2.446646896433e-21 true resid norm 2.446646896433e-21 ||r(i)||/||b|| 4.997262054659e-05
119 KSP unpreconditioned resid norm 2.373749962638e-21 true resid norm 2.373749962638e-21 ||r(i)||/||b|| 4.848370491401e-05
120 KSP unpreconditioned resid norm 2.302030566670e-21 true resid norm 2.302030566670e-21 ||r(i)||/||b|| 4.701884042302e-05
121 KSP unpreconditioned resid norm 2.236457248344e-21 true resid norm 2.236457248344e-21 ||r(i)||/||b|| 4.567950921039e-05
122 KSP unpreconditioned resid norm 2.174294924698e-21 true resid norm 2.174294924698e-21 ||r(i)||/||b|| 4.440984736569e-05
123 KSP unpreconditioned resid norm 2.116414745868e-21 true resid norm 2.116414745868e-21 ||r(i)||/||b|| 4.322764807979e-05
124 KSP unpreconditioned resid norm 2.058016401060e-21 true resid norm 2.058016401060e-21 ||r(i)||/||b|| 4.203486528391e-05
125 KSP unpreconditioned resid norm 2.004089102399e-21 true resid norm 2.004089102399e-21 ||r(i)||/||b|| 4.093340334552e-05
126 KSP unpreconditioned resid norm 1.946288573915e-21 true resid norm 1.946288573915e-21 ||r(i)||/||b|| 3.975283091329e-05
127 KSP unpreconditioned resid norm 1.891166301998e-21 true resid norm 1.891166301998e-21 ||r(i)||/||b|| 3.862696171567e-05
128 KSP unpreconditioned resid norm 1.833899537603e-21 true resid norm 1.833899537603e-21 ||r(i)||/||b|| 3.745729138390e-05
129 KSP unpreconditioned resid norm 1.784939076734e-21 true resid norm 1.784939076734e-21 ||r(i)||/||b|| 3.645727681852e-05
130 KSP unpreconditioned resid norm 1.732385171733e-21 true resid norm 1.732385171733e-21 ||r(i)||/||b|| 3.538386636575e-05
131 KSP unpreconditioned resid norm 1.671362505904e-21 true resid norm 1.671362505904e-21 ||r(i)||/||b|| 3.413748196567e-05
132 KSP unpreconditioned resid norm 1.615652431535e-21 true resid norm 1.615652431535e-21 ||r(i)||/||b|| 3.299960693715e-05
133 KSP unpreconditioned resid norm 1.561963069469e-21 true resid norm 1.561963069469e-21 ||r(i)||/||b|| 3.190300483988e-05
134 KSP unpreconditioned resid norm 1.511709767140e-21 true resid norm 1.511709767139e-21 ||r(i)||/||b|| 3.087658406286e-05
135 KSP unpreconditioned resid norm 1.465307074960e-21 true resid norm 1.465307074960e-21 ||r(i)||/||b|| 2.992881177417e-05
136 KSP unpreconditioned resid norm 1.412304254368e-21 true resid norm 1.412304254367e-21 ||r(i)||/||b|| 2.884623224657e-05
137 KSP unpreconditioned resid norm 1.350690033331e-21 true resid norm 1.350690033331e-21 ||r(i)||/||b|| 2.758776536579e-05
138 KSP unpreconditioned resid norm 1.287343832842e-21 true resid norm 1.287343832842e-21 ||r(i)||/||b|| 2.629392290543e-05
139 KSP unpreconditioned resid norm 1.229437632550e-21 true resid norm 1.229437632550e-21 ||r(i)||/||b|| 2.511119213266e-05
140 KSP unpreconditioned resid norm 1.176893786041e-21 true resid norm 1.176893786041e-21 ||r(i)||/||b|| 2.403798712403e-05
141 KSP unpreconditioned resid norm 1.123936235729e-21 true resid norm 1.123936235729e-21 ||r(i)||/||b|| 2.295633223925e-05
142 KSP unpreconditioned resid norm 1.075905852785e-21 true resid norm 1.075905852785e-21 ||r(i)||/||b|| 2.197531446138e-05
143 KSP unpreconditioned resid norm 1.026432642237e-21 true resid norm 1.026432642236e-21 ||r(i)||/||b|| 2.096482701362e-05
144 KSP unpreconditioned resid norm 9.756104473140e-22 true resid norm 9.756104473136e-22 ||r(i)||/||b|| 1.992678663847e-05
145 KSP unpreconditioned resid norm 9.201691851824e-22 true resid norm 9.201691851822e-22 ||r(i)||/||b|| 1.879440208427e-05
146 KSP unpreconditioned resid norm 8.675990363082e-22 true resid norm 8.675990363081e-22 ||r(i)||/||b|| 1.772065985134e-05
147 KSP unpreconditioned resid norm 8.240749608623e-22 true resid norm 8.240749608620e-22 ||r(i)||/||b|| 1.683168314200e-05
148 KSP unpreconditioned resid norm 7.896064143670e-22 true resid norm 7.896064143668e-22 ||r(i)||/||b|| 1.612766508475e-05
149 KSP unpreconditioned resid norm 7.582046383159e-22 true resid norm 7.582046383158e-22 ||r(i)||/||b|| 1.548628563544e-05
150 KSP unpreconditioned resid norm 7.297043607208e-22 true resid norm 7.297043607206e-22 ||r(i)||/||b|| 1.490416912332e-05
151 KSP unpreconditioned resid norm 7.040137579490e-22 true resid norm 7.040137579488e-22 ||r(i)||/||b|| 1.437944005604e-05
152 KSP unpreconditioned resid norm 6.783367149992e-22 true resid norm 6.783367149990e-22 ||r(i)||/||b|| 1.385498794734e-05
153 KSP unpreconditioned resid norm 6.545289760164e-22 true resid norm 6.545289760164e-22 ||r(i)||/||b|| 1.336871626343e-05
154 KSP unpreconditioned resid norm 6.338386824491e-22 true resid norm 6.338386824489e-22 ||r(i)||/||b|| 1.294611822080e-05
155 KSP unpreconditioned resid norm 6.157577469045e-22 true resid norm 6.157577469044e-22 ||r(i)||/||b|| 1.257681616401e-05
156 KSP unpreconditioned resid norm 6.015490254198e-22 true resid norm 6.015490254197e-22 ||r(i)||/||b|| 1.228660385416e-05
157 KSP unpreconditioned resid norm 5.907465185350e-22 true resid norm 5.907465185349e-22 ||r(i)||/||b|| 1.206596327938e-05
158 KSP unpreconditioned resid norm 5.802140908718e-22 true resid norm 5.802140908717e-22 ||r(i)||/||b|| 1.185083905699e-05
159 KSP unpreconditioned resid norm 5.696161542516e-22 true resid norm 5.696161542514e-22 ||r(i)||/||b|| 1.163437681797e-05
160 KSP unpreconditioned resid norm 5.570692219575e-22 true resid norm 5.570692219576e-22 ||r(i)||/||b|| 1.137810645568e-05
161 KSP unpreconditioned resid norm 5.442417027833e-22 true resid norm 5.442417027832e-22 ||r(i)||/||b|| 1.111610512268e-05
162 KSP unpreconditioned resid norm 5.300820255470e-22 true resid norm 5.300820255470e-22 ||r(i)||/||b|| 1.082689453875e-05
163 KSP unpreconditioned resid norm 5.192406007696e-22 true resid norm 5.192406007696e-22 ||r(i)||/||b|| 1.060545906828e-05
164 KSP unpreconditioned resid norm 5.096113557778e-22 true resid norm 5.096113557776e-22 ||r(i)||/||b|| 1.040878229942e-05
165 KSP unpreconditioned resid norm 5.018835947711e-22 true resid norm 5.018835947710e-22 ||r(i)||/||b|| 1.025094323035e-05
166 KSP unpreconditioned resid norm 4.940485302143e-22 true resid norm 4.940485302143e-22 ||r(i)||/||b|| 1.009091249252e-05
167 KSP unpreconditioned resid norm 4.856898636674e-22 true resid norm 4.856898636673e-22 ||r(i)||/||b|| 9.920187214495e-06
168 KSP unpreconditioned resid norm 4.777174962508e-22 true resid norm 4.777174962504e-22 ||r(i)||/||b|| 9.757352073729e-06
169 KSP unpreconditioned resid norm 4.697701928398e-22 true resid norm 4.697701928397e-22 ||r(i)||/||b|| 9.595028863834e-06
170 KSP unpreconditioned resid norm 4.622100077083e-22 true resid norm 4.622100077080e-22 ||r(i)||/||b|| 9.440612522268e-06
171 KSP unpreconditioned resid norm 4.547019001081e-22 true resid norm 4.547019001081e-22 ||r(i)||/||b|| 9.287259861260e-06
172 KSP unpreconditioned resid norm 4.473214320056e-22 true resid norm 4.473214320054e-22 ||r(i)||/||b|| 9.136514229560e-06
173 KSP unpreconditioned resid norm 4.397010576923e-22 true resid norm 4.397010576920e-22 ||r(i)||/||b|| 8.980868527459e-06
174 KSP unpreconditioned resid norm 4.329299479781e-22 true resid norm 4.329299479779e-22 ||r(i)||/||b|| 8.842569005401e-06
175 KSP unpreconditioned resid norm 4.261438836183e-22 true resid norm 4.261438836180e-22 ||r(i)||/||b|| 8.703964035573e-06
176 KSP unpreconditioned resid norm 4.174210983948e-22 true resid norm 4.174210983946e-22 ||r(i)||/||b|| 8.525801654758e-06
177 KSP unpreconditioned resid norm 4.072512336333e-22 true resid norm 4.072512336330e-22 ||r(i)||/||b|| 8.318082758550e-06
178 KSP unpreconditioned resid norm 3.917786089428e-22 true resid norm 3.917786089426e-22 ||r(i)||/||b|| 8.002055299237e-06
179 KSP unpreconditioned resid norm 3.733730005145e-22 true resid norm 3.733730005142e-22 ||r(i)||/||b|| 7.626121817677e-06
180 KSP unpreconditioned resid norm 3.543796258042e-22 true resid norm 3.543796258038e-22 ||r(i)||/||b|| 7.238183243998e-06
181 KSP unpreconditioned resid norm 3.374269488845e-22 true resid norm 3.374269488840e-22 ||r(i)||/||b|| 6.891925803990e-06
182 KSP unpreconditioned resid norm 3.223314363241e-22 true resid norm 3.223314363235e-22 ||r(i)||/||b|| 6.583600837995e-06
183 KSP unpreconditioned resid norm 3.098202705234e-22 true resid norm 3.098202705226e-22 ||r(i)||/||b|| 6.328061004243e-06
184 KSP unpreconditioned resid norm 2.976877073443e-22 true resid norm 2.976877073437e-22 ||r(i)||/||b|| 6.080254107024e-06
185 KSP unpreconditioned resid norm 2.855745567898e-22 true resid norm 2.855745567893e-22 ||r(i)||/||b|| 5.832843711530e-06
186 KSP unpreconditioned resid norm 2.740744938467e-22 true resid norm 2.740744938464e-22 ||r(i)||/||b|| 5.597955594842e-06
187 KSP unpreconditioned resid norm 2.642754415558e-22 true resid norm 2.642754415556e-22 ||r(i)||/||b|| 5.397810521780e-06
188 KSP unpreconditioned resid norm 2.558197452521e-22 true resid norm 2.558197452520e-22 ||r(i)||/||b|| 5.225103416617e-06
189 KSP unpreconditioned resid norm 2.474324325687e-22 true resid norm 2.474324325688e-22 ||r(i)||/||b|| 5.053793042924e-06
190 KSP unpreconditioned resid norm 2.386052129078e-22 true resid norm 2.386052129079e-22 ||r(i)||/||b|| 4.873497594798e-06
191 KSP unpreconditioned resid norm 2.296914293423e-22 true resid norm 2.296914293422e-22 ||r(i)||/||b|| 4.691434083953e-06
192 KSP unpreconditioned resid norm 2.282837854242e-22 true resid norm 2.268434429763e-22 ||r(i)||/||b|| 4.633264128088e-06
193 KSP unpreconditioned resid norm 2.275925409218e-22 true resid norm 2.253526100331e-22 ||r(i)||/||b|| 4.602813951938e-06
194 KSP unpreconditioned resid norm 2.273602957400e-22 true resid norm 2.252331332245e-22 ||r(i)||/||b|| 4.600373645073e-06
195 KSP unpreconditioned resid norm 2.273402299132e-22 true resid norm 2.251546671570e-22 ||r(i)||/||b|| 4.598770980208e-06
196 KSP unpreconditioned resid norm 2.268597672572e-22 true resid norm 2.249653029451e-22 ||r(i)||/||b|| 4.594903227194e-06
197 KSP unpreconditioned resid norm 2.267392925186e-22 true resid norm 2.251362203042e-22 ||r(i)||/||b|| 4.598394204313e-06
198 KSP unpreconditioned resid norm 2.263853715199e-22 true resid norm 2.260928296338e-22 ||r(i)||/||b|| 4.617932894227e-06
199 KSP unpreconditioned resid norm 2.263544766355e-22 true resid norm 2.263143115400e-22 ||r(i)||/||b|| 4.622456649278e-06
200 KSP unpreconditioned resid norm 2.276140434468e-22 true resid norm 2.276140434468e-22 ||r(i)||/||b|| 4.649003597873e-06
201 KSP unpreconditioned resid norm 2.211333782577e-22 true resid norm 2.211333782577e-22 ||r(i)||/||b|| 4.516636388344e-06
202 KSP unpreconditioned resid norm 2.155175854318e-22 true resid norm 2.155175854318e-22 ||r(i)||/||b|| 4.401934146527e-06
203 KSP unpreconditioned resid norm 2.104022627953e-22 true resid norm 2.104022627953e-22 ||r(i)||/||b|| 4.297453979218e-06
204 KSP unpreconditioned resid norm 2.054019590622e-22 true resid norm 2.054019590622e-22 ||r(i)||/||b|| 4.195323066320e-06
205 KSP unpreconditioned resid norm 2.013394911889e-22 true resid norm 2.013394911888e-22 ||r(i)||/||b|| 4.112347396305e-06
206 KSP unpreconditioned resid norm 1.962758128633e-22 true resid norm 1.962758128634e-22 ||r(i)||/||b|| 4.008922061045e-06
207 KSP unpreconditioned resid norm 1.913507076532e-22 true resid norm 1.913507076532e-22 ||r(i)||/||b|| 3.908327073602e-06
208 KSP unpreconditioned resid norm 1.856406203641e-22 true resid norm 1.856406203640e-22 ||r(i)||/||b|| 3.791698872858e-06
209 KSP unpreconditioned resid norm 1.794034867022e-22 true resid norm 1.794034867022e-22 ||r(i)||/||b|| 3.664305780609e-06
210 KSP unpreconditioned resid norm 1.726268626987e-22 true resid norm 1.726268626985e-22 ||r(i)||/||b|| 3.525893629506e-06
211 KSP unpreconditioned resid norm 1.666148351372e-22 true resid norm 1.666148351373e-22 ||r(i)||/||b|| 3.403098316266e-06
212 KSP unpreconditioned resid norm 1.620234599403e-22 true resid norm 1.620234599403e-22 ||r(i)||/||b|| 3.309319744933e-06
213 KSP unpreconditioned resid norm 1.572776561744e-22 true resid norm 1.572776561743e-22 ||r(i)||/||b|| 3.212386979060e-06
214 KSP unpreconditioned resid norm 1.522107621034e-22 true resid norm 1.522107621035e-22 ||r(i)||/||b|| 3.108895962387e-06
215 KSP unpreconditioned resid norm 1.479552511370e-22 true resid norm 1.479552511368e-22 ||r(i)||/||b|| 3.021977398421e-06
216 KSP unpreconditioned resid norm 1.435414686503e-22 true resid norm 1.435414686502e-22 ||r(i)||/||b|| 2.931826147867e-06
217 KSP unpreconditioned resid norm 1.401340872929e-22 true resid norm 1.401340872929e-22 ||r(i)||/||b|| 2.862230581839e-06
218 KSP unpreconditioned resid norm 1.364943631831e-22 true resid norm 1.364943631830e-22 ||r(i)||/||b|| 2.787889428605e-06
219 KSP unpreconditioned resid norm 1.333096039457e-22 true resid norm 1.333096039457e-22 ||r(i)||/||b|| 2.722840906430e-06
220 KSP unpreconditioned resid norm 1.300087403390e-22 true resid norm 1.300087403388e-22 ||r(i)||/||b|| 2.655420959259e-06
221 KSP unpreconditioned resid norm 1.271614564514e-22 true resid norm 1.271614564514e-22 ||r(i)||/||b|| 2.597265351475e-06
222 KSP unpreconditioned resid norm 1.242608399323e-22 true resid norm 1.242608399324e-22 ||r(i)||/||b|| 2.538020427793e-06
223 KSP unpreconditioned resid norm 1.216084294357e-22 true resid norm 1.216084294355e-22 ||r(i)||/||b|| 2.483845097676e-06
224 KSP unpreconditioned resid norm 1.185434150029e-22 true resid norm 1.185434150031e-22 ||r(i)||/||b|| 2.421242356175e-06
225 KSP unpreconditioned resid norm 1.154452462357e-22 true resid norm 1.154452462358e-22 ||r(i)||/||b|| 2.357962439313e-06
226 KSP unpreconditioned resid norm 1.123590121193e-22 true resid norm 1.123590121193e-22 ||r(i)||/||b|| 2.294926286999e-06
227 KSP unpreconditioned resid norm 1.093765197850e-22 true resid norm 1.093765197849e-22 ||r(i)||/||b|| 2.234009054550e-06
228 KSP unpreconditioned resid norm 1.070980939543e-22 true resid norm 1.070980939543e-22 ||r(i)||/||b|| 2.187472339488e-06
229 KSP unpreconditioned resid norm 1.052800554028e-22 true resid norm 1.052800554028e-22 ||r(i)||/||b|| 2.150339007823e-06
230 KSP unpreconditioned resid norm 1.038823216924e-22 true resid norm 1.038823216923e-22 ||r(i)||/||b|| 2.121790378088e-06
231 KSP unpreconditioned resid norm 1.025609135795e-22 true resid norm 1.025609135796e-22 ||r(i)||/||b|| 2.094800694248e-06
232 KSP unpreconditioned resid norm 1.014531106970e-22 true resid norm 1.014531106971e-22 ||r(i)||/||b|| 2.072173884810e-06
233 KSP unpreconditioned resid norm 1.002504480194e-22 true resid norm 1.002504480191e-22 ||r(i)||/||b|| 2.047609569566e-06
234 KSP unpreconditioned resid norm 9.908976000122e-23 true resid norm 9.908976000108e-23 ||r(i)||/||b|| 2.023902584311e-06
235 KSP unpreconditioned resid norm 9.779053450193e-23 true resid norm 9.779053450202e-23 ||r(i)||/||b|| 1.997365979064e-06
236 KSP unpreconditioned resid norm 9.641411282792e-23 true resid norm 9.641411282746e-23 ||r(i)||/||b|| 1.969252646423e-06
237 KSP unpreconditioned resid norm 9.504965406269e-23 true resid norm 9.504965406254e-23 ||r(i)||/||b|| 1.941383655516e-06
238 KSP unpreconditioned resid norm 9.334106163220e-23 true resid norm 9.334106163195e-23 ||r(i)||/||b|| 1.906485754504e-06
239 KSP unpreconditioned resid norm 9.165741447014e-23 true resid norm 9.165741447002e-23 ||r(i)||/||b|| 1.872097359153e-06
240 KSP unpreconditioned resid norm 8.980139776924e-23 true resid norm 8.980139776924e-23 ||r(i)||/||b|| 1.834188325998e-06
241 KSP unpreconditioned resid norm 8.799444571127e-23 true resid norm 8.799444571102e-23 ||r(i)||/||b|| 1.797281435313e-06
242 KSP unpreconditioned resid norm 8.562217765357e-23 true resid norm 8.562217765349e-23 ||r(i)||/||b|| 1.748827998225e-06
243 KSP unpreconditioned resid norm 8.297698214870e-23 true resid norm 8.297698214873e-23 ||r(i)||/||b|| 1.694800033902e-06
244 KSP unpreconditioned resid norm 7.957585942577e-23 true resid norm 7.957585942578e-23 ||r(i)||/||b|| 1.625332300117e-06
245 KSP unpreconditioned resid norm 7.574493708834e-23 true resid norm 7.574493708825e-23 ||r(i)||/||b|| 1.547085934205e-06
246 KSP unpreconditioned resid norm 7.161542551588e-23 true resid norm 7.161542551588e-23 ||r(i)||/||b|| 1.462740900539e-06
247 KSP unpreconditioned resid norm 6.769764651040e-23 true resid norm 6.769764651032e-23 ||r(i)||/||b|| 1.382720492234e-06
248 KSP unpreconditioned resid norm 6.409476426805e-23 true resid norm 6.409476426798e-23 ||r(i)||/||b|| 1.309131832001e-06
249 KSP unpreconditioned resid norm 6.081426843805e-23 true resid norm 6.081426843800e-23 ||r(i)||/||b|| 1.242127895489e-06
250 KSP unpreconditioned resid norm 5.700226035044e-23 true resid norm 5.700226035052e-23 ||r(i)||/||b|| 1.164267852034e-06
251 KSP unpreconditioned resid norm 5.297141129867e-23 true resid norm 5.297141129865e-23 ||r(i)||/||b|| 1.081937994610e-06
252 KSP unpreconditioned resid norm 4.951216808829e-23 true resid norm 4.951216808827e-23 ||r(i)||/||b|| 1.011283153250e-06
253 KSP unpreconditioned resid norm 4.668183279486e-23 true resid norm 4.668183279485e-23 ||r(i)||/||b|| 9.534737195130e-07
254 KSP unpreconditioned resid norm 4.420267720999e-23 true resid norm 4.420267720996e-23 ||r(i)||/||b|| 9.028371108955e-07
255 KSP unpreconditioned resid norm 4.220566508202e-23 true resid norm 4.220566508196e-23 ||r(i)||/||b|| 8.620482543405e-07
256 KSP unpreconditioned resid norm 4.031921864267e-23 true resid norm 4.031921864266e-23 ||r(i)||/||b|| 8.235176955460e-07
257 KSP unpreconditioned resid norm 3.859663383673e-23 true resid norm 3.859663383679e-23 ||r(i)||/||b|| 7.883340010828e-07
258 KSP unpreconditioned resid norm 3.699719750989e-23 true resid norm 3.699719750985e-23 ||r(i)||/||b|| 7.556656071388e-07
259 KSP unpreconditioned resid norm 3.561642480810e-23 true resid norm 3.561642480808e-23 ||r(i)||/||b|| 7.274634050200e-07
260 KSP unpreconditioned resid norm 3.425981915452e-23 true resid norm 3.425981915446e-23 ||r(i)||/||b|| 6.997548134539e-07
261 KSP unpreconditioned resid norm 3.316420568682e-23 true resid norm 3.316420568679e-23 ||r(i)||/||b|| 6.773769721049e-07
262 KSP unpreconditioned resid norm 3.224736163828e-23 true resid norm 3.224736163817e-23 ||r(i)||/||b|| 6.586504857414e-07
263 KSP unpreconditioned resid norm 3.138765541949e-23 true resid norm 3.138765541945e-23 ||r(i)||/||b|| 6.410910362303e-07
264 KSP unpreconditioned resid norm 3.043347347948e-23 true resid norm 3.043347347942e-23 ||r(i)||/||b|| 6.216019256066e-07
265 KSP unpreconditioned resid norm 2.948735894988e-23 true resid norm 2.948735894992e-23 ||r(i)||/||b|| 6.022775913738e-07
266 KSP unpreconditioned resid norm 2.839460548139e-23 true resid norm 2.839460548139e-23 ||r(i)||/||b|| 5.799581653408e-07
267 KSP unpreconditioned resid norm 2.746628655504e-23 true resid norm 2.746628655503e-23 ||r(i)||/||b|| 5.609973052670e-07
268 KSP unpreconditioned resid norm 2.656715641223e-23 true resid norm 2.656715641226e-23 ||r(i)||/||b|| 5.426326244002e-07
269 KSP unpreconditioned resid norm 2.583032267379e-23 true resid norm 2.583032267378e-23 ||r(i)||/||b|| 5.275828381508e-07
270 KSP unpreconditioned resid norm 2.521396771887e-23 true resid norm 2.521396771888e-23 ||r(i)||/||b|| 5.149938240483e-07
271 KSP unpreconditioned resid norm 2.458633090210e-23 true resid norm 2.458633090206e-23 ||r(i)||/||b|| 5.021743785722e-07
272 KSP unpreconditioned resid norm 2.390112489873e-23 true resid norm 2.390112489878e-23 ||r(i)||/||b|| 4.881790858112e-07
273 KSP unpreconditioned resid norm 2.302569360655e-23 true resid norm 2.302569360648e-23 ||r(i)||/||b|| 4.702984525868e-07
274 KSP unpreconditioned resid norm 2.188784318056e-23 true resid norm 2.188784318060e-23 ||r(i)||/||b|| 4.470579238230e-07
275 KSP unpreconditioned resid norm 2.095140814675e-23 true resid norm 2.095140814673e-23 ||r(i)||/||b|| 4.279312927256e-07
276 KSP unpreconditioned resid norm 1.997776190104e-23 true resid norm 1.997776190101e-23 ||r(i)||/||b|| 4.080446247904e-07
277 KSP unpreconditioned resid norm 1.927775667947e-23 true resid norm 1.927775667947e-23 ||r(i)||/||b|| 3.937470588573e-07
278 KSP unpreconditioned resid norm 1.863969208703e-23 true resid norm 1.863969208703e-23 ||r(i)||/||b|| 3.807146266706e-07
279 KSP unpreconditioned resid norm 1.804186261060e-23 true resid norm 1.804186261058e-23 ||r(i)||/||b|| 3.685039943879e-07
280 KSP unpreconditioned resid norm 1.751713902880e-23 true resid norm 1.751713902878e-23 ||r(i)||/||b|| 3.577865457511e-07
281 KSP unpreconditioned resid norm 1.704099973702e-23 true resid norm 1.704099973704e-23 ||r(i)||/||b|| 3.480614284127e-07
282 KSP unpreconditioned resid norm 1.666707219058e-23 true resid norm 1.666707219059e-23 ||r(i)||/||b|| 3.404239800266e-07
283 KSP unpreconditioned resid norm 1.638450618624e-23 true resid norm 1.638450618623e-23 ||r(i)||/||b|| 3.346525858233e-07
284 KSP unpreconditioned resid norm 1.617934499358e-23 true resid norm 1.617934499360e-23 ||r(i)||/||b|| 3.304621803974e-07
285 KSP unpreconditioned resid norm 1.598769875753e-23 true resid norm 1.598769875757e-23 ||r(i)||/||b|| 3.265478171738e-07
286 KSP unpreconditioned resid norm 1.583178170848e-23 true resid norm 1.583178170847e-23 ||r(i)||/||b|| 3.233632205151e-07
287 KSP unpreconditioned resid norm 1.567129182789e-23 true resid norm 1.567129182786e-23 ||r(i)||/||b|| 3.200852240389e-07
288 KSP unpreconditioned resid norm 1.550036245890e-23 true resid norm 1.550036245884e-23 ||r(i)||/||b|| 3.165940016190e-07
289 KSP unpreconditioned resid norm 1.527619424459e-23 true resid norm 1.527619424456e-23 ||r(i)||/||b|| 3.120153788814e-07
290 KSP unpreconditioned resid norm 1.504017196156e-23 true resid norm 1.504017196157e-23 ||r(i)||/||b|| 3.071946374800e-07
291 KSP unpreconditioned resid norm 1.478935815658e-23 true resid norm 1.478935815656e-23 ||r(i)||/||b|| 3.020717801016e-07
292 KSP unpreconditioned resid norm 1.475706163993e-23 true resid norm 1.470619927622e-23 ||r(i)||/||b|| 3.003732648076e-07
293 KSP unpreconditioned resid norm 1.471996611162e-23 true resid norm 1.464788292894e-23 ||r(i)||/||b|| 2.991821568066e-07
294 KSP unpreconditioned resid norm 1.470877304251e-23 true resid norm 1.465624964928e-23 ||r(i)||/||b|| 2.993530465829e-07
295 KSP unpreconditioned resid norm 1.470875419919e-23 true resid norm 1.465596489083e-23 ||r(i)||/||b|| 2.993472304081e-07
296 KSP unpreconditioned resid norm 1.468930372720e-23 true resid norm 1.467226593631e-23 ||r(i)||/||b|| 2.996801783139e-07
297 KSP unpreconditioned resid norm 1.468683655389e-23 true resid norm 1.468471956754e-23 ||r(i)||/||b|| 2.999345430074e-07
298 KSP unpreconditioned resid norm 1.467105551978e-23 true resid norm 1.474316423851e-23 ||r(i)||/||b|| 3.011282720123e-07
299 KSP unpreconditioned resid norm 1.465861531487e-23 true resid norm 1.478315118006e-23 ||r(i)||/||b|| 3.019450029677e-07
300 KSP unpreconditioned resid norm 1.484396176550e-23 true resid norm 1.484396176550e-23 ||r(i)||/||b|| 3.031870556381e-07
301 KSP unpreconditioned resid norm 1.465733131770e-23 true resid norm 1.465733131757e-23 ||r(i)||/||b|| 2.993751395948e-07
302 KSP unpreconditioned resid norm 1.452201679282e-23 true resid norm 1.452201679275e-23 ||r(i)||/||b|| 2.966113482962e-07
303 KSP unpreconditioned resid norm 1.436586419886e-23 true resid norm 1.436586419874e-23 ||r(i)||/||b|| 2.934219406464e-07
304 KSP unpreconditioned resid norm 1.419646885355e-23 true resid norm 1.419646885346e-23 ||r(i)||/||b|| 2.899620505721e-07
305 KSP unpreconditioned resid norm 1.403851449876e-23 true resid norm 1.403851449870e-23 ||r(i)||/||b|| 2.867358420637e-07
306 KSP unpreconditioned resid norm 1.387057184106e-23 true resid norm 1.387057184101e-23 ||r(i)||/||b|| 2.833056230491e-07
307 KSP unpreconditioned resid norm 1.372795548183e-23 true resid norm 1.372795548182e-23 ||r(i)||/||b|| 2.803926922082e-07
308 KSP unpreconditioned resid norm 1.357685708953e-23 true resid norm 1.357685708951e-23 ||r(i)||/||b|| 2.773065163341e-07
309 KSP unpreconditioned resid norm 1.338364677034e-23 true resid norm 1.338364677027e-23 ||r(i)||/||b|| 2.733602068020e-07
310 KSP unpreconditioned resid norm 1.320218059629e-23 true resid norm 1.320218059622e-23 ||r(i)||/||b|| 2.696537707523e-07
311 KSP unpreconditioned resid norm 1.302054887315e-23 true resid norm 1.302054887310e-23 ||r(i)||/||b|| 2.659439533725e-07
312 KSP unpreconditioned resid norm 1.282739830022e-23 true resid norm 1.282739830027e-23 ||r(i)||/||b|| 2.619988641573e-07
313 KSP unpreconditioned resid norm 1.263512480445e-23 true resid norm 1.263512480440e-23 ||r(i)||/||b|| 2.580716891880e-07
314 KSP unpreconditioned resid norm 1.238071156213e-23 true resid norm 1.238071156207e-23 ||r(i)||/||b|| 2.528753135119e-07
315 KSP unpreconditioned resid norm 1.205201978907e-23 true resid norm 1.205201978912e-23 ||r(i)||/||b|| 2.461618031682e-07
316 KSP unpreconditioned resid norm 1.164749390646e-23 true resid norm 1.164749390643e-23 ||r(i)||/||b|| 2.378993855442e-07
317 KSP unpreconditioned resid norm 1.127170612128e-23 true resid norm 1.127170612132e-23 ||r(i)||/||b|| 2.302239418915e-07
318 KSP unpreconditioned resid norm 1.080264769857e-23 true resid norm 1.080264769859e-23 ||r(i)||/||b|| 2.206434508909e-07
319 KSP unpreconditioned resid norm 1.037031668437e-23 true resid norm 1.037031668436e-23 ||r(i)||/||b|| 2.118131150723e-07
320 KSP unpreconditioned resid norm 9.966062730153e-24 true resid norm 9.966062730171e-24 ||r(i)||/||b|| 2.035562515721e-07
321 KSP unpreconditioned resid norm 9.639733525468e-24 true resid norm 9.639733525483e-24 ||r(i)||/||b|| 1.968909965478e-07
322 KSP unpreconditioned resid norm 9.339777683163e-24 true resid norm 9.339777683154e-24 ||r(i)||/||b|| 1.907644159156e-07
323 KSP unpreconditioned resid norm 9.080689542341e-24 true resid norm 9.080689542246e-24 ||r(i)||/||b|| 1.854725557079e-07
324 KSP unpreconditioned resid norm 8.850025705683e-24 true resid norm 8.850025705736e-24 ||r(i)||/||b|| 1.807612602641e-07
325 KSP unpreconditioned resid norm 8.663477372743e-24 true resid norm 8.663477372833e-24 ||r(i)||/||b|| 1.769510214154e-07
326 KSP unpreconditioned resid norm 8.487123900918e-24 true resid norm 8.487123900921e-24 ||r(i)||/||b|| 1.733490120095e-07
327 KSP unpreconditioned resid norm 8.332814262860e-24 true resid norm 8.332814262917e-24 ||r(i)||/||b|| 1.701972466289e-07
328 KSP unpreconditioned resid norm 8.180688043877e-24 true resid norm 8.180688043805e-24 ||r(i)||/||b|| 1.670900774522e-07
329 KSP unpreconditioned resid norm 7.998620033938e-24 true resid norm 7.998620033945e-24 ||r(i)||/||b|| 1.633713489411e-07
330 KSP unpreconditioned resid norm 7.768412048731e-24 true resid norm 7.768412048732e-24 ||r(i)||/||b|| 1.586693642335e-07
331 KSP unpreconditioned resid norm 7.464120876426e-24 true resid norm 7.464120876357e-24 ||r(i)||/||b|| 1.524542347373e-07
332 KSP unpreconditioned resid norm 7.175525140475e-24 true resid norm 7.175525140367e-24 ||r(i)||/||b|| 1.465596836164e-07
333 KSP unpreconditioned resid norm 6.945332016364e-24 true resid norm 6.945332016193e-24 ||r(i)||/||b|| 1.418580024446e-07
334 KSP unpreconditioned resid norm 6.748490110691e-24 true resid norm 6.748490110437e-24 ||r(i)||/||b|| 1.378375179692e-07
335 KSP unpreconditioned resid norm 6.580212356426e-24 true resid norm 6.580212356240e-24 ||r(i)||/||b|| 1.344004546279e-07
336 KSP unpreconditioned resid norm 6.427914693086e-24 true resid norm 6.427914692880e-24 ||r(i)||/||b|| 1.312897837124e-07
337 KSP unpreconditioned resid norm 6.262281427042e-24 true resid norm 6.262281426854e-24 ||r(i)||/||b|| 1.279067338881e-07
338 KSP unpreconditioned resid norm 6.032585104467e-24 true resid norm 6.032585104290e-24 ||r(i)||/||b|| 1.232151998604e-07
339 KSP unpreconditioned resid norm 5.739809595939e-24 true resid norm 5.739809595784e-24 ||r(i)||/||b|| 1.172352771289e-07
340 KSP unpreconditioned resid norm 5.427430996611e-24 true resid norm 5.427430996432e-24 ||r(i)||/||b|| 1.108549624071e-07
341 KSP unpreconditioned resid norm 5.089423185383e-24 true resid norm 5.089423185396e-24 ||r(i)||/||b|| 1.039511725274e-07
342 KSP unpreconditioned resid norm 4.812952722191e-24 true resid norm 4.812952721925e-24 ||r(i)||/||b|| 9.830427939239e-08
343 KSP unpreconditioned resid norm 4.544403381931e-24 true resid norm 4.544403381709e-24 ||r(i)||/||b|| 9.281917473907e-08
344 KSP unpreconditioned resid norm 4.311834203045e-24 true resid norm 4.311834202712e-24 ||r(i)||/||b|| 8.806896278582e-08
345 KSP unpreconditioned resid norm 4.099371235976e-24 true resid norm 4.099371235886e-24 ||r(i)||/||b|| 8.372941904663e-08
346 KSP unpreconditioned resid norm 3.897657046190e-24 true resid norm 3.897657046141e-24 ||r(i)||/||b|| 7.960941845411e-08
347 KSP unpreconditioned resid norm 3.688598464226e-24 true resid norm 3.688598464118e-24 ||r(i)||/||b|| 7.533940907651e-08
348 KSP unpreconditioned resid norm 3.458896641070e-24 true resid norm 3.458896640983e-24 ||r(i)||/||b|| 7.064776269994e-08
349 KSP unpreconditioned resid norm 3.251617307284e-24 true resid norm 3.251617307001e-24 ||r(i)||/||b|| 6.641409436010e-08
350 KSP unpreconditioned resid norm 3.060569456938e-24 true resid norm 3.060569456787e-24 ||r(i)||/||b|| 6.251195313207e-08
351 KSP unpreconditioned resid norm 2.892592436502e-24 true resid norm 2.892592436433e-24 ||r(i)||/||b|| 5.908103226198e-08
352 KSP unpreconditioned resid norm 2.759971856630e-24 true resid norm 2.759971856509e-24 ||r(i)||/||b|| 5.637226463112e-08
353 KSP unpreconditioned resid norm 2.662360132505e-24 true resid norm 2.662360132559e-24 ||r(i)||/||b|| 5.437855084717e-08
354 KSP unpreconditioned resid norm 2.576027918445e-24 true resid norm 2.576027918362e-24 ||r(i)||/||b|| 5.261522039385e-08
355 KSP unpreconditioned resid norm 2.515408220920e-24 true resid norm 2.515408220750e-24 ||r(i)||/||b|| 5.137706659616e-08
356 KSP unpreconditioned resid norm 2.465588803917e-24 true resid norm 2.465588804014e-24 ||r(i)||/||b|| 5.035950790716e-08
357 KSP unpreconditioned resid norm 2.419086821631e-24 true resid norm 2.419086821574e-24 ||r(i)||/||b|| 4.940970762067e-08
358 KSP unpreconditioned resid norm 2.377352607116e-24 true resid norm 2.377352607196e-24 ||r(i)||/||b|| 4.855728871955e-08
359 KSP unpreconditioned resid norm 2.334236064197e-24 true resid norm 2.334236064063e-24 ||r(i)||/||b|| 4.767663583400e-08
360 KSP unpreconditioned resid norm 2.299271089851e-24 true resid norm 2.299271089721e-24 ||r(i)||/||b|| 4.696247826685e-08
361 KSP unpreconditioned resid norm 2.266547429063e-24 true resid norm 2.266547428993e-24 ||r(i)||/||b|| 4.629409939992e-08
362 KSP unpreconditioned resid norm 2.238713270642e-24 true resid norm 2.238713270641e-24 ||r(i)||/||b|| 4.572558833458e-08
363 KSP unpreconditioned resid norm 2.211085066566e-24 true resid norm 2.211085066381e-24 ||r(i)||/||b|| 4.516128386961e-08
364 KSP unpreconditioned resid norm 2.183372223015e-24 true resid norm 2.183372223043e-24 ||r(i)||/||b|| 4.459525065639e-08
365 KSP unpreconditioned resid norm 2.153039109450e-24 true resid norm 2.153039109387e-24 ||r(i)||/||b|| 4.397569857435e-08
366 KSP unpreconditioned resid norm 2.122831555899e-24 true resid norm 2.122831555773e-24 ||r(i)||/||b|| 4.335871104886e-08
367 KSP unpreconditioned resid norm 2.093659236244e-24 true resid norm 2.093659236130e-24 ||r(i)||/||b|| 4.276286811700e-08
368 KSP unpreconditioned resid norm 2.053520447887e-24 true resid norm 2.053520447718e-24 ||r(i)||/||b|| 4.194303569842e-08
369 KSP unpreconditioned resid norm 2.009257102960e-24 true resid norm 2.009257102995e-24 ||r(i)||/||b|| 4.103895945709e-08
370 KSP unpreconditioned resid norm 1.951388500064e-24 true resid norm 1.951388500049e-24 ||r(i)||/||b|| 3.985699660793e-08
371 KSP unpreconditioned resid norm 1.889197179362e-24 true resid norm 1.889197179292e-24 ||r(i)||/||b|| 3.858674249892e-08
372 KSP unpreconditioned resid norm 1.832250275829e-24 true resid norm 1.832250275637e-24 ||r(i)||/||b|| 3.742360530419e-08
373 KSP unpreconditioned resid norm 1.785270913423e-24 true resid norm 1.785270913288e-24 ||r(i)||/||b|| 3.646405456083e-08
374 KSP unpreconditioned resid norm 1.753562428139e-24 true resid norm 1.753562428060e-24 ||r(i)||/||b|| 3.581641059443e-08
375 KSP unpreconditioned resid norm 1.724721200525e-24 true resid norm 1.724721200642e-24 ||r(i)||/||b|| 3.522733020200e-08
376 KSP unpreconditioned resid norm 1.691333004767e-24 true resid norm 1.691333004509e-24 ||r(i)||/||b|| 3.454537823807e-08
377 KSP unpreconditioned resid norm 1.649927184342e-24 true resid norm 1.649927184369e-24 ||r(i)||/||b|| 3.369966677014e-08
378 KSP unpreconditioned resid norm 1.600350522767e-24 true resid norm 1.600350522634e-24 ||r(i)||/||b|| 3.268706633791e-08
379 KSP unpreconditioned resid norm 1.545032851984e-24 true resid norm 1.545032851924e-24 ||r(i)||/||b|| 3.155720613129e-08
380 KSP unpreconditioned resid norm 1.484465238488e-24 true resid norm 1.484465238419e-24 ||r(i)||/||b|| 3.032011614847e-08
381 KSP unpreconditioned resid norm 1.432106993396e-24 true resid norm 1.432106993409e-24 ||r(i)||/||b|| 2.925070203964e-08
382 KSP unpreconditioned resid norm 1.390096344074e-24 true resid norm 1.390096343981e-24 ||r(i)||/||b|| 2.839263696868e-08
383 KSP unpreconditioned resid norm 1.354331507919e-24 true resid norm 1.354331507628e-24 ||r(i)||/||b|| 2.766214226648e-08
384 KSP unpreconditioned resid norm 1.319015598630e-24 true resid norm 1.319015598395e-24 ||r(i)||/||b|| 2.694081687461e-08
385 KSP unpreconditioned resid norm 1.281600245749e-24 true resid norm 1.281600245712e-24 ||r(i)||/||b|| 2.617661047238e-08
386 KSP unpreconditioned resid norm 1.241415846217e-24 true resid norm 1.241415846108e-24 ||r(i)||/||b|| 2.535584644785e-08
387 KSP unpreconditioned resid norm 1.208897659296e-24 true resid norm 1.208897659149e-24 ||r(i)||/||b|| 2.469166437069e-08
388 KSP unpreconditioned resid norm 1.179303566713e-24 true resid norm 1.179303566573e-24 ||r(i)||/||b|| 2.408720675122e-08
389 KSP unpreconditioned resid norm 1.151924391610e-24 true resid norm 1.151924391456e-24 ||r(i)||/||b|| 2.352798869201e-08
390 KSP unpreconditioned resid norm 1.118771336244e-24 true resid norm 1.118771336192e-24 ||r(i)||/||b|| 2.285083946664e-08
391 KSP unpreconditioned resid norm 1.093289145164e-24 true resid norm 1.107556842924e-24 ||r(i)||/||b|| 2.262178409394e-08
392 KSP unpreconditioned resid norm 1.092679052290e-24 true resid norm 1.102580631161e-24 ||r(i)||/||b|| 2.252014525813e-08
393 KSP unpreconditioned resid norm 1.089916418417e-24 true resid norm 1.113498265590e-24 ||r(i)||/||b|| 2.274313730631e-08
394 KSP unpreconditioned resid norm 1.089910280625e-24 true resid norm 1.113694676304e-24 ||r(i)||/||b|| 2.274714898371e-08
395 KSP unpreconditioned resid norm 1.087273832253e-24 true resid norm 1.131851811491e-24 ||r(i)||/||b|| 2.311800741377e-08
396 KSP unpreconditioned resid norm 1.086290746930e-24 true resid norm 1.136484593813e-24 ||r(i)||/||b|| 2.321263172324e-08
397 KSP unpreconditioned resid norm 1.082426595606e-24 true resid norm 1.162393242286e-24 ||r(i)||/||b|| 2.374181436127e-08
398 KSP unpreconditioned resid norm 1.082426537407e-24 true resid norm 1.162377904635e-24 ||r(i)||/||b|| 2.374150109064e-08
399 KSP unpreconditioned resid norm 1.079887230894e-24 true resid norm 1.186465680365e-24 ||r(i)||/||b|| 2.423349250882e-08
400 KSP unpreconditioned resid norm 1.187599365210e-24 true resid norm 1.187599365210e-24 ||r(i)||/||b|| 2.425664795583e-08
401 KSP unpreconditioned resid norm 1.165585262132e-24 true resid norm 1.165585262067e-24 ||r(i)||/||b|| 2.380701117963e-08
402 KSP unpreconditioned resid norm 1.146901920147e-24 true resid norm 1.146901920109e-24 ||r(i)||/||b|| 2.342540500688e-08
403 KSP unpreconditioned resid norm 1.127528390300e-24 true resid norm 1.127528390350e-24 ||r(i)||/||b|| 2.302970178845e-08
404 KSP unpreconditioned resid norm 1.106569993946e-24 true resid norm 1.106569993828e-24 ||r(i)||/||b|| 2.260162775857e-08
405 KSP unpreconditioned resid norm 1.086502003115e-24 true resid norm 1.086502003053e-24 ||r(i)||/||b|| 2.219174021426e-08
406 KSP unpreconditioned resid norm 1.057138750383e-24 true resid norm 1.057138750432e-24 ||r(i)||/||b|| 2.159199748744e-08
407 KSP unpreconditioned resid norm 1.030211414905e-24 true resid norm 1.030211414902e-24 ||r(i)||/||b|| 2.104200822550e-08
408 KSP unpreconditioned resid norm 1.005121511679e-24 true resid norm 1.005121511680e-24 ||r(i)||/||b|| 2.052954841160e-08
409 KSP unpreconditioned resid norm 9.839692853985e-25 true resid norm 9.839692852540e-25 ||r(i)||/||b|| 2.009751541720e-08
  Linear solve converged due to CONVERGED_ATOL iterations 409
Mat Object: 1 MPI process
  type: seqaijcusparse
  rows=281452, cols=281452, bs=4
  total: nonzeros=15993520, allocated nonzeros=15993520
  total number of mallocs used during MatSetValues calls=0
    not using I-node routines
Vec Object: 1 MPI process
  type: seqcuda
  length=281452, bs=4
Vec Object: 1 MPI process
  type: seqcuda
  length=281452, bs=4
KSP Object: 1 MPI process
  type: gmres
    restart=100, using classical (unmodified) Gram-Schmidt orthogonalization with no iterative refinement
    happy breakdown tolerance=1e-30
  maximum iterations=2000, initial guess is zero
  tolerances: relative=1e-10, absolute=1e-24, divergence=10000.
  right preconditioning
  diagonally scaled system
  using UNPRECONDITIONED norm type for convergence test
PC Object: 1 MPI process
  type: asm
    total subdomain blocks = 1, amount of overlap = 2
    restriction/interpolation type - RESTRICT
    Local solver information for first block is in the following KSP and PC objects on rank 0:
    Use -ksp_view ::ascii_info_detail to display information for all blocks
    KSP Object: (sub_) 1 MPI process
      type: preonly
      maximum iterations=10000, initial guess is zero
      tolerances: relative=1e-05, absolute=1e-50, divergence=10000.
      left preconditioning
      not checking for convergence
    PC Object: (sub_) 1 MPI process
      type: ilu
        out-of-place factorization
        2 levels of fill
        tolerance for zero pivot 2.22045e-14
        matrix ordering: natural
        factor fill ratio given 1., needed 4.996
          Factored matrix:
            Mat Object: (sub_) 1 MPI process
              type: seqaijcusparse
              rows=281452, cols=281452, bs=4
              package used to perform factorization: cusparse
              total: nonzeros=79903664, allocated nonzeros=79903664
                using I-node routines: found 70363 nodes, limit used is 5
      linear system matrix, which is also used to construct the preconditioner:
      Mat Object: (sub_) 1 MPI process
        type: seqaijcusparse
        rows=281452, cols=281452, bs=4
        total: nonzeros=15993520, allocated nonzeros=15993520
        total number of mallocs used during MatSetValues calls=0
          not using I-node routines
  linear system matrix, which is also used to construct the preconditioner:
  Mat Object: 1 MPI process
    type: seqaijcusparse
    rows=281452, cols=281452, bs=4
    total: nonzeros=15993520, allocated nonzeros=15993520
    total number of mallocs used during MatSetValues calls=0
      not using I-node routines
 NS     65-1    2.375e+03 [   0  1.000e+00  4.856e-14  2.010e-08] [  409 -177   83]
Vec Object: 1 MPI process
  type: seqcuda
  length=281452, bs=4
Mat Object: 1 MPI process
  type: seqaijcusparse
  rows=281452, cols=281452, bs=4
  total: nonzeros=15993520, allocated nonzeros=15993520
  total number of mallocs used during MatSetValues calls=0
    not using I-node routines
Mat Object: 1 MPI process
  type: seqaijcusparse
  rows=281452, cols=281452, bs=4
  total: nonzeros=15993520, allocated nonzeros=15993520
  total number of mallocs used during MatSetValues calls=0
    not using I-node routines
SV13P_REUSE step=65 equation=0 reuse=1 rebuild_requests=5 solve_requests=10 ksp=0x55729b63aa50 pc=0x55729d0f73e0
  0 KSP unpreconditioned resid norm 3.100598781530e-17 true resid norm 3.100598781530e-17 ||r(i)||/||b|| 1.000000000000e+00
  1 KSP unpreconditioned resid norm 1.887635245058e-18 true resid norm 1.887635245058e-18 ||r(i)||/||b|| 6.087970027925e-02
  2 KSP unpreconditioned resid norm 6.741119569471e-19 true resid norm 6.741119569471e-19 ||r(i)||/||b|| 2.174134754108e-02
  3 KSP unpreconditioned resid norm 3.812675824009e-19 true resid norm 3.812675824009e-19 ||r(i)||/||b|| 1.229657912117e-02
  4 KSP unpreconditioned resid norm 2.568822859543e-19 true resid norm 2.568822859543e-19 ||r(i)||/||b|| 8.284925075909e-03
  5 KSP unpreconditioned resid norm 1.793619422235e-19 true resid norm 1.793619422235e-19 ||r(i)||/||b|| 5.784751748339e-03
  6 KSP unpreconditioned resid norm 1.347702782096e-19 true resid norm 1.347702782096e-19 ||r(i)||/||b|| 4.346588762544e-03
  7 KSP unpreconditioned resid norm 1.121564545887e-19 true resid norm 1.121564545887e-19 ||r(i)||/||b|| 3.617251456614e-03
  8 KSP unpreconditioned resid norm 9.400923773335e-20 true resid norm 9.400923773335e-20 ||r(i)||/||b|| 3.031970414662e-03
  9 KSP unpreconditioned resid norm 8.088198042733e-20 true resid norm 8.088198042733e-20 ||r(i)||/||b|| 2.608592279308e-03
 10 KSP unpreconditioned resid norm 7.067256805854e-20 true resid norm 7.067256805854e-20 ||r(i)||/||b|| 2.279319997141e-03
 11 KSP unpreconditioned resid norm 6.210878523874e-20 true resid norm 6.210878523874e-20 ||r(i)||/||b|| 2.003122287498e-03
 12 KSP unpreconditioned resid norm 5.335684268377e-20 true resid norm 5.335684268377e-20 ||r(i)||/||b|| 1.720856081142e-03
 13 KSP unpreconditioned resid norm 4.517459519927e-20 true resid norm 4.517459519927e-20 ||r(i)||/||b|| 1.456963586142e-03
 14 KSP unpreconditioned resid norm 3.713984979510e-20 true resid norm 3.713984979510e-20 ||r(i)||/||b|| 1.197828303885e-03
 15 KSP unpreconditioned resid norm 3.050619880091e-20 true resid norm 3.050619880091e-20 ||r(i)||/||b|| 9.838808872218e-04
 16 KSP unpreconditioned resid norm 2.543739322641e-20 true resid norm 2.543739322641e-20 ||r(i)||/||b|| 8.204026066815e-04
 17 KSP unpreconditioned resid norm 2.155405621979e-20 true resid norm 2.155405621979e-20 ||r(i)||/||b|| 6.951578626742e-04
 18 KSP unpreconditioned resid norm 1.820081512025e-20 true resid norm 1.820081512025e-20 ||r(i)||/||b|| 5.870096843445e-04
 19 KSP unpreconditioned resid norm 1.573007995573e-20 true resid norm 1.573007995573e-20 ||r(i)||/||b|| 5.073239417312e-04
 20 KSP unpreconditioned resid norm 1.370663307858e-20 true resid norm 1.370663307858e-20 ||r(i)||/||b|| 4.420640671159e-04
 21 KSP unpreconditioned resid norm 1.223301838034e-20 true resid norm 1.223301838034e-20 ||r(i)||/||b|| 3.945372891587e-04
 22 KSP unpreconditioned resid norm 1.092360631589e-20 true resid norm 1.092360631589e-20 ||r(i)||/||b|| 3.523063474371e-04
 23 KSP unpreconditioned resid norm 9.713703173922e-21 true resid norm 9.713703173922e-21 ||r(i)||/||b|| 3.132847510547e-04
 24 KSP unpreconditioned resid norm 8.840926038023e-21 true resid norm 8.840926038022e-21 ||r(i)||/||b|| 2.851360869612e-04
 25 KSP unpreconditioned resid norm 8.168955072897e-21 true resid norm 8.168955072897e-21 ||r(i)||/||b|| 2.634637903349e-04
 26 KSP unpreconditioned resid norm 7.722543641824e-21 true resid norm 7.722543641824e-21 ||r(i)||/||b|| 2.490662025615e-04
 27 KSP unpreconditioned resid norm 7.346261542075e-21 true resid norm 7.346261542075e-21 ||r(i)||/||b|| 2.369304144037e-04
 28 KSP unpreconditioned resid norm 7.032160618226e-21 true resid norm 7.032160618227e-21 ||r(i)||/||b|| 2.268000832651e-04
 29 KSP unpreconditioned resid norm 6.718662053217e-21 true resid norm 6.718662053217e-21 ||r(i)||/||b|| 2.166891793043e-04
 30 KSP unpreconditioned resid norm 6.430079305886e-21 true resid norm 6.430079305885e-21 ||r(i)||/||b|| 2.073818561817e-04
 31 KSP unpreconditioned resid norm 6.193285871595e-21 true resid norm 6.193285871595e-21 ||r(i)||/||b|| 1.997448334331e-04
 32 KSP unpreconditioned resid norm 5.985698262208e-21 true resid norm 5.985698262208e-21 ||r(i)||/||b|| 1.930497521274e-04
 33 KSP unpreconditioned resid norm 5.772304286828e-21 true resid norm 5.772304286828e-21 ||r(i)||/||b|| 1.861674048643e-04
 34 KSP unpreconditioned resid norm 5.522453468020e-21 true resid norm 5.522453468020e-21 ||r(i)||/||b|| 1.781092575059e-04
 35 KSP unpreconditioned resid norm 5.269680532676e-21 true resid norm 5.269680532675e-21 ||r(i)||/||b|| 1.699568665274e-04
 36 KSP unpreconditioned resid norm 5.035766683896e-21 true resid norm 5.035766683896e-21 ||r(i)||/||b|| 1.624127156952e-04
 37 KSP unpreconditioned resid norm 4.802408340887e-21 true resid norm 4.802408340887e-21 ||r(i)||/||b|| 1.548864809434e-04
 38 KSP unpreconditioned resid norm 4.566854892864e-21 true resid norm 4.566854892864e-21 ||r(i)||/||b|| 1.472894500272e-04
 39 KSP unpreconditioned resid norm 4.370103899212e-21 true resid norm 4.370103899212e-21 ||r(i)||/||b|| 1.409438694630e-04
 40 KSP unpreconditioned resid norm 4.227879685741e-21 true resid norm 4.227879685741e-21 ||r(i)||/||b|| 1.363568776110e-04
 41 KSP unpreconditioned resid norm 4.092580496975e-21 true resid norm 4.092580496975e-21 ||r(i)||/||b|| 1.319932305126e-04
 42 KSP unpreconditioned resid norm 3.959885924517e-21 true resid norm 3.959885924517e-21 ||r(i)||/||b|| 1.277135870692e-04
 43 KSP unpreconditioned resid norm 3.814065960802e-21 true resid norm 3.814065960802e-21 ||r(i)||/||b|| 1.230106256741e-04
 44 KSP unpreconditioned resid norm 3.658599418005e-21 true resid norm 3.658599418005e-21 ||r(i)||/||b|| 1.179965444029e-04
 45 KSP unpreconditioned resid norm 3.529648225319e-21 true resid norm 3.529648225319e-21 ||r(i)||/||b|| 1.138376318260e-04
 46 KSP unpreconditioned resid norm 3.427247425238e-21 true resid norm 3.427247425238e-21 ||r(i)||/||b|| 1.105350181279e-04
 47 KSP unpreconditioned resid norm 3.341953296003e-21 true resid norm 3.341953296003e-21 ||r(i)||/||b|| 1.077841259537e-04
 48 KSP unpreconditioned resid norm 3.252704915063e-21 true resid norm 3.252704915063e-21 ||r(i)||/||b|| 1.049057019063e-04
 49 KSP unpreconditioned resid norm 3.178969469522e-21 true resid norm 3.178969469522e-21 ||r(i)||/||b|| 1.025275984903e-04
 50 KSP unpreconditioned resid norm 3.103492987799e-21 true resid norm 3.103492987799e-21 ||r(i)||/||b|| 1.000933434628e-04
 51 KSP unpreconditioned resid norm 3.036219455391e-21 true resid norm 3.036219455391e-21 ||r(i)||/||b|| 9.792364860223e-05
 52 KSP unpreconditioned resid norm 2.966433054127e-21 true resid norm 2.966433054127e-21 ||r(i)||/||b|| 9.567290911024e-05
 53 KSP unpreconditioned resid norm 2.896106266849e-21 true resid norm 2.896106266849e-21 ||r(i)||/||b|| 9.340474117778e-05
 54 KSP unpreconditioned resid norm 2.845542410258e-21 true resid norm 2.845542410258e-21 ||r(i)||/||b|| 9.177396402297e-05
 55 KSP unpreconditioned resid norm 2.801604629519e-21 true resid norm 2.801604629519e-21 ||r(i)||/||b|| 9.035688997261e-05
 56 KSP unpreconditioned resid norm 2.761213033145e-21 true resid norm 2.761213033145e-21 ||r(i)||/||b|| 8.905418687491e-05
 57 KSP unpreconditioned resid norm 2.725347890514e-21 true resid norm 2.725347890514e-21 ||r(i)||/||b|| 8.789747021602e-05
 58 KSP unpreconditioned resid norm 2.691106988762e-21 true resid norm 2.691106988762e-21 ||r(i)||/||b|| 8.679313830582e-05
 59 KSP unpreconditioned resid norm 2.655382697986e-21 true resid norm 2.655382697986e-21 ||r(i)||/||b|| 8.564096437771e-05
 60 KSP unpreconditioned resid norm 2.615630993273e-21 true resid norm 2.615630993273e-21 ||r(i)||/||b|| 8.435889896022e-05
 61 KSP unpreconditioned resid norm 2.568050496289e-21 true resid norm 2.568050496289e-21 ||r(i)||/||b|| 8.282434062692e-05
 62 KSP unpreconditioned resid norm 2.512589511536e-21 true resid norm 2.512589511536e-21 ||r(i)||/||b|| 8.103562210316e-05
 63 KSP unpreconditioned resid norm 2.460524666199e-21 true resid norm 2.460524666199e-21 ||r(i)||/||b|| 7.935643530714e-05
 64 KSP unpreconditioned resid norm 2.414715958331e-21 true resid norm 2.414715958331e-21 ||r(i)||/||b|| 7.787902042389e-05
 65 KSP unpreconditioned resid norm 2.366878895189e-21 true resid norm 2.366878895189e-21 ||r(i)||/||b|| 7.633618736123e-05
 66 KSP unpreconditioned resid norm 2.313317933268e-21 true resid norm 2.313317933268e-21 ||r(i)||/||b|| 7.460874806015e-05
 67 KSP unpreconditioned resid norm 2.258323748651e-21 true resid norm 2.258323748651e-21 ||r(i)||/||b|| 7.283508469729e-05
 68 KSP unpreconditioned resid norm 2.201864372262e-21 true resid norm 2.201864372262e-21 ||r(i)||/||b|| 7.101416621131e-05
 69 KSP unpreconditioned resid norm 2.144468511982e-21 true resid norm 2.144468511982e-21 ||r(i)||/||b|| 6.916304440151e-05
 70 KSP unpreconditioned resid norm 2.097399922584e-21 true resid norm 2.097399922584e-21 ||r(i)||/||b|| 6.764499602716e-05
 71 KSP unpreconditioned resid norm 2.052201370240e-21 true resid norm 2.052201370241e-21 ||r(i)||/||b|| 6.618725977916e-05
 72 KSP unpreconditioned resid norm 2.006657614157e-21 true resid norm 2.006657614157e-21 ||r(i)||/||b|| 6.471839007711e-05
 73 KSP unpreconditioned resid norm 1.966043109929e-21 true resid norm 1.966043109929e-21 ||r(i)||/||b|| 6.340849779211e-05
 74 KSP unpreconditioned resid norm 1.925899177895e-21 true resid norm 1.925899177895e-21 ||r(i)||/||b|| 6.211378232383e-05
 75 KSP unpreconditioned resid norm 1.884865526976e-21 true resid norm 1.884865526976e-21 ||r(i)||/||b|| 6.079037178895e-05
 76 KSP unpreconditioned resid norm 1.827257953189e-21 true resid norm 1.827257953189e-21 ||r(i)||/||b|| 5.893242183006e-05
 77 KSP unpreconditioned resid norm 1.759972356510e-21 true resid norm 1.759972356510e-21 ||r(i)||/||b|| 5.676233787467e-05
 78 KSP unpreconditioned resid norm 1.665063072776e-21 true resid norm 1.665063072776e-21 ||r(i)||/||b|| 5.370133932499e-05
 79 KSP unpreconditioned resid norm 1.565893546670e-21 true resid norm 1.565893546670e-21 ||r(i)||/||b|| 5.050294014169e-05
 80 KSP unpreconditioned resid norm 1.471406065577e-21 true resid norm 1.471406065578e-21 ||r(i)||/||b|| 4.745554550118e-05
 81 KSP unpreconditioned resid norm 1.383438169420e-21 true resid norm 1.383438169420e-21 ||r(i)||/||b|| 4.461841943760e-05
 82 KSP unpreconditioned resid norm 1.287539929278e-21 true resid norm 1.287539929278e-21 ||r(i)||/||b|| 4.152552522911e-05
 83 KSP unpreconditioned resid norm 1.183576084770e-21 true resid norm 1.183576084771e-21 ||r(i)||/||b|| 3.817250048028e-05
 84 KSP unpreconditioned resid norm 1.083726730365e-21 true resid norm 1.083726730366e-21 ||r(i)||/||b|| 3.495217558692e-05
 85 KSP unpreconditioned resid norm 1.002772203184e-21 true resid norm 1.002772203183e-21 ||r(i)||/||b|| 3.234124354162e-05
 86 KSP unpreconditioned resid norm 9.383304245710e-22 true resid norm 9.383304245686e-22 ||r(i)||/||b|| 3.026287793694e-05
 87 KSP unpreconditioned resid norm 8.892609709972e-22 true resid norm 8.892609709948e-22 ||r(i)||/||b|| 2.868029802153e-05
 88 KSP unpreconditioned resid norm 8.547859161932e-22 true resid norm 8.547859161916e-22 ||r(i)||/||b|| 2.756841424577e-05
 89 KSP unpreconditioned resid norm 8.251828419858e-22 true resid norm 8.251828419839e-22 ||r(i)||/||b|| 2.661366078383e-05
 90 KSP unpreconditioned resid norm 8.027401491767e-22 true resid norm 8.027401491750e-22 ||r(i)||/||b|| 2.588984276059e-05
 91 KSP unpreconditioned resid norm 7.964035938865e-22 true resid norm 7.964056400663e-22 ||r(i)||/||b|| 2.568554321863e-05
 92 KSP unpreconditioned resid norm 7.831057440653e-22 true resid norm 7.766677750277e-22 ||r(i)||/||b|| 2.504896085408e-05
 93 KSP unpreconditioned resid norm 7.811287511354e-22 true resid norm 7.733796777646e-22 ||r(i)||/||b|| 2.494291368401e-05
 94 KSP unpreconditioned resid norm 7.782415654387e-22 true resid norm 7.653902447315e-22 ||r(i)||/||b|| 2.468523980887e-05
 95 KSP unpreconditioned resid norm 7.782296030910e-22 true resid norm 7.651659388697e-22 ||r(i)||/||b|| 2.467800553324e-05
 96 KSP unpreconditioned resid norm 7.782290092317e-22 true resid norm 7.651843487382e-22 ||r(i)||/||b|| 2.467859928528e-05
 97 KSP unpreconditioned resid norm 7.782034503750e-22 true resid norm 7.651983368202e-22 ||r(i)||/||b|| 2.467905042660e-05
 98 KSP unpreconditioned resid norm 7.781611304999e-22 true resid norm 7.649697096538e-22 ||r(i)||/||b|| 2.467167678097e-05
 99 KSP unpreconditioned resid norm 7.781224589418e-22 true resid norm 7.648856180331e-22 ||r(i)||/||b|| 2.466896467190e-05
100 KSP unpreconditioned resid norm 7.648888644235e-22 true resid norm 7.648888644235e-22 ||r(i)||/||b|| 2.466906937395e-05
101 KSP unpreconditioned resid norm 7.565354685668e-22 true resid norm 7.565354685668e-22 ||r(i)||/||b|| 2.439965702991e-05
102 KSP unpreconditioned resid norm 7.434491776714e-22 true resid norm 7.434491776713e-22 ||r(i)||/||b|| 2.397760013646e-05
103 KSP unpreconditioned resid norm 7.272448204635e-22 true resid norm 7.272448204635e-22 ||r(i)||/||b|| 2.345497988310e-05
104 KSP unpreconditioned resid norm 7.041621319948e-22 true resid norm 7.041621319948e-22 ||r(i)||/||b|| 2.271052082551e-05
105 KSP unpreconditioned resid norm 6.841693444778e-22 true resid norm 6.841693444778e-22 ||r(i)||/||b|| 2.206571674327e-05
106 KSP unpreconditioned resid norm 6.649493451700e-22 true resid norm 6.649493451700e-22 ||r(i)||/||b|| 2.144583649878e-05
107 KSP unpreconditioned resid norm 6.431640414723e-22 true resid norm 6.431640414722e-22 ||r(i)||/||b|| 2.074322048062e-05
108 KSP unpreconditioned resid norm 6.149168252114e-22 true resid norm 6.149168252114e-22 ||r(i)||/||b|| 1.983219592533e-05
109 KSP unpreconditioned resid norm 5.954092210385e-22 true resid norm 5.954092210385e-22 ||r(i)||/||b|| 1.920303989621e-05
110 KSP unpreconditioned resid norm 5.810205174197e-22 true resid norm 5.810205174196e-22 ||r(i)||/||b|| 1.873897780263e-05
111 KSP unpreconditioned resid norm 5.682957098976e-22 true resid norm 5.682957098976e-22 ||r(i)||/||b|| 1.832857941127e-05
112 KSP unpreconditioned resid norm 5.572538961675e-22 true resid norm 5.572538961675e-22 ||r(i)||/||b|| 1.797246065783e-05
113 KSP unpreconditioned resid norm 5.461637682815e-22 true resid norm 5.461637682814e-22 ||r(i)||/||b|| 1.761478368420e-05
114 KSP unpreconditioned resid norm 5.333546813744e-22 true resid norm 5.333546813743e-22 ||r(i)||/||b|| 1.720166712802e-05
115 KSP unpreconditioned resid norm 5.198757454771e-22 true resid norm 5.198757454771e-22 ||r(i)||/||b|| 1.676694671281e-05
116 KSP unpreconditioned resid norm 5.073915202345e-22 true resid norm 5.073915202345e-22 ||r(i)||/||b|| 1.636430754140e-05
117 KSP unpreconditioned resid norm 4.985977817632e-22 true resid norm 4.985977817631e-22 ||r(i)||/||b|| 1.608069334005e-05
118 KSP unpreconditioned resid norm 4.902784752714e-22 true resid norm 4.902784752714e-22 ||r(i)||/||b|| 1.581238044058e-05
119 KSP unpreconditioned resid norm 4.833492769695e-22 true resid norm 4.833492769695e-22 ||r(i)||/||b|| 1.558890108094e-05
120 KSP unpreconditioned resid norm 4.751179631242e-22 true resid norm 4.751179631242e-22 ||r(i)||/||b|| 1.532342610577e-05
121 KSP unpreconditioned resid norm 4.666581684391e-22 true resid norm 4.666581684391e-22 ||r(i)||/||b|| 1.505058220428e-05
122 KSP unpreconditioned resid norm 4.571506310755e-22 true resid norm 4.571506310755e-22 ||r(i)||/||b|| 1.474394667890e-05
123 KSP unpreconditioned resid norm 4.458851658640e-22 true resid norm 4.458851658640e-22 ||r(i)||/||b|| 1.438061475480e-05
124 KSP unpreconditioned resid norm 4.366096120436e-22 true resid norm 4.366096120436e-22 ||r(i)||/||b|| 1.408146112436e-05
125 KSP unpreconditioned resid norm 4.283342152748e-22 true resid norm 4.283342152747e-22 ||r(i)||/||b|| 1.381456439402e-05
126 KSP unpreconditioned resid norm 4.214917651824e-22 true resid norm 4.214917651823e-22 ||r(i)||/||b|| 1.359388282332e-05
127 KSP unpreconditioned resid norm 4.155277992712e-22 true resid norm 4.155277992712e-22 ||r(i)||/||b|| 1.340153397939e-05
128 KSP unpreconditioned resid norm 4.111315945203e-22 true resid norm 4.111315945203e-22 ||r(i)||/||b|| 1.325974830956e-05
129 KSP unpreconditioned resid norm 4.073033600961e-22 true resid norm 4.073033600960e-22 ||r(i)||/||b|| 1.313628072495e-05
130 KSP unpreconditioned resid norm 4.032015997043e-22 true resid norm 4.032015997043e-22 ||r(i)||/||b|| 1.300399142598e-05
131 KSP unpreconditioned resid norm 3.988468668662e-22 true resid norm 3.988468668662e-22 ||r(i)||/||b|| 1.286354330145e-05
132 KSP unpreconditioned resid norm 3.943505964959e-22 true resid norm 3.943505964959e-22 ||r(i)||/||b|| 1.271853033179e-05
133 KSP unpreconditioned resid norm 3.891598670897e-22 true resid norm 3.891598670897e-22 ||r(i)||/||b|| 1.255111978395e-05
134 KSP unpreconditioned resid norm 3.837479654170e-22 true resid norm 3.837479654169e-22 ||r(i)||/||b|| 1.237657602470e-05
135 KSP unpreconditioned resid norm 3.771824313353e-22 true resid norm 3.771824313352e-22 ||r(i)||/||b|| 1.216482550345e-05
136 KSP unpreconditioned resid norm 3.687542487401e-22 true resid norm 3.687542487400e-22 ||r(i)||/||b|| 1.189300114986e-05
137 KSP unpreconditioned resid norm 3.583209271844e-22 true resid norm 3.583209271844e-22 ||r(i)||/||b|| 1.155650738557e-05
138 KSP unpreconditioned resid norm 3.445471080218e-22 true resid norm 3.445471080217e-22 ||r(i)||/||b|| 1.111227644396e-05
139 KSP unpreconditioned resid norm 3.259130474115e-22 true resid norm 3.259130474115e-22 ||r(i)||/||b|| 1.051129379760e-05
140 KSP unpreconditioned resid norm 3.049393223072e-22 true resid norm 3.049393223072e-22 ||r(i)||/||b|| 9.834852678252e-06
141 KSP unpreconditioned resid norm 2.834649507412e-22 true resid norm 2.834649507411e-22 ||r(i)||/||b|| 9.142264791875e-06
142 KSP unpreconditioned resid norm 2.671419814708e-22 true resid norm 2.671419814707e-22 ||r(i)||/||b|| 8.615819081851e-06
143 KSP unpreconditioned resid norm 2.527953369999e-22 true resid norm 2.527953369999e-22 ||r(i)||/||b|| 8.153113472976e-06
144 KSP unpreconditioned resid norm 2.393083871914e-22 true resid norm 2.393083871913e-22 ||r(i)||/||b|| 7.718134594417e-06
145 KSP unpreconditioned resid norm 2.272772554558e-22 true resid norm 2.272772554559e-22 ||r(i)||/||b|| 7.330108519998e-06
146 KSP unpreconditioned resid norm 2.145125693969e-22 true resid norm 2.145125693969e-22 ||r(i)||/||b|| 6.918423972644e-06
147 KSP unpreconditioned resid norm 2.025977287512e-22 true resid norm 2.025977287512e-22 ||r(i)||/||b|| 6.534148499254e-06
148 KSP unpreconditioned resid norm 1.903246449126e-22 true resid norm 1.903246449126e-22 ||r(i)||/||b|| 6.138319025550e-06
149 KSP unpreconditioned resid norm 1.793998807680e-22 true resid norm 1.793998807680e-22 ||r(i)||/||b|| 5.785975336011e-06
150 KSP unpreconditioned resid norm 1.696840502403e-22 true resid norm 1.696840502403e-22 ||r(i)||/||b|| 5.472621973893e-06
151 KSP unpreconditioned resid norm 1.625850407910e-22 true resid norm 1.625850407909e-22 ||r(i)||/||b|| 5.243665893163e-06
152 KSP unpreconditioned resid norm 1.564180879398e-22 true resid norm 1.564180879398e-22 ||r(i)||/||b|| 5.044770347959e-06
153 KSP unpreconditioned resid norm 1.504039240130e-22 true resid norm 1.504039240130e-22 ||r(i)||/||b|| 4.850802525915e-06
154 KSP unpreconditioned resid norm 1.446148206265e-22 true resid norm 1.446148206264e-22 ||r(i)||/||b|| 4.664093319262e-06
155 KSP unpreconditioned resid norm 1.391187733733e-22 true resid norm 1.391187733732e-22 ||r(i)||/||b|| 4.486835710636e-06
156 KSP unpreconditioned resid norm 1.343871401042e-22 true resid norm 1.343871401041e-22 ||r(i)||/||b|| 4.334231855623e-06
157 KSP unpreconditioned resid norm 1.302728654154e-22 true resid norm 1.302728654154e-22 ||r(i)||/||b|| 4.201538947620e-06
158 KSP unpreconditioned resid norm 1.265797572768e-22 true resid norm 1.265797572768e-22 ||r(i)||/||b|| 4.082429433658e-06
159 KSP unpreconditioned resid norm 1.222988304023e-22 true resid norm 1.222988304023e-22 ||r(i)||/||b|| 3.944361686873e-06
160 KSP unpreconditioned resid norm 1.179924872259e-22 true resid norm 1.179924872258e-22 ||r(i)||/||b|| 3.805474217712e-06
161 KSP unpreconditioned resid norm 1.137158476968e-22 true resid norm 1.137158476968e-22 ||r(i)||/||b|| 3.667544745684e-06
162 KSP unpreconditioned resid norm 1.095177306669e-22 true resid norm 1.095177306668e-22 ||r(i)||/||b|| 3.532147768335e-06
163 KSP unpreconditioned resid norm 1.055629289468e-22 true resid norm 1.055629289467e-22 ||r(i)||/||b|| 3.404598156187e-06
164 KSP unpreconditioned resid norm 1.016093007858e-22 true resid norm 1.016093007858e-22 ||r(i)||/||b|| 3.277086393475e-06
165 KSP unpreconditioned resid norm 9.797733229239e-23 true resid norm 9.797733229232e-23 ||r(i)||/||b|| 3.159948745254e-06
166 KSP unpreconditioned resid norm 9.418354907589e-23 true resid norm 9.418354907583e-23 ||r(i)||/||b|| 3.037592275301e-06
167 KSP unpreconditioned resid norm 9.084744342878e-23 true resid norm 9.084744342872e-23 ||r(i)||/||b|| 2.929996746754e-06
168 KSP unpreconditioned resid norm 8.826919287797e-23 true resid norm 8.826919287795e-23 ||r(i)||/||b|| 2.846843435654e-06
169 KSP unpreconditioned resid norm 8.582105474784e-23 true resid norm 8.582105474785e-23 ||r(i)||/||b|| 2.767886488864e-06
170 KSP unpreconditioned resid norm 8.338455464554e-23 true resid norm 8.338455464551e-23 ||r(i)||/||b|| 2.689304889824e-06
171 KSP unpreconditioned resid norm 8.074895428175e-23 true resid norm 8.074895428178e-23 ||r(i)||/||b|| 2.604301942025e-06
172 KSP unpreconditioned resid norm 7.764194986078e-23 true resid norm 7.764194986079e-23 ||r(i)||/||b|| 2.504095348398e-06
173 KSP unpreconditioned resid norm 7.429046836037e-23 true resid norm 7.429046836035e-23 ||r(i)||/||b|| 2.396003920368e-06
174 KSP unpreconditioned resid norm 7.141864155538e-23 true resid norm 7.141864155541e-23 ||r(i)||/||b|| 2.303382236387e-06
175 KSP unpreconditioned resid norm 6.968275813434e-23 true resid norm 6.968275813434e-23 ||r(i)||/||b|| 2.247396810882e-06
176 KSP unpreconditioned resid norm 6.824225538391e-23 true resid norm 6.824225538393e-23 ||r(i)||/||b|| 2.200937953999e-06
177 KSP unpreconditioned resid norm 6.719806115045e-23 true resid norm 6.719806115040e-23 ||r(i)||/||b|| 2.167260773973e-06
178 KSP unpreconditioned resid norm 6.618814022047e-23 true resid norm 6.618814022049e-23 ||r(i)||/||b|| 2.134688970878e-06
179 KSP unpreconditioned resid norm 6.528368935186e-23 true resid norm 6.528368935185e-23 ||r(i)||/||b|| 2.105518770785e-06
180 KSP unpreconditioned resid norm 6.429445197891e-23 true resid norm 6.429445197887e-23 ||r(i)||/||b|| 2.073614050353e-06
181 KSP unpreconditioned resid norm 6.309540246496e-23 true resid norm 6.309540246500e-23 ||r(i)||/||b|| 2.034942503392e-06
182 KSP unpreconditioned resid norm 6.157761805327e-23 true resid norm 6.157761805336e-23 ||r(i)||/||b|| 1.985991171130e-06
183 KSP unpreconditioned resid norm 6.001048605423e-23 true resid norm 6.001048605434e-23 ||r(i)||/||b|| 1.935448288628e-06
184 KSP unpreconditioned resid norm 5.877238026403e-23 true resid norm 5.877238026418e-23 ||r(i)||/||b|| 1.895517105092e-06
185 KSP unpreconditioned resid norm 5.757268646402e-23 true resid norm 5.757268646413e-23 ||r(i)||/||b|| 1.856824778719e-06
186 KSP unpreconditioned resid norm 5.652202414768e-23 true resid norm 5.652202414790e-23 ||r(i)||/||b|| 1.822938991159e-06
187 KSP unpreconditioned resid norm 5.541911295694e-23 true resid norm 5.541911295709e-23 ||r(i)||/||b|| 1.787368081521e-06
188 KSP unpreconditioned resid norm 5.440850538950e-23 true resid norm 5.440850538966e-23 ||r(i)||/||b|| 1.754774133105e-06
189 KSP unpreconditioned resid norm 5.289463883533e-23 true resid norm 5.289463883554e-23 ||r(i)||/||b|| 1.705949158937e-06
190 KSP unpreconditioned resid norm 5.096796995607e-23 true resid norm 5.096796995625e-23 ||r(i)||/||b|| 1.643810552331e-06
191 KSP unpreconditioned resid norm 4.911516333420e-23 true resid norm 4.911516333438e-23 ||r(i)||/||b|| 1.584054139057e-06
192 KSP unpreconditioned resid norm 4.875378988554e-23 true resid norm 4.845695677246e-23 ||r(i)||/||b|| 1.562825769690e-06
193 KSP unpreconditioned resid norm 4.863488657768e-23 true resid norm 4.816263414498e-23 ||r(i)||/||b|| 1.553333324901e-06
194 KSP unpreconditioned resid norm 4.856271655792e-23 true resid norm 4.811845742944e-23 ||r(i)||/||b|| 1.551908544765e-06
195 KSP unpreconditioned resid norm 4.854026646874e-23 true resid norm 4.806684984728e-23 ||r(i)||/||b|| 1.550244105545e-06
196 KSP unpreconditioned resid norm 4.842270195784e-23 true resid norm 4.802628123441e-23 ||r(i)||/||b|| 1.548935693341e-06
197 KSP unpreconditioned resid norm 4.841424812066e-23 true resid norm 4.805534071301e-23 ||r(i)||/||b|| 1.549872914847e-06
198 KSP unpreconditioned resid norm 4.834124012930e-23 true resid norm 4.823131168091e-23 ||r(i)||/||b|| 1.555548301451e-06
199 KSP unpreconditioned resid norm 4.829316041459e-23 true resid norm 4.836228349714e-23 ||r(i)||/||b|| 1.559772382845e-06
200 KSP unpreconditioned resid norm 4.877010090868e-23 true resid norm 4.877010090868e-23 ||r(i)||/||b|| 1.572925242673e-06
201 KSP unpreconditioned resid norm 4.783465496087e-23 true resid norm 4.783465496089e-23 ||r(i)||/||b|| 1.542755394404e-06
202 KSP unpreconditioned resid norm 4.715899358532e-23 true resid norm 4.715899358533e-23 ||r(i)||/||b|| 1.520964075270e-06
203 KSP unpreconditioned resid norm 4.647093447156e-23 true resid norm 4.647093447159e-23 ||r(i)||/||b|| 1.498772906331e-06
204 KSP unpreconditioned resid norm 4.568939977099e-23 true resid norm 4.568939977101e-23 ||r(i)||/||b|| 1.473566978197e-06
205 KSP unpreconditioned resid norm 4.509814811830e-23 true resid norm 4.509814811831e-23 ||r(i)||/||b|| 1.454498027509e-06
206 KSP unpreconditioned resid norm 4.457594633343e-23 true resid norm 4.457594633341e-23 ||r(i)||/||b|| 1.437656061756e-06
207 KSP unpreconditioned resid norm 4.405386753172e-23 true resid norm 4.405386753166e-23 ||r(i)||/||b|| 1.420818062436e-06
208 KSP unpreconditioned resid norm 4.328738997257e-23 true resid norm 4.328738997259e-23 ||r(i)||/||b|| 1.396097754745e-06
209 KSP unpreconditioned resid norm 4.254973125594e-23 true resid norm 4.254973125592e-23 ||r(i)||/||b|| 1.372306907601e-06
210 KSP unpreconditioned resid norm 4.158548861440e-23 true resid norm 4.158548861437e-23 ||r(i)||/||b|| 1.341208313120e-06
211 KSP unpreconditioned resid norm 4.064801750936e-23 true resid norm 4.064801750928e-23 ||r(i)||/||b|| 1.310973149813e-06
212 KSP unpreconditioned resid norm 3.971502286245e-23 true resid norm 3.971502286245e-23 ||r(i)||/||b|| 1.280882360499e-06
213 KSP unpreconditioned resid norm 3.897841911928e-23 true resid norm 3.897841911925e-23 ||r(i)||/||b|| 1.257125538185e-06
214 KSP unpreconditioned resid norm 3.832512539524e-23 true resid norm 3.832512539518e-23 ||r(i)||/||b|| 1.236055616853e-06
215 KSP unpreconditioned resid norm 3.768572729302e-23 true resid norm 3.768572729301e-23 ||r(i)||/||b|| 1.215433854825e-06
216 KSP unpreconditioned resid norm 3.696449759594e-23 true resid norm 3.696449759594e-23 ||r(i)||/||b|| 1.192172873709e-06
217 KSP unpreconditioned resid norm 3.612257225247e-23 true resid norm 3.612257225249e-23 ||r(i)||/||b|| 1.165019236532e-06
218 KSP unpreconditioned resid norm 3.511448521826e-23 true resid norm 3.511448521829e-23 ||r(i)||/||b|| 1.132506579937e-06
219 KSP unpreconditioned resid norm 3.415907408695e-23 true resid norm 3.415907408695e-23 ||r(i)||/||b|| 1.101692817866e-06
220 KSP unpreconditioned resid norm 3.323445262446e-23 true resid norm 3.323445262449e-23 ||r(i)||/||b|| 1.071872079111e-06
221 KSP unpreconditioned resid norm 3.242129493866e-23 true resid norm 3.242129493868e-23 ||r(i)||/||b|| 1.045646251679e-06
222 KSP unpreconditioned resid norm 3.173018645580e-23 true resid norm 3.173018645577e-23 ||r(i)||/||b|| 1.023356734989e-06
223 KSP unpreconditioned resid norm 3.118201888296e-23 true resid norm 3.118201888295e-23 ||r(i)||/||b|| 1.005677324932e-06
224 KSP unpreconditioned resid norm 3.058621202216e-23 true resid norm 3.058621202215e-23 ||r(i)||/||b|| 9.864614604233e-07
225 KSP unpreconditioned resid norm 3.007484415979e-23 true resid norm 3.007484415973e-23 ||r(i)||/||b|| 9.699689085502e-07
226 KSP unpreconditioned resid norm 2.952628544226e-23 true resid norm 2.952628544224e-23 ||r(i)||/||b|| 9.522768833595e-07
227 KSP unpreconditioned resid norm 2.895790412967e-23 true resid norm 2.895790412963e-23 ||r(i)||/||b|| 9.339455431039e-07
228 KSP unpreconditioned resid norm 2.828120887986e-23 true resid norm 2.828120887980e-23 ||r(i)||/||b|| 9.121208796272e-07
229 KSP unpreconditioned resid norm 2.740333385384e-23 true resid norm 2.740333385386e-23 ||r(i)||/||b|| 8.838077992257e-07
230 KSP unpreconditioned resid norm 2.646334728157e-23 true resid norm 2.646334728153e-23 ||r(i)||/||b|| 8.534915074847e-07
231 KSP unpreconditioned resid norm 2.528790478599e-23 true resid norm 2.528790478595e-23 ||r(i)||/||b|| 8.155813301800e-07
232 KSP unpreconditioned resid norm 2.411605083713e-23 true resid norm 2.411605083718e-23 ||r(i)||/||b|| 7.777868900946e-07
233 KSP unpreconditioned resid norm 2.289440133821e-23 true resid norm 2.289440133820e-23 ||r(i)||/||b|| 7.383864521454e-07
234 KSP unpreconditioned resid norm 2.179580582627e-23 true resid norm 2.179580582626e-23 ||r(i)||/||b|| 7.029547310700e-07
235 KSP unpreconditioned resid norm 2.094065700112e-23 true resid norm 2.094065700109e-23 ||r(i)||/||b|| 6.753746123436e-07
236 KSP unpreconditioned resid norm 2.028413378548e-23 true resid norm 2.028413378542e-23 ||r(i)||/||b|| 6.542005339822e-07
237 KSP unpreconditioned resid norm 1.969198761507e-23 true resid norm 1.969198761504e-23 ||r(i)||/||b|| 6.351027334574e-07
238 KSP unpreconditioned resid norm 1.907606998506e-23 true resid norm 1.907606998505e-23 ||r(i)||/||b|| 6.152382597414e-07
239 KSP unpreconditioned resid norm 1.838050015374e-23 true resid norm 1.838050015373e-23 ||r(i)||/||b|| 5.928048563787e-07
240 KSP unpreconditioned resid norm 1.769975851952e-23 true resid norm 1.769975851949e-23 ||r(i)||/||b|| 5.708496895801e-07
241 KSP unpreconditioned resid norm 1.714867916465e-23 true resid norm 1.714867916460e-23 ||r(i)||/||b|| 5.530763692082e-07
242 KSP unpreconditioned resid norm 1.668567538661e-23 true resid norm 1.668567538665e-23 ||r(i)||/||b|| 5.381436478028e-07
243 KSP unpreconditioned resid norm 1.631033016226e-23 true resid norm 1.631033016225e-23 ||r(i)||/||b|| 5.260380755939e-07
244 KSP unpreconditioned resid norm 1.591520398477e-23 true resid norm 1.591520398481e-23 ||r(i)||/||b|| 5.132945313535e-07
245 KSP unpreconditioned resid norm 1.555679559879e-23 true resid norm 1.555679559877e-23 ||r(i)||/||b|| 5.017352032596e-07
246 KSP unpreconditioned resid norm 1.518241447526e-23 true resid norm 1.518241447525e-23 ||r(i)||/||b|| 4.896607250733e-07
247 KSP unpreconditioned resid norm 1.464611123733e-23 true resid norm 1.464611123734e-23 ||r(i)||/||b|| 4.723639615865e-07
248 KSP unpreconditioned resid norm 1.394789408803e-23 true resid norm 1.394789408800e-23 ||r(i)||/||b|| 4.498451773602e-07
249 KSP unpreconditioned resid norm 1.309796471158e-23 true resid norm 1.309796471160e-23 ||r(i)||/||b|| 4.224333954338e-07
250 KSP unpreconditioned resid norm 1.219848520474e-23 true resid norm 1.219848520475e-23 ||r(i)||/||b|| 3.934235308812e-07
251 KSP unpreconditioned resid norm 1.150119488781e-23 true resid norm 1.150119488782e-23 ||r(i)||/||b|| 3.709346387005e-07
252 KSP unpreconditioned resid norm 1.081173477802e-23 true resid norm 1.081173477799e-23 ||r(i)||/||b|| 3.486982850666e-07
253 KSP unpreconditioned resid norm 1.012761326810e-23 true resid norm 1.012761326812e-23 ||r(i)||/||b|| 3.266341110770e-07
254 KSP unpreconditioned resid norm 9.461614835204e-24 true resid norm 9.461614835187e-24 ||r(i)||/||b|| 3.051544395731e-07
255 KSP unpreconditioned resid norm 8.903928041042e-24 true resid norm 8.903928041057e-24 ||r(i)||/||b|| 2.871680171616e-07
256 KSP unpreconditioned resid norm 8.418918807027e-24 true resid norm 8.418918807063e-24 ||r(i)||/||b|| 2.715255794208e-07
257 KSP unpreconditioned resid norm 8.025614229041e-24 true resid norm 8.025614229036e-24 ||r(i)||/||b|| 2.588407851040e-07
258 KSP unpreconditioned resid norm 7.713019049433e-24 true resid norm 7.713019049448e-24 ||r(i)||/||b|| 2.487590169806e-07
259 KSP unpreconditioned resid norm 7.467384873865e-24 true resid norm 7.467384873898e-24 ||r(i)||/||b|| 2.408368641045e-07
260 KSP unpreconditioned resid norm 7.221272097920e-24 true resid norm 7.221272097934e-24 ||r(i)||/||b|| 2.328992754867e-07
261 KSP unpreconditioned resid norm 7.028009988237e-24 true resid norm 7.028009988261e-24 ||r(i)||/||b|| 2.266662178327e-07
262 KSP unpreconditioned resid norm 6.883856442395e-24 true resid norm 6.883856442388e-24 ||r(i)||/||b|| 2.220170014706e-07
263 KSP unpreconditioned resid norm 6.765990352299e-24 true resid norm 6.765990352279e-24 ||r(i)||/||b|| 2.182156037919e-07
264 KSP unpreconditioned resid norm 6.679399322442e-24 true resid norm 6.679399322452e-24 ||r(i)||/||b|| 2.154228841939e-07
265 KSP unpreconditioned resid norm 6.581340879867e-24 true resid norm 6.581340879859e-24 ||r(i)||/||b|| 2.122603194926e-07
266 KSP unpreconditioned resid norm 6.477527821969e-24 true resid norm 6.477527821958e-24 ||r(i)||/||b|| 2.089121578885e-07
267 KSP unpreconditioned resid norm 6.358144014372e-24 true resid norm 6.358144014386e-24 ||r(i)||/||b|| 2.050618110367e-07
268 KSP unpreconditioned resid norm 6.255225636165e-24 true resid norm 6.255225636149e-24 ||r(i)||/||b|| 2.017425044934e-07
269 KSP unpreconditioned resid norm 6.151487355062e-24 true resid norm 6.151487355046e-24 ||r(i)||/||b|| 1.983967545782e-07
270 KSP unpreconditioned resid norm 6.048878545125e-24 true resid norm 6.048878545124e-24 ||r(i)||/||b|| 1.950874321810e-07
271 KSP unpreconditioned resid norm 5.956029192207e-24 true resid norm 5.956029192233e-24 ||r(i)||/||b|| 1.920928701808e-07
272 KSP unpreconditioned resid norm 5.868448224823e-24 true resid norm 5.868448224797e-24 ||r(i)||/||b|| 1.892682232785e-07
273 KSP unpreconditioned resid norm 5.794104965679e-24 true resid norm 5.794104965685e-24 ||r(i)||/||b|| 1.868705167595e-07
274 KSP unpreconditioned resid norm 5.711509999544e-24 true resid norm 5.711509999526e-24 ||r(i)||/||b|| 1.842066775472e-07
275 KSP unpreconditioned resid norm 5.628453830963e-24 true resid norm 5.628453830923e-24 ||r(i)||/||b|| 1.815279637098e-07
276 KSP unpreconditioned resid norm 5.530128439674e-24 true resid norm 5.530128439704e-24 ||r(i)||/||b|| 1.783567894255e-07
277 KSP unpreconditioned resid norm 5.439063237310e-24 true resid norm 5.439063237269e-24 ||r(i)||/||b|| 1.754197695512e-07
278 KSP unpreconditioned resid norm 5.325533708864e-24 true resid norm 5.325533708900e-24 ||r(i)||/||b|| 1.717582339458e-07
279 KSP unpreconditioned resid norm 5.186294789737e-24 true resid norm 5.186294789739e-24 ||r(i)||/||b|| 1.672675233130e-07
280 KSP unpreconditioned resid norm 5.035308212845e-24 true resid norm 5.035308212814e-24 ||r(i)||/||b|| 1.623979291616e-07
281 KSP unpreconditioned resid norm 4.872933322265e-24 true resid norm 4.872933322233e-24 ||r(i)||/||b|| 1.571610409983e-07
282 KSP unpreconditioned resid norm 4.703711327089e-24 true resid norm 4.703711327077e-24 ||r(i)||/||b|| 1.517033211487e-07
283 KSP unpreconditioned resid norm 4.554782158023e-24 true resid norm 4.554782158024e-24 ||r(i)||/||b|| 1.469000821763e-07
284 KSP unpreconditioned resid norm 4.411497747270e-24 true resid norm 4.411497747281e-24 ||r(i)||/||b|| 1.422788970169e-07
285 KSP unpreconditioned resid norm 4.249944711687e-24 true resid norm 4.249944711709e-24 ||r(i)||/||b|| 1.370685151857e-07
286 KSP unpreconditioned resid norm 4.063862736527e-24 true resid norm 4.063862736566e-24 ||r(i)||/||b|| 1.310670300451e-07
287 KSP unpreconditioned resid norm 3.884577319435e-24 true resid norm 3.884577319482e-24 ||r(i)||/||b|| 1.252847463729e-07
288 KSP unpreconditioned resid norm 3.721129979095e-24 true resid norm 3.721129979099e-24 ||r(i)||/||b|| 1.200132697357e-07
289 KSP unpreconditioned resid norm 3.595253521519e-24 true resid norm 3.595253521546e-24 ||r(i)||/||b|| 1.159535230086e-07
290 KSP unpreconditioned resid norm 3.509068801129e-24 true resid norm 3.509068801165e-24 ||r(i)||/||b|| 1.131739076358e-07
291 KSP unpreconditioned resid norm 3.440126704776e-24 true resid norm 3.440126704793e-24 ||r(i)||/||b|| 1.109503985258e-07
292 KSP unpreconditioned resid norm 3.434412584871e-24 true resid norm 3.422981208458e-24 ||r(i)||/||b|| 1.103974248087e-07
293 KSP unpreconditioned resid norm 3.431216372628e-24 true resid norm 3.417292178519e-24 ||r(i)||/||b|| 1.102139431543e-07
294 KSP unpreconditioned resid norm 3.424576181244e-24 true resid norm 3.417735621768e-24 ||r(i)||/||b|| 1.102282450128e-07
295 KSP unpreconditioned resid norm 3.423280757487e-24 true resid norm 3.416496651267e-24 ||r(i)||/||b|| 1.101882859407e-07
296 KSP unpreconditioned resid norm 3.416076004827e-24 true resid norm 3.426533742167e-24 ||r(i)||/||b|| 1.105120005393e-07
297 KSP unpreconditioned resid norm 3.415583980730e-24 true resid norm 3.429452607919e-24 ||r(i)||/||b|| 1.106061393157e-07
298 KSP unpreconditioned resid norm 3.409870566015e-24 true resid norm 3.453044959430e-24 ||r(i)||/||b|| 1.113670359416e-07
299 KSP unpreconditioned resid norm 3.409011592409e-24 true resid norm 3.456571874683e-24 ||r(i)||/||b|| 1.114807854300e-07
300 KSP unpreconditioned resid norm 3.483461194406e-24 true resid norm 3.483461194406e-24 ||r(i)||/||b|| 1.123480153304e-07
301 KSP unpreconditioned resid norm 3.438337270557e-24 true resid norm 3.438337270564e-24 ||r(i)||/||b|| 1.108926859885e-07
302 KSP unpreconditioned resid norm 3.390717006217e-24 true resid norm 3.390717006253e-24 ||r(i)||/||b|| 1.093568450859e-07
303 KSP unpreconditioned resid norm 3.333278548407e-24 true resid norm 3.333278548452e-24 ||r(i)||/||b|| 1.075043494278e-07
304 KSP unpreconditioned resid norm 3.264067536860e-24 true resid norm 3.264067536885e-24 ||r(i)||/||b|| 1.052721673094e-07
305 KSP unpreconditioned resid norm 3.191849290378e-24 true resid norm 3.191849290388e-24 ||r(i)||/||b|| 1.029429963464e-07
306 KSP unpreconditioned resid norm 3.093947578140e-24 true resid norm 3.093947578152e-24 ||r(i)||/||b|| 9.978548648674e-08
307 KSP unpreconditioned resid norm 3.005914442802e-24 true resid norm 3.005914442791e-24 ||r(i)||/||b|| 9.694625633916e-08
308 KSP unpreconditioned resid norm 2.888965301362e-24 true resid norm 2.888965301348e-24 ||r(i)||/||b|| 9.317443193737e-08
309 KSP unpreconditioned resid norm 2.790025173202e-24 true resid norm 2.790025173224e-24 ||r(i)||/||b|| 8.998343125991e-08
310 KSP unpreconditioned resid norm 2.711832724129e-24 true resid norm 2.711832724147e-24 ||r(i)||/||b|| 8.746158130168e-08
311 KSP unpreconditioned resid norm 2.651140140722e-24 true resid norm 2.651140140739e-24 ||r(i)||/||b|| 8.550413412183e-08
312 KSP unpreconditioned resid norm 2.593058242333e-24 true resid norm 2.593058242359e-24 ||r(i)||/||b|| 8.363088632446e-08
313 KSP unpreconditioned resid norm 2.538099938691e-24 true resid norm 2.538099938710e-24 ||r(i)||/||b|| 8.185838018868e-08
314 KSP unpreconditioned resid norm 2.478731946377e-24 true resid norm 2.478731946379e-24 ||r(i)||/||b|| 7.994365350152e-08
315 KSP unpreconditioned resid norm 2.413880704857e-24 true resid norm 2.413880704878e-24 ||r(i)||/||b|| 7.785208196742e-08
316 KSP unpreconditioned resid norm 2.358174996159e-24 true resid norm 2.358174996188e-24 ||r(i)||/||b|| 7.605547064765e-08
317 KSP unpreconditioned resid norm 2.306103641865e-24 true resid norm 2.306103641889e-24 ||r(i)||/||b|| 7.437607392568e-08
318 KSP unpreconditioned resid norm 2.254526817509e-24 true resid norm 2.254526817518e-24 ||r(i)||/||b|| 7.271262670126e-08
319 KSP unpreconditioned resid norm 2.211135785623e-24 true resid norm 2.211135785625e-24 ||r(i)||/||b|| 7.131318630443e-08
320 KSP unpreconditioned resid norm 2.168693964244e-24 true resid norm 2.168693964265e-24 ||r(i)||/||b|| 6.994435968895e-08
321 KSP unpreconditioned resid norm 2.125624484886e-24 true resid norm 2.125624484894e-24 ||r(i)||/||b|| 6.855528995095e-08
322 KSP unpreconditioned resid norm 2.079299225903e-24 true resid norm 2.079299225911e-24 ||r(i)||/||b|| 6.706121534643e-08
323 KSP unpreconditioned resid norm 2.036388342420e-24 true resid norm 2.036388342426e-24 ||r(i)||/||b|| 6.567726061678e-08
324 KSP unpreconditioned resid norm 2.002623468784e-24 true resid norm 2.002623468743e-24 ||r(i)||/||b|| 6.458828148525e-08
325 KSP unpreconditioned resid norm 1.974568425021e-24 true resid norm 1.974568425059e-24 ||r(i)||/||b|| 6.368345484819e-08
326 KSP unpreconditioned resid norm 1.954104082026e-24 true resid norm 1.954104082032e-24 ||r(i)||/||b|| 6.302344223550e-08
327 KSP unpreconditioned resid norm 1.935851412718e-24 true resid norm 1.935851412709e-24 ||r(i)||/||b|| 6.243476015797e-08
328 KSP unpreconditioned resid norm 1.918120844509e-24 true resid norm 1.918120844575e-24 ||r(i)||/||b|| 6.186291680177e-08
329 KSP unpreconditioned resid norm 1.900115505347e-24 true resid norm 1.900115505364e-24 ||r(i)||/||b|| 6.128221157420e-08
330 KSP unpreconditioned resid norm 1.875769800892e-24 true resid norm 1.875769800910e-24 ||r(i)||/||b|| 6.049701793356e-08
331 KSP unpreconditioned resid norm 1.849458430821e-24 true resid norm 1.849458430897e-24 ||r(i)||/||b|| 5.964842797183e-08
332 KSP unpreconditioned resid norm 1.825302502682e-24 true resid norm 1.825302502742e-24 ||r(i)||/||b|| 5.886935496508e-08
333 KSP unpreconditioned resid norm 1.802998391389e-24 true resid norm 1.802998391439e-24 ||r(i)||/||b|| 5.815000644971e-08
334 KSP unpreconditioned resid norm 1.777750845388e-24 true resid norm 1.777750845390e-24 ||r(i)||/||b|| 5.733572676283e-08
335 KSP unpreconditioned resid norm 1.748237568077e-24 true resid norm 1.748237568084e-24 ||r(i)||/||b|| 5.638386941574e-08
336 KSP unpreconditioned resid norm 1.704850853570e-24 true resid norm 1.704850853576e-24 ||r(i)||/||b|| 5.498456826249e-08
337 KSP unpreconditioned resid norm 1.637850047330e-24 true resid norm 1.637850047329e-24 ||r(i)||/||b|| 5.282366932110e-08
338 KSP unpreconditioned resid norm 1.562131965572e-24 true resid norm 1.562131965648e-24 ||r(i)||/||b|| 5.038162225158e-08
339 KSP unpreconditioned resid norm 1.477619150712e-24 true resid norm 1.477619150708e-24 ||r(i)||/||b|| 4.765592889701e-08
340 KSP unpreconditioned resid norm 1.405259869982e-24 true resid norm 1.405259869991e-24 ||r(i)||/||b|| 4.532220932168e-08
341 KSP unpreconditioned resid norm 1.336761033823e-24 true resid norm 1.336761033856e-24 ||r(i)||/||b|| 4.311299616768e-08
342 KSP unpreconditioned resid norm 1.281536698796e-24 true resid norm 1.281536698799e-24 ||r(i)||/||b|| 4.133191003082e-08
343 KSP unpreconditioned resid norm 1.227436217021e-24 true resid norm 1.227436217030e-24 ||r(i)||/||b|| 3.958707022469e-08
344 KSP unpreconditioned resid norm 1.169188100810e-24 true resid norm 1.169188100844e-24 ||r(i)||/||b|| 3.770846159809e-08
345 KSP unpreconditioned resid norm 1.111341617179e-24 true resid norm 1.111341617151e-24 ||r(i)||/||b|| 3.584280635635e-08
346 KSP unpreconditioned resid norm 1.051246053263e-24 true resid norm 1.051246053319e-24 ||r(i)||/||b|| 3.390461415329e-08
347 KSP unpreconditioned resid norm 9.963367301038e-25 true resid norm 9.963367300990e-25 ||r(i)||/||b|| 3.213368772619e-08
  Linear solve converged due to CONVERGED_ATOL iterations 347
Mat Object: 1 MPI process
  type: seqaijcusparse
  rows=281452, cols=281452, bs=4
  total: nonzeros=15993520, allocated nonzeros=15993520
  total number of mallocs used during MatSetValues calls=0
    not using I-node routines
Vec Object: 1 MPI process
  type: seqcuda
  length=281452, bs=4
Vec Object: 1 MPI process
  type: seqcuda
  length=281452, bs=4
KSP Object: 1 MPI process
  type: gmres
    restart=100, using classical (unmodified) Gram-Schmidt orthogonalization with no iterative refinement
    happy breakdown tolerance=1e-30
  maximum iterations=2000, initial guess is zero
  tolerances: relative=1e-10, absolute=1e-24, divergence=10000.
  right preconditioning
  diagonally scaled system
  using UNPRECONDITIONED norm type for convergence test
PC Object: 1 MPI process
  type: asm
    total subdomain blocks = 1, amount of overlap = 2
    restriction/interpolation type - RESTRICT
    Local solver information for first block is in the following KSP and PC objects on rank 0:
    Use -ksp_view ::ascii_info_detail to display information for all blocks
    KSP Object: (sub_) 1 MPI process
      type: preonly
      maximum iterations=10000, initial guess is zero
      tolerances: relative=1e-05, absolute=1e-50, divergence=10000.
      left preconditioning
      not checking for convergence
    PC Object: (sub_) 1 MPI process
      type: ilu
        out-of-place factorization
        2 levels of fill
        tolerance for zero pivot 2.22045e-14
        matrix ordering: natural
        factor fill ratio given 1., needed 4.996
          Factored matrix:
            Mat Object: (sub_) 1 MPI process
              type: seqaijcusparse
              rows=281452, cols=281452, bs=4
              package used to perform factorization: cusparse
              total: nonzeros=79903664, allocated nonzeros=79903664
                using I-node routines: found 70363 nodes, limit used is 5
      linear system matrix, which is also used to construct the preconditioner:
      Mat Object: (sub_) 1 MPI process
        type: seqaijcusparse
        rows=281452, cols=281452, bs=4
        total: nonzeros=15993520, allocated nonzeros=15993520
        total number of mallocs used during MatSetValues calls=0
          not using I-node routines
  linear system matrix, which is also used to construct the preconditioner:
  Mat Object: 1 MPI process
    type: seqaijcusparse
    rows=281452, cols=281452, bs=4
    total: nonzeros=15993520, allocated nonzeros=15993520
    total number of mallocs used during MatSetValues calls=0
      not using I-node routines
 NS     65-2    2.383e+03 [  -3  6.333e-01  3.075e-14  3.213e-08] [  347 -173   68]
Vec Object: 1 MPI process
  type: seqcuda
  length=281452, bs=4
Mat Object: 1 MPI process
  type: seqaijcusparse
  rows=281452, cols=281452, bs=4
  total: nonzeros=15993520, allocated nonzeros=15993520
  total number of mallocs used during MatSetValues calls=0
    not using I-node routines
Mat Object: 1 MPI process
  type: seqaijcusparse
  rows=281452, cols=281452, bs=4
  total: nonzeros=15993520, allocated nonzeros=15993520
  total number of mallocs used during MatSetValues calls=0
    not using I-node routines
SV13P_REUSE step=66 equation=0 reuse=0 rebuild_requests=6 solve_requests=11 ksp=0x55729b63aa50 pc=0x55729d0f73e0
  0 KSP unpreconditioned resid norm 4.879151334825e-17 true resid norm 4.879151334825e-17 ||r(i)||/||b|| 1.000000000000e+00
  1 KSP unpreconditioned resid norm 2.504820887853e-18 true resid norm 2.504820887853e-18 ||r(i)||/||b|| 5.133722477462e-02
  2 KSP unpreconditioned resid norm 9.497886166027e-19 true resid norm 9.497886166027e-19 ||r(i)||/||b|| 1.946626680389e-02
  3 KSP unpreconditioned resid norm 6.058415587589e-19 true resid norm 6.058415587589e-19 ||r(i)||/||b|| 1.241694543136e-02
  4 KSP unpreconditioned resid norm 4.640567940113e-19 true resid norm 4.640567940113e-19 ||r(i)||/||b|| 9.511014563108e-03
  5 KSP unpreconditioned resid norm 3.667007328399e-19 true resid norm 3.667007328399e-19 ||r(i)||/||b|| 7.515666304969e-03
  6 KSP unpreconditioned resid norm 2.863214971269e-19 true resid norm 2.863214971269e-19 ||r(i)||/||b|| 5.868264324644e-03
  7 KSP unpreconditioned resid norm 2.356946000865e-19 true resid norm 2.356946000865e-19 ||r(i)||/||b|| 4.830647461255e-03
  8 KSP unpreconditioned resid norm 1.984862835611e-19 true resid norm 1.984862835611e-19 ||r(i)||/||b|| 4.068049337688e-03
  9 KSP unpreconditioned resid norm 1.676087667528e-19 true resid norm 1.676087667528e-19 ||r(i)||/||b|| 3.435203281286e-03
 10 KSP unpreconditioned resid norm 1.482919424721e-19 true resid norm 1.482919424721e-19 ||r(i)||/||b|| 3.039297867514e-03
 11 KSP unpreconditioned resid norm 1.330637149255e-19 true resid norm 1.330637149255e-19 ||r(i)||/||b|| 2.727189746621e-03
 12 KSP unpreconditioned resid norm 1.197077622827e-19 true resid norm 1.197077622827e-19 ||r(i)||/||b|| 2.453454588061e-03
 13 KSP unpreconditioned resid norm 1.063739479245e-19 true resid norm 1.063739479245e-19 ||r(i)||/||b|| 2.180173161781e-03
 14 KSP unpreconditioned resid norm 8.842985057981e-20 true resid norm 8.842985057981e-20 ||r(i)||/||b|| 1.812402291125e-03
 15 KSP unpreconditioned resid norm 7.193862899863e-20 true resid norm 7.193862899863e-20 ||r(i)||/||b|| 1.474408643265e-03
 16 KSP unpreconditioned resid norm 5.934937358003e-20 true resid norm 5.934937358003e-20 ||r(i)||/||b|| 1.216387226123e-03
 17 KSP unpreconditioned resid norm 5.140480180763e-20 true resid norm 5.140480180763e-20 ||r(i)||/||b|| 1.053560307522e-03
 18 KSP unpreconditioned resid norm 4.643535898063e-20 true resid norm 4.643535898063e-20 ||r(i)||/||b|| 9.517097502019e-04
 19 KSP unpreconditioned resid norm 4.319822245963e-20 true resid norm 4.319822245963e-20 ||r(i)||/||b|| 8.853634473540e-04
 20 KSP unpreconditioned resid norm 4.061209517451e-20 true resid norm 4.061209517451e-20 ||r(i)||/||b|| 8.323598180824e-04
 21 KSP unpreconditioned resid norm 3.822853927446e-20 true resid norm 3.822853927446e-20 ||r(i)||/||b|| 7.835079638052e-04
 22 KSP unpreconditioned resid norm 3.597969729878e-20 true resid norm 3.597969729878e-20 ||r(i)||/||b|| 7.374171209238e-04
 23 KSP unpreconditioned resid norm 3.369515446348e-20 true resid norm 3.369515446348e-20 ||r(i)||/||b|| 6.905945758022e-04
 24 KSP unpreconditioned resid norm 3.144133148567e-20 true resid norm 3.144133148567e-20 ||r(i)||/||b|| 6.444016454512e-04
 25 KSP unpreconditioned resid norm 2.960314360053e-20 true resid norm 2.960314360053e-20 ||r(i)||/||b|| 6.067273090966e-04
 26 KSP unpreconditioned resid norm 2.810346310738e-20 true resid norm 2.810346310738e-20 ||r(i)||/||b|| 5.759908061632e-04
 27 KSP unpreconditioned resid norm 2.721339509881e-20 true resid norm 2.721339509881e-20 ||r(i)||/||b|| 5.577485351719e-04
 28 KSP unpreconditioned resid norm 2.658940985346e-20 true resid norm 2.658940985346e-20 ||r(i)||/||b|| 5.449597282151e-04
 29 KSP unpreconditioned resid norm 2.611146708223e-20 true resid norm 2.611146708223e-20 ||r(i)||/||b|| 5.351641154449e-04
 30 KSP unpreconditioned resid norm 2.567148638427e-20 true resid norm 2.567148638427e-20 ||r(i)||/||b|| 5.261465493199e-04
 31 KSP unpreconditioned resid norm 2.510162352781e-20 true resid norm 2.510162352781e-20 ||r(i)||/||b|| 5.144670006164e-04
 32 KSP unpreconditioned resid norm 2.459697707957e-20 true resid norm 2.459697707957e-20 ||r(i)||/||b|| 5.041240861707e-04
 33 KSP unpreconditioned resid norm 2.407488277564e-20 true resid norm 2.407488277564e-20 ||r(i)||/||b|| 4.934235715094e-04
 34 KSP unpreconditioned resid norm 2.363688458024e-20 true resid norm 2.363688458024e-20 ||r(i)||/||b|| 4.844466375029e-04
 35 KSP unpreconditioned resid norm 2.326942371369e-20 true resid norm 2.326942371369e-20 ||r(i)||/||b|| 4.769153919781e-04
 36 KSP unpreconditioned resid norm 2.288824060323e-20 true resid norm 2.288824060323e-20 ||r(i)||/||b|| 4.691029040207e-04
 37 KSP unpreconditioned resid norm 2.250245567779e-20 true resid norm 2.250245567779e-20 ||r(i)||/||b|| 4.611961001738e-04
 38 KSP unpreconditioned resid norm 2.215394445822e-20 true resid norm 2.215394445822e-20 ||r(i)||/||b|| 4.540532346291e-04
 39 KSP unpreconditioned resid norm 2.187988813935e-20 true resid norm 2.187988813935e-20 ||r(i)||/||b|| 4.484363496410e-04
 40 KSP unpreconditioned resid norm 2.160529841740e-20 true resid norm 2.160529841740e-20 ||r(i)||/||b|| 4.428085323609e-04
 41 KSP unpreconditioned resid norm 2.126073472140e-20 true resid norm 2.126073472140e-20 ||r(i)||/||b|| 4.357465727626e-04
 42 KSP unpreconditioned resid norm 2.085673724184e-20 true resid norm 2.085673724184e-20 ||r(i)||/||b|| 4.274664959247e-04
 43 KSP unpreconditioned resid norm 2.043472886715e-20 true resid norm 2.043472886715e-20 ||r(i)||/||b|| 4.188172791709e-04
 44 KSP unpreconditioned resid norm 1.995458606522e-20 true resid norm 1.995458606522e-20 ||r(i)||/||b|| 4.089765759630e-04
 45 KSP unpreconditioned resid norm 1.944274491663e-20 true resid norm 1.944274491662e-20 ||r(i)||/||b|| 3.984862034890e-04
 46 KSP unpreconditioned resid norm 1.895230942174e-20 true resid norm 1.895230942174e-20 ||r(i)||/||b|| 3.884345477557e-04
 47 KSP unpreconditioned resid norm 1.841714064556e-20 true resid norm 1.841714064556e-20 ||r(i)||/||b|| 3.774660669799e-04
 48 KSP unpreconditioned resid norm 1.791106822686e-20 true resid norm 1.791106822686e-20 ||r(i)||/||b|| 3.670939267454e-04
 49 KSP unpreconditioned resid norm 1.746048852969e-20 true resid norm 1.746048852969e-20 ||r(i)||/||b|| 3.578591302358e-04
 50 KSP unpreconditioned resid norm 1.703128492708e-20 true resid norm 1.703128492708e-20 ||r(i)||/||b|| 3.490624446411e-04
 51 KSP unpreconditioned resid norm 1.664108927997e-20 true resid norm 1.664108927997e-20 ||r(i)||/||b|| 3.410652414324e-04
 52 KSP unpreconditioned resid norm 1.625003908316e-20 true resid norm 1.625003908316e-20 ||r(i)||/||b|| 3.330505239133e-04
 53 KSP unpreconditioned resid norm 1.587327154365e-20 true resid norm 1.587327154365e-20 ||r(i)||/||b|| 3.253285347056e-04
 54 KSP unpreconditioned resid norm 1.551017134999e-20 true resid norm 1.551017134999e-20 ||r(i)||/||b|| 3.178866627744e-04
 55 KSP unpreconditioned resid norm 1.518235062028e-20 true resid norm 1.518235062028e-20 ||r(i)||/||b|| 3.111678564245e-04
 56 KSP unpreconditioned resid norm 1.485643686203e-20 true resid norm 1.485643686203e-20 ||r(i)||/||b|| 3.044881341555e-04
 57 KSP unpreconditioned resid norm 1.458673788005e-20 true resid norm 1.458673788005e-20 ||r(i)||/||b|| 2.989605543886e-04
 58 KSP unpreconditioned resid norm 1.429372911441e-20 true resid norm 1.429372911441e-20 ||r(i)||/||b|| 2.929552320377e-04
 59 KSP unpreconditioned resid norm 1.390376874146e-20 true resid norm 1.390376874146e-20 ||r(i)||/||b|| 2.849628508593e-04
 60 KSP unpreconditioned resid norm 1.349547282951e-20 true resid norm 1.349547282951e-20 ||r(i)||/||b|| 2.765946760698e-04
 61 KSP unpreconditioned resid norm 1.293703874141e-20 true resid norm 1.293703874141e-20 ||r(i)||/||b|| 2.651493641746e-04
 62 KSP unpreconditioned resid norm 1.230738079648e-20 true resid norm 1.230738079648e-20 ||r(i)||/||b|| 2.522442931548e-04
 63 KSP unpreconditioned resid norm 1.178779367551e-20 true resid norm 1.178779367551e-20 ||r(i)||/||b|| 2.415951641298e-04
 64 KSP unpreconditioned resid norm 1.141529557552e-20 true resid norm 1.141529557552e-20 ||r(i)||/||b|| 2.339606786541e-04
 65 KSP unpreconditioned resid norm 1.108283851586e-20 true resid norm 1.108283851586e-20 ||r(i)||/||b|| 2.271468490177e-04
 66 KSP unpreconditioned resid norm 1.076448913029e-20 true resid norm 1.076448913029e-20 ||r(i)||/||b|| 2.206221613471e-04
 67 KSP unpreconditioned resid norm 1.041343608224e-20 true resid norm 1.041343608224e-20 ||r(i)||/||b|| 2.134272000935e-04
 68 KSP unpreconditioned resid norm 9.956010722939e-21 true resid norm 9.956010722940e-21 ||r(i)||/||b|| 2.040520992222e-04
 69 KSP unpreconditioned resid norm 9.489112114436e-21 true resid norm 9.489112114436e-21 ||r(i)||/||b|| 1.944828406266e-04
 70 KSP unpreconditioned resid norm 9.018069712872e-21 true resid norm 9.018069712872e-21 ||r(i)||/||b|| 1.848286534690e-04
 71 KSP unpreconditioned resid norm 8.554056599804e-21 true resid norm 8.554056599804e-21 ||r(i)||/||b|| 1.753185341629e-04
 72 KSP unpreconditioned resid norm 8.158462341188e-21 true resid norm 8.158462341188e-21 ||r(i)||/||b|| 1.672106844270e-04
 73 KSP unpreconditioned resid norm 7.790589172997e-21 true resid norm 7.790589172996e-21 ||r(i)||/||b|| 1.596709886285e-04
 74 KSP unpreconditioned resid norm 7.467364628555e-21 true resid norm 7.467364628554e-21 ||r(i)||/||b|| 1.530463827850e-04
 75 KSP unpreconditioned resid norm 7.081763583850e-21 true resid norm 7.081763583849e-21 ||r(i)||/||b|| 1.451433476413e-04
 76 KSP unpreconditioned resid norm 6.710543931369e-21 true resid norm 6.710543931368e-21 ||r(i)||/||b|| 1.375350644173e-04
 77 KSP unpreconditioned resid norm 6.297876567702e-21 true resid norm 6.297876567700e-21 ||r(i)||/||b|| 1.290772951179e-04
 78 KSP unpreconditioned resid norm 5.883213696148e-21 true resid norm 5.883213696147e-21 ||r(i)||/||b|| 1.205786271509e-04
 79 KSP unpreconditioned resid norm 5.520623884115e-21 true resid norm 5.520623884114e-21 ||r(i)||/||b|| 1.131472156789e-04
 80 KSP unpreconditioned resid norm 5.243819371767e-21 true resid norm 5.243819371765e-21 ||r(i)||/||b|| 1.074740054554e-04
 81 KSP unpreconditioned resid norm 5.016961151577e-21 true resid norm 5.016961151575e-21 ||r(i)||/||b|| 1.028244628480e-04
 82 KSP unpreconditioned resid norm 4.847255707055e-21 true resid norm 4.847255707054e-21 ||r(i)||/||b|| 9.934628738519e-05
 83 KSP unpreconditioned resid norm 4.717462017951e-21 true resid norm 4.717462017950e-21 ||r(i)||/||b|| 9.668611801972e-05
 84 KSP unpreconditioned resid norm 4.594217529074e-21 true resid norm 4.594217529073e-21 ||r(i)||/||b|| 9.416017692014e-05
 85 KSP unpreconditioned resid norm 4.472244995747e-21 true resid norm 4.472244995746e-21 ||r(i)||/||b|| 9.166030501709e-05
 86 KSP unpreconditioned resid norm 4.353718357788e-21 true resid norm 4.353718357786e-21 ||r(i)||/||b|| 8.923105800617e-05
 87 KSP unpreconditioned resid norm 4.256191634380e-21 true resid norm 4.256191634379e-21 ||r(i)||/||b|| 8.723221196277e-05
 88 KSP unpreconditioned resid norm 4.176387883464e-21 true resid norm 4.176387883462e-21 ||r(i)||/||b|| 8.559660475488e-05
 89 KSP unpreconditioned resid norm 4.099144432671e-21 true resid norm 4.099144432670e-21 ||r(i)||/||b|| 8.401347183909e-05
 90 KSP unpreconditioned resid norm 4.023922053120e-21 true resid norm 4.023922053118e-21 ||r(i)||/||b|| 8.247176152126e-05
 91 KSP unpreconditioned resid norm 3.932695602843e-21 true resid norm 3.932695602841e-21 ||r(i)||/||b|| 8.060204189141e-05
 92 KSP unpreconditioned resid norm 3.902820835148e-21 true resid norm 3.902788793707e-21 ||r(i)||/||b|| 7.998909084558e-05
 93 KSP unpreconditioned resid norm 3.825818422656e-21 true resid norm 3.777738712949e-21 ||r(i)||/||b|| 7.742614347675e-05
 94 KSP unpreconditioned resid norm 3.797333983861e-21 true resid norm 3.728540115560e-21 ||r(i)||/||b|| 7.641780013969e-05
 95 KSP unpreconditioned resid norm 3.770996779470e-21 true resid norm 3.671722849361e-21 ||r(i)||/||b|| 7.525330938505e-05
 96 KSP unpreconditioned resid norm 3.765023820907e-21 true resid norm 3.653987187266e-21 ||r(i)||/||b|| 7.488981047146e-05
 97 KSP unpreconditioned resid norm 3.764955410034e-21 true resid norm 3.653094593755e-21 ||r(i)||/||b|| 7.487151643936e-05
 98 KSP unpreconditioned resid norm 3.764825002266e-21 true resid norm 3.653271642231e-21 ||r(i)||/||b|| 7.487514511297e-05
 99 KSP unpreconditioned resid norm 3.764285884531e-21 true resid norm 3.655665725503e-21 ||r(i)||/||b|| 7.492421272960e-05
100 KSP unpreconditioned resid norm 3.657337597756e-21 true resid norm 3.657337597756e-21 ||r(i)||/||b|| 7.495847836593e-05
101 KSP unpreconditioned resid norm 3.611772043721e-21 true resid norm 3.611772043721e-21 ||r(i)||/||b|| 7.402459558781e-05
102 KSP unpreconditioned resid norm 3.577356466649e-21 true resid norm 3.577356466649e-21 ||r(i)||/||b|| 7.331923568584e-05
103 KSP unpreconditioned resid norm 3.550157176629e-21 true resid norm 3.550157176629e-21 ||r(i)||/||b|| 7.276177623944e-05
104 KSP unpreconditioned resid norm 3.515722786963e-21 true resid norm 3.515722786963e-21 ||r(i)||/||b|| 7.205603076645e-05
105 KSP unpreconditioned resid norm 3.481644722316e-21 true resid norm 3.481644722316e-21 ||r(i)||/||b|| 7.135758830568e-05
106 KSP unpreconditioned resid norm 3.440708228157e-21 true resid norm 3.440708228157e-21 ||r(i)||/||b|| 7.051857981118e-05
107 KSP unpreconditioned resid norm 3.399476602849e-21 true resid norm 3.399476602849e-21 ||r(i)||/||b|| 6.967352249531e-05
108 KSP unpreconditioned resid norm 3.361048890043e-21 true resid norm 3.361048890043e-21 ||r(i)||/||b|| 6.888593239675e-05
109 KSP unpreconditioned resid norm 3.322696949859e-21 true resid norm 3.322696949859e-21 ||r(i)||/||b|| 6.809989528595e-05
110 KSP unpreconditioned resid norm 3.271116156858e-21 true resid norm 3.271116156858e-21 ||r(i)||/||b|| 6.704272797424e-05
111 KSP unpreconditioned resid norm 3.207632599327e-21 true resid norm 3.207632599327e-21 ||r(i)||/||b|| 6.574160912847e-05
112 KSP unpreconditioned resid norm 3.124249333808e-21 true resid norm 3.124249333808e-21 ||r(i)||/||b|| 6.403263845309e-05
113 KSP unpreconditioned resid norm 3.045686104144e-21 true resid norm 3.045686104145e-21 ||r(i)||/||b|| 6.242245618426e-05
114 KSP unpreconditioned resid norm 2.944114001949e-21 true resid norm 2.944114001949e-21 ||r(i)||/||b|| 6.034069861567e-05
115 KSP unpreconditioned resid norm 2.855000108147e-21 true resid norm 2.855000108147e-21 ||r(i)||/||b|| 5.851427660728e-05
116 KSP unpreconditioned resid norm 2.767971225214e-21 true resid norm 2.767971225214e-21 ||r(i)||/||b|| 5.673058766301e-05
117 KSP unpreconditioned resid norm 2.698384676968e-21 true resid norm 2.698384676968e-21 ||r(i)||/||b|| 5.530438577931e-05
118 KSP unpreconditioned resid norm 2.622872872867e-21 true resid norm 2.622872872868e-21 ||r(i)||/||b|| 5.375674359897e-05
119 KSP unpreconditioned resid norm 2.545124336521e-21 true resid norm 2.545124336521e-21 ||r(i)||/||b|| 5.216325876911e-05
120 KSP unpreconditioned resid norm 2.461716661267e-21 true resid norm 2.461716661267e-21 ||r(i)||/||b|| 5.045378780725e-05
121 KSP unpreconditioned resid norm 2.384410135070e-21 true resid norm 2.384410135070e-21 ||r(i)||/||b|| 4.886936213786e-05
122 KSP unpreconditioned resid norm 2.321940707440e-21 true resid norm 2.321940707440e-21 ||r(i)||/||b|| 4.758902825718e-05
123 KSP unpreconditioned resid norm 2.263049867296e-21 true resid norm 2.263049867296e-21 ||r(i)||/||b|| 4.638203884236e-05
124 KSP unpreconditioned resid norm 2.197936447430e-21 true resid norm 2.197936447430e-21 ||r(i)||/||b|| 4.504751536896e-05
125 KSP unpreconditioned resid norm 2.132828071299e-21 true resid norm 2.132828071299e-21 ||r(i)||/||b|| 4.371309526877e-05
126 KSP unpreconditioned resid norm 2.070456702286e-21 true resid norm 2.070456702286e-21 ||r(i)||/||b|| 4.243477113546e-05
127 KSP unpreconditioned resid norm 2.022364276785e-21 true resid norm 2.022364276785e-21 ||r(i)||/||b|| 4.144909919785e-05
128 KSP unpreconditioned resid norm 1.971948858525e-21 true resid norm 1.971948858525e-21 ||r(i)||/||b|| 4.041581666980e-05
129 KSP unpreconditioned resid norm 1.922894425411e-21 true resid norm 1.922894425412e-21 ||r(i)||/||b|| 3.941042803258e-05
130 KSP unpreconditioned resid norm 1.855074867929e-21 true resid norm 1.855074867929e-21 ||r(i)||/||b|| 3.802044127405e-05
131 KSP unpreconditioned resid norm 1.778425401400e-21 true resid norm 1.778425401400e-21 ||r(i)||/||b|| 3.644948228407e-05
132 KSP unpreconditioned resid norm 1.710691112132e-21 true resid norm 1.710691112132e-21 ||r(i)||/||b|| 3.506124312894e-05
133 KSP unpreconditioned resid norm 1.651025041575e-21 true resid norm 1.651025041575e-21 ||r(i)||/||b|| 3.383836508188e-05
134 KSP unpreconditioned resid norm 1.595470541227e-21 true resid norm 1.595470541227e-21 ||r(i)||/||b|| 3.269975517750e-05
135 KSP unpreconditioned resid norm 1.546073376423e-21 true resid norm 1.546073376423e-21 ||r(i)||/||b|| 3.168734212829e-05
136 KSP unpreconditioned resid norm 1.502224643393e-21 true resid norm 1.502224643393e-21 ||r(i)||/||b|| 3.078864622769e-05
137 KSP unpreconditioned resid norm 1.452905064228e-21 true resid norm 1.452905064228e-21 ||r(i)||/||b|| 2.977782332469e-05
138 KSP unpreconditioned resid norm 1.393229142443e-21 true resid norm 1.393229142443e-21 ||r(i)||/||b|| 2.855474337307e-05
139 KSP unpreconditioned resid norm 1.326893431653e-21 true resid norm 1.326893431653e-21 ||r(i)||/||b|| 2.719516859792e-05
140 KSP unpreconditioned resid norm 1.264485577017e-21 true resid norm 1.264485577018e-21 ||r(i)||/||b|| 2.591609667838e-05
141 KSP unpreconditioned resid norm 1.197761288409e-21 true resid norm 1.197761288409e-21 ||r(i)||/||b|| 2.454855785801e-05
142 KSP unpreconditioned resid norm 1.133355787527e-21 true resid norm 1.133355787528e-21 ||r(i)||/||b|| 2.322854344440e-05
143 KSP unpreconditioned resid norm 1.069823601885e-21 true resid norm 1.069823601885e-21 ||r(i)||/||b|| 2.192642794761e-05
144 KSP unpreconditioned resid norm 1.005267586836e-21 true resid norm 1.005267586836e-21 ||r(i)||/||b|| 2.060332869082e-05
145 KSP unpreconditioned resid norm 9.532563239930e-22 true resid norm 9.532563239933e-22 ||r(i)||/||b|| 1.953733874146e-05
146 KSP unpreconditioned resid norm 8.909664750011e-22 true resid norm 8.909664750013e-22 ||r(i)||/||b|| 1.826068539096e-05
147 KSP unpreconditioned resid norm 8.333789567738e-22 true resid norm 8.333789567740e-22 ||r(i)||/||b|| 1.708040803789e-05
148 KSP unpreconditioned resid norm 7.882075950524e-22 true resid norm 7.882075950526e-22 ||r(i)||/||b|| 1.615460437611e-05
149 KSP unpreconditioned resid norm 7.511068760589e-22 true resid norm 7.511068760590e-22 ||r(i)||/||b|| 1.539421150350e-05
150 KSP unpreconditioned resid norm 7.225709520410e-22 true resid norm 7.225709520413e-22 ||r(i)||/||b|| 1.480935725203e-05
151 KSP unpreconditioned resid norm 6.990937882787e-22 true resid norm 6.990937882789e-22 ||r(i)||/||b|| 1.432818415139e-05
152 KSP unpreconditioned resid norm 6.835376536196e-22 true resid norm 6.835376536198e-22 ||r(i)||/||b|| 1.400935545370e-05
153 KSP unpreconditioned resid norm 6.692557978922e-22 true resid norm 6.692557978923e-22 ||r(i)||/||b|| 1.371664357110e-05
154 KSP unpreconditioned resid norm 6.553106634960e-22 true resid norm 6.553106634961e-22 ||r(i)||/||b|| 1.343083291594e-05
155 KSP unpreconditioned resid norm 6.421306739529e-22 true resid norm 6.421306739531e-22 ||r(i)||/||b|| 1.316070418579e-05
156 KSP unpreconditioned resid norm 6.299313012349e-22 true resid norm 6.299313012352e-22 ||r(i)||/||b|| 1.291067355790e-05
157 KSP unpreconditioned resid norm 6.197051738848e-22 true resid norm 6.197051738850e-22 ||r(i)||/||b|| 1.270108531912e-05
158 KSP unpreconditioned resid norm 6.106166110981e-22 true resid norm 6.106166110983e-22 ||r(i)||/||b|| 1.251481188419e-05
159 KSP unpreconditioned resid norm 6.015013573458e-22 true resid norm 6.015013573460e-22 ||r(i)||/||b|| 1.232799140811e-05
160 KSP unpreconditioned resid norm 5.946639537438e-22 true resid norm 5.946639537438e-22 ||r(i)||/||b|| 1.218785630811e-05
161 KSP unpreconditioned resid norm 5.873767030716e-22 true resid norm 5.873767030719e-22 ||r(i)||/||b|| 1.203850142707e-05
162 KSP unpreconditioned resid norm 5.787759864516e-22 true resid norm 5.787759864516e-22 ||r(i)||/||b|| 1.186222657864e-05
163 KSP unpreconditioned resid norm 5.679580443164e-22 true resid norm 5.679580443164e-22 ||r(i)||/||b|| 1.164050887831e-05
164 KSP unpreconditioned resid norm 5.577839579186e-22 true resid norm 5.577839579188e-22 ||r(i)||/||b|| 1.143198723798e-05
165 KSP unpreconditioned resid norm 5.486851844837e-22 true resid norm 5.486851844837e-22 ||r(i)||/||b|| 1.124550453206e-05
166 KSP unpreconditioned resid norm 5.395360220382e-22 true resid norm 5.395360220384e-22 ||r(i)||/||b|| 1.105798908485e-05
167 KSP unpreconditioned resid norm 5.294950830452e-22 true resid norm 5.294950830452e-22 ||r(i)||/||b|| 1.085219634952e-05
168 KSP unpreconditioned resid norm 5.189693784218e-22 true resid norm 5.189693784218e-22 ||r(i)||/||b|| 1.063646816441e-05
169 KSP unpreconditioned resid norm 5.074142864562e-22 true resid norm 5.074142864562e-22 ||r(i)||/||b|| 1.039964230735e-05
170 KSP unpreconditioned resid norm 4.950902277835e-22 true resid norm 4.950902277833e-22 ||r(i)||/||b|| 1.014705619499e-05
171 KSP unpreconditioned resid norm 4.832019077426e-22 true resid norm 4.832019077425e-22 ||r(i)||/||b|| 9.903400706055e-06
172 KSP unpreconditioned resid norm 4.679587725148e-22 true resid norm 4.679587725146e-22 ||r(i)||/||b|| 9.590987046754e-06
173 KSP unpreconditioned resid norm 4.492676491660e-22 true resid norm 4.492676491659e-22 ||r(i)||/||b|| 9.207905603568e-06
174 KSP unpreconditioned resid norm 4.313069553781e-22 true resid norm 4.313069553778e-22 ||r(i)||/||b|| 8.839794582704e-06
175 KSP unpreconditioned resid norm 4.176154672351e-22 true resid norm 4.176154672350e-22 ||r(i)||/||b|| 8.559182500740e-06
176 KSP unpreconditioned resid norm 4.050022275219e-22 true resid norm 4.050022275217e-22 ||r(i)||/||b|| 8.300669516663e-06
177 KSP unpreconditioned resid norm 3.928953356716e-22 true resid norm 3.928953356715e-22 ||r(i)||/||b|| 8.052534318156e-06
178 KSP unpreconditioned resid norm 3.800680099486e-22 true resid norm 3.800680099483e-22 ||r(i)||/||b|| 7.789633562615e-06
179 KSP unpreconditioned resid norm 3.671638256100e-22 true resid norm 3.671638256097e-22 ||r(i)||/||b|| 7.525157561502e-06
180 KSP unpreconditioned resid norm 3.528094818437e-22 true resid norm 3.528094818434e-22 ||r(i)||/||b|| 7.230960009894e-06
181 KSP unpreconditioned resid norm 3.383481169772e-22 true resid norm 3.383481169770e-22 ||r(i)||/||b|| 6.934569021504e-06
182 KSP unpreconditioned resid norm 3.264396555426e-22 true resid norm 3.264396555424e-22 ||r(i)||/||b|| 6.690500727297e-06
183 KSP unpreconditioned resid norm 3.165394406536e-22 true resid norm 3.165394406535e-22 ||r(i)||/||b|| 6.487592184203e-06
184 KSP unpreconditioned resid norm 3.084312430075e-22 true resid norm 3.084312430077e-22 ||r(i)||/||b|| 6.321411693183e-06
185 KSP unpreconditioned resid norm 3.016355264552e-22 true resid norm 3.016355264554e-22 ||r(i)||/||b|| 6.182130984593e-06
186 KSP unpreconditioned resid norm 2.936452040409e-22 true resid norm 2.936452040411e-22 ||r(i)||/||b|| 6.018366389769e-06
187 KSP unpreconditioned resid norm 2.828295164431e-22 true resid norm 2.828295164432e-22 ||r(i)||/||b|| 5.796694897009e-06
188 KSP unpreconditioned resid norm 2.705579306828e-22 true resid norm 2.705579306827e-22 ||r(i)||/||b|| 5.545184236274e-06
189 KSP unpreconditioned resid norm 2.605733222676e-22 true resid norm 2.605733222672e-22 ||r(i)||/||b|| 5.340546016832e-06
190 KSP unpreconditioned resid norm 2.518308841395e-22 true resid norm 2.518308841390e-22 ||r(i)||/||b|| 5.161366534002e-06
191 KSP unpreconditioned resid norm 2.439675603083e-22 true resid norm 2.439675603077e-22 ||r(i)||/||b|| 5.000204821818e-06
192 KSP unpreconditioned resid norm 2.428612341486e-22 true resid norm 2.415727564026e-22 ||r(i)||/||b|| 4.951122435543e-06
193 KSP unpreconditioned resid norm 2.422827080534e-22 true resid norm 2.404069252089e-22 ||r(i)||/||b|| 4.927228296713e-06
194 KSP unpreconditioned resid norm 2.420301812759e-22 true resid norm 2.402257197268e-22 ||r(i)||/||b|| 4.923514423753e-06
195 KSP unpreconditioned resid norm 2.419855211373e-22 true resid norm 2.401335694350e-22 ||r(i)||/||b|| 4.921625769650e-06
196 KSP unpreconditioned resid norm 2.415556201998e-22 true resid norm 2.401877716200e-22 ||r(i)||/||b|| 4.922736663354e-06
197 KSP unpreconditioned resid norm 2.415524590749e-22 true resid norm 2.402248693458e-22 ||r(i)||/||b|| 4.923496994881e-06
198 KSP unpreconditioned resid norm 2.412367161919e-22 true resid norm 2.410965669083e-22 ||r(i)||/||b|| 4.941362756828e-06
199 KSP unpreconditioned resid norm 2.411768901796e-22 true resid norm 2.413210221060e-22 ||r(i)||/||b|| 4.945963048606e-06
200 KSP unpreconditioned resid norm 2.425452617214e-22 true resid norm 2.425452617214e-22 ||r(i)||/||b|| 4.971054289507e-06
201 KSP unpreconditioned resid norm 2.364550066628e-22 true resid norm 2.364550066627e-22 ||r(i)||/||b|| 4.846232273532e-06
202 KSP unpreconditioned resid norm 2.301724066646e-22 true resid norm 2.301724066647e-22 ||r(i)||/||b|| 4.717468077324e-06
203 KSP unpreconditioned resid norm 2.232369455911e-22 true resid norm 2.232369455911e-22 ||r(i)||/||b|| 4.575323253405e-06
204 KSP unpreconditioned resid norm 2.159374578608e-22 true resid norm 2.159374578609e-22 ||r(i)||/||b|| 4.425717569357e-06
205 KSP unpreconditioned resid norm 2.111458231175e-22 true resid norm 2.111458231176e-22 ||r(i)||/||b|| 4.327511254069e-06
206 KSP unpreconditioned resid norm 2.053786092975e-22 true resid norm 2.053786092975e-22 ||r(i)||/||b|| 4.209310087016e-06
207 KSP unpreconditioned resid norm 2.005286426006e-22 true resid norm 2.005286426006e-22 ||r(i)||/||b|| 4.109908236897e-06
208 KSP unpreconditioned resid norm 1.940504395373e-22 true resid norm 1.940504395372e-22 ||r(i)||/||b|| 3.977135083967e-06
209 KSP unpreconditioned resid norm 1.877573620988e-22 true resid norm 1.877573620989e-22 ||r(i)||/||b|| 3.848156148771e-06
210 KSP unpreconditioned resid norm 1.830072220401e-22 true resid norm 1.830072220402e-22 ||r(i)||/||b|| 3.750800282294e-06
211 KSP unpreconditioned resid norm 1.788863288113e-22 true resid norm 1.788863288112e-22 ||r(i)||/||b|| 3.666341060881e-06
212 KSP unpreconditioned resid norm 1.747380120755e-22 true resid norm 1.747380120755e-22 ||r(i)||/||b|| 3.581319784618e-06
213 KSP unpreconditioned resid norm 1.706493181880e-22 true resid norm 1.706493181881e-22 ||r(i)||/||b|| 3.497520500544e-06
214 KSP unpreconditioned resid norm 1.660370360647e-22 true resid norm 1.660370360646e-22 ||r(i)||/||b|| 3.402990083123e-06
215 KSP unpreconditioned resid norm 1.606791579405e-22 true resid norm 1.606791579404e-22 ||r(i)||/||b|| 3.293178401611e-06
216 KSP unpreconditioned resid norm 1.543463030077e-22 true resid norm 1.543463030077e-22 ||r(i)||/||b|| 3.163384212046e-06
217 KSP unpreconditioned resid norm 1.479801978572e-22 true resid norm 1.479801978571e-22 ||r(i)||/||b|| 3.032908547044e-06
218 KSP unpreconditioned resid norm 1.422326452356e-22 true resid norm 1.422326452357e-22 ||r(i)||/||b|| 2.915110343483e-06
219 KSP unpreconditioned resid norm 1.375644442035e-22 true resid norm 1.375644442035e-22 ||r(i)||/||b|| 2.819433847473e-06
220 KSP unpreconditioned resid norm 1.342160409545e-22 true resid norm 1.342160409547e-22 ||r(i)||/||b|| 2.750807092143e-06
221 KSP unpreconditioned resid norm 1.308476595026e-22 true resid norm 1.308476595024e-22 ||r(i)||/||b|| 2.681770876187e-06
222 KSP unpreconditioned resid norm 1.276661348570e-22 true resid norm 1.276661348570e-22 ||r(i)||/||b|| 2.616564359169e-06
223 KSP unpreconditioned resid norm 1.250823849835e-22 true resid norm 1.250823849837e-22 ||r(i)||/||b|| 2.563609455827e-06
224 KSP unpreconditioned resid norm 1.223656094931e-22 true resid norm 1.223656094929e-22 ||r(i)||/||b|| 2.507928143558e-06
225 KSP unpreconditioned resid norm 1.195892226046e-22 true resid norm 1.195892226045e-22 ||r(i)||/||b|| 2.451025073785e-06
226 KSP unpreconditioned resid norm 1.164451983830e-22 true resid norm 1.164451983831e-22 ||r(i)||/||b|| 2.386587141742e-06
227 KSP unpreconditioned resid norm 1.141598125381e-22 true resid norm 1.141598125382e-22 ||r(i)||/||b|| 2.339747318829e-06
228 KSP unpreconditioned resid norm 1.125169012364e-22 true resid norm 1.125169012365e-22 ||r(i)||/||b|| 2.306075247828e-06
229 KSP unpreconditioned resid norm 1.110898398770e-22 true resid norm 1.110898398773e-22 ||r(i)||/||b|| 2.276827100737e-06
230 KSP unpreconditioned resid norm 1.097381560914e-22 true resid norm 1.097381560914e-22 ||r(i)||/||b|| 2.249123844718e-06
231 KSP unpreconditioned resid norm 1.083673292145e-22 true resid norm 1.083673292144e-22 ||r(i)||/||b|| 2.221028244010e-06
232 KSP unpreconditioned resid norm 1.072191003002e-22 true resid norm 1.072191003002e-22 ||r(i)||/||b|| 2.197494870367e-06
233 KSP unpreconditioned resid norm 1.059114949273e-22 true resid norm 1.059114949273e-22 ||r(i)||/||b|| 2.170695017623e-06
234 KSP unpreconditioned resid norm 1.046385878611e-22 true resid norm 1.046385878612e-22 ||r(i)||/||b|| 2.144606319430e-06
235 KSP unpreconditioned resid norm 1.030149685431e-22 true resid norm 1.030149685431e-22 ||r(i)||/||b|| 2.111329644723e-06
236 KSP unpreconditioned resid norm 1.015093464374e-22 true resid norm 1.015093464376e-22 ||r(i)||/||b|| 2.080471366261e-06
237 KSP unpreconditioned resid norm 9.987652573447e-23 true resid norm 9.987652573449e-23 ||r(i)||/||b|| 2.047006105788e-06
238 KSP unpreconditioned resid norm 9.837598384573e-23 true resid norm 9.837598384547e-23 ||r(i)||/||b|| 2.016251948229e-06
239 KSP unpreconditioned resid norm 9.709208659319e-23 true resid norm 9.709208659310e-23 ||r(i)||/||b|| 1.989938002130e-06
240 KSP unpreconditioned resid norm 9.546007013361e-23 true resid norm 9.546007013364e-23 ||r(i)||/||b|| 1.956489224925e-06
241 KSP unpreconditioned resid norm 9.352002703284e-23 true resid norm 9.352002703266e-23 ||r(i)||/||b|| 1.916727328484e-06
242 KSP unpreconditioned resid norm 9.098447987552e-23 true resid norm 9.098447987549e-23 ||r(i)||/||b|| 1.864760357526e-06
243 KSP unpreconditioned resid norm 8.842786235140e-23 true resid norm 8.842786235150e-23 ||r(i)||/||b|| 1.812361541655e-06
244 KSP unpreconditioned resid norm 8.535390941554e-23 true resid norm 8.535390941553e-23 ||r(i)||/||b|| 1.749359746362e-06
245 KSP unpreconditioned resid norm 8.195950375221e-23 true resid norm 8.195950375229e-23 ||r(i)||/||b|| 1.679790154638e-06
246 KSP unpreconditioned resid norm 7.789041873261e-23 true resid norm 7.789041873261e-23 ||r(i)||/||b|| 1.596392761517e-06
247 KSP unpreconditioned resid norm 7.345583350309e-23 true resid norm 7.345583350330e-23 ||r(i)||/||b|| 1.505504307255e-06
248 KSP unpreconditioned resid norm 6.901365474621e-23 true resid norm 6.901365474625e-23 ||r(i)||/||b|| 1.414460220852e-06
249 KSP unpreconditioned resid norm 6.467728172370e-23 true resid norm 6.467728172372e-23 ||r(i)||/||b|| 1.325584661867e-06
250 KSP unpreconditioned resid norm 6.031853737285e-23 true resid norm 6.031853737281e-23 ||r(i)||/||b|| 1.236250594284e-06
251 KSP unpreconditioned resid norm 5.596400095646e-23 true resid norm 5.596400095641e-23 ||r(i)||/||b|| 1.147002769866e-06
252 KSP unpreconditioned resid norm 5.242125994793e-23 true resid norm 5.242125994799e-23 ||r(i)||/||b|| 1.074392990720e-06
253 KSP unpreconditioned resid norm 4.964833449801e-23 true resid norm 4.964833449797e-23 ||r(i)||/||b|| 1.017560864399e-06
254 KSP unpreconditioned resid norm 4.735591040837e-23 true resid norm 4.735591040847e-23 ||r(i)||/||b|| 9.705767900754e-07
255 KSP unpreconditioned resid norm 4.564979683620e-23 true resid norm 4.564979683619e-23 ||r(i)||/||b|| 9.356093653084e-07
256 KSP unpreconditioned resid norm 4.409435072909e-23 true resid norm 4.409435072902e-23 ||r(i)||/||b|| 9.037299256184e-07
257 KSP unpreconditioned resid norm 4.267346778919e-23 true resid norm 4.267346778915e-23 ||r(i)||/||b|| 8.746084075026e-07
258 KSP unpreconditioned resid norm 4.084079717471e-23 true resid norm 4.084079717479e-23 ||r(i)||/||b|| 8.370471496403e-07
259 KSP unpreconditioned resid norm 3.893091952900e-23 true resid norm 3.893091952903e-23 ||r(i)||/||b|| 7.979035052911e-07
260 KSP unpreconditioned resid norm 3.717230735570e-23 true resid norm 3.717230735570e-23 ||r(i)||/||b|| 7.618601023990e-07
261 KSP unpreconditioned resid norm 3.578848179726e-23 true resid norm 3.578848179728e-23 ||r(i)||/||b|| 7.334980889369e-07
262 KSP unpreconditioned resid norm 3.459495270078e-23 true resid norm 3.459495270082e-23 ||r(i)||/||b|| 7.090362714085e-07
263 KSP unpreconditioned resid norm 3.350601944754e-23 true resid norm 3.350601944757e-23 ||r(i)||/||b|| 6.867181841322e-07
264 KSP unpreconditioned resid norm 3.249777537561e-23 true resid norm 3.249777537571e-23 ||r(i)||/||b|| 6.660538512867e-07
265 KSP unpreconditioned resid norm 3.136388940072e-23 true resid norm 3.136388940074e-23 ||r(i)||/||b|| 6.428144414558e-07
266 KSP unpreconditioned resid norm 3.008370150072e-23 true resid norm 3.008370150067e-23 ||r(i)||/||b|| 6.165765198950e-07
267 KSP unpreconditioned resid norm 2.896895126009e-23 true resid norm 2.896895126012e-23 ||r(i)||/||b|| 5.937293039746e-07
268 KSP unpreconditioned resid norm 2.812075777756e-23 true resid norm 2.812075777757e-23 ||r(i)||/||b|| 5.763452667857e-07
269 KSP unpreconditioned resid norm 2.733636687116e-23 true resid norm 2.733636687120e-23 ||r(i)||/||b|| 5.602688868469e-07
270 KSP unpreconditioned resid norm 2.667222403981e-23 true resid norm 2.667222403978e-23 ||r(i)||/||b|| 5.466570354031e-07
271 KSP unpreconditioned resid norm 2.595312179906e-23 true resid norm 2.595312179913e-23 ||r(i)||/||b|| 5.319187706659e-07
272 KSP unpreconditioned resid norm 2.512054626333e-23 true resid norm 2.512054626337e-23 ||r(i)||/||b|| 5.148548290370e-07
273 KSP unpreconditioned resid norm 2.414993674017e-23 true resid norm 2.414993674021e-23 ||r(i)||/||b|| 4.949618301003e-07
274 KSP unpreconditioned resid norm 2.309307688268e-23 true resid norm 2.309307688273e-23 ||r(i)||/||b|| 4.733010988592e-07
275 KSP unpreconditioned resid norm 2.204315682763e-23 true resid norm 2.204315682769e-23 ||r(i)||/||b|| 4.517826014200e-07
276 KSP unpreconditioned resid norm 2.102140402427e-23 true resid norm 2.102140402423e-23 ||r(i)||/||b|| 4.308414021552e-07
277 KSP unpreconditioned resid norm 2.021731827886e-23 true resid norm 2.021731827896e-23 ||r(i)||/||b|| 4.143613692541e-07
278 KSP unpreconditioned resid norm 1.948759782513e-23 true resid norm 1.948759782519e-23 ||r(i)||/||b|| 3.994054803362e-07
279 KSP unpreconditioned resid norm 1.879025437771e-23 true resid norm 1.879025437774e-23 ||r(i)||/||b|| 3.851131700636e-07
280 KSP unpreconditioned resid norm 1.827866995501e-23 true resid norm 1.827866995506e-23 ||r(i)||/||b|| 3.746280592815e-07
281 KSP unpreconditioned resid norm 1.784884299892e-23 true resid norm 1.784884299892e-23 ||r(i)||/||b|| 3.658185978271e-07
282 KSP unpreconditioned resid norm 1.740591436264e-23 true resid norm 1.740591436266e-23 ||r(i)||/||b|| 3.567406126230e-07
283 KSP unpreconditioned resid norm 1.700882342953e-23 true resid norm 1.700882342957e-23 ||r(i)||/||b|| 3.486020879936e-07
284 KSP unpreconditioned resid norm 1.667971094061e-23 true resid norm 1.667971094061e-23 ||r(i)||/||b|| 3.418568065630e-07
285 KSP unpreconditioned resid norm 1.643247909167e-23 true resid norm 1.643247909164e-23 ||r(i)||/||b|| 3.367896989453e-07
286 KSP unpreconditioned resid norm 1.620598416019e-23 true resid norm 1.620598416020e-23 ||r(i)||/||b|| 3.321476020743e-07
287 KSP unpreconditioned resid norm 1.603796776328e-23 true resid norm 1.603796776322e-23 ||r(i)||/||b|| 3.287040442617e-07
288 KSP unpreconditioned resid norm 1.590109652136e-23 true resid norm 1.590109652130e-23 ||r(i)||/||b|| 3.258988178499e-07
289 KSP unpreconditioned resid norm 1.579132425861e-23 true resid norm 1.579132425857e-23 ||r(i)||/||b|| 3.236489949771e-07
290 KSP unpreconditioned resid norm 1.567216784453e-23 true resid norm 1.567216784444e-23 ||r(i)||/||b|| 3.212068404720e-07
291 KSP unpreconditioned resid norm 1.551707876850e-23 true resid norm 1.563089480986e-23 ||r(i)||/||b|| 3.203609344579e-07
292 KSP unpreconditioned resid norm 1.550355965649e-23 true resid norm 1.556884351270e-23 ||r(i)||/||b|| 3.190891703149e-07
293 KSP unpreconditioned resid norm 1.545440418260e-23 true resid norm 1.568102437501e-23 ||r(i)||/||b|| 3.213883583214e-07
294 KSP unpreconditioned resid norm 1.544977928085e-23 true resid norm 1.569858067235e-23 ||r(i)||/||b|| 3.217481810885e-07
295 KSP unpreconditioned resid norm 1.541668856026e-23 true resid norm 1.589664913950e-23 ||r(i)||/||b|| 3.258076671252e-07
296 KSP unpreconditioned resid norm 1.540395459967e-23 true resid norm 1.592253102841e-23 ||r(i)||/||b|| 3.263381259517e-07
297 KSP unpreconditioned resid norm 1.536192371457e-23 true resid norm 1.619300358389e-23 ||r(i)||/||b|| 3.318815603917e-07
298 KSP unpreconditioned resid norm 1.536087095956e-23 true resid norm 1.619065800195e-23 ||r(i)||/||b|| 3.318334868276e-07
299 KSP unpreconditioned resid norm 1.532528942137e-23 true resid norm 1.649205686595e-23 ||r(i)||/||b|| 3.380107673283e-07
300 KSP unpreconditioned resid norm 1.665309115013e-23 true resid norm 1.665309115013e-23 ||r(i)||/||b|| 3.413112241727e-07
301 KSP unpreconditioned resid norm 1.650605466465e-23 true resid norm 1.650605466464e-23 ||r(i)||/||b|| 3.382976573576e-07
302 KSP unpreconditioned resid norm 1.636085833874e-23 true resid norm 1.636085833876e-23 ||r(i)||/||b|| 3.353218052898e-07
303 KSP unpreconditioned resid norm 1.619563442295e-23 true resid norm 1.619563442286e-23 ||r(i)||/||b|| 3.319354804034e-07
304 KSP unpreconditioned resid norm 1.599607188406e-23 true resid norm 1.599607188402e-23 ||r(i)||/||b|| 3.278453728182e-07
305 KSP unpreconditioned resid norm 1.582099930059e-23 true resid norm 1.582099930062e-23 ||r(i)||/||b|| 3.242571958712e-07
306 KSP unpreconditioned resid norm 1.557424791942e-23 true resid norm 1.557424791935e-23 ||r(i)||/||b|| 3.191999356157e-07
307 KSP unpreconditioned resid norm 1.529443957790e-23 true resid norm 1.529443957790e-23 ||r(i)||/||b|| 3.134651608107e-07
308 KSP unpreconditioned resid norm 1.497577435194e-23 true resid norm 1.497577435189e-23 ||r(i)||/||b|| 3.069339998741e-07
309 KSP unpreconditioned resid norm 1.468093642244e-23 true resid norm 1.468093642242e-23 ||r(i)||/||b|| 3.008911881382e-07
310 KSP unpreconditioned resid norm 1.443111803783e-23 true resid norm 1.443111803792e-23 ||r(i)||/||b|| 2.957710685242e-07
311 KSP unpreconditioned resid norm 1.420296142866e-23 true resid norm 1.420296142860e-23 ||r(i)||/||b|| 2.910949149543e-07
312 KSP unpreconditioned resid norm 1.393470289159e-23 true resid norm 1.393470289172e-23 ||r(i)||/||b|| 2.855968576391e-07
313 KSP unpreconditioned resid norm 1.358973976175e-23 true resid norm 1.358973976175e-23 ||r(i)||/||b|| 2.785267114950e-07
314 KSP unpreconditioned resid norm 1.313812706102e-23 true resid norm 1.313812706102e-23 ||r(i)||/||b|| 2.692707431977e-07
315 KSP unpreconditioned resid norm 1.273412351768e-23 true resid norm 1.273412351762e-23 ||r(i)||/||b|| 2.609905420792e-07
316 KSP unpreconditioned resid norm 1.235343450174e-23 true resid norm 1.235343450196e-23 ||r(i)||/||b|| 2.531881807762e-07
317 KSP unpreconditioned resid norm 1.195617492501e-23 true resid norm 1.195617492517e-23 ||r(i)||/||b|| 2.450461997322e-07
318 KSP unpreconditioned resid norm 1.161951911033e-23 true resid norm 1.161951911028e-23 ||r(i)||/||b|| 2.381463150640e-07
319 KSP unpreconditioned resid norm 1.135497058613e-23 true resid norm 1.135497058615e-23 ||r(i)||/||b|| 2.327242958239e-07
320 KSP unpreconditioned resid norm 1.112423838508e-23 true resid norm 1.112423838504e-23 ||r(i)||/||b|| 2.279953545537e-07
321 KSP unpreconditioned resid norm 1.089553950192e-23 true resid norm 1.089553950196e-23 ||r(i)||/||b|| 2.233080868836e-07
322 KSP unpreconditioned resid norm 1.068233632251e-23 true resid norm 1.068233632255e-23 ||r(i)||/||b|| 2.189384093563e-07
323 KSP unpreconditioned resid norm 1.050434672354e-23 true resid norm 1.050434672351e-23 ||r(i)||/||b|| 2.152904471016e-07
324 KSP unpreconditioned resid norm 1.029072550337e-23 true resid norm 1.029072550338e-23 ||r(i)||/||b|| 2.109122016760e-07
325 KSP unpreconditioned resid norm 1.007801186772e-23 true resid norm 1.007801186779e-23 ||r(i)||/||b|| 2.065525575290e-07
326 KSP unpreconditioned resid norm 9.817783094304e-24 true resid norm 9.817783094148e-24 ||r(i)||/||b|| 2.012190731629e-07
327 KSP unpreconditioned resid norm 9.585571017216e-24 true resid norm 9.585571017226e-24 ||r(i)||/||b|| 1.964598012939e-07
328 KSP unpreconditioned resid norm 9.378757499322e-24 true resid norm 9.378757499396e-24 ||r(i)||/||b|| 1.922210822291e-07
329 KSP unpreconditioned resid norm 9.216470205956e-24 true resid norm 9.216470205846e-24 ||r(i)||/||b|| 1.888949444971e-07
330 KSP unpreconditioned resid norm 9.050642258861e-24 true resid norm 9.050642258757e-24 ||r(i)||/||b|| 1.854962397694e-07
331 KSP unpreconditioned resid norm 8.881783746167e-24 true resid norm 8.881783746365e-24 ||r(i)||/||b|| 1.820354224918e-07
332 KSP unpreconditioned resid norm 8.693359608545e-24 true resid norm 8.693359608571e-24 ||r(i)||/||b|| 1.781736005301e-07
333 KSP unpreconditioned resid norm 8.465856558294e-24 true resid norm 8.465856558229e-24 ||r(i)||/||b|| 1.735108418918e-07
334 KSP unpreconditioned resid norm 8.245146567467e-24 true resid norm 8.245146567363e-24 ||r(i)||/||b|| 1.689873095043e-07
335 KSP unpreconditioned resid norm 8.002095916508e-24 true resid norm 8.002095916589e-24 ||r(i)||/||b|| 1.640058970804e-07
336 KSP unpreconditioned resid norm 7.749323063912e-24 true resid norm 7.749323063896e-24 ||r(i)||/||b|| 1.588252245546e-07
337 KSP unpreconditioned resid norm 7.465093811566e-24 true resid norm 7.465093811658e-24 ||r(i)||/||b|| 1.529998415580e-07
338 KSP unpreconditioned resid norm 7.199650116590e-24 true resid norm 7.199650116727e-24 ||r(i)||/||b|| 1.475594754633e-07
339 KSP unpreconditioned resid norm 6.967614180533e-24 true resid norm 6.967614180589e-24 ||r(i)||/||b|| 1.428038136644e-07
340 KSP unpreconditioned resid norm 6.756952689571e-24 true resid norm 6.756952689466e-24 ||r(i)||/||b|| 1.384862289726e-07
341 KSP unpreconditioned resid norm 6.510980286534e-24 true resid norm 6.510980286419e-24 ||r(i)||/||b|| 1.334449341619e-07
342 KSP unpreconditioned resid norm 6.231468590619e-24 true resid norm 6.231468590729e-24 ||r(i)||/||b|| 1.277162392208e-07
343 KSP unpreconditioned resid norm 5.934758647136e-24 true resid norm 5.934758647313e-24 ||r(i)||/||b|| 1.216350598710e-07
344 KSP unpreconditioned resid norm 5.614561036580e-24 true resid norm 5.614561036509e-24 ||r(i)||/||b|| 1.150724921450e-07
345 KSP unpreconditioned resid norm 5.193659002191e-24 true resid norm 5.193659002069e-24 ||r(i)||/||b|| 1.064459502414e-07
346 KSP unpreconditioned resid norm 4.662049522159e-24 true resid norm 4.662049522183e-24 ||r(i)||/||b|| 9.555041855143e-08
347 KSP unpreconditioned resid norm 4.097846580981e-24 true resid norm 4.097846580997e-24 ||r(i)||/||b|| 8.398687189202e-08
348 KSP unpreconditioned resid norm 3.573030798413e-24 true resid norm 3.573030798388e-24 ||r(i)||/||b|| 7.323057952487e-08
349 KSP unpreconditioned resid norm 3.179343220334e-24 true resid norm 3.179343220306e-24 ||r(i)||/||b|| 6.516180790732e-08
350 KSP unpreconditioned resid norm 2.929790984821e-24 true resid norm 2.929790984711e-24 ||r(i)||/||b|| 6.004714311277e-08
351 KSP unpreconditioned resid norm 2.778560281294e-24 true resid norm 2.778560281398e-24 ||r(i)||/||b|| 5.694761426164e-08
352 KSP unpreconditioned resid norm 2.680636887263e-24 true resid norm 2.680636887223e-24 ||r(i)||/||b|| 5.494063830507e-08
353 KSP unpreconditioned resid norm 2.618322183877e-24 true resid norm 2.618322183988e-24 ||r(i)||/||b|| 5.366347555773e-08
354 KSP unpreconditioned resid norm 2.575336952204e-24 true resid norm 2.575336952143e-24 ||r(i)||/||b|| 5.278247743131e-08
355 KSP unpreconditioned resid norm 2.542938309542e-24 true resid norm 2.542938309470e-24 ||r(i)||/||b|| 5.211845534120e-08
356 KSP unpreconditioned resid norm 2.517216950740e-24 true resid norm 2.517216950656e-24 ||r(i)||/||b|| 5.159128663810e-08
357 KSP unpreconditioned resid norm 2.496629037981e-24 true resid norm 2.496629038057e-24 ||r(i)||/||b|| 5.116932980203e-08
358 KSP unpreconditioned resid norm 2.475048580253e-24 true resid norm 2.475048580391e-24 ||r(i)||/||b|| 5.072703039000e-08
359 KSP unpreconditioned resid norm 2.452368374032e-24 true resid norm 2.452368373966e-24 ||r(i)||/||b|| 5.026219122292e-08
360 KSP unpreconditioned resid norm 2.425200425403e-24 true resid norm 2.425200425464e-24 ||r(i)||/||b|| 4.970537413247e-08
361 KSP unpreconditioned resid norm 2.397246560307e-24 true resid norm 2.397246560333e-24 ||r(i)||/||b|| 4.913244939181e-08
362 KSP unpreconditioned resid norm 2.368131670013e-24 true resid norm 2.368131670058e-24 ||r(i)||/||b|| 4.853572901409e-08
363 KSP unpreconditioned resid norm 2.340740485021e-24 true resid norm 2.340740485147e-24 ||r(i)||/||b|| 4.797433661137e-08
364 KSP unpreconditioned resid norm 2.313871301932e-24 true resid norm 2.313871301994e-24 ||r(i)||/||b|| 4.742364282655e-08
365 KSP unpreconditioned resid norm 2.281397782455e-24 true resid norm 2.281397782548e-24 ||r(i)||/||b|| 4.675808610946e-08
366 KSP unpreconditioned resid norm 2.241469654871e-24 true resid norm 2.241469655060e-24 ||r(i)||/||b|| 4.593974446050e-08
367 KSP unpreconditioned resid norm 2.193073675313e-24 true resid norm 2.193073675233e-24 ||r(i)||/||b|| 4.494785106541e-08
368 KSP unpreconditioned resid norm 2.133382489900e-24 true resid norm 2.133382489896e-24 ||r(i)||/||b|| 4.372445828168e-08
369 KSP unpreconditioned resid norm 2.062845058140e-24 true resid norm 2.062845058232e-24 ||r(i)||/||b|| 4.227876769282e-08
370 KSP unpreconditioned resid norm 1.990277954037e-24 true resid norm 1.990277954219e-24 ||r(i)||/||b|| 4.079147822314e-08
371 KSP unpreconditioned resid norm 1.909916282683e-24 true resid norm 1.909916282718e-24 ||r(i)||/||b|| 3.914443622779e-08
372 KSP unpreconditioned resid norm 1.830458647301e-24 true resid norm 1.830458647302e-24 ||r(i)||/||b|| 3.751592278429e-08
373 KSP unpreconditioned resid norm 1.733813437186e-24 true resid norm 1.733813437154e-24 ||r(i)||/||b|| 3.553514367918e-08
374 KSP unpreconditioned resid norm 1.627533993327e-24 true resid norm 1.627533993391e-24 ||r(i)||/||b|| 3.335690741491e-08
375 KSP unpreconditioned resid norm 1.542202899385e-24 true resid norm 1.542202899452e-24 ||r(i)||/||b|| 3.160801528012e-08
376 KSP unpreconditioned resid norm 1.463925480388e-24 true resid norm 1.463925480416e-24 ||r(i)||/||b|| 3.000369080515e-08
377 KSP unpreconditioned resid norm 1.390298743086e-24 true resid norm 1.390298743179e-24 ||r(i)||/||b|| 2.849468376305e-08
378 KSP unpreconditioned resid norm 1.317604207036e-24 true resid norm 1.317604207055e-24 ||r(i)||/||b|| 2.700478252540e-08
379 KSP unpreconditioned resid norm 1.250979198975e-24 true resid norm 1.250979199073e-24 ||r(i)||/||b|| 2.563927849797e-08
380 KSP unpreconditioned resid norm 1.182993465684e-24 true resid norm 1.182993465800e-24 ||r(i)||/||b|| 2.424588590553e-08
381 KSP unpreconditioned resid norm 1.114892639294e-24 true resid norm 1.114892639296e-24 ||r(i)||/||b|| 2.285013443503e-08
382 KSP unpreconditioned resid norm 1.040550470492e-24 true resid norm 1.040550470696e-24 ||r(i)||/||b|| 2.132646436418e-08
383 KSP unpreconditioned resid norm 9.646662061080e-25 true resid norm 9.646662060841e-25 ||r(i)||/||b|| 1.977118846876e-08
  Linear solve converged due to CONVERGED_ATOL iterations 383
Mat Object: 1 MPI process
  type: seqaijcusparse
  rows=281452, cols=281452, bs=4
  total: nonzeros=15993520, allocated nonzeros=15993520
  total number of mallocs used during MatSetValues calls=0
    not using I-node routines
Vec Object: 1 MPI process
  type: seqcuda
  length=281452, bs=4
Vec Object: 1 MPI process
  type: seqcuda
  length=281452, bs=4
KSP Object: 1 MPI process
  type: gmres
    restart=100, using classical (unmodified) Gram-Schmidt orthogonalization with no iterative refinement
    happy breakdown tolerance=1e-30
  maximum iterations=2000, initial guess is zero
  tolerances: relative=1e-10, absolute=1e-24, divergence=10000.
  right preconditioning
  diagonally scaled system
  using UNPRECONDITIONED norm type for convergence test
PC Object: 1 MPI process
  type: asm
    total subdomain blocks = 1, amount of overlap = 2
    restriction/interpolation type - RESTRICT
    Local solver information for first block is in the following KSP and PC objects on rank 0:
    Use -ksp_view ::ascii_info_detail to display information for all blocks
    KSP Object: (sub_) 1 MPI process
      type: preonly
      maximum iterations=10000, initial guess is zero
      tolerances: relative=1e-05, absolute=1e-50, divergence=10000.
      left preconditioning
      not checking for convergence
    PC Object: (sub_) 1 MPI process
      type: ilu
        out-of-place factorization
        2 levels of fill
        tolerance for zero pivot 2.22045e-14
        matrix ordering: natural
        factor fill ratio given 1., needed 4.996
          Factored matrix:
            Mat Object: (sub_) 1 MPI process
              type: seqaijcusparse
              rows=281452, cols=281452, bs=4
              package used to perform factorization: cusparse
              total: nonzeros=79903664, allocated nonzeros=79903664
                using I-node routines: found 70363 nodes, limit used is 5
      linear system matrix, which is also used to construct the preconditioner:
      Mat Object: (sub_) 1 MPI process
        type: seqaijcusparse
        rows=281452, cols=281452, bs=4
        total: nonzeros=15993520, allocated nonzeros=15993520
        total number of mallocs used during MatSetValues calls=0
          not using I-node routines
  linear system matrix, which is also used to construct the preconditioner:
  Mat Object: 1 MPI process
    type: seqaijcusparse
    rows=281452, cols=281452, bs=4
    total: nonzeros=15993520, allocated nonzeros=15993520
    total number of mallocs used during MatSetValues calls=0
      not using I-node routines
 NS     66-1    2.396e+03 [   0  1.000e+00  4.840e-14  1.977e-08] [  383 -177   82]
Vec Object: 1 MPI process
  type: seqcuda
  length=281452, bs=4
Mat Object: 1 MPI process
  type: seqaijcusparse
  rows=281452, cols=281452, bs=4
  total: nonzeros=15993520, allocated nonzeros=15993520
  total number of mallocs used during MatSetValues calls=0
    not using I-node routines
Mat Object: 1 MPI process
  type: seqaijcusparse
  rows=281452, cols=281452, bs=4
  total: nonzeros=15993520, allocated nonzeros=15993520
  total number of mallocs used during MatSetValues calls=0
    not using I-node routines
SV13P_REUSE step=66 equation=0 reuse=1 rebuild_requests=6 solve_requests=12 ksp=0x55729b63aa50 pc=0x55729d0f73e0
  0 KSP unpreconditioned resid norm 3.102558232465e-17 true resid norm 3.102558232465e-17 ||r(i)||/||b|| 1.000000000000e+00
  1 KSP unpreconditioned resid norm 1.933860165408e-18 true resid norm 1.933860165408e-18 ||r(i)||/||b|| 6.233114805620e-02
  2 KSP unpreconditioned resid norm 7.048680393906e-19 true resid norm 7.048680393906e-19 ||r(i)||/||b|| 2.271893020459e-02
  3 KSP unpreconditioned resid norm 3.930817701575e-19 true resid norm 3.930817701575e-19 ||r(i)||/||b|| 1.266960168690e-02
  4 KSP unpreconditioned resid norm 2.793994323393e-19 true resid norm 2.793994323393e-19 ||r(i)||/||b|| 9.005453287408e-03
  5 KSP unpreconditioned resid norm 2.268263383452e-19 true resid norm 2.268263383452e-19 ||r(i)||/||b|| 7.310945398918e-03
  6 KSP unpreconditioned resid norm 1.974011040417e-19 true resid norm 1.974011040417e-19 ||r(i)||/||b|| 6.362526961658e-03
  7 KSP unpreconditioned resid norm 1.786000737470e-19 true resid norm 1.786000737470e-19 ||r(i)||/||b|| 5.756542194054e-03
  8 KSP unpreconditioned resid norm 1.601972263604e-19 true resid norm 1.601972263604e-19 ||r(i)||/||b|| 5.163391445294e-03
  9 KSP unpreconditioned resid norm 1.410060292552e-19 true resid norm 1.410060292552e-19 ||r(i)||/||b|| 4.544831029430e-03
 10 KSP unpreconditioned resid norm 1.217987658549e-19 true resid norm 1.217987658549e-19 ||r(i)||/||b|| 3.925752773320e-03
 11 KSP unpreconditioned resid norm 1.070292480294e-19 true resid norm 1.070292480294e-19 ||r(i)||/||b|| 3.449709562563e-03
 12 KSP unpreconditioned resid norm 9.368303435441e-20 true resid norm 9.368303435441e-20 ||r(i)||/||b|| 3.019541531054e-03
 13 KSP unpreconditioned resid norm 8.168572099702e-20 true resid norm 8.168572099702e-20 ||r(i)||/||b|| 2.632850534190e-03
 14 KSP unpreconditioned resid norm 7.119585995844e-20 true resid norm 7.119585995844e-20 ||r(i)||/||b|| 2.294746935398e-03
 15 KSP unpreconditioned resid norm 6.183935726637e-20 true resid norm 6.183935726637e-20 ||r(i)||/||b|| 1.993173137551e-03
 16 KSP unpreconditioned resid norm 5.536715177259e-20 true resid norm 5.536715177259e-20 ||r(i)||/||b|| 1.784564466614e-03
 17 KSP unpreconditioned resid norm 5.004234853351e-20 true resid norm 5.004234853351e-20 ||r(i)||/||b|| 1.612938252371e-03
 18 KSP unpreconditioned resid norm 4.546914905202e-20 true resid norm 4.546914905202e-20 ||r(i)||/||b|| 1.465537329041e-03
 19 KSP unpreconditioned resid norm 4.195347153035e-20 true resid norm 4.195347153035e-20 ||r(i)||/||b|| 1.352221888742e-03
 20 KSP unpreconditioned resid norm 3.892715747138e-20 true resid norm 3.892715747138e-20 ||r(i)||/||b|| 1.254679350223e-03
 21 KSP unpreconditioned resid norm 3.557722866393e-20 true resid norm 3.557722866393e-20 ||r(i)||/||b|| 1.146706233960e-03
 22 KSP unpreconditioned resid norm 3.221224064020e-20 true resid norm 3.221224064020e-20 ||r(i)||/||b|| 1.038247737081e-03
 23 KSP unpreconditioned resid norm 2.949591322126e-20 true resid norm 2.949591322126e-20 ||r(i)||/||b|| 9.506965223927e-04
 24 KSP unpreconditioned resid norm 2.707470455815e-20 true resid norm 2.707470455815e-20 ||r(i)||/||b|| 8.726574178314e-04
 25 KSP unpreconditioned resid norm 2.461879712268e-20 true resid norm 2.461879712268e-20 ||r(i)||/||b|| 7.934999209708e-04
 26 KSP unpreconditioned resid norm 2.226854004902e-20 true resid norm 2.226854004902e-20 ||r(i)||/||b|| 7.177476901480e-04
 27 KSP unpreconditioned resid norm 2.020746050838e-20 true resid norm 2.020746050838e-20 ||r(i)||/||b|| 6.513160751322e-04
 28 KSP unpreconditioned resid norm 1.825097472766e-20 true resid norm 1.825097472766e-20 ||r(i)||/||b|| 5.882556703266e-04
 29 KSP unpreconditioned resid norm 1.651400892157e-20 true resid norm 1.651400892157e-20 ||r(i)||/||b|| 5.322707161067e-04
 30 KSP unpreconditioned resid norm 1.528571986091e-20 true resid norm 1.528571986091e-20 ||r(i)||/||b|| 4.926811590823e-04
 31 KSP unpreconditioned resid norm 1.426778623432e-20 true resid norm 1.426778623432e-20 ||r(i)||/||b|| 4.598716660666e-04
 32 KSP unpreconditioned resid norm 1.309876647375e-20 true resid norm 1.309876647375e-20 ||r(i)||/||b|| 4.221924454691e-04
 33 KSP unpreconditioned resid norm 1.193565882636e-20 true resid norm 1.193565882636e-20 ||r(i)||/||b|| 3.847037809464e-04
 34 KSP unpreconditioned resid norm 1.072871925289e-20 true resid norm 1.072871925290e-20 ||r(i)||/||b|| 3.458023491914e-04
 35 KSP unpreconditioned resid norm 9.762750492094e-21 true resid norm 9.762750492094e-21 ||r(i)||/||b|| 3.146677599775e-04
 36 KSP unpreconditioned resid norm 8.990600845474e-21 true resid norm 8.990600845474e-21 ||r(i)||/||b|| 2.897802449410e-04
 37 KSP unpreconditioned resid norm 8.436293845953e-21 true resid norm 8.436293845953e-21 ||r(i)||/||b|| 2.719141177650e-04
 38 KSP unpreconditioned resid norm 7.988556890723e-21 true resid norm 7.988556890724e-21 ||r(i)||/||b|| 2.574828993419e-04
 39 KSP unpreconditioned resid norm 7.640471724483e-21 true resid norm 7.640471724483e-21 ||r(i)||/||b|| 2.462636041617e-04
 40 KSP unpreconditioned resid norm 7.247014991038e-21 true resid norm 7.247014991038e-21 ||r(i)||/||b|| 2.335819168583e-04
 41 KSP unpreconditioned resid norm 6.820968155843e-21 true resid norm 6.820968155843e-21 ||r(i)||/||b|| 2.198498028004e-04
 42 KSP unpreconditioned resid norm 6.440943069098e-21 true resid norm 6.440943069098e-21 ||r(i)||/||b|| 2.076010371602e-04
 43 KSP unpreconditioned resid norm 6.080394184923e-21 true resid norm 6.080394184923e-21 ||r(i)||/||b|| 1.959800180798e-04
 44 KSP unpreconditioned resid norm 5.698220159658e-21 true resid norm 5.698220159658e-21 ||r(i)||/||b|| 1.836619890009e-04
 45 KSP unpreconditioned resid norm 5.349396430835e-21 true resid norm 5.349396430834e-21 ||r(i)||/||b|| 1.724188888659e-04
 46 KSP unpreconditioned resid norm 5.064025067298e-21 true resid norm 5.064025067297e-21 ||r(i)||/||b|| 1.632209514815e-04
 47 KSP unpreconditioned resid norm 4.752362506689e-21 true resid norm 4.752362506688e-21 ||r(i)||/||b|| 1.531756102741e-04
 48 KSP unpreconditioned resid norm 4.506941573103e-21 true resid norm 4.506941573103e-21 ||r(i)||/||b|| 1.452653338120e-04
 49 KSP unpreconditioned resid norm 4.285282189567e-21 true resid norm 4.285282189567e-21 ||r(i)||/||b|| 1.381209269410e-04
 50 KSP unpreconditioned resid norm 4.046123589520e-21 true resid norm 4.046123589520e-21 ||r(i)||/||b|| 1.304124946691e-04
 51 KSP unpreconditioned resid norm 3.804629659531e-21 true resid norm 3.804629659531e-21 ||r(i)||/||b|| 1.226287912897e-04
 52 KSP unpreconditioned resid norm 3.557821142505e-21 true resid norm 3.557821142505e-21 ||r(i)||/||b|| 1.146737909792e-04
 53 KSP unpreconditioned resid norm 3.389213659609e-21 true resid norm 3.389213659609e-21 ||r(i)||/||b|| 1.092393246368e-04
 54 KSP unpreconditioned resid norm 3.235692826124e-21 true resid norm 3.235692826124e-21 ||r(i)||/||b|| 1.042911231211e-04
 55 KSP unpreconditioned resid norm 3.097459968252e-21 true resid norm 3.097459968252e-21 ||r(i)||/||b|| 9.983567547067e-05
 56 KSP unpreconditioned resid norm 2.944189256898e-21 true resid norm 2.944189256898e-21 ||r(i)||/||b|| 9.489553575788e-05
 57 KSP unpreconditioned resid norm 2.803000494354e-21 true resid norm 2.803000494355e-21 ||r(i)||/||b|| 9.034481496670e-05
 58 KSP unpreconditioned resid norm 2.658225063956e-21 true resid norm 2.658225063956e-21 ||r(i)||/||b|| 8.567849061270e-05
 59 KSP unpreconditioned resid norm 2.506190891849e-21 true resid norm 2.506190891850e-21 ||r(i)||/||b|| 8.077820637258e-05
 60 KSP unpreconditioned resid norm 2.361113182979e-21 true resid norm 2.361113182980e-21 ||r(i)||/||b|| 7.610213914033e-05
 61 KSP unpreconditioned resid norm 2.214252975695e-21 true resid norm 2.214252975696e-21 ||r(i)||/||b|| 7.136861937113e-05
 62 KSP unpreconditioned resid norm 2.079192600167e-21 true resid norm 2.079192600168e-21 ||r(i)||/||b|| 6.701542547730e-05
 63 KSP unpreconditioned resid norm 1.973198830415e-21 true resid norm 1.973198830415e-21 ||r(i)||/||b|| 6.359909089756e-05
 64 KSP unpreconditioned resid norm 1.900898106212e-21 true resid norm 1.900898106212e-21 ||r(i)||/||b|| 6.126873256787e-05
 65 KSP unpreconditioned resid norm 1.845332228705e-21 true resid norm 1.845332228705e-21 ||r(i)||/||b|| 5.947776287952e-05
 66 KSP unpreconditioned resid norm 1.797693105108e-21 true resid norm 1.797693105107e-21 ||r(i)||/||b|| 5.794228408982e-05
 67 KSP unpreconditioned resid norm 1.749173381716e-21 true resid norm 1.749173381716e-21 ||r(i)||/||b|| 5.637842227786e-05
 68 KSP unpreconditioned resid norm 1.710459927788e-21 true resid norm 1.710459927788e-21 ||r(i)||/||b|| 5.513063090614e-05
 69 KSP unpreconditioned resid norm 1.675643946769e-21 true resid norm 1.675643946770e-21 ||r(i)||/||b|| 5.400846079975e-05
 70 KSP unpreconditioned resid norm 1.644832052426e-21 true resid norm 1.644832052428e-21 ||r(i)||/||b|| 5.301534827668e-05
 71 KSP unpreconditioned resid norm 1.618660329404e-21 true resid norm 1.618660329406e-21 ||r(i)||/||b|| 5.217179527745e-05
 72 KSP unpreconditioned resid norm 1.594203278990e-21 true resid norm 1.594203278993e-21 ||r(i)||/||b|| 5.138350869006e-05
 73 KSP unpreconditioned resid norm 1.570909456369e-21 true resid norm 1.570909456372e-21 ||r(i)||/||b|| 5.063271463963e-05
 74 KSP unpreconditioned resid norm 1.549678268192e-21 true resid norm 1.549678268194e-21 ||r(i)||/||b|| 4.994840232098e-05
 75 KSP unpreconditioned resid norm 1.530443490706e-21 true resid norm 1.530443490708e-21 ||r(i)||/||b|| 4.932843724555e-05
 76 KSP unpreconditioned resid norm 1.510138444108e-21 true resid norm 1.510138444110e-21 ||r(i)||/||b|| 4.867397582769e-05
 77 KSP unpreconditioned resid norm 1.487430971044e-21 true resid norm 1.487430971046e-21 ||r(i)||/||b|| 4.794208068301e-05
 78 KSP unpreconditioned resid norm 1.459793160023e-21 true resid norm 1.459793160025e-21 ||r(i)||/||b|| 4.705127351840e-05
 79 KSP unpreconditioned resid norm 1.429409151420e-21 true resid norm 1.429409151422e-21 ||r(i)||/||b|| 4.607195237996e-05
 80 KSP unpreconditioned resid norm 1.397904613627e-21 true resid norm 1.397904613629e-21 ||r(i)||/||b|| 4.505651494311e-05
 81 KSP unpreconditioned resid norm 1.362724234730e-21 true resid norm 1.362724234734e-21 ||r(i)||/||b|| 4.392259975893e-05
 82 KSP unpreconditioned resid norm 1.330257375680e-21 true resid norm 1.330257375685e-21 ||r(i)||/||b|| 4.287614529728e-05
 83 KSP unpreconditioned resid norm 1.301912889896e-21 true resid norm 1.301912889901e-21 ||r(i)||/||b|| 4.196256096913e-05
 84 KSP unpreconditioned resid norm 1.274041681808e-21 true resid norm 1.274041681813e-21 ||r(i)||/||b|| 4.106423107491e-05
 85 KSP unpreconditioned resid norm 1.245618632426e-21 true resid norm 1.245618632430e-21 ||r(i)||/||b|| 4.014811452677e-05
 86 KSP unpreconditioned resid norm 1.214112405034e-21 true resid norm 1.214112405035e-21 ||r(i)||/||b|| 3.913262263155e-05
 87 KSP unpreconditioned resid norm 1.180960161675e-21 true resid norm 1.180960161674e-21 ||r(i)||/||b|| 3.806407722879e-05
 88 KSP unpreconditioned resid norm 1.146412434862e-21 true resid norm 1.146412434859e-21 ||r(i)||/||b|| 3.695055334861e-05
 89 KSP unpreconditioned resid norm 1.113489192199e-21 true resid norm 1.113489192193e-21 ||r(i)||/||b|| 3.588938897397e-05
 90 KSP unpreconditioned resid norm 1.076934120907e-21 true resid norm 1.076934120899e-21 ||r(i)||/||b|| 3.471116543858e-05
 91 KSP unpreconditioned resid norm 1.031090377855e-21 true resid norm 1.031090377846e-21 ||r(i)||/||b|| 3.323355439574e-05
 92 KSP unpreconditioned resid norm 1.012939447701e-21 true resid norm 1.012934517803e-21 ||r(i)||/||b|| 3.264836441113e-05
 93 KSP unpreconditioned resid norm 9.720229395417e-22 true resid norm 9.481202149282e-22 ||r(i)||/||b|| 3.055930441553e-05
 94 KSP unpreconditioned resid norm 9.667345701113e-22 true resid norm 9.466025630809e-22 ||r(i)||/||b|| 3.051038827171e-05
 95 KSP unpreconditioned resid norm 9.614523091015e-22 true resid norm 9.576678664283e-22 ||r(i)||/||b|| 3.086703921968e-05
 96 KSP unpreconditioned resid norm 9.419549662168e-22 true resid norm 9.801703643315e-22 ||r(i)||/||b|| 3.159232771443e-05
 97 KSP unpreconditioned resid norm 9.295767090356e-22 true resid norm 1.026610877237e-21 ||r(i)||/||b|| 3.308917352444e-05
 98 KSP unpreconditioned resid norm 9.142271744287e-22 true resid norm 1.090384227184e-21 ||r(i)||/||b|| 3.514468208121e-05
 99 KSP unpreconditioned resid norm 9.029705129771e-22 true resid norm 1.159338860109e-21 ||r(i)||/||b|| 3.736719098380e-05
100 KSP unpreconditioned resid norm 1.238727369321e-21 true resid norm 1.238727369321e-21 ||r(i)||/||b|| 3.992599901460e-05
101 KSP unpreconditioned resid norm 8.653505210317e-22 true resid norm 8.653505210317e-22 ||r(i)||/||b|| 2.789151584575e-05
102 KSP unpreconditioned resid norm 8.209936646526e-22 true resid norm 8.209936646527e-22 ||r(i)||/||b|| 2.646182934012e-05
103 KSP unpreconditioned resid norm 8.063271268151e-22 true resid norm 8.063271268151e-22 ||r(i)||/||b|| 2.598910532533e-05
104 KSP unpreconditioned resid norm 7.973252124938e-22 true resid norm 7.973252124938e-22 ||r(i)||/||b|| 2.569896043048e-05
105 KSP unpreconditioned resid norm 7.886804370560e-22 true resid norm 7.886804370560e-22 ||r(i)||/||b|| 2.542032664539e-05
106 KSP unpreconditioned resid norm 7.795447094187e-22 true resid norm 7.795447094187e-22 ||r(i)||/||b|| 2.512586875120e-05
107 KSP unpreconditioned resid norm 7.677631229198e-22 true resid norm 7.677631229198e-22 ||r(i)||/||b|| 2.474613094723e-05
108 KSP unpreconditioned resid norm 7.547327907747e-22 true resid norm 7.547327907748e-22 ||r(i)||/||b|| 2.432614424049e-05
109 KSP unpreconditioned resid norm 7.384160748336e-22 true resid norm 7.384160748337e-22 ||r(i)||/||b|| 2.380023256637e-05
110 KSP unpreconditioned resid norm 7.201099981910e-22 true resid norm 7.201099981910e-22 ||r(i)||/||b|| 2.321020088054e-05
111 KSP unpreconditioned resid norm 7.027928102352e-22 true resid norm 7.027928102353e-22 ||r(i)||/||b|| 2.265204252675e-05
112 KSP unpreconditioned resid norm 6.851630140144e-22 true resid norm 6.851630140144e-22 ||r(i)||/||b|| 2.208380835031e-05
113 KSP unpreconditioned resid norm 6.663364341514e-22 true resid norm 6.663364341514e-22 ||r(i)||/||b|| 2.147700008267e-05
114 KSP unpreconditioned resid norm 6.475612749370e-22 true resid norm 6.475612749370e-22 ||r(i)||/||b|| 2.087184917791e-05
115 KSP unpreconditioned resid norm 6.261503047456e-22 true resid norm 6.261503047456e-22 ||r(i)||/||b|| 2.018174222142e-05
116 KSP unpreconditioned resid norm 6.065424478552e-22 true resid norm 6.065424478552e-22 ||r(i)||/||b|| 1.954975224988e-05
117 KSP unpreconditioned resid norm 5.869021021560e-22 true resid norm 5.869021021560e-22 ||r(i)||/||b|| 1.891671511641e-05
118 KSP unpreconditioned resid norm 5.707313154408e-22 true resid norm 5.707313154408e-22 ||r(i)||/||b|| 1.839550695515e-05
119 KSP unpreconditioned resid norm 5.577903789662e-22 true resid norm 5.577903789662e-22 ||r(i)||/||b|| 1.797840160193e-05
120 KSP unpreconditioned resid norm 5.468931867191e-22 true resid norm 5.468931867190e-22 ||r(i)||/||b|| 1.762716912116e-05
121 KSP unpreconditioned resid norm 5.366291476096e-22 true resid norm 5.366291476097e-22 ||r(i)||/||b|| 1.729634409419e-05
122 KSP unpreconditioned resid norm 5.270749485700e-22 true resid norm 5.270749485700e-22 ||r(i)||/||b|| 1.698839825325e-05
123 KSP unpreconditioned resid norm 5.194681739304e-22 true resid norm 5.194681739305e-22 ||r(i)||/||b|| 1.674322075553e-05
124 KSP unpreconditioned resid norm 5.125245625768e-22 true resid norm 5.125245625768e-22 ||r(i)||/||b|| 1.651941798267e-05
125 KSP unpreconditioned resid norm 5.059442551276e-22 true resid norm 5.059442551277e-22 ||r(i)||/||b|| 1.630732502725e-05
126 KSP unpreconditioned resid norm 5.001663507429e-22 true resid norm 5.001663507429e-22 ||r(i)||/||b|| 1.612109469886e-05
127 KSP unpreconditioned resid norm 4.954465980773e-22 true resid norm 4.954465980774e-22 ||r(i)||/||b|| 1.596897015157e-05
128 KSP unpreconditioned resid norm 4.906214210836e-22 true resid norm 4.906214210837e-22 ||r(i)||/||b|| 1.581344762364e-05
129 KSP unpreconditioned resid norm 4.856681637093e-22 true resid norm 4.856681637093e-22 ||r(i)||/||b|| 1.565379687728e-05
130 KSP unpreconditioned resid norm 4.797052944921e-22 true resid norm 4.797052944921e-22 ||r(i)||/||b|| 1.546160486119e-05
131 KSP unpreconditioned resid norm 4.714957596562e-22 true resid norm 4.714957596564e-22 ||r(i)||/||b|| 1.519699951874e-05
132 KSP unpreconditioned resid norm 4.603010481100e-22 true resid norm 4.603010481101e-22 ||r(i)||/||b|| 1.483617755482e-05
133 KSP unpreconditioned resid norm 4.457373769207e-22 true resid norm 4.457373769208e-22 ||r(i)||/||b|| 1.436676908290e-05
134 KSP unpreconditioned resid norm 4.340566884993e-22 true resid norm 4.340566884994e-22 ||r(i)||/||b|| 1.399028337188e-05
135 KSP unpreconditioned resid norm 4.224099477527e-22 true resid norm 4.224099477528e-22 ||r(i)||/||b|| 1.361489184418e-05
136 KSP unpreconditioned resid norm 4.124563489568e-22 true resid norm 4.124563489568e-22 ||r(i)||/||b|| 1.329407276359e-05
137 KSP unpreconditioned resid norm 4.011091809218e-22 true resid norm 4.011091809219e-22 ||r(i)||/||b|| 1.292833690355e-05
138 KSP unpreconditioned resid norm 3.892047421782e-22 true resid norm 3.892047421783e-22 ||r(i)||/||b|| 1.254463939164e-05
139 KSP unpreconditioned resid norm 3.732854413533e-22 true resid norm 3.732854413533e-22 ||r(i)||/||b|| 1.203153698929e-05
140 KSP unpreconditioned resid norm 3.573088112853e-22 true resid norm 3.573088112854e-22 ||r(i)||/||b|| 1.151658678140e-05
141 KSP unpreconditioned resid norm 3.396470285151e-22 true resid norm 3.396470285152e-22 ||r(i)||/||b|| 1.094732163159e-05
142 KSP unpreconditioned resid norm 3.212456993153e-22 true resid norm 3.212456993154e-22 ||r(i)||/||b|| 1.035421981621e-05
143 KSP unpreconditioned resid norm 3.014623244413e-22 true resid norm 3.014623244414e-22 ||r(i)||/||b|| 9.716572642759e-06
144 KSP unpreconditioned resid norm 2.822655454625e-22 true resid norm 2.822655454626e-22 ||r(i)||/||b|| 9.097832314925e-06
145 KSP unpreconditioned resid norm 2.639574050028e-22 true resid norm 2.639574050028e-22 ||r(i)||/||b|| 8.507734109251e-06
146 KSP unpreconditioned resid norm 2.472340812890e-22 true resid norm 2.472340812890e-22 ||r(i)||/||b|| 7.968716870548e-06
147 KSP unpreconditioned resid norm 2.290848445777e-22 true resid norm 2.290848445777e-22 ||r(i)||/||b|| 7.383740365631e-06
148 KSP unpreconditioned resid norm 2.114777124953e-22 true resid norm 2.114777124954e-22 ||r(i)||/||b|| 6.816236687597e-06
149 KSP unpreconditioned resid norm 1.968521288166e-22 true resid norm 1.968521288166e-22 ||r(i)||/||b|| 6.344832685387e-06
150 KSP unpreconditioned resid norm 1.842298674860e-22 true resid norm 1.842298674860e-22 ||r(i)||/||b|| 5.937998699210e-06
151 KSP unpreconditioned resid norm 1.739307985465e-22 true resid norm 1.739307985465e-22 ||r(i)||/||b|| 5.606044609460e-06
152 KSP unpreconditioned resid norm 1.676060256867e-22 true resid norm 1.676060256868e-22 ||r(i)||/||b|| 5.402187908449e-06
153 KSP unpreconditioned resid norm 1.630232231519e-22 true resid norm 1.630232231519e-22 ||r(i)||/||b|| 5.254477464630e-06
154 KSP unpreconditioned resid norm 1.601623570264e-22 true resid norm 1.601623570265e-22 ||r(i)||/||b|| 5.162267555547e-06
155 KSP unpreconditioned resid norm 1.577629509906e-22 true resid norm 1.577629509906e-22 ||r(i)||/||b|| 5.084931181623e-06
156 KSP unpreconditioned resid norm 1.548987367787e-22 true resid norm 1.548987367787e-22 ||r(i)||/||b|| 4.992613358804e-06
157 KSP unpreconditioned resid norm 1.511982346154e-22 true resid norm 1.511982346154e-22 ||r(i)||/||b|| 4.873340749363e-06
158 KSP unpreconditioned resid norm 1.465490647259e-22 true resid norm 1.465490647259e-22 ||r(i)||/||b|| 4.723491188415e-06
159 KSP unpreconditioned resid norm 1.407775746159e-22 true resid norm 1.407775746159e-22 ||r(i)||/||b|| 4.537467601503e-06
160 KSP unpreconditioned resid norm 1.340342979803e-22 true resid norm 1.340342979803e-22 ||r(i)||/||b|| 4.320121910291e-06
161 KSP unpreconditioned resid norm 1.280351451374e-22 true resid norm 1.280351451374e-22 ||r(i)||/||b|| 4.126760419759e-06
162 KSP unpreconditioned resid norm 1.217303598229e-22 true resid norm 1.217303598228e-22 ||r(i)||/||b|| 3.923547946627e-06
163 KSP unpreconditioned resid norm 1.155914535724e-22 true resid norm 1.155914535723e-22 ||r(i)||/||b|| 3.725681998899e-06
164 KSP unpreconditioned resid norm 1.097863450350e-22 true resid norm 1.097863450349e-22 ||r(i)||/||b|| 3.538574840790e-06
165 KSP unpreconditioned resid norm 1.044642979226e-22 true resid norm 1.044642979225e-22 ||r(i)||/||b|| 3.367037460550e-06
166 KSP unpreconditioned resid norm 9.982919358377e-23 true resid norm 9.982919358369e-23 ||r(i)||/||b|| 3.217641252921e-06
167 KSP unpreconditioned resid norm 9.574604947472e-23 true resid norm 9.574604947471e-23 ||r(i)||/||b|| 3.086035532639e-06
168 KSP unpreconditioned resid norm 9.241166324518e-23 true resid norm 9.241166324513e-23 ||r(i)||/||b|| 2.978563376447e-06
169 KSP unpreconditioned resid norm 8.982239700190e-23 true resid norm 8.982239700188e-23 ||r(i)||/||b|| 2.895107529715e-06
170 KSP unpreconditioned resid norm 8.800794701392e-23 true resid norm 8.800794701391e-23 ||r(i)||/||b|| 2.836625146725e-06
171 KSP unpreconditioned resid norm 8.623546410881e-23 true resid norm 8.623546410877e-23 ||r(i)||/||b|| 2.779495424337e-06
172 KSP unpreconditioned resid norm 8.421456039367e-23 true resid norm 8.421456039367e-23 ||r(i)||/||b|| 2.714358735074e-06
173 KSP unpreconditioned resid norm 8.182352248070e-23 true resid norm 8.182352248069e-23 ||r(i)||/||b|| 2.637292078018e-06
174 KSP unpreconditioned resid norm 7.957361667271e-23 true resid norm 7.957361667275e-23 ||r(i)||/||b|| 2.564774315599e-06
175 KSP unpreconditioned resid norm 7.733280157369e-23 true resid norm 7.733280157366e-23 ||r(i)||/||b|| 2.492549560052e-06
176 KSP unpreconditioned resid norm 7.536580257505e-23 true resid norm 7.536580257502e-23 ||r(i)||/||b|| 2.429150298821e-06
177 KSP unpreconditioned resid norm 7.384455369592e-23 true resid norm 7.384455369586e-23 ||r(i)||/||b|| 2.380118217384e-06
178 KSP unpreconditioned resid norm 7.245924239679e-23 true resid norm 7.245924239671e-23 ||r(i)||/||b|| 2.335467603428e-06
179 KSP unpreconditioned resid norm 7.141361368550e-23 true resid norm 7.141361368544e-23 ||r(i)||/||b|| 2.301765457233e-06
180 KSP unpreconditioned resid norm 7.041782129198e-23 true resid norm 7.041782129192e-23 ||r(i)||/||b|| 2.269669608617e-06
181 KSP unpreconditioned resid norm 6.937443482243e-23 true resid norm 6.937443482240e-23 ||r(i)||/||b|| 2.236039733162e-06
182 KSP unpreconditioned resid norm 6.818500899708e-23 true resid norm 6.818500899706e-23 ||r(i)||/||b|| 2.197702795183e-06
183 KSP unpreconditioned resid norm 6.688841494008e-23 true resid norm 6.688841494006e-23 ||r(i)||/||b|| 2.155911667995e-06
184 KSP unpreconditioned resid norm 6.543965150800e-23 true resid norm 6.543965150803e-23 ||r(i)||/||b|| 2.109215898779e-06
185 KSP unpreconditioned resid norm 6.406155950371e-23 true resid norm 6.406155950373e-23 ||r(i)||/||b|| 2.064797973279e-06
186 KSP unpreconditioned resid norm 6.273606784626e-23 true resid norm 6.273606784632e-23 ||r(i)||/||b|| 2.022075434068e-06
187 KSP unpreconditioned resid norm 6.142771863733e-23 true resid norm 6.142771863746e-23 ||r(i)||/||b|| 1.979905421103e-06
188 KSP unpreconditioned resid norm 6.013649775786e-23 true resid norm 6.013649775798e-23 ||r(i)||/||b|| 1.938287479304e-06
189 KSP unpreconditioned resid norm 5.865371901484e-23 true resid norm 5.865371901504e-23 ||r(i)||/||b|| 1.890495346753e-06
190 KSP unpreconditioned resid norm 5.707467396930e-23 true resid norm 5.707467396946e-23 ||r(i)||/||b|| 1.839600410146e-06
191 KSP unpreconditioned resid norm 5.538553597298e-23 true resid norm 5.538553597315e-23 ||r(i)||/||b|| 1.785157016348e-06
192 KSP unpreconditioned resid norm 5.504392583948e-23 true resid norm 5.482056306191e-23 ||r(i)||/||b|| 1.766947111202e-06
193 KSP unpreconditioned resid norm 5.392307074574e-23 true resid norm 5.330163108920e-23 ||r(i)||/||b|| 1.717989707057e-06
194 KSP unpreconditioned resid norm 5.381147609954e-23 true resid norm 5.291179740721e-23 ||r(i)||/||b|| 1.705424796013e-06
195 KSP unpreconditioned resid norm 5.328826706431e-23 true resid norm 5.196976189210e-23 ||r(i)||/||b|| 1.675061610393e-06
196 KSP unpreconditioned resid norm 5.327374978907e-23 true resid norm 5.204743726102e-23 ||r(i)||/||b|| 1.677565201400e-06
197 KSP unpreconditioned resid norm 5.323773685203e-23 true resid norm 5.211820230165e-23 ||r(i)||/||b|| 1.679846062397e-06
198 KSP unpreconditioned resid norm 5.321926301154e-23 true resid norm 5.196195533144e-23 ||r(i)||/||b|| 1.674809993499e-06
199 KSP unpreconditioned resid norm 5.321559145406e-23 true resid norm 5.203628574120e-23 ||r(i)||/||b|| 1.677205771569e-06
200 KSP unpreconditioned resid norm 5.185877804529e-23 true resid norm 5.185877804529e-23 ||r(i)||/||b|| 1.671484438314e-06
201 KSP unpreconditioned resid norm 5.070034188368e-23 true resid norm 5.070034188369e-23 ||r(i)||/||b|| 1.634146342627e-06
202 KSP unpreconditioned resid norm 4.972457614236e-23 true resid norm 4.972457614238e-23 ||r(i)||/||b|| 1.602695982369e-06
203 KSP unpreconditioned resid norm 4.867900104674e-23 true resid norm 4.867900104674e-23 ||r(i)||/||b|| 1.568995564285e-06
204 KSP unpreconditioned resid norm 4.757171178132e-23 true resid norm 4.757171178135e-23 ||r(i)||/||b|| 1.533306008041e-06
205 KSP unpreconditioned resid norm 4.651255833548e-23 true resid norm 4.651255833549e-23 ||r(i)||/||b|| 1.499167939824e-06
206 KSP unpreconditioned resid norm 4.553857240344e-23 true resid norm 4.553857240345e-23 ||r(i)||/||b|| 1.467774945428e-06
207 KSP unpreconditioned resid norm 4.464496048394e-23 true resid norm 4.464496048394e-23 ||r(i)||/||b|| 1.438972523280e-06
208 KSP unpreconditioned resid norm 4.366611749981e-23 true resid norm 4.366611749981e-23 ||r(i)||/||b|| 1.407422978975e-06
209 KSP unpreconditioned resid norm 4.292127968847e-23 true resid norm 4.292127968852e-23 ||r(i)||/||b|| 1.383415764429e-06
210 KSP unpreconditioned resid norm 4.225490738497e-23 true resid norm 4.225490738500e-23 ||r(i)||/||b|| 1.361937608224e-06
211 KSP unpreconditioned resid norm 4.159042293323e-23 true resid norm 4.159042293326e-23 ||r(i)||/||b|| 1.340520300249e-06
212 KSP unpreconditioned resid norm 4.089388997048e-23 true resid norm 4.089388997052e-23 ||r(i)||/||b|| 1.318070021784e-06
213 KSP unpreconditioned resid norm 4.018580619056e-23 true resid norm 4.018580619058e-23 ||r(i)||/||b|| 1.295247443548e-06
214 KSP unpreconditioned resid norm 3.949089322264e-23 true resid norm 3.949089322266e-23 ||r(i)||/||b|| 1.272849379890e-06
215 KSP unpreconditioned resid norm 3.876602760838e-23 true resid norm 3.876602760836e-23 ||r(i)||/||b|| 1.249485898531e-06
216 KSP unpreconditioned resid norm 3.808499646640e-23 true resid norm 3.808499646644e-23 ||r(i)||/||b|| 1.227535266475e-06
217 KSP unpreconditioned resid norm 3.749425635425e-23 true resid norm 3.749425635425e-23 ||r(i)||/||b|| 1.208494846669e-06
218 KSP unpreconditioned resid norm 3.673877309130e-23 true resid norm 3.673877309133e-23 ||r(i)||/||b|| 1.184144513611e-06
219 KSP unpreconditioned resid norm 3.595840539832e-23 true resid norm 3.595840539833e-23 ||r(i)||/||b|| 1.158992118893e-06
220 KSP unpreconditioned resid norm 3.486846098663e-23 true resid norm 3.486846098667e-23 ||r(i)||/||b|| 1.123861612711e-06
221 KSP unpreconditioned resid norm 3.393641904584e-23 true resid norm 3.393641904585e-23 ||r(i)||/||b|| 1.093820534639e-06
222 KSP unpreconditioned resid norm 3.301264448156e-23 true resid norm 3.301264448158e-23 ||r(i)||/||b|| 1.064045926234e-06
223 KSP unpreconditioned resid norm 3.231477799323e-23 true resid norm 3.231477799329e-23 ||r(i)||/||b|| 1.041552666285e-06
224 KSP unpreconditioned resid norm 3.170592904765e-23 true resid norm 3.170592904766e-23 ||r(i)||/||b|| 1.021928572231e-06
225 KSP unpreconditioned resid norm 3.110328954992e-23 true resid norm 3.110328954998e-23 ||r(i)||/||b|| 1.002504617786e-06
226 KSP unpreconditioned resid norm 3.039782848101e-23 true resid norm 3.039782848101e-23 ||r(i)||/||b|| 9.797665733693e-07
227 KSP unpreconditioned resid norm 2.960497565143e-23 true resid norm 2.960497565145e-23 ||r(i)||/||b|| 9.542117643969e-07
228 KSP unpreconditioned resid norm 2.867506032200e-23 true resid norm 2.867506032209e-23 ||r(i)||/||b|| 9.242392301305e-07
229 KSP unpreconditioned resid norm 2.766064879007e-23 true resid norm 2.766064879006e-23 ||r(i)||/||b|| 8.915432593857e-07
230 KSP unpreconditioned resid norm 2.660837629347e-23 true resid norm 2.660837629349e-23 ||r(i)||/||b|| 8.576269742519e-07
231 KSP unpreconditioned resid norm 2.545166520569e-23 true resid norm 2.545166520568e-23 ||r(i)||/||b|| 8.203444802214e-07
232 KSP unpreconditioned resid norm 2.445213918243e-23 true resid norm 2.445213918245e-23 ||r(i)||/||b|| 7.881282912465e-07
233 KSP unpreconditioned resid norm 2.363482059011e-23 true resid norm 2.363482059013e-23 ||r(i)||/||b|| 7.617849148749e-07
234 KSP unpreconditioned resid norm 2.295366833548e-23 true resid norm 2.295366833552e-23 ||r(i)||/||b|| 7.398303791798e-07
235 KSP unpreconditioned resid norm 2.228185260161e-23 true resid norm 2.228185260161e-23 ||r(i)||/||b|| 7.181767732337e-07
236 KSP unpreconditioned resid norm 2.158540360258e-23 true resid norm 2.158540360263e-23 ||r(i)||/||b|| 6.957292010431e-07
237 KSP unpreconditioned resid norm 2.091732854808e-23 true resid norm 2.091732854809e-23 ||r(i)||/||b|| 6.741961626766e-07
238 KSP unpreconditioned resid norm 2.033204068393e-23 true resid norm 2.033204068393e-23 ||r(i)||/||b|| 6.553314768173e-07
239 KSP unpreconditioned resid norm 1.984653378570e-23 true resid norm 1.984653378576e-23 ||r(i)||/||b|| 6.396828777646e-07
240 KSP unpreconditioned resid norm 1.926301487796e-23 true resid norm 1.926301487795e-23 ||r(i)||/||b|| 6.208752079618e-07
241 KSP unpreconditioned resid norm 1.871698756781e-23 true resid norm 1.871698756785e-23 ||r(i)||/||b|| 6.032759473132e-07
242 KSP unpreconditioned resid norm 1.819694604402e-23 true resid norm 1.819694604406e-23 ||r(i)||/||b|| 5.865142466512e-07
243 KSP unpreconditioned resid norm 1.765825554490e-23 true resid norm 1.765825554492e-23 ||r(i)||/||b|| 5.691514621753e-07
244 KSP unpreconditioned resid norm 1.700240497015e-23 true resid norm 1.700240497018e-23 ||r(i)||/||b|| 5.480124367134e-07
245 KSP unpreconditioned resid norm 1.609834210800e-23 true resid norm 1.609834210801e-23 ||r(i)||/||b|| 5.188731653626e-07
246 KSP unpreconditioned resid norm 1.514016630747e-23 true resid norm 1.514016630751e-23 ||r(i)||/||b|| 4.879897546831e-07
247 KSP unpreconditioned resid norm 1.395559868943e-23 true resid norm 1.395559868945e-23 ||r(i)||/||b|| 4.498094038469e-07
248 KSP unpreconditioned resid norm 1.288880352805e-23 true resid norm 1.288880352810e-23 ||r(i)||/||b|| 4.154250319376e-07
249 KSP unpreconditioned resid norm 1.200708495861e-23 true resid norm 1.200708495865e-23 ||r(i)||/||b|| 3.870059498968e-07
250 KSP unpreconditioned resid norm 1.135276113567e-23 true resid norm 1.135276113571e-23 ||r(i)||/||b|| 3.659161338833e-07
251 KSP unpreconditioned resid norm 1.086321049964e-23 true resid norm 1.086321049964e-23 ||r(i)||/||b|| 3.501371992301e-07
252 KSP unpreconditioned resid norm 1.045556302284e-23 true resid norm 1.045556302282e-23 ||r(i)||/||b|| 3.369981234650e-07
253 KSP unpreconditioned resid norm 1.011160510647e-23 true resid norm 1.011160510647e-23 ||r(i)||/||b|| 3.259118555991e-07
254 KSP unpreconditioned resid norm 9.718855074664e-24 true resid norm 9.718855074704e-24 ||r(i)||/||b|| 3.132529463269e-07
255 KSP unpreconditioned resid norm 9.238205953146e-24 true resid norm 9.238205953175e-24 ||r(i)||/||b|| 2.977609205367e-07
256 KSP unpreconditioned resid norm 8.815083478393e-24 true resid norm 8.815083478425e-24 ||r(i)||/||b|| 2.841230629029e-07
257 KSP unpreconditioned resid norm 8.473929205280e-24 true resid norm 8.473929205371e-24 ||r(i)||/||b|| 2.731271605703e-07
258 KSP unpreconditioned resid norm 8.205276068301e-24 true resid norm 8.205276068354e-24 ||r(i)||/||b|| 2.644680761345e-07
259 KSP unpreconditioned resid norm 7.977499826318e-24 true resid norm 7.977499826355e-24 ||r(i)||/||b|| 2.571265139484e-07
260 KSP unpreconditioned resid norm 7.764004179529e-24 true resid norm 7.764004179647e-24 ||r(i)||/||b|| 2.502452362829e-07
261 KSP unpreconditioned resid norm 7.558714266911e-24 true resid norm 7.558714266959e-24 ||r(i)||/||b|| 2.436284414541e-07
262 KSP unpreconditioned resid norm 7.327975402642e-24 true resid norm 7.327975402750e-24 ||r(i)||/||b|| 2.361913896110e-07
263 KSP unpreconditioned resid norm 7.048923522382e-24 true resid norm 7.048923522497e-24 ||r(i)||/||b|| 2.271971384368e-07
264 KSP unpreconditioned resid norm 6.765207405985e-24 true resid norm 6.765207406071e-24 ||r(i)||/||b|| 2.180525520933e-07
265 KSP unpreconditioned resid norm 6.485776342019e-24 true resid norm 6.485776342068e-24 ||r(i)||/||b|| 2.090460792710e-07
266 KSP unpreconditioned resid norm 6.256472110938e-24 true resid norm 6.256472110959e-24 ||r(i)||/||b|| 2.016552677559e-07
267 KSP unpreconditioned resid norm 6.060723820560e-24 true resid norm 6.060723820584e-24 ||r(i)||/||b|| 1.953460134016e-07
268 KSP unpreconditioned resid norm 5.929272840834e-24 true resid norm 5.929272840865e-24 ||r(i)||/||b|| 1.911091556259e-07
269 KSP unpreconditioned resid norm 5.836079949148e-24 true resid norm 5.836079949293e-24 ||r(i)||/||b|| 1.881054121152e-07
270 KSP unpreconditioned resid norm 5.774964212479e-24 true resid norm 5.774964212499e-24 ||r(i)||/||b|| 1.861355623263e-07
271 KSP unpreconditioned resid norm 5.729425935876e-24 true resid norm 5.729425935908e-24 ||r(i)||/||b|| 1.846677969153e-07
272 KSP unpreconditioned resid norm 5.678794704529e-24 true resid norm 5.678794704675e-24 ||r(i)||/||b|| 1.830358781103e-07
273 KSP unpreconditioned resid norm 5.622499249732e-24 true resid norm 5.622499249782e-24 ||r(i)||/||b|| 1.812213930732e-07
274 KSP unpreconditioned resid norm 5.543160389296e-24 true resid norm 5.543160389368e-24 ||r(i)||/||b|| 1.786641852960e-07
275 KSP unpreconditioned resid norm 5.447093589419e-24 true resid norm 5.447093589503e-24 ||r(i)||/||b|| 1.755678115081e-07
276 KSP unpreconditioned resid norm 5.352292208508e-24 true resid norm 5.352292208563e-24 ||r(i)||/||b|| 1.725122240271e-07
277 KSP unpreconditioned resid norm 5.251585159533e-24 true resid norm 5.251585159716e-24 ||r(i)||/||b|| 1.692662882122e-07
278 KSP unpreconditioned resid norm 5.153782847667e-24 true resid norm 5.153782847722e-24 ||r(i)||/||b|| 1.661139763242e-07
279 KSP unpreconditioned resid norm 5.049796691410e-24 true resid norm 5.049796691358e-24 ||r(i)||/||b|| 1.627623500670e-07
280 KSP unpreconditioned resid norm 4.954355309833e-24 true resid norm 4.954355309950e-24 ||r(i)||/||b|| 1.596861344328e-07
281 KSP unpreconditioned resid norm 4.866538416417e-24 true resid norm 4.866538416453e-24 ||r(i)||/||b|| 1.568556672210e-07
282 KSP unpreconditioned resid norm 4.790877032374e-24 true resid norm 4.790877032338e-24 ||r(i)||/||b|| 1.544169898958e-07
283 KSP unpreconditioned resid norm 4.704258523143e-24 true resid norm 4.704258523212e-24 ||r(i)||/||b|| 1.516251483691e-07
284 KSP unpreconditioned resid norm 4.605800096932e-24 true resid norm 4.605800096981e-24 ||r(i)||/||b|| 1.484516889574e-07
285 KSP unpreconditioned resid norm 4.498365910360e-24 true resid norm 4.498365910401e-24 ||r(i)||/||b|| 1.449889276317e-07
286 KSP unpreconditioned resid norm 4.382881434864e-24 true resid norm 4.382881434907e-24 ||r(i)||/||b|| 1.412666936931e-07
287 KSP unpreconditioned resid norm 4.242932276404e-24 true resid norm 4.242932276489e-24 ||r(i)||/||b|| 1.367559271601e-07
288 KSP unpreconditioned resid norm 4.098566167788e-24 true resid norm 4.098566167860e-24 ||r(i)||/||b|| 1.321027958467e-07
289 KSP unpreconditioned resid norm 3.920902370115e-24 true resid norm 3.920902370199e-24 ||r(i)||/||b|| 1.263764312035e-07
290 KSP unpreconditioned resid norm 3.714856570010e-24 true resid norm 3.714856570101e-24 ||r(i)||/||b|| 1.197352730153e-07
291 KSP unpreconditioned resid norm 3.586938303778e-24 true resid norm 3.636873875545e-24 ||r(i)||/||b|| 1.172217764517e-07
292 KSP unpreconditioned resid norm 3.583457049232e-24 true resid norm 3.600223079056e-24 ||r(i)||/||b|| 1.160404675530e-07
293 KSP unpreconditioned resid norm 3.578669300506e-24 true resid norm 3.623222251755e-24 ||r(i)||/||b|| 1.167817646045e-07
294 KSP unpreconditioned resid norm 3.575618818587e-24 true resid norm 3.632451031846e-24 ||r(i)||/||b|| 1.170792217157e-07
295 KSP unpreconditioned resid norm 3.572521947342e-24 true resid norm 3.666481479314e-24 ||r(i)||/||b|| 1.181760729242e-07
296 KSP unpreconditioned resid norm 3.572446224071e-24 true resid norm 3.667221145166e-24 ||r(i)||/||b|| 1.181999134389e-07
297 KSP unpreconditioned resid norm 3.563298211384e-24 true resid norm 3.734816755922e-24 ||r(i)||/||b|| 1.203786190648e-07
298 KSP unpreconditioned resid norm 3.555727066654e-24 true resid norm 3.776552532622e-24 ||r(i)||/||b|| 1.217238243300e-07
299 KSP unpreconditioned resid norm 3.545742725407e-24 true resid norm 3.868235986753e-24 ||r(i)||/||b|| 1.246789164592e-07
300 KSP unpreconditioned resid norm 3.916301457486e-24 true resid norm 3.916301457486e-24 ||r(i)||/||b|| 1.262281370421e-07
301 KSP unpreconditioned resid norm 3.796212760705e-24 true resid norm 3.796212760735e-24 ||r(i)||/||b|| 1.223575023028e-07
302 KSP unpreconditioned resid norm 3.704497744327e-24 true resid norm 3.704497744366e-24 ||r(i)||/||b|| 1.194013928764e-07
303 KSP unpreconditioned resid norm 3.642458758704e-24 true resid norm 3.642458758776e-24 ||r(i)||/||b|| 1.174017854254e-07
304 KSP unpreconditioned resid norm 3.591708487795e-24 true resid norm 3.591708487828e-24 ||r(i)||/||b|| 1.157660297958e-07
305 KSP unpreconditioned resid norm 3.550505226962e-24 true resid norm 3.550505226993e-24 ||r(i)||/||b|| 1.144379882976e-07
306 KSP unpreconditioned resid norm 3.502192600154e-24 true resid norm 3.502192600199e-24 ||r(i)||/||b|| 1.128808015125e-07
307 KSP unpreconditioned resid norm 3.452671514014e-24 true resid norm 3.452671514002e-24 ||r(i)||/||b|| 1.112846643094e-07
308 KSP unpreconditioned resid norm 3.392937061488e-24 true resid norm 3.392937061485e-24 ||r(i)||/||b|| 1.093593353376e-07
309 KSP unpreconditioned resid norm 3.339910786051e-24 true resid norm 3.339910786091e-24 ||r(i)||/||b|| 1.076502207482e-07
310 KSP unpreconditioned resid norm 3.288689659886e-24 true resid norm 3.288689659841e-24 ||r(i)||/||b|| 1.059992887620e-07
311 KSP unpreconditioned resid norm 3.238816112092e-24 true resid norm 3.238816112055e-24 ||r(i)||/||b|| 1.043917912052e-07
312 KSP unpreconditioned resid norm 3.190283645045e-24 true resid norm 3.190283645055e-24 ||r(i)||/||b|| 1.028275186481e-07
313 KSP unpreconditioned resid norm 3.129084831732e-24 true resid norm 3.129084831818e-24 ||r(i)||/||b|| 1.008549911836e-07
314 KSP unpreconditioned resid norm 3.057077412520e-24 true resid norm 3.057077412575e-24 ||r(i)||/||b|| 9.853408650274e-08
315 KSP unpreconditioned resid norm 2.978263609296e-24 true resid norm 2.978263609359e-24 ||r(i)||/||b|| 9.599380208868e-08
316 KSP unpreconditioned resid norm 2.904737459511e-24 true resid norm 2.904737459537e-24 ||r(i)||/||b|| 9.362394649493e-08
317 KSP unpreconditioned resid norm 2.847637428163e-24 true resid norm 2.847637428198e-24 ||r(i)||/||b|| 9.178352877959e-08
318 KSP unpreconditioned resid norm 2.788569494214e-24 true resid norm 2.788569494172e-24 ||r(i)||/||b|| 8.987968267580e-08
319 KSP unpreconditioned resid norm 2.742219379719e-24 true resid norm 2.742219379753e-24 ||r(i)||/||b|| 8.838575054155e-08
320 KSP unpreconditioned resid norm 2.691960847306e-24 true resid norm 2.691960847295e-24 ||r(i)||/||b|| 8.676584436437e-08
321 KSP unpreconditioned resid norm 2.651882672624e-24 true resid norm 2.651882672722e-24 ||r(i)||/||b|| 8.547406604566e-08
322 KSP unpreconditioned resid norm 2.606031547864e-24 true resid norm 2.606031547876e-24 ||r(i)||/||b|| 8.399621707683e-08
323 KSP unpreconditioned resid norm 2.568238450879e-24 true resid norm 2.568238451005e-24 ||r(i)||/||b|| 8.277809016220e-08
324 KSP unpreconditioned resid norm 2.525201174208e-24 true resid norm 2.525201174187e-24 ||r(i)||/||b|| 8.139093564025e-08
325 KSP unpreconditioned resid norm 2.477464936554e-24 true resid norm 2.477464936536e-24 ||r(i)||/||b|| 7.985232672226e-08
326 KSP unpreconditioned resid norm 2.437662156652e-24 true resid norm 2.437662156695e-24 ||r(i)||/||b|| 7.856942477945e-08
327 KSP unpreconditioned resid norm 2.400749174861e-24 true resid norm 2.400749174853e-24 ||r(i)||/||b|| 7.737966526242e-08
328 KSP unpreconditioned resid norm 2.368228362538e-24 true resid norm 2.368228362548e-24 ||r(i)||/||b|| 7.633147180822e-08
329 KSP unpreconditioned resid norm 2.330181841201e-24 true resid norm 2.330181841241e-24 ||r(i)||/||b|| 7.510517665256e-08
330 KSP unpreconditioned resid norm 2.290141036720e-24 true resid norm 2.290141036835e-24 ||r(i)||/||b|| 7.381460282908e-08
331 KSP unpreconditioned resid norm 2.246381286270e-24 true resid norm 2.246381286378e-24 ||r(i)||/||b|| 7.240416192262e-08
332 KSP unpreconditioned resid norm 2.205834288694e-24 true resid norm 2.205834288726e-24 ||r(i)||/||b|| 7.109727274878e-08
333 KSP unpreconditioned resid norm 2.173023722044e-24 true resid norm 2.173023721982e-24 ||r(i)||/||b|| 7.003974008428e-08
334 KSP unpreconditioned resid norm 2.144839152300e-24 true resid norm 2.144839152324e-24 ||r(i)||/||b|| 6.913131008728e-08
335 KSP unpreconditioned resid norm 2.114812609274e-24 true resid norm 2.114812609300e-24 ||r(i)||/||b|| 6.816351058847e-08
336 KSP unpreconditioned resid norm 2.086775417465e-24 true resid norm 2.086775417449e-24 ||r(i)||/||b|| 6.725983079423e-08
337 KSP unpreconditioned resid norm 2.054308256551e-24 true resid norm 2.054308256594e-24 ||r(i)||/||b|| 6.621336660493e-08
338 KSP unpreconditioned resid norm 2.010375654714e-24 true resid norm 2.010375654703e-24 ||r(i)||/||b|| 6.479735444340e-08
339 KSP unpreconditioned resid norm 1.952405581338e-24 true resid norm 1.952405581349e-24 ||r(i)||/||b|| 6.292889399848e-08
340 KSP unpreconditioned resid norm 1.878197312289e-24 true resid norm 1.878197312285e-24 ||r(i)||/||b|| 6.053705270160e-08
341 KSP unpreconditioned resid norm 1.809219205765e-24 true resid norm 1.809219205784e-24 ||r(i)||/||b|| 5.831378721123e-08
342 KSP unpreconditioned resid norm 1.748571160934e-24 true resid norm 1.748571160930e-24 ||r(i)||/||b|| 5.635901181912e-08
343 KSP unpreconditioned resid norm 1.693908673870e-24 true resid norm 1.693908673973e-24 ||r(i)||/||b|| 5.459715973251e-08
344 KSP unpreconditioned resid norm 1.630879953995e-24 true resid norm 1.630879953983e-24 ||r(i)||/||b|| 5.256565169085e-08
345 KSP unpreconditioned resid norm 1.556169461171e-24 true resid norm 1.556169461173e-24 ||r(i)||/||b|| 5.015762298639e-08
346 KSP unpreconditioned resid norm 1.478052979335e-24 true resid norm 1.478052979359e-24 ||r(i)||/||b|| 4.763981426335e-08
347 KSP unpreconditioned resid norm 1.388999550835e-24 true resid norm 1.388999550889e-24 ||r(i)||/||b|| 4.476949171669e-08
348 KSP unpreconditioned resid norm 1.281534429397e-24 true resid norm 1.281534429432e-24 ||r(i)||/||b|| 4.130573331459e-08
349 KSP unpreconditioned resid norm 1.178643875291e-24 true resid norm 1.178643875309e-24 ||r(i)||/||b|| 3.798941992371e-08
350 KSP unpreconditioned resid norm 1.089444816715e-24 true resid norm 1.089444816750e-24 ||r(i)||/||b|| 3.511440350578e-08
351 KSP unpreconditioned resid norm 9.952499972674e-25 true resid norm 9.952499972876e-25 ||r(i)||/||b|| 3.207836639046e-08
  Linear solve converged due to CONVERGED_ATOL iterations 351
Mat Object: 1 MPI process
  type: seqaijcusparse
  rows=281452, cols=281452, bs=4
  total: nonzeros=15993520, allocated nonzeros=15993520
  total number of mallocs used during MatSetValues calls=0
    not using I-node routines
Vec Object: 1 MPI process
  type: seqcuda
  length=281452, bs=4
Vec Object: 1 MPI process
  type: seqcuda
  length=281452, bs=4
KSP Object: 1 MPI process
  type: gmres
    restart=100, using classical (unmodified) Gram-Schmidt orthogonalization with no iterative refinement
    happy breakdown tolerance=1e-30
  maximum iterations=2000, initial guess is zero
  tolerances: relative=1e-10, absolute=1e-24, divergence=10000.
  right preconditioning
  diagonally scaled system
  using UNPRECONDITIONED norm type for convergence test
PC Object: 1 MPI process
  type: asm
    total subdomain blocks = 1, amount of overlap = 2
    restriction/interpolation type - RESTRICT
    Local solver information for first block is in the following KSP and PC objects on rank 0:
    Use -ksp_view ::ascii_info_detail to display information for all blocks
    KSP Object: (sub_) 1 MPI process
      type: preonly
      maximum iterations=10000, initial guess is zero
      tolerances: relative=1e-05, absolute=1e-50, divergence=10000.
      left preconditioning
      not checking for convergence
    PC Object: (sub_) 1 MPI process
      type: ilu
        out-of-place factorization
        2 levels of fill
        tolerance for zero pivot 2.22045e-14
        matrix ordering: natural
        factor fill ratio given 1., needed 4.996
          Factored matrix:
            Mat Object: (sub_) 1 MPI process
              type: seqaijcusparse
              rows=281452, cols=281452, bs=4
              package used to perform factorization: cusparse
              total: nonzeros=79903664, allocated nonzeros=79903664
                using I-node routines: found 70363 nodes, limit used is 5
      linear system matrix, which is also used to construct the preconditioner:
      Mat Object: (sub_) 1 MPI process
        type: seqaijcusparse
        rows=281452, cols=281452, bs=4
        total: nonzeros=15993520, allocated nonzeros=15993520
        total number of mallocs used during MatSetValues calls=0
          not using I-node routines
  linear system matrix, which is also used to construct the preconditioner:
  Mat Object: 1 MPI process
    type: seqaijcusparse
    rows=281452, cols=281452, bs=4
    total: nonzeros=15993520, allocated nonzeros=15993520
    total number of mallocs used during MatSetValues calls=0
      not using I-node routines
 NS     66-2    2.403e+03 [  -3  6.359e-01  3.077e-14  3.208e-08] [  351 -173   68]
Vec Object: 1 MPI process
  type: seqcuda
  length=281452, bs=4
Mat Object: 1 MPI process
  type: seqaijcusparse
  rows=281452, cols=281452, bs=4
  total: nonzeros=15993520, allocated nonzeros=15993520
  total number of mallocs used during MatSetValues calls=0
    not using I-node routines
Mat Object: 1 MPI process
  type: seqaijcusparse
  rows=281452, cols=281452, bs=4
  total: nonzeros=15993520, allocated nonzeros=15993520
  total number of mallocs used during MatSetValues calls=0
    not using I-node routines
SV13P_REUSE step=67 equation=0 reuse=0 rebuild_requests=7 solve_requests=13 ksp=0x55729b63aa50 pc=0x55729d0f73e0
  0 KSP unpreconditioned resid norm 4.844384735805e-17 true resid norm 4.844384735805e-17 ||r(i)||/||b|| 1.000000000000e+00
  1 KSP unpreconditioned resid norm 2.589505880041e-18 true resid norm 2.589505880041e-18 ||r(i)||/||b|| 5.345376185549e-02
  2 KSP unpreconditioned resid norm 9.112879322743e-19 true resid norm 9.112879322743e-19 ||r(i)||/||b|| 1.881122127933e-02
  3 KSP unpreconditioned resid norm 4.896915195629e-19 true resid norm 4.896915195629e-19 ||r(i)||/||b|| 1.010843577191e-02
  4 KSP unpreconditioned resid norm 3.318766809884e-19 true resid norm 3.318766809884e-19 ||r(i)||/||b|| 6.850749869958e-03
  5 KSP unpreconditioned resid norm 2.376207641733e-19 true resid norm 2.376207641733e-19 ||r(i)||/||b|| 4.905076230157e-03
  6 KSP unpreconditioned resid norm 1.742728973803e-19 true resid norm 1.742728973803e-19 ||r(i)||/||b|| 3.597420660919e-03
  7 KSP unpreconditioned resid norm 1.389471204302e-19 true resid norm 1.389471204302e-19 ||r(i)||/||b|| 2.868209855491e-03
  8 KSP unpreconditioned resid norm 1.150441378456e-19 true resid norm 1.150441378456e-19 ||r(i)||/||b|| 2.374793583081e-03
  9 KSP unpreconditioned resid norm 9.466101112534e-20 true resid norm 9.466101112534e-20 ||r(i)||/||b|| 1.954035781380e-03
 10 KSP unpreconditioned resid norm 7.978869262652e-20 true resid norm 7.978869262652e-20 ||r(i)||/||b|| 1.647034597331e-03
 11 KSP unpreconditioned resid norm 6.694555419159e-20 true resid norm 6.694555419159e-20 ||r(i)||/||b|| 1.381920673988e-03
 12 KSP unpreconditioned resid norm 5.587269922632e-20 true resid norm 5.587269922632e-20 ||r(i)||/||b|| 1.153349749729e-03
 13 KSP unpreconditioned resid norm 4.720877921959e-20 true resid norm 4.720877921959e-20 ||r(i)||/||b|| 9.745051599777e-04
 14 KSP unpreconditioned resid norm 4.190559114428e-20 true resid norm 4.190559114428e-20 ||r(i)||/||b|| 8.650343321115e-04
 15 KSP unpreconditioned resid norm 3.810554039339e-20 true resid norm 3.810554039339e-20 ||r(i)||/||b|| 7.865919507126e-04
 16 KSP unpreconditioned resid norm 3.481420709379e-20 true resid norm 3.481420709379e-20 ||r(i)||/||b|| 7.186507470490e-04
 17 KSP unpreconditioned resid norm 3.209943339959e-20 true resid norm 3.209943339959e-20 ||r(i)||/||b|| 6.626111498194e-04
 18 KSP unpreconditioned resid norm 3.024333960202e-20 true resid norm 3.024333960202e-20 ||r(i)||/||b|| 6.242968147944e-04
 19 KSP unpreconditioned resid norm 2.862965030799e-20 true resid norm 2.862965030799e-20 ||r(i)||/||b|| 5.909863041305e-04
 20 KSP unpreconditioned resid norm 2.708496935177e-20 true resid norm 2.708496935177e-20 ||r(i)||/||b|| 5.591002950609e-04
 21 KSP unpreconditioned resid norm 2.583429053582e-20 true resid norm 2.583429053582e-20 ||r(i)||/||b|| 5.332832123113e-04
 22 KSP unpreconditioned resid norm 2.479351124668e-20 true resid norm 2.479351124668e-20 ||r(i)||/||b|| 5.117989713623e-04
 23 KSP unpreconditioned resid norm 2.409382055657e-20 true resid norm 2.409382055657e-20 ||r(i)||/||b|| 4.973556368984e-04
 24 KSP unpreconditioned resid norm 2.351239790151e-20 true resid norm 2.351239790151e-20 ||r(i)||/||b|| 4.853536451747e-04
 25 KSP unpreconditioned resid norm 2.298614293227e-20 true resid norm 2.298614293227e-20 ||r(i)||/||b|| 4.744904499921e-04
 26 KSP unpreconditioned resid norm 2.236235684109e-20 true resid norm 2.236235684109e-20 ||r(i)||/||b|| 4.616139728915e-04
 27 KSP unpreconditioned resid norm 2.169299771684e-20 true resid norm 2.169299771684e-20 ||r(i)||/||b|| 4.477967564489e-04
 28 KSP unpreconditioned resid norm 2.098125930032e-20 true resid norm 2.098125930032e-20 ||r(i)||/||b|| 4.331047273196e-04
 29 KSP unpreconditioned resid norm 2.025710735992e-20 true resid norm 2.025710735992e-20 ||r(i)||/||b|| 4.181564525666e-04
 30 KSP unpreconditioned resid norm 1.969768138248e-20 true resid norm 1.969768138248e-20 ||r(i)||/||b|| 4.066085262984e-04
 31 KSP unpreconditioned resid norm 1.932472929975e-20 true resid norm 1.932472929975e-20 ||r(i)||/||b|| 3.989098792447e-04
 32 KSP unpreconditioned resid norm 1.894510944281e-20 true resid norm 1.894510944281e-20 ||r(i)||/||b|| 3.910735929536e-04
 33 KSP unpreconditioned resid norm 1.849717628889e-20 true resid norm 1.849717628888e-20 ||r(i)||/||b|| 3.818271524178e-04
 34 KSP unpreconditioned resid norm 1.800972110506e-20 true resid norm 1.800972110506e-20 ||r(i)||/||b|| 3.717648801086e-04
 35 KSP unpreconditioned resid norm 1.758791576556e-20 true resid norm 1.758791576556e-20 ||r(i)||/||b|| 3.630577818389e-04
 36 KSP unpreconditioned resid norm 1.715503252390e-20 true resid norm 1.715503252390e-20 ||r(i)||/||b|| 3.541220084587e-04
 37 KSP unpreconditioned resid norm 1.671122353987e-20 true resid norm 1.671122353987e-20 ||r(i)||/||b|| 3.449607009195e-04
 38 KSP unpreconditioned resid norm 1.633882259656e-20 true resid norm 1.633882259656e-20 ||r(i)||/||b|| 3.372734307373e-04
 39 KSP unpreconditioned resid norm 1.603002007232e-20 true resid norm 1.603002007232e-20 ||r(i)||/||b|| 3.308989881386e-04
 40 KSP unpreconditioned resid norm 1.578971250897e-20 true resid norm 1.578971250897e-20 ||r(i)||/||b|| 3.259384497740e-04
 41 KSP unpreconditioned resid norm 1.548007068194e-20 true resid norm 1.548007068194e-20 ||r(i)||/||b|| 3.195466819042e-04
 42 KSP unpreconditioned resid norm 1.516678952749e-20 true resid norm 1.516678952749e-20 ||r(i)||/||b|| 3.130797893774e-04
 43 KSP unpreconditioned resid norm 1.476978422336e-20 true resid norm 1.476978422335e-20 ||r(i)||/||b|| 3.048846247531e-04
 44 KSP unpreconditioned resid norm 1.438391840705e-20 true resid norm 1.438391840705e-20 ||r(i)||/||b|| 2.969194065189e-04
 45 KSP unpreconditioned resid norm 1.399276220943e-20 true resid norm 1.399276220943e-20 ||r(i)||/||b|| 2.888449818200e-04
 46 KSP unpreconditioned resid norm 1.363402604597e-20 true resid norm 1.363402604597e-20 ||r(i)||/||b|| 2.814397862581e-04
 47 KSP unpreconditioned resid norm 1.331542745540e-20 true resid norm 1.331542745540e-20 ||r(i)||/||b|| 2.748631287887e-04
 48 KSP unpreconditioned resid norm 1.300139576636e-20 true resid norm 1.300139576636e-20 ||r(i)||/||b|| 2.683807433845e-04
 49 KSP unpreconditioned resid norm 1.269689349046e-20 true resid norm 1.269689349045e-20 ||r(i)||/||b|| 2.620950684741e-04
 50 KSP unpreconditioned resid norm 1.244336622493e-20 true resid norm 1.244336622492e-20 ||r(i)||/||b|| 2.568616429855e-04
 51 KSP unpreconditioned resid norm 1.221646087329e-20 true resid norm 1.221646087329e-20 ||r(i)||/||b|| 2.521777591899e-04
 52 KSP unpreconditioned resid norm 1.199764484144e-20 true resid norm 1.199764484144e-20 ||r(i)||/||b|| 2.476608588242e-04
 53 KSP unpreconditioned resid norm 1.180448016617e-20 true resid norm 1.180448016617e-20 ||r(i)||/||b|| 2.436734654645e-04
 54 KSP unpreconditioned resid norm 1.160563169483e-20 true resid norm 1.160563169483e-20 ||r(i)||/||b|| 2.395687445932e-04
 55 KSP unpreconditioned resid norm 1.138865925604e-20 true resid norm 1.138865925604e-20 ||r(i)||/||b|| 2.350899005164e-04
 56 KSP unpreconditioned resid norm 1.116176635964e-20 true resid norm 1.116176635963e-20 ||r(i)||/||b|| 2.304062738275e-04
 57 KSP unpreconditioned resid norm 1.096848653710e-20 true resid norm 1.096848653709e-20 ||r(i)||/||b|| 2.264165035453e-04
 58 KSP unpreconditioned resid norm 1.074824677145e-20 true resid norm 1.074824677144e-20 ||r(i)||/||b|| 2.218702138169e-04
 59 KSP unpreconditioned resid norm 1.054794639887e-20 true resid norm 1.054794639887e-20 ||r(i)||/||b|| 2.177355221378e-04
 60 KSP unpreconditioned resid norm 1.031789055642e-20 true resid norm 1.031789055641e-20 ||r(i)||/||b|| 2.129866044733e-04
 61 KSP unpreconditioned resid norm 1.005058850144e-20 true resid norm 1.005058850144e-20 ||r(i)||/||b|| 2.074688334961e-04
 62 KSP unpreconditioned resid norm 9.677064936145e-21 true resid norm 9.677064936142e-21 ||r(i)||/||b|| 1.997583896386e-04
 63 KSP unpreconditioned resid norm 9.206107345724e-21 true resid norm 9.206107345721e-21 ||r(i)||/||b|| 1.900366681795e-04
 64 KSP unpreconditioned resid norm 8.705138830080e-21 true resid norm 8.705138830076e-21 ||r(i)||/||b|| 1.796954475093e-04
 65 KSP unpreconditioned resid norm 8.291724374003e-21 true resid norm 8.291724373998e-21 ||r(i)||/||b|| 1.711615576838e-04
 66 KSP unpreconditioned resid norm 7.922699328638e-21 true resid norm 7.922699328632e-21 ||r(i)||/||b|| 1.635439743271e-04
 67 KSP unpreconditioned resid norm 7.555720330713e-21 true resid norm 7.555720330707e-21 ||r(i)||/||b|| 1.559686264153e-04
 68 KSP unpreconditioned resid norm 7.237702509337e-21 true resid norm 7.237702509331e-21 ||r(i)||/||b|| 1.494039574487e-04
 69 KSP unpreconditioned resid norm 6.935933684416e-21 true resid norm 6.935933684412e-21 ||r(i)||/||b|| 1.431747076806e-04
 70 KSP unpreconditioned resid norm 6.605625937045e-21 true resid norm 6.605625937043e-21 ||r(i)||/||b|| 1.363563444543e-04
 71 KSP unpreconditioned resid norm 6.273489558931e-21 true resid norm 6.273489558931e-21 ||r(i)||/||b|| 1.295002337978e-04
 72 KSP unpreconditioned resid norm 5.983824787965e-21 true resid norm 5.983824787967e-21 ||r(i)||/||b|| 1.235208414340e-04
 73 KSP unpreconditioned resid norm 5.701081006566e-21 true resid norm 5.701081006570e-21 ||r(i)||/||b|| 1.176843152946e-04
 74 KSP unpreconditioned resid norm 5.484033401762e-21 true resid norm 5.484033401768e-21 ||r(i)||/||b|| 1.132039196069e-04
 75 KSP unpreconditioned resid norm 5.256769342079e-21 true resid norm 5.256769342085e-21 ||r(i)||/||b|| 1.085126311961e-04
 76 KSP unpreconditioned resid norm 5.030951784566e-21 true resid norm 5.030951784573e-21 ||r(i)||/||b|| 1.038512021432e-04
 77 KSP unpreconditioned resid norm 4.792542672027e-21 true resid norm 4.792542672032e-21 ||r(i)||/||b|| 9.892985246631e-05
 78 KSP unpreconditioned resid norm 4.549492972775e-21 true resid norm 4.549492972779e-21 ||r(i)||/||b|| 9.391270968125e-05
 79 KSP unpreconditioned resid norm 4.298931178383e-21 true resid norm 4.298931178384e-21 ||r(i)||/||b|| 8.874049880083e-05
 80 KSP unpreconditioned resid norm 4.039129014407e-21 true resid norm 4.039129014405e-21 ||r(i)||/||b|| 8.337754399547e-05
 81 KSP unpreconditioned resid norm 3.825193806304e-21 true resid norm 3.825193806300e-21 ||r(i)||/||b|| 7.896139582036e-05
 82 KSP unpreconditioned resid norm 3.665545784136e-21 true resid norm 3.665545784130e-21 ||r(i)||/||b|| 7.566586850624e-05
 83 KSP unpreconditioned resid norm 3.541241524874e-21 true resid norm 3.541241524869e-21 ||r(i)||/||b|| 7.309992327189e-05
 84 KSP unpreconditioned resid norm 3.415375241435e-21 true resid norm 3.415375241430e-21 ||r(i)||/||b|| 7.050173402182e-05
 85 KSP unpreconditioned resid norm 3.298220712344e-21 true resid norm 3.298220712343e-21 ||r(i)||/||b|| 6.808337677983e-05
 86 KSP unpreconditioned resid norm 3.178340630447e-21 true resid norm 3.178340630451e-21 ||r(i)||/||b|| 6.560875743332e-05
 87 KSP unpreconditioned resid norm 3.070291533205e-21 true resid norm 3.070291533213e-21 ||r(i)||/||b|| 6.337835867000e-05
 88 KSP unpreconditioned resid norm 3.000214898321e-21 true resid norm 3.000214898332e-21 ||r(i)||/||b|| 6.193180479984e-05
 89 KSP unpreconditioned resid norm 2.948880292398e-21 true resid norm 2.948880292411e-21 ||r(i)||/||b|| 6.087213244267e-05
 90 KSP unpreconditioned resid norm 2.901568765361e-21 true resid norm 2.901568765378e-21 ||r(i)||/||b|| 5.989550631544e-05
 91 KSP unpreconditioned resid norm 2.848651814205e-21 true resid norm 2.848651814226e-21 ||r(i)||/||b|| 5.880317046603e-05
 92 KSP unpreconditioned resid norm 2.830762779050e-21 true resid norm 2.830748367328e-21 ||r(i)||/||b|| 5.843359934661e-05
 93 KSP unpreconditioned resid norm 2.783590921820e-21 true resid norm 2.765922739595e-21 ||r(i)||/||b|| 5.709543916180e-05
 94 KSP unpreconditioned resid norm 2.766869637508e-21 true resid norm 2.743709197588e-21 ||r(i)||/||b|| 5.663689709261e-05
 95 KSP unpreconditioned resid norm 2.749720005474e-21 true resid norm 2.701970481747e-21 ||r(i)||/||b|| 5.577530747666e-05
 96 KSP unpreconditioned resid norm 2.749185396354e-21 true resid norm 2.698673309929e-21 ||r(i)||/||b|| 5.570724575163e-05
 97 KSP unpreconditioned resid norm 2.749184822871e-21 true resid norm 2.698708933786e-21 ||r(i)||/||b|| 5.570798111553e-05
 98 KSP unpreconditioned resid norm 2.748644252903e-21 true resid norm 2.698174480965e-21 ||r(i)||/||b|| 5.569694869657e-05
 99 KSP unpreconditioned resid norm 2.748341856094e-21 true resid norm 2.696688859533e-21 ||r(i)||/||b|| 5.566628182113e-05
100 KSP unpreconditioned resid norm 2.695890520599e-21 true resid norm 2.695890520599e-21 ||r(i)||/||b|| 5.564980214461e-05
101 KSP unpreconditioned resid norm 2.671917351706e-21 true resid norm 2.671917351707e-21 ||r(i)||/||b|| 5.515493705441e-05
102 KSP unpreconditioned resid norm 2.645310535700e-21 true resid norm 2.645310535701e-21 ||r(i)||/||b|| 5.460570701887e-05
103 KSP unpreconditioned resid norm 2.617379299544e-21 true resid norm 2.617379299544e-21 ||r(i)||/||b|| 5.402913769831e-05
104 KSP unpreconditioned resid norm 2.590485958027e-21 true resid norm 2.590485958027e-21 ||r(i)||/||b|| 5.347399307245e-05
105 KSP unpreconditioned resid norm 2.566207363585e-21 true resid norm 2.566207363585e-21 ||r(i)||/||b|| 5.297282324870e-05
106 KSP unpreconditioned resid norm 2.535661146854e-21 true resid norm 2.535661146854e-21 ||r(i)||/||b|| 5.234227430602e-05
107 KSP unpreconditioned resid norm 2.503744400071e-21 true resid norm 2.503744400071e-21 ||r(i)||/||b|| 5.168343425669e-05
108 KSP unpreconditioned resid norm 2.464641945889e-21 true resid norm 2.464641945889e-21 ||r(i)||/||b|| 5.087626355672e-05
109 KSP unpreconditioned resid norm 2.419322203104e-21 true resid norm 2.419322203104e-21 ||r(i)||/||b|| 4.994075274869e-05
110 KSP unpreconditioned resid norm 2.377818472346e-21 true resid norm 2.377818472346e-21 ||r(i)||/||b|| 4.908401380203e-05
111 KSP unpreconditioned resid norm 2.336306572413e-21 true resid norm 2.336306572413e-21 ||r(i)||/||b|| 4.822710622354e-05
112 KSP unpreconditioned resid norm 2.294088409718e-21 true resid norm 2.294088409718e-21 ||r(i)||/||b|| 4.735561964686e-05
113 KSP unpreconditioned resid norm 2.245684051193e-21 true resid norm 2.245684051193e-21 ||r(i)||/||b|| 4.635643479337e-05
114 KSP unpreconditioned resid norm 2.191106957906e-21 true resid norm 2.191106957906e-21 ||r(i)||/||b|| 4.522982953256e-05
115 KSP unpreconditioned resid norm 2.136355986199e-21 true resid norm 2.136355986199e-21 ||r(i)||/||b|| 4.409963499409e-05
116 KSP unpreconditioned resid norm 2.073268129302e-21 true resid norm 2.073268129302e-21 ||r(i)||/||b|| 4.279734666775e-05
117 KSP unpreconditioned resid norm 2.014506430052e-21 true resid norm 2.014506430052e-21 ||r(i)||/||b|| 4.158436086140e-05
118 KSP unpreconditioned resid norm 1.962302282657e-21 true resid norm 1.962302282657e-21 ||r(i)||/||b|| 4.050673903238e-05
119 KSP unpreconditioned resid norm 1.912850599337e-21 true resid norm 1.912850599337e-21 ||r(i)||/||b|| 3.948593482263e-05
120 KSP unpreconditioned resid norm 1.872323046294e-21 true resid norm 1.872323046294e-21 ||r(i)||/||b|| 3.864934658174e-05
121 KSP unpreconditioned resid norm 1.839592431875e-21 true resid norm 1.839592431875e-21 ||r(i)||/||b|| 3.797370630533e-05
122 KSP unpreconditioned resid norm 1.802173236144e-21 true resid norm 1.802173236144e-21 ||r(i)||/||b|| 3.720128219430e-05
123 KSP unpreconditioned resid norm 1.764704130292e-21 true resid norm 1.764704130292e-21 ||r(i)||/||b|| 3.642782781577e-05
124 KSP unpreconditioned resid norm 1.725155900048e-21 true resid norm 1.725155900048e-21 ||r(i)||/||b|| 3.561145520292e-05
125 KSP unpreconditioned resid norm 1.683450149812e-21 true resid norm 1.683450149812e-21 ||r(i)||/||b|| 3.475054607801e-05
126 KSP unpreconditioned resid norm 1.631360640591e-21 true resid norm 1.631360640591e-21 ||r(i)||/||b|| 3.367529066249e-05
127 KSP unpreconditioned resid norm 1.585319202791e-21 true resid norm 1.585319202791e-21 ||r(i)||/||b|| 3.272488229669e-05
128 KSP unpreconditioned resid norm 1.543759174796e-21 true resid norm 1.543759174796e-21 ||r(i)||/||b|| 3.186698123677e-05
129 KSP unpreconditioned resid norm 1.505975469625e-21 true resid norm 1.505975469625e-21 ||r(i)||/||b|| 3.108703275557e-05
130 KSP unpreconditioned resid norm 1.457764223629e-21 true resid norm 1.457764223629e-21 ||r(i)||/||b|| 3.009183421901e-05
131 KSP unpreconditioned resid norm 1.400638903320e-21 true resid norm 1.400638903320e-21 ||r(i)||/||b|| 2.891262729337e-05
132 KSP unpreconditioned resid norm 1.342835965452e-21 true resid norm 1.342835965452e-21 ||r(i)||/||b|| 2.771943267692e-05
133 KSP unpreconditioned resid norm 1.288919631700e-21 true resid norm 1.288919631701e-21 ||r(i)||/||b|| 2.660646711592e-05
134 KSP unpreconditioned resid norm 1.241229864508e-21 true resid norm 1.241229864508e-21 ||r(i)||/||b|| 2.562203318274e-05
135 KSP unpreconditioned resid norm 1.200486769043e-21 true resid norm 1.200486769042e-21 ||r(i)||/||b|| 2.478099561684e-05
136 KSP unpreconditioned resid norm 1.153406846405e-21 true resid norm 1.153406846405e-21 ||r(i)||/||b|| 2.380915037322e-05
137 KSP unpreconditioned resid norm 1.102188454404e-21 true resid norm 1.102188454404e-21 ||r(i)||/||b|| 2.275187695680e-05
138 KSP unpreconditioned resid norm 1.045940228750e-21 true resid norm 1.045940228750e-21 ||r(i)||/||b|| 2.159077541921e-05
139 KSP unpreconditioned resid norm 9.838374348516e-22 true resid norm 9.838374348515e-22 ||r(i)||/||b|| 2.030882121273e-05
140 KSP unpreconditioned resid norm 9.334843376791e-22 true resid norm 9.334843376791e-22 ||r(i)||/||b|| 1.926940960696e-05
141 KSP unpreconditioned resid norm 8.841258915435e-22 true resid norm 8.841258915436e-22 ||r(i)||/||b|| 1.825053004170e-05
142 KSP unpreconditioned resid norm 8.310213836931e-22 true resid norm 8.310213836930e-22 ||r(i)||/||b|| 1.715432256136e-05
143 KSP unpreconditioned resid norm 7.823851655020e-22 true resid norm 7.823851655021e-22 ||r(i)||/||b|| 1.615035155485e-05
144 KSP unpreconditioned resid norm 7.391224314535e-22 true resid norm 7.391224314537e-22 ||r(i)||/||b|| 1.525730245971e-05
145 KSP unpreconditioned resid norm 7.021193811037e-22 true resid norm 7.021193811039e-22 ||r(i)||/||b|| 1.449346861150e-05
146 KSP unpreconditioned resid norm 6.707481767442e-22 true resid norm 6.707481767443e-22 ||r(i)||/||b|| 1.384588989778e-05
147 KSP unpreconditioned resid norm 6.452306145688e-22 true resid norm 6.452306145689e-22 ||r(i)||/||b|| 1.331914473679e-05
148 KSP unpreconditioned resid norm 6.218703719696e-22 true resid norm 6.218703719695e-22 ||r(i)||/||b|| 1.283693195079e-05
149 KSP unpreconditioned resid norm 6.007019590359e-22 true resid norm 6.007019590359e-22 ||r(i)||/||b|| 1.239996391278e-05
150 KSP unpreconditioned resid norm 5.825270813494e-22 true resid norm 5.825270813494e-22 ||r(i)||/||b|| 1.202478979516e-05
151 KSP unpreconditioned resid norm 5.646518770167e-22 true resid norm 5.646518770169e-22 ||r(i)||/||b|| 1.165580167165e-05
152 KSP unpreconditioned resid norm 5.483632977238e-22 true resid norm 5.483632977240e-22 ||r(i)||/||b|| 1.131956538611e-05
153 KSP unpreconditioned resid norm 5.329141391705e-22 true resid norm 5.329141391706e-22 ||r(i)||/||b|| 1.100065680646e-05
154 KSP unpreconditioned resid norm 5.193844569399e-22 true resid norm 5.193844569400e-22 ||r(i)||/||b|| 1.072137093285e-05
155 KSP unpreconditioned resid norm 5.069943881818e-22 true resid norm 5.069943881819e-22 ||r(i)||/||b|| 1.046560948049e-05
156 KSP unpreconditioned resid norm 4.928649419719e-22 true resid norm 4.928649419720e-22 ||r(i)||/||b|| 1.017394300517e-05
157 KSP unpreconditioned resid norm 4.786119430875e-22 true resid norm 4.786119430875e-22 ||r(i)||/||b|| 9.879726099170e-06
158 KSP unpreconditioned resid norm 4.629551150642e-22 true resid norm 4.629551150643e-22 ||r(i)||/||b|| 9.556530711580e-06
159 KSP unpreconditioned resid norm 4.463014853226e-22 true resid norm 4.463014853226e-22 ||r(i)||/||b|| 9.212758888121e-06
160 KSP unpreconditioned resid norm 4.347580026757e-22 true resid norm 4.347580026756e-22 ||r(i)||/||b|| 8.974473052529e-06
161 KSP unpreconditioned resid norm 4.254667107655e-22 true resid norm 4.254667107655e-22 ||r(i)||/||b|| 8.782677965705e-06
162 KSP unpreconditioned resid norm 4.186198583952e-22 true resid norm 4.186198583953e-22 ||r(i)||/||b|| 8.641342115157e-06
163 KSP unpreconditioned resid norm 4.120591904261e-22 true resid norm 4.120591904261e-22 ||r(i)||/||b|| 8.505913813586e-06
164 KSP unpreconditioned resid norm 4.055189788347e-22 true resid norm 4.055189788349e-22 ||r(i)||/||b|| 8.370907781904e-06
165 KSP unpreconditioned resid norm 3.995873677145e-22 true resid norm 3.995873677144e-22 ||r(i)||/||b|| 8.248464758818e-06
166 KSP unpreconditioned resid norm 3.931541852770e-22 true resid norm 3.931541852768e-22 ||r(i)||/||b|| 8.115668071759e-06
167 KSP unpreconditioned resid norm 3.873302872903e-22 true resid norm 3.873302872903e-22 ||r(i)||/||b|| 7.995448512327e-06
168 KSP unpreconditioned resid norm 3.824330739540e-22 true resid norm 3.824330739539e-22 ||r(i)||/||b|| 7.894358000251e-06
169 KSP unpreconditioned resid norm 3.788446518996e-22 true resid norm 3.788446518995e-22 ||r(i)||/||b|| 7.820284154961e-06
170 KSP unpreconditioned resid norm 3.747505606051e-22 true resid norm 3.747505606050e-22 ||r(i)||/||b|| 7.735772054503e-06
171 KSP unpreconditioned resid norm 3.694483853593e-22 true resid norm 3.694483853594e-22 ||r(i)||/||b|| 7.626322133930e-06
172 KSP unpreconditioned resid norm 3.624151666033e-22 true resid norm 3.624151666034e-22 ||r(i)||/||b|| 7.481139223415e-06
173 KSP unpreconditioned resid norm 3.542632806609e-22 true resid norm 3.542632806607e-22 ||r(i)||/||b|| 7.312864274433e-06
174 KSP unpreconditioned resid norm 3.446508225073e-22 true resid norm 3.446508225073e-22 ||r(i)||/||b|| 7.114439527480e-06
175 KSP unpreconditioned resid norm 3.332033078520e-22 true resid norm 3.332033078520e-22 ||r(i)||/||b|| 6.878134706959e-06
176 KSP unpreconditioned resid norm 3.204229002899e-22 true resid norm 3.204229002899e-22 ||r(i)||/||b|| 6.614315702914e-06
177 KSP unpreconditioned resid norm 3.069330901848e-22 true resid norm 3.069330901848e-22 ||r(i)||/||b|| 6.335852887907e-06
178 KSP unpreconditioned resid norm 2.946839249530e-22 true resid norm 2.946839249532e-22 ||r(i)||/||b|| 6.083000030431e-06
179 KSP unpreconditioned resid norm 2.804720307527e-22 true resid norm 2.804720307527e-22 ||r(i)||/||b|| 5.789631626072e-06
180 KSP unpreconditioned resid norm 2.653242919729e-22 true resid norm 2.653242919730e-22 ||r(i)||/||b|| 5.476945090922e-06
181 KSP unpreconditioned resid norm 2.478194265898e-22 true resid norm 2.478194265899e-22 ||r(i)||/||b|| 5.115601672969e-06
182 KSP unpreconditioned resid norm 2.295383383621e-22 true resid norm 2.295383383622e-22 ||r(i)||/||b|| 4.738235108903e-06
183 KSP unpreconditioned resid norm 2.131621759025e-22 true resid norm 2.131621759025e-22 ||r(i)||/||b|| 4.400190891674e-06
184 KSP unpreconditioned resid norm 2.003440321329e-22 true resid norm 2.003440321330e-22 ||r(i)||/||b|| 4.135592919619e-06
185 KSP unpreconditioned resid norm 1.891443216503e-22 true resid norm 1.891443216505e-22 ||r(i)||/||b|| 3.904403385893e-06
186 KSP unpreconditioned resid norm 1.801353032258e-22 true resid norm 1.801353032260e-22 ||r(i)||/||b|| 3.718435117149e-06
187 KSP unpreconditioned resid norm 1.727292320452e-22 true resid norm 1.727292320453e-22 ||r(i)||/||b|| 3.565555616768e-06
188 KSP unpreconditioned resid norm 1.666813754557e-22 true resid norm 1.666813754559e-22 ||r(i)||/||b|| 3.440713001673e-06
189 KSP unpreconditioned resid norm 1.620053729984e-22 true resid norm 1.620053729986e-22 ||r(i)||/||b|| 3.344188825492e-06
190 KSP unpreconditioned resid norm 1.582285464094e-22 true resid norm 1.582285464095e-22 ||r(i)||/||b|| 3.266225847837e-06
191 KSP unpreconditioned resid norm 1.551954798819e-22 true resid norm 1.551954798820e-22 ||r(i)||/||b|| 3.203615904718e-06
192 KSP unpreconditioned resid norm 1.549237960103e-22 true resid norm 1.544721238074e-22 ||r(i)||/||b|| 3.188684058590e-06
193 KSP unpreconditioned resid norm 1.548040970798e-22 true resid norm 1.542361474375e-22 ||r(i)||/||b|| 3.183812926698e-06
194 KSP unpreconditioned resid norm 1.545654464603e-22 true resid norm 1.541835467730e-22 ||r(i)||/||b|| 3.182727119782e-06
195 KSP unpreconditioned resid norm 1.545640360000e-22 true resid norm 1.541690865274e-22 ||r(i)||/||b|| 3.182428624795e-06
196 KSP unpreconditioned resid norm 1.543335510786e-22 true resid norm 1.543907088997e-22 ||r(i)||/||b|| 3.187003454920e-06
197 KSP unpreconditioned resid norm 1.542899940125e-22 true resid norm 1.545363884147e-22 ||r(i)||/||b|| 3.190010637935e-06
198 KSP unpreconditioned resid norm 1.540922157556e-22 true resid norm 1.552718269721e-22 ||r(i)||/||b|| 3.205191896187e-06
199 KSP unpreconditioned resid norm 1.540617229906e-22 true resid norm 1.554376086046e-22 ||r(i)||/||b|| 3.208614036283e-06
200 KSP unpreconditioned resid norm 1.564699112377e-22 true resid norm 1.564699112377e-22 ||r(i)||/||b|| 3.229923298231e-06
201 KSP unpreconditioned resid norm 1.542856066804e-22 true resid norm 1.542856066804e-22 ||r(i)||/||b|| 3.184833886956e-06
202 KSP unpreconditioned resid norm 1.517935645141e-22 true resid norm 1.517935645141e-22 ||r(i)||/||b|| 3.133392015547e-06
203 KSP unpreconditioned resid norm 1.492260017159e-22 true resid norm 1.492260017159e-22 ||r(i)||/||b|| 3.080391212800e-06
204 KSP unpreconditioned resid norm 1.461330910321e-22 true resid norm 1.461330910321e-22 ||r(i)||/||b|| 3.016545939303e-06
205 KSP unpreconditioned resid norm 1.427298006854e-22 true resid norm 1.427298006853e-22 ||r(i)||/||b|| 2.946293667189e-06
206 KSP unpreconditioned resid norm 1.369418399967e-22 true resid norm 1.369418399966e-22 ||r(i)||/||b|| 2.826815941857e-06
207 KSP unpreconditioned resid norm 1.304556184806e-22 true resid norm 1.304556184806e-22 ||r(i)||/||b|| 2.692924397941e-06
208 KSP unpreconditioned resid norm 1.213308740142e-22 true resid norm 1.213308740141e-22 ||r(i)||/||b|| 2.504567259437e-06
209 KSP unpreconditioned resid norm 1.124966257370e-22 true resid norm 1.124966257370e-22 ||r(i)||/||b|| 2.322206675815e-06
210 KSP unpreconditioned resid norm 1.053124114121e-22 true resid norm 1.053124114121e-22 ||r(i)||/||b|| 2.173906845874e-06
211 KSP unpreconditioned resid norm 9.929388392507e-23 true resid norm 9.929388392520e-23 ||r(i)||/||b|| 2.049669655495e-06
212 KSP unpreconditioned resid norm 9.398947853661e-23 true resid norm 9.398947853652e-23 ||r(i)||/||b|| 1.940173699290e-06
213 KSP unpreconditioned resid norm 8.971961461777e-23 true resid norm 8.971961461775e-23 ||r(i)||/||b|| 1.852033220125e-06
214 KSP unpreconditioned resid norm 8.597833453323e-23 true resid norm 8.597833453309e-23 ||r(i)||/||b|| 1.774804009633e-06
215 KSP unpreconditioned resid norm 8.275536526266e-23 true resid norm 8.275536526254e-23 ||r(i)||/||b|| 1.708274007448e-06
216 KSP unpreconditioned resid norm 7.962242353580e-23 true resid norm 7.962242353566e-23 ||r(i)||/||b|| 1.643602394896e-06
217 KSP unpreconditioned resid norm 7.689854268133e-23 true resid norm 7.689854268135e-23 ||r(i)||/||b|| 1.587374803512e-06
218 KSP unpreconditioned resid norm 7.501301974134e-23 true resid norm 7.501301974136e-23 ||r(i)||/||b|| 1.548452978702e-06
219 KSP unpreconditioned resid norm 7.355199702685e-23 true resid norm 7.355199702682e-23 ||r(i)||/||b|| 1.518293881227e-06
220 KSP unpreconditioned resid norm 7.238906087787e-23 true resid norm 7.238906087775e-23 ||r(i)||/||b|| 1.494288022640e-06
221 KSP unpreconditioned resid norm 7.117414133640e-23 true resid norm 7.117414133627e-23 ||r(i)||/||b|| 1.469209099150e-06
222 KSP unpreconditioned resid norm 7.014423108922e-23 true resid norm 7.014423108910e-23 ||r(i)||/||b|| 1.447949221924e-06
223 KSP unpreconditioned resid norm 6.918361259307e-23 true resid norm 6.918361259304e-23 ||r(i)||/||b|| 1.428119696640e-06
224 KSP unpreconditioned resid norm 6.844404611666e-23 true resid norm 6.844404611659e-23 ||r(i)||/||b|| 1.412853228001e-06
225 KSP unpreconditioned resid norm 6.789445308311e-23 true resid norm 6.789445308302e-23 ||r(i)||/||b|| 1.401508277846e-06
226 KSP unpreconditioned resid norm 6.730787507583e-23 true resid norm 6.730787507577e-23 ||r(i)||/||b|| 1.389399866990e-06
227 KSP unpreconditioned resid norm 6.682977350993e-23 true resid norm 6.682977350979e-23 ||r(i)||/||b|| 1.379530676328e-06
228 KSP unpreconditioned resid norm 6.617322368107e-23 true resid norm 6.617322368111e-23 ||r(i)||/||b|| 1.365977875209e-06
229 KSP unpreconditioned resid norm 6.549788621002e-23 true resid norm 6.549788620975e-23 ||r(i)||/||b|| 1.352037250998e-06
230 KSP unpreconditioned resid norm 6.460325662707e-23 true resid norm 6.460325662715e-23 ||r(i)||/||b|| 1.333569898973e-06
231 KSP unpreconditioned resid norm 6.350646904525e-23 true resid norm 6.350646904515e-23 ||r(i)||/||b|| 1.310929509289e-06
232 KSP unpreconditioned resid norm 6.198349010537e-23 true resid norm 6.198349010523e-23 ||r(i)||/||b|| 1.279491483142e-06
233 KSP unpreconditioned resid norm 6.034215904825e-23 true resid norm 6.034215904834e-23 ||r(i)||/||b|| 1.245610378597e-06
234 KSP unpreconditioned resid norm 5.892455804004e-23 true resid norm 5.892455804018e-23 ||r(i)||/||b|| 1.216347611796e-06
235 KSP unpreconditioned resid norm 5.750488855709e-23 true resid norm 5.750488855721e-23 ||r(i)||/||b|| 1.187042146595e-06
236 KSP unpreconditioned resid norm 5.632605044270e-23 true resid norm 5.632605044276e-23 ||r(i)||/||b|| 1.162708032383e-06
237 KSP unpreconditioned resid norm 5.517329888199e-23 true resid norm 5.517329888213e-23 ||r(i)||/||b|| 1.138912408718e-06
238 KSP unpreconditioned resid norm 5.413882195048e-23 true resid norm 5.413882195037e-23 ||r(i)||/||b|| 1.117558263906e-06
239 KSP unpreconditioned resid norm 5.304072287344e-23 true resid norm 5.304072287337e-23 ||r(i)||/||b|| 1.094890801743e-06
240 KSP unpreconditioned resid norm 5.179471037912e-23 true resid norm 5.179471037920e-23 ||r(i)||/||b|| 1.069170043337e-06
241 KSP unpreconditioned resid norm 5.021146228722e-23 true resid norm 5.021146228722e-23 ||r(i)||/||b|| 1.036487913854e-06
242 KSP unpreconditioned resid norm 4.862254234370e-23 true resid norm 4.862254234364e-23 ||r(i)||/||b|| 1.003688703423e-06
243 KSP unpreconditioned resid norm 4.716896542114e-23 true resid norm 4.716896542109e-23 ||r(i)||/||b|| 9.736833053837e-07
244 KSP unpreconditioned resid norm 4.597405304386e-23 true resid norm 4.597405304390e-23 ||r(i)||/||b|| 9.490173789070e-07
245 KSP unpreconditioned resid norm 4.487295744867e-23 true resid norm 4.487295744870e-23 ||r(i)||/||b|| 9.262880612485e-07
246 KSP unpreconditioned resid norm 4.355152653037e-23 true resid norm 4.355152653038e-23 ||r(i)||/||b|| 8.990104813206e-07
247 KSP unpreconditioned resid norm 4.188786379911e-23 true resid norm 4.188786379910e-23 ||r(i)||/||b|| 8.646683961640e-07
248 KSP unpreconditioned resid norm 3.965815657651e-23 true resid norm 3.965815657655e-23 ||r(i)||/||b|| 8.186417623572e-07
249 KSP unpreconditioned resid norm 3.658275066147e-23 true resid norm 3.658275066158e-23 ||r(i)||/||b|| 7.551578302854e-07
250 KSP unpreconditioned resid norm 3.328702546104e-23 true resid norm 3.328702546106e-23 ||r(i)||/||b|| 6.871259669992e-07
251 KSP unpreconditioned resid norm 2.993848915694e-23 true resid norm 2.993848915693e-23 ||r(i)||/||b|| 6.180039528169e-07
252 KSP unpreconditioned resid norm 2.733128286842e-23 true resid norm 2.733128286833e-23 ||r(i)||/||b|| 5.641848110520e-07
253 KSP unpreconditioned resid norm 2.511876513924e-23 true resid norm 2.511876513929e-23 ||r(i)||/||b|| 5.185130106129e-07
254 KSP unpreconditioned resid norm 2.372919585173e-23 true resid norm 2.372919585171e-23 ||r(i)||/||b|| 4.898288873781e-07
255 KSP unpreconditioned resid norm 2.271601079479e-23 true resid norm 2.271601079470e-23 ||r(i)||/||b|| 4.689142591589e-07
256 KSP unpreconditioned resid norm 2.193003931899e-23 true resid norm 2.193003931884e-23 ||r(i)||/||b|| 4.526898773492e-07
257 KSP unpreconditioned resid norm 2.126239900166e-23 true resid norm 2.126239900162e-23 ||r(i)||/||b|| 4.389081413058e-07
258 KSP unpreconditioned resid norm 2.057813157052e-23 true resid norm 2.057813157044e-23 ||r(i)||/||b|| 4.247831807897e-07
259 KSP unpreconditioned resid norm 1.980423472816e-23 true resid norm 1.980423472815e-23 ||r(i)||/||b|| 4.088080490754e-07
260 KSP unpreconditioned resid norm 1.896159774032e-23 true resid norm 1.896159774029e-23 ||r(i)||/||b|| 3.914139519132e-07
261 KSP unpreconditioned resid norm 1.814938193672e-23 true resid norm 1.814938193665e-23 ||r(i)||/||b|| 3.746478227154e-07
262 KSP unpreconditioned resid norm 1.739828021242e-23 true resid norm 1.739828021239e-23 ||r(i)||/||b|| 3.591432382279e-07
263 KSP unpreconditioned resid norm 1.680990066931e-23 true resid norm 1.680990066923e-23 ||r(i)||/||b|| 3.469976392459e-07
264 KSP unpreconditioned resid norm 1.625125680248e-23 true resid norm 1.625125680247e-23 ||r(i)||/||b|| 3.354658576632e-07
265 KSP unpreconditioned resid norm 1.572596154808e-23 true resid norm 1.572596154810e-23 ||r(i)||/||b|| 3.246224733528e-07
266 KSP unpreconditioned resid norm 1.526248670642e-23 true resid norm 1.526248670635e-23 ||r(i)||/||b|| 3.150552142059e-07
267 KSP unpreconditioned resid norm 1.487721028425e-23 true resid norm 1.487721028420e-23 ||r(i)||/||b|| 3.071021625150e-07
268 KSP unpreconditioned resid norm 1.447954073149e-23 true resid norm 1.447954073147e-23 ||r(i)||/||b|| 2.988932861681e-07
269 KSP unpreconditioned resid norm 1.400612085555e-23 true resid norm 1.400612085551e-23 ||r(i)||/||b|| 2.891207370874e-07
270 KSP unpreconditioned resid norm 1.359262023207e-23 true resid norm 1.359262023209e-23 ||r(i)||/||b|| 2.805850685564e-07
271 KSP unpreconditioned resid norm 1.316033648696e-23 true resid norm 1.316033648698e-23 ||r(i)||/||b|| 2.716616702573e-07
272 KSP unpreconditioned resid norm 1.270166773106e-23 true resid norm 1.270166773104e-23 ||r(i)||/||b|| 2.621936205266e-07
273 KSP unpreconditioned resid norm 1.225004408153e-23 true resid norm 1.225004408155e-23 ||r(i)||/||b|| 2.528709990974e-07
274 KSP unpreconditioned resid norm 1.185845526816e-23 true resid norm 1.185845526811e-23 ||r(i)||/||b|| 2.447876441453e-07
275 KSP unpreconditioned resid norm 1.153409184896e-23 true resid norm 1.153409184901e-23 ||r(i)||/||b|| 2.380919864552e-07
276 KSP unpreconditioned resid norm 1.121949295252e-23 true resid norm 1.121949295250e-23 ||r(i)||/||b|| 2.315978924956e-07
277 KSP unpreconditioned resid norm 1.095458470962e-23 true resid norm 1.095458470963e-23 ||r(i)||/||b|| 2.261295356801e-07
278 KSP unpreconditioned resid norm 1.070491193970e-23 true resid norm 1.070491193970e-23 ||r(i)||/||b|| 2.209756764483e-07
279 KSP unpreconditioned resid norm 1.045171472416e-23 true resid norm 1.045171472415e-23 ||r(i)||/||b|| 2.157490640019e-07
280 KSP unpreconditioned resid norm 1.017902451435e-23 true resid norm 1.017902451438e-23 ||r(i)||/||b|| 2.101200682751e-07
281 KSP unpreconditioned resid norm 9.839725133144e-24 true resid norm 9.839725133138e-24 ||r(i)||/||b|| 2.031160956398e-07
282 KSP unpreconditioned resid norm 9.485828993986e-24 true resid norm 9.485828994022e-24 ||r(i)||/||b|| 1.958108100687e-07
283 KSP unpreconditioned resid norm 9.232586629379e-24 true resid norm 9.232586629418e-24 ||r(i)||/||b|| 1.905832656350e-07
284 KSP unpreconditioned resid norm 9.070784501183e-24 true resid norm 9.070784501216e-24 ||r(i)||/||b|| 1.872432722813e-07
285 KSP unpreconditioned resid norm 8.948127255472e-24 true resid norm 8.948127255493e-24 ||r(i)||/||b|| 1.847113254519e-07
286 KSP unpreconditioned resid norm 8.858614918997e-24 true resid norm 8.858614918954e-24 ||r(i)||/||b|| 1.828635709604e-07
287 KSP unpreconditioned resid norm 8.762975715502e-24 true resid norm 8.762975715520e-24 ||r(i)||/||b|| 1.808893428871e-07
288 KSP unpreconditioned resid norm 8.656095332736e-24 true resid norm 8.656095332803e-24 ||r(i)||/||b|| 1.786830692621e-07
289 KSP unpreconditioned resid norm 8.549764967762e-24 true resid norm 8.549764967711e-24 ||r(i)||/||b|| 1.764881493520e-07
290 KSP unpreconditioned resid norm 8.427053410997e-24 true resid norm 8.427053411009e-24 ||r(i)||/||b|| 1.739550814106e-07
291 KSP unpreconditioned resid norm 8.281061461780e-24 true resid norm 8.281061461742e-24 ||r(i)||/||b|| 1.709414489840e-07
292 KSP unpreconditioned resid norm 8.261902747682e-24 true resid norm 8.237436699923e-24 ||r(i)||/||b|| 1.700409267464e-07
293 KSP unpreconditioned resid norm 8.252156502367e-24 true resid norm 8.216898442339e-24 ||r(i)||/||b|| 1.696169666626e-07
294 KSP unpreconditioned resid norm 8.245656073380e-24 true resid norm 8.215075253132e-24 ||r(i)||/||b|| 1.695793315592e-07
295 KSP unpreconditioned resid norm 8.245217589871e-24 true resid norm 8.213925314709e-24 ||r(i)||/||b|| 1.695555940056e-07
296 KSP unpreconditioned resid norm 8.235553281699e-24 true resid norm 8.218916090252e-24 ||r(i)||/||b|| 1.696586158714e-07
297 KSP unpreconditioned resid norm 8.234992240794e-24 true resid norm 8.221648319765e-24 ||r(i)||/||b|| 1.697150157996e-07
298 KSP unpreconditioned resid norm 8.227904970667e-24 true resid norm 8.245688813439e-24 ||r(i)||/||b|| 1.702112706387e-07
299 KSP unpreconditioned resid norm 8.227807696481e-24 true resid norm 8.246556394881e-24 ||r(i)||/||b|| 1.702291796506e-07
300 KSP unpreconditioned resid norm 8.274821596494e-24 true resid norm 8.274821596494e-24 ||r(i)||/||b|| 1.708126428385e-07
301 KSP unpreconditioned resid norm 8.172777643153e-24 true resid norm 8.172777643143e-24 ||r(i)||/||b|| 1.687062049952e-07
302 KSP unpreconditioned resid norm 8.082486175308e-24 true resid norm 8.082486175306e-24 ||r(i)||/||b|| 1.668423673200e-07
303 KSP unpreconditioned resid norm 8.000801708129e-24 true resid norm 8.000801708152e-24 ||r(i)||/||b|| 1.651561992799e-07
304 KSP unpreconditioned resid norm 7.909849377157e-24 true resid norm 7.909849377189e-24 ||r(i)||/||b|| 1.632787197666e-07
305 KSP unpreconditioned resid norm 7.831068180283e-24 true resid norm 7.831068180287e-24 ||r(i)||/||b|| 1.616524823557e-07
306 KSP unpreconditioned resid norm 7.738590341712e-24 true resid norm 7.738590341746e-24 ||r(i)||/||b|| 1.597435126189e-07
307 KSP unpreconditioned resid norm 7.652575017659e-24 true resid norm 7.652575017668e-24 ||r(i)||/||b|| 1.579679450542e-07
308 KSP unpreconditioned resid norm 7.522473110913e-24 true resid norm 7.522473110937e-24 ||r(i)||/||b|| 1.552823221355e-07
309 KSP unpreconditioned resid norm 7.405622250042e-24 true resid norm 7.405622250080e-24 ||r(i)||/||b|| 1.528702333517e-07
310 KSP unpreconditioned resid norm 7.253969487494e-24 true resid norm 7.253969487521e-24 ||r(i)||/||b|| 1.497397478344e-07
311 KSP unpreconditioned resid norm 7.083407868080e-24 true resid norm 7.083407868099e-24 ||r(i)||/||b|| 1.462189370664e-07
312 KSP unpreconditioned resid norm 6.904483563382e-24 true resid norm 6.904483563371e-24 ||r(i)||/||b|| 1.425254999327e-07
313 KSP unpreconditioned resid norm 6.748610547867e-24 true resid norm 6.748610547819e-24 ||r(i)||/||b|| 1.393078980276e-07
314 KSP unpreconditioned resid norm 6.585538677221e-24 true resid norm 6.585538677225e-24 ||r(i)||/||b|| 1.359416940722e-07
315 KSP unpreconditioned resid norm 6.416566736900e-24 true resid norm 6.416566736934e-24 ||r(i)||/||b|| 1.324536981861e-07
316 KSP unpreconditioned resid norm 6.223253031394e-24 true resid norm 6.223253031401e-24 ||r(i)||/||b|| 1.284632284757e-07
317 KSP unpreconditioned resid norm 6.054598640440e-24 true resid norm 6.054598640525e-24 ||r(i)||/||b|| 1.249817875896e-07
318 KSP unpreconditioned resid norm 5.866405550712e-24 true resid norm 5.866405550738e-24 ||r(i)||/||b|| 1.210970199658e-07
319 KSP unpreconditioned resid norm 5.709942832221e-24 true resid norm 5.709942832303e-24 ||r(i)||/||b|| 1.178672451447e-07
320 KSP unpreconditioned resid norm 5.552073323387e-24 true resid norm 5.552073323432e-24 ||r(i)||/||b|| 1.146084307135e-07
321 KSP unpreconditioned resid norm 5.431886490016e-24 true resid norm 5.431886490086e-24 ||r(i)||/||b|| 1.121274792635e-07
322 KSP unpreconditioned resid norm 5.291391216180e-24 true resid norm 5.291391216162e-24 ||r(i)||/||b|| 1.092273117173e-07
323 KSP unpreconditioned resid norm 5.171630982772e-24 true resid norm 5.171630982736e-24 ||r(i)||/||b|| 1.067551663375e-07
324 KSP unpreconditioned resid norm 5.023935063655e-24 true resid norm 5.023935063628e-24 ||r(i)||/||b|| 1.037063597880e-07
325 KSP unpreconditioned resid norm 4.882764096447e-24 true resid norm 4.882764096485e-24 ||r(i)||/||b|| 1.007922442740e-07
326 KSP unpreconditioned resid norm 4.756755029813e-24 true resid norm 4.756755029812e-24 ||r(i)||/||b|| 9.819110762725e-08
327 KSP unpreconditioned resid norm 4.630099263753e-24 true resid norm 4.630099263774e-24 ||r(i)||/||b|| 9.557662151714e-08
328 KSP unpreconditioned resid norm 4.514465488886e-24 true resid norm 4.514465488956e-24 ||r(i)||/||b|| 9.318965637865e-08
329 KSP unpreconditioned resid norm 4.389270167341e-24 true resid norm 4.389270167360e-24 ||r(i)||/||b|| 9.060531742905e-08
330 KSP unpreconditioned resid norm 4.268710862546e-24 true resid norm 4.268710862498e-24 ||r(i)||/||b|| 8.811667725207e-08
331 KSP unpreconditioned resid norm 4.124056828302e-24 true resid norm 4.124056828253e-24 ||r(i)||/||b|| 8.513066267781e-08
332 KSP unpreconditioned resid norm 3.985972742292e-24 true resid norm 3.985972742266e-24 ||r(i)||/||b|| 8.228026797306e-08
333 KSP unpreconditioned resid norm 3.862885673310e-24 true resid norm 3.862885673313e-24 ||r(i)||/||b|| 7.973944853643e-08
334 KSP unpreconditioned resid norm 3.740571290392e-24 true resid norm 3.740571290396e-24 ||r(i)||/||b|| 7.721457923748e-08
335 KSP unpreconditioned resid norm 3.637365176459e-24 true resid norm 3.637365176490e-24 ||r(i)||/||b|| 7.508415154573e-08
336 KSP unpreconditioned resid norm 3.502804555939e-24 true resid norm 3.502804555894e-24 ||r(i)||/||b|| 7.230648982120e-08
337 KSP unpreconditioned resid norm 3.350761906586e-24 true resid norm 3.350761906576e-24 ||r(i)||/||b|| 6.916795608349e-08
338 KSP unpreconditioned resid norm 3.187204617940e-24 true resid norm 3.187204617948e-24 ||r(i)||/||b|| 6.579173190749e-08
339 KSP unpreconditioned resid norm 3.048845231695e-24 true resid norm 3.048845231681e-24 ||r(i)||/||b|| 6.293565432875e-08
340 KSP unpreconditioned resid norm 2.892810295762e-24 true resid norm 2.892810295826e-24 ||r(i)||/||b|| 5.971470999083e-08
341 KSP unpreconditioned resid norm 2.723582487262e-24 true resid norm 2.723582487236e-24 ||r(i)||/||b|| 5.622143235458e-08
342 KSP unpreconditioned resid norm 2.562138191987e-24 true resid norm 2.562138192029e-24 ||r(i)||/||b|| 5.288882555287e-08
343 KSP unpreconditioned resid norm 2.399647677069e-24 true resid norm 2.399647677118e-24 ||r(i)||/||b|| 4.953462220667e-08
344 KSP unpreconditioned resid norm 2.262522398336e-24 true resid norm 2.262522398290e-24 ||r(i)||/||b|| 4.670401963674e-08
345 KSP unpreconditioned resid norm 2.139334412716e-24 true resid norm 2.139334412731e-24 ||r(i)||/||b|| 4.416111703348e-08
346 KSP unpreconditioned resid norm 2.025580863250e-24 true resid norm 2.025580863460e-24 ||r(i)||/||b|| 4.181296436860e-08
347 KSP unpreconditioned resid norm 1.925412228288e-24 true resid norm 1.925412228160e-24 ||r(i)||/||b|| 3.974523769612e-08
348 KSP unpreconditioned resid norm 1.835518119424e-24 true resid norm 1.835518119427e-24 ||r(i)||/||b|| 3.788960248884e-08
349 KSP unpreconditioned resid norm 1.763331905194e-24 true resid norm 1.763331905326e-24 ||r(i)||/||b|| 3.639950172192e-08
350 KSP unpreconditioned resid norm 1.707294786701e-24 true resid norm 1.707294786759e-24 ||r(i)||/||b|| 3.524275795314e-08
351 KSP unpreconditioned resid norm 1.660693392897e-24 true resid norm 1.660693392910e-24 ||r(i)||/||b|| 3.428079071912e-08
352 KSP unpreconditioned resid norm 1.612071946043e-24 true resid norm 1.612071946115e-24 ||r(i)||/||b|| 3.327712463051e-08
353 KSP unpreconditioned resid norm 1.570603822510e-24 true resid norm 1.570603822505e-24 ||r(i)||/||b|| 3.242112070285e-08
354 KSP unpreconditioned resid norm 1.527935702202e-24 true resid norm 1.527935702303e-24 ||r(i)||/||b|| 3.154034589802e-08
355 KSP unpreconditioned resid norm 1.483691754438e-24 true resid norm 1.483691754438e-24 ||r(i)||/||b|| 3.062704213957e-08
356 KSP unpreconditioned resid norm 1.435092043171e-24 true resid norm 1.435092043274e-24 ||r(i)||/||b|| 2.962382472778e-08
357 KSP unpreconditioned resid norm 1.378906987454e-24 true resid norm 1.378906987441e-24 ||r(i)||/||b|| 2.846402717046e-08
358 KSP unpreconditioned resid norm 1.328531121275e-24 true resid norm 1.328531121188e-24 ||r(i)||/||b|| 2.742414555492e-08
359 KSP unpreconditioned resid norm 1.284787788966e-24 true resid norm 1.284787788986e-24 ||r(i)||/||b|| 2.652117573343e-08
360 KSP unpreconditioned resid norm 1.247491270241e-24 true resid norm 1.247491270325e-24 ||r(i)||/||b|| 2.575128397844e-08
361 KSP unpreconditioned resid norm 1.213798981048e-24 true resid norm 1.213798981140e-24 ||r(i)||/||b|| 2.505579237274e-08
362 KSP unpreconditioned resid norm 1.186343784507e-24 true resid norm 1.186343784470e-24 ||r(i)||/||b|| 2.448904967646e-08
363 KSP unpreconditioned resid norm 1.160120409142e-24 true resid norm 1.160120409163e-24 ||r(i)||/||b|| 2.394773479878e-08
364 KSP unpreconditioned resid norm 1.136666265214e-24 true resid norm 1.136666265344e-24 ||r(i)||/||b|| 2.346358366095e-08
365 KSP unpreconditioned resid norm 1.118439715030e-24 true resid norm 1.118439715059e-24 ||r(i)||/||b|| 2.308734289399e-08
366 KSP unpreconditioned resid norm 1.102000081505e-24 true resid norm 1.102000081466e-24 ||r(i)||/||b|| 2.274798847666e-08
367 KSP unpreconditioned resid norm 1.086040501559e-24 true resid norm 1.086040501558e-24 ||r(i)||/||b|| 2.241854354653e-08
368 KSP unpreconditioned resid norm 1.073433333822e-24 true resid norm 1.073433333820e-24 ||r(i)||/||b|| 2.215830063797e-08
369 KSP unpreconditioned resid norm 1.063905616711e-24 true resid norm 1.063905616549e-24 ||r(i)||/||b|| 2.196162515099e-08
370 KSP unpreconditioned resid norm 1.053435626327e-24 true resid norm 1.053435626307e-24 ||r(i)||/||b|| 2.174549883540e-08
371 KSP unpreconditioned resid norm 1.042091827175e-24 true resid norm 1.042091827246e-24 ||r(i)||/||b|| 2.151133495950e-08
372 KSP unpreconditioned resid norm 1.027684976166e-24 true resid norm 1.027684976332e-24 ||r(i)||/||b|| 2.121394216971e-08
373 KSP unpreconditioned resid norm 1.009759417063e-24 true resid norm 1.009759416989e-24 ||r(i)||/||b|| 2.084391459510e-08
374 KSP unpreconditioned resid norm 9.890981036122e-25 true resid norm 9.890981035518e-25 ||r(i)||/||b|| 2.041741433626e-08
  Linear solve converged due to CONVERGED_ATOL iterations 374
Mat Object: 1 MPI process
  type: seqaijcusparse
  rows=281452, cols=281452, bs=4
  total: nonzeros=15993520, allocated nonzeros=15993520
  total number of mallocs used during MatSetValues calls=0
    not using I-node routines
Vec Object: 1 MPI process
  type: seqcuda
  length=281452, bs=4
Vec Object: 1 MPI process
  type: seqcuda
  length=281452, bs=4
KSP Object: 1 MPI process
  type: gmres
    restart=100, using classical (unmodified) Gram-Schmidt orthogonalization with no iterative refinement
    happy breakdown tolerance=1e-30
  maximum iterations=2000, initial guess is zero
  tolerances: relative=1e-10, absolute=1e-24, divergence=10000.
  right preconditioning
  diagonally scaled system
  using UNPRECONDITIONED norm type for convergence test
PC Object: 1 MPI process
  type: asm
    total subdomain blocks = 1, amount of overlap = 2
    restriction/interpolation type - RESTRICT
    Local solver information for first block is in the following KSP and PC objects on rank 0:
    Use -ksp_view ::ascii_info_detail to display information for all blocks
    KSP Object: (sub_) 1 MPI process
      type: preonly
      maximum iterations=10000, initial guess is zero
      tolerances: relative=1e-05, absolute=1e-50, divergence=10000.
      left preconditioning
      not checking for convergence
    PC Object: (sub_) 1 MPI process
      type: ilu
        out-of-place factorization
        2 levels of fill
        tolerance for zero pivot 2.22045e-14
        matrix ordering: natural
        factor fill ratio given 1., needed 4.996
          Factored matrix:
            Mat Object: (sub_) 1 MPI process
              type: seqaijcusparse
              rows=281452, cols=281452, bs=4
              package used to perform factorization: cusparse
              total: nonzeros=79903664, allocated nonzeros=79903664
                using I-node routines: found 70363 nodes, limit used is 5
      linear system matrix, which is also used to construct the preconditioner:
      Mat Object: (sub_) 1 MPI process
        type: seqaijcusparse
        rows=281452, cols=281452, bs=4
        total: nonzeros=15993520, allocated nonzeros=15993520
        total number of mallocs used during MatSetValues calls=0
          not using I-node routines
  linear system matrix, which is also used to construct the preconditioner:
  Mat Object: 1 MPI process
    type: seqaijcusparse
    rows=281452, cols=281452, bs=4
    total: nonzeros=15993520, allocated nonzeros=15993520
    total number of mallocs used during MatSetValues calls=0
      not using I-node routines
 NS     67-1    2.417e+03 [   0  1.000e+00  4.805e-14  2.042e-08] [  374 -177   82]
Vec Object: 1 MPI process
  type: seqcuda
  length=281452, bs=4
Mat Object: 1 MPI process
  type: seqaijcusparse
  rows=281452, cols=281452, bs=4
  total: nonzeros=15993520, allocated nonzeros=15993520
  total number of mallocs used during MatSetValues calls=0
    not using I-node routines
Mat Object: 1 MPI process
  type: seqaijcusparse
  rows=281452, cols=281452, bs=4
  total: nonzeros=15993520, allocated nonzeros=15993520
  total number of mallocs used during MatSetValues calls=0
    not using I-node routines
SV13P_REUSE step=67 equation=0 reuse=1 rebuild_requests=7 solve_requests=14 ksp=0x55729b63aa50 pc=0x55729d0f73e0
  0 KSP unpreconditioned resid norm 3.055332968006e-17 true resid norm 3.055332968006e-17 ||r(i)||/||b|| 1.000000000000e+00
  1 KSP unpreconditioned resid norm 1.904063351546e-18 true resid norm 1.904063351546e-18 ||r(i)||/||b|| 6.231934036270e-02
  2 KSP unpreconditioned resid norm 6.798061122689e-19 true resid norm 6.798061122689e-19 ||r(i)||/||b|| 2.224982086691e-02
  3 KSP unpreconditioned resid norm 3.861478956372e-19 true resid norm 3.861478956372e-19 ||r(i)||/||b|| 1.263848816744e-02
  4 KSP unpreconditioned resid norm 2.460902712960e-19 true resid norm 2.460902712960e-19 ||r(i)||/||b|| 8.054450165429e-03
  5 KSP unpreconditioned resid norm 1.652690305245e-19 true resid norm 1.652690305245e-19 ||r(i)||/||b|| 5.409198678349e-03
  6 KSP unpreconditioned resid norm 1.229412977615e-19 true resid norm 1.229412977615e-19 ||r(i)||/||b|| 4.023826504309e-03
  7 KSP unpreconditioned resid norm 1.007347610826e-19 true resid norm 1.007347610826e-19 ||r(i)||/||b|| 3.297014176114e-03
  8 KSP unpreconditioned resid norm 8.700743800801e-20 true resid norm 8.700743800801e-20 ||r(i)||/||b|| 2.847723600639e-03
  9 KSP unpreconditioned resid norm 7.659253853001e-20 true resid norm 7.659253853001e-20 ||r(i)||/||b|| 2.506847513251e-03
 10 KSP unpreconditioned resid norm 6.886321207701e-20 true resid norm 6.886321207701e-20 ||r(i)||/||b|| 2.253869309765e-03
 11 KSP unpreconditioned resid norm 6.332055455481e-20 true resid norm 6.332055455481e-20 ||r(i)||/||b|| 2.072460030310e-03
 12 KSP unpreconditioned resid norm 5.827930478244e-20 true resid norm 5.827930478244e-20 ||r(i)||/||b|| 1.907461654514e-03
 13 KSP unpreconditioned resid norm 5.396307722882e-20 true resid norm 5.396307722882e-20 ||r(i)||/||b|| 1.766193007240e-03
 14 KSP unpreconditioned resid norm 4.989658824117e-20 true resid norm 4.989658824117e-20 ||r(i)||/||b|| 1.633098217564e-03
 15 KSP unpreconditioned resid norm 4.659915589148e-20 true resid norm 4.659915589148e-20 ||r(i)||/||b|| 1.525174387847e-03
 16 KSP unpreconditioned resid norm 4.301158863826e-20 true resid norm 4.301158863826e-20 ||r(i)||/||b|| 1.407754542259e-03
 17 KSP unpreconditioned resid norm 3.959459683893e-20 true resid norm 3.959459683893e-20 ||r(i)||/||b|| 1.295917572767e-03
 18 KSP unpreconditioned resid norm 3.548930770960e-20 true resid norm 3.548930770960e-20 ||r(i)||/||b|| 1.161552867763e-03
 19 KSP unpreconditioned resid norm 3.136927704798e-20 true resid norm 3.136927704798e-20 ||r(i)||/||b|| 1.026705677465e-03
 20 KSP unpreconditioned resid norm 2.780981792623e-20 true resid norm 2.780981792623e-20 ||r(i)||/||b|| 9.102058013787e-04
 21 KSP unpreconditioned resid norm 2.483516252548e-20 true resid norm 2.483516252548e-20 ||r(i)||/||b|| 8.128463504810e-04
 22 KSP unpreconditioned resid norm 2.285824973664e-20 true resid norm 2.285824973664e-20 ||r(i)||/||b|| 7.481426730246e-04
 23 KSP unpreconditioned resid norm 2.092076728202e-20 true resid norm 2.092076728202e-20 ||r(i)||/||b|| 6.847295368815e-04
 24 KSP unpreconditioned resid norm 1.878450429878e-20 true resid norm 1.878450429878e-20 ||r(i)||/||b|| 6.148103822228e-04
 25 KSP unpreconditioned resid norm 1.655295676288e-20 true resid norm 1.655295676287e-20 ||r(i)||/||b|| 5.417725968400e-04
 26 KSP unpreconditioned resid norm 1.439635304635e-20 true resid norm 1.439635304635e-20 ||r(i)||/||b|| 4.711876969582e-04
 27 KSP unpreconditioned resid norm 1.277174910087e-20 true resid norm 1.277174910087e-20 ||r(i)||/||b|| 4.180149670954e-04
 28 KSP unpreconditioned resid norm 1.169859159064e-20 true resid norm 1.169859159064e-20 ||r(i)||/||b|| 3.828908899012e-04
 29 KSP unpreconditioned resid norm 1.095348460928e-20 true resid norm 1.095348460928e-20 ||r(i)||/||b|| 3.585037939885e-04
 30 KSP unpreconditioned resid norm 1.036317991062e-20 true resid norm 1.036317991062e-20 ||r(i)||/||b|| 3.391833236880e-04
 31 KSP unpreconditioned resid norm 9.775013669499e-21 true resid norm 9.775013669499e-21 ||r(i)||/||b|| 3.199328443694e-04
 32 KSP unpreconditioned resid norm 9.321918956021e-21 true resid norm 9.321918956021e-21 ||r(i)||/||b|| 3.051032098182e-04
 33 KSP unpreconditioned resid norm 8.968908034192e-21 true resid norm 8.968908034192e-21 ||r(i)||/||b|| 2.935492834369e-04
 34 KSP unpreconditioned resid norm 8.635845278091e-21 true resid norm 8.635845278091e-21 ||r(i)||/||b|| 2.826482536771e-04
 35 KSP unpreconditioned resid norm 8.225372140629e-21 true resid norm 8.225372140629e-21 ||r(i)||/||b|| 2.692136086888e-04
 36 KSP unpreconditioned resid norm 7.723536924056e-21 true resid norm 7.723536924056e-21 ||r(i)||/||b|| 2.527887141903e-04
 37 KSP unpreconditioned resid norm 7.200792251283e-21 true resid norm 7.200792251283e-21 ||r(i)||/||b|| 2.356794603628e-04
 38 KSP unpreconditioned resid norm 6.749240223255e-21 true resid norm 6.749240223255e-21 ||r(i)||/||b|| 2.209003173772e-04
 39 KSP unpreconditioned resid norm 6.415425110681e-21 true resid norm 6.415425110682e-21 ||r(i)||/||b|| 2.099746632482e-04
 40 KSP unpreconditioned resid norm 6.171206493593e-21 true resid norm 6.171206493593e-21 ||r(i)||/||b|| 2.019814716830e-04
 41 KSP unpreconditioned resid norm 5.988445253519e-21 true resid norm 5.988445253520e-21 ||r(i)||/||b|| 1.959997589863e-04
 42 KSP unpreconditioned resid norm 5.838630226967e-21 true resid norm 5.838630226967e-21 ||r(i)||/||b|| 1.910963645569e-04
 43 KSP unpreconditioned resid norm 5.710037059080e-21 true resid norm 5.710037059080e-21 ||r(i)||/||b|| 1.868875542821e-04
 44 KSP unpreconditioned resid norm 5.567183623372e-21 true resid norm 5.567183623372e-21 ||r(i)||/||b|| 1.822120103331e-04
 45 KSP unpreconditioned resid norm 5.418130526409e-21 true resid norm 5.418130526410e-21 ||r(i)||/||b|| 1.773335535978e-04
 46 KSP unpreconditioned resid norm 5.252743038352e-21 true resid norm 5.252743038353e-21 ||r(i)||/||b|| 1.719204778450e-04
 47 KSP unpreconditioned resid norm 5.115399388875e-21 true resid norm 5.115399388876e-21 ||r(i)||/||b|| 1.674252673094e-04
 48 KSP unpreconditioned resid norm 5.011144640114e-21 true resid norm 5.011144640115e-21 ||r(i)||/||b|| 1.640130451440e-04
 49 KSP unpreconditioned resid norm 4.920932748140e-21 true resid norm 4.920932748141e-21 ||r(i)||/||b|| 1.610604408642e-04
 50 KSP unpreconditioned resid norm 4.820289695871e-21 true resid norm 4.820289695872e-21 ||r(i)||/||b|| 1.577664282861e-04
 51 KSP unpreconditioned resid norm 4.700460524604e-21 true resid norm 4.700460524605e-21 ||r(i)||/||b|| 1.538444606145e-04
 52 KSP unpreconditioned resid norm 4.578183552781e-21 true resid norm 4.578183552782e-21 ||r(i)||/||b|| 1.498423772702e-04
 53 KSP unpreconditioned resid norm 4.461239750983e-21 true resid norm 4.461239750985e-21 ||r(i)||/||b|| 1.460148467516e-04
 54 KSP unpreconditioned resid norm 4.351859975604e-21 true resid norm 4.351859975606e-21 ||r(i)||/||b|| 1.424348842230e-04
 55 KSP unpreconditioned resid norm 4.245801548230e-21 true resid norm 4.245801548231e-21 ||r(i)||/||b|| 1.389636282753e-04
 56 KSP unpreconditioned resid norm 4.171944333479e-21 true resid norm 4.171944333480e-21 ||r(i)||/||b|| 1.365463069710e-04
 57 KSP unpreconditioned resid norm 4.112837784838e-21 true resid norm 4.112837784840e-21 ||r(i)||/||b|| 1.346117699088e-04
 58 KSP unpreconditioned resid norm 4.052951737400e-21 true resid norm 4.052951737401e-21 ||r(i)||/||b|| 1.326517201183e-04
 59 KSP unpreconditioned resid norm 3.989218594555e-21 true resid norm 3.989218594557e-21 ||r(i)||/||b|| 1.305657562148e-04
 60 KSP unpreconditioned resid norm 3.923203687370e-21 true resid norm 3.923203687373e-21 ||r(i)||/||b|| 1.284051109471e-04
 61 KSP unpreconditioned resid norm 3.865452059870e-21 true resid norm 3.865452059873e-21 ||r(i)||/||b|| 1.265149199891e-04
 62 KSP unpreconditioned resid norm 3.817190181833e-21 true resid norm 3.817190181836e-21 ||r(i)||/||b|| 1.249353252758e-04
 63 KSP unpreconditioned resid norm 3.767784261832e-21 true resid norm 3.767784261836e-21 ||r(i)||/||b|| 1.233182864614e-04
 64 KSP unpreconditioned resid norm 3.730039603999e-21 true resid norm 3.730039604004e-21 ||r(i)||/||b|| 1.220829167578e-04
 65 KSP unpreconditioned resid norm 3.691808407702e-21 true resid norm 3.691808407707e-21 ||r(i)||/||b|| 1.208316228171e-04
 66 KSP unpreconditioned resid norm 3.658343214198e-21 true resid norm 3.658343214203e-21 ||r(i)||/||b|| 1.197363185130e-04
 67 KSP unpreconditioned resid norm 3.624867900582e-21 true resid norm 3.624867900587e-21 ||r(i)||/||b|| 1.186406829810e-04
 68 KSP unpreconditioned resid norm 3.586342294303e-21 true resid norm 3.586342294308e-21 ||r(i)||/||b|| 1.173797531026e-04
 69 KSP unpreconditioned resid norm 3.541124153942e-21 true resid norm 3.541124153947e-21 ||r(i)||/||b|| 1.158997788794e-04
 70 KSP unpreconditioned resid norm 3.483378370984e-21 true resid norm 3.483378370990e-21 ||r(i)||/||b|| 1.140097792112e-04
 71 KSP unpreconditioned resid norm 3.406804253122e-21 true resid norm 3.406804253128e-21 ||r(i)||/||b|| 1.115035346001e-04
 72 KSP unpreconditioned resid norm 3.311506760502e-21 true resid norm 3.311506760508e-21 ||r(i)||/||b|| 1.083844803556e-04
 73 KSP unpreconditioned resid norm 3.225882826263e-21 true resid norm 3.225882826269e-21 ||r(i)||/||b|| 1.055820383588e-04
 74 KSP unpreconditioned resid norm 3.155149825647e-21 true resid norm 3.155149825653e-21 ||r(i)||/||b|| 1.032669715115e-04
 75 KSP unpreconditioned resid norm 3.079497453599e-21 true resid norm 3.079497453605e-21 ||r(i)||/||b|| 1.007908953247e-04
 76 KSP unpreconditioned resid norm 3.008943564347e-21 true resid norm 3.008943564354e-21 ||r(i)||/||b|| 9.848169073101e-05
 77 KSP unpreconditioned resid norm 2.930019225978e-21 true resid norm 2.930019225987e-21 ||r(i)||/||b|| 9.589852420894e-05
 78 KSP unpreconditioned resid norm 2.834346079617e-21 true resid norm 2.834346079627e-21 ||r(i)||/||b|| 9.276717494645e-05
 79 KSP unpreconditioned resid norm 2.713851751649e-21 true resid norm 2.713851751660e-21 ||r(i)||/||b|| 8.882343692415e-05
 80 KSP unpreconditioned resid norm 2.568674985720e-21 true resid norm 2.568674985731e-21 ||r(i)||/||b|| 8.407185117396e-05
 81 KSP unpreconditioned resid norm 2.407153712911e-21 true resid norm 2.407153712921e-21 ||r(i)||/||b|| 7.878531532005e-05
 82 KSP unpreconditioned resid norm 2.223467840295e-21 true resid norm 2.223467840303e-21 ||r(i)||/||b|| 7.277333971734e-05
 83 KSP unpreconditioned resid norm 2.042143784129e-21 true resid norm 2.042143784135e-21 ||r(i)||/||b|| 6.683866555688e-05
 84 KSP unpreconditioned resid norm 1.861731592735e-21 true resid norm 1.861731592738e-21 ||r(i)||/||b|| 6.093383641760e-05
 85 KSP unpreconditioned resid norm 1.708836789915e-21 true resid norm 1.708836789917e-21 ||r(i)||/||b|| 5.592964196738e-05
 86 KSP unpreconditioned resid norm 1.585529877126e-21 true resid norm 1.585529877129e-21 ||r(i)||/||b|| 5.189384900867e-05
 87 KSP unpreconditioned resid norm 1.485582904981e-21 true resid norm 1.485582904986e-21 ||r(i)||/||b|| 4.862261889433e-05
 88 KSP unpreconditioned resid norm 1.394713689180e-21 true resid norm 1.394713689190e-21 ||r(i)||/||b|| 4.564850063133e-05
 89 KSP unpreconditioned resid norm 1.314182787426e-21 true resid norm 1.314182787441e-21 ||r(i)||/||b|| 4.301275184088e-05
 90 KSP unpreconditioned resid norm 1.231808007712e-21 true resid norm 1.231808007731e-21 ||r(i)||/||b|| 4.031665355725e-05
 91 KSP unpreconditioned resid norm 1.205225201444e-21 true resid norm 1.205233470113e-21 ||r(i)||/||b|| 3.944687805663e-05
 92 KSP unpreconditioned resid norm 1.108937509098e-21 true resid norm 1.083967234099e-21 ||r(i)||/||b|| 3.547787574872e-05
 93 KSP unpreconditioned resid norm 1.082182266071e-21 true resid norm 1.050497543728e-21 ||r(i)||/||b|| 3.438242426368e-05
 94 KSP unpreconditioned resid norm 1.061843431319e-21 true resid norm 1.007878984374e-21 ||r(i)||/||b|| 3.298753343507e-05
 95 KSP unpreconditioned resid norm 1.059992185145e-21 true resid norm 1.000089857517e-21 ||r(i)||/||b|| 3.273259798488e-05
 96 KSP unpreconditioned resid norm 1.059965156783e-21 true resid norm 9.996569933556e-22 ||r(i)||/||b|| 3.271843048936e-05
 97 KSP unpreconditioned resid norm 1.059723386875e-21 true resid norm 1.000088023331e-21 ||r(i)||/||b|| 3.273253795261e-05
 98 KSP unpreconditioned resid norm 1.059204107935e-21 true resid norm 9.979116370434e-22 ||r(i)||/||b|| 3.266130557596e-05
 99 KSP unpreconditioned resid norm 1.059056380441e-21 true resid norm 9.976631689843e-22 ||r(i)||/||b|| 3.265317330161e-05
100 KSP unpreconditioned resid norm 9.976723167692e-22 true resid norm 9.976723167692e-22 ||r(i)||/||b|| 3.265347270547e-05
101 KSP unpreconditioned resid norm 9.717589110727e-22 true resid norm 9.717589110726e-22 ||r(i)||/||b|| 3.180533582586e-05
102 KSP unpreconditioned resid norm 9.460982788947e-22 true resid norm 9.460982788947e-22 ||r(i)||/||b|| 3.096547213681e-05
103 KSP unpreconditioned resid norm 9.231060536923e-22 true resid norm 9.231060536923e-22 ||r(i)||/||b|| 3.021294449275e-05
104 KSP unpreconditioned resid norm 8.993496145577e-22 true resid norm 8.993496145577e-22 ||r(i)||/||b|| 2.943540438883e-05
105 KSP unpreconditioned resid norm 8.700617882687e-22 true resid norm 8.700617882687e-22 ||r(i)||/||b|| 2.847682388072e-05
106 KSP unpreconditioned resid norm 8.356225795805e-22 true resid norm 8.356225795805e-22 ||r(i)||/||b|| 2.734964039372e-05
107 KSP unpreconditioned resid norm 7.932916687923e-22 true resid norm 7.932916687923e-22 ||r(i)||/||b|| 2.596416420401e-05
108 KSP unpreconditioned resid norm 7.535317804445e-22 true resid norm 7.535317804445e-22 ||r(i)||/||b|| 2.466283669686e-05
109 KSP unpreconditioned resid norm 7.151960598528e-22 true resid norm 7.151960598528e-22 ||r(i)||/||b|| 2.340812171184e-05
110 KSP unpreconditioned resid norm 6.703369370262e-22 true resid norm 6.703369370263e-22 ||r(i)||/||b|| 2.193989800934e-05
111 KSP unpreconditioned resid norm 6.273982335181e-22 true resid norm 6.273982335182e-22 ||r(i)||/||b|| 2.053452897239e-05
112 KSP unpreconditioned resid norm 5.878003418248e-22 true resid norm 5.878003418248e-22 ||r(i)||/||b|| 1.923850356017e-05
113 KSP unpreconditioned resid norm 5.423783433165e-22 true resid norm 5.423783433165e-22 ||r(i)||/||b|| 1.775185712968e-05
114 KSP unpreconditioned resid norm 5.058354854361e-22 true resid norm 5.058354854361e-22 ||r(i)||/||b|| 1.655582192622e-05
115 KSP unpreconditioned resid norm 4.699621556331e-22 true resid norm 4.699621556332e-22 ||r(i)||/||b|| 1.538170014707e-05
116 KSP unpreconditioned resid norm 4.358657537841e-22 true resid norm 4.358657537842e-22 ||r(i)||/||b|| 1.426573661032e-05
117 KSP unpreconditioned resid norm 4.094579171729e-22 true resid norm 4.094579171729e-22 ||r(i)||/||b|| 1.340141717648e-05
118 KSP unpreconditioned resid norm 3.848737434124e-22 true resid norm 3.848737434125e-22 ||r(i)||/||b|| 1.259678560218e-05
119 KSP unpreconditioned resid norm 3.651190695526e-22 true resid norm 3.651190695527e-22 ||r(i)||/||b|| 1.195022190301e-05
120 KSP unpreconditioned resid norm 3.493354859091e-22 true resid norm 3.493354859091e-22 ||r(i)||/||b|| 1.143363062446e-05
121 KSP unpreconditioned resid norm 3.381637960436e-22 true resid norm 3.381637960437e-22 ||r(i)||/||b|| 1.106798504728e-05
122 KSP unpreconditioned resid norm 3.291450109515e-22 true resid norm 3.291450109515e-22 ||r(i)||/||b|| 1.077280330485e-05
123 KSP unpreconditioned resid norm 3.214890562281e-22 true resid norm 3.214890562281e-22 ||r(i)||/||b|| 1.052222653290e-05
124 KSP unpreconditioned resid norm 3.156532476043e-22 true resid norm 3.156532476043e-22 ||r(i)||/||b|| 1.033122251845e-05
125 KSP unpreconditioned resid norm 3.110569433128e-22 true resid norm 3.110569433128e-22 ||r(i)||/||b|| 1.018078705562e-05
126 KSP unpreconditioned resid norm 3.074312394308e-22 true resid norm 3.074312394308e-22 ||r(i)||/||b|| 1.006211901125e-05
127 KSP unpreconditioned resid norm 3.050392874503e-22 true resid norm 3.050392874503e-22 ||r(i)||/||b|| 9.983831243420e-06
128 KSP unpreconditioned resid norm 3.029651910912e-22 true resid norm 3.029651910912e-22 ||r(i)||/||b|| 9.915946781046e-06
129 KSP unpreconditioned resid norm 3.007296781150e-22 true resid norm 3.007296781150e-22 ||r(i)||/||b|| 9.842779208161e-06
130 KSP unpreconditioned resid norm 2.978650276312e-22 true resid norm 2.978650276312e-22 ||r(i)||/||b|| 9.749020180460e-06
131 KSP unpreconditioned resid norm 2.946682587805e-22 true resid norm 2.946682587805e-22 ||r(i)||/||b|| 9.644391032535e-06
132 KSP unpreconditioned resid norm 2.914713661854e-22 true resid norm 2.914713661854e-22 ||r(i)||/||b|| 9.539757834500e-06
133 KSP unpreconditioned resid norm 2.876153630817e-22 true resid norm 2.876153630816e-22 ||r(i)||/||b|| 9.413552175602e-06
134 KSP unpreconditioned resid norm 2.838796991359e-22 true resid norm 2.838796991358e-22 ||r(i)||/||b|| 9.291285176067e-06
135 KSP unpreconditioned resid norm 2.787348614837e-22 true resid norm 2.787348614836e-22 ||r(i)||/||b|| 9.122896404496e-06
136 KSP unpreconditioned resid norm 2.724350532134e-22 true resid norm 2.724350532134e-22 ||r(i)||/||b|| 8.916705840779e-06
137 KSP unpreconditioned resid norm 2.649355339385e-22 true resid norm 2.649355339385e-22 ||r(i)||/||b|| 8.671249147400e-06
138 KSP unpreconditioned resid norm 2.564601612569e-22 true resid norm 2.564601612569e-22 ||r(i)||/||b|| 8.393853106762e-06
139 KSP unpreconditioned resid norm 2.484660356055e-22 true resid norm 2.484660356055e-22 ||r(i)||/||b|| 8.132208116342e-06
140 KSP unpreconditioned resid norm 2.417144195558e-22 true resid norm 2.417144195556e-22 ||r(i)||/||b|| 7.911230038976e-06
141 KSP unpreconditioned resid norm 2.357747526439e-22 true resid norm 2.357747526439e-22 ||r(i)||/||b|| 7.716826778384e-06
142 KSP unpreconditioned resid norm 2.295711391949e-22 true resid norm 2.295711391949e-22 ||r(i)||/||b|| 7.513784638167e-06
143 KSP unpreconditioned resid norm 2.248983186973e-22 true resid norm 2.248983186973e-22 ||r(i)||/||b|| 7.360844826156e-06
144 KSP unpreconditioned resid norm 2.201518296433e-22 true resid norm 2.201518296433e-22 ||r(i)||/||b|| 7.205493867563e-06
145 KSP unpreconditioned resid norm 2.162818083175e-22 true resid norm 2.162818083174e-22 ||r(i)||/||b|| 7.078829397065e-06
146 KSP unpreconditioned resid norm 2.119760120129e-22 true resid norm 2.119760120129e-22 ||r(i)||/||b|| 6.937902160995e-06
147 KSP unpreconditioned resid norm 2.072215463652e-22 true resid norm 2.072215463653e-22 ||r(i)||/||b|| 6.782290131229e-06
148 KSP unpreconditioned resid norm 2.023757490411e-22 true resid norm 2.023757490411e-22 ||r(i)||/||b|| 6.623688847019e-06
149 KSP unpreconditioned resid norm 1.971730194527e-22 true resid norm 1.971730194527e-22 ||r(i)||/||b|| 6.453405292235e-06
150 KSP unpreconditioned resid norm 1.921612098159e-22 true resid norm 1.921612098159e-22 ||r(i)||/||b|| 6.289370481979e-06
151 KSP unpreconditioned resid norm 1.865606063665e-22 true resid norm 1.865606063666e-22 ||r(i)||/||b|| 6.106064652204e-06
152 KSP unpreconditioned resid norm 1.811998207133e-22 true resid norm 1.811998207133e-22 ||r(i)||/||b|| 5.930607976636e-06
153 KSP unpreconditioned resid norm 1.753248682927e-22 true resid norm 1.753248682928e-22 ||r(i)||/||b|| 5.738322799142e-06
154 KSP unpreconditioned resid norm 1.691538049678e-22 true resid norm 1.691538049678e-22 ||r(i)||/||b|| 5.536346013317e-06
155 KSP unpreconditioned resid norm 1.611587343193e-22 true resid norm 1.611587343193e-22 ||r(i)||/||b|| 5.274670093470e-06
156 KSP unpreconditioned resid norm 1.509178064880e-22 true resid norm 1.509178064880e-22 ||r(i)||/||b|| 4.939488038402e-06
157 KSP unpreconditioned resid norm 1.401620544913e-22 true resid norm 1.401620544914e-22 ||r(i)||/||b|| 4.587455964998e-06
158 KSP unpreconditioned resid norm 1.287614433792e-22 true resid norm 1.287614433791e-22 ||r(i)||/||b|| 4.214317873942e-06
159 KSP unpreconditioned resid norm 1.193773531244e-22 true resid norm 1.193773531244e-22 ||r(i)||/||b|| 3.907179818844e-06
160 KSP unpreconditioned resid norm 1.123503959609e-22 true resid norm 1.123503959609e-22 ||r(i)||/||b|| 3.677189921274e-06
161 KSP unpreconditioned resid norm 1.071107592481e-22 true resid norm 1.071107592482e-22 ||r(i)||/||b|| 3.505698408972e-06
162 KSP unpreconditioned resid norm 1.029434207006e-22 true resid norm 1.029434207007e-22 ||r(i)||/||b|| 3.369302847795e-06
163 KSP unpreconditioned resid norm 9.925959746657e-23 true resid norm 9.925959746656e-23 ||r(i)||/||b|| 3.248732576972e-06
164 KSP unpreconditioned resid norm 9.519335595826e-23 true resid norm 9.519335595828e-23 ||r(i)||/||b|| 3.115645887211e-06
165 KSP unpreconditioned resid norm 8.930188438918e-23 true resid norm 8.930188438915e-23 ||r(i)||/||b|| 2.922820043651e-06
166 KSP unpreconditioned resid norm 8.245587438120e-23 true resid norm 8.245587438118e-23 ||r(i)||/||b|| 2.698752484414e-06
167 KSP unpreconditioned resid norm 7.540797526168e-23 true resid norm 7.540797526163e-23 ||r(i)||/||b|| 2.468077163807e-06
168 KSP unpreconditioned resid norm 6.917755374887e-23 true resid norm 6.917755374884e-23 ||r(i)||/||b|| 2.264157604858e-06
169 KSP unpreconditioned resid norm 6.353990127613e-23 true resid norm 6.353990127607e-23 ||r(i)||/||b|| 2.079639173256e-06
170 KSP unpreconditioned resid norm 5.848480401163e-23 true resid norm 5.848480401153e-23 ||r(i)||/||b|| 1.914187573792e-06
171 KSP unpreconditioned resid norm 5.386500299492e-23 true resid norm 5.386500299485e-23 ||r(i)||/||b|| 1.762983071203e-06
172 KSP unpreconditioned resid norm 4.993608713037e-23 true resid norm 4.993608713032e-23 ||r(i)||/||b|| 1.634391002657e-06
173 KSP unpreconditioned resid norm 4.584529037943e-23 true resid norm 4.584529037941e-23 ||r(i)||/||b|| 1.500500628229e-06
174 KSP unpreconditioned resid norm 4.186953047414e-23 true resid norm 4.186953047411e-23 ||r(i)||/||b|| 1.370375370297e-06
175 KSP unpreconditioned resid norm 3.849310354558e-23 true resid norm 3.849310354560e-23 ||r(i)||/||b|| 1.259866075111e-06
176 KSP unpreconditioned resid norm 3.536282915242e-23 true resid norm 3.536282915240e-23 ||r(i)||/||b|| 1.157413267971e-06
177 KSP unpreconditioned resid norm 3.265871866973e-23 true resid norm 3.265871866972e-23 ||r(i)||/||b|| 1.068908659439e-06
178 KSP unpreconditioned resid norm 3.061053886079e-23 true resid norm 3.061053886082e-23 ||r(i)||/||b|| 1.001872436862e-06
179 KSP unpreconditioned resid norm 2.903944980313e-23 true resid norm 2.903944980311e-23 ||r(i)||/||b|| 9.504512309198e-07
180 KSP unpreconditioned resid norm 2.748738902477e-23 true resid norm 2.748738902478e-23 ||r(i)||/||b|| 8.996528140340e-07
181 KSP unpreconditioned resid norm 2.588757455039e-23 true resid norm 2.588757455036e-23 ||r(i)||/||b|| 8.472914350562e-07
182 KSP unpreconditioned resid norm 2.429320852021e-23 true resid norm 2.429320852017e-23 ||r(i)||/||b|| 7.951083817887e-07
183 KSP unpreconditioned resid norm 2.297505776598e-23 true resid norm 2.297505776596e-23 ||r(i)||/||b|| 7.519657597565e-07
184 KSP unpreconditioned resid norm 2.185816055254e-23 true resid norm 2.185816055249e-23 ||r(i)||/||b|| 7.154100970787e-07
185 KSP unpreconditioned resid norm 2.086575291075e-23 true resid norm 2.086575291062e-23 ||r(i)||/||b|| 6.829289353768e-07
186 KSP unpreconditioned resid norm 1.985615532715e-23 true resid norm 1.985615532702e-23 ||r(i)||/||b|| 6.498851527784e-07
187 KSP unpreconditioned resid norm 1.884898399357e-23 true resid norm 1.884898399340e-23 ||r(i)||/||b|| 6.169207805098e-07
188 KSP unpreconditioned resid norm 1.808086540049e-23 true resid norm 1.808086540037e-23 ||r(i)||/||b|| 5.917805224407e-07
189 KSP unpreconditioned resid norm 1.751024165126e-23 true resid norm 1.751024165108e-23 ||r(i)||/||b|| 5.731042028622e-07
190 KSP unpreconditioned resid norm 1.713638857370e-23 true resid norm 1.713638857365e-23 ||r(i)||/||b|| 5.608681198774e-07
191 KSP unpreconditioned resid norm 1.700403360167e-23 true resid norm 1.703286081087e-23 ||r(i)||/||b|| 5.574796917139e-07
192 KSP unpreconditioned resid norm 1.700287291627e-23 true resid norm 1.701988410423e-23 ||r(i)||/||b|| 5.570549685567e-07
193 KSP unpreconditioned resid norm 1.700279714222e-23 true resid norm 1.701556784921e-23 ||r(i)||/||b|| 5.569136990105e-07
194 KSP unpreconditioned resid norm 1.700135751561e-23 true resid norm 1.700678611230e-23 ||r(i)||/||b|| 5.566262757739e-07
195 KSP unpreconditioned resid norm 1.699979949087e-23 true resid norm 1.702930024930e-23 ||r(i)||/||b|| 5.573631557551e-07
196 KSP unpreconditioned resid norm 1.699615651611e-23 true resid norm 1.703649243377e-23 ||r(i)||/||b|| 5.575985534854e-07
197 KSP unpreconditioned resid norm 1.699201912921e-23 true resid norm 1.707600978488e-23 ||r(i)||/||b|| 5.588919428320e-07
198 KSP unpreconditioned resid norm 1.699179369428e-23 true resid norm 1.707454938368e-23 ||r(i)||/||b|| 5.588441444017e-07
199 KSP unpreconditioned resid norm 1.698804323736e-23 true resid norm 1.711861542996e-23 ||r(i)||/||b|| 5.602864109811e-07
200 KSP unpreconditioned resid norm 1.713191032892e-23 true resid norm 1.713191032892e-23 ||r(i)||/||b|| 5.607215484635e-07
201 KSP unpreconditioned resid norm 1.695760038899e-23 true resid norm 1.695760038899e-23 ||r(i)||/||b|| 5.550164439215e-07
202 KSP unpreconditioned resid norm 1.680688446927e-23 true resid norm 1.680688446920e-23 ||r(i)||/||b|| 5.500835635656e-07
203 KSP unpreconditioned resid norm 1.669259752639e-23 true resid norm 1.669259752635e-23 ||r(i)||/||b|| 5.463429911288e-07
204 KSP unpreconditioned resid norm 1.655974751923e-23 true resid norm 1.655974751921e-23 ||r(i)||/||b|| 5.419948559655e-07
205 KSP unpreconditioned resid norm 1.642165456512e-23 true resid norm 1.642165456515e-23 ||r(i)||/||b|| 5.374751209479e-07
206 KSP unpreconditioned resid norm 1.624014246678e-23 true resid norm 1.624014246677e-23 ||r(i)||/||b|| 5.315342922303e-07
207 KSP unpreconditioned resid norm 1.608628862948e-23 true resid norm 1.608628862945e-23 ||r(i)||/||b|| 5.264987089100e-07
208 KSP unpreconditioned resid norm 1.585513342728e-23 true resid norm 1.585513342726e-23 ||r(i)||/||b|| 5.189330784332e-07
209 KSP unpreconditioned resid norm 1.556707516052e-23 true resid norm 1.556707516052e-23 ||r(i)||/||b|| 5.095050301728e-07
210 KSP unpreconditioned resid norm 1.521995251566e-23 true resid norm 1.521995251559e-23 ||r(i)||/||b|| 4.981438250746e-07
211 KSP unpreconditioned resid norm 1.487481861725e-23 true resid norm 1.487481861722e-23 ||r(i)||/||b|| 4.868477109690e-07
212 KSP unpreconditioned resid norm 1.438050264575e-23 true resid norm 1.438050264574e-23 ||r(i)||/||b|| 4.706689187831e-07
213 KSP unpreconditioned resid norm 1.394421976530e-23 true resid norm 1.394421976529e-23 ||r(i)||/||b|| 4.563895297601e-07
214 KSP unpreconditioned resid norm 1.351966285368e-23 true resid norm 1.351966285366e-23 ||r(i)||/||b|| 4.424939276742e-07
215 KSP unpreconditioned resid norm 1.310451154001e-23 true resid norm 1.310451153995e-23 ||r(i)||/||b|| 4.289061675824e-07
216 KSP unpreconditioned resid norm 1.269825358993e-23 true resid norm 1.269825358994e-23 ||r(i)||/||b|| 4.156094842333e-07
217 KSP unpreconditioned resid norm 1.226222402397e-23 true resid norm 1.226222402396e-23 ||r(i)||/||b|| 4.013383861060e-07
218 KSP unpreconditioned resid norm 1.180092579430e-23 true resid norm 1.180092579429e-23 ||r(i)||/||b|| 3.862402532837e-07
219 KSP unpreconditioned resid norm 1.134981833948e-23 true resid norm 1.134981833949e-23 ||r(i)||/||b|| 3.714756610273e-07
220 KSP unpreconditioned resid norm 1.078397269072e-23 true resid norm 1.078397269071e-23 ||r(i)||/||b|| 3.529557270399e-07
221 KSP unpreconditioned resid norm 1.020708416038e-23 true resid norm 1.020708416039e-23 ||r(i)||/||b|| 3.340743633270e-07
222 KSP unpreconditioned resid norm 9.543429354799e-24 true resid norm 9.543429354797e-24 ||r(i)||/||b|| 3.123531691875e-07
223 KSP unpreconditioned resid norm 8.845593011982e-24 true resid norm 8.845593011961e-24 ||r(i)||/||b|| 2.895132250589e-07
224 KSP unpreconditioned resid norm 8.163372799854e-24 true resid norm 8.163372799807e-24 ||r(i)||/||b|| 2.671843915308e-07
225 KSP unpreconditioned resid norm 7.509100300315e-24 true resid norm 7.509100300282e-24 ||r(i)||/||b|| 2.457702770505e-07
226 KSP unpreconditioned resid norm 6.965561937194e-24 true resid norm 6.965561937165e-24 ||r(i)||/||b|| 2.279804528706e-07
227 KSP unpreconditioned resid norm 6.585778079447e-24 true resid norm 6.585778079472e-24 ||r(i)||/||b|| 2.155502574821e-07
228 KSP unpreconditioned resid norm 6.219013345589e-24 true resid norm 6.219013345608e-24 ||r(i)||/||b|| 2.035461735506e-07
229 KSP unpreconditioned resid norm 5.922786224001e-24 true resid norm 5.922786224004e-24 ||r(i)||/||b|| 1.938507614726e-07
230 KSP unpreconditioned resid norm 5.601560379407e-24 true resid norm 5.601560379381e-24 ||r(i)||/||b|| 1.833371497653e-07
231 KSP unpreconditioned resid norm 5.286629971913e-24 true resid norm 5.286629971929e-24 ||r(i)||/||b|| 1.730295855571e-07
232 KSP unpreconditioned resid norm 4.999096652506e-24 true resid norm 4.999096652472e-24 ||r(i)||/||b|| 1.636187186411e-07
233 KSP unpreconditioned resid norm 4.779965690554e-24 true resid norm 4.779965690544e-24 ||r(i)||/||b|| 1.564466374237e-07
234 KSP unpreconditioned resid norm 4.605197196148e-24 true resid norm 4.605197196125e-24 ||r(i)||/||b|| 1.507265245506e-07
235 KSP unpreconditioned resid norm 4.477856633341e-24 true resid norm 4.477856633361e-24 ||r(i)||/||b|| 1.465587116118e-07
236 KSP unpreconditioned resid norm 4.357743679186e-24 true resid norm 4.357743679219e-24 ||r(i)||/||b|| 1.426274558240e-07
237 KSP unpreconditioned resid norm 4.228727290265e-24 true resid norm 4.228727290306e-24 ||r(i)||/||b|| 1.384047936702e-07
238 KSP unpreconditioned resid norm 4.074289359969e-24 true resid norm 4.074289359946e-24 ||r(i)||/||b|| 1.333500931849e-07
239 KSP unpreconditioned resid norm 3.918109791520e-24 true resid norm 3.918109791552e-24 ||r(i)||/||b|| 1.282383894842e-07
240 KSP unpreconditioned resid norm 3.762821408539e-24 true resid norm 3.762821408578e-24 ||r(i)||/||b|| 1.231558539766e-07
241 KSP unpreconditioned resid norm 3.596284790046e-24 true resid norm 3.596284790073e-24 ||r(i)||/||b|| 1.177051675785e-07
242 KSP unpreconditioned resid norm 3.422023256440e-24 true resid norm 3.422023256468e-24 ||r(i)||/||b|| 1.120016473590e-07
243 KSP unpreconditioned resid norm 3.241209068982e-24 true resid norm 3.241209068953e-24 ||r(i)||/||b|| 1.060836610246e-07
244 KSP unpreconditioned resid norm 3.076777832593e-24 true resid norm 3.076777832600e-24 ||r(i)||/||b|| 1.007018830621e-07
245 KSP unpreconditioned resid norm 2.897363668834e-24 true resid norm 2.897363668861e-24 ||r(i)||/||b|| 9.482971902574e-08
246 KSP unpreconditioned resid norm 2.703372974628e-24 true resid norm 2.703372974666e-24 ||r(i)||/||b|| 8.848047014757e-08
247 KSP unpreconditioned resid norm 2.512156422769e-24 true resid norm 2.512156422850e-24 ||r(i)||/||b|| 8.222201799791e-08
248 KSP unpreconditioned resid norm 2.350293416714e-24 true resid norm 2.350293416701e-24 ||r(i)||/||b|| 7.692429732905e-08
249 KSP unpreconditioned resid norm 2.196942485923e-24 true resid norm 2.196942485967e-24 ||r(i)||/||b|| 7.190517396866e-08
250 KSP unpreconditioned resid norm 2.054979195691e-24 true resid norm 2.054979195670e-24 ||r(i)||/||b|| 6.725876417363e-08
251 KSP unpreconditioned resid norm 1.939612431278e-24 true resid norm 1.939612431339e-24 ||r(i)||/||b|| 6.348284955027e-08
252 KSP unpreconditioned resid norm 1.840801254428e-24 true resid norm 1.840801254485e-24 ||r(i)||/||b|| 6.024879362611e-08
253 KSP unpreconditioned resid norm 1.742270651290e-24 true resid norm 1.742270651308e-24 ||r(i)||/||b|| 5.702392078220e-08
254 KSP unpreconditioned resid norm 1.643615219151e-24 true resid norm 1.643615219204e-24 ||r(i)||/||b|| 5.379496233030e-08
255 KSP unpreconditioned resid norm 1.564046743825e-24 true resid norm 1.564046743780e-24 ||r(i)||/||b|| 5.119071342332e-08
256 KSP unpreconditioned resid norm 1.483073394826e-24 true resid norm 1.483073394834e-24 ||r(i)||/||b|| 4.854048348787e-08
257 KSP unpreconditioned resid norm 1.419305144909e-24 true resid norm 1.419305144886e-24 ||r(i)||/||b|| 4.645337054090e-08
258 KSP unpreconditioned resid norm 1.360527194321e-24 true resid norm 1.360527194360e-24 ||r(i)||/||b|| 4.452958838225e-08
259 KSP unpreconditioned resid norm 1.315519590530e-24 true resid norm 1.315519590562e-24 ||r(i)||/||b|| 4.305650494848e-08
260 KSP unpreconditioned resid norm 1.282985789713e-24 true resid norm 1.282985789704e-24 ||r(i)||/||b|| 4.199168480617e-08
261 KSP unpreconditioned resid norm 1.256554108498e-24 true resid norm 1.256554108491e-24 ||r(i)||/||b|| 4.112658494670e-08
262 KSP unpreconditioned resid norm 1.238164015698e-24 true resid norm 1.238164015645e-24 ||r(i)||/||b|| 4.052468351601e-08
263 KSP unpreconditioned resid norm 1.222194776821e-24 true resid norm 1.222194776797e-24 ||r(i)||/||b|| 4.000201580631e-08
264 KSP unpreconditioned resid norm 1.209577746294e-24 true resid norm 1.209577746269e-24 ||r(i)||/||b|| 3.958906472504e-08
265 KSP unpreconditioned resid norm 1.197374579739e-24 true resid norm 1.197374579716e-24 ||r(i)||/||b|| 3.918965926970e-08
266 KSP unpreconditioned resid norm 1.186000488274e-24 true resid norm 1.186000488357e-24 ||r(i)||/||b|| 3.881738916105e-08
267 KSP unpreconditioned resid norm 1.175735208439e-24 true resid norm 1.175735208462e-24 ||r(i)||/||b|| 3.848141007130e-08
268 KSP unpreconditioned resid norm 1.167006180193e-24 true resid norm 1.167006180166e-24 ||r(i)||/||b|| 3.819571196939e-08
269 KSP unpreconditioned resid norm 1.158159080963e-24 true resid norm 1.158159080978e-24 ||r(i)||/||b|| 3.790614944771e-08
270 KSP unpreconditioned resid norm 1.149538223765e-24 true resid norm 1.149538223848e-24 ||r(i)||/||b|| 3.762399175098e-08
271 KSP unpreconditioned resid norm 1.139728262925e-24 true resid norm 1.139728262938e-24 ||r(i)||/||b|| 3.730291509542e-08
272 KSP unpreconditioned resid norm 1.128374173104e-24 true resid norm 1.128374173145e-24 ||r(i)||/||b|| 3.693129963120e-08
273 KSP unpreconditioned resid norm 1.112862695019e-24 true resid norm 1.112862695014e-24 ||r(i)||/||b|| 3.642361427274e-08
274 KSP unpreconditioned resid norm 1.098846853564e-24 true resid norm 1.098846853587e-24 ||r(i)||/||b|| 3.596488059054e-08
275 KSP unpreconditioned resid norm 1.085533480917e-24 true resid norm 1.085533480827e-24 ||r(i)||/||b|| 3.552913846689e-08
276 KSP unpreconditioned resid norm 1.068593145924e-24 true resid norm 1.068593145904e-24 ||r(i)||/||b|| 3.497468711574e-08
277 KSP unpreconditioned resid norm 1.043245144353e-24 true resid norm 1.043245144418e-24 ||r(i)||/||b|| 3.414505572200e-08
278 KSP unpreconditioned resid norm 1.003655102969e-24 true resid norm 1.003655102966e-24 ||r(i)||/||b|| 3.284928724548e-08
279 KSP unpreconditioned resid norm 9.449294689136e-25 true resid norm 9.449294688511e-25 ||r(i)||/||b|| 3.092721738501e-08
  Linear solve converged due to CONVERGED_ATOL iterations 279
Mat Object: 1 MPI process
  type: seqaijcusparse
  rows=281452, cols=281452, bs=4
  total: nonzeros=15993520, allocated nonzeros=15993520
  total number of mallocs used during MatSetValues calls=0
    not using I-node routines
Vec Object: 1 MPI process
  type: seqcuda
  length=281452, bs=4
Vec Object: 1 MPI process
  type: seqcuda
  length=281452, bs=4
KSP Object: 1 MPI process
  type: gmres
    restart=100, using classical (unmodified) Gram-Schmidt orthogonalization with no iterative refinement
    happy breakdown tolerance=1e-30
  maximum iterations=2000, initial guess is zero
  tolerances: relative=1e-10, absolute=1e-24, divergence=10000.
  right preconditioning
  diagonally scaled system
  using UNPRECONDITIONED norm type for convergence test
PC Object: 1 MPI process
  type: asm
    total subdomain blocks = 1, amount of overlap = 2
    restriction/interpolation type - RESTRICT
    Local solver information for first block is in the following KSP and PC objects on rank 0:
    Use -ksp_view ::ascii_info_detail to display information for all blocks
    KSP Object: (sub_) 1 MPI process
      type: preonly
      maximum iterations=10000, initial guess is zero
      tolerances: relative=1e-05, absolute=1e-50, divergence=10000.
      left preconditioning
      not checking for convergence
    PC Object: (sub_) 1 MPI process
      type: ilu
        out-of-place factorization
        2 levels of fill
        tolerance for zero pivot 2.22045e-14
        matrix ordering: natural
        factor fill ratio given 1., needed 4.996
          Factored matrix:
            Mat Object: (sub_) 1 MPI process
              type: seqaijcusparse
              rows=281452, cols=281452, bs=4
              package used to perform factorization: cusparse
              total: nonzeros=79903664, allocated nonzeros=79903664
                using I-node routines: found 70363 nodes, limit used is 5
      linear system matrix, which is also used to construct the preconditioner:
      Mat Object: (sub_) 1 MPI process
        type: seqaijcusparse
        rows=281452, cols=281452, bs=4
        total: nonzeros=15993520, allocated nonzeros=15993520
        total number of mallocs used during MatSetValues calls=0
          not using I-node routines
  linear system matrix, which is also used to construct the preconditioner:
  Mat Object: 1 MPI process
    type: seqaijcusparse
    rows=281452, cols=281452, bs=4
    total: nonzeros=15993520, allocated nonzeros=15993520
    total number of mallocs used during MatSetValues calls=0
      not using I-node routines
 NS     67-2    2.423e+03 [  -4  6.307e-01  3.031e-14  3.093e-08] [  279 -173   63]
Vec Object: 1 MPI process
  type: seqcuda
  length=281452, bs=4
Mat Object: 1 MPI process
  type: seqaijcusparse
  rows=281452, cols=281452, bs=4
  total: nonzeros=15993520, allocated nonzeros=15993520
  total number of mallocs used during MatSetValues calls=0
    not using I-node routines
Mat Object: 1 MPI process
  type: seqaijcusparse
  rows=281452, cols=281452, bs=4
  total: nonzeros=15993520, allocated nonzeros=15993520
  total number of mallocs used during MatSetValues calls=0
    not using I-node routines
SV13P_REUSE step=68 equation=0 reuse=0 rebuild_requests=8 solve_requests=15 ksp=0x55729b63aa50 pc=0x55729d0f73e0
  0 KSP unpreconditioned resid norm 4.705753411925e-17 true resid norm 4.705753411925e-17 ||r(i)||/||b|| 1.000000000000e+00
  1 KSP unpreconditioned resid norm 2.471404975479e-18 true resid norm 2.471404975479e-18 ||r(i)||/||b|| 5.251879474212e-02
  2 KSP unpreconditioned resid norm 8.598868885990e-19 true resid norm 8.598868885990e-19 ||r(i)||/||b|| 1.827309706497e-02
  3 KSP unpreconditioned resid norm 4.488494781018e-19 true resid norm 4.488494781018e-19 ||r(i)||/||b|| 9.538312759108e-03
  4 KSP unpreconditioned resid norm 2.858905789837e-19 true resid norm 2.858905789837e-19 ||r(i)||/||b|| 6.075341267547e-03
  5 KSP unpreconditioned resid norm 2.022436442417e-19 true resid norm 2.022436442417e-19 ||r(i)||/||b|| 4.297795199578e-03
  6 KSP unpreconditioned resid norm 1.509360389960e-19 true resid norm 1.509360389960e-19 ||r(i)||/||b|| 3.207478713473e-03
  7 KSP unpreconditioned resid norm 1.195876952719e-19 true resid norm 1.195876952719e-19 ||r(i)||/||b|| 2.541308156285e-03
  8 KSP unpreconditioned resid norm 9.967617162381e-20 true resid norm 9.967617162381e-20 ||r(i)||/||b|| 2.118176684975e-03
  9 KSP unpreconditioned resid norm 8.818057632096e-20 true resid norm 8.818057632096e-20 ||r(i)||/||b|| 1.873888591304e-03
 10 KSP unpreconditioned resid norm 7.748418521615e-20 true resid norm 7.748418521615e-20 ||r(i)||/||b|| 1.646584052190e-03
 11 KSP unpreconditioned resid norm 6.807118069619e-20 true resid norm 6.807118069619e-20 ||r(i)||/||b|| 1.446552225276e-03
 12 KSP unpreconditioned resid norm 5.980206768308e-20 true resid norm 5.980206768308e-20 ||r(i)||/||b|| 1.270828758930e-03
 13 KSP unpreconditioned resid norm 5.381107439341e-20 true resid norm 5.381107439341e-20 ||r(i)||/||b|| 1.143516663178e-03
 14 KSP unpreconditioned resid norm 4.959340411783e-20 true resid norm 4.959340411783e-20 ||r(i)||/||b|| 1.053888714019e-03
 15 KSP unpreconditioned resid norm 4.624298443907e-20 true resid norm 4.624298443907e-20 ||r(i)||/||b|| 9.826903450123e-04
 16 KSP unpreconditioned resid norm 4.264103024737e-20 true resid norm 4.264103024737e-20 ||r(i)||/||b|| 9.061467211459e-04
 17 KSP unpreconditioned resid norm 3.918725469558e-20 true resid norm 3.918725469558e-20 ||r(i)||/||b|| 8.327519796569e-04
 18 KSP unpreconditioned resid norm 3.614071024327e-20 true resid norm 3.614071024327e-20 ||r(i)||/||b|| 7.680111361485e-04
 19 KSP unpreconditioned resid norm 3.348663323980e-20 true resid norm 3.348663323980e-20 ||r(i)||/||b|| 7.116104544479e-04
 20 KSP unpreconditioned resid norm 3.137612549743e-20 true resid norm 3.137612549743e-20 ||r(i)||/||b|| 6.667609360474e-04
 21 KSP unpreconditioned resid norm 3.000657377806e-20 true resid norm 3.000657377806e-20 ||r(i)||/||b|| 6.376571645685e-04
 22 KSP unpreconditioned resid norm 2.886657086003e-20 true resid norm 2.886657086003e-20 ||r(i)||/||b|| 6.134314387763e-04
 23 KSP unpreconditioned resid norm 2.756163240520e-20 true resid norm 2.756163240520e-20 ||r(i)||/||b|| 5.857007367907e-04
 24 KSP unpreconditioned resid norm 2.601752141588e-20 true resid norm 2.601752141588e-20 ||r(i)||/||b|| 5.528874791857e-04
 25 KSP unpreconditioned resid norm 2.442438865079e-20 true resid norm 2.442438865079e-20 ||r(i)||/||b|| 5.190324803017e-04
 26 KSP unpreconditioned resid norm 2.232187113045e-20 true resid norm 2.232187113045e-20 ||r(i)||/||b|| 4.743527587715e-04
 27 KSP unpreconditioned resid norm 2.011914257483e-20 true resid norm 2.011914257483e-20 ||r(i)||/||b|| 4.275434943923e-04
 28 KSP unpreconditioned resid norm 1.819702211413e-20 true resid norm 1.819702211413e-20 ||r(i)||/||b|| 3.866973154186e-04
 29 KSP unpreconditioned resid norm 1.653263101709e-20 true resid norm 1.653263101709e-20 ||r(i)||/||b|| 3.513280354894e-04
 30 KSP unpreconditioned resid norm 1.533292637963e-20 true resid norm 1.533292637963e-20 ||r(i)||/||b|| 3.258336133970e-04
 31 KSP unpreconditioned resid norm 1.441606654991e-20 true resid norm 1.441606654991e-20 ||r(i)||/||b|| 3.063498081599e-04
 32 KSP unpreconditioned resid norm 1.377073512335e-20 true resid norm 1.377073512335e-20 ||r(i)||/||b|| 2.926361395914e-04
 33 KSP unpreconditioned resid norm 1.315368121758e-20 true resid norm 1.315368121758e-20 ||r(i)||/||b|| 2.795233848048e-04
 34 KSP unpreconditioned resid norm 1.239853940389e-20 true resid norm 1.239853940389e-20 ||r(i)||/||b|| 2.634761815711e-04
 35 KSP unpreconditioned resid norm 1.160520701615e-20 true resid norm 1.160520701616e-20 ||r(i)||/||b|| 2.466174064019e-04
 36 KSP unpreconditioned resid norm 1.090071234723e-20 true resid norm 1.090071234723e-20 ||r(i)||/||b|| 2.316464844844e-04
 37 KSP unpreconditioned resid norm 1.038090185726e-20 true resid norm 1.038090185726e-20 ||r(i)||/||b|| 2.206002089050e-04
 38 KSP unpreconditioned resid norm 1.001235231242e-20 true resid norm 1.001235231243e-20 ||r(i)||/||b|| 2.127683164837e-04
 39 KSP unpreconditioned resid norm 9.732384401144e-21 true resid norm 9.732384401146e-21 ||r(i)||/||b|| 2.068188353534e-04
 40 KSP unpreconditioned resid norm 9.452377772791e-21 true resid norm 9.452377772793e-21 ||r(i)||/||b|| 2.008685314628e-04
 41 KSP unpreconditioned resid norm 9.114905501091e-21 true resid norm 9.114905501094e-21 ||r(i)||/||b|| 1.936970491908e-04
 42 KSP unpreconditioned resid norm 8.688124145073e-21 true resid norm 8.688124145076e-21 ||r(i)||/||b|| 1.846276968755e-04
 43 KSP unpreconditioned resid norm 8.261931846390e-21 true resid norm 8.261931846393e-21 ||r(i)||/||b|| 1.755708623715e-04
 44 KSP unpreconditioned resid norm 7.807605717390e-21 true resid norm 7.807605717393e-21 ||r(i)||/||b|| 1.659161675919e-04
 45 KSP unpreconditioned resid norm 7.378105630620e-21 true resid norm 7.378105630623e-21 ||r(i)||/||b|| 1.567890406651e-04
 46 KSP unpreconditioned resid norm 6.946738663994e-21 true resid norm 6.946738663997e-21 ||r(i)||/||b|| 1.476222414543e-04
 47 KSP unpreconditioned resid norm 6.508137126703e-21 true resid norm 6.508137126705e-21 ||r(i)||/||b|| 1.383017034044e-04
 48 KSP unpreconditioned resid norm 6.116114436365e-21 true resid norm 6.116114436367e-21 ||r(i)||/||b|| 1.299709929736e-04
 49 KSP unpreconditioned resid norm 5.801088398219e-21 true resid norm 5.801088398220e-21 ||r(i)||/||b|| 1.232765062343e-04
 50 KSP unpreconditioned resid norm 5.562012295263e-21 true resid norm 5.562012295264e-21 ||r(i)||/||b|| 1.181959998407e-04
 51 KSP unpreconditioned resid norm 5.378660279839e-21 true resid norm 5.378660279840e-21 ||r(i)||/||b|| 1.142996627535e-04
 52 KSP unpreconditioned resid norm 5.223380678804e-21 true resid norm 5.223380678805e-21 ||r(i)||/||b|| 1.109998808176e-04
 53 KSP unpreconditioned resid norm 5.108294016194e-21 true resid norm 5.108294016195e-21 ||r(i)||/||b|| 1.085542222261e-04
 54 KSP unpreconditioned resid norm 4.992084315239e-21 true resid norm 4.992084315240e-21 ||r(i)||/||b|| 1.060846984160e-04
 55 KSP unpreconditioned resid norm 4.887559943796e-21 true resid norm 4.887559943798e-21 ||r(i)||/||b|| 1.038634946619e-04
 56 KSP unpreconditioned resid norm 4.791322478254e-21 true resid norm 4.791322478256e-21 ||r(i)||/||b|| 1.018183924834e-04
 57 KSP unpreconditioned resid norm 4.712795268379e-21 true resid norm 4.712795268381e-21 ||r(i)||/||b|| 1.001496435499e-04
 58 KSP unpreconditioned resid norm 4.641693214566e-21 true resid norm 4.641693214568e-21 ||r(i)||/||b|| 9.863868350613e-05
 59 KSP unpreconditioned resid norm 4.582720048762e-21 true resid norm 4.582720048764e-21 ||r(i)||/||b|| 9.738546939478e-05
 60 KSP unpreconditioned resid norm 4.522734479785e-21 true resid norm 4.522734479787e-21 ||r(i)||/||b|| 9.611074112651e-05
 61 KSP unpreconditioned resid norm 4.450722909603e-21 true resid norm 4.450722909606e-21 ||r(i)||/||b|| 9.458045333033e-05
 62 KSP unpreconditioned resid norm 4.357022566454e-21 true resid norm 4.357022566457e-21 ||r(i)||/||b|| 9.258926647997e-05
 63 KSP unpreconditioned resid norm 4.251898473298e-21 true resid norm 4.251898473302e-21 ||r(i)||/||b|| 9.035531829031e-05
 64 KSP unpreconditioned resid norm 4.145805279526e-21 true resid norm 4.145805279530e-21 ||r(i)||/||b|| 8.810077614827e-05
 65 KSP unpreconditioned resid norm 4.049865813961e-21 true resid norm 4.049865813965e-21 ||r(i)||/||b|| 8.606200664280e-05
 66 KSP unpreconditioned resid norm 3.955515583064e-21 true resid norm 3.955515583069e-21 ||r(i)||/||b|| 8.405700929940e-05
 67 KSP unpreconditioned resid norm 3.858842392579e-21 true resid norm 3.858842392583e-21 ||r(i)||/||b|| 8.200264771215e-05
 68 KSP unpreconditioned resid norm 3.757516574572e-21 true resid norm 3.757516574577e-21 ||r(i)||/||b|| 7.984941508101e-05
 69 KSP unpreconditioned resid norm 3.640056544293e-21 true resid norm 3.640056544297e-21 ||r(i)||/||b|| 7.735332104468e-05
 70 KSP unpreconditioned resid norm 3.492679526712e-21 true resid norm 3.492679526717e-21 ||r(i)||/||b|| 7.422147360858e-05
 71 KSP unpreconditioned resid norm 3.356228539820e-21 true resid norm 3.356228539826e-21 ||r(i)||/||b|| 7.132181068649e-05
 72 KSP unpreconditioned resid norm 3.219881325607e-21 true resid norm 3.219881325615e-21 ||r(i)||/||b|| 6.842435299427e-05
 73 KSP unpreconditioned resid norm 3.104069986440e-21 true resid norm 3.104069986450e-21 ||r(i)||/||b|| 6.596329460409e-05
 74 KSP unpreconditioned resid norm 2.992049808657e-21 true resid norm 2.992049808670e-21 ||r(i)||/||b|| 6.358280060080e-05
 75 KSP unpreconditioned resid norm 2.864650423989e-21 true resid norm 2.864650424004e-21 ||r(i)||/||b|| 6.087548949643e-05
 76 KSP unpreconditioned resid norm 2.722149999343e-21 true resid norm 2.722149999359e-21 ||r(i)||/||b|| 5.784727249967e-05
 77 KSP unpreconditioned resid norm 2.595578400451e-21 true resid norm 2.595578400466e-21 ||r(i)||/||b|| 5.515755232495e-05
 78 KSP unpreconditioned resid norm 2.466040618180e-21 true resid norm 2.466040618192e-21 ||r(i)||/||b|| 5.240479902629e-05
 79 KSP unpreconditioned resid norm 2.325983131127e-21 true resid norm 2.325983131136e-21 ||r(i)||/||b|| 4.942849587574e-05
 80 KSP unpreconditioned resid norm 2.169550866675e-21 true resid norm 2.169550866679e-21 ||r(i)||/||b|| 4.610421917096e-05
 81 KSP unpreconditioned resid norm 2.022574800388e-21 true resid norm 2.022574800390e-21 ||r(i)||/||b|| 4.298089218327e-05
 82 KSP unpreconditioned resid norm 1.859064980381e-21 true resid norm 1.859064980382e-21 ||r(i)||/||b|| 3.950621330201e-05
 83 KSP unpreconditioned resid norm 1.726620935853e-21 true resid norm 1.726620935855e-21 ||r(i)||/||b|| 3.669170023825e-05
 84 KSP unpreconditioned resid norm 1.634281786198e-21 true resid norm 1.634281786200e-21 ||r(i)||/||b|| 3.472943954221e-05
 85 KSP unpreconditioned resid norm 1.569657221370e-21 true resid norm 1.569657221372e-21 ||r(i)||/||b|| 3.335612991098e-05
 86 KSP unpreconditioned resid norm 1.516503724008e-21 true resid norm 1.516503724010e-21 ||r(i)||/||b|| 3.222658714261e-05
 87 KSP unpreconditioned resid norm 1.470670615072e-21 true resid norm 1.470670615074e-21 ||r(i)||/||b|| 3.125260689069e-05
 88 KSP unpreconditioned resid norm 1.431302616793e-21 true resid norm 1.431302616794e-21 ||r(i)||/||b|| 3.041601400462e-05
 89 KSP unpreconditioned resid norm 1.384472327855e-21 true resid norm 1.384472327854e-21 ||r(i)||/||b|| 2.942084309699e-05
 90 KSP unpreconditioned resid norm 1.326224955648e-21 true resid norm 1.326224955641e-21 ||r(i)||/||b|| 2.818305252204e-05
 91 KSP unpreconditioned resid norm 1.264989438801e-21 true resid norm 1.264989438785e-21 ||r(i)||/||b|| 2.688176213355e-05
 92 KSP unpreconditioned resid norm 1.247513037876e-21 true resid norm 1.247508367691e-21 ||r(i)||/||b|| 2.651027919419e-05
 93 KSP unpreconditioned resid norm 1.184697637168e-21 true resid norm 1.155873548611e-21 ||r(i)||/||b|| 2.456298593296e-05
 94 KSP unpreconditioned resid norm 1.153159971253e-21 true resid norm 1.112188966423e-21 ||r(i)||/||b|| 2.363466312545e-05
 95 KSP unpreconditioned resid norm 1.123515419648e-21 true resid norm 1.049675618550e-21 ||r(i)||/||b|| 2.230621808381e-05
 96 KSP unpreconditioned resid norm 1.117594313507e-21 true resid norm 1.029469419589e-21 ||r(i)||/||b|| 2.187682459051e-05
 97 KSP unpreconditioned resid norm 1.117326214938e-21 true resid norm 1.027728165718e-21 ||r(i)||/||b|| 2.183982193188e-05
 98 KSP unpreconditioned resid norm 1.117237833569e-21 true resid norm 1.028088311307e-21 ||r(i)||/||b|| 2.184747523536e-05
 99 KSP unpreconditioned resid norm 1.116531563197e-21 true resid norm 1.025568339724e-21 ||r(i)||/||b|| 2.179392437193e-05
100 KSP unpreconditioned resid norm 1.025778456578e-21 true resid norm 1.025778456578e-21 ||r(i)||/||b|| 2.179838947740e-05
101 KSP unpreconditioned resid norm 9.960169890978e-22 true resid norm 9.960169890978e-22 ||r(i)||/||b|| 2.116594096439e-05
102 KSP unpreconditioned resid norm 9.679885507866e-22 true resid norm 9.679885507866e-22 ||r(i)||/||b|| 2.057032033029e-05
103 KSP unpreconditioned resid norm 9.413640166591e-22 true resid norm 9.413640166591e-22 ||r(i)||/||b|| 2.000453347754e-05
104 KSP unpreconditioned resid norm 9.078934880995e-22 true resid norm 9.078934880995e-22 ||r(i)||/||b|| 1.929326525693e-05
105 KSP unpreconditioned resid norm 8.747885481696e-22 true resid norm 8.747885481696e-22 ||r(i)||/||b|| 1.858976600756e-05
106 KSP unpreconditioned resid norm 8.463674663234e-22 true resid norm 8.463674663234e-22 ||r(i)||/||b|| 1.798580146972e-05
107 KSP unpreconditioned resid norm 8.249347342419e-22 true resid norm 8.249347342419e-22 ||r(i)||/||b|| 1.753034343345e-05
108 KSP unpreconditioned resid norm 8.020012394062e-22 true resid norm 8.020012394063e-22 ||r(i)||/||b|| 1.704299331482e-05
109 KSP unpreconditioned resid norm 7.708852097197e-22 true resid norm 7.708852097197e-22 ||r(i)||/||b|| 1.638175956620e-05
110 KSP unpreconditioned resid norm 7.329273822979e-22 true resid norm 7.329273822980e-22 ||r(i)||/||b|| 1.557513363196e-05
111 KSP unpreconditioned resid norm 6.834865601418e-22 true resid norm 6.834865601418e-22 ||r(i)||/||b|| 1.452448737347e-05
112 KSP unpreconditioned resid norm 6.338363722883e-22 true resid norm 6.338363722883e-22 ||r(i)||/||b|| 1.346939197201e-05
113 KSP unpreconditioned resid norm 5.914200071108e-22 true resid norm 5.914200071108e-22 ||r(i)||/||b|| 1.256801951441e-05
114 KSP unpreconditioned resid norm 5.541138626707e-22 true resid norm 5.541138626708e-22 ||r(i)||/||b|| 1.177524222299e-05
115 KSP unpreconditioned resid norm 5.188953522911e-22 true resid norm 5.188953522911e-22 ||r(i)||/||b|| 1.102682837091e-05
116 KSP unpreconditioned resid norm 4.907966635598e-22 true resid norm 4.907966635598e-22 ||r(i)||/||b|| 1.042971487448e-05
117 KSP unpreconditioned resid norm 4.747366434074e-22 true resid norm 4.747366434074e-22 ||r(i)||/||b|| 1.008843009505e-05
118 KSP unpreconditioned resid norm 4.610177837911e-22 true resid norm 4.610177837911e-22 ||r(i)||/||b|| 9.796896340188e-06
119 KSP unpreconditioned resid norm 4.501777442683e-22 true resid norm 4.501777442683e-22 ||r(i)||/||b|| 9.566539188548e-06
120 KSP unpreconditioned resid norm 4.360096930838e-22 true resid norm 4.360096930838e-22 ||r(i)||/||b|| 9.265459851315e-06
121 KSP unpreconditioned resid norm 4.229293980884e-22 true resid norm 4.229293980884e-22 ||r(i)||/||b|| 8.987495966462e-06
122 KSP unpreconditioned resid norm 4.099518990001e-22 true resid norm 4.099518990000e-22 ||r(i)||/||b|| 8.711716554487e-06
123 KSP unpreconditioned resid norm 3.980333535967e-22 true resid norm 3.980333535968e-22 ||r(i)||/||b|| 8.458440524914e-06
124 KSP unpreconditioned resid norm 3.880611677566e-22 true resid norm 3.880611677566e-22 ||r(i)||/||b|| 8.246525769353e-06
125 KSP unpreconditioned resid norm 3.788745887250e-22 true resid norm 3.788745887250e-22 ||r(i)||/||b|| 8.051305615906e-06
126 KSP unpreconditioned resid norm 3.691199883660e-22 true resid norm 3.691199883660e-22 ||r(i)||/||b|| 7.844014678513e-06
127 KSP unpreconditioned resid norm 3.600595812648e-22 true resid norm 3.600595812648e-22 ||r(i)||/||b|| 7.651475752052e-06
128 KSP unpreconditioned resid norm 3.521798869624e-22 true resid norm 3.521798869624e-22 ||r(i)||/||b|| 7.484027660054e-06
129 KSP unpreconditioned resid norm 3.455020899987e-22 true resid norm 3.455020899987e-22 ||r(i)||/||b|| 7.342120586326e-06
130 KSP unpreconditioned resid norm 3.383374224261e-22 true resid norm 3.383374224261e-22 ||r(i)||/||b|| 7.189867228672e-06
131 KSP unpreconditioned resid norm 3.315256920090e-22 true resid norm 3.315256920091e-22 ||r(i)||/||b|| 7.045113991076e-06
132 KSP unpreconditioned resid norm 3.250064745202e-22 true resid norm 3.250064745202e-22 ||r(i)||/||b|| 6.906576823523e-06
133 KSP unpreconditioned resid norm 3.199957035769e-22 true resid norm 3.199957035769e-22 ||r(i)||/||b|| 6.800095023381e-06
134 KSP unpreconditioned resid norm 3.149429392443e-22 true resid norm 3.149429392443e-22 ||r(i)||/||b|| 6.692720839264e-06
135 KSP unpreconditioned resid norm 3.109532641689e-22 true resid norm 3.109532641689e-22 ||r(i)||/||b|| 6.607937920864e-06
136 KSP unpreconditioned resid norm 3.059723480565e-22 true resid norm 3.059723480565e-22 ||r(i)||/||b|| 6.502090553259e-06
137 KSP unpreconditioned resid norm 3.006114472304e-22 true resid norm 3.006114472304e-22 ||r(i)||/||b|| 6.388168289240e-06
138 KSP unpreconditioned resid norm 2.953795053629e-22 true resid norm 2.953795053629e-22 ||r(i)||/||b|| 6.276986478178e-06
139 KSP unpreconditioned resid norm 2.910042812775e-22 true resid norm 2.910042812775e-22 ||r(i)||/||b|| 6.184010418822e-06
140 KSP unpreconditioned resid norm 2.868942489647e-22 true resid norm 2.868942489647e-22 ||r(i)||/||b|| 6.096669839046e-06
141 KSP unpreconditioned resid norm 2.820093132355e-22 true resid norm 2.820093132355e-22 ||r(i)||/||b|| 5.992862110473e-06
142 KSP unpreconditioned resid norm 2.764191216488e-22 true resid norm 2.764191216488e-22 ||r(i)||/||b|| 5.874067284280e-06
143 KSP unpreconditioned resid norm 2.683500264164e-22 true resid norm 2.683500264164e-22 ||r(i)||/||b|| 5.702594312238e-06
144 KSP unpreconditioned resid norm 2.593115737726e-22 true resid norm 2.593115737726e-22 ||r(i)||/||b|| 5.510521930781e-06
145 KSP unpreconditioned resid norm 2.471651877603e-22 true resid norm 2.471651877602e-22 ||r(i)||/||b|| 5.252404155600e-06
146 KSP unpreconditioned resid norm 2.342561460227e-22 true resid norm 2.342561460228e-22 ||r(i)||/||b|| 4.978079502192e-06
147 KSP unpreconditioned resid norm 2.209375004330e-22 true resid norm 2.209375004330e-22 ||r(i)||/||b|| 4.695050528426e-06
148 KSP unpreconditioned resid norm 2.086379741097e-22 true resid norm 2.086379741097e-22 ||r(i)||/||b|| 4.433678432469e-06
149 KSP unpreconditioned resid norm 1.987346184956e-22 true resid norm 1.987346184956e-22 ||r(i)||/||b|| 4.223226359291e-06
150 KSP unpreconditioned resid norm 1.900454104297e-22 true resid norm 1.900454104297e-22 ||r(i)||/||b|| 4.038575628465e-06
151 KSP unpreconditioned resid norm 1.829355233996e-22 true resid norm 1.829355233996e-22 ||r(i)||/||b|| 3.887486389236e-06
152 KSP unpreconditioned resid norm 1.760005735865e-22 true resid norm 1.760005735865e-22 ||r(i)||/||b|| 3.740114667727e-06
153 KSP unpreconditioned resid norm 1.694121404791e-22 true resid norm 1.694121404792e-22 ||r(i)||/||b|| 3.600106627982e-06
154 KSP unpreconditioned resid norm 1.623691882662e-22 true resid norm 1.623691882663e-22 ||r(i)||/||b|| 3.450439792591e-06
155 KSP unpreconditioned resid norm 1.564551782155e-22 true resid norm 1.564551782156e-22 ||r(i)||/||b|| 3.324763635492e-06
156 KSP unpreconditioned resid norm 1.511673151348e-22 true resid norm 1.511673151349e-22 ||r(i)||/||b|| 3.212393466088e-06
157 KSP unpreconditioned resid norm 1.465498701711e-22 true resid norm 1.465498701711e-22 ||r(i)||/||b|| 3.114270072031e-06
158 KSP unpreconditioned resid norm 1.417851539595e-22 true resid norm 1.417851539595e-22 ||r(i)||/||b|| 3.013017078206e-06
159 KSP unpreconditioned resid norm 1.377830801035e-22 true resid norm 1.377830801035e-22 ||r(i)||/||b|| 2.927970678497e-06
160 KSP unpreconditioned resid norm 1.331497417344e-22 true resid norm 1.331497417346e-22 ||r(i)||/||b|| 2.829509540325e-06
161 KSP unpreconditioned resid norm 1.279959155713e-22 true resid norm 1.279959155714e-22 ||r(i)||/||b|| 2.719987733463e-06
162 KSP unpreconditioned resid norm 1.221778590913e-22 true resid norm 1.221778590914e-22 ||r(i)||/||b|| 2.596350645611e-06
163 KSP unpreconditioned resid norm 1.169086127007e-22 true resid norm 1.169086127008e-22 ||r(i)||/||b|| 2.484376091712e-06
164 KSP unpreconditioned resid norm 1.109975258069e-22 true resid norm 1.109975258069e-22 ||r(i)||/||b|| 2.358762053396e-06
165 KSP unpreconditioned resid norm 1.060911164444e-22 true resid norm 1.060911164445e-22 ||r(i)||/||b|| 2.254497997614e-06
166 KSP unpreconditioned resid norm 1.017460256996e-22 true resid norm 1.017460256997e-22 ||r(i)||/||b|| 2.162162289292e-06
167 KSP unpreconditioned resid norm 9.757116719437e-23 true resid norm 9.757116719447e-23 ||r(i)||/||b|| 2.073444115181e-06
168 KSP unpreconditioned resid norm 9.398419084011e-23 true resid norm 9.398419084017e-23 ||r(i)||/||b|| 1.997218779080e-06
169 KSP unpreconditioned resid norm 9.026854125856e-23 true resid norm 9.026854125861e-23 ||r(i)||/||b|| 1.918259061978e-06
170 KSP unpreconditioned resid norm 8.680125836414e-23 true resid norm 8.680125836432e-23 ||r(i)||/||b|| 1.844577281596e-06
171 KSP unpreconditioned resid norm 8.351931952666e-23 true resid norm 8.351931952673e-23 ||r(i)||/||b|| 1.774834170339e-06
172 KSP unpreconditioned resid norm 8.006663607147e-23 true resid norm 8.006663607156e-23 ||r(i)||/||b|| 1.701462636539e-06
173 KSP unpreconditioned resid norm 7.710686909804e-23 true resid norm 7.710686909809e-23 ||r(i)||/||b|| 1.638565864983e-06
174 KSP unpreconditioned resid norm 7.462278495954e-23 true resid norm 7.462278495967e-23 ||r(i)||/||b|| 1.585777630646e-06
175 KSP unpreconditioned resid norm 7.315657487971e-23 true resid norm 7.315657487981e-23 ||r(i)||/||b|| 1.554619812726e-06
176 KSP unpreconditioned resid norm 7.189653138340e-23 true resid norm 7.189653138341e-23 ||r(i)||/||b|| 1.527843154748e-06
177 KSP unpreconditioned resid norm 7.052687121907e-23 true resid norm 7.052687121912e-23 ||r(i)||/||b|| 1.498737078751e-06
178 KSP unpreconditioned resid norm 6.885871471411e-23 true resid norm 6.885871471418e-23 ||r(i)||/||b|| 1.463287781712e-06
179 KSP unpreconditioned resid norm 6.692568786406e-23 true resid norm 6.692568786411e-23 ||r(i)||/||b|| 1.422209835613e-06
180 KSP unpreconditioned resid norm 6.438696866979e-23 true resid norm 6.438696866988e-23 ||r(i)||/||b|| 1.368260574528e-06
181 KSP unpreconditioned resid norm 6.174415329412e-23 true resid norm 6.174415329411e-23 ||r(i)||/||b|| 1.312099208973e-06
182 KSP unpreconditioned resid norm 5.954491595798e-23 true resid norm 5.954491595806e-23 ||r(i)||/||b|| 1.265364135043e-06
183 KSP unpreconditioned resid norm 5.795036040869e-23 true resid norm 5.795036040881e-23 ||r(i)||/||b|| 1.231478901167e-06
184 KSP unpreconditioned resid norm 5.671041502864e-23 true resid norm 5.671041502866e-23 ||r(i)||/||b|| 1.205129339862e-06
185 KSP unpreconditioned resid norm 5.568228260318e-23 true resid norm 5.568228260326e-23 ||r(i)||/||b|| 1.183280927176e-06
186 KSP unpreconditioned resid norm 5.449596226361e-23 true resid norm 5.449596226370e-23 ||r(i)||/||b|| 1.158070929208e-06
187 KSP unpreconditioned resid norm 5.316884510954e-23 true resid norm 5.316884510965e-23 ||r(i)||/||b|| 1.129868916950e-06
188 KSP unpreconditioned resid norm 5.201220350644e-23 true resid norm 5.201220350645e-23 ||r(i)||/||b|| 1.105289609410e-06
189 KSP unpreconditioned resid norm 5.114510583060e-23 true resid norm 5.114510583059e-23 ||r(i)||/||b|| 1.086863278917e-06
190 KSP unpreconditioned resid norm 5.045198875382e-23 true resid norm 5.045198875390e-23 ||r(i)||/||b|| 1.072134137459e-06
191 KSP unpreconditioned resid norm 4.992689572735e-23 true resid norm 4.992689572731e-23 ||r(i)||/||b|| 1.060975604901e-06
192 KSP unpreconditioned resid norm 4.986235362120e-23 true resid norm 4.976364728753e-23 ||r(i)||/||b|| 1.057506480501e-06
193 KSP unpreconditioned resid norm 4.981444922404e-23 true resid norm 4.968424989439e-23 ||r(i)||/||b|| 1.055819239667e-06
194 KSP unpreconditioned resid norm 4.975866217846e-23 true resid norm 4.969834740867e-23 ||r(i)||/||b|| 1.056118820054e-06
195 KSP unpreconditioned resid norm 4.975865570702e-23 true resid norm 4.969903896607e-23 ||r(i)||/||b|| 1.056133516051e-06
196 KSP unpreconditioned resid norm 4.970994424797e-23 true resid norm 4.975343179660e-23 ||r(i)||/||b|| 1.057289395371e-06
197 KSP unpreconditioned resid norm 4.970977773871e-23 true resid norm 4.975520035729e-23 ||r(i)||/||b|| 1.057326978316e-06
198 KSP unpreconditioned resid norm 4.967406574177e-23 true resid norm 4.990014035621e-23 ||r(i)||/||b|| 1.060407037686e-06
199 KSP unpreconditioned resid norm 4.967218759589e-23 true resid norm 4.989284375883e-23 ||r(i)||/||b|| 1.060251980743e-06
200 KSP unpreconditioned resid norm 5.010355452554e-23 true resid norm 5.010355452554e-23 ||r(i)||/||b|| 1.064729707225e-06
201 KSP unpreconditioned resid norm 4.975294662277e-23 true resid norm 4.975294662288e-23 ||r(i)||/||b|| 1.057279085147e-06
202 KSP unpreconditioned resid norm 4.935795709060e-23 true resid norm 4.935795709057e-23 ||r(i)||/||b|| 1.048885327597e-06
203 KSP unpreconditioned resid norm 4.901335141060e-23 true resid norm 4.901335141072e-23 ||r(i)||/||b|| 1.041562256248e-06
204 KSP unpreconditioned resid norm 4.858713826115e-23 true resid norm 4.858713826117e-23 ||r(i)||/||b|| 1.032504978651e-06
205 KSP unpreconditioned resid norm 4.819294396442e-23 true resid norm 4.819294396448e-23 ||r(i)||/||b|| 1.024128120321e-06
206 KSP unpreconditioned resid norm 4.778190539198e-23 true resid norm 4.778190539198e-23 ||r(i)||/||b|| 1.015393311322e-06
207 KSP unpreconditioned resid norm 4.733984295085e-23 true resid norm 4.733984295087e-23 ||r(i)||/||b|| 1.005999227051e-06
208 KSP unpreconditioned resid norm 4.682566616169e-23 true resid norm 4.682566616161e-23 ||r(i)||/||b|| 9.950726708915e-07
209 KSP unpreconditioned resid norm 4.612764704671e-23 true resid norm 4.612764704672e-23 ||r(i)||/||b|| 9.802393582678e-07
210 KSP unpreconditioned resid norm 4.543997809100e-23 true resid norm 4.543997809111e-23 ||r(i)||/||b|| 9.656259925554e-07
211 KSP unpreconditioned resid norm 4.450163877168e-23 true resid norm 4.450163877172e-23 ||r(i)||/||b|| 9.456857356560e-07
212 KSP unpreconditioned resid norm 4.370345887924e-23 true resid norm 4.370345887924e-23 ||r(i)||/||b|| 9.287239481884e-07
213 KSP unpreconditioned resid norm 4.277695037079e-23 true resid norm 4.277695037074e-23 ||r(i)||/||b|| 9.090351029092e-07
214 KSP unpreconditioned resid norm 4.189277424296e-23 true resid norm 4.189277424298e-23 ||r(i)||/||b|| 8.902458453691e-07
215 KSP unpreconditioned resid norm 4.102243072570e-23 true resid norm 4.102243072569e-23 ||r(i)||/||b|| 8.717505388561e-07
216 KSP unpreconditioned resid norm 4.022898901316e-23 true resid norm 4.022898901315e-23 ||r(i)||/||b|| 8.548894404710e-07
217 KSP unpreconditioned resid norm 3.932056694903e-23 true resid norm 3.932056694906e-23 ||r(i)||/||b|| 8.355849426666e-07
218 KSP unpreconditioned resid norm 3.825198233680e-23 true resid norm 3.825198233678e-23 ||r(i)||/||b|| 8.128768974558e-07
219 KSP unpreconditioned resid norm 3.675147511946e-23 true resid norm 3.675147511950e-23 ||r(i)||/||b|| 7.809902453955e-07
220 KSP unpreconditioned resid norm 3.456543429190e-23 true resid norm 3.456543429190e-23 ||r(i)||/||b|| 7.345356049535e-07
221 KSP unpreconditioned resid norm 3.248793867695e-23 true resid norm 3.248793867695e-23 ||r(i)||/||b|| 6.903876134822e-07
222 KSP unpreconditioned resid norm 3.045868125991e-23 true resid norm 3.045868125996e-23 ||r(i)||/||b|| 6.472647118053e-07
223 KSP unpreconditioned resid norm 2.905368195962e-23 true resid norm 2.905368195966e-23 ||r(i)||/||b|| 6.174076585917e-07
224 KSP unpreconditioned resid norm 2.798971442256e-23 true resid norm 2.798971442259e-23 ||r(i)||/||b|| 5.947977289176e-07
225 KSP unpreconditioned resid norm 2.716890711748e-23 true resid norm 2.716890711748e-23 ||r(i)||/||b|| 5.773550957565e-07
226 KSP unpreconditioned resid norm 2.642539376384e-23 true resid norm 2.642539376385e-23 ||r(i)||/||b|| 5.615550040699e-07
227 KSP unpreconditioned resid norm 2.574776470584e-23 true resid norm 2.574776470592e-23 ||r(i)||/||b|| 5.471549920289e-07
228 KSP unpreconditioned resid norm 2.501849708210e-23 true resid norm 2.501849708218e-23 ||r(i)||/||b|| 5.316576303972e-07
229 KSP unpreconditioned resid norm 2.422846780948e-23 true resid norm 2.422846780955e-23 ||r(i)||/||b|| 5.148690483474e-07
230 KSP unpreconditioned resid norm 2.342978082811e-23 true resid norm 2.342978082810e-23 ||r(i)||/||b|| 4.978964849439e-07
231 KSP unpreconditioned resid norm 2.268365178813e-23 true resid norm 2.268365178820e-23 ||r(i)||/||b|| 4.820408084009e-07
232 KSP unpreconditioned resid norm 2.209801223005e-23 true resid norm 2.209801223012e-23 ||r(i)||/||b|| 4.695956267943e-07
233 KSP unpreconditioned resid norm 2.164364942574e-23 true resid norm 2.164364942584e-23 ||r(i)||/||b|| 4.599401526435e-07
234 KSP unpreconditioned resid norm 2.123858410799e-23 true resid norm 2.123858410801e-23 ||r(i)||/||b|| 4.513322787842e-07
235 KSP unpreconditioned resid norm 2.078210948089e-23 true resid norm 2.078210948092e-23 ||r(i)||/||b|| 4.416319271693e-07
236 KSP unpreconditioned resid norm 2.014737841831e-23 true resid norm 2.014737841833e-23 ||r(i)||/||b|| 4.281435225074e-07
237 KSP unpreconditioned resid norm 1.935679348516e-23 true resid norm 1.935679348525e-23 ||r(i)||/||b|| 4.113431323494e-07
238 KSP unpreconditioned resid norm 1.851743487762e-23 true resid norm 1.851743487768e-23 ||r(i)||/||b|| 3.935062732091e-07
239 KSP unpreconditioned resid norm 1.761914012464e-23 true resid norm 1.761914012464e-23 ||r(i)||/||b|| 3.744169866612e-07
240 KSP unpreconditioned resid norm 1.672545310831e-23 true resid norm 1.672545310831e-23 ||r(i)||/||b|| 3.554256172014e-07
241 KSP unpreconditioned resid norm 1.585092436373e-23 true resid norm 1.585092436380e-23 ||r(i)||/||b|| 3.368413721728e-07
242 KSP unpreconditioned resid norm 1.507480558986e-23 true resid norm 1.507480558988e-23 ||r(i)||/||b|| 3.203483963201e-07
243 KSP unpreconditioned resid norm 1.433518850131e-23 true resid norm 1.433518850132e-23 ||r(i)||/||b|| 3.046311025349e-07
244 KSP unpreconditioned resid norm 1.358478733553e-23 true resid norm 1.358478733553e-23 ||r(i)||/||b|| 2.886846408294e-07
245 KSP unpreconditioned resid norm 1.285315401962e-23 true resid norm 1.285315401968e-23 ||r(i)||/||b|| 2.731370068629e-07
246 KSP unpreconditioned resid norm 1.206128096400e-23 true resid norm 1.206128096405e-23 ||r(i)||/||b|| 2.563092433507e-07
247 KSP unpreconditioned resid norm 1.135282799151e-23 true resid norm 1.135282799157e-23 ||r(i)||/||b|| 2.412542051779e-07
248 KSP unpreconditioned resid norm 1.070835425761e-23 true resid norm 1.070835425766e-23 ||r(i)||/||b|| 2.275587630776e-07
249 KSP unpreconditioned resid norm 1.013223214690e-23 true resid norm 1.013223214699e-23 ||r(i)||/||b|| 2.153158327700e-07
250 KSP unpreconditioned resid norm 9.669563628200e-24 true resid norm 9.669563628190e-24 ||r(i)||/||b|| 2.054838573497e-07
251 KSP unpreconditioned resid norm 9.325975683291e-24 true resid norm 9.325975683293e-24 ||r(i)||/||b|| 1.981824134614e-07
252 KSP unpreconditioned resid norm 9.050627214884e-24 true resid norm 9.050627214878e-24 ||r(i)||/||b|| 1.923310981817e-07
253 KSP unpreconditioned resid norm 8.795929742553e-24 true resid norm 8.795929742577e-24 ||r(i)||/||b|| 1.869186285938e-07
254 KSP unpreconditioned resid norm 8.584723767409e-24 true resid norm 8.584723767423e-24 ||r(i)||/||b|| 1.824303786439e-07
255 KSP unpreconditioned resid norm 8.410354879088e-24 true resid norm 8.410354879076e-24 ||r(i)||/||b|| 1.787249382376e-07
256 KSP unpreconditioned resid norm 8.256354511149e-24 true resid norm 8.256354511146e-24 ||r(i)||/||b|| 1.754523407500e-07
257 KSP unpreconditioned resid norm 8.135809105243e-24 true resid norm 8.135809105245e-24 ||r(i)||/||b|| 1.728906806852e-07
258 KSP unpreconditioned resid norm 8.000888812800e-24 true resid norm 8.000888812795e-24 ||r(i)||/||b|| 1.700235459113e-07
259 KSP unpreconditioned resid norm 7.838323180664e-24 true resid norm 7.838323180659e-24 ||r(i)||/||b|| 1.665689315721e-07
260 KSP unpreconditioned resid norm 7.642204213533e-24 true resid norm 7.642204213561e-24 ||r(i)||/||b|| 1.624012893280e-07
261 KSP unpreconditioned resid norm 7.477409044183e-24 true resid norm 7.477409044172e-24 ||r(i)||/||b|| 1.588992960240e-07
262 KSP unpreconditioned resid norm 7.301023761168e-24 true resid norm 7.301023761134e-24 ||r(i)||/||b|| 1.551510060564e-07
263 KSP unpreconditioned resid norm 7.145681166491e-24 true resid norm 7.145681166516e-24 ||r(i)||/||b|| 1.518498854702e-07
264 KSP unpreconditioned resid norm 7.021452940699e-24 true resid norm 7.021452940711e-24 ||r(i)||/||b|| 1.492099633380e-07
265 KSP unpreconditioned resid norm 6.919005170148e-24 true resid norm 6.919005170173e-24 ||r(i)||/||b|| 1.470328885623e-07
266 KSP unpreconditioned resid norm 6.828752480528e-24 true resid norm 6.828752480527e-24 ||r(i)||/||b|| 1.451149663563e-07
267 KSP unpreconditioned resid norm 6.738579101362e-24 true resid norm 6.738579101386e-24 ||r(i)||/||b|| 1.431987295448e-07
268 KSP unpreconditioned resid norm 6.650106111947e-24 true resid norm 6.650106111948e-24 ||r(i)||/||b|| 1.413186270045e-07
269 KSP unpreconditioned resid norm 6.565464678842e-24 true resid norm 6.565464678831e-24 ||r(i)||/||b|| 1.395199472670e-07
270 KSP unpreconditioned resid norm 6.485627378271e-24 true resid norm 6.485627378312e-24 ||r(i)||/||b|| 1.378233581445e-07
271 KSP unpreconditioned resid norm 6.391713664642e-24 true resid norm 6.391713664661e-24 ||r(i)||/||b|| 1.358276370467e-07
272 KSP unpreconditioned resid norm 6.292586378772e-24 true resid norm 6.292586378754e-24 ||r(i)||/||b|| 1.337211245028e-07
273 KSP unpreconditioned resid norm 6.191308486364e-24 true resid norm 6.191308486383e-24 ||r(i)||/||b|| 1.315689103193e-07
274 KSP unpreconditioned resid norm 6.058904917772e-24 true resid norm 6.058904917820e-24 ||r(i)||/||b|| 1.287552573933e-07
275 KSP unpreconditioned resid norm 5.884042190930e-24 true resid norm 5.884042190933e-24 ||r(i)||/||b|| 1.250393226305e-07
276 KSP unpreconditioned resid norm 5.620926618880e-24 true resid norm 5.620926618871e-24 ||r(i)||/||b|| 1.194479635211e-07
277 KSP unpreconditioned resid norm 5.239306881852e-24 true resid norm 5.239306881846e-24 ||r(i)||/||b|| 1.113383219055e-07
278 KSP unpreconditioned resid norm 4.751482190743e-24 true resid norm 4.751482190722e-24 ||r(i)||/||b|| 1.009717631757e-07
279 KSP unpreconditioned resid norm 4.385181240898e-24 true resid norm 4.385181240834e-24 ||r(i)||/||b|| 9.318765470628e-08
280 KSP unpreconditioned resid norm 4.110890680575e-24 true resid norm 4.110890680557e-24 ||r(i)||/||b|| 8.735882059054e-08
281 KSP unpreconditioned resid norm 3.911865815510e-24 true resid norm 3.911865815480e-24 ||r(i)||/||b|| 8.312942632240e-08
282 KSP unpreconditioned resid norm 3.752530459897e-24 true resid norm 3.752530459912e-24 ||r(i)||/||b|| 7.974345724114e-08
283 KSP unpreconditioned resid norm 3.595439235751e-24 true resid norm 3.595439235758e-24 ||r(i)||/||b|| 7.640517725910e-08
284 KSP unpreconditioned resid norm 3.438782870026e-24 true resid norm 3.438782870008e-24 ||r(i)||/||b|| 7.307613827137e-08
285 KSP unpreconditioned resid norm 3.233677235897e-24 true resid norm 3.233677235936e-24 ||r(i)||/||b|| 6.871752412147e-08
286 KSP unpreconditioned resid norm 2.978001891671e-24 true resid norm 2.978001891682e-24 ||r(i)||/||b|| 6.328427418521e-08
287 KSP unpreconditioned resid norm 2.680888385727e-24 true resid norm 2.680888385669e-24 ||r(i)||/||b|| 5.697043918356e-08
288 KSP unpreconditioned resid norm 2.376023184100e-24 true resid norm 2.376023184076e-24 ||r(i)||/||b|| 5.049187613731e-08
289 KSP unpreconditioned resid norm 2.098719857446e-24 true resid norm 2.098719857376e-24 ||r(i)||/||b|| 4.459901898084e-08
290 KSP unpreconditioned resid norm 2.018044694538e-24 true resid norm 2.000300841980e-24 ||r(i)||/||b|| 4.250755759771e-08
291 KSP unpreconditioned resid norm 2.004861365487e-24 true resid norm 1.959882572785e-24 ||r(i)||/||b|| 4.164864584316e-08
292 KSP unpreconditioned resid norm 2.003538809258e-24 true resid norm 1.951684339039e-24 ||r(i)||/||b|| 4.147442860250e-08
293 KSP unpreconditioned resid norm 2.000779611899e-24 true resid norm 1.942819647472e-24 ||r(i)||/||b|| 4.128604874512e-08
294 KSP unpreconditioned resid norm 1.999203935567e-24 true resid norm 1.932138203591e-24 ||r(i)||/||b|| 4.105906184320e-08
295 KSP unpreconditioned resid norm 1.999035825426e-24 true resid norm 1.932494844624e-24 ||r(i)||/||b|| 4.106664067281e-08
296 KSP unpreconditioned resid norm 1.998552044014e-24 true resid norm 1.929180575182e-24 ||r(i)||/||b|| 4.099621051739e-08
297 KSP unpreconditioned resid norm 1.998202890255e-24 true resid norm 1.928345452346e-24 ||r(i)||/||b|| 4.097846367085e-08
298 KSP unpreconditioned resid norm 1.996905484081e-24 true resid norm 1.923607969827e-24 ||r(i)||/||b|| 4.087778940886e-08
299 KSP unpreconditioned resid norm 1.996891418205e-24 true resid norm 1.923475367143e-24 ||r(i)||/||b|| 4.087497152462e-08
300 KSP unpreconditioned resid norm 1.921968886856e-24 true resid norm 1.921968886856e-24 ||r(i)||/||b|| 4.084295794134e-08
301 KSP unpreconditioned resid norm 1.782409147853e-24 true resid norm 1.782409147796e-24 ||r(i)||/||b|| 3.787723222554e-08
302 KSP unpreconditioned resid norm 1.677577198119e-24 true resid norm 1.677577197993e-24 ||r(i)||/||b|| 3.564949225223e-08
303 KSP unpreconditioned resid norm 1.565998995320e-24 true resid norm 1.565998995280e-24 ||r(i)||/||b|| 3.327839047646e-08
304 KSP unpreconditioned resid norm 1.448734065412e-24 true resid norm 1.448734065266e-24 ||r(i)||/||b|| 3.078644243438e-08
305 KSP unpreconditioned resid norm 1.352961326308e-24 true resid norm 1.352961326288e-24 ||r(i)||/||b|| 2.875121596597e-08
306 KSP unpreconditioned resid norm 1.253626845871e-24 true resid norm 1.253626845847e-24 ||r(i)||/||b|| 2.664030041758e-08
307 KSP unpreconditioned resid norm 1.177802255335e-24 true resid norm 1.177802255268e-24 ||r(i)||/||b|| 2.502898371775e-08
308 KSP unpreconditioned resid norm 1.107846931892e-24 true resid norm 1.107846931800e-24 ||r(i)||/||b|| 2.354239236149e-08
309 KSP unpreconditioned resid norm 1.053767473883e-24 true resid norm 1.053767473874e-24 ||r(i)||/||b|| 2.239317239198e-08
310 KSP unpreconditioned resid norm 1.007081819807e-24 true resid norm 1.007081819760e-24 ||r(i)||/||b|| 2.140107505863e-08
311 KSP unpreconditioned resid norm 9.567080484788e-25 true resid norm 9.567080484154e-25 ||r(i)||/||b|| 2.033060308666e-08
  Linear solve converged due to CONVERGED_ATOL iterations 311
Mat Object: 1 MPI process
  type: seqaijcusparse
  rows=281452, cols=281452, bs=4
  total: nonzeros=15993520, allocated nonzeros=15993520
  total number of mallocs used during MatSetValues calls=0
    not using I-node routines
Vec Object: 1 MPI process
  type: seqcuda
  length=281452, bs=4
Vec Object: 1 MPI process
  type: seqcuda
  length=281452, bs=4
KSP Object: 1 MPI process
  type: gmres
    restart=100, using classical (unmodified) Gram-Schmidt orthogonalization with no iterative refinement
    happy breakdown tolerance=1e-30
  maximum iterations=2000, initial guess is zero
  tolerances: relative=1e-10, absolute=1e-24, divergence=10000.
  right preconditioning
  diagonally scaled system
  using UNPRECONDITIONED norm type for convergence test
PC Object: 1 MPI process
  type: asm
    total subdomain blocks = 1, amount of overlap = 2
    restriction/interpolation type - RESTRICT
    Local solver information for first block is in the following KSP and PC objects on rank 0:
    Use -ksp_view ::ascii_info_detail to display information for all blocks
    KSP Object: (sub_) 1 MPI process
      type: preonly
      maximum iterations=10000, initial guess is zero
      tolerances: relative=1e-05, absolute=1e-50, divergence=10000.
      left preconditioning
      not checking for convergence
    PC Object: (sub_) 1 MPI process
      type: ilu
        out-of-place factorization
        2 levels of fill
        tolerance for zero pivot 2.22045e-14
        matrix ordering: natural
        factor fill ratio given 1., needed 4.996
          Factored matrix:
            Mat Object: (sub_) 1 MPI process
              type: seqaijcusparse
              rows=281452, cols=281452, bs=4
              package used to perform factorization: cusparse
              total: nonzeros=79903664, allocated nonzeros=79903664
                using I-node routines: found 70363 nodes, limit used is 5
      linear system matrix, which is also used to construct the preconditioner:
      Mat Object: (sub_) 1 MPI process
        type: seqaijcusparse
        rows=281452, cols=281452, bs=4
        total: nonzeros=15993520, allocated nonzeros=15993520
        total number of mallocs used during MatSetValues calls=0
          not using I-node routines
  linear system matrix, which is also used to construct the preconditioner:
  Mat Object: 1 MPI process
    type: seqaijcusparse
    rows=281452, cols=281452, bs=4
    total: nonzeros=15993520, allocated nonzeros=15993520
    total number of mallocs used during MatSetValues calls=0
      not using I-node routines
 NS     68-1    2.436e+03 [   0  1.000e+00  4.668e-14  2.033e-08] [  311 -177   81]
Vec Object: 1 MPI process
  type: seqcuda
  length=281452, bs=4
Mat Object: 1 MPI process
  type: seqaijcusparse
  rows=281452, cols=281452, bs=4
  total: nonzeros=15993520, allocated nonzeros=15993520
  total number of mallocs used during MatSetValues calls=0
    not using I-node routines
Mat Object: 1 MPI process
  type: seqaijcusparse
  rows=281452, cols=281452, bs=4
  total: nonzeros=15993520, allocated nonzeros=15993520
  total number of mallocs used during MatSetValues calls=0
    not using I-node routines
SV13P_REUSE step=68 equation=0 reuse=1 rebuild_requests=8 solve_requests=16 ksp=0x55729b63aa50 pc=0x55729d0f73e0
  0 KSP unpreconditioned resid norm 2.926863420526e-17 true resid norm 2.926863420526e-17 ||r(i)||/||b|| 1.000000000000e+00
  1 KSP unpreconditioned resid norm 1.796146515206e-18 true resid norm 1.796146515206e-18 ||r(i)||/||b|| 6.136762319039e-02
  2 KSP unpreconditioned resid norm 5.968445104827e-19 true resid norm 5.968445104827e-19 ||r(i)||/||b|| 2.039194949436e-02
  3 KSP unpreconditioned resid norm 3.331351881234e-19 true resid norm 3.331351881234e-19 ||r(i)||/||b|| 1.138198611480e-02
  4 KSP unpreconditioned resid norm 2.013606784153e-19 true resid norm 2.013606784153e-19 ||r(i)||/||b|| 6.879742901672e-03
  5 KSP unpreconditioned resid norm 1.313845653308e-19 true resid norm 1.313845653308e-19 ||r(i)||/||b|| 4.488920269027e-03
  6 KSP unpreconditioned resid norm 9.848965765777e-20 true resid norm 9.848965765777e-20 ||r(i)||/||b|| 3.365024037919e-03
  7 KSP unpreconditioned resid norm 7.331868376088e-20 true resid norm 7.331868376088e-20 ||r(i)||/||b|| 2.505025798153e-03
  8 KSP unpreconditioned resid norm 5.614756236953e-20 true resid norm 5.614756236953e-20 ||r(i)||/||b|| 1.918352662983e-03
  9 KSP unpreconditioned resid norm 4.545559284329e-20 true resid norm 4.545559284329e-20 ||r(i)||/||b|| 1.553047966793e-03
 10 KSP unpreconditioned resid norm 3.797491316486e-20 true resid norm 3.797491316486e-20 ||r(i)||/||b|| 1.297461060142e-03
 11 KSP unpreconditioned resid norm 3.189158326193e-20 true resid norm 3.189158326193e-20 ||r(i)||/||b|| 1.089616380398e-03
 12 KSP unpreconditioned resid norm 2.769036358592e-20 true resid norm 2.769036358592e-20 ||r(i)||/||b|| 9.460763830567e-04
 13 KSP unpreconditioned resid norm 2.467510597764e-20 true resid norm 2.467510597764e-20 ||r(i)||/||b|| 8.430562835487e-04
 14 KSP unpreconditioned resid norm 2.230464676664e-20 true resid norm 2.230464676664e-20 ||r(i)||/||b|| 7.620665388832e-04
 15 KSP unpreconditioned resid norm 2.040550754516e-20 true resid norm 2.040550754516e-20 ||r(i)||/||b|| 6.971800392890e-04
 16 KSP unpreconditioned resid norm 1.869819055042e-20 true resid norm 1.869819055042e-20 ||r(i)||/||b|| 6.388473893004e-04
 17 KSP unpreconditioned resid norm 1.729930612719e-20 true resid norm 1.729930612719e-20 ||r(i)||/||b|| 5.910527292073e-04
 18 KSP unpreconditioned resid norm 1.629744375068e-20 true resid norm 1.629744375068e-20 ||r(i)||/||b|| 5.568228307609e-04
 19 KSP unpreconditioned resid norm 1.560774252712e-20 true resid norm 1.560774252712e-20 ||r(i)||/||b|| 5.332583139228e-04
 20 KSP unpreconditioned resid norm 1.497962061059e-20 true resid norm 1.497962061059e-20 ||r(i)||/||b|| 5.117977321914e-04
 21 KSP unpreconditioned resid norm 1.435402484207e-20 true resid norm 1.435402484207e-20 ||r(i)||/||b|| 4.904234595098e-04
 22 KSP unpreconditioned resid norm 1.359815818259e-20 true resid norm 1.359815818259e-20 ||r(i)||/||b|| 4.645983166560e-04
 23 KSP unpreconditioned resid norm 1.263366861818e-20 true resid norm 1.263366861818e-20 ||r(i)||/||b|| 4.316453077237e-04
 24 KSP unpreconditioned resid norm 1.158254434781e-20 true resid norm 1.158254434781e-20 ||r(i)||/||b|| 3.957323142097e-04
 25 KSP unpreconditioned resid norm 1.052689929552e-20 true resid norm 1.052689929552e-20 ||r(i)||/||b|| 3.596648624494e-04
 26 KSP unpreconditioned resid norm 9.609908543018e-21 true resid norm 9.609908543018e-21 ||r(i)||/||b|| 3.283347106538e-04
 27 KSP unpreconditioned resid norm 8.831505121499e-21 true resid norm 8.831505121499e-21 ||r(i)||/||b|| 3.017395707488e-04
 28 KSP unpreconditioned resid norm 8.163747510881e-21 true resid norm 8.163747510881e-21 ||r(i)||/||b|| 2.789247852711e-04
 29 KSP unpreconditioned resid norm 7.736377642253e-21 true resid norm 7.736377642253e-21 ||r(i)||/||b|| 2.643231518081e-04
 30 KSP unpreconditioned resid norm 7.387027759229e-21 true resid norm 7.387027759229e-21 ||r(i)||/||b|| 2.523871700819e-04
 31 KSP unpreconditioned resid norm 7.080244131763e-21 true resid norm 7.080244131763e-21 ||r(i)||/||b|| 2.419055184505e-04
 32 KSP unpreconditioned resid norm 6.790077984901e-21 true resid norm 6.790077984901e-21 ||r(i)||/||b|| 2.319916241148e-04
 33 KSP unpreconditioned resid norm 6.532668237003e-21 true resid norm 6.532668237003e-21 ||r(i)||/||b|| 2.231968936845e-04
 34 KSP unpreconditioned resid norm 6.296598167707e-21 true resid norm 6.296598167707e-21 ||r(i)||/||b|| 2.151312604322e-04
 35 KSP unpreconditioned resid norm 6.082940930529e-21 true resid norm 6.082940930529e-21 ||r(i)||/||b|| 2.078313900085e-04
 36 KSP unpreconditioned resid norm 5.844954147637e-21 true resid norm 5.844954147637e-21 ||r(i)||/||b|| 1.997002698058e-04
 37 KSP unpreconditioned resid norm 5.642493375636e-21 true resid norm 5.642493375636e-21 ||r(i)||/||b|| 1.927829408118e-04
 38 KSP unpreconditioned resid norm 5.432472226435e-21 true resid norm 5.432472226435e-21 ||r(i)||/||b|| 1.856073019443e-04
 39 KSP unpreconditioned resid norm 5.222700079766e-21 true resid norm 5.222700079766e-21 ||r(i)||/||b|| 1.784401705641e-04
 40 KSP unpreconditioned resid norm 5.005815627949e-21 true resid norm 5.005815627949e-21 ||r(i)||/||b|| 1.710300382602e-04
 41 KSP unpreconditioned resid norm 4.807287621028e-21 true resid norm 4.807287621029e-21 ||r(i)||/||b|| 1.642470771719e-04
 42 KSP unpreconditioned resid norm 4.611099839955e-21 true resid norm 4.611099839955e-21 ||r(i)||/||b|| 1.575440728671e-04
 43 KSP unpreconditioned resid norm 4.414716679675e-21 true resid norm 4.414716679675e-21 ||r(i)||/||b|| 1.508343931840e-04
 44 KSP unpreconditioned resid norm 4.235133942135e-21 true resid norm 4.235133942135e-21 ||r(i)||/||b|| 1.446987212466e-04
 45 KSP unpreconditioned resid norm 4.095189872806e-21 true resid norm 4.095189872806e-21 ||r(i)||/||b|| 1.399173546701e-04
 46 KSP unpreconditioned resid norm 3.991407034673e-21 true resid norm 3.991407034674e-21 ||r(i)||/||b|| 1.363714824095e-04
 47 KSP unpreconditioned resid norm 3.923837357140e-21 true resid norm 3.923837357140e-21 ||r(i)||/||b|| 1.340628786988e-04
 48 KSP unpreconditioned resid norm 3.855254063825e-21 true resid norm 3.855254063825e-21 ||r(i)||/||b|| 1.317196435197e-04
 49 KSP unpreconditioned resid norm 3.774528039004e-21 true resid norm 3.774528039005e-21 ||r(i)||/||b|| 1.289615365218e-04
 50 KSP unpreconditioned resid norm 3.688379656480e-21 true resid norm 3.688379656480e-21 ||r(i)||/||b|| 1.260181677974e-04
 51 KSP unpreconditioned resid norm 3.599494890912e-21 true resid norm 3.599494890913e-21 ||r(i)||/||b|| 1.229813070767e-04
 52 KSP unpreconditioned resid norm 3.516267270416e-21 true resid norm 3.516267270416e-21 ||r(i)||/||b|| 1.201377298905e-04
 53 KSP unpreconditioned resid norm 3.434623774450e-21 true resid norm 3.434623774450e-21 ||r(i)||/||b|| 1.173482763276e-04
 54 KSP unpreconditioned resid norm 3.369073733445e-21 true resid norm 3.369073733445e-21 ||r(i)||/||b|| 1.151086760598e-04
 55 KSP unpreconditioned resid norm 3.295653413515e-21 true resid norm 3.295653413515e-21 ||r(i)||/||b|| 1.126001777330e-04
 56 KSP unpreconditioned resid norm 3.230653386361e-21 true resid norm 3.230653386362e-21 ||r(i)||/||b|| 1.103793693859e-04
 57 KSP unpreconditioned resid norm 3.176635016896e-21 true resid norm 3.176635016897e-21 ||r(i)||/||b|| 1.085337632982e-04
 58 KSP unpreconditioned resid norm 3.131747846089e-21 true resid norm 3.131747846090e-21 ||r(i)||/||b|| 1.070001361911e-04
 59 KSP unpreconditioned resid norm 3.100579178667e-21 true resid norm 3.100579178668e-21 ||r(i)||/||b|| 1.059352191470e-04
 60 KSP unpreconditioned resid norm 3.066215919460e-21 true resid norm 3.066215919461e-21 ||r(i)||/||b|| 1.047611548239e-04
 61 KSP unpreconditioned resid norm 3.034821277232e-21 true resid norm 3.034821277233e-21 ||r(i)||/||b|| 1.036885170640e-04
 62 KSP unpreconditioned resid norm 3.001457583118e-21 true resid norm 3.001457583120e-21 ||r(i)||/||b|| 1.025486041498e-04
 63 KSP unpreconditioned resid norm 2.977363971948e-21 true resid norm 2.977363971949e-21 ||r(i)||/||b|| 1.017254153736e-04
 64 KSP unpreconditioned resid norm 2.943736022549e-21 true resid norm 2.943736022550e-21 ||r(i)||/||b|| 1.005764738425e-04
 65 KSP unpreconditioned resid norm 2.903003314489e-21 true resid norm 2.903003314491e-21 ||r(i)||/||b|| 9.918478922288e-05
 66 KSP unpreconditioned resid norm 2.851763769942e-21 true resid norm 2.851763769943e-21 ||r(i)||/||b|| 9.743412521212e-05
 67 KSP unpreconditioned resid norm 2.787928506951e-21 true resid norm 2.787928506952e-21 ||r(i)||/||b|| 9.525311250945e-05
 68 KSP unpreconditioned resid norm 2.716069205242e-21 true resid norm 2.716069205244e-21 ||r(i)||/||b|| 9.279794834962e-05
 69 KSP unpreconditioned resid norm 2.631042385845e-21 true resid norm 2.631042385847e-21 ||r(i)||/||b|| 8.989289925164e-05
 70 KSP unpreconditioned resid norm 2.549324658469e-21 true resid norm 2.549324658471e-21 ||r(i)||/||b|| 8.710090947847e-05
 71 KSP unpreconditioned resid norm 2.470534391992e-21 true resid norm 2.470534391994e-21 ||r(i)||/||b|| 8.440894011889e-05
 72 KSP unpreconditioned resid norm 2.384559277886e-21 true resid norm 2.384559277888e-21 ||r(i)||/||b|| 8.147149132976e-05
 73 KSP unpreconditioned resid norm 2.288231639750e-21 true resid norm 2.288231639751e-21 ||r(i)||/||b|| 7.818033543020e-05
 74 KSP unpreconditioned resid norm 2.179847261181e-21 true resid norm 2.179847261180e-21 ||r(i)||/||b|| 7.447724570586e-05
 75 KSP unpreconditioned resid norm 2.080261675995e-21 true resid norm 2.080261675993e-21 ||r(i)||/||b|| 7.107477791426e-05
 76 KSP unpreconditioned resid norm 1.982966393202e-21 true resid norm 1.982966393199e-21 ||r(i)||/||b|| 6.775056120802e-05
 77 KSP unpreconditioned resid norm 1.903395850899e-21 true resid norm 1.903395850894e-21 ||r(i)||/||b|| 6.503193273542e-05
 78 KSP unpreconditioned resid norm 1.831590549196e-21 true resid norm 1.831590549192e-21 ||r(i)||/||b|| 6.257861355426e-05
 79 KSP unpreconditioned resid norm 1.759206474758e-21 true resid norm 1.759206474754e-21 ||r(i)||/||b|| 6.010551986871e-05
 80 KSP unpreconditioned resid norm 1.681630829663e-21 true resid norm 1.681630829661e-21 ||r(i)||/||b|| 5.745504958884e-05
 81 KSP unpreconditioned resid norm 1.598139159603e-21 true resid norm 1.598139159603e-21 ||r(i)||/||b|| 5.460245081459e-05
 82 KSP unpreconditioned resid norm 1.521301430754e-21 true resid norm 1.521301430756e-21 ||r(i)||/||b|| 5.197719237894e-05
 83 KSP unpreconditioned resid norm 1.455083563862e-21 true resid norm 1.455083563864e-21 ||r(i)||/||b|| 4.971477499290e-05
 84 KSP unpreconditioned resid norm 1.394889995954e-21 true resid norm 1.394889995957e-21 ||r(i)||/||b|| 4.765818542043e-05
 85 KSP unpreconditioned resid norm 1.339143822184e-21 true resid norm 1.339143822188e-21 ||r(i)||/||b|| 4.575354670792e-05
 86 KSP unpreconditioned resid norm 1.284612690938e-21 true resid norm 1.284612690942e-21 ||r(i)||/||b|| 4.389042146393e-05
 87 KSP unpreconditioned resid norm 1.230684609031e-21 true resid norm 1.230684609035e-21 ||r(i)||/||b|| 4.204790016521e-05
 88 KSP unpreconditioned resid norm 1.164912802269e-21 true resid norm 1.164912802271e-21 ||r(i)||/||b|| 3.980072298903e-05
 89 KSP unpreconditioned resid norm 1.109937743928e-21 true resid norm 1.109937743926e-21 ||r(i)||/||b|| 3.792243041276e-05
 90 KSP unpreconditioned resid norm 1.054439012800e-21 true resid norm 1.054439012793e-21 ||r(i)||/||b|| 3.602624589170e-05
 91 KSP unpreconditioned resid norm 1.010910514282e-21 true resid norm 1.010910514272e-21 ||r(i)||/||b|| 3.453903954597e-05
 92 KSP unpreconditioned resid norm 9.979191787088e-22 true resid norm 9.979147695108e-22 ||r(i)||/||b|| 3.409502344771e-05
 93 KSP unpreconditioned resid norm 9.719835117538e-22 true resid norm 9.573609630479e-22 ||r(i)||/||b|| 3.270945122802e-05
 94 KSP unpreconditioned resid norm 9.661395366651e-22 true resid norm 9.473656791617e-22 ||r(i)||/||b|| 3.236794968012e-05
 95 KSP unpreconditioned resid norm 9.618843980237e-22 true resid norm 9.346883902170e-22 ||r(i)||/||b|| 3.193481402863e-05
 96 KSP unpreconditioned resid norm 9.618682772382e-22 true resid norm 9.343499986854e-22 ||r(i)||/||b|| 3.192325245287e-05
 97 KSP unpreconditioned resid norm 9.618603294430e-22 true resid norm 9.343980329716e-22 ||r(i)||/||b|| 3.192489360517e-05
 98 KSP unpreconditioned resid norm 9.618401756894e-22 true resid norm 9.342500498856e-22 ||r(i)||/||b|| 3.191983757539e-05
 99 KSP unpreconditioned resid norm 9.618364366042e-22 true resid norm 9.342770162902e-22 ||r(i)||/||b|| 3.192075891680e-05
100 KSP unpreconditioned resid norm 9.342965286254e-22 true resid norm 9.342965286254e-22 ||r(i)||/||b|| 3.192142558047e-05
101 KSP unpreconditioned resid norm 9.188116931373e-22 true resid norm 9.188116931373e-22 ||r(i)||/||b|| 3.139236654139e-05
102 KSP unpreconditioned resid norm 8.995374195174e-22 true resid norm 8.995374195174e-22 ||r(i)||/||b|| 3.073383654355e-05
103 KSP unpreconditioned resid norm 8.770198398818e-22 true resid norm 8.770198398818e-22 ||r(i)||/||b|| 2.996449488320e-05
104 KSP unpreconditioned resid norm 8.433995855451e-22 true resid norm 8.433995855452e-22 ||r(i)||/||b|| 2.881581626359e-05
105 KSP unpreconditioned resid norm 8.189899265593e-22 true resid norm 8.189899265592e-22 ||r(i)||/||b|| 2.798182931310e-05
106 KSP unpreconditioned resid norm 7.949345349366e-22 true resid norm 7.949345349366e-22 ||r(i)||/||b|| 2.715994635628e-05
107 KSP unpreconditioned resid norm 7.691868695957e-22 true resid norm 7.691868695957e-22 ||r(i)||/||b|| 2.628024472209e-05
108 KSP unpreconditioned resid norm 7.365876704848e-22 true resid norm 7.365876704848e-22 ||r(i)||/||b|| 2.516645174896e-05
109 KSP unpreconditioned resid norm 7.060645722743e-22 true resid norm 7.060645722743e-22 ||r(i)||/||b|| 2.412359139557e-05
110 KSP unpreconditioned resid norm 6.832807678844e-22 true resid norm 6.832807678845e-22 ||r(i)||/||b|| 2.334515382893e-05
111 KSP unpreconditioned resid norm 6.602039000562e-22 true resid norm 6.602039000562e-22 ||r(i)||/||b|| 2.255670337831e-05
112 KSP unpreconditioned resid norm 6.364959549802e-22 true resid norm 6.364959549802e-22 ||r(i)||/||b|| 2.174669137331e-05
113 KSP unpreconditioned resid norm 6.140352012983e-22 true resid norm 6.140352012983e-22 ||r(i)||/||b|| 2.097929124373e-05
114 KSP unpreconditioned resid norm 5.948583200989e-22 true resid norm 5.948583200990e-22 ||r(i)||/||b|| 2.032408878143e-05
115 KSP unpreconditioned resid norm 5.768232654755e-22 true resid norm 5.768232654756e-22 ||r(i)||/||b|| 1.970789827193e-05
116 KSP unpreconditioned resid norm 5.593774182485e-22 true resid norm 5.593774182485e-22 ||r(i)||/||b|| 1.911183878023e-05
117 KSP unpreconditioned resid norm 5.443802022234e-22 true resid norm 5.443802022234e-22 ||r(i)||/||b|| 1.859943987839e-05
118 KSP unpreconditioned resid norm 5.295203901842e-22 true resid norm 5.295203901842e-22 ||r(i)||/||b|| 1.809173555796e-05
119 KSP unpreconditioned resid norm 5.154886872908e-22 true resid norm 5.154886872908e-22 ||r(i)||/||b|| 1.761232463653e-05
120 KSP unpreconditioned resid norm 5.038766250280e-22 true resid norm 5.038766250280e-22 ||r(i)||/||b|| 1.721558380532e-05
121 KSP unpreconditioned resid norm 4.946071313856e-22 true resid norm 4.946071313857e-22 ||r(i)||/||b|| 1.689887980139e-05
122 KSP unpreconditioned resid norm 4.875404801985e-22 true resid norm 4.875404801985e-22 ||r(i)||/||b|| 1.665743870313e-05
123 KSP unpreconditioned resid norm 4.801711647651e-22 true resid norm 4.801711647651e-22 ||r(i)||/||b|| 1.640565669712e-05
124 KSP unpreconditioned resid norm 4.739427801730e-22 true resid norm 4.739427801730e-22 ||r(i)||/||b|| 1.619285603999e-05
125 KSP unpreconditioned resid norm 4.678825910917e-22 true resid norm 4.678825910917e-22 ||r(i)||/||b|| 1.598580199576e-05
126 KSP unpreconditioned resid norm 4.618337971812e-22 true resid norm 4.618337971812e-22 ||r(i)||/||b|| 1.577913728199e-05
127 KSP unpreconditioned resid norm 4.529893040025e-22 true resid norm 4.529893040025e-22 ||r(i)||/||b|| 1.547695395780e-05
128 KSP unpreconditioned resid norm 4.432155379813e-22 true resid norm 4.432155379813e-22 ||r(i)||/||b|| 1.514302084863e-05
129 KSP unpreconditioned resid norm 4.339178391067e-22 true resid norm 4.339178391067e-22 ||r(i)||/||b|| 1.482535317718e-05
130 KSP unpreconditioned resid norm 4.270218818617e-22 true resid norm 4.270218818617e-22 ||r(i)||/||b|| 1.458974405389e-05
131 KSP unpreconditioned resid norm 4.206423486891e-22 true resid norm 4.206423486891e-22 ||r(i)||/||b|| 1.437177921386e-05
132 KSP unpreconditioned resid norm 4.148339917184e-22 true resid norm 4.148339917184e-22 ||r(i)||/||b|| 1.417332933301e-05
133 KSP unpreconditioned resid norm 4.093514992544e-22 true resid norm 4.093514992544e-22 ||r(i)||/||b|| 1.398601302622e-05
134 KSP unpreconditioned resid norm 4.044398417033e-22 true resid norm 4.044398417033e-22 ||r(i)||/||b|| 1.381820001804e-05
135 KSP unpreconditioned resid norm 4.000386967691e-22 true resid norm 4.000386967691e-22 ||r(i)||/||b|| 1.366782932075e-05
136 KSP unpreconditioned resid norm 3.940958956164e-22 true resid norm 3.940958956165e-22 ||r(i)||/||b|| 1.346478598395e-05
137 KSP unpreconditioned resid norm 3.869414500449e-22 true resid norm 3.869414500449e-22 ||r(i)||/||b|| 1.322034527922e-05
138 KSP unpreconditioned resid norm 3.760931871194e-22 true resid norm 3.760931871195e-22 ||r(i)||/||b|| 1.284970062087e-05
139 KSP unpreconditioned resid norm 3.644599139532e-22 true resid norm 3.644599139532e-22 ||r(i)||/||b|| 1.245223509226e-05
140 KSP unpreconditioned resid norm 3.535625981108e-22 true resid norm 3.535625981108e-22 ||r(i)||/||b|| 1.207991447880e-05
141 KSP unpreconditioned resid norm 3.440781935469e-22 true resid norm 3.440781935469e-22 ||r(i)||/||b|| 1.175586777073e-05
142 KSP unpreconditioned resid norm 3.356631716077e-22 true resid norm 3.356631716077e-22 ||r(i)||/||b|| 1.146835787600e-05
143 KSP unpreconditioned resid norm 3.258747201455e-22 true resid norm 3.258747201456e-22 ||r(i)||/||b|| 1.113392302012e-05
144 KSP unpreconditioned resid norm 3.160388958858e-22 true resid norm 3.160388958858e-22 ||r(i)||/||b|| 1.079786961255e-05
145 KSP unpreconditioned resid norm 3.020599633531e-22 true resid norm 3.020599633531e-22 ||r(i)||/||b|| 1.032026165740e-05
146 KSP unpreconditioned resid norm 2.862364493826e-22 true resid norm 2.862364493826e-22 ||r(i)||/||b|| 9.779631238519e-06
147 KSP unpreconditioned resid norm 2.677804358507e-22 true resid norm 2.677804358506e-22 ||r(i)||/||b|| 9.149058134133e-06
148 KSP unpreconditioned resid norm 2.520711094691e-22 true resid norm 2.520711094690e-22 ||r(i)||/||b|| 8.612329079014e-06
149 KSP unpreconditioned resid norm 2.367275995457e-22 true resid norm 2.367275995457e-22 ||r(i)||/||b|| 8.088098607044e-06
150 KSP unpreconditioned resid norm 2.217167961678e-22 true resid norm 2.217167961678e-22 ||r(i)||/||b|| 7.575235476070e-06
151 KSP unpreconditioned resid norm 2.098409417192e-22 true resid norm 2.098409417192e-22 ||r(i)||/||b|| 7.169481850352e-06
152 KSP unpreconditioned resid norm 2.003660147431e-22 true resid norm 2.003660147431e-22 ||r(i)||/||b|| 6.845758956086e-06
153 KSP unpreconditioned resid norm 1.927474751496e-22 true resid norm 1.927474751495e-22 ||r(i)||/||b|| 6.585461890629e-06
154 KSP unpreconditioned resid norm 1.860093452059e-22 true resid norm 1.860093452059e-22 ||r(i)||/||b|| 6.355245137215e-06
155 KSP unpreconditioned resid norm 1.800044147651e-22 true resid norm 1.800044147651e-22 ||r(i)||/||b|| 6.150079074503e-06
156 KSP unpreconditioned resid norm 1.743074952253e-22 true resid norm 1.743074952252e-22 ||r(i)||/||b|| 5.955436594780e-06
157 KSP unpreconditioned resid norm 1.691077112371e-22 true resid norm 1.691077112372e-22 ||r(i)||/||b|| 5.777779381545e-06
158 KSP unpreconditioned resid norm 1.634651157380e-22 true resid norm 1.634651157380e-22 ||r(i)||/||b|| 5.584992951554e-06
159 KSP unpreconditioned resid norm 1.581379194483e-22 true resid norm 1.581379194483e-22 ||r(i)||/||b|| 5.402982535476e-06
160 KSP unpreconditioned resid norm 1.507871269583e-22 true resid norm 1.507871269583e-22 ||r(i)||/||b|| 5.151833389316e-06
161 KSP unpreconditioned resid norm 1.423408829460e-22 true resid norm 1.423408829460e-22 ||r(i)||/||b|| 4.863256752871e-06
162 KSP unpreconditioned resid norm 1.338783065871e-22 true resid norm 1.338783065872e-22 ||r(i)||/||b|| 4.574122101095e-06
163 KSP unpreconditioned resid norm 1.263689085310e-22 true resid norm 1.263689085310e-22 ||r(i)||/||b|| 4.317553994655e-06
164 KSP unpreconditioned resid norm 1.203042792051e-22 true resid norm 1.203042792051e-22 ||r(i)||/||b|| 4.110348243838e-06
165 KSP unpreconditioned resid norm 1.145417578921e-22 true resid norm 1.145417578921e-22 ||r(i)||/||b|| 3.913464396351e-06
166 KSP unpreconditioned resid norm 1.094331494075e-22 true resid norm 1.094331494075e-22 ||r(i)||/||b|| 3.738922309804e-06
167 KSP unpreconditioned resid norm 1.052943653730e-22 true resid norm 1.052943653731e-22 ||r(i)||/||b|| 3.597515505324e-06
168 KSP unpreconditioned resid norm 1.022404839077e-22 true resid norm 1.022404839078e-22 ||r(i)||/||b|| 3.493175772765e-06
169 KSP unpreconditioned resid norm 9.935693220557e-23 true resid norm 9.935693220556e-23 ||r(i)||/||b|| 3.394655572541e-06
170 KSP unpreconditioned resid norm 9.655250081451e-23 true resid norm 9.655250081453e-23 ||r(i)||/||b|| 3.298838618072e-06
171 KSP unpreconditioned resid norm 9.401801504402e-23 true resid norm 9.401801504407e-23 ||r(i)||/||b|| 3.212244698017e-06
172 KSP unpreconditioned resid norm 9.155470082790e-23 true resid norm 9.155470082798e-23 ||r(i)||/||b|| 3.128082444364e-06
173 KSP unpreconditioned resid norm 8.917911189801e-23 true resid norm 8.917911189807e-23 ||r(i)||/||b|| 3.046917436347e-06
174 KSP unpreconditioned resid norm 8.671347679036e-23 true resid norm 8.671347679043e-23 ||r(i)||/||b|| 2.962675886490e-06
175 KSP unpreconditioned resid norm 8.450023875479e-23 true resid norm 8.450023875489e-23 ||r(i)||/||b|| 2.887057802639e-06
176 KSP unpreconditioned resid norm 8.242912750493e-23 true resid norm 8.242912750498e-23 ||r(i)||/||b|| 2.816295660634e-06
177 KSP unpreconditioned resid norm 8.006593645691e-23 true resid norm 8.006593645696e-23 ||r(i)||/||b|| 2.735554241973e-06
178 KSP unpreconditioned resid norm 7.734685961959e-23 true resid norm 7.734685961962e-23 ||r(i)||/||b|| 2.642653534059e-06
179 KSP unpreconditioned resid norm 7.429739423975e-23 true resid norm 7.429739423980e-23 ||r(i)||/||b|| 2.538464682661e-06
180 KSP unpreconditioned resid norm 7.136527125427e-23 true resid norm 7.136527125430e-23 ||r(i)||/||b|| 2.438284982955e-06
181 KSP unpreconditioned resid norm 6.883960413867e-23 true resid norm 6.883960413872e-23 ||r(i)||/||b|| 2.351992363427e-06
182 KSP unpreconditioned resid norm 6.688083688358e-23 true resid norm 6.688083688364e-23 ||r(i)||/||b|| 2.285068596457e-06
183 KSP unpreconditioned resid norm 6.537897649471e-23 true resid norm 6.537897649478e-23 ||r(i)||/||b|| 2.233755631926e-06
184 KSP unpreconditioned resid norm 6.419193037264e-23 true resid norm 6.419193037276e-23 ||r(i)||/||b|| 2.193198696003e-06
185 KSP unpreconditioned resid norm 6.309543058324e-23 true resid norm 6.309543058332e-23 ||r(i)||/||b|| 2.155735390344e-06
186 KSP unpreconditioned resid norm 6.203767845094e-23 true resid norm 6.203767845097e-23 ||r(i)||/||b|| 2.119595947522e-06
187 KSP unpreconditioned resid norm 6.081777085618e-23 true resid norm 6.081777085622e-23 ||r(i)||/||b|| 2.077916257715e-06
188 KSP unpreconditioned resid norm 5.964361444268e-23 true resid norm 5.964361444266e-23 ||r(i)||/||b|| 2.037799715025e-06
189 KSP unpreconditioned resid norm 5.849040486582e-23 true resid norm 5.849040486579e-23 ||r(i)||/||b|| 1.998398847571e-06
190 KSP unpreconditioned resid norm 5.752472381953e-23 true resid norm 5.752472381943e-23 ||r(i)||/||b|| 1.965405130147e-06
191 KSP unpreconditioned resid norm 5.682743340397e-23 true resid norm 5.725523970013e-23 ||r(i)||/||b|| 1.956197863508e-06
192 KSP unpreconditioned resid norm 5.682628385869e-23 true resid norm 5.721709577958e-23 ||r(i)||/||b|| 1.954894628096e-06
193 KSP unpreconditioned resid norm 5.675355329463e-23 true resid norm 5.753523080500e-23 ||r(i)||/||b|| 1.965764114632e-06
194 KSP unpreconditioned resid norm 5.675145185865e-23 true resid norm 5.755455135120e-23 ||r(i)||/||b|| 1.966424225591e-06
195 KSP unpreconditioned resid norm 5.665261772959e-23 true resid norm 5.815652852096e-23 ||r(i)||/||b|| 1.986991538898e-06
196 KSP unpreconditioned resid norm 5.662130828715e-23 true resid norm 5.828485485559e-23 ||r(i)||/||b|| 1.991375970838e-06
197 KSP unpreconditioned resid norm 5.653059033856e-23 true resid norm 5.902876545257e-23 ||r(i)||/||b|| 2.016792619655e-06
198 KSP unpreconditioned resid norm 5.651999025026e-23 true resid norm 5.903734740200e-23 ||r(i)||/||b|| 2.017085832840e-06
199 KSP unpreconditioned resid norm 5.640800127365e-23 true resid norm 6.001425045417e-23 ||r(i)||/||b|| 2.050462964322e-06
200 KSP unpreconditioned resid norm 6.009589707387e-23 true resid norm 6.009589707387e-23 ||r(i)||/||b|| 2.053252524611e-06
201 KSP unpreconditioned resid norm 5.953065151850e-23 true resid norm 5.953065151843e-23 ||r(i)||/||b|| 2.033940193483e-06
202 KSP unpreconditioned resid norm 5.888230107502e-23 true resid norm 5.888230107493e-23 ||r(i)||/||b|| 2.011788478478e-06
203 KSP unpreconditioned resid norm 5.825824284878e-23 true resid norm 5.825824284874e-23 ||r(i)||/||b|| 1.990466737880e-06
204 KSP unpreconditioned resid norm 5.757506204946e-23 true resid norm 5.757506204943e-23 ||r(i)||/||b|| 1.967124999604e-06
205 KSP unpreconditioned resid norm 5.696877710233e-23 true resid norm 5.696877710229e-23 ||r(i)||/||b|| 1.946410505621e-06
206 KSP unpreconditioned resid norm 5.633325855818e-23 true resid norm 5.633325855815e-23 ||r(i)||/||b|| 1.924697208728e-06
207 KSP unpreconditioned resid norm 5.571599267384e-23 true resid norm 5.571599267383e-23 ||r(i)||/||b|| 1.903607537102e-06
208 KSP unpreconditioned resid norm 5.496354288510e-23 true resid norm 5.496354288504e-23 ||r(i)||/||b|| 1.877899135968e-06
209 KSP unpreconditioned resid norm 5.415062004748e-23 true resid norm 5.415062004739e-23 ||r(i)||/||b|| 1.850124596441e-06
210 KSP unpreconditioned resid norm 5.309138927034e-23 true resid norm 5.309138927023e-23 ||r(i)||/||b|| 1.813934633844e-06
211 KSP unpreconditioned resid norm 5.170709483172e-23 true resid norm 5.170709483171e-23 ||r(i)||/||b|| 1.766638459078e-06
212 KSP unpreconditioned resid norm 5.038731425712e-23 true resid norm 5.038731425707e-23 ||r(i)||/||b|| 1.721546482275e-06
213 KSP unpreconditioned resid norm 4.898766826843e-23 true resid norm 4.898766826840e-23 ||r(i)||/||b|| 1.673725802333e-06
214 KSP unpreconditioned resid norm 4.777332120235e-23 true resid norm 4.777332120230e-23 ||r(i)||/||b|| 1.632236095038e-06
215 KSP unpreconditioned resid norm 4.640036142913e-23 true resid norm 4.640036142913e-23 ||r(i)||/||b|| 1.585327183486e-06
216 KSP unpreconditioned resid norm 4.517422700008e-23 true resid norm 4.517422700000e-23 ||r(i)||/||b|| 1.543434745988e-06
217 KSP unpreconditioned resid norm 4.413955638547e-23 true resid norm 4.413955638543e-23 ||r(i)||/||b|| 1.508083912487e-06
218 KSP unpreconditioned resid norm 4.310829878571e-23 true resid norm 4.310829878574e-23 ||r(i)||/||b|| 1.472849688968e-06
219 KSP unpreconditioned resid norm 4.201323128877e-23 true resid norm 4.201323128872e-23 ||r(i)||/||b|| 1.435435319396e-06
220 KSP unpreconditioned resid norm 4.078090300197e-23 true resid norm 4.078090300188e-23 ||r(i)||/||b|| 1.393331260895e-06
221 KSP unpreconditioned resid norm 3.955994374650e-23 true resid norm 3.955994374647e-23 ||r(i)||/||b|| 1.351615639768e-06
222 KSP unpreconditioned resid norm 3.839270395007e-23 true resid norm 3.839270394999e-23 ||r(i)||/||b|| 1.311735412071e-06
223 KSP unpreconditioned resid norm 3.737860240319e-23 true resid norm 3.737860240316e-23 ||r(i)||/||b|| 1.277087346851e-06
224 KSP unpreconditioned resid norm 3.646995873809e-23 true resid norm 3.646995873810e-23 ||r(i)||/||b|| 1.246042383882e-06
225 KSP unpreconditioned resid norm 3.571417903293e-23 true resid norm 3.571417903293e-23 ||r(i)||/||b|| 1.220220211933e-06
226 KSP unpreconditioned resid norm 3.495447054554e-23 true resid norm 3.495447054553e-23 ||r(i)||/||b|| 1.194263808157e-06
227 KSP unpreconditioned resid norm 3.424352966010e-23 true resid norm 3.424352966013e-23 ||r(i)||/||b|| 1.169973611340e-06
228 KSP unpreconditioned resid norm 3.340734699280e-23 true resid norm 3.340734699275e-23 ||r(i)||/||b|| 1.141404370237e-06
229 KSP unpreconditioned resid norm 3.251896874516e-23 true resid norm 3.251896874516e-23 ||r(i)||/||b|| 1.111051800952e-06
230 KSP unpreconditioned resid norm 3.156093525740e-23 true resid norm 3.156093525739e-23 ||r(i)||/||b|| 1.078319372064e-06
231 KSP unpreconditioned resid norm 3.068431406648e-23 true resid norm 3.068431406647e-23 ||r(i)||/||b|| 1.048368497528e-06
232 KSP unpreconditioned resid norm 2.993759549309e-23 true resid norm 2.993759549303e-23 ||r(i)||/||b|| 1.022855910634e-06
233 KSP unpreconditioned resid norm 2.934443912415e-23 true resid norm 2.934443912411e-23 ||r(i)||/||b|| 1.002589971172e-06
234 KSP unpreconditioned resid norm 2.884670922433e-23 true resid norm 2.884670922430e-23 ||r(i)||/||b|| 9.855843980283e-07
235 KSP unpreconditioned resid norm 2.831132704443e-23 true resid norm 2.831132704441e-23 ||r(i)||/||b|| 9.672923869923e-07
236 KSP unpreconditioned resid norm 2.764820692933e-23 true resid norm 2.764820692932e-23 ||r(i)||/||b|| 9.446360474297e-07
237 KSP unpreconditioned resid norm 2.672877741451e-23 true resid norm 2.672877741454e-23 ||r(i)||/||b|| 9.132225722282e-07
238 KSP unpreconditioned resid norm 2.560051483779e-23 true resid norm 2.560051483765e-23 ||r(i)||/||b|| 8.746740506617e-07
239 KSP unpreconditioned resid norm 2.422030517138e-23 true resid norm 2.422030517139e-23 ||r(i)||/||b|| 8.275174373198e-07
240 KSP unpreconditioned resid norm 2.295182057703e-23 true resid norm 2.295182057699e-23 ||r(i)||/||b|| 7.841780527245e-07
241 KSP unpreconditioned resid norm 2.183479514778e-23 true resid norm 2.183479514775e-23 ||r(i)||/||b|| 7.460134625559e-07
242 KSP unpreconditioned resid norm 2.098136043471e-23 true resid norm 2.098136043474e-23 ||r(i)||/||b|| 7.168547834379e-07
243 KSP unpreconditioned resid norm 2.015925947912e-23 true resid norm 2.015925947909e-23 ||r(i)||/||b|| 6.887666618713e-07
244 KSP unpreconditioned resid norm 1.925591332420e-23 true resid norm 1.925591332419e-23 ||r(i)||/||b|| 6.579026950538e-07
245 KSP unpreconditioned resid norm 1.837280981867e-23 true resid norm 1.837280981867e-23 ||r(i)||/||b|| 6.277303440200e-07
246 KSP unpreconditioned resid norm 1.743690673938e-23 true resid norm 1.743690673937e-23 ||r(i)||/||b|| 5.957540285987e-07
247 KSP unpreconditioned resid norm 1.660317498814e-23 true resid norm 1.660317498810e-23 ||r(i)||/||b|| 5.672685261519e-07
248 KSP unpreconditioned resid norm 1.555751297531e-23 true resid norm 1.555751297526e-23 ||r(i)||/||b|| 5.315421575928e-07
249 KSP unpreconditioned resid norm 1.441749118493e-23 true resid norm 1.441749118488e-23 ||r(i)||/||b|| 4.925918675867e-07
250 KSP unpreconditioned resid norm 1.344771607647e-23 true resid norm 1.344771607639e-23 ||r(i)||/||b|| 4.594582713385e-07
251 KSP unpreconditioned resid norm 1.279941892321e-23 true resid norm 1.279941892321e-23 ||r(i)||/||b|| 4.373083770649e-07
252 KSP unpreconditioned resid norm 1.227911066281e-23 true resid norm 1.227911066277e-23 ||r(i)||/||b|| 4.195313856006e-07
253 KSP unpreconditioned resid norm 1.172947691695e-23 true resid norm 1.172947691693e-23 ||r(i)||/||b|| 4.007524517430e-07
254 KSP unpreconditioned resid norm 1.125721444625e-23 true resid norm 1.125721444621e-23 ||r(i)||/||b|| 3.846170056060e-07
255 KSP unpreconditioned resid norm 1.078298037903e-23 true resid norm 1.078298037900e-23 ||r(i)||/||b|| 3.684141973753e-07
256 KSP unpreconditioned resid norm 1.045408515150e-23 true resid norm 1.045408515147e-23 ||r(i)||/||b|| 3.571770748904e-07
257 KSP unpreconditioned resid norm 1.014727629110e-23 true resid norm 1.014727629110e-23 ||r(i)||/||b|| 3.466945611446e-07
258 KSP unpreconditioned resid norm 9.903110860858e-24 true resid norm 9.903110860837e-24 ||r(i)||/||b|| 3.383523396202e-07
259 KSP unpreconditioned resid norm 9.668856253159e-24 true resid norm 9.668856253119e-24 ||r(i)||/||b|| 3.303487339146e-07
260 KSP unpreconditioned resid norm 9.449008285464e-24 true resid norm 9.449008285463e-24 ||r(i)||/||b|| 3.228373493343e-07
261 KSP unpreconditioned resid norm 9.233501246637e-24 true resid norm 9.233501246660e-24 ||r(i)||/||b|| 3.154742780925e-07
262 KSP unpreconditioned resid norm 8.983927856140e-24 true resid norm 8.983927856133e-24 ||r(i)||/||b|| 3.069472867483e-07
263 KSP unpreconditioned resid norm 8.755703941575e-24 true resid norm 8.755703941552e-24 ||r(i)||/||b|| 2.991497273206e-07
264 KSP unpreconditioned resid norm 8.543403251165e-24 true resid norm 8.543403251153e-24 ||r(i)||/||b|| 2.918962050377e-07
265 KSP unpreconditioned resid norm 8.347290209484e-24 true resid norm 8.347290209477e-24 ||r(i)||/||b|| 2.851957542992e-07
266 KSP unpreconditioned resid norm 8.199349096489e-24 true resid norm 8.199349096465e-24 ||r(i)||/||b|| 2.801411585851e-07
267 KSP unpreconditioned resid norm 8.095516824840e-24 true resid norm 8.095516824822e-24 ||r(i)||/||b|| 2.765935973660e-07
268 KSP unpreconditioned resid norm 8.014505559686e-24 true resid norm 8.014505559677e-24 ||r(i)||/||b|| 2.738257447707e-07
269 KSP unpreconditioned resid norm 7.947541906676e-24 true resid norm 7.947541906661e-24 ||r(i)||/||b|| 2.715378466561e-07
270 KSP unpreconditioned resid norm 7.877469003839e-24 true resid norm 7.877469003836e-24 ||r(i)||/||b|| 2.691437170792e-07
271 KSP unpreconditioned resid norm 7.798827883497e-24 true resid norm 7.798827883505e-24 ||r(i)||/||b|| 2.664568434868e-07
272 KSP unpreconditioned resid norm 7.706765709370e-24 true resid norm 7.706765709389e-24 ||r(i)||/||b|| 2.633114225741e-07
273 KSP unpreconditioned resid norm 7.613342999453e-24 true resid norm 7.613342999452e-24 ||r(i)||/||b|| 2.601195172299e-07
274 KSP unpreconditioned resid norm 7.491657343940e-24 true resid norm 7.491657343905e-24 ||r(i)||/||b|| 2.559619725118e-07
275 KSP unpreconditioned resid norm 7.351794241528e-24 true resid norm 7.351794241527e-24 ||r(i)||/||b|| 2.511833722738e-07
276 KSP unpreconditioned resid norm 7.201853343347e-24 true resid norm 7.201853343379e-24 ||r(i)||/||b|| 2.460604513648e-07
277 KSP unpreconditioned resid norm 7.037204717960e-24 true resid norm 7.037204717933e-24 ||r(i)||/||b|| 2.404350223034e-07
278 KSP unpreconditioned resid norm 6.852469057279e-24 true resid norm 6.852469057280e-24 ||r(i)||/||b|| 2.341232942140e-07
279 KSP unpreconditioned resid norm 6.641070802752e-24 true resid norm 6.641070802762e-24 ||r(i)||/||b|| 2.269006047972e-07
280 KSP unpreconditioned resid norm 6.404767662842e-24 true resid norm 6.404767662807e-24 ||r(i)||/||b|| 2.188270083903e-07
281 KSP unpreconditioned resid norm 6.183314594985e-24 true resid norm 6.183314594992e-24 ||r(i)||/||b|| 2.112607835278e-07
282 KSP unpreconditioned resid norm 5.988261992882e-24 true resid norm 5.988261992840e-24 ||r(i)||/||b|| 2.045965640502e-07
283 KSP unpreconditioned resid norm 5.800411052311e-24 true resid norm 5.800411052300e-24 ||r(i)||/||b|| 1.981783984733e-07
284 KSP unpreconditioned resid norm 5.603704036758e-24 true resid norm 5.603704036760e-24 ||r(i)||/||b|| 1.914576538646e-07
285 KSP unpreconditioned resid norm 5.358144983088e-24 true resid norm 5.358144983068e-24 ||r(i)||/||b|| 1.830678174284e-07
286 KSP unpreconditioned resid norm 5.021765728877e-24 true resid norm 5.021765728873e-24 ||r(i)||/||b|| 1.715749936828e-07
287 KSP unpreconditioned resid norm 4.662701191958e-24 true resid norm 4.662701191969e-24 ||r(i)||/||b|| 1.593070984887e-07
288 KSP unpreconditioned resid norm 4.328902039277e-24 true resid norm 4.328902039262e-24 ||r(i)||/||b|| 1.479024271820e-07
289 KSP unpreconditioned resid norm 4.004394480131e-24 true resid norm 4.004394480134e-24 ||r(i)||/||b|| 1.368152149516e-07
290 KSP unpreconditioned resid norm 3.914884118656e-24 true resid norm 3.872832499782e-24 ||r(i)||/||b|| 1.323202330735e-07
291 KSP unpreconditioned resid norm 3.895508479728e-24 true resid norm 3.816674813787e-24 ||r(i)||/||b|| 1.304015345240e-07
292 KSP unpreconditioned resid norm 3.894087575588e-24 true resid norm 3.812925046522e-24 ||r(i)||/||b|| 1.302734189707e-07
293 KSP unpreconditioned resid norm 3.891996630130e-24 true resid norm 3.809668673735e-24 ||r(i)||/||b|| 1.301621608654e-07
294 KSP unpreconditioned resid norm 3.883854921353e-24 true resid norm 3.789157476499e-24 ||r(i)||/||b|| 1.294613698038e-07
295 KSP unpreconditioned resid norm 3.881544216577e-24 true resid norm 3.788237143811e-24 ||r(i)||/||b|| 1.294299254705e-07
296 KSP unpreconditioned resid norm 3.876656076592e-24 true resid norm 3.790806789396e-24 ||r(i)||/||b|| 1.295177206702e-07
297 KSP unpreconditioned resid norm 3.875331183899e-24 true resid norm 3.793005484246e-24 ||r(i)||/||b|| 1.295928418677e-07
298 KSP unpreconditioned resid norm 3.870137028073e-24 true resid norm 3.807161545728e-24 ||r(i)||/||b|| 1.300765016580e-07
299 KSP unpreconditioned resid norm 3.865631934962e-24 true resid norm 3.824764158362e-24 ||r(i)||/||b|| 1.306779172386e-07
300 KSP unpreconditioned resid norm 3.845116112109e-24 true resid norm 3.845116112109e-24 ||r(i)||/||b|| 1.313732675444e-07
301 KSP unpreconditioned resid norm 3.633846580620e-24 true resid norm 3.633846580619e-24 ||r(i)||/||b|| 1.241549761132e-07
302 KSP unpreconditioned resid norm 3.463930593872e-24 true resid norm 3.463930593858e-24 ||r(i)||/||b|| 1.183495809735e-07
303 KSP unpreconditioned resid norm 3.273438849009e-24 true resid norm 3.273438849006e-24 ||r(i)||/||b|| 1.118411889687e-07
304 KSP unpreconditioned resid norm 3.103070540053e-24 true resid norm 3.103070540047e-24 ||r(i)||/||b|| 1.060203396676e-07
305 KSP unpreconditioned resid norm 2.964457792054e-24 true resid norm 2.964457792042e-24 ||r(i)||/||b|| 1.012844593722e-07
306 KSP unpreconditioned resid norm 2.813321005706e-24 true resid norm 2.813321005694e-24 ||r(i)||/||b|| 9.612067942644e-08
307 KSP unpreconditioned resid norm 2.691522668750e-24 true resid norm 2.691522668771e-24 ||r(i)||/||b|| 9.195928480621e-08
308 KSP unpreconditioned resid norm 2.580090667363e-24 true resid norm 2.580090667371e-24 ||r(i)||/||b|| 8.815206918357e-08
309 KSP unpreconditioned resid norm 2.493050773948e-24 true resid norm 2.493050773940e-24 ||r(i)||/||b|| 8.517824085868e-08
310 KSP unpreconditioned resid norm 2.406438496292e-24 true resid norm 2.406438496275e-24 ||r(i)||/||b|| 8.221902256863e-08
311 KSP unpreconditioned resid norm 2.342507018995e-24 true resid norm 2.342507018987e-24 ||r(i)||/||b|| 8.003472258252e-08
312 KSP unpreconditioned resid norm 2.284689865872e-24 true resid norm 2.284689865864e-24 ||r(i)||/||b|| 7.805932623440e-08
313 KSP unpreconditioned resid norm 2.235956182299e-24 true resid norm 2.235956182274e-24 ||r(i)||/||b|| 7.639427814067e-08
314 KSP unpreconditioned resid norm 2.188694273333e-24 true resid norm 2.188694273330e-24 ||r(i)||/||b|| 7.477951509389e-08
315 KSP unpreconditioned resid norm 2.146972359446e-24 true resid norm 2.146972359444e-24 ||r(i)||/||b|| 7.335403300293e-08
316 KSP unpreconditioned resid norm 2.109663296507e-24 true resid norm 2.109663296510e-24 ||r(i)||/||b|| 7.207932156022e-08
317 KSP unpreconditioned resid norm 2.079412499159e-24 true resid norm 2.079412499229e-24 ||r(i)||/||b|| 7.104576471337e-08
318 KSP unpreconditioned resid norm 2.053550075021e-24 true resid norm 2.053550075029e-24 ||r(i)||/||b|| 7.016214219725e-08
319 KSP unpreconditioned resid norm 2.030942636716e-24 true resid norm 2.030942636742e-24 ||r(i)||/||b|| 6.938973040215e-08
320 KSP unpreconditioned resid norm 2.008866870900e-24 true resid norm 2.008866870886e-24 ||r(i)||/||b|| 6.863548386977e-08
321 KSP unpreconditioned resid norm 1.988940476396e-24 true resid norm 1.988940476429e-24 ||r(i)||/||b|| 6.795467333668e-08
322 KSP unpreconditioned resid norm 1.966580466543e-24 true resid norm 1.966580466554e-24 ||r(i)||/||b|| 6.719071524697e-08
323 KSP unpreconditioned resid norm 1.948837043341e-24 true resid norm 1.948837043304e-24 ||r(i)||/||b|| 6.658448869315e-08
324 KSP unpreconditioned resid norm 1.927299114270e-24 true resid norm 1.927299114247e-24 ||r(i)||/||b|| 6.584861803701e-08
325 KSP unpreconditioned resid norm 1.910558976767e-24 true resid norm 1.910558976797e-24 ||r(i)||/||b|| 6.527667001466e-08
326 KSP unpreconditioned resid norm 1.883686675989e-24 true resid norm 1.883686675975e-24 ||r(i)||/||b|| 6.435854378324e-08
327 KSP unpreconditioned resid norm 1.855191163651e-24 true resid norm 1.855191163705e-24 ||r(i)||/||b|| 6.338495847448e-08
328 KSP unpreconditioned resid norm 1.817445389225e-24 true resid norm 1.817445389211e-24 ||r(i)||/||b|| 6.209532622757e-08
329 KSP unpreconditioned resid norm 1.774725092646e-24 true resid norm 1.774725092705e-24 ||r(i)||/||b|| 6.063573312845e-08
330 KSP unpreconditioned resid norm 1.725623699515e-24 true resid norm 1.725623699492e-24 ||r(i)||/||b|| 5.895812176921e-08
331 KSP unpreconditioned resid norm 1.676328080311e-24 true resid norm 1.676328080351e-24 ||r(i)||/||b|| 5.727387443484e-08
332 KSP unpreconditioned resid norm 1.629646367713e-24 true resid norm 1.629646367675e-24 ||r(i)||/||b|| 5.567893452924e-08
333 KSP unpreconditioned resid norm 1.578999504360e-24 true resid norm 1.578999504390e-24 ||r(i)||/||b|| 5.394852022531e-08
334 KSP unpreconditioned resid norm 1.534668067321e-24 true resid norm 1.534668067372e-24 ||r(i)||/||b|| 5.243388046770e-08
335 KSP unpreconditioned resid norm 1.486105958412e-24 true resid norm 1.486105958410e-24 ||r(i)||/||b|| 5.077469443869e-08
336 KSP unpreconditioned resid norm 1.437605917188e-24 true resid norm 1.437605917209e-24 ||r(i)||/||b|| 4.911762903341e-08
337 KSP unpreconditioned resid norm 1.390399910570e-24 true resid norm 1.390399910577e-24 ||r(i)||/||b|| 4.750477596001e-08
338 KSP unpreconditioned resid norm 1.346161044202e-24 true resid norm 1.346161044191e-24 ||r(i)||/||b|| 4.599329899546e-08
339 KSP unpreconditioned resid norm 1.303844256012e-24 true resid norm 1.303844256040e-24 ||r(i)||/||b|| 4.454749227093e-08
340 KSP unpreconditioned resid norm 1.266339523117e-24 true resid norm 1.266339523050e-24 ||r(i)||/||b|| 4.326609551265e-08
341 KSP unpreconditioned resid norm 1.229071991886e-24 true resid norm 1.229071991874e-24 ||r(i)||/||b|| 4.199280305512e-08
342 KSP unpreconditioned resid norm 1.186175345102e-24 true resid norm 1.186175345092e-24 ||r(i)||/||b|| 4.052718472524e-08
343 KSP unpreconditioned resid norm 1.136892355520e-24 true resid norm 1.136892355520e-24 ||r(i)||/||b|| 3.884336889610e-08
344 KSP unpreconditioned resid norm 1.081309110065e-24 true resid norm 1.081309110059e-24 ||r(i)||/||b|| 3.694429683584e-08
345 KSP unpreconditioned resid norm 1.025267415481e-24 true resid norm 1.025267415492e-24 ||r(i)||/||b|| 3.502956128059e-08
346 KSP unpreconditioned resid norm 9.629135142333e-25 true resid norm 9.629135142169e-25 ||r(i)||/||b|| 3.289916117930e-08
  Linear solve converged due to CONVERGED_ATOL iterations 346
Mat Object: 1 MPI process
  type: seqaijcusparse
  rows=281452, cols=281452, bs=4
  total: nonzeros=15993520, allocated nonzeros=15993520
  total number of mallocs used during MatSetValues calls=0
    not using I-node routines
Vec Object: 1 MPI process
  type: seqcuda
  length=281452, bs=4
Vec Object: 1 MPI process
  type: seqcuda
  length=281452, bs=4
KSP Object: 1 MPI process
  type: gmres
    restart=100, using classical (unmodified) Gram-Schmidt orthogonalization with no iterative refinement
    happy breakdown tolerance=1e-30
  maximum iterations=2000, initial guess is zero
  tolerances: relative=1e-10, absolute=1e-24, divergence=10000.
  right preconditioning
  diagonally scaled system
  using UNPRECONDITIONED norm type for convergence test
PC Object: 1 MPI process
  type: asm
    total subdomain blocks = 1, amount of overlap = 2
    restriction/interpolation type - RESTRICT
    Local solver information for first block is in the following KSP and PC objects on rank 0:
    Use -ksp_view ::ascii_info_detail to display information for all blocks
    KSP Object: (sub_) 1 MPI process
      type: preonly
      maximum iterations=10000, initial guess is zero
      tolerances: relative=1e-05, absolute=1e-50, divergence=10000.
      left preconditioning
      not checking for convergence
    PC Object: (sub_) 1 MPI process
      type: ilu
        out-of-place factorization
        2 levels of fill
        tolerance for zero pivot 2.22045e-14
        matrix ordering: natural
        factor fill ratio given 1., needed 4.996
          Factored matrix:
            Mat Object: (sub_) 1 MPI process
              type: seqaijcusparse
              rows=281452, cols=281452, bs=4
              package used to perform factorization: cusparse
              total: nonzeros=79903664, allocated nonzeros=79903664
                using I-node routines: found 70363 nodes, limit used is 5
      linear system matrix, which is also used to construct the preconditioner:
      Mat Object: (sub_) 1 MPI process
        type: seqaijcusparse
        rows=281452, cols=281452, bs=4
        total: nonzeros=15993520, allocated nonzeros=15993520
        total number of mallocs used during MatSetValues calls=0
          not using I-node routines
  linear system matrix, which is also used to construct the preconditioner:
  Mat Object: 1 MPI process
    type: seqaijcusparse
    rows=281452, cols=281452, bs=4
    total: nonzeros=15993520, allocated nonzeros=15993520
    total number of mallocs used during MatSetValues calls=0
      not using I-node routines
 NS     68-2    2.443e+03 [  -4  6.220e-01  2.903e-14  3.290e-08] [  346 -172   68]
Vec Object: 1 MPI process
  type: seqcuda
  length=281452, bs=4
Mat Object: 1 MPI process
  type: seqaijcusparse
  rows=281452, cols=281452, bs=4
  total: nonzeros=15993520, allocated nonzeros=15993520
  total number of mallocs used during MatSetValues calls=0
    not using I-node routines
Mat Object: 1 MPI process
  type: seqaijcusparse
  rows=281452, cols=281452, bs=4
  total: nonzeros=15993520, allocated nonzeros=15993520
  total number of mallocs used during MatSetValues calls=0
    not using I-node routines
SV13P_REUSE step=69 equation=0 reuse=0 rebuild_requests=9 solve_requests=17 ksp=0x55729b63aa50 pc=0x55729d0f73e0
  0 KSP unpreconditioned resid norm 4.587386224769e-17 true resid norm 4.587386224769e-17 ||r(i)||/||b|| 1.000000000000e+00
  1 KSP unpreconditioned resid norm 2.399820431914e-18 true resid norm 2.399820431914e-18 ||r(i)||/||b|| 5.231345943702e-02
  2 KSP unpreconditioned resid norm 8.565856484491e-19 true resid norm 8.565856484491e-19 ||r(i)||/||b|| 1.867262982620e-02
  3 KSP unpreconditioned resid norm 4.662543040723e-19 true resid norm 4.662543040723e-19 ||r(i)||/||b|| 1.016383363482e-02
  4 KSP unpreconditioned resid norm 2.985367078059e-19 true resid norm 2.985367078059e-19 ||r(i)||/||b|| 6.507773559462e-03
  5 KSP unpreconditioned resid norm 2.071419167137e-19 true resid norm 2.071419167137e-19 ||r(i)||/||b|| 4.515467121458e-03
  6 KSP unpreconditioned resid norm 1.474369796924e-19 true resid norm 1.474369796924e-19 ||r(i)||/||b|| 3.213964825904e-03
  7 KSP unpreconditioned resid norm 1.101258474741e-19 true resid norm 1.101258474741e-19 ||r(i)||/||b|| 2.400622970866e-03
  8 KSP unpreconditioned resid norm 8.625510319371e-20 true resid norm 8.625510319371e-20 ||r(i)||/||b|| 1.880266865868e-03
  9 KSP unpreconditioned resid norm 6.857124536911e-20 true resid norm 6.857124536911e-20 ||r(i)||/||b|| 1.494778115670e-03
 10 KSP unpreconditioned resid norm 5.527577450494e-20 true resid norm 5.527577450494e-20 ||r(i)||/||b|| 1.204951399263e-03
 11 KSP unpreconditioned resid norm 4.723017654894e-20 true resid norm 4.723017654894e-20 ||r(i)||/||b|| 1.029566167634e-03
 12 KSP unpreconditioned resid norm 4.122274253305e-20 true resid norm 4.122274253305e-20 ||r(i)||/||b|| 8.986106796605e-04
 13 KSP unpreconditioned resid norm 3.586138373894e-20 true resid norm 3.586138373894e-20 ||r(i)||/||b|| 7.817389245604e-04
 14 KSP unpreconditioned resid norm 3.128447905399e-20 true resid norm 3.128447905399e-20 ||r(i)||/||b|| 6.819674106592e-04
 15 KSP unpreconditioned resid norm 2.737533728690e-20 true resid norm 2.737533728690e-20 ||r(i)||/||b|| 5.967523976747e-04
 16 KSP unpreconditioned resid norm 2.482183409996e-20 true resid norm 2.482183409996e-20 ||r(i)||/||b|| 5.410888223439e-04
 17 KSP unpreconditioned resid norm 2.315380256980e-20 true resid norm 2.315380256980e-20 ||r(i)||/||b|| 5.047275602125e-04
 18 KSP unpreconditioned resid norm 2.149684011176e-20 true resid norm 2.149684011176e-20 ||r(i)||/||b|| 4.686075917412e-04
 19 KSP unpreconditioned resid norm 2.037541827489e-20 true resid norm 2.037541827489e-20 ||r(i)||/||b|| 4.441618228018e-04
 20 KSP unpreconditioned resid norm 1.954590486281e-20 true resid norm 1.954590486281e-20 ||r(i)||/||b|| 4.260793381048e-04
 21 KSP unpreconditioned resid norm 1.889305178074e-20 true resid norm 1.889305178074e-20 ||r(i)||/||b|| 4.118478552934e-04
 22 KSP unpreconditioned resid norm 1.837020237113e-20 true resid norm 1.837020237113e-20 ||r(i)||/||b|| 4.004503102866e-04
 23 KSP unpreconditioned resid norm 1.797683548345e-20 true resid norm 1.797683548345e-20 ||r(i)||/||b|| 3.918753425727e-04
 24 KSP unpreconditioned resid norm 1.754001536900e-20 true resid norm 1.754001536900e-20 ||r(i)||/||b|| 3.823531420636e-04
 25 KSP unpreconditioned resid norm 1.709994834391e-20 true resid norm 1.709994834391e-20 ||r(i)||/||b|| 3.727601624555e-04
 26 KSP unpreconditioned resid norm 1.670552780763e-20 true resid norm 1.670552780763e-20 ||r(i)||/||b|| 3.641622263552e-04
 27 KSP unpreconditioned resid norm 1.636609228516e-20 true resid norm 1.636609228516e-20 ||r(i)||/||b|| 3.567629033891e-04
 28 KSP unpreconditioned resid norm 1.595799144793e-20 true resid norm 1.595799144793e-20 ||r(i)||/||b|| 3.478667516976e-04
 29 KSP unpreconditioned resid norm 1.552079729642e-20 true resid norm 1.552079729642e-20 ||r(i)||/||b|| 3.383363975900e-04
 30 KSP unpreconditioned resid norm 1.514210391608e-20 true resid norm 1.514210391608e-20 ||r(i)||/||b|| 3.300812962798e-04
 31 KSP unpreconditioned resid norm 1.483773445656e-20 true resid norm 1.483773445656e-20 ||r(i)||/||b|| 3.234463751154e-04
 32 KSP unpreconditioned resid norm 1.460703001036e-20 true resid norm 1.460703001036e-20 ||r(i)||/||b|| 3.184172706343e-04
 33 KSP unpreconditioned resid norm 1.445492798847e-20 true resid norm 1.445492798847e-20 ||r(i)||/||b|| 3.151016129930e-04
 34 KSP unpreconditioned resid norm 1.428347326092e-20 true resid norm 1.428347326092e-20 ||r(i)||/||b|| 3.113640875451e-04
 35 KSP unpreconditioned resid norm 1.411380106519e-20 true resid norm 1.411380106519e-20 ||r(i)||/||b|| 3.076654193402e-04
 36 KSP unpreconditioned resid norm 1.391481348504e-20 true resid norm 1.391481348504e-20 ||r(i)||/||b|| 3.033277078331e-04
 37 KSP unpreconditioned resid norm 1.367838800091e-20 true resid norm 1.367838800090e-20 ||r(i)||/||b|| 2.981738909851e-04
 38 KSP unpreconditioned resid norm 1.344761330432e-20 true resid norm 1.344761330432e-20 ||r(i)||/||b|| 2.931432551223e-04
 39 KSP unpreconditioned resid norm 1.321256320808e-20 true resid norm 1.321256320808e-20 ||r(i)||/||b|| 2.880194202255e-04
 40 KSP unpreconditioned resid norm 1.301148699241e-20 true resid norm 1.301148699240e-20 ||r(i)||/||b|| 2.836361787493e-04
 41 KSP unpreconditioned resid norm 1.281714758061e-20 true resid norm 1.281714758061e-20 ||r(i)||/||b|| 2.793997922260e-04
 42 KSP unpreconditioned resid norm 1.262673842747e-20 true resid norm 1.262673842746e-20 ||r(i)||/||b|| 2.752490810407e-04
 43 KSP unpreconditioned resid norm 1.238198048808e-20 true resid norm 1.238198048808e-20 ||r(i)||/||b|| 2.699136257860e-04
 44 KSP unpreconditioned resid norm 1.204832518731e-20 true resid norm 1.204832518731e-20 ||r(i)||/||b|| 2.626403053281e-04
 45 KSP unpreconditioned resid norm 1.170962754634e-20 true resid norm 1.170962754634e-20 ||r(i)||/||b|| 2.552570673712e-04
 46 KSP unpreconditioned resid norm 1.133321982442e-20 true resid norm 1.133321982441e-20 ||r(i)||/||b|| 2.470517909136e-04
 47 KSP unpreconditioned resid norm 1.096530412206e-20 true resid norm 1.096530412206e-20 ||r(i)||/||b|| 2.390316311901e-04
 48 KSP unpreconditioned resid norm 1.063847838132e-20 true resid norm 1.063847838132e-20 ||r(i)||/||b|| 2.319071876677e-04
 49 KSP unpreconditioned resid norm 1.035145090426e-20 true resid norm 1.035145090426e-20 ||r(i)||/||b|| 2.256503027447e-04
 50 KSP unpreconditioned resid norm 9.991452696792e-21 true resid norm 9.991452696790e-21 ||r(i)||/||b|| 2.178027357462e-04
 51 KSP unpreconditioned resid norm 9.625967198543e-21 true resid norm 9.625967198541e-21 ||r(i)||/||b|| 2.098355518131e-04
 52 KSP unpreconditioned resid norm 9.157244050724e-21 true resid norm 9.157244050722e-21 ||r(i)||/||b|| 1.996179000861e-04
 53 KSP unpreconditioned resid norm 8.701795720286e-21 true resid norm 8.701795720285e-21 ||r(i)||/||b|| 1.896896248522e-04
 54 KSP unpreconditioned resid norm 8.249998314997e-21 true resid norm 8.249998314995e-21 ||r(i)||/||b|| 1.798409357915e-04
 55 KSP unpreconditioned resid norm 7.834553480868e-21 true resid norm 7.834553480866e-21 ||r(i)||/||b|| 1.707846930037e-04
 56 KSP unpreconditioned resid norm 7.437084823255e-21 true resid norm 7.437084823252e-21 ||r(i)||/||b|| 1.621203111937e-04
 57 KSP unpreconditioned resid norm 7.086959309055e-21 true resid norm 7.086959309053e-21 ||r(i)||/||b|| 1.544879581054e-04
 58 KSP unpreconditioned resid norm 6.801405662731e-21 true resid norm 6.801405662729e-21 ||r(i)||/||b|| 1.482632010797e-04
 59 KSP unpreconditioned resid norm 6.535214512795e-21 true resid norm 6.535214512794e-21 ||r(i)||/||b|| 1.424605252880e-04
 60 KSP unpreconditioned resid norm 6.281584047252e-21 true resid norm 6.281584047252e-21 ||r(i)||/||b|| 1.369316586717e-04
 61 KSP unpreconditioned resid norm 6.038815227392e-21 true resid norm 6.038815227392e-21 ||r(i)||/||b|| 1.316395640460e-04
 62 KSP unpreconditioned resid norm 5.775155883345e-21 true resid norm 5.775155883344e-21 ||r(i)||/||b|| 1.258920788523e-04
 63 KSP unpreconditioned resid norm 5.513920721660e-21 true resid norm 5.513920721660e-21 ||r(i)||/||b|| 1.201974381814e-04
 64 KSP unpreconditioned resid norm 5.311836881693e-21 true resid norm 5.311836881693e-21 ||r(i)||/||b|| 1.157922315983e-04
 65 KSP unpreconditioned resid norm 5.124920478098e-21 true resid norm 5.124920478099e-21 ||r(i)||/||b|| 1.117176585313e-04
 66 KSP unpreconditioned resid norm 4.961530694666e-21 true resid norm 4.961530694669e-21 ||r(i)||/||b|| 1.081559400401e-04
 67 KSP unpreconditioned resid norm 4.816830868035e-21 true resid norm 4.816830868038e-21 ||r(i)||/||b|| 1.050016421559e-04
 68 KSP unpreconditioned resid norm 4.692796776672e-21 true resid norm 4.692796776676e-21 ||r(i)||/||b|| 1.022978346872e-04
 69 KSP unpreconditioned resid norm 4.580425147553e-21 true resid norm 4.580425147558e-21 ||r(i)||/||b|| 9.984825613390e-05
 70 KSP unpreconditioned resid norm 4.455405336689e-21 true resid norm 4.455405336694e-21 ||r(i)||/||b|| 9.712296105869e-05
 71 KSP unpreconditioned resid norm 4.327505202052e-21 true resid norm 4.327505202057e-21 ||r(i)||/||b|| 9.433487807701e-05
 72 KSP unpreconditioned resid norm 4.173933295187e-21 true resid norm 4.173933295192e-21 ||r(i)||/||b|| 9.098717855183e-05
 73 KSP unpreconditioned resid norm 4.007999686945e-21 true resid norm 4.007999686951e-21 ||r(i)||/||b|| 8.737000746330e-05
 74 KSP unpreconditioned resid norm 3.856614400905e-21 true resid norm 3.856614400911e-21 ||r(i)||/||b|| 8.406997387942e-05
 75 KSP unpreconditioned resid norm 3.695250217589e-21 true resid norm 3.695250217595e-21 ||r(i)||/||b|| 8.055241125422e-05
 76 KSP unpreconditioned resid norm 3.544626353864e-21 true resid norm 3.544626353870e-21 ||r(i)||/||b|| 7.726897584361e-05
 77 KSP unpreconditioned resid norm 3.368717426340e-21 true resid norm 3.368717426346e-21 ||r(i)||/||b|| 7.343435371013e-05
 78 KSP unpreconditioned resid norm 3.193063819782e-21 true resid norm 3.193063819790e-21 ||r(i)||/||b|| 6.960529729435e-05
 79 KSP unpreconditioned resid norm 3.030275903912e-21 true resid norm 3.030275903922e-21 ||r(i)||/||b|| 6.605669885741e-05
 80 KSP unpreconditioned resid norm 2.897587594120e-21 true resid norm 2.897587594130e-21 ||r(i)||/||b|| 6.316423889677e-05
 81 KSP unpreconditioned resid norm 2.791621545670e-21 true resid norm 2.791621545680e-21 ||r(i)||/||b|| 6.085429499281e-05
 82 KSP unpreconditioned resid norm 2.694888429656e-21 true resid norm 2.694888429665e-21 ||r(i)||/||b|| 5.874561891288e-05
 83 KSP unpreconditioned resid norm 2.620127991250e-21 true resid norm 2.620127991258e-21 ||r(i)||/||b|| 5.711592316145e-05
 84 KSP unpreconditioned resid norm 2.549879607464e-21 true resid norm 2.549879607471e-21 ||r(i)||/||b|| 5.558458526346e-05
 85 KSP unpreconditioned resid norm 2.495184201816e-21 true resid norm 2.495184201823e-21 ||r(i)||/||b|| 5.439228527022e-05
 86 KSP unpreconditioned resid norm 2.443320183038e-21 true resid norm 2.443320183045e-21 ||r(i)||/||b|| 5.326170641252e-05
 87 KSP unpreconditioned resid norm 2.401892824981e-21 true resid norm 2.401892824987e-21 ||r(i)||/||b|| 5.235863533832e-05
 88 KSP unpreconditioned resid norm 2.362168748599e-21 true resid norm 2.362168748602e-21 ||r(i)||/||b|| 5.149269394079e-05
 89 KSP unpreconditioned resid norm 2.325332717898e-21 true resid norm 2.325332717900e-21 ||r(i)||/||b|| 5.068970877893e-05
 90 KSP unpreconditioned resid norm 2.291573223211e-21 true resid norm 2.291573223212e-21 ||r(i)||/||b|| 4.995378873571e-05
 91 KSP unpreconditioned resid norm 2.261746160903e-21 true resid norm 2.261746160904e-21 ||r(i)||/||b|| 4.930359141536e-05
 92 KSP unpreconditioned resid norm 2.253777784108e-21 true resid norm 2.253770107583e-21 ||r(i)||/||b|| 4.912972218068e-05
 93 KSP unpreconditioned resid norm 2.229033122021e-21 true resid norm 2.220341130997e-21 ||r(i)||/||b|| 4.840100707040e-05
 94 KSP unpreconditioned resid norm 2.222002597495e-21 true resid norm 2.211758784480e-21 ||r(i)||/||b|| 4.821392130747e-05
 95 KSP unpreconditioned resid norm 2.212377844650e-21 true resid norm 2.190213524294e-21 ||r(i)||/||b|| 4.774425821110e-05
 96 KSP unpreconditioned resid norm 2.212024768422e-21 true resid norm 2.188179608017e-21 ||r(i)||/||b|| 4.769992106185e-05
 97 KSP unpreconditioned resid norm 2.212015482093e-21 true resid norm 2.188002062811e-21 ||r(i)||/||b|| 4.769605077064e-05
 98 KSP unpreconditioned resid norm 2.211920507530e-21 true resid norm 2.188173308660e-21 ||r(i)||/||b|| 4.769978374276e-05
 99 KSP unpreconditioned resid norm 2.211797973320e-21 true resid norm 2.187533215187e-21 ||r(i)||/||b|| 4.768583040546e-05
100 KSP unpreconditioned resid norm 2.187415827091e-21 true resid norm 2.187415827091e-21 ||r(i)||/||b|| 4.768327147342e-05
101 KSP unpreconditioned resid norm 2.176477480672e-21 true resid norm 2.176477480672e-21 ||r(i)||/||b|| 4.744482749067e-05
102 KSP unpreconditioned resid norm 2.156739204978e-21 true resid norm 2.156739204978e-21 ||r(i)||/||b|| 4.701455467893e-05
103 KSP unpreconditioned resid norm 2.138941605705e-21 true resid norm 2.138941605705e-21 ||r(i)||/||b|| 4.662658648963e-05
104 KSP unpreconditioned resid norm 2.108086616795e-21 true resid norm 2.108086616795e-21 ||r(i)||/||b|| 4.595398149415e-05
105 KSP unpreconditioned resid norm 2.085242978886e-21 true resid norm 2.085242978886e-21 ||r(i)||/||b|| 4.545601518414e-05
106 KSP unpreconditioned resid norm 2.066193871225e-21 true resid norm 2.066193871225e-21 ||r(i)||/||b|| 4.504076548142e-05
107 KSP unpreconditioned resid norm 2.041883430506e-21 true resid norm 2.041883430506e-21 ||r(i)||/||b|| 4.451082447519e-05
108 KSP unpreconditioned resid norm 2.012469994453e-21 true resid norm 2.012469994453e-21 ||r(i)||/||b|| 4.386964375458e-05
109 KSP unpreconditioned resid norm 1.978529534320e-21 true resid norm 1.978529534320e-21 ||r(i)||/||b|| 4.312977886269e-05
110 KSP unpreconditioned resid norm 1.948397860044e-21 true resid norm 1.948397860044e-21 ||r(i)||/||b|| 4.247294133474e-05
111 KSP unpreconditioned resid norm 1.917943899838e-21 true resid norm 1.917943899838e-21 ||r(i)||/||b|| 4.180907832618e-05
112 KSP unpreconditioned resid norm 1.875094258786e-21 true resid norm 1.875094258786e-21 ||r(i)||/||b|| 4.087500303902e-05
113 KSP unpreconditioned resid norm 1.813474460656e-21 true resid norm 1.813474460656e-21 ||r(i)||/||b|| 3.953175886662e-05
114 KSP unpreconditioned resid norm 1.729703310101e-21 true resid norm 1.729703310101e-21 ||r(i)||/||b|| 3.770563945023e-05
115 KSP unpreconditioned resid norm 1.634522153832e-21 true resid norm 1.634522153832e-21 ||r(i)||/||b|| 3.563079439458e-05
116 KSP unpreconditioned resid norm 1.536708936290e-21 true resid norm 1.536708936290e-21 ||r(i)||/||b|| 3.349857328326e-05
117 KSP unpreconditioned resid norm 1.466183427249e-21 true resid norm 1.466183427249e-21 ||r(i)||/||b|| 3.196119435798e-05
118 KSP unpreconditioned resid norm 1.404156719742e-21 true resid norm 1.404156719742e-21 ||r(i)||/||b|| 3.060908000641e-05
119 KSP unpreconditioned resid norm 1.351420015106e-21 true resid norm 1.351420015106e-21 ||r(i)||/||b|| 2.945947755194e-05
120 KSP unpreconditioned resid norm 1.302675665288e-21 true resid norm 1.302675665288e-21 ||r(i)||/||b|| 2.839690406390e-05
121 KSP unpreconditioned resid norm 1.255660023396e-21 true resid norm 1.255660023396e-21 ||r(i)||/||b|| 2.737201451704e-05
122 KSP unpreconditioned resid norm 1.216556661440e-21 true resid norm 1.216556661440e-21 ||r(i)||/||b|| 2.651960401484e-05
123 KSP unpreconditioned resid norm 1.182101496169e-21 true resid norm 1.182101496169e-21 ||r(i)||/||b|| 2.576851911414e-05
124 KSP unpreconditioned resid norm 1.148302967420e-21 true resid norm 1.148302967420e-21 ||r(i)||/||b|| 2.503174817111e-05
125 KSP unpreconditioned resid norm 1.111126479129e-21 true resid norm 1.111126479129e-21 ||r(i)||/||b|| 2.422134140634e-05
126 KSP unpreconditioned resid norm 1.070698463374e-21 true resid norm 1.070698463374e-21 ||r(i)||/||b|| 2.334005490082e-05
127 KSP unpreconditioned resid norm 1.035382343507e-21 true resid norm 1.035382343507e-21 ||r(i)||/||b|| 2.257020213202e-05
128 KSP unpreconditioned resid norm 1.003540849426e-21 true resid norm 1.003540849426e-21 ||r(i)||/||b|| 2.187609240329e-05
129 KSP unpreconditioned resid norm 9.685567462004e-22 true resid norm 9.685567462005e-22 ||r(i)||/||b|| 2.111347723396e-05
130 KSP unpreconditioned resid norm 9.308319592945e-22 true resid norm 9.308319592946e-22 ||r(i)||/||b|| 2.029111815937e-05
131 KSP unpreconditioned resid norm 8.980554835962e-22 true resid norm 8.980554835962e-22 ||r(i)||/||b|| 1.957662685447e-05
132 KSP unpreconditioned resid norm 8.631593364399e-22 true resid norm 8.631593364399e-22 ||r(i)||/||b|| 1.881592903121e-05
133 KSP unpreconditioned resid norm 8.284715412669e-22 true resid norm 8.284715412669e-22 ||r(i)||/||b|| 1.805977305320e-05
134 KSP unpreconditioned resid norm 7.946964438847e-22 true resid norm 7.946964438848e-22 ||r(i)||/||b|| 1.732351288832e-05
135 KSP unpreconditioned resid norm 7.573046781342e-22 true resid norm 7.573046781341e-22 ||r(i)||/||b|| 1.650841331051e-05
136 KSP unpreconditioned resid norm 7.155230945637e-22 true resid norm 7.155230945636e-22 ||r(i)||/||b|| 1.559762050774e-05
137 KSP unpreconditioned resid norm 6.747629910328e-22 true resid norm 6.747629910329e-22 ||r(i)||/||b|| 1.470909485209e-05
138 KSP unpreconditioned resid norm 6.389886737717e-22 true resid norm 6.389886737716e-22 ||r(i)||/||b|| 1.392925388147e-05
139 KSP unpreconditioned resid norm 6.053870579908e-22 true resid norm 6.053870579909e-22 ||r(i)||/||b|| 1.319677542567e-05
140 KSP unpreconditioned resid norm 5.766372082384e-22 true resid norm 5.766372082384e-22 ||r(i)||/||b|| 1.257006016029e-05
141 KSP unpreconditioned resid norm 5.514414437682e-22 true resid norm 5.514414437682e-22 ||r(i)||/||b|| 1.202082006505e-05
142 KSP unpreconditioned resid norm 5.297872162868e-22 true resid norm 5.297872162869e-22 ||r(i)||/||b|| 1.154878160087e-05
143 KSP unpreconditioned resid norm 5.088715646487e-22 true resid norm 5.088715646487e-22 ||r(i)||/||b|| 1.109284328189e-05
144 KSP unpreconditioned resid norm 4.915772335500e-22 true resid norm 4.915772335500e-22 ||r(i)||/||b|| 1.071584578808e-05
145 KSP unpreconditioned resid norm 4.720123319405e-22 true resid norm 4.720123319405e-22 ||r(i)||/||b|| 1.028935234169e-05
146 KSP unpreconditioned resid norm 4.531568358096e-22 true resid norm 4.531568358097e-22 ||r(i)||/||b|| 9.878323158468e-06
147 KSP unpreconditioned resid norm 4.357592325310e-22 true resid norm 4.357592325310e-22 ||r(i)||/||b|| 9.499074444140e-06
148 KSP unpreconditioned resid norm 4.220144379853e-22 true resid norm 4.220144379854e-22 ||r(i)||/||b|| 9.199452963145e-06
149 KSP unpreconditioned resid norm 4.122197854906e-22 true resid norm 4.122197854907e-22 ||r(i)||/||b|| 8.985940256459e-06
150 KSP unpreconditioned resid norm 4.044775052784e-22 true resid norm 4.044775052785e-22 ||r(i)||/||b|| 8.817167019743e-06
151 KSP unpreconditioned resid norm 3.976225011688e-22 true resid norm 3.976225011689e-22 ||r(i)||/||b|| 8.667735431170e-06
152 KSP unpreconditioned resid norm 3.910061270220e-22 true resid norm 3.910061270221e-22 ||r(i)||/||b|| 8.523505714669e-06
153 KSP unpreconditioned resid norm 3.842438776710e-22 true resid norm 3.842438776710e-22 ||r(i)||/||b|| 8.376096078338e-06
154 KSP unpreconditioned resid norm 3.772693417678e-22 true resid norm 3.772693417677e-22 ||r(i)||/||b|| 8.224058827459e-06
155 KSP unpreconditioned resid norm 3.713474626085e-22 true resid norm 3.713474626085e-22 ||r(i)||/||b|| 8.094968341744e-06
156 KSP unpreconditioned resid norm 3.669687407335e-22 true resid norm 3.669687407336e-22 ||r(i)||/||b|| 7.999516996241e-06
157 KSP unpreconditioned resid norm 3.628852469569e-22 true resid norm 3.628852469569e-22 ||r(i)||/||b|| 7.910501300231e-06
158 KSP unpreconditioned resid norm 3.586480492759e-22 true resid norm 3.586480492759e-22 ||r(i)||/||b|| 7.818135027294e-06
159 KSP unpreconditioned resid norm 3.536868885361e-22 true resid norm 3.536868885361e-22 ||r(i)||/||b|| 7.709987151866e-06
160 KSP unpreconditioned resid norm 3.481676195902e-22 true resid norm 3.481676195903e-22 ||r(i)||/||b|| 7.589673128249e-06
161 KSP unpreconditioned resid norm 3.413608789888e-22 true resid norm 3.413608789888e-22 ||r(i)||/||b|| 7.441293631343e-06
162 KSP unpreconditioned resid norm 3.346975323415e-22 true resid norm 3.346975323414e-22 ||r(i)||/||b|| 7.296039965728e-06
163 KSP unpreconditioned resid norm 3.269810926713e-22 true resid norm 3.269810926712e-22 ||r(i)||/||b|| 7.127830024552e-06
164 KSP unpreconditioned resid norm 3.198261609837e-22 true resid norm 3.198261609836e-22 ||r(i)||/||b|| 6.971860342973e-06
165 KSP unpreconditioned resid norm 3.120519397318e-22 true resid norm 3.120519397316e-22 ||r(i)||/||b|| 6.802390826540e-06
166 KSP unpreconditioned resid norm 3.047067591389e-22 true resid norm 3.047067591386e-22 ||r(i)||/||b|| 6.642273927000e-06
167 KSP unpreconditioned resid norm 2.975373325117e-22 true resid norm 2.975373325115e-22 ||r(i)||/||b|| 6.485988271601e-06
168 KSP unpreconditioned resid norm 2.885754470146e-22 true resid norm 2.885754470146e-22 ||r(i)||/||b|| 6.290628974218e-06
169 KSP unpreconditioned resid norm 2.794466326686e-22 true resid norm 2.794466326686e-22 ||r(i)||/||b|| 6.091630810587e-06
170 KSP unpreconditioned resid norm 2.697785310981e-22 true resid norm 2.697785310981e-22 ||r(i)||/||b|| 5.880876775570e-06
171 KSP unpreconditioned resid norm 2.612400655212e-22 true resid norm 2.612400655213e-22 ||r(i)||/||b|| 5.694747569124e-06
172 KSP unpreconditioned resid norm 2.528357686610e-22 true resid norm 2.528357686611e-22 ||r(i)||/||b|| 5.511543093885e-06
173 KSP unpreconditioned resid norm 2.441598101902e-22 true resid norm 2.441598101904e-22 ||r(i)||/||b|| 5.322416692801e-06
174 KSP unpreconditioned resid norm 2.349731841186e-22 true resid norm 2.349731841189e-22 ||r(i)||/||b|| 5.122158296814e-06
175 KSP unpreconditioned resid norm 2.261581059824e-22 true resid norm 2.261581059826e-22 ||r(i)||/||b|| 4.929999239251e-06
176 KSP unpreconditioned resid norm 2.177996610929e-22 true resid norm 2.177996610931e-22 ||r(i)||/||b|| 4.747794286801e-06
177 KSP unpreconditioned resid norm 2.077779607496e-22 true resid norm 2.077779607496e-22 ||r(i)||/||b|| 4.529332185455e-06
178 KSP unpreconditioned resid norm 1.944205503925e-22 true resid norm 1.944205503921e-22 ||r(i)||/||b|| 4.238155255871e-06
179 KSP unpreconditioned resid norm 1.759051390917e-22 true resid norm 1.759051390912e-22 ||r(i)||/||b|| 3.834539549809e-06
180 KSP unpreconditioned resid norm 1.578512839701e-22 true resid norm 1.578512839695e-22 ||r(i)||/||b|| 3.440985263399e-06
181 KSP unpreconditioned resid norm 1.415307172081e-22 true resid norm 1.415307172075e-22 ||r(i)||/||b|| 3.085214766599e-06
182 KSP unpreconditioned resid norm 1.288767532813e-22 true resid norm 1.288767532808e-22 ||r(i)||/||b|| 2.809372199466e-06
183 KSP unpreconditioned resid norm 1.184700012719e-22 true resid norm 1.184700012714e-22 ||r(i)||/||b|| 2.582516393143e-06
184 KSP unpreconditioned resid norm 1.108134186086e-22 true resid norm 1.108134186080e-22 ||r(i)||/||b|| 2.415611269217e-06
185 KSP unpreconditioned resid norm 1.049607292191e-22 true resid norm 1.049607292184e-22 ||r(i)||/||b|| 2.288029044769e-06
186 KSP unpreconditioned resid norm 1.004909164265e-22 true resid norm 1.004909164258e-22 ||r(i)||/||b|| 2.190592016936e-06
187 KSP unpreconditioned resid norm 9.587926605331e-23 true resid norm 9.587926605249e-23 ||r(i)||/||b|| 2.090063085049e-06
188 KSP unpreconditioned resid norm 9.102325165566e-23 true resid norm 9.102325165477e-23 ||r(i)||/||b|| 1.984207284822e-06
189 KSP unpreconditioned resid norm 8.599012749426e-23 true resid norm 8.599012749350e-23 ||r(i)||/||b|| 1.874490685550e-06
190 KSP unpreconditioned resid norm 8.194500169337e-23 true resid norm 8.194500169284e-23 ||r(i)||/||b|| 1.786311369433e-06
191 KSP unpreconditioned resid norm 7.813683852132e-23 true resid norm 7.813683852088e-23 ||r(i)||/||b|| 1.703297579327e-06
192 KSP unpreconditioned resid norm 7.713256965071e-23 true resid norm 7.677896795151e-23 ||r(i)||/||b|| 1.673697486751e-06
193 KSP unpreconditioned resid norm 7.693262717527e-23 true resid norm 7.615014625149e-23 ||r(i)||/||b|| 1.659989861772e-06
194 KSP unpreconditioned resid norm 7.691349665188e-23 true resid norm 7.604673413961e-23 ||r(i)||/||b|| 1.657735590891e-06
195 KSP unpreconditioned resid norm 7.689636390343e-23 true resid norm 7.598463863606e-23 ||r(i)||/||b|| 1.656381976861e-06
196 KSP unpreconditioned resid norm 7.684727778569e-23 true resid norm 7.577469062753e-23 ||r(i)||/||b|| 1.651805340008e-06
197 KSP unpreconditioned resid norm 7.684337375729e-23 true resid norm 7.576123224622e-23 ||r(i)||/||b|| 1.651511962022e-06
198 KSP unpreconditioned resid norm 7.681462238320e-23 true resid norm 7.570351829933e-23 ||r(i)||/||b|| 1.650253861133e-06
199 KSP unpreconditioned resid norm 7.681461966891e-23 true resid norm 7.570363985824e-23 ||r(i)||/||b|| 1.650256510984e-06
200 KSP unpreconditioned resid norm 7.567942582130e-23 true resid norm 7.567942582130e-23 ||r(i)||/||b|| 1.649728671475e-06
201 KSP unpreconditioned resid norm 7.315800841301e-23 true resid norm 7.315800841301e-23 ||r(i)||/||b|| 1.594764531009e-06
202 KSP unpreconditioned resid norm 7.068566742719e-23 true resid norm 7.068566742722e-23 ||r(i)||/||b|| 1.540870202852e-06
203 KSP unpreconditioned resid norm 6.859057161487e-23 true resid norm 6.859057161502e-23 ||r(i)||/||b|| 1.495199406683e-06
204 KSP unpreconditioned resid norm 6.622957061074e-23 true resid norm 6.622957061087e-23 ||r(i)||/||b|| 1.443732168294e-06
205 KSP unpreconditioned resid norm 6.415056355540e-23 true resid norm 6.415056355551e-23 ||r(i)||/||b|| 1.398412089419e-06
206 KSP unpreconditioned resid norm 6.185979515135e-23 true resid norm 6.185979515139e-23 ||r(i)||/||b|| 1.348475844859e-06
207 KSP unpreconditioned resid norm 5.973729622688e-23 true resid norm 5.973729622692e-23 ||r(i)||/||b|| 1.302207690828e-06
208 KSP unpreconditioned resid norm 5.738041752188e-23 true resid norm 5.738041752183e-23 ||r(i)||/||b|| 1.250830314047e-06
209 KSP unpreconditioned resid norm 5.510626531940e-23 true resid norm 5.510626531937e-23 ||r(i)||/||b|| 1.201256284501e-06
210 KSP unpreconditioned resid norm 5.247982770285e-23 true resid norm 5.247982770288e-23 ||r(i)||/||b|| 1.144002818414e-06
211 KSP unpreconditioned resid norm 4.993231436971e-23 true resid norm 4.993231436980e-23 ||r(i)||/||b|| 1.088469815343e-06
212 KSP unpreconditioned resid norm 4.723335489592e-23 true resid norm 4.723335489597e-23 ||r(i)||/||b|| 1.029635452122e-06
213 KSP unpreconditioned resid norm 4.456854146192e-23 true resid norm 4.456854146198e-23 ||r(i)||/||b|| 9.715454352054e-07
214 KSP unpreconditioned resid norm 4.168400196036e-23 true resid norm 4.168400196041e-23 ||r(i)||/||b|| 9.086656304488e-07
215 KSP unpreconditioned resid norm 3.907105999601e-23 true resid norm 3.907105999607e-23 ||r(i)||/||b|| 8.517063548108e-07
216 KSP unpreconditioned resid norm 3.717515592839e-23 true resid norm 3.717515592845e-23 ||r(i)||/||b|| 8.103777207102e-07
217 KSP unpreconditioned resid norm 3.566787869023e-23 true resid norm 3.566787869021e-23 ||r(i)||/||b|| 7.775207262390e-07
218 KSP unpreconditioned resid norm 3.404376928029e-23 true resid norm 3.404376928040e-23 ||r(i)||/||b|| 7.421169182701e-07
219 KSP unpreconditioned resid norm 3.242067231728e-23 true resid norm 3.242067231738e-23 ||r(i)||/||b|| 7.067351805332e-07
220 KSP unpreconditioned resid norm 3.057211163550e-23 true resid norm 3.057211163564e-23 ||r(i)||/||b|| 6.664385804398e-07
221 KSP unpreconditioned resid norm 2.897923991368e-23 true resid norm 2.897923991370e-23 ||r(i)||/||b|| 6.317157198849e-07
222 KSP unpreconditioned resid norm 2.733000669701e-23 true resid norm 2.733000669712e-23 ||r(i)||/||b|| 5.957642404199e-07
223 KSP unpreconditioned resid norm 2.586725770550e-23 true resid norm 2.586725770565e-23 ||r(i)||/||b|| 5.638779130039e-07
224 KSP unpreconditioned resid norm 2.452442709959e-23 true resid norm 2.452442709964e-23 ||r(i)||/||b|| 5.346056751713e-07
225 KSP unpreconditioned resid norm 2.339380622022e-23 true resid norm 2.339380622030e-23 ||r(i)||/||b|| 5.099593771719e-07
226 KSP unpreconditioned resid norm 2.242135877660e-23 true resid norm 2.242135877675e-23 ||r(i)||/||b|| 4.887610869930e-07
227 KSP unpreconditioned resid norm 2.132358180750e-23 true resid norm 2.132358180757e-23 ||r(i)||/||b|| 4.648307502961e-07
228 KSP unpreconditioned resid norm 2.023318578733e-23 true resid norm 2.023318578742e-23 ||r(i)||/||b|| 4.410613102114e-07
229 KSP unpreconditioned resid norm 1.923897401216e-23 true resid norm 1.923897401231e-23 ||r(i)||/||b|| 4.193885814198e-07
230 KSP unpreconditioned resid norm 1.850537015080e-23 true resid norm 1.850537015085e-23 ||r(i)||/||b|| 4.033968199786e-07
231 KSP unpreconditioned resid norm 1.799599614348e-23 true resid norm 1.799599614356e-23 ||r(i)||/||b|| 3.922930239969e-07
232 KSP unpreconditioned resid norm 1.764548174321e-23 true resid norm 1.764548174337e-23 ||r(i)||/||b|| 3.846521936195e-07
233 KSP unpreconditioned resid norm 1.735034335146e-23 true resid norm 1.735034335156e-23 ||r(i)||/||b|| 3.782184996302e-07
234 KSP unpreconditioned resid norm 1.711581948489e-23 true resid norm 1.711581948508e-23 ||r(i)||/||b|| 3.731061359663e-07
235 KSP unpreconditioned resid norm 1.689203966178e-23 true resid norm 1.689203966182e-23 ||r(i)||/||b|| 3.682279806880e-07
236 KSP unpreconditioned resid norm 1.668108798470e-23 true resid norm 1.668108798484e-23 ||r(i)||/||b|| 3.636294649615e-07
237 KSP unpreconditioned resid norm 1.649151568136e-23 true resid norm 1.649151568151e-23 ||r(i)||/||b|| 3.594969961863e-07
238 KSP unpreconditioned resid norm 1.627266352323e-23 true resid norm 1.627266352336e-23 ||r(i)||/||b|| 3.547262586155e-07
239 KSP unpreconditioned resid norm 1.606923420141e-23 true resid norm 1.606923420152e-23 ||r(i)||/||b|| 3.502917219996e-07
240 KSP unpreconditioned resid norm 1.587340635721e-23 true resid norm 1.587340635731e-23 ||r(i)||/||b|| 3.460228892786e-07
241 KSP unpreconditioned resid norm 1.570664507219e-23 true resid norm 1.570664507239e-23 ||r(i)||/||b|| 3.423876757441e-07
242 KSP unpreconditioned resid norm 1.552090368155e-23 true resid norm 1.552090368166e-23 ||r(i)||/||b|| 3.383387166719e-07
243 KSP unpreconditioned resid norm 1.533278031347e-23 true resid norm 1.533278031363e-23 ||r(i)||/||b|| 3.342378331007e-07
244 KSP unpreconditioned resid norm 1.510393270324e-23 true resid norm 1.510393270343e-23 ||r(i)||/||b|| 3.292492056126e-07
245 KSP unpreconditioned resid norm 1.487173325811e-23 true resid norm 1.487173325817e-23 ||r(i)||/||b|| 3.241875117876e-07
246 KSP unpreconditioned resid norm 1.448762450038e-23 true resid norm 1.448762450054e-23 ||r(i)||/||b|| 3.158143611784e-07
247 KSP unpreconditioned resid norm 1.397553460660e-23 true resid norm 1.397553460670e-23 ||r(i)||/||b|| 3.046513618418e-07
248 KSP unpreconditioned resid norm 1.339023411336e-23 true resid norm 1.339023411338e-23 ||r(i)||/||b|| 2.918924515464e-07
249 KSP unpreconditioned resid norm 1.284700101810e-23 true resid norm 1.284700101817e-23 ||r(i)||/||b|| 2.800505644981e-07
250 KSP unpreconditioned resid norm 1.231973427138e-23 true resid norm 1.231973427141e-23 ||r(i)||/||b|| 2.685567263748e-07
251 KSP unpreconditioned resid norm 1.187026027757e-23 true resid norm 1.187026027777e-23 ||r(i)||/||b|| 2.587586851458e-07
252 KSP unpreconditioned resid norm 1.144272080761e-23 true resid norm 1.144272080770e-23 ||r(i)||/||b|| 2.494387925290e-07
253 KSP unpreconditioned resid norm 1.104111017234e-23 true resid norm 1.104111017238e-23 ||r(i)||/||b|| 2.406841201372e-07
254 KSP unpreconditioned resid norm 1.056553042207e-23 true resid norm 1.056553042216e-23 ||r(i)||/||b|| 2.303170019807e-07
255 KSP unpreconditioned resid norm 9.984597440656e-24 true resid norm 9.984597440692e-24 ||r(i)||/||b|| 2.176532986646e-07
256 KSP unpreconditioned resid norm 9.364140641295e-24 true resid norm 9.364140641414e-24 ||r(i)||/||b|| 2.041280193687e-07
257 KSP unpreconditioned resid norm 8.770517622973e-24 true resid norm 8.770517623102e-24 ||r(i)||/||b|| 1.911876871354e-07
258 KSP unpreconditioned resid norm 8.155081975996e-24 true resid norm 8.155081976027e-24 ||r(i)||/||b|| 1.777718634632e-07
259 KSP unpreconditioned resid norm 7.610118372798e-24 true resid norm 7.610118372934e-24 ||r(i)||/||b|| 1.658922532366e-07
260 KSP unpreconditioned resid norm 7.208021421561e-24 true resid norm 7.208021421652e-24 ||r(i)||/||b|| 1.571269796891e-07
261 KSP unpreconditioned resid norm 6.866543298180e-24 true resid norm 6.866543298370e-24 ||r(i)||/||b|| 1.496831302604e-07
262 KSP unpreconditioned resid norm 6.586786320655e-24 true resid norm 6.586786320883e-24 ||r(i)||/||b|| 1.435847342724e-07
263 KSP unpreconditioned resid norm 6.313980036790e-24 true resid norm 6.313980036808e-24 ||r(i)||/||b|| 1.376378557950e-07
264 KSP unpreconditioned resid norm 6.021652224362e-24 true resid norm 6.021652224340e-24 ||r(i)||/||b|| 1.312654293599e-07
265 KSP unpreconditioned resid norm 5.744082115716e-24 true resid norm 5.744082115758e-24 ||r(i)||/||b|| 1.252147047210e-07
266 KSP unpreconditioned resid norm 5.469641804967e-24 true resid norm 5.469641805009e-24 ||r(i)||/||b|| 1.192322062502e-07
267 KSP unpreconditioned resid norm 5.241200990367e-24 true resid norm 5.241200990447e-24 ||r(i)||/||b|| 1.142524464617e-07
268 KSP unpreconditioned resid norm 5.076178635450e-24 true resid norm 5.076178635506e-24 ||r(i)||/||b|| 1.106551396980e-07
269 KSP unpreconditioned resid norm 4.944393462640e-24 true resid norm 4.944393462823e-24 ||r(i)||/||b|| 1.077823671381e-07
270 KSP unpreconditioned resid norm 4.809367510426e-24 true resid norm 4.809367510538e-24 ||r(i)||/||b|| 1.048389491290e-07
271 KSP unpreconditioned resid norm 4.657446168533e-24 true resid norm 4.657446168562e-24 ||r(i)||/||b|| 1.015272301123e-07
272 KSP unpreconditioned resid norm 4.500483318880e-24 true resid norm 4.500483319009e-24 ||r(i)||/||b|| 9.810561174705e-08
273 KSP unpreconditioned resid norm 4.337373948344e-24 true resid norm 4.337373948514e-24 ||r(i)||/||b|| 9.455000595099e-08
274 KSP unpreconditioned resid norm 4.179449629379e-24 true resid norm 4.179449629418e-24 ||r(i)||/||b|| 9.110742860175e-08
275 KSP unpreconditioned resid norm 4.026344174998e-24 true resid norm 4.026344175010e-24 ||r(i)||/||b|| 8.776989722973e-08
276 KSP unpreconditioned resid norm 3.886408913839e-24 true resid norm 3.886408914013e-24 ||r(i)||/||b|| 8.471946166270e-08
277 KSP unpreconditioned resid norm 3.746943148618e-24 true resid norm 3.746943148725e-24 ||r(i)||/||b|| 8.167926058839e-08
278 KSP unpreconditioned resid norm 3.629414815070e-24 true resid norm 3.629414815204e-24 ||r(i)||/||b|| 7.911727152179e-08
279 KSP unpreconditioned resid norm 3.516356924978e-24 true resid norm 3.516356925059e-24 ||r(i)||/||b|| 7.665273322906e-08
280 KSP unpreconditioned resid norm 3.413866485712e-24 true resid norm 3.413866485918e-24 ||r(i)||/||b|| 7.441855380490e-08
281 KSP unpreconditioned resid norm 3.310398282148e-24 true resid norm 3.310398282157e-24 ||r(i)||/||b|| 7.216306018193e-08
282 KSP unpreconditioned resid norm 3.220911712630e-24 true resid norm 3.220911712576e-24 ||r(i)||/||b|| 7.021235088482e-08
283 KSP unpreconditioned resid norm 3.151455959220e-24 true resid norm 3.151455959268e-24 ||r(i)||/||b|| 6.869829146393e-08
284 KSP unpreconditioned resid norm 3.100072148697e-24 true resid norm 3.100072148703e-24 ||r(i)||/||b|| 6.757818061982e-08
285 KSP unpreconditioned resid norm 3.048684606891e-24 true resid norm 3.048684606938e-24 ||r(i)||/||b|| 6.645798843964e-08
286 KSP unpreconditioned resid norm 3.003019806833e-24 true resid norm 3.003019806907e-24 ||r(i)||/||b|| 6.546254576719e-08
287 KSP unpreconditioned resid norm 2.956173719093e-24 true resid norm 2.956173719129e-24 ||r(i)||/||b|| 6.444135231447e-08
288 KSP unpreconditioned resid norm 2.918083720562e-24 true resid norm 2.918083720683e-24 ||r(i)||/||b|| 6.361103202795e-08
289 KSP unpreconditioned resid norm 2.878028804216e-24 true resid norm 2.878028804280e-24 ||r(i)||/||b|| 6.273787868004e-08
290 KSP unpreconditioned resid norm 2.834096248436e-24 true resid norm 2.834096248503e-24 ||r(i)||/||b|| 6.178019703684e-08
291 KSP unpreconditioned resid norm 2.807374287602e-24 true resid norm 2.818544466867e-24 ||r(i)||/||b|| 6.144118521456e-08
292 KSP unpreconditioned resid norm 2.806214949999e-24 true resid norm 2.811017836329e-24 ||r(i)||/||b|| 6.127711290476e-08
293 KSP unpreconditioned resid norm 2.804714617612e-24 true resid norm 2.818626405084e-24 ||r(i)||/||b|| 6.144297137803e-08
294 KSP unpreconditioned resid norm 2.804625395157e-24 true resid norm 2.819235697829e-24 ||r(i)||/||b|| 6.145625329315e-08
295 KSP unpreconditioned resid norm 2.802650610133e-24 true resid norm 2.834091206820e-24 ||r(i)||/||b|| 6.178008713367e-08
296 KSP unpreconditioned resid norm 2.801188800098e-24 true resid norm 2.840484206700e-24 ||r(i)||/||b|| 6.191944753558e-08
297 KSP unpreconditioned resid norm 2.798318970289e-24 true resid norm 2.862993979823e-24 ||r(i)||/||b|| 6.241013595858e-08
298 KSP unpreconditioned resid norm 2.798275476742e-24 true resid norm 2.864608063202e-24 ||r(i)||/||b|| 6.244532121004e-08
299 KSP unpreconditioned resid norm 2.796476131467e-24 true resid norm 2.882880541010e-24 ||r(i)||/||b|| 6.284364123178e-08
300 KSP unpreconditioned resid norm 2.882712003481e-24 true resid norm 2.882712003481e-24 ||r(i)||/||b|| 6.283996729809e-08
301 KSP unpreconditioned resid norm 2.856691061392e-24 true resid norm 2.856691061374e-24 ||r(i)||/||b|| 6.227273923328e-08
302 KSP unpreconditioned resid norm 2.828515667435e-24 true resid norm 2.828515667417e-24 ||r(i)||/||b|| 6.165854647565e-08
303 KSP unpreconditioned resid norm 2.809994470369e-24 true resid norm 2.809994470340e-24 ||r(i)||/||b|| 6.125480464600e-08
304 KSP unpreconditioned resid norm 2.785821285629e-24 true resid norm 2.785821285730e-24 ||r(i)||/||b|| 6.072785567276e-08
305 KSP unpreconditioned resid norm 2.763123000229e-24 true resid norm 2.763123000169e-24 ||r(i)||/||b|| 6.023305788490e-08
306 KSP unpreconditioned resid norm 2.731002527113e-24 true resid norm 2.731002527091e-24 ||r(i)||/||b|| 5.953286671931e-08
307 KSP unpreconditioned resid norm 2.698313273094e-24 true resid norm 2.698313273018e-24 ||r(i)||/||b|| 5.882027675039e-08
308 KSP unpreconditioned resid norm 2.660356928765e-24 true resid norm 2.660356928642e-24 ||r(i)||/||b|| 5.799286997633e-08
309 KSP unpreconditioned resid norm 2.620844079420e-24 true resid norm 2.620844079362e-24 ||r(i)||/||b|| 5.713153309855e-08
310 KSP unpreconditioned resid norm 2.585064227315e-24 true resid norm 2.585064227212e-24 ||r(i)||/||b|| 5.635157147342e-08
311 KSP unpreconditioned resid norm 2.551779156836e-24 true resid norm 2.551779156787e-24 ||r(i)||/||b|| 5.562599335999e-08
312 KSP unpreconditioned resid norm 2.520169943654e-24 true resid norm 2.520169943643e-24 ||r(i)||/||b|| 5.493694710152e-08
313 KSP unpreconditioned resid norm 2.483110084972e-24 true resid norm 2.483110084937e-24 ||r(i)||/||b|| 5.412908273409e-08
314 KSP unpreconditioned resid norm 2.445421497040e-24 true resid norm 2.445421496883e-24 ||r(i)||/||b|| 5.330751275486e-08
315 KSP unpreconditioned resid norm 2.402295917292e-24 true resid norm 2.402295917358e-24 ||r(i)||/||b|| 5.236742231094e-08
316 KSP unpreconditioned resid norm 2.358005647807e-24 true resid norm 2.358005647768e-24 ||r(i)||/||b|| 5.140194289804e-08
317 KSP unpreconditioned resid norm 2.306918070610e-24 true resid norm 2.306918070559e-24 ||r(i)||/||b|| 5.028828961693e-08
318 KSP unpreconditioned resid norm 2.251368191309e-24 true resid norm 2.251368191311e-24 ||r(i)||/||b|| 4.907736303422e-08
319 KSP unpreconditioned resid norm 2.201941014316e-24 true resid norm 2.201941014349e-24 ||r(i)||/||b|| 4.799990466162e-08
320 KSP unpreconditioned resid norm 2.147043163734e-24 true resid norm 2.147043163744e-24 ||r(i)||/||b|| 4.680319158983e-08
321 KSP unpreconditioned resid norm 2.101798494137e-24 true resid norm 2.101798494148e-24 ||r(i)||/||b|| 4.581690730115e-08
322 KSP unpreconditioned resid norm 2.047145885836e-24 true resid norm 2.047145885809e-24 ||r(i)||/||b|| 4.462554024241e-08
323 KSP unpreconditioned resid norm 1.993899352378e-24 true resid norm 1.993899352368e-24 ||r(i)||/||b|| 4.346482407788e-08
324 KSP unpreconditioned resid norm 1.928812847839e-24 true resid norm 1.928812847907e-24 ||r(i)||/||b|| 4.204600950086e-08
325 KSP unpreconditioned resid norm 1.858410130613e-24 true resid norm 1.858410130599e-24 ||r(i)||/||b|| 4.051130730098e-08
326 KSP unpreconditioned resid norm 1.782062430049e-24 true resid norm 1.782062430066e-24 ||r(i)||/||b|| 3.884701097205e-08
327 KSP unpreconditioned resid norm 1.713030855025e-24 true resid norm 1.713030855065e-24 ||r(i)||/||b|| 3.734219817412e-08
328 KSP unpreconditioned resid norm 1.654521453741e-24 true resid norm 1.654521453764e-24 ||r(i)||/||b|| 3.606675724907e-08
329 KSP unpreconditioned resid norm 1.592004314627e-24 true resid norm 1.592004314607e-24 ||r(i)||/||b|| 3.470395202418e-08
330 KSP unpreconditioned resid norm 1.521373325264e-24 true resid norm 1.521373325202e-24 ||r(i)||/||b|| 3.316427374238e-08
331 KSP unpreconditioned resid norm 1.444940834910e-24 true resid norm 1.444940834938e-24 ||r(i)||/||b|| 3.149812909008e-08
332 KSP unpreconditioned resid norm 1.367471628727e-24 true resid norm 1.367471628823e-24 ||r(i)||/||b|| 2.980938516666e-08
333 KSP unpreconditioned resid norm 1.301757117651e-24 true resid norm 1.301757117625e-24 ||r(i)||/||b|| 2.837688072996e-08
334 KSP unpreconditioned resid norm 1.244262490305e-24 true resid norm 1.244262490311e-24 ||r(i)||/||b|| 2.712356076741e-08
335 KSP unpreconditioned resid norm 1.197033414531e-24 true resid norm 1.197033414495e-24 ||r(i)||/||b|| 2.609401859456e-08
336 KSP unpreconditioned resid norm 1.149074385593e-24 true resid norm 1.149074385557e-24 ||r(i)||/||b|| 2.504856424236e-08
337 KSP unpreconditioned resid norm 1.108386761092e-24 true resid norm 1.108386761009e-24 ||r(i)||/||b|| 2.416161854924e-08
338 KSP unpreconditioned resid norm 1.067938475575e-24 true resid norm 1.067938475550e-24 ||r(i)||/||b|| 2.327989018636e-08
339 KSP unpreconditioned resid norm 1.026736677796e-24 true resid norm 1.026736677693e-24 ||r(i)||/||b|| 2.238173607772e-08
340 KSP unpreconditioned resid norm 9.904213403826e-25 true resid norm 9.904213403513e-25 ||r(i)||/||b|| 2.159010146135e-08
  Linear solve converged due to CONVERGED_ATOL iterations 340
Mat Object: 1 MPI process
  type: seqaijcusparse
  rows=281452, cols=281452, bs=4
  total: nonzeros=15993520, allocated nonzeros=15993520
  total number of mallocs used during MatSetValues calls=0
    not using I-node routines
Vec Object: 1 MPI process
  type: seqcuda
  length=281452, bs=4
Vec Object: 1 MPI process
  type: seqcuda
  length=281452, bs=4
KSP Object: 1 MPI process
  type: gmres
    restart=100, using classical (unmodified) Gram-Schmidt orthogonalization with no iterative refinement
    happy breakdown tolerance=1e-30
  maximum iterations=2000, initial guess is zero
  tolerances: relative=1e-10, absolute=1e-24, divergence=10000.
  right preconditioning
  diagonally scaled system
  using UNPRECONDITIONED norm type for convergence test
PC Object: 1 MPI process
  type: asm
    total subdomain blocks = 1, amount of overlap = 2
    restriction/interpolation type - RESTRICT
    Local solver information for first block is in the following KSP and PC objects on rank 0:
    Use -ksp_view ::ascii_info_detail to display information for all blocks
    KSP Object: (sub_) 1 MPI process
      type: preonly
      maximum iterations=10000, initial guess is zero
      tolerances: relative=1e-05, absolute=1e-50, divergence=10000.
      left preconditioning
      not checking for convergence
    PC Object: (sub_) 1 MPI process
      type: ilu
        out-of-place factorization
        2 levels of fill
        tolerance for zero pivot 2.22045e-14
        matrix ordering: natural
        factor fill ratio given 1., needed 4.996
          Factored matrix:
            Mat Object: (sub_) 1 MPI process
              type: seqaijcusparse
              rows=281452, cols=281452, bs=4
              package used to perform factorization: cusparse
              total: nonzeros=79903664, allocated nonzeros=79903664
                using I-node routines: found 70363 nodes, limit used is 5
      linear system matrix, which is also used to construct the preconditioner:
      Mat Object: (sub_) 1 MPI process
        type: seqaijcusparse
        rows=281452, cols=281452, bs=4
        total: nonzeros=15993520, allocated nonzeros=15993520
        total number of mallocs used during MatSetValues calls=0
          not using I-node routines
  linear system matrix, which is also used to construct the preconditioner:
  Mat Object: 1 MPI process
    type: seqaijcusparse
    rows=281452, cols=281452, bs=4
    total: nonzeros=15993520, allocated nonzeros=15993520
    total number of mallocs used during MatSetValues calls=0
      not using I-node routines
 NS     69-1    2.456e+03 [   0  1.000e+00  4.550e-14  2.159e-08] [  340 -177   82]
Vec Object: 1 MPI process
  type: seqcuda
  length=281452, bs=4
Mat Object: 1 MPI process
  type: seqaijcusparse
  rows=281452, cols=281452, bs=4
  total: nonzeros=15993520, allocated nonzeros=15993520
  total number of mallocs used during MatSetValues calls=0
    not using I-node routines
Mat Object: 1 MPI process
  type: seqaijcusparse
  rows=281452, cols=281452, bs=4
  total: nonzeros=15993520, allocated nonzeros=15993520
  total number of mallocs used during MatSetValues calls=0
    not using I-node routines
SV13P_REUSE step=69 equation=0 reuse=1 rebuild_requests=9 solve_requests=18 ksp=0x55729b63aa50 pc=0x55729d0f73e0
  0 KSP unpreconditioned resid norm 3.088135855720e-17 true resid norm 3.088135855720e-17 ||r(i)||/||b|| 1.000000000000e+00
  1 KSP unpreconditioned resid norm 1.936489395778e-18 true resid norm 1.936489395778e-18 ||r(i)||/||b|| 6.270739003244e-02
  2 KSP unpreconditioned resid norm 6.759783663412e-19 true resid norm 6.759783663412e-19 ||r(i)||/||b|| 2.188952811416e-02
  3 KSP unpreconditioned resid norm 3.761691417246e-19 true resid norm 3.761691417246e-19 ||r(i)||/||b|| 1.218110728606e-02
  4 KSP unpreconditioned resid norm 2.433148603201e-19 true resid norm 2.433148603201e-19 ||r(i)||/||b|| 7.879020602975e-03
  5 KSP unpreconditioned resid norm 1.682520663238e-19 true resid norm 1.682520663238e-19 ||r(i)||/||b|| 5.448337579194e-03
  6 KSP unpreconditioned resid norm 1.248994017495e-19 true resid norm 1.248994017495e-19 ||r(i)||/||b|| 4.044491809455e-03
  7 KSP unpreconditioned resid norm 9.955311978993e-20 true resid norm 9.955311978993e-20 ||r(i)||/||b|| 3.223728632454e-03
  8 KSP unpreconditioned resid norm 8.351836074064e-20 true resid norm 8.351836074064e-20 ||r(i)||/||b|| 2.704491144259e-03
  9 KSP unpreconditioned resid norm 7.017924942544e-20 true resid norm 7.017924942544e-20 ||r(i)||/||b|| 2.272544107651e-03
 10 KSP unpreconditioned resid norm 5.948506344747e-20 true resid norm 5.948506344747e-20 ||r(i)||/||b|| 1.926245030227e-03
 11 KSP unpreconditioned resid norm 4.956880111796e-20 true resid norm 4.956880111796e-20 ||r(i)||/||b|| 1.605136672538e-03
 12 KSP unpreconditioned resid norm 4.035742445765e-20 true resid norm 4.035742445765e-20 ||r(i)||/||b|| 1.306853919101e-03
 13 KSP unpreconditioned resid norm 3.499978566269e-20 true resid norm 3.499978566269e-20 ||r(i)||/||b|| 1.133362886152e-03
 14 KSP unpreconditioned resid norm 3.181584372095e-20 true resid norm 3.181584372096e-20 ||r(i)||/||b|| 1.030260493949e-03
 15 KSP unpreconditioned resid norm 2.954636385983e-20 true resid norm 2.954636385983e-20 ||r(i)||/||b|| 9.567702083150e-04
 16 KSP unpreconditioned resid norm 2.761626607179e-20 true resid norm 2.761626607179e-20 ||r(i)||/||b|| 8.942697912929e-04
 17 KSP unpreconditioned resid norm 2.582499751153e-20 true resid norm 2.582499751153e-20 ||r(i)||/||b|| 8.362649416377e-04
 18 KSP unpreconditioned resid norm 2.414185737428e-20 true resid norm 2.414185737428e-20 ||r(i)||/||b|| 7.817615060412e-04
 19 KSP unpreconditioned resid norm 2.271144166291e-20 true resid norm 2.271144166291e-20 ||r(i)||/||b|| 7.354417915534e-04
 20 KSP unpreconditioned resid norm 2.109138042111e-20 true resid norm 2.109138042111e-20 ||r(i)||/||b|| 6.829809764373e-04
 21 KSP unpreconditioned resid norm 1.952197026359e-20 true resid norm 1.952197026359e-20 ||r(i)||/||b|| 6.321603444818e-04
 22 KSP unpreconditioned resid norm 1.803831751488e-20 true resid norm 1.803831751488e-20 ||r(i)||/||b|| 5.841167085142e-04
 23 KSP unpreconditioned resid norm 1.668593299955e-20 true resid norm 1.668593299955e-20 ||r(i)||/||b|| 5.403237998304e-04
 24 KSP unpreconditioned resid norm 1.552156702693e-20 true resid norm 1.552156702693e-20 ||r(i)||/||b|| 5.026193066662e-04
 25 KSP unpreconditioned resid norm 1.445708950978e-20 true resid norm 1.445708950978e-20 ||r(i)||/||b|| 4.681494009727e-04
 26 KSP unpreconditioned resid norm 1.349886477591e-20 true resid norm 1.349886477591e-20 ||r(i)||/||b|| 4.371201723819e-04
 27 KSP unpreconditioned resid norm 1.273262812211e-20 true resid norm 1.273262812211e-20 ||r(i)||/||b|| 4.123079008499e-04
 28 KSP unpreconditioned resid norm 1.203641476292e-20 true resid norm 1.203641476292e-20 ||r(i)||/||b|| 3.897631232973e-04
 29 KSP unpreconditioned resid norm 1.147303492330e-20 true resid norm 1.147303492330e-20 ||r(i)||/||b|| 3.715197601184e-04
 30 KSP unpreconditioned resid norm 1.101890980380e-20 true resid norm 1.101890980380e-20 ||r(i)||/||b|| 3.568142827458e-04
 31 KSP unpreconditioned resid norm 1.069572752952e-20 true resid norm 1.069572752952e-20 ||r(i)||/||b|| 3.463489959390e-04
 32 KSP unpreconditioned resid norm 1.045833237297e-20 true resid norm 1.045833237297e-20 ||r(i)||/||b|| 3.386616671543e-04
 33 KSP unpreconditioned resid norm 1.023137004214e-20 true resid norm 1.023137004214e-20 ||r(i)||/||b|| 3.313121740803e-04
 34 KSP unpreconditioned resid norm 1.006596587416e-20 true resid norm 1.006596587416e-20 ||r(i)||/||b|| 3.259560571310e-04
 35 KSP unpreconditioned resid norm 9.891601615783e-21 true resid norm 9.891601615782e-21 ||r(i)||/||b|| 3.203097945791e-04
 36 KSP unpreconditioned resid norm 9.744636059441e-21 true resid norm 9.744636059440e-21 ||r(i)||/||b|| 3.155507566608e-04
 37 KSP unpreconditioned resid norm 9.602227329672e-21 true resid norm 9.602227329671e-21 ||r(i)||/||b|| 3.109392778781e-04
 38 KSP unpreconditioned resid norm 9.477662697763e-21 true resid norm 9.477662697762e-21 ||r(i)||/||b|| 3.069056265839e-04
 39 KSP unpreconditioned resid norm 9.400453068772e-21 true resid norm 9.400453068772e-21 ||r(i)||/||b|| 3.044054247600e-04
 40 KSP unpreconditioned resid norm 9.331017263102e-21 true resid norm 9.331017263101e-21 ||r(i)||/||b|| 3.021569548443e-04
 41 KSP unpreconditioned resid norm 9.261792083678e-21 true resid norm 9.261792083677e-21 ||r(i)||/||b|| 2.999153054267e-04
 42 KSP unpreconditioned resid norm 9.172829287054e-21 true resid norm 9.172829287053e-21 ||r(i)||/||b|| 2.970345125866e-04
 43 KSP unpreconditioned resid norm 9.082904482412e-21 true resid norm 9.082904482411e-21 ||r(i)||/||b|| 2.941225680077e-04
 44 KSP unpreconditioned resid norm 8.949674978448e-21 true resid norm 8.949674978446e-21 ||r(i)||/||b|| 2.898083308695e-04
 45 KSP unpreconditioned resid norm 8.821150036355e-21 true resid norm 8.821150036353e-21 ||r(i)||/||b|| 2.856464368306e-04
 46 KSP unpreconditioned resid norm 8.689986566256e-21 true resid norm 8.689986566254e-21 ||r(i)||/||b|| 2.813991019908e-04
 47 KSP unpreconditioned resid norm 8.539953823202e-21 true resid norm 8.539953823199e-21 ||r(i)||/||b|| 2.765407424476e-04
 48 KSP unpreconditioned resid norm 8.406171740075e-21 true resid norm 8.406171740072e-21 ||r(i)||/||b|| 2.722086116937e-04
 49 KSP unpreconditioned resid norm 8.258869422196e-21 true resid norm 8.258869422193e-21 ||r(i)||/||b|| 2.674386687650e-04
 50 KSP unpreconditioned resid norm 8.083824522433e-21 true resid norm 8.083824522430e-21 ||r(i)||/||b|| 2.617703656870e-04
 51 KSP unpreconditioned resid norm 7.915903075475e-21 true resid norm 7.915903075472e-21 ||r(i)||/||b|| 2.563327342224e-04
 52 KSP unpreconditioned resid norm 7.729803282394e-21 true resid norm 7.729803282391e-21 ||r(i)||/||b|| 2.503064516437e-04
 53 KSP unpreconditioned resid norm 7.527711286812e-21 true resid norm 7.527711286809e-21 ||r(i)||/||b|| 2.437623096427e-04
 54 KSP unpreconditioned resid norm 7.283150096892e-21 true resid norm 7.283150096889e-21 ||r(i)||/||b|| 2.358429304008e-04
 55 KSP unpreconditioned resid norm 7.030680170730e-21 true resid norm 7.030680170727e-21 ||r(i)||/||b|| 2.276674505010e-04
 56 KSP unpreconditioned resid norm 6.716612891913e-21 true resid norm 6.716612891909e-21 ||r(i)||/||b|| 2.174973254323e-04
 57 KSP unpreconditioned resid norm 6.384996706606e-21 true resid norm 6.384996706602e-21 ||r(i)||/||b|| 2.067589317605e-04
 58 KSP unpreconditioned resid norm 5.991313371397e-21 true resid norm 5.991313371392e-21 ||r(i)||/||b|| 1.940106799477e-04
 59 KSP unpreconditioned resid norm 5.593437867375e-21 true resid norm 5.593437867369e-21 ||r(i)||/||b|| 1.811266773451e-04
 60 KSP unpreconditioned resid norm 5.218237219183e-21 true resid norm 5.218237219178e-21 ||r(i)||/||b|| 1.689769318118e-04
 61 KSP unpreconditioned resid norm 4.887319108686e-21 true resid norm 4.887319108680e-21 ||r(i)||/||b|| 1.582611431951e-04
 62 KSP unpreconditioned resid norm 4.531767949590e-21 true resid norm 4.531767949585e-21 ||r(i)||/||b|| 1.467476873205e-04
 63 KSP unpreconditioned resid norm 4.177002492737e-21 true resid norm 4.177002492732e-21 ||r(i)||/||b|| 1.352596740521e-04
 64 KSP unpreconditioned resid norm 3.880620321203e-21 true resid norm 3.880620321199e-21 ||r(i)||/||b|| 1.256622280400e-04
 65 KSP unpreconditioned resid norm 3.631405694484e-21 true resid norm 3.631405694481e-21 ||r(i)||/||b|| 1.175921612307e-04
 66 KSP unpreconditioned resid norm 3.411435068981e-21 true resid norm 3.411435068979e-21 ||r(i)||/||b|| 1.104690735241e-04
 67 KSP unpreconditioned resid norm 3.223799386266e-21 true resid norm 3.223799386266e-21 ||r(i)||/||b|| 1.043930557749e-04
 68 KSP unpreconditioned resid norm 3.053039366544e-21 true resid norm 3.053039366544e-21 ||r(i)||/||b|| 9.886350566115e-05
 69 KSP unpreconditioned resid norm 2.909240537597e-21 true resid norm 2.909240537597e-21 ||r(i)||/||b|| 9.420701269369e-05
 70 KSP unpreconditioned resid norm 2.766339360661e-21 true resid norm 2.766339360660e-21 ||r(i)||/||b|| 8.957958748918e-05
 71 KSP unpreconditioned resid norm 2.647571078855e-21 true resid norm 2.647571078852e-21 ||r(i)||/||b|| 8.573363357535e-05
 72 KSP unpreconditioned resid norm 2.543560205042e-21 true resid norm 2.543560205038e-21 ||r(i)||/||b|| 8.236555397414e-05
 73 KSP unpreconditioned resid norm 2.475055280928e-21 true resid norm 2.475055280923e-21 ||r(i)||/||b|| 8.014722786041e-05
 74 KSP unpreconditioned resid norm 2.424447791856e-21 true resid norm 2.424447791851e-21 ||r(i)||/||b|| 7.850845639967e-05
 75 KSP unpreconditioned resid norm 2.376815818806e-21 true resid norm 2.376815818801e-21 ||r(i)||/||b|| 7.696603808406e-05
 76 KSP unpreconditioned resid norm 2.317887954949e-21 true resid norm 2.317887954944e-21 ||r(i)||/||b|| 7.505783628820e-05
 77 KSP unpreconditioned resid norm 2.237034860246e-21 true resid norm 2.237034860240e-21 ||r(i)||/||b|| 7.243965177557e-05
 78 KSP unpreconditioned resid norm 2.150047509671e-21 true resid norm 2.150047509667e-21 ||r(i)||/||b|| 6.962282781970e-05
 79 KSP unpreconditioned resid norm 2.071241912313e-21 true resid norm 2.071241912310e-21 ||r(i)||/||b|| 6.707094535601e-05
 80 KSP unpreconditioned resid norm 1.995298283393e-21 true resid norm 1.995298283392e-21 ||r(i)||/||b|| 6.461173914017e-05
 81 KSP unpreconditioned resid norm 1.910868279842e-21 true resid norm 1.910868279844e-21 ||r(i)||/||b|| 6.187772718301e-05
 82 KSP unpreconditioned resid norm 1.820180545397e-21 true resid norm 1.820180545401e-21 ||r(i)||/||b|| 5.894107741503e-05
 83 KSP unpreconditioned resid norm 1.757108724645e-21 true resid norm 1.757108724650e-21 ||r(i)||/||b|| 5.689868602754e-05
 84 KSP unpreconditioned resid norm 1.701015621140e-21 true resid norm 1.701015621146e-21 ||r(i)||/||b|| 5.508227942740e-05
 85 KSP unpreconditioned resid norm 1.652928260491e-21 true resid norm 1.652928260495e-21 ||r(i)||/||b|| 5.352511475276e-05
 86 KSP unpreconditioned resid norm 1.599974310401e-21 true resid norm 1.599974310402e-21 ||r(i)||/||b|| 5.181036020286e-05
 87 KSP unpreconditioned resid norm 1.550585408572e-21 true resid norm 1.550585408568e-21 ||r(i)||/||b|| 5.021104902804e-05
 88 KSP unpreconditioned resid norm 1.503774331403e-21 true resid norm 1.503774331394e-21 ||r(i)||/||b|| 4.869521295859e-05
 89 KSP unpreconditioned resid norm 1.458880387557e-21 true resid norm 1.458880387542e-21 ||r(i)||/||b|| 4.724145749092e-05
 90 KSP unpreconditioned resid norm 1.441501574434e-21 true resid norm 1.441493213455e-21 ||r(i)||/||b|| 4.667842610566e-05
 91 KSP unpreconditioned resid norm 1.426015901765e-21 true resid norm 1.450429662362e-21 ||r(i)||/||b|| 4.696780614995e-05
 92 KSP unpreconditioned resid norm 1.411929657721e-21 true resid norm 1.487473860878e-21 ||r(i)||/||b|| 4.816737120299e-05
 93 KSP unpreconditioned resid norm 1.365953078536e-21 true resid norm 1.556185409658e-21 ||r(i)||/||b|| 5.039238823561e-05
 94 KSP unpreconditioned resid norm 1.343751887904e-21 true resid norm 1.654279478648e-21 ||r(i)||/||b|| 5.356886989229e-05
 95 KSP unpreconditioned resid norm 1.311202266414e-21 true resid norm 1.777762177006e-21 ||r(i)||/||b|| 5.756748601952e-05
 96 KSP unpreconditioned resid norm 1.289219236543e-21 true resid norm 1.900764557625e-21 ||r(i)||/||b|| 6.155054850012e-05
 97 KSP unpreconditioned resid norm 1.263233646984e-21 true resid norm 2.032356318687e-21 ||r(i)||/||b|| 6.581175225572e-05
 98 KSP unpreconditioned resid norm 1.243948245000e-21 true resid norm 2.156210367085e-21 ||r(i)||/||b|| 6.982239343814e-05
 99 KSP unpreconditioned resid norm 1.219778882663e-21 true resid norm 2.284371684239e-21 ||r(i)||/||b|| 7.397251257607e-05
100 KSP unpreconditioned resid norm 2.403209634237e-21 true resid norm 2.403209634237e-21 ||r(i)||/||b|| 7.782072248490e-05
101 KSP unpreconditioned resid norm 1.362800510263e-21 true resid norm 1.362800510263e-21 ||r(i)||/||b|| 4.413019938028e-05
102 KSP unpreconditioned resid norm 1.299265847209e-21 true resid norm 1.299265847209e-21 ||r(i)||/||b|| 4.207282023561e-05
103 KSP unpreconditioned resid norm 1.254733138753e-21 true resid norm 1.254733138753e-21 ||r(i)||/||b|| 4.063076229075e-05
104 KSP unpreconditioned resid norm 1.226761723479e-21 true resid norm 1.226761723479e-21 ||r(i)||/||b|| 3.972499205975e-05
105 KSP unpreconditioned resid norm 1.210406574629e-21 true resid norm 1.210406574629e-21 ||r(i)||/||b|| 3.919537971062e-05
106 KSP unpreconditioned resid norm 1.197533090356e-21 true resid norm 1.197533090356e-21 ||r(i)||/||b|| 3.877851060657e-05
107 KSP unpreconditioned resid norm 1.185143620408e-21 true resid norm 1.185143620408e-21 ||r(i)||/||b|| 3.837731485202e-05
108 KSP unpreconditioned resid norm 1.171875199296e-21 true resid norm 1.171875199296e-21 ||r(i)||/||b|| 3.794765690522e-05
109 KSP unpreconditioned resid norm 1.158322529262e-21 true resid norm 1.158322529262e-21 ||r(i)||/||b|| 3.750879441123e-05
110 KSP unpreconditioned resid norm 1.146419047001e-21 true resid norm 1.146419047001e-21 ||r(i)||/||b|| 3.712333590757e-05
111 KSP unpreconditioned resid norm 1.134301145593e-21 true resid norm 1.134301145593e-21 ||r(i)||/||b|| 3.673093408414e-05
112 KSP unpreconditioned resid norm 1.120593367686e-21 true resid norm 1.120593367686e-21 ||r(i)||/||b|| 3.628704888776e-05
113 KSP unpreconditioned resid norm 1.101914759731e-21 true resid norm 1.101914759731e-21 ||r(i)||/||b|| 3.568219829740e-05
114 KSP unpreconditioned resid norm 1.082707429306e-21 true resid norm 1.082707429306e-21 ||r(i)||/||b|| 3.506022661861e-05
115 KSP unpreconditioned resid norm 1.062449195348e-21 true resid norm 1.062449195348e-21 ||r(i)||/||b|| 3.440422458681e-05
116 KSP unpreconditioned resid norm 1.038484883232e-21 true resid norm 1.038484883232e-21 ||r(i)||/||b|| 3.362821235045e-05
117 KSP unpreconditioned resid norm 1.007964021847e-21 true resid norm 1.007964021847e-21 ||r(i)||/||b|| 3.263988596809e-05
118 KSP unpreconditioned resid norm 9.631184772647e-22 true resid norm 9.631184772647e-22 ||r(i)||/||b|| 3.118769776532e-05
119 KSP unpreconditioned resid norm 9.061109965872e-22 true resid norm 9.061109965872e-22 ||r(i)||/||b|| 2.934168180810e-05
120 KSP unpreconditioned resid norm 8.525789546567e-22 true resid norm 8.525789546567e-22 ||r(i)||/||b|| 2.760820749118e-05
121 KSP unpreconditioned resid norm 8.075782021636e-22 true resid norm 8.075782021636e-22 ||r(i)||/||b|| 2.615099334661e-05
122 KSP unpreconditioned resid norm 7.685336876448e-22 true resid norm 7.685336876448e-22 ||r(i)||/||b|| 2.488665407065e-05
123 KSP unpreconditioned resid norm 7.391596527549e-22 true resid norm 7.391596527550e-22 ||r(i)||/||b|| 2.393546421819e-05
124 KSP unpreconditioned resid norm 7.177871098510e-22 true resid norm 7.177871098511e-22 ||r(i)||/||b|| 2.324337863962e-05
125 KSP unpreconditioned resid norm 7.024336199635e-22 true resid norm 7.024336199635e-22 ||r(i)||/||b|| 2.274620200605e-05
126 KSP unpreconditioned resid norm 6.888494544978e-22 true resid norm 6.888494544978e-22 ||r(i)||/||b|| 2.230631962716e-05
127 KSP unpreconditioned resid norm 6.729989316768e-22 true resid norm 6.729989316768e-22 ||r(i)||/||b|| 2.179304807559e-05
128 KSP unpreconditioned resid norm 6.538751098776e-22 true resid norm 6.538751098777e-22 ||r(i)||/||b|| 2.117378057272e-05
129 KSP unpreconditioned resid norm 6.334058192842e-22 true resid norm 6.334058192842e-22 ||r(i)||/||b|| 2.051094410600e-05
130 KSP unpreconditioned resid norm 6.140234083640e-22 true resid norm 6.140234083640e-22 ||r(i)||/||b|| 1.988330297149e-05
131 KSP unpreconditioned resid norm 5.941162227258e-22 true resid norm 5.941162227259e-22 ||r(i)||/||b|| 1.923866858465e-05
132 KSP unpreconditioned resid norm 5.729416858234e-22 true resid norm 5.729416858235e-22 ||r(i)||/||b|| 1.855299483545e-05
133 KSP unpreconditioned resid norm 5.537336405339e-22 true resid norm 5.537336405339e-22 ||r(i)||/||b|| 1.793100000792e-05
134 KSP unpreconditioned resid norm 5.362928169006e-22 true resid norm 5.362928169006e-22 ||r(i)||/||b|| 1.736623134333e-05
135 KSP unpreconditioned resid norm 5.182692012175e-22 true resid norm 5.182692012176e-22 ||r(i)||/||b|| 1.678259070946e-05
136 KSP unpreconditioned resid norm 4.965229414291e-22 true resid norm 4.965229414292e-22 ||r(i)||/||b|| 1.607840343259e-05
137 KSP unpreconditioned resid norm 4.752029173818e-22 true resid norm 4.752029173818e-22 ||r(i)||/||b|| 1.538801851938e-05
138 KSP unpreconditioned resid norm 4.495911146465e-22 true resid norm 4.495911146466e-22 ||r(i)||/||b|| 1.455865724993e-05
139 KSP unpreconditioned resid norm 4.182706442638e-22 true resid norm 4.182706442639e-22 ||r(i)||/||b|| 1.354443793297e-05
140 KSP unpreconditioned resid norm 3.850754841364e-22 true resid norm 3.850754841365e-22 ||r(i)||/||b|| 1.246951242198e-05
141 KSP unpreconditioned resid norm 3.527233458987e-22 true resid norm 3.527233458988e-22 ||r(i)||/||b|| 1.142188564164e-05
142 KSP unpreconditioned resid norm 3.264746765925e-22 true resid norm 3.264746765925e-22 ||r(i)||/||b|| 1.057190136204e-05
143 KSP unpreconditioned resid norm 3.019090723364e-22 true resid norm 3.019090723365e-22 ||r(i)||/||b|| 9.776418086570e-06
144 KSP unpreconditioned resid norm 2.843662122139e-22 true resid norm 2.843662122140e-22 ||r(i)||/||b|| 9.208345276883e-06
145 KSP unpreconditioned resid norm 2.681316159545e-22 true resid norm 2.681316159547e-22 ||r(i)||/||b|| 8.682636661142e-06
146 KSP unpreconditioned resid norm 2.548523078191e-22 true resid norm 2.548523078192e-22 ||r(i)||/||b|| 8.252626170806e-06
147 KSP unpreconditioned resid norm 2.419028842068e-22 true resid norm 2.419028842070e-22 ||r(i)||/||b|| 7.833297999467e-06
148 KSP unpreconditioned resid norm 2.285830036679e-22 true resid norm 2.285830036680e-22 ||r(i)||/||b|| 7.401973693759e-06
149 KSP unpreconditioned resid norm 2.150609253167e-22 true resid norm 2.150609253168e-22 ||r(i)||/||b|| 6.964101819499e-06
150 KSP unpreconditioned resid norm 2.014167114699e-22 true resid norm 2.014167114700e-22 ||r(i)||/||b|| 6.522274954221e-06
151 KSP unpreconditioned resid norm 1.906030587722e-22 true resid norm 1.906030587723e-22 ||r(i)||/||b|| 6.172107306071e-06
152 KSP unpreconditioned resid norm 1.834072000817e-22 true resid norm 1.834072000819e-22 ||r(i)||/||b|| 5.939091045562e-06
153 KSP unpreconditioned resid norm 1.785330216769e-22 true resid norm 1.785330216770e-22 ||r(i)||/||b|| 5.781255424572e-06
154 KSP unpreconditioned resid norm 1.747165307009e-22 true resid norm 1.747165307011e-22 ||r(i)||/||b|| 5.657669832676e-06
155 KSP unpreconditioned resid norm 1.714884891227e-22 true resid norm 1.714884891229e-22 ||r(i)||/||b|| 5.553139406263e-06
156 KSP unpreconditioned resid norm 1.689497815033e-22 true resid norm 1.689497815034e-22 ||r(i)||/||b|| 5.470930988688e-06
157 KSP unpreconditioned resid norm 1.670525005997e-22 true resid norm 1.670525005999e-22 ||r(i)||/||b|| 5.409493247858e-06
158 KSP unpreconditioned resid norm 1.657988958714e-22 true resid norm 1.657988958713e-22 ||r(i)||/||b|| 5.368899025741e-06
159 KSP unpreconditioned resid norm 1.646714304313e-22 true resid norm 1.646714304315e-22 ||r(i)||/||b|| 5.332389445446e-06
160 KSP unpreconditioned resid norm 1.635345649239e-22 true resid norm 1.635345649239e-22 ||r(i)||/||b|| 5.295575472205e-06
161 KSP unpreconditioned resid norm 1.620313376161e-22 true resid norm 1.620313376163e-22 ||r(i)||/||b|| 5.246897972969e-06
162 KSP unpreconditioned resid norm 1.605617350623e-22 true resid norm 1.605617350623e-22 ||r(i)||/||b|| 5.199309310337e-06
163 KSP unpreconditioned resid norm 1.589458248302e-22 true resid norm 1.589458248303e-22 ||r(i)||/||b|| 5.146982913199e-06
164 KSP unpreconditioned resid norm 1.571343611064e-22 true resid norm 1.571343611065e-22 ||r(i)||/||b|| 5.088324103857e-06
165 KSP unpreconditioned resid norm 1.549065707342e-22 true resid norm 1.549065707342e-22 ||r(i)||/||b|| 5.016183807046e-06
166 KSP unpreconditioned resid norm 1.525766686421e-22 true resid norm 1.525766686422e-22 ||r(i)||/||b|| 4.940736929030e-06
167 KSP unpreconditioned resid norm 1.499873317832e-22 true resid norm 1.499873317833e-22 ||r(i)||/||b|| 4.856889035676e-06
168 KSP unpreconditioned resid norm 1.470949530638e-22 true resid norm 1.470949530638e-22 ||r(i)||/||b|| 4.763228042293e-06
169 KSP unpreconditioned resid norm 1.442024044086e-22 true resid norm 1.442024044086e-22 ||r(i)||/||b|| 4.669561546052e-06
170 KSP unpreconditioned resid norm 1.406117065772e-22 true resid norm 1.406117065771e-22 ||r(i)||/||b|| 4.553287586641e-06
171 KSP unpreconditioned resid norm 1.363382324869e-22 true resid norm 1.363382324868e-22 ||r(i)||/||b|| 4.414903969792e-06
172 KSP unpreconditioned resid norm 1.305861441288e-22 true resid norm 1.305861441288e-22 ||r(i)||/||b|| 4.228639873045e-06
173 KSP unpreconditioned resid norm 1.236653718771e-22 true resid norm 1.236653718769e-22 ||r(i)||/||b|| 4.004531460229e-06
174 KSP unpreconditioned resid norm 1.164789835387e-22 true resid norm 1.164789835386e-22 ||r(i)||/||b|| 3.771821868615e-06
175 KSP unpreconditioned resid norm 1.103421790771e-22 true resid norm 1.103421790769e-22 ||r(i)||/||b|| 3.573099896901e-06
176 KSP unpreconditioned resid norm 1.051256948318e-22 true resid norm 1.051256948317e-22 ||r(i)||/||b|| 3.404179729882e-06
177 KSP unpreconditioned resid norm 9.965085655356e-23 true resid norm 9.965085655337e-23 ||r(i)||/||b|| 3.226893543844e-06
178 KSP unpreconditioned resid norm 9.471567149598e-23 true resid norm 9.471567149571e-23 ||r(i)||/||b|| 3.067082405726e-06
179 KSP unpreconditioned resid norm 8.948930155880e-23 true resid norm 8.948930155843e-23 ||r(i)||/||b|| 2.897842120276e-06
180 KSP unpreconditioned resid norm 8.446997006918e-23 true resid norm 8.446997006874e-23 ||r(i)||/||b|| 2.735306152813e-06
181 KSP unpreconditioned resid norm 8.021312563714e-23 true resid norm 8.021312563663e-23 ||r(i)||/||b|| 2.597461037475e-06
182 KSP unpreconditioned resid norm 7.643013552304e-23 true resid norm 7.643013552253e-23 ||r(i)||/||b|| 2.474960270318e-06
183 KSP unpreconditioned resid norm 7.302522796136e-23 true resid norm 7.302522796065e-23 ||r(i)||/||b|| 2.364702570497e-06
184 KSP unpreconditioned resid norm 6.970541095155e-23 true resid norm 6.970541095096e-23 ||r(i)||/||b|| 2.257200272515e-06
185 KSP unpreconditioned resid norm 6.597044875810e-23 true resid norm 6.597044875762e-23 ||r(i)||/||b|| 2.136254745251e-06
186 KSP unpreconditioned resid norm 6.169441721708e-23 true resid norm 6.169441721682e-23 ||r(i)||/||b|| 1.997788313054e-06
187 KSP unpreconditioned resid norm 5.615269411224e-23 true resid norm 5.615269411214e-23 ||r(i)||/||b|| 1.818336262898e-06
188 KSP unpreconditioned resid norm 4.942942102813e-23 true resid norm 4.942942102829e-23 ||r(i)||/||b|| 1.600623267164e-06
189 KSP unpreconditioned resid norm 4.189703368605e-23 true resid norm 4.189703368644e-23 ||r(i)||/||b|| 1.356709537530e-06
190 KSP unpreconditioned resid norm 3.920342491338e-23 true resid norm 3.902005005493e-23 ||r(i)||/||b|| 1.263547067810e-06
191 KSP unpreconditioned resid norm 3.709728507549e-23 true resid norm 3.945678741199e-23 ||r(i)||/||b|| 1.277689494745e-06
192 KSP unpreconditioned resid norm 3.585740760632e-23 true resid norm 4.227529081098e-23 ||r(i)||/||b|| 1.368958257865e-06
193 KSP unpreconditioned resid norm 2.947171301095e-23 true resid norm 4.086475062320e-23 ||r(i)||/||b|| 1.323282152484e-06
194 KSP unpreconditioned resid norm 2.773221400902e-23 true resid norm 4.414108274974e-23 ||r(i)||/||b|| 1.429376323194e-06
195 KSP unpreconditioned resid norm 2.520038406977e-23 true resid norm 4.618016614995e-23 ||r(i)||/||b|| 1.495405911771e-06
196 KSP unpreconditioned resid norm 2.384888793810e-23 true resid norm 4.865465100898e-23 ||r(i)||/||b|| 1.575534668232e-06
197 KSP unpreconditioned resid norm 2.227193906717e-23 true resid norm 5.011558729022e-23 ||r(i)||/||b|| 1.622842699662e-06
198 KSP unpreconditioned resid norm 2.125832310570e-23 true resid norm 5.182378714934e-23 ||r(i)||/||b|| 1.678157619049e-06
199 KSP unpreconditioned resid norm 2.014553866889e-23 true resid norm 5.284151747452e-23 ||r(i)||/||b|| 1.711113757403e-06
200 KSP unpreconditioned resid norm 5.417339169631e-23 true resid norm 5.417339169631e-23 ||r(i)||/||b|| 1.754242501863e-06
201 KSP unpreconditioned resid norm 3.599817427348e-23 true resid norm 3.599817427348e-23 ||r(i)||/||b|| 1.165692701207e-06
202 KSP unpreconditioned resid norm 3.384179432225e-23 true resid norm 3.384179432230e-23 ||r(i)||/||b|| 1.095864816297e-06
203 KSP unpreconditioned resid norm 3.247922464400e-23 true resid norm 3.247922464401e-23 ||r(i)||/||b|| 1.051742091717e-06
204 KSP unpreconditioned resid norm 3.157283837849e-23 true resid norm 3.157283837848e-23 ||r(i)||/||b|| 1.022391496151e-06
205 KSP unpreconditioned resid norm 3.079587978959e-23 true resid norm 3.079587978963e-23 ||r(i)||/||b|| 9.972320269713e-07
206 KSP unpreconditioned resid norm 3.005710167934e-23 true resid norm 3.005710167936e-23 ||r(i)||/||b|| 9.733089178599e-07
207 KSP unpreconditioned resid norm 2.945727140780e-23 true resid norm 2.945727140783e-23 ||r(i)||/||b|| 9.538852169753e-07
208 KSP unpreconditioned resid norm 2.895125847441e-23 true resid norm 2.895125847441e-23 ||r(i)||/||b|| 9.374995086688e-07
209 KSP unpreconditioned resid norm 2.842786167970e-23 true resid norm 2.842786167968e-23 ||r(i)||/||b|| 9.205508762516e-07
210 KSP unpreconditioned resid norm 2.795351327598e-23 true resid norm 2.795351327596e-23 ||r(i)||/||b|| 9.051905285896e-07
211 KSP unpreconditioned resid norm 2.741529571999e-23 true resid norm 2.741529572000e-23 ||r(i)||/||b|| 8.877619703554e-07
212 KSP unpreconditioned resid norm 2.671671242511e-23 true resid norm 2.671671242509e-23 ||r(i)||/||b|| 8.651404495565e-07
213 KSP unpreconditioned resid norm 2.570520280584e-23 true resid norm 2.570520280582e-23 ||r(i)||/||b|| 8.323857500700e-07
214 KSP unpreconditioned resid norm 2.471666220082e-23 true resid norm 2.471666220080e-23 ||r(i)||/||b|| 8.003748330896e-07
215 KSP unpreconditioned resid norm 2.384026903950e-23 true resid norm 2.384026903946e-23 ||r(i)||/||b|| 7.719954740754e-07
216 KSP unpreconditioned resid norm 2.293712800775e-23 true resid norm 2.293712800773e-23 ||r(i)||/||b|| 7.427499656547e-07
217 KSP unpreconditioned resid norm 2.206714375318e-23 true resid norm 2.206714375316e-23 ||r(i)||/||b|| 7.145781398277e-07
218 KSP unpreconditioned resid norm 2.120616927950e-23 true resid norm 2.120616927948e-23 ||r(i)||/||b|| 6.866980686812e-07
219 KSP unpreconditioned resid norm 2.029527712171e-23 true resid norm 2.029527712173e-23 ||r(i)||/||b|| 6.572015633359e-07
220 KSP unpreconditioned resid norm 1.947813278516e-23 true resid norm 1.947813278515e-23 ||r(i)||/||b|| 6.307407994718e-07
221 KSP unpreconditioned resid norm 1.875741409163e-23 true resid norm 1.875741409162e-23 ||r(i)||/||b|| 6.074024903042e-07
222 KSP unpreconditioned resid norm 1.806344180490e-23 true resid norm 1.806344180491e-23 ||r(i)||/||b|| 5.849302831495e-07
223 KSP unpreconditioned resid norm 1.754857072830e-23 true resid norm 1.754857072830e-23 ||r(i)||/||b|| 5.682577304944e-07
224 KSP unpreconditioned resid norm 1.713482293873e-23 true resid norm 1.713482293874e-23 ||r(i)||/||b|| 5.548597516201e-07
225 KSP unpreconditioned resid norm 1.683564033745e-23 true resid norm 1.683564033744e-23 ||r(i)||/||b|| 5.451716221049e-07
226 KSP unpreconditioned resid norm 1.656023722923e-23 true resid norm 1.656023722924e-23 ||r(i)||/||b|| 5.362535200182e-07
227 KSP unpreconditioned resid norm 1.631380458121e-23 true resid norm 1.631380458118e-23 ||r(i)||/||b|| 5.282735392278e-07
228 KSP unpreconditioned resid norm 1.607596754068e-23 true resid norm 1.607596754066e-23 ||r(i)||/||b|| 5.205719013587e-07
229 KSP unpreconditioned resid norm 1.583291843298e-23 true resid norm 1.583291843299e-23 ||r(i)||/||b|| 5.127014863565e-07
230 KSP unpreconditioned resid norm 1.552381973869e-23 true resid norm 1.552381973870e-23 ||r(i)||/||b|| 5.026922539676e-07
231 KSP unpreconditioned resid norm 1.518560692076e-23 true resid norm 1.518560692078e-23 ||r(i)||/||b|| 4.917402481711e-07
232 KSP unpreconditioned resid norm 1.471560869881e-23 true resid norm 1.471560869881e-23 ||r(i)||/||b|| 4.765207680729e-07
233 KSP unpreconditioned resid norm 1.430593829905e-23 true resid norm 1.430593829902e-23 ||r(i)||/||b|| 4.632548232138e-07
234 KSP unpreconditioned resid norm 1.396662332453e-23 true resid norm 1.396662332451e-23 ||r(i)||/||b|| 4.522671273881e-07
235 KSP unpreconditioned resid norm 1.370349093823e-23 true resid norm 1.370349093823e-23 ||r(i)||/||b|| 4.437463757576e-07
236 KSP unpreconditioned resid norm 1.345916774735e-23 true resid norm 1.345916774737e-23 ||r(i)||/||b|| 4.358347034000e-07
237 KSP unpreconditioned resid norm 1.325208492611e-23 true resid norm 1.325208492613e-23 ||r(i)||/||b|| 4.291289485072e-07
238 KSP unpreconditioned resid norm 1.304202911242e-23 true resid norm 1.304202911238e-23 ||r(i)||/||b|| 4.223269221857e-07
239 KSP unpreconditioned resid norm 1.280835952056e-23 true resid norm 1.280835952056e-23 ||r(i)||/||b|| 4.147602346197e-07
240 KSP unpreconditioned resid norm 1.249079286105e-23 true resid norm 1.249079286104e-23 ||r(i)||/||b|| 4.044767926225e-07
241 KSP unpreconditioned resid norm 1.211895915155e-23 true resid norm 1.211895915155e-23 ||r(i)||/||b|| 3.924360752814e-07
242 KSP unpreconditioned resid norm 1.173625183162e-23 true resid norm 1.173625183162e-23 ||r(i)||/||b|| 3.800432487410e-07
243 KSP unpreconditioned resid norm 1.137572750076e-23 true resid norm 1.137572750073e-23 ||r(i)||/||b|| 3.683687516421e-07
244 KSP unpreconditioned resid norm 1.103365503473e-23 true resid norm 1.103365503471e-23 ||r(i)||/||b|| 3.572917627402e-07
245 KSP unpreconditioned resid norm 1.060534701984e-23 true resid norm 1.060534701982e-23 ||r(i)||/||b|| 3.434222947212e-07
246 KSP unpreconditioned resid norm 1.009698138139e-23 true resid norm 1.009698138140e-23 ||r(i)||/||b|| 3.269604011332e-07
247 KSP unpreconditioned resid norm 9.385159253735e-24 true resid norm 9.385159253753e-24 ||r(i)||/||b|| 3.039101805177e-07
248 KSP unpreconditioned resid norm 8.689714476839e-24 true resid norm 8.689714476884e-24 ||r(i)||/||b|| 2.813902911942e-07
249 KSP unpreconditioned resid norm 7.946381882370e-24 true resid norm 7.946381882433e-24 ||r(i)||/||b|| 2.573196987986e-07
250 KSP unpreconditioned resid norm 7.192272286755e-24 true resid norm 7.192272286784e-24 ||r(i)||/||b|| 2.329001256037e-07
251 KSP unpreconditioned resid norm 6.586097768884e-24 true resid norm 6.586097768920e-24 ||r(i)||/||b|| 2.132709853655e-07
252 KSP unpreconditioned resid norm 6.092490485938e-24 true resid norm 6.092490485919e-24 ||r(i)||/||b|| 1.972869967697e-07
253 KSP unpreconditioned resid norm 5.703592223593e-24 true resid norm 5.703592223585e-24 ||r(i)||/||b|| 1.846936951630e-07
254 KSP unpreconditioned resid norm 5.349365472536e-24 true resid norm 5.349365472565e-24 ||r(i)||/||b|| 1.732231262642e-07
255 KSP unpreconditioned resid norm 5.021148009990e-24 true resid norm 5.021148010022e-24 ||r(i)||/||b|| 1.625947900161e-07
256 KSP unpreconditioned resid norm 4.725555324855e-24 true resid norm 4.725555324855e-24 ||r(i)||/||b|| 1.530229091477e-07
257 KSP unpreconditioned resid norm 4.431974868356e-24 true resid norm 4.431974868355e-24 ||r(i)||/||b|| 1.435161882579e-07
258 KSP unpreconditioned resid norm 4.161472810067e-24 true resid norm 4.161472810112e-24 ||r(i)||/||b|| 1.347567919463e-07
259 KSP unpreconditioned resid norm 3.949118849959e-24 true resid norm 3.949118849946e-24 ||r(i)||/||b|| 1.278803470589e-07
260 KSP unpreconditioned resid norm 3.798585191498e-24 true resid norm 3.798585191510e-24 ||r(i)||/||b|| 1.230057668763e-07
261 KSP unpreconditioned resid norm 3.652323597162e-24 true resid norm 3.652323597125e-24 ||r(i)||/||b|| 1.182695246506e-07
262 KSP unpreconditioned resid norm 3.523300409611e-24 true resid norm 3.523300409602e-24 ||r(i)||/||b|| 1.140914964306e-07
263 KSP unpreconditioned resid norm 3.400208415873e-24 true resid norm 3.400208415852e-24 ||r(i)||/||b|| 1.101055320981e-07
264 KSP unpreconditioned resid norm 3.277001203554e-24 true resid norm 3.277001203616e-24 ||r(i)||/||b|| 1.061158367611e-07
265 KSP unpreconditioned resid norm 3.162007207399e-24 true resid norm 3.162007207463e-24 ||r(i)||/||b|| 1.023921017466e-07
266 KSP unpreconditioned resid norm 3.038594565057e-24 true resid norm 3.038594565005e-24 ||r(i)||/||b|| 9.839575416919e-08
267 KSP unpreconditioned resid norm 2.930996728255e-24 true resid norm 2.930996728344e-24 ||r(i)||/||b|| 9.491152155481e-08
268 KSP unpreconditioned resid norm 2.830893720391e-24 true resid norm 2.830893720480e-24 ||r(i)||/||b|| 9.166998644946e-08
269 KSP unpreconditioned resid norm 2.747412675730e-24 true resid norm 2.747412675739e-24 ||r(i)||/||b|| 8.896670367171e-08
270 KSP unpreconditioned resid norm 2.671977856582e-24 true resid norm 2.671977856652e-24 ||r(i)||/||b|| 8.652397373330e-08
271 KSP unpreconditioned resid norm 2.597606514527e-24 true resid norm 2.597606514569e-24 ||r(i)||/||b|| 8.411568130194e-08
272 KSP unpreconditioned resid norm 2.527645617485e-24 true resid norm 2.527645617509e-24 ||r(i)||/||b|| 8.185020787952e-08
273 KSP unpreconditioned resid norm 2.459232614329e-24 true resid norm 2.459232614422e-24 ||r(i)||/||b|| 7.963485835206e-08
274 KSP unpreconditioned resid norm 2.399655985765e-24 true resid norm 2.399655985766e-24 ||r(i)||/||b|| 7.770564825769e-08
275 KSP unpreconditioned resid norm 2.346278442821e-24 true resid norm 2.346278442867e-24 ||r(i)||/||b|| 7.597717692765e-08
276 KSP unpreconditioned resid norm 2.286512019021e-24 true resid norm 2.286512019029e-24 ||r(i)||/||b|| 7.404182088666e-08
277 KSP unpreconditioned resid norm 2.234061989749e-24 true resid norm 2.234061989824e-24 ||r(i)||/||b|| 7.234338430046e-08
278 KSP unpreconditioned resid norm 2.188656223796e-24 true resid norm 2.188656223837e-24 ||r(i)||/||b|| 7.087305501093e-08
279 KSP unpreconditioned resid norm 2.150619716907e-24 true resid norm 2.150619716927e-24 ||r(i)||/||b|| 6.964135703237e-08
280 KSP unpreconditioned resid norm 2.113562806026e-24 true resid norm 2.113562806151e-24 ||r(i)||/||b|| 6.844138033096e-08
281 KSP unpreconditioned resid norm 2.080779979502e-24 true resid norm 2.080779979598e-24 ||r(i)||/||b|| 6.737980700375e-08
282 KSP unpreconditioned resid norm 2.049221403229e-24 true resid norm 2.049221403330e-24 ||r(i)||/||b|| 6.635787734318e-08
283 KSP unpreconditioned resid norm 2.018548794708e-24 true resid norm 2.018548794734e-24 ||r(i)||/||b|| 6.536463708338e-08
284 KSP unpreconditioned resid norm 1.986736535955e-24 true resid norm 1.986736535960e-24 ||r(i)||/||b|| 6.433449267718e-08
285 KSP unpreconditioned resid norm 1.958625790932e-24 true resid norm 1.958625790957e-24 ||r(i)||/||b|| 6.342421067158e-08
286 KSP unpreconditioned resid norm 1.930611494446e-24 true resid norm 1.930611494487e-24 ||r(i)||/||b|| 6.251705186190e-08
287 KSP unpreconditioned resid norm 1.902885673363e-24 true resid norm 1.902885673367e-24 ||r(i)||/||b|| 6.161923445959e-08
288 KSP unpreconditioned resid norm 1.867738598285e-24 true resid norm 1.867738598312e-24 ||r(i)||/||b|| 6.048110204905e-08
289 KSP unpreconditioned resid norm 1.832649069965e-24 true resid norm 1.832649069973e-24 ||r(i)||/||b|| 5.934483311600e-08
290 KSP unpreconditioned resid norm 1.802339988345e-24 true resid norm 1.802339988397e-24 ||r(i)||/||b|| 5.836336458637e-08
291 KSP unpreconditioned resid norm 1.773675111689e-24 true resid norm 1.773675111705e-24 ||r(i)||/||b|| 5.743513869118e-08
292 KSP unpreconditioned resid norm 1.768899589604e-24 true resid norm 1.765418549498e-24 ||r(i)||/||b|| 5.716777473464e-08
293 KSP unpreconditioned resid norm 1.756163851284e-24 true resid norm 1.748218801820e-24 ||r(i)||/||b|| 5.661081259042e-08
294 KSP unpreconditioned resid norm 1.755901664933e-24 true resid norm 1.746366181659e-24 ||r(i)||/||b|| 5.655082105354e-08
295 KSP unpreconditioned resid norm 1.753179200431e-24 true resid norm 1.742175586988e-24 ||r(i)||/||b|| 5.641512123765e-08
296 KSP unpreconditioned resid norm 1.752370360663e-24 true resid norm 1.744012217626e-24 ||r(i)||/||b|| 5.647459500189e-08
297 KSP unpreconditioned resid norm 1.751943507107e-24 true resid norm 1.743761471176e-24 ||r(i)||/||b|| 5.646647533158e-08
298 KSP unpreconditioned resid norm 1.750848325525e-24 true resid norm 1.745314970304e-24 ||r(i)||/||b|| 5.651678073266e-08
299 KSP unpreconditioned resid norm 1.750237036684e-24 true resid norm 1.748086819659e-24 ||r(i)||/||b|| 5.660653874476e-08
300 KSP unpreconditioned resid norm 1.752249190375e-24 true resid norm 1.752249190375e-24 ||r(i)||/||b|| 5.674132461269e-08
301 KSP unpreconditioned resid norm 1.731270808747e-24 true resid norm 1.731270808699e-24 ||r(i)||/||b|| 5.606200276106e-08
302 KSP unpreconditioned resid norm 1.718503082993e-24 true resid norm 1.718503082754e-24 ||r(i)||/||b|| 5.564855832269e-08
303 KSP unpreconditioned resid norm 1.704236848410e-24 true resid norm 1.704236848360e-24 ||r(i)||/||b|| 5.518658919112e-08
304 KSP unpreconditioned resid norm 1.684576742010e-24 true resid norm 1.684576741894e-24 ||r(i)||/||b|| 5.454995572082e-08
305 KSP unpreconditioned resid norm 1.666483256501e-24 true resid norm 1.666483256384e-24 ||r(i)||/||b|| 5.396405256255e-08
306 KSP unpreconditioned resid norm 1.650861775149e-24 true resid norm 1.650861775004e-24 ||r(i)||/||b|| 5.345819782980e-08
307 KSP unpreconditioned resid norm 1.634256071828e-24 true resid norm 1.634256071649e-24 ||r(i)||/||b|| 5.292047202592e-08
308 KSP unpreconditioned resid norm 1.617444751983e-24 true resid norm 1.617444751750e-24 ||r(i)||/||b|| 5.237608794813e-08
309 KSP unpreconditioned resid norm 1.600434690971e-24 true resid norm 1.600434690770e-24 ||r(i)||/||b|| 5.182526823764e-08
310 KSP unpreconditioned resid norm 1.582031977144e-24 true resid norm 1.582031976928e-24 ||r(i)||/||b|| 5.122935164906e-08
311 KSP unpreconditioned resid norm 1.562038915713e-24 true resid norm 1.562038915636e-24 ||r(i)||/||b|| 5.058193643724e-08
312 KSP unpreconditioned resid norm 1.542223800342e-24 true resid norm 1.542223800188e-24 ||r(i)||/||b|| 4.994028346683e-08
313 KSP unpreconditioned resid norm 1.521030206740e-24 true resid norm 1.521030206607e-24 ||r(i)||/||b|| 4.925399262436e-08
314 KSP unpreconditioned resid norm 1.502935129950e-24 true resid norm 1.502935129715e-24 ||r(i)||/||b|| 4.866803793398e-08
315 KSP unpreconditioned resid norm 1.477726977224e-24 true resid norm 1.477726977100e-24 ||r(i)||/||b|| 4.785174766072e-08
316 KSP unpreconditioned resid norm 1.452906663226e-24 true resid norm 1.452906663044e-24 ||r(i)||/||b|| 4.704801637378e-08
317 KSP unpreconditioned resid norm 1.421848307321e-24 true resid norm 1.421848307124e-24 ||r(i)||/||b|| 4.604228484605e-08
318 KSP unpreconditioned resid norm 1.386779993579e-24 true resid norm 1.386779993375e-24 ||r(i)||/||b|| 4.490670288374e-08
319 KSP unpreconditioned resid norm 1.347491695883e-24 true resid norm 1.347491695601e-24 ||r(i)||/||b|| 4.363446941964e-08
320 KSP unpreconditioned resid norm 1.309069924301e-24 true resid norm 1.309069924159e-24 ||r(i)||/||b|| 4.239029580690e-08
321 KSP unpreconditioned resid norm 1.266567798088e-24 true resid norm 1.266567797879e-24 ||r(i)||/||b|| 4.101399216400e-08
322 KSP unpreconditioned resid norm 1.216735549995e-24 true resid norm 1.216735549884e-24 ||r(i)||/||b|| 3.940032455600e-08
323 KSP unpreconditioned resid norm 1.171679397183e-24 true resid norm 1.171679397042e-24 ||r(i)||/||b|| 3.794131643760e-08
324 KSP unpreconditioned resid norm 1.128857879972e-24 true resid norm 1.128857879782e-24 ||r(i)||/||b|| 3.655467027756e-08
325 KSP unpreconditioned resid norm 1.088553447171e-24 true resid norm 1.088553447098e-24 ||r(i)||/||b|| 3.524953233782e-08
326 KSP unpreconditioned resid norm 1.049956780771e-24 true resid norm 1.049956780616e-24 ||r(i)||/||b|| 3.399969527476e-08
327 KSP unpreconditioned resid norm 1.013926407457e-24 true resid norm 1.013926407307e-24 ||r(i)||/||b|| 3.283295990455e-08
328 KSP unpreconditioned resid norm 9.805018660518e-25 true resid norm 9.805018658707e-25 ||r(i)||/||b|| 3.175060656915e-08
  Linear solve converged due to CONVERGED_ATOL iterations 328
Mat Object: 1 MPI process
  type: seqaijcusparse
  rows=281452, cols=281452, bs=4
  total: nonzeros=15993520, allocated nonzeros=15993520
  total number of mallocs used during MatSetValues calls=0
    not using I-node routines
Vec Object: 1 MPI process
  type: seqcuda
  length=281452, bs=4
Vec Object: 1 MPI process
  type: seqcuda
  length=281452, bs=4
KSP Object: 1 MPI process
  type: gmres
    restart=100, using classical (unmodified) Gram-Schmidt orthogonalization with no iterative refinement
    happy breakdown tolerance=1e-30
  maximum iterations=2000, initial guess is zero
  tolerances: relative=1e-10, absolute=1e-24, divergence=10000.
  right preconditioning
  diagonally scaled system
  using UNPRECONDITIONED norm type for convergence test
PC Object: 1 MPI process
  type: asm
    total subdomain blocks = 1, amount of overlap = 2
    restriction/interpolation type - RESTRICT
    Local solver information for first block is in the following KSP and PC objects on rank 0:
    Use -ksp_view ::ascii_info_detail to display information for all blocks
    KSP Object: (sub_) 1 MPI process
      type: preonly
      maximum iterations=10000, initial guess is zero
      tolerances: relative=1e-05, absolute=1e-50, divergence=10000.
      left preconditioning
      not checking for convergence
    PC Object: (sub_) 1 MPI process
      type: ilu
        out-of-place factorization
        2 levels of fill
        tolerance for zero pivot 2.22045e-14
        matrix ordering: natural
        factor fill ratio given 1., needed 4.996
          Factored matrix:
            Mat Object: (sub_) 1 MPI process
              type: seqaijcusparse
              rows=281452, cols=281452, bs=4
              package used to perform factorization: cusparse
              total: nonzeros=79903664, allocated nonzeros=79903664
                using I-node routines: found 70363 nodes, limit used is 5
      linear system matrix, which is also used to construct the preconditioner:
      Mat Object: (sub_) 1 MPI process
        type: seqaijcusparse
        rows=281452, cols=281452, bs=4
        total: nonzeros=15993520, allocated nonzeros=15993520
        total number of mallocs used during MatSetValues calls=0
          not using I-node routines
  linear system matrix, which is also used to construct the preconditioner:
  Mat Object: 1 MPI process
    type: seqaijcusparse
    rows=281452, cols=281452, bs=4
    total: nonzeros=15993520, allocated nonzeros=15993520
    total number of mallocs used during MatSetValues calls=0
      not using I-node routines
 NS     69-2    2.463e+03 [  -3  6.732e-01  3.063e-14  3.175e-08] [  328 -173   67]
Vec Object: 1 MPI process
  type: seqcuda
  length=281452, bs=4
Mat Object: 1 MPI process
  type: seqaijcusparse
  rows=281452, cols=281452, bs=4
  total: nonzeros=15993520, allocated nonzeros=15993520
  total number of mallocs used during MatSetValues calls=0
    not using I-node routines
Mat Object: 1 MPI process
  type: seqaijcusparse
  rows=281452, cols=281452, bs=4
  total: nonzeros=15993520, allocated nonzeros=15993520
  total number of mallocs used during MatSetValues calls=0
    not using I-node routines
SV13P_REUSE step=70 equation=0 reuse=0 rebuild_requests=10 solve_requests=19 ksp=0x55729b63aa50 pc=0x55729d0f73e0
  0 KSP unpreconditioned resid norm 4.843750015273e-17 true resid norm 4.843750015273e-17 ||r(i)||/||b|| 1.000000000000e+00
  1 KSP unpreconditioned resid norm 2.438109177689e-18 true resid norm 2.438109177689e-18 ||r(i)||/||b|| 5.033515705808e-02
  2 KSP unpreconditioned resid norm 7.898490382500e-19 true resid norm 7.898490382500e-19 ||r(i)||/||b|| 1.630656073826e-02
  3 KSP unpreconditioned resid norm 4.964756723977e-19 true resid norm 4.964756723977e-19 ||r(i)||/||b|| 1.024982030105e-02
  4 KSP unpreconditioned resid norm 3.560044289644e-19 true resid norm 3.560044289644e-19 ||r(i)||/||b|| 7.349768832865e-03
  5 KSP unpreconditioned resid norm 2.406415909349e-19 true resid norm 2.406415909349e-19 ||r(i)||/||b|| 4.968084442345e-03
  6 KSP unpreconditioned resid norm 1.651177952152e-19 true resid norm 1.651177952152e-19 ||r(i)||/||b|| 3.408883503372e-03
  7 KSP unpreconditioned resid norm 1.222404500678e-19 true resid norm 1.222404500678e-19 ||r(i)||/||b|| 2.523673799894e-03
  8 KSP unpreconditioned resid norm 1.018739415467e-19 true resid norm 1.018739415467e-19 ||r(i)||/||b|| 2.103203947881e-03
  9 KSP unpreconditioned resid norm 8.595286534597e-20 true resid norm 8.595286534597e-20 ||r(i)||/||b|| 1.774510762838e-03
 10 KSP unpreconditioned resid norm 7.247014693561e-20 true resid norm 7.247014693561e-20 ||r(i)||/||b|| 1.496157867501e-03
 11 KSP unpreconditioned resid norm 6.015913078211e-20 true resid norm 6.015913078211e-20 ||r(i)||/||b|| 1.241994954166e-03
 12 KSP unpreconditioned resid norm 4.972168112025e-20 true resid norm 4.972168112025e-20 ||r(i)||/||b|| 1.026512123117e-03
 13 KSP unpreconditioned resid norm 4.265097451293e-20 true resid norm 4.265097451293e-20 ||r(i)||/||b|| 8.805362452324e-04
 14 KSP unpreconditioned resid norm 3.885966999279e-20 true resid norm 3.885966999279e-20 ||r(i)||/||b|| 8.022641521601e-04
 15 KSP unpreconditioned resid norm 3.635105278995e-20 true resid norm 3.635105278995e-20 ||r(i)||/||b|| 7.504733455551e-04
 16 KSP unpreconditioned resid norm 3.404381121556e-20 true resid norm 3.404381121556e-20 ||r(i)||/||b|| 7.028399712664e-04
 17 KSP unpreconditioned resid norm 3.196919541360e-20 true resid norm 3.196919541360e-20 ||r(i)||/||b|| 6.600091935545e-04
 18 KSP unpreconditioned resid norm 3.025559991831e-20 true resid norm 3.025559991831e-20 ||r(i)||/||b|| 6.246317382793e-04
 19 KSP unpreconditioned resid norm 2.858259148280e-20 true resid norm 2.858259148280e-20 ||r(i)||/||b|| 5.900922093972e-04
 20 KSP unpreconditioned resid norm 2.682838817365e-20 true resid norm 2.682838817365e-20 ||r(i)||/||b|| 5.538763992580e-04
 21 KSP unpreconditioned resid norm 2.492642554923e-20 true resid norm 2.492642554923e-20 ||r(i)||/||b|| 5.146100742325e-04
 22 KSP unpreconditioned resid norm 2.302866644047e-20 true resid norm 2.302866644047e-20 ||r(i)||/||b|| 4.754305314655e-04
 23 KSP unpreconditioned resid norm 2.123372722070e-20 true resid norm 2.123372722070e-20 ||r(i)||/||b|| 4.383737218837e-04
 24 KSP unpreconditioned resid norm 1.964954480235e-20 true resid norm 1.964954480235e-20 ||r(i)||/||b|| 4.056680204468e-04
 25 KSP unpreconditioned resid norm 1.807093427802e-20 true resid norm 1.807093427802e-20 ||r(i)||/||b|| 3.730773516602e-04
 26 KSP unpreconditioned resid norm 1.659167586179e-20 true resid norm 1.659167586179e-20 ||r(i)||/||b|| 3.425378231634e-04
 27 KSP unpreconditioned resid norm 1.522948461030e-20 true resid norm 1.522948461030e-20 ||r(i)||/||b|| 3.144151651566e-04
 28 KSP unpreconditioned resid norm 1.417055121439e-20 true resid norm 1.417055121439e-20 ||r(i)||/||b|| 2.925533144713e-04
 29 KSP unpreconditioned resid norm 1.339044866731e-20 true resid norm 1.339044866731e-20 ||r(i)||/||b|| 2.764479716146e-04
 30 KSP unpreconditioned resid norm 1.285024568293e-20 true resid norm 1.285024568293e-20 ||r(i)||/||b|| 2.652953939078e-04
 31 KSP unpreconditioned resid norm 1.253761238624e-20 true resid norm 1.253761238624e-20 ||r(i)||/||b|| 2.588410290932e-04
 32 KSP unpreconditioned resid norm 1.224893786655e-20 true resid norm 1.224893786655e-20 ||r(i)||/||b|| 2.528812970926e-04
 33 KSP unpreconditioned resid norm 1.199886718886e-20 true resid norm 1.199886718886e-20 ||r(i)||/||b|| 2.477185476342e-04
 34 KSP unpreconditioned resid norm 1.176284698287e-20 true resid norm 1.176284698287e-20 ||r(i)||/||b|| 2.428458724290e-04
 35 KSP unpreconditioned resid norm 1.156093013807e-20 true resid norm 1.156093013807e-20 ||r(i)||/||b|| 2.386772666141e-04
 36 KSP unpreconditioned resid norm 1.137078234924e-20 true resid norm 1.137078234924e-20 ||r(i)||/||b|| 2.347516348570e-04
 37 KSP unpreconditioned resid norm 1.115501007649e-20 true resid norm 1.115501007649e-20 ||r(i)||/||b|| 2.302969814982e-04
 38 KSP unpreconditioned resid norm 1.097882726297e-20 true resid norm 1.097882726297e-20 ||r(i)||/||b|| 2.266596589079e-04
 39 KSP unpreconditioned resid norm 1.080536454958e-20 true resid norm 1.080536454958e-20 ||r(i)||/||b|| 2.230784932233e-04
 40 KSP unpreconditioned resid norm 1.064914903913e-20 true resid norm 1.064914903913e-20 ||r(i)||/||b|| 2.198533988243e-04
 41 KSP unpreconditioned resid norm 1.051776792468e-20 true resid norm 1.051776792468e-20 ||r(i)||/||b|| 2.171410145345e-04
 42 KSP unpreconditioned resid norm 1.036535815548e-20 true resid norm 1.036535815547e-20 ||r(i)||/||b|| 2.139944902770e-04
 43 KSP unpreconditioned resid norm 1.014464825655e-20 true resid norm 1.014464825655e-20 ||r(i)||/||b|| 2.094378988297e-04
 44 KSP unpreconditioned resid norm 9.870852352880e-21 true resid norm 9.870852352878e-21 ||r(i)||/||b|| 2.037853382555e-04
 45 KSP unpreconditioned resid norm 9.609611925527e-21 true resid norm 9.609611925525e-21 ||r(i)||/||b|| 1.983919875143e-04
 46 KSP unpreconditioned resid norm 9.394147883339e-21 true resid norm 9.394147883336e-21 ||r(i)||/||b|| 1.939436976251e-04
 47 KSP unpreconditioned resid norm 9.196498601945e-21 true resid norm 9.196498601941e-21 ||r(i)||/||b|| 1.898631963446e-04
 48 KSP unpreconditioned resid norm 9.010326811617e-21 true resid norm 9.010326811613e-21 ||r(i)||/||b|| 1.860196497177e-04
 49 KSP unpreconditioned resid norm 8.846570554478e-21 true resid norm 8.846570554474e-21 ||r(i)||/||b|| 1.826388753874e-04
 50 KSP unpreconditioned resid norm 8.666640858313e-21 true resid norm 8.666640858309e-21 ||r(i)||/||b|| 1.789241978009e-04
 51 KSP unpreconditioned resid norm 8.507662203782e-21 true resid norm 8.507662203778e-21 ||r(i)||/||b|| 1.756420578467e-04
 52 KSP unpreconditioned resid norm 8.323296233180e-21 true resid norm 8.323296233175e-21 ||r(i)||/||b|| 1.718357926592e-04
 53 KSP unpreconditioned resid norm 8.136571759726e-21 true resid norm 8.136571759720e-21 ||r(i)||/||b|| 1.679808358000e-04
 54 KSP unpreconditioned resid norm 7.933971090289e-21 true resid norm 7.933971090283e-21 ||r(i)||/||b|| 1.637981123152e-04
 55 KSP unpreconditioned resid norm 7.696564429186e-21 true resid norm 7.696564429180e-21 ||r(i)||/||b|| 1.588968135207e-04
 56 KSP unpreconditioned resid norm 7.453890912293e-21 true resid norm 7.453890912287e-21 ||r(i)||/||b|| 1.538867796394e-04
 57 KSP unpreconditioned resid norm 7.213020000225e-21 true resid norm 7.213020000219e-21 ||r(i)||/||b|| 1.489139608253e-04
 58 KSP unpreconditioned resid norm 6.960101412290e-21 true resid norm 6.960101412285e-21 ||r(i)||/||b|| 1.436924158005e-04
 59 KSP unpreconditioned resid norm 6.703603524989e-21 true resid norm 6.703603524984e-21 ||r(i)||/||b|| 1.383969755633e-04
 60 KSP unpreconditioned resid norm 6.453905477048e-21 true resid norm 6.453905477042e-21 ||r(i)||/||b|| 1.332419191059e-04
 61 KSP unpreconditioned resid norm 6.217250403744e-21 true resid norm 6.217250403738e-21 ||r(i)||/||b|| 1.283561369628e-04
 62 KSP unpreconditioned resid norm 6.009047329855e-21 true resid norm 6.009047329849e-21 ||r(i)||/||b|| 1.240577509347e-04
 63 KSP unpreconditioned resid norm 5.837667446017e-21 true resid norm 5.837667446010e-21 ||r(i)||/||b|| 1.205195856021e-04
 64 KSP unpreconditioned resid norm 5.715018200758e-21 true resid norm 5.715018200750e-21 ||r(i)||/||b|| 1.179874721596e-04
 65 KSP unpreconditioned resid norm 5.613334999719e-21 true resid norm 5.613334999710e-21 ||r(i)||/||b|| 1.158882060802e-04
 66 KSP unpreconditioned resid norm 5.509553999859e-21 true resid norm 5.509553999850e-21 ||r(i)||/||b|| 1.137456306060e-04
 67 KSP unpreconditioned resid norm 5.386383103415e-21 true resid norm 5.386383103405e-21 ||r(i)||/||b|| 1.112027475906e-04
 68 KSP unpreconditioned resid norm 5.256325502455e-21 true resid norm 5.256325502445e-21 ||r(i)||/||b|| 1.085176874502e-04
 69 KSP unpreconditioned resid norm 5.098988985781e-21 true resid norm 5.098988985772e-21 ||r(i)||/||b|| 1.052694496969e-04
 70 KSP unpreconditioned resid norm 4.891051227222e-21 true resid norm 4.891051227215e-21 ||r(i)||/||b|| 1.009765411467e-04
 71 KSP unpreconditioned resid norm 4.642199074459e-21 true resid norm 4.642199074453e-21 ||r(i)||/||b|| 9.583894833167e-05
 72 KSP unpreconditioned resid norm 4.393627189817e-21 true resid norm 4.393627189812e-21 ||r(i)||/||b|| 9.070714169720e-05
 73 KSP unpreconditioned resid norm 4.156715541651e-21 true resid norm 4.156715541646e-21 ||r(i)||/||b|| 8.581606252468e-05
 74 KSP unpreconditioned resid norm 3.959661790929e-21 true resid norm 3.959661790923e-21 ||r(i)||/||b|| 8.174785607096e-05
 75 KSP unpreconditioned resid norm 3.779757998333e-21 true resid norm 3.779757998324e-21 ||r(i)||/||b|| 7.803371326773e-05
 76 KSP unpreconditioned resid norm 3.603289507364e-21 true resid norm 3.603289507353e-21 ||r(i)||/||b|| 7.439049282046e-05
 77 KSP unpreconditioned resid norm 3.421507422374e-21 true resid norm 3.421507422361e-21 ||r(i)||/||b|| 7.063757236795e-05
 78 KSP unpreconditioned resid norm 3.199907704899e-21 true resid norm 3.199907704887e-21 ||r(i)||/||b|| 6.606261047323e-05
 79 KSP unpreconditioned resid norm 2.973727012712e-21 true resid norm 2.973727012701e-21 ||r(i)||/||b|| 6.139307361701e-05
 80 KSP unpreconditioned resid norm 2.750256904352e-21 true resid norm 2.750256904342e-21 ||r(i)||/||b|| 5.677949720092e-05
 81 KSP unpreconditioned resid norm 2.533606968304e-21 true resid norm 2.533606968295e-21 ||r(i)||/||b|| 5.230672434181e-05
 82 KSP unpreconditioned resid norm 2.369079328112e-21 true resid norm 2.369079328104e-21 ||r(i)||/||b|| 4.891002468404e-05
 83 KSP unpreconditioned resid norm 2.259427099857e-21 true resid norm 2.259427099849e-21 ||r(i)||/||b|| 4.664623675301e-05
 84 KSP unpreconditioned resid norm 2.178690704024e-21 true resid norm 2.178690704015e-21 ||r(i)||/||b|| 4.497942084429e-05
 85 KSP unpreconditioned resid norm 2.114487514414e-21 true resid norm 2.114487514404e-21 ||r(i)||/||b|| 4.365393564359e-05
 86 KSP unpreconditioned resid norm 2.061463257714e-21 true resid norm 2.061463257701e-21 ||r(i)||/||b|| 4.255924131511e-05
 87 KSP unpreconditioned resid norm 2.017123058083e-21 true resid norm 2.017123058067e-21 ||r(i)||/||b|| 4.164383074491e-05
 88 KSP unpreconditioned resid norm 1.979777678793e-21 true resid norm 1.979777678773e-21 ||r(i)||/||b|| 4.087282936836e-05
 89 KSP unpreconditioned resid norm 1.943152359975e-21 true resid norm 1.943152359948e-21 ||r(i)||/||b|| 4.011669375630e-05
 90 KSP unpreconditioned resid norm 1.906110105083e-21 true resid norm 1.906110105049e-21 ||r(i)||/||b|| 3.935195043176e-05
 91 KSP unpreconditioned resid norm 1.864286101345e-21 true resid norm 1.864286101300e-21 ||r(i)||/||b|| 3.848848713128e-05
 92 KSP unpreconditioned resid norm 1.849554773572e-21 true resid norm 1.849547970552e-21 ||r(i)||/||b|| 3.818421604583e-05
 93 KSP unpreconditioned resid norm 1.829232312615e-21 true resid norm 1.813584321435e-21 ||r(i)||/||b|| 3.744174071157e-05
 94 KSP unpreconditioned resid norm 1.826198596013e-21 true resid norm 1.806702255577e-21 ||r(i)||/||b|| 3.729965935237e-05
 95 KSP unpreconditioned resid norm 1.823820701654e-21 true resid norm 1.799242616465e-21 ||r(i)||/||b|| 3.714565390022e-05
 96 KSP unpreconditioned resid norm 1.823810595610e-21 true resid norm 1.799403075518e-21 ||r(i)||/||b|| 3.714896660324e-05
 97 KSP unpreconditioned resid norm 1.823758978456e-21 true resid norm 1.799295480669e-21 ||r(i)||/||b|| 3.714674529022e-05
 98 KSP unpreconditioned resid norm 1.823751176382e-21 true resid norm 1.799284323995e-21 ||r(i)||/||b|| 3.714651495890e-05
 99 KSP unpreconditioned resid norm 1.823692407275e-21 true resid norm 1.798996924620e-21 ||r(i)||/||b|| 3.714058155245e-05
100 KSP unpreconditioned resid norm 1.798536076557e-21 true resid norm 1.798536076557e-21 ||r(i)||/||b|| 3.713106726990e-05
101 KSP unpreconditioned resid norm 1.784095357638e-21 true resid norm 1.784095357638e-21 ||r(i)||/||b|| 3.683293629962e-05
102 KSP unpreconditioned resid norm 1.771779938434e-21 true resid norm 1.771779938434e-21 ||r(i)||/||b|| 3.657868248459e-05
103 KSP unpreconditioned resid norm 1.759255407715e-21 true resid norm 1.759255407715e-21 ||r(i)||/||b|| 3.632011152863e-05
104 KSP unpreconditioned resid norm 1.744922244482e-21 true resid norm 1.744922244482e-21 ||r(i)||/||b|| 3.602420106282e-05
105 KSP unpreconditioned resid norm 1.731729351505e-21 true resid norm 1.731729351505e-21 ||r(i)||/||b|| 3.575183166028e-05
106 KSP unpreconditioned resid norm 1.711465249285e-21 true resid norm 1.711465249285e-21 ||r(i)||/||b|| 3.533347600286e-05
107 KSP unpreconditioned resid norm 1.683918670041e-21 true resid norm 1.683918670041e-21 ||r(i)||/||b|| 3.476477243315e-05
108 KSP unpreconditioned resid norm 1.646056352027e-21 true resid norm 1.646056352027e-21 ||r(i)||/||b|| 3.398309877341e-05
109 KSP unpreconditioned resid norm 1.604310559727e-21 true resid norm 1.604310559727e-21 ||r(i)||/||b|| 3.312125016089e-05
110 KSP unpreconditioned resid norm 1.570933050409e-21 true resid norm 1.570933050409e-21 ||r(i)||/||b|| 3.243216609973e-05
111 KSP unpreconditioned resid norm 1.531562646956e-21 true resid norm 1.531562646956e-21 ||r(i)||/||b|| 3.161935777293e-05
112 KSP unpreconditioned resid norm 1.491080094197e-21 true resid norm 1.491080094197e-21 ||r(i)||/||b|| 3.078358894443e-05
113 KSP unpreconditioned resid norm 1.451299718771e-21 true resid norm 1.451299718771e-21 ||r(i)||/||b|| 2.996231668015e-05
114 KSP unpreconditioned resid norm 1.412994054517e-21 true resid norm 1.412994054517e-21 ||r(i)||/||b|| 2.917149006579e-05
115 KSP unpreconditioned resid norm 1.373689615166e-21 true resid norm 1.373689615166e-21 ||r(i)||/||b|| 2.836004357853e-05
116 KSP unpreconditioned resid norm 1.330031193464e-21 true resid norm 1.330031193464e-21 ||r(i)||/||b|| 2.745870842363e-05
117 KSP unpreconditioned resid norm 1.288021750910e-21 true resid norm 1.288021750910e-21 ||r(i)||/||b|| 2.659141670914e-05
118 KSP unpreconditioned resid norm 1.250565416167e-21 true resid norm 1.250565416167e-21 ||r(i)||/||b|| 2.581812463946e-05
119 KSP unpreconditioned resid norm 1.222323308078e-21 true resid norm 1.222323308078e-21 ||r(i)||/||b|| 2.523506176463e-05
120 KSP unpreconditioned resid norm 1.195868048644e-21 true resid norm 1.195868048644e-21 ||r(i)||/||b|| 2.468888866835e-05
121 KSP unpreconditioned resid norm 1.173898563894e-21 true resid norm 1.173898563894e-21 ||r(i)||/||b|| 2.423532511366e-05
122 KSP unpreconditioned resid norm 1.149610422725e-21 true resid norm 1.149610422726e-21 ||r(i)||/||b|| 2.373389252337e-05
123 KSP unpreconditioned resid norm 1.130063654350e-21 true resid norm 1.130063654350e-21 ||r(i)||/||b|| 2.333034633881e-05
124 KSP unpreconditioned resid norm 1.114489538188e-21 true resid norm 1.114489538188e-21 ||r(i)||/||b|| 2.300881619973e-05
125 KSP unpreconditioned resid norm 1.098124847737e-21 true resid norm 1.098124847737e-21 ||r(i)||/||b|| 2.267096452696e-05
126 KSP unpreconditioned resid norm 1.077870354247e-21 true resid norm 1.077870354247e-21 ||r(i)||/||b|| 2.225280724332e-05
127 KSP unpreconditioned resid norm 1.050991897267e-21 true resid norm 1.050991897267e-21 ||r(i)||/||b|| 2.169789716549e-05
128 KSP unpreconditioned resid norm 1.027727727751e-21 true resid norm 1.027727727751e-21 ||r(i)||/||b|| 2.121760463505e-05
129 KSP unpreconditioned resid norm 9.969506970485e-22 true resid norm 9.969506970485e-22 ||r(i)||/||b|| 2.058220787417e-05
130 KSP unpreconditioned resid norm 9.609715478430e-22 true resid norm 9.609715478431e-22 ||r(i)||/||b|| 1.983941253807e-05
131 KSP unpreconditioned resid norm 9.198319080618e-22 true resid norm 9.198319080618e-22 ||r(i)||/||b|| 1.899007804204e-05
132 KSP unpreconditioned resid norm 8.731034574031e-22 true resid norm 8.731034574031e-22 ||r(i)||/||b|| 1.802536164439e-05
133 KSP unpreconditioned resid norm 8.224382002822e-22 true resid norm 8.224382002822e-22 ||r(i)||/||b|| 1.697936924261e-05
134 KSP unpreconditioned resid norm 7.698020032415e-22 true resid norm 7.698020032415e-22 ||r(i)||/||b|| 1.589268646842e-05
135 KSP unpreconditioned resid norm 7.226038529111e-22 true resid norm 7.226038529111e-22 ||r(i)||/||b|| 1.491827304532e-05
136 KSP unpreconditioned resid norm 6.737852327815e-22 true resid norm 6.737852327816e-22 ||r(i)||/||b|| 1.391040476195e-05
137 KSP unpreconditioned resid norm 6.218388148508e-22 true resid norm 6.218388148508e-22 ||r(i)||/||b|| 1.283796258870e-05
138 KSP unpreconditioned resid norm 5.703500257062e-22 true resid norm 5.703500257062e-22 ||r(i)||/||b|| 1.177496823552e-05
139 KSP unpreconditioned resid norm 5.214062282400e-22 true resid norm 5.214062282401e-22 ||r(i)||/||b|| 1.076451564585e-05
140 KSP unpreconditioned resid norm 4.854235206645e-22 true resid norm 4.854235206645e-22 ||r(i)||/||b|| 1.002164684664e-05
141 KSP unpreconditioned resid norm 4.593602024072e-22 true resid norm 4.593602024073e-22 ||r(i)||/||b|| 9.483565439151e-06
142 KSP unpreconditioned resid norm 4.397894152823e-22 true resid norm 4.397894152824e-22 ||r(i)||/||b|| 9.079523383652e-06
143 KSP unpreconditioned resid norm 4.228413545006e-22 true resid norm 4.228413545006e-22 ||r(i)||/||b|| 8.729627936357e-06
144 KSP unpreconditioned resid norm 4.079287659524e-22 true resid norm 4.079287659524e-22 ||r(i)||/||b|| 8.421755141495e-06
145 KSP unpreconditioned resid norm 3.957976388305e-22 true resid norm 3.957976388307e-22 ||r(i)||/||b|| 8.171306066223e-06
146 KSP unpreconditioned resid norm 3.848935099170e-22 true resid norm 3.848935099171e-22 ||r(i)||/||b|| 7.946188566780e-06
147 KSP unpreconditioned resid norm 3.756792903326e-22 true resid norm 3.756792903326e-22 ||r(i)||/||b|| 7.755959517895e-06
148 KSP unpreconditioned resid norm 3.652506823720e-22 true resid norm 3.652506823719e-22 ||r(i)||/||b|| 7.540659225192e-06
149 KSP unpreconditioned resid norm 3.558400941087e-22 true resid norm 3.558400941089e-22 ||r(i)||/||b|| 7.346376113278e-06
150 KSP unpreconditioned resid norm 3.455328707560e-22 true resid norm 3.455328707560e-22 ||r(i)||/||b|| 7.133581825372e-06
151 KSP unpreconditioned resid norm 3.365876238869e-22 true resid norm 3.365876238869e-22 ||r(i)||/||b|| 6.948905761560e-06
152 KSP unpreconditioned resid norm 3.279445109766e-22 true resid norm 3.279445109766e-22 ||r(i)||/||b|| 6.770467302040e-06
153 KSP unpreconditioned resid norm 3.211860548628e-22 true resid norm 3.211860548627e-22 ||r(i)||/||b|| 6.630937885934e-06
154 KSP unpreconditioned resid norm 3.152382159160e-22 true resid norm 3.152382159160e-22 ||r(i)||/||b|| 6.508143791938e-06
155 KSP unpreconditioned resid norm 3.100001851378e-22 true resid norm 3.100001851380e-22 ||r(i)||/||b|| 6.400003802023e-06
156 KSP unpreconditioned resid norm 3.050735562040e-22 true resid norm 3.050735562041e-22 ||r(i)||/||b|| 6.298292753386e-06
157 KSP unpreconditioned resid norm 2.998144014438e-22 true resid norm 2.998144014437e-22 ||r(i)||/||b|| 6.189716655450e-06
158 KSP unpreconditioned resid norm 2.946874214250e-22 true resid norm 2.946874214251e-22 ||r(i)||/||b|| 6.083869326366e-06
159 KSP unpreconditioned resid norm 2.894579304658e-22 true resid norm 2.894579304659e-22 ||r(i)||/||b|| 5.975905642387e-06
160 KSP unpreconditioned resid norm 2.844463538837e-22 true resid norm 2.844463538839e-22 ||r(i)||/||b|| 5.872440835860e-06
161 KSP unpreconditioned resid norm 2.804107701875e-22 true resid norm 2.804107701876e-22 ||r(i)||/||b|| 5.789125559813e-06
162 KSP unpreconditioned resid norm 2.765656307684e-22 true resid norm 2.765656307685e-22 ||r(i)||/||b|| 5.709742036572e-06
163 KSP unpreconditioned resid norm 2.718758714712e-22 true resid norm 2.718758714712e-22 ||r(i)||/||b|| 5.612921199772e-06
164 KSP unpreconditioned resid norm 2.656316035043e-22 true resid norm 2.656316035045e-22 ||r(i)||/||b|| 5.484007280865e-06
165 KSP unpreconditioned resid norm 2.588934259431e-22 true resid norm 2.588934259434e-22 ||r(i)||/||b|| 5.344896518751e-06
166 KSP unpreconditioned resid norm 2.521291714672e-22 true resid norm 2.521291714673e-22 ||r(i)||/||b|| 5.205247394525e-06
167 KSP unpreconditioned resid norm 2.450516547179e-22 true resid norm 2.450516547182e-22 ||r(i)||/||b|| 5.059130920165e-06
168 KSP unpreconditioned resid norm 2.378655189427e-22 true resid norm 2.378655189428e-22 ||r(i)||/||b|| 4.910771988497e-06
169 KSP unpreconditioned resid norm 2.302489628895e-22 true resid norm 2.302489628895e-22 ||r(i)||/||b|| 4.753526960795e-06
170 KSP unpreconditioned resid norm 2.230291368617e-22 true resid norm 2.230291368619e-22 ||r(i)||/||b|| 4.604472488436e-06
171 KSP unpreconditioned resid norm 2.163737728663e-22 true resid norm 2.163737728665e-22 ||r(i)||/||b|| 4.467071425739e-06
172 KSP unpreconditioned resid norm 2.105902263280e-22 true resid norm 2.105902263281e-22 ||r(i)||/||b|| 4.347669175001e-06
173 KSP unpreconditioned resid norm 2.053474299185e-22 true resid norm 2.053474299186e-22 ||r(i)||/||b|| 4.239430797855e-06
174 KSP unpreconditioned resid norm 2.003238515136e-22 true resid norm 2.003238515139e-22 ||r(i)||/||b|| 4.135718211763e-06
175 KSP unpreconditioned resid norm 1.959442171025e-22 true resid norm 1.959442171027e-22 ||r(i)||/||b|| 4.045299953236e-06
176 KSP unpreconditioned resid norm 1.909234442661e-22 true resid norm 1.909234442663e-22 ||r(i)||/||b|| 3.941645288554e-06
177 KSP unpreconditioned resid norm 1.854396534373e-22 true resid norm 1.854396534374e-22 ||r(i)||/||b|| 3.828431542766e-06
178 KSP unpreconditioned resid norm 1.788410154437e-22 true resid norm 1.788410154440e-22 ||r(i)||/||b|| 3.692201597523e-06
179 KSP unpreconditioned resid norm 1.723036828295e-22 true resid norm 1.723036828297e-22 ||r(i)||/||b|| 3.557237311719e-06
180 KSP unpreconditioned resid norm 1.665960899279e-22 true resid norm 1.665960899281e-22 ||r(i)||/||b|| 3.439403136058e-06
181 KSP unpreconditioned resid norm 1.618617501969e-22 true resid norm 1.618617501971e-22 ||r(i)||/||b|| 3.341661929017e-06
182 KSP unpreconditioned resid norm 1.573329446297e-22 true resid norm 1.573329446298e-22 ||r(i)||/||b|| 3.248164007922e-06
183 KSP unpreconditioned resid norm 1.518902163990e-22 true resid norm 1.518902163993e-22 ||r(i)||/||b|| 3.135798006098e-06
184 KSP unpreconditioned resid norm 1.458338929027e-22 true resid norm 1.458338929029e-22 ||r(i)||/||b|| 3.010764231083e-06
185 KSP unpreconditioned resid norm 1.392592249810e-22 true resid norm 1.392592249812e-22 ||r(i)||/||b|| 2.875029151837e-06
186 KSP unpreconditioned resid norm 1.316736393344e-22 true resid norm 1.316736393347e-22 ||r(i)||/||b|| 2.718423513177e-06
187 KSP unpreconditioned resid norm 1.233695904843e-22 true resid norm 1.233695904847e-22 ||r(i)||/||b|| 2.546985085847e-06
188 KSP unpreconditioned resid norm 1.164908690378e-22 true resid norm 1.164908690381e-22 ||r(i)||/||b|| 2.404972772558e-06
189 KSP unpreconditioned resid norm 1.117657928264e-22 true resid norm 1.117657928267e-22 ||r(i)||/||b|| 2.307422812372e-06
190 KSP unpreconditioned resid norm 1.083911992821e-22 true resid norm 1.083911992823e-22 ||r(i)||/||b|| 2.237753784579e-06
191 KSP unpreconditioned resid norm 1.065330261854e-22 true resid norm 1.074677392380e-22 ||r(i)||/||b|| 2.218688803080e-06
192 KSP unpreconditioned resid norm 1.065325003447e-22 true resid norm 1.074242648928e-22 ||r(i)||/||b|| 2.217791268213e-06
193 KSP unpreconditioned resid norm 1.064481247206e-22 true resid norm 1.079496833979e-22 ||r(i)||/||b|| 2.228638617962e-06
194 KSP unpreconditioned resid norm 1.064480192589e-22 true resid norm 1.079459264596e-22 ||r(i)||/||b|| 2.228561055365e-06
195 KSP unpreconditioned resid norm 1.062933716629e-22 true resid norm 1.090397328272e-22 ||r(i)||/||b|| 2.251142864172e-06
196 KSP unpreconditioned resid norm 1.062025626504e-22 true resid norm 1.095789370920e-22 ||r(i)||/||b|| 2.262274823153e-06
197 KSP unpreconditioned resid norm 1.060093406805e-22 true resid norm 1.111497493396e-22 ||r(i)||/||b|| 2.294704495259e-06
198 KSP unpreconditioned resid norm 1.059828748352e-22 true resid norm 1.114052695502e-22 ||r(i)||/||b|| 2.299979751204e-06
199 KSP unpreconditioned resid norm 1.058577856107e-22 true resid norm 1.128604857982e-22 ||r(i)||/||b|| 2.330022925260e-06
200 KSP unpreconditioned resid norm 1.128605565980e-22 true resid norm 1.128605565980e-22 ||r(i)||/||b|| 2.330024386933e-06
201 KSP unpreconditioned resid norm 1.108017903938e-22 true resid norm 1.108017903938e-22 ||r(i)||/||b|| 2.287520826724e-06
202 KSP unpreconditioned resid norm 1.085979479912e-22 true resid norm 1.085979479912e-22 ||r(i)||/||b|| 2.242022145007e-06
203 KSP unpreconditioned resid norm 1.056342737351e-22 true resid norm 1.056342737351e-22 ||r(i)||/||b|| 2.180836612172e-06
204 KSP unpreconditioned resid norm 1.024605065469e-22 true resid norm 1.024605065469e-22 ||r(i)||/||b|| 2.115313676878e-06
205 KSP unpreconditioned resid norm 9.904230217474e-23 true resid norm 9.904230217481e-23 ||r(i)||/||b|| 2.044744296516e-06
206 KSP unpreconditioned resid norm 9.499352812317e-23 true resid norm 9.499352812310e-23 ||r(i)||/||b|| 1.961156703454e-06
207 KSP unpreconditioned resid norm 9.201123535449e-23 true resid norm 9.201123535445e-23 ||r(i)||/||b|| 1.899586788425e-06
208 KSP unpreconditioned resid norm 8.914558361136e-23 true resid norm 8.914558361140e-23 ||r(i)||/||b|| 1.840424946174e-06
209 KSP unpreconditioned resid norm 8.657270487574e-23 true resid norm 8.657270487575e-23 ||r(i)||/||b|| 1.787307449864e-06
210 KSP unpreconditioned resid norm 8.398707640021e-23 true resid norm 8.398707640024e-23 ||r(i)||/||b|| 1.733926733118e-06
211 KSP unpreconditioned resid norm 8.178895822253e-23 true resid norm 8.178895822254e-23 ||r(i)||/||b|| 1.688546228948e-06
212 KSP unpreconditioned resid norm 7.987834427125e-23 true resid norm 7.987834427125e-23 ||r(i)||/||b|| 1.649101295884e-06
213 KSP unpreconditioned resid norm 7.792989665079e-23 true resid norm 7.792989665083e-23 ||r(i)||/||b|| 1.608875280621e-06
214 KSP unpreconditioned resid norm 7.581961113182e-23 true resid norm 7.581961113182e-23 ||r(i)||/||b|| 1.565308095850e-06
215 KSP unpreconditioned resid norm 7.409094966176e-23 true resid norm 7.409094966178e-23 ||r(i)||/||b|| 1.529619601098e-06
216 KSP unpreconditioned resid norm 7.261450227500e-23 true resid norm 7.261450227507e-23 ||r(i)||/||b|| 1.499138106758e-06
217 KSP unpreconditioned resid norm 7.102877970819e-23 true resid norm 7.102877970829e-23 ||r(i)||/||b|| 1.466400608709e-06
218 KSP unpreconditioned resid norm 6.932324437237e-23 true resid norm 6.932324437234e-23 ||r(i)||/||b|| 1.431189556723e-06
219 KSP unpreconditioned resid norm 6.763637446620e-23 true resid norm 6.763637446619e-23 ||r(i)||/||b|| 1.396363855544e-06
220 KSP unpreconditioned resid norm 6.575747185686e-23 true resid norm 6.575747185701e-23 ||r(i)||/||b|| 1.357573608251e-06
221 KSP unpreconditioned resid norm 6.392410414243e-23 true resid norm 6.392410414249e-23 ||r(i)||/||b|| 1.319723436200e-06
222 KSP unpreconditioned resid norm 6.212618683033e-23 true resid norm 6.212618683043e-23 ||r(i)||/||b|| 1.282605143423e-06
223 KSP unpreconditioned resid norm 6.071301847817e-23 true resid norm 6.071301847819e-23 ||r(i)||/||b|| 1.253430054952e-06
224 KSP unpreconditioned resid norm 5.958428407052e-23 true resid norm 5.958428407066e-23 ||r(i)||/||b|| 1.230127151128e-06
225 KSP unpreconditioned resid norm 5.860638261892e-23 true resid norm 5.860638261904e-23 ||r(i)||/||b|| 1.209938217997e-06
226 KSP unpreconditioned resid norm 5.770304341177e-23 true resid norm 5.770304341183e-23 ||r(i)||/||b|| 1.191288634423e-06
227 KSP unpreconditioned resid norm 5.681576823861e-23 true resid norm 5.681576823856e-23 ||r(i)||/||b|| 1.172970695420e-06
228 KSP unpreconditioned resid norm 5.585877499563e-23 true resid norm 5.585877499581e-23 ||r(i)||/||b|| 1.153213415632e-06
229 KSP unpreconditioned resid norm 5.488762423187e-23 true resid norm 5.488762423187e-23 ||r(i)||/||b|| 1.133163851537e-06
230 KSP unpreconditioned resid norm 5.401274939928e-23 true resid norm 5.401274939930e-23 ||r(i)||/||b|| 1.115101919566e-06
231 KSP unpreconditioned resid norm 5.321617831461e-23 true resid norm 5.321617831460e-23 ||r(i)||/||b|| 1.098656581095e-06
232 KSP unpreconditioned resid norm 5.256904884953e-23 true resid norm 5.256904884942e-23 ||r(i)||/||b|| 1.085296488953e-06
233 KSP unpreconditioned resid norm 5.195348459496e-23 true resid norm 5.195348459470e-23 ||r(i)||/||b|| 1.072588065670e-06
234 KSP unpreconditioned resid norm 5.139477508698e-23 true resid norm 5.139477508698e-23 ||r(i)||/||b|| 1.061053417805e-06
235 KSP unpreconditioned resid norm 5.075505757762e-23 true resid norm 5.075505757759e-23 ||r(i)||/||b|| 1.047846346685e-06
236 KSP unpreconditioned resid norm 5.005142365466e-23 true resid norm 5.005142365467e-23 ||r(i)||/||b|| 1.033319710903e-06
237 KSP unpreconditioned resid norm 4.911564687472e-23 true resid norm 4.911564687478e-23 ||r(i)||/||b|| 1.014000448411e-06
238 KSP unpreconditioned resid norm 4.800846681258e-23 true resid norm 4.800846681246e-23 ||r(i)||/||b|| 9.911425375191e-07
239 KSP unpreconditioned resid norm 4.687864961055e-23 true resid norm 4.687864961068e-23 ||r(i)||/||b|| 9.678172792334e-07
240 KSP unpreconditioned resid norm 4.576714877260e-23 true resid norm 4.576714877256e-23 ||r(i)||/||b|| 9.448701652283e-07
241 KSP unpreconditioned resid norm 4.487145501278e-23 true resid norm 4.487145501270e-23 ||r(i)||/||b|| 9.263784231475e-07
242 KSP unpreconditioned resid norm 4.404775514914e-23 true resid norm 4.404775514921e-23 ||r(i)||/||b|| 9.093730066646e-07
243 KSP unpreconditioned resid norm 4.318089282942e-23 true resid norm 4.318089282951e-23 ||r(i)||/||b|| 8.914764943144e-07
244 KSP unpreconditioned resid norm 4.230238411757e-23 true resid norm 4.230238411764e-23 ||r(i)||/||b|| 8.733395403201e-07
245 KSP unpreconditioned resid norm 4.146582052666e-23 true resid norm 4.146582052658e-23 ||r(i)||/||b|| 8.560685501074e-07
246 KSP unpreconditioned resid norm 4.051344845231e-23 true resid norm 4.051344845239e-23 ||r(i)||/||b|| 8.364066750893e-07
247 KSP unpreconditioned resid norm 3.951340684469e-23 true resid norm 3.951340684478e-23 ||r(i)||/||b|| 8.157606548683e-07
248 KSP unpreconditioned resid norm 3.837824272278e-23 true resid norm 3.837824272285e-23 ||r(i)||/||b|| 7.923250085540e-07
249 KSP unpreconditioned resid norm 3.729751537906e-23 true resid norm 3.729751537908e-23 ||r(i)||/||b|| 7.700132183014e-07
250 KSP unpreconditioned resid norm 3.605357601928e-23 true resid norm 3.605357601933e-23 ||r(i)||/||b|| 7.443318896649e-07
251 KSP unpreconditioned resid norm 3.478285603740e-23 true resid norm 3.478285603737e-23 ||r(i)||/||b|| 7.180976707653e-07
252 KSP unpreconditioned resid norm 3.344501299654e-23 true resid norm 3.344501299653e-23 ||r(i)||/||b|| 6.904776854931e-07
253 KSP unpreconditioned resid norm 3.175620202786e-23 true resid norm 3.175620202787e-23 ||r(i)||/||b|| 6.556119107663e-07
254 KSP unpreconditioned resid norm 2.958956852308e-23 true resid norm 2.958956852322e-23 ||r(i)||/||b|| 6.108814127467e-07
255 KSP unpreconditioned resid norm 2.731056704857e-23 true resid norm 2.731056704862e-23 ||r(i)||/||b|| 5.638310598710e-07
256 KSP unpreconditioned resid norm 2.510984428495e-23 true resid norm 2.510984428500e-23 ||r(i)||/||b|| 5.183967836042e-07
257 KSP unpreconditioned resid norm 2.296626998021e-23 true resid norm 2.296626998014e-23 ||r(i)||/||b|| 4.741423464821e-07
258 KSP unpreconditioned resid norm 2.082686024776e-23 true resid norm 2.082686024779e-23 ||r(i)||/||b|| 4.299738876308e-07
259 KSP unpreconditioned resid norm 1.901767083002e-23 true resid norm 1.901767083006e-23 ||r(i)||/||b|| 3.926228804149e-07
260 KSP unpreconditioned resid norm 1.748319013258e-23 true resid norm 1.748319013265e-23 ||r(i)||/||b|| 3.609432790198e-07
261 KSP unpreconditioned resid norm 1.593462604949e-23 true resid norm 1.593462604951e-23 ||r(i)||/||b|| 3.289729238558e-07
262 KSP unpreconditioned resid norm 1.451425712093e-23 true resid norm 1.451425712099e-23 ||r(i)||/||b|| 2.996491783273e-07
263 KSP unpreconditioned resid norm 1.332324848484e-23 true resid norm 1.332324848491e-23 ||r(i)||/||b|| 2.750606130147e-07
264 KSP unpreconditioned resid norm 1.232382398377e-23 true resid norm 1.232382398388e-23 ||r(i)||/||b|| 2.544273330584e-07
265 KSP unpreconditioned resid norm 1.146529057909e-23 true resid norm 1.146529057920e-23 ||r(i)||/||b|| 2.367027725017e-07
266 KSP unpreconditioned resid norm 1.077639411863e-23 true resid norm 1.077639411861e-23 ||r(i)||/||b|| 2.224803940052e-07
267 KSP unpreconditioned resid norm 1.019436781483e-23 true resid norm 1.019436781489e-23 ||r(i)||/||b|| 2.104643671277e-07
268 KSP unpreconditioned resid norm 9.800091235073e-24 true resid norm 9.800091235098e-24 ||r(i)||/||b|| 2.023244635705e-07
269 KSP unpreconditioned resid norm 9.436167566991e-24 true resid norm 9.436167566999e-24 ||r(i)||/||b|| 1.948112007689e-07
270 KSP unpreconditioned resid norm 9.102036179329e-24 true resid norm 9.102036179355e-24 ||r(i)||/||b|| 1.879130044006e-07
271 KSP unpreconditioned resid norm 8.772036378683e-24 true resid norm 8.772036378699e-24 ||r(i)||/||b|| 1.811001053118e-07
272 KSP unpreconditioned resid norm 8.470274494516e-24 true resid norm 8.470274494499e-24 ||r(i)||/||b|| 1.748701825608e-07
273 KSP unpreconditioned resid norm 8.142759376383e-24 true resid norm 8.142759376366e-24 ||r(i)||/||b|| 1.681085801433e-07
274 KSP unpreconditioned resid norm 7.815756792732e-24 true resid norm 7.815756792709e-24 ||r(i)||/||b|| 1.613575590826e-07
275 KSP unpreconditioned resid norm 7.509418985080e-24 true resid norm 7.509418985084e-24 ||r(i)||/||b|| 1.550331656548e-07
276 KSP unpreconditioned resid norm 7.295974827592e-24 true resid norm 7.295974827565e-24 ||r(i)||/||b|| 1.506265766103e-07
277 KSP unpreconditioned resid norm 7.126073049167e-24 true resid norm 7.126073049126e-24 ||r(i)||/||b|| 1.471189270019e-07
278 KSP unpreconditioned resid norm 6.969209518258e-24 true resid norm 6.969209518264e-24 ||r(i)||/||b|| 1.438804541169e-07
279 KSP unpreconditioned resid norm 6.796976099058e-24 true resid norm 6.796976099023e-24 ||r(i)||/||b|| 1.403246674083e-07
280 KSP unpreconditioned resid norm 6.587064172003e-24 true resid norm 6.587064171992e-24 ||r(i)||/||b|| 1.359910018317e-07
281 KSP unpreconditioned resid norm 6.392172975317e-24 true resid norm 6.392172975288e-24 ||r(i)||/||b|| 1.319674416543e-07
282 KSP unpreconditioned resid norm 6.216509704539e-24 true resid norm 6.216509704508e-24 ||r(i)||/||b|| 1.283408451077e-07
283 KSP unpreconditioned resid norm 6.074345200804e-24 true resid norm 6.074345200791e-24 ||r(i)||/||b|| 1.254058360080e-07
284 KSP unpreconditioned resid norm 5.947958605755e-24 true resid norm 5.947958605760e-24 ||r(i)||/||b|| 1.227965643769e-07
285 KSP unpreconditioned resid norm 5.811933689441e-24 true resid norm 5.811933689443e-24 ||r(i)||/||b|| 1.199883080489e-07
286 KSP unpreconditioned resid norm 5.678331386402e-24 true resid norm 5.678331386418e-24 ||r(i)||/||b|| 1.172300669628e-07
287 KSP unpreconditioned resid norm 5.549023568638e-24 true resid norm 5.549023568631e-24 ||r(i)||/||b|| 1.145604862170e-07
288 KSP unpreconditioned resid norm 5.430799390017e-24 true resid norm 5.430799390038e-24 ||r(i)||/||b|| 1.121197289892e-07
289 KSP unpreconditioned resid norm 5.303004384158e-24 true resid norm 5.303004384164e-24 ||r(i)||/||b|| 1.094813804891e-07
290 KSP unpreconditioned resid norm 5.178030336928e-24 true resid norm 5.178030336975e-24 ||r(i)||/||b|| 1.069012711360e-07
291 KSP unpreconditioned resid norm 5.104466462878e-24 true resid norm 5.137434233981e-24 ||r(i)||/||b|| 1.060631580445e-07
292 KSP unpreconditioned resid norm 5.101776633097e-24 true resid norm 5.119978664901e-24 ||r(i)||/||b|| 1.057027850066e-07
293 KSP unpreconditioned resid norm 5.097259028350e-24 true resid norm 5.144253287781e-24 ||r(i)||/||b|| 1.062039385096e-07
294 KSP unpreconditioned resid norm 5.097121837323e-24 true resid norm 5.142579612666e-24 ||r(i)||/||b|| 1.061693852171e-07
295 KSP unpreconditioned resid norm 5.093925745887e-24 true resid norm 5.175398537472e-24 ||r(i)||/||b|| 1.068469372109e-07
296 KSP unpreconditioned resid norm 5.090905452497e-24 true resid norm 5.190020939035e-24 ||r(i)||/||b|| 1.071488190487e-07
297 KSP unpreconditioned resid norm 5.083906011538e-24 true resid norm 5.244889620191e-24 ||r(i)||/||b|| 1.082815918174e-07
298 KSP unpreconditioned resid norm 5.083842639168e-24 true resid norm 5.246290456062e-24 ||r(i)||/||b|| 1.083105122998e-07
299 KSP unpreconditioned resid norm 5.080677776352e-24 true resid norm 5.289616888026e-24 ||r(i)||/||b|| 1.092049934730e-07
300 KSP unpreconditioned resid norm 5.289850079477e-24 true resid norm 5.289850079477e-24 ||r(i)||/||b|| 1.092098077481e-07
301 KSP unpreconditioned resid norm 5.206619350394e-24 true resid norm 5.206619350418e-24 ||r(i)||/||b|| 1.074914959278e-07
302 KSP unpreconditioned resid norm 5.138407281523e-24 true resid norm 5.138407281516e-24 ||r(i)||/||b|| 1.060832467678e-07
303 KSP unpreconditioned resid norm 5.068668622608e-24 true resid norm 5.068668622579e-24 ||r(i)||/||b|| 1.046434809104e-07
304 KSP unpreconditioned resid norm 4.989217816882e-24 true resid norm 4.989217816903e-24 ||r(i)||/||b|| 1.030032062177e-07
305 KSP unpreconditioned resid norm 4.918821547426e-24 true resid norm 4.918821547432e-24 ||r(i)||/||b|| 1.015498638848e-07
306 KSP unpreconditioned resid norm 4.838561641131e-24 true resid norm 4.838561641109e-24 ||r(i)||/||b|| 9.989288517889e-08
307 KSP unpreconditioned resid norm 4.783212994000e-24 true resid norm 4.783212993961e-24 ||r(i)||/||b|| 9.875020343492e-08
308 KSP unpreconditioned resid norm 4.707413211613e-24 true resid norm 4.707413211596e-24 ||r(i)||/||b|| 9.718530470714e-08
309 KSP unpreconditioned resid norm 4.637389337802e-24 true resid norm 4.637389337772e-24 ||r(i)||/||b|| 9.573965054243e-08
310 KSP unpreconditioned resid norm 4.572815357937e-24 true resid norm 4.572815357923e-24 ||r(i)||/||b|| 9.440651031750e-08
311 KSP unpreconditioned resid norm 4.514889716834e-24 true resid norm 4.514889716812e-24 ||r(i)||/||b|| 9.321062611768e-08
312 KSP unpreconditioned resid norm 4.453125801552e-24 true resid norm 4.453125801535e-24 ||r(i)||/||b|| 9.193550012889e-08
313 KSP unpreconditioned resid norm 4.390566476050e-24 true resid norm 4.390566476041e-24 ||r(i)||/||b|| 9.064395276793e-08
314 KSP unpreconditioned resid norm 4.326476079284e-24 true resid norm 4.326476079282e-24 ||r(i)||/||b|| 8.932079619385e-08
315 KSP unpreconditioned resid norm 4.250633914896e-24 true resid norm 4.250633914877e-24 ||r(i)||/||b|| 8.775502248205e-08
316 KSP unpreconditioned resid norm 4.167161222922e-24 true resid norm 4.167161222912e-24 ||r(i)||/||b|| 8.603171529853e-08
317 KSP unpreconditioned resid norm 4.062114464015e-24 true resid norm 4.062114464047e-24 ||r(i)||/||b|| 8.386300802557e-08
318 KSP unpreconditioned resid norm 3.940057122840e-24 true resid norm 3.940057122822e-24 ||r(i)||/||b|| 8.134311453725e-08
319 KSP unpreconditioned resid norm 3.829441737092e-24 true resid norm 3.829441737050e-24 ||r(i)||/||b|| 7.905944206400e-08
320 KSP unpreconditioned resid norm 3.709116105845e-24 true resid norm 3.709116105877e-24 ||r(i)||/||b|| 7.657530000890e-08
321 KSP unpreconditioned resid norm 3.588506365319e-24 true resid norm 3.588506365302e-24 ||r(i)||/||b|| 7.408529246940e-08
322 KSP unpreconditioned resid norm 3.458933982827e-24 true resid norm 3.458933982777e-24 ||r(i)||/||b|| 7.141024974184e-08
323 KSP unpreconditioned resid norm 3.356944706331e-24 true resid norm 3.356944706319e-24 ||r(i)||/||b|| 6.930466468613e-08
324 KSP unpreconditioned resid norm 3.245918651810e-24 true resid norm 3.245918651764e-24 ||r(i)||/||b|| 6.701251388962e-08
325 KSP unpreconditioned resid norm 3.128847396238e-24 true resid norm 3.128847396211e-24 ||r(i)||/||b|| 6.459555894391e-08
326 KSP unpreconditioned resid norm 3.012881246666e-24 true resid norm 3.012881246618e-24 ||r(i)||/||b|| 6.220141908889e-08
327 KSP unpreconditioned resid norm 2.899730152360e-24 true resid norm 2.899730152374e-24 ||r(i)||/||b|| 5.986539650541e-08
328 KSP unpreconditioned resid norm 2.777424272054e-24 true resid norm 2.777424272045e-24 ||r(i)||/||b|| 5.734037188723e-08
329 KSP unpreconditioned resid norm 2.645493721979e-24 true resid norm 2.645493721941e-24 ||r(i)||/||b|| 5.461664440980e-08
330 KSP unpreconditioned resid norm 2.503313116500e-24 true resid norm 2.503313116523e-24 ||r(i)||/||b|| 5.168130288783e-08
331 KSP unpreconditioned resid norm 2.362614973672e-24 true resid norm 2.362614973660e-24 ||r(i)||/||b|| 4.877656704434e-08
332 KSP unpreconditioned resid norm 2.244154739806e-24 true resid norm 2.244154739744e-24 ||r(i)||/||b|| 4.633093641636e-08
333 KSP unpreconditioned resid norm 2.151681382984e-24 true resid norm 2.151681382977e-24 ||r(i)||/||b|| 4.442180905688e-08
334 KSP unpreconditioned resid norm 2.079697538926e-24 true resid norm 2.079697538928e-24 ||r(i)||/||b|| 4.293569099086e-08
335 KSP unpreconditioned resid norm 2.020381624535e-24 true resid norm 2.020381624590e-24 ||r(i)||/||b|| 4.171110437614e-08
336 KSP unpreconditioned resid norm 1.971933758640e-24 true resid norm 1.971933758638e-24 ||r(i)||/||b|| 4.071089037254e-08
337 KSP unpreconditioned resid norm 1.928815300123e-24 true resid norm 1.928815300167e-24 ||r(i)||/||b|| 3.982070284562e-08
338 KSP unpreconditioned resid norm 1.873328757979e-24 true resid norm 1.873328758038e-24 ||r(i)||/||b|| 3.867517423755e-08
339 KSP unpreconditioned resid norm 1.815183657094e-24 true resid norm 1.815183657083e-24 ||r(i)||/||b|| 3.747475925387e-08
340 KSP unpreconditioned resid norm 1.757813927693e-24 true resid norm 1.757813927652e-24 ||r(i)||/||b|| 3.629035194032e-08
341 KSP unpreconditioned resid norm 1.706333994414e-24 true resid norm 1.706333994362e-24 ||r(i)||/||b|| 3.522754041769e-08
342 KSP unpreconditioned resid norm 1.667509552071e-24 true resid norm 1.667509552112e-24 ||r(i)||/||b|| 3.442600354796e-08
343 KSP unpreconditioned resid norm 1.622327551056e-24 true resid norm 1.622327550968e-24 ||r(i)||/||b|| 3.349321384986e-08
344 KSP unpreconditioned resid norm 1.577237019465e-24 true resid norm 1.577237019464e-24 ||r(i)||/||b|| 3.256231255723e-08
345 KSP unpreconditioned resid norm 1.516011554192e-24 true resid norm 1.516011554215e-24 ||r(i)||/||b|| 3.129830295607e-08
346 KSP unpreconditioned resid norm 1.442653521733e-24 true resid norm 1.442653521742e-24 ||r(i)||/||b|| 2.978381454850e-08
347 KSP unpreconditioned resid norm 1.359448736204e-24 true resid norm 1.359448736174e-24 ||r(i)||/||b|| 2.806603833574e-08
348 KSP unpreconditioned resid norm 1.264494621661e-24 true resid norm 1.264494621748e-24 ||r(i)||/||b|| 2.610569533441e-08
349 KSP unpreconditioned resid norm 1.152494412074e-24 true resid norm 1.152494412144e-24 ||r(i)||/||b|| 2.379343294988e-08
350 KSP unpreconditioned resid norm 1.026801675900e-24 true resid norm 1.026801675923e-24 ||r(i)||/||b|| 2.119848614576e-08
351 KSP unpreconditioned resid norm 9.307769617662e-25 true resid norm 9.307769618100e-25 ||r(i)||/||b|| 1.921604044129e-08
  Linear solve converged due to CONVERGED_ATOL iterations 351
Mat Object: 1 MPI process
  type: seqaijcusparse
  rows=281452, cols=281452, bs=4
  total: nonzeros=15993520, allocated nonzeros=15993520
  total number of mallocs used during MatSetValues calls=0
    not using I-node routines
Vec Object: 1 MPI process
  type: seqcuda
  length=281452, bs=4
Vec Object: 1 MPI process
  type: seqcuda
  length=281452, bs=4
KSP Object: 1 MPI process
  type: gmres
    restart=100, using classical (unmodified) Gram-Schmidt orthogonalization with no iterative refinement
    happy breakdown tolerance=1e-30
  maximum iterations=2000, initial guess is zero
  tolerances: relative=1e-10, absolute=1e-24, divergence=10000.
  right preconditioning
  diagonally scaled system
  using UNPRECONDITIONED norm type for convergence test
PC Object: 1 MPI process
  type: asm
    total subdomain blocks = 1, amount of overlap = 2
    restriction/interpolation type - RESTRICT
    Local solver information for first block is in the following KSP and PC objects on rank 0:
    Use -ksp_view ::ascii_info_detail to display information for all blocks
    KSP Object: (sub_) 1 MPI process
      type: preonly
      maximum iterations=10000, initial guess is zero
      tolerances: relative=1e-05, absolute=1e-50, divergence=10000.
      left preconditioning
      not checking for convergence
    PC Object: (sub_) 1 MPI process
      type: ilu
        out-of-place factorization
        2 levels of fill
        tolerance for zero pivot 2.22045e-14
        matrix ordering: natural
        factor fill ratio given 1., needed 4.996
          Factored matrix:
            Mat Object: (sub_) 1 MPI process
              type: seqaijcusparse
              rows=281452, cols=281452, bs=4
              package used to perform factorization: cusparse
              total: nonzeros=79903664, allocated nonzeros=79903664
                using I-node routines: found 70363 nodes, limit used is 5
      linear system matrix, which is also used to construct the preconditioner:
      Mat Object: (sub_) 1 MPI process
        type: seqaijcusparse
        rows=281452, cols=281452, bs=4
        total: nonzeros=15993520, allocated nonzeros=15993520
        total number of mallocs used during MatSetValues calls=0
          not using I-node routines
  linear system matrix, which is also used to construct the preconditioner:
  Mat Object: 1 MPI process
    type: seqaijcusparse
    rows=281452, cols=281452, bs=4
    total: nonzeros=15993520, allocated nonzeros=15993520
    total number of mallocs used during MatSetValues calls=0
      not using I-node routines
 NS     70-1    2.476e+03 [   0  1.000e+00  4.804e-14  1.922e-08] [  351 -178   83]
Vec Object: 1 MPI process
  type: seqcuda
  length=281452, bs=4
Mat Object: 1 MPI process
  type: seqaijcusparse
  rows=281452, cols=281452, bs=4
  total: nonzeros=15993520, allocated nonzeros=15993520
  total number of mallocs used during MatSetValues calls=0
    not using I-node routines
Mat Object: 1 MPI process
  type: seqaijcusparse
  rows=281452, cols=281452, bs=4
  total: nonzeros=15993520, allocated nonzeros=15993520
  total number of mallocs used during MatSetValues calls=0
    not using I-node routines
SV13P_REUSE step=70 equation=0 reuse=1 rebuild_requests=10 solve_requests=20 ksp=0x55729b63aa50 pc=0x55729d0f73e0
  0 KSP unpreconditioned resid norm 3.077134638412e-17 true resid norm 3.077134638412e-17 ||r(i)||/||b|| 1.000000000000e+00
  1 KSP unpreconditioned resid norm 1.895130204683e-18 true resid norm 1.895130204683e-18 ||r(i)||/||b|| 6.158749705088e-02
  2 KSP unpreconditioned resid norm 6.668337355379e-19 true resid norm 6.668337355379e-19 ||r(i)||/||b|| 2.167060638861e-02
  3 KSP unpreconditioned resid norm 3.725982156974e-19 true resid norm 3.725982156974e-19 ||r(i)||/||b|| 1.210860945265e-02
  4 KSP unpreconditioned resid norm 2.495320476188e-19 true resid norm 2.495320476188e-19 ||r(i)||/||b|| 8.109233977086e-03
  5 KSP unpreconditioned resid norm 1.730487147855e-19 true resid norm 1.730487147855e-19 ||r(i)||/||b|| 5.623696559304e-03
  6 KSP unpreconditioned resid norm 1.387208311041e-19 true resid norm 1.387208311041e-19 ||r(i)||/||b|| 4.508117044100e-03
  7 KSP unpreconditioned resid norm 1.205509404788e-19 true resid norm 1.205509404788e-19 ||r(i)||/||b|| 3.917636198755e-03
  8 KSP unpreconditioned resid norm 1.080531174330e-19 true resid norm 1.080531174330e-19 ||r(i)||/||b|| 3.511484875707e-03
  9 KSP unpreconditioned resid norm 9.783376001906e-20 true resid norm 9.783376001906e-20 ||r(i)||/||b|| 3.179378594547e-03
 10 KSP unpreconditioned resid norm 9.010367460112e-20 true resid norm 9.010367460112e-20 ||r(i)||/||b|| 2.928168091066e-03
 11 KSP unpreconditioned resid norm 8.167154645091e-20 true resid norm 8.167154645091e-20 ||r(i)||/||b|| 2.654142767476e-03
 12 KSP unpreconditioned resid norm 7.404138989952e-20 true resid norm 7.404138989952e-20 ||r(i)||/||b|| 2.406179728871e-03
 13 KSP unpreconditioned resid norm 6.714745927578e-20 true resid norm 6.714745927578e-20 ||r(i)||/||b|| 2.182142387843e-03
 14 KSP unpreconditioned resid norm 6.213704593632e-20 true resid norm 6.213704593632e-20 ||r(i)||/||b|| 2.019315149902e-03
 15 KSP unpreconditioned resid norm 5.831242528983e-20 true resid norm 5.831242528983e-20 ||r(i)||/||b|| 1.895023524870e-03
 16 KSP unpreconditioned resid norm 5.492126413999e-20 true resid norm 5.492126413999e-20 ||r(i)||/||b|| 1.784818364930e-03
 17 KSP unpreconditioned resid norm 5.200263710764e-20 true resid norm 5.200263710764e-20 ||r(i)||/||b|| 1.689969507947e-03
 18 KSP unpreconditioned resid norm 4.888405354022e-20 true resid norm 4.888405354022e-20 ||r(i)||/||b|| 1.588622510371e-03
 19 KSP unpreconditioned resid norm 4.489588500935e-20 true resid norm 4.489588500935e-20 ||r(i)||/||b|| 1.459015944539e-03
 20 KSP unpreconditioned resid norm 4.056537266478e-20 true resid norm 4.056537266478e-20 ||r(i)||/||b|| 1.318283969717e-03
 21 KSP unpreconditioned resid norm 3.634645676373e-20 true resid norm 3.634645676373e-20 ||r(i)||/||b|| 1.181178629951e-03
 22 KSP unpreconditioned resid norm 3.240559054729e-20 true resid norm 3.240559054729e-20 ||r(i)||/||b|| 1.053109283642e-03
 23 KSP unpreconditioned resid norm 2.920964096268e-20 true resid norm 2.920964096268e-20 ||r(i)||/||b|| 9.492480633789e-04
 24 KSP unpreconditioned resid norm 2.675329408332e-20 true resid norm 2.675329408332e-20 ||r(i)||/||b|| 8.694222784196e-04
 25 KSP unpreconditioned resid norm 2.479792773306e-20 true resid norm 2.479792773306e-20 ||r(i)||/||b|| 8.058772412331e-04
 26 KSP unpreconditioned resid norm 2.336125630326e-20 true resid norm 2.336125630326e-20 ||r(i)||/||b|| 7.591886299562e-04
 27 KSP unpreconditioned resid norm 2.240796150281e-20 true resid norm 2.240796150281e-20 ||r(i)||/||b|| 7.282086790450e-04
 28 KSP unpreconditioned resid norm 2.168764633972e-20 true resid norm 2.168764633972e-20 ||r(i)||/||b|| 7.048000457631e-04
 29 KSP unpreconditioned resid norm 2.105668672904e-20 true resid norm 2.105668672904e-20 ||r(i)||/||b|| 6.842952682731e-04
 30 KSP unpreconditioned resid norm 2.046589902833e-20 true resid norm 2.046589902833e-20 ||r(i)||/||b|| 6.650959880941e-04
 31 KSP unpreconditioned resid norm 1.998637992947e-20 true resid norm 1.998637992947e-20 ||r(i)||/||b|| 6.495126888497e-04
 32 KSP unpreconditioned resid norm 1.962411437536e-20 true resid norm 1.962411437536e-20 ||r(i)||/||b|| 6.377398678105e-04
 33 KSP unpreconditioned resid norm 1.931308366914e-20 true resid norm 1.931308366914e-20 ||r(i)||/||b|| 6.276320648455e-04
 34 KSP unpreconditioned resid norm 1.901327362311e-20 true resid norm 1.901327362311e-20 ||r(i)||/||b|| 6.178889082646e-04
 35 KSP unpreconditioned resid norm 1.861806557400e-20 true resid norm 1.861806557400e-20 ||r(i)||/||b|| 6.050455297467e-04
 36 KSP unpreconditioned resid norm 1.814399691304e-20 true resid norm 1.814399691304e-20 ||r(i)||/||b|| 5.896393575551e-04
 37 KSP unpreconditioned resid norm 1.761288446440e-20 true resid norm 1.761288446440e-20 ||r(i)||/||b|| 5.723793897264e-04
 38 KSP unpreconditioned resid norm 1.714258317075e-20 true resid norm 1.714258317075e-20 ||r(i)||/||b|| 5.570956485545e-04
 39 KSP unpreconditioned resid norm 1.670107512146e-20 true resid norm 1.670107512146e-20 ||r(i)||/||b|| 5.427476234864e-04
 40 KSP unpreconditioned resid norm 1.638250697190e-20 true resid norm 1.638250697191e-20 ||r(i)||/||b|| 5.323948704553e-04
 41 KSP unpreconditioned resid norm 1.607318641860e-20 true resid norm 1.607318641860e-20 ||r(i)||/||b|| 5.223426436387e-04
 42 KSP unpreconditioned resid norm 1.577034885606e-20 true resid norm 1.577034885606e-20 ||r(i)||/||b|| 5.125010995361e-04
 43 KSP unpreconditioned resid norm 1.549100115650e-20 true resid norm 1.549100115650e-20 ||r(i)||/||b|| 5.034229234927e-04
 44 KSP unpreconditioned resid norm 1.520092720970e-20 true resid norm 1.520092720970e-20 ||r(i)||/||b|| 4.939961683816e-04
 45 KSP unpreconditioned resid norm 1.491903856974e-20 true resid norm 1.491903856974e-20 ||r(i)||/||b|| 4.848354174533e-04
 46 KSP unpreconditioned resid norm 1.469217280308e-20 true resid norm 1.469217280308e-20 ||r(i)||/||b|| 4.774627869603e-04
 47 KSP unpreconditioned resid norm 1.448890507617e-20 true resid norm 1.448890507616e-20 ||r(i)||/||b|| 4.708570400300e-04
 48 KSP unpreconditioned resid norm 1.430144844158e-20 true resid norm 1.430144844158e-20 ||r(i)||/||b|| 4.647651182712e-04
 49 KSP unpreconditioned resid norm 1.410041502624e-20 true resid norm 1.410041502624e-20 ||r(i)||/||b|| 4.582319814747e-04
 50 KSP unpreconditioned resid norm 1.387598794723e-20 true resid norm 1.387598794723e-20 ||r(i)||/||b|| 4.509386028814e-04
 51 KSP unpreconditioned resid norm 1.362937789644e-20 true resid norm 1.362937789644e-20 ||r(i)||/||b|| 4.429243272719e-04
 52 KSP unpreconditioned resid norm 1.328030986059e-20 true resid norm 1.328030986059e-20 ||r(i)||/||b|| 4.315803960871e-04
 53 KSP unpreconditioned resid norm 1.293145049940e-20 true resid norm 1.293145049940e-20 ||r(i)||/||b|| 4.202432463622e-04
 54 KSP unpreconditioned resid norm 1.260203121657e-20 true resid norm 1.260203121657e-20 ||r(i)||/||b|| 4.095378557461e-04
 55 KSP unpreconditioned resid norm 1.232761533982e-20 true resid norm 1.232761533982e-20 ||r(i)||/||b|| 4.006199529242e-04
 56 KSP unpreconditioned resid norm 1.208257937721e-20 true resid norm 1.208257937721e-20 ||r(i)||/||b|| 3.926568316636e-04
 57 KSP unpreconditioned resid norm 1.183967253076e-20 true resid norm 1.183967253076e-20 ||r(i)||/||b|| 3.847629019208e-04
 58 KSP unpreconditioned resid norm 1.161177179171e-20 true resid norm 1.161177179171e-20 ||r(i)||/||b|| 3.773566371378e-04
 59 KSP unpreconditioned resid norm 1.140642644106e-20 true resid norm 1.140642644105e-20 ||r(i)||/||b|| 3.706833720783e-04
 60 KSP unpreconditioned resid norm 1.121875742734e-20 true resid norm 1.121875742733e-20 ||r(i)||/||b|| 3.645845484722e-04
 61 KSP unpreconditioned resid norm 1.104944845524e-20 true resid norm 1.104944845524e-20 ||r(i)||/||b|| 3.590823851940e-04
 62 KSP unpreconditioned resid norm 1.082546022702e-20 true resid norm 1.082546022702e-20 ||r(i)||/||b|| 3.518032682706e-04
 63 KSP unpreconditioned resid norm 1.056031760416e-20 true resid norm 1.056031760415e-20 ||r(i)||/||b|| 3.431867254792e-04
 64 KSP unpreconditioned resid norm 1.032022128329e-20 true resid norm 1.032022128328e-20 ||r(i)||/||b|| 3.353841315377e-04
 65 KSP unpreconditioned resid norm 1.012729856265e-20 true resid norm 1.012729856264e-20 ||r(i)||/||b|| 3.291145741957e-04
 66 KSP unpreconditioned resid norm 9.937577692536e-21 true resid norm 9.937577692525e-21 ||r(i)||/||b|| 3.229490698417e-04
 67 KSP unpreconditioned resid norm 9.735089784907e-21 true resid norm 9.735089784896e-21 ||r(i)||/||b|| 3.163686652958e-04
 68 KSP unpreconditioned resid norm 9.440423941476e-21 true resid norm 9.440423941466e-21 ||r(i)||/||b|| 3.067926838047e-04
 69 KSP unpreconditioned resid norm 9.099975369423e-21 true resid norm 9.099975369412e-21 ||r(i)||/||b|| 2.957288659332e-04
 70 KSP unpreconditioned resid norm 8.685407723830e-21 true resid norm 8.685407723817e-21 ||r(i)||/||b|| 2.822563437881e-04
 71 KSP unpreconditioned resid norm 8.283364977805e-21 true resid norm 8.283364977790e-21 ||r(i)||/||b|| 2.691908528925e-04
 72 KSP unpreconditioned resid norm 7.848561357089e-21 true resid norm 7.848561357072e-21 ||r(i)||/||b|| 2.550607067724e-04
 73 KSP unpreconditioned resid norm 7.387836190590e-21 true resid norm 7.387836190574e-21 ||r(i)||/||b|| 2.400881683353e-04
 74 KSP unpreconditioned resid norm 6.903037340111e-21 true resid norm 6.903037340098e-21 ||r(i)||/||b|| 2.243332889607e-04
 75 KSP unpreconditioned resid norm 6.402543166534e-21 true resid norm 6.402543166527e-21 ||r(i)||/||b|| 2.080683466562e-04
 76 KSP unpreconditioned resid norm 5.884136734494e-21 true resid norm 5.884136734496e-21 ||r(i)||/||b|| 1.912212959760e-04
 77 KSP unpreconditioned resid norm 5.295192701018e-21 true resid norm 5.295192701027e-21 ||r(i)||/||b|| 1.720819308628e-04
 78 KSP unpreconditioned resid norm 4.704768231843e-21 true resid norm 4.704768231853e-21 ||r(i)||/||b|| 1.528944548972e-04
 79 KSP unpreconditioned resid norm 4.235088661160e-21 true resid norm 4.235088661165e-21 ||r(i)||/||b|| 1.376309183322e-04
 80 KSP unpreconditioned resid norm 3.926967240444e-21 true resid norm 3.926967240447e-21 ||r(i)||/||b|| 1.276176606453e-04
 81 KSP unpreconditioned resid norm 3.713237553343e-21 true resid norm 3.713237553348e-21 ||r(i)||/||b|| 1.206719233860e-04
 82 KSP unpreconditioned resid norm 3.570313386628e-21 true resid norm 3.570313386636e-21 ||r(i)||/||b|| 1.160272073268e-04
 83 KSP unpreconditioned resid norm 3.466630764645e-21 true resid norm 3.466630764656e-21 ||r(i)||/||b|| 1.126577537876e-04
 84 KSP unpreconditioned resid norm 3.376789820815e-21 true resid norm 3.376789820827e-21 ||r(i)||/||b|| 1.097381238596e-04
 85 KSP unpreconditioned resid norm 3.296342509908e-21 true resid norm 3.296342509920e-21 ||r(i)||/||b|| 1.071237660118e-04
 86 KSP unpreconditioned resid norm 3.210832697077e-21 true resid norm 3.210832697084e-21 ||r(i)||/||b|| 1.043448881633e-04
 87 KSP unpreconditioned resid norm 3.115381150938e-21 true resid norm 3.115381150937e-21 ||r(i)||/||b|| 1.012429261966e-04
 88 KSP unpreconditioned resid norm 3.021482981033e-21 true resid norm 3.021482981020e-21 ||r(i)||/||b|| 9.819144548642e-05
 89 KSP unpreconditioned resid norm 2.936577705658e-21 true resid norm 2.936577705631e-21 ||r(i)||/||b|| 9.543221375412e-05
 90 KSP unpreconditioned resid norm 2.861322249568e-21 true resid norm 2.861322249530e-21 ||r(i)||/||b|| 9.298657958650e-05
 91 KSP unpreconditioned resid norm 2.796618661282e-21 true resid norm 2.796618661238e-21 ||r(i)||/||b|| 9.088385754488e-05
 92 KSP unpreconditioned resid norm 2.778000759802e-21 true resid norm 2.777977252035e-21 ||r(i)||/||b|| 9.027805339934e-05
 93 KSP unpreconditioned resid norm 2.737538782904e-21 true resid norm 2.710219864145e-21 ||r(i)||/||b|| 8.807608969441e-05
 94 KSP unpreconditioned resid norm 2.726539095210e-21 true resid norm 2.689212354222e-21 ||r(i)||/||b|| 8.739339256244e-05
 95 KSP unpreconditioned resid norm 2.715675226182e-21 true resid norm 2.662556835090e-21 ||r(i)||/||b|| 8.652714775147e-05
 96 KSP unpreconditioned resid norm 2.713752890923e-21 true resid norm 2.655437462776e-21 ||r(i)||/||b|| 8.629578405924e-05
 97 KSP unpreconditioned resid norm 2.713727755118e-21 true resid norm 2.655282277661e-21 ||r(i)||/||b|| 8.629074088976e-05
 98 KSP unpreconditioned resid norm 2.713710999124e-21 true resid norm 2.655371707745e-21 ||r(i)||/||b|| 8.629364716765e-05
 99 KSP unpreconditioned resid norm 2.713416600446e-21 true resid norm 2.654137529158e-21 ||r(i)||/||b|| 8.625353912131e-05
100 KSP unpreconditioned resid norm 2.654154835663e-21 true resid norm 2.654154835663e-21 ||r(i)||/||b|| 8.625410154405e-05
101 KSP unpreconditioned resid norm 2.623607029802e-21 true resid norm 2.623607029802e-21 ||r(i)||/||b|| 8.526136611157e-05
102 KSP unpreconditioned resid norm 2.581119227998e-21 true resid norm 2.581119227998e-21 ||r(i)||/||b|| 8.388060749043e-05
103 KSP unpreconditioned resid norm 2.537804869420e-21 true resid norm 2.537804869420e-21 ||r(i)||/||b|| 8.247298762103e-05
104 KSP unpreconditioned resid norm 2.488558314157e-21 true resid norm 2.488558314157e-21 ||r(i)||/||b|| 8.087258461469e-05
105 KSP unpreconditioned resid norm 2.446069661661e-21 true resid norm 2.446069661661e-21 ||r(i)||/||b|| 7.949179834796e-05
106 KSP unpreconditioned resid norm 2.403943950933e-21 true resid norm 2.403943950933e-21 ||r(i)||/||b|| 7.812280687771e-05
107 KSP unpreconditioned resid norm 2.363168959875e-21 true resid norm 2.363168959875e-21 ||r(i)||/||b|| 7.679771077858e-05
108 KSP unpreconditioned resid norm 2.321147383077e-21 true resid norm 2.321147383077e-21 ||r(i)||/||b|| 7.543210342838e-05
109 KSP unpreconditioned resid norm 2.267811492439e-21 true resid norm 2.267811492439e-21 ||r(i)||/||b|| 7.369880615981e-05
110 KSP unpreconditioned resid norm 2.211259646440e-21 true resid norm 2.211259646440e-21 ||r(i)||/||b|| 7.186099752793e-05
111 KSP unpreconditioned resid norm 2.154354309181e-21 true resid norm 2.154354309181e-21 ||r(i)||/||b|| 7.001170121998e-05
112 KSP unpreconditioned resid norm 2.094180081969e-21 true resid norm 2.094180081969e-21 ||r(i)||/||b|| 6.805617329277e-05
113 KSP unpreconditioned resid norm 2.034559395569e-21 true resid norm 2.034559395569e-21 ||r(i)||/||b|| 6.611863420506e-05
114 KSP unpreconditioned resid norm 1.968057562175e-21 true resid norm 1.968057562175e-21 ||r(i)||/||b|| 6.395747321575e-05
115 KSP unpreconditioned resid norm 1.892391860653e-21 true resid norm 1.892391860653e-21 ||r(i)||/||b|| 6.149850698863e-05
116 KSP unpreconditioned resid norm 1.806370597057e-21 true resid norm 1.806370597057e-21 ||r(i)||/||b|| 5.870300813321e-05
117 KSP unpreconditioned resid norm 1.753555614307e-21 true resid norm 1.753555614307e-21 ||r(i)||/||b|| 5.698663920706e-05
118 KSP unpreconditioned resid norm 1.709778512382e-21 true resid norm 1.709778512382e-21 ||r(i)||/||b|| 5.556398121287e-05
119 KSP unpreconditioned resid norm 1.672811987538e-21 true resid norm 1.672811987538e-21 ||r(i)||/||b|| 5.436265175583e-05
120 KSP unpreconditioned resid norm 1.638609217480e-21 true resid norm 1.638609217480e-21 ||r(i)||/||b|| 5.325113815383e-05
121 KSP unpreconditioned resid norm 1.616033448577e-21 true resid norm 1.616033448577e-21 ||r(i)||/||b|| 5.251747610923e-05
122 KSP unpreconditioned resid norm 1.596807821567e-21 true resid norm 1.596807821567e-21 ||r(i)||/||b|| 5.189268619041e-05
123 KSP unpreconditioned resid norm 1.577810330038e-21 true resid norm 1.577810330038e-21 ||r(i)||/||b|| 5.127531016493e-05
124 KSP unpreconditioned resid norm 1.558481556098e-21 true resid norm 1.558481556097e-21 ||r(i)||/||b|| 5.064716820132e-05
125 KSP unpreconditioned resid norm 1.535490452079e-21 true resid norm 1.535490452079e-21 ||r(i)||/||b|| 4.990000869353e-05
126 KSP unpreconditioned resid norm 1.508076825951e-21 true resid norm 1.508076825951e-21 ||r(i)||/||b|| 4.900912709914e-05
127 KSP unpreconditioned resid norm 1.475829209312e-21 true resid norm 1.475829209312e-21 ||r(i)||/||b|| 4.796115161454e-05
128 KSP unpreconditioned resid norm 1.439967477838e-21 true resid norm 1.439967477838e-21 ||r(i)||/||b|| 4.679572547339e-05
129 KSP unpreconditioned resid norm 1.402043254364e-21 true resid norm 1.402043254364e-21 ||r(i)||/||b|| 4.556327295084e-05
130 KSP unpreconditioned resid norm 1.363997131899e-21 true resid norm 1.363997131899e-21 ||r(i)||/||b|| 4.432685898342e-05
131 KSP unpreconditioned resid norm 1.331302537636e-21 true resid norm 1.331302537636e-21 ||r(i)||/||b|| 4.326435772478e-05
132 KSP unpreconditioned resid norm 1.301169631292e-21 true resid norm 1.301169631292e-21 ||r(i)||/||b|| 4.228510559952e-05
133 KSP unpreconditioned resid norm 1.267756657539e-21 true resid norm 1.267756657539e-21 ||r(i)||/||b|| 4.119925861267e-05
134 KSP unpreconditioned resid norm 1.230178888976e-21 true resid norm 1.230178888976e-21 ||r(i)||/||b|| 3.997806510057e-05
135 KSP unpreconditioned resid norm 1.181427157704e-21 true resid norm 1.181427157704e-21 ||r(i)||/||b|| 3.839374276824e-05
136 KSP unpreconditioned resid norm 1.126308960147e-21 true resid norm 1.126308960147e-21 ||r(i)||/||b|| 3.660252450731e-05
137 KSP unpreconditioned resid norm 1.064621514518e-21 true resid norm 1.064621514518e-21 ||r(i)||/||b|| 3.459782036277e-05
138 KSP unpreconditioned resid norm 9.952090515137e-22 true resid norm 9.952090515137e-22 ||r(i)||/||b|| 3.234207041482e-05
139 KSP unpreconditioned resid norm 9.266029963941e-22 true resid norm 9.266029963941e-22 ||r(i)||/||b|| 3.011252692123e-05
140 KSP unpreconditioned resid norm 8.663372958755e-22 true resid norm 8.663372958755e-22 ||r(i)||/||b|| 2.815402631595e-05
141 KSP unpreconditioned resid norm 8.230790427612e-22 true resid norm 8.230790427612e-22 ||r(i)||/||b|| 2.674822974877e-05
142 KSP unpreconditioned resid norm 7.837842724330e-22 true resid norm 7.837842724329e-22 ||r(i)||/||b|| 2.547123751587e-05
143 KSP unpreconditioned resid norm 7.509953160704e-22 true resid norm 7.509953160705e-22 ||r(i)||/||b|| 2.440566969985e-05
144 KSP unpreconditioned resid norm 7.128099698048e-22 true resid norm 7.128099698048e-22 ||r(i)||/||b|| 2.316473127002e-05
145 KSP unpreconditioned resid norm 6.732973913670e-22 true resid norm 6.732973913670e-22 ||r(i)||/||b|| 2.188066076025e-05
146 KSP unpreconditioned resid norm 6.288676421748e-22 true resid norm 6.288676421749e-22 ||r(i)||/||b|| 2.043679318821e-05
147 KSP unpreconditioned resid norm 5.903331068268e-22 true resid norm 5.903331068268e-22 ||r(i)||/||b|| 1.918450689345e-05
148 KSP unpreconditioned resid norm 5.585044150667e-22 true resid norm 5.585044150666e-22 ||r(i)||/||b|| 1.815014553133e-05
149 KSP unpreconditioned resid norm 5.368706877264e-22 true resid norm 5.368706877264e-22 ||r(i)||/||b|| 1.744709773257e-05
150 KSP unpreconditioned resid norm 5.182893650711e-22 true resid norm 5.182893650711e-22 ||r(i)||/||b|| 1.684324626558e-05
151 KSP unpreconditioned resid norm 5.029750803382e-22 true resid norm 5.029750803382e-22 ||r(i)||/||b|| 1.634556623099e-05
152 KSP unpreconditioned resid norm 4.885408123587e-22 true resid norm 4.885408123587e-22 ||r(i)||/||b|| 1.587648477452e-05
153 KSP unpreconditioned resid norm 4.728339697191e-22 true resid norm 4.728339697191e-22 ||r(i)||/||b|| 1.536604748511e-05
154 KSP unpreconditioned resid norm 4.590690107039e-22 true resid norm 4.590690107039e-22 ||r(i)||/||b|| 1.491871707443e-05
155 KSP unpreconditioned resid norm 4.458305490454e-22 true resid norm 4.458305490452e-22 ||r(i)||/||b|| 1.448849665140e-05
156 KSP unpreconditioned resid norm 4.355770995543e-22 true resid norm 4.355770995543e-22 ||r(i)||/||b|| 1.415528245391e-05
157 KSP unpreconditioned resid norm 4.255331209409e-22 true resid norm 4.255331209408e-22 ||r(i)||/||b|| 1.382887559189e-05
158 KSP unpreconditioned resid norm 4.146618123754e-22 true resid norm 4.146618123753e-22 ||r(i)||/||b|| 1.347558235506e-05
159 KSP unpreconditioned resid norm 4.039404690404e-22 true resid norm 4.039404690405e-22 ||r(i)||/||b|| 1.312716265314e-05
160 KSP unpreconditioned resid norm 3.939154981219e-22 true resid norm 3.939154981219e-22 ||r(i)||/||b|| 1.280137349873e-05
161 KSP unpreconditioned resid norm 3.844783246936e-22 true resid norm 3.844783246934e-22 ||r(i)||/||b|| 1.249468644934e-05
162 KSP unpreconditioned resid norm 3.749842228132e-22 true resid norm 3.749842228133e-22 ||r(i)||/||b|| 1.218614935247e-05
163 KSP unpreconditioned resid norm 3.671692353715e-22 true resid norm 3.671692353715e-22 ||r(i)||/||b|| 1.193217972292e-05
164 KSP unpreconditioned resid norm 3.580410468239e-22 true resid norm 3.580410468241e-22 ||r(i)||/||b|| 1.163553399175e-05
165 KSP unpreconditioned resid norm 3.495828094359e-22 true resid norm 3.495828094360e-22 ||r(i)||/||b|| 1.136066017626e-05
166 KSP unpreconditioned resid norm 3.407919726284e-22 true resid norm 3.407919726286e-22 ||r(i)||/||b|| 1.107497762284e-05
167 KSP unpreconditioned resid norm 3.326007160454e-22 true resid norm 3.326007160455e-22 ||r(i)||/||b|| 1.080878008696e-05
168 KSP unpreconditioned resid norm 3.252159530849e-22 true resid norm 3.252159530848e-22 ||r(i)||/||b|| 1.056879179173e-05
169 KSP unpreconditioned resid norm 3.180810415740e-22 true resid norm 3.180810415738e-22 ||r(i)||/||b|| 1.033692311032e-05
170 KSP unpreconditioned resid norm 3.115437430077e-22 true resid norm 3.115437430077e-22 ||r(i)||/||b|| 1.012447551429e-05
171 KSP unpreconditioned resid norm 3.062056354403e-22 true resid norm 3.062056354401e-22 ||r(i)||/||b|| 9.950998946154e-06
172 KSP unpreconditioned resid norm 3.017373432749e-22 true resid norm 3.017373432751e-22 ||r(i)||/||b|| 9.805789435032e-06
173 KSP unpreconditioned resid norm 2.971697291172e-22 true resid norm 2.971697291173e-22 ||r(i)||/||b|| 9.657352181078e-06
174 KSP unpreconditioned resid norm 2.928200411536e-22 true resid norm 2.928200411534e-22 ||r(i)||/||b|| 9.515997041473e-06
175 KSP unpreconditioned resid norm 2.882348824942e-22 true resid norm 2.882348824942e-22 ||r(i)||/||b|| 9.366989630424e-06
176 KSP unpreconditioned resid norm 2.830840743883e-22 true resid norm 2.830840743882e-22 ||r(i)||/||b|| 9.199599876278e-06
177 KSP unpreconditioned resid norm 2.762364732002e-22 true resid norm 2.762364732004e-22 ||r(i)||/||b|| 8.977068138397e-06
178 KSP unpreconditioned resid norm 2.689844682330e-22 true resid norm 2.689844682333e-22 ||r(i)||/||b|| 8.741394181314e-06
179 KSP unpreconditioned resid norm 2.622959485163e-22 true resid norm 2.622959485166e-22 ||r(i)||/||b|| 8.524032235783e-06
180 KSP unpreconditioned resid norm 2.565803319896e-22 true resid norm 2.565803319899e-22 ||r(i)||/||b|| 8.338287470008e-06
181 KSP unpreconditioned resid norm 2.513011747069e-22 true resid norm 2.513011747073e-22 ||r(i)||/||b|| 8.166726654411e-06
182 KSP unpreconditioned resid norm 2.456725099595e-22 true resid norm 2.456725099600e-22 ||r(i)||/||b|| 7.983807627178e-06
183 KSP unpreconditioned resid norm 2.394896036448e-22 true resid norm 2.394896036454e-22 ||r(i)||/||b|| 7.782876987436e-06
184 KSP unpreconditioned resid norm 2.344647960788e-22 true resid norm 2.344647960792e-22 ||r(i)||/||b|| 7.619581969291e-06
185 KSP unpreconditioned resid norm 2.298469938341e-22 true resid norm 2.298469938346e-22 ||r(i)||/||b|| 7.469513714655e-06
186 KSP unpreconditioned resid norm 2.257908325928e-22 true resid norm 2.257908325934e-22 ||r(i)||/||b|| 7.337697537665e-06
187 KSP unpreconditioned resid norm 2.219292202758e-22 true resid norm 2.219292202762e-22 ||r(i)||/||b|| 7.212203765994e-06
188 KSP unpreconditioned resid norm 2.181870827690e-22 true resid norm 2.181870827693e-22 ||r(i)||/||b|| 7.090592658692e-06
189 KSP unpreconditioned resid norm 2.140904141833e-22 true resid norm 2.140904141837e-22 ||r(i)||/||b|| 6.957460083523e-06
190 KSP unpreconditioned resid norm 2.086541712055e-22 true resid norm 2.086541712061e-22 ||r(i)||/||b|| 6.780794333841e-06
191 KSP unpreconditioned resid norm 2.014298509350e-22 true resid norm 2.014298509360e-22 ||r(i)||/||b|| 6.546020067550e-06
192 KSP unpreconditioned resid norm 1.999689776356e-22 true resid norm 1.985144582104e-22 ||r(i)||/||b|| 6.451276318311e-06
193 KSP unpreconditioned resid norm 1.986360930175e-22 true resid norm 1.960261314946e-22 ||r(i)||/||b|| 6.370411260126e-06
194 KSP unpreconditioned resid norm 1.985650162311e-22 true resid norm 1.960981785672e-22 ||r(i)||/||b|| 6.372752628997e-06
195 KSP unpreconditioned resid norm 1.985467996598e-22 true resid norm 1.960299927559e-22 ||r(i)||/||b|| 6.370536742490e-06
196 KSP unpreconditioned resid norm 1.980236672139e-22 true resid norm 1.958404307644e-22 ||r(i)||/||b|| 6.364376401337e-06
197 KSP unpreconditioned resid norm 1.977440671808e-22 true resid norm 1.961400819420e-22 ||r(i)||/||b|| 6.374114395048e-06
198 KSP unpreconditioned resid norm 1.974368699518e-22 true resid norm 1.971265292568e-22 ||r(i)||/||b|| 6.406171728599e-06
199 KSP unpreconditioned resid norm 1.973288724164e-22 true resid norm 1.976279076985e-22 ||r(i)||/||b|| 6.422465407642e-06
200 KSP unpreconditioned resid norm 1.993011808828e-22 true resid norm 1.993011808828e-22 ||r(i)||/||b|| 6.476843047259e-06
201 KSP unpreconditioned resid norm 1.939369477571e-22 true resid norm 1.939369477573e-22 ||r(i)||/||b|| 6.302517456870e-06
202 KSP unpreconditioned resid norm 1.900557466397e-22 true resid norm 1.900557466397e-22 ||r(i)||/||b|| 6.176387092955e-06
203 KSP unpreconditioned resid norm 1.870403003655e-22 true resid norm 1.870403003656e-22 ||r(i)||/||b|| 6.078391826953e-06
204 KSP unpreconditioned resid norm 1.847931231356e-22 true resid norm 1.847931231357e-22 ||r(i)||/||b|| 6.005363588220e-06
205 KSP unpreconditioned resid norm 1.824029597211e-22 true resid norm 1.824029597211e-22 ||r(i)||/||b|| 5.927688617983e-06
206 KSP unpreconditioned resid norm 1.791031006635e-22 true resid norm 1.791031006636e-22 ||r(i)||/||b|| 5.820450572030e-06
207 KSP unpreconditioned resid norm 1.758752741142e-22 true resid norm 1.758752741142e-22 ||r(i)||/||b|| 5.715553421641e-06
208 KSP unpreconditioned resid norm 1.726368267930e-22 true resid norm 1.726368267930e-22 ||r(i)||/||b|| 5.610311119898e-06
209 KSP unpreconditioned resid norm 1.694695927447e-22 true resid norm 1.694695927447e-22 ||r(i)||/||b|| 5.507383090398e-06
210 KSP unpreconditioned resid norm 1.659814091416e-22 true resid norm 1.659814091417e-22 ||r(i)||/||b|| 5.394024917523e-06
211 KSP unpreconditioned resid norm 1.631345285144e-22 true resid norm 1.631345285144e-22 ||r(i)||/||b|| 5.301507658393e-06
212 KSP unpreconditioned resid norm 1.602187319889e-22 true resid norm 1.602187319890e-22 ||r(i)||/||b|| 5.206750786561e-06
213 KSP unpreconditioned resid norm 1.575955837558e-22 true resid norm 1.575955837558e-22 ||r(i)||/||b|| 5.121504330312e-06
214 KSP unpreconditioned resid norm 1.546433512615e-22 true resid norm 1.546433512616e-22 ||r(i)||/||b|| 5.025563370910e-06
215 KSP unpreconditioned resid norm 1.514109958194e-22 true resid norm 1.514109958194e-22 ||r(i)||/||b|| 4.920519041622e-06
216 KSP unpreconditioned resid norm 1.477708392945e-22 true resid norm 1.477708392944e-22 ||r(i)||/||b|| 4.802222088361e-06
217 KSP unpreconditioned resid norm 1.446700639979e-22 true resid norm 1.446700639981e-22 ||r(i)||/||b|| 4.701453819803e-06
218 KSP unpreconditioned resid norm 1.417475553650e-22 true resid norm 1.417475553650e-22 ||r(i)||/||b|| 4.606478819470e-06
219 KSP unpreconditioned resid norm 1.391995561527e-22 true resid norm 1.391995561529e-22 ||r(i)||/||b|| 4.523674538490e-06
220 KSP unpreconditioned resid norm 1.369108487642e-22 true resid norm 1.369108487643e-22 ||r(i)||/||b|| 4.449296662398e-06
221 KSP unpreconditioned resid norm 1.344040906050e-22 true resid norm 1.344040906051e-22 ||r(i)||/||b|| 4.367832623484e-06
222 KSP unpreconditioned resid norm 1.320212441155e-22 true resid norm 1.320212441156e-22 ||r(i)||/||b|| 4.290395436963e-06
223 KSP unpreconditioned resid norm 1.295719335188e-22 true resid norm 1.295719335191e-22 ||r(i)||/||b|| 4.210798315474e-06
224 KSP unpreconditioned resid norm 1.274261180752e-22 true resid norm 1.274261180753e-22 ||r(i)||/||b|| 4.141064108298e-06
225 KSP unpreconditioned resid norm 1.255707477422e-22 true resid norm 1.255707477424e-22 ||r(i)||/||b|| 4.080768718240e-06
226 KSP unpreconditioned resid norm 1.235897153632e-22 true resid norm 1.235897153632e-22 ||r(i)||/||b|| 4.016389592460e-06
227 KSP unpreconditioned resid norm 1.213625777756e-22 true resid norm 1.213625777758e-22 ||r(i)||/||b|| 3.944012597332e-06
228 KSP unpreconditioned resid norm 1.189664504330e-22 true resid norm 1.189664504329e-22 ||r(i)||/||b|| 3.866143812747e-06
229 KSP unpreconditioned resid norm 1.165949228376e-22 true resid norm 1.165949228376e-22 ||r(i)||/||b|| 3.789074464997e-06
230 KSP unpreconditioned resid norm 1.139369360243e-22 true resid norm 1.139369360243e-22 ||r(i)||/||b|| 3.702695832741e-06
231 KSP unpreconditioned resid norm 1.113147432515e-22 true resid norm 1.113147432515e-22 ||r(i)||/||b|| 3.617480426822e-06
232 KSP unpreconditioned resid norm 1.084004358984e-22 true resid norm 1.084004358987e-22 ||r(i)||/||b|| 3.522771949774e-06
233 KSP unpreconditioned resid norm 1.064774555059e-22 true resid norm 1.064774555060e-22 ||r(i)||/||b|| 3.460279383841e-06
234 KSP unpreconditioned resid norm 1.045691407489e-22 true resid norm 1.045691407491e-22 ||r(i)||/||b|| 3.398263418303e-06
235 KSP unpreconditioned resid norm 1.026909391823e-22 true resid norm 1.026909391822e-22 ||r(i)||/||b|| 3.337226064155e-06
236 KSP unpreconditioned resid norm 1.004752902918e-22 true resid norm 1.004752902919e-22 ||r(i)||/||b|| 3.265222426009e-06
237 KSP unpreconditioned resid norm 9.805992198962e-23 true resid norm 9.805992198970e-23 ||r(i)||/||b|| 3.186728353242e-06
238 KSP unpreconditioned resid norm 9.511663259188e-23 true resid norm 9.511663259200e-23 ||r(i)||/||b|| 3.091078024493e-06
239 KSP unpreconditioned resid norm 9.226131327495e-23 true resid norm 9.226131327501e-23 ||r(i)||/||b|| 2.998286526801e-06
240 KSP unpreconditioned resid norm 8.945878860440e-23 true resid norm 8.945878860447e-23 ||r(i)||/||b|| 2.907210737150e-06
241 KSP unpreconditioned resid norm 8.705524771546e-23 true resid norm 8.705524771548e-23 ||r(i)||/||b|| 2.829101028885e-06
242 KSP unpreconditioned resid norm 8.486555943322e-23 true resid norm 8.486555943319e-23 ||r(i)||/||b|| 2.757941052492e-06
243 KSP unpreconditioned resid norm 8.249470224480e-23 true resid norm 8.249470224487e-23 ||r(i)||/||b|| 2.680893491468e-06
244 KSP unpreconditioned resid norm 7.950662899024e-23 true resid norm 7.950662899033e-23 ||r(i)||/||b|| 2.583787787439e-06
245 KSP unpreconditioned resid norm 7.607485217031e-23 true resid norm 7.607485217030e-23 ||r(i)||/||b|| 2.472262708972e-06
246 KSP unpreconditioned resid norm 7.221671744243e-23 true resid norm 7.221671744242e-23 ||r(i)||/||b|| 2.346881951181e-06
247 KSP unpreconditioned resid norm 6.807837158684e-23 true resid norm 6.807837158698e-23 ||r(i)||/||b|| 2.212394957866e-06
248 KSP unpreconditioned resid norm 6.476379326663e-23 true resid norm 6.476379326671e-23 ||r(i)||/||b|| 2.104678568766e-06
249 KSP unpreconditioned resid norm 6.168122865100e-23 true resid norm 6.168122865101e-23 ||r(i)||/||b|| 2.004502106637e-06
250 KSP unpreconditioned resid norm 5.841640539339e-23 true resid norm 5.841640539340e-23 ||r(i)||/||b|| 1.898402645896e-06
251 KSP unpreconditioned resid norm 5.576345210390e-23 true resid norm 5.576345210383e-23 ||r(i)||/||b|| 1.812187591916e-06
252 KSP unpreconditioned resid norm 5.361079833571e-23 true resid norm 5.361079833563e-23 ||r(i)||/||b|| 1.742231154478e-06
253 KSP unpreconditioned resid norm 5.121501793893e-23 true resid norm 5.121501793902e-23 ||r(i)||/||b|| 1.664373644874e-06
254 KSP unpreconditioned resid norm 4.893713220018e-23 true resid norm 4.893713220021e-23 ||r(i)||/||b|| 1.590347448218e-06
255 KSP unpreconditioned resid norm 4.624404398592e-23 true resid norm 4.624404398590e-23 ||r(i)||/||b|| 1.502828098863e-06
256 KSP unpreconditioned resid norm 4.310940387650e-23 true resid norm 4.310940387658e-23 ||r(i)||/||b|| 1.400959299553e-06
257 KSP unpreconditioned resid norm 3.983647321943e-23 true resid norm 3.983647321944e-23 ||r(i)||/||b|| 1.294596366443e-06
258 KSP unpreconditioned resid norm 3.671865209994e-23 true resid norm 3.671865209998e-23 ||r(i)||/||b|| 1.193274146722e-06
259 KSP unpreconditioned resid norm 3.437394001680e-23 true resid norm 3.437394001674e-23 ||r(i)||/||b|| 1.117076243193e-06
260 KSP unpreconditioned resid norm 3.271213172090e-23 true resid norm 3.271213172090e-23 ||r(i)||/||b|| 1.063071186829e-06
261 KSP unpreconditioned resid norm 3.150516109550e-23 true resid norm 3.150516109547e-23 ||r(i)||/||b|| 1.023847338436e-06
262 KSP unpreconditioned resid norm 3.028721757497e-23 true resid norm 3.028721757497e-23 ||r(i)||/||b|| 9.842668954715e-07
263 KSP unpreconditioned resid norm 2.896203880611e-23 true resid norm 2.896203880608e-23 ||r(i)||/||b|| 9.412015465474e-07
264 KSP unpreconditioned resid norm 2.758771691584e-23 true resid norm 2.758771691586e-23 ||r(i)||/||b|| 8.965391559889e-07
265 KSP unpreconditioned resid norm 2.617917723902e-23 true resid norm 2.617917723897e-23 ||r(i)||/||b|| 8.507647638222e-07
266 KSP unpreconditioned resid norm 2.499596857182e-23 true resid norm 2.499596857182e-23 ||r(i)||/||b|| 8.123131259776e-07
267 KSP unpreconditioned resid norm 2.389018404342e-23 true resid norm 2.389018404340e-23 ||r(i)||/||b|| 7.763775996401e-07
268 KSP unpreconditioned resid norm 2.297882765540e-23 true resid norm 2.297882765539e-23 ||r(i)||/||b|| 7.467605534235e-07
269 KSP unpreconditioned resid norm 2.231860186995e-23 true resid norm 2.231860186997e-23 ||r(i)||/||b|| 7.253046906485e-07
270 KSP unpreconditioned resid norm 2.181297259443e-23 true resid norm 2.181297259444e-23 ||r(i)||/||b|| 7.088728690046e-07
271 KSP unpreconditioned resid norm 2.138474349771e-23 true resid norm 2.138474349773e-23 ||r(i)||/||b|| 6.949563802242e-07
272 KSP unpreconditioned resid norm 2.099462962303e-23 true resid norm 2.099462962305e-23 ||r(i)||/||b|| 6.822785509929e-07
273 KSP unpreconditioned resid norm 2.058759625409e-23 true resid norm 2.058759625411e-23 ||r(i)||/||b|| 6.690508760039e-07
274 KSP unpreconditioned resid norm 2.023401911692e-23 true resid norm 2.023401911693e-23 ||r(i)||/||b|| 6.575604091010e-07
275 KSP unpreconditioned resid norm 1.985840358989e-23 true resid norm 1.985840358990e-23 ||r(i)||/||b|| 6.453537437721e-07
276 KSP unpreconditioned resid norm 1.947731410518e-23 true resid norm 1.947731410522e-23 ||r(i)||/||b|| 6.329691870509e-07
277 KSP unpreconditioned resid norm 1.900137890071e-23 true resid norm 1.900137890078e-23 ||r(i)||/||b|| 6.175023563671e-07
278 KSP unpreconditioned resid norm 1.855129339502e-23 true resid norm 1.855129339502e-23 ||r(i)||/||b|| 6.028755831299e-07
279 KSP unpreconditioned resid norm 1.801553453075e-23 true resid norm 1.801553453084e-23 ||r(i)||/||b|| 5.854646171783e-07
280 KSP unpreconditioned resid norm 1.753376871215e-23 true resid norm 1.753376871220e-23 ||r(i)||/||b|| 5.698083045612e-07
281 KSP unpreconditioned resid norm 1.710238289383e-23 true resid norm 1.710238289389e-23 ||r(i)||/||b|| 5.557892293826e-07
282 KSP unpreconditioned resid norm 1.667712250233e-23 true resid norm 1.667712250240e-23 ||r(i)||/||b|| 5.419692168883e-07
283 KSP unpreconditioned resid norm 1.625847517737e-23 true resid norm 1.625847517740e-23 ||r(i)||/||b|| 5.283641142785e-07
284 KSP unpreconditioned resid norm 1.583518277649e-23 true resid norm 1.583518277653e-23 ||r(i)||/||b|| 5.146080570821e-07
285 KSP unpreconditioned resid norm 1.546023458531e-23 true resid norm 1.546023458536e-23 ||r(i)||/||b|| 5.024230786774e-07
286 KSP unpreconditioned resid norm 1.510601475590e-23 true resid norm 1.510601475597e-23 ||r(i)||/||b|| 4.909117257139e-07
287 KSP unpreconditioned resid norm 1.474092910131e-23 true resid norm 1.474092910135e-23 ||r(i)||/||b|| 4.790472577099e-07
288 KSP unpreconditioned resid norm 1.438325106733e-23 true resid norm 1.438325106739e-23 ||r(i)||/||b|| 4.674235208250e-07
289 KSP unpreconditioned resid norm 1.399445234946e-23 true resid norm 1.399445234953e-23 ||r(i)||/||b|| 4.547884312514e-07
290 KSP unpreconditioned resid norm 1.395237406404e-23 true resid norm 1.389030475433e-23 ||r(i)||/||b|| 4.514038671217e-07
291 KSP unpreconditioned resid norm 1.393132227150e-23 true resid norm 1.384870456559e-23 ||r(i)||/||b|| 4.500519539419e-07
292 KSP unpreconditioned resid norm 1.390856854905e-23 true resid norm 1.384478842343e-23 ||r(i)||/||b|| 4.499246880720e-07
293 KSP unpreconditioned resid norm 1.390636219643e-23 true resid norm 1.384000816037e-23 ||r(i)||/||b|| 4.497693402039e-07
294 KSP unpreconditioned resid norm 1.387980522258e-23 true resid norm 1.386173198223e-23 ||r(i)||/||b|| 4.504753158734e-07
295 KSP unpreconditioned resid norm 1.387966229513e-23 true resid norm 1.386423682683e-23 ||r(i)||/||b|| 4.505567177257e-07
296 KSP unpreconditioned resid norm 1.386096583479e-23 true resid norm 1.393371326793e-23 ||r(i)||/||b|| 4.528145468190e-07
297 KSP unpreconditioned resid norm 1.385820615410e-23 true resid norm 1.393895534363e-23 ||r(i)||/||b|| 4.529849025658e-07
298 KSP unpreconditioned resid norm 1.384355976507e-23 true resid norm 1.401751745952e-23 ||r(i)||/||b|| 4.555379957881e-07
299 KSP unpreconditioned resid norm 1.383515335673e-23 true resid norm 1.403269455121e-23 ||r(i)||/||b|| 4.560312173554e-07
300 KSP unpreconditioned resid norm 1.412315960381e-23 true resid norm 1.412315960381e-23 ||r(i)||/||b|| 4.589711294239e-07
301 KSP unpreconditioned resid norm 1.386852819219e-23 true resid norm 1.386852819213e-23 ||r(i)||/||b|| 4.506961775090e-07
302 KSP unpreconditioned resid norm 1.363941109311e-23 true resid norm 1.363941109312e-23 ||r(i)||/||b|| 4.432503837453e-07
303 KSP unpreconditioned resid norm 1.345732565665e-23 true resid norm 1.345732565672e-23 ||r(i)||/||b|| 4.373330139257e-07
304 KSP unpreconditioned resid norm 1.327439236043e-23 true resid norm 1.327439236038e-23 ||r(i)||/||b|| 4.313880905528e-07
305 KSP unpreconditioned resid norm 1.309081084546e-23 true resid norm 1.309081084548e-23 ||r(i)||/||b|| 4.254221015250e-07
306 KSP unpreconditioned resid norm 1.285878993320e-23 true resid norm 1.285878993318e-23 ||r(i)||/||b|| 4.178819403177e-07
307 KSP unpreconditioned resid norm 1.263014461888e-23 true resid norm 1.263014461889e-23 ||r(i)||/||b|| 4.104514785029e-07
308 KSP unpreconditioned resid norm 1.236389959420e-23 true resid norm 1.236389959423e-23 ||r(i)||/||b|| 4.017991101165e-07
309 KSP unpreconditioned resid norm 1.215963367569e-23 true resid norm 1.215963367572e-23 ||r(i)||/||b|| 3.951609241900e-07
310 KSP unpreconditioned resid norm 1.196131189092e-23 true resid norm 1.196131189095e-23 ||r(i)||/||b|| 3.887159093281e-07
311 KSP unpreconditioned resid norm 1.178297375182e-23 true resid norm 1.178297375185e-23 ||r(i)||/||b|| 3.829203182975e-07
312 KSP unpreconditioned resid norm 1.158620206444e-23 true resid norm 1.158620206447e-23 ||r(i)||/||b|| 3.765256781372e-07
313 KSP unpreconditioned resid norm 1.141164637618e-23 true resid norm 1.141164637620e-23 ||r(i)||/||b|| 3.708530083069e-07
314 KSP unpreconditioned resid norm 1.124793804658e-23 true resid norm 1.124793804652e-23 ||r(i)||/||b|| 3.655328533926e-07
315 KSP unpreconditioned resid norm 1.107673584563e-23 true resid norm 1.107673584567e-23 ||r(i)||/||b|| 3.599691644102e-07
316 KSP unpreconditioned resid norm 1.088947092850e-23 true resid norm 1.088947092857e-23 ||r(i)||/||b|| 3.538834730415e-07
317 KSP unpreconditioned resid norm 1.069177572470e-23 true resid norm 1.069177572473e-23 ||r(i)||/||b|| 3.474588206595e-07
318 KSP unpreconditioned resid norm 1.047849343236e-23 true resid norm 1.047849343232e-23 ||r(i)||/||b|| 3.405276227279e-07
319 KSP unpreconditioned resid norm 1.019940716533e-23 true resid norm 1.019940716535e-23 ||r(i)||/||b|| 3.314579426597e-07
320 KSP unpreconditioned resid norm 9.852225499888e-24 true resid norm 9.852225499843e-24 ||r(i)||/||b|| 3.201753142959e-07
321 KSP unpreconditioned resid norm 9.528502207208e-24 true resid norm 9.528502207195e-24 ||r(i)||/||b|| 3.096550306331e-07
322 KSP unpreconditioned resid norm 9.202212651560e-24 true resid norm 9.202212651574e-24 ||r(i)||/||b|| 2.990513491579e-07
323 KSP unpreconditioned resid norm 8.898746842632e-24 true resid norm 8.898746842648e-24 ||r(i)||/||b|| 2.891893884514e-07
324 KSP unpreconditioned resid norm 8.570244089906e-24 true resid norm 8.570244089862e-24 ||r(i)||/||b|| 2.785137830136e-07
325 KSP unpreconditioned resid norm 8.257015010143e-24 true resid norm 8.257015010201e-24 ||r(i)||/||b|| 2.683345378239e-07
326 KSP unpreconditioned resid norm 7.973939336665e-24 true resid norm 7.973939336637e-24 ||r(i)||/||b|| 2.591352109556e-07
327 KSP unpreconditioned resid norm 7.707823177433e-24 true resid norm 7.707823177375e-24 ||r(i)||/||b|| 2.504870304068e-07
328 KSP unpreconditioned resid norm 7.416521661442e-24 true resid norm 7.416521661409e-24 ||r(i)||/||b|| 2.410203820408e-07
329 KSP unpreconditioned resid norm 7.129466543509e-24 true resid norm 7.129466543466e-24 ||r(i)||/||b|| 2.316917321221e-07
330 KSP unpreconditioned resid norm 6.875350783442e-24 true resid norm 6.875350783411e-24 ||r(i)||/||b|| 2.234335377330e-07
331 KSP unpreconditioned resid norm 6.592085109240e-24 true resid norm 6.592085109170e-24 ||r(i)||/||b|| 2.142280362673e-07
332 KSP unpreconditioned resid norm 6.392356427598e-24 true resid norm 6.392356427576e-24 ||r(i)||/||b|| 2.077373004022e-07
333 KSP unpreconditioned resid norm 6.249897413420e-24 true resid norm 6.249897413371e-24 ||r(i)||/||b|| 2.031077007601e-07
334 KSP unpreconditioned resid norm 6.124589101763e-24 true resid norm 6.124589101725e-24 ||r(i)||/||b|| 1.990354606286e-07
335 KSP unpreconditioned resid norm 5.989173015424e-24 true resid norm 5.989173015517e-24 ||r(i)||/||b|| 1.946347404093e-07
336 KSP unpreconditioned resid norm 5.834494210885e-24 true resid norm 5.834494210894e-24 ||r(i)||/||b|| 1.896080248834e-07
337 KSP unpreconditioned resid norm 5.657770321817e-24 true resid norm 5.657770321821e-24 ||r(i)||/||b|| 1.838648933718e-07
338 KSP unpreconditioned resid norm 5.472849878015e-24 true resid norm 5.472849878005e-24 ||r(i)||/||b|| 1.778553921459e-07
339 KSP unpreconditioned resid norm 5.287663711312e-24 true resid norm 5.287663711238e-24 ||r(i)||/||b|| 1.718372555179e-07
340 KSP unpreconditioned resid norm 5.113946985996e-24 true resid norm 5.113946986028e-24 ||r(i)||/||b|| 1.661918501125e-07
341 KSP unpreconditioned resid norm 4.965338544688e-24 true resid norm 4.965338544655e-24 ||r(i)||/||b|| 1.613624078282e-07
342 KSP unpreconditioned resid norm 4.802394965479e-24 true resid norm 4.802394965414e-24 ||r(i)||/||b|| 1.560671055945e-07
343 KSP unpreconditioned resid norm 4.650556725956e-24 true resid norm 4.650556725845e-24 ||r(i)||/||b|| 1.511327020857e-07
344 KSP unpreconditioned resid norm 4.475432483803e-24 true resid norm 4.475432483745e-24 ||r(i)||/||b|| 1.454415555263e-07
345 KSP unpreconditioned resid norm 4.257433808802e-24 true resid norm 4.257433808745e-24 ||r(i)||/||b|| 1.383570856991e-07
346 KSP unpreconditioned resid norm 4.051572312117e-24 true resid norm 4.051572312049e-24 ||r(i)||/||b|| 1.316670470467e-07
347 KSP unpreconditioned resid norm 3.800165391541e-24 true resid norm 3.800165391606e-24 ||r(i)||/||b|| 1.234968838922e-07
348 KSP unpreconditioned resid norm 3.564597291885e-24 true resid norm 3.564597291989e-24 ||r(i)||/||b|| 1.158414470232e-07
349 KSP unpreconditioned resid norm 3.264676963028e-24 true resid norm 3.264676962936e-24 ||r(i)||/||b|| 1.060947064904e-07
350 KSP unpreconditioned resid norm 3.048442474208e-24 true resid norm 3.048442474278e-24 ||r(i)||/||b|| 9.906756877728e-08
351 KSP unpreconditioned resid norm 2.874496289697e-24 true resid norm 2.874496289751e-24 ||r(i)||/||b|| 9.341470645673e-08
352 KSP unpreconditioned resid norm 2.744542532492e-24 true resid norm 2.744542532390e-24 ||r(i)||/||b|| 8.919149971958e-08
353 KSP unpreconditioned resid norm 2.614389679920e-24 true resid norm 2.614389680090e-24 ||r(i)||/||b|| 8.496182284178e-08
354 KSP unpreconditioned resid norm 2.507843250082e-24 true resid norm 2.507843250214e-24 ||r(i)||/||b|| 8.149930194501e-08
355 KSP unpreconditioned resid norm 2.401169055709e-24 true resid norm 2.401169055921e-24 ||r(i)||/||b|| 7.803262899021e-08
356 KSP unpreconditioned resid norm 2.300360666103e-24 true resid norm 2.300360666173e-24 ||r(i)||/||b|| 7.475658157618e-08
357 KSP unpreconditioned resid norm 2.212882782763e-24 true resid norm 2.212882782898e-24 ||r(i)||/||b|| 7.191374583598e-08
358 KSP unpreconditioned resid norm 2.136714607970e-24 true resid norm 2.136714608216e-24 ||r(i)||/||b|| 6.943845035388e-08
359 KSP unpreconditioned resid norm 2.085944942603e-24 true resid norm 2.085944942529e-24 ||r(i)||/||b|| 6.778854966210e-08
360 KSP unpreconditioned resid norm 2.042815851327e-24 true resid norm 2.042815851239e-24 ||r(i)||/||b|| 6.638695056560e-08
361 KSP unpreconditioned resid norm 2.006350910184e-24 true resid norm 2.006350910113e-24 ||r(i)||/||b|| 6.520192145861e-08
362 KSP unpreconditioned resid norm 1.962207425612e-24 true resid norm 1.962207425711e-24 ||r(i)||/||b|| 6.376735685261e-08
363 KSP unpreconditioned resid norm 1.917824309888e-24 true resid norm 1.917824309876e-24 ||r(i)||/||b|| 6.232500476047e-08
364 KSP unpreconditioned resid norm 1.877391102268e-24 true resid norm 1.877391102250e-24 ||r(i)||/||b|| 6.101101585921e-08
365 KSP unpreconditioned resid norm 1.844929146683e-24 true resid norm 1.844929146690e-24 ||r(i)||/||b|| 5.995607483858e-08
366 KSP unpreconditioned resid norm 1.822657551181e-24 true resid norm 1.822657551103e-24 ||r(i)||/||b|| 5.923229774709e-08
367 KSP unpreconditioned resid norm 1.805697029443e-24 true resid norm 1.805697029415e-24 ||r(i)||/||b|| 5.868111868993e-08
368 KSP unpreconditioned resid norm 1.791220668436e-24 true resid norm 1.791220668527e-24 ||r(i)||/||b|| 5.821066930798e-08
369 KSP unpreconditioned resid norm 1.774835721130e-24 true resid norm 1.774835721141e-24 ||r(i)||/||b|| 5.767819512952e-08
370 KSP unpreconditioned resid norm 1.755679211347e-24 true resid norm 1.755679211496e-24 ||r(i)||/||b|| 5.705565137061e-08
371 KSP unpreconditioned resid norm 1.731983367134e-24 true resid norm 1.731983367091e-24 ||r(i)||/||b|| 5.628558937498e-08
372 KSP unpreconditioned resid norm 1.704515045040e-24 true resid norm 1.704515045043e-24 ||r(i)||/||b|| 5.539293028539e-08
373 KSP unpreconditioned resid norm 1.672861813095e-24 true resid norm 1.672861813189e-24 ||r(i)||/||b|| 5.436427097816e-08
374 KSP unpreconditioned resid norm 1.636100660531e-24 true resid norm 1.636100660537e-24 ||r(i)||/||b|| 5.316961565846e-08
375 KSP unpreconditioned resid norm 1.591050881078e-24 true resid norm 1.591050881063e-24 ||r(i)||/||b|| 5.170559848771e-08
376 KSP unpreconditioned resid norm 1.546552235397e-24 true resid norm 1.546552235388e-24 ||r(i)||/||b|| 5.025949193393e-08
377 KSP unpreconditioned resid norm 1.500286030254e-24 true resid norm 1.500286030213e-24 ||r(i)||/||b|| 4.875594364590e-08
378 KSP unpreconditioned resid norm 1.453635576371e-24 true resid norm 1.453635576418e-24 ||r(i)||/||b|| 4.723990813636e-08
379 KSP unpreconditioned resid norm 1.400689507876e-24 true resid norm 1.400689507960e-24 ||r(i)||/||b|| 4.551927921760e-08
380 KSP unpreconditioned resid norm 1.353512369974e-24 true resid norm 1.353512370100e-24 ||r(i)||/||b|| 4.398612765278e-08
381 KSP unpreconditioned resid norm 1.313039462057e-24 true resid norm 1.313039462051e-24 ||r(i)||/||b|| 4.267084857649e-08
382 KSP unpreconditioned resid norm 1.275305796820e-24 true resid norm 1.275305796693e-24 ||r(i)||/||b|| 4.144458876688e-08
383 KSP unpreconditioned resid norm 1.243043808163e-24 true resid norm 1.243043808262e-24 ||r(i)||/||b|| 4.039614623116e-08
384 KSP unpreconditioned resid norm 1.212868764615e-24 true resid norm 1.212868764523e-24 ||r(i)||/||b|| 3.941552473469e-08
385 KSP unpreconditioned resid norm 1.177481979094e-24 true resid norm 1.177481979107e-24 ||r(i)||/||b|| 3.826553327921e-08
386 KSP unpreconditioned resid norm 1.144304557030e-24 true resid norm 1.144304557035e-24 ||r(i)||/||b|| 3.718734119564e-08
387 KSP unpreconditioned resid norm 1.113063760326e-24 true resid norm 1.113063760334e-24 ||r(i)||/||b|| 3.617208510929e-08
388 KSP unpreconditioned resid norm 1.083211202911e-24 true resid norm 1.083211202877e-24 ||r(i)||/||b|| 3.520194369643e-08
389 KSP unpreconditioned resid norm 1.050053848242e-24 true resid norm 1.050053848181e-24 ||r(i)||/||b|| 3.412440375773e-08
390 KSP unpreconditioned resid norm 1.004469793083e-24 true resid norm 1.004469793089e-24 ||r(i)||/||b|| 3.264302382320e-08
391 KSP unpreconditioned resid norm 9.678708277885e-25 true resid norm 9.820207730718e-25 ||r(i)||/||b|| 3.191348083419e-08
  Linear solve converged due to CONVERGED_ATOL iterations 391
Mat Object: 1 MPI process
  type: seqaijcusparse
  rows=281452, cols=281452, bs=4
  total: nonzeros=15993520, allocated nonzeros=15993520
  total number of mallocs used during MatSetValues calls=0
    not using I-node routines
Vec Object: 1 MPI process
  type: seqcuda
  length=281452, bs=4
Vec Object: 1 MPI process
  type: seqcuda
  length=281452, bs=4
KSP Object: 1 MPI process
  type: gmres
    restart=100, using classical (unmodified) Gram-Schmidt orthogonalization with no iterative refinement
    happy breakdown tolerance=1e-30
  maximum iterations=2000, initial guess is zero
  tolerances: relative=1e-10, absolute=1e-24, divergence=10000.
  right preconditioning
  diagonally scaled system
  using UNPRECONDITIONED norm type for convergence test
PC Object: 1 MPI process
  type: asm
    total subdomain blocks = 1, amount of overlap = 2
    restriction/interpolation type - RESTRICT
    Local solver information for first block is in the following KSP and PC objects on rank 0:
    Use -ksp_view ::ascii_info_detail to display information for all blocks
    KSP Object: (sub_) 1 MPI process
      type: preonly
      maximum iterations=10000, initial guess is zero
      tolerances: relative=1e-05, absolute=1e-50, divergence=10000.
      left preconditioning
      not checking for convergence
    PC Object: (sub_) 1 MPI process
      type: ilu
        out-of-place factorization
        2 levels of fill
        tolerance for zero pivot 2.22045e-14
        matrix ordering: natural
        factor fill ratio given 1., needed 4.996
          Factored matrix:
            Mat Object: (sub_) 1 MPI process
              type: seqaijcusparse
              rows=281452, cols=281452, bs=4
              package used to perform factorization: cusparse
              total: nonzeros=79903664, allocated nonzeros=79903664
                using I-node routines: found 70363 nodes, limit used is 5
      linear system matrix, which is also used to construct the preconditioner:
      Mat Object: (sub_) 1 MPI process
        type: seqaijcusparse
        rows=281452, cols=281452, bs=4
        total: nonzeros=15993520, allocated nonzeros=15993520
        total number of mallocs used during MatSetValues calls=0
          not using I-node routines
  linear system matrix, which is also used to construct the preconditioner:
  Mat Object: 1 MPI process
    type: seqaijcusparse
    rows=281452, cols=281452, bs=4
    total: nonzeros=15993520, allocated nonzeros=15993520
    total number of mallocs used during MatSetValues calls=0
      not using I-node routines
 NS     70-2s   2.484e+03 [  -3  6.353e-01  3.052e-14  3.145e-08] [  391 -173   69]
#PETSc Option Table entries:
-ksp_atol 1e-24 # (source: environment)
-ksp_converged_reason # (source: environment)
-ksp_diagonal_scale # (source: environment)
-ksp_diagonal_scale_fix # (source: environment)
-ksp_gmres_restart 100 # (source: environment)
-ksp_max_it 2000 # (source: environment)
-ksp_monitor_true_residual # (source: environment)
-ksp_norm_type unpreconditioned # (source: environment)
-ksp_pc_side right # (source: environment)
-ksp_rtol 1e-10 # (source: environment)
-ksp_type gmres # (source: environment)
-ksp_view # (source: environment)
-ksp_view_mat ::ascii_info # (source: environment)
-ksp_view_rhs ::ascii_info # (source: environment)
-ksp_view_solution ::ascii_info # (source: environment)
-log_view :petsc_profile.txt # (source: environment)
-log_view_gpu_time # (source: environment)
-mat_type aijcusparse # (source: environment)
-mat_view ::ascii_info # (source: environment)
-options_left # (source: environment)
-options_view # (source: environment)
-pc_asm_overlap 2 # (source: environment)
-pc_type asm # (source: environment)
-skip_petscrc # (source: environment)
-sub_ksp_type preonly # (source: environment)
-sub_pc_factor_levels 2 # (source: environment)
-sub_pc_type ilu # (source: environment)
-sv_pc_reuse_within_timestep true # (source: environment)
-use_gpu_aware_mpi 0 # (source: environment)
-vec_type cuda # (source: environment)
-vec_view ::ascii_info # (source: environment)
#End of PETSc Option Table entries
WARNING! There are options you set that were not used!
WARNING! could be spelling mistake, etc!
There is one unused database option. It is:
Option left: name:-skip_petscrc (no value) source: environment
