x_m,y_m,z_m,kind,role,expected_inside,inside_lumen,tetra_id,owner_tetra_id,offset_m,correct,all_physical_nan
8.839285445470174e-05,4.775715029429872e-05,0.00011063299474110476,inside_random,,True,True,24115,24115,0.0,True,False
9.492528521678665e-05,4.371351152935126e-05,0.00012555902111564598,inside_random,,True,True,56923,56923,0.0,True,False
9.498781298187704e-05,5.136573151885776e-05,0.00010950283519885247,inside_random,,True,True,237274,237274,0.0,True,False
0.0001494167416139051,9.155879534083588e-05,8.369668739983251e-05,inside_random,,True,True,189302,189302,0.0,True,False
0.00011323536330999927,6.652737128447492e-05,9.772525415064988e-05,inside_random,,True,True,15267,15267,0.0,True,False
0.00010281268217683485,5.228135690949203e-05,0.00015272202075179562,inside_random,,True,True,229245,229245,0.0,True,False
0.00014239821098914113,8.769354586238722e-05,8.747179123627621e-05,inside_random,,True,True,183355,183355,0.0,True,False
9.634196234510372e-05,4.450731117683893e-05,0.00012489134087946682,inside_random,,True,True,262892,262892,0.0,True,False
0.00010403920765242474,4.831501098344385e-05,0.0001486629327693043,inside_random,,True,True,83988,83988,0.0,True,False
0.00014630707809621312,8.727333049618859e-05,8.740321306855255e-05,inside_random,,True,True,123841,123841,0.0,True,False
0.00010175766460876481,4.262916992860916e-05,0.0001391829519444519,inside_random,,True,True,158021,158021,0.0,True,False
0.00011348550130844555,0.00013201831366571983,9.884725980129617e-05,inside_random,,True,True,308340,308340,0.0,True,False
0.00015302102231177757,9.542023597594341e-05,8.412934823979935e-05,inside_random,,True,True,62094,62094,0.0,True,False
9.41050475254148e-05,4.674311046548646e-05,0.0001160634144979813,inside_random,,True,True,350504,350504,0.0,True,False
0.00014403967800763993,8.90824908493752e-05,8.907888368844016e-05,inside_random,,True,True,150722,150722,0.0,True,False
0.00015038518819224304,9.164110836808103e-05,8.44738775692652e-05,inside_random,,True,True,304001,304001,0.0,True,False
0.00014311019477311206,8.549001491591785e-05,8.876436787919772e-05,inside_random,,True,True,334079,334079,0.0,True,False
0.00016251870058435423,9.52031001412024e-05,8.311949956889014e-05,inside_random,,True,True,102189,102189,0.0,True,False
0.00010224153019961048,4.497536352015699e-05,0.00014236455193392456,inside_random,,True,True,58747,58747,0.0,True,False
8.388689289755238e-05,4.5157358003058515e-05,0.00011019783451964141,inside_random,,True,True,46428,46428,0.0,True,False
0.00012946056940209798,7.612109810140021e-05,8.839917901564987e-05,inside_random,,True,True,102956,102956,0.0,True,False
0.00015053750430816783,9.20884537238978e-05,8.378038714987345e-05,inside_random,,True,True,31371,31371,0.0,True,False
0.000134844485106335,8.167478924772528e-05,8.573916461549348e-05,inside_random,,True,True,144984,144984,0.0,True,False
0.00017358826312232164,9.702059798609126e-05,8.059465389753198e-05,inside_random,,True,True,51817,51817,0.0,True,False
9.557949454678503e-05,4.40651888169092e-05,0.00012654792005149817,inside_random,,True,True,90794,90794,0.0,True,False
0.00012929556677815683,7.57190907237248e-05,8.732765697587131e-05,inside_random,,True,True,196714,196714,0.0,True,False
0.00010354325590006283,4.376002043654284e-05,0.00014062370845376395,inside_random,,True,True,53393,53393,0.0,True,False
0.00010106146207195997,4.193533876540181e-05,0.00013665729232229977,inside_random,,True,True,45260,45260,0.0,True,False
0.00015346697320910437,9.2437738321306e-05,8.284769797248125e-05,inside_random,,True,True,330880,330880,0.0,True,False
9.813522661313377e-05,4.293298186087374e-05,0.00012737996284910828,inside_random,,True,True,201315,201315,0.0,True,False
0.00014531757922480902,8.978327135552051e-05,8.571032510748197e-05,inside_random,,True,True,139867,139867,0.0,True,False
0.00015084085538025844,9.374336909455361e-05,8.359777203264031e-05,inside_random,,True,True,193188,193188,0.0,True,False
0.00015406554955591049,9.295174911945661e-05,8.302486361328845e-05,inside_random,,True,True,37744,37744,0.0,True,False
0.00013154127988854503,8.02259654514617e-05,8.733688585387581e-05,inside_random,,True,True,260841,260841,0.0,True,False
0.00011322990856365101,0.00012318934623797663,0.0001006187448515749,inside_random,,True,True,273394,273394,0.0,True,False
0.00011350273316852577,0.00011837299573131508,0.00010088117934322092,inside_random,,True,True,327764,327764,0.0,True,False
9.294404897369058e-05,4.762341153493949e-05,0.00011284728097338269,inside_random,,True,True,55599,55599,0.0,True,False
0.00011443000387222206,0.00012979319907011067,9.927893001439952e-05,inside_random,,True,True,367640,367640,0.0,True,False
0.0001429628964519114,8.692149915528882e-05,8.664793920752738e-05,inside_random,,True,True,229380,229380,0.0,True,False
0.00011865311958565602,7.036552236549841e-05,9.417875563961888e-05,inside_random,,True,True,198599,198599,0.0,True,False
0.00013658780093986442,8.283150267628185e-05,8.47002671945997e-05,inside_random,,True,True,320190,320190,0.0,True,False
0.0001037155951676804,5.932628029791717e-05,0.00010453751599027823,inside_random,,True,True,332645,332645,0.0,True,False
0.00013277223892982804,7.989250682329069e-05,8.614850276930986e-05,inside_random,,True,True,366720,366720,0.0,True,False
0.00010287492782215929,5.447473252343415e-05,0.00015416270337091002,inside_random,,True,True,203349,203349,0.0,True,False
0.00016161238394758073,9.610828886054049e-05,8.371139805436024e-05,inside_random,,True,True,292769,292769,0.0,True,False
0.00015026848598310644,9.18893246944779e-05,8.586048460245908e-05,inside_random,,True,True,81197,81197,0.0,True,False
9.941352497282445e-05,4.270399662442669e-05,0.00013421675844587836,inside_random,,True,True,363118,363118,0.0,True,False
0.00010434405745646495,4.60950782571166e-05,0.00014758153795365372,inside_random,,True,True,39651,39651,0.0,True,False
0.00010844785339405279,6.200150880782769e-05,0.00010090380975323975,inside_random,,True,True,39057,39057,0.0,True,False
0.00010221824734369982,4.477495601622834e-05,0.00014095841152470228,inside_random,,True,True,95937,95937,0.0,True,False
9.875968775207741e-05,4.399941311683445e-05,0.00013028700923960982,inside_random,,True,True,142832,142832,0.0,True,False
0.00011323674615153136,0.00012211607558737766,0.00010106365940419939,inside_random,,True,True,26316,26316,0.0,True,False
0.00017002630187885155,9.777993842682437e-05,8.250929216945065e-05,inside_random,,True,True,177235,177235,0.0,True,False
0.00010385938466179518,5.489771862840283e-05,0.00015489001008561485,inside_random,,True,True,336879,336879,0.0,True,False
9.653218870650328e-05,4.1973820727144374e-05,0.00012872852304071097,inside_random,,True,True,103623,103623,0.0,True,False
0.00011324767761002863,0.00011223120110914492,9.83728014972306e-05,inside_random,,True,True,210156,210156,0.0,True,False
9.970269074236831e-05,4.305689758530414e-05,0.0001309991329923576,inside_random,,True,True,307607,307607,0.0,True,False
0.00011763616798383085,0.00010300782139150996,9.507493193529768e-05,inside_random,,True,True,51337,51337,0.0,True,False
9.497696985097987e-05,4.3585029176252496e-05,0.00012304886800191978,inside_random,,True,True,267238,267238,0.0,True,False
0.00010431136657986348,4.827278662912839e-05,0.00014753277248364635,inside_random,,True,True,122849,122849,0.0,True,False
0.0001477070471711778,9.212903348247024e-05,8.571172151673814e-05,inside_random,,True,True,22048,22048,0.0,True,False
9.780632389810089e-05,4.3552331896239705e-05,0.00012551031168631858,inside_random,,True,True,28627,28627,0.0,True,False
0.00016978138202687737,9.622076130391574e-05,8.098768665428988e-05,inside_random,,True,True,90679,90679,0.0,True,False
0.00014606231666910186,9.000855009612743e-05,8.638195508933115e-05,inside_random,,True,True,162740,162740,0.0,True,False
9.613660210298228e-05,4.303043006821298e-05,0.00012522407771973468,inside_random,,True,True,247857,247857,0.0,True,False
0.000131481099277859,7.850960724962656e-05,8.759998339660278e-05,inside_random,,True,True,162319,162319,0.0,True,False
0.00012415561962833901,7.334578259496764e-05,9.080623610239626e-05,inside_random,,True,True,154207,154207,0.0,True,False
0.00010147249288573149,5.68109812504501e-05,0.00010528895470489524,inside_random,,True,True,189329,189329,0.0,True,False
0.0001440316775459998,8.49188417343093e-05,8.829024962594526e-05,inside_random,,True,True,83247,83247,0.0,True,False
0.00010292408690959815,4.827111787989861e-05,0.00014785181280740204,inside_random,,True,True,222352,222352,0.0,True,False
9.850670348979796e-05,4.271713628272224e-05,0.0001324381137606647,inside_random,,True,True,338022,338022,0.0,True,False
0.0001510385533869638,9.31413000313352e-05,8.544520082329547e-05,inside_random,,True,True,360706,360706,0.0,True,False
0.00010377375383247569,5.691472473845033e-05,0.000158915737211166,inside_random,,True,True,157723,157723,0.0,True,False
0.00010252077038421095,5.203621409692478e-05,0.0001509916649476243,inside_random,,True,True,99145,99145,0.0,True,False
0.00011046284508686887,6.30929576139522e-05,0.00010040152559002386,inside_random,,True,True,11365,11365,0.0,True,False
9.555419507591723e-05,5.1575260991197885e-05,0.00010933578232855198,inside_random,,True,True,211604,211604,0.0,True,False
0.00012393441182676258,7.049298149987008e-05,9.108849882462147e-05,inside_random,,True,True,243685,243685,0.0,True,False
0.00011377734041970934,0.00011231067073187842,9.869730428659895e-05,inside_random,,True,True,356871,356871,0.0,True,False
0.00011380127922296696,0.00010667786674121772,9.768712361659835e-05,inside_random,,True,True,273383,273383,0.0,True,False
9.905743459530439e-05,5.5878613161071324e-05,0.00010613570364457071,inside_random,,True,True,280575,280575,0.0,True,False
9.447474236913229e-05,4.2680936286805015e-05,0.00012191238245935398,inside_random,,True,True,221203,221203,0.0,True,False
0.00017123647801364696,9.634872350991231e-05,8.128079313050837e-05,inside_random,,True,True,256801,256801,0.0,True,False
0.00017251980284587343,9.597245199135599e-05,8.144884225357237e-05,inside_random,,True,True,12851,12851,0.0,True,False
0.00011324240882651745,0.00011166478614218093,9.886437888042971e-05,inside_random,,True,True,27490,27490,0.0,True,False
0.00010419946953658723,5.344445759047178e-05,0.00015505522939192077,inside_random,,True,True,53813,53813,0.0,True,False
0.0001080317767647528,6.230474667369064e-05,9.992978468760261e-05,inside_random,,True,True,139347,139347,0.0,True,False
0.00014322910499736248,8.665706469971407e-05,8.636181419687445e-05,inside_random,,True,True,280444,280444,0.0,True,False
0.00011696063774961166,6.852897451257748e-05,9.547704057690808e-05,inside_random,,True,True,301696,301696,0.0,True,False
0.00015557513821856826,9.488106054524398e-05,8.285169111858456e-05,inside_random,,True,True,144049,144049,0.0,True,False
0.00011414137343949104,0.00011955852419239985,0.00010102654338219417,inside_random,,True,True,322865,322865,0.0,True,False
0.00010282064427603032,4.875570716544102e-05,0.00014892143658197437,inside_random,,True,True,317121,317121,0.0,True,False
0.00013142401034530013,7.879333529900185e-05,8.768115656173714e-05,inside_random,,True,True,134670,134670,0.0,True,False
0.00012789605687168993,8.429469936075329e-05,8.695673277007049e-05,inside_random,,True,True,162946,162946,0.0,True,False
0.00014169658548769036,8.690673497946731e-05,8.582978832665417e-05,inside_random,,True,True,337806,337806,0.0,True,False
0.00014516168930667485,8.734893060393226e-05,8.861757417039059e-05,inside_random,,True,True,103241,103241,0.0,True,False
0.00010311499740563518,4.604831022153058e-05,0.0001439727064501463,inside_random,,True,True,254209,254209,0.0,True,False
0.00014494785286467936,9.121286581749527e-05,8.611811401356347e-05,inside_random,,True,True,275565,275565,0.0,True,False
0.00015548800437391381,9.38629518867218e-05,8.178698204920039e-05,inside_random,,True,True,121515,121515,0.0,True,False
0.0001469114755499976,9.111803458887478e-05,8.804491536229094e-05,inside_random,,True,True,166657,166657,0.0,True,False
0.00014935988345812432,9.3513019553217e-05,8.455172902222354e-05,inside_random,,True,True,603,603,0.0,True,False
9.928697443875603e-05,4.278693757669962e-05,0.00013642009124082896,inside_random,,True,True,283535,283535,0.0,True,False
0.00011823925436941731,0.00010234638313376382,9.565961679391771e-05,inside_random,,True,True,42071,42071,0.0,True,False
0.00014247122782458876,8.810785309888564e-05,8.739210112164574e-05,inside_random,,True,True,340423,340423,0.0,True,False
0.0001675160426664481,9.716009070976478e-05,8.176986850566014e-05,inside_random,,True,True,91791,91791,0.0,True,False
0.00010302236232218512,4.3424262131608354e-05,0.00014449246759602066,inside_random,,True,True,95934,95934,0.0,True,False
0.00016982310964928438,9.587491048708403e-05,8.281239170229673e-05,inside_random,,True,True,220094,220094,0.0,True,False
0.00017141731393574338,9.760604325097706e-05,8.103127757156998e-05,inside_random,,True,True,64794,64794,0.0,True,False
0.00011612599414349318,0.00010442440465219344,9.714673774780703e-05,inside_random,,True,True,93791,93791,0.0,True,False
8.350562261912287e-05,4.414568361318277e-05,0.00011104649075345746,inside_random,,True,True,9462,9462,0.0,True,False
0.00015616432315735017,9.467037818217828e-05,8.234290405062542e-05,inside_random,,True,True,35073,35073,0.0,True,False
0.00013289847142464541,8.010135992632067e-05,8.529825385680006e-05,inside_random,,True,True,80369,80369,0.0,True,False
0.0001137630763776481,0.00012163662168682078,0.00010128324508563092,inside_random,,True,True,33797,33797,0.0,True,False
9.464704682482709e-05,4.457274643422769e-05,0.00012289187845561722,inside_random,,True,True,136017,136017,0.0,True,False
0.0001030627943735541,5.451214222746588e-05,0.00015331787750923523,inside_random,,True,True,169611,169611,0.0,True,False
0.00011590578799079799,6.661273320831643e-05,9.546317294380255e-05,inside_random,,True,True,9313,9313,0.0,True,False
0.00014995346394547606,9.103719990328094e-05,8.411957268236045e-05,inside_random,,True,True,55097,55097,0.0,True,False
8.752432392956683e-05,4.626998837405383e-05,0.00011045271664399425,inside_random,,True,True,240463,240463,0.0,True,False
0.0001014812654886463,4.388702524432485e-05,0.0001426219209862166,inside_random,,True,True,53617,53617,0.0,True,False
0.00010324863629136667,5.927737910035545e-05,0.00010332638269828096,inside_random,,True,True,149980,149980,0.0,True,False
0.00010292365067023125,5.576839307383626e-05,0.0001549491561491453,inside_random,,True,True,55325,55325,0.0,True,False
8.836375855025835e-05,4.774996341438964e-05,0.00011067563355027232,centroid,,True,True,24115,24115,0.0,True,False
9.499330371909309e-05,4.378244011604693e-05,0.00012555286230053753,centroid,,True,True,56923,56923,0.0,True,False
9.491524724580813e-05,5.14005359946168e-05,0.00010944614587060641,centroid,,True,True,237274,237274,0.0,True,False
0.0001495538126619067,9.154614235740155e-05,8.37179395603016e-05,centroid,,True,True,189302,189302,0.0,True,False
0.00011322194040985778,6.650898831139784e-05,9.779223728401121e-05,centroid,,True,True,15267,15267,0.0,True,False
0.00010278930676577147,5.2301886171335354e-05,0.0001527444510429632,centroid,,True,True,229245,229245,0.0,True,False
0.0001424058100383263,8.771454849920701e-05,8.743938451516442e-05,centroid,,True,True,183355,183355,0.0,True,False
9.628339284972753e-05,4.457701834326144e-05,0.00012491059897001833,centroid,,True,True,262892,262892,0.0,True,False
0.00010404838212707546,4.8306288590538315e-05,0.00014873785767122172,centroid,,True,True,83988,83988,0.0,True,False
0.00014635815387009643,8.720246296434198e-05,8.733084359846544e-05,centroid,,True,True,123841,123841,0.0,True,False
0.00010183294034504797,4.263123901182553e-05,0.00013921009303885512,centroid,,True,True,158021,158021,0.0,True,False
0.00011340592209307943,0.0001320132396358531,9.885454346658662e-05,centroid,,True,True,308340,308340,0.0,True,False
0.00015306267596315593,9.552461779094301e-05,8.408469693677034e-05,centroid,,True,True,62094,62094,0.0,True,False
9.414789383299649e-05,4.6758406824665144e-05,0.00011598747551033739,centroid,,True,True,350504,350504,0.0,True,False
0.00014398736311704852,8.904397691367194e-05,8.90814026206499e-05,centroid,,True,True,150722,150722,0.0,True,False
0.00015033875388326123,9.167693497147411e-05,8.452809015579987e-05,centroid,,True,True,304001,304001,0.0,True,False
0.00014305157674243674,8.548620098736137e-05,8.881728172127623e-05,centroid,,True,True,334079,334079,0.0,True,False
0.00016241418416029774,9.518734441371635e-05,8.313583748531528e-05,centroid,,True,True,102189,102189,0.0,True,False
0.00010224771722278092,4.501069361140253e-05,0.0001423011090082582,centroid,,True,True,58747,58747,0.0,True,False
8.392898962483741e-05,4.520962647802662e-05,0.00011027836808352731,centroid,,True,True,46428,46428,0.0,True,False
0.00010253534613487621,5.753042326735643e-05,0.00015886673160518208,boundary,INLET,True,True,293003,293003,0.0,True,False
0.0001025353461423017,5.753042346564962e-05,0.00015886673182352628,near_outside,INLET,False,False,-1,293003,2.950415394036814e-13,True,True
0.00010253535356037814,5.753062156053839e-05,0.00015886694994937342,near_outside,INLET,False,False,-1,293003,2.9504153940368144e-10,True,True
0.00010253533870937428,5.7530224974174476e-05,0.00015886651326099075,near_inside,INLET,True,True,293003,293003,-2.9504153940368144e-10,True,False
0.00010381716371436293,5.7913746180323265e-05,0.0001584750183004265,boundary,INLET,True,True,263148,263148,0.0,True,False
0.00010381716372201174,5.791374638482586e-05,0.00015847501852559275,near_outside,INLET,False,False,-1,263148,3.04269037140961e-13,True,True
0.000103817171363168,5.7913950682915114e-05,0.00015847524346665994,near_outside,INLET,False,False,-1,263148,3.04269037140961e-10,True,True
0.00010381715606555787,5.7913541677731416e-05,0.0001584747931341931,near_inside,INLET,True,True,263148,263148,-3.04269037140961e-10,True,False
0.0001031206071881267,5.660340563432934e-05,0.0001596887110887716,boundary,INLET,True,True,267799,267799,0.0,True,False
0.00010312060719474535,5.6603405810784485e-05,0.00015968871128307184,near_outside,INLET,False,False,-1,267799,2.625505747081092e-13,True,True
0.0001031206138067768,5.660358208947218e-05,0.00015968890538900404,near_outside,INLET,False,False,-1,267799,2.6255057470810923e-10,True,True
0.0001031206005694766,5.6603229179186506e-05,0.0001596885167885392,near_inside,INLET,True,True,267799,267799,-2.6255057470810923e-10,True,False
0.0001022622236632742,5.747967952629551e-05,0.00015892210649326444,boundary,INLET,True,True,366220,366220,0.0,True,False
0.00010226222366966156,5.747967969701022e-05,0.00015892210668123303,near_outside,INLET,False,False,-1,366220,2.5400099024031214e-13,True,True
0.000102262230050637,5.747985024100078e-05,0.000158922294461863,near_outside,INLET,False,False,-1,366220,2.5400099024031217e-10,True,True
0.00010226221727591139,5.747950881159025e-05,0.00015892191852466588,near_inside,INLET,True,True,366220,366220,-2.5400099024031217e-10,True,False
0.00010395912007273485,5.649450152607945e-05,0.00015975910355336964,boundary,INLET,True,True,294288,294288,0.0,True,False
0.00010395912008236575,5.649450178284435e-05,0.00015975910383608197,near_outside,INLET,False,False,-1,294288,3.820304011798272e-13,True,True
0.00010395912970364015,5.6494758290981084e-05,0.00015975938626569406,near_outside,INLET,False,False,-1,294288,3.8203040117982725e-10,True,True
0.00010395911044182955,5.649424476117782e-05,0.00015975882084104522,near_inside,INLET,True,True,294288,294288,-3.8203040117982725e-10,True,False
0.0001041485908596466,5.760436033597216e-05,0.00015874471864663064,boundary,INLET,True,True,173876,173876,0.0,True,False
0.0001041485908661178,5.760436050868395e-05,0.00015874471883682025,near_outside,INLET,False,False,-1,173876,2.5698894630591347e-13,True,True
0.00010414859733084643,5.760453304775552e-05,0.00015874490883622549,near_outside,INLET,False,False,-1,173876,2.5698894630591347e-10,True,True
0.00010414858438844678,5.76041876241888e-05,0.0001587445284570358,near_inside,INLET,True,True,173876,173876,-2.5698894630591347e-10,True,False
0.0001024186349241063,5.745700885502932e-05,0.0001589373763029774,boundary,INLET,True,True,366216,366216,0.0,True,False
0.00010241863493024302,5.745700901875042e-05,0.00015893737648324657,near_outside,INLET,False,False,-1,366216,2.4359643793471235e-13,True,True
0.00010241864106082604,5.745717257613103e-05,0.00015893755657212647,near_outside,INLET,False,False,-1,366216,2.435964379347124e-10,True,True
0.00010241862878738656,5.7456845133927617e-05,0.00015893719603382836,near_inside,INLET,True,True,366216,366216,-2.435964379347124e-10,True,False
0.00010429614000410463,5.701796787131267e-05,0.00015927224012557417,boundary,INLET,True,True,294489,294489,0.0,True,False
0.00010429614001020587,5.701796803418211e-05,0.000159272240304913,near_outside,INLET,False,False,-1,294489,2.423346680898551e-13,True,True
0.00010429614610534884,5.7018130740752434e-05,0.00015927241946439252,near_outside,INLET,False,False,-1,294489,2.4233466808985514e-10,True,True
0.00010429613390286042,5.701780500187291e-05,0.00015927206078675583,near_inside,INLET,True,True,294489,294489,-2.4233466808985514e-10,True,False
0.00010370382127196838,5.7135396976567186e-05,0.00015918574354145676,boundary,INLET,True,True,320873,320873,0.0,True,False
0.00010370382127986673,5.713539718753904e-05,0.00015918574377376583,near_outside,INLET,False,False,-1,320873,3.1390923821648526e-13,True,True
0.00010370382917030687,5.713560794842129e-05,0.0001591859758505243,near_outside,INLET,False,False,-1,320873,3.139092382164853e-10,True,True
0.00010370381337362989,5.7135186004713084e-05,0.00015918551123238921,near_inside,INLET,True,True,320873,320873,-3.139092382164853e-10,True,False
0.00010350026908175398,5.822286281424264e-05,0.00015820506572102508,boundary,INLET,True,True,85223,85223,0.0,True,False
0.00010350026908992555,5.822286303253605e-05,0.00015820506596140915,near_outside,INLET,False,False,-1,85223,3.24812710459601e-13,True,True
0.00010350027725331163,5.822308110765801e-05,0.000158205306105108,near_outside,INLET,False,False,-1,85223,3.2481271045960105e-10,True,True
0.00010350026091019634,5.8222644520827265e-05,0.00015820482533694216,near_inside,INLET,True,True,85223,85223,-3.2481271045960105e-10,True,False
0.00010277258600884427,5.7073628947061174e-05,0.00015927351584347585,boundary,INLET,True,True,357272,357272,0.0,True,False
0.00010277258601635118,5.707362914768451e-05,0.00015927351606437594,near_outside,INLET,False,False,-1,357272,2.985011295929948e-13,True,True
0.00010277259351575495,5.707382957039942e-05,0.00015927373674355918,near_outside,INLET,False,False,-1,357272,2.985011295929948e-10,True,True
0.0001027725785019336,5.7073428323722926e-05,0.00015927329494339252,near_inside,INLET,True,True,357272,357272,-2.985011295929948e-10,True,False
0.00010402828775113449,5.709137136970336e-05,0.00015921468730084598,boundary,INLET,True,True,294490,294490,0.0,True,False
0.00010402828775835095,5.7091371562321024e-05,0.00015921468751293287,near_outside,INLET,False,False,-1,294490,2.865911550229902e-13,True,True
0.00010402829496759596,5.709156398736688e-05,0.00015921489938773507,near_outside,INLET,False,False,-1,294490,2.865911550229902e-10,True,True
0.00010402828053467301,5.709117875203984e-05,0.0001592144752139569,near_inside,INLET,True,True,294490,294490,-2.865911550229902e-10,True,False
0.0001050656089015926,5.7468501230080925e-05,0.00015883690502960235,boundary,INLET,True,True,7356,7356,0.0,True,False
0.00010506560890872002,5.7468501420418085e-05,0.00015883690523918736,near_outside,INLET,False,False,-1,7356,2.832047098563705e-13,True,True
0.00010506561602900931,5.746869156723867e-05,0.00015883711461460657,near_outside,INLET,False,False,-1,7356,2.8320470985637054e-10,True,True
0.00010506560177417588,5.746831089292318e-05,0.00015883669544459813,near_inside,INLET,True,True,7356,7356,-2.8320470985637054e-10,True,False
0.00010385964318023373,5.679074214034093e-05,0.00015949344378896058,boundary,INLET,True,True,203712,203712,0.0,True,False
0.00010385964318648489,5.679074230736965e-05,0.0001594934439728781,near_outside,INLET,False,False,-1,203712,2.4852228204790384e-13,True,True
0.00010385964943139451,5.6790909169058096e-05,0.0001594936277064837,near_outside,INLET,False,False,-1,203712,2.485222820479039e-10,True,True
0.00010385963692907296,5.679057511162377e-05,0.00015949325987143747,near_inside,INLET,True,True,203712,203712,-2.485222820479039e-10,True,False
0.00010456887684995309,5.712595520890318e-05,0.0001591648906469345,boundary,INLET,True,True,345502,345502,0.0,True,False
0.00010456887685824134,5.71259554301427e-05,0.00015916489089054338,near_outside,INLET,False,False,-1,345502,3.291821800223117e-13,True,True
0.00010456888513819807,5.71261764484293e-05,0.00015916513425581104,near_outside,INLET,False,False,-1,345502,3.291821800223118e-10,True,True
0.0001045688685617081,5.7125733969377056e-05,0.00015916464703805798,near_inside,INLET,True,True,345502,345502,-3.291821800223118e-10,True,False
0.00010295330866938457,5.659229039641408e-05,0.0001597045047674328,boundary,INLET,True,True,100572,100572,0.0,True,False
0.00010295330867596883,5.659229057192766e-05,0.0001597045049606959,near_outside,INLET,False,False,-1,100572,2.6114938192371473e-13,True,True
0.00010295331525365414,5.659246590999919e-05,0.00015970469803053977,near_outside,INLET,False,False,-1,100572,2.6114938192371476e-10,True,True
0.000102953302085115,5.659211488282897e-05,0.00015970431150432585,near_inside,INLET,True,True,100572,100572,-2.6114938192371476e-10,True,False
0.00010464561394959067,5.6817968773733206e-05,0.00015944198336607465,boundary,INLET,True,True,222408,222408,0.0,True,False
0.00010464561395877546,5.681796901890613e-05,0.00015944198363604048,near_outside,INLET,False,False,-1,222408,3.647953808908999e-13,True,True
0.00010464562313438087,5.68182139466557e-05,0.00015944225333190142,near_outside,INLET,False,False,-1,222408,3.647953808908999e-10,True,True
0.00010464560476480047,5.6817723600810715e-05,0.00015944171340024789,near_inside,INLET,True,True,222408,222408,-3.647953808908999e-10,True,False
0.00010357167532977958,5.6773597558882706e-05,0.00015951880777720362,boundary,INLET,True,True,105444,105444,0.0,True,False
0.00010357167533739431,5.677359776206324e-05,0.0001595188080009305,near_outside,INLET,False,False,-1,105444,3.0231445496537377e-13,True,True
0.00010357168294451153,5.677380073941622e-05,0.00015951903150408252,near_outside,INLET,False,False,-1,105444,3.023144549653738e-10,True,True
0.00010357166771504763,5.677339437834919e-05,0.00015951858405032472,near_inside,INLET,True,True,105444,105444,-3.023144549653738e-10,True,False
0.0001047419136739336,5.713389085334105e-05,0.0001591517987738674,boundary,INLET,True,True,11523,11523,0.0,True,False
0.00010474191368093873,5.713389104048555e-05,0.00015915179897993406,near_outside,INLET,False,False,-1,11523,2.784521558559782e-13,True,True
0.00010474192067907082,5.713407799784711e-05,0.00015915200484051926,near_outside,INLET,False,False,-1,11523,2.784521558559782e-10,True,True
0.00010474190666879638,5.713370370883499e-05,0.00015915159270721554,near_inside,INLET,True,True,11523,11523,-2.784521558559782e-10,True,False
0.00010410907755916317,5.7789819644919284e-05,0.00015857764325725535,boundary,INLET,True,True,207539,207539,0.0,True,False
0.00010410907756518096,5.778981980554383e-05,0.00015857764343412697,near_outside,INLET,False,False,-1,207539,2.3899796198751206e-13,True,True
0.00010410908357696401,5.7789980269467546e-05,0.0001585778201288653,near_outside,INLET,False,False,-1,207539,2.3899796198751206e-10,True,True
0.00010410907154136233,5.778965902037102e-05,0.0001585774663856454,near_inside,INLET,True,True,207539,207539,-2.3899796198751206e-10,True,False
0.00010456171488234152,5.843246496321323e-05,0.00015797860881624123,boundary,INLET,True,True,135646,135646,0.0,True,False
0.00010456171488782886,5.8432465110044194e-05,0.00015797860897791166,near_outside,INLET,False,False,-1,135646,2.1846456955438387e-13,True,True
0.00010456172036967354,5.843261179417626e-05,0.0001579787704866641,near_outside,INLET,False,False,-1,135646,2.1846456955438387e-10,True,True
0.0001045617093950095,5.84323181322502e-05,0.00015797844714581836,near_inside,INLET,True,True,135646,135646,-2.1846456955438387e-10,True,False
0.00010342802852392197,5.656088857601086e-05,0.0001597168690447385,boundary,INLET,True,True,1155,1155,0.0,True,False
0.00010342802853188802,5.656088878886173e-05,0.00015971686927909588,near_outside,INLET,False,False,-1,1155,3.166896319327027e-13,True,True
0.00010342803648998059,5.6561101426876185e-05,0.0001597171034021024,near_outside,INLET,False,False,-1,1155,3.1668963193270277e-10,True,True
0.00010342802055786334,5.656067572514554e-05,0.0001597166346873746,near_inside,INLET,True,True,1155,1155,-3.1668963193270277e-10,True,False
0.00010477155835057299,5.811074152006768e-05,0.00015826364688109607,boundary,INLET,True,True,128112,128112,0.0,True,False
0.00010477155835720465,5.811074169683897e-05,0.00015826364707575183,near_outside,INLET,False,False,-1,128112,2.630264945359814e-13,True,True
0.0001047715649822358,5.811091829136127e-05,0.0001582638415368631,near_outside,INLET,False,False,-1,128112,2.630264945359814e-10,True,True
0.00010477155171891017,5.811056474877408e-05,0.00015826345222532903,near_inside,INLET,True,True,128112,128112,-2.630264945359814e-10,True,False
0.00010265729846044754,5.6869580779069416e-05,0.00015946274894910553,boundary,INLET,True,True,100566,100566,0.0,True,False
0.00010265729846822324,5.6869580986629344e-05,0.00015946274917764714,near_outside,INLET,False,False,-1,100566,3.0882495027864503e-13,True,True
0.00010265730623615165,5.6869788338999116e-05,0.0001594629774907077,near_outside,INLET,False,False,-1,100566,3.0882495027864504e-10,True,True
0.00010265729068474342,5.6869373219139716e-05,0.00015946252040750336,near_inside,INLET,True,True,100566,100566,-3.0882495027864504e-10,True,False
0.0001033739754348062,5.710908347585549e-05,0.00015922086216354123,boundary,INLET,True,True,147818,147818,0.0,True,False
0.00010337397544249102,5.710908368088256e-05,0.00015922086238930676,near_outside,INLET,False,False,-1,147818,3.0506594800839523e-13,True,True
0.00010337398311963655,5.71092885029222e-05,0.00015922108792907876,near_outside,INLET,False,False,-1,147818,3.0506594800839524e-10,True,True
0.00010337396774997585,5.7108878448788784e-05,0.0001592206363980037,near_inside,INLET,True,True,147818,147818,-3.0506594800839524e-10,True,False
0.00010328403974805649,5.736565314388523e-05,0.00015899091764974097,boundary,INLET,True,True,298579,298579,0.0,True,False
0.00010328403975485747,5.736565332557533e-05,0.00015899091784980603,near_outside,INLET,False,False,-1,298579,2.703397474851884e-13,True,True
0.00010328404654903917,5.736583483398647e-05,0.0001589911177148124,near_outside,INLET,False,False,-1,298579,2.7033974748518843e-10,True,True
0.0001032840329470738,5.7365471453783995e-05,0.00015899071758466952,near_inside,INLET,True,True,298579,298579,-2.7033974748518843e-10,True,False
0.00010318297184615706,5.748550635568487e-05,0.00015888550357582668,boundary,INLET,True,True,269842,269842,0.0,True,False
0.00010318297185295403,5.748550653738085e-05,0.00015888550377588653,near_outside,INLET,False,False,-1,269842,2.703397474851884e-13,True,True
0.00010318297864312592,5.748568805166437e-05,0.000158885703635696,near_outside,INLET,False,False,-1,269842,2.7033974748518843e-10,True,True
0.0001031829650491882,5.7485324659705366e-05,0.00015888530351595734,near_inside,INLET,True,True,269842,269842,-2.7033974748518843e-10,True,False
0.00010398423910373822,5.774688058105918e-05,0.00015862088669867566,boundary,INLET,True,True,207537,207537,0.0,True,False
0.00010398423910906924,5.7746880723282667e-05,0.0001586208868552827,near_outside,INLET,False,False,-1,207537,2.1161687750580228e-13,True,True
0.00010398424443476461,5.774702280454811e-05,0.0001586210433057068,near_outside,INLET,False,False,-1,207537,2.116168775058023e-10,True,True
0.00010398423377271183,5.7746738357570254e-05,0.00015862073009164453,near_inside,INLET,True,True,207537,207537,-2.116168775058023e-10,True,False
0.0001024554197404844,5.73212601011619e-05,0.0001590594086640825,boundary,INLET,True,True,366215,366215,0.0,True,False
0.00010245541974662192,5.732126026487838e-05,0.00015905940884435583,near_outside,INLET,False,False,-1,366215,2.4359643793471235e-13,True,True
0.00010245542587800809,5.73214238176432e-05,0.00015905958893740034,near_outside,INLET,False,False,-1,366215,2.435964379347124e-10,True,True
0.00010245541360296071,5.7321096384680594e-05,0.00015905922839076466,near_inside,INLET,True,True,366215,366215,-2.435964379347124e-10,True,False
0.00010473893295663099,5.784010257533131e-05,0.00015851053952549896,boundary,INLET,True,True,204800,204800,0.0,True,False
0.0001047389329645627,5.784010278729412e-05,0.0001585105397588884,near_outside,INLET,False,False,-1,204800,3.1537562843718714e-13,True,True
0.00010473894088833873,5.7840314538146704e-05,0.00015851077291495868,near_outside,INLET,False,False,-1,204800,3.1537562843718717e-10,True,True
0.00010473892502492325,5.783989061251591e-05,0.00015851030613603923,near_inside,INLET,True,True,204800,204800,-3.1537562843718717e-10,True,False
0.0001142233644107667,0.0001336751204992955,9.838805514543007e-05,boundary,OUTLET_01,True,True,9038,9038,0.0,True,False
0.00011422336442001053,0.00013367512085964113,9.838805510847484e-05,near_outside,OUTLET_01,False,False,-1,9038,3.623535720584194e-13,True,True
0.0001142233736545912,0.00013367548084492663,9.838801819020024e-05,near_outside,OUTLET_01,False,False,-1,9038,3.623535720584194e-10,True,True
0.00011422335516694221,0.00013367476015366437,9.838809210065991e-05,near_inside,OUTLET_01,True,True,9038,9038,-3.623535720584194e-10,True,False
0.00011349734753215064,0.00013372722120645145,9.871450796102484e-05,boundary,OUTLET_01,True,True,215790,215790,0.0,True,False
0.00011349734753799056,0.00013372722143452048,9.871450793763861e-05,near_outside,OUTLET_01,False,False,-1,215790,2.293392852005992e-13,True,True
0.00011349735337207089,0.00013372744927549174,9.871448457479119e-05,near_outside,OUTLET_01,False,False,-1,215790,2.2933928520059923e-10,True,True
0.00011349734169223039,0.00013372699313741115,9.871453134725849e-05,near_inside,OUTLET_01,True,True,215790,215790,-2.2933928520059923e-10,True,False
0.00011397227111350124,0.00013382898760028183,9.982552971147622e-05,boundary,OUTLET_01,True,True,186350,186350,0.0,True,False
0.00011397227112141736,0.00013382898790871198,9.982552967984632e-05,near_outside,OUTLET_01,False,False,-1,186350,3.101487989908721e-13,True,True
0.0001139722790296271,0.00013382929603043822,9.982549808156792e-05,near_outside,OUTLET_01,False,False,-1,186350,3.101487989908721e-10,True,True
0.00011397226319737538,0.00013382867917012545,9.982556134138452e-05,near_inside,OUTLET_01,True,True,186350,186350,-3.101487989908721e-10,True,False
0.00011270860947358112,0.0001338346628472209,9.956490976037458e-05,boundary,OUTLET_01,True,True,12559,12559,0.0,True,False
0.0001127086094816379,0.00013383466316139195,9.956490972814095e-05,near_outside,OUTLET_01,False,False,-1,12559,3.15923043226694e-13,True,True
0.00011270861753035311,0.000133834977018274,9.95648775267423e-05,near_outside,OUTLET_01,False,False,-1,12559,3.15923043226694e-10,True,True
0.00011270860141680913,0.0001338343486761678,9.956494199400686e-05,near_inside,OUTLET_01,True,True,12559,12559,-3.15923043226694e-10,True,False
0.00011427518620621413,0.00013385496276896447,0.00010015449515776709,boundary,OUTLET_01,True,True,11539,11539,0.0,True,False
0.00011427518621198588,0.00013385496299407547,0.00010015449513467899,near_outside,OUTLET_01,False,False,-1,11539,2.2636549327942208e-13,True,True
0.00011427519197796826,0.00013385518787996668,0.00010015447206967304,near_outside,OUTLET_01,False,False,-1,11539,2.263654932794221e-10,True,True
0.00011427518043446,0.00013385473765796226,0.00010015451824586113,near_inside,OUTLET_01,True,True,11539,11539,-2.263654932794221e-10,True,False
0.00011294507567072287,0.0001337816211162135,9.910684942345445e-05,boundary,OUTLET_01,True,True,178389,178389,0.0,True,False
0.00011294507567876432,0.00013378162143017018,9.91068493912421e-05,near_outside,OUTLET_01,False,False,-1,178389,3.157072911901494e-13,True,True
0.00011294508371217391,0.00013378193507288698,9.910681721109735e-05,near_outside,OUTLET_01,False,False,-1,178389,3.1570729119014944e-10,True,True
0.00011294506762927184,0.00013378130715954002,9.910688163581155e-05,near_inside,OUTLET_01,True,True,178389,178389,-3.1570729119014944e-10,True,False
0.00011325760957940172,0.00013374055076080063,9.878458270880704e-05,boundary,OUTLET_01,True,True,16815,16815,0.0,True,False
0.00011325760958519478,0.00013374055098693723,9.878458268561064e-05,near_outside,OUTLET_01,False,False,-1,16815,2.2739699049059395e-13,True,True
0.00011325761537246475,0.00013374077689739362,9.878455951240617e-05,near_outside,OUTLET_01,False,False,-1,16815,2.2739699049059396e-10,True,True
0.00011325760378633868,0.00013374032462420765,9.87846059052079e-05,near_inside,OUTLET_01,True,True,16815,16815,-2.2739699049059396e-10,True,False
0.00011360483767930418,0.0001337591432578241,9.905260958475992e-05,boundary,OUTLET_01,True,True,189077,189077,0.0,True,False
0.00011360483768730448,0.00013375914356986957,9.905260955275041e-05,near_outside,OUTLET_01,False,False,-1,189077,3.1378495660236736e-13,True,True
0.00011360484567959937,0.00013375945530330987,9.905257757524452e-05,near_outside,OUTLET_01,False,False,-1,189077,3.137849566023674e-10,True,True
0.000113604829679009,0.00013375883121233831,9.905264159427532e-05,near_inside,OUTLET_01,True,True,189077,189077,-3.137849566023674e-10,True,False
0.00011388799612177536,0.00013367320449712375,9.828556115583827e-05,boundary,OUTLET_01,True,True,90981,90981,0.0,True,False
0.00011388799613007325,0.00013367320482065328,9.828556112264455e-05,near_outside,OUTLET_01,False,False,-1,90981,3.253337243215384e-13,True,True
0.00011388800441966,0.00013367352802665038,9.828552796212352e-05,near_outside,OUTLET_01,False,False,-1,90981,3.253337243215384e-10,True,True
0.00011388798782389072,0.00013367288096759712,9.828559434955301e-05,near_inside,OUTLET_01,True,True,90981,90981,-3.253337243215384e-10,True,False
0.00011452457450407867,0.00013373732508625835,9.906986330558236e-05,boundary,OUTLET_01,True,True,27269,27269,0.0,True,False
0.00011452457451120097,0.0001337373253644972,9.906986327704324e-05,near_outside,OUTLET_01,False,False,-1,27269,2.79789332757183e-13,True,True
0.00011452458162638313,0.00013373760332511644,9.906983476646253e-05,near_outside,OUTLET_01,False,False,-1,27269,2.7978933275718296e-10,True,True
0.00011452456738177422,0.00013373704684740026,9.906989184470218e-05,near_inside,OUTLET_01,True,True,27269,27269,-2.7978933275718296e-10,True,False
0.00011329991199697058,0.00013383049129818877,9.96720385349666e-05,boundary,OUTLET_01,True,True,8251,8251,0.0,True,False
0.00011329991200551118,0.0001338304916309466,9.967203850084619e-05,near_outside,OUTLET_01,False,False,-1,8251,3.3461158340500096e-13,True,True
0.00011329992053757256,0.00013383082405600945,9.967200441455267e-05,near_outside,OUTLET_01,False,False,-1,8251,3.34611583405001e-10,True,True
0.0001132999034563686,0.0001338301585403681,9.967207265538054e-05,near_inside,OUTLET_01,True,True,8251,8251,-3.34611583405001e-10,True,False
0.00011291537036110337,0.00013380125164985657,9.929081958640988e-05,boundary,OUTLET_01,True,True,347510,347510,0.0,True,False
0.00011291537036923494,0.00013380125196742578,9.929081955384632e-05,near_outside,OUTLET_01,False,False,-1,347510,3.1933793181069254e-13,True,True
0.00011291537849267404,0.0001338015692190725,9.929078702285138e-05,near_outside,OUTLET_01,False,False,-1,347510,3.1933793181069256e-10,True,True
0.0001129153622295327,0.00013380093408064063,9.929085214996838e-05,near_inside,OUTLET_01,True,True,347510,347510,-3.1933793181069256e-10,True,False
0.0001139574790916716,0.00013378395912392685,9.938277071341872e-05,boundary,OUTLET_01,True,True,220000,220000,0.0,True,False
0.00011395747909829625,0.0001337839593826534,9.938277068687295e-05,near_outside,OUTLET_01,False,False,-1,220000,2.6016915039958534e-13,True,True
0.0001139574857163276,0.00013378421785046715,9.938274416764498e-05,near_outside,OUTLET_01,False,False,-1,220000,2.601691503995854e-10,True,True
0.0001139574724670156,0.00013378370039738655,9.938279725919247e-05,near_inside,OUTLET_01,True,True,220000,220000,-2.601691503995854e-10,True,False
0.00011301529351233815,0.00013385839217031995,9.987297865639751e-05,boundary,OUTLET_01,True,True,38584,38584,0.0,True,False
0.00011301529351929124,0.0001338583924416981,9.987297862856352e-05,near_outside,OUTLET_01,False,False,-1,38584,2.728904127604567e-13,True,True
0.0001130153004654347,0.00013385866354847096,9.987295082240785e-05,near_outside,OUTLET_01,False,False,-1,38584,2.728904127604567e-10,True,True
0.00011301528655924159,0.00013385812079216893,9.987300649038716e-05,near_inside,OUTLET_01,True,True,38584,38584,-2.728904127604567e-10,True,False
0.0001137787500435176,0.00013384412159211934,9.992469616311912e-05,boundary,OUTLET_01,True,True,343558,343558,0.0,True,False
0.00011377875005200841,0.00013384412192318668,9.992469612917037e-05,near_outside,OUTLET_01,False,False,-1,343558,3.329116797233651e-13,True,True
0.00011377875853432114,0.00013384445265944653,9.992466221436941e-05,near_outside,OUTLET_01,False,False,-1,343558,3.3291167972336514e-10,True,True
0.00011377874155271407,0.00013384379052479214,9.992473011186883e-05,near_inside,OUTLET_01,True,True,343558,343558,-3.3291167972336514e-10,True,False
0.0001127792420447804,0.00013377282690877715,9.897969721350819e-05,boundary,OUTLET_01,True,True,140026,140026,0.0,True,False
0.00011277924205289655,0.00013377282722529788,9.897969718103975e-05,near_outside,OUTLET_01,False,False,-1,140026,3.182851727521835e-13,True,True
0.00011277925016092217,0.00013377314342951832,9.897966474506435e-05,near_outside,OUTLET_01,False,False,-1,140026,3.1828517275218353e-10,True,True
0.00011277923392863864,0.00013377251038803597,9.897972968195203e-05,near_inside,OUTLET_01,True,True,140026,140026,-3.1828517275218353e-10,True,False
0.0001141219351363058,0.00013385407025149712,0.00010010749489689867,boundary,OUTLET_01,True,True,345796,345796,0.0,True,False
0.00011412193514491669,0.00013385407058750688,0.00010010749486243436,near_outside,OUTLET_01,False,False,-1,345796,3.3788237909054296e-13,True,True
0.00011412194374720162,0.00013385440626126794,0.00010010746043259114,near_outside,OUTLET_01,False,False,-1,345796,3.3788237909054297e-10,True,True
0.00011412192652540997,0.0001338537342417263,0.0001001075293612062,near_inside,OUTLET_01,True,True,345796,345796,-3.3788237909054297e-10,True,False
0.00011312664234234641,0.0001337526337010786,9.886966048118968e-05,boundary,OUTLET_01,True,True,67884,67884,0.0,True,False
0.00011312664234858002,0.00013375263394432626,9.88696604562368e-05,near_outside,OUTLET_01,False,False,-1,67884,2.446036278772624e-13,True,True
0.00011312664857595079,0.00013375287694875128,9.886963552830043e-05,near_outside,OUTLET_01,False,False,-1,67884,2.4460362787726244e-10,True,True
0.00011312663610874204,0.0001337523904534059,9.886968543407894e-05,near_inside,OUTLET_01,True,True,67884,67884,-2.4460362787726244e-10,True,False
0.00011332610301906243,0.00013371084545118114,9.851201806062211e-05,boundary,OUTLET_01,True,True,64090,64090,0.0,True,False
0.00011332610302583219,0.00013371084571507758,9.851201803356384e-05,near_outside,OUTLET_01,False,False,-1,64090,2.6536635590164445e-13,True,True
0.00011332610978882413,0.00013371110934760615,9.851199100235099e-05,near_outside,OUTLET_01,False,False,-1,64090,2.653663559016445e-10,True,True
0.00011332609624930073,0.00013371058155475614,9.851204511889324e-05,near_inside,OUTLET_01,True,True,64090,64090,-2.653663559016445e-10,True,False
0.00011370541081608583,0.00013381085106326887,9.958196703034143e-05,boundary,OUTLET_01,True,True,35258,35258,0.0,True,False
0.00011370541082440943,0.00013381085138791126,9.958196699703752e-05,near_outside,OUTLET_01,False,False,-1,35258,3.2645231527612967e-13,True,True
0.0001137054191396755,0.00013381117570565883,9.958193372642794e-05,near_outside,OUTLET_01,False,False,-1,35258,3.2645231527612966e-10,True,True
0.00011370540249249616,0.00013381052642087891,9.958200033425492e-05,near_inside,OUTLET_01,True,True,35258,35258,-3.2645231527612966e-10,True,False
0.00011372198544753094,0.0001337379168641443,9.88749501023752e-05,boundary,OUTLET_01,True,True,215792,215792,0.0,True,False
0.00011372198545543205,0.0001337379171724168,9.887495007075615e-05,near_outside,OUTLET_01,False,False,-1,215792,3.0999051940332417e-13,True,True
0.00011372199334863602,0.00013373822513663871,9.887491848333269e-05,near_outside,OUTLET_01,False,False,-1,215792,3.099905194033242e-10,True,True
0.00011372197754642586,0.00013373760859164988,9.88749817214177e-05,near_inside,OUTLET_01,True,True,215792,215792,-3.099905194033242e-10,True,False
0.00011287012360601996,0.0001337212888756767,9.849986963672563e-05,boundary,OUTLET_01,True,True,1126,1126,0.0,True,False
0.00011287012361150068,0.0001337212890894353,9.849986961480225e-05,near_outside,OUTLET_01,False,False,-1,1126,2.1494980858643608e-13,True,True
0.0001128701290867432,0.00013372150263429627,9.84998477133491e-05,near_outside,OUTLET_01,False,False,-1,1126,2.149498085864361e-10,True,True
0.00011287011812529672,0.0001337210751170571,9.849989156010217e-05,near_inside,OUTLET_01,True,True,1126,1126,-2.149498085864361e-10,True,False
0.0001134071911413533,0.00013367519325887164,9.818470910734807e-05,boundary,OUTLET_01,True,True,148325,148325,0.0,True,False
0.00011340719114965866,0.00013367519358240023,9.818470907415529e-05,near_outside,OUTLET_01,False,False,-1,148325,3.2533287628504006e-13,True,True
0.00011340719944671631,0.00013367551678744992,9.818467591457205e-05,near_outside,OUTLET_01,False,False,-1,148325,3.2533287628504006e-10,True,True
0.00011340718283599028,0.00013367486973029337,9.818474230012409e-05,near_inside,OUTLET_01,True,True,148325,148325,-3.2533287628504006e-10,True,False
0.00011464590109729518,0.00013380494298568615,9.975943006187056e-05,boundary,OUTLET_01,True,True,223030,223030,0.0,True,False
0.00011464590110530838,0.00013380494329794874,9.975943002983778e-05,near_outside,OUTLET_01,False,False,-1,223030,3.1400356573050285e-13,True,True
0.00011464590911049188,0.00013380525524828241,9.975939802909125e-05,near_outside,OUTLET_01,False,False,-1,223030,3.1400356573050286e-10,True,True
0.00011464589308409848,0.0001338046307230899,9.975946209464988e-05,near_inside,OUTLET_01,True,True,223030,223030,-3.1400356573050286e-10,True,False
0.00011439322649190824,0.00013366786879487336,9.835979775137578e-05,boundary,OUTLET_01,True,True,11505,11505,0.0,True,False
0.00011439322649848986,0.00013366786905192091,9.83597977250182e-05,near_outside,OUTLET_01,False,False,-1,11505,2.5847917048138767e-13,True,True
0.00011439323307353122,0.0001336681258424218,9.8359771393803e-05,near_outside,OUTLET_01,False,False,-1,11505,2.5847917048138773e-10,True,True
0.00011439321991028525,0.0001336676117473249,9.835982410894856e-05,near_inside,OUTLET_01,True,True,11505,11505,-2.5847917048138773e-10,True,False
0.00011284278055730586,0.00013384055637288839,9.965591986353199e-05,boundary,OUTLET_01,True,True,86545,86545,0.0,True,False
0.00011284278056414349,0.00013384055663913749,9.965591983622205e-05,near_outside,OUTLET_01,False,False,-1,86545,2.677333901830824e-13,True,True
0.00011284278739493932,0.0001338408226219863,9.965589255359137e-05,near_outside,OUTLET_01,False,False,-1,86545,2.677333901830824e-10,True,True
0.0001128427737196724,0.00013384029012379048,9.965594717347261e-05,near_inside,OUTLET_01,True,True,86545,86545,-2.677333901830824e-10,True,False
0.00011368257401045412,0.00013377517946840575,9.922842097391064e-05,boundary,OUTLET_01,True,True,189074,189074,0.0,True,False
0.00011368257401932979,0.00013377517981424836,9.922842093845113e-05,near_outside,OUTLET_01,False,False,-1,189074,3.4776898178217673e-13,True,True
0.00011368258288612546,0.00013377552531101527,9.922838551440435e-05,near_outside,OUTLET_01,False,False,-1,189074,3.4776898178217674e-10,True,True
0.00011368256513478278,0.00013377483362579624,9.922845643341693e-05,near_inside,OUTLET_01,True,True,189074,189074,-3.4776898178217674e-10,True,False
0.00011387634973895426,0.0001338023964005212,9.954224272708719e-05,boundary,OUTLET_01,True,True,220001,220001,0.0,True,False
0.00011387634974557635,0.00013380239665924834,9.954224270054681e-05,near_outside,OUTLET_01,False,False,-1,220001,2.6016915039958534e-13,True,True
0.00011387635636103776,0.000133802655127681,9.954221618671025e-05,near_outside,OUTLET_01,False,False,-1,220001,2.601691503995854e-10,True,True
0.00011387634311687076,0.00013380213767336138,9.954226926746412e-05,near_inside,OUTLET_01,True,True,220001,220001,-2.601691503995854e-10,True,False
0.00011301138389778013,0.00013382829880962768,9.957855218090117e-05,boundary,OUTLET_01,True,True,80491,80491,0.0,True,False
0.00011301138390459524,0.00013382829907587814,9.957855215359891e-05,near_outside,OUTLET_01,False,False,-1,80491,2.677333901830824e-13,True,True
0.0001130113907128902,0.00013382856506009068,9.957852487864031e-05,near_outside,OUTLET_01,False,False,-1,80491,2.677333901830824e-10,True,True
0.00011301137708267007,0.00013382803255916468,9.957857948316203e-05,near_inside,OUTLET_01,True,True,80491,80491,-2.677333901830824e-10,True,False
0.00011360311327734962,0.00013388238827853152,0.00010025388716409604,boundary,OUTLET_01,True,True,12574,12574,0.0,True,False
0.00011360311328598886,0.00013388238861525013,0.00010025388712955836,near_outside,OUTLET_01,False,False,-1,12574,3.385955014783393e-13,True,True
0.00011360312191659074,0.00013388272499714683,0.00010025385262641754,near_outside,OUTLET_01,False,False,-1,12574,3.385955014783393e-10,True,True
0.0001136031046381085,0.0001338820515599162,0.00010025392170177455,near_inside,OUTLET_01,True,True,12574,12574,-3.385955014783393e-10,True,False
7.940638897707686e-05,4.332546935377953e-05,0.00010959061425334464,boundary,OUTLET_02,True,True,210734,210734,0.0,True,False
7.940638875331953e-05,4.332546925003567e-05,0.0001095906142431863,near_outside,OUTLET_02,False,False,-1,210734,2.468467637331295e-13,True,True
7.940616521974345e-05,4.3325365609918774e-05,0.00010959060409500492,near_outside,OUTLET_02,False,False,-1,210734,2.468467637331295e-10,True,True
7.940661273441027e-05,4.332557309764029e-05,0.00010959062441168436,near_inside,OUTLET_02,True,True,210734,210734,-2.468467637331295e-10,True,False
7.931992634742831e-05,4.338718887690144e-05,0.00011086322774644941,boundary,OUTLET_02,True,True,195788,195788,0.0,True,False
7.93199260794967e-05,4.3387188752677133e-05,0.00011086322773426467,near_outside,OUTLET_02,False,False,-1,195788,2.955799193051299e-13,True,True
7.931965841582873e-05,4.3387064652593734e-05,0.00011086321556170432,near_outside,OUTLET_02,False,False,-1,195788,2.9557991930512996e-10,True,True
7.932019427902789e-05,4.338731310120915e-05,0.0001108632399311945,near_inside,OUTLET_02,True,True,195788,195788,-2.9557991930512996e-10,True,False
7.970320439198986e-05,4.2562666446125753e-05,0.00011084139744828765,boundary,OUTLET_02,True,True,367176,367176,0.0,True,False
7.970320417082369e-05,4.256266634358821e-05,0.00011084139743823391,near_outside,OUTLET_02,False,False,-1,367176,2.4398667972909804e-13,True,True
7.97029832258208e-05,4.2562563908582464e-05,0.00011084138739454361,near_outside,OUTLET_02,False,False,-1,367176,2.4398667972909804e-10,True,True
7.970342555815891e-05,4.256276898366904e-05,0.00011084140750203169,near_inside,OUTLET_02,True,True,367176,367176,-2.4398667972909804e-10,True,False
7.908492746840541e-05,4.397917291498743e-05,0.00010999504108137141,boundary,OUTLET_02,True,True,24006,24006,0.0,True,False
7.908492720945551e-05,4.397917279493028e-05,0.00010999504106959687,near_outside,OUTLET_02,False,False,-1,24006,2.8567010140972846e-13,True,True
7.908466851850931e-05,4.3979052857841104e-05,0.0001099950293068325,near_outside,OUTLET_02,False,False,-1,24006,2.8567010140972844e-10,True,True
7.908518641830151e-05,4.3979292972133756e-05,0.00010999505285591033,near_inside,OUTLET_02,True,True,24006,24006,-2.8567010140972844e-10,True,False
7.920040661701933e-05,4.359259037300944e-05,0.00011139755952171981,boundary,OUTLET_02,True,True,3179,3179,0.0,True,False
7.920040634079611e-05,4.359259024494647e-05,0.0001113975595091625,near_outside,OUTLET_02,False,False,-1,3179,3.0472459174693647e-13,True,True
7.920013039380281e-05,4.3592462310034844e-05,0.00011139754696441062,near_outside,OUTLET_02,False,False,-1,3179,3.047245917469365e-10,True,True
7.920068284023584e-05,4.359271843598404e-05,0.00011139757207902901,near_inside,OUTLET_02,True,True,3179,3179,-3.047245917469365e-10,True,False
7.959936920087785e-05,4.279927452444099e-05,0.00011071232923616965,boundary,OUTLET_02,True,True,367174,367174,0.0,True,False
7.959936894979402e-05,4.279927440802458e-05,0.00011071232922476112,near_outside,OUTLET_02,False,False,-1,367174,2.7699462121150175e-13,True,True
7.959911811705696e-05,4.279915810803108e-05,0.00011071231782763919,near_outside,OUTLET_02,False,False,-1,367174,2.769946212115018e-10,True,True
7.959962028469873e-05,4.27993909408509e-05,0.00011071234064470012,near_inside,OUTLET_02,True,True,367174,367174,-2.769946212115018e-10,True,False
7.91412967373617e-05,4.3802169481447585e-05,0.00011056032478033255,boundary,OUTLET_02,True,True,310682,310682,0.0,True,False
7.914129643446859e-05,4.380216934101759e-05,0.00011056032476656173,near_outside,OUTLET_02,False,False,-1,310682,3.341473611152347e-13,True,True
7.914099384424454e-05,4.380202905145416e-05,0.00011056031100951319,near_outside,OUTLET_02,False,False,-1,310682,3.3414736111523474e-10,True,True
7.914159963047886e-05,4.380230991144101e-05,0.00011056033855115191,near_inside,OUTLET_02,True,True,310682,310682,-3.3414736111523474e-10,True,False
7.924391684355214e-05,4.36491512421829e-05,0.00010986350146898378,boundary,OUTLET_02,True,True,189226,189226,0.0,True,False
7.924391656334199e-05,4.3649151112267476e-05,0.00010986350145624632,near_outside,OUTLET_02,False,False,-1,189226,3.0912456004308315e-13,True,True
7.92436366333945e-05,4.3649021326756165e-05,0.00010986348873151659,near_outside,OUTLET_02,False,False,-1,189226,3.0912456004308314e-10,True,True
7.924419705370979e-05,4.364928115760964e-05,0.00010986351420645098,near_inside,OUTLET_02,True,True,189226,189226,-3.0912456004308314e-10,True,False
7.903866692989443e-05,4.405011471438532e-05,0.00011028915711600955,boundary,OUTLET_02,True,True,68853,68853,0.0,True,False
7.903866667539373e-05,4.405011459639042e-05,0.00011028915710444467,near_outside,OUTLET_02,False,False,-1,68853,2.807617251091407e-13,True,True
7.903841242919927e-05,4.404999671948591e-05,0.00011028914555114209,near_outside,OUTLET_02,False,False,-1,68853,2.8076172510914075e-10,True,True
7.90389214305896e-05,4.405023270928474e-05,0.000110289168680877,near_inside,OUTLET_02,True,True,68853,68853,-2.8076172510914075e-10,True,False
7.959647094442819e-05,4.289531473962901e-05,0.00010979641956510022,boundary,OUTLET_02,True,True,72124,72124,0.0,True,False
7.959647067263357e-05,4.2895314613620477e-05,0.00010979641955274751,near_outside,OUTLET_02,False,False,-1,72124,2.9983838479317417e-13,True,True
7.959619914980449e-05,4.289518873109769e-05,0.00010979640721238564,near_outside,OUTLET_02,False,False,-1,72124,2.998383847931742e-10,True,True
7.959674273905189e-05,4.289544074816033e-05,0.0001097964319178148,near_inside,OUTLET_02,True,True,72124,72124,-2.998383847931742e-10,True,False
7.912327661567058e-05,4.38700978217336e-05,0.00011026390954308833,boundary,OUTLET_02,True,True,339414,339414,0.0,True,False
7.912327636117061e-05,4.387009770373715e-05,0.00011026390953152326,near_outside,OUTLET_02,False,False,-1,339414,2.807617251091407e-13,True,True
7.912302211570449e-05,4.386997982528207e-05,0.00011026389797801292,near_outside,OUTLET_02,False,False,-1,339414,2.8076172510914075e-10,True,True
7.912353111563667e-05,4.387021581818513e-05,0.00011026392110816374,near_inside,OUTLET_02,True,True,339414,339414,-2.8076172510914075e-10,True,False
7.972159801283851e-05,4.255040281956705e-05,0.00011056173146547128,boundary,OUTLET_02,True,True,341070,341070,0.0,True,False
7.972159772574984e-05,4.25504026864634e-05,0.00011056173145242795,near_outside,OUTLET_02,False,False,-1,341070,3.1671219923512034e-13,True,True
7.972131092416057e-05,4.255026971592507e-05,0.00011056171842213453,near_outside,OUTLET_02,False,False,-1,341070,3.1671219923512037e-10,True,True
7.972188510151646e-05,4.255053592320903e-05,0.00011056174450880804,near_inside,OUTLET_02,True,True,341070,341070,-3.1671219923512037e-10,True,False
7.93850243402024e-05,4.3341045966371894e-05,0.0001099018772947602,boundary,OUTLET_02,True,True,202605,202605,0.0,True,False
7.938502406813128e-05,4.3341045840226055e-05,0.00010990187728238908,near_outside,OUTLET_02,False,False,-1,202605,3.001474961609503e-13,True,True
7.938475226906755e-05,4.334091982053271e-05,0.00010990186492365316,near_outside,OUTLET_02,False,False,-1,202605,3.001474961609503e-10,True,True
7.938529641133726e-05,4.334117211221108e-05,0.00010990188966586724,near_inside,OUTLET_02,True,True,202605,202605,-3.001474961609503e-10,True,False
7.940767682157457e-05,4.33379209425766e-05,0.00010943522162657852,boundary,OUTLET_02,True,True,210738,210738,0.0,True,False
7.940767658362092e-05,4.3337920832251476e-05,0.00010943522161575737,near_outside,OUTLET_02,False,False,-1,210738,2.625084206237299e-13,True,True
7.94074388679243e-05,4.333781061744869e-05,0.00010943521080542478,near_outside,OUTLET_02,False,False,-1,210738,2.625084206237299e-10,True,True
7.940791477522484e-05,4.3338031267704515e-05,0.00010943523244773227,near_inside,OUTLET_02,True,True,210738,210738,-2.625084206237299e-10,True,False
7.961394779461746e-05,4.2805354799687244e-05,0.00011032954110608746,boundary,OUTLET_02,True,True,96297,96297,0.0,True,False
7.961394748012956e-05,4.280535465387985e-05,0.00011032954109179197,near_outside,OUTLET_02,False,False,-1,96297,3.469391740498743e-13,True,True
7.961363330672397e-05,4.280520899229906e-05,0.00011032952681060242,near_outside,OUTLET_02,False,False,-1,96297,3.469391740498743e-10,True,True
7.961426228251095e-05,4.280550060707543e-05,0.0001103295554015725,near_inside,OUTLET_02,True,True,96297,96297,-3.469391740498743e-10,True,False
7.98754360099944e-05,4.2263776170633115e-05,0.00011010090141401936,boundary,OUTLET_02,True,True,26371,26371,0.0,True,False
7.987543573541032e-05,4.226377604332321e-05,0.00011010090140153934,near_outside,OUTLET_02,False,False,-1,26371,3.029190973385082e-13,True,True
7.987516142591385e-05,4.22636488607307e-05,0.00011010088893399594,near_outside,OUTLET_02,False,False,-1,26371,3.029190973385082e-10,True,True
7.987571059407496e-05,4.226390348053553e-05,0.00011010091389404278,near_inside,OUTLET_02,True,True,26371,26371,-3.029190973385082e-10,True,False
7.90940539445728e-05,4.386542180630689e-05,0.00011095444642705843,boundary,OUTLET_02,True,True,82151,82151,0.0,True,False
7.909405364141733e-05,4.386542166575133e-05,0.00011095444641327797,near_outside,OUTLET_02,False,False,-1,82151,3.3443835839481894e-13,True,True
7.909375078908904e-05,4.3865281250740614e-05,0.00011095443264660062,near_outside,OUTLET_02,False,False,-1,82151,3.344383583948189e-10,True,True
7.909435710005657e-05,4.386556236187317e-05,0.00011095446020751624,near_inside,OUTLET_02,True,True,82151,82151,-3.344383583948189e-10,True,False
7.914901652839035e-05,4.383111809147522e-05,0.00011009521889112268,boundary,OUTLET_02,True,True,132033,132033,0.0,True,False
7.914901626944171e-05,4.383111797141511e-05,0.00011009521887935058,near_outside,OUTLET_02,False,False,-1,132033,2.8567010140972846e-13,True,True
7.914875757975709e-05,4.383099803136644e-05,0.00011009520711901785,near_outside,OUTLET_02,False,False,-1,132033,2.8567010140972844e-10,True,True
7.914927547702361e-05,4.3831238151584e-05,0.00011009523066322751,near_inside,OUTLET_02,True,True,132033,132033,-2.8567010140972844e-10,True,False
7.952885061968118e-05,4.30144306543904e-05,0.00011006913458307584,boundary,OUTLET_02,True,True,217832,217832,0.0,True,False
7.952885033125627e-05,4.301443052067026e-05,0.00011006913456996488,near_outside,OUTLET_02,False,False,-1,217832,3.1818532103730525e-13,True,True
7.95285621947779e-05,4.3014296934248326e-05,0.00011006912147211506,near_outside,OUTLET_02,False,False,-1,217832,3.1818532103730527e-10,True,True
7.952913904458446e-05,4.301456437453248e-05,0.00011006914769403661,near_inside,OUTLET_02,True,True,217832,217832,-3.1818532103730527e-10,True,False
7.952735662305106e-05,4.303446015304265e-05,0.00010989771059636648,boundary,OUTLET_02,True,True,217835,217835,0.0,True,False
7.9527356353178e-05,4.303446002792346e-05,0.00010989771058409988,near_outside,OUTLET_02,False,False,-1,217835,2.977192460398864e-13,True,True
7.952708674999167e-05,4.303433503385159e-05,0.00010989769832977349,near_outside,OUTLET_02,False,False,-1,217835,2.977192460398864e-10,True,True
7.952762649611046e-05,4.3034585272233715e-05,0.00010989772286295947,near_inside,OUTLET_02,True,True,217835,217835,-2.977192460398864e-10,True,False
7.939735223772004e-05,4.324303396667043e-05,0.00011063035587236907,boundary,OUTLET_02,True,True,356914,356914,0.0,True,False
7.939735200541047e-05,4.324303385896321e-05,0.00011063035586180536,near_outside,OUTLET_02,False,False,-1,356914,2.562814390805116e-13,True,True
7.93971199281442e-05,4.32429262594517e-05,0.00011063034530865677,near_outside,OUTLET_02,False,False,-1,356914,2.562814390805116e-10,True,True
7.939758454729589e-05,4.3243141673889165e-05,0.00011063036643608136,near_inside,OUTLET_02,True,True,356914,356914,-2.562814390805116e-10,True,False
7.983928905256714e-05,4.2324787500547245e-05,0.00011027379271884759,boundary,OUTLET_02,True,True,90799,90799,0.0,True,False
7.983928879841501e-05,4.2324787382709045e-05,0.00011027379270729288,near_outside,OUTLET_02,False,False,-1,90799,2.8037948229460584e-13,True,True
7.983903490044428e-05,4.2324669662347855e-05,0.00011027378116413864,near_outside,OUTLET_02,False,False,-1,90799,2.8037948229460587e-10,True,True
7.983954320469e-05,4.2324905338746635e-05,0.00011027380427355653,near_inside,OUTLET_02,True,True,90799,90799,-2.8037948229460587e-10,True,False
7.933403442924221e-05,4.3500807805685326e-05,0.00010939389903796837,boundary,OUTLET_02,True,True,2726,2726,0.0,True,False
7.933403419128904e-05,4.350080769535914e-05,0.00010939389902714761,near_outside,OUTLET_02,False,False,-1,2726,2.625084206237299e-13,True,True
7.933379647606515e-05,4.350069747949844e-05,0.00010939388821720531,near_outside,OUTLET_02,False,False,-1,2726,2.625084206237299e-10,True,True
7.933427238241927e-05,4.350091813187221e-05,0.00010939390985873142,near_inside,OUTLET_02,True,True,2726,2726,-2.625084206237299e-10,True,False
7.96182721387595e-05,4.2709484356843554e-05,0.00011121219965086009,boundary,OUTLET_02,True,True,24054,24054,0.0,True,False
7.961827186661038e-05,4.270948423066226e-05,0.00011121219963848403,near_outside,OUTLET_02,False,False,-1,24054,3.0023327818761496e-13,True,True
7.961799998965316e-05,4.270935817555215e-05,0.00011121218727479634,near_outside,OUTLET_02,False,False,-1,24054,3.0023327818761495e-10,True,True
7.961854428786583e-05,4.2709610538134955e-05,0.00011121221202692383,near_inside,OUTLET_02,True,True,24054,24054,-3.0023327818761495e-10,True,False
7.938712466663371e-05,4.328131763031706e-05,0.00011046490302154173,boundary,OUTLET_02,True,True,274396,274396,0.0,True,False
7.938712440825874e-05,4.3281317510524384e-05,0.0001104649030097967,near_outside,OUTLET_02,False,False,-1,274396,2.850365919787193e-13,True,True
7.938686629165786e-05,4.328119783764233e-05,0.00011046489127651278,near_outside,OUTLET_02,False,False,-1,274396,2.8503659197871936e-10,True,True
7.938738304160956e-05,4.32814374229918e-05,0.00011046491476657068,near_inside,OUTLET_02,True,True,274396,274396,-2.8503659197871936e-10,True,False
7.930676899074267e-05,4.338305128233818e-05,0.00011119488287173833,boundary,OUTLET_02,True,True,105488,105488,0.0,True,False
7.930676874344068e-05,4.338305116767745e-05,0.0001111948828605022,near_outside,OUTLET_02,False,False,-1,105488,2.728215677187786e-13,True,True
7.930652168875346e-05,4.338293662160709e-05,0.00011119487163560495,near_outside,OUTLET_02,False,False,-1,105488,2.728215677187786e-10,True,True
7.930701629273187e-05,4.338316594306927e-05,0.0001111948941078717,near_inside,OUTLET_02,True,True,105488,105488,-2.728215677187786e-10,True,False
7.928960743205e-05,4.352174437372014e-05,0.00011015787458745763,boundary,OUTLET_02,True,True,338786,338786,0.0,True,False
7.92896071371257e-05,4.352174423697914e-05,0.00011015787457405403,near_outside,OUTLET_02,False,False,-1,338786,3.2535842748943463e-13,True,True
7.928931250773983e-05,4.352160763272025e-05,0.00011015786118385528,near_outside,OUTLET_02,False,False,-1,338786,3.2535842748943466e-10,True,True
7.928990235636018e-05,4.352188111472003e-05,0.00011015788799105998,near_inside,OUTLET_02,True,True,338786,338786,-3.2535842748943466e-10,True,False
7.919852941995487e-05,4.366745755154019e-05,0.00011067524368021016,boundary,OUTLET_02,True,True,310680,310680,0.0,True,False
7.919852915584166e-05,4.3667457429087197e-05,0.00011067524366820461,near_outside,OUTLET_02,False,False,-1,310680,2.913668726251235e-13,True,True
7.919826530674817e-05,4.366733509854757e-05,0.00011067523167466527,near_outside,OUTLET_02,False,False,-1,310680,2.913668726251235e-10,True,True
7.919879353316157e-05,4.3667580004532806e-05,0.00011067525568575505,near_inside,OUTLET_02,True,True,310680,310680,-2.913668726251235e-10,True,False
7.958986922555293e-05,4.280334663538573e-05,0.0001108797902512985,boundary,OUTLET_02,True,True,328597,328597,0.0,True,False
7.95898690089901e-05,4.280334653497432e-05,0.00011087979024145012,near_outside,OUTLET_02,False,False,-1,328597,2.389119045787177e-13,True,True
7.958965266273218e-05,4.2803246223971215e-05,0.00011087978040291516,near_outside,OUTLET_02,False,False,-1,328597,2.389119045787177e-10,True,True
7.959008578837368e-05,4.2803447046800243e-05,0.00011087980009968184,near_inside,OUTLET_02,True,True,328597,328597,-2.389119045787177e-10,True,False
7.928753135881077e-05,4.3407285071831815e-05,0.0001113709295168519,boundary,OUTLET_02,True,True,148974,148974,0.0,True,False
7.928753108284884e-05,4.3407284943881844e-05,0.0001113709295043049,near_outside,OUTLET_02,False,False,-1,148974,3.0443982974267494e-13,True,True
7.928725539688061e-05,4.340715712185716e-05,0.00011137091696985926,near_outside,OUTLET_02,False,False,-1,148974,3.0443982974267497e-10,True,True
7.928780732074093e-05,4.340741302180647e-05,0.00011137094206384455,near_inside,OUTLET_02,True,True,148974,148974,-3.0443982974267497e-10,True,False
0.0001766020868672058,9.687057414945836e-05,8.12394258294565e-05,boundary,OUTLET_03,True,True,28075,28075,0.0,True,False
0.00017660208720800784,9.687057416969992e-05,8.123942578221633e-05,near_outside,OUTLET_03,False,False,-1,28075,3.4465545032519337e-13,True,True
0.00017660242766923823,9.687059439101084e-05,8.123937858928632e-05,near_outside,OUTLET_03,False,False,-1,28075,3.446554503251934e-10,True,True
0.00017660174606517337,9.687055390790588e-05,8.123947306962667e-05,near_inside,OUTLET_03,True,True,28075,28075,-3.446554503251934e-10,True,False
0.00017651343174899617,9.755992505233735e-05,8.089527060898642e-05,boundary,OUTLET_03,True,True,154991,154991,0.0,True,False
0.00017651343199572846,9.755992506699742e-05,8.089527057478265e-05,near_outside,OUTLET_03,False,False,-1,154991,2.495228332404232e-13,True,True
0.0001765136784812977,9.755993971240861e-05,8.089523640521462e-05,near_outside,OUTLET_03,False,False,-1,154991,2.495228332404232e-10,True,True
0.00017651318501669464,9.755991039226608e-05,8.089530481275822e-05,near_inside,OUTLET_03,True,True,154991,154991,-2.495228332404232e-10,True,False
0.000176610192283988,9.736025337285052e-05,8.150780437669407e-05,boundary,OUTLET_03,True,True,248299,248299,0.0,True,False
0.0001766101925204682,9.736025338691035e-05,8.150780434391591e-05,near_outside,OUTLET_03,False,False,-1,248299,2.391546808170816e-13,True,True
0.00017661042876416797,9.73602674326769e-05,8.150777159854403e-05,near_outside,OUTLET_03,False,False,-1,248299,2.391546808170816e-10,True,True
0.00017660995580380802,9.736023931302414e-05,8.150783715484411e-05,near_inside,OUTLET_03,True,True,248299,248299,-2.391546808170816e-10,True,False
0.0001765390479704365,9.60720232493865e-05,8.044245381218691e-05,boundary,OUTLET_03,True,True,116937,116937,0.0,True,False
0.00017653904824593253,9.607202326575588e-05,8.044245377399242e-05,near_outside,OUTLET_03,False,False,-1,116937,2.7861233932889653e-13,True,True
0.00017653932346646206,9.607203961876348e-05,8.04424156176973e-05,near_outside,OUTLET_03,False,False,-1,116937,2.7861233932889654e-10,True,True
0.00017653877247441097,9.607200688000953e-05,8.044249200667653e-05,near_inside,OUTLET_03,True,True,116937,116937,-2.7861233932889654e-10,True,False
0.00017657417144315937,9.81478903365011e-05,8.15854873508215e-05,boundary,OUTLET_03,True,True,133814,133814,0.0,True,False
0.00017657417170120656,9.81478903518332e-05,8.158548731505998e-05,near_outside,OUTLET_03,False,False,-1,133814,2.6096420759267487e-13,True,True
0.00017657442949036117,9.814790566859477e-05,8.158545158930318e-05,near_outside,OUTLET_03,False,False,-1,133814,2.6096420759267486e-10,True,True
0.00017657391339595757,9.814787500440744e-05,8.158552311233981e-05,near_inside,OUTLET_03,True,True,133814,133814,-2.6096420759267486e-10,True,False
0.0001764969783835113,9.796866894854854e-05,8.095175629326452e-05,boundary,OUTLET_03,True,True,117061,117061,0.0,True,False
0.00017649697864679872,9.796866896418473e-05,8.095175625677266e-05,near_outside,OUTLET_03,False,False,-1,117061,2.662637880858946e-13,True,True
0.00017649724167091864,9.79686845847313e-05,8.095171980140548e-05,near_outside,OUTLET_03,False,False,-1,117061,2.662637880858946e-10,True,True
0.00017649671509610397,9.796865331236578e-05,8.095179278512356e-05,near_inside,OUTLET_03,True,True,117061,117061,-2.662637880858946e-10,True,False
0.00017653251416049898,9.634668337336431e-05,8.051300877317165e-05,boundary,OUTLET_03,True,True,224231,224231,0.0,True,False
0.00017653251441447187,9.634668338844733e-05,8.051300873795901e-05,near_outside,OUTLET_03,False,False,-1,224231,2.568456005790226e-13,True,True
0.0001765327681334007,9.634669845638487e-05,8.051297356052868e-05,near_outside,OUTLET_03,False,False,-1,224231,2.5684560057902265e-10,True,True
0.00017653226018759727,9.634666829034376e-05,8.051304398581462e-05,near_inside,OUTLET_03,True,True,224231,224231,-2.5684560057902265e-10,True,False
0.00017665485211182386,9.690521255834028e-05,8.163496628791715e-05,boundary,OUTLET_03,True,True,246292,246292,0.0,True,False
0.00017665485244727788,9.690521257826258e-05,8.163496624142743e-05,near_outside,OUTLET_03,False,False,-1,246292,3.3924562675237374e-13,True,True
0.0001766551875658485,9.690523248064129e-05,8.163491979819201e-05,near_outside,OUTLET_03,False,False,-1,246292,3.392456267523738e-10,True,True
0.00017665451665779922,9.690519263603928e-05,8.16350127776423e-05,near_inside,OUTLET_03,True,True,246292,246292,-3.392456267523738e-10,True,False
0.00017654481052886695,9.69606820338716e-05,8.08648449795631e-05,boundary,OUTLET_03,True,True,35994,35994,0.0,True,False
0.00017654481093690858,9.696068205809942e-05,8.08648449230019e-05,near_outside,OUTLET_03,False,False,-1,35994,4.1265498129026095e-13,True,True
0.0001765452185705042,9.696070626167892e-05,8.086478841836434e-05,near_outside,OUTLET_03,False,False,-1,35994,4.12654981290261e-10,True,True
0.00017654440248722968,9.696065780606429e-05,8.086490154076186e-05,near_inside,OUTLET_03,True,True,35994,35994,-4.12654981290261e-10,True,False
0.00017647756127795824,9.729633408520992e-05,8.052353708383937e-05,boundary,OUTLET_03,True,True,140866,140866,0.0,True,False
0.0001764775615841064,9.7296334103392e-05,8.052353704138822e-05,near_outside,OUTLET_03,False,False,-1,140866,3.096116418862439e-13,True,True
0.00017647786742609257,9.729635226729602e-05,8.052349463268651e-05,near_outside,OUTLET_03,False,False,-1,140866,3.0961164188624393e-10,True,True
0.00017647725512982392,9.729631590312382e-05,8.052357953499224e-05,near_inside,OUTLET_03,True,True,140866,140866,-3.0961164188624393e-10,True,False
0.00017652149351003268,9.651823105135311e-05,8.050701095877837e-05,boundary,OUTLET_03,True,True,224234,224234,0.0,True,False
0.00017652149380788986,9.651823106904577e-05,8.050701091748089e-05,near_outside,OUTLET_03,False,False,-1,224234,3.0122650577519865e-13,True,True
0.00017652179136720602,9.651824874401452e-05,8.050696966129903e-05,near_outside,OUTLET_03,False,False,-1,224234,3.0122650577519867e-10,True,True
0.00017652119565285935,9.65182133586917e-05,8.05070522562577e-05,near_inside,OUTLET_03,True,True,224234,224234,-3.0122650577519867e-10,True,False
0.0001764995298193147,9.772875637281686e-05,8.086734063302477e-05,boundary,OUTLET_03,True,True,41728,41728,0.0,True,False
0.00017649953006604723,9.772875638747289e-05,8.086734059882089e-05,near_outside,OUTLET_03,False,False,-1,41728,2.495228332404232e-13,True,True
0.000176499776551841,9.772877102884091e-05,8.086730642914002e-05,near_outside,OUTLET_03,False,False,-1,41728,2.495228332404232e-10,True,True
0.00017649928308678838,9.772874171679281e-05,8.086737483690951e-05,near_inside,OUTLET_03,True,True,41728,41728,-2.495228332404232e-10,True,False
0.0001764563397349169,9.651679768770312e-05,8.003637534178172e-05,boundary,OUTLET_03,True,True,156485,156485,0.0,True,False
0.00017645634004102815,9.651679770589649e-05,8.003637529934561e-05,near_outside,OUTLET_03,False,False,-1,156485,3.0957378365303705e-13,True,True
0.00017645664584617956,9.65168158810772e-05,8.00363329056706e-05,near_outside,OUTLET_03,False,False,-1,156485,3.0957378365303703e-10,True,True
0.00017645603362365423,9.651677949432904e-05,8.003641777789284e-05,near_inside,OUTLET_03,True,True,156485,156485,-3.0957378365303703e-10,True,False
0.00017672789787563184,9.654671885073185e-05,8.200831022501613e-05,boundary,OUTLET_03,True,True,157011,157011,0.0,True,False
0.00017672789810426742,9.654671886432059e-05,8.20083101933215e-05,near_outside,OUTLET_03,False,False,-1,157011,2.312216116107204e-13,True,True
0.00017672812651121586,9.654673243947197e-05,8.200827853038671e-05,near_outside,OUTLET_03,False,False,-1,157011,2.3122161161072038e-10,True,True
0.00017672766924004782,9.654670526199173e-05,8.200834191964556e-05,near_inside,OUTLET_03,True,True,157011,157011,-2.3122161161072038e-10,True,False
0.00017657242036269358,9.633434092393145e-05,8.079560939222574e-05,boundary,OUTLET_03,True,True,85527,85527,0.0,True,False
0.0001765724206634422,9.63343409417878e-05,8.079560935054317e-05,near_outside,OUTLET_03,False,False,-1,85527,3.0414801932217224e-13,True,True
0.00017657272111131132,9.633435878028047e-05,8.07955677096469e-05,near_outside,OUTLET_03,False,False,-1,85527,3.041480193221723e-10,True,True
0.00017657211961407584,9.633432306758243e-05,8.079565107480459e-05,near_inside,OUTLET_03,True,True,85527,85527,-3.041480193221723e-10,True,False
0.0001767024223227054,9.716398684152712e-05,8.20890976077256e-05,boundary,OUTLET_03,True,True,154674,154674,0.0,True,False
0.00017670242266234912,9.716398686170113e-05,8.208909756065229e-05,near_outside,OUTLET_03,False,False,-1,154674,3.434832708033832e-13,True,True
0.0001767027619664444,9.716400701552918e-05,8.208905053440502e-05,near_outside,OUTLET_03,False,False,-1,154674,3.434832708033832e-10,True,True
0.00017670208267896636,9.716396666752506e-05,8.208914468104619e-05,near_inside,OUTLET_03,True,True,154674,154674,-3.434832708033832e-10,True,False
0.00017663180672874054,9.59314129431732e-05,8.10513156466186e-05,boundary,OUTLET_03,True,True,156761,156761,0.0,True,False
0.00017663180704452936,9.593141296192812e-05,8.105131560284043e-05,near_outside,OUTLET_03,False,False,-1,156761,3.1936008070703086e-13,True,True
0.00017663212251757055,9.593143169809708e-05,8.105127186844106e-05,near_outside,OUTLET_03,False,False,-1,156761,3.193600807070309e-10,True,True
0.00017663149093991053,9.593139418824932e-05,8.105135942479615e-05,near_inside,OUTLET_03,True,True,156761,156761,-3.193600807070309e-10,True,False
0.00017657748927983144,9.681819210527465e-05,8.103954314719886e-05,boundary,OUTLET_03,True,True,10570,10570,0.0,True,False
0.00017657748962140383,9.681819212556057e-05,8.103954309984528e-05,near_outside,OUTLET_03,False,False,-1,10570,3.454353579988988e-13,True,True
0.00017657783085223524,9.681821239120504e-05,8.103949579362925e-05,near_outside,OUTLET_03,False,False,-1,10570,3.454353579988988e-10,True,True
0.00017657714770742764,9.681817181934425e-05,8.103959050076846e-05,near_inside,OUTLET_03,True,True,10570,10570,-3.454353579988988e-10,True,False
0.0001765371901759257,9.662805920622002e-05,8.066732213289167e-05,boundary,OUTLET_03,True,True,300902,300902,0.0,True,False
0.00017653719049541905,9.662805922520784e-05,8.066732208861212e-05,near_outside,OUTLET_03,False,False,-1,300902,3.2310558272738804e-13,True,True
0.00017653750966927742,9.662807819404434e-05,8.066727785334431e-05,near_outside,OUTLET_03,False,False,-1,300902,3.231055827273881e-10,True,True
0.00017653687068257398,9.66280402183957e-05,8.066736641243902e-05,near_inside,OUTLET_03,True,True,300902,300902,-3.231055827273881e-10,True,False
0.00017658440629020333,9.75914469260412e-05,8.142089063767344e-05,boundary,OUTLET_03,True,True,273654,273654,0.0,True,False
0.0001765844065102464,9.759144693911248e-05,8.142089060717407e-05,near_outside,OUTLET_03,False,False,-1,273654,2.2253094669840646e-13,True,True
0.00017658462633327257,9.759145999731457e-05,8.142086013830074e-05,near_outside,OUTLET_03,False,False,-1,273654,2.2253094669840648e-10,True,True
0.0001765841862471341,9.759143385476783e-05,8.142092113704613e-05,near_inside,OUTLET_03,True,True,273654,273654,-2.2253094669840648e-10,True,False
0.00017638338613323867,9.75883740466088e-05,7.996930556449418e-05,boundary,OUTLET_03,True,True,147304,147304,0.0,True,False
0.0001763833863527579,9.758837405964832e-05,7.996930553408002e-05,near_outside,OUTLET_03,False,False,-1,147304,2.219994254182017e-13,True,True
0.00017638360565247496,9.758838708611899e-05,7.996927515033698e-05,near_outside,OUTLET_03,False,False,-1,147304,2.2199942541820172e-10,True,True
0.0001763831666140024,9.758836100709862e-05,7.996933597865137e-05,near_inside,OUTLET_03,True,True,147304,147304,-2.2199942541820172e-10,True,False
0.00017639552243053913,9.783370478544384e-05,8.016198262339458e-05,boundary,OUTLET_03,True,True,114872,114872,0.0,True,False
0.00017639552274846814,9.783370480433288e-05,8.016198257931877e-05,near_outside,OUTLET_03,False,False,-1,114872,3.2152499374762956e-13,True,True
0.000176395840359537,9.783372367448775e-05,8.01619385475744e-05,near_outside,OUTLET_03,False,False,-1,114872,3.215249937476296e-10,True,True
0.00017639520450154125,9.783368589639994e-05,8.016202669921476e-05,near_inside,OUTLET_03,True,True,114872,114872,-3.215249937476296e-10,True,False
0.00017647631466388702,9.828339049515004e-05,8.093757545187448e-05,boundary,OUTLET_03,True,True,157340,157340,0.0,True,False
0.00017647631491800176,9.828339051025508e-05,8.093757541664313e-05,near_outside,OUTLET_03,False,False,-1,157340,2.5698971033066476e-13,True,True
0.00017647656877862656,9.82834056001836e-05,8.093754022052017e-05,near_outside,OUTLET_03,False,False,-1,157340,2.5698971033066474e-10,True,True
0.0001764760605491475,9.828337539011649e-05,8.093761068322879e-05,near_inside,OUTLET_03,True,True,157340,157340,-2.5698971033066474e-10,True,False
0.00017644286951205382,9.671703446656466e-05,8.002503212386121e-05,boundary,OUTLET_03,True,True,156700,156700,0.0,True,False
0.00017644286981816591,9.671703448474857e-05,8.002503208142711e-05,near_outside,OUTLET_03,False,False,-1,156700,3.0957378365303705e-13,True,True
0.00017644317562415699,9.671705265047266e-05,8.002498968975564e-05,near_outside,OUTLET_03,False,False,-1,156700,3.0957378365303703e-10,True,True
0.00017644256339995065,9.671701628265665e-05,8.002507455796678e-05,near_inside,OUTLET_03,True,True,156700,156700,-3.0957378365303703e-10,True,False
0.0001765379032197719,9.772310295375064e-05,8.114178247827415e-05,boundary,OUTLET_03,True,True,173577,173577,0.0,True,False
0.00017653790347055368,9.772310296865055e-05,8.114178244352223e-05,near_outside,OUTLET_03,False,False,-1,173577,2.5361627349994664e-13,True,True
0.0001765381540015717,9.772311785365647e-05,8.114174772635523e-05,near_outside,OUTLET_03,False,False,-1,173577,2.5361627349994663e-10,True,True
0.00017653765243797208,9.772308805384481e-05,8.114181723019308e-05,near_inside,OUTLET_03,True,True,173577,173577,-2.5361627349994663e-10,True,False
0.00017653420218266547,9.71796738061433e-05,8.088213993081202e-05,boundary,OUTLET_03,True,True,249703,249703,0.0,True,False
0.0001765342025575187,9.717967382841086e-05,8.08821398788522e-05,near_outside,OUTLET_03,False,False,-1,249703,3.7909180515283416e-13,True,True
0.00017653457703587717,9.717969607369917e-05,8.088208797099717e-05,near_outside,OUTLET_03,False,False,-1,249703,3.790918051528342e-10,True,True
0.00017653382732945376,9.717965153858743e-05,8.088219189062686e-05,near_inside,OUTLET_03,True,True,249703,249703,-3.790918051528342e-10,True,False
0.00017657386585293958,9.750569006428123e-05,8.13080623629503e-05,boundary,OUTLET_03,True,True,12852,12852,0.0,True,False
0.0001765738660869796,9.7505690078192e-05,8.1308062330521e-05,near_outside,OUTLET_03,False,False,-1,12852,2.366852506171018e-13,True,True
0.000176574099892977,9.750570397504979e-05,8.130802993365403e-05,near_outside,OUTLET_03,False,False,-1,12852,2.366852506171018e-10,True,True
0.00017657363181290215,9.750567615351266e-05,8.130809479224656e-05,near_inside,OUTLET_03,True,True,12852,12852,-2.366852506171018e-10,True,False
0.0001765824417816475,9.781867265701294e-05,8.150407423575719e-05,boundary,OUTLET_03,True,True,183603,183603,0.0,True,False
0.00017658244203240831,9.78186726719027e-05,8.150407420099809e-05,near_outside,OUTLET_03,False,False,-1,183603,2.5359591710043375e-13,True,True
0.00017658269254246928,9.781868754676256e-05,8.150403947666075e-05,near_outside,OUTLET_03,False,False,-1,183603,2.5359591710043376e-10,True,True
0.00017658219102082573,9.781865776726332e-05,8.150410899485363e-05,near_inside,OUTLET_03,True,True,183603,183603,-2.5359591710043376e-10,True,False
0.00017654024122748524,9.793551726033911e-05,8.124968978033091e-05,boundary,OUTLET_03,True,True,94024,94024,0.0,True,False
0.00017654024147565345,9.793551727508038e-05,8.124968974593289e-05,near_outside,OUTLET_03,False,False,-1,94024,2.509740888454563e-13,True,True
0.0001765404893957034,9.793553200160723e-05,8.124965538231077e-05,near_outside,OUTLET_03,False,False,-1,94024,2.509740888454563e-10,True,True
0.00017653999305926709,9.7935502519071e-05,8.124972417835106e-05,near_inside,OUTLET_03,True,True,94024,94024,-2.509740888454563e-10,True,False
0.00017670502226489285,9.611973655410111e-05,8.166027691913769e-05,boundary,OUTLET_03,True,True,159337,159337,0.0,True,False
0.00017670502257648393,9.611973657261955e-05,8.166027687595465e-05,near_outside,OUTLET_03,False,False,-1,159337,3.1511380957201826e-13,True,True
0.0001767053338559791,9.611975507255086e-05,8.166023373609748e-05,near_outside,OUTLET_03,False,False,-1,159337,3.151138095720183e-10,True,True
0.00017670471067380658,9.611971803565136e-05,8.166032010217789e-05,near_inside,OUTLET_03,True,True,159337,159337,-3.151138095720183e-10,True,False
0.00012178911129012704,9.365263395011425e-05,9.06257628230378e-05,boundary,WALL,True,True,24412,24412,0.0,True,False
0.00012178911103951315,9.365263389816698e-05,9.062576263529897e-05,near_outside,WALL,False,False,-1,24412,3.174141015691478e-13,True,True
0.0001217888606762342,9.365258200284069e-05,9.062557508420495e-05,near_outside,WALL,False,False,-1,24412,3.1741410156914777e-10,True,True
0.00012178936190401988,9.365268589738781e-05,9.062595056187065e-05,near_inside,WALL,True,True,24412,24412,-3.1741410156914777e-10,True,False
8.709729202867796e-05,4.621422582810434e-05,0.00011183361251217623,boundary,WALL,True,True,93825,93825,0.0,True,False
8.709729207106666e-05,4.621422571099474e-05,0.00011183361276874629,near_outside,WALL,False,False,-1,93825,2.8520108257395513e-13,True,True
8.70973344173791e-05,4.621410871850016e-05,0.00011183386908223708,near_outside,WALL,False,False,-1,93825,2.8520108257395514e-10,True,True
8.70972496399768e-05,4.621434293770852e-05,0.00011183335594211538,near_inside,WALL,True,True,93825,93825,-2.8520108257395514e-10,True,False
0.00010209426060706998,4.42764891583162e-05,0.00013838295611397675,boundary,WALL,True,True,275752,275752,0.0,True,False
0.00010209426071601775,4.427648938896101e-05,0.00013838295604519857,near_outside,WALL,False,False,-1,275752,2.641913747895952e-13,True,True
0.00010209436955483853,4.42767198031245e-05,0.00013838288733579237,near_outside,WALL,False,False,-1,275752,2.641913747895952e-10,True,True
0.00010209415165930144,4.4276258513507903e-05,0.00013838302489216112,near_inside,WALL,True,True,275752,275752,-2.641913747895952e-10,True,False
9.592363979512204e-05,4.3150368583155796e-05,0.0001288832330222552,boundary,WALL,True,True,109771,109771,0.0,True,False
9.592363948868932e-05,4.3150368586127865e-05,0.00012888323311785598,near_outside,WALL,False,False,-1,109771,3.2101300729988246e-13,True,True
9.592333336240533e-05,4.315037155522642e-05,0.00012888332862302814,near_outside,WALL,False,False,-1,109771,3.210130072998825e-10,True,True
9.592394622783875e-05,4.3150365611085174e-05,0.00012888313742148228,near_inside,WALL,True,True,109771,109771,-3.210130072998825e-10,True,False
9.298707542863364e-05,5.09133484835426e-05,0.00010889444577818115,boundary,WALL,True,True,219965,219965,0.0,True,False
9.298707519680528e-05,5.091334854196331e-05,0.00010889444553594191,near_outside,WALL,False,False,-1,219965,3.4034867465900075e-13,True,True
9.298684360026523e-05,5.091340690424887e-05,0.00010889420353894193,near_outside,WALL,False,False,-1,219965,3.4034867465900075e-10,True,True
9.298730725700206e-05,5.091329006283633e-05,0.00010889468801742037,near_inside,WALL,True,True,219965,219965,-3.4034867465900075e-10,True,False
0.00017499647219665349,9.573736072828372e-05,8.123015140881762e-05,boundary,WALL,True,True,130742,130742,0.0,True,False
0.00017499647220339595,9.573736050734965e-05,8.123015139896992e-05,near_outside,WALL,False,False,-1,130742,2.2125618443413688e-13,True,True
0.0001749964789391206,9.573713979421884e-05,8.123014156111414e-05,near_outside,WALL,False,False,-1,130742,2.212561844341369e-10,True,True
0.00017499646545418636,9.57375816623486e-05,8.12301612565211e-05,near_inside,WALL,True,True,130742,130742,-2.212561844341369e-10,True,False
0.00016471529670525342,9.517705620964989e-05,8.231776640362416e-05,boundary,WALL,True,True,124362,124362,0.0,True,False
0.00016471529673510636,9.517705588986258e-05,8.231776630755302e-05,near_outside,WALL,False,False,-1,124362,3.352383983932843e-13,True,True
0.00016471532655818683,9.517673642234064e-05,8.231767033248924e-05,near_outside,WALL,False,False,-1,124362,3.352383983932843e-10,True,True
0.00016471526685232,9.517737599695914e-05,8.231786247475908e-05,near_inside,WALL,True,True,124362,124362,-3.352383983932843e-10,True,False
0.00010152366545905049,5.879983897708977e-05,0.00010518496613561486,boundary,WALL,True,True,155089,155089,0.0,True,False
0.00010152366533184148,5.879983923104014e-05,0.00010518496628215477,near_outside,WALL,False,False,-1,155089,3.1960424075443104e-13,True,True
0.00010152353825004048,5.880009292746118e-05,0.00010518511267553209,near_outside,WALL,False,False,-1,155089,3.196042407544311e-10,True,True
0.0001015237926680605,5.879958502671836e-05,0.00010518481959569763,near_inside,WALL,True,True,155089,155089,-3.196042407544311e-10,True,False
0.00016187225022198012,9.64190670250294e-05,8.429513157655795e-05,boundary,WALL,True,True,322742,322742,0.0,True,False
0.00016187225023915657,9.641906708777658e-05,8.429513188259445e-05,near_outside,WALL,False,False,-1,322742,3.128746949021883e-13,True,True
0.00016187226739842,9.641912977220087e-05,8.429543761305429e-05,near_outside,WALL,False,False,-1,322742,3.128746949021884e-10,True,True
0.00016187223304554025,9.641900427785795e-05,8.429482554006161e-05,near_inside,WALL,True,True,322742,322742,-3.128746949021884e-10,True,False
9.555816601884241e-05,5.1156565556690715e-05,0.00010976011011128624,boundary,WALL,True,True,276753,276753,0.0,True,False
9.555816625267724e-05,5.115656548381766e-05,0.00010976011029004268,near_outside,WALL,False,False,-1,276753,3.032211617671338e-13,True,True
9.555839985366642e-05,5.115649268363395e-05,0.00010976028886772842,near_outside,WALL,False,False,-1,276753,3.032211617671338e-10,True,True
9.55579321840184e-05,5.115663842974748e-05,0.00010975993135484405,near_inside,WALL,True,True,276753,276753,-3.032211617671338e-10,True,False
0.0001025758174364455,4.1651960297410064e-05,0.00014036796346772462,boundary,WALL,True,True,215609,215609,0.0,True,False
0.00010257581752758926,4.165196008022731e-05,0.00014036796349224946,near_outside,WALL,False,False,-1,215609,2.3680582832519103e-13,True,True
0.00010257590858020386,4.165174311465877e-05,0.0001403679879925729,near_outside,WALL,False,False,-1,215609,2.3680582832519104e-10,True,True
0.00010257572629268715,4.165217748016136e-05,0.00014036793894287635,near_inside,WALL,True,True,215609,215609,-2.3680582832519104e-10,True,False
0.0001152524710050784,0.00010529407639599715,9.578817359094198e-05,boundary,WALL,True,True,317201,317201,0.0,True,False
0.00011525247093822184,0.00010529407650172767,9.578817331050469e-05,near_outside,WALL,False,False,-1,317201,3.0707298449430387e-13,True,True
0.00011525240414851161,0.00010529418212651787,9.578789315365082e-05,near_outside,WALL,False,False,-1,317201,3.070729844943039e-10,True,True
0.0001152525378616452,0.00010529397066547643,9.578845402823314e-05,near_inside,WALL,True,True,317201,317201,-3.070729844943039e-10,True,False
9.216802815596263e-05,4.5173705681615196e-05,0.00011624405063533534,boundary,WALL,True,True,99172,99172,0.0,True,False
9.216802789582531e-05,4.517370556091861e-05,0.0001162440506558503,near_outside,WALL,False,False,-1,99172,2.8750643872261684e-13,True,True
9.216776801864618e-05,4.517358498503173e-05,0.00011624407115029668,near_outside,WALL,False,False,-1,99172,2.8750643872261686e-10,True,True
9.216828829327908e-05,4.517382637819866e-05,0.000116244030120374,near_inside,WALL,True,True,99172,99172,-2.8750643872261686e-10,True,False
9.885437369424228e-05,4.332258686190471e-05,0.00013635760600057742,boundary,WALL,True,True,124983,124983,0.0,True,False
9.885437346704939e-05,4.332258696860068e-05,0.00013635760607938382,near_outside,WALL,False,False,-1,124983,2.6308000921799687e-13,True,True
9.885414650134357e-05,4.3322693557875684e-05,0.00013635768480697183,near_outside,WALL,False,False,-1,124983,2.6308000921799687e-10,True,True
9.8854600887141e-05,4.332248016593374e-05,0.000136357527194183,near_inside,WALL,True,True,124983,124983,-2.6308000921799687e-10,True,False
0.00010189891812236358,5.1302061668441944e-05,0.00015231601719278842,boundary,WALL,True,True,215826,215826,0.0,True,False
0.00010189891788615895,5.130206164439216e-05,0.00015231601721979603,near_outside,WALL,False,False,-1,215826,2.38956968090325e-13,True,True
0.0001018986819177289,5.130203761865469e-05,0.00015231604420039632,near_outside,WALL,False,False,-1,215826,2.3895696809032505e-10,True,True
0.00010189915432699826,5.13020857182292e-05,0.00015231599018518052,near_inside,WALL,True,True,215826,215826,-2.3895696809032505e-10,True,False
0.00010289114046220978,4.304224300237062e-05,0.00013807567302137613,boundary,WALL,True,True,349749,349749,0.0,True,False
0.00010289114078157268,4.304224303634965e-05,0.0001380756728972203,near_outside,WALL,False,False,-1,349749,3.4432819809497157e-13,True,True
0.00010289145982510681,4.3042276981403205e-05,0.00013807554886553316,near_outside,WALL,False,False,-1,349749,3.443281980949716e-10,True,True
0.00010289082109931274,4.304220902333803e-05,0.0001380757971772191,near_inside,WALL,True,True,349749,349749,-3.443281980949716e-10,True,False
0.00010212027215554069,5.3887671432069815e-05,0.00015571992359279344,boundary,WALL,True,True,340536,340536,0.0,True,False
0.00010212027192516982,5.388767135769722e-05,0.0001557199236591088,near_outside,WALL,False,False,-1,340536,2.509975088598294e-13,True,True
0.0001021200417846645,5.388759705947614e-05,0.0001557199899081474,near_outside,WALL,False,False,-1,340536,2.5099750885982943e-10,True,True
0.00010212050252641687,5.388774580466349e-05,0.00015571985727743948,near_inside,WALL,True,True,340536,340536,-2.5099750885982943e-10,True,False
9.371903918993969e-05,4.635620643966831e-05,0.00011372130878347282,boundary,WALL,True,True,84545,84545,0.0,True,False
9.37190394073626e-05,4.6356206310196975e-05,0.00011372130863424,near_outside,WALL,False,False,-1,84545,2.9377880515520243e-13,True,True
9.37192566128536e-05,4.6356076968328685e-05,0.0001137211595506511,near_outside,WALL,False,False,-1,84545,2.9377880515520245e-10,True,True
9.371882176702579e-05,4.635633591100794e-05,0.00011372145801629455,near_inside,WALL,True,True,84545,84545,-2.9377880515520245e-10,True,False
0.00013002888105499247,7.816531190959115e-05,8.62125574106661e-05,boundary,WALL,True,True,96916,96916,0.0,True,False
0.00013002888099691382,7.816531187033465e-05,8.621255711848568e-05,near_outside,WALL,False,False,-1,96916,3.004722824419399e-13,True,True
0.00013002882297635562,7.816527265308084e-05,8.621226523025804e-05,near_outside,WALL,False,False,-1,96916,3.0047228244193986e-10,True,True
0.0001300289391336293,7.816535116610147e-05,8.621284959107415e-05,near_inside,WALL,True,True,96916,96916,-3.0047228244193986e-10,True,False
8.301594304308917e-05,4.3602862812501066e-05,0.00011085769801866263,boundary,WALL,True,True,364392,364392,0.0,True,False
8.301594317191846e-05,4.360286250209693e-05,0.00011085769808790794,near_outside,WALL,False,False,-1,364392,3.431364518814876e-13,True,True
8.301607187238144e-05,4.360255240836973e-05,0.0001108577672639752,near_outside,WALL,False,False,-1,364392,3.431364518814876e-10,True,True
8.301581421379689e-05,4.36031732166324e-05,0.00011085762877335006,near_inside,WALL,True,True,364392,364392,-3.431364518814876e-10,True,False
0.0001581047981744632,9.508152531149487e-05,8.428657990104209e-05,boundary,WALL,True,True,368267,368267,0.0,True,False
0.00015810479817416424,9.508152521519789e-05,8.428658021443417e-05,near_outside,WALL,False,False,-1,368267,3.2785331261441614e-13,True,True
0.00015810479787549647,9.508142901452095e-05,8.428689329312563e-05,near_outside,WALL,False,False,-1,368267,3.2785331261441617e-10,True,True
0.00015810479847342996,9.508162160846879e-05,8.428626650895855e-05,near_inside,WALL,True,True,368267,368267,-3.2785331261441617e-10,True,False
9.327915904577821e-05,4.8575394127207495e-05,0.00011132998042739928,boundary,WALL,True,True,365299,365299,0.0,True,False
9.327915933630505e-05,4.857539409130202e-05,0.00011132998045419543,near_outside,WALL,False,False,-1,365299,2.9396101514997813e-13,True,True
9.327944957261268e-05,4.857535822173334e-05,0.00011133000722355206,near_outside,WALL,False,False,-1,365299,2.9396101514997814e-10,True,True
9.327886851894375e-05,4.857543003268165e-05,0.0001113299536312465,near_inside,WALL,True,True,365299,365299,-2.9396101514997814e-10,True,False
0.0001272027390465761,8.699944737600163e-05,8.724865862556423e-05,boundary,WALL,True,True,270058,270058,0.0,True,False
0.00012720273917319938,8.699944756019803e-05,8.724865840474548e-05,near_outside,WALL,False,False,-1,270058,3.1420166682677485e-13,True,True
0.00012720286566985305,8.699963157240334e-05,8.724843780681782e-05,near_outside,WALL,False,False,-1,270058,3.142016668267749e-10,True,True
0.00012720261242329917,8.699926317959991e-05,8.724887944431064e-05,near_inside,WALL,True,True,270058,270058,-3.142016668267749e-10,True,False
0.0001017307658912614,4.71448183816392e-05,0.000147353857755661,boundary,WALL,True,True,111138,111138,0.0,True,False
0.00010173076554547816,4.7144818362381456e-05,0.0001473538578031275,near_outside,WALL,False,False,-1,111138,3.495568304536761e-13,True,True
0.00010173042010801972,4.714479912389901e-05,0.00014735390522214323,near_outside,WALL,False,False,-1,111138,3.495568304536762e-10,True,True
0.00010173111167450308,4.714483763937938e-05,0.0001473538102891788,near_inside,WALL,True,True,111138,111138,-3.495568304536762e-10,True,False
0.00016422996607919535,9.699665679363534e-05,8.164894097717479e-05,boundary,WALL,True,True,309981,309981,0.0,True,False
0.00016422996604799627,9.699665691795629e-05,8.164894075648164e-05,near_outside,WALL,False,False,-1,309981,2.5521470780191055e-13,True,True
0.00016422993488011907,9.699678111458148e-05,8.164872028402341e-05,near_outside,WALL,False,False,-1,309981,2.5521470780191055e-10,True,True
0.00016422999727827163,9.69965324726892e-05,8.164916167032616e-05,near_inside,WALL,True,True,309981,309981,-2.5521470780191055e-10,True,False
0.00011331720452290028,0.00011441714984054367,0.00010024609946412966,boundary,WALL,True,True,148610,148610,0.0,True,False
0.00011331720468237255,0.00011441714983267013,0.00010024609974459189,near_outside,WALL,False,False,-1,148610,3.2272659469860843e-13,True,True
0.00011331736399516184,0.00011441714196699877,0.0001002463799263553,near_outside,WALL,False,False,-1,148610,3.2272659469860843e-10,True,True
0.00011331704505063873,0.00011441715771408857,0.00010024581900190402,near_inside,WALL,True,True,148610,148610,-3.2272659469860843e-10,True,False
0.00014652495156042278,9.225509226477395e-05,8.511012614083786e-05,boundary,WALL,True,True,214627,214627,0.0,True,False
0.00014652495138034086,9.225509247116442e-05,8.511012599450356e-05,near_outside,WALL,False,False,-1,214627,3.1054830381895097e-13,True,True
0.00014652477147851652,9.22552986552476e-05,8.510997980653421e-05,near_outside,WALL,False,False,-1,214627,3.10548303818951e-10,True,True
0.00014652513164232903,9.22548858743003e-05,8.511027247514152e-05,near_inside,WALL,True,True,214627,214627,-3.10548303818951e-10,True,False
0.00010538313654251397,5.927208136805954e-05,0.0001023140818385097,boundary,WALL,True,True,341441,341441,0.0,True,False
0.00010538313664744991,5.927208114173351e-05,0.00010231408167395515,near_outside,WALL,False,False,-1,341441,2.988531797525757e-13,True,True
0.00010538324147846193,5.9271855042031416e-05,0.0001023139172839629,near_outside,WALL,False,False,-1,341441,2.988531797525757e-10,True,True
0.000105383031606566,5.927230769408766e-05,0.00010231424639305648,near_inside,WALL,True,True,341441,341441,-2.988531797525757e-10,True,False
0.00012022686860291287,7.146557375866298e-05,9.241513665377472e-05,boundary,WALL,True,True,199187,199187,0.0,True,False
0.0001202268684547948,7.146557400064646e-05,9.241513657907367e-05,near_outside,WALL,False,False,-1,199187,2.933857814972312e-13,True,True
0.00012022672048483352,7.146581574214244e-05,9.24150619527237e-05,near_outside,WALL,False,False,-1,199187,2.933857814972312e-10,True,True
0.00012022701672099223,7.146533177518353e-05,9.241521135482575e-05,near_inside,WALL,True,True,199187,199187,-2.933857814972312e-10,True,False
0.00011457859363872558,0.00010511336586205289,9.801513321387272e-05,boundary,WALL,True,True,265740,265740,0.0,True,False
0.00011457859352156417,0.0001051133656616636,9.80151334331315e-05,near_outside,WALL,False,False,-1,265740,3.193071870914579e-13,True,True
0.00011457847647731214,0.00010511316547276104,9.801535247265736e-05,near_outside,WALL,False,False,-1,265740,3.1930718709145797e-10,True,True
0.00011457871080013902,0.00010511356625134473,9.801491395508807e-05,near_inside,WALL,True,True,265740,265740,-3.1930718709145797e-10,True,False
-1.8858685507439077e-05,8.7499909568578e-05,0.00011982337673543952,bbox_outside,,False,False,-1,-1,0.0,True,True
0.00027455389499664307,8.7499909568578e-05,0.00011982337673543952,bbox_outside,,False,False,-1,-1,0.0,True,True
0.000127847604744602,-5.168883944861591e-05,0.00011982337673543952,bbox_outside,,False,False,-1,-1,0.0,True,True
0.000127847604744602,0.00022668865858577192,0.00011982337673543952,bbox_outside,,False,False,-1,-1,0.0,True,True
0.000127847604744602,8.7499909568578e-05,-2.924498403444886e-07,bbox_outside,,False,False,-1,-1,0.0,True,True
0.000127847604744602,8.7499909568578e-05,0.00023993920331122354,bbox_outside,,False,False,-1,-1,0.0,True,True
