step,density_time_star,N,global_n_star,global_rho_star,kernel_number_mean,kernel_number_std,kernel_number_min,kernel_number_max,kernel_mass_mean,EOS_model_mean_star
200,0.00019899999999999999,4059,7.927734375,7.927734375,10.81838678497198,2.6059934539221272,4.783515930175781,20.638965606689453,10.81838678497198,155784.7697035965
400,0.000399,4059,7.927734375,7.927734375,10.806109062701383,2.5985086443869547,4.783470630645752,20.5942325592041,10.806109062701383,155607.9705028999
600,0.0005989999999999999,4059,7.927734375,7.927734375,10.792523169112224,2.5904752125523434,4.783973217010498,20.54509925842285,10.792523169112224,155412.33363521603
800,0.000799,4059,7.927734375,7.927734375,10.77830183097781,2.582179997613176,4.78416633605957,20.497356414794922,10.77830183097781,155207.54636608047
1000,0.0009989999999999999,4059,7.927734375,7.927734375,10.763756071237779,2.5737033598038965,4.785663604736328,20.45082664489746,10.763756071237779,154998.08742582402
1200,0.001199,4059,7.927734375,7.927734375,10.748991343152143,2.5651119409207777,4.788104057312012,20.398691177368164,10.748991343152143,154785.47534139088
1400,0.0013989999999999999,4059,7.927734375,7.927734375,10.734212896394506,2.5565989636796638,4.7895612716674805,20.35488510131836,10.734212896394506,154572.6657080809
1600,0.001599,4059,7.927734375,7.927734375,10.719220260823116,2.548068583683315,4.792196750640869,20.31069564819336,10.719220260823116,154356.77175585288
1800,0.0017989999999999998,4059,7.927734375,7.927734375,10.704241221395728,2.539406578111208,4.795516014099121,20.26456642150879,10.704241221395728,154141.0735880985
2000,0.001999,4059,7.927734375,7.927734375,10.689234308669002,2.5307538035424444,4.798105716705322,20.221921920776367,10.689234308669002,153924.97404483365
2200,0.002199,4059,7.927734375,7.927734375,10.674304557334146,2.5222837937946516,4.799508571624756,20.176868438720703,10.674304557334146,153709.9856256117
2400,0.002399,4059,7.927734375,7.927734375,10.659469367542064,2.513825038199619,4.801734924316406,20.131338119506836,10.659469367542064,153496.35889260573
2600,0.0025989999999999997,4059,7.927734375,7.927734375,10.644703374586836,2.5053752911709912,4.803013324737549,20.08509063720703,10.644703374586836,153283.72859405045
2800,0.002799,4059,7.927734375,7.927734375,10.630025877274736,2.49692950314538,4.804867267608643,20.036211013793945,10.630025877274736,153072.3726327562
3000,0.002999,4059,7.927734375,7.927734375,10.615321370468083,2.488534697047886,4.806893825531006,19.99686050415039,10.615321370468083,152860.6277347404
3200,0.003199,4059,7.927734375,7.927734375,10.600757224361836,2.480212432549421,4.807991981506348,19.957077026367188,10.600757224361836,152650.90403081043
3400,0.0033989999999999997,4059,7.927734375,7.927734375,10.586374064565556,2.4720271260581805,4.80929708480835,19.923377990722656,10.586374064565556,152443.78652974401
3600,0.0035989999999999998,4059,7.927734375,7.927734375,10.571994092494403,2.463853291412454,4.8124823570251465,19.887731552124023,10.571994092494403,152236.7149319194
3800,0.003799,4059,7.927734375,7.927734375,10.557691336794127,2.455664892774134,4.814951419830322,19.847776412963867,10.557691336794127,152030.75524983543
4000,0.003999,4059,7.927734375,7.927734375,10.543520382455664,2.4475873050571653,4.8197102546691895,19.80683708190918,10.543520382455664,151826.69350736158
4200,0.004199,4059,7.927734375,7.927734375,10.529384699852251,2.439494248266193,4.82391357421875,19.761037826538086,10.529384699852251,151623.13967787242
4400,0.004399,4059,7.927734375,7.927734375,10.515426960447265,2.4315395167947287,4.828379154205322,19.717653274536133,10.515426960447265,151422.1482304406
4600,0.004599,4059,7.927734375,7.927734375,10.50157626164491,2.4235294739721542,4.832341194152832,19.674030303955078,10.50157626164491,151222.69816768673
4800,0.0047989999999999994,4059,7.927734375,7.927734375,10.48779300610753,2.4154797170585245,4.836707592010498,19.63178825378418,10.48779300610753,151024.21928794845
5000,0.004999,4059,7.927734375,7.927734375,10.47408457523674,2.407506031144295,4.841213226318359,19.585275650024414,10.47408457523674,150826.81788340904
5200,0.005199,4059,7.927734375,7.927734375,10.460458945805112,2.3995657370094707,4.844763278961182,19.543209075927734,10.460458945805112,150630.60881959362
5400,0.005399,4059,7.927734375,7.927734375,10.44691099912611,2.391613993623234,4.8494343757629395,19.49882698059082,10.44691099912611,150435.518387416
5600,0.005599,4059,7.927734375,7.927734375,10.433502102227127,2.383768375204348,4.855051517486572,19.45264434814453,10.433502102227127,150242.43027207063
5800,0.0057989999999999995,4059,7.927734375,7.927734375,10.420134567985338,2.375899356700888,4.859940528869629,19.405302047729492,10.420134567985338,150049.93777898885
6000,0.005999,4059,7.927734375,7.927734375,10.406914954527343,2.368091843953544,4.862265110015869,19.360891342163086,10.406914954527343,149859.57534519373
6200,0.006199,4059,7.927734375,7.927734375,10.393866125836576,2.3603878898644166,4.864984035491943,19.313600540161133,10.393866125836576,149671.6722120467
6400,0.006398999999999999,4059,7.927734375,7.927734375,10.380848223189762,2.3526068675994685,4.869959831237793,19.268177032470703,10.380848223189762,149484.21441393258
6600,0.006599,4059,7.927734375,7.927734375,10.368010654858281,2.345019429147402,4.873076438903809,19.22626304626465,10.368010654858281,149299.35342995924
6800,0.0067989999999999995,4059,7.927734375,7.927734375,10.355226159125133,2.3374427919276166,4.876781940460205,19.183319091796875,10.355226159125133,149115.2566914019
7000,0.006999,4059,7.927734375,7.927734375,10.34254087653469,2.3299109266745717,4.880102157592773,19.140459060668945,10.34254087653469,148932.58862209955
7200,0.007199,4059,7.927734375,7.927734375,10.330016472387209,2.3224738309939905,4.884022235870361,19.09813690185547,10.330016472387209,148752.2372023758
7400,0.007398999999999999,4059,7.927734375,7.927734375,10.317484827457493,2.3149555903185295,4.887489318847656,19.05876922607422,10.317484827457493,148571.7815153879
7600,0.007599,4059,7.927734375,7.927734375,10.305156621535913,2.307593807346757,4.891965389251709,19.02530860900879,10.305156621535913,148394.25535011714
7800,0.0077989999999999995,4059,7.927734375,7.927734375,10.292877186457787,2.3002626732839757,4.894824028015137,18.990482330322266,10.292877186457787,148217.43148499212
8000,0.007999,4059,7.927734375,7.927734375,10.280665431477278,2.292886976446357,4.898501396179199,18.952987670898438,10.280665431477278,148041.5822132728
8200,0.008199,4059,7.927734375,7.927734375,10.268572995039476,2.2855751194340344,4.903496265411377,18.912822723388672,10.268572995039476,147867.45112856847
8400,0.008399,4059,7.927734375,7.927734375,10.256623673421405,2.2783968810595896,4.908962726593018,18.875673294067383,10.256623673421405,147695.38089726822
8600,0.008598999999999999,4059,7.927734375,7.927734375,10.244734170020404,2.2712111967351474,4.913201808929443,18.841033935546875,10.244734170020404,147524.17204829384
8800,0.008799,4059,7.927734375,7.927734375,10.232984358526034,2.264026159083638,4.917436599731445,18.80670738220215,10.232984358526034,147354.9747627749
9000,0.008999,4059,7.927734375,7.927734375,10.221240627615874,2.256765571032973,4.923885822296143,18.765249252319336,10.221240627615874,147185.86503766858
9200,0.009198999999999999,4059,7.927734375,7.927734375,10.209561840657914,2.249603849467086,4.928717613220215,18.722749710083008,10.209561840657914,147017.69050547393
9400,0.009399,4059,7.927734375,7.927734375,10.197984517222704,2.2425419217460845,4.933653831481934,18.682579040527344,10.197984517222704,146850.97704800693
9600,0.009599,4059,7.927734375,7.927734375,10.186565149532337,2.2355718734365344,4.938116550445557,18.643592834472656,10.186565149532337,146686.53815326563
9800,0.009799,4059,7.927734375,7.927734375,10.175238735131309,2.2286764477827927,4.941583633422852,18.606523513793945,10.175238735131309,146523.43778589083
10000,0.009999,4059,7.927734375,7.927734375,10.164019014659731,2.2217842654781417,4.945095539093018,18.568349838256836,10.164019014659731,146361.87381110011
10200,0.010199,4059,7.927734375,7.927734375,10.152865835820903,2.2148643272593382,4.95015811920166,18.533916473388672,10.152865835820903,146201.268035821
10400,0.010399,4059,7.927734375,7.927734375,10.14183962453789,2.2080768755627282,4.956287860870361,18.499645233154297,10.14183962453789,146042.49059334563
10600,0.010598999999999999,4059,7.927734375,7.927734375,10.130900509400332,2.20131324962448,4.961227893829346,18.464847564697266,10.130900509400332,145884.96733536478
10800,0.010799,4059,7.927734375,7.927734375,10.120067563424648,2.194658378087442,4.963884353637695,18.42501449584961,10.120067563424648,145728.9729133149
11000,0.010999,4059,7.927734375,7.927734375,10.109260645897173,2.187972927024895,4.966897487640381,18.387224197387695,10.109260645897173,145573.3533009193
11200,0.011198999999999999,4059,7.927734375,7.927734375,10.098437107675444,2.1811750248711124,4.972455024719238,18.35246467590332,10.098437107675444,145417.4943505264
11400,0.011399,4059,7.927734375,7.927734375,10.087830408537556,2.174564120820173,4.976720809936523,18.314411163330078,10.087830408537556,145264.7578829408
11600,0.011599,4059,7.927734375,7.927734375,10.077255271343974,2.167941233461367,4.981679916381836,18.277986526489258,10.077255271343974,145112.47590735325
11800,0.011798999999999999,4059,7.927734375,7.927734375,10.066738375832688,2.1613628136229175,4.986243724822998,18.239994049072266,10.066738375832688,144961.03261199073
12000,0.011999,4059,7.927734375,7.927734375,10.056275516579555,2.1547353372244764,4.9915385246276855,18.199039459228516,10.056275516579555,144810.3674387456
12200,0.012199,4059,7.927734375,7.927734375,10.045948592569182,2.1481808414337435,4.997808933258057,18.161231994628906,10.045948592569182,144661.65973299622
12400,0.012399,4059,7.927734375,7.927734375,10.035778701760611,2.1416457007622385,5.0025200843811035,18.124589920043945,10.035778701760611,144515.2133053528
12600,0.012598999999999999,4059,7.927734375,7.927734375,10.025666453974035,2.1350657817577168,5.008713722229004,18.088802337646484,10.025666453974035,144369.59693722607
12800,0.012799,4059,7.927734375,7.927734375,10.015628876254958,2.12856842230738,5.014471054077148,18.053953170776367,10.015628876254958,144225.05581807139
13000,0.012999,4059,7.927734375,7.927734375,10.005718294873441,2.122199259740277,5.020676612854004,18.02146339416504,10.005718294873441,144082.34344617755
13200,0.013198999999999999,4059,7.927734375,7.927734375,9.995823669386603,2.115803114132517,5.025567054748535,17.985429763793945,9.995823669386603,143939.8608391671
13400,0.013399,4059,7.927734375,7.927734375,9.98600562965673,2.1094762847044373,5.0324249267578125,17.945329666137695,9.98600562965673,143798.48106705694
13600,0.013599,4059,7.927734375,7.927734375,9.976289735635708,2.103167821913539,5.037215709686279,17.91254997253418,9.976289735635708,143658.57219315422
13800,0.013798999999999999,4059,7.927734375,7.927734375,9.96670023306569,2.0969325686605025,5.042442321777344,17.878414154052734,9.96670023306569,143520.48335614597
14000,0.013999,4059,7.927734375,7.927734375,9.957101948891523,2.090699464035678,5.048972129821777,17.84294319152832,9.957101948891523,143382.26806403793
14200,0.014199,4059,7.927734375,7.927734375,9.947545171870654,2.084427289224261,5.0555739402771,17.802345275878906,9.947545171870654,143244.65047493743
14400,0.014398999999999999,4059,7.927734375,7.927734375,9.938076874398632,2.0782216261511723,5.063399791717529,17.763715744018555,9.938076874398632,143108.3069913403
14600,0.014598999999999999,4059,7.927734375,7.927734375,9.92871778614564,2.072106537670614,5.0721116065979,17.722444534301758,9.92871778614564,142973.5361204972
14800,0.014799,4059,7.927734375,7.927734375,9.919421648268454,2.0659858457311295,5.080260276794434,17.68160629272461,9.919421648268454,142839.67173506573
15000,0.014999,4059,7.927734375,7.927734375,9.910251722338165,2.0599269503090576,5.084899425506592,17.648033142089844,9.910251722338165,142707.6248016696
15200,0.015198999999999999,4059,7.927734375,7.927734375,9.901136149500179,2.0538400747546204,5.0901265144348145,17.61028289794922,9.901136149500179,142576.3605528026
15400,0.015399,4059,7.927734375,7.927734375,9.892059475249567,2.047755977274515,5.0961833000183105,17.58026123046875,9.892059475249567,142445.65644359376
15600,0.015599,4059,7.927734375,7.927734375,9.883053135595818,2.0417108838042015,5.103815078735352,17.550634384155273,9.883053135595818,142315.96515257977
15800,0.015799,4059,7.927734375,7.927734375,9.87414203943599,2.0356865486761917,5.1115803718566895,17.518329620361328,9.87414203943599,142187.64536787823
16000,0.015999,4059,7.927734375,7.927734375,9.86530838954857,2.029786595176235,5.118468761444092,17.484905242919922,9.86530838954857,142060.44080949939
16200,0.016198999999999998,4059,7.927734375,7.927734375,9.856610585034378,2.023953521506164,5.125888824462891,17.453367233276367,9.856610585034378,141935.19242449504
16400,0.016399,4059,7.927734375,7.927734375,9.847923270702715,2.0181040188286246,5.131483554840088,17.421371459960938,9.847923270702715,141810.09509811908
16600,0.016599,4059,7.927734375,7.927734375,9.839239084535587,2.012241158512673,5.136929512023926,17.39029884338379,9.839239084535587,141685.04281731244
16800,0.016798999999999998,4059,7.927734375,7.927734375,9.830650482426785,2.006400281912569,5.142634868621826,17.363725662231445,9.830650482426785,141561.3669469457
17000,0.016999,4059,7.927734375,7.927734375,9.822142433609155,2.0005858676166777,5.149368762969971,17.327899932861328,9.822142433609155,141438.85104397184
17200,0.017199,4059,7.927734375,7.927734375,9.813709613577313,1.994845857298286,5.155016899108887,17.2951717376709,9.813709613577313,141317.4184355133
17400,0.017398999999999998,4059,7.927734375,7.927734375,9.805307385838658,1.9891369641082284,5.163505554199219,17.261911392211914,9.805307385838658,141196.42635607667
17600,0.017599,4059,7.927734375,7.927734375,9.796973898305655,1.983471354091238,5.172610759735107,17.2286434173584,9.796973898305655,141076.42413560144
17800,0.017799,4059,7.927734375,7.927734375,9.788683979991152,1.9778200545719065,5.182034492492676,17.198497772216797,9.788683979991152,140957.0493118726
18000,0.017998999999999998,4059,7.927734375,7.927734375,9.780532126181171,1.9721521906303665,5.189957618713379,17.169139862060547,9.780532126181171,140839.66261700887
18200,0.018199,4059,7.927734375,7.927734375,9.772405597252574,1.9665412059419716,5.196629047393799,17.140684127807617,9.772405597252574,140722.64060043707
18400,0.018399,4059,7.927734375,7.927734375,9.76431571841093,1.9609764860594237,5.201879024505615,17.113555908203125,9.76431571841093,140606.1463451174
18600,0.018598999999999997,4059,7.927734375,7.927734375,9.756296297281533,1.9554419382921793,5.207790851593018,17.0915584564209,9.756296297281533,140490.66668085408
18800,0.018799,4059,7.927734375,7.927734375,9.748313427793772,1.949860919669604,5.213417053222656,17.06767463684082,9.748313427793772,140375.7133602303
19000,0.018999,4059,7.927734375,7.927734375,9.740446113841115,1.9444079610611709,5.220498561859131,17.04936408996582,9.740446113841115,140262.42403931206
19200,0.019199,4059,7.927734375,7.927734375,9.732628179142763,1.938941996228801,5.2284932136535645,17.020200729370117,9.732628179142763,140149.8457796558
19400,0.019399,4059,7.927734375,7.927734375,9.724812049353526,1.9334880558820347,5.234325885772705,16.996809005737305,9.724812049353526,140037.29351069077
19600,0.019599,4059,7.927734375,7.927734375,9.717050952258207,1.9280336250642012,5.240355491638184,16.971853256225586,9.717050952258207,139925.5337125182
19800,0.019799,4059,7.927734375,7.927734375,9.709399425269758,1.9227070919869391,5.2460784912109375,16.952037811279297,9.709399425269758,139815.35172388452
20000,0.019999,4059,7.927734375,7.927734375,9.701814655483458,1.9174435534637437,5.2517781257629395,16.934062957763672,9.701814655483458,139706.13103896182
20200,0.020198999999999998,4059,7.927734375,7.927734375,9.69430713355174,1.9120974706759502,5.258519649505615,16.91095733642578,9.69430713355174,139598.02272314508
20400,0.020399,4059,7.927734375,7.927734375,9.686812352887454,1.9067878591870346,5.2657575607299805,16.888267517089844,9.686812352887454,139490.09788157934
20600,0.020599,4059,7.927734375,7.927734375,9.679400196507753,1.901501215804367,5.271656036376953,16.87278938293457,9.679400196507753,139383.36282971164
20800,0.020798999999999998,4059,7.927734375,7.927734375,9.671990621791858,1.8961569678618668,5.278264999389648,16.84534454345703,9.671990621791858,139276.66495380274
21000,0.020999,4059,7.927734375,7.927734375,9.664615569545823,1.890903716822545,5.285503387451172,16.822214126586914,9.664615569545823,139170.46420145986
21200,0.021199,4059,7.927734375,7.927734375,9.657318700384875,1.8856659004294318,5.293761730194092,16.80487823486328,9.657318700384875,139065.38928554222
21400,0.021398999999999998,4059,7.927734375,7.927734375,9.650197084210253,1.8805405697422521,5.301199913024902,16.78567886352539,9.650197084210253,138962.83801262765
21600,0.021599,4059,7.927734375,7.927734375,9.64302448322985,1.8753689624742829,5.3027448654174805,16.765256881713867,9.64302448322985,138859.55255850984
21800,0.021799,4059,7.927734375,7.927734375,9.635867331350457,1.8701713967945799,5.304409980773926,16.74628448486328,9.635867331350457,138756.48957144658
22000,0.021998999999999998,4059,7.927734375,7.927734375,9.628748759109712,1.864985646341522,5.307315826416016,16.722332000732422,9.628748759109712,138653.98213117983
22200,0.022199,4059,7.927734375,7.927734375,9.621794615569565,1.8599275375710231,5.309927940368652,16.695276260375977,9.621794615569565,138553.84246420173
22400,0.022399,4059,7.927734375,7.927734375,9.61488028446657,1.854886375828261,5.313286304473877,16.667095184326172,9.61488028446657,138454.27609631862
22600,0.022598999999999998,4059,7.927734375,7.927734375,9.60800430180845,1.849810912142475,5.317539215087891,16.642166137695312,9.60800430180845,138355.26194604166
22800,0.022799,4059,7.927734375,7.927734375,9.601153976842669,1.8447559145491714,5.320578098297119,16.61564064025879,9.601153976842669,138256.61726653445
23000,0.022999,4059,7.927734375,7.927734375,9.594402971805742,1.8398287443243255,5.325011730194092,16.592844009399414,9.594402971805742,138159.4027940027
23200,0.023198999999999997,4059,7.927734375,7.927734375,9.587582495389357,1.8347939197953993,5.328932762145996,16.570770263671875,9.587582495389357,138061.18793360674
23400,0.023399,4059,7.927734375,7.927734375,9.580847854830415,1.8298053074272018,5.331411838531494,16.546117782592773,9.580847854830415,137964.20910955797
23600,0.023599,4059,7.927734375,7.927734375,9.574250190826024,1.8248982871462363,5.333520412445068,16.5233154296875,9.574250190826024,137869.20274789477
23800,0.023798999999999997,4059,7.927734375,7.927734375,9.567641480152876,1.820015379784771,5.335134983062744,16.502647399902344,9.567641480152876,137774.0373142014
24000,0.023999,4059,7.927734375,7.927734375,9.561054757088385,1.8151238739674975,5.337118625640869,16.482044219970703,9.561054757088385,137679.18850207276
24200,0.024199,4059,7.927734375,7.927734375,9.55451005995347,1.810244338374306,5.340682029724121,16.46150016784668,9.55451005995347,137584.94486332996
24400,0.024399,4059,7.927734375,7.927734375,9.548054599855945,1.8053580143988766,5.344313621520996,16.43963050842285,9.548054599855945,137491.9862379256
24600,0.024599,4059,7.927734375,7.927734375,9.541641296909255,1.8005026264309962,5.347603797912598,16.41741371154785,9.541641296909255,137399.63467549326
24800,0.024798999999999998,4059,7.927734375,7.927734375,9.535294862414968,1.7956739039187648,5.350120544433594,16.39373207092285,9.535294862414968,137308.24601877556
25000,0.024999,4059,7.927734375,7.927734375,9.529008590931316,1.7909178845254323,5.353403568267822,16.375768661499023,9.529008590931316,137217.72370941096
25200,0.025199,4059,7.927734375,7.927734375,9.52270519055002,1.7860778475461179,5.356249809265137,16.35129737854004,9.52270519055002,137126.9547439203
25400,0.025398999999999998,4059,7.927734375,7.927734375,9.516447925544131,1.7812897848298457,5.360444068908691,16.332839965820312,9.516447925544131,137036.8501278355
25600,0.025599,4059,7.927734375,7.927734375,9.510292236838444,1.7766001274638703,5.3639631271362305,16.316009521484375,9.510292236838444,136948.2082104736
25800,0.025799,4059,7.927734375,7.927734375,9.504164874773949,1.771921511709966,5.367671966552734,16.295495986938477,9.504164874773949,136859.97419674485
26000,0.025998999999999998,4059,7.927734375,7.927734375,9.49810148172409,1.7672995539866478,5.371488094329834,16.271135330200195,9.49810148172409,136772.66133682692
26200,0.026199,4059,7.927734375,7.927734375,9.492065904879986,1.7626853625470662,5.374022960662842,16.248291015625,9.492065904879986,136685.7490302718
26400,0.026399,4059,7.927734375,7.927734375,9.486023927445657,1.7580530702808677,5.378535270690918,16.23396110534668,9.486023927445657,136598.74455521748
26600,0.026598999999999998,4059,7.927734375,7.927734375,9.480068233571753,1.7534229958211751,5.3820929527282715,16.214012145996094,9.480068233571753,136512.98256343327
26800,0.026799,4059,7.927734375,7.927734375,9.474082427648641,1.7487427447485822,5.385610580444336,16.187734603881836,9.474082427648641,136426.78695814044
27000,0.026999,4059,7.927734375,7.927734375,9.46813848577247,1.7441077671768164,5.389030456542969,16.161073684692383,9.46813848577247,136341.19419512356
27200,0.027198999999999997,4059,7.927734375,7.927734375,9.462286284710569,1.7395506828462663,5.391756057739258,16.134366989135742,9.462286284710569,136256.92249983217
27400,0.027399,4059,7.927734375,7.927734375,9.456462968773195,1.734975134625328,5.393703460693359,16.110157012939453,9.456462968773195,136173.066750334
27600,0.027599,4059,7.927734375,7.927734375,9.450673322896119,1.7304491076411619,5.396597862243652,16.0874080657959,9.450673322896119,136089.69584970412
27800,0.027798999999999997,4059,7.927734375,7.927734375,9.444941262125118,1.7259145466288448,5.39950704574585,16.06284523010254,9.444941262125118,136007.1541746017
28000,0.027999,4059,7.927734375,7.927734375,9.439273729439467,1.7214985641699974,5.403381824493408,16.040037155151367,9.439273729439467,135925.54170392835
28200,0.028199,4059,7.927734375,7.927734375,9.433584054076164,1.7170384411131683,5.408364772796631,16.01361846923828,9.433584054076164,135843.61037869676
28400,0.028398999999999997,4059,7.927734375,7.927734375,9.427946811299162,1.712576229900762,5.412471294403076,15.989442825317383,9.427946811299162,135762.4340827079
28600,0.028599,4059,7.927734375,7.927734375,9.422380356225922,1.7081177361207893,5.417341709136963,15.969613075256348,9.422380356225922,135682.2771296533
28800,0.028798999999999998,4059,7.927734375,7.927734375,9.416823317599901,1.7036800302961368,5.420346736907959,15.948217391967773,9.416823317599901,135602.25577343858
29000,0.028998999999999997,4059,7.927734375,7.927734375,9.411353734714934,1.6993509306720964,5.424465656280518,15.926629066467285,9.411353734714934,135523.49377989504
29200,0.029199,4059,7.927734375,7.927734375,9.405935817764556,1.6950413587313355,5.427798748016357,15.905256271362305,9.405935817764556,135445.4757758096
29400,0.029398999999999998,4059,7.927734375,7.927734375,9.4004969165724,1.6906964464581542,5.430002212524414,15.88514232635498,9.4004969165724,135367.15559864257
29600,0.029599,4059,7.927734375,7.927734375,9.395096637192957,1.6862980012474849,5.432391166687012,15.862540245056152,9.395096637192957,135289.39157557857
29800,0.029799,4059,7.927734375,7.927734375,9.389769258802234,1.6819643006243576,5.4374589920043945,15.835733413696289,9.389769258802234,135212.6773267522
30000,0.029998999999999998,4059,7.927734375,7.927734375,9.384459953702827,1.6776811603655022,5.44260311126709,15.813626289367676,9.384459953702827,135136.2233333207
30200,0.030199,4059,7.927734375,7.927734375,9.379181509800338,1.6734121346729125,5.446699142456055,15.793087005615234,9.379181509800338,135060.21374112487
30400,0.030399,4059,7.927734375,7.927734375,9.37394922935014,1.669154762894306,5.449700355529785,15.770974159240723,9.37394922935014,134984.86890264202
30600,0.030598999999999998,4059,7.927734375,7.927734375,9.368761823987338,1.6649708091477546,5.453421592712402,15.752339363098145,9.368761823987338,134910.17026541766
30800,0.030799,4059,7.927734375,7.927734375,9.363599986799775,1.6607654008181005,5.456122398376465,15.732494354248047,9.363599986799775,134835.83980991677
31000,0.030999,4059,7.927734375,7.927734375,9.35849193353082,1.656621059995426,5.459875583648682,15.710967063903809,9.35849193353082,134762.2838428438
31200,0.031198999999999998,4059,7.927734375,7.927734375,9.3533421503731,1.6524665024051337,5.461862087249756,15.687713623046875,9.3533421503731,134688.12696537262
31400,0.031398999999999996,4059,7.927734375,7.927734375,9.348311192474215,1.6483913430868058,5.4646897315979,15.667529106140137,9.348311192474215,134615.6811716287
31600,0.031598999999999995,4059,7.927734375,7.927734375,9.343237389716998,1.6442764008571675,5.467800617218018,15.64809799194336,9.343237389716998,134542.61841192478
31800,0.031799,4059,7.927734375,7.927734375,9.338254868793323,1.6401770262252848,5.470359802246094,15.623973846435547,9.338254868793323,134470.87011062386
32000,0.031999,4059,7.927734375,7.927734375,9.333271990976007,1.6360537944275861,5.472039699554443,15.599563598632812,9.333271990976007,134399.1166700545
32200,0.032199,4059,7.927734375,7.927734375,9.328272127934822,1.6319255234286598,5.475063323974609,15.576677322387695,9.328272127934822,134327.11864226146
32400,0.032399,4059,7.927734375,7.927734375,9.323314088646136,1.627880398509417,5.477818012237549,15.556737899780273,9.323314088646136,134255.72287650435
32600,0.032598999999999996,4059,7.927734375,7.927734375,9.318459751630071,1.6239071019653553,5.480350017547607,15.534652709960938,9.318459751630071,134185.82042347302
32800,0.032799,4059,7.927734375,7.927734375,9.313646557355169,1.6198787725686645,5.483785152435303,15.508431434631348,9.313646557355169,134116.51042591443
33000,0.032999,4059,7.927734375,7.927734375,9.30888181838181,1.6158940609693087,5.488014221191406,15.49022388458252,9.30888181838181,134047.89818469808
33200,0.033199,4059,7.927734375,7.927734375,9.304152005175176,1.611984692194857,5.493534564971924,15.477317810058594,9.304152005175176,133979.78887452255
33400,0.033399,4059,7.927734375,7.927734375,9.299440185258353,1.6080762725726594,5.49627685546875,15.460826873779297,9.299440185258353,133911.93866772027
33600,0.033599,4059,7.927734375,7.927734375,9.294753938450782,1.6041953920615364,5.50107479095459,15.44289779663086,9.294753938450782,133844.45671369127
33800,0.033798999999999996,4059,7.927734375,7.927734375,9.290046384928408,1.600222104527165,5.504683971405029,15.425018310546875,9.290046384928408,133776.66794296907
34000,0.033999,4059,7.927734375,7.927734375,9.28540379168747,1.5963394789866932,5.507443428039551,15.40256118774414,9.28540379168747,133709.81460029958
34200,0.034199,4059,7.927734375,7.927734375,9.280786690849423,1.5924052333892176,5.510112762451172,15.375863075256348,9.280786690849423,133643.32834823168
34400,0.034399,4059,7.927734375,7.927734375,9.276222922585227,1.5884538143800238,5.513607978820801,15.360466003417969,9.276222922585227,133577.61008522726
34600,0.034599,4059,7.927734375,7.927734375,9.271685171491496,1.5845647380551235,5.516841411590576,15.333738327026367,9.271685171491496,133512.26646947756
34800,0.034799,4059,7.927734375,7.927734375,9.267194800084376,1.5807171771880921,5.521822929382324,15.316394805908203,9.267194800084376,133447.60512121502
35000,0.034998999999999995,4059,7.927734375,7.927734375,9.262722214855975,1.576949522360947,5.525172233581543,15.299262046813965,9.262722214855975,133383.19989392604
35200,0.035199,4059,7.927734375,7.927734375,9.258301222256822,1.5731562151617422,5.5285234451293945,15.273454666137695,9.258301222256822,133319.53760049824
35400,0.035399,4059,7.927734375,7.927734375,9.253880867085218,1.5693632665215045,5.531890869140625,15.255335807800293,9.253880867085218,133255.88448602715
35600,0.035599,4059,7.927734375,7.927734375,9.249513881140139,1.5655695135793468,5.536113739013672,15.232457160949707,9.249513881140139,133192.99988841798
35800,0.035799,4059,7.927734375,7.927734375,9.245084636285993,1.5616562964162946,5.539688587188721,15.207114219665527,9.245084636285993,133129.21876251829
36000,0.035998999999999996,4059,7.927734375,7.927734375,9.240700113917255,1.5579227389417842,5.543168544769287,15.190232276916504,9.240700113917255,133066.08164040846
36200,0.036198999999999995,4059,7.927734375,7.927734375,9.236402258317321,1.5542452938534197,5.546019554138184,15.175843238830566,9.236402258317321,133004.19251976942
36400,0.036399,4059,7.927734375,7.927734375,9.232107922783566,1.5505332391966355,5.548089981079102,15.154537200927734,9.232107922783566,132942.35408808335
36600,0.036599,4059,7.927734375,7.927734375,9.227878050840555,1.5468509659389407,5.5521063804626465,15.135065078735352,9.227878050840555,132881.443932104
36800,0.036799,4059,7.927734375,7.927734375,9.223614444695073,1.5430804303175025,5.555147647857666,15.113194465637207,9.223614444695073,132820.04800360906
37000,0.036999,4059,7.927734375,7.927734375,9.21940908410861,1.5394032185405182,5.558878421783447,15.09658432006836,9.21940908410861,132759.490811164
37200,0.037198999999999996,4059,7.927734375,7.927734375,9.2151672604578,1.5356778271831224,5.564033508300781,15.071102142333984,9.2151672604578,132698.4085505923
37400,0.037399,4059,7.927734375,7.927734375,9.21103330009763,1.532045210033673,5.566589832305908,15.049126625061035,9.21103330009763,132638.87952140588
37600,0.037599,4059,7.927734375,7.927734375,9.206923777318758,1.5283858249961684,5.569823741912842,15.032238006591797,9.206923777318758,132579.70239339012
37800,0.037799,4059,7.927734375,7.927734375,9.202798288777181,1.524737653308421,5.573545455932617,15.008792877197266,9.202798288777181,132520.2953583914
38000,0.037999,4059,7.927734375,7.927734375,9.198679805242477,1.5210980973577521,5.577043533325195,14.983896255493164,9.198679805242477,132460.98919549168
38200,0.038199,4059,7.927734375,7.927734375,9.194614059615528,1.5174912786955137,5.580033779144287,14.970146179199219,9.194614059615528,132402.4424584636
38400,0.038398999999999996,4059,7.927734375,7.927734375,9.190550261866608,1.5138461614092076,5.58136510848999,14.956474304199219,9.190550261866608,132343.92377087916
38600,0.038599,4059,7.927734375,7.927734375,9.186506831255356,1.5101932108788587,5.584073066711426,14.937206268310547,9.186506831255356,132285.69837007712
38800,0.038799,4059,7.927734375,7.927734375,9.182459483977226,1.5065273364138165,5.585972309112549,14.921320915222168,9.182459483977226,132227.41656927206
39000,0.038999,4059,7.927734375,7.927734375,9.178442266369782,1.502853959536361,5.588547229766846,14.900036811828613,9.178442266369782,132169.56863572486
39200,0.039199,4059,7.927734375,7.927734375,9.1744671632692,1.4992626610561606,5.592005252838135,14.882493019104004,9.1744671632692,132112.3271510765
39400,0.039398999999999997,4059,7.927734375,7.927734375,9.170555776961187,1.495745248763497,5.594082355499268,14.863722801208496,9.170555776961187,132056.00318824107
39600,0.039598999999999995,4059,7.927734375,7.927734375,9.166649613893805,1.4922519407216173,5.5972371101379395,14.845629692077637,9.166649613893805,131999.75444007077
39800,0.039799,4059,7.927734375,7.927734375,9.162777396134185,1.4887993057707967,5.6002888679504395,14.829011917114258,9.162777396134185,131943.99450433228
40000,0.039999,4059,7.927734375,7.927734375,9.158957212480544,1.4853655216775512,5.602397918701172,14.804479598999023,9.158957212480544,131888.98385971982
40200,0.040199,4059,7.927734375,7.927734375,9.155165289563774,1.4819429464036595,5.6053972244262695,14.785613059997559,9.155165289563774,131834.38016971832
40400,0.040399,4059,7.927734375,7.927734375,9.151338117115014,1.4784312102967614,5.60825777053833,14.763229370117188,9.151338117115014,131779.2688864562
40600,0.040598999999999996,4059,7.927734375,7.927734375,9.147565312443122,1.4750089612908632,5.611260890960693,14.745149612426758,9.147565312443122,131724.94049918096
40800,0.040798999999999995,4059,7.927734375,7.927734375,9.143779685797437,1.4715872022567371,5.613762378692627,14.729118347167969,9.143779685797437,131670.4274754831
41000,0.040999,4059,7.927734375,7.927734375,9.140070706936314,1.4682148791796124,5.617856025695801,14.711196899414062,9.140070706936314,131617.01817988293
41200,0.041199,4059,7.927734375,7.927734375,9.136370925311239,1.4648033319648543,5.620168685913086,14.690807342529297,9.136370925311239,131563.74132448185
41400,0.041399,4059,7.927734375,7.927734375,9.13269164921116,1.4614587404608297,5.624345779418945,14.669302940368652,9.13269164921116,131510.7597486407
41600,0.041599,4059,7.927734375,7.927734375,9.129056062743006,1.458110549886425,5.628655910491943,14.651107788085938,9.129056062743006,131458.4073034993
41800,0.041798999999999996,4059,7.927734375,7.927734375,9.125434308664115,1.4547705094869094,5.630403995513916,14.633638381958008,9.125434308664115,131406.25404476328
42000,0.041998999999999995,4059,7.927734375,7.927734375,9.121852014357893,1.4514380804978462,5.63224983215332,14.612792015075684,9.121852014357893,131354.66900675365
42200,0.042199,4059,7.927734375,7.927734375,9.118261399895253,1.4480546658009277,5.633677959442139,14.59233570098877,9.118261399895253,131302.96415849167
42400,0.042399,4059,7.927734375,7.927734375,9.1146959567722,1.4447157258033012,5.6378092765808105,14.572488784790039,9.1146959567722,131251.62177751967
42600,0.042599,4059,7.927734375,7.927734375,9.111097817704078,1.4413648871325209,5.641884803771973,14.556032180786133,9.111097817704078,131199.8085749387
42800,0.042799,4059,7.927734375,7.927734375,9.107542564611066,1.4380662316049886,5.645448207855225,14.5408935546875,9.107542564611066,131148.61293039937
43000,0.042998999999999996,4059,7.927734375,7.927734375,9.10400902787345,1.4347801664341735,5.649125099182129,14.520395278930664,9.10400902787345,131097.7300013777
43200,0.043199,4059,7.927734375,7.927734375,9.10051830016383,1.4315463984975247,5.652979373931885,14.505450248718262,9.10051830016383,131047.46352235916
43400,0.043399,4059,7.927734375,7.927734375,9.097071070716897,1.4283397342703574,5.655202388763428,14.488643646240234,9.097071070716897,130997.82341832333
43600,0.043599,4059,7.927734375,7.927734375,9.093676137583513,1.4252024431489756,5.658271312713623,14.47342300415039,9.093676137583513,130948.93638120258
43800,0.043799,4059,7.927734375,7.927734375,9.090184419429429,1.4218280673898696,5.659729480743408,14.455004692077637,9.090184419429429,130898.65563978377
44000,0.043998999999999996,4059,7.927734375,7.927734375,9.086739376102889,1.4184625590759758,5.664113998413086,14.438116073608398,9.086739376102889,130849.04701588159
44200,0.044198999999999995,4059,7.927734375,7.927734375,9.083387795208886,1.4152782832389232,5.668117046356201,14.42454719543457,9.083387795208886,130800.78425100796
44400,0.044399,4059,7.927734375,7.927734375,9.080005528510394,1.4120958538510864,5.671187400817871,14.409685134887695,9.080005528510394,130752.07961054968
44600,0.044599,4059,7.927734375,7.927734375,9.076644042584366,1.4089211799270482,5.676697731018066,14.393868446350098,9.076644042584366,130703.67421321488
44800,0.044799,4059,7.927734375,7.927734375,9.073304531697012,1.4056685352306706,5.681446552276611,14.376145362854004,9.073304531697012,130655.58525643697
45000,0.044999,4059,7.927734375,7.927734375,9.070014181205222,1.4025521451610634,5.684028148651123,14.356451034545898,9.070014181205222,130608.20420935519
45200,0.045198999999999996,4059,7.927734375,7.927734375,9.066760336186798,1.3994603425348606,5.686460018157959,14.338213920593262,9.066760336186798,130561.3488410899
45400,0.045398999999999995,4059,7.927734375,7.927734375,9.06348380939101,1.39624433046869,5.689403057098389,14.317456245422363,9.06348380939101,130514.16685523056
45600,0.045599,4059,7.927734375,7.927734375,9.060172310307802,1.3930502017951858,5.693553924560547,14.298380851745605,9.060172310307802,130466.48126843234
45800,0.045799,4059,7.927734375,7.927734375,9.05694092562352,1.3898371370332643,5.696631908416748,14.284599304199219,9.05694092562352,130419.94932897868
46000,0.045999,4059,7.927734375,7.927734375,9.05373716460099,1.3867573579496768,5.698184490203857,14.266327857971191,9.05373716460099,130373.81517025425
46200,0.046199,4059,7.927734375,7.927734375,9.050567660551406,1.383720655824505,5.70074462890625,14.247641563415527,9.050567660551406,130328.17431194027
46400,0.046398999999999996,4059,7.927734375,7.927734375,9.04739329461894,1.3806872479202545,5.704786777496338,14.226179122924805,9.04739329461894,130282.46344251273
46600,0.046598999999999995,4059,7.927734375,7.927734375,9.044260528058834,1.3776514855554287,5.709211826324463,14.206839561462402,9.044260528058834,130237.35160404722
46800,0.046799,4059,7.927734375,7.927734375,9.041174218642297,1.3746240716499059,5.713815689086914,14.190263748168945,9.041174218642297,130192.90874844909
47000,0.046999,4059,7.927734375,7.927734375,9.038054902085415,1.3715428023397087,5.716341495513916,14.175870895385742,9.038054902085415,130147.99059002996
47200,0.047199,4059,7.927734375,7.927734375,9.034971462150136,1.368535502882682,5.717462062835693,14.161232948303223,9.034971462150136,130103.58905496195
47400,0.047399,4059,7.927734375,7.927734375,9.031900267966366,1.3655714374531354,5.719664096832275,14.142139434814453,9.031900267966366,130059.36385871566
47600,0.047598999999999995,4059,7.927734375,7.927734375,9.028853352770602,1.3625973501933697,5.724222183227539,14.125834465026855,9.028853352770602,130015.48827989667
47800,0.047799,4059,7.927734375,7.927734375,9.025792458927317,1.3595706498214442,5.729127407073975,14.10721206665039,9.025792458927317,129971.41140855337
48000,0.047999,4059,7.927734375,7.927734375,9.022723232710058,1.3565607944203006,5.732341766357422,14.090482711791992,9.022723232710058,129927.21455102485
48200,0.048199,4059,7.927734375,7.927734375,9.019714568806094,1.353657657844093,5.734043121337891,14.076408386230469,9.019714568806094,129883.88979080775
48400,0.048399,4059,7.927734375,7.927734375,9.016733784897628,1.3507372235976212,5.735875606536865,14.058524131774902,9.016733784897628,129840.96650252586
48600,0.048598999999999996,4059,7.927734375,7.927734375,9.013767989699728,1.3478075025007956,5.740090370178223,14.042742729187012,9.013767989699728,129798.25905167607
48800,0.048798999999999995,4059,7.927734375,7.927734375,9.010771806030386,1.344878736187128,5.74248743057251,14.028326034545898,9.010771806030386,129755.11400683757
49000,0.048999,4059,7.927734375,7.927734375,9.007827988338166,1.3419806174595048,5.744686126708984,14.018900871276855,9.007827988338166,129712.72303206958
49200,0.049199,4059,7.927734375,7.927734375,9.004876097542631,1.3389794355722813,5.747851371765137,14.008718490600586,9.004876097542631,129670.21580461388
49400,0.049399,4059,7.927734375,7.927734375,9.001977972574322,1.3361192969386562,5.74979829788208,14.002321243286133,9.001977972574322,129628.48280507022
49600,0.049599,4059,7.927734375,7.927734375,8.999076459818387,1.333244016623336,5.75299596786499,13.990968704223633,8.999076459818387,129586.70102138477
49800,0.049798999999999996,4059,7.927734375,7.927734375,8.9962153711998,1.3303579672132293,5.758035182952881,13.98093318939209,8.9962153711998,129545.5013452771
50000,0.049998999999999995,4059,7.927734375,7.927734375,8.993384332367867,1.3274945787260852,5.761280059814453,13.969740867614746,8.993384332367867,129504.7343860973
50200,0.050199,4059,7.927734375,7.927734375,8.990559436617652,1.3245986373233496,5.764955043792725,13.959630966186523,8.990559436617652,129464.05588729419
50400,0.050399,4059,7.927734375,7.927734375,8.987755070592595,1.3217354992267945,5.769717216491699,13.943873405456543,8.987755070592595,129423.67301653336
50600,0.050599,4059,7.927734375,7.927734375,8.984954419409767,1.3189374456843164,5.774717807769775,13.933937072753906,8.984954419409767,129383.34363950066
50800,0.050799,4059,7.927734375,7.927734375,8.98214538627788,1.3160577319205995,5.778777599334717,13.92113971710205,8.98214538627788,129342.89356240148
51000,0.050998999999999996,4059,7.927734375,7.927734375,8.979380329655555,1.3132326331856563,5.782289981842041,13.910613059997559,8.979380329655555,129303.07674704
51200,0.051198999999999995,4059,7.927734375,7.927734375,8.976577317429811,1.3103318796492551,5.783960819244385,13.896625518798828,8.976577317429811,129262.71337098927
51400,0.051399,4059,7.927734375,7.927734375,8.973802669085314,1.3074386803750049,5.787250995635986,13.887340545654297,8.973802669085314,129222.75843482853
51600,0.051599,4059,7.927734375,7.927734375,8.971065613694249,1.304645095679896,5.790529251098633,13.875497817993164,8.971065613694249,129183.34483719718
51800,0.051799,4059,7.927734375,7.927734375,8.968364261294504,1.3018895927811829,5.794090270996094,13.862680435180664,8.968364261294504,129144.44536264085
52000,0.051999,4059,7.927734375,7.927734375,8.965617835389537,1.2991075013770301,5.797323226928711,13.85208511352539,8.965617835389537,129104.89682960934
52200,0.052198999999999995,4059,7.927734375,7.927734375,8.962914523599064,1.2964115968268424,5.801328659057617,13.840846061706543,8.962914523599064,129065.96913982654
52400,0.052398999999999994,4059,7.927734375,7.927734375,8.960227390791166,1.2936253973599154,5.8037214279174805,13.830073356628418,8.960227390791166,129027.2744273928
52600,0.052599,4059,7.927734375,7.927734375,8.95757758590969,1.2908434672400133,5.807928562164307,13.821550369262695,8.95757758590969,128989.11723709952
52800,0.052799,4059,7.927734375,7.927734375,8.95488214422312,1.2880424544707418,5.810499668121338,13.814045906066895,8.95488214422312,128950.30287681292
53000,0.052999,4059,7.927734375,7.927734375,8.952250104727021,1.2853313694363055,5.812618255615234,13.802742004394531,8.952250104727021,128912.40150806909
53200,0.053198999999999996,4059,7.927734375,7.927734375,8.949650776447935,1.282634067006717,5.81522798538208,13.790465354919434,8.949650776447935,128874.97118085028
53400,0.053398999999999995,4059,7.927734375,7.927734375,8.947063350536519,1.2799009345542829,5.818210601806641,13.779414176940918,8.947063350536519,128837.71224772587
53600,0.053599,4059,7.927734375,7.927734375,8.944460891508417,1.2771132194328636,5.8232293128967285,13.767532348632812,8.944460891508417,128800.23683772118
53800,0.053799,4059,7.927734375,7.927734375,8.941876033985958,1.2743693197423154,5.826295852661133,13.757225036621094,8.941876033985958,128763.0148893978
54000,0.053999,4059,7.927734375,7.927734375,8.939298360504578,1.2716602069970921,5.8293986320495605,13.747262001037598,8.939298360504578,128725.89639126594
54200,0.054199,4059,7.927734375,7.927734375,8.93670317961624,1.2689403543743167,5.833028316497803,13.736165046691895,8.93670317961624,128688.52578647385
54400,0.054398999999999996,4059,7.927734375,7.927734375,8.934130556450068,1.2662306215760892,5.836363315582275,13.723925590515137,8.934130556450068,128651.48001288099
54600,0.054598999999999995,4059,7.927734375,7.927734375,8.931588332915606,1.263523978547611,5.840468406677246,13.7136869430542,8.931588332915606,128614.87199398472
54800,0.054799,4059,7.927734375,7.927734375,8.929050324438357,1.2608399076371948,5.842696666717529,13.704784393310547,8.929050324438357,128578.32467191236
55000,0.054999,4059,7.927734375,7.927734375,8.926569079553943,1.2581950503200818,5.8455586433410645,13.697418212890625,8.926569079553943,128542.59474557677
55200,0.055199,4059,7.927734375,7.927734375,8.924076586763505,1.255553986287334,5.847749710083008,13.683614730834961,8.924076586763505,128506.70284939447
55400,0.055399,4059,7.927734375,7.927734375,8.921630285502244,1.2529870016876874,5.848405838012695,13.671984672546387,8.921630285502244,128471.4761112323
55600,0.055598999999999996,4059,7.927734375,7.927734375,8.919206603520843,1.2504387264149985,5.850826263427734,13.660565376281738,8.919206603520843,128436.57509070013
55800,0.055798999999999994,4059,7.927734375,7.927734375,8.91677722146165,1.2478664063254514,5.8545989990234375,13.649540901184082,8.91677722146165,128401.59198904778
56000,0.055999,4059,7.927734375,7.927734375,8.914336222385238,1.245293852228519,5.859102249145508,13.641474723815918,8.914336222385238,128366.44160234743
56200,0.056199,4059,7.927734375,7.927734375,8.91192719007719,1.2427281787989473,5.863286972045898,13.631378173828125,8.91192719007719,128331.75153711154
56400,0.056399,4059,7.927734375,7.927734375,8.90950052689437,1.240104017175442,5.866717338562012,13.62009334564209,8.90950052689437,128296.80758727892
56600,0.056599,4059,7.927734375,7.927734375,8.907095327609923,1.2375265192521114,5.869608402252197,13.607072830200195,8.907095327609923,128262.17271758289
56800,0.056798999999999995,4059,7.927734375,7.927734375,8.904719840249689,1.2350061474934768,5.872720718383789,13.595584869384766,8.904719840249689,128227.96569959552
57000,0.056998999999999994,4059,7.927734375,7.927734375,8.902348711502967,1.2324324838455623,5.876087188720703,13.58702564239502,8.902348711502967,128193.82144564271
57200,0.057199,4059,7.927734375,7.927734375,8.899978624068037,1.2298609013544142,5.879356861114502,13.57744312286377,8.899978624068037,128159.69218657973
57400,0.057399,4059,7.927734375,7.927734375,8.897576768047617,1.227220048740656,5.882430553436279,13.566105842590332,8.897576768047617,128125.10545988569
57600,0.057599,4059,7.927734375,7.927734375,8.895227574397556,1.224692495291335,5.885889530181885,13.555217742919922,8.895227574397556,128091.27707132479
57800,0.057798999999999996,4059,7.927734375,7.927734375,8.892918131392001,1.2221980137462614,5.888649940490723,13.541924476623535,8.892918131392001,128058.0210920448
58000,0.057998999999999995,4059,7.927734375,7.927734375,8.890604092705335,1.2197189034152354,5.892066478729248,13.53028678894043,8.890604092705335,128024.69893495682
58200,0.058199,4059,7.927734375,7.927734375,8.888351501165044,1.2172818744586063,5.894824981689453,13.524737358093262,8.888351501165044,127992.26161677662
58400,0.058399,4059,7.927734375,7.927734375,8.88606557977643,1.2148268304078291,5.897224426269531,13.518857955932617,8.88606557977643,127959.34434878059
58600,0.058599,4059,7.927734375,7.927734375,8.88380016943421,1.212345737330495,5.902084827423096,13.508796691894531,8.88380016943421,127926.72243985263
58800,0.058799,4059,7.927734375,7.927734375,8.881528359794006,1.2098554783088067,5.904294013977051,13.49896240234375,8.881528359794006,127894.00838103368
59000,0.058998999999999996,4059,7.927734375,7.927734375,8.879206944522261,1.207279225326617,5.90702486038208,13.487984657287598,8.879206944522261,127860.58000112056
59200,0.059198999999999995,4059,7.927734375,7.927734375,8.876967343182129,1.204823803950009,5.90977144241333,13.479293823242188,8.876967343182129,127828.32974182264
59400,0.059399,4059,7.927734375,7.927734375,8.874772374340395,1.2024316858526671,5.9130964279174805,13.472719192504883,8.874772374340395,127796.72219050168
59600,0.059599,4059,7.927734375,7.927734375,8.872575941271428,1.2000419916935854,5.917544841766357,13.46650505065918,8.872575941271428,127765.09355430857
59800,0.059799,4059,7.927734375,7.927734375,8.870372875596127,1.197610437594433,5.922664642333984,13.456539154052734,8.870372875596127,127733.36940858423
60000,0.059999,4059,7.927734375,7.927734375,8.868189305500257,1.1952515447466494,5.9265899658203125,13.44639778137207,8.868189305500257,127701.9259992037
60200,0.060198999999999996,4059,7.927734375,7.927734375,8.865988866129836,1.1928504076174797,5.927652359008789,13.435994148254395,8.865988866129836,127670.23967226963
60400,0.060398999999999994,4059,7.927734375,7.927734375,8.8638400592132,1.1904874397316427,5.930047035217285,13.427203178405762,8.8638400592132,127639.29685267007
60600,0.060599,4059,7.927734375,7.927734375,8.861687911969447,1.1880691585641103,5.93306303024292,13.417093276977539,8.861687911969447,127608.30593236006
60800,0.060799,4059,7.927734375,7.927734375,8.85955307371483,1.1856739850981055,5.9367876052856445,13.408937454223633,8.85955307371483,127577.56426149355
61000,0.060999,4059,7.927734375,7.927734375,8.857414905471032,1.1832995649401097,5.940682411193848,13.401613235473633,8.857414905471032,127546.77463878285
61200,0.061198999999999996,4059,7.927734375,7.927734375,8.855284838289954,1.1809303790187957,5.9457926750183105,13.393929481506348,8.855284838289954,127516.10167137535
61400,0.061398999999999995,4059,7.927734375,7.927734375,8.853138694800776,1.1785031428557606,5.950692653656006,13.386443138122559,8.853138694800776,127485.19720513117
61600,0.061598999999999994,4059,7.927734375,7.927734375,8.851020791959986,1.1760985093096852,5.954367160797119,13.377744674682617,8.851020791959986,127454.6994042238
61800,0.061799,4059,7.927734375,7.927734375,8.848944451134027,1.1737569847035112,5.958773612976074,13.370633125305176,8.848944451134027,127424.80009632999
62000,0.061999,4059,7.927734375,7.927734375,8.846868083875853,1.1714521185800144,5.961269378662109,13.361270904541016,8.846868083875853,127394.90040781228
62200,0.062199,4059,7.927734375,7.927734375,8.844788190442724,1.1690867550556965,5.9637451171875,13.349546432495117,8.844788190442724,127364.94994237523
62400,0.062398999999999996,4059,7.927734375,7.927734375,8.842717027628941,1.166758423571928,5.966943740844727,13.343277931213379,8.842717027628941,127335.12519785676
62600,0.062599,4059,7.927734375,7.927734375,8.84069337948228,1.164449785099389,5.97074556350708,13.336006164550781,8.84069337948228,127305.98466454483
62800,0.062799,4059,7.927734375,7.927734375,8.83866507057252,1.162052296519547,5.974601745605469,13.327999114990234,8.83866507057252,127276.77701624429
63000,0.062999,4059,7.927734375,7.927734375,8.83665173909558,1.1597239708701537,5.977785110473633,13.31782341003418,8.83665173909558,127247.78504297633
63200,0.06319899999999999,4059,7.927734375,7.927734375,8.834623801646547,1.1574138787830734,5.98173713684082,13.309293746948242,8.834623801646547,127218.58274371027
63400,0.063399,4059,7.927734375,7.927734375,8.832638936607848,1.15512225850171,5.985490322113037,13.300395011901855,8.832638936607848,127190.000687153
63600,0.063599,4059,7.927734375,7.927734375,8.83063103066609,1.1528550900922847,5.989090919494629,13.290257453918457,8.83063103066609,127161.0868415917
63800,0.063799,4059,7.927734375,7.927734375,8.828653942807374,1.1505519311187462,5.992041110992432,13.28013801574707,8.828653942807374,127132.61677642619
64000,0.063999,4059,7.927734375,7.927734375,8.826649080212112,1.1482205922078952,5.994641304016113,13.268855094909668,8.826649080212112,127103.74675505441
64200,0.06419899999999999,4059,7.927734375,7.927734375,8.824685757311144,1.1459541163209184,5.9990715980529785,13.259029388427734,8.824685757311144,127075.47490528047
64400,0.064399,4059,7.927734375,7.927734375,8.822745228847515,1.143692272684404,6.0027642250061035,13.249944686889648,8.822745228847515,127047.5312954042
64600,0.064599,4059,7.927734375,7.927734375,8.820783261508007,1.1414209620253186,6.006967067718506,13.240159034729004,8.820783261508007,127019.27896571529
64800,0.064799,4059,7.927734375,7.927734375,8.818861455275936,1.1392187269369094,6.00979471206665,13.232166290283203,8.818861455275936,126991.60495597348
65000,0.064999,4059,7.927734375,7.927734375,8.816945785546896,1.1370134784746777,6.011659145355225,13.22383975982666,8.816945785546896,126964.01931187531
65200,0.065199,4059,7.927734375,7.927734375,8.815013536357856,1.1347768124224438,6.013695240020752,13.213315963745117,8.815013536357856,126936.19492355314
65400,0.065399,4059,7.927734375,7.927734375,8.813077093257373,1.1325489921076717,6.016536712646484,13.201382637023926,8.813077093257373,126908.31014290618
65600,0.06559899999999999,4059,7.927734375,7.927734375,8.811164935488629,1.1303080047423841,6.018880844116211,13.19408893585205,8.811164935488629,126880.77507103626
65800,0.065799,4059,7.927734375,7.927734375,8.809241949792389,1.128048936640422,6.022447109222412,13.18588924407959,8.809241949792389,126853.0840770104
66000,0.065999,4059,7.927734375,7.927734375,8.807361909396898,1.1258364775544858,6.025911331176758,13.171744346618652,8.807361909396898,126826.01149531531
66200,0.066199,4059,7.927734375,7.927734375,8.805502772654298,1.1236389867714094,6.029276371002197,13.161628723144531,8.805502772654298,126799.2399262219
66400,0.066399,4059,7.927734375,7.927734375,8.80361566569424,1.121466998607827,6.032477855682373,13.153087615966797,8.80361566569424,126772.06558599704
66600,0.06659899999999999,4059,7.927734375,7.927734375,8.801724082644158,1.1192876286093152,6.033974647521973,13.145891189575195,8.801724082644158,126744.82679007588
66800,0.066799,4059,7.927734375,7.927734375,8.799870260303964,1.1171443014292881,6.036255359649658,13.138330459594727,8.799870260303964,126718.13174837708
67000,0.066999,4059,7.927734375,7.927734375,8.798040918189042,1.1150116177834974,6.040435791015625,13.130050659179688,8.798040918189042,126691.7892219222
67200,0.067199,4059,7.927734375,7.927734375,8.796238181684428,1.1129539969656044,6.043603420257568,13.123390197753906,8.796238181684428,126665.82981625576
67400,0.067399,4059,7.927734375,7.927734375,8.794420910281012,1.1107867551485266,6.046982288360596,13.11591625213623,8.794420910281012,126639.66110804657
67600,0.06759899999999999,4059,7.927734375,7.927734375,8.792585111422092,1.1086379380672349,6.049642562866211,13.105131149291992,8.792585111422092,126613.22560447811
67800,0.067799,4059,7.927734375,7.927734375,8.790787833933468,1.1065542608848447,6.052430629730225,13.098278045654297,8.790787833933468,126587.34480864192
68000,0.06799899999999999,4059,7.927734375,7.927734375,8.789030815410214,1.1044957455796998,6.055321216583252,13.089225769042969,8.789030815410214,126562.0437419071
68200,0.068199,4059,7.927734375,7.927734375,8.787231515445978,1.102352307995236,6.057408332824707,13.079959869384766,8.787231515445978,126536.13382242207
68400,0.068399,4059,7.927734375,7.927734375,8.785451079507448,1.1002499619097907,6.059453964233398,13.07286548614502,8.785451079507448,126510.49554490726
68600,0.068599,4059,7.927734375,7.927734375,8.783704145637808,1.0981999390323083,6.0630974769592285,13.061857223510742,8.783704145637808,126485.33969718442
68800,0.068799,4059,7.927734375,7.927734375,8.781941600902,1.0961213957842622,6.0657958984375,13.054661750793457,8.781941600902,126459.9590529888
69000,0.06899899999999999,4059,7.927734375,7.927734375,8.780211291603338,1.0941181692900976,6.067895412445068,13.04528522491455,8.780211291603338,126435.04259908808
69200,0.069199,4059,7.927734375,7.927734375,8.778444628141054,1.0919913411062636,6.070377349853516,13.037933349609375,8.778444628141054,126409.60264523119
69400,0.069399,4059,7.927734375,7.927734375,8.776697193469047,1.0898886998184185,6.071913242340088,13.031867027282715,8.776697193469047,126384.43958595429
69600,0.069599,4059,7.927734375,7.927734375,8.77499609000579,1.0879169243964864,6.072164058685303,13.025436401367188,8.77499609000579,126359.94369608336
69800,0.069799,4059,7.927734375,7.927734375,8.773282235642025,1.085877354655834,6.072912216186523,13.01602554321289,8.773282235642025,126335.26419324515
70000,0.06999899999999999,4059,7.927734375,7.927734375,8.771563223706998,1.08384828851486,6.074149131774902,13.007721900939941,8.771563223706998,126310.51042138076
70200,0.070199,4059,7.927734375,7.927734375,8.769851419778258,1.081824958013741,6.076416015625,13.000308990478516,8.769851419778258,126285.8604448069
70400,0.070399,4059,7.927734375,7.927734375,8.76814341515736,1.0797399596188006,6.0781779289245605,12.993179321289062,8.76814341515736,126261.26517826597
70600,0.070599,4059,7.927734375,7.927734375,8.766494950216725,1.0777580716416026,6.08107328414917,12.985907554626465,8.766494950216725,126237.52728312084
70800,0.070799,4059,7.927734375,7.927734375,8.764779202131603,1.0756714765416762,6.085312366485596,12.977309226989746,8.764779202131603,126212.82051069509
71000,0.07099899999999999,4059,7.927734375,7.927734375,8.763117205894002,1.073663803776856,6.088207244873047,12.966886520385742,8.763117205894002,126188.88776487364
71200,0.071199,4059,7.927734375,7.927734375,8.76145853835334,1.071657340986758,6.0911126136779785,12.957244873046875,8.76145853835334,126165.0029522881
71400,0.07139899999999999,4059,7.927734375,7.927734375,8.759776410870906,1.0696208647128658,6.092624187469482,12.951263427734375,8.759776410870906,126140.78031654104
71600,0.071599,4059,7.927734375,7.927734375,8.758148481999163,1.0676550622127843,6.093491554260254,12.94152545928955,8.758148481999163,126117.33814078794
71800,0.071799,4059,7.927734375,7.927734375,8.756537437204011,1.0657009588661814,6.095528602600098,12.933881759643555,8.756537437204011,126094.13909573777
72000,0.071999,4059,7.927734375,7.927734375,8.754908109304498,1.0637662696044154,6.098204612731934,12.925690650939941,8.754908109304498,126070.67677398479
72200,0.072199,4059,7.927734375,7.927734375,8.75328888649951,1.0617826264981323,6.099822998046875,12.916837692260742,8.75328888649951,126047.35996559296
72400,0.07239899999999999,4059,7.927734375,7.927734375,8.751654347224493,1.0597246107156775,6.102622032165527,12.91164493560791,8.751654347224493,126023.8226000327
72600,0.072599,4059,7.927734375,7.927734375,8.750058770561548,1.0577715686622933,6.103946685791016,12.906486511230469,8.750058770561548,126000.84629608628
72800,0.072799,4059,7.927734375,7.927734375,8.748474228584758,1.0558642333974286,6.106546878814697,12.902360916137695,8.748474228584758,125978.0288916205
73000,0.072999,4059,7.927734375,7.927734375,8.746875972400073,1.0539176394069059,6.109349250793457,12.898876190185547,8.746875972400073,125955.01400256105
73200,0.073199,4059,7.927734375,7.927734375,8.745306698492989,1.0520208285512804,6.112829685211182,12.893823623657227,8.745306698492989,125932.41645829905
73400,0.07339899999999999,4059,7.927734375,7.927734375,8.743704121639706,1.0500348106861417,6.115846157073975,12.88790512084961,8.743704121639706,125909.33935161176
73600,0.073599,4059,7.927734375,7.927734375,8.742128762919258,1.048090654316364,6.119354724884033,12.881750106811523,8.742128762919258,125886.65418603733
73800,0.073799,4059,7.927734375,7.927734375,8.740558055563788,1.0461598455997232,6.123172283172607,12.875116348266602,8.740558055563788,125864.03600011855
74000,0.073999,4059,7.927734375,7.927734375,8.738988327375038,1.0441995063416336,6.126391887664795,12.865002632141113,8.738988327375038,125841.43191420054
74200,0.074199,4059,7.927734375,7.927734375,8.737445232638528,1.0422881958744423,6.129431247711182,12.855958938598633,8.737445232638528,125819.2113499948
74400,0.07439899999999999,4059,7.927734375,7.927734375,8.735892814848627,1.0403634752207902,6.131297588348389,12.848176956176758,8.735892814848627,125796.85653382025
74600,0.074599,4059,7.927734375,7.927734375,8.73435614877923,1.0384720567261345,6.134729862213135,12.8427734375,8.73435614877923,125774.72854242093
74800,0.07479899999999999,4059,7.927734375,7.927734375,8.732834959065395,1.0365325953883773,6.137754917144775,12.833122253417969,8.732834959065395,125752.82341054168
75000,0.074999,4059,7.927734375,7.927734375,8.731323764605545,1.0346423950302979,6.140495300292969,12.825940132141113,8.731323764605545,125731.06221031984
75200,0.075199,4059,7.927734375,7.927734375,8.729798794145154,1.0327359777309661,6.143069267272949,12.818984031677246,8.729798794145154,125709.10263569021
75400,0.075399,4059,7.927734375,7.927734375,8.728287800687614,1.030825917767387,6.143914222717285,12.807723999023438,8.728287800687614,125687.34432990165
75600,0.075599,4059,7.927734375,7.927734375,8.726796195670929,1.0289552376914548,6.145762920379639,12.802410125732422,8.726796195670929,125665.86521766138
75800,0.07579899999999999,4059,7.927734375,7.927734375,8.7253215244234,1.027156934895179,6.146772384643555,12.799541473388672,8.7253215244234,125644.62995169697
76000,0.075999,4059,7.927734375,7.927734375,8.723832431524427,1.025287135719689,6.148523807525635,12.792496681213379,8.723832431524427,125623.18701395174
76200,0.076199,4059,7.927734375,7.927734375,8.722368121117787,1.02344750999871,6.150345802307129,12.785232543945312,8.722368121117787,125602.10094409612
76400,0.076399,4059,7.927734375,7.927734375,8.720902538440532,1.0215630967074747,6.151995658874512,12.779600143432617,8.720902538440532,125580.99655354366
76600,0.076599,4059,7.927734375,7.927734375,8.719436377308938,1.019710884046118,6.154245376586914,12.7723388671875,8.719436377308938,125559.8838332487
76800,0.07679899999999999,4059,7.927734375,7.927734375,8.717955968978517,1.017867973877688,6.1564531326293945,12.767904281616211,8.717955968978517,125538.56595329064
77000,0.076999,4059,7.927734375,7.927734375,8.716495282839718,1.016037223111016,6.15864896774292,12.76247501373291,8.716495282839718,125517.53207289195
77200,0.07719899999999999,4059,7.927734375,7.927734375,8.715064823877109,1.0142396438958312,6.160588264465332,12.755828857421875,8.715064823877109,125496.93346383037
77400,0.077399,4059,7.927734375,7.927734375,8.713584322387815,1.012348517654419,6.1635332107543945,12.7516508102417,8.713584322387815,125475.61424238454
77600,0.077599,4059,7.927734375,7.927734375,8.712137486142282,1.0104986969788097,6.1662750244140625,12.745723724365234,8.712137486142282,125454.77980044887
77800,0.077799,4059,7.927734375,7.927734375,8.71071814973826,1.0087023766152368,6.169684886932373,12.741572380065918,8.71071814973826,125434.34135623094
78000,0.077999,4059,7.927734375,7.927734375,8.709289673779157,1.006849426281362,6.172245979309082,12.735628128051758,8.709289673779157,125413.77130241986
78200,0.07819899999999999,4059,7.927734375,7.927734375,8.707847809374524,1.0049923688323346,6.176273345947266,12.726282119750977,8.707847809374524,125393.00845499313
78400,0.078399,4059,7.927734375,7.927734375,8.706423802456852,1.003175902375739,6.177394866943359,12.71982479095459,8.706423802456852,125372.50275537868
78600,0.078599,4059,7.927734375,7.927734375,8.70503514069705,1.0014132814885908,6.178292274475098,12.712255477905273,8.70503514069705,125352.50602603752
78800,0.078799,4059,7.927734375,7.927734375,8.703658128965367,0.9996364845325975,6.180120944976807,12.7054443359375,8.703658128965367,125332.6770571013
79000,0.078999,4059,7.927734375,7.927734375,8.702281209570224,0.9978264422537105,6.183274269104004,12.701101303100586,8.702281209570224,125312.84941781122
79200,0.07919899999999999,4059,7.927734375,7.927734375,8.70089487619487,0.9960711808251098,6.184902191162109,12.696684837341309,8.70089487619487,125292.88621720612
79400,0.079399,4059,7.927734375,7.927734375,8.699521492960184,0.9943513569369112,6.1874260902404785,12.691274642944336,8.699521492960184,125273.10949862664
79600,0.079599,4059,7.927734375,7.927734375,8.698168294422143,0.9926387832009144,6.190041542053223,12.682243347167969,8.698168294422143,125253.62343967886
79800,0.079799,4059,7.927734375,7.927734375,8.696845551669583,0.9909499883392926,6.192074775695801,12.675590515136719,8.696845551669583,125234.575944042
80000,0.079999,4059,7.927734375,7.927734375,8.695515434211567,0.9892467780107753,6.194402694702148,12.66970157623291,8.695515434211567,125215.42225264657
80200,0.08019899999999999,4059,7.927734375,7.927734375,8.69417345867453,0.9875461349769358,6.196639060974121,12.661117553710938,8.69417345867453,125196.09780491324
80400,0.080399,4059,7.927734375,7.927734375,8.692838879811056,0.985811360889956,6.197986125946045,12.653830528259277,8.692838879811056,125176.8798692792
80600,0.08059899999999999,4059,7.927734375,7.927734375,8.691507171486128,0.984096946947007,6.201450824737549,12.648759841918945,8.691507171486128,125157.70326940024
80800,0.080799,4059,7.927734375,7.927734375,8.690202844586388,0.9823980688988573,6.203938961029053,12.64412784576416,8.690202844586388,125138.92096204398
81000,0.080999,4059,7.927734375,7.927734375,8.688868045454456,0.9806501711238154,6.206210613250732,12.637628555297852,8.688868045454456,125119.69985454416
81200,0.081199,4059,7.927734375,7.927734375,8.687531518595476,0.978912046974815,6.205913543701172,12.631512641906738,8.687531518595476,125100.45386777485
81400,0.081399,4059,7.927734375,7.927734375,8.686212990665178,0.9771545753040024,6.207394599914551,12.627302169799805,8.686212990665178,125081.46706557856
81600,0.08159899999999999,4059,7.927734375,7.927734375,8.684919250278703,0.9754377355779145,6.209075927734375,12.623224258422852,8.684919250278703,125062.83720401333
81800,0.081799,4059,7.927734375,7.927734375,8.683620829393076,0.9737370708449514,6.2097649574279785,12.612564086914062,8.683620829393076,125044.1399432603
82000,0.081999,4059,7.927734375,7.927734375,8.682308017869804,0.9720790530083403,6.211282253265381,12.605133056640625,8.682308017869804,125025.2354573252
82200,0.082199,4059,7.927734375,7.927734375,8.681038485750479,0.9704061532579311,6.212782859802246,12.597623825073242,8.681038485750479,125006.9541948069
82400,0.082399,4059,7.927734375,7.927734375,8.679730949509933,0.968698655419985,6.214990615844727,12.589559555053711,8.679730949509933,124988.12567294305
82600,0.08259899999999999,4059,7.927734375,7.927734375,8.67844108455608,0.9669766592603172,6.218652725219727,12.58076286315918,8.67844108455608,124969.55161760758
82800,0.082799,4059,7.927734375,7.927734375,8.677148513883228,0.9652570858616116,6.223321437835693,12.572708129882812,8.677148513883228,124950.93859991847
83000,0.08299899999999999,4059,7.927734375,7.927734375,8.675866888614381,0.9635490443512694,6.22672700881958,12.567134857177734,8.675866888614381,124932.48319604709
83200,0.083199,4059,7.927734375,7.927734375,8.674615716664007,0.9619270569558668,6.228252410888672,12.564271926879883,8.674615716664007,124914.46631996172
83400,0.083399,4059,7.927734375,7.927734375,8.67336075221943,0.9603021704471121,6.229410171508789,12.557746887207031,8.67336075221943,124896.3948319598
83600,0.08359899999999999,4059,7.927734375,7.927734375,8.672110236492848,0.9586339248486758,6.231732368469238,12.55093765258789,8.672110236492848,124878.38740549701
83800,0.083799,4059,7.927734375,7.927734375,8.670868166270118,0.9569908965675689,6.233898639678955,12.546300888061523,8.670868166270118,124860.5015942897
84000,0.08399899999999999,4059,7.927734375,7.927734375,8.669625577388594,0.9554051256465992,6.2354936599731445,12.541004180908203,8.669625577388594,124842.60831439574
84200,0.084199,4059,7.927734375,7.927734375,8.668369222139601,0.9537863900526533,6.2375688552856445,12.534409523010254,8.668369222139601,124824.51679881026
84400,0.084399,4059,7.927734375,7.927734375,8.667108186861364,0.9521357630945667,6.240377902984619,12.527478218078613,8.667108186861364,124806.35789080364
84600,0.084599,4059,7.927734375,7.927734375,8.665884339947453,0.9505336212428147,6.243457317352295,12.521132469177246,8.665884339947453,124788.73449524332
84800,0.084799,4059,7.927734375,7.927734375,8.664658584392667,0.9488841254369633,6.24781608581543,12.513748168945312,8.664658584392667,124771.0836152544
85000,0.08499899999999999,4059,7.927734375,7.927734375,8.663464016384548,0.9472904227345723,6.250015735626221,12.505571365356445,8.663464016384548,124753.8818359375
85200,0.085199,4059,7.927734375,7.927734375,8.662265440077874,0.9456571831835048,6.25150728225708,12.498042106628418,8.662265440077874,124736.62233712139
85400,0.085399,4059,7.927734375,7.927734375,8.661048792476988,0.9439572017985198,6.25352144241333,12.488536834716797,8.661048792476988,124719.10261166863
85600,0.085599,4059,7.927734375,7.927734375,8.659842054489712,0.9422854367880824,6.25736665725708,12.480969429016113,8.659842054489712,124701.72558465184
85800,0.085799,4059,7.927734375,7.927734375,8.658668517713977,0.9407076614180887,6.260372638702393,12.4755277633667,8.658668517713977,124684.82665508127
86000,0.08599899999999999,4059,7.927734375,7.927734375,8.65747543719344,0.9391477276889525,6.26323127746582,12.467216491699219,8.65747543719344,124667.64629558555
86200,0.086199,4059,7.927734375,7.927734375,8.656295395390861,0.9376019021293541,6.266612529754639,12.456720352172852,8.656295395390861,124650.65369362841
86400,0.08639899999999999,4059,7.927734375,7.927734375,8.655123747872379,0.9360369038222535,6.269581317901611,12.449850082397461,8.655123747872379,124633.78196936224
86600,0.086599,4059,7.927734375,7.927734375,8.653921172782745,0.9344623306372706,6.272914886474609,12.444784164428711,8.653921172782745,124616.46488807154
86800,0.086799,4059,7.927734375,7.927734375,8.652767551212541,0.932929064225424,6.274277687072754,12.438287734985352,8.652767551212541,124599.85273746059
87000,0.08699899999999999,4059,7.927734375,7.927734375,8.651607489227573,0.9313283491642268,6.276700496673584,12.430227279663086,8.651607489227573,124583.14784487705
87200,0.087199,4059,7.927734375,7.927734375,8.6504300931135,0.9297099513943035,6.2798237800598145,12.42333698272705,8.6504300931135,124566.19334083439
87400,0.08739899999999999,4059,7.927734375,7.927734375,8.649264233662713,0.9281546286555601,6.282671928405762,12.417496681213379,8.649264233662713,124549.40496474307
87600,0.087599,4059,7.927734375,7.927734375,8.64809270021392,0.9265802399554358,6.286098003387451,12.409814834594727,8.64809270021392,124532.53488308046
87800,0.087799,4059,7.927734375,7.927734375,8.646937057460343,0.9249921671257628,6.289422988891602,12.402158737182617,8.646937057460343,124515.89362742896
88000,0.087999,4059,7.927734375,7.927734375,8.645788143056459,0.9233883675765104,6.291428089141846,12.395821571350098,8.645788143056459,124499.34926001301
88200,0.088199,4059,7.927734375,7.927734375,8.644638287548245,0.9217828130882093,6.293601989746094,12.391758918762207,8.644638287548245,124482.79134069472
88400,0.08839899999999999,4059,7.927734375,7.927734375,8.64347915985397,0.9201705794364865,6.293820858001709,12.38815689086914,8.64347915985397,124466.09990189715
88600,0.088599,4059,7.927734375,7.927734375,8.642339796525382,0.9186104494026306,6.295682430267334,12.380985260009766,8.642339796525382,124449.6930699655
88800,0.08879899999999999,4059,7.927734375,7.927734375,8.64120150716706,0.9170538943361801,6.298593044281006,12.376577377319336,8.64120150716706,124433.30170320565
89000,0.088999,4059,7.927734375,7.927734375,8.640067048012902,0.9154842199578692,6.301170825958252,12.371683120727539,8.640067048012902,124416.96549138578
89200,0.089199,4059,7.927734375,7.927734375,8.63896815933656,0.9139587245944156,6.302754878997803,12.366823196411133,8.63896815933656,124401.14149444648
89400,0.08939899999999999,4059,7.927734375,7.927734375,8.637831221545497,0.912375348351998,6.304306983947754,12.364468574523926,8.637831221545497,124384.76959025516
89600,0.089599,4059,7.927734375,7.927734375,8.636711898887354,0.9108514010653349,6.305917739868164,12.357245445251465,8.636711898887354,124368.6513439779
89800,0.08979899999999999,4059,7.927734375,7.927734375,8.635603889687127,0.9093357019093463,6.3077569007873535,12.349620819091797,8.635603889687127,124352.69601149464
90000,0.089999,4059,7.927734375,7.927734375,8.63449129831559,0.9077897953097589,6.307866096496582,12.345420837402344,8.63449129831559,124336.67469574448
90200,0.090199,4059,7.927734375,7.927734375,8.633396364251038,0.9062613359348254,6.309783458709717,12.337445259094238,8.633396364251038,124320.90764521495
90400,0.090399,4059,7.927734375,7.927734375,8.632306302877211,0.904748294188692,6.312161445617676,12.329819679260254,8.632306302877211,124305.21076143184
90600,0.090599,4059,7.927734375,7.927734375,8.63121854369057,0.9032267170736403,6.3146867752075195,12.328187942504883,8.63121854369057,124289.54702914422
90800,0.09079899999999999,4059,7.927734375,7.927734375,8.630151419135613,0.9017685900749042,6.317893028259277,12.321735382080078,8.630151419135613,124274.18043555283
91000,0.090999,4059,7.927734375,7.927734375,8.629068793555028,0.9003123080565422,6.320815086364746,12.313632011413574,8.629068793555028,124258.59062719239
91200,0.091199,4059,7.927734375,7.927734375,8.62800850378348,0.8988316000646103,6.32491397857666,12.30583667755127,8.62800850378348,124243.32245448211
91400,0.091399,4059,7.927734375,7.927734375,8.62694968587514,0.8973347399153454,6.328608989715576,12.298437118530273,8.62694968587514,124228.07547660201
91600,0.091599,4059,7.927734375,7.927734375,8.62587114906452,0.895811848212834,6.331721782684326,12.293124198913574,8.62587114906452,124212.54454652908
91800,0.09179899999999999,4059,7.927734375,7.927734375,8.624797174219252,0.8942896806004678,6.334427833557129,12.283869743347168,8.624797174219252,124197.07930875724
92000,0.091999,4059,7.927734375,7.927734375,8.623746797468135,0.8927923624099318,6.336951732635498,12.277711868286133,8.623746797468135,124181.95388354114
92200,0.09219899999999999,4059,7.927734375,7.927734375,8.622706104540772,0.8913447847928031,6.339295387268066,12.27079963684082,8.622706104540772,124166.96790538712
92400,0.092399,4059,7.927734375,7.927734375,8.621664551097966,0.8898556510444493,6.341097354888916,12.26738166809082,8.621664551097966,124151.96953581071
92600,0.092599,4059,7.927734375,7.927734375,8.62061508103056,0.8883586677928971,6.344221591949463,12.262114524841309,8.62061508103056,124136.85716684007
92800,0.09279899999999999,4059,7.927734375,7.927734375,8.6195924449478,0.8869205660357136,6.346473693847656,12.258379936218262,8.6195924449478,124122.13120724833
93000,0.092999,4059,7.927734375,7.927734375,8.618557272829074,0.8854543223087892,6.348307132720947,12.254422187805176,8.618557272829074,124107.22472873866
93200,0.09319899999999999,4059,7.927734375,7.927734375,8.61753849115064,0.8840386868462776,6.348336696624756,12.2504243850708,8.61753849115064,124092.5542725692
93400,0.093399,4059,7.927734375,7.927734375,8.616521475144166,0.8825985893728343,6.350444793701172,12.244340896606445,8.616521475144166,124077.90924207598
93600,0.093599,4059,7.927734375,7.927734375,8.615508866738908,0.8812077475205319,6.354229927062988,12.238383293151855,8.615508866738908,124063.32768104029
93800,0.093799,4059,7.927734375,7.927734375,8.614490919731086,0.8797549686233576,6.3549089431762695,12.234262466430664,8.614490919731086,124048.66924412764
94000,0.093999,4059,7.927734375,7.927734375,8.613485895961809,0.8783271362193878,6.355442523956299,12.231988906860352,8.613485895961809,124034.19690185005
94200,0.09419899999999999,4059,7.927734375,7.927734375,8.612476478218591,0.8769091849967652,6.358760833740234,12.23220443725586,8.612476478218591,124019.66128634772
94400,0.094399,4059,7.927734375,7.927734375,8.611483357051934,0.8754642610937781,6.361062049865723,12.230512619018555,8.611483357051934,124005.36034154786
94600,0.094599,4059,7.927734375,7.927734375,8.610482424284678,0.8740570971083846,6.363903999328613,12.221231460571289,8.610482424284678,123990.94690969937
94800,0.094799,4059,7.927734375,7.927734375,8.609455052136376,0.8725776416936054,6.3681960105896,12.212972640991211,8.609455052136376,123976.15275076382
95000,0.094999,4059,7.927734375,7.927734375,8.608446520401005,0.8711258045283417,6.371049404144287,12.201886177062988,8.608446520401005,123961.62989377447
95200,0.09519899999999999,4059,7.927734375,7.927734375,8.607444223144073,0.8696793270802593,6.372844696044922,12.19377326965332,8.607444223144073,123947.19681327464
95400,0.095399,4059,7.927734375,7.927734375,8.606430677981116,0.8682559387387134,6.3738908767700195,12.18565559387207,8.606430677981116,123932.60176292808
95600,0.09559899999999999,4059,7.927734375,7.927734375,8.605452778480945,0.8668861592868509,6.376228332519531,12.178709030151367,8.605452778480945,123918.5200101256
95800,0.095799,4059,7.927734375,7.927734375,8.604497713360125,0.8654787417568182,6.378516674041748,12.17269515991211,8.604497713360125,123904.7670723858
96000,0.095999,4059,7.927734375,7.927734375,8.603544481695213,0.8640732431222405,6.383189678192139,12.165342330932617,8.603544481695213,123891.04053641106
96200,0.09619899999999999,4059,7.927734375,7.927734375,8.602548092684449,0.8626029699655107,6.38394832611084,12.157432556152344,8.602548092684449,123876.69253465606
96400,0.096399,4059,7.927734375,7.927734375,8.60159059110079,0.8612603797311285,6.383319854736328,12.148353576660156,8.60159059110079,123862.90451185137
96600,0.09659899999999999,4059,7.927734375,7.927734375,8.600656316502983,0.8599272512404297,6.386659622192383,12.145434379577637,8.600656316502983,123849.45095764296
96800,0.096799,4059,7.927734375,7.927734375,8.599689275239248,0.8585280791970877,6.387602806091309,12.141918182373047,8.599689275239248,123835.52556344516
97000,0.096999,4059,7.927734375,7.927734375,8.598745900675944,0.857180498754732,6.388543128967285,12.136344909667969,8.598745900675944,123821.9409697336
97200,0.097199,4059,7.927734375,7.927734375,8.597807006666772,0.8558426451263406,6.391355514526367,12.13125228881836,8.597807006666772,123808.42089600151
97400,0.097399,4059,7.927734375,7.927734375,8.596861247447771,0.8544522619007907,6.393580913543701,12.124608993530273,8.596861247447771,123794.8019632479
97600,0.09759899999999999,4059,7.927734375,7.927734375,8.595898434046191,0.8530920363605764,6.3965959548950195,12.117624282836914,8.595898434046191,123780.93745026515
97800,0.097799,4059,7.927734375,7.927734375,8.594961736377867,0.851760228015577,6.399944305419922,12.11540412902832,8.594961736377867,123767.44900384129
98000,0.09799899999999999,4059,7.927734375,7.927734375,8.59402823888718,0.8503891145367746,6.402242183685303,12.108241081237793,8.59402823888718,123754.0066399754
98200,0.098199,4059,7.927734375,7.927734375,8.593091038654343,0.8490447375878719,6.403741359710693,12.103976249694824,8.593091038654343,123740.51095662254
98400,0.098399,4059,7.927734375,7.927734375,8.5921882001835,0.8477506439793219,6.407365798950195,12.098102569580078,8.5921882001835,123727.51008264242
98600,0.09859899999999999,4059,7.927734375,7.927734375,8.59128182120557,0.8464507057622347,6.409554958343506,12.091856002807617,8.59128182120557,123714.4582253602
98800,0.098799,4059,7.927734375,7.927734375,8.590361068976517,0.8451492835805325,6.410060882568359,12.084850311279297,8.590361068976517,123701.19939326182
99000,0.09899899999999999,4059,7.927734375,7.927734375,8.589429790499645,0.8437991719201058,6.411722660064697,12.081374168395996,8.589429790499645,123687.7889831949
99200,0.099199,4059,7.927734375,7.927734375,8.588517571764351,0.8424600616989825,6.411062717437744,12.077136993408203,8.588517571764351,123674.65303340666
99400,0.099399,4059,7.927734375,7.927734375,8.587632849698702,0.8412355927637158,6.414874076843262,12.075089454650879,8.587632849698702,123661.91303566132
99600,0.099599,4059,7.927734375,7.927734375,8.586711822104707,0.8398903562459191,6.418643951416016,12.071075439453125,8.586711822104707,123648.65023830777
99800,0.099799,4059,7.927734375,7.927734375,8.58579795023995,0.8385560294195663,6.42038631439209,12.066553115844727,8.58579795023995,123635.49048345527
100000,0.09999899999999999,4059,7.927734375,7.927734375,8.584902926541574,0.8372935814532466,6.421896934509277,12.061263084411621,8.584902926541574,123622.60214219865
100200,0.100199,4059,7.927734375,7.927734375,8.584014037114171,0.8360276956385507,6.422417163848877,12.055928230285645,8.584014037114171,123609.80213444408
100400,0.100399,4059,7.927734375,7.927734375,8.58312157992513,0.8347179585436213,6.421380519866943,12.050191879272461,8.58312157992513,123596.95075092188
100600,0.100599,4059,7.927734375,7.927734375,8.582231886723442,0.8334026228775685,6.420976638793945,12.043008804321289,8.582231886723442,123584.13916881756
100800,0.100799,4059,7.927734375,7.927734375,8.581359536579074,0.8321018010500599,6.424415588378906,12.038069725036621,8.581359536579074,123571.57732673865
101000,0.10099899999999999,4059,7.927734375,7.927734375,8.580491860707602,0.8308040449285239,6.427120685577393,12.029623031616211,8.580491860707602,123559.08279418945
101200,0.101199,4059,7.927734375,7.927734375,8.579602726576628,0.8294838765530878,6.4290690422058105,12.023982048034668,8.579602726576628,123546.27926270344
101400,0.10139899999999999,4059,7.927734375,7.927734375,8.57871681752831,0.8281730728370506,6.432256698608398,12.017518043518066,8.57871681752831,123533.52217240767
101600,0.101599,4059,7.927734375,7.927734375,8.57784141217232,0.8269345321040212,6.434750556945801,12.014989852905273,8.57784141217232,123520.9163352814
101800,0.101799,4059,7.927734375,7.927734375,8.576960099627449,0.8256424515871994,6.434348106384277,12.009075164794922,8.576960099627449,123508.22543463527
102000,0.10199899999999999,4059,7.927734375,7.927734375,8.576098568952268,0.8243469799956659,6.435669422149658,12.006734848022461,8.576098568952268,123495.81939291267
102200,0.102199,4059,7.927734375,7.927734375,8.575243412317622,0.823056235908856,6.438499927520752,12.000591278076172,8.575243412317622,123483.50513737377
102400,0.10239899999999999,4059,7.927734375,7.927734375,8.574374230514756,0.8216913597594201,6.439162731170654,11.993885040283203,8.574374230514756,123470.98891941248
102600,0.102599,4059,7.927734375,7.927734375,8.573504243175453,0.8203125430541532,6.440351486206055,11.986827850341797,8.573504243175453,123458.46110172653
102800,0.102799,4059,7.927734375,7.927734375,8.572642174105422,0.8189931813049459,6.4417829513549805,11.98127555847168,8.572642174105422,123446.04730711807
103000,0.102999,4059,7.927734375,7.927734375,8.571781342650436,0.8176543910403299,6.442450046539307,11.974457740783691,8.571781342650436,123433.65133416626
103200,0.103199,4059,7.927734375,7.927734375,8.570928474458222,0.8163015494651013,6.444144248962402,11.968807220458984,8.570928474458222,123421.3700321984
103400,0.10339899999999999,4059,7.927734375,7.927734375,8.570088725102949,0.8150321202842564,6.447176933288574,11.965214729309082,8.570088725102949,123409.27764148248
103600,0.103599,4059,7.927734375,7.927734375,8.56924954562623,0.8137557355106483,6.450964450836182,11.961886405944824,8.56924954562623,123397.19345701771
103800,0.10379899999999999,4059,7.927734375,7.927734375,8.568428157849628,0.8125100565933931,6.455437183380127,11.956403732299805,8.568428157849628,123385.36547303465
104000,0.103999,4059,7.927734375,7.927734375,8.56760657059791,0.8112699630888903,6.459435939788818,11.952985763549805,8.56760657059791,123373.5346166099
104200,0.104199,4059,7.927734375,7.927734375,8.566786865672327,0.8100448869747234,6.463078498840332,11.945926666259766,8.566786865672327,123361.73086568151
104400,0.10439899999999999,4059,7.927734375,7.927734375,8.565986263484724,0.8088843620953958,6.466085433959961,11.939658164978027,8.565986263484724,123350.20219418003
104600,0.104599,4059,7.927734375,7.927734375,8.565172017457655,0.8076340363304925,6.469554901123047,11.932144165039062,8.565172017457655,123338.47705139025
104800,0.10479899999999999,4059,7.927734375,7.927734375,8.564366159605903,0.8064187495346968,6.4696364402771,11.924147605895996,8.564366159605903,123326.87269832501
105000,0.104999,4059,7.927734375,7.927734375,8.563567774200063,0.8052664586141703,6.468532085418701,11.917400360107422,8.563567774200063,123315.37594848091
105200,0.105199,4059,7.927734375,7.927734375,8.562745687908127,0.8040289417725544,6.470189094543457,11.910539627075195,8.562745687908127,123303.53790587702
105400,0.10539899999999999,4059,7.927734375,7.927734375,8.561912783086814,0.8027420636866449,6.475646495819092,11.906166076660156,8.561912783086814,123291.54407645013
105600,0.105599,4059,7.927734375,7.927734375,8.56110223733489,0.8014836416410017,6.47733736038208,11.901545524597168,8.56110223733489,123279.87221762241
105800,0.10579899999999999,4059,7.927734375,7.927734375,8.560273497408321,0.8002145144119989,6.478413105010986,11.891669273376465,8.560273497408321,123267.93836267984
106000,0.105999,4059,7.927734375,7.927734375,8.55946639266088,0.7989844058050914,6.478992938995361,11.88589096069336,8.55946639266088,123256.31605431669
106200,0.106199,4059,7.927734375,7.927734375,8.558687433170903,0.7978032478639873,6.480744361877441,11.881382942199707,8.558687433170903,123245.099037661
106400,0.106399,4059,7.927734375,7.927734375,8.557867531002257,0.7965333936983174,6.48141622543335,11.873291969299316,8.557867531002257,123233.29244643252
106600,0.106599,4059,7.927734375,7.927734375,8.557075456199637,0.7952994284107547,6.483725070953369,11.869434356689453,8.557075456199637,123221.88656927476
106800,0.10679899999999999,4059,7.927734375,7.927734375,8.55627339413143,0.7940706849222551,6.485466003417969,11.863759994506836,8.55627339413143,123210.3368754926
107000,0.106999,4059,7.927734375,7.927734375,8.55548164156688,0.7928627051742447,6.487154483795166,11.858745574951172,8.55548164156688,123198.93563856307
107200,0.10719899999999999,4059,7.927734375,7.927734375,8.55469786319042,0.7916552776707154,6.490105628967285,11.855050086975098,8.55469786319042,123187.64922994204
107400,0.107399,4059,7.927734375,7.927734375,8.553918196021938,0.7904315687138265,6.493244647979736,11.848054885864258,8.553918196021938,123176.42202271591
107600,0.107599,4059,7.927734375,7.927734375,8.553133226786086,0.7892027052923948,6.49591064453125,11.842491149902344,8.553133226786086,123165.11846571963
107800,0.10779899999999999,4059,7.927734375,7.927734375,8.552353299642085,0.7880070761130881,6.499790668487549,11.838663101196289,8.552353299642085,123153.88751484602
108000,0.107999,4059,7.927734375,7.927734375,8.551591604147735,0.7868658794171666,6.504064559936523,11.831527709960938,8.551591604147735,123142.91909972738
108200,0.10819899999999999,4059,7.927734375,7.927734375,8.5507860858031,0.7856122013353255,6.507205486297607,11.826480865478516,8.5507860858031,123131.31963556464
108400,0.108399,4059,7.927734375,7.927734375,8.549984936409908,0.7843761219462281,6.508874416351318,11.820517539978027,8.549984936409908,123119.78308430267
108600,0.108599,4059,7.927734375,7.927734375,8.54921993371682,0.7831766860581475,6.509646892547607,11.81318187713623,8.54921993371682,123108.76704552221
108800,0.10879899999999999,4059,7.927734375,7.927734375,8.548484962366578,0.782047321901012,6.5116400718688965,11.807920455932617,8.548484962366578,123098.18345807873
109000,0.108999,4059,7.927734375,7.927734375,8.54770912446245,0.7808477569122563,6.514495372772217,11.80344295501709,8.54770912446245,123087.01139225929
109200,0.10919899999999999,4059,7.927734375,7.927734375,8.546943643874915,0.7796894273691729,6.517115116119385,11.798418998718262,8.546943643874915,123075.98847179877
109400,0.109399,4059,7.927734375,7.927734375,8.546200682124823,0.7785568427068231,6.522150993347168,11.79361343383789,8.546200682124823,123065.28982259746
109600,0.109599,4059,7.927734375,7.927734375,8.545433835637896,0.7773898870516199,6.525870323181152,11.792723655700684,8.545433835637896,123054.2472331857
109800,0.109799,4059,7.927734375,7.927734375,8.54469872296341,0.7762134731587779,6.528172016143799,11.787985801696777,8.54469872296341,123043.66161067311
110000,0.109999,4059,7.927734375,7.927734375,8.54396342021193,0.7750350522023292,6.531602382659912,11.785285949707031,8.54396342021193,123033.07325105181
110200,0.11019899999999999,4059,7.927734375,7.927734375,8.543221455837418,0.7738728561772648,6.5343804359436035,11.781146049499512,8.543221455837418,123022.38896405882
110400,0.110399,4059,7.927734375,7.927734375,8.542459025997397,0.7725949087908063,6.535821914672852,11.774084091186523,8.542459025997397,123011.40997436253
110600,0.11059899999999999,4059,7.927734375,7.927734375,8.541729101673022,0.7714159538012079,6.536691665649414,11.769904136657715,8.541729101673022,123000.89906409151
110800,0.110799,4059,7.927734375,7.927734375,8.540984766035134,0.7702553006973116,6.536900043487549,11.765185356140137,8.540984766035134,122990.18063090593
111000,0.110999,4059,7.927734375,7.927734375,8.540236669739176,0.7690766111900782,6.539269924163818,11.762203216552734,8.540236669739176,122979.40804424413
111200,0.11119899999999999,4059,7.927734375,7.927734375,8.539480898232847,0.7678588085162303,6.541356563568115,11.754019737243652,8.539480898232847,122968.52493455299
111400,0.111399,4059,7.927734375,7.927734375,8.53875285071321,0.7666990847927629,6.543405532836914,11.74836540222168,8.53875285071321,122958.04105027023
111600,0.11159899999999999,4059,7.927734375,7.927734375,8.538030707445541,0.7656096888893447,6.54496431350708,11.74052619934082,8.538030707445541,122947.6421872158
111800,0.111799,4059,7.927734375,7.927734375,8.537310302007901,0.7644648531953182,6.547053337097168,11.735121726989746,8.537310302007901,122937.26834891377
112000,0.111999,4059,7.927734375,7.927734375,8.536579995180004,0.7632941078575649,6.550166606903076,11.727465629577637,8.536579995180004,122926.75193059207
112200,0.112199,4059,7.927734375,7.927734375,8.535858603174624,0.7621636734547658,6.5531768798828125,11.722111701965332,8.535858603174624,122916.36388571459
112400,0.112399,4059,7.927734375,7.927734375,8.535146844243146,0.7610193396991413,6.555520057678223,11.716561317443848,8.535146844243146,122906.1145571013
112600,0.11259899999999999,4059,7.927734375,7.927734375,8.534448349936955,0.7599003032730467,6.555334091186523,11.709763526916504,8.534448349936955,122896.05623909217
112800,0.112799,4059,7.927734375,7.927734375,8.533743777865991,0.7588101205402359,6.556703567504883,11.702670097351074,8.533743777865991,122885.91040127029
113000,0.11299899999999999,4059,7.927734375,7.927734375,8.533028976057926,0.7576972617071865,6.5586700439453125,11.699223518371582,8.533028976057926,122875.61725523413
113200,0.113199,4059,7.927734375,7.927734375,8.532325847773283,0.7565943088517627,6.561091423034668,11.693300247192383,8.532325847773283,122865.49220793527
113400,0.113399,4059,7.927734375,7.927734375,8.531601399498992,0.755386375525081,6.563913822174072,11.687762260437012,8.531601399498992,122855.06015278547
113600,0.11359899999999999,4059,7.927734375,7.927734375,8.530905099771504,0.7542255734445249,6.567624568939209,11.682485580444336,8.530905099771504,122845.03343670965
113800,0.113799,4059,7.927734375,7.927734375,8.530216750031945,0.7530995837787037,6.568799018859863,11.675203323364258,8.530216750031945,122835.12120046002
114000,0.11399899999999999,4059,7.927734375,7.927734375,8.529524397985135,0.7520064737184797,6.572750091552734,11.667519569396973,8.529524397985135,122825.15133098594
114200,0.114199,4059,7.927734375,7.927734375,8.528852726503322,0.7509202388845398,6.57555627822876,11.663034439086914,8.528852726503322,122815.47926164784
114400,0.114399,4059,7.927734375,7.927734375,8.528151926368174,0.7498115454103431,6.578950881958008,11.656582832336426,8.528151926368174,122805.3877397017
114600,0.11459899999999999,4059,7.927734375,7.927734375,8.527473723544778,0.7487088537396288,6.579671382904053,11.649889945983887,8.527473723544778,122795.6216190448
114800,0.114799,4059,7.927734375,7.927734375,8.52679477404068,0.747622775448205,6.581385612487793,11.644255638122559,8.52679477404068,122785.84474618577
115000,0.11499899999999999,4059,7.927734375,7.927734375,8.526113229362975,0.7465011722872107,6.583090305328369,11.640007019042969,8.526113229362975,122776.03050282683
115200,0.115199,4059,7.927734375,7.927734375,8.525429978103995,0.7454012441689238,6.583770275115967,11.637038230895996,8.525429978103995,122766.19168469752
115400,0.115399,4059,7.927734375,7.927734375,8.524758729420146,0.7442913034506599,6.585614204406738,11.634872436523438,8.524758729420146,122756.5257036501
115600,0.115599,4059,7.927734375,7.927734375,8.524090568958817,0.7431648605275339,6.588386058807373,11.62972640991211,8.524090568958817,122746.90419300697
115800,0.115799,4059,7.927734375,7.927734375,8.52342363307264,0.7421118135715467,6.591899394989014,11.628477096557617,8.52342363307264,122737.30031624602
116000,0.11599899999999999,4059,7.927734375,7.927734375,8.522778921157864,0.7410989058775646,6.593456745147705,11.625808715820312,8.522778921157864,122728.01646467323
116200,0.116199,4059,7.927734375,7.927734375,8.522111069777235,0.7400679533832083,6.59699010848999,11.621524810791016,8.522111069777235,122718.39940479219
116400,0.11639899999999999,4059,7.927734375,7.927734375,8.521425774309488,0.7389961524025868,6.600019931793213,11.619178771972656,8.521425774309488,122708.53115005662
116600,0.116599,4059,7.927734375,7.927734375,8.520755046516488,0.7379164594636216,6.59977388381958,11.613866806030273,8.520755046516488,122698.87266983742
116800,0.116799,4059,7.927734375,7.927734375,8.520087194313525,0.7368949594723946,6.6014275550842285,11.607109069824219,8.520087194313525,122689.25559811476
117000,0.11699899999999999,4059,7.927734375,7.927734375,8.519424831905399,0.7358077741629834,6.601510047912598,11.605781555175781,8.519424831905399,122679.71757943773
117200,0.117199,4059,7.927734375,7.927734375,8.51876174220019,0.7347445587243464,6.602070331573486,11.607860565185547,8.51876174220019,122670.16908768275
117400,0.11739899999999999,4059,7.927734375,7.927734375,8.518094010528129,0.7336452510232526,6.604130744934082,11.604385375976562,8.518094010528129,122660.55375160505
117600,0.117599,4059,7.927734375,7.927734375,8.517436715586781,0.7325527315237729,6.608294486999512,11.597627639770508,8.517436715586781,122651.08870444963
117800,0.117799,4059,7.927734375,7.927734375,8.516802957769274,0.7315348163201827,6.6117730140686035,11.593229293823242,8.516802957769274,122641.96259187753
118000,0.11799899999999999,4059,7.927734375,7.927734375,8.516154223576235,0.7304665409704431,6.614466667175293,11.5858154296875,8.516154223576235,122632.6208194978
118200,0.118199,4059,7.927734375,7.927734375,8.515499528859984,0.729360622797694,6.617374897003174,11.58198070526123,8.515499528859984,122623.19321558376
118400,0.11839899999999999,4059,7.927734375,7.927734375,8.514847657926625,0.7282506496402255,6.620550632476807,11.576855659484863,8.514847657926625,122613.8062741434
118600,0.118599,4059,7.927734375,7.927734375,8.514224209377819,0.7272459854267201,6.622219085693359,11.570976257324219,8.514224209377819,122604.82861504058
118800,0.11879899999999999,4059,7.927734375,7.927734375,8.513601404835244,0.7262296958174944,6.621971607208252,11.563389778137207,8.513601404835244,122595.86022962752
119000,0.118999,4059,7.927734375,7.927734375,8.512975355004054,0.7251902408164463,6.621265411376953,11.55880355834961,8.512975355004054,122586.84511205838
119200,0.119199,4059,7.927734375,7.927734375,8.512346438041137,0.7241765437690988,6.622040748596191,11.551103591918945,8.512346438041137,122577.78870779237
119400,0.11939899999999999,4059,7.927734375,7.927734375,8.511723216104519,0.7231922740113279,6.623414993286133,11.542375564575195,8.511723216104519,122568.81431190508
119600,0.119599,4059,7.927734375,7.927734375,8.51110057273972,0.7221879433583568,6.622140407562256,11.536977767944336,8.51110057273972,122559.84824745196
119800,0.11979899999999999,4059,7.927734375,7.927734375,8.510496056235521,0.7212343256515421,6.622190952301025,11.530146598815918,8.510496056235521,122551.1432097915
120000,0.119999,4059,7.927734375,7.927734375,8.509871254239831,0.7202815565813165,6.624066352844238,11.52235221862793,8.509871254239831,122542.14606105356
120200,0.120199,4059,7.927734375,7.927734375,8.509241781965445,0.7193077544627062,6.62648344039917,11.516510009765625,8.509241781965445,122533.08166030241
120400,0.12039899999999999,4059,7.927734375,7.927734375,8.508604298850297,0.7182499419678001,6.6282429695129395,11.509913444519043,8.508604298850297,122523.90190344428
120600,0.120599,4059,7.927734375,7.927734375,8.507990135292491,0.7172165314047352,6.62999153137207,11.50413703918457,8.507990135292491,122515.05794821188
120800,0.12079899999999999,4059,7.927734375,7.927734375,8.507359700768005,0.7161589218005993,6.632176876068115,11.498369216918945,8.507359700768005,122505.97969105926
121000,0.120999,4059,7.927734375,7.927734375,8.506735884165288,0.7151405731259884,6.634170055389404,11.490370750427246,8.506735884165288,122496.99673198015
121200,0.121199,4059,7.927734375,7.927734375,8.506124842663239,0.714137434578509,6.6378631591796875,11.483667373657227,8.506124842663239,122488.19773435064
121400,0.12139899999999999,4059,7.927734375,7.927734375,8.505514708079854,0.7131629403255674,6.639456748962402,11.476597785949707,8.505514708079854,122479.4117963499
121600,0.121599,4059,7.927734375,7.927734375,8.504921754671159,0.7122054659219488,6.641768932342529,11.473176002502441,8.504921754671159,122470.87326726469
121800,0.12179899999999999,4059,7.927734375,7.927734375,8.504315313079376,0.7111543196662936,6.642232894897461,11.467259407043457,8.504315313079376,122462.140508343
122000,0.121999,4059,7.927734375,7.927734375,8.503701495607372,0.7101042157613172,6.6425652503967285,11.462407112121582,8.503701495607372,122453.30153674615
122200,0.12219899999999999,4059,7.927734375,7.927734375,8.503087362123551,0.7090420779384601,6.642821311950684,11.456283569335938,8.503087362123551,122444.45801457914
122400,0.122399,4059,7.927734375,7.927734375,8.502477306836813,0.708004492961817,6.643515586853027,11.448522567749023,8.502477306836813,122435.6732184501
122600,0.122599,4059,7.927734375,7.927734375,8.501891691950807,0.7070603609835425,6.643586158752441,11.446391105651855,8.501891691950807,122427.24036409163
122800,0.12279899999999999,4059,7.927734375,7.927734375,8.501306540274685,0.7061255973489406,6.645053386688232,11.44089126586914,8.501306540274685,122418.81417995546
123000,0.122999,4059,7.927734375,7.927734375,8.5006974959908,0.7051343144392423,6.649020671844482,11.436835289001465,8.5006974959908,122410.04394226751
123200,0.12319899999999999,4059,7.927734375,7.927734375,8.500094614054776,0.7041688869196593,6.650409698486328,11.431703567504883,8.500094614054776,122401.36244238877
123400,0.123399,4059,7.927734375,7.927734375,8.499513948336702,0.7032303731396792,6.653110504150391,11.428043365478516,8.499513948336702,122393.00085604851
123600,0.123599,4059,7.927734375,7.927734375,8.498915287566673,0.7022004446056892,6.6553754806518555,11.423678398132324,8.498915287566673,122384.38014096009
123800,0.12379899999999999,4059,7.927734375,7.927734375,8.498351501108655,0.7012418360435729,6.655998229980469,11.420565605163574,8.498351501108655,122376.26161596463
124000,0.123999,4059,7.927734375,7.927734375,8.497776025502839,0.7002629569208378,6.65793514251709,11.415959358215332,8.497776025502839,122367.97476724087
124200,0.12419899999999999,4059,7.927734375,7.927734375,8.497182672439052,0.6992456857957109,6.658540725708008,11.4111328125,8.497182672439052,122359.43048312236
124400,0.124399,4059,7.927734375,7.927734375,8.49659355569573,0.698248830374402,6.659522533416748,11.407720565795898,8.49659355569573,122350.94720201852
124600,0.12459899999999999,4059,7.927734375,7.927734375,8.496021159501698,0.6972570101086544,6.659371852874756,11.405165672302246,8.496021159501698,122342.70469682444
124800,0.124799,4059,7.927734375,7.927734375,8.49545641514021,0.6962935930889168,6.659368515014648,11.402787208557129,8.49545641514021,122334.572378019
125000,0.124999,4059,7.927734375,7.927734375,8.494881292903738,0.6953596210665375,6.659685134887695,11.400618553161621,8.494881292903738,122326.29061781382
125200,0.125199,4059,7.927734375,7.927734375,8.49429202344095,0.6943663323871809,6.6609063148498535,11.398115158081055,8.49429202344095,122317.80513754969
125400,0.12539899999999998,4059,7.927734375,7.927734375,8.49372044335624,0.693386085075208,6.661618709564209,11.392569541931152,8.49372044335624,122309.57438432986
125600,0.125599,4059,7.927734375,7.927734375,8.493134899426048,0.6924026380762269,6.663930892944336,11.388346672058105,8.493134899426048,122301.14255173507
125800,0.125799,4059,7.927734375,7.927734375,8.492566258368688,0.691446729158375,6.665440559387207,11.384669303894043,8.492566258368688,122292.95412050911
126000,0.125999,4059,7.927734375,7.927734375,8.491995596480388,0.690473547285767,6.6659345626831055,11.380491256713867,8.491995596480388,122284.73658931757
126200,0.126199,4059,7.927734375,7.927734375,8.491442337562427,0.6895255628962241,6.666593074798584,11.3742094039917,8.491442337562427,122276.76966089895
126400,0.12639899999999998,4059,7.927734375,7.927734375,8.490867704850578,0.6885278095956134,6.667734622955322,11.373021125793457,8.490867704850578,122268.49494984832
126600,0.126599,4059,7.927734375,7.927734375,8.490319299592148,0.6875838649700055,6.669689655303955,11.366341590881348,8.490319299592148,122260.59791412692
126800,0.126799,4059,7.927734375,7.927734375,8.489743054867613,0.686588173552055,6.674565315246582,11.3610200881958,8.489743054867613,122252.29999009363
127000,0.126999,4059,7.927734375,7.927734375,8.489210708530761,0.6856675755274569,6.677194595336914,11.360331535339355,8.489210708530761,122244.63420284296
127200,0.127199,4059,7.927734375,7.927734375,8.488659817469358,0.6847328524394302,6.6782684326171875,11.359395027160645,8.488659817469358,122236.70137155875
127400,0.12739899999999998,4059,7.927734375,7.927734375,8.488110708879056,0.683778941493011,6.67987060546875,11.35155200958252,8.488110708879056,122228.7942078584
127600,0.127599,4059,7.927734375,7.927734375,8.487566377471074,0.682846648476436,6.682377815246582,11.34823989868164,8.487566377471074,122220.95583558347
127800,0.127799,4059,7.927734375,7.927734375,8.487026370021033,0.6819419992818914,6.6824798583984375,11.346115112304688,8.487026370021033,122213.17972830289
128000,0.127999,4059,7.927734375,7.927734375,8.48647028825999,0.6809919525201189,6.684107303619385,11.34260082244873,8.48647028825999,122205.17215094386
128200,0.128199,4059,7.927734375,7.927734375,8.48593528730642,0.6800835091442164,6.686350345611572,11.33958911895752,8.48593528730642,122197.46813721245
128400,0.12839899999999999,4059,7.927734375,7.927734375,8.48537498954835,0.6791366608628905,6.687986373901367,11.335139274597168,8.48537498954835,122189.39984949624
128600,0.128599,4059,7.927734375,7.927734375,8.484836681630993,0.6782039863059836,6.688467979431152,11.332071304321289,8.484836681630993,122181.6482154863
128800,0.128799,4059,7.927734375,7.927734375,8.484291324535594,0.677260511932994,6.687656879425049,11.325549125671387,8.484291324535594,122173.79507331256
129000,0.128999,4059,7.927734375,7.927734375,8.483753192950482,0.6763349870158165,6.687318325042725,11.320470809936523,8.483753192950482,122166.04597848693
129200,0.12919899999999998,4059,7.927734375,7.927734375,8.483241503330897,0.6754943007311698,6.6892170906066895,11.316886901855469,8.483241503330897,122158.67764796491
129400,0.129399,4059,7.927734375,7.927734375,8.48273297547413,0.6746467088923254,6.689725875854492,11.316743850708008,8.48273297547413,122151.35484682747
129600,0.129599,4059,7.927734375,7.927734375,8.482204868394655,0.6737573669427075,6.6924214363098145,11.312115669250488,8.482204868394655,122143.75010488303
129800,0.129799,4059,7.927734375,7.927734375,8.481694816280157,0.6729160851052179,6.6945953369140625,11.30813217163086,8.481694816280157,122136.40535443426
130000,0.129999,4059,7.927734375,7.927734375,8.481177136063371,0.6720380682953895,6.695601940155029,11.3065185546875,8.481177136063371,122128.95075931253
130200,0.13019899999999998,4059,7.927734375,7.927734375,8.480642665986153,0.6710801823888604,6.696252822875977,11.302412033081055,8.480642665986153,122121.2543902006
130400,0.130399,4059,7.927734375,7.927734375,8.480124338708743,0.6702109799620414,6.697568416595459,11.298317909240723,8.480124338708743,122113.7904774059
130600,0.130599,4059,7.927734375,7.927734375,8.479588390777016,0.6693168679568828,6.701017379760742,11.295363426208496,8.479588390777016,122106.07282718904
130800,0.130799,4059,7.927734375,7.927734375,8.479065765151546,0.6684365718354255,6.703446388244629,11.288512229919434,8.479065765151546,122098.54701818225
131000,0.130999,4059,7.927734375,7.927734375,8.478536809774184,0.6675187881939757,6.703037261962891,11.286092758178711,8.478536809774184,122090.93006074824
131200,0.13119899999999998,4059,7.927734375,7.927734375,8.478003958640764,0.666596805021824,6.704506874084473,11.281551361083984,8.478003958640764,122083.25700442701
131400,0.131399,4059,7.927734375,7.927734375,8.477471169182513,0.6656510841319196,6.706767559051514,11.27778434753418,8.477471169182513,122075.5848362282
131600,0.131599,4059,7.927734375,7.927734375,8.476941468299213,0.6647249881141105,6.706867218017578,11.274959564208984,8.476941468299213,122067.95714350867
131800,0.131799,4059,7.927734375,7.927734375,8.476427085765566,0.6638388955699798,6.706079006195068,11.269330024719238,8.476427085765566,122060.55003502416
132000,0.131999,4059,7.927734375,7.927734375,8.475915464517312,0.6629574990301689,6.705586910247803,11.26476764678955,8.475915464517312,122053.1826890493
132200,0.13219899999999998,4059,7.927734375,7.927734375,8.475405019796314,0.662031601706316,6.705814838409424,11.262306213378906,8.475405019796314,122045.83228506694
132400,0.132399,4059,7.927734375,7.927734375,8.474891072983047,0.6611518577174615,6.7062458992004395,11.258729934692383,8.474891072983047,122038.43145095589
132600,0.132599,4059,7.927734375,7.927734375,8.474393049640943,0.660267358965123,6.706943035125732,11.253222465515137,8.474393049640943,122031.25991482957
132800,0.132799,4059,7.927734375,7.927734375,8.473894773959291,0.6593666149433697,6.709115982055664,11.248089790344238,8.473894773959291,122024.0847450138
133000,0.132999,4059,7.927734375,7.927734375,8.473388718748128,0.6584406998203043,6.709791660308838,11.242081642150879,8.473388718748128,122016.79754997304
133200,0.13319899999999998,4059,7.927734375,7.927734375,8.47287266452373,0.6575029149311575,6.711242198944092,11.239294052124023,8.47287266452373,122009.3663691417
133400,0.133399,4059,7.927734375,7.927734375,8.472378620933387,0.6566244574992705,6.714375972747803,11.238030433654785,8.472378620933387,122002.25214144078
133600,0.133599,4059,7.927734375,7.927734375,8.471882023051267,0.6557494983420219,6.715744495391846,11.236745834350586,8.471882023051267,121995.10113193825
133800,0.133799,4059,7.927734375,7.927734375,8.471392042151106,0.6548938969660019,6.71636962890625,11.231931686401367,8.471392042151106,121988.04540697593
134000,0.133999,4059,7.927734375,7.927734375,8.470884181678398,0.653985798535727,6.717869281768799,11.228827476501465,8.470884181678398,121980.73221616894
134200,0.13419899999999998,4059,7.927734375,7.927734375,8.470395486911078,0.6531169501503513,6.719202518463135,11.229437828063965,8.470395486911078,121973.69501151954
134400,0.134399,4059,7.927734375,7.927734375,8.46992691375552,0.6523362195374102,6.720596790313721,11.22802448272705,8.46992691375552,121966.94755807948
134600,0.134599,4059,7.927734375,7.927734375,8.469456254217125,0.6515562108570165,6.72102689743042,11.222919464111328,8.469456254217125,121960.1700607266
134800,0.134799,4059,7.927734375,7.927734375,8.468973718273373,0.6507521876638452,6.721385955810547,11.217935562133789,8.468973718273373,121953.22154313656
135000,0.13499899999999998,4059,7.927734375,7.927734375,8.468480600045508,0.6498572770962497,6.722847938537598,11.213340759277344,8.468480600045508,121946.12064065531
135200,0.13519899999999999,4059,7.927734375,7.927734375,8.467990609982179,0.6490222369817894,6.725726127624512,11.208730697631836,8.467990609982179,121939.06478374338
135400,0.135399,4059,7.927734375,7.927734375,8.467520231212646,0.6481959953373834,6.726715087890625,11.205583572387695,8.467520231212646,121932.2913294621
135600,0.135599,4059,7.927734375,7.927734375,8.467045781294622,0.6473521920636512,6.729238033294678,11.203487396240234,8.467045781294622,121925.45925064255
135800,0.135799,4059,7.927734375,7.927734375,8.46656042239031,0.6464556783018007,6.731564998626709,11.196840286254883,8.46656042239031,121918.47008242046
136000,0.13599899999999998,4059,7.927734375,7.927734375,8.466079627565927,0.64564756893988,6.730646133422852,11.191850662231445,8.466079627565927,121911.54663694935
136200,0.136199,4059,7.927734375,7.927734375,8.465587775499898,0.6447371945802112,6.731983184814453,11.186999320983887,8.465587775499898,121904.46396719855
136400,0.136399,4059,7.927734375,7.927734375,8.465096037855991,0.6438594613422568,6.734168529510498,11.18104076385498,8.465096037855991,121897.38294512629
136600,0.136599,4059,7.927734375,7.927734375,8.464616503437096,0.6430167744925821,6.735057353973389,11.174609184265137,8.464616503437096,121890.47764949418
136800,0.136799,4059,7.927734375,7.927734375,8.46412909715215,0.642180055352314,6.735659599304199,11.170740127563477,8.46412909715215,121883.45899899096
137000,0.13699899999999998,4059,7.927734375,7.927734375,8.463637796050957,0.6412979177598566,6.7368855476379395,11.166220664978027,8.463637796050957,121876.38426313379
137200,0.137199,4059,7.927734375,7.927734375,8.463167349027572,0.6404489382072298,6.739354610443115,11.164066314697266,8.463167349027572,121869.60982599703
137400,0.137399,4059,7.927734375,7.927734375,8.46269148152049,0.6395893812813588,6.743544578552246,11.159233093261719,8.46269148152049,121862.75733389506
137600,0.137599,4059,7.927734375,7.927734375,8.462223435482036,0.6387854220600082,6.744853496551514,11.1577730178833,8.462223435482036,121856.01747094131
137800,0.137799,4059,7.927734375,7.927734375,8.46175981819057,0.6379605097392759,6.743654727935791,11.155624389648438,8.46175981819057,121849.3413819442
138000,0.13799899999999998,4059,7.927734375,7.927734375,8.461294661721857,0.637152858009873,6.744248867034912,11.153166770935059,8.461294661721857,121842.64312879473
138200,0.138199,4059,7.927734375,7.927734375,8.460846489302247,0.636388847107059,6.746254920959473,11.15015983581543,8.460846489302247,121836.18944595236
138400,0.138399,4059,7.927734375,7.927734375,8.460393315202705,0.6356029528865882,6.74713659286499,11.145231246948242,8.460393315202705,121829.66373891894
138600,0.138599,4059,7.927734375,7.927734375,8.45993950813972,0.634788170067479,6.7481913566589355,11.142613410949707,8.45993950813972,121823.12891721197
138800,0.138799,4059,7.927734375,7.927734375,8.45946788717356,0.6339482166725391,6.747053146362305,11.141538619995117,8.45946788717356,121816.33757529924
139000,0.13899899999999998,4059,7.927734375,7.927734375,8.459000369661927,0.6331051185642699,6.746054649353027,11.138108253479004,8.459000369661927,121809.60532313175
139200,0.139199,4059,7.927734375,7.927734375,8.458546429498057,0.6322976141437244,6.745450496673584,11.137565612792969,8.458546429498057,121803.06858477202
139400,0.139399,4059,7.927734375,7.927734375,8.458087878968511,0.631458196900205,6.743996620178223,11.134329795837402,8.458087878968511,121796.46545714655
139600,0.139599,4059,7.927734375,7.927734375,8.45765740591248,0.6306858781400488,6.743686676025391,11.131175994873047,8.45765740591248,121790.26664513971
139800,0.139799,4059,7.927734375,7.927734375,8.457219898832875,0.629859879083217,6.74505090713501,11.126457214355469,8.457219898832875,121783.9665431934
140000,0.13999899999999998,4059,7.927734375,7.927734375,8.4567676921524,0.6290485510172894,6.744560241699219,11.12502384185791,8.4567676921524,121777.45476699458
140200,0.140199,4059,7.927734375,7.927734375,8.456320751004103,0.6282334547451628,6.745331764221191,11.120410919189453,8.456320751004103,121771.01881445908
140400,0.140399,4059,7.927734375,7.927734375,8.45585595342613,0.6273546981401746,6.746050834655762,11.11347770690918,8.45585595342613,121764.32572933628
140600,0.140599,4059,7.927734375,7.927734375,8.455398046550389,0.6264882912112008,6.746875762939453,11.107083320617676,8.455398046550389,121757.7318703256
140800,0.140799,4059,7.927734375,7.927734375,8.454945148990554,0.6256592022733224,6.748194694519043,11.101605415344238,8.454945148990554,121751.21014546396
141000,0.14099899999999999,4059,7.927734375,7.927734375,8.454492691497727,0.6248410923003983,6.749392032623291,11.098465919494629,8.454492691497727,121744.69475756728
141200,0.141199,4059,7.927734375,7.927734375,8.454054896130765,0.6240618204178389,6.750639915466309,11.095008850097656,8.454054896130765,121738.39050428302
141400,0.141399,4059,7.927734375,7.927734375,8.453608120506871,0.623217623181189,6.750933647155762,11.089110374450684,8.453608120506871,121731.95693529895
141600,0.141599,4059,7.927734375,7.927734375,8.453165065481558,0.6224032667002946,6.7517266273498535,11.08714485168457,8.453165065481558,121725.57694293444
141800,0.14179899999999998,4059,7.927734375,7.927734375,8.452732883377244,0.6215815153781576,6.7518181800842285,11.08288860321045,8.452732883377244,121719.35352063231
142000,0.141999,4059,7.927734375,7.927734375,8.452292044311358,0.6207673914721064,6.7525434494018555,11.079669952392578,8.452292044311358,121713.00543808355
142200,0.142199,4059,7.927734375,7.927734375,8.451870800562462,0.6200231350196442,6.753129482269287,11.077309608459473,8.451870800562462,121706.93952809945
142400,0.142399,4059,7.927734375,7.927734375,8.451448629806418,0.6192679928124759,6.7531890869140625,11.077048301696777,8.451448629806418,121700.86026921241
142600,0.142599,4059,7.927734375,7.927734375,8.451018274696803,0.6184919985145573,6.7518792152404785,11.07300853729248,8.451018274696803,121694.66315563397
142800,0.14279899999999998,4059,7.927734375,7.927734375,8.45058226861458,0.6177057774477217,6.751662254333496,11.069133758544922,8.45058226861458,121688.38466804996
143000,0.142999,4059,7.927734375,7.927734375,8.450154315664664,0.6169486202143101,6.7520856857299805,11.064471244812012,8.450154315664664,121682.22214557116
143200,0.143199,4059,7.927734375,7.927734375,8.449728307890815,0.616201118910394,6.7529706954956055,11.061014175415039,8.449728307890815,121676.08763362774
143400,0.143399,4059,7.927734375,7.927734375,8.449302130128457,0.6154224617517197,6.751704692840576,11.060084342956543,8.449302130128457,121669.95067384977
143600,0.143599,4059,7.927734375,7.927734375,8.44887278355469,0.6146550408793413,6.753486633300781,11.057596206665039,8.44887278355469,121663.76808318753
143800,0.14379899999999998,4059,7.927734375,7.927734375,8.448450061246426,0.6139174785848047,6.756392478942871,11.056811332702637,8.448450061246426,121657.68088194853
144000,0.143999,4059,7.927734375,7.927734375,8.448027644142138,0.6131833082454701,6.758189678192139,11.058207511901855,8.448027644142138,121651.59807564678
144200,0.144199,4059,7.927734375,7.927734375,8.447613833014616,0.6124513757417053,6.75917387008667,11.053993225097656,8.447613833014616,121645.63919541048
144400,0.144399,4059,7.927734375,7.927734375,8.447193185106585,0.6116993121521896,6.760721683502197,11.050602912902832,8.447193185106585,121639.58186553481
144600,0.144599,4059,7.927734375,7.927734375,8.446777311209006,0.6109271132284259,6.763185977935791,11.04774284362793,8.446777311209006,121633.59328140969
144800,0.14479899999999998,4059,7.927734375,7.927734375,8.446341784195996,0.6101180985923917,6.764891624450684,11.048096656799316,8.446341784195996,121627.32169242232
145000,0.144999,4059,7.927734375,7.927734375,8.445925278274787,0.6093121200986414,6.765121936798096,11.047056198120117,8.445925278274787,121621.32400715695
145200,0.145199,4059,7.927734375,7.927734375,8.445495818336187,0.6085041957940741,6.764026641845703,11.043999671936035,8.445495818336187,121615.13978404111
145400,0.145399,4059,7.927734375,7.927734375,8.445086579864382,0.6077709102690617,6.764899253845215,11.041473388671875,8.445086579864382,121609.2467500471
145600,0.145599,4059,7.927734375,7.927734375,8.444659403786632,0.6069730279037595,6.766185760498047,11.036755561828613,8.444659403786632,121603.0954145275
145800,0.14579899999999998,4059,7.927734375,7.927734375,8.444233325409401,0.6061842159829417,6.765963554382324,11.033151626586914,8.444233325409401,121596.95988589538
146000,0.145999,4059,7.927734375,7.927734375,8.443802066905418,0.6053713153204009,6.765050888061523,11.031023979187012,8.443802066905418,121590.74976343801
146200,0.146199,4059,7.927734375,7.927734375,8.443402519893342,0.6046519097833315,6.765822887420654,11.0291166305542,8.443402519893342,121584.99628646411
146400,0.146399,4059,7.927734375,7.927734375,8.442981400787023,0.6038732192039581,6.765614032745361,11.025376319885254,8.442981400787023,121578.93217133313
146600,0.146599,4059,7.927734375,7.927734375,8.442562318958359,0.6030947415723346,6.766095161437988,11.019083023071289,8.442562318958359,121572.89739300037
146800,0.14679899999999999,4059,7.927734375,7.927734375,8.442153626869805,0.6023410162830114,6.767264366149902,11.014079093933105,8.442153626869805,121567.01222692519
147000,0.146999,4059,7.927734375,7.927734375,8.441736377909665,0.6015448354373772,6.768535614013672,11.011664390563965,8.441736377909665,121561.00384189919
147200,0.147199,4059,7.927734375,7.927734375,8.44133259645675,0.6008002107739656,6.769725799560547,11.00704574584961,8.44133259645675,121555.18938897719
147400,0.147399,4059,7.927734375,7.927734375,8.440920975326346,0.6000023991081749,6.771693229675293,11.003922462463379,8.440920975326346,121549.26204469938
147600,0.14759899999999998,4059,7.927734375,7.927734375,8.440519296820453,0.5992100853741338,6.773810386657715,10.99858570098877,8.440519296820453,121543.47787421453
147800,0.14779899999999999,4059,7.927734375,7.927734375,8.440130869782479,0.5984454162323511,6.776101112365723,10.997901916503906,8.440130869782479,121537.8845248677
148000,0.147999,4059,7.927734375,7.927734375,8.439718596070058,0.5976633313649086,6.7784929275512695,10.996369361877441,8.439718596070058,121531.94778340883
148200,0.148199,4059,7.927734375,7.927734375,8.439311837997305,0.5969077035596545,6.780962944030762,10.995572090148926,8.439311837997305,121526.0904671612
148400,0.148399,4059,7.927734375,7.927734375,8.438898811025496,0.5961346382710228,6.782456874847412,10.988635063171387,8.438898811025496,121520.14287876713
148600,0.14859899999999998,4059,7.927734375,7.927734375,8.438494749156147,0.5953707254316433,6.783584117889404,10.9835205078125,8.438494749156147,121514.32438784851
148800,0.148799,4059,7.927734375,7.927734375,8.438094102328973,0.5945852655402755,6.785944938659668,10.981346130371094,8.438094102328973,121508.55507353721
149000,0.148999,4059,7.927734375,7.927734375,8.437699410738572,0.59380466586671,6.7879533767700195,10.979257583618164,8.437699410738572,121502.87151463545
149200,0.149199,4059,7.927734375,7.927734375,8.4373036717276,0.5930871448277807,6.787874698638916,10.977056503295898,8.4373036717276,121497.17287287743
149400,0.149399,4059,7.927734375,7.927734375,8.436898780239131,0.5923084963879773,6.788548946380615,10.973128318786621,8.436898780239131,121491.34243544348
149600,0.14959899999999998,4059,7.927734375,7.927734375,8.436502563333711,0.5915194129578686,6.791182994842529,10.969447135925293,8.436502563333711,121485.63691200544
149800,0.149799,4059,7.927734375,7.927734375,8.436111623943072,0.590779207583158,6.791292190551758,10.967772483825684,8.436111623943072,121480.00738478024
150000,0.149999,4059,7.927734375,7.927734375,8.435732046410672,0.5900806277316762,6.792262554168701,10.965506553649902,8.435732046410672,121474.54146831369
150200,0.150199,4059,7.927734375,7.927734375,8.435347420560165,0.5894228955405784,6.793469429016113,10.963024139404297,8.435347420560165,121469.00285606638
150400,0.150399,4059,7.927734375,7.927734375,8.434961655187502,0.5887330710053048,6.792187213897705,10.960986137390137,8.434961655187502,121463.44783470001
150600,0.15059899999999998,4059,7.927734375,7.927734375,8.43458425884148,0.5880172895790818,6.790956020355225,10.957712173461914,8.43458425884148,121458.01332731733
150800,0.150799,4059,7.927734375,7.927734375,8.434201554084359,0.5873091902372107,6.790811538696289,10.956554412841797,8.434201554084359,121452.50237881477
151000,0.150999,4059,7.927734375,7.927734375,8.433816289396585,0.5865438664129121,6.791562557220459,10.952914237976074,8.433816289396585,121446.95456731082
151200,0.151199,4059,7.927734375,7.927734375,8.433449639919269,0.5858772513671963,6.793363571166992,10.952431678771973,8.433449639919269,121441.67481483748
151400,0.151399,4059,7.927734375,7.927734375,8.433062195102403,0.5851090320557623,6.795711517333984,10.949234008789062,8.433062195102403,121436.0956094746
151600,0.15159899999999998,4059,7.927734375,7.927734375,8.432662641981548,0.5843114422436656,6.796824932098389,10.946223258972168,8.432662641981548,121430.34204453428
151800,0.151799,4059,7.927734375,7.927734375,8.432283071145308,0.5835475574735187,6.795485973358154,10.942900657653809,8.432283071145308,121424.87622449244
152000,0.151999,4059,7.927734375,7.927734375,8.431887873231146,0.5827555165804151,6.7950358390808105,10.939313888549805,8.431887873231146,121419.1853745285
152200,0.152199,4059,7.927734375,7.927734375,8.431506126612447,0.5820565144817291,6.795603275299072,10.935302734375,8.431506126612447,121413.68822321923
152400,0.152399,4059,7.927734375,7.927734375,8.431122784897681,0.5813499328695851,6.7945556640625,10.934996604919434,8.431122784897681,121408.16810252662
152600,0.15259899999999998,4059,7.927734375,7.927734375,8.430739341565733,0.5806704080976917,6.795647621154785,10.931001663208008,8.430739341565733,121402.64651854656
152800,0.152799,4059,7.927734375,7.927734375,8.430357244984508,0.579946827134521,6.795283794403076,10.928471565246582,8.430357244984508,121397.14432777693
153000,0.152999,4059,7.927734375,7.927734375,8.429989571229493,0.5792459363343337,6.795499801635742,10.92651653289795,8.429989571229493,121391.8498257047
153200,0.153199,4059,7.927734375,7.927734375,8.429613202920422,0.5785445437577105,6.7962327003479,10.92558479309082,8.429613202920422,121386.43012205407
153400,0.15339899999999998,4059,7.927734375,7.927734375,8.42923590666439,0.5777902642484788,6.795958042144775,10.923523902893066,8.42923590666439,121380.99705596721
153600,0.15359899999999999,4059,7.927734375,7.927734375,8.428860485568427,0.577074375933159,6.797224998474121,10.919527053833008,8.428860485568427,121375.59099218533
153800,0.153799,4059,7.927734375,7.927734375,8.428485895971207,0.5763889709707949,6.79787015914917,10.918395042419434,8.428485895971207,121370.19690198539
154000,0.153999,4059,7.927734375,7.927734375,8.428118049760673,0.5757056278377065,6.79890775680542,10.917298316955566,8.428118049760673,121364.89991655371
154200,0.154199,4059,7.927734375,7.927734375,8.427747865532618,0.5750167202947326,6.798919677734375,10.914085388183594,8.427747865532618,121359.5692636697
154400,0.15439899999999998,4059,7.927734375,7.927734375,8.427377710556215,0.5742760917300506,6.800289630889893,10.909703254699707,8.427377710556215,121354.23903200949
154600,0.154599,4059,7.927734375,7.927734375,8.427024198477126,0.5735898354473076,6.8006439208984375,10.905411720275879,8.427024198477126,121349.1484580706
154800,0.154799,4059,7.927734375,7.927734375,8.42666267837671,0.5728842921348032,6.801199913024902,10.901387214660645,8.42666267837671,121343.94256862462
155000,0.154999,4059,7.927734375,7.927734375,8.42630608547612,0.5721871136929713,6.801151752471924,10.897767066955566,8.42630608547612,121338.80763085613
155200,0.155199,4059,7.927734375,7.927734375,8.425947886554148,0.5715048589715984,6.801770210266113,10.895861625671387,8.425947886554148,121333.64956637973
155400,0.15539899999999998,4059,7.927734375,7.927734375,8.425578741993215,0.570764973072385,6.801373481750488,10.892712593078613,8.425578741993215,121328.33388470228
155600,0.155599,4059,7.927734375,7.927734375,8.425224424847595,0.5700762792062375,6.79996395111084,10.88925838470459,8.425224424847595,121323.23171780538
