18:24:26:282  Rank 0001    INFO at /home/lzy/projects/mirheo_starter/vendor/Mirheo/src/mirheo/core/logger.cpp:100 Compiled with maximum debug level 10
18:24:26:282  Rank 0001    INFO at /home/lzy/projects/mirheo_starter/vendor/Mirheo/src/mirheo/core/logger.cpp:102 Debug level requested 3, set to 3
18:24:26:282  Rank 0001    INFO at /home/lzy/projects/mirheo_starter/vendor/Mirheo/src/mirheo/core/mirheo.cpp:110 Program started, splitting communicator
18:24:26:283  Rank 0001    INFO at /home/lzy/projects/mirheo_starter/vendor/Mirheo/src/mirheo/core/postproc.cpp:24 Postprocessing initialized
18:24:26:283  Rank 0001    INFO at /home/lzy/projects/mirheo_starter/vendor/Mirheo/src/mirheo/core/postproc.cpp:31 New plugin registered: stats
18:24:26:284  Rank 0001    INFO at /home/lzy/projects/mirheo_starter/vendor/Mirheo/src/mirheo/core/postproc.cpp:31 New plugin registered: pressure
18:24:26:563  Rank 0001    INFO at /home/lzy/projects/mirheo_starter/vendor/Mirheo/src/mirheo/core/postproc.cpp:111 Postprocess is listening to messages now
18:24:26:737  Rank 0001    INFO at /home/lzy/projects/mirheo_starter/vendor/Mirheo/src/mirheo/core/postproc.cpp:122 Postprocess got a stopping message and will stop now
18:24:26:743  Rank 0001    INFO at /home/lzy/projects/mirheo_starter/vendor/Mirheo/src/mirheo/core/postproc.cpp:111 Postprocess is listening to messages now
18:24:26:897  Rank 0001    INFO at /home/lzy/projects/mirheo_starter/vendor/Mirheo/src/mirheo/core/postproc.cpp:122 Postprocess got a stopping message and will stop now
18:24:26:905  Rank 0001    INFO at /home/lzy/projects/mirheo_starter/vendor/Mirheo/src/mirheo/core/postproc.cpp:111 Postprocess is listening to messages now
18:24:27:076  Rank 0001    INFO at /home/lzy/projects/mirheo_starter/vendor/Mirheo/src/mirheo/core/postproc.cpp:122 Postprocess got a stopping message and will stop now
18:24:27:082  Rank 0001    INFO at /home/lzy/projects/mirheo_starter/vendor/Mirheo/src/mirheo/core/postproc.cpp:111 Postprocess is listening to messages now
18:24:27:252  Rank 0001    INFO at /home/lzy/projects/mirheo_starter/vendor/Mirheo/src/mirheo/core/postproc.cpp:122 Postprocess got a stopping message and will stop now
18:24:27:258  Rank 0001    INFO at /home/lzy/projects/mirheo_starter/vendor/Mirheo/src/mirheo/core/postproc.cpp:111 Postprocess is listening to messages now
18:24:27:396  Rank 0001    INFO at /home/lzy/projects/mirheo_starter/vendor/Mirheo/src/mirheo/core/postproc.cpp:122 Postprocess got a stopping message and will stop now
18:24:27:403  Rank 0001    INFO at /home/lzy/projects/mirheo_starter/vendor/Mirheo/src/mirheo/core/postproc.cpp:111 Postprocess is listening to messages now
18:24:27:538  Rank 0001    INFO at /home/lzy/projects/mirheo_starter/vendor/Mirheo/src/mirheo/core/postproc.cpp:122 Postprocess got a stopping message and will stop now
18:24:27:543  Rank 0001    INFO at /home/lzy/projects/mirheo_starter/vendor/Mirheo/src/mirheo/core/postproc.cpp:111 Postprocess is listening to messages now
18:24:27:683  Rank 0001    INFO at /home/lzy/projects/mirheo_starter/vendor/Mirheo/src/mirheo/core/postproc.cpp:122 Postprocess got a stopping message and will stop now
18:24:27:689  Rank 0001    INFO at /home/lzy/projects/mirheo_starter/vendor/Mirheo/src/mirheo/core/postproc.cpp:111 Postprocess is listening to messages now
18:24:27:826  Rank 0001    INFO at /home/lzy/projects/mirheo_starter/vendor/Mirheo/src/mirheo/core/postproc.cpp:122 Postprocess got a stopping message and will stop now
18:24:27:831  Rank 0001    INFO at /home/lzy/projects/mirheo_starter/vendor/Mirheo/src/mirheo/core/postproc.cpp:111 Postprocess is listening to messages now
18:24:27:984  Rank 0001    INFO at /home/lzy/projects/mirheo_starter/vendor/Mirheo/src/mirheo/core/postproc.cpp:122 Postprocess got a stopping message and will stop now
18:24:27:989  Rank 0001    INFO at /home/lzy/projects/mirheo_starter/vendor/Mirheo/src/mirheo/core/postproc.cpp:111 Postprocess is listening to messages now
18:24:28:120  Rank 0001    INFO at /home/lzy/projects/mirheo_starter/vendor/Mirheo/src/mirheo/core/postproc.cpp:122 Postprocess got a stopping message and will stop now
18:24:28:128  Rank 0001    INFO at /home/lzy/projects/mirheo_starter/vendor/Mirheo/src/mirheo/core/postproc.cpp:111 Postprocess is listening to messages now
18:24:28:262  Rank 0001    INFO at /home/lzy/projects/mirheo_starter/vendor/Mirheo/src/mirheo/core/postproc.cpp:122 Postprocess got a stopping message and will stop now
18:24:28:267  Rank 0001    INFO at /home/lzy/projects/mirheo_starter/vendor/Mirheo/src/mirheo/core/postproc.cpp:111 Postprocess is listening to messages now
18:24:28:406  Rank 0001    INFO at /home/lzy/projects/mirheo_starter/vendor/Mirheo/src/mirheo/core/postproc.cpp:122 Postprocess got a stopping message and will stop now
18:24:28:411  Rank 0001    INFO at /home/lzy/projects/mirheo_starter/vendor/Mirheo/src/mirheo/core/postproc.cpp:111 Postprocess is listening to messages now
18:24:28:556  Rank 0001    INFO at /home/lzy/projects/mirheo_starter/vendor/Mirheo/src/mirheo/core/postproc.cpp:122 Postprocess got a stopping message and will stop now
18:24:28:562  Rank 0001    INFO at /home/lzy/projects/mirheo_starter/vendor/Mirheo/src/mirheo/core/postproc.cpp:111 Postprocess is listening to messages now
18:24:28:720  Rank 0001    INFO at /home/lzy/projects/mirheo_starter/vendor/Mirheo/src/mirheo/core/postproc.cpp:122 Postprocess got a stopping message and will stop now
18:24:28:727  Rank 0001    INFO at /home/lzy/projects/mirheo_starter/vendor/Mirheo/src/mirheo/core/postproc.cpp:111 Postprocess is listening to messages now
18:24:28:867  Rank 0001    INFO at /home/lzy/projects/mirheo_starter/vendor/Mirheo/src/mirheo/core/postproc.cpp:122 Postprocess got a stopping message and will stop now
18:24:28:874  Rank 0001    INFO at /home/lzy/projects/mirheo_starter/vendor/Mirheo/src/mirheo/core/postproc.cpp:111 Postprocess is listening to messages now
18:24:29:014  Rank 0001    INFO at /home/lzy/projects/mirheo_starter/vendor/Mirheo/src/mirheo/core/postproc.cpp:122 Postprocess got a stopping message and will stop now
18:24:29:021  Rank 0001    INFO at /home/lzy/projects/mirheo_starter/vendor/Mirheo/src/mirheo/core/postproc.cpp:111 Postprocess is listening to messages now
18:24:29:172  Rank 0001    INFO at /home/lzy/projects/mirheo_starter/vendor/Mirheo/src/mirheo/core/postproc.cpp:122 Postprocess got a stopping message and will stop now
18:24:29:177  Rank 0001    INFO at /home/lzy/projects/mirheo_starter/vendor/Mirheo/src/mirheo/core/postproc.cpp:111 Postprocess is listening to messages now
18:24:29:318  Rank 0001    INFO at /home/lzy/projects/mirheo_starter/vendor/Mirheo/src/mirheo/core/postproc.cpp:122 Postprocess got a stopping message and will stop now
18:24:29:323  Rank 0001    INFO at /home/lzy/projects/mirheo_starter/vendor/Mirheo/src/mirheo/core/postproc.cpp:111 Postprocess is listening to messages now
18:24:29:457  Rank 0001    INFO at /home/lzy/projects/mirheo_starter/vendor/Mirheo/src/mirheo/core/postproc.cpp:122 Postprocess got a stopping message and will stop now
18:24:29:463  Rank 0001    INFO at /home/lzy/projects/mirheo_starter/vendor/Mirheo/src/mirheo/core/postproc.cpp:111 Postprocess is listening to messages now
18:24:29:603  Rank 0001    INFO at /home/lzy/projects/mirheo_starter/vendor/Mirheo/src/mirheo/core/postproc.cpp:122 Postprocess got a stopping message and will stop now
18:24:29:609  Rank 0001    INFO at /home/lzy/projects/mirheo_starter/vendor/Mirheo/src/mirheo/core/postproc.cpp:111 Postprocess is listening to messages now
18:24:29:744  Rank 0001    INFO at /home/lzy/projects/mirheo_starter/vendor/Mirheo/src/mirheo/core/postproc.cpp:122 Postprocess got a stopping message and will stop now
18:24:29:750  Rank 0001    INFO at /home/lzy/projects/mirheo_starter/vendor/Mirheo/src/mirheo/core/postproc.cpp:111 Postprocess is listening to messages now
18:24:29:894  Rank 0001    INFO at /home/lzy/projects/mirheo_starter/vendor/Mirheo/src/mirheo/core/postproc.cpp:122 Postprocess got a stopping message and will stop now
18:24:29:899  Rank 0001    INFO at /home/lzy/projects/mirheo_starter/vendor/Mirheo/src/mirheo/core/postproc.cpp:111 Postprocess is listening to messages now
18:24:30:059  Rank 0001    INFO at /home/lzy/projects/mirheo_starter/vendor/Mirheo/src/mirheo/core/postproc.cpp:122 Postprocess got a stopping message and will stop now
18:24:30:066  Rank 0001    INFO at /home/lzy/projects/mirheo_starter/vendor/Mirheo/src/mirheo/core/postproc.cpp:111 Postprocess is listening to messages now
18:24:30:210  Rank 0001    INFO at /home/lzy/projects/mirheo_starter/vendor/Mirheo/src/mirheo/core/postproc.cpp:122 Postprocess got a stopping message and will stop now
18:24:30:215  Rank 0001    INFO at /home/lzy/projects/mirheo_starter/vendor/Mirheo/src/mirheo/core/postproc.cpp:111 Postprocess is listening to messages now
18:24:30:361  Rank 0001    INFO at /home/lzy/projects/mirheo_starter/vendor/Mirheo/src/mirheo/core/postproc.cpp:122 Postprocess got a stopping message and will stop now
18:24:30:367  Rank 0001    INFO at /home/lzy/projects/mirheo_starter/vendor/Mirheo/src/mirheo/core/postproc.cpp:111 Postprocess is listening to messages now
18:24:30:508  Rank 0001    INFO at /home/lzy/projects/mirheo_starter/vendor/Mirheo/src/mirheo/core/postproc.cpp:122 Postprocess got a stopping message and will stop now
18:24:30:514  Rank 0001    INFO at /home/lzy/projects/mirheo_starter/vendor/Mirheo/src/mirheo/core/postproc.cpp:111 Postprocess is listening to messages now
18:24:30:675  Rank 0001    INFO at /home/lzy/projects/mirheo_starter/vendor/Mirheo/src/mirheo/core/postproc.cpp:122 Postprocess got a stopping message and will stop now
18:24:30:680  Rank 0001    INFO at /home/lzy/projects/mirheo_starter/vendor/Mirheo/src/mirheo/core/postproc.cpp:111 Postprocess is listening to messages now
18:24:30:823  Rank 0001    INFO at /home/lzy/projects/mirheo_starter/vendor/Mirheo/src/mirheo/core/postproc.cpp:122 Postprocess got a stopping message and will stop now
18:24:30:828  Rank 0001    INFO at /home/lzy/projects/mirheo_starter/vendor/Mirheo/src/mirheo/core/postproc.cpp:111 Postprocess is listening to messages now
18:24:30:960  Rank 0001    INFO at /home/lzy/projects/mirheo_starter/vendor/Mirheo/src/mirheo/core/postproc.cpp:122 Postprocess got a stopping message and will stop now
18:24:30:965  Rank 0001    INFO at /home/lzy/projects/mirheo_starter/vendor/Mirheo/src/mirheo/core/postproc.cpp:111 Postprocess is listening to messages now
18:24:31:109  Rank 0001    INFO at /home/lzy/projects/mirheo_starter/vendor/Mirheo/src/mirheo/core/postproc.cpp:122 Postprocess got a stopping message and will stop now
18:24:31:114  Rank 0001    INFO at /home/lzy/projects/mirheo_starter/vendor/Mirheo/src/mirheo/core/postproc.cpp:111 Postprocess is listening to messages now
18:24:31:250  Rank 0001    INFO at /home/lzy/projects/mirheo_starter/vendor/Mirheo/src/mirheo/core/postproc.cpp:122 Postprocess got a stopping message and will stop now
18:24:31:255  Rank 0001    INFO at /home/lzy/projects/mirheo_starter/vendor/Mirheo/src/mirheo/core/postproc.cpp:111 Postprocess is listening to messages now
18:24:31:406  Rank 0001    INFO at /home/lzy/projects/mirheo_starter/vendor/Mirheo/src/mirheo/core/postproc.cpp:122 Postprocess got a stopping message and will stop now
18:24:31:412  Rank 0001    INFO at /home/lzy/projects/mirheo_starter/vendor/Mirheo/src/mirheo/core/postproc.cpp:111 Postprocess is listening to messages now
18:24:31:546  Rank 0001    INFO at /home/lzy/projects/mirheo_starter/vendor/Mirheo/src/mirheo/core/postproc.cpp:122 Postprocess got a stopping message and will stop now
18:24:31:552  Rank 0001    INFO at /home/lzy/projects/mirheo_starter/vendor/Mirheo/src/mirheo/core/postproc.cpp:111 Postprocess is listening to messages now
18:24:31:697  Rank 0001    INFO at /home/lzy/projects/mirheo_starter/vendor/Mirheo/src/mirheo/core/postproc.cpp:122 Postprocess got a stopping message and will stop now
18:24:31:703  Rank 0001    INFO at /home/lzy/projects/mirheo_starter/vendor/Mirheo/src/mirheo/core/postproc.cpp:111 Postprocess is listening to messages now
18:24:31:848  Rank 0001    INFO at /home/lzy/projects/mirheo_starter/vendor/Mirheo/src/mirheo/core/postproc.cpp:122 Postprocess got a stopping message and will stop now
18:24:31:855  Rank 0001    INFO at /home/lzy/projects/mirheo_starter/vendor/Mirheo/src/mirheo/core/postproc.cpp:111 Postprocess is listening to messages now
18:24:32:008  Rank 0001    INFO at /home/lzy/projects/mirheo_starter/vendor/Mirheo/src/mirheo/core/postproc.cpp:122 Postprocess got a stopping message and will stop now
18:24:32:013  Rank 0001    INFO at /home/lzy/projects/mirheo_starter/vendor/Mirheo/src/mirheo/core/postproc.cpp:111 Postprocess is listening to messages now
18:24:32:158  Rank 0001    INFO at /home/lzy/projects/mirheo_starter/vendor/Mirheo/src/mirheo/core/postproc.cpp:122 Postprocess got a stopping message and will stop now
18:24:32:163  Rank 0001    INFO at /home/lzy/projects/mirheo_starter/vendor/Mirheo/src/mirheo/core/postproc.cpp:111 Postprocess is listening to messages now
18:24:32:309  Rank 0001    INFO at /home/lzy/projects/mirheo_starter/vendor/Mirheo/src/mirheo/core/postproc.cpp:122 Postprocess got a stopping message and will stop now
18:24:32:316  Rank 0001    INFO at /home/lzy/projects/mirheo_starter/vendor/Mirheo/src/mirheo/core/postproc.cpp:111 Postprocess is listening to messages now
18:24:32:466  Rank 0001    INFO at /home/lzy/projects/mirheo_starter/vendor/Mirheo/src/mirheo/core/postproc.cpp:122 Postprocess got a stopping message and will stop now
18:24:32:472  Rank 0001    INFO at /home/lzy/projects/mirheo_starter/vendor/Mirheo/src/mirheo/core/postproc.cpp:111 Postprocess is listening to messages now
18:24:32:617  Rank 0001    INFO at /home/lzy/projects/mirheo_starter/vendor/Mirheo/src/mirheo/core/postproc.cpp:122 Postprocess got a stopping message and will stop now
18:24:32:622  Rank 0001    INFO at /home/lzy/projects/mirheo_starter/vendor/Mirheo/src/mirheo/core/postproc.cpp:111 Postprocess is listening to messages now
18:24:32:757  Rank 0001    INFO at /home/lzy/projects/mirheo_starter/vendor/Mirheo/src/mirheo/core/postproc.cpp:122 Postprocess got a stopping message and will stop now
18:24:32:766  Rank 0001    INFO at /home/lzy/projects/mirheo_starter/vendor/Mirheo/src/mirheo/core/postproc.cpp:111 Postprocess is listening to messages now
18:24:32:912  Rank 0001    INFO at /home/lzy/projects/mirheo_starter/vendor/Mirheo/src/mirheo/core/postproc.cpp:122 Postprocess got a stopping message and will stop now
18:24:32:918  Rank 0001    INFO at /home/lzy/projects/mirheo_starter/vendor/Mirheo/src/mirheo/core/postproc.cpp:111 Postprocess is listening to messages now
18:24:33:062  Rank 0001    INFO at /home/lzy/projects/mirheo_starter/vendor/Mirheo/src/mirheo/core/postproc.cpp:122 Postprocess got a stopping message and will stop now
18:24:33:068  Rank 0001    INFO at /home/lzy/projects/mirheo_starter/vendor/Mirheo/src/mirheo/core/postproc.cpp:111 Postprocess is listening to messages now
18:24:33:217  Rank 0001    INFO at /home/lzy/projects/mirheo_starter/vendor/Mirheo/src/mirheo/core/postproc.cpp:122 Postprocess got a stopping message and will stop now
18:24:33:223  Rank 0001    INFO at /home/lzy/projects/mirheo_starter/vendor/Mirheo/src/mirheo/core/postproc.cpp:111 Postprocess is listening to messages now
18:24:33:381  Rank 0001    INFO at /home/lzy/projects/mirheo_starter/vendor/Mirheo/src/mirheo/core/postproc.cpp:122 Postprocess got a stopping message and will stop now
18:24:33:386  Rank 0001    INFO at /home/lzy/projects/mirheo_starter/vendor/Mirheo/src/mirheo/core/postproc.cpp:111 Postprocess is listening to messages now
18:24:33:545  Rank 0001    INFO at /home/lzy/projects/mirheo_starter/vendor/Mirheo/src/mirheo/core/postproc.cpp:122 Postprocess got a stopping message and will stop now
18:24:33:550  Rank 0001    INFO at /home/lzy/projects/mirheo_starter/vendor/Mirheo/src/mirheo/core/postproc.cpp:111 Postprocess is listening to messages now
18:24:33:707  Rank 0001    INFO at /home/lzy/projects/mirheo_starter/vendor/Mirheo/src/mirheo/core/postproc.cpp:122 Postprocess got a stopping message and will stop now
18:24:33:713  Rank 0001    INFO at /home/lzy/projects/mirheo_starter/vendor/Mirheo/src/mirheo/core/postproc.cpp:111 Postprocess is listening to messages now
18:24:33:876  Rank 0001    INFO at /home/lzy/projects/mirheo_starter/vendor/Mirheo/src/mirheo/core/postproc.cpp:122 Postprocess got a stopping message and will stop now
18:24:33:881  Rank 0001    INFO at /home/lzy/projects/mirheo_starter/vendor/Mirheo/src/mirheo/core/postproc.cpp:111 Postprocess is listening to messages now
18:24:34:039  Rank 0001    INFO at /home/lzy/projects/mirheo_starter/vendor/Mirheo/src/mirheo/core/postproc.cpp:122 Postprocess got a stopping message and will stop now
18:24:34:045  Rank 0001    INFO at /home/lzy/projects/mirheo_starter/vendor/Mirheo/src/mirheo/core/postproc.cpp:111 Postprocess is listening to messages now
18:24:34:201  Rank 0001    INFO at /home/lzy/projects/mirheo_starter/vendor/Mirheo/src/mirheo/core/postproc.cpp:122 Postprocess got a stopping message and will stop now
18:24:34:208  Rank 0001    INFO at /home/lzy/projects/mirheo_starter/vendor/Mirheo/src/mirheo/core/postproc.cpp:111 Postprocess is listening to messages now
18:24:34:372  Rank 0001    INFO at /home/lzy/projects/mirheo_starter/vendor/Mirheo/src/mirheo/core/postproc.cpp:122 Postprocess got a stopping message and will stop now
18:24:34:377  Rank 0001    INFO at /home/lzy/projects/mirheo_starter/vendor/Mirheo/src/mirheo/core/postproc.cpp:111 Postprocess is listening to messages now
18:24:34:535  Rank 0001    INFO at /home/lzy/projects/mirheo_starter/vendor/Mirheo/src/mirheo/core/postproc.cpp:122 Postprocess got a stopping message and will stop now
18:24:34:541  Rank 0001    INFO at /home/lzy/projects/mirheo_starter/vendor/Mirheo/src/mirheo/core/postproc.cpp:111 Postprocess is listening to messages now
18:24:34:694  Rank 0001    INFO at /home/lzy/projects/mirheo_starter/vendor/Mirheo/src/mirheo/core/postproc.cpp:122 Postprocess got a stopping message and will stop now
18:24:34:700  Rank 0001    INFO at /home/lzy/projects/mirheo_starter/vendor/Mirheo/src/mirheo/core/postproc.cpp:111 Postprocess is listening to messages now
18:24:34:858  Rank 0001    INFO at /home/lzy/projects/mirheo_starter/vendor/Mirheo/src/mirheo/core/postproc.cpp:122 Postprocess got a stopping message and will stop now
18:24:34:864  Rank 0001    INFO at /home/lzy/projects/mirheo_starter/vendor/Mirheo/src/mirheo/core/postproc.cpp:111 Postprocess is listening to messages now
18:24:35:024  Rank 0001    INFO at /home/lzy/projects/mirheo_starter/vendor/Mirheo/src/mirheo/core/postproc.cpp:122 Postprocess got a stopping message and will stop now
18:24:35:029  Rank 0001    INFO at /home/lzy/projects/mirheo_starter/vendor/Mirheo/src/mirheo/core/postproc.cpp:111 Postprocess is listening to messages now
18:24:35:189  Rank 0001    INFO at /home/lzy/projects/mirheo_starter/vendor/Mirheo/src/mirheo/core/postproc.cpp:122 Postprocess got a stopping message and will stop now
18:24:35:194  Rank 0001    INFO at /home/lzy/projects/mirheo_starter/vendor/Mirheo/src/mirheo/core/postproc.cpp:111 Postprocess is listening to messages now
18:24:35:356  Rank 0001    INFO at /home/lzy/projects/mirheo_starter/vendor/Mirheo/src/mirheo/core/postproc.cpp:122 Postprocess got a stopping message and will stop now
18:24:35:361  Rank 0001    INFO at /home/lzy/projects/mirheo_starter/vendor/Mirheo/src/mirheo/core/postproc.cpp:111 Postprocess is listening to messages now
18:24:35:527  Rank 0001    INFO at /home/lzy/projects/mirheo_starter/vendor/Mirheo/src/mirheo/core/postproc.cpp:122 Postprocess got a stopping message and will stop now
18:24:35:533  Rank 0001    INFO at /home/lzy/projects/mirheo_starter/vendor/Mirheo/src/mirheo/core/postproc.cpp:111 Postprocess is listening to messages now
18:24:35:704  Rank 0001    INFO at /home/lzy/projects/mirheo_starter/vendor/Mirheo/src/mirheo/core/postproc.cpp:122 Postprocess got a stopping message and will stop now
18:24:35:711  Rank 0001    INFO at /home/lzy/projects/mirheo_starter/vendor/Mirheo/src/mirheo/core/postproc.cpp:111 Postprocess is listening to messages now
18:24:35:875  Rank 0001    INFO at /home/lzy/projects/mirheo_starter/vendor/Mirheo/src/mirheo/core/postproc.cpp:122 Postprocess got a stopping message and will stop now
18:24:35:880  Rank 0001    INFO at /home/lzy/projects/mirheo_starter/vendor/Mirheo/src/mirheo/core/postproc.cpp:111 Postprocess is listening to messages now
18:24:36:050  Rank 0001    INFO at /home/lzy/projects/mirheo_starter/vendor/Mirheo/src/mirheo/core/postproc.cpp:122 Postprocess got a stopping message and will stop now
18:24:36:055  Rank 0001    INFO at /home/lzy/projects/mirheo_starter/vendor/Mirheo/src/mirheo/core/postproc.cpp:111 Postprocess is listening to messages now
18:24:36:212  Rank 0001    INFO at /home/lzy/projects/mirheo_starter/vendor/Mirheo/src/mirheo/core/postproc.cpp:122 Postprocess got a stopping message and will stop now
18:24:36:218  Rank 0001    INFO at /home/lzy/projects/mirheo_starter/vendor/Mirheo/src/mirheo/core/postproc.cpp:111 Postprocess is listening to messages now
18:24:36:383  Rank 0001    INFO at /home/lzy/projects/mirheo_starter/vendor/Mirheo/src/mirheo/core/postproc.cpp:122 Postprocess got a stopping message and will stop now
18:24:36:388  Rank 0001    INFO at /home/lzy/projects/mirheo_starter/vendor/Mirheo/src/mirheo/core/postproc.cpp:111 Postprocess is listening to messages now
18:24:36:555  Rank 0001    INFO at /home/lzy/projects/mirheo_starter/vendor/Mirheo/src/mirheo/core/postproc.cpp:122 Postprocess got a stopping message and will stop now
18:24:36:560  Rank 0001    INFO at /home/lzy/projects/mirheo_starter/vendor/Mirheo/src/mirheo/core/postproc.cpp:111 Postprocess is listening to messages now
18:24:36:731  Rank 0001    INFO at /home/lzy/projects/mirheo_starter/vendor/Mirheo/src/mirheo/core/postproc.cpp:122 Postprocess got a stopping message and will stop now
18:24:36:737  Rank 0001    INFO at /home/lzy/projects/mirheo_starter/vendor/Mirheo/src/mirheo/core/postproc.cpp:111 Postprocess is listening to messages now
18:24:36:911  Rank 0001    INFO at /home/lzy/projects/mirheo_starter/vendor/Mirheo/src/mirheo/core/postproc.cpp:122 Postprocess got a stopping message and will stop now
18:24:36:916  Rank 0001    INFO at /home/lzy/projects/mirheo_starter/vendor/Mirheo/src/mirheo/core/postproc.cpp:111 Postprocess is listening to messages now
18:24:37:088  Rank 0001    INFO at /home/lzy/projects/mirheo_starter/vendor/Mirheo/src/mirheo/core/postproc.cpp:122 Postprocess got a stopping message and will stop now
18:24:37:093  Rank 0001    INFO at /home/lzy/projects/mirheo_starter/vendor/Mirheo/src/mirheo/core/postproc.cpp:111 Postprocess is listening to messages now
18:24:37:260  Rank 0001    INFO at /home/lzy/projects/mirheo_starter/vendor/Mirheo/src/mirheo/core/postproc.cpp:122 Postprocess got a stopping message and will stop now
18:24:37:267  Rank 0001    INFO at /home/lzy/projects/mirheo_starter/vendor/Mirheo/src/mirheo/core/postproc.cpp:111 Postprocess is listening to messages now
18:24:37:438  Rank 0001    INFO at /home/lzy/projects/mirheo_starter/vendor/Mirheo/src/mirheo/core/postproc.cpp:122 Postprocess got a stopping message and will stop now
18:24:37:444  Rank 0001    INFO at /home/lzy/projects/mirheo_starter/vendor/Mirheo/src/mirheo/core/postproc.cpp:111 Postprocess is listening to messages now
18:24:37:621  Rank 0001    INFO at /home/lzy/projects/mirheo_starter/vendor/Mirheo/src/mirheo/core/postproc.cpp:122 Postprocess got a stopping message and will stop now
18:24:37:626  Rank 0001    INFO at /home/lzy/projects/mirheo_starter/vendor/Mirheo/src/mirheo/core/postproc.cpp:111 Postprocess is listening to messages now
18:24:37:809  Rank 0001    INFO at /home/lzy/projects/mirheo_starter/vendor/Mirheo/src/mirheo/core/postproc.cpp:122 Postprocess got a stopping message and will stop now
18:24:37:815  Rank 0001    INFO at /home/lzy/projects/mirheo_starter/vendor/Mirheo/src/mirheo/core/postproc.cpp:111 Postprocess is listening to messages now
18:24:37:993  Rank 0001    INFO at /home/lzy/projects/mirheo_starter/vendor/Mirheo/src/mirheo/core/postproc.cpp:122 Postprocess got a stopping message and will stop now
18:24:37:998  Rank 0001    INFO at /home/lzy/projects/mirheo_starter/vendor/Mirheo/src/mirheo/core/postproc.cpp:111 Postprocess is listening to messages now
18:24:38:178  Rank 0001    INFO at /home/lzy/projects/mirheo_starter/vendor/Mirheo/src/mirheo/core/postproc.cpp:122 Postprocess got a stopping message and will stop now
18:24:38:184  Rank 0001    INFO at /home/lzy/projects/mirheo_starter/vendor/Mirheo/src/mirheo/core/postproc.cpp:111 Postprocess is listening to messages now
18:24:38:365  Rank 0001    INFO at /home/lzy/projects/mirheo_starter/vendor/Mirheo/src/mirheo/core/postproc.cpp:122 Postprocess got a stopping message and will stop now
18:24:38:372  Rank 0001    INFO at /home/lzy/projects/mirheo_starter/vendor/Mirheo/src/mirheo/core/postproc.cpp:111 Postprocess is listening to messages now
18:24:38:548  Rank 0001    INFO at /home/lzy/projects/mirheo_starter/vendor/Mirheo/src/mirheo/core/postproc.cpp:122 Postprocess got a stopping message and will stop now
18:24:38:556  Rank 0001    INFO at /home/lzy/projects/mirheo_starter/vendor/Mirheo/src/mirheo/core/postproc.cpp:111 Postprocess is listening to messages now
18:24:38:734  Rank 0001    INFO at /home/lzy/projects/mirheo_starter/vendor/Mirheo/src/mirheo/core/postproc.cpp:122 Postprocess got a stopping message and will stop now
18:24:38:740  Rank 0001    INFO at /home/lzy/projects/mirheo_starter/vendor/Mirheo/src/mirheo/core/postproc.cpp:111 Postprocess is listening to messages now
18:24:38:918  Rank 0001    INFO at /home/lzy/projects/mirheo_starter/vendor/Mirheo/src/mirheo/core/postproc.cpp:122 Postprocess got a stopping message and will stop now
18:24:38:923  Rank 0001    INFO at /home/lzy/projects/mirheo_starter/vendor/Mirheo/src/mirheo/core/postproc.cpp:111 Postprocess is listening to messages now
18:24:39:095  Rank 0001    INFO at /home/lzy/projects/mirheo_starter/vendor/Mirheo/src/mirheo/core/postproc.cpp:122 Postprocess got a stopping message and will stop now
18:24:39:100  Rank 0001    INFO at /home/lzy/projects/mirheo_starter/vendor/Mirheo/src/mirheo/core/postproc.cpp:111 Postprocess is listening to messages now
18:24:39:285  Rank 0001    INFO at /home/lzy/projects/mirheo_starter/vendor/Mirheo/src/mirheo/core/postproc.cpp:122 Postprocess got a stopping message and will stop now
18:24:39:290  Rank 0001    INFO at /home/lzy/projects/mirheo_starter/vendor/Mirheo/src/mirheo/core/postproc.cpp:111 Postprocess is listening to messages now
18:24:39:475  Rank 0001    INFO at /home/lzy/projects/mirheo_starter/vendor/Mirheo/src/mirheo/core/postproc.cpp:122 Postprocess got a stopping message and will stop now
18:24:39:481  Rank 0001    INFO at /home/lzy/projects/mirheo_starter/vendor/Mirheo/src/mirheo/core/postproc.cpp:111 Postprocess is listening to messages now
18:24:39:658  Rank 0001    INFO at /home/lzy/projects/mirheo_starter/vendor/Mirheo/src/mirheo/core/postproc.cpp:122 Postprocess got a stopping message and will stop now
18:24:39:664  Rank 0001    INFO at /home/lzy/projects/mirheo_starter/vendor/Mirheo/src/mirheo/core/postproc.cpp:111 Postprocess is listening to messages now
18:24:39:857  Rank 0001    INFO at /home/lzy/projects/mirheo_starter/vendor/Mirheo/src/mirheo/core/postproc.cpp:122 Postprocess got a stopping message and will stop now
18:24:39:863  Rank 0001    INFO at /home/lzy/projects/mirheo_starter/vendor/Mirheo/src/mirheo/core/postproc.cpp:111 Postprocess is listening to messages now
18:24:40:047  Rank 0001    INFO at /home/lzy/projects/mirheo_starter/vendor/Mirheo/src/mirheo/core/postproc.cpp:122 Postprocess got a stopping message and will stop now
18:24:40:052  Rank 0001    INFO at /home/lzy/projects/mirheo_starter/vendor/Mirheo/src/mirheo/core/postproc.cpp:111 Postprocess is listening to messages now
18:24:40:231  Rank 0001    INFO at /home/lzy/projects/mirheo_starter/vendor/Mirheo/src/mirheo/core/postproc.cpp:122 Postprocess got a stopping message and will stop now
18:24:40:236  Rank 0001    INFO at /home/lzy/projects/mirheo_starter/vendor/Mirheo/src/mirheo/core/postproc.cpp:111 Postprocess is listening to messages now
18:24:40:423  Rank 0001    INFO at /home/lzy/projects/mirheo_starter/vendor/Mirheo/src/mirheo/core/postproc.cpp:122 Postprocess got a stopping message and will stop now
18:24:40:428  Rank 0001    INFO at /home/lzy/projects/mirheo_starter/vendor/Mirheo/src/mirheo/core/postproc.cpp:111 Postprocess is listening to messages now
18:24:40:629  Rank 0001    INFO at /home/lzy/projects/mirheo_starter/vendor/Mirheo/src/mirheo/core/postproc.cpp:122 Postprocess got a stopping message and will stop now
18:24:40:634  Rank 0001    INFO at /home/lzy/projects/mirheo_starter/vendor/Mirheo/src/mirheo/core/postproc.cpp:111 Postprocess is listening to messages now
18:24:40:821  Rank 0001    INFO at /home/lzy/projects/mirheo_starter/vendor/Mirheo/src/mirheo/core/postproc.cpp:122 Postprocess got a stopping message and will stop now
18:24:40:826  Rank 0001    INFO at /home/lzy/projects/mirheo_starter/vendor/Mirheo/src/mirheo/core/postproc.cpp:111 Postprocess is listening to messages now
18:24:41:008  Rank 0001    INFO at /home/lzy/projects/mirheo_starter/vendor/Mirheo/src/mirheo/core/postproc.cpp:122 Postprocess got a stopping message and will stop now
18:24:41:013  Rank 0001    INFO at /home/lzy/projects/mirheo_starter/vendor/Mirheo/src/mirheo/core/postproc.cpp:111 Postprocess is listening to messages now
18:24:41:195  Rank 0001    INFO at /home/lzy/projects/mirheo_starter/vendor/Mirheo/src/mirheo/core/postproc.cpp:122 Postprocess got a stopping message and will stop now
18:24:41:204  Rank 0001    INFO at /home/lzy/projects/mirheo_starter/vendor/Mirheo/src/mirheo/core/postproc.cpp:111 Postprocess is listening to messages now
18:24:41:394  Rank 0001    INFO at /home/lzy/projects/mirheo_starter/vendor/Mirheo/src/mirheo/core/postproc.cpp:122 Postprocess got a stopping message and will stop now
18:24:41:399  Rank 0001    INFO at /home/lzy/projects/mirheo_starter/vendor/Mirheo/src/mirheo/core/postproc.cpp:111 Postprocess is listening to messages now
18:24:41:586  Rank 0001    INFO at /home/lzy/projects/mirheo_starter/vendor/Mirheo/src/mirheo/core/postproc.cpp:122 Postprocess got a stopping message and will stop now
18:24:41:591  Rank 0001    INFO at /home/lzy/projects/mirheo_starter/vendor/Mirheo/src/mirheo/core/postproc.cpp:111 Postprocess is listening to messages now
18:24:41:778  Rank 0001    INFO at /home/lzy/projects/mirheo_starter/vendor/Mirheo/src/mirheo/core/postproc.cpp:122 Postprocess got a stopping message and will stop now
18:24:41:783  Rank 0001    INFO at /home/lzy/projects/mirheo_starter/vendor/Mirheo/src/mirheo/core/postproc.cpp:111 Postprocess is listening to messages now
18:24:41:979  Rank 0001    INFO at /home/lzy/projects/mirheo_starter/vendor/Mirheo/src/mirheo/core/postproc.cpp:122 Postprocess got a stopping message and will stop now
18:24:41:984  Rank 0001    INFO at /home/lzy/projects/mirheo_starter/vendor/Mirheo/src/mirheo/core/postproc.cpp:111 Postprocess is listening to messages now
18:24:42:183  Rank 0001    INFO at /home/lzy/projects/mirheo_starter/vendor/Mirheo/src/mirheo/core/postproc.cpp:122 Postprocess got a stopping message and will stop now
18:24:42:188  Rank 0001    INFO at /home/lzy/projects/mirheo_starter/vendor/Mirheo/src/mirheo/core/postproc.cpp:111 Postprocess is listening to messages now
18:24:42:378  Rank 0001    INFO at /home/lzy/projects/mirheo_starter/vendor/Mirheo/src/mirheo/core/postproc.cpp:122 Postprocess got a stopping message and will stop now
18:24:42:384  Rank 0001    INFO at /home/lzy/projects/mirheo_starter/vendor/Mirheo/src/mirheo/core/postproc.cpp:111 Postprocess is listening to messages now
18:24:42:579  Rank 0001    INFO at /home/lzy/projects/mirheo_starter/vendor/Mirheo/src/mirheo/core/postproc.cpp:122 Postprocess got a stopping message and will stop now
18:24:42:585  Rank 0001    INFO at /home/lzy/projects/mirheo_starter/vendor/Mirheo/src/mirheo/core/postproc.cpp:111 Postprocess is listening to messages now
18:24:42:821  Rank 0001    INFO at /home/lzy/projects/mirheo_starter/vendor/Mirheo/src/mirheo/core/postproc.cpp:122 Postprocess got a stopping message and will stop now
18:24:42:829  Rank 0001    INFO at /home/lzy/projects/mirheo_starter/vendor/Mirheo/src/mirheo/core/postproc.cpp:111 Postprocess is listening to messages now
18:24:43:041  Rank 0001    INFO at /home/lzy/projects/mirheo_starter/vendor/Mirheo/src/mirheo/core/postproc.cpp:122 Postprocess got a stopping message and will stop now
18:24:43:046  Rank 0001    INFO at /home/lzy/projects/mirheo_starter/vendor/Mirheo/src/mirheo/core/postproc.cpp:111 Postprocess is listening to messages now
18:24:43:285  Rank 0001    INFO at /home/lzy/projects/mirheo_starter/vendor/Mirheo/src/mirheo/core/postproc.cpp:122 Postprocess got a stopping message and will stop now
18:24:43:293  Rank 0001    INFO at /home/lzy/projects/mirheo_starter/vendor/Mirheo/src/mirheo/core/postproc.cpp:111 Postprocess is listening to messages now
18:24:43:523  Rank 0001    INFO at /home/lzy/projects/mirheo_starter/vendor/Mirheo/src/mirheo/core/postproc.cpp:122 Postprocess got a stopping message and will stop now
18:24:43:534  Rank 0001    INFO at /home/lzy/projects/mirheo_starter/vendor/Mirheo/src/mirheo/core/postproc.cpp:111 Postprocess is listening to messages now
18:24:43:741  Rank 0001    INFO at /home/lzy/projects/mirheo_starter/vendor/Mirheo/src/mirheo/core/postproc.cpp:122 Postprocess got a stopping message and will stop now
18:24:43:747  Rank 0001    INFO at /home/lzy/projects/mirheo_starter/vendor/Mirheo/src/mirheo/core/postproc.cpp:111 Postprocess is listening to messages now
18:24:43:955  Rank 0001    INFO at /home/lzy/projects/mirheo_starter/vendor/Mirheo/src/mirheo/core/postproc.cpp:122 Postprocess got a stopping message and will stop now
18:24:43:960  Rank 0001    INFO at /home/lzy/projects/mirheo_starter/vendor/Mirheo/src/mirheo/core/postproc.cpp:111 Postprocess is listening to messages now
18:24:44:151  Rank 0001    INFO at /home/lzy/projects/mirheo_starter/vendor/Mirheo/src/mirheo/core/postproc.cpp:122 Postprocess got a stopping message and will stop now
18:24:44:157  Rank 0001    INFO at /home/lzy/projects/mirheo_starter/vendor/Mirheo/src/mirheo/core/postproc.cpp:111 Postprocess is listening to messages now
18:24:44:359  Rank 0001    INFO at /home/lzy/projects/mirheo_starter/vendor/Mirheo/src/mirheo/core/postproc.cpp:122 Postprocess got a stopping message and will stop now
18:24:44:364  Rank 0001    INFO at /home/lzy/projects/mirheo_starter/vendor/Mirheo/src/mirheo/core/postproc.cpp:111 Postprocess is listening to messages now
18:24:44:563  Rank 0001    INFO at /home/lzy/projects/mirheo_starter/vendor/Mirheo/src/mirheo/core/postproc.cpp:122 Postprocess got a stopping message and will stop now
18:24:44:569  Rank 0001    INFO at /home/lzy/projects/mirheo_starter/vendor/Mirheo/src/mirheo/core/postproc.cpp:111 Postprocess is listening to messages now
18:24:44:764  Rank 0001    INFO at /home/lzy/projects/mirheo_starter/vendor/Mirheo/src/mirheo/core/postproc.cpp:122 Postprocess got a stopping message and will stop now
18:24:44:769  Rank 0001    INFO at /home/lzy/projects/mirheo_starter/vendor/Mirheo/src/mirheo/core/postproc.cpp:111 Postprocess is listening to messages now
18:24:44:972  Rank 0001    INFO at /home/lzy/projects/mirheo_starter/vendor/Mirheo/src/mirheo/core/postproc.cpp:122 Postprocess got a stopping message and will stop now
18:24:44:980  Rank 0001    INFO at /home/lzy/projects/mirheo_starter/vendor/Mirheo/src/mirheo/core/postproc.cpp:111 Postprocess is listening to messages now
18:24:45:181  Rank 0001    INFO at /home/lzy/projects/mirheo_starter/vendor/Mirheo/src/mirheo/core/postproc.cpp:122 Postprocess got a stopping message and will stop now
18:24:45:187  Rank 0001    INFO at /home/lzy/projects/mirheo_starter/vendor/Mirheo/src/mirheo/core/postproc.cpp:111 Postprocess is listening to messages now
18:24:45:403  Rank 0001    INFO at /home/lzy/projects/mirheo_starter/vendor/Mirheo/src/mirheo/core/postproc.cpp:122 Postprocess got a stopping message and will stop now
18:24:45:410  Rank 0001    INFO at /home/lzy/projects/mirheo_starter/vendor/Mirheo/src/mirheo/core/postproc.cpp:111 Postprocess is listening to messages now
18:24:45:659  Rank 0001    INFO at /home/lzy/projects/mirheo_starter/vendor/Mirheo/src/mirheo/core/postproc.cpp:122 Postprocess got a stopping message and will stop now
18:24:45:667  Rank 0001    INFO at /home/lzy/projects/mirheo_starter/vendor/Mirheo/src/mirheo/core/postproc.cpp:111 Postprocess is listening to messages now
18:24:45:879  Rank 0001    INFO at /home/lzy/projects/mirheo_starter/vendor/Mirheo/src/mirheo/core/postproc.cpp:122 Postprocess got a stopping message and will stop now
18:24:45:884  Rank 0001    INFO at /home/lzy/projects/mirheo_starter/vendor/Mirheo/src/mirheo/core/postproc.cpp:111 Postprocess is listening to messages now
18:24:46:126  Rank 0001    INFO at /home/lzy/projects/mirheo_starter/vendor/Mirheo/src/mirheo/core/postproc.cpp:122 Postprocess got a stopping message and will stop now
18:24:46:135  Rank 0001    INFO at /home/lzy/projects/mirheo_starter/vendor/Mirheo/src/mirheo/core/postproc.cpp:111 Postprocess is listening to messages now
18:24:46:347  Rank 0001    INFO at /home/lzy/projects/mirheo_starter/vendor/Mirheo/src/mirheo/core/postproc.cpp:122 Postprocess got a stopping message and will stop now
18:24:46:354  Rank 0001    INFO at /home/lzy/projects/mirheo_starter/vendor/Mirheo/src/mirheo/core/postproc.cpp:111 Postprocess is listening to messages now
18:24:46:566  Rank 0001    INFO at /home/lzy/projects/mirheo_starter/vendor/Mirheo/src/mirheo/core/postproc.cpp:122 Postprocess got a stopping message and will stop now
18:24:46:573  Rank 0001    INFO at /home/lzy/projects/mirheo_starter/vendor/Mirheo/src/mirheo/core/postproc.cpp:111 Postprocess is listening to messages now
18:24:46:837  Rank 0001    INFO at /home/lzy/projects/mirheo_starter/vendor/Mirheo/src/mirheo/core/postproc.cpp:122 Postprocess got a stopping message and will stop now
18:24:46:846  Rank 0001    INFO at /home/lzy/projects/mirheo_starter/vendor/Mirheo/src/mirheo/core/postproc.cpp:111 Postprocess is listening to messages now
18:24:47:071  Rank 0001    INFO at /home/lzy/projects/mirheo_starter/vendor/Mirheo/src/mirheo/core/postproc.cpp:122 Postprocess got a stopping message and will stop now
18:24:47:077  Rank 0001    INFO at /home/lzy/projects/mirheo_starter/vendor/Mirheo/src/mirheo/core/postproc.cpp:111 Postprocess is listening to messages now
18:24:47:292  Rank 0001    INFO at /home/lzy/projects/mirheo_starter/vendor/Mirheo/src/mirheo/core/postproc.cpp:122 Postprocess got a stopping message and will stop now
18:24:47:299  Rank 0001    INFO at /home/lzy/projects/mirheo_starter/vendor/Mirheo/src/mirheo/core/postproc.cpp:111 Postprocess is listening to messages now
18:24:47:514  Rank 0001    INFO at /home/lzy/projects/mirheo_starter/vendor/Mirheo/src/mirheo/core/postproc.cpp:122 Postprocess got a stopping message and will stop now
18:24:47:521  Rank 0001    INFO at /home/lzy/projects/mirheo_starter/vendor/Mirheo/src/mirheo/core/postproc.cpp:111 Postprocess is listening to messages now
18:24:47:784  Rank 0001    INFO at /home/lzy/projects/mirheo_starter/vendor/Mirheo/src/mirheo/core/postproc.cpp:122 Postprocess got a stopping message and will stop now
18:24:47:792  Rank 0001    INFO at /home/lzy/projects/mirheo_starter/vendor/Mirheo/src/mirheo/core/postproc.cpp:111 Postprocess is listening to messages now
18:24:48:059  Rank 0001    INFO at /home/lzy/projects/mirheo_starter/vendor/Mirheo/src/mirheo/core/postproc.cpp:122 Postprocess got a stopping message and will stop now
18:24:48:066  Rank 0001    INFO at /home/lzy/projects/mirheo_starter/vendor/Mirheo/src/mirheo/core/postproc.cpp:111 Postprocess is listening to messages now
18:24:48:280  Rank 0001    INFO at /home/lzy/projects/mirheo_starter/vendor/Mirheo/src/mirheo/core/postproc.cpp:122 Postprocess got a stopping message and will stop now
18:24:48:285  Rank 0001    INFO at /home/lzy/projects/mirheo_starter/vendor/Mirheo/src/mirheo/core/postproc.cpp:111 Postprocess is listening to messages now
18:24:48:497  Rank 0001    INFO at /home/lzy/projects/mirheo_starter/vendor/Mirheo/src/mirheo/core/postproc.cpp:122 Postprocess got a stopping message and will stop now
18:24:48:503  Rank 0001    INFO at /home/lzy/projects/mirheo_starter/vendor/Mirheo/src/mirheo/core/postproc.cpp:111 Postprocess is listening to messages now
18:24:48:712  Rank 0001    INFO at /home/lzy/projects/mirheo_starter/vendor/Mirheo/src/mirheo/core/postproc.cpp:122 Postprocess got a stopping message and will stop now
18:24:48:717  Rank 0001    INFO at /home/lzy/projects/mirheo_starter/vendor/Mirheo/src/mirheo/core/postproc.cpp:111 Postprocess is listening to messages now
18:24:48:915  Rank 0001    INFO at /home/lzy/projects/mirheo_starter/vendor/Mirheo/src/mirheo/core/postproc.cpp:122 Postprocess got a stopping message and will stop now
18:24:48:920  Rank 0001    INFO at /home/lzy/projects/mirheo_starter/vendor/Mirheo/src/mirheo/core/postproc.cpp:111 Postprocess is listening to messages now
18:24:49:117  Rank 0001    INFO at /home/lzy/projects/mirheo_starter/vendor/Mirheo/src/mirheo/core/postproc.cpp:122 Postprocess got a stopping message and will stop now
18:24:49:123  Rank 0001    INFO at /home/lzy/projects/mirheo_starter/vendor/Mirheo/src/mirheo/core/postproc.cpp:111 Postprocess is listening to messages now
18:24:49:313  Rank 0001    INFO at /home/lzy/projects/mirheo_starter/vendor/Mirheo/src/mirheo/core/postproc.cpp:122 Postprocess got a stopping message and will stop now
18:24:49:320  Rank 0001    INFO at /home/lzy/projects/mirheo_starter/vendor/Mirheo/src/mirheo/core/postproc.cpp:111 Postprocess is listening to messages now
18:24:49:513  Rank 0001    INFO at /home/lzy/projects/mirheo_starter/vendor/Mirheo/src/mirheo/core/postproc.cpp:122 Postprocess got a stopping message and will stop now
18:24:49:518  Rank 0001    INFO at /home/lzy/projects/mirheo_starter/vendor/Mirheo/src/mirheo/core/postproc.cpp:111 Postprocess is listening to messages now
18:24:49:706  Rank 0001    INFO at /home/lzy/projects/mirheo_starter/vendor/Mirheo/src/mirheo/core/postproc.cpp:122 Postprocess got a stopping message and will stop now
18:24:49:711  Rank 0001    INFO at /home/lzy/projects/mirheo_starter/vendor/Mirheo/src/mirheo/core/postproc.cpp:111 Postprocess is listening to messages now
18:24:49:907  Rank 0001    INFO at /home/lzy/projects/mirheo_starter/vendor/Mirheo/src/mirheo/core/postproc.cpp:122 Postprocess got a stopping message and will stop now
18:24:49:913  Rank 0001    INFO at /home/lzy/projects/mirheo_starter/vendor/Mirheo/src/mirheo/core/postproc.cpp:111 Postprocess is listening to messages now
18:24:50:116  Rank 0001    INFO at /home/lzy/projects/mirheo_starter/vendor/Mirheo/src/mirheo/core/postproc.cpp:122 Postprocess got a stopping message and will stop now
18:24:50:121  Rank 0001    INFO at /home/lzy/projects/mirheo_starter/vendor/Mirheo/src/mirheo/core/postproc.cpp:111 Postprocess is listening to messages now
18:24:50:325  Rank 0001    INFO at /home/lzy/projects/mirheo_starter/vendor/Mirheo/src/mirheo/core/postproc.cpp:122 Postprocess got a stopping message and will stop now
18:24:50:331  Rank 0001    INFO at /home/lzy/projects/mirheo_starter/vendor/Mirheo/src/mirheo/core/postproc.cpp:111 Postprocess is listening to messages now
18:24:50:535  Rank 0001    INFO at /home/lzy/projects/mirheo_starter/vendor/Mirheo/src/mirheo/core/postproc.cpp:122 Postprocess got a stopping message and will stop now
18:24:50:540  Rank 0001    INFO at /home/lzy/projects/mirheo_starter/vendor/Mirheo/src/mirheo/core/postproc.cpp:111 Postprocess is listening to messages now
18:24:50:730  Rank 0001    INFO at /home/lzy/projects/mirheo_starter/vendor/Mirheo/src/mirheo/core/postproc.cpp:122 Postprocess got a stopping message and will stop now
18:24:50:735  Rank 0001    INFO at /home/lzy/projects/mirheo_starter/vendor/Mirheo/src/mirheo/core/postproc.cpp:111 Postprocess is listening to messages now
18:24:50:922  Rank 0001    INFO at /home/lzy/projects/mirheo_starter/vendor/Mirheo/src/mirheo/core/postproc.cpp:122 Postprocess got a stopping message and will stop now
18:24:50:928  Rank 0001    INFO at /home/lzy/projects/mirheo_starter/vendor/Mirheo/src/mirheo/core/postproc.cpp:111 Postprocess is listening to messages now
18:24:51:125  Rank 0001    INFO at /home/lzy/projects/mirheo_starter/vendor/Mirheo/src/mirheo/core/postproc.cpp:122 Postprocess got a stopping message and will stop now
18:24:51:131  Rank 0001    INFO at /home/lzy/projects/mirheo_starter/vendor/Mirheo/src/mirheo/core/postproc.cpp:111 Postprocess is listening to messages now
18:24:51:319  Rank 0001    INFO at /home/lzy/projects/mirheo_starter/vendor/Mirheo/src/mirheo/core/postproc.cpp:122 Postprocess got a stopping message and will stop now
18:24:51:325  Rank 0001    INFO at /home/lzy/projects/mirheo_starter/vendor/Mirheo/src/mirheo/core/postproc.cpp:111 Postprocess is listening to messages now
18:24:51:514  Rank 0001    INFO at /home/lzy/projects/mirheo_starter/vendor/Mirheo/src/mirheo/core/postproc.cpp:122 Postprocess got a stopping message and will stop now
18:24:51:519  Rank 0001    INFO at /home/lzy/projects/mirheo_starter/vendor/Mirheo/src/mirheo/core/postproc.cpp:111 Postprocess is listening to messages now
18:24:51:708  Rank 0001    INFO at /home/lzy/projects/mirheo_starter/vendor/Mirheo/src/mirheo/core/postproc.cpp:122 Postprocess got a stopping message and will stop now
18:24:51:714  Rank 0001    INFO at /home/lzy/projects/mirheo_starter/vendor/Mirheo/src/mirheo/core/postproc.cpp:111 Postprocess is listening to messages now
18:24:51:905  Rank 0001    INFO at /home/lzy/projects/mirheo_starter/vendor/Mirheo/src/mirheo/core/postproc.cpp:122 Postprocess got a stopping message and will stop now
18:24:51:911  Rank 0001    INFO at /home/lzy/projects/mirheo_starter/vendor/Mirheo/src/mirheo/core/postproc.cpp:111 Postprocess is listening to messages now
18:24:52:118  Rank 0001    INFO at /home/lzy/projects/mirheo_starter/vendor/Mirheo/src/mirheo/core/postproc.cpp:122 Postprocess got a stopping message and will stop now
18:24:52:124  Rank 0001    INFO at /home/lzy/projects/mirheo_starter/vendor/Mirheo/src/mirheo/core/postproc.cpp:111 Postprocess is listening to messages now
18:24:52:323  Rank 0001    INFO at /home/lzy/projects/mirheo_starter/vendor/Mirheo/src/mirheo/core/postproc.cpp:122 Postprocess got a stopping message and will stop now
18:24:52:328  Rank 0001    INFO at /home/lzy/projects/mirheo_starter/vendor/Mirheo/src/mirheo/core/postproc.cpp:111 Postprocess is listening to messages now
18:24:52:532  Rank 0001    INFO at /home/lzy/projects/mirheo_starter/vendor/Mirheo/src/mirheo/core/postproc.cpp:122 Postprocess got a stopping message and will stop now
18:24:52:538  Rank 0001    INFO at /home/lzy/projects/mirheo_starter/vendor/Mirheo/src/mirheo/core/postproc.cpp:111 Postprocess is listening to messages now
18:24:52:736  Rank 0001    INFO at /home/lzy/projects/mirheo_starter/vendor/Mirheo/src/mirheo/core/postproc.cpp:122 Postprocess got a stopping message and will stop now
18:24:52:741  Rank 0001    INFO at /home/lzy/projects/mirheo_starter/vendor/Mirheo/src/mirheo/core/postproc.cpp:111 Postprocess is listening to messages now
18:24:52:933  Rank 0001    INFO at /home/lzy/projects/mirheo_starter/vendor/Mirheo/src/mirheo/core/postproc.cpp:122 Postprocess got a stopping message and will stop now
18:24:52:938  Rank 0001    INFO at /home/lzy/projects/mirheo_starter/vendor/Mirheo/src/mirheo/core/postproc.cpp:111 Postprocess is listening to messages now
18:24:53:126  Rank 0001    INFO at /home/lzy/projects/mirheo_starter/vendor/Mirheo/src/mirheo/core/postproc.cpp:122 Postprocess got a stopping message and will stop now
18:24:53:131  Rank 0001    INFO at /home/lzy/projects/mirheo_starter/vendor/Mirheo/src/mirheo/core/postproc.cpp:111 Postprocess is listening to messages now
18:24:53:332  Rank 0001    INFO at /home/lzy/projects/mirheo_starter/vendor/Mirheo/src/mirheo/core/postproc.cpp:122 Postprocess got a stopping message and will stop now
18:24:53:338  Rank 0001    INFO at /home/lzy/projects/mirheo_starter/vendor/Mirheo/src/mirheo/core/postproc.cpp:111 Postprocess is listening to messages now
18:24:53:527  Rank 0001    INFO at /home/lzy/projects/mirheo_starter/vendor/Mirheo/src/mirheo/core/postproc.cpp:122 Postprocess got a stopping message and will stop now
18:24:53:533  Rank 0001    INFO at /home/lzy/projects/mirheo_starter/vendor/Mirheo/src/mirheo/core/postproc.cpp:111 Postprocess is listening to messages now
18:24:53:729  Rank 0001    INFO at /home/lzy/projects/mirheo_starter/vendor/Mirheo/src/mirheo/core/postproc.cpp:122 Postprocess got a stopping message and will stop now
18:24:53:734  Rank 0001    INFO at /home/lzy/projects/mirheo_starter/vendor/Mirheo/src/mirheo/core/postproc.cpp:111 Postprocess is listening to messages now
18:24:53:926  Rank 0001    INFO at /home/lzy/projects/mirheo_starter/vendor/Mirheo/src/mirheo/core/postproc.cpp:122 Postprocess got a stopping message and will stop now
18:24:53:931  Rank 0001    INFO at /home/lzy/projects/mirheo_starter/vendor/Mirheo/src/mirheo/core/postproc.cpp:111 Postprocess is listening to messages now
18:24:54:123  Rank 0001    INFO at /home/lzy/projects/mirheo_starter/vendor/Mirheo/src/mirheo/core/postproc.cpp:122 Postprocess got a stopping message and will stop now
18:24:54:128  Rank 0001    INFO at /home/lzy/projects/mirheo_starter/vendor/Mirheo/src/mirheo/core/postproc.cpp:111 Postprocess is listening to messages now
18:24:54:325  Rank 0001    INFO at /home/lzy/projects/mirheo_starter/vendor/Mirheo/src/mirheo/core/postproc.cpp:122 Postprocess got a stopping message and will stop now
18:24:54:330  Rank 0001    INFO at /home/lzy/projects/mirheo_starter/vendor/Mirheo/src/mirheo/core/postproc.cpp:111 Postprocess is listening to messages now
18:24:54:524  Rank 0001    INFO at /home/lzy/projects/mirheo_starter/vendor/Mirheo/src/mirheo/core/postproc.cpp:122 Postprocess got a stopping message and will stop now
18:24:54:529  Rank 0001    INFO at /home/lzy/projects/mirheo_starter/vendor/Mirheo/src/mirheo/core/postproc.cpp:111 Postprocess is listening to messages now
18:24:54:721  Rank 0001    INFO at /home/lzy/projects/mirheo_starter/vendor/Mirheo/src/mirheo/core/postproc.cpp:122 Postprocess got a stopping message and will stop now
18:24:54:727  Rank 0001    INFO at /home/lzy/projects/mirheo_starter/vendor/Mirheo/src/mirheo/core/postproc.cpp:111 Postprocess is listening to messages now
18:24:54:914  Rank 0001    INFO at /home/lzy/projects/mirheo_starter/vendor/Mirheo/src/mirheo/core/postproc.cpp:122 Postprocess got a stopping message and will stop now
18:24:54:920  Rank 0001    INFO at /home/lzy/projects/mirheo_starter/vendor/Mirheo/src/mirheo/core/postproc.cpp:111 Postprocess is listening to messages now
18:24:55:109  Rank 0001    INFO at /home/lzy/projects/mirheo_starter/vendor/Mirheo/src/mirheo/core/postproc.cpp:122 Postprocess got a stopping message and will stop now
18:24:55:114  Rank 0001    INFO at /home/lzy/projects/mirheo_starter/vendor/Mirheo/src/mirheo/core/postproc.cpp:111 Postprocess is listening to messages now
18:24:55:308  Rank 0001    INFO at /home/lzy/projects/mirheo_starter/vendor/Mirheo/src/mirheo/core/postproc.cpp:122 Postprocess got a stopping message and will stop now
18:24:55:313  Rank 0001    INFO at /home/lzy/projects/mirheo_starter/vendor/Mirheo/src/mirheo/core/postproc.cpp:111 Postprocess is listening to messages now
18:24:55:513  Rank 0001    INFO at /home/lzy/projects/mirheo_starter/vendor/Mirheo/src/mirheo/core/postproc.cpp:122 Postprocess got a stopping message and will stop now
18:24:55:518  Rank 0001    INFO at /home/lzy/projects/mirheo_starter/vendor/Mirheo/src/mirheo/core/postproc.cpp:111 Postprocess is listening to messages now
18:24:55:713  Rank 0001    INFO at /home/lzy/projects/mirheo_starter/vendor/Mirheo/src/mirheo/core/postproc.cpp:122 Postprocess got a stopping message and will stop now
18:24:55:720  Rank 0001    INFO at /home/lzy/projects/mirheo_starter/vendor/Mirheo/src/mirheo/core/postproc.cpp:111 Postprocess is listening to messages now
18:24:55:926  Rank 0001    INFO at /home/lzy/projects/mirheo_starter/vendor/Mirheo/src/mirheo/core/postproc.cpp:122 Postprocess got a stopping message and will stop now
18:24:55:931  Rank 0001    INFO at /home/lzy/projects/mirheo_starter/vendor/Mirheo/src/mirheo/core/postproc.cpp:111 Postprocess is listening to messages now
18:24:56:128  Rank 0001    INFO at /home/lzy/projects/mirheo_starter/vendor/Mirheo/src/mirheo/core/postproc.cpp:122 Postprocess got a stopping message and will stop now
18:24:56:134  Rank 0001    INFO at /home/lzy/projects/mirheo_starter/vendor/Mirheo/src/mirheo/core/postproc.cpp:111 Postprocess is listening to messages now
18:24:56:323  Rank 0001    INFO at /home/lzy/projects/mirheo_starter/vendor/Mirheo/src/mirheo/core/postproc.cpp:122 Postprocess got a stopping message and will stop now
18:24:56:328  Rank 0001    INFO at /home/lzy/projects/mirheo_starter/vendor/Mirheo/src/mirheo/core/postproc.cpp:111 Postprocess is listening to messages now
18:24:56:526  Rank 0001    INFO at /home/lzy/projects/mirheo_starter/vendor/Mirheo/src/mirheo/core/postproc.cpp:122 Postprocess got a stopping message and will stop now
18:24:56:531  Rank 0001    INFO at /home/lzy/projects/mirheo_starter/vendor/Mirheo/src/mirheo/core/postproc.cpp:111 Postprocess is listening to messages now
18:24:56:727  Rank 0001    INFO at /home/lzy/projects/mirheo_starter/vendor/Mirheo/src/mirheo/core/postproc.cpp:122 Postprocess got a stopping message and will stop now
18:24:56:732  Rank 0001    INFO at /home/lzy/projects/mirheo_starter/vendor/Mirheo/src/mirheo/core/postproc.cpp:111 Postprocess is listening to messages now
18:24:56:920  Rank 0001    INFO at /home/lzy/projects/mirheo_starter/vendor/Mirheo/src/mirheo/core/postproc.cpp:122 Postprocess got a stopping message and will stop now
18:24:56:926  Rank 0001    INFO at /home/lzy/projects/mirheo_starter/vendor/Mirheo/src/mirheo/core/postproc.cpp:111 Postprocess is listening to messages now
18:24:57:120  Rank 0001    INFO at /home/lzy/projects/mirheo_starter/vendor/Mirheo/src/mirheo/core/postproc.cpp:122 Postprocess got a stopping message and will stop now
18:24:57:125  Rank 0001    INFO at /home/lzy/projects/mirheo_starter/vendor/Mirheo/src/mirheo/core/postproc.cpp:111 Postprocess is listening to messages now
18:24:57:315  Rank 0001    INFO at /home/lzy/projects/mirheo_starter/vendor/Mirheo/src/mirheo/core/postproc.cpp:122 Postprocess got a stopping message and will stop now
18:24:57:320  Rank 0001    INFO at /home/lzy/projects/mirheo_starter/vendor/Mirheo/src/mirheo/core/postproc.cpp:111 Postprocess is listening to messages now
18:24:57:507  Rank 0001    INFO at /home/lzy/projects/mirheo_starter/vendor/Mirheo/src/mirheo/core/postproc.cpp:122 Postprocess got a stopping message and will stop now
18:24:57:512  Rank 0001    INFO at /home/lzy/projects/mirheo_starter/vendor/Mirheo/src/mirheo/core/postproc.cpp:111 Postprocess is listening to messages now
18:24:57:707  Rank 0001    INFO at /home/lzy/projects/mirheo_starter/vendor/Mirheo/src/mirheo/core/postproc.cpp:122 Postprocess got a stopping message and will stop now
18:24:57:713  Rank 0001    INFO at /home/lzy/projects/mirheo_starter/vendor/Mirheo/src/mirheo/core/postproc.cpp:111 Postprocess is listening to messages now
18:24:57:912  Rank 0001    INFO at /home/lzy/projects/mirheo_starter/vendor/Mirheo/src/mirheo/core/postproc.cpp:122 Postprocess got a stopping message and will stop now
18:24:57:919  Rank 0001    INFO at /home/lzy/projects/mirheo_starter/vendor/Mirheo/src/mirheo/core/postproc.cpp:111 Postprocess is listening to messages now
18:24:58:108  Rank 0001    INFO at /home/lzy/projects/mirheo_starter/vendor/Mirheo/src/mirheo/core/postproc.cpp:122 Postprocess got a stopping message and will stop now
18:24:58:114  Rank 0001    INFO at /home/lzy/projects/mirheo_starter/vendor/Mirheo/src/mirheo/core/postproc.cpp:111 Postprocess is listening to messages now
18:24:58:309  Rank 0001    INFO at /home/lzy/projects/mirheo_starter/vendor/Mirheo/src/mirheo/core/postproc.cpp:122 Postprocess got a stopping message and will stop now
18:24:58:314  Rank 0001    INFO at /home/lzy/projects/mirheo_starter/vendor/Mirheo/src/mirheo/core/postproc.cpp:111 Postprocess is listening to messages now
18:24:58:515  Rank 0001    INFO at /home/lzy/projects/mirheo_starter/vendor/Mirheo/src/mirheo/core/postproc.cpp:122 Postprocess got a stopping message and will stop now
18:24:58:521  Rank 0001    INFO at /home/lzy/projects/mirheo_starter/vendor/Mirheo/src/mirheo/core/postproc.cpp:111 Postprocess is listening to messages now
18:24:58:710  Rank 0001    INFO at /home/lzy/projects/mirheo_starter/vendor/Mirheo/src/mirheo/core/postproc.cpp:122 Postprocess got a stopping message and will stop now
18:24:58:715  Rank 0001    INFO at /home/lzy/projects/mirheo_starter/vendor/Mirheo/src/mirheo/core/postproc.cpp:111 Postprocess is listening to messages now
18:24:58:907  Rank 0001    INFO at /home/lzy/projects/mirheo_starter/vendor/Mirheo/src/mirheo/core/postproc.cpp:122 Postprocess got a stopping message and will stop now
18:24:58:917  Rank 0001    INFO at /home/lzy/projects/mirheo_starter/vendor/Mirheo/src/mirheo/core/postproc.cpp:111 Postprocess is listening to messages now
18:24:59:129  Rank 0001    INFO at /home/lzy/projects/mirheo_starter/vendor/Mirheo/src/mirheo/core/postproc.cpp:122 Postprocess got a stopping message and will stop now
18:24:59:134  Rank 0001    INFO at /home/lzy/projects/mirheo_starter/vendor/Mirheo/src/mirheo/core/postproc.cpp:111 Postprocess is listening to messages now
18:24:59:337  Rank 0001    INFO at /home/lzy/projects/mirheo_starter/vendor/Mirheo/src/mirheo/core/postproc.cpp:122 Postprocess got a stopping message and will stop now
18:24:59:342  Rank 0001    INFO at /home/lzy/projects/mirheo_starter/vendor/Mirheo/src/mirheo/core/postproc.cpp:111 Postprocess is listening to messages now
18:24:59:533  Rank 0001    INFO at /home/lzy/projects/mirheo_starter/vendor/Mirheo/src/mirheo/core/postproc.cpp:122 Postprocess got a stopping message and will stop now
18:24:59:539  Rank 0001    INFO at /home/lzy/projects/mirheo_starter/vendor/Mirheo/src/mirheo/core/postproc.cpp:111 Postprocess is listening to messages now
18:24:59:738  Rank 0001    INFO at /home/lzy/projects/mirheo_starter/vendor/Mirheo/src/mirheo/core/postproc.cpp:122 Postprocess got a stopping message and will stop now
18:24:59:743  Rank 0001    INFO at /home/lzy/projects/mirheo_starter/vendor/Mirheo/src/mirheo/core/postproc.cpp:111 Postprocess is listening to messages now
18:24:59:951  Rank 0001    INFO at /home/lzy/projects/mirheo_starter/vendor/Mirheo/src/mirheo/core/postproc.cpp:122 Postprocess got a stopping message and will stop now
18:24:59:956  Rank 0001    INFO at /home/lzy/projects/mirheo_starter/vendor/Mirheo/src/mirheo/core/postproc.cpp:111 Postprocess is listening to messages now
18:25:00:152  Rank 0001    INFO at /home/lzy/projects/mirheo_starter/vendor/Mirheo/src/mirheo/core/postproc.cpp:122 Postprocess got a stopping message and will stop now
18:25:00:157  Rank 0001    INFO at /home/lzy/projects/mirheo_starter/vendor/Mirheo/src/mirheo/core/postproc.cpp:111 Postprocess is listening to messages now
18:25:00:349  Rank 0001    INFO at /home/lzy/projects/mirheo_starter/vendor/Mirheo/src/mirheo/core/postproc.cpp:122 Postprocess got a stopping message and will stop now
18:25:00:355  Rank 0001    INFO at /home/lzy/projects/mirheo_starter/vendor/Mirheo/src/mirheo/core/postproc.cpp:111 Postprocess is listening to messages now
18:25:00:544  Rank 0001    INFO at /home/lzy/projects/mirheo_starter/vendor/Mirheo/src/mirheo/core/postproc.cpp:122 Postprocess got a stopping message and will stop now
18:25:00:551  Rank 0001    INFO at /home/lzy/projects/mirheo_starter/vendor/Mirheo/src/mirheo/core/postproc.cpp:111 Postprocess is listening to messages now
18:25:00:737  Rank 0001    INFO at /home/lzy/projects/mirheo_starter/vendor/Mirheo/src/mirheo/core/postproc.cpp:122 Postprocess got a stopping message and will stop now
18:25:00:743  Rank 0001    INFO at /home/lzy/projects/mirheo_starter/vendor/Mirheo/src/mirheo/core/postproc.cpp:111 Postprocess is listening to messages now
18:25:00:934  Rank 0001    INFO at /home/lzy/projects/mirheo_starter/vendor/Mirheo/src/mirheo/core/postproc.cpp:122 Postprocess got a stopping message and will stop now
18:25:00:939  Rank 0001    INFO at /home/lzy/projects/mirheo_starter/vendor/Mirheo/src/mirheo/core/postproc.cpp:111 Postprocess is listening to messages now
18:25:01:132  Rank 0001    INFO at /home/lzy/projects/mirheo_starter/vendor/Mirheo/src/mirheo/core/postproc.cpp:122 Postprocess got a stopping message and will stop now
18:25:01:137  Rank 0001    INFO at /home/lzy/projects/mirheo_starter/vendor/Mirheo/src/mirheo/core/postproc.cpp:111 Postprocess is listening to messages now
18:25:01:324  Rank 0001    INFO at /home/lzy/projects/mirheo_starter/vendor/Mirheo/src/mirheo/core/postproc.cpp:122 Postprocess got a stopping message and will stop now
18:25:01:329  Rank 0001    INFO at /home/lzy/projects/mirheo_starter/vendor/Mirheo/src/mirheo/core/postproc.cpp:111 Postprocess is listening to messages now
18:25:01:524  Rank 0001    INFO at /home/lzy/projects/mirheo_starter/vendor/Mirheo/src/mirheo/core/postproc.cpp:122 Postprocess got a stopping message and will stop now
18:25:01:529  Rank 0001    INFO at /home/lzy/projects/mirheo_starter/vendor/Mirheo/src/mirheo/core/postproc.cpp:111 Postprocess is listening to messages now
18:25:01:732  Rank 0001    INFO at /home/lzy/projects/mirheo_starter/vendor/Mirheo/src/mirheo/core/postproc.cpp:122 Postprocess got a stopping message and will stop now
18:25:01:738  Rank 0001    INFO at /home/lzy/projects/mirheo_starter/vendor/Mirheo/src/mirheo/core/postproc.cpp:111 Postprocess is listening to messages now
18:25:01:933  Rank 0001    INFO at /home/lzy/projects/mirheo_starter/vendor/Mirheo/src/mirheo/core/postproc.cpp:122 Postprocess got a stopping message and will stop now
18:25:01:939  Rank 0001    INFO at /home/lzy/projects/mirheo_starter/vendor/Mirheo/src/mirheo/core/postproc.cpp:111 Postprocess is listening to messages now
18:25:02:135  Rank 0001    INFO at /home/lzy/projects/mirheo_starter/vendor/Mirheo/src/mirheo/core/postproc.cpp:122 Postprocess got a stopping message and will stop now
18:25:02:140  Rank 0001    INFO at /home/lzy/projects/mirheo_starter/vendor/Mirheo/src/mirheo/core/postproc.cpp:111 Postprocess is listening to messages now
18:25:02:332  Rank 0001    INFO at /home/lzy/projects/mirheo_starter/vendor/Mirheo/src/mirheo/core/postproc.cpp:122 Postprocess got a stopping message and will stop now
18:25:02:340  Rank 0001    INFO at /home/lzy/projects/mirheo_starter/vendor/Mirheo/src/mirheo/core/postproc.cpp:111 Postprocess is listening to messages now
18:25:02:530  Rank 0001    INFO at /home/lzy/projects/mirheo_starter/vendor/Mirheo/src/mirheo/core/postproc.cpp:122 Postprocess got a stopping message and will stop now
18:25:02:535  Rank 0001    INFO at /home/lzy/projects/mirheo_starter/vendor/Mirheo/src/mirheo/core/postproc.cpp:111 Postprocess is listening to messages now
18:25:02:721  Rank 0001    INFO at /home/lzy/projects/mirheo_starter/vendor/Mirheo/src/mirheo/core/postproc.cpp:122 Postprocess got a stopping message and will stop now
18:25:02:726  Rank 0001    INFO at /home/lzy/projects/mirheo_starter/vendor/Mirheo/src/mirheo/core/postproc.cpp:111 Postprocess is listening to messages now
18:25:02:933  Rank 0001    INFO at /home/lzy/projects/mirheo_starter/vendor/Mirheo/src/mirheo/core/postproc.cpp:122 Postprocess got a stopping message and will stop now
18:25:02:938  Rank 0001    INFO at /home/lzy/projects/mirheo_starter/vendor/Mirheo/src/mirheo/core/postproc.cpp:111 Postprocess is listening to messages now
18:25:03:126  Rank 0001    INFO at /home/lzy/projects/mirheo_starter/vendor/Mirheo/src/mirheo/core/postproc.cpp:122 Postprocess got a stopping message and will stop now
18:25:03:132  Rank 0001    INFO at /home/lzy/projects/mirheo_starter/vendor/Mirheo/src/mirheo/core/postproc.cpp:111 Postprocess is listening to messages now
18:25:03:332  Rank 0001    INFO at /home/lzy/projects/mirheo_starter/vendor/Mirheo/src/mirheo/core/postproc.cpp:122 Postprocess got a stopping message and will stop now
18:25:03:337  Rank 0001    INFO at /home/lzy/projects/mirheo_starter/vendor/Mirheo/src/mirheo/core/postproc.cpp:111 Postprocess is listening to messages now
18:25:03:537  Rank 0001    INFO at /home/lzy/projects/mirheo_starter/vendor/Mirheo/src/mirheo/core/postproc.cpp:122 Postprocess got a stopping message and will stop now
18:25:03:543  Rank 0001    INFO at /home/lzy/projects/mirheo_starter/vendor/Mirheo/src/mirheo/core/postproc.cpp:111 Postprocess is listening to messages now
18:25:03:732  Rank 0001    INFO at /home/lzy/projects/mirheo_starter/vendor/Mirheo/src/mirheo/core/postproc.cpp:122 Postprocess got a stopping message and will stop now
18:25:03:738  Rank 0001    INFO at /home/lzy/projects/mirheo_starter/vendor/Mirheo/src/mirheo/core/postproc.cpp:111 Postprocess is listening to messages now
18:25:03:940  Rank 0001    INFO at /home/lzy/projects/mirheo_starter/vendor/Mirheo/src/mirheo/core/postproc.cpp:122 Postprocess got a stopping message and will stop now
18:25:03:946  Rank 0001    INFO at /home/lzy/projects/mirheo_starter/vendor/Mirheo/src/mirheo/core/postproc.cpp:111 Postprocess is listening to messages now
18:25:04:135  Rank 0001    INFO at /home/lzy/projects/mirheo_starter/vendor/Mirheo/src/mirheo/core/postproc.cpp:122 Postprocess got a stopping message and will stop now
18:25:04:142  Rank 0001    INFO at /home/lzy/projects/mirheo_starter/vendor/Mirheo/src/mirheo/core/postproc.cpp:111 Postprocess is listening to messages now
18:25:04:326  Rank 0001    INFO at /home/lzy/projects/mirheo_starter/vendor/Mirheo/src/mirheo/core/postproc.cpp:122 Postprocess got a stopping message and will stop now
18:25:04:331  Rank 0001    INFO at /home/lzy/projects/mirheo_starter/vendor/Mirheo/src/mirheo/core/postproc.cpp:111 Postprocess is listening to messages now
18:25:04:531  Rank 0001    INFO at /home/lzy/projects/mirheo_starter/vendor/Mirheo/src/mirheo/core/postproc.cpp:122 Postprocess got a stopping message and will stop now
18:25:04:536  Rank 0001    INFO at /home/lzy/projects/mirheo_starter/vendor/Mirheo/src/mirheo/core/postproc.cpp:111 Postprocess is listening to messages now
18:25:04:733  Rank 0001    INFO at /home/lzy/projects/mirheo_starter/vendor/Mirheo/src/mirheo/core/postproc.cpp:122 Postprocess got a stopping message and will stop now
18:25:04:738  Rank 0001    INFO at /home/lzy/projects/mirheo_starter/vendor/Mirheo/src/mirheo/core/postproc.cpp:111 Postprocess is listening to messages now
18:25:04:929  Rank 0001    INFO at /home/lzy/projects/mirheo_starter/vendor/Mirheo/src/mirheo/core/postproc.cpp:122 Postprocess got a stopping message and will stop now
18:25:04:934  Rank 0001    INFO at /home/lzy/projects/mirheo_starter/vendor/Mirheo/src/mirheo/core/postproc.cpp:111 Postprocess is listening to messages now
18:25:05:124  Rank 0001    INFO at /home/lzy/projects/mirheo_starter/vendor/Mirheo/src/mirheo/core/postproc.cpp:122 Postprocess got a stopping message and will stop now
18:25:05:131  Rank 0001    INFO at /home/lzy/projects/mirheo_starter/vendor/Mirheo/src/mirheo/core/postproc.cpp:111 Postprocess is listening to messages now
18:25:05:323  Rank 0001    INFO at /home/lzy/projects/mirheo_starter/vendor/Mirheo/src/mirheo/core/postproc.cpp:122 Postprocess got a stopping message and will stop now
18:25:05:328  Rank 0001    INFO at /home/lzy/projects/mirheo_starter/vendor/Mirheo/src/mirheo/core/postproc.cpp:111 Postprocess is listening to messages now
18:25:05:521  Rank 0001    INFO at /home/lzy/projects/mirheo_starter/vendor/Mirheo/src/mirheo/core/postproc.cpp:122 Postprocess got a stopping message and will stop now
18:25:05:529  Rank 0001    INFO at /home/lzy/projects/mirheo_starter/vendor/Mirheo/src/mirheo/core/postproc.cpp:111 Postprocess is listening to messages now
18:25:05:721  Rank 0001    INFO at /home/lzy/projects/mirheo_starter/vendor/Mirheo/src/mirheo/core/postproc.cpp:122 Postprocess got a stopping message and will stop now
18:25:05:727  Rank 0001    INFO at /home/lzy/projects/mirheo_starter/vendor/Mirheo/src/mirheo/core/postproc.cpp:111 Postprocess is listening to messages now
18:25:05:925  Rank 0001    INFO at /home/lzy/projects/mirheo_starter/vendor/Mirheo/src/mirheo/core/postproc.cpp:122 Postprocess got a stopping message and will stop now
18:25:05:931  Rank 0001    INFO at /home/lzy/projects/mirheo_starter/vendor/Mirheo/src/mirheo/core/postproc.cpp:111 Postprocess is listening to messages now
18:25:06:122  Rank 0001    INFO at /home/lzy/projects/mirheo_starter/vendor/Mirheo/src/mirheo/core/postproc.cpp:122 Postprocess got a stopping message and will stop now
18:25:06:127  Rank 0001    INFO at /home/lzy/projects/mirheo_starter/vendor/Mirheo/src/mirheo/core/postproc.cpp:111 Postprocess is listening to messages now
18:25:06:309  Rank 0001    INFO at /home/lzy/projects/mirheo_starter/vendor/Mirheo/src/mirheo/core/postproc.cpp:122 Postprocess got a stopping message and will stop now
18:25:06:314  Rank 0001    INFO at /home/lzy/projects/mirheo_starter/vendor/Mirheo/src/mirheo/core/postproc.cpp:111 Postprocess is listening to messages now
18:25:06:509  Rank 0001    INFO at /home/lzy/projects/mirheo_starter/vendor/Mirheo/src/mirheo/core/postproc.cpp:122 Postprocess got a stopping message and will stop now
18:25:06:515  Rank 0001    INFO at /home/lzy/projects/mirheo_starter/vendor/Mirheo/src/mirheo/core/postproc.cpp:111 Postprocess is listening to messages now
18:25:06:710  Rank 0001    INFO at /home/lzy/projects/mirheo_starter/vendor/Mirheo/src/mirheo/core/postproc.cpp:122 Postprocess got a stopping message and will stop now
18:25:06:717  Rank 0001    INFO at /home/lzy/projects/mirheo_starter/vendor/Mirheo/src/mirheo/core/postproc.cpp:111 Postprocess is listening to messages now
18:25:06:901  Rank 0001    INFO at /home/lzy/projects/mirheo_starter/vendor/Mirheo/src/mirheo/core/postproc.cpp:122 Postprocess got a stopping message and will stop now
18:25:06:908  Rank 0001    INFO at /home/lzy/projects/mirheo_starter/vendor/Mirheo/src/mirheo/core/postproc.cpp:111 Postprocess is listening to messages now
18:25:07:098  Rank 0001    INFO at /home/lzy/projects/mirheo_starter/vendor/Mirheo/src/mirheo/core/postproc.cpp:122 Postprocess got a stopping message and will stop now
18:25:07:104  Rank 0001    INFO at /home/lzy/projects/mirheo_starter/vendor/Mirheo/src/mirheo/core/postproc.cpp:111 Postprocess is listening to messages now
18:25:07:298  Rank 0001    INFO at /home/lzy/projects/mirheo_starter/vendor/Mirheo/src/mirheo/core/postproc.cpp:122 Postprocess got a stopping message and will stop now
18:25:07:304  Rank 0001    INFO at /home/lzy/projects/mirheo_starter/vendor/Mirheo/src/mirheo/core/postproc.cpp:111 Postprocess is listening to messages now
18:25:07:487  Rank 0001    INFO at /home/lzy/projects/mirheo_starter/vendor/Mirheo/src/mirheo/core/postproc.cpp:122 Postprocess got a stopping message and will stop now
18:25:07:495  Rank 0001    INFO at /home/lzy/projects/mirheo_starter/vendor/Mirheo/src/mirheo/core/postproc.cpp:111 Postprocess is listening to messages now
18:25:07:683  Rank 0001    INFO at /home/lzy/projects/mirheo_starter/vendor/Mirheo/src/mirheo/core/postproc.cpp:122 Postprocess got a stopping message and will stop now
18:25:07:688  Rank 0001    INFO at /home/lzy/projects/mirheo_starter/vendor/Mirheo/src/mirheo/core/postproc.cpp:111 Postprocess is listening to messages now
18:25:07:880  Rank 0001    INFO at /home/lzy/projects/mirheo_starter/vendor/Mirheo/src/mirheo/core/postproc.cpp:122 Postprocess got a stopping message and will stop now
18:25:07:886  Rank 0001    INFO at /home/lzy/projects/mirheo_starter/vendor/Mirheo/src/mirheo/core/postproc.cpp:111 Postprocess is listening to messages now
18:25:08:068  Rank 0001    INFO at /home/lzy/projects/mirheo_starter/vendor/Mirheo/src/mirheo/core/postproc.cpp:122 Postprocess got a stopping message and will stop now
18:25:08:074  Rank 0001    INFO at /home/lzy/projects/mirheo_starter/vendor/Mirheo/src/mirheo/core/postproc.cpp:111 Postprocess is listening to messages now
18:25:08:271  Rank 0001    INFO at /home/lzy/projects/mirheo_starter/vendor/Mirheo/src/mirheo/core/postproc.cpp:122 Postprocess got a stopping message and will stop now
18:25:08:278  Rank 0001    INFO at /home/lzy/projects/mirheo_starter/vendor/Mirheo/src/mirheo/core/postproc.cpp:111 Postprocess is listening to messages now
18:25:08:474  Rank 0001    INFO at /home/lzy/projects/mirheo_starter/vendor/Mirheo/src/mirheo/core/postproc.cpp:122 Postprocess got a stopping message and will stop now
18:25:08:479  Rank 0001    INFO at /home/lzy/projects/mirheo_starter/vendor/Mirheo/src/mirheo/core/postproc.cpp:111 Postprocess is listening to messages now
18:25:08:670  Rank 0001    INFO at /home/lzy/projects/mirheo_starter/vendor/Mirheo/src/mirheo/core/postproc.cpp:122 Postprocess got a stopping message and will stop now
18:25:08:675  Rank 0001    INFO at /home/lzy/projects/mirheo_starter/vendor/Mirheo/src/mirheo/core/postproc.cpp:111 Postprocess is listening to messages now
18:25:08:865  Rank 0001    INFO at /home/lzy/projects/mirheo_starter/vendor/Mirheo/src/mirheo/core/postproc.cpp:122 Postprocess got a stopping message and will stop now
18:25:08:870  Rank 0001    INFO at /home/lzy/projects/mirheo_starter/vendor/Mirheo/src/mirheo/core/postproc.cpp:111 Postprocess is listening to messages now
18:25:09:068  Rank 0001    INFO at /home/lzy/projects/mirheo_starter/vendor/Mirheo/src/mirheo/core/postproc.cpp:122 Postprocess got a stopping message and will stop now
18:25:09:074  Rank 0001    INFO at /home/lzy/projects/mirheo_starter/vendor/Mirheo/src/mirheo/core/postproc.cpp:111 Postprocess is listening to messages now
18:25:09:260  Rank 0001    INFO at /home/lzy/projects/mirheo_starter/vendor/Mirheo/src/mirheo/core/postproc.cpp:122 Postprocess got a stopping message and will stop now
18:25:09:265  Rank 0001    INFO at /home/lzy/projects/mirheo_starter/vendor/Mirheo/src/mirheo/core/postproc.cpp:111 Postprocess is listening to messages now
18:25:09:451  Rank 0001    INFO at /home/lzy/projects/mirheo_starter/vendor/Mirheo/src/mirheo/core/postproc.cpp:122 Postprocess got a stopping message and will stop now
18:25:09:456  Rank 0001    INFO at /home/lzy/projects/mirheo_starter/vendor/Mirheo/src/mirheo/core/postproc.cpp:111 Postprocess is listening to messages now
18:25:09:638  Rank 0001    INFO at /home/lzy/projects/mirheo_starter/vendor/Mirheo/src/mirheo/core/postproc.cpp:122 Postprocess got a stopping message and will stop now
18:25:09:644  Rank 0001    INFO at /home/lzy/projects/mirheo_starter/vendor/Mirheo/src/mirheo/core/postproc.cpp:111 Postprocess is listening to messages now
18:25:09:832  Rank 0001    INFO at /home/lzy/projects/mirheo_starter/vendor/Mirheo/src/mirheo/core/postproc.cpp:122 Postprocess got a stopping message and will stop now
18:25:09:837  Rank 0001    INFO at /home/lzy/projects/mirheo_starter/vendor/Mirheo/src/mirheo/core/postproc.cpp:111 Postprocess is listening to messages now
18:25:10:029  Rank 0001    INFO at /home/lzy/projects/mirheo_starter/vendor/Mirheo/src/mirheo/core/postproc.cpp:122 Postprocess got a stopping message and will stop now
18:25:10:034  Rank 0001    INFO at /home/lzy/projects/mirheo_starter/vendor/Mirheo/src/mirheo/core/postproc.cpp:111 Postprocess is listening to messages now
18:25:10:224  Rank 0001    INFO at /home/lzy/projects/mirheo_starter/vendor/Mirheo/src/mirheo/core/postproc.cpp:122 Postprocess got a stopping message and will stop now
18:25:10:230  Rank 0001    INFO at /home/lzy/projects/mirheo_starter/vendor/Mirheo/src/mirheo/core/postproc.cpp:111 Postprocess is listening to messages now
18:25:10:424  Rank 0001    INFO at /home/lzy/projects/mirheo_starter/vendor/Mirheo/src/mirheo/core/postproc.cpp:122 Postprocess got a stopping message and will stop now
18:25:10:429  Rank 0001    INFO at /home/lzy/projects/mirheo_starter/vendor/Mirheo/src/mirheo/core/postproc.cpp:111 Postprocess is listening to messages now
18:25:10:618  Rank 0001    INFO at /home/lzy/projects/mirheo_starter/vendor/Mirheo/src/mirheo/core/postproc.cpp:122 Postprocess got a stopping message and will stop now
18:25:10:623  Rank 0001    INFO at /home/lzy/projects/mirheo_starter/vendor/Mirheo/src/mirheo/core/postproc.cpp:111 Postprocess is listening to messages now
18:25:10:817  Rank 0001    INFO at /home/lzy/projects/mirheo_starter/vendor/Mirheo/src/mirheo/core/postproc.cpp:122 Postprocess got a stopping message and will stop now
18:25:10:822  Rank 0001    INFO at /home/lzy/projects/mirheo_starter/vendor/Mirheo/src/mirheo/core/postproc.cpp:111 Postprocess is listening to messages now
18:25:11:026  Rank 0001    INFO at /home/lzy/projects/mirheo_starter/vendor/Mirheo/src/mirheo/core/postproc.cpp:122 Postprocess got a stopping message and will stop now
18:25:11:031  Rank 0001    INFO at /home/lzy/projects/mirheo_starter/vendor/Mirheo/src/mirheo/core/postproc.cpp:111 Postprocess is listening to messages now
18:25:11:226  Rank 0001    INFO at /home/lzy/projects/mirheo_starter/vendor/Mirheo/src/mirheo/core/postproc.cpp:122 Postprocess got a stopping message and will stop now
18:25:11:232  Rank 0001    INFO at /home/lzy/projects/mirheo_starter/vendor/Mirheo/src/mirheo/core/postproc.cpp:111 Postprocess is listening to messages now
18:25:11:438  Rank 0001    INFO at /home/lzy/projects/mirheo_starter/vendor/Mirheo/src/mirheo/core/postproc.cpp:122 Postprocess got a stopping message and will stop now
18:25:11:443  Rank 0001    INFO at /home/lzy/projects/mirheo_starter/vendor/Mirheo/src/mirheo/core/postproc.cpp:111 Postprocess is listening to messages now
18:25:11:651  Rank 0001    INFO at /home/lzy/projects/mirheo_starter/vendor/Mirheo/src/mirheo/core/postproc.cpp:122 Postprocess got a stopping message and will stop now
18:25:11:657  Rank 0001    INFO at /home/lzy/projects/mirheo_starter/vendor/Mirheo/src/mirheo/core/postproc.cpp:111 Postprocess is listening to messages now
18:25:11:853  Rank 0001    INFO at /home/lzy/projects/mirheo_starter/vendor/Mirheo/src/mirheo/core/postproc.cpp:122 Postprocess got a stopping message and will stop now
18:25:11:858  Rank 0001    INFO at /home/lzy/projects/mirheo_starter/vendor/Mirheo/src/mirheo/core/postproc.cpp:111 Postprocess is listening to messages now
18:25:12:069  Rank 0001    INFO at /home/lzy/projects/mirheo_starter/vendor/Mirheo/src/mirheo/core/postproc.cpp:122 Postprocess got a stopping message and will stop now
18:25:12:081  Rank 0001    INFO at /home/lzy/projects/mirheo_starter/vendor/Mirheo/src/mirheo/core/postproc.cpp:111 Postprocess is listening to messages now
18:25:12:281  Rank 0001    INFO at /home/lzy/projects/mirheo_starter/vendor/Mirheo/src/mirheo/core/postproc.cpp:122 Postprocess got a stopping message and will stop now
18:25:12:287  Rank 0001    INFO at /home/lzy/projects/mirheo_starter/vendor/Mirheo/src/mirheo/core/postproc.cpp:111 Postprocess is listening to messages now
18:25:12:480  Rank 0001    INFO at /home/lzy/projects/mirheo_starter/vendor/Mirheo/src/mirheo/core/postproc.cpp:122 Postprocess got a stopping message and will stop now
18:25:12:485  Rank 0001    INFO at /home/lzy/projects/mirheo_starter/vendor/Mirheo/src/mirheo/core/postproc.cpp:111 Postprocess is listening to messages now
18:25:12:678  Rank 0001    INFO at /home/lzy/projects/mirheo_starter/vendor/Mirheo/src/mirheo/core/postproc.cpp:122 Postprocess got a stopping message and will stop now
18:25:12:684  Rank 0001    INFO at /home/lzy/projects/mirheo_starter/vendor/Mirheo/src/mirheo/core/postproc.cpp:111 Postprocess is listening to messages now
18:25:12:877  Rank 0001    INFO at /home/lzy/projects/mirheo_starter/vendor/Mirheo/src/mirheo/core/postproc.cpp:122 Postprocess got a stopping message and will stop now
18:25:12:883  Rank 0001    INFO at /home/lzy/projects/mirheo_starter/vendor/Mirheo/src/mirheo/core/postproc.cpp:111 Postprocess is listening to messages now
18:25:13:076  Rank 0001    INFO at /home/lzy/projects/mirheo_starter/vendor/Mirheo/src/mirheo/core/postproc.cpp:122 Postprocess got a stopping message and will stop now
18:25:13:084  Rank 0001    INFO at /home/lzy/projects/mirheo_starter/vendor/Mirheo/src/mirheo/core/postproc.cpp:111 Postprocess is listening to messages now
18:25:13:277  Rank 0001    INFO at /home/lzy/projects/mirheo_starter/vendor/Mirheo/src/mirheo/core/postproc.cpp:122 Postprocess got a stopping message and will stop now
18:25:13:282  Rank 0001    INFO at /home/lzy/projects/mirheo_starter/vendor/Mirheo/src/mirheo/core/postproc.cpp:111 Postprocess is listening to messages now
18:25:13:478  Rank 0001    INFO at /home/lzy/projects/mirheo_starter/vendor/Mirheo/src/mirheo/core/postproc.cpp:122 Postprocess got a stopping message and will stop now
18:25:13:483  Rank 0001    INFO at /home/lzy/projects/mirheo_starter/vendor/Mirheo/src/mirheo/core/postproc.cpp:111 Postprocess is listening to messages now
18:25:13:669  Rank 0001    INFO at /home/lzy/projects/mirheo_starter/vendor/Mirheo/src/mirheo/core/postproc.cpp:122 Postprocess got a stopping message and will stop now
18:25:13:674  Rank 0001    INFO at /home/lzy/projects/mirheo_starter/vendor/Mirheo/src/mirheo/core/postproc.cpp:111 Postprocess is listening to messages now
18:25:13:872  Rank 0001    INFO at /home/lzy/projects/mirheo_starter/vendor/Mirheo/src/mirheo/core/postproc.cpp:122 Postprocess got a stopping message and will stop now
18:25:13:878  Rank 0001    INFO at /home/lzy/projects/mirheo_starter/vendor/Mirheo/src/mirheo/core/postproc.cpp:111 Postprocess is listening to messages now
18:25:14:077  Rank 0001    INFO at /home/lzy/projects/mirheo_starter/vendor/Mirheo/src/mirheo/core/postproc.cpp:122 Postprocess got a stopping message and will stop now
18:25:14:083  Rank 0001    INFO at /home/lzy/projects/mirheo_starter/vendor/Mirheo/src/mirheo/core/postproc.cpp:111 Postprocess is listening to messages now
18:25:14:265  Rank 0001    INFO at /home/lzy/projects/mirheo_starter/vendor/Mirheo/src/mirheo/core/postproc.cpp:122 Postprocess got a stopping message and will stop now
18:25:14:271  Rank 0001    INFO at /home/lzy/projects/mirheo_starter/vendor/Mirheo/src/mirheo/core/postproc.cpp:111 Postprocess is listening to messages now
18:25:14:460  Rank 0001    INFO at /home/lzy/projects/mirheo_starter/vendor/Mirheo/src/mirheo/core/postproc.cpp:122 Postprocess got a stopping message and will stop now
18:25:14:466  Rank 0001    INFO at /home/lzy/projects/mirheo_starter/vendor/Mirheo/src/mirheo/core/postproc.cpp:111 Postprocess is listening to messages now
18:25:14:665  Rank 0001    INFO at /home/lzy/projects/mirheo_starter/vendor/Mirheo/src/mirheo/core/postproc.cpp:122 Postprocess got a stopping message and will stop now
18:25:14:671  Rank 0001    INFO at /home/lzy/projects/mirheo_starter/vendor/Mirheo/src/mirheo/core/postproc.cpp:111 Postprocess is listening to messages now
18:25:14:857  Rank 0001    INFO at /home/lzy/projects/mirheo_starter/vendor/Mirheo/src/mirheo/core/postproc.cpp:122 Postprocess got a stopping message and will stop now
18:25:14:862  Rank 0001    INFO at /home/lzy/projects/mirheo_starter/vendor/Mirheo/src/mirheo/core/postproc.cpp:111 Postprocess is listening to messages now
18:25:15:057  Rank 0001    INFO at /home/lzy/projects/mirheo_starter/vendor/Mirheo/src/mirheo/core/postproc.cpp:122 Postprocess got a stopping message and will stop now
18:25:15:064  Rank 0001    INFO at /home/lzy/projects/mirheo_starter/vendor/Mirheo/src/mirheo/core/postproc.cpp:111 Postprocess is listening to messages now
18:25:15:267  Rank 0001    INFO at /home/lzy/projects/mirheo_starter/vendor/Mirheo/src/mirheo/core/postproc.cpp:122 Postprocess got a stopping message and will stop now
18:25:15:272  Rank 0001    INFO at /home/lzy/projects/mirheo_starter/vendor/Mirheo/src/mirheo/core/postproc.cpp:111 Postprocess is listening to messages now
18:25:15:459  Rank 0001    INFO at /home/lzy/projects/mirheo_starter/vendor/Mirheo/src/mirheo/core/postproc.cpp:122 Postprocess got a stopping message and will stop now
18:25:15:464  Rank 0001    INFO at /home/lzy/projects/mirheo_starter/vendor/Mirheo/src/mirheo/core/postproc.cpp:111 Postprocess is listening to messages now
18:25:15:656  Rank 0001    INFO at /home/lzy/projects/mirheo_starter/vendor/Mirheo/src/mirheo/core/postproc.cpp:122 Postprocess got a stopping message and will stop now
18:25:15:663  Rank 0001    INFO at /home/lzy/projects/mirheo_starter/vendor/Mirheo/src/mirheo/core/postproc.cpp:111 Postprocess is listening to messages now
18:25:15:852  Rank 0001    INFO at /home/lzy/projects/mirheo_starter/vendor/Mirheo/src/mirheo/core/postproc.cpp:122 Postprocess got a stopping message and will stop now
18:25:15:858  Rank 0001    INFO at /home/lzy/projects/mirheo_starter/vendor/Mirheo/src/mirheo/core/postproc.cpp:111 Postprocess is listening to messages now
18:25:16:045  Rank 0001    INFO at /home/lzy/projects/mirheo_starter/vendor/Mirheo/src/mirheo/core/postproc.cpp:122 Postprocess got a stopping message and will stop now
18:25:16:051  Rank 0001    INFO at /home/lzy/projects/mirheo_starter/vendor/Mirheo/src/mirheo/core/postproc.cpp:111 Postprocess is listening to messages now
18:25:16:252  Rank 0001    INFO at /home/lzy/projects/mirheo_starter/vendor/Mirheo/src/mirheo/core/postproc.cpp:122 Postprocess got a stopping message and will stop now
18:25:16:258  Rank 0001    INFO at /home/lzy/projects/mirheo_starter/vendor/Mirheo/src/mirheo/core/postproc.cpp:111 Postprocess is listening to messages now
18:25:16:446  Rank 0001    INFO at /home/lzy/projects/mirheo_starter/vendor/Mirheo/src/mirheo/core/postproc.cpp:122 Postprocess got a stopping message and will stop now
18:25:16:451  Rank 0001    INFO at /home/lzy/projects/mirheo_starter/vendor/Mirheo/src/mirheo/core/postproc.cpp:111 Postprocess is listening to messages now
18:25:16:646  Rank 0001    INFO at /home/lzy/projects/mirheo_starter/vendor/Mirheo/src/mirheo/core/postproc.cpp:122 Postprocess got a stopping message and will stop now
18:25:16:652  Rank 0001    INFO at /home/lzy/projects/mirheo_starter/vendor/Mirheo/src/mirheo/core/postproc.cpp:111 Postprocess is listening to messages now
18:25:16:840  Rank 0001    INFO at /home/lzy/projects/mirheo_starter/vendor/Mirheo/src/mirheo/core/postproc.cpp:122 Postprocess got a stopping message and will stop now
18:25:16:848  Rank 0001    INFO at /home/lzy/projects/mirheo_starter/vendor/Mirheo/src/mirheo/core/postproc.cpp:111 Postprocess is listening to messages now
18:25:17:051  Rank 0001    INFO at /home/lzy/projects/mirheo_starter/vendor/Mirheo/src/mirheo/core/postproc.cpp:122 Postprocess got a stopping message and will stop now
18:25:17:056  Rank 0001    INFO at /home/lzy/projects/mirheo_starter/vendor/Mirheo/src/mirheo/core/postproc.cpp:111 Postprocess is listening to messages now
18:25:17:249  Rank 0001    INFO at /home/lzy/projects/mirheo_starter/vendor/Mirheo/src/mirheo/core/postproc.cpp:122 Postprocess got a stopping message and will stop now
18:25:17:254  Rank 0001    INFO at /home/lzy/projects/mirheo_starter/vendor/Mirheo/src/mirheo/core/postproc.cpp:111 Postprocess is listening to messages now
18:25:17:449  Rank 0001    INFO at /home/lzy/projects/mirheo_starter/vendor/Mirheo/src/mirheo/core/postproc.cpp:122 Postprocess got a stopping message and will stop now
18:25:17:457  Rank 0001    INFO at /home/lzy/projects/mirheo_starter/vendor/Mirheo/src/mirheo/core/postproc.cpp:111 Postprocess is listening to messages now
18:25:17:654  Rank 0001    INFO at /home/lzy/projects/mirheo_starter/vendor/Mirheo/src/mirheo/core/postproc.cpp:122 Postprocess got a stopping message and will stop now
18:25:17:659  Rank 0001    INFO at /home/lzy/projects/mirheo_starter/vendor/Mirheo/src/mirheo/core/postproc.cpp:111 Postprocess is listening to messages now
18:25:17:852  Rank 0001    INFO at /home/lzy/projects/mirheo_starter/vendor/Mirheo/src/mirheo/core/postproc.cpp:122 Postprocess got a stopping message and will stop now
18:25:17:857  Rank 0001    INFO at /home/lzy/projects/mirheo_starter/vendor/Mirheo/src/mirheo/core/postproc.cpp:111 Postprocess is listening to messages now
18:25:18:047  Rank 0001    INFO at /home/lzy/projects/mirheo_starter/vendor/Mirheo/src/mirheo/core/postproc.cpp:122 Postprocess got a stopping message and will stop now
18:25:18:053  Rank 0001    INFO at /home/lzy/projects/mirheo_starter/vendor/Mirheo/src/mirheo/core/postproc.cpp:111 Postprocess is listening to messages now
18:25:18:248  Rank 0001    INFO at /home/lzy/projects/mirheo_starter/vendor/Mirheo/src/mirheo/core/postproc.cpp:122 Postprocess got a stopping message and will stop now
18:25:18:254  Rank 0001    INFO at /home/lzy/projects/mirheo_starter/vendor/Mirheo/src/mirheo/core/postproc.cpp:111 Postprocess is listening to messages now
18:25:18:452  Rank 0001    INFO at /home/lzy/projects/mirheo_starter/vendor/Mirheo/src/mirheo/core/postproc.cpp:122 Postprocess got a stopping message and will stop now
18:25:18:457  Rank 0001    INFO at /home/lzy/projects/mirheo_starter/vendor/Mirheo/src/mirheo/core/postproc.cpp:111 Postprocess is listening to messages now
18:25:18:648  Rank 0001    INFO at /home/lzy/projects/mirheo_starter/vendor/Mirheo/src/mirheo/core/postproc.cpp:122 Postprocess got a stopping message and will stop now
18:25:18:653  Rank 0001    INFO at /home/lzy/projects/mirheo_starter/vendor/Mirheo/src/mirheo/core/postproc.cpp:111 Postprocess is listening to messages now
18:25:18:851  Rank 0001    INFO at /home/lzy/projects/mirheo_starter/vendor/Mirheo/src/mirheo/core/postproc.cpp:122 Postprocess got a stopping message and will stop now
18:25:18:857  Rank 0001    INFO at /home/lzy/projects/mirheo_starter/vendor/Mirheo/src/mirheo/core/postproc.cpp:111 Postprocess is listening to messages now
18:25:19:054  Rank 0001    INFO at /home/lzy/projects/mirheo_starter/vendor/Mirheo/src/mirheo/core/postproc.cpp:122 Postprocess got a stopping message and will stop now
18:25:19:060  Rank 0001    INFO at /home/lzy/projects/mirheo_starter/vendor/Mirheo/src/mirheo/core/postproc.cpp:111 Postprocess is listening to messages now
18:25:19:254  Rank 0001    INFO at /home/lzy/projects/mirheo_starter/vendor/Mirheo/src/mirheo/core/postproc.cpp:122 Postprocess got a stopping message and will stop now
18:25:19:259  Rank 0001    INFO at /home/lzy/projects/mirheo_starter/vendor/Mirheo/src/mirheo/core/postproc.cpp:111 Postprocess is listening to messages now
18:25:19:452  Rank 0001    INFO at /home/lzy/projects/mirheo_starter/vendor/Mirheo/src/mirheo/core/postproc.cpp:122 Postprocess got a stopping message and will stop now
18:25:19:458  Rank 0001    INFO at /home/lzy/projects/mirheo_starter/vendor/Mirheo/src/mirheo/core/postproc.cpp:111 Postprocess is listening to messages now
18:25:19:652  Rank 0001    INFO at /home/lzy/projects/mirheo_starter/vendor/Mirheo/src/mirheo/core/postproc.cpp:122 Postprocess got a stopping message and will stop now
18:25:19:657  Rank 0001    INFO at /home/lzy/projects/mirheo_starter/vendor/Mirheo/src/mirheo/core/postproc.cpp:111 Postprocess is listening to messages now
18:25:19:850  Rank 0001    INFO at /home/lzy/projects/mirheo_starter/vendor/Mirheo/src/mirheo/core/postproc.cpp:122 Postprocess got a stopping message and will stop now
18:25:19:855  Rank 0001    INFO at /home/lzy/projects/mirheo_starter/vendor/Mirheo/src/mirheo/core/postproc.cpp:111 Postprocess is listening to messages now
18:25:20:057  Rank 0001    INFO at /home/lzy/projects/mirheo_starter/vendor/Mirheo/src/mirheo/core/postproc.cpp:122 Postprocess got a stopping message and will stop now
18:25:20:063  Rank 0001    INFO at /home/lzy/projects/mirheo_starter/vendor/Mirheo/src/mirheo/core/postproc.cpp:111 Postprocess is listening to messages now
18:25:20:276  Rank 0001    INFO at /home/lzy/projects/mirheo_starter/vendor/Mirheo/src/mirheo/core/postproc.cpp:122 Postprocess got a stopping message and will stop now
18:25:20:282  Rank 0001    INFO at /home/lzy/projects/mirheo_starter/vendor/Mirheo/src/mirheo/core/postproc.cpp:111 Postprocess is listening to messages now
18:25:20:478  Rank 0001    INFO at /home/lzy/projects/mirheo_starter/vendor/Mirheo/src/mirheo/core/postproc.cpp:122 Postprocess got a stopping message and will stop now
18:25:20:483  Rank 0001    INFO at /home/lzy/projects/mirheo_starter/vendor/Mirheo/src/mirheo/core/postproc.cpp:111 Postprocess is listening to messages now
18:25:20:682  Rank 0001    INFO at /home/lzy/projects/mirheo_starter/vendor/Mirheo/src/mirheo/core/postproc.cpp:122 Postprocess got a stopping message and will stop now
18:25:20:688  Rank 0001    INFO at /home/lzy/projects/mirheo_starter/vendor/Mirheo/src/mirheo/core/postproc.cpp:111 Postprocess is listening to messages now
18:25:20:885  Rank 0001    INFO at /home/lzy/projects/mirheo_starter/vendor/Mirheo/src/mirheo/core/postproc.cpp:122 Postprocess got a stopping message and will stop now
18:25:20:891  Rank 0001    INFO at /home/lzy/projects/mirheo_starter/vendor/Mirheo/src/mirheo/core/postproc.cpp:111 Postprocess is listening to messages now
18:25:21:083  Rank 0001    INFO at /home/lzy/projects/mirheo_starter/vendor/Mirheo/src/mirheo/core/postproc.cpp:122 Postprocess got a stopping message and will stop now
18:25:21:089  Rank 0001    INFO at /home/lzy/projects/mirheo_starter/vendor/Mirheo/src/mirheo/core/postproc.cpp:111 Postprocess is listening to messages now
18:25:21:278  Rank 0001    INFO at /home/lzy/projects/mirheo_starter/vendor/Mirheo/src/mirheo/core/postproc.cpp:122 Postprocess got a stopping message and will stop now
18:25:21:283  Rank 0001    INFO at /home/lzy/projects/mirheo_starter/vendor/Mirheo/src/mirheo/core/postproc.cpp:111 Postprocess is listening to messages now
18:25:21:478  Rank 0001    INFO at /home/lzy/projects/mirheo_starter/vendor/Mirheo/src/mirheo/core/postproc.cpp:122 Postprocess got a stopping message and will stop now
18:25:21:484  Rank 0001    INFO at /home/lzy/projects/mirheo_starter/vendor/Mirheo/src/mirheo/core/postproc.cpp:111 Postprocess is listening to messages now
18:25:21:670  Rank 0001    INFO at /home/lzy/projects/mirheo_starter/vendor/Mirheo/src/mirheo/core/postproc.cpp:122 Postprocess got a stopping message and will stop now
18:25:21:676  Rank 0001    INFO at /home/lzy/projects/mirheo_starter/vendor/Mirheo/src/mirheo/core/postproc.cpp:111 Postprocess is listening to messages now
18:25:21:874  Rank 0001    INFO at /home/lzy/projects/mirheo_starter/vendor/Mirheo/src/mirheo/core/postproc.cpp:122 Postprocess got a stopping message and will stop now
18:25:21:880  Rank 0001    INFO at /home/lzy/projects/mirheo_starter/vendor/Mirheo/src/mirheo/core/postproc.cpp:111 Postprocess is listening to messages now
18:25:22:081  Rank 0001    INFO at /home/lzy/projects/mirheo_starter/vendor/Mirheo/src/mirheo/core/postproc.cpp:122 Postprocess got a stopping message and will stop now
18:25:22:087  Rank 0001    INFO at /home/lzy/projects/mirheo_starter/vendor/Mirheo/src/mirheo/core/postproc.cpp:111 Postprocess is listening to messages now
18:25:22:283  Rank 0001    INFO at /home/lzy/projects/mirheo_starter/vendor/Mirheo/src/mirheo/core/postproc.cpp:122 Postprocess got a stopping message and will stop now
18:25:22:289  Rank 0001    INFO at /home/lzy/projects/mirheo_starter/vendor/Mirheo/src/mirheo/core/postproc.cpp:111 Postprocess is listening to messages now
18:25:22:484  Rank 0001    INFO at /home/lzy/projects/mirheo_starter/vendor/Mirheo/src/mirheo/core/postproc.cpp:122 Postprocess got a stopping message and will stop now
18:25:22:490  Rank 0001    INFO at /home/lzy/projects/mirheo_starter/vendor/Mirheo/src/mirheo/core/postproc.cpp:111 Postprocess is listening to messages now
18:25:22:689  Rank 0001    INFO at /home/lzy/projects/mirheo_starter/vendor/Mirheo/src/mirheo/core/postproc.cpp:122 Postprocess got a stopping message and will stop now
18:25:22:695  Rank 0001    INFO at /home/lzy/projects/mirheo_starter/vendor/Mirheo/src/mirheo/core/postproc.cpp:111 Postprocess is listening to messages now
18:25:22:893  Rank 0001    INFO at /home/lzy/projects/mirheo_starter/vendor/Mirheo/src/mirheo/core/postproc.cpp:122 Postprocess got a stopping message and will stop now
18:25:22:898  Rank 0001    INFO at /home/lzy/projects/mirheo_starter/vendor/Mirheo/src/mirheo/core/postproc.cpp:111 Postprocess is listening to messages now
18:25:23:097  Rank 0001    INFO at /home/lzy/projects/mirheo_starter/vendor/Mirheo/src/mirheo/core/postproc.cpp:122 Postprocess got a stopping message and will stop now
18:25:23:102  Rank 0001    INFO at /home/lzy/projects/mirheo_starter/vendor/Mirheo/src/mirheo/core/postproc.cpp:111 Postprocess is listening to messages now
18:25:23:335  Rank 0001    INFO at /home/lzy/projects/mirheo_starter/vendor/Mirheo/src/mirheo/core/postproc.cpp:122 Postprocess got a stopping message and will stop now
18:25:23:341  Rank 0001    INFO at /home/lzy/projects/mirheo_starter/vendor/Mirheo/src/mirheo/core/postproc.cpp:111 Postprocess is listening to messages now
18:25:23:535  Rank 0001    INFO at /home/lzy/projects/mirheo_starter/vendor/Mirheo/src/mirheo/core/postproc.cpp:122 Postprocess got a stopping message and will stop now
18:25:23:541  Rank 0001    INFO at /home/lzy/projects/mirheo_starter/vendor/Mirheo/src/mirheo/core/postproc.cpp:111 Postprocess is listening to messages now
18:25:23:733  Rank 0001    INFO at /home/lzy/projects/mirheo_starter/vendor/Mirheo/src/mirheo/core/postproc.cpp:122 Postprocess got a stopping message and will stop now
18:25:23:738  Rank 0001    INFO at /home/lzy/projects/mirheo_starter/vendor/Mirheo/src/mirheo/core/postproc.cpp:111 Postprocess is listening to messages now
18:25:23:928  Rank 0001    INFO at /home/lzy/projects/mirheo_starter/vendor/Mirheo/src/mirheo/core/postproc.cpp:122 Postprocess got a stopping message and will stop now
18:25:23:934  Rank 0001    INFO at /home/lzy/projects/mirheo_starter/vendor/Mirheo/src/mirheo/core/postproc.cpp:111 Postprocess is listening to messages now
18:25:24:121  Rank 0001    INFO at /home/lzy/projects/mirheo_starter/vendor/Mirheo/src/mirheo/core/postproc.cpp:122 Postprocess got a stopping message and will stop now
18:25:24:128  Rank 0001    INFO at /home/lzy/projects/mirheo_starter/vendor/Mirheo/src/mirheo/core/postproc.cpp:111 Postprocess is listening to messages now
18:25:24:323  Rank 0001    INFO at /home/lzy/projects/mirheo_starter/vendor/Mirheo/src/mirheo/core/postproc.cpp:122 Postprocess got a stopping message and will stop now
18:25:24:329  Rank 0001    INFO at /home/lzy/projects/mirheo_starter/vendor/Mirheo/src/mirheo/core/postproc.cpp:111 Postprocess is listening to messages now
18:25:24:531  Rank 0001    INFO at /home/lzy/projects/mirheo_starter/vendor/Mirheo/src/mirheo/core/postproc.cpp:122 Postprocess got a stopping message and will stop now
18:25:24:536  Rank 0001    INFO at /home/lzy/projects/mirheo_starter/vendor/Mirheo/src/mirheo/core/postproc.cpp:111 Postprocess is listening to messages now
18:25:24:724  Rank 0001    INFO at /home/lzy/projects/mirheo_starter/vendor/Mirheo/src/mirheo/core/postproc.cpp:122 Postprocess got a stopping message and will stop now
18:25:24:729  Rank 0001    INFO at /home/lzy/projects/mirheo_starter/vendor/Mirheo/src/mirheo/core/postproc.cpp:111 Postprocess is listening to messages now
18:25:24:922  Rank 0001    INFO at /home/lzy/projects/mirheo_starter/vendor/Mirheo/src/mirheo/core/postproc.cpp:122 Postprocess got a stopping message and will stop now
18:25:24:928  Rank 0001    INFO at /home/lzy/projects/mirheo_starter/vendor/Mirheo/src/mirheo/core/postproc.cpp:111 Postprocess is listening to messages now
18:25:25:131  Rank 0001    INFO at /home/lzy/projects/mirheo_starter/vendor/Mirheo/src/mirheo/core/postproc.cpp:122 Postprocess got a stopping message and will stop now
18:25:25:136  Rank 0001    INFO at /home/lzy/projects/mirheo_starter/vendor/Mirheo/src/mirheo/core/postproc.cpp:111 Postprocess is listening to messages now
18:25:25:338  Rank 0001    INFO at /home/lzy/projects/mirheo_starter/vendor/Mirheo/src/mirheo/core/postproc.cpp:122 Postprocess got a stopping message and will stop now
18:25:25:343  Rank 0001    INFO at /home/lzy/projects/mirheo_starter/vendor/Mirheo/src/mirheo/core/postproc.cpp:111 Postprocess is listening to messages now
18:25:25:534  Rank 0001    INFO at /home/lzy/projects/mirheo_starter/vendor/Mirheo/src/mirheo/core/postproc.cpp:122 Postprocess got a stopping message and will stop now
18:25:25:543  Rank 0001    INFO at /home/lzy/projects/mirheo_starter/vendor/Mirheo/src/mirheo/core/postproc.cpp:111 Postprocess is listening to messages now
18:25:25:744  Rank 0001    INFO at /home/lzy/projects/mirheo_starter/vendor/Mirheo/src/mirheo/core/postproc.cpp:122 Postprocess got a stopping message and will stop now
18:25:25:749  Rank 0001    INFO at /home/lzy/projects/mirheo_starter/vendor/Mirheo/src/mirheo/core/postproc.cpp:111 Postprocess is listening to messages now
18:25:25:948  Rank 0001    INFO at /home/lzy/projects/mirheo_starter/vendor/Mirheo/src/mirheo/core/postproc.cpp:122 Postprocess got a stopping message and will stop now
18:25:25:954  Rank 0001    INFO at /home/lzy/projects/mirheo_starter/vendor/Mirheo/src/mirheo/core/postproc.cpp:111 Postprocess is listening to messages now
18:25:26:150  Rank 0001    INFO at /home/lzy/projects/mirheo_starter/vendor/Mirheo/src/mirheo/core/postproc.cpp:122 Postprocess got a stopping message and will stop now
18:25:26:156  Rank 0001    INFO at /home/lzy/projects/mirheo_starter/vendor/Mirheo/src/mirheo/core/postproc.cpp:111 Postprocess is listening to messages now
18:25:26:351  Rank 0001    INFO at /home/lzy/projects/mirheo_starter/vendor/Mirheo/src/mirheo/core/postproc.cpp:122 Postprocess got a stopping message and will stop now
18:25:26:356  Rank 0001    INFO at /home/lzy/projects/mirheo_starter/vendor/Mirheo/src/mirheo/core/postproc.cpp:111 Postprocess is listening to messages now
18:25:26:553  Rank 0001    INFO at /home/lzy/projects/mirheo_starter/vendor/Mirheo/src/mirheo/core/postproc.cpp:122 Postprocess got a stopping message and will stop now
18:25:26:559  Rank 0001    INFO at /home/lzy/projects/mirheo_starter/vendor/Mirheo/src/mirheo/core/postproc.cpp:111 Postprocess is listening to messages now
18:25:26:760  Rank 0001    INFO at /home/lzy/projects/mirheo_starter/vendor/Mirheo/src/mirheo/core/postproc.cpp:122 Postprocess got a stopping message and will stop now
18:25:26:766  Rank 0001    INFO at /home/lzy/projects/mirheo_starter/vendor/Mirheo/src/mirheo/core/postproc.cpp:111 Postprocess is listening to messages now
18:25:26:963  Rank 0001    INFO at /home/lzy/projects/mirheo_starter/vendor/Mirheo/src/mirheo/core/postproc.cpp:122 Postprocess got a stopping message and will stop now
18:25:26:969  Rank 0001    INFO at /home/lzy/projects/mirheo_starter/vendor/Mirheo/src/mirheo/core/postproc.cpp:111 Postprocess is listening to messages now
18:25:27:167  Rank 0001    INFO at /home/lzy/projects/mirheo_starter/vendor/Mirheo/src/mirheo/core/postproc.cpp:122 Postprocess got a stopping message and will stop now
18:25:27:173  Rank 0001    INFO at /home/lzy/projects/mirheo_starter/vendor/Mirheo/src/mirheo/core/postproc.cpp:111 Postprocess is listening to messages now
18:25:27:372  Rank 0001    INFO at /home/lzy/projects/mirheo_starter/vendor/Mirheo/src/mirheo/core/postproc.cpp:122 Postprocess got a stopping message and will stop now
18:25:27:377  Rank 0001    INFO at /home/lzy/projects/mirheo_starter/vendor/Mirheo/src/mirheo/core/postproc.cpp:111 Postprocess is listening to messages now
18:25:27:582  Rank 0001    INFO at /home/lzy/projects/mirheo_starter/vendor/Mirheo/src/mirheo/core/postproc.cpp:122 Postprocess got a stopping message and will stop now
18:25:27:587  Rank 0001    INFO at /home/lzy/projects/mirheo_starter/vendor/Mirheo/src/mirheo/core/postproc.cpp:111 Postprocess is listening to messages now
18:25:27:780  Rank 0001    INFO at /home/lzy/projects/mirheo_starter/vendor/Mirheo/src/mirheo/core/postproc.cpp:122 Postprocess got a stopping message and will stop now
18:25:27:785  Rank 0001    INFO at /home/lzy/projects/mirheo_starter/vendor/Mirheo/src/mirheo/core/postproc.cpp:111 Postprocess is listening to messages now
18:25:27:977  Rank 0001    INFO at /home/lzy/projects/mirheo_starter/vendor/Mirheo/src/mirheo/core/postproc.cpp:122 Postprocess got a stopping message and will stop now
18:25:27:982  Rank 0001    INFO at /home/lzy/projects/mirheo_starter/vendor/Mirheo/src/mirheo/core/postproc.cpp:111 Postprocess is listening to messages now
18:25:28:173  Rank 0001    INFO at /home/lzy/projects/mirheo_starter/vendor/Mirheo/src/mirheo/core/postproc.cpp:122 Postprocess got a stopping message and will stop now
18:25:28:178  Rank 0001    INFO at /home/lzy/projects/mirheo_starter/vendor/Mirheo/src/mirheo/core/postproc.cpp:111 Postprocess is listening to messages now
18:25:28:367  Rank 0001    INFO at /home/lzy/projects/mirheo_starter/vendor/Mirheo/src/mirheo/core/postproc.cpp:122 Postprocess got a stopping message and will stop now
18:25:28:372  Rank 0001    INFO at /home/lzy/projects/mirheo_starter/vendor/Mirheo/src/mirheo/core/postproc.cpp:111 Postprocess is listening to messages now
18:25:28:563  Rank 0001    INFO at /home/lzy/projects/mirheo_starter/vendor/Mirheo/src/mirheo/core/postproc.cpp:122 Postprocess got a stopping message and will stop now
18:25:28:569  Rank 0001    INFO at /home/lzy/projects/mirheo_starter/vendor/Mirheo/src/mirheo/core/postproc.cpp:111 Postprocess is listening to messages now
18:25:28:757  Rank 0001    INFO at /home/lzy/projects/mirheo_starter/vendor/Mirheo/src/mirheo/core/postproc.cpp:122 Postprocess got a stopping message and will stop now
18:25:28:763  Rank 0001    INFO at /home/lzy/projects/mirheo_starter/vendor/Mirheo/src/mirheo/core/postproc.cpp:111 Postprocess is listening to messages now
18:25:28:954  Rank 0001    INFO at /home/lzy/projects/mirheo_starter/vendor/Mirheo/src/mirheo/core/postproc.cpp:122 Postprocess got a stopping message and will stop now
18:25:28:961  Rank 0001    INFO at /home/lzy/projects/mirheo_starter/vendor/Mirheo/src/mirheo/core/postproc.cpp:111 Postprocess is listening to messages now
18:25:29:146  Rank 0001    INFO at /home/lzy/projects/mirheo_starter/vendor/Mirheo/src/mirheo/core/postproc.cpp:122 Postprocess got a stopping message and will stop now
18:25:29:151  Rank 0001    INFO at /home/lzy/projects/mirheo_starter/vendor/Mirheo/src/mirheo/core/postproc.cpp:111 Postprocess is listening to messages now
18:25:29:341  Rank 0001    INFO at /home/lzy/projects/mirheo_starter/vendor/Mirheo/src/mirheo/core/postproc.cpp:122 Postprocess got a stopping message and will stop now
18:25:29:346  Rank 0001    INFO at /home/lzy/projects/mirheo_starter/vendor/Mirheo/src/mirheo/core/postproc.cpp:111 Postprocess is listening to messages now
18:25:29:548  Rank 0001    INFO at /home/lzy/projects/mirheo_starter/vendor/Mirheo/src/mirheo/core/postproc.cpp:122 Postprocess got a stopping message and will stop now
18:25:29:555  Rank 0001    INFO at /home/lzy/projects/mirheo_starter/vendor/Mirheo/src/mirheo/core/postproc.cpp:111 Postprocess is listening to messages now
18:25:29:747  Rank 0001    INFO at /home/lzy/projects/mirheo_starter/vendor/Mirheo/src/mirheo/core/postproc.cpp:122 Postprocess got a stopping message and will stop now
18:25:29:753  Rank 0001    INFO at /home/lzy/projects/mirheo_starter/vendor/Mirheo/src/mirheo/core/postproc.cpp:111 Postprocess is listening to messages now
18:25:29:945  Rank 0001    INFO at /home/lzy/projects/mirheo_starter/vendor/Mirheo/src/mirheo/core/postproc.cpp:122 Postprocess got a stopping message and will stop now
18:25:29:951  Rank 0001    INFO at /home/lzy/projects/mirheo_starter/vendor/Mirheo/src/mirheo/core/postproc.cpp:111 Postprocess is listening to messages now
18:25:30:152  Rank 0001    INFO at /home/lzy/projects/mirheo_starter/vendor/Mirheo/src/mirheo/core/postproc.cpp:122 Postprocess got a stopping message and will stop now
18:25:30:157  Rank 0001    INFO at /home/lzy/projects/mirheo_starter/vendor/Mirheo/src/mirheo/core/postproc.cpp:111 Postprocess is listening to messages now
18:25:30:349  Rank 0001    INFO at /home/lzy/projects/mirheo_starter/vendor/Mirheo/src/mirheo/core/postproc.cpp:122 Postprocess got a stopping message and will stop now
18:25:30:355  Rank 0001    INFO at /home/lzy/projects/mirheo_starter/vendor/Mirheo/src/mirheo/core/postproc.cpp:111 Postprocess is listening to messages now
18:25:30:546  Rank 0001    INFO at /home/lzy/projects/mirheo_starter/vendor/Mirheo/src/mirheo/core/postproc.cpp:122 Postprocess got a stopping message and will stop now
18:25:30:554  Rank 0001    INFO at /home/lzy/projects/mirheo_starter/vendor/Mirheo/src/mirheo/core/postproc.cpp:111 Postprocess is listening to messages now
18:25:30:750  Rank 0001    INFO at /home/lzy/projects/mirheo_starter/vendor/Mirheo/src/mirheo/core/postproc.cpp:122 Postprocess got a stopping message and will stop now
18:25:30:755  Rank 0001    INFO at /home/lzy/projects/mirheo_starter/vendor/Mirheo/src/mirheo/core/postproc.cpp:111 Postprocess is listening to messages now
18:25:30:946  Rank 0001    INFO at /home/lzy/projects/mirheo_starter/vendor/Mirheo/src/mirheo/core/postproc.cpp:122 Postprocess got a stopping message and will stop now
18:25:30:951  Rank 0001    INFO at /home/lzy/projects/mirheo_starter/vendor/Mirheo/src/mirheo/core/postproc.cpp:111 Postprocess is listening to messages now
18:25:31:137  Rank 0001    INFO at /home/lzy/projects/mirheo_starter/vendor/Mirheo/src/mirheo/core/postproc.cpp:122 Postprocess got a stopping message and will stop now
18:25:31:143  Rank 0001    INFO at /home/lzy/projects/mirheo_starter/vendor/Mirheo/src/mirheo/core/postproc.cpp:111 Postprocess is listening to messages now
18:25:31:330  Rank 0001    INFO at /home/lzy/projects/mirheo_starter/vendor/Mirheo/src/mirheo/core/postproc.cpp:122 Postprocess got a stopping message and will stop now
18:25:31:335  Rank 0001    INFO at /home/lzy/projects/mirheo_starter/vendor/Mirheo/src/mirheo/core/postproc.cpp:111 Postprocess is listening to messages now
18:25:31:524  Rank 0001    INFO at /home/lzy/projects/mirheo_starter/vendor/Mirheo/src/mirheo/core/postproc.cpp:122 Postprocess got a stopping message and will stop now
18:25:31:529  Rank 0001    INFO at /home/lzy/projects/mirheo_starter/vendor/Mirheo/src/mirheo/core/postproc.cpp:111 Postprocess is listening to messages now
18:25:31:712  Rank 0001    INFO at /home/lzy/projects/mirheo_starter/vendor/Mirheo/src/mirheo/core/postproc.cpp:122 Postprocess got a stopping message and will stop now
18:25:31:718  Rank 0001    INFO at /home/lzy/projects/mirheo_starter/vendor/Mirheo/src/mirheo/core/postproc.cpp:111 Postprocess is listening to messages now
18:25:31:903  Rank 0001    INFO at /home/lzy/projects/mirheo_starter/vendor/Mirheo/src/mirheo/core/postproc.cpp:122 Postprocess got a stopping message and will stop now
18:25:31:908  Rank 0001    INFO at /home/lzy/projects/mirheo_starter/vendor/Mirheo/src/mirheo/core/postproc.cpp:111 Postprocess is listening to messages now
18:25:32:100  Rank 0001    INFO at /home/lzy/projects/mirheo_starter/vendor/Mirheo/src/mirheo/core/postproc.cpp:122 Postprocess got a stopping message and will stop now
18:25:32:107  Rank 0001    INFO at /home/lzy/projects/mirheo_starter/vendor/Mirheo/src/mirheo/core/postproc.cpp:111 Postprocess is listening to messages now
18:25:32:295  Rank 0001    INFO at /home/lzy/projects/mirheo_starter/vendor/Mirheo/src/mirheo/core/postproc.cpp:122 Postprocess got a stopping message and will stop now
18:25:32:300  Rank 0001    INFO at /home/lzy/projects/mirheo_starter/vendor/Mirheo/src/mirheo/core/postproc.cpp:111 Postprocess is listening to messages now
18:25:32:484  Rank 0001    INFO at /home/lzy/projects/mirheo_starter/vendor/Mirheo/src/mirheo/core/postproc.cpp:122 Postprocess got a stopping message and will stop now
18:25:32:492  Rank 0001    INFO at /home/lzy/projects/mirheo_starter/vendor/Mirheo/src/mirheo/core/postproc.cpp:111 Postprocess is listening to messages now
18:25:32:681  Rank 0001    INFO at /home/lzy/projects/mirheo_starter/vendor/Mirheo/src/mirheo/core/postproc.cpp:122 Postprocess got a stopping message and will stop now
18:25:32:686  Rank 0001    INFO at /home/lzy/projects/mirheo_starter/vendor/Mirheo/src/mirheo/core/postproc.cpp:111 Postprocess is listening to messages now
18:25:32:872  Rank 0001    INFO at /home/lzy/projects/mirheo_starter/vendor/Mirheo/src/mirheo/core/postproc.cpp:122 Postprocess got a stopping message and will stop now
18:25:32:879  Rank 0001    INFO at /home/lzy/projects/mirheo_starter/vendor/Mirheo/src/mirheo/core/postproc.cpp:111 Postprocess is listening to messages now
18:25:33:066  Rank 0001    INFO at /home/lzy/projects/mirheo_starter/vendor/Mirheo/src/mirheo/core/postproc.cpp:122 Postprocess got a stopping message and will stop now
18:25:33:072  Rank 0001    INFO at /home/lzy/projects/mirheo_starter/vendor/Mirheo/src/mirheo/core/postproc.cpp:111 Postprocess is listening to messages now
18:25:33:267  Rank 0001    INFO at /home/lzy/projects/mirheo_starter/vendor/Mirheo/src/mirheo/core/postproc.cpp:122 Postprocess got a stopping message and will stop now
18:25:33:272  Rank 0001    INFO at /home/lzy/projects/mirheo_starter/vendor/Mirheo/src/mirheo/core/postproc.cpp:111 Postprocess is listening to messages now
18:25:33:458  Rank 0001    INFO at /home/lzy/projects/mirheo_starter/vendor/Mirheo/src/mirheo/core/postproc.cpp:122 Postprocess got a stopping message and will stop now
18:25:33:463  Rank 0001    INFO at /home/lzy/projects/mirheo_starter/vendor/Mirheo/src/mirheo/core/postproc.cpp:111 Postprocess is listening to messages now
18:25:33:649  Rank 0001    INFO at /home/lzy/projects/mirheo_starter/vendor/Mirheo/src/mirheo/core/postproc.cpp:122 Postprocess got a stopping message and will stop now
18:25:33:655  Rank 0001    INFO at /home/lzy/projects/mirheo_starter/vendor/Mirheo/src/mirheo/core/postproc.cpp:111 Postprocess is listening to messages now
18:25:33:854  Rank 0001    INFO at /home/lzy/projects/mirheo_starter/vendor/Mirheo/src/mirheo/core/postproc.cpp:122 Postprocess got a stopping message and will stop now
18:25:33:859  Rank 0001    INFO at /home/lzy/projects/mirheo_starter/vendor/Mirheo/src/mirheo/core/postproc.cpp:111 Postprocess is listening to messages now
18:25:34:049  Rank 0001    INFO at /home/lzy/projects/mirheo_starter/vendor/Mirheo/src/mirheo/core/postproc.cpp:122 Postprocess got a stopping message and will stop now
18:25:34:055  Rank 0001    INFO at /home/lzy/projects/mirheo_starter/vendor/Mirheo/src/mirheo/core/postproc.cpp:111 Postprocess is listening to messages now
18:25:34:243  Rank 0001    INFO at /home/lzy/projects/mirheo_starter/vendor/Mirheo/src/mirheo/core/postproc.cpp:122 Postprocess got a stopping message and will stop now
18:25:34:248  Rank 0001    INFO at /home/lzy/projects/mirheo_starter/vendor/Mirheo/src/mirheo/core/postproc.cpp:111 Postprocess is listening to messages now
18:25:34:432  Rank 0001    INFO at /home/lzy/projects/mirheo_starter/vendor/Mirheo/src/mirheo/core/postproc.cpp:122 Postprocess got a stopping message and will stop now
18:25:34:437  Rank 0001    INFO at /home/lzy/projects/mirheo_starter/vendor/Mirheo/src/mirheo/core/postproc.cpp:111 Postprocess is listening to messages now
18:25:34:627  Rank 0001    INFO at /home/lzy/projects/mirheo_starter/vendor/Mirheo/src/mirheo/core/postproc.cpp:122 Postprocess got a stopping message and will stop now
18:25:34:633  Rank 0001    INFO at /home/lzy/projects/mirheo_starter/vendor/Mirheo/src/mirheo/core/postproc.cpp:111 Postprocess is listening to messages now
18:25:34:813  Rank 0001    INFO at /home/lzy/projects/mirheo_starter/vendor/Mirheo/src/mirheo/core/postproc.cpp:122 Postprocess got a stopping message and will stop now
18:25:34:823  Rank 0001    INFO at /home/lzy/projects/mirheo_starter/vendor/Mirheo/src/mirheo/core/postproc.cpp:111 Postprocess is listening to messages now
18:25:35:015  Rank 0001    INFO at /home/lzy/projects/mirheo_starter/vendor/Mirheo/src/mirheo/core/postproc.cpp:122 Postprocess got a stopping message and will stop now
18:25:35:021  Rank 0001    INFO at /home/lzy/projects/mirheo_starter/vendor/Mirheo/src/mirheo/core/postproc.cpp:111 Postprocess is listening to messages now
18:25:35:214  Rank 0001    INFO at /home/lzy/projects/mirheo_starter/vendor/Mirheo/src/mirheo/core/postproc.cpp:122 Postprocess got a stopping message and will stop now
18:25:35:219  Rank 0001    INFO at /home/lzy/projects/mirheo_starter/vendor/Mirheo/src/mirheo/core/postproc.cpp:111 Postprocess is listening to messages now
18:25:35:402  Rank 0001    INFO at /home/lzy/projects/mirheo_starter/vendor/Mirheo/src/mirheo/core/postproc.cpp:122 Postprocess got a stopping message and will stop now
18:25:35:407  Rank 0001    INFO at /home/lzy/projects/mirheo_starter/vendor/Mirheo/src/mirheo/core/postproc.cpp:111 Postprocess is listening to messages now
18:25:35:599  Rank 0001    INFO at /home/lzy/projects/mirheo_starter/vendor/Mirheo/src/mirheo/core/postproc.cpp:122 Postprocess got a stopping message and will stop now
18:25:35:604  Rank 0001    INFO at /home/lzy/projects/mirheo_starter/vendor/Mirheo/src/mirheo/core/postproc.cpp:111 Postprocess is listening to messages now
18:25:35:806  Rank 0001    INFO at /home/lzy/projects/mirheo_starter/vendor/Mirheo/src/mirheo/core/postproc.cpp:122 Postprocess got a stopping message and will stop now
18:25:35:812  Rank 0001    INFO at /home/lzy/projects/mirheo_starter/vendor/Mirheo/src/mirheo/core/postproc.cpp:111 Postprocess is listening to messages now
18:25:35:998  Rank 0001    INFO at /home/lzy/projects/mirheo_starter/vendor/Mirheo/src/mirheo/core/postproc.cpp:122 Postprocess got a stopping message and will stop now
18:25:36:003  Rank 0001    INFO at /home/lzy/projects/mirheo_starter/vendor/Mirheo/src/mirheo/core/postproc.cpp:111 Postprocess is listening to messages now
18:25:36:191  Rank 0001    INFO at /home/lzy/projects/mirheo_starter/vendor/Mirheo/src/mirheo/core/postproc.cpp:122 Postprocess got a stopping message and will stop now
18:25:36:198  Rank 0001    INFO at /home/lzy/projects/mirheo_starter/vendor/Mirheo/src/mirheo/core/postproc.cpp:111 Postprocess is listening to messages now
18:25:36:397  Rank 0001    INFO at /home/lzy/projects/mirheo_starter/vendor/Mirheo/src/mirheo/core/postproc.cpp:122 Postprocess got a stopping message and will stop now
18:25:36:405  Rank 0001    INFO at /home/lzy/projects/mirheo_starter/vendor/Mirheo/src/mirheo/core/postproc.cpp:111 Postprocess is listening to messages now
18:25:36:597  Rank 0001    INFO at /home/lzy/projects/mirheo_starter/vendor/Mirheo/src/mirheo/core/postproc.cpp:122 Postprocess got a stopping message and will stop now
18:25:36:603  Rank 0001    INFO at /home/lzy/projects/mirheo_starter/vendor/Mirheo/src/mirheo/core/postproc.cpp:111 Postprocess is listening to messages now
18:25:36:792  Rank 0001    INFO at /home/lzy/projects/mirheo_starter/vendor/Mirheo/src/mirheo/core/postproc.cpp:122 Postprocess got a stopping message and will stop now
18:25:36:798  Rank 0001    INFO at /home/lzy/projects/mirheo_starter/vendor/Mirheo/src/mirheo/core/postproc.cpp:111 Postprocess is listening to messages now
18:25:36:989  Rank 0001    INFO at /home/lzy/projects/mirheo_starter/vendor/Mirheo/src/mirheo/core/postproc.cpp:122 Postprocess got a stopping message and will stop now
18:25:36:994  Rank 0001    INFO at /home/lzy/projects/mirheo_starter/vendor/Mirheo/src/mirheo/core/postproc.cpp:111 Postprocess is listening to messages now
18:25:37:188  Rank 0001    INFO at /home/lzy/projects/mirheo_starter/vendor/Mirheo/src/mirheo/core/postproc.cpp:122 Postprocess got a stopping message and will stop now
18:25:37:193  Rank 0001    INFO at /home/lzy/projects/mirheo_starter/vendor/Mirheo/src/mirheo/core/postproc.cpp:111 Postprocess is listening to messages now
18:25:37:383  Rank 0001    INFO at /home/lzy/projects/mirheo_starter/vendor/Mirheo/src/mirheo/core/postproc.cpp:122 Postprocess got a stopping message and will stop now
18:25:37:389  Rank 0001    INFO at /home/lzy/projects/mirheo_starter/vendor/Mirheo/src/mirheo/core/postproc.cpp:111 Postprocess is listening to messages now
18:25:37:581  Rank 0001    INFO at /home/lzy/projects/mirheo_starter/vendor/Mirheo/src/mirheo/core/postproc.cpp:122 Postprocess got a stopping message and will stop now
18:25:37:587  Rank 0001    INFO at /home/lzy/projects/mirheo_starter/vendor/Mirheo/src/mirheo/core/postproc.cpp:111 Postprocess is listening to messages now
18:25:37:779  Rank 0001    INFO at /home/lzy/projects/mirheo_starter/vendor/Mirheo/src/mirheo/core/postproc.cpp:122 Postprocess got a stopping message and will stop now
18:25:37:785  Rank 0001    INFO at /home/lzy/projects/mirheo_starter/vendor/Mirheo/src/mirheo/core/postproc.cpp:111 Postprocess is listening to messages now
18:25:37:977  Rank 0001    INFO at /home/lzy/projects/mirheo_starter/vendor/Mirheo/src/mirheo/core/postproc.cpp:122 Postprocess got a stopping message and will stop now
18:25:37:982  Rank 0001    INFO at /home/lzy/projects/mirheo_starter/vendor/Mirheo/src/mirheo/core/postproc.cpp:111 Postprocess is listening to messages now
18:25:38:187  Rank 0001    INFO at /home/lzy/projects/mirheo_starter/vendor/Mirheo/src/mirheo/core/postproc.cpp:122 Postprocess got a stopping message and will stop now
18:25:38:193  Rank 0001    INFO at /home/lzy/projects/mirheo_starter/vendor/Mirheo/src/mirheo/core/postproc.cpp:111 Postprocess is listening to messages now
18:25:38:396  Rank 0001    INFO at /home/lzy/projects/mirheo_starter/vendor/Mirheo/src/mirheo/core/postproc.cpp:122 Postprocess got a stopping message and will stop now
18:25:38:401  Rank 0001    INFO at /home/lzy/projects/mirheo_starter/vendor/Mirheo/src/mirheo/core/postproc.cpp:111 Postprocess is listening to messages now
18:25:38:595  Rank 0001    INFO at /home/lzy/projects/mirheo_starter/vendor/Mirheo/src/mirheo/core/postproc.cpp:122 Postprocess got a stopping message and will stop now
18:25:38:604  Rank 0001    INFO at /home/lzy/projects/mirheo_starter/vendor/Mirheo/src/mirheo/core/postproc.cpp:111 Postprocess is listening to messages now
18:25:38:797  Rank 0001    INFO at /home/lzy/projects/mirheo_starter/vendor/Mirheo/src/mirheo/core/postproc.cpp:122 Postprocess got a stopping message and will stop now
18:25:38:802  Rank 0001    INFO at /home/lzy/projects/mirheo_starter/vendor/Mirheo/src/mirheo/core/postproc.cpp:111 Postprocess is listening to messages now
18:25:38:994  Rank 0001    INFO at /home/lzy/projects/mirheo_starter/vendor/Mirheo/src/mirheo/core/postproc.cpp:122 Postprocess got a stopping message and will stop now
18:25:39:000  Rank 0001    INFO at /home/lzy/projects/mirheo_starter/vendor/Mirheo/src/mirheo/core/postproc.cpp:111 Postprocess is listening to messages now
18:25:39:192  Rank 0001    INFO at /home/lzy/projects/mirheo_starter/vendor/Mirheo/src/mirheo/core/postproc.cpp:122 Postprocess got a stopping message and will stop now
18:25:39:197  Rank 0001    INFO at /home/lzy/projects/mirheo_starter/vendor/Mirheo/src/mirheo/core/postproc.cpp:111 Postprocess is listening to messages now
18:25:39:393  Rank 0001    INFO at /home/lzy/projects/mirheo_starter/vendor/Mirheo/src/mirheo/core/postproc.cpp:122 Postprocess got a stopping message and will stop now
18:25:39:399  Rank 0001    INFO at /home/lzy/projects/mirheo_starter/vendor/Mirheo/src/mirheo/core/postproc.cpp:111 Postprocess is listening to messages now
18:25:39:595  Rank 0001    INFO at /home/lzy/projects/mirheo_starter/vendor/Mirheo/src/mirheo/core/postproc.cpp:122 Postprocess got a stopping message and will stop now
18:25:39:601  Rank 0001    INFO at /home/lzy/projects/mirheo_starter/vendor/Mirheo/src/mirheo/core/postproc.cpp:111 Postprocess is listening to messages now
18:25:39:800  Rank 0001    INFO at /home/lzy/projects/mirheo_starter/vendor/Mirheo/src/mirheo/core/postproc.cpp:122 Postprocess got a stopping message and will stop now
18:25:39:805  Rank 0001    INFO at /home/lzy/projects/mirheo_starter/vendor/Mirheo/src/mirheo/core/postproc.cpp:111 Postprocess is listening to messages now
18:25:40:003  Rank 0001    INFO at /home/lzy/projects/mirheo_starter/vendor/Mirheo/src/mirheo/core/postproc.cpp:122 Postprocess got a stopping message and will stop now
18:25:40:008  Rank 0001    INFO at /home/lzy/projects/mirheo_starter/vendor/Mirheo/src/mirheo/core/postproc.cpp:111 Postprocess is listening to messages now
18:25:40:209  Rank 0001    INFO at /home/lzy/projects/mirheo_starter/vendor/Mirheo/src/mirheo/core/postproc.cpp:122 Postprocess got a stopping message and will stop now
18:25:40:215  Rank 0001    INFO at /home/lzy/projects/mirheo_starter/vendor/Mirheo/src/mirheo/core/postproc.cpp:111 Postprocess is listening to messages now
18:25:40:405  Rank 0001    INFO at /home/lzy/projects/mirheo_starter/vendor/Mirheo/src/mirheo/core/postproc.cpp:122 Postprocess got a stopping message and will stop now
18:25:40:410  Rank 0001    INFO at /home/lzy/projects/mirheo_starter/vendor/Mirheo/src/mirheo/core/postproc.cpp:111 Postprocess is listening to messages now
18:25:40:604  Rank 0001    INFO at /home/lzy/projects/mirheo_starter/vendor/Mirheo/src/mirheo/core/postproc.cpp:122 Postprocess got a stopping message and will stop now
18:25:40:610  Rank 0001    INFO at /home/lzy/projects/mirheo_starter/vendor/Mirheo/src/mirheo/core/postproc.cpp:111 Postprocess is listening to messages now
18:25:40:810  Rank 0001    INFO at /home/lzy/projects/mirheo_starter/vendor/Mirheo/src/mirheo/core/postproc.cpp:122 Postprocess got a stopping message and will stop now
18:25:40:816  Rank 0001    INFO at /home/lzy/projects/mirheo_starter/vendor/Mirheo/src/mirheo/core/postproc.cpp:111 Postprocess is listening to messages now
18:25:41:006  Rank 0001    INFO at /home/lzy/projects/mirheo_starter/vendor/Mirheo/src/mirheo/core/postproc.cpp:122 Postprocess got a stopping message and will stop now
18:25:41:013  Rank 0001    INFO at /home/lzy/projects/mirheo_starter/vendor/Mirheo/src/mirheo/core/postproc.cpp:111 Postprocess is listening to messages now
18:25:41:206  Rank 0001    INFO at /home/lzy/projects/mirheo_starter/vendor/Mirheo/src/mirheo/core/postproc.cpp:122 Postprocess got a stopping message and will stop now
18:25:41:212  Rank 0001    INFO at /home/lzy/projects/mirheo_starter/vendor/Mirheo/src/mirheo/core/postproc.cpp:111 Postprocess is listening to messages now
18:25:41:408  Rank 0001    INFO at /home/lzy/projects/mirheo_starter/vendor/Mirheo/src/mirheo/core/postproc.cpp:122 Postprocess got a stopping message and will stop now
18:25:41:415  Rank 0001    INFO at /home/lzy/projects/mirheo_starter/vendor/Mirheo/src/mirheo/core/postproc.cpp:111 Postprocess is listening to messages now
18:25:41:603  Rank 0001    INFO at /home/lzy/projects/mirheo_starter/vendor/Mirheo/src/mirheo/core/postproc.cpp:122 Postprocess got a stopping message and will stop now
18:25:41:610  Rank 0001    INFO at /home/lzy/projects/mirheo_starter/vendor/Mirheo/src/mirheo/core/postproc.cpp:111 Postprocess is listening to messages now
18:25:41:803  Rank 0001    INFO at /home/lzy/projects/mirheo_starter/vendor/Mirheo/src/mirheo/core/postproc.cpp:122 Postprocess got a stopping message and will stop now
18:25:41:810  Rank 0001    INFO at /home/lzy/projects/mirheo_starter/vendor/Mirheo/src/mirheo/core/postproc.cpp:111 Postprocess is listening to messages now
18:25:42:003  Rank 0001    INFO at /home/lzy/projects/mirheo_starter/vendor/Mirheo/src/mirheo/core/postproc.cpp:122 Postprocess got a stopping message and will stop now
18:25:42:009  Rank 0001    INFO at /home/lzy/projects/mirheo_starter/vendor/Mirheo/src/mirheo/core/postproc.cpp:111 Postprocess is listening to messages now
18:25:42:200  Rank 0001    INFO at /home/lzy/projects/mirheo_starter/vendor/Mirheo/src/mirheo/core/postproc.cpp:122 Postprocess got a stopping message and will stop now
18:25:42:205  Rank 0001    INFO at /home/lzy/projects/mirheo_starter/vendor/Mirheo/src/mirheo/core/postproc.cpp:111 Postprocess is listening to messages now
18:25:42:395  Rank 0001    INFO at /home/lzy/projects/mirheo_starter/vendor/Mirheo/src/mirheo/core/postproc.cpp:122 Postprocess got a stopping message and will stop now
18:25:42:401  Rank 0001    INFO at /home/lzy/projects/mirheo_starter/vendor/Mirheo/src/mirheo/core/postproc.cpp:111 Postprocess is listening to messages now
18:25:42:607  Rank 0001    INFO at /home/lzy/projects/mirheo_starter/vendor/Mirheo/src/mirheo/core/postproc.cpp:122 Postprocess got a stopping message and will stop now
18:25:42:613  Rank 0001    INFO at /home/lzy/projects/mirheo_starter/vendor/Mirheo/src/mirheo/core/postproc.cpp:111 Postprocess is listening to messages now
18:25:42:805  Rank 0001    INFO at /home/lzy/projects/mirheo_starter/vendor/Mirheo/src/mirheo/core/postproc.cpp:122 Postprocess got a stopping message and will stop now
18:25:42:810  Rank 0001    INFO at /home/lzy/projects/mirheo_starter/vendor/Mirheo/src/mirheo/core/postproc.cpp:111 Postprocess is listening to messages now
18:25:43:014  Rank 0001    INFO at /home/lzy/projects/mirheo_starter/vendor/Mirheo/src/mirheo/core/postproc.cpp:122 Postprocess got a stopping message and will stop now
18:25:43:023  Rank 0001    INFO at /home/lzy/projects/mirheo_starter/vendor/Mirheo/src/mirheo/core/postproc.cpp:111 Postprocess is listening to messages now
18:25:43:219  Rank 0001    INFO at /home/lzy/projects/mirheo_starter/vendor/Mirheo/src/mirheo/core/postproc.cpp:122 Postprocess got a stopping message and will stop now
18:25:43:225  Rank 0001    INFO at /home/lzy/projects/mirheo_starter/vendor/Mirheo/src/mirheo/core/postproc.cpp:111 Postprocess is listening to messages now
18:25:43:420  Rank 0001    INFO at /home/lzy/projects/mirheo_starter/vendor/Mirheo/src/mirheo/core/postproc.cpp:122 Postprocess got a stopping message and will stop now
18:25:43:426  Rank 0001    INFO at /home/lzy/projects/mirheo_starter/vendor/Mirheo/src/mirheo/core/postproc.cpp:111 Postprocess is listening to messages now
18:25:43:617  Rank 0001    INFO at /home/lzy/projects/mirheo_starter/vendor/Mirheo/src/mirheo/core/postproc.cpp:122 Postprocess got a stopping message and will stop now
18:25:43:622  Rank 0001    INFO at /home/lzy/projects/mirheo_starter/vendor/Mirheo/src/mirheo/core/postproc.cpp:111 Postprocess is listening to messages now
18:25:43:820  Rank 0001    INFO at /home/lzy/projects/mirheo_starter/vendor/Mirheo/src/mirheo/core/postproc.cpp:122 Postprocess got a stopping message and will stop now
18:25:43:825  Rank 0001    INFO at /home/lzy/projects/mirheo_starter/vendor/Mirheo/src/mirheo/core/postproc.cpp:111 Postprocess is listening to messages now
18:25:44:020  Rank 0001    INFO at /home/lzy/projects/mirheo_starter/vendor/Mirheo/src/mirheo/core/postproc.cpp:122 Postprocess got a stopping message and will stop now
18:25:44:026  Rank 0001    INFO at /home/lzy/projects/mirheo_starter/vendor/Mirheo/src/mirheo/core/postproc.cpp:111 Postprocess is listening to messages now
18:25:44:209  Rank 0001    INFO at /home/lzy/projects/mirheo_starter/vendor/Mirheo/src/mirheo/core/postproc.cpp:122 Postprocess got a stopping message and will stop now
18:25:44:214  Rank 0001    INFO at /home/lzy/projects/mirheo_starter/vendor/Mirheo/src/mirheo/core/postproc.cpp:111 Postprocess is listening to messages now
18:25:44:418  Rank 0001    INFO at /home/lzy/projects/mirheo_starter/vendor/Mirheo/src/mirheo/core/postproc.cpp:122 Postprocess got a stopping message and will stop now
18:25:44:423  Rank 0001    INFO at /home/lzy/projects/mirheo_starter/vendor/Mirheo/src/mirheo/core/postproc.cpp:111 Postprocess is listening to messages now
18:25:44:618  Rank 0001    INFO at /home/lzy/projects/mirheo_starter/vendor/Mirheo/src/mirheo/core/postproc.cpp:122 Postprocess got a stopping message and will stop now
18:25:44:623  Rank 0001    INFO at /home/lzy/projects/mirheo_starter/vendor/Mirheo/src/mirheo/core/postproc.cpp:111 Postprocess is listening to messages now
18:25:44:817  Rank 0001    INFO at /home/lzy/projects/mirheo_starter/vendor/Mirheo/src/mirheo/core/postproc.cpp:122 Postprocess got a stopping message and will stop now
18:25:44:823  Rank 0001    INFO at /home/lzy/projects/mirheo_starter/vendor/Mirheo/src/mirheo/core/postproc.cpp:111 Postprocess is listening to messages now
18:25:45:011  Rank 0001    INFO at /home/lzy/projects/mirheo_starter/vendor/Mirheo/src/mirheo/core/postproc.cpp:122 Postprocess got a stopping message and will stop now
18:25:45:017  Rank 0001    INFO at /home/lzy/projects/mirheo_starter/vendor/Mirheo/src/mirheo/core/postproc.cpp:111 Postprocess is listening to messages now
18:25:45:208  Rank 0001    INFO at /home/lzy/projects/mirheo_starter/vendor/Mirheo/src/mirheo/core/postproc.cpp:122 Postprocess got a stopping message and will stop now
18:25:45:214  Rank 0001    INFO at /home/lzy/projects/mirheo_starter/vendor/Mirheo/src/mirheo/core/postproc.cpp:111 Postprocess is listening to messages now
18:25:45:400  Rank 0001    INFO at /home/lzy/projects/mirheo_starter/vendor/Mirheo/src/mirheo/core/postproc.cpp:122 Postprocess got a stopping message and will stop now
18:25:45:405  Rank 0001    INFO at /home/lzy/projects/mirheo_starter/vendor/Mirheo/src/mirheo/core/postproc.cpp:111 Postprocess is listening to messages now
18:25:45:601  Rank 0001    INFO at /home/lzy/projects/mirheo_starter/vendor/Mirheo/src/mirheo/core/postproc.cpp:122 Postprocess got a stopping message and will stop now
18:25:45:606  Rank 0001    INFO at /home/lzy/projects/mirheo_starter/vendor/Mirheo/src/mirheo/core/postproc.cpp:111 Postprocess is listening to messages now
18:25:45:796  Rank 0001    INFO at /home/lzy/projects/mirheo_starter/vendor/Mirheo/src/mirheo/core/postproc.cpp:122 Postprocess got a stopping message and will stop now
18:25:45:802  Rank 0001    INFO at /home/lzy/projects/mirheo_starter/vendor/Mirheo/src/mirheo/core/postproc.cpp:111 Postprocess is listening to messages now
18:25:45:995  Rank 0001    INFO at /home/lzy/projects/mirheo_starter/vendor/Mirheo/src/mirheo/core/postproc.cpp:122 Postprocess got a stopping message and will stop now
18:25:46:004  Rank 0001    INFO at /home/lzy/projects/mirheo_starter/vendor/Mirheo/src/mirheo/core/postproc.cpp:111 Postprocess is listening to messages now
18:25:46:195  Rank 0001    INFO at /home/lzy/projects/mirheo_starter/vendor/Mirheo/src/mirheo/core/postproc.cpp:122 Postprocess got a stopping message and will stop now
18:25:46:201  Rank 0001    INFO at /home/lzy/projects/mirheo_starter/vendor/Mirheo/src/mirheo/core/postproc.cpp:111 Postprocess is listening to messages now
18:25:46:394  Rank 0001    INFO at /home/lzy/projects/mirheo_starter/vendor/Mirheo/src/mirheo/core/postproc.cpp:122 Postprocess got a stopping message and will stop now
18:25:46:399  Rank 0001    INFO at /home/lzy/projects/mirheo_starter/vendor/Mirheo/src/mirheo/core/postproc.cpp:111 Postprocess is listening to messages now
18:25:46:590  Rank 0001    INFO at /home/lzy/projects/mirheo_starter/vendor/Mirheo/src/mirheo/core/postproc.cpp:122 Postprocess got a stopping message and will stop now
18:25:46:595  Rank 0001    INFO at /home/lzy/projects/mirheo_starter/vendor/Mirheo/src/mirheo/core/postproc.cpp:111 Postprocess is listening to messages now
18:25:46:780  Rank 0001    INFO at /home/lzy/projects/mirheo_starter/vendor/Mirheo/src/mirheo/core/postproc.cpp:122 Postprocess got a stopping message and will stop now
18:25:46:786  Rank 0001    INFO at /home/lzy/projects/mirheo_starter/vendor/Mirheo/src/mirheo/core/postproc.cpp:111 Postprocess is listening to messages now
18:25:46:973  Rank 0001    INFO at /home/lzy/projects/mirheo_starter/vendor/Mirheo/src/mirheo/core/postproc.cpp:122 Postprocess got a stopping message and will stop now
18:25:46:978  Rank 0001    INFO at /home/lzy/projects/mirheo_starter/vendor/Mirheo/src/mirheo/core/postproc.cpp:111 Postprocess is listening to messages now
18:25:47:171  Rank 0001    INFO at /home/lzy/projects/mirheo_starter/vendor/Mirheo/src/mirheo/core/postproc.cpp:122 Postprocess got a stopping message and will stop now
18:25:47:176  Rank 0001    INFO at /home/lzy/projects/mirheo_starter/vendor/Mirheo/src/mirheo/core/postproc.cpp:111 Postprocess is listening to messages now
18:25:47:371  Rank 0001    INFO at /home/lzy/projects/mirheo_starter/vendor/Mirheo/src/mirheo/core/postproc.cpp:122 Postprocess got a stopping message and will stop now
18:25:47:376  Rank 0001    INFO at /home/lzy/projects/mirheo_starter/vendor/Mirheo/src/mirheo/core/postproc.cpp:111 Postprocess is listening to messages now
18:25:47:567  Rank 0001    INFO at /home/lzy/projects/mirheo_starter/vendor/Mirheo/src/mirheo/core/postproc.cpp:122 Postprocess got a stopping message and will stop now
18:25:47:573  Rank 0001    INFO at /home/lzy/projects/mirheo_starter/vendor/Mirheo/src/mirheo/core/postproc.cpp:111 Postprocess is listening to messages now
18:25:47:766  Rank 0001    INFO at /home/lzy/projects/mirheo_starter/vendor/Mirheo/src/mirheo/core/postproc.cpp:122 Postprocess got a stopping message and will stop now
18:25:47:771  Rank 0001    INFO at /home/lzy/projects/mirheo_starter/vendor/Mirheo/src/mirheo/core/postproc.cpp:111 Postprocess is listening to messages now
18:25:47:961  Rank 0001    INFO at /home/lzy/projects/mirheo_starter/vendor/Mirheo/src/mirheo/core/postproc.cpp:122 Postprocess got a stopping message and will stop now
18:25:47:966  Rank 0001    INFO at /home/lzy/projects/mirheo_starter/vendor/Mirheo/src/mirheo/core/postproc.cpp:111 Postprocess is listening to messages now
18:25:48:165  Rank 0001    INFO at /home/lzy/projects/mirheo_starter/vendor/Mirheo/src/mirheo/core/postproc.cpp:122 Postprocess got a stopping message and will stop now
18:25:48:170  Rank 0001    INFO at /home/lzy/projects/mirheo_starter/vendor/Mirheo/src/mirheo/core/postproc.cpp:111 Postprocess is listening to messages now
18:25:48:355  Rank 0001    INFO at /home/lzy/projects/mirheo_starter/vendor/Mirheo/src/mirheo/core/postproc.cpp:122 Postprocess got a stopping message and will stop now
18:25:48:360  Rank 0001    INFO at /home/lzy/projects/mirheo_starter/vendor/Mirheo/src/mirheo/core/postproc.cpp:111 Postprocess is listening to messages now
18:25:48:546  Rank 0001    INFO at /home/lzy/projects/mirheo_starter/vendor/Mirheo/src/mirheo/core/postproc.cpp:122 Postprocess got a stopping message and will stop now
18:25:48:552  Rank 0001    INFO at /home/lzy/projects/mirheo_starter/vendor/Mirheo/src/mirheo/core/postproc.cpp:111 Postprocess is listening to messages now
18:25:48:741  Rank 0001    INFO at /home/lzy/projects/mirheo_starter/vendor/Mirheo/src/mirheo/core/postproc.cpp:122 Postprocess got a stopping message and will stop now
18:25:48:746  Rank 0001    INFO at /home/lzy/projects/mirheo_starter/vendor/Mirheo/src/mirheo/core/postproc.cpp:111 Postprocess is listening to messages now
18:25:48:929  Rank 0001    INFO at /home/lzy/projects/mirheo_starter/vendor/Mirheo/src/mirheo/core/postproc.cpp:122 Postprocess got a stopping message and will stop now
18:25:48:935  Rank 0001    INFO at /home/lzy/projects/mirheo_starter/vendor/Mirheo/src/mirheo/core/postproc.cpp:111 Postprocess is listening to messages now
18:25:49:120  Rank 0001    INFO at /home/lzy/projects/mirheo_starter/vendor/Mirheo/src/mirheo/core/postproc.cpp:122 Postprocess got a stopping message and will stop now
18:25:49:126  Rank 0001    INFO at /home/lzy/projects/mirheo_starter/vendor/Mirheo/src/mirheo/core/postproc.cpp:111 Postprocess is listening to messages now
18:25:49:315  Rank 0001    INFO at /home/lzy/projects/mirheo_starter/vendor/Mirheo/src/mirheo/core/postproc.cpp:122 Postprocess got a stopping message and will stop now
18:25:49:321  Rank 0001    INFO at /home/lzy/projects/mirheo_starter/vendor/Mirheo/src/mirheo/core/postproc.cpp:111 Postprocess is listening to messages now
18:25:49:518  Rank 0001    INFO at /home/lzy/projects/mirheo_starter/vendor/Mirheo/src/mirheo/core/postproc.cpp:122 Postprocess got a stopping message and will stop now
18:25:49:523  Rank 0001    INFO at /home/lzy/projects/mirheo_starter/vendor/Mirheo/src/mirheo/core/postproc.cpp:111 Postprocess is listening to messages now
18:25:49:725  Rank 0001    INFO at /home/lzy/projects/mirheo_starter/vendor/Mirheo/src/mirheo/core/postproc.cpp:122 Postprocess got a stopping message and will stop now
18:25:49:730  Rank 0001    INFO at /home/lzy/projects/mirheo_starter/vendor/Mirheo/src/mirheo/core/postproc.cpp:111 Postprocess is listening to messages now
18:25:49:918  Rank 0001    INFO at /home/lzy/projects/mirheo_starter/vendor/Mirheo/src/mirheo/core/postproc.cpp:122 Postprocess got a stopping message and will stop now
18:25:49:924  Rank 0001    INFO at /home/lzy/projects/mirheo_starter/vendor/Mirheo/src/mirheo/core/postproc.cpp:111 Postprocess is listening to messages now
18:25:50:111  Rank 0001    INFO at /home/lzy/projects/mirheo_starter/vendor/Mirheo/src/mirheo/core/postproc.cpp:122 Postprocess got a stopping message and will stop now
18:25:50:117  Rank 0001    INFO at /home/lzy/projects/mirheo_starter/vendor/Mirheo/src/mirheo/core/postproc.cpp:111 Postprocess is listening to messages now
18:25:50:313  Rank 0001    INFO at /home/lzy/projects/mirheo_starter/vendor/Mirheo/src/mirheo/core/postproc.cpp:122 Postprocess got a stopping message and will stop now
18:25:50:319  Rank 0001    INFO at /home/lzy/projects/mirheo_starter/vendor/Mirheo/src/mirheo/core/postproc.cpp:111 Postprocess is listening to messages now
18:25:50:509  Rank 0001    INFO at /home/lzy/projects/mirheo_starter/vendor/Mirheo/src/mirheo/core/postproc.cpp:122 Postprocess got a stopping message and will stop now
18:25:50:515  Rank 0001    INFO at /home/lzy/projects/mirheo_starter/vendor/Mirheo/src/mirheo/core/postproc.cpp:111 Postprocess is listening to messages now
18:25:50:703  Rank 0001    INFO at /home/lzy/projects/mirheo_starter/vendor/Mirheo/src/mirheo/core/postproc.cpp:122 Postprocess got a stopping message and will stop now
18:25:50:709  Rank 0001    INFO at /home/lzy/projects/mirheo_starter/vendor/Mirheo/src/mirheo/core/postproc.cpp:111 Postprocess is listening to messages now
18:25:50:903  Rank 0001    INFO at /home/lzy/projects/mirheo_starter/vendor/Mirheo/src/mirheo/core/postproc.cpp:122 Postprocess got a stopping message and will stop now
18:25:50:909  Rank 0001    INFO at /home/lzy/projects/mirheo_starter/vendor/Mirheo/src/mirheo/core/postproc.cpp:111 Postprocess is listening to messages now
18:25:51:109  Rank 0001    INFO at /home/lzy/projects/mirheo_starter/vendor/Mirheo/src/mirheo/core/postproc.cpp:122 Postprocess got a stopping message and will stop now
18:25:51:114  Rank 0001    INFO at /home/lzy/projects/mirheo_starter/vendor/Mirheo/src/mirheo/core/postproc.cpp:111 Postprocess is listening to messages now
18:25:51:311  Rank 0001    INFO at /home/lzy/projects/mirheo_starter/vendor/Mirheo/src/mirheo/core/postproc.cpp:122 Postprocess got a stopping message and will stop now
18:25:51:317  Rank 0001    INFO at /home/lzy/projects/mirheo_starter/vendor/Mirheo/src/mirheo/core/postproc.cpp:111 Postprocess is listening to messages now
18:25:51:503  Rank 0001    INFO at /home/lzy/projects/mirheo_starter/vendor/Mirheo/src/mirheo/core/postproc.cpp:122 Postprocess got a stopping message and will stop now
18:25:51:511  Rank 0001    INFO at /home/lzy/projects/mirheo_starter/vendor/Mirheo/src/mirheo/core/postproc.cpp:111 Postprocess is listening to messages now
18:25:51:702  Rank 0001    INFO at /home/lzy/projects/mirheo_starter/vendor/Mirheo/src/mirheo/core/postproc.cpp:122 Postprocess got a stopping message and will stop now
18:25:51:707  Rank 0001    INFO at /home/lzy/projects/mirheo_starter/vendor/Mirheo/src/mirheo/core/postproc.cpp:111 Postprocess is listening to messages now
18:25:51:898  Rank 0001    INFO at /home/lzy/projects/mirheo_starter/vendor/Mirheo/src/mirheo/core/postproc.cpp:122 Postprocess got a stopping message and will stop now
18:25:51:907  Rank 0001    INFO at /home/lzy/projects/mirheo_starter/vendor/Mirheo/src/mirheo/core/postproc.cpp:111 Postprocess is listening to messages now
18:25:52:086  Rank 0001    INFO at /home/lzy/projects/mirheo_starter/vendor/Mirheo/src/mirheo/core/postproc.cpp:122 Postprocess got a stopping message and will stop now
18:25:52:092  Rank 0001    INFO at /home/lzy/projects/mirheo_starter/vendor/Mirheo/src/mirheo/core/postproc.cpp:111 Postprocess is listening to messages now
18:25:52:296  Rank 0001    INFO at /home/lzy/projects/mirheo_starter/vendor/Mirheo/src/mirheo/core/postproc.cpp:122 Postprocess got a stopping message and will stop now
18:25:52:303  Rank 0001    INFO at /home/lzy/projects/mirheo_starter/vendor/Mirheo/src/mirheo/core/postproc.cpp:111 Postprocess is listening to messages now
18:25:52:493  Rank 0001    INFO at /home/lzy/projects/mirheo_starter/vendor/Mirheo/src/mirheo/core/postproc.cpp:122 Postprocess got a stopping message and will stop now
18:25:52:498  Rank 0001    INFO at /home/lzy/projects/mirheo_starter/vendor/Mirheo/src/mirheo/core/postproc.cpp:111 Postprocess is listening to messages now
18:25:52:690  Rank 0001    INFO at /home/lzy/projects/mirheo_starter/vendor/Mirheo/src/mirheo/core/postproc.cpp:122 Postprocess got a stopping message and will stop now
18:25:52:695  Rank 0001    INFO at /home/lzy/projects/mirheo_starter/vendor/Mirheo/src/mirheo/core/postproc.cpp:111 Postprocess is listening to messages now
18:25:52:888  Rank 0001    INFO at /home/lzy/projects/mirheo_starter/vendor/Mirheo/src/mirheo/core/postproc.cpp:122 Postprocess got a stopping message and will stop now
18:25:52:896  Rank 0001    INFO at /home/lzy/projects/mirheo_starter/vendor/Mirheo/src/mirheo/core/postproc.cpp:111 Postprocess is listening to messages now
18:25:53:087  Rank 0001    INFO at /home/lzy/projects/mirheo_starter/vendor/Mirheo/src/mirheo/core/postproc.cpp:122 Postprocess got a stopping message and will stop now
18:25:53:092  Rank 0001    INFO at /home/lzy/projects/mirheo_starter/vendor/Mirheo/src/mirheo/core/postproc.cpp:111 Postprocess is listening to messages now
18:25:53:289  Rank 0001    INFO at /home/lzy/projects/mirheo_starter/vendor/Mirheo/src/mirheo/core/postproc.cpp:122 Postprocess got a stopping message and will stop now
18:25:53:295  Rank 0001    INFO at /home/lzy/projects/mirheo_starter/vendor/Mirheo/src/mirheo/core/postproc.cpp:111 Postprocess is listening to messages now
18:25:53:487  Rank 0001    INFO at /home/lzy/projects/mirheo_starter/vendor/Mirheo/src/mirheo/core/postproc.cpp:122 Postprocess got a stopping message and will stop now
18:25:53:494  Rank 0001    INFO at /home/lzy/projects/mirheo_starter/vendor/Mirheo/src/mirheo/core/postproc.cpp:111 Postprocess is listening to messages now
18:25:53:697  Rank 0001    INFO at /home/lzy/projects/mirheo_starter/vendor/Mirheo/src/mirheo/core/postproc.cpp:122 Postprocess got a stopping message and will stop now
18:25:53:703  Rank 0001    INFO at /home/lzy/projects/mirheo_starter/vendor/Mirheo/src/mirheo/core/postproc.cpp:111 Postprocess is listening to messages now
18:25:53:896  Rank 0001    INFO at /home/lzy/projects/mirheo_starter/vendor/Mirheo/src/mirheo/core/postproc.cpp:122 Postprocess got a stopping message and will stop now
18:25:53:903  Rank 0001    INFO at /home/lzy/projects/mirheo_starter/vendor/Mirheo/src/mirheo/core/postproc.cpp:111 Postprocess is listening to messages now
18:25:54:097  Rank 0001    INFO at /home/lzy/projects/mirheo_starter/vendor/Mirheo/src/mirheo/core/postproc.cpp:122 Postprocess got a stopping message and will stop now
18:25:54:104  Rank 0001    INFO at /home/lzy/projects/mirheo_starter/vendor/Mirheo/src/mirheo/core/postproc.cpp:111 Postprocess is listening to messages now
18:25:54:297  Rank 0001    INFO at /home/lzy/projects/mirheo_starter/vendor/Mirheo/src/mirheo/core/postproc.cpp:122 Postprocess got a stopping message and will stop now
18:25:54:302  Rank 0001    INFO at /home/lzy/projects/mirheo_starter/vendor/Mirheo/src/mirheo/core/postproc.cpp:111 Postprocess is listening to messages now
18:25:54:496  Rank 0001    INFO at /home/lzy/projects/mirheo_starter/vendor/Mirheo/src/mirheo/core/postproc.cpp:122 Postprocess got a stopping message and will stop now
18:25:54:502  Rank 0001    INFO at /home/lzy/projects/mirheo_starter/vendor/Mirheo/src/mirheo/core/postproc.cpp:111 Postprocess is listening to messages now
18:25:54:692  Rank 0001    INFO at /home/lzy/projects/mirheo_starter/vendor/Mirheo/src/mirheo/core/postproc.cpp:122 Postprocess got a stopping message and will stop now
18:25:54:697  Rank 0001    INFO at /home/lzy/projects/mirheo_starter/vendor/Mirheo/src/mirheo/core/postproc.cpp:111 Postprocess is listening to messages now
18:25:54:898  Rank 0001    INFO at /home/lzy/projects/mirheo_starter/vendor/Mirheo/src/mirheo/core/postproc.cpp:122 Postprocess got a stopping message and will stop now
18:25:54:903  Rank 0001    INFO at /home/lzy/projects/mirheo_starter/vendor/Mirheo/src/mirheo/core/postproc.cpp:111 Postprocess is listening to messages now
18:25:55:100  Rank 0001    INFO at /home/lzy/projects/mirheo_starter/vendor/Mirheo/src/mirheo/core/postproc.cpp:122 Postprocess got a stopping message and will stop now
18:25:55:106  Rank 0001    INFO at /home/lzy/projects/mirheo_starter/vendor/Mirheo/src/mirheo/core/postproc.cpp:111 Postprocess is listening to messages now
18:25:55:297  Rank 0001    INFO at /home/lzy/projects/mirheo_starter/vendor/Mirheo/src/mirheo/core/postproc.cpp:122 Postprocess got a stopping message and will stop now
18:25:55:303  Rank 0001    INFO at /home/lzy/projects/mirheo_starter/vendor/Mirheo/src/mirheo/core/postproc.cpp:111 Postprocess is listening to messages now
18:25:55:506  Rank 0001    INFO at /home/lzy/projects/mirheo_starter/vendor/Mirheo/src/mirheo/core/postproc.cpp:122 Postprocess got a stopping message and will stop now
18:25:55:513  Rank 0001    INFO at /home/lzy/projects/mirheo_starter/vendor/Mirheo/src/mirheo/core/postproc.cpp:111 Postprocess is listening to messages now
18:25:55:700  Rank 0001    INFO at /home/lzy/projects/mirheo_starter/vendor/Mirheo/src/mirheo/core/postproc.cpp:122 Postprocess got a stopping message and will stop now
18:25:55:706  Rank 0001    INFO at /home/lzy/projects/mirheo_starter/vendor/Mirheo/src/mirheo/core/postproc.cpp:111 Postprocess is listening to messages now
18:25:55:911  Rank 0001    INFO at /home/lzy/projects/mirheo_starter/vendor/Mirheo/src/mirheo/core/postproc.cpp:122 Postprocess got a stopping message and will stop now
18:25:55:916  Rank 0001    INFO at /home/lzy/projects/mirheo_starter/vendor/Mirheo/src/mirheo/core/postproc.cpp:111 Postprocess is listening to messages now
18:25:56:108  Rank 0001    INFO at /home/lzy/projects/mirheo_starter/vendor/Mirheo/src/mirheo/core/postproc.cpp:122 Postprocess got a stopping message and will stop now
18:25:56:113  Rank 0001    INFO at /home/lzy/projects/mirheo_starter/vendor/Mirheo/src/mirheo/core/postproc.cpp:111 Postprocess is listening to messages now
18:25:56:318  Rank 0001    INFO at /home/lzy/projects/mirheo_starter/vendor/Mirheo/src/mirheo/core/postproc.cpp:122 Postprocess got a stopping message and will stop now
18:25:56:324  Rank 0001    INFO at /home/lzy/projects/mirheo_starter/vendor/Mirheo/src/mirheo/core/postproc.cpp:111 Postprocess is listening to messages now
18:25:56:511  Rank 0001    INFO at /home/lzy/projects/mirheo_starter/vendor/Mirheo/src/mirheo/core/postproc.cpp:122 Postprocess got a stopping message and will stop now
18:25:56:518  Rank 0001    INFO at /home/lzy/projects/mirheo_starter/vendor/Mirheo/src/mirheo/core/postproc.cpp:111 Postprocess is listening to messages now
18:25:56:711  Rank 0001    INFO at /home/lzy/projects/mirheo_starter/vendor/Mirheo/src/mirheo/core/postproc.cpp:122 Postprocess got a stopping message and will stop now
18:25:56:716  Rank 0001    INFO at /home/lzy/projects/mirheo_starter/vendor/Mirheo/src/mirheo/core/postproc.cpp:111 Postprocess is listening to messages now
18:25:56:912  Rank 0001    INFO at /home/lzy/projects/mirheo_starter/vendor/Mirheo/src/mirheo/core/postproc.cpp:122 Postprocess got a stopping message and will stop now
18:25:56:917  Rank 0001    INFO at /home/lzy/projects/mirheo_starter/vendor/Mirheo/src/mirheo/core/postproc.cpp:111 Postprocess is listening to messages now
18:25:57:112  Rank 0001    INFO at /home/lzy/projects/mirheo_starter/vendor/Mirheo/src/mirheo/core/postproc.cpp:122 Postprocess got a stopping message and will stop now
18:25:57:118  Rank 0001    INFO at /home/lzy/projects/mirheo_starter/vendor/Mirheo/src/mirheo/core/postproc.cpp:111 Postprocess is listening to messages now
18:25:57:321  Rank 0001    INFO at /home/lzy/projects/mirheo_starter/vendor/Mirheo/src/mirheo/core/postproc.cpp:122 Postprocess got a stopping message and will stop now
18:25:57:327  Rank 0001    INFO at /home/lzy/projects/mirheo_starter/vendor/Mirheo/src/mirheo/core/postproc.cpp:111 Postprocess is listening to messages now
18:25:57:518  Rank 0001    INFO at /home/lzy/projects/mirheo_starter/vendor/Mirheo/src/mirheo/core/postproc.cpp:122 Postprocess got a stopping message and will stop now
18:25:57:523  Rank 0001    INFO at /home/lzy/projects/mirheo_starter/vendor/Mirheo/src/mirheo/core/postproc.cpp:111 Postprocess is listening to messages now
18:25:57:718  Rank 0001    INFO at /home/lzy/projects/mirheo_starter/vendor/Mirheo/src/mirheo/core/postproc.cpp:122 Postprocess got a stopping message and will stop now
18:25:57:723  Rank 0001    INFO at /home/lzy/projects/mirheo_starter/vendor/Mirheo/src/mirheo/core/postproc.cpp:111 Postprocess is listening to messages now
18:25:57:915  Rank 0001    INFO at /home/lzy/projects/mirheo_starter/vendor/Mirheo/src/mirheo/core/postproc.cpp:122 Postprocess got a stopping message and will stop now
18:25:57:920  Rank 0001    INFO at /home/lzy/projects/mirheo_starter/vendor/Mirheo/src/mirheo/core/postproc.cpp:111 Postprocess is listening to messages now
18:25:58:116  Rank 0001    INFO at /home/lzy/projects/mirheo_starter/vendor/Mirheo/src/mirheo/core/postproc.cpp:122 Postprocess got a stopping message and will stop now
18:25:58:125  Rank 0001    INFO at /home/lzy/projects/mirheo_starter/vendor/Mirheo/src/mirheo/core/postproc.cpp:111 Postprocess is listening to messages now
18:25:58:317  Rank 0001    INFO at /home/lzy/projects/mirheo_starter/vendor/Mirheo/src/mirheo/core/postproc.cpp:122 Postprocess got a stopping message and will stop now
18:25:58:323  Rank 0001    INFO at /home/lzy/projects/mirheo_starter/vendor/Mirheo/src/mirheo/core/postproc.cpp:111 Postprocess is listening to messages now
18:25:58:513  Rank 0001    INFO at /home/lzy/projects/mirheo_starter/vendor/Mirheo/src/mirheo/core/postproc.cpp:122 Postprocess got a stopping message and will stop now
18:25:58:518  Rank 0001    INFO at /home/lzy/projects/mirheo_starter/vendor/Mirheo/src/mirheo/core/postproc.cpp:111 Postprocess is listening to messages now
18:25:58:716  Rank 0001    INFO at /home/lzy/projects/mirheo_starter/vendor/Mirheo/src/mirheo/core/postproc.cpp:122 Postprocess got a stopping message and will stop now
18:25:58:722  Rank 0001    INFO at /home/lzy/projects/mirheo_starter/vendor/Mirheo/src/mirheo/core/postproc.cpp:111 Postprocess is listening to messages now
18:25:58:915  Rank 0001    INFO at /home/lzy/projects/mirheo_starter/vendor/Mirheo/src/mirheo/core/postproc.cpp:122 Postprocess got a stopping message and will stop now
18:25:58:920  Rank 0001    INFO at /home/lzy/projects/mirheo_starter/vendor/Mirheo/src/mirheo/core/postproc.cpp:111 Postprocess is listening to messages now
18:25:59:112  Rank 0001    INFO at /home/lzy/projects/mirheo_starter/vendor/Mirheo/src/mirheo/core/postproc.cpp:122 Postprocess got a stopping message and will stop now
18:25:59:118  Rank 0001    INFO at /home/lzy/projects/mirheo_starter/vendor/Mirheo/src/mirheo/core/postproc.cpp:111 Postprocess is listening to messages now
18:25:59:314  Rank 0001    INFO at /home/lzy/projects/mirheo_starter/vendor/Mirheo/src/mirheo/core/postproc.cpp:122 Postprocess got a stopping message and will stop now
18:25:59:319  Rank 0001    INFO at /home/lzy/projects/mirheo_starter/vendor/Mirheo/src/mirheo/core/postproc.cpp:111 Postprocess is listening to messages now
18:25:59:509  Rank 0001    INFO at /home/lzy/projects/mirheo_starter/vendor/Mirheo/src/mirheo/core/postproc.cpp:122 Postprocess got a stopping message and will stop now
18:25:59:514  Rank 0001    INFO at /home/lzy/projects/mirheo_starter/vendor/Mirheo/src/mirheo/core/postproc.cpp:111 Postprocess is listening to messages now
18:25:59:707  Rank 0001    INFO at /home/lzy/projects/mirheo_starter/vendor/Mirheo/src/mirheo/core/postproc.cpp:122 Postprocess got a stopping message and will stop now
18:25:59:713  Rank 0001    INFO at /home/lzy/projects/mirheo_starter/vendor/Mirheo/src/mirheo/core/postproc.cpp:111 Postprocess is listening to messages now
18:25:59:903  Rank 0001    INFO at /home/lzy/projects/mirheo_starter/vendor/Mirheo/src/mirheo/core/postproc.cpp:122 Postprocess got a stopping message and will stop now
18:25:59:909  Rank 0001    INFO at /home/lzy/projects/mirheo_starter/vendor/Mirheo/src/mirheo/core/postproc.cpp:111 Postprocess is listening to messages now
18:26:00:105  Rank 0001    INFO at /home/lzy/projects/mirheo_starter/vendor/Mirheo/src/mirheo/core/postproc.cpp:122 Postprocess got a stopping message and will stop now
18:26:00:111  Rank 0001    INFO at /home/lzy/projects/mirheo_starter/vendor/Mirheo/src/mirheo/core/postproc.cpp:111 Postprocess is listening to messages now
18:26:00:306  Rank 0001    INFO at /home/lzy/projects/mirheo_starter/vendor/Mirheo/src/mirheo/core/postproc.cpp:122 Postprocess got a stopping message and will stop now
18:26:00:344  Rank 0001    INFO at /home/lzy/projects/mirheo_starter/vendor/Mirheo/src/mirheo/core/postproc.cpp:111 Postprocess is listening to messages now
18:26:00:536  Rank 0001    INFO at /home/lzy/projects/mirheo_starter/vendor/Mirheo/src/mirheo/core/postproc.cpp:122 Postprocess got a stopping message and will stop now
18:26:00:542  Rank 0001    INFO at /home/lzy/projects/mirheo_starter/vendor/Mirheo/src/mirheo/core/postproc.cpp:111 Postprocess is listening to messages now
18:26:00:735  Rank 0001    INFO at /home/lzy/projects/mirheo_starter/vendor/Mirheo/src/mirheo/core/postproc.cpp:122 Postprocess got a stopping message and will stop now
18:26:00:740  Rank 0001    INFO at /home/lzy/projects/mirheo_starter/vendor/Mirheo/src/mirheo/core/postproc.cpp:111 Postprocess is listening to messages now
18:26:00:940  Rank 0001    INFO at /home/lzy/projects/mirheo_starter/vendor/Mirheo/src/mirheo/core/postproc.cpp:122 Postprocess got a stopping message and will stop now
18:26:00:946  Rank 0001    INFO at /home/lzy/projects/mirheo_starter/vendor/Mirheo/src/mirheo/core/postproc.cpp:111 Postprocess is listening to messages now
18:26:01:136  Rank 0001    INFO at /home/lzy/projects/mirheo_starter/vendor/Mirheo/src/mirheo/core/postproc.cpp:122 Postprocess got a stopping message and will stop now
18:26:01:142  Rank 0001    INFO at /home/lzy/projects/mirheo_starter/vendor/Mirheo/src/mirheo/core/postproc.cpp:111 Postprocess is listening to messages now
18:26:01:338  Rank 0001    INFO at /home/lzy/projects/mirheo_starter/vendor/Mirheo/src/mirheo/core/postproc.cpp:122 Postprocess got a stopping message and will stop now
18:26:01:343  Rank 0001    INFO at /home/lzy/projects/mirheo_starter/vendor/Mirheo/src/mirheo/core/postproc.cpp:111 Postprocess is listening to messages now
18:26:01:535  Rank 0001    INFO at /home/lzy/projects/mirheo_starter/vendor/Mirheo/src/mirheo/core/postproc.cpp:122 Postprocess got a stopping message and will stop now
18:26:01:541  Rank 0001    INFO at /home/lzy/projects/mirheo_starter/vendor/Mirheo/src/mirheo/core/postproc.cpp:111 Postprocess is listening to messages now
18:26:01:723  Rank 0001    INFO at /home/lzy/projects/mirheo_starter/vendor/Mirheo/src/mirheo/core/postproc.cpp:122 Postprocess got a stopping message and will stop now
18:26:01:729  Rank 0001    INFO at /home/lzy/projects/mirheo_starter/vendor/Mirheo/src/mirheo/core/postproc.cpp:111 Postprocess is listening to messages now
18:26:01:925  Rank 0001    INFO at /home/lzy/projects/mirheo_starter/vendor/Mirheo/src/mirheo/core/postproc.cpp:122 Postprocess got a stopping message and will stop now
18:26:01:930  Rank 0001    INFO at /home/lzy/projects/mirheo_starter/vendor/Mirheo/src/mirheo/core/postproc.cpp:111 Postprocess is listening to messages now
18:26:02:118  Rank 0001    INFO at /home/lzy/projects/mirheo_starter/vendor/Mirheo/src/mirheo/core/postproc.cpp:122 Postprocess got a stopping message and will stop now
18:26:02:123  Rank 0001    INFO at /home/lzy/projects/mirheo_starter/vendor/Mirheo/src/mirheo/core/postproc.cpp:111 Postprocess is listening to messages now
18:26:02:327  Rank 0001    INFO at /home/lzy/projects/mirheo_starter/vendor/Mirheo/src/mirheo/core/postproc.cpp:122 Postprocess got a stopping message and will stop now
18:26:02:335  Rank 0001    INFO at /home/lzy/projects/mirheo_starter/vendor/Mirheo/src/mirheo/core/postproc.cpp:111 Postprocess is listening to messages now
18:26:02:537  Rank 0001    INFO at /home/lzy/projects/mirheo_starter/vendor/Mirheo/src/mirheo/core/postproc.cpp:122 Postprocess got a stopping message and will stop now
18:26:02:543  Rank 0001    INFO at /home/lzy/projects/mirheo_starter/vendor/Mirheo/src/mirheo/core/postproc.cpp:111 Postprocess is listening to messages now
18:26:02:743  Rank 0001    INFO at /home/lzy/projects/mirheo_starter/vendor/Mirheo/src/mirheo/core/postproc.cpp:122 Postprocess got a stopping message and will stop now
18:26:02:748  Rank 0001    INFO at /home/lzy/projects/mirheo_starter/vendor/Mirheo/src/mirheo/core/postproc.cpp:111 Postprocess is listening to messages now
18:26:02:938  Rank 0001    INFO at /home/lzy/projects/mirheo_starter/vendor/Mirheo/src/mirheo/core/postproc.cpp:122 Postprocess got a stopping message and will stop now
18:26:02:943  Rank 0001    INFO at /home/lzy/projects/mirheo_starter/vendor/Mirheo/src/mirheo/core/postproc.cpp:111 Postprocess is listening to messages now
18:26:03:131  Rank 0001    INFO at /home/lzy/projects/mirheo_starter/vendor/Mirheo/src/mirheo/core/postproc.cpp:122 Postprocess got a stopping message and will stop now
18:26:03:137  Rank 0001    INFO at /home/lzy/projects/mirheo_starter/vendor/Mirheo/src/mirheo/core/postproc.cpp:111 Postprocess is listening to messages now
18:26:03:377  Rank 0001    INFO at /home/lzy/projects/mirheo_starter/vendor/Mirheo/src/mirheo/core/postproc.cpp:122 Postprocess got a stopping message and will stop now
18:26:03:383  Rank 0001    INFO at /home/lzy/projects/mirheo_starter/vendor/Mirheo/src/mirheo/core/postproc.cpp:111 Postprocess is listening to messages now
18:26:03:582  Rank 0001    INFO at /home/lzy/projects/mirheo_starter/vendor/Mirheo/src/mirheo/core/postproc.cpp:122 Postprocess got a stopping message and will stop now
18:26:03:587  Rank 0001    INFO at /home/lzy/projects/mirheo_starter/vendor/Mirheo/src/mirheo/core/postproc.cpp:111 Postprocess is listening to messages now
18:26:03:779  Rank 0001    INFO at /home/lzy/projects/mirheo_starter/vendor/Mirheo/src/mirheo/core/postproc.cpp:122 Postprocess got a stopping message and will stop now
18:26:03:785  Rank 0001    INFO at /home/lzy/projects/mirheo_starter/vendor/Mirheo/src/mirheo/core/postproc.cpp:111 Postprocess is listening to messages now
18:26:04:001  Rank 0001    INFO at /home/lzy/projects/mirheo_starter/vendor/Mirheo/src/mirheo/core/postproc.cpp:122 Postprocess got a stopping message and will stop now
18:26:04:007  Rank 0001    INFO at /home/lzy/projects/mirheo_starter/vendor/Mirheo/src/mirheo/core/postproc.cpp:111 Postprocess is listening to messages now
18:26:04:208  Rank 0001    INFO at /home/lzy/projects/mirheo_starter/vendor/Mirheo/src/mirheo/core/postproc.cpp:122 Postprocess got a stopping message and will stop now
18:26:04:214  Rank 0001    INFO at /home/lzy/projects/mirheo_starter/vendor/Mirheo/src/mirheo/core/postproc.cpp:111 Postprocess is listening to messages now
18:26:04:411  Rank 0001    INFO at /home/lzy/projects/mirheo_starter/vendor/Mirheo/src/mirheo/core/postproc.cpp:122 Postprocess got a stopping message and will stop now
18:26:04:417  Rank 0001    INFO at /home/lzy/projects/mirheo_starter/vendor/Mirheo/src/mirheo/core/postproc.cpp:111 Postprocess is listening to messages now
18:26:04:597  Rank 0001    INFO at /home/lzy/projects/mirheo_starter/vendor/Mirheo/src/mirheo/core/postproc.cpp:122 Postprocess got a stopping message and will stop now
18:26:04:602  Rank 0001    INFO at /home/lzy/projects/mirheo_starter/vendor/Mirheo/src/mirheo/core/postproc.cpp:111 Postprocess is listening to messages now
18:26:04:796  Rank 0001    INFO at /home/lzy/projects/mirheo_starter/vendor/Mirheo/src/mirheo/core/postproc.cpp:122 Postprocess got a stopping message and will stop now
18:26:04:801  Rank 0001    INFO at /home/lzy/projects/mirheo_starter/vendor/Mirheo/src/mirheo/core/postproc.cpp:111 Postprocess is listening to messages now
18:26:04:988  Rank 0001    INFO at /home/lzy/projects/mirheo_starter/vendor/Mirheo/src/mirheo/core/postproc.cpp:122 Postprocess got a stopping message and will stop now
18:26:04:994  Rank 0001    INFO at /home/lzy/projects/mirheo_starter/vendor/Mirheo/src/mirheo/core/postproc.cpp:111 Postprocess is listening to messages now
18:26:05:182  Rank 0001    INFO at /home/lzy/projects/mirheo_starter/vendor/Mirheo/src/mirheo/core/postproc.cpp:122 Postprocess got a stopping message and will stop now
18:26:05:192  Rank 0001    INFO at /home/lzy/projects/mirheo_starter/vendor/Mirheo/src/mirheo/core/postproc.cpp:111 Postprocess is listening to messages now
18:26:05:385  Rank 0001    INFO at /home/lzy/projects/mirheo_starter/vendor/Mirheo/src/mirheo/core/postproc.cpp:122 Postprocess got a stopping message and will stop now
18:26:05:392  Rank 0001    INFO at /home/lzy/projects/mirheo_starter/vendor/Mirheo/src/mirheo/core/postproc.cpp:111 Postprocess is listening to messages now
18:26:05:589  Rank 0001    INFO at /home/lzy/projects/mirheo_starter/vendor/Mirheo/src/mirheo/core/postproc.cpp:122 Postprocess got a stopping message and will stop now
18:26:05:597  Rank 0001    INFO at /home/lzy/projects/mirheo_starter/vendor/Mirheo/src/mirheo/core/postproc.cpp:111 Postprocess is listening to messages now
18:26:05:800  Rank 0001    INFO at /home/lzy/projects/mirheo_starter/vendor/Mirheo/src/mirheo/core/postproc.cpp:122 Postprocess got a stopping message and will stop now
18:26:05:806  Rank 0001    INFO at /home/lzy/projects/mirheo_starter/vendor/Mirheo/src/mirheo/core/postproc.cpp:111 Postprocess is listening to messages now
18:26:05:989  Rank 0001    INFO at /home/lzy/projects/mirheo_starter/vendor/Mirheo/src/mirheo/core/postproc.cpp:122 Postprocess got a stopping message and will stop now
18:26:05:994  Rank 0001    INFO at /home/lzy/projects/mirheo_starter/vendor/Mirheo/src/mirheo/core/postproc.cpp:111 Postprocess is listening to messages now
18:26:06:191  Rank 0001    INFO at /home/lzy/projects/mirheo_starter/vendor/Mirheo/src/mirheo/core/postproc.cpp:122 Postprocess got a stopping message and will stop now
18:26:06:196  Rank 0001    INFO at /home/lzy/projects/mirheo_starter/vendor/Mirheo/src/mirheo/core/postproc.cpp:111 Postprocess is listening to messages now
18:26:06:388  Rank 0001    INFO at /home/lzy/projects/mirheo_starter/vendor/Mirheo/src/mirheo/core/postproc.cpp:122 Postprocess got a stopping message and will stop now
18:26:06:393  Rank 0001    INFO at /home/lzy/projects/mirheo_starter/vendor/Mirheo/src/mirheo/core/postproc.cpp:111 Postprocess is listening to messages now
18:26:06:587  Rank 0001    INFO at /home/lzy/projects/mirheo_starter/vendor/Mirheo/src/mirheo/core/postproc.cpp:122 Postprocess got a stopping message and will stop now
18:26:06:592  Rank 0001    INFO at /home/lzy/projects/mirheo_starter/vendor/Mirheo/src/mirheo/core/postproc.cpp:111 Postprocess is listening to messages now
18:26:06:792  Rank 0001    INFO at /home/lzy/projects/mirheo_starter/vendor/Mirheo/src/mirheo/core/postproc.cpp:122 Postprocess got a stopping message and will stop now
18:26:06:797  Rank 0001    INFO at /home/lzy/projects/mirheo_starter/vendor/Mirheo/src/mirheo/core/postproc.cpp:111 Postprocess is listening to messages now
18:26:06:986  Rank 0001    INFO at /home/lzy/projects/mirheo_starter/vendor/Mirheo/src/mirheo/core/postproc.cpp:122 Postprocess got a stopping message and will stop now
18:26:06:991  Rank 0001    INFO at /home/lzy/projects/mirheo_starter/vendor/Mirheo/src/mirheo/core/postproc.cpp:111 Postprocess is listening to messages now
18:26:07:175  Rank 0001    INFO at /home/lzy/projects/mirheo_starter/vendor/Mirheo/src/mirheo/core/postproc.cpp:122 Postprocess got a stopping message and will stop now
18:26:07:184  Rank 0001    INFO at /home/lzy/projects/mirheo_starter/vendor/Mirheo/src/mirheo/core/postproc.cpp:111 Postprocess is listening to messages now
18:26:07:381  Rank 0001    INFO at /home/lzy/projects/mirheo_starter/vendor/Mirheo/src/mirheo/core/postproc.cpp:122 Postprocess got a stopping message and will stop now
18:26:07:390  Rank 0001    INFO at /home/lzy/projects/mirheo_starter/vendor/Mirheo/src/mirheo/core/postproc.cpp:111 Postprocess is listening to messages now
18:26:07:585  Rank 0001    INFO at /home/lzy/projects/mirheo_starter/vendor/Mirheo/src/mirheo/core/postproc.cpp:122 Postprocess got a stopping message and will stop now
18:26:07:591  Rank 0001    INFO at /home/lzy/projects/mirheo_starter/vendor/Mirheo/src/mirheo/core/postproc.cpp:111 Postprocess is listening to messages now
18:26:07:782  Rank 0001    INFO at /home/lzy/projects/mirheo_starter/vendor/Mirheo/src/mirheo/core/postproc.cpp:122 Postprocess got a stopping message and will stop now
18:26:07:787  Rank 0001    INFO at /home/lzy/projects/mirheo_starter/vendor/Mirheo/src/mirheo/core/postproc.cpp:111 Postprocess is listening to messages now
18:26:07:969  Rank 0001    INFO at /home/lzy/projects/mirheo_starter/vendor/Mirheo/src/mirheo/core/postproc.cpp:122 Postprocess got a stopping message and will stop now
18:26:07:975  Rank 0001    INFO at /home/lzy/projects/mirheo_starter/vendor/Mirheo/src/mirheo/core/postproc.cpp:111 Postprocess is listening to messages now
18:26:08:167  Rank 0001    INFO at /home/lzy/projects/mirheo_starter/vendor/Mirheo/src/mirheo/core/postproc.cpp:122 Postprocess got a stopping message and will stop now
18:26:08:172  Rank 0001    INFO at /home/lzy/projects/mirheo_starter/vendor/Mirheo/src/mirheo/core/postproc.cpp:111 Postprocess is listening to messages now
18:26:08:365  Rank 0001    INFO at /home/lzy/projects/mirheo_starter/vendor/Mirheo/src/mirheo/core/postproc.cpp:122 Postprocess got a stopping message and will stop now
18:26:08:372  Rank 0001    INFO at /home/lzy/projects/mirheo_starter/vendor/Mirheo/src/mirheo/core/postproc.cpp:111 Postprocess is listening to messages now
18:26:08:577  Rank 0001    INFO at /home/lzy/projects/mirheo_starter/vendor/Mirheo/src/mirheo/core/postproc.cpp:122 Postprocess got a stopping message and will stop now
18:26:08:584  Rank 0001    INFO at /home/lzy/projects/mirheo_starter/vendor/Mirheo/src/mirheo/core/postproc.cpp:111 Postprocess is listening to messages now
18:26:08:774  Rank 0001    INFO at /home/lzy/projects/mirheo_starter/vendor/Mirheo/src/mirheo/core/postproc.cpp:122 Postprocess got a stopping message and will stop now
18:26:08:780  Rank 0001    INFO at /home/lzy/projects/mirheo_starter/vendor/Mirheo/src/mirheo/core/postproc.cpp:111 Postprocess is listening to messages now
18:26:08:968  Rank 0001    INFO at /home/lzy/projects/mirheo_starter/vendor/Mirheo/src/mirheo/core/postproc.cpp:122 Postprocess got a stopping message and will stop now
18:26:08:974  Rank 0001    INFO at /home/lzy/projects/mirheo_starter/vendor/Mirheo/src/mirheo/core/postproc.cpp:111 Postprocess is listening to messages now
18:26:09:159  Rank 0001    INFO at /home/lzy/projects/mirheo_starter/vendor/Mirheo/src/mirheo/core/postproc.cpp:122 Postprocess got a stopping message and will stop now
18:26:09:166  Rank 0001    INFO at /home/lzy/projects/mirheo_starter/vendor/Mirheo/src/mirheo/core/postproc.cpp:111 Postprocess is listening to messages now
18:26:09:361  Rank 0001    INFO at /home/lzy/projects/mirheo_starter/vendor/Mirheo/src/mirheo/core/postproc.cpp:122 Postprocess got a stopping message and will stop now
18:26:09:367  Rank 0001    INFO at /home/lzy/projects/mirheo_starter/vendor/Mirheo/src/mirheo/core/postproc.cpp:111 Postprocess is listening to messages now
18:26:09:564  Rank 0001    INFO at /home/lzy/projects/mirheo_starter/vendor/Mirheo/src/mirheo/core/postproc.cpp:122 Postprocess got a stopping message and will stop now
18:26:09:570  Rank 0001    INFO at /home/lzy/projects/mirheo_starter/vendor/Mirheo/src/mirheo/core/postproc.cpp:111 Postprocess is listening to messages now
18:26:09:759  Rank 0001    INFO at /home/lzy/projects/mirheo_starter/vendor/Mirheo/src/mirheo/core/postproc.cpp:122 Postprocess got a stopping message and will stop now
18:26:09:765  Rank 0001    INFO at /home/lzy/projects/mirheo_starter/vendor/Mirheo/src/mirheo/core/postproc.cpp:111 Postprocess is listening to messages now
18:26:09:960  Rank 0001    INFO at /home/lzy/projects/mirheo_starter/vendor/Mirheo/src/mirheo/core/postproc.cpp:122 Postprocess got a stopping message and will stop now
18:26:09:965  Rank 0001    INFO at /home/lzy/projects/mirheo_starter/vendor/Mirheo/src/mirheo/core/postproc.cpp:111 Postprocess is listening to messages now
18:26:10:146  Rank 0001    INFO at /home/lzy/projects/mirheo_starter/vendor/Mirheo/src/mirheo/core/postproc.cpp:122 Postprocess got a stopping message and will stop now
18:26:10:152  Rank 0001    INFO at /home/lzy/projects/mirheo_starter/vendor/Mirheo/src/mirheo/core/postproc.cpp:111 Postprocess is listening to messages now
18:26:10:344  Rank 0001    INFO at /home/lzy/projects/mirheo_starter/vendor/Mirheo/src/mirheo/core/postproc.cpp:122 Postprocess got a stopping message and will stop now
18:26:10:351  Rank 0001    INFO at /home/lzy/projects/mirheo_starter/vendor/Mirheo/src/mirheo/core/postproc.cpp:111 Postprocess is listening to messages now
18:26:10:540  Rank 0001    INFO at /home/lzy/projects/mirheo_starter/vendor/Mirheo/src/mirheo/core/postproc.cpp:122 Postprocess got a stopping message and will stop now
18:26:10:547  Rank 0001    INFO at /home/lzy/projects/mirheo_starter/vendor/Mirheo/src/mirheo/core/postproc.cpp:111 Postprocess is listening to messages now
18:26:10:735  Rank 0001    INFO at /home/lzy/projects/mirheo_starter/vendor/Mirheo/src/mirheo/core/postproc.cpp:122 Postprocess got a stopping message and will stop now
18:26:10:740  Rank 0001    INFO at /home/lzy/projects/mirheo_starter/vendor/Mirheo/src/mirheo/core/postproc.cpp:111 Postprocess is listening to messages now
18:26:10:929  Rank 0001    INFO at /home/lzy/projects/mirheo_starter/vendor/Mirheo/src/mirheo/core/postproc.cpp:122 Postprocess got a stopping message and will stop now
18:26:10:935  Rank 0001    INFO at /home/lzy/projects/mirheo_starter/vendor/Mirheo/src/mirheo/core/postproc.cpp:111 Postprocess is listening to messages now
18:26:11:123  Rank 0001    INFO at /home/lzy/projects/mirheo_starter/vendor/Mirheo/src/mirheo/core/postproc.cpp:122 Postprocess got a stopping message and will stop now
18:26:11:128  Rank 0001    INFO at /home/lzy/projects/mirheo_starter/vendor/Mirheo/src/mirheo/core/postproc.cpp:111 Postprocess is listening to messages now
18:26:11:321  Rank 0001    INFO at /home/lzy/projects/mirheo_starter/vendor/Mirheo/src/mirheo/core/postproc.cpp:122 Postprocess got a stopping message and will stop now
18:26:11:327  Rank 0001    INFO at /home/lzy/projects/mirheo_starter/vendor/Mirheo/src/mirheo/core/postproc.cpp:111 Postprocess is listening to messages now
18:26:11:518  Rank 0001    INFO at /home/lzy/projects/mirheo_starter/vendor/Mirheo/src/mirheo/core/postproc.cpp:122 Postprocess got a stopping message and will stop now
18:26:11:523  Rank 0001    INFO at /home/lzy/projects/mirheo_starter/vendor/Mirheo/src/mirheo/core/postproc.cpp:111 Postprocess is listening to messages now
18:26:11:716  Rank 0001    INFO at /home/lzy/projects/mirheo_starter/vendor/Mirheo/src/mirheo/core/postproc.cpp:122 Postprocess got a stopping message and will stop now
18:26:11:722  Rank 0001    INFO at /home/lzy/projects/mirheo_starter/vendor/Mirheo/src/mirheo/core/postproc.cpp:111 Postprocess is listening to messages now
18:26:11:917  Rank 0001    INFO at /home/lzy/projects/mirheo_starter/vendor/Mirheo/src/mirheo/core/postproc.cpp:122 Postprocess got a stopping message and will stop now
18:26:11:926  Rank 0001    INFO at /home/lzy/projects/mirheo_starter/vendor/Mirheo/src/mirheo/core/postproc.cpp:111 Postprocess is listening to messages now
18:26:12:115  Rank 0001    INFO at /home/lzy/projects/mirheo_starter/vendor/Mirheo/src/mirheo/core/postproc.cpp:122 Postprocess got a stopping message and will stop now
18:26:12:120  Rank 0001    INFO at /home/lzy/projects/mirheo_starter/vendor/Mirheo/src/mirheo/core/postproc.cpp:111 Postprocess is listening to messages now
18:26:12:316  Rank 0001    INFO at /home/lzy/projects/mirheo_starter/vendor/Mirheo/src/mirheo/core/postproc.cpp:122 Postprocess got a stopping message and will stop now
18:26:12:322  Rank 0001    INFO at /home/lzy/projects/mirheo_starter/vendor/Mirheo/src/mirheo/core/postproc.cpp:111 Postprocess is listening to messages now
18:26:12:517  Rank 0001    INFO at /home/lzy/projects/mirheo_starter/vendor/Mirheo/src/mirheo/core/postproc.cpp:122 Postprocess got a stopping message and will stop now
18:26:12:523  Rank 0001    INFO at /home/lzy/projects/mirheo_starter/vendor/Mirheo/src/mirheo/core/postproc.cpp:111 Postprocess is listening to messages now
18:26:12:717  Rank 0001    INFO at /home/lzy/projects/mirheo_starter/vendor/Mirheo/src/mirheo/core/postproc.cpp:122 Postprocess got a stopping message and will stop now
18:26:12:722  Rank 0001    INFO at /home/lzy/projects/mirheo_starter/vendor/Mirheo/src/mirheo/core/postproc.cpp:111 Postprocess is listening to messages now
18:26:12:911  Rank 0001    INFO at /home/lzy/projects/mirheo_starter/vendor/Mirheo/src/mirheo/core/postproc.cpp:122 Postprocess got a stopping message and will stop now
18:26:12:916  Rank 0001    INFO at /home/lzy/projects/mirheo_starter/vendor/Mirheo/src/mirheo/core/postproc.cpp:111 Postprocess is listening to messages now
18:26:13:111  Rank 0001    INFO at /home/lzy/projects/mirheo_starter/vendor/Mirheo/src/mirheo/core/postproc.cpp:122 Postprocess got a stopping message and will stop now
18:26:13:117  Rank 0001    INFO at /home/lzy/projects/mirheo_starter/vendor/Mirheo/src/mirheo/core/postproc.cpp:111 Postprocess is listening to messages now
18:26:13:305  Rank 0001    INFO at /home/lzy/projects/mirheo_starter/vendor/Mirheo/src/mirheo/core/postproc.cpp:122 Postprocess got a stopping message and will stop now
18:26:13:311  Rank 0001    INFO at /home/lzy/projects/mirheo_starter/vendor/Mirheo/src/mirheo/core/postproc.cpp:111 Postprocess is listening to messages now
18:26:13:495  Rank 0001    INFO at /home/lzy/projects/mirheo_starter/vendor/Mirheo/src/mirheo/core/postproc.cpp:122 Postprocess got a stopping message and will stop now
18:26:13:500  Rank 0001    INFO at /home/lzy/projects/mirheo_starter/vendor/Mirheo/src/mirheo/core/postproc.cpp:111 Postprocess is listening to messages now
18:26:13:700  Rank 0001    INFO at /home/lzy/projects/mirheo_starter/vendor/Mirheo/src/mirheo/core/postproc.cpp:122 Postprocess got a stopping message and will stop now
18:26:13:705  Rank 0001    INFO at /home/lzy/projects/mirheo_starter/vendor/Mirheo/src/mirheo/core/postproc.cpp:111 Postprocess is listening to messages now
18:26:13:905  Rank 0001    INFO at /home/lzy/projects/mirheo_starter/vendor/Mirheo/src/mirheo/core/postproc.cpp:122 Postprocess got a stopping message and will stop now
18:26:13:912  Rank 0001    INFO at /home/lzy/projects/mirheo_starter/vendor/Mirheo/src/mirheo/core/postproc.cpp:111 Postprocess is listening to messages now
18:26:14:104  Rank 0001    INFO at /home/lzy/projects/mirheo_starter/vendor/Mirheo/src/mirheo/core/postproc.cpp:122 Postprocess got a stopping message and will stop now
18:26:14:109  Rank 0001    INFO at /home/lzy/projects/mirheo_starter/vendor/Mirheo/src/mirheo/core/postproc.cpp:111 Postprocess is listening to messages now
18:26:14:295  Rank 0001    INFO at /home/lzy/projects/mirheo_starter/vendor/Mirheo/src/mirheo/core/postproc.cpp:122 Postprocess got a stopping message and will stop now
18:26:14:301  Rank 0001    INFO at /home/lzy/projects/mirheo_starter/vendor/Mirheo/src/mirheo/core/postproc.cpp:111 Postprocess is listening to messages now
18:26:14:492  Rank 0001    INFO at /home/lzy/projects/mirheo_starter/vendor/Mirheo/src/mirheo/core/postproc.cpp:122 Postprocess got a stopping message and will stop now
18:26:14:498  Rank 0001    INFO at /home/lzy/projects/mirheo_starter/vendor/Mirheo/src/mirheo/core/postproc.cpp:111 Postprocess is listening to messages now
18:26:14:687  Rank 0001    INFO at /home/lzy/projects/mirheo_starter/vendor/Mirheo/src/mirheo/core/postproc.cpp:122 Postprocess got a stopping message and will stop now
18:26:14:692  Rank 0001    INFO at /home/lzy/projects/mirheo_starter/vendor/Mirheo/src/mirheo/core/postproc.cpp:111 Postprocess is listening to messages now
18:26:14:885  Rank 0001    INFO at /home/lzy/projects/mirheo_starter/vendor/Mirheo/src/mirheo/core/postproc.cpp:122 Postprocess got a stopping message and will stop now
18:26:14:890  Rank 0001    INFO at /home/lzy/projects/mirheo_starter/vendor/Mirheo/src/mirheo/core/postproc.cpp:111 Postprocess is listening to messages now
18:26:15:083  Rank 0001    INFO at /home/lzy/projects/mirheo_starter/vendor/Mirheo/src/mirheo/core/postproc.cpp:122 Postprocess got a stopping message and will stop now
18:26:15:088  Rank 0001    INFO at /home/lzy/projects/mirheo_starter/vendor/Mirheo/src/mirheo/core/postproc.cpp:111 Postprocess is listening to messages now
18:26:15:286  Rank 0001    INFO at /home/lzy/projects/mirheo_starter/vendor/Mirheo/src/mirheo/core/postproc.cpp:122 Postprocess got a stopping message and will stop now
18:26:15:292  Rank 0001    INFO at /home/lzy/projects/mirheo_starter/vendor/Mirheo/src/mirheo/core/postproc.cpp:111 Postprocess is listening to messages now
18:26:15:478  Rank 0001    INFO at /home/lzy/projects/mirheo_starter/vendor/Mirheo/src/mirheo/core/postproc.cpp:122 Postprocess got a stopping message and will stop now
18:26:15:484  Rank 0001    INFO at /home/lzy/projects/mirheo_starter/vendor/Mirheo/src/mirheo/core/postproc.cpp:111 Postprocess is listening to messages now
18:26:15:662  Rank 0001    INFO at /home/lzy/projects/mirheo_starter/vendor/Mirheo/src/mirheo/core/postproc.cpp:122 Postprocess got a stopping message and will stop now
18:26:15:668  Rank 0001    INFO at /home/lzy/projects/mirheo_starter/vendor/Mirheo/src/mirheo/core/postproc.cpp:111 Postprocess is listening to messages now
18:26:15:866  Rank 0001    INFO at /home/lzy/projects/mirheo_starter/vendor/Mirheo/src/mirheo/core/postproc.cpp:122 Postprocess got a stopping message and will stop now
18:26:15:872  Rank 0001    INFO at /home/lzy/projects/mirheo_starter/vendor/Mirheo/src/mirheo/core/postproc.cpp:111 Postprocess is listening to messages now
18:26:16:068  Rank 0001    INFO at /home/lzy/projects/mirheo_starter/vendor/Mirheo/src/mirheo/core/postproc.cpp:122 Postprocess got a stopping message and will stop now
18:26:16:074  Rank 0001    INFO at /home/lzy/projects/mirheo_starter/vendor/Mirheo/src/mirheo/core/postproc.cpp:111 Postprocess is listening to messages now
18:26:16:262  Rank 0001    INFO at /home/lzy/projects/mirheo_starter/vendor/Mirheo/src/mirheo/core/postproc.cpp:122 Postprocess got a stopping message and will stop now
18:26:16:269  Rank 0001    INFO at /home/lzy/projects/mirheo_starter/vendor/Mirheo/src/mirheo/core/postproc.cpp:111 Postprocess is listening to messages now
18:26:16:454  Rank 0001    INFO at /home/lzy/projects/mirheo_starter/vendor/Mirheo/src/mirheo/core/postproc.cpp:122 Postprocess got a stopping message and will stop now
18:26:16:460  Rank 0001    INFO at /home/lzy/projects/mirheo_starter/vendor/Mirheo/src/mirheo/core/postproc.cpp:111 Postprocess is listening to messages now
18:26:16:650  Rank 0001    INFO at /home/lzy/projects/mirheo_starter/vendor/Mirheo/src/mirheo/core/postproc.cpp:122 Postprocess got a stopping message and will stop now
18:26:16:656  Rank 0001    INFO at /home/lzy/projects/mirheo_starter/vendor/Mirheo/src/mirheo/core/postproc.cpp:111 Postprocess is listening to messages now
18:26:16:845  Rank 0001    INFO at /home/lzy/projects/mirheo_starter/vendor/Mirheo/src/mirheo/core/postproc.cpp:122 Postprocess got a stopping message and will stop now
18:26:16:851  Rank 0001    INFO at /home/lzy/projects/mirheo_starter/vendor/Mirheo/src/mirheo/core/postproc.cpp:111 Postprocess is listening to messages now
18:26:17:042  Rank 0001    INFO at /home/lzy/projects/mirheo_starter/vendor/Mirheo/src/mirheo/core/postproc.cpp:122 Postprocess got a stopping message and will stop now
18:26:17:050  Rank 0001    INFO at /home/lzy/projects/mirheo_starter/vendor/Mirheo/src/mirheo/core/postproc.cpp:111 Postprocess is listening to messages now
18:26:17:229  Rank 0001    INFO at /home/lzy/projects/mirheo_starter/vendor/Mirheo/src/mirheo/core/postproc.cpp:122 Postprocess got a stopping message and will stop now
18:26:17:235  Rank 0001    INFO at /home/lzy/projects/mirheo_starter/vendor/Mirheo/src/mirheo/core/postproc.cpp:111 Postprocess is listening to messages now
18:26:17:425  Rank 0001    INFO at /home/lzy/projects/mirheo_starter/vendor/Mirheo/src/mirheo/core/postproc.cpp:122 Postprocess got a stopping message and will stop now
18:26:17:430  Rank 0001    INFO at /home/lzy/projects/mirheo_starter/vendor/Mirheo/src/mirheo/core/postproc.cpp:111 Postprocess is listening to messages now
18:26:17:616  Rank 0001    INFO at /home/lzy/projects/mirheo_starter/vendor/Mirheo/src/mirheo/core/postproc.cpp:122 Postprocess got a stopping message and will stop now
18:26:17:621  Rank 0001    INFO at /home/lzy/projects/mirheo_starter/vendor/Mirheo/src/mirheo/core/postproc.cpp:111 Postprocess is listening to messages now
18:26:17:811  Rank 0001    INFO at /home/lzy/projects/mirheo_starter/vendor/Mirheo/src/mirheo/core/postproc.cpp:122 Postprocess got a stopping message and will stop now
18:26:17:817  Rank 0001    INFO at /home/lzy/projects/mirheo_starter/vendor/Mirheo/src/mirheo/core/postproc.cpp:111 Postprocess is listening to messages now
18:26:18:013  Rank 0001    INFO at /home/lzy/projects/mirheo_starter/vendor/Mirheo/src/mirheo/core/postproc.cpp:122 Postprocess got a stopping message and will stop now
18:26:18:020  Rank 0001    INFO at /home/lzy/projects/mirheo_starter/vendor/Mirheo/src/mirheo/core/postproc.cpp:111 Postprocess is listening to messages now
18:26:18:209  Rank 0001    INFO at /home/lzy/projects/mirheo_starter/vendor/Mirheo/src/mirheo/core/postproc.cpp:122 Postprocess got a stopping message and will stop now
18:26:18:214  Rank 0001    INFO at /home/lzy/projects/mirheo_starter/vendor/Mirheo/src/mirheo/core/postproc.cpp:111 Postprocess is listening to messages now
18:26:18:409  Rank 0001    INFO at /home/lzy/projects/mirheo_starter/vendor/Mirheo/src/mirheo/core/postproc.cpp:122 Postprocess got a stopping message and will stop now
18:26:18:418  Rank 0001    INFO at /home/lzy/projects/mirheo_starter/vendor/Mirheo/src/mirheo/core/postproc.cpp:111 Postprocess is listening to messages now
18:26:18:609  Rank 0001    INFO at /home/lzy/projects/mirheo_starter/vendor/Mirheo/src/mirheo/core/postproc.cpp:122 Postprocess got a stopping message and will stop now
18:26:18:618  Rank 0001    INFO at /home/lzy/projects/mirheo_starter/vendor/Mirheo/src/mirheo/core/postproc.cpp:111 Postprocess is listening to messages now
18:26:18:810  Rank 0001    INFO at /home/lzy/projects/mirheo_starter/vendor/Mirheo/src/mirheo/core/postproc.cpp:122 Postprocess got a stopping message and will stop now
18:26:18:815  Rank 0001    INFO at /home/lzy/projects/mirheo_starter/vendor/Mirheo/src/mirheo/core/postproc.cpp:111 Postprocess is listening to messages now
18:26:19:005  Rank 0001    INFO at /home/lzy/projects/mirheo_starter/vendor/Mirheo/src/mirheo/core/postproc.cpp:122 Postprocess got a stopping message and will stop now
18:26:19:010  Rank 0001    INFO at /home/lzy/projects/mirheo_starter/vendor/Mirheo/src/mirheo/core/postproc.cpp:111 Postprocess is listening to messages now
18:26:19:199  Rank 0001    INFO at /home/lzy/projects/mirheo_starter/vendor/Mirheo/src/mirheo/core/postproc.cpp:122 Postprocess got a stopping message and will stop now
18:26:19:205  Rank 0001    INFO at /home/lzy/projects/mirheo_starter/vendor/Mirheo/src/mirheo/core/postproc.cpp:111 Postprocess is listening to messages now
18:26:19:392  Rank 0001    INFO at /home/lzy/projects/mirheo_starter/vendor/Mirheo/src/mirheo/core/postproc.cpp:122 Postprocess got a stopping message and will stop now
18:26:19:399  Rank 0001    INFO at /home/lzy/projects/mirheo_starter/vendor/Mirheo/src/mirheo/core/postproc.cpp:111 Postprocess is listening to messages now
18:26:19:587  Rank 0001    INFO at /home/lzy/projects/mirheo_starter/vendor/Mirheo/src/mirheo/core/postproc.cpp:122 Postprocess got a stopping message and will stop now
18:26:19:592  Rank 0001    INFO at /home/lzy/projects/mirheo_starter/vendor/Mirheo/src/mirheo/core/postproc.cpp:111 Postprocess is listening to messages now
18:26:19:785  Rank 0001    INFO at /home/lzy/projects/mirheo_starter/vendor/Mirheo/src/mirheo/core/postproc.cpp:122 Postprocess got a stopping message and will stop now
18:26:19:791  Rank 0001    INFO at /home/lzy/projects/mirheo_starter/vendor/Mirheo/src/mirheo/core/postproc.cpp:111 Postprocess is listening to messages now
18:26:19:996  Rank 0001    INFO at /home/lzy/projects/mirheo_starter/vendor/Mirheo/src/mirheo/core/postproc.cpp:122 Postprocess got a stopping message and will stop now
18:26:20:001  Rank 0001    INFO at /home/lzy/projects/mirheo_starter/vendor/Mirheo/src/mirheo/core/postproc.cpp:111 Postprocess is listening to messages now
18:26:20:196  Rank 0001    INFO at /home/lzy/projects/mirheo_starter/vendor/Mirheo/src/mirheo/core/postproc.cpp:122 Postprocess got a stopping message and will stop now
18:26:20:205  Rank 0001    INFO at /home/lzy/projects/mirheo_starter/vendor/Mirheo/src/mirheo/core/postproc.cpp:111 Postprocess is listening to messages now
18:26:20:407  Rank 0001    INFO at /home/lzy/projects/mirheo_starter/vendor/Mirheo/src/mirheo/core/postproc.cpp:122 Postprocess got a stopping message and will stop now
18:26:20:413  Rank 0001    INFO at /home/lzy/projects/mirheo_starter/vendor/Mirheo/src/mirheo/core/postproc.cpp:111 Postprocess is listening to messages now
18:26:20:603  Rank 0001    INFO at /home/lzy/projects/mirheo_starter/vendor/Mirheo/src/mirheo/core/postproc.cpp:122 Postprocess got a stopping message and will stop now
18:26:20:608  Rank 0001    INFO at /home/lzy/projects/mirheo_starter/vendor/Mirheo/src/mirheo/core/postproc.cpp:111 Postprocess is listening to messages now
18:26:20:811  Rank 0001    INFO at /home/lzy/projects/mirheo_starter/vendor/Mirheo/src/mirheo/core/postproc.cpp:122 Postprocess got a stopping message and will stop now
18:26:20:817  Rank 0001    INFO at /home/lzy/projects/mirheo_starter/vendor/Mirheo/src/mirheo/core/postproc.cpp:111 Postprocess is listening to messages now
18:26:21:011  Rank 0001    INFO at /home/lzy/projects/mirheo_starter/vendor/Mirheo/src/mirheo/core/postproc.cpp:122 Postprocess got a stopping message and will stop now
18:26:21:016  Rank 0001    INFO at /home/lzy/projects/mirheo_starter/vendor/Mirheo/src/mirheo/core/postproc.cpp:111 Postprocess is listening to messages now
18:26:21:206  Rank 0001    INFO at /home/lzy/projects/mirheo_starter/vendor/Mirheo/src/mirheo/core/postproc.cpp:122 Postprocess got a stopping message and will stop now
18:26:21:211  Rank 0001    INFO at /home/lzy/projects/mirheo_starter/vendor/Mirheo/src/mirheo/core/postproc.cpp:111 Postprocess is listening to messages now
18:26:21:405  Rank 0001    INFO at /home/lzy/projects/mirheo_starter/vendor/Mirheo/src/mirheo/core/postproc.cpp:122 Postprocess got a stopping message and will stop now
18:26:21:412  Rank 0001    INFO at /home/lzy/projects/mirheo_starter/vendor/Mirheo/src/mirheo/core/postproc.cpp:111 Postprocess is listening to messages now
18:26:21:606  Rank 0001    INFO at /home/lzy/projects/mirheo_starter/vendor/Mirheo/src/mirheo/core/postproc.cpp:122 Postprocess got a stopping message and will stop now
18:26:21:611  Rank 0001    INFO at /home/lzy/projects/mirheo_starter/vendor/Mirheo/src/mirheo/core/postproc.cpp:111 Postprocess is listening to messages now
18:26:21:804  Rank 0001    INFO at /home/lzy/projects/mirheo_starter/vendor/Mirheo/src/mirheo/core/postproc.cpp:122 Postprocess got a stopping message and will stop now
18:26:21:810  Rank 0001    INFO at /home/lzy/projects/mirheo_starter/vendor/Mirheo/src/mirheo/core/postproc.cpp:111 Postprocess is listening to messages now
18:26:21:993  Rank 0001    INFO at /home/lzy/projects/mirheo_starter/vendor/Mirheo/src/mirheo/core/postproc.cpp:122 Postprocess got a stopping message and will stop now
18:26:21:999  Rank 0001    INFO at /home/lzy/projects/mirheo_starter/vendor/Mirheo/src/mirheo/core/postproc.cpp:111 Postprocess is listening to messages now
18:26:22:183  Rank 0001    INFO at /home/lzy/projects/mirheo_starter/vendor/Mirheo/src/mirheo/core/postproc.cpp:122 Postprocess got a stopping message and will stop now
18:26:22:189  Rank 0001    INFO at /home/lzy/projects/mirheo_starter/vendor/Mirheo/src/mirheo/core/postproc.cpp:111 Postprocess is listening to messages now
18:26:22:372  Rank 0001    INFO at /home/lzy/projects/mirheo_starter/vendor/Mirheo/src/mirheo/core/postproc.cpp:122 Postprocess got a stopping message and will stop now
18:26:22:378  Rank 0001    INFO at /home/lzy/projects/mirheo_starter/vendor/Mirheo/src/mirheo/core/postproc.cpp:111 Postprocess is listening to messages now
18:26:22:563  Rank 0001    INFO at /home/lzy/projects/mirheo_starter/vendor/Mirheo/src/mirheo/core/postproc.cpp:122 Postprocess got a stopping message and will stop now
18:26:22:568  Rank 0001    INFO at /home/lzy/projects/mirheo_starter/vendor/Mirheo/src/mirheo/core/postproc.cpp:111 Postprocess is listening to messages now
18:26:22:768  Rank 0001    INFO at /home/lzy/projects/mirheo_starter/vendor/Mirheo/src/mirheo/core/postproc.cpp:122 Postprocess got a stopping message and will stop now
18:26:22:775  Rank 0001    INFO at /home/lzy/projects/mirheo_starter/vendor/Mirheo/src/mirheo/core/postproc.cpp:111 Postprocess is listening to messages now
18:26:22:969  Rank 0001    INFO at /home/lzy/projects/mirheo_starter/vendor/Mirheo/src/mirheo/core/postproc.cpp:122 Postprocess got a stopping message and will stop now
18:26:22:974  Rank 0001    INFO at /home/lzy/projects/mirheo_starter/vendor/Mirheo/src/mirheo/core/postproc.cpp:111 Postprocess is listening to messages now
18:26:23:172  Rank 0001    INFO at /home/lzy/projects/mirheo_starter/vendor/Mirheo/src/mirheo/core/postproc.cpp:122 Postprocess got a stopping message and will stop now
18:26:23:178  Rank 0001    INFO at /home/lzy/projects/mirheo_starter/vendor/Mirheo/src/mirheo/core/postproc.cpp:111 Postprocess is listening to messages now
18:26:23:369  Rank 0001    INFO at /home/lzy/projects/mirheo_starter/vendor/Mirheo/src/mirheo/core/postproc.cpp:122 Postprocess got a stopping message and will stop now
18:26:23:374  Rank 0001    INFO at /home/lzy/projects/mirheo_starter/vendor/Mirheo/src/mirheo/core/postproc.cpp:111 Postprocess is listening to messages now
18:26:23:572  Rank 0001    INFO at /home/lzy/projects/mirheo_starter/vendor/Mirheo/src/mirheo/core/postproc.cpp:122 Postprocess got a stopping message and will stop now
18:26:23:577  Rank 0001    INFO at /home/lzy/projects/mirheo_starter/vendor/Mirheo/src/mirheo/core/postproc.cpp:111 Postprocess is listening to messages now
18:26:23:775  Rank 0001    INFO at /home/lzy/projects/mirheo_starter/vendor/Mirheo/src/mirheo/core/postproc.cpp:122 Postprocess got a stopping message and will stop now
18:26:23:781  Rank 0001    INFO at /home/lzy/projects/mirheo_starter/vendor/Mirheo/src/mirheo/core/postproc.cpp:111 Postprocess is listening to messages now
18:26:23:983  Rank 0001    INFO at /home/lzy/projects/mirheo_starter/vendor/Mirheo/src/mirheo/core/postproc.cpp:122 Postprocess got a stopping message and will stop now
18:26:23:989  Rank 0001    INFO at /home/lzy/projects/mirheo_starter/vendor/Mirheo/src/mirheo/core/postproc.cpp:111 Postprocess is listening to messages now
18:26:24:190  Rank 0001    INFO at /home/lzy/projects/mirheo_starter/vendor/Mirheo/src/mirheo/core/postproc.cpp:122 Postprocess got a stopping message and will stop now
18:26:24:196  Rank 0001    INFO at /home/lzy/projects/mirheo_starter/vendor/Mirheo/src/mirheo/core/postproc.cpp:111 Postprocess is listening to messages now
18:26:24:391  Rank 0001    INFO at /home/lzy/projects/mirheo_starter/vendor/Mirheo/src/mirheo/core/postproc.cpp:122 Postprocess got a stopping message and will stop now
18:26:24:396  Rank 0001    INFO at /home/lzy/projects/mirheo_starter/vendor/Mirheo/src/mirheo/core/postproc.cpp:111 Postprocess is listening to messages now
18:26:24:588  Rank 0001    INFO at /home/lzy/projects/mirheo_starter/vendor/Mirheo/src/mirheo/core/postproc.cpp:122 Postprocess got a stopping message and will stop now
18:26:24:594  Rank 0001    INFO at /home/lzy/projects/mirheo_starter/vendor/Mirheo/src/mirheo/core/postproc.cpp:111 Postprocess is listening to messages now
18:26:24:788  Rank 0001    INFO at /home/lzy/projects/mirheo_starter/vendor/Mirheo/src/mirheo/core/postproc.cpp:122 Postprocess got a stopping message and will stop now
18:26:24:795  Rank 0001    INFO at /home/lzy/projects/mirheo_starter/vendor/Mirheo/src/mirheo/core/postproc.cpp:111 Postprocess is listening to messages now
18:26:24:990  Rank 0001    INFO at /home/lzy/projects/mirheo_starter/vendor/Mirheo/src/mirheo/core/postproc.cpp:122 Postprocess got a stopping message and will stop now
18:26:24:995  Rank 0001    INFO at /home/lzy/projects/mirheo_starter/vendor/Mirheo/src/mirheo/core/postproc.cpp:111 Postprocess is listening to messages now
18:26:25:192  Rank 0001    INFO at /home/lzy/projects/mirheo_starter/vendor/Mirheo/src/mirheo/core/postproc.cpp:122 Postprocess got a stopping message and will stop now
18:26:25:201  Rank 0001    INFO at /home/lzy/projects/mirheo_starter/vendor/Mirheo/src/mirheo/core/postproc.cpp:111 Postprocess is listening to messages now
18:26:25:397  Rank 0001    INFO at /home/lzy/projects/mirheo_starter/vendor/Mirheo/src/mirheo/core/postproc.cpp:122 Postprocess got a stopping message and will stop now
18:26:25:403  Rank 0001    INFO at /home/lzy/projects/mirheo_starter/vendor/Mirheo/src/mirheo/core/postproc.cpp:111 Postprocess is listening to messages now
18:26:25:603  Rank 0001    INFO at /home/lzy/projects/mirheo_starter/vendor/Mirheo/src/mirheo/core/postproc.cpp:122 Postprocess got a stopping message and will stop now
18:26:25:609  Rank 0001    INFO at /home/lzy/projects/mirheo_starter/vendor/Mirheo/src/mirheo/core/postproc.cpp:111 Postprocess is listening to messages now
18:26:25:808  Rank 0001    INFO at /home/lzy/projects/mirheo_starter/vendor/Mirheo/src/mirheo/core/postproc.cpp:122 Postprocess got a stopping message and will stop now
18:26:25:814  Rank 0001    INFO at /home/lzy/projects/mirheo_starter/vendor/Mirheo/src/mirheo/core/postproc.cpp:111 Postprocess is listening to messages now
18:26:26:006  Rank 0001    INFO at /home/lzy/projects/mirheo_starter/vendor/Mirheo/src/mirheo/core/postproc.cpp:122 Postprocess got a stopping message and will stop now
18:26:26:012  Rank 0001    INFO at /home/lzy/projects/mirheo_starter/vendor/Mirheo/src/mirheo/core/postproc.cpp:111 Postprocess is listening to messages now
18:26:26:204  Rank 0001    INFO at /home/lzy/projects/mirheo_starter/vendor/Mirheo/src/mirheo/core/postproc.cpp:122 Postprocess got a stopping message and will stop now
18:26:26:210  Rank 0001    INFO at /home/lzy/projects/mirheo_starter/vendor/Mirheo/src/mirheo/core/postproc.cpp:111 Postprocess is listening to messages now
18:26:26:402  Rank 0001    INFO at /home/lzy/projects/mirheo_starter/vendor/Mirheo/src/mirheo/core/postproc.cpp:122 Postprocess got a stopping message and will stop now
18:26:26:407  Rank 0001    INFO at /home/lzy/projects/mirheo_starter/vendor/Mirheo/src/mirheo/core/postproc.cpp:111 Postprocess is listening to messages now
18:26:26:600  Rank 0001    INFO at /home/lzy/projects/mirheo_starter/vendor/Mirheo/src/mirheo/core/postproc.cpp:122 Postprocess got a stopping message and will stop now
18:26:26:607  Rank 0001    INFO at /home/lzy/projects/mirheo_starter/vendor/Mirheo/src/mirheo/core/postproc.cpp:111 Postprocess is listening to messages now
18:26:26:800  Rank 0001    INFO at /home/lzy/projects/mirheo_starter/vendor/Mirheo/src/mirheo/core/postproc.cpp:122 Postprocess got a stopping message and will stop now
18:26:26:807  Rank 0001    INFO at /home/lzy/projects/mirheo_starter/vendor/Mirheo/src/mirheo/core/postproc.cpp:111 Postprocess is listening to messages now
18:26:27:000  Rank 0001    INFO at /home/lzy/projects/mirheo_starter/vendor/Mirheo/src/mirheo/core/postproc.cpp:122 Postprocess got a stopping message and will stop now
18:26:27:006  Rank 0001    INFO at /home/lzy/projects/mirheo_starter/vendor/Mirheo/src/mirheo/core/postproc.cpp:111 Postprocess is listening to messages now
18:26:27:194  Rank 0001    INFO at /home/lzy/projects/mirheo_starter/vendor/Mirheo/src/mirheo/core/postproc.cpp:122 Postprocess got a stopping message and will stop now
18:26:27:199  Rank 0001    INFO at /home/lzy/projects/mirheo_starter/vendor/Mirheo/src/mirheo/core/postproc.cpp:111 Postprocess is listening to messages now
18:26:27:396  Rank 0001    INFO at /home/lzy/projects/mirheo_starter/vendor/Mirheo/src/mirheo/core/postproc.cpp:122 Postprocess got a stopping message and will stop now
18:26:27:402  Rank 0001    INFO at /home/lzy/projects/mirheo_starter/vendor/Mirheo/src/mirheo/core/postproc.cpp:111 Postprocess is listening to messages now
18:26:27:598  Rank 0001    INFO at /home/lzy/projects/mirheo_starter/vendor/Mirheo/src/mirheo/core/postproc.cpp:122 Postprocess got a stopping message and will stop now
18:26:27:606  Rank 0001    INFO at /home/lzy/projects/mirheo_starter/vendor/Mirheo/src/mirheo/core/postproc.cpp:111 Postprocess is listening to messages now
18:26:27:811  Rank 0001    INFO at /home/lzy/projects/mirheo_starter/vendor/Mirheo/src/mirheo/core/postproc.cpp:122 Postprocess got a stopping message and will stop now
18:26:27:816  Rank 0001    INFO at /home/lzy/projects/mirheo_starter/vendor/Mirheo/src/mirheo/core/postproc.cpp:111 Postprocess is listening to messages now
18:26:28:022  Rank 0001    INFO at /home/lzy/projects/mirheo_starter/vendor/Mirheo/src/mirheo/core/postproc.cpp:122 Postprocess got a stopping message and will stop now
18:26:28:028  Rank 0001    INFO at /home/lzy/projects/mirheo_starter/vendor/Mirheo/src/mirheo/core/postproc.cpp:111 Postprocess is listening to messages now
18:26:28:238  Rank 0001    INFO at /home/lzy/projects/mirheo_starter/vendor/Mirheo/src/mirheo/core/postproc.cpp:122 Postprocess got a stopping message and will stop now
18:26:28:244  Rank 0001    INFO at /home/lzy/projects/mirheo_starter/vendor/Mirheo/src/mirheo/core/postproc.cpp:111 Postprocess is listening to messages now
18:26:28:441  Rank 0001    INFO at /home/lzy/projects/mirheo_starter/vendor/Mirheo/src/mirheo/core/postproc.cpp:122 Postprocess got a stopping message and will stop now
18:26:28:447  Rank 0001    INFO at /home/lzy/projects/mirheo_starter/vendor/Mirheo/src/mirheo/core/postproc.cpp:111 Postprocess is listening to messages now
18:26:28:643  Rank 0001    INFO at /home/lzy/projects/mirheo_starter/vendor/Mirheo/src/mirheo/core/postproc.cpp:122 Postprocess got a stopping message and will stop now
18:26:28:649  Rank 0001    INFO at /home/lzy/projects/mirheo_starter/vendor/Mirheo/src/mirheo/core/postproc.cpp:111 Postprocess is listening to messages now
18:26:28:843  Rank 0001    INFO at /home/lzy/projects/mirheo_starter/vendor/Mirheo/src/mirheo/core/postproc.cpp:122 Postprocess got a stopping message and will stop now
18:26:28:849  Rank 0001    INFO at /home/lzy/projects/mirheo_starter/vendor/Mirheo/src/mirheo/core/postproc.cpp:111 Postprocess is listening to messages now
18:26:29:040  Rank 0001    INFO at /home/lzy/projects/mirheo_starter/vendor/Mirheo/src/mirheo/core/postproc.cpp:122 Postprocess got a stopping message and will stop now
18:26:29:045  Rank 0001    INFO at /home/lzy/projects/mirheo_starter/vendor/Mirheo/src/mirheo/core/postproc.cpp:111 Postprocess is listening to messages now
18:26:29:242  Rank 0001    INFO at /home/lzy/projects/mirheo_starter/vendor/Mirheo/src/mirheo/core/postproc.cpp:122 Postprocess got a stopping message and will stop now
18:26:29:251  Rank 0001    INFO at /home/lzy/projects/mirheo_starter/vendor/Mirheo/src/mirheo/core/postproc.cpp:111 Postprocess is listening to messages now
18:26:29:444  Rank 0001    INFO at /home/lzy/projects/mirheo_starter/vendor/Mirheo/src/mirheo/core/postproc.cpp:122 Postprocess got a stopping message and will stop now
18:26:29:450  Rank 0001    INFO at /home/lzy/projects/mirheo_starter/vendor/Mirheo/src/mirheo/core/postproc.cpp:111 Postprocess is listening to messages now
18:26:29:643  Rank 0001    INFO at /home/lzy/projects/mirheo_starter/vendor/Mirheo/src/mirheo/core/postproc.cpp:122 Postprocess got a stopping message and will stop now
18:26:29:649  Rank 0001    INFO at /home/lzy/projects/mirheo_starter/vendor/Mirheo/src/mirheo/core/postproc.cpp:111 Postprocess is listening to messages now
18:26:29:840  Rank 0001    INFO at /home/lzy/projects/mirheo_starter/vendor/Mirheo/src/mirheo/core/postproc.cpp:122 Postprocess got a stopping message and will stop now
18:26:29:846  Rank 0001    INFO at /home/lzy/projects/mirheo_starter/vendor/Mirheo/src/mirheo/core/postproc.cpp:111 Postprocess is listening to messages now
18:26:30:037  Rank 0001    INFO at /home/lzy/projects/mirheo_starter/vendor/Mirheo/src/mirheo/core/postproc.cpp:122 Postprocess got a stopping message and will stop now
18:26:30:043  Rank 0001    INFO at /home/lzy/projects/mirheo_starter/vendor/Mirheo/src/mirheo/core/postproc.cpp:111 Postprocess is listening to messages now
18:26:30:230  Rank 0001    INFO at /home/lzy/projects/mirheo_starter/vendor/Mirheo/src/mirheo/core/postproc.cpp:122 Postprocess got a stopping message and will stop now
18:26:30:236  Rank 0001    INFO at /home/lzy/projects/mirheo_starter/vendor/Mirheo/src/mirheo/core/postproc.cpp:111 Postprocess is listening to messages now
18:26:30:428  Rank 0001    INFO at /home/lzy/projects/mirheo_starter/vendor/Mirheo/src/mirheo/core/postproc.cpp:122 Postprocess got a stopping message and will stop now
18:26:30:434  Rank 0001    INFO at /home/lzy/projects/mirheo_starter/vendor/Mirheo/src/mirheo/core/postproc.cpp:111 Postprocess is listening to messages now
18:26:30:623  Rank 0001    INFO at /home/lzy/projects/mirheo_starter/vendor/Mirheo/src/mirheo/core/postproc.cpp:122 Postprocess got a stopping message and will stop now
18:26:30:628  Rank 0001    INFO at /home/lzy/projects/mirheo_starter/vendor/Mirheo/src/mirheo/core/postproc.cpp:111 Postprocess is listening to messages now
18:26:30:821  Rank 0001    INFO at /home/lzy/projects/mirheo_starter/vendor/Mirheo/src/mirheo/core/postproc.cpp:122 Postprocess got a stopping message and will stop now
18:26:30:827  Rank 0001    INFO at /home/lzy/projects/mirheo_starter/vendor/Mirheo/src/mirheo/core/postproc.cpp:111 Postprocess is listening to messages now
18:26:31:023  Rank 0001    INFO at /home/lzy/projects/mirheo_starter/vendor/Mirheo/src/mirheo/core/postproc.cpp:122 Postprocess got a stopping message and will stop now
18:26:31:028  Rank 0001    INFO at /home/lzy/projects/mirheo_starter/vendor/Mirheo/src/mirheo/core/postproc.cpp:111 Postprocess is listening to messages now
18:26:31:217  Rank 0001    INFO at /home/lzy/projects/mirheo_starter/vendor/Mirheo/src/mirheo/core/postproc.cpp:122 Postprocess got a stopping message and will stop now
18:26:31:222  Rank 0001    INFO at /home/lzy/projects/mirheo_starter/vendor/Mirheo/src/mirheo/core/postproc.cpp:111 Postprocess is listening to messages now
18:26:31:401  Rank 0001    INFO at /home/lzy/projects/mirheo_starter/vendor/Mirheo/src/mirheo/core/postproc.cpp:122 Postprocess got a stopping message and will stop now
18:26:31:408  Rank 0001    INFO at /home/lzy/projects/mirheo_starter/vendor/Mirheo/src/mirheo/core/postproc.cpp:111 Postprocess is listening to messages now
18:26:31:590  Rank 0001    INFO at /home/lzy/projects/mirheo_starter/vendor/Mirheo/src/mirheo/core/postproc.cpp:122 Postprocess got a stopping message and will stop now
18:26:31:599  Rank 0001    INFO at /home/lzy/projects/mirheo_starter/vendor/Mirheo/src/mirheo/core/postproc.cpp:111 Postprocess is listening to messages now
18:26:31:793  Rank 0001    INFO at /home/lzy/projects/mirheo_starter/vendor/Mirheo/src/mirheo/core/postproc.cpp:122 Postprocess got a stopping message and will stop now
18:26:31:802  Rank 0001    INFO at /home/lzy/projects/mirheo_starter/vendor/Mirheo/src/mirheo/core/postproc.cpp:111 Postprocess is listening to messages now
18:26:31:999  Rank 0001    INFO at /home/lzy/projects/mirheo_starter/vendor/Mirheo/src/mirheo/core/postproc.cpp:122 Postprocess got a stopping message and will stop now
18:26:32:005  Rank 0001    INFO at /home/lzy/projects/mirheo_starter/vendor/Mirheo/src/mirheo/core/postproc.cpp:111 Postprocess is listening to messages now
18:26:32:193  Rank 0001    INFO at /home/lzy/projects/mirheo_starter/vendor/Mirheo/src/mirheo/core/postproc.cpp:122 Postprocess got a stopping message and will stop now
18:26:32:199  Rank 0001    INFO at /home/lzy/projects/mirheo_starter/vendor/Mirheo/src/mirheo/core/postproc.cpp:111 Postprocess is listening to messages now
18:26:32:384  Rank 0001    INFO at /home/lzy/projects/mirheo_starter/vendor/Mirheo/src/mirheo/core/postproc.cpp:122 Postprocess got a stopping message and will stop now
18:26:32:390  Rank 0001    INFO at /home/lzy/projects/mirheo_starter/vendor/Mirheo/src/mirheo/core/postproc.cpp:111 Postprocess is listening to messages now
18:26:32:581  Rank 0001    INFO at /home/lzy/projects/mirheo_starter/vendor/Mirheo/src/mirheo/core/postproc.cpp:122 Postprocess got a stopping message and will stop now
18:26:32:587  Rank 0001    INFO at /home/lzy/projects/mirheo_starter/vendor/Mirheo/src/mirheo/core/postproc.cpp:111 Postprocess is listening to messages now
18:26:32:777  Rank 0001    INFO at /home/lzy/projects/mirheo_starter/vendor/Mirheo/src/mirheo/core/postproc.cpp:122 Postprocess got a stopping message and will stop now
18:26:32:782  Rank 0001    INFO at /home/lzy/projects/mirheo_starter/vendor/Mirheo/src/mirheo/core/postproc.cpp:111 Postprocess is listening to messages now
18:26:32:967  Rank 0001    INFO at /home/lzy/projects/mirheo_starter/vendor/Mirheo/src/mirheo/core/postproc.cpp:122 Postprocess got a stopping message and will stop now
18:26:32:972  Rank 0001    INFO at /home/lzy/projects/mirheo_starter/vendor/Mirheo/src/mirheo/core/postproc.cpp:111 Postprocess is listening to messages now
18:26:33:153  Rank 0001    INFO at /home/lzy/projects/mirheo_starter/vendor/Mirheo/src/mirheo/core/postproc.cpp:122 Postprocess got a stopping message and will stop now
18:26:33:159  Rank 0001    INFO at /home/lzy/projects/mirheo_starter/vendor/Mirheo/src/mirheo/core/postproc.cpp:111 Postprocess is listening to messages now
18:26:33:355  Rank 0001    INFO at /home/lzy/projects/mirheo_starter/vendor/Mirheo/src/mirheo/core/postproc.cpp:122 Postprocess got a stopping message and will stop now
18:26:33:360  Rank 0001    INFO at /home/lzy/projects/mirheo_starter/vendor/Mirheo/src/mirheo/core/postproc.cpp:111 Postprocess is listening to messages now
18:26:33:554  Rank 0001    INFO at /home/lzy/projects/mirheo_starter/vendor/Mirheo/src/mirheo/core/postproc.cpp:122 Postprocess got a stopping message and will stop now
18:26:33:560  Rank 0001    INFO at /home/lzy/projects/mirheo_starter/vendor/Mirheo/src/mirheo/core/postproc.cpp:111 Postprocess is listening to messages now
18:26:33:746  Rank 0001    INFO at /home/lzy/projects/mirheo_starter/vendor/Mirheo/src/mirheo/core/postproc.cpp:122 Postprocess got a stopping message and will stop now
18:26:33:751  Rank 0001    INFO at /home/lzy/projects/mirheo_starter/vendor/Mirheo/src/mirheo/core/postproc.cpp:111 Postprocess is listening to messages now
18:26:33:936  Rank 0001    INFO at /home/lzy/projects/mirheo_starter/vendor/Mirheo/src/mirheo/core/postproc.cpp:122 Postprocess got a stopping message and will stop now
18:26:33:943  Rank 0001    INFO at /home/lzy/projects/mirheo_starter/vendor/Mirheo/src/mirheo/core/postproc.cpp:111 Postprocess is listening to messages now
18:26:34:133  Rank 0001    INFO at /home/lzy/projects/mirheo_starter/vendor/Mirheo/src/mirheo/core/postproc.cpp:122 Postprocess got a stopping message and will stop now
18:26:34:139  Rank 0001    INFO at /home/lzy/projects/mirheo_starter/vendor/Mirheo/src/mirheo/core/postproc.cpp:111 Postprocess is listening to messages now
18:26:34:332  Rank 0001    INFO at /home/lzy/projects/mirheo_starter/vendor/Mirheo/src/mirheo/core/postproc.cpp:122 Postprocess got a stopping message and will stop now
18:26:34:338  Rank 0001    INFO at /home/lzy/projects/mirheo_starter/vendor/Mirheo/src/mirheo/core/postproc.cpp:111 Postprocess is listening to messages now
18:26:34:526  Rank 0001    INFO at /home/lzy/projects/mirheo_starter/vendor/Mirheo/src/mirheo/core/postproc.cpp:122 Postprocess got a stopping message and will stop now
18:26:34:532  Rank 0001    INFO at /home/lzy/projects/mirheo_starter/vendor/Mirheo/src/mirheo/core/postproc.cpp:111 Postprocess is listening to messages now
18:26:34:724  Rank 0001    INFO at /home/lzy/projects/mirheo_starter/vendor/Mirheo/src/mirheo/core/postproc.cpp:122 Postprocess got a stopping message and will stop now
18:26:34:729  Rank 0001    INFO at /home/lzy/projects/mirheo_starter/vendor/Mirheo/src/mirheo/core/postproc.cpp:111 Postprocess is listening to messages now
18:26:34:923  Rank 0001    INFO at /home/lzy/projects/mirheo_starter/vendor/Mirheo/src/mirheo/core/postproc.cpp:122 Postprocess got a stopping message and will stop now
18:26:34:929  Rank 0001    INFO at /home/lzy/projects/mirheo_starter/vendor/Mirheo/src/mirheo/core/postproc.cpp:111 Postprocess is listening to messages now
18:26:35:129  Rank 0001    INFO at /home/lzy/projects/mirheo_starter/vendor/Mirheo/src/mirheo/core/postproc.cpp:122 Postprocess got a stopping message and will stop now
18:26:35:135  Rank 0001    INFO at /home/lzy/projects/mirheo_starter/vendor/Mirheo/src/mirheo/core/postproc.cpp:111 Postprocess is listening to messages now
18:26:35:318  Rank 0001    INFO at /home/lzy/projects/mirheo_starter/vendor/Mirheo/src/mirheo/core/postproc.cpp:122 Postprocess got a stopping message and will stop now
18:26:35:324  Rank 0001    INFO at /home/lzy/projects/mirheo_starter/vendor/Mirheo/src/mirheo/core/postproc.cpp:111 Postprocess is listening to messages now
18:26:35:522  Rank 0001    INFO at /home/lzy/projects/mirheo_starter/vendor/Mirheo/src/mirheo/core/postproc.cpp:122 Postprocess got a stopping message and will stop now
18:26:35:527  Rank 0001    INFO at /home/lzy/projects/mirheo_starter/vendor/Mirheo/src/mirheo/core/postproc.cpp:111 Postprocess is listening to messages now
18:26:35:713  Rank 0001    INFO at /home/lzy/projects/mirheo_starter/vendor/Mirheo/src/mirheo/core/postproc.cpp:122 Postprocess got a stopping message and will stop now
18:26:35:719  Rank 0001    INFO at /home/lzy/projects/mirheo_starter/vendor/Mirheo/src/mirheo/core/postproc.cpp:111 Postprocess is listening to messages now
18:26:35:904  Rank 0001    INFO at /home/lzy/projects/mirheo_starter/vendor/Mirheo/src/mirheo/core/postproc.cpp:122 Postprocess got a stopping message and will stop now
18:26:35:910  Rank 0001    INFO at /home/lzy/projects/mirheo_starter/vendor/Mirheo/src/mirheo/core/postproc.cpp:111 Postprocess is listening to messages now
18:26:36:104  Rank 0001    INFO at /home/lzy/projects/mirheo_starter/vendor/Mirheo/src/mirheo/core/postproc.cpp:122 Postprocess got a stopping message and will stop now
18:26:36:109  Rank 0001    INFO at /home/lzy/projects/mirheo_starter/vendor/Mirheo/src/mirheo/core/postproc.cpp:111 Postprocess is listening to messages now
18:26:36:291  Rank 0001    INFO at /home/lzy/projects/mirheo_starter/vendor/Mirheo/src/mirheo/core/postproc.cpp:122 Postprocess got a stopping message and will stop now
18:26:36:297  Rank 0001    INFO at /home/lzy/projects/mirheo_starter/vendor/Mirheo/src/mirheo/core/postproc.cpp:111 Postprocess is listening to messages now
18:26:36:480  Rank 0001    INFO at /home/lzy/projects/mirheo_starter/vendor/Mirheo/src/mirheo/core/postproc.cpp:122 Postprocess got a stopping message and will stop now
18:26:36:485  Rank 0001    INFO at /home/lzy/projects/mirheo_starter/vendor/Mirheo/src/mirheo/core/postproc.cpp:111 Postprocess is listening to messages now
18:26:36:675  Rank 0001    INFO at /home/lzy/projects/mirheo_starter/vendor/Mirheo/src/mirheo/core/postproc.cpp:122 Postprocess got a stopping message and will stop now
18:26:36:680  Rank 0001    INFO at /home/lzy/projects/mirheo_starter/vendor/Mirheo/src/mirheo/core/postproc.cpp:111 Postprocess is listening to messages now
18:26:36:873  Rank 0001    INFO at /home/lzy/projects/mirheo_starter/vendor/Mirheo/src/mirheo/core/postproc.cpp:122 Postprocess got a stopping message and will stop now
18:26:36:878  Rank 0001    INFO at /home/lzy/projects/mirheo_starter/vendor/Mirheo/src/mirheo/core/postproc.cpp:111 Postprocess is listening to messages now
18:26:37:066  Rank 0001    INFO at /home/lzy/projects/mirheo_starter/vendor/Mirheo/src/mirheo/core/postproc.cpp:122 Postprocess got a stopping message and will stop now
18:26:37:071  Rank 0001    INFO at /home/lzy/projects/mirheo_starter/vendor/Mirheo/src/mirheo/core/postproc.cpp:111 Postprocess is listening to messages now
18:26:37:255  Rank 0001    INFO at /home/lzy/projects/mirheo_starter/vendor/Mirheo/src/mirheo/core/postproc.cpp:122 Postprocess got a stopping message and will stop now
18:26:37:261  Rank 0001    INFO at /home/lzy/projects/mirheo_starter/vendor/Mirheo/src/mirheo/core/postproc.cpp:111 Postprocess is listening to messages now
18:26:37:443  Rank 0001    INFO at /home/lzy/projects/mirheo_starter/vendor/Mirheo/src/mirheo/core/postproc.cpp:122 Postprocess got a stopping message and will stop now
18:26:37:449  Rank 0001    INFO at /home/lzy/projects/mirheo_starter/vendor/Mirheo/src/mirheo/core/postproc.cpp:111 Postprocess is listening to messages now
18:26:37:634  Rank 0001    INFO at /home/lzy/projects/mirheo_starter/vendor/Mirheo/src/mirheo/core/postproc.cpp:122 Postprocess got a stopping message and will stop now
18:26:37:641  Rank 0001    INFO at /home/lzy/projects/mirheo_starter/vendor/Mirheo/src/mirheo/core/postproc.cpp:111 Postprocess is listening to messages now
18:26:37:826  Rank 0001    INFO at /home/lzy/projects/mirheo_starter/vendor/Mirheo/src/mirheo/core/postproc.cpp:122 Postprocess got a stopping message and will stop now
18:26:37:832  Rank 0001    INFO at /home/lzy/projects/mirheo_starter/vendor/Mirheo/src/mirheo/core/postproc.cpp:111 Postprocess is listening to messages now
18:26:38:016  Rank 0001    INFO at /home/lzy/projects/mirheo_starter/vendor/Mirheo/src/mirheo/core/postproc.cpp:122 Postprocess got a stopping message and will stop now
18:26:38:021  Rank 0001    INFO at /home/lzy/projects/mirheo_starter/vendor/Mirheo/src/mirheo/core/postproc.cpp:111 Postprocess is listening to messages now
18:26:38:208  Rank 0001    INFO at /home/lzy/projects/mirheo_starter/vendor/Mirheo/src/mirheo/core/postproc.cpp:122 Postprocess got a stopping message and will stop now
18:26:38:215  Rank 0001    INFO at /home/lzy/projects/mirheo_starter/vendor/Mirheo/src/mirheo/core/postproc.cpp:111 Postprocess is listening to messages now
18:26:38:397  Rank 0001    INFO at /home/lzy/projects/mirheo_starter/vendor/Mirheo/src/mirheo/core/postproc.cpp:122 Postprocess got a stopping message and will stop now
18:26:38:402  Rank 0001    INFO at /home/lzy/projects/mirheo_starter/vendor/Mirheo/src/mirheo/core/postproc.cpp:111 Postprocess is listening to messages now
18:26:38:589  Rank 0001    INFO at /home/lzy/projects/mirheo_starter/vendor/Mirheo/src/mirheo/core/postproc.cpp:122 Postprocess got a stopping message and will stop now
18:26:38:598  Rank 0001    INFO at /home/lzy/projects/mirheo_starter/vendor/Mirheo/src/mirheo/core/postproc.cpp:111 Postprocess is listening to messages now
18:26:38:793  Rank 0001    INFO at /home/lzy/projects/mirheo_starter/vendor/Mirheo/src/mirheo/core/postproc.cpp:122 Postprocess got a stopping message and will stop now
18:26:38:798  Rank 0001    INFO at /home/lzy/projects/mirheo_starter/vendor/Mirheo/src/mirheo/core/postproc.cpp:111 Postprocess is listening to messages now
18:26:38:988  Rank 0001    INFO at /home/lzy/projects/mirheo_starter/vendor/Mirheo/src/mirheo/core/postproc.cpp:122 Postprocess got a stopping message and will stop now
18:26:38:995  Rank 0001    INFO at /home/lzy/projects/mirheo_starter/vendor/Mirheo/src/mirheo/core/postproc.cpp:111 Postprocess is listening to messages now
18:26:39:184  Rank 0001    INFO at /home/lzy/projects/mirheo_starter/vendor/Mirheo/src/mirheo/core/postproc.cpp:122 Postprocess got a stopping message and will stop now
18:26:39:190  Rank 0001    INFO at /home/lzy/projects/mirheo_starter/vendor/Mirheo/src/mirheo/core/postproc.cpp:111 Postprocess is listening to messages now
18:26:39:394  Rank 0001    INFO at /home/lzy/projects/mirheo_starter/vendor/Mirheo/src/mirheo/core/postproc.cpp:122 Postprocess got a stopping message and will stop now
18:26:39:400  Rank 0001    INFO at /home/lzy/projects/mirheo_starter/vendor/Mirheo/src/mirheo/core/postproc.cpp:111 Postprocess is listening to messages now
18:26:39:595  Rank 0001    INFO at /home/lzy/projects/mirheo_starter/vendor/Mirheo/src/mirheo/core/postproc.cpp:122 Postprocess got a stopping message and will stop now
18:26:39:600  Rank 0001    INFO at /home/lzy/projects/mirheo_starter/vendor/Mirheo/src/mirheo/core/postproc.cpp:111 Postprocess is listening to messages now
18:26:39:786  Rank 0001    INFO at /home/lzy/projects/mirheo_starter/vendor/Mirheo/src/mirheo/core/postproc.cpp:122 Postprocess got a stopping message and will stop now
18:26:39:792  Rank 0001    INFO at /home/lzy/projects/mirheo_starter/vendor/Mirheo/src/mirheo/core/postproc.cpp:111 Postprocess is listening to messages now
18:26:39:985  Rank 0001    INFO at /home/lzy/projects/mirheo_starter/vendor/Mirheo/src/mirheo/core/postproc.cpp:122 Postprocess got a stopping message and will stop now
18:26:39:991  Rank 0001    INFO at /home/lzy/projects/mirheo_starter/vendor/Mirheo/src/mirheo/core/postproc.cpp:111 Postprocess is listening to messages now
18:26:40:175  Rank 0001    INFO at /home/lzy/projects/mirheo_starter/vendor/Mirheo/src/mirheo/core/postproc.cpp:122 Postprocess got a stopping message and will stop now
18:26:40:180  Rank 0001    INFO at /home/lzy/projects/mirheo_starter/vendor/Mirheo/src/mirheo/core/postproc.cpp:111 Postprocess is listening to messages now
18:26:40:380  Rank 0001    INFO at /home/lzy/projects/mirheo_starter/vendor/Mirheo/src/mirheo/core/postproc.cpp:122 Postprocess got a stopping message and will stop now
18:26:40:387  Rank 0001    INFO at /home/lzy/projects/mirheo_starter/vendor/Mirheo/src/mirheo/core/postproc.cpp:111 Postprocess is listening to messages now
18:26:40:580  Rank 0001    INFO at /home/lzy/projects/mirheo_starter/vendor/Mirheo/src/mirheo/core/postproc.cpp:122 Postprocess got a stopping message and will stop now
18:26:40:585  Rank 0001    INFO at /home/lzy/projects/mirheo_starter/vendor/Mirheo/src/mirheo/core/postproc.cpp:111 Postprocess is listening to messages now
18:26:40:777  Rank 0001    INFO at /home/lzy/projects/mirheo_starter/vendor/Mirheo/src/mirheo/core/postproc.cpp:122 Postprocess got a stopping message and will stop now
18:26:40:782  Rank 0001    INFO at /home/lzy/projects/mirheo_starter/vendor/Mirheo/src/mirheo/core/postproc.cpp:111 Postprocess is listening to messages now
18:26:40:967  Rank 0001    INFO at /home/lzy/projects/mirheo_starter/vendor/Mirheo/src/mirheo/core/postproc.cpp:122 Postprocess got a stopping message and will stop now
18:26:40:973  Rank 0001    INFO at /home/lzy/projects/mirheo_starter/vendor/Mirheo/src/mirheo/core/postproc.cpp:111 Postprocess is listening to messages now
18:26:41:169  Rank 0001    INFO at /home/lzy/projects/mirheo_starter/vendor/Mirheo/src/mirheo/core/postproc.cpp:122 Postprocess got a stopping message and will stop now
18:26:41:176  Rank 0001    INFO at /home/lzy/projects/mirheo_starter/vendor/Mirheo/src/mirheo/core/postproc.cpp:111 Postprocess is listening to messages now
18:26:41:371  Rank 0001    INFO at /home/lzy/projects/mirheo_starter/vendor/Mirheo/src/mirheo/core/postproc.cpp:122 Postprocess got a stopping message and will stop now
18:26:41:377  Rank 0001    INFO at /home/lzy/projects/mirheo_starter/vendor/Mirheo/src/mirheo/core/postproc.cpp:111 Postprocess is listening to messages now
18:26:41:574  Rank 0001    INFO at /home/lzy/projects/mirheo_starter/vendor/Mirheo/src/mirheo/core/postproc.cpp:122 Postprocess got a stopping message and will stop now
18:26:41:579  Rank 0001    INFO at /home/lzy/projects/mirheo_starter/vendor/Mirheo/src/mirheo/core/postproc.cpp:111 Postprocess is listening to messages now
18:26:41:767  Rank 0001    INFO at /home/lzy/projects/mirheo_starter/vendor/Mirheo/src/mirheo/core/postproc.cpp:122 Postprocess got a stopping message and will stop now
18:26:41:772  Rank 0001    INFO at /home/lzy/projects/mirheo_starter/vendor/Mirheo/src/mirheo/core/postproc.cpp:111 Postprocess is listening to messages now
18:26:41:970  Rank 0001    INFO at /home/lzy/projects/mirheo_starter/vendor/Mirheo/src/mirheo/core/postproc.cpp:122 Postprocess got a stopping message and will stop now
18:26:41:975  Rank 0001    INFO at /home/lzy/projects/mirheo_starter/vendor/Mirheo/src/mirheo/core/postproc.cpp:111 Postprocess is listening to messages now
18:26:42:165  Rank 0001    INFO at /home/lzy/projects/mirheo_starter/vendor/Mirheo/src/mirheo/core/postproc.cpp:122 Postprocess got a stopping message and will stop now
18:26:42:170  Rank 0001    INFO at /home/lzy/projects/mirheo_starter/vendor/Mirheo/src/mirheo/core/postproc.cpp:111 Postprocess is listening to messages now
18:26:42:362  Rank 0001    INFO at /home/lzy/projects/mirheo_starter/vendor/Mirheo/src/mirheo/core/postproc.cpp:122 Postprocess got a stopping message and will stop now
18:26:42:367  Rank 0001    INFO at /home/lzy/projects/mirheo_starter/vendor/Mirheo/src/mirheo/core/postproc.cpp:111 Postprocess is listening to messages now
18:26:42:567  Rank 0001    INFO at /home/lzy/projects/mirheo_starter/vendor/Mirheo/src/mirheo/core/postproc.cpp:122 Postprocess got a stopping message and will stop now
18:26:42:573  Rank 0001    INFO at /home/lzy/projects/mirheo_starter/vendor/Mirheo/src/mirheo/core/postproc.cpp:111 Postprocess is listening to messages now
18:26:42:760  Rank 0001    INFO at /home/lzy/projects/mirheo_starter/vendor/Mirheo/src/mirheo/core/postproc.cpp:122 Postprocess got a stopping message and will stop now
18:26:42:766  Rank 0001    INFO at /home/lzy/projects/mirheo_starter/vendor/Mirheo/src/mirheo/core/postproc.cpp:111 Postprocess is listening to messages now
18:26:42:958  Rank 0001    INFO at /home/lzy/projects/mirheo_starter/vendor/Mirheo/src/mirheo/core/postproc.cpp:122 Postprocess got a stopping message and will stop now
18:26:42:963  Rank 0001    INFO at /home/lzy/projects/mirheo_starter/vendor/Mirheo/src/mirheo/core/postproc.cpp:111 Postprocess is listening to messages now
18:26:43:151  Rank 0001    INFO at /home/lzy/projects/mirheo_starter/vendor/Mirheo/src/mirheo/core/postproc.cpp:122 Postprocess got a stopping message and will stop now
18:26:43:156  Rank 0001    INFO at /home/lzy/projects/mirheo_starter/vendor/Mirheo/src/mirheo/core/postproc.cpp:111 Postprocess is listening to messages now
18:26:43:346  Rank 0001    INFO at /home/lzy/projects/mirheo_starter/vendor/Mirheo/src/mirheo/core/postproc.cpp:122 Postprocess got a stopping message and will stop now
18:26:43:354  Rank 0001    INFO at /home/lzy/projects/mirheo_starter/vendor/Mirheo/src/mirheo/core/postproc.cpp:111 Postprocess is listening to messages now
18:26:43:539  Rank 0001    INFO at /home/lzy/projects/mirheo_starter/vendor/Mirheo/src/mirheo/core/postproc.cpp:122 Postprocess got a stopping message and will stop now
18:26:43:545  Rank 0001    INFO at /home/lzy/projects/mirheo_starter/vendor/Mirheo/src/mirheo/core/postproc.cpp:111 Postprocess is listening to messages now
18:26:43:733  Rank 0001    INFO at /home/lzy/projects/mirheo_starter/vendor/Mirheo/src/mirheo/core/postproc.cpp:122 Postprocess got a stopping message and will stop now
18:26:43:742  Rank 0001    INFO at /home/lzy/projects/mirheo_starter/vendor/Mirheo/src/mirheo/core/postproc.cpp:111 Postprocess is listening to messages now
18:26:43:935  Rank 0001    INFO at /home/lzy/projects/mirheo_starter/vendor/Mirheo/src/mirheo/core/postproc.cpp:122 Postprocess got a stopping message and will stop now
18:26:43:940  Rank 0001    INFO at /home/lzy/projects/mirheo_starter/vendor/Mirheo/src/mirheo/core/postproc.cpp:111 Postprocess is listening to messages now
18:26:44:134  Rank 0001    INFO at /home/lzy/projects/mirheo_starter/vendor/Mirheo/src/mirheo/core/postproc.cpp:122 Postprocess got a stopping message and will stop now
18:26:44:140  Rank 0001    INFO at /home/lzy/projects/mirheo_starter/vendor/Mirheo/src/mirheo/core/postproc.cpp:111 Postprocess is listening to messages now
18:26:44:339  Rank 0001    INFO at /home/lzy/projects/mirheo_starter/vendor/Mirheo/src/mirheo/core/postproc.cpp:122 Postprocess got a stopping message and will stop now
18:26:44:344  Rank 0001    INFO at /home/lzy/projects/mirheo_starter/vendor/Mirheo/src/mirheo/core/postproc.cpp:111 Postprocess is listening to messages now
18:26:44:536  Rank 0001    INFO at /home/lzy/projects/mirheo_starter/vendor/Mirheo/src/mirheo/core/postproc.cpp:122 Postprocess got a stopping message and will stop now
18:26:44:541  Rank 0001    INFO at /home/lzy/projects/mirheo_starter/vendor/Mirheo/src/mirheo/core/postproc.cpp:111 Postprocess is listening to messages now
18:26:44:738  Rank 0001    INFO at /home/lzy/projects/mirheo_starter/vendor/Mirheo/src/mirheo/core/postproc.cpp:122 Postprocess got a stopping message and will stop now
18:26:44:747  Rank 0001    INFO at /home/lzy/projects/mirheo_starter/vendor/Mirheo/src/mirheo/core/postproc.cpp:111 Postprocess is listening to messages now
18:26:44:942  Rank 0001    INFO at /home/lzy/projects/mirheo_starter/vendor/Mirheo/src/mirheo/core/postproc.cpp:122 Postprocess got a stopping message and will stop now
18:26:44:951  Rank 0001    INFO at /home/lzy/projects/mirheo_starter/vendor/Mirheo/src/mirheo/core/postproc.cpp:111 Postprocess is listening to messages now
18:26:45:141  Rank 0001    INFO at /home/lzy/projects/mirheo_starter/vendor/Mirheo/src/mirheo/core/postproc.cpp:122 Postprocess got a stopping message and will stop now
18:26:45:147  Rank 0001    INFO at /home/lzy/projects/mirheo_starter/vendor/Mirheo/src/mirheo/core/postproc.cpp:111 Postprocess is listening to messages now
18:26:45:346  Rank 0001    INFO at /home/lzy/projects/mirheo_starter/vendor/Mirheo/src/mirheo/core/postproc.cpp:122 Postprocess got a stopping message and will stop now
18:26:45:352  Rank 0001    INFO at /home/lzy/projects/mirheo_starter/vendor/Mirheo/src/mirheo/core/postproc.cpp:111 Postprocess is listening to messages now
18:26:45:546  Rank 0001    INFO at /home/lzy/projects/mirheo_starter/vendor/Mirheo/src/mirheo/core/postproc.cpp:122 Postprocess got a stopping message and will stop now
18:26:45:552  Rank 0001    INFO at /home/lzy/projects/mirheo_starter/vendor/Mirheo/src/mirheo/core/postproc.cpp:111 Postprocess is listening to messages now
18:26:45:747  Rank 0001    INFO at /home/lzy/projects/mirheo_starter/vendor/Mirheo/src/mirheo/core/postproc.cpp:122 Postprocess got a stopping message and will stop now
18:26:45:753  Rank 0001    INFO at /home/lzy/projects/mirheo_starter/vendor/Mirheo/src/mirheo/core/postproc.cpp:111 Postprocess is listening to messages now
18:26:45:945  Rank 0001    INFO at /home/lzy/projects/mirheo_starter/vendor/Mirheo/src/mirheo/core/postproc.cpp:122 Postprocess got a stopping message and will stop now
18:26:45:951  Rank 0001    INFO at /home/lzy/projects/mirheo_starter/vendor/Mirheo/src/mirheo/core/postproc.cpp:111 Postprocess is listening to messages now
18:26:46:143  Rank 0001    INFO at /home/lzy/projects/mirheo_starter/vendor/Mirheo/src/mirheo/core/postproc.cpp:122 Postprocess got a stopping message and will stop now
18:26:46:148  Rank 0001    INFO at /home/lzy/projects/mirheo_starter/vendor/Mirheo/src/mirheo/core/postproc.cpp:111 Postprocess is listening to messages now
18:26:46:341  Rank 0001    INFO at /home/lzy/projects/mirheo_starter/vendor/Mirheo/src/mirheo/core/postproc.cpp:122 Postprocess got a stopping message and will stop now
18:26:46:346  Rank 0001    INFO at /home/lzy/projects/mirheo_starter/vendor/Mirheo/src/mirheo/core/postproc.cpp:111 Postprocess is listening to messages now
18:26:46:549  Rank 0001    INFO at /home/lzy/projects/mirheo_starter/vendor/Mirheo/src/mirheo/core/postproc.cpp:122 Postprocess got a stopping message and will stop now
18:26:46:555  Rank 0001    INFO at /home/lzy/projects/mirheo_starter/vendor/Mirheo/src/mirheo/core/postproc.cpp:111 Postprocess is listening to messages now
18:26:46:748  Rank 0001    INFO at /home/lzy/projects/mirheo_starter/vendor/Mirheo/src/mirheo/core/postproc.cpp:122 Postprocess got a stopping message and will stop now
18:26:46:753  Rank 0001    INFO at /home/lzy/projects/mirheo_starter/vendor/Mirheo/src/mirheo/core/postproc.cpp:111 Postprocess is listening to messages now
18:26:46:946  Rank 0001    INFO at /home/lzy/projects/mirheo_starter/vendor/Mirheo/src/mirheo/core/postproc.cpp:122 Postprocess got a stopping message and will stop now
18:26:46:953  Rank 0001    INFO at /home/lzy/projects/mirheo_starter/vendor/Mirheo/src/mirheo/core/postproc.cpp:111 Postprocess is listening to messages now
18:26:47:152  Rank 0001    INFO at /home/lzy/projects/mirheo_starter/vendor/Mirheo/src/mirheo/core/postproc.cpp:122 Postprocess got a stopping message and will stop now
18:26:47:158  Rank 0001    INFO at /home/lzy/projects/mirheo_starter/vendor/Mirheo/src/mirheo/core/postproc.cpp:111 Postprocess is listening to messages now
18:26:47:344  Rank 0001    INFO at /home/lzy/projects/mirheo_starter/vendor/Mirheo/src/mirheo/core/postproc.cpp:122 Postprocess got a stopping message and will stop now
18:26:47:349  Rank 0001    INFO at /home/lzy/projects/mirheo_starter/vendor/Mirheo/src/mirheo/core/postproc.cpp:111 Postprocess is listening to messages now
18:26:47:541  Rank 0001    INFO at /home/lzy/projects/mirheo_starter/vendor/Mirheo/src/mirheo/core/postproc.cpp:122 Postprocess got a stopping message and will stop now
18:26:47:547  Rank 0001    INFO at /home/lzy/projects/mirheo_starter/vendor/Mirheo/src/mirheo/core/postproc.cpp:111 Postprocess is listening to messages now
18:26:47:733  Rank 0001    INFO at /home/lzy/projects/mirheo_starter/vendor/Mirheo/src/mirheo/core/postproc.cpp:122 Postprocess got a stopping message and will stop now
18:26:47:738  Rank 0001    INFO at /home/lzy/projects/mirheo_starter/vendor/Mirheo/src/mirheo/core/postproc.cpp:111 Postprocess is listening to messages now
18:26:47:931  Rank 0001    INFO at /home/lzy/projects/mirheo_starter/vendor/Mirheo/src/mirheo/core/postproc.cpp:122 Postprocess got a stopping message and will stop now
18:26:47:936  Rank 0001    INFO at /home/lzy/projects/mirheo_starter/vendor/Mirheo/src/mirheo/core/postproc.cpp:111 Postprocess is listening to messages now
18:26:48:124  Rank 0001    INFO at /home/lzy/projects/mirheo_starter/vendor/Mirheo/src/mirheo/core/postproc.cpp:122 Postprocess got a stopping message and will stop now
18:26:48:130  Rank 0001    INFO at /home/lzy/projects/mirheo_starter/vendor/Mirheo/src/mirheo/core/postproc.cpp:111 Postprocess is listening to messages now
18:26:48:321  Rank 0001    INFO at /home/lzy/projects/mirheo_starter/vendor/Mirheo/src/mirheo/core/postproc.cpp:122 Postprocess got a stopping message and will stop now
18:26:48:326  Rank 0001    INFO at /home/lzy/projects/mirheo_starter/vendor/Mirheo/src/mirheo/core/postproc.cpp:111 Postprocess is listening to messages now
18:26:48:509  Rank 0001    INFO at /home/lzy/projects/mirheo_starter/vendor/Mirheo/src/mirheo/core/postproc.cpp:122 Postprocess got a stopping message and will stop now
18:26:48:515  Rank 0001    INFO at /home/lzy/projects/mirheo_starter/vendor/Mirheo/src/mirheo/core/postproc.cpp:111 Postprocess is listening to messages now
18:26:48:704  Rank 0001    INFO at /home/lzy/projects/mirheo_starter/vendor/Mirheo/src/mirheo/core/postproc.cpp:122 Postprocess got a stopping message and will stop now
18:26:48:710  Rank 0001    INFO at /home/lzy/projects/mirheo_starter/vendor/Mirheo/src/mirheo/core/postproc.cpp:111 Postprocess is listening to messages now
18:26:48:889  Rank 0001    INFO at /home/lzy/projects/mirheo_starter/vendor/Mirheo/src/mirheo/core/postproc.cpp:122 Postprocess got a stopping message and will stop now
18:26:48:894  Rank 0001    INFO at /home/lzy/projects/mirheo_starter/vendor/Mirheo/src/mirheo/core/postproc.cpp:111 Postprocess is listening to messages now
18:26:49:072  Rank 0001    INFO at /home/lzy/projects/mirheo_starter/vendor/Mirheo/src/mirheo/core/postproc.cpp:122 Postprocess got a stopping message and will stop now
18:26:49:078  Rank 0001    INFO at /home/lzy/projects/mirheo_starter/vendor/Mirheo/src/mirheo/core/postproc.cpp:111 Postprocess is listening to messages now
18:26:49:270  Rank 0001    INFO at /home/lzy/projects/mirheo_starter/vendor/Mirheo/src/mirheo/core/postproc.cpp:122 Postprocess got a stopping message and will stop now
18:26:49:275  Rank 0001    INFO at /home/lzy/projects/mirheo_starter/vendor/Mirheo/src/mirheo/core/postproc.cpp:111 Postprocess is listening to messages now
18:26:49:460  Rank 0001    INFO at /home/lzy/projects/mirheo_starter/vendor/Mirheo/src/mirheo/core/postproc.cpp:122 Postprocess got a stopping message and will stop now
18:26:49:466  Rank 0001    INFO at /home/lzy/projects/mirheo_starter/vendor/Mirheo/src/mirheo/core/postproc.cpp:111 Postprocess is listening to messages now
18:26:49:672  Rank 0001    INFO at /home/lzy/projects/mirheo_starter/vendor/Mirheo/src/mirheo/core/postproc.cpp:122 Postprocess got a stopping message and will stop now
18:26:49:677  Rank 0001    INFO at /home/lzy/projects/mirheo_starter/vendor/Mirheo/src/mirheo/core/postproc.cpp:111 Postprocess is listening to messages now
18:26:49:871  Rank 0001    INFO at /home/lzy/projects/mirheo_starter/vendor/Mirheo/src/mirheo/core/postproc.cpp:122 Postprocess got a stopping message and will stop now
18:26:49:880  Rank 0001    INFO at /home/lzy/projects/mirheo_starter/vendor/Mirheo/src/mirheo/core/postproc.cpp:111 Postprocess is listening to messages now
18:26:50:065  Rank 0001    INFO at /home/lzy/projects/mirheo_starter/vendor/Mirheo/src/mirheo/core/postproc.cpp:122 Postprocess got a stopping message and will stop now
18:26:50:071  Rank 0001    INFO at /home/lzy/projects/mirheo_starter/vendor/Mirheo/src/mirheo/core/postproc.cpp:111 Postprocess is listening to messages now
18:26:50:258  Rank 0001    INFO at /home/lzy/projects/mirheo_starter/vendor/Mirheo/src/mirheo/core/postproc.cpp:122 Postprocess got a stopping message and will stop now
18:26:50:264  Rank 0001    INFO at /home/lzy/projects/mirheo_starter/vendor/Mirheo/src/mirheo/core/postproc.cpp:111 Postprocess is listening to messages now
18:26:50:451  Rank 0001    INFO at /home/lzy/projects/mirheo_starter/vendor/Mirheo/src/mirheo/core/postproc.cpp:122 Postprocess got a stopping message and will stop now
18:26:50:456  Rank 0001    INFO at /home/lzy/projects/mirheo_starter/vendor/Mirheo/src/mirheo/core/postproc.cpp:111 Postprocess is listening to messages now
18:26:50:642  Rank 0001    INFO at /home/lzy/projects/mirheo_starter/vendor/Mirheo/src/mirheo/core/postproc.cpp:122 Postprocess got a stopping message and will stop now
18:26:50:648  Rank 0001    INFO at /home/lzy/projects/mirheo_starter/vendor/Mirheo/src/mirheo/core/postproc.cpp:111 Postprocess is listening to messages now
18:26:50:835  Rank 0001    INFO at /home/lzy/projects/mirheo_starter/vendor/Mirheo/src/mirheo/core/postproc.cpp:122 Postprocess got a stopping message and will stop now
18:26:50:842  Rank 0001    INFO at /home/lzy/projects/mirheo_starter/vendor/Mirheo/src/mirheo/core/postproc.cpp:111 Postprocess is listening to messages now
18:26:51:035  Rank 0001    INFO at /home/lzy/projects/mirheo_starter/vendor/Mirheo/src/mirheo/core/postproc.cpp:122 Postprocess got a stopping message and will stop now
18:26:51:040  Rank 0001    INFO at /home/lzy/projects/mirheo_starter/vendor/Mirheo/src/mirheo/core/postproc.cpp:111 Postprocess is listening to messages now
18:26:51:241  Rank 0001    INFO at /home/lzy/projects/mirheo_starter/vendor/Mirheo/src/mirheo/core/postproc.cpp:122 Postprocess got a stopping message and will stop now
18:26:51:247  Rank 0001    INFO at /home/lzy/projects/mirheo_starter/vendor/Mirheo/src/mirheo/core/postproc.cpp:111 Postprocess is listening to messages now
18:26:51:433  Rank 0001    INFO at /home/lzy/projects/mirheo_starter/vendor/Mirheo/src/mirheo/core/postproc.cpp:122 Postprocess got a stopping message and will stop now
18:26:51:441  Rank 0001    INFO at /home/lzy/projects/mirheo_starter/vendor/Mirheo/src/mirheo/core/postproc.cpp:111 Postprocess is listening to messages now
18:26:51:631  Rank 0001    INFO at /home/lzy/projects/mirheo_starter/vendor/Mirheo/src/mirheo/core/postproc.cpp:122 Postprocess got a stopping message and will stop now
18:26:51:636  Rank 0001    INFO at /home/lzy/projects/mirheo_starter/vendor/Mirheo/src/mirheo/core/postproc.cpp:111 Postprocess is listening to messages now
18:26:51:831  Rank 0001    INFO at /home/lzy/projects/mirheo_starter/vendor/Mirheo/src/mirheo/core/postproc.cpp:122 Postprocess got a stopping message and will stop now
18:26:51:836  Rank 0001    INFO at /home/lzy/projects/mirheo_starter/vendor/Mirheo/src/mirheo/core/postproc.cpp:111 Postprocess is listening to messages now
18:26:52:032  Rank 0001    INFO at /home/lzy/projects/mirheo_starter/vendor/Mirheo/src/mirheo/core/postproc.cpp:122 Postprocess got a stopping message and will stop now
18:26:52:039  Rank 0001    INFO at /home/lzy/projects/mirheo_starter/vendor/Mirheo/src/mirheo/core/postproc.cpp:111 Postprocess is listening to messages now
18:26:52:228  Rank 0001    INFO at /home/lzy/projects/mirheo_starter/vendor/Mirheo/src/mirheo/core/postproc.cpp:122 Postprocess got a stopping message and will stop now
18:26:52:235  Rank 0001    INFO at /home/lzy/projects/mirheo_starter/vendor/Mirheo/src/mirheo/core/postproc.cpp:111 Postprocess is listening to messages now
18:26:52:429  Rank 0001    INFO at /home/lzy/projects/mirheo_starter/vendor/Mirheo/src/mirheo/core/postproc.cpp:122 Postprocess got a stopping message and will stop now
18:26:52:434  Rank 0001    INFO at /home/lzy/projects/mirheo_starter/vendor/Mirheo/src/mirheo/core/postproc.cpp:111 Postprocess is listening to messages now
18:26:52:630  Rank 0001    INFO at /home/lzy/projects/mirheo_starter/vendor/Mirheo/src/mirheo/core/postproc.cpp:122 Postprocess got a stopping message and will stop now
18:26:52:637  Rank 0001    INFO at /home/lzy/projects/mirheo_starter/vendor/Mirheo/src/mirheo/core/postproc.cpp:111 Postprocess is listening to messages now
18:26:52:829  Rank 0001    INFO at /home/lzy/projects/mirheo_starter/vendor/Mirheo/src/mirheo/core/postproc.cpp:122 Postprocess got a stopping message and will stop now
18:26:52:835  Rank 0001    INFO at /home/lzy/projects/mirheo_starter/vendor/Mirheo/src/mirheo/core/postproc.cpp:111 Postprocess is listening to messages now
18:26:53:029  Rank 0001    INFO at /home/lzy/projects/mirheo_starter/vendor/Mirheo/src/mirheo/core/postproc.cpp:122 Postprocess got a stopping message and will stop now
18:26:53:034  Rank 0001    INFO at /home/lzy/projects/mirheo_starter/vendor/Mirheo/src/mirheo/core/postproc.cpp:111 Postprocess is listening to messages now
18:26:53:234  Rank 0001    INFO at /home/lzy/projects/mirheo_starter/vendor/Mirheo/src/mirheo/core/postproc.cpp:122 Postprocess got a stopping message and will stop now
18:26:53:242  Rank 0001    INFO at /home/lzy/projects/mirheo_starter/vendor/Mirheo/src/mirheo/core/postproc.cpp:111 Postprocess is listening to messages now
18:26:53:442  Rank 0001    INFO at /home/lzy/projects/mirheo_starter/vendor/Mirheo/src/mirheo/core/postproc.cpp:122 Postprocess got a stopping message and will stop now
18:26:53:447  Rank 0001    INFO at /home/lzy/projects/mirheo_starter/vendor/Mirheo/src/mirheo/core/postproc.cpp:111 Postprocess is listening to messages now
18:26:53:635  Rank 0001    INFO at /home/lzy/projects/mirheo_starter/vendor/Mirheo/src/mirheo/core/postproc.cpp:122 Postprocess got a stopping message and will stop now
18:26:53:641  Rank 0001    INFO at /home/lzy/projects/mirheo_starter/vendor/Mirheo/src/mirheo/core/postproc.cpp:111 Postprocess is listening to messages now
18:26:53:832  Rank 0001    INFO at /home/lzy/projects/mirheo_starter/vendor/Mirheo/src/mirheo/core/postproc.cpp:122 Postprocess got a stopping message and will stop now
18:26:53:837  Rank 0001    INFO at /home/lzy/projects/mirheo_starter/vendor/Mirheo/src/mirheo/core/postproc.cpp:111 Postprocess is listening to messages now
18:26:54:040  Rank 0001    INFO at /home/lzy/projects/mirheo_starter/vendor/Mirheo/src/mirheo/core/postproc.cpp:122 Postprocess got a stopping message and will stop now
18:26:54:046  Rank 0001    INFO at /home/lzy/projects/mirheo_starter/vendor/Mirheo/src/mirheo/core/postproc.cpp:111 Postprocess is listening to messages now
18:26:54:239  Rank 0001    INFO at /home/lzy/projects/mirheo_starter/vendor/Mirheo/src/mirheo/core/postproc.cpp:122 Postprocess got a stopping message and will stop now
18:26:54:245  Rank 0001    INFO at /home/lzy/projects/mirheo_starter/vendor/Mirheo/src/mirheo/core/postproc.cpp:111 Postprocess is listening to messages now
18:26:54:433  Rank 0001    INFO at /home/lzy/projects/mirheo_starter/vendor/Mirheo/src/mirheo/core/postproc.cpp:122 Postprocess got a stopping message and will stop now
18:26:54:438  Rank 0001    INFO at /home/lzy/projects/mirheo_starter/vendor/Mirheo/src/mirheo/core/postproc.cpp:111 Postprocess is listening to messages now
18:26:54:639  Rank 0001    INFO at /home/lzy/projects/mirheo_starter/vendor/Mirheo/src/mirheo/core/postproc.cpp:122 Postprocess got a stopping message and will stop now
18:26:54:644  Rank 0001    INFO at /home/lzy/projects/mirheo_starter/vendor/Mirheo/src/mirheo/core/postproc.cpp:111 Postprocess is listening to messages now
18:26:54:835  Rank 0001    INFO at /home/lzy/projects/mirheo_starter/vendor/Mirheo/src/mirheo/core/postproc.cpp:122 Postprocess got a stopping message and will stop now
18:26:54:842  Rank 0001    INFO at /home/lzy/projects/mirheo_starter/vendor/Mirheo/src/mirheo/core/postproc.cpp:111 Postprocess is listening to messages now
18:26:55:036  Rank 0001    INFO at /home/lzy/projects/mirheo_starter/vendor/Mirheo/src/mirheo/core/postproc.cpp:122 Postprocess got a stopping message and will stop now
18:26:55:042  Rank 0001    INFO at /home/lzy/projects/mirheo_starter/vendor/Mirheo/src/mirheo/core/postproc.cpp:111 Postprocess is listening to messages now
18:26:55:235  Rank 0001    INFO at /home/lzy/projects/mirheo_starter/vendor/Mirheo/src/mirheo/core/postproc.cpp:122 Postprocess got a stopping message and will stop now
18:26:55:241  Rank 0001    INFO at /home/lzy/projects/mirheo_starter/vendor/Mirheo/src/mirheo/core/postproc.cpp:111 Postprocess is listening to messages now
18:26:55:434  Rank 0001    INFO at /home/lzy/projects/mirheo_starter/vendor/Mirheo/src/mirheo/core/postproc.cpp:122 Postprocess got a stopping message and will stop now
18:26:55:439  Rank 0001    INFO at /home/lzy/projects/mirheo_starter/vendor/Mirheo/src/mirheo/core/postproc.cpp:111 Postprocess is listening to messages now
18:26:55:631  Rank 0001    INFO at /home/lzy/projects/mirheo_starter/vendor/Mirheo/src/mirheo/core/postproc.cpp:122 Postprocess got a stopping message and will stop now
18:26:55:636  Rank 0001    INFO at /home/lzy/projects/mirheo_starter/vendor/Mirheo/src/mirheo/core/postproc.cpp:111 Postprocess is listening to messages now
18:26:55:835  Rank 0001    INFO at /home/lzy/projects/mirheo_starter/vendor/Mirheo/src/mirheo/core/postproc.cpp:122 Postprocess got a stopping message and will stop now
18:26:55:842  Rank 0001    INFO at /home/lzy/projects/mirheo_starter/vendor/Mirheo/src/mirheo/core/postproc.cpp:111 Postprocess is listening to messages now
18:26:56:032  Rank 0001    INFO at /home/lzy/projects/mirheo_starter/vendor/Mirheo/src/mirheo/core/postproc.cpp:122 Postprocess got a stopping message and will stop now
18:26:56:038  Rank 0001    INFO at /home/lzy/projects/mirheo_starter/vendor/Mirheo/src/mirheo/core/postproc.cpp:111 Postprocess is listening to messages now
18:26:56:236  Rank 0001    INFO at /home/lzy/projects/mirheo_starter/vendor/Mirheo/src/mirheo/core/postproc.cpp:122 Postprocess got a stopping message and will stop now
18:26:56:242  Rank 0001    INFO at /home/lzy/projects/mirheo_starter/vendor/Mirheo/src/mirheo/core/postproc.cpp:111 Postprocess is listening to messages now
18:26:56:435  Rank 0001    INFO at /home/lzy/projects/mirheo_starter/vendor/Mirheo/src/mirheo/core/postproc.cpp:122 Postprocess got a stopping message and will stop now
18:26:56:440  Rank 0001    INFO at /home/lzy/projects/mirheo_starter/vendor/Mirheo/src/mirheo/core/postproc.cpp:111 Postprocess is listening to messages now
18:26:56:638  Rank 0001    INFO at /home/lzy/projects/mirheo_starter/vendor/Mirheo/src/mirheo/core/postproc.cpp:122 Postprocess got a stopping message and will stop now
18:26:56:644  Rank 0001    INFO at /home/lzy/projects/mirheo_starter/vendor/Mirheo/src/mirheo/core/postproc.cpp:111 Postprocess is listening to messages now
18:26:56:833  Rank 0001    INFO at /home/lzy/projects/mirheo_starter/vendor/Mirheo/src/mirheo/core/postproc.cpp:122 Postprocess got a stopping message and will stop now
18:26:56:839  Rank 0001    INFO at /home/lzy/projects/mirheo_starter/vendor/Mirheo/src/mirheo/core/postproc.cpp:111 Postprocess is listening to messages now
18:26:57:038  Rank 0001    INFO at /home/lzy/projects/mirheo_starter/vendor/Mirheo/src/mirheo/core/postproc.cpp:122 Postprocess got a stopping message and will stop now
18:26:57:043  Rank 0001    INFO at /home/lzy/projects/mirheo_starter/vendor/Mirheo/src/mirheo/core/postproc.cpp:111 Postprocess is listening to messages now
18:26:57:237  Rank 0001    INFO at /home/lzy/projects/mirheo_starter/vendor/Mirheo/src/mirheo/core/postproc.cpp:122 Postprocess got a stopping message and will stop now
18:26:57:242  Rank 0001    INFO at /home/lzy/projects/mirheo_starter/vendor/Mirheo/src/mirheo/core/postproc.cpp:111 Postprocess is listening to messages now
18:26:57:437  Rank 0001    INFO at /home/lzy/projects/mirheo_starter/vendor/Mirheo/src/mirheo/core/postproc.cpp:122 Postprocess got a stopping message and will stop now
18:26:57:443  Rank 0001    INFO at /home/lzy/projects/mirheo_starter/vendor/Mirheo/src/mirheo/core/postproc.cpp:111 Postprocess is listening to messages now
18:26:57:630  Rank 0001    INFO at /home/lzy/projects/mirheo_starter/vendor/Mirheo/src/mirheo/core/postproc.cpp:122 Postprocess got a stopping message and will stop now
18:26:57:635  Rank 0001    INFO at /home/lzy/projects/mirheo_starter/vendor/Mirheo/src/mirheo/core/postproc.cpp:111 Postprocess is listening to messages now
18:26:57:828  Rank 0001    INFO at /home/lzy/projects/mirheo_starter/vendor/Mirheo/src/mirheo/core/postproc.cpp:122 Postprocess got a stopping message and will stop now
18:26:57:837  Rank 0001    INFO at /home/lzy/projects/mirheo_starter/vendor/Mirheo/src/mirheo/core/postproc.cpp:111 Postprocess is listening to messages now
18:26:58:041  Rank 0001    INFO at /home/lzy/projects/mirheo_starter/vendor/Mirheo/src/mirheo/core/postproc.cpp:122 Postprocess got a stopping message and will stop now
18:26:58:046  Rank 0001    INFO at /home/lzy/projects/mirheo_starter/vendor/Mirheo/src/mirheo/core/postproc.cpp:111 Postprocess is listening to messages now
18:26:58:236  Rank 0001    INFO at /home/lzy/projects/mirheo_starter/vendor/Mirheo/src/mirheo/core/postproc.cpp:122 Postprocess got a stopping message and will stop now
18:26:58:241  Rank 0001    INFO at /home/lzy/projects/mirheo_starter/vendor/Mirheo/src/mirheo/core/postproc.cpp:111 Postprocess is listening to messages now
18:26:58:432  Rank 0001    INFO at /home/lzy/projects/mirheo_starter/vendor/Mirheo/src/mirheo/core/postproc.cpp:122 Postprocess got a stopping message and will stop now
18:26:58:438  Rank 0001    INFO at /home/lzy/projects/mirheo_starter/vendor/Mirheo/src/mirheo/core/postproc.cpp:111 Postprocess is listening to messages now
18:26:58:630  Rank 0001    INFO at /home/lzy/projects/mirheo_starter/vendor/Mirheo/src/mirheo/core/postproc.cpp:122 Postprocess got a stopping message and will stop now
18:26:58:635  Rank 0001    INFO at /home/lzy/projects/mirheo_starter/vendor/Mirheo/src/mirheo/core/postproc.cpp:111 Postprocess is listening to messages now
18:26:58:823  Rank 0001    INFO at /home/lzy/projects/mirheo_starter/vendor/Mirheo/src/mirheo/core/postproc.cpp:122 Postprocess got a stopping message and will stop now
18:26:58:830  Rank 0001    INFO at /home/lzy/projects/mirheo_starter/vendor/Mirheo/src/mirheo/core/postproc.cpp:111 Postprocess is listening to messages now
18:26:59:020  Rank 0001    INFO at /home/lzy/projects/mirheo_starter/vendor/Mirheo/src/mirheo/core/postproc.cpp:122 Postprocess got a stopping message and will stop now
18:26:59:026  Rank 0001    INFO at /home/lzy/projects/mirheo_starter/vendor/Mirheo/src/mirheo/core/postproc.cpp:111 Postprocess is listening to messages now
18:26:59:215  Rank 0001    INFO at /home/lzy/projects/mirheo_starter/vendor/Mirheo/src/mirheo/core/postproc.cpp:122 Postprocess got a stopping message and will stop now
18:26:59:222  Rank 0001    INFO at /home/lzy/projects/mirheo_starter/vendor/Mirheo/src/mirheo/core/postproc.cpp:111 Postprocess is listening to messages now
18:26:59:410  Rank 0001    INFO at /home/lzy/projects/mirheo_starter/vendor/Mirheo/src/mirheo/core/postproc.cpp:122 Postprocess got a stopping message and will stop now
18:26:59:415  Rank 0001    INFO at /home/lzy/projects/mirheo_starter/vendor/Mirheo/src/mirheo/core/postproc.cpp:111 Postprocess is listening to messages now
18:26:59:604  Rank 0001    INFO at /home/lzy/projects/mirheo_starter/vendor/Mirheo/src/mirheo/core/postproc.cpp:122 Postprocess got a stopping message and will stop now
18:26:59:609  Rank 0001    INFO at /home/lzy/projects/mirheo_starter/vendor/Mirheo/src/mirheo/core/postproc.cpp:111 Postprocess is listening to messages now
18:26:59:801  Rank 0001    INFO at /home/lzy/projects/mirheo_starter/vendor/Mirheo/src/mirheo/core/postproc.cpp:122 Postprocess got a stopping message and will stop now
18:26:59:806  Rank 0001    INFO at /home/lzy/projects/mirheo_starter/vendor/Mirheo/src/mirheo/core/postproc.cpp:111 Postprocess is listening to messages now
18:26:59:991  Rank 0001    INFO at /home/lzy/projects/mirheo_starter/vendor/Mirheo/src/mirheo/core/postproc.cpp:122 Postprocess got a stopping message and will stop now
18:26:59:997  Rank 0001    INFO at /home/lzy/projects/mirheo_starter/vendor/Mirheo/src/mirheo/core/postproc.cpp:111 Postprocess is listening to messages now
18:27:00:198  Rank 0001    INFO at /home/lzy/projects/mirheo_starter/vendor/Mirheo/src/mirheo/core/postproc.cpp:122 Postprocess got a stopping message and will stop now
18:27:00:203  Rank 0001    INFO at /home/lzy/projects/mirheo_starter/vendor/Mirheo/src/mirheo/core/postproc.cpp:111 Postprocess is listening to messages now
18:27:00:396  Rank 0001    INFO at /home/lzy/projects/mirheo_starter/vendor/Mirheo/src/mirheo/core/postproc.cpp:122 Postprocess got a stopping message and will stop now
18:27:00:402  Rank 0001    INFO at /home/lzy/projects/mirheo_starter/vendor/Mirheo/src/mirheo/core/postproc.cpp:111 Postprocess is listening to messages now
18:27:00:594  Rank 0001    INFO at /home/lzy/projects/mirheo_starter/vendor/Mirheo/src/mirheo/core/postproc.cpp:122 Postprocess got a stopping message and will stop now
18:27:00:599  Rank 0001    INFO at /home/lzy/projects/mirheo_starter/vendor/Mirheo/src/mirheo/core/postproc.cpp:111 Postprocess is listening to messages now
18:27:00:786  Rank 0001    INFO at /home/lzy/projects/mirheo_starter/vendor/Mirheo/src/mirheo/core/postproc.cpp:122 Postprocess got a stopping message and will stop now
18:27:00:793  Rank 0001    INFO at /home/lzy/projects/mirheo_starter/vendor/Mirheo/src/mirheo/core/postproc.cpp:111 Postprocess is listening to messages now
18:27:00:988  Rank 0001    INFO at /home/lzy/projects/mirheo_starter/vendor/Mirheo/src/mirheo/core/postproc.cpp:122 Postprocess got a stopping message and will stop now
18:27:00:993  Rank 0001    INFO at /home/lzy/projects/mirheo_starter/vendor/Mirheo/src/mirheo/core/postproc.cpp:111 Postprocess is listening to messages now
18:27:01:190  Rank 0001    INFO at /home/lzy/projects/mirheo_starter/vendor/Mirheo/src/mirheo/core/postproc.cpp:122 Postprocess got a stopping message and will stop now
18:27:01:195  Rank 0001    INFO at /home/lzy/projects/mirheo_starter/vendor/Mirheo/src/mirheo/core/postproc.cpp:111 Postprocess is listening to messages now
18:27:01:382  Rank 0001    INFO at /home/lzy/projects/mirheo_starter/vendor/Mirheo/src/mirheo/core/postproc.cpp:122 Postprocess got a stopping message and will stop now
18:27:01:387  Rank 0001    INFO at /home/lzy/projects/mirheo_starter/vendor/Mirheo/src/mirheo/core/postproc.cpp:111 Postprocess is listening to messages now
18:27:01:577  Rank 0001    INFO at /home/lzy/projects/mirheo_starter/vendor/Mirheo/src/mirheo/core/postproc.cpp:122 Postprocess got a stopping message and will stop now
18:27:01:582  Rank 0001    INFO at /home/lzy/projects/mirheo_starter/vendor/Mirheo/src/mirheo/core/postproc.cpp:111 Postprocess is listening to messages now
18:27:01:766  Rank 0001    INFO at /home/lzy/projects/mirheo_starter/vendor/Mirheo/src/mirheo/core/postproc.cpp:122 Postprocess got a stopping message and will stop now
18:27:01:773  Rank 0001    INFO at /home/lzy/projects/mirheo_starter/vendor/Mirheo/src/mirheo/core/postproc.cpp:111 Postprocess is listening to messages now
18:27:01:965  Rank 0001    INFO at /home/lzy/projects/mirheo_starter/vendor/Mirheo/src/mirheo/core/postproc.cpp:122 Postprocess got a stopping message and will stop now
18:27:01:971  Rank 0001    INFO at /home/lzy/projects/mirheo_starter/vendor/Mirheo/src/mirheo/core/postproc.cpp:111 Postprocess is listening to messages now
18:27:02:161  Rank 0001    INFO at /home/lzy/projects/mirheo_starter/vendor/Mirheo/src/mirheo/core/postproc.cpp:122 Postprocess got a stopping message and will stop now
18:27:02:166  Rank 0001    INFO at /home/lzy/projects/mirheo_starter/vendor/Mirheo/src/mirheo/core/postproc.cpp:111 Postprocess is listening to messages now
18:27:02:363  Rank 0001    INFO at /home/lzy/projects/mirheo_starter/vendor/Mirheo/src/mirheo/core/postproc.cpp:122 Postprocess got a stopping message and will stop now
18:27:02:370  Rank 0001    INFO at /home/lzy/projects/mirheo_starter/vendor/Mirheo/src/mirheo/core/postproc.cpp:111 Postprocess is listening to messages now
18:27:02:564  Rank 0001    INFO at /home/lzy/projects/mirheo_starter/vendor/Mirheo/src/mirheo/core/postproc.cpp:122 Postprocess got a stopping message and will stop now
18:27:02:570  Rank 0001    INFO at /home/lzy/projects/mirheo_starter/vendor/Mirheo/src/mirheo/core/postproc.cpp:111 Postprocess is listening to messages now
18:27:02:764  Rank 0001    INFO at /home/lzy/projects/mirheo_starter/vendor/Mirheo/src/mirheo/core/postproc.cpp:122 Postprocess got a stopping message and will stop now
18:27:02:769  Rank 0001    INFO at /home/lzy/projects/mirheo_starter/vendor/Mirheo/src/mirheo/core/postproc.cpp:111 Postprocess is listening to messages now
18:27:02:962  Rank 0001    INFO at /home/lzy/projects/mirheo_starter/vendor/Mirheo/src/mirheo/core/postproc.cpp:122 Postprocess got a stopping message and will stop now
18:27:02:968  Rank 0001    INFO at /home/lzy/projects/mirheo_starter/vendor/Mirheo/src/mirheo/core/postproc.cpp:111 Postprocess is listening to messages now
18:27:03:168  Rank 0001    INFO at /home/lzy/projects/mirheo_starter/vendor/Mirheo/src/mirheo/core/postproc.cpp:122 Postprocess got a stopping message and will stop now
18:27:03:174  Rank 0001    INFO at /home/lzy/projects/mirheo_starter/vendor/Mirheo/src/mirheo/core/postproc.cpp:111 Postprocess is listening to messages now
18:27:03:360  Rank 0001    INFO at /home/lzy/projects/mirheo_starter/vendor/Mirheo/src/mirheo/core/postproc.cpp:122 Postprocess got a stopping message and will stop now
18:27:03:366  Rank 0001    INFO at /home/lzy/projects/mirheo_starter/vendor/Mirheo/src/mirheo/core/postproc.cpp:111 Postprocess is listening to messages now
18:27:03:557  Rank 0001    INFO at /home/lzy/projects/mirheo_starter/vendor/Mirheo/src/mirheo/core/postproc.cpp:122 Postprocess got a stopping message and will stop now
18:27:03:564  Rank 0001    INFO at /home/lzy/projects/mirheo_starter/vendor/Mirheo/src/mirheo/core/postproc.cpp:111 Postprocess is listening to messages now
18:27:03:751  Rank 0001    INFO at /home/lzy/projects/mirheo_starter/vendor/Mirheo/src/mirheo/core/postproc.cpp:122 Postprocess got a stopping message and will stop now
18:27:03:756  Rank 0001    INFO at /home/lzy/projects/mirheo_starter/vendor/Mirheo/src/mirheo/core/postproc.cpp:111 Postprocess is listening to messages now
18:27:03:954  Rank 0001    INFO at /home/lzy/projects/mirheo_starter/vendor/Mirheo/src/mirheo/core/postproc.cpp:122 Postprocess got a stopping message and will stop now
18:27:03:959  Rank 0001    INFO at /home/lzy/projects/mirheo_starter/vendor/Mirheo/src/mirheo/core/postproc.cpp:111 Postprocess is listening to messages now
18:27:04:160  Rank 0001    INFO at /home/lzy/projects/mirheo_starter/vendor/Mirheo/src/mirheo/core/postproc.cpp:122 Postprocess got a stopping message and will stop now
18:27:04:167  Rank 0001    INFO at /home/lzy/projects/mirheo_starter/vendor/Mirheo/src/mirheo/core/postproc.cpp:111 Postprocess is listening to messages now
18:27:04:358  Rank 0001    INFO at /home/lzy/projects/mirheo_starter/vendor/Mirheo/src/mirheo/core/postproc.cpp:122 Postprocess got a stopping message and will stop now
18:27:04:363  Rank 0001    INFO at /home/lzy/projects/mirheo_starter/vendor/Mirheo/src/mirheo/core/postproc.cpp:111 Postprocess is listening to messages now
18:27:04:555  Rank 0001    INFO at /home/lzy/projects/mirheo_starter/vendor/Mirheo/src/mirheo/core/postproc.cpp:122 Postprocess got a stopping message and will stop now
18:27:04:560  Rank 0001    INFO at /home/lzy/projects/mirheo_starter/vendor/Mirheo/src/mirheo/core/postproc.cpp:111 Postprocess is listening to messages now
18:27:04:749  Rank 0001    INFO at /home/lzy/projects/mirheo_starter/vendor/Mirheo/src/mirheo/core/postproc.cpp:122 Postprocess got a stopping message and will stop now
18:27:04:758  Rank 0001    INFO at /home/lzy/projects/mirheo_starter/vendor/Mirheo/src/mirheo/core/postproc.cpp:111 Postprocess is listening to messages now
18:27:04:941  Rank 0001    INFO at /home/lzy/projects/mirheo_starter/vendor/Mirheo/src/mirheo/core/postproc.cpp:122 Postprocess got a stopping message and will stop now
18:27:04:946  Rank 0001    INFO at /home/lzy/projects/mirheo_starter/vendor/Mirheo/src/mirheo/core/postproc.cpp:111 Postprocess is listening to messages now
18:27:05:137  Rank 0001    INFO at /home/lzy/projects/mirheo_starter/vendor/Mirheo/src/mirheo/core/postproc.cpp:122 Postprocess got a stopping message and will stop now
18:27:05:143  Rank 0001    INFO at /home/lzy/projects/mirheo_starter/vendor/Mirheo/src/mirheo/core/postproc.cpp:111 Postprocess is listening to messages now
18:27:05:332  Rank 0001    INFO at /home/lzy/projects/mirheo_starter/vendor/Mirheo/src/mirheo/core/postproc.cpp:122 Postprocess got a stopping message and will stop now
18:27:05:337  Rank 0001    INFO at /home/lzy/projects/mirheo_starter/vendor/Mirheo/src/mirheo/core/postproc.cpp:111 Postprocess is listening to messages now
18:27:05:526  Rank 0001    INFO at /home/lzy/projects/mirheo_starter/vendor/Mirheo/src/mirheo/core/postproc.cpp:122 Postprocess got a stopping message and will stop now
18:27:05:531  Rank 0001    INFO at /home/lzy/projects/mirheo_starter/vendor/Mirheo/src/mirheo/core/postproc.cpp:111 Postprocess is listening to messages now
18:27:05:719  Rank 0001    INFO at /home/lzy/projects/mirheo_starter/vendor/Mirheo/src/mirheo/core/postproc.cpp:122 Postprocess got a stopping message and will stop now
18:27:05:725  Rank 0001    INFO at /home/lzy/projects/mirheo_starter/vendor/Mirheo/src/mirheo/core/postproc.cpp:111 Postprocess is listening to messages now
18:27:05:923  Rank 0001    INFO at /home/lzy/projects/mirheo_starter/vendor/Mirheo/src/mirheo/core/postproc.cpp:122 Postprocess got a stopping message and will stop now
18:27:05:929  Rank 0001    INFO at /home/lzy/projects/mirheo_starter/vendor/Mirheo/src/mirheo/core/postproc.cpp:111 Postprocess is listening to messages now
18:27:06:112  Rank 0001    INFO at /home/lzy/projects/mirheo_starter/vendor/Mirheo/src/mirheo/core/postproc.cpp:122 Postprocess got a stopping message and will stop now
18:27:06:117  Rank 0001    INFO at /home/lzy/projects/mirheo_starter/vendor/Mirheo/src/mirheo/core/postproc.cpp:111 Postprocess is listening to messages now
18:27:06:302  Rank 0001    INFO at /home/lzy/projects/mirheo_starter/vendor/Mirheo/src/mirheo/core/postproc.cpp:122 Postprocess got a stopping message and will stop now
18:27:06:308  Rank 0001    INFO at /home/lzy/projects/mirheo_starter/vendor/Mirheo/src/mirheo/core/postproc.cpp:111 Postprocess is listening to messages now
18:27:06:496  Rank 0001    INFO at /home/lzy/projects/mirheo_starter/vendor/Mirheo/src/mirheo/core/postproc.cpp:122 Postprocess got a stopping message and will stop now
18:27:06:502  Rank 0001    INFO at /home/lzy/projects/mirheo_starter/vendor/Mirheo/src/mirheo/core/postproc.cpp:111 Postprocess is listening to messages now
18:27:06:701  Rank 0001    INFO at /home/lzy/projects/mirheo_starter/vendor/Mirheo/src/mirheo/core/postproc.cpp:122 Postprocess got a stopping message and will stop now
18:27:06:706  Rank 0001    INFO at /home/lzy/projects/mirheo_starter/vendor/Mirheo/src/mirheo/core/postproc.cpp:111 Postprocess is listening to messages now
18:27:06:893  Rank 0001    INFO at /home/lzy/projects/mirheo_starter/vendor/Mirheo/src/mirheo/core/postproc.cpp:122 Postprocess got a stopping message and will stop now
18:27:06:900  Rank 0001    INFO at /home/lzy/projects/mirheo_starter/vendor/Mirheo/src/mirheo/core/postproc.cpp:111 Postprocess is listening to messages now
18:27:07:087  Rank 0001    INFO at /home/lzy/projects/mirheo_starter/vendor/Mirheo/src/mirheo/core/postproc.cpp:122 Postprocess got a stopping message and will stop now
18:27:07:093  Rank 0001    INFO at /home/lzy/projects/mirheo_starter/vendor/Mirheo/src/mirheo/core/postproc.cpp:111 Postprocess is listening to messages now
18:27:07:278  Rank 0001    INFO at /home/lzy/projects/mirheo_starter/vendor/Mirheo/src/mirheo/core/postproc.cpp:122 Postprocess got a stopping message and will stop now
18:27:07:283  Rank 0001    INFO at /home/lzy/projects/mirheo_starter/vendor/Mirheo/src/mirheo/core/postproc.cpp:111 Postprocess is listening to messages now
18:27:07:467  Rank 0001    INFO at /home/lzy/projects/mirheo_starter/vendor/Mirheo/src/mirheo/core/postproc.cpp:122 Postprocess got a stopping message and will stop now
18:27:07:474  Rank 0001    INFO at /home/lzy/projects/mirheo_starter/vendor/Mirheo/src/mirheo/core/postproc.cpp:111 Postprocess is listening to messages now
18:27:07:661  Rank 0001    INFO at /home/lzy/projects/mirheo_starter/vendor/Mirheo/src/mirheo/core/postproc.cpp:122 Postprocess got a stopping message and will stop now
18:27:07:666  Rank 0001    INFO at /home/lzy/projects/mirheo_starter/vendor/Mirheo/src/mirheo/core/postproc.cpp:111 Postprocess is listening to messages now
18:27:07:856  Rank 0001    INFO at /home/lzy/projects/mirheo_starter/vendor/Mirheo/src/mirheo/core/postproc.cpp:122 Postprocess got a stopping message and will stop now
18:27:07:862  Rank 0001    INFO at /home/lzy/projects/mirheo_starter/vendor/Mirheo/src/mirheo/core/postproc.cpp:111 Postprocess is listening to messages now
18:27:08:055  Rank 0001    INFO at /home/lzy/projects/mirheo_starter/vendor/Mirheo/src/mirheo/core/postproc.cpp:122 Postprocess got a stopping message and will stop now
18:27:08:061  Rank 0001    INFO at /home/lzy/projects/mirheo_starter/vendor/Mirheo/src/mirheo/core/postproc.cpp:111 Postprocess is listening to messages now
18:27:08:255  Rank 0001    INFO at /home/lzy/projects/mirheo_starter/vendor/Mirheo/src/mirheo/core/postproc.cpp:122 Postprocess got a stopping message and will stop now
18:27:08:260  Rank 0001    INFO at /home/lzy/projects/mirheo_starter/vendor/Mirheo/src/mirheo/core/postproc.cpp:111 Postprocess is listening to messages now
18:27:08:451  Rank 0001    INFO at /home/lzy/projects/mirheo_starter/vendor/Mirheo/src/mirheo/core/postproc.cpp:122 Postprocess got a stopping message and will stop now
18:27:08:457  Rank 0001    INFO at /home/lzy/projects/mirheo_starter/vendor/Mirheo/src/mirheo/core/postproc.cpp:111 Postprocess is listening to messages now
18:27:08:652  Rank 0001    INFO at /home/lzy/projects/mirheo_starter/vendor/Mirheo/src/mirheo/core/postproc.cpp:122 Postprocess got a stopping message and will stop now
18:27:08:657  Rank 0001    INFO at /home/lzy/projects/mirheo_starter/vendor/Mirheo/src/mirheo/core/postproc.cpp:111 Postprocess is listening to messages now
18:27:08:843  Rank 0001    INFO at /home/lzy/projects/mirheo_starter/vendor/Mirheo/src/mirheo/core/postproc.cpp:122 Postprocess got a stopping message and will stop now
18:27:08:848  Rank 0001    INFO at /home/lzy/projects/mirheo_starter/vendor/Mirheo/src/mirheo/core/postproc.cpp:111 Postprocess is listening to messages now
18:27:09:028  Rank 0001    INFO at /home/lzy/projects/mirheo_starter/vendor/Mirheo/src/mirheo/core/postproc.cpp:122 Postprocess got a stopping message and will stop now
18:27:09:034  Rank 0001    INFO at /home/lzy/projects/mirheo_starter/vendor/Mirheo/src/mirheo/core/postproc.cpp:111 Postprocess is listening to messages now
18:27:09:230  Rank 0001    INFO at /home/lzy/projects/mirheo_starter/vendor/Mirheo/src/mirheo/core/postproc.cpp:122 Postprocess got a stopping message and will stop now
18:27:09:236  Rank 0001    INFO at /home/lzy/projects/mirheo_starter/vendor/Mirheo/src/mirheo/core/postproc.cpp:111 Postprocess is listening to messages now
18:27:09:423  Rank 0001    INFO at /home/lzy/projects/mirheo_starter/vendor/Mirheo/src/mirheo/core/postproc.cpp:122 Postprocess got a stopping message and will stop now
18:27:09:429  Rank 0001    INFO at /home/lzy/projects/mirheo_starter/vendor/Mirheo/src/mirheo/core/postproc.cpp:111 Postprocess is listening to messages now
18:27:09:625  Rank 0001    INFO at /home/lzy/projects/mirheo_starter/vendor/Mirheo/src/mirheo/core/postproc.cpp:122 Postprocess got a stopping message and will stop now
18:27:09:632  Rank 0001    INFO at /home/lzy/projects/mirheo_starter/vendor/Mirheo/src/mirheo/core/postproc.cpp:111 Postprocess is listening to messages now
18:27:09:835  Rank 0001    INFO at /home/lzy/projects/mirheo_starter/vendor/Mirheo/src/mirheo/core/postproc.cpp:122 Postprocess got a stopping message and will stop now
18:27:09:841  Rank 0001    INFO at /home/lzy/projects/mirheo_starter/vendor/Mirheo/src/mirheo/core/postproc.cpp:111 Postprocess is listening to messages now
18:27:10:039  Rank 0001    INFO at /home/lzy/projects/mirheo_starter/vendor/Mirheo/src/mirheo/core/postproc.cpp:122 Postprocess got a stopping message and will stop now
18:27:10:044  Rank 0001    INFO at /home/lzy/projects/mirheo_starter/vendor/Mirheo/src/mirheo/core/postproc.cpp:111 Postprocess is listening to messages now
18:27:10:229  Rank 0001    INFO at /home/lzy/projects/mirheo_starter/vendor/Mirheo/src/mirheo/core/postproc.cpp:122 Postprocess got a stopping message and will stop now
18:27:10:234  Rank 0001    INFO at /home/lzy/projects/mirheo_starter/vendor/Mirheo/src/mirheo/core/postproc.cpp:111 Postprocess is listening to messages now
18:27:10:427  Rank 0001    INFO at /home/lzy/projects/mirheo_starter/vendor/Mirheo/src/mirheo/core/postproc.cpp:122 Postprocess got a stopping message and will stop now
18:27:10:433  Rank 0001    INFO at /home/lzy/projects/mirheo_starter/vendor/Mirheo/src/mirheo/core/postproc.cpp:111 Postprocess is listening to messages now
18:27:10:622  Rank 0001    INFO at /home/lzy/projects/mirheo_starter/vendor/Mirheo/src/mirheo/core/postproc.cpp:122 Postprocess got a stopping message and will stop now
18:27:10:630  Rank 0001    INFO at /home/lzy/projects/mirheo_starter/vendor/Mirheo/src/mirheo/core/postproc.cpp:111 Postprocess is listening to messages now
18:27:10:821  Rank 0001    INFO at /home/lzy/projects/mirheo_starter/vendor/Mirheo/src/mirheo/core/postproc.cpp:122 Postprocess got a stopping message and will stop now
18:27:10:826  Rank 0001    INFO at /home/lzy/projects/mirheo_starter/vendor/Mirheo/src/mirheo/core/postproc.cpp:111 Postprocess is listening to messages now
18:27:11:027  Rank 0001    INFO at /home/lzy/projects/mirheo_starter/vendor/Mirheo/src/mirheo/core/postproc.cpp:122 Postprocess got a stopping message and will stop now
18:27:11:035  Rank 0001    INFO at /home/lzy/projects/mirheo_starter/vendor/Mirheo/src/mirheo/core/postproc.cpp:111 Postprocess is listening to messages now
18:27:11:231  Rank 0001    INFO at /home/lzy/projects/mirheo_starter/vendor/Mirheo/src/mirheo/core/postproc.cpp:122 Postprocess got a stopping message and will stop now
18:27:11:236  Rank 0001    INFO at /home/lzy/projects/mirheo_starter/vendor/Mirheo/src/mirheo/core/postproc.cpp:111 Postprocess is listening to messages now
18:27:11:431  Rank 0001    INFO at /home/lzy/projects/mirheo_starter/vendor/Mirheo/src/mirheo/core/postproc.cpp:122 Postprocess got a stopping message and will stop now
18:27:11:436  Rank 0001    INFO at /home/lzy/projects/mirheo_starter/vendor/Mirheo/src/mirheo/core/postproc.cpp:111 Postprocess is listening to messages now
18:27:11:630  Rank 0001    INFO at /home/lzy/projects/mirheo_starter/vendor/Mirheo/src/mirheo/core/postproc.cpp:122 Postprocess got a stopping message and will stop now
18:27:11:637  Rank 0001    INFO at /home/lzy/projects/mirheo_starter/vendor/Mirheo/src/mirheo/core/postproc.cpp:111 Postprocess is listening to messages now
18:27:11:830  Rank 0001    INFO at /home/lzy/projects/mirheo_starter/vendor/Mirheo/src/mirheo/core/postproc.cpp:122 Postprocess got a stopping message and will stop now
18:27:11:835  Rank 0001    INFO at /home/lzy/projects/mirheo_starter/vendor/Mirheo/src/mirheo/core/postproc.cpp:111 Postprocess is listening to messages now
18:27:12:032  Rank 0001    INFO at /home/lzy/projects/mirheo_starter/vendor/Mirheo/src/mirheo/core/postproc.cpp:122 Postprocess got a stopping message and will stop now
18:27:12:037  Rank 0001    INFO at /home/lzy/projects/mirheo_starter/vendor/Mirheo/src/mirheo/core/postproc.cpp:111 Postprocess is listening to messages now
18:27:12:229  Rank 0001    INFO at /home/lzy/projects/mirheo_starter/vendor/Mirheo/src/mirheo/core/postproc.cpp:122 Postprocess got a stopping message and will stop now
18:27:12:234  Rank 0001    INFO at /home/lzy/projects/mirheo_starter/vendor/Mirheo/src/mirheo/core/postproc.cpp:111 Postprocess is listening to messages now
18:27:12:433  Rank 0001    INFO at /home/lzy/projects/mirheo_starter/vendor/Mirheo/src/mirheo/core/postproc.cpp:122 Postprocess got a stopping message and will stop now
18:27:12:440  Rank 0001    INFO at /home/lzy/projects/mirheo_starter/vendor/Mirheo/src/mirheo/core/postproc.cpp:111 Postprocess is listening to messages now
18:27:12:638  Rank 0001    INFO at /home/lzy/projects/mirheo_starter/vendor/Mirheo/src/mirheo/core/postproc.cpp:122 Postprocess got a stopping message and will stop now
18:27:12:644  Rank 0001    INFO at /home/lzy/projects/mirheo_starter/vendor/Mirheo/src/mirheo/core/postproc.cpp:111 Postprocess is listening to messages now
18:27:12:834  Rank 0001    INFO at /home/lzy/projects/mirheo_starter/vendor/Mirheo/src/mirheo/core/postproc.cpp:122 Postprocess got a stopping message and will stop now
18:27:12:839  Rank 0001    INFO at /home/lzy/projects/mirheo_starter/vendor/Mirheo/src/mirheo/core/postproc.cpp:111 Postprocess is listening to messages now
18:27:13:026  Rank 0001    INFO at /home/lzy/projects/mirheo_starter/vendor/Mirheo/src/mirheo/core/postproc.cpp:122 Postprocess got a stopping message and will stop now
18:27:13:031  Rank 0001    INFO at /home/lzy/projects/mirheo_starter/vendor/Mirheo/src/mirheo/core/postproc.cpp:111 Postprocess is listening to messages now
18:27:13:220  Rank 0001    INFO at /home/lzy/projects/mirheo_starter/vendor/Mirheo/src/mirheo/core/postproc.cpp:122 Postprocess got a stopping message and will stop now
18:27:13:225  Rank 0001    INFO at /home/lzy/projects/mirheo_starter/vendor/Mirheo/src/mirheo/core/postproc.cpp:111 Postprocess is listening to messages now
18:27:13:421  Rank 0001    INFO at /home/lzy/projects/mirheo_starter/vendor/Mirheo/src/mirheo/core/postproc.cpp:122 Postprocess got a stopping message and will stop now
18:27:13:427  Rank 0001    INFO at /home/lzy/projects/mirheo_starter/vendor/Mirheo/src/mirheo/core/postproc.cpp:111 Postprocess is listening to messages now
18:27:13:617  Rank 0001    INFO at /home/lzy/projects/mirheo_starter/vendor/Mirheo/src/mirheo/core/postproc.cpp:122 Postprocess got a stopping message and will stop now
18:27:13:624  Rank 0001    INFO at /home/lzy/projects/mirheo_starter/vendor/Mirheo/src/mirheo/core/postproc.cpp:111 Postprocess is listening to messages now
18:27:13:818  Rank 0001    INFO at /home/lzy/projects/mirheo_starter/vendor/Mirheo/src/mirheo/core/postproc.cpp:122 Postprocess got a stopping message and will stop now
18:27:13:824  Rank 0001    INFO at /home/lzy/projects/mirheo_starter/vendor/Mirheo/src/mirheo/core/postproc.cpp:111 Postprocess is listening to messages now
18:27:14:016  Rank 0001    INFO at /home/lzy/projects/mirheo_starter/vendor/Mirheo/src/mirheo/core/postproc.cpp:122 Postprocess got a stopping message and will stop now
18:27:14:022  Rank 0001    INFO at /home/lzy/projects/mirheo_starter/vendor/Mirheo/src/mirheo/core/postproc.cpp:111 Postprocess is listening to messages now
18:27:14:214  Rank 0001    INFO at /home/lzy/projects/mirheo_starter/vendor/Mirheo/src/mirheo/core/postproc.cpp:122 Postprocess got a stopping message and will stop now
18:27:14:219  Rank 0001    INFO at /home/lzy/projects/mirheo_starter/vendor/Mirheo/src/mirheo/core/postproc.cpp:111 Postprocess is listening to messages now
18:27:14:420  Rank 0001    INFO at /home/lzy/projects/mirheo_starter/vendor/Mirheo/src/mirheo/core/postproc.cpp:122 Postprocess got a stopping message and will stop now
18:27:14:427  Rank 0001    INFO at /home/lzy/projects/mirheo_starter/vendor/Mirheo/src/mirheo/core/postproc.cpp:111 Postprocess is listening to messages now
18:27:14:624  Rank 0001    INFO at /home/lzy/projects/mirheo_starter/vendor/Mirheo/src/mirheo/core/postproc.cpp:122 Postprocess got a stopping message and will stop now
18:27:14:630  Rank 0001    INFO at /home/lzy/projects/mirheo_starter/vendor/Mirheo/src/mirheo/core/postproc.cpp:111 Postprocess is listening to messages now
18:27:14:826  Rank 0001    INFO at /home/lzy/projects/mirheo_starter/vendor/Mirheo/src/mirheo/core/postproc.cpp:122 Postprocess got a stopping message and will stop now
18:27:14:831  Rank 0001    INFO at /home/lzy/projects/mirheo_starter/vendor/Mirheo/src/mirheo/core/postproc.cpp:111 Postprocess is listening to messages now
18:27:15:024  Rank 0001    INFO at /home/lzy/projects/mirheo_starter/vendor/Mirheo/src/mirheo/core/postproc.cpp:122 Postprocess got a stopping message and will stop now
18:27:15:029  Rank 0001    INFO at /home/lzy/projects/mirheo_starter/vendor/Mirheo/src/mirheo/core/postproc.cpp:111 Postprocess is listening to messages now
18:27:15:230  Rank 0001    INFO at /home/lzy/projects/mirheo_starter/vendor/Mirheo/src/mirheo/core/postproc.cpp:122 Postprocess got a stopping message and will stop now
18:27:15:237  Rank 0001    INFO at /home/lzy/projects/mirheo_starter/vendor/Mirheo/src/mirheo/core/postproc.cpp:111 Postprocess is listening to messages now
18:27:15:437  Rank 0001    INFO at /home/lzy/projects/mirheo_starter/vendor/Mirheo/src/mirheo/core/postproc.cpp:122 Postprocess got a stopping message and will stop now
18:27:15:442  Rank 0001    INFO at /home/lzy/projects/mirheo_starter/vendor/Mirheo/src/mirheo/core/postproc.cpp:111 Postprocess is listening to messages now
18:27:15:648  Rank 0001    INFO at /home/lzy/projects/mirheo_starter/vendor/Mirheo/src/mirheo/core/postproc.cpp:122 Postprocess got a stopping message and will stop now
18:27:15:654  Rank 0001    INFO at /home/lzy/projects/mirheo_starter/vendor/Mirheo/src/mirheo/core/postproc.cpp:111 Postprocess is listening to messages now
18:27:15:851  Rank 0001    INFO at /home/lzy/projects/mirheo_starter/vendor/Mirheo/src/mirheo/core/postproc.cpp:122 Postprocess got a stopping message and will stop now
18:27:15:860  Rank 0001    INFO at /home/lzy/projects/mirheo_starter/vendor/Mirheo/src/mirheo/core/postproc.cpp:111 Postprocess is listening to messages now
18:27:16:059  Rank 0001    INFO at /home/lzy/projects/mirheo_starter/vendor/Mirheo/src/mirheo/core/postproc.cpp:122 Postprocess got a stopping message and will stop now
18:27:16:064  Rank 0001    INFO at /home/lzy/projects/mirheo_starter/vendor/Mirheo/src/mirheo/core/postproc.cpp:111 Postprocess is listening to messages now
18:27:16:271  Rank 0001    INFO at /home/lzy/projects/mirheo_starter/vendor/Mirheo/src/mirheo/core/postproc.cpp:122 Postprocess got a stopping message and will stop now
18:27:16:276  Rank 0001    INFO at /home/lzy/projects/mirheo_starter/vendor/Mirheo/src/mirheo/core/postproc.cpp:111 Postprocess is listening to messages now
18:27:16:470  Rank 0001    INFO at /home/lzy/projects/mirheo_starter/vendor/Mirheo/src/mirheo/core/postproc.cpp:122 Postprocess got a stopping message and will stop now
18:27:16:477  Rank 0001    INFO at /home/lzy/projects/mirheo_starter/vendor/Mirheo/src/mirheo/core/postproc.cpp:111 Postprocess is listening to messages now
18:27:16:667  Rank 0001    INFO at /home/lzy/projects/mirheo_starter/vendor/Mirheo/src/mirheo/core/postproc.cpp:122 Postprocess got a stopping message and will stop now
18:27:16:672  Rank 0001    INFO at /home/lzy/projects/mirheo_starter/vendor/Mirheo/src/mirheo/core/postproc.cpp:111 Postprocess is listening to messages now
18:27:16:862  Rank 0001    INFO at /home/lzy/projects/mirheo_starter/vendor/Mirheo/src/mirheo/core/postproc.cpp:122 Postprocess got a stopping message and will stop now
18:27:16:868  Rank 0001    INFO at /home/lzy/projects/mirheo_starter/vendor/Mirheo/src/mirheo/core/postproc.cpp:111 Postprocess is listening to messages now
18:27:17:069  Rank 0001    INFO at /home/lzy/projects/mirheo_starter/vendor/Mirheo/src/mirheo/core/postproc.cpp:122 Postprocess got a stopping message and will stop now
18:27:17:074  Rank 0001    INFO at /home/lzy/projects/mirheo_starter/vendor/Mirheo/src/mirheo/core/postproc.cpp:111 Postprocess is listening to messages now
18:27:17:269  Rank 0001    INFO at /home/lzy/projects/mirheo_starter/vendor/Mirheo/src/mirheo/core/postproc.cpp:122 Postprocess got a stopping message and will stop now
18:27:17:275  Rank 0001    INFO at /home/lzy/projects/mirheo_starter/vendor/Mirheo/src/mirheo/core/postproc.cpp:111 Postprocess is listening to messages now
18:27:17:474  Rank 0001    INFO at /home/lzy/projects/mirheo_starter/vendor/Mirheo/src/mirheo/core/postproc.cpp:122 Postprocess got a stopping message and will stop now
18:27:17:479  Rank 0001    INFO at /home/lzy/projects/mirheo_starter/vendor/Mirheo/src/mirheo/core/postproc.cpp:111 Postprocess is listening to messages now
18:27:17:673  Rank 0001    INFO at /home/lzy/projects/mirheo_starter/vendor/Mirheo/src/mirheo/core/postproc.cpp:122 Postprocess got a stopping message and will stop now
18:27:17:680  Rank 0001    INFO at /home/lzy/projects/mirheo_starter/vendor/Mirheo/src/mirheo/core/postproc.cpp:111 Postprocess is listening to messages now
18:27:17:886  Rank 0001    INFO at /home/lzy/projects/mirheo_starter/vendor/Mirheo/src/mirheo/core/postproc.cpp:122 Postprocess got a stopping message and will stop now
18:27:17:892  Rank 0001    INFO at /home/lzy/projects/mirheo_starter/vendor/Mirheo/src/mirheo/core/postproc.cpp:111 Postprocess is listening to messages now
18:27:18:087  Rank 0001    INFO at /home/lzy/projects/mirheo_starter/vendor/Mirheo/src/mirheo/core/postproc.cpp:122 Postprocess got a stopping message and will stop now
18:27:18:093  Rank 0001    INFO at /home/lzy/projects/mirheo_starter/vendor/Mirheo/src/mirheo/core/postproc.cpp:111 Postprocess is listening to messages now
18:27:18:282  Rank 0001    INFO at /home/lzy/projects/mirheo_starter/vendor/Mirheo/src/mirheo/core/postproc.cpp:122 Postprocess got a stopping message and will stop now
18:27:18:287  Rank 0001    INFO at /home/lzy/projects/mirheo_starter/vendor/Mirheo/src/mirheo/core/postproc.cpp:111 Postprocess is listening to messages now
18:27:18:484  Rank 0001    INFO at /home/lzy/projects/mirheo_starter/vendor/Mirheo/src/mirheo/core/postproc.cpp:122 Postprocess got a stopping message and will stop now
18:27:18:489  Rank 0001    INFO at /home/lzy/projects/mirheo_starter/vendor/Mirheo/src/mirheo/core/postproc.cpp:111 Postprocess is listening to messages now
18:27:18:683  Rank 0001    INFO at /home/lzy/projects/mirheo_starter/vendor/Mirheo/src/mirheo/core/postproc.cpp:122 Postprocess got a stopping message and will stop now
18:27:18:688  Rank 0001    INFO at /home/lzy/projects/mirheo_starter/vendor/Mirheo/src/mirheo/core/postproc.cpp:111 Postprocess is listening to messages now
18:27:18:886  Rank 0001    INFO at /home/lzy/projects/mirheo_starter/vendor/Mirheo/src/mirheo/core/postproc.cpp:122 Postprocess got a stopping message and will stop now
18:27:18:892  Rank 0001    INFO at /home/lzy/projects/mirheo_starter/vendor/Mirheo/src/mirheo/core/postproc.cpp:111 Postprocess is listening to messages now
18:27:19:091  Rank 0001    INFO at /home/lzy/projects/mirheo_starter/vendor/Mirheo/src/mirheo/core/postproc.cpp:122 Postprocess got a stopping message and will stop now
18:27:19:096  Rank 0001    INFO at /home/lzy/projects/mirheo_starter/vendor/Mirheo/src/mirheo/core/postproc.cpp:111 Postprocess is listening to messages now
18:27:19:289  Rank 0001    INFO at /home/lzy/projects/mirheo_starter/vendor/Mirheo/src/mirheo/core/postproc.cpp:122 Postprocess got a stopping message and will stop now
18:27:19:294  Rank 0001    INFO at /home/lzy/projects/mirheo_starter/vendor/Mirheo/src/mirheo/core/postproc.cpp:111 Postprocess is listening to messages now
18:27:19:483  Rank 0001    INFO at /home/lzy/projects/mirheo_starter/vendor/Mirheo/src/mirheo/core/postproc.cpp:122 Postprocess got a stopping message and will stop now
18:27:19:489  Rank 0001    INFO at /home/lzy/projects/mirheo_starter/vendor/Mirheo/src/mirheo/core/postproc.cpp:111 Postprocess is listening to messages now
18:27:19:675  Rank 0001    INFO at /home/lzy/projects/mirheo_starter/vendor/Mirheo/src/mirheo/core/postproc.cpp:122 Postprocess got a stopping message and will stop now
18:27:19:680  Rank 0001    INFO at /home/lzy/projects/mirheo_starter/vendor/Mirheo/src/mirheo/core/postproc.cpp:111 Postprocess is listening to messages now
18:27:19:866  Rank 0001    INFO at /home/lzy/projects/mirheo_starter/vendor/Mirheo/src/mirheo/core/postproc.cpp:122 Postprocess got a stopping message and will stop now
18:27:19:872  Rank 0001    INFO at /home/lzy/projects/mirheo_starter/vendor/Mirheo/src/mirheo/core/postproc.cpp:111 Postprocess is listening to messages now
18:27:20:063  Rank 0001    INFO at /home/lzy/projects/mirheo_starter/vendor/Mirheo/src/mirheo/core/postproc.cpp:122 Postprocess got a stopping message and will stop now
18:27:20:070  Rank 0001    INFO at /home/lzy/projects/mirheo_starter/vendor/Mirheo/src/mirheo/core/postproc.cpp:111 Postprocess is listening to messages now
18:27:20:254  Rank 0001    INFO at /home/lzy/projects/mirheo_starter/vendor/Mirheo/src/mirheo/core/postproc.cpp:122 Postprocess got a stopping message and will stop now
18:27:20:259  Rank 0001    INFO at /home/lzy/projects/mirheo_starter/vendor/Mirheo/src/mirheo/core/postproc.cpp:111 Postprocess is listening to messages now
18:27:20:448  Rank 0001    INFO at /home/lzy/projects/mirheo_starter/vendor/Mirheo/src/mirheo/core/postproc.cpp:122 Postprocess got a stopping message and will stop now
18:27:20:454  Rank 0001    INFO at /home/lzy/projects/mirheo_starter/vendor/Mirheo/src/mirheo/core/postproc.cpp:111 Postprocess is listening to messages now
18:27:20:649  Rank 0001    INFO at /home/lzy/projects/mirheo_starter/vendor/Mirheo/src/mirheo/core/postproc.cpp:122 Postprocess got a stopping message and will stop now
18:27:20:654  Rank 0001    INFO at /home/lzy/projects/mirheo_starter/vendor/Mirheo/src/mirheo/core/postproc.cpp:111 Postprocess is listening to messages now
18:27:20:846  Rank 0001    INFO at /home/lzy/projects/mirheo_starter/vendor/Mirheo/src/mirheo/core/postproc.cpp:122 Postprocess got a stopping message and will stop now
18:27:20:851  Rank 0001    INFO at /home/lzy/projects/mirheo_starter/vendor/Mirheo/src/mirheo/core/postproc.cpp:111 Postprocess is listening to messages now
18:27:21:039  Rank 0001    INFO at /home/lzy/projects/mirheo_starter/vendor/Mirheo/src/mirheo/core/postproc.cpp:122 Postprocess got a stopping message and will stop now
18:27:21:045  Rank 0001    INFO at /home/lzy/projects/mirheo_starter/vendor/Mirheo/src/mirheo/core/postproc.cpp:111 Postprocess is listening to messages now
18:27:21:229  Rank 0001    INFO at /home/lzy/projects/mirheo_starter/vendor/Mirheo/src/mirheo/core/postproc.cpp:122 Postprocess got a stopping message and will stop now
18:27:21:238  Rank 0001    INFO at /home/lzy/projects/mirheo_starter/vendor/Mirheo/src/mirheo/core/postproc.cpp:111 Postprocess is listening to messages now
18:27:21:425  Rank 0001    INFO at /home/lzy/projects/mirheo_starter/vendor/Mirheo/src/mirheo/core/postproc.cpp:122 Postprocess got a stopping message and will stop now
18:27:21:431  Rank 0001    INFO at /home/lzy/projects/mirheo_starter/vendor/Mirheo/src/mirheo/core/postproc.cpp:111 Postprocess is listening to messages now
18:27:21:621  Rank 0001    INFO at /home/lzy/projects/mirheo_starter/vendor/Mirheo/src/mirheo/core/postproc.cpp:122 Postprocess got a stopping message and will stop now
18:27:21:627  Rank 0001    INFO at /home/lzy/projects/mirheo_starter/vendor/Mirheo/src/mirheo/core/postproc.cpp:111 Postprocess is listening to messages now
18:27:21:811  Rank 0001    INFO at /home/lzy/projects/mirheo_starter/vendor/Mirheo/src/mirheo/core/postproc.cpp:122 Postprocess got a stopping message and will stop now
18:27:21:817  Rank 0001    INFO at /home/lzy/projects/mirheo_starter/vendor/Mirheo/src/mirheo/core/postproc.cpp:111 Postprocess is listening to messages now
18:27:22:004  Rank 0001    INFO at /home/lzy/projects/mirheo_starter/vendor/Mirheo/src/mirheo/core/postproc.cpp:122 Postprocess got a stopping message and will stop now
18:27:22:010  Rank 0001    INFO at /home/lzy/projects/mirheo_starter/vendor/Mirheo/src/mirheo/core/postproc.cpp:111 Postprocess is listening to messages now
18:27:22:212  Rank 0001    INFO at /home/lzy/projects/mirheo_starter/vendor/Mirheo/src/mirheo/core/postproc.cpp:122 Postprocess got a stopping message and will stop now
18:27:22:218  Rank 0001    INFO at /home/lzy/projects/mirheo_starter/vendor/Mirheo/src/mirheo/core/postproc.cpp:111 Postprocess is listening to messages now
18:27:22:410  Rank 0001    INFO at /home/lzy/projects/mirheo_starter/vendor/Mirheo/src/mirheo/core/postproc.cpp:122 Postprocess got a stopping message and will stop now
18:27:22:416  Rank 0001    INFO at /home/lzy/projects/mirheo_starter/vendor/Mirheo/src/mirheo/core/postproc.cpp:111 Postprocess is listening to messages now
18:27:22:625  Rank 0001    INFO at /home/lzy/projects/mirheo_starter/vendor/Mirheo/src/mirheo/core/postproc.cpp:122 Postprocess got a stopping message and will stop now
18:27:22:631  Rank 0001    INFO at /home/lzy/projects/mirheo_starter/vendor/Mirheo/src/mirheo/core/postproc.cpp:111 Postprocess is listening to messages now
18:27:22:819  Rank 0001    INFO at /home/lzy/projects/mirheo_starter/vendor/Mirheo/src/mirheo/core/postproc.cpp:122 Postprocess got a stopping message and will stop now
18:27:22:825  Rank 0001    INFO at /home/lzy/projects/mirheo_starter/vendor/Mirheo/src/mirheo/core/postproc.cpp:111 Postprocess is listening to messages now
18:27:23:020  Rank 0001    INFO at /home/lzy/projects/mirheo_starter/vendor/Mirheo/src/mirheo/core/postproc.cpp:122 Postprocess got a stopping message and will stop now
18:27:23:025  Rank 0001    INFO at /home/lzy/projects/mirheo_starter/vendor/Mirheo/src/mirheo/core/postproc.cpp:111 Postprocess is listening to messages now
18:27:23:218  Rank 0001    INFO at /home/lzy/projects/mirheo_starter/vendor/Mirheo/src/mirheo/core/postproc.cpp:122 Postprocess got a stopping message and will stop now
18:27:23:225  Rank 0001    INFO at /home/lzy/projects/mirheo_starter/vendor/Mirheo/src/mirheo/core/postproc.cpp:111 Postprocess is listening to messages now
18:27:23:416  Rank 0001    INFO at /home/lzy/projects/mirheo_starter/vendor/Mirheo/src/mirheo/core/postproc.cpp:122 Postprocess got a stopping message and will stop now
18:27:23:422  Rank 0001    INFO at /home/lzy/projects/mirheo_starter/vendor/Mirheo/src/mirheo/core/postproc.cpp:111 Postprocess is listening to messages now
18:27:23:613  Rank 0001    INFO at /home/lzy/projects/mirheo_starter/vendor/Mirheo/src/mirheo/core/postproc.cpp:122 Postprocess got a stopping message and will stop now
18:27:23:618  Rank 0001    INFO at /home/lzy/projects/mirheo_starter/vendor/Mirheo/src/mirheo/core/postproc.cpp:111 Postprocess is listening to messages now
18:27:23:813  Rank 0001    INFO at /home/lzy/projects/mirheo_starter/vendor/Mirheo/src/mirheo/core/postproc.cpp:122 Postprocess got a stopping message and will stop now
18:27:23:820  Rank 0001    INFO at /home/lzy/projects/mirheo_starter/vendor/Mirheo/src/mirheo/core/postproc.cpp:111 Postprocess is listening to messages now
18:27:24:024  Rank 0001    INFO at /home/lzy/projects/mirheo_starter/vendor/Mirheo/src/mirheo/core/postproc.cpp:122 Postprocess got a stopping message and will stop now
18:27:24:030  Rank 0001    INFO at /home/lzy/projects/mirheo_starter/vendor/Mirheo/src/mirheo/core/postproc.cpp:111 Postprocess is listening to messages now
18:27:24:226  Rank 0001    INFO at /home/lzy/projects/mirheo_starter/vendor/Mirheo/src/mirheo/core/postproc.cpp:122 Postprocess got a stopping message and will stop now
18:27:24:235  Rank 0001    INFO at /home/lzy/projects/mirheo_starter/vendor/Mirheo/src/mirheo/core/postproc.cpp:111 Postprocess is listening to messages now
18:27:24:422  Rank 0001    INFO at /home/lzy/projects/mirheo_starter/vendor/Mirheo/src/mirheo/core/postproc.cpp:122 Postprocess got a stopping message and will stop now
18:27:24:428  Rank 0001    INFO at /home/lzy/projects/mirheo_starter/vendor/Mirheo/src/mirheo/core/postproc.cpp:111 Postprocess is listening to messages now
18:27:24:618  Rank 0001    INFO at /home/lzy/projects/mirheo_starter/vendor/Mirheo/src/mirheo/core/postproc.cpp:122 Postprocess got a stopping message and will stop now
18:27:24:623  Rank 0001    INFO at /home/lzy/projects/mirheo_starter/vendor/Mirheo/src/mirheo/core/postproc.cpp:111 Postprocess is listening to messages now
18:27:24:825  Rank 0001    INFO at /home/lzy/projects/mirheo_starter/vendor/Mirheo/src/mirheo/core/postproc.cpp:122 Postprocess got a stopping message and will stop now
18:27:24:830  Rank 0001    INFO at /home/lzy/projects/mirheo_starter/vendor/Mirheo/src/mirheo/core/postproc.cpp:111 Postprocess is listening to messages now
18:27:25:026  Rank 0001    INFO at /home/lzy/projects/mirheo_starter/vendor/Mirheo/src/mirheo/core/postproc.cpp:122 Postprocess got a stopping message and will stop now
18:27:25:031  Rank 0001    INFO at /home/lzy/projects/mirheo_starter/vendor/Mirheo/src/mirheo/core/postproc.cpp:111 Postprocess is listening to messages now
18:27:25:228  Rank 0001    INFO at /home/lzy/projects/mirheo_starter/vendor/Mirheo/src/mirheo/core/postproc.cpp:122 Postprocess got a stopping message and will stop now
18:27:25:235  Rank 0001    INFO at /home/lzy/projects/mirheo_starter/vendor/Mirheo/src/mirheo/core/postproc.cpp:111 Postprocess is listening to messages now
18:27:25:425  Rank 0001    INFO at /home/lzy/projects/mirheo_starter/vendor/Mirheo/src/mirheo/core/postproc.cpp:122 Postprocess got a stopping message and will stop now
18:27:25:430  Rank 0001    INFO at /home/lzy/projects/mirheo_starter/vendor/Mirheo/src/mirheo/core/postproc.cpp:111 Postprocess is listening to messages now
18:27:25:626  Rank 0001    INFO at /home/lzy/projects/mirheo_starter/vendor/Mirheo/src/mirheo/core/postproc.cpp:122 Postprocess got a stopping message and will stop now
18:27:25:632  Rank 0001    INFO at /home/lzy/projects/mirheo_starter/vendor/Mirheo/src/mirheo/core/postproc.cpp:111 Postprocess is listening to messages now
18:27:25:824  Rank 0001    INFO at /home/lzy/projects/mirheo_starter/vendor/Mirheo/src/mirheo/core/postproc.cpp:122 Postprocess got a stopping message and will stop now
18:27:25:830  Rank 0001    INFO at /home/lzy/projects/mirheo_starter/vendor/Mirheo/src/mirheo/core/postproc.cpp:111 Postprocess is listening to messages now
18:27:26:018  Rank 0001    INFO at /home/lzy/projects/mirheo_starter/vendor/Mirheo/src/mirheo/core/postproc.cpp:122 Postprocess got a stopping message and will stop now
18:27:26:023  Rank 0001    INFO at /home/lzy/projects/mirheo_starter/vendor/Mirheo/src/mirheo/core/postproc.cpp:111 Postprocess is listening to messages now
18:27:26:222  Rank 0001    INFO at /home/lzy/projects/mirheo_starter/vendor/Mirheo/src/mirheo/core/postproc.cpp:122 Postprocess got a stopping message and will stop now
18:27:26:229  Rank 0001    INFO at /home/lzy/projects/mirheo_starter/vendor/Mirheo/src/mirheo/core/postproc.cpp:111 Postprocess is listening to messages now
18:27:26:413  Rank 0001    INFO at /home/lzy/projects/mirheo_starter/vendor/Mirheo/src/mirheo/core/postproc.cpp:122 Postprocess got a stopping message and will stop now
18:27:26:418  Rank 0001    INFO at /home/lzy/projects/mirheo_starter/vendor/Mirheo/src/mirheo/core/postproc.cpp:111 Postprocess is listening to messages now
18:27:26:602  Rank 0001    INFO at /home/lzy/projects/mirheo_starter/vendor/Mirheo/src/mirheo/core/postproc.cpp:122 Postprocess got a stopping message and will stop now
18:27:26:609  Rank 0001    INFO at /home/lzy/projects/mirheo_starter/vendor/Mirheo/src/mirheo/core/postproc.cpp:111 Postprocess is listening to messages now
18:27:26:791  Rank 0001    INFO at /home/lzy/projects/mirheo_starter/vendor/Mirheo/src/mirheo/core/postproc.cpp:122 Postprocess got a stopping message and will stop now
18:27:26:796  Rank 0001    INFO at /home/lzy/projects/mirheo_starter/vendor/Mirheo/src/mirheo/core/postproc.cpp:111 Postprocess is listening to messages now
18:27:26:981  Rank 0001    INFO at /home/lzy/projects/mirheo_starter/vendor/Mirheo/src/mirheo/core/postproc.cpp:122 Postprocess got a stopping message and will stop now
18:27:26:987  Rank 0001    INFO at /home/lzy/projects/mirheo_starter/vendor/Mirheo/src/mirheo/core/postproc.cpp:111 Postprocess is listening to messages now
18:27:27:171  Rank 0001    INFO at /home/lzy/projects/mirheo_starter/vendor/Mirheo/src/mirheo/core/postproc.cpp:122 Postprocess got a stopping message and will stop now
18:27:27:177  Rank 0001    INFO at /home/lzy/projects/mirheo_starter/vendor/Mirheo/src/mirheo/core/postproc.cpp:111 Postprocess is listening to messages now
18:27:27:362  Rank 0001    INFO at /home/lzy/projects/mirheo_starter/vendor/Mirheo/src/mirheo/core/postproc.cpp:122 Postprocess got a stopping message and will stop now
18:27:27:368  Rank 0001    INFO at /home/lzy/projects/mirheo_starter/vendor/Mirheo/src/mirheo/core/postproc.cpp:111 Postprocess is listening to messages now
18:27:27:556  Rank 0001    INFO at /home/lzy/projects/mirheo_starter/vendor/Mirheo/src/mirheo/core/postproc.cpp:122 Postprocess got a stopping message and will stop now
18:27:27:563  Rank 0001    INFO at /home/lzy/projects/mirheo_starter/vendor/Mirheo/src/mirheo/core/postproc.cpp:111 Postprocess is listening to messages now
18:27:27:752  Rank 0001    INFO at /home/lzy/projects/mirheo_starter/vendor/Mirheo/src/mirheo/core/postproc.cpp:122 Postprocess got a stopping message and will stop now
18:27:27:757  Rank 0001    INFO at /home/lzy/projects/mirheo_starter/vendor/Mirheo/src/mirheo/core/postproc.cpp:111 Postprocess is listening to messages now
18:27:27:947  Rank 0001    INFO at /home/lzy/projects/mirheo_starter/vendor/Mirheo/src/mirheo/core/postproc.cpp:122 Postprocess got a stopping message and will stop now
18:27:27:953  Rank 0001    INFO at /home/lzy/projects/mirheo_starter/vendor/Mirheo/src/mirheo/core/postproc.cpp:111 Postprocess is listening to messages now
18:27:28:149  Rank 0001    INFO at /home/lzy/projects/mirheo_starter/vendor/Mirheo/src/mirheo/core/postproc.cpp:122 Postprocess got a stopping message and will stop now
18:27:28:157  Rank 0001    INFO at /home/lzy/projects/mirheo_starter/vendor/Mirheo/src/mirheo/core/postproc.cpp:111 Postprocess is listening to messages now
18:27:28:356  Rank 0001    INFO at /home/lzy/projects/mirheo_starter/vendor/Mirheo/src/mirheo/core/postproc.cpp:122 Postprocess got a stopping message and will stop now
18:27:28:362  Rank 0001    INFO at /home/lzy/projects/mirheo_starter/vendor/Mirheo/src/mirheo/core/postproc.cpp:111 Postprocess is listening to messages now
18:27:28:565  Rank 0001    INFO at /home/lzy/projects/mirheo_starter/vendor/Mirheo/src/mirheo/core/postproc.cpp:122 Postprocess got a stopping message and will stop now
18:27:28:570  Rank 0001    INFO at /home/lzy/projects/mirheo_starter/vendor/Mirheo/src/mirheo/core/postproc.cpp:111 Postprocess is listening to messages now
18:27:28:772  Rank 0001    INFO at /home/lzy/projects/mirheo_starter/vendor/Mirheo/src/mirheo/core/postproc.cpp:122 Postprocess got a stopping message and will stop now
18:27:28:777  Rank 0001    INFO at /home/lzy/projects/mirheo_starter/vendor/Mirheo/src/mirheo/core/postproc.cpp:111 Postprocess is listening to messages now
18:27:28:968  Rank 0001    INFO at /home/lzy/projects/mirheo_starter/vendor/Mirheo/src/mirheo/core/postproc.cpp:122 Postprocess got a stopping message and will stop now
18:27:28:973  Rank 0001    INFO at /home/lzy/projects/mirheo_starter/vendor/Mirheo/src/mirheo/core/postproc.cpp:111 Postprocess is listening to messages now
18:27:29:165  Rank 0001    INFO at /home/lzy/projects/mirheo_starter/vendor/Mirheo/src/mirheo/core/postproc.cpp:122 Postprocess got a stopping message and will stop now
18:27:29:171  Rank 0001    INFO at /home/lzy/projects/mirheo_starter/vendor/Mirheo/src/mirheo/core/postproc.cpp:111 Postprocess is listening to messages now
18:27:29:381  Rank 0001    INFO at /home/lzy/projects/mirheo_starter/vendor/Mirheo/src/mirheo/core/postproc.cpp:122 Postprocess got a stopping message and will stop now
18:27:29:387  Rank 0001    INFO at /home/lzy/projects/mirheo_starter/vendor/Mirheo/src/mirheo/core/postproc.cpp:111 Postprocess is listening to messages now
18:27:29:581  Rank 0001    INFO at /home/lzy/projects/mirheo_starter/vendor/Mirheo/src/mirheo/core/postproc.cpp:122 Postprocess got a stopping message and will stop now
18:27:29:587  Rank 0001    INFO at /home/lzy/projects/mirheo_starter/vendor/Mirheo/src/mirheo/core/postproc.cpp:111 Postprocess is listening to messages now
18:27:29:780  Rank 0001    INFO at /home/lzy/projects/mirheo_starter/vendor/Mirheo/src/mirheo/core/postproc.cpp:122 Postprocess got a stopping message and will stop now
18:27:29:785  Rank 0001    INFO at /home/lzy/projects/mirheo_starter/vendor/Mirheo/src/mirheo/core/postproc.cpp:111 Postprocess is listening to messages now
18:27:29:974  Rank 0001    INFO at /home/lzy/projects/mirheo_starter/vendor/Mirheo/src/mirheo/core/postproc.cpp:122 Postprocess got a stopping message and will stop now
18:27:29:979  Rank 0001    INFO at /home/lzy/projects/mirheo_starter/vendor/Mirheo/src/mirheo/core/postproc.cpp:111 Postprocess is listening to messages now
18:27:30:165  Rank 0001    INFO at /home/lzy/projects/mirheo_starter/vendor/Mirheo/src/mirheo/core/postproc.cpp:122 Postprocess got a stopping message and will stop now
18:27:30:170  Rank 0001    INFO at /home/lzy/projects/mirheo_starter/vendor/Mirheo/src/mirheo/core/postproc.cpp:111 Postprocess is listening to messages now
18:27:30:358  Rank 0001    INFO at /home/lzy/projects/mirheo_starter/vendor/Mirheo/src/mirheo/core/postproc.cpp:122 Postprocess got a stopping message and will stop now
18:27:30:364  Rank 0001    INFO at /home/lzy/projects/mirheo_starter/vendor/Mirheo/src/mirheo/core/postproc.cpp:111 Postprocess is listening to messages now
18:27:30:560  Rank 0001    INFO at /home/lzy/projects/mirheo_starter/vendor/Mirheo/src/mirheo/core/postproc.cpp:122 Postprocess got a stopping message and will stop now
18:27:30:566  Rank 0001    INFO at /home/lzy/projects/mirheo_starter/vendor/Mirheo/src/mirheo/core/postproc.cpp:111 Postprocess is listening to messages now
18:27:30:760  Rank 0001    INFO at /home/lzy/projects/mirheo_starter/vendor/Mirheo/src/mirheo/core/postproc.cpp:122 Postprocess got a stopping message and will stop now
18:27:30:765  Rank 0001    INFO at /home/lzy/projects/mirheo_starter/vendor/Mirheo/src/mirheo/core/postproc.cpp:111 Postprocess is listening to messages now
18:27:30:958  Rank 0001    INFO at /home/lzy/projects/mirheo_starter/vendor/Mirheo/src/mirheo/core/postproc.cpp:122 Postprocess got a stopping message and will stop now
18:27:30:964  Rank 0001    INFO at /home/lzy/projects/mirheo_starter/vendor/Mirheo/src/mirheo/core/postproc.cpp:111 Postprocess is listening to messages now
18:27:31:160  Rank 0001    INFO at /home/lzy/projects/mirheo_starter/vendor/Mirheo/src/mirheo/core/postproc.cpp:122 Postprocess got a stopping message and will stop now
18:27:31:166  Rank 0001    INFO at /home/lzy/projects/mirheo_starter/vendor/Mirheo/src/mirheo/core/postproc.cpp:111 Postprocess is listening to messages now
18:27:31:358  Rank 0001    INFO at /home/lzy/projects/mirheo_starter/vendor/Mirheo/src/mirheo/core/postproc.cpp:122 Postprocess got a stopping message and will stop now
18:27:31:363  Rank 0001    INFO at /home/lzy/projects/mirheo_starter/vendor/Mirheo/src/mirheo/core/postproc.cpp:111 Postprocess is listening to messages now
18:27:31:565  Rank 0001    INFO at /home/lzy/projects/mirheo_starter/vendor/Mirheo/src/mirheo/core/postproc.cpp:122 Postprocess got a stopping message and will stop now
18:27:31:571  Rank 0001    INFO at /home/lzy/projects/mirheo_starter/vendor/Mirheo/src/mirheo/core/postproc.cpp:111 Postprocess is listening to messages now
18:27:31:767  Rank 0001    INFO at /home/lzy/projects/mirheo_starter/vendor/Mirheo/src/mirheo/core/postproc.cpp:122 Postprocess got a stopping message and will stop now
18:27:31:772  Rank 0001    INFO at /home/lzy/projects/mirheo_starter/vendor/Mirheo/src/mirheo/core/postproc.cpp:111 Postprocess is listening to messages now
18:27:31:970  Rank 0001    INFO at /home/lzy/projects/mirheo_starter/vendor/Mirheo/src/mirheo/core/postproc.cpp:122 Postprocess got a stopping message and will stop now
18:27:31:976  Rank 0001    INFO at /home/lzy/projects/mirheo_starter/vendor/Mirheo/src/mirheo/core/postproc.cpp:111 Postprocess is listening to messages now
18:27:32:171  Rank 0001    INFO at /home/lzy/projects/mirheo_starter/vendor/Mirheo/src/mirheo/core/postproc.cpp:122 Postprocess got a stopping message and will stop now
18:27:32:176  Rank 0001    INFO at /home/lzy/projects/mirheo_starter/vendor/Mirheo/src/mirheo/core/postproc.cpp:111 Postprocess is listening to messages now
18:27:32:373  Rank 0001    INFO at /home/lzy/projects/mirheo_starter/vendor/Mirheo/src/mirheo/core/postproc.cpp:122 Postprocess got a stopping message and will stop now
18:27:32:380  Rank 0001    INFO at /home/lzy/projects/mirheo_starter/vendor/Mirheo/src/mirheo/core/postproc.cpp:111 Postprocess is listening to messages now
18:27:32:578  Rank 0001    INFO at /home/lzy/projects/mirheo_starter/vendor/Mirheo/src/mirheo/core/postproc.cpp:122 Postprocess got a stopping message and will stop now
18:27:32:583  Rank 0001    INFO at /home/lzy/projects/mirheo_starter/vendor/Mirheo/src/mirheo/core/postproc.cpp:111 Postprocess is listening to messages now
18:27:32:786  Rank 0001    INFO at /home/lzy/projects/mirheo_starter/vendor/Mirheo/src/mirheo/core/postproc.cpp:122 Postprocess got a stopping message and will stop now
18:27:32:792  Rank 0001    INFO at /home/lzy/projects/mirheo_starter/vendor/Mirheo/src/mirheo/core/postproc.cpp:111 Postprocess is listening to messages now
18:27:33:000  Rank 0001    INFO at /home/lzy/projects/mirheo_starter/vendor/Mirheo/src/mirheo/core/postproc.cpp:122 Postprocess got a stopping message and will stop now
18:27:33:005  Rank 0001    INFO at /home/lzy/projects/mirheo_starter/vendor/Mirheo/src/mirheo/core/postproc.cpp:111 Postprocess is listening to messages now
18:27:33:200  Rank 0001    INFO at /home/lzy/projects/mirheo_starter/vendor/Mirheo/src/mirheo/core/postproc.cpp:122 Postprocess got a stopping message and will stop now
18:27:33:206  Rank 0001    INFO at /home/lzy/projects/mirheo_starter/vendor/Mirheo/src/mirheo/core/postproc.cpp:111 Postprocess is listening to messages now
18:27:33:404  Rank 0001    INFO at /home/lzy/projects/mirheo_starter/vendor/Mirheo/src/mirheo/core/postproc.cpp:122 Postprocess got a stopping message and will stop now
18:27:33:409  Rank 0001    INFO at /home/lzy/projects/mirheo_starter/vendor/Mirheo/src/mirheo/core/postproc.cpp:111 Postprocess is listening to messages now
18:27:33:604  Rank 0001    INFO at /home/lzy/projects/mirheo_starter/vendor/Mirheo/src/mirheo/core/postproc.cpp:122 Postprocess got a stopping message and will stop now
18:27:33:609  Rank 0001    INFO at /home/lzy/projects/mirheo_starter/vendor/Mirheo/src/mirheo/core/postproc.cpp:111 Postprocess is listening to messages now
18:27:33:802  Rank 0001    INFO at /home/lzy/projects/mirheo_starter/vendor/Mirheo/src/mirheo/core/postproc.cpp:122 Postprocess got a stopping message and will stop now
18:27:33:808  Rank 0001    INFO at /home/lzy/projects/mirheo_starter/vendor/Mirheo/src/mirheo/core/postproc.cpp:111 Postprocess is listening to messages now
18:27:34:004  Rank 0001    INFO at /home/lzy/projects/mirheo_starter/vendor/Mirheo/src/mirheo/core/postproc.cpp:122 Postprocess got a stopping message and will stop now
18:27:34:010  Rank 0001    INFO at /home/lzy/projects/mirheo_starter/vendor/Mirheo/src/mirheo/core/postproc.cpp:111 Postprocess is listening to messages now
18:27:34:198  Rank 0001    INFO at /home/lzy/projects/mirheo_starter/vendor/Mirheo/src/mirheo/core/postproc.cpp:122 Postprocess got a stopping message and will stop now
18:27:34:205  Rank 0001    INFO at /home/lzy/projects/mirheo_starter/vendor/Mirheo/src/mirheo/core/postproc.cpp:111 Postprocess is listening to messages now
18:27:34:394  Rank 0001    INFO at /home/lzy/projects/mirheo_starter/vendor/Mirheo/src/mirheo/core/postproc.cpp:122 Postprocess got a stopping message and will stop now
18:27:34:399  Rank 0001    INFO at /home/lzy/projects/mirheo_starter/vendor/Mirheo/src/mirheo/core/postproc.cpp:111 Postprocess is listening to messages now
18:27:34:597  Rank 0001    INFO at /home/lzy/projects/mirheo_starter/vendor/Mirheo/src/mirheo/core/postproc.cpp:122 Postprocess got a stopping message and will stop now
18:27:34:606  Rank 0001    INFO at /home/lzy/projects/mirheo_starter/vendor/Mirheo/src/mirheo/core/postproc.cpp:111 Postprocess is listening to messages now
18:27:34:799  Rank 0001    INFO at /home/lzy/projects/mirheo_starter/vendor/Mirheo/src/mirheo/core/postproc.cpp:122 Postprocess got a stopping message and will stop now
18:27:34:805  Rank 0001    INFO at /home/lzy/projects/mirheo_starter/vendor/Mirheo/src/mirheo/core/postproc.cpp:111 Postprocess is listening to messages now
18:27:35:000  Rank 0001    INFO at /home/lzy/projects/mirheo_starter/vendor/Mirheo/src/mirheo/core/postproc.cpp:122 Postprocess got a stopping message and will stop now
18:27:35:006  Rank 0001    INFO at /home/lzy/projects/mirheo_starter/vendor/Mirheo/src/mirheo/core/postproc.cpp:111 Postprocess is listening to messages now
18:27:35:217  Rank 0001    INFO at /home/lzy/projects/mirheo_starter/vendor/Mirheo/src/mirheo/core/postproc.cpp:122 Postprocess got a stopping message and will stop now
18:27:35:222  Rank 0001    INFO at /home/lzy/projects/mirheo_starter/vendor/Mirheo/src/mirheo/core/postproc.cpp:111 Postprocess is listening to messages now
18:27:35:422  Rank 0001    INFO at /home/lzy/projects/mirheo_starter/vendor/Mirheo/src/mirheo/core/postproc.cpp:122 Postprocess got a stopping message and will stop now
18:27:35:427  Rank 0001    INFO at /home/lzy/projects/mirheo_starter/vendor/Mirheo/src/mirheo/core/postproc.cpp:111 Postprocess is listening to messages now
18:27:35:634  Rank 0001    INFO at /home/lzy/projects/mirheo_starter/vendor/Mirheo/src/mirheo/core/postproc.cpp:122 Postprocess got a stopping message and will stop now
18:27:35:639  Rank 0001    INFO at /home/lzy/projects/mirheo_starter/vendor/Mirheo/src/mirheo/core/postproc.cpp:111 Postprocess is listening to messages now
18:27:35:851  Rank 0001    INFO at /home/lzy/projects/mirheo_starter/vendor/Mirheo/src/mirheo/core/postproc.cpp:122 Postprocess got a stopping message and will stop now
18:27:35:856  Rank 0001    INFO at /home/lzy/projects/mirheo_starter/vendor/Mirheo/src/mirheo/core/postproc.cpp:111 Postprocess is listening to messages now
18:27:36:056  Rank 0001    INFO at /home/lzy/projects/mirheo_starter/vendor/Mirheo/src/mirheo/core/postproc.cpp:122 Postprocess got a stopping message and will stop now
18:27:36:062  Rank 0001    INFO at /home/lzy/projects/mirheo_starter/vendor/Mirheo/src/mirheo/core/postproc.cpp:111 Postprocess is listening to messages now
18:27:36:271  Rank 0001    INFO at /home/lzy/projects/mirheo_starter/vendor/Mirheo/src/mirheo/core/postproc.cpp:122 Postprocess got a stopping message and will stop now
18:27:36:276  Rank 0001    INFO at /home/lzy/projects/mirheo_starter/vendor/Mirheo/src/mirheo/core/postproc.cpp:111 Postprocess is listening to messages now
18:27:36:477  Rank 0001    INFO at /home/lzy/projects/mirheo_starter/vendor/Mirheo/src/mirheo/core/postproc.cpp:122 Postprocess got a stopping message and will stop now
18:27:36:483  Rank 0001    INFO at /home/lzy/projects/mirheo_starter/vendor/Mirheo/src/mirheo/core/postproc.cpp:111 Postprocess is listening to messages now
18:27:36:685  Rank 0001    INFO at /home/lzy/projects/mirheo_starter/vendor/Mirheo/src/mirheo/core/postproc.cpp:122 Postprocess got a stopping message and will stop now
18:27:36:690  Rank 0001    INFO at /home/lzy/projects/mirheo_starter/vendor/Mirheo/src/mirheo/core/postproc.cpp:111 Postprocess is listening to messages now
18:27:36:886  Rank 0001    INFO at /home/lzy/projects/mirheo_starter/vendor/Mirheo/src/mirheo/core/postproc.cpp:122 Postprocess got a stopping message and will stop now
18:27:36:893  Rank 0001    INFO at /home/lzy/projects/mirheo_starter/vendor/Mirheo/src/mirheo/core/postproc.cpp:111 Postprocess is listening to messages now
18:27:37:091  Rank 0001    INFO at /home/lzy/projects/mirheo_starter/vendor/Mirheo/src/mirheo/core/postproc.cpp:122 Postprocess got a stopping message and will stop now
18:27:37:100  Rank 0001    INFO at /home/lzy/projects/mirheo_starter/vendor/Mirheo/src/mirheo/core/postproc.cpp:111 Postprocess is listening to messages now
18:27:37:301  Rank 0001    INFO at /home/lzy/projects/mirheo_starter/vendor/Mirheo/src/mirheo/core/postproc.cpp:122 Postprocess got a stopping message and will stop now
18:27:37:307  Rank 0001    INFO at /home/lzy/projects/mirheo_starter/vendor/Mirheo/src/mirheo/core/postproc.cpp:111 Postprocess is listening to messages now
18:27:37:509  Rank 0001    INFO at /home/lzy/projects/mirheo_starter/vendor/Mirheo/src/mirheo/core/postproc.cpp:122 Postprocess got a stopping message and will stop now
18:27:37:516  Rank 0001    INFO at /home/lzy/projects/mirheo_starter/vendor/Mirheo/src/mirheo/core/postproc.cpp:111 Postprocess is listening to messages now
18:27:37:721  Rank 0001    INFO at /home/lzy/projects/mirheo_starter/vendor/Mirheo/src/mirheo/core/postproc.cpp:122 Postprocess got a stopping message and will stop now
18:27:37:730  Rank 0001    INFO at /home/lzy/projects/mirheo_starter/vendor/Mirheo/src/mirheo/core/postproc.cpp:111 Postprocess is listening to messages now
18:27:37:928  Rank 0001    INFO at /home/lzy/projects/mirheo_starter/vendor/Mirheo/src/mirheo/core/postproc.cpp:122 Postprocess got a stopping message and will stop now
18:27:37:933  Rank 0001    INFO at /home/lzy/projects/mirheo_starter/vendor/Mirheo/src/mirheo/core/postproc.cpp:111 Postprocess is listening to messages now
18:27:38:149  Rank 0001    INFO at /home/lzy/projects/mirheo_starter/vendor/Mirheo/src/mirheo/core/postproc.cpp:122 Postprocess got a stopping message and will stop now
18:27:38:154  Rank 0001    INFO at /home/lzy/projects/mirheo_starter/vendor/Mirheo/src/mirheo/core/postproc.cpp:111 Postprocess is listening to messages now
18:27:38:367  Rank 0001    INFO at /home/lzy/projects/mirheo_starter/vendor/Mirheo/src/mirheo/core/postproc.cpp:122 Postprocess got a stopping message and will stop now
18:27:38:372  Rank 0001    INFO at /home/lzy/projects/mirheo_starter/vendor/Mirheo/src/mirheo/core/postproc.cpp:111 Postprocess is listening to messages now
18:27:38:576  Rank 0001    INFO at /home/lzy/projects/mirheo_starter/vendor/Mirheo/src/mirheo/core/postproc.cpp:122 Postprocess got a stopping message and will stop now
18:27:38:581  Rank 0001    INFO at /home/lzy/projects/mirheo_starter/vendor/Mirheo/src/mirheo/core/postproc.cpp:111 Postprocess is listening to messages now
18:27:38:789  Rank 0001    INFO at /home/lzy/projects/mirheo_starter/vendor/Mirheo/src/mirheo/core/postproc.cpp:122 Postprocess got a stopping message and will stop now
18:27:38:795  Rank 0001    INFO at /home/lzy/projects/mirheo_starter/vendor/Mirheo/src/mirheo/core/postproc.cpp:111 Postprocess is listening to messages now
18:27:39:010  Rank 0001    INFO at /home/lzy/projects/mirheo_starter/vendor/Mirheo/src/mirheo/core/postproc.cpp:122 Postprocess got a stopping message and will stop now
18:27:39:016  Rank 0001    INFO at /home/lzy/projects/mirheo_starter/vendor/Mirheo/src/mirheo/core/postproc.cpp:111 Postprocess is listening to messages now
18:27:39:221  Rank 0001    INFO at /home/lzy/projects/mirheo_starter/vendor/Mirheo/src/mirheo/core/postproc.cpp:122 Postprocess got a stopping message and will stop now
18:27:39:227  Rank 0001    INFO at /home/lzy/projects/mirheo_starter/vendor/Mirheo/src/mirheo/core/postproc.cpp:111 Postprocess is listening to messages now
18:27:39:439  Rank 0001    INFO at /home/lzy/projects/mirheo_starter/vendor/Mirheo/src/mirheo/core/postproc.cpp:122 Postprocess got a stopping message and will stop now
18:27:39:444  Rank 0001    INFO at /home/lzy/projects/mirheo_starter/vendor/Mirheo/src/mirheo/core/postproc.cpp:111 Postprocess is listening to messages now
18:27:39:640  Rank 0001    INFO at /home/lzy/projects/mirheo_starter/vendor/Mirheo/src/mirheo/core/postproc.cpp:122 Postprocess got a stopping message and will stop now
18:27:39:646  Rank 0001    INFO at /home/lzy/projects/mirheo_starter/vendor/Mirheo/src/mirheo/core/postproc.cpp:111 Postprocess is listening to messages now
18:27:39:843  Rank 0001    INFO at /home/lzy/projects/mirheo_starter/vendor/Mirheo/src/mirheo/core/postproc.cpp:122 Postprocess got a stopping message and will stop now
18:27:39:849  Rank 0001    INFO at /home/lzy/projects/mirheo_starter/vendor/Mirheo/src/mirheo/core/postproc.cpp:111 Postprocess is listening to messages now
18:27:40:052  Rank 0001    INFO at /home/lzy/projects/mirheo_starter/vendor/Mirheo/src/mirheo/core/postproc.cpp:122 Postprocess got a stopping message and will stop now
18:27:40:057  Rank 0001    INFO at /home/lzy/projects/mirheo_starter/vendor/Mirheo/src/mirheo/core/postproc.cpp:111 Postprocess is listening to messages now
18:27:40:257  Rank 0001    INFO at /home/lzy/projects/mirheo_starter/vendor/Mirheo/src/mirheo/core/postproc.cpp:122 Postprocess got a stopping message and will stop now
18:27:40:262  Rank 0001    INFO at /home/lzy/projects/mirheo_starter/vendor/Mirheo/src/mirheo/core/postproc.cpp:111 Postprocess is listening to messages now
18:27:40:464  Rank 0001    INFO at /home/lzy/projects/mirheo_starter/vendor/Mirheo/src/mirheo/core/postproc.cpp:122 Postprocess got a stopping message and will stop now
18:27:40:470  Rank 0001    INFO at /home/lzy/projects/mirheo_starter/vendor/Mirheo/src/mirheo/core/postproc.cpp:111 Postprocess is listening to messages now
18:27:40:676  Rank 0001    INFO at /home/lzy/projects/mirheo_starter/vendor/Mirheo/src/mirheo/core/postproc.cpp:122 Postprocess got a stopping message and will stop now
18:27:40:682  Rank 0001    INFO at /home/lzy/projects/mirheo_starter/vendor/Mirheo/src/mirheo/core/postproc.cpp:111 Postprocess is listening to messages now
18:27:40:889  Rank 0001    INFO at /home/lzy/projects/mirheo_starter/vendor/Mirheo/src/mirheo/core/postproc.cpp:122 Postprocess got a stopping message and will stop now
18:27:40:894  Rank 0001    INFO at /home/lzy/projects/mirheo_starter/vendor/Mirheo/src/mirheo/core/postproc.cpp:111 Postprocess is listening to messages now
18:27:41:089  Rank 0001    INFO at /home/lzy/projects/mirheo_starter/vendor/Mirheo/src/mirheo/core/postproc.cpp:122 Postprocess got a stopping message and will stop now
18:27:41:094  Rank 0001    INFO at /home/lzy/projects/mirheo_starter/vendor/Mirheo/src/mirheo/core/postproc.cpp:111 Postprocess is listening to messages now
18:27:41:293  Rank 0001    INFO at /home/lzy/projects/mirheo_starter/vendor/Mirheo/src/mirheo/core/postproc.cpp:122 Postprocess got a stopping message and will stop now
18:27:41:299  Rank 0001    INFO at /home/lzy/projects/mirheo_starter/vendor/Mirheo/src/mirheo/core/postproc.cpp:111 Postprocess is listening to messages now
18:27:41:507  Rank 0001    INFO at /home/lzy/projects/mirheo_starter/vendor/Mirheo/src/mirheo/core/postproc.cpp:122 Postprocess got a stopping message and will stop now
18:27:41:513  Rank 0001    INFO at /home/lzy/projects/mirheo_starter/vendor/Mirheo/src/mirheo/core/postproc.cpp:111 Postprocess is listening to messages now
18:27:41:704  Rank 0001    INFO at /home/lzy/projects/mirheo_starter/vendor/Mirheo/src/mirheo/core/postproc.cpp:122 Postprocess got a stopping message and will stop now
18:27:41:710  Rank 0001    INFO at /home/lzy/projects/mirheo_starter/vendor/Mirheo/src/mirheo/core/postproc.cpp:111 Postprocess is listening to messages now
18:27:41:900  Rank 0001    INFO at /home/lzy/projects/mirheo_starter/vendor/Mirheo/src/mirheo/core/postproc.cpp:122 Postprocess got a stopping message and will stop now
18:27:41:906  Rank 0001    INFO at /home/lzy/projects/mirheo_starter/vendor/Mirheo/src/mirheo/core/postproc.cpp:111 Postprocess is listening to messages now
18:27:42:112  Rank 0001    INFO at /home/lzy/projects/mirheo_starter/vendor/Mirheo/src/mirheo/core/postproc.cpp:122 Postprocess got a stopping message and will stop now
18:27:42:117  Rank 0001    INFO at /home/lzy/projects/mirheo_starter/vendor/Mirheo/src/mirheo/core/postproc.cpp:111 Postprocess is listening to messages now
18:27:42:316  Rank 0001    INFO at /home/lzy/projects/mirheo_starter/vendor/Mirheo/src/mirheo/core/postproc.cpp:122 Postprocess got a stopping message and will stop now
18:27:42:322  Rank 0001    INFO at /home/lzy/projects/mirheo_starter/vendor/Mirheo/src/mirheo/core/postproc.cpp:111 Postprocess is listening to messages now
18:27:42:522  Rank 0001    INFO at /home/lzy/projects/mirheo_starter/vendor/Mirheo/src/mirheo/core/postproc.cpp:122 Postprocess got a stopping message and will stop now
18:27:42:527  Rank 0001    INFO at /home/lzy/projects/mirheo_starter/vendor/Mirheo/src/mirheo/core/postproc.cpp:111 Postprocess is listening to messages now
18:27:42:732  Rank 0001    INFO at /home/lzy/projects/mirheo_starter/vendor/Mirheo/src/mirheo/core/postproc.cpp:122 Postprocess got a stopping message and will stop now
18:27:42:738  Rank 0001    INFO at /home/lzy/projects/mirheo_starter/vendor/Mirheo/src/mirheo/core/postproc.cpp:111 Postprocess is listening to messages now
18:27:42:932  Rank 0001    INFO at /home/lzy/projects/mirheo_starter/vendor/Mirheo/src/mirheo/core/postproc.cpp:122 Postprocess got a stopping message and will stop now
18:27:42:938  Rank 0001    INFO at /home/lzy/projects/mirheo_starter/vendor/Mirheo/src/mirheo/core/postproc.cpp:111 Postprocess is listening to messages now
18:27:43:139  Rank 0001    INFO at /home/lzy/projects/mirheo_starter/vendor/Mirheo/src/mirheo/core/postproc.cpp:122 Postprocess got a stopping message and will stop now
18:27:43:145  Rank 0001    INFO at /home/lzy/projects/mirheo_starter/vendor/Mirheo/src/mirheo/core/postproc.cpp:111 Postprocess is listening to messages now
18:27:43:342  Rank 0001    INFO at /home/lzy/projects/mirheo_starter/vendor/Mirheo/src/mirheo/core/postproc.cpp:122 Postprocess got a stopping message and will stop now
18:27:43:348  Rank 0001    INFO at /home/lzy/projects/mirheo_starter/vendor/Mirheo/src/mirheo/core/postproc.cpp:111 Postprocess is listening to messages now
18:27:43:545  Rank 0001    INFO at /home/lzy/projects/mirheo_starter/vendor/Mirheo/src/mirheo/core/postproc.cpp:122 Postprocess got a stopping message and will stop now
18:27:43:550  Rank 0001    INFO at /home/lzy/projects/mirheo_starter/vendor/Mirheo/src/mirheo/core/postproc.cpp:111 Postprocess is listening to messages now
18:27:43:760  Rank 0001    INFO at /home/lzy/projects/mirheo_starter/vendor/Mirheo/src/mirheo/core/postproc.cpp:122 Postprocess got a stopping message and will stop now
18:27:43:767  Rank 0001    INFO at /home/lzy/projects/mirheo_starter/vendor/Mirheo/src/mirheo/core/postproc.cpp:111 Postprocess is listening to messages now
18:27:43:969  Rank 0001    INFO at /home/lzy/projects/mirheo_starter/vendor/Mirheo/src/mirheo/core/postproc.cpp:122 Postprocess got a stopping message and will stop now
18:27:43:974  Rank 0001    INFO at /home/lzy/projects/mirheo_starter/vendor/Mirheo/src/mirheo/core/postproc.cpp:111 Postprocess is listening to messages now
18:27:44:162  Rank 0001    INFO at /home/lzy/projects/mirheo_starter/vendor/Mirheo/src/mirheo/core/postproc.cpp:122 Postprocess got a stopping message and will stop now
18:27:44:168  Rank 0001    INFO at /home/lzy/projects/mirheo_starter/vendor/Mirheo/src/mirheo/core/postproc.cpp:111 Postprocess is listening to messages now
18:27:44:365  Rank 0001    INFO at /home/lzy/projects/mirheo_starter/vendor/Mirheo/src/mirheo/core/postproc.cpp:122 Postprocess got a stopping message and will stop now
18:27:44:371  Rank 0001    INFO at /home/lzy/projects/mirheo_starter/vendor/Mirheo/src/mirheo/core/postproc.cpp:111 Postprocess is listening to messages now
18:27:44:575  Rank 0001    INFO at /home/lzy/projects/mirheo_starter/vendor/Mirheo/src/mirheo/core/postproc.cpp:122 Postprocess got a stopping message and will stop now
18:27:44:580  Rank 0001    INFO at /home/lzy/projects/mirheo_starter/vendor/Mirheo/src/mirheo/core/postproc.cpp:111 Postprocess is listening to messages now
18:27:44:776  Rank 0001    INFO at /home/lzy/projects/mirheo_starter/vendor/Mirheo/src/mirheo/core/postproc.cpp:122 Postprocess got a stopping message and will stop now
18:27:44:782  Rank 0001    INFO at /home/lzy/projects/mirheo_starter/vendor/Mirheo/src/mirheo/core/postproc.cpp:111 Postprocess is listening to messages now
18:27:44:975  Rank 0001    INFO at /home/lzy/projects/mirheo_starter/vendor/Mirheo/src/mirheo/core/postproc.cpp:122 Postprocess got a stopping message and will stop now
18:27:44:980  Rank 0001    INFO at /home/lzy/projects/mirheo_starter/vendor/Mirheo/src/mirheo/core/postproc.cpp:111 Postprocess is listening to messages now
18:27:45:181  Rank 0001    INFO at /home/lzy/projects/mirheo_starter/vendor/Mirheo/src/mirheo/core/postproc.cpp:122 Postprocess got a stopping message and will stop now
18:27:45:186  Rank 0001    INFO at /home/lzy/projects/mirheo_starter/vendor/Mirheo/src/mirheo/core/postproc.cpp:111 Postprocess is listening to messages now
18:27:45:389  Rank 0001    INFO at /home/lzy/projects/mirheo_starter/vendor/Mirheo/src/mirheo/core/postproc.cpp:122 Postprocess got a stopping message and will stop now
18:27:45:395  Rank 0001    INFO at /home/lzy/projects/mirheo_starter/vendor/Mirheo/src/mirheo/core/postproc.cpp:111 Postprocess is listening to messages now
18:27:45:587  Rank 0001    INFO at /home/lzy/projects/mirheo_starter/vendor/Mirheo/src/mirheo/core/postproc.cpp:122 Postprocess got a stopping message and will stop now
18:27:45:593  Rank 0001    INFO at /home/lzy/projects/mirheo_starter/vendor/Mirheo/src/mirheo/core/postproc.cpp:111 Postprocess is listening to messages now
18:27:45:789  Rank 0001    INFO at /home/lzy/projects/mirheo_starter/vendor/Mirheo/src/mirheo/core/postproc.cpp:122 Postprocess got a stopping message and will stop now
18:27:45:794  Rank 0001    INFO at /home/lzy/projects/mirheo_starter/vendor/Mirheo/src/mirheo/core/postproc.cpp:111 Postprocess is listening to messages now
18:27:45:999  Rank 0001    INFO at /home/lzy/projects/mirheo_starter/vendor/Mirheo/src/mirheo/core/postproc.cpp:122 Postprocess got a stopping message and will stop now
18:27:46:007  Rank 0001    INFO at /home/lzy/projects/mirheo_starter/vendor/Mirheo/src/mirheo/core/postproc.cpp:111 Postprocess is listening to messages now
18:27:46:209  Rank 0001    INFO at /home/lzy/projects/mirheo_starter/vendor/Mirheo/src/mirheo/core/postproc.cpp:122 Postprocess got a stopping message and will stop now
18:27:46:214  Rank 0001    INFO at /home/lzy/projects/mirheo_starter/vendor/Mirheo/src/mirheo/core/postproc.cpp:111 Postprocess is listening to messages now
18:27:46:417  Rank 0001    INFO at /home/lzy/projects/mirheo_starter/vendor/Mirheo/src/mirheo/core/postproc.cpp:122 Postprocess got a stopping message and will stop now
18:27:46:423  Rank 0001    INFO at /home/lzy/projects/mirheo_starter/vendor/Mirheo/src/mirheo/core/postproc.cpp:111 Postprocess is listening to messages now
18:27:46:618  Rank 0001    INFO at /home/lzy/projects/mirheo_starter/vendor/Mirheo/src/mirheo/core/postproc.cpp:122 Postprocess got a stopping message and will stop now
18:27:46:625  Rank 0001    INFO at /home/lzy/projects/mirheo_starter/vendor/Mirheo/src/mirheo/core/postproc.cpp:111 Postprocess is listening to messages now
18:27:46:825  Rank 0001    INFO at /home/lzy/projects/mirheo_starter/vendor/Mirheo/src/mirheo/core/postproc.cpp:122 Postprocess got a stopping message and will stop now
18:27:46:834  Rank 0001    INFO at /home/lzy/projects/mirheo_starter/vendor/Mirheo/src/mirheo/core/postproc.cpp:111 Postprocess is listening to messages now
18:27:47:033  Rank 0001    INFO at /home/lzy/projects/mirheo_starter/vendor/Mirheo/src/mirheo/core/postproc.cpp:122 Postprocess got a stopping message and will stop now
18:27:47:038  Rank 0001    INFO at /home/lzy/projects/mirheo_starter/vendor/Mirheo/src/mirheo/core/postproc.cpp:111 Postprocess is listening to messages now
18:27:47:233  Rank 0001    INFO at /home/lzy/projects/mirheo_starter/vendor/Mirheo/src/mirheo/core/postproc.cpp:122 Postprocess got a stopping message and will stop now
18:27:47:239  Rank 0001    INFO at /home/lzy/projects/mirheo_starter/vendor/Mirheo/src/mirheo/core/postproc.cpp:111 Postprocess is listening to messages now
18:27:47:439  Rank 0001    INFO at /home/lzy/projects/mirheo_starter/vendor/Mirheo/src/mirheo/core/postproc.cpp:122 Postprocess got a stopping message and will stop now
18:27:47:445  Rank 0001    INFO at /home/lzy/projects/mirheo_starter/vendor/Mirheo/src/mirheo/core/postproc.cpp:111 Postprocess is listening to messages now
18:27:47:648  Rank 0001    INFO at /home/lzy/projects/mirheo_starter/vendor/Mirheo/src/mirheo/core/postproc.cpp:122 Postprocess got a stopping message and will stop now
18:27:47:654  Rank 0001    INFO at /home/lzy/projects/mirheo_starter/vendor/Mirheo/src/mirheo/core/postproc.cpp:111 Postprocess is listening to messages now
18:27:47:860  Rank 0001    INFO at /home/lzy/projects/mirheo_starter/vendor/Mirheo/src/mirheo/core/postproc.cpp:122 Postprocess got a stopping message and will stop now
18:27:47:868  Rank 0001    INFO at /home/lzy/projects/mirheo_starter/vendor/Mirheo/src/mirheo/core/postproc.cpp:111 Postprocess is listening to messages now
18:27:48:069  Rank 0001    INFO at /home/lzy/projects/mirheo_starter/vendor/Mirheo/src/mirheo/core/postproc.cpp:122 Postprocess got a stopping message and will stop now
18:27:48:074  Rank 0001    INFO at /home/lzy/projects/mirheo_starter/vendor/Mirheo/src/mirheo/core/postproc.cpp:111 Postprocess is listening to messages now
18:27:48:288  Rank 0001    INFO at /home/lzy/projects/mirheo_starter/vendor/Mirheo/src/mirheo/core/postproc.cpp:122 Postprocess got a stopping message and will stop now
18:27:48:293  Rank 0001    INFO at /home/lzy/projects/mirheo_starter/vendor/Mirheo/src/mirheo/core/postproc.cpp:111 Postprocess is listening to messages now
18:27:48:493  Rank 0001    INFO at /home/lzy/projects/mirheo_starter/vendor/Mirheo/src/mirheo/core/postproc.cpp:122 Postprocess got a stopping message and will stop now
18:27:48:498  Rank 0001    INFO at /home/lzy/projects/mirheo_starter/vendor/Mirheo/src/mirheo/core/postproc.cpp:111 Postprocess is listening to messages now
18:27:48:697  Rank 0001    INFO at /home/lzy/projects/mirheo_starter/vendor/Mirheo/src/mirheo/core/postproc.cpp:122 Postprocess got a stopping message and will stop now
18:27:48:703  Rank 0001    INFO at /home/lzy/projects/mirheo_starter/vendor/Mirheo/src/mirheo/core/postproc.cpp:111 Postprocess is listening to messages now
18:27:48:909  Rank 0001    INFO at /home/lzy/projects/mirheo_starter/vendor/Mirheo/src/mirheo/core/postproc.cpp:122 Postprocess got a stopping message and will stop now
18:27:48:914  Rank 0001    INFO at /home/lzy/projects/mirheo_starter/vendor/Mirheo/src/mirheo/core/postproc.cpp:111 Postprocess is listening to messages now
18:27:49:110  Rank 0001    INFO at /home/lzy/projects/mirheo_starter/vendor/Mirheo/src/mirheo/core/postproc.cpp:122 Postprocess got a stopping message and will stop now
18:27:49:116  Rank 0001    INFO at /home/lzy/projects/mirheo_starter/vendor/Mirheo/src/mirheo/core/postproc.cpp:111 Postprocess is listening to messages now
18:27:49:322  Rank 0001    INFO at /home/lzy/projects/mirheo_starter/vendor/Mirheo/src/mirheo/core/postproc.cpp:122 Postprocess got a stopping message and will stop now
18:27:49:327  Rank 0001    INFO at /home/lzy/projects/mirheo_starter/vendor/Mirheo/src/mirheo/core/postproc.cpp:111 Postprocess is listening to messages now
18:27:49:537  Rank 0001    INFO at /home/lzy/projects/mirheo_starter/vendor/Mirheo/src/mirheo/core/postproc.cpp:122 Postprocess got a stopping message and will stop now
18:27:49:542  Rank 0001    INFO at /home/lzy/projects/mirheo_starter/vendor/Mirheo/src/mirheo/core/postproc.cpp:111 Postprocess is listening to messages now
18:27:49:747  Rank 0001    INFO at /home/lzy/projects/mirheo_starter/vendor/Mirheo/src/mirheo/core/postproc.cpp:122 Postprocess got a stopping message and will stop now
18:27:49:752  Rank 0001    INFO at /home/lzy/projects/mirheo_starter/vendor/Mirheo/src/mirheo/core/postproc.cpp:111 Postprocess is listening to messages now
18:27:49:958  Rank 0001    INFO at /home/lzy/projects/mirheo_starter/vendor/Mirheo/src/mirheo/core/postproc.cpp:122 Postprocess got a stopping message and will stop now
18:27:49:963  Rank 0001    INFO at /home/lzy/projects/mirheo_starter/vendor/Mirheo/src/mirheo/core/postproc.cpp:111 Postprocess is listening to messages now
18:27:50:162  Rank 0001    INFO at /home/lzy/projects/mirheo_starter/vendor/Mirheo/src/mirheo/core/postproc.cpp:122 Postprocess got a stopping message and will stop now
18:27:50:169  Rank 0001    INFO at /home/lzy/projects/mirheo_starter/vendor/Mirheo/src/mirheo/core/postproc.cpp:111 Postprocess is listening to messages now
18:27:50:362  Rank 0001    INFO at /home/lzy/projects/mirheo_starter/vendor/Mirheo/src/mirheo/core/postproc.cpp:122 Postprocess got a stopping message and will stop now
18:27:50:367  Rank 0001    INFO at /home/lzy/projects/mirheo_starter/vendor/Mirheo/src/mirheo/core/postproc.cpp:111 Postprocess is listening to messages now
18:27:50:568  Rank 0001    INFO at /home/lzy/projects/mirheo_starter/vendor/Mirheo/src/mirheo/core/postproc.cpp:122 Postprocess got a stopping message and will stop now
18:27:50:573  Rank 0001    INFO at /home/lzy/projects/mirheo_starter/vendor/Mirheo/src/mirheo/core/postproc.cpp:111 Postprocess is listening to messages now
18:27:50:781  Rank 0001    INFO at /home/lzy/projects/mirheo_starter/vendor/Mirheo/src/mirheo/core/postproc.cpp:122 Postprocess got a stopping message and will stop now
18:27:50:788  Rank 0001    INFO at /home/lzy/projects/mirheo_starter/vendor/Mirheo/src/mirheo/core/postproc.cpp:111 Postprocess is listening to messages now
18:27:50:995  Rank 0001    INFO at /home/lzy/projects/mirheo_starter/vendor/Mirheo/src/mirheo/core/postproc.cpp:122 Postprocess got a stopping message and will stop now
18:27:51:000  Rank 0001    INFO at /home/lzy/projects/mirheo_starter/vendor/Mirheo/src/mirheo/core/postproc.cpp:111 Postprocess is listening to messages now
18:27:51:200  Rank 0001    INFO at /home/lzy/projects/mirheo_starter/vendor/Mirheo/src/mirheo/core/postproc.cpp:122 Postprocess got a stopping message and will stop now
18:27:51:207  Rank 0001    INFO at /home/lzy/projects/mirheo_starter/vendor/Mirheo/src/mirheo/core/postproc.cpp:111 Postprocess is listening to messages now
18:27:51:406  Rank 0001    INFO at /home/lzy/projects/mirheo_starter/vendor/Mirheo/src/mirheo/core/postproc.cpp:122 Postprocess got a stopping message and will stop now
18:27:51:415  Rank 0001    INFO at /home/lzy/projects/mirheo_starter/vendor/Mirheo/src/mirheo/core/postproc.cpp:111 Postprocess is listening to messages now
18:27:51:610  Rank 0001    INFO at /home/lzy/projects/mirheo_starter/vendor/Mirheo/src/mirheo/core/postproc.cpp:122 Postprocess got a stopping message and will stop now
18:27:51:615  Rank 0001    INFO at /home/lzy/projects/mirheo_starter/vendor/Mirheo/src/mirheo/core/postproc.cpp:111 Postprocess is listening to messages now
18:27:51:819  Rank 0001    INFO at /home/lzy/projects/mirheo_starter/vendor/Mirheo/src/mirheo/core/postproc.cpp:122 Postprocess got a stopping message and will stop now
18:27:51:824  Rank 0001    INFO at /home/lzy/projects/mirheo_starter/vendor/Mirheo/src/mirheo/core/postproc.cpp:111 Postprocess is listening to messages now
18:27:52:038  Rank 0001    INFO at /home/lzy/projects/mirheo_starter/vendor/Mirheo/src/mirheo/core/postproc.cpp:122 Postprocess got a stopping message and will stop now
18:27:52:043  Rank 0001    INFO at /home/lzy/projects/mirheo_starter/vendor/Mirheo/src/mirheo/core/postproc.cpp:111 Postprocess is listening to messages now
18:27:52:240  Rank 0001    INFO at /home/lzy/projects/mirheo_starter/vendor/Mirheo/src/mirheo/core/postproc.cpp:122 Postprocess got a stopping message and will stop now
18:27:52:246  Rank 0001    INFO at /home/lzy/projects/mirheo_starter/vendor/Mirheo/src/mirheo/core/postproc.cpp:111 Postprocess is listening to messages now
18:27:52:451  Rank 0001    INFO at /home/lzy/projects/mirheo_starter/vendor/Mirheo/src/mirheo/core/postproc.cpp:122 Postprocess got a stopping message and will stop now
18:27:52:458  Rank 0001    INFO at /home/lzy/projects/mirheo_starter/vendor/Mirheo/src/mirheo/core/postproc.cpp:111 Postprocess is listening to messages now
18:27:52:655  Rank 0001    INFO at /home/lzy/projects/mirheo_starter/vendor/Mirheo/src/mirheo/core/postproc.cpp:122 Postprocess got a stopping message and will stop now
18:27:52:661  Rank 0001    INFO at /home/lzy/projects/mirheo_starter/vendor/Mirheo/src/mirheo/core/postproc.cpp:111 Postprocess is listening to messages now
18:27:52:863  Rank 0001    INFO at /home/lzy/projects/mirheo_starter/vendor/Mirheo/src/mirheo/core/postproc.cpp:122 Postprocess got a stopping message and will stop now
18:27:52:869  Rank 0001    INFO at /home/lzy/projects/mirheo_starter/vendor/Mirheo/src/mirheo/core/postproc.cpp:111 Postprocess is listening to messages now
18:27:53:067  Rank 0001    INFO at /home/lzy/projects/mirheo_starter/vendor/Mirheo/src/mirheo/core/postproc.cpp:122 Postprocess got a stopping message and will stop now
18:27:53:073  Rank 0001    INFO at /home/lzy/projects/mirheo_starter/vendor/Mirheo/src/mirheo/core/postproc.cpp:111 Postprocess is listening to messages now
18:27:53:283  Rank 0001    INFO at /home/lzy/projects/mirheo_starter/vendor/Mirheo/src/mirheo/core/postproc.cpp:122 Postprocess got a stopping message and will stop now
18:27:53:288  Rank 0001    INFO at /home/lzy/projects/mirheo_starter/vendor/Mirheo/src/mirheo/core/postproc.cpp:111 Postprocess is listening to messages now
18:27:53:487  Rank 0001    INFO at /home/lzy/projects/mirheo_starter/vendor/Mirheo/src/mirheo/core/postproc.cpp:122 Postprocess got a stopping message and will stop now
18:27:53:494  Rank 0001    INFO at /home/lzy/projects/mirheo_starter/vendor/Mirheo/src/mirheo/core/postproc.cpp:111 Postprocess is listening to messages now
18:27:53:691  Rank 0001    INFO at /home/lzy/projects/mirheo_starter/vendor/Mirheo/src/mirheo/core/postproc.cpp:122 Postprocess got a stopping message and will stop now
18:27:53:697  Rank 0001    INFO at /home/lzy/projects/mirheo_starter/vendor/Mirheo/src/mirheo/core/postproc.cpp:111 Postprocess is listening to messages now
18:27:53:892  Rank 0001    INFO at /home/lzy/projects/mirheo_starter/vendor/Mirheo/src/mirheo/core/postproc.cpp:122 Postprocess got a stopping message and will stop now
18:27:53:898  Rank 0001    INFO at /home/lzy/projects/mirheo_starter/vendor/Mirheo/src/mirheo/core/postproc.cpp:111 Postprocess is listening to messages now
18:27:54:088  Rank 0001    INFO at /home/lzy/projects/mirheo_starter/vendor/Mirheo/src/mirheo/core/postproc.cpp:122 Postprocess got a stopping message and will stop now
18:27:54:093  Rank 0001    INFO at /home/lzy/projects/mirheo_starter/vendor/Mirheo/src/mirheo/core/postproc.cpp:111 Postprocess is listening to messages now
18:27:54:293  Rank 0001    INFO at /home/lzy/projects/mirheo_starter/vendor/Mirheo/src/mirheo/core/postproc.cpp:122 Postprocess got a stopping message and will stop now
18:27:54:300  Rank 0001    INFO at /home/lzy/projects/mirheo_starter/vendor/Mirheo/src/mirheo/core/postproc.cpp:111 Postprocess is listening to messages now
18:27:54:505  Rank 0001    INFO at /home/lzy/projects/mirheo_starter/vendor/Mirheo/src/mirheo/core/postproc.cpp:122 Postprocess got a stopping message and will stop now
18:27:54:510  Rank 0001    INFO at /home/lzy/projects/mirheo_starter/vendor/Mirheo/src/mirheo/core/postproc.cpp:111 Postprocess is listening to messages now
18:27:54:706  Rank 0001    INFO at /home/lzy/projects/mirheo_starter/vendor/Mirheo/src/mirheo/core/postproc.cpp:122 Postprocess got a stopping message and will stop now
18:27:54:712  Rank 0001    INFO at /home/lzy/projects/mirheo_starter/vendor/Mirheo/src/mirheo/core/postproc.cpp:111 Postprocess is listening to messages now
18:27:54:914  Rank 0001    INFO at /home/lzy/projects/mirheo_starter/vendor/Mirheo/src/mirheo/core/postproc.cpp:122 Postprocess got a stopping message and will stop now
18:27:54:919  Rank 0001    INFO at /home/lzy/projects/mirheo_starter/vendor/Mirheo/src/mirheo/core/postproc.cpp:111 Postprocess is listening to messages now
18:27:55:128  Rank 0001    INFO at /home/lzy/projects/mirheo_starter/vendor/Mirheo/src/mirheo/core/postproc.cpp:122 Postprocess got a stopping message and will stop now
18:27:55:133  Rank 0001    INFO at /home/lzy/projects/mirheo_starter/vendor/Mirheo/src/mirheo/core/postproc.cpp:111 Postprocess is listening to messages now
18:27:55:330  Rank 0001    INFO at /home/lzy/projects/mirheo_starter/vendor/Mirheo/src/mirheo/core/postproc.cpp:122 Postprocess got a stopping message and will stop now
18:27:55:335  Rank 0001    INFO at /home/lzy/projects/mirheo_starter/vendor/Mirheo/src/mirheo/core/postproc.cpp:111 Postprocess is listening to messages now
18:27:55:540  Rank 0001    INFO at /home/lzy/projects/mirheo_starter/vendor/Mirheo/src/mirheo/core/postproc.cpp:122 Postprocess got a stopping message and will stop now
18:27:55:545  Rank 0001    INFO at /home/lzy/projects/mirheo_starter/vendor/Mirheo/src/mirheo/core/postproc.cpp:111 Postprocess is listening to messages now
18:27:55:753  Rank 0001    INFO at /home/lzy/projects/mirheo_starter/vendor/Mirheo/src/mirheo/core/postproc.cpp:122 Postprocess got a stopping message and will stop now
18:27:55:758  Rank 0001    INFO at /home/lzy/projects/mirheo_starter/vendor/Mirheo/src/mirheo/core/postproc.cpp:111 Postprocess is listening to messages now
18:27:55:962  Rank 0001    INFO at /home/lzy/projects/mirheo_starter/vendor/Mirheo/src/mirheo/core/postproc.cpp:122 Postprocess got a stopping message and will stop now
18:27:55:968  Rank 0001    INFO at /home/lzy/projects/mirheo_starter/vendor/Mirheo/src/mirheo/core/postproc.cpp:111 Postprocess is listening to messages now
18:27:56:163  Rank 0001    INFO at /home/lzy/projects/mirheo_starter/vendor/Mirheo/src/mirheo/core/postproc.cpp:122 Postprocess got a stopping message and will stop now
18:27:56:171  Rank 0001    INFO at /home/lzy/projects/mirheo_starter/vendor/Mirheo/src/mirheo/core/postproc.cpp:111 Postprocess is listening to messages now
18:27:56:371  Rank 0001    INFO at /home/lzy/projects/mirheo_starter/vendor/Mirheo/src/mirheo/core/postproc.cpp:122 Postprocess got a stopping message and will stop now
18:27:56:377  Rank 0001    INFO at /home/lzy/projects/mirheo_starter/vendor/Mirheo/src/mirheo/core/postproc.cpp:111 Postprocess is listening to messages now
18:27:56:574  Rank 0001    INFO at /home/lzy/projects/mirheo_starter/vendor/Mirheo/src/mirheo/core/postproc.cpp:122 Postprocess got a stopping message and will stop now
18:27:56:579  Rank 0001    INFO at /home/lzy/projects/mirheo_starter/vendor/Mirheo/src/mirheo/core/postproc.cpp:111 Postprocess is listening to messages now
18:27:56:786  Rank 0001    INFO at /home/lzy/projects/mirheo_starter/vendor/Mirheo/src/mirheo/core/postproc.cpp:122 Postprocess got a stopping message and will stop now
18:27:56:792  Rank 0001    INFO at /home/lzy/projects/mirheo_starter/vendor/Mirheo/src/mirheo/core/postproc.cpp:111 Postprocess is listening to messages now
18:27:56:992  Rank 0001    INFO at /home/lzy/projects/mirheo_starter/vendor/Mirheo/src/mirheo/core/postproc.cpp:122 Postprocess got a stopping message and will stop now
18:27:56:999  Rank 0001    INFO at /home/lzy/projects/mirheo_starter/vendor/Mirheo/src/mirheo/core/postproc.cpp:111 Postprocess is listening to messages now
18:27:57:210  Rank 0001    INFO at /home/lzy/projects/mirheo_starter/vendor/Mirheo/src/mirheo/core/postproc.cpp:122 Postprocess got a stopping message and will stop now
18:27:57:217  Rank 0001    INFO at /home/lzy/projects/mirheo_starter/vendor/Mirheo/src/mirheo/core/postproc.cpp:111 Postprocess is listening to messages now
18:27:57:418  Rank 0001    INFO at /home/lzy/projects/mirheo_starter/vendor/Mirheo/src/mirheo/core/postproc.cpp:122 Postprocess got a stopping message and will stop now
18:27:57:423  Rank 0001    INFO at /home/lzy/projects/mirheo_starter/vendor/Mirheo/src/mirheo/core/postproc.cpp:111 Postprocess is listening to messages now
18:27:57:616  Rank 0001    INFO at /home/lzy/projects/mirheo_starter/vendor/Mirheo/src/mirheo/core/postproc.cpp:122 Postprocess got a stopping message and will stop now
18:27:57:621  Rank 0001    INFO at /home/lzy/projects/mirheo_starter/vendor/Mirheo/src/mirheo/core/postproc.cpp:111 Postprocess is listening to messages now
18:27:57:816  Rank 0001    INFO at /home/lzy/projects/mirheo_starter/vendor/Mirheo/src/mirheo/core/postproc.cpp:122 Postprocess got a stopping message and will stop now
18:27:57:821  Rank 0001    INFO at /home/lzy/projects/mirheo_starter/vendor/Mirheo/src/mirheo/core/postproc.cpp:111 Postprocess is listening to messages now
18:27:58:019  Rank 0001    INFO at /home/lzy/projects/mirheo_starter/vendor/Mirheo/src/mirheo/core/postproc.cpp:122 Postprocess got a stopping message and will stop now
18:27:58:025  Rank 0001    INFO at /home/lzy/projects/mirheo_starter/vendor/Mirheo/src/mirheo/core/postproc.cpp:111 Postprocess is listening to messages now
18:27:58:222  Rank 0001    INFO at /home/lzy/projects/mirheo_starter/vendor/Mirheo/src/mirheo/core/postproc.cpp:122 Postprocess got a stopping message and will stop now
18:27:58:227  Rank 0001    INFO at /home/lzy/projects/mirheo_starter/vendor/Mirheo/src/mirheo/core/postproc.cpp:111 Postprocess is listening to messages now
18:27:58:427  Rank 0001    INFO at /home/lzy/projects/mirheo_starter/vendor/Mirheo/src/mirheo/core/postproc.cpp:122 Postprocess got a stopping message and will stop now
18:27:58:432  Rank 0001    INFO at /home/lzy/projects/mirheo_starter/vendor/Mirheo/src/mirheo/core/postproc.cpp:111 Postprocess is listening to messages now
18:27:58:635  Rank 0001    INFO at /home/lzy/projects/mirheo_starter/vendor/Mirheo/src/mirheo/core/postproc.cpp:122 Postprocess got a stopping message and will stop now
18:27:58:641  Rank 0001    INFO at /home/lzy/projects/mirheo_starter/vendor/Mirheo/src/mirheo/core/postproc.cpp:111 Postprocess is listening to messages now
18:27:58:838  Rank 0001    INFO at /home/lzy/projects/mirheo_starter/vendor/Mirheo/src/mirheo/core/postproc.cpp:122 Postprocess got a stopping message and will stop now
18:27:58:843  Rank 0001    INFO at /home/lzy/projects/mirheo_starter/vendor/Mirheo/src/mirheo/core/postproc.cpp:111 Postprocess is listening to messages now
18:27:59:045  Rank 0001    INFO at /home/lzy/projects/mirheo_starter/vendor/Mirheo/src/mirheo/core/postproc.cpp:122 Postprocess got a stopping message and will stop now
18:27:59:050  Rank 0001    INFO at /home/lzy/projects/mirheo_starter/vendor/Mirheo/src/mirheo/core/postproc.cpp:111 Postprocess is listening to messages now
18:27:59:242  Rank 0001    INFO at /home/lzy/projects/mirheo_starter/vendor/Mirheo/src/mirheo/core/postproc.cpp:122 Postprocess got a stopping message and will stop now
18:27:59:248  Rank 0001    INFO at /home/lzy/projects/mirheo_starter/vendor/Mirheo/src/mirheo/core/postproc.cpp:111 Postprocess is listening to messages now
18:27:59:447  Rank 0001    INFO at /home/lzy/projects/mirheo_starter/vendor/Mirheo/src/mirheo/core/postproc.cpp:122 Postprocess got a stopping message and will stop now
18:27:59:454  Rank 0001    INFO at /home/lzy/projects/mirheo_starter/vendor/Mirheo/src/mirheo/core/postproc.cpp:111 Postprocess is listening to messages now
18:27:59:643  Rank 0001    INFO at /home/lzy/projects/mirheo_starter/vendor/Mirheo/src/mirheo/core/postproc.cpp:122 Postprocess got a stopping message and will stop now
18:27:59:649  Rank 0001    INFO at /home/lzy/projects/mirheo_starter/vendor/Mirheo/src/mirheo/core/postproc.cpp:111 Postprocess is listening to messages now
18:27:59:850  Rank 0001    INFO at /home/lzy/projects/mirheo_starter/vendor/Mirheo/src/mirheo/core/postproc.cpp:122 Postprocess got a stopping message and will stop now
18:27:59:857  Rank 0001    INFO at /home/lzy/projects/mirheo_starter/vendor/Mirheo/src/mirheo/core/postproc.cpp:111 Postprocess is listening to messages now
18:28:00:057  Rank 0001    INFO at /home/lzy/projects/mirheo_starter/vendor/Mirheo/src/mirheo/core/postproc.cpp:122 Postprocess got a stopping message and will stop now
18:28:00:063  Rank 0001    INFO at /home/lzy/projects/mirheo_starter/vendor/Mirheo/src/mirheo/core/postproc.cpp:111 Postprocess is listening to messages now
18:28:00:269  Rank 0001    INFO at /home/lzy/projects/mirheo_starter/vendor/Mirheo/src/mirheo/core/postproc.cpp:122 Postprocess got a stopping message and will stop now
18:28:00:275  Rank 0001    INFO at /home/lzy/projects/mirheo_starter/vendor/Mirheo/src/mirheo/core/postproc.cpp:111 Postprocess is listening to messages now
18:28:00:471  Rank 0001    INFO at /home/lzy/projects/mirheo_starter/vendor/Mirheo/src/mirheo/core/postproc.cpp:122 Postprocess got a stopping message and will stop now
18:28:00:477  Rank 0001    INFO at /home/lzy/projects/mirheo_starter/vendor/Mirheo/src/mirheo/core/postproc.cpp:111 Postprocess is listening to messages now
18:28:00:676  Rank 0001    INFO at /home/lzy/projects/mirheo_starter/vendor/Mirheo/src/mirheo/core/postproc.cpp:122 Postprocess got a stopping message and will stop now
18:28:00:681  Rank 0001    INFO at /home/lzy/projects/mirheo_starter/vendor/Mirheo/src/mirheo/core/postproc.cpp:111 Postprocess is listening to messages now
18:28:00:881  Rank 0001    INFO at /home/lzy/projects/mirheo_starter/vendor/Mirheo/src/mirheo/core/postproc.cpp:122 Postprocess got a stopping message and will stop now
18:28:00:887  Rank 0001    INFO at /home/lzy/projects/mirheo_starter/vendor/Mirheo/src/mirheo/core/postproc.cpp:111 Postprocess is listening to messages now
18:28:01:089  Rank 0001    INFO at /home/lzy/projects/mirheo_starter/vendor/Mirheo/src/mirheo/core/postproc.cpp:122 Postprocess got a stopping message and will stop now
18:28:01:095  Rank 0001    INFO at /home/lzy/projects/mirheo_starter/vendor/Mirheo/src/mirheo/core/postproc.cpp:111 Postprocess is listening to messages now
18:28:01:297  Rank 0001    INFO at /home/lzy/projects/mirheo_starter/vendor/Mirheo/src/mirheo/core/postproc.cpp:122 Postprocess got a stopping message and will stop now
18:28:01:303  Rank 0001    INFO at /home/lzy/projects/mirheo_starter/vendor/Mirheo/src/mirheo/core/postproc.cpp:111 Postprocess is listening to messages now
18:28:01:505  Rank 0001    INFO at /home/lzy/projects/mirheo_starter/vendor/Mirheo/src/mirheo/core/postproc.cpp:122 Postprocess got a stopping message and will stop now
18:28:01:510  Rank 0001    INFO at /home/lzy/projects/mirheo_starter/vendor/Mirheo/src/mirheo/core/postproc.cpp:111 Postprocess is listening to messages now
18:28:01:710  Rank 0001    INFO at /home/lzy/projects/mirheo_starter/vendor/Mirheo/src/mirheo/core/postproc.cpp:122 Postprocess got a stopping message and will stop now
18:28:01:715  Rank 0001    INFO at /home/lzy/projects/mirheo_starter/vendor/Mirheo/src/mirheo/core/postproc.cpp:111 Postprocess is listening to messages now
18:28:01:920  Rank 0001    INFO at /home/lzy/projects/mirheo_starter/vendor/Mirheo/src/mirheo/core/postproc.cpp:122 Postprocess got a stopping message and will stop now
18:28:01:930  Rank 0001    INFO at /home/lzy/projects/mirheo_starter/vendor/Mirheo/src/mirheo/core/postproc.cpp:111 Postprocess is listening to messages now
18:28:02:131  Rank 0001    INFO at /home/lzy/projects/mirheo_starter/vendor/Mirheo/src/mirheo/core/postproc.cpp:122 Postprocess got a stopping message and will stop now
18:28:02:140  Rank 0001    INFO at /home/lzy/projects/mirheo_starter/vendor/Mirheo/src/mirheo/core/postproc.cpp:111 Postprocess is listening to messages now
18:28:02:345  Rank 0001    INFO at /home/lzy/projects/mirheo_starter/vendor/Mirheo/src/mirheo/core/postproc.cpp:122 Postprocess got a stopping message and will stop now
18:28:02:351  Rank 0001    INFO at /home/lzy/projects/mirheo_starter/vendor/Mirheo/src/mirheo/core/postproc.cpp:111 Postprocess is listening to messages now
18:28:02:557  Rank 0001    INFO at /home/lzy/projects/mirheo_starter/vendor/Mirheo/src/mirheo/core/postproc.cpp:122 Postprocess got a stopping message and will stop now
18:28:02:564  Rank 0001    INFO at /home/lzy/projects/mirheo_starter/vendor/Mirheo/src/mirheo/core/postproc.cpp:111 Postprocess is listening to messages now
18:28:02:761  Rank 0001    INFO at /home/lzy/projects/mirheo_starter/vendor/Mirheo/src/mirheo/core/postproc.cpp:122 Postprocess got a stopping message and will stop now
18:28:02:768  Rank 0001    INFO at /home/lzy/projects/mirheo_starter/vendor/Mirheo/src/mirheo/core/postproc.cpp:111 Postprocess is listening to messages now
18:28:02:975  Rank 0001    INFO at /home/lzy/projects/mirheo_starter/vendor/Mirheo/src/mirheo/core/postproc.cpp:122 Postprocess got a stopping message and will stop now
18:28:02:981  Rank 0001    INFO at /home/lzy/projects/mirheo_starter/vendor/Mirheo/src/mirheo/core/postproc.cpp:111 Postprocess is listening to messages now
18:28:03:181  Rank 0001    INFO at /home/lzy/projects/mirheo_starter/vendor/Mirheo/src/mirheo/core/postproc.cpp:122 Postprocess got a stopping message and will stop now
18:28:03:187  Rank 0001    INFO at /home/lzy/projects/mirheo_starter/vendor/Mirheo/src/mirheo/core/postproc.cpp:111 Postprocess is listening to messages now
18:28:03:390  Rank 0001    INFO at /home/lzy/projects/mirheo_starter/vendor/Mirheo/src/mirheo/core/postproc.cpp:122 Postprocess got a stopping message and will stop now
18:28:03:397  Rank 0001    INFO at /home/lzy/projects/mirheo_starter/vendor/Mirheo/src/mirheo/core/postproc.cpp:111 Postprocess is listening to messages now
18:28:03:599  Rank 0001    INFO at /home/lzy/projects/mirheo_starter/vendor/Mirheo/src/mirheo/core/postproc.cpp:122 Postprocess got a stopping message and will stop now
18:28:03:605  Rank 0001    INFO at /home/lzy/projects/mirheo_starter/vendor/Mirheo/src/mirheo/core/postproc.cpp:111 Postprocess is listening to messages now
18:28:03:800  Rank 0001    INFO at /home/lzy/projects/mirheo_starter/vendor/Mirheo/src/mirheo/core/postproc.cpp:122 Postprocess got a stopping message and will stop now
18:28:03:805  Rank 0001    INFO at /home/lzy/projects/mirheo_starter/vendor/Mirheo/src/mirheo/core/postproc.cpp:111 Postprocess is listening to messages now
18:28:04:001  Rank 0001    INFO at /home/lzy/projects/mirheo_starter/vendor/Mirheo/src/mirheo/core/postproc.cpp:122 Postprocess got a stopping message and will stop now
18:28:04:007  Rank 0001    INFO at /home/lzy/projects/mirheo_starter/vendor/Mirheo/src/mirheo/core/postproc.cpp:111 Postprocess is listening to messages now
18:28:04:210  Rank 0001    INFO at /home/lzy/projects/mirheo_starter/vendor/Mirheo/src/mirheo/core/postproc.cpp:122 Postprocess got a stopping message and will stop now
18:28:04:215  Rank 0001    INFO at /home/lzy/projects/mirheo_starter/vendor/Mirheo/src/mirheo/core/postproc.cpp:111 Postprocess is listening to messages now
18:28:04:431  Rank 0001    INFO at /home/lzy/projects/mirheo_starter/vendor/Mirheo/src/mirheo/core/postproc.cpp:122 Postprocess got a stopping message and will stop now
18:28:04:436  Rank 0001    INFO at /home/lzy/projects/mirheo_starter/vendor/Mirheo/src/mirheo/core/postproc.cpp:111 Postprocess is listening to messages now
18:28:04:631  Rank 0001    INFO at /home/lzy/projects/mirheo_starter/vendor/Mirheo/src/mirheo/core/postproc.cpp:122 Postprocess got a stopping message and will stop now
18:28:04:636  Rank 0001    INFO at /home/lzy/projects/mirheo_starter/vendor/Mirheo/src/mirheo/core/postproc.cpp:111 Postprocess is listening to messages now
18:28:04:833  Rank 0001    INFO at /home/lzy/projects/mirheo_starter/vendor/Mirheo/src/mirheo/core/postproc.cpp:122 Postprocess got a stopping message and will stop now
18:28:04:838  Rank 0001    INFO at /home/lzy/projects/mirheo_starter/vendor/Mirheo/src/mirheo/core/postproc.cpp:111 Postprocess is listening to messages now
18:28:05:036  Rank 0001    INFO at /home/lzy/projects/mirheo_starter/vendor/Mirheo/src/mirheo/core/postproc.cpp:122 Postprocess got a stopping message and will stop now
18:28:05:045  Rank 0001    INFO at /home/lzy/projects/mirheo_starter/vendor/Mirheo/src/mirheo/core/postproc.cpp:111 Postprocess is listening to messages now
18:28:05:266  Rank 0001    INFO at /home/lzy/projects/mirheo_starter/vendor/Mirheo/src/mirheo/core/postproc.cpp:122 Postprocess got a stopping message and will stop now
18:28:05:274  Rank 0001    INFO at /home/lzy/projects/mirheo_starter/vendor/Mirheo/src/mirheo/core/postproc.cpp:111 Postprocess is listening to messages now
18:28:05:467  Rank 0001    INFO at /home/lzy/projects/mirheo_starter/vendor/Mirheo/src/mirheo/core/postproc.cpp:122 Postprocess got a stopping message and will stop now
18:28:05:473  Rank 0001    INFO at /home/lzy/projects/mirheo_starter/vendor/Mirheo/src/mirheo/core/postproc.cpp:111 Postprocess is listening to messages now
18:28:05:674  Rank 0001    INFO at /home/lzy/projects/mirheo_starter/vendor/Mirheo/src/mirheo/core/postproc.cpp:122 Postprocess got a stopping message and will stop now
18:28:05:680  Rank 0001    INFO at /home/lzy/projects/mirheo_starter/vendor/Mirheo/src/mirheo/core/postproc.cpp:111 Postprocess is listening to messages now
18:28:05:875  Rank 0001    INFO at /home/lzy/projects/mirheo_starter/vendor/Mirheo/src/mirheo/core/postproc.cpp:122 Postprocess got a stopping message and will stop now
18:28:05:881  Rank 0001    INFO at /home/lzy/projects/mirheo_starter/vendor/Mirheo/src/mirheo/core/postproc.cpp:111 Postprocess is listening to messages now
18:28:06:079  Rank 0001    INFO at /home/lzy/projects/mirheo_starter/vendor/Mirheo/src/mirheo/core/postproc.cpp:122 Postprocess got a stopping message and will stop now
18:28:06:084  Rank 0001    INFO at /home/lzy/projects/mirheo_starter/vendor/Mirheo/src/mirheo/core/postproc.cpp:111 Postprocess is listening to messages now
18:28:06:289  Rank 0001    INFO at /home/lzy/projects/mirheo_starter/vendor/Mirheo/src/mirheo/core/postproc.cpp:122 Postprocess got a stopping message and will stop now
18:28:06:295  Rank 0001    INFO at /home/lzy/projects/mirheo_starter/vendor/Mirheo/src/mirheo/core/postproc.cpp:111 Postprocess is listening to messages now
18:28:06:492  Rank 0001    INFO at /home/lzy/projects/mirheo_starter/vendor/Mirheo/src/mirheo/core/postproc.cpp:122 Postprocess got a stopping message and will stop now
18:28:06:498  Rank 0001    INFO at /home/lzy/projects/mirheo_starter/vendor/Mirheo/src/mirheo/core/postproc.cpp:111 Postprocess is listening to messages now
18:28:06:703  Rank 0001    INFO at /home/lzy/projects/mirheo_starter/vendor/Mirheo/src/mirheo/core/postproc.cpp:122 Postprocess got a stopping message and will stop now
18:28:06:709  Rank 0001    INFO at /home/lzy/projects/mirheo_starter/vendor/Mirheo/src/mirheo/core/postproc.cpp:111 Postprocess is listening to messages now
18:28:06:915  Rank 0001    INFO at /home/lzy/projects/mirheo_starter/vendor/Mirheo/src/mirheo/core/postproc.cpp:122 Postprocess got a stopping message and will stop now
18:28:06:920  Rank 0001    INFO at /home/lzy/projects/mirheo_starter/vendor/Mirheo/src/mirheo/core/postproc.cpp:111 Postprocess is listening to messages now
18:28:07:122  Rank 0001    INFO at /home/lzy/projects/mirheo_starter/vendor/Mirheo/src/mirheo/core/postproc.cpp:122 Postprocess got a stopping message and will stop now
18:28:07:127  Rank 0001    INFO at /home/lzy/projects/mirheo_starter/vendor/Mirheo/src/mirheo/core/postproc.cpp:111 Postprocess is listening to messages now
18:28:07:325  Rank 0001    INFO at /home/lzy/projects/mirheo_starter/vendor/Mirheo/src/mirheo/core/postproc.cpp:122 Postprocess got a stopping message and will stop now
18:28:07:331  Rank 0001    INFO at /home/lzy/projects/mirheo_starter/vendor/Mirheo/src/mirheo/core/postproc.cpp:111 Postprocess is listening to messages now
18:28:07:535  Rank 0001    INFO at /home/lzy/projects/mirheo_starter/vendor/Mirheo/src/mirheo/core/postproc.cpp:122 Postprocess got a stopping message and will stop now
18:28:07:541  Rank 0001    INFO at /home/lzy/projects/mirheo_starter/vendor/Mirheo/src/mirheo/core/postproc.cpp:111 Postprocess is listening to messages now
18:28:07:746  Rank 0001    INFO at /home/lzy/projects/mirheo_starter/vendor/Mirheo/src/mirheo/core/postproc.cpp:122 Postprocess got a stopping message and will stop now
18:28:07:751  Rank 0001    INFO at /home/lzy/projects/mirheo_starter/vendor/Mirheo/src/mirheo/core/postproc.cpp:111 Postprocess is listening to messages now
18:28:07:955  Rank 0001    INFO at /home/lzy/projects/mirheo_starter/vendor/Mirheo/src/mirheo/core/postproc.cpp:122 Postprocess got a stopping message and will stop now
18:28:07:960  Rank 0001    INFO at /home/lzy/projects/mirheo_starter/vendor/Mirheo/src/mirheo/core/postproc.cpp:111 Postprocess is listening to messages now
18:28:08:162  Rank 0001    INFO at /home/lzy/projects/mirheo_starter/vendor/Mirheo/src/mirheo/core/postproc.cpp:122 Postprocess got a stopping message and will stop now
18:28:08:168  Rank 0001    INFO at /home/lzy/projects/mirheo_starter/vendor/Mirheo/src/mirheo/core/postproc.cpp:111 Postprocess is listening to messages now
18:28:08:378  Rank 0001    INFO at /home/lzy/projects/mirheo_starter/vendor/Mirheo/src/mirheo/core/postproc.cpp:122 Postprocess got a stopping message and will stop now
18:28:08:383  Rank 0001    INFO at /home/lzy/projects/mirheo_starter/vendor/Mirheo/src/mirheo/core/postproc.cpp:111 Postprocess is listening to messages now
18:28:08:584  Rank 0001    INFO at /home/lzy/projects/mirheo_starter/vendor/Mirheo/src/mirheo/core/postproc.cpp:122 Postprocess got a stopping message and will stop now
18:28:08:590  Rank 0001    INFO at /home/lzy/projects/mirheo_starter/vendor/Mirheo/src/mirheo/core/postproc.cpp:111 Postprocess is listening to messages now
18:28:08:788  Rank 0001    INFO at /home/lzy/projects/mirheo_starter/vendor/Mirheo/src/mirheo/core/postproc.cpp:122 Postprocess got a stopping message and will stop now
18:28:08:793  Rank 0001    INFO at /home/lzy/projects/mirheo_starter/vendor/Mirheo/src/mirheo/core/postproc.cpp:111 Postprocess is listening to messages now
18:28:08:985  Rank 0001    INFO at /home/lzy/projects/mirheo_starter/vendor/Mirheo/src/mirheo/core/postproc.cpp:122 Postprocess got a stopping message and will stop now
18:28:08:992  Rank 0001    INFO at /home/lzy/projects/mirheo_starter/vendor/Mirheo/src/mirheo/core/postproc.cpp:111 Postprocess is listening to messages now
18:28:09:189  Rank 0001    INFO at /home/lzy/projects/mirheo_starter/vendor/Mirheo/src/mirheo/core/postproc.cpp:122 Postprocess got a stopping message and will stop now
18:28:09:194  Rank 0001    INFO at /home/lzy/projects/mirheo_starter/vendor/Mirheo/src/mirheo/core/postproc.cpp:111 Postprocess is listening to messages now
18:28:09:393  Rank 0001    INFO at /home/lzy/projects/mirheo_starter/vendor/Mirheo/src/mirheo/core/postproc.cpp:122 Postprocess got a stopping message and will stop now
18:28:09:400  Rank 0001    INFO at /home/lzy/projects/mirheo_starter/vendor/Mirheo/src/mirheo/core/postproc.cpp:111 Postprocess is listening to messages now
18:28:09:599  Rank 0001    INFO at /home/lzy/projects/mirheo_starter/vendor/Mirheo/src/mirheo/core/postproc.cpp:122 Postprocess got a stopping message and will stop now
18:28:09:605  Rank 0001    INFO at /home/lzy/projects/mirheo_starter/vendor/Mirheo/src/mirheo/core/postproc.cpp:111 Postprocess is listening to messages now
18:28:09:808  Rank 0001    INFO at /home/lzy/projects/mirheo_starter/vendor/Mirheo/src/mirheo/core/postproc.cpp:122 Postprocess got a stopping message and will stop now
18:28:09:815  Rank 0001    INFO at /home/lzy/projects/mirheo_starter/vendor/Mirheo/src/mirheo/core/postproc.cpp:111 Postprocess is listening to messages now
18:28:10:024  Rank 0001    INFO at /home/lzy/projects/mirheo_starter/vendor/Mirheo/src/mirheo/core/postproc.cpp:122 Postprocess got a stopping message and will stop now
18:28:10:029  Rank 0001    INFO at /home/lzy/projects/mirheo_starter/vendor/Mirheo/src/mirheo/core/postproc.cpp:111 Postprocess is listening to messages now
18:28:10:226  Rank 0001    INFO at /home/lzy/projects/mirheo_starter/vendor/Mirheo/src/mirheo/core/postproc.cpp:122 Postprocess got a stopping message and will stop now
18:28:10:231  Rank 0001    INFO at /home/lzy/projects/mirheo_starter/vendor/Mirheo/src/mirheo/core/postproc.cpp:111 Postprocess is listening to messages now
18:28:10:429  Rank 0001    INFO at /home/lzy/projects/mirheo_starter/vendor/Mirheo/src/mirheo/core/postproc.cpp:122 Postprocess got a stopping message and will stop now
18:28:10:435  Rank 0001    INFO at /home/lzy/projects/mirheo_starter/vendor/Mirheo/src/mirheo/core/postproc.cpp:111 Postprocess is listening to messages now
18:28:10:647  Rank 0001    INFO at /home/lzy/projects/mirheo_starter/vendor/Mirheo/src/mirheo/core/postproc.cpp:122 Postprocess got a stopping message and will stop now
18:28:10:654  Rank 0001    INFO at /home/lzy/projects/mirheo_starter/vendor/Mirheo/src/mirheo/core/postproc.cpp:111 Postprocess is listening to messages now
18:28:10:846  Rank 0001    INFO at /home/lzy/projects/mirheo_starter/vendor/Mirheo/src/mirheo/core/postproc.cpp:122 Postprocess got a stopping message and will stop now
18:28:10:852  Rank 0001    INFO at /home/lzy/projects/mirheo_starter/vendor/Mirheo/src/mirheo/core/postproc.cpp:111 Postprocess is listening to messages now
18:28:11:047  Rank 0001    INFO at /home/lzy/projects/mirheo_starter/vendor/Mirheo/src/mirheo/core/postproc.cpp:122 Postprocess got a stopping message and will stop now
18:28:11:053  Rank 0001    INFO at /home/lzy/projects/mirheo_starter/vendor/Mirheo/src/mirheo/core/postproc.cpp:111 Postprocess is listening to messages now
18:28:11:246  Rank 0001    INFO at /home/lzy/projects/mirheo_starter/vendor/Mirheo/src/mirheo/core/postproc.cpp:122 Postprocess got a stopping message and will stop now
18:28:11:252  Rank 0001    INFO at /home/lzy/projects/mirheo_starter/vendor/Mirheo/src/mirheo/core/postproc.cpp:111 Postprocess is listening to messages now
18:28:11:443  Rank 0001    INFO at /home/lzy/projects/mirheo_starter/vendor/Mirheo/src/mirheo/core/postproc.cpp:122 Postprocess got a stopping message and will stop now
18:28:11:449  Rank 0001    INFO at /home/lzy/projects/mirheo_starter/vendor/Mirheo/src/mirheo/core/postproc.cpp:111 Postprocess is listening to messages now
18:28:11:642  Rank 0001    INFO at /home/lzy/projects/mirheo_starter/vendor/Mirheo/src/mirheo/core/postproc.cpp:122 Postprocess got a stopping message and will stop now
18:28:11:648  Rank 0001    INFO at /home/lzy/projects/mirheo_starter/vendor/Mirheo/src/mirheo/core/postproc.cpp:111 Postprocess is listening to messages now
18:28:11:851  Rank 0001    INFO at /home/lzy/projects/mirheo_starter/vendor/Mirheo/src/mirheo/core/postproc.cpp:122 Postprocess got a stopping message and will stop now
18:28:11:857  Rank 0001    INFO at /home/lzy/projects/mirheo_starter/vendor/Mirheo/src/mirheo/core/postproc.cpp:111 Postprocess is listening to messages now
18:28:12:049  Rank 0001    INFO at /home/lzy/projects/mirheo_starter/vendor/Mirheo/src/mirheo/core/postproc.cpp:122 Postprocess got a stopping message and will stop now
18:28:12:056  Rank 0001    INFO at /home/lzy/projects/mirheo_starter/vendor/Mirheo/src/mirheo/core/postproc.cpp:111 Postprocess is listening to messages now
18:28:12:254  Rank 0001    INFO at /home/lzy/projects/mirheo_starter/vendor/Mirheo/src/mirheo/core/postproc.cpp:122 Postprocess got a stopping message and will stop now
18:28:12:260  Rank 0001    INFO at /home/lzy/projects/mirheo_starter/vendor/Mirheo/src/mirheo/core/postproc.cpp:111 Postprocess is listening to messages now
18:28:12:463  Rank 0001    INFO at /home/lzy/projects/mirheo_starter/vendor/Mirheo/src/mirheo/core/postproc.cpp:122 Postprocess got a stopping message and will stop now
18:28:12:469  Rank 0001    INFO at /home/lzy/projects/mirheo_starter/vendor/Mirheo/src/mirheo/core/postproc.cpp:111 Postprocess is listening to messages now
18:28:12:666  Rank 0001    INFO at /home/lzy/projects/mirheo_starter/vendor/Mirheo/src/mirheo/core/postproc.cpp:122 Postprocess got a stopping message and will stop now
18:28:12:672  Rank 0001    INFO at /home/lzy/projects/mirheo_starter/vendor/Mirheo/src/mirheo/core/postproc.cpp:111 Postprocess is listening to messages now
18:28:12:862  Rank 0001    INFO at /home/lzy/projects/mirheo_starter/vendor/Mirheo/src/mirheo/core/postproc.cpp:122 Postprocess got a stopping message and will stop now
18:28:12:868  Rank 0001    INFO at /home/lzy/projects/mirheo_starter/vendor/Mirheo/src/mirheo/core/postproc.cpp:111 Postprocess is listening to messages now
18:28:13:058  Rank 0001    INFO at /home/lzy/projects/mirheo_starter/vendor/Mirheo/src/mirheo/core/postproc.cpp:122 Postprocess got a stopping message and will stop now
18:28:13:063  Rank 0001    INFO at /home/lzy/projects/mirheo_starter/vendor/Mirheo/src/mirheo/core/postproc.cpp:111 Postprocess is listening to messages now
18:28:13:254  Rank 0001    INFO at /home/lzy/projects/mirheo_starter/vendor/Mirheo/src/mirheo/core/postproc.cpp:122 Postprocess got a stopping message and will stop now
18:28:13:259  Rank 0001    INFO at /home/lzy/projects/mirheo_starter/vendor/Mirheo/src/mirheo/core/postproc.cpp:111 Postprocess is listening to messages now
18:28:13:455  Rank 0001    INFO at /home/lzy/projects/mirheo_starter/vendor/Mirheo/src/mirheo/core/postproc.cpp:122 Postprocess got a stopping message and will stop now
18:28:13:461  Rank 0001    INFO at /home/lzy/projects/mirheo_starter/vendor/Mirheo/src/mirheo/core/postproc.cpp:111 Postprocess is listening to messages now
18:28:13:649  Rank 0001    INFO at /home/lzy/projects/mirheo_starter/vendor/Mirheo/src/mirheo/core/postproc.cpp:122 Postprocess got a stopping message and will stop now
18:28:13:654  Rank 0001    INFO at /home/lzy/projects/mirheo_starter/vendor/Mirheo/src/mirheo/core/postproc.cpp:111 Postprocess is listening to messages now
18:28:13:843  Rank 0001    INFO at /home/lzy/projects/mirheo_starter/vendor/Mirheo/src/mirheo/core/postproc.cpp:122 Postprocess got a stopping message and will stop now
18:28:13:849  Rank 0001    INFO at /home/lzy/projects/mirheo_starter/vendor/Mirheo/src/mirheo/core/postproc.cpp:111 Postprocess is listening to messages now
18:28:14:038  Rank 0001    INFO at /home/lzy/projects/mirheo_starter/vendor/Mirheo/src/mirheo/core/postproc.cpp:122 Postprocess got a stopping message and will stop now
18:28:14:043  Rank 0001    INFO at /home/lzy/projects/mirheo_starter/vendor/Mirheo/src/mirheo/core/postproc.cpp:111 Postprocess is listening to messages now
18:28:14:240  Rank 0001    INFO at /home/lzy/projects/mirheo_starter/vendor/Mirheo/src/mirheo/core/postproc.cpp:122 Postprocess got a stopping message and will stop now
18:28:14:245  Rank 0001    INFO at /home/lzy/projects/mirheo_starter/vendor/Mirheo/src/mirheo/core/postproc.cpp:111 Postprocess is listening to messages now
18:28:14:441  Rank 0001    INFO at /home/lzy/projects/mirheo_starter/vendor/Mirheo/src/mirheo/core/postproc.cpp:122 Postprocess got a stopping message and will stop now
18:28:14:446  Rank 0001    INFO at /home/lzy/projects/mirheo_starter/vendor/Mirheo/src/mirheo/core/postproc.cpp:111 Postprocess is listening to messages now
18:28:14:633  Rank 0001    INFO at /home/lzy/projects/mirheo_starter/vendor/Mirheo/src/mirheo/core/postproc.cpp:122 Postprocess got a stopping message and will stop now
18:28:14:639  Rank 0001    INFO at /home/lzy/projects/mirheo_starter/vendor/Mirheo/src/mirheo/core/postproc.cpp:111 Postprocess is listening to messages now
18:28:14:828  Rank 0001    INFO at /home/lzy/projects/mirheo_starter/vendor/Mirheo/src/mirheo/core/postproc.cpp:122 Postprocess got a stopping message and will stop now
18:28:14:834  Rank 0001    INFO at /home/lzy/projects/mirheo_starter/vendor/Mirheo/src/mirheo/core/postproc.cpp:111 Postprocess is listening to messages now
18:28:15:022  Rank 0001    INFO at /home/lzy/projects/mirheo_starter/vendor/Mirheo/src/mirheo/core/postproc.cpp:122 Postprocess got a stopping message and will stop now
18:28:15:028  Rank 0001    INFO at /home/lzy/projects/mirheo_starter/vendor/Mirheo/src/mirheo/core/postproc.cpp:111 Postprocess is listening to messages now
18:28:15:212  Rank 0001    INFO at /home/lzy/projects/mirheo_starter/vendor/Mirheo/src/mirheo/core/postproc.cpp:122 Postprocess got a stopping message and will stop now
18:28:15:217  Rank 0001    INFO at /home/lzy/projects/mirheo_starter/vendor/Mirheo/src/mirheo/core/postproc.cpp:111 Postprocess is listening to messages now
18:28:15:404  Rank 0001    INFO at /home/lzy/projects/mirheo_starter/vendor/Mirheo/src/mirheo/core/postproc.cpp:122 Postprocess got a stopping message and will stop now
18:28:15:413  Rank 0001    INFO at /home/lzy/projects/mirheo_starter/vendor/Mirheo/src/mirheo/core/postproc.cpp:111 Postprocess is listening to messages now
18:28:15:600  Rank 0001    INFO at /home/lzy/projects/mirheo_starter/vendor/Mirheo/src/mirheo/core/postproc.cpp:122 Postprocess got a stopping message and will stop now
18:28:15:606  Rank 0001    INFO at /home/lzy/projects/mirheo_starter/vendor/Mirheo/src/mirheo/core/postproc.cpp:111 Postprocess is listening to messages now
18:28:15:805  Rank 0001    INFO at /home/lzy/projects/mirheo_starter/vendor/Mirheo/src/mirheo/core/postproc.cpp:122 Postprocess got a stopping message and will stop now
18:28:15:812  Rank 0001    INFO at /home/lzy/projects/mirheo_starter/vendor/Mirheo/src/mirheo/core/postproc.cpp:111 Postprocess is listening to messages now
18:28:16:013  Rank 0001    INFO at /home/lzy/projects/mirheo_starter/vendor/Mirheo/src/mirheo/core/postproc.cpp:122 Postprocess got a stopping message and will stop now
18:28:16:019  Rank 0001    INFO at /home/lzy/projects/mirheo_starter/vendor/Mirheo/src/mirheo/core/postproc.cpp:111 Postprocess is listening to messages now
18:28:16:205  Rank 0001    INFO at /home/lzy/projects/mirheo_starter/vendor/Mirheo/src/mirheo/core/postproc.cpp:122 Postprocess got a stopping message and will stop now
18:28:16:211  Rank 0001    INFO at /home/lzy/projects/mirheo_starter/vendor/Mirheo/src/mirheo/core/postproc.cpp:111 Postprocess is listening to messages now
18:28:16:407  Rank 0001    INFO at /home/lzy/projects/mirheo_starter/vendor/Mirheo/src/mirheo/core/postproc.cpp:122 Postprocess got a stopping message and will stop now
18:28:16:413  Rank 0001    INFO at /home/lzy/projects/mirheo_starter/vendor/Mirheo/src/mirheo/core/postproc.cpp:111 Postprocess is listening to messages now
18:28:16:616  Rank 0001    INFO at /home/lzy/projects/mirheo_starter/vendor/Mirheo/src/mirheo/core/postproc.cpp:122 Postprocess got a stopping message and will stop now
18:28:16:622  Rank 0001    INFO at /home/lzy/projects/mirheo_starter/vendor/Mirheo/src/mirheo/core/postproc.cpp:111 Postprocess is listening to messages now
18:28:16:814  Rank 0001    INFO at /home/lzy/projects/mirheo_starter/vendor/Mirheo/src/mirheo/core/postproc.cpp:122 Postprocess got a stopping message and will stop now
18:28:16:820  Rank 0001    INFO at /home/lzy/projects/mirheo_starter/vendor/Mirheo/src/mirheo/core/postproc.cpp:111 Postprocess is listening to messages now
18:28:17:008  Rank 0001    INFO at /home/lzy/projects/mirheo_starter/vendor/Mirheo/src/mirheo/core/postproc.cpp:122 Postprocess got a stopping message and will stop now
18:28:17:013  Rank 0001    INFO at /home/lzy/projects/mirheo_starter/vendor/Mirheo/src/mirheo/core/postproc.cpp:111 Postprocess is listening to messages now
18:28:17:205  Rank 0001    INFO at /home/lzy/projects/mirheo_starter/vendor/Mirheo/src/mirheo/core/postproc.cpp:122 Postprocess got a stopping message and will stop now
18:28:17:210  Rank 0001    INFO at /home/lzy/projects/mirheo_starter/vendor/Mirheo/src/mirheo/core/postproc.cpp:111 Postprocess is listening to messages now
18:28:17:403  Rank 0001    INFO at /home/lzy/projects/mirheo_starter/vendor/Mirheo/src/mirheo/core/postproc.cpp:122 Postprocess got a stopping message and will stop now
18:28:17:408  Rank 0001    INFO at /home/lzy/projects/mirheo_starter/vendor/Mirheo/src/mirheo/core/postproc.cpp:111 Postprocess is listening to messages now
18:28:17:604  Rank 0001    INFO at /home/lzy/projects/mirheo_starter/vendor/Mirheo/src/mirheo/core/postproc.cpp:122 Postprocess got a stopping message and will stop now
18:28:17:609  Rank 0001    INFO at /home/lzy/projects/mirheo_starter/vendor/Mirheo/src/mirheo/core/postproc.cpp:111 Postprocess is listening to messages now
18:28:17:806  Rank 0001    INFO at /home/lzy/projects/mirheo_starter/vendor/Mirheo/src/mirheo/core/postproc.cpp:122 Postprocess got a stopping message and will stop now
18:28:17:812  Rank 0001    INFO at /home/lzy/projects/mirheo_starter/vendor/Mirheo/src/mirheo/core/postproc.cpp:111 Postprocess is listening to messages now
18:28:18:012  Rank 0001    INFO at /home/lzy/projects/mirheo_starter/vendor/Mirheo/src/mirheo/core/postproc.cpp:122 Postprocess got a stopping message and will stop now
18:28:18:018  Rank 0001    INFO at /home/lzy/projects/mirheo_starter/vendor/Mirheo/src/mirheo/core/postproc.cpp:111 Postprocess is listening to messages now
18:28:18:220  Rank 0001    INFO at /home/lzy/projects/mirheo_starter/vendor/Mirheo/src/mirheo/core/postproc.cpp:122 Postprocess got a stopping message and will stop now
18:28:18:227  Rank 0001    INFO at /home/lzy/projects/mirheo_starter/vendor/Mirheo/src/mirheo/core/postproc.cpp:111 Postprocess is listening to messages now
18:28:18:432  Rank 0001    INFO at /home/lzy/projects/mirheo_starter/vendor/Mirheo/src/mirheo/core/postproc.cpp:122 Postprocess got a stopping message and will stop now
18:28:18:441  Rank 0001    INFO at /home/lzy/projects/mirheo_starter/vendor/Mirheo/src/mirheo/core/postproc.cpp:111 Postprocess is listening to messages now
18:28:18:640  Rank 0001    INFO at /home/lzy/projects/mirheo_starter/vendor/Mirheo/src/mirheo/core/postproc.cpp:122 Postprocess got a stopping message and will stop now
18:28:18:650  Rank 0001    INFO at /home/lzy/projects/mirheo_starter/vendor/Mirheo/src/mirheo/core/postproc.cpp:111 Postprocess is listening to messages now
18:28:18:840  Rank 0001    INFO at /home/lzy/projects/mirheo_starter/vendor/Mirheo/src/mirheo/core/postproc.cpp:122 Postprocess got a stopping message and will stop now
18:28:18:845  Rank 0001    INFO at /home/lzy/projects/mirheo_starter/vendor/Mirheo/src/mirheo/core/postproc.cpp:111 Postprocess is listening to messages now
18:28:19:048  Rank 0001    INFO at /home/lzy/projects/mirheo_starter/vendor/Mirheo/src/mirheo/core/postproc.cpp:122 Postprocess got a stopping message and will stop now
18:28:19:053  Rank 0001    INFO at /home/lzy/projects/mirheo_starter/vendor/Mirheo/src/mirheo/core/postproc.cpp:111 Postprocess is listening to messages now
18:28:19:242  Rank 0001    INFO at /home/lzy/projects/mirheo_starter/vendor/Mirheo/src/mirheo/core/postproc.cpp:122 Postprocess got a stopping message and will stop now
18:28:19:247  Rank 0001    INFO at /home/lzy/projects/mirheo_starter/vendor/Mirheo/src/mirheo/core/postproc.cpp:111 Postprocess is listening to messages now
18:28:19:433  Rank 0001    INFO at /home/lzy/projects/mirheo_starter/vendor/Mirheo/src/mirheo/core/postproc.cpp:122 Postprocess got a stopping message and will stop now
18:28:19:440  Rank 0001    INFO at /home/lzy/projects/mirheo_starter/vendor/Mirheo/src/mirheo/core/postproc.cpp:111 Postprocess is listening to messages now
18:28:19:643  Rank 0001    INFO at /home/lzy/projects/mirheo_starter/vendor/Mirheo/src/mirheo/core/postproc.cpp:122 Postprocess got a stopping message and will stop now
18:28:19:648  Rank 0001    INFO at /home/lzy/projects/mirheo_starter/vendor/Mirheo/src/mirheo/core/postproc.cpp:111 Postprocess is listening to messages now
18:28:19:846  Rank 0001    INFO at /home/lzy/projects/mirheo_starter/vendor/Mirheo/src/mirheo/core/postproc.cpp:122 Postprocess got a stopping message and will stop now
18:28:19:851  Rank 0001    INFO at /home/lzy/projects/mirheo_starter/vendor/Mirheo/src/mirheo/core/postproc.cpp:111 Postprocess is listening to messages now
18:28:20:051  Rank 0001    INFO at /home/lzy/projects/mirheo_starter/vendor/Mirheo/src/mirheo/core/postproc.cpp:122 Postprocess got a stopping message and will stop now
18:28:20:056  Rank 0001    INFO at /home/lzy/projects/mirheo_starter/vendor/Mirheo/src/mirheo/core/postproc.cpp:111 Postprocess is listening to messages now
18:28:20:244  Rank 0001    INFO at /home/lzy/projects/mirheo_starter/vendor/Mirheo/src/mirheo/core/postproc.cpp:122 Postprocess got a stopping message and will stop now
18:28:20:250  Rank 0001    INFO at /home/lzy/projects/mirheo_starter/vendor/Mirheo/src/mirheo/core/postproc.cpp:111 Postprocess is listening to messages now
18:28:20:436  Rank 0001    INFO at /home/lzy/projects/mirheo_starter/vendor/Mirheo/src/mirheo/core/postproc.cpp:122 Postprocess got a stopping message and will stop now
18:28:20:441  Rank 0001    INFO at /home/lzy/projects/mirheo_starter/vendor/Mirheo/src/mirheo/core/postproc.cpp:111 Postprocess is listening to messages now
18:28:20:634  Rank 0001    INFO at /home/lzy/projects/mirheo_starter/vendor/Mirheo/src/mirheo/core/postproc.cpp:122 Postprocess got a stopping message and will stop now
18:28:20:640  Rank 0001    INFO at /home/lzy/projects/mirheo_starter/vendor/Mirheo/src/mirheo/core/postproc.cpp:111 Postprocess is listening to messages now
18:28:20:833  Rank 0001    INFO at /home/lzy/projects/mirheo_starter/vendor/Mirheo/src/mirheo/core/postproc.cpp:122 Postprocess got a stopping message and will stop now
18:28:20:838  Rank 0001    INFO at /home/lzy/projects/mirheo_starter/vendor/Mirheo/src/mirheo/core/postproc.cpp:111 Postprocess is listening to messages now
18:28:21:040  Rank 0001    INFO at /home/lzy/projects/mirheo_starter/vendor/Mirheo/src/mirheo/core/postproc.cpp:122 Postprocess got a stopping message and will stop now
18:28:21:045  Rank 0001    INFO at /home/lzy/projects/mirheo_starter/vendor/Mirheo/src/mirheo/core/postproc.cpp:111 Postprocess is listening to messages now
18:28:21:235  Rank 0001    INFO at /home/lzy/projects/mirheo_starter/vendor/Mirheo/src/mirheo/core/postproc.cpp:122 Postprocess got a stopping message and will stop now
18:28:21:240  Rank 0001    INFO at /home/lzy/projects/mirheo_starter/vendor/Mirheo/src/mirheo/core/postproc.cpp:111 Postprocess is listening to messages now
18:28:21:435  Rank 0001    INFO at /home/lzy/projects/mirheo_starter/vendor/Mirheo/src/mirheo/core/postproc.cpp:122 Postprocess got a stopping message and will stop now
18:28:21:441  Rank 0001    INFO at /home/lzy/projects/mirheo_starter/vendor/Mirheo/src/mirheo/core/postproc.cpp:111 Postprocess is listening to messages now
18:28:21:630  Rank 0001    INFO at /home/lzy/projects/mirheo_starter/vendor/Mirheo/src/mirheo/core/postproc.cpp:122 Postprocess got a stopping message and will stop now
18:28:21:636  Rank 0001    INFO at /home/lzy/projects/mirheo_starter/vendor/Mirheo/src/mirheo/core/postproc.cpp:111 Postprocess is listening to messages now
18:28:21:837  Rank 0001    INFO at /home/lzy/projects/mirheo_starter/vendor/Mirheo/src/mirheo/core/postproc.cpp:122 Postprocess got a stopping message and will stop now
18:28:21:843  Rank 0001    INFO at /home/lzy/projects/mirheo_starter/vendor/Mirheo/src/mirheo/core/postproc.cpp:111 Postprocess is listening to messages now
18:28:22:037  Rank 0001    INFO at /home/lzy/projects/mirheo_starter/vendor/Mirheo/src/mirheo/core/postproc.cpp:122 Postprocess got a stopping message and will stop now
18:28:22:042  Rank 0001    INFO at /home/lzy/projects/mirheo_starter/vendor/Mirheo/src/mirheo/core/postproc.cpp:111 Postprocess is listening to messages now
18:28:22:237  Rank 0001    INFO at /home/lzy/projects/mirheo_starter/vendor/Mirheo/src/mirheo/core/postproc.cpp:122 Postprocess got a stopping message and will stop now
18:28:22:243  Rank 0001    INFO at /home/lzy/projects/mirheo_starter/vendor/Mirheo/src/mirheo/core/postproc.cpp:111 Postprocess is listening to messages now
18:28:22:435  Rank 0001    INFO at /home/lzy/projects/mirheo_starter/vendor/Mirheo/src/mirheo/core/postproc.cpp:122 Postprocess got a stopping message and will stop now
18:28:22:442  Rank 0001    INFO at /home/lzy/projects/mirheo_starter/vendor/Mirheo/src/mirheo/core/postproc.cpp:111 Postprocess is listening to messages now
18:28:22:619  Rank 0001    INFO at /home/lzy/projects/mirheo_starter/vendor/Mirheo/src/mirheo/core/postproc.cpp:122 Postprocess got a stopping message and will stop now
18:28:22:624  Rank 0001    INFO at /home/lzy/projects/mirheo_starter/vendor/Mirheo/src/mirheo/core/postproc.cpp:111 Postprocess is listening to messages now
18:28:22:832  Rank 0001    INFO at /home/lzy/projects/mirheo_starter/vendor/Mirheo/src/mirheo/core/postproc.cpp:122 Postprocess got a stopping message and will stop now
18:28:22:839  Rank 0001    INFO at /home/lzy/projects/mirheo_starter/vendor/Mirheo/src/mirheo/core/postproc.cpp:111 Postprocess is listening to messages now
18:28:23:036  Rank 0001    INFO at /home/lzy/projects/mirheo_starter/vendor/Mirheo/src/mirheo/core/postproc.cpp:122 Postprocess got a stopping message and will stop now
18:28:23:041  Rank 0001    INFO at /home/lzy/projects/mirheo_starter/vendor/Mirheo/src/mirheo/core/postproc.cpp:111 Postprocess is listening to messages now
18:28:23:225  Rank 0001    INFO at /home/lzy/projects/mirheo_starter/vendor/Mirheo/src/mirheo/core/postproc.cpp:122 Postprocess got a stopping message and will stop now
18:28:23:231  Rank 0001    INFO at /home/lzy/projects/mirheo_starter/vendor/Mirheo/src/mirheo/core/postproc.cpp:111 Postprocess is listening to messages now
18:28:23:425  Rank 0001    INFO at /home/lzy/projects/mirheo_starter/vendor/Mirheo/src/mirheo/core/postproc.cpp:122 Postprocess got a stopping message and will stop now
18:28:23:430  Rank 0001    INFO at /home/lzy/projects/mirheo_starter/vendor/Mirheo/src/mirheo/core/postproc.cpp:111 Postprocess is listening to messages now
18:28:23:630  Rank 0001    INFO at /home/lzy/projects/mirheo_starter/vendor/Mirheo/src/mirheo/core/postproc.cpp:122 Postprocess got a stopping message and will stop now
18:28:23:638  Rank 0001    INFO at /home/lzy/projects/mirheo_starter/vendor/Mirheo/src/mirheo/core/postproc.cpp:111 Postprocess is listening to messages now
18:28:23:831  Rank 0001    INFO at /home/lzy/projects/mirheo_starter/vendor/Mirheo/src/mirheo/core/postproc.cpp:122 Postprocess got a stopping message and will stop now
18:28:23:837  Rank 0001    INFO at /home/lzy/projects/mirheo_starter/vendor/Mirheo/src/mirheo/core/postproc.cpp:111 Postprocess is listening to messages now
18:28:24:031  Rank 0001    INFO at /home/lzy/projects/mirheo_starter/vendor/Mirheo/src/mirheo/core/postproc.cpp:122 Postprocess got a stopping message and will stop now
18:28:24:036  Rank 0001    INFO at /home/lzy/projects/mirheo_starter/vendor/Mirheo/src/mirheo/core/postproc.cpp:111 Postprocess is listening to messages now
18:28:24:233  Rank 0001    INFO at /home/lzy/projects/mirheo_starter/vendor/Mirheo/src/mirheo/core/postproc.cpp:122 Postprocess got a stopping message and will stop now
18:28:24:238  Rank 0001    INFO at /home/lzy/projects/mirheo_starter/vendor/Mirheo/src/mirheo/core/postproc.cpp:111 Postprocess is listening to messages now
18:28:24:427  Rank 0001    INFO at /home/lzy/projects/mirheo_starter/vendor/Mirheo/src/mirheo/core/postproc.cpp:122 Postprocess got a stopping message and will stop now
18:28:24:432  Rank 0001    INFO at /home/lzy/projects/mirheo_starter/vendor/Mirheo/src/mirheo/core/postproc.cpp:111 Postprocess is listening to messages now
18:28:24:619  Rank 0001    INFO at /home/lzy/projects/mirheo_starter/vendor/Mirheo/src/mirheo/core/postproc.cpp:122 Postprocess got a stopping message and will stop now
18:28:24:624  Rank 0001    INFO at /home/lzy/projects/mirheo_starter/vendor/Mirheo/src/mirheo/core/postproc.cpp:111 Postprocess is listening to messages now
18:28:24:813  Rank 0001    INFO at /home/lzy/projects/mirheo_starter/vendor/Mirheo/src/mirheo/core/postproc.cpp:122 Postprocess got a stopping message and will stop now
18:28:24:818  Rank 0001    INFO at /home/lzy/projects/mirheo_starter/vendor/Mirheo/src/mirheo/core/postproc.cpp:111 Postprocess is listening to messages now
18:28:25:004  Rank 0001    INFO at /home/lzy/projects/mirheo_starter/vendor/Mirheo/src/mirheo/core/postproc.cpp:122 Postprocess got a stopping message and will stop now
18:28:25:010  Rank 0001    INFO at /home/lzy/projects/mirheo_starter/vendor/Mirheo/src/mirheo/core/postproc.cpp:111 Postprocess is listening to messages now
18:28:25:196  Rank 0001    INFO at /home/lzy/projects/mirheo_starter/vendor/Mirheo/src/mirheo/core/postproc.cpp:122 Postprocess got a stopping message and will stop now
18:28:25:201  Rank 0001    INFO at /home/lzy/projects/mirheo_starter/vendor/Mirheo/src/mirheo/core/postproc.cpp:111 Postprocess is listening to messages now
18:28:25:387  Rank 0001    INFO at /home/lzy/projects/mirheo_starter/vendor/Mirheo/src/mirheo/core/postproc.cpp:122 Postprocess got a stopping message and will stop now
18:28:25:394  Rank 0001    INFO at /home/lzy/projects/mirheo_starter/vendor/Mirheo/src/mirheo/core/postproc.cpp:111 Postprocess is listening to messages now
18:28:25:572  Rank 0001    INFO at /home/lzy/projects/mirheo_starter/vendor/Mirheo/src/mirheo/core/postproc.cpp:122 Postprocess got a stopping message and will stop now
18:28:25:578  Rank 0001    INFO at /home/lzy/projects/mirheo_starter/vendor/Mirheo/src/mirheo/core/postproc.cpp:111 Postprocess is listening to messages now
18:28:25:769  Rank 0001    INFO at /home/lzy/projects/mirheo_starter/vendor/Mirheo/src/mirheo/core/postproc.cpp:122 Postprocess got a stopping message and will stop now
18:28:25:775  Rank 0001    INFO at /home/lzy/projects/mirheo_starter/vendor/Mirheo/src/mirheo/core/postproc.cpp:111 Postprocess is listening to messages now
18:28:25:971  Rank 0001    INFO at /home/lzy/projects/mirheo_starter/vendor/Mirheo/src/mirheo/core/postproc.cpp:122 Postprocess got a stopping message and will stop now
18:28:25:977  Rank 0001    INFO at /home/lzy/projects/mirheo_starter/vendor/Mirheo/src/mirheo/core/postproc.cpp:111 Postprocess is listening to messages now
18:28:26:158  Rank 0001    INFO at /home/lzy/projects/mirheo_starter/vendor/Mirheo/src/mirheo/core/postproc.cpp:122 Postprocess got a stopping message and will stop now
18:28:26:165  Rank 0001    INFO at /home/lzy/projects/mirheo_starter/vendor/Mirheo/src/mirheo/core/postproc.cpp:111 Postprocess is listening to messages now
18:28:26:349  Rank 0001    INFO at /home/lzy/projects/mirheo_starter/vendor/Mirheo/src/mirheo/core/postproc.cpp:122 Postprocess got a stopping message and will stop now
18:28:26:355  Rank 0001    INFO at /home/lzy/projects/mirheo_starter/vendor/Mirheo/src/mirheo/core/postproc.cpp:111 Postprocess is listening to messages now
18:28:26:550  Rank 0001    INFO at /home/lzy/projects/mirheo_starter/vendor/Mirheo/src/mirheo/core/postproc.cpp:122 Postprocess got a stopping message and will stop now
18:28:26:557  Rank 0001    INFO at /home/lzy/projects/mirheo_starter/vendor/Mirheo/src/mirheo/core/postproc.cpp:111 Postprocess is listening to messages now
18:28:26:736  Rank 0001    INFO at /home/lzy/projects/mirheo_starter/vendor/Mirheo/src/mirheo/core/postproc.cpp:122 Postprocess got a stopping message and will stop now
18:28:26:741  Rank 0001    INFO at /home/lzy/projects/mirheo_starter/vendor/Mirheo/src/mirheo/core/postproc.cpp:111 Postprocess is listening to messages now
18:28:26:927  Rank 0001    INFO at /home/lzy/projects/mirheo_starter/vendor/Mirheo/src/mirheo/core/postproc.cpp:122 Postprocess got a stopping message and will stop now
18:28:26:932  Rank 0001    INFO at /home/lzy/projects/mirheo_starter/vendor/Mirheo/src/mirheo/core/postproc.cpp:111 Postprocess is listening to messages now
18:28:27:122  Rank 0001    INFO at /home/lzy/projects/mirheo_starter/vendor/Mirheo/src/mirheo/core/postproc.cpp:122 Postprocess got a stopping message and will stop now
18:28:27:128  Rank 0001    INFO at /home/lzy/projects/mirheo_starter/vendor/Mirheo/src/mirheo/core/postproc.cpp:111 Postprocess is listening to messages now
18:28:27:306  Rank 0001    INFO at /home/lzy/projects/mirheo_starter/vendor/Mirheo/src/mirheo/core/postproc.cpp:122 Postprocess got a stopping message and will stop now
18:28:27:311  Rank 0001    INFO at /home/lzy/projects/mirheo_starter/vendor/Mirheo/src/mirheo/core/postproc.cpp:111 Postprocess is listening to messages now
18:28:27:495  Rank 0001    INFO at /home/lzy/projects/mirheo_starter/vendor/Mirheo/src/mirheo/core/postproc.cpp:122 Postprocess got a stopping message and will stop now
18:28:27:500  Rank 0001    INFO at /home/lzy/projects/mirheo_starter/vendor/Mirheo/src/mirheo/core/postproc.cpp:111 Postprocess is listening to messages now
18:28:27:693  Rank 0001    INFO at /home/lzy/projects/mirheo_starter/vendor/Mirheo/src/mirheo/core/postproc.cpp:122 Postprocess got a stopping message and will stop now
18:28:27:701  Rank 0001    INFO at /home/lzy/projects/mirheo_starter/vendor/Mirheo/src/mirheo/core/postproc.cpp:111 Postprocess is listening to messages now
18:28:27:894  Rank 0001    INFO at /home/lzy/projects/mirheo_starter/vendor/Mirheo/src/mirheo/core/postproc.cpp:122 Postprocess got a stopping message and will stop now
18:28:27:899  Rank 0001    INFO at /home/lzy/projects/mirheo_starter/vendor/Mirheo/src/mirheo/core/postproc.cpp:111 Postprocess is listening to messages now
18:28:28:087  Rank 0001    INFO at /home/lzy/projects/mirheo_starter/vendor/Mirheo/src/mirheo/core/postproc.cpp:122 Postprocess got a stopping message and will stop now
18:28:28:092  Rank 0001    INFO at /home/lzy/projects/mirheo_starter/vendor/Mirheo/src/mirheo/core/postproc.cpp:111 Postprocess is listening to messages now
18:28:28:274  Rank 0001    INFO at /home/lzy/projects/mirheo_starter/vendor/Mirheo/src/mirheo/core/postproc.cpp:122 Postprocess got a stopping message and will stop now
18:28:28:280  Rank 0001    INFO at /home/lzy/projects/mirheo_starter/vendor/Mirheo/src/mirheo/core/postproc.cpp:111 Postprocess is listening to messages now
18:28:28:469  Rank 0001    INFO at /home/lzy/projects/mirheo_starter/vendor/Mirheo/src/mirheo/core/postproc.cpp:122 Postprocess got a stopping message and will stop now
18:28:28:474  Rank 0001    INFO at /home/lzy/projects/mirheo_starter/vendor/Mirheo/src/mirheo/core/postproc.cpp:111 Postprocess is listening to messages now
18:28:28:664  Rank 0001    INFO at /home/lzy/projects/mirheo_starter/vendor/Mirheo/src/mirheo/core/postproc.cpp:122 Postprocess got a stopping message and will stop now
18:28:28:670  Rank 0001    INFO at /home/lzy/projects/mirheo_starter/vendor/Mirheo/src/mirheo/core/postproc.cpp:111 Postprocess is listening to messages now
18:28:28:857  Rank 0001    INFO at /home/lzy/projects/mirheo_starter/vendor/Mirheo/src/mirheo/core/postproc.cpp:122 Postprocess got a stopping message and will stop now
18:28:28:862  Rank 0001    INFO at /home/lzy/projects/mirheo_starter/vendor/Mirheo/src/mirheo/core/postproc.cpp:111 Postprocess is listening to messages now
18:28:29:060  Rank 0001    INFO at /home/lzy/projects/mirheo_starter/vendor/Mirheo/src/mirheo/core/postproc.cpp:122 Postprocess got a stopping message and will stop now
18:28:29:065  Rank 0001    INFO at /home/lzy/projects/mirheo_starter/vendor/Mirheo/src/mirheo/core/postproc.cpp:111 Postprocess is listening to messages now
18:28:29:253  Rank 0001    INFO at /home/lzy/projects/mirheo_starter/vendor/Mirheo/src/mirheo/core/postproc.cpp:122 Postprocess got a stopping message and will stop now
18:28:29:259  Rank 0001    INFO at /home/lzy/projects/mirheo_starter/vendor/Mirheo/src/mirheo/core/postproc.cpp:111 Postprocess is listening to messages now
18:28:29:446  Rank 0001    INFO at /home/lzy/projects/mirheo_starter/vendor/Mirheo/src/mirheo/core/postproc.cpp:122 Postprocess got a stopping message and will stop now
18:28:29:452  Rank 0001    INFO at /home/lzy/projects/mirheo_starter/vendor/Mirheo/src/mirheo/core/postproc.cpp:111 Postprocess is listening to messages now
18:28:29:642  Rank 0001    INFO at /home/lzy/projects/mirheo_starter/vendor/Mirheo/src/mirheo/core/postproc.cpp:122 Postprocess got a stopping message and will stop now
18:28:29:647  Rank 0001    INFO at /home/lzy/projects/mirheo_starter/vendor/Mirheo/src/mirheo/core/postproc.cpp:111 Postprocess is listening to messages now
18:28:29:837  Rank 0001    INFO at /home/lzy/projects/mirheo_starter/vendor/Mirheo/src/mirheo/core/postproc.cpp:122 Postprocess got a stopping message and will stop now
18:28:29:842  Rank 0001    INFO at /home/lzy/projects/mirheo_starter/vendor/Mirheo/src/mirheo/core/postproc.cpp:111 Postprocess is listening to messages now
18:28:30:030  Rank 0001    INFO at /home/lzy/projects/mirheo_starter/vendor/Mirheo/src/mirheo/core/postproc.cpp:122 Postprocess got a stopping message and will stop now
18:28:30:035  Rank 0001    INFO at /home/lzy/projects/mirheo_starter/vendor/Mirheo/src/mirheo/core/postproc.cpp:111 Postprocess is listening to messages now
18:28:30:224  Rank 0001    INFO at /home/lzy/projects/mirheo_starter/vendor/Mirheo/src/mirheo/core/postproc.cpp:122 Postprocess got a stopping message and will stop now
18:28:30:230  Rank 0001    INFO at /home/lzy/projects/mirheo_starter/vendor/Mirheo/src/mirheo/core/postproc.cpp:111 Postprocess is listening to messages now
18:28:30:419  Rank 0001    INFO at /home/lzy/projects/mirheo_starter/vendor/Mirheo/src/mirheo/core/postproc.cpp:122 Postprocess got a stopping message and will stop now
18:28:30:424  Rank 0001    INFO at /home/lzy/projects/mirheo_starter/vendor/Mirheo/src/mirheo/core/postproc.cpp:111 Postprocess is listening to messages now
18:28:30:614  Rank 0001    INFO at /home/lzy/projects/mirheo_starter/vendor/Mirheo/src/mirheo/core/postproc.cpp:122 Postprocess got a stopping message and will stop now
18:28:30:619  Rank 0001    INFO at /home/lzy/projects/mirheo_starter/vendor/Mirheo/src/mirheo/core/postproc.cpp:111 Postprocess is listening to messages now
18:28:30:806  Rank 0001    INFO at /home/lzy/projects/mirheo_starter/vendor/Mirheo/src/mirheo/core/postproc.cpp:122 Postprocess got a stopping message and will stop now
18:28:30:812  Rank 0001    INFO at /home/lzy/projects/mirheo_starter/vendor/Mirheo/src/mirheo/core/postproc.cpp:111 Postprocess is listening to messages now
18:28:31:000  Rank 0001    INFO at /home/lzy/projects/mirheo_starter/vendor/Mirheo/src/mirheo/core/postproc.cpp:122 Postprocess got a stopping message and will stop now
18:28:31:005  Rank 0001    INFO at /home/lzy/projects/mirheo_starter/vendor/Mirheo/src/mirheo/core/postproc.cpp:111 Postprocess is listening to messages now
18:28:31:194  Rank 0001    INFO at /home/lzy/projects/mirheo_starter/vendor/Mirheo/src/mirheo/core/postproc.cpp:122 Postprocess got a stopping message and will stop now
18:28:31:199  Rank 0001    INFO at /home/lzy/projects/mirheo_starter/vendor/Mirheo/src/mirheo/core/postproc.cpp:111 Postprocess is listening to messages now
18:28:31:387  Rank 0001    INFO at /home/lzy/projects/mirheo_starter/vendor/Mirheo/src/mirheo/core/postproc.cpp:122 Postprocess got a stopping message and will stop now
18:28:31:393  Rank 0001    INFO at /home/lzy/projects/mirheo_starter/vendor/Mirheo/src/mirheo/core/postproc.cpp:111 Postprocess is listening to messages now
18:28:31:584  Rank 0001    INFO at /home/lzy/projects/mirheo_starter/vendor/Mirheo/src/mirheo/core/postproc.cpp:122 Postprocess got a stopping message and will stop now
18:28:31:589  Rank 0001    INFO at /home/lzy/projects/mirheo_starter/vendor/Mirheo/src/mirheo/core/postproc.cpp:111 Postprocess is listening to messages now
18:28:31:790  Rank 0001    INFO at /home/lzy/projects/mirheo_starter/vendor/Mirheo/src/mirheo/core/postproc.cpp:122 Postprocess got a stopping message and will stop now
18:28:31:801  Rank 0001    INFO at /home/lzy/projects/mirheo_starter/vendor/Mirheo/src/mirheo/core/postproc.cpp:111 Postprocess is listening to messages now
18:28:31:991  Rank 0001    INFO at /home/lzy/projects/mirheo_starter/vendor/Mirheo/src/mirheo/core/postproc.cpp:122 Postprocess got a stopping message and will stop now
18:28:31:997  Rank 0001    INFO at /home/lzy/projects/mirheo_starter/vendor/Mirheo/src/mirheo/core/postproc.cpp:111 Postprocess is listening to messages now
18:28:32:189  Rank 0001    INFO at /home/lzy/projects/mirheo_starter/vendor/Mirheo/src/mirheo/core/postproc.cpp:122 Postprocess got a stopping message and will stop now
18:28:32:195  Rank 0001    INFO at /home/lzy/projects/mirheo_starter/vendor/Mirheo/src/mirheo/core/postproc.cpp:111 Postprocess is listening to messages now
18:28:32:391  Rank 0001    INFO at /home/lzy/projects/mirheo_starter/vendor/Mirheo/src/mirheo/core/postproc.cpp:122 Postprocess got a stopping message and will stop now
18:28:32:397  Rank 0001    INFO at /home/lzy/projects/mirheo_starter/vendor/Mirheo/src/mirheo/core/postproc.cpp:111 Postprocess is listening to messages now
18:28:32:585  Rank 0001    INFO at /home/lzy/projects/mirheo_starter/vendor/Mirheo/src/mirheo/core/postproc.cpp:122 Postprocess got a stopping message and will stop now
18:28:32:592  Rank 0001    INFO at /home/lzy/projects/mirheo_starter/vendor/Mirheo/src/mirheo/core/postproc.cpp:111 Postprocess is listening to messages now
18:28:32:784  Rank 0001    INFO at /home/lzy/projects/mirheo_starter/vendor/Mirheo/src/mirheo/core/postproc.cpp:122 Postprocess got a stopping message and will stop now
18:28:32:789  Rank 0001    INFO at /home/lzy/projects/mirheo_starter/vendor/Mirheo/src/mirheo/core/postproc.cpp:111 Postprocess is listening to messages now
18:28:32:986  Rank 0001    INFO at /home/lzy/projects/mirheo_starter/vendor/Mirheo/src/mirheo/core/postproc.cpp:122 Postprocess got a stopping message and will stop now
18:28:32:991  Rank 0001    INFO at /home/lzy/projects/mirheo_starter/vendor/Mirheo/src/mirheo/core/postproc.cpp:111 Postprocess is listening to messages now
18:28:33:185  Rank 0001    INFO at /home/lzy/projects/mirheo_starter/vendor/Mirheo/src/mirheo/core/postproc.cpp:122 Postprocess got a stopping message and will stop now
18:28:33:190  Rank 0001    INFO at /home/lzy/projects/mirheo_starter/vendor/Mirheo/src/mirheo/core/postproc.cpp:111 Postprocess is listening to messages now
18:28:33:383  Rank 0001    INFO at /home/lzy/projects/mirheo_starter/vendor/Mirheo/src/mirheo/core/postproc.cpp:122 Postprocess got a stopping message and will stop now
18:28:33:389  Rank 0001    INFO at /home/lzy/projects/mirheo_starter/vendor/Mirheo/src/mirheo/core/postproc.cpp:111 Postprocess is listening to messages now
18:28:33:588  Rank 0001    INFO at /home/lzy/projects/mirheo_starter/vendor/Mirheo/src/mirheo/core/postproc.cpp:122 Postprocess got a stopping message and will stop now
18:28:33:593  Rank 0001    INFO at /home/lzy/projects/mirheo_starter/vendor/Mirheo/src/mirheo/core/postproc.cpp:111 Postprocess is listening to messages now
18:28:33:780  Rank 0001    INFO at /home/lzy/projects/mirheo_starter/vendor/Mirheo/src/mirheo/core/postproc.cpp:122 Postprocess got a stopping message and will stop now
18:28:33:788  Rank 0001    INFO at /home/lzy/projects/mirheo_starter/vendor/Mirheo/src/mirheo/core/postproc.cpp:111 Postprocess is listening to messages now
18:28:33:985  Rank 0001    INFO at /home/lzy/projects/mirheo_starter/vendor/Mirheo/src/mirheo/core/postproc.cpp:122 Postprocess got a stopping message and will stop now
18:28:33:991  Rank 0001    INFO at /home/lzy/projects/mirheo_starter/vendor/Mirheo/src/mirheo/core/postproc.cpp:111 Postprocess is listening to messages now
18:28:34:189  Rank 0001    INFO at /home/lzy/projects/mirheo_starter/vendor/Mirheo/src/mirheo/core/postproc.cpp:122 Postprocess got a stopping message and will stop now
18:28:34:196  Rank 0001    INFO at /home/lzy/projects/mirheo_starter/vendor/Mirheo/src/mirheo/core/postproc.cpp:111 Postprocess is listening to messages now
18:28:34:385  Rank 0001    INFO at /home/lzy/projects/mirheo_starter/vendor/Mirheo/src/mirheo/core/postproc.cpp:122 Postprocess got a stopping message and will stop now
18:28:34:390  Rank 0001    INFO at /home/lzy/projects/mirheo_starter/vendor/Mirheo/src/mirheo/core/postproc.cpp:111 Postprocess is listening to messages now
18:28:34:590  Rank 0001    INFO at /home/lzy/projects/mirheo_starter/vendor/Mirheo/src/mirheo/core/postproc.cpp:122 Postprocess got a stopping message and will stop now
18:28:34:598  Rank 0001    INFO at /home/lzy/projects/mirheo_starter/vendor/Mirheo/src/mirheo/core/postproc.cpp:111 Postprocess is listening to messages now
18:28:34:805  Rank 0001    INFO at /home/lzy/projects/mirheo_starter/vendor/Mirheo/src/mirheo/core/postproc.cpp:122 Postprocess got a stopping message and will stop now
18:28:34:810  Rank 0001    INFO at /home/lzy/projects/mirheo_starter/vendor/Mirheo/src/mirheo/core/postproc.cpp:111 Postprocess is listening to messages now
18:28:35:007  Rank 0001    INFO at /home/lzy/projects/mirheo_starter/vendor/Mirheo/src/mirheo/core/postproc.cpp:122 Postprocess got a stopping message and will stop now
18:28:35:012  Rank 0001    INFO at /home/lzy/projects/mirheo_starter/vendor/Mirheo/src/mirheo/core/postproc.cpp:111 Postprocess is listening to messages now
18:28:35:197  Rank 0001    INFO at /home/lzy/projects/mirheo_starter/vendor/Mirheo/src/mirheo/core/postproc.cpp:122 Postprocess got a stopping message and will stop now
18:28:35:203  Rank 0001    INFO at /home/lzy/projects/mirheo_starter/vendor/Mirheo/src/mirheo/core/postproc.cpp:111 Postprocess is listening to messages now
18:28:35:390  Rank 0001    INFO at /home/lzy/projects/mirheo_starter/vendor/Mirheo/src/mirheo/core/postproc.cpp:122 Postprocess got a stopping message and will stop now
18:28:35:396  Rank 0001    INFO at /home/lzy/projects/mirheo_starter/vendor/Mirheo/src/mirheo/core/postproc.cpp:111 Postprocess is listening to messages now
18:28:35:602  Rank 0001    INFO at /home/lzy/projects/mirheo_starter/vendor/Mirheo/src/mirheo/core/postproc.cpp:122 Postprocess got a stopping message and will stop now
18:28:35:608  Rank 0001    INFO at /home/lzy/projects/mirheo_starter/vendor/Mirheo/src/mirheo/core/postproc.cpp:111 Postprocess is listening to messages now
18:28:35:796  Rank 0001    INFO at /home/lzy/projects/mirheo_starter/vendor/Mirheo/src/mirheo/core/postproc.cpp:122 Postprocess got a stopping message and will stop now
18:28:35:802  Rank 0001    INFO at /home/lzy/projects/mirheo_starter/vendor/Mirheo/src/mirheo/core/postproc.cpp:111 Postprocess is listening to messages now
18:28:35:989  Rank 0001    INFO at /home/lzy/projects/mirheo_starter/vendor/Mirheo/src/mirheo/core/postproc.cpp:122 Postprocess got a stopping message and will stop now
18:28:35:995  Rank 0001    INFO at /home/lzy/projects/mirheo_starter/vendor/Mirheo/src/mirheo/core/postproc.cpp:111 Postprocess is listening to messages now
18:28:36:180  Rank 0001    INFO at /home/lzy/projects/mirheo_starter/vendor/Mirheo/src/mirheo/core/postproc.cpp:122 Postprocess got a stopping message and will stop now
18:28:36:187  Rank 0001    INFO at /home/lzy/projects/mirheo_starter/vendor/Mirheo/src/mirheo/core/postproc.cpp:111 Postprocess is listening to messages now
18:28:36:392  Rank 0001    INFO at /home/lzy/projects/mirheo_starter/vendor/Mirheo/src/mirheo/core/postproc.cpp:122 Postprocess got a stopping message and will stop now
18:28:36:398  Rank 0001    INFO at /home/lzy/projects/mirheo_starter/vendor/Mirheo/src/mirheo/core/postproc.cpp:111 Postprocess is listening to messages now
18:28:36:596  Rank 0001    INFO at /home/lzy/projects/mirheo_starter/vendor/Mirheo/src/mirheo/core/postproc.cpp:122 Postprocess got a stopping message and will stop now
18:28:36:602  Rank 0001    INFO at /home/lzy/projects/mirheo_starter/vendor/Mirheo/src/mirheo/core/postproc.cpp:111 Postprocess is listening to messages now
18:28:36:794  Rank 0001    INFO at /home/lzy/projects/mirheo_starter/vendor/Mirheo/src/mirheo/core/postproc.cpp:122 Postprocess got a stopping message and will stop now
18:28:36:799  Rank 0001    INFO at /home/lzy/projects/mirheo_starter/vendor/Mirheo/src/mirheo/core/postproc.cpp:111 Postprocess is listening to messages now
18:28:36:990  Rank 0001    INFO at /home/lzy/projects/mirheo_starter/vendor/Mirheo/src/mirheo/core/postproc.cpp:122 Postprocess got a stopping message and will stop now
18:28:36:996  Rank 0001    INFO at /home/lzy/projects/mirheo_starter/vendor/Mirheo/src/mirheo/core/postproc.cpp:111 Postprocess is listening to messages now
18:28:37:183  Rank 0001    INFO at /home/lzy/projects/mirheo_starter/vendor/Mirheo/src/mirheo/core/postproc.cpp:122 Postprocess got a stopping message and will stop now
18:28:37:189  Rank 0001    INFO at /home/lzy/projects/mirheo_starter/vendor/Mirheo/src/mirheo/core/postproc.cpp:111 Postprocess is listening to messages now
18:28:37:384  Rank 0001    INFO at /home/lzy/projects/mirheo_starter/vendor/Mirheo/src/mirheo/core/postproc.cpp:122 Postprocess got a stopping message and will stop now
18:28:37:389  Rank 0001    INFO at /home/lzy/projects/mirheo_starter/vendor/Mirheo/src/mirheo/core/postproc.cpp:111 Postprocess is listening to messages now
18:28:37:577  Rank 0001    INFO at /home/lzy/projects/mirheo_starter/vendor/Mirheo/src/mirheo/core/postproc.cpp:122 Postprocess got a stopping message and will stop now
18:28:37:582  Rank 0001    INFO at /home/lzy/projects/mirheo_starter/vendor/Mirheo/src/mirheo/core/postproc.cpp:111 Postprocess is listening to messages now
18:28:37:766  Rank 0001    INFO at /home/lzy/projects/mirheo_starter/vendor/Mirheo/src/mirheo/core/postproc.cpp:122 Postprocess got a stopping message and will stop now
18:28:37:771  Rank 0001    INFO at /home/lzy/projects/mirheo_starter/vendor/Mirheo/src/mirheo/core/postproc.cpp:111 Postprocess is listening to messages now
18:28:37:954  Rank 0001    INFO at /home/lzy/projects/mirheo_starter/vendor/Mirheo/src/mirheo/core/postproc.cpp:122 Postprocess got a stopping message and will stop now
18:28:37:959  Rank 0001    INFO at /home/lzy/projects/mirheo_starter/vendor/Mirheo/src/mirheo/core/postproc.cpp:111 Postprocess is listening to messages now
18:28:38:146  Rank 0001    INFO at /home/lzy/projects/mirheo_starter/vendor/Mirheo/src/mirheo/core/postproc.cpp:122 Postprocess got a stopping message and will stop now
18:28:38:151  Rank 0001    INFO at /home/lzy/projects/mirheo_starter/vendor/Mirheo/src/mirheo/core/postproc.cpp:111 Postprocess is listening to messages now
18:28:38:336  Rank 0001    INFO at /home/lzy/projects/mirheo_starter/vendor/Mirheo/src/mirheo/core/postproc.cpp:122 Postprocess got a stopping message and will stop now
18:28:38:342  Rank 0001    INFO at /home/lzy/projects/mirheo_starter/vendor/Mirheo/src/mirheo/core/postproc.cpp:111 Postprocess is listening to messages now
18:28:38:536  Rank 0001    INFO at /home/lzy/projects/mirheo_starter/vendor/Mirheo/src/mirheo/core/postproc.cpp:122 Postprocess got a stopping message and will stop now
18:28:38:541  Rank 0001    INFO at /home/lzy/projects/mirheo_starter/vendor/Mirheo/src/mirheo/core/postproc.cpp:111 Postprocess is listening to messages now
18:28:38:739  Rank 0001    INFO at /home/lzy/projects/mirheo_starter/vendor/Mirheo/src/mirheo/core/postproc.cpp:122 Postprocess got a stopping message and will stop now
18:28:38:744  Rank 0001    INFO at /home/lzy/projects/mirheo_starter/vendor/Mirheo/src/mirheo/core/postproc.cpp:111 Postprocess is listening to messages now
18:28:38:930  Rank 0001    INFO at /home/lzy/projects/mirheo_starter/vendor/Mirheo/src/mirheo/core/postproc.cpp:122 Postprocess got a stopping message and will stop now
18:28:38:936  Rank 0001    INFO at /home/lzy/projects/mirheo_starter/vendor/Mirheo/src/mirheo/core/postproc.cpp:111 Postprocess is listening to messages now
18:28:39:130  Rank 0001    INFO at /home/lzy/projects/mirheo_starter/vendor/Mirheo/src/mirheo/core/postproc.cpp:122 Postprocess got a stopping message and will stop now
18:28:39:138  Rank 0001    INFO at /home/lzy/projects/mirheo_starter/vendor/Mirheo/src/mirheo/core/postproc.cpp:111 Postprocess is listening to messages now
18:28:39:337  Rank 0001    INFO at /home/lzy/projects/mirheo_starter/vendor/Mirheo/src/mirheo/core/postproc.cpp:122 Postprocess got a stopping message and will stop now
18:28:39:343  Rank 0001    INFO at /home/lzy/projects/mirheo_starter/vendor/Mirheo/src/mirheo/core/postproc.cpp:111 Postprocess is listening to messages now
18:28:39:533  Rank 0001    INFO at /home/lzy/projects/mirheo_starter/vendor/Mirheo/src/mirheo/core/postproc.cpp:122 Postprocess got a stopping message and will stop now
18:28:39:539  Rank 0001    INFO at /home/lzy/projects/mirheo_starter/vendor/Mirheo/src/mirheo/core/postproc.cpp:111 Postprocess is listening to messages now
18:28:39:732  Rank 0001    INFO at /home/lzy/projects/mirheo_starter/vendor/Mirheo/src/mirheo/core/postproc.cpp:122 Postprocess got a stopping message and will stop now
18:28:39:738  Rank 0001    INFO at /home/lzy/projects/mirheo_starter/vendor/Mirheo/src/mirheo/core/postproc.cpp:111 Postprocess is listening to messages now
18:28:39:927  Rank 0001    INFO at /home/lzy/projects/mirheo_starter/vendor/Mirheo/src/mirheo/core/postproc.cpp:122 Postprocess got a stopping message and will stop now
18:28:39:933  Rank 0001    INFO at /home/lzy/projects/mirheo_starter/vendor/Mirheo/src/mirheo/core/postproc.cpp:111 Postprocess is listening to messages now
18:28:40:120  Rank 0001    INFO at /home/lzy/projects/mirheo_starter/vendor/Mirheo/src/mirheo/core/postproc.cpp:122 Postprocess got a stopping message and will stop now
18:28:40:126  Rank 0001    INFO at /home/lzy/projects/mirheo_starter/vendor/Mirheo/src/mirheo/core/postproc.cpp:111 Postprocess is listening to messages now
18:28:40:314  Rank 0001    INFO at /home/lzy/projects/mirheo_starter/vendor/Mirheo/src/mirheo/core/postproc.cpp:122 Postprocess got a stopping message and will stop now
18:28:40:319  Rank 0001    INFO at /home/lzy/projects/mirheo_starter/vendor/Mirheo/src/mirheo/core/postproc.cpp:111 Postprocess is listening to messages now
18:28:40:504  Rank 0001    INFO at /home/lzy/projects/mirheo_starter/vendor/Mirheo/src/mirheo/core/postproc.cpp:122 Postprocess got a stopping message and will stop now
18:28:40:510  Rank 0001    INFO at /home/lzy/projects/mirheo_starter/vendor/Mirheo/src/mirheo/core/postproc.cpp:111 Postprocess is listening to messages now
18:28:40:698  Rank 0001    INFO at /home/lzy/projects/mirheo_starter/vendor/Mirheo/src/mirheo/core/postproc.cpp:122 Postprocess got a stopping message and will stop now
18:28:40:705  Rank 0001    INFO at /home/lzy/projects/mirheo_starter/vendor/Mirheo/src/mirheo/core/postproc.cpp:111 Postprocess is listening to messages now
18:28:40:898  Rank 0001    INFO at /home/lzy/projects/mirheo_starter/vendor/Mirheo/src/mirheo/core/postproc.cpp:122 Postprocess got a stopping message and will stop now
18:28:40:903  Rank 0001    INFO at /home/lzy/projects/mirheo_starter/vendor/Mirheo/src/mirheo/core/postproc.cpp:111 Postprocess is listening to messages now
18:28:41:088  Rank 0001    INFO at /home/lzy/projects/mirheo_starter/vendor/Mirheo/src/mirheo/core/postproc.cpp:122 Postprocess got a stopping message and will stop now
18:28:41:094  Rank 0001    INFO at /home/lzy/projects/mirheo_starter/vendor/Mirheo/src/mirheo/core/postproc.cpp:111 Postprocess is listening to messages now
18:28:41:286  Rank 0001    INFO at /home/lzy/projects/mirheo_starter/vendor/Mirheo/src/mirheo/core/postproc.cpp:122 Postprocess got a stopping message and will stop now
18:28:41:292  Rank 0001    INFO at /home/lzy/projects/mirheo_starter/vendor/Mirheo/src/mirheo/core/postproc.cpp:111 Postprocess is listening to messages now
18:28:41:475  Rank 0001    INFO at /home/lzy/projects/mirheo_starter/vendor/Mirheo/src/mirheo/core/postproc.cpp:122 Postprocess got a stopping message and will stop now
18:28:41:481  Rank 0001    INFO at /home/lzy/projects/mirheo_starter/vendor/Mirheo/src/mirheo/core/postproc.cpp:111 Postprocess is listening to messages now
18:28:41:677  Rank 0001    INFO at /home/lzy/projects/mirheo_starter/vendor/Mirheo/src/mirheo/core/postproc.cpp:122 Postprocess got a stopping message and will stop now
18:28:41:684  Rank 0001    INFO at /home/lzy/projects/mirheo_starter/vendor/Mirheo/src/mirheo/core/postproc.cpp:111 Postprocess is listening to messages now
18:28:41:877  Rank 0001    INFO at /home/lzy/projects/mirheo_starter/vendor/Mirheo/src/mirheo/core/postproc.cpp:122 Postprocess got a stopping message and will stop now
18:28:41:884  Rank 0001    INFO at /home/lzy/projects/mirheo_starter/vendor/Mirheo/src/mirheo/core/postproc.cpp:111 Postprocess is listening to messages now
18:28:42:067  Rank 0001    INFO at /home/lzy/projects/mirheo_starter/vendor/Mirheo/src/mirheo/core/postproc.cpp:122 Postprocess got a stopping message and will stop now
18:28:42:073  Rank 0001    INFO at /home/lzy/projects/mirheo_starter/vendor/Mirheo/src/mirheo/core/postproc.cpp:111 Postprocess is listening to messages now
18:28:42:266  Rank 0001    INFO at /home/lzy/projects/mirheo_starter/vendor/Mirheo/src/mirheo/core/postproc.cpp:122 Postprocess got a stopping message and will stop now
18:28:42:273  Rank 0001    INFO at /home/lzy/projects/mirheo_starter/vendor/Mirheo/src/mirheo/core/postproc.cpp:111 Postprocess is listening to messages now
18:28:42:468  Rank 0001    INFO at /home/lzy/projects/mirheo_starter/vendor/Mirheo/src/mirheo/core/postproc.cpp:122 Postprocess got a stopping message and will stop now
18:28:42:476  Rank 0001    INFO at /home/lzy/projects/mirheo_starter/vendor/Mirheo/src/mirheo/core/postproc.cpp:111 Postprocess is listening to messages now
18:28:42:667  Rank 0001    INFO at /home/lzy/projects/mirheo_starter/vendor/Mirheo/src/mirheo/core/postproc.cpp:122 Postprocess got a stopping message and will stop now
18:28:42:674  Rank 0001    INFO at /home/lzy/projects/mirheo_starter/vendor/Mirheo/src/mirheo/core/postproc.cpp:111 Postprocess is listening to messages now
18:28:42:868  Rank 0001    INFO at /home/lzy/projects/mirheo_starter/vendor/Mirheo/src/mirheo/core/postproc.cpp:122 Postprocess got a stopping message and will stop now
18:28:42:873  Rank 0001    INFO at /home/lzy/projects/mirheo_starter/vendor/Mirheo/src/mirheo/core/postproc.cpp:111 Postprocess is listening to messages now
18:28:43:068  Rank 0001    INFO at /home/lzy/projects/mirheo_starter/vendor/Mirheo/src/mirheo/core/postproc.cpp:122 Postprocess got a stopping message and will stop now
18:28:43:073  Rank 0001    INFO at /home/lzy/projects/mirheo_starter/vendor/Mirheo/src/mirheo/core/postproc.cpp:111 Postprocess is listening to messages now
18:28:43:261  Rank 0001    INFO at /home/lzy/projects/mirheo_starter/vendor/Mirheo/src/mirheo/core/postproc.cpp:122 Postprocess got a stopping message and will stop now
18:28:43:266  Rank 0001    INFO at /home/lzy/projects/mirheo_starter/vendor/Mirheo/src/mirheo/core/postproc.cpp:111 Postprocess is listening to messages now
18:28:43:456  Rank 0001    INFO at /home/lzy/projects/mirheo_starter/vendor/Mirheo/src/mirheo/core/postproc.cpp:122 Postprocess got a stopping message and will stop now
18:28:43:462  Rank 0001    INFO at /home/lzy/projects/mirheo_starter/vendor/Mirheo/src/mirheo/core/postproc.cpp:111 Postprocess is listening to messages now
18:28:43:660  Rank 0001    INFO at /home/lzy/projects/mirheo_starter/vendor/Mirheo/src/mirheo/core/postproc.cpp:122 Postprocess got a stopping message and will stop now
18:28:43:666  Rank 0001    INFO at /home/lzy/projects/mirheo_starter/vendor/Mirheo/src/mirheo/core/postproc.cpp:111 Postprocess is listening to messages now
18:28:43:858  Rank 0001    INFO at /home/lzy/projects/mirheo_starter/vendor/Mirheo/src/mirheo/core/postproc.cpp:122 Postprocess got a stopping message and will stop now
18:28:43:863  Rank 0001    INFO at /home/lzy/projects/mirheo_starter/vendor/Mirheo/src/mirheo/core/postproc.cpp:111 Postprocess is listening to messages now
18:28:44:055  Rank 0001    INFO at /home/lzy/projects/mirheo_starter/vendor/Mirheo/src/mirheo/core/postproc.cpp:122 Postprocess got a stopping message and will stop now
18:28:44:061  Rank 0001    INFO at /home/lzy/projects/mirheo_starter/vendor/Mirheo/src/mirheo/core/postproc.cpp:111 Postprocess is listening to messages now
18:28:44:246  Rank 0001    INFO at /home/lzy/projects/mirheo_starter/vendor/Mirheo/src/mirheo/core/postproc.cpp:122 Postprocess got a stopping message and will stop now
18:28:44:252  Rank 0001    INFO at /home/lzy/projects/mirheo_starter/vendor/Mirheo/src/mirheo/core/postproc.cpp:111 Postprocess is listening to messages now
18:28:44:450  Rank 0001    INFO at /home/lzy/projects/mirheo_starter/vendor/Mirheo/src/mirheo/core/postproc.cpp:122 Postprocess got a stopping message and will stop now
18:28:44:456  Rank 0001    INFO at /home/lzy/projects/mirheo_starter/vendor/Mirheo/src/mirheo/core/postproc.cpp:111 Postprocess is listening to messages now
18:28:44:648  Rank 0001    INFO at /home/lzy/projects/mirheo_starter/vendor/Mirheo/src/mirheo/core/postproc.cpp:122 Postprocess got a stopping message and will stop now
18:28:44:656  Rank 0001    INFO at /home/lzy/projects/mirheo_starter/vendor/Mirheo/src/mirheo/core/postproc.cpp:111 Postprocess is listening to messages now
18:28:44:841  Rank 0001    INFO at /home/lzy/projects/mirheo_starter/vendor/Mirheo/src/mirheo/core/postproc.cpp:122 Postprocess got a stopping message and will stop now
18:28:44:850  Rank 0001    INFO at /home/lzy/projects/mirheo_starter/vendor/Mirheo/src/mirheo/core/postproc.cpp:111 Postprocess is listening to messages now
18:28:45:034  Rank 0001    INFO at /home/lzy/projects/mirheo_starter/vendor/Mirheo/src/mirheo/core/postproc.cpp:122 Postprocess got a stopping message and will stop now
18:28:45:041  Rank 0001    INFO at /home/lzy/projects/mirheo_starter/vendor/Mirheo/src/mirheo/core/postproc.cpp:111 Postprocess is listening to messages now
18:28:45:228  Rank 0001    INFO at /home/lzy/projects/mirheo_starter/vendor/Mirheo/src/mirheo/core/postproc.cpp:122 Postprocess got a stopping message and will stop now
18:28:45:233  Rank 0001    INFO at /home/lzy/projects/mirheo_starter/vendor/Mirheo/src/mirheo/core/postproc.cpp:111 Postprocess is listening to messages now
18:28:45:419  Rank 0001    INFO at /home/lzy/projects/mirheo_starter/vendor/Mirheo/src/mirheo/core/postproc.cpp:122 Postprocess got a stopping message and will stop now
18:28:45:425  Rank 0001    INFO at /home/lzy/projects/mirheo_starter/vendor/Mirheo/src/mirheo/core/postproc.cpp:111 Postprocess is listening to messages now
18:28:45:614  Rank 0001    INFO at /home/lzy/projects/mirheo_starter/vendor/Mirheo/src/mirheo/core/postproc.cpp:122 Postprocess got a stopping message and will stop now
18:28:45:619  Rank 0001    INFO at /home/lzy/projects/mirheo_starter/vendor/Mirheo/src/mirheo/core/postproc.cpp:111 Postprocess is listening to messages now
18:28:45:818  Rank 0001    INFO at /home/lzy/projects/mirheo_starter/vendor/Mirheo/src/mirheo/core/postproc.cpp:122 Postprocess got a stopping message and will stop now
18:28:45:825  Rank 0001    INFO at /home/lzy/projects/mirheo_starter/vendor/Mirheo/src/mirheo/core/postproc.cpp:111 Postprocess is listening to messages now
18:28:46:010  Rank 0001    INFO at /home/lzy/projects/mirheo_starter/vendor/Mirheo/src/mirheo/core/postproc.cpp:122 Postprocess got a stopping message and will stop now
18:28:46:016  Rank 0001    INFO at /home/lzy/projects/mirheo_starter/vendor/Mirheo/src/mirheo/core/postproc.cpp:111 Postprocess is listening to messages now
18:28:46:210  Rank 0001    INFO at /home/lzy/projects/mirheo_starter/vendor/Mirheo/src/mirheo/core/postproc.cpp:122 Postprocess got a stopping message and will stop now
18:28:46:215  Rank 0001    INFO at /home/lzy/projects/mirheo_starter/vendor/Mirheo/src/mirheo/core/postproc.cpp:111 Postprocess is listening to messages now
18:28:46:406  Rank 0001    INFO at /home/lzy/projects/mirheo_starter/vendor/Mirheo/src/mirheo/core/postproc.cpp:122 Postprocess got a stopping message and will stop now
18:28:46:412  Rank 0001    INFO at /home/lzy/projects/mirheo_starter/vendor/Mirheo/src/mirheo/core/postproc.cpp:111 Postprocess is listening to messages now
18:28:46:594  Rank 0001    INFO at /home/lzy/projects/mirheo_starter/vendor/Mirheo/src/mirheo/core/postproc.cpp:122 Postprocess got a stopping message and will stop now
18:28:46:600  Rank 0001    INFO at /home/lzy/projects/mirheo_starter/vendor/Mirheo/src/mirheo/core/postproc.cpp:111 Postprocess is listening to messages now
18:28:46:791  Rank 0001    INFO at /home/lzy/projects/mirheo_starter/vendor/Mirheo/src/mirheo/core/postproc.cpp:122 Postprocess got a stopping message and will stop now
18:28:46:796  Rank 0001    INFO at /home/lzy/projects/mirheo_starter/vendor/Mirheo/src/mirheo/core/postproc.cpp:111 Postprocess is listening to messages now
18:28:46:989  Rank 0001    INFO at /home/lzy/projects/mirheo_starter/vendor/Mirheo/src/mirheo/core/postproc.cpp:122 Postprocess got a stopping message and will stop now
18:28:46:996  Rank 0001    INFO at /home/lzy/projects/mirheo_starter/vendor/Mirheo/src/mirheo/core/postproc.cpp:111 Postprocess is listening to messages now
18:28:47:201  Rank 0001    INFO at /home/lzy/projects/mirheo_starter/vendor/Mirheo/src/mirheo/core/postproc.cpp:122 Postprocess got a stopping message and will stop now
18:28:47:206  Rank 0001    INFO at /home/lzy/projects/mirheo_starter/vendor/Mirheo/src/mirheo/core/postproc.cpp:111 Postprocess is listening to messages now
18:28:47:404  Rank 0001    INFO at /home/lzy/projects/mirheo_starter/vendor/Mirheo/src/mirheo/core/postproc.cpp:122 Postprocess got a stopping message and will stop now
18:28:47:410  Rank 0001    INFO at /home/lzy/projects/mirheo_starter/vendor/Mirheo/src/mirheo/core/postproc.cpp:111 Postprocess is listening to messages now
18:28:47:600  Rank 0001    INFO at /home/lzy/projects/mirheo_starter/vendor/Mirheo/src/mirheo/core/postproc.cpp:122 Postprocess got a stopping message and will stop now
18:28:47:607  Rank 0001    INFO at /home/lzy/projects/mirheo_starter/vendor/Mirheo/src/mirheo/core/postproc.cpp:111 Postprocess is listening to messages now
18:28:47:810  Rank 0001    INFO at /home/lzy/projects/mirheo_starter/vendor/Mirheo/src/mirheo/core/postproc.cpp:122 Postprocess got a stopping message and will stop now
18:28:47:816  Rank 0001    INFO at /home/lzy/projects/mirheo_starter/vendor/Mirheo/src/mirheo/core/postproc.cpp:111 Postprocess is listening to messages now
18:28:48:007  Rank 0001    INFO at /home/lzy/projects/mirheo_starter/vendor/Mirheo/src/mirheo/core/postproc.cpp:122 Postprocess got a stopping message and will stop now
18:28:48:013  Rank 0001    INFO at /home/lzy/projects/mirheo_starter/vendor/Mirheo/src/mirheo/core/postproc.cpp:111 Postprocess is listening to messages now
18:28:48:204  Rank 0001    INFO at /home/lzy/projects/mirheo_starter/vendor/Mirheo/src/mirheo/core/postproc.cpp:122 Postprocess got a stopping message and will stop now
18:28:48:209  Rank 0001    INFO at /home/lzy/projects/mirheo_starter/vendor/Mirheo/src/mirheo/core/postproc.cpp:111 Postprocess is listening to messages now
18:28:48:403  Rank 0001    INFO at /home/lzy/projects/mirheo_starter/vendor/Mirheo/src/mirheo/core/postproc.cpp:122 Postprocess got a stopping message and will stop now
18:28:48:410  Rank 0001    INFO at /home/lzy/projects/mirheo_starter/vendor/Mirheo/src/mirheo/core/postproc.cpp:111 Postprocess is listening to messages now
18:28:48:602  Rank 0001    INFO at /home/lzy/projects/mirheo_starter/vendor/Mirheo/src/mirheo/core/postproc.cpp:122 Postprocess got a stopping message and will stop now
18:28:48:608  Rank 0001    INFO at /home/lzy/projects/mirheo_starter/vendor/Mirheo/src/mirheo/core/postproc.cpp:111 Postprocess is listening to messages now
18:28:48:801  Rank 0001    INFO at /home/lzy/projects/mirheo_starter/vendor/Mirheo/src/mirheo/core/postproc.cpp:122 Postprocess got a stopping message and will stop now
18:28:48:807  Rank 0001    INFO at /home/lzy/projects/mirheo_starter/vendor/Mirheo/src/mirheo/core/postproc.cpp:111 Postprocess is listening to messages now
18:28:48:997  Rank 0001    INFO at /home/lzy/projects/mirheo_starter/vendor/Mirheo/src/mirheo/core/postproc.cpp:122 Postprocess got a stopping message and will stop now
18:28:49:003  Rank 0001    INFO at /home/lzy/projects/mirheo_starter/vendor/Mirheo/src/mirheo/core/postproc.cpp:111 Postprocess is listening to messages now
18:28:49:188  Rank 0001    INFO at /home/lzy/projects/mirheo_starter/vendor/Mirheo/src/mirheo/core/postproc.cpp:122 Postprocess got a stopping message and will stop now
18:28:49:194  Rank 0001    INFO at /home/lzy/projects/mirheo_starter/vendor/Mirheo/src/mirheo/core/postproc.cpp:111 Postprocess is listening to messages now
18:28:49:382  Rank 0001    INFO at /home/lzy/projects/mirheo_starter/vendor/Mirheo/src/mirheo/core/postproc.cpp:122 Postprocess got a stopping message and will stop now
18:28:49:387  Rank 0001    INFO at /home/lzy/projects/mirheo_starter/vendor/Mirheo/src/mirheo/core/postproc.cpp:111 Postprocess is listening to messages now
18:28:49:570  Rank 0001    INFO at /home/lzy/projects/mirheo_starter/vendor/Mirheo/src/mirheo/core/postproc.cpp:122 Postprocess got a stopping message and will stop now
18:28:49:577  Rank 0001    INFO at /home/lzy/projects/mirheo_starter/vendor/Mirheo/src/mirheo/core/postproc.cpp:111 Postprocess is listening to messages now
18:28:49:765  Rank 0001    INFO at /home/lzy/projects/mirheo_starter/vendor/Mirheo/src/mirheo/core/postproc.cpp:122 Postprocess got a stopping message and will stop now
18:28:49:771  Rank 0001    INFO at /home/lzy/projects/mirheo_starter/vendor/Mirheo/src/mirheo/core/postproc.cpp:111 Postprocess is listening to messages now
18:28:49:967  Rank 0001    INFO at /home/lzy/projects/mirheo_starter/vendor/Mirheo/src/mirheo/core/postproc.cpp:122 Postprocess got a stopping message and will stop now
18:28:49:974  Rank 0001    INFO at /home/lzy/projects/mirheo_starter/vendor/Mirheo/src/mirheo/core/postproc.cpp:111 Postprocess is listening to messages now
18:28:50:169  Rank 0001    INFO at /home/lzy/projects/mirheo_starter/vendor/Mirheo/src/mirheo/core/postproc.cpp:122 Postprocess got a stopping message and will stop now
18:28:50:175  Rank 0001    INFO at /home/lzy/projects/mirheo_starter/vendor/Mirheo/src/mirheo/core/postproc.cpp:111 Postprocess is listening to messages now
18:28:50:376  Rank 0001    INFO at /home/lzy/projects/mirheo_starter/vendor/Mirheo/src/mirheo/core/postproc.cpp:122 Postprocess got a stopping message and will stop now
18:28:50:382  Rank 0001    INFO at /home/lzy/projects/mirheo_starter/vendor/Mirheo/src/mirheo/core/postproc.cpp:111 Postprocess is listening to messages now
18:28:50:576  Rank 0001    INFO at /home/lzy/projects/mirheo_starter/vendor/Mirheo/src/mirheo/core/postproc.cpp:122 Postprocess got a stopping message and will stop now
18:28:50:585  Rank 0001    INFO at /home/lzy/projects/mirheo_starter/vendor/Mirheo/src/mirheo/core/postproc.cpp:111 Postprocess is listening to messages now
18:28:50:782  Rank 0001    INFO at /home/lzy/projects/mirheo_starter/vendor/Mirheo/src/mirheo/core/postproc.cpp:122 Postprocess got a stopping message and will stop now
18:28:50:788  Rank 0001    INFO at /home/lzy/projects/mirheo_starter/vendor/Mirheo/src/mirheo/core/postproc.cpp:111 Postprocess is listening to messages now
18:28:50:975  Rank 0001    INFO at /home/lzy/projects/mirheo_starter/vendor/Mirheo/src/mirheo/core/postproc.cpp:122 Postprocess got a stopping message and will stop now
18:28:50:980  Rank 0001    INFO at /home/lzy/projects/mirheo_starter/vendor/Mirheo/src/mirheo/core/postproc.cpp:111 Postprocess is listening to messages now
18:28:51:171  Rank 0001    INFO at /home/lzy/projects/mirheo_starter/vendor/Mirheo/src/mirheo/core/postproc.cpp:122 Postprocess got a stopping message and will stop now
18:28:51:176  Rank 0001    INFO at /home/lzy/projects/mirheo_starter/vendor/Mirheo/src/mirheo/core/postproc.cpp:111 Postprocess is listening to messages now
18:28:51:356  Rank 0001    INFO at /home/lzy/projects/mirheo_starter/vendor/Mirheo/src/mirheo/core/postproc.cpp:122 Postprocess got a stopping message and will stop now
18:28:51:363  Rank 0001    INFO at /home/lzy/projects/mirheo_starter/vendor/Mirheo/src/mirheo/core/postproc.cpp:111 Postprocess is listening to messages now
18:28:51:551  Rank 0001    INFO at /home/lzy/projects/mirheo_starter/vendor/Mirheo/src/mirheo/core/postproc.cpp:122 Postprocess got a stopping message and will stop now
18:28:51:556  Rank 0001    INFO at /home/lzy/projects/mirheo_starter/vendor/Mirheo/src/mirheo/core/postproc.cpp:111 Postprocess is listening to messages now
18:28:51:746  Rank 0001    INFO at /home/lzy/projects/mirheo_starter/vendor/Mirheo/src/mirheo/core/postproc.cpp:122 Postprocess got a stopping message and will stop now
18:28:51:752  Rank 0001    INFO at /home/lzy/projects/mirheo_starter/vendor/Mirheo/src/mirheo/core/postproc.cpp:111 Postprocess is listening to messages now
18:28:51:941  Rank 0001    INFO at /home/lzy/projects/mirheo_starter/vendor/Mirheo/src/mirheo/core/postproc.cpp:122 Postprocess got a stopping message and will stop now
18:28:51:946  Rank 0001    INFO at /home/lzy/projects/mirheo_starter/vendor/Mirheo/src/mirheo/core/postproc.cpp:111 Postprocess is listening to messages now
18:28:52:135  Rank 0001    INFO at /home/lzy/projects/mirheo_starter/vendor/Mirheo/src/mirheo/core/postproc.cpp:122 Postprocess got a stopping message and will stop now
18:28:52:141  Rank 0001    INFO at /home/lzy/projects/mirheo_starter/vendor/Mirheo/src/mirheo/core/postproc.cpp:111 Postprocess is listening to messages now
18:28:52:329  Rank 0001    INFO at /home/lzy/projects/mirheo_starter/vendor/Mirheo/src/mirheo/core/postproc.cpp:122 Postprocess got a stopping message and will stop now
18:28:52:338  Rank 0001    INFO at /home/lzy/projects/mirheo_starter/vendor/Mirheo/src/mirheo/core/postproc.cpp:111 Postprocess is listening to messages now
18:28:52:518  Rank 0001    INFO at /home/lzy/projects/mirheo_starter/vendor/Mirheo/src/mirheo/core/postproc.cpp:122 Postprocess got a stopping message and will stop now
18:28:52:524  Rank 0001    INFO at /home/lzy/projects/mirheo_starter/vendor/Mirheo/src/mirheo/core/postproc.cpp:111 Postprocess is listening to messages now
18:28:52:712  Rank 0001    INFO at /home/lzy/projects/mirheo_starter/vendor/Mirheo/src/mirheo/core/postproc.cpp:122 Postprocess got a stopping message and will stop now
18:28:52:718  Rank 0001    INFO at /home/lzy/projects/mirheo_starter/vendor/Mirheo/src/mirheo/core/postproc.cpp:111 Postprocess is listening to messages now
18:28:52:906  Rank 0001    INFO at /home/lzy/projects/mirheo_starter/vendor/Mirheo/src/mirheo/core/postproc.cpp:122 Postprocess got a stopping message and will stop now
18:28:52:912  Rank 0001    INFO at /home/lzy/projects/mirheo_starter/vendor/Mirheo/src/mirheo/core/postproc.cpp:111 Postprocess is listening to messages now
18:28:53:094  Rank 0001    INFO at /home/lzy/projects/mirheo_starter/vendor/Mirheo/src/mirheo/core/postproc.cpp:122 Postprocess got a stopping message and will stop now
18:28:53:099  Rank 0001    INFO at /home/lzy/projects/mirheo_starter/vendor/Mirheo/src/mirheo/core/postproc.cpp:111 Postprocess is listening to messages now
18:28:53:289  Rank 0001    INFO at /home/lzy/projects/mirheo_starter/vendor/Mirheo/src/mirheo/core/postproc.cpp:122 Postprocess got a stopping message and will stop now
18:28:53:295  Rank 0001    INFO at /home/lzy/projects/mirheo_starter/vendor/Mirheo/src/mirheo/core/postproc.cpp:111 Postprocess is listening to messages now
18:28:53:489  Rank 0001    INFO at /home/lzy/projects/mirheo_starter/vendor/Mirheo/src/mirheo/core/postproc.cpp:122 Postprocess got a stopping message and will stop now
18:28:53:495  Rank 0001    INFO at /home/lzy/projects/mirheo_starter/vendor/Mirheo/src/mirheo/core/postproc.cpp:111 Postprocess is listening to messages now
18:28:53:684  Rank 0001    INFO at /home/lzy/projects/mirheo_starter/vendor/Mirheo/src/mirheo/core/postproc.cpp:122 Postprocess got a stopping message and will stop now
18:28:53:690  Rank 0001    INFO at /home/lzy/projects/mirheo_starter/vendor/Mirheo/src/mirheo/core/postproc.cpp:111 Postprocess is listening to messages now
18:28:53:879  Rank 0001    INFO at /home/lzy/projects/mirheo_starter/vendor/Mirheo/src/mirheo/core/postproc.cpp:122 Postprocess got a stopping message and will stop now
18:28:53:884  Rank 0001    INFO at /home/lzy/projects/mirheo_starter/vendor/Mirheo/src/mirheo/core/postproc.cpp:111 Postprocess is listening to messages now
18:28:54:070  Rank 0001    INFO at /home/lzy/projects/mirheo_starter/vendor/Mirheo/src/mirheo/core/postproc.cpp:122 Postprocess got a stopping message and will stop now
18:28:54:076  Rank 0001    INFO at /home/lzy/projects/mirheo_starter/vendor/Mirheo/src/mirheo/core/postproc.cpp:111 Postprocess is listening to messages now
18:28:54:272  Rank 0001    INFO at /home/lzy/projects/mirheo_starter/vendor/Mirheo/src/mirheo/core/postproc.cpp:122 Postprocess got a stopping message and will stop now
18:28:54:277  Rank 0001    INFO at /home/lzy/projects/mirheo_starter/vendor/Mirheo/src/mirheo/core/postproc.cpp:111 Postprocess is listening to messages now
18:28:54:461  Rank 0001    INFO at /home/lzy/projects/mirheo_starter/vendor/Mirheo/src/mirheo/core/postproc.cpp:122 Postprocess got a stopping message and will stop now
18:28:54:467  Rank 0001    INFO at /home/lzy/projects/mirheo_starter/vendor/Mirheo/src/mirheo/core/postproc.cpp:111 Postprocess is listening to messages now
18:28:54:660  Rank 0001    INFO at /home/lzy/projects/mirheo_starter/vendor/Mirheo/src/mirheo/core/postproc.cpp:122 Postprocess got a stopping message and will stop now
18:28:54:666  Rank 0001    INFO at /home/lzy/projects/mirheo_starter/vendor/Mirheo/src/mirheo/core/postproc.cpp:111 Postprocess is listening to messages now
18:28:54:865  Rank 0001    INFO at /home/lzy/projects/mirheo_starter/vendor/Mirheo/src/mirheo/core/postproc.cpp:122 Postprocess got a stopping message and will stop now
18:28:54:874  Rank 0001    INFO at /home/lzy/projects/mirheo_starter/vendor/Mirheo/src/mirheo/core/postproc.cpp:111 Postprocess is listening to messages now
18:28:55:065  Rank 0001    INFO at /home/lzy/projects/mirheo_starter/vendor/Mirheo/src/mirheo/core/postproc.cpp:122 Postprocess got a stopping message and will stop now
18:28:55:071  Rank 0001    INFO at /home/lzy/projects/mirheo_starter/vendor/Mirheo/src/mirheo/core/postproc.cpp:111 Postprocess is listening to messages now
18:28:55:266  Rank 0001    INFO at /home/lzy/projects/mirheo_starter/vendor/Mirheo/src/mirheo/core/postproc.cpp:122 Postprocess got a stopping message and will stop now
18:28:55:271  Rank 0001    INFO at /home/lzy/projects/mirheo_starter/vendor/Mirheo/src/mirheo/core/postproc.cpp:111 Postprocess is listening to messages now
18:28:55:462  Rank 0001    INFO at /home/lzy/projects/mirheo_starter/vendor/Mirheo/src/mirheo/core/postproc.cpp:122 Postprocess got a stopping message and will stop now
18:28:55:468  Rank 0001    INFO at /home/lzy/projects/mirheo_starter/vendor/Mirheo/src/mirheo/core/postproc.cpp:111 Postprocess is listening to messages now
18:28:55:661  Rank 0001    INFO at /home/lzy/projects/mirheo_starter/vendor/Mirheo/src/mirheo/core/postproc.cpp:122 Postprocess got a stopping message and will stop now
18:28:55:666  Rank 0001    INFO at /home/lzy/projects/mirheo_starter/vendor/Mirheo/src/mirheo/core/postproc.cpp:111 Postprocess is listening to messages now
18:28:55:859  Rank 0001    INFO at /home/lzy/projects/mirheo_starter/vendor/Mirheo/src/mirheo/core/postproc.cpp:122 Postprocess got a stopping message and will stop now
18:28:55:864  Rank 0001    INFO at /home/lzy/projects/mirheo_starter/vendor/Mirheo/src/mirheo/core/postproc.cpp:111 Postprocess is listening to messages now
18:28:56:055  Rank 0001    INFO at /home/lzy/projects/mirheo_starter/vendor/Mirheo/src/mirheo/core/postproc.cpp:122 Postprocess got a stopping message and will stop now
18:28:56:061  Rank 0001    INFO at /home/lzy/projects/mirheo_starter/vendor/Mirheo/src/mirheo/core/postproc.cpp:111 Postprocess is listening to messages now
18:28:56:252  Rank 0001    INFO at /home/lzy/projects/mirheo_starter/vendor/Mirheo/src/mirheo/core/postproc.cpp:122 Postprocess got a stopping message and will stop now
18:28:56:257  Rank 0001    INFO at /home/lzy/projects/mirheo_starter/vendor/Mirheo/src/mirheo/core/postproc.cpp:111 Postprocess is listening to messages now
18:28:56:445  Rank 0001    INFO at /home/lzy/projects/mirheo_starter/vendor/Mirheo/src/mirheo/core/postproc.cpp:122 Postprocess got a stopping message and will stop now
18:28:56:450  Rank 0001    INFO at /home/lzy/projects/mirheo_starter/vendor/Mirheo/src/mirheo/core/postproc.cpp:111 Postprocess is listening to messages now
18:28:56:636  Rank 0001    INFO at /home/lzy/projects/mirheo_starter/vendor/Mirheo/src/mirheo/core/postproc.cpp:122 Postprocess got a stopping message and will stop now
18:28:56:641  Rank 0001    INFO at /home/lzy/projects/mirheo_starter/vendor/Mirheo/src/mirheo/core/postproc.cpp:111 Postprocess is listening to messages now
18:28:56:832  Rank 0001    INFO at /home/lzy/projects/mirheo_starter/vendor/Mirheo/src/mirheo/core/postproc.cpp:122 Postprocess got a stopping message and will stop now
18:28:56:840  Rank 0001    INFO at /home/lzy/projects/mirheo_starter/vendor/Mirheo/src/mirheo/core/postproc.cpp:111 Postprocess is listening to messages now
18:28:57:027  Rank 0001    INFO at /home/lzy/projects/mirheo_starter/vendor/Mirheo/src/mirheo/core/postproc.cpp:122 Postprocess got a stopping message and will stop now
18:28:57:033  Rank 0001    INFO at /home/lzy/projects/mirheo_starter/vendor/Mirheo/src/mirheo/core/postproc.cpp:111 Postprocess is listening to messages now
18:28:57:225  Rank 0001    INFO at /home/lzy/projects/mirheo_starter/vendor/Mirheo/src/mirheo/core/postproc.cpp:122 Postprocess got a stopping message and will stop now
18:28:57:231  Rank 0001    INFO at /home/lzy/projects/mirheo_starter/vendor/Mirheo/src/mirheo/core/postproc.cpp:111 Postprocess is listening to messages now
18:28:57:424  Rank 0001    INFO at /home/lzy/projects/mirheo_starter/vendor/Mirheo/src/mirheo/core/postproc.cpp:122 Postprocess got a stopping message and will stop now
18:28:57:429  Rank 0001    INFO at /home/lzy/projects/mirheo_starter/vendor/Mirheo/src/mirheo/core/postproc.cpp:111 Postprocess is listening to messages now
18:28:57:623  Rank 0001    INFO at /home/lzy/projects/mirheo_starter/vendor/Mirheo/src/mirheo/core/postproc.cpp:122 Postprocess got a stopping message and will stop now
18:28:57:629  Rank 0001    INFO at /home/lzy/projects/mirheo_starter/vendor/Mirheo/src/mirheo/core/postproc.cpp:111 Postprocess is listening to messages now
18:28:57:828  Rank 0001    INFO at /home/lzy/projects/mirheo_starter/vendor/Mirheo/src/mirheo/core/postproc.cpp:122 Postprocess got a stopping message and will stop now
18:28:57:834  Rank 0001    INFO at /home/lzy/projects/mirheo_starter/vendor/Mirheo/src/mirheo/core/postproc.cpp:111 Postprocess is listening to messages now
18:28:58:034  Rank 0001    INFO at /home/lzy/projects/mirheo_starter/vendor/Mirheo/src/mirheo/core/postproc.cpp:122 Postprocess got a stopping message and will stop now
18:28:58:044  Rank 0001    INFO at /home/lzy/projects/mirheo_starter/vendor/Mirheo/src/mirheo/core/postproc.cpp:111 Postprocess is listening to messages now
18:28:58:242  Rank 0001    INFO at /home/lzy/projects/mirheo_starter/vendor/Mirheo/src/mirheo/core/postproc.cpp:122 Postprocess got a stopping message and will stop now
18:28:58:248  Rank 0001    INFO at /home/lzy/projects/mirheo_starter/vendor/Mirheo/src/mirheo/core/postproc.cpp:111 Postprocess is listening to messages now
18:28:58:441  Rank 0001    INFO at /home/lzy/projects/mirheo_starter/vendor/Mirheo/src/mirheo/core/postproc.cpp:122 Postprocess got a stopping message and will stop now
18:28:58:447  Rank 0001    INFO at /home/lzy/projects/mirheo_starter/vendor/Mirheo/src/mirheo/core/postproc.cpp:111 Postprocess is listening to messages now
18:28:58:648  Rank 0001    INFO at /home/lzy/projects/mirheo_starter/vendor/Mirheo/src/mirheo/core/postproc.cpp:122 Postprocess got a stopping message and will stop now
18:28:58:653  Rank 0001    INFO at /home/lzy/projects/mirheo_starter/vendor/Mirheo/src/mirheo/core/postproc.cpp:111 Postprocess is listening to messages now
18:28:58:850  Rank 0001    INFO at /home/lzy/projects/mirheo_starter/vendor/Mirheo/src/mirheo/core/postproc.cpp:122 Postprocess got a stopping message and will stop now
18:28:58:855  Rank 0001    INFO at /home/lzy/projects/mirheo_starter/vendor/Mirheo/src/mirheo/core/postproc.cpp:111 Postprocess is listening to messages now
18:28:59:045  Rank 0001    INFO at /home/lzy/projects/mirheo_starter/vendor/Mirheo/src/mirheo/core/postproc.cpp:122 Postprocess got a stopping message and will stop now
18:28:59:051  Rank 0001    INFO at /home/lzy/projects/mirheo_starter/vendor/Mirheo/src/mirheo/core/postproc.cpp:111 Postprocess is listening to messages now
18:28:59:243  Rank 0001    INFO at /home/lzy/projects/mirheo_starter/vendor/Mirheo/src/mirheo/core/postproc.cpp:122 Postprocess got a stopping message and will stop now
18:28:59:251  Rank 0001    INFO at /home/lzy/projects/mirheo_starter/vendor/Mirheo/src/mirheo/core/postproc.cpp:111 Postprocess is listening to messages now
18:28:59:441  Rank 0001    INFO at /home/lzy/projects/mirheo_starter/vendor/Mirheo/src/mirheo/core/postproc.cpp:122 Postprocess got a stopping message and will stop now
18:28:59:448  Rank 0001    INFO at /home/lzy/projects/mirheo_starter/vendor/Mirheo/src/mirheo/core/postproc.cpp:111 Postprocess is listening to messages now
18:28:59:641  Rank 0001    INFO at /home/lzy/projects/mirheo_starter/vendor/Mirheo/src/mirheo/core/postproc.cpp:122 Postprocess got a stopping message and will stop now
18:28:59:647  Rank 0001    INFO at /home/lzy/projects/mirheo_starter/vendor/Mirheo/src/mirheo/core/postproc.cpp:111 Postprocess is listening to messages now
18:28:59:842  Rank 0001    INFO at /home/lzy/projects/mirheo_starter/vendor/Mirheo/src/mirheo/core/postproc.cpp:122 Postprocess got a stopping message and will stop now
18:28:59:850  Rank 0001    INFO at /home/lzy/projects/mirheo_starter/vendor/Mirheo/src/mirheo/core/postproc.cpp:111 Postprocess is listening to messages now
18:29:00:038  Rank 0001    INFO at /home/lzy/projects/mirheo_starter/vendor/Mirheo/src/mirheo/core/postproc.cpp:122 Postprocess got a stopping message and will stop now
18:29:00:044  Rank 0001    INFO at /home/lzy/projects/mirheo_starter/vendor/Mirheo/src/mirheo/core/postproc.cpp:111 Postprocess is listening to messages now
18:29:00:228  Rank 0001    INFO at /home/lzy/projects/mirheo_starter/vendor/Mirheo/src/mirheo/core/postproc.cpp:122 Postprocess got a stopping message and will stop now
18:29:00:234  Rank 0001    INFO at /home/lzy/projects/mirheo_starter/vendor/Mirheo/src/mirheo/core/postproc.cpp:111 Postprocess is listening to messages now
18:29:00:418  Rank 0001    INFO at /home/lzy/projects/mirheo_starter/vendor/Mirheo/src/mirheo/core/postproc.cpp:122 Postprocess got a stopping message and will stop now
18:29:00:424  Rank 0001    INFO at /home/lzy/projects/mirheo_starter/vendor/Mirheo/src/mirheo/core/postproc.cpp:111 Postprocess is listening to messages now
18:29:00:614  Rank 0001    INFO at /home/lzy/projects/mirheo_starter/vendor/Mirheo/src/mirheo/core/postproc.cpp:122 Postprocess got a stopping message and will stop now
18:29:00:620  Rank 0001    INFO at /home/lzy/projects/mirheo_starter/vendor/Mirheo/src/mirheo/core/postproc.cpp:111 Postprocess is listening to messages now
18:29:00:802  Rank 0001    INFO at /home/lzy/projects/mirheo_starter/vendor/Mirheo/src/mirheo/core/postproc.cpp:122 Postprocess got a stopping message and will stop now
18:29:00:811  Rank 0001    INFO at /home/lzy/projects/mirheo_starter/vendor/Mirheo/src/mirheo/core/postproc.cpp:111 Postprocess is listening to messages now
18:29:01:005  Rank 0001    INFO at /home/lzy/projects/mirheo_starter/vendor/Mirheo/src/mirheo/core/postproc.cpp:122 Postprocess got a stopping message and will stop now
18:29:01:011  Rank 0001    INFO at /home/lzy/projects/mirheo_starter/vendor/Mirheo/src/mirheo/core/postproc.cpp:111 Postprocess is listening to messages now
18:29:01:211  Rank 0001    INFO at /home/lzy/projects/mirheo_starter/vendor/Mirheo/src/mirheo/core/postproc.cpp:122 Postprocess got a stopping message and will stop now
18:29:01:218  Rank 0001    INFO at /home/lzy/projects/mirheo_starter/vendor/Mirheo/src/mirheo/core/postproc.cpp:111 Postprocess is listening to messages now
18:29:01:405  Rank 0001    INFO at /home/lzy/projects/mirheo_starter/vendor/Mirheo/src/mirheo/core/postproc.cpp:122 Postprocess got a stopping message and will stop now
18:29:01:410  Rank 0001    INFO at /home/lzy/projects/mirheo_starter/vendor/Mirheo/src/mirheo/core/postproc.cpp:111 Postprocess is listening to messages now
18:29:01:599  Rank 0001    INFO at /home/lzy/projects/mirheo_starter/vendor/Mirheo/src/mirheo/core/postproc.cpp:122 Postprocess got a stopping message and will stop now
18:29:01:604  Rank 0001    INFO at /home/lzy/projects/mirheo_starter/vendor/Mirheo/src/mirheo/core/postproc.cpp:111 Postprocess is listening to messages now
18:29:01:793  Rank 0001    INFO at /home/lzy/projects/mirheo_starter/vendor/Mirheo/src/mirheo/core/postproc.cpp:122 Postprocess got a stopping message and will stop now
18:29:01:798  Rank 0001    INFO at /home/lzy/projects/mirheo_starter/vendor/Mirheo/src/mirheo/core/postproc.cpp:111 Postprocess is listening to messages now
18:29:01:990  Rank 0001    INFO at /home/lzy/projects/mirheo_starter/vendor/Mirheo/src/mirheo/core/postproc.cpp:122 Postprocess got a stopping message and will stop now
18:29:01:997  Rank 0001    INFO at /home/lzy/projects/mirheo_starter/vendor/Mirheo/src/mirheo/core/postproc.cpp:111 Postprocess is listening to messages now
18:29:02:194  Rank 0001    INFO at /home/lzy/projects/mirheo_starter/vendor/Mirheo/src/mirheo/core/postproc.cpp:122 Postprocess got a stopping message and will stop now
18:29:02:199  Rank 0001    INFO at /home/lzy/projects/mirheo_starter/vendor/Mirheo/src/mirheo/core/postproc.cpp:111 Postprocess is listening to messages now
18:29:02:394  Rank 0001    INFO at /home/lzy/projects/mirheo_starter/vendor/Mirheo/src/mirheo/core/postproc.cpp:122 Postprocess got a stopping message and will stop now
18:29:02:400  Rank 0001    INFO at /home/lzy/projects/mirheo_starter/vendor/Mirheo/src/mirheo/core/postproc.cpp:111 Postprocess is listening to messages now
18:29:02:584  Rank 0001    INFO at /home/lzy/projects/mirheo_starter/vendor/Mirheo/src/mirheo/core/postproc.cpp:122 Postprocess got a stopping message and will stop now
18:29:02:590  Rank 0001    INFO at /home/lzy/projects/mirheo_starter/vendor/Mirheo/src/mirheo/core/postproc.cpp:111 Postprocess is listening to messages now
18:29:02:789  Rank 0001    INFO at /home/lzy/projects/mirheo_starter/vendor/Mirheo/src/mirheo/core/postproc.cpp:122 Postprocess got a stopping message and will stop now
18:29:02:796  Rank 0001    INFO at /home/lzy/projects/mirheo_starter/vendor/Mirheo/src/mirheo/core/postproc.cpp:111 Postprocess is listening to messages now
18:29:02:991  Rank 0001    INFO at /home/lzy/projects/mirheo_starter/vendor/Mirheo/src/mirheo/core/postproc.cpp:122 Postprocess got a stopping message and will stop now
18:29:02:998  Rank 0001    INFO at /home/lzy/projects/mirheo_starter/vendor/Mirheo/src/mirheo/core/postproc.cpp:111 Postprocess is listening to messages now
18:29:03:189  Rank 0001    INFO at /home/lzy/projects/mirheo_starter/vendor/Mirheo/src/mirheo/core/postproc.cpp:122 Postprocess got a stopping message and will stop now
18:29:03:195  Rank 0001    INFO at /home/lzy/projects/mirheo_starter/vendor/Mirheo/src/mirheo/core/postproc.cpp:111 Postprocess is listening to messages now
18:29:03:392  Rank 0001    INFO at /home/lzy/projects/mirheo_starter/vendor/Mirheo/src/mirheo/core/postproc.cpp:122 Postprocess got a stopping message and will stop now
18:29:03:397  Rank 0001    INFO at /home/lzy/projects/mirheo_starter/vendor/Mirheo/src/mirheo/core/postproc.cpp:111 Postprocess is listening to messages now
18:29:03:585  Rank 0001    INFO at /home/lzy/projects/mirheo_starter/vendor/Mirheo/src/mirheo/core/postproc.cpp:122 Postprocess got a stopping message and will stop now
18:29:03:590  Rank 0001    INFO at /home/lzy/projects/mirheo_starter/vendor/Mirheo/src/mirheo/core/postproc.cpp:111 Postprocess is listening to messages now
18:29:03:777  Rank 0001    INFO at /home/lzy/projects/mirheo_starter/vendor/Mirheo/src/mirheo/core/postproc.cpp:122 Postprocess got a stopping message and will stop now
18:29:03:782  Rank 0001    INFO at /home/lzy/projects/mirheo_starter/vendor/Mirheo/src/mirheo/core/postproc.cpp:111 Postprocess is listening to messages now
18:29:03:971  Rank 0001    INFO at /home/lzy/projects/mirheo_starter/vendor/Mirheo/src/mirheo/core/postproc.cpp:122 Postprocess got a stopping message and will stop now
18:29:03:977  Rank 0001    INFO at /home/lzy/projects/mirheo_starter/vendor/Mirheo/src/mirheo/core/postproc.cpp:111 Postprocess is listening to messages now
18:29:04:179  Rank 0001    INFO at /home/lzy/projects/mirheo_starter/vendor/Mirheo/src/mirheo/core/postproc.cpp:122 Postprocess got a stopping message and will stop now
18:29:04:187  Rank 0001    INFO at /home/lzy/projects/mirheo_starter/vendor/Mirheo/src/mirheo/core/postproc.cpp:111 Postprocess is listening to messages now
18:29:04:380  Rank 0001    INFO at /home/lzy/projects/mirheo_starter/vendor/Mirheo/src/mirheo/core/postproc.cpp:122 Postprocess got a stopping message and will stop now
18:29:04:386  Rank 0001    INFO at /home/lzy/projects/mirheo_starter/vendor/Mirheo/src/mirheo/core/postproc.cpp:111 Postprocess is listening to messages now
18:29:04:581  Rank 0001    INFO at /home/lzy/projects/mirheo_starter/vendor/Mirheo/src/mirheo/core/postproc.cpp:122 Postprocess got a stopping message and will stop now
18:29:04:586  Rank 0001    INFO at /home/lzy/projects/mirheo_starter/vendor/Mirheo/src/mirheo/core/postproc.cpp:111 Postprocess is listening to messages now
18:29:04:775  Rank 0001    INFO at /home/lzy/projects/mirheo_starter/vendor/Mirheo/src/mirheo/core/postproc.cpp:122 Postprocess got a stopping message and will stop now
18:29:04:780  Rank 0001    INFO at /home/lzy/projects/mirheo_starter/vendor/Mirheo/src/mirheo/core/postproc.cpp:111 Postprocess is listening to messages now
18:29:04:978  Rank 0001    INFO at /home/lzy/projects/mirheo_starter/vendor/Mirheo/src/mirheo/core/postproc.cpp:122 Postprocess got a stopping message and will stop now
18:29:04:983  Rank 0001    INFO at /home/lzy/projects/mirheo_starter/vendor/Mirheo/src/mirheo/core/postproc.cpp:111 Postprocess is listening to messages now
18:29:05:182  Rank 0001    INFO at /home/lzy/projects/mirheo_starter/vendor/Mirheo/src/mirheo/core/postproc.cpp:122 Postprocess got a stopping message and will stop now
18:29:05:188  Rank 0001    INFO at /home/lzy/projects/mirheo_starter/vendor/Mirheo/src/mirheo/core/postproc.cpp:111 Postprocess is listening to messages now
18:29:05:395  Rank 0001    INFO at /home/lzy/projects/mirheo_starter/vendor/Mirheo/src/mirheo/core/postproc.cpp:122 Postprocess got a stopping message and will stop now
18:29:05:401  Rank 0001    INFO at /home/lzy/projects/mirheo_starter/vendor/Mirheo/src/mirheo/core/postproc.cpp:111 Postprocess is listening to messages now
18:29:05:602  Rank 0001    INFO at /home/lzy/projects/mirheo_starter/vendor/Mirheo/src/mirheo/core/postproc.cpp:122 Postprocess got a stopping message and will stop now
18:29:05:608  Rank 0001    INFO at /home/lzy/projects/mirheo_starter/vendor/Mirheo/src/mirheo/core/postproc.cpp:111 Postprocess is listening to messages now
18:29:05:803  Rank 0001    INFO at /home/lzy/projects/mirheo_starter/vendor/Mirheo/src/mirheo/core/postproc.cpp:122 Postprocess got a stopping message and will stop now
18:29:05:808  Rank 0001    INFO at /home/lzy/projects/mirheo_starter/vendor/Mirheo/src/mirheo/core/postproc.cpp:111 Postprocess is listening to messages now
18:29:06:002  Rank 0001    INFO at /home/lzy/projects/mirheo_starter/vendor/Mirheo/src/mirheo/core/postproc.cpp:122 Postprocess got a stopping message and will stop now
18:29:06:008  Rank 0001    INFO at /home/lzy/projects/mirheo_starter/vendor/Mirheo/src/mirheo/core/postproc.cpp:111 Postprocess is listening to messages now
18:29:06:205  Rank 0001    INFO at /home/lzy/projects/mirheo_starter/vendor/Mirheo/src/mirheo/core/postproc.cpp:122 Postprocess got a stopping message and will stop now
18:29:06:211  Rank 0001    INFO at /home/lzy/projects/mirheo_starter/vendor/Mirheo/src/mirheo/core/postproc.cpp:111 Postprocess is listening to messages now
18:29:06:410  Rank 0001    INFO at /home/lzy/projects/mirheo_starter/vendor/Mirheo/src/mirheo/core/postproc.cpp:122 Postprocess got a stopping message and will stop now
18:29:06:415  Rank 0001    INFO at /home/lzy/projects/mirheo_starter/vendor/Mirheo/src/mirheo/core/postproc.cpp:111 Postprocess is listening to messages now
18:29:06:615  Rank 0001    INFO at /home/lzy/projects/mirheo_starter/vendor/Mirheo/src/mirheo/core/postproc.cpp:122 Postprocess got a stopping message and will stop now
18:29:06:621  Rank 0001    INFO at /home/lzy/projects/mirheo_starter/vendor/Mirheo/src/mirheo/core/postproc.cpp:111 Postprocess is listening to messages now
18:29:06:816  Rank 0001    INFO at /home/lzy/projects/mirheo_starter/vendor/Mirheo/src/mirheo/core/postproc.cpp:122 Postprocess got a stopping message and will stop now
18:29:06:821  Rank 0001    INFO at /home/lzy/projects/mirheo_starter/vendor/Mirheo/src/mirheo/core/postproc.cpp:111 Postprocess is listening to messages now
18:29:07:014  Rank 0001    INFO at /home/lzy/projects/mirheo_starter/vendor/Mirheo/src/mirheo/core/postproc.cpp:122 Postprocess got a stopping message and will stop now
18:29:07:019  Rank 0001    INFO at /home/lzy/projects/mirheo_starter/vendor/Mirheo/src/mirheo/core/postproc.cpp:111 Postprocess is listening to messages now
18:29:07:209  Rank 0001    INFO at /home/lzy/projects/mirheo_starter/vendor/Mirheo/src/mirheo/core/postproc.cpp:122 Postprocess got a stopping message and will stop now
18:29:07:215  Rank 0001    INFO at /home/lzy/projects/mirheo_starter/vendor/Mirheo/src/mirheo/core/postproc.cpp:111 Postprocess is listening to messages now
18:29:07:413  Rank 0001    INFO at /home/lzy/projects/mirheo_starter/vendor/Mirheo/src/mirheo/core/postproc.cpp:122 Postprocess got a stopping message and will stop now
18:29:07:423  Rank 0001    INFO at /home/lzy/projects/mirheo_starter/vendor/Mirheo/src/mirheo/core/postproc.cpp:111 Postprocess is listening to messages now
18:29:07:622  Rank 0001    INFO at /home/lzy/projects/mirheo_starter/vendor/Mirheo/src/mirheo/core/postproc.cpp:122 Postprocess got a stopping message and will stop now
18:29:07:628  Rank 0001    INFO at /home/lzy/projects/mirheo_starter/vendor/Mirheo/src/mirheo/core/postproc.cpp:111 Postprocess is listening to messages now
18:29:07:828  Rank 0001    INFO at /home/lzy/projects/mirheo_starter/vendor/Mirheo/src/mirheo/core/postproc.cpp:122 Postprocess got a stopping message and will stop now
18:29:07:834  Rank 0001    INFO at /home/lzy/projects/mirheo_starter/vendor/Mirheo/src/mirheo/core/postproc.cpp:111 Postprocess is listening to messages now
18:29:08:035  Rank 0001    INFO at /home/lzy/projects/mirheo_starter/vendor/Mirheo/src/mirheo/core/postproc.cpp:122 Postprocess got a stopping message and will stop now
18:29:08:042  Rank 0001    INFO at /home/lzy/projects/mirheo_starter/vendor/Mirheo/src/mirheo/core/postproc.cpp:111 Postprocess is listening to messages now
18:29:08:236  Rank 0001    INFO at /home/lzy/projects/mirheo_starter/vendor/Mirheo/src/mirheo/core/postproc.cpp:122 Postprocess got a stopping message and will stop now
18:29:08:242  Rank 0001    INFO at /home/lzy/projects/mirheo_starter/vendor/Mirheo/src/mirheo/core/postproc.cpp:111 Postprocess is listening to messages now
18:29:08:443  Rank 0001    INFO at /home/lzy/projects/mirheo_starter/vendor/Mirheo/src/mirheo/core/postproc.cpp:122 Postprocess got a stopping message and will stop now
18:29:08:448  Rank 0001    INFO at /home/lzy/projects/mirheo_starter/vendor/Mirheo/src/mirheo/core/postproc.cpp:111 Postprocess is listening to messages now
18:29:08:648  Rank 0001    INFO at /home/lzy/projects/mirheo_starter/vendor/Mirheo/src/mirheo/core/postproc.cpp:122 Postprocess got a stopping message and will stop now
18:29:08:657  Rank 0001    INFO at /home/lzy/projects/mirheo_starter/vendor/Mirheo/src/mirheo/core/postproc.cpp:111 Postprocess is listening to messages now
18:29:08:851  Rank 0001    INFO at /home/lzy/projects/mirheo_starter/vendor/Mirheo/src/mirheo/core/postproc.cpp:122 Postprocess got a stopping message and will stop now
18:29:08:857  Rank 0001    INFO at /home/lzy/projects/mirheo_starter/vendor/Mirheo/src/mirheo/core/postproc.cpp:111 Postprocess is listening to messages now
18:29:09:073  Rank 0001    INFO at /home/lzy/projects/mirheo_starter/vendor/Mirheo/src/mirheo/core/postproc.cpp:122 Postprocess got a stopping message and will stop now
18:29:09:079  Rank 0001    INFO at /home/lzy/projects/mirheo_starter/vendor/Mirheo/src/mirheo/core/postproc.cpp:111 Postprocess is listening to messages now
18:29:09:291  Rank 0001    INFO at /home/lzy/projects/mirheo_starter/vendor/Mirheo/src/mirheo/core/postproc.cpp:122 Postprocess got a stopping message and will stop now
18:29:09:297  Rank 0001    INFO at /home/lzy/projects/mirheo_starter/vendor/Mirheo/src/mirheo/core/postproc.cpp:111 Postprocess is listening to messages now
18:29:09:494  Rank 0001    INFO at /home/lzy/projects/mirheo_starter/vendor/Mirheo/src/mirheo/core/postproc.cpp:122 Postprocess got a stopping message and will stop now
18:29:09:501  Rank 0001    INFO at /home/lzy/projects/mirheo_starter/vendor/Mirheo/src/mirheo/core/postproc.cpp:111 Postprocess is listening to messages now
18:29:09:695  Rank 0001    INFO at /home/lzy/projects/mirheo_starter/vendor/Mirheo/src/mirheo/core/postproc.cpp:122 Postprocess got a stopping message and will stop now
18:29:09:702  Rank 0001    INFO at /home/lzy/projects/mirheo_starter/vendor/Mirheo/src/mirheo/core/postproc.cpp:111 Postprocess is listening to messages now
18:29:09:894  Rank 0001    INFO at /home/lzy/projects/mirheo_starter/vendor/Mirheo/src/mirheo/core/postproc.cpp:122 Postprocess got a stopping message and will stop now
18:29:09:901  Rank 0001    INFO at /home/lzy/projects/mirheo_starter/vendor/Mirheo/src/mirheo/core/postproc.cpp:111 Postprocess is listening to messages now
18:29:10:092  Rank 0001    INFO at /home/lzy/projects/mirheo_starter/vendor/Mirheo/src/mirheo/core/postproc.cpp:122 Postprocess got a stopping message and will stop now
18:29:10:097  Rank 0001    INFO at /home/lzy/projects/mirheo_starter/vendor/Mirheo/src/mirheo/core/postproc.cpp:111 Postprocess is listening to messages now
18:29:10:287  Rank 0001    INFO at /home/lzy/projects/mirheo_starter/vendor/Mirheo/src/mirheo/core/postproc.cpp:122 Postprocess got a stopping message and will stop now
18:29:10:293  Rank 0001    INFO at /home/lzy/projects/mirheo_starter/vendor/Mirheo/src/mirheo/core/postproc.cpp:111 Postprocess is listening to messages now
18:29:10:488  Rank 0001    INFO at /home/lzy/projects/mirheo_starter/vendor/Mirheo/src/mirheo/core/postproc.cpp:122 Postprocess got a stopping message and will stop now
18:29:10:494  Rank 0001    INFO at /home/lzy/projects/mirheo_starter/vendor/Mirheo/src/mirheo/core/postproc.cpp:111 Postprocess is listening to messages now
18:29:10:684  Rank 0001    INFO at /home/lzy/projects/mirheo_starter/vendor/Mirheo/src/mirheo/core/postproc.cpp:122 Postprocess got a stopping message and will stop now
18:29:10:689  Rank 0001    INFO at /home/lzy/projects/mirheo_starter/vendor/Mirheo/src/mirheo/core/postproc.cpp:111 Postprocess is listening to messages now
18:29:10:893  Rank 0001    INFO at /home/lzy/projects/mirheo_starter/vendor/Mirheo/src/mirheo/core/postproc.cpp:122 Postprocess got a stopping message and will stop now
18:29:10:898  Rank 0001    INFO at /home/lzy/projects/mirheo_starter/vendor/Mirheo/src/mirheo/core/postproc.cpp:111 Postprocess is listening to messages now
18:29:11:100  Rank 0001    INFO at /home/lzy/projects/mirheo_starter/vendor/Mirheo/src/mirheo/core/postproc.cpp:122 Postprocess got a stopping message and will stop now
18:29:11:105  Rank 0001    INFO at /home/lzy/projects/mirheo_starter/vendor/Mirheo/src/mirheo/core/postproc.cpp:111 Postprocess is listening to messages now
18:29:11:298  Rank 0001    INFO at /home/lzy/projects/mirheo_starter/vendor/Mirheo/src/mirheo/core/postproc.cpp:122 Postprocess got a stopping message and will stop now
18:29:11:310  Rank 0001    INFO at /home/lzy/projects/mirheo_starter/vendor/Mirheo/src/mirheo/core/postproc.cpp:111 Postprocess is listening to messages now
18:29:11:509  Rank 0001    INFO at /home/lzy/projects/mirheo_starter/vendor/Mirheo/src/mirheo/core/postproc.cpp:122 Postprocess got a stopping message and will stop now
18:29:11:514  Rank 0001    INFO at /home/lzy/projects/mirheo_starter/vendor/Mirheo/src/mirheo/core/postproc.cpp:111 Postprocess is listening to messages now
18:29:11:713  Rank 0001    INFO at /home/lzy/projects/mirheo_starter/vendor/Mirheo/src/mirheo/core/postproc.cpp:122 Postprocess got a stopping message and will stop now
18:29:11:720  Rank 0001    INFO at /home/lzy/projects/mirheo_starter/vendor/Mirheo/src/mirheo/core/postproc.cpp:111 Postprocess is listening to messages now
18:29:11:918  Rank 0001    INFO at /home/lzy/projects/mirheo_starter/vendor/Mirheo/src/mirheo/core/postproc.cpp:122 Postprocess got a stopping message and will stop now
18:29:11:924  Rank 0001    INFO at /home/lzy/projects/mirheo_starter/vendor/Mirheo/src/mirheo/core/postproc.cpp:111 Postprocess is listening to messages now
18:29:12:119  Rank 0001    INFO at /home/lzy/projects/mirheo_starter/vendor/Mirheo/src/mirheo/core/postproc.cpp:122 Postprocess got a stopping message and will stop now
18:29:12:124  Rank 0001    INFO at /home/lzy/projects/mirheo_starter/vendor/Mirheo/src/mirheo/core/postproc.cpp:111 Postprocess is listening to messages now
18:29:12:317  Rank 0001    INFO at /home/lzy/projects/mirheo_starter/vendor/Mirheo/src/mirheo/core/postproc.cpp:122 Postprocess got a stopping message and will stop now
18:29:12:323  Rank 0001    INFO at /home/lzy/projects/mirheo_starter/vendor/Mirheo/src/mirheo/core/postproc.cpp:111 Postprocess is listening to messages now
18:29:12:515  Rank 0001    INFO at /home/lzy/projects/mirheo_starter/vendor/Mirheo/src/mirheo/core/postproc.cpp:122 Postprocess got a stopping message and will stop now
18:29:12:521  Rank 0001    INFO at /home/lzy/projects/mirheo_starter/vendor/Mirheo/src/mirheo/core/postproc.cpp:111 Postprocess is listening to messages now
18:29:12:712  Rank 0001    INFO at /home/lzy/projects/mirheo_starter/vendor/Mirheo/src/mirheo/core/postproc.cpp:122 Postprocess got a stopping message and will stop now
18:29:12:717  Rank 0001    INFO at /home/lzy/projects/mirheo_starter/vendor/Mirheo/src/mirheo/core/postproc.cpp:111 Postprocess is listening to messages now
18:29:12:915  Rank 0001    INFO at /home/lzy/projects/mirheo_starter/vendor/Mirheo/src/mirheo/core/postproc.cpp:122 Postprocess got a stopping message and will stop now
18:29:12:924  Rank 0001    INFO at /home/lzy/projects/mirheo_starter/vendor/Mirheo/src/mirheo/core/postproc.cpp:111 Postprocess is listening to messages now
18:29:13:117  Rank 0001    INFO at /home/lzy/projects/mirheo_starter/vendor/Mirheo/src/mirheo/core/postproc.cpp:122 Postprocess got a stopping message and will stop now
18:29:13:123  Rank 0001    INFO at /home/lzy/projects/mirheo_starter/vendor/Mirheo/src/mirheo/core/postproc.cpp:111 Postprocess is listening to messages now
18:29:13:323  Rank 0001    INFO at /home/lzy/projects/mirheo_starter/vendor/Mirheo/src/mirheo/core/postproc.cpp:122 Postprocess got a stopping message and will stop now
18:29:13:331  Rank 0001    INFO at /home/lzy/projects/mirheo_starter/vendor/Mirheo/src/mirheo/core/postproc.cpp:111 Postprocess is listening to messages now
18:29:13:538  Rank 0001    INFO at /home/lzy/projects/mirheo_starter/vendor/Mirheo/src/mirheo/core/postproc.cpp:122 Postprocess got a stopping message and will stop now
18:29:13:544  Rank 0001    INFO at /home/lzy/projects/mirheo_starter/vendor/Mirheo/src/mirheo/core/postproc.cpp:111 Postprocess is listening to messages now
18:29:13:730  Rank 0001    INFO at /home/lzy/projects/mirheo_starter/vendor/Mirheo/src/mirheo/core/postproc.cpp:122 Postprocess got a stopping message and will stop now
18:29:13:736  Rank 0001    INFO at /home/lzy/projects/mirheo_starter/vendor/Mirheo/src/mirheo/core/postproc.cpp:111 Postprocess is listening to messages now
18:29:13:944  Rank 0001    INFO at /home/lzy/projects/mirheo_starter/vendor/Mirheo/src/mirheo/core/postproc.cpp:122 Postprocess got a stopping message and will stop now
18:29:13:950  Rank 0001    INFO at /home/lzy/projects/mirheo_starter/vendor/Mirheo/src/mirheo/core/postproc.cpp:111 Postprocess is listening to messages now
18:29:14:146  Rank 0001    INFO at /home/lzy/projects/mirheo_starter/vendor/Mirheo/src/mirheo/core/postproc.cpp:122 Postprocess got a stopping message and will stop now
18:29:14:152  Rank 0001    INFO at /home/lzy/projects/mirheo_starter/vendor/Mirheo/src/mirheo/core/postproc.cpp:111 Postprocess is listening to messages now
18:29:14:356  Rank 0001    INFO at /home/lzy/projects/mirheo_starter/vendor/Mirheo/src/mirheo/core/postproc.cpp:122 Postprocess got a stopping message and will stop now
18:29:14:361  Rank 0001    INFO at /home/lzy/projects/mirheo_starter/vendor/Mirheo/src/mirheo/core/postproc.cpp:111 Postprocess is listening to messages now
18:29:14:550  Rank 0001    INFO at /home/lzy/projects/mirheo_starter/vendor/Mirheo/src/mirheo/core/postproc.cpp:122 Postprocess got a stopping message and will stop now
18:29:14:555  Rank 0001    INFO at /home/lzy/projects/mirheo_starter/vendor/Mirheo/src/mirheo/core/postproc.cpp:111 Postprocess is listening to messages now
18:29:14:747  Rank 0001    INFO at /home/lzy/projects/mirheo_starter/vendor/Mirheo/src/mirheo/core/postproc.cpp:122 Postprocess got a stopping message and will stop now
18:29:14:753  Rank 0001    INFO at /home/lzy/projects/mirheo_starter/vendor/Mirheo/src/mirheo/core/postproc.cpp:111 Postprocess is listening to messages now
18:29:14:939  Rank 0001    INFO at /home/lzy/projects/mirheo_starter/vendor/Mirheo/src/mirheo/core/postproc.cpp:122 Postprocess got a stopping message and will stop now
18:29:14:945  Rank 0001    INFO at /home/lzy/projects/mirheo_starter/vendor/Mirheo/src/mirheo/core/postproc.cpp:111 Postprocess is listening to messages now
18:29:15:141  Rank 0001    INFO at /home/lzy/projects/mirheo_starter/vendor/Mirheo/src/mirheo/core/postproc.cpp:122 Postprocess got a stopping message and will stop now
18:29:15:149  Rank 0001    INFO at /home/lzy/projects/mirheo_starter/vendor/Mirheo/src/mirheo/core/postproc.cpp:111 Postprocess is listening to messages now
18:29:15:347  Rank 0001    INFO at /home/lzy/projects/mirheo_starter/vendor/Mirheo/src/mirheo/core/postproc.cpp:122 Postprocess got a stopping message and will stop now
18:29:15:356  Rank 0001    INFO at /home/lzy/projects/mirheo_starter/vendor/Mirheo/src/mirheo/core/postproc.cpp:111 Postprocess is listening to messages now
18:29:15:562  Rank 0001    INFO at /home/lzy/projects/mirheo_starter/vendor/Mirheo/src/mirheo/core/postproc.cpp:122 Postprocess got a stopping message and will stop now
18:29:15:568  Rank 0001    INFO at /home/lzy/projects/mirheo_starter/vendor/Mirheo/src/mirheo/core/postproc.cpp:111 Postprocess is listening to messages now
18:29:15:757  Rank 0001    INFO at /home/lzy/projects/mirheo_starter/vendor/Mirheo/src/mirheo/core/postproc.cpp:122 Postprocess got a stopping message and will stop now
18:29:15:763  Rank 0001    INFO at /home/lzy/projects/mirheo_starter/vendor/Mirheo/src/mirheo/core/postproc.cpp:111 Postprocess is listening to messages now
18:29:15:963  Rank 0001    INFO at /home/lzy/projects/mirheo_starter/vendor/Mirheo/src/mirheo/core/postproc.cpp:122 Postprocess got a stopping message and will stop now
18:29:15:970  Rank 0001    INFO at /home/lzy/projects/mirheo_starter/vendor/Mirheo/src/mirheo/core/postproc.cpp:111 Postprocess is listening to messages now
18:29:16:158  Rank 0001    INFO at /home/lzy/projects/mirheo_starter/vendor/Mirheo/src/mirheo/core/postproc.cpp:122 Postprocess got a stopping message and will stop now
18:29:16:164  Rank 0001    INFO at /home/lzy/projects/mirheo_starter/vendor/Mirheo/src/mirheo/core/postproc.cpp:111 Postprocess is listening to messages now
18:29:16:368  Rank 0001    INFO at /home/lzy/projects/mirheo_starter/vendor/Mirheo/src/mirheo/core/postproc.cpp:122 Postprocess got a stopping message and will stop now
18:29:16:373  Rank 0001    INFO at /home/lzy/projects/mirheo_starter/vendor/Mirheo/src/mirheo/core/postproc.cpp:111 Postprocess is listening to messages now
18:29:16:570  Rank 0001    INFO at /home/lzy/projects/mirheo_starter/vendor/Mirheo/src/mirheo/core/postproc.cpp:122 Postprocess got a stopping message and will stop now
18:29:16:578  Rank 0001    INFO at /home/lzy/projects/mirheo_starter/vendor/Mirheo/src/mirheo/core/postproc.cpp:111 Postprocess is listening to messages now
18:29:16:772  Rank 0001    INFO at /home/lzy/projects/mirheo_starter/vendor/Mirheo/src/mirheo/core/postproc.cpp:122 Postprocess got a stopping message and will stop now
18:29:16:777  Rank 0001    INFO at /home/lzy/projects/mirheo_starter/vendor/Mirheo/src/mirheo/core/postproc.cpp:111 Postprocess is listening to messages now
18:29:16:968  Rank 0001    INFO at /home/lzy/projects/mirheo_starter/vendor/Mirheo/src/mirheo/core/postproc.cpp:122 Postprocess got a stopping message and will stop now
18:29:16:974  Rank 0001    INFO at /home/lzy/projects/mirheo_starter/vendor/Mirheo/src/mirheo/core/postproc.cpp:111 Postprocess is listening to messages now
18:29:17:173  Rank 0001    INFO at /home/lzy/projects/mirheo_starter/vendor/Mirheo/src/mirheo/core/postproc.cpp:122 Postprocess got a stopping message and will stop now
18:29:17:180  Rank 0001    INFO at /home/lzy/projects/mirheo_starter/vendor/Mirheo/src/mirheo/core/postproc.cpp:111 Postprocess is listening to messages now
18:29:17:379  Rank 0001    INFO at /home/lzy/projects/mirheo_starter/vendor/Mirheo/src/mirheo/core/postproc.cpp:122 Postprocess got a stopping message and will stop now
18:29:17:384  Rank 0001    INFO at /home/lzy/projects/mirheo_starter/vendor/Mirheo/src/mirheo/core/postproc.cpp:111 Postprocess is listening to messages now
18:29:17:569  Rank 0001    INFO at /home/lzy/projects/mirheo_starter/vendor/Mirheo/src/mirheo/core/postproc.cpp:122 Postprocess got a stopping message and will stop now
18:29:17:574  Rank 0001    INFO at /home/lzy/projects/mirheo_starter/vendor/Mirheo/src/mirheo/core/postproc.cpp:111 Postprocess is listening to messages now
18:29:17:762  Rank 0001    INFO at /home/lzy/projects/mirheo_starter/vendor/Mirheo/src/mirheo/core/postproc.cpp:122 Postprocess got a stopping message and will stop now
18:29:17:767  Rank 0001    INFO at /home/lzy/projects/mirheo_starter/vendor/Mirheo/src/mirheo/core/postproc.cpp:111 Postprocess is listening to messages now
18:29:17:960  Rank 0001    INFO at /home/lzy/projects/mirheo_starter/vendor/Mirheo/src/mirheo/core/postproc.cpp:122 Postprocess got a stopping message and will stop now
18:29:17:966  Rank 0001    INFO at /home/lzy/projects/mirheo_starter/vendor/Mirheo/src/mirheo/core/postproc.cpp:111 Postprocess is listening to messages now
18:29:18:160  Rank 0001    INFO at /home/lzy/projects/mirheo_starter/vendor/Mirheo/src/mirheo/core/postproc.cpp:122 Postprocess got a stopping message and will stop now
18:29:18:167  Rank 0001    INFO at /home/lzy/projects/mirheo_starter/vendor/Mirheo/src/mirheo/core/postproc.cpp:111 Postprocess is listening to messages now
18:29:18:371  Rank 0001    INFO at /home/lzy/projects/mirheo_starter/vendor/Mirheo/src/mirheo/core/postproc.cpp:122 Postprocess got a stopping message and will stop now
18:29:18:376  Rank 0001    INFO at /home/lzy/projects/mirheo_starter/vendor/Mirheo/src/mirheo/core/postproc.cpp:111 Postprocess is listening to messages now
18:29:18:579  Rank 0001    INFO at /home/lzy/projects/mirheo_starter/vendor/Mirheo/src/mirheo/core/postproc.cpp:122 Postprocess got a stopping message and will stop now
18:29:18:585  Rank 0001    INFO at /home/lzy/projects/mirheo_starter/vendor/Mirheo/src/mirheo/core/postproc.cpp:111 Postprocess is listening to messages now
18:29:18:773  Rank 0001    INFO at /home/lzy/projects/mirheo_starter/vendor/Mirheo/src/mirheo/core/postproc.cpp:122 Postprocess got a stopping message and will stop now
18:29:18:779  Rank 0001    INFO at /home/lzy/projects/mirheo_starter/vendor/Mirheo/src/mirheo/core/postproc.cpp:111 Postprocess is listening to messages now
18:29:18:974  Rank 0001    INFO at /home/lzy/projects/mirheo_starter/vendor/Mirheo/src/mirheo/core/postproc.cpp:122 Postprocess got a stopping message and will stop now
18:29:18:982  Rank 0001    INFO at /home/lzy/projects/mirheo_starter/vendor/Mirheo/src/mirheo/core/postproc.cpp:111 Postprocess is listening to messages now
18:29:19:176  Rank 0001    INFO at /home/lzy/projects/mirheo_starter/vendor/Mirheo/src/mirheo/core/postproc.cpp:122 Postprocess got a stopping message and will stop now
18:29:19:181  Rank 0001    INFO at /home/lzy/projects/mirheo_starter/vendor/Mirheo/src/mirheo/core/postproc.cpp:111 Postprocess is listening to messages now
18:29:19:380  Rank 0001    INFO at /home/lzy/projects/mirheo_starter/vendor/Mirheo/src/mirheo/core/postproc.cpp:122 Postprocess got a stopping message and will stop now
18:29:19:386  Rank 0001    INFO at /home/lzy/projects/mirheo_starter/vendor/Mirheo/src/mirheo/core/postproc.cpp:111 Postprocess is listening to messages now
18:29:19:582  Rank 0001    INFO at /home/lzy/projects/mirheo_starter/vendor/Mirheo/src/mirheo/core/postproc.cpp:122 Postprocess got a stopping message and will stop now
18:29:19:587  Rank 0001    INFO at /home/lzy/projects/mirheo_starter/vendor/Mirheo/src/mirheo/core/postproc.cpp:111 Postprocess is listening to messages now
18:29:19:787  Rank 0001    INFO at /home/lzy/projects/mirheo_starter/vendor/Mirheo/src/mirheo/core/postproc.cpp:122 Postprocess got a stopping message and will stop now
18:29:19:793  Rank 0001    INFO at /home/lzy/projects/mirheo_starter/vendor/Mirheo/src/mirheo/core/postproc.cpp:111 Postprocess is listening to messages now
18:29:19:994  Rank 0001    INFO at /home/lzy/projects/mirheo_starter/vendor/Mirheo/src/mirheo/core/postproc.cpp:122 Postprocess got a stopping message and will stop now
18:29:19:999  Rank 0001    INFO at /home/lzy/projects/mirheo_starter/vendor/Mirheo/src/mirheo/core/postproc.cpp:111 Postprocess is listening to messages now
18:29:20:193  Rank 0001    INFO at /home/lzy/projects/mirheo_starter/vendor/Mirheo/src/mirheo/core/postproc.cpp:122 Postprocess got a stopping message and will stop now
18:29:20:199  Rank 0001    INFO at /home/lzy/projects/mirheo_starter/vendor/Mirheo/src/mirheo/core/postproc.cpp:111 Postprocess is listening to messages now
18:29:20:397  Rank 0001    INFO at /home/lzy/projects/mirheo_starter/vendor/Mirheo/src/mirheo/core/postproc.cpp:122 Postprocess got a stopping message and will stop now
18:29:20:403  Rank 0001    INFO at /home/lzy/projects/mirheo_starter/vendor/Mirheo/src/mirheo/core/postproc.cpp:111 Postprocess is listening to messages now
18:29:20:598  Rank 0001    INFO at /home/lzy/projects/mirheo_starter/vendor/Mirheo/src/mirheo/core/postproc.cpp:122 Postprocess got a stopping message and will stop now
18:29:20:603  Rank 0001    INFO at /home/lzy/projects/mirheo_starter/vendor/Mirheo/src/mirheo/core/postproc.cpp:111 Postprocess is listening to messages now
18:29:20:811  Rank 0001    INFO at /home/lzy/projects/mirheo_starter/vendor/Mirheo/src/mirheo/core/postproc.cpp:122 Postprocess got a stopping message and will stop now
18:29:20:817  Rank 0001    INFO at /home/lzy/projects/mirheo_starter/vendor/Mirheo/src/mirheo/core/postproc.cpp:111 Postprocess is listening to messages now
18:29:21:010  Rank 0001    INFO at /home/lzy/projects/mirheo_starter/vendor/Mirheo/src/mirheo/core/postproc.cpp:122 Postprocess got a stopping message and will stop now
18:29:21:017  Rank 0001    INFO at /home/lzy/projects/mirheo_starter/vendor/Mirheo/src/mirheo/core/postproc.cpp:111 Postprocess is listening to messages now
18:29:21:212  Rank 0001    INFO at /home/lzy/projects/mirheo_starter/vendor/Mirheo/src/mirheo/core/postproc.cpp:122 Postprocess got a stopping message and will stop now
18:29:21:217  Rank 0001    INFO at /home/lzy/projects/mirheo_starter/vendor/Mirheo/src/mirheo/core/postproc.cpp:111 Postprocess is listening to messages now
18:29:21:406  Rank 0001    INFO at /home/lzy/projects/mirheo_starter/vendor/Mirheo/src/mirheo/core/postproc.cpp:122 Postprocess got a stopping message and will stop now
18:29:21:411  Rank 0001    INFO at /home/lzy/projects/mirheo_starter/vendor/Mirheo/src/mirheo/core/postproc.cpp:111 Postprocess is listening to messages now
18:29:21:606  Rank 0001    INFO at /home/lzy/projects/mirheo_starter/vendor/Mirheo/src/mirheo/core/postproc.cpp:122 Postprocess got a stopping message and will stop now
18:29:21:612  Rank 0001    INFO at /home/lzy/projects/mirheo_starter/vendor/Mirheo/src/mirheo/core/postproc.cpp:111 Postprocess is listening to messages now
18:29:21:807  Rank 0001    INFO at /home/lzy/projects/mirheo_starter/vendor/Mirheo/src/mirheo/core/postproc.cpp:122 Postprocess got a stopping message and will stop now
18:29:21:812  Rank 0001    INFO at /home/lzy/projects/mirheo_starter/vendor/Mirheo/src/mirheo/core/postproc.cpp:111 Postprocess is listening to messages now
18:29:22:005  Rank 0001    INFO at /home/lzy/projects/mirheo_starter/vendor/Mirheo/src/mirheo/core/postproc.cpp:122 Postprocess got a stopping message and will stop now
18:29:22:011  Rank 0001    INFO at /home/lzy/projects/mirheo_starter/vendor/Mirheo/src/mirheo/core/postproc.cpp:111 Postprocess is listening to messages now
18:29:22:202  Rank 0001    INFO at /home/lzy/projects/mirheo_starter/vendor/Mirheo/src/mirheo/core/postproc.cpp:122 Postprocess got a stopping message and will stop now
18:29:22:209  Rank 0001    INFO at /home/lzy/projects/mirheo_starter/vendor/Mirheo/src/mirheo/core/postproc.cpp:111 Postprocess is listening to messages now
18:29:22:409  Rank 0001    INFO at /home/lzy/projects/mirheo_starter/vendor/Mirheo/src/mirheo/core/postproc.cpp:122 Postprocess got a stopping message and will stop now
18:29:22:415  Rank 0001    INFO at /home/lzy/projects/mirheo_starter/vendor/Mirheo/src/mirheo/core/postproc.cpp:111 Postprocess is listening to messages now
18:29:22:603  Rank 0001    INFO at /home/lzy/projects/mirheo_starter/vendor/Mirheo/src/mirheo/core/postproc.cpp:122 Postprocess got a stopping message and will stop now
18:29:22:609  Rank 0001    INFO at /home/lzy/projects/mirheo_starter/vendor/Mirheo/src/mirheo/core/postproc.cpp:111 Postprocess is listening to messages now
18:29:22:802  Rank 0001    INFO at /home/lzy/projects/mirheo_starter/vendor/Mirheo/src/mirheo/core/postproc.cpp:122 Postprocess got a stopping message and will stop now
18:29:22:809  Rank 0001    INFO at /home/lzy/projects/mirheo_starter/vendor/Mirheo/src/mirheo/core/postproc.cpp:111 Postprocess is listening to messages now
18:29:23:001  Rank 0001    INFO at /home/lzy/projects/mirheo_starter/vendor/Mirheo/src/mirheo/core/postproc.cpp:122 Postprocess got a stopping message and will stop now
18:29:23:007  Rank 0001    INFO at /home/lzy/projects/mirheo_starter/vendor/Mirheo/src/mirheo/core/postproc.cpp:111 Postprocess is listening to messages now
18:29:23:200  Rank 0001    INFO at /home/lzy/projects/mirheo_starter/vendor/Mirheo/src/mirheo/core/postproc.cpp:122 Postprocess got a stopping message and will stop now
18:29:23:206  Rank 0001    INFO at /home/lzy/projects/mirheo_starter/vendor/Mirheo/src/mirheo/core/postproc.cpp:111 Postprocess is listening to messages now
18:29:23:410  Rank 0001    INFO at /home/lzy/projects/mirheo_starter/vendor/Mirheo/src/mirheo/core/postproc.cpp:122 Postprocess got a stopping message and will stop now
18:29:23:416  Rank 0001    INFO at /home/lzy/projects/mirheo_starter/vendor/Mirheo/src/mirheo/core/postproc.cpp:111 Postprocess is listening to messages now
18:29:23:616  Rank 0001    INFO at /home/lzy/projects/mirheo_starter/vendor/Mirheo/src/mirheo/core/postproc.cpp:122 Postprocess got a stopping message and will stop now
18:29:23:621  Rank 0001    INFO at /home/lzy/projects/mirheo_starter/vendor/Mirheo/src/mirheo/core/postproc.cpp:111 Postprocess is listening to messages now
18:29:23:808  Rank 0001    INFO at /home/lzy/projects/mirheo_starter/vendor/Mirheo/src/mirheo/core/postproc.cpp:122 Postprocess got a stopping message and will stop now
18:29:23:814  Rank 0001    INFO at /home/lzy/projects/mirheo_starter/vendor/Mirheo/src/mirheo/core/postproc.cpp:111 Postprocess is listening to messages now
18:29:24:013  Rank 0001    INFO at /home/lzy/projects/mirheo_starter/vendor/Mirheo/src/mirheo/core/postproc.cpp:122 Postprocess got a stopping message and will stop now
18:29:24:018  Rank 0001    INFO at /home/lzy/projects/mirheo_starter/vendor/Mirheo/src/mirheo/core/postproc.cpp:111 Postprocess is listening to messages now
18:29:24:221  Rank 0001    INFO at /home/lzy/projects/mirheo_starter/vendor/Mirheo/src/mirheo/core/postproc.cpp:122 Postprocess got a stopping message and will stop now
18:29:24:229  Rank 0001    INFO at /home/lzy/projects/mirheo_starter/vendor/Mirheo/src/mirheo/core/postproc.cpp:111 Postprocess is listening to messages now
18:29:24:419  Rank 0001    INFO at /home/lzy/projects/mirheo_starter/vendor/Mirheo/src/mirheo/core/postproc.cpp:122 Postprocess got a stopping message and will stop now
18:29:24:424  Rank 0001    INFO at /home/lzy/projects/mirheo_starter/vendor/Mirheo/src/mirheo/core/postproc.cpp:111 Postprocess is listening to messages now
18:29:24:628  Rank 0001    INFO at /home/lzy/projects/mirheo_starter/vendor/Mirheo/src/mirheo/core/postproc.cpp:122 Postprocess got a stopping message and will stop now
18:29:24:634  Rank 0001    INFO at /home/lzy/projects/mirheo_starter/vendor/Mirheo/src/mirheo/core/postproc.cpp:111 Postprocess is listening to messages now
18:29:24:830  Rank 0001    INFO at /home/lzy/projects/mirheo_starter/vendor/Mirheo/src/mirheo/core/postproc.cpp:122 Postprocess got a stopping message and will stop now
18:29:24:841  Rank 0001    INFO at /home/lzy/projects/mirheo_starter/vendor/Mirheo/src/mirheo/core/postproc.cpp:111 Postprocess is listening to messages now
18:29:25:034  Rank 0001    INFO at /home/lzy/projects/mirheo_starter/vendor/Mirheo/src/mirheo/core/postproc.cpp:122 Postprocess got a stopping message and will stop now
18:29:25:040  Rank 0001    INFO at /home/lzy/projects/mirheo_starter/vendor/Mirheo/src/mirheo/core/postproc.cpp:111 Postprocess is listening to messages now
18:29:25:227  Rank 0001    INFO at /home/lzy/projects/mirheo_starter/vendor/Mirheo/src/mirheo/core/postproc.cpp:122 Postprocess got a stopping message and will stop now
18:29:25:232  Rank 0001    INFO at /home/lzy/projects/mirheo_starter/vendor/Mirheo/src/mirheo/core/postproc.cpp:111 Postprocess is listening to messages now
18:29:25:426  Rank 0001    INFO at /home/lzy/projects/mirheo_starter/vendor/Mirheo/src/mirheo/core/postproc.cpp:122 Postprocess got a stopping message and will stop now
18:29:25:432  Rank 0001    INFO at /home/lzy/projects/mirheo_starter/vendor/Mirheo/src/mirheo/core/postproc.cpp:111 Postprocess is listening to messages now
18:29:25:631  Rank 0001    INFO at /home/lzy/projects/mirheo_starter/vendor/Mirheo/src/mirheo/core/postproc.cpp:122 Postprocess got a stopping message and will stop now
18:29:25:637  Rank 0001    INFO at /home/lzy/projects/mirheo_starter/vendor/Mirheo/src/mirheo/core/postproc.cpp:111 Postprocess is listening to messages now
18:29:25:830  Rank 0001    INFO at /home/lzy/projects/mirheo_starter/vendor/Mirheo/src/mirheo/core/postproc.cpp:122 Postprocess got a stopping message and will stop now
18:29:25:836  Rank 0001    INFO at /home/lzy/projects/mirheo_starter/vendor/Mirheo/src/mirheo/core/postproc.cpp:111 Postprocess is listening to messages now
18:29:26:029  Rank 0001    INFO at /home/lzy/projects/mirheo_starter/vendor/Mirheo/src/mirheo/core/postproc.cpp:122 Postprocess got a stopping message and will stop now
18:29:26:034  Rank 0001    INFO at /home/lzy/projects/mirheo_starter/vendor/Mirheo/src/mirheo/core/postproc.cpp:111 Postprocess is listening to messages now
18:29:26:218  Rank 0001    INFO at /home/lzy/projects/mirheo_starter/vendor/Mirheo/src/mirheo/core/postproc.cpp:122 Postprocess got a stopping message and will stop now
18:29:26:223  Rank 0001    INFO at /home/lzy/projects/mirheo_starter/vendor/Mirheo/src/mirheo/core/postproc.cpp:111 Postprocess is listening to messages now
18:29:26:416  Rank 0001    INFO at /home/lzy/projects/mirheo_starter/vendor/Mirheo/src/mirheo/core/postproc.cpp:122 Postprocess got a stopping message and will stop now
18:29:26:422  Rank 0001    INFO at /home/lzy/projects/mirheo_starter/vendor/Mirheo/src/mirheo/core/postproc.cpp:111 Postprocess is listening to messages now
18:29:26:611  Rank 0001    INFO at /home/lzy/projects/mirheo_starter/vendor/Mirheo/src/mirheo/core/postproc.cpp:122 Postprocess got a stopping message and will stop now
18:29:26:617  Rank 0001    INFO at /home/lzy/projects/mirheo_starter/vendor/Mirheo/src/mirheo/core/postproc.cpp:111 Postprocess is listening to messages now
18:29:26:809  Rank 0001    INFO at /home/lzy/projects/mirheo_starter/vendor/Mirheo/src/mirheo/core/postproc.cpp:122 Postprocess got a stopping message and will stop now
18:29:26:814  Rank 0001    INFO at /home/lzy/projects/mirheo_starter/vendor/Mirheo/src/mirheo/core/postproc.cpp:111 Postprocess is listening to messages now
18:29:27:007  Rank 0001    INFO at /home/lzy/projects/mirheo_starter/vendor/Mirheo/src/mirheo/core/postproc.cpp:122 Postprocess got a stopping message and will stop now
18:29:27:013  Rank 0001    INFO at /home/lzy/projects/mirheo_starter/vendor/Mirheo/src/mirheo/core/postproc.cpp:111 Postprocess is listening to messages now
18:29:27:213  Rank 0001    INFO at /home/lzy/projects/mirheo_starter/vendor/Mirheo/src/mirheo/core/postproc.cpp:122 Postprocess got a stopping message and will stop now
18:29:27:219  Rank 0001    INFO at /home/lzy/projects/mirheo_starter/vendor/Mirheo/src/mirheo/core/postproc.cpp:111 Postprocess is listening to messages now
18:29:27:420  Rank 0001    INFO at /home/lzy/projects/mirheo_starter/vendor/Mirheo/src/mirheo/core/postproc.cpp:122 Postprocess got a stopping message and will stop now
18:29:27:426  Rank 0001    INFO at /home/lzy/projects/mirheo_starter/vendor/Mirheo/src/mirheo/core/postproc.cpp:111 Postprocess is listening to messages now
18:29:27:613  Rank 0001    INFO at /home/lzy/projects/mirheo_starter/vendor/Mirheo/src/mirheo/core/postproc.cpp:122 Postprocess got a stopping message and will stop now
