particle_id,attempt,diameter_um,status
1,0,3.5914982204959447,NO_FEASIBLE_INLET_POSITION_FOR_SIZE
1,1,1.2582072447881936,SIZE_FROZEN_FOR_POSITION_SAMPLING
2,0,1.964255791729275,SIZE_FROZEN_FOR_POSITION_SAMPLING
3,0,2.297200142412706,SIZE_FROZEN_FOR_POSITION_SAMPLING
4,0,1.7753401530987956,SIZE_FROZEN_FOR_POSITION_SAMPLING
5,0,1.9216259921603795,SIZE_FROZEN_FOR_POSITION_SAMPLING
6,0,2.1064344681299567,SIZE_FROZEN_FOR_POSITION_SAMPLING
7,0,1.8974414601399916,SIZE_FROZEN_FOR_POSITION_SAMPLING
8,0,1.4966723254637917,SIZE_FROZEN_FOR_POSITION_SAMPLING
9,0,1.3917933508635632,SIZE_FROZEN_FOR_POSITION_SAMPLING
10,0,2.444795790569871,SIZE_FROZEN_FOR_POSITION_SAMPLING
11,0,2.428505798180387,SIZE_FROZEN_FOR_POSITION_SAMPLING
12,0,1.635517618091651,SIZE_FROZEN_FOR_POSITION_SAMPLING
13,0,2.550255060250103,SIZE_FROZEN_FOR_POSITION_SAMPLING
14,0,1.6491492398055132,SIZE_FROZEN_FOR_POSITION_SAMPLING
15,0,1.9064658164123967,SIZE_FROZEN_FOR_POSITION_SAMPLING
16,0,2.2917977436958332,SIZE_FROZEN_FOR_POSITION_SAMPLING
17,0,1.9710900065599621,SIZE_FROZEN_FOR_POSITION_SAMPLING
18,0,2.447650744933669,SIZE_FROZEN_FOR_POSITION_SAMPLING
19,0,1.3009900661503702,SIZE_FROZEN_FOR_POSITION_SAMPLING
20,0,1.286593771780462,SIZE_FROZEN_FOR_POSITION_SAMPLING
21,0,1.4957000587531537,SIZE_FROZEN_FOR_POSITION_SAMPLING
22,0,1.5308272593139363,SIZE_FROZEN_FOR_POSITION_SAMPLING
23,0,2.189833734654755,SIZE_FROZEN_FOR_POSITION_SAMPLING
24,0,1.8354760659178453,SIZE_FROZEN_FOR_POSITION_SAMPLING
25,0,2.0755901462301174,SIZE_FROZEN_FOR_POSITION_SAMPLING
26,0,1.2415442587335344,SIZE_FROZEN_FOR_POSITION_SAMPLING
27,0,1.4438656149679268,SIZE_FROZEN_FOR_POSITION_SAMPLING
28,0,2.4459319488161477,SIZE_FROZEN_FOR_POSITION_SAMPLING
29,0,1.8376511593466405,SIZE_FROZEN_FOR_POSITION_SAMPLING
30,0,1.1989445099536162,SIZE_FROZEN_FOR_POSITION_SAMPLING
31,0,1.5632245960861584,SIZE_FROZEN_FOR_POSITION_SAMPLING
32,0,2.74997410808716,SIZE_FROZEN_FOR_POSITION_SAMPLING
33,0,1.2670169781163103,SIZE_FROZEN_FOR_POSITION_SAMPLING
34,0,2.049747897149513,SIZE_FROZEN_FOR_POSITION_SAMPLING
35,0,1.7263003873708886,SIZE_FROZEN_FOR_POSITION_SAMPLING
36,0,1.57561639059312,SIZE_FROZEN_FOR_POSITION_SAMPLING
37,0,2.9919457530185327,SIZE_FROZEN_FOR_POSITION_SAMPLING
38,0,1.6501609434901516,SIZE_FROZEN_FOR_POSITION_SAMPLING
39,0,1.9842008773564044,SIZE_FROZEN_FOR_POSITION_SAMPLING
40,0,2.020299353709074,SIZE_FROZEN_FOR_POSITION_SAMPLING
41,0,3.1137306820958837,SIZE_FROZEN_FOR_POSITION_SAMPLING
42,0,1.7080278684061585,SIZE_FROZEN_FOR_POSITION_SAMPLING
43,0,2.329811629059533,SIZE_FROZEN_FOR_POSITION_SAMPLING
44,0,1.3792627491927294,SIZE_FROZEN_FOR_POSITION_SAMPLING
45,0,1.4041462747948457,SIZE_FROZEN_FOR_POSITION_SAMPLING
46,0,1.7680372415235202,SIZE_FROZEN_FOR_POSITION_SAMPLING
47,0,2.4541614954368427,SIZE_FROZEN_FOR_POSITION_SAMPLING
48,0,1.3607374016641962,SIZE_FROZEN_FOR_POSITION_SAMPLING
49,0,1.9244280238922258,SIZE_FROZEN_FOR_POSITION_SAMPLING
50,0,1.9479964736747728,SIZE_FROZEN_FOR_POSITION_SAMPLING
51,0,2.1383166431690332,SIZE_FROZEN_FOR_POSITION_SAMPLING
52,0,1.4603165463117884,SIZE_FROZEN_FOR_POSITION_SAMPLING
53,0,3.244393026312179,NO_FEASIBLE_INLET_POSITION_FOR_SIZE
53,1,2.6132484165329775,SIZE_FROZEN_FOR_POSITION_SAMPLING
54,0,2.703835662384449,SIZE_FROZEN_FOR_POSITION_SAMPLING
55,0,2.3391820471171783,SIZE_FROZEN_FOR_POSITION_SAMPLING
56,0,2.1116670884768833,SIZE_FROZEN_FOR_POSITION_SAMPLING
57,0,1.498157171454008,SIZE_FROZEN_FOR_POSITION_SAMPLING
58,0,1.3942154715509887,SIZE_FROZEN_FOR_POSITION_SAMPLING
59,0,1.8139170524756951,SIZE_FROZEN_FOR_POSITION_SAMPLING
60,0,2.2565429150868064,SIZE_FROZEN_FOR_POSITION_SAMPLING
61,0,1.6294469332389656,SIZE_FROZEN_FOR_POSITION_SAMPLING
62,0,2.0153498427282077,SIZE_FROZEN_FOR_POSITION_SAMPLING
63,0,2.637945383052127,SIZE_FROZEN_FOR_POSITION_SAMPLING
64,0,3.568404780348636,NO_FEASIBLE_INLET_POSITION_FOR_SIZE
64,1,2.264393625243725,SIZE_FROZEN_FOR_POSITION_SAMPLING
65,0,1.674633912922924,SIZE_FROZEN_FOR_POSITION_SAMPLING
66,0,2.555402715592697,SIZE_FROZEN_FOR_POSITION_SAMPLING
67,0,2.221411559313344,SIZE_FROZEN_FOR_POSITION_SAMPLING
68,0,3.1655368444003433,NO_FEASIBLE_INLET_POSITION_FOR_SIZE
68,1,2.257756764751661,SIZE_FROZEN_FOR_POSITION_SAMPLING
69,0,1.23870613623192,SIZE_FROZEN_FOR_POSITION_SAMPLING
70,0,1.5566774379323014,SIZE_FROZEN_FOR_POSITION_SAMPLING
71,0,1.4997383909425368,SIZE_FROZEN_FOR_POSITION_SAMPLING
72,0,3.0067409695982223,SIZE_FROZEN_FOR_POSITION_SAMPLING
73,0,1.894325280629813,SIZE_FROZEN_FOR_POSITION_SAMPLING
74,0,1.2704986385885402,SIZE_FROZEN_FOR_POSITION_SAMPLING
75,0,2.8640939165139163,SIZE_FROZEN_FOR_POSITION_SAMPLING
76,0,1.3544665640240485,SIZE_FROZEN_FOR_POSITION_SAMPLING
77,0,1.5602253196232136,SIZE_FROZEN_FOR_POSITION_SAMPLING
78,0,1.7391309180505694,SIZE_FROZEN_FOR_POSITION_SAMPLING
79,0,2.5007420418461646,SIZE_FROZEN_FOR_POSITION_SAMPLING
80,0,2.2783857388174176,SIZE_FROZEN_FOR_POSITION_SAMPLING
81,0,2.4283299958679474,SIZE_FROZEN_FOR_POSITION_SAMPLING
82,0,1.6068020403599506,SIZE_FROZEN_FOR_POSITION_SAMPLING
83,0,3.3199565855148525,NO_FEASIBLE_INLET_POSITION_FOR_SIZE
83,1,2.3936657117331235,SIZE_FROZEN_FOR_POSITION_SAMPLING
84,0,1.0048545405087297,SIZE_FROZEN_FOR_POSITION_SAMPLING
85,0,2.8057411620026347,SIZE_FROZEN_FOR_POSITION_SAMPLING
86,0,1.4449757427601309,SIZE_FROZEN_FOR_POSITION_SAMPLING
87,0,1.562424652097385,SIZE_FROZEN_FOR_POSITION_SAMPLING
88,0,1.6824092824940435,SIZE_FROZEN_FOR_POSITION_SAMPLING
89,0,2.329393408709019,SIZE_FROZEN_FOR_POSITION_SAMPLING
90,0,1.4447123050553712,SIZE_FROZEN_FOR_POSITION_SAMPLING
91,0,2.0597783914092926,SIZE_FROZEN_FOR_POSITION_SAMPLING
92,0,1.4822347631316577,SIZE_FROZEN_FOR_POSITION_SAMPLING
93,0,1.416324845062641,SIZE_FROZEN_FOR_POSITION_SAMPLING
94,0,1.3462147459674025,SIZE_FROZEN_FOR_POSITION_SAMPLING
95,0,2.0144504745001766,SIZE_FROZEN_FOR_POSITION_SAMPLING
96,0,2.5890158255997764,SIZE_FROZEN_FOR_POSITION_SAMPLING
97,0,1.6704987855445408,SIZE_FROZEN_FOR_POSITION_SAMPLING
98,0,1.6628606146391356,SIZE_FROZEN_FOR_POSITION_SAMPLING
99,0,1.461241813221478,SIZE_FROZEN_FOR_POSITION_SAMPLING
100,0,3.6028702430800776,NO_FEASIBLE_INLET_POSITION_FOR_SIZE
100,1,1.8664802604857584,SIZE_FROZEN_FOR_POSITION_SAMPLING
101,0,1.91882710851054,SIZE_FROZEN_FOR_POSITION_SAMPLING
102,0,3.2181079952026788,NO_FEASIBLE_INLET_POSITION_FOR_SIZE
102,1,1.737156099061429,SIZE_FROZEN_FOR_POSITION_SAMPLING
103,0,2.284540715527781,SIZE_FROZEN_FOR_POSITION_SAMPLING
104,0,2.1344823647389632,SIZE_FROZEN_FOR_POSITION_SAMPLING
105,0,2.5598754311512697,SIZE_FROZEN_FOR_POSITION_SAMPLING
106,0,2.4871698464050422,SIZE_FROZEN_FOR_POSITION_SAMPLING
107,0,1.931262372356089,SIZE_FROZEN_FOR_POSITION_SAMPLING
108,0,1.7986530165938046,SIZE_FROZEN_FOR_POSITION_SAMPLING
109,0,1.9116140297951019,SIZE_FROZEN_FOR_POSITION_SAMPLING
110,0,1.1466532549268345,SIZE_FROZEN_FOR_POSITION_SAMPLING
111,0,2.46292306995223,SIZE_FROZEN_FOR_POSITION_SAMPLING
112,0,1.6461854672395186,SIZE_FROZEN_FOR_POSITION_SAMPLING
113,0,1.5791758396799873,SIZE_FROZEN_FOR_POSITION_SAMPLING
114,0,1.2873884143405625,SIZE_FROZEN_FOR_POSITION_SAMPLING
115,0,3.378300677391336,NO_FEASIBLE_INLET_POSITION_FOR_SIZE
115,1,1.828246521255383,SIZE_FROZEN_FOR_POSITION_SAMPLING
116,0,1.448010091149612,SIZE_FROZEN_FOR_POSITION_SAMPLING
117,0,2.140139457996082,SIZE_FROZEN_FOR_POSITION_SAMPLING
118,0,1.0959653380306584,SIZE_FROZEN_FOR_POSITION_SAMPLING
119,0,1.3516233593111997,SIZE_FROZEN_FOR_POSITION_SAMPLING
120,0,1.8130059778634697,SIZE_FROZEN_FOR_POSITION_SAMPLING
121,0,3.70698012727855,NO_FEASIBLE_INLET_POSITION_FOR_SIZE
121,1,1.4260172775494127,SIZE_FROZEN_FOR_POSITION_SAMPLING
122,0,1.580903181314663,SIZE_FROZEN_FOR_POSITION_SAMPLING
123,0,1.4379875450727968,SIZE_FROZEN_FOR_POSITION_SAMPLING
124,0,1.3830400022939087,SIZE_FROZEN_FOR_POSITION_SAMPLING
125,0,1.2981233296525776,SIZE_FROZEN_FOR_POSITION_SAMPLING
126,0,1.1815558587204025,SIZE_FROZEN_FOR_POSITION_SAMPLING
127,0,1.332533296475251,SIZE_FROZEN_FOR_POSITION_SAMPLING
128,0,1.7390466287480748,SIZE_FROZEN_FOR_POSITION_SAMPLING
129,0,2.011431000118553,SIZE_FROZEN_FOR_POSITION_SAMPLING
130,0,1.6867697964871287,SIZE_FROZEN_FOR_POSITION_SAMPLING
131,0,1.8395287763185773,SIZE_FROZEN_FOR_POSITION_SAMPLING
132,0,1.4369576127258472,SIZE_FROZEN_FOR_POSITION_SAMPLING
133,0,2.9604850230486335,SIZE_FROZEN_FOR_POSITION_SAMPLING
134,0,2.2281451946350646,SIZE_FROZEN_FOR_POSITION_SAMPLING
135,0,3.125174944669992,SIZE_FROZEN_FOR_POSITION_SAMPLING
136,0,1.7281192349111045,SIZE_FROZEN_FOR_POSITION_SAMPLING
137,0,1.3565033354001148,SIZE_FROZEN_FOR_POSITION_SAMPLING
138,0,2.1081343565298165,SIZE_FROZEN_FOR_POSITION_SAMPLING
139,0,2.717487503020589,SIZE_FROZEN_FOR_POSITION_SAMPLING
140,0,1.897026348537667,SIZE_FROZEN_FOR_POSITION_SAMPLING
141,0,1.7422953952508382,SIZE_FROZEN_FOR_POSITION_SAMPLING
142,0,1.8640506485359956,SIZE_FROZEN_FOR_POSITION_SAMPLING
143,0,2.1501414409209403,SIZE_FROZEN_FOR_POSITION_SAMPLING
144,0,1.5027518927521752,SIZE_FROZEN_FOR_POSITION_SAMPLING
145,0,2.1260456610110907,SIZE_FROZEN_FOR_POSITION_SAMPLING
146,0,1.918240583719159,SIZE_FROZEN_FOR_POSITION_SAMPLING
147,0,3.653324928059464,NO_FEASIBLE_INLET_POSITION_FOR_SIZE
147,1,2.1333917617974563,SIZE_FROZEN_FOR_POSITION_SAMPLING
148,0,1.182727838617737,SIZE_FROZEN_FOR_POSITION_SAMPLING
149,0,2.030597541273787,SIZE_FROZEN_FOR_POSITION_SAMPLING
150,0,2.6053694060437325,SIZE_FROZEN_FOR_POSITION_SAMPLING
151,0,1.5686444519790441,SIZE_FROZEN_FOR_POSITION_SAMPLING
152,0,1.6287748620283329,SIZE_FROZEN_FOR_POSITION_SAMPLING
153,0,3.2439330262279062,NO_FEASIBLE_INLET_POSITION_FOR_SIZE
153,1,2.2038477680078676,SIZE_FROZEN_FOR_POSITION_SAMPLING
154,0,1.8675807210894222,SIZE_FROZEN_FOR_POSITION_SAMPLING
155,0,2.552363024668041,SIZE_FROZEN_FOR_POSITION_SAMPLING
156,0,3.522766216888895,NO_FEASIBLE_INLET_POSITION_FOR_SIZE
156,1,1.338529669146978,SIZE_FROZEN_FOR_POSITION_SAMPLING
157,0,2.6364693735621065,SIZE_FROZEN_FOR_POSITION_SAMPLING
158,0,1.4941617050308373,SIZE_FROZEN_FOR_POSITION_SAMPLING
159,0,1.5423916477178776,SIZE_FROZEN_FOR_POSITION_SAMPLING
160,0,1.904354053775974,SIZE_FROZEN_FOR_POSITION_SAMPLING
161,0,2.2444598780077394,SIZE_FROZEN_FOR_POSITION_SAMPLING
162,0,1.8046885407739404,SIZE_FROZEN_FOR_POSITION_SAMPLING
163,0,2.275846097783384,SIZE_FROZEN_FOR_POSITION_SAMPLING
164,0,1.6368075509932294,SIZE_FROZEN_FOR_POSITION_SAMPLING
165,0,2.386747142291149,SIZE_FROZEN_FOR_POSITION_SAMPLING
166,0,2.0709908743855268,SIZE_FROZEN_FOR_POSITION_SAMPLING
167,0,1.6626305768312577,SIZE_FROZEN_FOR_POSITION_SAMPLING
168,0,1.648932742704976,SIZE_FROZEN_FOR_POSITION_SAMPLING
169,0,1.3991224089982384,SIZE_FROZEN_FOR_POSITION_SAMPLING
170,0,2.5319765924134208,SIZE_FROZEN_FOR_POSITION_SAMPLING
171,0,1.873799535219711,SIZE_FROZEN_FOR_POSITION_SAMPLING
172,0,3.204043620065797,NO_FEASIBLE_INLET_POSITION_FOR_SIZE
172,1,1.662670020392082,SIZE_FROZEN_FOR_POSITION_SAMPLING
173,0,1.078918185136702,SIZE_FROZEN_FOR_POSITION_SAMPLING
174,0,1.3776075989868588,SIZE_FROZEN_FOR_POSITION_SAMPLING
175,0,1.7806067353408277,SIZE_FROZEN_FOR_POSITION_SAMPLING
176,0,1.3464696337639597,SIZE_FROZEN_FOR_POSITION_SAMPLING
177,0,1.561767270572496,SIZE_FROZEN_FOR_POSITION_SAMPLING
178,0,1.4477160495367918,SIZE_FROZEN_FOR_POSITION_SAMPLING
179,0,1.4162720283022485,SIZE_FROZEN_FOR_POSITION_SAMPLING
180,0,3.274518917263761,NO_FEASIBLE_INLET_POSITION_FOR_SIZE
180,1,2.417780036479175,SIZE_FROZEN_FOR_POSITION_SAMPLING
181,0,1.3056338101265008,SIZE_FROZEN_FOR_POSITION_SAMPLING
182,0,1.749826930795921,SIZE_FROZEN_FOR_POSITION_SAMPLING
183,0,3.615272098397834,NO_FEASIBLE_INLET_POSITION_FOR_SIZE
183,1,1.6806409546320489,SIZE_FROZEN_FOR_POSITION_SAMPLING
184,0,1.5306929353904453,SIZE_FROZEN_FOR_POSITION_SAMPLING
185,0,1.9699288478486174,SIZE_FROZEN_FOR_POSITION_SAMPLING
186,0,1.4810886568965729,SIZE_FROZEN_FOR_POSITION_SAMPLING
187,0,2.4533226515798514,SIZE_FROZEN_FOR_POSITION_SAMPLING
188,0,2.1969581581536537,SIZE_FROZEN_FOR_POSITION_SAMPLING
189,0,1.5742044541681837,SIZE_FROZEN_FOR_POSITION_SAMPLING
190,0,1.1357495718988038,SIZE_FROZEN_FOR_POSITION_SAMPLING
191,0,2.2048036032997667,SIZE_FROZEN_FOR_POSITION_SAMPLING
192,0,1.5024732516636696,SIZE_FROZEN_FOR_POSITION_SAMPLING
193,0,1.0600801082090443,SIZE_FROZEN_FOR_POSITION_SAMPLING
194,0,1.259193297215033,SIZE_FROZEN_FOR_POSITION_SAMPLING
195,0,2.3077111888520623,SIZE_FROZEN_FOR_POSITION_SAMPLING
196,0,3.124465408766963,SIZE_FROZEN_FOR_POSITION_SAMPLING
197,0,2.3676176828972886,SIZE_FROZEN_FOR_POSITION_SAMPLING
198,0,0.9313127708471848,SIZE_FROZEN_FOR_POSITION_SAMPLING
199,0,2.6957651076423774,SIZE_FROZEN_FOR_POSITION_SAMPLING
200,0,3.1362471721203553,NO_FEASIBLE_INLET_POSITION_FOR_SIZE
200,1,1.6242067949267147,SIZE_FROZEN_FOR_POSITION_SAMPLING
201,0,2.0294546962823086,SIZE_FROZEN_FOR_POSITION_SAMPLING
202,0,1.388379986891879,SIZE_FROZEN_FOR_POSITION_SAMPLING
203,0,3.1331141513257466,NO_FEASIBLE_INLET_POSITION_FOR_SIZE
203,1,2.338300480457021,SIZE_FROZEN_FOR_POSITION_SAMPLING
204,0,1.9556010321527313,SIZE_FROZEN_FOR_POSITION_SAMPLING
205,0,2.147738258001323,SIZE_FROZEN_FOR_POSITION_SAMPLING
206,0,1.4014834582189848,SIZE_FROZEN_FOR_POSITION_SAMPLING
207,0,1.8776740391068167,SIZE_FROZEN_FOR_POSITION_SAMPLING
208,0,2.4575967994925683,SIZE_FROZEN_FOR_POSITION_SAMPLING
209,0,1.2556692920280628,SIZE_FROZEN_FOR_POSITION_SAMPLING
210,0,1.7732656561798479,SIZE_FROZEN_FOR_POSITION_SAMPLING
211,0,1.7089098515304095,SIZE_FROZEN_FOR_POSITION_SAMPLING
212,0,2.7036094646937383,SIZE_FROZEN_FOR_POSITION_SAMPLING
213,0,2.137398340231513,SIZE_FROZEN_FOR_POSITION_SAMPLING
214,0,1.9608572266583455,SIZE_FROZEN_FOR_POSITION_SAMPLING
215,0,3.0540039729474238,SIZE_FROZEN_FOR_POSITION_SAMPLING
216,0,2.4938330790894914,SIZE_FROZEN_FOR_POSITION_SAMPLING
217,0,2.024686624223183,SIZE_FROZEN_FOR_POSITION_SAMPLING
218,0,2.833479887454614,SIZE_FROZEN_FOR_POSITION_SAMPLING
219,0,2.5521421735775625,SIZE_FROZEN_FOR_POSITION_SAMPLING
220,0,1.5144567393844155,SIZE_FROZEN_FOR_POSITION_SAMPLING
221,0,1.8497228330790043,SIZE_FROZEN_FOR_POSITION_SAMPLING
222,0,2.0447067021204126,SIZE_FROZEN_FOR_POSITION_SAMPLING
223,0,1.369717922095721,SIZE_FROZEN_FOR_POSITION_SAMPLING
224,0,2.18350487850638,SIZE_FROZEN_FOR_POSITION_SAMPLING
225,0,2.3956042989380997,SIZE_FROZEN_FOR_POSITION_SAMPLING
226,0,1.2484752579167788,SIZE_FROZEN_FOR_POSITION_SAMPLING
227,0,1.1472975210925251,SIZE_FROZEN_FOR_POSITION_SAMPLING
228,0,1.23367541599531,SIZE_FROZEN_FOR_POSITION_SAMPLING
229,0,1.6889263660514031,SIZE_FROZEN_FOR_POSITION_SAMPLING
230,0,1.727245474978695,SIZE_FROZEN_FOR_POSITION_SAMPLING
231,0,2.724095756563315,SIZE_FROZEN_FOR_POSITION_SAMPLING
232,0,1.6834748488833722,SIZE_FROZEN_FOR_POSITION_SAMPLING
233,0,1.1705851136461591,SIZE_FROZEN_FOR_POSITION_SAMPLING
234,0,3.0908294981125506,SIZE_FROZEN_FOR_POSITION_SAMPLING
235,0,1.0993287278555768,SIZE_FROZEN_FOR_POSITION_SAMPLING
236,0,1.4974937579615646,SIZE_FROZEN_FOR_POSITION_SAMPLING
237,0,1.3358196855263649,SIZE_FROZEN_FOR_POSITION_SAMPLING
238,0,2.6801031134647446,SIZE_FROZEN_FOR_POSITION_SAMPLING
239,0,3.2358976489159716,NO_FEASIBLE_INLET_POSITION_FOR_SIZE
239,1,1.4050513423023938,SIZE_FROZEN_FOR_POSITION_SAMPLING
240,0,2.374226314046184,SIZE_FROZEN_FOR_POSITION_SAMPLING
241,0,1.6921447079476624,SIZE_FROZEN_FOR_POSITION_SAMPLING
242,0,1.3395914056159677,SIZE_FROZEN_FOR_POSITION_SAMPLING
243,0,1.9745394561103635,SIZE_FROZEN_FOR_POSITION_SAMPLING
244,0,2.010134057264981,SIZE_FROZEN_FOR_POSITION_SAMPLING
245,0,1.5474045246909391,SIZE_FROZEN_FOR_POSITION_SAMPLING
246,0,1.4445084788298463,SIZE_FROZEN_FOR_POSITION_SAMPLING
247,0,1.756794076715092,SIZE_FROZEN_FOR_POSITION_SAMPLING
248,0,1.3812850278620825,SIZE_FROZEN_FOR_POSITION_SAMPLING
249,0,1.5484851202640215,SIZE_FROZEN_FOR_POSITION_SAMPLING
250,0,1.6312439500191507,SIZE_FROZEN_FOR_POSITION_SAMPLING
251,0,3.1543015199712983,NO_FEASIBLE_INLET_POSITION_FOR_SIZE
251,1,3.862708078525141,NO_FEASIBLE_INLET_POSITION_FOR_SIZE
251,2,1.745551132676123,SIZE_FROZEN_FOR_POSITION_SAMPLING
252,0,1.9834774291345612,SIZE_FROZEN_FOR_POSITION_SAMPLING
253,0,1.374646941813668,SIZE_FROZEN_FOR_POSITION_SAMPLING
254,0,2.691247208437766,SIZE_FROZEN_FOR_POSITION_SAMPLING
255,0,1.7749473542520953,SIZE_FROZEN_FOR_POSITION_SAMPLING
256,0,2.6686700729115604,SIZE_FROZEN_FOR_POSITION_SAMPLING
257,0,2.248171100228416,SIZE_FROZEN_FOR_POSITION_SAMPLING
258,0,1.504069062451873,SIZE_FROZEN_FOR_POSITION_SAMPLING
259,0,2.3345742909888507,SIZE_FROZEN_FOR_POSITION_SAMPLING
260,0,2.8657793466239276,SIZE_FROZEN_FOR_POSITION_SAMPLING
261,0,2.4439618170296167,SIZE_FROZEN_FOR_POSITION_SAMPLING
262,0,1.2837015673310974,SIZE_FROZEN_FOR_POSITION_SAMPLING
263,0,2.0236642332270316,SIZE_FROZEN_FOR_POSITION_SAMPLING
264,0,2.1423727181511105,SIZE_FROZEN_FOR_POSITION_SAMPLING
265,0,1.4152958521847525,SIZE_FROZEN_FOR_POSITION_SAMPLING
266,0,2.2410099520155553,SIZE_FROZEN_FOR_POSITION_SAMPLING
267,0,2.613031001471807,SIZE_FROZEN_FOR_POSITION_SAMPLING
268,0,2.9208994233375627,SIZE_FROZEN_FOR_POSITION_SAMPLING
269,0,1.540874546733055,SIZE_FROZEN_FOR_POSITION_SAMPLING
270,0,2.6968013822662646,SIZE_FROZEN_FOR_POSITION_SAMPLING
271,0,1.9417868553152713,SIZE_FROZEN_FOR_POSITION_SAMPLING
272,0,3.9005981384681943,NO_FEASIBLE_INLET_POSITION_FOR_SIZE
272,1,1.4376591084319312,SIZE_FROZEN_FOR_POSITION_SAMPLING
273,0,1.3141532707111347,SIZE_FROZEN_FOR_POSITION_SAMPLING
274,0,1.6009119000956764,SIZE_FROZEN_FOR_POSITION_SAMPLING
275,0,2.181459678478039,SIZE_FROZEN_FOR_POSITION_SAMPLING
276,0,1.481151171800788,SIZE_FROZEN_FOR_POSITION_SAMPLING
277,0,3.0775623686187488,SIZE_FROZEN_FOR_POSITION_SAMPLING
278,0,1.3526625326573507,SIZE_FROZEN_FOR_POSITION_SAMPLING
279,0,2.868916911372284,SIZE_FROZEN_FOR_POSITION_SAMPLING
280,0,2.26651615832095,SIZE_FROZEN_FOR_POSITION_SAMPLING
281,0,1.3018891146903995,SIZE_FROZEN_FOR_POSITION_SAMPLING
282,0,2.0840038682757767,SIZE_FROZEN_FOR_POSITION_SAMPLING
283,0,1.4807458437671843,SIZE_FROZEN_FOR_POSITION_SAMPLING
284,0,2.0706040277624753,SIZE_FROZEN_FOR_POSITION_SAMPLING
285,0,1.64332209151487,SIZE_FROZEN_FOR_POSITION_SAMPLING
286,0,1.9619684881428454,SIZE_FROZEN_FOR_POSITION_SAMPLING
287,0,1.577916604745071,SIZE_FROZEN_FOR_POSITION_SAMPLING
288,0,1.7636986405955597,SIZE_FROZEN_FOR_POSITION_SAMPLING
289,0,1.8185695322929558,SIZE_FROZEN_FOR_POSITION_SAMPLING
290,0,1.6993903858687323,SIZE_FROZEN_FOR_POSITION_SAMPLING
291,0,1.9919789327369808,SIZE_FROZEN_FOR_POSITION_SAMPLING
292,0,1.589288991020124,SIZE_FROZEN_FOR_POSITION_SAMPLING
293,0,2.5124696585375963,SIZE_FROZEN_FOR_POSITION_SAMPLING
294,0,1.6436231654752325,SIZE_FROZEN_FOR_POSITION_SAMPLING
295,0,1.5434748669534013,SIZE_FROZEN_FOR_POSITION_SAMPLING
296,0,1.121711652315871,SIZE_FROZEN_FOR_POSITION_SAMPLING
297,0,0.9598149929144831,SIZE_FROZEN_FOR_POSITION_SAMPLING
298,0,2.502463831044483,SIZE_FROZEN_FOR_POSITION_SAMPLING
299,0,2.693366827048814,SIZE_FROZEN_FOR_POSITION_SAMPLING
300,0,1.8694141864160954,SIZE_FROZEN_FOR_POSITION_SAMPLING
301,0,1.599040192115002,SIZE_FROZEN_FOR_POSITION_SAMPLING
302,0,1.5775943401759995,SIZE_FROZEN_FOR_POSITION_SAMPLING
303,0,2.2096041146783474,SIZE_FROZEN_FOR_POSITION_SAMPLING
304,0,1.7307338592526915,SIZE_FROZEN_FOR_POSITION_SAMPLING
305,0,3.5531717619722167,NO_FEASIBLE_INLET_POSITION_FOR_SIZE
305,1,1.387968802307629,SIZE_FROZEN_FOR_POSITION_SAMPLING
306,0,1.0505336855794911,SIZE_FROZEN_FOR_POSITION_SAMPLING
307,0,1.247717597344292,SIZE_FROZEN_FOR_POSITION_SAMPLING
308,0,3.4251358014641524,NO_FEASIBLE_INLET_POSITION_FOR_SIZE
308,1,2.257989140157394,SIZE_FROZEN_FOR_POSITION_SAMPLING
309,0,2.749230898723596,SIZE_FROZEN_FOR_POSITION_SAMPLING
310,0,2.242053676494507,SIZE_FROZEN_FOR_POSITION_SAMPLING
311,0,1.9777629380592316,SIZE_FROZEN_FOR_POSITION_SAMPLING
312,0,2.1545650557261173,SIZE_FROZEN_FOR_POSITION_SAMPLING
313,0,2.1489261947297646,SIZE_FROZEN_FOR_POSITION_SAMPLING
314,0,1.6285760926285984,SIZE_FROZEN_FOR_POSITION_SAMPLING
315,0,1.840673540784985,SIZE_FROZEN_FOR_POSITION_SAMPLING
316,0,2.238015354369138,SIZE_FROZEN_FOR_POSITION_SAMPLING
317,0,2.4935379642336772,SIZE_FROZEN_FOR_POSITION_SAMPLING
318,0,2.4221043532987445,SIZE_FROZEN_FOR_POSITION_SAMPLING
319,0,3.2015246382797335,NO_FEASIBLE_INLET_POSITION_FOR_SIZE
319,1,2.8666975735437683,SIZE_FROZEN_FOR_POSITION_SAMPLING
320,0,1.3309678631169468,SIZE_FROZEN_FOR_POSITION_SAMPLING
321,0,1.330720694417233,SIZE_FROZEN_FOR_POSITION_SAMPLING
322,0,3.431580928036092,NO_FEASIBLE_INLET_POSITION_FOR_SIZE
322,1,2.1406135432953133,SIZE_FROZEN_FOR_POSITION_SAMPLING
323,0,1.8568769273628076,SIZE_FROZEN_FOR_POSITION_SAMPLING
324,0,1.9746922023080322,SIZE_FROZEN_FOR_POSITION_SAMPLING
325,0,1.0848398351087087,SIZE_FROZEN_FOR_POSITION_SAMPLING
326,0,1.7098125966358086,SIZE_FROZEN_FOR_POSITION_SAMPLING
327,0,2.232959099524034,SIZE_FROZEN_FOR_POSITION_SAMPLING
328,0,1.9245793305816494,SIZE_FROZEN_FOR_POSITION_SAMPLING
329,0,2.0693092452720894,SIZE_FROZEN_FOR_POSITION_SAMPLING
330,0,1.9359053841930778,SIZE_FROZEN_FOR_POSITION_SAMPLING
331,0,2.9663623203398104,SIZE_FROZEN_FOR_POSITION_SAMPLING
332,0,2.266381041515555,SIZE_FROZEN_FOR_POSITION_SAMPLING
333,0,2.147314092457324,SIZE_FROZEN_FOR_POSITION_SAMPLING
334,0,1.2560873675371542,SIZE_FROZEN_FOR_POSITION_SAMPLING
335,0,1.9935953058785507,SIZE_FROZEN_FOR_POSITION_SAMPLING
336,0,1.6099980581742668,SIZE_FROZEN_FOR_POSITION_SAMPLING
337,0,2.057896015966659,SIZE_FROZEN_FOR_POSITION_SAMPLING
338,0,2.4023612423375234,SIZE_FROZEN_FOR_POSITION_SAMPLING
339,0,2.3256837737122416,SIZE_FROZEN_FOR_POSITION_SAMPLING
340,0,1.2850431733173628,SIZE_FROZEN_FOR_POSITION_SAMPLING
341,0,2.5067993484245727,SIZE_FROZEN_FOR_POSITION_SAMPLING
342,0,2.659148481185134,SIZE_FROZEN_FOR_POSITION_SAMPLING
343,0,1.8016813973977324,SIZE_FROZEN_FOR_POSITION_SAMPLING
344,0,1.1150186249061946,SIZE_FROZEN_FOR_POSITION_SAMPLING
345,0,2.2819343810675243,SIZE_FROZEN_FOR_POSITION_SAMPLING
346,0,2.004415613682352,SIZE_FROZEN_FOR_POSITION_SAMPLING
347,0,2.0454501917077605,SIZE_FROZEN_FOR_POSITION_SAMPLING
348,0,2.135062427287601,SIZE_FROZEN_FOR_POSITION_SAMPLING
349,0,1.993359271600039,SIZE_FROZEN_FOR_POSITION_SAMPLING
350,0,2.2471380637108203,SIZE_FROZEN_FOR_POSITION_SAMPLING
351,0,1.789479931573894,SIZE_FROZEN_FOR_POSITION_SAMPLING
352,0,2.887597035006658,SIZE_FROZEN_FOR_POSITION_SAMPLING
353,0,0.9537182010186315,SIZE_FROZEN_FOR_POSITION_SAMPLING
354,0,1.5368173755248262,SIZE_FROZEN_FOR_POSITION_SAMPLING
355,0,2.250753208075626,SIZE_FROZEN_FOR_POSITION_SAMPLING
356,0,1.8743768849921782,SIZE_FROZEN_FOR_POSITION_SAMPLING
357,0,1.8173698012605775,SIZE_FROZEN_FOR_POSITION_SAMPLING
358,0,1.301415635861525,SIZE_FROZEN_FOR_POSITION_SAMPLING
359,0,1.3197101680102028,SIZE_FROZEN_FOR_POSITION_SAMPLING
360,0,1.7181600304547355,SIZE_FROZEN_FOR_POSITION_SAMPLING
361,0,1.8543938862391862,SIZE_FROZEN_FOR_POSITION_SAMPLING
362,0,2.051537186669308,SIZE_FROZEN_FOR_POSITION_SAMPLING
363,0,2.1269644538738515,SIZE_FROZEN_FOR_POSITION_SAMPLING
364,0,2.2226115954908465,SIZE_FROZEN_FOR_POSITION_SAMPLING
365,0,1.0726772693387943,SIZE_FROZEN_FOR_POSITION_SAMPLING
366,0,1.6999774428567676,SIZE_FROZEN_FOR_POSITION_SAMPLING
367,0,1.8812861716870366,SIZE_FROZEN_FOR_POSITION_SAMPLING
368,0,1.45040124152611,SIZE_FROZEN_FOR_POSITION_SAMPLING
369,0,1.6921303927371176,SIZE_FROZEN_FOR_POSITION_SAMPLING
370,0,1.6001121214396874,SIZE_FROZEN_FOR_POSITION_SAMPLING
371,0,1.2125110646198405,SIZE_FROZEN_FOR_POSITION_SAMPLING
372,0,2.4201169713115105,SIZE_FROZEN_FOR_POSITION_SAMPLING
373,0,1.1606092337904992,SIZE_FROZEN_FOR_POSITION_SAMPLING
374,0,2.8378971825624815,SIZE_FROZEN_FOR_POSITION_SAMPLING
375,0,3.417856208866828,NO_FEASIBLE_INLET_POSITION_FOR_SIZE
375,1,2.2993726813942037,SIZE_FROZEN_FOR_POSITION_SAMPLING
376,0,1.2899408094770595,SIZE_FROZEN_FOR_POSITION_SAMPLING
377,0,1.3097003834208585,SIZE_FROZEN_FOR_POSITION_SAMPLING
378,0,2.815840178718976,SIZE_FROZEN_FOR_POSITION_SAMPLING
379,0,1.9971344577916763,SIZE_FROZEN_FOR_POSITION_SAMPLING
380,0,1.4173009520809077,SIZE_FROZEN_FOR_POSITION_SAMPLING
381,0,1.4764685770470236,SIZE_FROZEN_FOR_POSITION_SAMPLING
382,0,1.7611743619414393,SIZE_FROZEN_FOR_POSITION_SAMPLING
383,0,3.110725233536846,SIZE_FROZEN_FOR_POSITION_SAMPLING
384,0,2.0302312036776113,SIZE_FROZEN_FOR_POSITION_SAMPLING
385,0,1.8912846109934722,SIZE_FROZEN_FOR_POSITION_SAMPLING
386,0,2.877814882559611,SIZE_FROZEN_FOR_POSITION_SAMPLING
387,0,1.503547513065123,SIZE_FROZEN_FOR_POSITION_SAMPLING
388,0,1.750817045151648,SIZE_FROZEN_FOR_POSITION_SAMPLING
389,0,1.8259367426299893,SIZE_FROZEN_FOR_POSITION_SAMPLING
390,0,2.4078942867569326,SIZE_FROZEN_FOR_POSITION_SAMPLING
391,0,2.2662224958751422,SIZE_FROZEN_FOR_POSITION_SAMPLING
392,0,2.4772712620933444,SIZE_FROZEN_FOR_POSITION_SAMPLING
393,0,1.3541473175935255,SIZE_FROZEN_FOR_POSITION_SAMPLING
394,0,1.8379966869389952,SIZE_FROZEN_FOR_POSITION_SAMPLING
395,0,2.441954591800395,SIZE_FROZEN_FOR_POSITION_SAMPLING
396,0,1.620408092662112,SIZE_FROZEN_FOR_POSITION_SAMPLING
397,0,2.7086670952262226,SIZE_FROZEN_FOR_POSITION_SAMPLING
398,0,2.0385835421533804,SIZE_FROZEN_FOR_POSITION_SAMPLING
399,0,2.5218928721684115,SIZE_FROZEN_FOR_POSITION_SAMPLING
400,0,2.076297240203656,SIZE_FROZEN_FOR_POSITION_SAMPLING
401,0,2.562720885590552,SIZE_FROZEN_FOR_POSITION_SAMPLING
402,0,2.5649002804680845,SIZE_FROZEN_FOR_POSITION_SAMPLING
403,0,1.5822738775301683,SIZE_FROZEN_FOR_POSITION_SAMPLING
404,0,3.4002006763458197,NO_FEASIBLE_INLET_POSITION_FOR_SIZE
404,1,2.41732570052566,SIZE_FROZEN_FOR_POSITION_SAMPLING
405,0,1.7081838010523556,SIZE_FROZEN_FOR_POSITION_SAMPLING
406,0,3.697832247442781,NO_FEASIBLE_INLET_POSITION_FOR_SIZE
406,1,2.431417985169503,SIZE_FROZEN_FOR_POSITION_SAMPLING
407,0,2.206648658265884,SIZE_FROZEN_FOR_POSITION_SAMPLING
408,0,3.0735339359850915,SIZE_FROZEN_FOR_POSITION_SAMPLING
409,0,3.6431546371441565,NO_FEASIBLE_INLET_POSITION_FOR_SIZE
409,1,1.304839759724739,SIZE_FROZEN_FOR_POSITION_SAMPLING
410,0,1.5305477336655122,SIZE_FROZEN_FOR_POSITION_SAMPLING
411,0,1.7757476859406576,SIZE_FROZEN_FOR_POSITION_SAMPLING
412,0,1.8530112285809752,SIZE_FROZEN_FOR_POSITION_SAMPLING
413,0,1.577194364527259,SIZE_FROZEN_FOR_POSITION_SAMPLING
414,0,3.1726231456298,NO_FEASIBLE_INLET_POSITION_FOR_SIZE
414,1,1.5335463242138978,SIZE_FROZEN_FOR_POSITION_SAMPLING
415,0,1.8690462145133715,SIZE_FROZEN_FOR_POSITION_SAMPLING
416,0,1.8005082484308725,SIZE_FROZEN_FOR_POSITION_SAMPLING
417,0,2.0392506905673202,SIZE_FROZEN_FOR_POSITION_SAMPLING
418,0,2.616236185879644,SIZE_FROZEN_FOR_POSITION_SAMPLING
419,0,2.815865842863031,SIZE_FROZEN_FOR_POSITION_SAMPLING
420,0,2.0415678830668735,SIZE_FROZEN_FOR_POSITION_SAMPLING
421,0,1.4693744907154334,SIZE_FROZEN_FOR_POSITION_SAMPLING
422,0,1.2220043508830198,SIZE_FROZEN_FOR_POSITION_SAMPLING
423,0,2.3986322977671444,SIZE_FROZEN_FOR_POSITION_SAMPLING
424,0,3.494527912556672,NO_FEASIBLE_INLET_POSITION_FOR_SIZE
424,1,2.629225448668755,SIZE_FROZEN_FOR_POSITION_SAMPLING
425,0,1.4193062627427901,SIZE_FROZEN_FOR_POSITION_SAMPLING
426,0,2.5309854296214365,SIZE_FROZEN_FOR_POSITION_SAMPLING
427,0,2.389868157960671,SIZE_FROZEN_FOR_POSITION_SAMPLING
428,0,1.923215294284414,SIZE_FROZEN_FOR_POSITION_SAMPLING
429,0,1.445992043424258,SIZE_FROZEN_FOR_POSITION_SAMPLING
430,0,2.704075296795754,SIZE_FROZEN_FOR_POSITION_SAMPLING
431,0,2.1591867002061003,SIZE_FROZEN_FOR_POSITION_SAMPLING
432,0,2.301036826385011,SIZE_FROZEN_FOR_POSITION_SAMPLING
433,0,2.5666233033538925,SIZE_FROZEN_FOR_POSITION_SAMPLING
434,0,2.0436401438570697,SIZE_FROZEN_FOR_POSITION_SAMPLING
435,0,1.7049242136110396,SIZE_FROZEN_FOR_POSITION_SAMPLING
436,0,2.3506301179245677,SIZE_FROZEN_FOR_POSITION_SAMPLING
437,0,1.984995295206781,SIZE_FROZEN_FOR_POSITION_SAMPLING
438,0,1.1110345505911943,SIZE_FROZEN_FOR_POSITION_SAMPLING
439,0,1.3777819695884208,SIZE_FROZEN_FOR_POSITION_SAMPLING
440,0,1.2405782673989707,SIZE_FROZEN_FOR_POSITION_SAMPLING
441,0,1.6254284212781593,SIZE_FROZEN_FOR_POSITION_SAMPLING
442,0,1.3038566349183056,SIZE_FROZEN_FOR_POSITION_SAMPLING
443,0,3.4673244243609407,NO_FEASIBLE_INLET_POSITION_FOR_SIZE
443,1,2.564027938055681,SIZE_FROZEN_FOR_POSITION_SAMPLING
444,0,1.6385037694605895,SIZE_FROZEN_FOR_POSITION_SAMPLING
445,0,2.5878349994095475,SIZE_FROZEN_FOR_POSITION_SAMPLING
446,0,2.0065714613398953,SIZE_FROZEN_FOR_POSITION_SAMPLING
447,0,1.424373215422883,SIZE_FROZEN_FOR_POSITION_SAMPLING
448,0,1.1807197786261812,SIZE_FROZEN_FOR_POSITION_SAMPLING
449,0,2.145087497147069,SIZE_FROZEN_FOR_POSITION_SAMPLING
450,0,1.8875366449329396,SIZE_FROZEN_FOR_POSITION_SAMPLING
451,0,1.6407529111756445,SIZE_FROZEN_FOR_POSITION_SAMPLING
452,0,1.3108981031936742,SIZE_FROZEN_FOR_POSITION_SAMPLING
453,0,1.3721301164418453,SIZE_FROZEN_FOR_POSITION_SAMPLING
454,0,1.5535589645797885,SIZE_FROZEN_FOR_POSITION_SAMPLING
455,0,1.7826054333966599,SIZE_FROZEN_FOR_POSITION_SAMPLING
456,0,1.5751722684872993,SIZE_FROZEN_FOR_POSITION_SAMPLING
457,0,2.0332436985773854,SIZE_FROZEN_FOR_POSITION_SAMPLING
458,0,2.935847568408621,SIZE_FROZEN_FOR_POSITION_SAMPLING
459,0,1.2062474095426605,SIZE_FROZEN_FOR_POSITION_SAMPLING
460,0,1.9331902784497021,SIZE_FROZEN_FOR_POSITION_SAMPLING
461,0,0.8841202060340159,SIZE_FROZEN_FOR_POSITION_SAMPLING
462,0,2.5166563240576187,SIZE_FROZEN_FOR_POSITION_SAMPLING
463,0,2.553388492170107,SIZE_FROZEN_FOR_POSITION_SAMPLING
464,0,3.7595428458753624,NO_FEASIBLE_INLET_POSITION_FOR_SIZE
464,1,1.443223063946102,SIZE_FROZEN_FOR_POSITION_SAMPLING
465,0,2.9852633437506735,SIZE_FROZEN_FOR_POSITION_SAMPLING
466,0,1.9162699233610143,SIZE_FROZEN_FOR_POSITION_SAMPLING
467,0,2.488942022293153,SIZE_FROZEN_FOR_POSITION_SAMPLING
468,0,1.5192661166967774,SIZE_FROZEN_FOR_POSITION_SAMPLING
469,0,1.822484648112938,SIZE_FROZEN_FOR_POSITION_SAMPLING
470,0,1.4338875870804804,SIZE_FROZEN_FOR_POSITION_SAMPLING
471,0,1.940123004950776,SIZE_FROZEN_FOR_POSITION_SAMPLING
472,0,2.731349112307627,SIZE_FROZEN_FOR_POSITION_SAMPLING
473,0,2.3481612215119463,SIZE_FROZEN_FOR_POSITION_SAMPLING
474,0,1.85279410931708,SIZE_FROZEN_FOR_POSITION_SAMPLING
475,0,1.4204624027064026,SIZE_FROZEN_FOR_POSITION_SAMPLING
476,0,1.7495700022219267,SIZE_FROZEN_FOR_POSITION_SAMPLING
477,0,1.906884598402116,SIZE_FROZEN_FOR_POSITION_SAMPLING
478,0,2.2098418531016035,SIZE_FROZEN_FOR_POSITION_SAMPLING
479,0,1.3629950527309878,SIZE_FROZEN_FOR_POSITION_SAMPLING
480,0,3.052867890301212,SIZE_FROZEN_FOR_POSITION_SAMPLING
481,0,1.4603833344436603,SIZE_FROZEN_FOR_POSITION_SAMPLING
482,0,2.1328727891705164,SIZE_FROZEN_FOR_POSITION_SAMPLING
483,0,1.6054503555727264,SIZE_FROZEN_FOR_POSITION_SAMPLING
484,0,2.091881502237652,SIZE_FROZEN_FOR_POSITION_SAMPLING
485,0,1.5636301412067555,SIZE_FROZEN_FOR_POSITION_SAMPLING
486,0,1.906742532006345,SIZE_FROZEN_FOR_POSITION_SAMPLING
487,0,2.3088970059333724,SIZE_FROZEN_FOR_POSITION_SAMPLING
488,0,2.406665257678245,SIZE_FROZEN_FOR_POSITION_SAMPLING
489,0,3.8913276348765073,NO_FEASIBLE_INLET_POSITION_FOR_SIZE
489,1,1.777219653971552,SIZE_FROZEN_FOR_POSITION_SAMPLING
490,0,1.2756164283026785,SIZE_FROZEN_FOR_POSITION_SAMPLING
491,0,2.259129510728491,SIZE_FROZEN_FOR_POSITION_SAMPLING
492,0,2.762368789451189,SIZE_FROZEN_FOR_POSITION_SAMPLING
493,0,2.2941497752061055,SIZE_FROZEN_FOR_POSITION_SAMPLING
494,0,2.107479121826058,SIZE_FROZEN_FOR_POSITION_SAMPLING
495,0,2.3619625507471933,SIZE_FROZEN_FOR_POSITION_SAMPLING
496,0,2.6892344046088734,SIZE_FROZEN_FOR_POSITION_SAMPLING
497,0,2.401241050500111,SIZE_FROZEN_FOR_POSITION_SAMPLING
498,0,1.7906295109294448,SIZE_FROZEN_FOR_POSITION_SAMPLING
499,0,2.5460485061068683,SIZE_FROZEN_FOR_POSITION_SAMPLING
500,0,2.9486467495423354,SIZE_FROZEN_FOR_POSITION_SAMPLING
501,0,1.9744950044234792,SIZE_FROZEN_FOR_POSITION_SAMPLING
502,0,0.9960501301202781,SIZE_FROZEN_FOR_POSITION_SAMPLING
503,0,1.7610649082205718,SIZE_FROZEN_FOR_POSITION_SAMPLING
504,0,2.4320091966970603,SIZE_FROZEN_FOR_POSITION_SAMPLING
505,0,1.9880043084233858,SIZE_FROZEN_FOR_POSITION_SAMPLING
506,0,1.6536574917196707,SIZE_FROZEN_FOR_POSITION_SAMPLING
507,0,1.7390676894585182,SIZE_FROZEN_FOR_POSITION_SAMPLING
508,0,1.6597132321166779,SIZE_FROZEN_FOR_POSITION_SAMPLING
509,0,1.1939269726867163,SIZE_FROZEN_FOR_POSITION_SAMPLING
510,0,2.730870655246861,SIZE_FROZEN_FOR_POSITION_SAMPLING
511,0,1.6193869001856556,SIZE_FROZEN_FOR_POSITION_SAMPLING
512,0,1.5368500887400558,SIZE_FROZEN_FOR_POSITION_SAMPLING
513,0,0.9656573109254444,SIZE_FROZEN_FOR_POSITION_SAMPLING
514,0,1.7933109129733429,SIZE_FROZEN_FOR_POSITION_SAMPLING
515,0,2.666041072203985,SIZE_FROZEN_FOR_POSITION_SAMPLING
516,0,1.9517625629982287,SIZE_FROZEN_FOR_POSITION_SAMPLING
517,0,1.627400185210733,SIZE_FROZEN_FOR_POSITION_SAMPLING
518,0,1.3467027657527266,SIZE_FROZEN_FOR_POSITION_SAMPLING
519,0,2.3756869400458793,SIZE_FROZEN_FOR_POSITION_SAMPLING
520,0,1.6144093049565147,SIZE_FROZEN_FOR_POSITION_SAMPLING
521,0,1.3647748091609984,SIZE_FROZEN_FOR_POSITION_SAMPLING
522,0,1.3725977356042376,SIZE_FROZEN_FOR_POSITION_SAMPLING
523,0,1.4411712449804992,SIZE_FROZEN_FOR_POSITION_SAMPLING
524,0,2.4201026518573863,SIZE_FROZEN_FOR_POSITION_SAMPLING
525,0,2.0239449797983253,SIZE_FROZEN_FOR_POSITION_SAMPLING
526,0,2.3190088369183504,SIZE_FROZEN_FOR_POSITION_SAMPLING
527,0,2.653321904976337,SIZE_FROZEN_FOR_POSITION_SAMPLING
528,0,1.8826893276042058,SIZE_FROZEN_FOR_POSITION_SAMPLING
529,0,2.0565351601785795,SIZE_FROZEN_FOR_POSITION_SAMPLING
530,0,2.9950372611281355,SIZE_FROZEN_FOR_POSITION_SAMPLING
531,0,2.0845644551827722,SIZE_FROZEN_FOR_POSITION_SAMPLING
532,0,2.4069640422512695,SIZE_FROZEN_FOR_POSITION_SAMPLING
533,0,2.3360008602156124,SIZE_FROZEN_FOR_POSITION_SAMPLING
534,0,3.1599310228559165,NO_FEASIBLE_INLET_POSITION_FOR_SIZE
534,1,1.928652616474805,SIZE_FROZEN_FOR_POSITION_SAMPLING
535,0,0.9731515196628411,SIZE_FROZEN_FOR_POSITION_SAMPLING
536,0,1.4481888163745014,SIZE_FROZEN_FOR_POSITION_SAMPLING
537,0,2.279407026596904,SIZE_FROZEN_FOR_POSITION_SAMPLING
538,0,2.1138766813922816,SIZE_FROZEN_FOR_POSITION_SAMPLING
539,0,2.8991584653560616,SIZE_FROZEN_FOR_POSITION_SAMPLING
540,0,3.4289964724710256,NO_FEASIBLE_INLET_POSITION_FOR_SIZE
540,1,2.023560379702191,SIZE_FROZEN_FOR_POSITION_SAMPLING
541,0,1.4309876930444692,SIZE_FROZEN_FOR_POSITION_SAMPLING
542,0,1.5321923306498009,SIZE_FROZEN_FOR_POSITION_SAMPLING
543,0,1.154160684246491,SIZE_FROZEN_FOR_POSITION_SAMPLING
544,0,1.5225165364078794,SIZE_FROZEN_FOR_POSITION_SAMPLING
545,0,1.3432204484683936,SIZE_FROZEN_FOR_POSITION_SAMPLING
546,0,1.3365171521478343,SIZE_FROZEN_FOR_POSITION_SAMPLING
547,0,2.468553468754329,SIZE_FROZEN_FOR_POSITION_SAMPLING
548,0,3.061006707121593,SIZE_FROZEN_FOR_POSITION_SAMPLING
549,0,1.3658132627766013,SIZE_FROZEN_FOR_POSITION_SAMPLING
550,0,2.847312454555289,SIZE_FROZEN_FOR_POSITION_SAMPLING
551,0,1.4577684399132982,SIZE_FROZEN_FOR_POSITION_SAMPLING
552,0,2.917830179561496,SIZE_FROZEN_FOR_POSITION_SAMPLING
553,0,1.4976420668020087,SIZE_FROZEN_FOR_POSITION_SAMPLING
554,0,1.7973050960372163,SIZE_FROZEN_FOR_POSITION_SAMPLING
555,0,1.9542050338463035,SIZE_FROZEN_FOR_POSITION_SAMPLING
556,0,1.3686460522653932,SIZE_FROZEN_FOR_POSITION_SAMPLING
557,0,2.331575268819371,SIZE_FROZEN_FOR_POSITION_SAMPLING
558,0,1.5922815427600474,SIZE_FROZEN_FOR_POSITION_SAMPLING
559,0,2.2423208943221367,SIZE_FROZEN_FOR_POSITION_SAMPLING
560,0,1.7308114398513401,SIZE_FROZEN_FOR_POSITION_SAMPLING
561,0,0.9762584627121552,SIZE_FROZEN_FOR_POSITION_SAMPLING
562,0,1.6361269006902648,SIZE_FROZEN_FOR_POSITION_SAMPLING
563,0,2.4771080580254505,SIZE_FROZEN_FOR_POSITION_SAMPLING
564,0,3.151972225788952,NO_FEASIBLE_INLET_POSITION_FOR_SIZE
564,1,1.7253196644073756,SIZE_FROZEN_FOR_POSITION_SAMPLING
565,0,2.5231287900778905,SIZE_FROZEN_FOR_POSITION_SAMPLING
566,0,2.1185333920696277,SIZE_FROZEN_FOR_POSITION_SAMPLING
567,0,1.3032451186642986,SIZE_FROZEN_FOR_POSITION_SAMPLING
568,0,2.8358225168459534,SIZE_FROZEN_FOR_POSITION_SAMPLING
569,0,2.0023308123926933,SIZE_FROZEN_FOR_POSITION_SAMPLING
570,0,2.7552014944214367,SIZE_FROZEN_FOR_POSITION_SAMPLING
571,0,1.4433373689128168,SIZE_FROZEN_FOR_POSITION_SAMPLING
572,0,1.8080625881773735,SIZE_FROZEN_FOR_POSITION_SAMPLING
573,0,2.6343114794163753,SIZE_FROZEN_FOR_POSITION_SAMPLING
574,0,3.2171941900296415,NO_FEASIBLE_INLET_POSITION_FOR_SIZE
574,1,1.7748945991980927,SIZE_FROZEN_FOR_POSITION_SAMPLING
575,0,1.7575390174176078,SIZE_FROZEN_FOR_POSITION_SAMPLING
576,0,1.9764191696285855,SIZE_FROZEN_FOR_POSITION_SAMPLING
577,0,2.196630310982046,SIZE_FROZEN_FOR_POSITION_SAMPLING
578,0,2.561693332465843,SIZE_FROZEN_FOR_POSITION_SAMPLING
579,0,3.391814544238735,NO_FEASIBLE_INLET_POSITION_FOR_SIZE
579,1,1.6415617503696713,SIZE_FROZEN_FOR_POSITION_SAMPLING
580,0,2.944103062319772,SIZE_FROZEN_FOR_POSITION_SAMPLING
581,0,2.1033253985291624,SIZE_FROZEN_FOR_POSITION_SAMPLING
582,0,2.63891491682968,SIZE_FROZEN_FOR_POSITION_SAMPLING
583,0,2.2163963101548534,SIZE_FROZEN_FOR_POSITION_SAMPLING
584,0,2.2624745939026862,SIZE_FROZEN_FOR_POSITION_SAMPLING
585,0,1.0809311696273363,SIZE_FROZEN_FOR_POSITION_SAMPLING
586,0,2.6430948687748477,SIZE_FROZEN_FOR_POSITION_SAMPLING
587,0,1.5010856302634015,SIZE_FROZEN_FOR_POSITION_SAMPLING
588,0,2.4868617427419326,SIZE_FROZEN_FOR_POSITION_SAMPLING
589,0,2.3022808081047863,SIZE_FROZEN_FOR_POSITION_SAMPLING
590,0,2.4267468357335416,SIZE_FROZEN_FOR_POSITION_SAMPLING
591,0,1.6636446961096787,SIZE_FROZEN_FOR_POSITION_SAMPLING
592,0,1.9672160817393418,SIZE_FROZEN_FOR_POSITION_SAMPLING
593,0,2.8909042248967527,SIZE_FROZEN_FOR_POSITION_SAMPLING
594,0,2.0862903824189427,SIZE_FROZEN_FOR_POSITION_SAMPLING
595,0,1.5456054256983771,SIZE_FROZEN_FOR_POSITION_SAMPLING
596,0,2.127771824973178,SIZE_FROZEN_FOR_POSITION_SAMPLING
597,0,1.9751253939595368,SIZE_FROZEN_FOR_POSITION_SAMPLING
598,0,0.7914596781353321,SIZE_FROZEN_FOR_POSITION_SAMPLING
599,0,2.645202539155687,SIZE_FROZEN_FOR_POSITION_SAMPLING
600,0,1.7298188398004384,SIZE_FROZEN_FOR_POSITION_SAMPLING
601,0,2.4153444470650847,SIZE_FROZEN_FOR_POSITION_SAMPLING
602,0,1.395720765411466,SIZE_FROZEN_FOR_POSITION_SAMPLING
603,0,2.0017015013643102,SIZE_FROZEN_FOR_POSITION_SAMPLING
604,0,1.514656122061466,SIZE_FROZEN_FOR_POSITION_SAMPLING
605,0,2.3666605039990287,SIZE_FROZEN_FOR_POSITION_SAMPLING
606,0,1.8002885104677646,SIZE_FROZEN_FOR_POSITION_SAMPLING
607,0,1.4101514748697568,SIZE_FROZEN_FOR_POSITION_SAMPLING
608,0,1.9894168875023264,SIZE_FROZEN_FOR_POSITION_SAMPLING
609,0,1.558530693626598,SIZE_FROZEN_FOR_POSITION_SAMPLING
610,0,1.3621399495360123,SIZE_FROZEN_FOR_POSITION_SAMPLING
611,0,2.211656250818972,SIZE_FROZEN_FOR_POSITION_SAMPLING
612,0,2.397830466550648,SIZE_FROZEN_FOR_POSITION_SAMPLING
613,0,3.7462197042213736,NO_FEASIBLE_INLET_POSITION_FOR_SIZE
613,1,1.9075144818335976,SIZE_FROZEN_FOR_POSITION_SAMPLING
614,0,1.8863219973428675,SIZE_FROZEN_FOR_POSITION_SAMPLING
615,0,2.2819936246119332,SIZE_FROZEN_FOR_POSITION_SAMPLING
616,0,2.0865206256334474,SIZE_FROZEN_FOR_POSITION_SAMPLING
617,0,1.9086451487788727,SIZE_FROZEN_FOR_POSITION_SAMPLING
618,0,2.1087444724926963,SIZE_FROZEN_FOR_POSITION_SAMPLING
619,0,2.2006859371096055,SIZE_FROZEN_FOR_POSITION_SAMPLING
620,0,1.236587575908013,SIZE_FROZEN_FOR_POSITION_SAMPLING
621,0,2.033544436082026,SIZE_FROZEN_FOR_POSITION_SAMPLING
622,0,1.9360412147755255,SIZE_FROZEN_FOR_POSITION_SAMPLING
623,0,1.2045755434684882,SIZE_FROZEN_FOR_POSITION_SAMPLING
624,0,1.8138374585996868,SIZE_FROZEN_FOR_POSITION_SAMPLING
625,0,1.530549085151305,SIZE_FROZEN_FOR_POSITION_SAMPLING
626,0,2.385831663037637,SIZE_FROZEN_FOR_POSITION_SAMPLING
627,0,2.424559384510606,SIZE_FROZEN_FOR_POSITION_SAMPLING
628,0,2.5690653154429604,SIZE_FROZEN_FOR_POSITION_SAMPLING
629,0,1.3959127698762352,SIZE_FROZEN_FOR_POSITION_SAMPLING
630,0,2.982182917321693,SIZE_FROZEN_FOR_POSITION_SAMPLING
631,0,2.222946166026623,SIZE_FROZEN_FOR_POSITION_SAMPLING
632,0,2.369312356566411,SIZE_FROZEN_FOR_POSITION_SAMPLING
633,0,1.1839076222783356,SIZE_FROZEN_FOR_POSITION_SAMPLING
634,0,3.4396241001061894,NO_FEASIBLE_INLET_POSITION_FOR_SIZE
634,1,1.5620046842036446,SIZE_FROZEN_FOR_POSITION_SAMPLING
635,0,1.5903221931722769,SIZE_FROZEN_FOR_POSITION_SAMPLING
636,0,1.1622087651912911,SIZE_FROZEN_FOR_POSITION_SAMPLING
637,0,2.4072727775364298,SIZE_FROZEN_FOR_POSITION_SAMPLING
638,0,1.2197926521427684,SIZE_FROZEN_FOR_POSITION_SAMPLING
639,0,1.8365673085120875,SIZE_FROZEN_FOR_POSITION_SAMPLING
640,0,2.55538133429391,SIZE_FROZEN_FOR_POSITION_SAMPLING
641,0,1.4765842205012454,SIZE_FROZEN_FOR_POSITION_SAMPLING
642,0,2.429809482755894,SIZE_FROZEN_FOR_POSITION_SAMPLING
643,0,3.2306233896453276,NO_FEASIBLE_INLET_POSITION_FOR_SIZE
643,1,1.6079282791517886,SIZE_FROZEN_FOR_POSITION_SAMPLING
644,0,1.2371643007478754,SIZE_FROZEN_FOR_POSITION_SAMPLING
645,0,1.7995883851123986,SIZE_FROZEN_FOR_POSITION_SAMPLING
646,0,1.874479099595124,SIZE_FROZEN_FOR_POSITION_SAMPLING
647,0,2.027103442509686,SIZE_FROZEN_FOR_POSITION_SAMPLING
648,0,1.9931978569954911,SIZE_FROZEN_FOR_POSITION_SAMPLING
649,0,1.7456622682037521,SIZE_FROZEN_FOR_POSITION_SAMPLING
650,0,1.3832766082044654,SIZE_FROZEN_FOR_POSITION_SAMPLING
651,0,3.053087888438125,SIZE_FROZEN_FOR_POSITION_SAMPLING
652,0,2.540954316676765,SIZE_FROZEN_FOR_POSITION_SAMPLING
653,0,1.7804567278969683,SIZE_FROZEN_FOR_POSITION_SAMPLING
654,0,2.7504893051507824,SIZE_FROZEN_FOR_POSITION_SAMPLING
655,0,1.5686593878319155,SIZE_FROZEN_FOR_POSITION_SAMPLING
656,0,2.1980484325527008,SIZE_FROZEN_FOR_POSITION_SAMPLING
657,0,2.018095376778703,SIZE_FROZEN_FOR_POSITION_SAMPLING
658,0,3.8077661072437747,NO_FEASIBLE_INLET_POSITION_FOR_SIZE
658,1,2.9969890670305146,SIZE_FROZEN_FOR_POSITION_SAMPLING
659,0,1.9544708965266921,SIZE_FROZEN_FOR_POSITION_SAMPLING
660,0,1.6452596371835169,SIZE_FROZEN_FOR_POSITION_SAMPLING
661,0,1.7539260742863738,SIZE_FROZEN_FOR_POSITION_SAMPLING
662,0,2.0562346379861607,SIZE_FROZEN_FOR_POSITION_SAMPLING
663,0,1.3730551133027167,SIZE_FROZEN_FOR_POSITION_SAMPLING
664,0,2.73021990879264,SIZE_FROZEN_FOR_POSITION_SAMPLING
665,0,1.3207513894595122,SIZE_FROZEN_FOR_POSITION_SAMPLING
666,0,3.7072171357106476,NO_FEASIBLE_INLET_POSITION_FOR_SIZE
666,1,1.159574633214026,SIZE_FROZEN_FOR_POSITION_SAMPLING
667,0,2.1128742601517962,SIZE_FROZEN_FOR_POSITION_SAMPLING
668,0,1.9401117222058695,SIZE_FROZEN_FOR_POSITION_SAMPLING
669,0,1.9014041782547284,SIZE_FROZEN_FOR_POSITION_SAMPLING
670,0,1.3826898696201348,SIZE_FROZEN_FOR_POSITION_SAMPLING
671,0,1.699765646920741,SIZE_FROZEN_FOR_POSITION_SAMPLING
672,0,2.983329242123851,SIZE_FROZEN_FOR_POSITION_SAMPLING
673,0,2.540974225627607,SIZE_FROZEN_FOR_POSITION_SAMPLING
674,0,2.784820376263941,SIZE_FROZEN_FOR_POSITION_SAMPLING
675,0,1.548188918909099,SIZE_FROZEN_FOR_POSITION_SAMPLING
676,0,1.5157937952118279,SIZE_FROZEN_FOR_POSITION_SAMPLING
677,0,1.246453934508235,SIZE_FROZEN_FOR_POSITION_SAMPLING
678,0,1.8262162084558362,SIZE_FROZEN_FOR_POSITION_SAMPLING
679,0,2.137970312635739,SIZE_FROZEN_FOR_POSITION_SAMPLING
680,0,2.4795681605788706,SIZE_FROZEN_FOR_POSITION_SAMPLING
681,0,3.5266685214032227,NO_FEASIBLE_INLET_POSITION_FOR_SIZE
681,1,2.6833093532856833,SIZE_FROZEN_FOR_POSITION_SAMPLING
682,0,1.3080291237695085,SIZE_FROZEN_FOR_POSITION_SAMPLING
683,0,2.522746981664004,SIZE_FROZEN_FOR_POSITION_SAMPLING
684,0,2.580816483592713,SIZE_FROZEN_FOR_POSITION_SAMPLING
685,0,1.475273825469852,SIZE_FROZEN_FOR_POSITION_SAMPLING
686,0,1.4872425392225026,SIZE_FROZEN_FOR_POSITION_SAMPLING
687,0,2.2320165220371955,SIZE_FROZEN_FOR_POSITION_SAMPLING
688,0,1.849490321039225,SIZE_FROZEN_FOR_POSITION_SAMPLING
689,0,1.4478907052321524,SIZE_FROZEN_FOR_POSITION_SAMPLING
690,0,2.0011463200015376,SIZE_FROZEN_FOR_POSITION_SAMPLING
691,0,1.961423648969738,SIZE_FROZEN_FOR_POSITION_SAMPLING
692,0,2.103696966435797,SIZE_FROZEN_FOR_POSITION_SAMPLING
693,0,2.176068562775531,SIZE_FROZEN_FOR_POSITION_SAMPLING
694,0,1.9126346869748878,SIZE_FROZEN_FOR_POSITION_SAMPLING
695,0,1.2334653424074136,SIZE_FROZEN_FOR_POSITION_SAMPLING
696,0,1.9367602083876463,SIZE_FROZEN_FOR_POSITION_SAMPLING
697,0,2.9842656544211046,SIZE_FROZEN_FOR_POSITION_SAMPLING
698,0,1.5681248392304397,SIZE_FROZEN_FOR_POSITION_SAMPLING
699,0,1.3622986944792452,SIZE_FROZEN_FOR_POSITION_SAMPLING
700,0,3.251696799966436,NO_FEASIBLE_INLET_POSITION_FOR_SIZE
700,1,2.1722373128047128,SIZE_FROZEN_FOR_POSITION_SAMPLING
701,0,1.1391052366617744,SIZE_FROZEN_FOR_POSITION_SAMPLING
702,0,1.6973516453186406,SIZE_FROZEN_FOR_POSITION_SAMPLING
703,0,2.1254318218312744,SIZE_FROZEN_FOR_POSITION_SAMPLING
704,0,1.4512365605772044,SIZE_FROZEN_FOR_POSITION_SAMPLING
705,0,2.0336118975914963,SIZE_FROZEN_FOR_POSITION_SAMPLING
706,0,1.372487304273388,SIZE_FROZEN_FOR_POSITION_SAMPLING
707,0,3.0491139740735966,SIZE_FROZEN_FOR_POSITION_SAMPLING
708,0,2.6403939710494346,SIZE_FROZEN_FOR_POSITION_SAMPLING
709,0,1.6251876673612702,SIZE_FROZEN_FOR_POSITION_SAMPLING
710,0,1.73866705005351,SIZE_FROZEN_FOR_POSITION_SAMPLING
711,0,2.0620490130136315,SIZE_FROZEN_FOR_POSITION_SAMPLING
712,0,2.074808981784769,SIZE_FROZEN_FOR_POSITION_SAMPLING
713,0,2.669807820988554,SIZE_FROZEN_FOR_POSITION_SAMPLING
714,0,1.684713822050163,SIZE_FROZEN_FOR_POSITION_SAMPLING
715,0,1.3983545259860213,SIZE_FROZEN_FOR_POSITION_SAMPLING
716,0,2.110640139270589,SIZE_FROZEN_FOR_POSITION_SAMPLING
717,0,2.333486270026172,SIZE_FROZEN_FOR_POSITION_SAMPLING
718,0,2.3146313978812456,SIZE_FROZEN_FOR_POSITION_SAMPLING
719,0,1.4441931582981966,SIZE_FROZEN_FOR_POSITION_SAMPLING
720,0,1.7008290848061656,SIZE_FROZEN_FOR_POSITION_SAMPLING
721,0,1.2924260119189608,SIZE_FROZEN_FOR_POSITION_SAMPLING
722,0,3.8426970958491182,NO_FEASIBLE_INLET_POSITION_FOR_SIZE
722,1,1.438008386335224,SIZE_FROZEN_FOR_POSITION_SAMPLING
723,0,1.8018677813952486,SIZE_FROZEN_FOR_POSITION_SAMPLING
724,0,1.3218633623102753,SIZE_FROZEN_FOR_POSITION_SAMPLING
725,0,1.9490647550061786,SIZE_FROZEN_FOR_POSITION_SAMPLING
726,0,1.9369325764860919,SIZE_FROZEN_FOR_POSITION_SAMPLING
727,0,3.5324406905190457,NO_FEASIBLE_INLET_POSITION_FOR_SIZE
727,1,1.616967287734447,SIZE_FROZEN_FOR_POSITION_SAMPLING
728,0,1.9641647052443918,SIZE_FROZEN_FOR_POSITION_SAMPLING
729,0,2.0199794348879383,SIZE_FROZEN_FOR_POSITION_SAMPLING
730,0,3.3236705496942225,NO_FEASIBLE_INLET_POSITION_FOR_SIZE
730,1,2.484292809882637,SIZE_FROZEN_FOR_POSITION_SAMPLING
731,0,2.7052373423358245,SIZE_FROZEN_FOR_POSITION_SAMPLING
732,0,1.557739126831466,SIZE_FROZEN_FOR_POSITION_SAMPLING
733,0,1.5459690503400654,SIZE_FROZEN_FOR_POSITION_SAMPLING
734,0,1.026285172306883,SIZE_FROZEN_FOR_POSITION_SAMPLING
735,0,1.805020769713649,SIZE_FROZEN_FOR_POSITION_SAMPLING
736,0,2.662330607832612,SIZE_FROZEN_FOR_POSITION_SAMPLING
737,0,1.909350652067319,SIZE_FROZEN_FOR_POSITION_SAMPLING
738,0,2.0390034232148007,SIZE_FROZEN_FOR_POSITION_SAMPLING
739,0,1.7020554039943057,SIZE_FROZEN_FOR_POSITION_SAMPLING
740,0,1.897352138007277,SIZE_FROZEN_FOR_POSITION_SAMPLING
741,0,1.5855248614899051,SIZE_FROZEN_FOR_POSITION_SAMPLING
742,0,2.165523866785338,SIZE_FROZEN_FOR_POSITION_SAMPLING
743,0,2.75578313623627,SIZE_FROZEN_FOR_POSITION_SAMPLING
744,0,1.4238051742531557,SIZE_FROZEN_FOR_POSITION_SAMPLING
745,0,1.7918005144537912,SIZE_FROZEN_FOR_POSITION_SAMPLING
746,0,1.800431434945629,SIZE_FROZEN_FOR_POSITION_SAMPLING
747,0,1.2419110439696197,SIZE_FROZEN_FOR_POSITION_SAMPLING
748,0,2.133343009724513,SIZE_FROZEN_FOR_POSITION_SAMPLING
749,0,1.654214498477638,SIZE_FROZEN_FOR_POSITION_SAMPLING
750,0,2.0680169945132993,SIZE_FROZEN_FOR_POSITION_SAMPLING
751,0,2.007852243300874,SIZE_FROZEN_FOR_POSITION_SAMPLING
752,0,2.636523187682077,SIZE_FROZEN_FOR_POSITION_SAMPLING
753,0,2.01009868160417,SIZE_FROZEN_FOR_POSITION_SAMPLING
754,0,2.0823188417236675,SIZE_FROZEN_FOR_POSITION_SAMPLING
755,0,1.3612685944285305,SIZE_FROZEN_FOR_POSITION_SAMPLING
756,0,1.8848597559075642,SIZE_FROZEN_FOR_POSITION_SAMPLING
757,0,1.948527354732946,SIZE_FROZEN_FOR_POSITION_SAMPLING
758,0,1.7772993750745971,SIZE_FROZEN_FOR_POSITION_SAMPLING
759,0,2.0517090050001436,SIZE_FROZEN_FOR_POSITION_SAMPLING
760,0,1.501401555549803,SIZE_FROZEN_FOR_POSITION_SAMPLING
761,0,2.108802344115342,SIZE_FROZEN_FOR_POSITION_SAMPLING
762,0,1.184123091346294,SIZE_FROZEN_FOR_POSITION_SAMPLING
763,0,3.1623678704591676,NO_FEASIBLE_INLET_POSITION_FOR_SIZE
763,1,2.0006249301015657,SIZE_FROZEN_FOR_POSITION_SAMPLING
764,0,2.8150216346055066,SIZE_FROZEN_FOR_POSITION_SAMPLING
765,0,1.834618337618897,SIZE_FROZEN_FOR_POSITION_SAMPLING
766,0,1.857975879804626,SIZE_FROZEN_FOR_POSITION_SAMPLING
767,0,2.727799021202292,SIZE_FROZEN_FOR_POSITION_SAMPLING
768,0,1.819160566638204,SIZE_FROZEN_FOR_POSITION_SAMPLING
769,0,1.404678843959332,SIZE_FROZEN_FOR_POSITION_SAMPLING
770,0,1.5622813756929392,SIZE_FROZEN_FOR_POSITION_SAMPLING
771,0,1.454642487284172,SIZE_FROZEN_FOR_POSITION_SAMPLING
772,0,1.2493896489487943,SIZE_FROZEN_FOR_POSITION_SAMPLING
773,0,1.598489340212065,SIZE_FROZEN_FOR_POSITION_SAMPLING
774,0,2.6732856349057763,SIZE_FROZEN_FOR_POSITION_SAMPLING
775,0,1.239309626879676,SIZE_FROZEN_FOR_POSITION_SAMPLING
776,0,1.8338766745358195,SIZE_FROZEN_FOR_POSITION_SAMPLING
777,0,3.3391053264081383,NO_FEASIBLE_INLET_POSITION_FOR_SIZE
777,1,2.825676872387101,SIZE_FROZEN_FOR_POSITION_SAMPLING
778,0,1.4200089789855372,SIZE_FROZEN_FOR_POSITION_SAMPLING
779,0,2.2240242890619117,SIZE_FROZEN_FOR_POSITION_SAMPLING
780,0,1.451393314486065,SIZE_FROZEN_FOR_POSITION_SAMPLING
781,0,1.1681608080805959,SIZE_FROZEN_FOR_POSITION_SAMPLING
782,0,1.4828051227908663,SIZE_FROZEN_FOR_POSITION_SAMPLING
783,0,1.319992145492767,SIZE_FROZEN_FOR_POSITION_SAMPLING
784,0,1.3989904271019848,SIZE_FROZEN_FOR_POSITION_SAMPLING
785,0,1.6294664868181163,SIZE_FROZEN_FOR_POSITION_SAMPLING
786,0,2.9181619129045213,SIZE_FROZEN_FOR_POSITION_SAMPLING
787,0,2.2535984247677887,SIZE_FROZEN_FOR_POSITION_SAMPLING
788,0,2.8562954914961924,SIZE_FROZEN_FOR_POSITION_SAMPLING
789,0,2.076637433251558,SIZE_FROZEN_FOR_POSITION_SAMPLING
790,0,3.154677493728987,NO_FEASIBLE_INLET_POSITION_FOR_SIZE
790,1,2.802387508845108,SIZE_FROZEN_FOR_POSITION_SAMPLING
791,0,2.234616126163807,SIZE_FROZEN_FOR_POSITION_SAMPLING
792,0,1.538783534253388,SIZE_FROZEN_FOR_POSITION_SAMPLING
793,0,1.1115401869792814,SIZE_FROZEN_FOR_POSITION_SAMPLING
794,0,1.5585450327856791,SIZE_FROZEN_FOR_POSITION_SAMPLING
795,0,1.6022181758609768,SIZE_FROZEN_FOR_POSITION_SAMPLING
796,0,1.7379389221817143,SIZE_FROZEN_FOR_POSITION_SAMPLING
797,0,3.028721799911219,SIZE_FROZEN_FOR_POSITION_SAMPLING
798,0,1.295570646991801,SIZE_FROZEN_FOR_POSITION_SAMPLING
799,0,1.3022054454009486,SIZE_FROZEN_FOR_POSITION_SAMPLING
800,0,1.1636824486209663,SIZE_FROZEN_FOR_POSITION_SAMPLING
801,0,1.5563656188358885,SIZE_FROZEN_FOR_POSITION_SAMPLING
802,0,1.3710420598763569,SIZE_FROZEN_FOR_POSITION_SAMPLING
803,0,1.6552298023327932,SIZE_FROZEN_FOR_POSITION_SAMPLING
804,0,2.839521973470107,SIZE_FROZEN_FOR_POSITION_SAMPLING
805,0,2.161702202572746,SIZE_FROZEN_FOR_POSITION_SAMPLING
806,0,1.2366753851857173,SIZE_FROZEN_FOR_POSITION_SAMPLING
807,0,2.0690257397979246,SIZE_FROZEN_FOR_POSITION_SAMPLING
808,0,1.7694384326677446,SIZE_FROZEN_FOR_POSITION_SAMPLING
809,0,1.7651958674136554,SIZE_FROZEN_FOR_POSITION_SAMPLING
810,0,2.060889196574502,SIZE_FROZEN_FOR_POSITION_SAMPLING
811,0,1.3706726968174054,SIZE_FROZEN_FOR_POSITION_SAMPLING
812,0,1.5793151675122599,SIZE_FROZEN_FOR_POSITION_SAMPLING
813,0,1.3941909872997924,SIZE_FROZEN_FOR_POSITION_SAMPLING
814,0,3.2115254028166804,NO_FEASIBLE_INLET_POSITION_FOR_SIZE
814,1,1.8139712872266749,SIZE_FROZEN_FOR_POSITION_SAMPLING
815,0,3.1207683506042754,SIZE_FROZEN_FOR_POSITION_SAMPLING
816,0,1.222600311513603,SIZE_FROZEN_FOR_POSITION_SAMPLING
817,0,2.8982509015822315,SIZE_FROZEN_FOR_POSITION_SAMPLING
818,0,2.4175976620288786,SIZE_FROZEN_FOR_POSITION_SAMPLING
819,0,2.2082534401220104,SIZE_FROZEN_FOR_POSITION_SAMPLING
820,0,1.7319132038873533,SIZE_FROZEN_FOR_POSITION_SAMPLING
821,0,2.096961913086145,SIZE_FROZEN_FOR_POSITION_SAMPLING
822,0,1.9451815333432358,SIZE_FROZEN_FOR_POSITION_SAMPLING
823,0,1.750990279547601,SIZE_FROZEN_FOR_POSITION_SAMPLING
824,0,2.693255998264098,SIZE_FROZEN_FOR_POSITION_SAMPLING
825,0,1.5393344556671886,SIZE_FROZEN_FOR_POSITION_SAMPLING
826,0,1.9309361149831892,SIZE_FROZEN_FOR_POSITION_SAMPLING
827,0,2.8859401001398743,SIZE_FROZEN_FOR_POSITION_SAMPLING
828,0,1.6721679078325218,SIZE_FROZEN_FOR_POSITION_SAMPLING
829,0,1.6376242105201855,SIZE_FROZEN_FOR_POSITION_SAMPLING
830,0,2.045213947889571,SIZE_FROZEN_FOR_POSITION_SAMPLING
831,0,1.8544367055407682,SIZE_FROZEN_FOR_POSITION_SAMPLING
832,0,3.3421736757558143,NO_FEASIBLE_INLET_POSITION_FOR_SIZE
832,1,2.6639951832018767,SIZE_FROZEN_FOR_POSITION_SAMPLING
833,0,2.434009123029434,SIZE_FROZEN_FOR_POSITION_SAMPLING
834,0,1.7684225062572794,SIZE_FROZEN_FOR_POSITION_SAMPLING
835,0,1.3189473229429731,SIZE_FROZEN_FOR_POSITION_SAMPLING
836,0,1.266758006525888,SIZE_FROZEN_FOR_POSITION_SAMPLING
837,0,1.7519951364329038,SIZE_FROZEN_FOR_POSITION_SAMPLING
838,0,2.7355202705383133,SIZE_FROZEN_FOR_POSITION_SAMPLING
839,0,2.0642214293603756,SIZE_FROZEN_FOR_POSITION_SAMPLING
840,0,1.3417118275920208,SIZE_FROZEN_FOR_POSITION_SAMPLING
841,0,3.074009504767461,SIZE_FROZEN_FOR_POSITION_SAMPLING
842,0,2.0373782060251373,SIZE_FROZEN_FOR_POSITION_SAMPLING
843,0,3.189227015050359,NO_FEASIBLE_INLET_POSITION_FOR_SIZE
843,1,1.9779876629567472,SIZE_FROZEN_FOR_POSITION_SAMPLING
844,0,1.5669309047713422,SIZE_FROZEN_FOR_POSITION_SAMPLING
845,0,2.2032716079815757,SIZE_FROZEN_FOR_POSITION_SAMPLING
846,0,2.2250506132556556,SIZE_FROZEN_FOR_POSITION_SAMPLING
847,0,1.4642008477022148,SIZE_FROZEN_FOR_POSITION_SAMPLING
848,0,1.0427024942563732,SIZE_FROZEN_FOR_POSITION_SAMPLING
849,0,2.2204525868703766,SIZE_FROZEN_FOR_POSITION_SAMPLING
850,0,2.1963452173134965,SIZE_FROZEN_FOR_POSITION_SAMPLING
851,0,2.3972825926240726,SIZE_FROZEN_FOR_POSITION_SAMPLING
852,0,2.857984284789253,SIZE_FROZEN_FOR_POSITION_SAMPLING
853,0,3.506833306197471,NO_FEASIBLE_INLET_POSITION_FOR_SIZE
853,1,3.2379906736378983,NO_FEASIBLE_INLET_POSITION_FOR_SIZE
853,2,3.327162854028254,NO_FEASIBLE_INLET_POSITION_FOR_SIZE
853,3,1.2000963420775879,SIZE_FROZEN_FOR_POSITION_SAMPLING
854,0,3.4490354731614707,NO_FEASIBLE_INLET_POSITION_FOR_SIZE
854,1,1.4324167748843615,SIZE_FROZEN_FOR_POSITION_SAMPLING
855,0,1.51355262544824,SIZE_FROZEN_FOR_POSITION_SAMPLING
856,0,1.1890019768300508,SIZE_FROZEN_FOR_POSITION_SAMPLING
857,0,2.245664584467409,SIZE_FROZEN_FOR_POSITION_SAMPLING
858,0,1.627982870015032,SIZE_FROZEN_FOR_POSITION_SAMPLING
859,0,2.4884770003604086,SIZE_FROZEN_FOR_POSITION_SAMPLING
860,0,3.0995562873966067,SIZE_FROZEN_FOR_POSITION_SAMPLING
861,0,1.4132677029228913,SIZE_FROZEN_FOR_POSITION_SAMPLING
862,0,2.287648315287418,SIZE_FROZEN_FOR_POSITION_SAMPLING
863,0,1.8817848570524947,SIZE_FROZEN_FOR_POSITION_SAMPLING
864,0,1.5663465008391346,SIZE_FROZEN_FOR_POSITION_SAMPLING
865,0,1.8869934514694957,SIZE_FROZEN_FOR_POSITION_SAMPLING
866,0,1.2582144446939958,SIZE_FROZEN_FOR_POSITION_SAMPLING
867,0,3.0620932560918366,SIZE_FROZEN_FOR_POSITION_SAMPLING
868,0,1.3140877676435072,SIZE_FROZEN_FOR_POSITION_SAMPLING
869,0,1.9920094237944879,SIZE_FROZEN_FOR_POSITION_SAMPLING
870,0,1.4829882141618829,SIZE_FROZEN_FOR_POSITION_SAMPLING
871,0,1.7406332793539872,SIZE_FROZEN_FOR_POSITION_SAMPLING
872,0,3.6549205424003577,NO_FEASIBLE_INLET_POSITION_FOR_SIZE
872,1,2.624216901642191,SIZE_FROZEN_FOR_POSITION_SAMPLING
873,0,2.110249521106373,SIZE_FROZEN_FOR_POSITION_SAMPLING
874,0,1.3424971475553549,SIZE_FROZEN_FOR_POSITION_SAMPLING
875,0,2.599697910497419,SIZE_FROZEN_FOR_POSITION_SAMPLING
876,0,2.5670850551465247,SIZE_FROZEN_FOR_POSITION_SAMPLING
877,0,1.7751539514627646,SIZE_FROZEN_FOR_POSITION_SAMPLING
878,0,1.9229422467313557,SIZE_FROZEN_FOR_POSITION_SAMPLING
879,0,1.5802520697676343,SIZE_FROZEN_FOR_POSITION_SAMPLING
880,0,2.233626518424376,SIZE_FROZEN_FOR_POSITION_SAMPLING
881,0,1.3203557547976543,SIZE_FROZEN_FOR_POSITION_SAMPLING
882,0,2.4772163647481933,SIZE_FROZEN_FOR_POSITION_SAMPLING
883,0,1.4360796525145691,SIZE_FROZEN_FOR_POSITION_SAMPLING
884,0,3.7232507472746077,NO_FEASIBLE_INLET_POSITION_FOR_SIZE
884,1,2.4125184961075266,SIZE_FROZEN_FOR_POSITION_SAMPLING
885,0,2.3850078969938555,SIZE_FROZEN_FOR_POSITION_SAMPLING
886,0,2.858012417587423,SIZE_FROZEN_FOR_POSITION_SAMPLING
887,0,2.8271046777070166,SIZE_FROZEN_FOR_POSITION_SAMPLING
888,0,1.9802787222846934,SIZE_FROZEN_FOR_POSITION_SAMPLING
889,0,1.6360574441720672,SIZE_FROZEN_FOR_POSITION_SAMPLING
890,0,2.241767363760368,SIZE_FROZEN_FOR_POSITION_SAMPLING
891,0,2.283137801015853,SIZE_FROZEN_FOR_POSITION_SAMPLING
892,0,2.070770135668149,SIZE_FROZEN_FOR_POSITION_SAMPLING
893,0,2.5266162082428343,SIZE_FROZEN_FOR_POSITION_SAMPLING
894,0,1.5815858976005208,SIZE_FROZEN_FOR_POSITION_SAMPLING
895,0,2.7247977028105472,SIZE_FROZEN_FOR_POSITION_SAMPLING
896,0,1.4981061700368177,SIZE_FROZEN_FOR_POSITION_SAMPLING
897,0,1.921225030858113,SIZE_FROZEN_FOR_POSITION_SAMPLING
898,0,2.2224066607718256,SIZE_FROZEN_FOR_POSITION_SAMPLING
899,0,1.5619086328980063,SIZE_FROZEN_FOR_POSITION_SAMPLING
900,0,2.035118975366595,SIZE_FROZEN_FOR_POSITION_SAMPLING
901,0,2.673311962377553,SIZE_FROZEN_FOR_POSITION_SAMPLING
902,0,1.4612161057515904,SIZE_FROZEN_FOR_POSITION_SAMPLING
903,0,3.4384727938613775,NO_FEASIBLE_INLET_POSITION_FOR_SIZE
903,1,1.6261067404517229,SIZE_FROZEN_FOR_POSITION_SAMPLING
904,0,3.1049801418377463,SIZE_FROZEN_FOR_POSITION_SAMPLING
905,0,2.7722362342883557,SIZE_FROZEN_FOR_POSITION_SAMPLING
906,0,2.0601233148368947,SIZE_FROZEN_FOR_POSITION_SAMPLING
907,0,1.6315746536436622,SIZE_FROZEN_FOR_POSITION_SAMPLING
908,0,1.9053459096715113,SIZE_FROZEN_FOR_POSITION_SAMPLING
909,0,1.3214780981574807,SIZE_FROZEN_FOR_POSITION_SAMPLING
910,0,1.4620146157285803,SIZE_FROZEN_FOR_POSITION_SAMPLING
911,0,1.2954324354044187,SIZE_FROZEN_FOR_POSITION_SAMPLING
912,0,1.8384841331702868,SIZE_FROZEN_FOR_POSITION_SAMPLING
913,0,2.3195824825620655,SIZE_FROZEN_FOR_POSITION_SAMPLING
914,0,1.6563966737965976,SIZE_FROZEN_FOR_POSITION_SAMPLING
915,0,1.7633675497720114,SIZE_FROZEN_FOR_POSITION_SAMPLING
916,0,1.258555664112729,SIZE_FROZEN_FOR_POSITION_SAMPLING
917,0,1.7033201991660059,SIZE_FROZEN_FOR_POSITION_SAMPLING
918,0,1.2425639891284914,SIZE_FROZEN_FOR_POSITION_SAMPLING
919,0,1.4515304639218487,SIZE_FROZEN_FOR_POSITION_SAMPLING
920,0,2.7811250822937166,SIZE_FROZEN_FOR_POSITION_SAMPLING
921,0,2.2811576567668572,SIZE_FROZEN_FOR_POSITION_SAMPLING
922,0,3.420390551212157,NO_FEASIBLE_INLET_POSITION_FOR_SIZE
922,1,2.0901718226944896,SIZE_FROZEN_FOR_POSITION_SAMPLING
923,0,1.6354308483212698,SIZE_FROZEN_FOR_POSITION_SAMPLING
924,0,1.9384124437699202,SIZE_FROZEN_FOR_POSITION_SAMPLING
925,0,1.7647984440851012,SIZE_FROZEN_FOR_POSITION_SAMPLING
926,0,2.380525420495905,SIZE_FROZEN_FOR_POSITION_SAMPLING
927,0,1.2814545634259609,SIZE_FROZEN_FOR_POSITION_SAMPLING
928,0,3.759219470829078,NO_FEASIBLE_INLET_POSITION_FOR_SIZE
928,1,1.1237392523517116,SIZE_FROZEN_FOR_POSITION_SAMPLING
929,0,1.1359571854153576,SIZE_FROZEN_FOR_POSITION_SAMPLING
930,0,1.1565930118878636,SIZE_FROZEN_FOR_POSITION_SAMPLING
931,0,2.145037396245325,SIZE_FROZEN_FOR_POSITION_SAMPLING
932,0,2.1447375603519556,SIZE_FROZEN_FOR_POSITION_SAMPLING
933,0,1.3241171561207599,SIZE_FROZEN_FOR_POSITION_SAMPLING
934,0,1.9608590081062616,SIZE_FROZEN_FOR_POSITION_SAMPLING
935,0,2.365766129071766,SIZE_FROZEN_FOR_POSITION_SAMPLING
936,0,1.6059749685522682,SIZE_FROZEN_FOR_POSITION_SAMPLING
937,0,3.565137551781987,NO_FEASIBLE_INLET_POSITION_FOR_SIZE
937,1,2.035858309758918,SIZE_FROZEN_FOR_POSITION_SAMPLING
938,0,2.170342900765427,SIZE_FROZEN_FOR_POSITION_SAMPLING
939,0,3.502289047239818,NO_FEASIBLE_INLET_POSITION_FOR_SIZE
939,1,2.7158780955175628,SIZE_FROZEN_FOR_POSITION_SAMPLING
940,0,1.6161146256642691,SIZE_FROZEN_FOR_POSITION_SAMPLING
941,0,1.7088558476443771,SIZE_FROZEN_FOR_POSITION_SAMPLING
942,0,2.0284724525506106,SIZE_FROZEN_FOR_POSITION_SAMPLING
943,0,1.9521933902392006,SIZE_FROZEN_FOR_POSITION_SAMPLING
944,0,2.7675052602460717,SIZE_FROZEN_FOR_POSITION_SAMPLING
945,0,1.5286086313431142,SIZE_FROZEN_FOR_POSITION_SAMPLING
946,0,2.5335528254079747,SIZE_FROZEN_FOR_POSITION_SAMPLING
947,0,1.629350329636791,SIZE_FROZEN_FOR_POSITION_SAMPLING
948,0,1.9723617992184659,SIZE_FROZEN_FOR_POSITION_SAMPLING
949,0,2.290738396847232,SIZE_FROZEN_FOR_POSITION_SAMPLING
950,0,1.9294497468693395,SIZE_FROZEN_FOR_POSITION_SAMPLING
951,0,1.86372167698823,SIZE_FROZEN_FOR_POSITION_SAMPLING
952,0,3.7068430082917185,NO_FEASIBLE_INLET_POSITION_FOR_SIZE
952,1,1.6030359753069894,SIZE_FROZEN_FOR_POSITION_SAMPLING
953,0,1.3248491074541087,SIZE_FROZEN_FOR_POSITION_SAMPLING
954,0,1.7843632862651464,SIZE_FROZEN_FOR_POSITION_SAMPLING
955,0,2.530055265238529,SIZE_FROZEN_FOR_POSITION_SAMPLING
956,0,1.7624930230728253,SIZE_FROZEN_FOR_POSITION_SAMPLING
957,0,1.8865981525748992,SIZE_FROZEN_FOR_POSITION_SAMPLING
958,0,2.1350140839882954,SIZE_FROZEN_FOR_POSITION_SAMPLING
959,0,1.0463383905851849,SIZE_FROZEN_FOR_POSITION_SAMPLING
960,0,2.6425084490757946,SIZE_FROZEN_FOR_POSITION_SAMPLING
961,0,2.1442275382898535,SIZE_FROZEN_FOR_POSITION_SAMPLING
962,0,1.7062790619211092,SIZE_FROZEN_FOR_POSITION_SAMPLING
963,0,1.5947433495727992,SIZE_FROZEN_FOR_POSITION_SAMPLING
964,0,2.0727565552513605,SIZE_FROZEN_FOR_POSITION_SAMPLING
965,0,1.9916946164619789,SIZE_FROZEN_FOR_POSITION_SAMPLING
966,0,2.149731000087876,SIZE_FROZEN_FOR_POSITION_SAMPLING
967,0,1.6935582191146412,SIZE_FROZEN_FOR_POSITION_SAMPLING
968,0,1.5684371169777327,SIZE_FROZEN_FOR_POSITION_SAMPLING
969,0,2.521904642680111,SIZE_FROZEN_FOR_POSITION_SAMPLING
970,0,1.946738280499231,SIZE_FROZEN_FOR_POSITION_SAMPLING
971,0,2.6427202162679957,SIZE_FROZEN_FOR_POSITION_SAMPLING
972,0,1.7069049973681416,SIZE_FROZEN_FOR_POSITION_SAMPLING
973,0,1.7629573892115826,SIZE_FROZEN_FOR_POSITION_SAMPLING
974,0,2.467154105040166,SIZE_FROZEN_FOR_POSITION_SAMPLING
975,0,1.7700812434512647,SIZE_FROZEN_FOR_POSITION_SAMPLING
976,0,3.020061442303525,SIZE_FROZEN_FOR_POSITION_SAMPLING
977,0,2.137867044139769,SIZE_FROZEN_FOR_POSITION_SAMPLING
978,0,1.4739804428015888,SIZE_FROZEN_FOR_POSITION_SAMPLING
979,0,1.2457846167785924,SIZE_FROZEN_FOR_POSITION_SAMPLING
980,0,1.3926617619568709,SIZE_FROZEN_FOR_POSITION_SAMPLING
981,0,3.1460546553363873,NO_FEASIBLE_INLET_POSITION_FOR_SIZE
981,1,2.7298040290396193,SIZE_FROZEN_FOR_POSITION_SAMPLING
982,0,1.6487775035236423,SIZE_FROZEN_FOR_POSITION_SAMPLING
983,0,1.1261922692304167,SIZE_FROZEN_FOR_POSITION_SAMPLING
984,0,1.244433118985437,SIZE_FROZEN_FOR_POSITION_SAMPLING
985,0,1.2384918464114374,SIZE_FROZEN_FOR_POSITION_SAMPLING
986,0,1.395069910674906,SIZE_FROZEN_FOR_POSITION_SAMPLING
987,0,3.472089611191609,NO_FEASIBLE_INLET_POSITION_FOR_SIZE
987,1,0.9612548604830897,SIZE_FROZEN_FOR_POSITION_SAMPLING
988,0,1.9358774680878936,SIZE_FROZEN_FOR_POSITION_SAMPLING
989,0,2.5662227214141584,SIZE_FROZEN_FOR_POSITION_SAMPLING
990,0,2.159859951813716,SIZE_FROZEN_FOR_POSITION_SAMPLING
991,0,2.9667950742669955,SIZE_FROZEN_FOR_POSITION_SAMPLING
992,0,2.1637006818023465,SIZE_FROZEN_FOR_POSITION_SAMPLING
993,0,2.322065503801654,SIZE_FROZEN_FOR_POSITION_SAMPLING
994,0,1.6654144173156595,SIZE_FROZEN_FOR_POSITION_SAMPLING
995,0,1.6359212426106335,SIZE_FROZEN_FOR_POSITION_SAMPLING
996,0,1.957714146083679,SIZE_FROZEN_FOR_POSITION_SAMPLING
997,0,2.8272056459157673,SIZE_FROZEN_FOR_POSITION_SAMPLING
998,0,1.8867550670035445,SIZE_FROZEN_FOR_POSITION_SAMPLING
999,0,1.9298068392920997,SIZE_FROZEN_FOR_POSITION_SAMPLING
1000,0,2.2278555674352165,SIZE_FROZEN_FOR_POSITION_SAMPLING
1001,0,2.187876630209801,SIZE_FROZEN_FOR_POSITION_SAMPLING
1002,0,1.266895112550291,SIZE_FROZEN_FOR_POSITION_SAMPLING
1003,0,1.9920766870490243,SIZE_FROZEN_FOR_POSITION_SAMPLING
1004,0,1.400542054901911,SIZE_FROZEN_FOR_POSITION_SAMPLING
1005,0,2.4711871554867755,SIZE_FROZEN_FOR_POSITION_SAMPLING
1006,0,2.51649222983753,SIZE_FROZEN_FOR_POSITION_SAMPLING
1007,0,2.0450924526570073,SIZE_FROZEN_FOR_POSITION_SAMPLING
1008,0,1.9063468960556071,SIZE_FROZEN_FOR_POSITION_SAMPLING
1009,0,1.7844398483810016,SIZE_FROZEN_FOR_POSITION_SAMPLING
1010,0,1.3424651796790634,SIZE_FROZEN_FOR_POSITION_SAMPLING
1011,0,1.9289571114502142,SIZE_FROZEN_FOR_POSITION_SAMPLING
1012,0,1.5013360660337243,SIZE_FROZEN_FOR_POSITION_SAMPLING
1013,0,3.196387091166428,NO_FEASIBLE_INLET_POSITION_FOR_SIZE
1013,1,1.8767635224800876,SIZE_FROZEN_FOR_POSITION_SAMPLING
1014,0,2.032425951021394,SIZE_FROZEN_FOR_POSITION_SAMPLING
1015,0,1.831205151016545,SIZE_FROZEN_FOR_POSITION_SAMPLING
1016,0,2.2550737007489383,SIZE_FROZEN_FOR_POSITION_SAMPLING
1017,0,1.3044758539680112,SIZE_FROZEN_FOR_POSITION_SAMPLING
1018,0,3.0606085021511102,SIZE_FROZEN_FOR_POSITION_SAMPLING
1019,0,1.7321303487281086,SIZE_FROZEN_FOR_POSITION_SAMPLING
1020,0,2.1090816560949652,SIZE_FROZEN_FOR_POSITION_SAMPLING
1021,0,3.1654213119784194,NO_FEASIBLE_INLET_POSITION_FOR_SIZE
1021,1,1.9137281758639941,SIZE_FROZEN_FOR_POSITION_SAMPLING
1022,0,2.629051906270514,SIZE_FROZEN_FOR_POSITION_SAMPLING
1023,0,1.6520387208350296,SIZE_FROZEN_FOR_POSITION_SAMPLING
1024,0,1.5555123355329197,SIZE_FROZEN_FOR_POSITION_SAMPLING
1025,0,1.826442650736941,SIZE_FROZEN_FOR_POSITION_SAMPLING
1026,0,1.5954418066707752,SIZE_FROZEN_FOR_POSITION_SAMPLING
1027,0,3.359436516844306,NO_FEASIBLE_INLET_POSITION_FOR_SIZE
1027,1,1.4807122460806224,SIZE_FROZEN_FOR_POSITION_SAMPLING
1028,0,3.2087622196991856,NO_FEASIBLE_INLET_POSITION_FOR_SIZE
1028,1,1.8199178776609068,SIZE_FROZEN_FOR_POSITION_SAMPLING
1029,0,1.8325154518565425,SIZE_FROZEN_FOR_POSITION_SAMPLING
1030,0,2.175113527409266,SIZE_FROZEN_FOR_POSITION_SAMPLING
1031,0,1.732461933001526,SIZE_FROZEN_FOR_POSITION_SAMPLING
1032,0,1.9831768283260613,SIZE_FROZEN_FOR_POSITION_SAMPLING
1033,0,2.392186165607857,SIZE_FROZEN_FOR_POSITION_SAMPLING
1034,0,1.8853707563672013,SIZE_FROZEN_FOR_POSITION_SAMPLING
1035,0,2.535806442508412,SIZE_FROZEN_FOR_POSITION_SAMPLING
1036,0,2.8398799651823805,SIZE_FROZEN_FOR_POSITION_SAMPLING
1037,0,3.002695486492851,SIZE_FROZEN_FOR_POSITION_SAMPLING
1038,0,2.3762319490919532,SIZE_FROZEN_FOR_POSITION_SAMPLING
1039,0,2.0800722157120677,SIZE_FROZEN_FOR_POSITION_SAMPLING
1040,0,3.016457634453936,SIZE_FROZEN_FOR_POSITION_SAMPLING
1041,0,2.09277767368295,SIZE_FROZEN_FOR_POSITION_SAMPLING
1042,0,1.2541113963922772,SIZE_FROZEN_FOR_POSITION_SAMPLING
1043,0,2.4265353261958156,SIZE_FROZEN_FOR_POSITION_SAMPLING
1044,0,1.0773167097794487,SIZE_FROZEN_FOR_POSITION_SAMPLING
1045,0,1.752547322314757,SIZE_FROZEN_FOR_POSITION_SAMPLING
1046,0,1.6912229913058017,SIZE_FROZEN_FOR_POSITION_SAMPLING
1047,0,2.0803727507837264,SIZE_FROZEN_FOR_POSITION_SAMPLING
1048,0,1.840167693765392,SIZE_FROZEN_FOR_POSITION_SAMPLING
1049,0,3.5159324209315943,NO_FEASIBLE_INLET_POSITION_FOR_SIZE
1049,1,1.7069682499835053,SIZE_FROZEN_FOR_POSITION_SAMPLING
1050,0,0.9535879986377035,SIZE_FROZEN_FOR_POSITION_SAMPLING
1051,0,1.9206122828196617,SIZE_FROZEN_FOR_POSITION_SAMPLING
1052,0,1.3661347321206516,SIZE_FROZEN_FOR_POSITION_SAMPLING
1053,0,3.8439272704877103,NO_FEASIBLE_INLET_POSITION_FOR_SIZE
1053,1,3.3051324956350934,NO_FEASIBLE_INLET_POSITION_FOR_SIZE
1053,2,2.0174267325630844,SIZE_FROZEN_FOR_POSITION_SAMPLING
1054,0,3.2209640803855986,NO_FEASIBLE_INLET_POSITION_FOR_SIZE
1054,1,1.150808281512431,SIZE_FROZEN_FOR_POSITION_SAMPLING
1055,0,2.3641374482350064,SIZE_FROZEN_FOR_POSITION_SAMPLING
1056,0,2.8435627370104632,SIZE_FROZEN_FOR_POSITION_SAMPLING
1057,0,2.1693390466647036,SIZE_FROZEN_FOR_POSITION_SAMPLING
1058,0,1.2068601526881308,SIZE_FROZEN_FOR_POSITION_SAMPLING
1059,0,1.5770397571032557,SIZE_FROZEN_FOR_POSITION_SAMPLING
1060,0,1.855724206832472,SIZE_FROZEN_FOR_POSITION_SAMPLING
1061,0,1.8322286709131137,SIZE_FROZEN_FOR_POSITION_SAMPLING
1062,0,3.232126583974723,NO_FEASIBLE_INLET_POSITION_FOR_SIZE
1062,1,1.553907967109032,SIZE_FROZEN_FOR_POSITION_SAMPLING
1063,0,1.38989151585501,SIZE_FROZEN_FOR_POSITION_SAMPLING
1064,0,1.9549679009460261,SIZE_FROZEN_FOR_POSITION_SAMPLING
1065,0,2.2039269023935653,SIZE_FROZEN_FOR_POSITION_SAMPLING
1066,0,2.5962823807560587,SIZE_FROZEN_FOR_POSITION_SAMPLING
1067,0,1.4492821197038357,SIZE_FROZEN_FOR_POSITION_SAMPLING
1068,0,2.591027152336947,SIZE_FROZEN_FOR_POSITION_SAMPLING
1069,0,1.6692335314989586,SIZE_FROZEN_FOR_POSITION_SAMPLING
1070,0,1.4440535005773807,SIZE_FROZEN_FOR_POSITION_SAMPLING
1071,0,1.51571500872559,SIZE_FROZEN_FOR_POSITION_SAMPLING
1072,0,2.6324727714154164,SIZE_FROZEN_FOR_POSITION_SAMPLING
1073,0,2.1628595282749163,SIZE_FROZEN_FOR_POSITION_SAMPLING
1074,0,1.9672920961240254,SIZE_FROZEN_FOR_POSITION_SAMPLING
1075,0,1.4161294325922864,SIZE_FROZEN_FOR_POSITION_SAMPLING
1076,0,1.6455026637332368,SIZE_FROZEN_FOR_POSITION_SAMPLING
1077,0,1.3515817636637217,SIZE_FROZEN_FOR_POSITION_SAMPLING
1078,0,3.0439937466086895,SIZE_FROZEN_FOR_POSITION_SAMPLING
1079,0,2.801537593351598,SIZE_FROZEN_FOR_POSITION_SAMPLING
1080,0,1.3743171517701318,SIZE_FROZEN_FOR_POSITION_SAMPLING
1081,0,2.005164594930567,SIZE_FROZEN_FOR_POSITION_SAMPLING
1082,0,2.421233119453882,SIZE_FROZEN_FOR_POSITION_SAMPLING
1083,0,2.6814078265779147,SIZE_FROZEN_FOR_POSITION_SAMPLING
1084,0,1.5549436312793623,SIZE_FROZEN_FOR_POSITION_SAMPLING
1085,0,2.900834263953519,SIZE_FROZEN_FOR_POSITION_SAMPLING
1086,0,2.250296304155592,SIZE_FROZEN_FOR_POSITION_SAMPLING
1087,0,2.5761270109092025,SIZE_FROZEN_FOR_POSITION_SAMPLING
1088,0,2.2117950758895972,SIZE_FROZEN_FOR_POSITION_SAMPLING
1089,0,2.304797284111002,SIZE_FROZEN_FOR_POSITION_SAMPLING
1090,0,2.801380696757261,SIZE_FROZEN_FOR_POSITION_SAMPLING
1091,0,1.4019579819293895,SIZE_FROZEN_FOR_POSITION_SAMPLING
1092,0,3.387043575630845,NO_FEASIBLE_INLET_POSITION_FOR_SIZE
1092,1,1.9455204760420832,SIZE_FROZEN_FOR_POSITION_SAMPLING
1093,0,1.2458503045373623,SIZE_FROZEN_FOR_POSITION_SAMPLING
1094,0,1.6161295309055952,SIZE_FROZEN_FOR_POSITION_SAMPLING
1095,0,1.791570220789481,SIZE_FROZEN_FOR_POSITION_SAMPLING
1096,0,2.838677025864772,SIZE_FROZEN_FOR_POSITION_SAMPLING
1097,0,2.7680068296078093,SIZE_FROZEN_FOR_POSITION_SAMPLING
1098,0,1.8496184618613116,SIZE_FROZEN_FOR_POSITION_SAMPLING
1099,0,2.2992469982188757,SIZE_FROZEN_FOR_POSITION_SAMPLING
1100,0,1.6171294039405621,SIZE_FROZEN_FOR_POSITION_SAMPLING
1101,0,1.6148377276289694,SIZE_FROZEN_FOR_POSITION_SAMPLING
1102,0,1.4037126889801883,SIZE_FROZEN_FOR_POSITION_SAMPLING
1103,0,1.2896214073447814,SIZE_FROZEN_FOR_POSITION_SAMPLING
1104,0,1.3854170236171128,SIZE_FROZEN_FOR_POSITION_SAMPLING
1105,0,2.0022894928652306,SIZE_FROZEN_FOR_POSITION_SAMPLING
1106,0,3.208309137192145,NO_FEASIBLE_INLET_POSITION_FOR_SIZE
1106,1,2.3777528614913637,SIZE_FROZEN_FOR_POSITION_SAMPLING
1107,0,1.7453649878499577,SIZE_FROZEN_FOR_POSITION_SAMPLING
1108,0,1.333658514037544,SIZE_FROZEN_FOR_POSITION_SAMPLING
1109,0,1.6676607861694743,SIZE_FROZEN_FOR_POSITION_SAMPLING
1110,0,1.5685437468506584,SIZE_FROZEN_FOR_POSITION_SAMPLING
1111,0,1.9550458588036543,SIZE_FROZEN_FOR_POSITION_SAMPLING
1112,0,1.7306594073065533,SIZE_FROZEN_FOR_POSITION_SAMPLING
1113,0,1.9268401672296414,SIZE_FROZEN_FOR_POSITION_SAMPLING
1114,0,1.4828218774804562,SIZE_FROZEN_FOR_POSITION_SAMPLING
1115,0,2.785133621185797,SIZE_FROZEN_FOR_POSITION_SAMPLING
1116,0,1.08317377203528,SIZE_FROZEN_FOR_POSITION_SAMPLING
1117,0,1.6137439340783029,SIZE_FROZEN_FOR_POSITION_SAMPLING
1118,0,2.076329582095463,SIZE_FROZEN_FOR_POSITION_SAMPLING
1119,0,1.8237638270838812,SIZE_FROZEN_FOR_POSITION_SAMPLING
1120,0,1.789936040760703,SIZE_FROZEN_FOR_POSITION_SAMPLING
1121,0,2.3773652394838964,SIZE_FROZEN_FOR_POSITION_SAMPLING
1122,0,3.3325096369729343,NO_FEASIBLE_INLET_POSITION_FOR_SIZE
1122,1,1.678033102556474,SIZE_FROZEN_FOR_POSITION_SAMPLING
1123,0,2.4525918369568047,SIZE_FROZEN_FOR_POSITION_SAMPLING
1124,0,1.5165654294507824,SIZE_FROZEN_FOR_POSITION_SAMPLING
1125,0,1.7244359716296216,SIZE_FROZEN_FOR_POSITION_SAMPLING
1126,0,2.175960823999662,SIZE_FROZEN_FOR_POSITION_SAMPLING
1127,0,1.9095765809212382,SIZE_FROZEN_FOR_POSITION_SAMPLING
1128,0,1.3393573437922868,SIZE_FROZEN_FOR_POSITION_SAMPLING
1129,0,2.2212717423276502,SIZE_FROZEN_FOR_POSITION_SAMPLING
1130,0,2.658433274020497,SIZE_FROZEN_FOR_POSITION_SAMPLING
1131,0,1.3933982915064929,SIZE_FROZEN_FOR_POSITION_SAMPLING
1132,0,3.061106168948358,SIZE_FROZEN_FOR_POSITION_SAMPLING
1133,0,1.3908878228668735,SIZE_FROZEN_FOR_POSITION_SAMPLING
1134,0,1.8436286739834984,SIZE_FROZEN_FOR_POSITION_SAMPLING
1135,0,1.1786681539781596,SIZE_FROZEN_FOR_POSITION_SAMPLING
1136,0,2.7627192441723136,SIZE_FROZEN_FOR_POSITION_SAMPLING
1137,0,2.121479966423959,SIZE_FROZEN_FOR_POSITION_SAMPLING
1138,0,2.118863126335117,SIZE_FROZEN_FOR_POSITION_SAMPLING
1139,0,2.794527597579665,SIZE_FROZEN_FOR_POSITION_SAMPLING
1140,0,2.9134863779193965,SIZE_FROZEN_FOR_POSITION_SAMPLING
1141,0,2.3111081906125426,SIZE_FROZEN_FOR_POSITION_SAMPLING
1142,0,1.3934390170620983,SIZE_FROZEN_FOR_POSITION_SAMPLING
1143,0,2.670501236498928,SIZE_FROZEN_FOR_POSITION_SAMPLING
1144,0,2.0581055004432036,SIZE_FROZEN_FOR_POSITION_SAMPLING
1145,0,1.6253353116550517,SIZE_FROZEN_FOR_POSITION_SAMPLING
1146,0,1.93897192682812,SIZE_FROZEN_FOR_POSITION_SAMPLING
1147,0,1.2092346348924372,SIZE_FROZEN_FOR_POSITION_SAMPLING
1148,0,1.9769591669152142,SIZE_FROZEN_FOR_POSITION_SAMPLING
1149,0,2.6478865293927165,SIZE_FROZEN_FOR_POSITION_SAMPLING
1150,0,1.2842530987175835,SIZE_FROZEN_FOR_POSITION_SAMPLING
1151,0,1.4051659924451727,SIZE_FROZEN_FOR_POSITION_SAMPLING
1152,0,1.9575874688334414,SIZE_FROZEN_FOR_POSITION_SAMPLING
1153,0,1.5315424941404179,SIZE_FROZEN_FOR_POSITION_SAMPLING
1154,0,1.0502545007346973,SIZE_FROZEN_FOR_POSITION_SAMPLING
1155,0,1.8248964614262824,SIZE_FROZEN_FOR_POSITION_SAMPLING
1156,0,2.19965243862211,SIZE_FROZEN_FOR_POSITION_SAMPLING
1157,0,2.564493918598249,SIZE_FROZEN_FOR_POSITION_SAMPLING
1158,0,2.965449822173609,SIZE_FROZEN_FOR_POSITION_SAMPLING
1159,0,2.825676798339126,SIZE_FROZEN_FOR_POSITION_SAMPLING
1160,0,1.05767281795892,SIZE_FROZEN_FOR_POSITION_SAMPLING
1161,0,2.2032973313227275,SIZE_FROZEN_FOR_POSITION_SAMPLING
1162,0,1.8237634530879758,SIZE_FROZEN_FOR_POSITION_SAMPLING
1163,0,2.607697803724865,SIZE_FROZEN_FOR_POSITION_SAMPLING
1164,0,1.8550734298219025,SIZE_FROZEN_FOR_POSITION_SAMPLING
1165,0,1.6135821750013104,SIZE_FROZEN_FOR_POSITION_SAMPLING
1166,0,1.2771368635320388,SIZE_FROZEN_FOR_POSITION_SAMPLING
1167,0,1.2840181827993153,SIZE_FROZEN_FOR_POSITION_SAMPLING
1168,0,1.5923005733443096,SIZE_FROZEN_FOR_POSITION_SAMPLING
1169,0,1.6464835748595794,SIZE_FROZEN_FOR_POSITION_SAMPLING
1170,0,1.30826740901205,SIZE_FROZEN_FOR_POSITION_SAMPLING
1171,0,2.032773213199892,SIZE_FROZEN_FOR_POSITION_SAMPLING
1172,0,2.564825876456278,SIZE_FROZEN_FOR_POSITION_SAMPLING
1173,0,2.8050813707342606,SIZE_FROZEN_FOR_POSITION_SAMPLING
1174,0,1.020254356467638,SIZE_FROZEN_FOR_POSITION_SAMPLING
1175,0,1.859700565334623,SIZE_FROZEN_FOR_POSITION_SAMPLING
1176,0,1.5675126199527147,SIZE_FROZEN_FOR_POSITION_SAMPLING
1177,0,2.140462515886006,SIZE_FROZEN_FOR_POSITION_SAMPLING
1178,0,2.433914465338342,SIZE_FROZEN_FOR_POSITION_SAMPLING
1179,0,1.929836702445595,SIZE_FROZEN_FOR_POSITION_SAMPLING
1180,0,1.6521953034713424,SIZE_FROZEN_FOR_POSITION_SAMPLING
1181,0,1.6366059401253397,SIZE_FROZEN_FOR_POSITION_SAMPLING
1182,0,1.9352889550301673,SIZE_FROZEN_FOR_POSITION_SAMPLING
1183,0,1.8586334756441971,SIZE_FROZEN_FOR_POSITION_SAMPLING
1184,0,1.8654674844360606,SIZE_FROZEN_FOR_POSITION_SAMPLING
1185,0,1.021980200556112,SIZE_FROZEN_FOR_POSITION_SAMPLING
1186,0,1.1503283728747058,SIZE_FROZEN_FOR_POSITION_SAMPLING
1187,0,2.4700203143472588,SIZE_FROZEN_FOR_POSITION_SAMPLING
1188,0,2.9020115545375154,SIZE_FROZEN_FOR_POSITION_SAMPLING
1189,0,1.490387792547098,SIZE_FROZEN_FOR_POSITION_SAMPLING
1190,0,1.3299999818497499,SIZE_FROZEN_FOR_POSITION_SAMPLING
1191,0,1.3973090773961006,SIZE_FROZEN_FOR_POSITION_SAMPLING
1192,0,1.9381273143682212,SIZE_FROZEN_FOR_POSITION_SAMPLING
1193,0,2.384085719389878,SIZE_FROZEN_FOR_POSITION_SAMPLING
1194,0,3.324233190324503,NO_FEASIBLE_INLET_POSITION_FOR_SIZE
1194,1,1.7225176941741578,SIZE_FROZEN_FOR_POSITION_SAMPLING
1195,0,3.536935916466769,NO_FEASIBLE_INLET_POSITION_FOR_SIZE
1195,1,1.5750521884115272,SIZE_FROZEN_FOR_POSITION_SAMPLING
1196,0,2.0874946383263646,SIZE_FROZEN_FOR_POSITION_SAMPLING
1197,0,2.3153830661544803,SIZE_FROZEN_FOR_POSITION_SAMPLING
1198,0,1.9392191720520122,SIZE_FROZEN_FOR_POSITION_SAMPLING
1199,0,1.8203788385458,SIZE_FROZEN_FOR_POSITION_SAMPLING
1200,0,2.6156568312050013,SIZE_FROZEN_FOR_POSITION_SAMPLING
1201,0,3.089860155590775,SIZE_FROZEN_FOR_POSITION_SAMPLING
1202,0,1.9056446989397418,SIZE_FROZEN_FOR_POSITION_SAMPLING
1203,0,2.0611507519844436,SIZE_FROZEN_FOR_POSITION_SAMPLING
1204,0,2.0918912102598033,SIZE_FROZEN_FOR_POSITION_SAMPLING
1205,0,1.8805197867956809,SIZE_FROZEN_FOR_POSITION_SAMPLING
1206,0,3.194307518411776,NO_FEASIBLE_INLET_POSITION_FOR_SIZE
1206,1,1.8288506652868253,SIZE_FROZEN_FOR_POSITION_SAMPLING
1207,0,2.345320769221119,SIZE_FROZEN_FOR_POSITION_SAMPLING
1208,0,1.3776535005828416,SIZE_FROZEN_FOR_POSITION_SAMPLING
1209,0,1.3127642816507596,SIZE_FROZEN_FOR_POSITION_SAMPLING
1210,0,1.7939750806178711,SIZE_FROZEN_FOR_POSITION_SAMPLING
1211,0,2.2525452537691386,SIZE_FROZEN_FOR_POSITION_SAMPLING
1212,0,1.7375382841870828,SIZE_FROZEN_FOR_POSITION_SAMPLING
1213,0,1.1400930059451593,SIZE_FROZEN_FOR_POSITION_SAMPLING
1214,0,1.1018345469829993,SIZE_FROZEN_FOR_POSITION_SAMPLING
1215,0,3.043512258899047,SIZE_FROZEN_FOR_POSITION_SAMPLING
1216,0,1.1518983407365857,SIZE_FROZEN_FOR_POSITION_SAMPLING
1217,0,1.365472952391763,SIZE_FROZEN_FOR_POSITION_SAMPLING
1218,0,1.4654623972697758,SIZE_FROZEN_FOR_POSITION_SAMPLING
1219,0,3.6434808238384058,NO_FEASIBLE_INLET_POSITION_FOR_SIZE
1219,1,1.3508233763372457,SIZE_FROZEN_FOR_POSITION_SAMPLING
1220,0,2.4201594463415477,SIZE_FROZEN_FOR_POSITION_SAMPLING
1221,0,2.295157106089786,SIZE_FROZEN_FOR_POSITION_SAMPLING
1222,0,1.538873704921829,SIZE_FROZEN_FOR_POSITION_SAMPLING
1223,0,1.4798349569077827,SIZE_FROZEN_FOR_POSITION_SAMPLING
1224,0,2.519108477111605,SIZE_FROZEN_FOR_POSITION_SAMPLING
1225,0,1.9943984091021552,SIZE_FROZEN_FOR_POSITION_SAMPLING
1226,0,2.530039925400481,SIZE_FROZEN_FOR_POSITION_SAMPLING
1227,0,2.548000822965802,SIZE_FROZEN_FOR_POSITION_SAMPLING
1228,0,2.511826382714126,SIZE_FROZEN_FOR_POSITION_SAMPLING
1229,0,2.8751901902660566,SIZE_FROZEN_FOR_POSITION_SAMPLING
1230,0,1.3382737326527763,SIZE_FROZEN_FOR_POSITION_SAMPLING
1231,0,2.772994561460827,SIZE_FROZEN_FOR_POSITION_SAMPLING
1232,0,1.691590528525395,SIZE_FROZEN_FOR_POSITION_SAMPLING
1233,0,1.3265962224505694,SIZE_FROZEN_FOR_POSITION_SAMPLING
1234,0,1.1527599149542989,SIZE_FROZEN_FOR_POSITION_SAMPLING
1235,0,1.2083246886269277,SIZE_FROZEN_FOR_POSITION_SAMPLING
1236,0,1.3127372410946085,SIZE_FROZEN_FOR_POSITION_SAMPLING
1237,0,1.9298144977924652,SIZE_FROZEN_FOR_POSITION_SAMPLING
1238,0,1.1650965586908084,SIZE_FROZEN_FOR_POSITION_SAMPLING
1239,0,2.8089657245721438,SIZE_FROZEN_FOR_POSITION_SAMPLING
1240,0,2.1954382548051927,SIZE_FROZEN_FOR_POSITION_SAMPLING
1241,0,1.993291726144605,SIZE_FROZEN_FOR_POSITION_SAMPLING
1242,0,1.7724405106628305,SIZE_FROZEN_FOR_POSITION_SAMPLING
1243,0,1.4659780330472454,SIZE_FROZEN_FOR_POSITION_SAMPLING
1244,0,2.278189189476544,SIZE_FROZEN_FOR_POSITION_SAMPLING
1245,0,1.7864905652501595,SIZE_FROZEN_FOR_POSITION_SAMPLING
1246,0,2.081628906170414,SIZE_FROZEN_FOR_POSITION_SAMPLING
1247,0,1.0770291211792027,SIZE_FROZEN_FOR_POSITION_SAMPLING
1248,0,2.7404412281428727,SIZE_FROZEN_FOR_POSITION_SAMPLING
1249,0,1.6294956758154868,SIZE_FROZEN_FOR_POSITION_SAMPLING
1250,0,2.778786628067035,SIZE_FROZEN_FOR_POSITION_SAMPLING
1251,0,2.1927120461004685,SIZE_FROZEN_FOR_POSITION_SAMPLING
1252,0,1.5025126455405824,SIZE_FROZEN_FOR_POSITION_SAMPLING
1253,0,1.4408953096429944,SIZE_FROZEN_FOR_POSITION_SAMPLING
1254,0,2.3477034174876423,SIZE_FROZEN_FOR_POSITION_SAMPLING
1255,0,2.050264192601011,SIZE_FROZEN_FOR_POSITION_SAMPLING
1256,0,2.452806759777071,SIZE_FROZEN_FOR_POSITION_SAMPLING
1257,0,2.5134494866139776,SIZE_FROZEN_FOR_POSITION_SAMPLING
1258,0,1.8825738479880567,SIZE_FROZEN_FOR_POSITION_SAMPLING
1259,0,2.9791992173686936,SIZE_FROZEN_FOR_POSITION_SAMPLING
1260,0,3.1780702012740076,NO_FEASIBLE_INLET_POSITION_FOR_SIZE
1260,1,2.746347091021186,SIZE_FROZEN_FOR_POSITION_SAMPLING
1261,0,1.874303728667358,SIZE_FROZEN_FOR_POSITION_SAMPLING
1262,0,1.3549673574438899,SIZE_FROZEN_FOR_POSITION_SAMPLING
1263,0,2.167177614315381,SIZE_FROZEN_FOR_POSITION_SAMPLING
1264,0,1.7136603527638816,SIZE_FROZEN_FOR_POSITION_SAMPLING
1265,0,1.7606034116454592,SIZE_FROZEN_FOR_POSITION_SAMPLING
1266,0,3.0039139558716204,SIZE_FROZEN_FOR_POSITION_SAMPLING
1267,0,2.960999822360075,SIZE_FROZEN_FOR_POSITION_SAMPLING
1268,0,1.8882688769325287,SIZE_FROZEN_FOR_POSITION_SAMPLING
1269,0,2.30429020610713,SIZE_FROZEN_FOR_POSITION_SAMPLING
1270,0,1.8227734059180452,SIZE_FROZEN_FOR_POSITION_SAMPLING
1271,0,2.0053249316933477,SIZE_FROZEN_FOR_POSITION_SAMPLING
1272,0,2.305194957897669,SIZE_FROZEN_FOR_POSITION_SAMPLING
1273,0,1.787298399996814,SIZE_FROZEN_FOR_POSITION_SAMPLING
1274,0,1.6105926711141367,SIZE_FROZEN_FOR_POSITION_SAMPLING
1275,0,2.8639314694997773,SIZE_FROZEN_FOR_POSITION_SAMPLING
1276,0,1.4796384269130491,SIZE_FROZEN_FOR_POSITION_SAMPLING
1277,0,1.4442581550666667,SIZE_FROZEN_FOR_POSITION_SAMPLING
1278,0,1.8578857196261973,SIZE_FROZEN_FOR_POSITION_SAMPLING
1279,0,1.9149199302751632,SIZE_FROZEN_FOR_POSITION_SAMPLING
1280,0,1.7938371082650075,SIZE_FROZEN_FOR_POSITION_SAMPLING
1281,0,1.2207082692515392,SIZE_FROZEN_FOR_POSITION_SAMPLING
1282,0,2.046946088709762,SIZE_FROZEN_FOR_POSITION_SAMPLING
1283,0,2.0346222794128455,SIZE_FROZEN_FOR_POSITION_SAMPLING
1284,0,1.2626362850428015,SIZE_FROZEN_FOR_POSITION_SAMPLING
1285,0,1.9374387349236946,SIZE_FROZEN_FOR_POSITION_SAMPLING
1286,0,2.1617663859389578,SIZE_FROZEN_FOR_POSITION_SAMPLING
1287,0,1.8341713536504376,SIZE_FROZEN_FOR_POSITION_SAMPLING
1288,0,1.7881920664206332,SIZE_FROZEN_FOR_POSITION_SAMPLING
1289,0,1.6231218708056565,SIZE_FROZEN_FOR_POSITION_SAMPLING
1290,0,2.2224738314178945,SIZE_FROZEN_FOR_POSITION_SAMPLING
1291,0,2.0030859283866413,SIZE_FROZEN_FOR_POSITION_SAMPLING
1292,0,1.449820178247366,SIZE_FROZEN_FOR_POSITION_SAMPLING
1293,0,1.2803473425015797,SIZE_FROZEN_FOR_POSITION_SAMPLING
1294,0,2.725785358697218,SIZE_FROZEN_FOR_POSITION_SAMPLING
1295,0,1.8818060625840434,SIZE_FROZEN_FOR_POSITION_SAMPLING
1296,0,2.1504549458493787,SIZE_FROZEN_FOR_POSITION_SAMPLING
1297,0,1.9721077717380529,SIZE_FROZEN_FOR_POSITION_SAMPLING
1298,0,1.482851623523438,SIZE_FROZEN_FOR_POSITION_SAMPLING
1299,0,2.018414790640651,SIZE_FROZEN_FOR_POSITION_SAMPLING
1300,0,1.6737428007629447,SIZE_FROZEN_FOR_POSITION_SAMPLING
1301,0,1.969129282020352,SIZE_FROZEN_FOR_POSITION_SAMPLING
1302,0,1.2404677559696344,SIZE_FROZEN_FOR_POSITION_SAMPLING
1303,0,1.291183937863399,SIZE_FROZEN_FOR_POSITION_SAMPLING
1304,0,1.5862648326391724,SIZE_FROZEN_FOR_POSITION_SAMPLING
1305,0,2.4011029415318257,SIZE_FROZEN_FOR_POSITION_SAMPLING
1306,0,2.191988302218798,SIZE_FROZEN_FOR_POSITION_SAMPLING
1307,0,3.847231488859155,NO_FEASIBLE_INLET_POSITION_FOR_SIZE
1307,1,2.2001520089072866,SIZE_FROZEN_FOR_POSITION_SAMPLING
1308,0,2.379967235476468,SIZE_FROZEN_FOR_POSITION_SAMPLING
1309,0,1.7586688078307364,SIZE_FROZEN_FOR_POSITION_SAMPLING
1310,0,0.9736238650631677,SIZE_FROZEN_FOR_POSITION_SAMPLING
1311,0,1.4226399466374808,SIZE_FROZEN_FOR_POSITION_SAMPLING
1312,0,1.5029617078530986,SIZE_FROZEN_FOR_POSITION_SAMPLING
1313,0,1.5149207408415,SIZE_FROZEN_FOR_POSITION_SAMPLING
1314,0,3.118748823889824,SIZE_FROZEN_FOR_POSITION_SAMPLING
1315,0,2.263184298082263,SIZE_FROZEN_FOR_POSITION_SAMPLING
1316,0,2.4483030126390664,SIZE_FROZEN_FOR_POSITION_SAMPLING
1317,0,1.324393581520804,SIZE_FROZEN_FOR_POSITION_SAMPLING
1318,0,1.8274497795944582,SIZE_FROZEN_FOR_POSITION_SAMPLING
1319,0,1.7321112901631643,SIZE_FROZEN_FOR_POSITION_SAMPLING
1320,0,1.9585941131666782,SIZE_FROZEN_FOR_POSITION_SAMPLING
1321,0,1.9002593680447804,SIZE_FROZEN_FOR_POSITION_SAMPLING
1322,0,2.0143382521688418,SIZE_FROZEN_FOR_POSITION_SAMPLING
1323,0,1.7050179073261462,SIZE_FROZEN_FOR_POSITION_SAMPLING
1324,0,2.7427381684572163,SIZE_FROZEN_FOR_POSITION_SAMPLING
1325,0,2.161195599275362,SIZE_FROZEN_FOR_POSITION_SAMPLING
1326,0,1.4169891230102358,SIZE_FROZEN_FOR_POSITION_SAMPLING
1327,0,1.3848155406735903,SIZE_FROZEN_FOR_POSITION_SAMPLING
1328,0,2.3516282543794027,SIZE_FROZEN_FOR_POSITION_SAMPLING
1329,0,2.1269181445479073,SIZE_FROZEN_FOR_POSITION_SAMPLING
1330,0,1.736448248790947,SIZE_FROZEN_FOR_POSITION_SAMPLING
1331,0,3.4997350747407343,NO_FEASIBLE_INLET_POSITION_FOR_SIZE
1331,1,2.206587181565606,SIZE_FROZEN_FOR_POSITION_SAMPLING
1332,0,1.7446593047786099,SIZE_FROZEN_FOR_POSITION_SAMPLING
1333,0,2.7963285648496687,SIZE_FROZEN_FOR_POSITION_SAMPLING
1334,0,2.0855395670070087,SIZE_FROZEN_FOR_POSITION_SAMPLING
1335,0,1.6417636585561524,SIZE_FROZEN_FOR_POSITION_SAMPLING
1336,0,2.331120800337097,SIZE_FROZEN_FOR_POSITION_SAMPLING
1337,0,1.4474014354872264,SIZE_FROZEN_FOR_POSITION_SAMPLING
1338,0,2.424041925781804,SIZE_FROZEN_FOR_POSITION_SAMPLING
1339,0,1.3661847549302577,SIZE_FROZEN_FOR_POSITION_SAMPLING
1340,0,1.3727674150981397,SIZE_FROZEN_FOR_POSITION_SAMPLING
1341,0,1.5503718703966034,SIZE_FROZEN_FOR_POSITION_SAMPLING
1342,0,2.794058176509082,SIZE_FROZEN_FOR_POSITION_SAMPLING
1343,0,2.4136733097943863,SIZE_FROZEN_FOR_POSITION_SAMPLING
1344,0,2.163490366854754,SIZE_FROZEN_FOR_POSITION_SAMPLING
1345,0,1.7170527997507048,SIZE_FROZEN_FOR_POSITION_SAMPLING
1346,0,1.8939494652171638,SIZE_FROZEN_FOR_POSITION_SAMPLING
1347,0,2.4320567526629384,SIZE_FROZEN_FOR_POSITION_SAMPLING
1348,0,2.7733814998951636,SIZE_FROZEN_FOR_POSITION_SAMPLING
1349,0,1.9084634783898002,SIZE_FROZEN_FOR_POSITION_SAMPLING
1350,0,1.2241561644650798,SIZE_FROZEN_FOR_POSITION_SAMPLING
1351,0,2.035898867775302,SIZE_FROZEN_FOR_POSITION_SAMPLING
1352,0,1.722366538649106,SIZE_FROZEN_FOR_POSITION_SAMPLING
1353,0,1.8528969579914083,SIZE_FROZEN_FOR_POSITION_SAMPLING
1354,0,1.704576606679567,SIZE_FROZEN_FOR_POSITION_SAMPLING
1355,0,1.810718425361629,SIZE_FROZEN_FOR_POSITION_SAMPLING
1356,0,1.019041580686857,SIZE_FROZEN_FOR_POSITION_SAMPLING
1357,0,1.7977639836229515,SIZE_FROZEN_FOR_POSITION_SAMPLING
1358,0,2.35343268799833,SIZE_FROZEN_FOR_POSITION_SAMPLING
1359,0,1.452711786020589,SIZE_FROZEN_FOR_POSITION_SAMPLING
1360,0,3.5389361977209917,NO_FEASIBLE_INLET_POSITION_FOR_SIZE
1360,1,3.044007080551462,SIZE_FROZEN_FOR_POSITION_SAMPLING
1361,0,1.112446341936686,SIZE_FROZEN_FOR_POSITION_SAMPLING
1362,0,1.5096204357031044,SIZE_FROZEN_FOR_POSITION_SAMPLING
1363,0,1.2822340375824048,SIZE_FROZEN_FOR_POSITION_SAMPLING
1364,0,1.6047022213846085,SIZE_FROZEN_FOR_POSITION_SAMPLING
1365,0,1.1987282592841737,SIZE_FROZEN_FOR_POSITION_SAMPLING
1366,0,1.6307382324738946,SIZE_FROZEN_FOR_POSITION_SAMPLING
1367,0,1.6899883195118668,SIZE_FROZEN_FOR_POSITION_SAMPLING
1368,0,2.550069678799476,SIZE_FROZEN_FOR_POSITION_SAMPLING
1369,0,2.911671017213195,SIZE_FROZEN_FOR_POSITION_SAMPLING
1370,0,1.4026435668235766,SIZE_FROZEN_FOR_POSITION_SAMPLING
1371,0,1.670718573664668,SIZE_FROZEN_FOR_POSITION_SAMPLING
1372,0,3.236469727217313,NO_FEASIBLE_INLET_POSITION_FOR_SIZE
1372,1,1.9845807106577598,SIZE_FROZEN_FOR_POSITION_SAMPLING
1373,0,1.8705775434372147,SIZE_FROZEN_FOR_POSITION_SAMPLING
1374,0,1.8329861471486737,SIZE_FROZEN_FOR_POSITION_SAMPLING
1375,0,1.5708199303826254,SIZE_FROZEN_FOR_POSITION_SAMPLING
1376,0,2.823687188702432,SIZE_FROZEN_FOR_POSITION_SAMPLING
1377,0,1.599066618458043,SIZE_FROZEN_FOR_POSITION_SAMPLING
1378,0,1.814204761266617,SIZE_FROZEN_FOR_POSITION_SAMPLING
1379,0,2.0089565875885884,SIZE_FROZEN_FOR_POSITION_SAMPLING
1380,0,2.0759243927674693,SIZE_FROZEN_FOR_POSITION_SAMPLING
1381,0,3.2006686535104327,NO_FEASIBLE_INLET_POSITION_FOR_SIZE
1381,1,1.7779038957519762,SIZE_FROZEN_FOR_POSITION_SAMPLING
1382,0,2.8472949932250278,SIZE_FROZEN_FOR_POSITION_SAMPLING
1383,0,1.9447187076266612,SIZE_FROZEN_FOR_POSITION_SAMPLING
1384,0,1.2395449116170618,SIZE_FROZEN_FOR_POSITION_SAMPLING
1385,0,1.653402625313498,SIZE_FROZEN_FOR_POSITION_SAMPLING
1386,0,1.215812408666504,SIZE_FROZEN_FOR_POSITION_SAMPLING
1387,0,1.8636757819637002,SIZE_FROZEN_FOR_POSITION_SAMPLING
1388,0,1.9083416258274208,SIZE_FROZEN_FOR_POSITION_SAMPLING
1389,0,2.0106856354751264,SIZE_FROZEN_FOR_POSITION_SAMPLING
1390,0,2.2310070718374777,SIZE_FROZEN_FOR_POSITION_SAMPLING
1391,0,1.4740120696437184,SIZE_FROZEN_FOR_POSITION_SAMPLING
1392,0,1.981583131685699,SIZE_FROZEN_FOR_POSITION_SAMPLING
1393,0,1.998523811950809,SIZE_FROZEN_FOR_POSITION_SAMPLING
1394,0,2.2126588621740466,SIZE_FROZEN_FOR_POSITION_SAMPLING
1395,0,1.3307476270277032,SIZE_FROZEN_FOR_POSITION_SAMPLING
1396,0,1.6319801367790112,SIZE_FROZEN_FOR_POSITION_SAMPLING
1397,0,1.607033542867272,SIZE_FROZEN_FOR_POSITION_SAMPLING
1398,0,1.2791026924539342,SIZE_FROZEN_FOR_POSITION_SAMPLING
1399,0,1.7651574769123217,SIZE_FROZEN_FOR_POSITION_SAMPLING
1400,0,1.9506781414874408,SIZE_FROZEN_FOR_POSITION_SAMPLING
1401,0,1.0495811611862278,SIZE_FROZEN_FOR_POSITION_SAMPLING
1402,0,1.5012041575377548,SIZE_FROZEN_FOR_POSITION_SAMPLING
1403,0,1.4887678237645698,SIZE_FROZEN_FOR_POSITION_SAMPLING
1404,0,1.363977504020653,SIZE_FROZEN_FOR_POSITION_SAMPLING
1405,0,2.8836175991057247,SIZE_FROZEN_FOR_POSITION_SAMPLING
1406,0,2.096862591565447,SIZE_FROZEN_FOR_POSITION_SAMPLING
1407,0,1.411990262202271,SIZE_FROZEN_FOR_POSITION_SAMPLING
1408,0,2.474485213308605,SIZE_FROZEN_FOR_POSITION_SAMPLING
1409,0,3.0084163760052918,SIZE_FROZEN_FOR_POSITION_SAMPLING
1410,0,1.4253109670744675,SIZE_FROZEN_FOR_POSITION_SAMPLING
1411,0,0.9545229541959108,SIZE_FROZEN_FOR_POSITION_SAMPLING
1412,0,2.072892037390555,SIZE_FROZEN_FOR_POSITION_SAMPLING
1413,0,1.1052884900740088,SIZE_FROZEN_FOR_POSITION_SAMPLING
1414,0,3.2145918700461116,NO_FEASIBLE_INLET_POSITION_FOR_SIZE
1414,1,2.0502825874517105,SIZE_FROZEN_FOR_POSITION_SAMPLING
1415,0,3.016730506095876,SIZE_FROZEN_FOR_POSITION_SAMPLING
1416,0,1.132012452678971,SIZE_FROZEN_FOR_POSITION_SAMPLING
1417,0,2.9149506071665305,SIZE_FROZEN_FOR_POSITION_SAMPLING
1418,0,2.440525463483546,SIZE_FROZEN_FOR_POSITION_SAMPLING
1419,0,2.0478766066307936,SIZE_FROZEN_FOR_POSITION_SAMPLING
1420,0,1.5777374824716364,SIZE_FROZEN_FOR_POSITION_SAMPLING
1421,0,3.108053707790696,SIZE_FROZEN_FOR_POSITION_SAMPLING
1422,0,2.123521365272073,SIZE_FROZEN_FOR_POSITION_SAMPLING
1423,0,1.8609253477315453,SIZE_FROZEN_FOR_POSITION_SAMPLING
1424,0,2.9878876962127254,SIZE_FROZEN_FOR_POSITION_SAMPLING
1425,0,2.3747611596997067,SIZE_FROZEN_FOR_POSITION_SAMPLING
1426,0,1.38387170605274,SIZE_FROZEN_FOR_POSITION_SAMPLING
1427,0,2.92074087869196,SIZE_FROZEN_FOR_POSITION_SAMPLING
1428,0,3.025091094581104,SIZE_FROZEN_FOR_POSITION_SAMPLING
1429,0,2.210337518129342,SIZE_FROZEN_FOR_POSITION_SAMPLING
1430,0,2.041331158365773,SIZE_FROZEN_FOR_POSITION_SAMPLING
1431,0,2.7868180845937114,SIZE_FROZEN_FOR_POSITION_SAMPLING
1432,0,1.2867814647414313,SIZE_FROZEN_FOR_POSITION_SAMPLING
1433,0,1.907634798038748,SIZE_FROZEN_FOR_POSITION_SAMPLING
1434,0,2.3562557240976356,SIZE_FROZEN_FOR_POSITION_SAMPLING
1435,0,1.2691345614550724,SIZE_FROZEN_FOR_POSITION_SAMPLING
1436,0,1.4602828958770178,SIZE_FROZEN_FOR_POSITION_SAMPLING
1437,0,2.8575525268293642,SIZE_FROZEN_FOR_POSITION_SAMPLING
1438,0,1.9202108691982556,SIZE_FROZEN_FOR_POSITION_SAMPLING
1439,0,1.7203699259601042,SIZE_FROZEN_FOR_POSITION_SAMPLING
1440,0,2.8549081662668288,SIZE_FROZEN_FOR_POSITION_SAMPLING
1441,0,3.444694383238855,NO_FEASIBLE_INLET_POSITION_FOR_SIZE
1441,1,1.371075975564768,SIZE_FROZEN_FOR_POSITION_SAMPLING
1442,0,1.6041454974509108,SIZE_FROZEN_FOR_POSITION_SAMPLING
1443,0,2.1092438667748117,SIZE_FROZEN_FOR_POSITION_SAMPLING
1444,0,1.8816907127836882,SIZE_FROZEN_FOR_POSITION_SAMPLING
1445,0,1.3747614601880493,SIZE_FROZEN_FOR_POSITION_SAMPLING
1446,0,1.2163228583244579,SIZE_FROZEN_FOR_POSITION_SAMPLING
1447,0,1.765898135957006,SIZE_FROZEN_FOR_POSITION_SAMPLING
1448,0,2.3661311607258697,SIZE_FROZEN_FOR_POSITION_SAMPLING
1449,0,1.6688601605885143,SIZE_FROZEN_FOR_POSITION_SAMPLING
1450,0,1.9154180276915307,SIZE_FROZEN_FOR_POSITION_SAMPLING
1451,0,1.489075013724623,SIZE_FROZEN_FOR_POSITION_SAMPLING
1452,0,1.9645100423002497,SIZE_FROZEN_FOR_POSITION_SAMPLING
1453,0,3.5169798658280222,NO_FEASIBLE_INLET_POSITION_FOR_SIZE
1453,1,1.2080083806985802,SIZE_FROZEN_FOR_POSITION_SAMPLING
1454,0,2.0758532294385326,SIZE_FROZEN_FOR_POSITION_SAMPLING
1455,0,1.2572003213285663,SIZE_FROZEN_FOR_POSITION_SAMPLING
1456,0,2.0158130937201797,SIZE_FROZEN_FOR_POSITION_SAMPLING
1457,0,1.4202140181158083,SIZE_FROZEN_FOR_POSITION_SAMPLING
1458,0,1.944581521334478,SIZE_FROZEN_FOR_POSITION_SAMPLING
1459,0,3.545678302376416,NO_FEASIBLE_INLET_POSITION_FOR_SIZE
1459,1,1.9594643444715092,SIZE_FROZEN_FOR_POSITION_SAMPLING
1460,0,1.9084427367985364,SIZE_FROZEN_FOR_POSITION_SAMPLING
1461,0,1.9324702198272792,SIZE_FROZEN_FOR_POSITION_SAMPLING
1462,0,1.7498289546485173,SIZE_FROZEN_FOR_POSITION_SAMPLING
1463,0,1.3018527924197476,SIZE_FROZEN_FOR_POSITION_SAMPLING
1464,0,2.955802041973079,SIZE_FROZEN_FOR_POSITION_SAMPLING
1465,0,2.135346412099829,SIZE_FROZEN_FOR_POSITION_SAMPLING
1466,0,1.5912294089601215,SIZE_FROZEN_FOR_POSITION_SAMPLING
1467,0,2.4709214842317984,SIZE_FROZEN_FOR_POSITION_SAMPLING
1468,0,1.4754659434055155,SIZE_FROZEN_FOR_POSITION_SAMPLING
1469,0,2.2531312403416703,SIZE_FROZEN_FOR_POSITION_SAMPLING
1470,0,2.1205870022186355,SIZE_FROZEN_FOR_POSITION_SAMPLING
1471,0,3.486249895192404,NO_FEASIBLE_INLET_POSITION_FOR_SIZE
1471,1,1.9209134827991727,SIZE_FROZEN_FOR_POSITION_SAMPLING
1472,0,1.960683771246184,SIZE_FROZEN_FOR_POSITION_SAMPLING
1473,0,1.668953027015968,SIZE_FROZEN_FOR_POSITION_SAMPLING
1474,0,1.875223455968628,SIZE_FROZEN_FOR_POSITION_SAMPLING
1475,0,1.6453814909819346,SIZE_FROZEN_FOR_POSITION_SAMPLING
1476,0,2.3482306731108293,SIZE_FROZEN_FOR_POSITION_SAMPLING
1477,0,1.6191754633061402,SIZE_FROZEN_FOR_POSITION_SAMPLING
1478,0,2.881104814636224,SIZE_FROZEN_FOR_POSITION_SAMPLING
1479,0,3.0551701900245427,SIZE_FROZEN_FOR_POSITION_SAMPLING
1480,0,1.8315910622896172,SIZE_FROZEN_FOR_POSITION_SAMPLING
1481,0,1.3045564657920425,SIZE_FROZEN_FOR_POSITION_SAMPLING
1482,0,1.6626103629527125,SIZE_FROZEN_FOR_POSITION_SAMPLING
1483,0,1.62920819484839,SIZE_FROZEN_FOR_POSITION_SAMPLING
1484,0,2.1020860196970492,SIZE_FROZEN_FOR_POSITION_SAMPLING
1485,0,0.9994620262409599,SIZE_FROZEN_FOR_POSITION_SAMPLING
1486,0,3.1615149354802914,NO_FEASIBLE_INLET_POSITION_FOR_SIZE
1486,1,1.935870446603102,SIZE_FROZEN_FOR_POSITION_SAMPLING
1487,0,1.9924333268794774,SIZE_FROZEN_FOR_POSITION_SAMPLING
1488,0,2.8939500384901864,SIZE_FROZEN_FOR_POSITION_SAMPLING
1489,0,1.5848066899682907,SIZE_FROZEN_FOR_POSITION_SAMPLING
1490,0,2.003643363563334,SIZE_FROZEN_FOR_POSITION_SAMPLING
1491,0,2.625902223196192,SIZE_FROZEN_FOR_POSITION_SAMPLING
1492,0,1.1578101347889265,SIZE_FROZEN_FOR_POSITION_SAMPLING
1493,0,1.6833952726596693,SIZE_FROZEN_FOR_POSITION_SAMPLING
1494,0,1.5970982249398575,SIZE_FROZEN_FOR_POSITION_SAMPLING
1495,0,1.9535364898707965,SIZE_FROZEN_FOR_POSITION_SAMPLING
1496,0,1.9167544359340862,SIZE_FROZEN_FOR_POSITION_SAMPLING
1497,0,1.2678146052917552,SIZE_FROZEN_FOR_POSITION_SAMPLING
1498,0,3.557247598357965,NO_FEASIBLE_INLET_POSITION_FOR_SIZE
1498,1,1.6860101619207433,SIZE_FROZEN_FOR_POSITION_SAMPLING
1499,0,1.7449082043655846,SIZE_FROZEN_FOR_POSITION_SAMPLING
1500,0,1.9472393085234367,SIZE_FROZEN_FOR_POSITION_SAMPLING
1501,0,1.8140880960493215,SIZE_FROZEN_FOR_POSITION_SAMPLING
1502,0,2.7137863147482832,SIZE_FROZEN_FOR_POSITION_SAMPLING
1503,0,1.5460698048338521,SIZE_FROZEN_FOR_POSITION_SAMPLING
1504,0,1.5845299492173988,SIZE_FROZEN_FOR_POSITION_SAMPLING
1505,0,2.7808930499760454,SIZE_FROZEN_FOR_POSITION_SAMPLING
1506,0,1.4749316457590274,SIZE_FROZEN_FOR_POSITION_SAMPLING
1507,0,1.9320342975030385,SIZE_FROZEN_FOR_POSITION_SAMPLING
1508,0,2.8094577683241138,SIZE_FROZEN_FOR_POSITION_SAMPLING
1509,0,2.4094259986991515,SIZE_FROZEN_FOR_POSITION_SAMPLING
1510,0,1.2054922581569105,SIZE_FROZEN_FOR_POSITION_SAMPLING
1511,0,3.3384731847120017,NO_FEASIBLE_INLET_POSITION_FOR_SIZE
1511,1,1.61418490298685,SIZE_FROZEN_FOR_POSITION_SAMPLING
1512,0,1.372071333382097,SIZE_FROZEN_FOR_POSITION_SAMPLING
1513,0,1.2169547222941581,SIZE_FROZEN_FOR_POSITION_SAMPLING
1514,0,2.582182905869122,SIZE_FROZEN_FOR_POSITION_SAMPLING
1515,0,2.6135535475710694,SIZE_FROZEN_FOR_POSITION_SAMPLING
1516,0,1.6096391675949542,SIZE_FROZEN_FOR_POSITION_SAMPLING
1517,0,3.507563485231709,NO_FEASIBLE_INLET_POSITION_FOR_SIZE
1517,1,3.639867851037115,NO_FEASIBLE_INLET_POSITION_FOR_SIZE
1517,2,1.9145944276039955,SIZE_FROZEN_FOR_POSITION_SAMPLING
1518,0,2.2221466052964365,SIZE_FROZEN_FOR_POSITION_SAMPLING
1519,0,2.6108767388585026,SIZE_FROZEN_FOR_POSITION_SAMPLING
1520,0,2.1163905892904378,SIZE_FROZEN_FOR_POSITION_SAMPLING
1521,0,1.5434655335290344,SIZE_FROZEN_FOR_POSITION_SAMPLING
1522,0,1.912129189134532,SIZE_FROZEN_FOR_POSITION_SAMPLING
1523,0,1.2232385995835398,SIZE_FROZEN_FOR_POSITION_SAMPLING
1524,0,2.9320118100894264,SIZE_FROZEN_FOR_POSITION_SAMPLING
1525,0,1.5832346302493665,SIZE_FROZEN_FOR_POSITION_SAMPLING
1526,0,2.0218749199788664,SIZE_FROZEN_FOR_POSITION_SAMPLING
1527,0,2.900143243882335,SIZE_FROZEN_FOR_POSITION_SAMPLING
1528,0,1.5721095471847655,SIZE_FROZEN_FOR_POSITION_SAMPLING
1529,0,1.8688241177088991,SIZE_FROZEN_FOR_POSITION_SAMPLING
1530,0,3.3763775498235704,NO_FEASIBLE_INLET_POSITION_FOR_SIZE
1530,1,1.5836995592331526,SIZE_FROZEN_FOR_POSITION_SAMPLING
1531,0,1.3235936385420566,SIZE_FROZEN_FOR_POSITION_SAMPLING
1532,0,1.8539482991931828,SIZE_FROZEN_FOR_POSITION_SAMPLING
1533,0,1.6776914080644327,SIZE_FROZEN_FOR_POSITION_SAMPLING
1534,0,1.788229846257948,SIZE_FROZEN_FOR_POSITION_SAMPLING
1535,0,1.705506106304958,SIZE_FROZEN_FOR_POSITION_SAMPLING
1536,0,2.012688496658636,SIZE_FROZEN_FOR_POSITION_SAMPLING
1537,0,3.0878989104507157,SIZE_FROZEN_FOR_POSITION_SAMPLING
1538,0,2.9525984084896004,SIZE_FROZEN_FOR_POSITION_SAMPLING
1539,0,2.4903359543726484,SIZE_FROZEN_FOR_POSITION_SAMPLING
1540,0,2.7617098790882673,SIZE_FROZEN_FOR_POSITION_SAMPLING
1541,0,1.5311746878087653,SIZE_FROZEN_FOR_POSITION_SAMPLING
1542,0,1.2308906603456211,SIZE_FROZEN_FOR_POSITION_SAMPLING
1543,0,2.5801777157703443,SIZE_FROZEN_FOR_POSITION_SAMPLING
1544,0,1.1685441886943093,SIZE_FROZEN_FOR_POSITION_SAMPLING
1545,0,2.1361888131874625,SIZE_FROZEN_FOR_POSITION_SAMPLING
1546,0,2.238813740810473,SIZE_FROZEN_FOR_POSITION_SAMPLING
1547,0,1.786678998107177,SIZE_FROZEN_FOR_POSITION_SAMPLING
1548,0,1.6665756141089472,SIZE_FROZEN_FOR_POSITION_SAMPLING
1549,0,2.0249812411915604,SIZE_FROZEN_FOR_POSITION_SAMPLING
1550,0,2.5509883717217585,SIZE_FROZEN_FOR_POSITION_SAMPLING
1551,0,2.070607349277524,SIZE_FROZEN_FOR_POSITION_SAMPLING
1552,0,1.8827669991006595,SIZE_FROZEN_FOR_POSITION_SAMPLING
1553,0,2.12351702501609,SIZE_FROZEN_FOR_POSITION_SAMPLING
1554,0,2.694689403856995,SIZE_FROZEN_FOR_POSITION_SAMPLING
1555,0,1.1673172968537147,SIZE_FROZEN_FOR_POSITION_SAMPLING
1556,0,1.1308469179688585,SIZE_FROZEN_FOR_POSITION_SAMPLING
1557,0,1.9759302616888919,SIZE_FROZEN_FOR_POSITION_SAMPLING
1558,0,2.183916398370138,SIZE_FROZEN_FOR_POSITION_SAMPLING
1559,0,1.6299488908190085,SIZE_FROZEN_FOR_POSITION_SAMPLING
1560,0,1.06554573275183,SIZE_FROZEN_FOR_POSITION_SAMPLING
1561,0,1.7370600743613347,SIZE_FROZEN_FOR_POSITION_SAMPLING
1562,0,2.6082497678426484,SIZE_FROZEN_FOR_POSITION_SAMPLING
1563,0,2.452795662090784,SIZE_FROZEN_FOR_POSITION_SAMPLING
1564,0,1.8451717545357613,SIZE_FROZEN_FOR_POSITION_SAMPLING
1565,0,2.3203099399177143,SIZE_FROZEN_FOR_POSITION_SAMPLING
1566,0,2.5909356184292913,SIZE_FROZEN_FOR_POSITION_SAMPLING
1567,0,1.957540447413874,SIZE_FROZEN_FOR_POSITION_SAMPLING
1568,0,1.5645290134328844,SIZE_FROZEN_FOR_POSITION_SAMPLING
1569,0,1.5479446863741655,SIZE_FROZEN_FOR_POSITION_SAMPLING
1570,0,2.068302669666707,SIZE_FROZEN_FOR_POSITION_SAMPLING
1571,0,1.639970626823305,SIZE_FROZEN_FOR_POSITION_SAMPLING
1572,0,3.0844774229458323,SIZE_FROZEN_FOR_POSITION_SAMPLING
1573,0,2.5958267348530533,SIZE_FROZEN_FOR_POSITION_SAMPLING
1574,0,1.5750062522728925,SIZE_FROZEN_FOR_POSITION_SAMPLING
1575,0,2.1271834156467446,SIZE_FROZEN_FOR_POSITION_SAMPLING
1576,0,1.1779253224952622,SIZE_FROZEN_FOR_POSITION_SAMPLING
1577,0,0.9718120401034553,SIZE_FROZEN_FOR_POSITION_SAMPLING
1578,0,2.2354789613036004,SIZE_FROZEN_FOR_POSITION_SAMPLING
1579,0,2.5435868668894757,SIZE_FROZEN_FOR_POSITION_SAMPLING
1580,0,1.9096908180923986,SIZE_FROZEN_FOR_POSITION_SAMPLING
1581,0,2.8630502094514347,SIZE_FROZEN_FOR_POSITION_SAMPLING
1582,0,2.102393585156293,SIZE_FROZEN_FOR_POSITION_SAMPLING
1583,0,1.7058430308239174,SIZE_FROZEN_FOR_POSITION_SAMPLING
1584,0,1.7537830143055486,SIZE_FROZEN_FOR_POSITION_SAMPLING
1585,0,2.7090320588137025,SIZE_FROZEN_FOR_POSITION_SAMPLING
1586,0,2.876784145690992,SIZE_FROZEN_FOR_POSITION_SAMPLING
1587,0,2.8331262121967367,SIZE_FROZEN_FOR_POSITION_SAMPLING
1588,0,1.630338892090579,SIZE_FROZEN_FOR_POSITION_SAMPLING
1589,0,1.195052995146553,SIZE_FROZEN_FOR_POSITION_SAMPLING
1590,0,1.3614763320207905,SIZE_FROZEN_FOR_POSITION_SAMPLING
1591,0,1.988927517439297,SIZE_FROZEN_FOR_POSITION_SAMPLING
1592,0,2.271112167939385,SIZE_FROZEN_FOR_POSITION_SAMPLING
1593,0,1.8117130973968045,SIZE_FROZEN_FOR_POSITION_SAMPLING
1594,0,1.5176512786561192,SIZE_FROZEN_FOR_POSITION_SAMPLING
1595,0,1.9980430391542765,SIZE_FROZEN_FOR_POSITION_SAMPLING
1596,0,2.624558367810749,SIZE_FROZEN_FOR_POSITION_SAMPLING
1597,0,1.9920918672093961,SIZE_FROZEN_FOR_POSITION_SAMPLING
1598,0,2.284963219611534,SIZE_FROZEN_FOR_POSITION_SAMPLING
1599,0,1.802875313159965,SIZE_FROZEN_FOR_POSITION_SAMPLING
1600,0,2.753511675347503,SIZE_FROZEN_FOR_POSITION_SAMPLING
1601,0,1.1572165352340762,SIZE_FROZEN_FOR_POSITION_SAMPLING
1602,0,1.4116378257980247,SIZE_FROZEN_FOR_POSITION_SAMPLING
1603,0,3.0618975831957336,SIZE_FROZEN_FOR_POSITION_SAMPLING
1604,0,1.270299133843788,SIZE_FROZEN_FOR_POSITION_SAMPLING
1605,0,2.6061524382408243,SIZE_FROZEN_FOR_POSITION_SAMPLING
1606,0,1.6704233571861156,SIZE_FROZEN_FOR_POSITION_SAMPLING
1607,0,1.4238060074432288,SIZE_FROZEN_FOR_POSITION_SAMPLING
1608,0,2.3889318629194483,SIZE_FROZEN_FOR_POSITION_SAMPLING
1609,0,2.1589329871282206,SIZE_FROZEN_FOR_POSITION_SAMPLING
1610,0,1.462870621742147,SIZE_FROZEN_FOR_POSITION_SAMPLING
1611,0,2.101778401522559,SIZE_FROZEN_FOR_POSITION_SAMPLING
1612,0,2.2718395459744594,SIZE_FROZEN_FOR_POSITION_SAMPLING
1613,0,1.2980202559887093,SIZE_FROZEN_FOR_POSITION_SAMPLING
1614,0,1.6214049036817781,SIZE_FROZEN_FOR_POSITION_SAMPLING
1615,0,1.8842997981413494,SIZE_FROZEN_FOR_POSITION_SAMPLING
1616,0,1.7567197939453507,SIZE_FROZEN_FOR_POSITION_SAMPLING
1617,0,1.3200172155473906,SIZE_FROZEN_FOR_POSITION_SAMPLING
1618,0,1.4674300305889603,SIZE_FROZEN_FOR_POSITION_SAMPLING
1619,0,3.1199385568186506,SIZE_FROZEN_FOR_POSITION_SAMPLING
1620,0,2.4467247148414746,SIZE_FROZEN_FOR_POSITION_SAMPLING
1621,0,1.0508625289349,SIZE_FROZEN_FOR_POSITION_SAMPLING
1622,0,0.9595582452541727,SIZE_FROZEN_FOR_POSITION_SAMPLING
1623,0,1.6240259085866189,SIZE_FROZEN_FOR_POSITION_SAMPLING
1624,0,1.445097835237843,SIZE_FROZEN_FOR_POSITION_SAMPLING
1625,0,2.654913862989706,SIZE_FROZEN_FOR_POSITION_SAMPLING
1626,0,1.6395212335474003,SIZE_FROZEN_FOR_POSITION_SAMPLING
1627,0,1.8926562298679142,SIZE_FROZEN_FOR_POSITION_SAMPLING
1628,0,1.6157453642552277,SIZE_FROZEN_FOR_POSITION_SAMPLING
1629,0,1.840734779042057,SIZE_FROZEN_FOR_POSITION_SAMPLING
1630,0,2.8442877568435843,SIZE_FROZEN_FOR_POSITION_SAMPLING
1631,0,1.368472366236449,SIZE_FROZEN_FOR_POSITION_SAMPLING
1632,0,1.8866718452307751,SIZE_FROZEN_FOR_POSITION_SAMPLING
1633,0,1.9202845715585692,SIZE_FROZEN_FOR_POSITION_SAMPLING
1634,0,2.7435231832355575,SIZE_FROZEN_FOR_POSITION_SAMPLING
1635,0,2.4984018411566904,SIZE_FROZEN_FOR_POSITION_SAMPLING
1636,0,1.298887020597035,SIZE_FROZEN_FOR_POSITION_SAMPLING
1637,0,2.2767331579188785,SIZE_FROZEN_FOR_POSITION_SAMPLING
1638,0,2.4394858532414307,SIZE_FROZEN_FOR_POSITION_SAMPLING
1639,0,1.3084958272035079,SIZE_FROZEN_FOR_POSITION_SAMPLING
1640,0,1.7162878502587595,SIZE_FROZEN_FOR_POSITION_SAMPLING
1641,0,1.5316577865417784,SIZE_FROZEN_FOR_POSITION_SAMPLING
1642,0,2.5479812102110873,SIZE_FROZEN_FOR_POSITION_SAMPLING
1643,0,2.0610684054090243,SIZE_FROZEN_FOR_POSITION_SAMPLING
1644,0,1.969658036751166,SIZE_FROZEN_FOR_POSITION_SAMPLING
1645,0,2.284698059099755,SIZE_FROZEN_FOR_POSITION_SAMPLING
1646,0,2.3573507666615057,SIZE_FROZEN_FOR_POSITION_SAMPLING
1647,0,1.5719282258011031,SIZE_FROZEN_FOR_POSITION_SAMPLING
1648,0,2.371644834917098,SIZE_FROZEN_FOR_POSITION_SAMPLING
1649,0,2.185358103021094,SIZE_FROZEN_FOR_POSITION_SAMPLING
1650,0,1.8625314255332643,SIZE_FROZEN_FOR_POSITION_SAMPLING
1651,0,1.3534054166905618,SIZE_FROZEN_FOR_POSITION_SAMPLING
1652,0,2.166204905175613,SIZE_FROZEN_FOR_POSITION_SAMPLING
1653,0,1.5903909042697901,SIZE_FROZEN_FOR_POSITION_SAMPLING
1654,0,1.0267992224105345,SIZE_FROZEN_FOR_POSITION_SAMPLING
1655,0,1.7104295574148252,SIZE_FROZEN_FOR_POSITION_SAMPLING
1656,0,1.5199190326530783,SIZE_FROZEN_FOR_POSITION_SAMPLING
1657,0,1.9460407629544092,SIZE_FROZEN_FOR_POSITION_SAMPLING
1658,0,2.2193374288076466,SIZE_FROZEN_FOR_POSITION_SAMPLING
1659,0,1.9517338467431384,SIZE_FROZEN_FOR_POSITION_SAMPLING
1660,0,1.9907284827088425,SIZE_FROZEN_FOR_POSITION_SAMPLING
1661,0,1.1961715820557548,SIZE_FROZEN_FOR_POSITION_SAMPLING
1662,0,1.8465149942170422,SIZE_FROZEN_FOR_POSITION_SAMPLING
1663,0,3.7131332741215544,NO_FEASIBLE_INLET_POSITION_FOR_SIZE
1663,1,1.853106871855381,SIZE_FROZEN_FOR_POSITION_SAMPLING
1664,0,1.080883258182049,SIZE_FROZEN_FOR_POSITION_SAMPLING
1665,0,1.5638607366700574,SIZE_FROZEN_FOR_POSITION_SAMPLING
1666,0,1.4753153036799098,SIZE_FROZEN_FOR_POSITION_SAMPLING
1667,0,2.143639124125381,SIZE_FROZEN_FOR_POSITION_SAMPLING
1668,0,2.054603902341553,SIZE_FROZEN_FOR_POSITION_SAMPLING
1669,0,1.396683455178998,SIZE_FROZEN_FOR_POSITION_SAMPLING
1670,0,1.1574562356228493,SIZE_FROZEN_FOR_POSITION_SAMPLING
1671,0,3.5185875760795593,NO_FEASIBLE_INLET_POSITION_FOR_SIZE
1671,1,1.6216652351840077,SIZE_FROZEN_FOR_POSITION_SAMPLING
1672,0,2.5339247117528845,SIZE_FROZEN_FOR_POSITION_SAMPLING
1673,0,2.1926716624195004,SIZE_FROZEN_FOR_POSITION_SAMPLING
1674,0,1.7570407807831618,SIZE_FROZEN_FOR_POSITION_SAMPLING
1675,0,2.525342967324601,SIZE_FROZEN_FOR_POSITION_SAMPLING
1676,0,1.8386222524537166,SIZE_FROZEN_FOR_POSITION_SAMPLING
1677,0,1.8319460425424259,SIZE_FROZEN_FOR_POSITION_SAMPLING
1678,0,1.6319094136000698,SIZE_FROZEN_FOR_POSITION_SAMPLING
1679,0,2.991649550651139,SIZE_FROZEN_FOR_POSITION_SAMPLING
1680,0,1.2442194540592026,SIZE_FROZEN_FOR_POSITION_SAMPLING
1681,0,2.636755619100428,SIZE_FROZEN_FOR_POSITION_SAMPLING
1682,0,2.2124754366499455,SIZE_FROZEN_FOR_POSITION_SAMPLING
1683,0,1.844109466935086,SIZE_FROZEN_FOR_POSITION_SAMPLING
1684,0,1.5589475862933853,SIZE_FROZEN_FOR_POSITION_SAMPLING
1685,0,1.9715267967069756,SIZE_FROZEN_FOR_POSITION_SAMPLING
1686,0,1.9135785950918451,SIZE_FROZEN_FOR_POSITION_SAMPLING
1687,0,2.1679961911765937,SIZE_FROZEN_FOR_POSITION_SAMPLING
1688,0,2.040550329472084,SIZE_FROZEN_FOR_POSITION_SAMPLING
1689,0,2.624854814302814,SIZE_FROZEN_FOR_POSITION_SAMPLING
1690,0,1.6366636046525964,SIZE_FROZEN_FOR_POSITION_SAMPLING
1691,0,3.4452416455483776,NO_FEASIBLE_INLET_POSITION_FOR_SIZE
1691,1,1.6170946678158717,SIZE_FROZEN_FOR_POSITION_SAMPLING
1692,0,2.2498363700907476,SIZE_FROZEN_FOR_POSITION_SAMPLING
1693,0,1.7328864213300288,SIZE_FROZEN_FOR_POSITION_SAMPLING
1694,0,3.2610610762759977,NO_FEASIBLE_INLET_POSITION_FOR_SIZE
1694,1,3.296757791833039,NO_FEASIBLE_INLET_POSITION_FOR_SIZE
1694,2,2.6442270000199124,SIZE_FROZEN_FOR_POSITION_SAMPLING
1695,0,2.7991761097347947,SIZE_FROZEN_FOR_POSITION_SAMPLING
1696,0,1.229528808107203,SIZE_FROZEN_FOR_POSITION_SAMPLING
1697,0,2.337631780892125,SIZE_FROZEN_FOR_POSITION_SAMPLING
1698,0,1.4889592705896406,SIZE_FROZEN_FOR_POSITION_SAMPLING
1699,0,1.650167542762811,SIZE_FROZEN_FOR_POSITION_SAMPLING
1700,0,3.4803535361911546,NO_FEASIBLE_INLET_POSITION_FOR_SIZE
1700,1,2.735399188592086,SIZE_FROZEN_FOR_POSITION_SAMPLING
1701,0,2.516877816897944,SIZE_FROZEN_FOR_POSITION_SAMPLING
1702,0,3.059036791741968,SIZE_FROZEN_FOR_POSITION_SAMPLING
1703,0,1.4843645595620236,SIZE_FROZEN_FOR_POSITION_SAMPLING
1704,0,2.5936060992166463,SIZE_FROZEN_FOR_POSITION_SAMPLING
1705,0,3.5059158897086666,NO_FEASIBLE_INLET_POSITION_FOR_SIZE
1705,1,1.9570215895878775,SIZE_FROZEN_FOR_POSITION_SAMPLING
1706,0,2.5562705289764494,SIZE_FROZEN_FOR_POSITION_SAMPLING
1707,0,3.217437967351917,NO_FEASIBLE_INLET_POSITION_FOR_SIZE
1707,1,1.3972102569433578,SIZE_FROZEN_FOR_POSITION_SAMPLING
1708,0,1.7900792087079465,SIZE_FROZEN_FOR_POSITION_SAMPLING
1709,0,1.6871521875634066,SIZE_FROZEN_FOR_POSITION_SAMPLING
1710,0,1.9850076497514675,SIZE_FROZEN_FOR_POSITION_SAMPLING
1711,0,3.664660655903941,NO_FEASIBLE_INLET_POSITION_FOR_SIZE
1711,1,1.7871131704466081,SIZE_FROZEN_FOR_POSITION_SAMPLING
1712,0,1.757269621025981,SIZE_FROZEN_FOR_POSITION_SAMPLING
1713,0,2.8605808071858743,SIZE_FROZEN_FOR_POSITION_SAMPLING
1714,0,1.932814839419029,SIZE_FROZEN_FOR_POSITION_SAMPLING
1715,0,1.6181707800926055,SIZE_FROZEN_FOR_POSITION_SAMPLING
1716,0,2.508444204853774,SIZE_FROZEN_FOR_POSITION_SAMPLING
1717,0,2.4356211472200564,SIZE_FROZEN_FOR_POSITION_SAMPLING
1718,0,1.1111303403982653,SIZE_FROZEN_FOR_POSITION_SAMPLING
1719,0,2.375362921297487,SIZE_FROZEN_FOR_POSITION_SAMPLING
1720,0,3.3620059434792133,NO_FEASIBLE_INLET_POSITION_FOR_SIZE
1720,1,1.4530238173429106,SIZE_FROZEN_FOR_POSITION_SAMPLING
1721,0,2.9799420019198997,SIZE_FROZEN_FOR_POSITION_SAMPLING
1722,0,1.5081231096168264,SIZE_FROZEN_FOR_POSITION_SAMPLING
1723,0,1.7275515557102,SIZE_FROZEN_FOR_POSITION_SAMPLING
1724,0,3.1189201596232907,SIZE_FROZEN_FOR_POSITION_SAMPLING
1725,0,1.7674049575747084,SIZE_FROZEN_FOR_POSITION_SAMPLING
1726,0,1.1936959137509997,SIZE_FROZEN_FOR_POSITION_SAMPLING
1727,0,1.2737941820580205,SIZE_FROZEN_FOR_POSITION_SAMPLING
1728,0,1.3672508881239263,SIZE_FROZEN_FOR_POSITION_SAMPLING
1729,0,1.8861311412063948,SIZE_FROZEN_FOR_POSITION_SAMPLING
1730,0,1.9450594306293376,SIZE_FROZEN_FOR_POSITION_SAMPLING
1731,0,1.278561855844521,SIZE_FROZEN_FOR_POSITION_SAMPLING
1732,0,2.1316793118497266,SIZE_FROZEN_FOR_POSITION_SAMPLING
1733,0,1.717821843889252,SIZE_FROZEN_FOR_POSITION_SAMPLING
1734,0,1.4727575817053815,SIZE_FROZEN_FOR_POSITION_SAMPLING
1735,0,1.3273022769219773,SIZE_FROZEN_FOR_POSITION_SAMPLING
1736,0,2.8163508114353024,SIZE_FROZEN_FOR_POSITION_SAMPLING
1737,0,2.0311598612519925,SIZE_FROZEN_FOR_POSITION_SAMPLING
1738,0,1.5261290921248907,SIZE_FROZEN_FOR_POSITION_SAMPLING
1739,0,3.4453589635719797,NO_FEASIBLE_INLET_POSITION_FOR_SIZE
1739,1,3.573173795967139,NO_FEASIBLE_INLET_POSITION_FOR_SIZE
1739,2,1.9949959965762964,SIZE_FROZEN_FOR_POSITION_SAMPLING
1740,0,2.4352451986603927,SIZE_FROZEN_FOR_POSITION_SAMPLING
1741,0,1.626669288305377,SIZE_FROZEN_FOR_POSITION_SAMPLING
1742,0,1.188653222574388,SIZE_FROZEN_FOR_POSITION_SAMPLING
1743,0,1.244614366199784,SIZE_FROZEN_FOR_POSITION_SAMPLING
1744,0,1.449651203165764,SIZE_FROZEN_FOR_POSITION_SAMPLING
1745,0,2.119279824457872,SIZE_FROZEN_FOR_POSITION_SAMPLING
1746,0,2.701992573969251,SIZE_FROZEN_FOR_POSITION_SAMPLING
1747,0,2.0621081567178376,SIZE_FROZEN_FOR_POSITION_SAMPLING
1748,0,3.0091969110207306,SIZE_FROZEN_FOR_POSITION_SAMPLING
1749,0,2.1689375621014264,SIZE_FROZEN_FOR_POSITION_SAMPLING
1750,0,1.3021204685724508,SIZE_FROZEN_FOR_POSITION_SAMPLING
1751,0,2.9412828564771845,SIZE_FROZEN_FOR_POSITION_SAMPLING
1752,0,2.1088025590829242,SIZE_FROZEN_FOR_POSITION_SAMPLING
1753,0,1.9350659276841635,SIZE_FROZEN_FOR_POSITION_SAMPLING
1754,0,2.4318034818696366,SIZE_FROZEN_FOR_POSITION_SAMPLING
1755,0,1.2492514788473312,SIZE_FROZEN_FOR_POSITION_SAMPLING
1756,0,2.113515531429516,SIZE_FROZEN_FOR_POSITION_SAMPLING
1757,0,1.8024443128879353,SIZE_FROZEN_FOR_POSITION_SAMPLING
1758,0,2.0085655879169684,SIZE_FROZEN_FOR_POSITION_SAMPLING
1759,0,1.9775307758736989,SIZE_FROZEN_FOR_POSITION_SAMPLING
1760,0,2.0287510625169474,SIZE_FROZEN_FOR_POSITION_SAMPLING
1761,0,2.2110559616806142,SIZE_FROZEN_FOR_POSITION_SAMPLING
1762,0,1.726853827402669,SIZE_FROZEN_FOR_POSITION_SAMPLING
1763,0,1.814170777933954,SIZE_FROZEN_FOR_POSITION_SAMPLING
1764,0,1.2481057464805465,SIZE_FROZEN_FOR_POSITION_SAMPLING
1765,0,1.83370945139972,SIZE_FROZEN_FOR_POSITION_SAMPLING
1766,0,1.571192701623841,SIZE_FROZEN_FOR_POSITION_SAMPLING
1767,0,1.651695531780024,SIZE_FROZEN_FOR_POSITION_SAMPLING
1768,0,2.5512594073306705,SIZE_FROZEN_FOR_POSITION_SAMPLING
1769,0,1.4215420180686378,SIZE_FROZEN_FOR_POSITION_SAMPLING
1770,0,1.8409300596373495,SIZE_FROZEN_FOR_POSITION_SAMPLING
1771,0,2.241350040560801,SIZE_FROZEN_FOR_POSITION_SAMPLING
1772,0,2.5064545258014532,SIZE_FROZEN_FOR_POSITION_SAMPLING
1773,0,1.1218224559328727,SIZE_FROZEN_FOR_POSITION_SAMPLING
1774,0,1.8614606958912505,SIZE_FROZEN_FOR_POSITION_SAMPLING
1775,0,3.0762402699519913,SIZE_FROZEN_FOR_POSITION_SAMPLING
1776,0,2.7178683108454806,SIZE_FROZEN_FOR_POSITION_SAMPLING
1777,0,2.8815141893213494,SIZE_FROZEN_FOR_POSITION_SAMPLING
1778,0,2.4057643948851095,SIZE_FROZEN_FOR_POSITION_SAMPLING
1779,0,1.4191158217487931,SIZE_FROZEN_FOR_POSITION_SAMPLING
1780,0,2.1794750544903354,SIZE_FROZEN_FOR_POSITION_SAMPLING
1781,0,3.3192828703933865,NO_FEASIBLE_INLET_POSITION_FOR_SIZE
1781,1,1.5957519866937182,SIZE_FROZEN_FOR_POSITION_SAMPLING
1782,0,3.3457914932140387,NO_FEASIBLE_INLET_POSITION_FOR_SIZE
1782,1,1.6085639497797812,SIZE_FROZEN_FOR_POSITION_SAMPLING
1783,0,1.785266898848748,SIZE_FROZEN_FOR_POSITION_SAMPLING
1784,0,1.18346436458145,SIZE_FROZEN_FOR_POSITION_SAMPLING
1785,0,1.3659720135606543,SIZE_FROZEN_FOR_POSITION_SAMPLING
1786,0,2.295974563128287,SIZE_FROZEN_FOR_POSITION_SAMPLING
1787,0,1.5138921401996264,SIZE_FROZEN_FOR_POSITION_SAMPLING
1788,0,1.6015127782972218,SIZE_FROZEN_FOR_POSITION_SAMPLING
1789,0,2.739861193790826,SIZE_FROZEN_FOR_POSITION_SAMPLING
1790,0,1.9288331690582703,SIZE_FROZEN_FOR_POSITION_SAMPLING
1791,0,1.4748346928278995,SIZE_FROZEN_FOR_POSITION_SAMPLING
1792,0,3.4028107061868416,NO_FEASIBLE_INLET_POSITION_FOR_SIZE
1792,1,2.1531499325727963,SIZE_FROZEN_FOR_POSITION_SAMPLING
1793,0,1.3043647607274769,SIZE_FROZEN_FOR_POSITION_SAMPLING
1794,0,2.3176285073727008,SIZE_FROZEN_FOR_POSITION_SAMPLING
1795,0,1.512457351528478,SIZE_FROZEN_FOR_POSITION_SAMPLING
1796,0,2.719246474150666,SIZE_FROZEN_FOR_POSITION_SAMPLING
1797,0,1.8636909751608641,SIZE_FROZEN_FOR_POSITION_SAMPLING
1798,0,1.712258370125435,SIZE_FROZEN_FOR_POSITION_SAMPLING
1799,0,2.1016731455316933,SIZE_FROZEN_FOR_POSITION_SAMPLING
1800,0,1.5526181633309253,SIZE_FROZEN_FOR_POSITION_SAMPLING
1801,0,1.1935328227119277,SIZE_FROZEN_FOR_POSITION_SAMPLING
1802,0,3.173201572506128,NO_FEASIBLE_INLET_POSITION_FOR_SIZE
1802,1,2.6313409152880323,SIZE_FROZEN_FOR_POSITION_SAMPLING
1803,0,2.1160800411723404,SIZE_FROZEN_FOR_POSITION_SAMPLING
1804,0,1.252704466869578,SIZE_FROZEN_FOR_POSITION_SAMPLING
1805,0,1.282686899697501,SIZE_FROZEN_FOR_POSITION_SAMPLING
1806,0,1.4733502715825681,SIZE_FROZEN_FOR_POSITION_SAMPLING
1807,0,2.1326945121544623,SIZE_FROZEN_FOR_POSITION_SAMPLING
1808,0,2.6732717841920417,SIZE_FROZEN_FOR_POSITION_SAMPLING
1809,0,1.240124279156838,SIZE_FROZEN_FOR_POSITION_SAMPLING
1810,0,1.2651913005758426,SIZE_FROZEN_FOR_POSITION_SAMPLING
1811,0,2.2029829987232716,SIZE_FROZEN_FOR_POSITION_SAMPLING
1812,0,2.6830078692438994,SIZE_FROZEN_FOR_POSITION_SAMPLING
1813,0,1.469682485843007,SIZE_FROZEN_FOR_POSITION_SAMPLING
1814,0,1.8716761952788759,SIZE_FROZEN_FOR_POSITION_SAMPLING
1815,0,1.6114894915972482,SIZE_FROZEN_FOR_POSITION_SAMPLING
1816,0,1.811689495783715,SIZE_FROZEN_FOR_POSITION_SAMPLING
1817,0,1.8368844835226439,SIZE_FROZEN_FOR_POSITION_SAMPLING
1818,0,2.150956257250838,SIZE_FROZEN_FOR_POSITION_SAMPLING
1819,0,1.478421031776206,SIZE_FROZEN_FOR_POSITION_SAMPLING
1820,0,1.0504600595269753,SIZE_FROZEN_FOR_POSITION_SAMPLING
1821,0,1.5246516384699038,SIZE_FROZEN_FOR_POSITION_SAMPLING
1822,0,1.4096674479168738,SIZE_FROZEN_FOR_POSITION_SAMPLING
1823,0,1.1691755192329791,SIZE_FROZEN_FOR_POSITION_SAMPLING
1824,0,1.6667695370484827,SIZE_FROZEN_FOR_POSITION_SAMPLING
1825,0,1.6840735541628653,SIZE_FROZEN_FOR_POSITION_SAMPLING
1826,0,1.7566924130228248,SIZE_FROZEN_FOR_POSITION_SAMPLING
1827,0,1.7725276291471965,SIZE_FROZEN_FOR_POSITION_SAMPLING
1828,0,1.4688102987874476,SIZE_FROZEN_FOR_POSITION_SAMPLING
1829,0,2.318604336958124,SIZE_FROZEN_FOR_POSITION_SAMPLING
1830,0,1.623033395020586,SIZE_FROZEN_FOR_POSITION_SAMPLING
1831,0,1.4358999978858953,SIZE_FROZEN_FOR_POSITION_SAMPLING
1832,0,2.2632482198450776,SIZE_FROZEN_FOR_POSITION_SAMPLING
1833,0,2.0446533614824154,SIZE_FROZEN_FOR_POSITION_SAMPLING
1834,0,1.0013435268389563,SIZE_FROZEN_FOR_POSITION_SAMPLING
1835,0,1.7611714454035121,SIZE_FROZEN_FOR_POSITION_SAMPLING
1836,0,2.1031986386762136,SIZE_FROZEN_FOR_POSITION_SAMPLING
1837,0,2.70877082581378,SIZE_FROZEN_FOR_POSITION_SAMPLING
1838,0,1.5381618774797272,SIZE_FROZEN_FOR_POSITION_SAMPLING
1839,0,2.2002691710575606,SIZE_FROZEN_FOR_POSITION_SAMPLING
1840,0,2.5296951740942633,SIZE_FROZEN_FOR_POSITION_SAMPLING
1841,0,1.8049306006430075,SIZE_FROZEN_FOR_POSITION_SAMPLING
1842,0,3.052399326995311,SIZE_FROZEN_FOR_POSITION_SAMPLING
1843,0,1.5412273963836711,SIZE_FROZEN_FOR_POSITION_SAMPLING
1844,0,2.0351071660126943,SIZE_FROZEN_FOR_POSITION_SAMPLING
1845,0,2.0315370530961476,SIZE_FROZEN_FOR_POSITION_SAMPLING
1846,0,1.6406190813802257,SIZE_FROZEN_FOR_POSITION_SAMPLING
1847,0,3.6229872228339994,NO_FEASIBLE_INLET_POSITION_FOR_SIZE
1847,1,1.2969370540670349,SIZE_FROZEN_FOR_POSITION_SAMPLING
1848,0,1.1819683314973517,SIZE_FROZEN_FOR_POSITION_SAMPLING
1849,0,1.55696193826766,SIZE_FROZEN_FOR_POSITION_SAMPLING
1850,0,3.341372547293704,NO_FEASIBLE_INLET_POSITION_FOR_SIZE
1850,1,2.3559102276930393,SIZE_FROZEN_FOR_POSITION_SAMPLING
1851,0,2.923343111290222,SIZE_FROZEN_FOR_POSITION_SAMPLING
1852,0,2.6673527544616626,SIZE_FROZEN_FOR_POSITION_SAMPLING
1853,0,3.565942335273013,NO_FEASIBLE_INLET_POSITION_FOR_SIZE
1853,1,3.4981623695922215,NO_FEASIBLE_INLET_POSITION_FOR_SIZE
1853,2,2.767540335133662,SIZE_FROZEN_FOR_POSITION_SAMPLING
1854,0,1.2782864895206782,SIZE_FROZEN_FOR_POSITION_SAMPLING
1855,0,2.35861306342965,SIZE_FROZEN_FOR_POSITION_SAMPLING
1856,0,2.1850673535210015,SIZE_FROZEN_FOR_POSITION_SAMPLING
1857,0,1.777049709504027,SIZE_FROZEN_FOR_POSITION_SAMPLING
1858,0,1.0930527193217145,SIZE_FROZEN_FOR_POSITION_SAMPLING
1859,0,1.961926636690396,SIZE_FROZEN_FOR_POSITION_SAMPLING
1860,0,2.3783911486080456,SIZE_FROZEN_FOR_POSITION_SAMPLING
1861,0,1.3811004116042436,SIZE_FROZEN_FOR_POSITION_SAMPLING
1862,0,1.4713822837184314,SIZE_FROZEN_FOR_POSITION_SAMPLING
1863,0,3.0321803709910005,SIZE_FROZEN_FOR_POSITION_SAMPLING
1864,0,1.2690087110428243,SIZE_FROZEN_FOR_POSITION_SAMPLING
1865,0,1.420135238161766,SIZE_FROZEN_FOR_POSITION_SAMPLING
1866,0,1.4703360308131752,SIZE_FROZEN_FOR_POSITION_SAMPLING
1867,0,3.018122167196525,SIZE_FROZEN_FOR_POSITION_SAMPLING
1868,0,1.9361965474850775,SIZE_FROZEN_FOR_POSITION_SAMPLING
1869,0,1.777863078872954,SIZE_FROZEN_FOR_POSITION_SAMPLING
1870,0,2.9672363112688407,SIZE_FROZEN_FOR_POSITION_SAMPLING
1871,0,1.0843591219202215,SIZE_FROZEN_FOR_POSITION_SAMPLING
1872,0,2.809411758403605,SIZE_FROZEN_FOR_POSITION_SAMPLING
1873,0,1.664136799561639,SIZE_FROZEN_FOR_POSITION_SAMPLING
1874,0,3.3550690248244894,NO_FEASIBLE_INLET_POSITION_FOR_SIZE
1874,1,2.155301937317882,SIZE_FROZEN_FOR_POSITION_SAMPLING
1875,0,1.7184344366601976,SIZE_FROZEN_FOR_POSITION_SAMPLING
1876,0,1.6062393263596457,SIZE_FROZEN_FOR_POSITION_SAMPLING
1877,0,1.9062127964463076,SIZE_FROZEN_FOR_POSITION_SAMPLING
1878,0,1.6259101675279544,SIZE_FROZEN_FOR_POSITION_SAMPLING
1879,0,1.8230608577299485,SIZE_FROZEN_FOR_POSITION_SAMPLING
1880,0,2.3608309714328164,SIZE_FROZEN_FOR_POSITION_SAMPLING
1881,0,1.912278436247192,SIZE_FROZEN_FOR_POSITION_SAMPLING
1882,0,1.8282801132285043,SIZE_FROZEN_FOR_POSITION_SAMPLING
1883,0,3.4961249307973956,NO_FEASIBLE_INLET_POSITION_FOR_SIZE
1883,1,1.4562527197540875,SIZE_FROZEN_FOR_POSITION_SAMPLING
1884,0,1.9976499801211216,SIZE_FROZEN_FOR_POSITION_SAMPLING
1885,0,1.1692685449148252,SIZE_FROZEN_FOR_POSITION_SAMPLING
1886,0,2.9915418616262106,SIZE_FROZEN_FOR_POSITION_SAMPLING
1887,0,1.993111031174693,SIZE_FROZEN_FOR_POSITION_SAMPLING
1888,0,2.1121447640477475,SIZE_FROZEN_FOR_POSITION_SAMPLING
1889,0,1.865612638127384,SIZE_FROZEN_FOR_POSITION_SAMPLING
1890,0,1.8579428232842097,SIZE_FROZEN_FOR_POSITION_SAMPLING
1891,0,1.8549347312831816,SIZE_FROZEN_FOR_POSITION_SAMPLING
1892,0,1.9731927922953507,SIZE_FROZEN_FOR_POSITION_SAMPLING
1893,0,1.5222679266716839,SIZE_FROZEN_FOR_POSITION_SAMPLING
1894,0,2.7446398831250765,SIZE_FROZEN_FOR_POSITION_SAMPLING
1895,0,1.476908472218394,SIZE_FROZEN_FOR_POSITION_SAMPLING
1896,0,2.4283945837020657,SIZE_FROZEN_FOR_POSITION_SAMPLING
1897,0,1.9120875099851664,SIZE_FROZEN_FOR_POSITION_SAMPLING
1898,0,2.326863182102222,SIZE_FROZEN_FOR_POSITION_SAMPLING
1899,0,3.0220605853575195,SIZE_FROZEN_FOR_POSITION_SAMPLING
1900,0,1.4127638020246662,SIZE_FROZEN_FOR_POSITION_SAMPLING
1901,0,1.8715698315091787,SIZE_FROZEN_FOR_POSITION_SAMPLING
1902,0,1.0431195533989404,SIZE_FROZEN_FOR_POSITION_SAMPLING
1903,0,3.3595343227050942,NO_FEASIBLE_INLET_POSITION_FOR_SIZE
1903,1,1.757275325867659,SIZE_FROZEN_FOR_POSITION_SAMPLING
1904,0,2.466742980946597,SIZE_FROZEN_FOR_POSITION_SAMPLING
1905,0,2.6700145863631173,SIZE_FROZEN_FOR_POSITION_SAMPLING
1906,0,3.865395953238889,NO_FEASIBLE_INLET_POSITION_FOR_SIZE
1906,1,1.992993751936132,SIZE_FROZEN_FOR_POSITION_SAMPLING
1907,0,1.698511150087089,SIZE_FROZEN_FOR_POSITION_SAMPLING
1908,0,2.712181171461417,SIZE_FROZEN_FOR_POSITION_SAMPLING
1909,0,2.025230803433866,SIZE_FROZEN_FOR_POSITION_SAMPLING
1910,0,2.4361824697352357,SIZE_FROZEN_FOR_POSITION_SAMPLING
1911,0,2.03865093930256,SIZE_FROZEN_FOR_POSITION_SAMPLING
1912,0,1.7069226412045744,SIZE_FROZEN_FOR_POSITION_SAMPLING
1913,0,2.00372871515389,SIZE_FROZEN_FOR_POSITION_SAMPLING
1914,0,2.4433721907160715,SIZE_FROZEN_FOR_POSITION_SAMPLING
1915,0,2.394068984366793,SIZE_FROZEN_FOR_POSITION_SAMPLING
1916,0,2.642362420323076,SIZE_FROZEN_FOR_POSITION_SAMPLING
1917,0,1.2749467027186887,SIZE_FROZEN_FOR_POSITION_SAMPLING
1918,0,1.537685868025038,SIZE_FROZEN_FOR_POSITION_SAMPLING
1919,0,1.8864842381943572,SIZE_FROZEN_FOR_POSITION_SAMPLING
1920,0,1.1557828601017397,SIZE_FROZEN_FOR_POSITION_SAMPLING
1921,0,1.8058016813027196,SIZE_FROZEN_FOR_POSITION_SAMPLING
1922,0,3.155605092160823,NO_FEASIBLE_INLET_POSITION_FOR_SIZE
1922,1,1.519721174691089,SIZE_FROZEN_FOR_POSITION_SAMPLING
1923,0,2.7537113214671307,SIZE_FROZEN_FOR_POSITION_SAMPLING
1924,0,1.165230903039511,SIZE_FROZEN_FOR_POSITION_SAMPLING
1925,0,1.4098094713035798,SIZE_FROZEN_FOR_POSITION_SAMPLING
1926,0,1.3334631985140035,SIZE_FROZEN_FOR_POSITION_SAMPLING
1927,0,1.905911478505867,SIZE_FROZEN_FOR_POSITION_SAMPLING
1928,0,2.187732488756643,SIZE_FROZEN_FOR_POSITION_SAMPLING
1929,0,2.222866953170421,SIZE_FROZEN_FOR_POSITION_SAMPLING
1930,0,1.9802445803984885,SIZE_FROZEN_FOR_POSITION_SAMPLING
1931,0,0.9625498018905936,SIZE_FROZEN_FOR_POSITION_SAMPLING
1932,0,2.777337748479759,SIZE_FROZEN_FOR_POSITION_SAMPLING
1933,0,2.5260978537070113,SIZE_FROZEN_FOR_POSITION_SAMPLING
1934,0,2.2096815424907574,SIZE_FROZEN_FOR_POSITION_SAMPLING
1935,0,1.5258113387600294,SIZE_FROZEN_FOR_POSITION_SAMPLING
1936,0,1.846626146682614,SIZE_FROZEN_FOR_POSITION_SAMPLING
1937,0,1.8142437981748156,SIZE_FROZEN_FOR_POSITION_SAMPLING
1938,0,3.887624945216711,NO_FEASIBLE_INLET_POSITION_FOR_SIZE
1938,1,3.300894425904663,NO_FEASIBLE_INLET_POSITION_FOR_SIZE
1938,2,2.4529288927144695,SIZE_FROZEN_FOR_POSITION_SAMPLING
1939,0,2.1192975829810794,SIZE_FROZEN_FOR_POSITION_SAMPLING
1940,0,1.9136066045357654,SIZE_FROZEN_FOR_POSITION_SAMPLING
1941,0,2.0258987186665527,SIZE_FROZEN_FOR_POSITION_SAMPLING
1942,0,2.2390277222113837,SIZE_FROZEN_FOR_POSITION_SAMPLING
1943,0,1.5602967049956884,SIZE_FROZEN_FOR_POSITION_SAMPLING
1944,0,2.0276391673239993,SIZE_FROZEN_FOR_POSITION_SAMPLING
1945,0,1.8413772177154952,SIZE_FROZEN_FOR_POSITION_SAMPLING
1946,0,3.529612179594803,NO_FEASIBLE_INLET_POSITION_FOR_SIZE
1946,1,1.4940167942150915,SIZE_FROZEN_FOR_POSITION_SAMPLING
1947,0,3.2267276941430256,NO_FEASIBLE_INLET_POSITION_FOR_SIZE
1947,1,2.409815094516032,SIZE_FROZEN_FOR_POSITION_SAMPLING
1948,0,1.4348972894624743,SIZE_FROZEN_FOR_POSITION_SAMPLING
1949,0,2.365871745031371,SIZE_FROZEN_FOR_POSITION_SAMPLING
1950,0,1.9454764992920741,SIZE_FROZEN_FOR_POSITION_SAMPLING
1951,0,1.9873780149819957,SIZE_FROZEN_FOR_POSITION_SAMPLING
1952,0,3.5751050379865617,NO_FEASIBLE_INLET_POSITION_FOR_SIZE
1952,1,2.4220974625061125,SIZE_FROZEN_FOR_POSITION_SAMPLING
1953,0,1.378740956622519,SIZE_FROZEN_FOR_POSITION_SAMPLING
1954,0,2.396689916380027,SIZE_FROZEN_FOR_POSITION_SAMPLING
1955,0,2.41500510212048,SIZE_FROZEN_FOR_POSITION_SAMPLING
1956,0,1.3172756630393312,SIZE_FROZEN_FOR_POSITION_SAMPLING
1957,0,1.7983417701028768,SIZE_FROZEN_FOR_POSITION_SAMPLING
1958,0,1.8818740706620878,SIZE_FROZEN_FOR_POSITION_SAMPLING
1959,0,1.4896936450468772,SIZE_FROZEN_FOR_POSITION_SAMPLING
1960,0,1.5224268672079602,SIZE_FROZEN_FOR_POSITION_SAMPLING
1961,0,2.734398671210626,SIZE_FROZEN_FOR_POSITION_SAMPLING
1962,0,1.9542429978535634,SIZE_FROZEN_FOR_POSITION_SAMPLING
1963,0,1.487001421940177,SIZE_FROZEN_FOR_POSITION_SAMPLING
1964,0,2.395302964064135,SIZE_FROZEN_FOR_POSITION_SAMPLING
1965,0,1.9629321168851865,SIZE_FROZEN_FOR_POSITION_SAMPLING
1966,0,1.047137612828425,SIZE_FROZEN_FOR_POSITION_SAMPLING
1967,0,1.442318072644743,SIZE_FROZEN_FOR_POSITION_SAMPLING
1968,0,2.3179267040448783,SIZE_FROZEN_FOR_POSITION_SAMPLING
1969,0,1.301376296337395,SIZE_FROZEN_FOR_POSITION_SAMPLING
1970,0,1.7954103519846676,SIZE_FROZEN_FOR_POSITION_SAMPLING
1971,0,2.201123752025899,SIZE_FROZEN_FOR_POSITION_SAMPLING
1972,0,2.9464668321485976,SIZE_FROZEN_FOR_POSITION_SAMPLING
1973,0,1.9949405602357253,SIZE_FROZEN_FOR_POSITION_SAMPLING
1974,0,1.7221616138182154,SIZE_FROZEN_FOR_POSITION_SAMPLING
1975,0,1.6458858205924471,SIZE_FROZEN_FOR_POSITION_SAMPLING
1976,0,2.1290563406856045,SIZE_FROZEN_FOR_POSITION_SAMPLING
1977,0,3.8075286695799058,NO_FEASIBLE_INLET_POSITION_FOR_SIZE
1977,1,2.2029029212339677,SIZE_FROZEN_FOR_POSITION_SAMPLING
1978,0,2.7768358069859564,SIZE_FROZEN_FOR_POSITION_SAMPLING
1979,0,3.411534530583301,NO_FEASIBLE_INLET_POSITION_FOR_SIZE
1979,1,1.2503233761255894,SIZE_FROZEN_FOR_POSITION_SAMPLING
1980,0,2.243275354916127,SIZE_FROZEN_FOR_POSITION_SAMPLING
1981,0,1.4777265877551387,SIZE_FROZEN_FOR_POSITION_SAMPLING
1982,0,1.27211306006122,SIZE_FROZEN_FOR_POSITION_SAMPLING
1983,0,3.122215024437231,SIZE_FROZEN_FOR_POSITION_SAMPLING
1984,0,2.087998605225589,SIZE_FROZEN_FOR_POSITION_SAMPLING
1985,0,1.9379619486950823,SIZE_FROZEN_FOR_POSITION_SAMPLING
1986,0,1.7092789247482896,SIZE_FROZEN_FOR_POSITION_SAMPLING
1987,0,2.4418032953516566,SIZE_FROZEN_FOR_POSITION_SAMPLING
1988,0,1.284320365998455,SIZE_FROZEN_FOR_POSITION_SAMPLING
1989,0,1.962340206376206,SIZE_FROZEN_FOR_POSITION_SAMPLING
1990,0,2.0493186365760145,SIZE_FROZEN_FOR_POSITION_SAMPLING
1991,0,1.9318609773858644,SIZE_FROZEN_FOR_POSITION_SAMPLING
1992,0,1.84025009453972,SIZE_FROZEN_FOR_POSITION_SAMPLING
1993,0,1.9611102134594127,SIZE_FROZEN_FOR_POSITION_SAMPLING
1994,0,2.5458483020672382,SIZE_FROZEN_FOR_POSITION_SAMPLING
1995,0,1.9605214616411544,SIZE_FROZEN_FOR_POSITION_SAMPLING
1996,0,1.520602634863739,SIZE_FROZEN_FOR_POSITION_SAMPLING
1997,0,2.893811945457611,SIZE_FROZEN_FOR_POSITION_SAMPLING
1998,0,2.533403632868933,SIZE_FROZEN_FOR_POSITION_SAMPLING
1999,0,2.1703316711213176,SIZE_FROZEN_FOR_POSITION_SAMPLING
2000,0,3.5968738219141985,NO_FEASIBLE_INLET_POSITION_FOR_SIZE
2000,1,1.5442929382158501,SIZE_FROZEN_FOR_POSITION_SAMPLING
