particle_id,time_s,step,x_m,y_m,z_m,vx_m_s,vy_m_s,vz_m_s,omega_x_rad_s,omega_y_rad_s,omega_z_rad_s,diameter_um,angular_speed_rad_s,nearest_gap_m,active_pair_count,center_wall_distance_m,surface_wall_gap_m,owner_rank
1,0,0,-8.600367647058823e-07,0,0,-0.014358688321112199,4.1329772153107657e-17,3.8645501314205894e-17,0,3.4656511604688937e-12,2.1764158051943034e-12,1.3,4.0923738493885133e-12,2.0073529411764564e-08,1,-1,-1,0
2,0,0,8.600367647058823e-07,0,0,-0.02387459350429752,4.1329772153107651e-17,4.3478894706476125e-17,0,-9.4446903500722345e-12,1.3603303808575405e-12,2.0999999999999996,9.5421525115579462e-12,2.0073529411764669e-08,1,-1,-1,0
1,4.2189427122991196e-07,1,-8.6614495090400381e-07,1.8908508583371141e-23,1.7704932613938424e-23,-0.014519463396098047,4.826610319853524e-17,4.517514494281389e-17,-6.7492156658584854e-30,4.4044452499195805e-12,2.6684769690070654e-12,1.3,5.1497482747858933e-12,1.6431907770320116e-08,1,-1,-1,0
2,4.2189427122991196e-07,1,8.5028695686631612e-07,1.8908508583371156e-23,1.9882095547833465e-23,-0.022421959480703829,4.8266103198535227e-17,5.0790358546051764e-17,-3.436768627043713e-30,-9.1760459404241157e-12,1.6772670778388484e-12,2.0999999999999996,9.3280782560598175e-12,1.643190777032001e-08,1,-1,-1,0
1,8.3776053916340192e-07,2,-8.7220587367219053e-07,4.0731175168248143e-23,3.8115168608189762e-23,-0.014563858742815858,5.6625556636359389e-17,5.2766214817692022e-17,-1.8544484134436513e-29,5.6499165842016176e-12,3.2750351829347197e-12,1.3,6.5304986683940703e-12,1.3453999680902104e-08,1,-1,-1,0
2,8.3776053916340192e-07,2,8.412481260087116e-07,4.0731175168248172e-23,4.2869490808305832e-23,-0.02111539358037319,5.6625556636359414e-17,5.9832019240030148e-17,-9.4430381889173781e-30,-8.7736939545169997e-12,2.0697077159774208e-12,2.0999999999999996,9.0145102827111262e-12,1.345399968090221e-08,1,-1,-1,0
1,1.248473448870474e-06,3,-8.7818785611952695e-07,6.6073921516494182e-23,6.1628087196073522e-23,-0.014512011755561487,6.6701373837727191e-17,6.1282342220412551e-17,-3.9833968338493263e-29,7.3087521924696906e-12,4.0228063766981273e-12,1.3,8.3427111753514298e-12,1.1018009438478655e-08,1,-1,-1,0
2,1.248473448870474e-06,3,8.3283015331895174e-07,6.6073921516494241e-23,6.974339097451395e-23,-0.019935378866290928,6.6701373837727302e-17,7.1250671281715353e-17,-2.0283858073895506e-29,-8.1604098769236754e-12,2.5556231958915738e-12,2.0999999999999996,8.5512279398208383e-12,1.1018009438478761e-08,1,-1,-1,0
1,1.6547896437185389e-06,4,-8.8406676751100404e-07,9.5665694535162243e-23,8.8506770235890763e-23,-0.014381495846581688,7.8847518218051326e-17,7.0001028561713031e-17,-8.0997211005001267e-29,9.563228630115334e-12,4.9445510771279817e-12,1.3,1.076586862200097e-11,9.0247028309686174e-09,1,-1,-1,0
2,1.6547896437185389e-06,4,8.2495793531996471e-07,9.5665694535162349e-23,1.0161946465795719e-22,-0.018865020019145449,7.8847518218051523e-17,8.6283138308991177e-17,-4.1244596030347614e-29,-7.2129910820470139e-12,3.1571262986227723e-12,2.0999999999999996,7.8736704792076022e-12,9.0247028309687233e-09,1,-1,-1,0
1,2.0573614815685009e-06,5,-8.8982448707777407e-07,1.3038420300373305e-22,1.1849797135078838e-22,-0.014187504128070233,9.3491266951444243e-17,7.6409309856946602e-17,-1.695151023254096e-28,1.2794896905179611e-11,6.0804178082480429e-12,1.3,1.4166187473594819e-11,7.3931788304649324e-09,1,-1,-1,0
2,2.0573614815685009e-06,5,8.1756869175269068e-07,1.3038420300373326e-22,1.4030767979032617e-22,-0.017889755514982526,9.3491266951444662e-17,1.0776768970818867e-16,-8.631879826112587e-29,-5.6921426570195544e-12,3.9014059173946709e-12,2.0999999999999996,6.9008301065990444e-12,7.3931788304648266e-09,1,-1,-1,0
1,2.4567497487510224e-06,6,-8.9544768091434029e-07,1.7128696494382263e-22,1.4964474851210057e-22,-0.013943056722540269,1.1114841970284939e-16,6.2435455148929607e-17,-3.8816749384704446e-28,-3.01079637959412e-11,7.4795819365197032e-12,1.3,3.1023114445245786e-11,6.057443208693597e-09,1,-1,-1,0
2,2.4567497487510224e-06,6,8.1060976229435344e-07,1.7128696494382308e-22,1.8934410026440582e-22,-0.016997084677927259,1.1114841970285042e-16,1.5009832791112765e-16,-1.9765879932390915e-28,5.698413963458416e-12,4.821869312821007e-12,2.0999999999999996,7.4647401407458786e-12,6.0574432086937029e-09,1,-1,-1,0
1,2.8534352602905544e-06,7,-9.0092682696975482e-07,2.196487710685118e-22,1.6843201512838036e-22,-0.013659219929190364,1.3244167085660291e-16,2.4223145777071622e-18,-1.1449576901004663e-27,-2.8152815416969896e-11,9.2022444444396995e-12,1.3,2.9618614395633015e-11,4.9636309250753322e-09,1,-1,-1,0
2,2.8534352602905544e-06,7,8.0403680395532054e-07,2.1964877106851293e-22,2.6154916301705048e-22,-0.016176312103143714,1.3244167085660572e-16,2.3802371427182985e-16,-5.8302399322265867e-28,1.4012691228126108e-11,5.9595382890750925e-12,2.0999999999999996,1.5227331088334371e-11,4.9636309250754381e-09,1,-1,-1,0
1,3.2478293135905132e-06,8,-9.0625543667838713e-07,2.7700690109094011e-22,1.4179298307995156e-22,-0.0133453268370847,1.5812280575322784e-16,-2.4981972625429149e-16,-3.7972638950551695e-27,-5.6151592673163957e-12,1.1322069130266046e-11,1.3,1.2638008663862063e-11,4.0677531356875953e-09,1,-1,-1,0
2,3.2478293135905132e-06,8,7.9781231645730028e-07,2.7700690109094317e-22,3.8748112815153828e-22,-0.0154183118093488,1.5812280575323719e-16,4.9265390661128036e-16,-1.9336050393451876e-27,3.569553568788967e-11,7.3647552547938133e-12,2.0999999999999996,3.644737148284384e-11,4.0677531356874894e-09,1,-1,-1,0
1,3.6402830158713187e-06,9,-9.1142943257238782e-07,3.2862431133193962e-22,1.2280356991148363e-22,-0.013009191163569403,1.4378530322268765e-16,-3.7918211315469795e-17,-1.0452525474257753e-27,-3.1183778051743184e-10,5.4131297202070258e-12,1.3,3.1188475969724101e-10,3.3338684212560268e-09,1,-1,-1,0
2,3.6402830158713187e-06,9,7.9190443584886835e-07,3.2783923293546118e-22,4.8937233618287575e-22,-0.014715312752957762,1.410739838239203e-16,2.7304298985465815e-16,-8.311496576271706e-28,-1.7450951931109659e-10,3.7257087390350553e-12,2.0999999999999996,1.7454928597905552e-10,3.3338684212561327e-09,1,-1,-1,0
1,4.0310955396670243e-06,10,-9.1644664978459725e-07,3.9079236906936636e-22,9.3066553642784414e-23,-0.012657308456423492,1.7423494000364505e-16,-1.4324004661819938e-16,-1.9932405289193015e-27,-5.129151281092064e-10,5.6432378260842157e-12,1.3,5.129461714219586e-10,2.7325971648344869e-09,1,-1,-1,0
2,4.0310955396670243e-06,10,7.8628594738023706e-07,3.8871447520415541e-22,6.1756733525568527e-22,-0.014060706421190752,1.6999323810451652e-16,4.0429835780627503e-16,-1.5595674986148506e-27,-3.005099789333265e-10,3.9242339307981758e-12,2.0999999999999996,3.0053560030460944e-10,2.732597164834381e-09,1,-1,-1,0
1,4.4205213808663397e-06,11,-9.2130643612014095e-07,4.659481716266281e-22,3.3684354695573447e-24,-0.012295040958556637,2.1178429097154376e-16,-3.8459022965951044e-16,-4.0215307928973685e-27,-9.1926240763547069e-10,4.8447321381046389e-12,1.3,9.1927517399375698e-10,2.2399136733757356e-09,1,-1,-1,0
2,4.4205213808663397e-06,11,7.8093347755323492e-07,4.61754518132955e-22,8.1315287271811929e-22,-0.013448876354494432,2.0438609393873321e-16,6.505389838384393e-16,-3.1136315996227478e-27,-5.6334833495532527e-10,3.4394845175440411e-12,2.0999999999999996,5.6335883462557306e-10,2.2399136733758415e-09,1,-1,-1,0
1,4.808776704157963e-06,12,-9.2600933070801131e-07,5.5723695580074009e-22,-2.2510459921617337e-22,-0.011926784220992062,2.2139369155150842e-17,-1.8641892147186819e-16,4.9771535363600575e-26,-3.1375732280817747e-11,-1.7668387797229877e-11,1.3,3.6008450445844661e-11,1.836163285551244e-09,1,-1,-1,0
2,4.808776704157963e-06,12,7.7582683257754007e-07,5.4917447012669861e-22,1.1412948244502974e-21,-0.012875048743786329,-9.3544444235196124e-19,-8.0428801541775614e-17,2.3872740120386539e-26,-8.5149911430117716e-11,-1.1734469367246762e-11,2.0999999999999996,8.5954669378037539e-11,1.8361632855513498e-09,1,-1,-1,0
1,5.196044864341915e-06,13,-9.3055680543689011e-07,5.663613209262933e-22,-3.0368718411354995e-22,-0.01155611491710541,2.6115937638211695e-17,-2.239892087030301e-16,6.5087120873319741e-26,-2.0169968975640453e-11,-2.1835253250567085e-11,1.3,2.9725509802099252e-11,1.5052618986126279e-09,1,-1,-1,0
2,5.196044864341915e-06,13,7.7094845646172233e-07,5.4816887360138689e-22,1.1023782225352292e-21,-0.012335162741870485,-3.230725987648058e-18,-1.1442349880473034e-16,3.1452010001436788e-26,-9.7580629172248661e-11,-1.5386961731262408e-11,2.0999999999999996,9.8786323855942929e-11,1.505261898612522e-09,1,-1,-1,0
1,5.5824811910376595e-06,14,-9.3495105667265169e-07,5.7766940574906282e-22,-4.004918553024387e-22,-0.011185920284326309,3.3052747834278145e-17,-2.7877368210508333e-16,8.4944101289370647e-26,-1.1457624851706616e-11,-2.6662241272514752e-11,1.3,2.9019860043015958e-11,1.2340435471839392e-09,1,-1,-1,0
2,5.5824811910376595e-06,14,7.6628298687453217e-07,5.4661677360741418e-22,1.0513693701705115e-21,-0.011825758812657988,-4.3653253260841981e-18,-1.4873502346536403e-16,4.1408581696715879e-26,-1.1804436199990059e-10,-2.0186645449462825e-11,2.0999999999999996,1.1975797282212943e-10,1.2340435471840451e-09,1,-1,-1,0
1,5.9682171205077388e-06,15,-9.391948373414077e-07,5.9205652199276445e-22,-5.2077075970678709e-22,-0.01081851025880037,4.2453238021109423e-17,-3.4699632104703574e-16,1.114465395640533e-25,3.2483766862555468e-12,-3.2269188361809128e-11,1.3,3.2432275107147916e-11,1.0117282622863482e-09,1,-1,-1,0
2,5.9682171205077388e-06,15,7.6181689092087868e-07,5.4462783692408039e-22,9.8483771217476483e-22,-0.011343883286933443,-5.3469693618227999e-18,-1.954906688453031e-16,5.4916089713993999e-26,-1.430818865254265e-10,-2.6671850925654482e-11,2.0999999999999996,1.4554660381979155e-10,1.0117282622864541e-09,1,-1,-1,0
1,6.3533637527517085e-06,16,-9.4329132149433224e-07,5.9673805809776229e-22,-5.4019867448308406e-22,-0.010455713744211935,1.2311531790845855e-17,-5.440048422479109e-17,-7.5573780119485179e-26,-1.1456552980417493e-10,-6.2949139034999132e-12,1.3,1.1473833953985812e-10,8.2948774467767789e-10,1,-1,-1,0
2,6.3533637527517085e-06,16,7.5753816625034526e-07,5.4693108482821197e-22,9.8518015421002603e-22,-0.010887007262301024,5.740094552375525e-18,-2.3252882322234935e-18,-3.0351181031080543e-26,-1.4829038789616224e-11,-3.5530857688029496e-12,2.0999999999999996,1.5248764209089623e-11,8.2948774467757201e-10,1,-1,-1,0
1,6.7380149055688663e-06,17,-9.4724399507010356e-07,6.0169455258731857e-22,-5.6336301395883174e-22,-0.010098960635432303,6.1870058770919257e-17,-5.1968869073247294e-16,1.8279821610075921e-25,3.9643838608217281e-11,-4.7433622283710634e-11,1.3,6.1818949057292371e-11,6.800906576571713e-10,1,-1,-1,0
2,6.7380149055688663e-06,17,7.5343609558755364e-07,5.4903046697371048e-22,9.8266368793605789e-22,-0.010452958042004679,-1.0433046689383788e-17,-3.0818418611507643e-16,9.0263929204006152e-26,-2.0797765068562875e-10,-4.0664617441570015e-11,2.0999999999999996,2.1191581889132925e-10,6.8009065765727718e-10,1,-1,-1,0
1,7.1222497304746374e-06,18,-9.5105656783197046e-07,6.2985886697097704e-22,-7.9001254043492544e-22,-0.0097493512588990496,8.7208253344642256e-17,-6.6485984845204068e-16,2.4470050990687342e-25,7.5583225110433297e-11,-5.5654497621771557e-11,1.3,9.386291612573205e-11,5.576127860734877e-10,1,-1,-1,0
2,7.1222497304746374e-06,18,7.4950104495410316e-07,5.4530643797634944e-22,8.4645026848454711e-22,-0.010039861421731661,-7.4703184102906027e-18,-4.0478712414397759e-16,1.2320408337815084e-25,-2.6373421316071189e-10,-5.6184337505941509e-11,2.0999999999999996,2.6965239656357842e-10,5.5761278607359358e-10,1,-1,-1,0
1,7.5061349485589208e-06,19,-9.5473290245313813e-07,6.699413662123283e-22,-1.0809347786462913e-21,-0.0094077148413149094,1.2559637784803002e-16,-8.5839284828748988e-16,3.3107668491791547e-25,1.2873180133572325e-10,-6.3387487747771678e-11,1.3,1.4349163835608687e-10,4.5720008483352566e-10,1,-1,-1,0
2,7.5061349485589208e-06,19,7.4572429763169521e-07,5.4352597343306384e-22,6.6711254460418246e-22,-0.0096460932809703873,6.5191053664311353e-19,-5.3596734775070236e-16,1.7051387590924331e-25,-3.3845413414107775e-10,-7.8616867552460648e-11,2.0999999999999996,3.4746483675466756e-10,4.5720008483341978e-10,1,-1,-1,0
1,7.8897267578637436e-06,20,-9.582769575142112e-07,7.2821096320955752e-22,-1.4581487966503748e-21,-0.0090677580141286015,3.029407617271266e-17,-1.5418352715327387e-16,-2.1537818943729924e-25,-2.4628721276558058e-10,-3.5073207161607366e-11,1.3,2.4877202622569802e-10,3.7487488327573469e-10,1,-1,-1,0
2,7.8897267578637436e-06,20,7.4209791736906445e-07,5.4635925761385047e-22,4.2899555362619541e-22,-0.0092745108344230026,6.3421584918061275e-18,-7.149117277586455e-17,-9.6743897978889576e-26,1.7117835472579479e-11,-7.0164583796002604e-12,2.0999999999999996,1.8500026471844927e-11,3.7487488327584057e-10,1,-1,-1,0
1,8.2780847862220794e-06,21,-9.6173011328720421e-07,7.9605783019773985e-22,-1.8648001989580694e-21,-0.0087224424368297238,1.2037434060247223e-17,-2.0105967180101009e-16,8.03571318310622e-25,-6.8697388185831175e-11,-8.3044374045454243e-12,1.3,6.9197505909973306e-11,2.96139908889321e-10,1,-1,-1,0
2,8.2780847862220794e-06,21,7.3856602662168503e-07,5.5349799734206773e-22,1.6997071836242532e-22,-0.0089213217596861242,5.8715508254286428e-18,2.7823880156268359e-17,2.4379999964064472e-25,-5.0697466778255924e-11,-6.0177960908539397e-12,2.0999999999999996,5.105337410517996e-11,2.9613990888942688e-10,1,-1,-1,0
1,8.6818176453943455e-06,22,-9.6518056190869672e-07,8.0092559859686536e-22,-1.9462505809597743e-21,-0.0083773975746799893,1.2076575917663865e-17,-2.0243550813211921e-16,8.1534967943668957e-25,-7.1786252020078995e-11,-8.3904375826339377e-12,1.3,7.2274929414828009e-11,2.1746665992702621e-10,1,-1,-1,0
2,8.6818176453943455e-06,22,7.3503690475123023e-07,5.5586366922740258e-22,1.8137497319676261e-22,-0.0085684095726399293,5.8473202365894665e-18,2.8675573265692468e-17,2.4695821132499312e-25,-5.2889299219164651e-11,-6.0800219655241555e-12,2.0999999999999996,5.3237624280160988e-11,2.1746665992713209e-10,1,-1,-1,0
1,9.1021792902366694e-06,23,-9.6862808258630577e-07,8.0601073784864415e-22,-2.0316496774575624e-21,-0.0080326455069189041,1.9318216515269024e-17,-4.1272101284412188e-16,-2.4378706190220651e-24,-7.5981650226803206e-11,-2.048861679218572e-11,1.3,7.86955817644504e-11,1.3886017064828068e-10,1,-1,-1,0
2,9.1021792902366694e-06,23,7.3151077758434254e-07,5.5831632840311758e-22,1.936166416154424e-22,-0.0082157968559509863,4.192647440213112e-18,-3.2951625065163664e-16,-7.3471794826782201e-25,9.3657185248068764e-11,-7.9843539428518354e-12,2.0999999999999996,9.3996905568618612e-11,1.3886017064838656e-10,1,-1,-1,0
1,9.5405823818403999e-06,24,-9.7207242658313846e-07,8.1134598913124872e-22,-2.1211412779369092e-21,-0.0077114925287324913,5.3425736019705405e-18,-1.4204617399263817e-16,8.407471550563848e-25,-1.2849750365217084e-10,-1.3961523134088132e-11,1.3,1.2925375264596125e-10,6.0326112471873521e-11,1,-1,-1,0
2,9.5405823818403999e-06,24,7.2798789952933354e-07,5.6085452784028879e-22,2.066482103866369e-22,-0.0078490967419035107,2.6730020206663401e-18,5.9529263032018937e-17,2.5380362933216241e-25,-5.7548972165250274e-12,-6.3255844918067114e-13,2.0999999999999996,5.7895571647922574e-12,6.03261124719794e-11,1,-1,-1,0
1,1.00405823818404e-05,25,-9.7583595197826176e-07,8.1689806457067453e-22,-2.29205655118878e-21,-0.0074164048021733986,-1.9057355621778243e-17,8.1067503243145292e-17,8.5969254192060182e-25,-3.0535164185559679e-10,-3.3494988791629808e-11,1.3,3.0718323433752057e-10,2.1175823681357508e-22,1,-1,-1,0
2,1.00405823818404e-05,25,7.2416404802173837e-07,5.6078056935303596e-22,5.3098002209714503e-23,-0.0074164048021738219,-8.5954896411764319e-18,1.6189799023016905e-16,2.5912277919147293e-25,1.7673728173833816e-10,1.9274868227714862e-11,2.0999999999999996,1.7778522801811319e-10,3.1763735522036263e-22,1,-1,-1,0
1,1.0540582381840401e-05,26,-9.7945144931932111e-07,8.0832199193781706e-22,-2.246889077555106e-21,-0.0070548550680677238,-1.8582941992675363e-17,8.443600664849755e-17,9.1460805233669129e-25,-3.1345050309457122e-10,-3.2919876602587222e-11,1.3,3.1517445354243001e-10,-2.1175823681357508e-22,1,-1,-1,0
2,1.0540582381840401e-05,26,7.2054855068067881e-07,5.5663569888759184e-22,1.3820547275796704e-22,-0.0070548550680677238,-8.3071141784626271e-18,1.650826878708619e-16,2.3819376012845613e-25,1.8035082749240934e-10,1.8939362745214512e-11,2.0999999999999996,1.8134254999417983e-10,-1.0587911840678754e-22,1,-1,-1,0
1,1.1040582381840401e-05,27,-9.828906911650043e-07,8.0403008602534974e-22,-2.3209356112161765e-21,-0.0067109308834992706,-1.868230137808085e-17,7.9972186897696955e-17,9.1729651662156339e-25,-3.0770533260350398e-10,-3.3033970883184603e-11,1.3,3.09473447883569e-10,2.1175823681357508e-22,1,-1,-1,0
2,1.1040582381840401e-05,27,7.1710930883499573e-07,5.5143482736637051e-22,2.1289249883657359e-23,-0.0067109308834996948,-8.36387603304675e-18,1.6218934455204205e-16,2.3854766114446527e-25,1.7725511730629434e-10,1.900996701826285e-11,2.0999999999999996,1.7827157781683431e-10,1.0587911840678754e-22,1,-1,-1,0
1,1.1540582381840401e-05,28,-9.8616226997071014e-07,7.9954359720499777e-22,-2.3926539669842884e-21,-0.0063837730029287984,-1.8759185790533793e-17,7.5683100748476466e-17,9.7652790529976696e-25,-3.0218563291537769e-10,-3.3120320595610045e-11,1.3,3.0399525058267504e-10,-2.1175823681357508e-22,1,-1,-1,0
2,1.1540582381840401e-05,28,7.1383773002928978e-07,5.4625079752801462e-22,-9.1617339060989498e-23,-0.0063837730029287984,-8.4066910961912304e-18,1.5940950020950174e-16,2.3873748237604008e-25,1.7428012757514247e-10,1.9064703343027061e-11,2.0999999999999996,1.7531978148847199e-10,-1.0587911840678754e-22,1,-1,-1,0
1,1.2040582381840401e-05,29,-9.8927435930963803e-07,7.9111349349958298e-22,-2.3495262929285736e-21,-0.0060725640690359409,-1.0816081664990004e-17,-1.4887441665988615e-16,-2.3391379435674438e-24,-2.8631726567001678e-10,-4.3454497670588867e-11,1.3,2.8959604622397416e-10,-2.1175823681357508e-22,1,-1,-1,0
2,1.2040582381840401e-05,29,7.1072564069036189e-07,5.421905188702656e-22,-7.9064074974163346e-24,-0.0060725640690359409,-1.0838794927297683e-17,-2.2793092682280272e-16,-6.1631489097509695e-25,3.2652108507144054e-10,1.5129700360425827e-11,2.0999999999999996,3.2687142247254837e-10,-1.0587911840678754e-22,1,-1,-1,0
1,1.2540582381840402e-05,30,-9.92234734293293e-07,7.818248666081336e-22,-2.3144481824162911e-21,-0.0057765265706709208,-1.7714042277038993e-17,8.4587296779472818e-17,9.487185929505865e-25,-3.1292168509615463e-10,-3.1852654311034837e-11,1.3,3.1453866628774793e-10,-2.1175823681357508e-22,1,-1,-1,0
2,1.2540582381840402e-05,30,7.0776526570670692e-07,5.3829614812834004e-22,6.9276720724901352e-23,-0.0057765265706709208,-7.7710036809834844e-18,1.6480806656923703e-16,2.3117429612752916e-25,1.806568669355333e-10,1.8325613794946939e-11,2.0999999999999996,1.8158395218720329e-10,-1.0587911840678754e-22,1,-1,-1,0
1,1.3040582381840402e-05,31,-9.9505079099649489e-07,7.7739367127907927e-22,-2.3866693657843878e-21,-0.005494920900350456,-1.314621087292584e-17,-7.9076383724479073e-17,-1.2035330942650021e-24,-3.1555346554943233e-10,-4.0809715423588945e-11,1.3,3.1818143015143277e-10,-2.1175823681357508e-22,1,-1,-1,0
2,1.3040582381840402e-05,31,7.0494920900350503e-07,5.3216753041483744e-22,-4.5731168511337904e-23,-0.005494920900350456,-1.0713019360943278e-17,-1.1286104352523687e-16,-3.5892981713081925e-25,2.9637305231787606e-10,1.6159379290693826e-11,2.0999999999999996,2.968132606189875e-10,-1.0587911840678754e-22,1,-1,-1,0
1,1.3540582381840402e-05,32,-9.9772956493541584e-07,7.6857920518744631e-22,-2.3487117561395179e-21,-0.0052270435064585312,-1.7360766886841157e-17,8.4563058821936304e-17,8.8206483916681272e-25,-3.1258339133506674e-10,-3.1418604311663652e-11,1.3,3.1415840787001766e-10,-2.1175823681357508e-22,1,-1,-1,0
2,1.3540582381840402e-05,32,7.0227043506458408e-07,5.2836759914290297e-22,3.3582347500117665e-23,-0.0052270435064585312,-7.5529522514694033e-18,1.6463416263606304e-16,2.2831138630636896e-25,1.8072544357511086e-10,1.8076084604007863e-11,2.0999999999999996,1.8162717525203059e-10,-1.0587911840678754e-22,1,-1,-1,0
1,1.4040582381840403e-05,33,-1.0002777486448144e-06,7.6408739822540107e-22,-2.4201331898395381e-21,-0.0049722251355183754,-1.7578210249443725e-17,8.0094891914239167e-17,8.8816395741644334e-25,-3.0688269081460051e-10,-3.1678006784127025e-11,1.3,3.0851334174622805e-10,-2.1175823681357508e-22,1,-1,-1,0
2,1.4040582381840403e-05,33,6.9972225135518557e-07,5.2185739054172351e-22,-8.0555157502775366e-23,-0.0049722251355183754,-7.6827274949388129e-18,1.6176379239710017e-16,2.2961745139119566e-25,1.7761277242172048e-10,1.8230083238929961e-11,2.0999999999999996,1.7854588447295049e-10,-1.0587911840678754e-22,1,-1,-1,0
1,1.4540582381840403e-05,34,-1.0027017083983797e-06,7.5620112077341987e-22,-2.3749355250615621e-21,-0.0047298291601618071,-1.075462864866079e-17,-1.4778186085077827e-16,-2.1139099973404039e-24,-2.9236937175303274e-10,-4.3302592721762653e-11,1.3,2.9555873202409347e-10,-2.1175823681357508e-22,1,-1,-1,0
2,1.4540582381840403e-05,34,6.9729829160162021e-07,5.1815846969370598e-22,4.2400528416288144e-24,-0.0047298291601618071,-1.3217479650374005e-17,-2.2972726495028242e-16,-5.9453142171308903e-25,3.315062553768367e-10,1.3057922071087854e-11,2.0999999999999996,3.3176332932195364e-10,-1.0587911840678754e-22,1,-1,-1,0
1,1.5040582381840403e-05,35,-1.0050075001139588e-06,7.4730242123223862e-22,-2.3383741532857567e-21,-0.0044992499886038415,-1.6564556180239e-17,8.7897171220047666e-17,8.3254059428198733e-25,-3.167952328029627e-10,-3.0447233280719077e-11,1.3,3.1825501337941852e-10,2.1175823681357508e-22,1,-1,-1,0
2,1.5040582381840403e-05,35,6.9499249988604127e-07,5.1454621810962903e-22,8.2731543179798461e-23,-0.0044992499886042656,-7.0654489056447078e-18,1.6769104620334529e-16,2.3841551385256201e-25,1.8073388863485825e-10,1.7513330913379355e-11,2.0999999999999996,1.8158043743960655e-10,1.0587911840678754e-22,1,-1,-1,0
1,1.5540582381840402e-05,36,-1.0072008844834031e-06,7.3988063691196338e-22,-2.2893967709682372e-21,-0.0042799115516596216,-1.6133061394596096e-17,9.2049732130771864e-17,7.6521174651464356e-25,-3.2183562966815589e-10,-2.9923197066483067e-11,1.3,3.2322371547672358e-10,-2.1175823681357508e-22,1,-1,-1,0
2,1.5540582381840402e-05,36,6.9279911551659685e-07,5.111576194926556e-22,1.7040430303374066e-22,-0.0042799115516596216,-6.802616984705781e-18,1.7022585990205911e-16,2.3505790841048921e-25,1.8369791325364501e-10,1.7208228263939749e-11,2.0999999999999996,1.8450215839856056e-10,-1.0587911840678754e-22,1,-1,-1,0
1,1.60405823818404e-05,37,-1.0092873413648372e-06,7.3265560173719651e-22,-2.2384461004367581e-21,-0.0040712658635157477,-1.5708505718220249e-17,9.6117198544175992e-17,8.1246470833830846e-25,-3.2677534193970478e-10,-2.9407112915885211e-11,1.3,3.2809587377755699e-10,2.1175823681357508e-22,1,-1,-1,0
2,1.60405823818404e-05,37,6.9071265863516288e-07,5.0790233746838942e-22,2.592682987360285e-22,-0.0040712658635161719,-6.5437400704103538e-18,1.7271003441896923e-16,2.31751809045127e-25,1.8660026841701802e-10,1.6908057339862298e-11,2.0999999999999996,1.8736473140991942e-10,1.0587911840678754e-22,1,-1,-1,0
1,1.6540582381840399e-05,38,-1.0112720834733013e-06,7.2562441934514383e-22,-2.1855624247993275e-21,-0.0038727916526696627,-1.5290807208254506e-17,1.0010139333424327e-16,7.4535835468294443e-25,-3.3161645103373236e-10,-2.8898936296434927e-11,1.3,3.3287327786302282e-10,-2.1175823681357508e-22,1,-1,-1,0
2,1.6540582381840399e-05,38,6.8872791652669854e-07,5.0477807688499983e-22,3.4929972661752949e-22,-0.0038727916526696627,-6.2887995945554137e-18,1.7514459165360346e-16,2.2849673993082966e-25,1.8944233969356402e-10,1.6612757316849776e-11,2.0999999999999996,1.9016935550776903e-10,-1.0587911840678754e-22,1,-1,-1,0
1,1.7040582381840398e-05,39,-1.0131600694039777e-06,7.1878420518841069e-22,-2.1307851689246459e-21,-0.0036839930596019683,-1.4879884143106297e-17,1.0400413177736694e-16,7.9283818333912048e-25,-3.3636099197744404e-10,-2.8398613779390538e-11,1.3,3.3755769608859635e-10,-2.1175823681357508e-22,1,-1,-1,0
2,1.7040582381840398e-05,39,6.8683993059602208e-07,5.0178257892798285e-22,4.4047527646637266e-22,-0.0036839930596019687,-6.0377720536801143e-18,1.7753058339127097e-16,2.2529229376433954e-25,1.9222546002569619e-10,1.632226796603733e-11,2.0999999999999996,1.9291719444789169e-10,-1.0587911840678754e-22,1,-1,-1,0
1,1.7540582381840396e-05,40,-1.0149560160205337e-06,7.1213208919618994e-22,-2.0741529103385458e-21,-0.0035043983979462221,-1.4475653440972544e-17,1.0782716065687507e-16,7.2596255856574768e-25,-3.410109558802396e-10,-2.7906087598907637e-11,1.3,3.4215087571922514e-10,-2.1175823681357508e-22,1,-1,-1,0
2,1.7540582381840396e-05,40,6.8504398397946612e-07,4.9891362093844727e-22,5.3277213095230679e-22,-0.0035043983979462221,-5.7906314866124363e-18,1.7986899617807399e-16,2.221379770363538e-25,1.9495094555464921e-10,1.603652824097222e-11,2.0999999999999996,1.9560941033261999e-10,-1.0587911840678754e-22,1,-1,-1,0
1,1.8040582381840395e-05,41,-1.0166644102395327e-06,7.056652181608634e-22,-2.0157034045592046e-21,-0.0033335589760465074,-1.4078031990041856e-17,1.1157220632639504e-16,7.7367632212081407e-25,-3.4556828948554775e-10,-2.7421293567164107e-11,1.3,3.4665453990805303e-10,-2.1175823681357508e-22,1,-1,-1,0
2,1.8040582381840395e-05,41,6.8333558976046715e-07,4.9616901574285696e-22,6.2616794433818121e-22,-0.0033335589760465074,-5.5473482752181148e-18,1.8216082486299422e-16,2.1903331558689601e-25,1.9762006956018519e-10,1.5755477457062685e-11,2.0999999999999996,1.982471360773528e-10,-1.0587911840678754e-22,1,-1,-1,0
1,1.8540582381840393e-05,42,-1.0182895202403555e-06,7.0192225596451266e-22,-2.0912982681855947e-21,-0.0031710479759643863,-1.4621183082999588e-17,1.0687825427434006e-16,7.3063539400913386e-25,-3.3964546465217445e-10,-2.8083820146134053e-11,1.3,3.408045519249881e-10,-2.1175823681357508e-22,1,-1,-1,0
2,1.8540582381840393e-05,42,6.8171047975964442e-07,4.8734054228013206e-22,5.0594952237271318e-22,-0.0031710479759643863,-5.8798435044572171e-18,1.7917976509941097e-16,2.2329631946299825e-25,1.9433334570478764e-10,1.6139377176374537e-11,2.0999999999999996,1.950023813917609e-10,-1.0587911840678754e-22,1,-1,-1,0
1,1.9040582381840392e-05,43,-1.0198354061286383e-06,6.9538822444500811e-22,-2.0333076584768594e-21,-0.0030164593871356837,-1.4221100508781762e-17,1.1063295564786629e-16,7.7822829946840614e-25,-3.4422405308899802e-10,-2.759610293632458e-11,1.3,3.4532845759115995e-10,2.1175823681357508e-22,1,-1,-1,0
2,1.9040582381840392e-05,43,6.801645938713617e-07,4.8455158330997603e-22,5.9901350635342757e-22,-0.0030164593871361074,-5.6350987968938993e-18,1.8148240238720295e-16,2.2017227563480832e-25,1.9700674499321947e-10,1.585658267085355e-11,2.0999999999999996,1.9764384328083945e-10,1.0587911840678754e-22,1,-1,-1,0
1,1.9540582381840391e-05,44,-1.0213059300798671e-06,6.8903769937197738e-22,-1.9735318185064881e-21,-0.0028694069920133557,-1.3827580801066176e-17,1.1431158993846689e-16,7.1147311730736046e-25,-3.4871176206020898e-10,-2.7116087727901386e-11,1.3,3.4976445676026468e-10,-2.1175823681357508e-22,1,-1,-1,0
2,1.9540582381840391e-05,44,6.7869406992013278e-07,4.8188559379276867e-22,6.9316002582392633e-22,-0.0028694069920133557,-5.3941981783377243e-18,1.8373932386893922e-16,2.1709764654972955e-25,1.9962532859310419e-10,1.5578442895309397e-11,2.0999999999999996,2.0023226438051195e-10,-1.0587911840678754e-22,1,-1,-1,0
1,2.0040582381840389e-05,45,-1.0227047659884737e-06,6.8286785324425753e-22,-1.9120068095350362e-21,-0.0027295234011526126,-1.3440539457539608e-17,1.1791577245198428e-16,7.0207809722532902e-25,-3.5311044447516595e-10,-2.6643702486656352e-11,1.3,3.5411420880790242e-10,-2.1175823681357508e-22,1,-1,-1,0
2,2.0040582381840389e-05,45,6.7729523401152625e-07,4.7934044403333132e-22,7.8836759372513715e-22,-0.0027295234011526126,-5.1571076567550993e-18,1.8595146652005803e-16,2.1407191383763138e-25,2.0219028785917055e-10,1.5304896494376174e-11,2.0999999999999996,2.0276871642656768e-10,-1.0587911840678754e-22,1,-1,-1,0
1,2.0540582381840388e-05,46,-1.0240354086465356e-06,6.7926629514008391e-22,-1.9888763180337737e-21,-0.0025964591353465414,-8.9092228770795812e-18,-1.5662176637282737e-16,-2.2609567873165838e-24,-3.963634383396966e-10,-4.6022783768654525e-11,1.3,3.9902640498879623e-10,-2.1175823681357508e-22,1,-1,-1,0
2,2.0540582381840388e-05,46,6.7596459135346426e-07,4.7003563120567999e-22,6.6508070897037201e-22,-0.0025964591353465414,-1.7663327425261233e-17,-2.4470345761513808e-16,-7.4987875061947314e-25,3.8150602997396015e-10,9.3144283039588106e-12,2.0999999999999996,3.816197184123506e-10,-1.0587911840678754e-22,1,-1,-1,0
1,2.1040582381840386e-05,47,-1.0253011824750167e-06,6.7142917785661515e-22,-1.9378982969936801e-21,-0.0024698817524980358,-1.3520144687639737e-17,1.1689057966218571e-16,7.618860923194471e-25,-3.5169178883847905e-10,-2.6740542828922502e-11,1.3,3.5270691936393135e-10,-2.1175823681357508e-22,1,-1,-1,0
2,2.1040582381840386e-05,47,6.746988175249831e-07,4.6715720999909191e-22,7.5224151307710999e-22,-0.0024698817524980358,-5.2056896343591635e-18,1.8523599628022664e-16,2.1465523387780525e-25,2.0150735667582761e-10,1.5361175388837268e-11,2.0999999999999996,2.0209200999496697e-10,-1.0587911840678754e-22,1,-1,-1,0
1,2.1540582381840385e-05,48,-1.0265052498293597e-06,6.6540074311716226e-22,-1.8751532328247687e-21,-0.0023494750170641367,-1.3138192771366848e-17,1.2043494930749926e-16,6.953060320069187e-25,-3.5602671916821941e-10,-2.6274189140836328e-11,1.3,3.5699489881046567e-10,-2.1175823681357508e-22,1,-1,-1,0
2,2.1540582381840385e-05,48,6.7349475017064019e-07,4.6470634950609723e-22,8.4814657362774608e-22,-0.0023494750170641367,-4.9716137565124693e-18,1.8741616674095673e-16,2.1166857840998042e-25,2.040270961960615e-10,1.5091235553782717e-11,2.0999999999999996,2.0458446024255285e-10,-1.0587911840678754e-22,1,-1,-1,0
1,2.2040582381840384e-05,49,-1.0276506189001785e-06,6.595479668682731e-22,-1.8107223751071796e-21,-0.0022349381099818046,-1.2762567395641014e-17,1.2390806705535594e-16,7.4332608616207754e-25,-3.6027595625711848e-10,-2.5815327407369793e-11,1.3,3.6119966194077596e-10,2.1175823681357508e-22,1,-1,-1,0
2,2.2040582381840384e-05,49,6.7234938109982155e-07,4.6237258819142529e-22,9.4507690896993381e-22,-0.0022349381099822283,-4.741282020613973e-18,1.8955323069844811e-16,2.08729842538695e-25,2.0649566878718063e-10,1.4825779273812953e-11,2.0999999999999996,2.0702720825761242e-10,1.0587911840678754e-22,1,-1,-1,0
1,2.2540582381840382e-05,50,-1.0287401512287947e-06,6.5386808773149856e-22,-1.7446395302223572e-21,-0.002125984877120637,-1.2393183433086991e-17,1.2731142144510868e-16,7.3423879441174672e-25,-3.6444123157505444e-10,-2.5363877054030706e-11,1.3,3.6532278539827551e-10,-2.1175823681357508e-22,1,-1,-1,0
2,2.2540582381840382e-05,50,6.7125984877120526e-07,4.6015389182704302e-22,1.0430122518534101e-21,-0.0021259848771206374,-4.5146556133459959e-18,1.9164806060716992e-16,2.0583847172276965e-25,2.0891416688952679e-10,1.4564745151278605e-11,2.0999999999999996,2.0942125233239044e-10,-1.0587911840678754e-22,1,-1,-1,0
1,2.3040582381840381e-05,51,-1.0297765688563907e-06,6.5697385222697973e-22,-1.8115475385572737e-21,-0.0020223431143609298,5.8834946725722901e-18,-1.3462651722264545e-16,6.8753266376956357e-25,-5.9895345265652119e-11,-4.0761943615989421e-12,1.3,6.0033888304566836e-11,-2.1175823681357508e-22,1,-1,-1,0
2,2.3040582381840381e-05,51,6.7022343114360918e-07,4.6116028455305402e-22,1.0939140544334067e-21,-0.0020223431143609298,1.7748586989060918e-18,1.0401105127065452e-16,2.0891315129371806e-25,-8.4241703877929958e-11,-5.633845152234777e-12,2.0999999999999996,8.4429881460630984e-11,-1.0587911840678754e-22,1,-1,-1,0
1,2.3540582381840379e-05,52,-1.0307624611246416e-06,6.5996205898748144e-22,-1.8763765539181198e-21,-0.0019237538875355913,1.20809004457027e-17,-4.630757436080711e-16,-2.3564258294357819e-24,-1.5383909443271122e-10,-2.5271854478694973e-11,1.3,1.5590103785629196e-10,-2.1175823681357508e-22,1,-1,-1,0
2,2.3540582381840379e-05,52,6.6923753887535825e-07,4.6206669126844377e-22,1.1476114616660893e-21,-0.0019237538875355913,-1.2060252504466526e-17,-3.8416971015363169e-16,-7.8619715414994789e-25,1.2280744684110395e-10,-1.33017231059961e-11,2.0999999999999996,1.2352572540656932e-10,-1.0587911840678754e-22,1,-1,-1,0
1,2.4040582381840378e-05,53,-1.0317002911448152e-06,6.625234094945084e-22,-1.9426046551694059e-21,-0.0018299708855183225,5.9548503421943333e-18,-1.3360003566644506e-16,7.6536159231274686e-25,-6.5725525190020561e-11,-4.2175866764090752e-12,1.3,6.586070678999012e-11,-2.1175823681357508e-22,1,-1,-1,0
2,2.4040582381840378e-05,53,6.682997088551846e-07,4.6269480435561339e-22,1.2017403094804966e-21,-0.0018299708855183225,1.7424459620373639e-18,1.1028496393227328e-16,2.1492454715107049e-25,-9.0785016901986183e-11,-5.7323123401628987e-12,2.0999999999999996,9.0965810602990286e-11,-1.0587911840678754e-22,1,-1,-1,0
1,2.4540582381840377e-05,54,-1.0325924019515053e-06,6.6554844203980228e-22,-2.0070445199356894e-21,-0.0017407598048494166,5.9933386222438711e-18,-1.3321508462387918e-16,7.1884380726965209e-25,-6.8749460070849629e-11,-4.2929470199312485e-12,1.3,6.8883362680325682e-11,-2.1175823681357508e-22,1,-1,-1,0
2,2.4540582381840377e-05,54,6.6740759804849442e-07,4.6358817568650283e-22,1.2584570317149577e-21,-0.0017407598048494166,1.7257428210840115e-18,1.1335628943087236e-16,2.180615475626293e-25,-9.4087225119725207e-11,-5.7845042422739237e-12,2.0999999999999996,9.4264873733850271e-11,-1.0587911840678754e-22,1,-1,-1,0
1,2.5040582381840375e-05,55,-1.0334410223563693e-06,6.6859341227069047e-22,-2.0713571932209962e-21,-0.0016558977643631794,6.0344619711638404e-18,-1.3291845387941375e-16,7.8691682801797251e-25,-7.1852672693394754e-11,-4.3702926689199506e-12,1.3,7.1985457081247537e-11,-2.1175823681357508e-22,1,-1,-1,0
2,2.5040582381840375e-05,55,6.6655897764363043e-07,4.6447480808652176e-22,1.3166474964154545e-21,-0.0016558977643631794,1.7106321087084167e-18,1.1638608599419185e-16,2.2123624381536472e-25,-9.7414797596847544e-11,-5.8370418986842111e-12,2.0999999999999996,9.7589517105894972e-11,-1.0587911840678754e-22,1,-1,-1,0
1,2.5540582381840374e-05,56,-1.0342482725164961e-06,6.7165968859841443e-22,-2.1355888646009817e-21,-0.0015751727483501407,6.0782144615134844e-18,-1.3271271571660065e-16,7.9787595276000754e-25,-7.5036998460452058e-11,-4.4496358148877796e-12,1.3,7.51688126608304e-11,-2.1175823681357508e-22,1,-1,-1,0
2,2.5540582381840374e-05,56,6.6575172748350351e-07,4.6535550423406141e-22,1.3762889728825051e-21,-0.0015751727483501407,1.6970958837021722e-18,1.1937266840987103e-16,2.2444938260296719e-25,-1.0076792726605744e-10,-5.8899414673957774e-12,2.0999999999999996,1.0093991567257619e-10,-3.1763735522036263e-22,1,-1,-1,0
1,2.6040582381840372e-05,57,-1.035016169231317e-06,6.7474862590844703e-22,-2.1997868381287624e-21,-0.0014983830768678756,6.1245857573722096e-18,-1.3260029543599013e-16,7.5172396777924604e-25,-7.8304214369511499e-11,-4.5309865460675473e-12,1.3,7.8435195079167467e-11,-2.1175823681357508e-22,1,-1,-1,0
2,2.6040582381840372e-05,57,6.649838307686827e-07,4.662310521212874e-22,1.4373580321505771e-21,-0.0014983830768678756,1.6851124908582527e-18,1.2231448746012753e-16,2.2770171563446236e-25,-1.0414684294710448e-10,-5.9432197668716322e-12,2.0999999999999996,1.0431628231990526e-10,-1.0587911840678754e-22,1,-1,-1,0
1,2.6540582381840371e-05,58,-1.0357466309812903e-06,6.7786156413648563e-22,-2.2639994533471219e-21,-0.0014253369018706603,6.1735611881359232e-18,-1.3258346460391044e-16,7.6293531915767581e-25,-8.1656035432163559e-11,-4.6143528948194022e-12,1.3,8.1786309215764704e-11,-2.1175823681357508e-22,1,-1,-1,0
2,2.6540582381840371e-05,58,6.6425336901870934e-07,4.6710222348379937e-22,1.4998306193448673e-21,-0.0014253369018706603,1.6746566096500662e-18,1.2521013514412663e-16,2.3099399900675463e-25,-1.0755180988609041e-10,-5.9968942745146404e-12,2.0999999999999996,1.0771886812770287e-10,-3.1763735522036263e-22,1,-1,-1,0
1,2.704058238184037e-05,59,-1.0364414827209522e-06,6.8362826316346821e-22,-2.3778060368159251e-21,-0.0013558517279050506,-1.445012707828386e-17,2.4510781116584767e-16,8.3299613997961531e-25,-5.113161848210428e-10,-2.8026360319180779e-11,1.3,5.120837018815257e-10,-6.3527471044072525e-22,1,-1,-1,0
2,2.704058238184037e-05,59,6.6355851727904734e-07,4.7019401010125083e-22,1.5219614883334638e-21,-0.0013558517279050504,-5.8615951036990784e-18,2.6560650248650587e-16,2.3477570727984065e-25,2.9210067943459732e-10,1.6010450636406839e-11,2.0999999999999996,2.9253912807645787e-10,-5.2939559203393771e-22,1,-1,-1,0
1,2.7540582381840368e-05,60,-1.0371024604383055e-06,6.7709562985595984e-22,-2.2539550041216386e-21,-0.0012897539561692033,-1.404265970639355e-17,2.4617838696006946e-16,7.6467858459232837e-25,-5.1260253032796426e-10,-2.7522835756569287e-11,1.3,5.133408814683617e-10,-6.3527471044072525e-22,1,-1,-1,0
2,2.7540582381840368e-05,60,6.6289753956169392e-07,4.674960166222537e-22,1.6557443818071955e-21,-0.0012897539561692033,-5.6084411395275795e-18,2.6625280524916751e-16,2.3132880452834693e-25,2.9286673762489537e-10,1.572279741173455e-11,2.0999999999999996,2.9328847976949204e-10,-5.2939559203393771e-22,1,-1,-1,0
1,2.8040582381840367e-05,61,-1.037731215491938e-06,6.7075392443729262e-22,-2.1295957955070179e-21,-0.0012268784508063235,-1.3642394230216557e-17,2.5666342306221711e-16,1.5984535416712523e-24,-5.2552688930910375e-10,-2.7028317061424617e-11,1.3,5.2622147553105039e-10,-6.3527471044072525e-22,1,-1,-1,0
2,2.8040582381840367e-05,61,6.6226878450806132e-07,4.6492085571191108e-22,1.8786482580490615e-21,-0.0012268784508063233,-5.3598223459061013e-18,4.5038615058250861e-16,3.9780665106327532e-25,3.0027834389398656e-10,1.5440222755336893e-11,2.0999999999999996,3.0067504766849158e-10,-5.2939559203393771e-22,1,-1,-1,0
1,2.8540582381840365e-05,62,-1.038329318736706e-06,6.9123788633402826e-22,-2.580366688577125e-21,-0.0011670681263295768,-9.0405801636236816e-19,-2.3821932895921506e-16,-3.2756847349624714e-24,-8.0416345039127753e-10,-5.5259714068411664e-11,1.3,8.0605985568326575e-10,-6.3527471044072525e-22,1,-1,-1,0
2,2.8540582381840365e-05,62,6.6167068126329331e-07,4.6347060363939714e-22,1.6791661142070338e-21,-0.0011670681263295768,-1.2019106743512364e-17,-3.8819519026075936e-16,-1.1112128052046385e-24,6.0937404196843141e-10,1.1748570723547477e-11,2.0999999999999996,6.0948728611759394e-10,-5.2939559203393771e-22,1,-1,-1,0
1,2.9040582381840364e-05,63,-1.0388982644482917e-06,6.8223467547945992e-22,-2.4481044898565294e-21,-0.0011101735551707491,-1.5395146308626956e-17,2.8393651216632463e-16,1.7201325567305985e-24,-5.5917092901685898e-10,-2.9194624994592752e-11,1.3,5.5993254413915966e-10,-6.3527471044072525e-22,1,-1,-1,0
2,2.9040582381840364e-05,63,6.6110173555170766e-07,4.59905533262652e-22,1.8165698754463797e-21,-0.0011101735551707489,-6.4489885092308824e-18,4.6730083459245707e-16,5.4811817422857741e-25,3.1954971513271551e-10,1.6677566089949683e-11,2.0999999999999996,3.199846272121276e-10,-5.2939559203393771e-22,1,-1,-1,0
1,2.9540582381840363e-05,64,-1.0394394740564376e-06,6.7537794160295137e-22,-2.2946322346169155e-21,-0.0010560525943560603,-1.4998676606091155e-17,2.934055311053653e-16,1.6405196293391205e-24,-5.7084422199857646e-10,-2.8704759544372203e-11,1.3,5.7156547219864514e-10,-6.3527471044072525e-22,1,-1,-1,0
2,2.9540582381840363e-05,64,6.6056052594356181e-07,4.5677973436698135e-22,2.0590429805966064e-21,-0.0010560525943560605,-6.2027066122145671e-18,4.7316953507718791e-16,4.2695849394214128e-25,3.2624271862059058e-10,1.639767306070548e-11,2.0999999999999996,3.2665455015162366e-10,-5.2939559203393771e-22,1,-1,-1,0
1,3.0040582381840361e-05,65,-1.039954299696186e-06,6.6870028493473981e-22,-2.1366517472980203e-21,-0.0010045700303813287,-1.4607685485987491e-17,3.0268853810701482e-16,1.6184240850263029e-24,-5.8228904689228272e-10,-2.8221654798235083e-11,1.3,5.8297255160965665e-10,-6.3527471044072525e-22,1,-1,-1,0
2,3.0040582381840361e-05,65,6.6004570030381325e-07,4.5378148253245333e-22,2.3042792917122097e-21,-0.0010045700303813287,-5.9598231109010212e-18,4.7892338276404622e-16,4.7759377174192739e-25,3.3280399913341898e-10,1.6121648152485789e-11,2.0999999999999996,3.3319425171864725e-10,-5.2939559203393771e-22,1,-1,-1,0
1,3.054058238184036e-05,66,-1.0404440275859968e-06,6.6219960077077458e-22,-1.9742515220657177e-21,-0.0009555972414000114,-1.4222183149508292e-17,3.1178920376544691e-16,1.6538485627123923e-24,-5.9350987378865077e-10,-2.7745324506653831e-11,1.3,5.94158037323909e-10,-6.3527471044072525e-22,1,-1,-1,0
2,3.054058238184036e-05,66,6.5955597241400245e-07,4.5090857350062438e-22,2.5522245988120183e-21,-0.0009555972414000115,-5.7203449770583301e-18,4.8456462377773584e-16,4.1384539433824528e-25,3.3923616829761154e-10,1.5849498519950957e-11,2.0999999999999996,3.3960621973777123e-10,-5.2939559203393771e-22,1,-1,-1,0
1,3.1040582381840358e-05,67,-1.0409098812411795e-06,6.558737422593402e-22,-1.8075183121152915e-21,-0.00090901187588204326,-1.3842171012830932e-17,3.2071112773887362e-16,1.6323234174283056e-24,-6.045110861790499e-10,-2.7275771321808061e-11,1.3,6.0512611992424715e-10,-6.3527471044072525e-22,1,-1,-1,0
2,3.1040582381840358e-05,67,6.5909011875881988e-07,4.4815884444061965e-22,2.8028257672181781e-21,-0.00090901187588204326,-5.4842736168485818e-18,4.9009546179693782e-16,4.6465702251092537e-25,3.4554178587022789e-10,1.5581225108008187e-11,2.0999999999999996,3.4589290301804811e-10,-5.2939559203393771e-22,1,-1,-1,0
1,3.1540582381840357e-05,68,-1.0413530245306718e-06,6.497205282263444e-22,-1.6365371636280413e-21,-0.00086469754693290239,-1.3467642661808714e-17,5.0709352280736612e-16,9.2325498086163089e-25,-6.1529698297370926e-10,-2.6812988096968333e-11,1.3,6.1588092484443548e-10,-6.3527471044072525e-22,1,-1,-1,0
2,3.1540582381840357e-05,68,6.5864697546932748e-07,4.4553017226476235e-22,3.0560307146842476e-21,-0.00086469754693290228,-5.2516055024759642e-18,4.9551805797762892e-16,3.336913295341686e-25,3.5172336071548334e-10,1.5316823339543582e-11,2.0999999999999996,3.520567107018538e-10,-5.2939559203393771e-22,1,-1,-1,0
1,3.2040582381840356e-05,69,-1.0417745645848015e-06,6.436254833777412e-22,-1.3837085509732183e-21,-0.00082254354151965357,1.138848644190684e-17,-6.5382461202758796e-17,9.0921557757944094e-25,-1.5957619221634948e-10,-6.8644587182800821e-12,1.3,1.5972376753559343e-10,-6.3527471044072525e-22,1,-1,-1,0
2,3.2040582381840356e-05,69,6.5822543541519771e-07,4.43155481733625e-22,3.3032216870756652e-21,-0.00082254354151965357,6.2732804153551824e-18,2.3143383684973958e-16,2.7218889843419537e-25,-1.1655564470397263e-10,-4.9740288411744717e-12,2.0999999999999996,1.1666173012291365e-10,-7.411538288475128e-22,1,-1,-1,0
1,3.2540582381840354e-05,70,-1.0421755545612923e-06,6.4930992142922307e-22,-1.4158284437887913e-21,-0.00078244454387046871,1.1428543881932204e-17,-6.7697499417932808e-17,9.2379625977292283e-25,-1.6461538672636667e-10,-6.9514921234834963e-12,1.3,1.6476209755224079e-10,-6.3527471044072525e-22,1,-1,-1,0
2,3.2540582381840354e-05,70,6.5782444543870687e-07,4.4629819180408284e-22,3.4185849202767863e-21,-0.00078244454387046871,6.2484829528963967e-18,2.3286695574243268e-16,2.1925373733203191e-25,-1.2020217183142498e-10,-5.0370937797703414e-12,2.0999999999999996,1.2030766570230517e-10,-7.411538288475128e-22,1,-1,-1,0
1,3.3040582381840353e-05,71,-1.0425569962764293e-06,6.5501426389277835e-22,-1.4490987871826608e-21,-0.00074430037235701191,1.1469109212296035e-17,-7.0042345336170434e-17,9.3855774974288248e-25,-1.6971889252455782e-10,-7.0396290175476243e-12,1.3,1.6986482524780435e-10,-6.3527471044072525e-22,1,-1,-1,0
2,3.3040582381840353e-05,71,6.5744300372356993e-07,4.4942858010350455e-22,3.5346603370309937e-21,-0.00074430037235701202,6.2233710882472308e-18,2.3431852690868727e-16,2.8084471900832985e-25,-1.2389553834439386e-10,-5.1009583124444722e-12,2.0999999999999996,1.2400050079476479e-10,-7.411538288475128e-22,1,-1,-1,0
1,3.3540582381840351e-05,72,-1.0429198427079533e-06,6.607387631228477e-22,-1.4835343866597205e-21,-0.00070801572920443348,-1.3892785271479806e-17,5.5413834930276624e-16,9.5350249236948174e-25,-6.7335492265200748e-10,-2.733866657049783e-11,1.3,6.7390967833200304e-10,-6.3527471044072525e-22,1,-1,-1,0
2,3.3540582381840351e-05,72,6.5708015729204599e-07,4.525464904046521e-22,3.6514571027882687e-21,-0.00070801572920443348,-5.5159192075555773e-18,5.2470713842226096e-16,2.8525505514260699e-25,3.849587133673655e-10,1.561693792057666e-11,2.0999999999999996,3.8527535574894042e-10,-5.2939559203393771e-22,1,-1,-1,0
1,3.404058238184035e-05,73,-1.0432650003759405e-06,6.9509988088145467e-22,-1.7611419273586284e-21,-0.00067349996240602058,-1.7267708460296442e-17,4.0461047096353748e-16,1.8799793485717475e-24,-7.0807544348315897e-10,-3.1509624120883825e-11,1.3,7.0877619180959489e-10,-6.3527471044072525e-22,1,-1,-1,0
2,3.404058238184035e-05,73,6.5673499962405894e-07,4.5514523017513243e-22,3.6383118125108397e-21,-0.00067349996240602058,-7.6129552637796622e-18,5.4216353021403095e-16,5.3748141425334993e-25,4.0480660059806598e-10,1.7999456023869284e-11,2.0999999999999996,4.0520656991825456e-10,-5.2939559203393771e-22,1,-1,-1,0
1,3.4540582381840349e-05,74,-1.0435933316076133e-06,6.8731518830738827e-22,-1.4613864589061994e-21,-0.00064066683923855411,-1.6826235634941897e-17,5.7991140836321285e-16,1.0654604894818215e-24,-7.0517150614506523e-10,-3.0964028108661167e-11,1.3,7.0585099285586739e-10,-6.3527471044072525e-22,1,-1,-1,0
2,3.4540582381840349e-05,74,6.5640666839238613e-07,4.5151534842028732e-22,3.9160222110765979e-21,-0.000640666839238554,-7.338645876207438e-18,5.4070328220130866e-16,3.1884472784859143e-25,4.0316351601575455e-10,1.7687799137414483e-11,2.0999999999999996,4.0355133364233985e-10,-5.2939559203393771e-22,1,-1,-1,0
1,3.5040582381840347e-05,75,-1.043905656691742e-06,6.7962228855702078e-22,-1.1738823819467708e-21,-0.00060943433082570977,-1.6365669241149926e-17,5.7789359438552622e-16,1.0486394118248452e-24,-7.0266017197171513e-10,-3.0394837709023412e-11,1.3,7.0331725660236587e-10,-6.3527471044072525e-22,1,-1,-1,0
2,3.5040582381840347e-05,75,6.5609434330825739e-07,4.481569463463562e-22,4.1844675211260992e-21,-0.00060943433082570977,-7.0524741010206774e-18,5.3944043592052373e-16,3.1375354905717631e-25,4.0174391864272161e-10,1.7362663055281241e-11,2.0999999999999996,4.02118935434258e-10,-5.2939559203393771e-22,1,-1,-1,0
1,3.5540582381840346e-05,76,-1.0442027559280195e-06,6.7214684964261917e-22,-8.8734010928161419e-22,-0.00057972440719779609,-1.5913665995857892e-17,5.7591444514535878e-16,1.0321254196167078e-24,-7.0019747384102447e-10,-2.9836230337873326e-11,1.3,7.0083286382284247e-10,-6.3527471044072525e-22,1,-1,-1,0
2,3.5540582381840346e-05,76,6.557972440719799e-07,4.4493541452440849e-22,4.4523182358080938e-21,-0.00057972440719779609,-6.7716231755028843e-18,5.3820205284932514e-16,3.087572034002501e-25,4.0035137923080104e-10,1.7043572097095372e-11,2.0999999999999996,4.0071400050638807e-10,-5.2939559203393771e-22,1,-1,-1,0
1,3.6040582381840344e-05,77,-1.0444853715765286e-06,6.6488481585091717e-22,-6.0174119092981809e-22,-0.0005514628423470676,-1.5470063768018498e-17,5.7397324313291222e-16,1.0159131031234911e-24,-6.9778248346829007e-10,-2.928800560654271e-11,1.3,6.9839686533344589e-10,-6.3527471044072525e-22,1,-1,-1,0
2,3.6040582381840344e-05,77,6.5551462842347076e-07,4.4184822316508158e-22,4.7195858901282666e-21,-0.0005514628423470676,-6.4959923515141645e-18,5.3698766582107808e-16,3.6108972010315506e-25,3.9898540278110707e-10,1.6730411805974776e-11,2.0999999999999996,3.9933602180569655e-10,-5.2939559203393771e-22,1,-1,-1,0
1,3.6540582381840343e-05,78,-1.0447542097121728e-06,6.5783220857656858e-22,-3.1706752020008462e-22,-0.00052457902878245163,-1.503470353990031e-17,5.7206928256412293e-16,9.9999712794978809e-25,-6.9541428989197255e-10,-2.8749967035166454e-11,1.3,6.9600832982837177e-10,-6.3527471044072525e-22,1,-1,-1,0
2,3.6540582381840343e-05,78,6.5524579028782664e-07,4.3889288999093756e-22,4.986281797939055e-21,-0.00052457902878245163,-6.2254828308978954e-18,5.3579681605584292e-16,2.4180602644931843e-25,3.9764550227271573e-10,1.6423069932757714e-11,2.0999999999999996,3.9798450058229228e-10,-5.2939559203393771e-22,1,-1,-1,0
1,3.7040582381840342e-05,79,-1.0450099419887044e-06,6.5098512482656451e-22,-3.330132791439577e-23,-0.00049900580112970821,-1.46074147676324e-17,5.7963900729266435e-16,1.8064336205621251e-24,-7.0475578658634433e-10,-2.8221949738093889e-11,1.3,7.053206343032624e-10,-6.3527471044072525e-22,1,-1,-1,0
2,3.7040582381840342e-05,79,6.5499005801129499e-07,4.3606697932157896e-22,5.3412348979847855e-21,-0.00049900580112970821,-5.960014901679561e-18,7.1812900173533738e-16,3.8831521239919919e-25,4.0299328136397642e-10,1.6121423636457484e-11,2.0999999999999996,4.033156147790105e-10,-5.2939559203393771e-22,1,-1,-1,0
1,3.754058238184034e-05,80,-1.0452532073167549e-06,6.4444294279252306e-22,2.6520678125218291e-22,-0.00047467926832438304,-1.4212215566139297e-17,5.8678830119635857e-16,1.7806048126046382e-24,-7.1357833874872366e-10,-2.7733584975548763e-11,1.3,7.1411707532237608e-10,-6.3527471044072525e-22,1,-1,-1,0
2,3.754058238184034e-05,80,6.5474679268324438e-07,4.3324398392015118e-22,5.7069757054462603e-21,-0.00047467926832438304,-5.7144827037358689e-18,7.2256459864304467e-16,3.8066626131559459e-25,4.0804406654168034e-10,1.5842431201803523e-11,2.0999999999999996,4.0835149426230237e-10,-5.2939559203393771e-22,1,-1,-1,0
1,3.8040582381840339e-05,81,-1.0454846134600632e-06,6.3808274517024277e-22,5.6711907844761781e-22,-0.00045153865399378125,-1.3823287255842174e-17,5.9379745667719399e-16,1.7551730610825474e-24,-7.2222833964370978e-10,-2.7252967056122792e-11,1.3,7.2274234606661314e-10,-6.3527471044072525e-22,1,-1,-1,0
2,3.8040582381840339e-05,81,6.5451538653993613e-07,4.3054396521468761e-22,6.0748043406750184e-21,-0.00045153865399378125,-5.4728451755948895e-18,7.269134483431499e-16,4.5899003205766432e-25,4.1299573774044988e-10,1.556786585320132e-11,2.0999999999999996,4.1328904877700512e-10,-5.2939559203393771e-22,1,-1,-1,0
1,3.8540582381840337e-05,82,-1.0457047385538853e-06,6.3190178866826116e-22,8.7236886388170006e-22,-0.0004295261446113471,-1.3440563969084288e-17,6.0066923115091759e-16,1.7301349139062527e-24,-7.3070916591313156e-10,-2.678001482313172e-11,1.3,7.3119973628509433e-10,-6.3527471044072525e-22,1,-1,-1,0
2,3.8540582381840337e-05,82,6.5429526144611414e-07,4.2796479906956896e-22,6.4446799320914682e-21,-0.00042952614461134716,-5.2350615312925316e-18,7.3117724820374605e-16,2.2263459932304513e-25,4.1785025049360446e-10,1.5297681078280018e-11,2.0999999999999996,4.1813018413400955e-10,-5.2939559203393771e-22,1,-1,-1,0
1,3.9040582381840336e-05,83,-1.0459141325493833e-06,6.2589734814572526e-22,1.1808907481602504e-21,-0.00040858674506160471,-1.3063978048037068e-17,6.0740632751535519e-16,1.7054867504805337e-24,-7.3902412833498416e-10,-2.6314644886070964e-11,1.3,7.3949247649774188e-10,-6.3527471044072525e-22,1,-1,-1,0
2,3.9040582381840336e-05,83,6.5408586745061612e-07,4.2550439641226492e-22,6.8165624113210856e-21,-0.00040858674506160465,-5.0010898596107486e-18,7.3535766248222825e-16,7.8769741599724968e-25,4.226095214220374e-10,1.5031829102538169e-11,2.0999999999999996,4.2287677103706159e-10,-5.2939559203393771e-22,1,-1,-1,0
1,3.9540582381840335e-05,84,-1.0461133185876008e-06,6.2006671840329321e-22,1.4926206266026517e-21,-0.00038866814123998439,-1.2693460299547054e-17,6.1401139521272959e-16,1.6812248011366369e-24,-7.4717647302739749e-10,-2.58567719345565e-11,1.3,7.4762373858815961e-10,-6.3527471044072525e-22,1,-1,-1,0
2,3.9540582381840335e-05,84,6.5388668141239871e-07,4.231607026296909e-22,7.1904124971988745e-21,-0.00038866814123998433,-4.7708872830526867e-18,7.3945632294696352e-16,3.5124871108796044e-25,4.2727542899015424e-10,1.4770261068445212e-11,2.0999999999999996,4.2753064548725669e-10,-5.2939559203393771e-22,1,-1,-1,0
1,4.0040582381840333e-05,85,-1.0463027943064553e-06,6.2292855924033492e-22,1.5402546547993963e-21,-0.00036972056935456049,-1.2916342328937076e-17,6.3903189634080707e-16,1.7050363498989313e-24,-7.7808964267635962e-10,-2.6132303763920918e-11,1.3,7.7852834844996806e-10,-6.3527471044072525e-22,1,-1,-1,0
2,4.0040582381840333e-05,85,6.5369720569354423e-07,4.2392469836505204e-22,7.473485570341585e-21,-0.00036972056935456044,-4.9094221412602895e-18,7.5499855659067047e-16,5.5852802124375529e-25,4.4494144556035297e-10,1.4927599844909061e-11,2.0999999999999996,4.4519178251003946e-10,-5.2939559203393771e-22,1,-1,-1,0
1,4.0540582381840332e-05,86,-1.0464830330840155e-06,6.171578754162653e-22,1.9558637250241754e-21,-0.0003516966915983253,1.1310495266127594e-17,9.3233072771400719e-17,1.0165729967646614e-24,-2.0101047895297725e-10,-6.6950060977963023e-12,1.3,2.0112194250144572e-10,-2.1175823681357508e-22,1,-1,-1,0
2,4.0540582381840332e-05,86,6.5351696691598407e-07,4.2163657689077115e-22,7.8565797086969583e-21,-0.0003516966915983253,6.3215606734202759e-18,4.2084389921159228e-16,4.6215296276953876e-25,-1.4652159835058981e-10,-4.8512424334300186e-12,2.0999999999999996,1.4660188721963804e-10,-3.1763735522036263e-22,1,-1,-1,0
1,4.104058238184033e-05,87,-1.0466544852211697e-06,6.2280355992804773e-22,2.0031092653589704e-21,-0.00033455147788286782,1.1349563868751503e-17,9.0671531479296249e-17,1.0904128870432788e-24,-2.065799446106689e-10,-6.7798910400342919e-12,1.3,2.0669117164954523e-10,-2.1175823681357508e-22,1,-1,-1,0
2,4.104058238184033e-05,87,6.5334551477882995e-07,4.2480327725292598e-22,8.0666122749161704e-21,-0.00033455147788286776,6.2973753488930508e-18,4.2242961524539684e-16,1.2363265158814075e-25,-1.5055517043517774e-10,-4.9127505826165114e-12,2.0999999999999996,1.5063530284449399e-10,-3.1763735522036263e-22,1,-1,-1,0
1,4.1540582381840329e-05,88,-1.0468175790666376e-06,6.284686574945854e-22,2.0490819351479616e-21,-0.00031824209333618898,1.1389127800081738e-17,8.8077318091017298e-17,1.1072257759063303e-24,-2.1222020420583423e-10,-6.8658522160574291e-12,1.3,2.1233123886941065e-10,-2.1175823681357508e-22,1,-1,-1,0
2,4.1540582381840329e-05,88,6.5318242093336214e-07,4.2795796001233643e-22,8.2774328086030295e-21,-0.00031824209333618898,6.2728833798284052e-18,4.2403555693534268e-16,2.7167891313906387e-25,-1.5464014247371058e-10,-4.9750385772181371e-12,2.0999999999999996,1.5472014953823667e-10,-1.0587911840678754e-22,1,-1,-1,0
1,4.2040582381840328e-05,89,-1.046972722087139e-06,6.3415341424530244e-22,2.0937655021464916e-21,-0.00030272779128576166,1.1429193382487348e-17,8.5450027637848718e-17,1.1242502007949647e-24,-2.1793214670829457e-10,-6.9529032955342594e-12,1.3,2.1804303115009818e-10,-2.1175823681357508e-22,1,-1,-1,0
2,4.2040582381840328e-05,89,6.5302727791286074e-07,4.3110047279875237e-22,8.4890513583144273e-21,-0.00030272779128576172,6.2480808850404411e-18,4.256619747860402e-16,2.7669843569572628e-25,-1.5877715360521827e-10,-5.0381163228306674e-12,2.0999999999999996,1.5885706507126917e-10,-1.0587911840678754e-22,1,-1,-1,0
1,4.2540582381840326e-05,90,-1.047120301885391e-06,6.3985807944073374e-22,2.1371435328189684e-21,-0.00028796981146076973,1.1469766931644475e-17,8.2789250015481306e-17,1.1414889057379792e-24,-2.2371667249211621e-10,-7.041058071412861e-12,1.3,2.2382744704282761e-10,-2.1175823681357508e-22,1,-1,-1,0
2,4.2540582381840326e-05,90,6.5287969811460872e-07,4.3423066131177638e-22,8.7014780971683731e-21,-0.00028796981146076973,6.222963920333108e-18,4.2730912287989993e-16,5.9657863462526141e-25,-1.6296685154050624e-10,-5.1019938134477785e-12,2.0999999999999996,1.630466958938385e-10,-1.0587911840678754e-22,1,-1,-1,0
1,4.3040582381840325e-05,91,-1.0472606871684782e-06,7.103386079815674e-22,1.7613805682045784e-21,-0.00027393128315186826,1.2371901997111537e-17,7.5300439832308737e-17,1.4140268973187834e-24,-2.3999097107236568e-10,-9.0011405613286719e-12,1.3,2.4015971087520457e-10,-2.1175823681357508e-22,1,-1,-1,0
2,4.3040582381840325e-05,91,6.5273931283152155e-07,4.4746884134304155e-22,8.8011019869585559e-21,-0.00027393128315186826,5.6644993645940421e-18,4.3194505293352384e-16,3.3448094657690179e-25,-1.7475759107638642e-10,-6.5222815935964048e-12,2.0999999999999996,1.7487926062288707e-10,-1.0587911840678754e-22,1,-1,-1,0
1,4.3540582381840323e-05,92,-1.0473942286690147e-06,7.8892410667700103e-22,1.3073890176451207e-21,-0.00026057713309813734,1.3384904540787282e-17,-1.1063009756489656e-16,2.7301468388797214e-24,-2.5801641386134774e-10,-1.1202106515792568e-11,1.3,2.5825947613255443e-10,-2.1175823681357508e-22,1,-1,-1,0
2,4.3540582381840323e-05,92,6.5260577133098498e-07,4.6177721839979584e-22,8.8736323652536336e-21,-0.00026057713309813734,5.0374025521261446e-18,4.3707996221793766e-16,6.8848260576700213e-25,-1.878173041446986e-10,-8.1171150078025221e-12,2.0999999999999996,1.8799262563258198e-10,-1.0587911840678754e-22,1,-1,-1,0
1,4.4040582381840322e-05,93,-1.0475212600214003e-06,7.9560055790502591e-22,1.2531246097971154e-21,-0.00024787399785987981,1.3450274255301094e-17,-1.1491628244854098e-16,2.770717084426813e-24,-2.6733201117918779e-10,-1.1344136283232789e-11,1.3,2.6757259506369846e-10,-2.1175823681357508e-22,1,-1,-1,0
2,4.4040582381840322e-05,93,6.5247873997859946e-07,4.6430582508279448e-22,9.0915219495983638e-21,-0.00024787399785987976,4.9969355862155354e-18,4.3973331476120534e-16,7.8621842041184527e-25,-1.9456588944285126e-10,-8.2200306473739262e-12,2.0999999999999996,1.9473945218812645e-10,-1.0587911840678754e-22,1,-1,-1,0
1,4.4540582381840321e-05,94,-1.047642098595357e-06,8.0235212427879835e-22,1.1960921503851243e-21,-0.00023579014046416243,1.3517030095798116e-17,-1.1926237523425629e-16,2.8120789166946264e-24,-2.7677762805292007e-10,-1.148917770801768e-11,1.3,2.7701598617229111e-10,-2.1175823681357508e-22,1,-1,-1,0
2,4.4540582381840321e-05,94,6.5235790140464284e-07,4.6682159431240731e-22,9.3104356654603045e-21,-0.00023579014046416243,4.9556105420950811e-18,4.4242375315257336e-16,9.4142292412509202e-25,-2.0140876344631677e-10,-8.3251285523282445e-12,2.0999999999999996,2.0158074748940481e-10,-1.0587911840678754e-22,1,-1,-1,0
1,4.5040582381840319e-05,95,-1.0477570462888333e-06,8.0909422823339891e-22,1.1375383222062428e-21,-0.00022429537111674693,1.3584075009545027e-17,-1.236582890418696e-16,2.8536839494004707e-24,-2.863313555397377e-10,-1.1634847206414722e-11,1.3,2.8656764443101438e-10,-2.1175823681357508e-22,1,-1,-1,0
2,4.5040582381840319e-05,95,6.5224295371116647e-07,4.693095588317264e-22,9.5309806052406488e-21,-0.0002242953711167469,4.9141065479789661e-18,4.4514503312632149e-16,7.532838454084821e-25,-2.0833004710671816e-10,-8.4306815632556835e-12,2.0999999999999996,2.0850056335441502e-10,-1.0587911840678754e-22,1,-1,-1,0
1,4.5540582381840318e-05,96,-1.0478663902822528e-06,8.1593755555533959e-22,1.0757117709461967e-21,-0.00021336097177470178,1.3652854056446378e-17,-1.2811908193427051e-16,2.8962584704176756e-24,-2.9602591717230705e-10,-1.178428448243272e-11,1.3,2.9626038040627116e-10,-2.1175823681357508e-22,1,-1,-1,0
2,4.5540582381840318e-05,96,6.5213360971774705e-07,4.7178871234589428e-22,9.7523613023401127e-21,-0.00021336097177470175,4.8715290427265505e-18,4.4790647634621762e-16,9.9469865160794672e-25,-2.1535344858580738e-10,-8.538964728945795e-12,2.0999999999999996,2.1552267104980433e-10,-1.0587911840678754e-22,1,-1,-1,0
1,4.6040582381840316e-05,97,-1.0479704037559931e-06,8.2280531161136538e-22,1.0117942921499369e-21,-0.00020295962440048157,1.3722376538150777e-17,-1.3263541830643725e-16,2.9393067683432737e-24,-3.0584103565216616e-10,-1.193533703035621e-11,1.3,3.0607383318215519e-10,-2.1175823681357508e-22,1,-1,-1,0
2,4.6040582381840316e-05,97,6.5202959624400686e-07,4.7424512211266123e-22,9.9751675897775104e-21,-0.00020295962440048157,4.8284913159860925e-18,4.5070230362355742e-16,8.9283771061243785e-25,-2.2246427148652015e-10,-8.6484183305467786e-12,2.0999999999999996,2.2263231397900953e-10,-1.0587911840678754e-22,1,-1,-1,0
1,4.6540582381840315e-05,98,-1.0480693465728883e-06,8.29649451494989e-22,9.4659535061657108e-22,-0.00019306534271125848,1.379202500739618e-17,-1.3720125985193903e-16,2.9825194257873556e-24,-3.1576359747462758e-10,-1.2086663313357532e-11,1.3,3.1599483685682127e-10,-2.1175823681357508e-22,1,-1,-1,0
2,4.6540582381840315e-05,98,6.5193065342711157e-07,4.7666992153307602e-22,1.0199826171158052e-20,-0.00019306534271125848,4.78537559693214e-18,4.5352877696123938e-16,9.0549653465279619e-25,-2.2965301050549899e-10,-8.7580702822678082e-12,2.0999999999999996,2.2981994915434989e-10,-1.0587911840678754e-22,1,-1,-1,0
1,4.7040582381840314e-05,99,-1.0481634659274601e-06,8.3652819945939888e-22,8.791276297501568e-22,-0.00018365340725377279,1.3862556538734384e-17,-1.4182510340693151e-16,3.0262782732190046e-24,-3.2581206956169349e-10,-1.2239908238779406e-11,1.3,3.2604189918746263e-10,-2.1175823681357508e-22,1,-1,-1,0
2,4.7040582381840314e-05,99,6.5183653407253981e-07,4.7907329690348072e-22,1.0425889234982819e-20,-0.00018365340725377279,4.7417132203806096e-18,4.5639115630495343e-16,9.1831585402684493e-25,-2.3693304386435226e-10,-8.8691124940364242e-12,2.0999999999999996,2.3709898445851461e-10,-1.0587911840678754e-22,1,-1,-1,0
1,4.7540582381840312e-05,100,-1.0482529969634965e-06,8.4344199429506589e-22,8.0936230995114136e-22,-0.00017470030365022716,1.3933982328392052e-17,-1.4650767888961885e-16,3.0705902986643908e-24,-3.3598804325712592e-10,-1.2395096132787808e-11,1.3,3.3621660223714916e-10,-2.1175823681357508e-22,1,-1,-1,0
2,4.7540582381840312e-05,100,6.5174700303650339e-07,4.8145497659167133e-22,1.0653374621956509e-20,-0.00017470030365022716,4.6974972553403472e-18,4.5928989350882346e-16,1.1030051855592231e-24,-2.4430552178470541e-10,-8.981562592749996e-12,2.0999999999999996,2.4447056354723905e-10,-1.0587911840678754e-22,1,-1,-1,0
1,4.8040582381840311e-05,101,-1.048338163361526e-06,8.5039128035580129e-22,7.3727020885819256e-22,-0.00016618366384724392,1.4006313714564297e-17,-1.5124972574081118e-16,3.1154625764180216e-24,-3.4629313032825183e-10,-1.2552251629991025e-11,1.3,3.4652054936687697e-10,-2.1175823681357508e-22,1,-1,-1,0
2,4.8040582381840311e-05,101,6.5166183663847394e-07,4.8381468552145887e-22,1.088230039735087e-20,-0.00016618366384724392,4.6527206829608663e-18,4.6222544632114909e-16,7.1550083678292939e-25,-2.5177160942713156e-10,-9.0954384287916479e-12,2.0999999999999996,2.5193584563086693e-10,-1.0587911840678754e-22,1,-1,-1,0
1,4.8540582381840309e-05,102,-1.0484191778976516e-06,8.573765076293417e-22,6.6282177661971586e-22,-0.00015808221023494212,1.4079562178932478e-17,-1.5605199302523333e-16,3.1609022681670504e-24,-3.5672896320819414e-10,-1.2711399677181422e-11,1.3,3.5695536537968744e-10,-2.1175823681357508e-22,1,-1,-1,0
2,4.8540582381840309e-05,102,6.5158082210234829e-07,4.8615214512902156e-22,1.1112684853930805e-20,-0.00015808221023494212,4.6073763953364517e-18,4.6519827845364405e-16,9.863751794638516e-25,-2.5933248706220007e-10,-9.2107580787839348e-12,2.0999999999999996,2.5949600557667943e-10,-1.0587911840678754e-22,1,-1,-1,0
1,4.9040582381840308e-05,103,-1.0484962429751411e-06,8.643981318088124e-22,5.8598709111156401e-22,-0.00015037570248562044,1.4153739349559825e-17,-1.609152395618279e-16,3.2069166243043744e-24,-3.6729719526097991e-10,-1.2872565537975813e-11,1.3,3.6752269670064172e-10,-2.1175823681357508e-22,1,-1,-1,0
2,4.9040582381840308e-05,103,6.5150375702485883e-07,4.8846707331866829e-22,1.1344546514914951e-20,-0.00015037570248562046,4.5614571946046977e-18,4.6820885963956134e-16,8.5676752413828254e-25,-2.669893502479303e-10,-9.3275398488293423e-12,2.0999999999999996,2.6715223402667532e-10,-1.0587911840678754e-22,1,-1,-1,0
1,4.9540582381840307e-05,104,-1.048569551130103e-06,8.714566143648672e-22,5.0673585310382737e-22,-0.00014304488698943128,1.4228857000863557e-17,-1.658402340007872e-16,3.253512985022755e-24,-3.7799950101174103e-10,-1.3035774795567016e-11,1.3,3.7822421153284984e-10,-2.1175823681357508e-22,1,-1,-1,0
2,4.9540582381840307e-05,104,6.5143044886989695e-07,4.9075918441804952e-22,1.1577904136970163e-20,-0.00014304488698943128,4.5149557914455747e-18,4.7125766572012412e-16,8.7042036949524102e-25,-2.7474341000446483e-10,-9.4458022767288072e-12,2.0999999999999996,2.7490573752021347e-10,-1.0587911840678754e-22,1,-1,-1,0
1,5.0040582381840305e-05,105,-1.0486392855125105e-06,8.7855242261914274e-22,4.2503738136583317e-22,-0.00013607144874853462,1.430492705715887e-17,-1.708277549674176e-16,3.3006987815030835e-24,-3.8883757642550075e-10,-1.320105335794769e-11,1.3,3.8906160007152661e-10,2.1175823681357508e-22,1,-1,-1,0
2,5.0040582381840305e-05,105,6.5136071448748951e-07,4.9302818913282008e-22,1.1812776713239242e-20,-0.00013607144874895811,4.467864804217027e-18,4.7434517869949751e-16,9.4148214221231018e-25,-2.8259589299788445e-10,-9.5655641355607068e-12,2.0999999999999996,2.8275773863239053e-10,1.0587911840678754e-22,1,-1,-1,0
1,5.0540582381840304e-05,106,-1.0487056203437754e-06,8.8568602981836139e-22,3.4086060771863528e-22,-0.00012943796562243511,1.4381961593871341e-17,-1.7727835359378576e-16,4.839378635934362e-24,-4.0285442416829525e-10,-1.3368427461528893e-11,1.3,4.0307617384901689e-10,-2.1175823681357508e-22,1,-1,-1,0
2,5.0540582381840304e-05,106,6.5129437965622444e-07,4.9527379450072266e-22,1.2138001318374514e-20,-0.00012943796562243508,4.420176757678373e-18,6.5597409036056943e-16,1.4999350589532683e-24,-2.927517754711492e-10,-9.6868444363839804e-12,2.0999999999999996,2.9291199531027211e-10,-1.0587911840678754e-22,1,-1,-1,0
1,5.1040582381840302e-05,107,-1.0487687213520163e-06,8.9285791520946461e-22,2.5381903876225145e-22,-0.00012312786479812973,1.4459972839491588e-17,-1.8380212540594258e-16,4.909624712980617e-24,-4.1703018159351737e-10,-1.3537923675346353e-11,1.3,4.1724986247734289e-10,-2.1175823681357508e-22,1,-1,-1,0
2,5.1040582381840302e-05,107,6.5123127864798356e-07,4.9749570384507586e-22,1.2464999368224913e-20,-0.0001231278647981297,4.3718840818062763e-18,6.6001261576866308e-16,1.2628567348240164e-24,-3.030228444233312e-10,-9.8096624312876723e-12,2.0999999999999996,3.031815853897169e-10,-1.0587911840678754e-22,1,-1,-1,0
1,5.1540582381840301e-05,108,-1.0488287461861055e-06,9.0006856411568818e-22,1.6353581214418756e-22,-0.00011712538138931919,1.4538973177589617e-17,-1.9040868280004538e-16,4.9807602218157929e-24,-4.3138573734409515e-10,-1.3709568905328035e-11,1.3,4.3160352948450109e-10,-2.1175823681357508e-22,1,-1,-1,0
2,5.1540582381840301e-05,108,6.5117125381389428e-07,4.9969361672767934e-22,1.2794004158532885e-20,-0.00011712538138931919,4.3229791106186224e-18,6.6410238939312156e-16,1.5411605534321257e-24,-3.1342423396485438e-10,-9.9340376164652976e-12,2.0999999999999996,3.1358162500347676e-10,-1.0587911840678754e-22,1,-1,-1,0
1,5.20405823818403e-05,109,-1.0488858448095328e-06,9.0731941893576755e-22,6.9949224129699101e-23,-0.00011141551904674743,1.4618987315007543e-17,-1.9709924099850165e-16,5.0528056315742914e-24,-4.4592373522325319e-10,-1.3883416832475584e-11,1.3,4.4613980644905725e-10,-2.1175823681357508e-22,1,-1,-1,0
2,5.20405823818403e-05,109,6.51114155190467e-07,5.018674078436566e-22,1.3125031314355497e-20,-0.00011141551904674743,4.2734465493423348e-18,6.682441635165753e-16,1.3904613334131936e-24,-3.2395785797810714e-10,-1.0060008889503799e-11,2.0999999999999996,3.2411401932748965e-10,-1.0587911840678754e-22,1,-1,-1,0
1,5.2540582381840298e-05,110,-1.048940159875068e-06,9.1460908157879045e-22,-2.6941326622934167e-23,-0.00010598401249283985,1.4700003772938365e-17,-2.0387452352512435e-16,5.1257542270754276e-24,-4.6064575053971368e-10,-1.4059442516495763e-11,1.3,4.6086025584136758e-10,-2.1175823681357508e-22,1,-1,-1,0
2,5.2540582381840298e-05,110,6.5105984012493176e-07,5.0401640746063076e-22,1.3458126352936981e-20,-0.00010598401249283985,4.2232935039748742e-18,6.7243838603236908e-16,1.6692945022529756e-24,-3.3462485619604893e-10,-1.0187558178514205e-11,2.0999999999999996,3.3477989892744016e-10,-1.0587911840678754e-22,1,-1,-1,0
1,5.3040582381840297e-05,111,-1.0489918270811584e-06,9.2193900101640648e-22,-1.2719850728833797e-22,-0.00010081729188381694,1.4782047425924055e-17,-2.1073577051547938e-16,5.1996266485058333e-24,-4.7555448089645872e-10,-1.4237700002794952e-11,1.3,4.7576756552130567e-10,-2.1175823681357508e-22,1,-1,-1,0
2,5.3040582381840297e-05,111,6.5100817291884132e-07,5.0614048620475709e-22,1.3793305495750375e-20,-0.00010081729188381694,4.1725045759319174e-18,6.7668582464554933e-16,1.4332749291086823e-24,-3.4542718165940441e-10,-1.0316724645130096e-11,2.0999999999999996,3.4558120990088947e-10,-1.0587911840678754e-22,1,-1,-1,0
1,5.3540582381840295e-05,112,-1.0490409755109518e-06,9.2930968765826368e-22,-2.3086503254204163e-22,-9.5902448904629971e-05,1.4865131297622991e-17,-2.1768406889195754e-16,5.2744346488663264e-24,-4.9065229085105069e-10,-1.4418217588051163e-11,1.3,4.9086409067663573e-10,-2.1175823681357508e-22,1,-1,-1,0
2,5.3540582381840295e-05,112,6.5095902448904793e-07,5.0823932810815895e-22,1.4130595185213712e-20,-9.5902448904629958e-05,4.1210717029722381e-18,6.809871522118628e-16,1.5409434415364461e-24,-3.5636654616227845e-10,-1.04475287932927e-11,2.0999999999999996,3.5651965735639038e-10,-1.0587911840678754e-22,1,-1,-1,0
1,5.4040582381840294e-05,113,-1.0490877279547928e-06,9.3672165838542548e-22,-3.3798415718465392e-22,-9.1227204520512246e-05,1.4949268576828527e-17,-2.2472051950390035e-16,5.3501901286803116e-24,-5.0594157507547609e-10,-1.4601023927707277e-11,1.3,5.0615221750930925e-10,-2.1175823681357508e-22,1,-1,-1,0
2,5.4040582381840294e-05,113,6.5091227204520692e-07,5.1031261319685578e-22,1.4470022198108051e-20,-9.122720452051226e-05,4.0689867206131244e-18,6.853430502095572e-16,1.5630347986095047e-24,-3.674446833969352e-10,-1.0579991386920167e-11,2.0999999999999996,3.6759696894074259e-10,-1.0587911840678754e-22,1,-1,-1,0
1,5.4540582381840293e-05,114,-1.0491322012169968e-06,9.4417543663238071e-22,-4.485996830598545e-22,-8.6779878299934413e-05,1.5034472619521635e-17,-2.3184623729711794e-16,5.4269051379241867e-24,-5.2142475873324077e-10,-1.4786148040546407e-11,1.3,5.2163436350943687e-10,-2.1175823681357508e-22,1,-1,-1,0
2,5.4540582381840293e-05,114,6.5086779878300304e-07,5.1236001743997377e-22,1.4811613649860531e-20,-8.6779878299934413e-05,4.0162413608576113e-18,6.897542088436898e-16,1.6712599888161947e-24,-3.786633492228011e-10,-1.071413345318913e-11,2.0999999999999996,3.788148950348729e-10,-1.0587911840678754e-22,1,-1,-1,0
1,5.5040582381840291e-05,115,-1.0491745064076682e-06,9.5167155247017228e-22,-5.627559660584641e-22,-8.2549359233017748e-05,1.5120756951031304e-17,-2.3906235148765954e-16,5.5045918779808601e-24,-5.3710429785667604e-10,-1.4973619313219613e-11,1.3,5.3731297774337272e-10,-2.1175823681357508e-22,1,-1,-1,0
2,5.5040582381840291e-05,115,6.5082549359233164e-07,5.1438121269828452e-22,1.5155396998879916e-20,-8.2549359233017748e-05,3.9628272508813884e-18,6.9422132715184553e-16,1.5222076003687899e-24,-3.9002432193767082e-10,-1.0849976285857017e-11,2.0999999999999996,3.9017520896174777e-10,-1.0587911840678754e-22,1,-1,-1,0
1,5.554058238184029e-05,116,-1.0492147492202943e-06,9.5921054269053005e-22,-6.8049792320617268e-22,-7.8525077970309853e-05,1.5208135268147067e-17,-2.4776976816065496e-16,7.2739500105574694e-24,-5.5602396474194818e-10,-1.5163467505020137e-11,1.3,5.5623068965504865e-10,-2.1175823681357508e-22,1,-1,-1,0
2,5.554058238184029e-05,116,6.5078525077970542e-07,5.1637586667214924e-22,1.5590217892914022e-20,-7.8525077970309853e-05,3.9087359116951583e-18,8.7724731665137459e-16,2.3189292973716358e-24,-4.0373313630119591e-10,-1.0987541448686933e-11,2.0999999999999996,4.0388262083764713e-10,-1.0587911840678754e-22,1,-1,-1,0
1,5.6040582381840288e-05,117,-1.0492530301958049e-06,9.6679295089109233e-22,-8.0222607310639823e-22,-7.4696980419344577e-05,1.5296621441370607e-17,-2.5657894222037564e-16,7.3780092858501767e-24,-5.7516467605925714e-10,-1.5355722752534685e-11,1.3,5.7536962277096532e-10,-2.1175823681357508e-22,1,-1,-1,0
2,5.6040582381840288e-05,117,6.5074696980419488e-07,5.1834364284874524e-22,1.6027506430080636e-20,-7.4696980419344564e-05,3.853958756835332e-18,8.8270061487904535e-16,2.4064330372311579e-24,-4.1760214480752079e-10,-1.1126850778831678e-11,2.0999999999999996,4.177503538671104e-10,-1.0587911840678754e-22,1,-1,-1,0
1,5.6540582381840287e-05,118,-1.0492894449737595e-06,9.7441932756168275e-22,-9.2833148186916488e-22,-7.1055502623998157e-05,1.5386229517043114e-17,-2.6549984992252129e-16,7.48338708483171e-24,-5.9454810958114007e-10,-1.5550415574456412e-11,1.3,5.9475143550145862e-10,-2.1175823681357508e-22,1,-1,-1,0
2,5.6540582381840287e-05,118,6.5071055502624038e-07,5.2028420044865661e-22,1.6467504698924189e-20,-7.1055502623998157e-05,3.7984870909477164e-18,8.8822308155179324e-16,1.921962267198964e-24,-4.3164705413358597e-10,-1.1267926390323414e-11,2.0999999999999996,4.3179410082508146e-10,-1.0587911840678754e-22,1,-1,-1,0
1,5.7040582381840286e-05,119,-1.0493240845312887e-06,9.8209023017168514e-22,-1.0588696690100255e-21,-6.7591546870924207e-05,1.5476973719576726e-17,-2.7453390579914118e-16,7.5901001555362549e-24,-6.1417734078896981e-10,-1.5747576876402383e-11,1.3,6.1437919245046747e-10,-2.1175823681357508e-22,1,-1,-1,0
2,5.7040582381840286e-05,119,6.5067591546871114e-07,5.2219719437178402e-22,1.6910247068668504e-20,-6.7591546870924207e-05,3.7423121084344928e-18,8.9381559233263172e-16,2.2391817056455074e-24,-4.4587009167973506e-10,-1.1410790677566484e-11,2.0999999999999996,4.4601608132261619e-10,-1.0587911840678754e-22,1,-1,-1,0
1,5.7540582381840284e-05,120,-1.0493570354103883e-06,9.8980622325858017e-22,-1.1938968569480262e-21,-6.429645896100994e-05,1.5568868453735537e-17,-2.8368254242154117e-16,7.6981654571422424e-24,-6.3405548425428233e-10,-1.5947237955854552e-11,1.3,6.3425599840391976e-10,-2.1175823681357508e-22,1,-1,-1,0
2,5.7540582381840284e-05,120,6.5064296458961155e-07,5.2408227514255512e-22,1.7355768343668162e-20,-6.4296458961009967e-05,3.6854248920472461e-18,8.9947903405143573e-16,2.2992334769324028e-24,-4.6027351322483287e-10,-1.1555466318899478e-11,2.0999999999999996,4.6041854412933634e-10,-1.0587911840678754e-22,1,-1,-1,0
1,5.8040582381840283e-05,121,-1.0493883799341318e-06,9.9756787851750172e-22,-1.3334699799661959e-21,-6.1162006586560407e-05,1.5661928306955399e-17,-2.929472106236947e-16,7.807600162913951e-24,-6.5418569412763635e-10,-1.6149430507096429e-11,1.3,6.5438499868728723e-10,-2.1175823681357508e-22,1,-1,-1,0
2,5.8040582381840283e-05,121,6.506116200658679e-07,5.2593908885444935e-22,1.7804103768955393e-20,-6.1162006586560421e-05,3.6278164114776243e-18,9.0521430484311153e-16,2.3024479661671172e-24,-4.748596032791941e-10,-1.1701976280203635e-11,2.0999999999999996,4.7500376743278154e-10,-1.0587911840678754e-22,1,-1,-1,0
1,5.8540582381840281e-05,122,-1.0494181964123428e-06,1.0053757748920411e-21,-1.4776466932856029e-21,-5.8180358765782411e-05,1.5756168051594101e-17,-3.0232937972618306e-16,7.9184216624914011e-24,-6.745711646378473e-10,-1.6354186626256477e-11,1.3,6.7476937955205716e-10,-2.1175823681357508e-22,1,-1,-1,0
2,5.8540582381840281e-05,122,6.5058180358765698e-07,5.2776727711382093e-22,1.8255289035857718e-20,-5.8180358765782424e-05,3.569477521950424e-18,9.1102231428740394e-16,2.5063914488175251e-24,-4.8963067544253108e-10,-1.1850343818523979e-11,2.0999999999999996,4.8977405911596266e-10,-1.0587911840678754e-22,1,-1,-1,0
1,5.904058238184028e-05,123,-1.0494465593372412e-06,1.0132304986661107e-21,-1.6264853822500778e-21,-5.5344066275715775e-05,1.5851602647299842e-17,-3.1183053776849185e-16,9.8739676087758936e-24,-6.9521513059325696e-10,-1.6561538816431899e-11,1.3,6.9541236857979995e-10,-2.1175823681357508e-22,1,-1,-1,0
2,5.904058238184028e-05,123,6.5055344066275876e-07,5.2956647698300348e-22,1.8709360287683133e-20,-5.5344066275715782e-05,3.510398962705573e-18,1.0945396674914062e-15,2.6127695993285202e-24,-5.0458907276609301e-10,-1.2000592485811195e-11,2.0999999999999996,5.0473175705017421e-10,-1.0587911840678754e-22,1,-1,-1,0
1,5.9540582381840279e-05,124,-1.0494735395695506e-06,1.0211326435570442e-21,-1.8685225098092047e-21,-5.2646043045185049e-05,1.5948247243409084e-17,-5.0187871221816654e-16,1.1586776634269081e-23,-7.2218456066943864e-10,-1.6771519992799628e-11,1.3,7.2237927957007395e-10,-2.1175823681357508e-22,1,-1,-1,0
2,5.9540582381840279e-05,124,6.5052646043044934e-07,5.3133632092270272e-22,1.925496117938906e-20,-5.2646043045185076e-05,3.4505713555893266e-18,1.1022235901880669e-15,3.090524880817774e-24,-5.2413095705285077e-10,-1.2152746132590524e-11,2.0999999999999996,5.2427182775703336e-10,-1.0587911840678754e-22,1,-1,-1,0
1,6.0040582381840277e-05,125,-1.0494992045155351e-06,1.0290828108097955e-21,-2.1163868645143043e-21,-5.0079548446350813e-05,1.6046117181339307e-17,-5.1443992110200018e-16,1.1693462017302941e-23,-7.4947708298084863e-10,-1.6984163487857814e-11,1.3,7.4966950032855428e-10,2.1175823681357508e-22,1,-1,-1,0
2,6.0040582381840277e-05,125,6.5050079548446492e-07,5.3307643673365632e-22,1.9804169402185311e-20,-5.0079548446774316e-05,3.3899852035384003e-18,1.1099995766401595e-15,3.6245907191310635e-24,-5.4390697203865402e-10,-1.2306828911808411e-11,2.0999999999999996,5.4404618578767898e-10,1.0587911840678754e-22,1,-1,-1,0
1,6.0540582381840276e-05,126,-1.0495236182954027e-06,1.0370816092924263e-21,-2.370492847412876e-21,-4.7638170459733074e-05,1.6145227996982882e-17,-5.2716042075992242e-16,1.1859460947056336e-23,-7.7711566982578837e-10,-1.7199503056744506e-11,1.3,7.7730598041838243e-10,-2.1175823681357508e-22,1,-1,-1,0
2,6.0540582381840276e-05,126,6.5047638170459709e-07,5.3478644749754152e-22,2.0357241490053804e-20,-4.7638170459733087e-05,3.3286308890899782e-18,1.1178741716659948e-15,3.7013729627357784e-24,-5.6393376280677357e-10,-1.24628652826405e-11,2.0999999999999996,5.6407145987406567e-10,-1.0587911840678754e-22,1,-1,-1,0
1,6.1040582381840274e-05,127,-1.0495468419035019e-06,1.0451296555927489e-21,-2.6309196091714751e-21,-4.5315809649549698e-05,1.6245595423266105e-17,-5.4004222939384203e-16,1.2027563961981435e-23,-8.0510470759098167e-10,-1.7417572882536742e-11,1.3,8.0529309076278474e-10,-2.1175823681357508e-22,1,-1,-1,0
2,6.1040582381840274e-05,127,6.5045315809649799e-07,5.3646597151714112e-22,2.091422644102615e-20,-4.5315809649549725e-05,3.2664986728171836e-18,1.125848624630001e-15,3.521204652451786e-24,-5.8421450701458349e-10,-1.2620880014353755e-11,2.0999999999999996,5.8435081656367138e-10,-1.0587911840678754e-22,1,-1,-1,0
1,6.1540582381840273e-05,128,-1.0495689333607062e-06,1.0532275741161831e-21,-2.8977473033115332e-21,-4.3106663929148181e-05,1.6347235392533469e-17,-5.5308739086246711e-16,1.2255033588469611e-23,-8.3344863834302901e-10,-1.7638407581767771e-11,1.3,8.3363525967767812e-10,-2.1175823681357508e-22,1,-1,-1,0
2,6.1540582381840273e-05,128,6.5043106663929376e-07,5.38114622255767e-22,2.1475173873948972e-20,-4.3106663929148194e-05,3.2035786918395985e-18,1.1339242007775888e-15,3.2844189260670395e-24,-6.0475242270101357e-10,-1.2780898190293724e-11,2.0999999999999996,6.0488746401400655e-10,-1.0587911840678754e-22,1,-1,-1,0
1,6.2040582381840272e-05,129,-1.0495899478593718e-06,1.0613759971848905e-21,-3.1710570989576645e-21,-4.1005214062569135e-05,1.6450164039198429e-17,-5.6629797500573297e-16,1.441549291134029e-23,-8.6215196052839575e-10,-1.7862042209813205e-11,1.3,8.6233697334328742e-10,2.1175823681357508e-22,1,-1,-1,0
2,6.2040582381840272e-05,129,6.5041005214062821e-07,5.3973200827589036e-22,2.2040134036375505e-20,-4.1005214062992624e-05,3.1398609581924727e-18,1.3197378653776441e-15,4.6518701317024458e-24,-6.2555076879299314e-10,-1.2942945211804808e-11,2.0999999999999996,6.25684652335552e-10,1.0587911840678754e-22,1,-1,-1,0
1,6.254058238184027e-05,130,-1.0496099379012274e-06,1.0695755651381633e-21,-3.4505906899585354e-21,-3.9006209876967109e-05,1.6554397702153359e-17,-5.8106715207669843e-16,1.4560996198568704e-23,-8.9424163745567244e-10,-1.8088512266561828e-11,1.3,8.9442456385959118e-10,-2.1175823681357508e-22,1,-1,-1,0
2,6.254058238184027e-05,130,6.5039006209877241e-07,5.4131773317699778e-22,2.26977648664678e-20,-3.9006209876967123e-05,3.075335357316565e-18,1.3288806892786481e-15,4.653410263584051e-24,-6.4880290080537103e-10,-1.3107046802334656e-11,2.0999999999999996,6.4893528087887371e-10,-1.0587911840678754e-22,1,-1,-1,0
1,6.3040582381840269e-05,131,-1.0496289534285427e-06,1.0778269264340306e-21,-3.7374630391810533e-21,-3.7104657145740617e-05,1.6659952927522602e-17,-5.9602360796011013e-16,1.4823541130974236e-23,-9.2673819534891127e-10,-1.8317853701949842e-11,1.3,9.2691921248984956e-10,-2.1175823681357508e-22,1,-1,-1,0
2,6.3040582381840269e-05,131,6.5037104657145719e-07,5.4287139553268879e-22,2.3359938737363958e-20,-3.7104657145740631e-05,3.009991646383095e-18,1.3381394476823503e-15,4.7701672616580093e-24,-6.7234987317666544e-10,-1.327322901140467e-11,2.0999999999999996,6.7248087747464409e-10,-1.0587911840678754e-22,1,-1,-1,0
1,6.3540582381840267e-05,132,-1.0496470419489011e-06,1.0861307377522381e-21,-4.031767204529803e-21,-3.5295805109898529e-05,1.6766846471178457e-17,-6.1116971602677848e-16,1.4974217003021246e-23,-9.5964679196789314e-10,-1.8550102921758532e-11,1.3,9.5982606322847705e-10,-2.1175823681357508e-22,1,-1,-1,0
2,6.3540582381840267e-05,132,6.5035295805109873e-07,5.4439258882693803e-22,2.4026713256338195e-20,-3.5295805109898556e-05,2.9438194526812639e-18,1.3475156098192564e-15,4.7732072655932936e-24,-6.9619542266993605e-10,-1.344151821888837e-11,2.0999999999999996,6.963251689825664e-10,-1.0587911840678754e-22,1,-1,-1,0
1,6.4040582381840266e-05,133,-1.0496642486538923e-06,1.0944898612635252e-21,-4.333695291087891e-21,-3.3575134610878342e-05,1.6875121630410924e-17,-6.2650857965644778e-16,1.5184809079618114e-23,-9.9297417111300181e-10,-1.8785353998580691e-11,1.3,9.9315184842117939e-10,-2.1175823681357508e-22,1,-1,-1,0
2,6.4040582381840266e-05,133,6.5033575134610754e-07,5.4588142792887583e-22,2.4698093300483087e-20,-3.3575134610878355e-05,2.8767919731534202e-18,1.3570110968274641e-15,4.0043408200680696e-24,-7.2034443533204139e-10,-1.3611982590349157e-11,2.0999999999999996,7.2047303321073551e-10,-1.0587911840678754e-22,1,-1,-1,0
1,6.4540582381840265e-05,134,-1.0496806165320151e-06,1.1029005891577053e-21,-4.6431473424756683e-21,-3.1938346798171226e-05,1.6984743264608699e-17,-6.4204124204155679e-16,1.5455261827496001e-23,-1.0267226003455592e-09,-1.9023530581975106e-11,1.3,1.0268988230474072e-09,-2.1175823681357508e-22,1,-1,-1,0
2,6.4540582381840265e-05,134,6.503193834679847e-07,5.4733643477132769e-22,2.5374245082243487e-20,-3.1938346798171253e-05,2.808930961509232e-18,1.3666265544953847e-15,4.4954236663513881e-24,-7.4479855372556658e-10,-1.3784566801792564e-11,2.0999999999999996,7.4492610365969108e-10,-1.0587911840678754e-22,1,-1,-1,0
1,6.5040582381840263e-05,135,-1.0496961864760793e-06,1.1113657876585524e-21,-4.9603175242195776e-21,-3.0381352391834645e-05,1.7095754774473157e-17,-6.5917062166373448e-16,1.7703872631560028e-23,-1.0639402228191844e-09,-1.9264726969242909e-11,1.3,1.0641146213814258e-09,-2.1175823681357508e-22,1,-1,-1,0
2,6.5040582381840263e-05,135,6.5030381352392059e-07,5.4875772171441005e-22,2.6143992596194233e-20,-3.0381352391834672e-05,2.7402095506319605e-18,1.554866140106009e-15,4.7480021704015157e-24,-7.7176648055316406e-10,-1.3959339181623796e-11,2.0999999999999996,7.7189271512031063e-10,-1.0587911840678754e-22,1,-1,-1,0
1,6.5540582381840262e-05,136,-1.0497109973853704e-06,1.1198868971955001e-21,-5.3745174439930766e-21,-2.8900261463080175e-05,1.7208182813802407e-17,-8.5554426238776246e-16,1.9772454054015284e-23,-1.1046528076777686e-09,-1.950900107156284e-11,1.3,1.1048250660775159e-09,-2.1175823681357508e-22,1,-1,-1,0
2,6.5540582381840262e-05,136,6.5028900261462951e-07,5.5014503794730879e-22,2.6918776828907339e-20,-2.8900261463080175e-05,2.6706112405743476e-18,1.5664658276386677e-15,5.3284114966684805e-24,-8.0126688781903716e-10,-1.4136341692640079e-11,2.0999999999999996,8.0139157823853912e-10,-1.0587911840678754e-22,1,-1,-1,0
1,6.604058238184026e-05,137,-1.0497250862628335e-06,1.1284638178776255e-21,-5.7976857979592315e-21,-2.7491373716487943e-05,1.7322035617646387e-17,-8.7451110626314043e-16,2.00497655055731e-23,-1.1458626822782727e-09,-1.9756370781244375e-11,1.3,1.1460329841782058e-09,-2.1175823681357508e-22,1,-1,-1,0
2,6.604058238184026e-05,137,6.5027491373716631e-07,5.5149776104990064e-22,2.7699114929334847e-20,-2.7491373716487943e-05,2.6001309334348183e-18,1.5782072071807584e-15,5.8093743043021858e-24,-8.3112764310845999e-10,-1.4315587299713321e-11,2.0999999999999996,8.312509219115245e-10,-1.0587911840678754e-22,1,-1,-1,0
1,6.6540582381840259e-05,138,-1.0497384883075203e-06,1.1370966157691266e-21,-6.2302397393829694e-21,-2.6151169248054117e-05,1.7443692055630043e-17,-8.9407846647115677e-16,-6.6311233965574219e-11,-1.1882734556605743e-09,-2.0015088751418928e-11,1.3,1.1902905481248211e-09,-2.1175823681357508e-22,1,-1,-1,0
2,6.6540582381840259e-05,138,6.5026151169247937e-07,5.5281529598924863e-22,2.8485308011391997e-20,-2.615116924805409e-05,2.5304106980757945e-18,1.589893606242667e-15,1.1789952913271474e-23,-8.6115930938686672e-10,-1.449703110708455e-11,2.0999999999999996,8.6128132457088895e-10,-1.0587911840678754e-22,1,-1,-1,0
1,6.7040582381840258e-05,139,-1.0497512370025285e-06,1.1457866908107957e-21,-6.6723373004131895e-21,-2.4876299747067049e-05,1.755532241996053e-17,-9.1464145495852854e-16,-3.2146891907331133e-11,-1.2331171556966842e-09,-2.0262800388297253e-11,1.3,1.233702526305413e-09,-2.1175823681357508e-22,1,-1,-1,0
2,6.7040582381840258e-05,139,6.5024876299747108e-07,5.5409737364515656e-22,2.9366226890413561e-20,-2.4876299747067049e-05,2.4567827876082197e-18,1.7806025766328822e-15,6.1243876653639204e-24,-8.9411373526503045e-10,-1.4680594949417232e-11,2.0999999999999996,8.9423424864945418e-10,-3.1763735522036263e-22,1,-1,-1,0
1,6.7540582381840256e-05,140,-1.0497633641986552e-06,1.1545347854745901e-21,-7.1244550567065104e-21,-2.3663580134510723e-05,1.7673483650471728e-17,-9.3574530098541105e-16,-3.2189848299653237e-11,-1.2789702776160065e-09,-2.0519601527306554e-11,1.3,1.2795398436178372e-09,-2.1175823681357508e-22,1,-1,-1,0
2,6.7540582381840256e-05,140,6.5023663580134447e-07,5.5534353439213172e-22,3.0253348747455144e-20,-2.3663580134510709e-05,2.3835812152431834e-18,1.7936690115157797e-15,7.225187337923137e-24,-9.2734340298208855e-10,-1.4866721682484962e-11,2.0999999999999996,9.2746256337815852e-10,-1.0587911840678754e-22,1,-1,-1,0
1,6.8040582381840255e-05,141,-1.0497749001939709e-06,1.1633421554950509e-21,-7.5870923422069265e-21,-2.2509980602877189e-05,1.7793154181837267e-17,-9.5711701538824165e-16,-3.2184483971290185e-11,-1.3254052051858966e-09,-2.0779674876054444e-11,1.3,1.3259587451464399e-09,-2.1175823681357508e-22,1,-1,-1,0
2,6.8040582381840255e-05,141,6.5022509980602896e-07,5.5655345440868469e-22,3.1146946089771668e-20,-2.2509980602877176e-05,2.3094482614479719e-18,1.8069012838047152e-15,6.8316772188152182e-24,-9.609948738359229e-10,-1.50552205530859e-11,2.0999999999999996,9.6111279629647196e-10,-1.0587911840678754e-22,1,-1,-1,0
1,6.8540582381840253e-05,142,-1.0497858738095147e-06,1.1722090358675866e-21,-8.060351930483387e-21,-2.1412619048365714e-05,1.7914347240401925e-17,-9.7875980455359997e-16,-3.2151485680802645e-11,-1.3724289544663957e-09,-2.1043049655389589e-11,1.3,1.3729667741893852e-09,-2.1175823681357508e-22,1,-1,-1,0
2,6.8540582381840253e-05,142,6.5021412619048515e-07,5.5772654904055461e-22,3.2047117061120126e-20,-2.1412619048365687e-05,2.2343760394235691e-18,1.8203013301284709e-15,6.8626166762282485e-24,-9.9507307923234664e-10,-1.5246111500716865e-11,2.0999999999999996,9.9518986978809038e-10,-1.0587911840678754e-22,1,-1,-1,0
1,6.9040582381840252e-05,143,-1.0497963124613008e-06,1.1811356253142798e-21,-8.5443331072783366e-21,-2.0368753869813707e-05,1.8036076090409147e-17,-1.1796478755090154e-15,2.8472024450726717e-23,-1.4228878672730484e-09,-2.1307777320974216e-11,1.3,1.4230474005482755e-09,-2.1175823681357508e-22,1,-1,-1,0
2,6.9040582381840252e-05,143,6.5020368753869894e-07,5.5886221301715996e-22,3.304278173472784e-20,-2.0368753869813707e-05,2.1581058788757673e-18,2.0124078183449212e-15,8.6697519839865855e-24,-1.0318609181769905e-09,-1.5439745982645278e-11,2.0999999999999996,1.0319764242544839e-09,-1.0587911840678754e-22,1,-1,-1,0
1,6.9540582381840251e-05,144,-1.0498062422288125e-06,1.1901232274195452e-21,-9.1280382433135543e-21,-1.9375777118672239e-05,1.8161261692885084e-17,-1.2047039266879686e-15,-3.2166826074382847e-11,-1.4773824109021742e-09,-2.157958507468293e-11,1.3,1.4778901079697421e-09,-2.1175823681357508e-22,1,-1,-1,0
2,6.9540582381840251e-05,144,6.5019375777118734e-07,5.5996010725275533e-22,3.4045197814264639e-20,-1.9375777118672252e-05,2.0813530588540538e-18,2.0278497212341469e-15,7.9132860818971515e-24,-1.0711475034213671e-09,-1.5635226283324243e-11,2.0999999999999996,1.0712616087523898e-09,-1.0587911840678754e-22,1,-1,-1,0
1,7.0040582381840249e-05,145,-1.0498156879201579e-06,1.1991726130336035e-21,-9.7241642129159785e-21,-1.8431207983948749e-05,1.828713325055172e-17,-1.2300159117554478e-15,-3.2104405559255954e-11,-1.5323781487770621e-09,-2.1853108677887639e-11,1.3,1.5328701973959231e-09,-2.1175823681357508e-22,1,-1,-1,0
2,7.0040582381840249e-05,145,6.5018431207984184e-07,5.610197545543316e-22,3.5055302981247891e-20,-1.8431207983948721e-05,2.0033953880446211e-18,2.0435209906500229e-15,8.4707924294021217e-24,-1.1110019331043178e-09,-1.5833463635452484e-11,2.0999999999999996,1.1111147528190894e-09,-1.0587911840678754e-22,1,-1,-1,0
1,7.0540582381840248e-05,146,-1.0498246731340501e-06,1.208284566768113e-21,-1.0332868556706078e-20,-1.7532686595043577e-05,1.8414593600347813e-17,-1.2556472792759561e-15,-3.1103415634302477e-11,-1.5880614160095501e-09,-2.2129989194309058e-11,1.3,1.5885201351900196e-09,-2.1175823681357508e-22,1,-1,-1,0
2,7.0540582381840248e-05,146,6.5017532686594963e-07,5.6204066920991354e-22,3.6073194760823226e-20,-1.7532686595043563e-05,1.9244368557224615e-18,2.2370286574551093e-15,8.5519341104732369e-24,-1.1513669221398611e-09,-1.6034273543294039e-11,2.0999999999999996,1.1514785657257707e-09,-1.0587911840678754e-22,1,-1,-1,0
1,7.1040582381840247e-05,147,-1.0498332203187651e-06,1.2174602432323317e-21,-1.0953996696280915e-20,-1.6677968123683437e-05,1.8542984232361989e-17,-1.2829445999907215e-15,3.264264458066267e-23,-1.6473230773846902e-09,-2.240914431138999e-11,1.3,1.6474754902677412e-09,-2.1175823681357508e-22,1,-1,-1,0
2,7.1040582381840247e-05,147,6.5016677968123474e-07,5.6302245334736432e-22,3.7187564724233304e-20,-1.6677968123683437e-05,1.844305600524582e-18,2.2539890936313693e-15,8.9704037279425161e-24,-1.194487594979428e-09,-1.6237803251099246e-11,2.0999999999999996,1.1945979578143266e-09,-1.0587911840678754e-22,1,-1,-1,0
1,7.1540582381840245e-05,148,-1.0498413508282252e-06,1.2267000802455552e-21,-1.1588715665077744e-20,-1.5864917177278633e-05,1.8674441854152177e-17,-1.310694500061141e-15,-3.2011157199709424e-11,-1.7076649545999237e-09,-2.2694634111468666e-11,1.3,1.7081157331315338e-09,-2.1175823681357508e-22,1,-1,-1,0
2,7.1540582381840245e-05,148,6.5015864917177464e-07,5.6396451414052414e-22,3.8310347821855178e-20,-1.5864917177278661e-05,1.7635324175648661e-18,2.2711071377882163e-15,9.4999386143895439e-24,-1.2380343647471168e-09,-1.6443448982252217e-11,2.0999999999999996,1.2381435600564377e-09,-1.0587911840678754e-22,1,-1,-1,0
1,7.2040582381840244e-05,149,-1.0498490849753492e-06,1.2360048462405813e-21,-1.2326013579286035e-20,-1.5091502464959473e-05,1.8806781288222266e-17,-1.5177753692891028e-15,-3.2071996035891904e-11,-1.7716364051222041e-09,-2.2982177557667615e-11,1.3,1.7720757166016764e-09,-2.1175823681357508e-22,1,-1,-1,0
2,7.2040582381840244e-05,149,6.5015091502465064e-07,5.6486634335857536e-22,3.9441651111855283e-20,-1.5091502464959473e-05,1.6815335967052476e-18,2.4669745572085813e-15,1.0580381468915108e-23,-1.2844019338421635e-09,-1.6651972518833481e-11,2.0999999999999996,1.2845098737830929e-09,-1.0587911840678754e-22,1,-1,-1,0
1,7.2540582381840242e-05,150,-1.0498564420828009e-06,1.24537540183936e-21,-1.3077262607417181e-20,-1.4355791720014358e-05,1.8940294782009917e-17,-1.5489316332266655e-15,3.8712733901499299e-23,-1.8392859280817566e-09,-2.3272386954571705e-11,1.3,1.8394331543261181e-09,-2.1175823681357508e-22,1,-1,-1,0
2,7.2540582381840242e-05,150,6.5014355791719889e-07,5.6572742991039373e-22,4.067041009464113e-20,-1.4355791720014344e-05,1.5983514507351318e-18,2.4863184699924818e-15,1.0292940939061363e-23,-1.3335847685980461e-09,-1.686331415875042e-11,2.0999999999999996,1.3336913834921184e-09,-1.0587911840678754e-22,1,-1,-1,0
1,7.3040582381840241e-05,151,-1.0498634405312644e-06,1.2548125819676422e-21,-1.3844016492773509e-20,-1.3655946873537738e-05,1.9076103545773963e-17,-1.5805318801036257e-15,3.9247184676980511e-23,-1.9079444245277064e-09,-2.3567460710599253e-11,1.3,1.9080899748939271e-09,-2.1175823681357508e-22,1,-1,-1,0
2,7.3040582381840241e-05,151,6.5013655946873552e-07,5.6654726106393024e-22,4.1908767984616598e-20,-1.3655946873537738e-05,1.5142793588768197e-18,2.5058805275829411e-15,1.0848129504333014e-23,-1.3833350501481534e-09,-1.7077126410050712e-11,2.0999999999999996,1.3834404538016153e-09,-1.0587911840678754e-22,1,-1,-1,0
1,7.354058238184024e-05,152,-1.0498700978053652e-06,1.264316970078292e-21,-1.4626449288632134e-20,-1.2990219463270998e-05,1.9214143887991652e-17,-1.6139765805519574e-15,-3.2215011688117601e-11,-1.9806513200335387e-09,-2.3867283990828499e-11,1.3,1.981057067773103e-09,-2.1175823681357508e-22,1,-1,-1,0
2,7.354058238184024e-05,152,6.501299021946347e-07,5.6732524015332358e-22,4.3245677001115937e-20,-1.2990219463270998e-05,1.4292837233289674e-18,2.7041684611388049e-15,1.1740867936831302e-23,-1.4358689248526678e-09,-1.7293463435930695e-11,2.0999999999999996,1.4359730614587329e-09,-1.0587911840678754e-22,1,-1,-1,0
1,7.4040582381840238e-05,153,-1.0498764305373538e-06,1.2738896944297726e-21,-1.5425138141760946e-20,-1.2356946264292443e-05,1.9352902301463842e-17,-1.825383385133446e-15,4.5155025292165285e-23,-2.0539855565928661e-09,-2.4168865555546458e-11,1.3,2.0541277469413503e-09,2.1175823681357508e-22,1,-1,-1,0
2,7.4040582381840238e-05,153,6.501235694626462e-07,5.6806091585554231e-22,4.4592649291162937e-20,-1.2356946264715959e-05,1.3429277482145854e-18,2.7251260055311614e-15,1.2655148503925763e-23,-1.4891571902536993e-09,-1.751290804503625e-11,2.0999999999999996,1.489260165059311e-09,1.0587911840678754e-22,1,-1,-1,0
1,7.4540582381840237e-05,154,-1.0498824545486577e-06,1.2835316228741025e-21,-1.6329107082205148e-20,-1.1754545134414222e-05,1.9493939331646512e-17,-1.8610185160952181e-15,4.8501914066933377e-23,-2.1314106842033753e-09,-2.4475298845161712e-11,1.3,2.1315512062790938e-09,-2.1175823681357508e-22,1,-1,-1,0
2,7.4540582381840237e-05,154,6.5011754545134197e-07,5.6875375092885252e-22,4.5949812494995638e-20,-1.1754545134414195e-05,1.2556191104748746e-18,2.924821532447395e-15,1.3992851875056698e-23,-1.5452598383696777e-09,-1.7734951483967529e-11,2.0999999999999996,1.5453616070623798e-09,-1.0587911840678754e-22,1,-1,-1,0
1,7.5040582381840235e-05,155,-1.0498881848894107e-06,1.2932436321255087e-21,-1.7250442492556764e-20,-1.1181511058774171e-05,1.96371700842182e-17,-1.8985354093213997e-15,-3.2177675976628104e-11,-2.2129616579428661e-09,-2.478644715436231e-11,1.3,2.2133343783348758e-09,-2.1175823681357508e-22,1,-1,-1,0
2,7.5040582381840235e-05,155,6.5011181511058916e-07,5.6940320264540256e-22,4.7406544212645436e-20,-1.1181511058774157e-05,1.1673216207845245e-18,2.9480002191553522e-15,1.4682324845136972e-23,-1.6042180593986098e-09,-1.7959647408712831e-11,2.0999999999999996,1.604318587761074e-09,-1.0587911840678754e-22,1,-1,-1,0
1,7.5540582381840234e-05,156,-1.0498936358760519e-06,1.3030268078411893e-21,-1.8190419734351288e-20,-1.0636412394724365e-05,1.9781402810459156e-17,-1.9364498787310385e-15,4.9846689861576089e-23,-2.2953018058588085e-09,-2.509987509535599e-11,1.3,2.2954390394232888e-09,-2.1175823681357508e-22,1,-1,-1,0
2,7.5540582381840234e-05,156,6.5010636412394806e-07,5.7000877932821727e-22,4.8874793366577254e-20,-1.0636412394724392e-05,1.077665528369573e-18,2.9715171378884358e-15,1.5325928966633065e-23,-1.6640162124048931e-09,-1.8187523261136889e-11,2.0999999999999996,1.6641156033006544e-09,-1.0587911840678754e-22,1,-1,-1,0
1,7.6040582381840233e-05,157,-1.0498988211270943e-06,1.3128816566898927e-21,-1.9238054570204328e-20,-1.0117887290286368e-05,1.992787273199206e-17,-2.1553195069540516e-15,5.5659363830454638e-23,-2.3848915404881307e-09,-2.541811251022121e-11,1.3,2.3850269894354302e-09,-2.1175823681357508e-22,1,-1,-1,0
2,7.6040582381840233e-05,157,6.5010117887290564e-07,5.7056980653215907e-22,5.0443545811240393e-20,-1.0117887290286381e-05,9.8699367218521995e-19,3.1746785968609982e-15,1.5686332843961755e-23,-1.728933419547157e-09,-1.8418120041535931e-11,2.0999999999999996,1.7290315197742609e-09,-1.0587911840678754e-22,1,-1,-1,0
1,7.6540582381840231e-05,158,-1.0499037535971485e-06,1.3228092859303684e-21,-2.0305497402692531e-20,-9.6246402850504447e-06,2.0076199722896609e-17,-2.1970588792626368e-15,5.6481406746872167e-23,-2.4755794203902999e-09,-2.5740384807796929e-11,1.3,2.4757132374469437e-09,2.1175823681357508e-22,1,-1,-1,0
2,7.6540582381840231e-05,158,6.5009624640285148e-07,5.7108577920785221e-22,5.202456034905824e-20,-9.6246402854739747e-06,8.9517220160976092e-19,3.2005172559092942e-15,1.7252385469822758e-23,-1.7946463525736222e-09,-1.8651640522670124e-11,2.0999999999999996,1.7947432725880304e-09,1.0587911840678754e-22,1,-1,-1,0
1,7.704058238184023e-05,159,-1.0499084456092875e-06,1.332810777686599e-21,-2.1393697303566845e-20,-9.1554390712448463e-06,2.0226409088974897e-17,-2.2407273415958586e-15,6.0102918958062735e-23,-2.5704586578185139e-09,-2.6066746970385751e-11,1.3,2.5705908244704706e-09,-2.1175823681357508e-22,1,-1,-1,0
2,7.704058238184023e-05,159,6.5009155439071236e-07,5.7155617377400593e-22,5.37072222459112e-20,-9.1554390712448192e-06,8.0218545119633818e-19,3.4051857974836386e-15,1.6510864130685174e-23,-1.8633963718805126e-09,-1.8888124545041444e-11,2.0999999999999996,1.8634920981818748e-09,-1.0587911840678754e-22,1,-1,-1,0
1,7.7540582381840228e-05,160,-1.0499129088858348e-06,1.3428867485988204e-21,-2.2503238489397226e-20,-8.7091114163571388e-06,2.0378521175944095e-17,-2.4625763555493112e-15,6.3307788507756051e-23,-2.6665217322071744e-09,-2.6397243203454738e-11,1.3,2.666652388816715e-09,-2.1175823681357508e-22,1,-1,-1,0
2,7.7540582381840228e-05,160,6.5008709111416511e-07,5.7198031589100358e-22,5.5403115511102234e-20,-8.7091114163571388e-06,7.0802082592076949e-19,3.4325559541592879e-15,1.8723414883501136e-23,-1.9330042094996237e-09,-1.9127604140213443e-11,2.0999999999999996,1.9330988436144208e-09,-1.0587911840678754e-22,1,-1,-1,0
1,7.8040582381840227e-05,161,-1.0499171545776503e-06,1.3530383034750931e-21,-2.3723226463762328e-20,-8.2845422347645664e-06,2.0532561868440479e-17,-2.5101411011112321e-15,6.7210987550535441e-23,-2.7698664728330806e-09,-2.6731929746894207e-11,1.3,2.7699954645076163e-09,-2.1175823681357508e-22,1,-1,-1,0
2,7.8040582381840227e-05,161,6.5008284542234964e-07,5.7235766793501696e-22,5.7201215966136447e-20,-8.2845422347645664e-06,6.1266230199711248e-19,3.6396364805896514e-15,1.9432408164765796e-23,-2.0078883897440131e-09,-1.9370120059950928e-11,2.0999999999999996,2.007981819444574e-09,-1.0587911840678754e-22,1,-1,-1,0
1,7.8540582381840226e-05,162,-1.0499211932919898e-06,1.3632664006327532e-21,-2.4966508691294073e-20,-7.8806708010517351e-06,2.0688555618919073e-17,-2.5583002291932542e-15,6.8130397205534361e-23,-2.874502632571673e-09,-2.7070859729004105e-11,1.3,2.8746301007447802e-09,-2.1175823681357508e-22,1,-1,-1,0
2,7.8540582381840226e-05,162,6.5007880670801008e-07,5.7268763666198073e-22,5.901373667313072e-20,-7.8806708010517622e-06,5.1609474218178846e-19,3.6694492741644265e-15,1.878225636383778e-23,-2.0837083427198113e-09,-1.9615710801338347e-11,2.0999999999999996,2.0838006703210326e-09,-1.0587911840678754e-22,1,-1,-1,0
1,7.9040582381840224e-05,163,-1.0499250351190053e-06,1.3735720105394863e-21,-2.6322538864286226e-20,-7.4964880991539062e-06,2.0846527189901692e-17,-2.7875051727567343e-15,7.4591111655577945e-23,-2.9865480321579565e-09,-2.7414086951678199e-11,1.3,2.9866738490417658e-09,2.1175823681357508e-22,1,-1,-1,0
2,7.9040582381840224e-05,163,6.5007496488099468e-07,5.7296962130618536e-22,6.0929889095684521e-20,-7.4964880995774362e-06,4.1830281727728554e-19,3.8790087854911126e-15,2.156178891106211e-23,-2.1648970786882347e-09,-1.9864415349571095e-11,2.0999999999999996,2.1649882115868514e-09,1.0587911840678754e-22,1,-1,-1,0
1,7.9540582381840223e-05,164,-1.0499286896569538e-06,1.3839561159673795e-21,-2.7703512615573693e-20,-7.1310343045203348e-06,2.1006717793591541e-17,-2.8397380333286919e-15,3.216058745475465e-11,-3.1000617852394607e-09,-2.7762121684478835e-11,1.3,3.1003529010562543e-09,-2.1175823681357508e-22,1,-1,-1,0
2,7.9540582381840223e-05,164,6.5007131034304616e-07,5.7320301348490453e-22,6.2861482780992376e-20,-7.1310343045203212e-06,3.193401292901057e-19,4.0889464791183676e-15,2.2621200612703816e-23,-2.2470552039041378e-09,-2.0116174296165859e-11,2.0999999999999996,2.2471452444959983e-09,-1.0587911840678754e-22,1,-1,-1,0
1,8.0040582381840221e-05,165,-1.0499321660361771e-06,1.3944198173082544e-21,-2.9110100069088199e-20,-6.7833963821693354e-06,2.1168505536329463e-17,-3.0716053822074863e-15,8.2309433373982091e-23,-3.2178652826773361e-09,-2.8113654176994446e-11,1.3,3.2179880911854341e-09,-2.1175823681357508e-22,1,-1,-1,0
2,8.0040582381840221e-05,165,6.5006783396382272e-07,5.7338723125636425e-22,6.4897734295802172e-20,-6.7833963821693083e-06,2.1898288855189988e-19,4.1225510804610313e-15,2.464726828292133e-23,-2.3325108883010693e-09,-2.0371326046733746e-11,2.0999999999999996,2.3325998445871393e-09,-1.0587911840678754e-22,1,-1,-1,0
1,8.054058238184022e-05,166,-1.0499354729419134e-06,1.4049640080328623e-21,-3.0632125228280675e-20,-6.4527058085883042e-06,2.1332749076945064e-17,-3.1279680811755544e-15,3.1991829489373919e-11,-3.3403502418301766e-09,-2.8470503633222672e-11,1.3,3.3406247596559128e-09,-2.1175823681357508e-22,1,-1,-1,0
2,8.054058238184022e-05,166,6.5006452705808645e-07,5.7352161452598264e-22,6.6950465348781521e-20,-6.4527058085883177e-06,1.174849489459668e-19,4.3350478011306527e-15,2.5767660563604716e-23,-2.4211766763833738e-09,-2.0629522130564265e-11,2.0999999999999996,2.4212645612254305e-09,-1.0587911840678754e-22,1,-1,-1,0
1,8.1040582381840219e-05,167,-1.0499386186359951e-06,1.4155897138464872e-21,-3.2181803525050108e-20,-6.1381364005339489e-06,2.1498701102122912e-17,-3.1863863753065762e-15,8.7780897298973569e-23,-3.4672518324777716e-09,-2.8831075079256746e-11,1.3,3.4673716992429138e-09,-2.1175823681357508e-22,1,-1,-1,0
2,8.1040582381840219e-05,167,6.500613813640047e-07,5.7360553128685989e-22,6.9109133441450788e-20,-6.1381364005339353e-06,1.4576109709336638e-20,4.3712416648902869e-15,2.4394686422845723e-23,-2.513217831165508e-09,-2.089117362757755e-11,2.0999999999999996,2.51330465881552e-09,-1.0587911840678754e-22,1,-1,-1,0
1,8.1540582381840217e-05,168,-1.0499416109774903e-06,1.4262978822105924e-21,-3.3849327577301083e-20,-5.8389022511401949e-06,2.1666944381772147e-17,-3.4260056853851474e-15,9.4807465146229384e-23,-3.6019246641275208e-09,-2.9196619798765944e-11,1.3,3.6020429937270082e-09,-2.1175823681357508e-22,1,-1,-1,0
2,8.1540582381840217e-05,168,6.5005838902250955e-07,5.7363831307650211e-22,7.1374603987017252e-20,-5.8389022511401678e-06,-8.9574491969368171e-20,4.5872481650111427e-15,2.7353950640943242e-23,-2.6108025534168487e-09,-2.1156049570734691e-11,2.0999999999999996,2.6108882686475454e-09,-1.0587911840678754e-22,1,-1,-1,0
1,8.2040582381840216e-05,169,-1.0499444574423377e-06,1.4370897291131983e-21,-3.5546981465049961e-20,-5.5542557660463032e-06,2.1837475365340824e-17,-3.4887801730738772e-15,3.1998389044668141e-11,-3.7383381856993182e-09,-2.9567133813514471e-11,1.3,3.738592048212946e-09,-2.1175823681357508e-22,1,-1,-1,0
2,8.2040582381840216e-05,169,6.5005554255766215e-07,5.7361937014966631e-22,7.3658712407148189e-20,-5.5542557660463168e-06,-1.9499408935588812e-19,4.8037172038418366e-15,2.8488302124769207e-23,-2.7095699794698071e-09,-2.142420802073854e-11,2.0999999999999996,2.7096546773220621e-09,-1.0587911840678754e-22,1,-1,-1,0
1,8.2540582381840214e-05,170,-1.0499471651420237e-06,1.447966156626631e-21,-3.7364282630502405e-20,-5.2834857974614182e-06,2.2009999470326269e-17,-3.7327535746225497e-15,3.2200278746010124e-11,-3.8824709626618141e-09,-2.9941987619041632e-11,1.3,3.8827199430922205e-09,-2.1175823681357508e-22,1,-1,-1,0
2,8.2540582381840214e-05,170,6.5005283485797623e-07,5.735479915135358e-22,7.6050737486398277e-20,-5.2834857974613911e-06,-3.0180429433999124e-19,4.8447841504641956e-15,2.9884896310912413e-23,-2.8140114791563563e-09,-2.1695843426331561e-11,2.0999999999999996,2.8140951146764254e-09,-1.0587911840678754e-22,1,-1,-1,0
1,8.3040582381840213e-05,171,-1.0499497408413501e-06,1.4589283853766287e-21,-3.9214217131551734e-20,-5.0259158650039538e-06,2.2184712835743478e-17,-3.9789591167920968e-15,-3.2210214084002077e-11,-4.0314527072018788e-09,-3.0321589760135619e-11,1.3,4.0316954035619156e-09,-2.1175823681357508e-22,1,-1,-1,0
2,8.3040582381840213e-05,171,6.5005025915864981e-07,5.7342356393037373e-22,7.8551769278055217e-20,-5.0259158650039267e-06,-4.0997053691705408e-19,5.0648689493463309e-15,3.1089162240576647e-23,-2.9219680356612796e-09,-2.1970929062532039e-11,2.0999999999999996,2.9220506366505879e-09,-1.0587911840678754e-22,1,-1,-1,0
1,8.3540582381840212e-05,172,-1.0499521909753344e-06,1.4699774292188569e-21,-4.1186360719771632e-20,-4.7809024666272987e-06,2.236152315805238e-17,-4.0497613155428415e-15,1.1247015107314461e-22,-4.1852647281346774e-09,-3.0705741616112025e-11,1.3,4.1853773649620209e-09,-2.1175823681357508e-22,1,-1,-1,0
2,8.3540582381840212e-05,172,6.5004780902466551e-07,5.7324538979774288e-22,8.1073472130815614e-20,-4.7809024666272716e-06,-5.1955182968438451e-19,5.1087240762071772e-15,3.2478601408795191e-23,-3.0334942080652497e-09,-2.2249568484783431e-11,2.0999999999999996,3.0335758031839548e-09,-1.0587911840678754e-22,1,-1,-1,0
1,8.404058238184021e-05,173,-1.0499545216652868e-06,1.4811143909018171e-21,-4.3193695511154707e-20,-4.5478334711931132e-06,2.2540706621652465e-17,-4.2991175702666862e-15,1.2026202079753568e-22,-4.3410931514427028e-09,-3.1095056238824411e-11,1.3,4.3412045162633416e-09,-2.1175823681357508e-22,1,-1,-1,0
2,8.404058238184021e-05,173,6.5004547833471315e-07,5.7301278744394442e-22,8.3616960386686235e-20,-4.5478334711931132e-06,-6.3047492618999917e-19,5.3307582087273033e-15,3.5613488954376667e-23,-3.1464084097276304e-09,-2.2531668245418641e-11,2.0999999999999996,3.1464890841823492e-09,-1.0587911840678754e-22,1,-1,-1,0
1,8.4540582381840209e-05,174,-1.0499567387341041e-06,1.4923403838180256e-21,-4.5324804450528662e-20,-4.326126589380592e-06,2.2722161875277554e-17,-4.3745296229327409e-15,1.2189321160492184e-22,-4.504942110665916e-09,-3.1489306814060093e-11,1.3,4.5050521636152793e-09,-2.1175823681357508e-22,1,-1,-1,0
2,8.4540582381840209e-05,174,6.5004326126589586e-07,5.7272506651460939e-22,8.6270906543067628e-20,-4.326126589380592e-06,-7.4280436891021625e-19,5.3774418603780834e-15,3.5225928816871654e-23,-3.2651343422394912e-09,-2.2817344627499678e-11,2.0999999999999996,3.2652140671152885e-09,-1.0587911840678754e-22,1,-1,-1,0
1,8.5040582381840207e-05,175,-1.0499588477208164e-06,1.5036564855616206e-21,-4.7582193869680703e-20,-4.115227918196154e-06,2.2906017698445521e-17,-4.6313506099930593e-15,-3.2209357818953327e-11,-4.6770081452748238e-09,-3.1888785791059253e-11,1.3,4.6772277610094407e-09,-2.1175823681357508e-22,1,-1,-1,0
2,8.5040582381840207e-05,175,6.5004115227918355e-07,5.7238150859313458e-22,8.9036873313050492e-20,-4.1152279181961269e-06,-8.5651912011174842e-19,5.6040750027087293e-15,3.7573489283480063e-23,-3.389750223443873e-09,-2.3106581144326301e-11,2.0999999999999996,3.3898289767228623e-09,-1.0587911840678754e-22,1,-1,-1,0
1,8.5540582381840206e-05,176,-1.0499608538944264e-06,1.5150638945766201e-21,-4.9878240403827909e-20,-3.914610557114744e-06,2.3092002374981668e-17,-4.8905224576783666e-15,1.3824626174691882e-22,-4.8541441689072358e-09,-3.2292864864099258e-11,1.3,4.8542515840917484e-09,-2.1175823681357508e-22,1,-1,-1,0
2,8.5540582381840206e-05,176,6.5003914610557338e-07,5.7198142712269026e-22,9.1915588519999653e-20,-3.914610557114744e-06,-9.7175324967611155e-19,5.8322074696509723e-15,4.17748457101482e-23,-3.5181682425970105e-09,-2.3399607713317092e-11,2.0999999999999996,3.5182460580322227e-09,-1.0587911840678754e-22,1,-1,-1,0
1,8.6040582381840205e-05,177,-1.049962762267073e-06,1.526563814228131e-21,-5.2302955893676666e-20,-3.7237732929013836e-06,2.3280447316107351e-17,-4.9758924701424754e-15,1.437600763463537e-22,-5.0396289309212537e-09,-3.2702302039189657e-11,1.3,5.0397350329096825e-09,-2.1175823681357508e-22,1,-1,-1,0
2,8.6040582381840205e-05,177,6.500372377329267e-07,5.715241226944547e-22,9.4907780965673857e-20,-3.72377329290137e-06,-1.0884096417962866e-18,6.0626912565441539e-15,4.0589668593212441e-23,-3.6525716141313332e-09,-2.3696288398684423e-11,2.0999999999999996,3.652648478904293e-09,-1.0587911840678754e-22,1,-1,-1,0
1,8.6540582381840203e-05,178,-1.0499645776065531e-06,1.5381573682009576e-21,-5.485856845716907e-20,-3.542239344476463e-06,2.3471281478943094e-17,-5.2413716324962209e-15,1.5237972035847687e-22,-5.2304878276813042e-09,-3.3116930312393608e-11,1.3,5.230592666858662e-09,-2.1175823681357508e-22,1,-1,-1,0
2,8.6540582381840203e-05,178,6.5003542239344657e-07,5.7100885149458565e-22,9.7926022768285345e-20,-3.5422393444764901e-06,-1.206545075921352e-18,6.2947062366444752e-15,4.4907714890091131e-23,-3.7908691177625566e-09,-2.3996730585537368e-11,2.0999999999999996,3.7909450683285643e-09,-1.0587911840678754e-22,1,-1,-1,0
1,8.7040582381840202e-05,179,-1.0499663044482336e-06,1.549845744004287e-21,-5.7545966644604684e-20,-3.3695551765767904e-06,2.3664611660078477e-17,-5.5107617552358159e-15,3.2198913332448995e-11,-5.4298602107137365e-09,-3.3536992133157011e-11,1.3,5.4300592453262744e-09,-2.1175823681357508e-22,1,-1,-1,0
2,8.7040582381840202e-05,179,6.5003369555176612e-07,5.7043487824075685e-22,1.0105968190206897e-19,-3.3695551765767904e-06,-1.3261479609533241e-18,6.5291234109414653e-15,4.5619422174081044e-23,-3.9352807085516011e-09,-2.4300934227103208e-11,2.0999999999999996,3.9353557387487475e-09,-1.0587911840678754e-22,1,-1,-1,0
1,8.75405823818402e-05,180,-1.049967947106382e-06,1.5616301450190979e-21,-6.0278268563813815e-20,-3.2052893616992413e-06,2.3860310307822961e-17,-5.7826817604287577e-15,3.2213955955712162e-11,-5.6347126088891739e-09,-3.3962189358929063e-11,1.3,5.6349070404079431e-09,-2.1175823681357508e-22,1,-1,-1,0
2,8.75405823818402e-05,180,6.5003205289361757e-07,5.6980145881786963e-22,1.043099567526056e-19,-3.2052893616992277e-06,-1.4472996781689288e-18,6.7651262752528861e-15,5.0987713110775702e-23,-4.0837200832556456e-09,-2.4609045813757469e-11,2.0999999999999996,4.083794231290475e-09,-3.1763735522036263e-22,1,-1,-1,0
1,8.8040582381840199e-05,181,-1.0499695096849459e-06,1.5735117878024871e-21,-6.3145556817332101e-20,-3.0490315052629616e-06,2.4058424245563536e-17,-6.058565468805608e-15,1.7950319641534347e-22,-5.8481621401732152e-09,-3.4392624285905272e-11,1.3,5.8482632695835978e-09,-2.1175823681357508e-22,1,-1,-1,0
2,8.8040582381840199e-05,181,6.5003049031505378e-07,5.6910783943004674e-22,1.0767763035057059e-19,-3.049031505262948e-06,-1.5700144076449977e-18,7.003600345530503e-15,5.2744067659351861e-23,-4.2384396482777248e-09,-2.4921106253910765e-11,2.0999999999999996,4.2385129129954907e-09,-1.0587911840678754e-22,1,-1,-1,0
1,8.8540582381840198e-05,182,-1.0499709960878048e-06,1.5854918736447014e-21,-6.6149801122453334e-20,-2.9003912192438792e-06,2.4259121857065654e-17,-6.160855921520477e-15,1.8568519700639366e-22,-6.0704101889954985e-09,-3.4828683023306525e-11,1.3,6.0705101021101597e-09,-2.1175823681357508e-22,1,-1,-1,0
2,8.8540582381840198e-05,182,6.5002900391219486e-07,5.6835324373324788e-22,1.111639305433047e-19,-2.9003912192438792e-06,-1.6942557861966438e-18,7.2445586906752892e-15,5.2729039260001747e-23,-4.3994819278121035e-09,-2.5237077086424839e-11,2.0999999999999996,4.3995543118826446e-09,-1.0587911840678754e-22,1,-1,-1,0
1,8.9040582381840196e-05,183,-1.0499724100285242e-06,1.5975716854281943e-21,-6.9204532692441832e-20,-2.758997147689739e-06,2.446236408240587e-17,-6.2658343747845056e-15,1.9222807795774229e-22,-6.2984984956077674e-09,-3.5270270481653653e-11,1.3,6.2985972478920383e-09,-2.1175823681357508e-22,1,-1,-1,0
2,8.9040582381840196e-05,183,6.5002758997147547e-07,5.675369129299312e-22,1.1477030259911649e-19,-2.758997147689739e-06,-1.8200724018865027e-18,7.4871810361592218e-15,5.3696460664685434e-23,-4.5647560948072453e-09,-2.5557054064002992e-11,2.0999999999999996,4.5648276383771954e-09,-1.0587911840678754e-22,1,-1,-1,0
1,8.9540582381840195e-05,184,-1.0499737550396336e-06,1.6097524875626775e-21,-7.2399905027316134e-20,-2.624496036648206e-06,2.466818318431511e-17,-6.5525703556238358e-15,2.0195781677467654e-22,-6.5355423926595888e-09,-3.5717456758756561e-11,1.3,6.5356399918422629e-09,-2.1175823681357508e-22,1,-1,-1,0
2,8.9540582381840195e-05,184,6.500262449603661e-07,5.6665806429029776e-22,1.1849757335394114e-19,-2.6244960366481924e-06,-1.947484226888037e-18,7.7323549991312253e-15,5.8351213678704476e-23,-4.736519538341381e-09,-2.5881087979951032e-11,2.0999999999999996,4.7365902469819651e-09,-1.0587911840678754e-22,1,-1,-1,0
1,9.0040582381840193e-05,185,-1.0499750344814516e-06,1.6220355875109104e-21,-7.573763188903115e-20,-2.4965518548182423e-06,2.4876664832753599e-17,-6.8448836416574349e-15,-3.2187425408497899e-11,-6.7847173024778122e-09,-3.6170437150613385e-11,1.3,6.7848900658315675e-09,-2.1175823681357508e-22,1,-1,-1,0
2,9.0040582381840193e-05,185,6.5002496551854812e-07,5.6571591623008143e-22,1.2243561383730512e-19,-2.4965518548182423e-06,-2.0764899087112453e-18,7.9809663644161387e-15,6.1150241060088371e-23,-4.9170288565120112e-09,-2.6209196042889554e-11,2.0999999999999996,4.9170987073404408e-09,-1.0587911840678754e-22,1,-1,-1,0
1,9.0540582381840192e-05,186,-1.0499762515504806e-06,1.6344222279702368e-21,-7.9220466331882809e-20,-2.3748449519866619e-06,2.5087683372443007e-17,-7.1414086837123751e-15,2.2226269104748682e-22,-7.0430169191166429e-09,-3.6628911165285006e-11,1.3,7.0431121672238367e-09,-2.1175823681357508e-22,1,-1,-1,0
2,9.0540582381840192e-05,186,6.5002374844951899e-07,5.6470964386554275e-22,1.2649732590434939e-19,-2.374844951986689e-06,-2.2071748195415791e-18,8.232215437618415e-15,6.4163326493250963e-23,-5.1042386585745846e-09,-2.6541533426675631e-11,2.0999999999999996,5.1043076647753038e-09,-3.1763735522036263e-22,1,-1,-1,0
1,9.1040582381840191e-05,187,-1.0499774092873945e-06,1.6469137490730834e-21,-8.2850519332733181e-20,-2.2590712604675449e-06,2.5301430800438355e-17,-7.4422355008924344e-15,2.3679970211961598e-22,-7.3106761851699332e-09,-3.7093323436448664e-11,1.3,7.3107702876683497e-09,-2.1175823681357508e-22,1,-1,-1,0
2,9.1040582381840191e-05,187,6.5002259071260513e-07,5.6363844538834183e-22,1.3068400863757087e-19,-2.2590712604675449e-06,-2.3394946559163358e-18,8.6637479832163689e-15,6.8315755101141825e-23,-5.2981861883338958e-09,-2.6878049403440177e-11,2.0999999999999996,5.2982543649575552e-09,-3.1763735522036263e-22,1,-1,-1,0
1,9.1540582381840189e-05,188,-1.0499785105846339e-06,1.6595115026730041e-21,-8.662958738052783e-20,-2.1489415365369484e-06,2.5517888499255502e-17,-7.9250334148808862e-15,2.5093897519266739e-22,-7.587755067061876e-09,-3.7563624353983706e-11,1.3,7.5878480469496609e-09,-2.1175823681357508e-22,1,-1,-1,0
2,9.1540582381840189e-05,188,6.5002148941536574e-07,5.6250150707929258e-22,1.3499676721890645e-19,-2.1489415365369077e-06,-2.4734922789922463e-18,8.920328671890277e-15,7.4311611706801059e-23,-5.4989592301263947e-09,-2.7218832329451037e-11,2.0999999999999996,5.4990265938096395e-09,-3.1763735522036263e-22,1,-1,-1,0
1,9.2040582381840188e-05,189,-1.0499795581936329e-06,1.6722168114813924e-21,-9.0559818923514647e-20,-2.0441806366623894e-06,2.5737130293576215e-17,-8.2359960113169603e-15,-3.205339391397919e-11,-7.8774476994250917e-09,-3.8039982356606766e-11,1.3,7.8776047576339324e-09,-2.1175823681357508e-22,1,-1,-1,0
2,9.2040582381840188e-05,189,6.5002044180636674e-07,5.6129798498671868e-22,1.3952575684525257e-19,-2.0441806366623759e-06,-2.6091716087733697e-18,9.1804870304409345e-15,7.3383574667651181e-23,-5.7088344594231259e-09,-2.7563908573825634e-11,2.0999999999999996,5.7089010023079571e-09,-3.1763735522036263e-22,1,-1,-1,0
1,9.2540582381840186e-05,190,-1.0499805547316932e-06,1.6850310401917416e-21,-9.4644431801700923e-20,-1.9445268304872149e-06,2.5957746407023074e-17,-8.5511291457543308e-15,2.7754057087330788e-22,-8.1766545167652885e-09,-3.8521548770813949e-11,1.3,8.1767452569012986e-09,-6.3527471044072525e-22,1,-1,-1,0
2,9.2540582381840186e-05,190,6.5001944526830631e-07,5.6002703553539136e-22,1.4418415131574825e-19,-1.9445268304872149e-06,-2.7477147375670454e-18,9.6212985101167962e-15,8.1927674683249937e-23,-5.9258182107752794e-09,-2.7913604315834021e-11,2.0999999999999996,5.9258839540157913e-09,-5.2939559203393771e-22,1,-1,-1,0
1,9.3040582381840185e-05,191,-1.0499815026885232e-06,1.69795497815092e-21,-9.8973991885145668e-20,-1.8497311476232416e-06,2.0381830471892069e-16,-8.8730502759257157e-15,-4.7642629615478734e-22,-8.490648422476572e-09,-3.9010001428215509e-11,1.3,8.4907380370798936e-09,-6.3527471044072525e-22,1,-1,-1,0
2,9.3040582381840185e-05,191,6.5001849731147635e-07,5.5868730962590758e-22,1.4897322756333677e-19,-1.8497311476232145e-06,-2.8868060659820199e-18,9.8882386910325694e-15,-1.3555903572158387e-22,-6.1517614962753334e-09,-2.8267500571160275e-11,2.0999999999999996,6.1518264408746348e-09,-5.2939559203393771e-22,1,-1,-1,0
1,9.3540582381840184e-05,192,-1.0499824044324576e-06,1.7994678899677125e-21,-1.0346338327212882e-19,-1.7595567539291682e-06,2.0543700901757315e-16,-9.378051792308479e-15,-4.6759441209765944e-22,-8.8159525025235865e-09,-4.2527008275554793e-11,1.3,8.8160550743053303e-09,-6.3527471044072525e-22,1,-1,-1,0
2,9.3540582381840184e-05,192,6.5001759556754194e-07,5.5748917776287489e-22,1.5398389335744556e-19,-1.7595567539291547e-06,-3.8888813841896115e-18,1.0158549908026434e-14,-1.3857219603422614e-22,-6.3874739081210964e-09,-3.0815952152236077e-11,2.0999999999999996,6.3875482424663407e-09,-5.2939559203393771e-22,1,-1,-1,0
1,9.4040582381840182e-05,193,-1.0499832622163752e-06,1.9017851849761151e-21,-1.0811497551120007e-19,-1.6737783622433882e-06,2.070763337124851e-16,-9.7086979491259876e-15,-3.2160361111829342e-11,-9.1483944190727387e-09,-4.6088878167129094e-11,1.3,9.1485670419163889e-09,-6.3527471044072525e-22,1,-1,-1,0
2,9.4040582381840182e-05,193,6.5001673778362423e-07,5.5579312729457092e-22,1.590399742323917e-19,-1.6737783622433746e-06,-4.9036512997911746e-18,1.0430881236965443e-14,-1.3290932523867507e-22,-6.6283259250581152e-09,-3.3396657732066188e-11,2.0999999999999996,6.6284100586449232e-09,-5.2939559203393771e-22,1,-1,-1,0
1,9.4540582381840181e-05,194,-1.0499840781833267e-06,2.0049170134367655e-21,-1.1301954780136454e-19,-1.5921816671958479e-06,2.0873635523627358e-16,-1.0046856182517779e-14,-3.2203599700332045e-11,-9.4971483445918376e-09,-4.9695630984198632e-11,1.3,9.4973329628246711e-09,-6.3527471044072525e-22,1,-1,-1,0
2,9.4540582381840181e-05,194,6.5001592181667261e-07,5.5359284371230747e-22,1.643203264807514e-19,-1.5921816671958207e-06,-5.9312860968354688e-18,1.0707874934708125e-14,-1.3107718775830604e-22,-6.881031607468789e-09,-3.6010141918278263e-11,2.0999999999999996,6.8811258318174569e-09,-5.2939559203393771e-22,1,-1,-1,0
1,9.5040582381840179e-05,195,-1.0499848543718894e-06,2.1088739986523191e-21,-1.1809204765118846e-19,-1.5145628109801385e-06,2.1041743176108503e-16,-1.0567467049647541e-14,-3.2197614648029184e-11,-9.8563686488763297e-09,-5.3348119580248448e-11,1.3,9.856565611347797e-09,-6.3527471044072525e-22,1,-1,-1,0
2,9.5040582381840179e-05,195,6.5001514562810999e-07,5.5088197625194239e-22,1.6973842601162158e-19,-1.5145628109801385e-06,-6.9719486686072326e-18,1.1165486902932262e-14,-1.2581311325289894e-22,-7.1413218300996145e-09,-3.8656769169747609e-11,2.0999999999999996,7.1414264560282321e-09,-5.2939559203393771e-22,1,-1,-1,0
1,9.5540582381840178e-05,196,-1.0499855927212599e-06,2.2136659791802455e-21,-1.234229454705411e-19,-1.4407278740455142e-06,2.1211999118192881e-16,-1.091811817380373e-14,-8.4347240225478982e-22,-1.0232230089385603e-08,-5.7046966694291991e-11,1.3,1.0232389112936291e-08,-6.3527471044072525e-22,1,-1,-1,0
2,9.5540582381840178e-05,196,6.5001440727873957e-07,5.4765396786013013e-22,1.7538419358669832e-19,-1.4407278740455006e-06,-8.0257664116822726e-18,1.1627829481548115e-14,-2.3963000846559113e-22,-7.4136762610354592e-09,-4.1337031361182968e-11,2.0999999999999996,7.4137915032459915e-09,-5.2939559203393771e-22,1,-1,-1,0
1,9.6040582381840177e-05,197,-1.0499862950760983e-06,2.3193038789433404e-21,-1.2892760235161776e-19,-1.3704923901411068e-06,2.138437318910271e-16,-1.1452732085220087e-14,-4.0617930328436454e-22,-1.062190469552552e-08,-6.0792389776343521e-11,1.3,1.0622078660765124e-08,-6.3527471044072525e-22,1,-1,-1,0
2,9.6040582381840177e-05,197,6.5001370492390116e-07,5.4390230863631314e-22,1.8126017376449717e-19,-1.3704923901410797e-06,-9.0930151546872616e-18,1.1916506355332338e-14,-1.1724194624573174e-22,-7.6960561073051128e-09,-4.4051149990471898e-11,2.0999999999999996,7.6961821775867423e-09,-5.2939559203393771e-22,1,-1,-1,0
1,9.6540582381840175e-05,198,-1.0499869631911384e-06,2.4257984250520271e-21,-1.3469799952350363e-19,-1.3036808861103763e-06,2.1558964804352986e-16,-1.1993823905344958e-14,3.2212019500509431e-11,-1.1025634337868062e-08,-6.4585793275566627e-11,1.3,1.1025870554802855e-08,-6.3527471044072525e-22,1,-1,-1,0
2,9.6540582381840175e-05,198,6.5001303680886107e-07,5.3962035992505027e-22,1.8727950721896952e-19,-1.3036808861104034e-06,-1.0173742704627505e-17,1.2386788459537935e-14,-1.1212977550663484e-22,-7.9885699701447255e-09,-4.6799667098184475e-11,2.0999999999999996,7.9887070528802459e-09,-5.2939559203393771e-22,1,-1,-1,0
1,9.7040582381840174e-05,199,-1.0499875987355704e-06,2.5331605138321188e-21,-1.4073700357644379e-19,-1.2401264427652835e-06,2.1735756387152636e-16,-1.2365185334491428e-14,-3.6277903238105592e-22,-1.1446524118362755e-08,-6.8426881276809303e-11,1.3,1.144672864316882e-08,-6.3527471044072525e-22,1,-1,-1,0
2,9.7040582381840174e-05,199,6.5001240126442908e-07,5.3480140468779879e-22,1.9353278186381306e-19,-1.2401264427653106e-06,-1.1268188954637412e-17,1.2861983540038275e-14,-1.010708196375201e-22,-8.2935727165510676e-09,-4.9583130480590368e-11,2.0999999999999996,8.2937209316173957e-09,-5.2939559203393771e-22,1,-1,-1,0
1,9.7540582381840172e-05,200,-1.0499882032972114e-06,2.6414011085030449e-21,-1.468712507873357e-19,-1.1796702787184981e-06,2.1914796677648862e-16,-1.2741783371750486e-14,-3.4141140141559765e-22,-1.1878800285581493e-08,-7.2316878857776262e-11,1.3,1.187902041229405e-08,-6.3527471044072525e-22,1,-1,-1,0
2,9.7540582381840172e-05,200,6.5001179670278815e-07,5.2943862945045008e-22,2.0002264751430584e-19,-1.1796702787184846e-06,-1.2376500939921181e-17,1.3340411428732226e-14,-9.6625460305249168e-23,-8.6067990771634253e-09,-5.2401835483552313e-11,2.0999999999999996,8.6069585979614901e-09,-5.2939559203393771e-22,1,-1,-1,0
1,9.8040582381840171e-05,201,-1.0499887783864724e-06,2.7505313500360243e-21,-1.5328097559229047e-19,-1.1221613528475264e-06,2.2096113275466874e-16,-1.3304118890652035e-14,-3.2195074446474066e-11,-1.2328687062199559e-08,-7.6256375340190161e-11,1.3,1.2328964929597513e-08,-6.3527471044072525e-22,1,-1,-1,0
2,9.8040582381840171e-05,201,6.500112216135271e-07,5.2352513983081797e-22,2.0675071273229348e-19,-1.1221613528475264e-06,-1.3498853035827568e-17,1.3823846639156589e-14,-8.6187674559656504e-23,-8.9327619198822983e-09,-5.5256234815736416e-11,2.0999999999999996,8.9329328201204617e-09,-5.2939559203393771e-22,1,-1,-1,0
1,9.854058238184017e-05,202,-1.0499893254401319e-06,2.8605624881982046e-21,-1.5996985668354554e-19,-1.0674559867021138e-06,2.2279829458468293e-16,-1.387481039838378e-14,-2.7959966458867463e-22,-1.2796411136959212e-08,-8.0246009416729015e-11,1.3,1.2796662744955071e-08,-2.1175823681357508e-22,1,-1,-1,0
2,9.854058238184017e-05,202,6.500106745598677e-07,5.1705394900368674e-22,2.13719259256027e-19,-1.0674559867021138e-06,-1.4634510749964607e-17,1.4312210050053822e-14,-8.2565570238994396e-23,-9.2716099435627655e-09,-5.8146750027065859e-11,2.0999999999999996,9.2717922749655394e-09,-3.1763735522036263e-22,1,-1,-1,0
1,9.9040582381840168e-05,203,-1.0499898458249254e-06,2.9715065364680804e-21,-1.6694205204495781e-19,-1.0154175073356865e-06,2.2465769738607197e-16,-1.4453621276719322e-14,3.188628321638635e-11,-1.3282105539257613e-08,-8.4286002367165537e-11,1.3,1.3282411242738652e-08,-2.1175823681357508e-22,1,-1,-1,0
2,9.9040582381840168e-05,203,6.500101541750742e-07,5.10018443996545e-22,2.2093073244901571e-19,-1.0154175073357e-06,-1.5785525839982803e-17,1.4805855253821815e-14,-7.2041135915133137e-23,-9.6235246559951657e-09,-6.107399968062175e-11,2.0999999999999996,9.6237184517204094e-09,-3.1763735522036263e-22,1,-1,-1,0
1,9.9540582381840167e-05,204,-1.0499903408409602e-06,3.0833744872907679e-21,-1.7420159399908136e-19,-9.6591590379229103e-07,2.2654056651032023e-16,-1.5040818614473483e-14,-2.1928182632979296e-22,-1.3786007890714516e-08,-8.8376900256470751e-11,1.3,1.3786291163302109e-08,-2.1175823681357508e-22,1,-1,-1,0
2,9.9540582381840167e-05,204,6.5000965915903945e-07,5.024109985891163e-22,2.2838775772127471e-19,-9.6591590379229103e-07,-1.6951155275347602e-17,1.5127071923023071e-14,-6.5146004729732408e-23,-9.9886778340692045e-09,-6.403844334106835e-11,2.0999999999999996,9.9888831104909333e-09,-3.1763735522036263e-22,1,-1,-1,0
1,0.00010004058238184017,205,-1.0499908117249631e-06,3.1961780295632836e-21,-1.8184181118489002e-19,-9.1882750366054501e-07,2.2844632299413164e-16,-1.5815410183249292e-14,-1.6286140158368742e-22,-1.4311391063630571e-08,-9.2519321843909342e-11,1.3,1.431169011686179e-08,-6.3527471044072525e-22,1,-1,-1,0
2,0.00010004058238184017,205,6.5000918827503636e-07,4.9422435584546433e-22,2.3609313120150316e-19,-9.1882750366055856e-07,-1.8132422565973269e-17,1.5809827271471641e-14,-5.0681834796429883e-23,-1.0369453059007873e-08,-6.7040580398232723e-11,2.0999999999999996,1.03696697720992e-08,-5.2939559203393771e-22,1,-1,-1,0
1,0.00010054058238184016,206,-1.0499912596533712e-06,3.3099290761657977e-21,-1.8977779591998717e-19,-8.7403466271469355e-07,2.3037737259414995e-16,-1.6421151406367233e-14,3.2200558251594087e-11,-1.4855586856128142e-08,-9.671492525026144e-11,1.3,1.4855936574066446e-08,-6.3527471044072525e-22,1,-1,-1,0
2,0.00010054058238184016,206,6.5000874034662829e-07,4.8545118268360503e-22,2.4404926603949028e-19,-8.740346627147071e-07,-1.9327750050063005e-17,1.6320135802899264e-14,-3.5224920439987542e-23,-1.0763757492723937e-08,-7.0080591177844857e-11,2.0999999999999996,1.0763985630398739e-08,-5.2939559203393771e-22,1,-1,-1,0
1,0.00010104058238184016,207,-1.0499916857452695e-06,3.4246391234529607e-21,-1.9801443254902822e-19,-8.3142547303288327e-07,2.3233285495793744e-16,-1.7035626453361108e-14,-3.2211151123384273e-11,-1.5418752867323513e-08,-1.0096357707894989e-10,1.3,1.5419117068942382e-08,-6.3527471044072525e-22,1,-1,-1,0
2,0.00010104058238184016,207,6.5000831425473003e-07,4.760836374058283e-22,2.522592968569474e-19,-8.3142547303289682e-07,-2.0538242777137657e-17,1.6835858595733122e-14,-2.2811691225020503e-23,-1.1171828936503829e-08,-7.3159180897635606e-11,2.0999999999999996,1.1172068476887074e-08,-5.2939559203393771e-22,1,-1,-1,0
1,0.00010154058238184016,208,-1.0499920910651876e-06,3.5403213188729256e-21,-2.0664502892660414e-19,-7.9089348115498573e-07,2.3431309062860706e-16,-1.7839382354082976e-14,-1.2221255049358368e-23,-1.6007215102802534e-08,-1.0526597770870598e-10,1.3,1.6007561221917989e-08,-6.3527471044072525e-22,1,-1,-1,0
2,0.00010154058238184016,208,6.5000790893481184e-07,4.6611498953031667e-22,2.6081460648249816e-19,-7.9089348115495863e-07,-2.1764094095526726e-17,1.7536432784032918e-14,-3.616828042868847e-24,-1.1598249165819295e-08,-7.6276838881756417e-11,2.0999999999999996,1.159849998355726e-08,-5.2939559203393771e-22,1,-1,-1,0
1,0.00010204058238184016,209,-1.0499924766257597e-06,3.6569870543757445e-21,-2.1558573566760942e-19,-7.5233742406504345e-07,2.3631851542538558e-16,-1.8474493130755798e-14,-3.2075084687488302e-11,-1.6615222956460927e-08,-1.0962317021224357e-10,1.3,1.6615615545125352e-08,-6.3527471044072525e-22,1,-1,-1,0
2,0.00010204058238184016,209,6.500075233742398e-07,4.5553684411152093e-22,2.6962965639565424e-19,-7.52337424065057e-07,-2.3005467189155464e-17,1.824255983839645e-14,1.3835499709433013e-23,-1.2038794758806938e-08,-7.9433957703336521e-11,2.0999999999999996,1.2039056815146021e-08,-5.2939559203393771e-22,1,-1,-1,0
1,0.00010254058238184016,210,-1.049992843390254e-06,3.7746492578944923e-21,-2.2484142412875955e-19,-7.1566097436184133e-07,2.3835016947258953e-16,-1.9120230869861693e-14,9.9806510322388442e-23,-1.7246084319701877e-08,-1.1403580331151238e-10,1.3,1.7246461333465015e-08,-2.1175823681357508e-22,1,-1,-1,0
2,0.00010254058238184016,210,6.500071566097456e-07,4.4434185972103775e-22,2.7879618015686043e-19,-7.1566097436181423e-07,-2.4261861871028553e-17,1.8777448365132602e-14,2.8653700368733069e-23,-1.249587046158109e-08,-8.2631041686527561e-11,2.0999999999999996,1.2496143664413634e-08,-3.1763735522036263e-22,1,-1,-1,0
1,0.00010304058238184016,211,-1.0499931922749791e-06,3.8933209687664941e-21,-2.3450653274364912e-19,-6.8077250217405923e-07,2.4040584699912436e-16,-1.9955387084218656e-14,1.7690774733555669e-22,-1.7903002734063312e-08,-1.1850364193232683e-10,1.3,1.79033949297062e-08,-6.3527471044072525e-22,1,-1,-1,0
2,0.00010304058238184016,211,6.5000680772502044e-07,4.3252255733129839e-22,2.8831756788281259e-19,-6.8077250217404568e-07,-2.5535662734269307e-17,1.949764915485904e-14,4.7283384647259571e-23,-1.2971941007074303e-08,-8.5868884799675473e-11,2.0999999999999996,1.2972225212213693e-08,-5.2939559203393771e-22,1,-1,-1,0
1,0.00010354058238184016,212,-1.0499935241515737e-06,4.0130145435038134e-21,-2.4458630005970404e-19,-6.4758484260144021e-07,2.4248851449502355e-16,-2.0802861097085244e-14,-3.2188681356181938e-11,-1.8586464025198798e-08,-1.2302865700681874e-10,1.3,1.8586899072240678e-08,-6.3527471044072525e-22,1,-1,-1,0
2,0.00010354058238184016,212,6.5000647584842579e-07,4.2007065639512359e-22,2.9819715816696678e-19,-6.4758484260141311e-07,-2.6824857260655985e-17,2.0225275626523761e-14,7.4243103016455219e-23,-1.3467162718432785e-08,-8.9147624941147821e-11,2.0999999999999996,1.3467457777315605e-08,-5.2939559203393771e-22,1,-1,-1,0
1,0.00010404058238184015,213,-1.0499938398491845e-06,4.1337425807111803e-21,-2.5508672386068716e-19,-6.160150811968391e-07,2.4459830724275648e-16,-2.1661380397565803e-14,3.2949058542549936e-22,-1.9293712716992937e-08,-1.2761122678928611e-10,1.3,1.9294134731338888e-08,-2.1175823681357508e-22,1,-1,-1,0
2,0.00010404058238184015,213,6.5000616015081509e-07,4.0697782503614515e-22,3.0834992608564508e-19,-6.1601508119685266e-07,-2.8129756681131486e-17,2.0781941876605397e-14,9.8538528536396749e-23,-1.3979594562331826e-08,-9.2467876704369346e-11,2.0999999999999996,1.3979900372871038e-08,-3.1763735522036263e-22,1,-1,-1,0
1,0.00010454058238184015,214,-1.0499941401565366e-06,4.2555189659458163e-21,-2.6601369351853794e-19,-5.8598434638778836e-07,2.4673408445114822e-16,-2.2709901940716416e-14,3.1914656749703285e-11,-2.0028048890447132e-08,-1.3225168450598865e-10,1.3,2.0028510963411902e-08,-2.1175823681357508e-22,1,-1,-1,0
2,0.00010454058238184015,214,6.5000585984346302e-07,3.9323657874970684e-22,3.1886816678167624e-19,-5.8598434638778836e-07,-2.9451877080202835e-17,2.1524068709792013e-14,1.2286179396563338e-22,-1.4511684130080985e-08,-9.5830293089465517e-11,2.0999999999999996,1.4512000542182939e-08,-3.1763735522036263e-22,1,-1,-1,0
1,0.00010504058238184015,215,-1.0499944258239055e-06,4.3783565961830344e-21,-2.7737267167722952e-19,-5.5741760951317468e-07,2.4889688115642816e-16,-2.3593402816673137e-14,5.2401618789203146e-22,-2.0789784900110586e-08,-1.3695080337612405e-10,1.3,2.0790235970652461e-08,-2.1175823681357508e-22,1,-1,-1,0
2,0.00010504058238184015,215,6.5000557417609425e-07,3.788383709850579e-22,3.2975534745150452e-19,-5.5741760951317468e-07,-3.0790778627710294e-17,2.2274015228347211e-14,1.5088074370929126e-22,-1.5063657643153243e-08,-9.9235391115386441e-11,2.0999999999999996,1.5063984507857774e-08,-1.0587911840678754e-22,1,-1,-1,0
1,0.00010554058238184015,216,-1.0499946975649901e-06,4.502268913018699e-21,-2.8925908707672127e-19,-5.3024350099983711e-07,2.510871294990274e-16,-2.431346331713879e-14,6.2449523264091577e-22,-2.1582367771764877e-08,-1.4170958909247813e-10,1.3,2.1582832998551324e-08,-2.1175823681357508e-22,1,-1,-1,0
2,0.00010554058238184015,216,6.5000530243500974e-07,3.6377486779752015e-22,3.4101556303503183e-19,-5.3024350099983711e-07,-3.2146646649314015e-17,2.3210379808075093e-14,1.8360714142524722e-22,-1.5637968052903402e-08,-1.0268363639873845e-10,2.0999999999999996,1.5638305175203976e-08,-1.0587911840678754e-22,1,-1,-1,0
1,0.00010604058238184015,217,-1.0499949560586969e-06,4.627269569747833e-21,-3.0150235939290568e-19,-5.0439413034611066e-07,2.5330514780001283e-16,-2.5400366981404047e-14,1.4814161169110873e-21,-2.2400092859372465e-08,-1.4652871101764373e-10,1.3,2.2400572108132903e-08,-2.1175823681357508e-22,1,-1,-1,0
2,0.00010604058238184015,217,6.5000504394130306e-07,3.4803764279718548e-22,3.5265317623008514e-19,-5.0439413034611066e-07,-3.3519705597359347e-17,2.3976272196580905e-14,4.1931795922594438e-22,-1.6230496666090119e-08,-1.0617560166858511e-10,2.0999999999999996,1.623084394867846e-08,-1.0587911840678754e-22,1,-1,-1,0
1,0.00010654058238184015,218,-1.0499952019508353e-06,4.7533723388621375e-21,-3.1428553016861005e-19,-4.798049163356441e-07,2.5555128787045164e-16,-2.6503179740523273e-14,8.7724319226640453e-22,-2.325238387783554e-08,-1.5140893353589767e-10,1.3,2.3252876825618386e-08,-2.1175823681357508e-22,1,-1,-1,0
2,0.00010654058238184015,218,6.5000479804916461e-07,3.3161814534193716e-22,3.6476035614631018e-19,-4.798049163356441e-07,-3.4910173260117738e-17,2.4929648756341924e-14,2.491346215773592e-22,-1.6848071964295351e-08,-1.0971184080267149e-10,2.0999999999999996,1.6848429173133241e-08,-1.0587911840678754e-22,1,-1,-1,0
1,0.00010704058238184015,219,-1.0499954358557319e-06,4.8805912071221164e-21,-3.276161658847466e-19,-4.5641442680967965e-07,2.5782590640136297e-16,-2.7620694861153931e-14,9.8602434900590161e-22,-2.4136618939534944e-08,-1.5635103163710913e-10,1.3,2.4137125335826779e-08,-2.1175823681357508e-22,1,-1,-1,0
2,0.00010704058238184015,219,6.5000456414426788e-07,3.1450772936794457e-22,3.7725296656193139e-19,-4.564144268096932e-07,-3.6318270446002408e-17,2.5536855410084014e-14,2.8055466454932465e-22,-1.748879411167053e-08,-1.1329291536308816e-10,2.0999999999999996,1.7489161065216171e-08,-1.0587911840678754e-22,1,-1,-1,0
1,0.00010754058238184014,220,-1.0499956583577651e-06,5.008940325375469e-21,-3.4150225310091841e-19,-4.3416422325003262e-07,2.6012938601391702e-16,-2.8753119292283698e-14,-3.2186868749015498e-11,-2.5053251331055737e-08,-1.613558526017928e-10,1.3,2.5053791608511772e-08,-2.1175823681357508e-22,1,-1,-1,0
2,0.00010754058238184014,220,6.5000434164223477e-07,2.9669763482666343e-22,3.9013595153765513e-19,-4.3416422325001907e-07,-3.774421300521468e-17,2.6508558801643317e-14,3.2672957361538484e-22,-1.815297950410124e-08,-1.1691937482947874e-10,2.0999999999999996,1.8153356026270467e-08,-1.0587911840678754e-22,1,-1,-1,0
1,0.00010804058238184014,221,-1.049995870012824e-06,5.1384340238594453e-21,-3.5595051762012835e-19,-4.1299871750758832e-07,4.4009773823122979e-16,-2.9901635509127483e-14,-3.2204662439993949e-11,-2.6004491373830001e-08,-1.6642408456969832e-10,1.3,2.6005043851680131e-08,-2.1175823681357508e-22,1,-1,-1,0
2,0.00010804058238184014,221,6.5000412998717579e-07,2.7817899061879628e-22,4.0350229250778863e-19,-4.1299871750758832e-07,-3.9188244542274729e-17,2.7490228129388304e-14,-3.0435743221079458e-22,-1.8843317365293616e-08,-1.2059182953217958e-10,2.0999999999999996,1.8843703237912815e-08,-1.0587911840678754e-22,1,-1,-1,0
1,0.00010854058238184014,222,-1.049996071349699e-06,5.3575641527239869e-21,-3.7088013918317511e-19,-3.9286502987438297e-07,4.4385102449539873e-16,-3.0888177398573577e-14,-9.3125203372984557e-22,-2.6990107133879222e-08,-1.7457888216963419e-10,1.3,2.699067173829465e-08,-2.1175823681357508e-22,1,-1,-1,0
2,0.00010854058238184014,222,6.5000392865030084e-07,2.5915360120434773e-22,4.173569403568932e-19,-3.9286502987435586e-07,-4.1511729684211385e-17,2.8481596483229917e-14,-2.684807411530848e-22,-1.9557512217985549e-08,-1.2650092752656901e-10,2.0999999999999996,1.9557921327209575e-08,-1.0587911840678754e-22,1,-1,-1,0
1,0.00010904058238184014,223,-1.0499962628714011e-06,5.5785592896506511e-21,-3.864768775100163e-19,-3.7371285995589751e-07,4.4765192500274507e-16,-3.2248282351769248e-14,-7.6635108657266393e-22,-2.8015469054574015e-08,-1.8283715621568636e-10,1.3,2.8016065672636611e-08,-2.1175823681357508e-22,1,-1,-1,0
2,0.00010904058238184014,223,6.5000373712859869e-07,2.3897368298957171e-22,4.3170492425013049e-19,-3.7371285995589751e-07,-4.386466809342905e-17,2.9484284215911176e-14,-2.2088957597757041e-22,-2.0300495757288045e-08,-1.3248492349225221e-10,2.0999999999999996,2.0300928063677844e-08,-1.0587911840678754e-22,1,-1,-1,0
1,0.00010954058238184014,224,-1.0499964450564205e-06,5.8014430807468543e-21,-4.0266032131482545e-19,-3.5549435762348739e-07,4.515010165365237e-16,-3.3626890455527328e-14,-5.9132780222221625e-22,-2.908103305053264e-08,-1.9120013563476556e-10,1.3,2.9081661589015829e-08,-2.1175823681357508e-22,1,-1,-1,0
2,0.00010954058238184014,224,6.5000355494357946e-07,2.1762459790792281e-22,4.4664026608803767e-19,-3.5549435762348739e-07,-4.624743904305838e-17,3.0498426279897633e-14,-1.6680179608264887e-22,-2.1072609966115394e-08,-1.3854478961264572e-10,2.0999999999999996,2.1073065402137266e-08,-1.0587911840678754e-22,1,-1,-1,0
1,0.00011004058238184014,225,-1.0499966183599201e-06,6.0262394719652357e-21,-4.1952848259038275e-19,-3.3816400790700964e-07,4.5539893090681855e-16,-3.5022839067653063e-14,-3.0917333128931485e-11,-3.0184275956497787e-08,-1.9966921178377055e-10,1.3,3.0184952189686047e-08,-2.1175823681357508e-22,1,-1,-1,0
2,0.00011004058238184014,225,6.5000338164007983e-07,1.9509152227440669e-22,4.6199102180384097e-19,-3.3816400790698253e-07,-4.8660415265037559e-17,3.1523299574469918e-14,-1.1939704817539437e-22,-2.1872016890536252e-08,-1.4468146966968129e-10,2.0999999999999996,2.1872495412905428e-08,-1.0587911840678754e-22,1,-1,-1,0
1,0.00011054058238184014,226,-1.049996783214874e-06,6.2529727128361854e-21,-4.3708997652027915e-19,-3.2167851237726404e-07,4.5934622445712145e-16,-3.626150428970662e-14,-2.0506788750283914e-22,-3.1331732748971631e-08,-2.0824553759457094e-10,1.3,3.1332424790572936e-08,2.1175823681357508e-22,1,-1,-1,0
2,0.00011054058238184014,226,6.50003216785126e-07,1.7135944447504402e-22,4.7794016029036516e-19,-3.2167851280076696e-07,-5.1103996327108216e-17,3.2738414331714126e-14,-5.8999574555108337e-23,-2.270348077349028e-08,-1.5089599229636475e-10,2.0999999999999996,2.2703982224110684e-08,1.0587911840678754e-22,1,-1,-1,0
1,0.00011104058238184013,227,-1.0499969400331487e-06,6.48166736043401e-21,-4.5535491859687409e-19,-3.0599668503659082e-07,4.6334358619602534e-16,-3.7697023399621592e-14,2.5784861934734502e-23,-3.2520948149068058e-08,-2.1693066593161647e-10,1.3,3.2521671657960552e-08,-2.1175823681357508e-22,1,-1,-1,0
2,0.00011104058238184013,227,6.5000305996685116e-07,1.4641316251145133e-22,4.9440512567710761e-19,-3.0599668503659082e-07,-5.3578553594125345e-17,3.3965422702498247e-14,3.5240132170088581e-25,-2.356519354595517e-08,-1.5718928949630345e-10,2.0999999999999996,2.3565717797916948e-08,-1.0587911840678754e-22,1,-1,-1,0
1,0.00011154058238184013,228,-1.0499970892065327e-06,6.7123482925998375e-21,-4.7433251771153593e-19,-2.9107934656645486e-07,4.6739162996939179e-16,-3.9331028587725216e-14,2.899120274612403e-22,-3.375546551625772e-08,-2.2572591189154558e-10,1.3,3.375622023281877e-08,-2.1175823681357508e-22,1,-1,-1,0
2,0.00011154058238184013,228,6.5000291079346721e-07,1.2023728445935372e-22,5.1148043495456691e-19,-2.9107934656648197e-07,-5.608448545390059e-17,3.5205338460200395e-14,7.6437791414565543e-23,-2.4459732400907016e-08,-1.6356237860039619e-10,2.0999999999999996,2.446027926610148e-08,-1.0587911840678754e-22,1,-1,-1,0
1,0.00011204058238184013,229,-1.0499972311077143e-06,6.9450406740603438e-21,-4.9412160930802536e-19,-2.7688922828080767e-07,4.7149101568590895e-16,-4.0987541845548903e-14,3.2196399212437053e-11,-3.5038889129333627e-08,-2.3463272456200315e-10,1.3,3.5039689504065123e-08,2.1175823681357508e-22,1,-1,-1,0
2,0.00011204058238184013,229,6.5000276889228569e-07,9.281621486647328e-23,5.2917229268277385e-19,-2.7688922870431059e-07,-5.8622184172607164e-17,3.6281549077890021e-14,1.5615461279352859e-22,-2.5389700374581671e-08,-1.7001625514488062e-10,2.0999999999999996,2.5390269605461977e-08,1.0587911840678754e-22,1,-1,-1,0
1,0.00011254058238184013,230,-1.0499973660912133e-06,7.179770025730593e-21,-5.1473371924475677e-19,-2.6339087873182804e-07,4.7564234168300935e-16,-4.248921477626014e-14,8.3763678479180623e-22,-3.6371835314625974e-08,-2.4365235807879393e-10,1.3,3.6372651410446704e-08,-2.1175823681357508e-22,1,-1,-1,0
2,0.00011254058238184013,230,6.5000263390878667e-07,6.4134171651016223e-23,5.4748783084293664e-19,-2.6339087873181448e-07,-6.1192068895515661e-17,3.7727148520911042e-14,2.4161631003672664e-22,-2.6355569999658735e-08,-1.765519913288016e-10,2.0999999999999996,2.6356161340615476e-08,-1.0587911840678754e-22,1,-1,-1,0
1,0.00011304058238184013,231,-1.0499974944942665e-06,7.4165621650754885e-21,-5.3609101720595175e-19,-2.505505730855418e-07,4.7984633526595495e-16,-4.4190208218912195e-14,3.2210302948411063e-11,-3.7751901513201253e-08,-2.5278645210688224e-10,1.3,3.775276157258475e-08,-2.1175823681357508e-22,1,-1,-1,0
2,0.00011304058238184013,231,6.5000250550573341e-07,3.4175164311114449e-23,5.6643385277246055e-19,-2.5055057308552824e-07,-6.3794526157931004e-17,3.900853038930963e-14,3.3709284970938566e-22,-2.7355566395668774e-08,-1.8317056268448829e-10,2.0999999999999996,2.7356179636105568e-08,-1.0587911840678754e-22,1,-1,-1,0
1,0.00011354058238184013,232,-1.0499976166376711e-06,7.6554432458554223e-21,-5.5829309399265783e-19,-2.3833623281854473e-07,4.8410359878335606e-16,-4.6093588052905184e-14,1.5161571320858379e-21,-3.9185739073950751e-08,-2.6203625941347409e-10,1.3,3.9186615186476591e-08,2.1175823681357508e-22,1,-1,-1,0
2,0.00011354058238184013,232,6.5000238336232892e-07,2.9230024492455792e-24,5.8610584528109331e-19,-2.3833623324204765e-07,-6.6429989957680574e-17,4.048287542572001e-14,4.3743733452800548e-22,-2.839454191528437e-08,-1.8987307885953663e-10,2.0999999999999996,2.8395176744738122e-08,1.0587911840678754e-22,1,-1,-1,0
1,0.00011404058238184013,233,-1.0499977328265844e-06,7.896439746174438e-21,-5.8144038607155955e-19,-2.26717341398014e-07,4.8841486901950002e-16,-4.784438752514586e-14,-3.0749741570661736e-11,-4.0674019316717471e-08,-2.7140343304905613e-10,1.3,4.0674936419701793e-08,-2.1175823681357508e-22,1,-1,-1,0
2,0.00011404058238184013,233,6.5000226717341537e-07,-2.9638712151284242e-23,6.0642218433716558e-19,-2.26717341398014e-07,-6.9098858410762126e-17,4.179508990807993e-14,5.1830308780884327e-22,-2.9472951763365276e-08,-1.9666054790484603e-10,2.0999999999999996,2.947360787241288e-08,-1.0587911840678754e-22,1,-1,-1,0
1,0.00011454058238184012,234,-1.0499978433512885e-06,8.1395784948233998e-21,-6.0545720557140923e-19,-2.1566487116885988e-07,4.927807738153481e-16,-4.9798205345917212e-14,2.2601528139557719e-21,-4.2217444524475313e-08,-2.8088928890596879e-10,1.3,4.2218378947678377e-08,-2.1175823681357508e-22,1,-1,-1,0
2,0.00011454058238184012,234,6.5000215664871131e-07,-6.3526580479924348e-23,6.2747981448308834e-19,-2.1566487116884633e-07,-7.180157450125496e-17,4.3300658150148336e-14,6.4478713175951239e-22,-3.0591334269409205e-08,-2.0353409952733748e-10,2.0999999999999996,3.0592011351207369e-08,-1.0587911840678754e-22,1,-1,-1,0
1,0.00011504058238184012,235,-1.0499979484879131e-06,8.3848866530700757e-21,-6.3044430373064861e-19,-2.0515120878530902e-07,4.9720205976135744e-16,-5.1779117454135317e-14,-3.2214258872956536e-11,-4.3819742166063001e-08,-2.9049549443478032e-10,1.3,4.3820716891568558e-08,-2.1175823681357508e-22,1,-1,-1,0
2,0.00011504058238184012,235,6.5000205151208674e-07,-9.8757416654728986e-23,6.4928612305954904e-19,-2.0515120878530902e-07,-7.4538548508189298e-17,4.5000629808106825e-14,7.8416971171905181e-22,-3.1752362045264569e-08,-2.1049477519831375e-10,2.0999999999999996,3.1753059750265702e-08,-1.0587911840678754e-22,1,-1,-1,0
1,0.00011554058238184012,236,-1.0499980484991273e-06,8.6323917325605113e-21,-6.5650361999000871e-19,-1.9515008699293082e-07,5.0167938896185413e-16,-5.379025264641447e-14,-3.213104605000668e-11,-4.548770378780958e-08,-3.0022345480838057e-10,1.3,4.54887058775521e-08,-2.1175823681357508e-22,1,-1,-1,0
2,0.00011554058238184012,236,6.5000195150087251e-07,-1.3534824569743593e-22,6.7193804963785123e-19,-1.9515008699293082e-07,-7.7310229044166972e-17,4.6364042138484357e-14,9.007064149586817e-22,-3.2960977513257916e-08,-2.1754371685879489e-10,2.0999999999999996,3.2961695403881131e-08,-1.0587911840678754e-22,1,-1,-1,0
1,0.00011604058238184012,237,-1.0499981436347949e-06,8.8821215755441141e-21,-6.8356203446142681e-19,-1.8563652054259902e-07,5.062134852392597e-16,-5.6006849500298216e-14,3.1321232867643492e-11,-4.7216123282967801e-08,-3.1007475355519695e-10,1.3,4.7217151812078145e-08,-2.1175823681357508e-22,1,-1,-1,0
2,0.00011604058238184012,237,6.5000185636520501e-07,-1.733163152808457e-22,6.9535649648726308e-19,-1.8563652054261258e-07,-8.0117051366557462e-17,4.8099951492477761e-14,1.0339917706149135e-21,-3.4213401274874932e-08,-2.2468203115934881e-10,2.0999999999999996,3.4214139018989498e-08,-1.0587911840678754e-22,1,-1,-1,0
1,0.00011654058238184012,238,-1.0499982341325986e-06,9.1341044440630822e-21,-7.117211779514612e-19,-1.7658674000732165e-07,5.1080506968336909e-16,-5.8254398743168423e-14,3.2204866034345515e-11,-4.9011793603891682e-08,-3.2005095824162384e-10,1.3,4.9012849152439055e-08,-2.1175823681357508e-22,1,-1,-1,0
2,0.00011654058238184012,238,6.500017658674013e-07,-2.1267906453966472e-22,7.1963820240848007e-19,-1.765867400073352e-07,-8.295946100401433e-17,4.9855021733229553e-14,1.2122570335592888e-21,-3.5514555063904756e-08,-2.319108511462898e-10,2.0999999999999996,3.5515312247395524e-08,-1.0587911840678754e-22,1,-1,-1,0
1,0.00011704058238184012,239,-1.0499983202186344e-06,9.3883688064966254e-21,-7.4090759878170859e-19,-1.6797813662136835e-07,5.1545486940187593e-16,-6.0531892874129633e-14,3.2153071232666612e-11,-5.0872525587193467e-08,-3.3015364792513977e-10,1.3,5.0873607055828881e-08,-2.1175823681357508e-22,1,-1,-1,0
2,0.00011704058238184012,239,6.5000167978136553e-07,-2.5345421759203719e-22,7.4479269921120654e-19,-1.6797813662134124e-07,-8.583790895335498e-17,5.162862934353666e-14,1.3677443774341053e-21,-3.6862853095381197e-08,-2.3923132377976096e-10,2.0999999999999996,3.686362936497073e-08,-1.0587911840678754e-22,1,-1,-1,0
1,0.00011754058238184012,240,-1.049998402107976e-06,9.6449436434373793e-21,-7.7131381989025454e-19,-1.5978920205358515e-07,5.2016361359564624e-16,-6.3020145356472749e-14,5.4398616138984864e-21,-5.2805221950629249e-08,-3.4038439924445325e-10,1.3,5.2806319004400094e-08,2.1175823681357508e-22,1,-1,-1,0
2,0.00011754058238184012,240,6.5000159789202405e-07,-2.9565965928140349e-22,7.7082919207559766e-19,-1.5978920247708807e-07,-8.8752856270112308e-17,5.3600379155983084e-14,1.5618304575569601e-21,-3.8263302684454853e-08,-2.4664462095797952e-10,2.0999999999999996,3.826409760978635e-08,1.0587911840678754e-22,1,-1,-1,0
1,0.00011804058238184011,241,-1.0499984800052119e-06,9.9038582498380998e-21,-8.0295561965255207e-19,-1.5199947878741834e-07,5.2493207886687571e-16,-6.5364291883551719e-14,-3.2218127675547011e-11,-5.4810772359330375e-08,-3.5074492340256306e-10,1.3,5.4811904059568833e-08,-2.1175823681357508e-22,1,-1,-1,0
2,0.00011804058238184011,241,6.5000151999478781e-07,-3.3931352315480009e-22,7.9775744832680824e-19,-1.5199947878739124e-07,-9.1704753816184652e-17,5.5415245745576899e-14,1.7625599368722679e-21,-3.9716531255286436e-08,-2.5415189134318047e-10,2.0999999999999996,3.9717344424520851e-08,-1.0587911840678754e-22,1,-1,-1,0
1,0.00011854058238184011,242,-1.0499985541049577e-06,1.0165142274535688e-20,-8.358503359062874e-19,-1.4458950430035905e-07,5.2976099280616488e-16,-6.8099077245015013e-14,3.2102846090475134e-11,-5.6893164443279914e-08,-3.6123677731588624e-10,1.3,5.6894320305036624e-08,-2.1175823681357508e-22,1,-1,-1,0
2,0.00011854058238184011,242,6.500014458950419e-07,-3.8443418141827007e-22,8.256770223182983e-19,-1.4458950430033194e-07,-9.4694081972903687e-17,5.7429644188800746e-14,1.9647295321991812e-21,-4.1225445544543029e-08,-2.6175435462025856e-10,2.0999999999999996,4.1226276519814945e-08,-3.1763735522036263e-22,1,-1,-1,0
1,0.00011904058238184011,243,-1.0499986245923409e-06,1.0428825769949259e-20,-8.7010334132158603e-19,-1.3754076595694513e-07,5.3465113189887952e-16,-7.0693418034675097e-14,3.2164787079653673e-11,-5.9056362233858179e-08,-3.7186165613365928e-10,1.3,5.905754173652592e-08,-2.1175823681357508e-22,1,-1,-1,0
2,0.00011904058238184011,243,6.5000137540765868e-07,-4.3104022631549925e-22,8.5459815998099233e-19,-1.3754076595697223e-07,-9.7721311332693909e-17,5.9467065688042212e-14,2.1828238822420358e-21,-4.2792912100648673e-08,-2.6945320825991052e-10,2.0999999999999996,4.2793760422347617e-08,-3.1763735522036263e-22,1,-1,-1,0
1,0.00011954058238184011,244,-1.0499986916434642e-06,1.0694939162603337e-20,-9.0564463934047918e-19,-1.3083565362644284e-07,5.3960326454442616e-16,-7.3503064559100313e-14,8.4057655147961063e-21,-6.1301404805198781e-08,-3.8262122301535687e-10,1.3,6.1302598885293188e-08,-2.1175823681357508e-22,1,-1,-1,0
2,0.00011954058238184011,244,6.5000130835653544e-07,-4.7915048909475387e-22,8.8462132954198149e-19,-1.3083565362644284e-07,-1.0078692590516716e-16,6.1705444168665627e-14,2.4098474228012069e-21,-4.4419688845336568e-08,-2.772496822138902e-10,2.0999999999999996,4.4420554076945116e-08,-3.1763735522036263e-22,1,-1,-1,0
1,0.00012004058238184011,245,-1.0499987554258453e-06,1.0963513264608375e-20,-9.4266990403563827e-19,-1.2445741515479912e-07,5.4461819292133425e-16,-7.6529879445685756e-14,9.2809512324611867e-21,-6.3632342187556156e-08,-3.9351723378357615e-10,1.3,6.3633558977064321e-08,-2.1175823681357508e-22,1,-1,-1,0
2,0.00012004058238184011,245,6.5000124457415428e-07,-5.2878403958428423e-22,9.1566887886460959e-19,-1.2445741515481267e-07,-1.0389140537646769e-16,6.3790657769839626e-14,2.6916220484612082e-21,-4.6108700355724188e-08,-2.8514499836777247e-10,2.0999999999999996,4.6109582042825483e-08,-3.1763735522036263e-22,1,-1,-1,0
1,0.00012054058238184011,246,-1.0499988160988352e-06,1.1234579258711155e-20,-9.8110995791730198e-19,-1.1839011617782074e-07,5.4969649828728227e-16,-7.9596693227064983e-14,3.2198828394062664e-11,-6.605024601308759e-08,-4.0455131062962709e-10,1.3,6.6051492768270383e-08,-6.3527471044072525e-22,1,-1,-1,0
2,0.00012054058238184011,246,6.5000118390116426e-07,-5.7996019888456638e-22,9.478417877707577e-19,-1.1839011617782074e-07,-1.0703542139167174e-16,6.6255953061150922e-14,2.9628470724182704e-21,-4.7860740879883734e-08,-2.93140441423372e-10,2.0999999999999996,4.7861638593865254e-08,-5.2939559203393771e-22,1,-1,-1,0
1,0.00012104058238184011,247,-1.049998873814017e-06,1.1508168651744436e-20,-1.0210728152088459e-18,-1.1261859815184369e-07,5.5483940240227391e-16,-8.2527827537621035e-14,1.1231847488898153e-20,-6.8559244948477276e-08,-4.1572535403292733e-10,1.3,6.8560505361872094e-08,-6.3527471044072525e-22,1,-1,-1,0
2,0.00012104058238184011,247,6.5000112618598247e-07,-6.3269860250312387e-22,9.8115196125481388e-19,-1.1261859815183013e-07,-1.1021911706266713e-16,6.8569536222471258e-14,3.2395612404855737e-21,-4.9678780850320117e-08,-3.0123723879483677e-10,2.0999999999999996,4.9679694148094043e-08,-5.2939559203393771e-22,1,-1,-1,0
1,0.00012154058238184011,248,-1.0499989287155836e-06,1.1784313538734821e-20,-1.0625800045984782e-18,-1.0712844155737514e-07,5.6004752541226142e-16,-8.6035742319667519e-14,3.2198783318631501e-11,-7.1163571100228211e-08,-4.2704111060356406e-10,1.3,7.1164859675327319e-08,-6.3527471044072525e-22,1,-1,-1,0
2,0.00012154058238184011,248,6.5000107128441587e-07,-6.8701897217532114e-22,1.0157015202295506e-18,-1.0712844155734804e-07,-1.1344317262734902e-16,7.1087911750851132e-14,3.583347511095992e-21,-5.1565886662360743e-08,-3.0943668099220301e-10,2.0999999999999996,5.156681508814537e-08,-5.2939559203393771e-22,1,-1,-1,0
1,0.0001220405823818401,249,-1.0499989809406989e-06,1.2151864159117138e-20,-1.1058298815786924e-18,-1.019059299591467e-07,7.4435711995695961e-16,-8.9234750071014034e-14,-3.1585231610980943e-11,-7.3869152462564832e-08,-4.4154160485282138e-10,1.3,7.3870478827156114e-08,-6.3527471044072525e-22,1,-1,-1,0
2,0.0001220405823818401,249,6.5000101905930058e-07,-7.4294136698945449e-22,1.0514144741681304e-18,-1.0190592995911959e-07,-1.1757462988943817e-16,7.3457354974648055e-14,1.9718391142771874e-21,-5.3524794193691214e-08,-3.199438228013115e-10,2.0999999999999996,5.3525750415353821e-08,-5.2939559203393771e-22,1,-1,-1,0
1,0.0001225405823818401,250,-1.0499990306198398e-06,1.2522390520008025e-20,-1.1507571238491342e-18,-9.6938015995532453e-08,7.5110695263254219e-16,-9.301389683772505e-14,8.2410117852315524e-21,-7.6676834332614048e-08,-4.562070497050424e-10,1.3,7.6678191476738291e-08,-6.3527471044072525e-22,1,-1,-1,0
2,0.0001225405823818401,250,6.5000096938015965e-07,-8.0070588020216238e-22,1.088483002174019e-18,-9.6938015995546006e-08,-1.2175309319835126e-16,7.6211309809507284e-14,2.3904291974673989e-21,-5.5559261163811237e-08,-3.3057051116233029e-10,2.0999999999999996,5.5560244581278022e-08,-5.2939559203393771e-22,1,-1,-1,0
1,0.00012304058238184011,251,-1.0499990778771226e-06,1.2896270848989081e-20,-1.1974725985371148e-18,-9.2212287776453862e-08,7.5794238920363359e-16,-9.6486137569157926e-14,1.8986543516931872e-20,-7.9589598180872382e-08,-4.7105847380855867e-10,1.3,7.9590992170461541e-08,-6.3527471044072525e-22,1,-1,-1,0
2,0.00012304058238184011,251,6.5000092212287693e-07,-8.6054665736820644e-22,1.1268319374066896e-18,-9.2212287776453862e-08,-1.2598452433356563e-16,7.8995199730101235e-14,5.4740550096840184e-21,-5.7669864243018202e-08,-3.4133192598161776e-10,2.0999999999999996,5.7670874358655634e-08,-5.2939559203393771e-22,1,-1,-1,0
1,0.00012354058238184013,252,-1.0499991228306129e-06,1.3273547676446416e-20,-1.2460898361450598e-18,-8.7716938749552429e-08,7.6486445568122178e-16,-1.0036543562085701e-13,1.0864641718209206e-20,-8.261488504487138e-08,-4.8609815998008571e-10,1.3,8.2616315110264083e-08,-6.3527471044072525e-22,1,-1,-1,0
2,0.00012354058238184013,252,6.5000087716938661e-07,-9.2249002076890443e-22,1.1665653946822571e-18,-8.7716938749565982e-08,-1.302696213533776e-16,8.1811155669194096e-14,3.1323538199951674e-21,-5.9862008031019418e-08,-3.5222978554882266e-10,2.0999999999999996,5.986304428716987e-08,-5.2939559203393771e-22,1,-1,-1,0
1,0.00012404058238184014,253,-1.0499991655926204e-06,1.3654264060128622e-20,-1.296545071908133e-18,-8.3440737818602059e-08,7.718743033697773e-16,-1.0447340323669565e-13,1.2349389829613434e-20,-8.5751050647270187e-08,-5.0132855029834432e-10,1.3,8.575251609968096e-08,-6.3527471044072525e-22,1,-1,-1,0
2,0.00012404058238184014,253,6.5000083440737899e-07,-9.865626313265937e-22,1.2076988843961426e-18,-8.3440737818574954e-08,-1.346090406795097e-16,8.4658700073090307e-14,3.5312830937203274e-21,-6.2134492340135202e-08,-3.6326581622177554e-10,2.0999999999999996,6.2135554237646864e-08,-5.2939559203393771e-22,1,-1,-1,0
1,0.00012454058238184015,254,-1.0499992062699801e-06,1.4038463612390131e-20,-1.3489521408111928e-18,-7.937300164939415e-08,7.7897304506383596e-16,-1.0845960686317416e-13,-6.6332624394802509e-11,-8.9008610162654031e-08,-5.1675208264324237e-10,1.3,8.9010134905072992e-08,-6.3527471044072525e-22,1,-1,-1,0
2,0.00012454058238184015,254,6.500007937300193e-07,-1.052791484338279e-21,1.2504255284001865e-18,-7.9373001649380597e-08,-1.3900347118330233e-16,8.7896098955089415e-14,8.0298976311148065e-21,-6.4494931306498155e-08,-3.7444176021320517e-10,2.0999999999999996,6.4496018255871484e-08,-5.2939559203393771e-22,1,-1,-1,0
1,0.00012504058238184016,255,-1.0499992449643185e-06,1.4426190498086413e-20,-1.4035160994244071e-18,-7.5503568048779549e-08,7.8616175505554076e-16,-1.1268140829841729e-13,1.5628661335573887e-20,-9.2392103774096741e-08,-5.3237109018194384e-10,1.3,9.2393637544914976e-08,-6.3527471044072525e-22,1,-1,-1,0
2,0.00012504058238184016,255,6.5000075503568085e-07,-1.1212039175046199e-21,1.2946734831203526e-18,-7.5503568048779549e-08,-1.4345363416086985e-16,9.0991751886153436e-14,4.5062893446585911e-21,-6.6946639175387514e-08,-3.8575942419528075e-10,2.0999999999999996,6.6947750576198495e-08,-5.2939559203393771e-22,1,-1,-1,0
1,0.00012554058238184018,256,-1.0499992817723081e-06,1.481748943466141e-20,-1.4602657510472824e-18,-7.1822768880498689e-08,7.9344163157892298e-16,-1.1714095208622245e-13,-3.2201790653132114e-11,-9.5906193651953038e-08,-5.4818818118776043e-10,1.3,9.5907765733767525e-08,-6.3527471044072525e-22,1,-1,-1,0
2,0.00012554058238184018,256,6.5000071822769133e-07,-1.1918276184313503e-21,1.3405493982198965e-18,-7.1822768880471584e-08,-1.4796021025510909e-16,9.4302244136658161e-14,5.0198905165413284e-21,-6.9492966606875927e-08,-3.9722056746895373e-10,2.0999999999999996,6.9494101850470679e-08,-5.2939559203393771e-22,1,-1,-1,0
1,0.00012604058238184019,257,-1.049999316785908e-06,1.5212405716139592e-20,-1.5192302804011362e-18,-6.8321409097538274e-08,8.008137990741743e-16,-1.2183897744087138e-13,1.9497023690195424e-20,-9.9552482425503155e-08,-5.6420578680593111e-10,1.3,9.9554081208406417e-08,-6.3527471044072525e-22,1,-1,-1,0
2,0.00012604058238184019,257,6.5000068321409135e-07,-1.2646906214389632e-21,1.3880713393113963e-18,-6.8321409097551826e-08,-1.5252392891182998e-16,9.7828040860979236e-14,5.6365860091221515e-21,-7.2135092534151662e-08,-4.0882703422083004e-10,2.0999999999999996,7.2136251042416474e-08,-5.2939559203393771e-22,1,-1,-1,0
1,0.0001265405823818402,258,-1.049999350092595e-06,1.5699803043669579e-20,-1.5804390493477934e-18,-6.4990740586052024e-08,9.8731488714079827e-16,-1.2659821784283939e-13,1.2477144975484263e-20,-1.0333142360405539e-07,-5.8346777562352096e-10,1.3,1.0333307088578141e-07,-6.3527471044072525e-22,1,-1,-1,0
2,0.0001265405823818402,258,6.5000064990740442e-07,-1.3398213204414016e-21,1.437257483907401e-18,-6.4990740586065576e-08,-1.5801202857764618e-16,1.0121409585880506e-13,3.6277265279340945e-21,-7.4874399220913449e-08,-4.2278438672733231e-10,2.0999999999999996,7.4875592854617086e-08,-5.2939559203393771e-22,1,-1,-1,0
1,0.00012704058238184021,259,-1.0499993817755809e-06,1.6191265054865369e-20,-1.6441008341127258e-18,-6.1822441690243305e-08,9.962840100801857e-16,-1.3160346752009216e-13,3.2199482365181119e-11,-1.072592735103975e-07,-6.0295511993513656e-10,1.3,1.0726097307810319e-07,-6.3527471044072525e-22,1,-1,-1,0
2,0.00012704058238184021,259,6.5000061822441835e-07,-1.4174682495691585e-21,1.4883047446443696e-18,-6.1822441690243305e-08,-1.6356433094775573e-16,1.0482011208858567e-13,4.2490123747669772e-21,-7.7720540086385896e-08,-4.3690501951822027e-10,2.0999999999999996,7.7721768104666768e-08,-5.2939559203393771e-22,1,-1,-1,0
1,0.00012754058238184022,260,-1.0499994119140214e-06,1.6687183791694671e-20,-1.710248737033278e-18,-5.8808597580648631e-08,1.0053668424485891e-15,-1.3685378665509539e-13,1.7093509385598955e-20,-1.1133363612118261e-07,-6.2268951494616808e-10,1.3,1.1133537746015827e-07,-6.3527471044072525e-22,1,-1,-1,0
2,0.00012754058238184022,260,6.5000058808597791e-07,-1.4978740984374833e-21,1.5411447951301628e-18,-5.8808597580621525e-08,-1.6918703376151346e-16,1.088231464557917e-13,4.9442503923234587e-21,-8.0672850651372461e-08,-4.5120469431453857e-10,2.0999999999999996,8.0674112439461135e-08,-5.2939559203393771e-22,1,-1,-1,0
1,0.00012804058238184024,261,-1.0499994405832129e-06,1.7187615758009719e-20,-1.7790928802423357e-18,-5.5941678424160598e-08,1.0145648424616775e-15,-1.4217657064250093e-13,3.1677094537068129e-11,-1.1556544591327637e-07,-6.426741438992638e-10,1.3,1.1556723723715108e-07,-6.3527471044072525e-22,1,-1,-1,0
2,0.00012804058238184024,261,6.5000055941678641e-07,-1.5810738479478265e-21,1.5958865643986266e-18,-5.5941678424160598e-08,-1.7488102277764414e-16,1.1269340245267568e-13,5.556346454462399e-21,-8.3739242985825633e-08,-4.6568566433403771e-10,2.0999999999999996,8.3740537847431539e-08,-5.2939559203393771e-22,1,-1,-1,0
1,0.00012854058238184025,262,-1.0499994678547812e-06,1.7692618174416144e-20,-1.850669610755209e-18,-5.3214521597487962e-08,1.0238795643084818e-15,-1.4775039970548349e-13,-3.1462215481230719e-11,-1.1995672022112918e-07,-6.6291219372920439e-10,1.3,1.1995855604606893e-07,-6.3527471044072525e-22,1,-1,-1,0
2,0.00012854058238184025,262,6.5000053214521802e-07,-1.6671029224058766e-21,1.6525525534535027e-18,-5.3214521597474409e-08,-1.8064711812363578e-16,1.1678671110804084e-13,6.2882793150625975e-21,-8.6921177536401065e-08,-4.8035022527472495e-10,2.0999999999999996,8.6922504799697733e-08,-7.411538288475128e-22,1,-1,-1,0
1,0.00012904058238184026,263,-1.0499994937968605e-06,1.8202249040471365e-20,-1.9250147557218299e-18,-5.0620313717548169e-08,1.0347120366880103e-15,-1.5357901100202683e-13,-3.2197047489093547e-11,-1.2451546466892144e-07,-6.8644807084801618e-10,1.3,1.2451736099565098e-07,-6.3527471044072525e-22,1,-1,-1,0
2,0.00012904058238184026,263,6.5000050620313868e-07,-1.8448149941972125e-21,1.711342562936445e-18,-5.0620313717521064e-08,-3.6498861792437304e-16,1.2092780611816359e-13,3.3864890369481016e-21,-9.022470974055837e-08,-4.9740446510369225e-10,2.0999999999999996,9.0226080813531486e-08,-7.411538288475128e-22,1,-1,-1,0
1,0.00012954058238184027,264,-1.0499995184742633e-06,1.8716922018571836e-20,-2.0022550644086407e-18,-4.8152573447647205e-08,1.2233088443718539e-15,-1.5966428506382223e-13,2.9535838015932392e-21,-1.2924574123249509e-07,-7.1026346664989043e-10,1.3,1.2924769282632917e-07,-1.0587911840678754e-21,1,-1,-1,0
2,0.00012954058238184027,264,6.5000048152573574e-07,-2.0256483755266736e-21,1.7722800884356812e-18,-4.8152573447647205e-08,-3.7177407956394045e-16,1.2529545919230831e-13,8.2364094683590927e-22,-9.3653362747116188e-08,-5.1466125915588202e-10,2.0999999999999996,9.3654776867251182e-08,-9.5291206566108788e-22,1,-1,-1,0
1,0.00013004058238184028,265,-1.0499995419486428e-06,1.9325518882404728e-20,-2.0825179738760845e-18,-4.5805135427150396e-08,1.2358000201970901e-15,-1.6600943534777997e-13,6.0898605089580925e-21,-1.3415505528200452e-07,-7.3740323337779159e-10,1.3,1.3415708189002281e-07,-1.0587911840678754e-21,1,-1,-1,0
2,0.00013004058238184028,265,6.5000045805135613e-07,-2.2096426391574497e-21,1.8353890362367385e-18,-4.5805135427177501e-08,-3.7950671221747319e-16,1.2989165789340877e-13,1.7575069482569583e-21,-9.7210681787397345e-08,-5.3432690039067151e-10,2.0999999999999996,9.7212150263262392e-08,-9.5291206566108788e-22,1,-1,-1,0
1,0.0001305405823818403,266,-1.0499995642786465e-06,1.9940322581191643e-20,-2.165932487655479e-18,-4.3572135042168822e-08,1.2484495730253899e-15,-1.7244026846166669e-13,-3.2212509893494569e-11,-1.392505343793052e-07,-7.6488711159958344e-10,1.3,1.3925263880753336e-07,-1.0587911840678754e-21,1,-1,-1,0
2,0.0001305405823818403,266,6.5000043572135254e-07,-2.3974792136130811e-21,1.9007830981917769e-18,-4.3572135042223032e-08,-3.8733738414892003e-16,1.3471853325433821e-13,2.7017090129482085e-21,-1.0090289497133747e-07,-5.5424187562240028e-10,2.0999999999999996,1.0090441713648344e-07,-9.5291206566108788e-22,1,-1,-1,0
1,0.00013104058238184031,267,-1.0499995855200623e-06,2.0561411783396974e-20,-2.252629653746087e-18,-4.1447993812452049e-08,1.2612595009677795e-15,-1.7931593126653368e-13,1.3149651092688438e-20,-1.4454059686717641e-07,-7.9271943249251974e-10,1.3,1.4454277064875385e-07,-1.0587911840678754e-21,1,-1,-1,0
2,0.00013104058238184031,267,6.5000041447993675e-07,-2.5892068297272737e-21,1.9685772411576123e-18,-4.1447993812465602e-08,-3.9526734317108737e-16,1.3960085103385984e-13,3.8232421473012187e-21,-1.0473610885240204e-07,-5.744093571478881e-10,2.0999999999999996,1.0473768397120392e-07,-9.5291206566108788e-22,1,-1,-1,0
1,0.00013154058238184032,268,-1.0499996057259594e-06,2.1188866202464511e-20,-2.3427421142371634e-18,-3.9427404097008866e-08,1.2742318501940928e-15,-1.8610603681255857e-13,-3.1788354694541511e-11,-1.5003072082037152e-07,-8.2090465490057298e-10,1.3,1.5003296999270591e-07,-1.0587911840678754e-21,1,-1,-1,0
2,0.00013154058238184032,268,6.5000039427403969e-07,-2.7848748099691254e-21,2.0387985894143232e-18,-3.9427404096995314e-08,-4.0329784179301093e-16,1.4471780393928084e-13,4.8201822463237177e-21,-1.0871428429800121e-07,-5.9483253193535035e-10,2.0999999999999996,1.0871591160528288e-07,-9.5291206566108788e-22,1,-1,-1,0
1,0.00013204058238184033,269,-1.0499996249468187e-06,2.1822766529279059e-20,-2.4364044376957412e-18,-3.7505317704604121e-08,1.287368667980597e-15,-1.9352509268628979e-13,2.1305638439526006e-20,-1.5572951823031229e-07,-8.4944721473706761e-10,1.3,1.5573183492406357e-07,-1.0587911840678754e-21,1,-1,-1,0
2,0.00013204058238184033,269,6.5000037505318023e-07,-2.9845331208860517e-21,2.1115642858546604e-18,-3.7505317704604121e-08,-4.1143016084510268e-16,1.4989421362977702e-13,6.1461212251700732e-21,-1.1284366982540006e-07,-6.1551465568821958e-10,2.0999999999999996,1.1284534849941876e-07,-9.5291206566108788e-22,1,-1,-1,0
1,0.00013254058238184035,270,-1.0499996432306612e-06,2.2552012337087601e-20,-2.533663610413655e-18,-3.5676934092502676e-08,1.4797075074073246e-15,-2.0122099578659813e-13,-6.6332626459014008e-11,-1.6164439433170664e-07,-8.8139298098128615e-10,1.3,1.6164681089482876e-07,-1.0587911840678754e-21,1,-1,-1,0
2,0.00013254058238184035,270,6.5000035676933784e-07,-3.1882323527871987e-21,2.1869922339660873e-18,-3.5676934092516229e-08,-4.2053209982058396e-16,1.5530967186540211e-13,6.8647103024734819e-21,-1.1712804731460933e-07,-6.3866272773295013e-10,2.0999999999999996,1.1712978851604385e-07,-9.5291206566108788e-22,1,-1,-1,0
1,0.00013304058238184036,271,-1.0499996606231665e-06,2.3288223581260923e-20,-2.6348341357554522e-18,-3.3937683201719425e-08,1.4945883680569462e-15,-2.090217966737961e-13,1.6726762109752227e-20,-1.6778666411701444e-07,-9.1372485425103349e-10,1.3,1.677891520588417e-07,-6.3527471044072525e-22,1,-1,-1,0
2,0.00013304058238184036,271,6.5000033937683266e-07,-3.3962435215512983e-21,2.2652009964080917e-18,-3.393768320174653e-08,-4.2974407559676998e-16,1.6114534438643878e-13,4.8526833319934838e-21,-1.2157877868708051e-07,-6.620906270584578e-10,2.0999999999999996,1.2158058147188038e-07,-7.411538288475128e-22,1,-1,-1,0
1,0.00013354058238184037,272,-1.049999677167787e-06,2.4031829079300317e-20,-2.7399677411732162e-18,-3.228322127259522e-08,1.509657913736016e-15,-2.17284659042583e-13,4.3983830752165072e-20,-1.7416095804989768e-07,-9.4646668411044558e-10,1.3,1.7416352978750271e-07,-6.3527471044072525e-22,1,-1,-1,0
2,0.00013354058238184037,272,6.5000032283221223e-07,-3.6088320856292666e-21,2.3462225949358089e-18,-3.2283221272581667e-08,-4.390728418978239e-16,1.6686948627749015e-13,1.2683683979260409e-20,-1.2619763111362758e-07,-6.8581555750238251e-10,2.0999999999999996,1.2619949461733251e-07,-7.411538288475128e-22,1,-1,-1,0
1,0.00013404058238184038,273,-1.0499996929058573e-06,2.478292258057102e-20,-2.8492059663302494e-18,-3.0709414231160407e-08,1.5249184546919914e-15,-2.2565984112187335e-13,2.7559354588482877e-20,-1.80779312251804e-07,-9.7962360898483197e-10,1.3,1.8078196646969668e-07,-6.3527471044072525e-22,1,-1,-1,0
2,0.00013404058238184038,273,6.5000030709414197e-07,-3.8260560817203732e-21,2.43026730285645e-18,-3.0709414231173959e-08,-4.4851994398014351e-16,1.7284081367292826e-13,7.976924594332196e-21,-1.3099333741352494e-07,-7.0984130250584761e-10,2.0999999999999996,1.3099526068300463e-07,-5.2939559203393771e-22,1,-1,-1,0
1,0.00013454058238184039,274,-1.0499997078766967e-06,2.5541598995365491e-20,-2.9627819186220901e-18,-2.9212330523276748e-08,1.7180082382648259e-15,-2.3450647281525981e-13,1.6881127125341084e-20,-1.8764971489880327e-07,-1.0132009604402246e-09,1.3,1.8765245023124101e-07,-6.3527471044072525e-22,1,-1,-1,0
2,0.00013454058238184039,274,6.5000029212330261e-07,-4.0479743069997767e-21,2.5173694677262448e-18,-2.9212330523249643e-08,-4.5808676353916026e-16,1.7923931306915992e-13,4.8108003739672737e-21,-1.3597273621849884e-07,-7.3417165570820918e-10,2.0999999999999996,1.3597471824852411e-07,-5.2939559203393771e-22,1,-1,-1,0
1,0.00013504058238184041,275,-1.0499997221177077e-06,2.6396431836127308e-20,-3.0807519638612012e-18,-2.7788229064272378e-08,1.7350493541008601e-15,-2.436505084807166e-13,3.2207460418117619e-11,-1.9478069190331584e-07,-1.050226448770095e-09,1.3,1.9478352587230947e-07,-6.3527471044072525e-22,1,-1,-1,0
2,0.00013504058238184041,275,6.5000027788229162e-07,-4.2744354636463361e-21,2.6076527919653517e-18,-2.7788229064245273e-08,-4.6863601957520983e-16,1.8588958989098153e-13,6.7934294033316229e-21,-1.4113988405640126e-07,-7.6100054232518018e-10,2.0999999999999996,1.4114193562963422e-07,-5.2939559203393771e-22,1,-1,-1,0
1,0.00013554058238184042,276,-1.0499997356644695e-06,2.7259732374540953e-20,-3.2032637563510742e-18,-2.6433552922068234e-08,1.7523065291870965e-15,-2.5327210139846342e-13,-3.2149838514691446e-11,-2.0217736083298195e-07,-1.087721369903829e-09,1.3,2.021802893577424e-07,-6.3527471044072525e-22,1,-1,-1,0
2,0.00013554058238184042,276,6.5000026433552979e-07,-4.5061384853208997e-21,2.7011536905062273e-18,-2.6433552922054682e-08,-4.7931902924930896e-16,1.9261556810094855e-13,8.8518555567036294e-21,-1.4649955552643531e-07,-7.8816959108202525e-10,2.0999999999999996,1.4650167569262616e-07,-5.2939559203393771e-22,1,-1,-1,0
1,0.00013604058238184043,277,-1.0499997485508266e-06,2.8131607914847137e-20,-3.3306438217992149e-18,-2.5144917014302331e-08,1.7697825031606549e-15,-2.6320214779134462e-13,3.8192036560035045e-20,-2.0985825914309432e-07,-1.1256916767258857e-09,1.3,2.0986127825857058e-07,-6.3527471044072525e-22,1,-1,-1,0
2,0.00013604058238184043,277,6.5000025144917277e-07,-4.7431498811770733e-21,2.798087001884539e-18,-2.5144917014315884e-08,-4.9013748819194675e-16,1.9960016497450502e-13,1.1074400564010379e-20,-1.5206518280252796e-07,-8.1568311422319111e-10,2.0999999999999996,1.5206737046358457e-07,-5.2939559203393771e-22,1,-1,-1,0
1,0.00013654058238184044,278,-1.0499997608089737e-06,2.9012167206454307e-20,-3.4629564875085513e-18,-2.3919102413815342e-08,1.9651157403104561e-15,-2.7344565544888919e-13,-3.2193375909539739e-11,-2.1783478865252087e-07,-1.1641434164786456e-09,1.3,2.1783790169205179e-07,-6.3527471044072525e-22,1,-1,-1,0
2,0.00013654058238184044,278,6.5000023919102556e-07,-4.9855369309797729e-21,2.8986701758084147e-18,-2.3919102413828895e-08,-5.0109311073535548e-16,2.0702411470602086e-13,7.8084724464527728e-21,-1.5784345043860444e-07,-8.4354547229408268e-10,2.0999999999999996,1.5784570445637096e-07,-5.2939559203393771e-22,1,-1,-1,0
1,0.00013704058238184045,279,-1.0499997724695361e-06,2.9989997691527295e-20,-3.6004458592784099e-18,-2.2753046363107937e-08,1.985828568331545e-15,-2.8418223344602648e-13,2.9240514378374707e-11,-2.2611017882012622e-07,-1.2091463978524834e-09,1.3,2.2611341370225823e-07,-6.3527471044072525e-22,1,-1,-1,0
2,0.00013704058238184045,279,6.5000022753046307e-07,-5.321974843577705e-21,3.0028555415813407e-18,-2.2753046363094384e-08,-6.915509372770187e-16,2.1453335385251778e-13,-1.4620257181266321e-11,-1.6383984250579823e-07,-8.7615487427117243e-10,2.0999999999999996,1.6384218581745178e-07,-7.411538288475128e-22,1,-1,-1,0
1,0.00013754058238184047,280,-1.0499997835616462e-06,3.0977779797349334e-20,-3.7433573617839308e-18,-2.1643835135221837e-08,2.0067952698717906e-15,-2.9524212079055498e-13,3.2086061956331226e-11,-2.3470209515768692e-07,-1.2547010739956308e-09,1.3,2.3470545109926266e-07,-6.3527471044072525e-22,1,-1,-1,0
2,0.00013754058238184047,280,6.5000021643835296e-07,-5.6645732503816567e-21,3.1108626947326155e-18,-2.1643835135221837e-08,-7.0453031696736346e-16,2.2231042190361847e-13,3.2086061942043555e-11,-1.7006559349045329e-07,-9.0916405034116241e-10,2.0999999999999996,1.7006802667769716e-07,-7.411538288475128e-22,1,-1,-1,0
1,0.00013804058238184048,281,-1.049999794113016e-06,3.1975980179885388e-20,-3.8918515171687162e-18,-2.0588698361451553e-08,2.028027740703843e-15,-3.0680758026310229e-13,3.0132539704198255e-20,-2.4362058525587082e-07,-1.3008332614460521e-09,1.3,2.4362405818717312e-07,-6.3527471044072525e-22,1,-1,-1,0
2,0.00013804058238184048,281,6.5000020588698328e-07,-6.0136210677393884e-21,3.2228248477887221e-18,-2.0588698361424448e-08,-7.1767430999833057e-16,2.3053582185783929e-13,-1.6105643018934198e-11,-1.7652799616452153e-07,-9.4259176871151542e-10,2.0999999999999996,1.7653051342047217e-07,-5.2939559203393771e-22,1,-1,-1,0
1,0.00013854058238184049,282,-1.0499998041500064e-06,3.3073548750786741e-20,-4.0460902756996417e-18,-1.9584999419512651e-08,2.2285649272681407e-15,-3.1870528341761348e-13,1.858510236726928e-20,-2.5287462926101603e-07,-1.3505917056430769e-09,1.3,2.5287823595922932e-07,-6.3527471044072525e-22,1,-1,-1,0
2,0.00013854058238184049,282,6.5000019584999289e-07,-6.3692000856364154e-21,3.3388760971338078e-18,-1.9584999419526203e-08,-7.3185142179916788e-16,2.3885691397769666e-13,3.2209093846156282e-11,-1.8323459238886456e-07,-9.7864702183396208e-10,2.0999999999999996,1.8323720865406243e-07,-5.2939559203393771e-22,1,-1,-1,0
1,0.0001390405823818405,283,-1.0499998136976936e-06,3.4182156492501892e-20,-4.2064169556893089e-18,-1.8630230710838403e-08,2.251748096717102e-15,-3.3129881305000572e-13,3.214168062015872e-11,-2.6248300030076015e-07,-1.4009621213111677e-09,1.3,2.6248674095055133e-07,-6.3527471044072525e-22,1,-1,-1,0
2,0.0001390405823818405,283,6.500001863023057e-07,-6.7316128737912409e-21,3.4591528367821394e-18,-1.8630230710838403e-08,-7.4620290949400829e-16,2.4763413467461931e-13,1.6070840303730497e-11,-1.9019687945461362e-07,-1.0151457467759712e-09,2.0999999999999996,1.9019958920416187e-07,-5.2939559203393771e-22,1,-1,-1,0
1,0.00013954058238184052,284,-1.0499998227799311e-06,3.5302283896668798e-20,-4.3729994405871173e-18,-1.7722006733666322e-08,2.2752252058028736e-15,-3.442373344738721e-13,-3.2204678050924911e-11,-2.7245498930464861e-07,-1.4519711882324081e-09,1.3,2.7245886011372242e-07,-6.3527471044072525e-22,1,-1,-1,0
2,0.00013954058238184052,284,6.5000017722006819e-07,-7.1011568451340459e-21,3.5837928234601329e-18,-1.7722006733679875e-08,-7.6073635554795824e-16,2.5687022722225234e-13,-1.6102339034526229e-11,-1.974226437054059e-07,-1.0521072288883816e-09,2.0999999999999996,1.9742544779368752e-07,-5.2939559203393771e-22,1,-1,-1,0
1,0.00014004058238184053,285,-1.0499998314194092e-06,3.6522894810659861e-20,-4.5460084843966364e-18,-1.685805888454624e-08,2.478035423680423e-15,-3.5752815445482136e-13,-3.1518473681465357e-11,-2.8280611950314385e-07,-1.5066682761781962e-09,1.3,2.8281013466835853e-07,-6.3527471044072525e-22,1,-1,-1,0
2,0.00014004058238184053,285,6.5000016858059005e-07,-7.4779224553190335e-21,3.7131132467543728e-18,-1.6858058884519135e-08,-7.763205886363742e-16,2.6621444443889405e-13,-1.5759236847300363e-11,-2.0492419922698021e-07,-1.0917410735160576e-09,2.0999999999999996,2.0492710795730325e-07,-5.2939559203393771e-22,1,-1,-1,0
1,0.00014054058238184054,286,-1.0499998396377132e-06,3.7755674364738143e-20,-4.7257973778886872e-18,-1.603622890673697e-08,2.5035204533382156e-15,-3.7153372430898507e-13,-3.2195207863659596e-11,-2.9355269387789836e-07,-1.5620399828418986e-09,1.3,2.9355685154397351e-07,-6.3527471044072525e-22,1,-1,-1,0
2,0.00014054058238184054,286,6.5000016036228612e-07,-7.8622210249379016e-21,3.8471678545539186e-18,-1.6036228906750522e-08,-7.9209703326915293e-16,2.7584886668905828e-13,-1.6097603941453712e-11,-2.127112327474656e-07,-1.1318637509304428e-09,2.0999999999999996,2.1271424473135317e-07,-5.2939559203393771e-22,1,-1,-1,0
1,0.00014104058238184055,287,-1.0499998474553745e-06,3.9001117354710715e-20,-4.9126325621001365e-18,-1.5254462353619176e-08,2.706964284735284e-15,-3.859054207093194e-13,3.3895752190988441e-20,-3.0470932457616072e-07,-1.6181137294233765e-09,1.3,3.0471362092250065e-07,-6.3527471044072525e-22,1,-1,-1,0
2,0.00014104058238184055,287,6.5000015254462476e-07,-8.2543588416916984e-21,3.9861004371254921e-18,-1.5254462353619176e-08,-8.0807350661141494e-16,2.8595524589172667e-13,9.715956350969946e-21,-2.2079382478584232e-07,-1.1724951410613508e-09,2.0999999999999996,2.2079693795072667e-07,-5.2939559203393771e-22,1,-1,-1,0
1,0.00014154058238184056,288,-1.0499998548919251e-06,4.0347861666979413e-20,-5.106695492223852e-18,-1.4510807247455969e-08,2.734490729501717e-15,-4.0100394788875691e-13,-3.1757887747457078e-11,-3.1628677756258509e-07,-1.6779208530843408e-09,1.3,3.1629122986241151e-07,-6.3527471044072525e-22,1,-1,-1,0
2,0.00014154058238184056,288,6.5000014510807433e-07,-8.6542245211301932e-21,4.1301459798362191e-18,-1.4510807247455969e-08,-1.0027493651733562e-15,2.9653694303773476e-13,-1.5878943877031109e-11,-2.2918291605280613e-07,-1.2158317383926963e-09,2.0999999999999996,2.2918614161729877e-07,-5.2939559203393771e-22,1,-1,-1,0
1,0.00014204058238184058,289,-1.0499998619659436e-06,4.1707943245135397e-20,-5.3083472736833194e-18,-1.3803405329176639e-08,2.7637572592362768e-15,-4.1666025069215373e-13,6.6332627084065709e-11,-3.283042128877805e-07,-1.7415086766194998e-09,1.3,3.2830883852304869e-07,-6.3527471044072525e-22,1,-1,-1,0
2,0.00014204058238184058,289,6.500001380340557e-07,-9.1511644765029973e-21,4.2794519019650704e-18,-1.3803405329163086e-08,-1.0208667259437097e-15,3.0742163366024315e-13,-3.3166313489655093e-11,-2.3789081984298143e-07,-1.2619078474094452e-09,2.0999999999999996,2.3789416906890666e-07,-5.2939559203393771e-22,1,-1,-1,0
1,0.00014254058238184059,290,-1.0499998686951039e-06,4.3171385097751474e-20,-5.5177761390649658e-18,-1.3130489724523064e-08,2.9724302800724809e-15,-4.3288067734263058e-13,3.2204402558841901e-11,-3.4077507593274737e-07,-1.808943971750174e-09,1.3,3.4077987864952677e-07,-6.3527471044072525e-22,1,-1,-1,0
2,0.00014254058238184059,290,6.5000013130489541e-07,-9.6571068874958051e-21,4.4342573750684246e-18,-1.3130489724523064e-08,-1.0400803264533309e-15,3.1879089073446442e-13,-1.6102201261721176e-11,-2.4692835012557856e-07,-1.3107718921352151e-09,2.0999999999999996,2.4693182961694997e-07,-5.2939559203393771e-22,1,-1,-1,0
1,0.0001430405823818406,291,-1.0499998750962174e-06,4.4649908793757208e-20,-5.7354401595431823e-18,-1.249037810562069e-08,3.0038524598940379e-15,-4.4967562094946755e-13,-2.901047939203407e-11,-3.5372264826661462e-07,-1.8772154185164335e-09,1.3,3.5372763063702358e-07,-6.3527471044072525e-22,1,-1,-1,0
2,0.0001430405823818406,291,6.5000012490378188e-07,-1.017238567935849e-20,4.5947148558435423e-18,-1.2490378105607138e-08,-1.0595321464545212e-15,3.3047350342376715e-13,2.9010479442253672e-11,-2.563102379957757e-07,-1.3602417888426909e-09,2.0999999999999996,2.5631384902260586e-07,-5.2939559203393771e-22,1,-1,-1,0
1,0.00014354058238184061,292,-1.0499998811852766e-06,4.6144046058853419e-20,-5.9615358816035194e-18,-1.1881472134674391e-08,3.2133087450161771e-15,-4.6723125064816875e-13,3.2298601995950874e-20,-3.6716562703933059e-07,-1.9463524554310561e-09,1.3,3.6717078583006239e-07,-6.3527471044072525e-22,1,-1,-1,0
2,0.00014354058238184061,292,6.5000011881472259e-07,-1.069733001378594e-20,4.7611574866072678e-18,-1.1881472134687944e-08,-1.0792305702355652e-15,3.4265238668351536e-13,9.3124030974010527e-21,-2.660495307288886e-07,-1.4103389129644017e-09,2.0999999999999996,2.6605326883335085e-07,-7.411538288475128e-22,1,-1,-1,0
1,0.00014404058238184062,293,-1.0499998869774941e-06,4.7742472209613743e-20,-6.1964412396313824e-18,-1.1302250474632064e-08,3.246923840715674e-15,-4.8537583280831559e-13,5.5738590596450849e-20,-3.8111582077597238e-07,-2.0193884838068984e-09,1.3,3.8112117072604564e-07,-1.0587911840678754e-21,1,-1,-1,0
2,0.00014404058238184062,293,6.5000011302250493e-07,-1.1231851637159745e-20,4.9336542748164607e-18,-1.1302250474632064e-08,-1.1000399138157954e-15,3.5515357308141662e-13,-1.6012614650748731e-11,-2.7615792573332115e-07,-1.4632612623244989e-09,2.0999999999999996,2.7616180281721832e-07,-9.5291206566108788e-22,1,-1,-1,0
1,0.00014454058238184064,294,-1.0499998924873414e-06,4.9357601583839963e-20,-6.4405377805902342e-18,-1.07512656601365e-08,3.4586008185759409e-15,-5.0411949126713478e-13,4.6363992078305849e-20,-3.9559538117989396e-07,-2.0933505169135272e-09,1.3,3.9560091977553878e-07,-1.0587911840678754e-21,1,-1,-1,0
2,0.00014454058238184064,294,6.5000010751265768e-07,-1.1776713350593111e-20,5.1124541088418651e-18,-1.0751265660150053e-08,-1.1211130971425474e-15,3.6833859399463919e-13,1.3430587677253876e-20,-2.8665096794059833e-07,-1.516854608855179e-09,2.0999999999999996,2.8665498123909575e-07,-9.5291206566108788e-22,1,-1,-1,0
1,0.00014504058238184065,295,-1.0499998977285833e-06,5.1078123296173751e-20,-6.6941225834678296e-18,-1.0227141402307204e-08,3.4958645566318909e-15,-5.2382691021389436e-13,-3.217883787313045e-11,-4.1062546382946466e-07,-2.1743140068827641e-09,1.3,4.1063122168442226e-07,-1.0587911840678754e-21,1,-1,-1,0
2,0.00014504058238184065,295,6.5000010227141569e-07,-1.2420653309013858e-20,5.2978085657519302e-18,-1.0227141402320756e-08,-1.3218168068325192e-15,3.8185800359101142e-13,1.6089418959923145e-11,-2.9754185637911984e-07,-1.5755212418133947e-09,2.0999999999999996,2.9754602807563332e-07,-9.5291206566108788e-22,1,-1,-1,0
1,0.00014554058238184066,296,-1.0499999027143147e-06,5.281682072474918e-20,-6.9574974042462381e-18,-9.7285682699294572e-09,3.7112277471407253e-15,-5.4397458207579259e-13,2.0465126844404701e-20,-4.2622578649803662e-07,-2.2562851288527666e-09,1.3,4.2623175843483622e-07,-1.0587911840678754e-21,1,-1,-1,0
2,0.00014554058238184066,296,6.5000009728568426e-07,-1.3075844901325201e-20,5.4900609353058118e-18,-9.7285682699159047e-09,-1.3451719325173277e-15,3.958952582201042e-13,5.9651224341130339e-21,-3.0884701047759119e-07,-1.6349180268372847e-09,2.0999999999999996,3.0885133776284634e-07,-9.5291206566108788e-22,1,-1,-1,0
1,0.00014604058238184067,297,-1.0499999074569917e-06,5.4662742158629768e-20,-7.2311469867514017e-18,-9.2543009714407933e-09,3.7508246721969615e-15,-5.652841183929977e-13,5.2405806758540672e-20,-4.42421103126841e-07,-2.3423179682307596e-09,1.3,4.4242730357137225e-07,-1.0587911840678754e-21,1,-1,-1,0
2,0.00014604058238184067,297,6.5000009254300724e-07,-1.3742430785251019e-20,5.6893801849627416e-18,-9.2543009714272408e-09,-1.3696843134812523e-15,4.1045720809844449e-13,1.610458742128001e-11,-3.2058223539605237e-07,-1.6972579455904019e-09,2.0999999999999996,3.205867286639008e-07,-9.5291206566108788e-22,1,-1,-1,0
1,0.00014654058238184069,298,-1.0499999119684633e-06,5.6528339167735854e-20,-7.5154713947258796e-18,-8.8031535875585142e-09,3.9685593243328233e-15,-5.8723180314869859e-13,-3.2194908491302332e-11,-4.5923155101478134e-07,-2.4294416042242852e-09,1.3,4.5923797825360892e-07,-1.0587911840678754e-21,1,-1,-1,0
2,0.00014654058238184069,298,6.5000008803153559e-07,-1.4421196784507303e-20,5.8959378430779956e-18,-8.8031535875449617e-09,-1.3945074832148771e-15,4.2554954375378717e-13,-1.6097454255166118e-11,-3.3276161537160172e-07,-1.7603882626807193e-09,2.0999999999999996,3.3276627216513581e-07,-9.5291206566108788e-22,1,-1,-1,0
1,0.0001470405823818407,299,-1.0499999162600006e-06,5.8502338548968988e-20,-7.8108762794436665e-18,-8.3739999934680188e-09,4.0105577733134373e-15,-6.1000888982868903e-13,8.2180346769483269e-20,-4.7668567739839205e-07,-2.5206922687017862e-09,1.3,4.7669234200506869e-07,-1.0587911840678754e-21,1,-1,-1,0
2,0.0001470405823818407,299,6.5000008373999817e-07,-1.5112086543813654e-20,6.1102641701649282e-18,-8.3739999934544663e-09,-1.4205065242173075e-15,4.4118069569881848e-13,-1.6029654693510739e-11,-3.4540898297377187e-07,-1.8265090567899905e-09,2.0999999999999996,3.454138125658263e-07,-1.164670302474663e-21,1,-1,-1,0
1,0.00014754058238184071,300,-1.0499999203423256e-06,6.0586024655974318e-20,-8.1176847108945214e-18,-7.9657673931289369e-09,4.2335239247487015e-15,-6.3362207290360299e-13,3.2202256583739594e-11,-4.9479819676526306e-07,-2.6191824623610839e-09,1.3,4.9480513000161231e-07,-1.0587911840678754e-21,1,-1,-1,0
2,0.00014754058238184071,300,6.5000007965767322e-07,-1.5904712976847237e-20,6.3324491960571264e-18,-7.9657673931153843e-09,-1.6262039250887882e-15,4.5753244287486267e-13,-1.6101128271643147e-11,-3.5853448806419726e-07,-1.8978756512904406e-09,2.0999999999999996,3.585395115223566e-07,-9.5291206566108788e-22,1,-1,-1,0
1,0.00014804058238184072,301,-1.0499999242256371e-06,6.2691554304856978e-20,-8.4364009531716593e-18,-7.5774360270555383e-09,4.4570474357326165e-15,-6.5826251861140838e-13,2.2189134210541062e-20,-5.1359972934481516e-07,-2.7188836375082964e-09,1.3,5.1360692587941382e-07,-1.0587911840678754e-21,1,-1,-1,0
2,0.00014804058238184072,301,6.5000007577436163e-07,-1.6710861603544379e-20,6.5627627904830062e-18,-7.5774360270826433e-09,-1.6546106762571169e-15,4.7443552656075551e-13,-1.6084513730744286e-11,-3.7215662148811056e-07,-1.9701197369233335e-09,2.0999999999999996,3.7216183650118421e-07,-1.164670302474663e-21,1,-1,-1,0
1,0.00014854058238184073,302,-1.0499999279196372e-06,6.4908362793578662e-20,-8.7675354207707405e-18,-7.2080362193972488e-09,4.5049081456259647e-15,-6.8394247070041678e-13,3.1550905936106097e-11,-5.3311548711845469e-07,-2.8228713297233227e-09,1.3,5.3312296161725302e-07,-1.4823076576950256e-21,1,-1,-1,0
2,0.00014854058238184073,302,6.5000007208036148e-07,-1.7530914656976245e-20,6.801567447615847e-18,-7.2080362194108013e-09,-1.6842387308985185e-15,4.9189752471822407e-13,3.1550905888318723e-11,-3.862978568203816e-07,-2.0454698439893056e-09,2.0999999999999996,3.8630327351235633e-07,-1.3764285392882381e-21,1,-1,-1,0
1,0.00014904058238184075,303,-1.0499999314335546e-06,6.7148953100050597e-20,-9.1114271667838967e-18,-6.8566442884635806e-09,4.7310113531967106e-15,-7.103179571207551e-13,-6.633262738137059e-11,-5.5337018641639602e-07,-2.9281774476676879e-09,1.3,5.53377937613797e-07,-1.4823076576950256e-21,1,-1,-1,0
2,0.00014904058238184075,303,6.5000006856644402e-07,-1.8365689788090082e-20,7.0492295461589013e-18,-6.8566442884364755e-09,-1.7142424378077025e-15,5.1010307011964698e-13,3.94560540081611e-20,-4.009756008461558e-07,-2.1217753105508875e-09,2.0999999999999996,4.0098121452806754e-07,-1.3764285392882381e-21,1,-1,-1,0
1,0.00014954058238184076,304,-1.0499999347761688e-06,6.9502104088817834e-20,-9.4686876538788461e-18,-6.5223831664811991e-09,4.9605199084911351e-15,-7.3793493740412348e-13,7.9094714946608481e-21,-5.7439254019191172e-07,-3.0408824195879118e-09,1.3,5.7440058947916016e-07,-1.4823076576950256e-21,1,-1,-1,0
2,0.00014954058238184076,304,6.5000006522382988e-07,-1.9303980709495378e-20,7.3059415159973961e-18,-6.5223831664811991e-09,-1.9239899023702438e-15,5.2888260625098617e-13,2.404078886145388e-21,-4.1620959167383572e-07,-2.20344203031008e-09,2.0999999999999996,4.1621542421933619e-07,-1.3764285392882381e-21,1,-1,-1,0
1,0.00015004058238184077,305,-1.0499999379558305e-06,7.1969167362737793e-20,-9.8397565134907412e-18,-6.2044166444455038e-09,5.014432857021658e-15,-7.6645274061770663e-13,3.2180107109191954e-11,-5.9621462211423849e-07,-3.1580198994690702e-09,1.3,5.9622298659819294e-07,-1.0587911840678754e-21,1,-1,-1,0
2,0.00015004058238184077,305,6.5000006204416825e-07,-2.0257806284848268e-20,7.5721658336769998e-18,-6.2044166444590564e-09,-1.9573645839246247e-15,5.4842280603308875e-13,1.87149569020249e-20,-4.3202200541020074e-07,-2.2883205631951032e-09,2.0999999999999996,4.3202806571986901e-07,-1.164670302474663e-21,1,-1,-1,0
1,0.00015054058238184078,306,-1.0499999409804837e-06,7.4551837632335915e-20,-1.0225258890092368e-17,-5.9019513910270457e-09,5.2480648050859332e-15,-7.9624123895512849e-13,7.2060098023063372e-20,-6.1886832370741268e-07,-3.2796838298538681e-09,1.3,6.1887701396517124e-07,-1.0587911840678754e-21,1,-1,-1,0
2,0.00015054058238184078,306,6.5000005901951503e-07,-2.1228215623867841e-20,7.8481922173872321e-18,-5.9019513910405982e-09,-1.9920289379045598e-15,5.6855507342141661e-13,-1.5941453901455949e-11,-4.4843544345433243e-07,-2.3764789924760422e-09,2.0999999999999996,4.4844174075638345e-07,-1.164670302474663e-21,1,-1,-1,0
1,0.0001510405823818408,307,-1.049999943857685e-06,7.71619917473353e-20,-1.0625737177439922e-17,-5.6142311863235884e-09,5.4823980353679938e-15,-8.2695822031047494e-13,3.0620969496641615e-11,-6.423806282745055e-07,-3.4028714497821743e-09,1.3,6.4238964192621908e-07,-1.4823076576950256e-21,1,-1,-1,0
2,0.0001510405823818408,307,6.5000005614231362e-07,-2.2215638770264603e-20,8.1344029575748453e-18,-5.6142311863100359e-09,-2.2047630997106208e-15,5.8964276324106505e-13,3.0620969489454811e-11,-4.6547366472361612e-07,-2.4657414867883679e-09,2.0999999999999996,4.6548019653896863e-07,-1.3764285392882381e-21,1,-1,-1,0
1,0.00015154058238184081,308,-1.049999946594623e-06,7.9888455506507116e-20,-1.1041652288045085e-17,-5.3405378005653113e-09,5.5425965866460936e-15,-8.5897364643868112e-13,3.210165041819471e-11,-6.6678467567945194e-07,-3.533665752977565e-09,1.3,6.6679403982423356e-07,-1.0587911840678754e-21,1,-1,-1,0
2,0.00015154058238184081,308,6.5000005340537578e-07,-2.3308898495052421e-20,8.4311848878659428e-18,-5.3405378005517588e-09,-2.2420288695462615e-15,6.11339699496751e-13,-3.2101650313474149e-11,-4.8315698696165156e-07,-2.5605158402576525e-09,2.0999999999999996,4.8316377277455897e-07,-1.164670302474663e-21,1,-1,-1,0
1,0.00015204058238184082,309,-1.0499999491981352e-06,8.2644831716542876e-20,-1.1473738606072685e-17,-5.0801861855562019e-09,5.6035583855512798e-15,-8.9230627372998305e-13,-2.8767933029275302e-11,-6.9212086719057225e-07,-3.6661183753295306e-09,1.3,6.9213057731338935e-07,-1.0587911840678754e-21,1,-1,-1,0
2,0.00015204058238184082,309,6.5000005080186353e-07,-2.4420675449777069e-20,8.7390180028587009e-18,-5.080186185583307e-09,-2.2797671265706371e-15,6.3401276411430347e-13,-2.876793313126441e-11,-5.0151574686087953e-07,-2.6564918236340377e-09,2.0999999999999996,5.0152278325698105e-07,-1.164670302474663e-21,1,-1,-1,0
1,0.00015254058238184083,310,-1.0499999516747259e-06,8.5520317472195955e-20,-1.1922472982937694e-17,-4.8325274725743777e-09,5.844328554216764e-15,-9.2679139948626423e-13,-3.2191627451997436e-11,-7.1841782218888002e-07,-3.8032916230674953e-09,1.3,7.1842789011986737e-07,-1.4823076576950256e-21,1,-1,-1,0
2,0.00015254058238184083,310,6.5000004832527271e-07,-2.5551204413091142e-20,9.0582101852075537e-18,-4.8325274725472727e-09,-2.4964860657432568e-15,6.5766996358943225e-13,2.9325852190098733e-20,-5.2056911029470045e-07,-2.7558884076345987e-09,2.0999999999999996,5.2057640506839272e-07,-1.3764285392882381e-21,1,-1,-1,0
1,0.00015304058238184084,311,-1.0499999540305829e-06,8.8515311368307351e-20,-1.2388604451225307e-17,-4.5969418124771223e-09,6.0886813474912313e-15,-9.6262325871754869e-13,1.2523152765559942e-19,-7.4571021611528183e-07,-3.9482488981259106e-09,1.3,7.4572066827201587e-07,-1.4823076576950256e-21,1,-1,-1,0
2,0.00015304058238184084,311,6.5000004596941574e-07,-2.678954997423167e-20,9.3891616800328994e-18,-4.5969418124771223e-09,-2.5377871311967114e-15,6.8178866510277085e-13,-3.2198430381159451e-11,-5.4034640802048278e-07,-2.8609253304860692e-09,2.0999999999999996,5.4035398267350976e-07,-1.3764285392882381e-21,1,-1,-1,0
1,0.00015354058238184086,312,-1.049999956271592e-06,9.1631934099991026e-20,-1.2872803385298531e-17,-4.3728406887377997e-09,6.3352711071104466e-15,-9.998211701806591e-13,1.5383593561859193e-19,-7.7404089290760451e-07,-4.0980664596571527e-09,1.3,7.7405174119170451e-07,-1.0587911840678754e-21,1,-1,-1,0
2,0.00015354058238184086,312,6.500000437284068e-07,-2.8048207102870713e-20,9.732367840065358e-18,-4.3728406887513522e-09,-2.5804729898261877e-15,7.0709137262300448e-13,-1.6021197959658647e-11,-5.6087605449456195e-07,-2.9694840601494776e-09,2.0999999999999996,5.6088391543852377e-07,-1.164670302474663e-21,1,-1,-1,0
1,0.00015404058238184087,313,-1.049999958403352e-06,9.4871297209243744e-20,-1.3375748397584172e-17,-4.15966480406477e-09,6.5841262034885179e-15,-1.0387599371264519e-12,6.6332627723717782e-11,-8.0345316253393097e-07,-4.2528059551617115e-09,1.3,8.0346442058393913e-07,-1.0587911840678754e-21,1,-1,-1,0
2,0.00015404058238184087,313,6.500000415966469e-07,-2.9327863897112042e-20,1.0088329117854545e-17,-4.1596648040783226e-09,-2.8021968778712831e-15,7.334125394752289e-13,3.3166313819437974e-11,-5.8218679095360859e-07,-3.0816092393572943e-09,2.0999999999999996,5.8219494757028695e-07,-9.5291206566108788e-22,1,-1,-1,0
1,0.00015454058238184088,314,-1.0499999604311884e-06,9.8145367986753302e-20,-1.3898126233487696e-17,-3.9568809991665779e-09,6.8352666603237084e-15,-1.0787445079622286e-12,3.2174700878964021e-11,-8.3397893935498835e-07,-4.4125108875982324e-09,1.3,8.3399061300185862e-07,-1.0587911840678754e-21,1,-1,-1,0
2,0.00015454058238184088,314,6.5000003956881042e-07,-3.0717824232393772e-20,1.0457462182450323e-17,-3.9568809991665779e-09,-2.8476998355311635e-15,7.6040648662495336e-13,-1.6087350331692147e-11,-6.0430702009024853e-07,-3.1973324172300689e-09,2.0999999999999996,6.0431547863987824e-07,-9.5291206566108788e-22,1,-1,-1,0
1,0.00015504058238184089,315,-1.0499999623601679e-06,1.0154444036820053e-19,-1.4440812055394547e-17,-3.7639832364756882e-09,7.0887301486924397e-15,-1.1205091876055251e-12,1.7209347132825002e-19,-8.6567159467868844e-07,-4.577263105040299e-09,1.3,8.6568369579834196e-07,-1.0587911840678754e-21,1,-1,-1,0
2,0.00015504058238184089,315,6.5000003763983085e-07,-3.213018403937395e-20,1.0840279195164373e-17,-3.7639832364621357e-09,-2.8946408580021347e-15,7.884431935206413e-13,1.5400991016537586e-11,-6.2727013978217564e-07,-3.3167128853464354e-09,2.0999999999999996,6.2727890852786093e-07,-1.164670302474663e-21,1,-1,-1,0
1,0.0001555405823818409,316,-1.0499999641951096e-06,1.0506966865916094e-19,-1.500442405299951e-17,-3.5804888833543616e-09,7.3459458831014249e-15,-1.1638923500884105e-12,1.3214879771645311e-19,-8.9856417037160268e-07,-4.750167884876872e-09,1.3,8.9857672592302379e-07,-1.0587911840678754e-21,1,-1,-1,0
2,0.0001555405823818409,316,6.5000003580488919e-07,-3.3654475729848976e-20,1.1237298186269819e-17,-3.5804888833543616e-09,-3.1215403826999291e-15,8.1788784264255201e-13,-1.6068548817982391e-11,-6.511053648288448e-07,-3.4420007480452979e-09,2.0999999999999996,6.5111446285292337e-07,-1.164670302474663e-21,1,-1,-1,0
1,0.00015604058238184092,317,-1.0499999659405978e-06,1.0881139467524245e-19,-1.558976594932243e-17,-3.4059402309399248e-09,7.6069527491635548e-15,-1.2087377645095211e-12,-2.9234837253199481e-11,-9.3270491584014003e-07,-4.9313097142266371e-09,1.3,9.3271795238568024e-07,-1.0587911840678754e-21,1,-1,-1,0
2,0.00015604058238184092,317,6.5000003405940098e-07,-3.5202824874410852e-20,1.1648953257335804e-17,-3.4059402309399248e-09,-3.1731511140517151e-15,8.4804314188439842e-13,1.4617418763217508e-11,-6.7584238498350707e-07,-3.5732572259966419e-09,2.0999999999999996,6.7585183118866159e-07,-1.164670302474663e-21,1,-1,-1,0
1,0.00015654058238184093,318,-1.0499999676009937e-06,1.1268302487814693e-19,-1.6197741583677276e-17,-3.2399001833433808e-09,7.8718075026455414e-15,-1.2556004367733566e-12,1.506180235542322e-19,-9.6814010270074897e-07,-5.1208119075325461e-09,1.3,9.6815364543651291e-07,-1.0587911840678754e-21,1,-1,-1,0
2,0.00015654058238184093,318,6.5000003239900507e-07,-3.6865426264912747e-20,1.2075863139832383e-17,-3.2399001833433808e-09,-3.4047795540872317e-15,8.7945567846984829e-13,3.2010393948309867e-11,-7.0152000094866271e-07,-3.7105716725017661e-09,2.0999999999999996,7.0152981483171046e-07,-1.164670302474663e-21,1,-1,-1,0
1,0.00015704058238184094,319,-1.0499999691804452e-06,1.166861307651365e-19,-1.6829264964436382e-17,-3.081955621318886e-09,8.1391504765715526e-15,-1.3039712629910303e-12,2.2568121890909828e-19,-1.004922319265446e-06,-5.3157202923031171e-09,1.3,1.00493637840416e-06,-1.0587911840678754e-21,1,-1,-1,0
2,0.00015704058238184094,319,6.5000003081955364e-07,-3.855443489158299e-20,1.2518564042633431e-17,-3.081955621318886e-09,-3.4603126401099877e-15,9.1214018847086659e-13,-1.6105092223114661e-11,-7.2817368460671976e-07,-3.85180348735765e-09,2.0999999999999996,7.2818387211143715e-07,-9.5291206566108788e-22,1,-1,-1,0
1,0.00015754058238184095,320,-1.0499999706828983e-06,1.2082228922966458e-19,-1.7485174131787319e-17,-2.9317103139261296e-09,8.5880573571475932e-15,-1.3544068999726864e-12,1.0248879511001444e-19,-1.0431036878077248e-06,-5.5191635875911316e-09,1.3,1.0431182889225852e-06,-1.0587911840678754e-21,1,-1,-1,0
2,0.00015754058238184095,320,6.5000002931710047e-07,-4.0359644767957571e-20,1.2977688946771132e-17,-2.9317103139125771e-09,-3.6959131652564318e-15,9.4593373745992609e-13,-1.6087822935559421e-11,-7.5583962845643937e-07,-3.9992197454990486e-09,2.0999999999999996,7.5585020868063475e-07,-1.164670302474663e-21,1,-1,-1,0
1,0.00015804058238184097,321,-1.0499999721121069e-06,1.2509277118400846e-19,-1.8166494650072396e-17,-2.7887892422066244e-09,8.8618894413688017e-15,-1.4067557634233607e-12,1.9350148826245858e-19,-1.0827406417637003e-06,-5.7281709620653962e-09,1.3,1.0827557939209748e-06,-1.4823076576950256e-21,1,-1,-1,0
2,0.00015804058238184097,321,6.5000002788789171e-07,-4.2193024806770677e-20,1.3453876954724454e-17,-2.7887892422066244e-09,-3.7554633178345065e-15,9.81207724212361e-13,-1.610520272848126e-11,-7.8455923522048131e-07,-4.1506677695342037e-09,2.0999999999999996,7.8457021474948771e-07,-1.3764285392882381e-21,1,-1,-1,0
1,0.00015854058238184098,322,-1.0499999734716416e-06,1.2958834797318735e-19,-1.8874087901062665e-17,-2.6528357952200488e-09,9.141131783735396e-15,-1.461038901441284e-12,-3.1749197602577064e-11,-1.1238776896906088e-06,-5.9489332862583259e-09,1.3,1.1238934345388608e-06,-1.0587911840678754e-21,1,-1,-1,0
2,0.00015854058238184098,322,6.5000002652835714e-07,-4.4144602162175792e-20,1.3947686679514657e-17,-2.6528357952471538e-09,-3.9959983617978311e-15,1.0176199071416454e-12,5.0286410918325618e-20,-8.1436845538561039e-07,-4.3106335022294506e-09,2.0999999999999996,8.1437986387700891e-07,-1.164670302474663e-21,1,-1,-1,0
1,0.00015904058238184099,323,-1.0499999747648989e-06,1.342225495901852e-19,-1.9608915323853805e-17,-2.5235102785344226e-09,9.6006804509160398e-15,-1.5174623290930726e-12,5.7122287090500385e-20,-1.1665778833891317e-06,-6.1754981523657017e-09,1.3,1.1665942288517016e-06,-1.0587911840678754e-21,1,-1,-1,0
2,0.00015904058238184099,323,6.5000002523509983e-07,-4.6127012413365976e-20,1.4459861327361973e-17,-2.5235102785073175e-09,-4.2381866595774026e-15,1.0553654901027824e-12,-1.6086355528374304e-11,-8.453087676073507e-07,-4.4748037921368251e-09,2.0999999999999996,8.4532061179271314e-07,-1.164670302474663e-21,1,-1,-1,0
1,0.000159540582381841,324,-1.0499999759951099e-06,1.3899636256514119e-19,-2.0372129414094579e-17,-2.4004888181654738e-09,9.8866890097091004e-15,-1.5760535218699857e-12,1.8149893150595991e-19,-1.2108998792696559e-06,-6.4109615373977624e-09,1.3,1.2109168501772123e-06,-1.0587911840678754e-21,1,-1,-1,0
2,0.000159540582381841,324,6.5000002400488887e-07,-4.8229684109049403e-20,1.4991063594411279e-17,-2.4004888181519213e-09,-4.3052746297445943e-15,1.094639117435036e-12,-1.6037563948309086e-11,-8.7742582055305907e-07,-4.6454220034974761e-09,2.0999999999999996,8.7743811791829685e-07,-1.164670302474663e-21,1,-1,-1,0
1,0.00016004058238184101,325,-1.0499999771653482e-06,1.4400132082056196e-19,-2.1164807060894883e-17,-2.2834651247768609e-09,1.0355897895627008e-14,-1.6368411564586957e-12,-3.1927456739109282e-11,-1.2569070239011018e-06,-6.6585153085276039e-09,1.3,1.2569246610586496e-06,-1.4823076576950256e-21,1,-1,-1,0
2,0.00016004058238184101,325,6.5000002283465049e-07,-5.0454298637884156e-20,1.5541964356844412e-17,-2.2834651247768609e-09,-4.5534430611955585e-15,1.1351032696368601e-12,-3.1927456791491535e-11,-9.1076236869061677e-07,-4.8248009773962347e-09,2.0999999999999996,9.1077514895103333e-07,-1.3764285392882381e-21,1,-1,-1,0
1,0.00016054058238184103,326,-1.0499999782785375e-06,1.4915069056013924e-19,-2.1988128245026532e-17,-2.1721461705188775e-09,1.0650289389707583e-14,-1.7000324446042195e-12,3.2181301978322841e-11,-1.3046625370363764e-06,-6.9121924238701588e-09,1.3,1.3046808479417237e-06,-1.0587911840678754e-21,1,-1,-1,0
2,0.00016054058238184103,326,6.5000002172146126e-07,-5.2713328278566586e-20,1.6113332143156066e-17,-2.17214617053243e-09,-4.8033561514663969e-15,1.1773091634850308e-12,3.2181301918839372e-11,-9.4536736929993139e-07,-5.0086169694444601e-09,2.0999999999999996,9.4538063774156892e-07,-1.164670302474663e-21,1,-1,-1,0
1,0.00016104058238184104,327,-1.0499999793374587e-06,1.545350305300081e-19,-2.2843198595312504e-17,-2.0662539942657276e-09,1.0950343122869931e-14,-1.7654809428300393e-12,2.5470569984522606e-19,-1.3542355821608084e-06,-7.1781719713275162e-09,1.3,1.3542546061000765e-06,-1.4823076576950256e-21,1,-1,-1,0
2,0.00016104058238184104,327,6.5000002066253995e-07,-5.5096668575419998e-20,1.6705944437453222e-17,-2.0662539942792801e-09,-4.8791387538700791e-15,1.2210984724713873e-12,3.189953365447784e-11,-9.8128672886347212e-07,-5.2013473804846509e-09,2.0999999999999996,9.8130051425428606e-07,-1.3764285392882381e-21,1,-1,-1,0
1,0.00016154058238184105,328,-1.0499999803447577e-06,1.5997985909713624e-19,-2.3731227606839645e-17,-1.965524263434896e-09,1.1253340049265928e-14,-1.8335714871638208e-12,3.1613788641493445e-11,-1.4056886519148032e-06,-7.4505462389182408e-09,1.3,1.4057083971296276e-06,-1.0587911840678754e-21,1,-1,-1,0
2,0.00016154058238184105,328,6.5000001965524106e-07,-5.7606272035947581e-20,1.7320588039538177e-17,-1.9655242634484486e-09,-5.134379017355914e-15,1.2664894985245106e-12,1.5806894259505411e-11,-1.0185710021193672e-06,-5.3987114460270407e-09,2.0999999999999996,1.0185853094825132e-06,-1.164670302474663e-21,1,-1,-1,0
1,0.00016204058238184106,329,-1.0499999813029508e-06,1.6566393390403635e-19,-2.4653617551658661e-17,-1.8697045035934211e-09,1.1738344244219496e-14,-1.9041626037213472e-12,-3.2197387157674118e-11,-1.4591017072765487e-06,-7.7324187153677887e-09,1.3,1.4591221962238807e-06,-1.0587911840678754e-21,1,-1,-1,0
2,0.00016204058238184106,329,6.5000001869704796e-07,-6.0154015364246588e-20,1.7958059122484547e-17,-1.8697045036069736e-09,-5.392325499020685e-15,1.3135046272588964e-12,1.6098693747112434e-11,-1.0572739195477696e-06,-5.6029579693080114e-09,2.0999999999999996,1.0572887658313019e-06,-1.164670302474663e-21,1,-1,-1,0
1,0.00016254058238184107,330,-1.0499999822144319e-06,1.7158908667157384e-19,-2.5611521234362197e-17,-1.7785568507322144e-09,1.2229166523838932e-14,-1.9776412790740616e-12,-3.2203520727423825e-11,-1.5145431361996368e-06,-8.026932232397142e-09,1.3,1.5145644073751245e-06,-1.0587911840678754e-21,1,-1,-1,0
2,0.00016254058238184107,330,6.5000001778556682e-07,-6.2829850324868222e-20,1.8619253192365594e-17,-1.7785568507322144e-09,-5.6538736521589843e-15,1.3623411277613186e-12,-1.6101760393608359e-11,-1.0974466088923998e-06,-5.8163642680698731e-09,2.0999999999999996,1.0974620219952913e-06,-1.164670302474663e-21,1,-1,-1,0
1,0.00016304058238184109,331,-1.0499999830814782e-06,1.7775820838567607e-19,-2.6606285064316603e-17,-1.691852088533583e-09,1.2548244970755735e-14,-2.0540410357777564e-12,-3.0148872932310753e-11,-1.5720852536522553e-06,-8.3342470637021597e-09,1.3,1.5721073453597084e-06,-1.0587911840678754e-21,1,-1,-1,0
2,0.00016304058238184109,331,6.500000169185206e-07,-6.5635566575771797e-20,1.9304986823011064e-17,-1.691852088506478e-09,-5.7414334578865881e-15,1.4131973877793251e-12,1.5074436762613389e-11,-1.1391430429469111e-06,-6.039046477737794e-09,2.0999999999999996,1.1391590506175803e-06,-1.164670302474663e-21,1,-1,-1,0
1,0.0001635405823818411,332,-1.0499999839062562e-06,1.8408608985168701e-19,-2.763944940321102e-17,-1.6093740626190595e-09,1.3048143506339095e-14,-2.1330478380542147e-12,5.3616665179659346e-19,-1.6318186927755402e-06,-8.6484806991380945e-09,1.3,1.6318416106687795e-06,-1.0587911840678754e-21,1,-1,-1,0
2,0.0001635405823818411,332,6.500000160937427e-07,-6.8484580200229808e-20,2.0016264324853894e-17,-1.6093740626461645e-09,-5.8309645620156291e-15,1.465743662781833e-12,-1.6097830493880666e-11,-1.1824257493388295e-06,-6.2667420959592e-09,2.0999999999999996,1.1824423558952587e-06,-9.5291206566108788e-22,1,-1,-1,0
1,0.00016404058238184111,333,-1.0499999846908261e-06,1.9066279072800871e-19,-2.8712397406506229e-17,-1.5309169996291375e-09,1.3554057659694616e-14,-2.2152304532485542e-12,6.6332628614845363e-11,-1.693820847632061e-06,-8.9757845573768798e-09,1.3,1.6938446307089182e-06,-1.0587911840678754e-21,1,-1,-1,0
2,0.00016404058238184111,333,6.5000001530917282e-07,-7.146647778300173e-20,2.075401383700085e-17,-1.5309169996291375e-09,-6.1018553016259151e-15,1.520357422840815e-12,2.9646082429332959e-19,-1.2273523804567068e-06,-6.5039084746247231e-09,2.0999999999999996,1.2273696128869212e-06,-9.5291206566108788e-22,1,-1,-1,0
1,0.00016454058238184112,334,-1.0499999854371481e-06,1.9749095964943933e-19,-2.9826707404003668e-17,-1.4562852191372022e-09,1.4066055009030413e-14,-2.3006299531602585e-12,-3.1887170384484012e-11,-1.7581809562582357e-06,-9.3163054703067987e-09,1.3,1.758205639142797e-06,-1.0587911840678754e-21,1,-1,-1,0
2,0.00016454058238184112,334,6.5000001456285071e-07,-7.4582898955128885e-20,2.151926317380556e-17,-1.4562852191236497e-09,-6.3765118329597095e-15,1.5767088232226615e-12,1.5943585586586621e-11,-1.2739875999938748e-06,-6.750652015569011e-09,2.0999999999999996,1.2740054852687984e-06,-9.5291206566108788e-22,1,-1,-1,0
1,0.00016504058238184114,335,-1.0499999861470871e-06,2.0457361933627895e-19,-3.0983978341177654e-17,-1.385291144951695e-09,1.4582812923687475e-14,-2.3892855889937505e-12,3.2192067864952463e-11,-1.8249834279905172e-06,-9.6671697337342858e-09,1.3,1.8250090322097063e-06,-1.0587911840678754e-21,1,-1,-1,0
2,0.00016504058238184114,335,6.5000001385291174e-07,-7.7746897082309876e-20,2.2312964093838829e-17,-1.385291144951695e-09,-6.654115379516389e-15,1.6355327039832116e-12,1.4753730293752666e-19,-1.3223952068310744e-06,-7.0048904112787006e-09,2.0999999999999996,1.3224137595849017e-06,-9.5291206566108788e-22,1,-1,-1,0
1,0.00016554058238184115,336,-1.0499999868224165e-06,2.1191313529633642e-19,-3.2185827779116662e-17,-1.3177583065671983e-09,1.5283427207905933e-14,-2.4812418969966186e-12,3.2154040935574514e-11,-1.8943272908067766e-06,-1.0031549775549428e-08,1.3,1.8943538522990163e-06,-1.0587911840678754e-21,1,-1,-1,0
2,0.00016554058238184115,336,6.5000001317758233e-07,-8.1048754368401597e-20,2.3136168697476215e-17,-1.3177583065671983e-09,-6.9355698260801857e-15,1.6965013639693517e-12,-1.6077020176675865e-11,-1.3726401118549513e-06,-7.2689224209834923e-09,2.0999999999999996,1.3726593583860513e-06,-9.5291206566108788e-22,1,-1,-1,0
1,0.00016604058238184116,337,-1.0499999874648237e-06,2.1960107590401831e-19,-3.3433983485016598e-17,-1.253517797658696e-09,1.5814096437878755e-14,-2.5767189029954162e-12,4.1865894459881277e-19,-1.966301863212644e-06,-1.0412639364047314e-08,1.3,1.9663294333178356e-06,-1.0587911840678754e-21,1,-1,-1,0
2,0.00016604058238184116,337,6.5000001253517528e-07,-8.4490173524579035e-20,2.3990031143434373e-17,-1.2535177976451435e-09,-7.2217851395205085e-15,1.7598186806885999e-12,1.2052619973293238e-19,-1.4247954546711643e-06,-7.5450622731780903e-09,2.0999999999999996,1.424815432123163e-06,-9.5291206566108788e-22,1,-1,-1,0
1,0.00016654058238184117,338,-1.0499999880759135e-06,2.2755278526865696e-19,-3.4730106687762377e-17,-1.1924086182151222e-09,1.6173527049354349e-14,-2.6761193114944627e-12,3.2144866462712701e-11,-2.041012818675539e-06,-1.0807627954448205e-08,1.3,2.0410414331544479e-06,-1.0587911840678754e-21,1,-1,-1,0
2,0.00016654058238184117,338,6.5000001192408548e-07,-8.8073730996646903e-20,2.4875719382344237e-17,-1.1924086182557797e-09,-7.5119605399615523e-15,1.8251587457322759e-12,1.6072433088093641e-11,-1.4789298974780058e-06,-7.8312734239667991e-09,2.0999999999999996,1.4789506316155616e-06,-9.5291206566108788e-22,1,-1,-1,0
1,0.00016704058238184118,339,-1.0499999886572125e-06,2.3568296473130519e-19,-3.6076146742192138e-17,-1.1342786547936497e-09,1.6894715888529004e-14,-2.7789574592078614e-12,-3.1142221671383094e-11,-2.1185608782228308e-06,-1.1216710642825949e-08,1.3,2.1185905716546024e-06,-1.0587911840678754e-21,1,-1,-1,0
2,0.00016704058238184118,339,6.5000001134278646e-07,-9.1890423168160966e-20,2.5794414781092497e-17,-1.1342786547936497e-09,-7.8061516161061673e-15,1.8932613483279747e-12,-1.5571110958294002e-11,-1.5351222500002024e-06,-8.1276972461905623e-09,2.0999999999999996,1.5351437659550552e-06,-9.5291206566108788e-22,1,-1,-1,0
1,0.0001675405823818412,340,-1.0499999892101732e-06,2.4417179226649288e-19,-3.74740775605783e-17,-1.0789823507860626e-09,1.7446220535753161e-14,-2.8858173673504995e-12,-3.2194034131527136e-11,-2.1990581529169077e-06,-1.1643069658161859e-08,1.3,2.199088975466396e-06,-1.0587911840678754e-21,1,-1,-1,0
2,0.0001675405823818412,340,6.5000001078982567e-07,-9.5853005996104918e-20,2.6747313908848622e-17,-1.07898235077251e-09,-8.1052650444057552e-15,1.9638028590820035e-12,1.609701764780496e-11,-1.5934505586733777e-06,-8.4366396006850187e-09,2.0999999999999996,1.59347289279842e-06,-9.5291206566108788e-22,1,-1,-1,0
1,0.00016804058238184121,341,-1.0499999897361771e-06,2.5293474160439057e-19,-3.8925720003176181e-17,-1.0263821287564805e-09,1.8182022100470467e-14,-2.9969251006400357e-12,-3.1772270679541891e-11,-2.2826091622874986e-06,-1.2083901636456979e-08,1.3,2.2826411477599963e-06,-1.0587911840678754e-21,1,-1,-1,0
2,0.00016804058238184121,341,6.5000001026382171e-07,-9.9964136168248225e-20,2.7735717371133984e-17,-1.0263821287429279e-09,-8.586137777428879e-15,2.0369908935679565e-12,-1.5886135435420418e-11,-1.6539926854072448e-06,-8.756069152841131e-09,2.0999999999999996,1.6540158621911846e-06,-1.164670302474663e-21,1,-1,-1,0
1,0.00016854058238184122,342,-1.0499999902365385e-06,2.6206325952306382e-19,-4.0433273584863125e-17,-9.7634630091272216e-10,1.8748316057851798e-14,-3.1123368139508512e-12,1.3362734971894492e-18,-2.369336617736225e-06,-1.2542393609195963e-08,1.3,2.369369814905048e-06,-1.0587911840678754e-21,1,-1,-1,0
2,0.00016854058238184122,342,6.5000000976346039e-07,-1.0422544112121426e-19,2.8760940248761408e-17,-9.7634630092627468e-10,-8.8944064923384748e-15,2.1130378498728622e-12,3.3166314182820646e-11,-1.7168354211292846e-06,-9.0882952446411442e-09,2.0999999999999996,1.7168594763272346e-06,-9.5291206566108788e-22,1,-1,-1,0
1,0.00016904058238184123,343,-1.0499999907125072e-06,2.7156206584287454e-19,-4.1998788030418974e-17,-9.2874910869323712e-10,1.95004942052134e-14,-3.231930206515537e-12,7.0467728266708766e-19,-2.4593600435574524e-06,-1.3018807236575829e-08,1.3,2.4593945013333621e-06,-1.0587911840678754e-21,1,-1,-1,0
2,0.00016904058238184123,343,6.5000000928749161e-07,-1.0863984264831465e-19,2.9824492495926151e-17,-9.2874910870678964e-10,-9.2077814270149989e-15,2.1919779834344644e-12,2.0323447854307863e-19,-1.7820675008244823e-06,-9.4335074795376052e-09,2.0999999999999996,1.7820924691379465e-06,-9.5291206566108788e-22,1,-1,-1,0
1,0.00016954058238184124,344,-1.0499999911652724e-06,2.8143491871431407e-19,-4.3624517970746743e-17,-8.834728346303073e-10,2.0262416516601127e-14,-3.3562939646690205e-12,-3.219631204553646e-11,-2.5528009835902949e-06,-1.3516392156607987e-08,1.3,2.5528367663666066e-06,-1.0587911840678754e-21,1,-1,-1,0
2,0.00016954058238184124,344,6.5000000883472646e-07,-1.1329848506587091e-19,3.0927634495095795e-17,-8.8347283460320225e-10,-9.5271884619042972e-15,2.2736681879741697e-12,2.2687158777550991e-19,-1.8497759317694465e-06,-9.7940605602807021e-09,2.0999999999999996,1.8498018600314421e-06,-9.5291206566108788e-22,1,-1,-1,0
1,0.00017004058238184126,345,-1.0499999915959654e-06,2.9168665997866799e-19,-4.5312745355175035e-17,-8.4040348043558453e-10,2.1032806772976411e-14,-3.4853121449264815e-12,6.1934352933635107e-19,-2.6497934773339516e-06,-1.4032375508485086e-08,1.3,2.6498306323393512e-06,-1.0587911840678754e-21,1,-1,-1,0
2,0.00017004058238184126,345,6.500000084040336e-07,-1.1811554786123496e-19,3.2071998811261102e-17,-8.4040348040847947e-10,-1.0029473242344953e-14,2.3585019256277041e-12,1.781811090524946e-19,-1.9200578405313882e-06,-1.0167945258691414e-08,2.0999999999999996,1.9200847632583416e-06,-9.5291206566108788e-22,1,-1,-1,0
1,0.00017054058238184127,346,-1.0499999920056621e-06,3.0232115682423777e-19,-4.7065960082780025e-17,-7.9943373313328889e-10,2.1635527728940328e-14,-3.619225231549397e-12,1.0394215720377474e-18,-2.7504744284683831e-06,-1.4570012972997686e-08,1.3,2.7505130188633012e-06,-1.0587911840678754e-21,1,-1,-1,0
2,0.00017054058238184127,346,6.50000007994337e-07,-1.2318224285049576e-19,3.3259059139864705e-17,-7.9943373311973636e-10,-1.0360292004408936e-14,2.4465181024847965e-12,1.6105194211697973e-11,-1.9930113646837749e-06,-1.0557520658547225e-08,2.0999999999999996,1.9930393275749768e-06,-9.5291206566108788e-22,1,-1,-1,0
1,0.00017104058238184128,347,-1.049999992395386e-06,3.1325522467652454e-19,-4.8886594123328677e-17,-7.6046118524747495e-10,2.2423194965692101e-14,-3.7584509848731124e-12,9.5488650924903826e-19,-2.8549789046150271e-06,-1.5123534281583895e-08,1.3,2.8550189608978057e-06,-1.0587911840678754e-21,1,-1,-1,0
2,0.00017104058238184128,347,6.5000000760461312e-07,-1.2841323945391561e-19,3.4490397115862805e-17,-7.6046118523392242e-10,-1.0873272058408312e-14,2.5379330380459857e-12,2.7495613385823151e-19,-2.068736501911584e-06,-1.0958605590344378e-08,2.0999999999999996,2.0687655269212755e-06,-9.5291206566108788e-22,1,-1,-1,0
1,0.00017154058238184129,348,-1.0499999927661109e-06,3.2458063298065032e-19,-5.0777198293828155e-17,-7.2338896147088744e-10,2.3398683322040036e-14,-3.9028795375864276e-12,6.4696522310285367e-19,-2.9634550187477668e-06,-1.5699185640670942e-08,1.3,2.963496602422737e-06,-6.3527471044072525e-22,1,-1,-1,0
2,0.00017154058238184129,348,6.5000000723388829e-07,-1.3389918269563217e-19,3.5767701781249312e-17,-7.2338896148443996e-10,-1.1392557381688211e-14,2.6327886839928057e-12,-1.6105533613741845e-11,-2.1473379392207997e-06,-1.137572609112601e-08,2.0999999999999996,2.1473680710629276e-06,-7.411538288475128e-22,1,-1,-1,0
1,0.00017204058238184131,349,-1.0499999931187629e-06,3.3639092018207708e-19,-5.2740535061192129e-17,-6.8812344377841041e-10,2.4206841880718342e-14,-4.0527592805318501e-12,9.8686801389167736e-19,-3.0760554615590343e-06,-1.6297228754456511e-08,1.3,3.0760986333751133e-06,-6.3527471044072525e-22,1,-1,-1,0
2,0.00017204058238184131,349,6.5000000688123629e-07,-1.3955417701191293e-19,3.7092772052410247e-17,-6.8812344379196293e-10,-1.1740586855790659e-14,2.7309512056192557e-12,2.8510672762614434e-19,-2.2289294634836459e-06,-1.1809071795682435e-08,2.0999999999999996,2.2289607460343864e-06,-7.411538288475128e-22,1,-1,-1,0
1,0.00017254058238184132,350,-1.0499999934542231e-06,3.4860307040548459e-19,-5.4779224414699509e-17,-6.5457751988651138e-10,2.5201690291260757e-14,-4.2085138020916861e-12,-3.2171251037673174e-11,-3.1929297065993215e-06,-1.6914943996399857e-08,1.3,3.1929745109614983e-06,-6.3527471044072525e-22,1,-1,-1,0
2,0.00017254058238184132,350,6.5000000654577609e-07,-1.4538181409630637e-19,3.8467250974555997e-17,-6.5457751990006391e-10,-1.2094221290437934e-14,2.8331734369492674e-12,-1.608562575586155e-11,-2.3136162378078993e-06,-1.2256672043222576e-08,2.0999999999999996,2.3136487032643267e-06,-7.411538288475128e-22,1,-1,-1,0
1,0.00017304058238184133,351,-1.0499999937733298e-06,3.6131005997328007e-19,-5.6896362336231366e-17,-6.2266669304097879e-10,2.6208498497626019e-14,-4.3702231324352354e-12,9.5591269753750807e-19,-3.3142511178048124e-06,-1.7558644474348871e-08,1.3,3.3142976296443604e-06,-6.3527471044072525e-22,1,-1,-1,0
2,0.00017304058238184133,351,6.5000000622666945e-07,-1.5147348608811229e-19,3.9893156613986528e-17,-6.2266669302742626e-10,-1.2632895098772564e-14,2.9387943791062481e-12,-1.6093234679698567e-11,-2.4015254566676015e-06,-1.2723101355567755e-08,2.0999999999999996,2.4015591595023488e-06,-5.2939559203393771e-22,1,-1,-1,0
1,0.00017354058238184134,352,-1.04999999407688e-06,3.7451749116265098e-19,-5.9094819008745228e-17,-5.9231173198321437e-10,2.7049773773252294e-14,-4.5381375788912382e-12,3.2049650120867631e-11,-3.4401770673511702e-06,-1.8228640780121293e-08,1.3,3.4402253616733845e-06,-6.3527471044072525e-22,1,-1,-1,0
2,0.00017354058238184134,352,6.5000000592311942e-07,-1.5783266106664186e-19,4.137226575118839e-17,-5.9231173198321437e-10,-1.317906108102927e-14,3.0487471952064337e-12,-1.602482414378424e-11,-2.4927727245387458e-06,-1.3208584782749393e-08,2.0999999999999996,2.4928077188529968e-06,-5.2939559203393771e-22,1,-1,-1,0
1,0.00017404058238184135,353,-1.049999994365632e-06,3.881429004508889e-19,-6.1377766558491101e-17,-5.634365557937674e-10,2.8079549856219555e-14,-4.7125174995772162e-12,1.1158975736282429e-18,-3.5708874574213999e-06,-1.8922243904151724e-08,1.3,3.5709375918494907e-06,-6.3527471044072525e-22,1,-1,-1,0
2,0.00017404058238184135,353,6.5000000563436726e-07,-1.6446327265516333e-19,4.2906643588914022e-17,-5.634365557937674e-10,-1.3731953091930318e-14,3.1627278242303777e-12,-3.1528057212092401e-11,-2.5874878904295e-06,-1.3711173854612132e-08,2.0999999999999996,2.5875242183217905e-06,-5.2939559203393771e-22,1,-1,-1,0
1,0.00017454058238184137,354,-1.0499999946403074e-06,4.0228016401968536e-19,-6.3748328316633647e-17,-5.3596924687597698e-10,2.9121719893155195e-14,-4.8934463866197924e-12,3.2135547608174218e-11,-3.7065649154532381e-06,-1.9642775558987138e-08,1.3,3.70661696323389e-06,-6.3527471044072525e-22,1,-1,-1,0
2,0.00017454058238184137,354,6.5000000535969184e-07,-1.7136845220426249e-19,4.44983801059767e-17,-5.3596924687597698e-10,-1.4292517551354964e-14,3.280965587663994e-12,3.4160399940810145e-19,-2.6857995885410041e-06,-1.4233275507208754e-08,2.0999999999999996,2.6858373025815789e-06,-5.2939559203393771e-22,1,-1,-1,0
1,0.00017504058238184138,355,-1.0499999949015923e-06,4.1693544037830582e-19,-6.6209935687601728e-17,-5.0984066824583639e-10,3.0176441026265131e-14,-5.0813673856288115e-12,-3.2206554144458498e-11,-3.8473994958383299e-06,-2.0390577170850822e-08,1.3,3.847453528926848e-06,-6.3527471044072525e-22,1,-1,-1,0
2,0.00017504058238184138,355,6.5000000509840695e-07,-1.7855201212951694e-19,4.6149679865074554e-17,-5.0984066825938892e-10,-1.4860851736349575e-14,3.4036925192346709e-12,-1.6103277352061313e-11,-2.7878481687500871e-06,-1.4775137135883969e-08,2.0999999999999996,2.7878873214209924e-06,-5.2939559203393771e-22,1,-1,-1,0
1,0.00017554058238184139,356,-1.0499999951501395e-06,4.3211496612397301e-19,-6.8766151063214658e-17,-4.849858855037999e-10,3.1421508072139853e-14,-5.2763700123483518e-12,1.1756729864787378e-18,-3.9935853391719083e-06,-2.1165994488997418e-08,1.3,3.9936414286427262e-06,-6.3527471044072525e-22,1,-1,-1,0
2,0.00017554058238184139,356,6.5000000484985975e-07,-1.8601781317914379e-19,4.7862684714607147e-17,-4.8498588549024738e-10,-1.5437054158539476e-14,3.5309640336388659e-12,-1.5890652783977852e-11,-2.8937753702334219e-06,-1.5337009275367453e-08,2.0999999999999996,2.8938160130657244e-06,-5.2939559203393771e-22,1,-1,-1,0
1,0.0001760405823818414,357,-1.0499999953865702e-06,4.4791353426513551e-19,-7.1420493446019311e-17,-4.613429030209679e-10,3.2325566204335166e-14,-5.4790798303079094e-12,1.9040896752134911e-18,-4.1453239446183455e-06,-2.1972400057148957e-08,1.3,4.1453821768554066e-06,-6.3527471044072525e-22,1,-1,-1,0
2,0.0001760405823818414,357,6.5000000461342913e-07,-1.9376955426293794e-19,4.963974226103457e-17,-4.6134290298031032e-10,-1.6022085719060673e-14,3.6630151252759801e-12,5.4960043991070695e-19,-3.0037266468739284e-06,-1.5921335690642807e-08,2.0999999999999996,3.0037688423163767e-06,-5.2939559203393771e-22,1,-1,-1,0
1,0.00017654058238184141,358,-1.049999995611475e-06,4.6425009492724929e-19,-7.4176703960569082e-17,-4.3885232560024641e-10,3.3597956604734325e-14,-5.6892383269723443e-12,1.4478002544609032e-18,-4.3028258786898954e-06,-2.2807183241723089e-08,1.3,4.3028863231476255e-06,-6.3527471044072525e-22,1,-1,-1,0
2,0.00017654058238184141,358,6.5000000438852431e-07,-2.0181204412810113e-19,5.1483227651535544e-17,-4.3885232561379894e-10,-1.6792838282074449e-14,3.8000833280105743e-12,-3.0802046362269492e-11,-3.1178535566572611e-06,-1.6526224698673989e-08,2.0999999999999996,3.1178973552398883e-06,-5.2939559203393771e-22,1,-1,-1,0
1,0.00017704058238184143,359,-1.0499999958254154e-06,4.8121893435988263e-19,-7.7038749222168782e-17,-4.1745824126086101e-10,3.4886346964674693e-14,-5.907660473940673e-12,1.710030384639521e-18,-4.4663178657040333e-06,-2.3676729773957149e-08,1.3,4.4663806224995897e-06,-6.3527471044072525e-22,1,-1,-1,0
2,0.00017704058238184143,359,6.500000041745838e-07,-2.1023748581619203e-19,5.339581210937437e-17,-4.1745824124730848e-10,-1.7395859894042883e-14,3.9424109233709894e-12,1.6093458759045689e-11,-3.2363208956917213e-06,-1.71563034423995e-08,2.0999999999999996,3.2363663696957536e-06,-7.411538288475128e-22,1,-1,-1,0
1,0.00017754058238184144,360,-1.0499999960289265e-06,4.9882834338776289e-19,-8.0010646315700033e-17,-3.9710716564556915e-10,3.6188149299422589e-14,-6.1342703341600726e-12,2.0246400104089227e-18,-4.6360208712413232e-06,-2.4575416718588987e-08,1.3,4.6360860075814002e-06,-6.3527471044072525e-22,1,-1,-1,0
2,0.00017754058238184144,360,6.500000039710728e-07,-2.1887337606102937e-19,5.5379931648792847e-17,-3.9710716563201662e-10,-1.8007184166548447e-14,4.0897055987969638e-12,-1.6088287525448958e-11,-3.3592887772149905e-06,-1.7807497509658442e-08,2.0999999999999996,3.3593359754494602e-06,-5.2939559203393771e-22,1,-1,-1,0
1,0.00017804058238184145,361,-1.0499999962225161e-06,5.1708498637757619e-19,-8.3096552700278831e-17,-3.777480659815282e-10,3.7683968879632159e-14,-6.3697076498412772e-12,-3.1414571637034427e-11,-4.8121666619729727e-06,-2.5509696119077212e-08,1.3,4.8122342761119876e-06,-6.3527471044072525e-22,1,-1,-1,0
2,0.00017804058238184145,361,6.5000000377748311e-07,-2.2790147610674603e-19,5.7438231835090479e-17,-3.777480659815282e-10,-1.8628649395591459e-14,4.2429216650672883e-12,-3.1414573080478342e-11,-3.4869262026771918e-06,-1.8484482083878675e-08,2.0999999999999996,3.4869751963530747e-06,-7.411538288475128e-22,1,-1,-1,0
1,0.00017854058238184146,362,-1.0499999964066684e-06,5.3590784492054608e-19,-8.6300854213895139e-17,-3.5933293015091069e-10,3.8839697891059021e-14,-6.6140890751954655e-12,3.2183886949387475e-11,-4.9950097516352001e-06,-2.6476959076301366e-08,1.3,4.9950799242182773e-06,-6.3527471044072525e-22,1,-1,-1,0
2,0.00017854058238184146,362,6.5000000359333073e-07,-2.3732661417415517e-19,5.9573656099619453e-17,-3.5933293016446322e-10,-1.9437147951751948e-14,4.4017760683160131e-12,-1.6091941425325982e-11,-3.6194144063510998e-06,-1.9185366749364844e-08,2.0999999999999996,3.619465253798984e-06,-7.411538288475128e-22,1,-1,-1,0
1,0.00017904058238184148,363,-1.0499999965818433e-06,5.5548243849237503e-19,-8.9628171829833915e-17,-3.4181545724573052e-10,4.0367479999325589e-14,-6.8678853282090903e-12,2.3005144512469359e-18,-5.1847995660572436e-06,-2.7480683950197641e-08,1.3,5.1848723926609567e-06,-6.3527471044072525e-22,1,-1,-1,0
2,0.00017904058238184148,363,6.5000000341815585e-07,-2.4706485286373035e-19,6.1789005832981719e-17,-3.4181545725928304e-10,-2.0256035197028791e-14,4.5666955457456734e-12,1.5494197585682114e-11,-3.75693837559616e-06,-1.9912671942373625e-08,2.0999999999999996,3.7569911462194142e-06,-7.411538288475128e-22,1,-1,-1,0
1,0.00017954058238184149,364,-1.0499999967484784e-06,5.7581642486791141e-19,-9.3083006510055469e-17,-3.2515200712565813e-10,4.1913638995201993e-14,-7.131216568527693e-12,2.313079866391926e-18,-5.3817987523126403e-06,-2.8524336565954513e-08,1.3,5.3818743434021593e-06,-6.3527471044072525e-22,1,-1,-1,0
2,0.00017954058238184149,364,6.5000000325152086e-07,-2.5720975054462075e-19,6.4087295733675133e-17,-3.2515200715276318e-10,-2.108629861071657e-14,4.737576846234992e-12,-1.6075035898933462e-11,-3.8996836636701935e-06,-2.0668909021375858e-08,2.0999999999999996,3.8997384374794576e-06,-5.2939559203393771e-22,1,-1,-1,0
1,0.0001800405823818415,365,-1.0499999969069901e-06,5.9691893545852069e-19,-9.6670361548060737e-17,-3.0930101765935282e-10,4.3300772193068344e-14,-7.4047425199514647e-12,6.6332633473518837e-11,-5.5862814555399864e-06,-2.9608423162183991e-08,1.3,5.5863599207025781e-06,-6.3527471044072525e-22,1,-1,-1,0
2,0.0001800405823818415,365,6.5000000309300923e-07,-2.6776695999497066e-19,6.647166537277783e-17,-3.0930101763224777e-10,-2.1928082428972345e-14,4.9152090179463194e-12,-3.3166312106735461e-11,-4.047853126632384e-06,-2.145444480894134e-08,2.0999999999999996,4.0479099828293654e-06,-5.2939559203393771e-22,1,-1,-1,0
1,0.00018054058238184151,366,-1.0499999970577744e-06,6.1871074011238388e-19,-1.0039530229103126e-16,-2.942224300973113e-10,4.5062031282787121e-14,-7.6885952454232677e-12,-3.2201287828695215e-11,-5.798535299589844e-06,-3.0733475268690422e-08,1.3,5.7986167460980291e-06,-6.3527471044072525e-22,1,-1,-1,0
2,0.00018054058238184151,366,6.5000000294222498e-07,-2.788312342942538e-19,6.8945381553600943e-17,-2.9422243011086383e-10,-2.2781538097317898e-14,5.0993185433445481e-12,-1.6100644492798748e-11,-4.2016530966055261e-06,-2.2269664458770632e-08,2.0999999999999996,4.2017121132258869e-06,-5.2939559203393771e-22,1,-1,-1,0
1,0.00018104058238184152,367,-1.0499999972012078e-06,6.4137816225379909e-19,-1.0426313755058204e-16,-2.7987920234704994e-10,4.666613065402437e-14,-7.9834412966061867e-12,-3.1819053449598411e-11,-6.0188499674044222e-06,-3.1903015814676559e-08,1.3,6.0189345181314893e-06,-6.3527471044072525e-22,1,-1,-1,0
2,0.00018104058238184152,367,6.5000000279879149e-07,-2.9031913372516115e-19,7.1511663012533542e-17,-2.7987920234704994e-10,-2.3647669362410095e-14,5.2905210613038962e-12,-1.590952741186542e-11,-4.3612955615604253e-06,-2.3117120703270852e-08,2.0999999999999996,4.3613568275032702e-06,-5.2939559203393771e-22,1,-1,-1,0
1,0.00018154058238184154,368,-1.0499999973376489e-06,6.6493171682187978e-19,-1.0827932960341391e-16,-2.6623521375240648e-10,4.8467210211297155e-14,-8.2894262467656636e-12,7.0164373438169192e-18,-6.2475427882657512e-06,-3.3114586452992455e-08,1.3,6.2476305482196487e-06,-6.3527471044072525e-22,1,-1,-1,0
2,0.00018154058238184154,368,6.5000000266235036e-07,-3.0214834969369402e-19,7.417421259495256e-17,-2.6623521373885396e-10,-2.4525775795584857e-14,5.488551417437234e-12,2.0254469755811117e-18,-4.5270073147162791e-06,-2.3995032210606902e-08,2.0999999999999996,4.5270709061230184e-06,-5.2939559203393771e-22,1,-1,-1,0
1,0.00018204058238184155,369,-1.0499999974674385e-06,6.8929185768637021e-19,-1.1244950171115041e-16,-2.5325601332856426e-10,5.0111634927248341e-14,-8.6072253547701543e-12,3.8095881532945162e-18,-6.4849220122707094e-06,-3.4371742486027051e-08,1.3,6.4850131011367058e-06,-6.3527471044072525e-22,1,-1,-1,0
2,0.00018204058238184155,369,6.5000000253256088e-07,-3.145022575148562e-19,7.6936511367576906e-17,-2.5325601331501173e-10,-2.5594506052956628e-14,5.6945635483018591e-12,-3.1816870514947857e-11,-4.6990148614350351e-06,-2.4905975172758891e-08,2.0999999999999996,4.6990808650840367e-06,-5.2939559203393771e-22,1,-1,-1,0
1,0.00018254058238184156,370,-1.049999997590901e-06,7.1455782799641446e-19,-1.1677943475458964e-16,-2.4090961396724866e-10,5.2133977628096453e-14,-8.9371678435388086e-12,3.2694434612476591e-18,-6.7313176835661112e-06,-3.5678103165929757e-08,1.3,6.7314122354922931e-06,-6.3527471044072525e-22,1,-1,-1,0
2,0.00018254058238184156,370,6.5000000240909852e-07,-3.2738731095019134e-19,7.9802349441946909e-17,-2.4090961395369613e-10,-2.6677255645344559e-14,5.907763115401603e-12,9.4393168684022481e-19,-4.8775552717668187e-06,-2.5852572125500818e-08,2.0999999999999996,4.8776237846543461e-06,-5.2939559203393771e-22,1,-1,-1,0
1,0.00018304058238184157,371,-1.0499999977083444e-06,7.408290176115393e-19,-1.2127542954016948e-16,-2.2916563006231908e-10,5.4003000781793866e-14,-9.279591320040553e-12,3.3400765329495259e-18,-6.9870775573835604e-06,-3.7037295884756063e-08,1.3,6.9871757208602871e-06,-6.3527471044072525e-22,1,-1,-1,0
2,0.00018304058238184157,371,6.5000000229165507e-07,-3.4081005458190197e-19,8.2775563875948592e-17,-2.2916563004876656e-10,-2.7775058083617902e-14,6.1294925981064505e-12,-3.0014431837119563e-11,-5.0628799770477447e-06,-2.6837451495331426e-08,2.0999999999999996,5.0629511069824294e-06,-5.2939559203393771e-22,1,-1,-1,0
1,0.00018354058238184159,372,-1.0499999978200626e-06,7.6802903179643063e-19,-1.2594368628658489e-16,-2.1799364007988545e-10,5.6072892981694329e-14,-9.6351920122252951e-12,-3.1717864789021539e-11,-7.2525566518393684e-06,-3.8446968080817759e-08,1.3,7.252658557970319e-06,-6.3527471044072525e-22,1,-1,-1,0
2,0.00018354058238184159,372,6.5000000217993693e-07,-3.5477817890484389e-19,8.5860305877412882e-17,-2.1799364006633293e-10,-2.8887243080055398e-14,6.3593201930212263e-12,1.0030049915560425e-18,-5.2552457165416127e-06,-2.7858908605254042e-08,2.0999999999999996,5.2553195583159021e-06,-5.2939559203393771e-22,1,-1,-1,0
1,0.0001840405823818416,373,-1.0499999979263345e-06,7.9625789246610065e-19,-1.3079084116343975e-16,-2.0736654476611726e-10,5.8166304428341415e-14,-1.0004494472657725e-11,4.6226100960349614e-18,-7.5281213753840525e-06,-3.9907740900361916e-08,1.3,7.528227153207988e-06,-6.3527471044072525e-22,1,-1,-1,0
2,0.0001840405823818416,373,6.500000020736649e-07,-3.6920980193157032e-19,8.9060776598552849e-17,-2.0736654476611726e-10,-2.9836351925996444e-14,6.597883600157585e-12,1.6069678134621542e-11,-5.4549222006306102e-06,-2.8917393539294035e-08,2.0999999999999996,5.454998847922889e-06,-5.2939559203393771e-22,1,-1,-1,0
1,0.00018454058238184161,374,-1.0499999980274258e-06,8.2552762675605739e-19,-1.3582379133711511e-16,-1.9725751261091048e-10,6.0284941769267781e-14,-1.0387675371651866e-11,1.0580201779493729e-17,-7.814156453757964e-06,-4.1423322402239108e-08,1.3,7.8142662467723793e-06,-6.3527471044072525e-22,1,-1,-1,0
2,0.00018454058238184161,374,6.5000000197257363e-07,-3.8420118687318043e-19,9.2381228796016584e-17,-1.9725751263801553e-10,-3.0978712485427763e-14,6.8452921868625243e-12,-3.3166310744760798e-11,-5.6621855679090015e-06,-3.0015593179973638e-08,2.0999999999999996,5.6622651246979713e-06,-5.2939559203393771e-22,1,-1,-1,0
1,0.00018504058238184162,375,-1.0499999981235888e-06,8.5585042882019748e-19,-1.4104961057846856e-16,-1.8764123985344234e-10,6.260815159738679e-14,-1.0785629378741382e-11,3.2202258291371166e-11,-8.1110624620140232e-06,-4.2997429904093771e-08,1.3,8.111176427788285e-06,-6.3527471044072525e-22,1,-1,-1,0
2,0.00018504058238184162,375,6.5000000187641072e-07,-3.9984870033480044e-19,9.5826236024420857e-17,-1.8764123982633728e-10,-3.2315383893137487e-14,7.1021928435639703e-12,-1.6101125412399116e-11,-5.8773245047620226e-06,-3.1156201119257169e-08,2.0999999999999996,5.87740708505065e-06,-5.2939559203393771e-22,1,-1,-1,0
1,0.00018554058238184163,376,-1.0499999982150639e-06,8.8732782029679909e-19,-1.4647554916231795e-16,-1.7849340846240024e-10,6.4780986696217878e-14,-1.1198899231487467e-11,-3.2192993894143962e-11,-8.4192456708134503e-06,-4.4630767694671658e-08,1.3,8.4193639648118569e-06,-6.3527471044072525e-22,1,-1,-1,0
2,0.00018554058238184163,376,6.5000000178493561e-07,-4.1607138872870913e-19,9.9400514937744223e-17,-1.7849340847595277e-10,-3.3668931129532078e-14,7.3687016206114179e-12,-3.2192997664968568e-11,-6.1006365429827694e-06,-3.2339727687906955e-08,2.0999999999999996,6.1007222595853415e-06,-5.2939559203393771e-22,1,-1,-1,0
1,0.00018604058238184165,377,-1.0499999983020794e-06,9.1997368756257419e-19,-1.5210930681055568e-16,-1.6979198051074538e-10,6.7338108205052105e-14,-1.1627861314423753e-11,5.7377575595442892e-18,-8.73913859320205e-06,-4.6327146906006546e-08,1.3,8.7392613850218462e-06,-6.3527471044072525e-22,1,-1,-1,0
2,0.00018604058238184165,377,6.5000000169792002e-07,-4.3296666622529563e-19,1.0310892930717271e-16,-1.6979198052429791e-10,-3.4862804375230237e-14,7.6452968245439011e-12,-1.6092895410285339e-11,-6.3324330019533622e-06,-3.3568934457600265e-08,2.0999999999999996,6.3325219776837457e-06,-5.2939559203393771e-22,1,-1,-1,0
1,0.00018654058238184166,378,-1.0499999983848529e-06,9.5380210758694092e-19,-1.5795894611172422e-16,-1.6151471811745328e-10,6.9923204183306331e-14,-1.2073078174265585e-11,3.2153972410330735e-11,-9.0711914111295714e-06,-4.8084306670770421e-08,1.3,9.0713188522360283e-06,-6.3527471044072525e-22,1,-1,-1,0
2,0.00018654058238184166,378,6.5000000161514638e-07,-4.5045442929692244e-19,1.0695658022388335e-16,-1.6151471814455833e-10,-3.6251630832984496e-14,7.9322844041529482e-12,3.2153968400463276e-11,-6.5730405954355329e-06,-3.484218318714977e-08,2.0999999999999996,6.5731329400831857e-06,-5.2939559203393771e-22,1,-1,-1,0
1,0.00018704058238184167,379,-1.0499999984635914e-06,9.8891545812384225e-19,-1.6403254413236355e-16,-1.5364063420488829e-10,7.2363184229082558e-14,-1.2535468030882068e-11,6.9244762067205594e-18,-9.4158556991166553e-06,-4.9912122591113625e-08,1.3,9.4159879867472834e-06,-6.3527471044072525e-22,1,-1,-1,0
2,0.00018704058238184167,379,6.5000000153640799e-07,-4.6872070785880098e-19,1.1094854390626963e-16,-1.5364063424554587e-10,-3.7660588566094407e-14,8.2301481930575735e-12,1.9960064173966085e-18,-6.8227854745073437e-06,-3.6166629801535049e-08,2.0999999999999996,6.8228813309524591e-06,-5.2939559203393771e-22,1,-1,-1,0
1,0.00018754058238184168,380,-1.0499999985384913e-06,1.0253302386280546e-18,-1.703388105745547e-16,-1.4615100553665595e-10,7.5189976633700949e-14,-1.3015254973706334e-11,5.9643936771210167e-18,-9.77361728539855e-06,-5.1808468100145731e-08,1.3,9.7737545988636426e-06,-6.3527471044072525e-22,1,-1,-1,0
2,0.00018754058238184168,380,6.5000000146150794e-07,-4.8768689801716554e-19,1.1509040239862212e-16,-1.4615100555020848e-10,-3.9266707358078858e-14,8.539204548790187e-12,-1.6076939524010373e-11,-7.0820228623358708e-06,-3.754073337460704e-08,2.0999999999999996,7.0821223605335098e-06,-5.2939559203393771e-22,1,-1,-1,0
1,0.00018804058238184169,381,-1.0499999986097399e-06,1.06306110019631e-18,-1.7688647837922341e-16,-1.3902582879951435e-10,7.7872447945735509e-14,-1.3513732660613086e-11,7.5896969780871039e-18,-1.0144972263953359e-05,-5.3777196725860075e-08,1.3,1.0145114795963161e-05,-6.3527471044072525e-22,1,-1,-1,0
2,0.00018804058238184169,381,6.5000000139025934e-07,-5.0745088734037224e-19,1.1938780711361246e-16,-1.3902582881306687e-10,-4.0715813784716538e-14,8.8597721532819392e-12,2.1888946971058011e-18,-7.3511090423546876e-06,-3.8967286197815465e-08,2.0999999999999996,7.3512123219223148e-06,-5.2939559203393771e-22,1,-1,-1,0
1,0.00018854058238184171,382,-1.0499999986775151e-06,1.1023029134239928e-18,-1.8368492326930503e-16,-1.3224809299690245e-10,8.0767709062881701e-14,-1.4030961989182468e-11,3.2189349066179024e-11,-1.053043819665583e-05,-5.5822305242589293e-08,1.3,1.0530586153884637e-05,-6.3527471044072525e-22,1,-1,-1,0
2,0.00018854058238184171,382,6.5000000132248421e-07,-5.2793452721749235e-19,1.2384656629965266e-16,-1.3224809299690245e-10,-4.2364317970187887e-14,9.1925315769693711e-12,2.2577534685024107e-18,-7.630421169327473e-06,-4.0449184357637175e-08,2.0999999999999996,7.6305283799902109e-06,-5.2939559203393771e-22,1,-1,-1,0
1,0.00018904058238184172,383,-1.0499999987419861e-06,1.1428948295793201e-18,-1.9074363996058977e-16,-1.2580135045660301e-10,8.3697152875613549e-14,-1.4568077602686127e-11,8.7310759691712132e-18,-1.093055180438692e-05,-5.794168301924157e-08,1.3,1.0930705374632383e-05,-6.3527471044072525e-22,1,-1,-1,0
2,0.00018904058238184172,383,6.5000000125801315e-07,-5.4923702741337952e-19,1.2847273950307102e-16,-1.2580135044305048e-10,-4.4033982872009134e-14,9.5378130290622325e-12,-1.6049066346239134e-11,-7.9203444552855283e-06,-4.1984898478352277e-08,2.0999999999999996,7.9204557332472998e-06,-5.2939559203393771e-22,1,-1,-1,0
1,0.00018954058238184173,384,-1.0499999988033143e-06,1.1850314696082682e-18,-1.9807259790851355e-16,-1.1966852369335677e-10,8.6841647989811191e-14,-1.5125690022511359e-11,8.2026534304154076e-18,-1.1345866449756975e-05,-6.0142354274212514e-08,1.3,1.1346025850424394e-05,-6.3527471044072525e-22,1,-1,-1,0
2,0.00018954058238184173,384,6.50000001196685e-07,-5.7136890261382714e-19,1.3327263786237276e-16,-1.1966852367980424e-10,-4.5904445506755126e-14,9.89612979284976e-12,2.3656050497425228e-18,-8.2212835694680928e-06,-4.3579518351644639e-08,2.0999999999999996,8.2213990721790041e-06,-5.2939559203393771e-22,1,-1,-1,0
1,0.00019004058238184174,385,-1.0499999988616528e-06,1.2287307441927183e-18,-2.0568198143090847e-16,-1.1383440044266443e-10,9.0201651415895379e-14,-1.5704597551898613e-11,3.2114891507375978e-11,-1.1776958763122099e-05,-6.2425311961278205e-08,1.3,1.1777124208773686e-05,-6.3527471044072525e-22,1,-1,-1,0
2,0.00019004058238184174,385,6.5000000113834655e-07,-5.9434124038402522e-19,1.382529169972479e-16,-1.1383440046976948e-10,-4.7443081733551764e-14,1.0268001432491718e-11,3.2114884461163184e-11,-8.5336563415611052e-06,-4.5233763476841036e-08,2.0999999999999996,8.5337762245242707e-06,-5.2939559203393771e-22,1,-1,-1,0
1,0.00019054058238184176,386,-1.0499999989171473e-06,1.2741006304550426e-18,-2.1358254891552939e-16,-1.0828513698777145e-10,9.3425180179798625e-14,-1.6305431938666131e-11,1.1039127981638529e-17,-1.2224430151901762e-05,-6.4797700822742325e-08,1.3,1.2224601886391101e-05,-6.3527471044072525e-22,1,-1,-1,0
2,0.00019054058238184176,386,6.5000000108285213e-07,-6.1825471907238086e-19,1.4342031299151015e-16,-1.0828513698777145e-10,-4.9362469961124513e-14,1.0653954371605647e-11,-1.6100133313494231e-11,-8.8578964290962585e-06,-4.6952810980167279e-08,2.0999999999999996,8.8580208689816481e-06,-5.2939559203393771e-22,1,-1,-1,0
1,0.00019104058238184177,387,-1.0499999989699363e-06,1.3211612406587473e-18,-2.2178555032248988e-16,-1.0300648600411206e-10,9.7045654519697349e-14,-1.6929545437465694e-11,-3.1216737461901124e-11,-1.2688901915484862e-05,-6.7260635866958731e-08,1.3,1.268908018001727e-05,-6.3527471044072525e-22,1,-1,-1,0
2,0.00019104058238184177,387,6.5000000103006313e-07,-6.4312178912847026e-19,1.487818239416908e-16,-1.0300648600411206e-10,-5.1485292191728212e-14,1.1054343566079351e-11,1.5608375974078435e-11,-9.1944572186161346e-06,-4.8737468801587319e-08,2.0999999999999996,9.1945863901575888e-06,-5.2939559203393771e-22,1,-1,-1,0
1,0.00019154058238184178,388,-1.0499999990201518e-06,1.3699322610609481e-18,-2.3030246400300694e-16,-9.7984656711102777e-11,1.0053066969949075e-13,-1.7577238292357104e-11,-3.1880741347280386e-11,-1.3171028324578502e-05,-6.9815208482945503e-08,1.3,1.3171213356832432e-05,-6.3527471044072525e-22,1,-1,-1,0
2,0.00019154058238184178,388,6.5000000097984763e-07,-6.6895463728252719e-19,1.5434488961798047e-16,-9.7984656683997723e-11,-5.3278952331032145e-14,1.1469887788355375e-11,-3.1880750392229961e-11,-9.5438069730809109e-06,-5.058852776856426e-08,2.0999999999999996,9.5439410486227327e-06,-5.2939559203393771e-22,1,-1,-1,0
1,0.00019204058238184179,389,-1.0499999990679193e-06,1.4206133062241708e-18,-2.3914518244843431e-16,-9.3207894405629953e-11,1.0423885742647228e-13,-1.824970213576478e-11,6.63326541563003e-11,-1.3671466252285304e-05,-7.2468719730416202e-08,1.3,1.3671658319571746e-05,-6.3527471044072525e-22,1,-1,-1,0
2,0.00019204058238184179,389,6.5000000093208006e-07,-6.9576686950695725e-19,1.6011704121566216e-16,-9.3207894392077426e-11,-5.5456073324884732e-14,1.1900952526602341e-11,-3.316630613324584e-11,-9.9064290654765175e-06,-5.2511278274328933e-08,2.0999999999999996,9.9065682385356809e-06,-5.2939559203393771e-22,1,-1,-1,0
1,0.0001925405823818418,390,-1.0499999991133582e-06,1.4731371639031305e-18,-2.4832628122984003e-16,-8.8663989128087706e-11,1.0817076899008978e-13,-1.8947794316957193e-11,-3.2094047109329269e-11,-1.4190922362183238e-05,-7.5222367404657912e-08,1.3,1.419112172786564e-05,-6.3527471044072525e-22,1,-1,-1,0
2,0.0001925405823818418,390,6.5000000088664118e-07,-7.2366067853695746e-19,1.6610616934760015e-16,-8.8663989141640233e-11,-5.7661725080567351e-14,1.2348449168882381e-11,3.9008114699638875e-18,-1.0282830276400984e-05,-5.4506588249152717e-08,2.0999999999999996,1.0282974737955516e-05,-5.2939559203393771e-22,1,-1,-1,0
1,0.00019304058238184182,391,-1.0499999991565819e-06,1.5276152124781139e-18,-2.5785858223595585e-16,-8.4341958018888975e-11,1.1232837980963075e-13,-1.9672556142352656e-11,1.3807080235054574e-17,-1.4730115309484396e-05,-7.8080443529061597e-08,1.3,1.473032224991593e-05,-6.3527471044072525e-22,1,-1,-1,0
2,0.00019304058238184182,391,6.5000000084341752e-07,-7.5265003042000097e-19,1.723204397622123e-16,-8.4341958032441502e-11,-5.9897130475605251e-14,1.2812760109146408e-11,1.6094969526915086e-11,-1.0673531347602154e-05,-5.6577567718053761e-08,2.0999999999999996,1.0673681297924995e-05,-5.2939559203393771e-22,1,-1,-1,0
1,0.00019354058238184183,392,-1.0499999991976986e-06,1.5840709940659545e-18,-2.6775551428870301e-16,-8.0230051145409667e-11,1.1653605466545917e-13,-2.0424865121480675e-11,1.3662246828787188e-17,-1.5289792425716437e-05,-8.1047294542765046e-08,1.3,1.5290007229738266e-05,-6.3527471044072525e-22,1,-1,-1,0
2,0.00019354058238184183,392,6.5000000080230095e-07,-7.8283831668954538e-19,1.7876838546964803e-16,-8.0230051172514721e-11,-6.2341163577072516e-14,1.3294631579850864e-11,-1.6068092426373901e-11,-1.1079078009210792e-05,-5.8727366138125859e-08,2.0999999999999996,1.1079233657522071e-05,-5.2939559203393771e-22,1,-1,-1,0
1,0.00019404058238184184,393,-1.0499999992368107e-06,1.6427066804914368e-18,-2.7803112033682398e-16,-7.6318873326619054e-11,1.2079581938590949e-13,-2.1206149219032279e-11,1.6746388755155808e-17,-1.5870742303974936e-05,-8.4127321993591679e-08,1.3,1.5870965272644431e-05,-6.3527471044072525e-22,1,-1,-1,0
2,0.00019404058238184184,393,6.5000000076318878e-07,-8.141519085431055e-19,1.8545882237709693e-16,-7.6318873313066526e-11,-6.4639807101274966e-14,1.3794820676539081e-11,-1.6074483712611156e-11,-1.1500036408396463e-05,-6.0959172897869441e-08,2.0999999999999996,1.1500197972881293e-05,-5.2939559203393771e-22,1,-1,-1,0
1,0.00019454058238184185,394,-1.0499999992740162e-06,1.7035484955298616e-18,-2.8869961870160812e-16,-7.2598035547564999e-11,1.2528737854501766e-13,-2.2017131303467816e-11,1.6205047488747827e-17,-1.6473762404969678e-05,-8.7325020990266261e-08,1.3,1.6473993851968116e-05,-2.1175823681357508e-22,1,-1,-1,0
2,0.00019454058238184185,394,6.5000000072598339e-07,-8.4669585758836907e-19,1.9240094140922892e-16,-7.2598035547564999e-11,-6.7327248841454507e-14,1.4313732594953883e-11,3.1643707125524135e-11,-1.1936988089324996e-05,-6.3276245180373448e-08,2.0999999999999996,1.1937155797294944e-05,-3.1763735522036263e-22,1,-1,-1,0
1,0.00019504058238184186,395,-1.049999999309408e-06,1.7666223289656825e-18,-2.997762103149469e-16,-6.9059262499640735e-11,1.2983515682656042e-13,-2.2859086588631416e-11,3.2144724733092034e-11,-1.7099693126446711e-05,-9.0644868124901294e-08,1.3,1.7099933377408217e-05,-2.1175823681357508e-22,1,-1,-1,0
2,0.00019504058238184186,395,6.500000006905917e-07,-8.8057500867669731e-19,1.9960413574905974e-16,-6.9059262499640735e-11,-6.9871857211731652e-14,1.4852139835563913e-11,-1.6072346848518479e-11,-1.2390543582402001e-05,-6.5681826752347154e-08,2.0999999999999996,1.2390717669692393e-05,-1.0587911840678754e-22,1,-1,-1,0
1,0.00019554058238184188,396,-1.0499999993430744e-06,1.8320452742299777e-18,-3.112762853187696e-16,-6.5692502666477894e-11,1.3497278276433341e-13,-2.3733127691447722e-11,1.8119515409131378e-17,-1.7749410492556639e-05,-9.4088430972277846e-08,1.3,1.7749659869026295e-05,-2.1175823681357508e-22,1,-1,-1,0
2,0.00019554058238184188,396,6.5000000065692532e-07,-9.1571804790229343e-19,2.0707835979883433e-16,-6.5692502666477894e-11,-7.2629350211489133e-14,1.5411001844132326e-11,1.6033099261221496e-11,-1.2861330305161163e-05,-6.8177053487670732e-08,2.0999999999999996,1.2861511004906705e-05,-1.0587911840678754e-22,1,-1,-1,0
1,0.00019604058238184189,397,-1.0499999993750996e-06,1.8999330807368721e-18,-3.2321614061412817e-16,-6.2489845248240097e-11,1.3999460009772356e-13,-2.4640556610987792e-11,3.2155738033774053e-11,-1.8423810666275071e-05,-9.7666326450960487e-08,1.3,1.8424069533604879e-05,-2.1175823681357508e-22,1,-1,-1,0
2,0.00019604058238184189,397,6.5000000062490006e-07,-9.5231928287457911e-19,2.1483377824590806e-16,-6.2489845261792624e-11,-7.5425117117507688e-14,1.599093006672492e-11,1.6077864750312698e-11,-1.3350006550497469e-05,-7.0769618470359879e-08,2.0999999999999996,1.3350194127333214e-05,-1.0587911840678754e-22,1,-1,-1,0
1,0.0001965405823818419,398,-1.0499999994055636e-06,1.9703168106495933e-18,-3.3561254412112433e-16,-5.9443407431059546e-11,1.452552730162273e-13,-2.5582518020824605e-11,2.0509519194825984e-17,-1.9123838801631536e-05,-1.0137723533532728e-07,1.3,1.9124107504786521e-05,-2.1175823681357508e-22,1,-1,-1,0
2,0.0001965405823818419,398,6.500000005944361e-07,-9.9030912470993821e-19,2.2288103768484677e-16,-5.9443407431059546e-11,-7.8436417741725683e-14,1.6592726158072426e-11,5.9188656540874788e-18,-1.3857251400986557e-05,-7.3458565781960508e-08,2.0999999999999996,1.3857446104929675e-05,-1.0587911840678754e-22,1,-1,-1,0
1,0.00019704058238184191,399,-1.0499999994345423e-06,2.0433150207574123e-18,-3.4848283113447041e-16,-5.6545667982492963e-11,1.5058072418193836e-13,-2.656052163070404e-11,-3.2216136474067166e-11,-1.9850458837487558e-05,-1.0522888889761329e-07,1.3,1.985073774898264e-05,-2.1175823681357508e-22,1,-1,-1,0
2,0.00019704058238184191,399,6.5000000056545741e-07,-1.0297948010747906e-18,2.3123100483003319e-16,-5.654566799604549e-11,-8.1487819185453395e-14,1.7217197817727945e-11,6.654727983478574e-18,-1.4383764905428216e-05,-7.6249497549179211e-08,2.0999999999999996,1.4383967006375705e-05,-1.0587911840678754e-22,1,-1,-1,0
1,0.00019754058238184193,400,-1.0499999994621084e-06,2.1190487169868862e-18,-3.6184517646238012e-16,-5.3789119303939391e-11,1.5615081035441046e-13,-2.7575748164535301e-11,2.4112729664208537e-17,-2.060469286352573e-05,-1.0922611290240538e-07,1.3,2.0604982366989978e-05,-2.1175823681357508e-22,1,-1,-1,0
2,0.00019754058238184193,400,6.5000000053789136e-07,-1.0707962379261568e-18,2.3989530294225669e-16,-5.3789119290386864e-11,-8.4758332084570427e-14,1.7865524288695398e-11,6.9540969345889655e-18,-1.4930286103450453e-05,-7.9145910550921602e-08,2.0999999999999996,1.4930495879442271e-05,-1.0587911840678754e-22,1,-1,-1,0
1,0.00019804058238184194,401,-1.0499999994883304e-06,2.1976393279015296e-18,-3.7571834094252383e-16,-5.1166880668941477e-11,1.6214539907760546e-13,-2.8629565572241787e-11,2.351940146147114e-17,-2.1387582063643669e-05,-1.1337375654570607e-07,1.3,2.1387882553861325e-05,-2.1175823681357508e-22,1,-1,-1,0
2,0.00019804058238184194,401,6.5000000051166923e-07,-1.1133336228535465e-18,2.4888569813255598e-16,-5.1166880682494004e-11,-8.807170238230934e-14,1.853800257232651e-11,3.1678649156914103e-11,-1.5497573142473728e-05,-8.2151318543872637e-08,2.0999999999999996,1.5497790879556514e-05,-3.1763735522036263e-22,1,-1,-1,0
1,0.00019854058238184195,402,-1.0499999995132744e-06,2.2792093910683278e-18,-3.9012167756944279e-16,-4.867251451867987e-11,1.680366429814508e-13,-2.9723895831427391e-11,-3.1420590958946191e-11,-2.2200215788121774e-05,-1.1768281307447568e-07,1.3,2.2200527702841921e-05,-2.1175823681357508e-22,1,-1,-1,0
2,0.00019854058238184195,402,6.5000000048672527e-07,-1.1576054656565321e-18,2.5821454724462731e-16,-4.867251451867987e-11,-9.1608697947061307e-14,1.9235830923170424e-11,1.571031555602814e-11,-1.608641218295961e-05,-8.5273687302997134e-08,2.0999999999999996,1.6086638198270775e-05,-1.0587911840678754e-22,1,-1,-1,0
1,0.00019904058238184196,403,-1.0499999995370022e-06,2.3637958213580158e-18,-4.0507558325495998e-16,-4.6299856852095866e-11,1.7435699127770079e-13,-3.0859794431934815e-11,3.2080185658719902e-11,-2.3043729277627656e-05,-1.2215228773329551e-07,1.3,2.3044053033332081e-05,-2.1175823681357508e-22,1,-1,-1,0
2,0.00019904058238184196,403,6.5000000046299755e-07,-1.2035458005561e-18,2.678946249679161e-16,-4.6299856838543339e-11,-9.5013763985960341e-14,1.9960398658938472e-11,1.6040086546776584e-11,-1.669762638061937e-05,-8.851229602164559e-08,2.0999999999999996,1.6697860975992113e-05,-1.0587911840678754e-22,1,-1,-1,0
1,0.00019954058238184197,404,-1.049999999559573e-06,2.4516126013225617e-18,-4.206008883944819e-16,-4.4042841896847588e-11,1.8093533476133928e-13,-3.2039040566613332e-11,3.2314680122170053e-17,-2.3919286029159778e-05,-1.2679636070109108e-07,1.3,2.3919622101150453e-05,-2.1175823681357508e-22,1,-1,-1,0
2,0.00019954058238184197,404,6.5000000044042656e-07,-1.2513547636781543e-18,2.7793913082740435e-16,-4.4042841923952643e-11,-9.8646212067999155e-14,2.0711859794438748e-11,9.3195141145525471e-18,-1.7332060385471813e-05,-9.1877419744804019e-08,2.0999999999999996,1.7332303905306424e-05,-3.1763735522036263e-22,1,-1,-1,0
1,0.00020000000000000001,405,-1.0499999995793424e-06,2.53526433427752e-18,-4.3540391358886635e-16,-4.206566009152396e-11,1.8705812599510357e-13,-3.316339391444615e-11,3.1878014993658168e-17,-2.4753924426536057e-05,-1.3122255187908382e-07,1.3,2.4754272234763439e-05,-2.1175823681357508e-22,1,-1,-1,0
2,0.00020000000000000001,405,6.5000000042065723e-07,-1.2969657429320286e-18,2.8751095149143131e-16,-4.2065660105076487e-11,-1.0239421719254993e-13,2.1428214654920535e-11,-3.1861537246469232e-11,-1.7936845209855219e-05,-9.5084664987845246e-08,2.0999999999999996,1.7937097233856906e-05,-3.1763735522036263e-22,1,-1,-1,0
