# NOT EXPERIMENTAL CONCENTRATION; frozen inverse CDF; uniform_u radius_m
0.77395604855596334 1.2583590859853213e-06
0.43887843975205232 9.2087822684165328e-07
0.85859791991138246 1.4159400249668286e-06
0.6973680290593639 1.1570823074166525e-06
0.094177347887649532 6.4774081512192033e-07
0.97562235163675592 1.8591551443648157e-06
0.76113970199035297 1.2394185587713524e-06
0.78606430527695381 1.2764417924342108e-06
0.12811363267554587 6.8005633909812238e-07
0.45038593789556713 9.2969061843572585e-07
0.37079802423258124 8.6989289720678561e-07
0.92676498884860181 1.6077495906946434e-06
0.64386512008066454 1.0984847618696704e-06
0.82276161327082997 1.3410058104741001e-06
0.44341419882733113 9.2428409761550412e-07
0.22723872178477689 7.6219445130884777e-07
0.5545847870158348 1.0139960393688147e-06
0.063817256104175324 6.1551805055548623e-07
0.82763117199258207 1.3505827859188168e-06
0.63166439912206485 1.0858910536683152e-06
0.75808774008537383 1.2349082431973055e-06
0.35452596812986836 8.5799078704893724e-07
0.97069802439490327 1.8214297148104168e-06
0.89312112132219768 1.5024918773419909e-06
0.77838349707376187 1.2649021525847237e-06
0.19463870785196757 7.3652069741683917e-07
0.46672100372703418 9.4242196728600335e-07
0.043803765787228777 5.8809395472618423e-07
0.15428949206754783 7.0272536078719965e-07
0.68304895324245463 1.1405664825082402e-06
0.74476215590781714 1.2163969234994886e-06
0.96750973243421001 1.8010674572494381e-06
0.32582535813815194 8.3699787628445793e-07
0.37045970603486889 8.6964543613412467e-07
0.46955581127580792 9.446313813281135e-07
0.1894713590842857 7.3245121325008185e-07
0.12992150533547164 6.8162200706436578e-07
0.47570492622593374 9.4942392568380878e-07
0.22690934905088411 7.6193505772312332e-07
0.66981399468251035 1.125301093802916e-06
0.43715191887233074 9.1958179400492346e-07
0.83267819605783744 1.3605087829759906e-06
0.70026510200224912 1.1604238323923836e-06
0.31236664138204107 8.271535684475519e-07
0.83225980139520106 1.3596859249637499e-06
0.80476435749680186 1.3082371587391531e-06
0.38747837903017446 8.8228226932245005e-07
0.28832810393024411 8.0900092951889343e-07
0.68249550397497549 1.1399281262823043e-06
0.13975248360930981 6.9013590746308878e-07
0.19990820247510832 7.406706253392203e-07
0.0073622697510055124 5.0158287305254962e-07
0.78692437750213839 1.2779041579467213e-06
0.66485085659203214 1.1201464524297195e-06
0.7051653786263351 1.1660758808737959e-06
0.78072903102196789 1.2683684796967332e-06
0.45891577553833995 9.3633866869685021e-07
0.56874119595289374 1.026081569801168e-06
0.13979699812765745 6.9017445827308487e-07
0.11453007353597344 6.6748612716528083e-07
0.66840296179047165 1.1238129715248992e-06
0.47109620614313252 9.4583194609016714e-07
0.56523610648118883 1.0230129924375176e-06
0.76499885741602558 1.2451217783268393e-06
0.63471832000059081 1.0890433418441279e-06
0.55357940065799582 1.0131449221308018e-06
0.55920716074541355 1.0179091439490681e-06
0.3039500980626122 8.2084952045252418e-07
0.030817834567939406 5.6710210725871791e-07
0.43671738923236236 9.1925550864086904e-07
0.2145846728195292 7.5222890529586787e-07
0.40852864372463615 8.9808877053091289e-07
0.85340307326816611 1.4044758420328247e-06
0.23393948586534075 7.674715584980466e-07
0.058302741689066018 6.0796161889978599e-07
0.28138389202199654 8.0373405222012437e-07
0.29359375776668362 8.1299469483319509e-07
0.66191651472689506 1.1171175949271215e-06
0.55703215234127834 1.0160678745394033e-06
0.7838982091064135 1.2730520221904593e-06
0.66431354032738754 1.1195918291192006e-06
0.40638686144007052 8.9648052071740067e-07
0.81402038466603466 1.3239750171640553e-06
0.16697291990770391 7.1370956178303008e-07
0.022712073133860478 5.4843923691992271e-07
0.090047860775641753 6.4373456981529506e-07
0.72235935059645029 1.1872877715801757e-06
0.46187723025138738 9.3864678997686828e-07
0.16127177903360179 7.0877221534515174e-07
0.50104477510336354 9.6917349138500173e-07
0.15231210271316842 7.0101288665250621e-07
0.69632037507773603 1.1558739284719209e-06
0.4461562755740307 9.2639407178633162e-07
0.38102122609648248 8.7743363691183319e-07
0.30151208914787653 8.1900039862604775e-07
0.63028259311888846 1.0844647394649222e-06
0.36181261055339042 8.6332056346183646e-07
0.087649919316100999 6.4140819332899668e-07
0.11800590212051532 6.7085822194987616e-07
0.96189766454951453 1.7665407917638907e-06
0.90858069070760705 1.5473306010033084e-06
0.69970713381074956 1.159780263975462e-06
0.26586996145951958 7.919674227200737e-07
0.96917637734772388 1.8117116057182892e-06
0.77875090396579461 1.2654451216907415e-06
0.71689018915899561 1.1801814003493664e-06
0.44936150214378867 9.2889218584505548e-07
0.27224156184515902 7.9679999952955953e-07
0.096390962153499293 6.4988836553743134e-07
0.90260239654384167 1.5287968636592441e-06
0.45577628983361107 9.3389179225755439e-07
0.20236336479523032 7.4260415927272295e-07
0.3059566241506525 8.2237138165752796e-07
0.57921956894189597 1.0358689658426782e-06
0.17677278293923171 7.2219651551718594e-07
0.8566142840923755 1.411562462843174e-06
0.75851952983521009 1.2355463599543408e-06
0.71946295595093679 1.1835243325562353e-06
0.43209303977510372 9.1578311594911612e-07
0.62730884070244319 1.0813952019906315e-06
0.58409796891273558 1.0404256687405056e-06
0.64984660155481999 1.1046589078527592e-06
0.084444321139889089 6.3829826410533304e-07
0.41580740217060963 9.0355434095685911e-07
0.041614173861892478 5.8509359957390769e-07
0.49399081924451893 9.6367572518436552e-07
0.32986121233278531 8.3994988068404537e-07
0.1445241888660469 6.9426833682630233e-07
0.10340296772255164 6.5669110244859893e-07
0.58764457217771204 1.043738397805683e-06
0.1705929685368861 7.1684462450099082e-07
0.9251201183767972 1.6019317063683425e-06
0.58106113970039497 1.0375890976198934e-06
0.34686980453483707 8.5239072631172169e-07
0.59091549148141675 1.0467936223790763e-06
0.022803871029697498 5.4865059426633772e-07
0.95855921324144533 1.7480884465216758e-06
0.48230343694290023 9.5456672355782565e-07
0.78273522725028621 1.2713333194866451e-06
0.082729999922438568 6.3663510566817775e-07
0.48665833083816035 9.5796087415131135e-07
0.49070699435452092 9.6111635256419194e-07
0.93782645497498285 1.6504613547193253e-06
0.57172805237607538 1.028871463495875e-06
0.47348940105695381 9.4769717269096094e-07
0.26697566309189358 7.9280604845668827e-07
0.33156899734255219 8.4119903107929125e-07
0.52067240247153779 9.8528726005951155e-07
0.43891146030504669 9.2090302175128434e-07
0.021612079880330426 5.4590659003275044e-07
0.82629192419435782 1.3479488833393714e-06
0.89616077183976672 1.5107782489037622e-06
0.14024908899861077 6.9056598153142747e-07
0.5540361435390494 1.0135315811861721e-06
0.10857574113544355 6.6170949786806265e-07
0.67224009303981169 1.1280993900192441e-06
0.28123378383900832 8.0362020180890623e-07
0.65942263469190177 1.1145433866031657e-06
0.72699461428688261 1.1933106152854865e-06
0.76864749191765702 1.2505138813507548e-06
0.10774094595589656 6.6089961659725572e-07
0.91601184513760792 1.5703684543768652e-06
0.23021399089488082 7.6453758916924071e-07
0.037412556176179779 5.7933620472541854e-07
0.55485246939148336 1.0142226478586261e-06
0.37092228386243875 8.6998378626182591e-07
0.82978974313241316 1.354828054121353e-06
0.80825147206430181 1.3141662376378354e-06
0.31713889282271535 8.306442067534503e-07
0.95289939506974497 1.7180035682742999e-06
0.29091783814011862 8.109651282645615e-07
0.51505712923171454 9.8053360907419227e-07
0.25596509056760275 7.8445501665626731e-07
0.93604357004896332 1.6431210672129753e-06
0.16460781758201815 7.1166131744022014e-07
0.044910619392328988 5.8961065465481061e-07
0.43509706000303794 9.1803881439530151e-07
0.99237556405583704 2.0851703867349534e-06
0.89167726625491395 1.4985557934074381e-06
0.74860801945694921 1.2213940577760533e-06
0.89079249087852486 1.4961438129922259e-06
0.8934466396978632 1.5033792708746876e-06
0.51885836038644906 9.8375156935010199e-07
0.31592905183079301 8.2975927490043504e-07
0.77201243211098802 1.2554867291883887e-06
0.66166126316776108 1.1168541216729935e-06
0.37365772887371007 8.7198461317941858e-07
0.094466668061515269 6.480215007269901e-07
0.74678961134902599 1.2190313037758659e-06
0.26246051592286468 7.8938150922324195e-07
0.93681315053377923 1.6462894949310991e-06
0.24097057500568475 7.730088092659148e-07
0.12275793241148603 6.754181538287109e-07
0.83111267212490614 1.3574298624576225e-06
0.15328431662449404 7.0185485091859634e-07
0.17926830815773909 7.243577097097736e-07
0.59938279152084351 1.0547025619611227e-06
0.87456204083746447 1.4541611328022224e-06
0.19643466571457324 7.3793508270698013e-07
0.31032367290009477 8.2565924985820772e-07
0.77740483824117756 1.2634558500712217e-06
0.97182642606096736 1.829454902435464e-06
0.50074118620234231 9.6893687793967802e-07
0.14389750255125078 6.9372560906139471e-07
0.013936287708201545 5.2823368968637367e-07
0.22965602999885526 7.6409817369060169e-07
0.13182221778652103 6.8326807686984091e-07
0.67765867361285748 1.1343492576183016e-06
0.12183250462853112 6.7457062204273061e-07
0.506329931620633 9.7329267719324366e-07
0.69426243564288648 1.153500271972529e-06
0.58111660922090236 1.0376409093053533e-06
0.19977565166005762 7.4056623651868758e-07
0.80412452618226271 1.3071492649311585e-06
0.71540712961580166 1.1782543825072608e-06
0.73898400391554175 1.2088890644694105e-06
0.13105775155731325 6.8260602786999896e-07
0.12375380365034461 6.7628060599790734e-07
0.92756255100650764 1.6105705571216472e-06
0.39757819382494064 8.8986615185675019e-07
0.30094869178093975 8.1857308666591282e-07
0.48858404535153332 9.5946175229338558e-07
0.66286421276358243 1.1180958184745282e-06
0.95562325704696993 1.7318607791641995e-06
0.28644622688205501 8.0757360909216363e-07
0.92480842931202711 1.6008292664159642e-06
0.024859491386256316 5.5338349647327333e-07
0.55519804232682468 1.014515195176348e-06
0.63397511168108511 1.0882761946615607e-06
0.10589740375075329 6.5911109368712369e-07
0.14033959706391264 6.9064436403129649e-07
0.41911431931630383 9.0603748264739819e-07
0.96623191214318171 1.7929065653978317e-06
0.59604255323437283 1.0515825895172122e-06
0.93302322160021123 1.6306860380870653e-06
0.80436091561297074 1.3075511936772184e-06
0.46738160155529151 9.4293682908625875e-07
0.78476344925218744 1.2743307098760452e-06
0.017836783976987736 5.372142717961879e-07
0.10914399676573494 6.6226079428576983e-07
0.82942861488273634 1.3541178221317275e-06
0.79681708832516174 1.2947245582680125e-06
0.2326407419664337 7.6644874816127772e-07
0.53076959059905349 9.9383510915631348e-07
0.60601582070001092 1.0608981882858913e-06
0.86773895377601118 1.4373828368092008e-06
0.60310715733872566 1.0581813313560787e-06
0.41257156927368033 9.0112457594734106e-07
0.3741840434071827 8.7236958318662157e-07
0.42588208637350988 9.1111935309990939e-07
0.65193102557997418 1.1068104715209853e-06
0.86749063175232488 1.4367722011280981e-06
0.45389688207629975 9.324270050300579e-07
0.24783956295135812 7.7829216369210435e-07
0.23666236299758114 7.6961592805308417e-07
0.7460142802434464 1.2180238749906578e-06
0.81656876342391038 1.3288263144857186e-06
0.10527807985412496 6.5851025310163469e-07
0.066558856955178158 6.1927481278300895e-07
0.59443366375645179 1.0500797952834164e-06
0.14617324419269828 6.9569646456822364e-07
0.82466419045634132 1.3447476146145715e-06
0.31033467392407443 8.2566729649954344e-07
0.14387193297114265 6.9370346509441463e-07
0.92097047248745023 1.5872544657021866e-06
0.16553172273527816 7.1246144497927243e-07
0.28472008233793555 8.0626440487519283e-07
0.15361339519205863 7.0213984210355848e-07
0.11549006366535497 6.6841746702563743e-07
0.021148016336440034 5.4483812067067726e-07
0.055395409164260112 6.0397775778884279e-07
0.17464147093585269 7.2035074009078102e-07
0.053381932627175388 6.0121873012157446e-07
0.59114381611097122 1.0470068905627747e-06
0.68071452679950639 1.1378739219766611e-06
0.39363045683202824 8.8690182288251259e-07
0.31799109695204941 8.3126754699762598e-07
0.5045262370222301 9.7188689986803722e-07
0.87500494223460856 1.4552502484283422e-06
0.851131626822206 1.3994631285939621e-06
0.043475062012791943 5.8764353834868837e-07
0.18149840959652408 7.261722115489139e-07
0.23674487110439602 7.6968090633293477e-07
0.24938757583221183 7.7946626292871998e-07
0.57123265174277271 1.0284087311420605e-06
0.41626242570319227 9.0389601504609456e-07
0.049254119927593987 5.955624688075308e-07
0.37361413845957159 8.7195272919944536e-07
0.52375294871763722 9.8789511920948827e-07
0.10167190290371597 6.5501170011174245e-07
0.83345855378855971 1.3620435148176743e-06
0.051961866465104256 5.992728411289077e-07
0.92484186901806209 1.6009475421981317e-06
0.099113141579875497 6.5252930332338531e-07
0.84357495159775275 1.3827867735259809e-06
0.90265314392761709 1.5289541892534734e-06
0.97957068058659269 1.8924675783528009e-06
0.80202588027359356 1.3035809746062961e-06
0.77947754077132891 1.2665189756255925e-06
0.64248327599554766 1.0970584083577115e-06
0.77899635457812899 1.2658078587608422e-06
0.13455220841314708 6.8563232462190799e-07
0.5360680359476373 9.9832054715304883e-07
0.51422287019041446 9.798273609284098e-07
0.85757214412255756 1.4136763043798662e-06
0.46279936559351587 9.3936549088991836e-07
0.38508949610035348 8.8048847330776019e-07
0.6395632712371101 1.0940443497623943e-06
0.26646331750084606 7.9241745700840504e-07
0.13976841095395687 6.901497009861914e-07
0.4778772740237458 9.511170267660707e-07
0.41688936859488501 9.0436678221786256e-07
0.2325699405288737 7.6639298932979785e-07
0.36751181011512801 8.6748921311294305e-07
0.36639244982624741 8.6667046289597716e-07
0.32749556441254546 8.3821953991065742e-07
0.37946407972692897 8.762643862477986e-07
0.6857433454559454 1.1436742326592697e-06
0.2968764745712853 8.1548449019728946e-07
0.94885792671534042 1.6989316364107209e-06
0.9163480195381779 1.5714106526814797e-06
0.48091042830007857 9.5348102980144972e-07
0.32836120500468879 8.3885270818513726e-07
0.53543478983000314 9.9778446798067789e-07
0.84856048877362455 1.3937890444559817e-06
0.65258734056010204 1.1074879265153217e-06
0.80439182794707742 1.3076037533692828e-06
0.53272227606574019 9.954881694431939e-07
0.63291762926762074 1.0871846505644189e-06
0.28815561418246172 8.0887010368165386e-07
0.73489316231029078 1.2035736172247444e-06
0.20240459312571835 7.4263662815486852e-07
0.69479812881849823 1.1541181480705511e-06
0.86071906832589407 1.4206210550576567e-06
0.13210283730154393 6.835111011685724e-07
0.61437974054191979 1.0687105648865456e-06
0.095095748229934607 6.4863180641480611e-07
0.72571562827142688 1.1916487609904939e-06
0.084493218823520233 6.3834570247001093e-07
0.93593982270062603 1.642693930635789e-06
0.13740793003780216 6.8810545891246934e-07
0.95888024590908039 1.7498628637800356e-06
0.80088417608509666 1.3016397552739449e-06
0.59368200446635411 1.0493777027764796e-06
0.7826241046295469 1.2711690978801659e-06
0.79511483898308588 1.29183025397745e-06
0.94602706281733029 1.6855726196763513e-06
0.2533833538391872 7.8249688364622192e-07
0.59007589535830918 1.0460093918711153e-06
0.095049197564401222 6.4858664502302666e-07
0.6161657000241213 1.0703787525703343e-06
0.17129130409278881 7.1744940249990716e-07
0.56495061147244185 1.0227713045317523e-06
0.5724305140338497 1.0295276026174574e-06
0.46598515298122734 9.4184845428989664e-07
0.52263177551312279 9.8694598176225666e-07
0.76392339000658793 1.2435324080931373e-06
0.79924471651206663 1.2988522113112975e-06
0.49215321557542913 9.6224351954766299e-07
0.59959344152261229 1.0548993210377101e-06
0.93123623569010183 1.6235643295230724e-06
0.11973358850112281 6.7253434667575377e-07
0.11710356590011051 6.6998281535580229e-07
0.087709011910768409 6.4146552234434928e-07
0.65786328504052782 1.1129338100412619e-06
0.41860830079037947 9.0565751676299618e-07
0.77432141614184324 1.2588990413203332e-06
0.67123141330859259 1.1269359645270902e-06
0.33363775832823817 8.4271221546032275e-07
0.89836654736153576 1.5167913992477218e-06
0.76253214707065231 1.2414763717215838e-06
0.27053494091017571 7.9550560310577064e-07
0.36419201777205401 8.6506096840194674e-07
0.31443998020426289 8.2867010126312609e-07
0.15761164862499966 7.0560244069229721e-07
0.14778337254219165 6.9709088046610309e-07
0.93612746337574404 1.6434664631100677e-06
0.43790403719875326 9.2014655456295259e-07
0.38331982277740984 8.7915963759363965e-07
0.72968570867737792 1.1968072968105628e-06
0.55299306525289993 1.0126485555681926e-06
0.93613998683846222 1.6435180232615867e-06
0.78030149390939219 1.2677366476629888e-06
0.47936956412454035 9.5228009926636231e-07
0.37635947348082621 8.73960790113009e-07
0.98663154492432203 1.96265182213305e-06
0.71776023600364347 1.181311898312714e-06
0.95119466000384112 1.7099588211251753e-06
0.11847857721704136 6.7131679037148711e-07
0.8505336791907826 1.3981435552740174e-06
0.63707388399120757 1.09147477894101e-06
0.12192167833511258 6.7465713441915321e-07
0.58825799996922068 1.0443113742348162e-06
0.6860963651054488 1.1440814105243065e-06
0.012302685888602838 5.2396209141619229e-07
0.45431796184174655 9.327551894061116e-07
0.82539951119632116 1.3461937720742445e-06
0.29535902534408986 8.1433357213886184e-07
0.45854808179855111 9.3605209273078963e-07
0.44231412706789319 9.2345806118093486e-07
0.30192739144249159 8.1931538703028085e-07
0.91844189551555422 1.5783109235906311e-06
0.78129403543151588 1.2692034665894699e-06
0.1105884109961105 6.6366210093095543e-07
0.99703465783757306 2.2191429951221767e-06
0.87920002430774524 1.4655661550119984e-06
0.28390843786403896 8.0564880847480652e-07
0.83689657966093822 1.3688050904017187e-06
0.10641953187138287 6.5961763924011662e-07
0.99910473047423864 2.3969964470689938e-06
0.66568473610653689 1.1210071913414933e-06
0.65012501555879698 1.1049462896179151e-06
0.090440726984132747 6.4411571119222834e-07
0.89703339889662526 1.513157111863892e-06
0.028999503204469423 5.6291554406593368e-07
0.24082805804114704 7.7289657172268808e-07
0.143021875166635 6.9296729141167994e-07
0.77676794069221855 1.2625146165225802e-06
0.19820422721289788 7.3932867985385253e-07
0.91063822713088527 1.5537093168376704e-06
0.65626903932749014 1.1112882134097689e-06
0.036162710494696215 5.7762356554064728e-07
0.0054298341287004614 4.9282927870730128e-07
0.051657917014398924 5.9885634511889646e-07
0.60592517764772769 1.0608135225222238e-06
0.80148181085941528 1.3026559030548514e-06
0.23855282062738847 7.7110473551282873e-07
0.84940884292307295 1.3956612242969011e-06
0.057231940153260386 6.0649432041925905e-07
0.80096385364167622 1.3017752296067407e-06
0.92779543017228039 1.6113942475408599e-06
0.77210839910438056 1.2556285531817312e-06
0.69812078397863719 1.1579505456049704e-06
0.83798021865538308 1.370936286395799e-06
0.040151299547066421 5.8308905140361465e-07
0.20178211071905539 7.4214639952663207e-07
0.12492367930564308 6.772937508275128e-07
0.50453099019298653 9.7189060443070458e-07
0.74518812832884451 1.2169504120356244e-06
0.63001184457639869 1.0841852700670374e-06
0.85113109976193502 1.3994619654575353e-06
0.15521299244109088 7.0352513777576787e-07
0.73462109193516156 1.2032201017711078e-06
0.1930414908689041 7.3526282814660448e-07
0.27075875131780025 7.9567535339143597e-07
0.7099046972813039 1.1715422781533049e-06
0.98020478489868179 1.8982267750044081e-06
0.61154360597706958 1.0660614539756876e-06
0.054500314991295595 6.0275122768405414e-07
0.61630896992753281 1.0705125748046629e-06
0.042350551580167095 5.8610264361333872e-07
0.88414571136681719 1.4780240704741861e-06
0.70957828510062071 1.1711657897197586e-06
0.17312784642250323 7.1903989919694883e-07
0.091721005824198065 6.453577809590206e-07
0.18353322888031898 7.277747093151583e-07
0.9800271795541925 1.8966136900816445e-06
0.45856064245848982 9.3606188235423651e-07
0.78408094834140796 1.2733220817925269e-06
0.63640834210777686 1.090787799843287e-06
0.57241314995863735 1.0295113835841039e-06
0.1451302546650497 6.9479320665146662e-07
0.94602445355809506 1.6855603064253285e-06
0.30134263251471793 8.1887187327196845e-07
0.57801721580754217 1.0347458996643677e-06
0.69977594458906611 1.1598596313020281e-06
0.64923315524530889 1.1040257023360201e-06
0.94059440969551844 1.661857257593804e-06
0.148438989920058 6.9765866333565542e-07
0.50835273844694207 9.7486922788659028e-07
0.40403439074076597 8.9471406640002515e-07
0.47416872948261812 9.4822663288783264e-07
0.11921752619774462 6.720336859097174e-07
0.13409460987276534 6.8523603156877623e-07
0.27807554578125737 8.0122481806338419e-07
0.30470460376083131 8.2142177962120285e-07
0.42790321368134998 9.1263700390846362e-07
0.61098754703662828 1.0655420633147297e-06
0.634629117418263 1.0889512660318494e-06
0.41181089658557024 9.0055339197705019e-07
0.40878310942869711 8.982798471048721e-07
0.21762852669696198 7.5462605627542008e-07
0.58830624840900825 1.0443564410203832e-06
0.31704091131723788 8.3057253869476951e-07
0.0360598342773637 5.7748259626452389e-07
0.41840004415686038 9.0550113826718304e-07
0.47413267509017032 9.4819853253901413e-07
0.22559286820421098 7.608982788637432e-07
0.57245793312211568 1.0295532136046054e-06
0.56577190043192094 1.0234665727590884e-06
0.70200218111037138 1.1624274040452362e-06
0.64794848220121004 1.1026996497604036e-06
0.65243305652103156 1.1073286729618004e-06
0.31621415182404311 8.2996780979634777e-07
0.78743222198595386 1.2787676368931446e-06
0.54914438359967943 1.009390425722745e-06
0.43141819517989011 9.1527637971256066e-07
0.6260124809410571 1.0800570862666284e-06
0.36065733445025427 8.6247554281076067e-07
0.51273924460675824 9.7857138674578668e-07
0.73670568848222029 1.2059287285138498e-06
0.88640288672370771 1.4841773415753084e-06
0.92105719729519164 1.5875612101591568e-06
0.50363292518309921 9.7119066363774617e-07
0.52027511474056909 9.8495093320004894e-07
0.79987041076383647 1.2999160681228203e-06
0.31445069174420126 8.2867793616287703e-07
0.83738236234506858 1.3697604806338159e-06
0.49414164651742343 9.6379327810072911e-07
0.11585672433526839 6.6877318495092004e-07
0.072059147072943697 6.2628271734816869e-07
0.84199321103946312 1.3792961289776867e-06
0.055567916906877901 6.0421414178733197e-07
0.28061143613365591 8.031481786269281e-07
0.33413004050154582 8.4307229267603954e-07
0.17299444519159379 7.1892437002361592e-07
0.31389336980198923 8.2827028594905517e-07
0.74269256672508566 1.2137077966203593e-06
0.014682843560070769 5.299525750961424e-07
0.82717342452068643 1.3496825326209886e-06
0.85654802357455817 1.4114162366406061e-06
0.37226157319154818 8.7096340242266448e-07
0.1536128990606348 7.0213941243995743e-07
0.60084040794508087 1.0560640585632761e-06
0.11967255586489434 6.724751355180944e-07
0.36491936107825251 8.6559297985140974e-07
0.9584291809009724 1.7473697295425604e-06
0.99546447258363713 2.1865228476743163e-06
0.7721048913545856 1.2556233692839558e-06
0.31096150992076621 8.261257924042059e-07
0.6876650491660925 1.1458907529437112e-06
0.7054063654840127 1.1663538385295498e-06
0.38784169516364975 8.8255508094673055e-07
0.64088863458615941 1.0954124032844228e-06
0.010727644975676243 5.1682743240360194e-07
0.20905765860224146 7.4787617087481089e-07
0.52508830296726117 9.8902557320048136e-07
0.16375130425829587 7.1091955309843977e-07
0.16590686787653364 7.1278633109729121e-07
0.83630429055023792 1.3676402336675733e-06
0.98913300268360549 1.992195727624813e-06
0.5559694280284484 1.0151682174326077e-06
0.83906973088171344 1.3730790332922836e-06
0.99032166432627255 2.0072194133098231e-06
0.1415958885687747 6.9173234738821426e-07
0.44824561325435108 9.2802247580677628e-07
0.39257271584191988 8.8610757233597257e-07
0.080049283646185021 6.3403439359211745e-07
0.75533017279474446 1.2308329961645308e-06
0.43377902732259299 9.1704911258116098e-07
0.46932693419040128 9.4445299735046622e-07
0.15067297381324019 6.9959335547199341e-07
0.18092665223086812 7.2572193082443181e-07
0.90710362215621498 1.5427514351374662e-06
0.044649088974278883 5.8925228461873495e-07
0.23285228494370624 7.6661534632124378e-07
0.29205933031452835 8.1183089954279413e-07
0.49019754240158642 9.6071929199509575e-07
0.58644517301479593 1.0426180908046211e-06
0.49328997585066658 9.6312949648662995e-07
0.084115334556882027 6.3797909590880754e-07
0.24366745405571355 7.7512780380205481e-07
0.84358838476254117 1.3828164183392146e-06
0.63758870047845906 1.0920061777525796e-06
0.64914905013427437 1.1039388881854297e-06
0.67020325535135494 1.1257500725730945e-06
0.76290301903952906 1.2420244616615247e-06
0.058108481721447336 6.0769542825120833e-07
0.36660838493261239 8.6682840749785656e-07
0.53952743526167868 1.0012491271625097e-06
0.33845648329732603 8.4623684658502107e-07
0.84447887328718652 1.3847815819038594e-06
0.48257250858729395 9.5477643467903181e-07
0.76862758945937915 1.250484468674474e-06
0.85201551688116905 1.4014137304163917e-06
0.50479148290349807 9.7209362923664602e-07
0.90955224387134992 1.5503425824581094e-06
0.58712394053698058 1.0432520982566092e-06
0.85027429883372174 1.3975711449475807e-06
0.34059079559152428 8.4779797812712295e-07
0.49881695853148522 9.6743715862432358e-07
0.5314110410045777 9.9437813372912124e-07
0.10497971589607058 6.5822079361812022e-07
0.39855250670154063 8.9059775679782489e-07
0.91733767255167609 1.5744787467751272e-06
0.63083224036474239 1.0850320909395975e-06
0.17750658243696749 7.2283200627531138e-07
0.33885563560960497 8.4652880445196275e-07
0.19160300966269983 7.3412996935266383e-07
0.02482313179857254 5.5329978141750297e-07
0.9274604585040267 1.6102094573388995e-06
0.44820732825687148 9.2799263695190581e-07
0.30753507242078615 8.2356856478947911e-07
0.5984771915577366 1.053856680114446e-06
0.0073144562930156365 5.0136628647618146e-07
0.27802210660081383 8.0118428681087313e-07
0.70303346569889258 1.1636169023000499e-06
0.63376977306926296 1.0880642420590438e-06
0.98180594754253547 1.9127691939114486e-06
0.62035770965804404 1.0742943278738751e-06
0.47750587362773278 9.5082756187786293e-07
0.76143256318400765 1.239851361160078e-06
0.90332787196405306 1.5310459619002217e-06
0.72069594671835158 1.1851264227884606e-06
0.9632112235493796 1.7738011175631452e-06
0.78200517073817721 1.2702544117679324e-06
0.86680143826192646 1.4350774415164705e-06
0.11410407118363719 6.670728385707493e-07
0.73241350299378771 1.2003516644938691e-06
0.44008869952736862 9.2178700271116164e-07
0.55310380241127521 1.0127423009265287e-06
0.65410240948235676 1.1090517960584876e-06
0.96981511670556941 1.8157909608962753e-06
0.98457808143162462 1.9404276908953176e-06
0.28822824548790527 8.0892519131130494e-07
0.73375349743791618 1.2020927902726741e-06
0.74998353793526862 1.2231813418146691e-06
0.34649286131304879 8.5211501316762612e-07
0.12386977486422102 6.7638104029209056e-07
0.040946960285719758 5.8417932981077309e-07
0.77734312752917856 1.2633646514278309e-06
0.4896997418169059 9.6033131235872186e-07
0.98554016949492618 1.9508401338031692e-06
0.46497345619365305 9.4105995029081867e-07
0.97791697907384023 1.8774479797892391e-06
0.41157600219405988 9.0037701136914991e-07
0.7936821505599726 1.2893942793246419e-06
0.084819272311832061 6.38662025108108e-07
0.55546171013776391 1.0147384051067889e-06
0.80205978698572422 1.3036386255860749e-06
0.92470166721988867 1.6004516503585648e-06
0.82258309061743162 1.3406547094471663e-06
0.036970727201174225 5.7873077508976654e-07
0.37270234130673419 8.7128579995054288e-07
0.048698472313851271 5.9480107570891183e-07
0.10928229111455801 6.6239496133142889e-07
0.67530562866748411 1.1316352222422531e-06
0.71325819631169818 1.1754621596073064e-06
0.77372068275162631 1.2580112526617246e-06
0.86545654805566286 1.4317702924568775e-06
0.73943146847650987 1.2094704788816993e-06
0.80087159210663206 1.3016183589591031e-06
0.048963709823279244 5.9516452550007183e-07
0.23453515044129858 7.6794066706213634e-07
0.62189777337524577 1.0758098432886459e-06
0.85812530462482317 1.4148970397788834e-06
0.0045001249396591225 4.8861785918781924e-07
0.51462934211634981 9.8017146273587383e-07
0.67728739936439719 1.1339210246402115e-06
0.029607289128613212 5.6431492276567561e-07
0.40135555755338792 8.9270254870045429e-07
0.89563488138369685 1.5093446223422227e-06
0.67161280885585872 1.1273758715546133e-06
0.23765836336059731 7.7040031631282944e-07
0.85278112963191266 1.4031033134270071e-06
0.34803142340951432 8.5324038634980016e-07
0.85334467114405943 1.4043469580290269e-06
0.29894365111890553 8.170523520907719e-07
0.59032025088314899 1.0462376338223274e-06
0.39694006774783408 8.8938698730678668e-07
0.27482505075506702 7.9875946149169446e-07
0.88655756217186921 1.4845990013113672e-06
0.18759368193949133 7.3097247090955843e-07
0.084811591235763095 6.3865457326866242e-07
0.34192693854566036 8.4877529288847697e-07
0.71763914764156755 1.1811545617881877e-06
0.80743160597628172 1.3127722339054858e-06
0.99874337006676484 2.3759279696345375e-06
0.29636205701116491 8.1509432725219443e-07
0.40794195113128218 8.9764822703559595e-07
0.13682127802962629 6.8759740196969167e-07
0.57487192962303357 1.0318080235662381e-06
0.99758003726291722 2.2843364578234591e-06
0.70088101012065851 1.1611342295418497e-06
0.59521284041337175 1.0508075905752598e-06
0.392369092921794 8.8595467326416721e-07
0.91529876028555479 1.5681577690224899e-06
0.49691659613034944 9.6595603960586174e-07
0.1343669133130615 6.8547185391568148e-07
0.36537846319913347 8.6592878769166886e-07
0.067166668847766897 6.2010768557653809e-07
0.20197903768878156 7.4230148702340031e-07
0.017668780999912204 5.3682745831750476e-07
0.45327991650016342 9.3194614966899333e-07
0.63454026495179716 1.0888595516127231e-06
0.34329246237890776 8.4977409813987771e-07
0.42038177150527711 9.0698920391301943e-07
0.95920927284457591 1.7516814670926185e-06
0.75196312157491552 1.225857028564597e-06
0.54085663694495123 1.0023743726530699e-06
0.28454087511182524 8.0612848412803727e-07
0.89699679877299521 1.5130573365042404e-06
0.23509711688065948 7.6838323705886878e-07
0.32534273051667706 8.3664486084008173e-07
0.90906481442294851 1.5488314675609552e-06
0.52954205528507237 9.9279593008067428e-07
0.74231794941797669 1.2132210365047096e-06
0.59074479416376613 1.0466341813806668e-06
0.65343920900949515 1.108367233788556e-06
0.29938329151482557 8.1738579986735025e-07
0.24137206162666291 7.7332499528715921e-07
0.32249234716866526 8.3455996287844818e-07
0.15544156408342247 7.0372308717028161e-07
0.87431436529080742 1.4535520868389188e-06
0.28324693325011407 8.0514708651122784e-07
0.56148939441438461 1.0198411856976853e-06
0.79197442514137406 1.2864906641585319e-06
0.78382410937571356 1.2729425145426529e-06
0.43838625858419289 9.205086513357168e-07
0.47625730858672566 9.4985444568333242e-07
0.99470174893502483 2.1217299219579451e-06
0.67459747697902406 1.1308184300522579e-06
0.81463844311788269 1.3250299478686191e-06
0.90255396921923192 1.5286467306463801e-06
0.7875898362293392 1.2790356255888123e-06
0.18517934495356758 7.2907108848325843e-07
0.5621707337375722 1.0204179785280037e-06
0.10189415731454488 6.5522732148701461e-07
0.6529221265639984 1.1078334960318507e-06
0.95534942818781099 1.7303472676044321e-06
0.51273206430011131 9.7856530820422534e-07
0.43297249286776718 9.1644349132081535e-07
0.035842751418163177 5.771851318523032e-07
0.95977452232922034 1.7548057237242585e-06
0.10300268413015878 6.5630276505466935e-07
0.041079093304846936 5.8436038911234278e-07
0.24606661150493847 7.7694745851197056e-07
0.065530433918382425 6.1786558473395324e-07
0.45511784241176234 9.3337860645753304e-07
0.5160878012571124 9.8140613208061112e-07
0.31256994902858393 8.2730227676012229e-07
0.050960482574886057 5.9790066429556399e-07
0.1116003682492267 6.6464385699068827e-07
0.38450437798992809 8.8004911208101203e-07
0.060528450826536129 6.1101146476412529e-07
0.69818972560991344 1.1580300638591945e-06
0.20702054152481197 7.4627186350847277e-07
0.3020715687836385 8.1942473916053212e-07
0.39412577717809749 8.8727375557610866e-07
0.41660963306914789 9.0415673070593178e-07
0.0016607076748005323 4.7575579712138964e-07
0.11207037099869754 6.6509983281967031e-07
0.86276456374087807 1.4251505748370924e-06
0.001233062511908134 4.6291377394930146e-07
0.50816735581287509 9.7472474294790433e-07
0.4895020065072081 9.601771998969934e-07
0.33309416101063782 8.4231460405124507e-07
0.43132702014644964 9.1520791699737977e-07
0.78058113752658431 1.2681499165703583e-06
0.84120370621495644 1.3775538200401857e-06
0.26034854341525004 7.8777967157730711e-07
0.32249044096772983 8.3455856859776393e-07
0.24248285302833272 7.7419978586640904e-07
0.47986340055106513 9.5266498928675946e-07
0.68325835765881293 1.1408080125287419e-06
0.22825287546342055 7.6299313599676965e-07
0.33073574205486667 8.4058955086603237e-07
0.93038461758915048 1.6205521679660089e-06
0.048569289846958075 5.9462405949157834e-07
0.46076960523956623 9.3778352070288571e-07
0.71155804159677782 1.1734492689100294e-06
0.15045401155747407 6.9940372807330075e-07
0.047374020005481854 5.9298620451698848e-07
0.13820537163853075 6.8879606550046973e-07
0.91882319353068287 1.5796595694468809e-06
0.009259781821123414 5.1017826983332938e-07
0.18832197481135182 7.3154602931330584e-07
0.03128351290164455 5.6817429454577345e-07
0.11062946756220327 6.6370193219104999e-07
0.62014928662829627 1.0740996489157532e-06
0.24163890873908578 7.7353514756210176e-07
0.5692120504306768 1.0265213746503384e-06
0.59019538276612615 1.0461209999025819e-06
0.84943533308977903 1.3957196837929994e-06
0.0047413929118739206 4.8971076077423789e-07
0.85336945934236674 1.4044016615572571e-06
0.619119086426974 1.0731373833633656e-06
0.16274348610495759 7.1004675456928625e-07
0.77293738813528401 1.2568536674699198e-06
0.85549154179058573 1.4090847529087968e-06
0.2542634837541573 7.8316442322168015e-07
0.91879368090268088 1.5795551836859201e-06
0.45445743029865782 9.3286388940137744e-07
0.60342445433332148 1.0584777047865867e-06
0.98464953361764362 1.9412010003624479e-06
0.36153607863919934 8.6311829564244783e-07
0.81315934582011284 1.3225110081234919e-06
0.31839911782845964 8.3156599172932331e-07
0.799213522241491 1.2987991722476677e-06
0.60073391886264249 1.0559645917066355e-06
0.21635569522540143 7.5362365296313311e-07
0.41402609378923638 9.0221676855615534e-07
0.31763563436356168 8.3100754575018258e-07
0.07810839308036388 6.3215142761859869e-07
0.029834770099697483 5.648386795900549e-07
0.34647865540718092 8.521046223322294e-07
0.01903414781748658 5.3997110670742066e-07
0.16548775758177503 7.1242336993449928e-07
0.72518332085086878 1.1909571057554711e-06
0.70809123568358789 1.1694506058548289e-06
0.73858038645738266 1.2083646229209729e-06
0.31715317112997876 8.3065465054646846e-07
0.89001945711769548 1.4940364506704718e-06
0.59383054802844759 1.0495164509078118e-06
0.12602634174662652 6.7824868714559303e-07
0.14371866145553414 6.9357072770231538e-07
0.6930954269297015 1.1521542275894973e-06
0.17294393644207806 7.1888062804284223e-07
0.50729270158204331 9.7404304822741903e-07
0.99177447592871071 2.0757233721178392e-06
0.0040076047333394982 4.863868290602451e-07
0.016579801897556923 5.3432017063648958e-07
0.99308458193050653 2.0963136815756285e-06
0.58463883413416551 1.0409308676041813e-06
0.12690997551851313 6.7901393854919057e-07
0.89730219975409364 1.5138898881380827e-06
0.88038030012769219 1.4684685094568585e-06
0.53620041311137523 9.9843261201756405e-07
0.62179202986075655 1.0757006937580418e-06
0.27318719150087634 7.9751721775857483e-07
0.050519696372005152 5.9729666355023647e-07
0.59456760889086435 1.0502049076534099e-06
0.294755193202763 8.1387559219247736e-07
0.66362104666035193 1.1188770301164591e-06
0.83624517684260125 1.3675239745650897e-06
0.018160543914364058 5.3795970327493188e-07
0.59571377468572739 1.0512754916625237e-06
0.23128053968685225 7.6537753700654317e-07
0.87388849790380141 1.4525048586548716e-06
0.25366450656182848 7.8271012553917282e-07
0.61077013323541829 1.0653389864649586e-06
0.55354084008961146 1.0131122783971726e-06
0.39616650005924892 8.8880612056796273e-07
0.67762076359979406 1.1343055316721555e-06
0.72576963471543388 1.1917189344246407e-06
0.56693779531938682 1.0244535696769366e-06
0.7584222371847541 1.2354025768501425e-06
0.98341707599293759 1.927862414069671e-06
0.41927238790080512 9.0615617527707322e-07
0.51458305188553088 9.8013227539948871e-07
0.012469877941213237 5.2471944208257834e-07
0.79602855631037839 1.2933838313032718e-06
0.52023006704599384 9.8491279774188718e-07
0.4079614303605652 8.9766285385695279e-07
0.094071963089395805 6.4763857546310998e-07
0.88965642167539727 1.493046782105751e-06
0.39500724004055643 8.8793564007033731e-07
0.68258159820922037 1.1400274285917964e-06
0.14937415636815077 6.9846854346899641e-07
0.96154962954103251 1.7646171267047764e-06
0.17844176182183091 7.2364189761225541e-07
0.19954199289949037 7.4038222133618243e-07
0.85898286055771378 1.416789526461553e-06
0.91258274414193119 1.5597376531082785e-06
0.21214740752330141 7.5030946595103035e-07
0.4698008881748279 9.4482239124070024e-07
0.73349490456282984 1.2017567868489278e-06
0.87836573381080163 1.4635145949518953e-06
0.37905269503730521 8.7595548027022249e-07
0.51701948684942922 9.8219485739187744e-07
0.74171641051973491 1.2124394251426088e-06
0.73113597665279539 1.1986917068312454e-06
0.78296013002608489 1.2716656901137742e-06
0.56993381864152637 1.0271955471900231e-06
0.10461509680477521 6.5786705634189512e-07
0.90397329087804001 1.5330468712400848e-06
0.86557253932102818 1.4320555205018046e-06
0.79809743581833303 1.2969015103462417e-06
0.09986247716072949 6.5325627548057023e-07
0.20439736708142919 7.4420601362221135e-07
0.74360036510765193 1.2148873471571318e-06
0.023140094581946435 5.4942472222599991e-07
0.97922463370727963 1.8893246380026981e-06
0.37714468035568072 8.7453512556651458e-07
0.7193125336908236 1.1833288809437776e-06
0.88757108848804334 1.487361968828491e-06
0.39462988815008226 8.8765228909117518e-07
0.31913248859966603 8.3210241193647762e-07
0.60874112889824672 1.0634437810701245e-06
0.58098937374805071 1.0375220641406856e-06
0.40913997762479715 8.9854781701664248e-07
0.60177475586770846 1.0569367926383959e-06
0.93538136956649476 1.6403947320147665e-06
0.46764025662659647 9.4313842165886612e-07
0.19674218075063132 7.3817726252230537e-07
0.37720598288300389 8.7457996497885109e-07
0.3941069825931186 8.8725964284952321e-07
0.13110869302621986 6.8265014459779089e-07
0.1628715005545549 7.1015761864029824e-07
0.68456207339367725 1.1423117367273339e-06
0.33947775420890269 8.4698384984102406e-07
0.9548983918558076 1.7278542918660136e-06
0.24359674535860742 7.7507417438571002e-07
0.098924505104822313 6.5234629657888116e-07
0.75350456300025792 1.228135034478059e-06
0.88103605191787004 1.4700810343351815e-06
0.27811335687148786 8.012534961013542e-07
0.20208810164547797 7.4238737904751054e-07
0.18576613487108717 7.2953320791546954e-07
0.52201230136651233 9.8642156135355236e-07
0.46841664124677096 9.4374352625675462e-07
0.25943983985453423 7.8709046015656109e-07
0.045173116989426387 5.899703499974898e-07
0.48149134032628071 9.539337854703406e-07
0.95933234763560837 1.752361728185316e-06
0.65251920075266323 1.1074175919134e-06
0.49550655662861842 9.6485707220809185e-07
0.11069207402961612 6.6376267020994528e-07
0.25243629054958727 7.8177857806937643e-07
0.29477394957454273 8.1388981807009162e-07
0.76480355260723432 1.2448331487999306e-06
0.87671079726461931 1.4594450271783304e-06
0.90164185356643844 1.5258190156706359e-06
0.9845686082507541 1.9403251649845069e-06
0.98236668310453246 1.91786202534237e-06
0.95299913276798143 1.7184742364617478e-06
0.07182214050288438 6.2605278408207893e-07
0.13779353592780519 6.8843940432961911e-07
0.30446652647603289 8.2124120854082329e-07
0.55289825406446147 1.0125682924571933e-06
0.096977888705479298 6.5045777565554653e-07
0.84579695780214248 1.3876903803804545e-06
0.61675617907730906 1.0709302935732963e-06
0.54236440230220495 1.0036507825391125e-06
0.16531132336729115 7.1227057300145756e-07
0.25325547440019736 7.8239989275321732e-07
0.16031202498225805 7.0794104166407906e-07
0.85193315779479861 1.4012319772873247e-06
0.58422786006121818 1.0405469944571812e-06
0.73512942751963339 1.2038806091293926e-06
0.29603286291002573 8.1484464810053729e-07
0.37125263708827716 8.7022542139755242e-07
0.40485496442653379 8.9533022962381266e-07
0.76001497174403487 1.237756385879124e-06
0.77235298767456806 1.2559900162902815e-06
0.2068135275140317 7.4610883208229222e-07
0.94153885673809901 1.6657456256684284e-06
0.12065533744368639 6.7342858663216252e-07
0.89612208242363034 1.5106727779373595e-06
0.1003956456498093 6.5377353190953573e-07
0.26453981115131109 7.9095856259961384e-07
0.84647853606795698 1.3891945129294571e-06
0.17949207234608744 7.2455149571553345e-07
0.41356793130996983 9.0187273745311158e-07
0.44985929994412621 9.2928016331134705e-07
0.24525897302320965 7.7633490047929037e-07
0.71024520133598656 1.1719350203539644e-06
0.85133464940220382 1.3999111664585385e-06
0.87457513985557178 1.4541933439115109e-06
0.33932214573656094 8.4687003083944154e-07
0.53085039428781444 9.9390351411512677e-07
0.24840640386565149 7.7872208743045677e-07
0.24479650155014543 7.7598413634147404e-07
0.16125406285192412 7.0875687263946693e-07
0.94001901080751471 1.6594882918758587e-06
0.88798882860557993 1.4885007674535825e-06
0.77735871332769224 1.2633876847657161e-06
0.51766152128772902 9.8273837638193966e-07
0.49060791551187188 9.6103913173616095e-07
0.52974566618249797 9.9296829838793754e-07
0.53656801357708928 9.9874380690362105e-07
0.43456308469769034 9.1763785595455161e-07
0.13175483289206746 6.8320971967854473e-07
0.12566385286853599 6.7793476170320643e-07
0.9522497158456833 1.7149376930012736e-06
0.48203075958635055 9.5435420218903405e-07
0.95320552490518895 1.7194482133515359e-06
0.16357687771010998 7.1076849486020727e-07
0.55441655203993356 1.0138536188088879e-06
0.20771725335153923 7.4682055063510763e-07
0.25318460612660154 7.8234614230516987e-07
0.030054578761178785 5.6534477153242596e-07
0.11895331074021132 6.7177735578736327e-07
0.91684840762919573 1.572961941593496e-06
0.32153299148233172 8.3385824718946425e-07
0.60812921191459157 1.0628722158214122e-06
0.46501413198927299 9.4109165250427426e-07
0.40045124524527831 8.9202350671222101e-07
0.53188609134606812 9.9478029110017961e-07
0.18723894461534152 7.3069310174194688e-07
0.98860389851957653 1.9855082949949813e-06
0.81830786870386296 1.3322466179492511e-06
0.74161463273151529 1.2123071798698352e-06
0.46875929701395247 9.4401058793575579e-07
0.15287712212633597 7.0150220916681334e-07
0.92066585827356784 1.5861770494004821e-06
0.34138706738172764 8.4838040695497149e-07
0.050106689696933771 5.9673072855059737e-07
0.34240367681062867 8.4912400059390136e-07
0.79445703049588434 1.2907117939024095e-06
0.62270874498820816 1.0766469364315747e-06
0.75083858474485965 1.2242923494377133e-06
0.79363538386237742 1.2893147627402266e-06
0.21195461108054259 7.5015763140173097e-07
0.92378331609318021 1.5972034550035494e-06
0.43798960292037259 9.2021080528387262e-07
0.6390136492641646 1.0934770243746722e-06
0.0023087725867420028 4.7869141747688586e-07
0.99336849841117802 2.1007758611161996e-06
0.28089638596415512 8.0336430045808388e-07
0.062063106540155233 6.1311437358656285e-07
0.45826204153651395 9.3582915647826455e-07
0.12903005718204175 6.8084998818918171e-07
0.15232671015757571 7.0102553710531979e-07
0.63228281303021017 1.0865293867908634e-06
0.39292739157023326 8.8637389593852909e-07
0.92185245015499506 1.590374008630407e-06
0.31915649460807005 8.3211997100551425e-07
0.72618012838390111 1.192252310597457e-06
0.46109943015490762 9.380405821742045e-07
0.6599513011292788 1.1150890814740481e-06
0.59969535671599039 1.054994515621954e-06
0.47278397275899819 9.471473705755124e-07
0.95006109462443711 1.7046094580266512e-06
0.34271364275495586 8.4935072355941205e-07
0.17723550124927256 7.2259724243312651e-07
0.67809406087982826 1.1348514394602435e-06
0.84600756130790877 1.3881551481171114e-06
0.040253739939923761 5.8322942347795146e-07
0.44963268842268056 9.2910354508631009e-07
0.89248768968732628 1.5007650834703974e-06
0.74961861892286752 1.2227071832071824e-06
0.99180771649762822 2.0762457982418525e-06
0.53141381159724377 9.9438047919478135e-07
0.65999571880115127 1.115134929846488e-06
0.30248028113792813 8.1973472938677763e-07
0.94753559966599232 1.6926914956561732e-06
0.3663354885565363 8.6662879887376918e-07
0.7385107126866286 1.2082740920990745e-06
0.40314020411908191 8.9404262772115854e-07
0.56181893006299932 1.020120156532021e-06
0.71978253502154621 1.1839395785750846e-06
0.50893415175135426 9.7535015731868741e-07
0.90708632690950852 1.5426978169060815e-06
0.41930098792781023 9.0617765084367439e-07
0.64707179814332516 1.1017947275638182e-06
0.34236243330005411 8.4909383324424017e-07
0.40815666823101304 8.9780945665173775e-07
0.4400501082335524 9.21758024769972e-07
0.12580701831228525 6.7805874695621663e-07
0.091723679059006691 6.4536037441290848e-07
0.66748992314675792 1.1228705237552542e-06
0.65551773834305227 1.1105127128961921e-06
0.66290971421009526 1.118142785530169e-06
0.019766445342691674 5.4165716345526229e-07
0.32654684267177991 8.375256023654289e-07
0.19780984725919692 7.3901809060404028e-07
0.77815142254401237 1.2645591832428846e-06
0.86063040139613012 1.4204253815425708e-06
0.24668037722614733 7.7741297263891685e-07
0.66784915884798635 1.1232413304979157e-06
0.12936280345827444 6.8113815571178016e-07
0.27515252560171333 7.9900783666493351e-07
0.13865449623341952 6.8918501988130441e-07
0.2835207665992292 8.0535477698340198e-07
0.6747365473492779 1.1309788357875461e-06
0.91032691018525247 1.5527441809070759e-06
0.20252240792418597 7.4272941180051142e-07
0.54207903495071919 1.0034092027025432e-06
0.70139110124343229 1.1617225758694188e-06
0.95292246848556572 1.7181124531091678e-06
0.61006048288717385 1.0646761326978179e-06
0.25510693102738069 7.8380414063738478e-07
0.62547815691393627 1.0795055515740996e-06
0.32049116167801617 8.3309620623911223e-07
0.97612839069170776 1.8631145166068933e-06
0.39967613516363687 8.914414818008963e-07
0.68542772076101421 1.1433101866646185e-06
0.02322758234675848 5.4962615583889318e-07
0.40006144613475536 8.9173080919981595e-07
0.87510761332251163 1.4555027215225953e-06
0.61022744443324584 1.0648320842732034e-06
0.44394288639597634 9.2468108553057234e-07
0.93593749943572591 1.6426843655583845e-06
0.85398437614722911 1.4057586830873038e-06
0.32221567382293825 8.3435759160970396e-07
0.54454840204133959 1.0054996636297505e-06
0.48982425609246272 9.6042835724946836e-07
0.63220250011486234 1.0864464869832108e-06
0.33411126695875559 8.4305856086655393e-07
0.24420500076588825 7.7553550918349411e-07
0.91267183525553608 1.5600138508419479e-06
0.92387449949850631 1.5975259694591001e-06
0.843322885761979 1.3822305051601963e-06
0.97820443076456132 1.8800587344917984e-06
0.74499152577968852 1.2166949559268217e-06
0.76466722856199965 1.2446316834856567e-06
0.76259009196264071 1.241562005080357e-06
0.48060763094230652 9.5324503327517234e-07
0.45645219451427166 9.3441858402979499e-07
0.24022627614900316 7.724226455388707e-07
0.64481919435929047 1.0994695670388242e-06
0.28932013610233454 8.0975334200224899e-07
0.25780840970235441 7.85853092612688e-07
0.58596137409605475 1.042166195111736e-06
0.40998238822504318 8.9918037743163399e-07
0.2188566087946322 7.5559321774963758e-07
0.81605601675283113 1.3278178941012697e-06
0.86056991929437598 1.4202919073658792e-06
0.16769951967778096 7.1433881737691481e-07
0.0075070327999998687 5.0223862426746798e-07
0.33612996852937371 8.4453512955078506e-07
0.79751083568075254 1.2959041245619868e-06
0.83917386623432444 1.3732838365962109e-06
0.13832907011604922 6.8890319181971604e-07
0.77433590118305118 1.2589204479135296e-06
0.11570416730942945 6.6862518088838585e-07
0.39006259015652922 8.8422273595717109e-07
0.99860951501191586 2.3208203418144436e-06
0.19259082323090981 7.3490791019936662e-07
0.15396358257762643 7.0244311411154858e-07
0.4228003325467935 9.0880528502080376e-07
0.61966852596986144 1.0736505911307118e-06
0.93290078241325325 1.6301819456348833e-06
0.98082114553303423 1.9038248162633456e-06
0.069640636591394633 6.2349771537171079e-07
0.13799751734790533 6.886160579082914e-07
0.79073797389599387 1.2843883480899522e-06
0.27063215227086046 7.9557933361911591e-07
0.88484905950636061 1.4799414632757109e-06
0.66345325722908677 1.1187038361598238e-06
0.11184480238067718 6.6488099614752325e-07
0.83252928492400713 1.3602159190115891e-06
0.17635638000807585 7.2183589900651465e-07
0.4234953946796538 9.0932720246946665e-07
0.55218492855932999 1.0119644214885868e-06
0.50076614908027828 9.6895633369887656e-07
0.68616291561515041 1.1441581708250305e-06
0.65268673486925521 1.1075905223316345e-06
0.99204200552805488 2.079928006881793e-06
0.99942190922418783 2.4154889913482889e-06
0.51645940263564094 9.817207139689262e-07
0.095199086960863988 6.4873206106981507e-07
0.72784329896871836 1.1944133562588508e-06
0.97666407821658918 1.8673058656652081e-06
0.31832638762902032 8.3151279360610727e-07
0.4612088858375738 9.3812589058336818e-07
0.42477692481545593 9.1028949477002706e-07
0.051419154556929358 5.9852917357558294e-07
0.67226443122344481 1.1281274620250505e-06
0.35333769506846779 8.5712163094566922e-07
0.78746387463150225 1.2788214553235907e-06
0.83212007528198606 1.359411125206378e-06
0.82123078659784543 1.3379951291588091e-06
0.41666599803988014 9.0419905478075582e-07
0.32154568224089952 8.3386752977830895e-07
0.74882077966705485 1.2216705083898167e-06
0.80138943384272299 1.3024988360558206e-06
0.49125744639136615 9.6154536809303795e-07
0.89303101953630304 1.5022462514478343e-06
0.14390869607855827 6.9373530296712324e-07
0.87906877965896013 1.4652434181708905e-06
0.096095232971881273 6.49601462197197e-07
0.15352552205461389 7.0206374152444139e-07
0.53384001327396036 9.9643439812241484e-07
0.06751848018741502 6.205897658004047e-07
0.052807101400110357 6.0043105009140204e-07
0.00051874416570552029 4.2980969756656802e-07
0.43631665969426314 9.1895460354441674e-07
0.77462388129222981 1.2593460368336681e-06
0.034838350279915664 5.7580882054277435e-07
0.6522576064658554 1.107147571631289e-06
0.8231273174161865 1.3417250418912026e-06
0.16800084857787112 7.1459977657865081e-07
0.14686373482140425 6.9629444864216859e-07
0.86080097362053609 1.420801806742072e-06
0.82312460995009473 1.3417197171096857e-06
0.53894176626418688 1.0007533247521738e-06
0.8191998792939803 1.3340009377975408e-06
0.092756077424494765 6.4636196153356505e-07
0.39448151793875441 8.8754087890423957e-07
0.73779755610637288 1.2073474499688415e-06
0.25745195932396336 7.8558274078142316e-07
0.75232891443355276 1.2263976123852848e-06
0.50417860439081386 9.7161595928243077e-07
0.75026598794823307 1.223548344081694e-06
0.46467963785732957 9.4083095190312103e-07
0.36790434022181762 8.677763272023121e-07
0.21918921647863232 7.5585515898190844e-07
0.20837934143501502 7.4734197024385445e-07
0.751490810571396 1.2251590278223558e-06
0.1189103480339605 6.7173567527460013e-07
0.085982350110945127 6.3979039162132151e-07
0.17629136502213016 7.2177959422184852e-07
0.17534651145392188 7.2096132477327179e-07
0.82310762280689975 1.3416863084452563e-06
0.3985066234742124 8.9056330339314141e-07
0.99038845736048242 2.0080636212121377e-06
0.13721125779061238 6.8793513528066742e-07
0.65353982569364333 1.1084710913527646e-06
0.4487295072012506 9.2839961678117302e-07
0.39291817669707396 8.8636697655267614e-07
0.8750841990540823 1.4554451447215625e-06
0.97559564582839964 1.8589461916461007e-06
0.87285895877417874 1.4499731729094567e-06
0.19230067903513304 7.3467941058304982e-07
0.22079792120893404 7.5712207529107943e-07
0.65607387909506332 1.1110867670339334e-06
0.2890835816381917 8.0957392591391839e-07
0.73472513078057988 1.2033552849552984e-06
0.56642065080964465 1.0240157771772137e-06
0.55090876849040293 1.0108840787679408e-06
0.82854692483878578 1.3523837997319057e-06
0.71053277174267782 1.1722667081351089e-06
0.026577764997291697 5.5733968465745851e-07
0.049459137146015686 5.9584339990728469e-07
0.60155845245601569 1.0567347529555568e-06
0.48619207562227551 9.5759748058633052e-07
0.2601846553429914 7.8765536973013952e-07
0.41865608731480164 9.0569339934057855e-07
0.75791031873286052 1.2346460425819887e-06
0.82661148465793 1.3485773638419396e-06
0.56122306789004417 1.0196157250138013e-06
0.38536948085710299 8.8069871196557042e-07
0.27069676149510702 7.95628336855332e-07
0.52191847076925346 9.8634212836924995e-07
0.314749618564381 8.288965846188839e-07
0.56409513704722292 1.0220470963462062e-06
0.67665238250963766 1.1331885872035221e-06
0.066079210919394837 6.186175631658181e-07
0.0010674650227472382 4.5523939184906038e-07
0.21227713884074295 7.5041163430969876e-07
0.89451149771878102 1.5062821734191927e-06
0.64629076322855916 1.1009885353850929e-06
0.17196035193702286 7.1802881652658119e-07
0.89026396182361878 1.4947029933635123e-06
0.46995594028734 9.4494323694494972e-07
0.47609175667866066 9.49725416567922e-07
0.9355419438426551 1.6410558298433136e-06
0.059486692183340018 6.0958396319345609e-07
0.21517827462871852 7.5269638935248179e-07
0.58577132515472241 1.0419886785967158e-06
0.19548650958200409 7.371883736028384e-07
0.67952700920895781 1.1365042223639249e-06
0.2140922893367202 7.518411345303651e-07
0.099156970598814342 6.5257182429430856e-07
0.20698515964083974 7.4624399892586206e-07
0.42273403427206224 9.087555020952743e-07
0.17613829917307988 7.2164703494270452e-07
0.13469202492334731 6.8575340960539429e-07
0.86028188621894086 1.4196562651429959e-06
0.32039720359730783 8.3302748109339296e-07
0.3607586865182536 8.6254967624973347e-07
0.055270409501227635 6.0380647318613996e-07
0.35736962350205415 8.600707638679128e-07
0.26480717732157966 7.9116134800294706e-07
0.61048506734178853 1.0650727187150122e-06
0.20539029767240669 7.4498798431943687e-07
0.88836545306284054 1.4895274809438582e-06
0.9296666209195551 1.6180126235812206e-06
0.099831057176790194 6.5322579320522297e-07
0.10740295628857721 6.6057171400750097e-07
0.11532643811098797 6.6825872476747157e-07
0.61956925631031201 1.0735578676254563e-06
0.12196896420962289 6.7470300907808499e-07
0.85238231793026631 1.4022232007657671e-06
0.75427151493789246 1.2292684677831128e-06
0.81980885823802407 1.3351986184759571e-06
0.5260605268860209 9.8984861653105111e-07
0.99667721151915345 2.2117171505714687e-06
0.044175102944161271 5.8860279079702574e-07
0.40126496418611335 8.926345227544584e-07
0.32393666893763617 8.3561640446697021e-07
0.94864549871264103 1.6979291759092093e-06
0.57686095849759289 1.0336658896064853e-06
0.80619096544472524 1.3106627948681056e-06
0.17034119365851885 7.1662658045922708e-07
0.9786341439004389 1.8839615662595629e-06
0.49863954687631518 9.672988861682845e-07
0.4936720762706458 9.6342730084155465e-07
0.97088472854573782 1.822622114394227e-06
0.38073236121714504 8.7721673023010715e-07
0.39752502455499295 8.8982622741200434e-07
0.58475270280493663 1.0410372274158359e-06
0.12805261054778694 6.8000349223961198e-07
0.3210856264118549 8.3353102435321172e-07
0.19320832244513053 7.3539421437356372e-07
0.1032834791070496 6.5657517989161637e-07
0.86614460633102008 1.4334622605206608e-06
0.58933116612747605 1.0453137724334883e-06
0.35867279152791121 8.6102395929079189e-07
0.40866937736671283 8.9819444646971196e-07
0.43151900368735463 9.1535207613814902e-07
0.63314918214470939 1.0874236617980284e-06
0.92676939148899329 1.607765162773398e-06
0.93277961965698253 1.6296831083554218e-06
0.39149197953066339 8.8529605475850477e-07
0.32926245959776956 8.3951192613395723e-07
0.45104650018525505 9.3020545253765849e-07
0.56793423042849256 1.0253278181273682e-06
0.46181791144974826 9.3860055763444378e-07
0.65875340981670094 1.1138526058838979e-06
0.55439902337976366 1.0138387797923113e-06
0.32071554669407609 8.3326033148315376e-07
0.3457308057626326 8.5155761162904986e-07
0.37859278755973091 8.7561013885976636e-07
0.094639768249388689 6.4818943485450621e-07
0.16606263241397312 7.1292122751557975e-07
0.72311380214538612 1.1882680704511652e-06
0.38909671152208003 8.8349746423141152e-07
0.21453897256014365 7.5219291459921715e-07
0.56267241057485728 1.020842676755502e-06
0.75553954247342725 1.2311424113380805e-06
0.25742236234537141 7.8556029278347636e-07
0.82678988192374447 1.3489282182687439e-06
0.92750485962504958 1.6103665034957231e-06
0.59739452907384072 1.0528454118077827e-06
0.6689476589915796 1.1243752135130673e-06
0.052575990323055377 6.0011436308558759e-07
0.94551989102190648 1.6831792455169546e-06
0.39248473426494379 8.8604150756562496e-07
0.92390040054542988 1.5976175811072599e-06
0.57897752475024256 1.0356428828080559e-06
0.0046187988433276095 4.8915543115145438e-07
0.038541999323435716 5.8088385866351597e-07
0.68041880566992197 1.1375328330362584e-06
0.5626680138319331 1.0208389546603447e-06
0.026532437206074344 5.5723532102708107e-07
0.74345996122238533 1.2147049129499204e-06
0.85214533706918172 1.401700222489425e-06
0.49641748243930828 9.6556703655058452e-07
0.46575744035725497 9.4167097787913008e-07
0.0054731088346274825 4.93025305533097e-07
0.78664971249359927 1.2774371499162099e-06
0.33071606674610543 8.4057515946455314e-07
0.87876361978253958 1.4644930155033496e-06
0.37306058755805305 8.7154783729357551e-07
0.56507791063070556 1.0228790705732726e-06
0.27034178819932753 7.9535910532583487e-07
0.16058831258491868 7.0818031440631621e-07
0.77490790338132798 1.2597657764279739e-06
0.4965904788462816 9.657018678166319e-07
0.53648792375225074 9.9867600627157746e-07
0.96541595348173548 1.7876953862999594e-06
0.96357991222215367 1.7759693757961849e-06
0.8556421217024035 1.4094170583210306e-06
0.18760929276503358 7.3098476502985682e-07
0.59427269430157992 1.0499294406618478e-06
0.87814742465553741 1.4629777623434264e-06
0.37446393644893772 8.7257430948515178e-07
0.10110616593558497 6.544628471883931e-07
0.81096290223992185 1.3187764341565705e-06
0.48176355136217164 9.5414594339456193e-07
0.56439268035917856 1.0222989838319341e-06
0.98214429631784439 1.915842216908903e-06
0.60721143049407211 1.0620149558010262e-06
0.42497938566610138 9.1044152125172904e-07
0.36998436784719779 8.6929775250790169e-07
0.41761929265404563 9.0491487725090247e-07
0.11839908317866876 6.7123966877999233e-07
0.79475055841757181 1.2912108742087668e-06
0.83771685818704111 1.3704183345889641e-06
0.28439713457340887 8.0601946329331891e-07
0.3037966184099441 8.2073311293081528e-07
0.87433425633481321 1.4536009998633217e-06
0.023970355527955456 5.5133633195060717e-07
0.52045744376722769 9.8510528518261703e-07
0.46367571468150104 9.4004850656116641e-07
0.69012676957845975 1.1487301361430172e-06
0.16339170014945448 7.1060812594639389e-07
0.66833074079515375 1.1237384242793608e-06
0.37673400787487643 8.7423474133267977e-07
0.61871477816964204 1.0727597364670857e-06
0.040095009872775922 5.8301191875970809e-07
0.46172719718450939 9.3852985605488676e-07
0.52225089398237212 9.8662354369261796e-07
0.21432640285498661 7.5202550785189656e-07
0.1396236541791207 6.9002433759623511e-07
0.18847430301230139 7.3166599357927388e-07
0.34414107806334804 8.5039481363484227e-07
0.096810149304971449 6.5029504232625089e-07
0.94731979572960445 1.6916731039208535e-06
0.40499406149581729 8.9543467667118408e-07
0.80896960250674899 1.3153872620608634e-06
0.97441712310884665 1.8497251441858405e-06
0.080735280002739107 6.3469991684216351e-07
0.65166946793499403 1.1065404890609414e-06
0.87140908674121398 1.4464078685388709e-06
0.63423443396672829 1.0885438697609734e-06
0.42902612135741269 9.1348018767818353e-07
0.43107635763793828 9.1501969621720392e-07
0.03589888600735891 5.7726205198612608e-07
0.53460075128927531 9.9707840650128148e-07
0.99354299678684743 2.1035183686308511e-06
0.95870752597193409 1.7489082031855459e-06
0.040399228842163182 5.8342878408591774e-07
0.70579700362948816 1.1668044061007894e-06
0.30176486669693081 8.1919211920605646e-07
0.90298915340613672 1.5299958762714432e-06
0.045114745709278536 5.8989036496963593e-07
0.93587410201108057 1.6424233530178288e-06
0.83747574378777689 1.3699441341915427e-06
0.11750438225260151 6.7037166960995807e-07
0.059824337317299192 6.1004663174168793e-07
0.83470766432693588 1.3645001441833556e-06
0.15575767097457938 7.0399684452297777e-07
0.53489815297587051 9.9733017409301559e-07
0.91574485787870952 1.569540748078867e-06
0.56744811354932334 1.0248855833391319e-06
0.3972333014728241 8.8960717452512771e-07
0.4450160548539922 9.2550539781936426e-07
0.063117170703871017 6.1455873717223371e-07
0.96875232136159883 1.8090033414450653e-06
0.31065418508108278 8.2590100126084531e-07
0.18936349167285382 7.3236626355098729e-07
0.28604730184039528 8.0727104210924477e-07
0.96437319489147888 1.7810357330277692e-06
0.094286053488007004 6.478462764756971e-07
0.86730304050118134 1.4363109053086194e-06
0.70784389440144779 1.1691653189158755e-06
0.83001917915902812 1.3552792866289743e-06
0.97589754036789633 1.861308287709678e-06
0.84215465551687185 1.3796524107218487e-06
0.94338235127785286 1.6733354480628498e-06
0.12693525679091977 6.7903583283368873e-07
0.79578856516697005 1.2929757786291453e-06
0.54567569408104777 1.006453981022054e-06
0.54349559507986067 1.0046084021299017e-06
0.89892157632051362 1.5183044600930561e-06
0.97180381864671128 1.8292780165457392e-06
0.70483832304318095 1.1656986503307245e-06
0.48293838947178391 9.5506159772803022e-07
0.45640385790184534 9.3438091107020072e-07
0.38634145722318181 8.8142856243671737e-07
0.36159902957266266 8.6316434077281685e-07
0.39150684168443139 8.8530721464912395e-07
0.089753235251195274 6.4344873719431574e-07
0.077436085260438214 6.3149918437987968e-07
0.77986984387231173 1.2670987373792445e-06
0.44607289292022612 9.2632908437430648e-07
0.93068448854462049 1.621612807427685e-06
0.61222100859395245 1.066694186528532e-06
0.035175982184419752 5.7627147096294173e-07
0.15752334131747947 7.0552596410982853e-07
0.20581979301300757 7.4532622827525484e-07
0.97573602438966056 1.8600445475405725e-06
0.21870422615163487 7.5547321060848139e-07
0.5157556762880513 9.8112496923795025e-07
0.93617693164019611 1.6436701281241237e-06
0.97719272991435735 1.8714421647065335e-06
0.23636043538354456 7.693781485456289e-07
0.04911764375004013 5.9537545816059307e-07
0.1536018325377585 7.0212982852359597e-07
0.063328478702558089 6.1484828840561291e-07
0.19512424109233639 7.3690307335524564e-07
0.56856971470373541 1.025921396566166e-06
0.9124487962956418 1.5593223918091645e-06
0.53721888369434001 9.9929480580288052e-07
0.62598955669908074 1.0800334236310214e-06
0.20186725160954111 7.4221345122400194e-07
0.80058362067385014 1.301128726252038e-06
0.61778890850558321 1.0718949215674371e-06
0.86413682919272483 1.4285250409291576e-06
0.94884310700578411 1.6988617013113683e-06
0.34790077575659228 8.531448248087676e-07
0.09057905853543935 6.4424991433008749e-07
0.22592895791678247 7.6116296232627129e-07
0.43784156567583721 9.2009964511944676e-07
0.94569365182447329 1.6839992331789892e-06
0.37830982237341526 8.7539766221757821e-07
0.77077321366536999 1.2536553608984379e-06
0.540476692170755 1.0020527276016031e-06
0.18280877043097654 7.2720417066533632e-07
0.32073411895345161 8.332739160649406e-07
0.65319188502281866 1.1081119434553067e-06
0.67285339468489347 1.1288067808254475e-06
0.43475974680904617 9.1778552820218946e-07
0.22864560266211464 7.6330242363900045e-07
0.72190677951267634 1.186699721992244e-06
0.16887304161271477 7.1535511998601845e-07
0.93666969186512661 1.6456988635012065e-06
0.1879035790364767 7.3121652668868321e-07
0.10731236283252044 6.6048382425308502e-07
0.49764770236537881 9.6652585478878202e-07
0.51954959810969403 9.8433674174400983e-07
0.5081929147782448 9.7474466329029733e-07
0.43666748933883948 9.192180391487405e-07
0.99481489282960833 2.1235081504368164e-06
0.48628061267058187 9.5766648526986177e-07
0.47794658073983098 9.5117104356583462e-07
0.4217660627145613 9.0802865880776822e-07
0.066825754701462903 6.1964053756438509e-07
0.59295663114961605 1.048700162862954e-06
0.22796777222318243 7.6276860632513282e-07
0.63760898022904988 1.0920271107172956e-06
0.050833461948477154 5.977266104061239e-07
0.98138710125300166 1.9089650593199746e-06
0.46900507901267219 9.4420214739435266e-07
0.8967553715906984 1.5123991834283984e-06
0.47556117323293479 9.4931188637395698e-07
0.060330818574221734 6.107406531395362e-07
0.82221354609380692 1.3399279251468404e-06
0.64818372966713433 1.1029424745861671e-06
0.78175704757394515 1.2698877250900639e-06
0.42816986350887332 9.1283722945822092e-07
0.63793674424664493 1.0923654320681816e-06
0.85622900379660749 1.4107122117972997e-06
0.63106544287188748 1.0852728049381208e-06
0.3476736348359033 8.5297868377272835e-07
0.66252959436619985 1.1177504219631463e-06
0.67185418861406732 1.127654282387406e-06
0.96058696250662501 1.7592962569861585e-06
0.3709123215416692 8.6997649937450949e-07
0.42508176751413118 9.1051839908809338e-07
0.81212296118705918 1.3207488617586927e-06
0.50576231474274125 9.7285028359897829e-07
0.73657309311573305 1.2057564403288109e-06
0.45970946445359206 9.3695726004891007e-07
0.21549514181270046 7.5294593434086035e-07
0.74520384278101082 1.2169708306559303e-06
0.13115516918470993 6.826903942426664e-07
0.19858366353130807 7.3962750042112688e-07
0.62682498278420862 1.0808957589287142e-06
0.74726980019206979 1.2196552385817016e-06
0.89468788686781497 1.5067630267343721e-06
0.27258649741589169 7.970616178889982e-07
0.11072425860055435 6.6379389425369937e-07
0.95604665952262913 1.734201016578592e-06
0.15442308802214244 7.0284105859665555e-07
0.19766698225463952 7.3890557896602841e-07
0.29132945355846573 8.112773203363704e-07
0.52939135402628745 9.9266835281831939e-07
0.88282556603407802 1.4744815347618949e-06
0.76054602272986693 1.2385411949975156e-06
0.70815755384263512 1.1695270981590165e-06
0.17518056785600367 7.2081761300572148e-07
0.35768263152597424 8.6029971194659887e-07
0.47840492608667795 9.5152827227643881e-07
0.14742595348558585 6.9678134563001816e-07
0.2734297021266725 7.977011513318287e-07
0.30833320395284425 8.2417391222172496e-07
0.12727619832903925 6.7933109768083634e-07
0.55023969190825761 1.010317667051515e-06
0.70502819652419291 1.1659176530936989e-06
0.069931631476861211 6.23896459993388e-07
0.48112310176314976 9.5364678487568643e-07
0.78221119526779503 1.2705588833417928e-06
0.74799012895244688 1.2205911999055733e-06
0.81507309621875412 1.3258847813991033e-06
0.44824063317060703 9.2801859439092514e-07
0.82055708263986071 1.3366701536053146e-06
0.24075307121426948 7.7283751673754713e-07
0.36081056141751533 8.6258761987293287e-07
0.17635557641780131 7.2183520307500426e-07
0.46748453942857182 9.4301705759517072e-07
0.39206002241544324 8.8572259431394774e-07
0.24092711641431219 7.7297458396829098e-07
0.75178070923078155 1.2255874520553676e-06
0.31384677211164658 8.2823620231266273e-07
0.27280433014583572 7.9722683437078613e-07
0.13089033085049506 6.8246103688509092e-07
0.43882170180194868 9.208356226991451e-07
0.30296462883730202 8.201020856737472e-07
0.36927284134096861 8.687773101738837e-07
0.23599726262055265 7.6909213614831667e-07
0.76315548981990045 1.2423975734264008e-06
0.93000334735471735 1.6192036203696986e-06
0.49793185278888763 9.6674731812446547e-07
0.64299842334083257 1.0975901486843064e-06
0.86717227660670604 1.4359893506652525e-06
0.99882963733365859 2.3809576295759495e-06
0.61351648472983211 1.0679042348840818e-06
0.88977946653986872 1.4933822139127584e-06
0.90860824655564199 1.5474160288587774e-06
0.79145148780762231 1.2856015231077106e-06
0.46093139107311021 9.3790961458626103e-07
0.081154000423899308 6.3510614082992775e-07
0.015805555440133845 5.3253752981209926e-07
0.47720063328292461 9.5058966131761875e-07
0.49431453353461774 9.6392802410973186e-07
0.4073623878629723 8.9721303690217545e-07
0.56816735129136453 1.0255455662656394e-06
0.55216270330442707 1.0119456065350919e-06
0.83661304103269296 1.3682474541485192e-06
0.10865710326226241 6.6178843179614217e-07
0.22517766610554546 7.6057129138089876e-07
0.7930049789596304 1.2882428964926019e-06
0.84783686722365459 1.3921921292063899e-06
0.99482421362086781 2.1236546408552719e-06
0.87291201638708416 1.450103644106144e-06
0.88989900707233105 1.4937080925830032e-06
0.31434794262990484 8.2860278086171173e-07
0.40166163400937638 8.9293237943853213e-07
0.26808510482055103 7.9364751089075275e-07
0.60629939819271561 1.0611630657847617e-06
0.93880535420703837 1.6544915653617335e-06
0.34464088651161773 8.5076039590493631e-07
0.55700178188145022 1.0160421642025916e-06
0.29629963045348506 8.1504697947193826e-07
0.1697999737727075 7.1615786899702509e-07
0.19518552981865567 7.3695134056393811e-07
0.057945344538129939 6.0747188454754802e-07
0.9492935230092574 1.7009872414802394e-06
0.40287960850762961 8.9384694824125041e-07
0.83412089200210815 1.3633461373281938e-06
0.68132947268969113 1.1385832092784606e-06
0.19192116141108539 7.3438052598448605e-07
0.17546224657908782 7.210615546080705e-07
0.81198820151054485 1.3205197322767249e-06
0.26471171061953735 7.9108894073594282e-07
0.91328518370197576 1.5619153362314765e-06
0.14005540468949063 6.9039824553703178e-07
0.6777086144544695 1.1344068600925388e-06
0.81447387603093391 1.3247460804687769e-06
0.235256388415645 7.6850866946511408e-07
0.27620736345656605 7.9980788447813577e-07
0.96451888613920167 1.7819662007349572e-06
0.26459760534615828 7.9100239693774503e-07
0.42995704990004779 9.1417921561667901e-07
0.4325155932423661 9.1610040848618717e-07
0.25303474992968356 7.8223248301422993e-07
0.77579108643709049 1.2610709808883051e-06
0.77184934322915522 1.2552457096912305e-06
0.37831801422378564 8.7540381342254681e-07
0.8351257910807337 1.3653224752984963e-06
0.21307493439900238 7.5103992872887004e-07
0.0043057756676786463 4.8773749108211111e-07
0.57116736205574103 1.0283477468628146e-06
0.99407777245237849 2.1119231820037275e-06
0.038644309826884604 5.810240527529272e-07
0.20799807370846057 7.4704170737284166e-07
0.51891464248708419 9.8379921537759058e-07
0.80994073644487063 1.3170384638292183e-06
0.089042005075053221 6.427587332112996e-07
0.39523465375889433 8.8810640349141077e-07
0.74707580062988632 1.2194031646717875e-06
0.37154320840636157 8.7043795826534102e-07
0.18883642047563898 7.3195117488787355e-07
0.19549582739658733 7.3719571173707708e-07
0.41004878691499425 8.9923023575827193e-07
0.47941707480589113 9.5231712850546252e-07
0.86181441781601398 1.4230383135050838e-06
0.64225241856799353 1.0968201149741814e-06
0.69040195451550146 1.1490475383480007e-06
0.98298717153590698 1.9234975569547636e-06
0.41184344030097375 9.0057782883256334e-07
0.4033544032491283 8.9420346839737199e-07
0.92334696772581226 1.5956600968055439e-06
0.24587558700505863 7.7680257488583419e-07
0.72981524630286665 1.1969756119107125e-06
0.75457313821813465 1.2297142191459172e-06
0.097787997445443087 6.5124370723719469e-07
0.46823140569358401 9.435991559510926e-07
0.20056247132155403 7.4118588700068699e-07
0.18537527280248567 7.2922538913429731e-07
0.4638281104628762 9.4016728195368797e-07
0.28942970750806496 8.0983644706255829e-07
0.79606044762587092 1.2934380555399802e-06
0.90760489139048239 1.5443054557446959e-06
0.80272060528836564 1.3047622031967937e-06
0.26603087262166525 7.9208946671271408e-07
0.27413439368860837 7.9823562868350424e-07
0.25472835011746742 7.8351700377772156e-07
0.13503809605623607 6.8605311682416915e-07
0.9437983681037112 1.6750552754847194e-06
0.40204779815706937 8.9322234748196391e-07
0.22468947454587374 7.6018682191468938e-07
0.84667105050824354 1.3896193610361408e-06
0.39919530265779046 8.910804279284132e-07
0.035116811109666579 5.7619038999212361e-07
0.16194157024963118 7.093522731524596e-07
0.63925034035617001 1.0937213393259516e-06
0.78290527417172395 1.2715846218626114e-06
0.21093438848871293 7.4935416721328962e-07
0.91739558926614218 1.5746582985242285e-06
0.85099712005216444 1.3991662939954603e-06
0.84838075406108093 1.3933923991330862e-06
0.22766114679921412 7.6252712711324592e-07
0.050535988650057706 5.9731898854140571e-07
0.86742353948258366 1.4366072180419343e-06
0.30580022873856738 8.2225276266138758e-07
0.61891638117352588 1.0729480451333491e-06
0.75996688370073007 1.2376853193791491e-06
0.12829325851112017 6.8021190006372709e-07
0.78083835451904793 1.2685300424838324e-06
0.9385114589610658 1.6532815738638502e-06
0.72837496574640903 1.1951041790726526e-06
0.44122274848055809 9.2263855239042824e-07
0.87667813875170286 1.4593647183399019e-06
0.52745763007255897 9.9103134454011385e-07
0.74477092781675414 1.2164083213055368e-06
0.82050594385860409 1.3365695788139726e-06
0.74935286169900595 1.2223618707654805e-06
0.28785487604815396 8.0864200712103793e-07
0.11784390090583108 6.7070105555405209e-07
0.23833852936206013 7.709359729712364e-07
0.50287493698035324 9.7059989698072028e-07
0.50527692229309584 9.7247197471002218e-07
0.58264434931453757 1.0390679054010827e-06
0.39510183754789086 8.8800667269798836e-07
0.78689138145002768 1.2778480553459829e-06
0.9131537503472078 1.5615078702873811e-06
0.24672505347947127 7.7744685759915913e-07
0.736523217701888 1.2056916345610298e-06
0.67797185254504466 1.1347104826355543e-06
0.52309049927931495 9.8733431775055434e-07
0.18853023387416024 7.3171004126542785e-07
0.79523225858270952 1.2920299004349848e-06
0.96062628562883268 1.7595136044206481e-06
0.72183633223361343 1.1866081861100165e-06
0.91785999662573403 1.5762527551885549e-06
0.98418526494799974 1.9361763345330206e-06
0.35205067423923819 8.5618024630513915e-07
0.63822355292633692 1.0926614789029477e-06
0.47393273763807797 9.4804270375466249e-07
0.9866287468632301 1.9626215394048012e-06
0.093807824007724916 6.4738231943723127e-07
0.41237491429722462 9.0097690905725119e-07
0.87553904452723619 1.4565636313993562e-06
0.28405131052651544 8.0575717106404696e-07
0.78779285063887272 1.2793808073797726e-06
0.3827831627802557 8.7875666323599257e-07
0.97997853989015826 1.8961719246104109e-06
0.88352983642370753 1.4763451377861373e-06
0.30132035766261533 8.1885497878279932e-07
0.77019311353785513 1.2527980649291245e-06
0.33685654383326868 8.4506657924898815e-07
0.6063628402155351 1.0612223242405984e-06
0.65848076839329195 1.1135711826350861e-06
0.82959540908570495 1.3544458567807433e-06
0.024450840882014879 5.5244261122312551e-07
0.22015789115229967 7.5661802721946248e-07
0.71191781058857873 1.1738642315620915e-06
0.56352323696953732 1.0215629501165066e-06
0.49560507820114308 9.649338587066606e-07
0.055209956707980457 6.0372363590144329e-07
0.34827588346145621 8.5341919537362837e-07
0.86510023191064833 1.4308940940888513e-06
0.030892837036032184 5.6727479446996744e-07
0.3964362353648121 8.8900866298228564e-07
0.94514828767077264 1.6814256269873481e-06
0.050880734545014628 5.9779138712407827e-07
0.74970575104463677 1.2228203985895589e-06
0.25761261618203646 7.85704591895683e-07
0.86660883215367246 1.4346038139245546e-06
0.74606797895936505 1.2180936485773949e-06
0.88570517085836287 1.4822753028799473e-06
0.215924790431266 7.5328429900891943e-07
0.53129275481860494 9.9427799768578293e-07
0.77926994357480073 1.2662121798995052e-06
0.24569974299498099 7.7666920498914337e-07
0.23074630526721696 7.6495680703266572e-07
0.027182133497585026 5.5873119501087264e-07
0.95851529397545232 1.7478456952025451e-06
0.71001688005462338 1.1716716713533671e-06
0.63556035401018485 1.0899124979086282e-06
0.7439947226949909 1.2153997568647927e-06
0.53161291869543936 9.9454903477758171e-07
0.47613382109041036 9.4975820105166349e-07
0.44953224112352086 9.2902525770015156e-07
0.6404392121036413 1.0949485048293097e-06
0.20153497539238319 7.4195177103450687e-07
0.88805869501486967 1.4886912298188165e-06
0.81175237121926513 1.3201187542254934e-06
0.34956361145203385 8.5436109726362041e-07
0.57860929681252438 1.0352989369813728e-06
0.14102729995001462 6.9123993384267195e-07
0.97234624793359803 1.8335221147843498e-06
0.90289268763028352 1.5296968158198531e-06
0.92189750649920044 1.590533372302651e-06
0.33216304770345162 8.41633546102476e-07
0.16913470738285574 7.1558172981493694e-07
0.21177216346631034 7.5001394694945935e-07
0.090001391045089862 6.4368948694304641e-07
0.12011063010138434 6.7290013571939981e-07
0.071304534184845392 6.2555062538147582e-07
0.98982306920487351 2.0009175893768398e-06
0.07405768336907359 6.2822160865338894e-07
0.13254208095141362 6.8389149837641826e-07
0.82725459559073644 1.3498421720029346e-06
0.58024021674294313 1.0368223089101784e-06
0.77441720456933238 1.2590406014215955e-06
0.63091200777265499 1.0851144276689302e-06
0.88217507032894804 1.4728819348469942e-06
0.63846752776474058 1.0929133122113033e-06
0.5221250929031509 9.8651704586096251e-07
0.71274969376129971 1.1748237373989618e-06
0.44739275179210947 9.2735776610136211e-07
0.3460638229047347 8.5180119527236634e-07
0.46765245245021247 9.4314792693338247e-07
0.16971410509856066 7.1608350433883001e-07
0.79657172980269142 1.2943073795346985e-06
0.26070378133594463 7.8804910381308698e-07
0.15353154633704746 7.0206895872045009e-07
0.24635224178322679 7.7716409643264954e-07
0.84207015177223976 1.379465924680276e-06
0.33020129559773137 8.4019863280588412e-07
0.68604986950590019 1.1440277818410746e-06
0.85640963065573927 1.4111108259428365e-06
0.077744666925042116 6.3179855662926521e-07
0.76502440517804293 1.2451595338665533e-06
0.30766546637903003 8.2366746283401529e-07
0.21662236418404268 7.538336649351802e-07
0.68890145245297219 1.1473168380111691e-06
0.90979662273323381 1.5511001988474212e-06
0.2950192087123954 8.1407583626805838e-07
0.56883380538431905 1.0261680722747379e-06
0.28983411384949154 8.1014317136868273e-07
0.55428558572642794 1.013742748310045e-06
0.62186203065434054 1.0757729492887806e-06
0.61033538879017979 1.0649329104389512e-06
0.6235463696427459 1.0775115411149622e-06
0.13507979221752409 6.8608922685862626e-07
0.69354046958671955 1.1526675460951097e-06
0.67475035638022329 1.1309947633194739e-06
0.68258812221688314 1.1400349534746613e-06
0.07407055273870633 6.2823409394521612e-07
0.44683884241415261 9.2692605596349271e-07
0.40903513204572972 8.9846908918132609e-07
0.086711483643199139 6.404977646466548e-07
0.2223679278968107 7.5835851541642499e-07
0.44096263179803674 9.2244323253501107e-07
0.74290630985808226 1.2139855243979136e-06
0.23706207698466319 7.6993071805755131e-07
0.8297499101249115 1.354749714428471e-06
0.54579828573946343 1.0065577618948507e-06
0.7604216851846175 1.238357443828845e-06
0.47255598333685711 9.4696967843166685e-07
0.49919422542222336 9.6773119578616923e-07
0.61971938937964022 1.0736981004469053e-06
0.92797060816582422 1.6120138497043258e-06
0.49181258141290995 9.6197803348240337e-07
0.52865753810829097 9.9204713553954323e-07
0.60199696352752952 1.0571443472246289e-06
0.73751513729772578 1.2069804882472392e-06
0.071850335486234318 6.2608013760484153e-07
0.51568743852197207 9.8106720205368246e-07
0.4815915892060435 9.5401191821086793e-07
0.92168498423757039 1.5897816839745296e-06
0.4935065804363411 9.6329831542934139e-07
0.46832053469433099 9.4366862199505561e-07
0.96219998853470201 1.768211802072233e-06
0.45057646360088155 9.2983911182071296e-07
0.18088443032209034 7.2568867946150146e-07
0.21691612280578831 7.5406501104975242e-07
0.095187538336974131 6.4872085710694944e-07
0.00056812925894444977 4.3209838006708195e-07
0.43194566100048193 9.1567245022528915e-07
0.76924258129822143 1.2513933290583854e-06
0.73346644279983586 1.2017198049722669e-06
0.032149087802850196 5.7016721184060039e-07
0.56998290359403292 1.0272413953260232e-06
0.154283125413476 7.0271984708783727e-07
0.94107628476469729 1.6638411778672294e-06
0.16736499964417928 7.1404911373114024e-07
0.62663921769748154 1.0807040103177774e-06
0.32623836216405677 8.3729996591473734e-07
0.64156132596435222 1.0961067621633183e-06
0.41225859646407514 9.0088956678403379e-07
0.75964305230639473 1.2372067479465068e-06
0.23067912532785784 7.6490390026909383e-07
0.90579185291426012 1.5386847254841057e-06
0.5002096493133521 9.6852260464379159e-07
0.75609314771285285 1.2319605520655848e-06
0.84973019140122708 1.3963703882033917e-06
0.99882861095480491 2.3808977883778804e-06
0.22394566559395823 7.5960104400632689e-07
0.28689241356345485 8.0791202193646164e-07
0.25043308673188824 7.8025923665934316e-07
0.26287133215978264 7.8969309515131807e-07
0.58244474153937742 1.0388814603918711e-06
0.993522523145843 2.1031965942069252e-06
0.99027808709275444 2.0066686336464621e-06
0.52677323136230769 9.9045196176310765e-07
0.6390272102646738 1.0934910221772537e-06
0.85997054370160597 1.4189691827671339e-06
0.93293345845350517 1.6303164756466176e-06
0.20386062732954391 7.4378331060366767e-07
0.52854172894245288 9.9194909643587319e-07
0.83283705466151225 1.3608212106585605e-06
0.30320207663459164 8.2028217931571994e-07
0.43980904248046671 9.2157701012845681e-07
0.98562110151200799 1.9517160411545085e-06
0.98504669672087097 1.9454993991215682e-06
0.90610681076518163 1.5396611488456075e-06
0.7984483448280576 1.2974981546963603e-06
0.26913050072280575 7.9444039740092279e-07
0.32085007406718746 8.3335873082518589e-07
0.54728284120487469 1.0078145232757331e-06
0.56077737456201215 1.0192384200390541e-06
0.50550281935706698 9.7264803609571492e-07
0.63667027991630609 1.0910581747120112e-06
0.40832302263298881 8.979343710456435e-07
0.74917415731553294 1.2221296706916566e-06
0.33354992647835535 8.4264797131403454e-07
0.33067699694635255 8.4054658206428062e-07
0.127225961891828 6.7928759153008623e-07
0.18871221002891925 7.3185335442538929e-07
0.85052087892135764 1.3981153071580728e-06
0.44628233858044153 9.2649232373880558e-07
0.2278677865528338 7.626898637976434e-07
0.75934110002238742 1.2367605103683262e-06
0.55398112581685943 1.0134850055275838e-06
0.021156011423293486 5.4485652872160582e-07
0.31636145733671517 8.3007555564159405e-07
0.17700141112134105 7.2239451387671855e-07
0.65587286098284059 1.1108792740950236e-06
0.27503104063025285 7.9891569569245447e-07
0.064946779209943628 6.1706581405917517e-07
0.054934989197669259 6.0334685327965675e-07
0.58172729795871492 1.0382113273026258e-06
0.021723455704089623 5.4616302399945417e-07
0.84879211313608871 1.3943002018097274e-06
0.15539711925727562 7.0368459671566836e-07
0.6065663351954298 1.0614124001200102e-06
0.4446880280107457 9.2524973774326088e-07
0.44285152123190252 9.2386158681950178e-07
0.071797142360045862 6.2602853199224189e-07
0.80275225021221563 1.3048160084981734e-06
0.89305248475325261 1.502304767636544e-06
0.011016667384228462 5.1813665320865782e-07
0.17860417569711773 7.2378255254191197e-07
0.90390418879547885 1.5328326429313009e-06
0.54949361280005815 1.0096860682786066e-06
0.15003957824821013 6.990448173099257e-07
0.20279045260915884 7.4294050720949612e-07
0.65998624423711416 1.1151251501051741e-06
0.72481682224687305 1.1904808947009335e-06
0.59942680857993524 1.054743676396576e-06
0.95314837991252577 1.7191785426994748e-06
0.49406360366177704 9.6373245246153339e-07
0.30027191214252669 8.1805977927251469e-07
0.47723290997579648 9.5061481737397787e-07
0.35966629366661096 8.6175065122340449e-07
0.22441589267468631 7.5997136576044799e-07
0.045963249340140067 5.9105305296237215e-07
0.35221249356512419 8.5629860820299694e-07
0.71140934770974229 1.1732777632741468e-06
0.018437802875193809 5.3859806995748435e-07
0.43917851320593471 9.2110354996610155e-07
0.6440094014498684 1.0986336905656721e-06
0.61040410917430721 1.0649970991843113e-06
0.7766484358887159 1.2623380073796115e-06
0.81051971565979752 1.3180228918941844e-06
0.71170582091938783 1.173619719674347e-06
0.10279769614474943 6.5610389479979603e-07
0.47502244400436067 9.4889200745730128e-07
0.60340595748760861 1.0584604276811905e-06
0.2455660388094516 7.7656779628376109e-07
0.042551817646776513 5.8637843458285345e-07
0.22359032087604691 7.5932119649297042e-07
0.45489440173263884 9.3320445954789627e-07
0.41393031905460087 9.0214485195649594e-07
0.17666698132716163 7.2210488838079137e-07
0.82441554268349282 1.3442585983091892e-06
0.92568666873672456 1.6039355872304419e-06
0.20134831905271522 7.4180477205049119e-07
0.92957291556722166 1.6176811890336524e-06
0.017860959175180824 5.3726993326525061e-07
0.92496247270694543 1.6013741157936066e-06
0.95192879008090792 1.713423225044994e-06
0.012051863015925202 5.2282590780697534e-07
0.76301929677674807 1.2421963017124239e-06
0.97020157256984341 1.8182590892676139e-06
0.90590221881777833 1.5390268787156989e-06
0.97071016119621301 1.821507227371149e-06
0.55032350569763933 1.0103886202332145e-06
0.078156139885388276 6.32197749451879e-07
0.84978919780503615 1.3965006057543619e-06
0.61382825580901157 1.0681954467954558e-06
0.61473674418828905 1.0690440265870352e-06
0.4172536098586862 9.0464028851623992e-07
0.57184197652110913 1.0289778751236447e-06
0.15357977908611453 7.0211072962158282e-07
0.73977002656615032 1.2099103853455502e-06
0.075017307351542328 6.2915259329424456e-07
0.72978076704379202 1.1969308111825663e-06
0.84897842262485401 1.3947113565960453e-06
0.47246867756448818 9.4690163338941608e-07
0.50983036605704934 9.761088541505906e-07
0.31221427292207826 8.2704211933604368e-07
0.96945858372558757 1.8135139371930273e-06
0.73312447455954532 1.2012754675189952e-06
0.36898855330034497 8.6856936917646437e-07
0.17480738623300507 7.2049442734908147e-07
0.21957959220209133 7.5616259474773845e-07
0.46392228611005004 9.4024068129163629e-07
0.94256840031433786 1.6699843433442691e-06
0.73414634576091808 1.2026032389132159e-06
0.21524374817914982 7.5274795226971477e-07
0.85956113341889806 1.418065680758628e-06
0.3782005230096811 8.7531559006551622e-07
0.85172218275251865 1.4007663896299172e-06
0.24169959798113094 7.7358294265407233e-07
0.61866061193631761 1.0727091421259433e-06
0.92667048808128194 1.6074153427751639e-06
0.25789400914779415 7.8591801600240164e-07
0.69292659058585493 1.1519594893585669e-06
0.98731261995714381 1.9700229300032422e-06
0.1505982872430035 6.9952867482654743e-07
0.088402290700674402 6.4213811068835141e-07
0.67419519244481618 1.1303544293712577e-06
0.33973594774903038 8.4717270415281162e-07
0.071244477366591119 6.2549236091915019e-07
0.47530561788360415 9.4911270968642786e-07
0.75377067964395572 1.2285283126643383e-06
0.28512240041518877 8.0656954532539321e-07
0.33504687750513473 8.4374290829736147e-07
0.84569940064697213 1.3874750875816086e-06
0.52007191226148808 9.847789106423481e-07
0.84273196880647205 1.3809264474002655e-06
0.44638949214370949 9.2657583790450219e-07
0.95297516156010342 1.7183611148922473e-06
0.65079458971773674 1.1056374308714092e-06
0.11589886531924942 6.6881406826516986e-07
0.88509298822680071 1.4806064357784612e-06
0.48926519083079778 9.5999262867942383e-07
0.14163896797290498 6.9176965534941467e-07
0.15269013384142072 7.0134027211546895e-07
0.68753393510987182 1.1457395241337475e-06
0.047372506729489783 5.9298413090438185e-07
0.28659376491381328 8.0768551015745947e-07
0.13978759046986811 6.9016631097999028e-07
0.44107742961728424 9.2252943344008295e-07
0.4143537719943613 9.0246281990137462e-07
0.52187643468885592 9.8630654241528712e-07
0.27963632910253022 8.024086031136857e-07
0.032043589378177195 5.6992431011734691e-07
0.61438610653518577 1.0687165110861472e-06
0.37371800288235135 8.7202870028715571e-07
0.65133499874004641 1.1061952465578296e-06
0.10866697080426846 6.6179800484789843e-07
0.013777355294050331 5.2786776045664531e-07
0.24829424788529275 7.7863702208471588e-07
0.45654732299405221 9.344927259937258e-07
0.39407197416846729 8.8723335526052672e-07
0.8103025552734664 1.3176536579503886e-06
0.37783764419282395 8.7504310681932276e-07
0.53044117960307891 9.9355709040496697e-07
0.59351559244219221 1.0492222644857972e-06
0.021831391645811604 5.4641153791164303e-07
0.51513337684618898 9.8059815705470813e-07
0.34483125939883785 8.5089964315558858e-07
0.42128012768325462 9.0766377348347094e-07
0.10028739849525026 6.5366851531954658e-07
0.78282056564864522 1.2714594361025031e-06
0.94240425080852253 1.6693085259939031e-06
0.022268820629600006 5.4741868331966743e-07
0.60137276281134788 1.0565613082714366e-06
0.76384406728835808 1.2434151816982651e-06
0.28480758864988942 8.0633077453873693e-07
0.78755558486321675 1.2789773885999791e-06
0.63235505076630127 1.0866039513163981e-06
0.92916263227106999 1.616230022635483e-06
0.98100481135377282 1.905492944928687e-06
0.042346113998704804 5.8609656288192489e-07
0.44493776102700622 9.2544437657620147e-07
0.5469877875782182 1.007564743451462e-06
0.14674323320765248 6.9619009089578874e-07
0.33628583042736171 8.4464913391922839e-07
0.98764744775646174 1.9736466890720278e-06
0.016230456342471444 5.3351583031004179e-07
0.45250793152438407 9.3134447409968599e-07
0.84265462171819616 1.3807557549370789e-06
0.32390126271928843 8.355905067741165e-07
0.47979850275515334 9.5261440874500397e-07
0.97804574578797998 1.8786174921467074e-06
0.47487683647570389 9.4877852274522948e-07
0.13092131214649905 6.824878675484342e-07
0.051721491666391062 5.9894346022580362e-07
0.94541657243994848 1.6826916789241848e-06
0.26580941327506569 7.9192149960275007e-07
0.50406390656455091 9.715265652111984e-07
0.090701766089968605 6.4436895975899571e-07
0.42365512055060506 9.0944713954431399e-07
0.93010551925012408 1.6195650009641374e-06
0.50241299363093839 9.7023986403128836e-07
0.9711351518023279 1.8242214606626402e-06
0.25883563723739966 7.8663219922067816e-07
0.50454523970393717 9.7190171032380166e-07
0.85953079180932523 1.4179987217535706e-06
0.44825235455374379 9.2802772989238325e-07
0.2794873735701896 8.0229562693695359e-07
0.85547536341788166 1.4090490498674961e-06
0.389889468872609 8.8409274035743812e-07
0.53072329106023408 9.9379591394017186e-07
0.97652706641514564 1.8662338521157314e-06
0.18648329475586389 7.3009799866742834e-07
0.30140063672018569 8.1891586689385795e-07
0.031069600069839942 5.6768177728181988e-07
0.39183770991005273 8.8555566135913141e-07
0.20018343058485955 7.4088737796909582e-07
0.68003493540789139 1.1370900716376661e-06
0.18132145876585237 7.2603285602326861e-07
0.67481275240586969 1.1310667317794314e-06
0.26347542818931768 7.901512752452256e-07
0.35521783412119978 8.5849684880237008e-07
0.34886065204639749 8.538469212904325e-07
0.71675175016360937 1.1800015192276833e-06
0.46650926313834307 9.4225693928255339e-07
0.36129889885268307 8.6294481173061087e-07
0.85262271903944986 1.4027537269742389e-06
0.57195062564120269 1.0290793595782478e-06
0.2138308212779978 7.5163521846529541e-07
0.90009127814368262 1.5214931766468958e-06
0.34265029603364061 8.4930438893209295e-07
0.038979377537320392 5.8148318950792475e-07
0.49460022397445291 9.6415068771514713e-07
0.1239380544408778 6.7644017230303909e-07
0.23846644371574255 7.710367104016702e-07
0.74711087268741105 1.2194487356543685e-06
0.13075181337631858 6.8234107690290276e-07
0.80694422435403568 1.3119435475987619e-06
0.9369072881309537 1.6466770673528146e-06
0.6065321004079447 1.0613804228823356e-06
0.71035919202282927 1.1720664988270974e-06
0.7135866099074174 1.1758888847927146e-06
0.99280795727044491 2.0919661040921905e-06
0.34153826220162287 8.4849099761360301e-07
0.16285655124270249 7.1014467212077645e-07
0.51916723491432148 9.84013049360255e-07
0.53324980983170822 9.9593475704441655e-07
0.17791248829614448 7.2318353202992398e-07
0.61310941899413951 1.0675240123462571e-06
0.01412473347682397 5.286675710649829e-07
0.92766840245422155 1.6109449522421916e-06
0.26457427782126164 7.9098470404286529e-07
0.039560208390191809 5.8227909070844002e-07
0.10824944147485704 6.6139293640453916e-07
0.24024894827964172 7.7244050070615439e-07
0.27390616860604522 7.9806253006234412e-07
0.03280999949772867 5.7168890839770014e-07
0.27935481219372915 8.0219508500165593e-07
0.19294173649348212 7.3518426777268819e-07
0.37862092743451858 8.7563126890118351e-07
0.38516773735596921 8.8054722413675894e-07
0.33900774060287908 8.4664006085214227e-07
0.32792388353070401 8.3853283168490267e-07
0.089731277741251225 6.4342743499170019e-07
0.025204947126162169 5.5417888080996866e-07
0.20211430015646659 7.4240801137376793e-07
0.75664942741661534 1.2327826452271386e-06
0.9908097655511221 2.0133886031964883e-06
0.92852617505732904 1.6139788821890732e-06
0.50421935553776864 9.7164772022378741e-07
0.53182385577793423 9.9472760512086086e-07
0.31458156903584256 8.287736656719473e-07
0.77393943863765624 1.2583345391608337e-06
0.76475668793264862 1.2447638902448643e-06
0.84427235758244457 1.3843258352802322e-06
0.89550457719688437 1.5089894009436633e-06
0.43434924822529575 9.1747728759551296e-07
0.76687556810719759 1.2478952590326646e-06
0.80639872879587859 1.3110160512000666e-06
0.30845962249775016 8.2426979509124367e-07
0.92924224400614996 1.616511608251889e-06
0.094341502639655461 6.4790007078417242e-07
0.99426917916328283 2.1149314297366716e-06
0.77009071815886943 1.2526467408015867e-06
0.093270905324327247 6.4686142473601121e-07
0.65622964810500062 1.1112475533894792e-06
0.034179410928260157 5.7484186918692644e-07
0.77018694944418287 1.2527889553764644e-06
0.79922292165905529 1.2988151539102317e-06
0.60241025309144769 1.0575303831718253e-06
0.85686039191657049 1.4121055828449445e-06
0.097883280214859703 6.5133614635552191e-07
0.27592384204081322 7.9959284603632641e-07
0.41417752159267052 9.023304746682978e-07
0.042457952828098278 5.8624981345072376e-07
0.44821608757116616 9.2799946385343928e-07
0.26521345611256597 7.9146949247916563e-07
0.39273501210175299 8.8622943949842472e-07
0.42510263199230647 9.1053406608346273e-07
0.87941173348768509 1.4660867579668599e-06
0.27034097052763906 7.95358485158059e-07
0.89374312871627204 1.5041875276648418e-06
0.42597096481284924 9.1118609131813203e-07
0.327807720693986 8.3844786498677059e-07
0.50251204933514604 9.7031706682550361e-07
0.41774328636283964 9.0500798328716097e-07
0.25737231305514607 7.8552233261261896e-07
0.50267932479606692 9.7044743925675335e-07
0.15180173307883127 7.0057089236544293e-07
0.3519299430229661 8.5609193808972432e-07
0.56579021937409057 1.0234820807947217e-06
0.41340824438985857 9.0175282962618624e-07
0.82391236105079646 1.3432689895138296e-06
0.25672176153516624 7.8502891808588308e-07
0.96977157883101006 1.8155129031065984e-06
0.78472202085135134 1.2742694852712445e-06
0.96759302599747221 1.8015994176248445e-06
0.83813655483030414 1.3712437532103283e-06
0.14210392585164267 6.921723217940867e-07
0.52646009063501376 9.9018687017036234e-07
0.16997852119578571 7.1631249602743798e-07
0.81822735262725732 1.3320882667448366e-06
0.5841621491832959 1.0404856167616996e-06
0.26344931435690577 7.9013146905945078e-07
0.92959897200717134 1.6177733503048168e-06
0.11518605331426068 6.6812252966194025e-07
0.563862403471314 1.0218500740206336e-06
0.72104055466672545 1.185574190154306e-06
0.058848537332431783 6.0870951203535789e-07
0.59785603320620362 1.0532764829027867e-06
0.81590121546309413 1.3275134459499415e-06
0.067527314418053375 6.2060187117451827e-07
0.51224297110662709 9.7815126275321667e-07
0.25855717814874002 7.8642100032985003e-07
0.66292445153692081 1.1181579975487324e-06
0.11867736707884491 6.7150964748164474e-07
0.93705143067050689 1.6472705143368428e-06
0.8947285817147318 1.5068739646926188e-06
0.18597441987570917 7.2969724029775879e-07
0.32326588436510462 8.3512576260683518e-07
0.58763497465304304 1.0437294331720464e-06
0.71806233663425045 1.1817044336684e-06
0.44265601516025821 9.2371478263425466e-07
0.15629132196097506 7.0445900110793775e-07
0.10415149380287159 6.5741728926425658e-07
0.99976533691434388 2.5967246625990039e-06
0.45535212144348725 9.3356120064551917e-07
0.87253174914849818 1.4491685488584974e-06
0.48237600462911445 9.5462328191749084e-07
0.92235763854600328 1.5921608530490139e-06
0.087759382771550598 6.4151438992018273e-07
0.11401919133455096 6.6699049190449127e-07
0.92963218772422429 1.6178908338410233e-06
0.94749304504478493 1.6924906778431959e-06
0.31471744746536334 8.288730532371094e-07
0.35516488699387183 8.5845812090357095e-07
0.45245023483475799 9.3129950601135912e-07
0.41616168006729082 9.0382036583033719e-07
0.19004521595959667 7.3290314741846401e-07
0.89837538393937455 1.5168154885852571e-06
0.25330760070564373 7.8243942824816636e-07
0.70527240947765157 1.1661993317740316e-06
0.067155677734972885 6.2009262466883239e-07
0.038751331528429467 5.8117070250529429e-07
0.65373047257692063 1.1086678790037271e-06
0.33901585757326036 8.4664599796758825e-07
0.65545939272000131 1.1104524879509596e-06
0.094021202168830365 6.4758932946856888e-07
0.94985137991586333 1.7036198017230578e-06
0.74851446689309542 1.2212724999730989e-06
0.87626723302579923 1.4583542815929656e-06
0.13647055404451092 6.8729366525158071e-07
0.32016096889286938 8.3285468845688868e-07
0.36834416420634408 8.6809803415076748e-07
0.53717264832681855 9.9925566491142461e-07
0.29686848550741429 8.1547843084603458e-07
0.060630742189405118 6.1115163262557286e-07
0.3688783807374707 8.6848878403274163e-07
0.25454931462728214 7.8338121328466196e-07
0.38592129146321485 8.811130628128851e-07
0.19695954262002624 7.3834844328167113e-07
0.26189637456473547 7.8895363297872553e-07
0.62695234043226877 1.0810272187877112e-06
0.38815383457806507 8.8278946431923342e-07
0.34538339316949207 8.5130349850851463e-07
0.5339056327223729 9.9648994875054644e-07
0.77186054084392575 1.2552622579896249e-06
0.37886795634795722 8.7581676123942579e-07
0.58751949255584057 1.0436215663283855e-06
0.96620262536817625 1.7927195232877792e-06
0.52198011411805068 9.8639431300092031e-07
0.90979757651754445 1.5511031557423837e-06
0.79367262425642693 1.2893780819200996e-06
0.058718681650149707 6.0853157332409434e-07
0.42909887146925685 9.1353481524450972e-07
0.69831840786858812 1.1581784877994168e-06
0.98671191244819989 1.963521620113031e-06
0.45837629116151257 9.3591820122695895e-07
0.092785454126739442 6.4639046150760534e-07
0.56200917471286782 1.0202812095438114e-06
0.12656379212396029 6.7871413410869474e-07
0.75151956027939337 1.2252015153303151e-06
0.50767699746177786 9.743425636966008e-07
0.7234313683772865 1.1886807010820327e-06
0.8693618268785237 1.4413735590479507e-06
0.62894801716277715 1.0830871765962325e-06
0.61243932925318156 1.0668981104352454e-06
0.75457029543963128 1.2297100179702287e-06
0.84245500145266738 1.3803152254280231e-06
0.86905378627700269 1.4406160725402106e-06
0.036430195682883304 5.7799009528221611e-07
0.55619029679778931 1.0153551955186529e-06
0.21626930979755143 7.5355562114513912e-07
0.86034589078178336 1.4197975128192861e-06
0.64839768520336116 1.1031633216656511e-06
0.42022247903243815 9.0686959227387981e-07
0.1881042281213513 7.3137454549304145e-07
0.33902362591982649 8.4665168008397181e-07
0.70377769454022454 1.1644753063892801e-06
0.20435954521163879 7.4417622745774111e-07
0.093582945338372747 6.4716415212269178e-07
0.88802875822755101 1.4886096193370673e-06
0.7642103495801168 1.2439564888234693e-06
0.19979493065813259 7.4058141946470969e-07
0.29231154342999166 8.1202219202491267e-07
0.97207017713088573 1.8313620698976738e-06
0.70818448675911738 1.1695581629664511e-06
0.61052200421382474 1.0651072198532644e-06
0.30762848542413035 8.236394144169421e-07
0.29912514416652225 8.1719000653234247e-07
0.039523618690230466 5.8222895255551354e-07
0.7284818669019314 1.1952430814080163e-06
0.043175225056884536 5.8723267761016899e-07
0.004857337777279036 4.9023597067331858e-07
0.72949508786097916 1.1965596130840645e-06
0.94887375714912536 1.6990063411784046e-06
0.75650304772731047 1.2325663192660187e-06
0.47164019062437867 9.4625592088594313e-07
0.48604524956087303 9.5748304616486507e-07
0.43613642264910535 9.1881926476775786e-07
0.32464366711033366 8.3613353457515858e-07
0.52171421418584019 9.8616921345175062e-07
0.43115095714111507 9.1507571247895777e-07
0.5981678800407747 1.0535677655740031e-06
0.89812008050109449 1.5161195075379759e-06
0.99500941732381032 2.1770692054144205e-06
0.078743289882917122 6.3276737634695881e-07
0.3846834726613414 8.8018359305696238e-07
0.18070619576680946 7.2554831295378271e-07
0.35212047392553369 8.5623130091987438e-07
0.287473018548423 8.0835238511305902e-07
0.1745371316267883 7.2026037934942837e-07
0.76407605342129048 1.2437580204036307e-06
0.49628874282923585 9.6546669848622721e-07
0.91924558221722574 1.5811535524450365e-06
0.032592443247014491 5.7118800245178834e-07
0.066978013131989922 6.1984917432506324e-07
0.4032735829303441 8.9414278096730528e-07
0.080277320404037122 6.3425562474409915e-07
0.26272959641483351 7.8958559486368855e-07
0.98602974307662361 1.9561386684831691e-06
0.20895960748461406 7.4779895188134696e-07
0.19811774141209071 7.3926056898832785e-07
0.57364066879570907 1.0306579559593614e-06
0.49799829079315672 9.6679909908561938e-07
0.58043829720284479 1.0370073273201145e-06
0.37673527820854669 8.7423567051158528e-07
0.82676235989494706 1.348874090613849e-06
0.13858055144246284 6.891209816373298e-07
0.42839264584146564 9.130045152031014e-07
0.68976184844408706 1.1483092309367218e-06
0.8682364402828997 1.4386061798194732e-06
0.36957160635675768 8.6899584027891695e-07
0.56774559909375277 1.0251516257374929e-06
0.069139945007261505 6.2281162744967733e-07
0.17031908811182894 7.1660743644145634e-07
0.069138162466114483 6.2280918486827543e-07
0.72788089199852191 1.1944622028742838e-06
0.28805996872214068 8.0879756083440912e-07
0.72374529019183775 1.1890885963283448e-06
0.066398279043274555 6.1905477599910107e-07
0.86254780040832546 1.424656769789997e-06
0.83553019811109164 1.3661178237932395e-06
0.088928743050282644 6.4264885141657574e-07
0.023756506457186521 5.5084396149136159e-07
0.056288812981991176 6.0520197163279057e-07
0.85363017314673395 1.4049770145853562e-06
0.23470348905189575 7.6807324013612044e-07
0.54827331785818867 1.0086530185933911e-06
0.42624420318005674 9.1139126415772107e-07
0.79552552622860206 1.2925285381990359e-06
0.48889830147067059 9.5970667963695129e-07
0.5006608406612697 9.6887425761585971e-07
0.98909193949990237 1.9916767234414218e-06
0.1501295567492571 6.9912274119243278e-07
0.8307039387459314 1.3566260053203441e-06
0.051749745603884789 5.9898217604583871e-07
0.47764876957297075 9.5093893321525972e-07
0.88633482393302354 1.483991796043057e-06
0.66521396560412127 1.120521257243226e-06
0.68521461936613293 1.1430643924967125e-06
0.26331728225648554 7.9003132855659751e-07
0.41857479136145426 9.0563235475973933e-07
0.36658106349905051 8.6680842337846371e-07
0.52144321015799422 9.859397929927676e-07
0.46222793014366814 9.3892012114776454e-07
0.32689835187698935 8.3778271193139226e-07
0.30548061237117008 8.2201034779674892e-07
0.25085289165512215 7.8057764010804348e-07
0.36504724688475843 8.6568652125435547e-07
0.14994147793406065 6.9895985971155783e-07
0.87210430200357381 1.4481174359745025e-06
0.60211939183342733 1.057258702222086e-06
0.13378642559385545 6.8496913541846388e-07
0.69385933420900137 1.1530353290678678e-06
0.84766646799797318 1.39181608578698e-06
0.23753567205225889 7.703036922297397e-07
0.15060059433726392 6.9953067283429359e-07
0.0086172571337520543 5.0726774572316644e-07
0.047250338856485108 5.9281672664837838e-07
0.7622513483035116 1.2410613956858274e-06
0.98718633204169381 1.9686561468991444e-06
0.044880322476276602 5.8956913938106298e-07
0.74807095907989263 1.2206962267728238e-06
0.071862165840960057 6.2609161489047292e-07
0.59213282490366681 1.0479306809978746e-06
0.75607528242823785 1.2319341500088282e-06
0.35920439726773767 8.6141279952315219e-07
0.010934721110663737 5.1776545096594882e-07
0.5951893521254259 1.0507856511790669e-06
0.99124462814002778 2.0188849014006009e-06
0.25761742283849576 7.8570823753180749e-07
0.18949127718721581 7.3246689951554403e-07
0.12392589275351495 6.7642963994379634e-07
0.55525561990005612 1.0145639378957195e-06
0.59644509936027335 1.0519585904825623e-06
0.79227083717040236 1.2869946482613219e-06
0.75307327362050969 1.227497657188642e-06
0.89254149479508715 1.500911761225702e-06
0.80577269834230136 1.3099516227505883e-06
0.24726708307944445 7.7785796305404438e-07
0.55587740487576109 1.015090314553841e-06
0.29741195909357998 8.1589063150051886e-07
0.32978537955150244 8.3989441319359992e-07
0.93194436922999635 1.6262443119505587e-06
0.68189590506707354 1.1392365404072935e-06
0.97459041325110585 1.8510810082686082e-06
0.41691253671874451 9.0438417900517608e-07
0.53743757335397657 9.9947993914753015e-07
0.48711541991642171 9.5831712374167344e-07
0.10728705752372691 6.604592741644572e-07
0.23670199452660334 7.6964713939319514e-07
0.52763636060448216 9.9118265019041734e-07
0.06737430513300624 6.2039220553252116e-07
0.93146192930888927 1.62436260476103e-06
0.12384368194337081 6.7635844309748356e-07
0.19798074641690711 7.391526802065001e-07
0.76532122393863655 1.2455981849114402e-06
0.096934541789313711 6.5041572239935879e-07
0.90027809961540939 1.5220024694493075e-06
0.72570097072253559 1.1916297156606116e-06
0.068620857108858901 6.2210033141664256e-07
0.69184706128565288 1.1507143449698078e-06
0.63162854217131781 1.0858540417592459e-06
0.75734943273991862 1.2338171420557065e-06
0.82819785248933586 1.3516972781166762e-06
0.71835056317315504 1.1820789416816394e-06
0.58617629527097193 1.0423669437068499e-06
0.32246331858177768 8.3453873007070206e-07
0.69727366182992911 1.1569734629173032e-06
0.95697158463077947 1.7393132784760568e-06
0.58752178052887427 1.0436237034252647e-06
0.66434486843425389 1.1196241663095777e-06
0.43712804219980073 9.1956386517321141e-07
0.75612080974307438 1.2320014321583258e-06
0.99766739233863588 2.2874322531931442e-06
0.16038932406773609 7.0800798482032874e-07
0.2024052795037623 7.426371687037473e-07
0.53943775866438948 1.0011732107775257e-06
0.48137539726165823 9.5384342087568832e-07
0.5715697845067188 1.0287236323087562e-06
0.04907404772427304 5.9531571937592942e-07
0.40427645633044895 8.9489583181207041e-07
0.5829782620655608 1.0393797988926587e-06
0.58519135130496269 1.0414469500509507e-06
0.65733396176837355 1.1123874371788453e-06
0.72021602900266379 1.1845028402727639e-06
0.64154720334085658 1.0960921846477807e-06
0.79024315538943501 1.2835470169810581e-06
0.62476063468459164 1.078764917834912e-06
0.5375076625372045 9.9953927366264316e-07
0.60619642888781089 1.0610668866004287e-06
0.10119336675333235 6.5454744555554095e-07
0.27315654072551998 7.9749397050243583e-07
0.5273997806581312 9.9098237169157193e-07
0.8729872154017071 1.4502885620640072e-06
0.67905155628799307 1.1359558282290482e-06
0.090408078471897579 6.4408403705319781e-07
0.59227495044440437 1.0480634343324116e-06
0.22173798763709895 7.5786241344457192e-07
0.73401655978872293 1.2024346011230321e-06
0.82744085250874722 1.3502084840308048e-06
0.59345627258997335 1.0491668563716369e-06
0.59136260975170973 1.047211256261106e-06
0.33859144321081402 8.4633556230644476e-07
0.44625002116130941 9.264671359409015e-07
0.86410835381534545 1.4284550186202113e-06
0.72332033096715653 1.1885364242919042e-06
0.51975365969584308 9.8450949158513658e-07
0.36823238624837096 8.6801627474921308e-07
0.050379738288554354 5.9710488171549126e-07
0.14300740132638512 6.9295475666377977e-07
0.19302518953937065 7.3524999022808642e-07
0.37338354325867473 8.7178406154825124e-07
0.94414364707627463 1.6766846676910147e-06
0.50515339485874866 9.7237569895114361e-07
0.23484016325923107 7.6818087628528725e-07
0.10575013746151407 6.5896822246266262e-07
0.33830552460296404 8.4612642863917327e-07
0.81573063555105685 1.3271779659357781e-06
0.38334279341050792 8.7917688608647782e-07
0.77250580602241348 1.2562158575673833e-06
0.80270497612687886 1.3047356292114022e-06
0.11082076969870414 6.6388752504210301e-07
0.60865975262678373 1.0633677710065367e-06
0.95909606337111075 1.7510557337521264e-06
0.40213807490355391 8.9329013567955271e-07
0.050944089003022275 5.9787820050345895e-07
0.92330269025787859 1.5955034880080032e-06
0.88366628157248295 1.4767171000212757e-06
0.5221414472090018 9.8653089071922693e-07
0.55225312034400964 1.0120221497469615e-06
0.2117411027761249 7.4998948547170713e-07
0.81945075554463731 1.3344943368567762e-06
0.49860003839212641 9.6726809374296205e-07
0.03387779514255651 5.7414742285433946e-07
0.68301495644899779 1.1405272701250277e-06
0.95049626980270607 1.7066630758261378e-06
0.82915049034575028 1.3535708337877136e-06
0.27719814021053979 8.0055934478242945e-07
0.05332508493334065 6.0114083283435916e-07
0.94035141253818055 1.6608568178166456e-06
0.93706272487970144 1.6473170135480005e-06
0.53241531971286937 9.952283132782388e-07
0.64231741167153511 1.096887201516352e-06
0.46260006071080828 9.3921015512234368e-07
0.41976536709875867 9.0652635001840317e-07
0.11944843592870036 6.72257704292825e-07
0.096752898361096018 6.5023949999884323e-07
0.23273214667618747 7.665207328551377e-07
0.83664074640654429 1.3683019423886703e-06
0.14583230073567999 6.9540119805925636e-07
0.22669865191471072 7.6176912569527151e-07
0.54861405932220753 1.0089414757934227e-06
0.2151312180782744 7.52659330524912e-07
0.1632066847177871 7.1044789744078981e-07
0.56331624169796224 1.0213877167423403e-06
0.36809327099661548 8.6791451962739077e-07
0.6261592858404692 1.0802086197761643e-06
0.91220534040867629 1.5585676368004139e-06
0.15099313143506765 6.998706208700245e-07
0.9134336598130639 1.5623756376434502e-06
0.90248996742291865 1.5284483140997995e-06
0.82908758333590282 1.3534471143866276e-06
0.63128591730608519 1.0855003808903588e-06
0.62014665746554742 1.0740971931282843e-06
0.63921265993650156 1.0936824452137252e-06
0.69049555121781314 1.1491554941104502e-06
0.016482200596157015 5.3409545141082052e-07
0.95809257916064972 1.7455092586390154e-06
0.5856037614655798 1.0418321645854723e-06
0.78146583940242165 1.2694573656058353e-06
0.37728183906136314 8.7463544958296557e-07
0.012397213915795957 5.2439028679551262e-07
0.50973465987644395 9.7602783337737003e-07
0.50719011931592894 9.7396309687434666e-07
0.43698928831145178 9.1945967581807987e-07
0.33971705416207676 8.4715888453765167e-07
0.24982608780972204 7.7979885484989148e-07
0.52754487449718279 9.9110520195138555e-07
0.37527813969349411 8.7316985418131172e-07
0.96993188304980871 1.816536697612099e-06
0.17292730776693144 7.1886622714803627e-07
0.31966556762708698 8.3249232979732777e-07
0.293960470924571 8.1327283052835482e-07
0.54330917623595698 1.004450587882374e-06
0.49928025697414791 9.6779824771672049e-07
0.6437404654242731 1.0983560920661515e-06
0.95000177057420787 1.7043295042710785e-06
0.28522108549386738 8.0664439358859253e-07
0.6927715692549965 1.1517806855593368e-06
0.025040203005183614 5.5379957058798563e-07
0.26238847273362453 7.8932686765369403e-07
0.46371972799659278 9.4008280999613712e-07
0.030994788481134461 5.6750952955516214e-07
0.61766946055363892 1.0717833503899985e-06
0.6783106084017082 1.1351012084398514e-06
0.74673171483804668 1.2189560757715929e-06
0.51657450484301226 9.8181815459169112e-07
0.60394466497862664 1.0589636111019997e-06
0.39606525127848724 8.887300935441371e-07
0.041253032506562537 5.8459873461134269e-07
0.099951855774513043 6.5334298664887534e-07
0.65499592420146413 1.1099740910346808e-06
0.99555529958577627 2.1884097525440441e-06
0.015803239163296179 5.3253219676909733e-07
0.55758349682638275 1.016534619280564e-06
0.75100875288255786 1.2245134579151222e-06
0.82677482801387869 1.3488986116999828e-06
0.54520490122264009 1.006055427854707e-06
0.6199159801841051 1.07388172743398e-06
0.69672494527455342 1.1563405654685563e-06
0.85896624969343061 1.4167528689815708e-06
0.12228953720281865 6.7501251056079262e-07
0.92618219627486342 1.6056882613447907e-06
0.026017403551570006 5.5604949704344901e-07
0.83619975095777532 1.3674346353439424e-06
0.076740426559697261 6.3082428715190368e-07
0.19462821160492227 7.3651243122210734e-07
0.0038941463811326127 4.8587288262972195e-07
0.44525670553604069 9.2569295799303152e-07
0.33435922671739227 8.432399297325029e-07
0.16599291148702733 7.128608472552242e-07
0.45109016080390629 9.3023948108537305e-07
0.40237088317218384 8.9346494983190898e-07
0.76766103269874153 1.249056051103602e-06
0.89313030607003241 1.502516915823494e-06
0.65256725176708186 1.1074671906589512e-06
0.12441038872652388 6.7684922692109219e-07
0.29539079470985063 8.1435766779630049e-07
0.91331829683227983 1.5620179926152014e-06
0.088734493007889159 6.4246039863792742e-07
0.40685583939082648 8.9683267308474445e-07
0.94250461923348128 1.669721751258756e-06
0.95066484146948571 1.7074585756447735e-06
0.41120317704889242 9.0009705949238406e-07
0.66739688809879738 1.1227744920329905e-06
0.45674559835399897 9.3464725936395759e-07
0.75346053943634173 1.2280699746338871e-06
0.03158133069299851 5.6885999629875838e-07
0.14415714892135845 6.9395047003376279e-07
0.61419880354359924 1.0685415594442899e-06
0.2325522624430636 7.6637906716322141e-07
0.66605229926914855 1.1213865937744483e-06
0.35122292746129835 8.5557479526246476e-07
0.88664555812782142 1.4848388865161757e-06
0.81925938555998645 1.3341179689457229e-06
0.49283780006878219 9.6277707625886892e-07
0.77289508709485777 1.2567911532422289e-06
0.27113788623509039 7.9596291044116759e-07
0.49425977681186262 9.6388534739532583e-07
0.19748205186327816 7.3875993923210849e-07
0.86088616852099387 1.4209898180523129e-06
0.82306761656841487 1.3416076280584907e-06
0.90214966840900124 1.5273933287863273e-06
0.87747698122425943 1.4613291100200362e-06
0.95959626205949478 1.7538204405086563e-06
0.22833623163192596 7.6305878215753503e-07
0.93182429079531548 1.6257499389144719e-06
0.57121319135199766 1.0283905540308013e-06
0.42249508391815216 9.0857607589267479e-07
0.56037389596787301 1.0188968522587043e-06
0.34260235665027783 8.4926932392137275e-07
0.2885530069609521 8.0917150851079507e-07
0.24131433797752877 7.7327953571267336e-07
0.082427989457126816 6.3634210850499778e-07
0.49656489714718743 9.6568192975585441e-07
0.88776167571388742 1.4878815274287787e-06
0.63015196927438466 1.0843299082047531e-06
0.52097563275577352 9.8554396189357618e-07
0.4285929182509165 9.1315489839913026e-07
0.46440162631719195 9.406142731374268e-07
0.20927734757195093 7.4804918431439818e-07
0.82293587719309724 1.3413485358420062e-06
0.19838296328152805 7.3946944132245472e-07
0.71662275672731302 1.1798339112213841e-06
0.75998501149615261 1.237712109385238e-06
0.57486904202773426 1.0318053263880756e-06
0.86292637495482849 1.4255484763174925e-06
0.29105035245065003 8.1106563450243592e-07
0.88161722124286324 1.4715101573800695e-06
0.72941045959930417 1.1964496510997717e-06
0.79874982776176073 1.2980107607682089e-06
0.66457970952731416 1.1198665716731397e-06
0.84634301698996939 1.3888954443317101e-06
0.99309886271763592 2.0965381258769996e-06
0.42016285452463864 9.0682482063474529e-07
0.81391568370957035 1.3237969959893482e-06
0.74457975951803357 1.21615992620625e-06
0.45287016571201799 9.3162679495812916e-07
0.92694899973251199 1.6084004346703366e-06
0.3944259295725947 8.8749913797653001e-07
0.56546591627623755 1.0232075396148345e-06
0.10594235699096155 6.5915470532767776e-07
0.22577519406626623 7.6104186743153357e-07
0.84069617053376067 1.3764337712121111e-06
0.39655272282884735 8.8909613263018641e-07
0.39408408941525819 8.8724245251729858e-07
0.24598101819062024 7.7688253977244101e-07
0.49161033429745438 9.6182040457491128e-07
0.80581696135062242 1.310026882356646e-06
0.89516411777373961 1.5080612767183362e-06
0.070114432044183883 6.2414694804902037e-07
0.57482073124011546 1.0317602013660901e-06
0.46727336789233453 9.4285247310418513e-07
0.61428185047157835 1.0686191299960365e-06
0.44727568690826913 9.2726652717464667e-07
0.39864482085341513 8.9066707486932378e-07
0.47188071242948937 9.4644338061451444e-07
0.58199912875641413 1.0384652327205906e-06
0.50098321103177679 9.6912550910687085e-07
0.47214445102064617 9.4664893521979978e-07
0.81783530995808074 1.3313172352755549e-06
0.74564799123785774 1.2175479362784358e-06
0.34137849418119282 8.4837413613237059e-07
0.80057711751532046 1.3011176690472155e-06
0.85365066900450015 1.4050222456150594e-06
0.1534922053741905 7.0203488835328785e-07
0.58268246173075877 1.0391035045644305e-06
0.28531199359921378 8.0671334336182077e-07
0.73917232192672255 1.2091337560390785e-06
0.23878532935868324 7.7128784500343534e-07
0.67140352417303184 1.1271344796364631e-06
0.2551246560576339 7.8381758428811049e-07
0.51114376342994317 9.7722072038561083e-07
0.94864646791619212 1.6979337496389699e-06
0.3813075384564345 8.7764862692403806e-07
0.87573848596320769 1.4570540673876213e-06
0.98694458120389461 1.9660397369336455e-06
0.87485084880516328 1.454871325347554e-06
0.16586602972334286 7.1275096412169129e-07
0.81965821953516305 1.3349023568964675e-06
0.032149395100561251 5.7016791936911372e-07
0.39330188369930785 8.866550995422223e-07
0.87073337331786382 1.4447462570540232e-06
0.68875221275991982 1.1471447028348943e-06
0.53274042733787808 9.9550353553652491e-07
0.38786402508262052 8.8257184833166938e-07
0.81229694647028605 1.321044685842328e-06
0.70955840394822089 1.1711428585169204e-06
0.46840531961567333 9.4373470231710558e-07
0.89248433720965981 1.500755944302774e-06
0.22994801781863239 7.6432812523110944e-07
0.17039150915862489 7.1667015508064135e-07
0.64280376433358155 1.0973892196781926e-06
0.97199434270177032 1.8307687229401707e-06
0.24725657330677031 7.7784999185675896e-07
0.24967037893382649 7.7968075656105662e-07
0.13949884796218992 6.8991625194387246e-07
0.86056355527363215 1.4202778630055712e-06
0.22639754041133409 7.6153198890607625e-07
0.50317852672488783 9.7083651108346798e-07
0.99087247800220457 2.0141812359523377e-06
0.012140900922043563 5.2322923390100629e-07
0.55648609051079412 1.0156056018684819e-06
0.5122890427049458 9.7819026500464593e-07
0.80744737641015474 1.3127990480938039e-06
0.35528153955277697 8.5854344580643028e-07
0.41034135889904155 8.9944992607982043e-07
0.16793798059886367 7.1454533116166069e-07
0.74081523163578666 1.2112684756711148e-06
0.78470890918814828 1.2742501083128856e-06
0.13666332077883026 6.8746060660069853e-07
0.39345707398832175 8.8677163087930726e-07
0.89290499536268297 1.5019026977654799e-06
0.0027072736757871585 4.8049655749778866e-07
0.29875907062263229 8.1691235595608293e-07
0.55504228505254771 1.0143833377067797e-06
0.33409385965995331 8.4304582838907297e-07
0.2720451891776694 7.9665105955506488e-07
0.46003748490321261 9.372129151419002e-07
0.18152310810969374 7.2619166256969939e-07
0.52962524095948382 9.9286635152701212e-07
0.70669592131322589 1.1678412304923577e-06
0.57529495262850217 1.0322031511011651e-06
0.093109330858530903 6.467046723530374e-07
0.84440861416557322 1.3846265314320597e-06
0.17497783748748819 7.2064204287248964e-07
0.76481200061112864 1.2448456336096106e-06
0.36056511077585041 8.6240808628744306e-07
0.78276134805610231 1.2713719218941937e-06
0.20627290340534576 7.4568306998467178e-07
0.18666210369542979 7.3023881752467085e-07
0.49702584621748225 9.6604118777640263e-07
0.032936014698360494 5.7197904836409765e-07
0.22529733878233338 7.6066553817655312e-07
0.72401225218434828 1.1894354741897853e-06
0.83738347830542548 1.3697626753963284e-06
0.080785363937810439 6.3474850605539365e-07
0.88207770943810437 1.4726425197801769e-06
0.79751720405317905 1.2959149525923947e-06
0.86968429570696537 1.4421665252527474e-06
0.6984285545788399 1.1583055325754915e-06
0.67415306729396474 1.1303058416254702e-06
0.5250932333448638 9.8902974704801236e-07
0.65278722449131499 1.1076942487410637e-06
0.91910966456660514 1.5806728135766771e-06
0.10052200141670842 6.5389611667233419e-07
0.31576447784609118 8.2963889812182317e-07
0.07245497359587183 6.2666673069091713e-07
0.94480517194403846 1.6798064432680285e-06
0.44526546599938799 9.2569978579012244e-07
0.67534447067618841 1.1316800231653751e-06
0.84112006450432142 1.3773692363676561e-06
0.99100024807648857 2.0157961424716445e-06
0.16178245779226574 7.0921447734247281e-07
0.79951260571822869 1.2993076985654999e-06
0.88742289813673636 1.4869579880729069e-06
0.048875376850875618 5.9504348454910721e-07
0.75409056018557341 1.2290010453633732e-06
0.35472532119655031 8.5813660280479363e-07
0.64859679147043203 1.1033688411785603e-06
0.51404819603886476 9.7967948923683565e-07
0.25974225208663693 7.8731982644623897e-07
0.13522136200398605 6.8621183022808058e-07
0.11694723308920829 6.6983114819400701e-07
0.1033228577084917 6.5661338326480287e-07
0.63779004013457774 1.0922140025923677e-06
0.35141085139953809 8.5571225124221976e-07
0.21663343820587244 7.5384238614958327e-07
0.69188509270590304 1.1507582109487232e-06
0.68684956576646683 1.1449501628374677e-06
0.5391682923569977 1.0009450920871369e-06
0.93495781686585089 1.6386509298481521e-06
0.38541423144142128 8.8073231487628788e-07
0.83586297126929299 1.3667722897411536e-06
0.075139407932196312 6.2927104986401052e-07
0.73983109403850444 1.209989733547946e-06
0.98844741383193002 1.9835304598589513e-06
0.84659821628781684 1.3894586277394385e-06
0.57966471931005936 1.0362847615922486e-06
0.62676606432716064 1.0808349426984066e-06
0.35328954943694679 8.570864150758145e-07
0.67948521825810393 1.1364560200891493e-06
0.77039538318132705 1.2530969873768851e-06
0.99822848111785389 2.3073167994589999e-06
0.49246291700043299 9.624848970187936e-07
0.061304065773442273 6.12074274813434e-07
0.59585795073098524 1.0514101602848489e-06
0.11902414998216859 6.7184608087910431e-07
0.24476504355611006 7.7596027684570434e-07
0.32877991130573725 8.3915896871468603e-07
0.73102987314841061 1.1985538409262671e-06
0.18380812387850054 7.2799119960697238e-07
0.16575294684235253 7.1265303120405739e-07
0.044964242498827467 5.8968413335282827e-07
0.87323993635388086 1.4509100149197338e-06
0.69350542435606066 1.1526271244295748e-06
0.039946465617626492 5.828083714611811e-07
0.028292305638114579 5.6128727797494036e-07
0.55867429647505606 1.017458043770031e-06
0.28253440128671103 8.046066625621491e-07
0.59672635043192879 1.0522212949719214e-06
0.43460417568096532 9.1766871089562799e-07
0.9233125623102546 1.5955384053220236e-06
0.2878090149613679 8.0860722351706938e-07
0.6791453684388935 1.1360640324929522e-06
0.054054311618599193 6.0214007795258228e-07
0.95586053418892536 1.7331722614466774e-06
0.98075746790835217 1.9032464698369619e-06
0.73907462901641241 1.2090068184646037e-06
0.46521247156357315 9.4124623592238128e-07
0.21999343932726134 7.5648851513729507e-07
0.81251634024796471 1.3214177171817226e-06
0.73635409714702227 1.2054718872634996e-06
0.22195403956094906 7.5803256257187762e-07
0.45121529415726569 9.3033700847772404e-07
0.46279893781678505 9.3936515748601012e-07
0.82641054997270913 1.3481821850061746e-06
0.68384468433407652 1.1414842900225971e-06
0.64316754354005512 1.0977647162731556e-06
0.64982742256327841 1.1046391111027238e-06
0.27047007938247891 7.9545640850855741e-07
0.37171125982953401 8.7056087859809784e-07
0.04566228543670614 5.9064064798961524e-07
0.78694113581212377 1.2779326518032289e-06
0.43299821516981385 9.1646280602323285e-07
0.43823835708757353 9.2039759310348176e-07
0.24535626493362672 7.7640869208604158e-07
0.2094272814594289 7.4816726296722081e-07
0.58782192956902923 1.0439040596915057e-06
0.23255301520367577 7.663796599909035e-07
0.064208851565464409 6.1605464618606543e-07
0.76750741598089833 1.2488290299622859e-06
0.37646943440636593 8.7404122045571256e-07
0.38023558389930445 8.768437035062746e-07
0.43131828151579132 9.1520135521879569e-07
0.81504482340809381 1.3258291771793128e-06
0.32083689593981712 8.3334909175298478e-07
0.75803621125783605 1.2348320917640333e-06
0.93954484077954326 1.6575360939064838e-06
0.6608681959247994 1.1160355096027882e-06
0.43168108117702464 9.1547377902756724e-07
0.7477897231466647 1.2203308020239265e-06
0.45789736975138551 9.3554493578639686e-07
0.41442727110814082 9.0251800988818185e-07
0.52528316357268323 9.8919053388349778e-07
0.31772233480929379 8.3107096233683428e-07
0.1042502162800012 6.5751306543450028e-07
0.41485200552616519 9.0283694008641083e-07
0.12385688112930193 6.7636987395931974e-07
0.41044147355544669 8.9952510149734707e-07
0.55693372121345031 1.0159845469420094e-06
0.93071118120564678 1.621707219004082e-06
0.036222331045303591 5.7770526241947054e-07
0.62145840650194417 1.0753563243355873e-06
0.45773518665007729 9.3541853227742549e-07
0.020261128204139167 5.4279613135816689e-07
0.24954817593872036 7.7958807099943053e-07
0.11848525235480156 6.7132326629418592e-07
0.21679414573144473 7.5396894945316476e-07
0.27457024346091818 7.9856620143989223e-07
0.40130633538219629 8.9266558810543479e-07
0.52903939348889029 9.9237039802895561e-07
0.00098999392638610129 4.5164910314231374e-07
0.1618693606287408 7.0928973761398472e-07
0.093566385608800706 6.4714808660727123e-07
0.54967339926274372 1.0098382678348866e-06
0.32907487040126981 8.3937471499929382e-07
0.54839773603471809 1.0087583457185711e-06
0.22182330217467783 7.5792960189564829e-07
0.024229354087584865 5.5193265551324939e-07
0.9413669012702468 1.665037670514451e-06
0.10830812118899402 6.6144986486150712e-07
0.12685874796171681 6.7896957406133539e-07
0.1465468265101405 6.9601999723738755e-07
0.9812765239932727 1.9079607510826169e-06
0.6176602401699961 1.0717747380275198e-06
0.61028995170385059 1.0648904696173331e-06
0.98669820151852961 1.9633732300873662e-06
0.088438769274654772 6.4217350058347343e-07
0.97450089254228911 1.8503805765408358e-06
0.2040131465540409 7.4390342530796225e-07
0.62307150356203544 1.077021379519145e-06
0.42008356530279167 9.0676528289500031e-07
0.38395181347717822 8.7963419513030826e-07
0.93124332847946256 1.6235894166218797e-06
0.14922772844025645 6.9834173281404867e-07
0.99706901107624357 2.2198566737839362e-06
0.37912506109154853 8.760098194502969e-07
0.64877490388855441 1.1035526906271691e-06
0.96790673148336015 1.803602920434717e-06
0.057601050378974783 6.070001049696428e-07
0.92286436292519058 1.5939531302367698e-06
0.56781138535434328 1.0252130738446719e-06
0.70439687897745229 1.1651894824912874e-06
0.14918418388634835 6.9830402202021363e-07
0.53338743083103224 9.9605126111663114e-07
0.67351371472524368 1.1295684033148726e-06
0.45624730738768182 9.3425889753018373e-07
0.15498517810605672 7.0332784423042017e-07
0.24411907508557662 7.7547033835907305e-07
0.85439279099349852 1.4066599883292421e-06
0.034470992832762781 5.753054377907015e-07
0.70886207844081239 1.1703397068116938e-06
0.99939003651452685 2.4136307095598612e-06
0.0074829961067666151 5.021297422640851e-07
0.16104568281993992 7.0857640974066091e-07
0.67414430089313448 1.1302957303345572e-06
0.059990834585348263 6.1027477970398655e-07
0.5897899838558589 1.0457423342744595e-06
0.68400010356105612 1.1416635527608505e-06
0.58814634811407018 1.0442070850549719e-06
0.3651847030210672 8.6578706282487934e-07
0.69728229598663893 1.156983421675974e-06
0.59429442801382049 1.0499497411845886e-06
0.20763717209391974 7.4675748359152527e-07
0.56313554358510975 1.0212347454218861e-06
0.8819072171389275 1.4722232710978199e-06
0.66683328569044997 1.1221927358977266e-06
0.47179150739384712 9.4637385530989185e-07
0.32158410286945116 8.3389563234570856e-07
0.085886209437572858 6.3969712020261359e-07
0.2446271327590287 7.7585567761169469e-07
0.011186753086876888 5.1890711160205829e-07
0.98662591752496442 1.9625909181713797e-06
0.22248225212873995 7.5844855010783635e-07
0.81487594268537267 1.3254970389657697e-06
0.16864488180497861 7.1515752725170975e-07
0.28360114960557392 8.0541574393500387e-07
0.41827731922836675 9.054089849494599e-07
0.3244056641416051 8.3595944855100646e-07
0.79835081275986108 1.2973323226549132e-06
0.95769340801542313 1.7433029530491604e-06
0.8752944836508485 1.4559622445585627e-06
0.15357786694775655 7.0210907365662439e-07
0.77668867634929029 1.2623974763971438e-06
0.14794691330471144 6.9723251131142083e-07
0.91338110656210136 1.5622127135511867e-06
0.51787857566857842 9.8292212536926872e-07
0.33638108805670675 8.4471880961298735e-07
0.1570254973341928 7.050948173846766e-07
0.011809088179004612 5.2172618038780166e-07
0.24794699166088474 7.7837364361220432e-07
0.91402006328131191 1.5641935889788044e-06
0.7972621922722275 1.2954813605953188e-06
0.96979370775071949 1.815654231055301e-06
0.10076152112137304 6.541284880701929e-07
0.59217874350566946 1.0479735715825049e-06
0.25715047403077662 7.8535407753387565e-07
0.54294170577240741 1.0041395030506084e-06
0.32045488556345514 8.3306967226523218e-07
0.28346555024335751 8.053128978220076e-07
0.57384530202459749 1.03084909502804e-06
0.18331816186954031 7.2760533584444749e-07
0.46913343697211685 9.4430218800491766e-07
0.65081226504403478 1.1056556755228945e-06
0.12818207318280406 6.8011561047944419e-07
0.93059427087690405 1.6212937087728302e-06
0.50572469945412479 9.728209667069363e-07
0.81952797188434223 1.3346461984589336e-06
0.65390543062106332 1.108848472475448e-06
0.71000094122254553 1.17165328727864e-06
0.71613094099283803 1.1791948689794791e-06
0.87509989706147262 1.4554837468692593e-06
0.61360543504692411 1.0679873195368529e-06
0.27821715172138961 8.0133221989980674e-07
0.09950964286545716 6.5291397129094321e-07
0.60625061945014147 1.0611175036662458e-06
0.066352803770581059 6.1899246211899013e-07
0.2412934516895302 7.7326308696455633e-07
0.060707184601911712 6.1125638017399172e-07
0.54888758900656709 1.0091730343655593e-06
0.16033812494286803 7.0796364495531359e-07
0.61040731943347326 1.065000097748868e-06
0.7908651308632676 1.2846045508205737e-06
0.82188072077186236 1.3392733566083394e-06
0.30954350813762743 8.2508860243138308e-07
0.54895453269449601 1.0092297060384225e-06
0.56301076008635897 1.0211291090304848e-06
0.47288718215416659 9.4722781070523528e-07
0.65511389142476484 1.1100958580017819e-06
0.21008712382353356 7.486869139863418e-07
0.97924323958679427 1.8894936242671945e-06
0.098079827090932437 6.5152682742037106e-07
0.82922114120311918 1.3537097830364716e-06
0.59409598695118782 1.0497643859512025e-06
0.24485474719371592 7.7602831308347548e-07
0.74567500066029979 1.2175830310520673e-06
0.084480895677071954 6.3833374709969918e-07
0.77441783444878309 1.2590415322835081e-06
0.58998522224301353 1.0459246980268851e-06
0.11075031839640159 6.6381917631221476e-07
0.079505563092370224 6.3350690001779372e-07
0.7508363334364625 1.224289424193431e-06
0.29293590650383716 8.1249574377466856e-07
0.88930185076721346 1.4920801886525815e-06
0.76207302103017605 1.240797856263238e-06
0.69819024471771607 1.1580306626054882e-06
0.27860605263345095 8.0162718402421277e-07
0.70894451902161792 1.1704347949455472e-06
0.948147684514834 1.6955799608149106e-06
0.091559834370568915 6.4520141956058307e-07
0.32616264200356604 8.372445808001801e-07
0.23467226546159414 7.6804865036831605e-07
0.3932501344006667 8.866162413443145e-07
0.74233265485394639 1.2132401440568101e-06
0.47424258142538656 9.4828419218121754e-07
0.57073060612024629 1.0279397919905597e-06
0.31415488807834235 8.2846157212173042e-07
0.14128926708710055 6.9146680466373993e-07
0.26693364893772853 7.927741825808016e-07
0.85968030124198702 1.4183286647921457e-06
0.60241696215341045 1.0575366498170923e-06
0.37798867319723373 8.7515651347597853e-07
0.78990598173558757 1.2829737266123244e-06
0.064457432454908759 6.1639527173540707e-07
0.25389108792238568 7.8288197746996226e-07
0.23010315405733928 7.6445030093387137e-07
0.9853645621682221 1.9489395788194272e-06
0.70609858239276024 1.1671522513188735e-06
0.61778593638855417 1.0718921454411744e-06
0.0049849652944728984 4.9081410093541431e-07
0.18431000208985737 7.2838644783320614e-07
0.63554129297307826 1.0898928229123597e-06
0.37971932648166573 8.7645604930742109e-07
0.92428038367906085 1.5989615762456643e-06
0.76472421914175792 1.2447159065223328e-06
0.44738407280411996 9.2735100180516022e-07
0.74951497753827045 1.2225725164648957e-06
0.97540432382622155 1.8574492419199678e-06
0.46098082470147062 9.3794814254654503e-07
0.64252588788853338 1.0971023927868276e-06
0.91866461506129515 1.5790986795729642e-06
0.24867466203617328 7.7892554937649154e-07
0.88655791366627834 1.4845999595179963e-06
0.097544706772982659 6.5100767741357421e-07
0.64844817058764648 1.1032154331925254e-06
0.78283815505578436 1.2714854304561115e-06
0.61460621925242609 1.0689221088769171e-06
0.49553480415254303 9.6487908797986478e-07
0.61734709992568604 1.0714822472380801e-06
0.15166370877944457 7.0045135948632869e-07
0.21557071033021835 7.5300544742955835e-07
0.26989934395634196 7.9502353095538924e-07
0.59777934063003813 1.0532048476768634e-06
0.44190107374507048 9.2314790223798949e-07
0.24447584248583953 7.7574093063739258e-07
0.88280933214458013 1.474441614854577e-06
0.3739218402932234 8.721777960930684e-07
0.44603171922989115 9.2629699410785051e-07
0.40970107654899457 8.9896914239910792e-07
0.18194295527675264 7.2652230822100326e-07
0.73162701543023334 1.1993297395317066e-06
0.44845826226885799 9.2818821182610348e-07
0.016257109892718447 5.3357719798738751e-07
0.964013702359797 1.7787398079332042e-06
0.81576361159541366 1.3272428200190975e-06
0.72355935409180328 1.1888469997020312e-06
0.86909187051852899 1.440709723503659e-06
0.90680725360555026 1.5418326417953198e-06
0.33748970638443865 8.4552970267876748e-07
0.6109586784166986 1.0655150983826051e-06
0.60880780920559419 1.0635060642677988e-06
0.26729966881059697 7.9305179244996763e-07
0.22195225144706721 7.5803115436402143e-07
0.11390725481902209 6.6688189606006458e-07
0.65931419591645279 1.1144314549967998e-06
0.78091899103077989 1.2686492104570986e-06
0.7609529795170038 1.2391426125748428e-06
0.31627537718497434 8.3001259276573148e-07
0.20525985046520223 7.4488525217028595e-07
0.45361417845462193 9.3220666931387822e-07
0.54681346024051058 1.0074171653577043e-06
0.91908712796855574 1.5805931019380968e-06
0.8748231542740541 1.4548032231767694e-06
0.91605833130182768 1.5705125694595596e-06
0.85026238513597963 1.397544853351367e-06
0.96458120443631123 1.78236420105367e-06
0.46549999716905743 9.4147032983327062e-07
0.047473497433094369 5.9312251649778213e-07
0.083562032148478238 6.3744230644399325e-07
0.39027614177234315 8.8438309041933236e-07
0.25768709127299727 7.8576107795502108e-07
0.16994059136106732 7.1627964773646041e-07
0.95320377450864857 1.7194399531251468e-06
0.19541958841062246 7.3713567062891456e-07
0.95937927231523101 1.7526210910781294e-06
0.76083884032120708 1.2389739329489367e-06
0.64094567212522346 1.0954712780120668e-06
0.67601896008937834 1.1324579888101737e-06
0.33147432365912399 8.4112978250971289e-07
0.64642703805828217 1.1011291996496511e-06
0.18669211828126531 7.302624551553633e-07
0.93770543253597949 1.6499630951378797e-06
0.30179333996059354 8.1921371491597848e-07
0.25518651229354217 7.8386449950455222e-07
0.71116279819415751 1.1729933895699554e-06
0.65644871806618188 1.1114736796303922e-06
0.45129891834330527 9.3040218413699445e-07
0.63244623469078631 1.0866980722901923e-06
0.15949307176085614 7.0723180541474423e-07
0.67332830740195504 1.1293545518814891e-06
0.27061069519519387 7.9556305937716883e-07
0.27283597667645731 7.9725083686320973e-07
0.16217993494378458 7.0955870360201052e-07
0.33237713503616462 8.417901391600015e-07
0.33125106031132812 8.409664777040446e-07
0.45417901170226926 9.3264689338106152e-07
0.19041950466634949 7.3319791404529845e-07
0.19300753615876631 7.352360875178013e-07
0.54173857166322836 1.0031209809949036e-06
0.12887740467047515 6.8071778687178572e-07
0.68889700798883513 1.1473117117032678e-06
0.94394712586259655 1.6757572722821326e-06
0.42679562166437823 9.1180532056343883e-07
0.90110531315067677 1.5242575309027648e-06
0.098316591125864439 6.5175652538963357e-07
0.042957627375644569 5.8693450774733872e-07
0.72136887751383993 1.186000797425244e-06
0.76102157298149653 1.2392439828346335e-06
0.84305824096575133 1.3816464770714271e-06
0.056817678399981419 6.0592666561040651e-07
0.77690705495683043 1.2627202053384916e-06
0.37653873279658179 8.7409190840005747e-07
0.3033376326821986 8.2038499257650248e-07
0.17302392134329692 7.1894989719016521e-07
0.99601575510252705 2.1979755835897378e-06
0.063663589318863623 6.1530748395368763e-07
0.82700801460799944 1.3493572204597369e-06
0.63949443549052754 1.0939732968050139e-06
0.73508044426186714 1.2038169625872743e-06
0.71171711992179643 1.1736327521038002e-06
0.85843448507318254 1.4155793508196216e-06
0.1837920698561083 7.2797855645225703e-07
0.00082461683468537661 4.4398493505154735e-07
0.59852848904326617 1.0539045948820666e-06
0.35385863932333395 8.5750267289073e-07
0.12378733111713769 6.7630964171591502e-07
0.18613875410423886 7.298266597681922e-07
0.3317493124592229 8.4133092162638577e-07
0.070233370886703228 6.2430992762746571e-07
0.056913202128450857 6.0605755991430018e-07
0.91602625483244415 1.5704131269025032e-06
0.3121027493536962 8.2696054600642264e-07
0.98223069747358493 1.9166269478078247e-06
0.9643670083303999 1.7809962221072952e-06
0.1425712823271138 6.9257706549018947e-07
0.71492430289619091 1.177627020168638e-06
0.6008048891270692 1.0560308819680954e-06
0.69064707310515361 1.1493302616019494e-06
0.096191000014474781 6.4969437113588919e-07
0.18856007863455804 7.317335451521133e-07
0.076638661450881496 6.3072555915529959e-07
0.60413420521707117 1.0591406524596043e-06
0.98659107584909111 1.9622138352673472e-06
0.67198453765794142 1.1278046288212913e-06
0.71076153502192962 1.172530566942333e-06
0.98458504154328108 1.9405030184750055e-06
0.67801155417179615 1.1347562750543103e-06
0.04018157262847033 5.8313053401720778e-07
0.86700560085659761 1.4355794870587954e-06
0.36467829037879629 8.6541664995169419e-07
0.0043636215147153656 4.8799952262079329e-07
0.50723417756082056 9.7399743532704919e-07
0.93701500087626366 1.6471205298035508e-06
0.2573306871949832 7.8549076124054241e-07
0.49151317305283992 9.617446782991387e-07
0.17377688778239075 7.1960198705217677e-07
0.057692671666440098 6.0712565183466548e-07
0.080544946713113186 6.3451526392339277e-07
0.72701090596135542 1.1933317839213184e-06
0.86407447074214905 1.4283716985297418e-06
0.14329883925249109 6.9320715000716451e-07
0.28831856781046872 8.0899369679422627e-07
0.19502946764482731 7.368284356519655e-07
0.026855776926427932 5.5797978498958683e-07
0.5534313698869836 1.0130196055895711e-06
0.69992217013764757 1.1600282899213683e-06
0.64787748088507047 1.1026263614801121e-06
0.38805354730224761 8.8271415928295903e-07
0.55501024593990533 1.0143562147596181e-06
0.094099306636224678 6.4766510295991004e-07
0.15430371872268445 7.0273768146592229e-07
0.93179461955298337 1.6256277799090252e-06
0.76150774781989683 1.2399624721256595e-06
0.92273909582516733 1.593510062219975e-06
0.91668028449936723 1.572440731053441e-06
0.64939261710774066 1.1041903004914508e-06
0.92823864811216517 1.6129619033227537e-06
0.4167041030824632 9.0422766759918735e-07
0.0036162447849409363 4.8461403715363968e-07
0.062571115846159375 6.1381048884029436e-07
0.10948732570081521 6.6259387679637861e-07
0.095353453182860259 6.4888182033424667e-07
0.35170239085026345 8.5592549624555483e-07
0.70127080710935763 1.1615838269109465e-06
0.79064880660049497 1.284236738522798e-06
0.59021327434462467 1.0461377116539919e-06
0.14643617455697955 6.9592416957081199e-07
0.74790160214817525 1.2204761723383263e-06
0.35480191913759895 8.5819262996733962e-07
0.012993348671796245 5.2606264762981469e-07
0.28058862053274936 8.0313087400373103e-07
0.33060055414097789 8.4049066837491019e-07
0.27424553521810291 7.9831992461317637e-07
0.8118701531875856 1.320319016812081e-06
0.75992639759409031 1.2376254873356983e-06
0.69555203041264146 1.1549877088499095e-06
0.13900507851226529 6.8948863387784777e-07
0.80783390970628199 1.3134562637846979e-06
0.67717596166332372 1.1337924908170333e-06
0.19483768648139188 7.3667740067384207e-07
0.64809393028151641 1.1028497827474659e-06
0.48351164100368105 9.5550838290213595e-07
0.43935006185622505 9.2123236468589176e-07
0.11212316347238882 6.6515104973698091e-07
0.51830427584516536 9.8328250499416938e-07
0.099931808972363645 6.5332353813024688e-07
0.16425338725426664 7.1135437092638304e-07
0.13254631427476271 6.8389516455208714e-07
0.95410827907000761 1.7237083644677064e-06
0.28486469044389007 8.0637408372147993e-07
0.35520432359600773 8.5848696659952427e-07
0.32208060629603608 8.342587971750124e-07
0.89825044517814379 1.5164748938385775e-06
0.56296591133488849 1.0210911419890759e-06
0.91915989893331174 1.5808504918435763e-06
0.29992490582789555 8.17796590345505e-07
0.11483467443194895 6.6778163744943883e-07
0.55621845272417458 1.0153790311258421e-06
0.34553699179001751 8.514158474145194e-07
0.80190683349074832 1.3033785614780607e-06
0.8794234089116586 1.4661154683903833e-06
0.47257351090707178 9.4698333920372637e-07
0.97135902408550834 1.8257978360699026e-06
0.55301300634440587 1.0126654368463132e-06
0.27092039338631246 7.9579795174419685e-07
0.48897551534427453 9.5976685917776708e-07
0.037310292402927603 5.7919607466948526e-07
0.80400116026306756 1.3069395080521807e-06
0.10143505085442095 6.5478191675484718e-07
0.30874848850300496 8.2448888716757491e-07
0.56531654700494338 1.0230810899563158e-06
0.042975125646898871 5.8695848528749412e-07
0.079316899181448242 6.3332386665622618e-07
0.69611635761301283 1.1556386118377533e-06
0.071777093060768737 6.260090810510109e-07
0.4770828662473765 9.5049787514252194e-07
0.33869563342075037 8.4641177168946342e-07
0.22807940795641646 7.6285652372131894e-07
0.18877889786366542 7.319058736378164e-07
0.76341129373257943 1.2427756110321046e-06
0.95154219315028254 1.7115988509133695e-06
0.14017974220333174 6.9050592527949292e-07
0.95968121917412696 1.7542900169275744e-06
0.59476250347510373 1.050386950274368e-06
0.64166040536325708 1.0962090329260712e-06
0.70992637814258186 1.1715672851658598e-06
0.70411889035458097 1.1648688464753476e-06
0.81981110818568825 1.3352030434546384e-06
0.48346865134769745 9.5547487729444943e-07
0.53335858751470111 9.9602684359441251e-07
0.32382700246341589 8.3553618949914113e-07
0.10525759378311705 6.5849037842383555e-07
0.66464019092621907 1.1199290011879201e-06
0.033609969186250921 5.7353077491366842e-07
0.27563505108336828 7.9937381088043632e-07
0.094229864446100264 6.4779176435849785e-07
0.19072715732271805 7.3344020224186504e-07
0.63873091289738082 1.0931851810226875e-06
0.62847663020491817 1.0826006061863901e-06
0.42105491299571207 9.0749466129972992e-07
0.090171976489491157 6.4385498137794213e-07
0.43337391645940837 9.167449175773721e-07
0.3527448718582934 8.5668801351545091e-07
0.72045915285594975 1.1848187439768824e-06
0.57902660819905172 1.0356887295395174e-06
0.49156576733699897 9.6178566963557207e-07
0.48698208230499518 9.5821320205176729e-07
0.96629688726041885 1.7933215336907447e-06
0.75629422170345051 1.2322577075280592e-06
0.49697956046012781 9.6600511322795813e-07
0.47922261288897761 9.5216556728569997e-07
0.026479101304963448 5.5711251936126212e-07
0.94250926331980667 1.6697408713535727e-06
0.31917397176732965 8.3213275458206046e-07
0.25593908188074377 7.8443529021873945e-07
0.99940892538767134 2.4147319917960344e-06
0.71868967150452445 1.1825195631037222e-06
0.047363773299287981 5.9297216365514251e-07
0.061885477025576452 6.1287097132375032e-07
0.025501563960197871 5.5486181745434589e-07
0.59961889951286906 1.0549231002478342e-06
0.071564500061951808 6.2580283274931373e-07
0.9333883568449306 1.6321893306640718e-06
0.93690654002267792 1.6466739873279907e-06
0.54605406674807977 1.0067742951946038e-06
0.61663893139595083 1.0708207775736648e-06
0.29189440152524981 8.1170580835784156e-07
0.063972542408273325 6.1573083635232223e-07
0.73746044519181553 1.2069094238962528e-06
0.10178598874901745 6.551223811406195e-07
0.085557641018393138 6.3937835769009322e-07
0.3112231092042238 8.2631713782910321e-07
0.012465659837882059 5.2470033481450622e-07
0.434035615756316 9.1724178309844856e-07
0.70768091008007672 1.1689773304905749e-06
0.80134893142193897 1.3024299705098894e-06
0.60430730379892128 1.0593023363752817e-06
0.84687420311391259 1.3900676858462584e-06
0.40650220376711033 8.9656713048968648e-07
0.84877208506047663 1.3942560030992741e-06
0.50647331049837929 9.7340442492228148e-07
0.22303612799829531 7.5888474847238296e-07
0.94414564666046596 1.6766941038488931e-06
0.27497087383711649 7.9887006184356034e-07
0.026201484187793112 5.5647332805225114e-07
0.24267404295502693 7.7435035522305687e-07
0.36668756125742774 8.6688632060569605e-07
0.35134968328926408 8.5566751014852924e-07
0.52466750944357166 9.8866934733878738e-07
0.88312688203592349 1.4752466464430288e-06
0.29233822710969914 8.1204243041463278e-07
0.52077060795916885 9.8537039663953242e-07
0.34013895368847935 8.4746748073515072e-07
0.82177305937320044 1.3390616186192845e-06
0.15760151328847838 7.0559366320919782e-07
0.1035102683100585 6.5679520072120224e-07
0.50299525323760175 9.7069366998777116e-07
0.6718875857654919 1.1276928031350034e-06
0.79552520109076652 1.2925279853729551e-06
0.58962485290531641 1.0455880925793635e-06
0.77384976131900063 1.2582020103090448e-06
0.39271005856092378 8.8621070205359934e-07
0.032867670266468973 5.7182169075110296e-07
0.11609930790155654 6.6900852877148321e-07
0.038722601228996179 5.8113133393577519e-07
0.32894365047649265 8.3927873487301208e-07
0.49549134126868233 9.6484521354420709e-07
0.35631748365693938 8.5930118169225093e-07
0.56059947506639218 1.0190878179086638e-06
0.48060914849278769 9.5324621603530166e-07
0.67794280186394029 1.1346769751684017e-06
0.66696216356340621 1.1223257649483153e-06
0.31806414710867947 8.3132097915185232e-07
0.34621445536109152 8.5191137459313505e-07
0.5851478216413033 1.0414062908705382e-06
0.59643246789084181 1.0519467919720451e-06
0.31469991363713312 8.2886022821034163e-07
0.3303178857754252 8.4028391208033325e-07
0.69404501318614709 1.1532494938306586e-06
0.64741082287606955 1.1021446723393534e-06
0.13505080467977471 6.8606412284534011e-07
0.44104187967539343 9.2250273922945831e-07
0.89270607871059027 1.5013604323703179e-06
0.036305676104475215 5.7781946853012001e-07
0.85516394648421368 1.4083618032668717e-06
0.16317815706414363 7.1042319169992001e-07
0.50724863246171592 9.7400870129853615e-07
0.42433642892301149 9.0995872938739134e-07
0.010129337341458822 5.1411720378684863e-07
0.91539693708963199 1.5684621339550613e-06
0.45492522733430563 9.3322848464166622e-07
0.95426827676061499 1.7244634031778988e-06
0.28674390097921787 8.0779938171625603e-07
0.86627577341597239 1.4337848066286101e-06
0.92238957399563049 1.5922738082968737e-06
0.55683241637078063 1.0158987865801165e-06
0.20267778786771751 7.4285177943011434e-07
0.68524743210572003 1.143102239175417e-06
0.54897806652946013 1.0092496287800217e-06
0.94452966585262588 1.6785063134779005e-06
0.43927206181049183 9.2117379497976034e-07
0.268513647639822 7.9397254164675377e-07
0.13828700149410711 6.8886675922398145e-07
0.69863356868667947 1.1585419987519491e-06
0.97410961898058224 1.8473191573398445e-06
0.028343770571398474 5.6140577188630003e-07
0.74044535477812679 1.2107878750725997e-06
0.92693036255966665 1.6083345152452864e-06
0.074781534227349344 6.2892385666264685e-07
0.11017004510613315 6.6325622089362587e-07
0.69195709844970865 1.1508412633937481e-06
0.64796337589578834 1.1027150231833511e-06
0.068827415316245699 6.2238337410354989e-07
0.83442275215115647 1.3639398065701851e-06
0.52342384784489238 9.876165164378729e-07
0.90719737333661254 1.5430420798775185e-06
0.87799088099270439 1.4625928140220599e-06
0.81250776905016575 1.3214031437264998e-06
0.51589889624442131 9.8124621314855587e-07
0.25171064174943225 7.8122820558032892e-07
0.50597550391113255 9.7301644060758136e-07
0.10081137780178007 6.541768568110237e-07
0.65884614847342615 1.1139483316681156e-06
0.13397721922900763 6.8513436800886839e-07
0.51117296250072308 9.7724543907438253e-07
0.054381974166817781 6.0258906755807899e-07
0.29951249027464588 8.1748379140679602e-07
0.23208046066978782 7.6600750527868164e-07
0.62003154271167049 1.0739896694041721e-06
0.78678671202250872 1.2776700877793811e-06
0.057302954540526141 6.0659163005045242e-07
0.85028368515538422 1.3975918590352154e-06
0.86076769495460448 1.4207283661305888e-06
0.34226907428802278 8.4902554628416522e-07
0.65900406597032213 1.1141113357137409e-06
0.40261303170344953 8.9364677752422718e-07
0.15419088218963151 7.0263996189244849e-07
0.52866241856311036 9.9205126712457391e-07
0.08635967450159665 6.4015645501566592e-07
0.87847215539598789 1.4637762906975626e-06
0.92428975940960856 1.5989947380761769e-06
0.82161313701140359 1.3387470988404906e-06
0.56252812075597858 1.0207205271448971e-06
0.55759859112545496 1.0165473974707949e-06
0.98460737660092978 1.9407447453204803e-06
0.24790168983118288 7.7833928417997472e-07
0.075948365905207482 6.3005586502258285e-07
0.56194092360117776 1.0202234310617182e-06
0.3287855978101033 8.3916312807850282e-07
0.32233877280804424 8.3444763171722345e-07
0.0070853541699480438 5.0032849405204025e-07
0.59623940954793297 1.0517664645048754e-06
0.26403370227561407 7.9057470142381232e-07
0.187858548192681 7.3118106318233179e-07
0.040431931393003717 5.8347359575414312e-07
0.36436157647561129 8.6518499122704154e-07
0.87896887238645738 1.4649977414303172e-06
0.33667080759737233 8.449307234526469e-07
0.67907421011959368 1.1359819574793576e-06
0.7565469634019073 1.2326312196668906e-06
0.32810080919019957 8.3866224303130978e-07
0.82164073501204127 1.3388013759094267e-06
0.69187965966694909 1.1507519444046228e-06
0.55924222870095153 1.0179388309855267e-06
0.00099246405062891618 4.5176357756683849e-07
0.035090765922808131 5.7615470078004787e-07
0.99086584410606338 2.014097389072019e-06
0.78228392350355935 1.2706663641376394e-06
0.93756525877294705 1.6493859879412856e-06
0.90230320491802751 1.5278693182999019e-06
0.020442983142750837 5.4321483787542388e-07
0.79184728979107388 1.286274498182866e-06
0.45114574401115459 9.3028280195160021e-07
0.78955820400065568 1.282382406313062e-06
0.0067157841633851412 4.9865440675915357e-07
0.28819930120056425 8.0890323835077624e-07
0.75132377579130216 1.2249227838714591e-06
0.79302078860158975 1.2882697773457321e-06
0.61971460121462396 1.0736936280285846e-06
0.30125618944626376 8.1880631003154723e-07
0.31036259128786292 8.2568771650897744e-07
0.96676396364203265 1.7963045508360762e-06
0.43921217923420453 9.2112882955874584e-07
0.44712555024383704 9.2714951251000914e-07
0.5523327502406995 1.012089561023438e-06
0.40950233686438875 8.9881991011578569e-07
0.55267156459741418 1.0123763868165649e-06
0.43233542276755788 9.1596511969675288e-07
0.82671491960218668 1.3487807896506985e-06
0.90905101979828395 1.5487887018583502e-06
0.93211025981536166 1.6269272974721743e-06
0.56429620582938655 1.0222173126070412e-06
0.44214855746449533 9.2333373608696678e-07
0.70524005879183793 1.1661620180346956e-06
0.83832359129590661 1.371611598376737e-06
0.56298224206637715 1.0211049668902901e-06
0.6999810218222613 1.1600961702881653e-06
0.74972935072124802 1.2228510628997725e-06
0.67639377671728673 1.1328903076189048e-06
0.74613355572930951 1.2181788559490681e-06
0.20864533255599838 7.4755144839290248e-07
0.49837454702179751 9.6709234854989083e-07
0.5882685546050872 1.0443212328647205e-06
0.0024779308570230807 4.7945767476436964e-07
0.85596250881368197 1.410124100646946e-06
0.61002450844491207 1.0646425305236869e-06
0.12913633169820327 6.8094202487366196e-07
0.81635707257582713 1.3284099814728506e-06
0.71705696644054462 1.1803981029077212e-06
0.75829954346363704 1.2352212549927862e-06
0.39204246186185621 8.8570940821317774e-07
0.85420250669499209 1.4062400617833072e-06
0.41402758213236224 9.0221788614292961e-07
0.57050915294559135 1.0277329421363625e-06
0.00064230369987372526 4.3553588992696841e-07
0.64487311467786224 1.0995252241397876e-06
0.7181757921279367 1.1818518524026116e-06
0.56710936548879232 1.0245988136695282e-06
0.49655881704361604 9.6567719099811628e-07
0.80993647371170829 1.3170312159798131e-06
0.68137271716524184 1.138633088069214e-06
0.27807403972002298 8.0122367578261404e-07
0.95907333807998585 1.7509301261338416e-06
0.70726719419534079 1.1685001447279253e-06
0.98793892891242463 1.977103637177035e-06
0.97126131626886836 1.825033346425768e-06
0.91890972281008987 1.5799656223228105e-06
0.75537154122530759 1.2308941321427808e-06
0.60942936849696738 1.0640866359800614e-06
0.17217066368292422 7.1821095234332393e-07
0.5433514174237577 1.0044863474715219e-06
0.7653765223943273 1.2456799072571603e-06
0.52085715870556781 9.8544366681238562e-07
0.86823912840565776 1.4386127900413415e-06
0.10965589919169827 6.627574193231752e-07
0.38094034804863408 8.7737290613340306e-07
0.50596441859365726 9.7300780084785517e-07
0.43232529586910806 9.1595751547728543e-07
0.10858654782155308 6.6171998203578906e-07
0.15352829404463053 7.0206614214483228e-07
0.83761729285548714 1.3702225191588764e-06
0.48438425920145101 9.5618849076356295e-07
0.048722426752727643 5.9483390000976475e-07
0.016491258977649914 5.3411630761299919e-07
0.47347540199432658 9.4768626199419833e-07
0.16437872592444369 7.1146291769805429e-07
0.70512594599922185 1.1660303987230336e-06
0.79532346252775132 1.2921849728811453e-06
0.22829670845710559 7.6302765615048916e-07
0.59217694488178074 1.0479718915655454e-06
0.154444643485386 7.0285972622687427e-07
0.30358265159438702 8.2057082857393828e-07
0.88879549418143333 1.4906998132481487e-06
0.54409809148231081 1.0051184499040415e-06
0.8858886951442001 1.4827756072452899e-06
0.22524780417950696 7.6062652778825305e-07
0.33002434324866603 8.4006920193753079e-07
0.47095213845681705 9.4571966151222556e-07
0.48008007519454288 9.5283386283165879e-07
0.99764796718370041 2.2867438409376467e-06
0.11444531897113008 6.6740390204424066e-07
0.85196503560159076 1.4013023264301771e-06
0.86368203942187016 1.4274066912259703e-06
0.55319863153778737 1.0128225792231366e-06
0.34403716825915376 8.5031880935313415e-07
0.51922610428829619 9.8406288566307557e-07
0.29246770480656381 8.1214063351547771e-07
0.79910744843993953 1.2986188168488678e-06
0.49827915871033013 9.6701800407634784e-07
0.92584217887745057 1.6044856244679139e-06
0.62269134435604379 1.0766289753221664e-06
0.51431933311468336 9.7990902232856137e-07
0.71106935397765225 1.1728856096867957e-06
0.50393296443023428 9.7142451052660854e-07
0.90450635041944716 1.5346994472523304e-06
0.18444596088684129 7.2849352056944521e-07
0.97334868374590566 1.8413654155945873e-06
0.81219055185119204 1.320863784963165e-06
0.86073336186486959 1.4206525985770029e-06
0.48290783237107116 9.5503778190059243e-07
0.83720154933759738 1.369404875160798e-06
0.30677408357720515 8.2299138844206469e-07
0.76194817856417518 1.2406133589017909e-06
0.14045015838902264 6.9074011321146118e-07
0.30705191596250869 8.2320211200614263e-07
0.44573266335973283 9.2606391365087587e-07
0.32231971814342186 8.344336942826469e-07
0.38701711562418362 8.8193590975452827e-07
0.82010474478369799 1.3357805394146415e-06
0.25667589214216757 7.8499412818201995e-07
0.74528117215457224 1.2170713088081769e-06
0.073712069111651846 6.2788630902436898e-07
0.7657391075150608 1.2462157505500579e-06
0.79202324282977299 1.2865736680061442e-06
0.40169877550248201 8.9296026873418618e-07
0.72247782316747045 1.1874417092687894e-06
0.91513840374509914 1.5676606362416674e-06
0.80071297355452686 1.3013486626551756e-06
0.39044651039695988 8.8451101906583512e-07
0.48421351428006443 9.5605541427761472e-07
0.77935754478580543 1.2663416405935114e-06
0.29259458984912357 8.1223687020281394e-07
0.80388274030887352 1.3067381607095558e-06
0.32807114256094116 8.3864054353081533e-07
0.80599058238553811 1.3103220871153542e-06
0.086800443350723344 6.4058406941068019e-07
0.044397296910590134 5.8890725885989425e-07
0.99767544736982228 2.2877177171807182e-06
0.86945712323468904 1.4416078973256832e-06
0.88284750346620389 1.4745354799521318e-06
0.95127994760661749 1.7103612984443871e-06
0.43831630941448785 9.2045612697787508e-07
0.2868355546801522 8.0786889699072887e-07
0.13002499501790299 6.8171163200544211e-07
0.50120913353846452 9.6930159032230305e-07
0.22004832047660783 7.5653173613482394e-07
0.9355508567393197 1.6410925249900827e-06
0.0040031624427790957 4.8636670626335572e-07
0.14319673774312158 6.9311872726253854e-07
0.24647585308342679 7.7725785013134098e-07
0.19895671159319506 7.3992128999282811e-07
0.22577843657971031 7.6104442103449593e-07
0.65604760506117843 1.1110596467090657e-06
0.32751207831314921 8.3823161891670808e-07
0.61502438190337327 1.0693126965644221e-06
0.89025793364629124 1.4946865599883965e-06
0.60255676552570203 1.0576672341142914e-06
0.69453279128638146 1.1538121040019183e-06
0.3655032982213573 8.6602009761443993e-07
0.15973846762270916 7.0744432505092686e-07
0.32058406244990612 8.3316415802183738e-07
0.96428264870410807 1.7804574532431261e-06
0.62181138445313711 1.0757206717650485e-06
0.27751111943401519 8.0079672566724258e-07
0.45091526716210384 9.3010317113789851e-07
0.83551303743099437 1.3660840738332745e-06
0.66844357070577354 1.1238548884600884e-06
0.56065284072916821 1.0191329950041679e-06
0.88516287663384108 1.4807969581116204e-06
0.67243957221679029 1.1283294721280322e-06
0.64272973079109541 1.0973128015030415e-06
0.18976813721076813 7.3268493733975686e-07
0.10638868301240778 6.5958771104488766e-07
0.96514211705739905 1.7859465101397273e-06
0.5988583701003527 1.0542127225423139e-06
0.41568340914642909 9.0346123543467221e-07
0.58902082091021757 1.0450238923582052e-06
0.061811961071715382 6.1277023384459307e-07
0.82212727390410678 1.3397582533778918e-06
0.21664553556433597 7.5385191328060163e-07
0.80454600631794704 1.3078659001120012e-06
0.53437844326361061 9.9689021000217793e-07
0.27657201365690276 8.0008445551132427e-07
0.030209948242070461 5.6570249739199753e-07
0.81583335532660572 1.3273799852201383e-06
0.17646014146930666 7.2192575931558444e-07
0.051805115639873445 5.9905804852729885e-07
0.75587773082588083 1.23164220007743e-06
0.3500432223729788 8.5471190615820388e-07
0.38933400559164999 8.8367564674131621e-07
0.24706758728071898 7.7770665432277438e-07
0.85917847869689712 1.4172212239276823e-06
0.29732952610653207 8.1582810972931007e-07
0.21019256975102385 7.4876995667450991e-07
0.30924972633615611 8.2486905387325572e-07
0.20314957516739696 7.4322332991614508e-07
0.31765522080520747 8.3102187215027593e-07
0.082936222868173037 6.3683517402680393e-07
0.15853002911945835 7.0639778372329131e-07
0.41705288339614788 9.0448956437482248e-07
0.87946685558987636 1.4662223058410103e-06
0.057290746722285846 6.065749019149805e-07
0.21267470676003064 7.5072473420395612e-07
0.90834567554159629 1.5466020136773258e-06
0.89001467415992164 1.4940234118803052e-06
0.67945083329594125 1.1364163599866523e-06
0.24047355409523796 7.7261738634933903e-07
0.41981056105578574 9.0656028585468511e-07
0.21122099443796505 7.4957988032556776e-07
0.12858850912520325 6.8046759530085876e-07
0.3799983945138915 8.7666559960299434e-07
0.57582160507035018 1.0326950744207496e-06
0.35993267546480523 8.6194549479364173e-07
0.61082455046596973 1.0653898152517795e-06
0.29625473537930547 8.1501292854576442e-07
0.34585052776079028 8.5164518165716408e-07
0.7906735916446096 1.2842788800926315e-06
0.87831473089385803 1.4633891763504204e-06
0.32203408153105206 8.342247668794914e-07
0.57151580134527624 1.0286732089671585e-06
0.27816228389226805 8.0129060508052252e-07
0.053334641707427521 6.0115392829568175e-07
0.73785718136040801 1.2074249242205619e-06
0.17100348323615033 7.1720014163920364e-07
0.42571252374691715 9.1099202967186466e-07
0.48704549337915681 9.5826262386092624e-07
0.18447158417910592 7.2851369988902654e-07
0.094555350663396265 6.4810753665540647e-07
0.3480130146710706 8.5322692137454185e-07
0.95228590755031839 1.7151084838288387e-06
0.61513558998842144 1.0694165712377636e-06
0.38141022840290251 8.7772573610943332e-07
0.038910820774214927 5.8138924751123268e-07
0.60027328139108183 1.0555343301220885e-06
0.092257640935372587 6.4587840055104261e-07
0.54254407104752633 1.0038028824408894e-06
0.75195050827174292 1.2258383881033102e-06
0.42358534829478633 9.0939474802991142e-07
0.2994114948165244 8.1740719082307434e-07
0.047384233817598598 5.9300020030472144e-07
0.024777875161596796 5.5319558161410187e-07
0.43002656964552122 9.1423141752277318e-07
0.88334527070296787 1.4758419943718614e-06
0.24406277879319038 7.7542764011364336e-07
0.5740555057818213 1.0310454372868546e-06
0.68430581967976178 1.1420161700633066e-06
0.060829867501361434 6.1142449016069781e-07
0.1531003758033771 7.0169555305559348e-07
0.33127679341956706 8.4098530005120421e-07
0.6700931741485705 1.1256231033542604e-06
0.43903511222809688 9.2099587114294243e-07
0.73419506821824532 1.2026665465835057e-06
0.86759786557319252 1.4370358941999838e-06
0.75837227659854289 1.2353287430287869e-06
0.99224720731324911 2.0831530651997064e-06
0.75436106873164965 1.2294008140846963e-06
0.85217919500745054 1.4017749414608866e-06
0.83236635846500096 1.3598954910659876e-06
0.73026576228004658 1.19756099118976e-06
0.80180181665589056 1.3032000032209373e-06
0.9346832278674102 1.6375204237985353e-06
0.47520737852629258 9.490361431429156e-07
0.63828702391254355 1.092726994300132e-06
0.51493972157277268 9.8043421675439316e-07
0.85103698719207299 1.3992542742990876e-06
0.43135960287150732 9.1523238314497815e-07
0.81972677114473291 1.3350371775484115e-06
0.79935457505713881 1.299039001842213e-06
0.96188610136859054 1.766476879552264e-06
0.24892069925741878 7.7911215771626454e-07
0.70961950988591227 1.1712133389711536e-06
0.75691949764748623 1.2331817661881165e-06
0.93627849280466569 1.6440882639980697e-06
0.90690241805553107 1.5421276679134936e-06
0.57352586170844833 1.0305507196133588e-06
0.57915318586397979 1.0358069602741896e-06
0.16729122840422939 7.1398522578716058e-07
0.97496270242377114 1.8539938890074621e-06
0.25501746270342684 7.8373628287460081e-07
0.7247362184512921 1.1903761619186668e-06
0.79579500480531251 1.292986727831723e-06
0.44121550461138104 9.2263311301811805e-07
0.21119372002905801 7.4955840068867947e-07
0.18896038421968675 7.3204880106259768e-07
0.85649600090159173 1.4113014310494955e-06
0.51075648674851482 9.7689286845398857e-07
0.0901369820382667 6.4382103131291635e-07
0.71701947276288869 1.1803493853857979e-06
0.2501710528050296 7.8006049552656746e-07
0.87639475075087925 1.4586678537512099e-06
0.30957178602997526 8.251092861475423e-07
0.20027083009014313 7.4095620841173175e-07
0.084858443554934326 6.3870002731142682e-07
0.51153113663764749 9.7754865403226418e-07
0.45073758781828732 9.2996469004862987e-07
0.75131214460314288 1.224907670852423e-06
0.46460258719303638 9.4077089956562918e-07
0.34381596892437105 8.5015701425896725e-07
0.26165491563294407 7.8877049706881369e-07
0.27814674546997109 8.0127881987512616e-07
0.92784790182781396 1.6115798390676925e-06
0.16507860208781233 7.1206902990585136e-07
0.98817642455715016 1.9801053828293212e-06
0.32691945519222476 8.3779814784072308e-07
0.088390235417497465 6.4212641518710943e-07
0.24869038078786498 7.7893747135375034e-07
0.058414379554618701 6.081145940917496e-07
0.79002976916391587 1.2831842001757868e-06
0.51255291254110547 9.7841364596102757e-07
0.33698661886680092 8.4516172195056888e-07
0.66204960463156248 1.1172549716796606e-06
0.63064652595032022 1.0848403946331287e-06
0.93987208922759025 1.6588834033483973e-06
0.96126051674837965 1.7630191375260587e-06
0.68068377566540528 1.1378384531829314e-06
0.81781592724416852 1.331279115235158e-06
0.79242510033517854 1.2872569391776119e-06
0.49130353269989979 9.6158128719353117e-07
0.70445828803341692 1.1652603125664314e-06
0.078259007683570192 6.3229754722881628e-07
0.75802108315030692 1.2348097348208215e-06
0.96183300719236764 1.7661834165121867e-06
0.084974753125738434 6.3881286570019301e-07
0.83611578459185454 1.3672694984453948e-06
0.93298002664927127 1.6305082008334688e-06
0.22618888980206209 7.613676685961861e-07
0.52481118760920376 9.887909791498242e-07
0.92785822546298846 1.611616353623885e-06
0.96022600452296791 1.7573011638373454e-06
0.12788238435231636 6.7985607162356325e-07
0.34900422555545063 8.5395193738119027e-07
0.69814464115085662 1.1579780628053977e-06
0.22155849938593031 7.5772105960354265e-07
0.32477062863448081 8.3622639991661689e-07
0.023291060004693276 5.4977230809233447e-07
0.15352168093119889 7.0206041500481496e-07
0.56232949441774382 1.0205523785529883e-06
0.65309006630418276 1.1080068451388803e-06
0.64891183109583694 1.103694028282476e-06
0.77836047077821668 1.2648681233724845e-06
0.41528141373879146 9.0315937980535598e-07
0.27349071624115551 7.977474278364517e-07
0.015580700042524986 5.3201981816160462e-07
0.20662982605238689 7.4596416017737859e-07
0.31238781220203726 8.2716905373288623e-07
0.17820685648046553 7.2343846305835804e-07
0.020144471496602256 5.4252753857701763e-07
0.15744760866519159 7.0546037752825454e-07
0.66609955356757233 1.1214353701416505e-06
0.6295854164725958 1.0837451066433866e-06
0.93568363939804244 1.6416392023872933e-06
0.79816829139730927 1.2970219848273722e-06
0.56775611684119121 1.0251614499115084e-06
0.13755634749321133 6.8823399255353623e-07
0.5640718189251569 1.0220273562179524e-06
0.061595060914180766 6.1247301978490543e-07
0.43088489741085279 9.1487593002923783e-07
0.39025862894719543 8.8436994015752427e-07
0.42781380936294167 9.1256987081120931e-07
0.27982591839478721 8.0255239819837952e-07
0.68583044762382372 1.1437746975336945e-06
0.84094446729877947 1.3769817218508107e-06
0.76851699259897754 1.2503210240583743e-06
0.62775209579088032 1.0818527343988789e-06
0.53834479933301327 1.0002479579927344e-06
0.031084180008030371 5.6771534642868015e-07
0.72293399869192121 1.1880344422974681e-06
0.54498293957849742 1.0058675245874361e-06
0.27074105066388687 7.9566192822908474e-07
0.32784203885344165 8.3847296682465008e-07
0.93560678646974138 1.641322792404124e-06
0.62436224511722704 1.0783536960736015e-06
0.4759124346575283 9.4958565519621247e-07
0.62092173970840769 1.0748211640046387e-06
0.413742324985657 9.0200368848320587e-07
0.4701822732030162 9.4511963802808607e-07
0.29030925670767038 8.1050354619112182e-07
0.43985330059164451 9.2161024324442807e-07
0.68559223243791045 1.1434999367634201e-06
0.03994192508646921 5.8280214965980607e-07
0.79502740729615484 1.2916815954346849e-06
0.28297954086131283 8.0494428122229821e-07
0.68255979343249973 1.1400022786534142e-06
0.64272531468006 1.0973082431483383e-06
0.65262804914130534 1.1075299463266676e-06
0.6081289162558029 1.0628719396592961e-06
0.95910183806953486 1.75108765176415e-06
0.50834416269539084 9.7486254405159516e-07
0.73231911551535145 1.2002290218421611e-06
0.70544933123457765 1.1664033958349556e-06
0.23626757727833037 7.6930501924743112e-07
0.28330583918682561 8.0519176405634423e-07
0.42401709815696786 9.0971894607765012e-07
0.27769793046320923 8.0093841356240207e-07
0.36674309892995971 8.6692694334520809e-07
0.39096061392830594 8.8489705592605731e-07
0.60386456093834395 1.0588887893746577e-06
0.21989004273506163 7.5640708637880187e-07
0.80429186587668733 1.3074337896383109e-06
0.4375363567715046 9.1987046582003227e-07
0.70624411168324686 1.167320106864263e-06
0.081442481240817877 6.3538601212810205e-07
0.46996539412436689 9.449506051489352e-07
0.02821953217732831 5.6111972287554533e-07
0.67590999181556477 1.1323323032593822e-06
0.34371007699706957 8.5007956016370033e-07
0.94925281410582862 1.7007951337202987e-06
0.32412421460141938 8.357535837598564e-07
0.56380589801772685 1.021802238912056e-06
0.25738757569461468 7.8553390864894943e-07
0.62011262894734032 1.0740654085578412e-06
0.46704235013323459 9.4267242071186216e-07
0.37062826150563288 8.6976872514985058e-07
0.20368934908017988 7.4364842245207711e-07
0.1115213439714553 6.645671911401011e-07
0.11987913395667327 6.7267554842366678e-07
0.99904001750555316 2.3932234722431182e-06
0.41231072685723469 9.0092871114323474e-07
0.001929707873339459 4.769743208277537e-07
0.95292879062601432 1.7181422876696031e-06
0.019979924229812651 5.4214868159613157e-07
0.41858612555453367 9.0564086552856843e-07
0.71747758597065592 1.1809446361490752e-06
0.91459924437176165 1.5659891497041542e-06
0.71288629143210103 1.1749812910876704e-06
0.46362575490001179 9.4000956852362283e-07
0.97444203898410342 1.8499200920340618e-06
0.039319383033270427 5.8194909241420216e-07
0.98689220253800802 1.9654728554921879e-06
0.84939155170843894 1.395623065394179e-06
0.92893001712635914 1.6154072660551494e-06
0.25477242409753664 7.8355043194036409e-07
0.14245807228426977 6.9247902244685632e-07
0.66331527937270007 1.118561414013831e-06
0.51585943798612 9.8121280946890559e-07
0.52316796074437943 9.873998933252418e-07
0.92461917848321762 1.6001598888269421e-06
0.62008090665326221 1.0740357781318377e-06
0.3110638351045899 8.2620063762364856e-07
0.40006655641787603 8.9173464647680477e-07
0.13349583509185126 6.8471747596790217e-07
0.19231404027568932 7.3468993306940338e-07
0.14335007020953849 6.9325151743973153e-07
0.81029134121135449 1.3176345908799641e-06
0.70487346797211881 1.1657391869896667e-06
0.53034501761085184 9.9347568376105559e-07
0.37436783362757076 8.725040155801179e-07
0.66849429032435048 1.12390724176598e-06
0.81290534769576095 1.3220791396287094e-06
0.88123321567170898 1.4705658693946218e-06
0.54701622820633355 1.0075888200750009e-06
0.81988512181970086 1.3353486062861016e-06
0.51130595341269502 9.7735802351199292e-07
0.47453008918789086 9.4850827218550831e-07
0.86543185562210023 1.4317095725869169e-06
0.38637393626466399 8.8145295072902109e-07
0.39591267904070226 8.8861552808399057e-07
0.30491134528491615 8.2157858391437569e-07
0.51870172829461669 9.836189712972788e-07
0.54485003368946072 1.0057550121266188e-06
0.66046114531045697 1.1156153478207424e-06
0.43050231010957052 9.1458864781555382e-07
0.21783729188359935 7.5479046681935402e-07
0.86684206241387585 1.4351773382405976e-06
0.34600086723801438 8.5175514667988144e-07
0.92294341984017469 1.594232753462097e-06
0.20735333302645576 7.4653394950414637e-07
0.56005747623623048 1.0186289848006382e-06
0.53661509352945225 9.9878366278460503e-07
0.82864784792699531 1.3525822854659969e-06
0.13885138675082975 6.8935553254118329e-07
0.90993717291746135 1.5515359285266201e-06
0.53142817217207017 9.9439263624533921e-07
0.5861093839143664 1.0423044446960338e-06
0.51016629329776708 9.7639323583437193e-07
0.036024906836266468 5.7743473587253052e-07
0.49709066180659811 9.6609170424719506e-07
0.26354966267699054 7.9020757881762178e-07
0.34268818037783144 8.4933209923710743e-07
0.64910159918713994 1.1038899088354292e-06
0.49769712947410594 9.6656437766774428e-07
0.093218212667460443 6.4681030465655821e-07
0.073041274761758923 6.2723553408717276e-07
0.18565769561737033 7.2944780786877337e-07
0.19088514657222366 7.3356462479940604e-07
0.60830075697136488 1.0630324486563538e-06
0.1778144640455428 7.2309864030470237e-07
0.8817194232747706 1.4717614770432931e-06
0.20976066061341314 7.484298117615175e-07
0.091131445426382629 6.4478581560045293e-07
0.87574601635964688 1.4570725849910555e-06
0.29532757607673299 8.1430971926189134e-07
0.4254226298337358 9.107743502955938e-07
0.95902638401244233 1.7506706008076087e-06
0.94436921915777383 1.6777491558897134e-06
0.71491688926491781 1.177617387244725e-06
0.06893895173255471 6.2253621028159158e-07
0.59334012541139747 1.0490583683041651e-06
0.98907793504225783 1.9914997188487871e-06
0.94691622842398049 1.6897686455705019e-06
0.10600249251994287 6.5921304615166111e-07
0.39596730309036865 8.886565449129756e-07
0.31553674590283931 8.2947232478542765e-07
0.12972810690490555 6.8145451864874278e-07
0.6947983112487609 1.1541183584882006e-06
0.27384836436023674 7.9801868810100365e-07
0.3448658031252978 8.5092490998327112e-07
0.090358876701417956 6.4403630367694182e-07
0.49796755877866561 9.6677514693253992e-07
0.15816786365205648 7.0608413836354893e-07
0.43209042357948912 9.1578115146554583e-07
0.1433422221033015 6.9324472076162291e-07
0.95384988995014575 1.7224890106942381e-06
0.1449825331971426 6.9466527575491877e-07
0.52188715385063322 9.8631561680076556e-07
0.1969798253189875 7.3836441668040863e-07
0.076361803472609235 6.3045696381985716e-07
0.20230861884209816 7.4256104474736737e-07
0.054774107390436089 6.0312640007389996e-07
0.13939738312098882 6.898283805715741e-07
0.49348415776321697 9.6328083947444518e-07
0.65181552105757423 1.106691246578789e-06
0.087339815071783455 6.4110734394027979e-07
0.44101862390426849 9.2248527662840666e-07
0.58124702285335195 1.0377627230517561e-06
0.2342256762110615 7.6769694430669825e-07
0.37207841151602539 8.7082942977501579e-07
0.071834869733608642 6.2606513341735057e-07
0.22013108023309491 7.565969125983859e-07
0.46675292591894002 9.4244684704868139e-07
0.99044217892532227 2.0087426167106796e-06
0.99626506293913342 2.2031548822550526e-06
0.97962168112428794 1.892930786251446e-06
0.42308638630032758 9.0902008084720076e-07
0.080680378414665022 6.3464665375559073e-07
0.32357343724933352 8.3535072055218347e-07
0.23771437537097728 7.7044442790653783e-07
0.014126574909854583 5.2867181081792501e-07
0.095233610288375403 6.4876555407150273e-07
0.45319193504906607 9.3187757801107454e-07
0.33966246380429699 8.4711895470655046e-07
0.18035372163448304 7.2527072613601938e-07
0.71609997065874709 1.1791546275834792e-06
0.35711559589661857 8.5988495670722304e-07
0.85186785574654433 1.4010878662714337e-06
0.24097716026311733 7.730139954072149e-07
0.53839349008662474 1.0002891775093982e-06
0.18413921714918247 7.2825194818101618e-07
0.495300616385842 9.6469656492271267e-07
0.15246650897838621 7.0114660676930288e-07
0.16157862437152193 7.0903795193535628e-07
0.61222337704201568 1.0666963987936635e-06
0.26378604217576673 7.9038686220246774e-07
0.1723672265642473 7.1838118126124603e-07
0.92976825013507314 1.6183720847243269e-06
0.043003250740051069 5.869970245546384e-07
0.56514811269588716 1.0229385006494361e-06
0.54826384183326526 1.0086449965945872e-06
0.25060887440305979 7.8039256382546801e-07
0.45277174511281781 9.3155008715692407e-07
0.087737783082635468 6.4149343485966467e-07
0.72127014592388561 1.1858725102392745e-06
0.22169714837682319 7.5783025097005242e-07
0.19338535982655591 7.355336380612275e-07
0.31487847827750304 8.2899083838071985e-07
0.902369920263142 1.5280761473132123e-06
0.79646664828354263 1.294128711296025e-06
0.94689229113375761 1.6896556840604526e-06
0.65196234603308545 1.1068428008110787e-06
0.66292151103208763 1.1181549623297517e-06
0.48003099942621696 9.527956137830723e-07
0.90518632336697546 1.5368074800231069e-06
0.51087714927032901 9.7699501620196384e-07
0.35506007079502466 8.5838145364424422e-07
0.64037500991766516 1.0948822346802899e-06
0.54613949340096346 1.0068466137577991e-06
0.12401981530989548 6.7651097948783192e-07
0.39272541391242954 8.8622223228305994e-07
0.31332541109447998 8.2785485552900159e-07
0.84683377501113177 1.3899784675886686e-06
0.37884255697310876 8.7579768902085451e-07
0.82155523263889263 1.3386332181409514e-06
0.44238959390094557 9.2351472871481893e-07
0.75350056344561001 1.228129123770724e-06
0.13528192851118992 6.8626428250652838e-07
0.92465021965846239 1.6002696810385612e-06
0.48055989079891825 9.5320782519619014e-07
0.25979824562630638 7.8736229506713635e-07
0.24148960636480687 7.7341756625000089e-07
0.26507728857497193 7.9136621543029973e-07
0.36672417291796766 8.6691310001292381e-07
0.71751953267561674 1.1809991397253126e-06
0.94960304290079356 1.7024478844357549e-06
0.66903743012363215 1.1244678761881511e-06
0.54716627094410075 1.0077158398615304e-06
0.44859780801713467 9.2829697206130633e-07
0.82819446703761646 1.3516906199388334e-06
0.8496572024460699 1.396209313432267e-06
0.29303767443281858 8.1257293024333871e-07
0.95342024865343011 1.7204615076141236e-06
0.39511536320638208 8.8801682902335478e-07
0.8000780691915278 1.3002691460552841e-06
0.96681987808223335 1.7966616524587572e-06
0.7036581008556112 1.1643373653391394e-06
0.16155072645119373 7.0901379156103858e-07
0.58613695517393083 1.0423301978198255e-06
0.11877712309557842 6.7160642634618805e-07
0.78914203986892628 1.2816748098392258e-06
0.28131517387388294 8.0368193254706494e-07
0.69521482306001858 1.1545987691121108e-06
0.91008967413019892 1.5520087084441188e-06
0.18100985067017239 7.257874527674377e-07
0.39285783860116674 8.8632166908506384e-07
0.64711878807356626 1.101843231047495e-06
0.41965859280950113 9.0644617392766604e-07
0.17481894162471523 7.2050443463943948e-07
0.029071614168797 5.6308157381997906e-07
0.4065981437019629 8.9663917113707007e-07
0.64920902658192037 1.1040007964843875e-06
0.57398420815248863 1.0309788412479627e-06
0.15624123976064241 7.044156285306109e-07
0.45069344386738663 9.2993028479772085e-07
0.36947104618125282 8.6892228606555898e-07
0.27420240229339987 7.982872101993667e-07
0.72927124386038922 1.196268760714067e-06
0.30965203002718433 8.2516798019875866e-07
0.5401419523330292 1.0017693511225841e-06
0.92322353526961654 1.5952235178988352e-06
0.53927598225358242 1.0010362577635245e-06
0.61702291016056077 1.0711794355680606e-06
0.073245986167551402 6.2743413601676455e-07
0.17813414374173631 7.2337549180585249e-07
0.10095119929811347 6.5431250542748807e-07
0.76481294835584013 1.2448470342259569e-06
0.83592108091684236 1.3668865741557137e-06
0.18645529319457765 7.3007594637031793e-07
0.21927175092309104 7.5592015800365781e-07
0.32320728949278288 8.3508290369455916e-07
0.59107761695383543 1.0469450567867503e-06
0.62179619380001949 1.0757049918184779e-06
0.6867539585414576 1.1448398881096557e-06
0.90519275621346262 1.5368274229506213e-06
0.29504014049653815 8.1409171209964037e-07
0.65875898920677567 1.1138583649870511e-06
0.55972284577769216 1.0183457009173772e-06
0.3058372404125671 8.2228083437753824e-07
0.90741518659367337 1.5437173383351717e-06
0.095483411959217501 6.4900790057707446e-07
0.71200102683205146 1.173960214356254e-06
0.72787371302260195 1.1944528748505038e-06
0.91532652768996159 1.5682438527389989e-06
0.51858059235135356 9.8351642277088347e-07
0.32162233821924591 8.3392359939193233e-07
0.82774066986002048 1.3507981356964101e-06
0.77081028183239264 1.2537101417693101e-06
0.50031561441947037 9.6860519254064283e-07
0.76785737563381107 1.249346214816476e-06
0.2678756020772608 7.934886123350571e-07
0.58950633040346789 1.0454773858249239e-06
0.86518345478787551 1.4310987431069472e-06
0.31798450461651251 8.3126272506834664e-07
0.48354998243074321 9.5553826573752704e-07
0.95104485417288942 1.7092518784127418e-06
0.79821184197173667 1.2970960330947476e-06
0.88703902033055271 1.4859115012751749e-06
0.38524706089044636 8.8060678764162559e-07
0.99650525963455883 2.2081448995804759e-06
0.15256560468381297 7.0123242640417993e-07
0.51877058321630898 9.8367726093918345e-07
0.47927338229624938 9.5220513633559335e-07
0.7984321908001345 1.2974706882898994e-06
0.90861777251501197 1.5474455609667796e-06
0.73113937690805975 1.1986961249630678e-06
0.6268162361303028 1.0808867305436374e-06
0.42742919084850373 9.1228106337332189e-07
0.51032591707573416 9.7652836652116251e-07
0.50930031322482183 9.7566013401524262e-07
0.020368473684377664 5.4304328577980143e-07
0.50304580482767769 9.7073306927362857e-07
0.85597080017412486 1.4101423983329832e-06
0.7092740111422482 1.1708148358254624e-06
0.79570862212500482 1.2928398528962685e-06
0.39048498976852097 8.8453991296536134e-07
0.52897323691295806 9.9231439269155975e-07
0.033483568997100477 5.7323974854185889e-07
0.38299794216934357 8.789179396247909e-07
0.474416044892644 9.4841938746829012e-07
0.25520889959908166 7.8388147928467482e-07
0.031240978990649815 5.6807636360216602e-07
0.69040810877895209 1.1490546367626536e-06
0.43508775084884321 9.1803182421445759e-07
0.4156781931122342 9.0345731874991784e-07
0.2499867540285089 7.7992071306383844e-07
0.5378303989980171 9.9981248859438687e-07
0.43802678127073147 9.2023872225538844e-07
0.47398447302909097 9.4808302568037044e-07
0.580871348436382 1.0374118217901378e-06
0.0063246472397353592 4.96882625115533e-07
0.90769590353842255 1.5445876090143134e-06
0.07108739694508126 6.2533996845869005e-07
0.45092474731599452 9.3011055985292308e-07
0.20737287523938142 7.465493397418988e-07
0.52378236936987532 9.8792002547967794e-07
0.28023010879713783 8.0285895872427475e-07
0.86000649806260387 1.419048528203114e-06
0.39635983396242025 8.8895129368661339e-07
0.63875555576843734 1.0932106176447022e-06
0.24887972814787895 7.7908108294354861e-07
0.019406150494017504 5.4082761325208545e-07
0.40415453561327608 8.9480428237118208e-07
0.53648648955829015 9.9867479214409989e-07
0.45954715126175028 9.3683075514898128e-07
0.96201436381885996 1.7671858139639367e-06
0.70683917384602835 1.1680064599931791e-06
0.99566980062539523 2.1907884787395307e-06
0.29506009031397196 8.1410684315294695e-07
0.78905327960714655 1.2815238923442676e-06
0.55555846754661387 1.0148203158050351e-06
0.61176035444849941 1.0662639093696216e-06
0.98585320044232772 1.9542279908949868e-06
0.65398719975111697 1.1089328754027233e-06
0.89881689233691786 1.5180190817643216e-06
0.72575023471924704 1.1916937269817161e-06
0.12738612172475006 6.7942629439641268e-07
0.69942371032231254 1.1594533593085817e-06
0.48431558868548197 9.5613496981032354e-07
0.91879799298234244 1.5795704354526136e-06
0.80683444719045516 1.3117568954393493e-06
0.10413468760722522 6.5740098463837836e-07
0.13391564365355846 6.8508104184927722e-07
0.069611001798605576 6.234571073925699e-07
0.49324487474461742 9.6309434524080264e-07
0.080771759207353022 6.3473530734909807e-07
0.72367833657469405 1.1890015999461554e-06
0.55235858145043271 1.0121114286245957e-06
0.83588501755314237 1.3668156482323714e-06
0.27979578867131627 8.0252954613702766e-07
0.51914078416114073 9.8399065728002138e-07
0.11747968591054436 6.7034771031385813e-07
0.88461000265028045 1.4792897719307948e-06
0.17500496228983831 7.2066553370515255e-07
0.102362251350405 6.5568144556667834e-07
0.2050505985231833 7.4472045828793089e-07
0.80623148872298145 1.310731695877626e-06
0.1058145276846828 6.5903069100230585e-07
0.61442749483816594 1.0687551701139539e-06
0.74618130061512566 1.2182408934088988e-06
0.7510811604828711 1.2246075409466147e-06
0.19006088660813114 7.3291548865164962e-07
0.06162399837761201 6.1251267222721434e-07
0.4488063837722176 9.2845953343247347e-07
0.20248534524454609 7.427002235272298e-07
0.69927080901393801 1.1592770007733195e-06
0.356692799655421 8.5957570461238677e-07
0.44935394103313209 9.2888629280866018e-07
0.11348493310171182 6.6647217825444645e-07
0.56755028654819173 1.0249720786450593e-06
0.18552418963190731 7.2934266681512376e-07
0.67898566091493706 1.1358798235722127e-06
0.071168822547893695 6.2541896396836443e-07
0.97589459228132336 1.8612852211656434e-06
0.68452697858581169 1.1422712578787466e-06
0.18172956781192617 7.2635425745676477e-07
0.014094645461855793 5.2859829580606129e-07
0.33446289220521874 8.4331575531028417e-07
0.15281326405220741 7.0144690629993275e-07
0.21841133311954597 7.5524254617876572e-07
0.87275025843788945 1.4497058736063147e-06
0.60320466005084949 1.0582724044319925e-06
0.17645765302889949 7.2192360425703532e-07
0.55665940068744879 1.0157523188770466e-06
0.25578065342499323 7.8431512924898553e-07
0.97620086435808917 1.8636815681420352e-06
0.032757230263695258 5.7156741143771032e-07
0.73231842216781506 1.2002281209389713e-06
0.77299702619142729 1.2569418030567337e-06
0.067162763957700267 6.201023347817644e-07
0.17186936423135157 7.1795001864482247e-07
0.38430665910395756 8.799006463084723e-07
0.86815482652906784 1.4384054877124315e-06
0.53699993841849936 9.9910945606444766e-07
0.6553068500072905 1.1102950318122083e-06
0.78301283545684264 1.2717435803799649e-06
0.82812278833751995 1.3515496492287632e-06
0.47628454308368107 9.4987567191437911e-07
0.50879313877348131 9.7523078174200928e-07
0.71800585708777942 1.1816310468011881e-06
0.26334235873562639 7.9005034795584179e-07
0.85448973636552439 1.4068739310220375e-06
0.02078682447584157 5.4400650516896294e-07
0.19577160220972467 7.3741289491671295e-07
0.80019994303650321 1.300476365986995e-06
0.34025821189267225 8.4755471152360007e-07
0.14983283269230596 6.9886576991282879e-07
0.18675475571140332 7.3031178451973433e-07
0.53075640193606954 9.9382394419637098e-07
0.8461815293449878 1.3885390673237253e-06
0.070650715771110595 6.2488180719083029e-07
0.030480909124649402 5.6632636325081684e-07
0.46516813583684313 9.41211681203756e-07
0.95618741505363469 1.7349790029600585e-06
0.2790098034141264 8.0193341111653031e-07
0.9591705390670483 1.7514673770941371e-06
0.88768117659000134 1.4876620792892437e-06
0.28313507638751112 8.0506224803306233e-07
0.81694806425614674 1.3295722865468546e-06
0.68586730256881878 1.1438172065493829e-06
0.51182238890475718 9.7779521578756815e-07
0.42291614304287473 9.0889224633805225e-07
0.81550275592545673 1.3267297944066055e-06
0.79307943269502124 1.2883694888551093e-06
0.75693633594255916 1.2332066505172374e-06
0.99825595121529587 2.3082903181671694e-06
0.47851246094138389 9.5161208361597974e-07
0.80692297781991584 1.3119074224945585e-06
0.86247836698347846 1.4245035414968728e-06
0.21160258145368394 7.4988039464897096e-07
0.042066442053060982 5.8571333386406545e-07
0.40474840218857966 8.9525021276096334e-07
0.85673668443677597 1.4118325805262868e-06
0.28910328119451023 8.0958886715524865e-07
0.70001015406742406 1.1601297718324583e-06
0.007348139064262682 5.0151886352067254e-07
0.35536443232023773 8.5860407728676554e-07
0.61551669475815118 1.0697725447575618e-06
0.12975719007233688 6.8147970547999126e-07
0.89660691214743393 1.5119944691029745e-06
0.15627397711707924 7.0444397999109192e-07
0.90979354500399467 1.5510906573588675e-06
0.21638930868297468 7.5365012484253086e-07
0.99427867391584079 2.115080654221656e-06
0.60474871329559088 1.0597146379382174e-06
0.08434489443831128 6.3820180472775288e-07
0.065277234478659851 6.1751863047515514e-07
0.074921696259468762 6.2905983565183244e-07
0.58989274729095187 1.0458383211646852e-06
0.80957920232738523 1.3164237537972868e-06
0.40296274177050573 8.9390937244537272e-07
0.44483575928186181 9.2536487767401337e-07
0.58928770366462802 1.0452731760224541e-06
0.53304060478635573 9.9575765296995752e-07
0.68806173310127017 1.1463482938144454e-06
0.47178572016302656 9.4636934481356363e-07
0.71386068506406752 1.1762450051652017e-06
0.9973107425466341 2.2248785756182332e-06
0.35029784224876492 8.5489814653193744e-07
0.012215462915350805 5.2356698664963663e-07
0.12562504555165477 6.7790115348828977e-07
0.55351418498695382 1.0130897133233819e-06
0.34425778714465205 8.5048017988071388e-07
0.93998259370499249 1.6593383595954517e-06
0.62744609010738295 1.0815368722216356e-06
0.52035518596546793 9.8501871808617652e-07
0.79803950127201873 1.296803005267212e-06
0.25858987104909514 7.8644579644739169e-07
0.81973854028235971 1.3350603239459595e-06
0.003061104864092945 4.8209935070516687e-07
0.61967736213571767 1.073658844611936e-06
0.93475715104577894 1.637824771754307e-06
0.78785995203387005 1.2794948986886326e-06
0.85363419214735936 1.4049858838670784e-06
0.3969546951715005 8.8939797094016205e-07
0.82423894610012627 1.3439112852898455e-06
0.55083166503026659 1.0108188062649665e-06
0.61854023650319889 1.0725967046283625e-06
0.058915339335803507 6.088010495189774e-07
0.20155169717439214 7.4196494007537961e-07
0.55096441551355257 1.0109311871658991e-06
0.058801057823497649 6.0864445178937793e-07
0.74144680658771323 1.2120891144691825e-06
0.84005700852190157 1.3750232444474784e-06
0.92036236129480486 1.5851035847440904e-06
0.10176845917980593 6.5510537472978061e-07
0.93972024802280008 1.6582582603107261e-06
0.067620007629294987 6.2072888687580561e-07
0.47405621592781533 9.4813894121083803e-07
0.84025102062781176 1.3754513976589827e-06
0.070311138564455367 6.2441649116102849e-07
0.018231072988983632 5.3812209085387132e-07
0.02494771870665069 5.5358663285401322e-07
0.51127023943603356 9.7732778958158643e-07
0.81159674459666298 1.3198541450461041e-06
0.12742667107259964 6.7946141125856084e-07
0.12461025407954063 6.770223158712801e-07
0.56854685504979163 1.0259000443498673e-06
0.23429560081192369 7.6775201259584784e-07
0.73021373514487387 1.1974933895764523e-06
0.94963538817674986 1.7026005237353981e-06
0.76603340660041308 1.2466506779146251e-06
0.87717536637891647 1.4605874247527262e-06
0.51958605757167031 9.843676067705091e-07
0.83231930421753331 1.3598029493392487e-06
0.18290318398668237 7.2727852494009998e-07
0.068347890395627386 6.2172629044810974e-07
0.65595311012468593 1.1109621080750185e-06
0.051952503758055935 5.9926001159386668e-07
0.89248141913968049 1.500747989371129e-06
0.69155414710741858 1.1503764936068591e-06
0.95220072540891199 1.7147065041881651e-06
0.31388665631323565 8.2826537540289032e-07
0.48615830920162084 9.5757116345451031e-07
0.74169036504511898 1.2124055828774609e-06
0.24277898546082055 7.7443300144744527e-07
0.54184882011166691 1.0032143126322373e-06
0.65946727500547808 1.1145894647886355e-06
0.97880865444704124 1.8855465429526739e-06
0.74470329424238479 1.2163204414188974e-06
0.118130850279074 6.709794411134719e-07
0.47533345138331029 9.4913440277283097e-07
0.58877078298957208 1.0447903427262804e-06
0.14662314286435274 6.9608608932104987e-07
0.43196605698107837 9.1568776542899917e-07
0.284005816335823 8.0572266573452222e-07
0.11882754226202596 6.7165534078603636e-07
0.5120419334634545 9.7798107285332444e-07
0.16563308101234542 7.1254922406406947e-07
0.59053740858572334 1.0464404714614142e-06
0.16969693224186544 7.1606863216767964e-07
0.72359492360282107 1.1888932170522924e-06
0.19524162302967041 7.3699551610624232e-07
0.89628510077614953 1.5111171812108788e-06
0.026209356548808849 5.5649145353670952e-07
0.52199738704573595 9.8640893552527531e-07
0.3201047658865469 8.3281357906246245e-07
0.22507652577459081 7.6049163951415918e-07
0.47160277916514803 9.4622676285601057e-07
0.84201953632426074 1.3793542246061889e-06
0.91527720552664871 1.5680909455726668e-06
0.30324861814784576 8.2031747899304087e-07
0.15424362209507125 7.026856361162585e-07
0.72014044756630724 1.1844046333079395e-06
0.5819987254559883 1.0384648560150663e-06
0.2010161486775599 7.4154317521560846e-07
0.76029578808743659 1.2381713878898061e-06
0.51893043524214111 9.8381258485088792e-07
0.65339519950740754 1.1083218067331173e-06
0.35933903396338873 8.6151127882858305e-07
0.43909756130237598 9.2104276372991874e-07
0.18034209837494219 7.2526157237597845e-07
0.75651586764534096 1.2325852650712912e-06
0.15701132415179186 7.0508254301482914e-07
0.77830259475106134 1.2647825917850109e-06
0.79800785488458603 1.2967491974773288e-06
0.74660096405512166 1.2187861843517086e-06
0.019422788058740426 5.4086591992021322e-07
0.27313321260667356 7.9747627715707168e-07
0.46833774279181373 9.4368203377400781e-07
0.59554437871679577 1.0511172661977967e-06
0.91922209936905019 1.5810704939327224e-06
0.37560597212870228 8.7340964549794274e-07
0.87502331877395412 1.4552954372136663e-06
0.16342928813683655 7.1064067818807772e-07
0.37128048750862697 8.7024579244155905e-07
0.052282010821322999 5.9971152870239503e-07
0.74248929105562222 1.2134436697727761e-06
0.15065275743291295 6.9957584752479482e-07
0.25702001564845778 7.8525513062653057e-07
0.77523325219321482 1.2602465903630551e-06
0.53471671742270999 9.9717657848702861e-07
0.013972719418462565 5.283175707986359e-07
0.0022352047473971348 4.7835816807129214e-07
0.51066063173989706 9.7681172168931623e-07
0.30495551374919483 8.2161208373910803e-07
0.18031144599517712 7.2523743245824959e-07
0.61359393771611093 1.0679765803762784e-06
0.22843647171742709 7.6313772504665701e-07
0.59220714968494792 1.0480001045687726e-06
0.37926595058627288 8.7611561241779376e-07
0.18674621766978972 7.3030506048643912e-07
0.13810473786874866 6.8870891385911651e-07
0.23686060312728807 7.6977204971340329e-07
0.029832108012985081 5.6483255034734915e-07
0.30812696203626844 8.2401748685872907e-07
0.90195469018179419 1.5267888628380355e-06
0.83136212588302827 1.3579204638966106e-06
0.37200375671965891 8.7077482391546393e-07
0.57583361858180382 1.032706295723386e-06
0.56736055901405846 1.0248114634014094e-06
0.82873753919371229 1.3527586815437599e-06
0.23629010151696561 7.6932275794412363e-07
0.29638748879301235 8.1511361613281168e-07
0.30178543374561151 8.1920771840193796e-07
0.040869989771674331 5.8407385861510535e-07
0.31468786328919218 8.2885141404649359e-07
0.87791377658800696 1.4624032106192706e-06
0.91198764757148099 1.5578927516649994e-06
0.10963534576855039 6.6273747930331618e-07
0.4580585416184314 9.3567055115185554e-07
0.38134890158763912 8.7767968621915197e-07
0.48935919662338789 9.6006589563480437e-07
0.55471952405867719 1.0141101020063949e-06
0.020258760017746069 5.4279067879754672e-07
0.84224224792116076 1.379845712933707e-06
0.97366407317333847 1.8438330989328645e-06
0.65340481200364231 1.1083317288494478e-06
0.6604522384933692 1.1156061541136011e-06
0.52797985783070844 9.9147344030127517e-07
0.33427341171438174 8.4317716079828946e-07
0.1489778241795211 6.9812530877914055e-07
0.58406334269605065 1.0403933258857062e-06
0.044941403509207056 5.8965283753035672e-07
0.82450256769187391 1.3444297506488496e-06
0.42091169947061546 9.0738712323356486e-07
0.41475422416197483 9.0276351672220736e-07
0.32717085847590577 8.3798203545501902e-07
0.96935388869858641 1.812845294819169e-06
0.17491695277071884 7.2058931501571492e-07
0.15130782147521116 7.0014315119036728e-07
0.16553150154503016 7.1246125342237055e-07
0.65852748285076401 1.1136194017729701e-06
0.99189531872959835 2.0776226006250075e-06
0.2354751704017547 7.6868096862053659e-07
0.90561739706748778 1.5381438824352954e-06
0.27861655920817241 8.0163515279599266e-07
0.64789992012530018 1.102649523491986e-06
0.040498951933367722 5.8356543269474498e-07
0.49565397457618898 9.649719679383371e-07
0.65456996627898179 1.1095344129369684e-06
0.53631977722262858 9.9853366058650062e-07
0.23783538488179112 7.7053972750995606e-07
0.82849694826791553 1.3522855106631452e-06
0.9701365112382403 1.8178435703604073e-06
0.45919609569206532 9.3655714676750273e-07
0.63591926518925368 1.0902829696762177e-06
0.79041326834557257 1.2838362570157927e-06
0.24148906062179398 7.7341713645657107e-07
0.86445038192878543 1.4292960820382135e-06
0.28020090530999753 8.028368091721734e-07
0.77583080351523881 1.2611296764296339e-06
0.11209923242642206 6.6512783289721695e-07
0.28838670341416972 8.0904537463313898e-07
0.53361993393986773 9.9624808833860273e-07
0.52492209570431514 9.8888486921591529e-07
0.85043118448636623 1.39791736610581e-06
0.99612725763860721 2.2002920167358448e-06
0.10721084586014062 6.6038533698744933e-07
0.27138813282503704 7.9615271140074355e-07
0.35759821022307581 8.6023796242702838e-07
0.47891840781000505 9.5192847359888013e-07
0.49390974315439906 9.6361253547962946e-07
0.85619506314841665 1.4106373102984717e-06
0.77055930278509976 1.2533392345492962e-06
0.018851579037953314 5.3955075662827607e-07
0.45502176058318788 9.3330372146531e-07
0.61807383824408879 1.0721610621407575e-06
0.46039558709302342 9.3749201557219952e-07
0.13064525602570232 6.8224879527592435e-07
0.39747408369064818 8.8978797626193503e-07
0.4116556951297361 9.0043685225487544e-07
0.18771592244975877 7.3106873997197991e-07
0.75630711447095345 1.2322767609932963e-06
0.3214006801424768 8.3376146875334375e-07
0.58898729056861621 1.0449925731130321e-06
0.51573018095876755 9.8110338597886485e-07
0.87742707921638874 1.461206398606396e-06
0.12201493186283818 6.7474760485716237e-07
0.11426300825346014 6.6722703226908422e-07
0.30031966912301578 8.1809600082792213e-07
0.43121496812583504 9.15123777893907e-07
0.29854224875213953 8.1674790616643592e-07
0.7631870823952438 1.2424442622413438e-06
0.24526584310929966 7.7634011113543772e-07
0.084774742772244727 6.3861882452311051e-07
0.41379980988414755 9.0204685350419956e-07
0.773379288138484 1.2575067255776743e-06
0.85056194358674131 1.3982059302059539e-06
0.73334484836335079 1.2015618108784473e-06
0.55788667849974405 1.016791279962734e-06
0.72419170174917669 1.1896686425172265e-06
0.68138953530386137 1.1386524863485636e-06
0.23436663249506084 7.6780795275449801e-07
0.55075889220319374 1.0107571998913592e-06
0.77060933263843201 1.2534131707364692e-06
0.31712066187513821 8.3063087182238959e-07
0.65397314671693141 1.1089183697179793e-06
0.48148042751879849 9.5392528016277548e-07
0.50315885094502 9.7082117602329831e-07
0.09005503778215973 6.4374153262881128e-07
0.66621716530537978 1.1215567701730114e-06
0.86568703535452007 1.432337071700353e-06
0.1414312880258628 6.9158979874362443e-07
0.36610566221644936 8.6646069360178484e-07
0.048667454840835012 5.9475857306999623e-07
0.029631885976391104 5.6437155504933638e-07
0.98965849667174377 1.9988375306609053e-06
0.49347150830638464 9.6327098064379452e-07
0.35551901863524638 8.5871714863672375e-07
0.27487707662501892 7.9879892081076763e-07
0.9800126449449591 1.8964816807714511e-06
0.25225078552168367 7.8163788071837641e-07
0.72570839573774326 1.191639363376274e-06
0.28375809580593381 8.0553478067966613e-07
0.070489505356919113 6.2466090370136126e-07
0.68327661451794131 1.1408290702487091e-06
0.0016308476298648733 4.7562053635643544e-07
0.67574851156056948 1.1321460496455477e-06
0.25037659898982312 7.8021639320780781e-07
0.74610423207150123 1.218140754166809e-06
0.76975016735064938 1.2521434607273617e-06
0.72410723881753791 1.1895588953550094e-06
0.02448344146761039 5.5251767147587121e-07
0.70373661964376844 1.1644279300217913e-06
0.99014561405576318 2.0049942856250775e-06
0.24262536852562289 7.743120222541223e-07
0.27423857222533854 7.9831464349142958e-07
0.81352654958053949 1.3231353581485107e-06
0.16039680505608056 7.0801446356413981e-07
0.66058367550455155 1.1157418247326823e-06
0.75502637750057844 1.2303840349096854e-06
0.037160661819357177 5.7899103879628962e-07
0.55376209426522616 1.013299582751742e-06
0.5758772585358829 1.0327470579213203e-06
0.3034428973917942 8.2046483119845932e-07
0.87634466939751721 1.4585447013184661e-06
0.16274971929985638 7.1005215268929578e-07
0.36419470950586053 8.6506293725653272e-07
0.84866868714732935 1.394027820696072e-06
0.1906427566059925 7.3337373345955142e-07
0.82137413632767498 1.3382770554936231e-06
0.079069177367955712 6.3308353793604025e-07
0.48922906718999004 9.5996447435928766e-07
0.075330662445703411 6.294565965133464e-07
0.67790358506151427 1.1346317419528915e-06
0.79060148905560024 1.2841562853425135e-06
0.84985854824680285 1.3966536509173033e-06
0.98126225074398876 1.9078311155511809e-06
0.67201572229958684 1.127840597628764e-06
0.76906191384002032 1.2511263312137796e-06
0.50575827832132936 9.7284713766191053e-07
0.91273690118112616 1.5602155663718134e-06
0.64375838219946258 1.098374585943637e-06
0.88355140625134343 1.4764039391533608e-06
0.23545201701388085 7.6866273444483139e-07
0.49673778071806429 9.6581667307883966e-07
0.72981892106380397 1.1969803867223001e-06
0.20272175456268327 7.4288640487868999e-07
0.21133979326197827 7.496734389288451e-07
0.97804274040563743 1.8785901960258736e-06
0.43461036073720605 9.1767335521247454e-07
0.18181545292377166 7.2642189525682998e-07
0.331463881981506 8.4112214499934191e-07
0.3973761482659256 8.8971443721472115e-07
0.62308525747022114 1.0770355764429914e-06
0.92301465904775248 1.5944847255634202e-06
0.98659007592209103 1.9622030133029162e-06
0.65169875891111251 1.1065707235042515e-06
0.69992236079772474 1.1600285098314025e-06
0.32182916969658903 8.3407488519207408e-07
0.85715859544874906 1.412763669614248e-06
0.21779833522031489 7.5475978696174162e-07
0.10638064931096758 6.5957991710394132e-07
0.97325599009765085 1.8406401580194542e-06
0.86413867682053225 1.4285295843339185e-06
0.30364513453813335 8.2061821912052966e-07
0.6751707163810492 1.1314796124997501e-06
0.46701835741319953 9.4265372108176667e-07
0.32312820614547089 8.3502505859462729e-07
0.28677421076029486 8.0782237034333058e-07
0.13602744522090648 6.8690992069586311e-07
0.54931808227583923 1.0095374716184318e-06
0.4465966901175078 9.2673732544992837e-07
0.51218642029994432 9.7810338925064141e-07
0.21535716747940448 7.5283727429293048e-07
0.93861067077324767 1.6536900372564184e-06
0.63859119633054151 1.0930409641620907e-06
0.89960065738333683 1.520155698574122e-06
0.10927116603275544 6.6238416827031782e-07
0.62285096585617483 1.0767937382572532e-06
0.84946181864416115 1.3957781331104478e-06
0.33092077981446666 8.4072489576554705e-07
0.19514316913598639 7.3691797991127731e-07
0.26502130580561967 7.9132375497821107e-07
0.27293372674979899 7.9732497596625531e-07
0.44719896492353517 9.2720673100594983e-07
0.32596360277933156 8.3709899460273727e-07
0.27127407270799131 7.9606620185162544e-07
0.64851229840513791 1.1032816265776391e-06
0.05303237167188446 6.0073973355554493e-07
0.34036377813972996 8.4763192740175951e-07
0.68975196594047483 1.1482978323170481e-06
0.17584974928100594 7.213971427170532e-07
0.22092786221291238 7.5722440878589014e-07
0.20066662541291747 7.4126791231865228e-07
0.00092610673140491873 4.4868834118823713e-07
0.47376775183157271 9.4791411585182601e-07
0.038958789416123185 5.814549780065966e-07
0.27293981177490012 7.9732959118839882e-07
0.99480342459197157 2.1233279096306893e-06
0.91839621139029981 1.5781493394654161e-06
0.2150758081563342 7.526156930988053e-07
0.31000243191393273 8.2542427982243696e-07
0.46370458226855149 9.4007100560249238e-07
0.84441354665924351 1.3846374166445868e-06
0.80264594139309109 1.3046352535031728e-06
0.12624143656628217 6.7843496523713379e-07
0.12444884834835213 6.7688253402243016e-07
0.41673225389404467 9.0424880585296903e-07
0.87009538961377209 1.4431774247454854e-06
0.88208499909550231 1.4726604453948447e-06
0.10736584968653018 6.6053571482739377e-07
0.57429728796555157 1.0312712755911823e-06
0.15567519712511291 7.0392541987730181e-07
0.68612931000278277 1.1441194096356283e-06
0.91643324792890646 1.5716748753116731e-06
0.45476929247559361 9.3310695093591542e-07
0.083082774692051498 6.3697735210864935e-07
0.57925419589454552 1.0359013093849103e-06
0.40851667013585469 8.98079779644181e-07
0.81089875233396025 1.318667361212041e-06
0.34034446392638773 8.4761780012163216e-07
0.87489720047258923 1.4549853063049766e-06
0.27370040763478487 7.9790646947507768e-07
0.15751763588868595 7.0552102304993332e-07
0.30648037731857991 8.2276862524783929e-07
0.034915791822746511 5.7591493718000894e-07
0.2812459668742413 8.0362944210176401e-07
0.66011763388203071 1.1152607718323141e-06
0.14228297855659233 6.9232738641264253e-07
0.11136497278658797 6.6441548674958615e-07
0.13238529125435039 6.8375571414140537e-07
0.077551674261466363 6.3161132370379725e-07
0.87463541184293958 1.454341555598543e-06
0.94411511549652816 1.6765500254528065e-06
0.046561151728786276 5.918723469557302e-07
0.76007178154354027 1.2378403417512631e-06
0.73715174671719774 1.2065083156122668e-06
0.9969094246100404 2.2165413108067455e-06
0.34787066172106818 8.5312279805530494e-07
0.28550899169041621 8.0686275769251292e-07
0.45308212080982724 9.3179199014734008e-07
0.85657517714919051 1.4114761601702649e-06
0.72859364253789882 1.1953883174140893e-06
0.47162381396750275 9.4624315712154563e-07
0.24456284328587319 7.7580691689252512e-07
0.7270157412683711 1.1933380666919151e-06
0.85452686804219613 1.4069558746025217e-06
0.39995123106749086 8.9164804945217412e-07
0.66858544582098423 1.1240013333962575e-06
0.40021202117659815 8.9184387497905425e-07
0.47849343814148482 9.5159725748034479e-07
0.52491037995491363 9.8887495116183163e-07
0.77572581402227792 1.2609745186131358e-06
0.97750598412893108 1.873893141621774e-06
0.44436616263823236 9.2499892079449164e-07
0.34231500624760591 8.4905914297528238e-07
0.3735910064723913 8.7193580942865241e-07
0.13388906937518164 6.8505802778567474e-07
0.29693873781772273 8.1553171411319846e-07
0.086447413268806228 6.4024157527753094e-07
0.42789426317924717 9.1263028303704669e-07
0.16735726931104888 7.1404241904781479e-07
0.34640674597440868 8.5205202455449052e-07
0.7935777493916063 1.2892167678743076e-06
0.24592765058913602 7.7684206280940174e-07
0.61189462134206896 1.0663893222809588e-06
0.90118141924861284 1.5244650032427492e-06
0.56692918702954687 1.0244462822656688e-06
0.19379261277241266 7.3585436528316266e-07
0.34476619396595432 8.5085205138570037e-07
0.59036920718406605 1.0462833617904295e-06
0.5066111397598535 9.7351184734883968e-07
0.14861983627690378 6.9781528130660069e-07
0.44679634469056895 9.2689293376185188e-07
0.54306669491024839 1.0042453135272988e-06
0.26733271445757245 7.9307685611020416e-07
0.61244551533985192 1.0669038885918596e-06
0.070160099485209848 6.2420952525365294e-07
0.3366070335655168 8.4488407627127278e-07
0.80427683277757445 1.3074082291271757e-06
0.25928480090815542 7.8697286997960556e-07
0.60517685000307819 1.0601145419615314e-06
0.41002971371031194 8.9921591381803819e-07
0.31646014241524678 8.3014773832509787e-07
0.91613168791002686 1.5707399875275854e-06
0.34326171808038353 8.4975161038384665e-07
0.23667590148701834 7.6962659012968922e-07
0.9093013156402705 1.5495646619009002e-06
0.74594435593581487 1.2179330186329199e-06
0.68179971369819736 1.1391255919196694e-06
0.049534942066875809 5.9594727391332158e-07
0.13120496071577581 6.8273351509233026e-07
0.63833996380966285 1.0927816394001055e-06
0.20943283652626021 7.4817163779414497e-07
0.22563798563035908 7.609338105569982e-07
0.77913851534361067 1.266017949821784e-06
0.28592494883694264 8.0717824277292914e-07
0.071587302151915999 6.2582495432601864e-07
0.036431947309861101 5.7799249550253427e-07
0.44317798724528779 9.2410672793815254e-07
0.61712857768464602 1.0712781350424954e-06
0.8688852333918029 1.4402015929691764e-06
0.11080439503263928 6.6387163906709183e-07
0.1966728262882963 7.381226432389832e-07
0.5298006109074711 9.9301481225019342e-07
0.36410836224197507 8.6499977900289179e-07
0.48253745124549463 9.5474911141919227e-07
0.92412464898421542 1.5984107447633478e-06
0.54489165386468719 1.0057902459929908e-06
0.41512061061207595 9.030386338264504e-07
0.9894399066997448 1.9960747368469822e-06
0.06521566989953631 6.1743426973193463e-07
0.93211344837117194 1.6269404250251847e-06
0.50166184206548303 9.6965442576505134e-07
0.50375633776713813 9.7128684988371071e-07
0.92196433420320922 1.5907697409762821e-06
0.50732397959306952 9.7406742592346435e-07
0.43840709053014881 9.2052429390286295e-07
0.272488592117199 7.9698736105439587e-07
0.65881676681742085 1.1139180036241041e-06
0.56964509097976157 1.0269258591404759e-06
0.21434543694778307 7.5204049792567446e-07
0.70941291506132476 1.1709750495736047e-06
0.64408685733664051 1.0987136413193854e-06
0.39733388420654081 8.8968270141873779e-07
0.0044009219035505698 4.8816848683828889e-07
0.44658115017618771 9.2672521381131594e-07
0.0060581171302517278 4.9567529047924046e-07
0.07499848929903985 6.2913433685404424e-07
0.43060990248083408 9.1466943819852917e-07
0.081919884185327696 6.3584916729820786e-07
0.27566543378716624 7.9939685481616627e-07
0.65549136855896839 1.1104854937369955e-06
0.30861534260941903 8.2438790190191512e-07
0.99764859412151041 2.2867660591219169e-06
0.91630203391498111 1.5712680893618125e-06
0.58530990458552368 1.0415576855544574e-06
0.96694713863493043 1.7974744111970776e-06
0.86801729443252207 1.438067289737878e-06
0.31889851884048703 8.319312759823133e-07
0.74959624598530938 1.2226781128640174e-06
0.13683178400394735 6.8760650043542614e-07
0.68455142437874106 1.1422994540026398e-06
0.49108182649458043 9.6140849211138622e-07
0.016825939252824718 5.3488688230007054e-07
0.27422982239037075 7.9830800712897864e-07
0.95538221740424856 1.7305285007230538e-06
0.31583148508848069 8.296879102180978e-07
0.18145445530144066 7.2613759586571831e-07
0.18753144657220833 7.309234581850149e-07
0.47921326464194902 9.5215828137725686e-07
0.84264924067053493 1.3807438798387358e-06
0.75800176513334649 1.2347811858561001e-06
0.43685200753777431 9.1935659261477918e-07
0.20872688343696055 7.4761567282089864e-07
0.046064900102191109 5.9119234302100072e-07
0.46263031948273103 9.3923373843600177e-07
0.81477534851819167 1.3252992001216317e-06
0.72968199359431374 1.1968024696062995e-06
0.40860076762725028 8.981429278809689e-07
0.59470267191760029 1.0503310641983827e-06
0.43624652094621763 9.18901936833483e-07
0.57901610979017781 1.0356789234288204e-06
0.51750524439354917 9.8260607902430947e-07
0.68096660012515897 1.1381646669216416e-06
0.50770884353312395 9.7436738413185359e-07
0.94061099816755855 1.6619255537313102e-06
0.42802818158168621 9.1273084145855402e-07
0.015916303039710922 5.3279251734264131e-07
0.23637353540898454 7.6938846531511921e-07
0.50060685810665595 9.6883218427855548e-07
0.54057185188866197 1.0021332857627951e-06
0.55238478931205348 1.0121336150831874e-06
0.71455209827008215 1.1771433949772439e-06
0.2746481426175279 7.9862528450143503e-07
0.66490367904147718 1.1202009762990097e-06
0.70403227311921279 1.1647689409289502e-06
0.41128075262082631 9.0015531046401393e-07
0.40216909914632204 8.9331343157335375e-07
0.17892478565644976 7.2406020967679304e-07
0.41398737625537374 9.0218769582216973e-07
0.78681629170701239 1.2777203815910198e-06
0.90897300554988392 1.5485468443067925e-06
0.59361319131796542 1.0493134273840261e-06
0.2993703433542988 8.1737597926083067e-07
0.68228971865973143 1.1396907705843001e-06
0.74014620869600389 1.2103991787183014e-06
0.33221277878066235 8.4166992163827159e-07
0.82654786148954673 1.3484522359697569e-06
0.073695832138340078 6.2787055663276196e-07
0.010753717600025525 5.1694553681775969e-07
0.12297077263205258 6.7560247937478289e-07
0.15600834782750972 7.042139376441979e-07
0.87892903294772129 1.4648997743533489e-06
0.42498170222128084 9.1044326073732568e-07
0.2749316919703817 7.9884034413229871e-07
0.42907511598681936 9.135169774136175e-07
0.39484089270063227 8.8781073097927825e-07
0.30146166798801699 8.1896215640853612e-07
0.13789958241196532 6.8853124353204881e-07
0.65591546197388062 1.1109232472710403e-06
0.13660440277965535 6.8740958197601775e-07
0.77542445267267435 1.260529154342266e-06
0.2016880132804536 7.4207229420614012e-07
0.73137130713331167 1.1989974841932045e-06
0.80558610569546696 1.3096343625907685e-06
0.12532600977445074 6.7764218019470153e-07
0.086745768288004066 6.4053102608896318e-07
0.94957277065365986 1.7023050278836154e-06
0.4630468067525807 9.3955834347762584e-07
0.63023549497298836 1.0844161242799423e-06
0.023260440121767756 5.4970180824978716e-07
0.27871018055633989 8.0170616044378035e-07
0.50539765455938623 9.7256607194938975e-07
0.88621831338940393 1.4836741774057446e-06
0.27143941756437628 7.9619160860505823e-07
0.77519131985871959 1.2601846210242432e-06
0.66221292825870182 1.1174235559878798e-06
0.11527076780574497 6.6820471590558428e-07
0.29337517279199654 8.128289078070728e-07
0.23786403643861975 7.7056229170333835e-07
0.44252758757328547 9.2361834722889752e-07
0.63533424304758424 1.0896791038744737e-06
0.43341975550850664 9.1677933780892193e-07
0.24453657575180598 7.7578699413084932e-07
0.69587876822827543 1.1553645728754211e-06
0.58447109471148984 1.0407741894478277e-06
0.51931390741569194 9.841372160483005e-07
0.55441959744597835 1.0138561969198414e-06
0.22190064629382356 7.5799051333832527e-07
0.68043106109245621 1.1375469686142344e-06
0.38750053553876829 8.8229890649471114e-07
0.36346781973001963 8.6453125753947288e-07
0.14973420826677053 6.9878035841943503e-07
0.59683733455044641 1.0523249604477916e-06
0.60266441054650655 1.0577677806830777e-06
0.34030064366652835 8.4758574802221091e-07
0.85985005686553406 1.4187032878861617e-06
0.84545789871542831 1.3869421320369537e-06
0.10905430648243131 6.6217378074951495e-07
0.69503838780991822 1.1543952661950519e-06
0.39383475618502228 8.8705522988317792e-07
0.99971485106289282 2.590641454071493e-06
0.22502362968465239 7.6044998182659721e-07
0.28052420541448941 8.0308201798831219e-07
0.44210629455572747 9.2330200115497386e-07
0.26871514868066315 7.9412537126539254e-07
0.69199336638651421 1.1508830953458747e-06
0.48090811218148055 9.5347922464717889e-07
0.22087883484954018 7.5718579786799952e-07
0.50637406948656261 9.7332707770160113e-07
0.88878776636503842 1.4906787464979946e-06
0.79239564685005281 1.2872068599405318e-06
0.49882892442682103 9.6744648469557403e-07
0.28849260314194769 8.0912569488827365e-07
0.17988646470252778 7.2489305045680331e-07
0.87838287718689545 1.463556751330061e-06
0.71016694049869633 1.1718447531954969e-06
0.57216330314745845 1.0292780124592849e-06
0.87943464595366838 1.4661431008117827e-06
0.12169028737408949 6.7443264916797056e-07
0.68248928600206826 1.1399209543842619e-06
0.21671231241323197 7.5390450259506555e-07
0.120577441015987 6.7335301497170953e-07
0.46560851000693315 9.4155490340083262e-07
0.38739292976435369 8.8221810604740042e-07
0.94117360932518546 1.6642418712855126e-06
0.32397954675181639 8.3564776721943865e-07
0.81490225905200242 1.3255487954413373e-06
0.74882700046834472 1.2216785914065322e-06
0.66792387005853626 1.1233184481689311e-06
0.92040047296005956 1.5852383851820186e-06
0.4079245943813421 8.976351939696044e-07
0.38967118598286565 8.8392883321372304e-07
0.16094742358150937 7.0849131450944883e-07
0.27576207549506915 7.994701532730961e-07
0.87977645606087074 1.4669836281420652e-06
0.47438213291136799 9.4839295688831676e-07
0.34135332219071046 8.4835572421185354e-07
0.21611205508217113 7.5343177706122696e-07
0.484960250243615 9.5663741107818448e-07
0.71666537046452883 1.1798892815079721e-06
0.28669202545707539 8.0776003642934035e-07
0.75771652081265417 1.2343596399973762e-06
0.62978777472491843 1.0839539828885308e-06
0.78756256253970425 1.2789892526192486e-06
0.2509096288749123 7.8062067277738832e-07
0.63102814473304536 1.0852343054200492e-06
0.15373527948884191 7.0224539729187004e-07
0.36379698216463674 8.6477202167720137e-07
0.72436009484280128 1.1898874445858224e-06
0.63166838557993588 1.0858951685306546e-06
0.18786072533752196 7.3118277776690064e-07
0.85834267209252912 1.4153767344811199e-06
0.053350982345181874 6.0117631955320815e-07
0.59521568851664952 1.0508102508656292e-06
0.98382050023160628 1.9322285755605083e-06
0.5315047318427486 9.9445744839933663e-07
0.80067181995942072 1.3012786899291221e-06
0.59518097318910212 1.0507778247762186e-06
0.78308831492299258 1.271855127057904e-06
0.65559413535528721 1.110591570668844e-06
0.6911320145375287 1.1498895999203122e-06
0.22781115108638406 7.6264526120851006e-07
0.74182091357291768 1.212575211496543e-06
0.23790988666433077 7.70598400504188e-07
0.98064027514258811 1.9021820768478063e-06
0.2277871909612047 7.6262639169641887e-07
0.23668400359765629 7.6963297085072068e-07
0.85867312048386413 1.4161059804182369e-06
0.24298586196281913 7.7459592458021746e-07
0.36090279349128296 8.6265508253992106e-07
0.71464016117902696 1.1772578197807142e-06
0.15874858019476323 7.0658705502827744e-07
0.15907175482750224 7.0686693324160394e-07
0.48635842326661893 9.5772712988878278e-07
0.24369675423272685 7.7515002668914409e-07
0.23565795556903357 7.6882491890870205e-07
0.00923892141851268 5.1008377586922247e-07
0.37044959119794796 8.6963803768966854e-07
0.31825055461840324 8.3145732594791647e-07
0.031155810826670405 5.6788027068550821e-07
0.62123317821366353 1.0751238414068391e-06
0.62665518200335402 1.0807204888365859e-06
0.070800471773658891 6.2506160637880342e-07
0.31704156290945307 8.3057301529848042e-07
0.87280553199539779 1.4498417939163022e-06
0.58216706824457842 1.0386220977494837e-06
0.41197472401198787 9.0067640888212169e-07
0.46510192846409593 9.4116007999396597e-07
0.20827999443580514 7.4726373069423706e-07
0.81188150070792797 1.3203383107991618e-06
0.91400470545096757 1.5641459770704609e-06
0.9106640422500436 1.5537893481350405e-06
0.22393439169229967 7.5959216537893793e-07
0.31074026777645691 8.2596396599723513e-07
0.16062277480953679 7.0821015965057822e-07
0.30720113363231316 8.2331528700253569e-07
0.33280537212260031 8.421033709325729e-07
0.63310573706463547 1.0873788173447298e-06
0.18964638154812463 7.3258905011332472e-07
0.91939692436774356 1.581688847558238e-06
0.10309947008530995 6.563966624971493e-07
0.0068780110343330536 4.9938926602369306e-07
0.85494512863053318 1.4078789077983219e-06
0.70376980776604969 1.1644662096722134e-06
0.35535987035599848 8.5860074046193096e-07
0.59549970591011803 1.0510755392568203e-06
0.22354410083923337 7.5928479645177793e-07
0.16838964864537598 7.1493648824228672e-07
0.47114913513872281 9.4587319829656211e-07
0.35318782972096086 8.5701201272264856e-07
0.61523005053529212 1.0695048027583911e-06
0.2181491845610315 7.5503609419416476e-07
0.66292770056061867 1.1181613512240218e-06
0.76686152030281318 1.2478744986061361e-06
0.1666361430284744 7.1341790364622161e-07
0.043858283417915978 5.8816865917326849e-07
0.43958737530133873 9.2141056174476099e-07
0.77402408599243711 1.2584596345239007e-06
0.65077983557414265 1.1056222014944064e-06
0.70188172041459129 1.1622884629721331e-06
0.40283933999336841 8.938167108865866e-07
0.23494554525306988 7.682638686232673e-07
0.53177884328460945 9.9468949946257751e-07
0.20436569374919689 7.4418106966548948e-07
0.72622869698506576 1.1923154183542832e-06
0.19696645595947704 7.3835388780006911e-07
0.29126326671434144 8.1122712054532127e-07
0.50654477832300537 9.7346012606338926e-07
0.48670993414349495 9.5800109313107054e-07
0.6008493764070294 1.056072435616571e-06
0.43744460049991696 9.1980156665706276e-07
0.91947330851009135 1.5819590172233638e-06
0.83993409419718823 1.3747789791643066e-06
0.87911345123663842 1.4653532677076196e-06
0.62951657140343753 1.0836740440631484e-06
0.6350079158608064 1.0893422656349636e-06
0.60919868371594865 1.0638711632807262e-06
0.43488415442145623 9.1787894503587036e-07
0.32210600106726262 8.3427737204733715e-07
0.59200288744887031 1.0478093120284693e-06
0.025531837138450308 5.5493151903698724e-07
0.0074564314238030338 5.0200940891073073e-07
0.85164182629674856 1.4005890559813715e-06
0.046424044777622187 5.916844719720047e-07
0.52479515033341806 9.8877740267570014e-07
0.61498776294964508 1.0692784923799423e-06
0.19817122962243561 7.3930269299328545e-07
0.89573083826514832 1.5096062097744027e-06
0.190095771748375 7.3294296202963524e-07
0.88451498736667467 1.4790307513823949e-06
0.76299026933303515 1.2421534037551328e-06
0.24074295352419395 7.7282954867086192e-07
0.15074416627609355 6.996550101233404e-07
0.31623271018623511 8.2998138421311255e-07
0.3979505662702747 8.9014576380427689e-07
0.24578467649892344 7.7673362329171392e-07
0.99889154875442321 2.3845672651207871e-06
0.22965233623958103 7.6409526471434375e-07
0.83063482698285696 1.3564900830128569e-06
0.15911774709047277 7.069067638195114e-07
0.98024462527594747 1.8985886217273729e-06
0.22552345828308484 7.608436159045087e-07
0.42168855478359224 9.0797045862728075e-07
0.55856406676790649 1.0173647279982735e-06
0.12028571515609332 6.7306999547671656e-07
0.8168200674791013 1.3293205549093881e-06
0.27468553268082985 7.9865364320911957e-07
0.54926990160166378 1.0094966839132772e-06
0.5496338106932469 1.0098047538393322e-06
0.60264065232578501 1.0577455891543274e-06
0.05548598652431469 6.0410187418047475e-07
0.16861876183156788 7.1513490662883359e-07
0.1611922429233642 7.0870333486329101e-07
0.30205125941585187 8.1940933540420076e-07
0.14491415685833986 6.9460605994526277e-07
0.92192132077428968 1.5906176030674188e-06
0.51295445051130073 9.7875357089186172e-07
0.62357514770268441 1.0775412461209777e-06
0.35748817539812083 8.6015747803098484e-07
0.27624614103391154 7.9983729555379419e-07
0.50317717023221298 9.7083545384980661e-07
0.29432297483483361 8.1354777369554258e-07
0.34364592572976427 8.5003263705543336e-07
0.45275087427085714 9.3153382068009796e-07
0.50573368718435552 9.728279716330332e-07
0.98431401178183875 1.9375697299071559e-06
0.22332258816194051 7.5911034677293737e-07
0.48797616488264717 9.5898797775286613e-07
0.14951173948933894 6.9858769427552998e-07
0.34999923270797262 8.5467973014827587e-07
0.71731071870640428 1.1807278166714272e-06
0.17446214376057456 7.2019543777329298e-07
0.58135130755004316 1.0378601308867946e-06
0.4167010235680072 9.0422535521263653e-07
0.051579544404472988 5.9874895265856271e-07
0.93307524147844456 1.6309002083101153e-06
0.41360314029288636 9.0189917563995136e-07
0.78392653575116622 1.273093884478052e-06
0.4163134887318003 9.0393435792848189e-07
0.93736032157878457 1.6485422442403078e-06
0.29047033442889747 8.1062571651145165e-07
0.41223064968769685 9.0086858173890451e-07
0.75886424025928634 1.2360557872809762e-06
0.34366731528085692 8.500482823304819e-07
0.36435707133517936 8.6518169596568318e-07
0.99482317341422344 2.1236382924249326e-06
0.55561452569035197 1.0148677722401601e-06
0.68938045367014811 1.147869324801165e-06
0.64346223415360981 1.0980688989201795e-06
0.82792414715657225 1.3511589810345905e-06
0.86182509944174301 1.4230618861184449e-06
0.56325613247030959 1.0213368308322423e-06
0.29455607496639935 8.1372456982554352e-07
0.022800247574969457 5.4864225155031803e-07
0.61440325106432014 1.0687325250509829e-06
0.82546883326561959 1.3463301079916003e-06
0.45053980551165951 9.2981054095807398e-07
0.16470614049086429 7.1174646781178145e-07
0.28808207293564092 8.0881432590175294e-07
0.50998892951186459 9.7624308721299489e-07
0.83668121897766656 1.368381539913204e-06
0.17175314606842063 7.1784937048589524e-07
0.61214987570951418 1.0666277443707367e-06
0.75336861395054544 1.2279341233476826e-06
0.93604752033482319 1.6431373308728002e-06
0.11670369167885941 6.6959487511560407e-07
0.92639163416455739 1.6064290402916261e-06
0.60146753517447948 1.0566498310461777e-06
0.766701587432286 1.2476381431930609e-06
0.053774709568555457 6.0175694471130162e-07
0.50614815564059512 9.7315100323622742e-07
0.62262967408079373 1.0765653186371369e-06
0.30683383987284019 8.2303671094677761e-07
0.43165020810125265 9.1545059664403991e-07
0.55429813527959804 1.0137533722268595e-06
0.55254793977297989 1.0122717313094538e-06
0.041861525406838074 5.8543254057643591e-07
0.43948176657889237 9.2133126087024935e-07
0.21381815479223087 7.5162524312482705e-07
0.91669507808534978 1.5724865937074802e-06
0.97657999012333407 1.8666479400385877e-06
0.29964689635206909 8.1758573246610554e-07
0.17518539725105875 7.2082179539605335e-07
0.21950415094834308 7.5610318188411113e-07
0.47775225535295374 9.5101958875589854e-07
0.87450559911317838 1.4540223399145015e-06
0.50003621493763961 9.6838743203031029e-07
0.055392061715297647 6.0397317084475277e-07
0.039885602713144008 5.8272497220904953e-07
0.22739094562284856 7.6231433338507039e-07
0.84277127760942883 1.3810131955449102e-06
0.62148055753514397 1.0753791888572355e-06
0.56295785378629148 1.0210843208118702e-06
0.31896959258264213 8.3198326249852981e-07
0.92942540504618731 1.6171594463414458e-06
0.33117824496213244 8.4091321729848568e-07
0.83494441265294672 1.3649657578116821e-06
0.89590351797588408 1.5100769508138957e-06
0.4833350132161367 9.5537072138285697e-07
0.89428926948074261 1.5056763584607754e-06
0.27680328739104709 8.0025986639973918e-07
0.65843342618327583 1.1135223155246445e-06
0.087963748524386265 6.4171265651260093e-07
0.47393421409239389 9.4804385448494724e-07
0.21733180215834791 7.5439237438823438e-07
0.062763277930602879 6.1407380480043324e-07
0.0037255080776207317 4.8510898070048035e-07
0.32475211644080837 8.3621285926957384e-07
0.58953059453676282 1.0455000499047778e-06
0.45523034765115733 9.3346629165360148e-07
0.30176929851949608 8.1919548054726697e-07
0.99120003077625107 2.0183212281468248e-06
0.93952503997967785 1.6574545723445776e-06
0.12565330683749687 6.7792562854724089e-07
0.41510742666849476 9.0302873409249581e-07
0.64884693399361082 1.1036270408338391e-06
0.73349079752993673 1.2017514503634849e-06
0.36637215490949038 8.6665561828547662e-07
0.74628181273534766 1.2183714941321837e-06
0.12415001291067829 6.7662373422844269e-07
0.33181262525770472 8.4137723144102602e-07
0.71643317575590504 1.1795875786205771e-06
0.6256827902603751 1.0797167761945185e-06
0.83721021486165492 1.3694219176724211e-06
0.046857022667155079 5.9227777313769217e-07
0.17439171782304852 7.2013444695418189e-07
0.048494582271966458 5.9452168915720391e-07
0.19211422424921132 7.3453257033029383e-07
0.004282810632935008 4.8763346350367591e-07
0.50421030167886627 9.7164066375781937e-07
0.52831439556825543 9.9175664569089676e-07
0.6578917814059948 1.1129632242793802e-06
0.38491244720104345 8.8035552848822842e-07
0.0032076906851840059 4.8276335875789863e-07
0.67389115440763714 1.1300037475918081e-06
0.054291087747912581 6.0246452766912587e-07
0.86617043081774392 1.4335257641632522e-06
0.022653987707937362 5.4830549985137055e-07
0.53047512325663249 9.9358582565528675e-07
0.89491788238552072 1.5073900160235144e-06
0.57248957578878013 1.0295827696540779e-06
0.60841674654392996 1.0631407895108522e-06
0.68161084833740571 1.1389077519368393e-06
0.12240884773046701 6.751158367935055e-07
0.67492710081055951 1.131198622849397e-06
0.8803548820128152 1.4684060051019896e-06
0.97422083283531646 1.8481893215002196e-06
0.44305199935834705 9.2401212448702807e-07
0.34450485167754685 8.5066089393848559e-07
0.75330961559631704 1.2278469331388253e-06
0.54287428809531457 1.0040824301187221e-06
0.25730465445503048 7.8547101655980782e-07
0.17215788496970297 7.1819988562253996e-07
0.17023030059274369 7.1653054398242681e-07
0.45917703660615206 9.3654229235099579e-07
0.17012440561565012 7.1643883598932716e-07
0.019718944011485773 5.4154779542211376e-07
0.052088774969689999 5.9944674137999822e-07
0.92988454395296571 1.6187834143651471e-06
0.072961341160135751 6.2715798605090135e-07
0.073180690580959551 6.2737078913366946e-07
0.45118844553353243 9.3031608299150777e-07
0.24510028233503256 7.7621454061785049e-07
0.9626938521724977 1.7709414936286608e-06
0.91098583949780421 1.5547869747998819e-06
0.4047432486712671 8.9524634301971257e-07
0.44873151941625922 9.2840118507673434e-07
0.37511365307557021 8.7304954130667164e-07
0.037866116643128223 5.7995770979589816e-07
0.29284683925470867 8.1242819020938329e-07
0.12267346961198411 6.7534500669702925e-07
0.10237033001512275 6.5568928312900302e-07
0.56086157293638783 1.0193096987940173e-06
0.098764857713562249 6.5219141375818158e-07
0.1029313237952636 6.5623353442166364e-07
0.48051371481934857 9.5317183620719733e-07
0.44228236512263874 9.2343421135133246e-07
0.13763478513236937 6.8830192172891444e-07
0.0044490248088630002 4.8838638456024803e-07
0.19297444176784384 7.3521002442318117e-07
0.23589225418204074 7.6900943799939893e-07
0.8002484436088676 1.3005588306478523e-06
0.91543835052721501 1.5685905227150741e-06
0.40594439748796973 8.9614827753209666e-07
0.40502672650097782 8.9545920460235443e-07
0.71248128375986675 1.1745141495006912e-06
0.62692201570468897 1.0809959172956338e-06
0.18414018669340915 7.2825271173405989e-07
0.10768912229586136 6.6084933957999991e-07
0.43761189065505079 9.1992718370167797e-07
0.56482836316276297 1.0226678143233617e-06
0.13870760315880926 6.8923101195459126e-07
0.29327349340844455 8.1275178849619073e-07
0.30594299643057488 8.2236104563517454e-07
0.26129820102416401 7.8849994483049691e-07
0.46076126629179104 9.3777702142983313e-07
0.65306358431973854 1.1079795101653315e-06
0.50938988361599236 9.7573596049065319e-07
0.20145656224734421 7.4189001769318068e-07
0.10293904704739976 6.562410271784596e-07
0.82187046289870036 1.3392531824190543e-06
0.4793046827177857 9.5222953149811376e-07
0.062139184133877201 6.1321862123090934e-07
0.25812149964955799 7.860905574765468e-07
0.8040337783841548 1.3069949680635195e-06
0.75172632477354995 1.2255070804543862e-06
0.87581663289737777 1.457246234420028e-06
0.60208782600169208 1.0572292179408052e-06
0.42290593435805501 9.0888458070575342e-07
0.42663499755445067 9.116847090070271e-07
0.19400004449294372 7.3601772567169771e-07
0.65079896151788186 1.1056419434879609e-06
0.58506875609285403 1.0413324391536043e-06
0.15486441142883589 7.0322325693170953e-07
0.88566292004537484 1.4821601232126854e-06
0.36846820331059704 8.6818876190351003e-07
0.049738765521068484 5.9622656922121232e-07
0.32788092077978381 8.3850140680590083e-07
0.86985671471157577 1.442590511795513e-06
0.91695658586178452 1.5732973126699643e-06
0.49039841725963351 9.6087585138208782e-07
0.95633994007341794 1.7358220418614535e-06
0.87524180921197603 1.4558327156050688e-06
0.82523071709922535 1.345861804227573e-06
0.85971006468220601 1.4183943478713299e-06
0.38187541216882348 8.7807503944907833e-07
0.75646894075554361 1.2325159145720111e-06
0.57733900307614927 1.034112410418518e-06
0.71968400174030667 1.1838115490621354e-06
0.17778610758077462 7.2307408281815623e-07
0.73139391177494195 1.199026855601747e-06
0.95759243419417173 1.7427448488151247e-06
0.30266332238142957 8.1987355806638503e-07
0.98616132395562706 1.9575627360323355e-06
0.37837601480537109 8.7544736566648427e-07
0.19972349702103287 7.4052516275198892e-07
0.11228622980023839 6.6530924945837399e-07
0.78496191328817777 1.2746240082396177e-06
0.55482540037656836 1.0141997323843603e-06
0.30713129366202885 8.2326231647702504e-07
0.60845036979375788 1.0631721955375905e-06
0.33210118784100473 8.4158829903028411e-07
0.44835775732845873 9.2810987951507396e-07
0.86266412575309115 1.4249134809354542e-06
0.66816647685916475 1.1235688693747883e-06
0.76240183970471642 1.2412837981049097e-06
0.58349355146957627 1.0398611084889467e-06
0.991398048885621 2.0208240108802178e-06
0.24141006629089268 7.7335492540921977e-07
0.26229116071881475 7.8925306079865115e-07
0.092558938738332874 6.4617070632080662e-07
0.55401950207071049 1.013517493228385e-06
0.61335923640836787 1.067757356012653e-06
0.7259615728988198 1.191968329875864e-06
0.33544592594926104 8.4403479019048742e-07
0.0122568018650272 5.2375424483922341e-07
0.63222953708831997 1.0864743948220613e-06
0.9986954925203827 2.3238673172811686e-06
0.29454935378999247 8.1371947211079832e-07
0.18393445246901974 7.2809068818845579e-07
0.28176695782635319 8.0402459067366785e-07
0.42541547477704722 9.1076897761197965e-07
0.25091292895256467 7.8062317574018693e-07
0.3469600253675299 8.5245671786696617e-07
0.63820673857936261 1.0926441229630725e-06
0.34502798684261471 8.5104353841333127e-07
0.39605894478365467 8.8872535803987422e-07
0.040031262799263945 5.8292456738695179e-07
0.91794250162286972 1.5765445742332184e-06
0.40688595991485366 8.9685529038226286e-07
0.3281435160347943 8.3869348072897082e-07
0.086484196245384504 6.4027726049055704e-07
0.63418321539518363 1.0884910014307566e-06
0.86382495026375494 1.4277581157914431e-06
0.041153200052400307 5.8446193614458542e-07
0.1452724673660355 6.9491636680276592e-07
0.14638982888620733 6.9588403293192669e-07
0.6022748553477929 1.0574039139822225e-06
0.92123050271836882 1.5881741890668878e-06
0.43776836706550959 9.2004468077864653e-07
0.34380644819385064 8.5015005037052439e-07
0.76584068559669127 1.2463658668417497e-06
0.74256906175565141 1.2135473200698521e-06
0.24675613927720963 7.7747043480051556e-07
0.16082636230788605 7.0838647208206671e-07
0.35781003241535636 8.6039289865945572e-07
0.77560339222663122 1.2607935986184898e-06
0.69506338991497829 1.1544241039772378e-06
0.66585370635620522 1.121181604150888e-06
0.82942856016320388 1.3541177145146623e-06
0.27713031234139374 8.005079003465527e-07
0.33968372546951009 8.471345064401426e-07
0.042339450609175988 5.8608743216908602e-07
0.8687457758035334 1.439858660118784e-06
0.58242973492217809 1.0388674433583175e-06
0.29812229188369332 8.1642938747401892e-07
0.069416531449365548 6.2319062846215548e-07
0.72340950316245967 1.1886522904499135e-06
0.74873751954906109 1.2215623241070978e-06
0.66617865211502258 1.1215170164664145e-06
0.20378097094672953 7.4372057816519342e-07
0.91321605850860488 1.5617010362752183e-06
0.75315801902087631 1.2276228974475322e-06
0.65775632358397029 1.1128234033384738e-06
0.65094392342178753 1.1057915746388001e-06
0.90435770009164118 1.5342386057386488e-06
0.92830713309712376 1.613204133776402e-06
0.59563741801023995 1.051204170186929e-06
0.41666941096254839 9.042016175212754e-07
0.36373397955941622 8.6472593875179629e-07
0.81907884108072249 1.333762891587919e-06
0.64460533983433355 1.0992488242242002e-06
0.077266030253653639 6.3133420455204153e-07
0.1421860130150272 6.9224341155886921e-07
0.90018589510484637 1.5217511113310698e-06
0.88449814810450089 1.4789848459789968e-06
0.95183244869746886 1.7129685842710314e-06
0.42785096732832373 9.1259777247578404e-07
0.78406090764070713 1.2732924648158741e-06
0.82822502731432157 1.3517507229248146e-06
0.3156969058381931 8.2958947293077697e-07
0.14533771122714223 6.9497286979968218e-07
0.99702636163917291 2.2189706439843787e-06
0.030219203751349899 5.6572380746520977e-07
0.59733591871144298 1.0527906663974479e-06
0.6502122741817089 1.1050363588555229e-06
0.68178934196964835 1.1391136290210225e-06
0.25562774396908972 7.8419915419627886e-07
0.72157924429885079 1.1862741381349696e-06
0.21639956328126553 7.5365820072965543e-07
0.82903825575168244 1.3533501016818181e-06
0.21911667408463453 7.5579802908085763e-07
0.69670602907607748 1.1563187472572447e-06
0.78341348583397585 1.2723356780836694e-06
0.18894575046218876 7.3203727642063609e-07
0.23798648763260277 7.7065872668721845e-07
0.77910373873436689 1.2659665555098075e-06
0.085998971634952848 6.3980651708696384e-07
0.19076095246666414 7.3346681720620854e-07
0.45553090618991521 9.3370054327195032e-07
0.93018192874477057 1.6198352602999966e-06
0.56187783489301046 1.0201700228504106e-06
0.38767784820822548 8.8243204937746024e-07
0.9783702222224766 1.8815645208286633e-06
0.46371130622128853 9.4007624616832982e-07
0.43373497368748204 9.1701603300488378e-07
0.41164431688772352 9.0042830841000066e-07
0.31218007260679626 8.2701710369466747e-07
0.32569480973758436 8.3690238734103999e-07
0.68783705992949806 1.146089152595134e-06
0.040835597341881136 5.8402673133867768e-07
0.6818167256463189 1.1391452137416445e-06
0.20120449812587282 7.4169150758723421e-07
0.38420800320449289 8.7982656626165361e-07
0.14653897256033199 6.960131954985836e-07
0.55275104407246978 1.0124436707524974e-06
0.72935044495213963 1.1963716708889268e-06
0.35465557605636466 8.5808558808752467e-07
0.16341657754026295 7.1062967045820361e-07
0.22650558193117554 7.616170757221815e-07
0.81811291852557255 1.3318632088608483e-06
0.26764873505985243 7.9331654374619269e-07
0.77470259301122713 1.259462360268595e-06
0.33119940680621107 8.4092869601843205e-07
0.18873255434296254 7.3186937634835311e-07
0.72730855962743102 1.1937185411003729e-06
0.46854502947520671 9.4384359045859794e-07
0.031277251274806406 5.681598776485158e-07
0.95994241934439861 1.7557337269818526e-06
0.14775344507210741 6.9706496244529308e-07
0.35340697645309138 8.5717230645136273e-07
0.38479463499570732 8.8026706410105592e-07
0.48942989925841329 9.6012100039657434e-07
0.78544402233417066 1.2753871363751456e-06
0.006090279675126764 4.9582098116497265e-07
0.93247205133607469 1.6284168236556292e-06
0.64598946020301118 1.1006775273391903e-06
0.95064887914893559 1.7073832484955248e-06
0.81738953741648579 1.330440533108331e-06
0.92783821808321687 1.6115455877957064e-06
0.60100055093567806 1.0562136412202296e-06
0.35730898287717483 8.600264086006498e-07
0.44291406311360371 9.2390854909494291e-07
0.65803231038411292 1.1131082797191579e-06
0.4269318597663363 9.1190762083160627e-07
0.73167278346778919 1.1993892083678521e-06
0.091848016080029571 6.4548100067796317e-07
0.82998664898488872 1.3552153094399215e-06
0.20418863964200418 7.440416328056462e-07
0.94394760952472256 1.6757595547127504e-06
0.15554579993726791 7.0381335831653939e-07
0.12916419610239782 6.8096615622207655e-07
0.81187611058739284 1.3203291460730514e-06
0.81870182770301436 1.3330214182703244e-06
0.73875941988124727 1.2085972505344114e-06
0.96053046390470465 1.7589839769460639e-06
0.27053962868541603 7.9550915857575362e-07
0.82664873899028757 1.3486506320468396e-06
0.35204053004342084 8.5617282638627217e-07
0.5373986255693407 9.9944696761312705e-07
0.44560002970132873 9.2596054061327368e-07
0.0058500226736072358 4.9473265909844026e-07
0.57446219353915773 1.0314253067714074e-06
0.74750588776395299 1.2199619996725872e-06
0.17455238357527125 7.2027358796068287e-07
0.9316558618930374 1.6250565029281907e-06
0.53039953941850382 9.9352183959953333e-07
0.17824600315109351 7.2347236516305041e-07
0.64594757091688526 1.1006342887922206e-06
0.19192270851534399 7.343817443880752e-07
0.063533348295336411 6.1512901721682398e-07
0.68531524241924224 1.1431804525517157e-06
0.11069488330549448 6.6376539564484739e-07
0.10621744837643532 6.5942158679311278e-07
0.73994356318181331 1.2101358706648522e-06
0.055202233208071161 6.037130525400058e-07
0.80976917904795465 1.3167467678375099e-06
0.79614875864782764 1.2935882092004549e-06
0.141393428077766 6.9155701097640356e-07
0.51838064727696886 9.8334715779315851e-07
0.096625490968942351 6.5011589499584878e-07
0.63257121978598718 1.0868270831760099e-06
0.062930012970546567 6.1430227857692631e-07
0.94448085632274725 1.6782759783752826e-06
0.20773073536958164 7.468311682383363e-07
0.68289465594864507 1.1403885138235998e-06
0.12829142437711005 6.8021031165270177e-07
0.20959644832677649 7.4830048832497422e-07
0.45094964888337064 9.3012996782742738e-07
0.57309614134151621 1.0301493363620963e-06
0.99886324039168295 2.3829167962557307e-06
0.025926228090944137 5.5583957280455077e-07
0.00031441964408696066 4.1288547098151803e-07
0.35036709471494798 8.549488008853892e-07
0.36615636780241989 8.6649778193690556e-07
0.88383723609863163 1.4771831380462546e-06
0.91258254769730196 1.5597370440962322e-06
0.88052497635931881 1.4688242751997726e-06
0.14317875048604778 6.9310314979802708e-07
0.41210483518107344 9.0077410847788626e-07
0.74588516229502322 1.2178561051991552e-06
0.31261106778424141 8.2733235285845311e-07
0.66323802851055125 1.118481674888618e-06
0.23714286319109201 7.6999434027519809e-07
0.32341925796080806 8.3523794691961326e-07
0.86042964934848387 1.4199823543741756e-06
0.25050903608899511 7.8031684088428436e-07
0.96432408688486293 1.7807221011862225e-06
0.30625956093684692 8.2260114579826142e-07
0.023528109823277354 5.5031809642623105e-07
0.25490090380257047 7.8364787810858829e-07
0.17120494224342575 7.1737461073826906e-07
0.50682696621754975 9.7368005982820158e-07
0.11271606632786002 6.6572625779977147e-07
0.6260488772454097 1.0800946549019723e-06
0.87489907055649463 1.4549899049303516e-06
0.3625188818037357 8.6383716186647988e-07
0.16849271930540444 7.1502575029831712e-07
0.40002499578441297 8.9170343887858244e-07
0.78596682145062702 1.2762760424175568e-06
0.59148767407959557 1.0473280734529513e-06
0.10114321332760312 6.5449878892555543e-07
0.53718715432703334 9.9926794507291809e-07
0.4680853814555932 9.4348534646090519e-07
0.32711225602116145 8.3793917099661955e-07
0.11016059605332329 6.6324705384153323e-07
0.98111193562027488 1.9064658916587163e-06
0.17604331989325561 7.2156478024679918e-07
0.19274289079074547 7.3502766920051996e-07
0.14558269210223584 6.9518503004579816e-07
0.57019303869893811 1.0274376734596694e-06
0.44366957448270039 9.2447585746573851e-07
0.24955718202655597 7.7959490171833704e-07
0.42942338302152816 9.1377848877154552e-07
0.67352185106171791 1.1295777878806311e-06
0.28170053149863017 8.0397420924491141e-07
0.91524577603038038 1.5679935087432407e-06
0.30634623717770582 8.2266688588962878e-07
0.19817903082285326 7.3930883673604572e-07
0.95456784687281448 1.7260272979753048e-06
0.81056061011817937 1.3180924240146729e-06
0.34313762484346555 8.4966084303604997e-07
0.84143185114387598 1.3780572988491347e-06
0.51881424915380003 9.837142266606922e-07
0.3467524982610628 8.5230492325254747e-07
0.83961158953921433 1.3741447083059585e-06
0.7521650668644404 1.2261554716686751e-06
0.29787484264310582 8.162417081800879e-07
0.60667851525797378 1.0615171826755873e-06
0.36939022351979722 8.6886316875341216e-07
0.0010519725603881369 4.5452141552937216e-07
0.96181574140027937 1.7660879847304731e-06
0.54962907607283673 1.0098007457114966e-06
0.59843260166578316 1.0538150306205356e-06
0.59989142567729492 1.0551776551778515e-06
0.55064146081940279 1.010657787487114e-06
0.29004784477359347 8.1030527681233432e-07
0.97157612490805623 1.8274964855360197e-06
0.62166841251528493 1.0755730946773991e-06
0.67092136055396145 1.1265783452873196e-06
0.45479275731704982 9.3312523914395683e-07
0.28786140049078257 8.0864695562192213e-07
0.064348982174929348 6.1624666442984614e-07
0.35023019656788623 8.5484866745317585e-07
0.17609742926839211 7.2161164046942575e-07
0.66208826825701184 1.1172948806668893e-06
0.8790038848027194 1.4650838386291634e-06
0.30275485824565229 8.1994298396692892e-07
0.33288262541404656 8.4215987744773272e-07
0.67036450382901169 1.1259360588516629e-06
0.14927143424123634 6.983795832523289e-07
0.92943742667769913 1.6172019666874232e-06
0.36384678102548307 8.6480844679298176e-07
0.10119944592677466 6.5455334330008185e-07
0.17468400492064151 7.2038757570367384e-07
0.93274607600745807 1.6295450063231882e-06
0.24711928836901997 7.7774586730934398e-07
0.66226880383128639 1.1174812313219116e-06
0.15616522353826512 7.043497963694587e-07
0.19410169234877772 7.3609777723363002e-07
0.87923821889997755 1.4656600773330878e-06
0.14803322010256181 6.9730725539691904e-07
0.018750586736279162 5.3931822989445972e-07
0.50123318952627627 9.6932033926252342e-07
0.86272681326293466 1.4250577446141878e-06
0.32599104541562474 8.3711906737523276e-07
0.12816227064571051 6.8009846093198705e-07
0.98223082956563779 1.9166281475222785e-06
0.67673862948941332 1.1332880656918733e-06
0.85069063194815642 1.398489924521487e-06
0.75213827232892372 1.2261158735955002e-06
0.69824227398919014 1.1580906739043154e-06
0.38456406713092028 8.8009393225277333e-07
0.32433999320363938 8.3591141388759928e-07
0.71695859589447408 1.1802702848451995e-06
0.71671300817723016 1.1799511797120963e-06
0.95058838404909329 1.7070977684865041e-06
0.56865981784832231 1.0260055580253528e-06
0.29462110578767353 8.1377389282444025e-07
0.48952879933047744 9.6019808189301631e-07
0.61371381672591918 1.0680885541862668e-06
0.42672979957691248 9.1175589520370242e-07
0.79113312335954822 1.2850602136971282e-06
0.58461321221583773 1.0409069352759198e-06
0.0094357276276505475 5.1097527346921183e-07
0.56983988823200848 1.0271078108478201e-06
0.63360378594186095 1.0878929084587775e-06
0.91526125154407068 1.5680414854901427e-06
0.41372167366418855 9.019881815457642e-07
0.57446765927135834 1.0314304120759962e-06
0.47499745071437394 9.4887252799532534e-07
0.53165642846888539 9.9458586829726617e-07
0.067304070668996463 6.2029596461496888e-07
0.89728366753310151 1.5138393675706298e-06
0.91041233983162562 1.5530090274642882e-06
0.54805960984263269 1.0084721024962876e-06
0.55655551572094553 1.0156643742922889e-06
0.057556035943954531 6.0693842256641644e-07
0.59795051311975678 1.0533647325129963e-06
0.42915178987916247 9.1357455132014885e-07
0.70904363023443728 1.1705491112225412e-06
0.047124916595572386 5.9264486296803441e-07
0.71088768272948977 1.1726760674953924e-06
0.28689382383231388 8.0791309156295597e-07
0.65170533045310797 1.1065775067167032e-06
0.627125975312123 1.081206446475803e-06
0.22684148463223253 7.618816119060117e-07
0.44045234521626675 9.2206006179637751e-07
0.83563325905332453 1.3663205140511193e-06
0.60559164359477391 1.0605019827561728e-06
0.068738301978411465 6.2226126383304075e-07
0.4429088313208297 9.2390462057717808e-07
0.31177145877791701 8.2671822525099429e-07
0.64164567891163271 1.0961938321330012e-06
0.61456394129526082 1.0688826188615268e-06
0.010398101510140534 5.1533465831936827e-07
0.60769550941846295 1.0624671130351057e-06
0.73484965398493673 1.2035170845523901e-06
0.76873003240157545 1.2506358630928923e-06
0.058975770389961157 6.0888385701502319e-07
0.30365841710986896 8.2062829336314596e-07
0.42127356055152387 9.0765884226872639e-07
0.17977170779491181 7.2479366778558858e-07
0.42073387116500982 9.0725359316312381e-07
0.071129535825592338 6.253808497322466e-07
0.11321728300705158 6.6621251599943371e-07
0.66869476284341944 1.1241141715380904e-06
0.26257246116015498 7.8946641472969533e-07
0.71140584747957247 1.1732737260590806e-06
0.048108528016667984 5.9399268653322629e-07
0.56270305304350288 1.020868617363385e-06
0.39144866358684027 8.852635291096199e-07
0.79697139191546529 1.294986917919108e-06
0.78395158020556188 1.2731308962089389e-06
0.37555964245750817 8.7337575790275196e-07
0.62271401408771432 1.0766523752496485e-06
0.2275488688194881 7.6243870392346083e-07
0.58040683618042022 1.0369779409366882e-06
0.081264693947522448 6.3521353077871818e-07
0.43460428411861007 9.1766879232072119e-07
0.18272768153810914 7.271403100705787e-07
0.88338118209152272 1.4759398921752916e-06
0.44490081796683179 9.2541558361071663e-07
0.59077374863753485 1.0466612265051578e-06
0.36038186033001041 8.6227404870921113e-07
0.28874103523980288 8.0931411963592936e-07
0.20291978306153358 7.4304235987164079e-07
0.91187158266701962 1.5575329305529521e-06
0.79946578242695265 1.299228085755855e-06
0.13326114443103088 6.8451422733332294e-07
0.74672487629179829 1.2189471900861223e-06
0.4185307770366532 9.0559930470130736e-07
0.015396654960569855 5.3159606901367371e-07
0.52836732037622203 9.9180144957750986e-07
0.1300464400848661 6.8173020402941391e-07
0.20993431309359467 7.4856656971039773e-07
0.696040961424093 1.1555516488053004e-06
0.2571420371411961 7.853476785266462e-07
0.89188820184181661 1.4991308235428347e-06
0.65716975842416991 1.1122179448177296e-06
0.83228348491080906 1.3597325034034779e-06
0.61518953833018408 1.0694669620558007e-06
0.86884959102201587 1.4401139466846143e-06
0.36168467502215018 8.6322698568799436e-07
0.54914057688557971 1.0093872031208414e-06
0.51589040044433354 9.8123902096631775e-07
0.90379070807797046 1.5324808332420646e-06
0.16491540860861353 7.1192769981754097e-07
0.57806076318669242 1.0347865753920557e-06
0.75443119422698035 1.2295044484430453e-06
0.37004976053366034 8.6934558364570524e-07
0.86758152461597637 1.4369957110080487e-06
0.37301476707773407 8.7151432214338183e-07
0.1733087598959161 7.1919657529270653e-07
0.58404835540503175 1.040379326903904e-06
0.42056801003731248 9.071290491655332e-07
0.015190104682004546 5.3112050344236299e-07
0.069838592493503215 6.2376897048730669e-07
0.19527718020659002 7.3702351873873224e-07
0.76932995951815231 1.251522460206957e-06
0.89203951603374831 1.4995433201800856e-06
0.54564087401422245 1.0064245038376138e-06
0.10556546251412346 6.5878905901665411e-07
0.53441895224184599 9.9692450317653965e-07
0.85560546059694498 1.4093361532147965e-06
0.74947762912258964 1.2225239876895532e-06
0.29109816369737496 8.1110189721638076e-07
0.12389060928835782 6.7639908348240438e-07
0.90068169976224299 1.5231027211919727e-06
0.85408874663221102 1.4059890117986058e-06
0.053715365145225791 6.0167562620430698e-07
0.82367448982456426 1.3428011674743386e-06
0.097212637784939493 6.5068551880434763e-07
0.063283633402037021 6.1478683776409522e-07
0.75860089714625945 1.2356666079330737e-06
0.53631062192495804 9.9852591010171851e-07
0.41454802409031888 9.0260868248477039e-07
0.90386219597602191 1.5327024579880992e-06
0.83930357206775374 1.3735389294398889e-06
0.057623471547056604 6.0703082825940097e-07
0.61608724194117237 1.0703054682607105e-06
0.77226740320745824 1.2558635360238429e-06
0.55049057977495208 1.0105300580258774e-06
0.98300549907618828 1.9236640152276502e-06
0.68604750464754827 1.1440250541799481e-06
0.10414301269702531 6.574090612713921e-07
0.19829801199995345 7.3940253894933151e-07
0.82624562119946199 1.3478578191032726e-06
0.99675667314430005 2.2133679430000891e-06
0.098339266872389697 6.5177852439353571e-07
0.10032931784504839 6.5370918361413875e-07
0.76338705414328345 1.2427397887641621e-06
0.064354281716539563 6.1625392628845599e-07
0.068560116064847465 6.2201709914753992e-07
0.88881648300966254 1.4907570307566577e-06
0.80044981231845092 1.3009012142844477e-06
0.88156319986438225 1.4713773162379382e-06
0.65051340213275366 1.1053471861877435e-06
0.32253642193885845 8.3459220113811921e-07
0.90631319033279112 1.5403009609047796e-06
0.29872352497443178 8.1688539615559702e-07
0.27551083945484933 7.9927960185929283e-07
0.88640041919277124 1.4841706148552259e-06
0.68082259249320787 1.1379985664787644e-06
0.89567208470924276 1.5094460420867049e-06
0.1559012892539724 7.0412122194424032e-07
0.95229679776563136 1.7151598754088822e-06
0.61274215670032706 1.0671809684858764e-06
0.66803504409342762 1.123433203137899e-06
0.91406058032645154 1.5643191987684878e-06
0.38075297469462865 8.7723220875075684e-07
0.71957499469586217 1.1836699104337178e-06
0.64034062112448398 1.094846738218385e-06
0.78775271886596021 1.2793125720398273e-06
0.89694279183330727 1.5129101085362286e-06
0.68006085543009465 1.1371199681584895e-06
0.067639554503064359 6.2075567157607153e-07
0.18314034584978023 7.2746529894940856e-07
0.95397818226708408 1.7230944298421084e-06
0.96865047337722621 1.8083528819151888e-06
0.96741331369836248 1.8004516720085516e-06
0.036799400400117976 5.7849600931248896e-07
0.38244816794941827 8.785051178860734e-07
0.75967270398799602 1.2372505684283762e-06
0.75288580365783087 1.2272206063214747e-06
0.085908904949958509 6.3971913838247716e-07
0.60948888708951898 1.0641422297289903e-06
0.14286961854085745 6.9283543294237937e-07
0.49320933286779334 9.6306664434034044e-07
0.23968570084112151 7.7199692187374416e-07
0.053161171734727675 6.0091622577205955e-07
0.080019425526609567 6.3400542656832743e-07
0.9108929497299082 1.5544990005863394e-06
0.74464596420153406 1.2162459494592759e-06
0.93182398177295045 1.6257486666433498e-06
0.46998993233355268 9.4496972992654736e-07
0.41329249895280429 9.0166591716132061e-07
0.35840729250209558 8.6082976141978449e-07
0.61630709605209 1.0705108244984741e-06
0.3515593869713336 8.5582089680776536e-07
0.74627323398200618 1.218360347303435e-06
0.80131732621586216 1.3023762327399332e-06
0.87584459342938104 1.457314990699678e-06
0.24280093024527727 7.7445028380187987e-07
0.52702204929237539 9.9066260041734855e-07
0.22344461672983884 7.5920644892266257e-07
0.037555823420341139 5.7953252103860833e-07
0.70782530416983769 1.169143876679365e-06
0.54898127393512464 1.009252344032948e-06
0.72392727955308367 1.1893250647478385e-06
0.087622911406537107 6.4138199145258994e-07
0.99552617906194196 2.1878047820293529e-06
0.994348566947032 2.1161791295657864e-06
0.46499982550351271 9.4108050220571326e-07
0.86605871518383604 1.4332510500996805e-06
0.24356855580555681 7.7505279385772691e-07
0.73756616122329699 1.207046786337158e-06
0.8792258568135658 1.4656296783739304e-06
0.81466626608077852 1.3250846673714896e-06
0.81177407824115744 1.3201556622888689e-06
0.46302663208886508 9.3954261959353809e-07
0.81998994777877277 1.3355547678077843e-06
0.69070481302130049 1.1493968596392461e-06
0.13245139814420437 6.8381296454520116e-07
0.11418440406452013 6.6715077397005558e-07
0.77192213593463987 1.2553532857630972e-06
0.62546408877292381 1.079491030295935e-06
0.51937611719137744 9.8418988019283146e-07
0.90726179084882819 1.5432417852147031e-06
0.65959035687121859 1.1147165111416563e-06
0.39614674508830017 8.8879128669405637e-07
0.4139318081761838 9.0214597012780839e-07
0.60524436081758493 1.0601776009001049e-06
0.76027528468634842 1.238141087115377e-06
0.56435330694912411 1.0222656519811928e-06
0.5087608822191797 9.7520347471800707e-07
0.72690070265418183 1.1931885909253545e-06
0.70526454990703635 1.1661902664339358e-06
0.83034684061356101 1.3559236993742656e-06
0.062551786277294408 6.1378400190870493e-07
0.75495213208197887 1.2302743119582736e-06
0.51376045095168998 9.794358965105782e-07
0.074693120033151872 6.2883808113146469e-07
0.67901002816951972 1.1359079291088639e-06
0.7165401940019428 1.1797266330978514e-06
0.52362716954468447 9.8778863992274591e-07
0.79379897764976282 1.289592918348242e-06
0.30024810862930151 8.1804172536156077e-07
0.20190721853143612 7.4224492669878755e-07
0.35073395174327848 8.5521713653613977e-07
0.41005051329597753 8.9923153208606144e-07
0.69593360240216884 1.1554278193884364e-06
0.84551993787822766 1.387079042394516e-06
0.72091819007867652 1.1854151953617541e-06
0.17398755906960151 7.1978443424168544e-07
0.36621708480025739 8.6654219306676858e-07
0.15841371344777799 7.0629705111907696e-07
0.68672419955805131 1.1448055636765934e-06
0.24817187821689413 7.7854421010877651e-07
0.52538693285184679 9.8927838053228453e-07
0.7918298431946843 1.2862448340452232e-06
0.67093927492161509 1.1265990079727676e-06
0.2983739906651327 8.166202898565508e-07
0.33286675061634086 8.421482659101474e-07
0.65336428660303181 1.108289898118972e-06
0.54946774933994413 1.0096641733756511e-06
0.096393487470044392 6.4989081548757815e-07
0.87399158927354614 1.4527583652421868e-06
0.51261324805362862 9.7846472343425206e-07
0.47336101319746537 9.4759710877667059e-07
0.19843933663226232 7.3951383748546865e-07
0.3769938189705373 8.7442477879698467e-07
0.33282486231509911 8.4211762693173205e-07
0.27073568282942684 7.9565785696429118e-07
0.56740657464677313 1.0248504182747435e-06
0.46227536028028204 9.3895708761129013e-07
0.88919768531466725 1.4917962238879781e-06
0.94134397704716088 1.6649432895558962e-06
0.21947342922809088 7.5607898735810516e-07
0.10010542876721051 6.5349197635741072e-07
0.78533755148774942 1.2752061058880134e-06
0.99486140363860898 2.1242391385775797e-06
0.86360006985415416 1.427205124155644e-06
0.023697402118734723 5.5070787845783578e-07
0.251263550706466 7.8088910681782057e-07
0.043342277041263921 5.8746158568944668e-07
0.82077937704116655 1.3371073406574585e-06
0.5814069762923163 1.0379121286567091e-06
0.51371854116705384 9.7940041747322378e-07
0.55444988199652756 1.0138818345295192e-06
0.25245125869659113 7.8178993074621016e-07
0.60163836913886282 1.0568093996804032e-06
0.030666978464029993 5.6675477309030268e-07
0.64601172397083961 1.1007005082266678e-06
0.73443383017883079 1.2029767826493304e-06
0.67302626371182717 1.1290061704101827e-06
0.33211751831222025 8.4160024386787001e-07
0.82626291512754269 1.3478918311224381e-06
0.71554399711748207 1.1784322217039086e-06
0.12829732292427787 6.8021541995847622e-07
0.19514422053831504 7.3691880793069738e-07
0.63710841317823863 1.0915104203188742e-06
0.28941613355602613 8.0982615182088192e-07
0.11943294144623695 6.7224267223291934e-07
0.15496899314989221 7.0331382760858415e-07
0.16561718054040064 7.1253545381347395e-07
0.47779090681838221 9.5104971323136874e-07
0.60738545342949735 1.06217750311549e-06
0.17640227485441495 7.2187564521891205e-07
0.71249661036322109 1.1745318274221353e-06
0.28101260750152846 8.0345244934883019e-07
0.31155813839396085 8.265621931741176e-07
0.22349862107410756 7.5924897940276329e-07
0.785206135943191 1.2749849305835839e-06
0.95981383293687705 1.755023001988108e-06
0.49249984867809271 9.6251368111288691e-07
0.042030641431992199 5.8566427697057055e-07
0.26056931642547587 7.8794711813151704e-07
0.15805029111884605 7.0598231728232012e-07
0.84276228485201787 1.3809933499896666e-06
0.084853987433205158 6.3869570417969667e-07
0.96647624068838378 1.7944669873504757e-06
0.58851377662462601 1.0445502841712398e-06
0.51773978707416324 9.8280463286081609e-07
0.84735062241918679 1.3911190658857607e-06
0.027547621291456159 5.5957270155691429e-07
0.77715274940700962 1.2630833027622479e-06
0.11660404556851656 6.694982028773681e-07
0.84077809894043209 1.3766145739010217e-06
0.52917621923786184 9.9248622887611777e-07
0.061129402360091789 6.1183493694134171e-07
0.83324503880132439 1.3616235942649767e-06
0.027314117071251642 5.5903507668099367e-07
0.13837069289360349 6.889392383018202e-07
0.79782452382662894 1.2964374829390866e-06
0.46487112385789098 9.4098019373038043e-07
0.88138870435483374 1.4709482234706482e-06
0.63542927279108352 1.08977719454175e-06
0.623528754370408 1.0774933584517848e-06
0.29223510613201487 8.1196421771842362e-07
0.13368052355173354 6.848774213068534e-07
0.9611723908966826 1.7625320468093697e-06
0.10479768914339516 6.5804419933321113e-07
0.52901060007356759 9.9234602275080374e-07
0.27256859083478024 7.9704803653998396e-07
0.26414066358145472 7.9065582683890944e-07
0.59458621930281308 1.0502222908361262e-06
0.79793411717886886 1.2966238225673448e-06
0.77717948283127869 1.2631228105226926e-06
0.86880168919355349 1.439996153807386e-06
0.29290273791236709 8.1247058686647593e-07
0.4657513817150738 9.4166625584813473e-07
0.0093345732200249554 5.1051706174905524e-07
0.7468576231363655 1.2191196750946564e-06
0.30234311214228304 8.1963069277631651e-07
0.56149353327018647 1.019844689476597e-06
0.16930028201945069 7.1572512205172741e-07
0.81939950713432852 1.3343935464576553e-06
0.81727221927827776 1.3302098031812395e-06
0.8774529147529555 1.4612699294210772e-06
0.045936997106722832 5.9101708003843111e-07
0.99245870977501371 2.0864771482379095e-06
0.24777941443969453 7.7824654370889794e-07
0.30943368604734944 8.2500827363900418e-07
0.24933572919044611 7.7942693954629136e-07
0.26753269836653237 7.9322853505147731e-07
0.55266135610364664 1.0123677447408575e-06
0.23981054430377957 7.7209524086041446e-07
0.39377131140040478 8.8700758962405135e-07
0.65560658244321535 1.1106044186795357e-06
0.83602620357772683 1.3670933192017228e-06
0.69274150026687953 1.1517460035624494e-06
0.59432284478732322 1.049976284066464e-06
0.1477285625410687 6.9704341348190097e-07
0.8161156015412826 1.3279350796797758e-06
0.037274887993038686 5.7914756069645033e-07
0.26419166323530208 7.9069450781849978e-07
0.05705891693196119 6.0625723007037646e-07
0.66742897558446257 1.1228076130618832e-06
0.36837108259351448 8.6811772346398953e-07
0.65204848320486675 1.106931712475429e-06
0.34703095930359029 8.5250860212274742e-07
0.45574073079949418 9.3386407798490989e-07
0.45796101016618085 9.3559453634081733e-07
0.045580653667544602 5.9052878956688393e-07
0.43022652634600356 9.1438156365507561e-07
0.64106436311520265 1.0955937920584907e-06
0.54605224607543379 1.0067727538907443e-06
0.075283766278287256 6.2941109993095876e-07
0.66805598568674884 1.1234548192634095e-06
0.30886275491526094 8.2457555318247689e-07
0.014434802779022093 5.2938148094624773e-07
0.15559555708424522 7.0385644938862712e-07
0.49755965731655949 9.6645723356358328e-07
0.31040165903006867 8.2571629240426787e-07
0.69438301375355083 1.1536393484736234e-06
0.24065347556576444 7.7275908136712964e-07
0.77279616847516863 1.2566449672134255e-06
0.28647718139397993 8.075970867190429e-07
0.62086370758441567 1.0747669587018465e-06
0.79921638025118014 1.2988040316707269e-06
0.38555612864374889 8.8083886452459974e-07
0.046804941815470458 5.9220640776139587e-07
0.53544552105888088 9.9779355258164917e-07
0.99540906154450026 2.1853716992589606e-06
0.96899186637691359 1.8105332130375737e-06
0.22102219394416822 7.5729869862077973e-07
0.75569650942425237 1.2313743835923089e-06
0.34495183182006595 8.5098783522120076e-07
0.16027248018309148 7.0790679476900788e-07
0.66591470060249325 1.1212445630319509e-06
0.50086872952676897 9.6903628363375679e-07
0.53923055765567729 1.0009978032350684e-06
0.82739266223550845 1.3501137080788443e-06
0.33654367588742307 8.4483773362967563e-07
0.667094759555663 1.1224626318794433e-06
0.36619146696262528 8.6652345503369036e-07
0.042723896580429188 5.8661423099277299e-07
0.37801510733634891 8.7517636269203028e-07
0.95003446320413465 1.7044837827549681e-06
0.48326248208841704 9.5531419151643165e-07
0.10823043683686817 6.6137449894737274e-07
0.68782682937622586 1.1460773525300513e-06
0.96337934971852124 1.7747303874044497e-06
0.90794524654425712 1.5453606151013554e-06
0.57196083780813867 1.0290888983227026e-06
0.3762807443485312 8.7390320410179492e-07
0.58067766850924041 1.0372309137279592e-06
0.81593106219924949 1.3275721456136272e-06
0.86123734201845425 1.4217648009330331e-06
0.8188438849424412 1.3333008026604656e-06
0.45547637844173772 9.3365804501750617e-07
0.11885798957022997 6.7168487941451077e-07
0.56917342673877636 1.0264852979264414e-06
0.15642882803336522 7.0457808518807098e-07
0.060958333897855987 6.1160052516071624e-07
0.4986678334288609 9.6732093235848335e-07
0.65537345004662795 1.110363777049843e-06
0.85414730640639303 1.4061182437105185e-06
0.7828355539543036 1.2714815864407262e-06
0.85724051275654822 1.41294444780975e-06
0.76006877082089053 1.2378358923807665e-06
0.70323939690613935 1.1638544262719567e-06
0.010137569140699632 5.1415449239323428e-07
0.6261023118092105 1.0801498106019229e-06
0.12048180413911769 6.7326023231403188e-07
0.058667132332541061 6.0846093629858572e-07
0.1564121521056554 7.0456364337123213e-07
0.82329216144175021 1.3420492411205868e-06
0.74384939310002141 1.2152109224219834e-06
0.94877240520521233 1.6985280552686699e-06
0.97897625865041049 1.8870687933907118e-06
0.8932839863739821 1.5029358627033712e-06
0.13292605097699917 6.8422402708952002e-07
0.87838274092498037 1.4635564162555231e-06
0.83863713478864532 1.3722282452850897e-06
0.87108585985969733 1.4456130382454651e-06
0.15168561711649142 7.0047033271506782e-07
0.11679182777331754 6.696803808467494e-07
0.92380887958408164 1.5972938727206831e-06
0.17382664913450452 7.1964508176602929e-07
0.36862173104260121 8.6830105895847732e-07
0.45598484949406026 9.3405434108476264e-07
0.12444252782956444 6.7687706027750582e-07
0.02063428803254741 5.4365530215289944e-07
0.99409046976711612 2.1121227396268303e-06
0.8766572448349611 1.4593133392036853e-06
0.91233792935063729 1.5589786852630218e-06
0.2845630692721185 8.0614531741604158e-07
0.22010157274543907 7.5657367432684385e-07
0.42586655817542662 9.1110769308112427e-07
0.45331936897800684 9.3197689844366091e-07
0.0055994388642406356 4.9359755840408147e-07
0.77925311255983287 1.2661873063292245e-06
0.99666703814201729 2.2115058015848492e-06
0.52869087010208937 9.9207535298478502e-07
0.38825869501245125 8.8286820330930796e-07
0.3927518932212033 8.8624211541670249e-07
0.096077132172100677 6.4958390160378672e-07
0.26616181836401176 7.9218878326106369e-07
0.50213278863463118 9.700214757129073e-07
0.43184800113469735 9.1559911809341593e-07
0.54503474574311017 1.0059113814782656e-06
0.84906564863740663 1.3949038502408409e-06
0.22524230269961198 7.6062219516308435e-07
0.027664180906311953 5.5984107078989563e-07
0.038225445282740744 5.8045009082943552e-07
0.13416880530685837 6.8530028687667265e-07
0.57048298480440252 1.0277084996048977e-06
0.80818481003792475 1.3140528933796285e-06
0.88680593928063156 1.4852761005366719e-06
0.63511320197497123 1.089450943032303e-06
0.40314325245089344 8.9404491669287276e-07
0.15451470815614743 7.0292040417892711e-07
0.40141833944347904 8.9274969119657008e-07
0.33241513390778354 8.4181793323550298e-07
0.87002588085713772 1.4430064994029807e-06
0.48671937741060722 9.5800845309699505e-07
0.22619589995452882 7.6137318935852519e-07
0.28880106681577988 8.0935965092859438e-07
0.13647016454268901 6.8729332793217819e-07
0.9185854490691312 1.5788186705431459e-06
0.050345846236468539 5.9705844009688636e-07
0.012846248555894224 5.2572396132474279e-07
0.18298893352686874 7.2734605597231483e-07
0.81087401791062574 1.3186253057118202e-06
0.52346678663108126 9.8765286658408258e-07
0.62584328737698636 1.0798824429498372e-06
0.35773167541573481 8.6033558484273538e-07
0.06867798554917004 6.2217861340528406e-07
0.85615816249216814 1.4105558765425453e-06
0.19189427212540744 7.3435934964682415e-07
0.033059200545114686 5.7226267396845875e-07
0.57270413593319369 1.0297831810261779e-06
0.08328922038460107 6.3717763656635957e-07
0.095761851859834213 6.4927803062343753e-07
0.80037703148252515 1.3007774663231569e-06
0.49160958931799548 9.6181982394710868e-07
0.24150845224714301 7.7343240810086554e-07
0.34862642335951877 8.5367559594495923e-07
0.72924097884317152 1.1962294357736507e-06
0.066354144756601841 6.1899429964600618e-07
0.11648061593320991 6.693784569177046e-07
0.61626203499056964 1.0704687349054033e-06
0.60697173446710728 1.0617910660857103e-06
0.97246218453537181 1.8344292308624709e-06
0.37454948125544962 8.7263688078555219e-07
0.065077627177515862 6.1724511247963765e-07
0.5375374348496279 9.9956447763335695e-07
0.63834681176179031 1.092788707925905e-06
0.13960278578624907 6.9000626498805294e-07
0.55286197353519673 1.0125375789075007e-06
0.1977671216582646 7.3898444256433436e-07
0.84473005788106836 1.3853359055118961e-06
0.8351614957838297 1.3653926958429748e-06
0.42962909599844179 9.1393295725283919e-07
0.966743190512804 1.7961718817414901e-06
0.97977387444974162 1.8943130687460437e-06
0.1292510889476195 6.8104140784088517e-07
0.36771380483246763 8.6763696109032854e-07
0.6003214700466446 1.055579341065791e-06
0.084837809581444379 6.3868000914519725e-07
0.38265550381413704 8.7866080498282976e-07
0.26117208401659076 7.8840429066369536e-07
0.95205022096670411 1.7139962646872605e-06
0.41158582283147049 9.00384385619277e-07
0.76267085854751249 1.2416813652810906e-06
0.38670536351217377 8.8170181720477888e-07
0.13181207041883547 6.8325928896741878e-07
0.86315153016084745 1.4261021436907696e-06
0.00041691690310385887 4.250906566838439e-07
0.055940873974450023 6.0472519759015987e-07
0.36438440589704324 8.652016896877037e-07
0.68689825551873651 1.1450063222875331e-06
0.34170429529077573 8.486124416465188e-07
0.066312817620974962 6.1893766987729349e-07
0.31784003373414882 8.3115705259858372e-07
0.24498085899016231 7.76123963297868e-07
0.0054197998181979568 4.9278382504113017e-07
0.53480191318040182 9.9724870158419578e-07
0.11664591474418606 6.6953882249524514e-07
0.28749628879666611 8.0837003456613268e-07
0.64118983022241449 1.0957233004820058e-06
0.72511568882297717 1.1908692278782524e-06
0.26345562685602253 7.9013625681056434e-07
0.32919367106523401 8.3946161112234072e-07
0.24690923812746524 7.7758655350045344e-07
0.95688860031619194 1.7388546061513306e-06
0.19051972698740283 7.3327684294424045e-07
0.18318060363367628 7.2749700348910949e-07
0.44503529583153201 9.2552039399996161e-07
0.18930635920056915 7.3232126955080989e-07
0.15670845628560814 7.0482025102568669e-07
0.095879537701085482 6.4939220420877167e-07
0.64017124810824944 1.094671909669246e-06
0.61208225490189605 1.0665645826923445e-06
0.65016289187796628 1.104985385939598e-06
0.77330000800939624 1.2573895621227987e-06
0.32635801279257581 8.3738748373990343e-07
0.91842373361192153 1.5782466851862755e-06
0.73320461106875601 1.2013795931313223e-06
0.80470858858118688 1.3081423358434965e-06
0.72096216382671119 1.1854723327824572e-06
0.35845564543256181 8.6086512891736634e-07
0.28303248806263492 8.049844393304265e-07
0.42251706957901414 9.0859258477653097e-07
0.097030360533358451 6.5050868149650668e-07
0.45128050156594712 9.3038783032785376e-07
0.043140983095239838 5.8718575651731337e-07
0.003945960027194495 4.8610758935626893e-07
0.93149893947469276 1.6244935092104883e-06
0.6893368605878929 1.1478190439225e-06
0.56184694706596894 1.0201438745325676e-06
0.34110203942305783 8.4817192474837499e-07
0.57053801468507415 1.0277599006417585e-06
0.89157577633833174 1.4982791224040737e-06
0.65238013394386463 1.1072740457396579e-06
0.60248199795350421 1.0575973969515055e-06
0.46020450297167803 9.3734308696464456e-07
0.34569703065085799 8.5153290700055053e-07
0.69854711392171176 1.1584422806012137e-06
0.98098094101581423 1.9052761446833284e-06
0.42475769352059012 9.10275054120945e-07
0.39220520401420078 8.8583161019329721e-07
0.42811347236504249 9.1279488573019433e-07
0.4255439680497215 9.1086546234028522e-07
0.99062477336849508 2.0110504572462781e-06
0.70677825750934065 1.1679361982274297e-06
0.35918444921059167 8.6139820862129632e-07
0.37150237382672258 8.7040809002606975e-07
0.43079692474405573 9.1480987194948331e-07
0.036712187580449696 5.7837650328499211e-07
0.52781640202125002 9.9133506557995644e-07
0.81138095152276468 1.3194872359193272e-06
0.66056779320751058 1.1157254308642229e-06
0.19842084676154159 7.394992760073246e-07
0.72803424137836992 1.1946614578485017e-06
0.71945860633203029 1.1835186808659321e-06
0.26253921564899707 7.8944119948132495e-07
0.6228746568569351 1.0768181923490715e-06
0.61094903312193616 1.0655060891289855e-06
0.83978762385618155 1.3744909155143225e-06
0.13607231183344126 6.8694877642921028e-07
0.19483850451152274 7.3667804490375859e-07
0.48596950376780523 9.5742401082791329e-07
0.044145148892307029 5.8856174534340833e-07
0.41559419760170657 9.0339424708987315e-07
0.78821904199972326 1.2801054529730006e-06
0.14871439398399822 6.9789717090880603e-07
0.45994873693652483 9.3714374607118377e-07
0.9897692333824446 2.0002371497582528e-06
0.50592001342486437 9.7297319200694249e-07
0.49832382412209053 9.6705281574741961e-07
0.5587935837241681 1.0175590272707546e-06
0.1860043703327412 7.297208274245735e-07
0.14716388268594427 6.9655438503429589e-07
0.67735462911510846 1.1339985683871391e-06
0.39576680990577018 8.8850599593838353e-07
0.28990662821547575 8.1019817030493114e-07
0.031391619919897584 5.6842320234805444e-07
0.84605049717848246 1.3882499006109757e-06
0.032328865844832744 5.7058113646872681e-07
0.74998312408331935 1.2231808040749038e-06
0.38198855899858097 8.7816000063732249e-07
0.59868781050465014 1.0540534101840333e-06
0.24767800069016233 7.7816962586965979e-07
0.15539966623207313 7.0368680246662613e-07
0.53338800083494742 9.9605174365765062e-07
0.69561769495414361 1.1550634472623607e-06
0.19549329494514656 7.3719371733501422e-07
0.4363589474325642 9.1898635712073816e-07
0.44465497029139567 9.2522397296449702e-07
0.21597914907946281 7.5332710851687192e-07
0.56504944625213105 1.0228549738436071e-06
0.14593568678170066 6.9549073324832084e-07
0.50974917331858005 9.7604011983887666e-07
0.11343151136599949 6.664203508550228e-07
0.48554240885513744 9.5709113832029995e-07
0.31159905487555684 8.2659212132014622e-07
0.452246292081535 9.3114055554470308e-07
0.43374935944317417 9.1702683517141375e-07
0.90793312281859284 1.5453230294722548e-06
0.48993559995646274 9.6051513728387707e-07
0.81849890387687441 1.3326223273852695e-06
0.22565239291171524 7.6094515684036341e-07
0.35208279463425884 8.562037405997408e-07
0.075089380633190927 6.2922251559658032e-07
0.4207477948214936 9.0726404834248761e-07
0.668699887074931 1.1241194608219475e-06
0.83816703410939619 1.3713036968980658e-06
0.56591491179915521 1.0235876400870226e-06
0.64007266959307851 1.0945701559237749e-06
0.17726707761694815 7.2262458844507528e-07
0.037206038233439376 5.790532172123715e-07
0.791688145177316 1.2860039074256638e-06
0.16703820744128639 7.1376610260152417e-07
0.091169535532752422 6.4482276893284835e-07
0.9375623209065953 1.6493738924979048e-06
0.96352136405917654 1.77559545371221e-06
0.61625729160249465 1.0704643043112912e-06
0.37863727268729341 8.7564354244080347e-07
0.83323954096405195 1.3616127816522604e-06
0.20471995933541243 7.4446006732149201e-07
0.42939232742968192 9.137551693379339e-07
0.35701729900060175 8.5981305795778541e-07
0.91269999074168162 1.5601011376784136e-06
0.91977741536227364 1.5830346389936853e-06
0.65088592632366638 1.1057317094445428e-06
0.11074014027269186 6.6380930194786001e-07
0.48219278965830248 9.5448048642881241e-07
0.24532836622405674 7.7638753214996229e-07
0.88491566318448189 1.4801230311306676e-06
0.13840279901620189 6.8896704309625458e-07
0.054310275860707358 6.0249082076621859e-07
0.70442903355007824 1.1652265700308944e-06
0.45328607496815287 9.319509495029925e-07
0.83836488760308447 1.3716928159453915e-06
0.074629631169311761 6.2877648705067847e-07
0.80107613260784249 1.3019661355366081e-06
0.037334752844158325 5.7922959233550539e-07
0.028070011913956971 5.6077546437361229e-07
0.46131575173102968 9.3820918054276106e-07
0.22129128968065181 7.5751062177290193e-07
0.59371870700653062 1.0494119850354539e-06
0.025816994211470434 5.5558807049402747e-07
0.035389542362978532 5.765641083145164e-07
0.72714849617194044 1.1935105621719374e-06
0.21016516249231165 7.4874837241333509e-07
0.65641712366073357 1.1114410675639118e-06
0.74992216150075852 1.2231015921613738e-06
0.059331165724967438 6.0937084831789683e-07
0.76975395446423922 1.2521490574805119e-06
0.26842121796128604 7.9390243782762412e-07
0.38954595819974824 8.8383480051941219e-07
0.086639192295316692 6.4042763078612736e-07
0.83862998336485273 1.372214180558906e-06
0.56072878632576395 1.0191972873092205e-06
0.50466527784717219 9.7199526657222026e-07
0.96855481090275564 1.8077419265923686e-06
0.33450575994067078 8.4334711069071962e-07
0.89077928647669602 1.4961078165580399e-06
0.71968788106460424 1.1838165896737352e-06
0.92852813585223892 1.6139858174938092e-06
0.90780205276245973 1.544916689816243e-06
0.99102980502606963 2.0161697175113148e-06
0.13167675203715756 6.831420994882407e-07
0.79601639209159503 1.2933631486983525e-06
0.80449435494750321 1.3077780782051902e-06
0.64437352817848681 1.099009545876526e-06
0.27886095823820201 8.018205186402543e-07
0.96514827162831507 1.7859858167527081e-06
0.20442213789020958 7.4422552157854663e-07
0.49957537835843902 9.680282616839338e-07
0.52148711281918625 9.8597695911447176e-07
0.16182934483603884 7.0925508282542232e-07
0.72252882233324089 1.1875079751869875e-06
0.088867164180239766 6.4258911032708822e-07
0.69309777884671098 1.1521569403238961e-06
0.84861549629063693 1.3939104371131833e-06
0.34939642508239954 8.5423880966974045e-07
0.7094208085992002 1.1709841540920193e-06
0.15677400814784981 7.0487702076014546e-07
0.84594900145287866 1.3880259160267801e-06
0.95203169855322467 1.713908856305739e-06
0.15269369349977691 7.0134335487853209e-07
0.69185947397233216 1.1507286619384769e-06
0.50583109655652581 9.729038912963625e-07
0.53149933183237863 9.9445287698072176e-07
0.70648971860068821 1.167603393362402e-06
0.48874049933643726 9.5958369059968812e-07
0.60032639201771676 1.0555839384665742e-06
0.2309010194113772 7.6507865031987939e-07
0.37850659648863028 8.7554541856815553e-07
0.86524035007150202 1.4312386513186839e-06
0.1099025116483856 6.6299667179457444e-07
0.59757526093363988 1.0530142256389978e-06
0.18428706223489022 7.2836838182280628e-07
0.84653959792337197 1.3893292665283303e-06
0.57904395385354979 1.0357049313668763e-06
0.40304878267027111 8.9397397997434484e-07
0.24982467365181793 7.7979778227372868e-07
0.43684469918963442 9.1935110482565237e-07
0.95761232592174228 1.7428547947124059e-06
0.50920928974362056 9.7558307741574701e-07
0.46948953169986019 9.4457972384403938e-07
0.74627381350030908 1.2183611003022707e-06
0.3790470708319067 8.7595125709247531e-07
0.42742394988079402 9.1227712796616005e-07
0.33694773157161906 8.4513327804230843e-07
0.15091975532939139 6.9980707512330703e-07
0.71380921420265064 1.1761781263478583e-06
0.87303091388362375 1.4503960187119207e-06
0.90559264924276561 1.538067159933747e-06
0.88080293803777965 1.4695077962033781e-06
0.45178380243799288 9.3078009682036587e-07
0.28406619220319629 8.0576845815696888e-07
0.63792374960082343 1.0923520188626661e-06
0.95470491190603168 1.726784886174194e-06
0.72705064816860498 1.1933834230768775e-06
0.49484856159015655 9.6434423899010294e-07
0.68880857451344824 1.147209711279902e-06
0.77253791245439696 1.2562633057809296e-06
0.91926926132807074 1.581237305135724e-06
0.76321575397215413 1.2424866342839504e-06
0.43319055563590558 9.1660723317670782e-07
0.27360651846548412 7.9783525869681748e-07
0.49988166472959128 9.6826697750420999e-07
0.32817794460547178 8.3871866332655995e-07
0.94276459268781398 1.6707920838814461e-06
0.50796584344996221 9.7456768669748234e-07
0.47205633596400831 9.4658025943137062e-07
0.3481962181548629 8.5336092460263025e-07
0.63940699029160031 1.0938830349817464e-06
0.5200512786209478 9.8476144308173347e-07
0.12904892289825654 6.8086632642372246e-07
0.86920781083049459 1.4409948262517495e-06
0.35901283214379842 8.6127268021720002e-07
0.43257842995815421 9.1614759215054757e-07
0.2056670566635791 7.4520594257679856e-07
0.55339820761788916 1.0129915318260295e-06
0.70205506242858295 1.1624883981068417e-06
0.88116532062593955 1.470398912243977e-06
0.051607664972262657 5.9878748572469091e-07
0.97333190969937833 1.841234171388122e-06
0.70381774202035674 1.1645214977202251e-06
0.2842986844115174 8.0594479320410259e-07
0.20447475501396606 7.4426695956960437e-07
0.29608791865459794 8.1488640544537145e-07
0.8757257516664424 1.4570227531454805e-06
0.2913901731959504 8.1132337349322723e-07
0.46282113455723572 9.3938245735176712e-07
0.70573805424223257 1.1667364130423811e-06
0.87198986372388554 1.4478360267953071e-06
0.65857116234610413 1.1136644881920895e-06
0.75310919653442265 1.2275507455570856e-06
0.1733267962959556 7.1921219531639202e-07
0.87740782769113879 1.4611590581890671e-06
0.27571918361811065 7.9943762168332902e-07
0.1283781640565157 6.8028543062565713e-07
0.97624429034066929 1.8640213435572529e-06
0.20163992545416098 7.4203442320952089e-07
0.13665197007797647 6.8745077657831073e-07
0.62602090010178657 1.0800657766099194e-06
0.31886314949609529 8.3190540526072134e-07
0.13334920518049331 6.8459049038966151e-07
0.60112111721587602 1.0563262569798317e-06
0.75898522722223549 1.2362345868204975e-06
0.79319837420715655 1.2885717229934286e-06
0.15551260101227238 7.0378460712485912e-07
0.55686706793994223 1.0159281211216167e-06
0.81367837068146065 1.3233934968670477e-06
0.16108701142418524 7.0861220146050416e-07
0.2076822517706749 7.4679298555569401e-07
0.0024113974316776199 4.7915629002008553e-07
0.5246341563952881 9.8864111206971611e-07
0.19468169686195091 7.3655455290121559e-07
0.7242425757268991 1.1897347457719608e-06
0.96221385561760575 1.7682884484503374e-06
0.20875548899907026 7.4763820079168604e-07
0.64909701176353263 1.1038851736501478e-06
0.21183446145851137 7.5006300899351341e-07
0.018006858979703999 5.3760585594893875e-07
0.75855419421458481 1.2355975884083734e-06
0.43400467665089282 9.1721855113370324e-07
0.94678686151465308 1.6891581553566157e-06
0.53428588214340555 9.9681185170304035e-07
0.15748286897568398 7.0549091393706326e-07
0.44977444179727788 9.2921402591824077e-07
0.20289179480601649 7.4302031805333071e-07
0.87802927268657449 1.4626872210254623e-06
0.69090318088752478 1.1496256599464659e-06
0.34123880465470358 8.4827196096030394e-07
0.52782032280714042 9.9133838475017584e-07
0.66948018821302846 1.1249248955889363e-06
0.78285771664542525 1.2715143393826178e-06
0.080147209870541691 6.3412939727322436e-07
0.022518841995246786 5.4799433760790949e-07
0.11445269716988982 6.6741106004554957e-07
0.39499631017256298 8.8792743290647707e-07
0.46670661008209202 9.4241074905665072e-07
0.13646163021384838 6.8728593696622391e-07
0.41115313789960528 9.0005948543404505e-07
0.4416227863618305 9.2293893812645312e-07
0.10908996367748669 6.6220837377922137e-07
0.91665996019573404 1.5723777222260198e-06
0.59914592758770757 1.0544813175824405e-06
0.38853553045628209 8.830760771693744e-07
0.50690718347220665 9.7374258016716955e-07
0.31419748646880674 8.2849273049118613e-07
0.85433103164459301 1.4065236954755036e-06
0.57501504156850369 1.0319416982588701e-06
0.49489581439354347 9.6438106724229871e-07
0.91088540309559762 1.5544756047255283e-06
0.8379796982340677 1.3709352628816691e-06
0.81280189142584935 1.3219032347724177e-06
0.22560920423184416 7.6091114410833771e-07
0.15312311146835678 7.0171524277331473e-07
0.69009651971274766 1.1486952455193491e-06
0.46864225634139589 9.4391936787901641e-07
0.68371271295684355 1.1413320723664318e-06
0.76062723211111638 1.2386612095810562e-06
0.29531350734475093 8.1429904875153276e-07
0.28465043312280869 8.0621157902902409e-07
0.49083156625818369 9.6121344236957366e-07
0.27354931352649736 7.9779187128316879e-07
0.66729527601619953 1.1226696070083831e-06
0.7467304458807168 1.2189544269481002e-06
0.47203894605324437 9.4656670594938936e-07
0.72379976559864323 1.1891593791107029e-06
0.5104375690707762 9.7662288634122755e-07
0.71287172196700921 1.1749644864602249e-06
0.22496824779572533 7.6040636647755725e-07
0.73884304593304195 1.2087059102943063e-06
0.71512402345701775 1.1778865276752078e-06
0.26660570704917763 7.9252545317695496e-07
0.555970991040175 1.0151695406117154e-06
0.8553116678744016 1.4086878003860725e-06
0.24952264697243898 7.7956870840872274e-07
0.73597978401467634 1.2049855223782359e-06
0.95396671714688708 1.7230403252513929e-06
0.86624191975756493 1.4337015588705073e-06
0.40152008268027617 8.9282608950408448e-07
0.60720773298813846 1.0620115021202901e-06
0.99177013425270388 2.0756551360724939e-06
0.56843741137571846 1.0257978177366785e-06
0.11502760243036658 6.6796880763963739e-07
0.045430754778760907 5.9032338604028225e-07
0.79031450974402839 1.283668339521502e-06
0.42362832540184614 9.0942701924856531e-07
0.24681289062919443 7.7751347818850448e-07
0.34767203066094698 8.5297751040736363e-07
0.75737286654645231 1.2338517735045443e-06
0.46524733563382914 9.4127340854876362e-07
0.86849949252587655 1.4392530378112508e-06
0.73492558877769931 1.2036157506519148e-06
0.97401415044542505 1.8465721883768875e-06
0.88850376678984333 1.4899045370979833e-06
0.25454721178600914 7.8337961837265327e-07
0.6590592328025533 1.1141682794787749e-06
0.020543034528143878 5.4344519822441673e-07
0.99110672442959824 2.0171419142241651e-06
0.26100610880259656 7.8827840581192317e-07
0.66479509362358402 1.1200888933268223e-06
0.84915362119956528 1.3950979913993824e-06
0.16046466272797144 7.080732301938359e-07
0.84787934281047916 1.3922858659287668e-06
0.012245665790822424 5.2370380037677283e-07
0.44197713808540739 9.2320501843604716e-07
0.47203762253113846 9.4656567441258283e-07
0.37409071325873589 8.7230131733866422e-07
0.58638474630049975 1.0425616488183581e-06
0.91484234870263204 1.5667428148287083e-06
0.3269891143002891 8.3784909963024785e-07
0.57925988716642418 1.0359066253563797e-06
0.87746252574332284 1.4612935633040568e-06
0.77299539510137816 1.2569393925643752e-06
0.040733264805495994 5.838865070579631e-07
0.94279076412766227 1.6708998339050948e-06
0.046646904258612731 5.9198985197650981e-07
0.5887584743743296 1.0447788457799293e-06
0.57535362031516479 1.0322579500556221e-06
0.78639023070231606 1.2769959576400431e-06
0.14844305184897766 6.9766218107898523e-07
0.17937039206270378 7.2444611720849568e-07
0.75210693273836049 1.2260695586519319e-06
0.14950475241162509 6.9858164327205129e-07
0.46944512706563957 9.445451154197658e-07
0.73164809021093191 1.1993571231108831e-06
0.65124192878268117 1.1060991788017235e-06
0.21060418611309517 7.4909412025307535e-07
0.30396025868608556 8.2085722683559832e-07
0.96897490324104096 1.8104248767415448e-06
0.4486706201548839 9.2835372094348313e-07
0.044457476436380539 5.8898972169151926e-07
0.21958489946633264 7.5616677442067523e-07
0.34243508966183767 8.4914697735928988e-07
0.99948940429458588 2.4194241716785291e-06
0.30269154747691862 8.1989496555173421e-07
0.026395848782544973 5.5692083705677916e-07
0.51292157755533596 9.7872574204848442e-07
0.08360538497397707 6.3748436543315409e-07
0.27406759869572184 7.9818496763854281e-07
0.99238317609393911 2.0852900214972641e-06
0.70463851893015439 1.1654681934360949e-06
0.050666629282870357 5.9749800285508701e-07
0.44868671859179599 9.2836626786667194e-07
0.1716375126288493 7.1774922871364737e-07
0.12294465640212127 6.7557986199386382e-07
0.58706541334880202 1.0431974305357234e-06
0.50565588964021568 9.7276733718660011e-07
0.74286658431550823 1.2139339068956502e-06
0.89230622823185968 1.5002704025735494e-06
0.24668185743166193 7.7741409530926809e-07
0.92299198665539706 1.5944045336222399e-06
0.51799177255409545 9.830179530277621e-07
0.25883491818511717 7.8663165385135574e-07
0.84578583810260932 1.387665841009348e-06
0.0355299180290225 5.7675646235455281e-07
0.55950937747296059 1.0181649877492407e-06
0.72162153502996662 1.186329088722618e-06
0.27997768715614324 8.0266750808477258e-07
0.86349191756321786 1.4269391725221224e-06
0.24028456335798487 7.7246854893822299e-07
0.83987428273173914 1.3746613477794834e-06
0.078544963832457237 6.3257496920600268e-07
0.15992759186843131 7.0760811190369077e-07
0.38098458390190815 8.7740612253606516e-07
0.85405551279817926 1.4059156701238449e-06
0.14458536512678244 6.943213171682542e-07
0.87543823979424151 1.456315747760697e-06
0.22973152661279372 7.641576301524895e-07
0.45250839859452874 9.3134483812839633e-07
0.35273440426033775 8.5668035704578487e-07
0.11812622661452354 6.7097495543912497e-07
0.9443097395191401 1.6774684679031166e-06
0.43817829075221348 9.2035248969902403e-07
0.69033126135619449 1.1489659998565321e-06
0.57526767666403111 1.0321776737997777e-06
0.5017159168522074 9.6969657098692516e-07
0.61657762355684897 1.0707635125667436e-06
0.89834230620242894 1.5167253155811011e-06
0.69931237569410953 1.1593249443711126e-06
0.53248007945522113 9.9528313611586251e-07
0.64518596066597633 1.0998481469489922e-06
0.60639428050902155 1.0612516912620181e-06
0.43312120748631311 9.1655516012079867e-07
0.62476401013045035 1.0787684020044407e-06
0.44356980016416359 9.2440093760561257e-07
0.75761437787191233 1.2342086889335194e-06
0.96891248352228554 1.8100262286861436e-06
0.95986535749722923 1.7553077894204643e-06
0.82073578642498046 1.3370216108645372e-06
0.60175889705948515 1.056921979609981e-06
0.74933198807074053 1.222334748554318e-06
0.17804829525755439 7.2330114463272815e-07
0.47901845731392256 9.5200645094833274e-07
0.25730476499136434 7.8547110039672336e-07
0.003494981109347095 4.8406473397752867e-07
0.96673757467207599 1.7961360157678796e-06
0.86384856185184133 1.4278161778109087e-06
0.51369861846992682 9.7938355176700023e-07
0.25415228811900681 7.8308008625526348e-07
0.69297521019923669 1.1520155679094451e-06
0.4348010845499275 9.1781656843188165e-07
0.80334953342269944 1.3058315585213422e-06
0.99951811018094938 2.4210978174531542e-06
0.34908260748987008 8.5400926943633796e-07
0.24440304347804775 7.7568571581293479e-07
0.26738248879475823 7.9311460774135375e-07
0.093346245680671958 6.4693451660936467e-07
0.39404619650015538 8.8721399898395541e-07
0.017425052716909306 5.3626629335100873e-07
0.1143955574012756 6.6735562557545113e-07
0.27169574727267032 7.9638602334058922e-07
0.15986277590948073 7.0755197948193357e-07
0.73215909950072522 1.2000211045561543e-06
0.10560479086790031 6.5882721364178361e-07
0.86599410502452467 1.4330921706412597e-06
0.22111450371095287 7.573713960815582e-07
0.10859061697156769 6.6172392974471892e-07
0.010106644431258527 5.1401440888485375e-07
0.7152050043221464 1.177991750403916e-06
0.256616745938542 7.849492684050864e-07
0.50949860513777478 9.7582799949696214e-07
0.11161604667215574 6.6465906750147837e-07
0.98529592323624926 1.9481967165101592e-06
0.12538473906995529 6.7769304139675949e-07
0.41192592664187822 9.0063976726735806e-07
0.8516495023344659 1.4006059957500778e-06
0.24488694848040682 7.7605273633381753e-07
0.26697178534617338 7.928031073582349e-07
0.80849951589073288 1.3145879821457296e-06
0.2733396571920127 7.9763285623535188e-07
0.0028713110948129783 4.8123961822748105e-07
0.4279137204899498 9.1264489339989004e-07
0.01253520967847499 5.2500781907372696e-07
0.90979228382936683 1.5510867475011963e-06
0.64181322417922093 1.0963667740614071e-06
0.58301426622124219 1.039413428820813e-06
0.2015895108623631 7.4199471979635513e-07
0.69994618542863629 1.160055989498224e-06
0.67725464367834576 1.1338832437678635e-06
0.060463573925364944 6.1092256521054164e-07
0.88084653081057251 1.4696149929075222e-06
0.5794133629298055 1.0360499804440983e-06
0.79246688103861018 1.2873279781648015e-06
0.26291407212884421 7.8972551152567059e-07
0.12204779975345414 6.7477949182737142e-07
0.70244957318678458 1.1629434324044637e-06
0.79388268625516212 1.2897352466016745e-06
0.38603353361929138 8.8119734468778867e-07
0.02369227531631124 5.5069607440344055e-07
0.81825402465386454 1.3321407226979266e-06
0.20609390633044067 7.4554210296367684e-07
0.3390319418974882 8.466577627622501e-07
0.62823100777713026 1.0823470722195231e-06
0.099954719211302723 6.5334576462829224e-07
0.071995766138463146 6.2622122797566195e-07
0.025703771575274259 5.5532738438872684e-07
0.91663986023945543 1.5723154089138793e-06
0.31138274426865564 8.264339020603675e-07
0.66065881511713187 1.1158193846046282e-06
0.98923524901774218 1.9934880354871815e-06
0.66945079356194348 1.1248945541312716e-06
0.52509479585618002 9.8903106980349389e-07
0.52091993351723853 9.8549680929229825e-07
0.37691714845555169 8.7436869855061282e-07
0.59977965595508531 1.0550732559034734e-06
0.95879138954570431 1.7493717353666842e-06
0.78804403369831011 1.2798078894697324e-06
0.4242266170332375 9.0987627238299693e-07
0.33244482903253325 8.4183965357887511e-07
0.88353152962312143 1.476349753606078e-06
0.1357858256265938 6.8670067141231703e-07
0.84958525696430176 1.396050541437459e-06
0.25507676134233237 7.8378125826694561e-07
0.71562923577591775 1.1785429768090537e-06
0.80622058077483005 1.310713149287326e-06
0.47699651726347259 9.5043057580940075e-07
0.19228397614227433 7.34666256418103e-07
0.84476774346237538 1.3854190714699599e-06
0.36750834505331476 8.6748667861163954e-07
0.3206802604825193 8.332345215686383e-07
0.5100161823534396 9.7626615830707563e-07
0.43508624110391769 9.180306905572168e-07
0.68305221703872421 1.1405702470170964e-06
0.13719780837266538 6.8792348771095137e-07
0.43568965404787297 9.1848378925057155e-07
0.89170181122520398 1.498622705291755e-06
0.036062709439725449 5.7748653604348715e-07
0.45733833315332639 9.3510922955641316e-07
0.66053196638521017 1.1156884500540426e-06
0.88771108704198531 1.4877436179784076e-06
0.59378622693317573 1.0494750524852825e-06
0.82448427123932855 1.3443937669618741e-06
0.22269101895928645 7.5861296194641144e-07
0.35280943622785954 8.5673523878520157e-07
0.94213227392804266 1.6681887742540869e-06
0.88597511309268628 1.4830111906541798e-06
0.55795298268870452 1.0168474102630278e-06
0.47548833779484523 9.4925511933178238e-07
0.45106739145445851 9.3022173493522566e-07
0.058789661567016038 6.0862883572117102e-07
0.89237710395656689 1.5004636164269967e-06
0.81814950841533551 1.3319351703045454e-06
0.4562511447278671 9.3426188830579861e-07
0.27943997271947341 8.0225967549021235e-07
0.34292060642653055 8.4950210605233149e-07
0.12316058587288947 6.7576686291646405e-07
0.7217897413057226 1.1865476480488592e-06
0.55666985655485768 1.0157611703687353e-06
0.23410342282489494 7.6760066510401527e-07
0.6230055720776897 1.0769533243707689e-06
0.9792302142549747 1.8893753228363869e-06
0.1223951354761792 6.7510396160021377e-07
0.45848501062532776 9.3600293583623007e-07
0.49415882092212671 9.638066636199446e-07
0.16679721382380241 7.1355739543130819e-07
0.53158021099731478 9.9452134583444794e-07
0.60597725854809004 1.0608621690438335e-06
0.15734453881849531 7.0537111617659239e-07
0.1547238990088764 7.0310156927103166e-07
0.85634871563375603 1.4109763963815026e-06
0.31138743667004487 8.264373342927717e-07
0.63033338707863096 1.0845171695065205e-06
0.62677307567521412 1.0808421798831423e-06
0.83917087558263503 1.3732779548727469e-06
0.73989463123152344 1.2100722907892561e-06
0.84057643343827781 1.376169530886866e-06
0.62521478965066568 1.0792337012076602e-06
0.44945716051399398 9.2896674079904829e-07
0.39356652131307468 8.8685381413429622e-07
0.37902976666143584 8.7593826350805115e-07
0.4183930979091578 9.0549592237682249e-07
0.12930925215377032 6.8109177879383066e-07
0.42395837100316702 9.0967484825555627e-07
0.38944490720262115 8.8375892200997813e-07
0.034571663318231471 5.754433845954294e-07
0.27513075532634002 7.9899132487487489e-07
0.75190697474021684 1.2257740524492789e-06
0.57794557140962532 1.0346789797239054e-06
0.80616749675603017 1.3106228914739877e-06
0.5426880443807649 1.0039247641282409e-06
0.85408376547526743 1.4059780191941372e-06
0.79606709960171673 1.2934493657762396e-06
0.098284570142247119 6.5172546005104524e-07
0.97700636801599239 1.8699840240350838e-06
0.014747446901328787 5.3010131914581093e-07
0.59683803792961854 1.0523256174439238e-06
0.79251150931676229 1.2874038588326586e-06
0.33189413985090344 8.4143685486302002e-07
0.5985697922971579 1.0539431744691903e-06
0.36212253084744828 8.6354725303669682e-07
0.060614975007501903 6.1113002716342583e-07
0.0084615190893309045 5.0656227970440256e-07
0.094862030111188322 6.4840506345837988e-07
0.098409594120046795 6.5184675277110716e-07
0.61088977739374994 1.0654507409103171e-06
0.52586523096251325 9.8968328732629813e-07
0.45546330017314207 9.3364785197625575e-07
0.69192147560241757 1.1508001754970067e-06
0.016826137012448394 5.3488733762585885e-07
0.27098348141573092 7.9584580122148216e-07
0.77739273128762787 1.2634379579143568e-06
0.90997710651711849 1.5516597295352313e-06
0.43833659623758159 9.2047136021595549e-07
0.081483980138466361 6.3542627251866019e-07
0.79872873922848797 1.2979749043100368e-06
0.88517043327273359 1.4808175582158954e-06
0.41366027069371947 9.0194207447105466e-07
0.24335525392027701 7.7488683483028698e-07
0.043971668222945293 5.8832402816235871e-07
0.59108282189485595 1.0469499184975517e-06
0.90986949056249922 1.5513261016169142e-06
0.67788802552032568 1.1346137953576494e-06
0.31724859789473436 8.3072444995343692e-07
0.64288832428996689 1.0974765033247779e-06
0.83206840744802546 1.3593095099255289e-06
0.47583005934945788 9.4952145289702904e-07
0.81974848999783856 1.3350798920806238e-06
0.39190967666635412 8.8560970070908534e-07
0.34850567859577064 8.5358727782031391e-07
0.58298862587855405 1.0393894792831517e-06
0.46468641769448127 9.4083623602458196e-07
0.97711192046108319 1.8708098919539458e-06
0.51638942352817474 9.8166147263926133e-07
0.38517202891602154 8.8055044664014008e-07
0.39493354312853624 8.8788030155817048e-07
0.54793995061311662 1.0083708040928087e-06
0.35491203800819537 8.5827317583812724e-07
0.72290660196493595 1.1879988442785228e-06
0.3806629277016409 8.7716459307351297e-07
0.38414438652524308 8.7977879692801171e-07
0.61697324937680464 1.0711330495729387e-06
0.060846872696009968 6.1144779204758782e-07
0.65535491811514612 1.1103446482017791e-06
0.50497221715868712 9.7223449128616251e-07
0.45302611428664163 9.317483393538923e-07
0.71925299070795135 1.1832515135913382e-06
0.75825578200486099 1.2351565824984347e-06
0.84626086341245932 1.3887141447273247e-06
0.37480312081744727 8.7282240411390294e-07
0.32703769225338108 8.3788463171944988e-07
0.71434210149451949 1.1768705350403987e-06
0.58180485914044588 1.0382837738555255e-06
0.63180154635181662 1.0860326184330515e-06
0.5555229071058353 1.0147902118515628e-06
0.77269302320385447 1.2564925348639791e-06
0.19004088849215317 7.3289973937286169e-07
0.55571213274139675 1.014950402209274e-06
0.15810178894362981 7.0602691582976344e-07
0.4072519392909919 8.9713010181742362e-07
0.66399382341607482 1.119261814073223e-06
0.49307160831417041 9.629593035217903e-07
0.37959153667218126 8.7636009280486104e-07
0.88497000141560611 1.4802711622301154e-06
0.77282571449747839 1.2566886315476224e-06
0.52629078500037496 9.9004354323638289e-07
0.95005315567548787 1.7045719936498082e-06
0.42436528943499385 9.099804005503979e-07
0.78807292758810599 1.2798570172368228e-06
0.16793623980141792 7.1454382358269412e-07
0.28579247711059697 8.0707776883327438e-07
0.33808558133395483 8.4596555228773371e-07
0.10582075270452329 6.5903673024055577e-07
0.50180481507606789 9.6976585716622888e-07
0.19226013412649567 7.3464747992166798e-07
0.63418588944965859 1.0884937616169692e-06
0.19009235957301829 7.3294027481144791e-07
0.12350625733927534 6.7606622401294018e-07
0.96908672759892456 1.8111390511035193e-06
0.65824030581110626 1.1133229747133029e-06
0.93645091470848851 1.6447981395082507e-06
0.48988779199323196 9.6047787634694592e-07
0.033402463063374244 5.7305300858693302e-07
0.57437117043144392 1.0313402860143625e-06
0.55832888683570847 1.0171656346917375e-06
0.014975605936593972 5.3062663715898068e-07
0.86124204440183161 1.4217751783295122e-06
0.61997068061642469 1.0739328207473518e-06
0.7446911693761461 1.216304686937776e-06
0.49392110615751461 9.6362139166411889e-07
0.61840243790826299 1.0724679929071806e-06
0.2574698932285242 7.8559634285406407e-07
0.9737577677686472 1.8445661881604014e-06
0.40072000754766512 8.9222531850504779e-07
0.1623266213376291 7.0968573809565437e-07
0.055915418374627324 6.0469031627771143e-07
0.63617193308537112 1.0905437760471157e-06
0.98337985117645577 1.9274595390199151e-06
0.89579449684628165 1.5097797490195616e-06
0.70210456748641359 1.1625454979418914e-06
0.99059792899286081 2.0107111668650092e-06
0.72282826204210648 1.1878970530660699e-06
0.33925112340139596 8.4681808192459844e-07
0.60121813306017313 1.0564168752935175e-06
0.079766642485561534 6.3376018766956734e-07
0.22168249022254083 7.5781870711469288e-07
0.41754023592849221 9.0485551409104979e-07
0.20181849356304526 7.4217505240341955e-07
0.95350101482817062 1.7208426480429122e-06
0.99559752674464941 2.1892870096353926e-06
0.37093592012166543 8.6999376043217247e-07
0.70922898607719864 1.170762903277555e-06
0.40777073066324054 8.9751965874563393e-07
0.1395092043862064 6.8992522089488709e-07
0.33692684770210857 8.4511800264540305e-07
0.23337169871566321 7.6702440447001724e-07
0.32807822040741974 8.386457205845287e-07
0.21502168839771651 7.5257307172550441e-07
0.1123451190582464 6.65366381205515e-07
0.21742842936241291 7.544684719954793e-07
0.9057570318298428 1.5385767741496703e-06
0.085221675776528727 6.3905241910815778e-07
0.3247566437552345 8.3621617074998408e-07
0.52844989450263535 9.9187135331337841e-07
0.35451265617835681 8.579810500917693e-07
0.51760709501888724 9.8269230142254646e-07
0.043420060234353963 5.8756817048337475e-07
0.64856963336437778 1.1033408083054118e-06
0.56347880155606023 1.0215253329894254e-06
0.68096626585469155 1.1381642813693488e-06
0.567257815827237 1.024724485398664e-06
0.43790358242566318 9.2014621307691887e-07
0.35014154229408245 8.5478382174922078e-07
0.2264351900997762 7.6156163947117014e-07
0.5000677268066126 9.684119919923551e-07
0.026052452377506974 5.5613019417465735e-07
0.32824082809932575 8.3876465912857996e-07
0.67787229356452938 1.1345956498969561e-06
0.10871703968635926 6.6184657945739434e-07
0.062891242319528584 6.1424915190926136e-07
0.65217860529136529 1.1070660258158844e-06
0.39777472114235024 8.9001372288852672e-07
0.80182503654938109 1.3032394835929928e-06
0.93731130397132389 1.6483404346190677e-06
0.95704045373257696 1.7396939329549217e-06
0.42559285389417922 9.1090217038983788e-07
0.2643272242750323 7.9079732486558683e-07
0.60861373874247804 1.063324791422819e-06
0.62819292592823639 1.0823077637479694e-06
0.62234493607589669 1.0762714091739438e-06
0.32177861371888117 8.34037906287133e-07
0.063751736417303029 6.1542827020518073e-07
0.21000483882559895 7.4862211141324077e-07
0.15441942802223374 7.0283788893501932e-07
0.12390034578331022 6.7640751555762089e-07
0.92628332107157307 1.6060459383654813e-06
0.013847645973967926 5.2802959915076368e-07
0.60185773923632169 1.0570143038220816e-06
0.94747379574013679 1.6923998392185981e-06
0.36005312749412788 8.6203359879922564e-07
0.52709808917246248 9.9072697253878633e-07
0.69578366347515963 1.1552548777058096e-06
0.31716969465823885 8.3066673659461785e-07
0.47765198770724915 9.5094144138942737e-07
0.81710285033275198 1.3298767047784719e-06
0.74535566528026354 1.2171681016732912e-06
0.80844941149284066 1.3145027905288427e-06
0.98734016362765598 1.9703210283869768e-06
0.37032747493617901 8.6954871638998371e-07
0.7470912629357731 1.2194232556650728e-06
0.60278456710198292 1.057880013736498e-06
0.66660476722119633 1.1219568568107312e-06
0.73987390483293447 1.2100453598814131e-06
0.74973131694631479 1.2228536177201793e-06
0.88574514929481962 1.482384287836285e-06
0.3493216752360554 8.5418413428638063e-07
0.65348135611191061 1.1084107384561205e-06
0.28029043159685585 8.0290471089725428e-07
0.59456870511697513 1.0502059315909151e-06
0.75117514017192788 1.2247296537359759e-06
0.79100108616164033 1.2848357131971294e-06
0.42012450298912274 9.0679602272643972e-07
0.50872022320135979 9.7516905452652815e-07
0.33384985117017285 8.4286734965802119e-07
0.16903634653963051 7.1549654659114899e-07
0.26051740519253219 7.8790774575953946e-07
0.91213700489982441 1.5583557850016168e-06
0.30896954240931596 8.2465654676902952e-07
0.97475933354561017 1.8524026816031844e-06
0.24147808521538172 7.7340849290556893e-07
0.72307108748104476 1.1882125690246157e-06
0.57390329357183567 1.0309032624298376e-06
0.69687004952479858 1.1565079307665098e-06
0.64395794660918104 1.0985805783560444e-06
0.70674858359758919 1.1679019719172195e-06
0.90554704843545897 1.5379257896093453e-06
0.56346949606248142 1.0215174553551891e-06
0.067848782903995208 6.2104237317716513e-07
0.27082543444689955 7.9572592959266725e-07
0.70821898040876385 1.1695979484306317e-06
0.49407462797567336 9.6374104467582239e-07
0.54855198261968685 1.0088889243029611e-06
0.59658045538029147 1.0520850206999166e-06
0.38262927298456995 8.7864110843054079e-07
0.7738955250878552 1.2582696419000731e-06
0.72353488389654852 1.1888152042808209e-06
0.71429941219311388 1.1768150665692554e-06
0.71531017403494468 1.1781284029840108e-06
0.89035800165424783 1.4949593547358785e-06
0.5953927794432744 1.0509756638582812e-06
0.96707219949695833 1.798273121451598e-06
0.1191926843906379 6.7200958548987592e-07
0.63195897659386435 1.0861951195292692e-06
0.71692654593579552 1.1802286406357707e-06
0.47722041095435952 9.5060507579081901e-07
0.28820838645693647 8.0891012911551274e-07
0.55003745271109905 1.0101464599672319e-06
0.3647476802907027 8.6546740483909999e-07
0.90912407106781645 1.5490151733241362e-06
0.35679241253325489 8.5964856592982796e-07
0.17570699270212908 7.2127351155238526e-07
0.57638914016545284 1.0332251844625526e-06
0.39599259138036935 8.8867553371868695e-07
0.095898144800841023 6.4941025599196993e-07
0.56484235099790836 1.0226796558283933e-06
0.53784641116570142 9.9982604381306255e-07
0.17319708663319511 7.1909986314366881e-07
0.5976381689598429 1.0530729853116383e-06
0.56735897385748901 1.0248101214754217e-06
0.77361262304159095 1.2578515575514074e-06
0.36156992984263436 8.6314305592779336e-07
0.24875952366363929 7.7898991316393689e-07
0.95121988697077553 1.7100778686970744e-06
0.56121752278278814 1.0196110307623472e-06
0.027139958884180304 5.5863409132135968e-07
0.82071168411174322 1.3369742087742812e-06
0.19675806091894077 7.3818976876030209e-07
0.78603631764584347 1.2763942055626503e-06
0.70516242715596478 1.1660724766060566e-06
0.96881372426315726 1.8093954955237815e-06
0.96557930159452621 1.7887386208549345e-06
0.27441062465575994 7.9844513764281171e-07
0.76644958122341844 1.2472657179911746e-06
0.31685508577992394 8.3043661757937443e-07
0.62919793882959429 1.0833451482813299e-06
0.59774608495459314 1.0531737849854942e-06
0.054543515621164662 6.0281042466542293e-07
0.0051817498353575742 4.9170550038201814e-07
0.05776401459480951 6.0722341165933182e-07
0.1279420475317411 6.7990774159504971e-07
0.25765249134777368 7.8573483544354435e-07
0.90695522324256239 1.5422913730507841e-06
0.51863267534668633 9.8356051401480138e-07
0.79689173884078868 1.2948514852124566e-06
0.8383117521072081 1.3715883142095406e-06
0.73494309859054119 1.2036385020794711e-06
0.39138512442057194 8.8521581797995084e-07
0.86385939384098276 1.4278428141880167e-06
0.7420497533209206 1.212872555105846e-06
0.74315144340505246 1.2143040394035167e-06
0.90157432716556929 1.5256096722453685e-06
0.5986634724576837 1.0540306770646083e-06
0.52857442996217663 9.9197677972535723e-07
0.8901625575970753 1.4944265559592065e-06
0.45446172816419683 9.3286723910477337e-07
0.81157069602884291 1.3198098551293795e-06
0.053846360444807728 6.0185512651095173e-07
0.0012899444563221341 4.6554988744504159e-07
0.52829248960435682 9.9173810103555718e-07
0.073611893816380225 6.2778912339437757e-07
0.9765430134530636 1.8663586256063502e-06
0.005501174039798773 4.9315243598880269e-07
0.71814963649864638 1.1818178670076588e-06
0.24338469578622068 7.7491002142222879e-07
0.9675520052720562 1.8013374357905093e-06
0.38154165062789613 8.7782442016820089e-07
0.027283426263865151 5.5896441354052194e-07
0.02693576540878273 5.5816395210169912e-07
0.55337337172468859 1.0129705068174247e-06
0.98671197903128116 1.9635223407253728e-06
0.9797735350457194 1.8943099861388592e-06
0.33727297228926578 8.4537117366071177e-07
0.48270364918889697 9.5487864404657706e-07
0.1004558057978161 6.53831896617806e-07
0.52217685599173169 9.8656086628545935e-07
0.59970159904827314 1.0550003463151672e-06
0.25106166561132104 7.8073598591099525e-07
0.61211443591517378 1.0665946415881575e-06
0.89969275169625385 1.5204067562832716e-06
0.00095533342348053107 4.5004281101535152e-07
0.22893377430794448 7.6352936979702772e-07
0.20991956332393813 7.4855495370443822e-07
0.12388620303382702 6.7639526754352609e-07
0.16610121273710188 7.1295463914759833e-07
0.62591254536538765 1.0799539317495154e-06
0.10269439015064263 6.5600367190460083e-07
0.73853160902072168 1.2083012438131217e-06
0.88702259055838339 1.4858667121798223e-06
0.92658772417836899 1.607122607984313e-06
0.66017581431970085 1.1153208262715176e-06
0.19739641063361602 7.3869249349856105e-07
0.085296575539907882 6.391250835377506e-07
0.23202495380699961 7.6596379150796121e-07
0.96195718578504252 1.766869778556225e-06
0.96234520175071214 1.769014427046596e-06
0.38191888391834206 8.7810768209140484e-07
0.3257915410975506 8.3697314098733831e-07
0.51001058225906537 9.7626141750587093e-07
0.29168809146740071 8.1154933131270666e-07
0.97966245165556332 1.8933010810164063e-06
0.22122139002457741 7.5745557312872375e-07
0.36914268218276858 8.6868210593975556e-07
0.42937087570017829 9.137390613795191e-07
0.12506402308116216 6.7741529243741846e-07
0.38282482677012986 8.7878794844384406e-07
0.85673072010197338 1.4118194182079446e-06
0.14036100145675845 6.9066290083035233e-07
0.58402195082618724 1.0403546635262277e-06
0.40663713806001678 8.9666845173646628e-07
0.17053672611745474 7.1679591700272519e-07
0.012336164449205822 5.2411374342229206e-07
0.27334330348990021 7.9763562179087099e-07
0.061828960698001922 6.1279352810126492e-07
0.37676847129673519 8.7425994942198262e-07
0.81020985569934567 1.3174960425126973e-06
0.71968526087761242 1.1838131851259501e-06
0.94738371170176694 1.6919747272317844e-06
0.42701541733706916 9.1197036364562479e-07
0.70780139859185276 1.169116303647042e-06
0.66534172210202025 1.1206531287990813e-06
0.21704630315825957 7.5416753304062665e-07
0.30358250523265851 8.2057071756504689e-07
0.52982953339776029 9.9303929679771053e-07
0.79665731900592185 1.2944529053351862e-06
0.46181273446293258 9.385965227547669e-07
0.22774153617552728 7.6259043681204704e-07
0.9934656902803698 2.1023033792412187e-06
0.11557880635366846 6.6850356124724652e-07
0.95588890749132782 1.7333290868496198e-06
0.80904628843048876 1.3155176497735328e-06
0.83889351930785183 1.3727324774722647e-06
0.7949175830914994 1.2914948632921691e-06
0.20817094130462199 7.4717784719563128e-07
0.63258237739524181 1.0868386001737065e-06
0.75674981245093176 1.232930998384149e-06
0.74568579210165142 1.2175970529435836e-06
0.27156537054407759 7.9628713836398058e-07
0.18111938776368142 7.2587371740482686e-07
0.32812298391454919 8.3867846261722224e-07
0.4798444803773918 9.52650243136739e-07
0.57378074706367654 1.0307887970247487e-06
0.83695036231916042 1.3689108649136567e-06
0.76903422770461605 1.2510854154974022e-06
0.67615052566651612 1.1326097384107603e-06
0.26348929294276058 7.9016179104689276e-07
0.47888049893494333 9.518989278891835e-07
0.33543587412796105 8.4402743783847695e-07
0.23492817955053413 7.6825019247042936e-07
0.010245360383479452 5.146427678122824e-07
0.33946197057069061 8.4697230498157271e-07
0.25611626771462148 7.8456967782937759e-07
0.57190232696681664 1.0290342458707101e-06
0.062301770283712199 6.1344140986412533e-07
0.27051959671020109 7.9549396520940716e-07
0.044769489988415345 5.8941726778245768e-07
0.64141790451343605 1.0959587210837146e-06
0.56818955856862485 1.0255663091250297e-06
0.33748002307447322 8.4552261987244149e-07
0.14733460043554381 6.9670223134988102e-07
0.95791983276873516 1.7445544518232773e-06
0.5843924473886134 1.040700728377354e-06
0.67911336657206789 1.1360271210863788e-06
0.53134875326945186 9.9432540358745069e-07
0.80653324764620504 1.3112447712095491e-06
0.89638004954812134 1.5113760204423444e-06
0.38271054359762979 8.7870213398352972e-07
0.69002531223061059 1.1486131138006417e-06
0.22988748454639696 7.6428045297131064e-07
0.65185504716203846 1.1067320458256244e-06
0.39915562997655263 8.9105063798073171e-07
0.0067815994013049608 4.9895253824039737e-07
0.95552786842262072 1.7313335455261297e-06
0.86844154553871888 1.4391105434104499e-06
0.2908365503460284 8.1090347507151133e-07
0.99775731423286051 2.2906190145974893e-06
0.31712767455653412 8.306360012114446e-07
0.45884418645907477 9.3628287305137208e-07
0.85125902617441707 1.3997442782755085e-06
0.30459635132804086 8.2133967494347496e-07
0.45054028438750005 9.2981091418799819e-07
0.6655871671232555 1.1209064796451012e-06
0.13046755477242822 6.8209490105207795e-07
0.42235036869171771 9.0846741020914441e-07
0.30940993736162647 8.2499056684322428e-07
0.67677430586481802 1.1333292153286996e-06
0.13596939006037179 6.8685964331342397e-07
0.23273147910093739 7.6652020711417604e-07
0.71137620375248278 1.1732395345642867e-06
0.1562243697241148 7.0440101861014131e-07
0.42201926223988973 9.0821878461669165e-07
0.71288072209261877 1.1749748673326097e-06
0.76546838443000531 1.2458156647741549e-06
0.094881178671668454 6.4842364054276622e-07
0.85199560941947816 1.4013697978812758e-06
0.72397230112996636 1.1893835636680813e-06
0.33929458869331375 8.4684987438457917e-07
0.76380285233024003 1.2433542725279442e-06
0.72829886534065902 1.1950052977833984e-06
0.60089122650838556 1.0561115259903131e-06
0.55848117340584436 1.0172945540111113e-06
0.73470348889958548 1.2033271645126606e-06
0.99925990170545453 2.4060434304012388e-06
0.57855224931588534 1.0352456513765019e-06
0.80871787176224796 1.3149592487517281e-06
0.74427371731558289 1.2157622693574296e-06
0.85580840203382569 1.4097840120096905e-06
0.95452486138413839 1.7257897078461515e-06
0.1930832074608152 7.3529568155323626e-07
0.16545963639511629 7.1239901620533453e-07
0.58635182841490086 1.0425309016419078e-06
0.44929506288650445 9.2884040390731695e-07
0.57072269291916922 1.0279324006109076e-06
0.79804273448550855 1.2968085026426227e-06
0.9317144800492464 1.6252978388177854e-06
0.41741582519855813 9.0476209491644119e-07
0.71793264554362446 1.1815359191628662e-06
0.19679918784140937 7.3822215777976603e-07
0.53455194935452355 9.9703709286340316e-07
0.021804777780519924 5.4635026160574731e-07
0.50375056713309696 9.7128235232270776e-07
0.54533645912549988 1.0061667991678821e-06
0.73544533577833127 1.2042910854678332e-06
0.64948479020699168 1.1042854425014944e-06
0.35839673430580155 8.6082203868243855e-07
0.005730900713121323 4.9419305751602865e-07
0.11548587362294893 6.6841340203226935e-07
0.9730606535174523 1.839111797261658e-06
0.92233315831530582 1.5920742668083828e-06
0.32509316308114533 8.3646231604729329e-07
0.25885293992388769 7.8664532254235603e-07
0.43641629369003743 9.1902941803713075e-07
0.68994002961207279 1.1485147476202044e-06
0.35682767265797366 8.5967435676326249e-07
0.067293847731155543 6.2028195632243399e-07
0.40279509244439637 8.9378348570170426e-07
0.26058899448143191 7.879620430657742e-07
0.32493001121121179 8.3634297946707566e-07
0.16295724578730442 7.1023187639481254e-07
0.65884006944564744 1.1139420568338454e-06
0.52663093324522492 9.9033149824235093e-07
0.27086311729535428 7.9575451036492796e-07
0.55386248130624138 1.0133845661418738e-06
0.49270784716723803 9.6267579257010185e-07
0.79597485656602796 1.2932925265827271e-06
0.95598426934020164 1.7338561724938233e-06
0.13067050897865595 6.8227066503498935e-07
0.88391347890798289 1.4773909830743414e-06
0.70479693828490209 1.1656509165642194e-06
0.6925535452979048 1.1515292136384385e-06
0.37430089714247228 8.7245505523889296e-07
0.34390819546492102 8.5022447287871237e-07
0.0056394848225169714 4.9377895956946655e-07
0.98220487463730777 1.9163924141681896e-06
0.60650583237304878 1.0613558870444695e-06
0.40232862392392543 8.9343321764856783e-07
0.54376882189217857 1.004839704303477e-06
0.04052703409626246 5.8360391313539389e-07
0.17365095529166885 7.1949292601541072e-07
0.62335992496340253 1.0773190910216183e-06
0.51426172968362005 9.7986025771905142e-07
0.78707482292763309 1.27815995762879e-06
0.65874269044533706 1.1138415412398069e-06
0.60143567597938719 1.0566200727468446e-06
0.81526570430531342 1.3262635842888174e-06
0.068263105551900627 6.2161011142873774e-07
0.69088679643128525 1.1496067618825175e-06
0.71559071328901547 1.1784929225007667e-06
0.275163549680011 7.9901619794026511e-07
0.19564963648739442 7.3731684226026868e-07
0.21385247545599917 7.5165227195606664e-07
0.19814086343199422 7.3927877846056045e-07
0.52378219090359457 9.8791987439773151e-07
0.13562631136582848 6.8656252762941931e-07
0.65928586141935042 1.1144022078408531e-06
0.10507825894876954 6.5831639571873645e-07
0.026889640310256202 5.5805775273472226e-07
0.31929024244587112 8.3221780016052898e-07
0.19185972373304105 7.3433214147063101e-07
0.98866205541008234 1.9862433492879897e-06
0.30299630061721738 8.2012610731664224e-07
0.22206408602551375 7.5811922835839369e-07
0.19676982349921457 7.3819903224073213e-07
0.37385290480349032 8.7212737359037981e-07
0.60584889533157782 1.0607422705024774e-06
0.78194527504628242 1.2701658954363456e-06
0.3645762477430684 8.6534201140057536e-07
0.62597098004278939 1.0800142486175542e-06
0.48205989827938744 9.5437691252702244e-07
0.8464953462533984 1.389231610278867e-06
0.56904177715843518 1.0263623297344473e-06
0.28989167187910014 8.1018682658593595e-07
0.70358725717825588 1.1642556532380215e-06
0.82006448802299581 1.3357013663250951e-06
0.46544065676396507 9.4142408065338099e-07
0.98719723888231892 1.9687741889575026e-06
0.87909687919131341 1.4653125162590204e-06
0.19695466966549147 7.3834460564418699e-07
0.78675587215623732 1.2776176513030885e-06
0.6009512443497661 1.0561675860660295e-06
0.53481129780783465 9.9725664620978003e-07
0.51393858657956837 9.7958669854047387e-07
0.85341114278242902 1.4044936501403689e-06
0.61087278890344854 1.0654348726946217e-06
0.53770598505373368 9.9970716505204592e-07
0.048859906758049076 5.9502228618233345e-07
0.44830286975855738 9.2806710082001581e-07
0.90804156204550768 1.5456592096759014e-06
0.71173672934461896 1.1736553698898944e-06
0.050953978056153426 5.9789175128028168e-07
0.88399228215104231 1.4776058080841537e-06
0.82666722137705406 1.348686981411194e-06
0.54668421156952796 1.00730774894181e-06
0.022405465182281481 5.4773329652287316e-07
0.56242961803380065 1.0206371389387781e-06
0.054589049926426103 6.028728194367114e-07
0.32037895963748042 8.3301413664459e-07
0.62890961890273889 1.0830475415218788e-06
0.9129130838821744 1.5607617629650805e-06
0.35779563725947872 8.6038236939813105e-07
0.86002378288345327 1.4190866729957919e-06
0.91836101040051632 1.5780248340467575e-06
0.021043880457314312 5.445983561000634e-07
0.23942783775253151 7.7179384486009819e-07
0.70986229922749877 1.1714933756373844e-06
0.75684304307954842 1.2330687784644118e-06
0.39241685021705408 8.8599053389376961e-07
0.65675461277285496 1.1117894272562295e-06
0.61215861736203514 1.0666359095711327e-06
0.73977496160105993 1.2099167976978833e-06
0.71865842774512179 1.1824789664317277e-06
0.085870797990361347 6.3968216869982772e-07
0.15825018094006094 7.0615542742264774e-07
0.132727147259316 6.8405177094225576e-07
0.93248006984281895 1.6284498365237148e-06
0.91354264835298926 1.5627135208116511e-06
0.79741226959696998 1.2957365344022232e-06
0.11671856067595932 6.6960930035734232e-07
0.57427146991958589 1.0312471600685577e-06
0.18723062608985142 7.3068655058596825e-07
0.3683839375588025 8.6812712616097918e-07
0.26709127663741294 7.9289373621253041e-07
0.82893098148746591 1.353139125071214e-06
0.14445139951927322 6.9420529922910125e-07
0.64617916861007574 1.1008733462854658e-06
0.98389466377616686 1.9330312293954708e-06
0.68705458325363344 1.1451866329116894e-06
0.079233489006959701 6.3324294580310186e-07
0.9078495019625249 1.5450637904752441e-06
0.64307967768959617 1.097674020249101e-06
0.4563109796052035 9.3430852287125692e-07
0.65969247854111857 1.1148219221674574e-06
0.87904433047263697 1.465183296457475e-06
0.47712722791524931 9.5053245007935388e-07
0.53132148281222924 9.9430231758071329e-07
0.45244739921795352 9.3129729596659304e-07
0.07259142632366522 6.2679911107750524e-07
0.78707012692735845 1.2781519731030175e-06
0.12641174364183894 6.7858245589758487e-07
0.39457001028831029 8.8760732721025844e-07
0.38682284560772917 8.8179003371475268e-07
0.28004079208673793 8.0271537038085186e-07
0.40250712589441839 8.9356725356941071e-07
0.61800911038242856 1.0721006026383468e-06
0.31138731220771176 8.2643724325545035e-07
0.17251193769827644 7.1850650512499503e-07
0.86936751050726657 1.4413875353616785e-06
0.97083264985713547 1.8222895100769838e-06
0.45858382387632057 9.3607994966539968e-07
0.32701971234458582 8.3787148040939055e-07
0.047482077778229326 5.9313427397753712e-07
0.036851540610053135 5.7856745602623945e-07
0.39288199564540205 8.8633980844599077e-07
0.93024201830096576 1.6200477962371143e-06
0.73070854340156444 1.1981363201610263e-06
0.34926941887077501 8.5414591164186103e-07
0.96804642518206097 1.8044950843606245e-06
0.42875790325573071 9.1327878452198079e-07
0.27679274397464571 8.0025186968517605e-07
0.42635324472435721 9.114731427149162e-07
0.21154322698383277 7.4983365074099309e-07
0.88563877020079573 1.4820942884780063e-06
0.3611733104176903 8.6285295072801829e-07
0.65796896449432141 1.1130428934477649e-06
0.38904719882716354 8.834602854840945e-07
0.9017314179639625 1.5260966806656359e-06
0.64238075171563014 1.0969525817537578e-06
0.48825189028129945 9.5920287472808147e-07
0.1321429691813385 6.8354585649178299e-07
0.90191666285220429 1.5266709715936087e-06
0.5468168682717709 1.0074200504517089e-06
0.28505297296141752 8.0651688767539483e-07
0.87792689181670414 1.4624354615911716e-06
0.054440427394407798 6.0266916487691618e-07
0.31407691732957166 8.2840454082617067e-07
0.53682840120214759 9.9896423996850644e-07
0.33981433604329303 8.4723004085983313e-07
0.47673425537885783 9.5022617213098209e-07
0.26431625233098388 7.9078900313177507e-07
0.13008309093289716 6.8176194468237577e-07
0.036854138616851717 5.7857101602433479e-07
0.15764656491214191 7.0563267916732398e-07
0.95294651402481179 1.7182259254528579e-06
0.57540313333673843 1.0323041980324655e-06
0.48896012527795152 9.597548643498791e-07
0.38432383930570857 8.799135468056242e-07
0.70842014598338532 1.1698299756543526e-06
0.14125947590609333 6.9144100467305846e-07
0.27612986765266345 7.9974910734176402e-07
0.65590211966375278 1.1109094752028936e-06
0.47906436458522794 9.5204223050941825e-07
0.77009253895908869 1.2526494316554838e-06
0.89710984395665327 1.5133655082462369e-06
0.8233725913706561 1.3422074228980672e-06
0.18420771426073201 7.2830589226790717e-07
0.091470235526978527 6.4511449473508371e-07
0.1694406005450485 7.1584664179449953e-07
0.78353069160023059 1.2725088896142734e-06
0.91383108949271052 1.5636077378201112e-06
0.92544886770385748 1.6030944882347394e-06
0.29821578937044557 8.165003011784067e-07
0.84034137801355835 1.3756508017359039e-06
0.53623553502209664 9.9846234473018141e-07
0.82279184834820729 1.3410652738896081e-06
0.54836484238000105 1.0087304993525122e-06
0.14589321977911818 6.9545395564388024e-07
0.079219551073097416 6.3322942383763611e-07
0.95721914920933959 1.7406816216543122e-06
0.42580255643157894 9.1105963460508344e-07
0.35052064489731782 8.5506111436155892e-07
0.35630308476831041 8.5929064970062493e-07
0.37893441147547202 8.7586666194464823e-07
0.94499682789433814 1.680710879206858e-06
0.06270458740317586 6.1399338231425313e-07
0.11906128738229915 6.7188210993814678e-07
0.7896515154818492 1.2825410621654695e-06
0.54940949134013872 1.0096148546361437e-06
0.12853675796095199 6.8042277735439606e-07
0.03446013677833637 5.7529056195084539e-07
0.22423434827922739 7.5982839262739676e-07
0.26081073771027108 7.8813022548784892e-07
0.014213029574641989 5.2887086580026478e-07
0.21609053833719338 7.5341483180420185e-07
0.7383189369523997 1.2080249077266477e-06
0.85543368963700372 1.4089570826006357e-06
0.89823582976971783 1.5164350508684585e-06
0.38991403264354341 8.8411118512668887e-07
0.31941372590355765 8.3230812148850262e-07
0.99986084820788756 2.6082331367290631e-06
0.76934045092158876 1.2515379648370232e-06
0.53735208090755437 9.9940756488632959e-07
0.25477143268939662 7.8354968000118151e-07
0.3213054528851047 8.3369181527500536e-07
0.5153643488293872 9.8079368809097639e-07
0.54208291979075063 1.0034124914425303e-06
0.01367864427367782 5.2764048619139519e-07
0.95940008527147447 1.752736128806308e-06
0.57560624735156352 1.0324939180688452e-06
0.58915824440913334 1.045152253718381e-06
0.21147113375381921 7.4977687457370492e-07
0.76498717880124789 1.2451045191867338e-06
0.73726452009184273 1.2066548480330672e-06
0.095157973404764062 6.4869217452054232e-07
0.59499437225992025 1.0506035289005578e-06
0.65819374532987984 1.1132749145112647e-06
0.83556817457387733 1.3661925122141739e-06
0.20609117891771067 7.4553995502216557e-07
0.87763479680640588 1.4617171860515621e-06
0.46148107170759567 9.3833802889362152e-07
0.096523619305644792 6.5001706362481066e-07
0.10562122151087594 6.5884315392311174e-07
0.19780445367316957 7.3901384294940594e-07
0.28275070598530849 8.0477072009980959e-07
0.49640580445979965 9.6555793487737896e-07
0.74875119774455989 1.2215800969112276e-06
0.18672590201943229 7.3028906113722076e-07
0.99265179449953655 2.0895117685083667e-06
0.1615219317703126 7.0898885456715994e-07
0.59937796772214746 1.0546980562589193e-06
0.9289404358713399 1.6154441170134239e-06
0.83250742287682711 1.3601729228591698e-06
0.64788920166315989 1.102638459786405e-06
0.71549299679089851 1.1783659542774047e-06
0.13420562670536429 6.8533217523108548e-07
0.0096630537602482303 5.1200502096810173e-07
0.43414878436037274 9.1732676063686657e-07
0.089518926338303051 6.4322142107560323e-07
0.35775256191282434 8.6035086216156974e-07
0.22374279356973759 7.5944127455248083e-07
0.91634672238074266 1.5714066312709334e-06
0.88005599900805753 1.4676710375607663e-06
0.8189428485310084 1.3334954346408537e-06
0.71394429841398754 1.1763536484208778e-06
0.15407192910402701 7.0253694521447925e-07
0.048367426199151575 5.9434744966819288e-07
0.6538878578546925 1.108830333687362e-06
0.64225813717509928 1.096826017778569e-06
0.36942428475448097 8.6888808266501364e-07
0.47268666643559709 9.4707153122712306e-07
0.48914938823798937 9.5990237356677086e-07
0.23992813274650637 7.7218784624228123e-07
0.31416661190758588 8.2847014745518842e-07
0.41838955466350158 9.0549326177765382e-07
0.60317902991158978 1.0582484644249132e-06
0.95581920601739245 1.7329438316692198e-06
0.53848460951903998 1.000366315337102e-06
0.73116390954320154 1.1987280015157316e-06
0.80700110239555323 1.31204025632147e-06
0.11350812130855359 6.6649467442462677e-07
0.65312466755394094 1.1080425609006241e-06
0.48211072025442447 9.5441652254758385e-07
0.57243094224789215 1.0295280025937159e-06
0.038416935769044591 5.8071248651172933e-07
0.90621573654738519 1.5399988374541062e-06
0.9527841495754501 1.7174597178659747e-06
0.0034819236846117541 4.8400558613425375e-07
0.21279159204151088 7.5081678581953231e-07
0.18019417370894997 7.2514507606168018e-07
0.7813045172798514 1.2692189570986127e-06
0.59808005911182027 1.0534857358339556e-06
0.17733366329673173 7.226822534942563e-07
0.81397095531886043 1.3238909733239023e-06
0.35347487180574844 8.5722196815123825e-07
0.46085687629310235 9.3785153868570643e-07
0.38730660532064543 8.8215328560720166e-07
0.52138020644122951 9.858864567315588e-07
0.48014246882872536 9.5288249166064602e-07
0.27458400266244265 7.9857663718510224e-07
0.4245560374938403 9.1012363197605612e-07
0.90833714985430014 1.5465755825843258e-06
0.50289413647924508 9.7061486083337113e-07
0.91638641042237556 1.5715296710075497e-06
0.55012704781796462 1.0102223073658964e-06
0.76881729326415882 1.2507648208059203e-06
0.29359130965971292 8.1299283805244018e-07
0.79041349004440786 1.2838366339663806e-06
0.26432161298498558 7.9079306895050889e-07
0.019549971642973007 5.411587499968272e-07
0.16072894317769304 7.083021044079359e-07
0.021652875032036834 5.4600051762153289e-07
0.94706264189142864 1.6904595795158432e-06
0.99997702041769421 2.622231113529367e-06
0.76223026361952062 1.2410302358674748e-06
0.10812816375158762 6.6127527813452463e-07
0.89894546033264955 1.5183695701436361e-06
0.7437761832661044 1.2151157970058641e-06
0.33224451540208788 8.4169313522368828e-07
0.50227791180893211 9.7013458292516762e-07
0.66175934126196889 1.1169553588788593e-06
0.024050475673271232 5.5152080220620424e-07
0.50154091209989515 9.695601744412895e-07
0.73239543325498513 1.2003281855248456e-06
0.18822537189633282 7.3146995083461084e-07
0.44379057347933304 9.2456671479291502e-07
0.53253012918493325 9.9532550608376966e-07
0.73556537195923222 1.2044470548376106e-06
0.96445371079310749 1.7815499536659441e-06
0.8482755480042915 1.3931602264504962e-06
0.62151842022995019 1.0754182711157121e-06
0.5836406748348093 1.0399985300756766e-06
0.6031866930726707 1.0582556222529948e-06
0.54517864265977378 1.0060331984746018e-06
0.059362880258923556 6.0941430612583644e-07
0.69829639458820503 1.1581530973699565e-06
0.71633680012960299 1.1794623526630084e-06
0.51248036226702742 9.7835222799129986e-07
0.87038760540254301 1.4438959972851105e-06
0.6724368027566785 1.1283262777935038e-06
0.36266465785701696 8.6394378899667034e-07
0.019694353598634251 5.4149117795435848e-07
0.059161646497680076 6.0913855942373525e-07
0.35179826164178629 8.5599562043357524e-07
0.46210532519868286 9.3882456436571778e-07
0.16687111950842504 7.1362139980811078e-07
0.1893283064226321 7.3233855382495212e-07
0.23021135877933629 7.645355162778965e-07
0.78051333957627267 1.2680497219543379e-06
0.77128784095177139 1.254415898394302e-06
0.3829389854137788 8.7887366939628738e-07
0.17236438158439582 7.1837871742962957e-07
0.11090838506346923 6.6397252558438771e-07
0.087129312047173224 6.4090312323889461e-07
0.3912792508993721 8.8513631826984832e-07
0.045542433321119402 5.9047641697088028e-07
0.33363503712633502 8.4271022505145199e-07
0.96153324254113737 1.7645265521983224e-06
0.50750461561003868 9.742082114073237e-07
0.82264465683518895 1.3407757919085096e-06
0.12926594589539908 6.8105427437055306e-07
0.26807878240970484 7.936427156220312e-07
0.94654644454400882 1.6880236132345728e-06
0.38355189693402358 8.7933390050625437e-07
0.64840612844832235 1.1031720368689307e-06
0.97612677916258939 1.8631019076123974e-06
0.55078775633073551 1.0107816350314619e-06
0.30534594922873592 8.2190821176500919e-07
0.5319484559520623 9.9483308631745074e-07
0.05463719933085931 6.0293879762744114e-07
0.11236987409269117 6.653903974423671e-07
0.0071711050522699216 5.007169305049439e-07
0.88421004156500427 1.4781994406102393e-06
0.6712804288995956 1.1269924998041667e-06
0.29832976513274811 8.1658674674818657e-07
0.22116141920730459 7.5740834382365233e-07
0.68307660115777991 1.1405983720054699e-06
0.91953206478528249 1.5821668373638345e-06
0.29913909105211067 8.1720058462760577e-07
0.32155910938678178 8.3387735099379577e-07
0.85424072519377292 1.4063244038036938e-06
0.89337581588375226 1.5031861985343797e-06
0.91403656682977852 1.5642447528098483e-06
0.29315420800669478 8.1266131579995796e-07
0.1203125675963489 6.7309604652369349e-07
0.43999757199854206 9.2171857566687374e-07
0.29576486514118105 8.14641383657646e-07
0.88386666681183579 1.4772633689226426e-06
0.036634941803544874 5.7827065490199161e-07
0.63388046963627231 1.0881785041808099e-06
0.90618136574811392 1.5398922820808593e-06
0.976670366806066 1.8673550691137812e-06
0.65013059929804318 1.1049520532103274e-06
0.94992295702237994 1.7039575783870739e-06
0.075659462625067286 6.297755838693217e-07
0.35927834599623976 8.6146688893306501e-07
0.0087146973267336891 5.0770913270260251e-07
0.98118377219081843 1.9071183409933915e-06
0.9027264787666992 1.5291815398335026e-06
0.028052556248201355 5.607352740929924e-07
0.018132650459765975 5.3789548081653625e-07
0.36696949410636615 8.6709253891050024e-07
0.2585379667909018 7.8640642936545356e-07
0.8469322772425022 1.3901958460172141e-06
0.16048440327186231 7.0809032605345657e-07
0.79064946270085734 1.284237854078579e-06
0.55445969999066325 1.0138901460248828e-06
0.37739177140498781 8.7471585901957716e-07
0.14571976173337875 6.9530373615568215e-07
0.99769130595967104 2.2882797331668488e-06
0.61798612092153671 1.0720791291749795e-06
0.43938223256799425 9.2125652145550183e-07
0.37112755655273166 8.7013393189534886e-07
0.90572823063085528 1.5384874854926375e-06
0.82119180819076099 1.3379184702110787e-06
0.81118578836822375 1.3191554034776365e-06
0.61619847296239283 1.070409364357741e-06
0.8879565826958018 1.4884128620880727e-06
0.29927837212207042 8.1730622315292906e-07
0.70370613516328928 1.164392768790127e-06
0.40444774239189252 8.9502444935567366e-07
0.59999880855969212 1.0552779568944638e-06
0.99815300061269285 2.3046418295564887e-06
0.98452478067531835 1.939850829895629e-06
0.51261901646744823 9.7846960672752496e-07
0.57386345216482459 1.030866048290803e-06
0.897321769137301 1.5139432361067236e-06
0.98563571251385496 1.9518741724403663e-06
0.77860780262607976 1.2652336406102832e-06
0.065184457958630704 6.1739150061745948e-07
0.32263973434386395 8.346677684553215e-07
0.89656233992030787 1.5118729610436869e-06
0.76835250585048054 1.250077938736025e-06
0.74223307102442715 1.2131107495108193e-06
0.66792323046814106 1.1233177879772233e-06
0.4152638496323835 9.0314619103679674e-07
0.40324132034470173 8.9411855521022597e-07
0.80893248759080105 1.3153241562291757e-06
0.29378029176507092 8.1313617261275245e-07
0.68483187270097345 1.1426229270706698e-06
0.72620852342395659 1.1922892057774688e-06
0.84455598936152876 1.3849517645568094e-06
0.31988559070701572 8.3265326452604607e-07
0.74188926683820211 1.21266402651572e-06
0.10648989757868688 6.5968590492953228e-07
0.13806172895190472 6.8867166694186506e-07
0.41733604017340153 9.0470218488134856e-07
0.05522577635524728 6.0374531325585581e-07
0.94769832146533839 1.6934593895990926e-06
0.90189581050936052 1.5266063257540619e-06
0.048933695525843146 5.9512339749310752e-07
0.83831172189227876 1.3715882547857502e-06
0.50887417409002533 9.7529938278703134e-07
0.70196288837354992 1.1623820832459184e-06
0.88693116929818727 1.48561748927533e-06
0.57697448707769861 1.0337719317541252e-06
0.11632710028462945 6.6922952284188895e-07
0.0025786104865862525 4.7991373582319798e-07
0.49692153225144653 9.6595988675776829e-07
0.94923213212436008 1.7006975342077499e-06
0.57262187161319589 1.0297063414747754e-06
0.37293913808822921 8.7145900371536441e-07
0.030922017080913355 5.6734197920005433e-07
0.91497941727820031 1.567167750923875e-06
0.32715666085804218 8.3797165068183953e-07
0.70477740131509614 1.1656283823464612e-06
0.69423720211146489 1.1534711672598989e-06
0.25388316136874789 7.8287596552995168e-07
0.063777506460725331 6.1546358239356698e-07
0.38500037867184356 8.8042155563418788e-07
0.31713101383719988 8.3063844371078711e-07
0.70025639887232582 1.1604137940790311e-06
0.81978249565983907 1.3351467711159881e-06
0.22244541739167467 7.5841954134802303e-07
0.5282310697764423 9.9168610562713903e-07
0.040608347388161659 5.8371533515493795e-07
0.2142558229334619 7.5196992347274022e-07
0.76176160532208304 1.2403376332454069e-06
0.79339832048907244 1.2889116881015515e-06
0.77640446345180325 1.2619774548183066e-06
0.14238792498827013 6.9241827293905093e-07
0.55103472746841731 1.0109907102699847e-06
0.42270841444338292 9.0873626433941428e-07
0.99148629679509048 2.0219393904017219e-06
0.65406986905833608 1.1090182075020199e-06
0.93520209139572907 1.639656628675719e-06
0.1453503050084376 6.9498377636427883e-07
0.45087327310022907 9.3007044148398195e-07
0.7716076001058686 1.2548884517018371e-06
0.36785772803040262 8.6774223295918642e-07
0.63250849615364668 1.0867623392050834e-06
0.51170217237366067 9.7769344559632519e-07
0.99192940921799233 2.078158384526949e-06
0.17387254006549147 7.1968482458762294e-07
0.93534869533012777 1.6402602094297786e-06
0.40157095380329677 8.9286428828586569e-07
0.46799296637729448 9.4341331928862528e-07
0.52860188368997896 9.9200002088115594e-07
0.26536654943357985 7.9158560698541839e-07
0.963657442610793 1.7764645292393887e-06
0.91148720523478943 1.5563412945820898e-06
0.97290510021136267 1.8378947104849205e-06
0.99691957220952299 2.2167521242700189e-06
0.66980009518097205 1.1252850619209247e-06
0.45168549580574469 9.3070347784359775e-07
0.85073390149630479 1.3985854133875715e-06
0.023804877836338556 5.5095533274063466e-07
0.83440404471350338 1.3639030145975907e-06
0.49728602421100665 9.662439672958056e-07
0.67322002708341777 1.1292296598280595e-06
0.37404606134250762 8.7226865692855045e-07
0.36862315386681588 8.6830209967579243e-07
0.031717152810887717 5.6917271591133546e-07
0.42378943042901329 9.0954799192247558e-07
0.40835419541933005 8.979577784798077e-07
0.22479110186807127 7.6026685730559996e-07
0.24732327353976746 7.7790058103053955e-07
0.58413958044251169 1.0404645362748297e-06
0.31777144253950307 8.311068819287324e-07
0.83025190901728974 1.3557369971249721e-06
0.11138510685706648 6.6443501993207825e-07
0.57764494657504362 1.034398179038622e-06
0.16004472713910234 7.0770955430340842e-07
0.52824062692065876 9.9169419629807903e-07
0.5525458869503187 1.012269993477286e-06
0.64229768652572916 1.0968668410203327e-06
0.42742494727289371 9.122778769011334e-07
0.50947468512925442 9.7580774983729004e-07
0.18095261608129332 7.2574237834654869e-07
0.46301534973632963 9.3953382626711613e-07
0.37303038909429054 8.7152574878552031e-07
0.66613110465440972 1.1214679374942205e-06
0.43482172349648607 9.1783206607708729e-07
0.77934165098022024 1.2663181520700325e-06
0.42599209857369214 9.1120196051603298e-07
0.23577117297395866 7.6891408193164826e-07
0.2736887189585846 7.9789760413165995e-07
0.045285225091636572 5.9012396954558281e-07
0.53991881060091007 1.001580448843131e-06
0.83088088390032178 1.3569740038753443e-06
0.76911170681757013 1.2511999173361211e-06
0.43778946633847138 9.2006052407983099e-07
0.1961203551445122 7.3768755114953858e-07
0.86348444329745278 1.4269207929466886e-06
0.056781034045068401 6.0587645256486469e-07
0.39922272520249402 8.9110101933152798e-07
0.85661514238395109 1.4115643569533007e-06
0.39317668740419642 8.8656109049204176e-07
0.11787547075695992 6.7073168322390198e-07
0.26594950034579612 7.9202774944397472e-07
0.60002944174294837 1.0553065700290464e-06
0.15203590769457087 7.0077369409064078e-07
0.65493532684235578 1.1099115418245995e-06
0.43816193119924574 9.2034020542148608e-07
0.33438950082052188 8.4326207356657674e-07
0.24092548052316387 7.7297329564164118e-07
0.82332998585670947 1.3421236305086143e-06
0.39667394746340157 8.8918715938735018e-07
0.73847926560622768 1.2082332312413342e-06
0.44035519263738443 9.2198711058280373e-07
0.091867186886779417 6.4549959934469405e-07
0.44050597516726042 9.2210033216340109e-07
0.50768777973576396 9.7435096726796888e-07
0.45784219349337685 9.3550193209138829e-07
0.81624171174827254 1.3281831009943717e-06
0.91085134904302933 1.5543700313213913e-06
0.78677867521103395 1.2776564229317239e-06
0.58278190221095971 1.0391963876258856e-06
0.5414499605548907 1.0028766551320417e-06
0.64461603012365898 1.0992598588495153e-06
0.28783029643937452 8.0862336457596538e-07
0.81184684614868508 1.3202793882682344e-06
0.85684817760366094 1.4120786278398739e-06
0.26721716318183053 7.9298921558323144e-07
0.90281820814007763 1.5294659166250021e-06
0.84873272399166744 1.3941691396123806e-06
0.42448676748251024 9.1007161759363906e-07
0.90900020209274557 1.548631158254594e-06
0.12043899381150813 6.7321869963227042e-07
0.027986559208900363 5.6058332116454318e-07
0.34786682559405435 8.5311999214030511e-07
0.56543569882734501 1.0231819588105589e-06
0.35144261453286618 8.5573548421962864e-07
0.94206773367135954 1.6679230565777109e-06
0.25471022905514507 7.8350325975420434e-07
0.28121339359267894 8.0360473670978094e-07
0.63482761254485509 1.0891561547193436e-06
0.0038638823417082024 4.8573579184060999e-07
0.72755705235459922 1.1940414208667883e-06
0.3774694830931572 8.747727008266177e-07
0.97774786764329602 1.8759120400929296e-06
0.69141759302974859 1.1502189901990861e-06
0.052214955082343084 5.9961964352981556e-07
0.092627808741973627 6.4623752094484333e-07
0.088168106924158551 6.4191091597140316e-07
0.95262225989194371 1.7166957507276731e-06
0.68405154121758771 1.1417228816826216e-06
0.42760600728893572 9.1241383364105628e-07
0.20048268988003104 7.4112305607371154e-07
0.87363974643580322 1.4518931669497562e-06
0.20155592767134045 7.4196827175301985e-07
0.70667921647581744 1.16782196289623e-06
0.763324361545346 1.2426471390491073e-06
0.29465608885540828 8.1380042593254918e-07
0.50491473717064228 9.7218969209237537e-07
0.22298928231839388 7.5884785571340524e-07
0.37892965745549811 8.7586309218324362e-07
0.9651343982800088 1.7858972136087902e-06
0.69313803465443025 1.1522033719428317e-06
0.84661420619051508 1.3894939148580426e-06
0.54059957146674098 1.0021567519761064e-06
0.23903974215135615 7.714882047774993e-07
0.71287985666719356 1.1749738691386635e-06
0.50056796079056642 9.6880186819011204e-07
0.17684886810705869 7.2226240738701375e-07
0.41242988961821025 9.0101818965349116e-07
0.63484021901630594 1.0891691672473281e-06
0.73533185668223822 1.2041436360657638e-06
0.24322079589035173 7.7478094400532539e-07
0.87599733934933111 1.4576906001904505e-06
0.37955110707467798 8.7632973449388157e-07
0.2711367178927484 7.9596202430522597e-07
0.19512005545372479 7.3689977700525576e-07
0.80417133440297361 1.3072288521165892e-06
0.35416457496606246 8.5772644791325829e-07
0.48339902788793465 9.5542061362856972e-07
0.22281982356387564 7.5871440048337637e-07
0.68609107116893153 1.1440753044229271e-06
0.78103340755242234 1.2688182999266132e-06
0.33942524895334159 8.4694544514701315e-07
0.94507938537140201 1.6811004728988821e-06
0.030610609560236091 5.6662498817728729e-07
0.13294310327404035 6.8423879485265953e-07
0.58878703156049084 1.0448055198152096e-06
0.70140686204837965 1.1617407546051316e-06
0.25068298950905898 7.8044877685214986e-07
0.55407109689134848 1.0135611712044136e-06
0.31838624704281271 8.3155657746061497e-07
0.55408924562159023 1.0135765351458839e-06
0.6593276777642525 1.1144453710971503e-06
0.97280805356905742 1.8371353940290655e-06
0.4556968600211837 9.3382988564134873e-07
0.64821604027138058 1.1029758259203273e-06
0.57803924791993189 1.0347664789098112e-06
0.31755489388757296 8.3094848855216477e-07
0.25306413169772035 7.8225476778449835e-07
0.98787072174472368 1.976241555814079e-06
0.20685236170151533 7.4613941548554192e-07
0.79027526707423679 1.283601615907785e-06
0.14658739102076102 6.960551272309167e-07
0.80435126936125079 1.307534792326928e-06
0.18572844298954805 7.2950352412170322e-07
0.96715664401616697 1.7988124324905297e-06
0.68598765657451732 1.1439560245646346e-06
0.09011824367582888 6.4380285218448362e-07
0.69317711945901084 1.152248452910157e-06
0.60362076278155186 1.0586610680368872e-06
0.3375462466939585 8.4557105879184964e-07
0.26073599775671463 7.88073538541958e-07
0.71876078174815217 1.1826119604109347e-06
0.74136137294986582 1.2119781060169572e-06
0.32720584895253657 8.3800762905577267e-07
0.87622711083950366 1.4582556192262843e-06
0.26882721888849126 7.9421037155646622e-07
0.069864425974811017 6.2380436960339147e-07
0.5998678448275786 1.0551556293237029e-06
0.10707057283161614 6.6024925031447292e-07
0.27666406426648527 8.0015427182343483e-07
0.50718639304843793 9.7396019266741975e-07
0.28635962235729762 8.0750792339428435e-07
0.2149963424200444 7.5255311080173781e-07
0.70318541490565445 1.1637921626678238e-06
0.54699934140229556 1.0075745244264678e-06
0.83976124825028053 1.3744390425327061e-06
0.58123959465547759 1.0377557846926666e-06
0.48344721177377836 9.5545816755494907e-07
0.2612563516107882 7.8846820390320543e-07
0.79206587509129733 1.2866461548824184e-06
0.19687100856436723 7.3827871933735827e-07
0.24222841097316028 7.7399940304701083e-07
0.84158859675306996 1.3784032109542108e-06
0.74119252572921113 1.2117587138770497e-06
0.61287348897952054 1.067303640300561e-06
0.038920530786573426 5.8140255295197313e-07
0.12725761828472648 6.7931500684610186e-07
0.49995746018760967 9.6832605154941168e-07
0.74633892348289099 1.218445701152392e-06
0.46410086419182328 9.4037986284618436e-07
0.017293024414783087 5.3596230869717048e-07
0.1842699986668217 7.2835494361238059e-07
0.5887666996202181 1.0447865286271743e-06
0.6942170596879913 1.1534479347033028e-06
0.033428312711904384 5.7311252534458071e-07
0.043331753460500333 5.8744716543177268e-07
0.26131011545636296 7.8850898139984489e-07
0.083501695386564934 6.3738377039274146e-07
0.54194623219336469 1.0032967775486123e-06
0.12370198195668047 6.7623572697101303e-07
0.64821933490142247 1.1029792266709487e-06
0.77722531930758698 1.2631905495638041e-06
0.97051666375210666 1.8202714419277643e-06
0.94840696163771432 1.6968035051279495e-06
0.27336515023527819 7.9765219158004266e-07
0.029409602623172826 5.638597653262706e-07
0.32941221611176796 8.3962146475127853e-07
0.70848011871265326 1.169899149049936e-06
0.059801209272539291 6.1001493983259089e-07
0.35971265767142868 8.6178456393174425e-07
0.29803454754690695 8.163628372791773e-07
0.2193456358189767 7.5597834517612997e-07
0.70613075473031528 1.1671893593488015e-06
0.65909700502437407 1.1142072683501162e-06
0.53549409403434334 9.9783467239235221e-07
0.91077463968159755 1.5541322191432578e-06
0.10313885273027246 6.5643486979318001e-07
0.14968922447813082 6.987414012083246e-07
0.38344967921941309 8.7925714591656299e-07
0.65588205186290061 1.1108887610148523e-06
0.58407929224541211 1.0404082236715026e-06
0.074042687467931967 6.282070602949759e-07
0.95842480374646744 1.7473455360592201e-06
0.3050648164613915 8.2169498500726767e-07
0.35897261378309386 8.6124326270803868e-07
0.62362979904342353 1.0775976577904534e-06
0.94516551745973465 1.6815069353961469e-06
0.66268823910327201 1.1179141766734745e-06
0.95477332954770411 1.7271630453349239e-06
0.18759111882047896 7.3097045235561369e-07
0.61880992897293496 1.0728486127264509e-06
0.82887889187628483 1.3530366802798663e-06
0.50902446825484715 9.7542661542098861e-07
0.36217367582934046 8.635846627656617e-07
0.98475853003187719 1.9423806417940987e-06
0.1409873403966605 6.9120532775894776e-07
0.41092952752865664 8.9989157792077034e-07
0.87337375256066019 1.4512390753444044e-06
0.90048074650592091 1.5225549038232297e-06
0.98038210155977412 1.8998372379856053e-06
0.88484759226438148 1.4799374634368675e-06
0.050957025387412536 5.9789592697893045e-07
0.92976649962748825 1.6183658932029786e-06
0.42816719140678527 9.1283522299485824e-07
0.65161918745658198 1.1064885890399922e-06
0.3942758691671191 8.8738645863425464e-07
0.81366807661354867 1.3233759940464041e-06
0.57591927632276607 1.0327863049228771e-06
0.8455446425540043 1.3871335616020845e-06
0.19377147152076724 7.3583771574145296e-07
0.18498309475490227 7.2891653396950339e-07
0.44037680158478698 9.2200333659507437e-07
0.0047515449624805361 4.8975674778242431e-07
0.69285295489625809 1.1518745569109744e-06
0.29605372780801098 8.148604732019299e-07
0.55729934621444988 1.0162940694838391e-06
0.070003560460846881 6.2399502287864636e-07
0.17064435938269396 7.1688913040166792e-07
0.62285917002193281 1.0768022066805488e-06
0.30566262711104308 8.2214839791879945e-07
0.21472194258563371 7.5233701047027193e-07
0.22884650080776792 7.6346063858821771e-07
0.21481936472549545 7.5241373411976479e-07
0.6228509494305482 1.0767937213025544e-06
0.16769121446945712 7.1433162483569555e-07
0.36270635917989036 8.6397429121073801e-07
0.68788686559345225 1.1461465991535453e-06
0.51367105734765062 9.7936021969561766e-07
0.59728087077548386 1.0527392484959221e-06
0.25090697946374851 7.8061866331631517e-07
0.93271487316520563 1.6294165415917825e-06
0.4138792483163356 9.0210650328497925e-07
0.28696393661233455 8.0796626900257378e-07
0.90432618405847232 1.5341409006299875e-06
0.655289615264387 1.1102772419353814e-06
0.61394586313845045 1.06830529872684e-06
0.88673465216616809 1.4850817651962779e-06
0.058540286271384412 6.0828712161250947e-07
0.83767951200758028 1.3703448857480964e-06
0.67786436430510089 1.134586504176796e-06
0.35999279478012935 8.6198946875176269e-07
0.25635134252385561 7.8474797166496706e-07
0.10480589988155764 6.5805216502733609e-07
0.94107417024669004 1.6638324722183771e-06
0.14191210332953619 6.920061981589859e-07
0.25943853573088427 7.8708947103650868e-07
0.69110717956946988 1.1498609549163114e-06
0.71015243788599258 1.1718280256765431e-06
0.16076870460259396 7.0833653890691335e-07
0.81413116076562764 1.3241633677966088e-06
0.51028726917636247 9.7649564885684178e-07
0.84845667811510894 1.3935599511907787e-06
0.087285389847544526 6.4105454300077933e-07
0.042829999093689675 5.8675962119934391e-07
0.63699038149434972 1.0913885868148986e-06
0.15002379710981684 6.9903115040550212e-07
0.52494904573329992 9.8890768396176398e-07
0.014108759284508721 5.2863079175900759e-07
0.77992926054820022 1.2671865458011586e-06
0.89953017017850156 1.5199635438621773e-06
0.83888276196428802 1.3727113209730729e-06
0.95835281315041831 1.746947628403871e-06
0.90309575465878966 1.5303263584396161e-06
0.44401801829036525 9.2473750156128214e-07
0.3983482084436466 8.9044435061946275e-07
0.89618366797154303 1.5108406659001006e-06
0.92693879535722701 1.6083643419347397e-06
0.97283594831803699 1.8373536493074451e-06
0.76831723484278269 1.2500258137815578e-06
0.20198882994138034 7.4230919879566483e-07
0.94495413611072243 1.6805094141162391e-06
0.94714146681621958 1.6908315590695433e-06
0.66613136391297145 1.1214682051035434e-06
0.85728026634948473 1.4130321775336492e-06
0.56117642116395228 1.0195762358837131e-06
0.94412694541172271 1.6766058515330221e-06
0.093936396592091187 6.4750705485804915e-07
0.86396369648477067 1.4280992993558839e-06
0.055503629037139346 6.0412604937204356e-07
0.33910705221802051 8.4671270181256579e-07
0.13532564261526192 6.8630214013551715e-07
0.47913509246291219 9.5209735494500543e-07
0.23224615799246995 7.661379982377298e-07
0.95207237933399713 1.7141008313531754e-06
0.55932133365340952 1.0180057978665911e-06
0.8977307363037248 1.5150581188466848e-06
0.27805846905115095 8.0121186611961821e-07
0.025977559946560813 5.5595776031517697e-07
0.77565500368392171 1.2608698721654292e-06
0.70237765997197188 1.1628604866836898e-06
0.54549164567419361 1.0062981734854975e-06
0.81534272972921262 1.3264150704162989e-06
0.84008437264813252 1.3750836326303231e-06
0.58790330801817381 1.0439800717891716e-06
0.96592779185393696 1.7909642791406551e-06
0.71971194761732726 1.1838478606208175e-06
0.67687537616262872 1.1334457912420772e-06
0.36142179255864537 8.6303470168777649e-07
0.0022585786000076657 4.7846404752294192e-07
0.24094267389417801 7.7298683607683547e-07
0.76392050681462986 1.2435281471927734e-06
0.70987125443717414 1.1715037047030943e-06
0.33102214483009418 8.407990386749948e-07
0.62558297453843881 1.0796137453916473e-06
0.19528747947313718 7.3703162980381178e-07
0.26362771926904405 7.9026678128697864e-07
0.94740809390249658 1.6920897883012327e-06
0.41318057293559451 9.0158187267295112e-07
0.24498759429885453 7.7612907173132588e-07
0.48710824683899145 9.5831153313358918e-07
0.38701587978736618 8.8193498177303109e-07
0.72952903734910568 1.1966037254527488e-06
0.96211610649088108 1.7677481678031138e-06
0.59173742445769184 1.0475613545037891e-06
0.59114718693691504 1.0470100391058293e-06
0.36483385872348306 8.6553043960211379e-07
0.56463093197529535 1.0225006774951515e-06
0.3193288663871382 8.3224605143994873e-07
0.0010920743123419285 4.5637987466991792e-07
0.86609617287848506 1.4333431603545222e-06
0.42944408552170521 9.1379403413873288e-07
0.49208848505399672 9.6219306937757386e-07
0.08350091542592819 6.3738301370951284e-07
0.837110513405392 1.3692258345254684e-06
0.17033707037759038 7.1662300958335252e-07
0.41062115878431593 8.9966002591889182e-07
0.84026554706388135 1.3754834551443944e-06
0.45778294021351951 9.3545575081583236e-07
0.9311523354664637 1.6232675755813822e-06
0.20931430342068968 7.4807828845427213e-07
0.71523282995477133 1.1780279057226844e-06
0.97799852356172745 1.8781886004294771e-06
0.54961363722031087 1.0097876758369974e-06
0.69218389864399288 1.151102857950959e-06
0.39322665960100844 8.8659861427622047e-07
0.7513373397254689 1.2249404082097861e-06
0.9088740565237291 1.548240085353324e-06
0.70305556705052918 1.1636423943121418e-06
0.93592871138097922 1.6426481843963136e-06
0.58865265199230965 1.0446800016593799e-06
0.57713744045096294 1.0339241394682533e-06
0.30462738810915535 8.2136321496789222e-07
0.70962749116378587 1.1712225446901253e-06
0.88195252175615535 1.4723346773089459e-06
0.64631622612893125 1.1010148184497032e-06
0.23303922059858295 7.6676256527663562e-07
0.54410911472168655 1.0051277817086538e-06
0.75593741695141503 1.2317304067031786e-06
0.93936331487275282 1.6567887364487773e-06
0.15659604952055395 7.0472290364324346e-07
0.12749709096656059 6.7952239684377647e-07
0.41294353023290598 9.0140387891273554e-07
0.12561116946261086 6.7788913640954613e-07
0.98042891250511843 1.9002623942801545e-06
0.42430436728255916 9.0993465451869449e-07
0.53361051906790491 9.9624011810928857e-07
0.2270877812927713 7.6207557991658156e-07
0.44912612353692927 9.2870873466177056e-07
0.98469393486121981 1.9416815441207686e-06
0.4886871513669695 9.5954211185022018e-07
0.0088239258044862101 5.0820391854393066e-07
0.24252753025063056 7.7423497088234845e-07
0.97845483047850412 1.8823329678736086e-06
0.98906751341073251 1.991367998171732e-06
0.21049308977170567 7.4900662764853189e-07
0.61526408784385345 1.0695365955395248e-06
0.076908330505414457 6.3098718011566611e-07
0.57744164244462914 1.0342082814234742e-06
0.12592070148643741 6.781571997444115e-07
0.81866152364265787 1.3329421521564089e-06
0.93957498760224445 1.6576602109163928e-06
0.17298680804948263 7.1891775604630321e-07
0.462712168594824 9.3929753062452998e-07
0.10204299847463416 6.5537172058134922e-07
0.33914000707297498 8.4673680646851264e-07
0.065097754760526483 6.17272692914462e-07
0.26454652801742706 7.9096365704519409e-07
0.99022366708930154 2.0059808104699534e-06
0.044603267321401852 5.8918949610060763e-07
0.85896832961867065 1.4167574590388099e-06
0.077452577754104857 6.3151518466600584e-07
0.52899693111736013 9.9233445119508984e-07
0.45211979242734568 9.3104196327433579e-07
0.93155466002064491 1.6246905920182261e-06
0.19904986228508958 7.39994649714192e-07
0.17968201537963513 7.2471599166130923e-07
0.74871408856783228 1.2215318789917325e-06
0.7257194731003539 1.1916537567804311e-06
0.69918177049279873 1.1591743024816109e-06
0.026127116172380727 5.5630210161778451e-07
0.25995968672490866 7.8748474099311775e-07
0.83989517785429935 1.374702442278412e-06
0.60085812145677264 1.0560806039901658e-06
0.60219492073218162 1.0573292505071549e-06
0.29591660540481168 8.1475647192977619e-07
0.26017308855694787 7.8764659683500945e-07
0.94655488801825471 1.6880634584965885e-06
0.72775527885321223 1.1942989870591631e-06
0.12686611780183754 6.7897595654769574e-07
0.93770694214376382 1.6499693103203613e-06
0.58237015181805485 1.0388117893519132e-06
0.3333623669570881 8.4251078188516427e-07
0.39713944639959842 8.8953669938622114e-07
0.72540451035261821 1.1912445089944802e-06
0.37627265168608359 8.7389728476625957e-07
0.57874479911860699 1.0354255038382273e-06
0.71049949664840484 1.1722283281699597e-06
0.19537499730596453 7.3710055343389982e-07
0.94424148624254933 1.6771463765921242e-06
0.35617277143540982 8.5919533269621997e-07
0.4193747570769143 9.0623304359817817e-07
0.69851436786782062 1.1584045108387357e-06
0.6087850893877641 1.0634848426663796e-06
0.44011983693917922 9.2181038358283033e-07
0.64974204030079141 1.104550978663421e-06
0.90282830757204457 1.5294972265964205e-06
0.80028361664541858 1.3006186347365279e-06
0.82425900995477364 1.3439507449317278e-06
0.25840840856731295 7.8630816518865347e-07
0.41940334929763756 9.0625451330309525e-07
0.55381914165405921 1.0133478766396002e-06
0.04419081916148293 5.8862432642339959e-07
0.76979218037732455 1.2522055493164157e-06
0.32346342441508891 8.3527025224112969e-07
0.28259607804101428 8.0465344164973948e-07
0.25929200935614638 7.8697833726827474e-07
0.28337926542006442 8.0524745460353513e-07
0.33801483215783223 8.459138031736406e-07
0.6048245580761592 1.0597854812748579e-06
0.58356532190006316 1.0399281461509942e-06
0.25571175360187537 7.8426287178347863e-07
0.2064242765732075 7.4580228212567104e-07
0.8263581900713568 1.3480792086343527e-06
0.092723337676366535 6.4633019888151632e-07
0.51282284120092747 9.7864215605927692e-07
0.5205608741892761 9.8519284496941332e-07
0.5741368068116216 1.0311213770704521e-06
0.88565011590713572 1.4821252179344752e-06
0.62391394009476764 1.0778909510721204e-06
0.97363376624802334 1.8435959702020656e-06
0.87135308334872752 1.4462701535299187e-06
0.21474025948721154 7.5235143572862134e-07
0.24118331022530115 7.7317634636218263e-07
0.34477413591517059 8.5085786048283261e-07
0.39151441508013129 8.8531290146066863e-07
0.55299512030769549 1.0126502952899901e-06
0.23251263289633883 7.6634785738424521e-07
0.22234518111376567 7.5834060145752507e-07
0.38138995736807957 8.7771051472665845e-07
0.67202311321275199 1.1278491224127171e-06
0.68812561309618836 1.1464219739055844e-06
0.97611674004028959 1.8630233590857972e-06
0.20241543392181405 7.4264516569511392e-07
0.39285915185698073 8.863226551999613e-07
0.96467749793906044 1.7829791864843025e-06
0.69000874266555212 1.148594002229559e-06
0.59227852482201915 1.0480667730042983e-06
0.53964605140134692 1.0013495425305827e-06
0.07551038013625655 6.2963095064856139e-07
0.89337380881591033 1.503180727079753e-06
0.62550521541510762 1.0795334816340751e-06
0.57166740792803405 1.0288148181339165e-06
0.5395003433218426 1.0012261922809828e-06
0.39191420732111171 8.856131027470616e-07
0.25466469136089276 7.8346872142915542e-07
0.75532198533448425 1.2308208963970127e-06
0.50956751776166209 9.7588633798708575e-07
0.033939532289220309 5.7428956771915491e-07
0.39909449977216327 8.9100473572422434e-07
0.92860363822283254 1.6142528683443198e-06
0.37389456154086287 8.7215784319261652e-07
0.41323300792557371 9.0162124575184133e-07
0.62396112305503559 1.077939653803353e-06
0.8016748038158823 1.3029840455473428e-06
0.66846111770471217 1.1238730006507691e-06
0.85005473112294649 1.3970865946661948e-06
0.11397058704069829 6.6694333817356838e-07
0.92459255331864887 1.6000657159845906e-06
0.90392193241138596 1.5328876511841146e-06
0.51914858658558782 9.8399726247999583e-07
0.62474223778720106 1.0787459283704095e-06
0.21281305020140173 7.5083368493856796e-07
0.44794743798138892 9.277900816763961e-07
0.20270336091981234 7.4287191918364649e-07
0.021976678941019512 5.4674605034139945e-07
0.98090306812705252 1.9045688710192687e-06
0.25914651571020508 7.8686798677911229e-07
0.59310830889783528 1.0488418385022983e-06
0.30025038353786304 8.1804345077899016e-07
0.37062162021043488 8.697638674092837e-07
0.3977615585822748 8.900038392113018e-07
0.33504673132475771 8.4374280137449085e-07
0.63739975933993576 1.0918111507886919e-06
0.96093627048860608 1.7612269580461969e-06
0.42863465000623302 9.131862344915935e-07
0.97332672405426512 1.8411935976436301e-06
0.66779723734478313 1.123187736594495e-06
0.60713619502100902 1.0619446815922333e-06
0.23710385179892302 7.6996361731650263e-07
0.062920705899380813 6.1428952527865108e-07
0.85193477029182885 1.4012355358064121e-06
0.57398106394426895 1.0309759043787449e-06
0.41441386242488187 9.0250794139872524e-07
0.81196732208848343 1.3204842313666274e-06
0.31058038257731879 8.2584701880625083e-07
0.78361725596448728 1.2726368180132576e-06
0.32796383540579699 8.385620542745598e-07
0.92088118640416361 1.586938662048699e-06
0.26796687445680256 7.9355783839413551e-07
0.13755411757457114 6.8823206138202189e-07
0.69809670834941184 1.1579227764331379e-06
0.16284725306477077 7.1013661964028104e-07
0.9493630502889856 1.701315344888544e-06
0.65555511238886599 1.1105512907662115e-06
0.23086066128452598 7.6504686675627554e-07
0.20881893428542875 7.4768816637363133e-07
0.92387503912042157 1.5975278780944224e-06
0.60785791284989088 1.0626188070722959e-06
0.89373600667241671 1.5041681123072789e-06
0.11022520484582521 6.6330973442745276e-07
0.92539219557917618 1.6028940397060723e-06
0.52004931199408833 9.8475977821925773e-07
0.66842191633135051 1.123832536594679e-06
0.37287547154128065 8.7141243515326218e-07
0.059140322005826196 6.0910933888804407e-07
0.95797244134182913 1.7448452308294242e-06
0.994598329108482 2.1201045220058279e-06
0.36454684876044297 8.6532050766880806e-07
0.94386792975197964 1.6753835410802293e-06
0.16772629096156422 7.1436200205267413e-07
0.15468444965857553 7.0306740503733077e-07
0.07311184000917148 6.2730399336155473e-07
0.39126940758415074 8.851289269911068e-07
0.052302250181599175 5.9973926230342855e-07
0.39465718961289675 8.8767278957471933e-07
0.13839042864966822 6.8895633001505037e-07
0.73052779557295733 1.1979014649306709e-06
0.83336264933640802 1.3618548992498627e-06
0.68781542779628801 1.1460642017862227e-06
0.20049415243615587 7.4113208327368535e-07
0.76684819290795569 1.2478548028306125e-06
0.24950019703327497 7.7955168112376874e-07
0.75948859696852744 1.2369784874578221e-06
0.56739757489639087 1.0248427994696658e-06
0.36671251629120971 8.6690457383437169e-07
0.083492378016057689 6.3737473109298045e-07
0.82750950980702576 1.3503435125410428e-06
0.93965292079822538 1.6579810684526478e-06
0.6659177800006375 1.1212477416180194e-06
0.96454156669343882 1.7821110517375304e-06
0.93411141904299111 1.6351662386749476e-06
0.19460840080375363 7.3649682946087338e-07
0.73121234859821349 1.1987909409463774e-06
0.34930481943769454 8.5417180520100729e-07
0.487517360565626 9.5863039132656851e-07
0.15696543114884576 7.0504279839886141e-07
0.9747794280576525 1.8525599059368004e-06
0.72613738307640852 1.1921967693546375e-06
0.26690830963096812 7.9275496383844388e-07
0.3714716901680335 8.7038564662472839e-07
0.42248292682878441 9.0856694721659536e-07
0.74753372414384023 1.2199981689558425e-06
0.92569726676958453 1.6039730723274892e-06
0.32144013298457164 8.3379032632792978e-07
0.47250008828041956 9.4692611451402772e-07
0.59320757283470116 1.0489345566622424e-06
0.39334399240031559 8.866867186806525e-07
0.50418132336568522 9.7161807841791259e-07
0.105707629020102 6.5892698265750519e-07
0.16767438772016607 7.1431705240317583e-07
0.40110125722014489 8.9251159630232232e-07
0.91493901177055248 1.5670424869195478e-06
0.34935804574463358 8.5421073730426969e-07
0.24979280860501363 7.7977361404645471e-07
0.74286222084927589 1.2139282372127831e-06
0.94913016607660927 1.7002163503051263e-06
0.45912361706354743 9.3650065781830773e-07
0.0086049555671831035 5.0721202178477875e-07
0.68814933147561796 1.1464493310204415e-06
0.41506080161614489 9.0299372365642721e-07
0.67364553661621518 1.1297204485514659e-06
0.27771651582920354 8.0095250973969887e-07
0.0024081438169624159 4.7914155171623523e-07
0.34449621874560377 8.5065457942565931e-07
0.70479234261294155 1.1656456158510723e-06
0.39311328300918924 8.8651348056120008e-07
0.21917413965322596 7.5584328540707644e-07
0.46400686413410153 9.4030660036048953e-07
0.75234852329838542 1.226426591177025e-06
0.11943308679230602 6.7224281324123125e-07
0.69175203364664783 1.150604738744704e-06
0.66734402380394731 1.1227199249704479e-06
0.37073787968507133 8.698489047927147e-07
0.97033619137949445 1.8191188420469894e-06
0.89470529948035149 1.5068104951444754e-06
0.31616148080206985 8.2992928385336337e-07
0.031091093393843083 5.6773126394908506e-07
0.30830480674507665 8.2415237419683226e-07
0.20472194254104326 7.4446162917153875e-07
0.54725191404759277 1.007788341662585e-06
0.9187444211821546 1.5793809527292094e-06
0.87033751003752147 1.443772810397029e-06
0.30582915566482671 8.2227470245430451e-07
0.42859753355563701 9.1315836400019042e-07
0.036542199079566462 5.7814357135436565e-07
0.54416350764914945 1.0051738284426569e-06
0.063367980050728856 6.1490241633334898e-07
0.93860616622909965 1.653671491668507e-06
0.86693383485227227 1.4354030110367306e-06
0.214187626437503 7.5191621613208834e-07
0.69936867986204543 1.1593898863960824e-06
0.56802038243333308 1.0254082889974192e-06
0.80135771251618304 1.3024449008483059e-06
0.47565210675151992 9.4938275883686812e-07
0.191771970665778 7.3426303258445617e-07
0.6398434001228317 1.0943335016459201e-06
0.080280326995945006 6.3425854160626454e-07
0.58458799116842208 1.0408833773838789e-06
0.21270480546445758 7.5074843808124647e-07
0.68493643712356023 1.1427435331570663e-06
0.82804316172810855 1.3513930473420926e-06
0.10952472928207246 6.6263016409254847e-07
0.40026855214859236 8.9188632370310164e-07
0.73352158777599674 1.2017914577615647e-06
0.16370306151885849 7.1087777354536883e-07
0.56652367003571313 1.02410298886302e-06
0.67183898187572311 1.1276367427199629e-06
0.35479360723938225 8.5818655027294992e-07
0.83198227420260107 1.3591401114186953e-06
0.51065818504671379 9.7680965042315243e-07
0.62699483994050997 1.0810710872121518e-06
0.1408727967047787 6.9110612973848434e-07
0.023160174532669053 5.4947095471381645e-07
0.050748570824986294 5.976102857536619e-07
0.90392014819821587 1.5328821198172475e-06
0.88264238424825114 1.4740310820276043e-06
0.80759143916184251 1.3130439954290817e-06
0.19961209123486079 7.4043742644788123e-07
0.52545865194950325 9.893390948634812e-07
0.79611710054837337 1.2935343814968296e-06
0.6746691812557738 1.1309011347809097e-06
0.11552119367593761 6.6844766798169058e-07
0.89554119981242375 1.5090892376183628e-06
0.16068239277796226 7.0826179046808274e-07
0.17179569341333545 7.1788621766902846e-07
0.90100862917070823 1.5239939613320333e-06
0.48461693909451609 9.5636983860259949e-07
0.37289182595646686 8.7142439750453985e-07
0.5536567422980565 1.0132103962667479e-06
0.98139733283211139 1.9090579867374764e-06
0.11963045524104288 6.7243429135945293e-07
0.75694884879206525 1.2332251425239401e-06
0.33432586224412753 8.4321552546338972e-07
0.11704927084762373 6.6993014070316429e-07
0.42193335535293863 9.0815427771703424e-07
0.54875287772527093 1.0090589935366062e-06
0.20596163772814691 7.4543793639644992e-07
0.4052694590966025 8.9564147086464449e-07
0.63567602547229052 1.0900318951676858e-06
0.57644801972022219 1.0332801813138654e-06
0.72316059405485056 1.18832886965833e-06
0.83640453293740125 1.3678373806649172e-06
0.4091403317693737 8.985480829414067e-07
0.42296727546222745 9.0893064132547979e-07
0.49669213445515314 9.657810969444777e-07
0.56635337838130351 1.0239588272067297e-06
0.10832267423789166 6.6146398358430772e-07
0.31263535419477406 8.2735011702615723e-07
0.17189179537702426 7.17969444640361e-07
0.38585276234413157 8.8106160476143886e-07
0.9733540725740365 1.8414075790922653e-06
0.58273095668097974 1.0391488016047557e-06
0.4293815199205463 9.1374705405251164e-07
0.56593689522370882 1.0236062503172512e-06
0.66907655542717925 1.1245082617242053e-06
0.43495346329040097 9.1793098859620722e-07
0.4477098042528872 9.2760487287911529e-07
0.70140112938170862 1.1617341424661775e-06
0.060862583205701259 6.1146931985290699e-07
0.54008056828834416 1.0017173860067227e-06
0.54732781221770144 1.007852593818395e-06
0.7567522611283809 1.2329346171409939e-06
0.98264475233665804 1.9203875646898262e-06
0.79575478678680811 1.2929183458499312e-06
0.50378861265046804 9.7131200452973509e-07
0.16945317960717854 7.1585753561189005e-07
0.58826097163317059 1.0443141499378771e-06
0.83429888671268593 1.3636962000484314e-06
0.93241406364533252 1.6281780834454986e-06
0.82531037949410058 1.3460184764936205e-06
0.18896860636256352 7.3205527631359354e-07
0.7125758643493314 1.1746232400925218e-06
0.88015494748584333 1.4679143565794738e-06
0.6810169666269752 1.1382227603583885e-06
0.68575204092821518 1.1436842621401762e-06
0.50016228625107872 9.6848569045717957e-07
0.63697622212550509 1.0913739713704384e-06
0.29438071922302111 8.1359157025752761e-07
0.088810086785745201 6.4253373636959517e-07
0.82771490474540044 1.3507474633697895e-06
0.94314430739151567 1.6723554013198754e-06
0.85682233537694419 1.412021598242111e-06
0.33391355378080301 8.4291394459871432e-07
0.0935301513079283 6.4711293369508839e-07
0.28013838763140653 8.027893922807403e-07
0.84283537580990009 1.381154649864241e-06
0.65581450763321603 1.110819041174343e-06
0.96669424410293714 1.7958592819492874e-06
0.34268101843710341 8.493268606730961e-07
0.55147212029164239 1.0113609883911542e-06
0.7900382216382279 1.2831985717675758e-06
0.23399194273181234 7.6751287028038236e-07
0.96408997465966573 1.7792269265013413e-06
0.59239767249181485 1.0481780637011401e-06
0.0078975633196531891 5.0400765900737131e-07
0.025153275628012395 5.5405991129945163e-07
0.88221601640159519 1.4729826231894466e-06
0.6452815277610775 1.0999467922760543e-06
0.76307251906386209 1.2422749558103222e-06
0.78401600095690804 1.2732260998606012e-06
0.42045977625077646 9.0704777714817343e-07
0.79861124614230183 1.2977751329046061e-06
0.93753244481253806 1.6492508901006404e-06
0.17217110776962163 7.1821133693474554e-07
0.76413639954202062 1.2438472023975864e-06
0.30779200761556502 8.2376343875970289e-07
0.32149300305385387 8.3382899786302515e-07
0.41275485103638621 9.0126220098178832e-07
0.86371951990808549 1.4274988575263588e-06
0.022056067310049166 5.4692883574036016e-07
0.43392620681026395 9.1715962866176616e-07
0.68004764956927055 1.137104736331525e-06
0.11041545828252197 6.6349430987645208e-07
0.79225359701741649 1.2869653351357276e-06
0.94190259789735298 1.6672431786780766e-06
0.090934821076978589 6.4459505937441271e-07
0.15294813783087813 7.0156371074055058e-07
0.97409722494620288 1.847222183410246e-06
0.19785564078574158 7.3905415475213474e-07
0.078939675703204482 6.3295790116262575e-07
0.95219253639590018 1.714667859743994e-06
0.89262270980946889 1.5011331609496742e-06
0.65572547273313109 1.1107271384453805e-06
0.55143092728755327 1.0113261161496597e-06
0.91923269630277038 1.5811079751421273e-06
0.65552007511142274 1.1105151249322589e-06
0.65839665931506997 1.1134843643895244e-06
0.84368556420195295 1.3830308775807201e-06
0.65324567729242089 1.1081674683828222e-06
0.50367688703767755 9.712249269650273e-07
0.3897214978984479 8.8396661209042578e-07
0.50313389279124077 9.7080172394604929e-07
0.52247864908719444 9.8681635145676584e-07
0.36083188111825182 8.6260321405630442e-07
0.44811840898034605 9.2792333436441463e-07
0.80187193286352121 1.3033192205621149e-06
0.41651336867588784 9.0408444642492717e-07
0.02555976663542936 5.5499582448009539e-07
0.28301932177384914 8.0497445328327936e-07
0.23174186409169817 7.6574084756398045e-07
0.79358201183196841 1.2892240152258699e-06
0.44929305847180878 9.2883884169122354e-07
0.28031054303513314 8.0291996453281556e-07
0.81070488384162465 1.3183377300614791e-06
0.01921680455661201 5.4039165930652287e-07
0.1742508427312176 7.2001244520958436e-07
0.82695481939579996 1.3492526012796177e-06
0.5506517276604026 1.0106664789571014e-06
0.77364977457948036 1.2579064616311961e-06
0.83817601476207759 1.3713213591740792e-06
0.94196348858853962 1.6674938707857094e-06
0.063424599303337992 6.1498000059200373e-07
0.79923474329847199 1.2988352540335448e-06
0.70876614821983486 1.1702290595357561e-06
0.20702560067655917 7.4627584778336075e-07
0.9317022663401231 1.6252475539479234e-06
0.40420188030639204 8.9483983318062857e-07
0.88761052745480418 1.4874694831399897e-06
0.60511370466492542 1.0600555606260393e-06
0.52674794654095658 9.9043055671106549e-07
0.15952393389597941 7.0725853288145331e-07
0.91432762428731285 1.5651470808522968e-06
0.55666190736224619 1.0157544409210884e-06
0.0060924054968174435 4.9583061076428021e-07
0.018284541070283211 5.3824519685405065e-07
0.77763260501804754 1.2637924532376278e-06
0.16193635337838963 7.09347755196982e-07
0.59873843562814522 1.0541006969272916e-06
0.6810819619339803 1.1382977268662896e-06
0.27936559294849683 8.0220326172686237e-07
0.56931380841141244 1.0266164223890371e-06
0.24025874598907471 7.7244821677588387e-07
0.94631542736795049 1.6869334293076594e-06
0.86017015634916705 1.419409695464572e-06
0.28804279149746914 8.0878453266996462e-07
0.52881449095033972 9.9218000512582865e-07
0.50063285715390571 9.6885244761533823e-07
0.96002325795007404 1.7561805395075337e-06
0.39402878018385401 8.8720092118998653e-07
0.56222755462156682 1.0204660806665196e-06
0.92870659488743712 1.6146170246566609e-06
0.16281105117655814 7.1010526779899901e-07
0.55048560327833806 1.0105258451359568e-06
0.10567292036182963 6.5889330985613032e-07
0.61749893181850057 1.0716240668572392e-06
0.36568320338700466 8.6615168830500697e-07
0.96763607317960065 1.8018743415717668e-06
0.41540918114852632 9.0325531948809576e-07
0.13618763754170682 6.8704865169759508e-07
0.83399996092840412 1.3631083018302476e-06
0.82086669142291413 1.337279062108569e-06
0.69485961954278441 1.1541890723430939e-06
0.74881180188422802 1.2216588430809156e-06
0.26471521768940687 7.9109160069317402e-07
0.64205350042278131 1.096614789642567e-06
0.038019871205393629 5.8016839667674618e-07
0.19689014389003456 7.3829378913588156e-07
0.93227944755308667 1.6276238576479471e-06
0.73923529708265867 1.2092155829958285e-06
0.23067254098925782 7.6489871485140932e-07
0.1113830895192881 6.6443306280040857e-07
0.94891944486850155 1.6992219442697899e-06
0.11218766606013275 6.6521362728775296e-07
0.2570700480472482 7.8529307798598257e-07
0.18263399299945715 7.2706652677438718e-07
0.007463820411767963 5.0204287972989827e-07
0.31413477409804402 8.2844685985625441e-07
0.9741788715987626 1.8478610066130011e-06
0.34190330580935646 8.4875800684736165e-07
0.50430487946777369 9.7171437652007506e-07
0.74593578392178139 1.2179218805609113e-06
0.55108010207921609 1.0110291224814871e-06
0.74359150741230662 1.2148758378842581e-06
0.66163586819051523 1.1168279087193244e-06
0.60856302299901477 1.0632774200353586e-06
0.64964890721174517 1.104454845742152e-06
0.79916436207825103 1.2987155860961719e-06
0.71019139480110416 1.171872959134343e-06
0.79177492070519151 1.2861514503128532e-06
0.14559763828353134 6.9519797385417077e-07
0.67767373271054032 1.134366626994914e-06
0.73702191232553316 1.2063396149081012e-06
0.29996643249683452 8.1782808648542956e-07
0.87457732784328235 1.4541987242774812e-06
0.30471160330270042 8.214270884638274e-07
0.24383211937649729 7.7525269515781838e-07
0.86709681548051121 1.4358037881625525e-06
0.24701983811642669 7.7767043869560622e-07
0.41550246243180011 9.0332536377201303e-07
0.36792283003681892 8.6778985148059348e-07
0.89806182255827238 1.5159606909378907e-06
0.45523573828796426 9.3347049304944655e-07
0.69430893329621557 1.1535539030246201e-06
0.79403890464382898 1.2900008619503822e-06
0.62790358074717623 1.0820090987107059e-06
0.9436944983249147 1.6746205837641246e-06
0.8025075292560081 1.3043999138074403e-06
0.40020662767486315 8.9183982503512574e-07
0.9508118432576832 1.7081522859110611e-06
0.52457483327133414 9.885908916415032e-07
0.022577322944895895 5.4812898533834995e-07
0.26001327965289678 7.875253888563347e-07
0.62172958703726655 1.0756362396408653e-06
0.15681490232443673 7.0491243625356347e-07
0.58406804489320363 1.0403977180051555e-06
0.3615980223075298 8.6316360401401422e-07
0.53438548005827402 9.9689616705261102e-07
0.0018748478732528717 4.7672581465192284e-07
0.84842135466869839 1.3934819980808368e-06
0.36192548777552835 8.6340312691440296e-07
0.14015843427795305 6.9048747202394454e-07
0.43791585700507996 9.2015542997548051e-07
0.48617729348883409 9.57585959573833e-07
0.63740271049618891 1.0918141970021769e-06
0.52456244035227972 9.8858040032445449e-07
0.043523582067062638 5.8771002443366853e-07
0.87151232207776475 1.4466617291474177e-06
0.45650893178696128 9.3446280436039407e-07
0.076987772533008925 6.3106425124860989e-07
0.77282823652918509 1.2566923587104243e-06
0.66015441878306824 1.1152987415811065e-06
0.64943777276922177 1.1042369106242669e-06
0.42691400173556104 9.1189421135723019e-07
0.4104970626209884 8.995668429502179e-07
0.5363386363873428 9.9854962595151443e-07
0.050594412899103269 5.9739904615150806e-07
0.29895776421792086 8.1706305625156106e-07
0.98789417356237352 1.9765379671093259e-06
0.66219248912807582 1.1174024585094712e-06
0.41893416541732209 9.0590220630463978e-07
0.22236310294045303 7.5835471557933535e-07
0.74520936190023346 1.2169780019399583e-06
0.26029030970619138 7.8773550388710462e-07
0.16237010384629535 7.0972339515658549e-07
0.15451490023428727 7.0292057052393419e-07
0.72926327916473244 1.1962584117630031e-06
0.64281025428871741 1.0973959186758581e-06
0.069806099371230612 6.2372444579496743e-07
0.11504281536220251 6.6798356655160744e-07
0.63384686735357709 1.0881438195630241e-06
0.571116101872159 1.0282998669373333e-06
0.68599906037181346 1.143969177865996e-06
0.17803890836326197 7.2329301532139881e-07
0.72658790621716707 1.192782157941702e-06
0.93609646733054974 1.6433388497795797e-06
0.60105031453544122 1.0562601232513469e-06
0.19613001964278387 7.3769516231039974e-07
0.67954385528410655 1.1365236528656633e-06
0.34308168354606439 8.4961992506724272e-07
0.04928774638572142 5.9560854648790955e-07
0.30233869535249847 8.1962734283680463e-07
0.90558510195013198 1.5380437620320213e-06
0.41113932017597521 9.0004910979894372e-07
0.86466533803109236 1.4298246693297909e-06
0.50865934352279163 9.7511751638552387e-07
0.51697798895960001 9.8215972704711051e-07
0.0052163210648943359 4.918621019866917e-07
0.63710407328897212 1.0915059406410553e-06
0.10781384503042024 6.6097034004722578e-07
0.47874841468205431 9.51795983051464e-07
0.26031685565809892 7.8775563781638603e-07
0.39238296582931487 8.8596509033647851e-07
0.53707735566680082 9.9917499420710806e-07
0.014464114601972833 5.2944896908484796e-07
0.28458358327162281 8.0616087637647127e-07
0.98961193429186489 1.998249021252562e-06
0.057399125820559616 6.0672341168163712e-07
0.31939348815736834 8.3229331869511427e-07
0.32142147496464823 8.3377667901703962e-07
0.37938592093276258 8.7620569733854392e-07
0.68478091844234534 1.142564155706889e-06
0.24774379868296459 7.7821953073419644e-07
0.4602693441360528 9.3739362336847857e-07
0.64486356685244917 1.0995153687773366e-06
0.32232205832858862 8.3443540599882264e-07
0.94877258050325464 1.6985288825106585e-06
0.97967263494268131 1.8933935698261403e-06
0.11967356768751114 6.7247611714353597e-07
0.34381988440081013 8.5015987821368838e-07
0.20797206980647531 7.4702122830859404e-07
0.18678959555711516 7.3033922222654891e-07
0.49097983833827952 9.6132900380017517e-07
0.56382710813487891 1.021820194493199e-06
0.4256520405975992 9.1094661328462852e-07
0.27255487309736071 7.9703763224346192e-07
0.27862157425363965 8.0163895648595397e-07
0.99212815634073082 2.0812819980020579e-06
0.92367737399025052 1.5968287392367487e-06
0.075898840989357175 6.3000781814501563e-07
0.65655065199612561 1.1115788968691017e-06
0.45687760748484429 9.3475014565248274e-07
0.68881409719916198 1.1472160812238452e-06
0.59696070554055347 1.0524401959658895e-06
0.88925240008241746 1.4919453814614801e-06
0.066988314288825013 6.1986328979956195e-07
0.34959791205770552 8.5438618626187654e-07
0.98549412577558471 1.9503418139328833e-06
0.18228534899061677 7.2679195632489792e-07
0.12733343950664722 6.7938067013143938e-07
0.72897200600057543 1.1958799451081524e-06
0.77743516001746349 1.2635006608467402e-06
0.67227354767466019 1.1281379770690368e-06
0.77619582875992532 1.2616691258386662e-06
0.6937215720931722 1.1528764322917671e-06
0.13577068228917677 6.8668755686126405e-07
0.60822189747850708 1.0629587894070562e-06
0.77687668255953246 1.2626753197531469e-06
0.86551660632446781 1.4319179785997866e-06
0.24623524268370767 7.7707535779543987e-07
0.12743076093853856 6.7946495319612576e-07
0.78109044358257962 1.2689025901317696e-06
0.25654834503566537 7.8489738934849418e-07
0.031929478320887328 5.6966157849321224e-07
0.8252135636493042 1.3458280684872168e-06
0.50599113381086003 9.7302862235866668e-07
0.32663313242842196 8.3758871855569806e-07
0.011429105231549164 5.2000492429950351e-07
0.035327444707947686 5.7647901710776686e-07
0.79262327056029469 1.2875938844879363e-06
0.48970588496486445 9.6033610025247789e-07
0.14972204929646016 6.9876982841323531e-07
0.35850562724901813 8.6090168785506893e-07
0.1653051475375229 7.1226522456124519e-07
0.11288155318038662 6.6588680580688713e-07
0.27630782067414361 7.9988407683023374e-07
0.54950854746239741 1.0096987113271836e-06
0.21000660781222691 7.486235045576552e-07
0.34367108128476709 8.5005103695430508e-07
0.47793088395645966 9.5115880968646194e-07
0.4200297391831519 9.0672486522626868e-07
0.12862779912128963 6.8050162152938123e-07
0.038865635535888177 5.8132733105956334e-07
0.035458726948938923 5.7665891060463376e-07
0.35017901802786733 8.5481123317829518e-07
0.71880207853732281 1.1826656195171511e-06
0.13125529872927066 6.8277710921096491e-07
0.78698011636442555 1.2779989297432385e-06
0.7156743093138368 1.1786015432450242e-06
0.0039434908856111894 4.8609640457807931e-07
0.026747872981845111 5.5773134474826336e-07
0.19503321553805164 7.3683138726077309e-07
0.056120911050585032 6.0497189888766274e-07
0.53134310527030593 9.9432062223210821e-07
0.039627261458415775 5.8237097222133466e-07
0.80264583799539768 1.3046350776979131e-06
0.49296206894581052 9.6287392988902874e-07
0.72795436667247759 1.194557672411097e-06
0.75070255093584115 1.2241155935021131e-06
0.5067639396702327 9.7363093771452288e-07
0.92536287625346614 1.6027903376526704e-06
0.99024077385530807 2.0061970256369477e-06
0.35921468601454587 8.6142032517308383e-07
0.12586414024923354 6.7810821614109469e-07
0.36323817864786689 8.6436328777343368e-07
0.22335389701427011 7.5913500368783955e-07
0.53100566706175012 9.9403496142735693e-07
0.37838760125240145 8.7545606585109701e-07
0.48044941428679089 9.5312172116513399e-07
0.76318757607600152 1.242444991823193e-06
0.27402097454185215 7.9814960528197375e-07
0.53747472463972545 9.9951138984254774e-07
0.3351612493286884 8.4382656496830084e-07
0.78496086412066135 1.2746224577364539e-06
0.63953663240769631 1.0940168528918734e-06
0.0085047305106107363 5.0675801986184907e-07
0.66005134110521835 1.1151923437541812e-06
0.17016200806658233 7.164714007568475e-07
0.72447379020303926 1.1900351749913538e-06
0.56733866684545808 1.0247929304245811e-06
0.4014826777231747 8.9279800237510008e-07
0.69406642920725847 1.1532741953728136e-06
0.85659328586878014 1.4115161231736671e-06
0.77874371386207319 1.2654344958579811e-06
0.54537927657190755 1.0062030465930048e-06
0.72269432025952973 1.1877230154112682e-06
0.4139145543927536 9.0213301437867171e-07
0.78902612156312868 1.2814777160048903e-06
0.82905189162281812 1.3533769193896422e-06
0.13729383687639873 6.8800665106392092e-07
0.23803135959394628 7.70694065067581e-07
0.2699887373491584 7.9509133188622275e-07
0.16608171898209156 7.1293775701400679e-07
0.39253500689742071 8.8607925694490994e-07
0.19303321144961227 7.3525630778824799e-07
0.5955393109266095 1.0511125325936711e-06
0.10161544289761593 6.5495692511709659e-07
0.2699191530267564 7.9503855525831276e-07
0.66552064594635674 1.1208378158100771e-06
0.39854512313334922 8.9059221252647091e-07
0.42146274185340771 9.0780089722719106e-07
0.79792525295838923 1.2966087508908679e-06
0.9845115532909865 1.939707673162447e-06
0.56506778325421292 1.0228704971679927e-06
0.079067171463607755 6.3308159189657787e-07
0.10290297422363592 6.5620603092420805e-07
0.96850072202941606 1.8073964840846868e-06
0.67923491274847159 1.1361673141682115e-06
0.75246911833381935 1.2266048115098488e-06
0.67576375768554142 1.1321636347420851e-06
0.17961760169515328 7.2466020762042155e-07
0.44836216082476199 9.2811331154578479e-07
0.79808043761936565 1.296872608610763e-06
0.86636296294207327 1.4339992098251746e-06
0.23733551474637204 7.7014606072008404e-07
0.59596179083382061 1.051507152843952e-06
0.15710190273845337 7.0516098658815551e-07
0.95827687312175158 1.7465278913769222e-06
0.25220428899248759 7.8160261515947208e-07
0.72663512860389667 1.1928435164907856e-06
0.23111294422685436 7.6524554919198981e-07
0.61605394287854165 1.0702743650432434e-06
0.65926430702265648 1.114379959173472e-06
0.32842810345475271 8.3890164070583567e-07
0.81883386542605119 1.3332810972481446e-06
0.88537089824745052 1.4813640444833216e-06
0.85506993025399503 1.408154324714372e-06
0.33079821946471732 8.4063524964003643e-07
0.74434025901265399 1.2158487305100439e-06
0.55949075486922417 1.0181492226466676e-06
0.59262832449201164 1.0483935057813238e-06
0.47742508525846183 9.5076459641920822e-07
0.60026114796887164 1.0555229968159889e-06
0.13565415803574998 6.8658664361946077e-07
0.4088472331174553 8.9832799714852052e-07
0.17767176198794599 7.2297505635697816e-07
0.28010553097142576 8.0276447195877252e-07
0.12781453592213377 6.7979731299744348e-07
0.21249560522202005 7.5058368491428266e-07
0.78192925578771588 1.2701422215132605e-06
0.54983646217767024 1.0099763099484408e-06
0.023643118512234995 5.5058289477581332e-07
0.78852448380211559 1.2806247902388934e-06
0.90946839592949058 1.5500826394561942e-06
0.88042927578263763 1.4685889429245434e-06
0.82301688287332175 1.3415078499512965e-06
0.9922164428009369 2.0826695540731581e-06
0.58640195553793295 1.0425777232244237e-06
0.96258762851490487 1.770354372409293e-06
0.94884423250142746 1.6988670125928976e-06
0.31323873050343931 8.2779145346495995e-07
0.8634337560558708 1.4267961506059604e-06
0.79247266555877716 1.2873378134815933e-06
0.7757987774010856 1.2610823469131005e-06
0.89628077129192196 1.5111053786320056e-06
0.38419000992030772 8.7981305522640805e-07
0.40005496588738187 8.9172594322594684e-07
0.64005230920363643 1.0945491397228167e-06
0.73780453781434208 1.2073565216719208e-06
0.87973710265761451 1.4668868562494864e-06
0.87584532065928189 1.4573167789926342e-06
0.72133962438625987 1.1859627872866471e-06
0.95689277782152271 1.7388776961303361e-06
0.17862861894624227 7.238037210749584e-07
0.95033984718008624 1.7059249080764691e-06
0.064191482033621572 6.16030845055017e-07
0.55562188119191824 1.0148739990942729e-06
0.090196957008122247 6.4387921636955442e-07
0.56800097519813642 1.0253901615364918e-06
0.39010971245571946 8.8425811977252482e-07
0.081609431502386864 6.355479798697874e-07
0.64811680502418834 1.1028733942893876e-06
0.73119799962284182 1.1987722965624186e-06
0.1741854136199813 7.1995578178090751e-07
0.69443671930876893 1.1537012932218691e-06
0.17904754914773291 7.2416652627197519e-07
0.1373964493152765 6.8809551628770031e-07
0.14736326652474574 6.9672705697979174e-07
0.59907846895433492 1.0544183073840128e-06
0.77879080812660317 1.2655040937105661e-06
0.5968937014738136 1.0523776103585378e-06
0.80935145301824507 1.3160365156963085e-06
0.5914773410703692 1.0473184218349277e-06
0.79732124734848675 1.2955817708914908e-06
0.97652250113330064 1.8661981322438411e-06
0.3909598079682246 8.8489645073609019e-07
0.14994217692689471 6.9896046505877779e-07
0.13539681170495765 6.8636377454506008e-07
0.59747759665659805 1.0529230016522664e-06
0.54710306585534196 1.0076623331273746e-06
0.18423537854203076 7.2832767894416826e-07
0.88210496266767346 1.4727095367694599e-06
0.95674836845418842 1.7380795142021405e-06
0.25321564310330169 7.8236968247793013e-07
0.20688293090106702 7.4616348989568118e-07
0.21392185230754723 7.5170690887174757e-07
0.38742152969135946 8.8223958153891275e-07
0.85322717529894632 1.4040876637793841e-06
0.59596060994111788 1.0515060498230368e-06
0.067553431732669922 6.2063765922185557e-07
0.47297908517206722 9.4729943878395609e-07
0.09033168302809258 6.4400992158076993e-07
0.4062141140084401 8.9635080584082034e-07
0.40352014230331701 8.9432792073079156e-07
0.64835266570964567 1.1031168520865867e-06
0.549453966963101 1.0096525058028611e-06
0.87475478233908599 1.4546350933328763e-06
0.016275182665472343 5.3361880910773836e-07
0.7739988220946491 1.2584222984904896e-06
0.022658340955841738 5.4831552285807422e-07
0.30428982847636599 8.2110719093083669e-07
0.87966313817956343 1.4667049740758409e-06
0.69041417167712171 1.1490616297952966e-06
0.1719966783661433 7.1806027622375038e-07
0.49078454411194294 9.611767938887131e-07
0.72190418097798581 1.1866963455784411e-06
0.93734332133952936 1.6484722528224721e-06
0.63432119921820374 1.088633429735569e-06
0.024675411432927286 5.5295966703678045e-07
0.49970185969628356 9.6812683967876789e-07
0.15296163917082772 7.0157540327616378e-07
0.047779550474921328 5.9354189501771998e-07
0.59851063468158427 1.0538879178932791e-06
0.77692190251042448 1.2627421476674907e-06
0.036060555496404301 5.7748358453692258e-07
0.78358927096551945 1.2725954606239409e-06
0.70638787981150875 1.167485931060192e-06
0.75198688816836134 1.2258921518197026e-06
0.24472837271570047 7.7593246363674238e-07
0.39359545549342911 8.8687554061438458e-07
0.11975082720721897 6.7255107090409426e-07
0.23889095023446649 7.7137102547005433e-07
0.30278967147743008 8.1996938826198359e-07
0.31943663953678614 8.32324881545442e-07
0.17503988809681181 7.2069578042461791e-07
0.18871179807114336 7.3185302999293427e-07
0.90147039979216015 1.5252874795614925e-06
0.78389361481560582 1.2730452325574208e-06
0.34447770349143736 8.5064103654003395e-07
0.94764353948096069 1.6932008701250345e-06
0.23892271279232391 7.7139603969535779e-07
0.40682045345005069 8.9680610202144649e-07
0.81352531143457063 1.323133252950934e-06
0.44288637020362664 9.2388775467637519e-07
0.23462532290814597 7.6801168131772673e-07
0.36853546762148837 8.6823796203119301e-07
0.50072107237468155 9.6892120147046104e-07
0.62064438366033736 1.0745620976887306e-06
0.40560649958152328 8.9589455228236204e-07
0.43130433111997424 9.151908799610476e-07
0.2639436128014252 7.9050637254607465e-07
0.53534729841741169 9.9771040147992032e-07
0.21945623376954637 7.5606544527890112e-07
0.86752621810807584 1.4368597096714778e-06
0.74736707026630145 1.2197816267428564e-06
0.41027898841418409 8.9940309250510863e-07
0.74722784703284773 1.2196007266191006e-06
0.0069959418093730186 4.9992347174501438e-07
0.34448922264239656 8.5064946216263352e-07
0.44030114814678856 9.2194652894080005e-07
0.4697985075456973 9.448205358077159e-07
0.74873147771033888 1.2215544736259286e-06
0.96280742756171378 1.7715692494649578e-06
0.37999713044280303 8.766646504205742e-07
0.35059984952787471 8.5511904817348467e-07
0.61051522658039614 1.0651008891583504e-06
0.2812536141915789 8.036352422534031e-07
0.14135033381518924 6.9151969014737561e-07
0.96154087049219872 1.7645687135400603e-06
0.80952995680902207 1.3163400225179927e-06
0.95849955302412781 1.7477586915468146e-06
0.21783287868391665 7.5478699125634456e-07
0.017809214969670584 5.3715079635182492e-07
0.43726157573810642 9.1966413460284741e-07
0.93360896299158125 1.6330975847630611e-06
0.13832533887175891 6.8889996045846521e-07
0.11718552283459838 6.7006232633991038e-07
0.068952784245842058 6.2255516470503027e-07
0.76501799893197475 1.245150066451064e-06
0.78592653383353894 1.2762075420985307e-06
0.69537605566346405 1.1547847370811389e-06
0.05329184512233609 6.0109528496899933e-07
0.7232883358152038 1.1884948512957581e-06
0.44862880846168718 9.2832113342546504e-07
0.15789442193660497 7.0584733023872537e-07
0.29512601048460207 8.1415684068395709e-07
0.50114683993296094 9.6925303945443443e-07
0.32965147226968106 8.3979646741409205e-07
0.96974922674159236 1.815370149868388e-06
0.47474174170719929 9.4867323154876756e-07
0.37215051025214363 8.7088216601769504e-07
0.67316542896803666 1.1291666855882768e-06
0.65054505685591479 1.1053798605147803e-06
0.0024392804052674188 4.7928259499869745e-07
0.61847369830074295 1.0725345541647353e-06
0.2437689747690337 7.7520480276859066e-07
0.37523364158792161 8.731373062751961e-07
0.7063488907348443 1.1674409605068012e-06
0.55738622101069579 1.0163676139834807e-06
0.36865514415509693 8.6832549880450106e-07
0.16741035183712405 7.1408838999061709e-07
0.50548218724775318 9.7263195568416947e-07
0.31936602350720322 8.3227322982068762e-07
0.91292780840807508 1.5608074115210202e-06
0.53434664028905066 9.9686328695945196e-07
0.86596399417041248 1.4330181266171478e-06
0.39018102848351133 8.8431167049484769e-07
0.82743716378796051 1.3502012294127963e-06
0.056536902172078629 6.0554192341608397e-07
0.29811902556801495 8.1642691011818304e-07
0.078175933044699386 6.3221695189747157e-07
0.03165018071487391 5.6901851799243697e-07
0.91886224532311889 1.5797976951017709e-06
0.71686874439967985 1.1801535360373698e-06
0.62511006446847062 1.0791256028100022e-06
0.53249280941183297 9.9529391275454178e-07
0.56955403621684197 1.0268408088156693e-06
0.63869038138645351 1.0931433439850806e-06
0.82657979474010324 1.3485150391874455e-06
0.59688855579552824 1.0523728040024999e-06
0.7485807631108824 1.221358642161473e-06
0.2809780518297349 8.03426240401621e-07
0.97676173781647213 1.8680699780497466e-06
0.031897208437028923 5.6958727965488652e-07
0.38657659527731547 8.8160512600923141e-07
0.8820495515037039 1.4725732780786319e-06
0.18052296268619017 7.2540400991678432e-07
0.14133809293365796 6.9150908920378216e-07
0.3654307668999135 8.6596704495949154e-07
0.42819470051682751 9.128558793992995e-07
0.9333940606617277 1.632212813758557e-06
0.83611953470882105 1.3672768738114507e-06
0.46408963769051415 9.403711130495193e-07
0.97297510088160299 1.8384424126987403e-06
0.64227840415906434 1.0968469375654442e-06
0.87365873198189126 1.4519398533116603e-06
0.24605698048682545 7.7694015381111557e-07
0.48896407429998279 9.597579421689473e-07
0.029717213356433292 5.645680145483024e-07
0.0088801932664488437 5.0845880027513687e-07
0.7054532209394645 1.1664078822756785e-06
0.11829362246560071 6.7113735547199503e-07
0.54780823711081761 1.0082593010557805e-06
0.69600748221001996 1.1555130334054818e-06
0.032234586229639262 5.7036406516108265e-07
0.44874139914568201 9.2840888521600073e-07
0.68415193698583976 1.1418386795840502e-06
0.88973098785485005 1.4932500564839455e-06
0.29923010060165645 8.1726961134176824e-07
0.97421652968433026 1.8481556526037153e-06
0.84454149965969738 1.3849197881378962e-06
0.65063507208185434 1.1054727751460557e-06
0.39192550724613118 8.8562158778423657e-07
0.71111037619949857 1.172932925298643e-06
0.81619326907035339 1.3280878286373846e-06
0.3032998748865573 8.2035635496011892e-07
0.9928300649070293 2.0923135592431696e-06
0.90861936975463897 1.5474505126835925e-06
0.48550144034292264 9.5705920796714037e-07
0.72282991577539524 1.1878992018493526e-06
0.52400889461878186 9.8811179210022783e-07
0.76093055219702621 1.2391094685534792e-06
0.82698220387798138 1.3493064584211789e-06
0.023222555157042524 5.4961458113482621e-07
0.079132029700649253 6.3314451448252993e-07
0.33646741587672702 8.447819536445149e-07
0.91761363263234952 1.5753813691188032e-06
0.39827358314338968 8.9038831498685611e-07
0.88751221520192425 1.4872014747450345e-06
0.46243391263175293 9.3908066135861583e-07
0.28885292031157339 8.0939897950949967e-07
0.90064518306249519 1.5230031732536254e-06
0.56067076891867751 1.0191481722452541e-06
0.36048429503004131 8.6234897403370966e-07
0.044407003627816799 5.8892055978537977e-07
0.11093313244822389 6.6399653439984957e-07
0.13931032764153051 6.8975298810699665e-07
0.36483629041060628 8.6553221824691613e-07
0.60733295574434398 1.0621284672931922e-06
0.30759011442192985 8.2361031171053122e-07
0.065527633764800197 6.1786174773805897e-07
0.26480873731733379 7.9116253119066253e-07
0.40868165089961017 8.9820366258244927e-07
0.9922699286723291 2.0835101659336297e-06
0.39298690475093867 8.864185839829026e-07
0.089195418747443966 6.4290756835433712e-07
0.58111481447393343 1.0376392329096575e-06
0.91964007262628966 1.5825488596179173e-06
0.78669569886175006 1.2775153397203451e-06
0.83621830918723661 1.3674711338683475e-06
0.92823179610233042 1.6129376678578316e-06
0.636543503385538 1.0909273146881903e-06
0.99492273065349868 2.1752683147486587e-06
0.033281569879650807 5.7277466165666328e-07
0.83483967614356225 1.3647597722109623e-06
0.85701066952226168 1.4124372211166494e-06
0.91670039076196497 1.5725030639162527e-06
0.47816945763584906 9.5134475106987219e-07
0.78775592362059998 1.279318021027161e-06
0.1950803991211798 7.3686854613142492e-07
0.60313022517821435 1.0582028780295114e-06
0.35864515236346139 8.6100374276880619e-07
0.59617365066197547 1.0517050419671598e-06
0.67556050715830029 1.1319292027044747e-06
0.34706866674617887 8.5253618303401203e-07
0.21623829930287197 7.5353119919826167e-07
0.32168790885933474 8.3397156069298311e-07
0.66395724510744258 1.1192240575712118e-06
0.67687423367281052 1.1334444734781349e-06
0.74131693602409887 1.2119203667648858e-06
0.12653660857270599 6.7869059239784801e-07
0.81851739025446157 1.3326586845983826e-06
0.68814780154095545 1.1464475663721269e-06
0.030505076690639177 5.6638200714733899e-07
0.33559784943505078 8.4414591382796877e-07
0.46671125590647711 9.4241436995488004e-07
0.36061749038681479 8.6244639907937234e-07
0.11741688820841312 6.7028678676751783e-07
0.20734628450500703 7.4652839852477096e-07
0.024561394910132539 5.5269715307079423e-07
0.093077161352562832 6.466734629246494e-07
0.26630011772454476 7.922936772032489e-07
0.81997026563573061 1.3355160588792375e-06
0.52663750993720027 9.9033706578945922e-07
0.42449789069110599 9.1007996993564811e-07
0.66216294395854902 1.1173719616851407e-06
0.54151056032500522 1.0029279563144798e-06
0.13151392675562623 6.8300108826934302e-07
0.22262336382418957 7.5855968094807857e-07
0.22252236099060763 7.5848013736576213e-07
0.59995251261234217 1.055234713847828e-06
0.46162436618934644 9.3844971084546127e-07
0.38758506256085368 8.8236237726318533e-07
0.55663917288178799 1.0157351948789431e-06
0.97011578578255719 1.8177112057363732e-06
0.31419345605587679 8.2848978246677114e-07
0.52019543363351728 9.8488347857106271e-07
0.48037001564411563 9.5305983884224862e-07
0.71664303174584476 1.1798602556272032e-06
0.73029026798291607 1.1975928327478954e-06
0.72907072141304052 1.1960082112738531e-06
0.20151957993874481 7.4193964652779393e-07
0.44909313636118775 9.2868302486382531e-07
0.81117469102913753 1.3191365348692974e-06
0.38153017054064375 8.7781579984842527e-07
0.98425511728992887 1.936932329280342e-06
0.36478674179219917 8.6549597616965628e-07
0.49766682734196821 9.6654076055966943e-07
0.47452559480254686 9.4850476931700011e-07
0.43366380246924252 9.1696259101907317e-07
0.8456313683196216 1.3873249512831307e-06
0.15527523754801353 7.0357904376822206e-07
0.56766470641398303 1.0250760673760378e-06
0.61860157735542365 1.0726540004714174e-06
0.8512213080693708 1.3996610405428336e-06
0.60920015992610843 1.0638725421449343e-06
0.96002034778778067 1.7561644544086682e-06
0.87216771226092893 1.4482733648168749e-06
0.34873994835273148 8.5375863320628361e-07
0.85990644529083449 1.4188277279837049e-06
0.95847781409345567 1.7476385357569162e-06
0.25719718092458632 7.8538950264502614e-07
0.61020880666440847 1.0648146755375978e-06
0.28180391234213553 8.0405261903784112e-07
0.64956727908221756 1.1043705883570532e-06
0.093642804547021896 6.4722222487293994e-07
0.73418802186905752 1.2026573908886661e-06
0.41981982859534284 9.065672447873796e-07
0.58730717867643678 1.0434232530954996e-06
0.02586240252349814 5.5569261951715972e-07
0.6954414552103283 1.1548601698450206e-06
0.49599135413524342 9.6523491740579508e-07
0.62525100768784203 1.0792710858338123e-06
0.31566797237617406 8.295683097016175e-07
0.1458201734214144 6.95390695468071e-07
0.43542894199614202 9.1828802233644659e-07
0.9439791212863633 1.6759082606082842e-06
0.22779402665380533 7.626317750649619e-07
0.67583901203525165 1.1322504341751841e-06
0.049843544034541387 5.9637014517667163e-07
0.71809978526692841 1.1817530926609967e-06
0.23843718680149306 7.7101366946623906e-07
0.45151706022933247 9.3057220123264151e-07
0.36775310059477406 8.6766570376972665e-07
0.11284034331735548 6.6584682582489973e-07
0.3455819525117757 8.5144873369881963e-07
0.35012495829318557 8.5477169146867812e-07
0.5221056390297516 9.8650057704092405e-07
0.97235153293998733 1.8335634659555534e-06
0.47001752251063034 9.4499123337029466e-07
0.91442615563263385 1.5654525449235375e-06
0.46155765856255537 9.38397719743839e-07
0.10754330087493946 6.6070787010271899e-07
0.23015289527594018 7.6448947403997136e-07
0.40751767605760025 8.9732964175592304e-07
0.32536877297018474 8.3666390945621684e-07
0.86582928753249166 1.4326868765798986e-06
0.67864560219655135 1.1354875950287472e-06
0.57830845191867342 1.0350179307482224e-06
0.49122955123669054 9.6152362695351216e-07
0.39727061828906685 8.8963519546973801e-07
0.61219243983201133 1.0666675016808151e-06
0.124607165444381 6.7701964102739541e-07
0.16253318821690566 7.0986463075382607e-07
0.30311635339669996 8.2021716203491194e-07
0.17118461646107441 7.1735700804587722e-07
0.67709871902481666 1.1337033980634676e-06
0.024768321406245297 5.5317358485305435e-07
0.1601774916667501 7.0782453207402207e-07
0.90260810949880332 1.5288145747995489e-06
0.9975431482220869 2.2830291391490133e-06
0.48759047782809306 9.586873780191874e-07
0.49537007302175828 9.6475069856814391e-07
0.7733987622374382 1.257535505206824e-06
0.036189577620575064 5.7766038103974771e-07
0.42702148190097811 9.1197491748559528e-07
0.099827881814959829 6.5322271260996151e-07
0.40092638265648595 8.923802841767065e-07
0.98382184112887483 1.9322430877624432e-06
0.75363328080336112 1.2283252589730129e-06
0.98504587568521795 1.9454905132542671e-06
0.74604862567060171 1.2180685018239005e-06
0.60811007180658838 1.062854337872469e-06
0.7542208329272434 1.2291935678108747e-06
0.6590916729709847 1.114201764550404e-06
0.46406602990190837 9.4035271343023251e-07
0.29254633400521002 8.1220027028158473e-07
0.5201780593343549 9.8486877022993566e-07
0.25849347390143051 7.8637268347857553e-07
0.4866763464421453 9.5797491529087253e-07
0.14613540592108598 6.9566369557344065e-07
0.56539509897004081 1.0231475887018509e-06
0.24528369081210477 7.763536478278633e-07
0.29360810394156966 8.1300557577171339e-07
0.49902814178238841 9.6760175224557524e-07
0.16252625302158075 7.0985862468193809e-07
0.96237988363591909 1.7692061213564524e-06
0.44694431539287616 9.2700826030232192e-07
0.35227922962675107 8.5634742194552396e-07
0.02919660509258093 5.6336935547048496e-07
0.8432543631122329 1.3820792867998163e-06
0.62583391530638433 1.0798727690032889e-06
0.41640515484129725 9.0400318938934809e-07
0.24553279933847572 7.7654258561660134e-07
0.74513741867538519 1.2168845222961114e-06
0.94547457574166716 1.6829653999882221e-06
0.38080970565202021 8.7727480764248501e-07
0.13487606837923127 6.8591279635295758e-07
0.10919474727273737 6.6231003017753372e-07
0.0063619723338859124 4.970517012437728e-07
0.74395544077172193 1.2153487157805968e-06
0.98139538590167053 1.9090403039129601e-06
0.99281775275356821 2.0921200550156429e-06
0.78419725434292553 1.273493963613576e-06
0.16218377829604358 7.0956203205187777e-07
0.97770945591312153 1.8755631689315356e-06
0.32781344300195092 8.384520505389421e-07
0.33361960949254366 8.4269894058956825e-07
0.6873369528924389 1.1455123220534741e-06
0.049049187074451384 5.9528165331187508e-07
0.82576972990755926 1.3469218823013302e-06
0.99729727648774402 2.224598822114349e-06
0.77506977808991739 1.2600050015696784e-06
0.78167649120733318 1.2697686755585721e-06
0.39031367056655097 8.8441127053676125e-07
0.065921389015656917 6.1840130288620032e-07
0.79266743423442332 1.2876689751978332e-06
0.59715808690480054 1.0526245613807423e-06
0.90933868912208438 1.549680526105069e-06
0.11596290016683253 6.6887619203517611e-07
0.3051230630941083 8.2173916249949266e-07
0.36065615372338644 8.624746791742811e-07
0.68327970854469144 1.1408326389429962e-06
0.78774516310315501 1.2792997251106699e-06
0.96102040858442028 1.7616920075702782e-06
0.29540715832415443 8.143700788733011e-07
0.49363640856424729 9.6339950187107402e-07
0.028960930081298408 5.6282673252094095e-07
0.2529878781088879 7.8219693281326226e-07
0.37400350811964034 8.7223753159669688e-07
0.59380620652544824 1.0494937145602559e-06
0.47084549359917405 9.456365438254192e-07
0.36447505977699735 8.6526799799309791e-07
0.62407796652934155 1.0780602608253179e-06
0.82861567711700035 1.3525190150394626e-06
0.24168113298478922 7.7356840076545015e-07
0.3428758792604123 8.494693906010801e-07
0.70492364968701993 1.1657970672905678e-06
0.77794059875853028 1.2642476191301451e-06
0.82539687173464726 1.3461885810372158e-06
0.20933121889702866 7.4809161003681453e-07
0.53926696124441564 1.0010286209616658e-06
0.90001109852528438 1.521274599509199e-06
0.39195045509149173 8.8564032095237322e-07
0.42988309022155569 9.1412367979494793e-07
0.98482294390068581 1.9430777772820313e-06
0.11305264603250542 6.6605279250625341e-07
0.70560198946163599 1.1665794739967843e-06
0.85018412704089186 1.3973721504440879e-06
0.15079351663401741 6.9969774890480264e-07
0.71445323600723742 1.1770149380010646e-06
0.46973822201044224 9.4477355000503383e-07
0.85289088467464325 1.4033455249828453e-06
0.9074523168359061 1.543832448454917e-06
0.87248490315457339 1.4490533523286748e-06
0.064385137579012763 6.1629620747559326e-07
0.75685527681497422 1.2330868579847787e-06
0.92152757498582938 1.5892249296074127e-06
0.62134844067093098 1.0752428164869448e-06
0.60087606047849018 1.0560973600562393e-06
0.045005387398110996 5.8974051340663049e-07
0.85603302220593847 1.4102797122527633e-06
0.046403560829161528 5.9165640321654759e-07
0.31350960638467396 8.2798958420868464e-07
0.92586306528721551 1.6045594994131374e-06
0.94974514272951216 1.7031184620608878e-06
0.99190054047592258 2.0777046683146283e-06
0.47640228561288622 9.4996743898953454e-07
0.17742954638101083 7.2276529090993708e-07
0.48794448682908387 9.5896328826860121e-07
0.10231292508304923 6.5563359140907308e-07
0.8725361089699698 1.4491792698671069e-06
0.56053723326650484 1.0190351266538083e-06
0.40450589916675528 8.9506811888408543e-07
0.079530702480804405 6.3353128913784524e-07
0.40524067681663045 8.956198584455247e-07
0.86619160839010889 1.4335778408221535e-06
0.70340593247721273 1.1640465107589751e-06
0.082455517510966581 6.363688150023193e-07
0.15990719972617584 7.0759045174177766e-07
0.39230849070750462 8.8590916747185036e-07
0.10137508268591866 6.5472373829658042e-07
0.93404119199327096 1.6348771079923413e-06
0.65229204463087587 1.1071831190553083e-06
0.094823001303945054 6.4836719944001618e-07
0.7880574623804607 1.2798307220192328e-06
0.36840592857194288 8.681432113722904e-07
0.24487064455322083 7.7604037052685319e-07
0.56998494193969107 1.0272432992567428e-06
0.013372133120541307 5.2693476866505258e-07
0.46539766010425498 9.4139056958707651e-07
0.84380499309516954 1.3832944377536133e-06
0.92805759598556836 1.6123215244311469e-06
0.34255470441643976 8.4923446894466731e-07
0.64243658816504434 1.0970102167044553e-06
0.22682343836883356 7.6186739978554669e-07
0.56021307098470907 1.0187607046827929e-06
0.25402772615318903 7.8298561151878879e-07
0.57135650862745291 1.0285244205133118e-06
0.17172211729323095 7.1782249870425751e-07
0.94123255676074336 1.6644845628459394e-06
0.88691747640729168 1.4855801611742668e-06
0.33691824944883986 8.4511171349811127e-07
0.77666288892494262 1.2623593666745228e-06
0.095504130732194548 6.4902800101200657e-07
0.74036090870542393 1.2106781498160914e-06
0.28245912961270414 8.0454957232983688e-07
0.13564176867586231 6.8657591408948416e-07
0.6781912179036137 1.1349635017479203e-06
0.46980681781938927 9.4482701273254171e-07
0.53013960173044394 9.9330178743213303e-07
0.52052978413792084 9.8516652545708557e-07
0.059447982106019537 6.0953091952874865e-07
0.051380249092677022 5.984758621759699e-07
0.60116750394809693 1.0563695848246979e-06
0.62386464235541661 1.0778400654444202e-06
0.047174556515114596 5.9271288358257613e-07
0.37843933188781775 8.7549491003491563e-07
0.6128512795604274 1.0672828954405768e-06
0.65668065575307633 1.1117130880685952e-06
0.8282757592765515 1.3518504976239815e-06
0.42073228359688086 9.0725240106896659e-07
0.54825778114696877 1.0086398658758927e-06
0.57856037560881723 1.0352532417960599e-06
0.312045283300319 8.2691851276284751e-07
0.053825402441611603 6.0182640816752742e-07
0.0042259262051046464 4.8737578702532865e-07
0.83612541611852487 1.3672884407971946e-06
0.20023182252238636 7.4092548846490673e-07
0.63025466415913556 1.0844359109087503e-06
0.57704747864391959 1.0338401100263671e-06
0.39963307674051896 8.9140914952256501e-07
0.83349330870063376 1.3621118674053595e-06
0.69840159569337901 1.158274437815069e-06
0.022741463439172938 5.4850690575791214e-07
0.77669407335668472 1.2624054523179654e-06
0.50699881800176227 9.7381399898938558e-07
0.34701928908284685 8.5250006600094594e-07
0.72688465651167788 1.193167741322219e-06
0.68606562964626938 1.1440459598102534e-06
0.31058823786894907 8.258527645181458e-07
0.98303887149788138 1.923967117312917e-06
0.6487084867117533 1.1034841341421033e-06
0.60577971245389362 1.0606776497618434e-06
0.069880363481772068 6.2382620845864648e-07
0.27931878034473745 8.0216775643939501e-07
0.44697400232644147 9.2703139793221666e-07
0.63062570430967635 1.0848189023239913e-06
0.51276363073037778 9.7859203099863462e-07
0.76303293347139123 1.2422164545839677e-06
0.26256771246790189 7.8946281305685509e-07
0.70215699528248432 1.1626059689046343e-06
0.81659704689116253 1.3288819396638594e-06
0.76504997558295329 1.2451973228688716e-06
0.77084658458803346 1.2537637914835743e-06
0.88850705726216539 1.4899135072332393e-06
0.084178542480489504 6.3804041743383603e-07
0.69719157137410304 1.1568787786225616e-06
0.96867820111646097 1.808529967130358e-06
0.57365064987453818 1.0306672788543878e-06
0.21731631198439261 7.543801752856606e-07
0.99875380577421291 2.3765364050423329e-06
0.17467729282147892 7.2038176283926251e-07
0.3355576973748593 8.4411654481397037e-07
0.17206218841716781 7.1811700974853332e-07
0.46451286875006825 9.4070097411766853e-07
0.41887600961095828 9.0585853750346741e-07
0.49124089651057279 9.6153246932005581e-07
0.92798340005542956 1.6120590944426288e-06
0.4783243858342251 9.5146550019697213e-07
0.51462632621364413 9.8016890960118982e-07
0.88668210591846808 1.4849385192112204e-06
0.81775799401483229 1.3311651777828158e-06
0.23972203122544422 7.7202553343654379e-07
0.012925955228850206 5.2590747959315127e-07
0.62949959220205109 1.0836565179588733e-06
0.84484982383752005 1.3856002095286127e-06
0.55285011261040007 1.0125275379541156e-06
0.21117692001284516 7.4954517003538834e-07
0.7413550906753068 1.2119699431247662e-06
0.66953928261126994 1.1249858934275325e-06
0.56503253740855286 1.0228406595373386e-06
0.86333617402098373 1.4265561917354095e-06
0.78424235293903277 1.2735606121847976e-06
0.66795209142278034 1.1233475785479915e-06
0.66475866902321834 1.1200512954840462e-06
0.66220263429827486 1.1174129304572826e-06
0.52516474491656395 9.8909028569657978e-07
0.463921644643847 9.4024018134078875e-07
0.70960045949871964 1.171191365984675e-06
0.61049448147023111 1.0650815120461477e-06
0.4899805623005431 9.6055018038033714e-07
0.12666135391104161 6.7879862532765527e-07
0.70192878865316555 1.1623427521453294e-06
0.64599857057796539 1.1006869311608306e-06
0.34224842597350358 8.4901044318272377e-07
0.35632316621507676 8.5930533816961947e-07
0.24672238413525227 7.774448330197461e-07
0.96191525636501884 1.7666380255478128e-06
0.86020136286872262 1.4194785631855057e-06
0.56104902941221679 1.019468391456506e-06
0.40165314655851425 8.92926006269156e-07
0.73682526369642332 1.2060840989251729e-06
0.52772817612599721 9.9126037729748336e-07
0.97585103391511396 1.860944409948817e-06
0.055122613922154562 6.0360395178385294e-07
0.034285734053475125 5.7505158129511043e-07
0.56861101797337332 1.0259599761679974e-06
0.20327922268890675 7.4332543228232241e-07
0.60430416355019245 1.0592994032044534e-06
0.78142302854717738 1.2693940979527132e-06
0.13810976118487284 6.8871326419048343e-07
0.44060822418952794 9.2217711026180011e-07
0.68866708344935523 1.147046513482045e-06
0.83386357067297123 1.3628400627141762e-06
0.49634409003635727 9.6550983541686589e-07
0.20615358690602159 7.4558910369235009e-07
0.58579925558563295 1.0420147672069628e-06
0.45451706872499953 9.3291037085535327e-07
0.77192542700448585 1.2553581494422793e-06
0.55557606420294803 1.0148352123842661e-06
0.27942284497043079 8.0224668485084202e-07
0.75439291972118816 1.2294478847948287e-06
0.51774701296195969 9.8281074998943598e-07
0.1775465522783275 7.2286662126873458e-07
0.56307232314199451 1.0211812256893868e-06
0.94832005984587286 1.6963934103536043e-06
0.70551626093773612 1.166480593502785e-06
0.29880336145797892 8.1694594859385267e-07
0.71087317529285809 1.1726593344124516e-06
0.28260631100217892 8.0466120289774997e-07
0.54268883754126185 1.0039254355841106e-06
0.5265957637875528 9.9030172527851193e-07
0.24739087891180367 7.7795185671220898e-07
0.34788119987981803 8.5313050613629422e-07
0.94218145478604565 1.6683912559915689e-06
0.25059853641543361 7.8038472291953614e-07
0.80102704363098587 1.3018826704220543e-06
0.66737058001214 1.1227473365585048e-06
0.53262913252576449 9.9540931809230283e-07
0.13751486946516345 6.8819807142852723e-07
0.20457075270637781 7.4434256141242133e-07
0.17897762359040392 7.2410596879602105e-07
0.58679425897375237 1.0429441569349665e-06
0.97338319671847806 1.8416354534587749e-06
0.87723926277499475 1.460744549033368e-06
0.025251882929577252 5.5428694676040488e-07
0.27372662446234652 7.9792635377811369e-07
0.15725745893702214 7.0529570257919205e-07
0.97567784189790174 1.859589313620205e-06
0.23561023459781505 7.6878733682444042e-07
0.20131318503879392 7.4177710267499609e-07
0.62087529358225924 1.0747777806824679e-06
0.55618658357478645 1.0153520520623274e-06
0.22585148378123487 7.6110194849072058e-07
0.6703648645372422 1.1259364748976462e-06
0.097007211294689144 6.5048622313151961e-07
0.019369066030892168 5.4074222922832413e-07
0.08241479070634683 6.3632930366218531e-07
0.36486822597577262 8.6555557734868929e-07
0.9750163278748174 1.8544134675365573e-06
0.54724699880936389 1.0077841806314024e-06
0.75472610301546716 1.2299402768521302e-06
0.32149575223155935 8.338310087346501e-07
0.71933906548332915 1.1833633551075263e-06
0.96618119812235748 1.7925826766302072e-06
0.35776089028205327 8.6035695390359481e-07
0.99905943473502501 2.3943555593575514e-06
0.63840995103166609 1.0928538809221207e-06
0.74859141246472383 1.2213724794311589e-06
0.25216723884814995 7.8157451426527319e-07
0.64309076917724162 1.0976854689954004e-06
0.51100625146238743 9.7710430861504406e-07
0.95640264547743603 1.7361686282443964e-06
0.90467504778951546 1.5352224380356262e-06
0.39667259892507722 8.8918614677905467e-07
0.94686975153823338 1.6895493183556211e-06
0.8848125527500097 1.4798419424439934e-06
0.59038385036913921 1.0462970393577168e-06
0.082117908789540284 6.3604128198937997e-07
0.16079024065953773 7.0835518973073717e-07
0.076874244673800218 6.3095411155310061e-07
0.10799311464906103 6.6114425948293758e-07
0.97695237439307769 1.8695615648400362e-06
0.21216729921615229 7.5032513141754843e-07
0.69085458234066299 1.1495696056940102e-06
0.63652825768276966 1.0909115779188107e-06
0.63114486485300381 1.0853547851144026e-06
0.20670399959602981 7.4602257467096473e-07
0.57934659438460956 1.0359876148272576e-06
0.62553834958495158 1.0795676830610175e-06
0.57040531664511107 1.0276359531288752e-06
0.18616246727567864 7.2984533479479802e-07
0.72306059707470893 1.1881989382838453e-06
0.073243161916511035 6.2743139605362416e-07
0.5912000118196219 1.0470593805492428e-06
0.43625933240131332 9.1891155686835636e-07
0.25028659313307366 7.8014812775019616e-07
0.80738898902613876 1.3126997730628815e-06
0.17589256667218389 7.2143422376775505e-07
0.93298175989795096 1.6305153367643655e-06
0.884565028321187 1.4791671677039419e-06
0.36058754716208297 8.6242449726456844e-07
0.3051529308585933 8.2176181587655119e-07
0.13748668341890213 6.8817366152914402e-07
0.91632781593395585 1.5713480180429359e-06
0.627531858823272 1.0816254035620685e-06
0.031783582143403155 5.6932566416049265e-07
0.51099941456161047 9.7709852078625501e-07
0.085798947829386907 6.3961246285927742e-07
0.57375068495284176 1.0307607173042719e-06
0.5089617183208125 9.7537349400142217e-07
0.08284604550272201 6.3674768794504541e-07
0.81586059311677284 1.3274335538620837e-06
0.26231717716627767 7.8927279312225363e-07
0.54148436416669898 1.0029057797634152e-06
0.63903887663053438 1.0935030643186909e-06
0.96230453357516654 1.7687896452102621e-06
0.49381169287984594 9.6353611630488708e-07
0.91731577228792349 1.5744108522010167e-06
0.35485734134769886 8.5823316825246085e-07
0.85743720164999493 1.4133785082566555e-06
0.23582622695141675 7.6895743903790446e-07
0.70747976243541777 1.1687453239475265e-06
0.08861199375499651 6.4234155529403144e-07
0.98605035668365926 1.9563617644912899e-06
0.953936399862368 1.7228972561651272e-06
0.44221363851737772 9.2338260500885279e-07
0.52393521799025355 9.8804942060683094e-07
0.59777486231802213 1.0532006646788594e-06
0.27503755968967003 7.9892064011041106e-07
0.67447143520516262 1.1306730516846273e-06
0.69856194660451598 1.1584593888276976e-06
0.52507649232527565 9.8901557481438082e-07
0.14774069248521771 6.9705391835063838e-07
0.91918594389160002 1.5809426125042618e-06
0.11504508234561528 6.6798576587840306e-07
0.6291721687105114 1.0833185481024434e-06
0.10308859660975511 6.563861135332642e-07
0.14610070913292261 6.9563364719062967e-07
0.020538314028828997 5.4343432965058014e-07
0.36336408385675956 8.6445538047863499e-07
0.63958256442203787 1.0940642643840041e-06
0.52154421973287202 9.8602530339353294e-07
0.67453915124848574 1.1307511563283427e-06
0.67501886087095286 1.1313044602030378e-06
0.14017374399423865 6.9050073066372146e-07
0.05733740342171556 6.0663883468112851e-07
0.62535814043466986 1.0793816693441589e-06
0.65322430497524264 1.1081454076597678e-06
0.55670373514170446 1.0157898505363543e-06
0.24576246632407073 7.7671677785737532e-07
0.8107652169822539 1.3184403134277757e-06
0.075686015496257086 6.2980134428767303e-07
0.63231178932135934 1.0865592964131497e-06
0.12041153587937214 6.7319206116391694e-07
0.65444771643322963 1.1094082254034376e-06
0.41772578782349645 9.0499484375246685e-07
0.71810305543767139 1.181757341767108e-06
0.052192202476934679 5.9958846607794654e-07
0.55508298848036797 1.0144177954938719e-06
0.14487789888007963 6.9457465952844074e-07
0.68238163161047372 1.1397967842838355e-06
0.11995563131168241 6.7274976276582654e-07
0.073583322951925823 6.2776140520843291e-07
0.71312279818361257 1.1752862296456228e-06
0.063531934568282322 6.151270800141874e-07
0.22453081793151608 7.6006187378188321e-07
0.82473519712567211 1.3448872636397601e-06
0.80968830780822632 1.3166092639064799e-06
0.85412575778077604 1.4060706893931313e-06
0.32609988958871372 8.3719868087520884e-07
0.52804802875020929 9.9153115089607878e-07
0.77334735260615195 1.2574595299267039e-06
0.13698551501108047 6.877396357599553e-07
0.72439087921571821 1.1899274443526161e-06
0.097486349394654614 6.5095106167251666e-07
0.91325060862686769 1.5618081475680968e-06
0.63731018251162586 1.0917186886759068e-06
0.49330531268975586 9.631414498298683e-07
0.48472925466716421 9.5645737597474448e-07
0.18136204784491039 7.2606482147054067e-07
0.3459173724546537 8.5169407485817115e-07
0.72712366531714911 1.1934782981266824e-06
0.54094362085438852 1.0024480095232888e-06
0.52930620410026286 9.9259626852028792e-07
0.19524589454557939 7.3699888008787804e-07
0.69036231195368403 1.1490018140555765e-06
0.39203390106135028 8.8570297996605087e-07
0.18275333843853414 7.2716051585786779e-07
0.94378475159632924 1.6749921640893059e-06
0.50679874686560511 9.7365806601332237e-07
0.52803664751236545 9.9152151602522196e-07
0.98137191021480608 1.9088270880514584e-06
0.36640613717049342 8.6668047443219337e-07
0.94302068456244958 1.6718464357133741e-06
0.69492536113547998 1.1542648996274832e-06
0.63309563274479985 1.0873683875630789e-06
0.23441830194248059 7.6784864441430905e-07
0.051755672387790108 5.98990297402344e-07
0.43778383828513878 9.2005629801269624e-07
0.010170961995725092 5.1430575616810397e-07
0.071002510770383442 6.252576156556043e-07
0.59532675569437299 1.0509139939235192e-06
0.72447183307302743 1.1900326319886339e-06
0.16794833192427694 7.1455429569714329e-07
0.73250041267377386 1.200464590845851e-06
0.9497258265947518 1.7030273080609768e-06
0.74317608072619668 1.21433605198025e-06
0.78471521957503287 1.2742594340637073e-06
0.7007125802683718 1.1609399601640428e-06
0.22473744045475119 7.6022459689669598e-07
0.36088994215583603 8.6264568249795957e-07
0.94926696276981726 1.7008619021153199e-06
0.6612105789701187 1.1163889208627027e-06
0.78902473393407224 1.2814753566438777e-06
0.96869461884467734 1.8086348201408819e-06
0.23143692051266573 7.6550069286910323e-07
0.32168666732655349 8.3397065258033693e-07
0.64480165283449964 1.099451460498615e-06
0.024357473784007322 5.5222764091364942e-07
0.57121907733370569 1.02839605187232e-06
0.80868837951449879 1.3149091036072483e-06
0.61044337382412517 1.0650337745993403e-06
0.29539328389611086 8.1435955573387773e-07
0.72410408333606169 1.1895547952707391e-06
0.14603162467994557 6.9557381813441953e-07
0.89477346927851675 1.5069963323891269e-06
0.10091503104045541 6.5427741658750348e-07
0.8634911337624348 1.4269372451186731e-06
0.49780942773623249 9.6665190154828221e-07
0.42864700348780183 9.1319551063724683e-07
0.50066176057543132 9.6887497458561212e-07
0.2002063030929212 7.4090539094123989e-07
0.45768557955881362 9.3537986912229409e-07
0.84971981589865853 1.3963474911541336e-06
0.80095524221879899 1.3017605877575325e-06
0.16304853449132928 7.1031093494951045e-07
0.67342097812906176 1.1294614396110188e-06
0.85683726496542534 1.4120545454194257e-06
0.81976758861880927 1.3351174533945982e-06
0.42563244329718142 9.1093189780445611e-07
0.048092840346115828 5.9397119002393444e-07
0.93116942297374916 1.6233280138605756e-06
0.39588511584806196 8.8859483106929253e-07
0.36097663725634377 8.627090951748748e-07
0.75951494447881296 1.2370174248986154e-06
0.26397221549202254 7.9052806642059659e-07
0.83474792316729196 1.3645793213629634e-06
0.076051560819315633 6.3015598015288828e-07
0.74071120071621088 1.2111333027853914e-06
0.96578949044153162 1.7900810071520283e-06
0.99576879687417352 2.1928450973607014e-06
0.92380436006416633 1.5972778872406538e-06
0.87076240540630945 1.4448176483419914e-06
0.2788802244577302 8.0183513121481386e-07
0.96664836262976406 1.795566256597298e-06
0.92789659381435285 1.611752061957067e-06
0.53437250702518657 9.9688518463574797e-07
0.4020776543936796 8.9324476632785061e-07
0.10926725355818823 6.6238037256096044e-07
0.59063407782512478 1.0465307660264239e-06
0.70054594852219765 1.1607477647473005e-06
0.40399658318152898 8.9468567695982365e-07
0.40602956063053186 8.9621222595912894e-07
0.57331139071430381 1.0303503915126784e-06
0.027784095907161799 5.6011716553197973e-07
0.95786589638674902 1.7442563337290824e-06
0.28990570709670938 8.1019747167712653e-07
0.1408908617688801 6.9112177458604403e-07
0.0054883961345904009 4.9309455431994651e-07
0.85689154138571333 1.4121743246648819e-06
0.86320737579966911 1.4262394707759483e-06
0.095306604517710114 6.4883636983645154e-07
0.152241302888801 7.0095157203699991e-07
0.44790223125776796 9.2775484811353602e-07
0.18570417306631559 7.294844106318339e-07
0.73582113683675687 1.2047793836942879e-06
0.058039745705722345 6.0760124062814435e-07
0.54970933238586606 1.0098686872853462e-06
0.38279156511390411 8.7876297249142924e-07
0.46494648369225156 9.4103892825587557e-07
0.42475711769560176 9.1027462173786072e-07
0.15315918253465366 7.0174648131918207e-07
0.22028148530856229 7.567153623297148e-07
0.064807698910426592 6.1687523503465109e-07
0.11528557529907124 6.6821908147908828e-07
0.9778948224189149 1.8772467439193294e-06
0.27978681167725195 8.0252273748445863e-07
0.30702553933956422 8.2318210650538327e-07
0.12710633043212105 6.7918398736129156e-07
0.75516420449675148 1.2305877213470389e-06
0.92414281018728195 1.5984749806898106e-06
0.78975053706665099 1.2827094268055172e-06
0.61261582943417181 1.0670629716378924e-06
0.8132329156105762 1.3226360975301554e-06
0.40423023293285842 8.9486112297584061e-07
0.85949735508068748 1.4179249323233633e-06
0.79851884963818198 1.2976180327714489e-06
0.001724644256319019 4.7604541861872425e-07
0.487794134917517 9.5884610584300138e-07
0.26461657607922617 7.9101678539890618e-07
0.086232916367695478 6.4003347989424192e-07
0.84619604274777482 1.3885710960467987e-06
0.0079496843011223062 5.0424375790939457e-07
0.73016350205536029 1.1974281190617241e-06
0.98819212099718612 1.9803037726595376e-06
0.4820197667062357 9.543456344738466e-07
0.37124052994143464 8.7021656568844551e-07
0.60583295447471341 1.0607273808359674e-06
0.80469782764767217 1.3081240392195697e-06
0.24025199377527884 7.7244289915008236e-07
0.25070142915353621 7.8046276250612728e-07
0.6071780140868468 1.0619837429770371e-06
0.93987982085430533 1.658915235107224e-06
0.29843997575876346 8.1667033662878265e-07
0.37675466322901308 8.7424984958321259e-07
0.99333330146028953 2.1002226874724098e-06
0.17622216520651579 7.2171966525838834e-07
0.076968168375304069 6.31045232163996e-07
0.5897552388806061 1.045709880492407e-06
0.024266988421632996 5.5201930557103108e-07
0.18043323127482269 7.2533334300920016e-07
0.62220918069046804 1.0761312810850667e-06
0.65951240069133299 1.1146360439803056e-06
0.51042524964761971 9.7661245724267333e-07
0.3837480462293833 8.7948118768383347e-07
0.57619758442184832 1.0330462605085522e-06
0.64338575303323875 1.0979899543302544e-06
0.80348204629165065 1.3060568677963586e-06
0.79275082820984744 1.2878107684915128e-06
0.66480076551494782 1.1200947479107461e-06
0.89423258322846566 1.5055218264360915e-06
0.8380252535954188 1.3710248567446788e-06
0.13324600821794019 6.845011189521347e-07
0.95667944132348337 1.737698538984904e-06
0.8917423023179204 1.4987330877969974e-06
0.32092717950795979 8.3341512919574515e-07
0.020184418607039456 5.4261951361829684e-07
0.60397594675828747 1.0589928300624956e-06
0.43841757686638805 9.2053216802173235e-07
0.74956666258613192 1.2226396735860352e-06
0.52459976450862256 9.8861199736434863e-07
0.076490435250946787 6.3058175666804138e-07
0.24468742025477586 7.7590140300817531e-07
0.88252375612652956 1.4737393698273328e-06
0.037689695715050098 5.7971596363561895e-07
0.73666966939828704 1.2058819270096794e-06
0.29194350795143231 8.117430534080649e-07
0.45263980304249707 9.3144725313454471e-07
0.53100543191160854 9.940347623592699e-07
0.25008135730720105 7.7999246546245705e-07
0.65196044299766276 1.1068408364785696e-06
0.69344221809787621 1.1525542214359294e-06
0.085059479670775096 6.3889506363765902e-07
0.3739270758514206 8.7218162561467321e-07
0.74437730120629153 1.2158968613948607e-06
0.72163755984113187 1.1863499106088151e-06
0.54460334390523912 1.0055461750699434e-06
0.77767477986801414 1.263854780975837e-06
0.10764489303984326 6.608064303168076e-07
0.11821126784453007 6.7105745866999657e-07
0.65748930029634478 1.1125477791865297e-06
0.69333386789512885 1.1524292487770616e-06
0.81452685532107028 1.324836160213831e-06
0.18103687777325705 7.2580873764156195e-07
0.51677165943110515 9.8198505726266003e-07
0.66083129713558242 1.1159974222974595e-06
0.22369957382901506 7.5940723735885046e-07
0.51692786559399073 9.8211729474219138e-07
0.63844502439059603 1.0928900839997505e-06
0.21444951147768032 7.5212246058595179e-07
0.37556341025014139 8.7337851383492732e-07
0.21633881013570799 7.5361035531123246e-07
0.9029429044285987 1.5298524965081461e-06
0.23679888192999177 7.6972344191732771e-07
0.12083462598579697 6.7360252442658585e-07
0.035155311527143684 5.7624314636403285e-07
0.04495347241135017 5.8966937531180746e-07
0.19158623496681693 7.3411675864009793e-07
0.6082085113069523 1.062946285961853e-06
0.017649874511122654 5.3678392763236052e-07
0.28674392475714716 8.0779939975076274e-07
0.05816689132329933 6.0777546579054662e-07
0.40365877029916764 8.9443201555409873e-07
0.048576737829857608 5.9463426531742569e-07
0.60754177662082798 1.0623235178627825e-06
0.68842426551901525 1.1467664438411411e-06
0.73133754964376352 1.198953621298446e-06
0.22434339864625508 7.5991427394912479e-07
0.86850016196174329 1.4392546839859249e-06
0.69028816733092646 1.1489162945972664e-06
0.056650219299820392 6.0569719966830569e-07
0.44076670870142709 9.2229611520854156e-07
0.7677564933724812 1.2491971268368131e-06
0.31089392672022975 8.2607635902636308e-07
0.38155877390726478 8.7783727792272138e-07
0.62960382729654285 1.083764110483022e-06
0.055480880115897802 6.0409487696851665e-07
0.96693504050791734 1.7973971456325425e-06
0.17448101060972787 7.202117769889899e-07
0.026671999646260325 5.5755665243394996e-07
0.0053229820404202544 4.9234525749337222e-07
0.39955437499939572 8.9135005291811704e-07
0.8842533654753777 1.4783175456413237e-06
0.81976207921792899 1.3351066180397004e-06
0.91204579824969501 1.55807302874185e-06
0.53378231932889897 9.9638555688761198e-07
0.44874623387516432 9.2841265334453301e-07
0.38586097610679448 8.810677724201996e-07
0.046418075791305857 5.9167629278635792e-07
0.90952125630515357 1.5502465156877091e-06
0.49617609228472748 9.6537890004114549e-07
0.45506743105151015 9.3333931646507088e-07
0.5151674870141173 9.8062703326900019e-07
0.79415451811420046 1.2901974374784625e-06
0.22447108598256393 7.6001483259472157e-07
0.70990067899492326 1.1715376434048656e-06
0.71076974085403288 1.1725400316653345e-06
0.84955278225818287 1.3959788750347247e-06
0.0086835984638700126 5.0756826030977093e-07
0.17039554323513206 7.1667364870300799e-07
0.47104685204475549 9.4579348011457134e-07
0.85054038746147842 1.3981583593380659e-06
0.96511686162798405 1.7857852145103114e-06
0.59486861467940133 1.0504860641713435e-06
0.21213397542302015 7.5029888765994182e-07
0.18458469582464565 7.2860277962242461e-07
0.63944395398626741 1.0939211892831408e-06
0.2100691470594046 7.4867275659920157e-07
0.55308742392088617 1.0127284355946648e-06
0.83481192914390212 1.3647052021052107e-06
0.38981964846209005 8.8404031268399736e-07
0.3784721897419292 8.7551958277505718e-07
0.036140336891073765 5.7759290742754092e-07
0.2540845784245549 7.8302873144966035e-07
0.69819145961927442 1.1580320638901572e-06
0.36039124513219645 8.6228091317358627e-07
0.15829891728992196 7.0619763445606361e-07
0.10576773376032711 6.5898529361160223e-07
0.095053378150708911 6.4859070084250731e-07
0.65913343311789518 1.1142448697985628e-06
0.61262147879354867 1.0670682484607028e-06
0.51852100560208492 9.8346597916871576e-07
0.5003264481591394 9.686136362237294e-07
0.15313685268787158 7.0172714305129799e-07
0.50060422476008726 9.6883013188071656e-07
0.059937776600379911 6.1020207538099056e-07
0.92585845860268789 1.6045432056330684e-06
0.05802755400260684 6.075845345749139e-07
0.42353019489391852 9.0935333371469394e-07
0.00057105640317223205 4.3223403443829457e-07
0.78615043878324453 1.2765882437035144e-06
0.16617018853563004 7.1301437410603618e-07
0.92491601782167809 1.6012098055007844e-06
0.04397774786056452 5.8833235897132996e-07
0.82078733456442687 1.3371229907418336e-06
0.6566378128155882 1.1116688651529948e-06
0.24973571888589052 7.797303140219717e-07
0.20241960923059488 7.4264845390996823e-07
0.35767793337702236 8.6029627551017004e-07
0.82840288317535493 1.3521005125692452e-06
0.86195654833545554 1.4233519724804668e-06
0.17528537952432577 7.2090838282331875e-07
0.35344803968433069 8.5720234193664876e-07
0.23749138390225388 7.7026881362306474e-07
0.1226428476378979 6.7531848721645255e-07
0.646449387528928 1.101152269000448e-06
0.34587102323553531 8.5166017296475367e-07
0.22538404477633411 7.6073382245261275e-07
0.86599777350197626 1.4331011916020027e-06
0.74831793090356646 1.2210171303487463e-06
0.77376114869634249 1.2580710549090509e-06
0.039195891183280152 5.8177987393833243e-07
0.91513044923106623 1.5676359758837548e-06
0.57473837797423522 1.0316832787341769e-06
0.50380280468451877 9.7132306562604549e-07
0.010585346027781162 5.1618284313436499e-07
0.89766221043410466 1.5148713109179497e-06
0.54389047048600059 1.0049426868179847e-06
0.82515346234053533 1.3457098670666848e-06
0.65551096073829374 1.1105057169836621e-06
0.79669361351088042 1.2945146162366558e-06
0.69293174855780237 1.151965438636485e-06
0.9209639023358267 1.5872312271658964e-06
0.2254841863395497 7.6081268775167848e-07
0.20210010473290718 7.4239683193649511e-07
0.71254156194512197 1.1745836752135376e-06
0.50139480058346897 9.6944629692736597e-07
0.59916117033487004 1.0544955551748031e-06
0.70854246919122699 1.1699710649752543e-06
0.54742819700000256 1.0079375752963954e-06
0.7876934476661962 1.2792117942727024e-06
0.31886735593585247 8.3190848203903667e-07
0.85899044359969212 1.4168062610037649e-06
0.10767635292560074 6.6083695130312978e-07
0.63400397696118682 1.0883059896971154e-06
0.89013250752679762 1.4943446366575173e-06
0.25269412790170465 7.8197413628600118e-07
0.32683467492391294 8.3773613575778229e-07
0.3054417784927389 8.219808940192094e-07
0.56426371177503376 1.0221898045256185e-06
0.41287181556514851 9.0135002885436206e-07
0.10795928499490237 6.6111143945238135e-07
0.89128722175646002 1.4974924956299031e-06
0.20467662915867413 7.4442594315528857e-07
0.53408001098852964 9.9663756995815851e-07
0.59480489593726149 1.0504265472439309e-06
0.040751843647541697 5.8391196528321957e-07
0.095712327654337237 6.4922998443502362e-07
0.97168971042955166 1.828385206192084e-06
0.66451234014938243 1.119797032316387e-06
0.033565177046426919 5.7342764457797685e-07
0.79419922065299875 1.290273444410376e-06
0.50854280927748552 9.7501886346048111e-07
0.075199572078475607 6.2932941845122741e-07
0.68075209804779124 1.1379172571867121e-06
0.4993518058684685 9.678540120425485e-07
0.20491980111092323 7.4461745033894661e-07
0.87770227208881957 1.4618831109841259e-06
0.29137985830025415 8.1131555010150202e-07
0.28455663545330778 8.0614043764931104e-07
0.27277358179227873 7.9720351310590199e-07
0.76745577708905122 1.2487527158714236e-06
0.70611867038053211 1.16717542108856e-06
0.90314568547035745 1.5304811525199381e-06
0.22933921958427972 7.6384867341029498e-07
0.78636459554280835 1.2769523706341219e-06
0.57304557652809596 1.0301021059518761e-06
0.30867960965266783 8.2443664560899355e-07
0.035454132407750638 5.7665261479436568e-07
0.81894754985111007 1.3335046807409097e-06
0.24107137151335634 7.730881903587103e-07
0.63174303621491945 1.0859722236749544e-06
0.54886793605981254 1.0091563970185036e-06
0.0044495386467838793 4.8838871215588252e-07
0.99434362993976244 2.1161015369837081e-06
0.81432935580012877 1.3245003552898895e-06
0.48647127063668205 9.5781508173727435e-07
0.68034137024238306 1.137443517917092e-06
0.4765942365907726 9.5011704321438659e-07
0.74458627127873078 1.2161683872819397e-06
0.13432854581889409 6.854386265994581e-07
0.44635099523403032 9.2654583388787684e-07
0.33553717707286002 8.4410153534661557e-07
0.45965524349403486 9.3691500090173293e-07
0.4504726528603642 9.2975820300984144e-07
0.14309394977919432 6.9302971002918819e-07
0.97648857070902906 1.865932652378783e-06
0.015492142788128049 5.3181592213409239e-07
0.010072944817398843 5.1386175554628229e-07
0.37344131853365781 8.7182632097034923e-07
0.62037634934681751 1.0743117384028102e-06
0.17965322681492824 7.2469105996420756e-07
0.53319400390416105 9.9588751412476847e-07
0.72277196796347887 1.1878239071870538e-06
0.094060609040151122 6.4762756026793831e-07
0.98442240801593339 1.9387428757365133e-06
0.33670064773929431 8.4495254986806974e-07
0.64241541378724898 1.0969883602964441e-06
0.1107198581865757 6.6378962516715873e-07
0.70948638872132641 1.1710597951339664e-06
0.84045634706248595 1.3759045197566996e-06
0.10528514233062236 6.5851710480320272e-07
0.12586315437006623 6.7810736234233709e-07
0.28104741438722769 8.0347884883066514e-07
0.011935815375329284 5.2230023235431098e-07
0.98605129433722982 1.9563719124856817e-06
0.59838407495264967 1.0537697039118442e-06
0.60758944996354547 1.0623680474749932e-06
0.95896216965163605 1.7503156740928646e-06
0.83202925431942709 1.3592325073524836e-06
0.81424293096834943 1.3243534086850372e-06
0.33950236990162563 8.4700185486046059e-07
0.33486339346464544 8.4360869985754755e-07
0.29173795981264683 8.1158715424480806e-07
0.34669576177631989 8.5226342364812638e-07
0.36950876135985056 8.689498726352868e-07
0.14000368898059334 6.9035345829589088e-07
0.35594786270209355 8.59030824381936e-07
0.44674703524472759 9.2685450258789168e-07
0.30934733874665854 8.2494308856513239e-07
0.16534696815754779 7.1230144238042725e-07
0.37341039817849764 8.7180370443861457e-07
0.48090777321643585 9.534789604620035e-07
0.72072838666712835 1.185168573732687e-06
0.71123776147467033 1.1730798532797186e-06
0.20269503108332421 7.4286535911982576e-07
0.036655395168237126 5.7829868174910653e-07
0.30379952180706926 8.2073531502899577e-07
0.1571363048589508 7.051907797805786e-07
0.39578847921569404 8.8852226727646259e-07
0.97934611915260428 1.8904280188764658e-06
0.18107137090522096 7.2583590229808117e-07
0.31887394342296893 8.3191330042196428e-07
0.72511431631957235 1.1908674445118586e-06
0.50918278286192165 9.7556063781950212e-07
0.043928143573384926 5.882643871831203e-07
0.16169001816132167 7.0913442205307746e-07
0.93524955477319593 1.6398520394010802e-06
0.10316499273902846 6.5646022967070316e-07
0.63509278720970574 1.0894298707040674e-06
0.7923256488409115 1.2870878435701442e-06
0.2654390627249239 7.9164060510659982e-07
0.72507800313869009 1.1908202608719401e-06
0.16989517903018025 7.1624031939585413e-07
0.28475027483379034 8.0628730454661875e-07
0.31182203088420746 8.2675521595310247e-07
0.99643499056422358 2.2066850798365231e-06
0.21457229521795729 7.5221915746271717e-07
0.12920746463358501 6.8100362797256413e-07
0.92569143748141036 1.6039524542150705e-06
0.16193069382035274 7.0934285386243672e-07
0.87927991962940533 1.4657626214124996e-06
0.65045662764668999 1.1052885829860807e-06
0.57686149807051879 1.0336663935982716e-06
0.75133871154657683 1.2249421906896357e-06
0.72599895714805007 1.1920169052116361e-06
0.11052618941831371 6.6360173631490084e-07
0.99946611040668909 2.418066062872572e-06
0.94188972644872859 1.6671901858392527e-06
0.89659196286191623 1.5119537159526806e-06
0.62228913394240681 1.0762138096444921e-06
0.52279133133231415 9.8708105491804431e-07
0.53627858388166827 9.9849878805982541e-07
0.014936944228232441 5.305376216536398e-07
0.49946950194544293 9.6794574291340814e-07
0.62376956765991987 1.0777419283772354e-06
0.65870620877494845 1.1138038844887731e-06
0.33213946505131298 8.4161629669516094e-07
0.47128235029354948 9.4597702454530457e-07
0.63631060666257444 1.0906869163232078e-06
0.42830551027518171 9.1293908569645355e-07
0.96213519898352518 1.7678536961554225e-06
0.70544210985200029 1.1663950665899841e-06
0.0012737462508904951 4.6479920445793529e-07
0.023279481482253006 5.4974564946627258e-07
0.6903002034683744 1.1489301772487173e-06
0.41264509754550271 9.0117978782872528e-07
0.83947094921226628 1.3738681105617519e-06
0.17301540948626204 7.1894252568541917e-07
0.013826914052291861 5.2798186555173527e-07
0.38808235011371228 8.8273578711903761e-07
0.73606410430744895 1.2050950842022165e-06
0.97172773337756857 1.8286827069550528e-06
0.88365387935105544 1.4766832904058788e-06
0.48407461193713885 9.5594715550460747e-07
0.81281728319636659 1.3219294051261645e-06
0.070330457867614049 6.2444296402572058e-07
0.57227234758488332 1.0293798661627481e-06
0.92429841301447013 1.5990253457580297e-06
0.39638514749073994 8.8897030144360749e-07
0.9601006296631156 1.7566081897648773e-06
0.2206850967291053 7.5703322171162746e-07
0.10563380953339352 6.5885536626444192e-07
0.52476233608170109 9.8874962352883683e-07
0.90724687198122433 1.5431955341661487e-06
0.31127921874474418 8.2635817885845831e-07
0.80016031939895238 1.3004089946205703e-06
0.16919726588028094 7.1563590721227588e-07
0.74557039600093955 1.2174471126758433e-06
0.55702694138743103 1.0160634631679825e-06
0.17501697539437222 7.2067593738753631e-07
0.7180872494376086 1.1817368041937699e-06
0.71375611345642731 1.1761091297348286e-06
0.51543522914344031 9.8085369234372549e-07
0.22546763764267463 7.6079965502194779e-07
0.13229389224499655 6.8367656005922688e-07
0.95725504845978926 1.7408800446061863e-06
0.6558125382591552 1.1108170083664174e-06
0.80924148357338399 1.3158495366044536e-06
0.69697052905024159 1.1566238252746693e-06
0.82947366519228893 1.3542064227078814e-06
0.16249081974892343 7.0982793848308775e-07
0.49695022454704441 9.6598224917909795e-07
0.66712477050229335 1.1224936094836351e-06
0.10338989989521796 6.5667842462190925e-07
0.14995694932840831 6.9897325836902979e-07
0.6339825942509465 1.0882839182462366e-06
0.86870580425382005 1.4397603681746317e-06
0.66041617894159765 1.1155689330776948e-06
0.036204813456075624 5.7768125840827208e-07
0.97043291709032298 1.8197365878058286e-06
0.13950690090624507 6.8992322601722444e-07
0.23256223355248973 7.6638691979205666e-07
0.97496728190472426 1.8540297199766164e-06
0.77103299665337488 1.2540392789462874e-06
0.93657668037850661 1.645315927371555e-06
0.8066196928080297 1.3113917523812161e-06
0.65173447500320003 1.1066075900175807e-06
0.284552998863006 8.061376794565661e-07
0.32688144169952538 8.3777034307070908e-07
0.94727107304436975 1.6914431786433257e-06
0.86062561615564459 1.4204148212939097e-06
0.35949044844232647 8.6162203015567006e-07
0.37326741762070381 8.7169912205894782e-07
0.29769439027588473 8.161048430485244e-07
0.32613014262500395 8.3722080930005348e-07
0.86066746628878565 1.4205071777415764e-06
0.010506856589846847 5.1582729975059933e-07
0.4360526211095247 9.1875633875918367e-07
0.94283967852790784 1.6711012186135317e-06
0.54263635518280884 1.0038810062563975e-06
0.45044579014390351 9.2973726653992722e-07
0.31236980469958808 8.2715588223959348e-07
0.073912629861903834 6.2808088417198324e-07
0.22448647802751287 7.6002695441696147e-07
0.090458409936871265 6.4413286640896456e-07
0.12669942971542825 6.7883160003242212e-07
0.16351654412626981 7.1071624429986574e-07
0.30202943208427846 8.1939278033954036e-07
0.011016679995535461 5.1813671033566596e-07
0.95014388559324769 1.7050001535802498e-06
0.12381909267697455 6.76337148109422e-07
0.38314887235958706 8.790312720825582e-07
0.87952755971478058 1.4663715801748224e-06
0.10656797019076225 6.5976164751625527e-07
0.48360425175412081 9.5558056257886932e-07
0.84478359754139576 1.3854540588477638e-06
0.5569626240341401 1.0160090148380817e-06
0.21034359542276004 7.4888889514906159e-07
0.73550953141258135 1.2043744982567214e-06
0.68134106286750784 1.1385965775537547e-06
0.36218590654692429 8.635936088599397e-07
0.046295161581375144 5.915078658394066e-07
0.0078646898960939016 5.0385874816591504e-07
0.82539288312717163 1.346180736631175e-06
0.32155736155906856 8.338760725543749e-07
0.13776989860590461 6.8841893375194631e-07
0.5185512261629821 9.8349156260748195e-07
0.9208332957250901 1.5867692733728527e-06
0.008480864522397713 5.0664991112225962e-07
0.056143540676414472 6.0500290782301087e-07
0.41704493258507236 9.0448359416462802e-07
0.67596590675506341 1.1323967963427578e-06
0.47610045876705021 9.4973219886829093e-07
0.89754843846540466 1.5145611578919641e-06
0.044084555537478143 5.8847871544991493e-07
0.34014086964374357 8.4746888215058766e-07
0.35134788938872075 8.5566619800937836e-07
0.34012722598634171 8.4745890256888462e-07
0.48768591212339063 9.5876175833196049e-07
0.79057704519461047 1.284114723880281e-06
0.31788261640281734 8.3118819946841435e-07
0.74448320663220258 1.2160344699259835e-06
0.14646547127907139 6.9594954134633135e-07
0.56072485563395025 1.0191939597530685e-06
0.37508802566554511 8.7303079627191669e-07
0.53921080229557061 1.0009810791892336e-06
0.10774975037224943 6.6090815825163903e-07
0.95346284676090853 1.7206625306414254e-06
0.90621411680177788 1.539993815964894e-06
0.82639630429062894 1.348154167981374e-06
0.89278282338805182 1.501569645537805e-06
0.1466878701814861 6.9614214497652987e-07
0.50372177301966592 9.7125991054581466e-07
0.31790915875652337 8.3120761373392966e-07
0.8873859413041586 1.4868572402913067e-06
0.18943768249946646 7.3242469165557106e-07
0.21994535514197233 7.5645064700810493e-07
0.68671445635501083 1.1447943257281727e-06
0.08889965908766817 6.4262063544554557e-07
0.73236717691663977 1.2002914705673147e-06
0.26812728831412236 7.9367950520308219e-07
0.66093536526714736 1.116104842480778e-06
0.87303778636066043 1.4504129184602146e-06
0.60961137323499059 1.0642566387518976e-06
0.21268373328610901 7.5073184293739142e-07
0.049165525539216604 5.9544106964335091e-07
0.044613971695065868 5.8920416409527053e-07
0.088811882014007915 6.4253547802046034e-07
0.57981791246971592 1.0364278527120228e-06
0.3482178540406512 8.5337675005790074e-07
0.24310697739589815 7.7469130760145807e-07
0.21930655779719122 7.5594756974407113e-07
0.94858153190309902 1.6976273126936317e-06
0.11881657589207439 6.716447017001262e-07
0.3048144107726547 8.2150506337830295e-07
0.47147726201919316 9.46128936340444e-07
0.00044952607425541302 4.2660188273356999e-07
0.92095318747572452 1.5871933288524939e-06
0.099098590760103855 6.5251518676318391e-07
0.68247060068617249 1.139899402476189e-06
0.62886547716248831 1.0830019779688642e-06
0.80906385510473722 1.315547518077424e-06
0.65138773056215249 1.1062496768806592e-06
0.76938741721597947 1.2516073735700419e-06
0.42124860878852755 9.0764010615886368e-07
0.48870449455162324 9.5955562891444753e-07
0.70166210216441938 1.1620351521710093e-06
0.5684267210550511 1.0257878323694568e-06
0.5115385502667199 9.7755493009464614e-07
0.20555840605454934 7.4512037607973521e-07
0.25810826080637539 7.8608051640010186e-07
0.35849724105939351 8.6089555382061828e-07
0.0092843854235031831 5.102897198356882e-07
0.41736344958023697 9.0472276641932715e-07
0.0027684757639128144 4.8077379221978951e-07
0.56501543592133674 1.0228261821471776e-06
0.7040287689723489 1.1647648991963135e-06
0.5621486316151264 1.0203992678131986e-06
0.69351997320487591 1.1526439052779148e-06
1.3168556207476811e-05 3.765867232326262e-07
0.059441973284309557 6.0952268575743811e-07
0.69846244087555531 1.1583446175101969e-06
0.80290014795677056 1.3050674764036379e-06
0.71770157088939446 1.1812356716214894e-06
0.66301224255355162 1.1182486163285489e-06
0.70738266381156001 1.1686333290191535e-06
0.73958992579616578 1.2096763708727462e-06
0.72437749836756926 1.1899100579076525e-06
0.73800847768833977 1.2076215115556471e-06
0.074019707415180824 6.2818476606666539e-07
0.063271551494624712 6.1477028216177748e-07
0.36111994322943897 8.6281391557785837e-07
0.52759671454879564 9.9114908752950507e-07
0.76261905392172769 1.2416048062617583e-06
0.33470781879101252 8.4349490557785339e-07
0.27511707663363483 7.9898095019204008e-07
0.7814483081185295 1.269431457149166e-06
0.24933685145399498 7.7942779073350842e-07
0.82084137681446334 1.3372292757937551e-06
0.17713354972003859 7.2250894957546606e-07
0.3594735228724768 8.616096500363069e-07
0.40107560942639031 8.9249233754767676e-07
0.29951044730764287 8.1748224190677033e-07
0.0033569138870126469 4.8343931368267329e-07
0.23550925782124787 7.6870781376301672e-07
0.33765355887887372 8.4564955172710491e-07
0.31362489452666276 8.2807391111594089e-07
0.78555549647720713 1.275576673878555e-06
0.047367762536473013 5.9297763002912908e-07
0.3889486996552407 8.8338632312292558e-07
0.037515455579441248 5.7947720577276872e-07
0.93064756612900934 1.6214822133494547e-06
0.79020943703109636 1.2834896862558829e-06
0.98216159923801349 1.9159993691597251e-06
0.91016053169601852 1.5522283790521163e-06
0.31581277211608438 8.2967422271250946e-07
0.69158341233058029 1.1504102485298601e-06
0.3065540874784084 8.2282453114077839e-07
0.88821118792962395 1.4891069397647093e-06
0.41075286996734139 8.9975892695428863e-07
0.37588754190423213 8.7361559823460507e-07
0.9140687442333334 1.5643445082801486e-06
0.83674028761985431 1.3684977103853367e-06
0.96641355336430157 1.7940666302142699e-06
0.066488085574446854 6.191778361389349e-07
0.2433388780388599 7.7487393819931828e-07
0.30085774786704567 8.1850410973348633e-07
0.42435206095476208 9.0997046737417404e-07
0.47313004594853603 9.4741709575135146e-07
0.29147242806673801 8.1138576017113812e-07
0.79045042314502845 1.2838994306607e-06
0.22324414448505647 7.5904856938661925e-07
0.69651731329911304 1.15610107980652e-06
0.85176831559209742 1.4008681973152099e-06
0.60369823915958631 1.0587334353783133e-06
0.35415892589282083 8.5772231592824129e-07
0.18789124219665132 7.3120681095696175e-07
0.134346194403696 6.8545391076436998e-07
0.74417473914906163 1.2156336617814623e-06
0.46913199758351598 9.4430106616319398e-07
0.046319551167367634 5.9154128641387419e-07
0.98383950694262023 1.9324342805274942e-06
0.67130318298899005 1.1270187446932357e-06
0.84418255142697718 1.3841276476790212e-06
0.43818867131701145 9.203602843948345e-07
0.95543862080802489 1.7308402545823361e-06
0.19952502092412727 7.4036885525850432e-07
0.18513612293881609 7.2903704949874333e-07
0.89033473477035885 1.4948959270346102e-06
0.89171706400572814 1.4986642857978177e-06
0.49901948549904218 9.6759500564509229e-07
0.12578635535397864 6.7804085226007709e-07
0.30521645820327192 8.2180999855501195e-07
0.75415233803446768 1.2290923432244456e-06
0.84599190800130342 1.3881206038114232e-06
0.34765474774481708 8.5296486890893662e-07
0.061233681816867835 6.1197782904913328e-07
0.66572668157278059 1.1210504878781517e-06
0.73949704143829353 1.2095556813052276e-06
0.42401467586369257 9.0971712719403326e-07
0.58309761161786933 1.0394912781592438e-06
0.98737149752408326 1.9706601474552561e-06
0.2449985993596594 7.7613741858273121e-07
0.5729776937992509 1.0300386996241684e-06
0.61096041356264252 1.0655167191075556e-06
0.54910719602446312 1.0093589443066111e-06
0.86912955794379576 1.4408023986770293e-06
0.60500753192211643 1.0599563892485958e-06
0.50789002239129 9.7450859269944697e-07
0.12301502666117314 6.7564080459386881e-07
0.70320919929342551 1.1638195959176372e-06
0.13210736149470037 6.835150192455781e-07
0.026569893364223662 5.573215608490417e-07
0.48853116306346223 9.5942053649025508e-07
0.57244527214773233 1.0295413875347863e-06
0.99905406137387998 2.3940422750693729e-06
0.71232679445528646 1.1743359593481077e-06
0.8485903202275773 1.3938548776304312e-06
0.34638803903075532 8.5203834145859456e-07
0.50891468257996753 9.7533367554802489e-07
0.97426899066185557 1.8485661200096863e-06
0.41738855214277626 9.0474161576354543e-07
0.80729042480238389 1.3125321860656899e-06
0.52598911774449608 9.8978816459550448e-07
0.22396185153006409 7.5961379104812105e-07
0.58041863721088283 1.0369889637699998e-06
0.21806202837032151 7.5496745537103227e-07
0.0030269898757411262 4.8194481579301875e-07
0.23589601547334327 7.6901240015970388e-07
0.19314383235509036 7.3534342596888452e-07
0.37092117719943374 8.6998297679897072e-07
0.88859690380928813 1.4901584373226355e-06
0.38785307359867582 8.8256362493653786e-07
0.84518762749099108 1.3863456873348196e-06
0.55561302013158131 1.0148664976982763e-06
0.007614704222566937 5.0272635692197352e-07
0.18873671290321514 7.318726513731027e-07
0.93127804520803636 1.6237122092152736e-06
0.60417344619771851 1.0591773057662822e-06
0.92954685857227393 1.6175890257994673e-06
0.31012002030345287 8.2551028923369504e-07
0.71656237828274283 1.179755458309295e-06
0.77202515989725984 1.2555055388375367e-06
0.97569960273625544 1.8597595756948393e-06
0.0181764831689607 5.3799640213959172e-07
0.95223721512324622 1.7148787013413969e-06
0.39159021760416513 8.8536982106263738e-07
0.837992405744867 1.3709602547804923e-06
0.54471291822108392 1.0056389360153569e-06
0.56464954303336545 1.0225164328236555e-06
0.35937788818645011 8.6153969854641443e-07
0.82847259037819754 1.3522376059298739e-06
0.26401357083783339 7.9055943261951324e-07
0.49224138617860647 9.6231223862838009e-07
0.56017449876747538 1.0187280510877447e-06
0.7425210934274884 1.2134849922795417e-06
0.47163533704153704 9.4625213806333506e-07
0.68028289883949378 1.1373760761726233e-06
0.48529409634797538 9.5689760661463156e-07
0.65932063695859466 1.1144381035059761e-06
0.67414347620814818 1.1302947791312105e-06
0.70944156052924379 1.1710080896621283e-06
0.82329979386032603 1.3420642518206236e-06
0.54072256095991733 1.0022608696388546e-06
0.19327816386989327 7.3544921715836382e-07
0.67964084161905536 1.1366355182784178e-06
0.077118083492161871 6.311906731635712e-07
0.21895502246118403 7.5567072226420219e-07
0.79215752866479916 1.2868019918238548e-06
0.43507014433006597 9.1801860359873749e-07
0.49804416765121706 9.6683485494299692e-07
0.98739691848353006 1.9709352722582748e-06
0.23517248584891792 7.684425929949169e-07
0.019552749535934555 5.411651458742013e-07
0.11137260951784411 6.6442289556766039e-07
0.2445018596608296 7.7576066351279203e-07
0.72592002439646919 1.1919143437053762e-06
0.77582203198476196 1.261116713498985e-06
0.56548895401411381 1.0232270423817841e-06
0.25504639869816137 7.8375822954555466e-07
0.52174189452682362 9.8619264644860938e-07
0.014957555933934219 5.3058507846495886e-07
0.68180094274179626 1.1391270095159685e-06
0.61429755540916786 1.0686337993005321e-06
0.021796539381543578 5.4633129334802771e-07
0.81701163363279561 1.3296973086266753e-06
0.76342653516212178 1.2427981354472763e-06
0.30822374556831311 8.2409089288299158e-07
0.63537665063230597 1.0897228774145229e-06
0.60149296346497316 1.0566735825150349e-06
0.14318027922687027 6.931044737300648e-07
0.19325930111436584 7.354343620192177e-07
0.68320613622812953 1.1407477795907603e-06
0.93355164627000853 1.6328616069895521e-06
0.57628432069875313 1.0331272771219258e-06
0.56781314555954487 1.0252147179763934e-06
0.64668169470383852 1.1013920588279372e-06
0.44057830017812882 9.2215464052428336e-07
0.054172043501343747 6.0230140365756517e-07
0.39650384672469718 8.8905943189456494e-07
0.9002522101178897 1.5219318922580298e-06
0.80494680039154853 1.30854736314928e-06
0.92742356857706543 1.6100789781725792e-06
0.15283158513241057 7.0146277286455132e-07
0.5059577570388295 9.7300260891417871e-07
0.58472815481294371 1.0410142981958214e-06
0.20992550999297444 7.4855963693302916e-07
0.20097023926897006 7.4150701980598527e-07
0.78203293264280227 1.2702954394591992e-06
0.67185191705220659 1.127651662335774e-06
0.64718753681516017 1.1019141941974417e-06
0.26698745798301493 7.9281499435942131e-07
0.50676942424720683 9.7363521232617579e-07
0.023069953489327832 5.4926322794472749e-07
0.12994605260042791 6.8164326567801313e-07
0.51825086276079124 9.832372877535616e-07
0.3096722756319128 8.2518278874023425e-07
0.96566975689651657 1.7893163201935117e-06
0.47148472326701063 9.4613475154497411e-07
0.083564156356850661 6.37444367256775e-07
0.017842347255312418 5.3722708080159439e-07
0.72525787384767137 1.1910539764142927e-06
0.17150673805031391 7.1763597429426789e-07
0.18781236900505904 7.3114469531143507e-07
0.42380722264067106 9.09561351973722e-07
0.26406058915346464 7.9059509393032804e-07
0.61657707974618947 1.0707630046166731e-06
0.48569250722376378 9.5720812313765879e-07
0.11145060147723007 6.6449855990872004e-07
0.78474084790944842 1.2742973086766451e-06
0.42585885441424809 9.1110190837902457e-07
0.61083431958930057 1.0653989401683213e-06
0.0039423325326817249 4.8609115744252855e-07
0.62640003343653705 1.0804571218921742e-06
0.28284985703093446 8.0484592177830928e-07
0.49437074320999352 9.6397183323749131e-07
0.29772060382128973 8.1612472486219009e-07
0.99626074464224279 2.2030651708780396e-06
0.23084231471162353 7.6503241813062672e-07
0.9128596014892566 1.560595958373383e-06
0.91796663182991689 1.5766299224449934e-06
0.42100065293436773 9.0745391778711099e-07
0.30400311552335624 8.2088973184931344e-07
0.38103554689879116 8.7744439030530746e-07
0.98933908739179799 1.9948004653981498e-06
0.61879622733760609 1.0728358146201495e-06
0.54478023782063856 1.0056959259189798e-06
0.035917881339427304 5.7728808091954566e-07
0.84784303039702569 1.3922057303291625e-06
0.083805455807199003 6.3767846528498727e-07
0.046972367034381346 5.924358272766798e-07
0.27485808611799201 7.9878451735193397e-07
0.47578860505751819 9.4948914393314293e-07
0.8952889600044005 1.5084016083136552e-06
0.79007879908283862 1.2832675648751857e-06
0.19763214450584299 7.3887814291061457e-07
0.37207952842727654 8.70830246733897e-07
0.78024026461888274 1.2676461604841934e-06
0.52709244746909734 9.9072219651318332e-07
0.17449194202407925 7.2022124389761403e-07
0.39605520267833338 8.8872254811832977e-07
0.62593580450970687 1.0799779400747253e-06
0.97322567480883471 1.8404029638505958e-06
0.66181205485640904 1.1170097703869066e-06
0.016195162231396942 5.3343456842933345e-07
0.70500827663252819 1.1658946772084438e-06
0.2508648074572305 7.8058667771640717e-07
0.86215891421381485 1.423798561111171e-06
0.38388990822613855 8.7958771089651958e-07
0.19961503775430023 7.4043974694427975e-07
0.46794718651023448 9.4337763902483737e-07
0.25519797431500546 7.8387319294038644e-07
0.23582148849785056 7.6895370732506103e-07
0.57326180077349298 1.0303040716888946e-06
0.76734627085087947 1.2485908830219782e-06
0.83495437415987561 1.3649853491366257e-06
0.39766987047039104 8.8993499122899242e-07
0.066803763596939292 6.1961040358234109e-07
0.48397499846555336 9.5586951799337683e-07
0.43378147702838588 9.170509520486517e-07
0.19697894825303941 7.3836372595753519e-07
0.89614490114412015 1.5107349839032922e-06
0.97414825302068886 1.8476214394354665e-06
0.051747188033081426 5.989786714563997e-07
0.79574637985743246 1.2929040516973878e-06
0.6457165579415387 1.100395834850678e-06
0.26143625816590799 7.8860465506045402e-07
0.63515611828281293 1.0894952416815281e-06
0.12864319168347449 6.805149519160095e-07
0.069406508297497282 6.2317689393244611e-07
0.99348907505226047 2.1026709065170034e-06
0.63636985845866012 1.0907480766294589e-06
0.25322262453323352 7.8237497758345206e-07
0.45003395590376594 9.2941628801227536e-07
0.95008818229784042 1.7047372863841162e-06
0.43872506838680969 9.2076306132211041e-07
0.9004445320023442 1.5224561796999046e-06
0.86880919797846168 1.4400146182670363e-06
0.3441563160908433 8.5040595941019419e-07
0.69600900407710253 1.1555147887485356e-06
0.66049850378259245 1.1156539096154526e-06
0.77121187061984187 1.2543036262946051e-06
0.36592916426748545 8.6633159510200449e-07
0.052236498498132722 5.9964916405271042e-07
0.17103924111251101 7.1723110895388231e-07
0.61655368767375918 1.0707411550912416e-06
0.77510018689735349 1.2600499409634313e-06
0.75604863453559601 1.231894768650561e-06
0.58368158511503065 1.0400367426030524e-06
0.084758145714892486 6.386027227939327e-07
0.017288627185812477 5.359521844275635e-07
0.78214175732207269 1.2704562650727015e-06
0.54937643418986271 1.0095868698617132e-06
0.78271210273150782 1.2712991451160481e-06
0.16278846147938886 7.1008570449345822e-07
0.40742317077114354 8.9725867837630444e-07
0.91916928707797307 1.5808836975826388e-06
0.17159799124716568 7.1771500209876724e-07
0.061526903812544331 6.1237962543653711e-07
0.6534673837817484 1.1083963160748896e-06
0.59453634062175631 1.0501757013125386e-06
0.9520305058577333 1.7139032279040912e-06
0.90646842105487579 1.5407822027694379e-06
0.74943039022057101 1.2224626076812795e-06
0.019157237878252187 5.4025451177216931e-07
0.48038696840656014 9.5307305161622113e-07
0.89610193653703885 1.5106178583665821e-06
0.43365108811447728 9.1695304389618044e-07
0.96214571961299467 1.7679118459587961e-06
0.6524879806439825 1.1073853661998479e-06
0.10945712754279413 6.6256457988236498e-07
0.50927207518668349 9.7563622889574321e-07
0.6956171356451476 1.1550628021474408e-06
0.065368972239620682 6.1764433694153929e-07
0.34464953207076743 8.5076671965386682e-07
0.71708106305398633 1.1804294129142881e-06
0.15707136230703411 7.0513453772579454e-07
0.34833989827052259 8.5346601867023159e-07
0.68991032246723394 1.1484804829784802e-06
0.77554090186411384 1.260701247775306e-06
0.51851179382542056 9.8345818087122475e-07
0.95685752770000965 1.7386828610550372e-06
0.92533085879899646 1.6026770923548063e-06
0.47343705390778512 9.4765637396849109e-07
0.16027441011132237 7.0790846614049062e-07
0.77293156388395845 1.2568450601503405e-06
0.24313957539314401 7.7471697976713227e-07
0.84282130999910498 1.3811236089040076e-06
0.58714434115509828 1.0432711535936561e-06
0.39409300639774658 8.8724914821906404e-07
0.55638335858254417 1.0155186333967636e-06
0.53280876845792724 9.9556139021585847e-07
0.92473284589991767 1.6005619289227221e-06
0.21436304976156284 7.5205436868803865e-07
0.92815845255167639 1.6126782527238743e-06
0.031341041459855501 5.6830674947075492e-07
0.7692032815330766 1.2513352502394788e-06
0.91966813071156517 1.5826481006811795e-06
0.39405219098652955 8.8721850020317963e-07
0.073067186995267264 6.2726067298724948e-07
0.80466753149371006 1.3080725272076493e-06
0.84286485569173508 1.3812197071761196e-06
0.3362573879884535 8.4462832984634991e-07
0.51859328568590612 9.8352716840688823e-07
0.80946906801014951 1.3162364943758645e-06
0.19204297725011954 7.3447646060212022e-07
0.62897575639127001 1.0831158093098693e-06
0.43063065951581914 9.1468502451553453e-07
0.17441575225426353 7.2015526143955719e-07
0.83144020725095957 1.3580740267523224e-06
0.32468083219992672 8.3616071878516688e-07
0.93442611565501621 1.6364618711500597e-06
0.56893386981980199 1.0262615381458966e-06
0.51450998138473836 9.8007041702799814e-07
0.42330594421935908 9.0918494540177381e-07
0.40067088985630539 8.9218843636322656e-07
0.81796627483710393 1.3315748042879016e-06
0.67750084948612599 1.1341672210346039e-06
0.77369013112342244 1.2579661022015319e-06
0.4210841596112086 9.0751662238525075e-07
0.26143722470273545 7.8860538813584716e-07
0.086865218528181964 6.4064691141590766e-07
0.77665598998404473 1.262349171134229e-06
0.41527643051770413 9.0315563793838746e-07
0.509223592096683 9.7559518517824117e-07
0.46934323519704535 9.4446570215400585e-07
0.43113785636924018 9.1506587519807423e-07
0.68389957706784976 1.1415476040794077e-06
0.60873411575860858 1.0634372303990226e-06
0.97205379864430552 1.831233920648128e-06
0.13890390764923166 6.8940101709881222e-07
0.57351931323271677 1.0305446029647609e-06
0.063240163402313976 6.1472727167046411e-07
0.80791841870819991 1.3135999529381e-06
0.61631133325109311 1.0705147822832173e-06
0.42837881599253791 9.1299413046319613e-07
0.80223565464394608 1.3039376502384458e-06
0.45500260849157825 9.3328879456131024e-07
0.22778609531344718 7.6262552883203684e-07
0.4725007611103369 9.4692663890936743e-07
0.070831796637339184 6.2509199637269284e-07
0.89786110963938748 1.5154135287514765e-06
0.73095837473446112 1.1984609392487887e-06
0.76031578621502771 1.2382009419501562e-06
0.87449330401844227 1.4539921056910648e-06
0.79157258881508363 1.2858074289975372e-06
0.43185259025343981 9.1560256403160254e-07
0.11863640152544963 6.7146990451803406e-07
0.37336477998095274 8.7177033724709596e-07
0.93408471437972229 1.6350562933255353e-06
0.94909049123137967 1.7000291223279254e-06
0.76787086552379558 1.2493661507340213e-06
0.20443058307138751 7.4423217248070838e-07
0.19444985846416063 7.3637197132380124e-07
0.87977151088072036 1.4669714677085905e-06
0.14191592301112477 6.920095061093947e-07
0.58413747733248922 1.040462571850512e-06
0.3782516822790678 8.7535400521445247e-07
0.30201100796117653 8.1937880645783892e-07
0.67738202567698047 1.1340301679697349e-06
0.9595690766519378 1.7536701808584468e-06
0.77763373824029858 1.2637941279603561e-06
0.48616259310155396 9.5757450227328522e-07
0.44071150820221638 9.2225466552749731e-07
0.90766418832238682 1.5444892864046e-06
0.57810709847375397 1.0348298551842185e-06
0.49663902306619523 9.6573970258294136e-07
0.68283586953142306 1.1403207087371371e-06
0.23715381712952643 7.7000296691934913e-07
0.063735487574879679 6.1540600473300785e-07
0.85511144048534404 1.4082459310539814e-06
0.60726170069945684 1.0620619110305933e-06
0.16487710122506882 7.1189452455878737e-07
0.29804792650074718 8.1637298462335301e-07
0.98993351258953077 2.0023135010791443e-06
0.6344236324636553 1.0887391623728216e-06
0.63611214096712243 1.0904820580148355e-06
0.072163663208722029 6.2638411426915946e-07
0.96899173424393181 1.8105323691607142e-06
0.89278288955872065 1.5015698259252362e-06
0.54778244226322048 1.0082374642372572e-06
0.30938891645087352 8.2497462341305434e-07
0.69805522838609169 1.1578749328557894e-06
0.83337439447186912 1.3618779984422809e-06
0.78612140982325351 1.2765388862789731e-06
0.97704737204787884 1.8703048495209348e-06
0.63685539866694252 1.091249256168265e-06
0.32122543155886529 8.3363328409530262e-07
0.49792761306853361 9.6674401373870959e-07
0.81631716795061648 1.3283315009292102e-06
0.2653425872153774 7.9156743270376547e-07
0.23140825494399142 7.6547811764085851e-07
0.72483458032647075 1.1905039687146392e-06
0.44442742651541078 9.2504662815176944e-07
0.81657039518972263 1.3288295236843356e-06
0.14368358615898891 6.9354035152072669e-07
0.33569646314940671 8.4421804431252035e-07
0.26809990659010119 7.9365873737765371e-07
0.69786814806627351 1.1576591517645071e-06
0.75932921332664949 1.2367429437175684e-06
0.45600269588655629 9.3406825034297624e-07
0.47802937639893561 9.5123557348142999e-07
0.13203188278912947 6.8344965258891829e-07
0.70182809381305244 1.1622266092901794e-06
0.99231763359924741 2.084259921454605e-06
0.77792184083180937 1.2642198978899527e-06
0.22311232318762808 7.5894475508902791e-07
0.62312273959423559 1.0770742658724278e-06
0.29495681066425294 8.1402851011102414e-07
0.030176552916282962 5.6562560731323529e-07
0.17982285565583356 7.2483796325460158e-07
0.10259357226384136 6.5590586286079811e-07
0.19593255356819417 7.3753965024799735e-07
0.79560442144900345 1.2926626823395377e-06
0.29283213403043173 8.124170369477978e-07
0.75703995094511189 1.2333597770549428e-06
0.94886255484277082 1.6989534768219942e-06
0.57427311506777468 1.0312486967304888e-06
0.48540894201005458 9.5698711590727569e-07
0.75012717559026376 1.2233679778302248e-06
0.097090139893090011 6.5056667678087543e-07
0.42821208748488515 9.1286893515587105e-07
0.49882459493206066 9.6744311034075303e-07
0.83105131039837765 1.3573091821697797e-06
0.81421766023129938 1.3243104413001413e-06
0.84826535984998119 1.3931377428484199e-06
0.69787292786770183 1.1576646648551908e-06
0.53055580718483764 9.9365412922991826e-07
0.82787932134338216 1.3510708219760922e-06
0.87328241525526962 1.4510144725610536e-06
0.48048459265881371 9.531491387544373e-07
0.98566190788877162 1.9521576785518895e-06
0.87481812497917866 1.4547908559011804e-06
0.51046966542140793 9.7665005774363108e-07
0.069287595347106379 6.2301394983347989e-07
0.22449205087189628 7.6003134324438564e-07
0.77639857937628487 1.2619687590880599e-06
0.11115425699868475 6.6421105963468752e-07
0.46980006631926319 9.4482175069660896e-07
0.60485219210472752 1.0598112930284673e-06
0.87834682837051525 1.4634681055739718e-06
0.8471138628934799 1.3905965760606536e-06
0.7642779210597328 1.2440563487517262e-06
0.40769424261119902 8.9746222438532658e-07
0.14224925434229707 6.9229818030583023e-07
0.66964930955784785 1.1251111436470033e-06
0.18128862248847266 7.2600699620290429e-07
0.56131448340861578 1.0196931134954248e-06
0.98067818246334437 1.9025263667550167e-06
0.55030977580727458 1.0103769970932403e-06
0.64555686726044748 1.1002310005063007e-06
0.67757547191617384 1.1342532916026118e-06
0.8303883576755049 1.3560053511019667e-06
0.43498067810704877 9.1795142401773159e-07
0.49750990105249771 9.6641845414501267e-07
0.17597201392458994 7.2150302729626435e-07
0.61467988773750204 1.0689909194298508e-06
0.2957580063243892 8.1463618154876243e-07
0.50762474888869957 9.7430184180312016e-07
0.76655719350989782 1.247424751880449e-06
0.017569904681986603 5.3659980346779936e-07
0.56391552658437316 1.0218950457838858e-06
0.17344501731068973 7.1931457800064235e-07
0.27938333978385366 8.0221672191579393e-07
0.034713280086997922 5.7563743929434407e-07
0.16946276018590223 7.1586583265931937e-07
0.98662939328715182 1.9626285354922031e-06
0.99852276119931194 2.3177458547379664e-06
0.71984791988964747 1.1840245365985252e-06
0.61185685477119356 1.0663540461568244e-06
0.77700695309926504 1.2628678389465344e-06
0.8965542721851617 1.5118509676432296e-06
0.51930505956540818 9.841297258353716e-07
0.035283999417701217 5.7641948487305004e-07
0.70939582058005268 1.1709553325567245e-06
0.9846025020724225 1.9406919894951864e-06
0.25805295597196132 7.8603857013165032e-07
0.46346556546109996 9.3988471885053568e-07
0.36127440105128117 8.6292689294216328e-07
0.39046749422986338 8.8452677568386168e-07
0.72139999387535692 1.1860412285624155e-06
0.37840438975605006 8.7546867222479639e-07
0.94108412545872666 1.6638734586653814e-06
0.78965845376356036 1.2825528592025012e-06
0.027647025087695121 5.5980157088343948e-07
0.81854888203372478 1.3327206195731818e-06
0.77285742243865863 1.2567354908549726e-06
0.51649372838123353 9.8174977268208025e-07
0.49681739674641356 9.6587872482943843e-07
0.83552690346695335 1.3661113442069329e-06
0.42478528916303493 9.1029577550198149e-07
0.15946234329329845 7.0720519370786181e-07
0.31289883284903264 8.2754283710697749e-07
0.26520240335748935 7.9146110945376679e-07
0.68105902965145027 1.1382712764467332e-06
0.17887335004084526 7.240156650042278e-07
0.64477243643280702 1.099421303031785e-06
0.46596694726376187 9.4183426497823339e-07
0.83966092941178183 1.3742417451782964e-06
0.48499874321746794 9.5666741202727535e-07
0.92980393456938293 1.6184983000796529e-06
0.90046912788558775 1.5225232303776941e-06
0.18528757910402283 7.2915632700331615e-07
0.68616635235188361 1.1441621348058674e-06
0.21462474912077523 7.5226046691106275e-07
0.82330430623045769 1.3420731263122188e-06
0.63572315453656913 1.0900805422669305e-06
0.29411769428165113 8.1339207748411922e-07
0.24912362838350643 7.7926607047433893e-07
0.42957765504543 9.1389433058957635e-07
0.80072297146113103 1.301365661918013e-06
0.79616160903945166 1.2936100584928549e-06
0.033376225554935468 5.7299259881272631e-07
0.30228721547090009 8.1958829762572575e-07
0.42285096346971762 9.0884330343795907e-07
0.58558201344424321 1.0418118506972222e-06
0.14952700881469905 6.9860091793564298e-07
0.33528302052892478 8.4391563387453604e-07
0.88559702056795875 1.4819804750747038e-06
0.47654751341364954 9.5008062774636916e-07
0.74414322604343941 1.2155927151336537e-06
0.48477850649633991 9.5649576224298617e-07
0.46498257640046359 9.4106705846752822e-07
0.62192552508350407 1.0758384888840235e-06
0.25936451218961754 7.870333274576226e-07
0.24980209930624997 7.7978066063202515e-07
0.98935385489160899 1.9949871142034531e-06
0.86899200931922227 1.4404641600592684e-06
0.73775489644964454 1.207292020016598e-06
0.13714453905553325 6.8787735500190257e-07
0.030224711184766662 5.6573648789216185e-07
0.17541250419709298 7.2101847632286806e-07
0.93773096450752003 1.6500682124166095e-06
0.81628977024898786 1.3282776177889232e-06
0.52307601248857638 9.873220538509849e-07
0.96878059136837724 1.8091838898911829e-06
0.146582102902301 6.9605054757336789e-07
0.55915044000603686 1.017861126588717e-06
0.18322212639870983 7.275297042496854e-07
0.30642860480430589 8.2272935808783134e-07
0.9401350189632256 1.6599659072303731e-06
0.86827851654868349 1.4387096473606675e-06
0.10179878563058609 6.5513479610774079e-07
0.24954380556093847 7.795847562613681e-07
0.59450746958205059 1.0501487341202057e-06
0.061352787340824388 6.1214103702790437e-07
0.55008464735143736 1.0101864129381677e-06
0.58449143579401064 1.0407931891752427e-06
0.29096718133045951 8.1100255288991705e-07
0.29312298012512339 8.1263763083430457e-07
0.22907926877007079 7.6364395223312672e-07
0.93567637019604277 1.6416092744699945e-06
0.38887114069907747 8.8332808462796534e-07
0.58526906311389038 1.0415195372982146e-06
0.30157457425351453 8.1904779081233821e-07
0.70266400441490429 1.1631907604208666e-06
0.10144127105864253 6.547879513211972e-07
0.071641543094663973 6.2587757648378709e-07
0.74428376058188628 1.2157753191054645e-06
0.72666795831534992 1.1928861738743089e-06
0.26500133614066224 7.9130860887143633e-07
0.35504671272468835 8.5837168295370361e-07
0.95726050133282226 1.7409101838193967e-06
0.10433029499531432 6.5759075425363987e-07
0.18314706654667101 7.2747059175444564e-07
0.43003836497323322 9.1424027455447513e-07
0.28209890605552512 8.0427635870950738e-07
0.64900854863220714 1.1037938611067111e-06
0.69060172294668443 1.1492779540866864e-06
0.52638808389009517 9.9012591232925423e-07
0.61119730140276984 1.0657379858167266e-06
0.43342083202034487 9.1678014615437115e-07
0.76038725372516602 1.2383065595935118e-06
0.042098497846269733 5.8575725929290953e-07
0.31289133665588087 8.2753735405578262e-07
0.68443004139489405 1.1421594491494137e-06
0.32964510787538248 8.3979181221123682e-07
0.07853528044294944 6.3256557481083557e-07
0.3450134284667753 8.5103288976562108e-07
0.71149477178866327 1.1733762926169943e-06
0.12198486525331775 6.7471843556567172e-07
0.72463136421165453 1.1902399192495646e-06
0.7754557163575756 1.2605753571093066e-06
0.6353007444226989 1.089644526253333e-06
0.24423404855814423 7.7555754064791854e-07
0.8052953571950614 1.3091400080849989e-06
0.21444250177846536 7.5211694018056572e-07
0.9058209521713505 1.5387749381723819e-06
0.70664569914208208 1.1677833035286529e-06
0.054719926647059713 6.0305215725693366e-07
0.79928711866166302 1.2989243069323514e-06
0.5064335403599074 9.7337342856683766e-07
0.45264889631305139 9.3145434031746844e-07
0.4205111926984868 9.0708638541057129e-07
0.60663006644091688 1.06147192872626e-06
0.72457850078296127 1.1901712309957758e-06
0.89597661572456067 1.5102762221124749e-06
0.27294481294722528 7.9733338435619594e-07
0.63077627291042371 1.0849743207643058e-06
0.68634261146812992 1.144365434567644e-06
0.6747971397868926 1.1310487239635159e-06
0.49300064778296993 9.6290399775892174e-07
0.39102254820370108 8.8494356195403791e-07
0.76237881706709165 1.2412497742984967e-06
0.30000980404080135 8.1786098188138654e-07
0.20805316239824312 7.4708509181637664e-07
0.54582919376012384 1.0065839273077506e-06
0.26761085766217696 7.9328781541696123e-07
0.033233162764539026 5.7266320812818815e-07
0.051575743382305417 5.9874374419194736e-07
0.69501052638687466 1.154363130434995e-06
0.9731458459920731 1.8397783638358124e-06
0.454688383626075 9.3304389157644158e-07
0.14706112558473416 6.9646539452891645e-07
0.81808321052935307 1.331804782057402e-06
0.26143589697371983 7.8860438111217e-07
0.99562646160388057 2.1898881230213052e-06
0.56326416582706007 1.021343631529662e-06
0.23263254856010063 7.6644229554140555e-07
0.49600476952434391 9.6524537319460946e-07
0.33538127182964861 8.4398749927353569e-07
0.77947198462694778 1.2665107645255479e-06
0.10581588580805579 6.5903200859338694e-07
0.85700271703254827 1.4124196712632817e-06
0.76733689426413465 1.2485770259141431e-06
0.86136380390148748 1.4220438817723424e-06
0.89499374604166482 1.5075968274445021e-06
0.22977782294308124 7.6419409027770153e-07
0.52100580722862078 9.8556950631616358e-07
0.84992222016637731 1.3967941645039199e-06
0.37738797211611153 8.7471308004963981e-07
0.060407576795632467 6.1084583343474291e-07
0.29163435653851655 8.1150857574809681e-07
0.24192031147481086 7.7375676294534771e-07
0.87006261868910451 1.4430968394812075e-06
0.46384634940914826 9.4018149716347325e-07
0.68354423744631321 1.1411377503257605e-06
0.96211914969158541 1.7677649882341628e-06
0.29918785238520373 8.1723756793999872e-07
0.76119955752739576 1.2395070157604375e-06
0.022764121518721425 5.4855907418208531e-07
0.10411617531152817 6.5738302482987437e-07
0.16186509000327809 7.0928603913364856e-07
0.31241833687250842 8.2719138084312893e-07
0.40298721512937841 8.9392774932481861e-07
0.47701589073225437 9.5044567525203828e-07
0.24533134628339748 7.7638979239303929e-07
0.066215319610135936 6.1880407025273658e-07
0.67752309184024329 1.1341928756809545e-06
0.023661353534264462 5.5062487946220312e-07
0.80947063485872484 1.3162391584606389e-06
0.9291548251512014 1.6162024089594547e-06
0.71036891365963439 1.1720777119007167e-06
0.5959605172748319 1.0515059632674578e-06
0.65701852932863281 1.1120618446079788e-06
0.65222204661759431 1.107110866394426e-06
0.93170513606650052 1.6252593688532867e-06
0.96430587119396738 1.7806057653568069e-06
0.42671164190822175 9.1174226073324463e-07
0.61707917614841812 1.0712319911993027e-06
0.80280705373417227 1.3049091899521569e-06
0.0010381571721375105 4.5388116084413674e-07
0.52701591682771565 9.9065740893415132e-07
0.65287633981769766 1.1077862344868684e-06
0.7172054497375816 1.1805910351227211e-06
0.36878940939628113 8.6842370641150887e-07
0.29564442061159224 8.1455003181426421e-07
0.1821425665679085 7.2667950972324073e-07
0.55781554905268449 1.0167310648046004e-06
0.91930343225212152 1.5813581672259966e-06
0.89597815072404818 1.5102804066646223e-06
0.35996592715769238 8.6196981657013889e-07
0.25785513993820264 7.8588853542774125e-07
0.78879382267077702 1.2810827423284688e-06
0.72498001824418823 1.1906929439069345e-06
0.50533983113749226 9.7252100508749604e-07
0.3890302595388575 8.8344756588721687e-07
0.12379790374517496 6.7631879790562009e-07
0.78513858909223655 1.2748851070525823e-06
0.61746444358169739 1.0715918528834934e-06
0.37688167973801667 8.7434275514305605e-07
0.91878797606679952 1.5795350057595562e-06
0.65967270641186215 1.1148015131746429e-06
0.92923886684374624 1.6164996632747297e-06
0.4744124603396439 9.4841659371188973e-07
0.45461782406392992 9.3298889832390992e-07
0.9372392903140796 1.6480439483227046e-06
0.95979142824353325 1.7548991663833693e-06
0.96076731887888622 1.7602931258155924e-06
0.81889739390744287 1.3334060388991425e-06
0.46240614482433862 9.3905901947197484e-07
0.2102992942690588 7.4885400630148005e-07
0.38344088127782827 8.7925053960180594e-07
0.93829749151778863 1.6524006518661754e-06
0.36355429508029991 8.6459450948123588e-07
0.75671742682353749 1.2328831375640733e-06
0.9230043510911079 1.5944482664619731e-06
0.9703921628814296 1.8194763080985711e-06
0.94767414687535612 1.6933453082572284e-06
0.55505759772227592 1.0143963007603005e-06
0.49188007465087036 9.6203063687968228e-07
0.98764050876798626 1.9735715901033419e-06
0.21817920458030682 7.5505973610389826e-07
0.18753026168476261 7.30922525040976e-07
0.96318229774583508 1.7736412383664283e-06
0.68919482182416958 1.1476552144001301e-06
0.53630400979815784 9.985203125569979e-07
0.13204979284130569 6.8346516319184274e-07
0.51324024901632925 9.7899551572464325e-07
0.944221153521555 1.6770504252607268e-06
0.60289132334867168 1.0579797301397359e-06
0.40462862243953479 8.9516027095854399e-07
0.55110300146512836 1.0110485081255611e-06
0.88614508701778449 1.4834745554689951e-06
0.91284866113532759 1.5605620413996414e-06
0.40008816565289529 8.9175087270504488e-07
0.60806100243432204 1.062808504289299e-06
0.27920261268283075 8.0207964841080493e-07
0.45108529615847648 9.3023568964072026e-07
0.2198826367831429 7.5640125390930391e-07
0.53147226186557517 9.9442996070062775e-07
0.57824013496466198 1.0349541188295246e-06
0.33783673613077314 8.4578353576801261e-07
0.27211830063864817 7.9670651136143207e-07
0.15102560663145193 6.9989874529261427e-07
0.13954366620615977 6.8995506578869812e-07
0.71146111571411763 1.1733374732238011e-06
0.22163800357270336 7.5778367218183185e-07
0.1179770211065605 6.7083020287063729e-07
0.99887168976428875 2.3834094219346895e-06
0.25991650188905702 7.8745198720700022e-07
0.89604831542813212 1.5104716822093605e-06
0.60918595375191742 1.0638592727706538e-06
0.71507016680681501 1.1778165488760873e-06
0.56091891149963535 1.019358239177724e-06
0.1808111950599689 7.2563100390038682e-07
0.84705157145260257 1.3904591089663415e-06
0.8279727664867842 1.3512546008141606e-06
0.34968546535026745 8.5445022665887221e-07
0.76385069641146386 1.2434249784906621e-06
0.54304025834442782 1.0042229334574795e-06
0.90904914056006469 1.5487828758975315e-06
0.80282437130396789 1.3049386347081762e-06
0.04099576980203079 5.8424621253994706e-07
0.8792759721912583 1.465752914474123e-06
0.96856641797848986 1.8078160560223404e-06
0.74215620262510373 1.2130108703268242e-06
0.11991353084706802 6.7270891876166969e-07
0.80737588983712016 1.3126775007446951e-06
0.64748904262358586 1.1022254115578919e-06
0.33882631752198022 8.4650735989041965e-07
0.88403055119266671 1.4777101330703256e-06
0.56556668845317282 1.0232928490446202e-06
0.85292793101940223 1.4034272802496552e-06
0.67011374858424277 1.125646834199847e-06
0.2885161037049282 8.0914351902487917e-07
0.97501869586103651 1.854431995234793e-06
0.57100554793955849 1.0281966032795647e-06
0.51675524182645893 9.8197115881833342e-07
0.40350962825325498 8.9432002580180019e-07
0.13634420307768735 6.8718424180288069e-07
0.68621288003616165 1.1442158004960806e-06
0.43079919800581401 9.1481157892634327e-07
0.93461251035564208 1.6372292738423403e-06
0.96509716861889827 1.7856594436812598e-06
0.76764085534995097 1.2490262321827483e-06
0.2424947637025352 7.7420916597645401e-07
0.71597968080396635 1.1789983286017893e-06
0.020421750965055496 5.4316595247674031e-07
0.82640050280839272 1.3481624252185951e-06
0.49361856709052909 9.6338559644649522e-07
0.93673964988518643 1.6459868865660269e-06
0.37776004132596508 8.7498522812324941e-07
0.2631736044838443 7.8992235532694089e-07
0.99505633875603927 2.1780439846858066e-06
0.53067787151207524 9.9375746368661579e-07
0.86318254241043813 1.4261784042892867e-06
0.91105716402100867 1.5550080930558677e-06
0.51846871278142337 9.8342171029561806e-07
0.45571392551918766 9.3384318628002583e-07
0.55288595477235014 1.0125578804007238e-06
0.84773950288141409 1.3919772619143684e-06
0.96466023160079961 1.7828689137642578e-06
0.32832210936971618 8.3882411188782873e-07
0.73863038211984666 1.2084295849341559e-06
0.28537447728995946 8.0676073447497809e-07
0.61095304133150541 1.0655098330245803e-06
0.80478958821827051 1.3082800580862672e-06
0.88648632466129329 1.4844048011958093e-06
0.44871618427924675 9.2838923306007358e-07
0.36975568256589153 8.6913048185738263e-07
0.25345161201088784 7.8254865444753612e-07
0.13341717041818757 6.8464935017433257e-07
0.36491756864367408 8.6559166878453121e-07
0.87197780474784725 1.447806373198992e-06
0.41880951621063822 9.0580860805945469e-07
0.31729316581122202 8.3075704892238065e-07
0.7391322445864148 1.2090816814273804e-06
0.21558447162593875 7.530162849746063e-07
0.25628680248768243 7.8469902090484138e-07
0.93590864833830245 1.6425655831586509e-06
0.081589692617216714 6.3552883007856005e-07
0.41463118024342327 9.026711238770101e-07
0.57675119239480432 1.0335633618265474e-06
0.23026071561460559 7.6457438666746757e-07
0.28101248423471969 8.0345235585641307e-07
0.22184536474866445 7.5794697701382837e-07
0.3451855720606416 8.5115880329518553e-07
0.89850575507844832 1.5171708925019417e-06
0.43158734657166509 9.1540339434716565e-07
0.41782901652343174 9.0507235748419221e-07
0.3865808801743893 8.8160834350942715e-07
0.9641157269375743 1.7793913952896521e-06
0.11729943621981564 6.7017284005566013e-07
0.87187542093936643 1.4475546065385183e-06
0.32716106772797549 8.3797487406375668e-07
0.95651159170535338 1.7367707977010869e-06
0.31522724624365883 8.2924594288174376e-07
0.082874363256320471 6.3677516057405994e-07
0.52004188435251586 9.8475349029449041e-07
0.22786557930991036 7.6268812550968708e-07
0.75298981547337585 1.2273743192858376e-06
0.65730561832795442 1.1123581807915161e-06
0.68646915792237673 1.144511395040781e-06
0.19348948861063664 7.3561564344874269e-07
0.70863026488514047 1.1700723297724334e-06
0.31133102698033732 8.2639607372086663e-07
0.99867402806007111 2.3231066336425965e-06
0.73176766307400631 1.1995124904672601e-06
0.59041150740851278 1.0463228726047267e-06
0.867117779215548 1.4358553389852811e-06
0.5893116997194271 1.0452955897017532e-06
0.55274986677553339 1.0124426741030907e-06
0.23731560280537956 7.7013037930738257e-07
0.67811199532542499 1.1348721253038755e-06
0.37464442824946143 8.7270632926672465e-07
0.043082627812130347 5.8710579340988941e-07
0.81606179636995768 1.327829260891253e-06
0.051873166648741864 5.9915129749881416e-07
0.67230012284052587 1.128168629241842e-06
0.15672089148491519 7.0483102025387429e-07
0.43256951657086384 9.1614089914839184e-07
0.85909165854672065 1.4170296259552418e-06
0.094419549114146628 6.4797578801337002e-07
0.66715067855262089 1.1225203520365545e-06
0.61261874248608528 1.0670656925939795e-06
0.86752974635629276 1.4368683858018551e-06
0.17273487132406673 7.1869957184049738e-07
0.79978750463580484 1.2997751043073882e-06
0.45012119674132822 9.2948428244513879e-07
0.42864391249324552 9.1319318963036643e-07
0.36178435083987492 8.6329989304248886e-07
0.3855741461959179 8.8085239378251021e-07
0.51995962642522509 9.846838542393217e-07
0.10679982292346579 6.5998658075784859e-07
0.42506586987295791 9.1050646165699384e-07
0.65198121505952289 1.1068622776119828e-06
0.49819235343831458 9.6695034911789979e-07
0.1658294688496228 7.1271930138898326e-07
0.36305170179163204 8.6422689025422736e-07
0.44296167442592982 9.2394430010694874e-07
0.66887481463296816 1.1243000228256005e-06
0.90076632253749778 1.5233334107907592e-06
0.55037551258781847 1.0104326470497531e-06
0.67636812811736413 1.1328607241603853e-06
0.077189625439404441 6.3126007998882417e-07
0.95446702934759309 1.7254700576233624e-06
0.3152086903555229 8.2923237027461426e-07
0.35429174968792143 8.5781946919706557e-07
0.22284278064151264 7.5873248005728528e-07
0.084670071765549193 6.3851727735322248e-07
0.7900467901418512 1.2832131406419395e-06
0.24049008170617281 7.7263040247308789e-07
0.28268773534531311 8.0472295965720467e-07
0.18179627660627262 7.2640679317567624e-07
0.97488528029888011 1.8533881195333145e-06
0.78103479727920444 1.2688203537223498e-06
0.92989964998070052 1.618836844178313e-06
0.86172336705351038 1.4228373792582598e-06
0.90629679954526166 1.5402501466519823e-06
0.47903405184919301 9.5201860513679666e-07
0.17054143735710048 7.1679999706718883e-07
0.32688033435754438 8.3776953311122037e-07
0.29245151698170357 8.1212835576698735e-07
0.71713383760135641 1.1804979856798644e-06
0.025672686307342429 5.5525581303425551e-07
0.14204221491797708 6.9211887841051832e-07
0.68288512025486092 1.1403775152192951e-06
0.12344235380044144 6.7601088177236122e-07
0.048291850770400213 5.9424389013072115e-07
0.10921516461119085 6.6232983817405598e-07
0.69067415304309632 1.1493614959860193e-06
0.13932525940470009 6.897659194288715e-07
0.14630436113648138 6.9581001548542228e-07
0.2303001967590993 7.6460547957402875e-07
0.75091070419652262 1.2243860580623974e-06
0.20035291226077601 7.410208512505998e-07
0.035375396724207198 5.7654472482132818e-07
0.90586335557594055 1.5389063959999224e-06
0.87631842429092277 1.4584801633515835e-06
0.18481900089647241 7.2878730379968805e-07
0.26534258977345493 7.9156743464395404e-07
0.18855757144364094 7.3173157064367599e-07
0.71953453896172992 1.1836173441548747e-06
0.25000888418923206 7.7993749781100208e-07
0.93144975737850211 1.6243195528099893e-06
0.8276410243835689 1.3506021626451166e-06
0.58840112756967322 1.0444450635500916e-06
0.0089382247137131943 5.0872167255028866e-07
0.88366940641666669 1.4767256186387382e-06
0.72776164653255415 1.1943072609223137e-06
0.78790739654100639 1.2795755677405596e-06
0.071825204571991041 6.2605575670607432e-07
0.70856017021854223 1.1699914815909337e-06
0.80458947362414368 1.3079398067998843e-06
0.95663535615705475 1.7374548706980444e-06
0.58047047278243558 1.0370373811405551e-06
0.50804185199927154 9.7462692682340815e-07
0.42539678998191177 9.1075494732584433e-07
0.70128768096464378 1.1616032894546888e-06
0.92082130471461376 1.5867268613330581e-06
0.59975504871603569 1.0550502713433399e-06
0.2272836415083398 7.6222982730377913e-07
0.017573950309176745 5.366091182023006e-07
0.61911311826752757 1.0731318087631675e-06
0.86459788801905268 1.42965880653828e-06
0.065975277573409374 6.1847514532689917e-07
0.3975712089613459 8.8986090696997788e-07
0.94004692608090279 1.6596032214091653e-06
0.50167699585680525 9.6966623644311759e-07
0.22065822978859306 7.5701206297163535e-07
0.35365641176884843 8.573547546058343e-07
0.40813956619480629 8.9779661484856375e-07
0.11728951441679214 6.7016321436227051e-07
0.66079224384841118 1.1159571110974405e-06
0.5921643290924764 1.0479601077011584e-06
0.64772287786557736 1.1024667786717558e-06
0.61079156868018791 1.0653590083889259e-06
0.01667206828833967 5.3453260665521655e-07
0.17446284956631963 7.2019604902068324e-07
0.16557200194586053 7.1249632789503989e-07
0.097951486297989443 6.5140231687331506e-07
0.73547577319827639 1.204330634420248e-06
0.12013721447849168 6.7292592670339551e-07
0.66819407345034421 1.1235973548567402e-06
0.17839030965367542 7.2359733860472109e-07
0.11831017824792633 6.7115341715797199e-07
0.16253004861607934 7.098619117722576e-07
0.50840345653801999 9.7490875694127529e-07
0.64548250985775568 1.1001542480393533e-06
0.81192486005763675 1.3204120339305481e-06
0.1285622054646306 6.8044481559979548e-07
0.61618674738583012 1.0703984120026611e-06
0.77383959941124725 1.2581869926213314e-06
0.31240517150788438 8.2718175110617163e-07
0.079715579367437672 6.3371064849635363e-07
0.15594596306651387 7.0415991070743505e-07
0.09155864756045673 6.4520026817003191e-07
0.88721193102267792 1.4863828719915356e-06
0.37670166836023455 8.7421108676417969e-07
0.52334860513578596 9.8755281916740964e-07
0.7686881518043146 1.2505739702135063e-06
0.37149842212072381 8.7040519957142703e-07
0.64910265462761274 1.1038909982718144e-06
0.076679853218437732 6.3076552158185947e-07
0.48090564756860044 9.5347730375829597e-07
0.096518966170307641 6.5001254935921303e-07
0.24828414068022808 7.7862935621713978e-07
0.29334082759546865 8.1280285849603432e-07
0.71758380388694665 1.181082650715505e-06
0.67410418628925384 1.1302494615821299e-06
0.74708008893106581 1.2194087366887192e-06
0.061755047237335159 6.1269224592627702e-07
0.99391421217304687 2.1093525833179543e-06
0.054420028709768919 6.0264121295681292e-07
0.825747791439154 1.3468787358510629e-06
0.74026893348053557 1.2105586415332279e-06
0.59176179049181987 1.047584113764814e-06
0.43885716514498718 9.2086225188327793e-07
0.75713235327018269 1.2334963330339561e-06
0.73985780326884609 1.2100244382660765e-06
0.13717833548980451 6.8790662365322112e-07
0.79263247296087025 1.2876095311660175e-06
0.078556997434965248 6.3258664367362098e-07
0.50054614212853477 9.6878486299401188e-07
0.64508182656719426 1.0997406586736418e-06
0.82168885737522768 1.3388960183024877e-06
0.46311021809305375 9.3960776549434471e-07
0.23685807756514521 7.6977006073692517e-07
0.49065961545660652 9.6107942603547682e-07
0.2502081104371201 7.8008860209989547e-07
0.52872538145614834 9.9210456882615575e-07
0.46250818310651787 9.391385468506772e-07
0.78050448375039438 1.2680366344484568e-06
0.24009011344252895 7.7231541221613369e-07
0.1999851841903395 7.4073125137499761e-07
0.47418533956695996 9.482395785827182e-07
0.050504365190850664 5.9727565553142019e-07
0.22934062843550584 7.6384978293435003e-07
0.3537049141876919 8.5739023144590617e-07
0.48762971256091026 9.5871795708606686e-07
0.26943671122536406 7.9467264451058444e-07
0.56063649470840637 1.0191191571597066e-06
0.87841466644517152 1.463634922629936e-06
0.54372746135760208 1.0048046902378127e-06
0.28683952173643179 8.0787190582728773e-07
0.061980972002314894 6.1300182622970724e-07
0.13666630474832364 6.8746319080120748e-07
0.56121736854719062 1.0196109001930641e-06
0.68370883810437977 1.1413276030567045e-06
0.049667943554070559 5.9612952325976261e-07
0.18554982971348166 7.2936285935692667e-07
0.31908127067657055 8.3206494885505197e-07
0.31977310888050237 8.3257099028353696e-07
0.95840701417796104 1.7472472092515184e-06
0.20377059794242258 7.4371240902881668e-07
0.062520349479108894 6.1374092467668028e-07
0.35301482931231909 8.5688547248040684e-07
0.13444197102967947 6.8553685598420814e-07
0.12658196513578912 6.7872987244198624e-07
0.40745066111712835 8.9727932069094216e-07
0.30639113924994865 8.2270094212352367e-07
0.091726776155359513 6.4536337907847382e-07
0.6043034294274493 1.0592987174920784e-06
0.50169976602035005 9.6968398322776232e-07
0.077099668951305378 6.3117280819247937e-07
0.86274447401414434 1.4251011732424008e-06
0.28471305821233273 8.0625907738689469e-07
0.96138078494717938 1.7636838859741032e-06
0.93153863255632563 1.6246339030964831e-06
0.43409662621875278 9.1728759544153465e-07
0.22856694043833492 7.6324047413866948e-07
0.83485271253022253 1.3647854109109075e-06
0.36128584162244681 8.6293526108798474e-07
0.16355069467129824 7.1074581962094112e-07
0.55160771581894119 1.011475777785084e-06
0.48940244270126576 9.6009960109455266e-07
0.85001787881395641 1.3970052676048165e-06
0.72928137983933206 1.1962819309285469e-06
0.87613948683675369 1.4580401476309505e-06
0.7347029123873744 1.203326415419799e-06
0.642174960647797 1.0967401621215467e-06
0.50017715227701276 9.6849727685445146e-07
0.9875532894964475 1.9726276373405925e-06
0.95916482400017233 1.7514357886786274e-06
0.84885298153574962 1.3944345284831671e-06
0.77531921378552782 1.2603736279607217e-06
0.57755955011851212 1.0343184138936428e-06
0.25975336052620679 7.8732825170586067e-07
0.87543902708796484 1.4563176837534526e-06
0.010816134878957717 5.1722827614092254e-07
0.22743996679393319 7.6235293942629841e-07
0.40373244508446982 8.9448733745146272e-07
0.58615715523407197 1.0423490658243212e-06
0.56087932036035593 1.0193247230067012e-06
0.1758158263852847 7.2136776454660439e-07
0.10479819981353178 6.5804469476273603e-07
0.22232892758527967 7.5832780118415444e-07
0.3487087888964836 8.5373584178531132e-07
0.014053687920086211 5.2850399432708758e-07
0.69245582054985577 1.1514164965295527e-06
0.24772743573749145 7.7820712016447422e-07
0.3514044365483624 8.5570755913294628e-07
0.33490169058389951 8.4363671208471869e-07
0.51182980087852181 9.7780149044863723e-07
0.85979972209461097 1.4185922072207568e-06
0.14938995350554118 6.9848222422899616e-07
0.34072711323127003 8.478976869503024e-07
0.69202880773178355 1.1509239738956129e-06
0.044231413280436782 5.8867995175364776e-07
0.8299786351622237 1.3551995486313417e-06
0.96182514049742651 1.7661399355811879e-06
0.60763720258199083 1.0624126511352403e-06
0.95650837103072128 1.736752996333105e-06
0.41306182943174774 9.0149270898003362e-07
0.41503173065513688 9.0297189446867242e-07
0.10624890941343745 6.5945210889632139e-07
0.035446934999769697 5.7664275232644701e-07
0.24450431813453388 7.7576252815625531e-07
0.47812865710114771 9.5131295163631494e-07
0.50768239086288902 9.7434676724691059e-07
0.21757538174143332 7.5458420259671737e-07
0.61280567466142755 1.0672402978723845e-06
0.1812058748383879 7.2594182927359568e-07
0.32621114026910014 8.3728005460233569e-07
0.19570951518932744 7.3736399902099793e-07
0.69666359999013749 1.1562698089484203e-06
0.51657250822231182 9.8181646433770788e-07
0.73610109907261545 1.2051431534607083e-06
0.057248169591649689 6.0651655930246209e-07
0.42536208023514144 9.1072888401204595e-07
0.96695857898142057 1.7975474757986546e-06
0.053619514706363613 6.0154428421552806e-07
0.41837868969596215 9.0548510334710512e-07
0.04039821885562056 5.8342740012103738e-07
0.14665332097079997 6.9611222439991557e-07
0.4625264515730515 9.3915278506819026e-07
0.15751339768405259 7.0551735264693656e-07
0.51875542496384308 9.836644286087354e-07
0.92273168277006956 1.5934838423456429e-06
0.20040755819742673 7.4106388700916284e-07
0.10718650971219779 6.6036172713570911e-07
0.82527656198295196 1.3459519674950895e-06
0.46026984741375521 9.3739401561691295e-07
0.8826110988441378 1.4739541497291084e-06
0.30612329466538724 8.2249779386412957e-07
0.62753200518708963 1.0816255546402888e-06
0.92331355430166429 1.5955419139820507e-06
0.17169579944790592 7.1779970671880447e-07
0.80072855930540332 1.3013751628302783e-06
0.63151674984512729 1.085738648583714e-06
0.81294674462705341 1.322149526094954e-06
0.17069334495310817 7.169315532670089e-07
0.43408647033701231 9.1727996945871044e-07
0.12883722847695267 6.8068299317165507e-07
0.96008210798536464 1.7565058164304214e-06
0.062691722960134477 6.1397575441861025e-07
0.065483397994388293 6.1780113232377349e-07
0.89815619218170228 1.5162179513562724e-06
0.30076214813767499 8.1843160157114292e-07
0.59702003284715011 1.0524956110428624e-06
0.28747552890730677 8.083542891091339e-07
0.64875837562753158 1.1035356299881214e-06
0.19246936927002722 7.3481226057457394e-07
0.45886945805146928 9.363025694188122e-07
0.53349217478039446 9.9613993287966499e-07
0.33364289028713001 8.4271596920475858e-07
0.25170061126895205 7.8122059790495327e-07
0.14020666767121681 6.9052924348296938e-07
0.70614433630791984 1.1672050245328234e-06
0.16828271599442324 7.1484388159478692e-07
0.29212639118814465 8.1188176224651806e-07
0.33690876461651742 8.4510477586721703e-07
0.45436679697967008 9.327932509103302e-07
0.70256869955006696 1.1630808344395604e-06
0.42794513465370543 9.1266848208272005e-07
0.87109362143548341 1.4456321243299221e-06
0.67978564662018448 1.1368025384182011e-06
0.83848671613018 1.3719324164675597e-06
0.71635396133094065 1.1794846511211662e-06
0.14863179983709962 6.9782564208221076e-07
0.97792730186409016 1.8775417356239009e-06
0.78658626576836554 1.2773292725773693e-06
0.57272176863401247 1.0297996509711185e-06
0.16523094073812616 7.1220095941067992e-07
0.17268064857897447 7.1865261343633838e-07
0.61433117486014166 1.068665201778925e-06
0.41619713300201133 9.0384698719893449e-07
0.67585950051514576 1.1322740658781584e-06
0.37242772489970266 8.7108493321882735e-07
0.51284517145659492 9.7866105990194369e-07
0.18795803796396204 7.3125941517039862e-07
0.15520114429382659 7.0351487695096409e-07
0.075644763698490602 6.2976132362246469e-07
0.8196393048985523 1.3348651574250742e-06
0.55538625157966126 1.0146745251077655e-06
0.94714103990666232 1.6908295444577057e-06
0.74948628135932804 1.2225352299991729e-06
0.76876316024949398 1.250684820797167e-06
0.50905843419701546 9.7545536953989966e-07
0.81545393652565068 1.3266337811495767e-06
0.94206344531381681 1.6679054010482741e-06
0.7217402523354377 1.1864833444076707e-06
0.10558894088700133 6.588118366930575e-07
0.65101985925350625 1.1058699563762348e-06
0.12043321224109194 6.7321309060899055e-07
0.077222422418667835 6.3129189816398287e-07
0.69290040511593798 1.1519292866665898e-06
0.83478543192403853 1.3646530899450567e-06
0.1588414907293666 7.0666751813332866e-07
0.074148607966044722 6.2830981966603812e-07
0.88652289419204389 1.4845044931564106e-06
0.1322093369908689 6.8360333285926995e-07
0.035086093743737168 5.761482985841019e-07
0.72105436876648898 1.1855921395460475e-06
0.84771555409534294 1.3919244108326285e-06
0.5144733414642263 9.8003939923299422e-07
0.53992524409378784 1.0015858951639869e-06
0.3368605127273786 8.4506948227578473e-07
0.23846319886623257 7.7103415495896668e-07
0.75523207017558613 1.2306880160550731e-06
0.84928440812104256 1.3953866168961809e-06
0.32124475816519671 8.3364742044021712e-07
0.27381918487565138 7.9799655675377761e-07
0.2677917195450501 7.9342499114801649e-07
0.05059541802235612 5.9740042345231712e-07
0.28107502484038105 8.0349979013701403e-07
0.025650916969005011 5.5520569086596116e-07
0.78840762246837282 1.2804260929909094e-06
0.25592682903095998 7.8442599697463573e-07
0.69015518935136366 1.1487629159117132e-06
0.54318838554055615 1.0043483316281037e-06
0.8374636299771987 1.3699203099246886e-06
0.96037872755702169 1.7581452972066077e-06
0.367291614129165 8.6732815191301204e-07
0.088340819889637157 6.4207847443292003e-07
0.74964576438592279 1.2227424547455908e-06
0.021302326199183375 5.451934068438266e-07
0.22296333448624628 7.5882742080629255e-07
0.053250668473138529 6.0103886140890863e-07
0.89814837161981542 1.5161966317732343e-06
0.0052970817015722815 4.9222793350231005e-07
0.49274216501523183 9.6270253947758948e-07
0.42399912715898014 9.0970545177695921e-07
0.65274466454813951 1.1076503179350698e-06
0.28974408856924982 8.100748911792119e-07
0.87369540046945837 1.4520300228687063e-06
0.73434574158139332 1.2028623244674409e-06
0.43229442599223289 9.15934335495788e-07
0.35802624951254136 8.6055104952204256e-07
0.81588824749758448 1.327487941814074e-06
0.75706029853577073 1.2333898475662731e-06
0.39900005802404748 8.9093382005511568e-07
0.3413718626101272 8.4836928550446939e-07
0.038887989662542144 5.8135796248375918e-07
0.081707245440145626 6.3564287461541559e-07
0.05391845555423469 6.0195391703466539e-07
0.024415486348026816 5.5236121022346953e-07
0.15287238214078092 7.0149810420759336e-07
0.85714181768057485 1.4127266438044823e-06
0.7981593107558651 1.2970067152023993e-06
0.84557384782819711 1.3871980128994914e-06
0.62380036142547191 1.0777737140150757e-06
0.62406310124066999 1.0780449167232363e-06
0.12393174655301664 6.7643470949684826e-07
0.69896535364238677 1.1589246842203253e-06
0.28002641087047297 8.0270446286499909e-07
0.51925332978620109 9.8408593360917078e-07
0.95472260380085738 1.726882673118255e-06
0.87061539431842727 1.4444561410763612e-06
0.23319350729579214 7.668840719330782e-07
0.73665061570029344 1.2058571695303455e-06
0.10409074995921108 6.5735835828034247e-07
0.026742485744032596 5.577189410621203e-07
0.028174274781860187 5.6101552132577574e-07
0.17024648421801236 7.1654455945167005e-07
0.69494840209379294 1.1542914753952273e-06
0.36330589345801867 8.6441281741643988e-07
0.015942438966691785 5.3285269323362888e-07
0.98802263137684188 1.9781615660874389e-06
0.53337840323199315 9.9604361873606751e-07
0.39388021511131754 8.8708936468308899e-07
0.51884989504883139 9.837444029560926e-07
0.51997090985854988 9.8469340631304123e-07
0.47023657709299371 9.4516196181020993e-07
0.61294890446497075 1.0673740826511565e-06
0.88562661986830649 1.4820611655354106e-06
0.30171369207708654 8.1915330552250365e-07
0.48696862284596221 9.5820271191539124e-07
0.0036439961967686951 4.8473974618055065e-07
0.85981428131820259 1.4186243370629053e-06
0.30590388891311626 8.2233138431454724e-07
0.2712968983283689 7.9608351407414768e-07
0.99753716921103464 2.2828172476867417e-06
0.58439293874518794 1.0407011873323268e-06
0.12304324614099027 6.7566524344764057e-07
0.26552496989357099 7.9170576189074283e-07
0.35322658826631137 8.5704036245751965e-07
0.98606004787065393 1.9564666498288601e-06
0.43062167791485795 9.1467828029219544e-07
0.23013398829280907 7.6447458406990104e-07
0.56973096741281715 1.0270060726108144e-06
0.40475965805701042 8.9525866471634424e-07
0.054960388141870431 6.0338165695801096e-07
0.86091961245432547 1.4210636233821096e-06
0.015687527283303915 5.3226577937814444e-07
0.89848363574547663 1.5171105931317865e-06
0.79185870360180222 1.2862939048823116e-06
0.075823210142411113 6.2993444445056023e-07
0.72361107781305389 1.1889142070735542e-06
0.77094168213931891 1.2539043305793989e-06
0.6023070734286845 1.0574340075012943e-06
0.57767080015612327 1.0344223277530631e-06
0.049687026247974053 5.961556719034027e-07
0.059496371822782557 6.0959722701478163e-07
0.72728864983569685 1.193692671253083e-06
0.10556517891890982 6.5878878388515167e-07
0.24184410070647755 7.7369674405964588e-07
0.49883659382335876 9.6745246212864967e-07
0.16416367361268158 7.1127667641953072e-07
0.78983956055002558 1.2828607918514731e-06
0.80737802377908863 1.3126811290482828e-06
0.84214321126089198 1.3796271551073699e-06
0.04956812077470496 5.9599273805019063e-07
0.4278731612336244 9.1261443772897913e-07
0.84691767271433582 1.3901636161952267e-06
0.36321939030669892 8.6434954513975215e-07
0.69582037832302246 1.1552972251314811e-06
0.58924590419000955 1.045234132936963e-06
0.34720861670717862 8.5263854869953642e-07
0.27640482909042374 7.999576534192328e-07
0.65274309209940673 1.107648694837503e-06
0.13362413700289699 6.8482858898851745e-07
0.86012251908775861 1.4193045677646091e-06
0.57644344108070344 1.0332759046042705e-06
0.11150350512583918 6.6454988468300677e-07
0.70352764519336364 1.1641868959301121e-06
0.43111254988241898 9.1504687272849356e-07
0.2040814153631757 7.4395718959799723e-07
0.96106929292486609 1.7619622019339534e-06
0.71964778501442561 1.1837644907513105e-06
0.5929936233279961 1.0487347156604753e-06
0.84886718105936165 1.3944658645258734e-06
0.54386978988215262 1.0049251795002353e-06
0.44147061233290386 9.2282467167864164e-07
0.18944685986070831 7.3243191917744835e-07
0.15339042511817869 7.0194674382299759e-07
0.43196931637184821 9.1569021288345594e-07
0.45597457902751581 9.3404633640980261e-07
0.73331250523072722 1.2015197857325782e-06
0.44208501003687639 9.2328601875390539e-07
0.59315920056541782 1.0488893742128867e-06
0.83251852407624605 1.3601947556206823e-06
0.99333469551054177 2.1002445970935045e-06
0.32252531515128247 8.3458407713655512e-07
0.90195446372836874 1.5267881607935737e-06
0.80605087185359892 1.310424596225959e-06
0.068006690319553087 6.2125875063196362e-07
0.33415893085389126 8.4309342437285426e-07
0.21904295983438338 7.557399762983288e-07
0.66438427242299802 1.1196648395073252e-06
0.55529913621768823 1.0146007769554331e-06
0.49485105258955364 9.6434618044431181e-07
0.76356376380757751 1.2430009376171835e-06
0.33330869581198341 8.424715244073568e-07
0.38275229555326562 8.7873348524427591e-07
0.86563394822544926 1.4322065279220094e-06
0.97220850926000657 1.8324444140109767e-06
0.77635734076783225 1.2619078149662959e-06
0.21707097477722626 7.5418696288120199e-07
0.11265163216384733 6.6566374663066974e-07
0.20920514776580201 7.4799232421434008e-07
0.42276136502289641 9.0877602457099427e-07
0.23669702774763823 7.6964322786539494e-07
0.90104114807201174 1.5240826108979697e-06
0.6707229017674402 1.1263494401113409e-06
0.4167292447830141 9.0424654633187358e-07
0.2738117328615608 7.9799090473100496e-07
0.38066100514096435 8.771631494357203e-07
0.47605059536673022 9.4969333594904192e-07
0.71382235217572865 1.1761951972123737e-06
0.089341558228878903 6.430493463998259e-07
0.8488329397889457 1.3943902996026133e-06
0.12756003113018 6.7957690477464646e-07
0.26245008197243791 7.8937359553377438e-07
0.99358989577258383 2.1042554575597198e-06
0.19020863404425115 7.3303184539066643e-07
0.10114218778634565 6.5449779399089703e-07
0.6384053019187983 1.0928490820605575e-06
0.39312907985122492 8.8652534230290981e-07
0.091835434268508709 6.4546879436226656e-07
0.003742428349045035 4.8518562656156377e-07
0.079161576381477805 6.3317317936225602e-07
0.52273557877190668 9.8703385717674182e-07
0.23089294513094227 7.650722915161939e-07
0.77755213431894987 1.2636735303091331e-06
0.85750863307174297 1.4135361458044789e-06
0.14483301771529433 6.9453579119244028e-07
0.33701987073447015 8.4518604385490946e-07
0.14657412546819748 6.9604363889373262e-07
0.28669270358194721 8.0776055075703364e-07
0.2392044187505713 7.716178938779009e-07
0.78686490093718653 1.2778030310008192e-06
0.3454796780140662 8.5137392555346952e-07
0.49556479874417636 9.6490246539466337e-07
0.67389510547298148 1.1300083048065518e-06
0.82225664915218666 1.3400126960583917e-06
0.3012090903224518 8.1877058743130476e-07
0.20922066770401915 7.4800454675740485e-07
0.97845337375586761 1.8823197373183661e-06
0.32014754464749695 8.3284486936296475e-07
0.67106809918087551 1.1267475956984775e-06
0.67784104067780426 1.1345596023746415e-06
0.514029445599541 9.7966361591410309e-07
0.22844744548455698 7.6314636730666151e-07
0.14145742095417624 6.9161243058580646e-07
0.48701614491443113 9.5823975002947079e-07
0.51092953671137697 9.7703936517664755e-07
0.7733667567747976 1.2574882062099501e-06
0.7098334439521935 1.1714600935540488e-06
0.91204127883586672 1.5580590177837827e-06
0.97086056188763159 1.8224677722816434e-06
0.72785132619954074 1.1944237864651689e-06
0.076511248830253398 6.306019490798711e-07
0.40511830921710257 8.955279734437022e-07
0.60880236984068292 1.0635009835917573e-06
0.59019507144995753 1.046120709115583e-06
0.18144378583059817 7.2612919325064186e-07
0.58294472945087139 1.0393484775242917e-06
0.34968050788144411 8.5444660054428249e-07
0.33892684484371594 8.465808900730603e-07
0.83400700530123617 1.3631221560189924e-06
0.42193315866822001 9.0815413002781094e-07
0.52739595406445261 9.9097913226046435e-07
0.56287286103447876 1.0210123695708275e-06
0.56299677985161622 1.0211172739596302e-06
0.21312151378337207 7.510766117699636e-07
0.5994533631490071 1.0547684798736513e-06
0.33462360894411958 8.4343331072667006e-07
0.65502029459616962 1.1099992464038361e-06
0.14569759896572709 6.9528454258296839e-07
0.9941155946336695 2.1125176151382093e-06
0.77204329145339556 1.255532334401363e-06
0.41725143348430749 9.0463865429145718e-07
0.30135185086428296 8.1887886498199949e-07
0.38780203481784581 8.8252530026164297e-07
0.72120827277387489 1.1857921151772116e-06
0.65540779958456519 1.1103992329920862e-06
0.70209251200058742 1.1625315929737471e-06
0.88899919545153927 1.4912551219594452e-06
0.45629522631040931 9.3429624494757822e-07
0.66952114844766475 1.1249671751595139e-06
0.44150795495986828 9.2285271200434811e-07
0.63809807811987651 1.09253196253219e-06
0.47482363696294716 9.4873705970109127e-07
0.77666362733789307 1.2623604579317316e-06
0.0052601232837330425 4.9206051835343122e-07
0.21571095578978183 7.5311589607601379e-07
0.29643762516324457 8.1515164234999927e-07
0.94539450625111621 1.6825875472539615e-06
0.50704621296691788 9.7385093804071033e-07
0.36435187999814123 8.6517789878941339e-07
0.40431211561367186 8.9492260812636086e-07
0.45182228343253628 9.3081008843293062e-07
0.86783039011397101 1.4376076831183555e-06
0.96233586568013785 1.768962824557434e-06
0.84416463974023059 1.3840881194951071e-06
0.84165676341894846 1.378553643716004e-06
0.19901511095546121 7.3996728171716798e-07
0.26867807176225533 7.9409725006424684e-07
0.59604918055809908 1.0515887798143196e-06
0.65613741344131093 1.1111523478319961e-06
0.20270537344608131 7.4287350412481363e-07
0.74628187274651736 1.2183715721078761e-06
0.19996355291958678 7.4071421592455823e-07
0.2630106465894142 7.8979875897847551e-07
0.30679553798161063 8.2300766065797852e-07
0.84599141649031706 1.3881195191264945e-06
0.73208389687088327 1.1999233897947047e-06
0.53068543572418136 9.9376386722617582e-07
0.81974929813489517 1.3350814814461473e-06
0.8129282473359235 1.3221180754797252e-06
0.3898330959487234 8.8405041031064513e-07
0.78143728748741992 1.2694151704045483e-06
0.20624277200165753 7.4565934035546649e-07
0.50322884995550932 9.7087573238878277e-07
0.11824173038867036 6.7108701207970085e-07
0.42679448559125799 9.1180446749382625e-07
0.52036576976719062 9.8502767788160207e-07
0.079918357916070271 6.3390737525362607e-07
0.46261276173174992 9.3922005414142512e-07
0.65167054296013305 1.1065415987128179e-06
0.61408823474473784 1.0684382819005886e-06
0.054353887891056996 6.0255058148164998e-07
0.095339685908201077 6.4886846393477327e-07
0.35135624595514103 8.5567231037609136e-07
0.84268572291610566 1.3808243902302432e-06
0.86975605316736249 1.4423429802648856e-06
0.30961286970792601 8.2513933658846832e-07
0.71889208524145642 1.1827825699966991e-06
0.57739059235164314 1.0341605977345526e-06
0.98342225875943257 1.9279185058790308e-06
0.094643912289691712 6.4819345521867349e-07
0.54788074224025485 1.0083206808079796e-06
0.59253764887125382 1.0483088095968496e-06
0.3076685709511161 8.2366981751449728e-07
0.046953247491470784 5.9240962813956342e-07
0.052104535687826026 5.9946833798497084e-07
0.45361805420063817 9.3220969002252414e-07
0.69247378944391913 1.1514372221065345e-06
0.70017578580312745 1.1603208138229564e-06
0.18096984972182417 7.2575595049552273e-07
0.85797214100578634 1.4145590325443934e-06
0.37716242596974492 8.7454810550292069e-07
0.96436790197241784 1.7810019294167767e-06
0.11815963442563682 6.7100736621626186e-07
0.83645469863548183 1.3679360416907179e-06
0.90833815324544775 1.5465786932689917e-06
0.82267552614373141 1.3408365026683132e-06
0.80884114119968398 1.3151688415844858e-06
0.36131001540494501 8.629529428745033e-07
0.71334310672097301 1.1755724882009251e-06
0.57934656601130041 1.0359875883249737e-06
0.4244791314312184 9.1006588373443462e-07
0.99311169605367977 2.0967398212819181e-06
0.29045471814511992 8.1061387225156926e-07
0.41314402218778412 9.0155442696393888e-07
0.9028610373381174 1.5295986944852714e-06
0.28900827909627413 8.0951681226966251e-07
0.15268114212853778 7.0133248504222285e-07
0.30999974966948507 8.254223179087928e-07
0.75931167710179104 1.2367170279589347e-06
0.859854009702266 1.418712011154915e-06
0.11444498762236111 6.6740358058435609e-07
0.62171268107482658 1.0756187891345753e-06
0.56728690559474293 1.0247491115559429e-06
0.66879778551336511 1.1242205125852975e-06
0.67105637112679595 1.1267340683947486e-06
0.95946747026652834 1.7531085803049634e-06
0.34652920842673929 8.5214159907344737e-07
0.29976692173577879 8.176767664058944e-07
0.5812252858218252 1.0377424194286133e-06
0.42941845923866173 9.1377479153633456e-07
0.47375427231257827 9.4790361008096336e-07
0.06927699350449279 6.229994223351176e-07
0.14824217695359299 6.9748821783705027e-07
0.93537493659286186 1.640368246920133e-06
0.068291451670121739 6.2164895356222736e-07
0.59014559268062083 1.046074493132276e-06
0.7545750290178902 1.229717013448025e-06
0.011863528440827498 5.2197278522293632e-07
0.22274814793338482 7.5865795319163388e-07
0.37707203084938679 8.7448198646587673e-07
0.50681744706866849 9.7367264072096221e-07
0.34159529475566042 8.4853271377635798e-07
0.64899925814905002 1.1037842713755527e-06
0.22639751725071267 7.6153197066620387e-07
0.025482936429018999 5.5481892904689018e-07
0.0015710508182541494 4.7534966729050757e-07
0.34551201194963421 8.5139757604118519e-07
0.36166279919424715 8.6321098472832147e-07
0.94860411738654393 1.6977338949463166e-06
0.044780712520236299 5.8943264579914696e-07
0.53006506013518107 9.9323868369476639e-07
0.5778133142638463 1.0345554440312536e-06
0.69927501189771957 1.1592818484390162e-06
0.63873460014066052 1.093188987032684e-06
0.0081394937239428478 5.0510356129487286e-07
0.63185767340901167 1.0860905533520546e-06
0.32238793969973212 8.3448359458247492e-07
0.77286896134780192 1.2567525435323116e-06
0.18836538613569909 7.3158021738634521e-07
0.71620565197717934 1.1792919449198806e-06
0.62549533368906096 1.0795232816159959e-06
0.65229088532747492 1.1071819224105529e-06
0.17594768708755426 7.2148195957932224e-07
0.6691740013324623 1.1246088463782365e-06
0.73697840864191488 1.2062830882669999e-06
0.48941026123780562 9.601056947655067e-07
0.34036568298754521 8.4763332069271106e-07
0.16655484928817588 7.133475010078817e-07
0.28996052511074055 8.1023904871387002e-07
0.76382836245252095 1.2433919724420982e-06
0.40940072454625576 8.9874361011420967e-07
0.70271324199325758 1.1632475517412978e-06
0.74009132499848673 1.2103278654221892e-06
0.67417022412428962 1.1303256305566311e-06
0.67353842368294847 1.129596902976746e-06
0.61080820432605154 1.0653745470278582e-06
0.51842197871371354 9.833821472258388e-07
0.19781668687026976 7.3902347705852963e-07
0.8428033869218502 1.3810840555830916e-06
0.96426417248759533 1.7803394535479844e-06
0.46648406560016631 9.422373006320572e-07
0.93323875588465577 1.6315734109018833e-06
0.99799453772328339 2.2990260290404367e-06
0.48619591258582062 9.5760047106839671e-07
0.72435537374996806 1.1898813102197644e-06
0.64379033825052256 1.0984075713043944e-06
0.23726481600074723 7.7009038276241858e-07
0.047089443754318783 5.9259625522483369e-07
0.45335531117445682 9.3200491134830244e-07
0.78720499739627225 1.2783812909633323e-06
0.32513466268969693 8.3649267071847753e-07
0.78443872119318436 1.2738508133152586e-06
0.65480168196295552 1.1097735922214994e-06
0.69554135181758725 1.1549753920070882e-06
0.28574088837738998 8.0703864106306938e-07
0.47004738284304692 9.4501450614511554e-07
0.18170380002521713 7.2633396434229946e-07
0.24658052807972641 7.7733724148187053e-07
0.089850043092415177 6.4354265586968928e-07
0.12677340629620804 6.788956658072671e-07
0.21051347929583653 7.4902268517616334e-07
0.58023421137583697 1.036816699555911e-06
0.44121111954763981 9.2262982030345001e-07
0.26693951256556203 7.9277862988291934e-07
0.86111244689768907 1.4214891776836181e-06
0.52514769134198613 9.8907584886721566e-07
0.92310947363579365 1.5948200834624919e-06
0.63496496227756771 1.0892979285096949e-06
0.015787596528716641 5.3249618084841064e-07
0.91347569101569515 1.562505941581076e-06
0.85746333568082633 1.4134361818187123e-06
0.6352712227808992 1.0896140537145614e-06
0.53477355573081797 9.9722469537605644e-07
0.45292607331858503 9.3167036865718437e-07
0.48217484576683167 9.5446650118110037e-07
0.76922064084234976 1.2513609045449408e-06
0.51314160235868578 9.7891200566889397e-07
0.17602469870244064 7.2154865377805025e-07
0.058177567172992717 6.0779009469936841e-07
0.12618627628651247 6.7838719490188909e-07
0.25144110883738613 7.8102377679928313e-07
0.36773412143970663 8.6765182156621845e-07
0.89241601217520872 1.5005696838694907e-06
0.23908723219966799 7.7152560500116771e-07
0.31959855800253478 8.3244331595863257e-07
0.22301453952677386 7.5886774672796991e-07
0.54574181870613336 1.0065099593112249e-06
0.61708669629448687 1.0712390154432326e-06
0.53212753189716067 9.949846843798258e-07
0.95185665121694019 1.7130827974138316e-06
0.99537801765412426 2.1847267713570573e-06
0.83739598980556329 1.3697872818004079e-06
0.80529614489030221 1.3091413473892117e-06
0.36605277674960857 8.66422010804226e-07
0.57978350616199836 1.0363957152647005e-06
0.35147241894888515 8.5575728450352686e-07
0.78435584617373932 1.2737283371826787e-06
0.171831139091836 7.1791691461168388e-07
0.21667171429464305 7.5387253002881826e-07
0.03869407087030885 5.8109223934116459e-07
0.60893967333799237 1.0636292328636109e-06
0.68853825878895702 1.1468979252936572e-06
0.0033622862313787971 4.8346364946013537e-07
0.51078576399425057 9.769176533223459e-07
0.37687453848977392 8.7433753171445453e-07
0.7923807818187677 1.287181585192136e-06
0.038890745998643395 5.8136173943741308e-07
0.048565688818078545 5.9461912507186886e-07
0.62020909872587993 1.0741555168150674e-06
0.59163885457976395 1.047469284634349e-06
0.83109002299801027 1.357385318353214e-06
0.59226688915736114 1.0480559046320487e-06
0.94937082859150135 1.7013520511652201e-06
0.31438464223442208 8.2862962459510088e-07
0.39792140640480023 8.9012386785876026e-07
0.97767466650291657 1.8752471971727196e-06
0.10752424337177813 6.6068938135810615e-07
0.79590485319627957 1.2931735010977945e-06
0.011568714660440294 5.2063733051949805e-07
0.48651324940335228 9.5784779947029707e-07
0.15340233736867448 7.0195706016298142e-07
0.59886170372806502 1.0542158363401056e-06
0.79816996970782805 1.2970248384289071e-06
0.03304230235068728 5.7222376722118723e-07
0.16377272659174524 7.1093810543455691e-07
0.34261038116190246 8.4927519340834577e-07
0.25579896585567397 7.8432901841693034e-07
0.3832198898062551 8.790845986023371e-07
0.9518682998174518 1.7131377678591701e-06
0.10120612744024049 6.5455982540820752e-07
0.42328210866577209 9.091670474459977e-07
0.45709137160758284 9.3491675077341321e-07
0.28034205182916272 8.0294386255813197e-07
0.27850655768756971 8.0155172151259477e-07
0.71475216174932066 1.177403348055875e-06
0.61784384265098269 1.0719462331821116e-06
0.81283201973315311 1.3219544613976488e-06
0.40507322247805222 8.9549411811667285e-07
0.60671102697967305 1.061547550471866e-06
0.89358814068258452 1.5037650157914074e-06
0.85132847171638548 1.3998975333091513e-06
0.9200233924999589 1.5839046567601284e-06
0.26897502252822492 7.9432247407365233e-07
0.98542118453212024 1.9495523887625978e-06
0.81638991547141659 1.3284745736920982e-06
0.7948078060413033 1.2913082113255421e-06
0.66757860095865929 1.1229620578941638e-06
0.9832679733720654 1.9262487130100042e-06
0.4415632280464804 9.2289421619078059e-07
0.7415393047624107 1.2122093022484408e-06
0.69881128798852143 1.1587469827124784e-06
0.73208890644706559 1.1999298990024633e-06
0.7514648141692567 1.2251206092637077e-06
0.19075589112121338 7.3346283120369533e-07
0.34905146970240231 8.5398649386488133e-07
0.39225399582590492 8.8586824763429191e-07
0.74799981397996207 1.2206037841749701e-06
0.71624797571930432 1.1793469384004821e-06
0.83336620523571925 1.3618618926474852e-06
0.78851915789033611 1.2806157346857886e-06
0.59603387938941077 1.0515744876529306e-06
0.13994848648744251 6.9030565140268491e-07
0.63545525923236512 1.0898040180106092e-06
0.8870592836374791 1.4859667409447658e-06
0.64317436338973122 1.0977717557913194e-06
0.89562642857774166 1.5093215792027303e-06
0.9990530181368994 2.3939814509881242e-06
0.35920223302353294 8.6141121649807088e-07
0.72328969434785095 1.1884966165092063e-06
0.53995863260050536 1.0016141604506571e-06
0.45497180070816556 9.3326478335486781e-07
0.23986707869246116 7.7213976384695176e-07
0.24591459599593102 7.7683216147840781e-07
0.18497228675997102 7.289080222614255e-07
0.63148350649894147 1.0857043344638417e-06
0.14205309664310306 6.9212830228689236e-07
0.43138646981705076 9.1525255735244597e-07
0.52333323927219411 9.8753981108223119e-07
0.4382344771889698 9.2039467971389449e-07
0.85492951347391655 1.4078444476834638e-06
0.4431693597938603 9.2410024964330006e-07
0.082832092964302606 6.367341518108859e-07
0.9921995411726473 2.0824039192647178e-06
0.8449835910602127 1.385895412066213e-06
0.66004348540599977 1.1151842350215898e-06
0.75632362080860749 1.2323011547420091e-06
0.1281906997548441 6.8012308133057264e-07
0.76591479410317476 1.2464753874587719e-06
0.20774894171209513 7.4684550642720721e-07
0.48897612957397574 9.5976733790082091e-07
0.17798278932428357 7.232444146740345e-07
0.75378496433219178 1.2285494231676234e-06
0.24593388051244691 7.768467879304224e-07
0.25320841849169273 7.823642029298721e-07
0.10922234934029906 6.6233680847968672e-07
0.72060645696387171 1.1850101440089877e-06
0.29584463078087786 8.1470188236397753e-07
0.51828001320196737 9.8326196527458348e-07
0.33224355736703926 8.4169243447397275e-07
0.77470125882223329 1.2594603885488996e-06
0.22648365649400126 7.6159980860446959e-07
0.94083450004639169 1.6628457298037544e-06
0.32133997488970767 8.3371706621434944e-07
0.10385162129075065 6.5712636624847167e-07
0.24030523281493243 7.7248482692362042e-07
0.073940929067175198 6.281083388062331e-07
0.4687387309924248 9.4399455903221588e-07
0.25025122072346895 7.8012129934351572e-07
0.88604604444487634 1.4832045561533477e-06
0.51712862022014638 9.8228724505194017e-07
0.2333684487292863 7.6702184498183534e-07
0.45127032990494143 9.3037990266071202e-07
0.19599427214042431 7.3758825597673328e-07
0.17872937592491844 7.2389097941863794e-07
0.30065647013344399 8.1835144948350253e-07
0.10830146476894675 6.6144340709790361e-07
0.18864753691089065 7.318024218791911e-07
0.93804687299542189 1.651368834286846e-06
0.66680263469746193 1.1221610976311779e-06
0.92110266345726566 1.5877220233515886e-06
0.25684694146778375 7.8512386152281675e-07
0.85701333580092376 1.4124431051606711e-06
0.36227280685398389 8.6365717163411189e-07
0.14419498112248563 6.93983233771337e-07
0.80470710000419687 1.3081398048425072e-06
0.059650131862750144 6.0980792140161824e-07
0.40485283893496626 8.9532863360658827e-07
0.81931466851164347 1.3342266940891667e-06
0.61718492544650927 1.0713307670553078e-06
0.51806569539969316 9.830805329580352e-07
0.35363392150358075 8.5733830421917111e-07
0.075055830388020217 6.2918996663623595e-07
0.99097198603589876 2.015438933994987e-06
0.17477372672504843 7.2046527727975684e-07
0.25530847497604381 7.839570027997069e-07
0.23591576249461776 7.690279516918396e-07
0.90794140668570311 1.5453487108812001e-06
0.7636883927235304 1.2431851193855346e-06
0.4573297994393366 9.3510257848497494e-07
0.95542303395185912 1.7307541026440061e-06
0.052783380786441736 6.0039854619667514e-07
0.8936703812216521 1.5039892111915746e-06
0.060427335688159167 6.10872908660181e-07
0.39113069593456373 8.8502476935277552e-07
0.054004878376489707 6.0207234054409962e-07
0.99896899175768528 2.3890824420271052e-06
0.91438950250060169 1.5653389139272511e-06
0.58479895524623116 1.0410804298253427e-06
0.21784457399824553 7.5479620176227845e-07
0.27677772519746924 8.0024047860759787e-07
0.44954336605712031 9.2903392833619633e-07
0.32278018249234575 8.347704985174688e-07
0.021313905434940716 5.4522006711224419e-07
0.65625600811713458 1.1112747624619696e-06
0.61342790409330128 1.0678214955339703e-06
0.90431070321884077 1.5340929073717541e-06
0.47685404010545041 9.503195308695952e-07
0.34470896179838784 8.5081018921667588e-07
0.51151718291776693 9.7753684140776196e-07
0.19469499089583964 7.3656502245975617e-07
0.6255403518247864 1.079569749793329e-06
0.77003288279016158 1.2525612693008486e-06
0.15346171337569214 7.0200848143518252e-07
0.31838321763532917 8.3155436161638762e-07
0.86780097936639866 1.4375353606895633e-06
0.50553174863382189 9.7267058321723572e-07
0.53183664667754671 9.9473843335128696e-07
0.72240819705335158 1.187351240369682e-06
0.57789281522132652 1.0346297024449743e-06
0.069579768073819159 6.2341430842806722e-07
0.80396171186303578 1.3068724346389941e-06
0.92283603724846774 1.593852942706224e-06
0.053277232990812218 6.010752622498816e-07
0.12124975645755098 6.7400526560460414e-07
0.70197520220748044 1.1623962861964263e-06
0.60447393251452552 1.0594579770680895e-06
0.38251699897174585 8.7855680263462127e-07
0.53924864894037139 1.0010131185455866e-06
0.70333856800105876 1.1639688116178134e-06
0.50447646188092932 9.718481057367794e-07
0.14018832463564923 6.9051335790439503e-07
0.089436029133290185 6.4314099788272066e-07
0.4388587351883817 9.208634308182306e-07
0.92288475784883373 1.5940252668023129e-06
0.55777917470849381 1.0167002718351905e-06
0.35822006901784909 8.6069281778343196e-07
0.90870616952103545 1.5477196068478891e-06
0.38863215617893809 8.8314863277017559e-07
0.5091464809343752 9.755299061549366e-07
0.1164993306287212 6.6939661308553444e-07
0.73740094551938118 1.20683211281936e-06
0.7003029571437156 1.1604674950488523e-06
0.79424399285932901 1.2903495697967555e-06
0.32519131342776342 8.3653410760394149e-07
0.43605321906619188 9.1875678776079572e-07
0.16834171152719835 7.1489497336572024e-07
0.96450487609649938 1.7818767245823772e-06
0.086077347407882643 6.3988255378690656e-07
0.64901330367480725 1.1037987693100208e-06
0.70525739456518621 1.1661820133612748e-06
0.15773647365097965 7.0571054263381908e-07
0.36532320583048983 8.65888369978967e-07
0.043126566762483276 5.8716600209743154e-07
0.55660825758664101 1.0157090233077727e-06
0.99493814282362414 2.1755884981542307e-06
0.42988495682215888 9.1412508141270049e-07
0.99000822037293645 2.0032577447695459e-06
0.12622542380896251 6.78421097744283e-07
0.39245434326779571 8.8601868717167186e-07
0.90196497004847187 1.5268207321880068e-06
0.87669548165747213 1.459407365371041e-06
0.32359157786978421 8.3536398941394077e-07
0.67861058376833161 1.1354472042775256e-06
0.8861601715577907 1.4835156773356725e-06
0.76687746615322772 1.247898064043617e-06
0.62847619693291745 1.0826001589586265e-06
0.15257561456002255 7.0124109523516276e-07
0.073002692570563466 6.271981033558971e-07
0.61462217981656098 1.068937016951138e-06
0.50027566568910808 9.6857405699288211e-07
0.23803665973148436 7.7069823912796725e-07
0.29276979495902467 8.1236975552200631e-07
0.39208717720141006 8.8574298465884024e-07
0.49552085212250563 9.6486821393972256e-07
0.39025896908841251 8.8437019556726076e-07
0.3872916720859666 8.8214207234240802e-07
0.11573281131135293 6.6865297002906013e-07
0.86559041825534322 1.4320994856526632e-06
0.60915408177809427 1.0638295025352598e-06
0.14610218460201185 6.9563492498786595e-07
0.42387440287793576 9.0961179715894516e-07
0.4167159120295455 9.0423653485758235e-07
0.60062087848912271 1.0558590055717002e-06
0.60886961784933158 1.0635637970547193e-06
0.64522213697976238 1.0998854885078368e-06
0.69790305734380742 1.1576994166197814e-06
0.10335404612901644 6.5664364088759217e-07
0.30492220057281205 8.2158681716966031e-07
0.017347819172672363 5.3608846926457067e-07
0.45464151208038295 9.3300736047179144e-07
0.4294300778302873 9.1378351585810606e-07
0.7343269301794787 1.2028378818162399e-06
0.16711694660786114 7.1383429290802497e-07
0.63149445712551089 1.0857156378119066e-06
0.30669419793015218 8.2293079871546661e-07
0.38191647480969915 8.7810587310803919e-07
0.71928686237145412 1.1832955248383653e-06
0.071548048573575329 6.2578687224470202e-07
0.34278288893116249 8.494013733120935e-07
0.39132323013965187 8.8516934198355081e-07
0.71574931185166879 1.1786989980163236e-06
0.19922441507070066 7.4013211668792336e-07
0.94741299369046306 1.6921129106948896e-06
0.99776195279415814 2.2907834015717891e-06
0.81891014082005531 1.3334311082896277e-06
0.29971250146352812 8.1763549103868252e-07
0.66386665407285461 1.1191305485843961e-06
0.083148031697933056 6.370406615624499e-07
0.87127931570651063 1.4460887553849623e-06
0.51599287126027371 9.8132576839148414e-07
0.17643916631978573 7.2190759425317703e-07
0.32741655956170257 8.3816175222655647e-07
0.80074274448797478 1.3013992816439938e-06
0.87022676742704641 1.4435004890444131e-06
0.51971338693442348 9.8447539838186275e-07
0.48031150031067316 9.5301423271302755e-07
0.75073474655325934 1.2241574269736599e-06
0.82618962251855488 1.3477476863330097e-06
0.76484681239582053 1.2448970799053196e-06
0.38442805023420767 8.7999179808612667e-07
0.64192576160931936 1.0964829363407674e-06
0.85735990827092767 1.4132079343209703e-06
0.15176063404741957 7.0053529946205366e-07
0.38813668511496313 8.8277658690352488e-07
0.056618883875264703 6.0565426134659082e-07
0.40887728568739989 8.9835056341977849e-07
0.77228208391864894 1.2558852317862355e-06
0.19702844342558745 7.384027052929876e-07
0.54188715112438368 1.0032467620338224e-06
0.036585733421827138 5.782032256153223e-07
0.89764999073165819 1.5148379988663634e-06
0.82000469490045136 1.3355837710153161e-06
0.52440919178706591 9.884506666210504e-07
0.70578699597194983 1.1667928631268043e-06
0.10391616486885891 6.5718898356627772e-07
0.84520949639737053 1.3863939484598381e-06
0.71526153107177137 1.178065198604687e-06
0.1199673967250805 6.7276117704826111e-07
0.98068928511877751 1.9026272056466242e-06
0.022530444206446676 5.4802105077545422e-07
0.62851086259277356 1.0826359412051277e-06
0.17175499674081673 7.1785097321962238e-07
0.71925764921953672 1.183257566642265e-06
0.070406253968778976 6.2454682594630091e-07
0.081100882843116118 6.3505460850813099e-07
0.46629174056313227 9.4208740487011872e-07
0.99400946540191293 2.11084963276015e-06
0.27651623977065121 8.0004215348781992e-07
0.61252816075652261 1.0669810841092191e-06
0.51859907437423547 9.835320688636969e-07
0.84211960965043753 1.3795750701858372e-06
0.28858960770516018 8.0919926855489151e-07
0.55494438071148622 1.0143004560646089e-06
0.95062351510518084 1.7072635540498789e-06
0.33258580833605755 8.4194277215159463e-07
0.43940558131018104 9.2127405386789418e-07
0.8888133145036714 1.4907483931130252e-06
0.33249885723445782 8.418791722240223e-07
0.38067376463381553 8.7717273045249603e-07
0.30411880887769827 8.2097748013661413e-07
0.80953137532507291 1.3163424343956129e-06
0.93038697043777985 1.6205604899593799e-06
0.63109888066690567 1.0853073197700544e-06
0.6236301312596525 1.0775980007074218e-06
0.3900036197131751 8.8417845545059932e-07
0.012483749571496672 5.2478227813414294e-07
0.17393759882357329 7.1974116728017543e-07
0.14743835459023447 6.9679208533128393e-07
0.11588200281303673 6.6879770900927671e-07
0.65404731605339528 1.1089949280610547e-06
0.13634895237379763 6.8718835482530037e-07
0.085633952536719238 6.3945239174174248e-07
0.38258150656185819 8.7860524094719671e-07
0.24902266296789854 7.7918949267653367e-07
0.14586054563588224 6.9542565892778796e-07
0.14612787555856799 6.956571740702232e-07
0.25620570678276577 7.846375134029252e-07
0.5368497633760414 9.989823242744062e-07
0.75809560009125132 1.2349198590391886e-06
0.85277664325213942 1.4030934127154051e-06
0.75141784973885017 1.2250512032853621e-06
0.62821325970417075 1.0823287524781943e-06
0.90762457751948322 1.544366486121293e-06
0.5197368027342506 9.8449522119994592e-07
0.63335684085369137 1.0876380092284191e-06
0.4116205503318684 9.0041046226415404e-07
0.32738420088074605 8.3813808363895596e-07
0.33171177946125341 8.4130346831172377e-07
0.14831728171229275 6.9755326064532715e-07
0.79659765067385135 1.2943514523310619e-06
0.055368084333543788 6.0394031510572165e-07
0.67468524376451999 1.1309196615060583e-06
0.86446019283703579 1.4293202075287872e-06
0.4974283469853672 9.6635489191088941e-07
0.070200781841550208 6.2426527149387242e-07
0.42841746163689087 9.1302314921583574e-07
0.34322660288234985 8.4972592555627641e-07
0.98553931929943073 1.9508309323460528e-06
0.69126520161894434 1.150043219786905e-06
0.72135980482891993 1.1859890088050251e-06
0.51582691896223098 9.8118528024933769e-07
0.70941425444209649 1.170976594434362e-06
0.72257097672216819 1.1875627486180065e-06
0.066358880746104854 6.1900078928014389e-07
0.22260652447727036 7.585464193203566e-07
0.012967555428886057 5.2600326074161609e-07
0.50980740592857188 9.7608941708444993e-07
0.87579985483602651 1.4572049763682099e-06
0.60955453469532839 1.0642035483247216e-06
0.50020752780770938 9.6852095116845791e-07
0.92596584761063994 1.6049230390831125e-06
0.1722185110217539 7.1825238946848e-07
0.074604308157685706 6.2875191978754751e-07
0.91730573640971769 1.5743797392571588e-06
0.9027817549188133 1.529352905386386e-06
0.68297248621294948 1.1404782843530854e-06
0.24597916209605197 7.7688113200688393e-07
0.96976402470437073 1.8154646581296091e-06
0.76534635180382671 1.2456353199102505e-06
0.67389458358466914 1.1300077028531788e-06
0.22291132401544778 7.5878646057756864e-07
0.51308917163311563 9.788676200513784e-07
0.8225762412969998 1.3406412388685497e-06
0.86026022473228603 1.4196084617596259e-06
0.561430115801268 1.0197910029504503e-06
0.52279384371926418 9.8708318179775079e-07
0.69768382830764053 1.1574465547436052e-06
0.52824884431247288 9.9170115279173918e-07
0.41768103806566093 9.0496124146234968e-07
0.08541901142438868 6.3924386540442302e-07
0.12604967571558012 6.7826889501118323e-07
0.76027546820066738 1.2381413583204304e-06
0.024664064624268067 5.5293354191325096e-07
0.052305025797608651 5.997430656759649e-07
0.9046435780864176 1.5351248765581322e-06
0.70399711345468485 1.1647283872737699e-06
0.0042127219141461225 4.8731597390382873e-07
0.31204337435487273 8.2691711647470534e-07
0.76331846059554476 1.2426384183813471e-06
0.41760079997725563 9.0490099122513162e-07
0.46879782285811167 9.4404061450355794e-07
0.45879906104605539 9.3624770286099211e-07
0.20213440325904064 7.4242384333350331e-07
0.72139143789826088 1.1860301113280493e-06
0.10300633052136965 6.5630630262175168e-07
0.50725110554667108 9.740106287904498e-07
0.16995582745936177 7.1629284262101121e-07
0.046532809577155998 5.9183351025758261e-07
0.14324388444716829 6.9315955761850105e-07
0.86933493631174175 1.4413074338637308e-06
0.17614766478046118 7.2165514581897713e-07
0.27836920901235052 8.0144754862313151e-07
0.13809478822040622 6.8870029718714037e-07
0.73554510165775866 1.2044207165609152e-06
0.44544916725650152 9.2584296028434703e-07
0.94363503864507092 1.6743757832507996e-06
0.66432458224790236 1.1196032267018037e-06
0.53138922048677173 9.9435966140880145e-07
0.65663093162816788 1.1116617623213879e-06
0.040425383209664156 5.8346462290610068e-07
0.95066026012869043 1.7074369560224408e-06
0.95642961041724806 1.7363176693215105e-06
0.27613986855552963 7.9975669258382887e-07
0.62829548274313363 1.0824136239348599e-06
0.20191524413987461 7.4225124717142014e-07
0.54747179460045892 1.0079744831666834e-06
0.77078923912439334 1.2536790439848146e-06
0.93982172480539217 1.6586760487773705e-06
0.33921692326567188 8.4679306641455892e-07
0.6935052630427615 1.1526269383685304e-06
0.71642711434717943 1.1795797027110655e-06
0.22114880116474123 7.5739840663405359e-07
0.62903213149339221 1.0831740002633677e-06
0.65542128918777665 1.1104131570976514e-06
0.76407610634603429 1.2437580986180068e-06
0.99994725745453361 2.6186448748882684e-06
0.040232369426480563 5.8320013987977316e-07
0.20230504367755808 7.4255822916898401e-07
0.14507843191974068 6.9474832671381845e-07
0.15443405242070252 7.0285055407052118e-07
0.45424866062196501 9.3270117689009897e-07
0.87853655661293739 1.4639346563567661e-06
0.44872326906775506 9.2839475485686097e-07
0.66848039783441326 1.123892901796641e-06
0.3764991425302191 8.7406295030721079e-07
0.31966331531111514 8.3249068235261415e-07
0.83423518482904224 1.3635709173667147e-06
0.65554751011841961 1.1105434436253749e-06
0.35089528808253601 8.5533514515595931e-07
0.91416026124716487 1.5646282267206272e-06
0.49851156511764472 9.6719913876396324e-07
0.1882747472992885 7.3150883584694292e-07
0.48322186246768117 9.5528253308498794e-07
0.67469943793347575 1.1309360332616235e-06
0.3671125892561623 8.6719720510788654e-07
0.84378473627539341 1.3832497342419365e-06
0.53314398060610091 9.9584516653277123e-07
0.4677647799344663 9.4323547358928607e-07
0.85871142326371863 1.4161905084332662e-06
0.46291780646615299 9.3945780224533197e-07
0.41441014185081648 9.0250514764485484e-07
0.10371639533349597 6.5699517602026864e-07
0.36249187885696521 8.6381741070258147e-07
0.39704830056308171 8.8946825859481255e-07
0.18062231922448979 7.2548225697879854e-07
0.58782320171316771 1.0439052479464492e-06
0.1438420705503477 6.9367760340809686e-07
0.22368978860389099 7.5939953112099016e-07
0.56109198572514063 1.0195047564401025e-06
0.26898356472473706 7.9432895295152733e-07
0.63966831012835335 1.0941527719737211e-06
0.69051313292070449 1.1491757730956487e-06
0.30129041060665029 8.188322652666637e-07
0.087387681496719938 6.4115378182349512e-07
0.48945183382891833 9.6013809593030914e-07
0.092898420091817147 6.4650005607834151e-07
0.51523568152386812 9.8068476383430404e-07
0.72621784212896012 1.1923013140646173e-06
0.62032979147080336 1.0742682506999121e-06
0.44826764121201756 9.2803964412531288e-07
0.94585854789754753 1.6847773876502015e-06
0.10174723308217049 6.5508478211095808e-07
0.88000150691193124 1.46753703890153e-06
0.80012887264120303 1.3003555262574884e-06
0.41973858036458456 9.0650623604110935e-07
0.15286717190071442 7.014935919948975e-07
0.15586678577764124 7.0409134097484841e-07
0.9218057607427973 1.5902088688190445e-06
0.23370466427826009 7.6728662754532778e-07
0.87411570798782867 1.4530635790710227e-06
0.50329521993028892 9.7092746032859158e-07
0.46173463672736659 9.3853565434283843e-07
0.61951126758382069 1.0735037028583966e-06
0.21503908289323292 7.5258677055391251e-07
0.42837067405969398 9.1298801674095999e-07
0.93848443880492982 1.6531703296037129e-06
0.23825692897874984 7.7087170955825377e-07
0.92158355887975174 1.5894229438733133e-06
0.99420969660917868 2.1139965708819943e-06
0.051907188075496768 5.9919791639700739e-07
0.53137912259137154 9.9435111296095768e-07
0.17181929969368859 7.1790666136385842e-07
0.62171425595667729 1.0756204147436313e-06
0.98954264321487562 1.9973732401857756e-06
0.89688089541820581 1.5127413731204601e-06
0.92484846160635348 1.6009708600926088e-06
0.21334981331209935 7.5125640635306679e-07
0.54231959888930148 1.003612853879402e-06
0.23483101639495063 7.6817367278092966e-07
0.89942470757765125 1.519676042949995e-06
0.19115399307424652 7.3377635166988802e-07
0.15395891240919979 7.02439069615902e-07
0.012162631714018768 5.2332767057623432e-07
0.18194786008662167 7.2652617094577773e-07
0.18976284685453282 7.3268077098251958e-07
0.077490187525611653 6.3155167199881399e-07
0.86774110341315891 1.4373881228693109e-06
0.77999780869612401 1.2672878490902488e-06
0.25448149734725678 7.8332977688016442e-07
0.78325770331120259 1.2721054562262204e-06
0.42216454679679827 9.0832787780661959e-07
0.7755203093481845 1.2606708153032778e-06
0.32300765183517355 8.3493687977616042e-07
0.56465422648787711 1.0225203976366223e-06
0.38161054195416855 8.7787615019857267e-07
0.18767581702346914 7.3103715541970278e-07
0.58563288400200075 1.0418593666900342e-06
0.75083079997785107 1.2242822342774753e-06
0.75310712459414886 1.2275476835580251e-06
0.35628941831924354 8.5928065344807798e-07
0.518711768405828 9.8362747082749116e-07
0.76377859858508634 1.2433184293398896e-06
0.054497594522590842 6.0274749987879488e-07
0.071888333300860308 6.2611700139987914e-07
0.37622273997207734 8.738607771046267e-07
0.22347160102896679 7.5922770008703896e-07
0.37464601955022037 8.7270749321532509e-07
0.093753079859623556 6.4732920909193971e-07
0.59200803067528751 1.0478141160943227e-06
0.67174050599435442 1.1275231592432647e-06
0.79184050789390625 1.2862629670436932e-06
0.65052293807532691 1.1053570292846064e-06
0.39638139500607583 8.8896748372828483e-07
0.93492822481785764 1.6385290968924732e-06
0.72633201602799047 1.1924496662609562e-06
0.52768124582677556 9.9122064810647021e-07
0.20685040833559221 7.4613787713540267e-07
0.64897498673621568 1.1037592181764912e-06
0.59172052508595607 1.0475455695299002e-06
0.68332999893754653 1.1408906445945895e-06
0.78112476530830122 1.2689533121980567e-06
0.91504961897822401 1.5673853882354065e-06
0.9490565913581458 1.6998691467903721e-06
0.63018550212559621 1.084364521154656e-06
0.96595603575334332 1.7911446608501501e-06
0.91142239900056754 1.5561403841400096e-06
0.0026143570152210582 4.800756613265928e-07
0.63761746624600779 1.0920358700702652e-06
0.17846940983406356 7.2366584155921721e-07
0.2951926544584984 8.1420738718770036e-07
0.29750019973558883 8.1595755812089933e-07
0.48312963963710742 9.5521065574821383e-07
0.010866177993366422 5.1745496266970037e-07
0.23579640802465651 7.6893395549619359e-07
0.02912095695983663 5.6319518166778167e-07
0.65055856571923787 1.1053938045008284e-06
0.88928757869283315 1.4920412816431773e-06
0.9977886598319321 2.2917298780438024e-06
0.44855689178209746 9.2826508245233416e-07
0.26014111029415277 7.8762234273841869e-07
0.85310359673069236 1.4038149459475621e-06
0.11315851754047279 6.6615550434924876e-07
0.97423898105614082 1.8483313175795181e-06
0.71483745471820226 1.1775141737294599e-06
0.50393466536741416 9.7142583621606905e-07
0.096650537324233343 6.5014019385926954e-07
0.018195935709771405 5.3804119006603924e-07
0.54453219748193915 1.005485945540448e-06
0.41385050744002139 9.0208492195558557e-07
0.84266449436203672 1.3807775422587853e-06
0.64230547969343688 1.0968748852072631e-06
0.43189634649569508 9.1563542029759848e-07
0.22600706010119387 7.6122447077424735e-07
0.48042220881200615 9.531005175536093e-07
0.16299427878615658 7.1026394800100583e-07
0.66701266247318536 1.1223778904363421e-06
0.60572907246576002 1.0606303491341676e-06
0.81007136812620284 1.3172605745543733e-06
0.44952927224227623 9.2902294379072455e-07
0.27864853302752901 8.0165940352243213e-07
0.83639535923575548 1.3678193387189384e-06
0.6909970814598847 1.149733966196934e-06
0.70670916405935003 1.16785650486335e-06
0.52808457140634557 9.9156208635120788e-07
0.87597861488687301 1.4576445558456249e-06
0.22778350747153586 7.6262349080786656e-07
0.40169202535292059 8.9295520009259179e-07
0.79623257166482364 1.2937307149830688e-06
0.13296090196868116 6.8425420901686355e-07
0.80810949301621471 1.3139248331867416e-06
0.35259522073084026 8.5657855198256605e-07
0.12550369903036696 6.7779606402850277e-07
0.079149485535229047 6.3316144935929841e-07
0.8430287187537342 1.3815813263437108e-06
0.77861554562563562 1.2652450835353832e-06
0.28804134538951642 8.0878343586110443e-07
0.11636218923747821 6.6926356458820081e-07
0.24723442603771806 7.7783319413368511e-07
0.21298763569367574 7.5097117767004334e-07
0.73305565169219822 1.201186042320977e-06
0.21556308435691751 7.5299944168483346e-07
0.21609852176762512 7.5342111906004597e-07
0.032268132498855406 5.7044130277507155e-07
0.59685968830951808 1.0523458401295208e-06
0.6889795482561073 1.1474069148169039e-06
0.65349046894808394 1.1084201448182563e-06
0.56859915615607848 1.0259488965563288e-06
0.96607494884083522 1.7919041078972628e-06
0.47273851217708818 9.4711193915863266e-07
0.86013650812123477 1.4193354392897677e-06
0.64600991037733879 1.10069863621702e-06
0.084161940687836001 6.3802431111067879e-07
0.81008846097608922 1.3172896372231265e-06
0.58438854168981824 1.0406970802326497e-06
0.6535256593254346 1.1084564686834896e-06
0.18022743562385191 7.2517127108782126e-07
0.4374900941423574 9.1983572752509221e-07
0.88058247437428416 1.4689656655565732e-06
0.21543119308631531 7.5289557228069989e-07
0.00012490653719365863 3.9005040502158787e-07
0.25750871211747506 7.8562578526274622e-07
0.48754244917641198 9.5864994508039977e-07
0.82127804330192133 1.3380880690575544e-06
0.64329090057335092 1.0978920466569241e-06
0.91906346895717583 1.5805094203389422e-06
0.45556443162789351 9.3372667258484473e-07
0.3908152229570373 8.8478788283030719e-07
0.23141821659571327 7.6548596282139085e-07
0.21806248453910415 7.549678146213406e-07
0.7361098970080604 1.205154585084377e-06
0.080359123045309122 6.3433498603976997e-07
0.24271358483300864 7.743814959595555e-07
0.88589525954012971 1.4827935024024592e-06
0.5769208180996529 1.0337218018776809e-06
0.046587609068332259 5.9190860093260304e-07
0.70425504832978547 1.1650258930129256e-06
0.50668236775311637 9.7356736156834085e-07
0.85452172749801558 1.4069445302563043e-06
0.68243387254126298 1.1398570397135154e-06
0.0044465879777886297 4.8837534614299535e-07
0.20573908717492062 7.4526266935074129e-07
0.257963700564945 7.8597087385693728e-07
0.70223228916165004 1.1626928139315674e-06
0.50931417767009424 9.7567187106366677e-07
0.74744749709116309 1.219886129577691e-06
0.51286719878346254 9.7867970729800019e-07
0.32738461069660096 8.3813838339661531e-07
0.10366064670868935 6.5694109117621313e-07
0.20262209866873626 7.4280792206269002e-07
0.40078008034568169 8.9227042676227046e-07
0.55145430818177865 1.0113459094181481e-06
0.93863740319062261 1.653800096871825e-06
0.23972017706650117 7.7202407321568376e-07
0.66608493944668379 1.1214202852975078e-06
0.15254591149330166 7.0121537155390186e-07
0.71375312192233409 1.1761052426760795e-06
0.011340877143979022 5.1960526654142262e-07
0.65591994992961566 1.110927879784573e-06
0.16321765671452437 7.1045739949488796e-07
0.18032444638082334 7.252476707576034e-07
0.55890763331457727 1.017655576792865e-06
0.3754115459087124 8.732674334582787e-07
0.47130515055083622 9.4599479478464049e-07
0.3088888825562579 8.2459536984145211e-07
0.95346704952832517 1.7206823637532499e-06
0.2906561000818888 8.1076661153504227e-07
0.54204742473549994 1.0033824428416592e-06
0.85435555554084519 1.4065778157320189e-06
0.66418081226082115 1.1194548258596277e-06
0.32277694698172066 8.3476813192017885e-07
0.55243668336681939 1.0121775463780745e-06
0.082991126232727419 6.368884388368392e-07
0.5456864027076922 1.0064630464889381e-06
0.43138908835354195 9.1525452359376474e-07
0.7579337070734441 1.2346806068393645e-06
0.84790284313411712 1.3923377273267438e-06
0.19961652164743904 7.4044091556670211e-07
0.081535905460763058 6.3547664816413475e-07
0.39055698124483562 8.8459397087740586e-07
0.53415040820054704 9.9669716523731546e-07
0.37680194831502256 8.7428443601156286e-07
0.62856117099808007 1.0826878700525013e-06
0.50565127971907509 9.7276374427091694e-07
0.93662603466508976 1.6455191231291187e-06
0.40939112331959304 8.9873640061812725e-07
0.082494172948582412 6.3640631679402456e-07
0.30193502114147708 8.1932117381917973e-07
0.6058938623632445 1.0607842722663194e-06
0.25602509860708611 7.8450053009754398e-07
0.2689884518056338 7.94332659586027e-07
0.33957248402235085 8.4705313946661135e-07
0.74614177990905517 1.2181895420615573e-06
0.94013323429396145 1.6599585595965963e-06
0.35037663384777995 8.5495577823410663e-07
0.19548803976049189 7.3718957867673761e-07
0.42063695216710306 9.0718081734392285e-07
0.35183969297962614 8.5602592516850509e-07
0.99002491412317595 2.0034687397638316e-06
0.46386825851799252 9.4019857285270364e-07
0.67928335281186403 1.1362231856235884e-06
0.91378806664485324 1.5634743596121914e-06
0.62906157736388346 1.0832043945902243e-06
0.24937847491985388 7.7945936028961134e-07
0.60741009533328028 1.0622005200544551e-06
0.40187633606511608 8.9309359775824297e-07
0.42234986943880704 9.0846703532351462e-07
0.97932458137040501 1.890232403863667e-06
0.27859101359485261 8.016157775792432e-07
0.4689351464783108 9.4414764283954255e-07
0.15986704569920029 7.0755567723849277e-07
0.17854419868548876 7.2373061078301496e-07
0.60348442408583391 1.0585337199445666e-06
0.75101570815271468 1.2245224952661512e-06
0.6364598736168452 1.0908409911907973e-06
0.3292839979029708 8.3952768021441898e-07
0.059618172565019778 6.0976412819864783e-07
0.47026386214869209 9.4518322744611733e-07
0.50426965309396399 9.7168692151877109e-07
0.77065160795981857 1.2534756469554994e-06
0.64028956229195477 1.0947940347724039e-06
0.87125862760098682 1.4460378823483315e-06
0.78298287869509164 1.2716993090380281e-06
0.36587778381094682 8.6629401313634367e-07
0.63222142352469823 1.0864660199192116e-06
0.74728652945512664 1.2196769757995658e-06
0.95688036917274488 1.7388091108343084e-06
0.42235216262224584 9.0846875725942959e-07
0.64828199231113603 1.1030439022862064e-06
0.39266383528163418 8.8617599330620096e-07
0.73782817886978702 1.2073872397478454e-06
0.91199317131055724 1.5579098762036038e-06
0.91922601571957507 1.5810843460108803e-06
0.15708751738751003 7.0514852847445406e-07
0.20409659762087884 7.4396914620478269e-07
0.75492945078979867 1.2302407926062815e-06
0.63100988594240193 1.0852154585107352e-06
0.90510728685495478 1.5365624532789795e-06
0.31380055941553542 8.2820240027828345e-07
0.84802081114626293 1.392598063572351e-06
0.6837758569838599 1.1414049035817665e-06
0.19545631015659948 7.3716459040393793e-07
0.12649436899563926 6.7865401175022438e-07
0.70272360200860762 1.1632595011297751e-06
0.15846151272426801 7.0633844662091129e-07
0.79432903974314817 1.2904941735011908e-06
0.55709504012731725 1.016121112658601e-06
0.47686706246278976 9.503296803343019e-07
0.27552903592141964 7.9929340307359373e-07
0.98384559492485979 1.9325001692646184e-06
0.72216711091052643 1.1870379843707302e-06
0.77806364716487697 1.2644294651560086e-06
0.76871092766533822 1.2506076293232479e-06
0.58401557717659658 1.0403487101751837e-06
0.93969884195887787 1.6581701297414027e-06
0.5838215033826768 1.0401674342190438e-06
0.52004558510414944 9.8475662319308642e-07
0.27371044242286724 7.9791408041757883e-07
0.28173591984167345 8.0400104973639969e-07
0.73688390598204356 1.2061602959539508e-06
0.33476742163960549 8.4353850176909063e-07
0.72871074514667789 1.1955404750381779e-06
0.95270675881482503 1.717094506219098e-06
0.43930743677875883 9.2120035780387576e-07
0.09732564287964196 6.5079515133691081e-07
0.66654648132943617 1.1218966935207442e-06
0.0095230316954856287 5.1137074558000174e-07
0.78700352127229678 1.2780387246919558e-06
0.52565311703871842 9.8950372071933464e-07
0.48973220400865491 9.6035661299061784e-07
0.56944216057768726 1.0267363106088433e-06
0.51640854393471591 9.8167765916047105e-07
0.32377727179602267 8.3549981426310447e-07
0.28150890967924191 8.0382887257837247e-07
0.41529746062389516 9.0317142930271221e-07
0.89490928191556673 1.5073665703381525e-06
0.13537045978784301 6.8634095305249043e-07
0.32476459668658331 8.362219878799395e-07
0.19230042794940438 7.3467921284346547e-07
0.42713697673738193 9.1206164177612962e-07
0.13349841912317117 6.847197138108383e-07
0.76079561390223216 1.2389100511585401e-06
0.10346739258457471 6.567536045933227e-07
0.66526209361727073 1.1205709354676501e-06
0.26771032486902346 7.9336325688974946e-07
0.47218999685766272 9.466844330834582e-07
0.19998796171754141 7.4073343878356606e-07
0.73022367947571909 1.1975063107724047e-06
0.94827598926832435 1.6961854386516168e-06
0.22174528739299593 7.5786816228065388e-07
0.9531532077128283 1.7192013253790225e-06
0.32527380101143399 8.36594442714717e-07
0.55784716705190163 1.016757831255085e-06
0.70158995108557609 1.1619519320944928e-06
0.19926861606519364 7.4016692665630972e-07
0.44476393743262765 9.2530890061049217e-07
0.067827480664050088 6.2101318313283089e-07
0.69705377602801999 1.1567198435182153e-06
0.41661611972447843 9.0416160149149246e-07
0.89164453263959087 1.4984665585110052e-06
0.27399188857313794 7.981275448623959e-07
0.92360132432392694 1.5965597526087386e-06
0.14103984468284503 6.9125079792993479e-07
0.60696646601388327 1.0617861450509005e-06
0.3078081798721789 8.2377570470036762e-07
0.18178161095328738 7.2639524341480235e-07
0.093937171719165491 6.4750780685196966e-07
0.65564255882868994 1.1106415538703451e-06
0.23316793325924545 7.6686393140425277e-07
0.57281441207104766 1.0298861852078611e-06
0.97941872283527787 1.8910874354396027e-06
0.31596182027953157 8.2978324321053223e-07
0.034944277716728811 5.7595397084550063e-07
0.14282261439642052 6.9279472604700058e-07
0.11932200941117077 6.7213505089090171e-07
0.4632835272052358 9.3974284047897516e-07
0.74465056966062726 1.2162519335762889e-06
0.29644438578185839 8.1515676997991212e-07
0.14584277084384323 6.9541026546390132e-07
0.64076676632892693 1.0952866096304413e-06
0.30118020884924246 8.1874868211251391e-07
0.57517034931223265 1.0320867645203769e-06
0.93378655967275193 1.6338287652677261e-06
0.29134695492652618 8.1129059434922495e-07
0.51249161448626857 9.7836175364050671e-07
0.80681191363121629 1.3117185820292194e-06
0.69171811249762816 1.150565613610857e-06
0.75147817477918577 1.2251403541258386e-06
0.77256937485610022 1.2563098022198816e-06
0.53991602033404307 1.0015780867221309e-06
0.53606210790226505 9.983155287225075e-07
0.71888958044844742 1.1827793153864297e-06
0.69764827011355568 1.1574055414187877e-06
0.67005766402968514 1.1255821454800593e-06
0.3821346921426636 8.7826973102561281e-07
0.82854264560487678 1.3523753837500044e-06
0.23620288937088929 7.6925407505400666e-07
0.15573196635271225 7.0397458360608137e-07
0.34516221911570155 8.5114172190599706e-07
0.25383124040495597 7.8283658577755665e-07
0.66318251220315638 1.1184243703917676e-06
0.23101785114996087 7.6517065976838316e-07
0.65648983835086894 1.1115161244062594e-06
0.51322279484078848 9.7898073976357879e-07
0.15245006807525963 7.0113236849028463e-07
0.2583962641210229 7.8629895416380051e-07
0.52172678430322283 9.8617985477735131e-07
0.7331053039236981 1.201250558096112e-06
0.39825164417467596 8.9037184116381777e-07
0.23283264217804001 7.6659987689437444e-07
0.29507820909378879 8.1412058544528479e-07
0.095117189273396852 6.4865260756453969e-07
0.025149501090233062 5.540512207267352e-07
0.97312931199685415 1.8396489978489783e-06
0.096409934365915384 6.4990677153674468e-07
0.12488734511065003 6.77262284404882e-07
0.87096408507964262 1.4453135882625117e-06
0.66350523571925801 1.1187574888857719e-06
0.4360725312453263 9.1877128914532727e-07
0.64902340572584949 1.1038091967498002e-06
0.93498482353041024 1.6387621185623311e-06
0.09937731143570594 6.5278558920498912e-07
0.24371102717533222 7.7516085208421962e-07
0.86030040347074088 1.4196971297106435e-06
0.78063934530110701 1.2682359384278174e-06
0.9942567215571908 2.1147356394997084e-06
0.31390881507219248 8.2828158331099987e-07
0.94488639713854516 1.680189749838659e-06
0.34368883129500416 8.5006402010626891e-07
0.71509319118549319 1.1778464656712152e-06
0.88274294762158645 1.4742783721513679e-06
0.17078209525836174 7.1700841349782604e-07
0.20563865503520029 7.4518357521159942e-07
0.58095864803234665 1.0374933645755365e-06
0.84382477003551415 1.383338082249314e-06
0.078949535222111678 6.3296746643072711e-07
0.85088080975590352 1.3989096160596093e-06
0.34312052954509653 8.4964833876965087e-07
0.40622661397250182 8.9636019197918567e-07
0.33986109568755607 8.4726424295657168e-07
0.91147990460768746 1.5563186613858219e-06
0.13079432658283907 6.823778945212377e-07
0.57427448117634328 1.0312499727535518e-06
0.14810808062579173 6.9737208669049157e-07
0.92859463009484133 1.6142210067190138e-06
0.79793131353561941 1.2966190555825759e-06
0.23381927426107785 7.6737688727645839e-07
0.29777826808815355 8.1616846065569811e-07
0.38151532796267751 8.7780465465714302e-07
0.40541767529543649 8.9575276540464144e-07
0.81734285863205514 1.3303487298058503e-06
0.56453335530919035 1.0224180732486325e-06
0.42794931489172805 9.1267162099514304e-07
0.71944465693635284 1.183500555677041e-06
0.45786487634380657 9.3551961082526776e-07
0.12824001688479048 6.8016579133568282e-07
0.10748918426952836 6.60655368571522e-07
0.32595667979517173 8.3709393082225544e-07
0.60287023761517211 1.0579600348659751e-06
0.13484132764823442 6.858827099144316e-07
0.55013417069740733 1.0102283372920346e-06
0.26960964480873351 7.9480380697746738e-07
0.69541341560829173 1.1548278285707891e-06
0.028262701176370641 5.6121911605881798e-07
0.46902343148057302 9.4421645108149543e-07
0.052264149014232597 5.9968705301616657e-07
0.33050777527532049 8.4042280575985998e-07
0.015575144286879117 5.3200702647656712e-07
0.46909876057793132 9.4427516165095001e-07
0.76701586847801162 1.2481026007253951e-06
0.10022003774594457 6.5360316490714986e-07
0.73522269199402712 1.2040017926024475e-06
0.58419526709233116 1.0405165507714104e-06
0.5046052731360201 9.7194849964038065e-07
0.59948326228024162 1.0547964073619167e-06
0.33589713172919555 8.4436482229354424e-07
0.71033955376828939 1.1720438477860922e-06
0.77966584192077226 1.2667972548549496e-06
0.77822386558687739 1.2646662425688651e-06
0.26945978939368842 7.9469014827954357e-07
0.65390700968985249 1.1088501024063047e-06
0.14809572574527641 6.9736138702060979e-07
0.49541961359626707 9.6478930988093706e-07
0.0026292600595175797 4.8014316950268681e-07
0.1935867590083411 7.3569224759550126e-07
0.63173411583260564 1.0859630159656489e-06
0.87436150520312939 1.4536680061280764e-06
0.04902829858602431 5.9525303022318441e-07
0.55855279217433007 1.0173551834079081e-06
0.63677502010503051 1.0911662885995614e-06
0.93239098118274621 1.6280830510015839e-06
0.65514379464495653 1.1101267244096484e-06
0.10303270247073837 6.5633188751777368e-07
0.14674424254448049 6.9619096500953235e-07
0.63576412888699774 1.0901228364079723e-06
0.21561967676323268 7.5304401036246913e-07
0.92830547487728821 1.6131982686755587e-06
0.92068720078588606 1.5862525375741884e-06
0.94865586015721337 1.6979780721883742e-06
0.29295260781219334 8.1250841097765767e-07
0.71694990796031643 1.1802589961520315e-06
0.66301390693484952 1.1182503343198439e-06
0.035603781337772089 5.7685767580734578e-07
0.26556507634627968 7.9173618085953243e-07
0.20676672967946841 7.4607197700334253e-07
0.37080860173833996 8.6990063406793839e-07
0.95305371654522497 1.718731820584437e-06
0.84560163895833829 1.3872593434106234e-06
0.29342459136827692 8.1286638960932589e-07
0.53003153109932311 9.9321029944211547e-07
0.1922661215866619 7.34652195274829e-07
0.27743399229593824 8.0073822814757811e-07
0.065003249014884523 6.1714319353260211e-07
0.64260650091683658 1.0971856023741236e-06
0.65692077449632891 1.1119609410763363e-06
0.83850162080344348 1.3719617295322564e-06
0.87155181342725407 1.4467588402563525e-06
0.16005939919372281 7.077222607104621e-07
0.74304094616298721 1.2141604644823746e-06
0.13470763282733234 6.857669264840059e-07
0.3737150117458109 8.7202651243600916e-07
0.51553657155922117 9.809394845134128e-07
0.049469914087076017 5.9585816733963688e-07
0.15676371154545432 7.048681036163172e-07
0.27111609999003816 7.9594638653881449e-07
0.12754232963418932 6.7956157478717479e-07
0.93409627220633307 1.6351038778718137e-06
0.28831918808711632 8.0899416724660255e-07
0.50117166450891371 9.6927238742277286e-07
0.99653423792568618 2.208746915251552e-06
0.56664267693124393 1.0242037350283512e-06
0.41149577499208467 9.0031676930647858e-07
0.92979240592428514 1.6184575234198685e-06
0.22249775536660854 7.5846075949873996e-07
0.17950074083870793 7.2455900287104967e-07
0.53536436904078355 9.9772485274206644e-07
0.42730173783139014 9.1218535976587233e-07
0.796986077315465 1.2950118872436231e-06
0.042010041304367252 5.8563604901706841e-07
0.61772582441121993 1.071835997437126e-06
0.71067914289787648 1.1724355346991843e-06
0.97191676082396694 1.8301617035205091e-06
0.14576320023983547 6.9534135510947702e-07
0.24624321870946764 7.7708140725786472e-07
0.93244323156924225 1.6282981702465792e-06
0.63062884548330056 1.0848221446753384e-06
0.038049032735511634 5.802083561532704e-07
0.077344002255778976 6.3140984953145181e-07
0.78544056062766832 1.2753812504971284e-06
0.56747449845641573 1.0249079196768737e-06
0.56541548161887389 1.0231648437835843e-06
0.87986564331128536 1.4672029438378465e-06
0.24109791937122826 7.7310909780895768e-07
0.16043098182201998 7.0804406159325287e-07
0.61380594762208052 1.0681746096806968e-06
0.88242309765388338 1.4734918458498353e-06
0.26525064466761816 7.9149769835176376e-07
0.68129436479135197 1.1385427153311355e-06
0.15237903185827417 7.0107084915220152e-07
0.17190869582914892 7.1798408090158293e-07
0.90151005786273741 1.5254104263826954e-06
0.11796499490637535 6.7081853558442446e-07
0.024345536655194677 5.5220015662496655e-07
0.77494044811078422 1.2598138723756592e-06
0.36250954852518036 8.6383033508879428e-07
0.39665855220213087 8.8917559918991749e-07
0.79985754490819549 1.2998941925372272e-06
0.17993579157734818 7.2493576890124526e-07
0.65032694152103565 1.1051547196488404e-06
0.31352832883763448 8.2800327864878201e-07
0.10426846064684414 6.575307653103092e-07
0.68749604897008787 1.1456958257233802e-06
0.31866413455093612 8.3175983682208086e-07
0.86660410428007073 1.4345921878582311e-06
0.91903565023190081 1.5804110258887229e-06
0.84905176192095277 1.3948732045127348e-06
0.32235174743546191 8.3445712194045074e-07
0.23658262435965616 7.69553130835574e-07
0.89280064240779977 1.5016182218519717e-06
0.45294698387646126 9.3168666608810533e-07
0.70773972355801573 1.1690451667892518e-06
0.82716420141063429 1.3496643935033517e-06
0.27768665486782251 8.0092986152249369e-07
0.11909742793479017 6.719171718998066e-07
0.62482756334328582 1.0788340022767875e-06
0.59019225576322509 1.04611807910411e-06
0.27020007265857582 7.9525162036219465e-07
0.58470672138534219 1.0409942781560036e-06
0.79035725447834293 1.2837410176332612e-06
0.35001098234412742 8.5468832435806385e-07
0.24231771892557219 7.7406973646452244e-07
0.72500121360955616 1.1907204841681609e-06
0.78587201668179474 1.2761148475547279e-06
0.95428943786892029 1.7245632637187629e-06
0.14758582291747113 6.9691979700097618e-07
0.88926410188819471 1.4919772816783153e-06
0.76509881118990242 1.2452694941493292e-06
0.70189990793088786 1.1623094407110956e-06
0.31305362919037816 8.2765606207959907e-07
0.02219295118815412 5.472439999712989e-07
0.50755049411944231 9.7424396855173774e-07
0.28576937648571621 8.0706024803201147e-07
0.28982101892669121 8.1013323944947609e-07
0.92713857719265347 1.6090709675499054e-06
0.15296889205320918 7.0158168447387166e-07
0.93423237959055383 1.635664243444116e-06
0.50380671001073996 9.7132610938913824e-07
0.83827927606093677 1.3715244434739248e-06
0.28358757144191038 8.0540544549899643e-07
0.63392066408473513 1.0882199932991149e-06
0.55658839572341678 1.0156922091009382e-06
0.92416608941783385 1.5985573190093791e-06
0.17929842684242103 7.2438379332773915e-07
0.20456988974247958 7.4434188179544991e-07
0.9489643994535446 1.6994340876562306e-06
0.097964620786105017 6.5141505937133979e-07
0.63468246904399639 1.0890063361222838e-06
0.060564113215253124 6.1106033224052184e-07
0.076990808120603327 6.3106719624110485e-07
0.59714874290172182 1.0526158335506833e-06
0.5513679621540587 1.011272812551403e-06
0.57302619875359273 1.0300840060089113e-06
0.47365209654994289 9.4782397555168907e-07
0.7423593405816048 1.2132748182366587e-06
0.99218853636489857 2.0822309619644996e-06
0.27578124639035562 7.9948469354843836e-07
0.32343966731494844 8.3525287523473794e-07
0.3230495423432147 8.349675203687276e-07
0.7632689463058524 1.2425652441154518e-06
0.34801550112372814 8.5322874007730733e-07
0.67673706758265062 1.1332862641664855e-06
0.44588755701192884 9.2618463585310922e-07
0.6078046670230125 1.062569072443097e-06
0.82901537280489923 1.3533050977231499e-06
0.5140586875542057 9.7968837090654386e-07
0.47517320084670556 9.4900950548095537e-07
0.26697458360530302 7.9280522971390041e-07
0.51590458181978383 9.812510263143219e-07
0.26241227290960389 7.8934491903349476e-07
0.84357020571795871 1.3827763001399738e-06
0.38886402686158383 8.833227428955657e-07
0.12910763183495388 6.8091716999448755e-07
0.23996752792636 7.7221887144841093e-07
0.53458146746725621 9.970620816394935e-07
0.91628751582975243 1.5712230808073659e-06
0.30056149857477965 8.1827941776082939e-07
0.26438620409931157 7.908420584511522e-07
0.40655983481013536 8.9661040524962142e-07
0.96775447829214645 1.8026305444000892e-06
0.84521967446135393 1.3864164097942015e-06
0.14966795107469155 6.9872297784973519e-07
0.61375328710026411 1.068125421759699e-06
0.79186420334403462 1.2863032559962445e-06
0.7680103413702376 1.2495722739105212e-06
0.48884549175461578 9.5966552039555525e-07
0.73183138567404216 1.1995952886177309e-06
0.58358661059298367 1.039948031000392e-06
0.20144498285220269 7.4188089847802664e-07
0.056053640636508639 6.048797195499815e-07
0.36949968005033718 8.6894323015903654e-07
0.061939001947539873 6.1294431548141278e-07
0.39501340392089213 8.8794026848634002e-07
0.82887900157075989 1.3530368960163126e-06
0.84429414840358141 1.3843739240838009e-06
0.034073921340017854 5.7459898780885103e-07
0.069535467509494131 6.2335360422794501e-07
0.66986708759124469 1.1253623319160279e-06
0.49999869494219984 9.6835818940859511e-07
0.14935839273039087 6.9845489172060769e-07
0.80552961773209319 1.3095383171109925e-06
0.21649616270642191 7.5373427645995066e-07
0.078149254695710768 6.3219106974612322e-07
0.74950713810000857 1.2225623302674016e-06
0.60812597463196405 1.0628691920154065e-06
0.39444273873132363 8.8751175985998933e-07
0.69272620378353456 1.1517283603818508e-06
0.91138068869120281 1.556011075026552e-06
0.034182442766647725 5.7484884975342537e-07
0.62767943767533541 1.0817777359533987e-06
0.21816729701555981 7.5505035844266789e-07
0.47413775994138385 9.4820249560933912e-07
0.42398112888336958 9.0969193699368593e-07
0.38997966783452975 8.8416047014712465e-07
0.19035610024746197 7.3314798064804469e-07
0.80264993644498217 1.3046420462188716e-06
0.37952058492770024 8.7630681562040942e-07
0.88719626093647985 1.486340153871182e-06
0.35466827294649084 8.5809487516126568e-07
0.83971334467915337 1.3743448304386306e-06
0.54446633152468782 1.0054301862284407e-06
0.38562523485979217 8.8089075591424526e-07
0.70403221459799603 1.1647688734297499e-06
0.78665462460342228 1.2774455018892053e-06
0.48269079027448181 9.5486862196726965e-07
0.42542042838353678 9.1077269724154742e-07
0.57741897037232215 1.0341871044190878e-06
0.5851633785057182 1.0414208218662713e-06
0.4254792158546874 9.1081684035553056e-07
0.75766287844263769 1.234280365083584e-06
0.39972144775380791 8.9147550671800266e-07
0.45299834288249274 9.3172669466400063e-07
0.60531822427951243 1.0602465935725015e-06
0.98684890193066466 1.9650042236495989e-06
0.26068611101410299 7.880357016562693e-07
0.23195279991152484 7.6590696756430925e-07
0.1768872665129827 7.2229566147367733e-07
0.68944421430813352 1.147942867224327e-06
0.44909463741840772 9.286841947693101e-07
0.38860634007427475 8.8312924763200841e-07
0.20409037414886866 7.439642449832964e-07
0.89113837740333834 1.4970867320042137e-06
0.44317303522238582 9.2410300949769018e-07
0.60769331148632899 1.0624650600415458e-06
0.11252957829252841 6.6554533537622963e-07
0.10797221668490109 6.6112398520466464e-07
0.067354541663995793 6.2036512403601662e-07
0.36734608083829356 8.6736799130195537e-07
0.47288660219191159 9.4722735868980642e-07
0.24457814944923684 7.7581852593980298e-07
0.34967750587730961 8.5444440474409119e-07
0.0062600340237697338 4.9658993858286059e-07
0.35108846526139481 8.5547644359103396e-07
0.11917133483084752 6.7198887309354469e-07
0.12838447837388955 6.8029089899998464e-07
0.0045060975600033082 4.8864491411015023e-07
0.6963805660651069 1.1559433536094921e-06
0.93128377404938401 1.6237324720486428e-06
0.62154556085215718 1.0754462859418553e-06
0.096202051927909649 6.4970509321229404e-07
0.9896494493925041 1.9987231806434382e-06
0.97558517087651331 1.8588642330831599e-06
0.46823453565748874 9.4360159540635847e-07
0.10786921840629593 6.6102406084140593e-07
0.72073930964720445 1.1851827665394374e-06
0.96146820448343717 1.7641670727320003e-06
0.77869960413869266 1.2653693086837881e-06
0.62420285457098101 1.0781891715314627e-06
0.6108319023710771 1.0653966823490877e-06
0.9779181142056288 1.8774582895238857e-06
0.073119336819769454 6.2731126643480997e-07
0.14955601959062614 6.9862604207383691e-07
0.83081144473968116 1.3568374376741019e-06
0.145113080319759 6.9477833319115106e-07
0.38329648692902962 8.7914211486311934e-07
0.28149925605475035 8.038215507315802e-07
0.24344471644039323 7.7495728997575894e-07
0.025721951108426677 5.5536924131639532e-07
0.56625126353481114 1.0238723811301254e-06
0.40123952083346093 8.9261541751325184e-07
0.55159021263701125 1.0114609603372991e-06
0.30450820649750365 8.2127282099185394e-07
0.94146085505426258 1.6654244861618998e-06
0.59134719224152743 1.0471968554301479e-06
0.96120704653226685 1.7627235960318621e-06
0.35000595425865866 8.5468464659129892e-07
0.0022895373463220903 4.7860428521238731e-07
0.7812655649624406 1.2691613917523426e-06
0.8273788545606422 1.350086552484118e-06
0.058703397200336016 6.0851062934032385e-07
0.62536922846231902 1.079393114519015e-06
0.66101786704012022 1.1161900016495221e-06
0.1457338670475653 6.9531595174976973e-07
0.55252455285258117 1.0122519329394637e-06
0.24319888067994366 7.7476368494158168e-07
0.016451703204516166 5.3402523359470378e-07
0.8669110903761178 1.4353470812867963e-06
0.49169517122646411 9.6188652543109592e-07
0.78169910091071115 1.2698020891136705e-06
0.72289303222910872 1.1879812124017908e-06
0.99370526101452905 2.1060685978926922e-06
0.43795340390119319 9.2018362368550746e-07
0.4275506067571776 9.1237223375692686e-07
0.28175556705117022 8.0401595127498321e-07
0.62514721340321466 1.0791639483180868e-06
0.48611250055528421 9.5753546076050899e-07
0.72876112214166877 1.1956059325369174e-06
0.35651169844142727 8.5944323907852516e-07
0.13084474160932591 6.8242155533526376e-07
0.86243545211945416 1.4244088353610519e-06
0.82804694196468465 1.3514004819444733e-06
0.35100018711574421 8.554118730040453e-07
0.6903517175119992 1.1489895942764439e-06
0.49240290627561178 9.6243812539997447e-07
0.76097209713110014 1.23917086537592e-06
0.3901323686645124 8.8427513216628162e-07
0.5356392353912296 9.9795754287873924e-07
0.057816104064747242 6.0729478884505241e-07
0.17490998158808135 7.2058327777781409e-07
0.78176560777510296 1.269900375709502e-06
0.38156548217287745 8.7784231511394209e-07
0.035105424229590176 5.7617478677222215e-07
0.16763628571194666 7.1428405500516167e-07
0.41159803208561452 9.0039355346553365e-07
0.71791310701677191 1.1815105317197078e-06
0.36348504180723096 8.6454385453759168e-07
0.74518575437886903 1.216947327436641e-06
0.85806058729508339 1.4147542191417993e-06
0.34113661420571262 8.4819721429194858e-07
0.80037557085442534 1.3007749828431688e-06
0.12688066593018954 6.7898855563115693e-07
0.41528352507165955 9.0316096519090879e-07
0.097562396281592578 6.5102483899052614e-07
0.052527988794775715 6.0004858752666977e-07
0.064527377485446902 6.1649111604791253e-07
0.10475202708163645 6.579999000254158e-07
0.83572592341639873 1.3665027573262232e-06
0.54367712363369003 1.004762076466291e-06
0.94738818777701073 1.6919958500996581e-06
0.53800030131251353 9.9995632065210156e-07
0.62871133231038678 1.082842868085547e-06
0.18448396114049304 7.2852344721800735e-07
0.54058102063370839 1.0021410476315525e-06
0.38530254880332682 8.8064845313964809e-07
0.93143534214037016 1.6242685663101858e-06
0.93392121578179199 1.6343831558177921e-06
0.19849861250224099 7.3956051949305017e-07
0.62013086393836592 1.0740824410760737e-06
0.63817580297097798 1.0926121909136181e-06
0.56253507945801784 1.0207264180854431e-06
0.12432970799514931 6.7677935516551648e-07
0.65401531884086184 1.1089619002130059e-06
0.79908528492420017 1.2985811326171206e-06
0.34522603385313011 8.5118839886124939e-07
0.51455170194415722 9.8010573587534893e-07
0.1163279463492779 6.6923034365629885e-07
0.9306887114870277 1.6216277439171307e-06
0.10953785317232001 6.6264289630899146e-07
0.20837710666824705 7.4734021027982124e-07
0.29847847580003495 8.1669953720561605e-07
0.82579023918202188 1.3469622179516716e-06
0.70065592050235492 1.1608746079872089e-06
0.00701443800310253 5.000072562576628e-07
0.18356154715941053 7.2779701103961584e-07
0.75015117919190177 1.2233991669816271e-06
0.40383449100081237 8.9456396303899805e-07
0.026213532467259992 5.5650106825646574e-07
0.96391687832002471 1.7781214341894429e-06
0.15123291294056207 7.0007827831757145e-07
0.51046664004682762 9.7664749659046182e-07
0.24831609764484341 7.7865359416000417e-07
0.7374693202253596 1.2069209556975663e-06
0.77672609904728807 1.2624527812085595e-06
0.39722040352489307 8.8959748954337007e-07
0.65844962145903185 1.113539032452915e-06
0.90907358454648546 1.5488586564482294e-06
0.81480911849260629 1.3253656156295284e-06
0.41489771764491468 9.0287126500682128e-07
0.44147605389663791 9.228287577119997e-07
0.88687827402702057 1.4854732918196638e-06
0.034372800426342942 5.7517088664941017e-07
0.022811572313826356 5.4866832585988489e-07
0.20579534156502211 7.4530697182772151e-07
0.8276216446853436 1.35056404853568e-06
0.15321318761720082 7.0179325122152789e-07
0.28527928494835264 8.066885352982176e-07
0.62906869014017575 1.0832117364702192e-06
0.18424281006138077 7.2833353154899324e-07
0.30311634124357345 8.2021715281730364e-07
0.46691272712319221 9.4257139413646291e-07
0.22810928376793815 7.6288005206194827e-07
0.99241368397793306 2.0857694993192692e-06
0.16344601732126784 7.1065516612671753e-07
0.84993710492025309 1.3968270127385412e-06
0.47009983149871915 9.4505538398050236e-07
0.12912367972018846 6.8093106790908897e-07
0.1184861571625806 6.7132414409857648e-07
0.50029605605085536 9.6858994898935575e-07
0.35352017146921022 8.5725510235267118e-07
0.23460229911299368 7.6799354920123088e-07
0.95893913716574886 1.7501883685424288e-06
0.46337974063319087 9.3981782803813243e-07
0.92881098137232765 1.6149862382237669e-06
0.16399972606481883 7.1113469328680082e-07
0.18346606723001224 7.2772181695491242e-07
0.59602769094245156 1.0515687072916727e-06
0.26987564261682262 7.9500555453866768e-07
0.18493785561126042 7.2888090641908141e-07
0.094685385413311063 6.4823369060441139e-07
0.076270670307163835 6.3036855046332139e-07
0.75316838541342634 1.2276382173313383e-06
0.28216314636981654 8.04325082143855e-07
0.97841915330763485 1.8820089331066279e-06
0.18312112747912479 7.2745016374979089e-07
0.3544466500238479 8.5793277023597845e-07
0.37490861948233345 8.7289957055943727e-07
0.50015279273682989 9.6847829132925679e-07
0.87063586897945344 1.4445064892428086e-06
0.83477020996418727 1.3646231528718954e-06
0.0099563308637953263 5.1333351479504677e-07
0.40925506695826264 8.9863423681776654e-07
0.82793673104058196 1.3511837297962434e-06
0.00019780782671019459 3.9883452439973362e-07
0.53363957221824387 9.9626471326803458e-07
0.2594756213332019 7.8711759882401551e-07
0.4127685492421006 9.012724868716961e-07
0.42030469987880803 9.0693133135062642e-07
0.39175444071751442 8.8549313508634623e-07
0.89195012221126302 1.4992996242603873e-06
0.5364636089695346 9.9865542241289779e-07
0.90374672382798471 1.5323444745226406e-06
0.72674240732135098 1.1929829094123723e-06
0.35112007097400566 8.5549956142388409e-07
0.49356368154895491 9.6334281933229013e-07
0.3898585382052917 8.8406951472880937e-07
0.82857427820032159 1.3524375956684016e-06
0.1875978119709637 7.3097572346680589e-07
0.93641228226155149 1.6446390864681731e-06
0.58042449425191611 1.0369944345792832e-06
0.61175795396808397 1.066261667184452e-06
0.5168014002519713 9.8201023457396386e-07
0.55449647704491756 1.0139212799114677e-06
0.66767541642282713 1.1230619918004669e-06
0.65503525510085969 1.1100146887888599e-06
0.21414708886996425 7.518842912521016e-07
0.58244016087307404 1.0388771817891442e-06
0.35462644068844251 8.5806427717535043e-07
0.63703030580287878 1.0914297970920177e-06
0.54783458026791876 1.0082816020497593e-06
0.17967993371249258 7.2471418887971204e-07
0.73473391753903605 1.2033667020561133e-06
0.45701344747949024 9.3485601766900848e-07
0.551441552286137 1.0113351108205918e-06
0.67264286492481296 1.1285639528175538e-06
0.65287177391713702 1.1077815215178946e-06
0.74892882009004458 1.2218108910357631e-06
0.20675172864311742 7.4606016311528124e-07
0.11039123373735693 6.6347080829677882e-07
0.66917957467434441 1.1246145992383838e-06
0.23598494666568215 7.6908243686429368e-07
0.11460486854982666 6.6755868997152798e-07
0.131237492809408 6.8276168878951792e-07
0.31280012389951406 8.2747063696316531e-07
0.99178704804924511 2.0759209621235253e-06
0.15726032668708501 7.0529818613044438e-07
0.29853656229846781 8.1674359324307622e-07
0.92073415188214291 1.5864186029584831e-06
0.96330806314080264 1.7743363710112736e-06
0.22884336115151804 7.6345816598921732e-07
0.88045269705065754 1.4686465369379027e-06
0.13891794452301365 6.8941317342160742e-07
0.76153641130051564 1.2400048322032313e-06
0.013008160647371536 5.2609675102427935e-07
0.40661962924096007 8.9665530448280475e-07
0.24733520671738818 7.7790963181746006e-07
0.70400801415912273 1.1647409603007011e-06
0.016056131355184688 5.3311446090619202e-07
0.46490170605153303 9.4100402911493779e-07
0.69672902474493525 1.1563452707874894e-06
0.04670487325018291 5.9206928575616408e-07
0.8974001821299723 1.5141569972574838e-06
0.3611974073964489 8.6287057633684406e-07
0.16526583224224256 7.1223117642291767e-07
0.22546449603046081 7.6079718088255107e-07
0.33890592878046322 8.4656559112821091e-07
0.19837510182229212 7.3946325012357762e-07
0.51057875391520291 9.7674240741280457e-07
0.63293173649935597 1.0871992121924248e-06
0.43343010888332467 9.1678711208796056e-07
0.42703214989512228 9.1198292801015542e-07
0.78169951936870252 1.2698027075282035e-06
0.30101671295788512 8.1862467771719744e-07
0.62276883390724203 1.0767089608246424e-06
0.89292158504347252 1.5019479227866852e-06
0.22151436509601219 7.5768630216755226e-07
0.61990073002445722 1.0738674829179349e-06
0.94797178005478422 1.6947498571044825e-06
0.52979525495545443 9.9301027812950273e-07
0.97689772369713024 1.8691339645462899e-06
0.31004604418479642 8.2545617978939727e-07
0.56429389266619812 1.0222153543816798e-06
0.31103575120095284 8.2618009579951517e-07
0.0037194250674006391 4.850814257313782e-07
0.99730810044565832 2.2248236867296863e-06
0.24006006803727653 7.7229175031397546e-07
0.97310198523673164 1.8394351866531103e-06
0.65303282664712703 1.1079477617829911e-06
0.90393360894857266 1.5329238504522299e-06
0.96720274705363296 1.7991068728789256e-06
0.56782920634198297 1.0252297196602066e-06
0.99969134430125817 2.5878090460062609e-06
0.76732990927536993 1.2485667032087519e-06
0.52381455609357341 9.8794727338806768e-07
0.65494328419088588 1.1099197554806437e-06
0.19427135732659928 7.3623139487237278e-07
0.011032621440349888 5.1820892228393067e-07
0.25678934760714212 7.8508017912931123e-07
0.43497086171990695 9.1794405295910256e-07
0.228052586861754 7.6283540108668155e-07
0.51403589798619798 9.7966907822962722e-07
0.65794414222466646 1.1130172716486935e-06
0.65579384910003768 1.1107977172263896e-06
0.89376443053312848 1.5042455984096175e-06
0.96631909648320979 1.7934633745008944e-06
0.89069501335988843 1.4958780801608783e-06
0.62017495934692612 1.0741236286943847e-06
0.20576415459112907 7.4528241089673485e-07
0.94345115916992683 1.673618735953817e-06
0.17486039476730653 7.2054033421295151e-07
0.15142738251046517 7.0024669436962851e-07
0.31756932790543502 8.3095904623888421e-07
0.57360556133828822 1.0306251635983577e-06
0.68147263198580421 1.1387483312387636e-06
0.013292677345635995 5.2675182806942985e-07
0.77802227171975014 1.2643683188113462e-06
0.17501954908724215 7.2067816627708728e-07
0.29648485151302117 8.1518746144550332e-07
0.32208672579565156 8.3426327325093507e-07
0.33244599889874249 8.4184050927138281e-07
0.7603676022094713 1.238277517770563e-06
0.040944362202179563 5.841757697075202e-07
0.19651781839231952 7.3800056861101443e-07
0.02231923115244816 5.4753474953494874e-07
0.77829945671176626 1.2647779542607083e-06
0.98372233836512357 1.9311661937791859e-06
0.65954715926656426 1.1146719221350019e-06
0.59013918091881123 1.0460685041822528e-06
0.9080662133885028 1.5457356330675469e-06
0.25495398636348277 7.83688138880973e-07
0.066462305138005218 6.1914250970919672e-07
0.50996990497221573 9.7622698184861013e-07
0.26034870317382874 7.8777979274711627e-07
0.45108161468090202 9.3023282034250206e-07
0.45629985058180933 9.3429984904767671e-07
0.31883182406806942 8.31882492440562e-07
0.48632458158305347 9.5770075409797793e-07
0.38015188054990168 8.7678085122804002e-07
0.11305933678187674 6.6605928357464511e-07
0.86672570740577992 1.4348912157349752e-06
0.70127371443022601 1.1615871802560247e-06
0.041308864999840544 5.8467524078901559e-07
0.11578642527130634 6.6870498391592004e-07
0.096514470712024014 6.5000818806490186e-07
0.061743547008827671 6.1267648738722897e-07
0.059056775840547693 6.089948572056147e-07
0.15711233293620031 7.0517001942927092e-07
0.84786940852992809 1.3922639425848496e-06
0.82823329619817576 1.3517669853629844e-06
0.78314647527838521 1.2719410788374109e-06
0.61470650653857273 1.0690157829032642e-06
0.72349355321363451 1.1887615011346678e-06
0.73848121084030616 1.2082357587870376e-06
0.88931287030766726 1.4921102289503436e-06
0.73234302963576559 1.2002600947258683e-06
0.73645930802096549 1.2056085933264508e-06
0.80408117271348378 1.3070755517990126e-06
0.5563548559276319 1.0154945042639821e-06
0.21302879004260922 7.5100358828889401e-07
0.084542477569058305 6.3839349112094254e-07
0.41904356038189883 9.05984350242727e-07
0.091685671686062564 6.4532350134481452e-07
0.16930403155433116 7.1572836925313747e-07
0.023840011762434998 5.5103622580818453e-07
0.30020629103650986 8.1801000856877366e-07
0.96999782240201837 1.8169578240615116e-06
0.37893127266441062 8.7586430503267796e-07
0.24089260605108131 7.7294740574149207e-07
0.40344947713823154 8.9427485873686733e-07
0.3013385202066774 8.1886875426837948e-07
0.67387682292836071 1.1299872174605738e-06
0.63446676115908063 1.0887836802506694e-06
0.027342907770496194 5.5910136497375114e-07
0.51132315580678511 9.7737258632561284e-07
0.036199687675437131 5.7767423465093626e-07
0.67736326641427491 1.1340085307703639e-06
0.93580833062725843 1.642152566687259e-06
0.90748787872741898 1.5439426964184167e-06
0.20571211209092655 7.4524142544363425e-07
0.74264514772139334 1.2136461825964388e-06
0.7930659710405652 1.288346600243384e-06
0.8643675331093843 1.4290923528461241e-06
0.25959867080052101 7.8721092639734018e-07
0.45083484597216006 9.3004049185428293e-07
0.2215044290365904 7.5767847714193183e-07
0.024309457211191376 5.5211708657771619e-07
0.65901262786495718 1.1141201733884199e-06
0.43146361789314558 9.153104873203454e-07
0.24811688056356729 7.7850249682358018e-07
0.84710394729961191 1.3905746939552118e-06
0.49568063997920286 9.6499275062458434e-07
0.99465767721259057 2.1210372677742261e-06
0.79335782693896706 1.2888428376382773e-06
0.86921119973591987 1.4410031597315669e-06
0.77333224879767171 1.2574372088936317e-06
0.10592489895062163 6.5913776831097879e-07
0.065029000653670677 6.1717848050147407e-07
0.91507877261446346 1.5674757695083726e-06
0.13819718803980208 6.8878897827653954e-07
0.39122615067426025 8.8509644567040225e-07
0.60991101155593086 1.0645365179773589e-06
0.21189834990199563 7.5011332357859123e-07
0.2252850437077768 7.6065585533657324e-07
0.46624134229137648 9.4204812507866916e-07
0.36089509145992715 8.6264944892945054e-07
0.67657566701980432 1.1331001024707048e-06
0.075076195520627498 6.2920972398496089e-07
0.48875866947781965 9.5959785218379104e-07
0.17425991771551697 7.200203043981913e-07
0.60672500900074811 1.0615606104743937e-06
0.11621329176034312 6.6911911085756522e-07
0.19763186652941367 7.3887792399357832e-07
0.80388898284331345 1.3067487747798726e-06
0.23516699003801378 7.6843826483429454e-07
0.73706533879382563 1.2063960412192381e-06
0.27306269968819097 7.9742279623014529e-07
0.23502750523383109 7.6832841523295266e-07
0.2991547828812674 8.1721248618531372e-07
0.88093198442274856 1.4698251274090827e-06
0.39716565933672798 8.8955638250319981e-07
0.24376052988397368 7.7519839769714392e-07
0.53663947369691312 9.9880430199522275e-07
0.38564141178513567 8.809029030579369e-07
0.79019751977166319 1.2834694235515557e-06
0.99044561831302769 2.0087860876850766e-06
0.52657444266583364 9.9028367572563347e-07
0.45174889765284931 9.3075289246130224e-07
0.34303539831388563 8.4958606997673683e-07
0.97333873227013779 1.8412875528357003e-06
0.48328327600468202 9.5533039803831906e-07
0.17799685993604941 7.2325660021486138e-07
0.96921590538467606 1.8119640543896229e-06
0.96088212599935696 1.7609276896979741e-06
0.43572505233507652 9.1851036958471849e-07
0.34818601303295715 8.5335346011969508e-07
0.68043744668863537 1.1375543338513333e-06
0.82892413078560989 1.3531256517757466e-06
0.49853213228352744 9.672151685593994e-07
0.33081299105303341 8.4064605424089536e-07
0.30139401086301343 8.1891084147453226e-07
0.32659872721441807 8.3756355304222551e-07
0.11803294012241006 6.708844530205281e-07
0.77862043635520872 1.2652523112578937e-06
0.10495986351913644 6.5820153372221529e-07
0.39831449493385274 8.9041903537326359e-07
0.83494333714086499 1.364963642598911e-06
0.40410589569189992 8.9476775898360614e-07
0.29476179792595236 8.1388060158261276e-07
0.94825372380326722 1.6960803665849217e-06
0.12654375353301062 6.7869678013203807e-07
0.88485390278447429 1.4799546665047644e-06
0.062076798736804606 6.1313313573684648e-07
0.41352941285256994 9.0184381420429365e-07
0.63172105549786706 1.0859495349553652e-06
0.37003838414168089 8.6933726244341322e-07
0.53460642096145838 9.9708320620409366e-07
0.20400166658718222 7.4389438439637166e-07
0.56903451746683675 1.0263555487697987e-06
0.13455871689923815 6.8563796115174077e-07
0.79609631608957632 1.2934990420510819e-06
0.58378991344212983 1.0401379274187625e-06
0.48193211481885256 9.5427731967382245e-07
0.054666795833081316 6.0297935313776424e-07
0.49977433591672227 9.6818332675113566e-07
0.5635694303612403 1.0216020554730237e-06
0.26566751340716455 7.918138748351276e-07
0.6775903409082219 1.1342704417086918e-06
0.076765148713520581 6.3084827148943474e-07
0.20868908144849574 7.4758590231373036e-07
0.73754851732423521 1.2070238606842722e-06
0.14722221892602416 6.9660490583943266e-07
0.2455488196226161 7.7655473629287289e-07
0.65085534790438426 1.1057001460893111e-06
0.72884170381111235 1.1957106365695215e-06
0.051489254623432013 5.9862523033084981e-07
0.12658941325221507 6.787363227178023e-07
0.44611800584326267 9.2636424483014801e-07
0.5927949448321963 1.0485491386510136e-06
0.4537812343456108 9.3233687061503112e-07
0.64706999281175792 1.1017928640822223e-06
0.75599290652195894 1.2318124114863356e-06
0.94954384750790233 1.7021685378218863e-06
0.34988071312944713 8.545930396237e-07
0.16310476850446609 7.1035963516769136e-07
0.26408400428820389 7.9061285327339474e-07
0.14816444505179105 6.9742089984983566e-07
0.39424564197291612 8.873637612388237e-07
0.87256726590156553 1.4492558862455639e-06
0.34705989694435657 8.5252976840842974e-07
0.14882270222259675 6.9799096885343608e-07
0.52263288202296931 9.8694691848633008e-07
0.99194381666014009 2.0783848194046695e-06
0.18818121866875948 7.3143517848449493e-07
0.77787495175672183 1.2641506032748151e-06
0.82335894357430262 1.3421805817368818e-06
0.40133834350100184 8.9268962278508963e-07
0.61955143866452489 1.0735412249314015e-06
0.4323734507511886 9.1599367465213895e-07
0.26232693653997186 7.8928019517513428e-07
0.42611880007236025 9.1129709981337104e-07
0.095290136630071576 6.4882039342200283e-07
0.70695611366089273 1.1681413400323532e-06
0.82919303162930413 1.3536544998550644e-06
0.30739993337048277 8.2346606780269001e-07
0.56647682437998248 1.0240633313275787e-06
0.23214853203943642 7.6606111407759365e-07
0.12746045017281171 6.794906648981025e-07
0.66361856511215978 1.1188744686371887e-06
0.13410759650791237 6.8524727835572631e-07
0.78197906920616733 1.2702158378440119e-06
0.27175454875092409 7.9643062165859005e-07
0.81851339300266068 1.3326508231915222e-06
0.36850457439042694 8.6821536533923823e-07
0.3688425926429848 8.6846260701858784e-07
0.75057276067248424 1.2239469501361956e-06
0.51026577463547118 9.7647745249468401e-07
0.20097742640987393 7.4151267995346672e-07
0.85040854805343502 1.3978674111743326e-06
0.34015320923575953 8.4747790788049842e-07
0.10277676083840148 6.5608358429378789e-07
0.41600104492287759 9.0369974598820491e-07
0.57396176316967895 1.0309578763580762e-06
0.6098853339390975 1.064512533623527e-06
0.83560784530382015 1.3662705327553041e-06
0.5414068237934746 1.0028401373884429e-06
0.22371048306735009 7.5941582879996885e-07
0.26166633073590806 7.8877915491904319e-07
0.10084058829440268 6.5420519553585794e-07
0.73592428923626174 1.2049134150723361e-06
0.10594154649975795 6.5915391902504687e-07
0.60581263227479554 1.0607083987459769e-06
0.59694739404661323 1.0524277622738235e-06
0.78550355697535779 1.275488362067038e-06
0.074629699685421103 6.2877655352196985e-07
0.20291134351117135 7.4303571340396121e-07
0.90956237702313847 1.5503739969667586e-06
0.57223682946201215 1.0293466902168686e-06
0.45769021311007851 9.3538348045500468e-07
0.74767626546228172 1.2201833804432263e-06
0.9025304510891583 1.5285738204091673e-06
0.26300963694954893 7.8979799321133648e-07
0.90147562881134335 1.5253036904178762e-06
0.10869462604075364 6.6182483473218369e-07
0.97768304772987802 1.8753233189295542e-06
0.16485182509961016 7.1187263473168914e-07
0.26623636860229394 7.92245326316318e-07
0.096593940091641239 6.5008528573356538e-07
0.80367650688660042 1.3063875056884679e-06
0.9842320620416789 1.936682807988803e-06
0.29697650856976809 8.155603615564409e-07
0.32561196040179385 8.3684178762857229e-07
0.27897990338000256 8.0191073326437949e-07
0.1548281002149251 7.031918104113347e-07
0.78744421673869258 1.2787880313579612e-06
0.06071984000912245 6.1127372163190886e-07
0.96777413047428273 1.8027560544848706e-06
0.92731552450904831 1.6096968277840584e-06
0.1184390852842464 6.7127847704924691e-07
0.5295238512104824 9.9278051928703787e-07
0.99285135864433693 2.0926482227284728e-06
0.85261924904842634 1.4027460692675528e-06
0.7151337259585594 1.1778991346495328e-06
0.022460945440901936 5.4786103540112874e-07
0.068377445368241418 6.2176678905122012e-07
0.79401709844269242 1.2899637852543011e-06
0.37644485419096874 8.7402324138598015e-07
0.66843187745904764 1.1238428185719491e-06
0.73918162704315804 1.2091458466698805e-06
0.42218417752508908 9.0834261838755544e-07
0.14338175070077952 6.9327895362558167e-07
0.38669450307921183 8.8169366217921369e-07
0.87104844231860457 1.4455210267301305e-06
0.33108577903197878 8.4084558357846954e-07
0.062649442594573057 6.139178184574915e-07
0.95913141718478168 1.7512511419564958e-06
0.68067690897386846 1.1378305330436311e-06
0.54085675193756588 1.0023744700009166e-06
0.82910734668123787 1.3534859830159622e-06
0.41116067809709589 9.0006514731727923e-07
0.98511579401059535 1.9462472221242497e-06
0.85757306939782374 1.4136783463121205e-06
0.28054474165599075 8.0309759381831201e-07
0.37104798717763987 8.7007573129294464e-07
0.27574296419844568 7.9945565820070108e-07
0.65934084284823868 1.1144589602306719e-06
0.6393319310674046 1.0938055580875083e-06
0.52250587351271705 9.8683939849502787e-07
0.96584037457283101 1.7904059823425248e-06
0.47227528817768971 9.4675090808639777e-07
0.78372239419656531 1.2727921956425771e-06
0.6580951171766698 1.1131731095289051e-06
0.51818494014466832 9.8318148047656839e-07
0.042095107211398308 5.8575261317200996e-07
0.65749502382013159 1.1125536870659656e-06
0.64259508427622536 1.0971738180016275e-06
0.12487399459254811 6.7725072248518029e-07
0.7959149753606658 1.2931907116339297e-06
0.46699408344504212 9.4263480225035321e-07
0.32414601440480872 8.3576952911179735e-07
0.82395938584596584 1.343361473316647e-06
0.3433709594978237 8.4983151444612153e-07
0.62185079128382637 1.0757613478962807e-06
0.61791480145649225 1.0720125127402915e-06
0.052805982573266963 6.0042951698477832e-07
0.4228336305747159 9.0883028828447925e-07
0.22277874993195645 7.5868205343225187e-07
0.19957066190105588 7.4040479926796001e-07
0.65496188862720983 1.109938959168943e-06
0.011409995285753705 5.1991835959767215e-07
0.9690789782144964 1.8110895590985178e-06
0.39539100600482113 8.8822380733407296e-07
0.2988035284449051 8.1694607524604329e-07
0.91997439993745733 1.5837313707376912e-06
0.48667214210684495 9.5797163848379113e-07
0.61432525148527772 1.0686596690100729e-06
0.6958507486369615 1.1553322546818404e-06
0.87141127348446346 1.4464132458446521e-06
0.12974198981705609 6.8146654163648642e-07
0.081653179092023631 6.3559042184161213e-07
0.99371078433473914 2.1061554052748463e-06
0.0088838016260704977 5.0847514551117732e-07
0.70819475361502593 1.1695700049035085e-06
0.61106536195862104 1.0656147468754582e-06
0.55255102170916692 1.0122743403452685e-06
0.7858279591800934 1.2760399373679215e-06
0.99247294763545868 2.0867009178811113e-06
0.046885821493927393 5.9231723560888866e-07
0.61453049264318027 1.0688513759190097e-06
0.71677766853905067 1.1800351963461397e-06
0.30593930617301857 8.2235824673819292e-07
0.89286138492093114 1.5017838116230632e-06
0.45699284144971186 9.348399575835314e-07
0.16447846195194671 7.1154929186964466e-07
0.85440781602030003 1.4066931461234313e-06
0.9429256204246439 1.6714550486457885e-06
0.099514918368743599 6.5291908935033127e-07
0.75168086715455318 1.225439901304284e-06
0.21501421916521968 7.525671894201385e-07
0.0067222176690217017 4.9868354941100201e-07
0.26061382288538826 7.8798087431097384e-07
0.85490983522074693 1.407801020974332e-06
0.14118387678373234 6.91375533732112e-07
0.13066888299846058 6.8226925689095243e-07
0.73904770620015625 1.2089718362229779e-06
0.40635963856463808 8.9646007924458949e-07
0.148486072534602 6.9769943818832759e-07
0.23000037648217175 7.6436935967489199e-07
0.79460192498560445 1.2909581554270754e-06
0.62326879005801961 1.0772250206458393e-06
0.76092877256649849 1.2391068385418554e-06
0.097773238988037692 6.5122938923616708e-07
0.4581042828497125 9.357062013033938e-07
0.79710625078133213 1.2952162160509686e-06
0.26579275086843102 7.9190886190499462e-07
0.16918896837602859 7.1562872134299654e-07
0.38178389381719213 8.7800631893859292e-07
0.33337997383878071 8.4252366034650428e-07
0.18547277888220359 7.2930217888962728e-07
0.95394492535625852 1.7229374884827714e-06
0.48309840455544018 9.551863115107816e-07
0.60807635610992461 1.0628228454951305e-06
0.12110690874959507 6.7386668109179716e-07
0.61003508813151286 1.0646524125524013e-06
0.55532269320846372 1.0146207192997551e-06
0.93192932777303261 1.6261823850045081e-06
0.41231680107204371 9.009332722300007e-07
0.78206210047621705 1.2703385448902001e-06
0.304180978462122 8.2102463301403232e-07
0.57894035632788055 1.0356081653886362e-06
0.92697039724419794 1.6084761173760532e-06
0.62507131075889633 1.079085600837024e-06
0.71115868376650837 1.1729886439308149e-06
0.8759845252025904 1.4576590895934175e-06
0.92542436330879951 1.6030078165250962e-06
0.20827487520306709 7.4725969910327815e-07
0.19583803162918523 7.3746521061725021e-07
0.55047612690878578 1.0105178228454047e-06
0.99551637630636114 2.1876011325990453e-06
0.49015232331077996 9.6068404879340403e-07
0.33090496310342721 8.407133267151494e-07
0.53726127493308851 9.9933069241876532e-07
0.064395774115701854 6.1631078251457111e-07
0.17720677030991405 7.2257236064117798e-07
0.14892041734650996 6.9807559286635452e-07
0.027915545071051873 5.6041981676613892e-07
0.72221230304528394 1.1870967049058564e-06
0.32547454586182356 8.367412764834721e-07
0.16853631124208979 7.1506350212695404e-07
0.51224377052562342 9.7815193950726543e-07
0.32344440597206481 8.3525634130065148e-07
0.39301777079807909 8.8644176108867807e-07
0.3155318170618111 8.2946871961048861e-07
0.003983514358832152 4.8627770389010829e-07
0.68832886441892505 1.1466564068607308e-06
0.11069047873405968 6.6376112252492718e-07
0.21914239706296945 7.5581828690702001e-07
0.1903170435638315 7.3311722202059648e-07
0.33136729549870747 8.4105149732268864e-07
0.1601976794963561 7.0784201529550255e-07
0.34695212418795407 8.5245093859057392e-07
0.24326434580773415 7.7481524122566386e-07
0.061215113172411018 6.1195238479743408e-07
0.87056297716982922 1.444327244811904e-06
0.30558110709871145 8.2208656859849391e-07
0.09528214637638055 6.488126416321364e-07
0.52152637895212295 9.8601020014897754e-07
0.12327551836880324 6.758663976520244e-07
0.7730932014568469 1.2570839348430948e-06
0.061577943239839561 6.1244956376928428e-07
0.4646359499442313 9.4079690208245087e-07
0.94382633011577832 1.6751872298988449e-06
0.15896905365841352 7.0677799117499589e-07
0.20136867690549798 7.4182080463572852e-07
0.60046491139521574 1.0557133234396449e-06
0.97985407159533944 1.8950414522684233e-06
0.38583574828559375 8.8104882902010063e-07
0.64864509277720661 1.1034186982784254e-06
0.15231706278163393 7.0101718220964299e-07
0.64139713326430225 1.0959372807892061e-06
0.25266206495489318 7.8194981796033309e-07
0.6132876074913306 1.0676904505322122e-06
0.088661208083609444 6.4238930085363157e-07
0.52496902170532911 9.8892459476824917e-07
0.23740499467324039 7.7020077881150967e-07
0.68170870332941336 1.139020619270952e-06
0.74766978706831544 1.2201749627226983e-06
0.84814253055939737 1.3928666785507384e-06
0.99239536891908198 2.0854816502986828e-06
0.45935477965323201 9.3668082308980229e-07
0.67059441720732427 1.1262012441994371e-06
0.018423716252121691 5.3856563662940719e-07
0.9050870333062111 1.536499663803852e-06
0.61574314552857901 1.0699840626503118e-06
0.42134497927323711 9.0771247010321926e-07
0.43431274276065068 9.1744987588932284e-07
0.75799564636039563 1.2347721432802771e-06
0.83347000353589407 1.3620660330693959e-06
0.80790367631485183 1.3135748867088081e-06
0.51058465304702372 9.7674740136636547e-07
0.37114663756803168 8.7014788860399051e-07
0.94553936141553552 1.6832711274737303e-06
0.63419952477020991 1.0885078361334537e-06
0.54365340899421155 1.0047420006632962e-06
0.59831893202829267 1.0537088567172797e-06
0.62986650818628265 1.0840352523677255e-06
0.71307288410690395 1.1752213736411344e-06
0.55318469504116585 1.0128107811791116e-06
0.87535535445747858 1.4561119287706761e-06
0.85971421427371619 1.4184035053459276e-06
0.4422577446528374 9.2341572400728638e-07
0.16853611212553654 7.1506332968648516e-07
0.57665571377110081 1.033474179364283e-06
0.62073952213118211 1.074650962428888e-06
0.52337957395373524 9.8757903604870297e-07
0.89057781327396623 1.4955585817667672e-06
0.093020257024365893 6.466182568684051e-07
0.28741850483520048 8.0831103887500682e-07
0.86578984632261857 1.432589888766668e-06
0.93941331302220554 1.6569945830440412e-06
0.42592507470256857 9.1115163274508623e-07
0.19264398184093789 7.3494977463150814e-07
0.42032949650993479 9.069499509730187e-07
0.45616644542413598 9.3419587471305886e-07
0.51956937816255022 9.8435348669367349e-07
0.27435308018295113 7.9840149270779086e-07
0.31262740711682246 8.2734430417763847e-07
0.65558763134609199 1.1105848571644356e-06
0.62179415099663937 1.0757028832160628e-06
0.66210251511533458 1.1173095864188783e-06
0.37728498319758108 8.746377493449243e-07
0.33645683849989216 8.4477421687766283e-07
0.35153867297293895 8.5580574566219745e-07
0.95117648548966838 1.7098730545013745e-06
0.39524510314432282 8.8811424986416666e-07
0.60613239633792559 1.0610070765587425e-06
0.52284318716653855 9.8712495385704999e-07
0.87622181599449211 1.4582425989502653e-06
0.36911680077947906 8.6866317512295845e-07
0.4341444443561705 9.1732350175710124e-07
0.84279428878221041 1.3810639774663821e-06
0.16095761402990583 7.085001397209639e-07
0.59429454787530001 1.0499498531420243e-06
0.39990820764380397 8.9161574345467861e-07
0.98579155892522763 1.9535608598889588e-06
0.72138411680061976 1.1860205986379873e-06
0.010556262806128203 5.1605110124259668e-07
0.83947390044664383 1.3738739147630728e-06
0.70317965618131162 1.1637855204735818e-06
0.56096091558264327 1.0193937980440606e-06
0.23612847588431707 7.6919547159621555e-07
0.14931665040769027 6.9841874170908449e-07
0.62839956285841803 1.0825210564878954e-06
0.43994027281376391 9.2167555009704905e-07
0.86162031223112967 1.4226099540006639e-06
0.26237357027767128 7.8931556480061388e-07
0.63751998084624895 1.0919352446496347e-06
0.24884303665901764 7.7905325407365018e-07
0.63631707909328838 1.090693597231987e-06
0.048344642215713329 5.94316229219621e-07
0.39170742681438453 8.8545783266486026e-07
0.17268561586575137 7.1865691524473353e-07
0.60593399622347455 1.0608217595732856e-06
0.31672805317773178 8.3034370024825258e-07
0.7715326176767493 1.2547776395657864e-06
0.11459436043001825 6.675484954595894e-07
0.55621306691924233 1.0153744717329453e-06
0.59367786294165481 1.0493738343569751e-06
0.022104099720065995 5.4703942654018752e-07
0.03598571085049862 5.773810263769454e-07
0.30824017232801837 8.2410335185298373e-07
0.60907543941191211 1.06375604609462e-06
0.96262999516220649 1.7705885420678035e-06
0.090783509988663025 6.4444826406522247e-07
0.70316277321080567 1.1637660474162158e-06
0.69271612212277689 1.1517167320515039e-06
0.66947424350347684 1.1249187593993055e-06
0.51614734153220176 9.8145653633971965e-07
0.96682595061014376 1.7967004350981399e-06
0.50177513848868138 9.6974272760001833e-07
0.83829707919920782 1.3715594569582679e-06
0.26252060287466383 7.8942708251601649e-07
0.80630849930685511 1.3108626356041483e-06
0.99654573393893331 2.2089857416233089e-06
0.91008598777376004 1.5519972801068505e-06
0.30407171875194539 8.2094176436100124e-07
0.8461574758483994 1.3884859851628779e-06
0.095257123028719803 6.4878836508969833e-07
0.67770755961305262 1.1344056434235043e-06
0.34214623298668656 8.4893569465808872e-07
0.65867008959559803 1.1137666019046739e-06
0.41224900757946537 9.0088236655551545e-07
0.0090331498253224396 5.0915166665235019e-07
0.231276554047951 7.6537439816395053e-07
0.042386232858315998 5.861515369735558e-07
0.42726992279985132 9.1216147007413849e-07
0.8400712867281831 1.3750547541300585e-06
0.73799675897507833 1.2076062848106086e-06
0.78891218624406567 1.2812839938076425e-06
0.80719964880472916 1.3123778412508631e-06
0.37193978804347549 8.7072803436251616e-07
0.50602572949339852 9.7305558580697208e-07
0.50845117008540108 9.7494594429165757e-07
0.11320851693607237 6.6620401154603165e-07
0.59814212212827422 1.0535437062194536e-06
0.72017977900033547 1.1844557387240878e-06
0.61096781911329423 1.0655236363128516e-06
0.74596593470952266 1.2179610570769168e-06
0.11889126812485673 6.7171716479273535e-07
0.76140894633417722 1.2398164592022828e-06
0.20814010336847644 7.4715356114517829e-07
0.87682682283953284 1.4597303395920703e-06
0.24493131235079557 7.7608638436543343e-07
0.49199238369044018 9.6211816916002656e-07
0.48726629665663423 9.5843471521224702e-07
0.26885032039201351 7.9422789302413982e-07
0.36170958441959444 8.6324520553621011e-07
0.18559674907559198 7.2939981014345308e-07
0.57010069745854941 1.0273514214917735e-06
0.91302802533348015 1.5611181011796431e-06
0.31660757236165038 8.3025557518674494e-07
0.50806260977145767 9.7464310517504628e-07
0.86188061190864951 1.4231843931180624e-06
0.45249904694547249 9.3133754956845496e-07
0.83126032845791953 1.3577202586015708e-06
0.44639066516986969 9.2657675214662469e-07
0.4402424667108733 9.2190246544795704e-07
0.157239962179342 7.0528054990078704e-07
0.12497882442661401 6.7734150803481652e-07
0.61149674429448775 1.0660176825001846e-06
0.82733352467872057 1.3499974020721648e-06
0.13540648685019363 6.8637215348971718e-07
0.91009394610698768 1.5520219523049218e-06
0.35887980186433643 8.6117537591647169e-07
0.42525720652082177 9.1065013505015926e-07
0.89445340201812906 1.5061237991064351e-06
0.89629645032140637 1.5111481211325941e-06
0.52485887691157196 9.8883135088055043e-07
0.27676494445334088 8.0023078497900465e-07
0.17193947233817586 7.180107342137129e-07
0.27158004743054653 7.9629827013259324e-07
0.7806273976251249 1.2682182816579317e-06
0.32459080221364955 8.3609486682353301e-07
0.69456146103300864 1.1538451720938481e-06
0.19520082227959712 7.3696338395997552e-07
0.47850363268889962 9.5160520298487162e-07
0.3521062160588222 8.5622087207799073e-07
0.50361232332023065 9.7117460679990712e-07
0.56994529092017654 1.0272062629504533e-06
0.99093496463444519 2.0149710145475245e-06
0.89989504718920221 1.5209582327145761e-06
0.69586647752419073 1.155350396603205e-06
0.1537434705304187 7.0225249096151354e-07
0.91902855633921832 1.5803859348874815e-06
0.89258607070799967 1.5010332793327883e-06
0.8867034300742388 1.4849966508539658e-06
0.4790168643530559 9.5200520941427905e-07
0.17070671106105684 7.1694312868795119e-07
0.7544032149689216 1.2294630995378815e-06
0.3885150389904235 8.8306069026642774e-07
0.34456828969223496 8.5070729534186383e-07
0.39078201255927736 8.847629453675272e-07
0.55907055746581236 1.0177935014349926e-06
0.333518830744159 8.426252265022229e-07
0.68992061099811841 1.1484923499157622e-06
0.64772379574366257 1.1024677261148461e-06
0.50886261382690035 9.7528959636100222e-07
0.053973231685495282 6.0202897570004847e-07
0.93654268237117233 1.6451759547099243e-06
0.41169628312039019 9.0046732950219913e-07
0.44945319428588726 9.2896364956977691e-07
0.45603251224316566 9.3409148884359539e-07
0.36502795823846912 8.6567241267511491e-07
0.67458791061800971 1.1308073960759354e-06
0.013917695823849274 5.2819088335289822e-07
0.87350832931067879 1.4515700059811169e-06
0.10243902526956028 6.5575592821911063e-07
0.99971367510481746 2.5904997589631321e-06
0.62808262917672097 1.0821939143198203e-06
0.066246474104683983 6.1884676064958725e-07
0.56243705942684097 1.0206434385049517e-06
0.3313077924656147 8.4100797414097603e-07
0.95304322312623369 1.718682301510064e-06
0.75547100478188478 1.2310411235018629e-06
0.50701466864843636 9.7382635278791871e-07
0.42977739950747451 9.1404431735347298e-07
0.99586886578953637 2.1949240003219295e-06
0.66738408496076085 1.1227612765037574e-06
0.5139297423912409 9.7957921142760127e-07
0.39794411742029534 8.9014092140649848e-07
0.32458285744056181 8.3608905566089484e-07
0.70541942380162936 1.1663689001780887e-06
0.58788551490602725 1.0439634520109319e-06
0.84818483530393252 1.3929600382519262e-06
0.55356072330337436 1.013129110678463e-06
0.58233139013181057 1.0387755837334545e-06
0.47735649484318043 9.5071113789545678e-07
0.76262094629106658 1.2416076028834617e-06
0.41499217609851824 9.029421932199676e-07
0.85193960472991492 1.4012462046261883e-06
0.32704476115479997 8.3788980223034607e-07
0.69262504638096545 1.1516116840006107e-06
0.89297089909965222 1.5020823575154018e-06
0.76907386369612107 1.2511439912055349e-06
0.34260814251595129 8.4927355596249705e-07
0.7063390029507729 1.1674295557965712e-06
0.20698481460997364 7.4624372720090029e-07
0.058165079451809376 6.0777298301834733e-07
0.79138173964485081 1.2854829315466632e-06
0.80800911523166552 1.3137541626243763e-06
0.022930938915597499 5.4894315795675263e-07
0.94779501386997367 1.69391568686316e-06
0.44589982690516916 9.2619419885657736e-07
0.9052721474353892 1.5370735493562991e-06
0.78817452564490686 1.2800297626064013e-06
0.90065352780871233 1.5230259218121669e-06
0.83337563311706864 1.3618804344894339e-06
0.9739953695868242 1.846425242386259e-06
0.62910100127578683 1.0832450883528595e-06
0.2272588470525021 7.6221030072448461e-07
0.38956313073298754 8.8384769525833056e-07
0.75187924861908118 1.225733077640333e-06
0.15696927880306155 7.0504613057434273e-07
0.92984233617901968 1.6186341260468885e-06
0.20527891362893147 7.4490026513853188e-07
0.87597473817961036 1.4576350228378609e-06
0.48372394483858783 9.5567384989273982e-07
0.8406201483713408 1.3762660026451299e-06
0.95829569747777898 1.7466319376799312e-06
0.42214745207572479 9.0831504149632942e-07
0.69660454091790358 1.1562016893778039e-06
0.22671760340935176 7.6178405071985287e-07
0.80078571667853848 1.3014723464955695e-06
0.81992564928310741 1.3354283117674519e-06
0.29524570403279604 8.1424762294119816e-07
0.024140762470689858 5.5172868036882134e-07
0.43120525177982461 9.1511648195548609e-07
0.170000534245212 7.1633155994000768e-07
0.81855108026887302 1.3327249428487063e-06
0.26109727801715621 7.8834755362492996e-07
0.94369279254652716 1.674613560930736e-06
0.97180896107688919 1.8293182521661008e-06
0.90883592407046143 1.5481218682074646e-06
0.59961447770617426 1.0549189700290124e-06
0.26742800398591593 7.9314912899880176e-07
0.80725841483303584 1.3124777600839405e-06
0.70159538120801435 1.1619581952746427e-06
0.97716834705026234 1.8712513872668568e-06
0.37725200731623842 8.7461362930933607e-07
0.058767999167720131 6.0859915215749601e-07
0.99838632883894629 2.3129107988923805e-06
0.8382636394388755 1.3714936908833769e-06
0.22148968829854909 7.5766686824871349e-07
0.72562786589965389 1.1915347266908946e-06
0.0006901750647781979 4.3775442082256699e-07
0.55780905788358048 1.0167255696575096e-06
0.36283824100162843 8.640707554780831e-07
0.3813330412376269 8.7766777678973284e-07
0.2445198061720758 7.7577427514704567e-07
0.27484521563334408 7.9877475565912969e-07
0.45466866385615112 9.3302852223096484e-07
0.24814503547777556 7.7852385107953476e-07
0.4664399468694379 9.4220291503743943e-07
0.57734772057045558 1.0341205530537681e-06
0.71111142285251006 1.1729341325230547e-06
0.67714565068281796 1.1337575297026962e-06
0.24198927310452334 7.7381107285800238e-07
0.039189590428113097 5.8177124013629379e-07
0.83268186609313066 1.360516000845184e-06
0.87231284296459322 1.4486302481281711e-06
0.97888951973327154 1.8862809948035915e-06
0.95971155723618773 1.7544577019837477e-06
0.63381402669298403 1.0881099210993143e-06
0.89427170394157829 1.505628473158384e-06
0.44800841932138868 9.2783760978071491e-07
0.78733563972504295 1.2786034197921377e-06
0.95533454225671777 1.7302649898311665e-06
0.79627855720766405 1.2938089033839435e-06
0.41576536595180036 9.0352277624482094e-07
0.377759247066765 8.749846471665201e-07
0.29154275418732245 8.1143909942012859e-07
0.36706352431382749 8.6716131681295501e-07
0.82057666179220301 1.3367086599817491e-06
0.70150032121857675 1.1618485517360916e-06
0.24987917954172445 7.7983912257814209e-07
0.71153512858275014 1.1734228407150367e-06
0.37939546603999208 8.7621286469492388e-07
0.55777250703664538 1.0166946272683994e-06
0.37036927276934617 8.6957928919600009e-07
0.52162935288584011 9.8609737349220965e-07
0.72980389509254473 1.1969608626817148e-06
0.73113065062049898 1.1986847864352912e-06
0.75318257930109489 1.2276591936457881e-06
0.39103879549019605 8.8495576193144172e-07
0.69049544291335396 1.1491553691905527e-06
0.23871163144708263 7.7122980508821651e-07
0.47742842041986555 9.5076719580287413e-07
0.58310691680327653 1.0394999697313911e-06
0.68648218727202548 1.1445264232772551e-06
0.9119959917542505 1.5579186200628341e-06
0.30476863653979092 8.2147034564918923e-07
0.84528591464495961 1.3865625911224663e-06
0.31112425200933069 8.2624482925198871e-07
0.55190941903532698 1.0117311868685946e-06
0.82809984742479925 1.3515045312683156e-06
0.72314960526969041 1.1883145913475474e-06
0.86286966887732963 1.4254090333726335e-06
0.81488119251637348 1.325507363823823e-06
0.27634726193453707 7.9991399128010161e-07
0.9929366717118111 2.0939890474080623e-06
0.93699843220707268 1.6470523151960434e-06
0.43017462123828976 9.1434258846119026e-07
0.047209475688876235 5.9276073264600061e-07
0.3034966731891301 8.2050561775998048e-07
0.8361525305964268 1.3673417669205458e-06
0.95087041949883366 1.7084287107106835e-06
0.83167195425988272 1.3585298042756386e-06
0.39674323660459609 8.8923918813425298e-07
0.056536499686331232 6.0554137189770649e-07
0.51758284400954069 9.8267177155168327e-07
0.37638250886315738 8.7397763922269153e-07
0.12297238717808479 6.7560387761651677e-07
0.10585334638910548 6.5906835118822823e-07
0.1530368836560958 7.0164056709153204e-07
0.20582367338463969 7.4532928421585948e-07
0.75378640936547192 1.2285515586975911e-06
0.38170347050070785 8.7794592961486466e-07
0.43693813019517869 9.1942126153500875e-07
0.59838133498311796 1.0537671446245413e-06
0.96013347743201627 1.7567897465156757e-06
0.7564690489003385 1.2325160743928633e-06
0.64571261388120105 1.1003917637515035e-06
0.74383213360781797 1.2151884962492956e-06
0.71929252111858755 1.1833028775483358e-06
0.69024926099427675 1.1488714194773807e-06
0.49640711949985672 9.6555895980338111e-07
0.56684708013997864 1.024376774072598e-06
0.46149146644894679 9.3834613042683327e-07
0.39495849704699804 8.8789903928655761e-07
0.27076807175625295 7.9568242253136858e-07
0.3552132012623902 8.5849346012207366e-07
0.42852961730965433 9.1310736615100515e-07
0.57937940498448592 1.036018261792744e-06
0.49987509720301393 9.6826185885499234e-07
0.10794895427725915 6.6110141704815791e-07
0.33997365545726044 8.4734657421021948e-07
0.37619346860163005 8.738393667141182e-07
0.70692596511309236 1.1681065662701999e-06
0.33289208435545448 8.4216679614085322e-07
0.0079558155846378709 5.042715315480562e-07
0.08433662333004166 6.3819378046522668e-07
0.49699841797022992 9.66019810538764e-07
0.18849550427237061 7.316826903799053e-07
0.49462241127923268 9.6416798022685863e-07
0.57420537208612243 1.0311854209346035e-06
0.93343790256935466 1.6323933145873609e-06
0.65557992434881984 1.1105769019235047e-06
0.031040722633432716 5.6761528928365107e-07
0.3807305182848445 8.7721534638472281e-07
0.79345697078153854 1.2890114101510372e-06
0.26056245598992811 7.879419147948787e-07
0.924973071500241 1.6014116035803043e-06
0.52901070856363774 9.9234611459387301e-07
0.092447691822205802 6.4606277949514478e-07
0.24167054018028034 7.7356005852803425e-07
0.90629919908866252 1.5402575856481105e-06
0.99145975117480978 2.0216038760374193e-06
0.86301589256735345 1.4257686043894348e-06
0.32067668465192123 8.3323190604608752e-07
0.76881901251009854 1.2507673615787016e-06
0.22222764359625569 7.5824803618120806e-07
0.38452228744812766 8.8006256017189271e-07
0.69716812860069743 1.156851739395597e-06
0.96890133918456178 1.8099550545659953e-06
0.4391982767814071 9.2111839030108651e-07
0.49583642103333658 9.6511416445694379e-07
0.22016852895105443 7.5662640489156237e-07
0.40322274274936509 8.9410460541969352e-07
0.06301860769564438 6.144236782025076e-07
0.85858589562683874 1.4159134893235022e-06
0.023334589214200396 5.4987253063152321e-07
0.68352458459335164 1.1411150824467286e-06
0.27322170145416702 7.9754339203032373e-07
0.47610943203316169 9.4973919252123185e-07
0.2815584400997575 8.0386643920952647e-07
0.40007066802690439 8.9173773385618064e-07
0.5467778864190459 1.0073870500767134e-06
0.64089341143219469 1.09541733399346e-06
0.9402861430991164 1.6605880980349497e-06
0.33220090177564787 8.4166123426519861e-07
0.58485751297375188 1.04113512607171e-06
0.90172214720824417 1.5260679397327279e-06
0.29023180795034254 8.1044480473749433e-07
0.86504998112548093 1.4307705250152301e-06
0.95755509638984915 1.7425384746636487e-06
0.84749370562691373 1.3914348272894796e-06
0.56986050134159694 1.0271270646639804e-06
0.72211553999329492 1.1869709755455653e-06
0.48106586855104372 9.5360217801602261e-07
0.59725580444973503 1.0527158351227137e-06
0.97447406697827221 1.8501706868248005e-06
0.25112055615554496 7.807806517815913e-07
0.79254712254064408 1.2874644113640263e-06
0.50623314975480327 9.7321724660061724e-07
0.17687325343187266 7.2228352575599735e-07
0.64353538070444405 1.0981444015335305e-06
0.79242690653507664 1.2872600102271848e-06
0.56875581932336938 1.0260952288604949e-06
0.83743280099165918 1.3698596784682532e-06
0.36586861408698734 8.6628730598981017e-07
0.9137682989874425 1.5634130764835393e-06
0.64832009998632723 1.1030832374159268e-06
0.80315932493156306 1.305508150405745e-06
0.27298512485830795 7.9736395915606614e-07
0.44612831190291669 9.2637227724593861e-07
0.90961741174014532 1.5505446140293972e-06
0.050895550501881548 5.9781168914109215e-07
0.40398171356318058 8.946745114641017e-07
0.78031865805383582 1.2677620135457911e-06
0.74381469017800195 1.2151658310767224e-06
0.85162283076936629 1.4005471359371826e-06
0.73939033467874327 1.2094170315588502e-06
0.9470921491690063 1.6905988261307096e-06
0.49825955535004585 9.6700272545910864e-07
0.62428983685329098 1.0782789555274918e-06
0.84770575856022656 1.3919027936773547e-06
0.70169094985634717 1.1620684255075699e-06
0.10205671887366918 6.5538503150417044e-07
0.36699645259479163 8.6711225755557518e-07
0.55259079833187208 1.0123080135386536e-06
0.75471754386156886 1.2299276277803759e-06
0.54356756881857327 1.0046693320293626e-06
0.77754924138379189 1.2636692550098652e-06
0.83760947646290795 1.3702071466366265e-06
0.26512827029518105 7.9140488280801933e-07
0.61609817316211346 1.0703156786424826e-06
0.55711037748078296 1.0161340966083218e-06
0.2273172526548678 7.6225629736314077e-07
0.4898780892368314 9.6047031413827034e-07
0.54856828456871742 1.0089027248381731e-06
0.8173398752058646 1.3303428622927958e-06
0.46098937464228029 9.3795480626496664e-07
0.080915982475949444 6.3487522636985013e-07
0.48729595823220717 9.584578330784353e-07
0.83795094437643269 1.37087871258538e-06
0.5712554523275456 1.0284300281843955e-06
0.31886522770221792 8.3190692535369836e-07
0.92097094798425838 1.5872561475278833e-06
0.15565138462606176 7.039047975913483e-07
0.32687765249330225 8.3776757147567554e-07
0.43713469062957999 9.1956885743411005e-07
0.73797788792587637 1.207581764656527e-06
0.83574679212576097 1.3665437998782373e-06
0.058560476245199444 6.0831478754023753e-07
0.79203582046359455 1.2865950535333026e-06
0.72052841525066325 1.1849087402760953e-06
0.89465230481181635 1.5066660267222878e-06
0.90044299082554213 1.5224519783078199e-06
0.77752555866044848 1.2636342557014673e-06
0.19020268426368703 7.3302715971162865e-07
0.31387150665605068 8.2825429426553856e-07
0.93631969884849797 1.6442579127534742e-06
0.59817329985385781 1.0535728279875258e-06
0.53876073438928773 1.0006000708829969e-06
0.91570944004399846 1.5694309467161623e-06
0.87419857409966462 1.4532673507860325e-06
0.72749615331638084 1.1939622915197892e-06
0.88225230415954348 1.47307185651423e-06
0.11383497719548397 6.6681177551428744e-07
0.75754396659990808 1.2341046322425788e-06
0.96564020219686797 1.7891275669633176e-06
0.048976792281404391 5.9518245213753614e-07
0.22304565179063418 7.5889224882195737e-07
0.79396838886541887 1.2898809652261127e-06
0.52004716443065235 9.847579601835883e-07
0.086618354541261322 6.404074149210282e-07
0.26795802915602118 7.9355112962509134e-07
0.32405959992264766 8.3570632169170093e-07
0.32106272184594875 8.3351427092851787e-07
0.87767274946883178 1.4618105134557368e-06
0.6620364573580414 1.1172414009302822e-06
0.73491727836901188 1.2036049524975931e-06
0.013570088888551601 5.2739054606008675e-07
0.42751200296043179 9.1234324642737206e-07
0.31782062806552691 8.3114285842397134e-07
0.85192540224017377 1.4012148620377166e-06
0.95386965391985168 1.7225822780541505e-06
0.42334084958700524 9.0921115560596317e-07
0.97306061457129867 1.8391114925375107e-06
0.014359204043768115 5.2920742087733309e-07
0.32571940420860579 8.3692037683797414e-07
0.77493117792994992 1.2598001725188809e-06
0.36009963047503302 8.6206761316089625e-07
0.92096233037791631 1.587225667172301e-06
0.2184648924981305 7.5528472623142525e-07
0.79566672732811072 1.2927686199179935e-06
0.20170225240252437 7.4208350805765685e-07
0.19710491767283767 7.3846293167838202e-07
0.44574935838327434 9.2607692554632615e-07
0.94494058833033245 1.6804454813270046e-06
0.58545496190234825 1.0416931773345241e-06
0.63503289487358017 1.0893680492258759e-06
0.0097326724686161992 5.1232038150320023e-07
0.05661520463176517 6.0564921975091144e-07
0.066934025661023466 6.1978889915066985e-07
0.81964217466123213 1.3348708013957679e-06
0.23685212175833559 7.6976537031198942e-07
0.32883818463874226 8.3920159243871415e-07
0.60995277862898056 1.0645755307979426e-06
0.58395431765331918 1.0402914902979892e-06
0.41052949756844037 8.9959119813261283e-07
0.0043002060348384941 4.8771226162247383e-07
0.44960257505081569 9.2908007509566375e-07
0.73888261572002312 1.2087573254150754e-06
0.23523931532545539 7.6849522375565489e-07
0.70835801027381806 1.1697583074466488e-06
0.015152819817278229 5.3103465800987081e-07
0.90800780431453176 1.5455545549195275e-06
0.95003920765579075 1.704506172107248e-06
0.0024614834245593187 4.793831707808233e-07
0.45781841380651234 9.3548339849671865e-07
0.41382194023866903 9.020634710375449e-07
0.84188335591950647 1.3790536965676629e-06
0.54072159132326869 1.0022600487857965e-06
0.6113654699360509 1.0658950647867794e-06
0.20250600308642241 7.4271649236531578e-07
0.077064667997080893 6.3113885181853133e-07
0.6923310971826252 1.1512726388308084e-06
0.62067599196942835 1.0745916216462762e-06
0.832328733983278 1.3598214948872432e-06
0.84468344744205548 1.3852330438422112e-06
0.63103527397293657 1.085241664293938e-06
0.53836138295028813 1.0002619969762766e-06
0.91400826901185106 1.5641570247204449e-06
0.80126413585231726 1.3022857941105157e-06
0.88242499496757809 1.4734965114345587e-06
0.9958408982739928 2.1943429832231543e-06
0.40350578776651247 8.9431714200631271e-07
0.71693466229075076 1.1802391866457966e-06
0.68806781523157834 1.1463553090297094e-06
0.17414271333279996 7.19918802145521e-07
0.63654859969304323 1.0909325751486042e-06
0.42808927587890377 9.1277671675260942e-07
0.45063559011371113 9.2988519429561085e-07
0.18013798985405693 7.2510082913386592e-07
0.74473934613596871 1.2163672855543851e-06
0.6979409896782558 1.1577431683117291e-06
0.5322901390021636 9.9512234062412664e-07
0.15671919122582145 7.0482954778224704e-07
0.5568647853571268 1.0159261887842953e-06
0.10013342214702037 6.5351913429335729e-07
0.33937202614225648 8.4690651560077465e-07
0.37235784279271289 8.7103381831790742e-07
0.88342539254064456 1.476060413993908e-06
0.41556207544438517 9.03370126779469e-07
0.59846986862579699 1.0538498400797237e-06
0.8747789879039839 1.4546946159696061e-06
0.4257594387556296 9.1102725783420233e-07
0.88370352007073205 1.4768186156498359e-06
0.13646131252663973 6.872856618402725e-07
0.36484315715995985 8.6553724089474356e-07
0.094727249066464569 6.482743048645882e-07
0.56092962928128476 1.019367312394845e-06
0.95728206040780239 1.7410293455078341e-06
0.65695183532126522 1.1119930023755881e-06
0.62607561734874861 1.0801222563084685e-06
0.2781586322431383 8.0128783546632317e-07
0.93110675862312176 1.6231063709108221e-06
0.47153478477569455 9.4617376886743868e-07
0.26700205304581914 7.9282606406840675e-07
0.98769998043300755 1.9742152373330392e-06
0.423123933794739 9.0904827500648583e-07
0.37149898240954415 8.7040560939174837e-07
0.03496126729883442 5.7597725133882719e-07
0.17829497314468257 7.2351477453842788e-07
0.80919135507228035 1.315764304005305e-06
0.48269510460215026 9.5487198450104643e-07
0.9548747269251936 1.7277234906562528e-06
0.083885803223581301 6.377564147859907e-07
0.6159434423984318 1.0701711513131398e-06
0.7199841475433153 1.1842015444067492e-06
0.6211831264646035 1.0750721774826524e-06
0.52987756012585552 9.9307995417867502e-07
0.57829832033871087 1.0350084672765818e-06
0.68954959137642013 1.1480644106277867e-06
0.86326354363752911 1.4263775901639049e-06
0.3363446442846858 8.4469215300693683e-07
0.45965408044166767 9.3691409443306176e-07
0.6359095866171709 1.0902729793557251e-06
0.3142159523264475 8.2850623724598182e-07
0.17878286594669535 7.2393730326404269e-07
0.96616875677813308 1.7925032190840902e-06
0.19472888879623729 7.3659171834872293e-07
0.23273309540225073 7.6652148001308399e-07
0.61868610048259243 1.0727329498771254e-06
0.077368309921502787 6.3143343175100592e-07
0.03404765381520658 5.7453850892433656e-07
0.064013603805348596 6.1578710198467538e-07
0.12326364578576832 6.7585611566516418e-07
0.42919686213418717 9.1360839577122137e-07
0.82926064346449124 1.3537874722499687e-06
0.34197189309552734 8.4880817465837958e-07
0.42753141464741973 9.123578225316769e-07
0.60025109283586697 1.055513604750153e-06
0.3021444256237612 8.1947999784825248e-07
0.43253787876798044 9.1611714253645533e-07
0.38631168686436079 8.8140620807588103e-07
0.34188354165001988 8.4874355045659483e-07
0.3883931694820375 8.829691792778706e-07
0.011117710412063331 5.1859436039790281e-07
0.88626066812158466 1.4837896403664436e-06
0.9773467974486908 1.8726476264448637e-06
0.86249619141613831 1.4245428771251873e-06
0.0057422740542416584 4.9424457675598081e-07
0.75088554669462193 1.2243533695872463e-06
0.57310017258671353 1.0301531017742768e-06
0.094174911007750328 6.4773845096908626e-07
0.9328591348795976 1.6300104792286664e-06
0.77621712922263686 1.2617006045437397e-06
0.14529628644809367 6.9493699478978649e-07
0.96404142969349604 1.7789168905583905e-06
0.12619875281064008 6.7839799991851976e-07
0.45467987850928349 9.3303726279330709e-07
0.15897573265917297 7.0678377537527039e-07
0.15019079505790445 6.9917577526960055e-07
0.96780573837461015 1.8029579206299297e-06
0.57212278139234019 1.0292401628364421e-06
0.25917491769300249 7.868895284256536e-07
0.77639937086653343 1.2619699287850959e-06
0.87524439930250741 1.4558390847610231e-06
0.91760393678777874 1.5753470750493761e-06
0.93298497096687205 1.6305285570057503e-06
0.90558182975529522 1.5380336176667589e-06
0.63893239592657058 1.0933931538536172e-06
0.3424666498070571 8.4917006186211054e-07
0.92556767743888213 1.603514716639991e-06
0.12249652800038602 6.7519177034398549e-07
0.16879981505081754 7.1529170374836963e-07
0.43382754049569383 9.1708554079431535e-07
0.28366494221318161 8.0546412780365274e-07
0.61573281422387138 1.0699744126244056e-06
0.9053019229646232 1.5371658586042194e-06
0.49103132637244762 9.6136913293900893e-07
0.55387059341853229 1.013391433510377e-06
0.42313372898109247 9.0905563014558653e-07
0.70756915997593861 1.1688484363372759e-06
0.10068877984621383 6.5405791771017003e-07
0.048589885926561549 5.9465228189815553e-07
0.64133847443316283 1.0958767325474006e-06
0.5348785451541519 9.9731357494689185e-07
0.40735802901937768 8.9720976387603791e-07
0.33399264187917199 8.4297179317378202e-07
0.051807444043125539 5.9906123909290735e-07
0.68055616241399786 1.1376912622508359e-06
0.42146753582071728 9.0780449698477958e-07
0.44526803951961669 9.2570179156004963e-07
0.89344485141189178 1.5033743958398993e-06
0.7375478825234788 1.2070230358540155e-06
0.21944314869329151 7.5605514028246406e-07
0.65716649652178261 1.1122145778489262e-06
0.13225531850365768 6.8364315412722134e-07
0.19406386785214313 7.3606798900041977e-07
0.71414924073243458 1.1766199408337902e-06
0.12589041824989755 6.7813097361996399e-07
0.28019395137097791 8.0283153491729137e-07
0.89806026798353933 1.5159564530217932e-06
0.73831547828154576 1.2080204136923552e-06
0.92945951764101986 1.6172801021220727e-06
0.88183334196120344 1.4720416085179308e-06
0.31257942197531252 8.2730920569736131e-07
0.63237743448103656 1.086627056014292e-06
0.37869567812177329 8.7568739868603778e-07
0.69710433162610963 1.156778155061283e-06
0.34845702165091297 8.5355168795299883e-07
0.0013173718800592038 4.6682097271843595e-07
0.093938215171785466 6.4750881916343803e-07
0.77101232622277394 1.2540087313287337e-06
0.084005244772261012 6.3787229168082902e-07
0.59942268324024239 1.0547398230947874e-06
0.85777851235919234 1.4141317255653288e-06
0.74110123684211271 1.2116400973892411e-06
0.41343879481954071 9.0177576973694966e-07
0.20860421529315298 7.4751906698076014e-07
0.92253748774182764 1.5927969771909572e-06
0.56639968178505984 1.023998025694762e-06
0.40542005926705582 8.957545555127863e-07
0.94205769902327829 1.6678817430858156e-06
0.21501774387191086 7.5256996526104211e-07
0.44228187245362149 9.2343384140950376e-07
0.10864570916350635 6.6177737774671031e-07
0.12488026089953819 6.7725614928118129e-07
0.39859625599683512 8.9063060784739511e-07
0.69966035598509912 1.1597263097686459e-06
0.33889394415418339 8.4655682503612749e-07
0.68959797260300215 1.1481202142199528e-06
0.80519046925239257 1.3089616689809727e-06
0.87757791465333634 1.46157731012849e-06
0.044719504053736925 5.893487730301167e-07
0.77373165497309149 1.258027467864567e-06
0.14714212222401812 6.9653553986952091e-07
0.6982622932993342 1.1581137644602531e-06
0.37166246560000171 8.7052518831462686e-07
0.70779329769486177 1.1691069599576854e-06
0.21382424450799686 7.5163003900817148e-07
0.64499071890099524 1.0996466164144254e-06
0.12551408706194056 6.7780506035254012e-07
0.16974554765680694 7.1611073446809422e-07
0.61446192516455966 1.0687873299960853e-06
0.33677149165036069 8.4500436827554101e-07
0.70377807311380847 1.1644757430414151e-06
0.68515943540268742 1.1430007425314724e-06
0.62163399025507837 1.0755375636704902e-06
0.73054054123431778 1.1979180260437858e-06
0.79393524066366383 1.2898246039280393e-06
0.91142328247182403 1.5561431230524435e-06
0.080515829481760171 6.3448701567650736e-07
0.57154901477844977 1.0287042322018449e-06
0.74877683362040093 1.2216134069629854e-06
0.2169414566698773 7.5408496243361055e-07
0.26362114297694594 7.9026179346056737e-07
0.26696434433542082 7.9279746368100693e-07
0.57233297147451823 1.0294364923219865e-06
0.36617056846565976 8.6650816893760954e-07
0.66609474012159908 1.1214304016537852e-06
0.61023968196793632 1.0648435148262779e-06
0.65711183310304855 1.1121581537124215e-06
0.25231761680922637 7.8168856929122772e-07
0.76737137582299686 1.2486279841884581e-06
0.66403555076869392 1.119304885470781e-06
0.13064961263145092 6.8225256821757747e-07
0.20017285240906635 7.4087904725235143e-07
0.30096514630646509 8.1858556669505028e-07
0.93604150783873119 1.6431125769196415e-06
0.32634986360423335 8.373815230587985e-07
0.019879082665319237 5.4191650192267244e-07
0.14162573765884989 6.9175819752975819e-07
0.032171823650812836 5.7021955932035535e-07
0.40283924414321659 8.9381663891335682e-07
0.797153400969704 1.2952963846779329e-06
0.45043578058900335 9.2972946521628491e-07
0.83899413479314666 1.3729303582428001e-06
0.047529321360737398 5.931990109381324e-07
0.46972286414476394 9.4476158027393121e-07
0.78707537212942091 1.2781608914268252e-06
0.67472221765395057 1.1309623077139442e-06
0.85282553714046694 1.4032013135869108e-06
0.27383472390957508 7.9800834242306586e-07
0.50085079628804863 9.690223066886672e-07
0.67687857834222809 1.1334494846813931e-06
0.16848995615878759 7.15023357336556e-07
0.81580671467703703 1.3273275909763619e-06
0.31147005079097279 8.264977619585609e-07
0.09330730391569475 6.4689673703554841e-07
0.76570129068196058 1.2461598632694812e-06
0.70501797973198022 1.1659058689008175e-06
0.88367975328443915 1.4767538251678664e-06
0.89207474543712406 1.4996393588281418e-06
0.27852578458157751 8.0156630426048808e-07
0.64136277521781992 1.0959018160643561e-06
0.99912299617199196 2.398061396169618e-06
0.24380654846107208 7.7523330075054202e-07
0.4728766685586181 9.47219616538528e-07
0.91016636464050849 1.5522464621805399e-06
0.10307964152659632 6.56377425708626e-07
0.92824989755619491 1.613001692452185e-06
0.48815559456177626 9.5912782303189066e-07
0.89304078857200164 1.5022728827526933e-06
0.62137141082688008 1.0752665265154215e-06
0.67143554702307828 1.1271714152453809e-06
0.7729857514279932 1.2569251407448527e-06
0.067136091984168034 6.2006578669612215e-07
0.62776833903963947 1.0818695008453709e-06
0.92393724477185879 1.5977478986314235e-06
0.95612372395995693 1.7346269684563484e-06
0.96832144400335274 1.8062515119846624e-06
0.64583287926793698 1.1005159029062644e-06
0.63328684812486502 1.087565762022205e-06
0.55246506677729368 1.0122015745635975e-06
0.60755335915168929 1.0623343366050454e-06
0.61211793038316065 1.0665979056199093e-06
0.042408268521688663 5.8618173201372247e-07
0.088871285933420863 6.4259310906927786e-07
0.61941657176424936 1.0734152515796921e-06
0.31421643003848532 8.2850658666594826e-07
0.30142548500990074 8.189347132215252e-07
0.1934406393149698 7.3557717276595907e-07
0.8010699694340887 1.3019556564018547e-06
0.96432850372062984 1.7807503096277954e-06
0.62775800319663577 1.0818588320831521e-06
0.94541989560642203 1.6827073611463369e-06
0.88388415651038754 1.4773110474764321e-06
0.21792697843303122 7.5486109839645344e-07
0.15352590117687137 7.0206406985485256e-07
0.21158678552861332 7.4986795475573658e-07
0.096209383865574871 6.4971220633314009e-07
0.58287916698695863 1.0392872384559322e-06
0.2826500428375629 8.0469437155879601e-07
0.91291669475142978 1.5607729572791321e-06
0.61340777322723572 1.0678026921606749e-06
0.35961055576873135 8.6170988203011128e-07
0.98464063196438156 1.9411046599546282e-06
0.95319449589187033 1.7193961667753687e-06
0.77861523530920029 1.2652446249369161e-06
0.7916836754396348 1.2859963076101558e-06
0.97727013152448983 1.8720477736682368e-06
0.60045622263996035 1.0557052076483019e-06
0.88001984933185451 1.46758214378557e-06
0.064827722299990675 6.1690267269522593e-07
0.55406251945432228 1.0135539099118228e-06
0.50251633946832464 9.7032041050239321e-07
0.037723862220849003 5.7976278133279927e-07
0.086951985324133063 6.4073108871435209e-07
0.021838924016873151 5.4642888059630126e-07
0.29401500448644635 8.1331419182073144e-07
0.053511229516276404 6.0139590312942964e-07
0.42315968476080157 9.0907512016479975e-07
0.81274641137291748 1.3218089030248456e-06
0.61382980843648272 1.0681968970377771e-06
0.67378991229663465 1.1298869735066606e-06
0.031506687109635889 5.6868813539102641e-07
0.83952636025586724 1.3739770876239983e-06
0.14619037938299073 6.9571130411922253e-07
0.30265087603248697 8.1986411806173594e-07
0.51679389493338646 9.8200388089114872e-07
0.92999343101315846 1.6191685464054452e-06
0.99814916837346268 2.3045060180038495e-06
0.78266068362140984 1.2712231558277482e-06
0.72931422372746924 1.1963246067325865e-06
0.52768233071203174 9.9122156652408726e-07
0.66562733799916196 1.1209479444315734e-06
0.14442417542835373 6.9418172240977796e-07
0.26919612057484932 7.9449016715358061e-07
0.98464286349708452 1.9411288112852112e-06
0.97961502314553839 1.8928703157449539e-06
0.32297239466281302 8.3491109110221289e-07
0.24104857257155932 7.7307023532280445e-07
0.22951807481741848 7.6398952872549117e-07
0.48486438350419958 9.5656269372379914e-07
0.22376657979110559 7.5946000710869029e-07
0.64849663255069434 1.1032654561234294e-06
0.074819811353935228 6.2896099143376407e-07
0.10367722241922672 6.5695717219565772e-07
0.27693427493580058 8.003592146533638e-07
0.77744323337842824 1.2635125919935985e-06
0.32328953904201196 8.3514306469628977e-07
0.4708167822838516 9.456141665803508e-07
0.6566220460091815 1.1116525904951427e-06
0.78853992197297385 1.2806510394863149e-06
0.30710902122465267 8.2324542381931891e-07
0.73096941116422209 1.1984752794667254e-06
0.2860674043513326 8.0728628897381388e-07
0.64446620836660573 1.099105211308854e-06
0.45088014079469152 9.3007579408034729e-07
0.92662781935060246 1.6072644240592539e-06
0.98209338622112718 1.9153798304324872e-06
0.77412310769029213 1.2586059728858823e-06
0.91546433564343177 1.5686710810324843e-06
0.13650424202419109 6.8732283997820936e-07
0.65446395754791453 1.1094249896471165e-06
0.19836794157240822 7.3945761115379974e-07
0.27696850497244829 8.0038517662073137e-07
0.52282324121562818 9.8710806846516454e-07
0.74198726904399903 1.2127913659742084e-06
0.72149407419547784 1.1861634721070502e-06
0.86945934195704322 1.4416133532696052e-06
0.55927485212658712 1.0179664485871631e-06
0.926342653389574 1.6062557959614794e-06
0.88788859568699319 1.488227523144301e-06
0.84905748948049042 1.3948858443065182e-06
0.22952010780434928 7.6399112978020948e-07
0.5314479931871966 9.9440941587191509e-07
0.73623659704357702 1.2053192131535305e-06
0.97610250784458985 1.8629120029364132e-06
0.011647273737110275 5.2099318935451901e-07
0.32711453394509871 8.3794083717214533e-07
0.3423502525858485 8.490849237246712e-07
0.28853456978185676 8.0915752472670069e-07
0.81742429976294517 1.3305089003172436e-06
0.045071436643404073 5.8983101940052178e-07
0.35943475000846337 8.6158128982812498e-07
0.71168460827603519 1.1735952527109802e-06
0.40673971910698348 8.9674547914996342e-07
0.14406358369224936 6.9386943994507493e-07
0.61085247275908749 1.0654158962608655e-06
0.52261023639361881 9.8692774766174554e-07
0.98183883611586875 1.9130679014865373e-06
0.7485262191212092 1.221287770265761e-06
0.98617598784568405 1.9577214397143057e-06
0.18635264111600169 7.2999510394468899e-07
0.76159500927790236 1.2400914307186268e-06
0.55163821969991667 1.0115016010705523e-06
0.71250949920121753 1.1745466935904792e-06
0.46755146250788937 9.4306921661783499e-07
0.21239081971291696 7.5050116233077392e-07
0.045736663465124505 5.907425667527414e-07
0.83828825732669499 1.3715421069556782e-06
0.81480834858665929 1.3253641014532405e-06
0.16253973378633635 7.0987029939886158e-07
0.6451808995438405 1.0998429228072744e-06
0.73773370053216136 1.2072644790379787e-06
0.55762499538119059 1.0165697501882733e-06
0.3172289030961053 8.3071004429619605e-07
0.88094590218579394 1.469859351851162e-06
0.64244063754143066 1.0970143965119257e-06
0.72021751201385042 1.1845047672277738e-06
0.65211452950233195 1.106999886135074e-06
0.72128867158508791 1.1858965816124285e-06
0.14506714493444406 6.9473855187087404e-07
0.9225943983113134 1.5929982690956313e-06
0.28581079795850162 8.0709166438531085e-07
0.83655122302995788 1.3681258765009202e-06
0.8933842040969141 1.5032090655878771e-06
0.6512236066600412 1.1060802665204787e-06
0.59830076208874516 1.0536918849608259e-06
0.10904821117158103 6.6216786734917631e-07
0.43622122607962832 9.1888294308945596e-07
0.61164438464814175 1.066155586983489e-06
0.081869272482772759 6.3580006606836471e-07
0.11146201147754398 6.6450962938513841e-07
0.99348125510720886 2.1025480041806008e-06
0.33223415096259457 8.416855542087387e-07
0.34973248729116391 8.5448462061110869e-07
0.251529150599892 7.8109055257836538e-07
0.64601976949427697 1.1007088128977474e-06
0.4730758868067968 9.4737488478421939e-07
0.79043095737350422 1.2838663333554763e-06
0.51249483185578681 9.7836447732840698e-07
0.015415980283715713 5.3164056403157664e-07
0.48268739032679564 9.5486597208997435e-07
0.055187290594774563 6.0369257696815421e-07
0.82678638048142727 1.3489213319718516e-06
0.11365808498470065 6.6664016253427154e-07
0.21695401496581579 7.5409485257046427e-07
0.45996524279482887 9.3715661053358072e-07
0.1951840554004145 7.36950179403359e-07
0.53921996019703156 1.0009888318782737e-06
0.46069842444670528 9.3772804327079571e-07
0.95252261091728885 1.7162255012321349e-06
0.088373563324613658 6.4211024066178562e-07
0.5767320482685504 1.0335454801243296e-06
0.72039960964398375 1.1847413763267692e-06
0.12762700905585633 6.7963490951967157e-07
0.63646212775740152 1.0908433179375942e-06
0.86423905416982616 1.428776417015706e-06
0.78755564342815609 1.2789774881769041e-06
0.93517069042905798 1.6395273482493833e-06
0.72058569674094486 1.1849831691513901e-06
0.39398682967231746 8.8716942083495911e-07
0.92045138459081088 1.5854184589225664e-06
0.22535676761480072 7.6071234064792626e-07
0.58370227852501422 1.0400560714243466e-06
0.76565794509466933 1.246095805367216e-06
0.87228116699547908 1.44855235541174e-06
0.91654213109391014 1.572012431799542e-06
0.084975649482363136 6.3881373530564843e-07
0.72605916945419513 1.1920951422512668e-06
0.20410429344101544 7.4397520695655393e-07
0.77911944148685031 1.2659897616871081e-06
0.70068973193360884 1.1609136065710304e-06
0.18135235860031029 7.2605719082100252e-07
0.83283017241952839 1.3608076753330311e-06
0.46178880401856159 9.3857787166155601e-07
0.54385615190104364 1.0049136341667194e-06
0.97140375354346675 1.8261478101924742e-06
0.65662558751929889 1.1116562460778874e-06
0.58856314502477736 1.0445963970634534e-06
0.016762772363767664 5.3474144556722751e-07
0.19921483509393956 7.401245720909743e-07
0.026565421049937754 5.5731126370147429e-07
0.3333124257161495 8.4247425262621142e-07
0.34450835302732385 8.5066345498243016e-07
0.53033007039184399 9.934630300825381e-07
0.68976844699251727 1.1483168417959641e-06
0.17934517189631316 7.2442427584350566e-07
0.60165442080974241 1.056824392853503e-06
0.91697627452890695 1.5733583509151737e-06
0.1850078561592079 7.2893603451945627e-07
0.65908803026536389 1.114198004512632e-06
0.045589141251907384 5.9054041993836033e-07
0.53114763429112422 9.941551448326828e-07
0.74153925710577961 1.212209240325655e-06
0.034041781190143006 5.7452498767269342e-07
0.33366539114253435 8.4273242733752176e-07
0.8779569853919893 1.4625094631258252e-06
0.22547979580003863 7.6080923003441824e-07
0.72287455439569637 1.1879572031738185e-06
0.61223827392749475 1.0667103133315525e-06
0.16368766595949491 7.1086444056310053e-07
0.74170751398183132 1.2124278653995412e-06
0.53208099303219769 9.9494528656037196e-07
0.11202580072628321 6.6505659271749014e-07
0.94937140326526992 1.7013547630852446e-06
0.49196202914353415 9.620945112005276e-07
0.74508083480300313 1.2168109998727158e-06
0.21770026552573551 7.546825533382197e-07
0.13718320940435214 6.8791084459867078e-07
0.74130677612991869 1.2119071654760713e-06
0.67382417855838206 1.1299264966984172e-06
0.27410768770389249 7.9821537337642261e-07
0.74628343551571552 1.218373602696696e-06
0.50499226101850259 9.7225011322330369e-07
0.34859725664740626 8.5365426210624109e-07
0.78689181747966042 1.277848796719415e-06
0.61678274754220797 1.0709551100298638e-06
0.50726836597199654 9.7402408135307734e-07
0.77310709675096312 1.257104469883639e-06
0.5448283598060093 1.0057366639406937e-06
0.93853443293358862 1.6533761596450295e-06
0.81805569278747736 1.3317506628336088e-06
0.35818757274019697 8.6066904855144961e-07
0.46491925054625849 9.4101770307775225e-07
0.95733306869538837 1.7413112793885159e-06
0.89520439479391667 1.5081710756418174e-06
0.19118553763431145 7.3380119421361838e-07
0.2743038328233488 7.9836414076580809e-07
0.36442051936197206 8.652281046923627e-07
0.87984903614390386 1.467162106022438e-06
0.92741731189526422 1.6100568483747564e-06
0.80234024080259925 1.3041154762244758e-06
0.27570844606026212 7.9942947772107323e-07
0.88706480663523157 1.4859817971531185e-06
0.032881125940698475 5.7185267136970482e-07
0.42280348089051811 9.0880764909078625e-07
0.3776286323317376 8.7488910970310899e-07
0.53523960590457376 9.976192335887243e-07
0.56064055723482886 1.0191225963214189e-06
0.22540448684345893 7.6074992135985518e-07
0.20455570278575619 7.4433070902613311e-07
0.80356659179215517 1.3062006190076586e-06
0.076196797839843566 6.3029688267081763e-07
0.49328604386204544 9.6312643194319151e-07
0.19164640659767895 7.3416414609352722e-07
0.31956722512097768 8.3242039768662687e-07
0.27729441917200814 8.0063236811224817e-07
0.70852222594720393 1.1699477161308082e-06
0.45602060329454941 9.3408220715591581e-07
0.29944183444610373 8.174302020889163e-07
0.83135199798020509 1.3579005453203728e-06
0.085795141290802013 6.3960876992431309e-07
0.76636064547364025 1.2471342850605538e-06
0.24831275790029783 7.7865106111162326e-07
0.91801922262678259 1.5768159353730854e-06
0.0055590853695488551 4.9341476415268816e-07
0.55666333735933937 1.0157556514956767e-06
0.62226498402759378 1.0761888818569233e-06
0.57730033264690039 1.0340762900392802e-06
0.81501529219901248 1.3257710980636508e-06
0.11216400808381122 6.6519067536805175e-07
0.41555600429258421 9.0336556799269491e-07
0.86373677301997365 1.4275412837500687e-06
0.88873528852899097 1.4905356870094996e-06
0.4983444032387655 9.6706885485715596e-07
0.55796689387007981 1.0168591868762447e-06
0.76390844048990059 1.2435103150788603e-06
0.77961039429864154 1.2667153120648932e-06
0.8880812995058609 1.4887528517751025e-06
0.84385739918304303 1.3834100894791598e-06
0.41442331286429435 9.0251503766968241e-07
0.64975332647165662 1.1045626283637191e-06
0.48323525786173405 9.5529297328990868e-07
0.11796146642013172 6.7081511240351376e-07
0.82168092000506265 1.3388804078532645e-06
0.60176352970050673 1.0569263067600494e-06
0.058005203805912564 6.0755390853586523e-07
0.67686827900897251 1.1334376052845033e-06
0.28310103589710178 8.0503642982812487e-07
0.069265208716680737 6.2298327386999897e-07
0.60658891468364462 1.0614334906455912e-06
0.73220865412924352 1.2000854935105643e-06
0.51728429432149203 9.8241903211085005e-07
0.0056482735700924547 4.9381877105409793e-07
0.57688273694260339 1.0336862319121764e-06
0.006609075317959956 4.981710344102276e-07
0.92640830129711793 1.6064879917111758e-06
0.26730515772505203 7.9305595554857694e-07
0.87100660349702419 1.4454181430755395e-06
0.01210928861687055 5.2308603570459099e-07
0.097216510492170283 6.5068927593319836e-07
0.45140830460265702 9.3048743843848311e-07
0.75860737905266906 1.2356761871625463e-06
0.9425617005006367 1.6699567596465848e-06
0.52109481516842981 9.856448566442249e-07
0.35546071366659615 8.5867450177296878e-07
0.044554539917181057 5.8912272588803099e-07
0.58370947173871168 1.0400627902948565e-06
0.38004376449853372 8.7669966761722059e-07
0.90913348467504085 1.5490443571212155e-06
0.48005922284000069 9.5281761076369871e-07
0.76544698312977588 1.2457840370472255e-06
0.84821052821489573 1.3930167383340689e-06
0.098277611677754284 6.5171870925731245e-07
0.44084630775624478 9.2235588559976604e-07
0.89371743101231205 1.5041174733207431e-06
0.42445529831969153 9.1004798761238489e-07
0.5651542769673854 1.0229437190589472e-06
0.87310394729884766 1.4505756113577379e-06
0.23259358668979269 7.6641161158306366e-07
0.89458166282346341 1.5064734500559994e-06
0.39702842118961534 8.8945333130789809e-07
0.59303332865906511 1.0487718026968445e-06
0.32803948206585321 8.3861738562760945e-07
0.52711905375959001 9.9074472026467589e-07
0.049285803022502517 5.9560588353515607e-07
0.065259975238763368 6.1749498047501197e-07
0.4147227619375855 9.0273989195097302e-07
0.33495192343357849 8.4367345463935637e-07
0.61579181027510821 1.0700295182900417e-06
0.037910167043806231 5.8001807120164918e-07
0.16766866973689132 7.1431210047075099e-07
0.20959189412579216 7.482969017180639e-07
0.44049176852980043 9.2208966449553865e-07
0.24683476237895274 7.7753006694239158e-07
0.13766268580773067 6.8832608448916736e-07
0.59757367378243786 1.0530127431495495e-06
0.7438719778032219 1.2152402679234674e-06
0.68526806679722174 1.1431260395209308e-06
0.27618009522752118 7.9978720273362223e-07
0.854444836366964 1.4067748440166675e-06
0.61182217942740225 1.066321657414515e-06
0.61466670100742382 1.0689786022743243e-06
0.21284845171645728 7.5086156498140519e-07
0.24221288733615354 7.7398717759100823e-07
0.47475021743810475 9.4867983742890491e-07
0.2378210310405845 7.7052842331274611e-07
0.68807773648537651 1.1463667523443964e-06
0.30855451225575825 8.2434176477174038e-07
0.15191615396134917 7.006699840295842e-07
0.15161385377347247 7.0040818366563198e-07
0.12722777871116064 6.7928916494611968e-07
0.43975007896637441 9.2153273482502082e-07
0.0030400363476225101 4.8200391402178665e-07
0.54237228830253081 1.0036574584908637e-06
0.29830292291955041 8.1656638811783264e-07
0.55247883096021466 1.0122132267341884e-06
0.93542541344158325 1.6405760643606319e-06
0.86904761018348364 1.4406008852321473e-06
0.57642983993845553 1.0332632003642191e-06
0.41807031263872507 9.052535451031291e-07
0.69836267108250649 1.1582295416174359e-06
0.92313933262452119 1.5949256942965939e-06
0.48954706793954972 9.602123202216223e-07
0.099307724085318627 6.5271807864294401e-07
0.76608820042399006 1.2467316544941289e-06
0.010479153894384141 5.1570181140027537e-07
0.76463847964067366 1.2445891971402727e-06
0.084916603886569963 6.3875645188651985e-07
0.10661657436628691 6.5980880113238158e-07
0.78170687001152606 1.2698135706122911e-06
0.68952170489540532 1.1480322459655109e-06
0.56190312933663789 1.0201914360482619e-06
0.82058519271019359 1.3367254377632249e-06
0.8513685107437633 1.39998589294051e-06
0.45751225565628673 9.3524478261025133e-07
0.99629868705453739 2.2038534135904676e-06
0.35757993963910728 8.6022459850413698e-07
0.17150776662079825 7.1763686506489249e-07
0.84597644311989162 1.3880864753295384e-06
0.41557027955933024 9.0337628719382365e-07
0.87449965122861428 1.4540077137831259e-06
0.061166344490404034 6.1188555802271122e-07
0.11105211150664163 6.6411196260714115e-07
0.040272661223962447 5.8325535094479867e-07
0.60201096030241008 1.0571574210080496e-06
0.83186418111649962 1.3589078573993049e-06
0.40266078360867175 8.9368263410648657e-07
0.09069544967102372 6.4436283184938715e-07
0.37346882743095344 8.7184644220910774e-07
0.34804613233972992 8.5325114511971981e-07
0.64347192476411474 1.0980789016668537e-06
0.65215162879633382 1.1070381804034801e-06
0.10302371725135306 6.5632317045630454e-07
0.4201767775255274 9.068352753218272e-07
0.64251452681876542 1.0970906657751209e-06
0.25886120919003475 7.8665159441463224e-07
0.40708028652847761 8.9700120892046963e-07
0.61369493164501887 1.0680709144471353e-06
0.40287070124490187 8.9384025983798743e-07
0.030860971565567885 5.6720142676128318e-07
0.22261599542950583 7.5855387805633501e-07
0.77608091446552374 1.2614993007399734e-06
0.24850407875003067 7.7879616950600312e-07
0.8177114460646141 1.331073631792365e-06
0.46690782570182388 9.4256757402909727e-07
0.47292113719727802 9.4725427484707208e-07
0.77051621533137782 1.2532755581274996e-06
0.38329351301589509 8.7913988177188568e-07
0.23848059215237094 7.7104785283494341e-07
0.10503237671743315 6.5827188281217847e-07
0.67190987616876807 1.1277185132019345e-06
0.46994253979288336 9.4493279276483718e-07
0.80940688070012679 1.3161307583983153e-06
0.45767470857430637 9.3537139641103976e-07
0.41481067511484082 9.0280590536043347e-07
0.29885208407473729 8.1698290254161986e-07
0.1994278729403578 7.4029234751738669e-07
0.83043694464846463 1.356100907244434e-06
0.095211370946766349 6.4874397844830129e-07
0.90212772335164582 1.5273252953443646e-06
0.026909151237350493 5.5810267509093901e-07
0.52225233523220849 9.8662476379329903e-07
0.058328562151084284 6.0799700017579191e-07
0.77960712130963294 1.2667104751063209e-06
0.21149652405911334 7.4979687040716395e-07
0.56592257623653552 1.0235941284730276e-06
0.91644610259094439 1.5717147269689068e-06
0.6492589356124262 1.104052313093032e-06
0.17831996497391545 7.2353641815709381e-07
0.79667776875490071 1.2944876756797811e-06
0.4414796068083493 9.2283142556934383e-07
0.013176738342756678 5.2648488774611255e-07
0.48676497010783504 9.5804398748292417e-07
0.81248467726334028 1.3213638811719294e-06
0.42995763083361305 9.1417965183575921e-07
0.7584280504799924 1.2354111679783631e-06
0.70552588453440523 1.1664916934955228e-06
0.45691231733828475 9.3477719808418111e-07
0.32328258502544738 8.3513797821731824e-07
0.72654000156215626 1.192719912885292e-06
0.36891841773836542 8.6851806888722046e-07
0.17008710672865168 7.1640653411660988e-07
0.32086306152797939 8.3336823043531754e-07
0.87683919292804824 1.4597607582287816e-06
0.2833891121373856 8.0525492290269011e-07
0.23496053484473611 7.6827567349820304e-07
0.13342007073056217 6.8465186192545185e-07
0.05517784456772401 6.0367963326133757e-07
0.97669235419963152 1.8675271038113149e-06
0.53677682726061049 9.9892057966783475e-07
0.72964446062069754 1.1967537010250531e-06
0.77297344686870517 1.256906956558052e-06
0.35231699472047251 8.5637504502540746e-07
0.79890591016122103 1.2982761448968868e-06
0.96148424442004876 1.7642557289443298e-06
0.7417618502405342 1.2124984673793972e-06
0.71173312666277899 1.1736512145056202e-06
0.43223378658202005 9.1588880177330415e-07
0.84132012580879478 1.3778107391780409e-06
0.08883737512334966 6.4256021030485348e-07
0.74968371224194852 1.2227917624055339e-06
0.36199354214285717 8.6345290492472675e-07
0.56597391579779133 1.0236375903573433e-06
0.89296376989702719 1.5020629226423633e-06
0.60501955995447521 1.0599676241145831e-06
0.025581530362466132 5.5504593372881685e-07
0.72260484552309623 1.1876067561455385e-06
0.9290245062036393 1.6157414726271186e-06
0.64201194531055927 1.0965718960332978e-06
0.86142007745957372 1.4221680683765977e-06
0.82529575534193433 1.3459897151305896e-06
0.86129228298396243 1.4218860467218727e-06
0.34410040269227482 8.5036506184784201e-07
0.47416352710868115 9.4822257822174659e-07
0.84803350502973152 1.3926260769117663e-06
0.91039857493145515 1.5529663539127134e-06
0.14684149925974643 6.9627519202782251e-07
0.18153237959148394 7.2619896421509711e-07
0.34682960005493435 8.5236131895560029e-07
0.77029782817935799 1.2529528165587665e-06
0.87498115725789483 1.4551917600379852e-06
0.58024014140334534 1.0368222385387112e-06
0.11326817539323097 6.6626188953608451e-07
0.30374822996716599 8.2069641243921765e-07
0.85702300647763163 1.4124644467737134e-06
0.34755497827001491 8.528918930494637e-07
0.10280724308939571 6.5611315682220814e-07
0.30206846611307825 8.1942238592227344e-07
0.80670635229980836 1.311539097974293e-06
0.49347953301914227 9.6327723500594983e-07
0.17157277554994133 7.176931646041993e-07
0.31263237257993803 8.273479361396114e-07
0.95358127967360629 1.721221422668605e-06
0.43195748809862644 9.1568133111319379e-07
0.44159925480609308 9.2292126844060362e-07
0.15306960204421327 7.0166890212492132e-07
0.30455430461428479 8.2130778437257998e-07
0.81468613294004644 1.3251237395819801e-06
0.78619897440326325 1.2766707679552754e-06
0.43549879894304822 9.1834047744481325e-07
0.89365226215712446 1.5039398169272801e-06
0.38025891706282233 8.7686122422074989e-07
0.86432957982193404 1.4289990239049846e-06
0.031565550584702673 5.6882366385578527e-07
0.34723029022971075 8.5265440168400619e-07
0.85506847801983532 1.4081511198694143e-06
0.90130956147432817 1.5248143309331833e-06
0.75642404122038243 1.2324495601812911e-06
0.66986581689570068 1.1253608662777851e-06
0.81550490946229925 1.3267340297738404e-06
0.70755818822212935 1.1688357813609932e-06
0.25422095446517834 7.8313216663884323e-07
0.46623690069486401 9.4204466335312513e-07
0.66070499788615955 1.1158670549282951e-06
0.58780275711830432 1.0438861515326219e-06
0.8850976071230604 1.480619027321598e-06
0.47384464038782836 9.4797404184431263e-07
0.1779873780232063 7.2324838861482648e-07
0.21458203741288162 7.5222682981265452e-07
0.84605655885929076 1.388263277756144e-06
0.0087209542231120318 5.0773747534549533e-07
0.86913036199683369 1.4408043758817377e-06
0.05558808560398476 6.0424177856000144e-07
0.39165846808940541 8.8542106988981776e-07
0.800176227445629 1.3004360427894916e-06
0.40761537682239901 8.9740300459858905e-07
0.82234818705405255 1.3401927239189275e-06
0.10029883452578314 6.5367961004932922e-07
0.51154222643518643 9.7755804218218071e-07
0.58247401799900922 1.038908806269462e-06
0.8908685972372411 1.4963512860431215e-06
0.093621406339193358 6.472014652804391e-07
0.33860068528299758 8.4634232237170765e-07
0.65934809489683854 1.1144664458689584e-06
0.9799300818600778 1.8957318088135896e-06
0.84827432395785685 1.3931575251787918e-06
0.84649506169588951 1.3892309823066553e-06
0.51718252942478815 9.8233288228682056e-07
0.56429912208649824 1.0222197813860124e-06
0.85858009408065206 1.4159006862531998e-06
0.86962558625675956 1.4420221559190031e-06
0.80227456547211173 1.3040038096277466e-06
0.81857127518457562 1.3327646602487506e-06
0.87962985900088209 1.4666231389907407e-06
0.1137819310919298 6.6676031253652924e-07
0.29263937690497088 8.1227083920186503e-07
0.97611353395360756 1.8629982738863638e-06
0.5447761599639952 1.0056924737793559e-06
0.17646386004169201 7.2192897970261331e-07
0.50305563319952717 9.7074072938543569e-07
0.64578417530359133 1.100465630179161e-06
0.82822198393765734 1.3517447375069876e-06
0.81217672602346791 1.3208402771541069e-06
0.049241493332416675 5.9554516683018175e-07
0.45352498697240828 9.3213715457263073e-07
0.020569056187008106 5.4350511102216344e-07
0.88815612366625074 1.4889568294334565e-06
0.17390607551862491 7.1971386722202319e-07
0.62487469516763849 1.0788826522250083e-06
0.57061837128040027 1.0278349582698684e-06
0.6255294346428657 1.0795584809671703e-06
0.56341662283140803 1.0214726951313755e-06
0.71558867736660758 1.178490277118912e-06
0.6261099660231666 1.0801577113593784e-06
0.090300246770814274 6.4397942351775069e-07
0.3667679510074402 8.6694512126703656e-07
0.54659343593465182 1.0072309021584495e-06
0.32519742589817713 8.3653857853839143e-07
0.76033088480688393 1.2382232552738856e-06
0.31789771505499187 8.3119924329841848e-07
0.82868417430303953 1.3526537286564891e-06
0.14673372098148374 6.9618185304357151e-07
0.76939256498587483 1.2516149811573754e-06
0.18346544078518889 7.2772132360572987e-07
0.52801528041216239 9.9150342754891906e-07
0.32052437296392267 8.3312049846013502e-07
0.63733443597703954 1.0917437233494582e-06
0.21274040984159737 7.507764778857093e-07
0.79540973335189258 1.2923316576295488e-06
0.57358386636644021 1.0306048992613457e-06
0.95727315409267422 1.7409801183703336e-06
0.71177032891579484 1.1736941241113003e-06
0.60739553950325098 1.0621869240817446e-06
0.82915869044634127 1.3535869609496378e-06
0.21968256776177664 7.5624369192707401e-07
0.63274246086445729 1.0870038399579784e-06
0.39040384959485164 8.8447898535842746e-07
0.74379097914643832 1.215135022077119e-06
0.024469409491265859 5.524853639675335e-07
0.42771209652691411 9.1249349533142691e-07
0.65170190183291921 1.1065739676600903e-06
0.46063933644216026 9.3768199080877981e-07
0.23797159571375093 7.7064699873334789e-07
0.46434925167943586 9.4057345299069099e-07
0.84974452548952617 1.39640202120851e-06
0.20683901729813214 7.4612890625910407e-07
0.36717216362964322 8.6724078047115228e-07
0.9903355215001276 2.0073945563589537e-06
0.91281716889044928 1.5604644100387615e-06
0.033968342126655671 5.7435590007607295e-07
0.5303319676020144 9.9346463617980364e-07
0.065413026847883526 6.1770470411286168e-07
0.92390492365771082 1.5976335792934373e-06
0.44154491268503082 9.2288046330989807e-07
0.41843700392800165 9.0552889110904452e-07
0.27294603183931065 7.9733430883187997e-07
0.56881898039215384 1.0261542248892914e-06
0.14499872299339278 6.9467929656840343e-07
0.79895500053554713 1.2983596123875332e-06
0.49121034484658366 9.6150865772993338e-07
0.5664628913141605 1.0240515361879221e-06
0.84080474765452051 1.3766733832854461e-06
0.18514877388494899 7.2904701260115749e-07
0.17518307334211569 7.2081978282632471e-07
0.42080167286984616 9.0730450500413788e-07
0.78612824119460056 1.2765505015382135e-06
0.058545553520146121 6.082943392208582e-07
0.7951702038987456 1.2919243899591652e-06
0.5007565935918098 9.6894888626901114e-07
0.56176344994822458 1.0200731894315788e-06
0.56438593827917316 1.0222932762743687e-06
0.056167388957720221 6.0503558665821326e-07
0.24977079771814481 7.7975691976322913e-07
0.75529745151469774 1.2307846393030783e-06
0.41226811948928366 9.0089671755917375e-07
0.5605169822518542 1.019017983007963e-06
0.94486862202654709 1.6801058680177052e-06
0.046271768317361239 5.914758105055334e-07
0.44968036567381975 9.2914070414784905e-07
0.36127413284789811 8.6292669676620429e-07
0.10644942619474118 6.5964664138721158e-07
0.95079434875979796 1.7080697283249573e-06
0.9614595897485434 1.7641194572217648e-06
0.3114881541894069 8.2651100359446937e-07
0.94671661068907875 1.6888266374920124e-06
0.0351736067242856 5.762682159162043e-07
0.98089599033620201 1.9045045876062875e-06
0.83593201640866444 1.3669080810196084e-06
0.21433022081121389 7.5202851463799035e-07
0.59954715393458846 1.0548560857991602e-06
0.79829936236930288 1.2972448424706281e-06
0.31929896400777902 8.3222417950127864e-07
0.35375179209282959 8.5742452004394168e-07
0.62897277559292664 1.0831127324995176e-06
0.14709405093343786 6.9649390879592494e-07
0.1182106097224086 6.7105682018909352e-07
0.24980527811942432 7.7978307162108578e-07
0.74125974534703132 1.2118460558880116e-06
0.36659922641155662 8.6682170854562821e-07
0.50735822165179434 9.7409411376173043e-07
0.19545055680753265 7.3716005942219359e-07
0.19410566734957191 7.3610090769830766e-07
0.65045125923480995 1.1052830416567648e-06
0.10837525186845376 6.6151499207033995e-07
0.66784072721640619 1.1232326272820861e-06
0.40070185234890621 8.9221168588924509e-07
0.67127091361762559 1.1269815247431377e-06
0.38172947701548865 8.779654577306997e-07
0.8460521836494983 1.3882536223786362e-06
0.055556169215654205 6.0419804415494559e-07
0.89329731181217686 1.5029721890940097e-06
0.26866117723809524 7.9408443631562451e-07
0.042542209965481637 5.8636526936437559e-07
0.56240442188218254 1.0206158089507523e-06
0.22435423038109636 7.5992280435328691e-07
0.45920312318411971 9.3656262390814055e-07
0.80231420606210357 1.3040712098181053e-06
0.79154676074815178 1.2857635139945526e-06
0.60038561628341469 1.0556392572974901e-06
0.97787190865764728 1.8770386316976454e-06
0.46375109524599678 9.4010725724347324e-07
0.039388390354813341 5.8204365180234227e-07
0.81942514981047365 1.3344439779841674e-06
0.22129387005686074 7.5751265391754685e-07
0.17623880899702449 7.2173407924351791e-07
0.070009921966491584 6.2400373992588069e-07
0.32789994363863884 8.3851532097631546e-07
0.3261589670541879 8.372418927777172e-07
0.30277153196645235 8.1995563024597812e-07
0.59319293976867749 1.0489208885467223e-06
0.7515421693281058 1.2252349279179219e-06
0.93776671864733918 1.6502154152236919e-06
0.094050078680147586 6.476173441795484e-07
0.15038183248814696 6.9934121899332849e-07
0.58984251052456727 1.0457913971690454e-06
0.098135593877260341 6.5158092988392928e-07
0.37076428461926292 8.6986821854344632e-07
0.62455223054603692 1.0785498009645386e-06
0.78054503203886161 1.2680965583867851e-06
0.21759928745803159 7.5460302925997656e-07
0.66798556409701182 1.1233821293826037e-06
0.64586966584721328 1.1005538743873518e-06
0.85961612625831441 1.4181870410247587e-06
0.31374749576399041 8.2816358714845662e-07
0.75009186488817658 1.2233220967641195e-06
0.75199986444149458 1.225911328693015e-06
0.23919454199125745 7.7161011555337627e-07
0.62115783775842759 1.0750460742230622e-06
0.67516208766846419 1.1314696600204098e-06
0.2744284126222738 7.9845862902790499e-07
0.45179999536463922 9.3079271738768825e-07
0.435777727256493 9.1854992282650003e-07
0.77350956837103613 1.2576992590955117e-06
0.00069125591374363804 4.3780451124359611e-07
0.50102661145669325 9.6915933486279734e-07
0.18434081356381149 7.2841071304367438e-07
0.64684196805543392 1.1015574946107319e-06
0.68036886297094967 1.1374752284197155e-06
0.50112650869358322 9.6923719353720661e-07
0.54202954178441021 1.0033673038974908e-06
0.31505818905516869 8.2912228688721639e-07
0.31332267930037139 8.278528573725176e-07
0.74511705985036047 1.2168580689960759e-06
0.13173136742631975 6.831893979330763e-07
0.77150331469329303 1.2547343344044625e-06
0.65501318160192545 1.1099919042988692e-06
0.88447468465549806 1.4789208824228466e-06
0.26014469219979752 7.8762505945527231e-07
0.50617905181620404 9.7317508333445751e-07
0.038989511529231913 5.814970759195857e-07
0.91250657505478527 1.5595015158731024e-06
0.67539146067915834 1.1317342221005173e-06
0.62287524907144165 1.0768188036389054e-06
0.73268920098660317 1.2007098935033692e-06
0.28432885675936448 8.0596767759415661e-07
0.60386026875223431 1.058884780228831e-06
0.80092191040524519 1.3017039142675823e-06
0.090294444704064225 6.4397379460983663e-07
0.95881688929029918 1.7495126779917018e-06
0.89188680250131791 1.4991270088097767e-06
0.96301883390621412 1.7727377382326946e-06
0.80834850903160438 1.3143312278680355e-06
0.2943110924393203 8.1353876142460229e-07
0.58155546763465438 1.0380508280118212e-06
0.12016242223839868 6.7295038215441862e-07
0.75416673166605608 1.2291136147287243e-06
0.15363966599281376 7.0216259334710655e-07
0.86682393492423204 1.4351327618803497e-06
0.24055695251281128 7.7268306578285623e-07
0.16041190728292753 7.0802754251229664e-07
0.070904363690972527 6.2516239771071584e-07
0.71136512805081153 1.1732267596930674e-06
0.18620377690502332 7.2987786770289289e-07
0.19766781206171991 7.3890623247074182e-07
0.16969660386277829 7.1606834778226422e-07
0.30579512246849427 8.2224888978160149e-07
0.9412114341283937 1.6643975991882884e-06
0.48662167792432209 9.5793230732230255e-07
0.26087793930576675 7.8818119492288824e-07
0.17039075970445883 7.166695060325054e-07
0.018901419705438016 5.3966551079695364e-07
0.36499264706834744 8.6564658450478804e-07
0.11006147422608215 6.6315089023951731e-07
0.02701199566916257 5.5833946620693537e-07
0.10297970593583294 6.5628047262932067e-07
0.31852151639240633 8.3165551951745647e-07
0.75086370143828851 1.2243249848882549e-06
0.066986251168526301 6.198604627460153e-07
0.6786739237565822 1.1355202615173238e-06
0.62054252880124638 1.0744669594601408e-06
0.88199020546678786 1.4724273433478536e-06
0.18398700847205907 7.2813207804461848e-07
0.79426770567897409 1.2903898882823871e-06
0.86486521704807529 1.4303161813506003e-06
0.97648413165173686 1.8658979201183937e-06
0.80854935801915817 1.3146727278305045e-06
0.1237682008191836 6.7629307434623494e-07
0.94712901016343076 1.6907727753769832e-06
0.81499205280378384 1.3257253930767778e-06
0.21232518445467696 7.5044947206247624e-07
0.16519740054629517 7.1217191267243596e-07
0.93641415040038134 1.6446467777531868e-06
0.15569862610587848 7.0394571002576161e-07
0.77710338540908674 1.2630103506037476e-06
0.40525925426315823 8.9563380812431752e-07
0.7238052654927587 1.1891665254145307e-06
0.091851380166648733 6.4548426436564728e-07
0.72505828773846925 1.190794643607843e-06
0.51191137731908043 9.7787054958618533e-07
0.90037838533884773 1.5222758577095525e-06
0.18839841724395645 7.3160623064345393e-07
0.10935607797500146 6.6246654607193638e-07
0.19622029848486577 7.3776626034054299e-07
0.078575367249379968 6.3260446525310211e-07
0.9801505408617438 1.8977341083091229e-06
0.1228566259112791 6.7550362514233155e-07
0.20085094559469385 7.4141307148925903e-07
0.8096857472763892 1.3166049102797231e-06
0.24675439570178659 7.7746911237574863e-07
0.22229334019053781 7.5829977475397731e-07
0.6723097804076843 1.1281797684166233e-06
0.39876523043982892 8.9075748961235841e-07
0.83547915380031235 1.3660174347972626e-06
0.63826934566259619 1.092708746630826e-06
0.28821471708447688 8.0891493061623304e-07
0.59792327561969638 1.0533392911395551e-06
0.86646162154789252 1.4342418160349128e-06
0.36448296055246188 8.6527377697390509e-07
0.73647072152423343 1.2056234234959737e-06
0.41583298037715377 9.035735474589397e-07
0.54307339777849972 1.0042509878898643e-06
0.73370002779823684 1.2020233143368319e-06
0.060527371309843869 6.1100998552343562e-07
0.45494952234169117 9.3324741987079463e-07
0.095213515992619513 6.4874605947668297e-07
0.7250055444720932 1.1907261114873193e-06
0.60780626518513903 1.0625705652173745e-06
0.3269296603892784 8.3780561237862465e-07
0.076281513392835509 6.3037906994428929e-07
0.92580246202991778 1.6043451465222569e-06
0.31500372054766201 8.2908244618285884e-07
0.27537677739674027 7.9917792172340252e-07
0.10100497091758365 6.5436467226862083e-07
0.57735320909658039 1.034125679649178e-06
0.26565345538961349 7.9180321245119062e-07
0.8428530822117779 1.3811937250177869e-06
0.68276678362681542 1.140241024076009e-06
0.0039149058094066769 4.8596691919779844e-07
0.5656746116660285 1.0233842122366182e-06
0.23183467681972914 7.6581394112591643e-07
0.015367120027799941 5.315280671824784e-07
0.61936716298744587 1.0733691009733898e-06
0.20491436020542675 7.4461316541842627e-07
0.89963580995322923 1.5202515277669177e-06
0.57338074095333669 1.0304151685783258e-06
0.20918510972003623 7.4797654348932173e-07
0.97912743968724147 1.8884418818629144e-06
0.54644156661111554 1.0071023360622623e-06
0.16547217212637522 7.1240987249698628e-07
0.51724217016907403 9.8238337159886843e-07
0.95934905822309924 1.7524540912306708e-06
0.42421023084221876 9.0986396810312681e-07
0.42534551189473802 9.1071644295743644e-07
0.46112672222479856 9.3806185327688699e-07
0.28010355115448882 8.0276297035527611e-07
0.16178361304365152 7.0921547782227867e-07
0.57892770336842636 1.0355963468052162e-06
0.89420019671755147 1.5054335377787369e-06
0.73572974190141949 1.2046606294123836e-06
0.096187407637551403 6.4969088597107369e-07
0.40084897605542802 8.9232216008416303e-07
0.0052958799055020656 4.9222248957695339e-07
0.3079403858870764 8.2387597710965239e-07
0.66937659261408589 1.1248179631585943e-06
0.29023428349101021 8.1044668232549384e-07
0.84055831909516643 1.3761295554732646e-06
0.47738421354071159 9.5073274150646051e-07
0.6691681628399424 1.1246028198269057e-06
0.88386522328148343 1.4772594337239114e-06
0.68281030864942271 1.140291226453712e-06
0.89732620428547272 1.5139553267353895e-06
0.80806535592530393 1.3138497876758176e-06
0.56706424539439049 1.0245606169207593e-06
0.29723310001747438 8.1575497480972858e-07
0.29814240465135611 8.1644464211786027e-07
0.87533108985835606 1.4560522609659767e-06
0.053884229738501821 6.0190701806623814e-07
0.94143684809682393 1.6653256474947595e-06
0.32705980019217762 8.3790080245541955e-07
0.7388710598134054 1.2087423102133349e-06
0.33002975263744827 8.4007315860660619e-07
0.95330138923316066 1.7199006028721001e-06
0.03647403015672579 5.7805016080763158e-07
0.35331887664031647 8.571078663050214e-07
0.86746104702724414 1.436699450880328e-06
0.2740565391369737 7.9817657945286034e-07
0.27561947659327579 7.9936199831921382e-07
0.8987518160686162 1.5178416777713679e-06
0.83058225317258561 1.3563866859457355e-06
0.10577119529638923 6.5898865184041527e-07
0.58017990986934664 1.0367659788619416e-06
0.22339518833992555 7.5916752218108114e-07
0.215138271764858 7.5266488557202803e-07
0.61540398690356246 1.0696672692142113e-06
0.12386616416501262 6.7637791332623085e-07
0.46977900100297598 9.448053326488913e-07
0.25582173426288002 7.8434628724579492e-07
0.85392247257735743 1.4056220719613134e-06
0.554494232368132 1.0139193796637759e-06
0.21510883126161517 7.52641700053265e-07
0.92646565272180537 1.6066908429146592e-06
0.8228965304067517 1.3412711524017007e-06
0.26529223036591365 7.9152923926284188e-07
0.96105090780411184 1.7618605833796682e-06
0.26773891714204612 7.9338494286300217e-07
0.2926431220469764 8.1227367972627152e-07
0.38596335430477779 8.8114464751576883e-07
0.16480522045456747 7.1183227381388842e-07
0.6870161387127679 1.1451422904336035e-06
0.55733732582779372 1.0163262214056928e-06
0.89446248155192321 1.5061485507646243e-06
0.24087522564653319 7.7293371801025891e-07
0.17023088659919938 7.1653105148030328e-07
0.3586233926795297 8.6098782676203233e-07
0.1461086835080887 6.9564055322114007e-07
0.94615102816661012 1.6861576196039973e-06
0.71744669686940843 1.1809045003032128e-06
0.79619165464916331 1.2936611445088405e-06
0.74804362337208818 1.220660708039333e-06
0.24281917477268689 7.7446465206281231e-07
0.14065663802023654 6.9091893031038599e-07
0.42943358300944889 9.137861478734017e-07
0.82901912177448134 1.3533124708326414e-06
0.33051532860076849 8.4042833060017345e-07
0.0095629422283143306 5.1155153329186781e-07
0.6600607021214705 1.1152020062903174e-06
0.2000630708531641 7.4079259009150706e-07
0.54283516239163998 1.0040493079656441e-06
0.014880050025618874 5.3040662728191516e-07
0.50884985562157725 9.7527879580816796e-07
0.39360848576720964 8.8688532495872647e-07
0.88041198698270029 1.4685464289422211e-06
0.72181379944403001 1.1865789080626454e-06
0.036028154902895571 5.7743918663494566e-07
0.78952239663882684 1.2823215236923946e-06
0.79122745437566067 1.2852206030466309e-06
0.66340954833311483 1.1186587193930735e-06
0.92929673590366191 1.6167043453469245e-06
0.80325352766613611 1.3056683216404274e-06
0.21889866460195428 7.5562633830133859e-07
0.38154588502432252 8.7782759974780245e-07
0.34992322243637319 8.5462413283346858e-07
0.50490781643940363 9.721842981598008e-07
0.95371362019763539 1.7218459455488406e-06
0.61559836844781179 1.0698488326266536e-06
0.31293905942012878 8.2757226062158654e-07
0.94151773838543862 1.6656586796306187e-06
0.70027147282969715 1.1604311805950188e-06
0.26608052348200339 7.9212712469214136e-07
0.90651276880222942 1.5409196883930521e-06
0.34421289780276565 8.504473458068469e-07
0.51621127558448421 9.8151066018332394e-07
0.47922284568975049 9.5216574872775124e-07
0.92363087329918703 1.5966642669294529e-06
0.2656633594009844 7.918107242053458e-07
0.33330674686631268 8.4247009886125996e-07
0.66016018333730997 1.115304691812595e-06
0.88661570291368719 1.4847574984105555e-06
0.11488409066885352 6.6782957889151141e-07
0.20988351890545454 7.485265673506398e-07
0.9480344824842295 1.6950457536344549e-06
0.77729710440443056 1.2632966365499327e-06
0.34606976748788298 8.5180554340655584e-07
0.35763480807962822 8.6026473173740191e-07
0.46953387066633545 9.4461428108768205e-07
0.67379949975269393 1.1298980318143069e-06
0.56104110465136603 1.0194616826917465e-06
0.77611995249845445 1.2615569927601851e-06
0.054166791780141499 6.0229420732632875e-07
0.81904074251516978 1.3336879630271138e-06
0.058051351752465674 6.0761714416785922e-07
0.88097392502176952 1.4699282613392467e-06
0.043254435347498843 5.8734121792802823e-07
0.12783243137880262 6.798128109602529e-07
0.18018437181704794 7.2513735669809685e-07
0.2230507821396488 7.5889628916740784e-07
0.40176207259025354 8.9300779808875125e-07
0.6554820068772782 1.1104758305139876e-06
0.89260338190777799 1.5010804712822292e-06
0.52450281013647515 9.885299199253701e-07
0.53248974084720813 9.9529131503852175e-07
0.3193050979496842 8.3222866614093841e-07
0.80068042430584885 1.3012933197463698e-06
0.11048622811819742 6.6356296763329563e-07
0.30110318065818709 8.1869025963978476e-07
0.096981413739143152 6.5046119548691743e-07
0.21418081882621387 7.5191085487864871e-07
0.58659791155578389 1.0427607572847149e-06
0.12596038798091225 6.7819156935155768e-07
0.10061779526352166 6.5398905161529193e-07
0.82591081143959677 1.3471993477648827e-06
0.11829912809413734 6.7114269678869768e-07
0.60805334991215321 1.0628013563985663e-06
0.35201118289417022 8.5615136056775529e-07
0.89636712177624622 1.511340778127281e-06
0.70755003680821849 1.168826379404706e-06
0.059430231513060372 6.0950659623707748e-07
0.89546811050931452 1.5088899893431901e-06
0.41389889453603579 9.0212125549830952e-07
0.29822744898409836 8.1650914447916872e-07
0.67278202156286571 1.1287244580553437e-06
0.71797392123272807 1.1815895508526475e-06
0.30325077687086066 8.2031911628887677e-07
0.35165654599704543 8.5589196326793187e-07
0.15633050950669047 7.0449293861159188e-07
0.59344356480917426 1.0491549865819644e-06
0.9569090533316218 1.7389676544084801e-06
0.41662446234339334 9.0416786590754018e-07
0.99620618159443453 2.2019316392388596e-06
0.17641460449583923 7.2188632303103959e-07
0.79609945904178481 1.2935043859568407e-06
0.92810825361425675 1.6125006997698779e-06
0.68805435266325077 1.1463397811126735e-06
0.10932628931086574 6.6243764643073466e-07
0.32654135383845517 8.3752158758705936e-07
0.085665813177291605 6.394833015226176e-07
0.60174812091580065 1.0569119140791826e-06
0.99814880915893123 2.304493287722592e-06
0.37475461323525905 8.727869234971296e-07
0.1629450425262613 7.1022130803160724e-07
0.26864019466702516 7.9406852196440662e-07
0.57080196921018889 1.0280064491733825e-06
0.56896178683426957 1.0262876142244231e-06
0.22982083293630606 7.6422796228718051e-07
0.75070474053782499 1.2241184385679835e-06
0.088012291493360428 6.4175975074884567e-07
0.62304028276402224 1.0769891530940568e-06
0.42569894895038185 9.1098183644907369e-07
0.12717501984324675 6.7924347430027989e-07
0.63438475209565415 1.0886990296617278e-06
0.67304941819492958 1.1290328771190272e-06
0.44002029563119138 9.2173563868874758e-07
0.79799281946541489 1.29672363302144e-06
0.50931658441048555 9.7567390850749962e-07
0.28575445209854233 8.0704892854507141e-07
0.95360127793815708 1.7213157956799605e-06
0.94404403774987078 1.6762146052979539e-06
0.095621394718344965 6.4914176533222575e-07
0.94608128254838342 1.6858284858432064e-06
0.77548238073831655 1.2606147628343688e-06
0.10664416255723463 6.5983556597205889e-07
0.51932527185221455 9.8414683669587472e-07
0.034951310077598996 5.7596360715257942e-07
0.58885707056087677 1.0448709402231154e-06
0.93318764186818692 1.6313629701880658e-06
0.36820973748545804 8.679997084302779e-07
0.50862517405115804 9.7508858996724259e-07
0.22756032590267605 7.6244772681328833e-07
0.54094623992889257 1.0024502267201313e-06
0.80257466874336403 1.3045140698840602e-06
0.21525827393722985 7.5275939185801705e-07
0.55348676196451718 1.0130664981614372e-06
0.35464327711791432 8.5807659209345134e-07
0.74787207807375788 1.2204378101441482e-06
0.70203866195720299 1.1624694815708033e-06
0.69878965611408506 1.1587220322020403e-06
0.37780313372439489 8.7501719314228141e-07
0.59927930297047804 1.0546058977720114e-06
0.65108518368647239 1.1059373849200058e-06
0.68081397236972918 1.1379886239062211e-06
0.57525635403757236 1.0321670978230016e-06
0.86680474682322495 1.4350855774262542e-06
0.2487985792700026 7.7901953511229656e-07
0.055806789361376508 6.0454146405743122e-07
0.96250345387379987 1.7698891208914546e-06
0.060733726623868556 6.1129275018952228e-07
0.90295565579195469 1.5298920279217475e-06
0.61228493695422348 1.0667538992511955e-06
0.91874038531459945 1.5793666779209529e-06
0.56495393056263898 1.0227741143320438e-06
0.82100872549280712 1.3375584009311202e-06
0.7212902632345336 1.1858986497268843e-06
0.52511213366067067 9.8904574724978748e-07
0.36332358995361924 8.6442576142540323e-07
0.0028590206883423175 4.8118394484238066e-07
0.25090527456937695 7.8061737022941337e-07
0.95176680847394335 1.7126588241143734e-06
0.27546184786499128 7.9924244390733738e-07
0.7518524426622003 1.2256934626881937e-06
0.50849761453133591 9.7498214252002423e-07
0.3085143846547993 8.243113297629392e-07
0.9910934489623805 2.016974123458785e-06
0.046974377524794164 5.9243858221251921e-07
0.58207710647402378 1.0385380683416799e-06
0.46151821600971132 9.3836697870459351e-07
0.076526409702061593 6.3061665748551041e-07
0.21409620581535505 7.5184421890661117e-07
0.69424197367789131 1.1534766708522148e-06
0.1083286297934335 6.6146976140024248e-07
0.80102511054971237 1.3018793836383349e-06
0.62506099395211345 1.0790749517241859e-06
0.1008575948836069 6.5422169457468109e-07
0.28681462876324737 8.0785302560918725e-07
0.13717786234686447 6.8790621389828596e-07
0.79760129555776704 1.2960579318825098e-06
0.53295962512566697 9.9568909904081048e-07
0.0028299367165864897 4.810521995527779e-07
0.54290364722815254 1.0041072843092098e-06
0.48280368426495102 9.5495661015113091e-07
0.64307640299250513 1.0976706400734743e-06
0.034844055486996095 5.7581663827687375e-07
0.03542579193304729 5.7661378039407851e-07
0.34936810509535676 8.5421809516363735e-07
0.6885380961614872 1.1468977377168297e-06
0.66655809258869569 1.1219086787805874e-06
0.27826357921025469 8.0136743309467657e-07
0.2160675445628959 7.5339672333027364e-07
0.68312559738106271 1.1406548849435436e-06
0.027112736133802606 5.5857141310603147e-07
0.55678333169445471 1.0158572335852727e-06
0.42409864204412706 9.0978017683030959e-07
0.23908681793521014 7.7152527875211269e-07
0.5202980893324648 9.8497038251030285e-07
0.21716765662280302 7.5426310352072072e-07
0.56432160554924227 1.02223881492726e-06
0.14897383622634341 6.9812185510085908e-07
0.40569291209135627 8.9595943885081739e-07
0.5104263353048053 9.766133763137729e-07
0.031701028043827462 5.6913558991899826e-07
0.61071724046961429 1.0652895816148737e-06
0.75031529349750337 1.2236124093942399e-06
0.95607356281103928 1.7343497168950218e-06
0.20312635246440969 7.4320504115214555e-07
0.20869536724957871 7.4759085262173797e-07
0.30483082422883734 8.2151751225816208e-07
0.89076403745690547 1.496066246304089e-06
0.40685716369287228 8.9683366749418251e-07
0.30179381307595488 8.1921407375303436e-07
0.74118078187937597 1.2117434544707291e-06
0.037990177577642448 5.8012770807720302e-07
0.54881451130830639 1.0091111699009989e-06
0.45018999107626068 9.2953789990135126e-07
0.6248582107426558 1.0788656368339669e-06
0.73109967349041249 1.198644536208894e-06
0.32498838554527143 8.3638567706779586e-07
0.63641718602324249 1.0907969286227345e-06
0.52432870296099465 9.8838252821156985e-07
0.13396781039027661 6.8512621969304537e-07
0.88172620800966062 1.4717781610294701e-06
0.75459016783085509 1.2297393862121731e-06
0.92165413422902875 1.5896725679169205e-06
0.72040459146399949 1.18474784946947e-06
0.24480656047107641 7.7599176558767246e-07
0.43052622513598937 9.1460660544694109e-07
0.38686842544486899 8.8182425930579815e-07
0.035821932632156162 5.771566042754805e-07
0.41054815297888669 8.9960520635398414e-07
0.34556945399778305 8.5143959172626178e-07
0.003923786200879853 4.8600714581320855e-07
0.84712325909129205 1.3906173119433468e-06
0.14387442500785319 6.9370562326746229e-07
0.50095216738526405 9.6910131407163703e-07
0.78467782313404522 1.2742041680559879e-06
0.6044813690998091 1.0594649232614961e-06
0.16935122538265091 7.157692404200302e-07
0.6182111256651116 1.0722892963964457e-06
0.75759689444873612 1.2341828512073961e-06
0.8547645161441797 1.4074803253711728e-06
0.31865375973753118 8.3175224821918811e-07
0.03392140053601933 5.7424782080102061e-07
0.60794820644290704 1.0627031464211422e-06
0.22576851014390664 7.6103660358784172e-07
0.78089507394459146 1.2686138647975915e-06
0.67988170936612435 1.1369133385503082e-06
0.77318685467592774 1.2572223394450299e-06
0.96753120032140161 1.8012045634660813e-06
0.58454739514854126 1.0408454583935262e-06
0.90431355041010986 1.5341017341530574e-06
0.64189338247404437 1.0964495142681827e-06
0.18174434619868407 7.2636589599978274e-07
0.79930817950895883 1.2989601163165493e-06
0.6936986242137152 1.1528499638824945e-06
0.97793977767491602 1.8776550460786079e-06
0.24343198894074403 7.7494726658453195e-07
0.3331255162839325 8.4233753870156994e-07
0.82149102660237194 1.3385069439402905e-06
0.062889598033580407 6.1424689877626468e-07
0.63319976461494076 1.0874758735380034e-06
0.53547605273287513 9.9781939939550273e-07
0.16882187226755685 7.1531080591105993e-07
0.16512170926024317 7.1210636191517169e-07
0.81019762125397943 1.3174752405027679e-06
0.015445155437674774 5.3170773750070482e-07
0.74684144030994204 1.2190986478908622e-06
0.73266722700448694 1.2006813415441479e-06
0.64967997636865449 1.1044869156417512e-06
0.40951766308126614 8.9883141846825116e-07
0.028320683524207024 5.6135261579828227e-07
0.80177666829301719 1.3031572439066783e-06
0.12570720380644129 6.7797230482020214e-07
0.28078748415970567 8.0328170326070151e-07
0.94678292679120324 1.689139587160367e-06
0.30186102651617119 8.1926505217176992e-07
0.25513915039492163 7.8382857760125112e-07
0.97337055537840433 1.8415365445494708e-06
0.085932202095668875 6.3974174024031764e-07
0.16069038791734747 7.0826871448098403e-07
0.43831751488178516 9.204570321551054e-07
0.78767312784155075 1.2791772448361418e-06
0.88435893894327644 1.4786053487874476e-06
0.75563572268276591 1.2312845504307694e-06
0.97617503160285379 1.8634794464025874e-06
0.016846142606958603 5.3493339891441651e-07
0.61950655499143958 1.0734993010292132e-06
0.11634620188493383 6.6924805436759496e-07
0.9103627406048701 1.5528552613537599e-06
0.93530720735939232 1.6400893999575525e-06
0.30302821770379762 8.2015031501378247e-07
0.82770853518299836 1.3507349363326999e-06
0.63027557538729817 1.0844574956910351e-06
0.10048878448505816 6.5386389107798927e-07
0.60276815932844419 1.0578646879432713e-06
0.97605703935766852 1.8625562464720771e-06
0.30809404900572313 8.2399252378218374e-07
0.0011407761460023869 4.5863689246883876e-07
0.97679167720317905 1.8683042310693749e-06
0.41398341745050315 9.0218472318240111e-07
0.43093276784338286 9.1491187561285015e-07
0.71261211709373851 1.1746650545215208e-06
0.60438538714442425 1.059375270658828e-06
0.30198661231198898 8.1936030343797261e-07
0.099977878655967301 6.5336823289468345e-07
0.82736251994719578 1.3500544271518624e-06
0.48337717634640254 9.5540358280659249e-07
0.67247429364672118 1.12836952031722e-06
0.86050470011914548 1.4201479792372936e-06
0.017722379285222356 5.3695086410205197e-07
0.8593852769426914 1.4176775940735293e-06
0.75179525975676798 1.225608955424679e-06
0.94682174998646385 1.6893227961502208e-06
0.23359080526878373 7.6719695923433539e-07
0.32242233719791746 8.3450875445225239e-07
0.6614787426125196 1.1166657221004386e-06
0.92579298866123327 1.6043116393469919e-06
0.99266936144939066 2.0897878598576391e-06
0.41673765058568102 9.0425285819217278e-07
0.53922967572074387 1.0009970566265445e-06
0.17055100761373154 7.1680828517539929e-07
0.69397536723859832 1.153169163208068e-06
0.83737042289291441 1.3697369992781864e-06
0.79864931244442006 1.2978398563612837e-06
0.34584304475610328 8.5163970825260256e-07
0.9632640157139396 1.7740929113191871e-06
0.12034658703803136 6.7312905067769072e-07
0.49397001509615979 9.6365951068770992e-07
0.5545971301931053 1.0140064885765893e-06
0.53651385705365462 9.9869796029919223e-07
0.75789077967894403 1.2346171669597083e-06
0.60960723247725168 1.0642527710487775e-06
0.077129433294174654 6.3120168423826683e-07
0.17985165343674625 7.2486290293319349e-07
0.53223902065510365 9.9507906601032034e-07
0.69454760106341884 1.1538291858085662e-06
0.51417453221057818 9.7978644005498776e-07
0.35550778344046474 8.5870893071238205e-07
0.051134561745864504 5.9813920159171747e-07
0.78588089933511118 1.2761299505722294e-06
0.49719423989808864 9.661724317342844e-07
0.53878913054709265 1.0006241098598667e-06
0.46895814026791616 9.4416556391558069e-07
0.26534541574574666 7.9156957801882609e-07
0.27637346474404811 7.9993386495106699e-07
0.063500787249990642 6.15084399450821e-07
0.70759901620193277 1.1688828729313168e-06
0.27187287313352193 7.9652036546434218e-07
0.29856134817427771 8.1676239223255947e-07
0.99350012100284013 2.1028445104394177e-06
0.38581255582419882 8.8103141395789647e-07
0.51069720775400884 9.7684268538388555e-07
0.38647310076118158 8.8152741267792257e-07
0.29019111324437541 8.1041393960465125e-07
0.0058507382467654079 4.9473590051930764e-07
0.85488634777525496 1.4077491879963319e-06
0.47315367544006159 9.4743551228562628e-07
0.71989030370941698 1.1840796081411938e-06
0.95865669162957046 1.7486272307378758e-06
0.0028313399537372996 4.8105855597088922e-07
0.67503960684425712 1.1313283889025591e-06
0.11864070403393867 6.7147407862100944e-07
0.4579650576825216 9.355976909251356e-07
0.84678208089144902 1.3898643870613003e-06
0.071495848984468258 6.2573623051772827e-07
0.98961348487863432 1.9982686193681355e-06
0.5808358281183631 1.0373786437938653e-06
0.3949934589171552 8.8792529191809981e-07
0.019510265335404342 5.4106732938498056e-07
0.58682307816138513 1.0429710756945154e-06
0.49489046400750536 9.6437689721740623e-07
0.21531700217248884 7.5280564258237745e-07
0.49044753358750071 9.6091413204228071e-07
0.012789264022986413 5.2559275897470779e-07
0.99947761402879387 2.418736761149739e-06
0.33211444116562849 8.4159799310512213e-07
0.48022214806118979 9.529445926717526e-07
0.78477816805040668 1.2743524619250244e-06
0.71277834359341741 1.1748567825212142e-06
0.88855904070210101 1.4900552189517003e-06
0.94132573686655108 1.6648681931949985e-06
0.18917783096636642 7.3222004866606122e-07
0.39039984622577462 8.8447597925569793e-07
0.68681699196239132 1.1449125917503677e-06
0.045024275430414651 5.8976639530927303e-07
0.71694490617929785 1.1802524970729424e-06
0.0048834400012477408 4.9035420916855925e-07
0.91408847626753376 1.5644056809707382e-06
0.71816944974160291 1.1818436114040065e-06
0.56549917246498271 1.0232356928867491e-06
0.42890097230122515 9.1338621409939114e-07
0.98802476854641141 1.9781885781173685e-06
0.73651173335947218 1.2056767123464487e-06
0.80729295751389207 1.3125364923900362e-06
0.8253849902347975 1.3461652136565537e-06
0.021874933287801657 5.4651178907563387e-07
0.05468438506225981 6.0300345531579085e-07
0.19836498572011663 7.3945528330742422e-07
0.65521759608706509 1.1102029030084303e-06
0.6239491961994138 1.0779273427817364e-06
0.32516355480357684 8.3651380370375748e-07
0.97299876317445988 1.8386275522143659e-06
0.093106642128124806 6.4670206386600792e-07
0.77672012277157632 1.2624439492210521e-06
0.48087711968524349 9.5345506947783915e-07
0.41883419997252813 9.0582714292910161e-07
0.025564993194898467 5.5500785821714569e-07
0.72779964162022093 1.1943566299528304e-06
0.77157551076697439 1.2548410287491655e-06
0.31895749678867902 8.3197441509342708e-07
0.51696287059584567 9.8214692848474538e-07
0.60644212323486235 1.0612963790876952e-06
0.36764524286361988 8.6758681179753401e-07
0.61558200615936165 1.0698335493190853e-06
0.43412705941674767 9.1731044752381797e-07
0.87806985549540173 1.4627870160848832e-06
0.71851322669061435 1.1822902990083513e-06
0.11049998314356813 6.6357631214905253e-07
0.79960318365874605 1.2994617066272978e-06
0.33750563139500889 8.4554135094428934e-07
0.93556842203200852 1.6411648427805288e-06
0.60337127977805338 1.0584280367291232e-06
0.027577960640796428 5.5964255549321702e-07
0.73436270510105972 1.2028843660673296e-06
0.1307343689710464 6.8232596956313809e-07
0.87726748295727863 1.4608139438054224e-06
0.94833030755740222 1.6964417699197092e-06
0.6952558530293419 1.154646093660008e-06
0.53287277671594391 9.9561557687887441e-07
0.60206300783298006 1.0572060363603764e-06
0.42885517119593231 9.1335182235958799e-07
0.083582782014590129 6.3746243704410632e-07
0.92884349883431649 1.6151012520413768e-06
0.32918653475444226 8.3945639130521198e-07
0.31284777370040295 8.2750549016030281e-07
0.19132477583282359 7.3391084960359276e-07
0.99240824883446221 2.0856840777687543e-06
0.94256443728029149 1.6699680271990858e-06
0.34943236985375792 8.5426510128437146e-07
0.26000538094490933 7.8751939803601715e-07
0.80536952968236009 1.3092661222463757e-06
0.42261005019613951 9.0866240329227366e-07
0.96778805008814273 1.8028449531070987e-06
0.90121672960933519 1.5245612625881031e-06
0.75945134226019251 1.2369234309084806e-06
0.089924290114366867 6.436146870384899e-07
0.70212773655550031 1.1625722214744168e-06
0.98725438686087563 1.9693926874990798e-06
0.37329253298376674 8.7171749255963581e-07
0.88156900304931418 1.4713915865460277e-06
0.4081418393461933 8.9779832174254662e-07
0.97132400070938174 1.8255238046845728e-06
0.65359137158755676 1.1085242975484581e-06
0.096500482913792762 6.499946177232362e-07
0.4790457387946232 9.5202771379793097e-07
0.049728753397717762 5.9621284980366563e-07
0.3950757236861081 8.8798706397601657e-07
0.9153812141410812 1.5684133901176501e-06
0.23220219448136248 7.6610337529656394e-07
0.95056777808172366 1.7070005276890527e-06
0.099923044635140457 6.5331503535885807e-07
0.66481154707417134 1.120105876745778e-06
0.96568555615050122 1.7894172232735536e-06
0.65415357373325089 1.1091046083183767e-06
0.89900395375528308 1.5185290286837083e-06
0.99103047464579774 2.0161781809427594e-06
0.64184343604246408 1.0963979590537689e-06
0.78226384729060705 1.2706366946795117e-06
0.031985193779737076 5.6978985890126961e-07
0.42731037851904408 9.1219184799971762e-07
0.28826535350491211 8.0895333609936134e-07
0.82418533399715665 1.3438058462094242e-06
0.67757801258130579 1.134256222041769e-06
0.61441422238018906 1.068742772883697e-06
0.9315586878189176 1.6247048382855412e-06
0.088867805081442319 6.4258973210101918e-07
0.9538412722145726 1.7224483430825543e-06
0.10076470716922103 6.5413157903255498e-07
0.34701754688251751 8.5249879167764547e-07
0.63027366479718239 1.0844555235604953e-06
0.34147620386747612 8.4844560537032624e-07
0.68253627829436558 1.1399751559599467e-06
0.77541861919556643 1.2605205333884437e-06
0.82850582994133926 1.3523029782763618e-06
0.17934370090399987 7.2442300192328191e-07
0.18207669618884659 7.2662763428833164e-07
0.052314027928909601 5.9975540112108491e-07
0.49085183890682627 9.6122924262190513e-07
0.13753361884598403 6.8821430891338353e-07
0.31859699138711128 8.3171072530678449e-07
0.84043431928329715 1.3758559080251905e-06
0.94865894271768358 1.6979926189763476e-06
0.8220759473470115 1.3396573092872563e-06
0.00064838316245552363 4.3581763404672079e-07
0.56802424133877205 1.0254118934344684e-06
0.16666012956693788 7.1343867665514306e-07
0.37574691120675774 8.7351273464795385e-07
0.4279189441451754 9.1264881580722473e-07
0.94294075781203768 1.671517370545505e-06
0.63373873189062413 1.0880322010389e-06
0.26765505198017581 7.9332133485059576e-07
0.6427948406334395 1.0973800085441911e-06
0.9518654775539227 1.7131244494280932e-06
0.059159124092086679 6.0913510302049829e-07
0.81598766784262422 1.3276834720987581e-06
0.21689755571413916 7.5405038875718301e-07
0.153107952063957 7.0170211430780821e-07
0.89886691867345014 1.518155458235888e-06
0.0018494569978972919 4.7661079844110163e-07
0.74108574037289232 1.2116199620057265e-06
0.08722840988938807 6.4099926357170156e-07
0.61799529504061634 1.072087698323726e-06
0.6208969013905683 1.0747979636037795e-06
0.86277604949146158 1.425178818844718e-06
0.82260649722954859 1.3407007432999847e-06
0.68516434308603791 1.1430064031229768e-06
0.380547590420932 8.7707798709048294e-07
0.16640574704757016 7.132183743238036e-07
0.63568292609928467 1.0900390180650183e-06
0.49696979870791258 9.6599750503867224e-07
0.077942262281387453 6.3199025488318818e-07
0.95556189046885265 1.7315215927627034e-06
0.31441951991181227 8.2865513568944119e-07
0.0021407649923053107 4.7793037254910421e-07
0.90169030383744164 1.5259692198212555e-06
0.57705087987066639 1.0338432869654999e-06
0.73306067355031745 1.2011925674873068e-06
0.15266624029538478 7.0131957964057422e-07
0.40460567402604186 8.9514303915025684e-07
0.64506122981374647 1.0997193984953543e-06
0.25096470816317695 7.8066244797907092e-07
0.70149894518415778 1.1618469645984984e-06
0.23361492267387574 7.6721595261035425e-07
0.20912782713987277 7.4793143127346655e-07
0.011624650260382841 5.2089070897397473e-07
0.28190674535330673 8.0413061332419904e-07
0.24673679202981835 7.7745576076990922e-07
0.76435655668034819 1.244172559725316e-06
0.56970990616792072 1.0269864002108007e-06
0.1778244837320565 7.2310731763168115e-07
0.5681274709488372 1.0255083157586194e-06
0.22544359057477092 7.6078071703914639e-07
0.42550228005419533 9.1083415910675226e-07
0.88820806171954636 1.4890984174236924e-06
0.71925621951649366 1.1832557089533506e-06
0.65110001670122297 1.1059526957086181e-06
0.28148344932213887 8.0380956202468889e-07
0.1245816648965784 6.7699755684431033e-07
0.7529489842999344 1.2273139772883902e-06
0.56789038454778984 1.0252868635822611e-06
0.62276016982423721 1.0767000176700892e-06
0.97511331937915091 1.8551723525795547e-06
0.34832092016720451 8.5345213723601999e-07
0.80074752920415382 1.3014074170118414e-06
0.55895684087222985 1.0176972338138024e-06
0.23525994592694244 7.6851147114089581e-07
0.052888331986591708 6.0054235878132355e-07
0.61601089198896064 1.0702341530650374e-06
0.29761613637757334 8.1604549093110611e-07
0.69547834648087459 1.1549027207591146e-06
0.70072716173840199 1.1609567786381543e-06
0.45546046781932759 9.3364564447462393e-07
0.5363971168395979 9.9859913300978406e-07
0.62654685766790763 1.0806086753563541e-06
0.46860494380007456 9.438902869444825e-07
0.87737060594907201 1.4610675281528611e-06
0.075934575249761438 6.3004248594010668e-07
0.97981815943076545 1.8947152831917849e-06
0.03345091140828127 5.7316455704372907e-07
0.2080963558963842 7.4711910834297378e-07
0.70830785465436064 1.169700457244602e-06
0.084960259341610889 6.3879880447344465e-07
0.26217275315027411 7.8916325390004419e-07
0.15397667904887735 7.0245445601961708e-07
0.72357156381621279 1.1888628644438698e-06
0.57893339131014498 1.0356016596661269e-06
0.064478611792062712 6.164242933684413e-07
0.46013423540160703 9.3728832128713432e-07
0.20850292801604553 7.4743929938832276e-07
0.96769859798240176 1.8022736607540379e-06
0.10791794730905191 6.6107133546236194e-07
0.59805517536403519 1.0534624929989441e-06
0.4818472358468181 9.5421116604982286e-07
0.57808449699838083 1.0348087441213815e-06
0.95649285070614698 1.7366672121293266e-06
0.34128187781648611 8.4830346659875231e-07
0.74876637321107864 1.2215998151989241e-06
0.44746647717551358 9.2741522675593929e-07
0.66076161472553552 1.1159254954054442e-06
0.36565754630457759 8.6613292156652914e-07
0.22712220525231563 7.6210269009718305e-07
0.083616359377517435 6.3749501231289582e-07
0.10175125132087781 6.5508868042799495e-07
0.95943031876351659 1.7529032358812831e-06
0.78845661967479486 1.280509402069825e-06
0.24495924997100726 7.7610757381351174e-07
0.5291472368374629 9.9246169361125548e-07
0.71423272435006724 1.1767284155214317e-06
0.35253790200249269 8.5653662649911168e-07
0.43998805815978448 9.2171143178977751e-07
0.71838191957270636 1.1821196847129471e-06
0.22745431475313371 7.6236423899120428e-07
0.52634435846665795 9.9008889624947896e-07
0.21008817168623228 7.4868773921816818e-07
0.0030776010155260103 4.8217407537709694e-07
0.69026373556500398 1.1488881146523217e-06
0.70726485962124241 1.1684974519970858e-06
0.9957226985969202 2.1918874188973954e-06
0.18101544439479955 7.2579185803884991e-07
0.73958032506574001 1.209663896135024e-06
0.94796742436263781 1.6947293023316746e-06
0.64458033681110583 1.0992230158494531e-06
0.96314056047008523 1.7734105473811369e-06
0.99444098527778424 2.1176316242701482e-06
0.80162440177153915 1.3028983478474879e-06
0.99928590870587652 2.4075597224193904e-06
0.62582445930776143 1.0798630084253843e-06
0.49705569261367732 9.6606444968950436e-07
0.91763625437021901 1.5754613818957604e-06
0.83095584143398504 1.3571214230770235e-06
0.11011207334373563 6.6319997926004715e-07
0.30272264679876493 8.1991855301052771e-07
0.26064512042998556 7.8800461211294837e-07
0.85526165937770871 1.4085774397549094e-06
0.23324535430680371 7.6692490343098777e-07
0.304044772474095 8.2092132680221539e-07
0.51878865429573839 9.8369255914478568e-07
0.076119486713760454 6.3022187884404215e-07
0.96122964263791766 1.7628484896139821e-06
0.4910627765359058 9.613936448085364e-07
0.1904337240292413 7.3320911233570821e-07
0.2708207378237415 7.9572236741193043e-07
0.79808374708716168 1.2968782356400149e-06
0.63400648017842232 1.0883085735433925e-06
0.46462602422339538 9.4078916609804442e-07
0.33160136738801504 8.4122270797940036e-07
0.90068436300886079 1.5231099814513044e-06
0.77256454029217958 1.2563026575012963e-06
0.71811203734986184 1.1817690124415099e-06
0.44600050461723306 9.2627266582371156e-07
0.98116015075981222 1.9069038014235392e-06
0.71007029678630607 1.1717332829684555e-06
0.42362472498665893 9.0942431572118294e-07
0.96055204373145664 1.7591032533340504e-06
0.89572499653101678 1.5095902846608744e-06
0.73996519354433343 1.2101639761409262e-06
0.76699612162008168 1.248073418001746e-06
0.42362749969390501 9.0942639923006397e-07
0.50735050363017264 9.7408809843086421e-07
0.19154733903684296 7.3408612661228312e-07
0.5953962455338484 1.050978901383916e-06
0.36991654835907206 8.6924814629874008e-07
0.34743832557035315 8.5280656804364879e-07
0.94822820113806594 1.6959599235951441e-06
0.16478343318399735 7.1181340543208266e-07
0.82997358409354671 1.3551896146797348e-06
0.28146857100809408 8.0379827748217756e-07
0.028655629020025497 5.6212380113476933e-07
0.040463079828827464 5.8351627784884197e-07
0.42917749258587157 9.1359385130856019e-07
0.45446090614847368 9.3286659843585653e-07
0.32025112844434855 8.3292063518831056e-07
0.668779605564366 1.1242017470571303e-06
0.48534277849274976 9.5693554887787669e-07
0.074113066331156885 6.2827533874768264e-07
0.34807119491327554 8.5326947700779204e-07
0.10196273384990395 6.5529385140113588e-07
0.062915693890241986 6.1428265742018432e-07
0.20830662499744212 7.4728470327685263e-07
0.70057546116156699 1.1607818050436607e-06
0.69600164572572765 1.1555063015218124e-06
0.86138912710356119 1.4220997659670042e-06
0.75641929249040629 1.2324425423116601e-06
0.53549568726114605 9.9783602115025529e-07
0.31261208800926088 8.2733309909669675e-07
0.0058114951677507021 4.9455813625612176e-07
0.64713748128779447 1.1018625263732493e-06
0.28971318761484688 8.1005145417334207e-07
0.25010010172791797 7.8000668227571922e-07
0.97482554077420647 1.8529207030099589e-06
0.1742401924062511 7.2000322173217922e-07
0.032434739849396932 5.708249029347769e-07
0.94939039519211643 1.7014443871285407e-06
0.30600672205643442 8.2240937870113278e-07
0.39342005062065044 8.8674383028324208e-07
0.080934903943421732 6.34893583138669e-07
0.404065214453321 8.9473721171704703e-07
0.97222129076855024 1.8325444196323699e-06
0.69401971783807637 1.1532203178178297e-06
0.47382484483319964 9.4795861343317167e-07
0.30747164601235299 8.2352045866669182e-07
0.36604395928104194 8.6641556131305352e-07
0.61122814996019847 1.0657668001230297e-06
0.25445006260530967 7.8330593502007417e-07
0.15194752549520008 7.0069715264974813e-07
0.69622867394364818 1.155768159084716e-06
0.86946977711884932 1.441639013829399e-06
0.90153890842081352 1.525499868061369e-06
0.84141853187801019 1.3780279053923267e-06
0.53059968169991922 9.9369127152432494e-07
0.788830969004084 1.2811459015785335e-06
0.9263557317673865 1.6063020540046464e-06
0.023362589607134221 5.4993699930692258e-07
0.41209821770819199 9.0076913946231247e-07
0.20412547957019489 7.4399189184103268e-07
0.99676878542452307 2.2136195721411819e-06
0.92956600963317426 1.6176567628395283e-06
0.80218595107598667 1.3038531401455675e-06
0.29587980512616563 8.1472856054764222e-07
0.95210226454513058 1.7142418614591873e-06
0.029250440062144278 5.6349330620168082e-07
0.18803970651757562 7.3132373227009414e-07
0.61687375423092639 1.0710401154506337e-06
0.79300671205830831 1.2882458432494696e-06
0.88363085311557032 1.4766205187346635e-06
0.30050861070125878 8.1823930465021184e-07
0.39080460106956927 8.8477990692693795e-07
0.45482740195374638 9.3315224074652919e-07
0.026973818533914895 5.5825156639260853e-07
0.86396925305210215 1.4281129632195504e-06
0.33794841538618159 8.4586522297409326e-07
0.19927845375536524 7.4017467421239526e-07
0.40919706309995296 8.9859068211335899e-07
0.71056337489902466 1.1723020062492003e-06
0.87091557939381081 1.4451943104712568e-06
0.21537646621562256 7.5285247278349287e-07
0.17261296703539575 7.1859399933865545e-07
0.94378296782034321 1.6749848201332305e-06
0.5508930191635677 1.0108707460591251e-06
0.36577201899192346 8.6621665201376059e-07
0.19931945506412285 7.4020696430627248e-07
0.99524782219843877 2.1820219981776783e-06
0.71918428709155147 1.1831622433423939e-06
0.21788530817716523 7.5482828148122372e-07
0.091259444827152869 6.4490999494395914e-07
0.19928234396824585 7.4017773790335836e-07
0.24774260390757807 7.7821862454996084e-07
0.11108564926160291 6.6414449945003811e-07
0.22965137071373665 7.6409450432592927e-07
0.11677970493293088 6.6966861980449771e-07
0.3777317008865626 8.7496449865737492e-07
0.48619525916984196 9.5759996180404149e-07
0.45528497258091805 9.3350886565017308e-07
0.82921006834906463 1.3536880060218708e-06
0.25399538633471141 7.8296108319821961e-07
0.88709382388834623 1.4860609008986381e-06
0.90812281852880217 1.5459111187117616e-06
0.95979971200364411 1.7549449525241166e-06
0.1809832338848848 7.2576649103422246e-07
0.24575114623537131 7.7670819207125895e-07
0.62383227735740709 1.0778066579644645e-06
0.14089163320508891 6.9112244267123986e-07
0.085621330336424495 6.3944014624264817e-07
0.073697212031447745 6.2787189534387459e-07
0.60614963466624883 1.0610231781373528e-06
0.80467814200998655 1.3080905680798209e-06
0.25888566265918866 7.866701412883834e-07
0.93353388712578844 1.6327884910960134e-06
0.79193550789905087 1.286424493863353e-06
0.077460405365071261 6.3152277866711198e-07
0.40730312852481476 8.9716853946645212e-07
0.06801486603425877 6.2126995365452549e-07
0.91519415779349489 1.5678334833549958e-06
0.74280214447264536 1.2138501767935725e-06
0.68654513035471709 1.1445990227205589e-06
0.68270184661419842 1.1401661248056811e-06
0.28518250189574357 8.066151296375857e-07
0.93353915520070863 1.6328101802044663e-06
0.92277665822039479 1.5936429198973414e-06
0.73948880937423078 1.2095449849482277e-06
0.468930207071793 9.4414379312701971e-07
0.047115730790715182 5.9263227583861897e-07
0.028311350137035673 5.6133112641742437e-07
0.13813433292386779 6.8873454399932853e-07
0.59576469369305762 1.0513230529099908e-06
0.79809937920469387 1.2969048146515178e-06
0.94846576027361906 1.6970809794217726e-06
0.17536207927614678 7.2097480693996521e-07
0.27552788079615831 7.9929252696222256e-07
0.054100287054415053 6.0220307719647435e-07
0.98904716688087946 1.9911108351084006e-06
0.78091507921107306 1.2686434294080894e-06
0.48071412919002743 9.5332803669601353e-07
0.57556535530244546 1.0324557225703566e-06
0.56217441133309187 1.0204210918236207e-06
0.25436075314315032 7.8323819774692809e-07
0.18539069429341959 7.2923753414637315e-07
0.29697571662213196 8.1555976089921993e-07
0.2471535497961499 7.7777185308500257e-07
0.55752808986436098 1.0164877141081244e-06
0.30820280583985693 8.2407501102599964e-07
0.72894479161567616 1.1958445840159403e-06
0.56793973285703558 1.0253329577084268e-06
0.5322637654140473 9.9510001386854754e-07
0.95129376708924651 1.7104265134128039e-06
0.32240953538032124 8.3449939062986336e-07
0.63526986323992785 1.0896126503825502e-06
5.0627027428640226e-05 3.8110021929163492e-07
0.73692364727726922 1.2062119339244689e-06
0.50254392901676115 9.7034191345618542e-07
0.20838495728445972 7.4734639293940408e-07
0.0015105564286171935 4.7507563831850302e-07
0.7069439640037537 1.1681273264456826e-06
0.66270070355057387 1.1179270426026883e-06
0.66540711647956696 1.1207206295403593e-06
0.43745482312046113 9.198092427536026e-07
0.63929732576994869 1.09376983814769e-06
0.57133479010606025 1.0285041341796863e-06
0.23889504461126865 7.713742499478897e-07
0.51876804146842859 9.8367510920376481e-07
0.51459279461889518 9.8014052318229089e-07
0.82362288823337371 1.34269968247334e-06
0.43348902267073597 9.168313500519685e-07
0.43608543576627701 9.1878097906272091e-07
0.98440447127481634 1.9385487507910345e-06
0.89446387285893314 1.5061523435976407e-06
0.24228599004374174 7.740447487603742e-07
0.91029309466866715 1.5526393470054012e-06
0.13796665634603278 6.885893314230089e-07
0.85339105874000043 1.4044493279202403e-06
0.18332337673001731 7.2760944274589677e-07
0.42560334889836404 9.1091005101740893e-07
0.98392163126833954 1.9333230919424942e-06
0.097048936552230347 6.5052670312640955e-07
0.83978781996800533 1.3744913012080226e-06
0.49473394952765959 9.6425491176209211e-07
0.11099136577511037 6.640530297916985e-07
0.95249137910500281 1.7160781164344174e-06
0.54923136813922591 1.0094640631263873e-06
0.88064102192433547 1.4691096367701279e-06
0.86910694198675076 1.4407467849617052e-06
0.01463458294069786 5.2984145886244231e-07
0.26484070356583589 7.91186776174944e-07
0.3369215796131525 8.4511414932934509e-07
0.53486404554150513 9.9730130019284126e-07
0.071866009841080714 6.2609534416895816e-07
0.38896689832968989 8.833999883843297e-07
0.81463812362309673 1.3250293195172851e-06
0.17319111500726658 7.1909469154965666e-07
0.70127647457638276 1.1615903638477054e-06
0.46032940938727374 9.3744043748450132e-07
0.070705118896484787 6.2495635473351519e-07
0.17737406562895475 7.2271724303678617e-07
0.14103073173385461 6.9124290586285038e-07
0.61971784631875315 1.0736966591403174e-06
0.08732439888282173 6.410923878372582e-07
0.82304678077749294 1.3415666502472694e-06
0.80665913093689701 1.3114588083305245e-06
0.080061997120782435 6.3404672764149339e-07
0.88819719773018346 1.4890688011727505e-06
0.95916082567619876 1.751413689073888e-06
0.043468098181245085 5.8763399594600617e-07
0.95032956813683167 1.7058764006540714e-06
0.27946216938968582 8.0227651068187915e-07
0.66476194080319051 1.120054672648593e-06
0.17481574623696672 7.20501667344846e-07
0.81745584960460316 1.3305709494835251e-06
0.84191334156042397 1.3791198700077048e-06
0.97834140519649526 1.8813027927243481e-06
0.99253346217083271 2.0876519958918507e-06
0.075857707776028072 6.2996791252517066e-07
0.65796360127807452 1.1130373574814345e-06
0.2730461771522924 7.9741026461815072e-07
0.12557778563114519 6.7786022508372384e-07
0.14879541871509805 6.9796734057770393e-07
0.93643723892840525 1.6447418351690194e-06
0.68364923834534508 1.1412588598502724e-06
0.05046095096904113 5.972161658691772e-07
0.98423007814609265 1.9366613367739373e-06
0.80781223636071475 1.313419412980579e-06
0.30917930565072504 8.2481564290101554e-07
0.47086669360570055 9.4565306684904836e-07
0.7265759792020422 1.1927666605390158e-06
0.67603208583944641 1.1324731282362575e-06
0.46308089881423575 9.3958491441002576e-07
0.51238990069906687 9.7827564708360351e-07
0.043207680416432526 5.8727715055698259e-07
0.50063324448694857 9.6885274949793485e-07
0.34024689172403644 8.4754643144557799e-07
0.28505120047495636 8.0651554332288544e-07
0.26962242476818599 7.9481350001091873e-07
0.64894689735644839 1.1037302240331493e-06
0.42925762072131857 9.1365401898284631e-07
0.42580240842792449 9.1105952347014158e-07
0.15918699135147873 7.0696673127391593e-07
0.96186356824361696 1.7663523340780215e-06
0.22392620245055139 7.5958571603883504e-07
0.40610920660078464 8.9627203157883603e-07
0.19020476417973897 7.3302879772481919e-07
0.70314285238914787 1.1637430704582935e-06
0.43612874646085431 9.1881350076998265e-07
0.41364993901810154 9.0193431648579845e-07
0.8750948853890671 1.455471422928163e-06
0.75947984979345329 1.2369655605205949e-06
0.5198750528891809 9.8461225788848034e-07
0.46859040404113705 9.4387895483568405e-07
0.95990139779705574 1.7555069919828693e-06
0.9564621646912369 1.736497603862206e-06
0.70477086790988763 1.1656208466243337e-06
0.76014792648643292 1.2379528718982654e-06
0.89909290815381582 1.5187715266926193e-06
0.96430875587073761 1.7806241885539608e-06
0.082274766270823307 6.3619345816311645e-07
0.99733883247058175 2.2757883491633188e-06
0.70302221496939865 1.1636039255492605e-06
0.59274485419162759 1.0485023511451924e-06
0.4131671253268977 9.0157177495464686e-07
0.33638989368603744 8.4472525044441283e-07
0.80421020852397729 1.3072949490933548e-06
0.65443505654661249 1.1093951577397757e-06
0.20070516882149403 7.4129826672242621e-07
0.60991103713400596 1.064536541868735e-06
0.14116610172146538 6.9136014003420054e-07
0.49687482650612858 9.6592348487588479e-07
0.58345763783464843 1.0398275631123222e-06
0.63568407074403233 1.0900401995789627e-06
0.14526218972343519 6.949074660786471e-07
0.095598528650770342 6.4911958168727972e-07
0.25870816597535784 7.8653551791181772e-07
0.60702983215461348 1.0618453326285521e-06
0.93168281397092279 1.6251674669044322e-06
0.77912353090035358 1.2659958051915772e-06
0.74571052517242742 1.2176291899328866e-06
0.33023234455771588 8.4022134340494352e-07
0.11170737977515854 6.6474767482856763e-07
0.89193940612025202 1.4992704111941833e-06
0.50085350501662873 9.6902441783831604e-07
0.10051084620425199 6.5388529437979868e-07
0.53496873011717916 9.9738992169264144e-07
0.67541024266525629 1.131755885509371e-06
0.31990002960233843 8.3266382578035869e-07
0.0092489316836358304 5.1012912061404347e-07
0.62160696214776212 1.075509664983361e-06
0.040095518429485 5.8301261562505768e-07
0.43279329087118723 9.1630892975512417e-07
0.82477522812684712 1.3449659927273814e-06
0.9988476323424802 2.3820067966386649e-06
0.37030291398416748 8.6953075141035385e-07
0.020126926500197095 5.4248714261968935e-07
0.49290310193877207 9.6282797173097741e-07
0.27627539743199225 7.9985948523650139e-07
0.89277501358919242 1.5015483552957864e-06
0.71150315032769396 1.1733859565426128e-06
0.40432326880595248 8.9493098298291593e-07
0.76202823091816951 1.2407316635825833e-06
0.34120586892293248 8.4824787029190936e-07
0.52176358511378984 9.8621100877501809e-07
0.92278527979917035 1.5936734143033665e-06
0.20015726623702945 7.4086677254762833e-07
0.31305800190670607 8.2765926048004063e-07
0.88559341252695944 1.4819706392175361e-06
0.46187836031041174 9.3864767073093503e-07
0.31788882867357882 8.3119274340130559e-07
0.037298670183940508 5.7918014896925989e-07
0.41895303758690106 9.0591637728897597e-07
0.50060111136880914 9.6882770534195161e-07
0.40633286732108731 8.9643997689909982e-07
0.27745923377055881 8.0075737268858916e-07
0.36913017355386613 8.6867295656870002e-07
0.64244479855371972 1.0970186915511097e-06
0.89127971996300248 1.4974720450394126e-06
0.64967582257750189 1.1044826280562975e-06
0.6461624359737661 1.1008560746881694e-06
0.81687486198087778 1.3294283194170166e-06
0.16514277773326635 7.1212460779832562e-07
0.30109762945813845 8.1868604930031023e-07
0.050590982974870968 5.9739434619316271e-07
0.34963779687324059 8.5441535980117156e-07
0.9988237822665057 2.3806162602736224e-06
0.32931239536557588 8.3954845138961627e-07
0.85977299602590707 1.418533227127258e-06
0.085777713930432431 6.3959186267196109e-07
0.45971236333599941 9.3695951940210676e-07
0.35146286538163662 8.5575029659683121e-07
0.20158286323141561 7.419894845335339e-07
0.37250625705686402 8.7114237515361238e-07
0.65127811141394709 1.106136526881535e-06
0.49030807488909289 9.6080543965267204e-07
0.84433403120846173 1.384461938957477e-06
0.90494660684833739 1.5360643176975728e-06
0.48189283116944481 9.542467024819553e-07
0.98172631415111966 1.9120459306368511e-06
0.072020763536583932 6.2624547934300678e-07
0.27633922133624811 7.999078928422722e-07
0.41671127040857592 9.0423304949582893e-07
0.58270151035832729 1.0391212970654473e-06
0.54592974131321059 1.0066690465805606e-06
0.56797676378207373 1.0253675466975295e-06
0.89625072260863115 1.5110234631113722e-06
0.27756519195330598 8.0083773727923004e-07
0.81685374558862867 1.3293867897463408e-06
0.55800055412765925 1.0168876822156118e-06
0.49049048292269126 9.609476062244382e-07
0.29941342562546913 8.1740865525617818e-07
0.30406880276000281 8.2093955271020934e-07
0.38847987144488705 8.8303428319463601e-07
0.76351048809969146 1.2429222045718578e-06
0.47673288759227106 9.5022510609498515e-07
0.15383368525624996 7.0233061942124869e-07
0.75986317734279984 1.2375320578326871e-06
0.66337998791586839 1.1186282068298918e-06
0.94923876840116705 1.7007288511965252e-06
0.52941410161954328 9.9268760996120016e-07
0.65442214245780417 1.109381827686028e-06
0.47933027276121143 9.5224947606236023e-07
0.68078020827796437 1.137949679924437e-06
0.4361170632001834 9.1880472788866291e-07
0.13785647873582441 6.8849391455061282e-07
0.98668323629913091 1.9632112651919095e-06
0.72036370279585538 1.184694720656527e-06
0.60862582522985142 1.0633360808891128e-06
0.48142075018551944 9.5387876838521253e-07
0.71142900218866523 1.1733004330285857e-06
0.12677492213518093 6.7889697856594445e-07
0.32611339814169416 8.3720856163549085e-07
0.12469935076288585 6.7709947607515083e-07
0.12602509609820411 6.7824760837944125e-07
0.021347544877200808 5.452975192497485e-07
0.75589341514155051 1.2316653790080444e-06
0.2273086246251792 7.622495024608056e-07
0.83200771906968707 1.3591901539135498e-06
0.90443451416373222 1.5344767425377865e-06
0.16856605965189264 7.1508926507658381e-07
0.70886404233594102 1.1703419719961583e-06
0.46030572849006091 9.3742198088526782e-07
0.91896115740605089 1.5801475457841413e-06
0.48441719380165249 9.5621415958478081e-07
0.37887388644277697 8.7582121410746776e-07
0.29456511903016003 8.1373142934750778e-07
0.90362144022815738 1.5319560738737076e-06
0.22617930340852821 7.6136011894578374e-07
0.82771479160948658 1.3507472408650554e-06
0.1941874475779376 7.3616531274612824e-07
0.64339685425349136 1.09800141312265e-06
0.45106563972419622 9.3022036965826317e-07
0.10460867501667936 6.5786082620780796e-07
0.12593300431705234 6.7816785433763314e-07
0.28150914991566967 8.0382905478706722e-07
0.76665168495407021 1.247564395246105e-06
0.72894000226565181 1.1958383609596973e-06
0.20512025140736734 7.4477531258983686e-07
0.47620219456689983 9.4981149049599598e-07
0.096986962676995248 6.5046657882039784e-07
0.71594628618320277 1.1789549372016683e-06
0.79330203501740082 1.2887479756260112e-06
0.89351200003702702 1.5035574492713764e-06
0.88574596639017378 1.4823865153146307e-06
0.33789230714600593 8.4582418289586838e-07
0.25453383344002278 7.8336947148950785e-07
0.89658937474636879 1.5119466605076725e-06
0.14600697481950986 6.955524706702357e-07
0.059344071692626676 6.0938853311391455e-07
0.31424297802477452 8.2852600505138704e-07
0.76030004391466277 1.2381776773273603e-06
0.69419979215546346 1.1534280180866528e-06
0.98705527902685641 1.9672377922942515e-06
0.3595335711079356 8.616535720034329e-07
0.27584731485687941 7.9953480355531847e-07
0.37820760924492658 8.7532091107157466e-07
0.78225626143045413 1.2706254839815229e-06
0.21429995112113809 7.5200467610298246e-07
0.94774798424645279 1.6936937512455316e-06
0.51254933252969503 9.7841061527595814e-07
0.78314499577446972 1.2719388923653119e-06
0.82726182448391661 1.3498563890883903e-06
0.47881511733775006 9.5184797027867594e-07
0.74137138040258688 1.2119911092305074e-06
0.36469432393546086 8.6542837761268797e-07
0.81092801427320427 1.3187171147670641e-06
0.82390300861743049 1.3432505960556514e-06
0.56620581943841886 1.023833910095081e-06
0.21814781587303733 7.550350163001863e-07
0.97022317518036472 1.8183970559045616e-06
0.94697987017524776 1.6900689748165603e-06
0.61982054457933677 1.0737925851538465e-06
0.98388100078102114 1.932883358153397e-06
0.50279629639123169 9.7053860547542565e-07
0.37548437492603248 8.7332070386131572e-07
0.46050301576966279 9.3757574415786484e-07
0.045907018185510018 5.9097600050681625e-07
0.54912184819136189 1.0093713482065889e-06
0.66623244056319741 1.1215725374494134e-06
0.10951997373064903 6.626255504674048e-07
0.2555975716961697 7.8417626986305377e-07
0.72118410985081405 1.1857607190110435e-06
0.79359017835886525 1.2892379006263528e-06
0.98586704934444525 1.9543778741625751e-06
0.25322368589075106 7.8237578257614074e-07
0.841439471664581 1.3780741161008102e-06
0.17210296511416656 7.1815232350136295e-07
0.13087839539864243 6.8245070045208734e-07
0.72920358117562056 1.1961808430027439e-06
0.44587237144115399 9.2617280040652947e-07
0.79392349834700104 1.2898046386757944e-06
0.28256479533439582 8.04629715101715e-07
0.21319387709969861 7.5113360064052082e-07
0.54879874382305016 1.0090978218200378e-06
0.11531047467093081 6.6824323774570054e-07
0.27874921399149633 8.017357655762611e-07
0.16623701145828862 7.1307224461414029e-07
0.32004729377244145 8.3277154138579957e-07
0.76549870585154811 1.2458604750254193e-06
0.12074233720784622 6.7351298994603394e-07
0.61186891917137076 1.0663653149924215e-06
0.58476607048322637 1.0410497135872783e-06
0.53813062916728616 1.0000666506589943e-06
0.48424760347356155 9.5608198297460766e-07
0.6638606041882662 1.1191243038320231e-06
0.85181065545575607 1.4009616345186001e-06
0.16203663834884097 7.0943460476842119e-07
0.81413132237159291 1.3241636425723584e-06
0.06147564434405195 6.1230938558562492e-07
0.48212444984270586 9.5442722321936469e-07
0.5114655208908595 9.7749310653777014e-07
0.19758583161416254 7.3884166974267413e-07
0.089673105356537497 6.4337099872324521e-07
0.074910975461973117 6.2904943480943103e-07
0.037233985043288009 5.7909151218137878e-07
0.5735930241189825 1.0306134531228159e-06
0.15547461055460587 7.0375170633272373e-07
0.80870474942994119 1.31493693708342e-06
0.89895272103339219 1.51838936349284e-06
0.29240816020011628 8.1209547156764157e-07
0.16446642997870864 7.1153887184643882e-07
0.40961187562008283 8.9890216202564931e-07
0.88157020128455932 1.4713945330635543e-06
0.39981918334123223 8.9154889570874251e-07
0.10833629601362293 6.6147719882717237e-07
0.98466809276250589 1.9414018614308552e-06
0.49967547121927158 9.6810627282523136e-07
0.34237147119091171 8.4910044396214236e-07
0.8936207898442049 1.5038540204591492e-06
0.92740349387269294 1.6100079742182096e-06
0.49680446650865606 9.658686471615976e-07
0.30671639379340787 8.2294763329509239e-07
0.48263381956215667 9.5482421969669776e-07
0.21928195117018712 7.5592819108714425e-07
0.47823809793893135 9.5139824847556041e-07
0.22943110567610459 7.6392103721088948e-07
0.62220276107851091 1.0761246546963452e-06
0.75988918106967995 1.2375704872161404e-06
0.96942778827555487 1.8133172598206276e-06
0.84257046930438373 1.3805700442255714e-06
0.086134844806553645 6.3993833521382981e-07
0.21152287994165886 7.4981762666952257e-07
0.53169185787870554 9.9461586132551393e-07
0.257590994188999 7.8568819257121128e-07
0.01436520708330058 5.2922124239790752e-07
0.75479094991102047 1.2300361102773332e-06
0.35777200758757077 8.6036508559845221e-07
0.066100032419861843 6.1864609446221234e-07
0.50883641652263634 9.7526741883981874e-07
0.97720871314839042 1.8715672214043316e-06
0.67853862642276097 1.1353642076557105e-06
0.15876611324267864 7.0660223913503453e-07
0.51429558592969726 9.7988891897392713e-07
0.90172245489348557 1.5260688936097526e-06
0.054243666952088376 6.0239954787657639e-07
0.63789320076493661 1.0923204860437159e-06
0.7212729897808976 1.1858762054133675e-06
0.70401169931450913 1.164745210811132e-06
0.15017041854708479 6.9915812864494535e-07
0.9072785317152614 1.5432936847721498e-06
0.32227133271307262 8.3439830301319602e-07
0.051742023391005088 5.9897159444799274e-07
0.083220934482548636 6.3711138861178651e-07
0.45757738179969853 9.3529554112323206e-07
0.039982002079047119 5.8285706638185713e-07
0.77955251776826351 1.2666297797337361e-06
0.86582350597031799 1.432672659443201e-06
0.013373175021304862 5.2693716755860682e-07
0.81001350332724376 1.3171621880655317e-06
0.98120646909939779 1.9073244836696044e-06
0.030368161105749469 5.6606676991405275e-07
0.72496724461961648 1.1906763464597376e-06
0.99909407879763701 2.3963754199628714e-06
0.79711858629395427 1.2952371899037562e-06
0.50535700303513764 9.7253438865274161e-07
0.88482297207312466 1.4798703464931608e-06
0.70793242490253583 1.1692674312500595e-06
0.29245165046039634 8.1212845700466643e-07
0.22431978207726977 7.5989567500063496e-07
0.51254439270462049 9.7840643343059996e-07
0.37299052402161037 8.7149658968703303e-07
0.32946799080800171 8.3966226086053506e-07
0.17792481672688487 7.2319420879356566e-07
0.84528600317169789 1.3865627864866017e-06
0.7050145006448767 1.1659018560724633e-06
0.33132146965874343 8.410179782522108e-07
0.23766708158518679 7.7040718224708774e-07
0.12813791300863586 6.8007736654135529e-07
0.11251295467235289 6.655292078769783e-07
0.62547818521708987 1.0795055807889025e-06
0.10881717806692537 6.6194372927437513e-07
0.96021262397696727 1.7572272066543436e-06
0.27913510161206678 8.020284442524756e-07
0.025804860581831623 5.5556013377783738e-07
0.85532972384318484 1.4087276469770113e-06
0.3675873958503002 8.6754449990280553e-07
0.34296588297495967 8.4953522334639492e-07
0.11862061181638328 6.7145458604236769e-07
0.66042205821890831 1.1155750017275014e-06
0.35879337158943347 8.6111215694485715e-07
0.82299452956672281 1.341463887637535e-06
0.63061830363012927 1.0848112632673302e-06
0.87991235259396627 1.4673178041882104e-06
0.62256115798807632 1.0764945956297253e-06
0.77927822971974869 1.2662244255073374e-06
0.69653928490472516 1.1561264221677091e-06
0.46259242464066619 9.3920420366344972e-07
0.68867399196055124 1.1470544818567327e-06
0.66361701755834335 1.1188728712364075e-06
0.0067036199261244489 4.9859930489843937e-07
0.69863793872785163 1.1585470392193484e-06
0.26215950182284586 7.8915320335485172e-07
0.54182282200003085 1.0031923037390423e-06
0.11133238841085491 6.6438387483294636e-07
0.023022501572340093 5.491539736838821e-07
0.015119708775570229 5.3095842247256765e-07
0.15819451237293591 7.0610721689642749e-07
0.019892506610151628 5.4194740948686372e-07
0.13239742085101847 6.8376621870921442e-07
0.55917360535897431 1.0178807373891381e-06
0.40027283157299598 8.9188953709390646e-07
0.98074812259065336 1.9031615918107869e-06
0.8086943602172022 1.3149192724897188e-06
0.14677575448863045 6.9621825522891737e-07
0.41678939346105548 9.0429171156689307e-07
0.43097079656332071 9.1494043112112416e-07
0.36211677895128569 8.6354304584239327e-07
0.49558978067553616 9.6492193600386546e-07
0.66987454544546521 1.1253709339107427e-06
0.6408897156596528 1.0954135191794725e-06
0.35709916413355336 8.598729377802445e-07
0.70504562314852259 1.1659377532090873e-06
0.28948539866343259 8.0987868633835001e-07
0.83546784422638021 1.365995192224983e-06
0.9643720432640257 1.7810283780756176e-06
0.29473665444889519 8.1386153136841503e-07
0.78468855277043126 1.2742200247565635e-06
0.81342580385772723 1.3229640619872587e-06
0.49076337453487895 9.6116029458143176e-07
0.087747311653044169 6.4150267905620603e-07
0.78618189009928408 1.2766417198169764e-06
0.40747823823251983 8.973000281601397e-07
0.20807127550175208 7.470993565759768e-07
0.62665023256077945 1.0807153799716462e-06
0.43693810568076419 9.1942124312730081e-07
0.087572448680182102 6.4133303475285081e-07
0.983674629066707 1.9306498477554846e-06
0.24466187024414532 7.758820244562603e-07
0.51096505547964555 9.7706943385194903e-07
0.66728826173102374 1.1226623667919202e-06
0.11508936439869155 6.6802872636296031e-07
0.73941009386075884 1.2094427057109529e-06
0.6482888298391255 1.1030509600521047e-06
0.49375289730680172 9.6349029176037661e-07
0.528329991668681 9.9176984868476523e-07
0.9547950274403274 1.7272829742986162e-06
0.91089783726896401 1.5545141527957555e-06
0.11198332387128729 6.6501538355607331e-07
0.36875205306690051 8.6839638232016016e-07
0.51677143176961859 9.8198486453414917e-07
0.9199758459017815 1.583736485093698e-06
0.81656332945404586 1.3288156274812212e-06
0.38648270299441412 8.8153462292983134e-07
0.88621040551064545 1.4836526197887491e-06
0.37815779563212337 8.7528350636705432e-07
0.27119293580430948 7.9600466310226976e-07
0.60989262655759946 1.0645193453437752e-06
0.35590175481480335 8.5899709900941944e-07
0.62240755992258556 1.0763360501451061e-06
0.40968407504522442 8.9895637608505972e-07
0.795769139626882 1.2929427497287172e-06
0.95431097337391324 1.7246648910600798e-06
0.27030917887142891 7.953343725943015e-07
0.51001008424428151 9.7626099590778188e-07
0.72443243530258861 1.1899814403780724e-06
0.15851909520714969 7.0638831465136663e-07
0.79590614807736837 1.293175702761087e-06
0.58297196164542731 1.0393739139420905e-06
0.14974052391208148 6.9878582794379294e-07
0.86822958680408746 1.438589326788718e-06
0.4267012595258094 9.1173446467259992e-07
0.17661934592464879 7.2206363479837572e-07
0.19539636433865037 7.3711738078678725e-07
0.78550639976632497 1.2754931956139751e-06
0.93571616058497831 1.6417730948548741e-06
0.37824992225414933 8.7535268362365999e-07
0.078828075307232792 6.3284963140649084e-07
0.10082307945385738 6.5418820923505188e-07
0.65447850919385098 1.1094400100039785e-06
0.3707517105896756 8.6985902133540253e-07
0.42613149734579359 9.1130663411000723e-07
0.33704737814843888 8.4520616400869616e-07
0.4655385659895781 9.4150038989631887e-07
0.64354945288006471 1.0981589269762586e-06
0.54113916390478589 1.0026135479351333e-06
0.16424142415147758 7.1134401054690011e-07
0.491288651943804 9.6156968931575301e-07
0.46061305910634154 9.3766151057731856e-07
0.54573724805364099 1.0065060899916394e-06
0.11067003104038386 6.6374128507911419e-07
0.15352712304273519 7.0206512802464754e-07
0.53024417810794688 9.933903173359733e-07
0.27543504254963336 7.9922211326236144e-07
0.62903168871134696 1.0831735432192396e-06
0.37275138267916019 8.7132167100538816e-07
0.22073474766543577 7.5707232371699719e-07
0.65639478832732834 1.1114180128057185e-06
0.39390766964251445 8.8710998010464503e-07
0.1576124705097246 7.0560315246731005e-07
0.80880897927029005 1.3151141572277724e-06
0.43175871194061444 9.1553207144223785e-07
0.91507033972264351 1.5674496260972655e-06
0.19340092851540247 7.3554589899727165e-07
0.87635023460647321 1.4585583864322991e-06
0.81590997069906912 1.3275306648982561e-06
0.10391582408823086 6.5718865295602169e-07
0.5316813156503174 9.9460693672430141e-07
0.65368286014644683 1.1086187329689822e-06
0.49548219472725497 9.6483808484262217e-07
0.39026308418593569 8.8437328556612392e-07
0.94384212736370365 1.6752617780604643e-06
0.70082085974221953 1.1610648512431955e-06
0.96586987756449094 1.7905944053359034e-06
0.84623031085319156 1.3886467201905475e-06
0.81713139821615577 1.3299328499846352e-06
0.72563229030000964 1.1915404755486968e-06
0.6460792421452668 1.1007702011726756e-06
0.88686209111236181 1.4854291756809694e-06
0.61340977266306329 1.0678045597474008e-06
0.075288400925191623 6.2941559625989871e-07
0.5825635189933015 1.0389924052860428e-06
0.1028351515867747 6.561402324089836e-07
0.94930107012242659 1.7010228567605056e-06
0.64666897610128626 1.1013789305570899e-06
0.55564628341335676 1.0148946569748482e-06
0.19782113273308777 7.3902697834500337e-07
0.51576704987478039 9.8113459763169922e-07
0.34253100382934221 8.4921713327444477e-07
0.67538616800864093 1.1317281174593603e-06
0.60440979745935719 1.0593980712806418e-06
0.49930709000705864 9.6781916105164193e-07
0.25274100144435085 7.8200968779291631e-07
0.52574313040112153 9.8957992219531016e-07
0.46169688574522472 9.3850623169293631e-07
0.85126587746232563 1.3997593979553201e-06
0.89433734136278498 1.5058074069066327e-06
0.75924915410840932 1.2366246288925092e-06
0.31963995661231093 8.3247359675479181e-07
0.038089510418153671 5.8026382193310899e-07
0.92533595924387857 1.6026951325584853e-06
0.99201225165866924 2.07946037954677e-06
0.12702076232250803 6.791098830003359e-07
0.68561602378320241 1.1435273780381365e-06
0.42514653548972037 9.1056703292236008e-07
0.14852040483907947 6.9772917091813707e-07
0.99810131096556698 2.3028099890032474e-06
0.93322885446177417 1.6315326459093635e-06
0.98260887628271365 1.9200617235848057e-06
0.14389625437014508 6.937245281018688e-07
0.49192452532299458 9.6206528118532998e-07
0.89577416332136406 1.5097243179291603e-06
0.67515844577904072 1.1314654594135533e-06
0.43460180329158371 9.176669294845071e-07
0.51669424087957772 9.8191951801674409e-07
0.038601604701056225 5.8096553475109084e-07
0.61151717681429218 1.0660367676352204e-06
0.85971551670026203 1.4184063795898089e-06
0.0027936265412819017 4.808877208288544e-07
0.15996467764772404 7.0764022921921238e-07
0.51799012200532157 9.8301655574352147e-07
0.56096432602086577 1.0193966851756967e-06
0.34335234516642599 8.4981789909097454e-07
0.027934479994540795 5.6046341291991454e-07
0.74360009554983886 1.2148869969063831e-06
0.24292511824514296 7.7454808658661066e-07
0.64457730190080131 1.0992198831841852e-06
0.55914674107764728 1.0178579952336018e-06
0.43083808245992539 9.1484077699961324e-07
0.59028950327836505 1.0462089138115332e-06
0.6950387439706619 1.1543956769958993e-06
0.57224431794596198 1.0293536848865796e-06
0.55752543210268224 1.0164854641603689e-06
0.43607774685708667 9.187752055128785e-07
0.43003452247211527 9.1423738924640683e-07
0.4909659850294138 9.6131820670209691e-07
0.45207791215603976 9.3100932230738529e-07
0.43902458430701419 9.2098796579829564e-07
0.21037007121041351 7.4890974584126426e-07
0.7248379210555691 1.1905083095009603e-06
0.13295246890950441 6.8424690575325258e-07
0.90871042266832303 1.5477327923340084e-06
0.62484621077215863 1.0788532503424325e-06
0.048900679123274782 5.9507815575997478e-07
0.65899869974825409 1.1141057966447711e-06
0.36151426150581722 8.6310233761457465e-07
0.92976484438064533 1.6183600386175699e-06
0.93607548648970795 1.6432524698895172e-06
0.84592838185284647 1.3879804119179909e-06
0.5678489019739521 1.0252481165001141e-06
0.91917769130521132 1.5809134232192541e-06
0.64980818907285876 1.1046192580983922e-06
0.87512905547111042 1.4555554487870546e-06
0.16005319927114237 7.0771689140520488e-07
0.90418031343120375 1.5336886766647644e-06
0.66159069456546737 1.1167812800443321e-06
0.30327392313872303 8.2033667170832055e-07
0.99781352718090022 2.2926111573874295e-06
0.6868839673544731 1.1449898421164482e-06
0.90841605802072878 1.5468202114351029e-06
0.0055855209770174774 4.9353451281669515e-07
0.55233840954918578 1.012094351952786e-06
0.71253262357270297 1.1745733655681577e-06
0.013736889118711404 5.2777459030975656e-07
0.76255922512284968 1.2415163887874394e-06
0.65144819316764691 1.1063120869966904e-06
0.27475965359269638 7.9870986063929468e-07
0.68894494634774861 1.1473670044855908e-06
0.13090103899694383 6.8247031043750661e-07
0.82403719876880654 1.3435145082206102e-06
0.86622511725850404 1.4336602407251975e-06
0.48547693027849725 9.5704010512520736e-07
0.50744216794832153 9.7415954046994225e-07
0.40205436086635149 8.9322727537592182e-07
0.34533398520379988 8.5126735931094609e-07
0.87289827885344762 1.4500698628567635e-06
0.30487317578753959 8.2154963404045275e-07
0.40285001185439173 8.9382472431476012e-07
0.29991629644451234 8.1779006050936271e-07
0.65671276079272645 1.1117462272168895e-06
0.81421833111158259 1.3243115819859588e-06
0.16433582694414128 7.1142576598890319e-07
0.25474251589523178 7.8352774789300953e-07
0.10410770852874418 6.5737481073260985e-07
0.16018395702689214 7.0783013125558441e-07
0.40688162445571519 8.9685203491535506e-07
0.77587628970913891 1.2611968978089105e-06
0.54161793496891486 1.0030188551113894e-06
0.053276277887163381 6.0107395348996125e-07
0.62508674968397826 1.07910153705244e-06
0.79530416888832001 1.2921521682490586e-06
0.39346780157656303 8.8677968615267137e-07
0.24501260137216652 7.7614803848932178e-07
0.76393772819708772 1.2435535976642815e-06
0.023906238960925474 5.5118870865984282e-07
0.81559102441573361 1.3269033923057636e-06
0.80425958154419985 1.3073788971617936e-06
0.88798593069420761 1.4884928674761853e-06
0.089479940623624632 6.4318359886373543e-07
0.10775848190462489 6.6091662919721899e-07
0.87275282392714348 1.4497121822665568e-06
0.47526276716219884 9.4907931236263827e-07
0.39233850741086496 8.8593170681113303e-07
0.57329356513036578 1.0303337414039394e-06
0.058583070156440042 6.0834574753658044e-07
0.64371616989608083 1.0983310139749723e-06
0.94508315358939798 1.6811182553458949e-06
0.6757198941670518 1.1321130419384362e-06
0.46453511230918354 9.4071831047331543e-07
0.96088098861148863 1.7609214031082701e-06
0.68851641390341345 1.1468727290931906e-06
0.056960435710066482 6.0612228317086735e-07
0.67004653181313156 1.125569305423774e-06
0.059695862752942586 6.0987058554940727e-07
0.30722988278996799 8.233370919658363e-07
0.61568348040271736 1.069928332030941e-06
0.21561601618686344 7.5304112751901386e-07
0.038189184594299097 5.804004035145837e-07
0.61795368877988688 1.0720488357109909e-06
0.28585728288301104 8.0712692114257407e-07
0.53296422433919821 9.9569299253895398e-07
0.26114557890462109 7.883841877096987e-07
0.68642884692881223 1.1444648997697097e-06
0.89570139115970404 1.5095259342112354e-06
0.086564802795641937 6.4035546139175692e-07
0.78631868545475858 1.2768743105276863e-06
0.15609505512034905 7.042890285694867e-07
0.32940978717931113 8.3961968812136249e-07
0.3573652958249568 8.6006759841118052e-07
0.20630998901826092 7.4571227631878198e-07
0.075234340863037485 6.2936314958446259e-07
0.76848648026281285 1.2502759316655828e-06
0.79362753927327556 1.2893014247248524e-06
0.99683329037802371 2.2149596440142514e-06
0.93460424899532712 1.637195261125636e-06
0.4346424233848224 9.1769743083744412e-07
0.13338801454177329 6.8462410037508434e-07
0.010700008019525198 5.1670224184082657e-07
0.53151753849715022 9.9446828996709566e-07
0.86056641083284791 1.420284164761037e-06
0.26790373958052038 7.9350995338557798e-07
0.19894136798806916 7.3990920631879572e-07
0.43895337177082228 9.2093449278711428e-07
0.89353280095223431 1.5036141545114152e-06
0.45167383177044462 9.306943870383363e-07
0.72271290599771443 1.1877471648456282e-06
0.46252621017469331 9.3915259692528707e-07
0.3729588814429442 8.7147344488869983e-07
0.44091205449614246 9.2240525438152381e-07
0.76840053267337938 1.2501489147619509e-06
0.75440605587800968 1.2294672979508704e-06
0.43175817861540033 9.1553167097194624e-07
0.26761742542866551 7.9329279677707502e-07
0.13912703908374524 6.8959425512216624e-07
0.0013696943752317114 4.692457849690716e-07
0.1132575830732897 6.6625161333691022e-07
0.16465526519189799 7.1170240838899676e-07
0.68993779098108865 1.1485121655515121e-06
0.81791587692875589 1.3314756865734855e-06
0.73694566623120894 1.2062405443179634e-06
0.7232327672023553 1.1884226480528662e-06
0.99432061472411892 2.115739817846716e-06
0.96259773932099058 1.7704102570298415e-06
0.2688471951292366 7.9422552265068488e-07
0.14510074954835672 6.9476765440043121e-07
0.1532982379356882 7.0186690716097874e-07
0.89560667071128275 1.5092677174111197e-06
0.10234684795578419 6.5566650187615898e-07
0.34014416888142041 8.4747129536069574e-07
0.53034652842107244 9.9347696274859307e-07
0.61345050368318754 1.0678426048356553e-06
0.59573263781487473 1.0512931108974702e-06
0.78640772213992483 1.277025698020414e-06
0.57169326354276695 1.0288389687479052e-06
0.85104653933142727 1.3992753543194403e-06
0.08463022407218479 6.384786188878512e-07
0.85896545356014398 1.4167511120446937e-06
0.59000316077700354 1.0459414536373935e-06
0.22293256585035048 7.5880318933242853e-07
0.97774318869786658 1.8758695439825318e-06
0.93973427372882978 1.6583160053245714e-06
0.84572582167371146 1.387533394497028e-06
0.9115961356134713 1.5566789974404595e-06
0.38214172104530653 8.7827500898100825e-07
0.22780487244958947 7.6264031654265276e-07
0.18290386165923189 7.2727905863306995e-07
0.87375996851091731 1.4521887987573225e-06
0.82663134890108669 1.3486164309073167e-06
0.98093838333493744 1.9048896182892747e-06
0.84825210145409702 1.3931084837217763e-06
0.63236591392649022 1.0866151643807757e-06
0.14228175087155004 6.9232632320327722e-07
0.16484753835423038 7.1186892229105697e-07
0.47369952679637573 9.4786094210080618e-07
0.76779553114436561 1.2492548184712396e-06
0.17327539017775218 7.1916767618939592e-07
0.91551750792885256 1.5688359242377497e-06
0.6837907304868559 1.1414220588908381e-06
0.31230909044641952 8.2711147311730411e-07
0.88575959216055022 1.4824236604388815e-06
0.59863036818094073 1.0539997557882337e-06
0.73315848202512646 1.201319655220858e-06
0.3854422062555577 8.8075332097477988e-07
0.39355053931332751 8.8684181335891484e-07
0.012617570481470386 5.2519744826523505e-07
0.53790202275500931 9.9987312221424053e-07
0.76079680583386677 1.2389118126444243e-06
0.96882451358660382 1.8094644023195318e-06
0.89222683670823755 1.5000539738559103e-06
0.086991091352754957 6.4076902764947347e-07
0.98052012035680847 1.9010907815723385e-06
0.14948068900085054 6.9856080368957215e-07
0.041114298392083026 5.8440862995743038e-07
0.74892983546822534 1.2218122103704316e-06
0.90588645032915127 1.53897799369624e-06
0.94978290602518967 1.7032966693209598e-06
0.824976107766212 1.3453610633042997e-06
0.20490621571138046 7.4460675131884487e-07
0.15400291449441106 7.0247717664456089e-07
0.058968477571452849 6.0887386380791798e-07
0.58196907989412316 1.0384371653750068e-06
0.48722117616304106 9.5839954885600711e-07
0.10928360843637153 6.6239623933864623e-07
0.4648271186715629 9.4094589663086803e-07
0.56732359053448711 1.02478016746231e-06
0.72295464351049843 1.1880612672040798e-06
0.41419757003342073 9.0234552890669076e-07
0.31835244707843968 8.3153185465381291e-07
0.66567919815412979 1.1210014750107221e-06
0.68422364304554528 1.1419213863691885e-06
0.27042855666981869 7.9542491536929514e-07
0.019823082237126699 5.4178756539539195e-07
0.94569056974251942 1.6839846886491631e-06
0.75528640645917222 1.2307683164630481e-06
0.20110433446335396 7.416126248841246e-07
0.56566565099386501 1.0233766265134948e-06
0.59494753067606942 1.0505597761984121e-06
0.12598863199567922 6.7821602945327776e-07
0.19165708733955822 7.341725575849749e-07
0.9567065164637879 1.7378481891640672e-06
0.50801086002089768 9.7460277205768448e-07
0.19144221939347605 7.3400334088530213e-07
0.79757475409400846 1.296012803903585e-06
0.47057330253347274 9.4542440146571744e-07
0.63841208327269372 1.0928560818429847e-06
0.2975015336385789 8.1595856982726283e-07
0.057904098256280512 6.0741536557119121e-07
0.16494422356404426 7.1195265436974292e-07
0.97303690314598501 1.8389259685976324e-06
0.62358843582821544 1.0775549622592327e-06
0.83108519857440555 1.3573758301451367e-06
0.02151955792381921 5.4569356559428115e-07
0.76546250115436709 1.2458069702260041e-06
0.48495206654186385 9.5663103280196846e-07
0.6653078768711973 1.1206181934077682e-06
0.35820504034077483 8.6068182513634817e-07
0.62086882681889033 1.0747717403578615e-06
0.035619767787757994 5.7687958172827414e-07
0.045588712536710818 5.9053983247827977e-07
0.79883640990514782 1.2981579748471908e-06
0.1244652678004402 6.7689675372425278e-07
0.013983934586136559 5.2834339282927792e-07
0.91245648963665327 1.5593462424859126e-06
0.2655317627435374 7.9171091396670977e-07
0.58238216329643833 1.0388230087555465e-06
0.83891697053850478 1.372778599076489e-06
0.74590707942542867 1.2178845832879365e-06
0.046627820810933307 5.9196370229998534e-07
0.5609487008588433 1.0193834575795191e-06
0.54179786709543964 1.0031711779804672e-06
0.35008017821046211 8.5473893731185323e-07
0.75356298136835154 1.2282213675594103e-06
0.96400565797551963 1.7786884318902965e-06
0.14718665393591401 6.9657410556960754e-07
0.14522400374436217 6.9487439595953998e-07
0.73473601946086908 1.2033694331945181e-06
0.45441641016627821 9.3283191881609797e-07
0.79521893057971604 1.2920072390684652e-06
0.14107760964707061 6.9128350343848358e-07
0.0398575441422101 5.8268652409600481e-07
0.69793407485164105 1.1577351926527479e-06
0.99471105295411033 2.1218761487761637e-06
0.094798210295700569 6.4834314830297853e-07
0.86433788945046985 1.4290194576772507e-06
0.38528974077341471 8.8063883567672198e-07
0.016789545293107166 5.3480308810542906e-07
0.51002179297121075 9.762709080169396e-07
0.2788542071248199 8.0181539821963887e-07
0.69340314152018023 1.1525091499576091e-06
0.28783062243509194 8.086236118292845e-07
0.48170012343304613 9.5409650844885201e-07
0.20056525134418923 7.4118807637450433e-07
0.82810175804356034 1.3515082888878465e-06
0.92543146186810799 1.6030329240321296e-06
0.40333575421646384 8.9418946496503401e-07
0.44888003256798248 9.2851693439558927e-07
0.98268367321153194 1.9207410601131784e-06
0.1421154767246634 6.9218232517113397e-07
0.80861951459003867 1.3147920138005982e-06
0.56727860585024126 1.0247420853460074e-06
0.88073442090418796 1.4693393093091556e-06
0.29242854482691194 8.1211093240459945e-07
0.29615796622034329 8.1493953342284855e-07
0.32581994805540704 8.3699391910778733e-07
0.016631082322955404 5.344382397331332e-07
0.16989289907805827 7.1623834489395422e-07
0.99458664111982509 2.1199208274780147e-06
0.24894857378393254 7.791332993105664e-07
0.019917097760639102 5.4200402865296686e-07
0.27854031403849566 8.015773242103134e-07
0.40839016798458672 8.9798479003545575e-07
0.54778727928238358 1.0082415590515128e-06
0.068566019865426431 6.2202518901044088e-07
0.79042891970476603 1.2838628687435502e-06
0.8255012681970576 1.3463938978665525e-06
0.21316057887170137 7.5110737701643273e-07
0.79841818823497857 1.2974468799773284e-06
0.36142690744125661 8.6303844294185632e-07
0.42311017788263439 9.0903794578524031e-07
0.93638825431401651 1.6445401613830372e-06
0.89190439096001717 1.4991749565929639e-06
0.37511071319048905 8.7304739094313625e-07
0.48811030572260261 9.5909252546918144e-07
0.2865237880329925 8.076324357913682e-07
0.51543425834866174 9.808528705102441e-07
0.68190790283494307 1.1392503788027287e-06
0.092667697275631511 6.4627621903165668e-07
0.91984112617568969 1.5832599832679872e-06
0.71887396814467985 1.1827590294929506e-06
0.096752683161572151 6.5023929122180643e-07
0.8689889919788425 1.4404567402755919e-06
0.7436828662428322 1.2149945452532673e-06
0.31312681683274879 8.2770959479704975e-07
0.52143308829787793 9.8593122425741663e-07
0.86013065918966591 1.4193225316476217e-06
0.96812562309027872 1.8050008875384083e-06
0.28107739594763237 8.035015885168908e-07
0.65055818232732454 1.1053934087597979e-06
0.8602469239927607 1.4195791091874429e-06
0.98816684884294503 1.9799843538373327e-06
0.070718488646312139 6.2497467504120125e-07
0.50362196582082841 9.7118212204595309e-07
0.87366576183948197 1.451957140066231e-06
0.0031581242995282199 4.8253883172673508e-07
0.43723521960544309 9.1964434396131196e-07
0.5841987241196327 1.0405197798314337e-06
0.52649030855661427 9.9021245137481252e-07
0.73277268633424819 1.2008183704389074e-06
0.065522086953980985 6.178541470512699e-07
0.78541672358584314 1.2753407207987326e-06
0.28317053613348342 8.0508914268051106e-07
0.82422938652395561 1.3438924844433049e-06
0.41948792677925895 9.0631802196129319e-07
0.042918591802996398 5.8688101806272598e-07
0.96391476567138135 1.7781079416058459e-06
0.7805492904970468 1.2681028517124793e-06
0.34781603228234936 8.5308283963865568e-07
0.27002736821836315 7.951206316902516e-07
0.58896372845005418 1.0449705647548464e-06
0.98729460282391124 1.9698279349936341e-06
0.29016682417974771 8.1039551742445482e-07
0.94827111674615283 1.6961624449268837e-06
0.33038711961858902 8.4033455281207505e-07
0.70409776525779988 1.1648444804894369e-06
0.38173435779203979 8.7796912267275963e-07
0.085052224008648758 6.3888802451595901e-07
0.93618936561328892 1.6437213198393126e-06
0.16392799471659592 7.1107257194574763e-07
0.94469146799759862 1.6792698675166046e-06
0.10330682592885498 6.5659782994300184e-07
0.2669474449564988 7.9278464625026261e-07
0.92092349869455548 1.5870883200401945e-06
0.65854086290757308 1.1136332128036251e-06
0.18948343584169558 7.3246072415698487e-07
0.59209331145528155 1.0478937731908403e-06
0.18039120803555397 7.2530024810608285e-07
0.87444206767034183 1.4538661130712598e-06
0.049828607338522568 5.9634967771315051e-07
0.52977769777749839 9.9299541497098388e-07
0.06347302582946257 6.1504635851718769e-07
0.69502275106762523 1.1543772305549621e-06
0.93579723519366731 1.6421068858520139e-06
0.83106644967165344 1.3573389566230101e-06
0.37172782515263514 8.7057299521686463e-07
0.23690490547975918 7.6980693950506171e-07
0.12102749238688304 6.7378963485778444e-07
0.873623987382533 1.4518544146873334e-06
0.081109129047412409 6.3506260860992646e-07
0.62882919157776662 1.0829645236194492e-06
0.36726746949670697 8.6731049144813759e-07
0.99577831837096409 2.1930429037204632e-06
0.50882331351834498 9.7525632639487424e-07
0.54879094970341102 1.0090912236505597e-06
0.91788878501485116 1.5763545793265006e-06
0.96963690325082263 1.8146527877580798e-06
0.58363646109453959 1.0399945942027239e-06
0.79618207474235003 1.2936448559636156e-06
0.63476674910844644 1.0890933308615683e-06
0.42740046399361864 9.1225949257252445e-07
0.057315357274696832 6.0660862527542599e-07
0.71774387354178337 1.1812906376990792e-06
0.70026277236064915 1.1604211453507577e-06
0.11670230668872528 6.6959353145958245e-07
0.23006887495636574 7.6442330483491739e-07
0.73212818687470549 1.1999809381433089e-06
0.1497119775945398 6.987611060394687e-07
0.69093503443273674 1.1496624002767889e-06
0.71797719120487746 1.1815937997007157e-06
0.35334385593992612 8.5712613728280955e-07
0.25818184977942704 7.8613633037823605e-07
0.37303941110361316 8.7153234788695685e-07
0.35919662139289399 8.6140711190024947e-07
0.60701980570458236 1.0618359673542439e-06
0.74384829971886346 1.2152095017339137e-06
0.8617526348503638 1.422901968533025e-06
0.029992284002114067 5.6520134280945327e-07
0.72655155736936949 1.1927349279578708e-06
0.31418601828916026 8.2848434215128616e-07
0.83864201071047184 1.3722378347748712e-06
0.075716959741011225 6.2983136502195578e-07
0.55117451017306651 1.0111090443497894e-06
0.54867358975401337 1.0089918717196272e-06
0.32651146217522831 8.3749972348664814e-07
0.97030659735336522 1.8189298376553784e-06
0.10692315116868756 6.6010622835334718e-07
0.13639723353492228 6.8723016765262016e-07
0.64425959818827516 1.0988919461824606e-06
0.51429922464365319 9.7989199935406953e-07
0.26446712855204679 7.9090343606587036e-07
0.30427179645744185 8.2109351444279488e-07
0.15702330870881931 7.0509292197427887e-07
0.86776413891187321 1.4374447682575776e-06
0.56951887313969041 1.026807964502675e-06
0.24483457615383164 7.7601301424273407e-07
0.39342075770934282 8.8674436123135276e-07
0.90668505430488311 1.5414538030028225e-06
0.88684116165306304 1.4853721200177166e-06
0.069106691113207774 6.2276606028658948e-07
0.65410013827970293 1.10904945170002e-06
0.15297117096972379 7.0158365807890683e-07
0.21088336554825715 7.493139847023616e-07
0.8642075922464163 1.4286990506478541e-06
0.89519031747595801 1.508132699556631e-06
0.082691915893948531 6.3659815823227185e-07
0.87392332947869367 1.4525905111561783e-06
0.72849355284322459 1.1952582655707004e-06
0.77571036326669907 1.2609516848472868e-06
0.79181532764581053 1.2862201535155576e-06
0.50723327173799548 9.7399672933991073e-07
0.94690764298820163 1.6897281303834866e-06
0.20035960398059527 7.4102612123508835e-07
0.50496510751754298 9.7222895011953728e-07
0.31855257988840457 8.3167824074880705e-07
0.82243124280250746 1.3403560699034296e-06
0.082700712128777387 6.3660669194930338e-07
0.43367848692426791 9.1697361747690981e-07
0.77347765624532949 1.2576520980358205e-06
0.31234091155773946 8.2713474850241117e-07
0.24047628427044876 7.7261953646640922e-07
0.26254915479489616 7.8944873788346425e-07
0.71359010740654527 1.175893429278641e-06
0.28678267583883088 8.078287907306348e-07
0.40268354546297991 8.9369972582874526e-07
0.54566808743917772 1.0064475415632644e-06
0.94076007894669189 1.662539331863897e-06
0.79434755988692896 1.2905256629723755e-06
0.18528166422401726 7.2915166880979892e-07
0.88308423253443569 1.4751303799136337e-06
0.84476743318520353 1.3854183867386285e-06
0.74522451955486879 1.2169976970837311e-06
0.51690597477194478 9.8209876290529891e-07
0.069814955257311184 6.2373658084311159e-07
0.71150524138916593 1.1733883684025389e-06
0.51834217042282649 9.8331458492843868e-07
0.30977492581795596 8.2525787168084712e-07
0.0099380000182738293 5.1325047928077211e-07
0.23104898077634883 7.6519517553602295e-07
0.60569017757939225 1.0605940190992213e-06
0.11230658633195623 6.6532899846289721e-07
0.65541870661171231 1.1104104913363843e-06
0.81967208882201181 1.3349296336636604e-06
0.31817834073625151 8.3140450548227465e-07
0.081985539454964229 6.3591286312984548e-07
0.13969879042621847 6.9008940767433974e-07
0.35790893253490497 8.6046523863358442e-07
0.81343425275842751 1.322978427502899e-06
0.63427871971275518 1.0885895819582145e-06
0.86788764809618502 1.4377484832231902e-06
0.9944271126311246 2.117413594517343e-06
0.20256620289915939 7.4276390201304593e-07
0.69482143623679349 1.1541450311770139e-06
0.46651670006293666 9.4226273552986283e-07
0.49347806094682034 9.6327608769093698e-07
0.32558140356080445 8.3681943698737272e-07
0.34251221499941054 8.4920339028325965e-07
0.67628194839776745 1.1327613232508776e-06
0.62080291719601666 1.0747101770232975e-06
0.31850357062743295 8.3164239318171678e-07
0.11858091881908583 6.7141607765626177e-07
0.57824128730820246 1.0349551951838994e-06
0.73939634496488538 1.2094248410420804e-06
0.55862179021450975 1.0174135942078242e-06
0.0036506734566412735 4.8476999299632429e-07
0.28231551247380271 8.0444064508818749e-07
0.7785793396350118 1.2651915768244645e-06
0.74254820527673826 1.2135202201417518e-06
0.010410252541492748 5.1538970035963387e-07
0.4702962327601784 9.4520845670148615e-07
0.43731817265034001 9.197066328409741e-07
0.65228137629094196 1.1071721070863782e-06
0.12498004006499774 6.773425608114407e-07
0.62141523288226996 1.0753117600864732e-06
0.94691802016105076 1.6897771008853341e-06
0.37174953461524995 8.7058887448951956e-07
0.3373564176597581 8.4543220933963844e-07
0.028273514371877972 5.6124401258055046e-07
0.05739505895543151 6.0671783893559274e-07
0.93157244692971852 1.6247535040719631e-06
0.97550184653868921 1.8582122832641847e-06
0.0056417004365867385 4.9378899591249836e-07
0.90067968634316475 1.5230972324232818e-06
0.17396003068082089 7.1976059389195752e-07
0.56135871865642961 1.0197305611707872e-06
0.67814092352874933 1.1349054915034216e-06
0.35905871056057914 8.6130623774471495e-07
0.52898809177071715 9.9232696818098088e-07
0.62754218815530527 1.0816360656035972e-06
0.19392629938479378 7.3595964858739699e-07
0.99425662158568218 2.1147340682953199e-06
0.203881835585486 7.438000129138158e-07
0.010338464686618698 5.1506451397141504e-07
0.94428459210474802 1.6773497957444423e-06
0.42912770086414309 9.1355646304189961e-07
0.39861971892647852 8.9064822600237531e-07
0.27567131846632342 7.9940131808478084e-07
0.025831926791167636 5.5562245156988064e-07
0.26456819338015114 7.9098008926365299e-07
0.3933003425659819 8.8665394231564431e-07
0.52032924886672227 9.8499676084389405e-07
0.45764422012198236 9.3534763408730968e-07
0.8790362077040228 1.4651633221826543e-06
0.91132986193014909 1.5558535033491447e-06
0.31715492181571503 8.3065593107637523e-07
0.95955459387545949 1.7535901314082728e-06
0.86493417212035451 1.4304857451569099e-06
0.92763481653474955 1.6108261593051002e-06
0.70633088238779707 1.1674201894241891e-06
0.19827184332554149 7.393819301205158e-07
0.19522779265777446 7.3698462416107254e-07
0.90865156308394324 1.5475503175264476e-06
0.50704545993444328 9.7385035113648676e-07
0.89046730715373779 1.4952573317491187e-06
0.72054787918931695 1.184934030802855e-06
0.21251230433506763 7.5059683610248413e-07
0.38475982006295373 8.8024092180381495e-07
0.96782521502250829 1.8030823096525839e-06
0.019582761443504348 5.4123424590189774e-07
0.71458386309274391 1.1771846686943387e-06
0.97877969707520596 1.8852835401694824e-06
0.10414694592362794 6.574128771134542e-07
0.27199285494687864 7.9661136635794719e-07
0.54701312068119101 1.0075861893766674e-06
0.8437649277466992 1.383206020035878e-06
0.50651186983772822 9.7343447759582149e-07
0.059596046994571661 6.0973380996056754e-07
0.12718432333115348 6.7925153137936122e-07
0.37594336883256441 8.7365643254875636e-07
0.32254067376054896 8.3459531111081187e-07
0.21967863117921138 7.5624059171821642e-07
0.84012873618579065 1.3751815357535993e-06
0.026881683748735674 5.5803943338530533e-07
0.82934424777707771 1.3539518970971602e-06
0.92168017364576316 1.5897646689772058e-06
0.63011102455106416 1.0842876446451132e-06
0.62535039858776409 1.079373678131082e-06
0.14901771298548183 6.9815985359365585e-07
0.56831773821083187 1.025686036197549e-06
0.3751743939380624 8.7309396989221113e-07
0.22904976152019574 7.6362071414884608e-07
0.58332955585553137 1.0397079272626808e-06
0.0011904670623462676 4.6093974790986255e-07
0.27641279154215848 7.9996369258636054e-07
0.65604202428843772 1.1110538861787107e-06
0.45504061050734179 9.333184128637213e-07
0.14564054050444886 6.9523512836978471e-07
0.0013181117499577732 4.6685526094547887e-07
0.2704393140699658 7.9543307438105593e-07
0.54905930595512764 1.0093184026151277e-06
0.5345455651136255 9.97031688237174e-07
0.13107189937191988 6.8261828027063154e-07
0.61369714301668699 1.0680729799939844e-06
0.99892437822507496 2.3864813291613025e-06
0.58486690626110327 1.0411438999360815e-06
0.52763817570925442 9.9118418678075236e-07
0.62263312359291634 1.076568879258616e-06
0.87967089026073286 1.4667240368125833e-06
0.94599934469563518 1.6854418161955374e-06
0.041033515752658789 5.8429793508063329e-07
0.20499380291515379 7.4467572958119768e-07
0.11576406400596428 6.6868329000771859e-07
0.77235378570263991 1.2559911956491833e-06
0.045562858951945895 5.9050440581481943e-07
0.90263494699113056 1.5288977756291068e-06
0.020555364903130813 5.4347358793110644e-07
0.6025468129491236 1.0576579378419874e-06
0.27557619398026711 7.9932917037345138e-07
0.47056352494106091 9.4541678093077769e-07
0.44188591400488253 9.2313651889174275e-07
0.74889327072398293 1.2217646998609106e-06
0.49664210105991824 9.6574210153328841e-07
0.42122083012655087 9.0761924734970003e-07
0.7302771025843543 1.1975757262479958e-06
0.92580691930485559 1.6043609118426534e-06
0.79392240152356663 1.2898027737664104e-06
0.73671703150255397 1.2059434671011618e-06
0.48772208113565152 9.5878994801404761e-07
0.90021579828133125 1.5218326301865429e-06
0.4863134574216883 9.5769208406380301e-07
0.93028578531553663 1.6202025995681033e-06
0.80292226242161002 1.3051050772350122e-06
0.15026023561012958 6.9923591271765602e-07
0.046992172727352122 5.9246296663185446e-07
0.74085568686606562 1.2113210412952746e-06
0.68583916160033842 1.1437847483576591e-06
0.60208887958197566 1.0572302020446834e-06
0.97623928001734617 1.8639821415729492e-06
0.54540304777196102 1.0062231702777715e-06
0.347899867101363 8.5314416017766223e-07
0.56496585082257922 1.0227842055160325e-06
0.028411752505456245 5.6156229487689358e-07
0.57926423457029985 1.035910686078739e-06
0.90243020504102311 1.5282630404650859e-06
0.0043300685181403287 4.8784753343279896e-07
0.84530381217811656 1.3866020880717066e-06
0.80192889409911317 1.3034160707382285e-06
0.10610312979608527 6.5931067997501049e-07
0.84683049312171743 1.3899712249916876e-06
0.76354526573340953 1.2429736003978448e-06
0.49104645755984544 9.6138092599985523e-07
0.24521393839977312 7.763007437111834e-07
0.28810041584785218 8.0882823818858917e-07
0.61227492547199025 1.0667445479576616e-06
0.24630399937549663 7.771275067021706e-07
0.32535567567396828 8.3665432950753949e-07
0.93083843115030729 1.6221573003151962e-06
0.7293286165062528 1.1963433080326392e-06
0.73607404971698098 1.2051080067997638e-06
0.95593642212167929 1.7335917105282045e-06
0.0057940198031264378 4.9447897592022735e-07
0.24448584337265111 7.7574851586728048e-07
0.65797396296039523 1.1130480529152589e-06
0.43827153393714136 9.2042250537515144e-07
0.11280494813237074 6.6581248698574711e-07
0.78123368607166133 1.2691142798086021e-06
0.047072534079926731 5.9257308422749011e-07
0.54385111218948812 1.0049093677617239e-06
0.56246433154251707 1.0206665259156653e-06
0.63596131961065383 1.0903263786774961e-06
0.31562630272181302 8.2953783065131706e-07
0.023600941231812222 5.5048578494570356e-07
0.88898328608068233 1.4912117515267348e-06
0.92920479482845586 1.6163791510233876e-06
0.48198872690406569 9.5432144243484615e-07
0.020640353481528262 5.4366926736626e-07
0.58087116022344898 1.0374116459885588e-06
0.3159298516629212 8.2975985993345355e-07
0.18248557683369682 7.2694964338528253e-07
0.16895265638120538 7.1542406858811236e-07
0.17925544033316754 7.2434656581608377e-07
0.33084100057931176 8.4066654166209952e-07
0.28062021569267404 8.0315483753375534e-07
0.83642483245318955 1.3678773037822576e-06
0.49531470739002426 9.6470754727758944e-07
0.42764749246504818 9.1244498457886513e-07
0.14583355711446833 6.9540228611820321e-07
0.87589079312116391 1.4574285979417574e-06
0.054822205793789047 6.0319230837884316e-07
0.23953135887448029 7.718753716905166e-07
0.6214722757353176 1.0753706402992649e-06
0.70231242801036864 1.1627852472150226e-06
0.80115657481914704 1.3021029099982373e-06
0.41029130147010728 8.9941233829541829e-07
0.34674008664141776 8.522958448384049e-07
0.28855161796292739 8.0917045501728698e-07
0.56809467107772638 1.0254776788144096e-06
0.34863561514536223 8.5368231922854219e-07
0.32809424067593307 8.3865743852597378e-07
0.016890853435396536 5.3503634203711547e-07
0.94831598754160773 1.6963741929052262e-06
0.060594244320540058 6.1110162030700827e-07
0.27087151831093947 7.9576088216332018e-07
0.92141962734069616 1.5888431202653113e-06
0.73534819526234541 1.2041648656485716e-06
0.57813980418744004 1.0348604041800408e-06
0.66081391319537286 1.1159794784176566e-06
0.097060052812795505 6.5053748762954717e-07
0.80864734365522217 1.3148393310653324e-06
0.25010676178260305 7.8001173363234445e-07
0.95621397787887052 1.7351258214626004e-06
0.23137460379401875 7.6545161607725909e-07
0.62536441623182548 1.0793881472857801e-06
0.54532449201216948 1.0061566683198104e-06
0.14310309396866872 6.9303762915139993e-07
0.36292716781681211 8.6413580053100206e-07
0.78129275473893267 1.2692015739289833e-06
0.21258807399910806 7.5065650760173756e-07
0.96285731484195303 1.7718449872946351e-06
0.29548363864760685 8.1442808581270853e-07
0.62672165948008574 1.0807891075638532e-06
0.618867039589865 1.0729019572892619e-06
0.47077824216516528 9.4558412888715808e-07
0.65536046416575922 1.1103503728916008e-06
0.74357694382677142 1.2148569146459429e-06
0.61900297134088844 1.0730289252721042e-06
0.55999461933397909 1.0185757728263389e-06
0.60662740807276361 1.0614694456592829e-06
0.40195592040195993 8.9315335709784065e-07
0.070873167131550119 6.2513213219192892e-07
0.15969837918278196 7.074096073478486e-07
0.60670404303969461 1.0615410270749063e-06
0.92717389241744219 1.609195877016213e-06
0.025740548571182242 5.5541206049370028e-07
0.54403519706219572 1.0050652061687176e-06
0.25206143300918971 7.8149426522065018e-07
0.56173990548451314 1.0200532576921353e-06
0.74965735773370168 1.2227575185966157e-06
0.73545313216959285 1.2043012157320791e-06
0.72488579781813389 1.1905705183152374e-06
0.77892346593943695 1.2657001409149126e-06
0.072610686820957615 6.2681779675802392e-07
0.50957783391795219 9.7589507120529586e-07
0.26177848537214821 7.8886421924532964e-07
0.921270561002413 1.5883158746688084e-06
0.78287922201947124 1.2715461209141392e-06
0.10754484735838976 6.607093704323959e-07
0.24324612903017995 7.7480089481880054e-07
0.4552202554981446 9.3345842595400897e-07
0.96290862180642556 1.772128572027319e-06
0.10967318412105187 6.6277418839527057e-07
0.56797236854212962 1.0253634412935632e-06
0.34128751317455841 8.483075885518806e-07
0.64634034173255728 1.1010397108209159e-06
0.64870672702270449 1.1034823177731787e-06
0.24059148668401853 7.7271026275934427e-07
0.78580940030606616 1.2760083820443873e-06
0.091262471334807915 6.449129311274996e-07
0.81813887108733296 1.3319142498403107e-06
0.21196685857949404 7.5016727677410788e-07
0.58957929849165269 1.0455455421673451e-06
0.34730972690277007 8.5271250522220422e-07
0.60977982662189467 1.0644139837914275e-06
0.26741784827437742 7.9314142634121262e-07
0.56896367195051067 1.0262893750301564e-06
0.0081982602135641791 5.0536976318294701e-07
0.37445445761720197 8.7256737624335515e-07
0.82638937906218912 1.3481405481142552e-06
0.46300658650550774 9.3952699631308959e-07
0.49926109898996573 9.6778331622012238e-07
0.62157683791399299 1.0754785704430328e-06
0.43420959883398236 9.173724258132696e-07
0.86707672772381361 1.4357543914122731e-06
0.4033246698481886 8.9418114178795847e-07
0.94255243424325064 1.6699186096839433e-06
0.8769380233242583 1.4600037868792714e-06
0.42108778265898517 9.0751934290729115e-07
0.36580087459863719 8.6623775829606504e-07
0.67662801890016833 1.133160485871196e-06
0.75530674867406244 1.2307983790298451e-06
0.18586157732458808 7.2960837248647511e-07
0.24104520318648237 7.7306758180359401e-07
0.14625251664849293 6.9576511671800967e-07
0.76069187818831852 1.238756746228591e-06
0.71440186497908487 1.1769481889023709e-06
0.1890538143183762 7.3212238082746535e-07
0.53687478615434303 9.9900350749197156e-07
0.7642393592033998 1.2439993604449916e-06
0.94702866274337283 1.6902992298756447e-06
0.17852265413103141 7.2371195260010834e-07
0.30432977988968923 8.2113749230911632e-07
0.34833978363907381 8.5346593482365923e-07
0.62497735913320929 1.0789886230139135e-06
0.13641885020898714 6.8724888829311136e-07
0.1934290692513928 7.3556806089976791e-07
0.78043683739198622 1.2679366638612229e-06
0.54205366585607051 1.0033877263083193e-06
0.16038623152845821 7.080053065953691e-07
0.38843274800822536 8.8299889852516263e-07
0.13449419533173279 6.8558208368115654e-07
0.36269000123684192 8.6396232627902391e-07
0.40019929521163566 8.9183431913814298e-07
0.11211041162539626 6.6513867846040847e-07
0.059833426186042038 6.1005908604143465e-07
0.88160189025753066 1.4714724577570899e-06
0.88764808964021891 1.4875718811700327e-06
0.0025788752126498782 4.7991493498582302e-07
0.64120409642413645 1.0957380262004478e-06
0.093679007538979842 6.4725734741060218e-07
0.81014164553131784 1.3173800659767674e-06
0.87956239215375154 1.4664572348009397e-06
0.61661515537022593 1.070798569414029e-06
0.61315545720294207 1.0675670146504378e-06
0.37148150905372423 8.7039282859720809e-07
0.24946896936286167 7.7952799631826948e-07
0.49927082915324639 9.6779089978938218e-07
0.13371722347655401 6.8490920446167873e-07
0.67222489486091375 1.1280818602243876e-06
0.47008689537971848 9.450453017288932e-07
0.17760150603093072 7.229142127457135e-07
0.58831425278928284 1.044363917566589e-06
0.79532783658572903 1.2921924100141549e-06
0.58879946166713093 1.0448171302414326e-06
0.52966141165654423 9.928969720974417e-07
0.84771747813081 1.3919286568664541e-06
0.010755385000829953 5.1695308985087717e-07
0.61674762783462944 1.0709223062265163e-06
0.40969218319456746 8.9896246443949362e-07
0.1935661486576693 7.3567601615854957e-07
0.97957785008609966 1.8925326947015892e-06
0.40381382914718933 8.9454844819303283e-07
0.33526281244222256 8.4390085277542415e-07
0.16900843974064672 7.1547237852766874e-07
0.99776595124548406 2.29092510355074e-06
0.85605135602967675 1.4103201720244661e-06
0.069972418674951187 6.2395234989621424e-07
0.56575387612718331 1.0234513141509466e-06
0.14740121087546587 6.9675991784203018e-07
0.71578141501294701 1.1787407113547093e-06
0.48408342926043701 9.559540276176429e-07
0.11038896419927591 6.6346860649155728e-07
0.55703889126428985 1.0160735794243922e-06
0.91067565110281234 1.5538253375698505e-06
0.34119468233315253 8.4823968791944141e-07
0.050805614761978979 5.9768845194905282e-07
0.9452071112646443 1.6817032190593157e-06
0.14179918800945057 6.919084103537522e-07
0.47505200088123367 9.4891504372261405e-07
0.54467712784828426 1.005608637411236e-06
0.23708746318125673 7.6995071065525195e-07
0.177418032038139 7.22755319169014e-07
0.11313888061485966 6.6613645347466303e-07
0.069955282353973414 6.2392886832947038e-07
0.50812654768034482 9.7469293759269295e-07
0.84202077683431642 1.3793569622104316e-06
0.1267587713666013 6.7888299155150696e-07
0.70061902844549839 1.1608320561661735e-06
0.4126207704235999 9.0116152075762958e-07
0.03522423897058613 5.7633759629676816e-07
0.53597231000472145 9.9823950964989862e-07
0.2520082661331764 7.8145394049899415e-07
0.60525409304050237 1.0601866913495628e-06
0.34932301083887118 8.5418511120606067e-07
0.66645231826295903 1.1217994974463006e-06
0.91850336293102897 1.5785283329971459e-06
0.24454456208145914 7.7579305140832106e-07
0.93984046898769757 1.6587532201557277e-06
0.2043088602503319 7.4413631111827884e-07
0.070694882223363065 6.2494232761979249e-07
0.19270098738807973 7.3499466867329642e-07
0.81491669951554835 1.3255771955434189e-06
0.67755624526454183 1.1342311153102315e-06
0.97083415326143119 1.8222991116774222e-06
0.70982731042493075 1.1714530190568091e-06
0.41263126503663394 9.0116940109148825e-07
0.8924309741328762 1.5006104715652495e-06
0.9581285182084599 1.7457079015595417e-06
0.79165492096010592 1.2859474168798638e-06
0.55663958583510098 1.0157355444676167e-06
0.82576578130556277 1.3469141165741828e-06
0.17904470733428157 7.2416406518254923e-07
0.90035002292938637 1.5221985391290691e-06
0.99955898248653596 2.4234808047149991e-06
0.66514016645534535 1.1204450810116455e-06
0.19588903958000847 7.3750538132327115e-07
0.14443666219532181 6.9419253629699303e-07
0.95941440560034708 1.7528152803732939e-06
0.87135282136832548 1.4462695093076346e-06
0.74867885156476699 1.2214860936866713e-06
0.94911925361541127 1.7001648537454154e-06
0.50340375286839123 9.7101204956202254e-07
0.8877464030023644 1.4878398925889493e-06
0.16282031398837915 7.1011328965145962e-07
0.18280971810736246 7.2720491699662166e-07
0.51234304566038991 9.782359816049596e-07
0.33250966084452427 8.4188707446798576e-07
0.43251926801465768 9.1610316784781577e-07
0.79819698630053326 1.2970707742611321e-06
0.053407470942259061 6.0125372477713327e-07
0.72084383428022969 1.1853185809332043e-06
0.088229268453365539 6.4197025217531553e-07
0.84750105028042022 1.3914510357470469e-06
0.20189980653567507 7.4223908946953332e-07
0.73493892034799557 1.2036330730675536e-06
0.59187939898768904 1.0476939667857102e-06
0.38562210707284761 8.8088840728020971e-07
0.26753625041891527 7.9323122912595356e-07
0.0574593162664091 6.0680588947680642e-07
0.35338020691300709 8.5715272601156164e-07
0.20052875660117597 7.4115933537296965e-07
0.13591250395198229 6.8681037836263184e-07
0.73849812258913416 1.2082577331183331e-06
0.21251499101320048 7.5059895196394707e-07
0.22315804771616843 7.5898076489856331e-07
0.34048145175404365 8.4771799915024619e-07
0.46265315962176923 9.3925153975868298e-07
0.51371274428970015 9.7939551008393621e-07
0.66454626884041312 1.1198320538561752e-06
0.58852204783792728 1.0445580099546614e-06
0.48168387972664173 9.5408384830441238e-07
0.39394021463747031 8.8713441792096544e-07
0.26578621192923446 7.9190390240910544e-07
0.70994261368303946 1.1715860114682359e-06
0.31750132039374768 8.309093025008739e-07
0.84958139352589535 1.3960420154562919e-06
0.58616245588798666 1.0423540169364066e-06
0.63394427852818058 1.0882443683676947e-06
0.50879023087773334 9.752283200414121e-07
0.92855606465204787 1.614084601276147e-06
0.4215955686177445 9.0790063594504006e-07
0.42696845341881262 9.1193509875744169e-07
0.89301449577183001 1.5022012061206718e-06
0.60490692096017151 1.0598624128906531e-06
0.44914871572414039 9.2872634273385574e-07
0.2621511145167309 7.8914684195448561e-07
0.24504444505191769 7.7617219051063201e-07
0.80143431375523599 1.3025751445731074e-06
0.27946607762372011 8.0227947490436914e-07
0.0057376903033656834 4.9422381316867947e-07
0.019460639298323645 5.4095306938571985e-07
0.97840261159656461 1.8818586944705056e-06
0.55983793662294434 1.0184431319214564e-06
0.48902463185939538 9.598051399839029e-07
0.91787606910833019 1.5763096033393263e-06
0.35168739899029278 8.5591453052814856e-07
0.794997559655233 1.2916308460215127e-06
0.72180981278013878 1.1865737279790243e-06
0.47709648232183799 9.5050848734303143e-07
0.77463189745869099 1.2593578834561228e-06
0.96577838759263723 1.7900100980032943e-06
0.20060737578707066 7.412212509793252e-07
0.017509414501021503 5.3646052964222444e-07
0.82145440626429944 1.3384349226138137e-06
0.40358707284481365 8.9437817842115336e-07
0.54440249351500813 1.0053761436904101e-06
0.22246232073253203 7.5843285337341106e-07
0.8417887618528771 1.3788449428240413e-06
0.72120624907271136 1.1857894856750673e-06
0.95336662819479812 1.7202084694498117e-06
0.47525187159968418 9.4907082049558825e-07
0.97656501276082763 1.8665307535234616e-06
0.51085539297389859 9.7697659824872334e-07
0.62142209086277245 1.0753188389636635e-06
0.67412743982169043 1.1302762825358796e-06
0.48977145572017478 9.603872052904889e-07
0.56278019096892451 1.020933919043201e-06
0.22330706470148998 7.5909812145597946e-07
0.36236305813290826 8.6372318545909283e-07
0.70199324509224814 1.1624170971153347e-06
0.038988960017934282 5.8149632019440047e-07
0.70041311996727496 1.1605945584102444e-06
0.3037756445424884 8.2071720518090356e-07
0.27183583637422215 7.9649227472210199e-07
0.69348846435261091 1.1526075625213203e-06
0.21494516272075626 7.5251280483725264e-07
0.96168343588931415 1.7653567034444835e-06
0.99067903371307164 2.0117362624685695e-06
0.45810040785145867 9.3570318117754487e-07
0.40141833584229303 8.9274968849246377e-07
0.07903745639873283 6.3305276365811579e-07
0.77821868379418102 1.2646585847012286e-06
0.16272399654623804 7.1002987606979905e-07
0.9330478604760809 1.6307874784156459e-06
0.99059273895521027 2.0106455691443834e-06
0.12240978008171155 6.751166442355943e-07
0.68300588209270741 1.1405168036339243e-06
0.46599199156772719 9.4185378419987499e-07
0.54114585421051986 1.0026192116628072e-06
0.17957467965478191 7.246230359406098e-07
0.72352089944491382 1.1887970335418672e-06
0.16661272096512003 7.1339761948843209e-07
0.88529997774373759 1.4811707085581167e-06
0.45397461434316078 9.3248758860018493e-07
0.63486809936754474 1.0891979456292978e-06
0.92179110704832901 1.5901570389024457e-06
0.73793950480253678 1.2075318914307008e-06
0.54084788344996937 1.0023669623173184e-06
0.40267764784335991 8.9369529734611079e-07
0.46213512199370421 9.3884778762027634e-07
0.34167305961053929 8.4858959447190954e-07
0.94618382525240519 1.6863123910214018e-06
0.25285784414764889 7.8209830781051629e-07
0.40934628259697237 8.9870273002316913e-07
0.77822392465107582 1.2646663298563813e-06
0.36434167262606409 8.6517043266060226e-07
0.8866108964381193 1.484744395508683e-06
0.24307264014704888 7.7466426570883491e-07
0.031344841709403881 5.6831549924277259e-07
0.62875111225186875 1.0828839293455326e-06
0.50825345773513042 9.747918497242237e-07
0.93305807989082257 1.6308295526074547e-06
0.42313232589596173 9.0905457657846345e-07
0.1355902579581939 6.8653130437644448e-07
0.32974553724634992 8.3986527074830142e-07
0.39321180996042315 8.8658746378166546e-07
0.58313181382580481 1.039523224965767e-06
0.27450049108917596 7.9851329735399774e-07
0.55031332017380508 1.0103799976028734e-06
0.90804586556596367 1.545672551327483e-06
0.42373034979857349 9.0950362867716734e-07
0.65156949393763119 1.1064372948845657e-06
0.22889858712579603 7.6350165854952666e-07
0.80132704504602237 1.3023927574940552e-06
0.269670630360059 7.9485006181820006e-07
0.57980279350555675 1.0364137307400222e-06
0.30024746973268501 8.1804124078676235e-07
0.067402350061847027 6.2043063495207136e-07
0.31966274056103072 8.3249026195467697e-07
0.21203066071134924 7.5021752338548699e-07
0.89267376840262902 1.5012723514493388e-06
0.26616211463814321 7.921890079718757e-07
0.97442318176892195 1.8497725486110358e-06
0.49234581172486525 9.6239362661126413e-07
0.22106496656764918 7.573323836925355e-07
0.39134413316569561 8.851850379242535e-07
0.18343111749758734 7.2769429270812164e-07
0.83368325384545383 1.3624854330797313e-06
0.11996926930647533 6.7276299374370557e-07
0.87352775149541328 1.451617766058245e-06
0.045917048452088216 5.9098974478567409e-07
0.29960793152933296 8.1755617937310793e-07
0.13988672024277682 6.902521601182534e-07
0.6852655459207373 1.14312313190628e-06
0.51232173099304101 9.7821793751607596e-07
0.93933957284787084 1.6566909885313021e-06
0.36618076108064912 8.6651562427242624e-07
0.040749093500493494 5.8390819681030455e-07
0.76165906319513343 1.2401860922476565e-06
0.57950064967571735 1.0361315112268172e-06
0.82743530524441389 1.3501975742097426e-06
0.42613857207360817 9.1131194647521374e-07
0.73818116135645062 1.2078458885950027e-06
0.17106570614946814 7.1725402841137923e-07
0.99952655483184105 2.4215901678409477e-06
0.17364697486910896 7.1948947885885361e-07
0.82980062765886597 1.3548494607515063e-06
0.21243816896272616 7.5053845167025324e-07
0.78250798459416793 1.2709974908875707e-06
0.86125241702747302 1.4217980690298592e-06
0.87664090620976798 1.4592731617463056e-06
0.47571844691317644 9.4943446354069643e-07
0.42881297311662603 9.1332013610759859e-07
0.83379113013073636 1.3626975936869346e-06
0.57948922295081406 1.0361208380161763e-06
0.6212768314885283 1.075168900760917e-06
0.2360671212086215 7.6914715244987468e-07
0.44615701420260667 9.2639464746433435e-07
0.369448888066787 8.6890607862885915e-07
0.66532155908803414 1.1206323163310754e-06
0.19648328001919602 7.3797336832535713e-07
0.40575192672228866 8.9600375253754239e-07
0.84873205899815762 1.394167672079695e-06
0.54644567708853231 1.0071058158172427e-06
0.89604397732481189 1.5104598561340348e-06
0.23252744395668068 7.6635952165895627e-07
0.43990333659826952 9.2164781494296314e-07
0.50041622319510515 9.6868360577957447e-07
0.40056740730618634 8.9211073201711723e-07
0.68449356234753034 1.1422327151160984e-06
0.14871981159347036 6.9790186270917018e-07
0.51940039017185768 9.8421042866352004e-07
0.13877235047600922 6.8928708493068461e-07
0.62919748878755477 1.0833446837433617e-06
0.830248133274467 1.3557295713604695e-06
0.019997046693564058 5.4218810470566571e-07
0.45693622170393444 9.3479582885195827e-07
0.49270359181029522 9.6267247599738141e-07
0.72025421065313722 1.1845524517142204e-06
0.074719931975035792 6.2886409288871692e-07
0.406020781270096 8.9620563359683073e-07
0.78548123117255586 1.2754504019014837e-06
0.5321445615108743 9.9499910092494338e-07
0.74984618811326131 1.2230028759136651e-06
0.36400978027165809 8.6492767173735115e-07
0.9200876818858551 1.5841320474373666e-06
0.077345258219514879 6.3141106801178268e-07
0.091164405802797499 6.4481779229628345e-07
0.52848590490904634 9.919018381885763e-07
0.47082384903565255 9.456196743195508e-07
0.63846752746490154 1.0929133119018064e-06
0.22905613473921804 7.6362573330181377e-07
0.2260282909768756 7.6124119089830272e-07
0.74910956776970372 1.2220457460725825e-06
0.29176520070467316 8.1160781525540337e-07
0.72729173516000223 1.1936966801784242e-06
0.64070698507957979 1.0952249028171516e-06
0.08332715332917362 6.3721443742734747e-07
0.71112963973607402 1.1729551441346394e-06
0.87951537460592555 1.4663416164119047e-06
0.81664625734762231 1.3289787220131582e-06
0.0088618658897751112 5.083757804741341e-07
0.5397139061386238 1.0014069854589922e-06
0.91333721177342164 1.5620766321771563e-06
0.59872567419916634 1.0540887770271697e-06
0.29032607065310156 8.1051629882434554e-07
0.19454464199979737 7.3644661697186651e-07
0.68494752935496195 1.1427563270939107e-06
0.77125393471287296 1.2543657903516324e-06
0.91258476491740037 1.5597439178588495e-06
0.90571658353310525 1.5384513774918255e-06
0.33928016611571599 8.4683932506578102e-07
0.60387693150578403 1.0589003441878833e-06
0.10151918585899378 6.548635408059824e-07
0.094462550163797454 6.4801750572519991e-07
0.071468566800546585 6.2570976255250016e-07
0.92714424608791213 1.6090910183547795e-06
0.15243242622749353 7.0111709015983311e-07
0.48232619848862857 9.5458446362585042e-07
0.43307236479440725 9.1651848447420511e-07
0.32477110962665445 8.3622675173582153e-07
0.53773065235143636 9.9972804733488795e-07
0.0027908904735886031 4.8087532692221558e-07
0.38014933831959741 8.7677894228452035e-07
0.47934406046965405 9.5226022203227809e-07
0.80330438620530054 1.3057547955103105e-06
0.70096342930164535 1.1612292929928486e-06
0.84976180401795731 1.3964401521148425e-06
0.37629823526512118 8.739159977410684e-07
0.14090552779738852 6.9113447577431713e-07
0.40105646393305305 8.9247796132638141e-07
0.96305963392500749 1.7729632487952853e-06
0.21432759405726853 7.5202644596910984e-07
0.17475536297406324 7.2044937376105495e-07
0.9443372761590757 1.6775984149606091e-06
0.94992308481021281 1.7039581814255313e-06
0.14923685442991563 6.9834963617471463e-07
0.76945286155119907 1.2517040899163017e-06
0.42974250418577042 9.1401811469271351e-07
0.49221571600492164 9.6229223161159777e-07
0.49868814645814619 9.6733676408298974e-07
0.96837156111834366 1.8065715885699437e-06
0.18466111425008858 7.2866296204601741e-07
0.77306373525281824 1.2570403884676562e-06
0.0056741083596083541 4.9393579811818576e-07
0.6286101069088057 1.0827383821970162e-06
0.65267797669905958 1.1075814820593261e-06
0.75370620945068778 1.2284330359453583e-06
0.92596236280612543 1.6049107133772817e-06
0.75383510565563916 1.2286235240899445e-06
0.73214398583950879 1.2000014665753617e-06
0.25378751632097496 7.8280342299560641e-07
0.99283970917147946 2.0924651335350588e-06
0.46840881092392583 9.4373742339969968e-07
0.41745010227922308 9.0478783334419112e-07
0.50187757327709348 9.6982256401078857e-07
0.39405645575368342 8.872217025879549e-07
0.59363757122595451 1.0493361996040257e-06
0.34962458978502642 8.5440569954571299e-07
0.23994484894459589 7.7220101088560466e-07
0.92799490179573951 1.6120997759405468e-06
0.92782847997081197 1.6115111442255292e-06
0.49624541278068868 9.6543292758077472e-07
0.96214734394430346 1.7679208239906233e-06
0.41571715984435742 9.0348657860518971e-07
0.38737886846661851 8.8220754751415308e-07
0.91690613571417445 1.5731409085588314e-06
0.63291700302317377 1.0871840041485348e-06
0.76251736999688224 1.2414545335505846e-06
0.41274383156402128 9.0125392653461236e-07
0.40700166447601516 8.9694217215369754e-07
0.08330370487810046 6.3719168877975242e-07
0.96674388461377325 1.7961763146676097e-06
0.22795896684210604 7.6276167175181809e-07
0.49426706363393103 9.6389102665457822e-07
0.11461027184607053 6.6756393200997741e-07
0.6469536133543663 1.1016727360232334e-06
0.39087545024776704 8.8483310709506199e-07
0.76766187409242759 1.2490572945500028e-06
0.52837865448796495 9.918110445534181e-07
0.12947931518493772 6.8123905810505808e-07
0.010740508594946019 5.1688570234211872e-07
0.21244868230030445 7.5054673132443147e-07
0.72434649482045566 1.1898697733562125e-06
0.82851412760086351 1.3523192973077264e-06
0.34133503565961443 8.4834234862451928e-07
0.53592507123285449 9.981995193190918e-07
0.24001329045855602 7.7225491118727414e-07
0.88044324091996073 1.4686232838622273e-06
0.96520714590918189 1.7863618216122088e-06
0.75294002372693991 1.2273007349828873e-06
0.088886720591831114 6.4260808309053966e-07
0.43711858061891895 9.1955676053620035e-07
0.99050568174997677 2.009545239125229e-06
0.22938482931326476 7.6388459281080378e-07
0.67047167017547882 1.1260596660339251e-06
0.93856348142765655 1.6534957547433857e-06
0.7732033882633873 1.2572467734646329e-06
0.60886015566427887 1.0635549588359781e-06
0.50670515889556256 9.7358512470368249e-07
0.92881436233703318 1.6149981966496158e-06
0.39473336710769535 8.8772999073969612e-07
0.90126899988455311 1.5247037562463668e-06
0.43105292900757075 9.1500210381731758e-07
0.75654502375882793 1.2326283531820978e-06
0.91571389926747671 1.5694447710738202e-06
0.55064290862821952 1.0106590131403483e-06
0.30987984833425797 8.2533461670551911e-07
0.050986719658674295 5.9793661646026359e-07
0.80925996350477514 1.3158809577032271e-06
0.6220099206934171 1.0759256028905095e-06
0.26304564782549578 7.8982530586647123e-07
0.87741165316158964 1.461168465203071e-06
0.92030276377580134 1.5848927891357792e-06
0.88716607951287585 1.4862578764880421e-06
0.60151789835618352 1.0566968731209126e-06
0.97658160716929343 1.8666605921981848e-06
0.87480563120176802 1.4547601331075858e-06
0.10426040494565936 6.5752295002618611e-07
0.98110597595934435 1.9064117635624056e-06
0.54880637266985077 1.0091042800765752e-06
0.92003590355797182 1.5839489082009356e-06
0.7603414348326818 1.238238846538503e-06
0.64756667535541867 1.1023055448528747e-06
0.32667238165636359 8.3761742719777885e-07
0.027030023584334151 5.583809740462744e-07
0.27673625244208355 8.0020902335871665e-07
0.68582032287359551 1.1437630195033417e-06
0.86311490687157999 1.4260120852784948e-06
0.0023465971154795762 4.7886275595618487e-07
0.20797377378682225 7.4702257025808377e-07
0.67306771540208687 1.1290539813769826e-06
0.28363510432040628 8.0544149708296362e-07
0.14170285405361549 6.9182498247077358e-07
0.081936098223523213 6.3586489743918177e-07
0.63787899682455595 1.0923058245920632e-06
0.59485981702834478 1.0504778466651318e-06
0.85861357214966927 1.4159745669149111e-06
0.31483766724526474 8.2896098736507137e-07
0.13671861833555277 6.8750849582159939e-07
0.79915508869018448 1.2986998187193219e-06
0.98818592485233303 1.9802254585881567e-06
0.36038954061821871 8.6227966641577027e-07
0.86534961423993018 1.4315073371119045e-06
0.76254547076086232 1.2414960620222261e-06
0.91158529475874817 1.5566453889313228e-06
0.42437247658092936 9.0998579732961018e-07
0.10130150482382427 6.5465235631700475e-07
0.11835620636492872 6.7119807159633504e-07
0.76319842045804209 1.2424610180996443e-06
0.86333183949836789 1.4265455329378912e-06
0.45701674093705102 9.3485858454921356e-07
0.05957088923714593 6.0969933677575236e-07
0.066706040359789665 6.194764953345593e-07
0.59860035006242374 1.0539717171590825e-06
0.91862435021497013 1.5789562633630856e-06
0.39958351370591649 8.9137193297551873e-07
0.65061981519915579 1.1054570268366386e-06
0.5420077689567715 1.003348871949634e-06
0.88975784445206152 1.4933232700794207e-06
0.83238761164223529 1.3599372897520957e-06
0.19934856016940372 7.4022988568635303e-07
0.6775430985597185 1.1342159517146364e-06
0.84750318580953821 1.391455748513015e-06
0.93024938181253902 1.620073840876679e-06
0.58992714052522199 1.0458704464006648e-06
0.17591123516051665 7.2145039119746882e-07
0.55823208408444558 1.0170836856085372e-06
0.66581901165835067 1.1211457919310696e-06
0.27248906152006747 7.969877170756902e-07
0.97300148212568971 1.8386488259479277e-06
0.22932625130807394 7.6383846039834971e-07
0.91135252173103831 1.5559237526186595e-06
0.42518075752464268 9.1059273001663446e-07
0.00055416483290393614 4.3145121843565566e-07
0.54328907334997856 1.0044335696359489e-06
0.62828586591734659 1.0824036973495213e-06
0.86936335320829761 1.441377312365547e-06
0.54056323847026344 1.0021259940099083e-06
0.094129382152731589 6.4769428089256421e-07
0.92681355930627785 1.6079213837380946e-06
0.56535479092547325 1.0231134656293677e-06
0.27153119197217901 7.9626121543034676e-07
0.89885861648849386 1.5181328257033239e-06
0.12091347236703431 6.7367901768984313e-07
0.097482839013361633 6.5094765605622632e-07
0.5350090938005817 9.9742409186659074e-07
0.62488422780620956 1.0788924919114466e-06
0.51095916739147318 9.7706444924747003e-07
0.92899204711243233 1.6156266652661645e-06
0.26282083472609752 7.8965479508348659e-07
0.99023507587606174 2.0061250079607953e-06
0.019349334445987409 5.4069679882506694e-07
0.11853399466015269 6.7137055391774554e-07
0.18567630602741203 7.2946246427622852e-07
0.079575727054526646 6.3357496998301191e-07
0.4382178664290145 9.2038220680673074e-07
0.86537217571211966 1.4315628168463742e-06
0.82075932688013042 1.3370679079468416e-06
0.7447568560476171 1.2163900371103257e-06
0.0074094019354576934 5.0179637357931376e-07
0.8657060267562281 1.4323837724615057e-06
0.39649909195521482 8.8905586157035955e-07
0.73163775452387891 1.1993436934050748e-06
0.72691868446372854 1.1932119556432372e-06
0.17752102721853613 7.2284451585758602e-07
0.51539484758432597 9.8081950703696042e-07
0.92618095894607422 1.605683884929813e-06
0.26304863008187995 7.8982756777590843e-07
0.71502784800153485 1.17776156181019e-06
0.9580510392938707 1.7452796587759683e-06
0.3606311756293924 8.6245640907833419e-07
0.38763367269165216 8.8239887828121819e-07
0.45256250920857355 9.3138701127364203e-07
0.80903924166944374 1.3155056682910185e-06
0.43928472173616095 9.2118330123221329e-07
0.4862459560073753 9.576394742939759e-07
0.22231748977027721 7.5831879346875766e-07
0.98834506535219069 1.9822368609618823e-06
0.89235415396989826 1.5004010526171855e-06
0.60025431302845755 1.0555166125930925e-06
0.96056007145991873 1.759147624332284e-06
0.68699776674738 1.1451210999484457e-06
0.95910563251916281 1.7511086245111151e-06
0.16153586673962972 7.0900092263785664e-07
0.2254574069030808 7.6079159792445673e-07
0.88518246363839403 1.4808503541176975e-06
0.41987439162662055 9.0660821579806976e-07
0.3711577041025681 8.7015598316267971e-07
0.75433535638401061 1.229362815313541e-06
0.63032566016935965 1.0845091937122219e-06
0.34407159976724266 8.5034399409927741e-07
0.39786058755272691 8.9007819939459852e-07
0.40838375830015416 8.9797997704682125e-07
0.12633132806904424 6.785128137767084e-07
0.22955392947017839 7.64017765631547e-07
0.53753028160250371 9.9955842199923415e-07
0.78182715227849953 1.2699913287229433e-06
0.41904828442922093 9.0598789749787032e-07
0.38335279958595914 8.7918439965586315e-07
0.65051615353051717 1.1053500262084847e-06
0.1572538638802129 7.0529258916008463e-07
0.3807503244171031 8.7723021867531043e-07
0.20813623619699384 7.4715051560019461e-07
0.6516462343279148 1.10651650709553e-06
0.11236401491607739 6.6538471312899522e-07
0.44782281960244286 9.2769295564875174e-07
0.59618205709240846 1.0517128940510691e-06
0.83367544287824025 1.3624700712275641e-06
0.72455127642610495 1.1901358569464717e-06
0.94286312101386283 1.6711977333039988e-06
0.67987840725294535 1.1369095298461859e-06
0.34918963490017985 8.5408755407470043e-07
0.231723882514422 7.6572668638630331e-07
0.056582403658840263 6.056042732168216e-07
0.27758761670996657 8.0085474546436991e-07
0.13684868884670076 6.8762114049905447e-07
0.36922477774168183 8.687421543060768e-07
0.70257813925260548 1.1630917223262025e-06
0.69203402421314586 1.1509299906591191e-06
0.31816642936394202 8.3139579297142395e-07
0.50855237061608793 9.7502695768220948e-07
0.21677156980179912 7.5395117004783079e-07
0.50297671853401826 9.7067922426838482e-07
0.51008187623011414 9.7632177194300153e-07
0.30129683891840187 8.1883714085653353e-07
0.25946779624058969 7.8711166383770109e-07
0.97957446398168191 1.8925019407059879e-06
0.53712351109875367 9.9921406742851862e-07
0.56207663157731602 1.0203383156500425e-06
0.00779409036806189 5.0353894468981204e-07
0.18184078163545014 7.2644184258296841e-07
0.35662196182002281 8.5952389064893125e-07
0.96598074251876864 1.7913024523972516e-06
0.17524173428705758 7.2087058483489589e-07
0.30328971132686766 8.2034864635005476e-07
0.99015699378497923 2.0051381158529456e-06
0.48110864233589612 9.5363551537641164e-07
0.31840777547022647 8.3157232431602067e-07
0.63435892048682008 1.0886723660124948e-06
0.49630228451644387 9.6547725271022884e-07
0.95744909164145797 1.7419525634029691e-06
0.083195047992045246 6.3708627468643188e-07
0.79054792051766132 1.2840652037098973e-06
0.27908637846298501 8.0199148990096475e-07
0.80666933099023164 1.3114761512998537e-06
0.84772034058286638 1.3919349738332999e-06
0.84922285802339847 1.3952507858259955e-06
0.86669569888842202 1.4348174233618148e-06
0.71812750678309067 1.1817891126957283e-06
0.14240414671486024 6.9243232140509749e-07
0.051902593498776906 5.991916205380509e-07
0.34076524378085782 8.4792557734096411e-07
0.49506985861107744 9.6451671515897433e-07
0.30262090073955261 8.1984138312910926e-07
0.742206933925596 1.2130767881934737e-06
0.72244347776792472 1.1873970824714215e-06
0.9719245011137444 1.830222265424162e-06
0.40057309049940948 8.9211499948842237e-07
0.78572766080976342 1.2758694018321413e-06
0.74119997074030686 1.2117683875744289e-06
0.98874951724229365 1.9873487934525963e-06
0.77361525120936481 1.2578554415664807e-06
0.28357453070206218 8.0539555467516034e-07
0.015272399127733927 5.3130997985154931e-07
0.96816615447877785 1.8052597441870772e-06
0.71606904384474701 1.1791144427354391e-06
0.81260662793584826 1.321571231732128e-06
0.79324415442875229 1.2886495622902416e-06
0.73576108999316914 1.2047013616489245e-06
0.75147446858417533 1.2251348769575132e-06
0.92945818477386855 1.6172753877892169e-06
0.91411128192847368 1.5644763824314291e-06
0.37922674583998295 8.7608617383929582e-07
0.030961523632847876 5.6743293989045748e-07
0.038681593496066702 5.8107514183835537e-07
0.44663836452346872 9.2676980596796788e-07
0.83497952990040725 1.3650348230054363e-06
0.8476112266155218 1.3916941770267325e-06
0.40438958122992441 8.9498077653301427e-07
0.30161162534796726 8.1907589242715726e-07
0.50660144443154587 9.7350429092952821e-07
0.83254320686993755 1.3602432993435529e-06
0.63649611967716802 1.0908784047427259e-06
0.13980581365953482 6.901820927686838e-07
0.36223394365855777 8.6362874535349137e-07
0.55542591519153794 1.0147081026310003e-06
0.53826243128717199 1.0001782287158944e-06
0.83063402008870746 1.3564884960917625e-06
0.93217176384065692 1.6271805147280256e-06
0.10046309417525578 6.5383896747845259e-07
0.22440759034588831 7.5996482735998193e-07
0.3921569106394216 8.8579534702521417e-07
0.29639808145102786 8.1512165019495915e-07
0.40829049495844283 8.9790994623510161e-07
0.040721228615231975 5.8387001410096294e-07
0.066013270162814996 6.1852720583189667e-07
0.83836147793707438 1.371686110145232e-06
0.10258178411188701 6.5589442651842434e-07
0.82407511199474948 1.3435890722734605e-06
0.30651200180303506 8.2279261101922169e-07
0.30922336988885579 8.2484906367482905e-07
0.10074702812680714 6.5411442760944237e-07
0.013263381483498704 5.2668437667933191e-07
0.35528860844538523 8.5854861631088193e-07
0.83535690629398318 1.3657770102674049e-06
0.91995546453806187 1.5836643964894186e-06
0.061585556130329566 6.1245999556478971e-07
0.030908063805608732 5.6730985289459502e-07
0.15880062013033347 7.0663212305872765e-07
0.76628980868569585 1.2470295995245516e-06
0.20488276602347477 7.4458828379556785e-07
0.23081037439446594 7.6500726391309703e-07
0.88894269789128932 1.4911011043268721e-06
0.87494903875853469 1.4551127791186064e-06
0.67028921942016872 1.125849224747934e-06
0.16401378048147897 7.1114686480221613e-07
0.38114918965157185 8.7752972387879139e-07
0.23617740615910521 7.6923400605314453e-07
0.6718455818431287 1.1276443552158717e-06
0.7799310541806278 1.2671891965053692e-06
0.14213372201755559 6.9219812610183517e-07
0.89795583290701886 1.5156717532370221e-06
0.46282590718383665 9.393861770780795e-07
0.79500585449494832 1.2916449495899995e-06
0.05163760854196231 5.9882851681481614e-07
0.36058118701943764 8.6241984517156269e-07
0.014780947697325186 5.3017845206133185e-07
0.7184847314356495 1.1822532736137981e-06
0.079450970231185192 6.3345393644436072e-07
0.33828579102644452 8.4611199461804757e-07
0.78174868063880665 1.2698753600871454e-06
0.74896647843291397 1.221859822515923e-06
0.64028962037284265 1.0947940947240866e-06
0.69402063884138887 1.1532213801160984e-06
0.65123132510357273 1.1060882335763548e-06
0.64127595900683032 1.0958122034888321e-06
0.34965464004139968 8.5442767964825004e-07
0.028165704076855591 5.6099578795988365e-07
0.44182584981577999 9.2309141709889522e-07
0.045459651590344707 5.9036298277815675e-07
0.46886739512364184 9.4409483826928427e-07
0.46407897672975662 9.4036280402818544e-07
0.17872153726381923 7.2388419092028107e-07
0.78426163036918606 1.2735891011686565e-06
0.70420934191043116 1.1649731745813102e-06
0.55953954070094425 1.0181905226524059e-06
0.92590858012168731 1.604720484759173e-06
0.28718711321021084 8.0813553857160515e-07
0.2620322214649935 7.8905666683836719e-07
0.18343581555238897 7.2769799260539769e-07
0.54443978778169988 1.0054077154269995e-06
0.2053571826985805 7.4496190501499539e-07
0.86889557840161813 1.4402270318409315e-06
0.30430977048380392 8.2112231606060724e-07
0.49093101023606045 9.6129094777949784e-07
0.52951076493016236 9.9276944099989481e-07
0.30764654743549846 8.2365311365292477e-07
0.73841962106968817 1.208155731934834e-06
0.69207293623375654 1.1509748723349659e-06
0.76081102822124458 1.2389328310769234e-06
0.60592046979099401 1.0608091251164044e-06
0.46018229225987772 9.3732577620979007e-07
0.44891709654251621 9.2854582160023451e-07
0.71653456161846552 1.1797193146435761e-06
0.377035241055516 8.744550767639578e-07
0.437259781112186 9.196627870303968e-07
0.16367111922203437 7.1085011062860794e-07
0.67963045632138008 1.1366235397289485e-06
0.076924749234793199 6.3100310883895069e-07
0.99051216088048177 2.0096271298977798e-06
0.14373757716961566 6.9358710923639827e-07
0.38297839611842632 8.7890326262752123e-07
0.23778063289828133 7.7049660823544811e-07
0.29065812598384155 8.1076814809198281e-07
0.3224532493040646 8.3453136495028983e-07
0.71833663905437894 1.1820608493363655e-06
0.17674927315444888 7.2217615539020156e-07
0.26385654217933996 7.9044033333400719e-07
0.10120609027044414 6.5455978934771908e-07
0.33145999871407672 8.4111930460373218e-07
0.94124174336052202 1.6645223848514972e-06
0.38010898268333726 8.7674863951053741e-07
0.77733830404653259 1.2633575230856115e-06
0.46170393800009413 9.3851172813340671e-07
0.44959968431203157 9.2907782208950665e-07
0.82397094400341464 1.3433842047788591e-06
0.026819453573774465 5.5789615336208891e-07
0.86488649920947991 1.4303685151989307e-06
0.485208451600186 9.5683085615445287e-07
0.35112718518405917 8.5550476507554372e-07
0.90683495095890088 1.5419185083415392e-06
0.33985935177353543 8.4726296737980083e-07
0.97769735508619615 1.8754532642351291e-06
0.93635649928295472 1.6444094232437637e-06
0.26792321221674198 7.9352472251806102e-07
0.34060271982368151 8.4780670004424192e-07
0.81216754601705143 1.3208246685524163e-06
0.19561008226472643 7.3728569180185898e-07
0.7319515640715224 1.1997514427770449e-06
0.12915114700852326 6.8095485534413271e-07
0.20560552674596599 7.4515748542076639e-07
0.50050580958866775 9.6875342830985692e-07
0.74588172681642295 1.2178516412997864e-06
0.73942864355118232 1.2094668083065471e-06
0.60892227224674522 1.063612979255177e-06
0.27211267389590588 7.9670224372616877e-07
0.41537786414341948 9.0323180376103713e-07
0.24621426658416035 7.7705944835258552e-07
0.27701742504079685 8.004222803267882e-07
0.32322402069856615 8.3509514164734452e-07
0.59884771103352241 1.0542027663679525e-06
0.20759488855116581 7.4672418368948888e-07
0.042569519184097571 5.8640269065453965e-07
0.69245465179916277 1.1514151484759455e-06
0.021806400605820286 5.4635399803179546e-07
0.97078481785906845 1.8219840275564666e-06
0.35028551024667065 8.548891263536352e-07
0.0065813723191826545 4.9804554468594155e-07
0.88458531141452057 1.479222461313129e-06
0.59980453333682793 1.0550964927922391e-06
0.81739229484100673 1.3304459561432378e-06
0.43502471563596545 9.1798449149997666e-07
0.35418188301393339 8.5773910779416554e-07
0.65518944304793025 1.1101738431552421e-06
0.40600087489112846 8.9619068603166821e-07
0.55620859802092137 1.0153706885541044e-06
0.27782287811474393 8.0103318082441792e-07
0.33264540673077503 8.4198636508506787e-07
0.082190763221721364 6.361119621293285e-07
0.78137198671836539 1.2693186662263069e-06
0.34885082697389713 8.5383973479264328e-07
0.97499914543112454 1.8542790279316634e-06
0.25975882411879181 7.8733239559895272e-07
0.47505268026952574 9.4891557322946989e-07
0.30553220053839114 8.2204947513767857e-07
0.69392537491567374 1.1531115013545556e-06
0.80836591962042059 1.3143608307826416e-06
0.48701073051787758 9.5823553011557227e-07
0.36692755740621197 8.670618645309541e-07
0.74475131906384628 1.2163828426139438e-06
0.19145504406402525 7.3401344080231769e-07
0.59946633821213202 1.0547805993202103e-06
0.73362446027291961 1.201925125447358e-06
0.26926961137907268 7.9454590667500453e-07
0.65569934011401942 1.1107001640902791e-06
0.73522614508692608 1.204006279389008e-06
0.1174166294840725 6.7028653576463372e-07
0.32390748433916983 8.3559505754537249e-07
0.40630604793418834 8.9641983840309596e-07
0.77595739705989786 1.2613167616075708e-06
0.56750513291254001 1.0249338535016976e-06
0.44956147313691053 9.2904804077087199e-07
0.31877244867089605 8.3183906261747363e-07
0.0040613672248837052 4.8663036371492424e-07
0.020220090963587012 5.4270164637909176e-07
0.24044622573625862 7.7259586422471186e-07
0.11669060583509261 6.6958217981016971e-07
0.11958659702777541 6.7239174206548647e-07
0.60273962406644632 1.0578380343864058e-06
0.60545532322019457 1.0603746517768371e-06
0.044772109437343 5.8942085716228472e-07
0.59393525180041329 1.0496142501829804e-06
0.14581859403370157 6.9538932767441883e-07
0.37722573480723942 8.7459441242031746e-07
0.98968385966758232 1.9991580976446715e-06
0.52200536322044888 9.8641568781481926e-07
0.034188013362345115 5.7486167560649993e-07
0.34765820167920825 8.5296739527114554e-07
0.67089815883676607 1.1265515840980031e-06
0.22459788463509001 7.6011469136795711e-07
0.96444923695857632 1.7815213811976346e-06
0.42529369789091553 9.1067753617284613e-07
0.021087306742710532 5.4469834166468144e-07
0.54056616461295881 1.0021284711575932e-06
0.67618962435253704 1.1326548353891355e-06
0.45599117705173564 9.3405927270517774e-07
0.92817083977386616 1.6127220661590716e-06
0.90193216746560634 1.5267190385546085e-06
0.13896007315275782 6.8944965798576641e-07
0.079948167344456866 6.3393629503938336e-07
0.31230899743079021 8.2711140508150952e-07
0.60813266226768647 1.0628754386473469e-06
0.60159531431533952 1.0567691840276715e-06
0.27164309972502321 7.963460925065073e-07
0.95110054677700051 1.7095146951560067e-06
0.30733171671553405 8.2341432848999418e-07
0.8041994361011563 1.3072766329343647e-06
0.83198018058470169 1.3591359938942216e-06
0.098435018927342521 6.5187141879188341e-07
0.23255291218085195 7.6637957885650184e-07
0.21519150795024367 7.5270681109772129e-07
0.91965131677479961 1.5825886300171676e-06
0.35110492393893522 8.5548848220446438e-07
0.83647133339150725 1.3679687573142655e-06
0.47801800217727497 9.5122670855334481e-07
0.45721904419402037 9.3501625721270918e-07
0.90342135759324416 1.5313357833859852e-06
0.44090140719442705 9.2239725939476845e-07
0.74485191723092625 1.2165135551424704e-06
0.42437750179036715 9.0998957072534675e-07
0.1018697365763126 6.5520362956952624e-07
0.053094794497448139 6.0082527033713987e-07
0.2082401769786979 7.4723237292867033e-07
0.72226803622710389 1.1871691219819322e-06
0.37364972010049469 8.719787552042226e-07
0.45410758138752538 9.3259122147469314e-07
0.10187639851754826 6.5521009268954196e-07
0.6230375997880595 1.0769863836989941e-06
0.80344821040195191 1.3059993372347015e-06
0.62468324400436193 1.0786850343880547e-06
0.98461408182530619 1.9408173143177132e-06
0.01634139151247116 5.3377124970654816e-07
0.01566982725052124 5.3222502646190073e-07
0.50000560311504028 9.6836357355330904e-07
0.26640805887705676 7.9237554578866649e-07
0.68651040535100383 1.1445589704093198e-06
0.7932101535531324 1.2885917512059561e-06
0.10243590878299969 6.5575290474202551e-07
0.91733820274623568 1.5744803904692043e-06
0.029922937806101113 5.6504167871432743e-07
0.68840392779449677 1.146742986021553e-06
0.38450076625728913 8.8004640005543186e-07
0.66743921280988228 1.1228181800300292e-06
0.097636321610896526 6.5109655806738286e-07
0.93708031943878878 1.647389451830676e-06
0.93740833984001837 1.6487399394689047e-06
0.51940081417611172 9.8421078760744914e-07
0.50958453406514459 9.7590074326432901e-07
0.63480818781370429 1.0891361043143854e-06
0.58006895054753771 1.0366623365476071e-06
0.54354656682751135 1.0046515526388963e-06
0.58919114888593316 1.0451829883702507e-06
0.85863017217866944 1.4160112004831832e-06
0.61106677958078426 1.065616071015147e-06
0.19583435479674471 7.3746231497151896e-07
0.91391204037920826 1.5638586994534834e-06
0.21596061858284576 7.5331251504428545e-07
0.16516169479102483 7.1214099049606999e-07
0.99705782906386131 2.2196243706899168e-06
0.21341669445302824 7.5130907780148291e-07
0.10009335865940738 6.5348026647397355e-07
0.56200721086930061 1.020279547037552e-06
0.8271937436749931 1.3497224943614608e-06
0.060750719863302161 6.1131603569441404e-07
0.49010417521827332 9.6064652276390995e-07
0.068502340456989108 6.2193793035781804e-07
0.42869111788928294 9.1322863584257999e-07
0.343960128770325 8.5026245922277837e-07
0.13712941813305646 6.878642598628108e-07
0.93102102343021587 1.6228031267079686e-06
0.63488697945236383 1.0892174338447757e-06
0.84305630057820713 1.3816421949512227e-06
0.90594452918150992 1.5391580481006189e-06
0.93018533098848755 1.6198472939894173e-06
0.7481146163693787 1.2207529530021677e-06
0.3069483152341973 8.2312353544032228e-07
0.82893261885535352 1.3531423452874493e-06
0.52018291148206985 9.848728778513785e-07
0.27165392182677051 7.9635430059156732e-07
0.38577380999391975 8.8100231997632348e-07
0.30122353077310859 8.1878153987382137e-07
0.4662040400030274 9.4201905213517536e-07
0.78133513812091215 1.2692642098444289e-06
0.48486734184253344 9.5656499941621173e-07
0.26785857809098146 7.9347570039514886e-07
0.087403074679030746 6.4116871560648418e-07
0.85575608712959883 1.4096685615116446e-06
0.41736860677634469 9.047266389229603e-07
0.44192254537461773 9.2316402513921236e-07
0.76372157023257181 1.2432341504810713e-06
0.84972649586480964 1.3963622327546482e-06
0.51114490797467049 9.7722168930839321e-07
0.63236783380858708 1.0866171461025929e-06
0.23915670053898352 7.7158031396695365e-07
0.93506794556602635 1.6391043389886922e-06
0.56792126806174192 1.0253157105399443e-06
0.71960489049519294 1.1837087556297712e-06
0.11421305435257079 6.6717856920925199e-07
0.63692095235771651 1.0913169213542757e-06
0.36894978240353316 8.6854101040718169e-07
0.45006297517849003 9.2943890527710348e-07
0.6821620323424028 1.139543495376936e-06
0.79632754320844479 1.2938921934101062e-06
0.34936523833503175 8.5421599828682168e-07
0.87323685223463077 1.4509024309236349e-06
0.21899030419169507 7.5569850797214364e-07
0.56289823326261812 1.021033848617731e-06
0.15126548033473919 7.0010648258601221e-07
0.28924977239438698 8.0969997424490768e-07
0.89541146939725935 1.5087355803749721e-06
0.011556776074954644 5.2058325082173668e-07
0.91561118864544688 1.5691263505279256e-06
0.32840203391386014 8.3888257227677481e-07
0.69579541987708393 1.1552684377063441e-06
0.091718294434167791 6.4535515048862846e-07
0.64127146233664167 1.095807561980152e-06
0.90946127976518853 1.5500605781262464e-06
0.55520192539998303 1.0145184824205757e-06
0.36212149828347584 8.635464977731907e-07
0.79357762009619381 1.2892165480356166e-06
0.71272542437159281 1.1747957447410445e-06
0.11769256092193647 6.7055423221165212e-07
0.66570153687663647 1.1210245332671803e-06
0.6646558460848796 1.119945160601834e-06
0.75192116735969794 1.2257950268895486e-06
0.31630686514025652 8.3003562446560072e-07
0.40127798164079598 8.926442974730265e-07
0.96003805653581187 1.7562623345040555e-06
0.57345692077779276 1.0304863248650037e-06
0.50850497709814457 9.7498788081379332e-07
0.98684969220209762 1.9650127765632989e-06
0.22955763189605571 7.6402068143308537e-07
0.3979369100588197 8.9013550944757413e-07
0.75988356159578896 1.237562182525126e-06
0.71310058128604448 1.1752573620534845e-06
0.9667006430758821 1.7959001494535303e-06
0.65430034080308419 1.1092561027798369e-06
0.31309497324868596 8.2768630297437271e-07
0.39765196705467487 8.8992154767537152e-07
0.089712924016789874 6.4340962902197843e-07
0.92372025832207971 1.596980420530972e-06
0.12866802274619238 6.8053645630640537e-07
0.54570372407644763 1.0064777100214385e-06
0.40139512461746796 8.9273225934092712e-07
0.13422361303273744 6.8534775189045029e-07
0.29299225362479808 8.125384805713218e-07
0.63356901590412507 1.0878570184723673e-06
0.031251491110865781 5.6810056692201098e-07
0.96598953335129278 1.7913585956859588e-06
0.90909561797005056 1.5489269638405991e-06
0.084601446326503016 6.3845069999491219e-07
0.86835354835389 1.4388941541426133e-06
0.32857121854824689 8.3900632149093531e-07
0.067504448525774197 6.2057053848785752e-07
0.30611283429189562 8.2248986013393711e-07
0.80888749421728501 1.3152476547961625e-06
0.66583145216792239 1.1211586331515151e-06
0.23855960067038873 7.7111007505518974e-07
0.71917647657024186 1.1831520947182281e-06
0.70782111451053908 1.1691390442669739e-06
0.74286136350694387 1.2139271232224662e-06
0.54065666766373965 1.0022050871828774e-06
0.81894565212070303 1.3335009484689427e-06
0.64136221795691339 1.0959012408539837e-06
0.12539920974439245 6.7770557340297781e-07
0.81025598775533503 1.3175744800272741e-06
0.32376810504446651 8.3549310929071979e-07
0.70503471819729358 1.165925175283847e-06
0.67513170609180573 1.13143461747947e-06
0.33591252103670999 8.4437607872187351e-07
0.16168365848868216 7.0912891439982938e-07
0.69495808794035763 1.1543026471878764e-06
0.84902335307941001 1.3948105108128518e-06
0.83823131693453512 1.3714301221191281e-06
0.62650484186636601 1.0805653062188862e-06
0.22740726973478476 7.6232718924559915e-07
0.31620996730295114 8.2996474905032522e-07
0.7546276809393766 1.229794824636001e-06
0.4108539297069278 8.9983481202837604e-07
0.73249741846818051 1.2004607003158801e-06
0.30944999259312567 8.2502020097645285e-07
0.006318246536731964 4.9685363105385795e-07
0.60349006465632427 1.0585389885580569e-06
0.60091635510540065 1.0561349975284242e-06
0.6275546827799966 1.0816489626822191e-06
0.26818563576848187 7.9372375916405961e-07
0.81107095031158893 1.3189601463717457e-06
0.48746683883036535 9.5859101530918602e-07
0.7623879089848471 1.2412632107107217e-06
0.61109346437626466 1.0656409961310909e-06
0.41607081480232067 9.0375213571820288e-07
0.67962684664061201 1.1366193762720115e-06
0.57497735601205557 1.031906497806816e-06
0.51071113339788732 9.7685447424044104e-07
0.64856052591930691 1.1033314075080268e-06
0.085938976366929376 6.3974831233794318e-07
0.91026108935542882 1.5525401250446002e-06
0.33508204608236036 8.4376863216886195e-07
0.22469296358702939 7.6018956966762396e-07
0.77179635767617805 1.2551674054488342e-06
0.23122188709251823 7.6533134585229524e-07
0.99576962320105999 2.1928622640643179e-06
0.42049254156344296 9.0707238039957079e-07
0.29662440866314332 8.1529330936540708e-07
0.062065072626073525 6.1311706767578859e-07
0.041804177363820139 5.8535395767048385e-07
0.095140561140367952 6.4867528191363445e-07
0.0050328288121118669 4.9103091427321043e-07
0.32708997940594031 8.3792287688316317e-07
0.31045440010080594 8.2575486958405365e-07
0.43009174543858919 9.1428035758442306e-07
0.23292292324109809 7.6667097667362123e-07
0.06274115794411983 6.140434942139515e-07
0.071162527952948751 6.2541285723143293e-07
0.18214637530518296 7.2668250924905769e-07
0.31658952686911468 8.3024237590580241e-07
0.14799205021551232 6.9727160113057826e-07
0.36511782361442935 8.6573814423339518e-07
0.9222201533621982 1.5916745698372543e-06
0.26160300952961679 7.8873112858742308e-07
0.16839931701264688 7.1494486131703779e-07
0.66477625300223175 1.1200694458459359e-06
0.4908810379606986 9.6125200000438399e-07
0.047254015809257144 5.9282176510511841e-07
0.78780733116638879 1.2794054283632462e-06
0.71534297185377604 1.1781710189277606e-06
0.97729836174034124 1.8722686537207469e-06
0.93830661956229566 1.652438232794745e-06
0.584248293625244 1.0405660805675792e-06
0.68602129358061259 1.1439948219640073e-06
0.40950682398682714 8.9882327946563829e-07
0.88846718652904655 1.4898048158862725e-06
0.55280882519934793 1.0124925857917102e-06
0.32555132633504547 8.3679743715821972e-07
0.009491491909582539 5.1122787588315655e-07
0.58644976497699974 1.0426223799583614e-06
0.52543389051489453 9.8931813288834668e-07
0.81187717786310321 1.3203309607429658e-06
0.18700462630663639 7.3050856714013693e-07
0.81540126784734124 1.3265301975052061e-06
0.015283610255563573 5.3133579258077134e-07
0.58731337769973235 1.043429043335657e-06
0.39685240124488108 8.893211591233893e-07
0.33152052134239174 8.411635735630266e-07
0.43329596716672059 9.1668638598135893e-07
0.22359148619907265 7.5932211422928276e-07
0.18342565309997516 7.2768998928666447e-07
0.80510688400144959 1.3088195504649292e-06
0.22775830023064736 7.6260363914460661e-07
0.73697199449636597 1.2062747540278446e-06
0.7113605444426323 1.1732214728944566e-06
0.033400415707002473 5.7304829471189309e-07
0.88107242018754517 1.4701704656421351e-06
0.78935513009338032 1.282037123359149e-06
0.79606724942338425 1.2934496205153571e-06
0.80919105221902687 1.315763789069303e-06
0.58255322907506379 1.0389827939174522e-06
0.99338086688776217 2.1009702505473143e-06
0.17915214047745509 7.2425710527022144e-07
0.072335930941674786 6.2655124078582011e-07
0.70416747237942201 1.1649248816710703e-06
0.29393723739568622 8.1325520892528878e-07
0.60823322393005275 1.0629693689566808e-06
0.39170161293884265 8.8545346706508697e-07
0.33352415850100348 8.4262912346204521e-07
0.89324862459487242 1.5028394631866854e-06
0.14204345861193191 6.921199554840468e-07
0.18898565439364912 7.3206870228805284e-07
0.66784085287008066 1.1232327569830863e-06
0.78260101276512983 1.271134971767535e-06
0.83221449198492148 1.3595968148134351e-06
0.2311497163422519 7.6527450863485232e-07
0.88211341828945389 1.4727303295460666e-06
0.6095506564245553 1.0641999257993494e-06
0.82321841891404324 1.3419042114746916e-06
0.068521940203219667 6.2196478750818736e-07
0.35689433598542153 8.5972311730475547e-07
0.52486398449066884 9.8883567473931363e-07
0.57695703258228592 1.0337556282631646e-06
0.099071554073706158 6.524889569687688e-07
0.53865824460217548 1.0005133073976448e-06
0.66548643309302458 1.1208025009550727e-06
0.3615950857646727 8.6316145609513122e-07
0.50073924428063077 9.6893536442984562e-07
0.29256642164405988 8.1221550586633392e-07
0.87050027187198542 1.4441730494985393e-06
0.59920660669002634 1.0545379953134643e-06
0.55127389613589572 1.0111931802697976e-06
0.9443574258777101 1.6776935026928799e-06
0.66493152366010921 1.1202297177974195e-06
0.27982344153942806 8.0255051961324468e-07
0.64175308119394925 1.0963046938606189e-06
0.96162345665322146 1.7650251851835849e-06
0.023558255927298544 5.5038750543057231e-07
0.62659100701099424 1.0806542467570936e-06
0.15683496088644933 7.0492980752571549e-07
0.81645951106638925 1.328611447553201e-06
0.64068452964125699 1.0952017240854415e-06
0.93698949296956646 1.6470155116018094e-06
0.66957786209742987 1.125028735133947e-06
0.017218893157644688 5.3579162737977954e-07
0.51035384440083431 9.7655200860424734e-07
0.90366806361615526 1.5321006143736517e-06
0.2323030041713291 7.6618276677091944e-07
0.082896404179884864 6.3679654370087153e-07
0.71988786922184178 1.1840764448824996e-06
0.50250856693911994 9.703143526889889e-07
0.047595261394701605 5.9328936728186776e-07
0.27991523243942407 8.0262013894713175e-07
0.3267486476430953 8.3767321155407947e-07
0.66786147798750195 1.1232540464389554e-06
0.47160022071076613 9.4622476882821854e-07
0.48719032656108519 9.5837550505670778e-07
0.80660369959457745 1.3113645594047404e-06
0.27841709850146312 8.014838706804634e-07
0.672572741575309 1.1284830715527847e-06
0.36755730482872495 8.6752248998277506e-07
0.41837004754660434 9.0547861401567623e-07
0.55590241317076083 1.0151114855104603e-06
0.69564680480229213 1.1550970229736201e-06
0.94519526089937445 1.6816472964739666e-06
0.26901116255827295 7.9434988468645505e-07
0.10374521964207539 6.5702314008646639e-07
0.42879192267260369 9.1330432947173407e-07
0.54671599881767285 1.0073346586712232e-06
0.22800360403922315 7.6279682524640162e-07
0.89049577396475199 1.4953349349379979e-06
0.79884701587955698 1.2981760079969059e-06
0.49366391344219385 9.6342093883373061e-07
0.45006393303558867 9.2943965181911304e-07
0.040741256704612483 5.8389745820160456e-07
0.53688973277627638 9.9901616066503124e-07
0.59574709542388726 1.0513066151261674e-06
0.89163178145244981 1.4984317975824401e-06
0.50109806574648219 9.6921502545502012e-07
0.15737742267812926 7.0539959451291367e-07
0.18005690122334894 7.2503696874556899e-07
0.15986741852343089 7.0755600011463772e-07
0.93853487405556113 1.653377975781369e-06
0.79338925736040722 1.2888962782250235e-06
0.82476612632005364 1.3449480921772196e-06
0.84043351881045403 1.3758541415116172e-06
0.095634642589925267 6.4915461782986092e-07
0.70217685618161207 1.1626288767470617e-06
0.70433671252202512 1.1651200856492075e-06
0.22482170793074496 7.6029096074685328e-07
0.49066577023923741 9.6108422299715296e-07
0.66243088411848472 1.1176485322420043e-06
0.89733643691263054 1.513983221833919e-06
0.11042551092998354 6.6350406250931413e-07
0.89219315400663501 1.4999621516615267e-06
0.92241496659383926 1.5923636215688943e-06
0.92360983482404735 1.5965898541310823e-06
0.00483489210517829 4.9013429571653934e-07
0.22099877275481883 7.5728025354120236e-07
0.69124523602537125 1.1500201911884211e-06
0.3217397809882776 8.340095022898473e-07
0.061083291515862781 6.1177175214993948e-07
0.76294208054927082 1.2420821883767392e-06
0.028592192465086819 5.6197774351770423e-07
0.44602132793214389 9.2628889525854112e-07
0.9475760907554891 1.6928825755390883e-06
0.44023282636408478 9.2189522657683712e-07
0.9118872854028065 1.5575816117273282e-06
0.40900424592922047 8.9844589700559751e-07
0.34668610910195952 8.522563632500532e-07
0.10738280259902344 6.6055216179145189e-07
0.3580909090271992 8.6059834438517192e-07
0.33698649002180647 8.45161627707573e-07
0.84655118597698498 1.3893548394808335e-06
0.91991517421598612 1.5835218901721588e-06
0.021930085753329887 5.4663877323639273e-07
0.098256410547000739 6.5169814086025182e-07
0.64322846709018322 1.0978276021809233e-06
0.48474288809049437 9.5646800169674827e-07
0.296878635047096 8.1548612882254357e-07
0.25990705971632799 7.8744482573700839e-07
0.22467458951861985 7.6017509938821503e-07
0.52545086925813711 9.8933250636869159e-07
0.017479936487160064 5.363926588622841e-07
0.73888437646895799 1.208759613249457e-06
0.30038800789073106 8.1814783275774533e-07
0.42683145123557054 9.118322247458123e-07
0.52705219784205859 9.906881228944903e-07
0.21135960272764898 7.4968903963832365e-07
0.88370264742370208 1.4768162367324271e-06
0.68209325517826724 1.1394641668214425e-06
0.87029634206966633 1.4436715764036938e-06
0.47545060526423466 9.4922571106277609e-07
0.43246045798940969 9.1605900779811347e-07
0.23714256850914162 7.6999410820192699e-07
0.54484036120745927 1.0057468238156261e-06
0.59316357331790659 1.0488934586122915e-06
0.41992337704183724 9.0664499861463093e-07
0.14538256031263896 6.9501171035412725e-07
0.27310446229560315 7.974544713189564e-07
0.014251509517366756 5.2895946280469882e-07
0.31913876781791417 8.3210700483775713e-07
0.58075897662420672 1.0373068601295045e-06
0.95571109783700514 1.7323462942831893e-06
0.17789679638942857 7.231699424026129e-07
0.055464530527479683 6.0407247344607027e-07
0.2963112878714621 8.150558211073775e-07
0.15679769816860312 7.048975369764892e-07
0.69551899689405616 1.1549496075215809e-06
0.0057491645266656288 4.9427578938720663e-07
0.98086709227287949 1.9042421234874477e-06
0.85566667526235085 1.4094712440405042e-06
0.49067059207537866 9.6108798107677435e-07
0.92094221980690694 1.5871545363581279e-06
0.62805933265727709 1.0821698674156268e-06
0.99376487668916946 2.1070055489391712e-06
0.27830620140946738 8.0139976014581253e-07
0.99690614261751354 2.216473128355101e-06
0.18024729212207224 7.2518690883722579e-07
0.35341836763904033 8.5718063847462622e-07
0.93532408034009451 1.6401588674411997e-06
0.37054228525371846 8.6970583827097157e-07
0.20983637706986658 7.4848944135776759e-07
0.059487105473229107 6.0958452951653843e-07
0.14895820972210694 6.9810832211391275e-07
0.3552234403211858 8.5850094942796887e-07
0.42123205246870887 9.0762767413042975e-07
0.54245113442023962 1.0037242062534619e-06
0.81358799452718067 1.3232398318988015e-06
0.013414849818384145 5.2703312046082474e-07
0.84111613123057682 1.3773605562712388e-06
0.57724934302310915 1.0340286628320245e-06
0.75647805828450199 1.2325293888335314e-06
0.75697922070752433 1.2332700273972031e-06
0.90320267930728559 1.5306578431903737e-06
0.093380208834348166 6.4696746615523387e-07
0.57151528835640486 1.0286727298063907e-06
0.90902952839482065 1.548722074821267e-06
0.71920631403821922 1.1831908641212634e-06
0.096584911496537917 6.5007652659089771e-07
0.61396431087975689 1.0683225299659289e-06
0.79988090920094457 1.2999339184287743e-06
0.2748617863056988 7.9878732378049517e-07
0.63249323501671384 1.0867465865044023e-06
0.84041222139414418 1.3758071415723761e-06
0.52386695590815457 9.8799163283765739e-07
0.19418720084542562 7.3616511843486802e-07
0.54968212211674417 1.0098456522312894e-06
0.58800393315494848 1.0440740613872113e-06
0.4028527722340598 8.9382679706515984e-07
0.67961662452759719 1.1366075859420416e-06
0.43333289468839431 9.1671411460731363e-07
0.877405087654474 1.4611523203084305e-06
0.79162546751218188 1.2858973377060369e-06
0.80477186584915006 1.3082499250571531e-06
0.52607670527328543 9.8986231246413861e-07
0.19634782059067057 7.3786668886081823e-07
0.72442181910833159 1.1899676461943915e-06
0.068921351579431578 6.2251209313469635e-07
0.51757493615298722 9.8266507709738124e-07
0.05297908148151742 6.0066671104601557e-07
0.5284186873570117 9.9184493467403401e-07
0.68592216912890525 1.1438804904170921e-06
0.41919824641929848 9.0610050294068971e-07
0.41690316655432058 9.043771430121642e-07
0.12279385027416034 6.7544925969598346e-07
0.30184960529835958 8.1925638968369908e-07
0.44427372058500658 9.2492950668273409e-07
0.86356213863022591 1.4271118494697555e-06
0.89797990233907643 1.5157373687596479e-06
0.95358010200758536 1.7212158651919309e-06
0.10026369712668037 6.5364552130260976e-07
0.2962108112688876 8.1497961405261735e-07
0.46291291875334795 9.3945399282225145e-07
0.64174382439005229 1.0962951388935354e-06
0.70279848959949343 1.16334587753805e-06
0.78601628861891648 1.2763601505642798e-06
0.49587381006015385 9.6514330500332984e-07
0.55658426662689486 1.0156887135838169e-06
0.96057068905154475 1.7592063100665495e-06
0.24002827978969588 7.7226671585703541e-07
0.80375974288417462 1.3065290303752184e-06
0.71181803435745439 1.1737491482435629e-06
0.14008983672810615 6.9042806463937661e-07
0.9264916927181045 1.606782946024857e-06
0.85535615612644844 1.408785978733752e-06
0.77950465289672621 1.2665590430462328e-06
0.12677358375355929 6.7889581949026494e-07
0.13967053109285044 6.9006493430628545e-07
0.68319845819857439 1.1407389236426951e-06
0.10727001517909873 6.6044274043730701e-07
0.11331560590282908 6.6630790451356588e-07
0.4002794669541091 8.9189451955665005e-07
0.0053778887756218419 4.9259397537107488e-07
0.72148340281599477 1.1861496062182809e-06
0.54020699317482657 1.001824411927017e-06
0.078174149214650823 6.3221522130464832e-07
0.54358274846234256 1.0046821824687767e-06
0.054087872876927956 6.0218606629094723e-07
0.070696105998232395 6.2494400453465133e-07
0.48546619015145398 9.5703173440264688e-07
0.49982325051564513 9.6822145018627715e-07
0.33899477289320334 8.4663057568886101e-07
0.62177145831183167 1.075679459596119e-06
0.38735840265479105 8.8219217987464453e-07
0.58696057901298737 1.0430995093064978e-06
0.34978493739963423 8.5452298496806906e-07
0.71496696465897558 1.177682452857392e-06
0.5792861174595676 1.0359311259413035e-06
0.16004354684222755 7.0770853213351309e-07
0.68626885517771985 1.144280363017365e-06
0.78393592253345845 1.2731077566532891e-06
0.065874067956082638 6.1833645976029083e-07
0.60996059530060953 1.0645828320136028e-06
0.79042965601307247 1.2838641206754723e-06
0.11465289777860344 6.6760528579981094e-07
0.90165241973503107 1.5258517726056519e-06
0.41479878625275601 9.0279697809440437e-07
0.73783982109871815 1.2074023671127414e-06
0.89904984682926736 1.5186541374950494e-06
0.98963715087028314 1.9985677376430034e-06
0.58392506403128974 1.040264165752017e-06
0.70427392850315418 1.1650476696723681e-06
0.25169967411741989 7.8121988711700571e-07
0.29004637218538676 8.1030415991937384e-07
0.85076942690259483 1.3986638121901708e-06
0.39824390365233953 8.9036602885801345e-07
0.82243395442803779 1.3403614028653268e-06
0.050596814538452772 5.9740233707111402e-07
0.21825342179291241 7.5511818498845746e-07
0.17009408897015288 7.1641258093179398e-07
0.52706746970245733 9.9070105140057204e-07
0.080530547556629584 6.3450129450018911e-07
0.34387043742130807 8.5019685495559372e-07
0.98624510985059632 1.9584695302033982e-06
0.79421713670037208 1.29030390674718e-06
0.76059141291996135 1.2386082744983959e-06
0.13511469944054277 6.8611945748387016e-07
0.36455910658201329 8.6532947358815488e-07
0.6805879712872539 1.1377279510558919e-06
0.021625237243396267 5.4593688381364873e-07
0.43397649097612745 9.1719738670139286e-07
0.92858978922277435 1.6142038846208263e-06
0.082339806899607848 6.3625655769745086e-07
0.90625933870600039 1.5401340116247428e-06
0.19452162452103605 7.3642848982976921e-07
0.18910722334413121 7.3216444247153925e-07
0.19543595876354314 7.3714856290598155e-07
0.93125608230321155 1.62363452672177e-06
0.60374499439366269 1.0587771074248607e-06
0.75078894529687301 1.2242278502728745e-06
0.36640760608467149 8.6668154886177056e-07
0.87325093597311176 1.450937063507214e-06
0.58193713591493745 1.0384073278825106e-06
0.59983493320654113 1.0551248879987091e-06
0.75232105207813726 1.2263859930711573e-06
0.77364262333916178 1.25789589323238e-06
0.68186357158628996 1.1391992465124827e-06
0.11890993359587532 6.7173527320514493e-07
0.86672659273322483 1.4348933927973206e-06
0.26089911608526373 7.8819725657259991e-07
0.99619415834291958 2.2016818596435938e-06
0.38550793176859321 8.8080267381743058e-07
0.11999729759892763 6.7279018555034982e-07
0.31608650258919579 8.2987444143250193e-07
0.57353424360069727 1.0305585487772092e-06
0.39144623820241986 8.852617079048831e-07
0.82868168896922101 1.3526488407431665e-06
0.68220629542047628 1.1395945490382699e-06
0.21345056560408382 7.5133575262432289e-07
0.53885330496329542 1.0006784371853207e-06
0.78753200019823444 1.2789372880134419e-06
0.89123375155256446 1.4973467308538536e-06
0.39494433490804159 8.8788840503232011e-07
0.92446472015143899 1.5996135718233085e-06
0.0359694596194714 5.7735875763171523e-07
0.6766912021797683 1.1332333623610166e-06
0.78198474484219138 1.2702242255337502e-06
0.42514138064205542 9.1056316218215666e-07
0.010974475918825943 5.1794553327239589e-07
0.68703516026947709 1.1451642301665939e-06
0.342564242537991 8.4924144555368866e-07
0.15181295469251399 7.0058061059475306e-07
0.15710877651581034 7.0516693947037642e-07
0.76916405583132108 1.2512772808745132e-06
0.18738942421244076 7.3081161016190202e-07
0.48409829814216654 9.5596561624068635e-07
0.97038935965655859 1.8194584050998719e-06
0.75881869786834166 1.2359884828513825e-06
0.54719364871473342 1.0077390167152265e-06
0.52827535262419967 9.9172359359858474e-07
0.16732744154661705 7.1401658737487094e-07
0.44642357501527385 9.2660240167425874e-07
0.14489965390633541 6.945934999857741e-07
0.08358211523104353 6.3746179016027264e-07
0.10913723595923452 6.622542352510576e-07
0.60661115665177812 1.0614542659082293e-06
0.19355298276185628 7.3566564751362914e-07
0.14934551499108384 6.9844373924048145e-07
0.86713096209698726 1.4358877563184964e-06
0.12201296323445288 6.7474569498118626e-07
0.70563511390879907 1.1666176802034227e-06
0.41700026214739649 9.0445005143548172e-07
0.57907973776495936 1.0357383555743603e-06
0.023355414497008287 5.4992047918712438e-07
1.9239516578783977e-05 3.773182334842996e-07
0.81724854401892444 1.3301632409791119e-06
0.47544115850976632 9.4921834837884937e-07
0.071306936449192726 6.2555295595183624e-07
0.34345610319054831 8.4989379235394451e-07
0.50635443625078558 9.7331177579977137e-07
0.13549347684699975 6.8644748924449787e-07
0.54633794977753769 1.0070146184674105e-06
0.52875071983726418 9.9212601921961176e-07
0.60283516634422585 1.0579272763051956e-06
0.81026180525543856 1.3175843714192659e-06
0.41277881338686184 9.0128019414848943e-07
0.88856002846007121 1.4900579116722967e-06
0.47467375290993807 9.4862024191868141e-07
0.45714896421431273 9.349616377408145e-07
0.65568569840397939 1.1106860829784992e-06
0.61752121532478366 1.0716448809188702e-06
0.011434938758926094 5.2003134915509512e-07
0.98243059022419488 1.918442456136731e-06
0.94269358614446785 1.6704997439578839e-06
0.28128594249655581 8.0365976184149173e-07
0.55858334016575195 1.0173810440354005e-06
0.77048517358964952 1.253229683357263e-06
0.92046782409795824 1.5854766052341479e-06
0.58590664012449944 1.0421150704708116e-06
0.018940132938182419 5.3975464493308388e-07
0.68067794753724531 1.1378317309373432e-06
0.093078068899038913 6.4667434338600253e-07
0.67117777353759989 1.1268740956553019e-06
0.58742760203063371 1.0435357353540917e-06
0.64066962791480975 1.0951863423719173e-06
0.18925769898540079 7.3228294777612775e-07
0.49360986281195629 9.633788124391245e-07
0.61795679446672869 1.0720517365990519e-06
0.30029291141416281 8.1807570629037244e-07
0.18162326142349772 7.2627053712280156e-07
0.22268073888629913 7.5860486599699219e-07
0.85801666910977936 1.4146572988388463e-06
0.46454352029500068 9.4072486355376635e-07
0.66107337697655366 1.1162472995702018e-06
0.51488886414899515 9.8039116302711648e-07
0.83412725187408199 1.3633586453070901e-06
0.5084948671472862 9.749800012427793e-07
0.09332531292163071 6.4691420857464047e-07
0.19798469353315307 7.39155788711033e-07
0.013265415172021178 5.2668905908523702e-07
0.83152428305972759 1.3582393788924391e-06
0.66327283330768438 1.1185176007540311e-06
0.75920191812166549 1.2365548215969732e-06
0.71502023469625076 1.1777516694392549e-06
0.82447968873669719 1.3443847545404855e-06
0.98696950311725284 1.9663094606833685e-06
0.65347132991057288 1.1084003893091773e-06
0.25226560296043865 7.8164911908967553e-07
0.10139004220984416 6.5473825136343125e-07
0.58974792839465251 1.045703052082943e-06
0.77075706128081267 1.2536314902362557e-06
0.5615717142012796 1.0199108741205586e-06
0.30355476805494952 8.2054968014373294e-07
0.71973484790573594 1.1838776161788837e-06
0.44797249606966461 9.2780961164135923e-07
0.28658910129232429 8.0768197300702757e-07
0.84108448802441105 1.377290724853871e-06
0.57651878111820698 1.033346276482195e-06
0.28344799788628994 8.0529958513624855e-07
0.32860433431891878 8.3903054384784046e-07
0.57166511538476117 1.0288126767681742e-06
0.42292359399195223 9.0889784120525736e-07
0.16051911813440112 7.0812039008917891e-07
0.61046993239207992 1.0650585818115996e-06
0.68911006605224534 1.1475574558920409e-06
0.00010879628343452019 3.8810922684530341e-07
0.53686931609338262 9.989988767715128e-07
0.57716147988256683 1.0339465936639541e-06
0.33206405422896812 8.4156113784436942e-07
0.33873125903813384 8.4643782986059211e-07
0.31765888232932082 8.3102455035289931e-07
0.44532806832798588 9.2574857727296326e-07
0.81193987885929986 1.3204375701319834e-06
0.46902606709292871 9.4421850524526061e-07
0.99364870668106076 2.1051797604812956e-06
0.37615867476683296 8.7381391694600311e-07
0.6992622561673052 1.1592671357988433e-06
0.54896567139076347 1.0092391355839182e-06
0.7622886211225538 1.2411164789999213e-06
0.88836456900976324 1.4895250709324977e-06
0.51168329312031746 9.7767746322513443e-07
0.4944792091786463 9.6405637027575913e-07
0.94271902989351986 1.6706044980171928e-06
0.93365957263001376 1.6333059489099926e-06
0.99699672959322727 2.2183550467448134e-06
0.15647591528779492 7.0461886405901313e-07
0.0035687236352774931 4.843987746827081e-07
0.43731030207310417 9.1970072287782655e-07
0.73334016336004793 1.2015557234054282e-06
0.072856010128799831 6.2705579855437074e-07
0.37360163217338582 8.719435815419577e-07
0.58145947678760224 1.0379611671038307e-06
0.21254742505116575 7.5062449500543656e-07
0.73114199777823607 1.1986995303985504e-06
0.22953765497575129 7.6400494884669844e-07
0.84067201521381851 1.3763804643436575e-06
0.34827333767795698 8.5341733327362991e-07
0.59864844739711043 1.0540166428038953e-06
0.54415400710000594 1.0051657856826933e-06
0.29644671647760379 8.1515853770945064e-07
0.43907162380935616 9.2102328744205668e-07
0.84597309189219305 1.3880790797142242e-06
0.5483442856258971 1.0087130968806774e-06
0.055586960827337828 6.0424023730047777e-07
0.71303229092132392 1.1751686287643427e-06
0.18245249779619366 7.2692359238206544e-07
0.48606276350684774 9.574966963183599e-07
0.4685388807071128 9.4383879818457768e-07
0.48648692855027864 9.5782728532202387e-07
0.031014006325993937 5.6755377711286789e-07
0.27238851920142493 7.9691146017820198e-07
0.050735472718894559 5.9759233767409386e-07
0.41495670262089157 9.0291555642584101e-07
0.62133672728621547 1.0752307258121679e-06
0.65407412570928425 1.1090226012603998e-06
0.06454800365952551 6.1651937969236255e-07
0.11888910496493899 6.7171506619089135e-07
0.66150677866287033 1.1166946611966144e-06
0.53118764955339748 9.9418902004815481e-07
0.83341200822857398 1.3619519735281007e-06
0.20514216721434186 7.4479257212339925e-07
0.12034228757638321 6.7312487953062538e-07
0.36202414613734701 8.6347529005610716e-07
0.63706713499327161 1.0914678125567327e-06
0.48596724135535341 9.574222475315505e-07
0.098593266097898979 6.5202494318053811e-07
0.071292088926424246 6.2553855154354217e-07
0.67769362715885662 1.1343895735334508e-06
0.29696821141672347 8.1555406853318755e-07
0.6694824710171956 1.1249272519226038e-06
0.29491488307665592 8.1399670989204691e-07
0.3147942118435425 8.2892920213922232e-07
0.20981473141334872 7.4847239457798969e-07
0.98371696152306431 1.9311080015376416e-06
0.016070290093560757 5.331470602740148e-07
0.12725243386163487 6.7931051699162383e-07
0.83629018094173602 1.367612484259079e-06
0.13816173406052112 6.8875827414517766e-07
0.28069689194107317 8.032129930735608e-07
0.26278496827765907 7.8962759197022273e-07
0.69698558225788154 1.1566411878576231e-06
0.41120117803982403 9.0009555845001161e-07
0.8405878226309893 1.3761946649856532e-06
0.74742719573907401 1.2198597509552857e-06
0.53110133120781622 9.9411594661592824e-07
0.24906177561907428 7.7921915789085814e-07
0.7924188095360315 1.2872462430436718e-06
0.86599055409450665 1.4330834387352536e-06
0.83628251110860496 1.3675973999757263e-06
0.051713767611502037 5.989328761038882e-07
0.69795868285543972 1.1577635758729558e-06
0.70393863628207698 1.1646609388744262e-06
0.9430755398961711 1.6720722797456482e-06
0.26347836672903346 7.9015350399750525e-07
0.78634682950992552 1.276922163364289e-06
0.68909650016231327 1.1475418088024026e-06
0.87872697118886622 1.4644028948663358e-06
0.69330803031412314 1.1523994473450837e-06
0.8524545367334454 1.4023825759365435e-06
0.35957534703699456 8.6168412878780403e-07
0.15762442073210237 7.0561350169199884e-07
0.36335203464592425 8.6444656714651698e-07
0.81505168884524459 1.3258426794547279e-06
0.13164997767862274 6.8311891214966116e-07
0.63794517929507788 1.0923741388109215e-06
0.98755605518463074 1.9726575697047982e-06
0.89501487579554417 1.5076544291295121e-06
0.67118332832895022 1.1268805026303411e-06
0.79263032682816204 1.2876058821347317e-06
0.11647645406562168 6.6937441925829556e-07
0.49883376251356981 9.6745025544071836e-07
0.53191242327299149 9.9480258258716836e-07
0.78269575962592319 1.271274992598441e-06
0.28259334571156591 8.0465136929881839e-07
0.10648528644172695 6.5968143140889805e-07
0.69811384258716702 1.1579425393057088e-06
0.49259412957133042 9.6258716247831942e-07
0.8422940597187164 1.3799600531570303e-06
0.48148969353868487 9.5393250198439791e-07
0.84627077918832894 1.3887360272344145e-06
0.50783500181841901 9.7446571034351471e-07
0.78269850982291433 1.2712790569533403e-06
0.72074517891976664 1.1851903927962518e-06
0.26608254038013068 7.9212865442007887e-07
0.30939832508704079 8.2498175944704879e-07
0.8991955225192293 1.5190512630486501e-06
0.23100712763000431 7.6516221458756848e-07
0.69750055626094154 1.1572351661684912e-06
0.14512013199730467 6.9478444013987944e-07
0.75515837124924179 1.2305791007325261e-06
0.2232898495793264 7.5908456389092564e-07
0.59406537275131599 1.0497357905481801e-06
0.5642434877370377 1.0221726837170594e-06
0.20351425303351622 7.4351052763955426e-07
0.49140332112568985 9.6165906106191099e-07
0.87924802544292069 1.4656841920891632e-06
0.68052934815202637 1.137660334301195e-06
0.99265439909916597 2.0895527037550642e-06
0.78455426099619674 1.2740215628164562e-06
0.64345543430300478 1.0980618800452603e-06
0.56320206415541807 1.0212910589014064e-06
0.93742864602872822 1.6488235417592784e-06
0.52701343735252903 9.9065530991614097e-07
0.40267277063581952 8.9369163508399682e-07
0.8344935793691034 1.3640791026678101e-06
0.9402444189203516 1.6604163160743586e-06
0.47891689190017117 9.5192729211745123e-07
0.13723852361260258 6.879587482402577e-07
0.60837281821216882 1.0630997579517693e-06
0.74088226192906492 1.2113555716826684e-06
0.37363608318344033 8.7196878055271146e-07
0.74787885756463235 1.2204466190958422e-06
0.53105134264229115 9.9407362842701492e-07
0.30135613040979614 8.1888211082780754e-07
0.62952122844282754 1.0836788511065484e-06
0.38894756551638476 8.8338547150573903e-07
0.78682550395525097 1.2777360450129074e-06
0.0030800279168585742 4.8218506881436136e-07
0.81817811595331147 1.3319914328335312e-06
0.30657527753076019 8.2284060285736293e-07
0.95962656347998054 1.7539879230388885e-06
0.75916486762436342 1.2365000668391449e-06
0.24104028476578909 7.7306370835977652e-07
0.97879915873148104 1.8854602989511485e-06
0.49958059199672167 9.68032325129312e-07
0.5229237972645977 9.8719319493022654e-07
0.90951813409386539 1.5502368362971737e-06
0.91840306748178535 1.5781735893670816e-06
0.69688250421663289 1.1565222961845196e-06
0.97844963956225373 1.882285821833252e-06
0.32887030958741614 8.3922509006406143e-07
0.23233658440193283 7.6620921248281188e-07
0.029256721447205591 5.6350776859067419e-07
0.34634493847778747 8.5200681578500716e-07
0.60263334331208485 1.057738762120032e-06
0.30537904991663067 8.2193331717134626e-07
0.57962025713209453 1.0362432313904639e-06
0.048385752163867646 5.9437256138057176e-07
0.35409106464623108 8.5767267917507002e-07
0.74800490648069451 1.2206104011309902e-06
0.10432686019096704 6.5758742195875137e-07
0.71483745565551549 1.1775141749473607e-06
0.76331111300948895 1.2426275598146772e-06
0.56876150911687373 1.0261005434510787e-06
0.88608755307096965 1.4833177125497294e-06
0.95456351222565106 1.7260033394392707e-06
0.034677482953711869 5.7558838718008996e-07
0.67908302407054066 1.1359921236152491e-06
0.23717450247352945 7.7001925741640829e-07
0.40818330900482758 8.9782946102838613e-07
0.62315428250969918 1.0771068247904228e-06
0.71227227032547646 1.1742730704443307e-06
0.84019092974127618 1.3753187868307478e-06
0.70538691828359279 1.166331407853073e-06
0.77739899386331102 1.263447213007807e-06
0.59907119935941155 1.0544115171690957e-06
0.11705908372162488 6.6993966071844584e-07
0.021430314885293344 5.4548809060341283e-07
0.52978304892152928 9.929999450214388e-07
0.71554104795179996 1.178428389696681e-06
0.10886558844135674 6.6199069487327328e-07
0.42929594787561531 9.1368279858345959e-07
0.25617739675564477 7.8461604150069338e-07
0.56709305013690781 1.0245850017880314e-06
0.39050275242382804 8.8455325082294428e-07
0.20146750043414641 7.4189863193232075e-07
0.0043927137394446092 4.8813130529491769e-07
0.32152509538093055 8.3385247162747622e-07
0.51616214668631244 9.8146906975215041e-07
0.92920908300345917 1.616394318239632e-06
0.22747601488632896 7.6238132867344268e-07
0.51225506596363324 9.7816150174363967e-07
0.56649653447435144 1.0240800170533689e-06
0.64922765685898598 1.1040200268457632e-06
0.32856635087445196 8.3900276105644849e-07
0.099481819489977474 6.5288697828566029e-07
0.92135624018224216 1.5886189207541767e-06
0.95275542885359454 1.717324183054795e-06
0.43823113824692073 9.2039217252492081e-07
0.58057496191785229 1.0371349799329849e-06
0.029026393279317109 5.6297745632234084e-07
0.047215641115174845 5.9276918100952751e-07
0.076667415826581875 6.3075345537571872e-07
0.73874631484892095 1.2085802224715598e-06
0.22723449108934979 7.6219111947489787e-07
0.18444722297437843 7.2849451451149958e-07
0.0083353327567843305 5.0599067775591959e-07
0.02289754427358881 5.4886626945233675e-07
0.40538375233499291 8.9572729288336776e-07
0.54167793067719172 1.0030696449208224e-06
0.5790591817679196 1.0357191551045673e-06
0.45791118118091501 9.3555570024423709e-07
0.45956127214283826 9.3684176078954985e-07
0.75314218526627708 1.227599497669885e-06
0.28957013460011749 8.0994295479490223e-07
0.23771781800893954 7.7044713911518829e-07
0.85432418803183086 1.4065085927334935e-06
0.68926380771608509 1.1477347837052025e-06
0.47686644908287046 9.5032920227355763e-07
0.27540482553400703 7.9919919499377426e-07
0.13658181957861848 6.8739002429630811e-07
0.03742119674997646 5.7934804473533525e-07
0.85236535799124169 1.4021857729345178e-06
0.59338550139719137 1.0491007520544102e-06
0.045829492911879322 5.908697691348981e-07
0.1585873978947544 7.0644746667703835e-07
0.2795642681532241 8.0235394807391396e-07
0.263071587713814 7.8984498012335176e-07
0.54839098922126894 1.0087526341538742e-06
0.3994436231868651 8.9126689013208982e-07
0.88221660426196657 1.472984068766093e-06
0.71941070060782142 1.1834564344202562e-06
0.91073256931007951 1.5540017937753648e-06
0.86281862515945218 1.4252835144397194e-06
0.92136913349345551 1.5886645242193178e-06
0.98001145028876435 1.8964708304116201e-06
0.31169643805946257 8.2666335173964886e-07
0.20968060385365994 7.4836676401093894e-07
0.16515236221574314 7.1213290822651363e-07
0.6280884650157843 1.0821999381322265e-06
0.68096669817640032 1.1381647800153325e-06
0.087837494210646572 6.4159017017515969e-07
0.82107159673263419 1.3376820499832023e-06
0.78306653144309823 1.2718229345300535e-06
0.62847393320578882 1.082597822316472e-06
0.43561247946963344 9.1842583938239111e-07
0.1536572883759959 7.0217785482068753e-07
0.50559227093188708 9.7271775354993206e-07
0.1591692955414844 7.0695140621067507e-07
0.60497878508893355 1.0599295380722161e-06
0.30996473032306915 8.2539670319138611e-07
0.24730626230379682 7.7788767876117597e-07
0.44105137995496957 9.2250987292505705e-07
0.58071280025866467 1.037263728779075e-06
0.36746406557137945 8.6745429061663739e-07
0.96360340113828769 1.7761193894605686e-06
0.0058976359250302313 4.9494833877418444e-07
0.91286101844767742 1.5606003511875333e-06
0.00068404948263744991 4.3747053935689549e-07
0.21671193866342398 7.5390420825284199e-07
0.99635122485456218 2.2049448712889137e-06
0.72809537571368943 1.1947408929294913e-06
0.64449837171400848 1.0991384106430032e-06
0.72609288085539714 1.1921389452609955e-06
0.40829618701937442 8.9791422036510903e-07
0.78420973132629257 1.2735124026158144e-06
0.15486803291827955 7.0322639324221291e-07
0.79389238739559798 1.2897517412782724e-06
0.93952667991109473 1.6574613240804384e-06
0.85768685050655813 1.4139294427418232e-06
0.73966095330339321 1.2097686606761704e-06
0.65137731316167702 1.1062389239339891e-06
0.52109216532162739 9.856426133968661e-07
0.39522327953618808 8.8809786266460586e-07
0.86565359085983951 1.4322548300953387e-06
0.64745857464807677 1.1021939622038456e-06
0.43490031391469874 9.1789107908991548e-07
0.78479171811435822 1.2743724867701477e-06
0.054103754038348106 6.0220782793700547e-07
0.81311925093296533 1.3224428354997567e-06
0.81070217274446021 1.3183331204311735e-06
0.22852941332232024 7.6321092010403552e-07
0.037671589911896564 5.7969115360633935e-07
0.71370795552979649 1.1760465555891835e-06
0.19987162842971606 7.4064182188403869e-07
0.99602179072106578 2.1981009718305069e-06
0.0091824452426627623 5.0982794870072339e-07
0.2297919812489907 7.6420524048340983e-07
0.04206239727249772 5.8570779138006988e-07
0.78265573545021949 1.2712158432156391e-06
0.57869549217389327 1.0353794483488859e-06
0.84843453454591422 1.3935110839295303e-06
0.9626133706729274 1.7704966549059595e-06
0.6101148603754043 1.0647269243630519e-06
0.23175350361801195 7.6575001413472544e-07
0.092649440797610061 6.4625850740611927e-07
0.86626104497950029 1.4337485887019711e-06
0.24511325501859726 7.7622437982400869e-07
0.89351822469807729 1.5035744182794945e-06
0.87828759961427494 1.4633224592419599e-06
0.62780921227026021 1.0819116906095192e-06
0.60399582057515977 1.0590113933372318e-06
0.95082646852688801 1.7082213034347186e-06
0.75601510178494868 1.2318452125642816e-06
0.68328177118057387 1.1408350180164451e-06
0.43574075201847817 9.1852215837066785e-07
0.48399844573688366 9.5588779250747883e-07
0.38892109833166844 8.8336559747596911e-07
0.94632102035992993 1.6869598229726821e-06
0.63811921319327125 1.0925537783697991e-06
0.78036358772377779 1.2678284124709369e-06
0.037199735082550589 5.7904458012752221e-07
0.8524263021418429 1.4023202667779815e-06
0.41763829744458059 9.0492914781941636e-07
0.73716037481616337 1.2065195265583994e-06
0.040025314820775648 5.8291641698792248e-07
0.89387318328596488 1.5045420685837902e-06
0.65984558959919448 1.1149799649580721e-06
0.45750079087132722 9.3523584709824785e-07
0.30355809901011621 8.2055220652575905e-07
0.31102414244871779 8.2617160463853191e-07
0.30339812447639936 8.2043087292431558e-07
0.13102585274515222 6.8257840261216483e-07
0.46380953802907698 9.4015280682783698e-07
0.45348635413406857 9.3210704461488385e-07
0.4119366592900674 9.0064782634020269e-07
0.70309423748461863 1.1636869973386725e-06
0.4198148626784175 9.0656351591398913e-07
0.089003716833620627 6.4272158765705083e-07
0.85205962231368804 1.4015110639435405e-06
0.42510086514726597 9.1053273937148681e-07
0.65528565428592989 1.1102731533731522e-06
0.9298963546902862 1.6188251887812585e-06
0.76741510286580483 1.2486926058214682e-06
0.5387988711782038 1.0006323558629908e-06
0.54502225717579089 1.0059008091894726e-06
0.84953103709140676 1.3959308869829164e-06
0.82363229309080632 1.342718179034084e-06
0.17865273212742383 7.2382460375999306e-07
0.62650108151843686 1.0805614247495275e-06
0.86571565843511133 1.432407457218531e-06
0.80330742700906288 1.3057599657348826e-06
0.12471601631229279 6.7711390890409099e-07
0.43569282233667683 9.1848616829717895e-07
0.51823310460940275 9.8322225445950098e-07
0.25780955455283672 7.8585396093109401e-07
0.67949938555041489 1.1364723608448118e-06
0.47622649256132921 9.4983042805318948e-07
0.29750870865296564 8.1596401175802344e-07
0.33686452563411295 8.4507241749538475e-07
0.85666835500664607 1.4116817885702223e-06
0.86619980548425524 1.4335979978669973e-06
0.81237565741283768 1.3211785166584785e-06
0.91386882118293655 1.5637247125317999e-06
0.95230650868145883 1.7152057018038342e-06
0.49182791077990895 9.6198998100198675e-07
0.096703622349667118 6.5019169459730982e-07
0.80007100730978875 1.3002571388633227e-06
0.63343192840662843 1.0877155153638723e-06
0.38051719022960162 8.7705515979268055e-07
0.97553315262388718 1.8584572296641274e-06
0.33868520270363645 8.464041421960957e-07
0.90763397866610196 1.5443956312883577e-06
0.59258444805864208 1.0483525226982892e-06
0.036641984075884704 5.7828030479056386e-07
0.86033510808014801 1.4197737171478138e-06
0.76221197525530093 1.241003208566174e-06
0.64248754632939209 1.0970628162397161e-06
0.61458714007697157 1.0689042878424383e-06
0.21883549265590296 7.5557658798530674e-07
0.21448612919934473 7.5215129843786301e-07
0.029172428396792793 5.633136905533289e-07
0.15413746305369103 7.0259369943614814e-07
0.33648126429650282 8.4479208299858315e-07
0.54072489634182996 1.0022628466736409e-06
0.13080855749772202 6.82390218889019e-07
0.55757218027336797 1.0165250391691264e-06
0.26332012121179527 7.9003348177851387e-07
0.25396112494236189 7.8293509744894038e-07
0.94794420740637941 1.6946197401208615e-06
0.99234454383846726 2.0846828568143089e-06
0.81143859660092743 1.3195852488208053e-06
0.054391980733401679 6.0260277936129648e-07
0.72863171054372844 1.1954377811910385e-06
0.17842573179831767 7.2362801516640113e-07
0.56922131372089046 1.0265300270899935e-06
0.89371362920908826 1.504107109249632e-06
0.38019563174414672 8.7681370370351927e-07
0.92884168506723286 1.615094836772048e-06
0.70837221733931266 1.1697746940772646e-06
0.30101181335766736 8.1862096158734694e-07
0.094917198879439946 6.4845858575131486e-07
0.81535128476835717 1.3264318956369189e-06
0.45805940849299531 9.356712267831995e-07
0.072693488159967456 6.2689812694596074e-07
0.10312235713505202 6.5641886649806386e-07
0.96696138189547998 1.7975653768123331e-06
0.24300195449556616 7.7460859806330557e-07
0.96659117785737947 1.7952010419061038e-06
0.68115957969790397 1.1383872522948254e-06
0.30049110182866923 8.1822602494550415e-07
0.38372787424347876 8.7946604067622077e-07
0.77703844410800127 1.2629143776621434e-06
0.43541497892539582 9.1827753756118008e-07
0.074750777664286283 6.2889401800881955e-07
0.22981412956968694 7.6422268313039303e-07
0.86034497299722434 1.4197954874178062e-06
0.69617413697815311 1.1557052553760779e-06
0.50101611117476619 9.6915115107256247e-07
0.24549566861561667 7.7651442360716138e-07
0.47459061508999689 9.4855544532714981e-07
0.78884905777751457 1.2811766575983816e-06
0.081543197142171842 6.3548372223014555e-07
0.9947678187352218 2.1227683094090406e-06
0.85976254385893547 1.4185101608921123e-06
0.31796578284822929 8.3124903112905274e-07
0.87057671388221669 1.4443610240417938e-06
0.68171452990329628 1.1390273397238148e-06
0.66635442709932902 1.1216984531920772e-06
0.13970976894422993 6.9009891537604266e-07
0.90589464070513881 1.5390033852666685e-06
0.45034179692137521 9.2965621550482683e-07
0.80322775833981652 1.3056245065130614e-06
0.29952379035940946 8.1749236202081259e-07
0.30800366560249792 8.2392397197228465e-07
0.96468917998191217 1.7830537946972007e-06
0.49665992466343301 9.657559930300511e-07
0.059890713383002225 6.1013758557121918e-07
0.83570664703205011 1.366464846404491e-06
0.22723002234973866 7.6218760017207739e-07
0.87875375280902512 1.4644687521456218e-06
0.91643987797382453 1.5716954295881479e-06
0.072766013238003135 6.2696848756112007e-07
0.58242922757438487 1.0388669694666373e-06
0.98152410557684633 1.9102093890431746e-06
0.93091961464586515 1.6224444452268817e-06
0.52524328605756665 9.8915677527889724e-07
0.68049319526923557 1.1376186350539988e-06
0.60426203515907462 1.059260052892254e-06
0.20325334623970293 7.4330505359199954e-07
0.65299757452157126 1.1079113741806327e-06
0.33314118350081323 8.4234899840524877e-07
0.33797192919582497 8.4588242202692591e-07
0.41998816094052172 9.0669364440544202e-07
0.85217688333771913 1.4017698399811886e-06
0.23834582576190755 7.7094171916430135e-07
0.25079166674543352 7.8053120372458934e-07
0.0073399136065521731 5.0148160364030667e-07
0.15500686891893622 7.0334662907718499e-07
0.97867928740493648 1.884371578169256e-06
0.43386994550647584 9.1711738242974844e-07
0.19516469231417843 7.3693493023470411e-07
0.96568181075694259 1.789393303046282e-06
0.027117868036942494 5.5858322890442004e-07
0.48416638664006317 9.5601868357621824e-07
0.80460213562751615 1.3079613357790897e-06
0.77282520461363824 1.2566878780201878e-06
0.18921726549581941 7.3225110486150052e-07
0.70778967337776477 1.1691027796189994e-06
0.62228860864585001 1.0762132674280463e-06
0.67527621614926669 1.1316012974270482e-06
0.26610481562773669 7.9214554920921995e-07
0.81073438803178577 1.3183878955114294e-06
0.55923750930873473 1.0179348357492304e-06
0.72507804750533478 1.1908203185198721e-06
0.93957350988636446 1.6576541270355694e-06
0.85549727289052846 1.409097400515679e-06
0.78233747052694014 1.2707454981442286e-06
0.28964874943126273 8.1000258066389597e-07
0.054083112658117494 6.0217954345586153e-07
0.5746444629894164 1.0315955567995199e-06
0.034513053219391243 5.7536307231897462e-07
0.71418977421871221 1.1766726081401152e-06
0.73682167129627074 1.2060794311293167e-06
0.56291126123866053 1.0210448775469579e-06
0.16815191254134287 7.1473060216924921e-07
0.87572143456837648 1.4570121371957602e-06
0.59592123200477198 1.0514692685919508e-06
0.51489195007410982 9.8039377543978728e-07
0.56759175954205465 1.0250079308508059e-06
0.082887086813630884 6.3678750440523684e-07
0.7404370547389264 1.2107770903919018e-06
0.060775583889044027 6.1135010638442605e-07
0.5783881585159083 1.0350923812411641e-06
0.16925708707045439 7.1568771402546191e-07
0.20770193896633393 7.4680848997287661e-07
0.23325425070783934 7.6693190968599074e-07
0.014305638488458672 5.2908409045100654e-07
0.89183883111367723 1.498996234321056e-06
0.8042352714898573 1.3073375632086246e-06
0.031286447666432182 5.6818105160803741e-07
0.056986087999466806 6.0615743400321161e-07
0.7828768474766945 1.2715426117165802e-06
0.0068032875697010553 4.9905078183828986e-07
0.46899891370814817 9.4419734223204276e-07
0.10729725429430803 6.6046916661917995e-07
0.59163222701855822 1.0474630941154221e-06
0.99834041788440731 2.3112837506721104e-06
0.1720215155414816 7.1808178590784552e-07
0.95668384735939538 1.7377228921020519e-06
0.86547854393594503 1.4318243813739145e-06
0.98585496814378115 1.954247122293831e-06
0.76618863360251854 1.2468800788006475e-06
0.85699425145312502 1.4124009891042468e-06
0.59459763957532585 1.0502329580198676e-06
0.86728408117451239 1.4362642834215152e-06
0.1115122558794126 6.6455837427614083e-07
0.7416543043684255 1.2123587273296135e-06
0.62872358700115749 1.0828555175019373e-06
0.059846482737864748 6.1007697717999737e-07
0.29159037134865118 8.1147521492889303e-07
0.21610680037251984 7.5342763877703367e-07
0.40517545079885042 8.9557088067047865e-07
0.19835334152373141 7.3944611305882003e-07
0.27482964415198508 7.9876294537989833e-07
0.29603013524284605 8.1484257928574052e-07
0.59981089512453045 1.0551024350636053e-06
0.13487376007013663 6.8591079729313117e-07
0.24110123472210798 7.7311170877417771e-07
0.31714806098009884 8.3065091275412007e-07
0.44906793827607272 9.2866338578705216e-07
0.038088632829983093 5.8026261939113822e-07
0.99921145207276119 2.4032186605260791e-06
0.30039200255202547 8.1815086253148576e-07
0.28734486073561261 8.0825518308583547e-07
0.5548705865911876 1.0142379851076871e-06
0.85403217932211617 1.4058641769313708e-06
0.45680936806079731 9.3469696068697073e-07
0.24883920083974587 7.7905034477455166e-07
0.56587550319535429 1.0235542784427555e-06
0.48294255002572972 9.5506484041246387e-07
0.42307482702229582 9.0901140106360504e-07
0.98388295078422328 1.9329044625593103e-06
0.99595026446856494 2.1966150344883229e-06
0.56194382845759383 1.0202258901893465e-06
0.06800392707181091 6.21254964207423e-07
0.56691758048289309 1.0244364566579769e-06
0.9524721483828853 1.7159873655018973e-06
0.92569253069468538 1.6039563208954485e-06
0.21550084943132264 7.5295042930813608e-07
0.19011948203028439 7.3296163478062564e-07
0.15225585501156991 7.0096417457973709e-07
0.81978434941234746 1.3351504168964925e-06
0.49005505698947349 9.6060824062215353e-07
0.3380465706592457 8.4593701813416457e-07
0.3248071688397004 8.362531270582251e-07
0.27541324295438785 7.992055792344777e-07
0.88261977411440817 1.4739754826318114e-06
0.40967989274710515 8.9895323562572406e-07
0.2440177356418809 7.7539347687752218e-07
0.71040480606527845 1.1721191107098816e-06
0.63545455689179831 1.0898032930475362e-06
0.71536555459409523 1.1782003618787691e-06
0.82195611452986495 1.339421633733708e-06
0.10123371456891939 6.5458658921731869e-07
0.0019887414501447154 4.7724173257391367e-07
0.050566241156154157 5.9736044296105603e-07
0.70679325914881186 1.167953501330927e-06
0.9344965402497134 1.6367518151419862e-06
0.33110538201636686 8.4085992207866507e-07
0.7811941663944435 1.2690558759945357e-06
0.72918451086866931 1.196156063942511e-06
0.97806157928591986 1.8787612984993534e-06
0.47079308148970189 9.4559569447368999e-07
0.16607296728689391 7.1293017780274644e-07
0.76523140058774231 1.2454654402471671e-06
0.81881886402143933 1.3332515939416205e-06
0.70730007570491527 1.1685380707269075e-06
0.86318167327977913 1.4261762670556092e-06
0.3711825833199045 8.7017418093581363e-07
0.69031500322354888 1.1489472474960065e-06
0.263848639163062 7.9043433924604204e-07
0.44644014593983761 9.2661531684849611e-07
0.24249216915561822 7.7420712267183629e-07
0.1545336726481451 7.0293682795604095e-07
0.035953248001988736 5.7733654316815326e-07
0.67142425819233398 1.1271583945480691e-06
0.87527308827741646 1.4559096323164662e-06
0.3144194343112684 8.2865507307737199e-07
0.42923538344772716 9.1363732116469549e-07
0.003546948302573516 4.843001362457929e-07
0.41285477253144887 9.01337231355771e-07
0.28132211508208438 8.0368719714618514e-07
0.5742000301246013 1.0311804312388652e-06
0.90851718285106209 1.5471337157547332e-06
0.50615256912151252 9.7315444304882348e-07
0.67553265990286171 1.1318970832855344e-06
0.70548283980561999 1.1664420450955185e-06
0.1524319121747465 7.0111664497586811e-07
0.34657060781182614 8.5217188043670354e-07
0.11314555126499592 6.6614292504366807e-07
0.44074660378859032 9.222810185656411e-07
0.88728568160974364 1.4865839229886134e-06
0.48093435073741364 9.5349967465407571e-07
0.45615298321892639 9.3418538243634649e-07
0.20932354579525159 7.4808556717661763e-07
0.31021728008705585 8.25581429392693e-07
0.93659957253490833 1.6454101763088683e-06
0.30299532426204168 8.2012536679446661e-07
0.73138658555001612 1.1990173362495322e-06
0.042141664914475796 5.858164102853854e-07
0.12831396009449791 6.8022982821025174e-07
0.31147791630489818 8.2650351514750019e-07
0.90142086136022526 1.5251339019253361e-06
0.21929165487905233 7.5593583312784269e-07
0.7267446100850079 1.1929857715799016e-06
0.16752446689969003 7.1418721680618084e-07
0.61284204611814164 1.0672742708805835e-06
0.58682823075128121 1.0429758885063904e-06
0.62194790113967235 1.0758615856766669e-06
0.28627652166253048 8.0744489519633134e-07
0.1621029969525829 7.0949207316343954e-07
0.88648574913704825 1.4844032322628974e-06
0.56944393750148237 1.0267379703566817e-06
0.21204316972093806 7.502273747074611e-07
0.41332905319543534 9.0169336549456999e-07
0.067091492925206886 6.2000467347461628e-07
0.47537611660237422 9.4916765551838336e-07
0.42389077618296878 9.0962409176281583e-07
0.13272623737339362 6.8405098295576022e-07
0.44437233518254327 9.2500369064636859e-07
0.63953233959270583 1.0940124218046009e-06
0.92849044473342457 1.6138525045228794e-06
0.70318519395952461 1.1637919078254274e-06
0.50243528636975943 9.7025723871699131e-07
0.77005111786114233 1.2525882178431959e-06
0.27993528135084556 8.0263534515884107e-07
0.66878159844488927 1.1242038041286652e-06
0.0050621667984744878 4.9116381020441792e-07
0.072551130449525436 6.2676001780701667e-07
0.62426563646178279 1.0782539756373649e-06
0.19254957438795972 7.3487542516287507e-07
0.68872958626471437 1.14711860511477e-06
0.63675326450382053 1.0911438322468334e-06
0.063666749407924716 6.1531181416215539e-07
0.39249666659466986 8.860504674712116e-07
0.61300219830695579 1.0674238621291946e-06
0.71348163158335842 1.1757524808941494e-06
0.81608416052674737 1.3278732445441166e-06
0.33044290166502588 8.403753542975992e-07
0.83671604225478435 1.3684500269546215e-06
0.35425442600564427 8.5779216898526961e-07
0.0069868412000030355 4.9988224758116651e-07
0.6100058998370137 1.064625149026056e-06
0.24166859715793232 7.735585283238548e-07
0.1243813019935277 6.7682403700196541e-07
0.25835781000481406 7.8626978841909399e-07
0.82791399807940524 1.3511390208147082e-06
0.91400130826018189 1.5641354451963167e-06
0.96169662387024102 1.7654295962785117e-06
0.30283036300025101 8.2000025098055111e-07
0.45592870818904963 9.340105852440225e-07
0.80252610280818371 1.3044314940879691e-06
0.3179026885070444 8.3120288110385752e-07
0.38514318631294653 8.805287889248108e-07
0.23727448922964212 7.7009800079897822e-07
0.5723673193517258 1.029468575191891e-06
0.6592666988253103 1.1143824280164852e-06
0.31843945508659643 8.3159549620538821e-07
0.024230516511564271 5.5193533190191233e-07
0.73590781336997002 1.2048920071063147e-06
0.6165972893465903 1.0707818815323138e-06
0.21899878560136077 7.5570518740562057e-07
0.31464767516577075 8.2882201865423464e-07
0.95711358926967727 1.7400981689480564e-06
0.63020354500928599 1.0843831452026176e-06
0.59547775639138456 1.051055037158547e-06
0.63969073746354344 1.0941759216970921e-06
0.95444453479375702 1.7253457253401718e-06
0.33985907349299482 8.4726276383295785e-07
0.28091597610515551 8.0337915871273947e-07
0.37674248026922441 8.7424093842112349e-07
0.80094909407722747 1.3017501341817317e-06
0.12095887438997588 6.737230647195075e-07
0.20682469795268443 7.4611762922861953e-07
0.2282455124781988 7.629873373651836e-07
0.63637739118701375 1.0907558519882404e-06
0.64158302462923833 1.0961291597457941e-06
0.3718863833906445 8.7068897180908576e-07
0.27619227255126044 7.9979643869456484e-07
0.75465193131951513 1.2298306628510971e-06
0.031726566949829338 5.6919439121671515e-07
0.73873771074809358 1.2085690427074797e-06
0.21027399437085781 7.4883408166705379e-07
0.90277705694783128 1.5293383408705147e-06
0.41369324572253197 9.019668351968859e-07
0.64229690334244383 1.0968660326105842e-06
0.12096930976784204 6.737331886604389e-07
0.25388440845045201 7.8287691138621362e-07
0.70060859435556022 1.160820021339017e-06
0.55035545033220679 1.0104156631992648e-06
0.77047738096455753 1.2532181670934922e-06
0.56340233976075194 1.0214606036925445e-06
0.56933118073224276 1.0266326491242663e-06
0.85825898172943538 1.4151920434405146e-06
0.42468991730584071 9.1022416142026446e-07
0.89504471965750398 1.5077357862880431e-06
0.37221524804499895 8.7092951813700168e-07
0.32859420677004747 8.3902313610529488e-07
0.77942127673977868 1.2664358263119182e-06
0.011546399496328519 5.2053624674101281e-07
0.17219211983880389 7.1822953397060568e-07
0.07176573978778289 6.2599806660893103e-07
0.51210509300915841 9.7803454103267116e-07
0.62807100132859606 1.0821819119367815e-06
0.010375945862507119 5.1523429712254466e-07
0.16146354854033784 7.0893829306746829e-07
0.30254135859570563 8.1978105393448514e-07
0.29422633522860153 8.1347447683263717e-07
0.097132716894522964 6.5060798309992523e-07
0.17284745605053642 7.1879707334247223e-07
0.84705176097237123 1.3904595272056942e-06
0.70058114161400387 1.1607883569579774e-06
0.29609438266334664 8.1489130810983322e-07
0.26340746431608497 7.9009972765627015e-07
0.080199202153351856 6.3417983788082016e-07
0.34890593739798381 8.5388004502351916e-07
0.39806951462766138 8.9023508132033034e-07
0.90418165638744508 1.533692840059465e-06
0.74311571401520993 1.2142576143142276e-06
0.47915377434900741 9.5211191537662619e-07
0.13485726879007998 6.8589651538629152e-07
0.65616164900832918 1.1111773640306419e-06
0.93601231277104824 1.6429923783653588e-06
0.078044852007353782 6.3208978288679071e-07
0.84860776786142822 1.3938933817249636e-06
0.18011455521915753 7.2508237346540528e-07
0.70128093431406191 1.1615955077723265e-06
0.18385603724341693 7.2802893320860641e-07
0.6000135548873039 1.0552917308027456e-06
0.23762458422922306 7.7037371395899684e-07
0.54169806215327287 1.0030866873704101e-06
0.60015786914567715 1.0554265285239775e-06
0.61852032510714339 1.0725781062525328e-06
0.68279887780674586 1.1402780419578255e-06
0.069029575384942476 6.226603901067058e-07
0.70338740383793685 1.1640251395639355e-06
0.15459772423541351 7.0299229841067863e-07
0.67703245313692662 1.1336269660495733e-06
0.12403761423740856 6.7652639385370971e-07
0.47941471055175533 9.5231528583494721e-07
0.38676842598180583 8.8174917038617187e-07
0.96734635664326729 1.8000240459259402e-06
0.63080916574445656 1.0850082730819708e-06
0.088205913251314771 6.4194759399378755e-07
0.70088646143796141 1.1611405171684565e-06
0.19413839927898324 7.3612668534066845e-07
0.28615036271335659 8.073492092186825e-07
0.37844304044464183 8.7549769476512065e-07
0.77622544030839924 1.2617128870101394e-06
0.94408093878639021 1.6763887435052781e-06
0.92433517684798372 1.5991553789335529e-06
0.1706836317940128 7.1692314140129303e-07
0.060413477394579806 6.1085391891051051e-07
0.82853301927951173 1.3523564516276271e-06
0.28821826283150687 8.0891761990837821e-07
0.58282610382292088 1.0392376744442103e-06
0.97862746523631072 1.8839009078799384e-06
0.18642200537207032 7.3004973094094982e-07
0.37485589185685497 8.7286100321411556e-07
0.86759894614611599 1.4370385513802584e-06
0.64998054707804143 1.1047971677834678e-06
0.93755300675289244 1.6493355453420903e-06
0.6317193149588336 1.0859477383532814e-06
0.30356996804081737 8.2056120866008105e-07
0.8051086055224882 1.3088224775365428e-06
0.75926375492107778 1.2366462065775601e-06
0.93361894107886356 1.6331386653893803e-06
0.47616693221303263 9.4978400745227907e-07
0.5028392871343097 9.7057211193037995e-07
0.32382310036167539 8.3553333532727309e-07
0.2687583345065333 7.9415812580239536e-07
0.99652781914129951 2.2086135668503971e-06
0.97725551624389428 1.8719334201697587e-06
0.52964646300117801 9.9288431720296436e-07
0.95508558236383656 1.7288889344477003e-06
0.35615544760644247 8.5918266127231248e-07
0.84999432407468634 1.3969532861203762e-06
0.63486815784533535 1.0891980059906677e-06
0.71706611413966426 1.1804099889978643e-06
0.71820293240424282 1.1818871172016021e-06
0.63582865000626332 1.0901894357631753e-06
0.8523280113201126 1.4021033548961801e-06
0.3920132506572428 8.8568747371744932e-07
0.84918895096308955 1.3951759584501686e-06
0.18341516392054857 7.2768172865795172e-07
0.19995942020005686 7.4071096125036283e-07
0.71734322039200316 1.1807700478335777e-06
0.75012989032758737 1.2233715052322654e-06
0.90230107486756728 1.5278627147781148e-06
0.2746829048047279 7.9865165008143727e-07
0.056069452386442564 6.0490138608283259e-07
0.50747172540689456 9.7418257718862485e-07
0.87534046537679244 1.456075315812265e-06
0.97146585364685345 1.8266336964559424e-06
0.85782629520473141 1.4142371745458262e-06
0.48995644967260521 9.6053138729550077e-07
0.86338223607103104 1.4266694605099068e-06
0.21397092386903593 7.5174555459734003e-07
0.9211696512348585 1.5879589582032937e-06
0.5668459610180473 1.0243758266716714e-06
0.38936358580210217 8.8369785832103e-07
0.5816411821643217 1.038130890255191e-06
0.78400820986719499 1.2732145858658773e-06
0.24012151276476634 7.7234014037953759e-07
0.10187980276873587 6.5521339534310963e-07
0.73312010366218139 1.201269788180465e-06
0.95246896633292299 1.715972349217036e-06
0.6369780919742396 1.0913759014473105e-06
0.14258345409022466 6.9258760657531005e-07
0.64338536945705671 1.0979895583990202e-06
0.11663209618088344 6.6952541633780392e-07
0.30352475301991189 8.2052691506848021e-07
0.031597701198966432 5.688976880853653e-07
0.4875016240879001 9.5861812650990528e-07
0.32135418550790118 8.3372746049655214e-07
0.097521889845397003 6.5098554144206677e-07
0.30902730228265174 8.2470035507581393e-07
0.64757011941616294 1.1023090998473858e-06
0.28908155550047077 8.0957238917815808e-07
0.14307211739293002 6.9301080257593749e-07
0.54479746502577864 1.005710509736577e-06
0.75322727058648309 1.2277252402763773e-06
0.83014135620645801 1.3555195725871078e-06
0.47209711311314384 9.4661204063850627e-07
0.71107242092372014 1.1728891471458404e-06
0.83332774844410207 1.3617862595624265e-06
0.67288923057172567 1.1288481144450139e-06
0.52727140508330628 9.9087369440167105e-07
0.059939367140902866 6.1020425486767839e-07
0.2900343745958267 8.1029506027884893e-07
0.31981515744572664 8.3260174648620238e-07
0.39501125093407918 8.8793865182312197e-07
0.95089270330431286 1.7085338693269318e-06
0.20887534235284289 7.477325898773543e-07
0.5415549110072938 1.0029655017117483e-06
0.99121810669422028 2.0185496925813531e-06
0.61879456078065809 1.0728342579612204e-06
0.20891072367818164 7.477604540200197e-07
0.96019093177810766 1.7571073091613198e-06
0.33629266905381683 8.4465413599670918e-07
0.047870709598631045 5.9366680858875324e-07
0.43136176745968036 9.1523400851957885e-07
0.24065569617504812 7.7276083018160433e-07
0.81886377309534519 1.3333399167492129e-06
0.2199558342472554 7.5645889970304546e-07
0.81985402223781267 1.3352874426470319e-06
0.036171016534809697 5.7763494714557608e-07
0.92915731791878964 1.6162112258442666e-06
0.042193526785013535 5.8588747559608288e-07
0.93853984398699164 1.6533984374079466e-06
0.07369127583149615 6.2786613630587549e-07
0.87258360255842304 1.4492960588627127e-06
0.83133203764971797 1.3578612892797608e-06
0.59442383760741024 1.0500706171016191e-06
0.035986084065680934 5.7738153778643781e-07
0.62114280676961475 1.0750305590836103e-06
0.61784642082686003 1.071948641344944e-06
0.55719747497716954 1.0162078296364102e-06
0.63152557144672072 1.0857477543305555e-06
0.96810740324529343 1.8048845251785975e-06
0.99550724765696674 2.1874114875310514e-06
0.52049580664583994 9.8513776156051089e-07
0.091800624289235522 6.4543502326374889e-07
0.13396904364517792 6.8512728772606341e-07
0.72035087934001529 1.1846780584609228e-06
0.98196358722306565 1.914200942447078e-06
0.43605522373194772 9.1875829305073633e-07
0.09803874591164885 6.514869722816501e-07
0.35304455250494848 8.5690721335388265e-07
0.38501027712052238 8.8042898831226927e-07
0.99659533388526478 2.2100161662554872e-06
0.68658335329438724 1.1446431096006863e-06
0.11786608607074645 6.7072257861742735e-07
0.33707671694241581 8.4522762371579209e-07
0.048558712498925849 5.9460956555766369e-07
0.65306050811144933 1.1079763348718639e-06
0.6727392688770667 1.1286751465018572e-06
0.057496745073913336 6.0685717744244951e-07
0.33551994129876261 8.4408892832998113e-07
0.90283836693701247 1.5295284123532698e-06
0.82681603007480431 1.3489796439142561e-06
0.57421256981121616 1.0311921440190138e-06
0.48462336047460364 9.5637484334704546e-07
0.99285191206699275 2.092656920607674e-06
0.72219555951912717 1.1870749491551907e-06
0.95263521119581229 1.7167568687083834e-06
0.071585214353183324 6.2582292883625526e-07
0.21215115635855175 7.5031241830171958e-07
0.031111035744880056 5.6777717962458092e-07
0.86791761468917539 1.4378221725023344e-06
0.69423144116533053 1.153464522503011e-06
0.17765165284213735 7.2295764127785283e-07
0.97419060744212727 1.8479528306965392e-06
0.9557972226147039 1.7328223246294054e-06
0.22459780492470693 7.6011462859299141e-07
0.64700975304271047 1.1017306839802369e-06
0.66810291673558575 1.123503261969102e-06
0.0040167550214489367 4.8642827826006706e-07
0.6887797922684995 1.1471765134308143e-06
0.22134019477205413 7.5754913639695447e-07
0.90131875060183919 1.5248393813540937e-06
0.83850713255951581 1.3719725695191173e-06
0.905293584670957 1.5371400084636149e-06
0.7575539623443468 1.234119404367271e-06
0.16490543854758422 7.1191906546761071e-07
0.36055431298851581 8.624001883024862e-07
0.70893147358641961 1.170419748155772e-06
0.32332504325821243 8.3516903406915936e-07
0.71003293361674147 1.1716901877593481e-06
0.33615872497260446 8.4455616330047958e-07
0.17772945435120846 7.2302501954689701e-07
0.51816381838953618 9.8316359969894507e-07
0.68622775950358272 1.1442329626846046e-06
0.51719568728275866 9.8234402116855174e-07
0.64186729829928979 1.0964225899178393e-06
0.43805101810433078 9.2025692152960842e-07
0.77833132898334478 1.26482505642232e-06
0.64996642264470761 1.1047825883997969e-06
0.57460663408531687 1.0315602224526105e-06
0.43537171547556064 9.1824505132967518e-07
0.53572755613795553 9.9803231145842653e-07
0.051009721691461785 5.9796813569761015e-07
0.66671967668353505 1.122075467525883e-06
0.20441172926542117 7.4421732438968286e-07
0.86014896039184174 1.4193629194288337e-06
0.81234376818997223 1.3211242959798266e-06
0.52795466620665277 9.9145211414609084e-07
0.84713106831241591 1.3906345456262031e-06
0.6708032438159407 1.1264421077683032e-06
0.14126004489131327 6.9144149743007159e-07
