particle_id,birth_time_s,diameter_m,radius_m,diameter_draw_id,diameter_global_rejections,position_proposal_count,position_xyz,inlet_triangle_id,local_flux_weight_m_s,clearance_m,admission_status,source_distribution_contract_sha256,flow_sha256,geometry_sha256,seed
1,7.583483040132658,1.8083939117301144e-06,9.041969558650572e-07,"[2026092494, 1, 920, 0]",0,1,"[0.00010392084555686164, 5.731317322635249e-05, 0.00015901690805565156]",112,0.0024019306253216747,2.5760332822637917e-07,ACCEPTED,5c0842d6e6c149e129519615257537fa53a95fb19214adda9105346a9185b429,129ebb77396550b300b20ce29cde7b03919e6037b7a81de60fe75d6c6efb616d,"{""INLET"": ""fba5b444da15ebb7b881612acde9de1056395ff4c2903dd0b52e45e57b3fa9f5"", ""WALL"": ""06c5d1d1975cf9470096d9b7e560e2173c9733c847d5bc364aab7355ef12a11b""}",2026092494
2,15.166966080265317,1.7203090983509828e-06,8.601545491754914e-07,"[2026092494, 2, 920, 0]",0,2,"[0.00010348007342675687, 5.7324334551720225e-05, 0.00015902177315265813]",130,0.0024019306253357992,3.3784548560932014e-07,ACCEPTED,5c0842d6e6c149e129519615257537fa53a95fb19214adda9105346a9185b429,129ebb77396550b300b20ce29cde7b03919e6037b7a81de60fe75d6c6efb616d,"{""INLET"": ""fba5b444da15ebb7b881612acde9de1056395ff4c2903dd0b52e45e57b3fa9f5"", ""WALL"": ""06c5d1d1975cf9470096d9b7e560e2173c9733c847d5bc364aab7355ef12a11b""}",2026092494
3,22.750449120397978,9.670428554222588e-07,4.835214277111294e-07,"[2026092494, 3, 920, 0]",0,1,"[0.00010473840590480394, 5.761374347589711e-05, 0.00015871612914498945]",58,0.002401930624861227,1.4660386663157259e-08,ACCEPTED,5c0842d6e6c149e129519615257537fa53a95fb19214adda9105346a9185b429,129ebb77396550b300b20ce29cde7b03919e6037b7a81de60fe75d6c6efb616d,"{""INLET"": ""fba5b444da15ebb7b881612acde9de1056395ff4c2903dd0b52e45e57b3fa9f5"", ""WALL"": ""06c5d1d1975cf9470096d9b7e560e2173c9733c847d5bc364aab7355ef12a11b""}",2026092494
4,30.333932160530633,2.1249897058501867e-06,1.0624948529250933e-06,"[2026092494, 4, 920, 0]",0,1,"[0.00010341532529824763, 5.757631329487175e-05, 0.00015879513551900662]",170,0.002401930625096251,2.4653041129187483e-07,ACCEPTED,5c0842d6e6c149e129519615257537fa53a95fb19214adda9105346a9185b429,129ebb77396550b300b20ce29cde7b03919e6037b7a81de60fe75d6c6efb616d,"{""INLET"": ""fba5b444da15ebb7b881612acde9de1056395ff4c2903dd0b52e45e57b3fa9f5"", ""WALL"": ""06c5d1d1975cf9470096d9b7e560e2173c9733c847d5bc364aab7355ef12a11b""}",2026092494
5,37.91741520066329,1.4681112181621797e-06,7.340556090810899e-07,"[2026092494, 5, 920, 0]",0,3,"[0.00010372956283726309, 5.7007471887370465e-05, 0.00015930104297947592]",79,0.002401930625179026,9.840890953344505e-08,ACCEPTED,5c0842d6e6c149e129519615257537fa53a95fb19214adda9105346a9185b429,129ebb77396550b300b20ce29cde7b03919e6037b7a81de60fe75d6c6efb616d,"{""INLET"": ""fba5b444da15ebb7b881612acde9de1056395ff4c2903dd0b52e45e57b3fa9f5"", ""WALL"": ""06c5d1d1975cf9470096d9b7e560e2173c9733c847d5bc364aab7355ef12a11b""}",2026092494
6,45.500898240795955,2.3028465645327652e-06,1.1514232822663826e-06,"[2026092494, 6, 920, 1]",1,1,"[0.00010360740865981202, 5.7346312955905266e-05, 0.0001589974805719296]",130,0.002401930625345115,1.2547129646472988e-07,ACCEPTED,5c0842d6e6c149e129519615257537fa53a95fb19214adda9105346a9185b429,129ebb77396550b300b20ce29cde7b03919e6037b7a81de60fe75d6c6efb616d,"{""INLET"": ""fba5b444da15ebb7b881612acde9de1056395ff4c2903dd0b52e45e57b3fa9f5"", ""WALL"": ""06c5d1d1975cf9470096d9b7e560e2173c9733c847d5bc364aab7355ef12a11b""}",2026092494
7,53.08438128092861,2.4666243300139127e-06,1.2333121650069564e-06,"[2026092494, 7, 920, 0]",0,3,"[0.0001038856018144363, 5.762903979398982e-05, 0.00015873125790949423]",114,0.0024019306239541223,9.917016026765395e-08,ACCEPTED,5c0842d6e6c149e129519615257537fa53a95fb19214adda9105346a9185b429,129ebb77396550b300b20ce29cde7b03919e6037b7a81de60fe75d6c6efb616d,"{""INLET"": ""fba5b444da15ebb7b881612acde9de1056395ff4c2903dd0b52e45e57b3fa9f5"", ""WALL"": ""06c5d1d1975cf9470096d9b7e560e2173c9733c847d5bc364aab7355ef12a11b""}",2026092494
8,60.667864321061266,1.394107654749802e-06,6.97053827374901e-07,"[2026092494, 8, 920, 0]",0,1,"[0.00010447168975598007, 5.778774937816577e-05, 0.00015856717644182835]",68,0.0024019306247078493,1.1488189227453705e-08,ACCEPTED,5c0842d6e6c149e129519615257537fa53a95fb19214adda9105346a9185b429,129ebb77396550b300b20ce29cde7b03919e6037b7a81de60fe75d6c6efb616d,"{""INLET"": ""fba5b444da15ebb7b881612acde9de1056395ff4c2903dd0b52e45e57b3fa9f5"", ""WALL"": ""06c5d1d1975cf9470096d9b7e560e2173c9733c847d5bc364aab7355ef12a11b""}",2026092494
9,68.25134736119392,2.667724018250322e-06,1.333862009125161e-06,"[2026092494, 9, 920, 0]",0,2,"[0.00010360673622889742, 5.7654515577944054e-05, 0.00015871760350480993]",157,0.0024019306250841884,8.871139684808892e-08,ACCEPTED,5c0842d6e6c149e129519615257537fa53a95fb19214adda9105346a9185b429,129ebb77396550b300b20ce29cde7b03919e6037b7a81de60fe75d6c6efb616d,"{""INLET"": ""fba5b444da15ebb7b881612acde9de1056395ff4c2903dd0b52e45e57b3fa9f5"", ""WALL"": ""06c5d1d1975cf9470096d9b7e560e2173c9733c847d5bc364aab7355ef12a11b""}",2026092494
10,75.83483040132658,1.4521301562679972e-06,7.260650781339986e-07,"[2026092494, 10, 920, 0]",0,1,"[0.00010442368828400278, 5.734553889956883e-05, 0.0001589704141965147]",109,0.002401930625310068,4.610170686563444e-08,ACCEPTED,5c0842d6e6c149e129519615257537fa53a95fb19214adda9105346a9185b429,129ebb77396550b300b20ce29cde7b03919e6037b7a81de60fe75d6c6efb616d,"{""INLET"": ""fba5b444da15ebb7b881612acde9de1056395ff4c2903dd0b52e45e57b3fa9f5"", ""WALL"": ""06c5d1d1975cf9470096d9b7e560e2173c9733c847d5bc364aab7355ef12a11b""}",2026092494
11,83.41831344145925,2.0161237637866517e-06,1.0080618818933259e-06,"[2026092494, 11, 920, 0]",0,5,"[0.00010360848853834571, 5.727830595954926e-05, 0.00015905920421341907]",83,0.002401930625402644,1.8070483702086654e-07,ACCEPTED,5c0842d6e6c149e129519615257537fa53a95fb19214adda9105346a9185b429,129ebb77396550b300b20ce29cde7b03919e6037b7a81de60fe75d6c6efb616d,"{""INLET"": ""fba5b444da15ebb7b881612acde9de1056395ff4c2903dd0b52e45e57b3fa9f5"", ""WALL"": ""06c5d1d1975cf9470096d9b7e560e2173c9733c847d5bc364aab7355ef12a11b""}",2026092494
12,91.00179648159191,3.125339251003848e-06,1.562669625501924e-06,"[2026092494, 12, 920, 1]",1,1,"[0.00010367288621220648, 5.755505954343225e-05, 0.00015880567937470808]",113,0.002401930624861421,2.6082111470127493e-09,ACCEPTED,5c0842d6e6c149e129519615257537fa53a95fb19214adda9105346a9185b429,129ebb77396550b300b20ce29cde7b03919e6037b7a81de60fe75d6c6efb616d,"{""INLET"": ""fba5b444da15ebb7b881612acde9de1056395ff4c2903dd0b52e45e57b3fa9f5"", ""WALL"": ""06c5d1d1975cf9470096d9b7e560e2173c9733c847d5bc364aab7355ef12a11b""}",2026092494
13,98.58527952172456,2.5432085592417575e-06,1.2716042796208787e-06,"[2026092494, 13, 920, 0]",0,7,"[0.00010368054474896682, 5.754090700299995e-05, 0.00015881827128925725]",113,0.0024019306248974823,2.7466543242434366e-07,ACCEPTED,5c0842d6e6c149e129519615257537fa53a95fb19214adda9105346a9185b429,129ebb77396550b300b20ce29cde7b03919e6037b7a81de60fe75d6c6efb616d,"{""INLET"": ""fba5b444da15ebb7b881612acde9de1056395ff4c2903dd0b52e45e57b3fa9f5"", ""WALL"": ""06c5d1d1975cf9470096d9b7e560e2173c9733c847d5bc364aab7355ef12a11b""}",2026092494
14,106.16876256185722,1.077281573706149e-06,5.386407868530745e-07,"[2026092494, 14, 920, 0]",0,4,"[0.00010460119767368957, 5.741870972921203e-05, 0.0001588979197288965]",111,0.0024019306251795002,8.634202211203905e-08,ACCEPTED,5c0842d6e6c149e129519615257537fa53a95fb19214adda9105346a9185b429,129ebb77396550b300b20ce29cde7b03919e6037b7a81de60fe75d6c6efb616d,"{""INLET"": ""fba5b444da15ebb7b881612acde9de1056395ff4c2903dd0b52e45e57b3fa9f5"", ""WALL"": ""06c5d1d1975cf9470096d9b7e560e2173c9733c847d5bc364aab7355ef12a11b""}",2026092494
15,113.75224560198988,3.074036457767842e-06,1.537018228883921e-06,"[2026092494, 15, 920, 0]",0,1,"[0.00010369270114819001, 5.75610862686003e-05, 0.00015879953156899696]",113,0.0024019306248608307,1.0691411120126247e-08,ACCEPTED,5c0842d6e6c149e129519615257537fa53a95fb19214adda9105346a9185b429,129ebb77396550b300b20ce29cde7b03919e6037b7a81de60fe75d6c6efb616d,"{""INLET"": ""fba5b444da15ebb7b881612acde9de1056395ff4c2903dd0b52e45e57b3fa9f5"", ""WALL"": ""06c5d1d1975cf9470096d9b7e560e2173c9733c847d5bc364aab7355ef12a11b""}",2026092494
16,121.33572864212253,1.563713567200501e-06,7.818567836002506e-07,"[2026092494, 16, 920, 0]",0,1,"[0.00010429168361422543, 5.7609087717006554e-05, 0.00015873555696657563]",116,0.0024019306245688698,1.6337459501852213e-07,ACCEPTED,5c0842d6e6c149e129519615257537fa53a95fb19214adda9105346a9185b429,129ebb77396550b300b20ce29cde7b03919e6037b7a81de60fe75d6c6efb616d,"{""INLET"": ""fba5b444da15ebb7b881612acde9de1056395ff4c2903dd0b52e45e57b3fa9f5"", ""WALL"": ""06c5d1d1975cf9470096d9b7e560e2173c9733c847d5bc364aab7355ef12a11b""}",2026092494
17,128.9192116822552,3.0251007129552457e-06,1.5125503564776229e-06,"[2026092494, 17, 920, 0]",0,1,"[0.00010364794217428203, 5.753218808332757e-05, 0.00015882729888976168]",131,0.002401930625303685,1.5565632789019618e-08,ACCEPTED,5c0842d6e6c149e129519615257537fa53a95fb19214adda9105346a9185b429,129ebb77396550b300b20ce29cde7b03919e6037b7a81de60fe75d6c6efb616d,"{""INLET"": ""fba5b444da15ebb7b881612acde9de1056395ff4c2903dd0b52e45e57b3fa9f5"", ""WALL"": ""06c5d1d1975cf9470096d9b7e560e2173c9733c847d5bc364aab7355ef12a11b""}",2026092494
18,136.50269472238784,1.656554814072478e-06,8.28277407036239e-07,"[2026092494, 18, 920, 0]",0,2,"[0.00010407731662857775, 5.776845121334207e-05, 0.00015859812944848397]",160,0.002401930624929628,2.4082466471264237e-07,ACCEPTED,5c0842d6e6c149e129519615257537fa53a95fb19214adda9105346a9185b429,129ebb77396550b300b20ce29cde7b03919e6037b7a81de60fe75d6c6efb616d,"{""INLET"": ""fba5b444da15ebb7b881612acde9de1056395ff4c2903dd0b52e45e57b3fa9f5"", ""WALL"": ""06c5d1d1975cf9470096d9b7e560e2173c9733c847d5bc364aab7355ef12a11b""}",2026092494
19,144.08617776252052,1.8852574628297946e-06,9.426287314148973e-07,"[2026092494, 19, 920, 0]",0,1,"[0.00010333193053475428, 5.762706759979922e-05, 0.0001587518740862937]",171,0.0024019306249660932,2.707631821253404e-07,ACCEPTED,5c0842d6e6c149e129519615257537fa53a95fb19214adda9105346a9185b429,129ebb77396550b300b20ce29cde7b03919e6037b7a81de60fe75d6c6efb616d,"{""INLET"": ""fba5b444da15ebb7b881612acde9de1056395ff4c2903dd0b52e45e57b3fa9f5"", ""WALL"": ""06c5d1d1975cf9470096d9b7e560e2173c9733c847d5bc364aab7355ef12a11b""}",2026092494
20,151.66966080265317,2.0049099061622528e-06,1.0024549530811264e-06,"[2026092494, 20, 920, 0]",0,1,"[0.00010352686549112194, 5.762763362358044e-05, 0.00015874473304417638]",170,0.0024019306248820086,3.89972051121793e-07,ACCEPTED,5c0842d6e6c149e129519615257537fa53a95fb19214adda9105346a9185b429,129ebb77396550b300b20ce29cde7b03919e6037b7a81de60fe75d6c6efb616d,"{""INLET"": ""fba5b444da15ebb7b881612acde9de1056395ff4c2903dd0b52e45e57b3fa9f5"", ""WALL"": ""06c5d1d1975cf9470096d9b7e560e2173c9733c847d5bc364aab7355ef12a11b""}",2026092494
21,159.25314384278585,1.5621732995409164e-06,7.810866497704582e-07,"[2026092494, 21, 920, 0]",0,1,"[0.00010338578223248042, 5.724834098952535e-05, 0.00015909399517276203]",83,0.002401930625386678,2.797658889853331e-07,ACCEPTED,5c0842d6e6c149e129519615257537fa53a95fb19214adda9105346a9185b429,129ebb77396550b300b20ce29cde7b03919e6037b7a81de60fe75d6c6efb616d,"{""INLET"": ""fba5b444da15ebb7b881612acde9de1056395ff4c2903dd0b52e45e57b3fa9f5"", ""WALL"": ""06c5d1d1975cf9470096d9b7e560e2173c9733c847d5bc364aab7355ef12a11b""}",2026092494
22,166.8366268829185,2.062006661009599e-06,1.0310033305047994e-06,"[2026092494, 22, 920, 0]",0,5,"[0.000103614578879976, 5.724585541997834e-05, 0.0001590884663396258]",83,0.0024019306254117,1.155340525075907e-07,ACCEPTED,5c0842d6e6c149e129519615257537fa53a95fb19214adda9105346a9185b429,129ebb77396550b300b20ce29cde7b03919e6037b7a81de60fe75d6c6efb616d,"{""INLET"": ""fba5b444da15ebb7b881612acde9de1056395ff4c2903dd0b52e45e57b3fa9f5"", ""WALL"": ""06c5d1d1975cf9470096d9b7e560e2173c9733c847d5bc364aab7355ef12a11b""}",2026092494
23,174.42010992305114,2.524096526715119e-06,1.2620482633575595e-06,"[2026092494, 23, 920, 0]",0,1,"[0.00010354708165020427, 5.761357016199603e-05, 0.0001587568184411453]",170,0.002401930624812733,1.5758426190256057e-07,ACCEPTED,5c0842d6e6c149e129519615257537fa53a95fb19214adda9105346a9185b429,129ebb77396550b300b20ce29cde7b03919e6037b7a81de60fe75d6c6efb616d,"{""INLET"": ""fba5b444da15ebb7b881612acde9de1056395ff4c2903dd0b52e45e57b3fa9f5"", ""WALL"": ""06c5d1d1975cf9470096d9b7e560e2173c9733c847d5bc364aab7355ef12a11b""}",2026092494
24,182.00359296318382,1.8414324170497194e-06,9.207162085248597e-07,"[2026092494, 24, 920, 0]",0,1,"[0.00010415917944988875, 5.760438679705122e-05, 0.0001587443343405199]",116,0.002401930624952631,1.5738539028775638e-07,ACCEPTED,5c0842d6e6c149e129519615257537fa53a95fb19214adda9105346a9185b429,129ebb77396550b300b20ce29cde7b03919e6037b7a81de60fe75d6c6efb616d,"{""INLET"": ""fba5b444da15ebb7b881612acde9de1056395ff4c2903dd0b52e45e57b3fa9f5"", ""WALL"": ""06c5d1d1975cf9470096d9b7e560e2173c9733c847d5bc364aab7355ef12a11b""}",2026092494
25,189.58707600331647,2.908304337497281e-06,1.4541521687486404e-06,"[2026092494, 25, 920, 0]",0,1,"[0.00010365053117747866, 5.7509452769782876e-05, 0.0001588478578604784]",131,0.0024019306253227827,4.752080760829497e-08,ACCEPTED,5c0842d6e6c149e129519615257537fa53a95fb19214adda9105346a9185b429,129ebb77396550b300b20ce29cde7b03919e6037b7a81de60fe75d6c6efb616d,"{""INLET"": ""fba5b444da15ebb7b881612acde9de1056395ff4c2903dd0b52e45e57b3fa9f5"", ""WALL"": ""06c5d1d1975cf9470096d9b7e560e2173c9733c847d5bc364aab7355ef12a11b""}",2026092494
26,197.17055904344912,1.4202747708869629e-06,7.101373854434814e-07,"[2026092494, 26, 920, 0]",0,1,"[0.00010423644081057062, 5.796475695009713e-05, 0.00015841443927797213]",163,0.0024019306244314545,6.001256777648496e-08,ACCEPTED,5c0842d6e6c149e129519615257537fa53a95fb19214adda9105346a9185b429,129ebb77396550b300b20ce29cde7b03919e6037b7a81de60fe75d6c6efb616d,"{""INLET"": ""fba5b444da15ebb7b881612acde9de1056395ff4c2903dd0b52e45e57b3fa9f5"", ""WALL"": ""06c5d1d1975cf9470096d9b7e560e2173c9733c847d5bc364aab7355ef12a11b""}",2026092494
27,204.7540420835818,1.5290927600977037e-06,7.645463800488518e-07,"[2026092494, 27, 920, 0]",0,1,"[0.00010432035645814473, 5.733625000719591e-05, 0.00015898236455018694]",108,0.0024019306250430963,9.714627371320219e-08,ACCEPTED,5c0842d6e6c149e129519615257537fa53a95fb19214adda9105346a9185b429,129ebb77396550b300b20ce29cde7b03919e6037b7a81de60fe75d6c6efb616d,"{""INLET"": ""fba5b444da15ebb7b881612acde9de1056395ff4c2903dd0b52e45e57b3fa9f5"", ""WALL"": ""06c5d1d1975cf9470096d9b7e560e2173c9733c847d5bc364aab7355ef12a11b""}",2026092494
28,212.33752512371444,1.731783939097013e-06,8.658919695485065e-07,"[2026092494, 28, 920, 0]",0,1,"[0.00010410370933451963, 5.7722358097872e-05, 0.00015863909057166792]",160,0.002401930625282302,2.121422324454121e-07,ACCEPTED,5c0842d6e6c149e129519615257537fa53a95fb19214adda9105346a9185b429,129ebb77396550b300b20ce29cde7b03919e6037b7a81de60fe75d6c6efb616d,"{""INLET"": ""fba5b444da15ebb7b881612acde9de1056395ff4c2903dd0b52e45e57b3fa9f5"", ""WALL"": ""06c5d1d1975cf9470096d9b7e560e2173c9733c847d5bc364aab7355ef12a11b""}",2026092494
29,219.9210081638471,2.0675411617759595e-06,1.0337705808879797e-06,"[2026092494, 29, 920, 0]",0,1,"[0.00010364035839626365, 5.740147148148397e-05, 0.00015894626718349208]",131,0.0024019306253640588,3.244896889430779e-07,ACCEPTED,5c0842d6e6c149e129519615257537fa53a95fb19214adda9105346a9185b429,129ebb77396550b300b20ce29cde7b03919e6037b7a81de60fe75d6c6efb616d,"{""INLET"": ""fba5b444da15ebb7b881612acde9de1056395ff4c2903dd0b52e45e57b3fa9f5"", ""WALL"": ""06c5d1d1975cf9470096d9b7e560e2173c9733c847d5bc364aab7355ef12a11b""}",2026092494
30,227.50449120397977,1.7916419317779382e-06,8.958209658889691e-07,"[2026092494, 30, 920, 0]",0,1,"[0.00010358572343757932, 5.753668142263749e-05, 0.0001588253353989619]",131,0.0024019306251641657,5.822218744043028e-07,ACCEPTED,5c0842d6e6c149e129519615257537fa53a95fb19214adda9105346a9185b429,129ebb77396550b300b20ce29cde7b03919e6037b7a81de60fe75d6c6efb616d,"{""INLET"": ""fba5b444da15ebb7b881612acde9de1056395ff4c2903dd0b52e45e57b3fa9f5"", ""WALL"": ""06c5d1d1975cf9470096d9b7e560e2173c9733c847d5bc364aab7355ef12a11b""}",2026092494
31,235.08797424411242,1.9916992619556184e-06,9.958496309778092e-07,"[2026092494, 31, 920, 0]",0,1,"[0.00010390663965848977, 5.7527872327705126e-05, 0.0001588224111035864]",114,0.002401930624095916,3.3612595782751316e-07,ACCEPTED,5c0842d6e6c149e129519615257537fa53a95fb19214adda9105346a9185b429,129ebb77396550b300b20ce29cde7b03919e6037b7a81de60fe75d6c6efb616d,"{""INLET"": ""fba5b444da15ebb7b881612acde9de1056395ff4c2903dd0b52e45e57b3fa9f5"", ""WALL"": ""06c5d1d1975cf9470096d9b7e560e2173c9733c847d5bc364aab7355ef12a11b""}",2026092494
32,242.67145728424507,1.5980750742818479e-06,7.990375371409239e-07,"[2026092494, 32, 920, 0]",0,1,"[0.00010306200121135693, 5.772054710036312e-05, 0.0001586761550518669]",142,0.0024019306251857196,1.2552124476423282e-07,ACCEPTED,5c0842d6e6c149e129519615257537fa53a95fb19214adda9105346a9185b429,129ebb77396550b300b20ce29cde7b03919e6037b7a81de60fe75d6c6efb616d,"{""INLET"": ""fba5b444da15ebb7b881612acde9de1056395ff4c2903dd0b52e45e57b3fa9f5"", ""WALL"": ""06c5d1d1975cf9470096d9b7e560e2173c9733c847d5bc364aab7355ef12a11b""}",2026092494
33,250.25494032437774,2.1288894145065545e-06,1.0644447072532772e-06,"[2026092494, 33, 920, 0]",0,1,"[0.00010378255088303982, 5.722387164788381e-05, 0.000159102717049655]",117,0.0024019306251409104,4.4966666099229474e-08,ACCEPTED,5c0842d6e6c149e129519615257537fa53a95fb19214adda9105346a9185b429,129ebb77396550b300b20ce29cde7b03919e6037b7a81de60fe75d6c6efb616d,"{""INLET"": ""fba5b444da15ebb7b881612acde9de1056395ff4c2903dd0b52e45e57b3fa9f5"", ""WALL"": ""06c5d1d1975cf9470096d9b7e560e2173c9733c847d5bc364aab7355ef12a11b""}",2026092494
34,257.8384233645104,1.8261836045241694e-06,9.130918022620847e-07,"[2026092494, 34, 920, 0]",0,2,"[0.00010322763001399134, 5.7736027064197126e-05, 0.00015865646460572026]",142,0.00240193062469547,1.542058185403367e-07,ACCEPTED,5c0842d6e6c149e129519615257537fa53a95fb19214adda9105346a9185b429,129ebb77396550b300b20ce29cde7b03919e6037b7a81de60fe75d6c6efb616d,"{""INLET"": ""fba5b444da15ebb7b881612acde9de1056395ff4c2903dd0b52e45e57b3fa9f5"", ""WALL"": ""06c5d1d1975cf9470096d9b7e560e2173c9733c847d5bc364aab7355ef12a11b""}",2026092494
35,265.42190640464304,1.0924679610200697e-06,5.462339805100348e-07,"[2026092494, 35, 920, 0]",0,1,"[0.00010443537401986209, 5.728327071139606e-05, 0.00015902656555209205]",109,0.002401930625297444,1.8268653948937778e-07,ACCEPTED,5c0842d6e6c149e129519615257537fa53a95fb19214adda9105346a9185b429,129ebb77396550b300b20ce29cde7b03919e6037b7a81de60fe75d6c6efb616d,"{""INLET"": ""fba5b444da15ebb7b881612acde9de1056395ff4c2903dd0b52e45e57b3fa9f5"", ""WALL"": ""06c5d1d1975cf9470096d9b7e560e2173c9733c847d5bc364aab7355ef12a11b""}",2026092494
36,273.0053894447757,2.3460375809316787e-06,1.1730187904658393e-06,"[2026092494, 36, 920, 1]",1,1,"[0.00010354798389075114, 5.778248097375795e-05, 0.00015860338198039949]",157,0.002401930625505648,6.870848424458536e-08,ACCEPTED,5c0842d6e6c149e129519615257537fa53a95fb19214adda9105346a9185b429,129ebb77396550b300b20ce29cde7b03919e6037b7a81de60fe75d6c6efb616d,"{""INLET"": ""fba5b444da15ebb7b881612acde9de1056395ff4c2903dd0b52e45e57b3fa9f5"", ""WALL"": ""06c5d1d1975cf9470096d9b7e560e2173c9733c847d5bc364aab7355ef12a11b""}",2026092494
37,280.5888724849084,1.4130270283629069e-06,7.065135141814534e-07,"[2026092494, 37, 920, 0]",0,1,"[0.00010287400298479335, 5.745248537095167e-05, 0.00015892598908529042]",174,0.002401930624767182,4.808940490247762e-08,ACCEPTED,5c0842d6e6c149e129519615257537fa53a95fb19214adda9105346a9185b429,129ebb77396550b300b20ce29cde7b03919e6037b7a81de60fe75d6c6efb616d,"{""INLET"": ""fba5b444da15ebb7b881612acde9de1056395ff4c2903dd0b52e45e57b3fa9f5"", ""WALL"": ""06c5d1d1975cf9470096d9b7e560e2173c9733c847d5bc364aab7355ef12a11b""}",2026092494
38,288.17235552504104,2.7619324464652425e-06,1.3809662232326213e-06,"[2026092494, 38, 920, 0]",0,1,"[0.00010376982212752216, 5.744446848728245e-05, 0.0001589028125702557]",113,0.0024019306251669456,1.1073497088735263e-08,ACCEPTED,5c0842d6e6c149e129519615257537fa53a95fb19214adda9105346a9185b429,129ebb77396550b300b20ce29cde7b03919e6037b7a81de60fe75d6c6efb616d,"{""INLET"": ""fba5b444da15ebb7b881612acde9de1056395ff4c2903dd0b52e45e57b3fa9f5"", ""WALL"": ""06c5d1d1975cf9470096d9b7e560e2173c9733c847d5bc364aab7355ef12a11b""}",2026092494
39,295.7558385651737,1.3964522666099916e-06,6.982261333049958e-07,"[2026092494, 39, 920, 0]",0,2,"[0.0001043912339225145, 5.760025884457569e-05, 0.00015874018777249033]",110,0.0024019306253410607,1.48181417777128e-07,ACCEPTED,5c0842d6e6c149e129519615257537fa53a95fb19214adda9105346a9185b429,129ebb77396550b300b20ce29cde7b03919e6037b7a81de60fe75d6c6efb616d,"{""INLET"": ""fba5b444da15ebb7b881612acde9de1056395ff4c2903dd0b52e45e57b3fa9f5"", ""WALL"": ""06c5d1d1975cf9470096d9b7e560e2173c9733c847d5bc364aab7355ef12a11b""}",2026092494
40,303.33932160530634,2.1365867062044274e-06,1.0682933531022137e-06,"[2026092494, 40, 920, 0]",0,1,"[0.00010333372947622477, 5.773087058954217e-05, 0.00015865753884974578]",141,0.0024019306241881036,8.841845003054643e-08,ACCEPTED,5c0842d6e6c149e129519615257537fa53a95fb19214adda9105346a9185b429,129ebb77396550b300b20ce29cde7b03919e6037b7a81de60fe75d6c6efb616d,"{""INLET"": ""fba5b444da15ebb7b881612acde9de1056395ff4c2903dd0b52e45e57b3fa9f5"", ""WALL"": ""06c5d1d1975cf9470096d9b7e560e2173c9733c847d5bc364aab7355ef12a11b""}",2026092494
41,310.922804645439,2.583425093199358e-06,1.291712546599679e-06,"[2026092494, 41, 920, 0]",0,1,"[0.00010379728155879295, 5.750807069324544e-05, 0.0001588441172081946]",113,0.0024019306250444785,1.3764365959463687e-07,ACCEPTED,5c0842d6e6c149e129519615257537fa53a95fb19214adda9105346a9185b429,129ebb77396550b300b20ce29cde7b03919e6037b7a81de60fe75d6c6efb616d,"{""INLET"": ""fba5b444da15ebb7b881612acde9de1056395ff4c2903dd0b52e45e57b3fa9f5"", ""WALL"": ""06c5d1d1975cf9470096d9b7e560e2173c9733c847d5bc364aab7355ef12a11b""}",2026092494
42,318.5062876855717,1.8477057480656743e-06,9.238528740328371e-07,"[2026092494, 42, 920, 0]",0,2,"[0.0001042686731715772, 5.744050339515066e-05, 0.0001588894428325083]",107,0.002401930625083845,3.273897180582949e-08,ACCEPTED,5c0842d6e6c149e129519615257537fa53a95fb19214adda9105346a9185b429,129ebb77396550b300b20ce29cde7b03919e6037b7a81de60fe75d6c6efb616d,"{""INLET"": ""fba5b444da15ebb7b881612acde9de1056395ff4c2903dd0b52e45e57b3fa9f5"", ""WALL"": ""06c5d1d1975cf9470096d9b7e560e2173c9733c847d5bc364aab7355ef12a11b""}",2026092494
43,326.08977072570434,2.2358458667256654e-06,1.1179229333628327e-06,"[2026092494, 43, 920, 0]",0,1,"[0.00010349219245361343, 5.778794719277695e-05, 0.00015860031392715977]",156,0.0024019306254230853,9.404458553613704e-08,ACCEPTED,5c0842d6e6c149e129519615257537fa53a95fb19214adda9105346a9185b429,129ebb77396550b300b20ce29cde7b03919e6037b7a81de60fe75d6c6efb616d,"{""INLET"": ""fba5b444da15ebb7b881612acde9de1056395ff4c2903dd0b52e45e57b3fa9f5"", ""WALL"": ""06c5d1d1975cf9470096d9b7e560e2173c9733c847d5bc364aab7355ef12a11b""}",2026092494
44,333.673253765837,1.2854100010179075e-06,6.427050005089538e-07,"[2026092494, 44, 920, 1]",1,1,"[0.0001035113929646257, 5.71019125526855e-05, 0.00015922269697407813]",83,0.0024019306254379957,2.882615529933669e-07,ACCEPTED,5c0842d6e6c149e129519615257537fa53a95fb19214adda9105346a9185b429,129ebb77396550b300b20ce29cde7b03919e6037b7a81de60fe75d6c6efb616d,"{""INLET"": ""fba5b444da15ebb7b881612acde9de1056395ff4c2903dd0b52e45e57b3fa9f5"", ""WALL"": ""06c5d1d1975cf9470096d9b7e560e2173c9733c847d5bc364aab7355ef12a11b""}",2026092494
45,341.25673680596964,1.7939916480863282e-06,8.969958240431641e-07,"[2026092494, 45, 920, 0]",0,1,"[0.00010307058838816397, 5.737483733188992e-05, 0.0001589898309244315]",89,0.0024019306249733093,1.6840562031767188e-08,ACCEPTED,5c0842d6e6c149e129519615257537fa53a95fb19214adda9105346a9185b429,129ebb77396550b300b20ce29cde7b03919e6037b7a81de60fe75d6c6efb616d,"{""INLET"": ""fba5b444da15ebb7b881612acde9de1056395ff4c2903dd0b52e45e57b3fa9f5"", ""WALL"": ""06c5d1d1975cf9470096d9b7e560e2173c9733c847d5bc364aab7355ef12a11b""}",2026092494
46,348.8402198461023,1.3702843744971028e-06,6.851421872485514e-07,"[2026092494, 46, 920, 1]",1,1,"[0.00010281836116264642, 5.768519668185353e-05, 0.00015871654290320342]",177,0.0024019306251688807,1.294212194930352e-08,ACCEPTED,5c0842d6e6c149e129519615257537fa53a95fb19214adda9105346a9185b429,129ebb77396550b300b20ce29cde7b03919e6037b7a81de60fe75d6c6efb616d,"{""INLET"": ""fba5b444da15ebb7b881612acde9de1056395ff4c2903dd0b52e45e57b3fa9f5"", ""WALL"": ""06c5d1d1975cf9470096d9b7e560e2173c9733c847d5bc364aab7355ef12a11b""}",2026092494
47,356.42370288623493,1.8044135851159902e-06,9.022067925579951e-07,"[2026092494, 47, 920, 0]",0,1,"[0.00010410359235412479, 5.782942291106846e-05, 0.00015854186449171045]",160,0.002401930624691244,9.147394172380777e-08,ACCEPTED,5c0842d6e6c149e129519615257537fa53a95fb19214adda9105346a9185b429,129ebb77396550b300b20ce29cde7b03919e6037b7a81de60fe75d6c6efb616d,"{""INLET"": ""fba5b444da15ebb7b881612acde9de1056395ff4c2903dd0b52e45e57b3fa9f5"", ""WALL"": ""06c5d1d1975cf9470096d9b7e560e2173c9733c847d5bc364aab7355ef12a11b""}",2026092494
48,364.00718592636764,2.1712010470193887e-06,1.0856005235096944e-06,"[2026092494, 48, 920, 0]",0,1,"[0.00010355158148006601, 5.758964876467785e-05, 0.0001587783913644347]",170,0.002401930624770222,3.518555960800855e-07,ACCEPTED,5c0842d6e6c149e129519615257537fa53a95fb19214adda9105346a9185b429,129ebb77396550b300b20ce29cde7b03919e6037b7a81de60fe75d6c6efb616d,"{""INLET"": ""fba5b444da15ebb7b881612acde9de1056395ff4c2903dd0b52e45e57b3fa9f5"", ""WALL"": ""06c5d1d1975cf9470096d9b7e560e2173c9733c847d5bc364aab7355ef12a11b""}",2026092494
49,371.5906689665003,1.4333269859688137e-06,7.166634929844068e-07,"[2026092494, 49, 920, 0]",0,1,"[0.00010350943776867808, 5.8020958165715624e-05, 0.0001583881092382457]",129,0.0024019306246118475,2.0721094549109477e-07,ACCEPTED,5c0842d6e6c149e129519615257537fa53a95fb19214adda9105346a9185b429,129ebb77396550b300b20ce29cde7b03919e6037b7a81de60fe75d6c6efb616d,"{""INLET"": ""fba5b444da15ebb7b881612acde9de1056395ff4c2903dd0b52e45e57b3fa9f5"", ""WALL"": ""06c5d1d1975cf9470096d9b7e560e2173c9733c847d5bc364aab7355ef12a11b""}",2026092494
50,379.17415200663294,1.6413355554328207e-06,8.206677777164103e-07,"[2026092494, 50, 920, 0]",0,1,"[0.00010391316176220924, 5.726070154590037e-05, 0.00015906482240275925]",117,0.0024019306251534863,2.885046591827402e-07,ACCEPTED,5c0842d6e6c149e129519615257537fa53a95fb19214adda9105346a9185b429,129ebb77396550b300b20ce29cde7b03919e6037b7a81de60fe75d6c6efb616d,"{""INLET"": ""fba5b444da15ebb7b881612acde9de1056395ff4c2903dd0b52e45e57b3fa9f5"", ""WALL"": ""06c5d1d1975cf9470096d9b7e560e2173c9733c847d5bc364aab7355ef12a11b""}",2026092494
51,386.7576350467656,1.8399518093325525e-06,9.199759046662762e-07,"[2026092494, 51, 920, 0]",0,1,"[0.00010334254637265532, 5.765584585366395e-05, 0.00015872537639536387]",171,0.0024019306250228187,2.9450356328973864e-07,ACCEPTED,5c0842d6e6c149e129519615257537fa53a95fb19214adda9105346a9185b429,129ebb77396550b300b20ce29cde7b03919e6037b7a81de60fe75d6c6efb616d,"{""INLET"": ""fba5b444da15ebb7b881612acde9de1056395ff4c2903dd0b52e45e57b3fa9f5"", ""WALL"": ""06c5d1d1975cf9470096d9b7e560e2173c9733c847d5bc364aab7355ef12a11b""}",2026092494
52,394.34111808689823,1.8814149652603147e-06,9.407074826301573e-07,"[2026092494, 52, 920, 0]",0,1,"[0.00010405595723242771, 5.7564137925530006e-05, 0.0001587843966056547]",116,0.0024019306251480753,2.4386578354065814e-07,ACCEPTED,5c0842d6e6c149e129519615257537fa53a95fb19214adda9105346a9185b429,129ebb77396550b300b20ce29cde7b03919e6037b7a81de60fe75d6c6efb616d,"{""INLET"": ""fba5b444da15ebb7b881612acde9de1056395ff4c2903dd0b52e45e57b3fa9f5"", ""WALL"": ""06c5d1d1975cf9470096d9b7e560e2173c9733c847d5bc364aab7355ef12a11b""}",2026092494
53,401.9246011270309,2.332517724235432e-06,1.166258862117716e-06,"[2026092494, 53, 920, 0]",0,1,"[0.00010352385001112128, 5.7718366633275584e-05, 0.00015866243122342316]",157,0.00240193062535628,1.4066937967365502e-07,ACCEPTED,5c0842d6e6c149e129519615257537fa53a95fb19214adda9105346a9185b429,129ebb77396550b300b20ce29cde7b03919e6037b7a81de60fe75d6c6efb616d,"{""INLET"": ""fba5b444da15ebb7b881612acde9de1056395ff4c2903dd0b52e45e57b3fa9f5"", ""WALL"": ""06c5d1d1975cf9470096d9b7e560e2173c9733c847d5bc364aab7355ef12a11b""}",2026092494
54,409.5080841671636,1.5125191077128973e-06,7.562595538564487e-07,"[2026092494, 54, 920, 0]",0,2,"[0.00010352150518108148, 5.78618876785113e-05, 0.00015853216421018627]",156,0.002401930625124705,3.7693955456657034e-07,ACCEPTED,5c0842d6e6c149e129519615257537fa53a95fb19214adda9105346a9185b429,129ebb77396550b300b20ce29cde7b03919e6037b7a81de60fe75d6c6efb616d,"{""INLET"": ""fba5b444da15ebb7b881612acde9de1056395ff4c2903dd0b52e45e57b3fa9f5"", ""WALL"": ""06c5d1d1975cf9470096d9b7e560e2173c9733c847d5bc364aab7355ef12a11b""}",2026092494
55,417.09156720729624,2.0372280530871548e-06,1.0186140265435774e-06,"[2026092494, 55, 920, 0]",0,1,"[0.00010351132624914397, 5.759041089133957e-05, 0.00015877906783083565]",170,0.00240193062487267,3.795294825242248e-07,ACCEPTED,5c0842d6e6c149e129519615257537fa53a95fb19214adda9105346a9185b429,129ebb77396550b300b20ce29cde7b03919e6037b7a81de60fe75d6c6efb616d,"{""INLET"": ""fba5b444da15ebb7b881612acde9de1056395ff4c2903dd0b52e45e57b3fa9f5"", ""WALL"": ""06c5d1d1975cf9470096d9b7e560e2173c9733c847d5bc364aab7355ef12a11b""}",2026092494
56,424.6750502474289,1.680940178741049e-06,8.404700893705245e-07,"[2026092494, 56, 920, 0]",0,1,"[0.00010386596531423813, 5.7830138335242845e-05, 0.000158549295056647]",155,0.0024019306251402564,3.042534958298066e-07,ACCEPTED,5c0842d6e6c149e129519615257537fa53a95fb19214adda9105346a9185b429,129ebb77396550b300b20ce29cde7b03919e6037b7a81de60fe75d6c6efb616d,"{""INLET"": ""fba5b444da15ebb7b881612acde9de1056395ff4c2903dd0b52e45e57b3fa9f5"", ""WALL"": ""06c5d1d1975cf9470096d9b7e560e2173c9733c847d5bc364aab7355ef12a11b""}",2026092494
57,432.25853328756153,2.223133237633068e-06,1.111566618816534e-06,"[2026092494, 57, 920, 0]",0,3,"[0.00010364110709682431, 5.7606642385895525e-05, 0.0001587599137738269]",157,0.0024019306249122227,3.832488165851088e-07,ACCEPTED,5c0842d6e6c149e129519615257537fa53a95fb19214adda9105346a9185b429,129ebb77396550b300b20ce29cde7b03919e6037b7a81de60fe75d6c6efb616d,"{""INLET"": ""fba5b444da15ebb7b881612acde9de1056395ff4c2903dd0b52e45e57b3fa9f5"", ""WALL"": ""06c5d1d1975cf9470096d9b7e560e2173c9733c847d5bc364aab7355ef12a11b""}",2026092494
58,439.8420163276942,2.3839753907890737e-06,1.1919876953945369e-06,"[2026092494, 58, 920, 0]",0,1,"[0.00010359464800355126, 5.772661991255455e-05, 0.00015865252898755925]",157,0.0024019306252974237,1.364625981643131e-07,ACCEPTED,5c0842d6e6c149e129519615257537fa53a95fb19214adda9105346a9185b429,129ebb77396550b300b20ce29cde7b03919e6037b7a81de60fe75d6c6efb616d,"{""INLET"": ""fba5b444da15ebb7b881612acde9de1056395ff4c2903dd0b52e45e57b3fa9f5"", ""WALL"": ""06c5d1d1975cf9470096d9b7e560e2173c9733c847d5bc364aab7355ef12a11b""}",2026092494
59,447.4254993678269,2.7942654098793242e-06,1.3971327049396621e-06,"[2026092494, 59, 920, 0]",0,1,"[0.00010358165740084871, 5.765877147099998e-05, 0.0001587145907707908]",157,0.0024019306251248803,7.787442419137238e-09,ACCEPTED,5c0842d6e6c149e129519615257537fa53a95fb19214adda9105346a9185b429,129ebb77396550b300b20ce29cde7b03919e6037b7a81de60fe75d6c6efb616d,"{""INLET"": ""fba5b444da15ebb7b881612acde9de1056395ff4c2903dd0b52e45e57b3fa9f5"", ""WALL"": ""06c5d1d1975cf9470096d9b7e560e2173c9733c847d5bc364aab7355ef12a11b""}",2026092494
60,455.00898240795954,1.9104597833632794e-06,9.552298916816397e-07,"[2026092494, 60, 920, 0]",0,1,"[0.00010347657854833291, 5.7252302286065645e-05, 0.00015908730794940938]",83,0.002401930625395326,1.5556175470073766e-07,ACCEPTED,5c0842d6e6c149e129519615257537fa53a95fb19214adda9105346a9185b429,129ebb77396550b300b20ce29cde7b03919e6037b7a81de60fe75d6c6efb616d,"{""INLET"": ""fba5b444da15ebb7b881612acde9de1056395ff4c2903dd0b52e45e57b3fa9f5"", ""WALL"": ""06c5d1d1975cf9470096d9b7e560e2173c9733c847d5bc364aab7355ef12a11b""}",2026092494
61,462.5924654480922,2.0372462029360246e-06,1.0186231014680123e-06,"[2026092494, 61, 920, 2]",2,2,"[0.00010381324265001892, 5.773530847864999e-05, 0.00015863721023453182]",158,0.002401930624290453,2.647077610735755e-07,ACCEPTED,5c0842d6e6c149e129519615257537fa53a95fb19214adda9105346a9185b429,129ebb77396550b300b20ce29cde7b03919e6037b7a81de60fe75d6c6efb616d,"{""INLET"": ""fba5b444da15ebb7b881612acde9de1056395ff4c2903dd0b52e45e57b3fa9f5"", ""WALL"": ""06c5d1d1975cf9470096d9b7e560e2173c9733c847d5bc364aab7355ef12a11b""}",2026092494
62,470.17594848822483,2.7452735760196025e-06,1.3726367880098013e-06,"[2026092494, 62, 920, 0]",0,1,"[0.00010365854237564767, 5.742006428208125e-05, 0.00015892876338662753]",131,0.0024019306253930998,1.1923150437969352e-08,ACCEPTED,5c0842d6e6c149e129519615257537fa53a95fb19214adda9105346a9185b429,129ebb77396550b300b20ce29cde7b03919e6037b7a81de60fe75d6c6efb616d,"{""INLET"": ""fba5b444da15ebb7b881612acde9de1056395ff4c2903dd0b52e45e57b3fa9f5"", ""WALL"": ""06c5d1d1975cf9470096d9b7e560e2173c9733c847d5bc364aab7355ef12a11b""}",2026092494
63,477.7594315283575,1.6474430497279739e-06,8.237215248639869e-07,"[2026092494, 63, 920, 0]",0,3,"[0.00010376402970983643, 5.7176652092528856e-05, 0.0001591462305985285]",82,0.0024019306251315997,2.2659031016787672e-07,ACCEPTED,5c0842d6e6c149e129519615257537fa53a95fb19214adda9105346a9185b429,129ebb77396550b300b20ce29cde7b03919e6037b7a81de60fe75d6c6efb616d,"{""INLET"": ""fba5b444da15ebb7b881612acde9de1056395ff4c2903dd0b52e45e57b3fa9f5"", ""WALL"": ""06c5d1d1975cf9470096d9b7e560e2173c9733c847d5bc364aab7355ef12a11b""}",2026092494
64,485.34291456849013,2.619483063298242e-06,1.309741531649121e-06,"[2026092494, 64, 920, 0]",0,1,"[0.00010371580841097682, 5.765723548003035e-05, 0.0001587114266135477]",158,0.002401930624287373,1.1204875658754312e-07,ACCEPTED,5c0842d6e6c149e129519615257537fa53a95fb19214adda9105346a9185b429,129ebb77396550b300b20ce29cde7b03919e6037b7a81de60fe75d6c6efb616d,"{""INLET"": ""fba5b444da15ebb7b881612acde9de1056395ff4c2903dd0b52e45e57b3fa9f5"", ""WALL"": ""06c5d1d1975cf9470096d9b7e560e2173c9733c847d5bc364aab7355ef12a11b""}",2026092494
65,492.92639760862284,2.093241183541184e-06,1.046620591770592e-06,"[2026092494, 65, 920, 0]",0,3,"[0.00010405017101870177, 5.751698102608989e-05, 0.00015882741681373763]",116,0.002401930625032,1.4188431466643486e-07,ACCEPTED,5c0842d6e6c149e129519615257537fa53a95fb19214adda9105346a9185b429,129ebb77396550b300b20ce29cde7b03919e6037b7a81de60fe75d6c6efb616d,"{""INLET"": ""fba5b444da15ebb7b881612acde9de1056395ff4c2903dd0b52e45e57b3fa9f5"", ""WALL"": ""06c5d1d1975cf9470096d9b7e560e2173c9733c847d5bc364aab7355ef12a11b""}",2026092494
66,500.5098806487555,1.2634412736229709e-06,6.317206368114854e-07,"[2026092494, 66, 920, 0]",0,3,"[0.0001039268102749429, 5.7159958677429534e-05, 0.00015915585034860893]",117,0.0024019306250309728,3.491084704788652e-07,ACCEPTED,5c0842d6e6c149e129519615257537fa53a95fb19214adda9105346a9185b429,129ebb77396550b300b20ce29cde7b03919e6037b7a81de60fe75d6c6efb616d,"{""INLET"": ""fba5b444da15ebb7b881612acde9de1056395ff4c2903dd0b52e45e57b3fa9f5"", ""WALL"": ""06c5d1d1975cf9470096d9b7e560e2173c9733c847d5bc364aab7355ef12a11b""}",2026092494
67,508.09336368888813,2.3713960088827995e-06,1.1856980044413998e-06,"[2026092494, 67, 920, 0]",0,2,"[0.00010359808433015432, 5.756458912547417e-05, 0.00015879956999360022]",170,0.002401930624620368,3.0417876919850423e-07,ACCEPTED,5c0842d6e6c149e129519615257537fa53a95fb19214adda9105346a9185b429,129ebb77396550b300b20ce29cde7b03919e6037b7a81de60fe75d6c6efb616d,"{""INLET"": ""fba5b444da15ebb7b881612acde9de1056395ff4c2903dd0b52e45e57b3fa9f5"", ""WALL"": ""06c5d1d1975cf9470096d9b7e560e2173c9733c847d5bc364aab7355ef12a11b""}",2026092494
68,515.6768467290208,1.610874834637036e-06,8.05437417318518e-07,"[2026092494, 68, 920, 0]",0,4,"[0.00010418109129831796, 5.7259084158886486e-05, 0.00015905717619166894]",108,0.002401930624973704,1.2268068017990685e-07,ACCEPTED,5c0842d6e6c149e129519615257537fa53a95fb19214adda9105346a9185b429,129ebb77396550b300b20ce29cde7b03919e6037b7a81de60fe75d6c6efb616d,"{""INLET"": ""fba5b444da15ebb7b881612acde9de1056395ff4c2903dd0b52e45e57b3fa9f5"", ""WALL"": ""06c5d1d1975cf9470096d9b7e560e2173c9733c847d5bc364aab7355ef12a11b""}",2026092494
69,523.2603297691535,1.4090591844985578e-06,7.045295922492789e-07,"[2026092494, 69, 920, 0]",0,1,"[0.00010451096509622219, 5.767170733068989e-05, 0.00015867122395619383]",69,0.0024019306252790686,1.0604537614979691e-08,ACCEPTED,5c0842d6e6c149e129519615257537fa53a95fb19214adda9105346a9185b429,129ebb77396550b300b20ce29cde7b03919e6037b7a81de60fe75d6c6efb616d,"{""INLET"": ""fba5b444da15ebb7b881612acde9de1056395ff4c2903dd0b52e45e57b3fa9f5"", ""WALL"": ""06c5d1d1975cf9470096d9b7e560e2173c9733c847d5bc364aab7355ef12a11b""}",2026092494
70,530.8438128092861,2.057276899520795e-06,1.0286384497603976e-06,"[2026092494, 70, 920, 0]",0,1,"[0.00010321985134103573, 5.7564882772118615e-05, 0.00015881215992013316]",171,0.0024019306247786373,8.729784464061526e-08,ACCEPTED,5c0842d6e6c149e129519615257537fa53a95fb19214adda9105346a9185b429,129ebb77396550b300b20ce29cde7b03919e6037b7a81de60fe75d6c6efb616d,"{""INLET"": ""fba5b444da15ebb7b881612acde9de1056395ff4c2903dd0b52e45e57b3fa9f5"", ""WALL"": ""06c5d1d1975cf9470096d9b7e560e2173c9733c847d5bc364aab7355ef12a11b""}",2026092494
71,538.4272958494188,2.6019176353538723e-06,1.3009588176769362e-06,"[2026092494, 71, 920, 0]",0,1,"[0.00010369274419550567, 5.757980287986464e-05, 0.00015878253257630264]",114,0.002401930623150204,2.260615507963174e-07,ACCEPTED,5c0842d6e6c149e129519615257537fa53a95fb19214adda9105346a9185b429,129ebb77396550b300b20ce29cde7b03919e6037b7a81de60fe75d6c6efb616d,"{""INLET"": ""fba5b444da15ebb7b881612acde9de1056395ff4c2903dd0b52e45e57b3fa9f5"", ""WALL"": ""06c5d1d1975cf9470096d9b7e560e2173c9733c847d5bc364aab7355ef12a11b""}",2026092494
72,546.0107788895514,1.6194161154536332e-06,8.097080577268166e-07,"[2026092494, 72, 920, 0]",0,4,"[0.00010367154367765219, 5.80127947018533e-05, 0.00015839001091667092]",128,0.0024019306250558366,1.4088008111972308e-07,ACCEPTED,5c0842d6e6c149e129519615257537fa53a95fb19214adda9105346a9185b429,129ebb77396550b300b20ce29cde7b03919e6037b7a81de60fe75d6c6efb616d,"{""INLET"": ""fba5b444da15ebb7b881612acde9de1056395ff4c2903dd0b52e45e57b3fa9f5"", ""WALL"": ""06c5d1d1975cf9470096d9b7e560e2173c9733c847d5bc364aab7355ef12a11b""}",2026092494
73,553.5942619296841,2.3503310018281758e-06,1.1751655009140879e-06,"[2026092494, 73, 920, 0]",0,1,"[0.00010383780558792202, 5.7417638328953723e-05, 0.00015892486385598047]",113,0.002401930625269521,1.4697544640929977e-07,ACCEPTED,5c0842d6e6c149e129519615257537fa53a95fb19214adda9105346a9185b429,129ebb77396550b300b20ce29cde7b03919e6037b7a81de60fe75d6c6efb616d,"{""INLET"": ""fba5b444da15ebb7b881612acde9de1056395ff4c2903dd0b52e45e57b3fa9f5"", ""WALL"": ""06c5d1d1975cf9470096d9b7e560e2173c9733c847d5bc364aab7355ef12a11b""}",2026092494
74,561.1777449698168,2.3456084347360915e-06,1.1728042173680457e-06,"[2026092494, 74, 920, 0]",0,1,"[0.0001039228116802328, 5.7671521066429856e-05, 0.0001586914145641019]",115,0.0024019306240805212,9.846302568408118e-08,ACCEPTED,5c0842d6e6c149e129519615257537fa53a95fb19214adda9105346a9185b429,129ebb77396550b300b20ce29cde7b03919e6037b7a81de60fe75d6c6efb616d,"{""INLET"": ""fba5b444da15ebb7b881612acde9de1056395ff4c2903dd0b52e45e57b3fa9f5"", ""WALL"": ""06c5d1d1975cf9470096d9b7e560e2173c9733c847d5bc364aab7355ef12a11b""}",2026092494
75,568.7612280099494,2.565641440651987e-06,1.2828207203259936e-06,"[2026092494, 75, 920, 1]",1,1,"[0.00010344218125491112, 5.7551443364668064e-05, 0.00015881680982921618]",170,0.0024019306249961603,5.5523145027968535e-08,ACCEPTED,5c0842d6e6c149e129519615257537fa53a95fb19214adda9105346a9185b429,129ebb77396550b300b20ce29cde7b03919e6037b7a81de60fe75d6c6efb616d,"{""INLET"": ""fba5b444da15ebb7b881612acde9de1056395ff4c2903dd0b52e45e57b3fa9f5"", ""WALL"": ""06c5d1d1975cf9470096d9b7e560e2173c9733c847d5bc364aab7355ef12a11b""}",2026092494
76,576.3447110500821,2.1387971149670953e-06,1.0693985574835476e-06,"[2026092494, 76, 920, 0]",0,2,"[0.00010327835637947226, 5.7775348064380284e-05, 0.00015861902895721164]",141,0.002401930624131554,8.16575130864371e-09,ACCEPTED,5c0842d6e6c149e129519615257537fa53a95fb19214adda9105346a9185b429,129ebb77396550b300b20ce29cde7b03919e6037b7a81de60fe75d6c6efb616d,"{""INLET"": ""fba5b444da15ebb7b881612acde9de1056395ff4c2903dd0b52e45e57b3fa9f5"", ""WALL"": ""06c5d1d1975cf9470096d9b7e560e2173c9733c847d5bc364aab7355ef12a11b""}",2026092494
77,583.9281940902147,2.7984923905577713e-06,1.3992461952788857e-06,"[2026092494, 77, 920, 0]",0,3,"[0.00010362854976289735, 5.744868994353604e-05, 0.00015890378756845818]",131,0.0024019306253102468,1.697451603276376e-08,ACCEPTED,5c0842d6e6c149e129519615257537fa53a95fb19214adda9105346a9185b429,129ebb77396550b300b20ce29cde7b03919e6037b7a81de60fe75d6c6efb616d,"{""INLET"": ""fba5b444da15ebb7b881612acde9de1056395ff4c2903dd0b52e45e57b3fa9f5"", ""WALL"": ""06c5d1d1975cf9470096d9b7e560e2173c9733c847d5bc364aab7355ef12a11b""}",2026092494
78,591.5116771303474,3.0584008059845632e-06,1.5292004029922816e-06,"[2026092494, 78, 920, 0]",0,2,"[0.0001036620364351901, 5.757520268972997e-05, 0.00015878775560004054]",131,0.0024019306253093334,1.0950294988751813e-08,ACCEPTED,5c0842d6e6c149e129519615257537fa53a95fb19214adda9105346a9185b429,129ebb77396550b300b20ce29cde7b03919e6037b7a81de60fe75d6c6efb616d,"{""INLET"": ""fba5b444da15ebb7b881612acde9de1056395ff4c2903dd0b52e45e57b3fa9f5"", ""WALL"": ""06c5d1d1975cf9470096d9b7e560e2173c9733c847d5bc364aab7355ef12a11b""}",2026092494
79,599.0951601704801,1.7244481979474684e-06,8.622240989737342e-07,"[2026092494, 79, 920, 0]",0,1,"[0.00010310092038873312, 5.728892847373766e-05, 0.00015906682229610035]",88,0.00240193062518403,2.461085662579529e-08,ACCEPTED,5c0842d6e6c149e129519615257537fa53a95fb19214adda9105346a9185b429,129ebb77396550b300b20ce29cde7b03919e6037b7a81de60fe75d6c6efb616d,"{""INLET"": ""fba5b444da15ebb7b881612acde9de1056395ff4c2903dd0b52e45e57b3fa9f5"", ""WALL"": ""06c5d1d1975cf9470096d9b7e560e2173c9733c847d5bc364aab7355ef12a11b""}",2026092494
80,606.6786432106127,1.7933620640588786e-06,8.966810320294393e-07,"[2026092494, 80, 920, 1]",1,1,"[0.00010400096674396082, 5.787581290467512e-05, 0.00015850322708960916]",159,0.002401930624378544,1.2039423734501187e-07,ACCEPTED,5c0842d6e6c149e129519615257537fa53a95fb19214adda9105346a9185b429,129ebb77396550b300b20ce29cde7b03919e6037b7a81de60fe75d6c6efb616d,"{""INLET"": ""fba5b444da15ebb7b881612acde9de1056395ff4c2903dd0b52e45e57b3fa9f5"", ""WALL"": ""06c5d1d1975cf9470096d9b7e560e2173c9733c847d5bc364aab7355ef12a11b""}",2026092494
81,614.2621262507454,2.5160777011512697e-06,1.2580388505756349e-06,"[2026092494, 81, 920, 0]",0,2,"[0.00010349674986933305, 5.739030166848768e-05, 0.00015896129765814902]",130,0.002401930625112994,2.363759999856798e-08,ACCEPTED,5c0842d6e6c149e129519615257537fa53a95fb19214adda9105346a9185b429,129ebb77396550b300b20ce29cde7b03919e6037b7a81de60fe75d6c6efb616d,"{""INLET"": ""fba5b444da15ebb7b881612acde9de1056395ff4c2903dd0b52e45e57b3fa9f5"", ""WALL"": ""06c5d1d1975cf9470096d9b7e560e2173c9733c847d5bc364aab7355ef12a11b""}",2026092494
82,621.845609290878,2.4517646017954556e-06,1.2258823008977278e-06,"[2026092494, 82, 920, 0]",0,6,"[0.00010393185519197063, 5.76188498451539e-05, 0.0001587389372493214]",114,0.0024019306241580976,6.873434525367773e-08,ACCEPTED,5c0842d6e6c149e129519615257537fa53a95fb19214adda9105346a9185b429,129ebb77396550b300b20ce29cde7b03919e6037b7a81de60fe75d6c6efb616d,"{""INLET"": ""fba5b444da15ebb7b881612acde9de1056395ff4c2903dd0b52e45e57b3fa9f5"", ""WALL"": ""06c5d1d1975cf9470096d9b7e560e2173c9733c847d5bc364aab7355ef12a11b""}",2026092494
83,629.4290923310107,1.6725088634469024e-06,8.362544317234512e-07,"[2026092494, 83, 920, 0]",0,4,"[0.00010367063125495528, 5.797954172491862e-05, 0.00015842024220854515]",128,0.0024019306250976165,1.5925718981817277e-07,ACCEPTED,5c0842d6e6c149e129519615257537fa53a95fb19214adda9105346a9185b429,129ebb77396550b300b20ce29cde7b03919e6037b7a81de60fe75d6c6efb616d,"{""INLET"": ""fba5b444da15ebb7b881612acde9de1056395ff4c2903dd0b52e45e57b3fa9f5"", ""WALL"": ""06c5d1d1975cf9470096d9b7e560e2173c9733c847d5bc364aab7355ef12a11b""}",2026092494
84,637.0125753711434,1.4010131623841645e-06,7.005065811920822e-07,"[2026092494, 84, 920, 0]",0,2,"[0.00010286248231168914, 5.778230570749046e-05, 0.00015862685099549202]",143,0.0024019306252000116,9.528322601874621e-09,ACCEPTED,5c0842d6e6c149e129519615257537fa53a95fb19214adda9105346a9185b429,129ebb77396550b300b20ce29cde7b03919e6037b7a81de60fe75d6c6efb616d,"{""INLET"": ""fba5b444da15ebb7b881612acde9de1056395ff4c2903dd0b52e45e57b3fa9f5"", ""WALL"": ""06c5d1d1975cf9470096d9b7e560e2173c9733c847d5bc364aab7355ef12a11b""}",2026092494
85,644.596058411276,1.279891103636435e-06,6.399455518182175e-07,"[2026092494, 85, 920, 0]",0,1,"[0.00010334244342495192, 5.818324325037554e-05, 0.00015824641320642268]",105,0.0024019306251398037,2.7447272005547432e-08,ACCEPTED,5c0842d6e6c149e129519615257537fa53a95fb19214adda9105346a9185b429,129ebb77396550b300b20ce29cde7b03919e6037b7a81de60fe75d6c6efb616d,"{""INLET"": ""fba5b444da15ebb7b881612acde9de1056395ff4c2903dd0b52e45e57b3fa9f5"", ""WALL"": ""06c5d1d1975cf9470096d9b7e560e2173c9733c847d5bc364aab7355ef12a11b""}",2026092494
86,652.1795414514087,1.3065841618586957e-06,6.532920809293478e-07,"[2026092494, 86, 920, 0]",0,1,"[0.00010453657192759642, 5.754578344991962e-05, 0.00015878471406899662]",110,0.0024019306252651006,5.220747670268108e-08,ACCEPTED,5c0842d6e6c149e129519615257537fa53a95fb19214adda9105346a9185b429,129ebb77396550b300b20ce29cde7b03919e6037b7a81de60fe75d6c6efb616d,"{""INLET"": ""fba5b444da15ebb7b881612acde9de1056395ff4c2903dd0b52e45e57b3fa9f5"", ""WALL"": ""06c5d1d1975cf9470096d9b7e560e2173c9733c847d5bc364aab7355ef12a11b""}",2026092494
87,659.7630244915413,1.2163740386489485e-06,6.081870193244743e-07,"[2026092494, 87, 920, 0]",0,2,"[0.0001036364407093779, 5.801707469756622e-05, 0.0001583873176241173]",128,0.002401930624938515,3.369239797697424e-07,ACCEPTED,5c0842d6e6c149e129519615257537fa53a95fb19214adda9105346a9185b429,129ebb77396550b300b20ce29cde7b03919e6037b7a81de60fe75d6c6efb616d,"{""INLET"": ""fba5b444da15ebb7b881612acde9de1056395ff4c2903dd0b52e45e57b3fa9f5"", ""WALL"": ""06c5d1d1975cf9470096d9b7e560e2173c9733c847d5bc364aab7355ef12a11b""}",2026092494
88,667.346507531674,1.908983247819178e-06,9.54491623909589e-07,"[2026092494, 88, 920, 0]",0,1,"[0.00010400735979824486, 5.773864833086143e-05, 0.00015862757581285237]",161,0.0024019306246432777,1.9448644543817868e-07,ACCEPTED,5c0842d6e6c149e129519615257537fa53a95fb19214adda9105346a9185b429,129ebb77396550b300b20ce29cde7b03919e6037b7a81de60fe75d6c6efb616d,"{""INLET"": ""fba5b444da15ebb7b881612acde9de1056395ff4c2903dd0b52e45e57b3fa9f5"", ""WALL"": ""06c5d1d1975cf9470096d9b7e560e2173c9733c847d5bc364aab7355ef12a11b""}",2026092494
89,674.9299905718066,1.9183373776755828e-06,9.591686888377914e-07,"[2026092494, 89, 920, 0]",0,5,"[0.00010414556585317226, 5.738326982479848e-05, 0.0001589456044850294]",106,0.002401930624899814,8.677734945692012e-08,ACCEPTED,5c0842d6e6c149e129519615257537fa53a95fb19214adda9105346a9185b429,129ebb77396550b300b20ce29cde7b03919e6037b7a81de60fe75d6c6efb616d,"{""INLET"": ""fba5b444da15ebb7b881612acde9de1056395ff4c2903dd0b52e45e57b3fa9f5"", ""WALL"": ""06c5d1d1975cf9470096d9b7e560e2173c9733c847d5bc364aab7355ef12a11b""}",2026092494
90,682.5134736119393,1.397901051907813e-06,6.989505259539065e-07,"[2026092494, 90, 920, 0]",0,1,"[0.0001036843341357241, 5.7475054482658634e-05, 0.0001588779463759305]",113,0.0024019306250448996,7.604568158871187e-07,ACCEPTED,5c0842d6e6c149e129519615257537fa53a95fb19214adda9105346a9185b429,129ebb77396550b300b20ce29cde7b03919e6037b7a81de60fe75d6c6efb616d,"{""INLET"": ""fba5b444da15ebb7b881612acde9de1056395ff4c2903dd0b52e45e57b3fa9f5"", ""WALL"": ""06c5d1d1975cf9470096d9b7e560e2173c9733c847d5bc364aab7355ef12a11b""}",2026092494
91,690.096956652072,2.2691073235286197e-06,1.1345536617643099e-06,"[2026092494, 91, 920, 0]",0,1,"[0.00010353925236057109, 5.772668338192935e-05, 0.0001586543543624228]",157,0.0024019306253614996,1.7143775503684934e-07,ACCEPTED,5c0842d6e6c149e129519615257537fa53a95fb19214adda9105346a9185b429,129ebb77396550b300b20ce29cde7b03919e6037b7a81de60fe75d6c6efb616d,"{""INLET"": ""fba5b444da15ebb7b881612acde9de1056395ff4c2903dd0b52e45e57b3fa9f5"", ""WALL"": ""06c5d1d1975cf9470096d9b7e560e2173c9733c847d5bc364aab7355ef12a11b""}",2026092494
92,697.6804396922046,2.554377674045171e-06,1.2771888370225856e-06,"[2026092494, 92, 920, 0]",0,2,"[0.00010374603594690457, 5.736853815753437e-05, 0.00015897257868294323]",113,0.0024019306253189065,3.016998852693911e-08,ACCEPTED,5c0842d6e6c149e129519615257537fa53a95fb19214adda9105346a9185b429,129ebb77396550b300b20ce29cde7b03919e6037b7a81de60fe75d6c6efb616d,"{""INLET"": ""fba5b444da15ebb7b881612acde9de1056395ff4c2903dd0b52e45e57b3fa9f5"", ""WALL"": ""06c5d1d1975cf9470096d9b7e560e2173c9733c847d5bc364aab7355ef12a11b""}",2026092494
93,705.2639227323373,2.4848908536542303e-06,1.2424454268271152e-06,"[2026092494, 93, 920, 0]",0,3,"[0.00010384552982992481, 5.741645185192143e-05, 0.0001589256783765613]",113,0.002401930625277076,7.36977487445226e-08,ACCEPTED,5c0842d6e6c149e129519615257537fa53a95fb19214adda9105346a9185b429,129ebb77396550b300b20ce29cde7b03919e6037b7a81de60fe75d6c6efb616d,"{""INLET"": ""fba5b444da15ebb7b881612acde9de1056395ff4c2903dd0b52e45e57b3fa9f5"", ""WALL"": ""06c5d1d1975cf9470096d9b7e560e2173c9733c847d5bc364aab7355ef12a11b""}",2026092494
94,712.8474057724699,1.9517606921017856e-06,9.758803460508928e-07,"[2026092494, 94, 920, 0]",0,1,"[0.00010411890878651836, 5.728675055100155e-05, 0.0001590341644893091]",106,0.0024019306249259196,2.3642908760142063e-08,ACCEPTED,5c0842d6e6c149e129519615257537fa53a95fb19214adda9105346a9185b429,129ebb77396550b300b20ce29cde7b03919e6037b7a81de60fe75d6c6efb616d,"{""INLET"": ""fba5b444da15ebb7b881612acde9de1056395ff4c2903dd0b52e45e57b3fa9f5"", ""WALL"": ""06c5d1d1975cf9470096d9b7e560e2173c9733c847d5bc364aab7355ef12a11b""}",2026092494
95,720.4308888126026,1.6171086003911706e-06,8.085543001955853e-07,"[2026092494, 95, 920, 0]",0,1,"[0.00010354297950361664, 5.750346190932152e-05, 0.00015885695814833815]",131,0.0024019306250897187,6.120053380073493e-07,ACCEPTED,5c0842d6e6c149e129519615257537fa53a95fb19214adda9105346a9185b429,129ebb77396550b300b20ce29cde7b03919e6037b7a81de60fe75d6c6efb616d,"{""INLET"": ""fba5b444da15ebb7b881612acde9de1056395ff4c2903dd0b52e45e57b3fa9f5"", ""WALL"": ""06c5d1d1975cf9470096d9b7e560e2173c9733c847d5bc364aab7355ef12a11b""}",2026092494
96,728.0143718527353,2.5202371937473267e-06,1.2601185968736634e-06,"[2026092494, 96, 920, 0]",0,2,"[0.00010381185655362662, 5.746693740750537e-05, 0.0001588809762626948]",113,0.002401930625144371,1.2689339369157304e-07,ACCEPTED,5c0842d6e6c149e129519615257537fa53a95fb19214adda9105346a9185b429,129ebb77396550b300b20ce29cde7b03919e6037b7a81de60fe75d6c6efb616d,"{""INLET"": ""fba5b444da15ebb7b881612acde9de1056395ff4c2903dd0b52e45e57b3fa9f5"", ""WALL"": ""06c5d1d1975cf9470096d9b7e560e2173c9733c847d5bc364aab7355ef12a11b""}",2026092494
97,735.5978548928679,1.8640738412709558e-06,9.320369206354779e-07,"[2026092494, 97, 920, 0]",0,5,"[0.00010400860238638106, 5.778767951774872e-05, 0.0001585830055870789]",161,0.0024019306242024268,1.7126616681459978e-07,ACCEPTED,5c0842d6e6c149e129519615257537fa53a95fb19214adda9105346a9185b429,129ebb77396550b300b20ce29cde7b03919e6037b7a81de60fe75d6c6efb616d,"{""INLET"": ""fba5b444da15ebb7b881612acde9de1056395ff4c2903dd0b52e45e57b3fa9f5"", ""WALL"": ""06c5d1d1975cf9470096d9b7e560e2173c9733c847d5bc364aab7355ef12a11b""}",2026092494
98,743.1813379330006,1.2193795872536024e-06,6.096897936268012e-07,"[2026092494, 98, 920, 0]",0,1,"[0.00010392694212362454, 5.772644079080397e-05, 0.00015864139963460872]",161,0.0024019306246328078,6.109871782582847e-07,ACCEPTED,5c0842d6e6c149e129519615257537fa53a95fb19214adda9105346a9185b429,129ebb77396550b300b20ce29cde7b03919e6037b7a81de60fe75d6c6efb616d,"{""INLET"": ""fba5b444da15ebb7b881612acde9de1056395ff4c2903dd0b52e45e57b3fa9f5"", ""WALL"": ""06c5d1d1975cf9470096d9b7e560e2173c9733c847d5bc364aab7355ef12a11b""}",2026092494
99,750.7648209731332,1.8482581595356057e-06,9.241290797678029e-07,"[2026092494, 99, 920, 0]",0,1,"[0.00010349288526588651, 5.775561855070406e-05, 0.00015862965145363765]",157,0.00240193062549496,3.243519806676876e-07,ACCEPTED,5c0842d6e6c149e129519615257537fa53a95fb19214adda9105346a9185b429,129ebb77396550b300b20ce29cde7b03919e6037b7a81de60fe75d6c6efb616d,"{""INLET"": ""fba5b444da15ebb7b881612acde9de1056395ff4c2903dd0b52e45e57b3fa9f5"", ""WALL"": ""06c5d1d1975cf9470096d9b7e560e2173c9733c847d5bc364aab7355ef12a11b""}",2026092494
100,758.3483040132659,1.8834342725466362e-06,9.417171362733181e-07,"[2026092494, 100, 920, 0]",0,1,"[0.00010320321651487097, 5.7536958873027474e-05, 0.00015883808618047005]",173,0.0024019306248863324,1.576004711469058e-07,ACCEPTED,5c0842d6e6c149e129519615257537fa53a95fb19214adda9105346a9185b429,129ebb77396550b300b20ce29cde7b03919e6037b7a81de60fe75d6c6efb616d,"{""INLET"": ""fba5b444da15ebb7b881612acde9de1056395ff4c2903dd0b52e45e57b3fa9f5"", ""WALL"": ""06c5d1d1975cf9470096d9b7e560e2173c9733c847d5bc364aab7355ef12a11b""}",2026092494
101,765.9317870533986,3.021601836593758e-06,1.510800918296879e-06,"[2026092494, 101, 920, 0]",0,2,"[0.00010369404552260442, 5.755156641491823e-05, 0.00015880813127274167]",113,0.0024019306248826513,3.5383447397742214e-08,ACCEPTED,5c0842d6e6c149e129519615257537fa53a95fb19214adda9105346a9185b429,129ebb77396550b300b20ce29cde7b03919e6037b7a81de60fe75d6c6efb616d,"{""INLET"": ""fba5b444da15ebb7b881612acde9de1056395ff4c2903dd0b52e45e57b3fa9f5"", ""WALL"": ""06c5d1d1975cf9470096d9b7e560e2173c9733c847d5bc364aab7355ef12a11b""}",2026092494
102,773.5152700935312,2.132015291942894e-06,1.066007645971447e-06,"[2026092494, 102, 920, 0]",0,2,"[0.00010340473782923476, 5.75485254527911e-05, 0.00015882073298453315]",170,0.0024019306250867268,2.3488363664018835e-07,ACCEPTED,5c0842d6e6c149e129519615257537fa53a95fb19214adda9105346a9185b429,129ebb77396550b300b20ce29cde7b03919e6037b7a81de60fe75d6c6efb616d,"{""INLET"": ""fba5b444da15ebb7b881612acde9de1056395ff4c2903dd0b52e45e57b3fa9f5"", ""WALL"": ""06c5d1d1975cf9470096d9b7e560e2173c9733c847d5bc364aab7355ef12a11b""}",2026092494
103,781.0987531336639,1.4237799284088866e-06,7.118899642044433e-07,"[2026092494, 103, 920, 0]",0,1,"[0.00010353234499121494, 5.700316521696607e-05, 0.00015931166128674464]",73,0.002401930625353309,9.678317423744019e-08,ACCEPTED,5c0842d6e6c149e129519615257537fa53a95fb19214adda9105346a9185b429,129ebb77396550b300b20ce29cde7b03919e6037b7a81de60fe75d6c6efb616d,"{""INLET"": ""fba5b444da15ebb7b881612acde9de1056395ff4c2903dd0b52e45e57b3fa9f5"", ""WALL"": ""06c5d1d1975cf9470096d9b7e560e2173c9733c847d5bc364aab7355ef12a11b""}",2026092494
104,788.6822361737965,1.3735564965148457e-06,6.867782482574229e-07,"[2026092494, 104, 920, 0]",0,1,"[0.00010348070855255023, 5.7519456926873185e-05, 0.00015884455068433033]",170,0.002401930624857381,6.831788911924438e-07,ACCEPTED,5c0842d6e6c149e129519615257537fa53a95fb19214adda9105346a9185b429,129ebb77396550b300b20ce29cde7b03919e6037b7a81de60fe75d6c6efb616d,"{""INLET"": ""fba5b444da15ebb7b881612acde9de1056395ff4c2903dd0b52e45e57b3fa9f5"", ""WALL"": ""06c5d1d1975cf9470096d9b7e560e2173c9733c847d5bc364aab7355ef12a11b""}",2026092494
105,796.2657192139292,1.981480441218893e-06,9.907402206094464e-07,"[2026092494, 105, 920, 0]",0,2,"[0.00010376485249471621, 5.757712486510678e-05, 0.00015878251053806546]",114,0.0024019306234614917,4.811451936785851e-07,ACCEPTED,5c0842d6e6c149e129519615257537fa53a95fb19214adda9105346a9185b429,129ebb77396550b300b20ce29cde7b03919e6037b7a81de60fe75d6c6efb616d,"{""INLET"": ""fba5b444da15ebb7b881612acde9de1056395ff4c2903dd0b52e45e57b3fa9f5"", ""WALL"": ""06c5d1d1975cf9470096d9b7e560e2173c9733c847d5bc364aab7355ef12a11b""}",2026092494
106,803.8492022540618,1.5561331120797518e-06,7.780665560398759e-07,"[2026092494, 106, 920, 0]",0,1,"[0.00010351410907400219, 5.766489685455656e-05, 0.00015871132378893758]",157,0.0024019306252197293,5.738870675350352e-07,ACCEPTED,5c0842d6e6c149e129519615257537fa53a95fb19214adda9105346a9185b429,129ebb77396550b300b20ce29cde7b03919e6037b7a81de60fe75d6c6efb616d,"{""INLET"": ""fba5b444da15ebb7b881612acde9de1056395ff4c2903dd0b52e45e57b3fa9f5"", ""WALL"": ""06c5d1d1975cf9470096d9b7e560e2173c9733c847d5bc364aab7355ef12a11b""}",2026092494
107,811.4326852941945,2.6604922557078533e-06,1.3302461278539267e-06,"[2026092494, 107, 920, 0]",0,3,"[0.00010381069408796807, 5.741437690327297e-05, 0.00015892874876946927]",113,0.002401930625259354,5.1845739971848e-09,ACCEPTED,5c0842d6e6c149e129519615257537fa53a95fb19214adda9105346a9185b429,129ebb77396550b300b20ce29cde7b03919e6037b7a81de60fe75d6c6efb616d,"{""INLET"": ""fba5b444da15ebb7b881612acde9de1056395ff4c2903dd0b52e45e57b3fa9f5"", ""WALL"": ""06c5d1d1975cf9470096d9b7e560e2173c9733c847d5bc364aab7355ef12a11b""}",2026092494
108,819.0161683343272,2.0653853820570755e-06,1.0326926910285377e-06,"[2026092494, 108, 920, 0]",0,2,"[0.00010337317478933389, 5.776099727574921e-05, 0.0001586288354863656]",156,0.002401930625263899,1.2993277619211884e-07,ACCEPTED,5c0842d6e6c149e129519615257537fa53a95fb19214adda9105346a9185b429,129ebb77396550b300b20ce29cde7b03919e6037b7a81de60fe75d6c6efb616d,"{""INLET"": ""fba5b444da15ebb7b881612acde9de1056395ff4c2903dd0b52e45e57b3fa9f5"", ""WALL"": ""06c5d1d1975cf9470096d9b7e560e2173c9733c847d5bc364aab7355ef12a11b""}",2026092494
109,826.5996513744598,2.651098085955079e-06,1.3255490429775394e-06,"[2026092494, 109, 920, 0]",0,1,"[0.00010377896898677483, 5.768422417869588e-05, 0.00015868476955701544]",158,0.002401930624167326,3.473220923943304e-08,ACCEPTED,5c0842d6e6c149e129519615257537fa53a95fb19214adda9105346a9185b429,129ebb77396550b300b20ce29cde7b03919e6037b7a81de60fe75d6c6efb616d,"{""INLET"": ""fba5b444da15ebb7b881612acde9de1056395ff4c2903dd0b52e45e57b3fa9f5"", ""WALL"": ""06c5d1d1975cf9470096d9b7e560e2173c9733c847d5bc364aab7355ef12a11b""}",2026092494
110,834.1831344145925,1.7313332476903442e-06,8.656666238451721e-07,"[2026092494, 110, 920, 0]",0,1,"[0.0001036901793147976, 5.726678354785801e-05, 0.00015906688843155524]",82,0.002401930624945815,3.1413552051971706e-07,ACCEPTED,5c0842d6e6c149e129519615257537fa53a95fb19214adda9105346a9185b429,129ebb77396550b300b20ce29cde7b03919e6037b7a81de60fe75d6c6efb616d,"{""INLET"": ""fba5b444da15ebb7b881612acde9de1056395ff4c2903dd0b52e45e57b3fa9f5"", ""WALL"": ""06c5d1d1975cf9470096d9b7e560e2173c9733c847d5bc364aab7355ef12a11b""}",2026092494
111,841.7666174547251,1.7631005924961743e-06,8.815502962480871e-07,"[2026092494, 111, 920, 0]",0,6,"[0.00010377221444114413, 5.8014635036887534e-05, 0.00015838491590088125]",128,0.002401930625373333,5.627865747973794e-08,ACCEPTED,5c0842d6e6c149e129519615257537fa53a95fb19214adda9105346a9185b429,129ebb77396550b300b20ce29cde7b03919e6037b7a81de60fe75d6c6efb616d,"{""INLET"": ""fba5b444da15ebb7b881612acde9de1056395ff4c2903dd0b52e45e57b3fa9f5"", ""WALL"": ""06c5d1d1975cf9470096d9b7e560e2173c9733c847d5bc364aab7355ef12a11b""}",2026092494
112,849.3501004948578,1.1244525020110104e-06,5.622262510055052e-07,"[2026092494, 112, 920, 0]",0,4,"[0.00010366053152278593, 5.696404812485309e-05, 0.00015934282460014002]",79,0.002401930625201231,2.0705240552671085e-07,ACCEPTED,5c0842d6e6c149e129519615257537fa53a95fb19214adda9105346a9185b429,129ebb77396550b300b20ce29cde7b03919e6037b7a81de60fe75d6c6efb616d,"{""INLET"": ""fba5b444da15ebb7b881612acde9de1056395ff4c2903dd0b52e45e57b3fa9f5"", ""WALL"": ""06c5d1d1975cf9470096d9b7e560e2173c9733c847d5bc364aab7355ef12a11b""}",2026092494
113,856.9335835349905,1.6549127633183519e-06,8.274563816591759e-07,"[2026092494, 113, 920, 0]",0,2,"[0.00010379217414483347, 5.760858864202179e-05, 0.00015875300882441405]",114,0.002401930623562946,6.009326991954051e-07,ACCEPTED,5c0842d6e6c149e129519615257537fa53a95fb19214adda9105346a9185b429,129ebb77396550b300b20ce29cde7b03919e6037b7a81de60fe75d6c6efb616d,"{""INLET"": ""fba5b444da15ebb7b881612acde9de1056395ff4c2903dd0b52e45e57b3fa9f5"", ""WALL"": ""06c5d1d1975cf9470096d9b7e560e2173c9733c847d5bc364aab7355ef12a11b""}",2026092494
114,864.5170665751231,2.1547568652951124e-06,1.0773784326475562e-06,"[2026092494, 114, 920, 0]",0,2,"[0.00010319822063060565, 5.751216566684883e-05, 0.00015886077330291235]",173,0.002401930624963255,1.2736835132936104e-08,ACCEPTED,5c0842d6e6c149e129519615257537fa53a95fb19214adda9105346a9185b429,129ebb77396550b300b20ce29cde7b03919e6037b7a81de60fe75d6c6efb616d,"{""INLET"": ""fba5b444da15ebb7b881612acde9de1056395ff4c2903dd0b52e45e57b3fa9f5"", ""WALL"": ""06c5d1d1975cf9470096d9b7e560e2173c9733c847d5bc364aab7355ef12a11b""}",2026092494
115,872.1005496152558,2.0632650548083857e-06,1.0316325274041928e-06,"[2026092494, 115, 920, 0]",0,1,"[0.00010411352977870102, 5.751676745091773e-05, 0.00015882545628771995]",107,0.0024019306247341286,9.457585145872729e-08,ACCEPTED,5c0842d6e6c149e129519615257537fa53a95fb19214adda9105346a9185b429,129ebb77396550b300b20ce29cde7b03919e6037b7a81de60fe75d6c6efb616d,"{""INLET"": ""fba5b444da15ebb7b881612acde9de1056395ff4c2903dd0b52e45e57b3fa9f5"", ""WALL"": ""06c5d1d1975cf9470096d9b7e560e2173c9733c847d5bc364aab7355ef12a11b""}",2026092494
116,879.6840326553884,1.5335290228407804e-06,7.667645114203902e-07,"[2026092494, 116, 920, 0]",0,1,"[0.00010324280458444831, 5.786509969760741e-05, 0.0001585387256320979]",141,0.00240193062426666,2.0640501870507725e-07,ACCEPTED,5c0842d6e6c149e129519615257537fa53a95fb19214adda9105346a9185b429,129ebb77396550b300b20ce29cde7b03919e6037b7a81de60fe75d6c6efb616d,"{""INLET"": ""fba5b444da15ebb7b881612acde9de1056395ff4c2903dd0b52e45e57b3fa9f5"", ""WALL"": ""06c5d1d1975cf9470096d9b7e560e2173c9733c847d5bc364aab7355ef12a11b""}",2026092494
117,887.2675156955211,2.4942731323657187e-06,1.2471365661828593e-06,"[2026092494, 117, 920, 0]",0,1,"[0.00010336887423699582, 5.759278693245648e-05, 0.00015878175311550972]",170,0.002401930625234787,1.1991362730870486e-08,ACCEPTED,5c0842d6e6c149e129519615257537fa53a95fb19214adda9105346a9185b429,129ebb77396550b300b20ce29cde7b03919e6037b7a81de60fe75d6c6efb616d,"{""INLET"": ""fba5b444da15ebb7b881612acde9de1056395ff4c2903dd0b52e45e57b3fa9f5"", ""WALL"": ""06c5d1d1975cf9470096d9b7e560e2173c9733c847d5bc364aab7355ef12a11b""}",2026092494
118,894.8509987356538,1.7237953715525303e-06,8.618976857762652e-07,"[2026092494, 118, 920, 0]",0,2,"[0.00010307020211333028, 5.77979509620479e-05, 0.00015860558268705304]",142,0.0024019306253343095,2.914656067661837e-08,ACCEPTED,5c0842d6e6c149e129519615257537fa53a95fb19214adda9105346a9185b429,129ebb77396550b300b20ce29cde7b03919e6037b7a81de60fe75d6c6efb616d,"{""INLET"": ""fba5b444da15ebb7b881612acde9de1056395ff4c2903dd0b52e45e57b3fa9f5"", ""WALL"": ""06c5d1d1975cf9470096d9b7e560e2173c9733c847d5bc364aab7355ef12a11b""}",2026092494
119,902.4344817757864,2.298323393017576e-06,1.149161696508788e-06,"[2026092494, 119, 920, 0]",0,5,"[0.00010400667357167686, 5.764759505123719e-05, 0.00015871028693522846]",115,0.002401930624647481,6.218092091402547e-08,ACCEPTED,5c0842d6e6c149e129519615257537fa53a95fb19214adda9105346a9185b429,129ebb77396550b300b20ce29cde7b03919e6037b7a81de60fe75d6c6efb616d,"{""INLET"": ""fba5b444da15ebb7b881612acde9de1056395ff4c2903dd0b52e45e57b3fa9f5"", ""WALL"": ""06c5d1d1975cf9470096d9b7e560e2173c9733c847d5bc364aab7355ef12a11b""}",2026092494
120,910.0179648159191,2.344147628390121e-06,1.1720738141950605e-06,"[2026092494, 120, 920, 0]",0,6,"[0.0001039322334771231, 5.7447608728649404e-05, 0.00015889443126706972]",113,0.002401930625263956,1.0238879122089599e-07,ACCEPTED,5c0842d6e6c149e129519615257537fa53a95fb19214adda9105346a9185b429,129ebb77396550b300b20ce29cde7b03919e6037b7a81de60fe75d6c6efb616d,"{""INLET"": ""fba5b444da15ebb7b881612acde9de1056395ff4c2903dd0b52e45e57b3fa9f5"", ""WALL"": ""06c5d1d1975cf9470096d9b7e560e2173c9733c847d5bc364aab7355ef12a11b""}",2026092494
121,917.6014478560517,1.88600048634146e-06,9.4300024317073e-07,"[2026092494, 121, 920, 0]",0,2,"[0.00010312950285379266, 5.7651118711017654e-05, 0.00015873691018611932]",142,0.002401930624815086,6.692341138150211e-08,ACCEPTED,5c0842d6e6c149e129519615257537fa53a95fb19214adda9105346a9185b429,129ebb77396550b300b20ce29cde7b03919e6037b7a81de60fe75d6c6efb616d,"{""INLET"": ""fba5b444da15ebb7b881612acde9de1056395ff4c2903dd0b52e45e57b3fa9f5"", ""WALL"": ""06c5d1d1975cf9470096d9b7e560e2173c9733c847d5bc364aab7355ef12a11b""}",2026092494
122,925.1849308961844,2.9498801712311033e-06,1.4749400856155516e-06,"[2026092494, 122, 920, 1]",1,2,"[0.00010369062038850274, 5.7573856396484915e-05, 0.00015878800519320558]",113,0.0024019306248313824,5.994738596069979e-08,ACCEPTED,5c0842d6e6c149e129519615257537fa53a95fb19214adda9105346a9185b429,129ebb77396550b300b20ce29cde7b03919e6037b7a81de60fe75d6c6efb616d,"{""INLET"": ""fba5b444da15ebb7b881612acde9de1056395ff4c2903dd0b52e45e57b3fa9f5"", ""WALL"": ""06c5d1d1975cf9470096d9b7e560e2173c9733c847d5bc364aab7355ef12a11b""}",2026092494
123,932.7684139363171,2.419388125237679e-06,1.2096940626188394e-06,"[2026092494, 123, 920, 0]",0,2,"[0.00010389663417285294, 5.769498977379466e-05, 0.00015867099374555798]",161,0.0024019306248712997,6.250479172759617e-08,ACCEPTED,5c0842d6e6c149e129519615257537fa53a95fb19214adda9105346a9185b429,129ebb77396550b300b20ce29cde7b03919e6037b7a81de60fe75d6c6efb616d,"{""INLET"": ""fba5b444da15ebb7b881612acde9de1056395ff4c2903dd0b52e45e57b3fa9f5"", ""WALL"": ""06c5d1d1975cf9470096d9b7e560e2173c9733c847d5bc364aab7355ef12a11b""}",2026092494
124,940.3518969764497,1.7335967199204924e-06,8.667983599602462e-07,"[2026092494, 124, 920, 0]",0,1,"[0.00010346666759279122, 5.713147342599474e-05, 0.00015919737381569032]",83,0.0024019306254255725,8.952981727091937e-08,ACCEPTED,5c0842d6e6c149e129519615257537fa53a95fb19214adda9105346a9185b429,129ebb77396550b300b20ce29cde7b03919e6037b7a81de60fe75d6c6efb616d,"{""INLET"": ""fba5b444da15ebb7b881612acde9de1056395ff4c2903dd0b52e45e57b3fa9f5"", ""WALL"": ""06c5d1d1975cf9470096d9b7e560e2173c9733c847d5bc364aab7355ef12a11b""}",2026092494
125,947.9353800165824,1.6624116296804846e-06,8.312058148402423e-07,"[2026092494, 125, 920, 0]",0,1,"[0.00010433421139357802, 5.7588064250664195e-05, 0.00015875320363700445]",107,0.0024019306247378834,7.320600527121049e-08,ACCEPTED,5c0842d6e6c149e129519615257537fa53a95fb19214adda9105346a9185b429,129ebb77396550b300b20ce29cde7b03919e6037b7a81de60fe75d6c6efb616d,"{""INLET"": ""fba5b444da15ebb7b881612acde9de1056395ff4c2903dd0b52e45e57b3fa9f5"", ""WALL"": ""06c5d1d1975cf9470096d9b7e560e2173c9733c847d5bc364aab7355ef12a11b""}",2026092494
126,955.518863056715,2.888025949234492e-06,1.444012974617246e-06,"[2026092494, 126, 920, 0]",0,1,"[0.0001035691868600739, 5.754451443335255e-05, 0.0001588187845474878]",131,0.0024019306251231707,1.995514266971034e-08,ACCEPTED,5c0842d6e6c149e129519615257537fa53a95fb19214adda9105346a9185b429,129ebb77396550b300b20ce29cde7b03919e6037b7a81de60fe75d6c6efb616d,"{""INLET"": ""fba5b444da15ebb7b881612acde9de1056395ff4c2903dd0b52e45e57b3fa9f5"", ""WALL"": ""06c5d1d1975cf9470096d9b7e560e2173c9733c847d5bc364aab7355ef12a11b""}",2026092494
127,963.1023460968477,1.6676978777136472e-06,8.338489388568236e-07,"[2026092494, 127, 920, 0]",0,1,"[0.00010417484452800754, 5.7659088217085416e-05, 0.00015869412680069532]",116,0.002401930625060448,2.1069422983816608e-07,ACCEPTED,5c0842d6e6c149e129519615257537fa53a95fb19214adda9105346a9185b429,129ebb77396550b300b20ce29cde7b03919e6037b7a81de60fe75d6c6efb616d,"{""INLET"": ""fba5b444da15ebb7b881612acde9de1056395ff4c2903dd0b52e45e57b3fa9f5"", ""WALL"": ""06c5d1d1975cf9470096d9b7e560e2173c9733c847d5bc364aab7355ef12a11b""}",2026092494
128,970.6858291369803,1.339208192527781e-06,6.696040962638905e-07,"[2026092494, 128, 920, 0]",0,2,"[0.00010409415714283424, 5.810696230682536e-05, 0.0001582901240573073]",165,0.0024019306226182803,3.544321366162883e-08,ACCEPTED,5c0842d6e6c149e129519615257537fa53a95fb19214adda9105346a9185b429,129ebb77396550b300b20ce29cde7b03919e6037b7a81de60fe75d6c6efb616d,"{""INLET"": ""fba5b444da15ebb7b881612acde9de1056395ff4c2903dd0b52e45e57b3fa9f5"", ""WALL"": ""06c5d1d1975cf9470096d9b7e560e2173c9733c847d5bc364aab7355ef12a11b""}",2026092494
129,978.269312177113,2.0367135210151595e-06,1.0183567605075797e-06,"[2026092494, 129, 920, 0]",0,1,"[0.00010356354747686084, 5.7416455051615394e-05, 0.00015893527352521427]",131,0.0024019306251862552,3.3053600286048976e-07,ACCEPTED,5c0842d6e6c149e129519615257537fa53a95fb19214adda9105346a9185b429,129ebb77396550b300b20ce29cde7b03919e6037b7a81de60fe75d6c6efb616d,"{""INLET"": ""fba5b444da15ebb7b881612acde9de1056395ff4c2903dd0b52e45e57b3fa9f5"", ""WALL"": ""06c5d1d1975cf9470096d9b7e560e2173c9733c847d5bc364aab7355ef12a11b""}",2026092494
130,985.8527952172457,2.0720544851451785e-06,1.0360272425725892e-06,"[2026092494, 130, 920, 0]",0,2,"[0.00010411608756257532, 5.734083257286715e-05, 0.00015898514580509797]",106,0.002401930624897864,9.048602233679187e-09,ACCEPTED,5c0842d6e6c149e129519615257537fa53a95fb19214adda9105346a9185b429,129ebb77396550b300b20ce29cde7b03919e6037b7a81de60fe75d6c6efb616d,"{""INLET"": ""fba5b444da15ebb7b881612acde9de1056395ff4c2903dd0b52e45e57b3fa9f5"", ""WALL"": ""06c5d1d1975cf9470096d9b7e560e2173c9733c847d5bc364aab7355ef12a11b""}",2026092494
131,993.4362782573783,1.5817285076572535e-06,7.908642538286268e-07,"[2026092494, 131, 920, 0]",0,1,"[0.00010297598686683694, 5.747809747187006e-05, 0.00015889926241730826]",172,0.002401930624398793,7.11859134086001e-08,ACCEPTED,5c0842d6e6c149e129519615257537fa53a95fb19214adda9105346a9185b429,129ebb77396550b300b20ce29cde7b03919e6037b7a81de60fe75d6c6efb616d,"{""INLET"": ""fba5b444da15ebb7b881612acde9de1056395ff4c2903dd0b52e45e57b3fa9f5"", ""WALL"": ""06c5d1d1975cf9470096d9b7e560e2173c9733c847d5bc364aab7355ef12a11b""}",2026092494
132,1001.019761297511,2.6642720608780953e-06,1.3321360304390476e-06,"[2026092494, 132, 920, 0]",0,2,"[0.00010346828351938061, 5.758494304157858e-05, 0.00015878549726501036]",170,0.0024019306249740257,2.579337331556533e-08,ACCEPTED,5c0842d6e6c149e129519615257537fa53a95fb19214adda9105346a9185b429,129ebb77396550b300b20ce29cde7b03919e6037b7a81de60fe75d6c6efb616d,"{""INLET"": ""fba5b444da15ebb7b881612acde9de1056395ff4c2903dd0b52e45e57b3fa9f5"", ""WALL"": ""06c5d1d1975cf9470096d9b7e560e2173c9733c847d5bc364aab7355ef12a11b""}",2026092494
133,1008.6032443376436,1.6915213544493455e-06,8.457606772246727e-07,"[2026092494, 133, 920, 0]",0,1,"[0.0001032571561210502, 5.7283942496178115e-05, 0.0001590660377096333]",88,0.002401930625179668,1.650405429765443e-07,ACCEPTED,5c0842d6e6c149e129519615257537fa53a95fb19214adda9105346a9185b429,129ebb77396550b300b20ce29cde7b03919e6037b7a81de60fe75d6c6efb616d,"{""INLET"": ""fba5b444da15ebb7b881612acde9de1056395ff4c2903dd0b52e45e57b3fa9f5"", ""WALL"": ""06c5d1d1975cf9470096d9b7e560e2173c9733c847d5bc364aab7355ef12a11b""}",2026092494
134,1016.1867273777763,1.6560693197908815e-06,8.280346598954408e-07,"[2026092494, 134, 920, 0]",0,1,"[0.00010405031900294638, 5.7543123938872485e-05, 0.00015880367131531386]",116,0.002401930625105519,3.6387877320253267e-07,ACCEPTED,5c0842d6e6c149e129519615257537fa53a95fb19214adda9105346a9185b429,129ebb77396550b300b20ce29cde7b03919e6037b7a81de60fe75d6c6efb616d,"{""INLET"": ""fba5b444da15ebb7b881612acde9de1056395ff4c2903dd0b52e45e57b3fa9f5"", ""WALL"": ""06c5d1d1975cf9470096d9b7e560e2173c9733c847d5bc364aab7355ef12a11b""}",2026092494
135,1023.770210417909,1.4747609379178747e-06,7.373804689589373e-07,"[2026092494, 135, 920, 0]",0,1,"[0.00010441375028214707, 5.735541814746713e-05, 0.00015896178054515368]",109,0.002401930625312507,4.9031609975446924e-08,ACCEPTED,5c0842d6e6c149e129519615257537fa53a95fb19214adda9105346a9185b429,129ebb77396550b300b20ce29cde7b03919e6037b7a81de60fe75d6c6efb616d,"{""INLET"": ""fba5b444da15ebb7b881612acde9de1056395ff4c2903dd0b52e45e57b3fa9f5"", ""WALL"": ""06c5d1d1975cf9470096d9b7e560e2173c9733c847d5bc364aab7355ef12a11b""}",2026092494
136,1031.3536934580416,2.0104763707457546e-06,1.0052381853728773e-06,"[2026092494, 136, 920, 1]",1,5,"[0.00010406027491807208, 5.734073803107983e-05, 0.00015898712868374452]",106,0.0024019306248557054,8.396242800518113e-08,ACCEPTED,5c0842d6e6c149e129519615257537fa53a95fb19214adda9105346a9185b429,129ebb77396550b300b20ce29cde7b03919e6037b7a81de60fe75d6c6efb616d,"{""INLET"": ""fba5b444da15ebb7b881612acde9de1056395ff4c2903dd0b52e45e57b3fa9f5"", ""WALL"": ""06c5d1d1975cf9470096d9b7e560e2173c9733c847d5bc364aab7355ef12a11b""}",2026092494
137,1038.9371764981743,2.91651038415355e-06,1.458255192076775e-06,"[2026092494, 137, 920, 0]",0,4,"[0.00010367172214525976, 5.751341983598737e-05, 0.00015884353409982696]",131,0.002401930625367061,5.316779407639542e-08,ACCEPTED,5c0842d6e6c149e129519615257537fa53a95fb19214adda9105346a9185b429,129ebb77396550b300b20ce29cde7b03919e6037b7a81de60fe75d6c6efb616d,"{""INLET"": ""fba5b444da15ebb7b881612acde9de1056395ff4c2903dd0b52e45e57b3fa9f5"", ""WALL"": ""06c5d1d1975cf9470096d9b7e560e2173c9733c847d5bc364aab7355ef12a11b""}",2026092494
138,1046.520659538307,2.2871538506479e-06,1.14357692532395e-06,"[2026092494, 138, 920, 0]",0,1,"[0.0001032795667293711, 5.7476210596747604e-05, 0.000158890664279046]",173,0.0024019306249551597,1.6492899479589147e-08,ACCEPTED,5c0842d6e6c149e129519615257537fa53a95fb19214adda9105346a9185b429,129ebb77396550b300b20ce29cde7b03919e6037b7a81de60fe75d6c6efb616d,"{""INLET"": ""fba5b444da15ebb7b881612acde9de1056395ff4c2903dd0b52e45e57b3fa9f5"", ""WALL"": ""06c5d1d1975cf9470096d9b7e560e2173c9733c847d5bc364aab7355ef12a11b""}",2026092494
139,1054.1041425784395,1.7733012810951727e-06,8.866506405475864e-07,"[2026092494, 139, 920, 0]",0,2,"[0.0001037632362715582, 5.786589485280351e-05, 0.00015852031017587367]",147,0.002401930624934503,2.504370681925419e-07,ACCEPTED,5c0842d6e6c149e129519615257537fa53a95fb19214adda9105346a9185b429,129ebb77396550b300b20ce29cde7b03919e6037b7a81de60fe75d6c6efb616d,"{""INLET"": ""fba5b444da15ebb7b881612acde9de1056395ff4c2903dd0b52e45e57b3fa9f5"", ""WALL"": ""06c5d1d1975cf9470096d9b7e560e2173c9733c847d5bc364aab7355ef12a11b""}",2026092494
140,1061.6876256185722,1.1709433688376354e-06,5.854716844188177e-07,"[2026092494, 140, 920, 0]",0,1,"[0.00010386092865220811, 5.761149943002654e-05, 0.00015874802578485372]",114,0.0024019306238569813,7.804532909043988e-07,ACCEPTED,5c0842d6e6c149e129519615257537fa53a95fb19214adda9105346a9185b429,129ebb77396550b300b20ce29cde7b03919e6037b7a81de60fe75d6c6efb616d,"{""INLET"": ""fba5b444da15ebb7b881612acde9de1056395ff4c2903dd0b52e45e57b3fa9f5"", ""WALL"": ""06c5d1d1975cf9470096d9b7e560e2173c9733c847d5bc364aab7355ef12a11b""}",2026092494
141,1069.2711086587049,2.5963648780086437e-06,1.2981824390043218e-06,"[2026092494, 141, 920, 0]",0,2,"[0.00010360893677229008, 5.745253113302693e-05, 0.00015890096657004185]",131,0.002401930625264837,1.1613006249884865e-07,ACCEPTED,5c0842d6e6c149e129519615257537fa53a95fb19214adda9105346a9185b429,129ebb77396550b300b20ce29cde7b03919e6037b7a81de60fe75d6c6efb616d,"{""INLET"": ""fba5b444da15ebb7b881612acde9de1056395ff4c2903dd0b52e45e57b3fa9f5"", ""WALL"": ""06c5d1d1975cf9470096d9b7e560e2173c9733c847d5bc364aab7355ef12a11b""}",2026092494
142,1076.8545916988376,1.27156597962045e-06,6.35782989810225e-07,"[2026092494, 142, 920, 0]",0,1,"[0.00010404789150516699, 5.7749978648306164e-05, 0.0001586159063950503]",161,0.002401930624601805,4.723334453956407e-07,ACCEPTED,5c0842d6e6c149e129519615257537fa53a95fb19214adda9105346a9185b429,129ebb77396550b300b20ce29cde7b03919e6037b7a81de60fe75d6c6efb616d,"{""INLET"": ""fba5b444da15ebb7b881612acde9de1056395ff4c2903dd0b52e45e57b3fa9f5"", ""WALL"": ""06c5d1d1975cf9470096d9b7e560e2173c9733c847d5bc364aab7355ef12a11b""}",2026092494
143,1084.4380747389703,2.9640456515144645e-06,1.4820228257572323e-06,"[2026092494, 143, 920, 0]",0,3,"[0.0001036960648321446, 5.7588911454194994e-05, 0.0001587741481694135]",114,0.002401930623159851,3.27685733929108e-08,ACCEPTED,5c0842d6e6c149e129519615257537fa53a95fb19214adda9105346a9185b429,129ebb77396550b300b20ce29cde7b03919e6037b7a81de60fe75d6c6efb616d,"{""INLET"": ""fba5b444da15ebb7b881612acde9de1056395ff4c2903dd0b52e45e57b3fa9f5"", ""WALL"": ""06c5d1d1975cf9470096d9b7e560e2173c9733c847d5bc364aab7355ef12a11b""}",2026092494
144,1092.0215577791027,1.4532202807372376e-06,7.266101403686188e-07,"[2026092494, 144, 920, 0]",0,1,"[0.00010348000429733069, 5.7321361291883694e-05, 0.0001590244756709067]",130,0.00240193062534631,4.6782763962829885e-07,ACCEPTED,5c0842d6e6c149e129519615257537fa53a95fb19214adda9105346a9185b429,129ebb77396550b300b20ce29cde7b03919e6037b7a81de60fe75d6c6efb616d,"{""INLET"": ""fba5b444da15ebb7b881612acde9de1056395ff4c2903dd0b52e45e57b3fa9f5"", ""WALL"": ""06c5d1d1975cf9470096d9b7e560e2173c9733c847d5bc364aab7355ef12a11b""}",2026092494
145,1099.6050408192355,2.490285723897359e-06,1.2451428619486795e-06,"[2026092494, 145, 920, 0]",0,1,"[0.00010374541621535903, 5.7664269756803086e-05, 0.00015870403215372477]",158,0.002401930624202076,1.5559202043106703e-07,ACCEPTED,5c0842d6e6c149e129519615257537fa53a95fb19214adda9105346a9185b429,129ebb77396550b300b20ce29cde7b03919e6037b7a81de60fe75d6c6efb616d,"{""INLET"": ""fba5b444da15ebb7b881612acde9de1056395ff4c2903dd0b52e45e57b3fa9f5"", ""WALL"": ""06c5d1d1975cf9470096d9b7e560e2173c9733c847d5bc364aab7355ef12a11b""}",2026092494
146,1107.1885238593682,1.3091980168113198e-06,6.545990084056599e-07,"[2026092494, 146, 920, 0]",0,1,"[0.00010422021128673732, 5.746071032477316e-05, 0.00015887273900998697]",107,0.0024019306249845338,3.541606315600506e-07,ACCEPTED,5c0842d6e6c149e129519615257537fa53a95fb19214adda9105346a9185b429,129ebb77396550b300b20ce29cde7b03919e6037b7a81de60fe75d6c6efb616d,"{""INLET"": ""fba5b444da15ebb7b881612acde9de1056395ff4c2903dd0b52e45e57b3fa9f5"", ""WALL"": ""06c5d1d1975cf9470096d9b7e560e2173c9733c847d5bc364aab7355ef12a11b""}",2026092494
147,1114.7720068995009,1.6016481123684622e-06,8.008240561842311e-07,"[2026092494, 147, 920, 0]",0,1,"[0.00010352660127700404, 5.739118459458238e-05, 0.0001589594800616498]",130,0.0024019306251303386,4.996767131579446e-07,ACCEPTED,5c0842d6e6c149e129519615257537fa53a95fb19214adda9105346a9185b429,129ebb77396550b300b20ce29cde7b03919e6037b7a81de60fe75d6c6efb616d,"{""INLET"": ""fba5b444da15ebb7b881612acde9de1056395ff4c2903dd0b52e45e57b3fa9f5"", ""WALL"": ""06c5d1d1975cf9470096d9b7e560e2173c9733c847d5bc364aab7355ef12a11b""}",2026092494
148,1122.3554899396336,1.2302967976489382e-06,6.151483988244691e-07,"[2026092494, 148, 920, 0]",0,1,"[0.00010346714899221736, 5.723430673785933e-05, 0.00015910397118045654]",83,0.002401930625398983,4.695932361763272e-07,ACCEPTED,5c0842d6e6c149e129519615257537fa53a95fb19214adda9105346a9185b429,129ebb77396550b300b20ce29cde7b03919e6037b7a81de60fe75d6c6efb616d,"{""INLET"": ""fba5b444da15ebb7b881612acde9de1056395ff4c2903dd0b52e45e57b3fa9f5"", ""WALL"": ""06c5d1d1975cf9470096d9b7e560e2173c9733c847d5bc364aab7355ef12a11b""}",2026092494
149,1129.938972979766,1.6687310924887208e-06,8.343655462443604e-07,"[2026092494, 149, 920, 0]",0,1,"[0.00010371448442402832, 5.7337302436984456e-05, 0.0001590020196752797]",113,0.0024019306253674913,4.373931954592792e-07,ACCEPTED,5c0842d6e6c149e129519615257537fa53a95fb19214adda9105346a9185b429,129ebb77396550b300b20ce29cde7b03919e6037b7a81de60fe75d6c6efb616d,"{""INLET"": ""fba5b444da15ebb7b881612acde9de1056395ff4c2903dd0b52e45e57b3fa9f5"", ""WALL"": ""06c5d1d1975cf9470096d9b7e560e2173c9733c847d5bc364aab7355ef12a11b""}",2026092494
150,1137.5224560198988,1.8997841009661964e-06,9.498920504830982e-07,"[2026092494, 150, 920, 0]",0,1,"[0.00010393683274717146, 5.727312954708234e-05, 0.00015905272997958846]",112,0.0024019306253057265,1.6020492821598943e-07,ACCEPTED,5c0842d6e6c149e129519615257537fa53a95fb19214adda9105346a9185b429,129ebb77396550b300b20ce29cde7b03919e6037b7a81de60fe75d6c6efb616d,"{""INLET"": ""fba5b444da15ebb7b881612acde9de1056395ff4c2903dd0b52e45e57b3fa9f5"", ""WALL"": ""06c5d1d1975cf9470096d9b7e560e2173c9733c847d5bc364aab7355ef12a11b""}",2026092494
151,1145.1059390600315,2.658096060127062e-06,1.329048030063531e-06,"[2026092494, 151, 920, 0]",0,1,"[0.00010362466071049678, 5.7723427402806726e-05, 0.00015865440823970313]",157,0.0024019306252539797,9.358439714268342e-09,ACCEPTED,5c0842d6e6c149e129519615257537fa53a95fb19214adda9105346a9185b429,129ebb77396550b300b20ce29cde7b03919e6037b7a81de60fe75d6c6efb616d,"{""INLET"": ""fba5b444da15ebb7b881612acde9de1056395ff4c2903dd0b52e45e57b3fa9f5"", ""WALL"": ""06c5d1d1975cf9470096d9b7e560e2173c9733c847d5bc364aab7355ef12a11b""}",2026092494
152,1152.6894221001642,1.520472949808873e-06,7.602364749044365e-07,"[2026092494, 152, 920, 0]",0,2,"[0.00010362011731784592, 5.778207389580534e-05, 0.00015860129971854796]",157,0.002401930625421315,4.998365026325497e-07,ACCEPTED,5c0842d6e6c149e129519615257537fa53a95fb19214adda9105346a9185b429,129ebb77396550b300b20ce29cde7b03919e6037b7a81de60fe75d6c6efb616d,"{""INLET"": ""fba5b444da15ebb7b881612acde9de1056395ff4c2903dd0b52e45e57b3fa9f5"", ""WALL"": ""06c5d1d1975cf9470096d9b7e560e2173c9733c847d5bc364aab7355ef12a11b""}",2026092494
153,1160.2729051402969,3.1268905076942084e-06,1.5634452538471042e-06,"[2026092494, 153, 920, 1]",1,1,"[0.00010367318890915712, 5.7555385075845905e-05, 0.00015880537343610597]",113,0.0024019306248608974,2.0314565385387964e-09,ACCEPTED,5c0842d6e6c149e129519615257537fa53a95fb19214adda9105346a9185b429,129ebb77396550b300b20ce29cde7b03919e6037b7a81de60fe75d6c6efb616d,"{""INLET"": ""fba5b444da15ebb7b881612acde9de1056395ff4c2903dd0b52e45e57b3fa9f5"", ""WALL"": ""06c5d1d1975cf9470096d9b7e560e2173c9733c847d5bc364aab7355ef12a11b""}",2026092494
154,1167.8563881804293,1.5563310144667224e-06,7.781655072333612e-07,"[2026092494, 154, 920, 1]",1,1,"[0.000103479983018027, 5.721728670303267e-05, 0.0001591189908759632]",83,0.0024019306254047597,2.9277633506987376e-07,ACCEPTED,5c0842d6e6c149e129519615257537fa53a95fb19214adda9105346a9185b429,129ebb77396550b300b20ce29cde7b03919e6037b7a81de60fe75d6c6efb616d,"{""INLET"": ""fba5b444da15ebb7b881612acde9de1056395ff4c2903dd0b52e45e57b3fa9f5"", ""WALL"": ""06c5d1d1975cf9470096d9b7e560e2173c9733c847d5bc364aab7355ef12a11b""}",2026092494
155,1175.439871220562,1.7876075081783817e-06,8.938037540891909e-07,"[2026092494, 155, 920, 0]",0,1,"[0.00010397092738446993, 5.7126698651068796e-05, 0.00015918455474740886]",118,0.0024019306250622242,2.8347411632019924e-08,ACCEPTED,5c0842d6e6c149e129519615257537fa53a95fb19214adda9105346a9185b429,129ebb77396550b300b20ce29cde7b03919e6037b7a81de60fe75d6c6efb616d,"{""INLET"": ""fba5b444da15ebb7b881612acde9de1056395ff4c2903dd0b52e45e57b3fa9f5"", ""WALL"": ""06c5d1d1975cf9470096d9b7e560e2173c9733c847d5bc364aab7355ef12a11b""}",2026092494
156,1183.0233542606948,1.4288993761858056e-06,7.144496880929028e-07,"[2026092494, 156, 920, 0]",0,1,"[0.00010358160980978438, 5.789642645506033e-05, 0.00015849875391033897]",129,0.0024019306250935703,3.8737569270362424e-07,ACCEPTED,5c0842d6e6c149e129519615257537fa53a95fb19214adda9105346a9185b429,129ebb77396550b300b20ce29cde7b03919e6037b7a81de60fe75d6c6efb616d,"{""INLET"": ""fba5b444da15ebb7b881612acde9de1056395ff4c2903dd0b52e45e57b3fa9f5"", ""WALL"": ""06c5d1d1975cf9470096d9b7e560e2173c9733c847d5bc364aab7355ef12a11b""}",2026092494
157,1190.6068373008275,2.642149918631392e-06,1.321074959315696e-06,"[2026092494, 157, 920, 0]",0,1,"[0.00010361234678978932, 5.7660022045131454e-05, 0.0001587124117959051]",157,0.002401930625092936,9.6728413375929e-08,ACCEPTED,5c0842d6e6c149e129519615257537fa53a95fb19214adda9105346a9185b429,129ebb77396550b300b20ce29cde7b03919e6037b7a81de60fe75d6c6efb616d,"{""INLET"": ""fba5b444da15ebb7b881612acde9de1056395ff4c2903dd0b52e45e57b3fa9f5"", ""WALL"": ""06c5d1d1975cf9470096d9b7e560e2173c9733c847d5bc364aab7355ef12a11b""}",2026092494
158,1198.1903203409602,1.2347336168111761e-06,6.173668084055881e-07,"[2026092494, 158, 920, 0]",0,1,"[0.000104196657874324, 5.8002549628436715e-05, 0.00015838147142082526]",163,0.0024019306239993162,1.4413575178088487e-07,ACCEPTED,5c0842d6e6c149e129519615257537fa53a95fb19214adda9105346a9185b429,129ebb77396550b300b20ce29cde7b03919e6037b7a81de60fe75d6c6efb616d,"{""INLET"": ""fba5b444da15ebb7b881612acde9de1056395ff4c2903dd0b52e45e57b3fa9f5"", ""WALL"": ""06c5d1d1975cf9470096d9b7e560e2173c9733c847d5bc364aab7355ef12a11b""}",2026092494
159,1205.7738033810926,2.2380654377477015e-06,1.1190327188738507e-06,"[2026092494, 159, 920, 0]",0,6,"[0.00010387643373144492, 5.7428151055556755e-05, 0.00015891400156099297]",113,0.002401930625271092,1.8577224604280936e-07,ACCEPTED,5c0842d6e6c149e129519615257537fa53a95fb19214adda9105346a9185b429,129ebb77396550b300b20ce29cde7b03919e6037b7a81de60fe75d6c6efb616d,"{""INLET"": ""fba5b444da15ebb7b881612acde9de1056395ff4c2903dd0b52e45e57b3fa9f5"", ""WALL"": ""06c5d1d1975cf9470096d9b7e560e2173c9733c847d5bc364aab7355ef12a11b""}",2026092494
160,1213.3572864212254,1.6358038369684094e-06,8.179019184842047e-07,"[2026092494, 160, 920, 0]",0,2,"[0.00010347619769998179, 5.711367534875095e-05, 0.0001592132125505151]",81,0.0024019306253610776,1.1806742381724668e-07,ACCEPTED,5c0842d6e6c149e129519615257537fa53a95fb19214adda9105346a9185b429,129ebb77396550b300b20ce29cde7b03919e6037b7a81de60fe75d6c6efb616d,"{""INLET"": ""fba5b444da15ebb7b881612acde9de1056395ff4c2903dd0b52e45e57b3fa9f5"", ""WALL"": ""06c5d1d1975cf9470096d9b7e560e2173c9733c847d5bc364aab7355ef12a11b""}",2026092494
161,1220.940769461358,1.0506778532919917e-06,5.253389266459959e-07,"[2026092494, 161, 920, 0]",0,3,"[0.00010314465558112885, 5.776050922887709e-05, 0.0001586370530771686]",142,0.002401930625013783,4.5338073173394437e-07,ACCEPTED,5c0842d6e6c149e129519615257537fa53a95fb19214adda9105346a9185b429,129ebb77396550b300b20ce29cde7b03919e6037b7a81de60fe75d6c6efb616d,"{""INLET"": ""fba5b444da15ebb7b881612acde9de1056395ff4c2903dd0b52e45e57b3fa9f5"", ""WALL"": ""06c5d1d1975cf9470096d9b7e560e2173c9733c847d5bc364aab7355ef12a11b""}",2026092494
162,1228.5242525014908,1.8643441860664792e-06,9.321720930332396e-07,"[2026092494, 162, 920, 0]",0,1,"[0.00010368612035474952, 5.7673127799716815e-05, 0.00015869800180714247]",158,0.002401930624491455,4.768866551067572e-07,ACCEPTED,5c0842d6e6c149e129519615257537fa53a95fb19214adda9105346a9185b429,129ebb77396550b300b20ce29cde7b03919e6037b7a81de60fe75d6c6efb616d,"{""INLET"": ""fba5b444da15ebb7b881612acde9de1056395ff4c2903dd0b52e45e57b3fa9f5"", ""WALL"": ""06c5d1d1975cf9470096d9b7e560e2173c9733c847d5bc364aab7355ef12a11b""}",2026092494
163,1236.1077355416235,2.0692018236683174e-06,1.0346009118341587e-06,"[2026092494, 163, 920, 0]",0,1,"[0.0001039984335059946, 5.753118411491258e-05, 0.00015881627986888053]",115,0.002401930624535186,2.079363060707024e-07,ACCEPTED,5c0842d6e6c149e129519615257537fa53a95fb19214adda9105346a9185b429,129ebb77396550b300b20ce29cde7b03919e6037b7a81de60fe75d6c6efb616d,"{""INLET"": ""fba5b444da15ebb7b881612acde9de1056395ff4c2903dd0b52e45e57b3fa9f5"", ""WALL"": ""06c5d1d1975cf9470096d9b7e560e2173c9733c847d5bc364aab7355ef12a11b""}",2026092494
164,1243.691218581756,1.678374280387676e-06,8.39187140193838e-07,"[2026092494, 164, 920, 0]",0,1,"[0.0001041628602454619, 5.7361230787128566e-05, 0.0001589650314112209]",106,0.0024019306249234546,1.794332673445983e-07,ACCEPTED,5c0842d6e6c149e129519615257537fa53a95fb19214adda9105346a9185b429,129ebb77396550b300b20ce29cde7b03919e6037b7a81de60fe75d6c6efb616d,"{""INLET"": ""fba5b444da15ebb7b881612acde9de1056395ff4c2903dd0b52e45e57b3fa9f5"", ""WALL"": ""06c5d1d1975cf9470096d9b7e560e2173c9733c847d5bc364aab7355ef12a11b""}",2026092494
165,1251.2747016218887,2.041192450859629e-06,1.0205962254298146e-06,"[2026092494, 165, 920, 0]",0,2,"[0.00010400822810385565, 5.780966239313626e-05, 0.00015856305447993642]",160,0.0024019306244446995,6.29301303211124e-08,ACCEPTED,5c0842d6e6c149e129519615257537fa53a95fb19214adda9105346a9185b429,129ebb77396550b300b20ce29cde7b03919e6037b7a81de60fe75d6c6efb616d,"{""INLET"": ""fba5b444da15ebb7b881612acde9de1056395ff4c2903dd0b52e45e57b3fa9f5"", ""WALL"": ""06c5d1d1975cf9470096d9b7e560e2173c9733c847d5bc364aab7355ef12a11b""}",2026092494
166,1258.8581846620214,1.4497309670078019e-06,7.248654835039009e-07,"[2026092494, 166, 920, 0]",0,1,"[0.00010333236975013663, 5.798041432214801e-05, 0.00015843095132841794]",127,0.00240193062475542,1.8521620258840483e-07,ACCEPTED,5c0842d6e6c149e129519615257537fa53a95fb19214adda9105346a9185b429,129ebb77396550b300b20ce29cde7b03919e6037b7a81de60fe75d6c6efb616d,"{""INLET"": ""fba5b444da15ebb7b881612acde9de1056395ff4c2903dd0b52e45e57b3fa9f5"", ""WALL"": ""06c5d1d1975cf9470096d9b7e560e2173c9733c847d5bc364aab7355ef12a11b""}",2026092494
167,1266.441667702154,1.1415255973801054e-06,5.707627986900527e-07,"[2026092494, 167, 920, 0]",0,2,"[0.000103230873201409, 5.795993598930889e-05, 0.00015845300446319026]",137,0.0024019306245607213,3.0471923750277084e-07,ACCEPTED,5c0842d6e6c149e129519615257537fa53a95fb19214adda9105346a9185b429,129ebb77396550b300b20ce29cde7b03919e6037b7a81de60fe75d6c6efb616d,"{""INLET"": ""fba5b444da15ebb7b881612acde9de1056395ff4c2903dd0b52e45e57b3fa9f5"", ""WALL"": ""06c5d1d1975cf9470096d9b7e560e2173c9733c847d5bc364aab7355ef12a11b""}",2026092494
168,1274.0251507422868,1.257959088639004e-06,6.28979544319502e-07,"[2026092494, 168, 920, 0]",0,1,"[0.00010326384221960518, 5.699699404431612e-05, 0.00015932640486430237]",76,0.002401930625558659,7.289072981451303e-08,ACCEPTED,5c0842d6e6c149e129519615257537fa53a95fb19214adda9105346a9185b429,129ebb77396550b300b20ce29cde7b03919e6037b7a81de60fe75d6c6efb616d,"{""INLET"": ""fba5b444da15ebb7b881612acde9de1056395ff4c2903dd0b52e45e57b3fa9f5"", ""WALL"": ""06c5d1d1975cf9470096d9b7e560e2173c9733c847d5bc364aab7355ef12a11b""}",2026092494
169,1281.6086337824192,1.287014368955207e-06,6.435071844776035e-07,"[2026092494, 169, 920, 0]",0,2,"[0.0001042618829959794, 5.746153967087803e-05, 0.00015887056907031323]",107,0.002401930625019937,3.244979838035788e-07,ACCEPTED,5c0842d6e6c149e129519615257537fa53a95fb19214adda9105346a9185b429,129ebb77396550b300b20ce29cde7b03919e6037b7a81de60fe75d6c6efb616d,"{""INLET"": ""fba5b444da15ebb7b881612acde9de1056395ff4c2903dd0b52e45e57b3fa9f5"", ""WALL"": ""06c5d1d1975cf9470096d9b7e560e2173c9733c847d5bc364aab7355ef12a11b""}",2026092494
170,1289.192116822552,1.218528932277525e-06,6.092644661387625e-07,"[2026092494, 170, 920, 0]",0,1,"[0.00010435415336594677, 5.7235546563685014e-05, 0.00015907266964080804]",108,0.0024019306250497663,1.6294512443703656e-07,ACCEPTED,5c0842d6e6c149e129519615257537fa53a95fb19214adda9105346a9185b429,129ebb77396550b300b20ce29cde7b03919e6037b7a81de60fe75d6c6efb616d,"{""INLET"": ""fba5b444da15ebb7b881612acde9de1056395ff4c2903dd0b52e45e57b3fa9f5"", ""WALL"": ""06c5d1d1975cf9470096d9b7e560e2173c9733c847d5bc364aab7355ef12a11b""}",2026092494
171,1296.7755998626847,1.5567320150183491e-06,7.783660075091746e-07,"[2026092494, 171, 920, 0]",0,1,"[0.00010410389799535424, 5.707530038037402e-05, 0.00015922671028827053]",118,0.0024019306252721193,2.2042736096087182e-08,ACCEPTED,5c0842d6e6c149e129519615257537fa53a95fb19214adda9105346a9185b429,129ebb77396550b300b20ce29cde7b03919e6037b7a81de60fe75d6c6efb616d,"{""INLET"": ""fba5b444da15ebb7b881612acde9de1056395ff4c2903dd0b52e45e57b3fa9f5"", ""WALL"": ""06c5d1d1975cf9470096d9b7e560e2173c9733c847d5bc364aab7355ef12a11b""}",2026092494
172,1304.3590829028174,1.2338436421913363e-06,6.169218210956682e-07,"[2026092494, 172, 920, 0]",0,1,"[0.0001030502843425454, 5.808121262212017e-05, 0.0001583490146331037]",135,0.002401930624790475,1.7723267117196824e-08,ACCEPTED,5c0842d6e6c149e129519615257537fa53a95fb19214adda9105346a9185b429,129ebb77396550b300b20ce29cde7b03919e6037b7a81de60fe75d6c6efb616d,"{""INLET"": ""fba5b444da15ebb7b881612acde9de1056395ff4c2903dd0b52e45e57b3fa9f5"", ""WALL"": ""06c5d1d1975cf9470096d9b7e560e2173c9733c847d5bc364aab7355ef12a11b""}",2026092494
173,1311.94256594295,1.720579464084711e-06,8.602897320423555e-07,"[2026092494, 173, 920, 0]",0,2,"[0.0001043405895926471, 5.739816310858137e-05, 0.00015892545020620887]",107,0.0024019306252651466,1.5308209172351204e-08,ACCEPTED,5c0842d6e6c149e129519615257537fa53a95fb19214adda9105346a9185b429,129ebb77396550b300b20ce29cde7b03919e6037b7a81de60fe75d6c6efb616d,"{""INLET"": ""fba5b444da15ebb7b881612acde9de1056395ff4c2903dd0b52e45e57b3fa9f5"", ""WALL"": ""06c5d1d1975cf9470096d9b7e560e2173c9733c847d5bc364aab7355ef12a11b""}",2026092494
174,1319.5260489830825,2.4498390666193237e-06,1.2249195333096618e-06,"[2026092494, 174, 920, 0]",0,1,"[0.00010380732863532789, 5.768068475686219e-05, 0.00015868702056248064]",158,0.0024019306240325258,1.227345398058726e-07,ACCEPTED,5c0842d6e6c149e129519615257537fa53a95fb19214adda9105346a9185b429,129ebb77396550b300b20ce29cde7b03919e6037b7a81de60fe75d6c6efb616d,"{""INLET"": ""fba5b444da15ebb7b881612acde9de1056395ff4c2903dd0b52e45e57b3fa9f5"", ""WALL"": ""06c5d1d1975cf9470096d9b7e560e2173c9733c847d5bc364aab7355ef12a11b""}",2026092494
175,1327.1095320232153,1.7170097885379624e-06,8.585048942689812e-07,"[2026092494, 175, 920, 0]",0,4,"[0.00010345041783599377, 5.7670585857102226e-05, 0.00015870832208573208]",170,0.0024019306251306474,4.3899659650538304e-07,ACCEPTED,5c0842d6e6c149e129519615257537fa53a95fb19214adda9105346a9185b429,129ebb77396550b300b20ce29cde7b03919e6037b7a81de60fe75d6c6efb616d,"{""INLET"": ""fba5b444da15ebb7b881612acde9de1056395ff4c2903dd0b52e45e57b3fa9f5"", ""WALL"": ""06c5d1d1975cf9470096d9b7e560e2173c9733c847d5bc364aab7355ef12a11b""}",2026092494
176,1334.693015063348,1.5817513110375961e-06,7.908756555187981e-07,"[2026092494, 176, 920, 0]",0,2,"[0.00010382650932091715, 5.8054837603821585e-05, 0.00015834655772763948]",125,0.0024019306208468284,8.221639713420423e-08,ACCEPTED,5c0842d6e6c149e129519615257537fa53a95fb19214adda9105346a9185b429,129ebb77396550b300b20ce29cde7b03919e6037b7a81de60fe75d6c6efb616d,"{""INLET"": ""fba5b444da15ebb7b881612acde9de1056395ff4c2903dd0b52e45e57b3fa9f5"", ""WALL"": ""06c5d1d1975cf9470096d9b7e560e2173c9733c847d5bc364aab7355ef12a11b""}",2026092494
177,1342.2764981034807,2.110823554255455e-06,1.0554117771277274e-06,"[2026092494, 177, 920, 0]",0,2,"[0.00010379179731637144, 5.734488817958872e-05, 0.0001589924985911759]",112,0.0024019306254340475,2.0627482503153132e-07,ACCEPTED,5c0842d6e6c149e129519615257537fa53a95fb19214adda9105346a9185b429,129ebb77396550b300b20ce29cde7b03919e6037b7a81de60fe75d6c6efb616d,"{""INLET"": ""fba5b444da15ebb7b881612acde9de1056395ff4c2903dd0b52e45e57b3fa9f5"", ""WALL"": ""06c5d1d1975cf9470096d9b7e560e2173c9733c847d5bc364aab7355ef12a11b""}",2026092494
178,1349.8599811436131,2.8417884935990307e-06,1.4208942467995154e-06,"[2026092494, 178, 920, 0]",0,8,"[0.00010365628057297346, 5.749025698369921e-05, 0.00015886509487098488]",131,0.0024019306253467466,5.749610545939746e-08,ACCEPTED,5c0842d6e6c149e129519615257537fa53a95fb19214adda9105346a9185b429,129ebb77396550b300b20ce29cde7b03919e6037b7a81de60fe75d6c6efb616d,"{""INLET"": ""fba5b444da15ebb7b881612acde9de1056395ff4c2903dd0b52e45e57b3fa9f5"", ""WALL"": ""06c5d1d1975cf9470096d9b7e560e2173c9733c847d5bc364aab7355ef12a11b""}",2026092494
179,1357.4434641837458,3.081267694837059e-06,1.5406338474185295e-06,"[2026092494, 179, 920, 0]",0,2,"[0.00010368493452590855, 5.756504883354205e-05, 0.00015879619738139858]",113,0.0024019306248471363,7.390296485567226e-09,ACCEPTED,5c0842d6e6c149e129519615257537fa53a95fb19214adda9105346a9185b429,129ebb77396550b300b20ce29cde7b03919e6037b7a81de60fe75d6c6efb616d,"{""INLET"": ""fba5b444da15ebb7b881612acde9de1056395ff4c2903dd0b52e45e57b3fa9f5"", ""WALL"": ""06c5d1d1975cf9470096d9b7e560e2173c9733c847d5bc364aab7355ef12a11b""}",2026092494
180,1365.0269472238786,1.7759279987402076e-06,8.879639993701038e-07,"[2026092494, 180, 920, 0]",0,1,"[0.0001034896792050003, 5.741909395121386e-05, 0.00015893539054510816]",131,0.0024019306250222016,4.1820815527264266e-07,ACCEPTED,5c0842d6e6c149e129519615257537fa53a95fb19214adda9105346a9185b429,129ebb77396550b300b20ce29cde7b03919e6037b7a81de60fe75d6c6efb616d,"{""INLET"": ""fba5b444da15ebb7b881612acde9de1056395ff4c2903dd0b52e45e57b3fa9f5"", ""WALL"": ""06c5d1d1975cf9470096d9b7e560e2173c9733c847d5bc364aab7355ef12a11b""}",2026092494
181,1372.6104302640113,2.18124724266268e-06,1.09062362133134e-06,"[2026092494, 181, 920, 0]",0,1,"[0.00010347969781795902, 5.780378551596344e-05, 0.00015858635412103718]",156,0.002401930625312739,9.685793570666144e-08,ACCEPTED,5c0842d6e6c149e129519615257537fa53a95fb19214adda9105346a9185b429,129ebb77396550b300b20ce29cde7b03919e6037b7a81de60fe75d6c6efb616d,"{""INLET"": ""fba5b444da15ebb7b881612acde9de1056395ff4c2903dd0b52e45e57b3fa9f5"", ""WALL"": ""06c5d1d1975cf9470096d9b7e560e2173c9733c847d5bc364aab7355ef12a11b""}",2026092494
182,1380.193913304144,2.471502841794186e-06,1.235751420897093e-06,"[2026092494, 182, 920, 0]",0,3,"[0.00010397327343301735, 5.754011533464063e-05, 0.00015880902574289785]",114,0.0024019306243760977,3.344277536097878e-08,ACCEPTED,5c0842d6e6c149e129519615257537fa53a95fb19214adda9105346a9185b429,129ebb77396550b300b20ce29cde7b03919e6037b7a81de60fe75d6c6efb616d,"{""INLET"": ""fba5b444da15ebb7b881612acde9de1056395ff4c2903dd0b52e45e57b3fa9f5"", ""WALL"": ""06c5d1d1975cf9470096d9b7e560e2173c9733c847d5bc364aab7355ef12a11b""}",2026092494
183,1387.7773963442764,1.7465005188812189e-06,8.732502594406094e-07,"[2026092494, 183, 920, 0]",0,1,"[0.000103718794955203, 5.773512406712519e-05, 0.00015864058653572866]",158,0.0024019306246775307,4.466878651706094e-07,ACCEPTED,5c0842d6e6c149e129519615257537fa53a95fb19214adda9105346a9185b429,129ebb77396550b300b20ce29cde7b03919e6037b7a81de60fe75d6c6efb616d,"{""INLET"": ""fba5b444da15ebb7b881612acde9de1056395ff4c2903dd0b52e45e57b3fa9f5"", ""WALL"": ""06c5d1d1975cf9470096d9b7e560e2173c9733c847d5bc364aab7355ef12a11b""}",2026092494
184,1395.3608793844091,1.9649484019541883e-06,9.824742009770941e-07,"[2026092494, 184, 920, 0]",0,5,"[0.00010415383919870952, 5.7697699576672355e-05, 0.00015865977784460086]",164,0.0024019306254998455,6.753999578477001e-08,ACCEPTED,5c0842d6e6c149e129519615257537fa53a95fb19214adda9105346a9185b429,129ebb77396550b300b20ce29cde7b03919e6037b7a81de60fe75d6c6efb616d,"{""INLET"": ""fba5b444da15ebb7b881612acde9de1056395ff4c2903dd0b52e45e57b3fa9f5"", ""WALL"": ""06c5d1d1975cf9470096d9b7e560e2173c9733c847d5bc364aab7355ef12a11b""}",2026092494
185,1402.9443624245419,1.7017572117000628e-06,8.508786058500314e-07,"[2026092494, 185, 920, 0]",0,1,"[0.00010322777670849318, 5.744291128147454e-05, 0.00015892266653360048]",173,0.002401930625119356,2.4549090484415204e-07,ACCEPTED,5c0842d6e6c149e129519615257537fa53a95fb19214adda9105346a9185b429,129ebb77396550b300b20ce29cde7b03919e6037b7a81de60fe75d6c6efb616d,"{""INLET"": ""fba5b444da15ebb7b881612acde9de1056395ff4c2903dd0b52e45e57b3fa9f5"", ""WALL"": ""06c5d1d1975cf9470096d9b7e560e2173c9733c847d5bc364aab7355ef12a11b""}",2026092494
186,1410.5278454646746,2.505328576909509e-06,1.2526642884547546e-06,"[2026092494, 186, 920, 0]",0,6,"[0.0001037814415611033, 5.735994051621716e-05, 0.00015897918122243299]",113,0.002401930625360492,3.1621752899683e-08,ACCEPTED,5c0842d6e6c149e129519615257537fa53a95fb19214adda9105346a9185b429,129ebb77396550b300b20ce29cde7b03919e6037b7a81de60fe75d6c6efb616d,"{""INLET"": ""fba5b444da15ebb7b881612acde9de1056395ff4c2903dd0b52e45e57b3fa9f5"", ""WALL"": ""06c5d1d1975cf9470096d9b7e560e2173c9733c847d5bc364aab7355ef12a11b""}",2026092494
187,1418.1113285048073,2.0240368535889884e-06,1.0120184267944942e-06,"[2026092494, 187, 920, 0]",0,2,"[0.00010349327292486639, 5.781050101467131e-05, 0.00015857979362964833]",156,0.0024019306253126294,1.746233792577301e-07,ACCEPTED,5c0842d6e6c149e129519615257537fa53a95fb19214adda9105346a9185b429,129ebb77396550b300b20ce29cde7b03919e6037b7a81de60fe75d6c6efb616d,"{""INLET"": ""fba5b444da15ebb7b881612acde9de1056395ff4c2903dd0b52e45e57b3fa9f5"", ""WALL"": ""06c5d1d1975cf9470096d9b7e560e2173c9733c847d5bc364aab7355ef12a11b""}",2026092494
188,1425.6948115449397,2.0003671714231476e-06,1.0001835857115738e-06,"[2026092494, 188, 920, 0]",0,1,"[0.00010375544211953677, 5.766139330676059e-05, 0.0001587063039273009]",158,0.002401930624146024,3.992855096903316e-07,ACCEPTED,5c0842d6e6c149e129519615257537fa53a95fb19214adda9105346a9185b429,129ebb77396550b300b20ce29cde7b03919e6037b7a81de60fe75d6c6efb616d,"{""INLET"": ""fba5b444da15ebb7b881612acde9de1056395ff4c2903dd0b52e45e57b3fa9f5"", ""WALL"": ""06c5d1d1975cf9470096d9b7e560e2173c9733c847d5bc364aab7355ef12a11b""}",2026092494
189,1433.2782945850724,2.3591798061410056e-06,1.1795899030705028e-06,"[2026092494, 189, 920, 0]",0,3,"[0.0001038640418875574, 5.7628447196693086e-05, 0.00015873252974634369]",114,0.0024019306238617566,1.7225794727326156e-07,ACCEPTED,5c0842d6e6c149e129519615257537fa53a95fb19214adda9105346a9185b429,129ebb77396550b300b20ce29cde7b03919e6037b7a81de60fe75d6c6efb616d,"{""INLET"": ""fba5b444da15ebb7b881612acde9de1056395ff4c2903dd0b52e45e57b3fa9f5"", ""WALL"": ""06c5d1d1975cf9470096d9b7e560e2173c9733c847d5bc364aab7355ef12a11b""}",2026092494
190,1440.8617776252051,2.2632043323335677e-06,1.1316021661667839e-06,"[2026092494, 190, 920, 0]",0,6,"[0.00010355334848949523, 5.743728059811758e-05, 0.00015891670785579337]",131,0.002401930625151542,2.3608982776805835e-07,ACCEPTED,5c0842d6e6c149e129519615257537fa53a95fb19214adda9105346a9185b429,129ebb77396550b300b20ce29cde7b03919e6037b7a81de60fe75d6c6efb616d,"{""INLET"": ""fba5b444da15ebb7b881612acde9de1056395ff4c2903dd0b52e45e57b3fa9f5"", ""WALL"": ""06c5d1d1975cf9470096d9b7e560e2173c9733c847d5bc364aab7355ef12a11b""}",2026092494
191,1448.4452606653379,1.3886603102046014e-06,6.943301551023007e-07,"[2026092494, 191, 920, 0]",0,1,"[0.000103211543596871, 5.701960717870085e-05, 0.00015930764835522617]",91,0.00240193062552682,8.313331020065111e-09,ACCEPTED,5c0842d6e6c149e129519615257537fa53a95fb19214adda9105346a9185b429,129ebb77396550b300b20ce29cde7b03919e6037b7a81de60fe75d6c6efb616d,"{""INLET"": ""fba5b444da15ebb7b881612acde9de1056395ff4c2903dd0b52e45e57b3fa9f5"", ""WALL"": ""06c5d1d1975cf9470096d9b7e560e2173c9733c847d5bc364aab7355ef12a11b""}",2026092494
192,1456.0287437054706,1.281574056114371e-06,6.407870280571856e-07,"[2026092494, 192, 920, 0]",0,1,"[0.00010362552299167222, 5.8099716451018847e-05, 0.00015831263687653572]",123,0.002401930624057163,1.9279433384639848e-07,ACCEPTED,5c0842d6e6c149e129519615257537fa53a95fb19214adda9105346a9185b429,129ebb77396550b300b20ce29cde7b03919e6037b7a81de60fe75d6c6efb616d,"{""INLET"": ""fba5b444da15ebb7b881612acde9de1056395ff4c2903dd0b52e45e57b3fa9f5"", ""WALL"": ""06c5d1d1975cf9470096d9b7e560e2173c9733c847d5bc364aab7355ef12a11b""}",2026092494
193,1463.612226745603,1.620130658272266e-06,8.10065329136133e-07,"[2026092494, 193, 920, 0]",0,2,"[0.00010385332407747164, 5.805966611673853e-05, 0.00015834126098646757]",149,0.0024019306226894213,5.099472326683702e-08,ACCEPTED,5c0842d6e6c149e129519615257537fa53a95fb19214adda9105346a9185b429,129ebb77396550b300b20ce29cde7b03919e6037b7a81de60fe75d6c6efb616d,"{""INLET"": ""fba5b444da15ebb7b881612acde9de1056395ff4c2903dd0b52e45e57b3fa9f5"", ""WALL"": ""06c5d1d1975cf9470096d9b7e560e2173c9733c847d5bc364aab7355ef12a11b""}",2026092494
194,1471.1957097857357,1.1626424654989546e-06,5.813212327494773e-07,"[2026092494, 194, 920, 0]",0,1,"[0.00010294366419425809, 5.733531475860853e-05, 0.00015903003495435002]",89,0.0024019306243719604,1.9363388217830014e-07,ACCEPTED,5c0842d6e6c149e129519615257537fa53a95fb19214adda9105346a9185b429,129ebb77396550b300b20ce29cde7b03919e6037b7a81de60fe75d6c6efb616d,"{""INLET"": ""fba5b444da15ebb7b881612acde9de1056395ff4c2903dd0b52e45e57b3fa9f5"", ""WALL"": ""06c5d1d1975cf9470096d9b7e560e2173c9733c847d5bc364aab7355ef12a11b""}",2026092494
195,1478.7791928258684,2.314110566996759e-06,1.1570552834983796e-06,"[2026092494, 195, 920, 0]",0,2,"[0.00010339286585018174, 5.764786552317944e-05, 0.00015873091389041343]",170,0.0024019306252460897,1.0750606800669116e-07,ACCEPTED,5c0842d6e6c149e129519615257537fa53a95fb19214adda9105346a9185b429,129ebb77396550b300b20ce29cde7b03919e6037b7a81de60fe75d6c6efb616d,"{""INLET"": ""fba5b444da15ebb7b881612acde9de1056395ff4c2903dd0b52e45e57b3fa9f5"", ""WALL"": ""06c5d1d1975cf9470096d9b7e560e2173c9733c847d5bc364aab7355ef12a11b""}",2026092494
196,1486.3626758660012,2.1171176650611258e-06,1.0585588325305629e-06,"[2026092494, 196, 920, 0]",0,1,"[0.00010372131227542612, 5.733809822489202e-05, 0.00015900106451658617]",113,0.0024019306253701086,2.130162925544298e-07,ACCEPTED,5c0842d6e6c149e129519615257537fa53a95fb19214adda9105346a9185b429,129ebb77396550b300b20ce29cde7b03919e6037b7a81de60fe75d6c6efb616d,"{""INLET"": ""fba5b444da15ebb7b881612acde9de1056395ff4c2903dd0b52e45e57b3fa9f5"", ""WALL"": ""06c5d1d1975cf9470096d9b7e560e2173c9733c847d5bc364aab7355ef12a11b""}",2026092494
197,1493.9461589061339,2.4374241457877724e-06,1.2187120728938862e-06,"[2026092494, 197, 920, 0]",0,10,"[0.00010400443953853268, 5.755077752002367e-05, 0.00015879828270149932]",115,0.002401930624585943,1.845563024826885e-08,ACCEPTED,5c0842d6e6c149e129519615257537fa53a95fb19214adda9105346a9185b429,129ebb77396550b300b20ce29cde7b03919e6037b7a81de60fe75d6c6efb616d,"{""INLET"": ""fba5b444da15ebb7b881612acde9de1056395ff4c2903dd0b52e45e57b3fa9f5"", ""WALL"": ""06c5d1d1975cf9470096d9b7e560e2173c9733c847d5bc364aab7355ef12a11b""}",2026092494
198,1501.5296419462663,2.6618413107208346e-06,1.3309206553604173e-06,"[2026092494, 198, 920, 0]",0,1,"[0.00010345143935891477, 5.753531738039387e-05, 0.0001588311410176238]",170,0.0024019306249518147,1.4682581874311923e-08,ACCEPTED,5c0842d6e6c149e129519615257537fa53a95fb19214adda9105346a9185b429,129ebb77396550b300b20ce29cde7b03919e6037b7a81de60fe75d6c6efb616d,"{""INLET"": ""fba5b444da15ebb7b881612acde9de1056395ff4c2903dd0b52e45e57b3fa9f5"", ""WALL"": ""06c5d1d1975cf9470096d9b7e560e2173c9733c847d5bc364aab7355ef12a11b""}",2026092494
199,1509.113124986399,2.099691578530757e-06,1.0498457892653785e-06,"[2026092494, 199, 920, 0]",0,1,"[0.00010328772728019137, 5.7589206204748033e-05, 0.00015878776253571482]",171,0.0024019306248694553,1.3153873789650321e-07,ACCEPTED,5c0842d6e6c149e129519615257537fa53a95fb19214adda9105346a9185b429,129ebb77396550b300b20ce29cde7b03919e6037b7a81de60fe75d6c6efb616d,"{""INLET"": ""fba5b444da15ebb7b881612acde9de1056395ff4c2903dd0b52e45e57b3fa9f5"", ""WALL"": ""06c5d1d1975cf9470096d9b7e560e2173c9733c847d5bc364aab7355ef12a11b""}",2026092494
200,1516.6966080265317,2.0679160483080455e-06,1.0339580241540227e-06,"[2026092494, 200, 920, 0]",0,1,"[0.00010358415023468305, 5.7454161536032904e-05, 0.0001589003293383206]",131,0.0024019306252093496,3.699391933407794e-07,ACCEPTED,5c0842d6e6c149e129519615257537fa53a95fb19214adda9105346a9185b429,129ebb77396550b300b20ce29cde7b03919e6037b7a81de60fe75d6c6efb616d,"{""INLET"": ""fba5b444da15ebb7b881612acde9de1056395ff4c2903dd0b52e45e57b3fa9f5"", ""WALL"": ""06c5d1d1975cf9470096d9b7e560e2173c9733c847d5bc364aab7355ef12a11b""}",2026092494
201,1524.2800910666645,1.336683501926349e-06,6.683417509631745e-07,"[2026092494, 201, 920, 0]",0,1,"[0.00010386212920336212, 5.802654613074184e-05, 0.00015837104282077297]",148,0.002401930624278189,2.3425735176353478e-07,ACCEPTED,5c0842d6e6c149e129519615257537fa53a95fb19214adda9105346a9185b429,129ebb77396550b300b20ce29cde7b03919e6037b7a81de60fe75d6c6efb616d,"{""INLET"": ""fba5b444da15ebb7b881612acde9de1056395ff4c2903dd0b52e45e57b3fa9f5"", ""WALL"": ""06c5d1d1975cf9470096d9b7e560e2173c9733c847d5bc364aab7355ef12a11b""}",2026092494
202,1531.8635741067972,1.7767068073582504e-06,8.883534036791252e-07,"[2026092494, 202, 920, 1]",1,1,"[0.00010332037199798445, 5.7615739260024124e-05, 0.00015876255545557393]",171,0.0024019306249383923,3.1704922078904743e-07,ACCEPTED,5c0842d6e6c149e129519615257537fa53a95fb19214adda9105346a9185b429,129ebb77396550b300b20ce29cde7b03919e6037b7a81de60fe75d6c6efb616d,"{""INLET"": ""fba5b444da15ebb7b881612acde9de1056395ff4c2903dd0b52e45e57b3fa9f5"", ""WALL"": ""06c5d1d1975cf9470096d9b7e560e2173c9733c847d5bc364aab7355ef12a11b""}",2026092494
203,1539.4470571469296,1.8332497898392072e-06,9.166248949196036e-07,"[2026092494, 203, 920, 1]",1,2,"[0.00010340987594863933, 5.7826879379757955e-05, 0.00015856775332683806]",156,0.0024019306250242125,2.0714537140785604e-07,ACCEPTED,5c0842d6e6c149e129519615257537fa53a95fb19214adda9105346a9185b429,129ebb77396550b300b20ce29cde7b03919e6037b7a81de60fe75d6c6efb616d,"{""INLET"": ""fba5b444da15ebb7b881612acde9de1056395ff4c2903dd0b52e45e57b3fa9f5"", ""WALL"": ""06c5d1d1975cf9470096d9b7e560e2173c9733c847d5bc364aab7355ef12a11b""}",2026092494
204,1547.0305401870623,2.094259568818421e-06,1.0471297844092104e-06,"[2026092494, 204, 920, 0]",0,1,"[0.00010413468567081974, 5.7398791357512704e-05, 0.0001589318784162737]",106,0.0024019306248841466,1.6873718649859088e-08,ACCEPTED,5c0842d6e6c149e129519615257537fa53a95fb19214adda9105346a9185b429,129ebb77396550b300b20ce29cde7b03919e6037b7a81de60fe75d6c6efb616d,"{""INLET"": ""fba5b444da15ebb7b881612acde9de1056395ff4c2903dd0b52e45e57b3fa9f5"", ""WALL"": ""06c5d1d1975cf9470096d9b7e560e2173c9733c847d5bc364aab7355ef12a11b""}",2026092494
205,1554.614023227195,2.4086198279869058e-06,1.2043099139934529e-06,"[2026092494, 205, 920, 0]",0,1,"[0.00010343133656490032, 5.7481273625310006e-05, 0.00015888090733558145]",131,0.002401930624857203,1.0101440260841647e-07,ACCEPTED,5c0842d6e6c149e129519615257537fa53a95fb19214adda9105346a9185b429,129ebb77396550b300b20ce29cde7b03919e6037b7a81de60fe75d6c6efb616d,"{""INLET"": ""fba5b444da15ebb7b881612acde9de1056395ff4c2903dd0b52e45e57b3fa9f5"", ""WALL"": ""06c5d1d1975cf9470096d9b7e560e2173c9733c847d5bc364aab7355ef12a11b""}",2026092494
206,1562.1975062673278,1.4909026175538503e-06,7.454513087769252e-07,"[2026092494, 206, 920, 1]",1,3,"[0.00010350472007003605, 5.7603002238701985e-05, 0.00015876785671034658]",170,0.002401930624905726,6.426525312559794e-07,ACCEPTED,5c0842d6e6c149e129519615257537fa53a95fb19214adda9105346a9185b429,129ebb77396550b300b20ce29cde7b03919e6037b7a81de60fe75d6c6efb616d,"{""INLET"": ""fba5b444da15ebb7b881612acde9de1056395ff4c2903dd0b52e45e57b3fa9f5"", ""WALL"": ""06c5d1d1975cf9470096d9b7e560e2173c9733c847d5bc364aab7355ef12a11b""}",2026092494
207,1569.7809893074605,1.5250949535012252e-06,7.625474767506126e-07,"[2026092494, 207, 920, 0]",0,1,"[0.00010310332209521701, 5.7794901371365415e-05, 0.00015860722583944587]",142,0.002401930625222416,1.5893288052967376e-07,ACCEPTED,5c0842d6e6c149e129519615257537fa53a95fb19214adda9105346a9185b429,129ebb77396550b300b20ce29cde7b03919e6037b7a81de60fe75d6c6efb616d,"{""INLET"": ""fba5b444da15ebb7b881612acde9de1056395ff4c2903dd0b52e45e57b3fa9f5"", ""WALL"": ""06c5d1d1975cf9470096d9b7e560e2173c9733c847d5bc364aab7355ef12a11b""}",2026092494
208,1577.364472347593,2.1456017487225113e-06,1.0728008743612557e-06,"[2026092494, 208, 920, 0]",0,3,"[0.00010364017152691147, 5.750942937624816e-05, 0.00015884823161594385]",131,0.0024019306253000076,4.2458469143044137e-07,ACCEPTED,5c0842d6e6c149e129519615257537fa53a95fb19214adda9105346a9185b429,129ebb77396550b300b20ce29cde7b03919e6037b7a81de60fe75d6c6efb616d,"{""INLET"": ""fba5b444da15ebb7b881612acde9de1056395ff4c2903dd0b52e45e57b3fa9f5"", ""WALL"": ""06c5d1d1975cf9470096d9b7e560e2173c9733c847d5bc364aab7355ef12a11b""}",2026092494
209,1584.9479553877256,1.5006368225251929e-06,7.503184112625964e-07,"[2026092494, 209, 920, 0]",0,1,"[0.00010393413270037506, 5.788055096871032e-05, 0.00015850119377865072]",147,0.0024019306246507157,3.0052935462775834e-07,ACCEPTED,5c0842d6e6c149e129519615257537fa53a95fb19214adda9105346a9185b429,129ebb77396550b300b20ce29cde7b03919e6037b7a81de60fe75d6c6efb616d,"{""INLET"": ""fba5b444da15ebb7b881612acde9de1056395ff4c2903dd0b52e45e57b3fa9f5"", ""WALL"": ""06c5d1d1975cf9470096d9b7e560e2173c9733c847d5bc364aab7355ef12a11b""}",2026092494
210,1592.5314384278583,1.3522972099957087e-06,6.761486049978544e-07,"[2026092494, 210, 920, 0]",0,1,"[0.00010421341155393451, 5.718873888169774e-05, 0.00015911996170868463]",108,0.002401930624982293,1.7002885794087015e-07,ACCEPTED,5c0842d6e6c149e129519615257537fa53a95fb19214adda9105346a9185b429,129ebb77396550b300b20ce29cde7b03919e6037b7a81de60fe75d6c6efb616d,"{""INLET"": ""fba5b444da15ebb7b881612acde9de1056395ff4c2903dd0b52e45e57b3fa9f5"", ""WALL"": ""06c5d1d1975cf9470096d9b7e560e2173c9733c847d5bc364aab7355ef12a11b""}",2026092494
211,1600.114921467991,2.171563986279944e-06,1.085781993139972e-06,"[2026092494, 211, 920, 0]",0,2,"[0.00010365910894270794, 5.769965891389913e-05, 0.000158674823898777]",157,0.0024019306251485484,2.878744272498848e-07,ACCEPTED,5c0842d6e6c149e129519615257537fa53a95fb19214adda9105346a9185b429,129ebb77396550b300b20ce29cde7b03919e6037b7a81de60fe75d6c6efb616d,"{""INLET"": ""fba5b444da15ebb7b881612acde9de1056395ff4c2903dd0b52e45e57b3fa9f5"", ""WALL"": ""06c5d1d1975cf9470096d9b7e560e2173c9733c847d5bc364aab7355ef12a11b""}",2026092494
212,1607.6984045081235,1.7146008719150797e-06,8.573004359575399e-07,"[2026092494, 212, 920, 0]",0,3,"[0.00010354751240321158, 5.740930720995541e-05, 0.00015894231046503153]",131,0.002401930625155194,4.7512192058003716e-07,ACCEPTED,5c0842d6e6c149e129519615257537fa53a95fb19214adda9105346a9185b429,129ebb77396550b300b20ce29cde7b03919e6037b7a81de60fe75d6c6efb616d,"{""INLET"": ""fba5b444da15ebb7b881612acde9de1056395ff4c2903dd0b52e45e57b3fa9f5"", ""WALL"": ""06c5d1d1975cf9470096d9b7e560e2173c9733c847d5bc364aab7355ef12a11b""}",2026092494
213,1615.2818875482562,2.294442786899417e-06,1.1472213934497084e-06,"[2026092494, 213, 920, 0]",0,5,"[0.00010380233811711951, 5.751645506122878e-05, 0.00015883633077077672]",113,0.0024019306250292537,2.819019631147961e-07,ACCEPTED,5c0842d6e6c149e129519615257537fa53a95fb19214adda9105346a9185b429,129ebb77396550b300b20ce29cde7b03919e6037b7a81de60fe75d6c6efb616d,"{""INLET"": ""fba5b444da15ebb7b881612acde9de1056395ff4c2903dd0b52e45e57b3fa9f5"", ""WALL"": ""06c5d1d1975cf9470096d9b7e560e2173c9733c847d5bc364aab7355ef12a11b""}",2026092494
214,1622.865370588389,1.3982226772852358e-06,6.991113386426179e-07,"[2026092494, 214, 920, 0]",0,1,"[0.00010306151112284283, 5.717876550651333e-05, 0.00015916820915839032]",85,0.002401930624855935,6.720191960605784e-08,ACCEPTED,5c0842d6e6c149e129519615257537fa53a95fb19214adda9105346a9185b429,129ebb77396550b300b20ce29cde7b03919e6037b7a81de60fe75d6c6efb616d,"{""INLET"": ""fba5b444da15ebb7b881612acde9de1056395ff4c2903dd0b52e45e57b3fa9f5"", ""WALL"": ""06c5d1d1975cf9470096d9b7e560e2173c9733c847d5bc364aab7355ef12a11b""}",2026092494
215,1630.4488536285216,1.4642752571332847e-06,7.321376285666423e-07,"[2026092494, 215, 920, 0]",0,3,"[0.00010344720380776571, 5.752673054686602e-05, 0.00015883908376499464]",170,0.0024019306249513004,6.069017678793561e-07,ACCEPTED,5c0842d6e6c149e129519615257537fa53a95fb19214adda9105346a9185b429,129ebb77396550b300b20ce29cde7b03919e6037b7a81de60fe75d6c6efb616d,"{""INLET"": ""fba5b444da15ebb7b881612acde9de1056395ff4c2903dd0b52e45e57b3fa9f5"", ""WALL"": ""06c5d1d1975cf9470096d9b7e560e2173c9733c847d5bc364aab7355ef12a11b""}",2026092494
216,1638.0323366686544,2.217418576647536e-06,1.108709288323768e-06,"[2026092494, 216, 920, 0]",0,1,"[0.00010357811417368491, 5.78342909399268e-05, 0.00015855530365975322]",156,0.002401930625403138,7.45654970344486e-08,ACCEPTED,5c0842d6e6c149e129519615257537fa53a95fb19214adda9105346a9185b429,129ebb77396550b300b20ce29cde7b03919e6037b7a81de60fe75d6c6efb616d,"{""INLET"": ""fba5b444da15ebb7b881612acde9de1056395ff4c2903dd0b52e45e57b3fa9f5"", ""WALL"": ""06c5d1d1975cf9470096d9b7e560e2173c9733c847d5bc364aab7355ef12a11b""}",2026092494
217,1645.6158197087868,1.801448304054948e-06,9.00724152027474e-07,"[2026092494, 217, 920, 0]",0,1,"[0.00010346889060455108, 5.7792482624543925e-05, 0.00015859698684054358]",156,0.002401930625342704,2.935262570286571e-07,ACCEPTED,5c0842d6e6c149e129519615257537fa53a95fb19214adda9105346a9185b429,129ebb77396550b300b20ce29cde7b03919e6037b7a81de60fe75d6c6efb616d,"{""INLET"": ""fba5b444da15ebb7b881612acde9de1056395ff4c2903dd0b52e45e57b3fa9f5"", ""WALL"": ""06c5d1d1975cf9470096d9b7e560e2173c9733c847d5bc364aab7355ef12a11b""}",2026092494
218,1653.1993027489195,1.5449144581754546e-06,7.724572290877273e-07,"[2026092494, 218, 920, 0]",0,3,"[0.00010339007412604863, 5.7372874792257186e-05, 0.00015898075377905043]",130,0.0024019306251016896,4.1844401364946874e-07,ACCEPTED,5c0842d6e6c149e129519615257537fa53a95fb19214adda9105346a9185b429,129ebb77396550b300b20ce29cde7b03919e6037b7a81de60fe75d6c6efb616d,"{""INLET"": ""fba5b444da15ebb7b881612acde9de1056395ff4c2903dd0b52e45e57b3fa9f5"", ""WALL"": ""06c5d1d1975cf9470096d9b7e560e2173c9733c847d5bc364aab7355ef12a11b""}",2026092494
219,1660.7827857890522,1.750019306676403e-06,8.750096533382015e-07,"[2026092494, 219, 920, 0]",0,2,"[0.00010402315281847724, 5.766664069318438e-05, 0.00015869243066746528]",115,0.002401930624770206,3.1124946913420545e-07,ACCEPTED,5c0842d6e6c149e129519615257537fa53a95fb19214adda9105346a9185b429,129ebb77396550b300b20ce29cde7b03919e6037b7a81de60fe75d6c6efb616d,"{""INLET"": ""fba5b444da15ebb7b881612acde9de1056395ff4c2903dd0b52e45e57b3fa9f5"", ""WALL"": ""06c5d1d1975cf9470096d9b7e560e2173c9733c847d5bc364aab7355ef12a11b""}",2026092494
220,1668.366268829185,2.478950843923321e-06,1.2394754219616605e-06,"[2026092494, 220, 920, 0]",0,1,"[0.00010369539058487618, 5.759155576769461e-05, 0.0001587717698408967]",114,0.00240193062315561,2.7231561955409945e-07,ACCEPTED,5c0842d6e6c149e129519615257537fa53a95fb19214adda9105346a9185b429,129ebb77396550b300b20ce29cde7b03919e6037b7a81de60fe75d6c6efb616d,"{""INLET"": ""fba5b444da15ebb7b881612acde9de1056395ff4c2903dd0b52e45e57b3fa9f5"", ""WALL"": ""06c5d1d1975cf9470096d9b7e560e2173c9733c847d5bc364aab7355ef12a11b""}",2026092494
221,1675.9497518693177,1.8391335030884133e-06,9.195667515442066e-07,"[2026092494, 221, 920, 0]",0,4,"[0.00010338170348698537, 5.766623504155494e-05, 0.0001587146098206549]",170,0.002401930625298158,3.250947745033618e-07,ACCEPTED,5c0842d6e6c149e129519615257537fa53a95fb19214adda9105346a9185b429,129ebb77396550b300b20ce29cde7b03919e6037b7a81de60fe75d6c6efb616d,"{""INLET"": ""fba5b444da15ebb7b881612acde9de1056395ff4c2903dd0b52e45e57b3fa9f5"", ""WALL"": ""06c5d1d1975cf9470096d9b7e560e2173c9733c847d5bc364aab7355ef12a11b""}",2026092494
222,1683.5332349094501,2.8544009190695725e-06,1.4272004595347863e-06,"[2026092494, 222, 920, 0]",0,1,"[0.00010375150911272632, 5.754579272752137e-05, 0.00015881141824282055]",113,0.0024019306249321334,6.12260718101982e-08,ACCEPTED,5c0842d6e6c149e129519615257537fa53a95fb19214adda9105346a9185b429,129ebb77396550b300b20ce29cde7b03919e6037b7a81de60fe75d6c6efb616d,"{""INLET"": ""fba5b444da15ebb7b881612acde9de1056395ff4c2903dd0b52e45e57b3fa9f5"", ""WALL"": ""06c5d1d1975cf9470096d9b7e560e2173c9733c847d5bc364aab7355ef12a11b""}",2026092494
223,1691.1167179495828,2.366893911827487e-06,1.1834469559137435e-06,"[2026092494, 223, 920, 0]",0,1,"[0.0001036870415902045, 5.734049336937366e-05, 0.0001590000559340324]",131,0.0024019306255027,9.562137363002365e-08,ACCEPTED,5c0842d6e6c149e129519615257537fa53a95fb19214adda9105346a9185b429,129ebb77396550b300b20ce29cde7b03919e6037b7a81de60fe75d6c6efb616d,"{""INLET"": ""fba5b444da15ebb7b881612acde9de1056395ff4c2903dd0b52e45e57b3fa9f5"", ""WALL"": ""06c5d1d1975cf9470096d9b7e560e2173c9733c847d5bc364aab7355ef12a11b""}",2026092494
224,1698.7002009897155,2.404477749480257e-06,1.2022388747401286e-06,"[2026092494, 224, 920, 0]",0,1,"[0.00010385512551715186, 5.7447935852428315e-05, 0.00015889675942067958]",113,0.0024019306252138954,1.3528767953950756e-07,ACCEPTED,5c0842d6e6c149e129519615257537fa53a95fb19214adda9105346a9185b429,129ebb77396550b300b20ce29cde7b03919e6037b7a81de60fe75d6c6efb616d,"{""INLET"": ""fba5b444da15ebb7b881612acde9de1056395ff4c2903dd0b52e45e57b3fa9f5"", ""WALL"": ""06c5d1d1975cf9470096d9b7e560e2173c9733c847d5bc364aab7355ef12a11b""}",2026092494
225,1706.2836840298482,1.6448552575422168e-06,8.224276287711084e-07,"[2026092494, 225, 920, 0]",0,2,"[0.00010415071077637494, 5.759065587550828e-05, 0.00015875709158114313]",116,0.0024019306249391612,2.652541854884685e-07,ACCEPTED,5c0842d6e6c149e129519615257537fa53a95fb19214adda9105346a9185b429,129ebb77396550b300b20ce29cde7b03919e6037b7a81de60fe75d6c6efb616d,"{""INLET"": ""fba5b444da15ebb7b881612acde9de1056395ff4c2903dd0b52e45e57b3fa9f5"", ""WALL"": ""06c5d1d1975cf9470096d9b7e560e2173c9733c847d5bc364aab7355ef12a11b""}",2026092494
226,1713.867167069981,1.4374102977228871e-06,7.187051488614436e-07,"[2026092494, 226, 920, 0]",0,1,"[0.0001042744590875309, 5.7217784904618234e-05, 0.00015909150862068597]",108,0.0024019306250123045,1.023912136260796e-07,ACCEPTED,5c0842d6e6c149e129519615257537fa53a95fb19214adda9105346a9185b429,129ebb77396550b300b20ce29cde7b03919e6037b7a81de60fe75d6c6efb616d,"{""INLET"": ""fba5b444da15ebb7b881612acde9de1056395ff4c2903dd0b52e45e57b3fa9f5"", ""WALL"": ""06c5d1d1975cf9470096d9b7e560e2173c9733c847d5bc364aab7355ef12a11b""}",2026092494
227,1721.4506501101134,2.0226134856082595e-06,1.0113067428041297e-06,"[2026092494, 227, 920, 0]",0,2,"[0.00010367197633778651, 5.780247172953694e-05, 0.00015858101186039069]",158,0.0024019306252178463,2.2336647509394897e-07,ACCEPTED,5c0842d6e6c149e129519615257537fa53a95fb19214adda9105346a9185b429,129ebb77396550b300b20ce29cde7b03919e6037b7a81de60fe75d6c6efb616d,"{""INLET"": ""fba5b444da15ebb7b881612acde9de1056395ff4c2903dd0b52e45e57b3fa9f5"", ""WALL"": ""06c5d1d1975cf9470096d9b7e560e2173c9733c847d5bc364aab7355ef12a11b""}",2026092494
228,1729.0341331502461,1.5780436777006787e-06,7.890218388503393e-07,"[2026092494, 228, 920, 0]",0,2,"[0.00010393818768243842, 5.705494416781371e-05, 0.00015925083628782127]",118,0.0024019306250422485,5.9194348047622666e-08,ACCEPTED,5c0842d6e6c149e129519615257537fa53a95fb19214adda9105346a9185b429,129ebb77396550b300b20ce29cde7b03919e6037b7a81de60fe75d6c6efb616d,"{""INLET"": ""fba5b444da15ebb7b881612acde9de1056395ff4c2903dd0b52e45e57b3fa9f5"", ""WALL"": ""06c5d1d1975cf9470096d9b7e560e2173c9733c847d5bc364aab7355ef12a11b""}",2026092494
229,1736.6176161903788,2.4293443624030017e-06,1.2146721812015009e-06,"[2026092494, 229, 920, 0]",0,2,"[0.0001036195562986758, 5.739461128586267e-05, 0.00015895320510646917]",131,0.0024019306253223417,1.2858807407669467e-07,ACCEPTED,5c0842d6e6c149e129519615257537fa53a95fb19214adda9105346a9185b429,129ebb77396550b300b20ce29cde7b03919e6037b7a81de60fe75d6c6efb616d,"{""INLET"": ""fba5b444da15ebb7b881612acde9de1056395ff4c2903dd0b52e45e57b3fa9f5"", ""WALL"": ""06c5d1d1975cf9470096d9b7e560e2173c9733c847d5bc364aab7355ef12a11b""}",2026092494
230,1744.2010992305115,9.502627400515535e-07,4.7513137002577673e-07,"[2026092494, 230, 920, 0]",0,1,"[0.00010396637274879701, 5.770994831217477e-05, 0.00015865503511529322]",161,0.002401930624840902,7.309004770385891e-07,ACCEPTED,5c0842d6e6c149e129519615257537fa53a95fb19214adda9105346a9185b429,129ebb77396550b300b20ce29cde7b03919e6037b7a81de60fe75d6c6efb616d,"{""INLET"": ""fba5b444da15ebb7b881612acde9de1056395ff4c2903dd0b52e45e57b3fa9f5"", ""WALL"": ""06c5d1d1975cf9470096d9b7e560e2173c9733c847d5bc364aab7355ef12a11b""}",2026092494
231,1751.7845822706443,2.1295406945648123e-06,1.0647703472824061e-06,"[2026092494, 231, 920, 0]",0,1,"[0.00010371034891028382, 5.790474938895729e-05, 0.00015848681790610664]",147,0.0024019306249411566,3.142129503154148e-08,ACCEPTED,5c0842d6e6c149e129519615257537fa53a95fb19214adda9105346a9185b429,129ebb77396550b300b20ce29cde7b03919e6037b7a81de60fe75d6c6efb616d,"{""INLET"": ""fba5b444da15ebb7b881612acde9de1056395ff4c2903dd0b52e45e57b3fa9f5"", ""WALL"": ""06c5d1d1975cf9470096d9b7e560e2173c9733c847d5bc364aab7355ef12a11b""}",2026092494
232,1759.3680653107767,1.904389580355261e-06,9.521947901776304e-07,"[2026092494, 232, 920, 2]",2,2,"[0.00010326303467748832, 5.77272071972807e-05, 0.0001586632702776165]",142,0.002401930624563317,1.5046362932141604e-07,ACCEPTED,5c0842d6e6c149e129519615257537fa53a95fb19214adda9105346a9185b429,129ebb77396550b300b20ce29cde7b03919e6037b7a81de60fe75d6c6efb616d,"{""INLET"": ""fba5b444da15ebb7b881612acde9de1056395ff4c2903dd0b52e45e57b3fa9f5"", ""WALL"": ""06c5d1d1975cf9470096d9b7e560e2173c9733c847d5bc364aab7355ef12a11b""}",2026092494
233,1766.9515483509094,1.4063798427369565e-06,7.031899213684782e-07,"[2026092494, 233, 920, 0]",0,1,"[0.00010332702244808008, 5.7784550172343346e-05, 0.00015860901464658894]",141,0.002401930624316524,4.048933191975026e-07,ACCEPTED,5c0842d6e6c149e129519615257537fa53a95fb19214adda9105346a9185b429,129ebb77396550b300b20ce29cde7b03919e6037b7a81de60fe75d6c6efb616d,"{""INLET"": ""fba5b444da15ebb7b881612acde9de1056395ff4c2903dd0b52e45e57b3fa9f5"", ""WALL"": ""06c5d1d1975cf9470096d9b7e560e2173c9733c847d5bc364aab7355ef12a11b""}",2026092494
234,1774.5350313910421,2.224257741269594e-06,1.112128870634797e-06,"[2026092494, 234, 920, 0]",0,4,"[0.00010363792704793528, 5.7544409076290735e-05, 0.00015881654118648502]",131,0.0024019306252744494,4.1859375419978554e-07,ACCEPTED,5c0842d6e6c149e129519615257537fa53a95fb19214adda9105346a9185b429,129ebb77396550b300b20ce29cde7b03919e6037b7a81de60fe75d6c6efb616d,"{""INLET"": ""fba5b444da15ebb7b881612acde9de1056395ff4c2903dd0b52e45e57b3fa9f5"", ""WALL"": ""06c5d1d1975cf9470096d9b7e560e2173c9733c847d5bc364aab7355ef12a11b""}",2026092494
235,1782.1185144311748,1.1994454833070618e-06,5.997227416535309e-07,"[2026092494, 235, 920, 0]",0,1,"[0.00010356555896434423, 5.810258229012539e-05, 0.00015831207308290076]",123,0.0024019306244631696,2.2673098306919247e-07,ACCEPTED,5c0842d6e6c149e129519615257537fa53a95fb19214adda9105346a9185b429,129ebb77396550b300b20ce29cde7b03919e6037b7a81de60fe75d6c6efb616d,"{""INLET"": ""fba5b444da15ebb7b881612acde9de1056395ff4c2903dd0b52e45e57b3fa9f5"", ""WALL"": ""06c5d1d1975cf9470096d9b7e560e2173c9733c847d5bc364aab7355ef12a11b""}",2026092494
236,1789.7019974713075,1.7769707799368533e-06,8.884853899684266e-07,"[2026092494, 236, 920, 0]",0,3,"[0.00010403544286939425, 5.7858505320072e-05, 0.00015851777203089464]",159,0.002401930624556501,1.2772921186134742e-07,ACCEPTED,5c0842d6e6c149e129519615257537fa53a95fb19214adda9105346a9185b429,129ebb77396550b300b20ce29cde7b03919e6037b7a81de60fe75d6c6efb616d,"{""INLET"": ""fba5b444da15ebb7b881612acde9de1056395ff4c2903dd0b52e45e57b3fa9f5"", ""WALL"": ""06c5d1d1975cf9470096d9b7e560e2173c9733c847d5bc364aab7355ef12a11b""}",2026092494
237,1797.28548051144,2.557896741352955e-06,1.2789483706764774e-06,"[2026092494, 237, 920, 0]",0,2,"[0.00010377339662855534, 5.738573915892553e-05, 0.0001589560260316204]",113,0.0024019306252985417,4.007678811674477e-08,ACCEPTED,5c0842d6e6c149e129519615257537fa53a95fb19214adda9105346a9185b429,129ebb77396550b300b20ce29cde7b03919e6037b7a81de60fe75d6c6efb616d,"{""INLET"": ""fba5b444da15ebb7b881612acde9de1056395ff4c2903dd0b52e45e57b3fa9f5"", ""WALL"": ""06c5d1d1975cf9470096d9b7e560e2173c9733c847d5bc364aab7355ef12a11b""}",2026092494
238,1804.8689635515727,1.8134132791847312e-06,9.067066395923656e-07,"[2026092494, 238, 920, 0]",0,2,"[0.00010416450520565722, 5.747581770737198e-05, 0.00015886091275419144]",107,0.002401930624892676,1.6018846400551518e-07,ACCEPTED,5c0842d6e6c149e129519615257537fa53a95fb19214adda9105346a9185b429,129ebb77396550b300b20ce29cde7b03919e6037b7a81de60fe75d6c6efb616d,"{""INLET"": ""fba5b444da15ebb7b881612acde9de1056395ff4c2903dd0b52e45e57b3fa9f5"", ""WALL"": ""06c5d1d1975cf9470096d9b7e560e2173c9733c847d5bc364aab7355ef12a11b""}",2026092494
239,1812.4524465917054,2.370216947743958e-06,1.185108473871979e-06,"[2026092494, 239, 920, 0]",0,1,"[0.0001037617237573179, 5.7466057994985206e-05, 0.00015888348173334244]",113,0.002401930625114228,2.345047300795464e-07,ACCEPTED,5c0842d6e6c149e129519615257537fa53a95fb19214adda9105346a9185b429,129ebb77396550b300b20ce29cde7b03919e6037b7a81de60fe75d6c6efb616d,"{""INLET"": ""fba5b444da15ebb7b881612acde9de1056395ff4c2903dd0b52e45e57b3fa9f5"", ""WALL"": ""06c5d1d1975cf9470096d9b7e560e2173c9733c847d5bc364aab7355ef12a11b""}",2026092494
240,1820.0359296318381,2.8923040013148437e-06,1.4461520006574218e-06,"[2026092494, 240, 920, 0]",0,1,"[0.00010356667264128735, 5.759237373863946e-05, 0.00015877540339856281]",170,0.0024019306247357384,5.174943729862691e-09,ACCEPTED,5c0842d6e6c149e129519615257537fa53a95fb19214adda9105346a9185b429,129ebb77396550b300b20ce29cde7b03919e6037b7a81de60fe75d6c6efb616d,"{""INLET"": ""fba5b444da15ebb7b881612acde9de1056395ff4c2903dd0b52e45e57b3fa9f5"", ""WALL"": ""06c5d1d1975cf9470096d9b7e560e2173c9733c847d5bc364aab7355ef12a11b""}",2026092494
241,1827.6194126719708,2.3517260980942984e-06,1.1758630490471492e-06,"[2026092494, 241, 920, 0]",0,3,"[0.00010375767377188096, 5.764155882771003e-05, 0.00015872424183182747]",158,0.0024019306240343763,2.444037132514783e-07,ACCEPTED,5c0842d6e6c149e129519615257537fa53a95fb19214adda9105346a9185b429,129ebb77396550b300b20ce29cde7b03919e6037b7a81de60fe75d6c6efb616d,"{""INLET"": ""fba5b444da15ebb7b881612acde9de1056395ff4c2903dd0b52e45e57b3fa9f5"", ""WALL"": ""06c5d1d1975cf9470096d9b7e560e2173c9733c847d5bc364aab7355ef12a11b""}",2026092494
242,1835.2028957121033,1.944684939521841e-06,9.723424697609204e-07,"[2026092494, 242, 920, 2]",2,2,"[0.00010380975413863824, 5.7164518306761805e-05, 0.00015915569442592222]",117,0.0024019306250641784,5.3642464662539735e-08,ACCEPTED,5c0842d6e6c149e129519615257537fa53a95fb19214adda9105346a9185b429,129ebb77396550b300b20ce29cde7b03919e6037b7a81de60fe75d6c6efb616d,"{""INLET"": ""fba5b444da15ebb7b881612acde9de1056395ff4c2903dd0b52e45e57b3fa9f5"", ""WALL"": ""06c5d1d1975cf9470096d9b7e560e2173c9733c847d5bc364aab7355ef12a11b""}",2026092494
243,1842.786378752236,2.0365060847889455e-06,1.0182530423944727e-06,"[2026092494, 243, 920, 0]",0,5,"[0.00010332073193369834, 5.7827005761330005e-05, 0.00015857067005039827]",141,0.002401930624414868,4.543186809297415e-08,ACCEPTED,5c0842d6e6c149e129519615257537fa53a95fb19214adda9105346a9185b429,129ebb77396550b300b20ce29cde7b03919e6037b7a81de60fe75d6c6efb616d,"{""INLET"": ""fba5b444da15ebb7b881612acde9de1056395ff4c2903dd0b52e45e57b3fa9f5"", ""WALL"": ""06c5d1d1975cf9470096d9b7e560e2173c9733c847d5bc364aab7355ef12a11b""}",2026092494
244,1850.3698617923687,1.7831251586938247e-06,8.915625793469124e-07,"[2026092494, 244, 920, 0]",0,2,"[0.00010357997998828802, 5.7835317328349433e-05, 0.0001585543080659592]",156,0.0024019306254026047,2.9070270119922943e-07,ACCEPTED,5c0842d6e6c149e129519615257537fa53a95fb19214adda9105346a9185b429,129ebb77396550b300b20ce29cde7b03919e6037b7a81de60fe75d6c6efb616d,"{""INLET"": ""fba5b444da15ebb7b881612acde9de1056395ff4c2903dd0b52e45e57b3fa9f5"", ""WALL"": ""06c5d1d1975cf9470096d9b7e560e2173c9733c847d5bc364aab7355ef12a11b""}",2026092494
245,1857.9533448325014,1.3200405930112832e-06,6.600202965056416e-07,"[2026092494, 245, 920, 0]",0,1,"[0.00010384772345908182, 5.801297896927185e-05, 0.00015838385406254202]",147,0.002401930624532608,2.6416780863280387e-07,ACCEPTED,5c0842d6e6c149e129519615257537fa53a95fb19214adda9105346a9185b429,129ebb77396550b300b20ce29cde7b03919e6037b7a81de60fe75d6c6efb616d,"{""INLET"": ""fba5b444da15ebb7b881612acde9de1056395ff4c2903dd0b52e45e57b3fa9f5"", ""WALL"": ""06c5d1d1975cf9470096d9b7e560e2173c9733c847d5bc364aab7355ef12a11b""}",2026092494
246,1865.5368278726341,1.985744055349447e-06,9.928720276747235e-07,"[2026092494, 246, 920, 0]",0,3,"[0.00010357686906509034, 5.7803981576935715e-05, 0.00015858287318372391]",157,0.0024019306255317545,2.302191333860378e-07,ACCEPTED,5c0842d6e6c149e129519615257537fa53a95fb19214adda9105346a9185b429,129ebb77396550b300b20ce29cde7b03919e6037b7a81de60fe75d6c6efb616d,"{""INLET"": ""fba5b444da15ebb7b881612acde9de1056395ff4c2903dd0b52e45e57b3fa9f5"", ""WALL"": ""06c5d1d1975cf9470096d9b7e560e2173c9733c847d5bc364aab7355ef12a11b""}",2026092494
247,1873.1203109127666,1.5458819843239348e-06,7.729409921619674e-07,"[2026092494, 247, 920, 0]",0,1,"[0.00010351691407436574, 5.7146369135837116e-05, 0.00015918213662855456]",83,0.002401930625427067,2.1745625170604013e-07,ACCEPTED,5c0842d6e6c149e129519615257537fa53a95fb19214adda9105346a9185b429,129ebb77396550b300b20ce29cde7b03919e6037b7a81de60fe75d6c6efb616d,"{""INLET"": ""fba5b444da15ebb7b881612acde9de1056395ff4c2903dd0b52e45e57b3fa9f5"", ""WALL"": ""06c5d1d1975cf9470096d9b7e560e2173c9733c847d5bc364aab7355ef12a11b""}",2026092494
248,1880.7037939528993,1.3062056148198528e-06,6.531028074099264e-07,"[2026092494, 248, 920, 0]",0,1,"[0.00010399126144673706, 5.699269942615274e-05, 0.00015930555966300674]",84,0.002401930625426333,9.743896521880852e-08,ACCEPTED,5c0842d6e6c149e129519615257537fa53a95fb19214adda9105346a9185b429,129ebb77396550b300b20ce29cde7b03919e6037b7a81de60fe75d6c6efb616d,"{""INLET"": ""fba5b444da15ebb7b881612acde9de1056395ff4c2903dd0b52e45e57b3fa9f5"", ""WALL"": ""06c5d1d1975cf9470096d9b7e560e2173c9733c847d5bc364aab7355ef12a11b""}",2026092494
249,1888.287276993032,2.044941018172422e-06,1.022470509086211e-06,"[2026092494, 249, 920, 0]",0,1,"[0.0001039427917269455, 5.775094317295217e-05, 0.00015861860813601585]",161,0.002401930624435357,1.6391307896644642e-07,ACCEPTED,5c0842d6e6c149e129519615257537fa53a95fb19214adda9105346a9185b429,129ebb77396550b300b20ce29cde7b03919e6037b7a81de60fe75d6c6efb616d,"{""INLET"": ""fba5b444da15ebb7b881612acde9de1056395ff4c2903dd0b52e45e57b3fa9f5"", ""WALL"": ""06c5d1d1975cf9470096d9b7e560e2173c9733c847d5bc364aab7355ef12a11b""}",2026092494
250,1895.8707600331647,2.47598525701686e-06,1.23799262850843e-06,"[2026092494, 250, 920, 0]",0,8,"[0.00010360796867535843, 5.7501286673024244e-05, 0.0001588567221843153]",131,0.002401930625233966,2.3168997319676045e-07,ACCEPTED,5c0842d6e6c149e129519615257537fa53a95fb19214adda9105346a9185b429,129ebb77396550b300b20ce29cde7b03919e6037b7a81de60fe75d6c6efb616d,"{""INLET"": ""fba5b444da15ebb7b881612acde9de1056395ff4c2903dd0b52e45e57b3fa9f5"", ""WALL"": ""06c5d1d1975cf9470096d9b7e560e2173c9733c847d5bc364aab7355ef12a11b""}",2026092494
251,1903.4542430732972,2.52709003072826e-06,1.26354501536413e-06,"[2026092494, 251, 920, 1]",1,2,"[0.00010361196585239739, 5.7590159169695784e-05, 0.00015877587478334]",170,0.0024019306246187005,2.265132916809983e-07,ACCEPTED,5c0842d6e6c149e129519615257537fa53a95fb19214adda9105346a9185b429,129ebb77396550b300b20ce29cde7b03919e6037b7a81de60fe75d6c6efb616d,"{""INLET"": ""fba5b444da15ebb7b881612acde9de1056395ff4c2903dd0b52e45e57b3fa9f5"", ""WALL"": ""06c5d1d1975cf9470096d9b7e560e2173c9733c847d5bc364aab7355ef12a11b""}",2026092494
252,1911.03772611343,2.31716697344174e-06,1.15858348672087e-06,"[2026092494, 252, 920, 0]",0,2,"[0.00010336285895507953, 5.740731548024231e-05, 0.00015895040242080226]",162,0.0024019306252141713,3.761576975958907e-08,ACCEPTED,5c0842d6e6c149e129519615257537fa53a95fb19214adda9105346a9185b429,129ebb77396550b300b20ce29cde7b03919e6037b7a81de60fe75d6c6efb616d,"{""INLET"": ""fba5b444da15ebb7b881612acde9de1056395ff4c2903dd0b52e45e57b3fa9f5"", ""WALL"": ""06c5d1d1975cf9470096d9b7e560e2173c9733c847d5bc364aab7355ef12a11b""}",2026092494
253,1918.6212091535626,1.7394436065871889e-06,8.697218032935944e-07,"[2026092494, 253, 920, 0]",0,2,"[0.00010369493393382795, 5.75373319790777e-05, 0.00015882102805770792]",113,0.002401930624914561,6.655291402523729e-07,ACCEPTED,5c0842d6e6c149e129519615257537fa53a95fb19214adda9105346a9185b429,129ebb77396550b300b20ce29cde7b03919e6037b7a81de60fe75d6c6efb616d,"{""INLET"": ""fba5b444da15ebb7b881612acde9de1056395ff4c2903dd0b52e45e57b3fa9f5"", ""WALL"": ""06c5d1d1975cf9470096d9b7e560e2173c9733c847d5bc364aab7355ef12a11b""}",2026092494
254,1926.2046921936953,2.033107212752342e-06,1.016553606376171e-06,"[2026092494, 254, 920, 0]",0,1,"[0.00010328466770878806, 5.755391875354208e-05, 0.00015881991525167145]",171,0.0024019306248071466,1.6422703310975595e-07,ACCEPTED,5c0842d6e6c149e129519615257537fa53a95fb19214adda9105346a9185b429,129ebb77396550b300b20ce29cde7b03919e6037b7a81de60fe75d6c6efb616d,"{""INLET"": ""fba5b444da15ebb7b881612acde9de1056395ff4c2903dd0b52e45e57b3fa9f5"", ""WALL"": ""06c5d1d1975cf9470096d9b7e560e2173c9733c847d5bc364aab7355ef12a11b""}",2026092494
255,1933.788175233828,1.4785022129838498e-06,7.392511064919249e-07,"[2026092494, 255, 920, 0]",0,1,"[0.00010338857479025918, 5.702942390155171e-05, 0.0001592927076729134]",75,0.0024019306254345596,6.1518214345728e-08,ACCEPTED,5c0842d6e6c149e129519615257537fa53a95fb19214adda9105346a9185b429,129ebb77396550b300b20ce29cde7b03919e6037b7a81de60fe75d6c6efb616d,"{""INLET"": ""fba5b444da15ebb7b881612acde9de1056395ff4c2903dd0b52e45e57b3fa9f5"", ""WALL"": ""06c5d1d1975cf9470096d9b7e560e2173c9733c847d5bc364aab7355ef12a11b""}",2026092494
256,1941.3716582739605,1.7113793386398722e-06,8.556896693199361e-07,"[2026092494, 256, 920, 0]",0,1,"[0.00010346206312491486, 5.707171604612712e-05, 0.0001592517986635477]",81,0.002401930625380583,2.1576904875043378e-08,ACCEPTED,5c0842d6e6c149e129519615257537fa53a95fb19214adda9105346a9185b429,129ebb77396550b300b20ce29cde7b03919e6037b7a81de60fe75d6c6efb616d,"{""INLET"": ""fba5b444da15ebb7b881612acde9de1056395ff4c2903dd0b52e45e57b3fa9f5"", ""WALL"": ""06c5d1d1975cf9470096d9b7e560e2173c9733c847d5bc364aab7355ef12a11b""}",2026092494
257,1948.9551413140932,2.5945532347796566e-06,1.2972766173898283e-06,"[2026092494, 257, 920, 0]",0,2,"[0.00010362246619524993, 5.739275699144126e-05, 0.00015895479006749233]",131,0.002401930625329836,4.442325346426735e-08,ACCEPTED,5c0842d6e6c149e129519615257537fa53a95fb19214adda9105346a9185b429,129ebb77396550b300b20ce29cde7b03919e6037b7a81de60fe75d6c6efb616d,"{""INLET"": ""fba5b444da15ebb7b881612acde9de1056395ff4c2903dd0b52e45e57b3fa9f5"", ""WALL"": ""06c5d1d1975cf9470096d9b7e560e2173c9733c847d5bc364aab7355ef12a11b""}",2026092494
258,1956.538624354226,1.923035304724085e-06,9.615176523620425e-07,"[2026092494, 258, 920, 0]",0,1,"[0.00010330018202522718, 5.7626233704591724e-05, 0.0001587537102335203]",171,0.0024019306249415647,2.2127228148208736e-07,ACCEPTED,5c0842d6e6c149e129519615257537fa53a95fb19214adda9105346a9185b429,129ebb77396550b300b20ce29cde7b03919e6037b7a81de60fe75d6c6efb616d,"{""INLET"": ""fba5b444da15ebb7b881612acde9de1056395ff4c2903dd0b52e45e57b3fa9f5"", ""WALL"": ""06c5d1d1975cf9470096d9b7e560e2173c9733c847d5bc364aab7355ef12a11b""}",2026092494
259,1964.1221073943586,1.604060513413915e-06,8.020302567069575e-07,"[2026092494, 259, 920, 0]",0,2,"[0.0001033723449807405, 5.761415352502071e-05, 0.00015876222952623649]",170,0.002401930625253881,4.543062460738915e-07,ACCEPTED,5c0842d6e6c149e129519615257537fa53a95fb19214adda9105346a9185b429,129ebb77396550b300b20ce29cde7b03919e6037b7a81de60fe75d6c6efb616d,"{""INLET"": ""fba5b444da15ebb7b881612acde9de1056395ff4c2903dd0b52e45e57b3fa9f5"", ""WALL"": ""06c5d1d1975cf9470096d9b7e560e2173c9733c847d5bc364aab7355ef12a11b""}",2026092494
260,1971.7055904344913,2.004668590757754e-06,1.002334295378877e-06,"[2026092494, 260, 920, 0]",0,1,"[0.00010389915056954022, 5.7694661988006594e-05, 0.00015867120576580382]",161,0.002401930624878036,2.6826863489040037e-07,ACCEPTED,5c0842d6e6c149e129519615257537fa53a95fb19214adda9105346a9185b429,129ebb77396550b300b20ce29cde7b03919e6037b7a81de60fe75d6c6efb616d,"{""INLET"": ""fba5b444da15ebb7b881612acde9de1056395ff4c2903dd0b52e45e57b3fa9f5"", ""WALL"": ""06c5d1d1975cf9470096d9b7e560e2173c9733c847d5bc364aab7355ef12a11b""}",2026092494
261,1979.2890734746238,1.6615718601240229e-06,8.307859300620114e-07,"[2026092494, 261, 920, 0]",0,1,"[0.00010422364872706569, 5.735577442952217e-05, 0.00015896792045637593]",106,0.0024019306249720364,1.2945478675655043e-07,ACCEPTED,5c0842d6e6c149e129519615257537fa53a95fb19214adda9105346a9185b429,129ebb77396550b300b20ce29cde7b03919e6037b7a81de60fe75d6c6efb616d,"{""INLET"": ""fba5b444da15ebb7b881612acde9de1056395ff4c2903dd0b52e45e57b3fa9f5"", ""WALL"": ""06c5d1d1975cf9470096d9b7e560e2173c9733c847d5bc364aab7355ef12a11b""}",2026092494
262,1986.8725565147565,1.3755979792219133e-06,6.877989896109566e-07,"[2026092494, 262, 920, 0]",0,2,"[0.00010295005955064932, 5.7596152165540106e-05, 0.00015879293118397327]",174,0.00240193062483815,1.5823989839863564e-07,ACCEPTED,5c0842d6e6c149e129519615257537fa53a95fb19214adda9105346a9185b429,129ebb77396550b300b20ce29cde7b03919e6037b7a81de60fe75d6c6efb616d,"{""INLET"": ""fba5b444da15ebb7b881612acde9de1056395ff4c2903dd0b52e45e57b3fa9f5"", ""WALL"": ""06c5d1d1975cf9470096d9b7e560e2173c9733c847d5bc364aab7355ef12a11b""}",2026092494
263,1994.4560395548892,2.769832712530083e-06,1.3849163562650416e-06,"[2026092494, 263, 920, 0]",0,8,"[0.00010357566141031397, 5.7596196169935936e-05, 0.0001587716261754352]",170,0.002401930624718065,7.122727511211603e-08,ACCEPTED,5c0842d6e6c149e129519615257537fa53a95fb19214adda9105346a9185b429,129ebb77396550b300b20ce29cde7b03919e6037b7a81de60fe75d6c6efb616d,"{""INLET"": ""fba5b444da15ebb7b881612acde9de1056395ff4c2903dd0b52e45e57b3fa9f5"", ""WALL"": ""06c5d1d1975cf9470096d9b7e560e2173c9733c847d5bc364aab7355ef12a11b""}",2026092494
264,2002.039522595022,1.5135134592523135e-06,7.567567296261568e-07,"[2026092494, 264, 920, 0]",0,3,"[0.00010359036174651297, 5.812500677528436e-05, 0.00015829086619550362]",123,0.0024019306244276017,4.2970295747106755e-08,ACCEPTED,5c0842d6e6c149e129519615257537fa53a95fb19214adda9105346a9185b429,129ebb77396550b300b20ce29cde7b03919e6037b7a81de60fe75d6c6efb616d,"{""INLET"": ""fba5b444da15ebb7b881612acde9de1056395ff4c2903dd0b52e45e57b3fa9f5"", ""WALL"": ""06c5d1d1975cf9470096d9b7e560e2173c9733c847d5bc364aab7355ef12a11b""}",2026092494
265,2009.6230056351546,1.3719306708685233e-06,6.859653354342616e-07,"[2026092494, 265, 920, 0]",0,1,"[0.00010354212349351921, 5.8092632338602824e-05, 0.000158321905381263]",123,0.0024019306245597837,1.4928043914874616e-07,ACCEPTED,5c0842d6e6c149e129519615257537fa53a95fb19214adda9105346a9185b429,129ebb77396550b300b20ce29cde7b03919e6037b7a81de60fe75d6c6efb616d,"{""INLET"": ""fba5b444da15ebb7b881612acde9de1056395ff4c2903dd0b52e45e57b3fa9f5"", ""WALL"": ""06c5d1d1975cf9470096d9b7e560e2173c9733c847d5bc364aab7355ef12a11b""}",2026092494
266,2017.2064886752871,1.8564384232795447e-06,9.282192116397723e-07,"[2026092494, 266, 920, 0]",0,1,"[0.00010340022366534848, 5.7805878199784106e-05, 0.0001585871548580958]",156,0.0024019306251056795,2.1109887174944216e-07,ACCEPTED,5c0842d6e6c149e129519615257537fa53a95fb19214adda9105346a9185b429,129ebb77396550b300b20ce29cde7b03919e6037b7a81de60fe75d6c6efb616d,"{""INLET"": ""fba5b444da15ebb7b881612acde9de1056395ff4c2903dd0b52e45e57b3fa9f5"", ""WALL"": ""06c5d1d1975cf9470096d9b7e560e2173c9733c847d5bc364aab7355ef12a11b""}",2026092494
267,2024.7899717154198,1.499574666696285e-06,7.497873333481425e-07,"[2026092494, 267, 920, 0]",0,1,"[0.00010404368972597942, 5.7175268197772456e-05, 0.0001591379679957189]",118,0.002401930625148273,1.922010366696547e-07,ACCEPTED,5c0842d6e6c149e129519615257537fa53a95fb19214adda9105346a9185b429,129ebb77396550b300b20ce29cde7b03919e6037b7a81de60fe75d6c6efb616d,"{""INLET"": ""fba5b444da15ebb7b881612acde9de1056395ff4c2903dd0b52e45e57b3fa9f5"", ""WALL"": ""06c5d1d1975cf9470096d9b7e560e2173c9733c847d5bc364aab7355ef12a11b""}",2026092494
268,2032.3734547555525,2.2584903401181693e-06,1.1292451700590847e-06,"[2026092494, 268, 920, 0]",0,3,"[0.00010382699984623101, 5.7346407905155883e-05, 0.00015898992013066177]",112,0.0024019306254039643,1.1980187332859735e-07,ACCEPTED,5c0842d6e6c149e129519615257537fa53a95fb19214adda9105346a9185b429,129ebb77396550b300b20ce29cde7b03919e6037b7a81de60fe75d6c6efb616d,"{""INLET"": ""fba5b444da15ebb7b881612acde9de1056395ff4c2903dd0b52e45e57b3fa9f5"", ""WALL"": ""06c5d1d1975cf9470096d9b7e560e2173c9733c847d5bc364aab7355ef12a11b""}",2026092494
269,2039.9569377956852,1.6664550640128752e-06,8.332275320064376e-07,"[2026092494, 269, 920, 0]",0,1,"[0.00010333799562968958, 5.720359141049994e-05, 0.00015913626029678962]",81,0.002401930625312583,1.5071974887135936e-07,ACCEPTED,5c0842d6e6c149e129519615257537fa53a95fb19214adda9105346a9185b429,129ebb77396550b300b20ce29cde7b03919e6037b7a81de60fe75d6c6efb616d,"{""INLET"": ""fba5b444da15ebb7b881612acde9de1056395ff4c2903dd0b52e45e57b3fa9f5"", ""WALL"": ""06c5d1d1975cf9470096d9b7e560e2173c9733c847d5bc364aab7355ef12a11b""}",2026092494
270,2047.540420835818,1.783309862162426e-06,8.91654931081213e-07,"[2026092494, 270, 920, 0]",0,1,"[0.00010338807782863715, 5.77685516517565e-05, 0.0001586214679830163]",156,0.0024019306252628667,2.743042720052609e-07,ACCEPTED,5c0842d6e6c149e129519615257537fa53a95fb19214adda9105346a9185b429,129ebb77396550b300b20ce29cde7b03919e6037b7a81de60fe75d6c6efb616d,"{""INLET"": ""fba5b444da15ebb7b881612acde9de1056395ff4c2903dd0b52e45e57b3fa9f5"", ""WALL"": ""06c5d1d1975cf9470096d9b7e560e2173c9733c847d5bc364aab7355ef12a11b""}",2026092494
271,2055.1239038759504,1.361444200757174e-06,6.80722100378587e-07,"[2026092494, 271, 920, 0]",0,2,"[0.00010309567386965143, 5.740064932154555e-05, 0.00015896553673247694]",172,0.0024019306250388835,2.704782433205586e-07,ACCEPTED,5c0842d6e6c149e129519615257537fa53a95fb19214adda9105346a9185b429,129ebb77396550b300b20ce29cde7b03919e6037b7a81de60fe75d6c6efb616d,"{""INLET"": ""fba5b444da15ebb7b881612acde9de1056395ff4c2903dd0b52e45e57b3fa9f5"", ""WALL"": ""06c5d1d1975cf9470096d9b7e560e2173c9733c847d5bc364aab7355ef12a11b""}",2026092494
272,2062.707386916083,1.3045086685258451e-06,6.522543342629226e-07,"[2026092494, 272, 920, 0]",0,1,"[0.00010405839395318095, 5.803629729607758e-05, 0.0001583555212470835]",149,0.0024019306233973247,1.524348910707003e-07,ACCEPTED,5c0842d6e6c149e129519615257537fa53a95fb19214adda9105346a9185b429,129ebb77396550b300b20ce29cde7b03919e6037b7a81de60fe75d6c6efb616d,"{""INLET"": ""fba5b444da15ebb7b881612acde9de1056395ff4c2903dd0b52e45e57b3fa9f5"", ""WALL"": ""06c5d1d1975cf9470096d9b7e560e2173c9733c847d5bc364aab7355ef12a11b""}",2026092494
273,2070.290869956216,2.186862011984199e-06,1.0934310059920995e-06,"[2026092494, 273, 920, 0]",0,2,"[0.00010370487775128482, 5.750261051231238e-05, 0.00015885222187962596]",113,0.002401930624997373,3.9617009249707625e-07,ACCEPTED,5c0842d6e6c149e129519615257537fa53a95fb19214adda9105346a9185b429,129ebb77396550b300b20ce29cde7b03919e6037b7a81de60fe75d6c6efb616d,"{""INLET"": ""fba5b444da15ebb7b881612acde9de1056395ff4c2903dd0b52e45e57b3fa9f5"", ""WALL"": ""06c5d1d1975cf9470096d9b7e560e2173c9733c847d5bc364aab7355ef12a11b""}",2026092494
274,2077.8743529963485,2.0614907811739018e-06,1.0307453905869509e-06,"[2026092494, 274, 920, 0]",0,2,"[0.0001034017295577273, 5.7235909388657615e-05, 0.00015910474201607505]",83,0.0024019306253915975,2.3302736259063573e-08,ACCEPTED,5c0842d6e6c149e129519615257537fa53a95fb19214adda9105346a9185b429,129ebb77396550b300b20ce29cde7b03919e6037b7a81de60fe75d6c6efb616d,"{""INLET"": ""fba5b444da15ebb7b881612acde9de1056395ff4c2903dd0b52e45e57b3fa9f5"", ""WALL"": ""06c5d1d1975cf9470096d9b7e560e2173c9733c847d5bc364aab7355ef12a11b""}",2026092494
275,2085.4578360364812,1.2314362548115361e-06,6.157181274057681e-07,"[2026092494, 275, 920, 1]",1,1,"[0.0001032282948752474, 5.7404199360988446e-05, 0.00015895780669176557]",162,0.002401930625093602,4.5980603632600573e-07,ACCEPTED,5c0842d6e6c149e129519615257537fa53a95fb19214adda9105346a9185b429,129ebb77396550b300b20ce29cde7b03919e6037b7a81de60fe75d6c6efb616d,"{""INLET"": ""fba5b444da15ebb7b881612acde9de1056395ff4c2903dd0b52e45e57b3fa9f5"", ""WALL"": ""06c5d1d1975cf9470096d9b7e560e2173c9733c847d5bc364aab7355ef12a11b""}",2026092494
276,2093.041319076614,1.5116876753691365e-06,7.558438376845682e-07,"[2026092494, 276, 920, 0]",0,2,"[0.00010348983501210365, 5.768083965404306e-05, 0.00015869766960771277]",157,0.002401930625291795,5.640743494540528e-07,ACCEPTED,5c0842d6e6c149e129519615257537fa53a95fb19214adda9105346a9185b429,129ebb77396550b300b20ce29cde7b03919e6037b7a81de60fe75d6c6efb616d,"{""INLET"": ""fba5b444da15ebb7b881612acde9de1056395ff4c2903dd0b52e45e57b3fa9f5"", ""WALL"": ""06c5d1d1975cf9470096d9b7e560e2173c9733c847d5bc364aab7355ef12a11b""}",2026092494
277,2100.6248021167467,1.848159636113692e-06,9.24079818056846e-07,"[2026092494, 277, 920, 0]",0,2,"[0.00010325737859859989, 5.7474363522369574e-05, 0.00015889309564133736]",173,0.002401930624990354,2.1365379108746552e-07,ACCEPTED,5c0842d6e6c149e129519615257537fa53a95fb19214adda9105346a9185b429,129ebb77396550b300b20ce29cde7b03919e6037b7a81de60fe75d6c6efb616d,"{""INLET"": ""fba5b444da15ebb7b881612acde9de1056395ff4c2903dd0b52e45e57b3fa9f5"", ""WALL"": ""06c5d1d1975cf9470096d9b7e560e2173c9733c847d5bc364aab7355ef12a11b""}",2026092494
278,2108.208285156879,2.5770440692641774e-06,1.2885220346320887e-06,"[2026092494, 278, 920, 0]",0,2,"[0.0001037368646721659, 5.755053657438315e-05, 0.00015880760869591272]",113,0.002401930624912318,2.1536161321115459e-07,ACCEPTED,5c0842d6e6c149e129519615257537fa53a95fb19214adda9105346a9185b429,129ebb77396550b300b20ce29cde7b03919e6037b7a81de60fe75d6c6efb616d,"{""INLET"": ""fba5b444da15ebb7b881612acde9de1056395ff4c2903dd0b52e45e57b3fa9f5"", ""WALL"": ""06c5d1d1975cf9470096d9b7e560e2173c9733c847d5bc364aab7355ef12a11b""}",2026092494
279,2115.7917681970116,2.3881646257705588e-06,1.1940823128852794e-06,"[2026092494, 279, 920, 0]",0,3,"[0.00010343007052776717, 5.765416385478472e-05, 0.00015872392868436348]",170,0.00240193062516053,9.980909832263978e-08,ACCEPTED,5c0842d6e6c149e129519615257537fa53a95fb19214adda9105346a9185b429,129ebb77396550b300b20ce29cde7b03919e6037b7a81de60fe75d6c6efb616d,"{""INLET"": ""fba5b444da15ebb7b881612acde9de1056395ff4c2903dd0b52e45e57b3fa9f5"", ""WALL"": ""06c5d1d1975cf9470096d9b7e560e2173c9733c847d5bc364aab7355ef12a11b""}",2026092494
280,2123.3752512371443,1.68077563397072e-06,8.4038781698536e-07,"[2026092494, 280, 920, 0]",0,1,"[0.00010419360231304412, 5.778396781274219e-05, 0.000158580081719623]",160,0.0024019306252775876,1.1725720646331644e-07,ACCEPTED,5c0842d6e6c149e129519615257537fa53a95fb19214adda9105346a9185b429,129ebb77396550b300b20ce29cde7b03919e6037b7a81de60fe75d6c6efb616d,"{""INLET"": ""fba5b444da15ebb7b881612acde9de1056395ff4c2903dd0b52e45e57b3fa9f5"", ""WALL"": ""06c5d1d1975cf9470096d9b7e560e2173c9733c847d5bc364aab7355ef12a11b""}",2026092494
281,2130.958734277277,1.1915224954443208e-06,5.957612477221604e-07,"[2026092494, 281, 920, 0]",0,1,"[0.00010445899936753033, 5.741233353641185e-05, 0.00015890855111964228]",111,0.0024019306251100193,1.6748994458165682e-07,ACCEPTED,5c0842d6e6c149e129519615257537fa53a95fb19214adda9105346a9185b429,129ebb77396550b300b20ce29cde7b03919e6037b7a81de60fe75d6c6efb616d,"{""INLET"": ""fba5b444da15ebb7b881612acde9de1056395ff4c2903dd0b52e45e57b3fa9f5"", ""WALL"": ""06c5d1d1975cf9470096d9b7e560e2173c9733c847d5bc364aab7355ef12a11b""}",2026092494
282,2138.5422173174097,2.326560892498095e-06,1.1632804462490475e-06,"[2026092494, 282, 920, 0]",0,7,"[0.00010351923254457565, 5.738736915455741e-05, 0.0001589631957926907]",130,0.002401930625138832,1.290218163088442e-07,ACCEPTED,5c0842d6e6c149e129519615257537fa53a95fb19214adda9105346a9185b429,129ebb77396550b300b20ce29cde7b03919e6037b7a81de60fe75d6c6efb616d,"{""INLET"": ""fba5b444da15ebb7b881612acde9de1056395ff4c2903dd0b52e45e57b3fa9f5"", ""WALL"": ""06c5d1d1975cf9470096d9b7e560e2173c9733c847d5bc364aab7355ef12a11b""}",2026092494
283,2146.1257003575424,1.6797678512134455e-06,8.398839256067227e-07,"[2026092494, 283, 920, 0]",0,1,"[0.0001032800223532124, 5.7804616792722505e-05, 0.00015859238997371916]",141,0.0024019306242189877,2.162663139912488e-07,ACCEPTED,5c0842d6e6c149e129519615257537fa53a95fb19214adda9105346a9185b429,129ebb77396550b300b20ce29cde7b03919e6037b7a81de60fe75d6c6efb616d,"{""INLET"": ""fba5b444da15ebb7b881612acde9de1056395ff4c2903dd0b52e45e57b3fa9f5"", ""WALL"": ""06c5d1d1975cf9470096d9b7e560e2173c9733c847d5bc364aab7355ef12a11b""}",2026092494
284,2153.709183397675,1.196551773929238e-06,5.98275886964619e-07,"[2026092494, 284, 920, 0]",0,1,"[0.00010371563329072812, 5.7520146350454194e-05, 0.00015883593048733927]",113,0.002401930624965645,9.062622408955137e-07,ACCEPTED,5c0842d6e6c149e129519615257537fa53a95fb19214adda9105346a9185b429,129ebb77396550b300b20ce29cde7b03919e6037b7a81de60fe75d6c6efb616d,"{""INLET"": ""fba5b444da15ebb7b881612acde9de1056395ff4c2903dd0b52e45e57b3fa9f5"", ""WALL"": ""06c5d1d1975cf9470096d9b7e560e2173c9733c847d5bc364aab7355ef12a11b""}",2026092494
285,2161.292666437808,1.6336910813523078e-06,8.168455406761539e-07,"[2026092494, 285, 920, 0]",0,1,"[0.00010337124731511324, 5.751396048512152e-05, 0.00015885326423252524]",171,0.0024019306248021306,4.439293399243044e-07,ACCEPTED,5c0842d6e6c149e129519615257537fa53a95fb19214adda9105346a9185b429,129ebb77396550b300b20ce29cde7b03919e6037b7a81de60fe75d6c6efb616d,"{""INLET"": ""fba5b444da15ebb7b881612acde9de1056395ff4c2903dd0b52e45e57b3fa9f5"", ""WALL"": ""06c5d1d1975cf9470096d9b7e560e2173c9733c847d5bc364aab7355ef12a11b""}",2026092494
286,2168.8761494779405,1.7855138282633034e-06,8.927569141316517e-07,"[2026092494, 286, 920, 0]",0,1,"[0.00010305449790407458, 5.773334953998925e-05, 0.00015866478380395095]",143,0.002401930625133743,1.818484848064247e-08,ACCEPTED,5c0842d6e6c149e129519615257537fa53a95fb19214adda9105346a9185b429,129ebb77396550b300b20ce29cde7b03919e6037b7a81de60fe75d6c6efb616d,"{""INLET"": ""fba5b444da15ebb7b881612acde9de1056395ff4c2903dd0b52e45e57b3fa9f5"", ""WALL"": ""06c5d1d1975cf9470096d9b7e560e2173c9733c847d5bc364aab7355ef12a11b""}",2026092494
287,2176.4596325180732,1.3501423327629084e-06,6.750711663814542e-07,"[2026092494, 287, 920, 0]",0,1,"[0.00010287913685659895, 5.739379353929961e-05, 0.00015897911582634237]",89,0.002401930624229468,6.818722330231746e-08,ACCEPTED,5c0842d6e6c149e129519615257537fa53a95fb19214adda9105346a9185b429,129ebb77396550b300b20ce29cde7b03919e6037b7a81de60fe75d6c6efb616d,"{""INLET"": ""fba5b444da15ebb7b881612acde9de1056395ff4c2903dd0b52e45e57b3fa9f5"", ""WALL"": ""06c5d1d1975cf9470096d9b7e560e2173c9733c847d5bc364aab7355ef12a11b""}",2026092494
288,2184.0431155582055,1.3952066579210375e-06,6.976033289605187e-07,"[2026092494, 288, 920, 1]",1,1,"[0.00010306908272204842, 5.741535326064643e-05, 0.00015895308554373874]",172,0.0024019306249022376,2.371610513664007e-07,ACCEPTED,5c0842d6e6c149e129519615257537fa53a95fb19214adda9105346a9185b429,129ebb77396550b300b20ce29cde7b03919e6037b7a81de60fe75d6c6efb616d,"{""INLET"": ""fba5b444da15ebb7b881612acde9de1056395ff4c2903dd0b52e45e57b3fa9f5"", ""WALL"": ""06c5d1d1975cf9470096d9b7e560e2173c9733c847d5bc364aab7355ef12a11b""}",2026092494
289,2191.626598598338,2.5265837025354087e-06,1.2632918512677044e-06,"[2026092494, 289, 920, 0]",0,3,"[0.00010377863859074819, 5.747191110438297e-05, 0.00015887759033457073]",113,0.0024019306251121643,1.5202101775545904e-07,ACCEPTED,5c0842d6e6c149e129519615257537fa53a95fb19214adda9105346a9185b429,129ebb77396550b300b20ce29cde7b03919e6037b7a81de60fe75d6c6efb616d,"{""INLET"": ""fba5b444da15ebb7b881612acde9de1056395ff4c2903dd0b52e45e57b3fa9f5"", ""WALL"": ""06c5d1d1975cf9470096d9b7e560e2173c9733c847d5bc364aab7355ef12a11b""}",2026092494
290,2199.210081638471,1.3111587012620174e-06,6.555793506310087e-07,"[2026092494, 290, 920, 0]",0,1,"[0.00010387965807687202, 5.710136015451142e-05, 0.0001592106735585706]",117,0.0024019306249727984,2.7327475882091364e-07,ACCEPTED,5c0842d6e6c149e129519615257537fa53a95fb19214adda9105346a9185b429,129ebb77396550b300b20ce29cde7b03919e6037b7a81de60fe75d6c6efb616d,"{""INLET"": ""fba5b444da15ebb7b881612acde9de1056395ff4c2903dd0b52e45e57b3fa9f5"", ""WALL"": ""06c5d1d1975cf9470096d9b7e560e2173c9733c847d5bc364aab7355ef12a11b""}",2026092494
291,2206.7935646786036,1.5520275571097425e-06,7.760137785548712e-07,"[2026092494, 291, 920, 0]",0,1,"[0.00010372971007139973, 5.720636174040912e-05, 0.00015912041657654313]",82,0.0024019306250645297,3.19806196739026e-07,ACCEPTED,5c0842d6e6c149e129519615257537fa53a95fb19214adda9105346a9185b429,129ebb77396550b300b20ce29cde7b03919e6037b7a81de60fe75d6c6efb616d,"{""INLET"": ""fba5b444da15ebb7b881612acde9de1056395ff4c2903dd0b52e45e57b3fa9f5"", ""WALL"": ""06c5d1d1975cf9470096d9b7e560e2173c9733c847d5bc364aab7355ef12a11b""}",2026092494
292,2214.3770477187363,1.5692843460480985e-06,7.846421730240492e-07,"[2026092494, 292, 920, 0]",0,1,"[0.00010433494336262542, 5.7292187582333e-05, 0.0001590218840389419]",108,0.0024019306250459243,4.0677544829486186e-08,ACCEPTED,5c0842d6e6c149e129519615257537fa53a95fb19214adda9105346a9185b429,129ebb77396550b300b20ce29cde7b03919e6037b7a81de60fe75d6c6efb616d,"{""INLET"": ""fba5b444da15ebb7b881612acde9de1056395ff4c2903dd0b52e45e57b3fa9f5"", ""WALL"": ""06c5d1d1975cf9470096d9b7e560e2173c9733c847d5bc364aab7355ef12a11b""}",2026092494
293,2221.960530758869,2.997494679665751e-06,1.4987473398328755e-06,"[2026092494, 293, 920, 0]",0,1,"[0.00010368489402109808, 5.7542787499701434e-05, 0.00015881641543622139]",113,0.0024019306248961245,4.802283219706775e-08,ACCEPTED,5c0842d6e6c149e129519615257537fa53a95fb19214adda9105346a9185b429,129ebb77396550b300b20ce29cde7b03919e6037b7a81de60fe75d6c6efb616d,"{""INLET"": ""fba5b444da15ebb7b881612acde9de1056395ff4c2903dd0b52e45e57b3fa9f5"", ""WALL"": ""06c5d1d1975cf9470096d9b7e560e2173c9733c847d5bc364aab7355ef12a11b""}",2026092494
294,2229.5440137990017,2.092803125231325e-06,1.0464015626156625e-06,"[2026092494, 294, 920, 0]",0,3,"[0.00010342365419367105, 5.784013966202209e-05, 0.00015855524190286618]",156,0.0024019306249917776,7.002440259368134e-08,ACCEPTED,5c0842d6e6c149e129519615257537fa53a95fb19214adda9105346a9185b429,129ebb77396550b300b20ce29cde7b03919e6037b7a81de60fe75d6c6efb616d,"{""INLET"": ""fba5b444da15ebb7b881612acde9de1056395ff4c2903dd0b52e45e57b3fa9f5"", ""WALL"": ""06c5d1d1975cf9470096d9b7e560e2173c9733c847d5bc364aab7355ef12a11b""}",2026092494
295,2237.1274968391344,1.9048606575800887e-06,9.524303287900443e-07,"[2026092494, 295, 920, 0]",0,2,"[0.00010376454804090994, 5.745951375169502e-05, 0.00015888932874517404]",113,0.0024019306251304444,4.58602875718516e-07,ACCEPTED,5c0842d6e6c149e129519615257537fa53a95fb19214adda9105346a9185b429,129ebb77396550b300b20ce29cde7b03919e6037b7a81de60fe75d6c6efb616d,"{""INLET"": ""fba5b444da15ebb7b881612acde9de1056395ff4c2903dd0b52e45e57b3fa9f5"", ""WALL"": ""06c5d1d1975cf9470096d9b7e560e2173c9733c847d5bc364aab7355ef12a11b""}",2026092494
296,2244.710979879267,1.4191875212923238e-06,7.095937606461619e-07,"[2026092494, 296, 920, 0]",0,2,"[0.00010386599182109518, 5.71274455138754e-05, 0.00015918744862531092]",117,0.0024019306250069278,2.566631438293551e-07,ACCEPTED,5c0842d6e6c149e129519615257537fa53a95fb19214adda9105346a9185b429,129ebb77396550b300b20ce29cde7b03919e6037b7a81de60fe75d6c6efb616d,"{""INLET"": ""fba5b444da15ebb7b881612acde9de1056395ff4c2903dd0b52e45e57b3fa9f5"", ""WALL"": ""06c5d1d1975cf9470096d9b7e560e2173c9733c847d5bc364aab7355ef12a11b""}",2026092494
297,2252.2944629194,1.2316268453996685e-06,6.158134226998343e-07,"[2026092494, 297, 920, 0]",0,2,"[0.00010310484259582454, 5.733117961971902e-05, 0.00015902831756025917]",89,0.0024019306250227454,3.055810543765018e-07,ACCEPTED,5c0842d6e6c149e129519615257537fa53a95fb19214adda9105346a9185b429,129ebb77396550b300b20ce29cde7b03919e6037b7a81de60fe75d6c6efb616d,"{""INLET"": ""fba5b444da15ebb7b881612acde9de1056395ff4c2903dd0b52e45e57b3fa9f5"", ""WALL"": ""06c5d1d1975cf9470096d9b7e560e2173c9733c847d5bc364aab7355ef12a11b""}",2026092494
298,2259.877945959532,1.6256832129986218e-06,8.128416064993109e-07,"[2026092494, 298, 920, 0]",0,1,"[0.00010363679058722577, 5.7572744140305294e-05, 0.0001587908473781862]",131,0.002401930625255246,7.107372882786368e-07,ACCEPTED,5c0842d6e6c149e129519615257537fa53a95fb19214adda9105346a9185b429,129ebb77396550b300b20ce29cde7b03919e6037b7a81de60fe75d6c6efb616d,"{""INLET"": ""fba5b444da15ebb7b881612acde9de1056395ff4c2903dd0b52e45e57b3fa9f5"", ""WALL"": ""06c5d1d1975cf9470096d9b7e560e2173c9733c847d5bc364aab7355ef12a11b""}",2026092494
299,2267.461428999665,1.3288539155167703e-06,6.644269577583851e-07,"[2026092494, 299, 920, 0]",0,2,"[0.00010444804572971132, 5.73113739934594e-05, 0.0001590006122104893]",109,0.0024019306253021725,6.761987272256948e-08,ACCEPTED,5c0842d6e6c149e129519615257537fa53a95fb19214adda9105346a9185b429,129ebb77396550b300b20ce29cde7b03919e6037b7a81de60fe75d6c6efb616d,"{""INLET"": ""fba5b444da15ebb7b881612acde9de1056395ff4c2903dd0b52e45e57b3fa9f5"", ""WALL"": ""06c5d1d1975cf9470096d9b7e560e2173c9733c847d5bc364aab7355ef12a11b""}",2026092494
300,2275.0449120397975,1.6130479976750846e-06,8.065239988375423e-07,"[2026092494, 300, 920, 1]",1,3,"[0.00010320696485992454, 5.725028015179535e-05, 0.0001590983155778972]",88,0.0024019306252634725,1.3620475445882541e-07,ACCEPTED,5c0842d6e6c149e129519615257537fa53a95fb19214adda9105346a9185b429,129ebb77396550b300b20ce29cde7b03919e6037b7a81de60fe75d6c6efb616d,"{""INLET"": ""fba5b444da15ebb7b881612acde9de1056395ff4c2903dd0b52e45e57b3fa9f5"", ""WALL"": ""06c5d1d1975cf9470096d9b7e560e2173c9733c847d5bc364aab7355ef12a11b""}",2026092494
301,2282.62839507993,1.8751287747169895e-06,9.375643873584947e-07,"[2026092494, 301, 920, 0]",0,1,"[0.00010359709460733574, 5.758685006174957e-05, 0.00015877938579495325]",170,0.002401930624651869,5.430968319291334e-07,ACCEPTED,5c0842d6e6c149e129519615257537fa53a95fb19214adda9105346a9185b429,129ebb77396550b300b20ce29cde7b03919e6037b7a81de60fe75d6c6efb616d,"{""INLET"": ""fba5b444da15ebb7b881612acde9de1056395ff4c2903dd0b52e45e57b3fa9f5"", ""WALL"": ""06c5d1d1975cf9470096d9b7e560e2173c9733c847d5bc364aab7355ef12a11b""}",2026092494
302,2290.211878120063,2.0391258139275888e-06,1.0195629069637944e-06,"[2026092494, 302, 920, 0]",0,1,"[0.00010350590233072113, 5.7552670588478566e-05, 0.000158813528773024]",170,0.0024019306248371634,3.825204537645505e-07,ACCEPTED,5c0842d6e6c149e129519615257537fa53a95fb19214adda9105346a9185b429,129ebb77396550b300b20ce29cde7b03919e6037b7a81de60fe75d6c6efb616d,"{""INLET"": ""fba5b444da15ebb7b881612acde9de1056395ff4c2903dd0b52e45e57b3fa9f5"", ""WALL"": ""06c5d1d1975cf9470096d9b7e560e2173c9733c847d5bc364aab7355ef12a11b""}",2026092494
303,2297.7953611601956,2.4965344579535114e-06,1.2482672289767557e-06,"[2026092494, 303, 920, 0]",0,2,"[0.00010380082326111122, 5.746683291472327e-05, 0.00015888144679952743]",113,0.002401930625137541,1.4739857455372383e-07,ACCEPTED,5c0842d6e6c149e129519615257537fa53a95fb19214adda9105346a9185b429,129ebb77396550b300b20ce29cde7b03919e6037b7a81de60fe75d6c6efb616d,"{""INLET"": ""fba5b444da15ebb7b881612acde9de1056395ff4c2903dd0b52e45e57b3fa9f5"", ""WALL"": ""06c5d1d1975cf9470096d9b7e560e2173c9733c847d5bc364aab7355ef12a11b""}",2026092494
304,2305.3788442003283,2.841519058269334e-06,1.420759529134667e-06,"[2026092494, 304, 920, 0]",0,3,"[0.00010376197863760686, 5.7578041106385e-05, 0.0001587817763089757]",114,0.0024019306234486742,5.354947180571361e-08,ACCEPTED,5c0842d6e6c149e129519615257537fa53a95fb19214adda9105346a9185b429,129ebb77396550b300b20ce29cde7b03919e6037b7a81de60fe75d6c6efb616d,"{""INLET"": ""fba5b444da15ebb7b881612acde9de1056395ff4c2903dd0b52e45e57b3fa9f5"", ""WALL"": ""06c5d1d1975cf9470096d9b7e560e2173c9733c847d5bc364aab7355ef12a11b""}",2026092494
305,2312.962327240461,2.369847447772463e-06,1.1849237238862316e-06,"[2026092494, 305, 920, 0]",0,2,"[0.00010390139467471399, 5.744522218416602e-05, 0.00015889764855583506]",113,0.0024019306252494772,1.1378767556106737e-07,ACCEPTED,5c0842d6e6c149e129519615257537fa53a95fb19214adda9105346a9185b429,129ebb77396550b300b20ce29cde7b03919e6037b7a81de60fe75d6c6efb616d,"{""INLET"": ""fba5b444da15ebb7b881612acde9de1056395ff4c2903dd0b52e45e57b3fa9f5"", ""WALL"": ""06c5d1d1975cf9470096d9b7e560e2173c9733c847d5bc364aab7355ef12a11b""}",2026092494
306,2320.5458102805937,2.733843177008907e-06,1.3669215885044536e-06,"[2026092494, 306, 920, 0]",0,5,"[0.00010369584025908036, 5.76872653832818e-05, 0.0001586848317886773]",158,0.002401930624524566,2.1338272782227128e-08,ACCEPTED,5c0842d6e6c149e129519615257537fa53a95fb19214adda9105346a9185b429,129ebb77396550b300b20ce29cde7b03919e6037b7a81de60fe75d6c6efb616d,"{""INLET"": ""fba5b444da15ebb7b881612acde9de1056395ff4c2903dd0b52e45e57b3fa9f5"", ""WALL"": ""06c5d1d1975cf9470096d9b7e560e2173c9733c847d5bc364aab7355ef12a11b""}",2026092494
307,2328.1292933207264,2.6970729644848287e-06,1.3485364822424143e-06,"[2026092494, 307, 920, 0]",0,1,"[0.0001036244490578229, 5.7498760623472204e-05, 0.00015885845543293928]",131,0.0024019306252717094,1.2835682451267367e-07,ACCEPTED,5c0842d6e6c149e129519615257537fa53a95fb19214adda9105346a9185b429,129ebb77396550b300b20ce29cde7b03919e6037b7a81de60fe75d6c6efb616d,"{""INLET"": ""fba5b444da15ebb7b881612acde9de1056395ff4c2903dd0b52e45e57b3fa9f5"", ""WALL"": ""06c5d1d1975cf9470096d9b7e560e2173c9733c847d5bc364aab7355ef12a11b""}",2026092494
308,2335.7127763608587,2.033003804098024e-06,1.016501902049012e-06,"[2026092494, 308, 920, 0]",0,1,"[0.00010322865558010275, 5.736133298161703e-05, 0.00015899672374811976]",162,0.0024019306250798057,3.2949237828945325e-08,ACCEPTED,5c0842d6e6c149e129519615257537fa53a95fb19214adda9105346a9185b429,129ebb77396550b300b20ce29cde7b03919e6037b7a81de60fe75d6c6efb616d,"{""INLET"": ""fba5b444da15ebb7b881612acde9de1056395ff4c2903dd0b52e45e57b3fa9f5"", ""WALL"": ""06c5d1d1975cf9470096d9b7e560e2173c9733c847d5bc364aab7355ef12a11b""}",2026092494
309,2343.2962594009914,2.1562797273258674e-06,1.0781398636629337e-06,"[2026092494, 309, 920, 0]",0,1,"[0.00010397138566099667, 5.761033510349886e-05, 0.0001587453238333613]",115,0.002401930624386362,1.8157144689457654e-07,ACCEPTED,5c0842d6e6c149e129519615257537fa53a95fb19214adda9105346a9185b429,129ebb77396550b300b20ce29cde7b03919e6037b7a81de60fe75d6c6efb616d,"{""INLET"": ""fba5b444da15ebb7b881612acde9de1056395ff4c2903dd0b52e45e57b3fa9f5"", ""WALL"": ""06c5d1d1975cf9470096d9b7e560e2173c9733c847d5bc364aab7355ef12a11b""}",2026092494
310,2350.879742441124,1.4277958487412429e-06,7.138979243706214e-07,"[2026092494, 310, 920, 0]",0,1,"[0.00010359969182856532, 5.7126747714514045e-05, 0.0001591971387076903]",82,0.002401930625114528,2.709105207105109e-07,ACCEPTED,5c0842d6e6c149e129519615257537fa53a95fb19214adda9105346a9185b429,129ebb77396550b300b20ce29cde7b03919e6037b7a81de60fe75d6c6efb616d,"{""INLET"": ""fba5b444da15ebb7b881612acde9de1056395ff4c2903dd0b52e45e57b3fa9f5"", ""WALL"": ""06c5d1d1975cf9470096d9b7e560e2173c9733c847d5bc364aab7355ef12a11b""}",2026092494
311,2358.463225481257,1.5103861646875707e-06,7.551930823437854e-07,"[2026092494, 311, 920, 0]",0,2,"[0.00010420624572870995, 5.756419076336418e-05, 0.00015877923549183228]",107,0.002401930624687733,2.7910423665567245e-07,ACCEPTED,5c0842d6e6c149e129519615257537fa53a95fb19214adda9105346a9185b429,129ebb77396550b300b20ce29cde7b03919e6037b7a81de60fe75d6c6efb616d,"{""INLET"": ""fba5b444da15ebb7b881612acde9de1056395ff4c2903dd0b52e45e57b3fa9f5"", ""WALL"": ""06c5d1d1975cf9470096d9b7e560e2173c9733c847d5bc364aab7355ef12a11b""}",2026092494
312,2366.0467085213895,1.2786036395941783e-06,6.393018197970891e-07,"[2026092494, 312, 920, 0]",0,1,"[0.00010388765536582467, 5.78774612171491e-05, 0.0001585055787979284]",147,0.0024019306247262183,4.3766903583936176e-07,ACCEPTED,5c0842d6e6c149e129519615257537fa53a95fb19214adda9105346a9185b429,129ebb77396550b300b20ce29cde7b03919e6037b7a81de60fe75d6c6efb616d,"{""INLET"": ""fba5b444da15ebb7b881612acde9de1056395ff4c2903dd0b52e45e57b3fa9f5"", ""WALL"": ""06c5d1d1975cf9470096d9b7e560e2173c9733c847d5bc364aab7355ef12a11b""}",2026092494
313,2373.630191561522,1.0261410616235287e-06,5.130705308117643e-07,"[2026092494, 313, 920, 0]",0,1,"[0.00010313232028639883, 5.783210484031606e-05, 0.00015857245343968917]",141,0.002401930623812829,4.028272607137794e-07,ACCEPTED,5c0842d6e6c149e129519615257537fa53a95fb19214adda9105346a9185b429,129ebb77396550b300b20ce29cde7b03919e6037b7a81de60fe75d6c6efb616d,"{""INLET"": ""fba5b444da15ebb7b881612acde9de1056395ff4c2903dd0b52e45e57b3fa9f5"", ""WALL"": ""06c5d1d1975cf9470096d9b7e560e2173c9733c847d5bc364aab7355ef12a11b""}",2026092494
314,2381.213674601655,1.2632909841874092e-06,6.316454920937046e-07,"[2026092494, 314, 920, 0]",0,2,"[0.00010307380658274448, 5.7562089100997375e-05, 0.00015881965936594185]",173,0.0024019306249899804,3.3820387203620543e-07,ACCEPTED,5c0842d6e6c149e129519615257537fa53a95fb19214adda9105346a9185b429,129ebb77396550b300b20ce29cde7b03919e6037b7a81de60fe75d6c6efb616d,"{""INLET"": ""fba5b444da15ebb7b881612acde9de1056395ff4c2903dd0b52e45e57b3fa9f5"", ""WALL"": ""06c5d1d1975cf9470096d9b7e560e2173c9733c847d5bc364aab7355ef12a11b""}",2026092494
315,2388.7971576417876,1.7247621232242462e-06,8.623810616121231e-07,"[2026092494, 315, 920, 0]",0,1,"[0.00010385077667758148, 5.7612142204042334e-05, 0.00015874778757000757]",114,0.002401930623813021,5.120677458901364e-07,ACCEPTED,5c0842d6e6c149e129519615257537fa53a95fb19214adda9105346a9185b429,129ebb77396550b300b20ce29cde7b03919e6037b7a81de60fe75d6c6efb616d,"{""INLET"": ""fba5b444da15ebb7b881612acde9de1056395ff4c2903dd0b52e45e57b3fa9f5"", ""WALL"": ""06c5d1d1975cf9470096d9b7e560e2173c9733c847d5bc364aab7355ef12a11b""}",2026092494
316,2396.3806406819203,2.080683110976227e-06,1.0403415554881134e-06,"[2026092494, 316, 920, 0]",0,4,"[0.00010411380670701824, 5.7512175510913895e-05, 0.00015882961715652473]",107,0.002401930624746989,8.455960139989155e-08,ACCEPTED,5c0842d6e6c149e129519615257537fa53a95fb19214adda9105346a9185b429,129ebb77396550b300b20ce29cde7b03919e6037b7a81de60fe75d6c6efb616d,"{""INLET"": ""fba5b444da15ebb7b881612acde9de1056395ff4c2903dd0b52e45e57b3fa9f5"", ""WALL"": ""06c5d1d1975cf9470096d9b7e560e2173c9733c847d5bc364aab7355ef12a11b""}",2026092494
317,2403.9641237220526,1.3372985440798524e-06,6.686492720399262e-07,"[2026092494, 317, 920, 0]",0,1,"[0.0001038894349785712, 5.749788261067312e-05, 0.00015885023206396845]",113,0.0024019306251258777,6.712039662887375e-07,ACCEPTED,5c0842d6e6c149e129519615257537fa53a95fb19214adda9105346a9185b429,129ebb77396550b300b20ce29cde7b03919e6037b7a81de60fe75d6c6efb616d,"{""INLET"": ""fba5b444da15ebb7b881612acde9de1056395ff4c2903dd0b52e45e57b3fa9f5"", ""WALL"": ""06c5d1d1975cf9470096d9b7e560e2173c9733c847d5bc364aab7355ef12a11b""}",2026092494
318,2411.5476067621853,1.564532438939536e-06,7.82266219469768e-07,"[2026092494, 318, 920, 0]",0,1,"[0.00010393667678079496, 5.776294812404353e-05, 0.00015860791393488638]",161,0.0024019306243177833,3.977682424685836e-07,ACCEPTED,5c0842d6e6c149e129519615257537fa53a95fb19214adda9105346a9185b429,129ebb77396550b300b20ce29cde7b03919e6037b7a81de60fe75d6c6efb616d,"{""INLET"": ""fba5b444da15ebb7b881612acde9de1056395ff4c2903dd0b52e45e57b3fa9f5"", ""WALL"": ""06c5d1d1975cf9470096d9b7e560e2173c9733c847d5bc364aab7355ef12a11b""}",2026092494
319,2419.131089802318,1.5919373847933809e-06,7.959686923966904e-07,"[2026092494, 319, 920, 0]",0,1,"[0.00010305872173446957, 5.780670626956278e-05, 0.00015859802194989327]",143,0.0024019306251302,7.997733486094739e-08,ACCEPTED,5c0842d6e6c149e129519615257537fa53a95fb19214adda9105346a9185b429,129ebb77396550b300b20ce29cde7b03919e6037b7a81de60fe75d6c6efb616d,"{""INLET"": ""fba5b444da15ebb7b881612acde9de1056395ff4c2903dd0b52e45e57b3fa9f5"", ""WALL"": ""06c5d1d1975cf9470096d9b7e560e2173c9733c847d5bc364aab7355ef12a11b""}",2026092494
320,2426.7145728424507,1.3890695868006481e-06,6.945347934003241e-07,"[2026092494, 320, 920, 0]",0,1,"[0.00010393448989891977, 5.710337149615533e-05, 0.00015920698032876931]",118,0.002401930625018759,2.1419844849911393e-07,ACCEPTED,5c0842d6e6c149e129519615257537fa53a95fb19214adda9105346a9185b429,129ebb77396550b300b20ce29cde7b03919e6037b7a81de60fe75d6c6efb616d,"{""INLET"": ""fba5b444da15ebb7b881612acde9de1056395ff4c2903dd0b52e45e57b3fa9f5"", ""WALL"": ""06c5d1d1975cf9470096d9b7e560e2173c9733c847d5bc364aab7355ef12a11b""}",2026092494
321,2434.2980558825834,1.5506071556953504e-06,7.753035778476752e-07,"[2026092494, 321, 920, 0]",0,1,"[0.00010411997066612575, 5.734773761045554e-05, 0.00015897874301376447]",106,0.0024019306248974906,2.72227827356503e-07,ACCEPTED,5c0842d6e6c149e129519615257537fa53a95fb19214adda9105346a9185b429,129ebb77396550b300b20ce29cde7b03919e6037b7a81de60fe75d6c6efb616d,"{""INLET"": ""fba5b444da15ebb7b881612acde9de1056395ff4c2903dd0b52e45e57b3fa9f5"", ""WALL"": ""06c5d1d1975cf9470096d9b7e560e2173c9733c847d5bc364aab7355ef12a11b""}",2026092494
322,2441.881538922716,2.3423664437925155e-06,1.1711832218962578e-06,"[2026092494, 322, 920, 0]",0,2,"[0.00010372358381514744, 5.755548377418212e-05, 0.00015880356804880456]",113,0.0024019306248929274,3.464276733687072e-07,ACCEPTED,5c0842d6e6c149e129519615257537fa53a95fb19214adda9105346a9185b429,129ebb77396550b300b20ce29cde7b03919e6037b7a81de60fe75d6c6efb616d,"{""INLET"": ""fba5b444da15ebb7b881612acde9de1056395ff4c2903dd0b52e45e57b3fa9f5"", ""WALL"": ""06c5d1d1975cf9470096d9b7e560e2173c9733c847d5bc364aab7355ef12a11b""}",2026092494
323,2449.465021962849,1.6475613937649372e-06,8.237806968824686e-07,"[2026092494, 323, 920, 1]",1,1,"[0.00010379110417755311, 5.804402112455732e-05, 0.00015835758513161856]",128,0.0024019306253938873,7.109138579309985e-08,ACCEPTED,5c0842d6e6c149e129519615257537fa53a95fb19214adda9105346a9185b429,129ebb77396550b300b20ce29cde7b03919e6037b7a81de60fe75d6c6efb616d,"{""INLET"": ""fba5b444da15ebb7b881612acde9de1056395ff4c2903dd0b52e45e57b3fa9f5"", ""WALL"": ""06c5d1d1975cf9470096d9b7e560e2173c9733c847d5bc364aab7355ef12a11b""}",2026092494
324,2457.0485050029815,2.889344898224978e-06,1.444672449112489e-06,"[2026092494, 324, 920, 0]",0,1,"[0.00010365524277994187, 5.75877702291946e-05, 0.0001587765730880523]",170,0.0024019306245065173,7.86592699322031e-08,ACCEPTED,5c0842d6e6c149e129519615257537fa53a95fb19214adda9105346a9185b429,129ebb77396550b300b20ce29cde7b03919e6037b7a81de60fe75d6c6efb616d,"{""INLET"": ""fba5b444da15ebb7b881612acde9de1056395ff4c2903dd0b52e45e57b3fa9f5"", ""WALL"": ""06c5d1d1975cf9470096d9b7e560e2173c9733c847d5bc364aab7355ef12a11b""}",2026092494
325,2464.6319880431142,1.997491535140744e-06,9.98745767570372e-07,"[2026092494, 325, 920, 0]",0,1,"[0.00010355494144331246, 5.738316949142945e-05, 0.0001589657946354535]",131,0.002401930625186945,3.063653372197886e-07,ACCEPTED,5c0842d6e6c149e129519615257537fa53a95fb19214adda9105346a9185b429,129ebb77396550b300b20ce29cde7b03919e6037b7a81de60fe75d6c6efb616d,"{""INLET"": ""fba5b444da15ebb7b881612acde9de1056395ff4c2903dd0b52e45e57b3fa9f5"", ""WALL"": ""06c5d1d1975cf9470096d9b7e560e2173c9733c847d5bc364aab7355ef12a11b""}",2026092494
326,2472.215471083247,1.7889064465918726e-06,8.944532232959363e-07,"[2026092494, 326, 920, 1]",1,1,"[0.00010359975312559159, 5.788030694608821e-05, 0.0001585127767733123]",129,0.002401930625176668,2.3204159161056682e-07,ACCEPTED,5c0842d6e6c149e129519615257537fa53a95fb19214adda9105346a9185b429,129ebb77396550b300b20ce29cde7b03919e6037b7a81de60fe75d6c6efb616d,"{""INLET"": ""fba5b444da15ebb7b881612acde9de1056395ff4c2903dd0b52e45e57b3fa9f5"", ""WALL"": ""06c5d1d1975cf9470096d9b7e560e2173c9733c847d5bc364aab7355ef12a11b""}",2026092494
327,2479.798954123379,1.8259715002620349e-06,9.129857501310174e-07,"[2026092494, 327, 920, 0]",0,1,"[0.0001035942539948631, 5.77596712902659e-05, 0.00015862252499781229]",157,0.00240193062538923,3.7188242527365366e-07,ACCEPTED,5c0842d6e6c149e129519615257537fa53a95fb19214adda9105346a9185b429,129ebb77396550b300b20ce29cde7b03919e6037b7a81de60fe75d6c6efb616d,"{""INLET"": ""fba5b444da15ebb7b881612acde9de1056395ff4c2903dd0b52e45e57b3fa9f5"", ""WALL"": ""06c5d1d1975cf9470096d9b7e560e2173c9733c847d5bc364aab7355ef12a11b""}",2026092494
328,2487.382437163512,3.1043760464630628e-06,1.5521880232315314e-06,"[2026092494, 328, 920, 0]",0,4,"[0.0001036687962258359, 5.755272591559836e-05, 0.00015880793785776152]",131,0.002401930625337454,9.800655607418168e-09,ACCEPTED,5c0842d6e6c149e129519615257537fa53a95fb19214adda9105346a9185b429,129ebb77396550b300b20ce29cde7b03919e6037b7a81de60fe75d6c6efb616d,"{""INLET"": ""fba5b444da15ebb7b881612acde9de1056395ff4c2903dd0b52e45e57b3fa9f5"", ""WALL"": ""06c5d1d1975cf9470096d9b7e560e2173c9733c847d5bc364aab7355ef12a11b""}",2026092494
329,2494.9659202036446,1.3706070078834104e-06,6.853035039417052e-07,"[2026092494, 329, 920, 0]",0,1,"[0.00010335327265506954, 5.706891544304069e-05, 0.00015925804512505876]",81,0.0024019306253775987,1.4646149175108567e-07,ACCEPTED,5c0842d6e6c149e129519615257537fa53a95fb19214adda9105346a9185b429,129ebb77396550b300b20ce29cde7b03919e6037b7a81de60fe75d6c6efb616d,"{""INLET"": ""fba5b444da15ebb7b881612acde9de1056395ff4c2903dd0b52e45e57b3fa9f5"", ""WALL"": ""06c5d1d1975cf9470096d9b7e560e2173c9733c847d5bc364aab7355ef12a11b""}",2026092494
330,2502.5494032437773,1.0057022127399486e-06,5.028511063699743e-07,"[2026092494, 330, 920, 0]",0,3,"[0.0001039741636252211, 5.763425210394458e-05, 0.0001587235103095621]",115,0.002401930624416916,7.450026815791813e-07,ACCEPTED,5c0842d6e6c149e129519615257537fa53a95fb19214adda9105346a9185b429,129ebb77396550b300b20ce29cde7b03919e6037b7a81de60fe75d6c6efb616d,"{""INLET"": ""fba5b444da15ebb7b881612acde9de1056395ff4c2903dd0b52e45e57b3fa9f5"", ""WALL"": ""06c5d1d1975cf9470096d9b7e560e2173c9733c847d5bc364aab7355ef12a11b""}",2026092494
331,2510.13288628391,1.2705587995755401e-06,6.352793997877701e-07,"[2026092494, 331, 920, 0]",0,1,"[0.00010410777360270034, 5.704397333757561e-05, 0.00015925502968907592]",118,0.002401930625289441,1.2976166397066753e-07,ACCEPTED,5c0842d6e6c149e129519615257537fa53a95fb19214adda9105346a9185b429,129ebb77396550b300b20ce29cde7b03919e6037b7a81de60fe75d6c6efb616d,"{""INLET"": ""fba5b444da15ebb7b881612acde9de1056395ff4c2903dd0b52e45e57b3fa9f5"", ""WALL"": ""06c5d1d1975cf9470096d9b7e560e2173c9733c847d5bc364aab7355ef12a11b""}",2026092494
332,2517.7163693240427,1.6105590963240584e-06,8.052795481620292e-07,"[2026092494, 332, 920, 0]",0,2,"[0.00010311208290418257, 5.762804125024583e-05, 0.00015875846012693097]",142,0.0024019306248182666,1.942941327671034e-07,ACCEPTED,5c0842d6e6c149e129519615257537fa53a95fb19214adda9105346a9185b429,129ebb77396550b300b20ce29cde7b03919e6037b7a81de60fe75d6c6efb616d,"{""INLET"": ""fba5b444da15ebb7b881612acde9de1056395ff4c2903dd0b52e45e57b3fa9f5"", ""WALL"": ""06c5d1d1975cf9470096d9b7e560e2173c9733c847d5bc364aab7355ef12a11b""}",2026092494
333,2525.2998523641754,1.4160368384749734e-06,7.080184192374867e-07,"[2026092494, 333, 920, 0]",0,1,"[0.00010394178784136039, 5.76699820385994e-05, 0.00015869216617634584]",115,0.0024019306242106585,5.475853823187976e-07,ACCEPTED,5c0842d6e6c149e129519615257537fa53a95fb19214adda9105346a9185b429,129ebb77396550b300b20ce29cde7b03919e6037b7a81de60fe75d6c6efb616d,"{""INLET"": ""fba5b444da15ebb7b881612acde9de1056395ff4c2903dd0b52e45e57b3fa9f5"", ""WALL"": ""06c5d1d1975cf9470096d9b7e560e2173c9733c847d5bc364aab7355ef12a11b""}",2026092494
334,2532.883335404308,2.653315807976469e-06,1.3266579039882344e-06,"[2026092494, 334, 920, 0]",0,3,"[0.00010366439643791342, 5.759260501974458e-05, 0.000158771870906274]",157,0.0024019306248465595,1.9155347866509833e-07,ACCEPTED,5c0842d6e6c149e129519615257537fa53a95fb19214adda9105346a9185b429,129ebb77396550b300b20ce29cde7b03919e6037b7a81de60fe75d6c6efb616d,"{""INLET"": ""fba5b444da15ebb7b881612acde9de1056395ff4c2903dd0b52e45e57b3fa9f5"", ""WALL"": ""06c5d1d1975cf9470096d9b7e560e2173c9733c847d5bc364aab7355ef12a11b""}",2026092494
335,2540.466818444441,1.6928892771295085e-06,8.464446385647542e-07,"[2026092494, 335, 920, 0]",0,1,"[0.00010386648694711762, 5.75512323631621e-05, 0.0001588025645323401]",114,0.002401930623911474,5.286234403455246e-07,ACCEPTED,5c0842d6e6c149e129519615257537fa53a95fb19214adda9105346a9185b429,129ebb77396550b300b20ce29cde7b03919e6037b7a81de60fe75d6c6efb616d,"{""INLET"": ""fba5b444da15ebb7b881612acde9de1056395ff4c2903dd0b52e45e57b3fa9f5"", ""WALL"": ""06c5d1d1975cf9470096d9b7e560e2173c9733c847d5bc364aab7355ef12a11b""}",2026092494
336,2548.0503014845735,1.2275088111821773e-06,6.137544055910886e-07,"[2026092494, 336, 920, 0]",0,1,"[0.00010305531444883418, 5.803939464499355e-05, 0.00015838682094839078]",135,0.002401930624917615,6.38038192362374e-08,ACCEPTED,5c0842d6e6c149e129519615257537fa53a95fb19214adda9105346a9185b429,129ebb77396550b300b20ce29cde7b03919e6037b7a81de60fe75d6c6efb616d,"{""INLET"": ""fba5b444da15ebb7b881612acde9de1056395ff4c2903dd0b52e45e57b3fa9f5"", ""WALL"": ""06c5d1d1975cf9470096d9b7e560e2173c9733c847d5bc364aab7355ef12a11b""}",2026092494
337,2555.633784524706,2.725091517350295e-06,1.3625457586751476e-06,"[2026092494, 337, 920, 0]",0,1,"[0.00010380608182193253, 5.763801717303298e-05, 0.0001587258117871677]",114,0.002401930623607779,2.9828578475729305e-08,ACCEPTED,5c0842d6e6c149e129519615257537fa53a95fb19214adda9105346a9185b429,129ebb77396550b300b20ce29cde7b03919e6037b7a81de60fe75d6c6efb616d,"{""INLET"": ""fba5b444da15ebb7b881612acde9de1056395ff4c2903dd0b52e45e57b3fa9f5"", ""WALL"": ""06c5d1d1975cf9470096d9b7e560e2173c9733c847d5bc364aab7355ef12a11b""}",2026092494
338,2563.2172675648385,2.702946946139782e-06,1.351473473069891e-06,"[2026092494, 338, 920, 0]",0,3,"[0.00010380301748187978, 5.743095623224723e-05, 0.00015891395357714154]",113,0.0024019306252179374,6.015197172070076e-09,ACCEPTED,5c0842d6e6c149e129519615257537fa53a95fb19214adda9105346a9185b429,129ebb77396550b300b20ce29cde7b03919e6037b7a81de60fe75d6c6efb616d,"{""INLET"": ""fba5b444da15ebb7b881612acde9de1056395ff4c2903dd0b52e45e57b3fa9f5"", ""WALL"": ""06c5d1d1975cf9470096d9b7e560e2173c9733c847d5bc364aab7355ef12a11b""}",2026092494
339,2570.800750604971,2.101644523376486e-06,1.050822261688243e-06,"[2026092494, 339, 920, 0]",0,1,"[0.00010388263906917927, 5.783571228286564e-05, 0.00015854366639807526]",155,0.0024019306251787114,8.004294451176821e-08,ACCEPTED,5c0842d6e6c149e129519615257537fa53a95fb19214adda9105346a9185b429,129ebb77396550b300b20ce29cde7b03919e6037b7a81de60fe75d6c6efb616d,"{""INLET"": ""fba5b444da15ebb7b881612acde9de1056395ff4c2903dd0b52e45e57b3fa9f5"", ""WALL"": ""06c5d1d1975cf9470096d9b7e560e2173c9733c847d5bc364aab7355ef12a11b""}",2026092494
340,2578.384233645104,1.7848584710301705e-06,8.924292355150853e-07,"[2026092494, 340, 920, 0]",0,1,"[0.00010404885947472077, 5.732127278942138e-05, 0.00015900519471334667]",112,0.0024019306252124222,1.902203433108486e-07,ACCEPTED,5c0842d6e6c149e129519615257537fa53a95fb19214adda9105346a9185b429,129ebb77396550b300b20ce29cde7b03919e6037b7a81de60fe75d6c6efb616d,"{""INLET"": ""fba5b444da15ebb7b881612acde9de1056395ff4c2903dd0b52e45e57b3fa9f5"", ""WALL"": ""06c5d1d1975cf9470096d9b7e560e2173c9733c847d5bc364aab7355ef12a11b""}",2026092494
341,2585.9677166852366,1.9843783111013223e-06,9.921891555506611e-07,"[2026092494, 341, 920, 0]",0,2,"[0.00010311890470695849, 5.751012384171035e-05, 0.0001588653224375536]",173,0.0024019306250761554,1.9354783291517358e-08,ACCEPTED,5c0842d6e6c149e129519615257537fa53a95fb19214adda9105346a9185b429,129ebb77396550b300b20ce29cde7b03919e6037b7a81de60fe75d6c6efb616d,"{""INLET"": ""fba5b444da15ebb7b881612acde9de1056395ff4c2903dd0b52e45e57b3fa9f5"", ""WALL"": ""06c5d1d1975cf9470096d9b7e560e2173c9733c847d5bc364aab7355ef12a11b""}",2026092494
342,2593.5511997253693,2.077551871073593e-06,1.0387759355367965e-06,"[2026092494, 342, 920, 0]",0,2,"[0.00010319790894108613, 5.748586815953822e-05, 0.00015888466749973]",173,0.0024019306250381085,4.3687391930341816e-08,ACCEPTED,5c0842d6e6c149e129519615257537fa53a95fb19214adda9105346a9185b429,129ebb77396550b300b20ce29cde7b03919e6037b7a81de60fe75d6c6efb616d,"{""INLET"": ""fba5b444da15ebb7b881612acde9de1056395ff4c2903dd0b52e45e57b3fa9f5"", ""WALL"": ""06c5d1d1975cf9470096d9b7e560e2173c9733c847d5bc364aab7355ef12a11b""}",2026092494
343,2601.134682765502,2.016677681137963e-06,1.0083388405689815e-06,"[2026092494, 343, 920, 0]",0,1,"[0.00010350942654866732, 5.783795469665195e-05, 0.00015855431090049305]",156,0.0024019306252148773,1.5014694249978404e-07,ACCEPTED,5c0842d6e6c149e129519615257537fa53a95fb19214adda9105346a9185b429,129ebb77396550b300b20ce29cde7b03919e6037b7a81de60fe75d6c6efb616d,"{""INLET"": ""fba5b444da15ebb7b881612acde9de1056395ff4c2903dd0b52e45e57b3fa9f5"", ""WALL"": ""06c5d1d1975cf9470096d9b7e560e2173c9733c847d5bc364aab7355ef12a11b""}",2026092494
344,2608.7181658056347,1.688730624851908e-06,8.44365312425954e-07,"[2026092494, 344, 920, 0]",0,1,"[0.00010361509588847834, 5.712368011254866e-05, 0.00015919940082858214]",82,0.0024019306251283844,1.3732614839801912e-07,ACCEPTED,5c0842d6e6c149e129519615257537fa53a95fb19214adda9105346a9185b429,129ebb77396550b300b20ce29cde7b03919e6037b7a81de60fe75d6c6efb616d,"{""INLET"": ""fba5b444da15ebb7b881612acde9de1056395ff4c2903dd0b52e45e57b3fa9f5"", ""WALL"": ""06c5d1d1975cf9470096d9b7e560e2173c9733c847d5bc364aab7355ef12a11b""}",2026092494
345,2616.3016488457674,1.2848052974683322e-06,6.424026487341661e-07,"[2026092494, 345, 920, 0]",0,1,"[0.0001041918657850895, 5.7167174792583114e-05, 0.00015914027865609703]",119,0.0024019306252405156,1.9985711757398284e-07,ACCEPTED,5c0842d6e6c149e129519615257537fa53a95fb19214adda9105346a9185b429,129ebb77396550b300b20ce29cde7b03919e6037b7a81de60fe75d6c6efb616d,"{""INLET"": ""fba5b444da15ebb7b881612acde9de1056395ff4c2903dd0b52e45e57b3fa9f5"", ""WALL"": ""06c5d1d1975cf9470096d9b7e560e2173c9733c847d5bc364aab7355ef12a11b""}",2026092494
346,2623.8851318859,2.4602245695243653e-06,1.2301122847621827e-06,"[2026092494, 346, 920, 0]",0,3,"[0.00010365271084192007, 5.773024700147063e-05, 0.00015864726117031182]",157,0.002401930625240472,1.0228328166071373e-07,ACCEPTED,5c0842d6e6c149e129519615257537fa53a95fb19214adda9105346a9185b429,129ebb77396550b300b20ce29cde7b03919e6037b7a81de60fe75d6c6efb616d,"{""INLET"": ""fba5b444da15ebb7b881612acde9de1056395ff4c2903dd0b52e45e57b3fa9f5"", ""WALL"": ""06c5d1d1975cf9470096d9b7e560e2173c9733c847d5bc364aab7355ef12a11b""}",2026092494
347,2631.4686149260324,1.5656483967883716e-06,7.828241983941858e-07,"[2026092494, 347, 920, 0]",0,1,"[0.00010333171621458595, 5.753358218180334e-05, 0.0001588367866563538]",171,0.002401930624806766,4.4455567604337e-07,ACCEPTED,5c0842d6e6c149e129519615257537fa53a95fb19214adda9105346a9185b429,129ebb77396550b300b20ce29cde7b03919e6037b7a81de60fe75d6c6efb616d,"{""INLET"": ""fba5b444da15ebb7b881612acde9de1056395ff4c2903dd0b52e45e57b3fa9f5"", ""WALL"": ""06c5d1d1975cf9470096d9b7e560e2173c9733c847d5bc364aab7355ef12a11b""}",2026092494
348,2639.052097966165,1.6945450230129213e-06,8.472725115064606e-07,"[2026092494, 348, 920, 0]",0,3,"[0.00010321959593844788, 5.776948801692359e-05, 0.0001586263506157513]",142,0.0024019306247964186,1.8755244063067476e-07,ACCEPTED,5c0842d6e6c149e129519615257537fa53a95fb19214adda9105346a9185b429,129ebb77396550b300b20ce29cde7b03919e6037b7a81de60fe75d6c6efb616d,"{""INLET"": ""fba5b444da15ebb7b881612acde9de1056395ff4c2903dd0b52e45e57b3fa9f5"", ""WALL"": ""06c5d1d1975cf9470096d9b7e560e2173c9733c847d5bc364aab7355ef12a11b""}",2026092494
349,2646.635581006298,1.6213423086210596e-06,8.106711543105298e-07,"[2026092494, 349, 920, 0]",0,1,"[0.00010368221382898433, 5.7077033225610464e-05, 0.00015923948131321995]",82,0.0024019306252414238,1.125250201575548e-07,ACCEPTED,5c0842d6e6c149e129519615257537fa53a95fb19214adda9105346a9185b429,129ebb77396550b300b20ce29cde7b03919e6037b7a81de60fe75d6c6efb616d,"{""INLET"": ""fba5b444da15ebb7b881612acde9de1056395ff4c2903dd0b52e45e57b3fa9f5"", ""WALL"": ""06c5d1d1975cf9470096d9b7e560e2173c9733c847d5bc364aab7355ef12a11b""}",2026092494
350,2654.2190640464305,1.752921516477787e-06,8.764607582388935e-07,"[2026092494, 350, 920, 0]",0,3,"[0.00010316627888669876, 5.7374485108960025e-05, 0.000158986900001663]",162,0.0024019306250287224,1.2547438712766867e-07,ACCEPTED,5c0842d6e6c149e129519615257537fa53a95fb19214adda9105346a9185b429,129ebb77396550b300b20ce29cde7b03919e6037b7a81de60fe75d6c6efb616d,"{""INLET"": ""fba5b444da15ebb7b881612acde9de1056395ff4c2903dd0b52e45e57b3fa9f5"", ""WALL"": ""06c5d1d1975cf9470096d9b7e560e2173c9733c847d5bc364aab7355ef12a11b""}",2026092494
351,2661.802547086563,2.4345156821893814e-06,1.2172578410946907e-06,"[2026092494, 351, 920, 0]",0,3,"[0.00010382299586552909, 5.7430767030268684e-05, 0.00015891344521359332]",113,0.002401930625231138,1.2772777272263198e-07,ACCEPTED,5c0842d6e6c149e129519615257537fa53a95fb19214adda9105346a9185b429,129ebb77396550b300b20ce29cde7b03919e6037b7a81de60fe75d6c6efb616d,"{""INLET"": ""fba5b444da15ebb7b881612acde9de1056395ff4c2903dd0b52e45e57b3fa9f5"", ""WALL"": ""06c5d1d1975cf9470096d9b7e560e2173c9733c847d5bc364aab7355ef12a11b""}",2026092494
352,2669.386030126696,1.8446996256962017e-06,9.223498128481008e-07,"[2026092494, 352, 920, 0]",0,4,"[0.00010386946727453049, 5.789805343787914e-05, 0.00015848749417980105]",147,0.0024019306247149816,1.3664043965274904e-07,ACCEPTED,5c0842d6e6c149e129519615257537fa53a95fb19214adda9105346a9185b429,129ebb77396550b300b20ce29cde7b03919e6037b7a81de60fe75d6c6efb616d,"{""INLET"": ""fba5b444da15ebb7b881612acde9de1056395ff4c2903dd0b52e45e57b3fa9f5"", ""WALL"": ""06c5d1d1975cf9470096d9b7e560e2173c9733c847d5bc364aab7355ef12a11b""}",2026092494
353,2676.9695131668286,1.8903149757703084e-06,9.451574878851542e-07,"[2026092494, 353, 920, 0]",0,1,"[0.00010370171635328644, 5.715757537012853e-05, 0.00015916567376329566]",82,0.0024019306251253703,8.80291619836232e-08,ACCEPTED,5c0842d6e6c149e129519615257537fa53a95fb19214adda9105346a9185b429,129ebb77396550b300b20ce29cde7b03919e6037b7a81de60fe75d6c6efb616d,"{""INLET"": ""fba5b444da15ebb7b881612acde9de1056395ff4c2903dd0b52e45e57b3fa9f5"", ""WALL"": ""06c5d1d1975cf9470096d9b7e560e2173c9733c847d5bc364aab7355ef12a11b""}",2026092494
354,2684.5529962069613,2.4062844765760575e-06,1.2031422382880288e-06,"[2026092494, 354, 920, 0]",0,2,"[0.00010332785312808014, 5.7633918339835256e-05, 0.0001587457906568133]",171,0.0024019306249747894,4.342251210216806e-09,ACCEPTED,5c0842d6e6c149e129519615257537fa53a95fb19214adda9105346a9185b429,129ebb77396550b300b20ce29cde7b03919e6037b7a81de60fe75d6c6efb616d,"{""INLET"": ""fba5b444da15ebb7b881612acde9de1056395ff4c2903dd0b52e45e57b3fa9f5"", ""WALL"": ""06c5d1d1975cf9470096d9b7e560e2173c9733c847d5bc364aab7355ef12a11b""}",2026092494
355,2692.136479247094,2.4553401394446746e-06,1.2276700697223373e-06,"[2026092494, 355, 920, 0]",0,2,"[0.00010336176464130839, 5.763638460285942e-05, 0.00015874239846414345]",171,0.0024019306250036717,1.2060297888913362e-08,ACCEPTED,5c0842d6e6c149e129519615257537fa53a95fb19214adda9105346a9185b429,129ebb77396550b300b20ce29cde7b03919e6037b7a81de60fe75d6c6efb616d,"{""INLET"": ""fba5b444da15ebb7b881612acde9de1056395ff4c2903dd0b52e45e57b3fa9f5"", ""WALL"": ""06c5d1d1975cf9470096d9b7e560e2173c9733c847d5bc364aab7355ef12a11b""}",2026092494
356,2699.7199622872263,1.6691873090068272e-06,8.345936545034136e-07,"[2026092494, 356, 920, 0]",0,1,"[0.00010323993738828785, 5.771487586538872e-05, 0.00015867525430519647]",142,0.0024019306246087376,2.5511983231024514e-07,ACCEPTED,5c0842d6e6c149e129519615257537fa53a95fb19214adda9105346a9185b429,129ebb77396550b300b20ce29cde7b03919e6037b7a81de60fe75d6c6efb616d,"{""INLET"": ""fba5b444da15ebb7b881612acde9de1056395ff4c2903dd0b52e45e57b3fa9f5"", ""WALL"": ""06c5d1d1975cf9470096d9b7e560e2173c9733c847d5bc364aab7355ef12a11b""}",2026092494
357,2707.303445327359,1.5675682702801874e-06,7.837841351400937e-07,"[2026092494, 357, 920, 0]",0,1,"[0.00010369462454467697, 5.743632464085044e-05, 0.00015891276861171194]",113,0.002401930625136759,6.225363268994336e-07,ACCEPTED,5c0842d6e6c149e129519615257537fa53a95fb19214adda9105346a9185b429,129ebb77396550b300b20ce29cde7b03919e6037b7a81de60fe75d6c6efb616d,"{""INLET"": ""fba5b444da15ebb7b881612acde9de1056395ff4c2903dd0b52e45e57b3fa9f5"", ""WALL"": ""06c5d1d1975cf9470096d9b7e560e2173c9733c847d5bc364aab7355ef12a11b""}",2026092494
358,2714.8869283674917,2.0314605080345766e-06,1.0157302540172883e-06,"[2026092494, 358, 920, 0]",0,1,"[0.00010325813774281412, 5.7783053992228845e-05, 0.00015861271866665926]",141,0.0024019306240870013,3.9569583636551506e-08,ACCEPTED,5c0842d6e6c149e129519615257537fa53a95fb19214adda9105346a9185b429,129ebb77396550b300b20ce29cde7b03919e6037b7a81de60fe75d6c6efb616d,"{""INLET"": ""fba5b444da15ebb7b881612acde9de1056395ff4c2903dd0b52e45e57b3fa9f5"", ""WALL"": ""06c5d1d1975cf9470096d9b7e560e2173c9733c847d5bc364aab7355ef12a11b""}",2026092494
359,2722.4704114076244,1.6082873213029682e-06,8.041436606514841e-07,"[2026092494, 359, 920, 0]",0,1,"[0.00010411388047624681, 5.725496394446218e-05, 0.0001590632023959678]",106,0.0024019306249373536,1.7390146295986033e-07,ACCEPTED,5c0842d6e6c149e129519615257537fa53a95fb19214adda9105346a9185b429,129ebb77396550b300b20ce29cde7b03919e6037b7a81de60fe75d6c6efb616d,"{""INLET"": ""fba5b444da15ebb7b881612acde9de1056395ff4c2903dd0b52e45e57b3fa9f5"", ""WALL"": ""06c5d1d1975cf9470096d9b7e560e2173c9733c847d5bc364aab7355ef12a11b""}",2026092494
360,2730.053894447757,2.5245971397340094e-06,1.2622985698670047e-06,"[2026092494, 360, 920, 0]",0,7,"[0.00010346652362849584, 5.757299635153938e-05, 0.0001587964073339376]",170,0.0024019306249628944,9.739970968905306e-08,ACCEPTED,5c0842d6e6c149e129519615257537fa53a95fb19214adda9105346a9185b429,129ebb77396550b300b20ce29cde7b03919e6037b7a81de60fe75d6c6efb616d,"{""INLET"": ""fba5b444da15ebb7b881612acde9de1056395ff4c2903dd0b52e45e57b3fa9f5"", ""WALL"": ""06c5d1d1975cf9470096d9b7e560e2173c9733c847d5bc364aab7355ef12a11b""}",2026092494
361,2737.63737748789,2.3461615981120492e-06,1.1730807990560246e-06,"[2026092494, 361, 920, 0]",0,3,"[0.00010375415789335747, 5.774687739258727e-05, 0.0001586287106958841]",158,0.002401930624592971,1.2150836368217426e-07,ACCEPTED,5c0842d6e6c149e129519615257537fa53a95fb19214adda9105346a9185b429,129ebb77396550b300b20ce29cde7b03919e6037b7a81de60fe75d6c6efb616d,"{""INLET"": ""fba5b444da15ebb7b881612acde9de1056395ff4c2903dd0b52e45e57b3fa9f5"", ""WALL"": ""06c5d1d1975cf9470096d9b7e560e2173c9733c847d5bc364aab7355ef12a11b""}",2026092494
362,2745.2208605280225,1.4813954766644514e-06,7.406977383322257e-07,"[2026092494, 362, 920, 0]",0,1,"[0.00010396316705992225, 5.7426544581970775e-05, 0.00015891250790631964]",112,0.0024019306252917676,4.941342942235704e-07,ACCEPTED,5c0842d6e6c149e129519615257537fa53a95fb19214adda9105346a9185b429,129ebb77396550b300b20ce29cde7b03919e6037b7a81de60fe75d6c6efb616d,"{""INLET"": ""fba5b444da15ebb7b881612acde9de1056395ff4c2903dd0b52e45e57b3fa9f5"", ""WALL"": ""06c5d1d1975cf9470096d9b7e560e2173c9733c847d5bc364aab7355ef12a11b""}",2026092494
363,2752.804343568155,2.294392818622811e-06,1.1471964093114055e-06,"[2026092494, 363, 920, 0]",0,1,"[0.00010394526850413133, 5.7503028695731766e-05, 0.00015884365771786873]",113,0.0024019306251502745,1.4122709648489423e-07,ACCEPTED,5c0842d6e6c149e129519615257537fa53a95fb19214adda9105346a9185b429,129ebb77396550b300b20ce29cde7b03919e6037b7a81de60fe75d6c6efb616d,"{""INLET"": ""fba5b444da15ebb7b881612acde9de1056395ff4c2903dd0b52e45e57b3fa9f5"", ""WALL"": ""06c5d1d1975cf9470096d9b7e560e2173c9733c847d5bc364aab7355ef12a11b""}",2026092494
364,2760.387826608288,1.685606573190996e-06,8.42803286595498e-07,"[2026092494, 364, 920, 0]",0,2,"[0.00010337057263206959, 5.794846957899632e-05, 0.0001584586610156281]",129,0.002401930624465961,1.237194942546296e-07,ACCEPTED,5c0842d6e6c149e129519615257537fa53a95fb19214adda9105346a9185b429,129ebb77396550b300b20ce29cde7b03919e6037b7a81de60fe75d6c6efb616d,"{""INLET"": ""fba5b444da15ebb7b881612acde9de1056395ff4c2903dd0b52e45e57b3fa9f5"", ""WALL"": ""06c5d1d1975cf9470096d9b7e560e2173c9733c847d5bc364aab7355ef12a11b""}",2026092494
365,2767.9713096484206,2.8099056478940054e-06,1.4049528239470027e-06,"[2026092494, 365, 920, 1]",1,2,"[0.00010352534882858292, 5.754351725989299e-05, 0.0001588211808522614]",170,0.0024019306247762256,1.5625286718523796e-08,ACCEPTED,5c0842d6e6c149e129519615257537fa53a95fb19214adda9105346a9185b429,129ebb77396550b300b20ce29cde7b03919e6037b7a81de60fe75d6c6efb616d,"{""INLET"": ""fba5b444da15ebb7b881612acde9de1056395ff4c2903dd0b52e45e57b3fa9f5"", ""WALL"": ""06c5d1d1975cf9470096d9b7e560e2173c9733c847d5bc364aab7355ef12a11b""}",2026092494
366,2775.554792688553,2.3018738140101017e-06,1.1509369070050509e-06,"[2026092494, 366, 920, 0]",0,1,"[0.00010384431953865152, 5.7388040087529515e-05, 0.00015895152181345755]",112,0.002401930625391458,1.3625401934698433e-07,ACCEPTED,5c0842d6e6c149e129519615257537fa53a95fb19214adda9105346a9185b429,129ebb77396550b300b20ce29cde7b03919e6037b7a81de60fe75d6c6efb616d,"{""INLET"": ""fba5b444da15ebb7b881612acde9de1056395ff4c2903dd0b52e45e57b3fa9f5"", ""WALL"": ""06c5d1d1975cf9470096d9b7e560e2173c9733c847d5bc364aab7355ef12a11b""}",2026092494
367,2783.1382757286856,1.5247610205517541e-06,7.623805102758771e-07,"[2026092494, 367, 920, 0]",0,1,"[0.00010392932275096548, 5.759933377454481e-05, 0.00015875674577314785]",114,0.002401930624157123,5.421682538357835e-07,ACCEPTED,5c0842d6e6c149e129519615257537fa53a95fb19214adda9105346a9185b429,129ebb77396550b300b20ce29cde7b03919e6037b7a81de60fe75d6c6efb616d,"{""INLET"": ""fba5b444da15ebb7b881612acde9de1056395ff4c2903dd0b52e45e57b3fa9f5"", ""WALL"": ""06c5d1d1975cf9470096d9b7e560e2173c9733c847d5bc364aab7355ef12a11b""}",2026092494
368,2790.7217587688183,2.941818769944118e-06,1.470909384972059e-06,"[2026092494, 368, 920, 0]",0,1,"[0.00010375830699999936, 5.752925107324606e-05, 0.0001588262091378154]",113,0.0024019306249729046,5.125882896379642e-09,ACCEPTED,5c0842d6e6c149e129519615257537fa53a95fb19214adda9105346a9185b429,129ebb77396550b300b20ce29cde7b03919e6037b7a81de60fe75d6c6efb616d,"{""INLET"": ""fba5b444da15ebb7b881612acde9de1056395ff4c2903dd0b52e45e57b3fa9f5"", ""WALL"": ""06c5d1d1975cf9470096d9b7e560e2173c9733c847d5bc364aab7355ef12a11b""}",2026092494
369,2798.305241808951,2.2341597481182643e-06,1.1170798740591321e-06,"[2026092494, 369, 920, 0]",0,2,"[0.00010357462370276517, 5.786100805835563e-05, 0.0001585311576213919]",129,0.0024019306251657356,3.0245122529397216e-08,ACCEPTED,5c0842d6e6c149e129519615257537fa53a95fb19214adda9105346a9185b429,129ebb77396550b300b20ce29cde7b03919e6037b7a81de60fe75d6c6efb616d,"{""INLET"": ""fba5b444da15ebb7b881612acde9de1056395ff4c2903dd0b52e45e57b3fa9f5"", ""WALL"": ""06c5d1d1975cf9470096d9b7e560e2173c9733c847d5bc364aab7355ef12a11b""}",2026092494
370,2805.8887248490837,1.5960569930521933e-06,7.980284965260967e-07,"[2026092494, 370, 920, 0]",0,1,"[0.00010377142048378621, 5.7415683947930584e-05, 0.00015892889889052044]",113,0.002401930625231345,5.582883984101813e-07,ACCEPTED,5c0842d6e6c149e129519615257537fa53a95fb19214adda9105346a9185b429,129ebb77396550b300b20ce29cde7b03919e6037b7a81de60fe75d6c6efb616d,"{""INLET"": ""fba5b444da15ebb7b881612acde9de1056395ff4c2903dd0b52e45e57b3fa9f5"", ""WALL"": ""06c5d1d1975cf9470096d9b7e560e2173c9733c847d5bc364aab7355ef12a11b""}",2026092494
371,2813.4722078892164,2.299628159283777e-06,1.1498140796418885e-06,"[2026092494, 371, 920, 0]",0,3,"[0.0001033221565216859, 5.752174697102351e-05, 0.0001588478604567989]",171,0.0024019306247796564,6.485874608240494e-08,ACCEPTED,5c0842d6e6c149e129519615257537fa53a95fb19214adda9105346a9185b429,129ebb77396550b300b20ce29cde7b03919e6037b7a81de60fe75d6c6efb616d,"{""INLET"": ""fba5b444da15ebb7b881612acde9de1056395ff4c2903dd0b52e45e57b3fa9f5"", ""WALL"": ""06c5d1d1975cf9470096d9b7e560e2173c9733c847d5bc364aab7355ef12a11b""}",2026092494
372,2821.055690929349,1.7904583240213008e-06,8.952291620106504e-07,"[2026092494, 372, 920, 0]",0,1,"[0.00010344836126395656, 5.7117252898385734e-05, 0.00015921091115312362]",81,0.0024019306253582604,3.7250428902600436e-08,ACCEPTED,5c0842d6e6c149e129519615257537fa53a95fb19214adda9105346a9185b429,129ebb77396550b300b20ce29cde7b03919e6037b7a81de60fe75d6c6efb616d,"{""INLET"": ""fba5b444da15ebb7b881612acde9de1056395ff4c2903dd0b52e45e57b3fa9f5"", ""WALL"": ""06c5d1d1975cf9470096d9b7e560e2173c9733c847d5bc364aab7355ef12a11b""}",2026092494
373,2828.639173969482,1.8531761113204687e-06,9.265880556602344e-07,"[2026092494, 373, 920, 0]",0,1,"[0.00010387143790128992, 5.754581501840909e-05, 0.00015880731548142008]",114,0.0024019306239355044,4.439685336601775e-07,ACCEPTED,5c0842d6e6c149e129519615257537fa53a95fb19214adda9105346a9185b429,129ebb77396550b300b20ce29cde7b03919e6037b7a81de60fe75d6c6efb616d,"{""INLET"": ""fba5b444da15ebb7b881612acde9de1056395ff4c2903dd0b52e45e57b3fa9f5"", ""WALL"": ""06c5d1d1975cf9470096d9b7e560e2173c9733c847d5bc364aab7355ef12a11b""}",2026092494
374,2836.2226570096145,1.6464424679299054e-06,8.232212339649527e-07,"[2026092494, 374, 920, 0]",0,1,"[0.00010348071871964473, 5.781051736998671e-05, 0.00015858020549364761]",156,0.0024019306252814976,3.5728943808215284e-07,ACCEPTED,5c0842d6e6c149e129519615257537fa53a95fb19214adda9105346a9185b429,129ebb77396550b300b20ce29cde7b03919e6037b7a81de60fe75d6c6efb616d,"{""INLET"": ""fba5b444da15ebb7b881612acde9de1056395ff4c2903dd0b52e45e57b3fa9f5"", ""WALL"": ""06c5d1d1975cf9470096d9b7e560e2173c9733c847d5bc364aab7355ef12a11b""}",2026092494
375,2843.8061400497472,2.293432886603237e-06,1.1467164433016185e-06,"[2026092494, 375, 920, 0]",0,1,"[0.00010357176582808292, 5.770420146199809e-05, 0.0001586736673216603]",157,0.0024019306252618562,2.0113928473112693e-07,ACCEPTED,5c0842d6e6c149e129519615257537fa53a95fb19214adda9105346a9185b429,129ebb77396550b300b20ce29cde7b03919e6037b7a81de60fe75d6c6efb616d,"{""INLET"": ""fba5b444da15ebb7b881612acde9de1056395ff4c2903dd0b52e45e57b3fa9f5"", ""WALL"": ""06c5d1d1975cf9470096d9b7e560e2173c9733c847d5bc364aab7355ef12a11b""}",2026092494
376,2851.3896230898795,1.8321570093067157e-06,9.160785046533579e-07,"[2026092494, 376, 920, 0]",0,1,"[0.0001041331690142057, 5.7807802664466886e-05, 0.00015856049244390084]",160,0.002401930624920785,7.505682059594664e-08,ACCEPTED,5c0842d6e6c149e129519615257537fa53a95fb19214adda9105346a9185b429,129ebb77396550b300b20ce29cde7b03919e6037b7a81de60fe75d6c6efb616d,"{""INLET"": ""fba5b444da15ebb7b881612acde9de1056395ff4c2903dd0b52e45e57b3fa9f5"", ""WALL"": ""06c5d1d1975cf9470096d9b7e560e2173c9733c847d5bc364aab7355ef12a11b""}",2026092494
377,2858.973106130012,2.0299569481002833e-06,1.0149784740501417e-06,"[2026092494, 377, 920, 0]",0,2,"[0.00010370299222382348, 5.766552731348807e-05, 0.0001587043313737067]",158,0.002401930624382869,4.0062699513255834e-07,ACCEPTED,5c0842d6e6c149e129519615257537fa53a95fb19214adda9105346a9185b429,129ebb77396550b300b20ce29cde7b03919e6037b7a81de60fe75d6c6efb616d,"{""INLET"": ""fba5b444da15ebb7b881612acde9de1056395ff4c2903dd0b52e45e57b3fa9f5"", ""WALL"": ""06c5d1d1975cf9470096d9b7e560e2173c9733c847d5bc364aab7355ef12a11b""}",2026092494
378,2866.556589170145,2.239663446641368e-06,1.119831723320684e-06,"[2026092494, 378, 920, 0]",0,1,"[0.00010324893234032912, 5.7603355050196285e-05, 0.0001587762304961145]",171,0.0024019306248653084,1.976687444414121e-08,ACCEPTED,5c0842d6e6c149e129519615257537fa53a95fb19214adda9105346a9185b429,129ebb77396550b300b20ce29cde7b03919e6037b7a81de60fe75d6c6efb616d,"{""INLET"": ""fba5b444da15ebb7b881612acde9de1056395ff4c2903dd0b52e45e57b3fa9f5"", ""WALL"": ""06c5d1d1975cf9470096d9b7e560e2173c9733c847d5bc364aab7355ef12a11b""}",2026092494
379,2874.1400722102776,1.5951941837021028e-06,7.975970918510514e-07,"[2026092494, 379, 920, 0]",0,1,"[0.0001037214255879127, 5.809936674247324e-05, 0.0001583096939290041]",123,0.002401930623431559,3.562684083908543e-08,ACCEPTED,5c0842d6e6c149e129519615257537fa53a95fb19214adda9105346a9185b429,129ebb77396550b300b20ce29cde7b03919e6037b7a81de60fe75d6c6efb616d,"{""INLET"": ""fba5b444da15ebb7b881612acde9de1056395ff4c2903dd0b52e45e57b3fa9f5"", ""WALL"": ""06c5d1d1975cf9470096d9b7e560e2173c9733c847d5bc364aab7355ef12a11b""}",2026092494
380,2881.7235552504103,1.4174610403702505e-06,7.087305201851252e-07,"[2026092494, 380, 920, 0]",0,1,"[0.0001039149892640888, 5.781482142408165e-05, 0.0001585615404426637]",155,0.0024019306249524713,4.265462867061818e-07,ACCEPTED,5c0842d6e6c149e129519615257537fa53a95fb19214adda9105346a9185b429,129ebb77396550b300b20ce29cde7b03919e6037b7a81de60fe75d6c6efb616d,"{""INLET"": ""fba5b444da15ebb7b881612acde9de1056395ff4c2903dd0b52e45e57b3fa9f5"", ""WALL"": ""06c5d1d1975cf9470096d9b7e560e2173c9733c847d5bc364aab7355ef12a11b""}",2026092494
381,2889.307038290543,2.12779318036907e-06,1.063896590184535e-06,"[2026092494, 381, 920, 0]",0,3,"[0.00010397918134319188, 5.767338579789915e-05, 0.0001586878023066486]",115,0.0024019306244701675,1.5652676799663158e-07,ACCEPTED,5c0842d6e6c149e129519615257537fa53a95fb19214adda9105346a9185b429,129ebb77396550b300b20ce29cde7b03919e6037b7a81de60fe75d6c6efb616d,"{""INLET"": ""fba5b444da15ebb7b881612acde9de1056395ff4c2903dd0b52e45e57b3fa9f5"", ""WALL"": ""06c5d1d1975cf9470096d9b7e560e2173c9733c847d5bc364aab7355ef12a11b""}",2026092494
382,2896.8905213306757,2.1300300064878115e-06,1.0650150032439058e-06,"[2026092494, 382, 920, 0]",0,1,"[0.00010391694961962953, 5.745473859678332e-05, 0.00015888847661977705]",113,0.0024019306252384778,2.2713760905670638e-07,ACCEPTED,5c0842d6e6c149e129519615257537fa53a95fb19214adda9105346a9185b429,129ebb77396550b300b20ce29cde7b03919e6037b7a81de60fe75d6c6efb616d,"{""INLET"": ""fba5b444da15ebb7b881612acde9de1056395ff4c2903dd0b52e45e57b3fa9f5"", ""WALL"": ""06c5d1d1975cf9470096d9b7e560e2173c9733c847d5bc364aab7355ef12a11b""}",2026092494
383,2904.4740043708084,2.1585705005333107e-06,1.0792852502666553e-06,"[2026092494, 383, 920, 0]",0,1,"[0.00010381180027604456, 5.788960683924856e-05, 0.00015849712455336682]",147,0.0024019306248172917,1.4194860811747458e-08,ACCEPTED,5c0842d6e6c149e129519615257537fa53a95fb19214adda9105346a9185b429,129ebb77396550b300b20ce29cde7b03919e6037b7a81de60fe75d6c6efb616d,"{""INLET"": ""fba5b444da15ebb7b881612acde9de1056395ff4c2903dd0b52e45e57b3fa9f5"", ""WALL"": ""06c5d1d1975cf9470096d9b7e560e2173c9733c847d5bc364aab7355ef12a11b""}",2026092494
384,2912.057487410941,2.736351715481991e-06,1.3681758577409955e-06,"[2026092494, 384, 920, 0]",0,3,"[0.00010360621694853566, 5.751481962222684e-05, 0.0001588444918474835]",131,0.002401930625222135,1.1345473733856974e-07,ACCEPTED,5c0842d6e6c149e129519615257537fa53a95fb19214adda9105346a9185b429,129ebb77396550b300b20ce29cde7b03919e6037b7a81de60fe75d6c6efb616d,"{""INLET"": ""fba5b444da15ebb7b881612acde9de1056395ff4c2903dd0b52e45e57b3fa9f5"", ""WALL"": ""06c5d1d1975cf9470096d9b7e560e2173c9733c847d5bc364aab7355ef12a11b""}",2026092494
385,2919.640970451074,2.136176996667651e-06,1.0680884983338254e-06,"[2026092494, 385, 920, 0]",0,1,"[0.00010376547927889089, 5.739935957100204e-05, 0.0001589439261821159]",113,0.0024019306252634864,2.7078792827871413e-07,ACCEPTED,5c0842d6e6c149e129519615257537fa53a95fb19214adda9105346a9185b429,129ebb77396550b300b20ce29cde7b03919e6037b7a81de60fe75d6c6efb616d,"{""INLET"": ""fba5b444da15ebb7b881612acde9de1056395ff4c2903dd0b52e45e57b3fa9f5"", ""WALL"": ""06c5d1d1975cf9470096d9b7e560e2173c9733c847d5bc364aab7355ef12a11b""}",2026092494
386,2927.224453491206,1.097246056289843e-06,5.486230281449215e-07,"[2026092494, 386, 920, 1]",1,1,"[0.00010342463656122424, 5.728263953060325e-05, 0.00015906152486144795]",130,0.0024019306254458236,5.722841549849831e-07,ACCEPTED,5c0842d6e6c149e129519615257537fa53a95fb19214adda9105346a9185b429,129ebb77396550b300b20ce29cde7b03919e6037b7a81de60fe75d6c6efb616d,"{""INLET"": ""fba5b444da15ebb7b881612acde9de1056395ff4c2903dd0b52e45e57b3fa9f5"", ""WALL"": ""06c5d1d1975cf9470096d9b7e560e2173c9733c847d5bc364aab7355ef12a11b""}",2026092494
387,2934.807936531339,2.0526934388690693e-06,1.0263467194345347e-06,"[2026092494, 387, 920, 0]",0,3,"[0.00010321681691781689, 5.7441585447955124e-05, 0.00015892424302156377]",173,0.0024019306251379102,5.9179973610886606e-08,ACCEPTED,5c0842d6e6c149e129519615257537fa53a95fb19214adda9105346a9185b429,129ebb77396550b300b20ce29cde7b03919e6037b7a81de60fe75d6c6efb616d,"{""INLET"": ""fba5b444da15ebb7b881612acde9de1056395ff4c2903dd0b52e45e57b3fa9f5"", ""WALL"": ""06c5d1d1975cf9470096d9b7e560e2173c9733c847d5bc364aab7355ef12a11b""}",2026092494
388,2942.3914195714715,2.8304624090204763e-06,1.4152312045102382e-06,"[2026092494, 388, 920, 1]",1,1,"[0.00010362545215934673, 5.764933445221713e-05, 0.0001587216728272301]",157,0.002401930625048279,2.071035520866725e-08,ACCEPTED,5c0842d6e6c149e129519615257537fa53a95fb19214adda9105346a9185b429,129ebb77396550b300b20ce29cde7b03919e6037b7a81de60fe75d6c6efb616d,"{""INLET"": ""fba5b444da15ebb7b881612acde9de1056395ff4c2903dd0b52e45e57b3fa9f5"", ""WALL"": ""06c5d1d1975cf9470096d9b7e560e2173c9733c847d5bc364aab7355ef12a11b""}",2026092494
389,2949.974902611604,2.7017602448799214e-06,1.3508801224399607e-06,"[2026092494, 389, 920, 0]",0,3,"[0.00010382970593891111, 5.7498879265591946e-05, 0.00015885136049560017]",113,0.0024019306250854635,4.4051401453556207e-08,ACCEPTED,5c0842d6e6c149e129519615257537fa53a95fb19214adda9105346a9185b429,129ebb77396550b300b20ce29cde7b03919e6037b7a81de60fe75d6c6efb616d,"{""INLET"": ""fba5b444da15ebb7b881612acde9de1056395ff4c2903dd0b52e45e57b3fa9f5"", ""WALL"": ""06c5d1d1975cf9470096d9b7e560e2173c9733c847d5bc364aab7355ef12a11b""}",2026092494
390,2957.558385651737,1.825305039781765e-06,9.126525198908825e-07,"[2026092494, 390, 920, 0]",0,1,"[0.00010370605906340168, 5.727338503619967e-05, 0.00015906035337943326]",82,0.0024019306249446495,2.760946390968754e-07,ACCEPTED,5c0842d6e6c149e129519615257537fa53a95fb19214adda9105346a9185b429,129ebb77396550b300b20ce29cde7b03919e6037b7a81de60fe75d6c6efb616d,"{""INLET"": ""fba5b444da15ebb7b881612acde9de1056395ff4c2903dd0b52e45e57b3fa9f5"", ""WALL"": ""06c5d1d1975cf9470096d9b7e560e2173c9733c847d5bc364aab7355ef12a11b""}",2026092494
391,2965.1418686918696,1.4021557753615296e-06,7.010778876807648e-07,"[2026092494, 391, 920, 0]",0,2,"[0.00010313737603761043, 5.743309195514606e-05, 0.0001589346558579387]",173,0.00240193062526924,3.0647088684118196e-07,ACCEPTED,5c0842d6e6c149e129519615257537fa53a95fb19214adda9105346a9185b429,129ebb77396550b300b20ce29cde7b03919e6037b7a81de60fe75d6c6efb616d,"{""INLET"": ""fba5b444da15ebb7b881612acde9de1056395ff4c2903dd0b52e45e57b3fa9f5"", ""WALL"": ""06c5d1d1975cf9470096d9b7e560e2173c9733c847d5bc364aab7355ef12a11b""}",2026092494
392,2972.7253517320023,3.07671560758348e-06,1.53835780379174e-06,"[2026092494, 392, 920, 0]",0,2,"[0.00010367083733153949, 5.7569847358808795e-05, 0.00015879231954654148]",113,0.00240193062482755,1.0536606949679957e-08,ACCEPTED,5c0842d6e6c149e129519615257537fa53a95fb19214adda9105346a9185b429,129ebb77396550b300b20ce29cde7b03919e6037b7a81de60fe75d6c6efb616d,"{""INLET"": ""fba5b444da15ebb7b881612acde9de1056395ff4c2903dd0b52e45e57b3fa9f5"", ""WALL"": ""06c5d1d1975cf9470096d9b7e560e2173c9733c847d5bc364aab7355ef12a11b""}",2026092494
393,2980.308834772135,1.3771940411809087e-06,6.885970205904543e-07,"[2026092494, 393, 920, 0]",0,4,"[0.0001038203146360982, 5.81113829789077e-05, 0.00015829541718826974]",125,0.0024019306215531657,1.1076285485953102e-07,ACCEPTED,5c0842d6e6c149e129519615257537fa53a95fb19214adda9105346a9185b429,129ebb77396550b300b20ce29cde7b03919e6037b7a81de60fe75d6c6efb616d,"{""INLET"": ""fba5b444da15ebb7b881612acde9de1056395ff4c2903dd0b52e45e57b3fa9f5"", ""WALL"": ""06c5d1d1975cf9470096d9b7e560e2173c9733c847d5bc364aab7355ef12a11b""}",2026092494
394,2987.8923178122677,1.6635545156845268e-06,8.317772578422634e-07,"[2026092494, 394, 920, 0]",0,2,"[0.00010341647218634366, 5.7908576095749523e-05, 0.00015849333170349944]",129,0.002401930624673967,2.0425122357554765e-07,ACCEPTED,5c0842d6e6c149e129519615257537fa53a95fb19214adda9105346a9185b429,129ebb77396550b300b20ce29cde7b03919e6037b7a81de60fe75d6c6efb616d,"{""INLET"": ""fba5b444da15ebb7b881612acde9de1056395ff4c2903dd0b52e45e57b3fa9f5"", ""WALL"": ""06c5d1d1975cf9470096d9b7e560e2173c9733c847d5bc364aab7355ef12a11b""}",2026092494
395,2995.4758008524,9.616684995803072e-07,4.808342497901536e-07,"[2026092494, 395, 920, 0]",0,1,"[0.00010395716586892841, 5.821232007642832e-05, 0.00015819908781720043]",125,0.0024019306224309055,1.5167091405535753e-07,ACCEPTED,5c0842d6e6c149e129519615257537fa53a95fb19214adda9105346a9185b429,129ebb77396550b300b20ce29cde7b03919e6037b7a81de60fe75d6c6efb616d,"{""INLET"": ""fba5b444da15ebb7b881612acde9de1056395ff4c2903dd0b52e45e57b3fa9f5"", ""WALL"": ""06c5d1d1975cf9470096d9b7e560e2173c9733c847d5bc364aab7355ef12a11b""}",2026092494
396,3003.0592838925327,2.208865510607712e-06,1.104432755303856e-06,"[2026092494, 396, 920, 0]",0,2,"[0.00010338931959529207, 5.741520209710189e-05, 0.00015894233991147998]",130,0.0024019306249508697,1.1975591850389807e-07,ACCEPTED,5c0842d6e6c149e129519615257537fa53a95fb19214adda9105346a9185b429,129ebb77396550b300b20ce29cde7b03919e6037b7a81de60fe75d6c6efb616d,"{""INLET"": ""fba5b444da15ebb7b881612acde9de1056395ff4c2903dd0b52e45e57b3fa9f5"", ""WALL"": ""06c5d1d1975cf9470096d9b7e560e2173c9733c847d5bc364aab7355ef12a11b""}",2026092494
397,3010.6427669326654,1.099000702919186e-06,5.49500351459593e-07,"[2026092494, 397, 920, 0]",0,1,"[0.00010401428133350354, 5.698158561367742e-05, 0.00015931486965591187]",84,0.0024019306254031056,1.7802643513231152e-07,ACCEPTED,5c0842d6e6c149e129519615257537fa53a95fb19214adda9105346a9185b429,129ebb77396550b300b20ce29cde7b03919e6037b7a81de60fe75d6c6efb616d,"{""INLET"": ""fba5b444da15ebb7b881612acde9de1056395ff4c2903dd0b52e45e57b3fa9f5"", ""WALL"": ""06c5d1d1975cf9470096d9b7e560e2173c9733c847d5bc364aab7355ef12a11b""}",2026092494
398,3018.226249972798,1.9525492811953917e-06,9.762746405976959e-07,"[2026092494, 398, 920, 0]",0,1,"[0.00010413047707776886, 5.765562029965821e-05, 0.00015869878562990432]",116,0.0024019306251835877,1.1244124276650327e-07,ACCEPTED,5c0842d6e6c149e129519615257537fa53a95fb19214adda9105346a9185b429,129ebb77396550b300b20ce29cde7b03919e6037b7a81de60fe75d6c6efb616d,"{""INLET"": ""fba5b444da15ebb7b881612acde9de1056395ff4c2903dd0b52e45e57b3fa9f5"", ""WALL"": ""06c5d1d1975cf9470096d9b7e560e2173c9733c847d5bc364aab7355ef12a11b""}",2026092494
399,3025.809733012931,1.2343455894828175e-06,6.171727947414088e-07,"[2026092494, 399, 920, 0]",0,1,"[0.00010450569803743497, 5.781544840824654e-05, 0.00015854086356396235]",67,0.00240193062461476,4.478562227163491e-08,ACCEPTED,5c0842d6e6c149e129519615257537fa53a95fb19214adda9105346a9185b429,129ebb77396550b300b20ce29cde7b03919e6037b7a81de60fe75d6c6efb616d,"{""INLET"": ""fba5b444da15ebb7b881612acde9de1056395ff4c2903dd0b52e45e57b3fa9f5"", ""WALL"": ""06c5d1d1975cf9470096d9b7e560e2173c9733c847d5bc364aab7355ef12a11b""}",2026092494
400,3033.3932160530635,2.689297783683243e-06,1.3446488918416215e-06,"[2026092494, 400, 920, 0]",0,3,"[0.00010381475959012506, 5.766603335655122e-05, 0.00015870007453784363]",158,0.0024019306239262974,1.498924579264805e-08,ACCEPTED,5c0842d6e6c149e129519615257537fa53a95fb19214adda9105346a9185b429,129ebb77396550b300b20ce29cde7b03919e6037b7a81de60fe75d6c6efb616d,"{""INLET"": ""fba5b444da15ebb7b881612acde9de1056395ff4c2903dd0b52e45e57b3fa9f5"", ""WALL"": ""06c5d1d1975cf9470096d9b7e560e2173c9733c847d5bc364aab7355ef12a11b""}",2026092494
401,3040.976699093196,1.9956107134796093e-06,9.978053567398047e-07,"[2026092494, 401, 920, 0]",0,1,"[0.00010359288929138448, 5.71636086682245e-05, 0.0001591638953792874]",83,0.002401930625430696,3.629648561545333e-08,ACCEPTED,5c0842d6e6c149e129519615257537fa53a95fb19214adda9105346a9185b429,129ebb77396550b300b20ce29cde7b03919e6037b7a81de60fe75d6c6efb616d,"{""INLET"": ""fba5b444da15ebb7b881612acde9de1056395ff4c2903dd0b52e45e57b3fa9f5"", ""WALL"": ""06c5d1d1975cf9470096d9b7e560e2173c9733c847d5bc364aab7355ef12a11b""}",2026092494
402,3048.560182133329,1.6529594445858441e-06,8.264797222929221e-07,"[2026092494, 402, 920, 1]",1,1,"[0.00010398677515354765, 5.759191225657885e-05, 0.00015876152968739927]",115,0.002401930624483719,4.2501765752853273e-07,ACCEPTED,5c0842d6e6c149e129519615257537fa53a95fb19214adda9105346a9185b429,129ebb77396550b300b20ce29cde7b03919e6037b7a81de60fe75d6c6efb616d,"{""INLET"": ""fba5b444da15ebb7b881612acde9de1056395ff4c2903dd0b52e45e57b3fa9f5"", ""WALL"": ""06c5d1d1975cf9470096d9b7e560e2173c9733c847d5bc364aab7355ef12a11b""}",2026092494
403,3056.1436651734616,2.0082990696778883e-06,1.0041495348389442e-06,"[2026092494, 403, 920, 0]",0,1,"[0.00010415282654548405, 5.763965866866927e-05, 0.00015871251999788593]",116,0.0024019306250714577,6.910835065084266e-08,ACCEPTED,5c0842d6e6c149e129519615257537fa53a95fb19214adda9105346a9185b429,129ebb77396550b300b20ce29cde7b03919e6037b7a81de60fe75d6c6efb616d,"{""INLET"": ""fba5b444da15ebb7b881612acde9de1056395ff4c2903dd0b52e45e57b3fa9f5"", ""WALL"": ""06c5d1d1975cf9470096d9b7e560e2173c9733c847d5bc364aab7355ef12a11b""}",2026092494
404,3063.7271482135943,2.16751436375153e-06,1.083757181875765e-06,"[2026092494, 404, 920, 0]",0,1,"[0.00010347176732045786, 5.743890624719839e-05, 0.00015891800750764812]",131,0.0024019306249711187,2.2694634812008036e-07,ACCEPTED,5c0842d6e6c149e129519615257537fa53a95fb19214adda9105346a9185b429,129ebb77396550b300b20ce29cde7b03919e6037b7a81de60fe75d6c6efb616d,"{""INLET"": ""fba5b444da15ebb7b881612acde9de1056395ff4c2903dd0b52e45e57b3fa9f5"", ""WALL"": ""06c5d1d1975cf9470096d9b7e560e2173c9733c847d5bc364aab7355ef12a11b""}",2026092494
405,3071.3106312537266,1.3628034736672668e-06,6.814017368336334e-07,"[2026092494, 405, 920, 0]",0,1,"[0.00010339819366395834, 5.797043857149747e-05, 0.000158437770557861]",129,0.0024019306244760846,2.711987914214552e-07,ACCEPTED,5c0842d6e6c149e129519615257537fa53a95fb19214adda9105346a9185b429,129ebb77396550b300b20ce29cde7b03919e6037b7a81de60fe75d6c6efb616d,"{""INLET"": ""fba5b444da15ebb7b881612acde9de1056395ff4c2903dd0b52e45e57b3fa9f5"", ""WALL"": ""06c5d1d1975cf9470096d9b7e560e2173c9733c847d5bc364aab7355ef12a11b""}",2026092494
406,3078.8941142938593,1.672067081454913e-06,8.360335407274565e-07,"[2026092494, 406, 920, 0]",0,1,"[0.00010299787198246601, 5.75662418351459e-05, 0.0001588184673784226]",174,0.002401930624706841,5.785505162675103e-08,ACCEPTED,5c0842d6e6c149e129519615257537fa53a95fb19214adda9105346a9185b429,129ebb77396550b300b20ce29cde7b03919e6037b7a81de60fe75d6c6efb616d,"{""INLET"": ""fba5b444da15ebb7b881612acde9de1056395ff4c2903dd0b52e45e57b3fa9f5"", ""WALL"": ""06c5d1d1975cf9470096d9b7e560e2173c9733c847d5bc364aab7355ef12a11b""}",2026092494
407,3086.477597333992,1.4948687854126705e-06,7.474343927063352e-07,"[2026092494, 407, 920, 0]",0,1,"[0.00010326427010185347, 5.765396635751667e-05, 0.00015872974315147463]",171,0.0024019306249626446,3.9262384845546535e-07,ACCEPTED,5c0842d6e6c149e129519615257537fa53a95fb19214adda9105346a9185b429,129ebb77396550b300b20ce29cde7b03919e6037b7a81de60fe75d6c6efb616d,"{""INLET"": ""fba5b444da15ebb7b881612acde9de1056395ff4c2903dd0b52e45e57b3fa9f5"", ""WALL"": ""06c5d1d1975cf9470096d9b7e560e2173c9733c847d5bc364aab7355ef12a11b""}",2026092494
408,3094.0610803741247,1.2300231416329456e-06,6.150115708164728e-07,"[2026092494, 408, 920, 0]",0,1,"[0.00010306497095570198, 5.7380245823637775e-05, 0.0001589851096973537]",89,0.0024019306249615643,2.966208244317691e-07,ACCEPTED,5c0842d6e6c149e129519615257537fa53a95fb19214adda9105346a9185b429,129ebb77396550b300b20ce29cde7b03919e6037b7a81de60fe75d6c6efb616d,"{""INLET"": ""fba5b444da15ebb7b881612acde9de1056395ff4c2903dd0b52e45e57b3fa9f5"", ""WALL"": ""06c5d1d1975cf9470096d9b7e560e2173c9733c847d5bc364aab7355ef12a11b""}",2026092494
409,3101.6445634142574,2.0207174882154957e-06,1.0103587441077478e-06,"[2026092494, 409, 920, 0]",0,2,"[0.00010323776706167958, 5.7525421124025546e-05, 0.00015884739100093111]",171,0.0024019306247244883,1.2234986051407626e-07,ACCEPTED,5c0842d6e6c149e129519615257537fa53a95fb19214adda9105346a9185b429,129ebb77396550b300b20ce29cde7b03919e6037b7a81de60fe75d6c6efb616d,"{""INLET"": ""fba5b444da15ebb7b881612acde9de1056395ff4c2903dd0b52e45e57b3fa9f5"", ""WALL"": ""06c5d1d1975cf9470096d9b7e560e2173c9733c847d5bc364aab7355ef12a11b""}",2026092494
410,3109.22804645439,2.3008280279871853e-06,1.1504140139935927e-06,"[2026092494, 410, 920, 0]",0,4,"[0.00010370478853914947, 5.767054785083646e-05, 0.00015869971068001022]",158,0.0024019306244014286,2.5815258111090304e-07,ACCEPTED,5c0842d6e6c149e129519615257537fa53a95fb19214adda9105346a9185b429,129ebb77396550b300b20ce29cde7b03919e6037b7a81de60fe75d6c6efb616d,"{""INLET"": ""fba5b444da15ebb7b881612acde9de1056395ff4c2903dd0b52e45e57b3fa9f5"", ""WALL"": ""06c5d1d1975cf9470096d9b7e560e2173c9733c847d5bc364aab7355ef12a11b""}",2026092494
411,3116.811529494523,9.032024685921497e-07,4.5160123429607483e-07,"[2026092494, 411, 920, 0]",0,2,"[0.00010280505031600448, 5.742485271352513e-05, 0.00015895342989629928]",175,0.002401930624773923,2.2747346770353311e-07,ACCEPTED,5c0842d6e6c149e129519615257537fa53a95fb19214adda9105346a9185b429,129ebb77396550b300b20ce29cde7b03919e6037b7a81de60fe75d6c6efb616d,"{""INLET"": ""fba5b444da15ebb7b881612acde9de1056395ff4c2903dd0b52e45e57b3fa9f5"", ""WALL"": ""06c5d1d1975cf9470096d9b7e560e2173c9733c847d5bc364aab7355ef12a11b""}",2026092494
412,3124.3950125346555,2.128405157241897e-06,1.0642025786209486e-06,"[2026092494, 412, 920, 0]",0,1,"[0.00010346896331881502, 5.7622005537974035e-05, 0.00015875181321711374]",170,0.0024019306250206056,2.8340008449428734e-07,ACCEPTED,5c0842d6e6c149e129519615257537fa53a95fb19214adda9105346a9185b429,129ebb77396550b300b20ce29cde7b03919e6037b7a81de60fe75d6c6efb616d,"{""INLET"": ""fba5b444da15ebb7b881612acde9de1056395ff4c2903dd0b52e45e57b3fa9f5"", ""WALL"": ""06c5d1d1975cf9470096d9b7e560e2173c9733c847d5bc364aab7355ef12a11b""}",2026092494
413,3131.978495574788,1.1978920616291876e-06,5.989460308145938e-07,"[2026092494, 413, 920, 0]",0,1,"[0.00010313074533662815, 5.7085905321929524e-05, 0.00015925018731184997]",85,0.002401930625138533,1.2588820991397538e-07,ACCEPTED,5c0842d6e6c149e129519615257537fa53a95fb19214adda9105346a9185b429,129ebb77396550b300b20ce29cde7b03919e6037b7a81de60fe75d6c6efb616d,"{""INLET"": ""fba5b444da15ebb7b881612acde9de1056395ff4c2903dd0b52e45e57b3fa9f5"", ""WALL"": ""06c5d1d1975cf9470096d9b7e560e2173c9733c847d5bc364aab7355ef12a11b""}",2026092494
414,3139.561978614921,1.974575346087869e-06,9.872876730439345e-07,"[2026092494, 414, 920, 0]",0,2,"[0.00010351127779125967, 5.7611235739283605e-05, 0.00015876015591542248]",170,0.0024019306248999274,4.0457904284004377e-07,ACCEPTED,5c0842d6e6c149e129519615257537fa53a95fb19214adda9105346a9185b429,129ebb77396550b300b20ce29cde7b03919e6037b7a81de60fe75d6c6efb616d,"{""INLET"": ""fba5b444da15ebb7b881612acde9de1056395ff4c2903dd0b52e45e57b3fa9f5"", ""WALL"": ""06c5d1d1975cf9470096d9b7e560e2173c9733c847d5bc364aab7355ef12a11b""}",2026092494
415,3147.145461655053,2.1460613289974452e-06,1.0730306644987226e-06,"[2026092494, 415, 920, 0]",0,2,"[0.00010328593162323268, 5.778371337524825e-05, 0.00015861117356773548]",141,0.002401930624179766,4.127166506844572e-09,ACCEPTED,5c0842d6e6c149e129519615257537fa53a95fb19214adda9105346a9185b429,129ebb77396550b300b20ce29cde7b03919e6037b7a81de60fe75d6c6efb616d,"{""INLET"": ""fba5b444da15ebb7b881612acde9de1056395ff4c2903dd0b52e45e57b3fa9f5"", ""WALL"": ""06c5d1d1975cf9470096d9b7e560e2173c9733c847d5bc364aab7355ef12a11b""}",2026092494
416,3154.728944695186,3.008041054716333e-06,1.5040205273581666e-06,"[2026092494, 416, 920, 0]",0,4,"[0.0001036994326920027, 5.7550491953457846e-05, 0.00015880892363455445]",113,0.0024019306248884644,3.662889122172536e-08,ACCEPTED,5c0842d6e6c149e129519615257537fa53a95fb19214adda9105346a9185b429,129ebb77396550b300b20ce29cde7b03919e6037b7a81de60fe75d6c6efb616d,"{""INLET"": ""fba5b444da15ebb7b881612acde9de1056395ff4c2903dd0b52e45e57b3fa9f5"", ""WALL"": ""06c5d1d1975cf9470096d9b7e560e2173c9733c847d5bc364aab7355ef12a11b""}",2026092494
417,3162.3124277353186,1.3168210633415784e-06,6.584105316707892e-07,"[2026092494, 417, 920, 0]",0,1,"[0.00010394544464910875, 5.8140613545261826e-05, 0.0001582646105094473]",149,0.002401930622080823,6.795411638552855e-08,ACCEPTED,5c0842d6e6c149e129519615257537fa53a95fb19214adda9105346a9185b429,129ebb77396550b300b20ce29cde7b03919e6037b7a81de60fe75d6c6efb616d,"{""INLET"": ""fba5b444da15ebb7b881612acde9de1056395ff4c2903dd0b52e45e57b3fa9f5"", ""WALL"": ""06c5d1d1975cf9470096d9b7e560e2173c9733c847d5bc364aab7355ef12a11b""}",2026092494
418,3169.8959107754513,1.6785897777868775e-06,8.392948888934387e-07,"[2026092494, 418, 920, 0]",0,3,"[0.00010407189024108903, 5.752671373382187e-05, 0.0001588178395141015]",116,0.0024019306249944516,3.3006542015689226e-07,ACCEPTED,5c0842d6e6c149e129519615257537fa53a95fb19214adda9105346a9185b429,129ebb77396550b300b20ce29cde7b03919e6037b7a81de60fe75d6c6efb616d,"{""INLET"": ""fba5b444da15ebb7b881612acde9de1056395ff4c2903dd0b52e45e57b3fa9f5"", ""WALL"": ""06c5d1d1975cf9470096d9b7e560e2173c9733c847d5bc364aab7355ef12a11b""}",2026092494
419,3177.479393815584,2.4888487068789327e-06,1.2444243534394664e-06,"[2026092494, 419, 920, 1]",1,1,"[0.00010348318329992867, 5.7577520265303496e-05, 0.00015879173220517207]",170,0.0024019306249268018,1.3012921819203373e-07,ACCEPTED,5c0842d6e6c149e129519615257537fa53a95fb19214adda9105346a9185b429,129ebb77396550b300b20ce29cde7b03919e6037b7a81de60fe75d6c6efb616d,"{""INLET"": ""fba5b444da15ebb7b881612acde9de1056395ff4c2903dd0b52e45e57b3fa9f5"", ""WALL"": ""06c5d1d1975cf9470096d9b7e560e2173c9733c847d5bc364aab7355ef12a11b""}",2026092494
420,3185.0628768557167,1.6560285920850072e-06,8.280142960425036e-07,"[2026092494, 420, 920, 0]",0,1,"[0.00010382678510241787, 5.7983142200692414e-05, 0.00015841166396023582]",147,0.0024019306246198346,1.401585637685673e-07,ACCEPTED,5c0842d6e6c149e129519615257537fa53a95fb19214adda9105346a9185b429,129ebb77396550b300b20ce29cde7b03919e6037b7a81de60fe75d6c6efb616d,"{""INLET"": ""fba5b444da15ebb7b881612acde9de1056395ff4c2903dd0b52e45e57b3fa9f5"", ""WALL"": ""06c5d1d1975cf9470096d9b7e560e2173c9733c847d5bc364aab7355ef12a11b""}",2026092494
421,3192.6463598958494,2.394725890505907e-06,1.1973629452529536e-06,"[2026092494, 421, 920, 0]",0,3,"[0.00010347502886611063, 5.771477731756677e-05, 0.0001586673505897146]",157,0.0024019306254026754,8.02091813914072e-08,ACCEPTED,5c0842d6e6c149e129519615257537fa53a95fb19214adda9105346a9185b429,129ebb77396550b300b20ce29cde7b03919e6037b7a81de60fe75d6c6efb616d,"{""INLET"": ""fba5b444da15ebb7b881612acde9de1056395ff4c2903dd0b52e45e57b3fa9f5"", ""WALL"": ""06c5d1d1975cf9470096d9b7e560e2173c9733c847d5bc364aab7355ef12a11b""}",2026092494
422,3200.229842935982,1.8303212722728504e-06,9.151606361364252e-07,"[2026092494, 422, 920, 0]",0,2,"[0.00010375818925284307, 5.7554384785785555e-05, 0.00015880338791428677]",113,0.0024019306249174906,5.679376916012894e-07,ACCEPTED,5c0842d6e6c149e129519615257537fa53a95fb19214adda9105346a9185b429,129ebb77396550b300b20ce29cde7b03919e6037b7a81de60fe75d6c6efb616d,"{""INLET"": ""fba5b444da15ebb7b881612acde9de1056395ff4c2903dd0b52e45e57b3fa9f5"", ""WALL"": ""06c5d1d1975cf9470096d9b7e560e2173c9733c847d5bc364aab7355ef12a11b""}",2026092494
423,3207.813325976115,1.8701509842102846e-06,9.350754921051423e-07,"[2026092494, 423, 920, 0]",0,2,"[0.00010413957591840952, 5.75304197164474e-05, 0.00015881217213271003]",107,0.002401930624720189,1.6862037195197986e-07,ACCEPTED,5c0842d6e6c149e129519615257537fa53a95fb19214adda9105346a9185b429,129ebb77396550b300b20ce29cde7b03919e6037b7a81de60fe75d6c6efb616d,"{""INLET"": ""fba5b444da15ebb7b881612acde9de1056395ff4c2903dd0b52e45e57b3fa9f5"", ""WALL"": ""06c5d1d1975cf9470096d9b7e560e2173c9733c847d5bc364aab7355ef12a11b""}",2026092494
424,3215.396809016247,1.6176555823054983e-06,8.088277911527492e-07,"[2026092494, 424, 920, 0]",0,2,"[0.00010414859386157699, 5.714910325075272e-05, 0.0001591581625831051]",119,0.0024019306252701248,4.119551801726091e-08,ACCEPTED,5c0842d6e6c149e129519615257537fa53a95fb19214adda9105346a9185b429,129ebb77396550b300b20ce29cde7b03919e6037b7a81de60fe75d6c6efb616d,"{""INLET"": ""fba5b444da15ebb7b881612acde9de1056395ff4c2903dd0b52e45e57b3fa9f5"", ""WALL"": ""06c5d1d1975cf9470096d9b7e560e2173c9733c847d5bc364aab7355ef12a11b""}",2026092494
425,3222.9802920563798,1.7958782023808514e-06,8.979391011904257e-07,"[2026092494, 425, 920, 0]",0,1,"[0.00010326177198617656, 5.7744678422867615e-05, 0.00015864744691308118]",142,0.002401930624606729,1.901204718415278e-07,ACCEPTED,5c0842d6e6c149e129519615257537fa53a95fb19214adda9105346a9185b429,129ebb77396550b300b20ce29cde7b03919e6037b7a81de60fe75d6c6efb616d,"{""INLET"": ""fba5b444da15ebb7b881612acde9de1056395ff4c2903dd0b52e45e57b3fa9f5"", ""WALL"": ""06c5d1d1975cf9470096d9b7e560e2173c9733c847d5bc364aab7355ef12a11b""}",2026092494
426,3230.5637750965125,1.5504147225619922e-06,7.752073612809961e-07,"[2026092494, 426, 920, 0]",0,1,"[0.00010371632861281711, 5.70739274762358e-05, 0.00015924114192680675]",82,0.0024019306252662754,1.4606281219825808e-07,ACCEPTED,5c0842d6e6c149e129519615257537fa53a95fb19214adda9105346a9185b429,129ebb77396550b300b20ce29cde7b03919e6037b7a81de60fe75d6c6efb616d,"{""INLET"": ""fba5b444da15ebb7b881612acde9de1056395ff4c2903dd0b52e45e57b3fa9f5"", ""WALL"": ""06c5d1d1975cf9470096d9b7e560e2173c9733c847d5bc364aab7355ef12a11b""}",2026092494
427,3238.147258136645,1.271475409089224e-06,6.35737704544612e-07,"[2026092494, 427, 920, 0]",0,2,"[0.00010322234477298125, 5.7107978611611865e-05, 0.00015922702523143224]",87,0.0024019306252402346,1.7344341193497766e-07,ACCEPTED,5c0842d6e6c149e129519615257537fa53a95fb19214adda9105346a9185b429,129ebb77396550b300b20ce29cde7b03919e6037b7a81de60fe75d6c6efb616d,"{""INLET"": ""fba5b444da15ebb7b881612acde9de1056395ff4c2903dd0b52e45e57b3fa9f5"", ""WALL"": ""06c5d1d1975cf9470096d9b7e560e2173c9733c847d5bc364aab7355ef12a11b""}",2026092494
428,3245.730741176778,1.4957569528445647e-06,7.478784764222824e-07,"[2026092494, 428, 920, 0]",0,1,"[0.00010419826257495463, 5.79169276487461e-05, 0.000158459175482438]",159,0.0024019306246109264,9.466489769313654e-08,ACCEPTED,5c0842d6e6c149e129519615257537fa53a95fb19214adda9105346a9185b429,129ebb77396550b300b20ce29cde7b03919e6037b7a81de60fe75d6c6efb616d,"{""INLET"": ""fba5b444da15ebb7b881612acde9de1056395ff4c2903dd0b52e45e57b3fa9f5"", ""WALL"": ""06c5d1d1975cf9470096d9b7e560e2173c9733c847d5bc364aab7355ef12a11b""}",2026092494
429,3253.3142242169106,1.5649606571363712e-06,7.824803285681856e-07,"[2026092494, 429, 920, 0]",0,3,"[0.00010325144070673007, 5.7916658510856784e-05, 0.00015849160628658926]",137,0.0024019306244009164,1.4818243575801385e-07,ACCEPTED,5c0842d6e6c149e129519615257537fa53a95fb19214adda9105346a9185b429,129ebb77396550b300b20ce29cde7b03919e6037b7a81de60fe75d6c6efb616d,"{""INLET"": ""fba5b444da15ebb7b881612acde9de1056395ff4c2903dd0b52e45e57b3fa9f5"", ""WALL"": ""06c5d1d1975cf9470096d9b7e560e2173c9733c847d5bc364aab7355ef12a11b""}",2026092494
430,3260.8977072570433,2.094159603480693e-06,1.0470798017403466e-06,"[2026092494, 430, 920, 0]",0,2,"[0.00010399542211622603, 5.729582052142242e-05, 0.00015903012850897205]",112,0.0024019306252567895,5.064812076898167e-08,ACCEPTED,5c0842d6e6c149e129519615257537fa53a95fb19214adda9105346a9185b429,129ebb77396550b300b20ce29cde7b03919e6037b7a81de60fe75d6c6efb616d,"{""INLET"": ""fba5b444da15ebb7b881612acde9de1056395ff4c2903dd0b52e45e57b3fa9f5"", ""WALL"": ""06c5d1d1975cf9470096d9b7e560e2173c9733c847d5bc364aab7355ef12a11b""}",2026092494
431,3268.481190297176,2.4104387497834564e-06,1.2052193748917282e-06,"[2026092494, 431, 920, 0]",0,2,"[0.00010336690724088988, 5.766576840261931e-05, 0.00015871553669249074]",170,0.002401930625334841,2.620555179816018e-08,ACCEPTED,5c0842d6e6c149e129519615257537fa53a95fb19214adda9105346a9185b429,129ebb77396550b300b20ce29cde7b03919e6037b7a81de60fe75d6c6efb616d,"{""INLET"": ""fba5b444da15ebb7b881612acde9de1056395ff4c2903dd0b52e45e57b3fa9f5"", ""WALL"": ""06c5d1d1975cf9470096d9b7e560e2173c9733c847d5bc364aab7355ef12a11b""}",2026092494
432,3276.0646733373087,2.7396670638455776e-06,1.3698335319227888e-06,"[2026092494, 432, 920, 0]",0,3,"[0.00010385005955428121, 5.7569522209644244e-05, 0.00015878651475164683]",114,0.00240193062383158,2.0178267231266543e-08,ACCEPTED,5c0842d6e6c149e129519615257537fa53a95fb19214adda9105346a9185b429,129ebb77396550b300b20ce29cde7b03919e6037b7a81de60fe75d6c6efb616d,"{""INLET"": ""fba5b444da15ebb7b881612acde9de1056395ff4c2903dd0b52e45e57b3fa9f5"", ""WALL"": ""06c5d1d1975cf9470096d9b7e560e2173c9733c847d5bc364aab7355ef12a11b""}",2026092494
433,3283.6481563774414,1.3546652059035957e-06,6.773326029517979e-07,"[2026092494, 433, 920, 1]",1,1,"[0.00010376229331521578, 5.710483669147565e-05, 0.00015921150890688764]",82,0.0024019306252442267,2.783109781557711e-07,ACCEPTED,5c0842d6e6c149e129519615257537fa53a95fb19214adda9105346a9185b429,129ebb77396550b300b20ce29cde7b03919e6037b7a81de60fe75d6c6efb616d,"{""INLET"": ""fba5b444da15ebb7b881612acde9de1056395ff4c2903dd0b52e45e57b3fa9f5"", ""WALL"": ""06c5d1d1975cf9470096d9b7e560e2173c9733c847d5bc364aab7355ef12a11b""}",2026092494
434,3291.2316394175737,1.8863863983139594e-06,9.431931991569797e-07,"[2026092494, 434, 920, 0]",0,2,"[0.00010390123113047907, 5.777697083277033e-05, 0.00015859638358830473]",155,0.002401930624605221,2.42299758891125e-07,ACCEPTED,5c0842d6e6c149e129519615257537fa53a95fb19214adda9105346a9185b429,129ebb77396550b300b20ce29cde7b03919e6037b7a81de60fe75d6c6efb616d,"{""INLET"": ""fba5b444da15ebb7b881612acde9de1056395ff4c2903dd0b52e45e57b3fa9f5"", ""WALL"": ""06c5d1d1975cf9470096d9b7e560e2173c9733c847d5bc364aab7355ef12a11b""}",2026092494
435,3298.8151224577064,2.751452608698114e-06,1.375726304349057e-06,"[2026092494, 435, 920, 0]",0,2,"[0.00010362063437508519, 5.745203844928901e-05, 0.00015890101596311714]",131,0.0024019306252908604,4.253392225107119e-08,ACCEPTED,5c0842d6e6c149e129519615257537fa53a95fb19214adda9105346a9185b429,129ebb77396550b300b20ce29cde7b03919e6037b7a81de60fe75d6c6efb616d,"{""INLET"": ""fba5b444da15ebb7b881612acde9de1056395ff4c2903dd0b52e45e57b3fa9f5"", ""WALL"": ""06c5d1d1975cf9470096d9b7e560e2173c9733c847d5bc364aab7355ef12a11b""}",2026092494
436,3306.398605497839,2.003016753131417e-06,1.0015083765657085e-06,"[2026092494, 436, 920, 0]",0,2,"[0.00010407146647705108, 5.783074869931305e-05, 0.00015854175352416895]",160,0.0024019306245641535,1.51553319938112e-08,ACCEPTED,5c0842d6e6c149e129519615257537fa53a95fb19214adda9105346a9185b429,129ebb77396550b300b20ce29cde7b03919e6037b7a81de60fe75d6c6efb616d,"{""INLET"": ""fba5b444da15ebb7b881612acde9de1056395ff4c2903dd0b52e45e57b3fa9f5"", ""WALL"": ""06c5d1d1975cf9470096d9b7e560e2173c9733c847d5bc364aab7355ef12a11b""}",2026092494
437,3313.982088537972,1.6810115047610298e-06,8.405057523805149e-07,"[2026092494, 437, 920, 0]",0,1,"[0.00010312611759563325, 5.735804158798755e-05, 0.0001590031989966682]",88,0.002401930625019948,1.1531520867237696e-07,ACCEPTED,5c0842d6e6c149e129519615257537fa53a95fb19214adda9105346a9185b429,129ebb77396550b300b20ce29cde7b03919e6037b7a81de60fe75d6c6efb616d,"{""INLET"": ""fba5b444da15ebb7b881612acde9de1056395ff4c2903dd0b52e45e57b3fa9f5"", ""WALL"": ""06c5d1d1975cf9470096d9b7e560e2173c9733c847d5bc364aab7355ef12a11b""}",2026092494
438,3321.5655715781045,2.86876505325182e-06,1.43438252662591e-06,"[2026092494, 438, 920, 0]",0,2,"[0.00010359194122072243, 5.7565594923700413e-05, 0.00015879886536741974]",170,0.002401930624637161,4.923690176485192e-08,ACCEPTED,5c0842d6e6c149e129519615257537fa53a95fb19214adda9105346a9185b429,129ebb77396550b300b20ce29cde7b03919e6037b7a81de60fe75d6c6efb616d,"{""INLET"": ""fba5b444da15ebb7b881612acde9de1056395ff4c2903dd0b52e45e57b3fa9f5"", ""WALL"": ""06c5d1d1975cf9470096d9b7e560e2173c9733c847d5bc364aab7355ef12a11b""}",2026092494
439,3329.149054618237,2.244861267025924e-06,1.122430633512962e-06,"[2026092494, 439, 920, 0]",0,1,"[0.00010333846633034488, 5.752978721985642e-05, 0.00015884000395194835]",171,0.0024019306248052176,1.1052744107392242e-07,ACCEPTED,5c0842d6e6c149e129519615257537fa53a95fb19214adda9105346a9185b429,129ebb77396550b300b20ce29cde7b03919e6037b7a81de60fe75d6c6efb616d,"{""INLET"": ""fba5b444da15ebb7b881612acde9de1056395ff4c2903dd0b52e45e57b3fa9f5"", ""WALL"": ""06c5d1d1975cf9470096d9b7e560e2173c9733c847d5bc364aab7355ef12a11b""}",2026092494
440,3336.73253765837,2.1112728173134564e-06,1.0556364086567282e-06,"[2026092494, 440, 920, 0]",0,1,"[0.00010339046644202874, 5.772716150401881e-05, 0.00015865897767698876]",156,0.0024019306254763834,1.4962591523580286e-07,ACCEPTED,5c0842d6e6c149e129519615257537fa53a95fb19214adda9105346a9185b429,129ebb77396550b300b20ce29cde7b03919e6037b7a81de60fe75d6c6efb616d,"{""INLET"": ""fba5b444da15ebb7b881612acde9de1056395ff4c2903dd0b52e45e57b3fa9f5"", ""WALL"": ""06c5d1d1975cf9470096d9b7e560e2173c9733c847d5bc364aab7355ef12a11b""}",2026092494
441,3344.3160206985026,2.583933959739318e-06,1.291966979869659e-06,"[2026092494, 441, 920, 0]",0,2,"[0.00010388742152721414, 5.755504201545098e-05, 0.00015879839260220176]",114,0.0024019306239995188,6.186019471401004e-08,ACCEPTED,5c0842d6e6c149e129519615257537fa53a95fb19214adda9105346a9185b429,129ebb77396550b300b20ce29cde7b03919e6037b7a81de60fe75d6c6efb616d,"{""INLET"": ""fba5b444da15ebb7b881612acde9de1056395ff4c2903dd0b52e45e57b3fa9f5"", ""WALL"": ""06c5d1d1975cf9470096d9b7e560e2173c9733c847d5bc364aab7355ef12a11b""}",2026092494
442,3351.8995037386353,2.7454423737932623e-06,1.3727211868966312e-06,"[2026092494, 442, 920, 0]",0,1,"[0.00010367600304411267, 5.767375033850787e-05, 0.00015869778014694516]",158,0.002401930624536237,3.5784738101639985e-08,ACCEPTED,5c0842d6e6c149e129519615257537fa53a95fb19214adda9105346a9185b429,129ebb77396550b300b20ce29cde7b03919e6037b7a81de60fe75d6c6efb616d,"{""INLET"": ""fba5b444da15ebb7b881612acde9de1056395ff4c2903dd0b52e45e57b3fa9f5"", ""WALL"": ""06c5d1d1975cf9470096d9b7e560e2173c9733c847d5bc364aab7355ef12a11b""}",2026092494
443,3359.482986778768,2.3446593518427485e-06,1.1723296759213742e-06,"[2026092494, 443, 920, 0]",0,1,"[0.00010366196926921358, 5.776028799890858e-05, 0.00015861966321665687]",158,0.0024019306250410086,1.1940867764672416e-07,ACCEPTED,5c0842d6e6c149e129519615257537fa53a95fb19214adda9105346a9185b429,129ebb77396550b300b20ce29cde7b03919e6037b7a81de60fe75d6c6efb616d,"{""INLET"": ""fba5b444da15ebb7b881612acde9de1056395ff4c2903dd0b52e45e57b3fa9f5"", ""WALL"": ""06c5d1d1975cf9470096d9b7e560e2173c9733c847d5bc364aab7355ef12a11b""}",2026092494
444,3367.0664698189003,2.0259670686289695e-06,1.0129835343144848e-06,"[2026092494, 444, 920, 0]",0,1,"[0.0001035485346246715, 5.7535827925792184e-05, 0.00015882737593564338]",131,0.0024019306250828596,4.282483191413601e-07,ACCEPTED,5c0842d6e6c149e129519615257537fa53a95fb19214adda9105346a9185b429,129ebb77396550b300b20ce29cde7b03919e6037b7a81de60fe75d6c6efb616d,"{""INLET"": ""fba5b444da15ebb7b881612acde9de1056395ff4c2903dd0b52e45e57b3fa9f5"", ""WALL"": ""06c5d1d1975cf9470096d9b7e560e2173c9733c847d5bc364aab7355ef12a11b""}",2026092494
445,3374.649952859033,1.3838296875121684e-06,6.919148437560842e-07,"[2026092494, 445, 920, 0]",0,1,"[0.00010395879032164627, 5.7270065289175256e-05, 0.00015905476537894154]",112,0.002401930625286737,4.0145477239216655e-07,ACCEPTED,5c0842d6e6c149e129519615257537fa53a95fb19214adda9105346a9185b429,129ebb77396550b300b20ce29cde7b03919e6037b7a81de60fe75d6c6efb616d,"{""INLET"": ""fba5b444da15ebb7b881612acde9de1056395ff4c2903dd0b52e45e57b3fa9f5"", ""WALL"": ""06c5d1d1975cf9470096d9b7e560e2173c9733c847d5bc364aab7355ef12a11b""}",2026092494
446,3382.2334358991657,2.499439477926642e-06,1.249719738963321e-06,"[2026092494, 446, 920, 0]",0,9,"[0.0001036939112459963, 5.747571411394561e-05, 0.00015887702126637858]",113,0.0024019306250495755,2.0882617736964327e-07,ACCEPTED,5c0842d6e6c149e129519615257537fa53a95fb19214adda9105346a9185b429,129ebb77396550b300b20ce29cde7b03919e6037b7a81de60fe75d6c6efb616d,"{""INLET"": ""fba5b444da15ebb7b881612acde9de1056395ff4c2903dd0b52e45e57b3fa9f5"", ""WALL"": ""06c5d1d1975cf9470096d9b7e560e2173c9733c847d5bc364aab7355ef12a11b""}",2026092494
447,3389.8169189392984,1.4015758009935565e-06,7.007879004967782e-07,"[2026092494, 447, 920, 0]",0,1,"[0.00010448619067399893, 5.7481156390364e-05, 0.00015884512204341957]",110,0.0024019306252015785,5.1263160421448044e-08,ACCEPTED,5c0842d6e6c149e129519615257537fa53a95fb19214adda9105346a9185b429,129ebb77396550b300b20ce29cde7b03919e6037b7a81de60fe75d6c6efb616d,"{""INLET"": ""fba5b444da15ebb7b881612acde9de1056395ff4c2903dd0b52e45e57b3fa9f5"", ""WALL"": ""06c5d1d1975cf9470096d9b7e560e2173c9733c847d5bc364aab7355ef12a11b""}",2026092494
448,3397.400401979431,1.883675308265828e-06,9.41837654132914e-07,"[2026092494, 448, 920, 0]",0,1,"[0.00010385083196509416, 5.794862183923457e-05, 0.0001584421995051108]",147,0.0024019306246483383,6.216079977102392e-08,ACCEPTED,5c0842d6e6c149e129519615257537fa53a95fb19214adda9105346a9185b429,129ebb77396550b300b20ce29cde7b03919e6037b7a81de60fe75d6c6efb616d,"{""INLET"": ""fba5b444da15ebb7b881612acde9de1056395ff4c2903dd0b52e45e57b3fa9f5"", ""WALL"": ""06c5d1d1975cf9470096d9b7e560e2173c9733c847d5bc364aab7355ef12a11b""}",2026092494
449,3404.983885019564,2.243249083871021e-06,1.1216245419355106e-06,"[2026092494, 449, 920, 0]",0,2,"[0.00010330477462259881, 5.748623461063008e-05, 0.00015888070395920318]",173,0.002401930624892743,6.603518090174642e-08,ACCEPTED,5c0842d6e6c149e129519615257537fa53a95fb19214adda9105346a9185b429,129ebb77396550b300b20ce29cde7b03919e6037b7a81de60fe75d6c6efb616d,"{""INLET"": ""fba5b444da15ebb7b881612acde9de1056395ff4c2903dd0b52e45e57b3fa9f5"", ""WALL"": ""06c5d1d1975cf9470096d9b7e560e2173c9733c847d5bc364aab7355ef12a11b""}",2026092494
450,3412.5673680596965,1.5979633672688688e-06,7.989816836344344e-07,"[2026092494, 450, 920, 0]",0,1,"[0.00010403106980555512, 5.730125124376535e-05, 0.00015902398307795647]",112,0.002401930625226544,2.8171912394001123e-07,ACCEPTED,5c0842d6e6c149e129519615257537fa53a95fb19214adda9105346a9185b429,129ebb77396550b300b20ce29cde7b03919e6037b7a81de60fe75d6c6efb616d,"{""INLET"": ""fba5b444da15ebb7b881612acde9de1056395ff4c2903dd0b52e45e57b3fa9f5"", ""WALL"": ""06c5d1d1975cf9470096d9b7e560e2173c9733c847d5bc364aab7355ef12a11b""}",2026092494
451,3420.150851099829,2.0271642217611497e-06,1.0135821108805748e-06,"[2026092494, 451, 920, 1]",1,1,"[0.0001038836610574214, 5.784044162730092e-05, 0.00015853933650665148]",155,0.002401930625222703,1.1098907330474968e-07,ACCEPTED,5c0842d6e6c149e129519615257537fa53a95fb19214adda9105346a9185b429,129ebb77396550b300b20ce29cde7b03919e6037b7a81de60fe75d6c6efb616d,"{""INLET"": ""fba5b444da15ebb7b881612acde9de1056395ff4c2903dd0b52e45e57b3fa9f5"", ""WALL"": ""06c5d1d1975cf9470096d9b7e560e2173c9733c847d5bc364aab7355ef12a11b""}",2026092494
452,3427.734334139962,1.3680385195012876e-06,6.840192597506438e-07,"[2026092494, 452, 920, 0]",0,1,"[0.00010321974344896823, 5.700967432607236e-05, 0.00015931638988266777]",76,0.0024019306255471306,1.092429088207194e-08,ACCEPTED,5c0842d6e6c149e129519615257537fa53a95fb19214adda9105346a9185b429,129ebb77396550b300b20ce29cde7b03919e6037b7a81de60fe75d6c6efb616d,"{""INLET"": ""fba5b444da15ebb7b881612acde9de1056395ff4c2903dd0b52e45e57b3fa9f5"", ""WALL"": ""06c5d1d1975cf9470096d9b7e560e2173c9733c847d5bc364aab7355ef12a11b""}",2026092494
453,3435.3178171800946,1.7315138581722498e-06,8.657569290861249e-07,"[2026092494, 453, 920, 0]",0,1,"[0.0001033405578839397, 5.778868359921746e-05, 0.00015860479979918292]",141,0.0024019306243723785,2.4792293609802656e-07,ACCEPTED,5c0842d6e6c149e129519615257537fa53a95fb19214adda9105346a9185b429,129ebb77396550b300b20ce29cde7b03919e6037b7a81de60fe75d6c6efb616d,"{""INLET"": ""fba5b444da15ebb7b881612acde9de1056395ff4c2903dd0b52e45e57b3fa9f5"", ""WALL"": ""06c5d1d1975cf9470096d9b7e560e2173c9733c847d5bc364aab7355ef12a11b""}",2026092494
454,3442.901300220227,1.9276409434191483e-06,9.638204717095741e-07,"[2026092494, 454, 920, 0]",0,1,"[0.00010413686365983151, 5.779143031734055e-05, 0.00015857523515597628]",160,0.002401930625024878,3.873991092765765e-08,ACCEPTED,5c0842d6e6c149e129519615257537fa53a95fb19214adda9105346a9185b429,129ebb77396550b300b20ce29cde7b03919e6037b7a81de60fe75d6c6efb616d,"{""INLET"": ""fba5b444da15ebb7b881612acde9de1056395ff4c2903dd0b52e45e57b3fa9f5"", ""WALL"": ""06c5d1d1975cf9470096d9b7e560e2173c9733c847d5bc364aab7355ef12a11b""}",2026092494
455,3450.4847832603596,2.670007040788282e-06,1.335003520394141e-06,"[2026092494, 455, 920, 0]",0,2,"[0.00010353486207922921, 5.752670319195817e-05, 0.00015883612779904363]",131,0.0024019306250581615,9.023370473535745e-08,ACCEPTED,5c0842d6e6c149e129519615257537fa53a95fb19214adda9105346a9185b429,129ebb77396550b300b20ce29cde7b03919e6037b7a81de60fe75d6c6efb616d,"{""INLET"": ""fba5b444da15ebb7b881612acde9de1056395ff4c2903dd0b52e45e57b3fa9f5"", ""WALL"": ""06c5d1d1975cf9470096d9b7e560e2173c9733c847d5bc364aab7355ef12a11b""}",2026092494
456,3458.0682663004923,2.3817206345710096e-06,1.1908603172855048e-06,"[2026092494, 456, 920, 0]",0,4,"[0.00010351658505181085, 5.757502487511637e-05, 0.00015879286293782612]",170,0.002401930624839368,2.1684974312260496e-07,ACCEPTED,5c0842d6e6c149e129519615257537fa53a95fb19214adda9105346a9185b429,129ebb77396550b300b20ce29cde7b03919e6037b7a81de60fe75d6c6efb616d,"{""INLET"": ""fba5b444da15ebb7b881612acde9de1056395ff4c2903dd0b52e45e57b3fa9f5"", ""WALL"": ""06c5d1d1975cf9470096d9b7e560e2173c9733c847d5bc364aab7355ef12a11b""}",2026092494
457,3465.651749340625,2.60814536842567e-06,1.304072684212835e-06,"[2026092494, 457, 920, 0]",0,2,"[0.00010378885495476982, 5.757231554686549e-05, 0.00015878606100320017]",114,0.0024019306235670986,1.464802523505189e-07,ACCEPTED,5c0842d6e6c149e129519615257537fa53a95fb19214adda9105346a9185b429,129ebb77396550b300b20ce29cde7b03919e6037b7a81de60fe75d6c6efb616d,"{""INLET"": ""fba5b444da15ebb7b881612acde9de1056395ff4c2903dd0b52e45e57b3fa9f5"", ""WALL"": ""06c5d1d1975cf9470096d9b7e560e2173c9733c847d5bc364aab7355ef12a11b""}",2026092494
458,3473.2352323807577,2.258188728581694e-06,1.129094364290847e-06,"[2026092494, 458, 920, 0]",0,4,"[0.00010377791177787964, 5.750621928855987e-05, 0.00015884645803225178]",113,0.0024019306250361605,3.1626307984084204e-07,ACCEPTED,5c0842d6e6c149e129519615257537fa53a95fb19214adda9105346a9185b429,129ebb77396550b300b20ce29cde7b03919e6037b7a81de60fe75d6c6efb616d,"{""INLET"": ""fba5b444da15ebb7b881612acde9de1056395ff4c2903dd0b52e45e57b3fa9f5"", ""WALL"": ""06c5d1d1975cf9470096d9b7e560e2173c9733c847d5bc364aab7355ef12a11b""}",2026092494
459,3480.8187154208904,2.5903001176885026e-06,1.2951500588442513e-06,"[2026092494, 459, 920, 0]",0,2,"[0.00010359124592900256, 5.7455681365276725e-05, 0.00015889870765878688]",131,0.002401930625224063,1.1408585240244317e-07,ACCEPTED,5c0842d6e6c149e129519615257537fa53a95fb19214adda9105346a9185b429,129ebb77396550b300b20ce29cde7b03919e6037b7a81de60fe75d6c6efb616d,"{""INLET"": ""fba5b444da15ebb7b881612acde9de1056395ff4c2903dd0b52e45e57b3fa9f5"", ""WALL"": ""06c5d1d1975cf9470096d9b7e560e2173c9733c847d5bc364aab7355ef12a11b""}",2026092494
460,3488.402198461023,1.845416327791704e-06,9.22708163895852e-07,"[2026092494, 460, 920, 0]",0,1,"[0.00010341456613176131, 5.777176549608083e-05, 0.000158617648803667]",156,0.002401930625312259,2.5879583320654537e-07,ACCEPTED,5c0842d6e6c149e129519615257537fa53a95fb19214adda9105346a9185b429,129ebb77396550b300b20ce29cde7b03919e6037b7a81de60fe75d6c6efb616d,"{""INLET"": ""fba5b444da15ebb7b881612acde9de1056395ff4c2903dd0b52e45e57b3fa9f5"", ""WALL"": ""06c5d1d1975cf9470096d9b7e560e2173c9733c847d5bc364aab7355ef12a11b""}",2026092494
461,3495.985681501156,1.7655461378552818e-06,8.827730689276409e-07,"[2026092494, 461, 920, 0]",0,2,"[0.0001039433389158145, 5.7472933289263954e-05, 0.00015887105461782967]",113,0.0024019306252153027,3.9479297910988893e-07,ACCEPTED,5c0842d6e6c149e129519615257537fa53a95fb19214adda9105346a9185b429,129ebb77396550b300b20ce29cde7b03919e6037b7a81de60fe75d6c6efb616d,"{""INLET"": ""fba5b444da15ebb7b881612acde9de1056395ff4c2903dd0b52e45e57b3fa9f5"", ""WALL"": ""06c5d1d1975cf9470096d9b7e560e2173c9733c847d5bc364aab7355ef12a11b""}",2026092494
462,3503.5691645412885,2.3158066974009604e-06,1.1579033487004802e-06,"[2026092494, 462, 920, 0]",0,1,"[0.00010365606051228019, 5.7590909012586336e-05, 0.00015877369458240274]",157,0.002401930624851488,3.6143300424241587e-07,ACCEPTED,5c0842d6e6c149e129519615257537fa53a95fb19214adda9105346a9185b429,129ebb77396550b300b20ce29cde7b03919e6037b7a81de60fe75d6c6efb616d,"{""INLET"": ""fba5b444da15ebb7b881612acde9de1056395ff4c2903dd0b52e45e57b3fa9f5"", ""WALL"": ""06c5d1d1975cf9470096d9b7e560e2173c9733c847d5bc364aab7355ef12a11b""}",2026092494
463,3511.1526475814208,1.2409418258443716e-06,6.204709129221858e-07,"[2026092494, 463, 920, 0]",0,4,"[0.00010324603845269844, 5.7725477474073856e-05, 0.00015866541909208498]",142,0.002401930624613306,4.6918851008513425e-07,ACCEPTED,5c0842d6e6c149e129519615257537fa53a95fb19214adda9105346a9185b429,129ebb77396550b300b20ce29cde7b03919e6037b7a81de60fe75d6c6efb616d,"{""INLET"": ""fba5b444da15ebb7b881612acde9de1056395ff4c2903dd0b52e45e57b3fa9f5"", ""WALL"": ""06c5d1d1975cf9470096d9b7e560e2173c9733c847d5bc364aab7355ef12a11b""}",2026092494
464,3518.7361306215535,2.261894067492018e-06,1.130947033746009e-06,"[2026092494, 464, 920, 0]",0,1,"[0.00010365205394239835, 5.728612249162396e-05, 0.0001590506232165956]",83,0.002401930625405261,7.242142015655744e-08,ACCEPTED,5c0842d6e6c149e129519615257537fa53a95fb19214adda9105346a9185b429,129ebb77396550b300b20ce29cde7b03919e6037b7a81de60fe75d6c6efb616d,"{""INLET"": ""fba5b444da15ebb7b881612acde9de1056395ff4c2903dd0b52e45e57b3fa9f5"", ""WALL"": ""06c5d1d1975cf9470096d9b7e560e2173c9733c847d5bc364aab7355ef12a11b""}",2026092494
465,3526.319613661686,2.406635536178894e-06,1.203317768089447e-06,"[2026092494, 465, 920, 0]",0,1,"[0.00010388870851112459, 5.747293356709946e-05, 0.00015887291432228366]",113,0.002401930625180345,1.2414823241371572e-07,ACCEPTED,5c0842d6e6c149e129519615257537fa53a95fb19214adda9105346a9185b429,129ebb77396550b300b20ce29cde7b03919e6037b7a81de60fe75d6c6efb616d,"{""INLET"": ""fba5b444da15ebb7b881612acde9de1056395ff4c2903dd0b52e45e57b3fa9f5"", ""WALL"": ""06c5d1d1975cf9470096d9b7e560e2173c9733c847d5bc364aab7355ef12a11b""}",2026092494
466,3533.903096701819,1.6958775954718084e-06,8.479387977359042e-07,"[2026092494, 466, 920, 0]",0,1,"[0.00010407651036323096, 5.739511705411461e-05, 0.00015893719255930682]",106,0.0024019306248419174,2.6728124092370086e-07,ACCEPTED,5c0842d6e6c149e129519615257537fa53a95fb19214adda9105346a9185b429,129ebb77396550b300b20ce29cde7b03919e6037b7a81de60fe75d6c6efb616d,"{""INLET"": ""fba5b444da15ebb7b881612acde9de1056395ff4c2903dd0b52e45e57b3fa9f5"", ""WALL"": ""06c5d1d1975cf9470096d9b7e560e2173c9733c847d5bc364aab7355ef12a11b""}",2026092494
467,3541.4865797419516,2.0108169924446107e-06,1.0054084962223053e-06,"[2026092494, 467, 920, 0]",0,1,"[0.00010332788915101208, 5.725686176936343e-05, 0.0001590882264737111]",162,0.0024019306251335574,2.6475919667593122e-08,ACCEPTED,5c0842d6e6c149e129519615257537fa53a95fb19214adda9105346a9185b429,129ebb77396550b300b20ce29cde7b03919e6037b7a81de60fe75d6c6efb616d,"{""INLET"": ""fba5b444da15ebb7b881612acde9de1056395ff4c2903dd0b52e45e57b3fa9f5"", ""WALL"": ""06c5d1d1975cf9470096d9b7e560e2173c9733c847d5bc364aab7355ef12a11b""}",2026092494
468,3549.0700627820843,1.8075938996310447e-06,9.037969498155223e-07,"[2026092494, 468, 920, 0]",0,1,"[0.00010352144713785813, 5.759677145035231e-05, 0.00015877294693580386]",170,0.0024019306248554504,5.023423740625815e-07,ACCEPTED,5c0842d6e6c149e129519615257537fa53a95fb19214adda9105346a9185b429,129ebb77396550b300b20ce29cde7b03919e6037b7a81de60fe75d6c6efb616d,"{""INLET"": ""fba5b444da15ebb7b881612acde9de1056395ff4c2903dd0b52e45e57b3fa9f5"", ""WALL"": ""06c5d1d1975cf9470096d9b7e560e2173c9733c847d5bc364aab7355ef12a11b""}",2026092494
469,3556.653545822217,1.6651919123905968e-06,8.325959561952984e-07,"[2026092494, 469, 920, 0]",0,1,"[0.00010412583534083573, 5.766410467566307e-05, 0.00015869123887581163]",116,0.0024019306252215005,2.573473202106809e-07,ACCEPTED,5c0842d6e6c149e129519615257537fa53a95fb19214adda9105346a9185b429,129ebb77396550b300b20ce29cde7b03919e6037b7a81de60fe75d6c6efb616d,"{""INLET"": ""fba5b444da15ebb7b881612acde9de1056395ff4c2903dd0b52e45e57b3fa9f5"", ""WALL"": ""06c5d1d1975cf9470096d9b7e560e2173c9733c847d5bc364aab7355ef12a11b""}",2026092494
470,3564.2370288623497,1.8502696786983984e-06,9.251348393491992e-07,"[2026092494, 470, 920, 0]",0,2,"[0.0001036289709622667, 5.7828334606860167e-05, 0.00015855898461583726]",157,0.0024019306255389635,2.7497635999968186e-07,ACCEPTED,5c0842d6e6c149e129519615257537fa53a95fb19214adda9105346a9185b429,129ebb77396550b300b20ce29cde7b03919e6037b7a81de60fe75d6c6efb616d,"{""INLET"": ""fba5b444da15ebb7b881612acde9de1056395ff4c2903dd0b52e45e57b3fa9f5"", ""WALL"": ""06c5d1d1975cf9470096d9b7e560e2173c9733c847d5bc364aab7355ef12a11b""}",2026092494
471,3571.8205119024824,2.5422117679518575e-06,1.2711058839759288e-06,"[2026092494, 471, 920, 0]",0,2,"[0.0001036502138514658, 5.7369095300209895e-05, 0.000158975334247499]",131,0.0024019306254048248,4.411586714964488e-08,ACCEPTED,5c0842d6e6c149e129519615257537fa53a95fb19214adda9105346a9185b429,129ebb77396550b300b20ce29cde7b03919e6037b7a81de60fe75d6c6efb616d,"{""INLET"": ""fba5b444da15ebb7b881612acde9de1056395ff4c2903dd0b52e45e57b3fa9f5"", ""WALL"": ""06c5d1d1975cf9470096d9b7e560e2173c9733c847d5bc364aab7355ef12a11b""}",2026092494
472,3579.403994942615,1.7587617072413452e-06,8.793808536206726e-07,"[2026092494, 472, 920, 1]",1,2,"[0.00010355686572093825, 5.7204342669945726e-05, 0.00015912812941553642]",83,0.0024019306254163047,1.9809687352309604e-07,ACCEPTED,5c0842d6e6c149e129519615257537fa53a95fb19214adda9105346a9185b429,129ebb77396550b300b20ce29cde7b03919e6037b7a81de60fe75d6c6efb616d,"{""INLET"": ""fba5b444da15ebb7b881612acde9de1056395ff4c2903dd0b52e45e57b3fa9f5"", ""WALL"": ""06c5d1d1975cf9470096d9b7e560e2173c9733c847d5bc364aab7355ef12a11b""}",2026092494
473,3586.9874779827474,1.5741789518153436e-06,7.870894759076718e-07,"[2026092494, 473, 920, 0]",0,1,"[0.00010332843512664764, 5.723370454222994e-05, 0.0001591092384504748]",87,0.0024019306254051544,2.216189417831491e-07,ACCEPTED,5c0842d6e6c149e129519615257537fa53a95fb19214adda9105346a9185b429,129ebb77396550b300b20ce29cde7b03919e6037b7a81de60fe75d6c6efb616d,"{""INLET"": ""fba5b444da15ebb7b881612acde9de1056395ff4c2903dd0b52e45e57b3fa9f5"", ""WALL"": ""06c5d1d1975cf9470096d9b7e560e2173c9733c847d5bc364aab7355ef12a11b""}",2026092494
474,3594.57096102288,2.382184597009678e-06,1.191092298504839e-06,"[2026092494, 474, 920, 1]",1,1,"[0.0001039872873124911, 5.7564274399823305e-05, 0.00015878661010964017]",115,0.0024019306244740823,6.213220760303203e-08,ACCEPTED,5c0842d6e6c149e129519615257537fa53a95fb19214adda9105346a9185b429,129ebb77396550b300b20ce29cde7b03919e6037b7a81de60fe75d6c6efb616d,"{""INLET"": ""fba5b444da15ebb7b881612acde9de1056395ff4c2903dd0b52e45e57b3fa9f5"", ""WALL"": ""06c5d1d1975cf9470096d9b7e560e2173c9733c847d5bc364aab7355ef12a11b""}",2026092494
475,3602.1544440630128,2.5752102702335894e-06,1.2876051351167947e-06,"[2026092494, 475, 920, 0]",0,2,"[0.00010377317140563237, 5.769096853478117e-05, 0.00015867884128602862]",158,0.002401930624225991,6.844433357949488e-08,ACCEPTED,5c0842d6e6c149e129519615257537fa53a95fb19214adda9105346a9185b429,129ebb77396550b300b20ce29cde7b03919e6037b7a81de60fe75d6c6efb616d,"{""INLET"": ""fba5b444da15ebb7b881612acde9de1056395ff4c2903dd0b52e45e57b3fa9f5"", ""WALL"": ""06c5d1d1975cf9470096d9b7e560e2173c9733c847d5bc364aab7355ef12a11b""}",2026092494
476,3609.7379271031455,1.3493162006308793e-06,6.746581003154396e-07,"[2026092494, 476, 920, 0]",0,1,"[0.00010388333283770117, 5.7223565608359794e-05, 0.00015909956398526995]",117,0.0024019306251166065,4.015541108193088e-07,ACCEPTED,5c0842d6e6c149e129519615257537fa53a95fb19214adda9105346a9185b429,129ebb77396550b300b20ce29cde7b03919e6037b7a81de60fe75d6c6efb616d,"{""INLET"": ""fba5b444da15ebb7b881612acde9de1056395ff4c2903dd0b52e45e57b3fa9f5"", ""WALL"": ""06c5d1d1975cf9470096d9b7e560e2173c9733c847d5bc364aab7355ef12a11b""}",2026092494
477,3617.321410143278,2.7066783365064233e-06,1.3533391682532116e-06,"[2026092494, 477, 920, 0]",0,11,"[0.0001036274190713256, 5.757576902562404e-05, 0.00015878841881635625]",170,0.0024019306245610036,1.6034498241461404e-07,ACCEPTED,5c0842d6e6c149e129519615257537fa53a95fb19214adda9105346a9185b429,129ebb77396550b300b20ce29cde7b03919e6037b7a81de60fe75d6c6efb616d,"{""INLET"": ""fba5b444da15ebb7b881612acde9de1056395ff4c2903dd0b52e45e57b3fa9f5"", ""WALL"": ""06c5d1d1975cf9470096d9b7e560e2173c9733c847d5bc364aab7355ef12a11b""}",2026092494
478,3624.904893183411,1.9039467248764087e-06,9.519733624382043e-07,"[2026092494, 478, 920, 0]",0,2,"[0.00010367331926993099, 5.7407932271134485e-05, 0.00015893927825094884]",131,0.0024019306254327586,4.1719539117385554e-07,ACCEPTED,5c0842d6e6c149e129519615257537fa53a95fb19214adda9105346a9185b429,129ebb77396550b300b20ce29cde7b03919e6037b7a81de60fe75d6c6efb616d,"{""INLET"": ""fba5b444da15ebb7b881612acde9de1056395ff4c2903dd0b52e45e57b3fa9f5"", ""WALL"": ""06c5d1d1975cf9470096d9b7e560e2173c9733c847d5bc364aab7355ef12a11b""}",2026092494
479,3632.4883762235436,1.5769038115334851e-06,7.884519057667426e-07,"[2026092494, 479, 920, 0]",0,1,"[0.00010393773069374443, 5.749047525645306e-05, 0.00015885531478305984]",113,0.002401930625173091,5.034129034315822e-07,ACCEPTED,5c0842d6e6c149e129519615257537fa53a95fb19214adda9105346a9185b429,129ebb77396550b300b20ce29cde7b03919e6037b7a81de60fe75d6c6efb616d,"{""INLET"": ""fba5b444da15ebb7b881612acde9de1056395ff4c2903dd0b52e45e57b3fa9f5"", ""WALL"": ""06c5d1d1975cf9470096d9b7e560e2173c9733c847d5bc364aab7355ef12a11b""}",2026092494
480,3640.0718592636763,2.2609742679139714e-06,1.1304871339569857e-06,"[2026092494, 480, 920, 0]",0,6,"[0.00010379763344930697, 5.7285424338181385e-05, 0.00015904630270578574]",112,0.002401930625425709,5.635879629292372e-08,ACCEPTED,5c0842d6e6c149e129519615257537fa53a95fb19214adda9105346a9185b429,129ebb77396550b300b20ce29cde7b03919e6037b7a81de60fe75d6c6efb616d,"{""INLET"": ""fba5b444da15ebb7b881612acde9de1056395ff4c2903dd0b52e45e57b3fa9f5"", ""WALL"": ""06c5d1d1975cf9470096d9b7e560e2173c9733c847d5bc364aab7355ef12a11b""}",2026092494
481,3647.655342303809,1.3372098892548617e-06,6.686049446274308e-07,"[2026092494, 481, 920, 0]",0,2,"[0.00010348025412856345, 5.7543063455294555e-05, 0.00015882312619098777]",170,0.002401930624889286,7.074991245477526e-07,ACCEPTED,5c0842d6e6c149e129519615257537fa53a95fb19214adda9105346a9185b429,129ebb77396550b300b20ce29cde7b03919e6037b7a81de60fe75d6c6efb616d,"{""INLET"": ""fba5b444da15ebb7b881612acde9de1056395ff4c2903dd0b52e45e57b3fa9f5"", ""WALL"": ""06c5d1d1975cf9470096d9b7e560e2173c9733c847d5bc364aab7355ef12a11b""}",2026092494
482,3655.2388253439417,1.9070668370391717e-06,9.535334185195858e-07,"[2026092494, 482, 920, 0]",0,1,"[0.00010354748355573764, 5.763130855272849e-05, 0.00015874069439879973]",170,0.0024019306248348337,4.5263184010340176e-07,ACCEPTED,5c0842d6e6c149e129519615257537fa53a95fb19214adda9105346a9185b429,129ebb77396550b300b20ce29cde7b03919e6037b7a81de60fe75d6c6efb616d,"{""INLET"": ""fba5b444da15ebb7b881612acde9de1056395ff4c2903dd0b52e45e57b3fa9f5"", ""WALL"": ""06c5d1d1975cf9470096d9b7e560e2173c9733c847d5bc364aab7355ef12a11b""}",2026092494
483,3662.822308384074,9.884666399083676e-07,4.942333199541838e-07,"[2026092494, 483, 920, 0]",0,1,"[0.00010417782525790692, 5.80916310345477e-05, 0.0001583012077526465]",165,0.0024019306233477302,1.790099084706053e-07,ACCEPTED,5c0842d6e6c149e129519615257537fa53a95fb19214adda9105346a9185b429,129ebb77396550b300b20ce29cde7b03919e6037b7a81de60fe75d6c6efb616d,"{""INLET"": ""fba5b444da15ebb7b881612acde9de1056395ff4c2903dd0b52e45e57b3fa9f5"", ""WALL"": ""06c5d1d1975cf9470096d9b7e560e2173c9733c847d5bc364aab7355ef12a11b""}",2026092494
484,3670.4057914242067,2.3023928562601506e-06,1.1511964281300753e-06,"[2026092494, 484, 920, 0]",0,1,"[0.00010341370208198823, 5.746752424609486e-05, 0.00015889399388306446]",131,0.0024019306248265152,1.3028309626805896e-07,ACCEPTED,5c0842d6e6c149e129519615257537fa53a95fb19214adda9105346a9185b429,129ebb77396550b300b20ce29cde7b03919e6037b7a81de60fe75d6c6efb616d,"{""INLET"": ""fba5b444da15ebb7b881612acde9de1056395ff4c2903dd0b52e45e57b3fa9f5"", ""WALL"": ""06c5d1d1975cf9470096d9b7e560e2173c9733c847d5bc364aab7355ef12a11b""}",2026092494
485,3677.9892744643394,9.557108735910668e-07,4.778554367955334e-07,"[2026092494, 485, 920, 0]",0,1,"[0.00010397822886071949, 5.7465944505578e-05, 0.0001588762137001116]",112,0.0024019306252810704,7.641860453068171e-07,ACCEPTED,5c0842d6e6c149e129519615257537fa53a95fb19214adda9105346a9185b429,129ebb77396550b300b20ce29cde7b03919e6037b7a81de60fe75d6c6efb616d,"{""INLET"": ""fba5b444da15ebb7b881612acde9de1056395ff4c2903dd0b52e45e57b3fa9f5"", ""WALL"": ""06c5d1d1975cf9470096d9b7e560e2173c9733c847d5bc364aab7355ef12a11b""}",2026092494
486,3685.572757504472,1.678973013808036e-06,8.39486506904018e-07,"[2026092494, 486, 920, 0]",0,7,"[0.00010378292421534606, 5.7565403201374776e-05, 0.00015879253986168253]",114,0.002401930623545118,6.179868697520378e-07,ACCEPTED,5c0842d6e6c149e129519615257537fa53a95fb19214adda9105346a9185b429,129ebb77396550b300b20ce29cde7b03919e6037b7a81de60fe75d6c6efb616d,"{""INLET"": ""fba5b444da15ebb7b881612acde9de1056395ff4c2903dd0b52e45e57b3fa9f5"", ""WALL"": ""06c5d1d1975cf9470096d9b7e560e2173c9733c847d5bc364aab7355ef12a11b""}",2026092494
487,3693.1562405446048,1.8670194572908474e-06,9.335097286454237e-07,"[2026092494, 487, 920, 0]",0,1,"[0.00010358571022005515, 5.726384997825295e-05, 0.0001590731073141441]",83,0.0024019306254039617,2.297942887915123e-07,ACCEPTED,5c0842d6e6c149e129519615257537fa53a95fb19214adda9105346a9185b429,129ebb77396550b300b20ce29cde7b03919e6037b7a81de60fe75d6c6efb616d,"{""INLET"": ""fba5b444da15ebb7b881612acde9de1056395ff4c2903dd0b52e45e57b3fa9f5"", ""WALL"": ""06c5d1d1975cf9470096d9b7e560e2173c9733c847d5bc364aab7355ef12a11b""}",2026092494
488,3700.7397235847375,1.2465935781951656e-06,6.232967890975828e-07,"[2026092494, 488, 920, 0]",0,1,"[0.00010324099444891163, 5.7365186280099165e-05, 0.00015899280491002012]",162,0.002401930625092036,4.3934669297860357e-07,ACCEPTED,5c0842d6e6c149e129519615257537fa53a95fb19214adda9105346a9185b429,129ebb77396550b300b20ce29cde7b03919e6037b7a81de60fe75d6c6efb616d,"{""INLET"": ""fba5b444da15ebb7b881612acde9de1056395ff4c2903dd0b52e45e57b3fa9f5"", ""WALL"": ""06c5d1d1975cf9470096d9b7e560e2173c9733c847d5bc364aab7355ef12a11b""}",2026092494
489,3708.32320662487,1.5914605464688666e-06,7.957302732344333e-07,"[2026092494, 489, 920, 0]",0,2,"[0.00010438984199635257, 5.7630410589853026e-05, 0.0001587128518875473]",69,0.002401930625320156,4.962599452134865e-08,ACCEPTED,5c0842d6e6c149e129519615257537fa53a95fb19214adda9105346a9185b429,129ebb77396550b300b20ce29cde7b03919e6037b7a81de60fe75d6c6efb616d,"{""INLET"": ""fba5b444da15ebb7b881612acde9de1056395ff4c2903dd0b52e45e57b3fa9f5"", ""WALL"": ""06c5d1d1975cf9470096d9b7e560e2173c9733c847d5bc364aab7355ef12a11b""}",2026092494
490,3715.906689665003,1.1795521229501868e-06,5.897760614750934e-07,"[2026092494, 490, 920, 0]",0,1,"[0.00010424239798559917, 5.754002217156646e-05, 0.00015879995569662654]",107,0.0024019306247867935,4.103313588389163e-07,ACCEPTED,5c0842d6e6c149e129519615257537fa53a95fb19214adda9105346a9185b429,129ebb77396550b300b20ce29cde7b03919e6037b7a81de60fe75d6c6efb616d,"{""INLET"": ""fba5b444da15ebb7b881612acde9de1056395ff4c2903dd0b52e45e57b3fa9f5"", ""WALL"": ""06c5d1d1975cf9470096d9b7e560e2173c9733c847d5bc364aab7355ef12a11b""}",2026092494
491,3723.4901727051356,1.2716341992161608e-06,6.358170996080804e-07,"[2026092494, 491, 920, 0]",0,2,"[0.00010332675894414672, 5.795801598563968e-05, 0.00015845148284385113]",127,0.002401930624680864,2.9625568595876877e-07,ACCEPTED,5c0842d6e6c149e129519615257537fa53a95fb19214adda9105346a9185b429,129ebb77396550b300b20ce29cde7b03919e6037b7a81de60fe75d6c6efb616d,"{""INLET"": ""fba5b444da15ebb7b881612acde9de1056395ff4c2903dd0b52e45e57b3fa9f5"", ""WALL"": ""06c5d1d1975cf9470096d9b7e560e2173c9733c847d5bc364aab7355ef12a11b""}",2026092494
492,3731.0736557452683,2.216578079813877e-06,1.1082890399069385e-06,"[2026092494, 492, 920, 0]",0,1,"[0.00010342809147580433, 5.783548707268827e-05, 0.00015855931660050922]",156,0.0024019306250260895,1.574605609752071e-08,ACCEPTED,5c0842d6e6c149e129519615257537fa53a95fb19214adda9105346a9185b429,129ebb77396550b300b20ce29cde7b03919e6037b7a81de60fe75d6c6efb616d,"{""INLET"": ""fba5b444da15ebb7b881612acde9de1056395ff4c2903dd0b52e45e57b3fa9f5"", ""WALL"": ""06c5d1d1975cf9470096d9b7e560e2173c9733c847d5bc364aab7355ef12a11b""}",2026092494
493,3738.6571387854005,2.153254388197331e-06,1.0766271940986655e-06,"[2026092494, 493, 920, 0]",0,1,"[0.00010362496328478506, 5.748480500535e-05, 0.0001588711117251525]",131,0.0024019306252810674,3.8396380481236033e-07,ACCEPTED,5c0842d6e6c149e129519615257537fa53a95fb19214adda9105346a9185b429,129ebb77396550b300b20ce29cde7b03919e6037b7a81de60fe75d6c6efb616d,"{""INLET"": ""fba5b444da15ebb7b881612acde9de1056395ff4c2903dd0b52e45e57b3fa9f5"", ""WALL"": ""06c5d1d1975cf9470096d9b7e560e2173c9733c847d5bc364aab7355ef12a11b""}",2026092494
494,3746.2406218255333,1.2973111914321938e-06,6.486555957160969e-07,"[2026092494, 494, 920, 0]",0,2,"[0.00010396689071857931, 5.7133145586349945e-05, 0.0001591788369815817]",118,0.0024019306250540164,2.830110174733938e-07,ACCEPTED,5c0842d6e6c149e129519615257537fa53a95fb19214adda9105346a9185b429,129ebb77396550b300b20ce29cde7b03919e6037b7a81de60fe75d6c6efb616d,"{""INLET"": ""fba5b444da15ebb7b881612acde9de1056395ff4c2903dd0b52e45e57b3fa9f5"", ""WALL"": ""06c5d1d1975cf9470096d9b7e560e2173c9733c847d5bc364aab7355ef12a11b""}",2026092494
495,3753.824104865666,1.8929962623555382e-06,9.464981311777691e-07,"[2026092494, 495, 920, 0]",0,4,"[0.0001035400609051405, 5.779422704024034e-05, 0.000158592983465502]",156,0.0024019306255099785,2.776927861586934e-07,ACCEPTED,5c0842d6e6c149e129519615257537fa53a95fb19214adda9105346a9185b429,129ebb77396550b300b20ce29cde7b03919e6037b7a81de60fe75d6c6efb616d,"{""INLET"": ""fba5b444da15ebb7b881612acde9de1056395ff4c2903dd0b52e45e57b3fa9f5"", ""WALL"": ""06c5d1d1975cf9470096d9b7e560e2173c9733c847d5bc364aab7355ef12a11b""}",2026092494
496,3761.4075879057987,1.4430013281265913e-06,7.215006640632957e-07,"[2026092494, 496, 920, 0]",0,1,"[0.00010301316400630134, 5.734738720500607e-05, 0.00015901671089883068]",89,0.002401930624681362,1.242307913422352e-07,ACCEPTED,5c0842d6e6c149e129519615257537fa53a95fb19214adda9105346a9185b429,129ebb77396550b300b20ce29cde7b03919e6037b7a81de60fe75d6c6efb616d,"{""INLET"": ""fba5b444da15ebb7b881612acde9de1056395ff4c2903dd0b52e45e57b3fa9f5"", ""WALL"": ""06c5d1d1975cf9470096d9b7e560e2173c9733c847d5bc364aab7355ef12a11b""}",2026092494
497,3768.9910709459314,1.8182330936409696e-06,9.091165468204848e-07,"[2026092494, 497, 920, 0]",0,1,"[0.00010405971821738449, 5.7407254455783776e-05, 0.0001589267407305492]",106,0.002401930624823402,2.2779083814739493e-07,ACCEPTED,5c0842d6e6c149e129519615257537fa53a95fb19214adda9105346a9185b429,129ebb77396550b300b20ce29cde7b03919e6037b7a81de60fe75d6c6efb616d,"{""INLET"": ""fba5b444da15ebb7b881612acde9de1056395ff4c2903dd0b52e45e57b3fa9f5"", ""WALL"": ""06c5d1d1975cf9470096d9b7e560e2173c9733c847d5bc364aab7355ef12a11b""}",2026092494
498,3776.574553986064,1.673282851223665e-06,8.366414256118325e-07,"[2026092494, 498, 920, 0]",0,1,"[0.00010417620522951514, 5.744472770937826e-05, 0.00015888875011780203]",106,0.0024019306248935237,2.117501722070117e-07,ACCEPTED,5c0842d6e6c149e129519615257537fa53a95fb19214adda9105346a9185b429,129ebb77396550b300b20ce29cde7b03919e6037b7a81de60fe75d6c6efb616d,"{""INLET"": ""fba5b444da15ebb7b881612acde9de1056395ff4c2903dd0b52e45e57b3fa9f5"", ""WALL"": ""06c5d1d1975cf9470096d9b7e560e2173c9733c847d5bc364aab7355ef12a11b""}",2026092494
499,3784.158037026197,2.2203605880165054e-06,1.1101802940082527e-06,"[2026092494, 499, 920, 0]",0,1,"[0.00010408472643434053, 5.7420458262767024e-05, 0.00015891389969010966]",106,0.0024019306248359833,1.0790936936912791e-08,ACCEPTED,5c0842d6e6c149e129519615257537fa53a95fb19214adda9105346a9185b429,129ebb77396550b300b20ce29cde7b03919e6037b7a81de60fe75d6c6efb616d,"{""INLET"": ""fba5b444da15ebb7b881612acde9de1056395ff4c2903dd0b52e45e57b3fa9f5"", ""WALL"": ""06c5d1d1975cf9470096d9b7e560e2173c9733c847d5bc364aab7355ef12a11b""}",2026092494
500,3791.7415200663295,2.2579331453424163e-06,1.1289665726712082e-06,"[2026092494, 500, 920, 0]",0,1,"[0.0001035001518169723, 5.758105526760091e-05, 0.00015878794472600201]",170,0.002401930624888642,2.6103481765676744e-07,ACCEPTED,5c0842d6e6c149e129519615257537fa53a95fb19214adda9105346a9185b429,129ebb77396550b300b20ce29cde7b03919e6037b7a81de60fe75d6c6efb616d,"{""INLET"": ""fba5b444da15ebb7b881612acde9de1056395ff4c2903dd0b52e45e57b3fa9f5"", ""WALL"": ""06c5d1d1975cf9470096d9b7e560e2173c9733c847d5bc364aab7355ef12a11b""}",2026092494
