[  0%] Building CXX object CMakeFiles/hemocell.dir/config/config.cpp.o
[  0%] Building CXX object CMakeFiles/hemocell.dir/config/logfile.cpp.o
[  0%] Building CXX object CMakeFiles/hemocell.dir/core/hemoCell.cpp.o
In file included from /usr/lib/x86_64-linux-gnu/openmpi/include/openmpi/ompi/mpi/cxx/mpicxx.h:277,
                 from /usr/lib/x86_64-linux-gnu/openmpi/include/mpi.h:2911,
                 from /home/lzy/projects/hemocell_starter/vendor/HemoCell/./palabos/src/core/globalDefs.h:41,
                 from /home/lzy/projects/hemocell_starter/vendor/HemoCell/./palabos/src/latticeBoltzmann/nearestNeighborLattices3D.h:50,
                 from /home/lzy/projects/hemocell_starter/vendor/HemoCell/config/constant_defaults.h:59,
                 from /home/lzy/projects/hemocell_starter/vendor/HemoCell/config/config.cpp:24:
/usr/lib/x86_64-linux-gnu/openmpi/include/openmpi/ompi/mpi/cxx/op_inln.h: In member function ‘virtual void MPI::Op::Init(void (*)(const void*, void*, int, const MPI::Datatype&), bool)’:
/usr/lib/x86_64-linux-gnu/openmpi/include/openmpi/ompi/mpi/cxx/op_inln.h:121:25: warning: cast between incompatible function types from ‘void (*)(void*, void*, int*, ompi_datatype_t**, void (*)(void*, void*, int*, ompi_datatype_t**))’ to ‘void (*)(void*, void*, int*, ompi_datatype_t**)’ [-Wcast-function-type]
  121 |     (void)MPI_Op_create((MPI_User_function*) ompi_mpi_cxx_op_intercept,
      |                         ^~~~~~~~~~~~~~~~~~~~~~~~~~~~~~~~~~~~~~~~~~~~~~
/usr/lib/x86_64-linux-gnu/openmpi/include/openmpi/ompi/mpi/cxx/op_inln.h:123:38: warning: cast between incompatible function types from ‘void (*)(const void*, void*, int, const MPI::Datatype&)’ to ‘void (*)(void*, void*, int*, ompi_datatype_t**)’ [-Wcast-function-type]
  123 |     ompi_op_set_cxx_callback(mpi_op, (MPI_User_function*) func);
      |                                      ^~~~~~~~~~~~~~~~~~~~~~~~~
In file included from /usr/lib/x86_64-linux-gnu/openmpi/include/openmpi/ompi/mpi/cxx/mpicxx.h:277,
                 from /usr/lib/x86_64-linux-gnu/openmpi/include/mpi.h:2911,
                 from /home/lzy/projects/hemocell_starter/vendor/HemoCell/./palabos/src/core/globalDefs.h:41,
                 from /home/lzy/projects/hemocell_starter/vendor/HemoCell/./palabos/src/latticeBoltzmann/nearestNeighborLattices3D.h:50,
                 from /home/lzy/projects/hemocell_starter/vendor/HemoCell/config/constant_defaults.h:59,
                 from /home/lzy/projects/hemocell_starter/vendor/HemoCell/hemocell.h:28,
                 from /home/lzy/projects/hemocell_starter/vendor/HemoCell/core/hemoCell.cpp:24:
/usr/lib/x86_64-linux-gnu/openmpi/include/openmpi/ompi/mpi/cxx/op_inln.h: In member function ‘virtual void MPI::Op::Init(void (*)(const void*, void*, int, const MPI::Datatype&), bool)’:
/usr/lib/x86_64-linux-gnu/openmpi/include/openmpi/ompi/mpi/cxx/op_inln.h:121:25: warning: cast between incompatible function types from ‘void (*)(void*, void*, int*, ompi_datatype_t**, void (*)(void*, void*, int*, ompi_datatype_t**))’ to ‘void (*)(void*, void*, int*, ompi_datatype_t**)’ [-Wcast-function-type]
  121 |     (void)MPI_Op_create((MPI_User_function*) ompi_mpi_cxx_op_intercept,
      |                         ^~~~~~~~~~~~~~~~~~~~~~~~~~~~~~~~~~~~~~~~~~~~~~
/usr/lib/x86_64-linux-gnu/openmpi/include/openmpi/ompi/mpi/cxx/op_inln.h:123:38: warning: cast between incompatible function types from ‘void (*)(const void*, void*, int, const MPI::Datatype&)’ to ‘void (*)(void*, void*, int*, ompi_datatype_t**)’ [-Wcast-function-type]
  123 |     ompi_op_set_cxx_callback(mpi_op, (MPI_User_function*) func);
      |                                      ^~~~~~~~~~~~~~~~~~~~~~~~~
In file included from /home/lzy/projects/hemocell_starter/vendor/HemoCell/core/hemoCellParticleDataTransfer.h:31,
                 from /home/lzy/projects/hemocell_starter/vendor/HemoCell/core/hemoCellParticleField.h:32,
                 from /home/lzy/projects/hemocell_starter/vendor/HemoCell/core/hemoCellFields.h:29,
                 from /home/lzy/projects/hemocell_starter/vendor/HemoCell/hemocell.h:32:
/home/lzy/projects/hemocell_starter/vendor/HemoCell/./palabos/src/atomicBlock/atomicBlock3D.h: At global scope:
/home/lzy/projects/hemocell_starter/vendor/HemoCell/./palabos/src/atomicBlock/atomicBlock3D.h:126:19: warning: ‘virtual plb::Box3D plb::AtomicBlock3D::getBoundingBox() const’ was hidden [-Woverloaded-virtual=]
  126 |     virtual Box3D getBoundingBox() const;
      |                   ^~~~~~~~~~~~~~
/home/lzy/projects/hemocell_starter/vendor/HemoCell/core/hemoCellParticleField.h:104:18: note:   by ‘plb::Box3D& hemo::HemoCellParticleField::getBoundingBox()’
  104 |     plb::Box3D & getBoundingBox() {
      |                  ^~~~~~~~~~~~~~
[  0%] Building CXX object CMakeFiles/hemocell.dir/core/hemoCellField.cpp.o
In file included from /usr/lib/x86_64-linux-gnu/openmpi/include/openmpi/ompi/mpi/cxx/mpicxx.h:277,
                 from /usr/lib/x86_64-linux-gnu/openmpi/include/mpi.h:2911,
                 from /home/lzy/projects/hemocell_starter/vendor/HemoCell/./palabos/src/core/globalDefs.h:41,
                 from /home/lzy/projects/hemocell_starter/vendor/HemoCell/./palabos/src/latticeBoltzmann/nearestNeighborLattices3D.h:50,
                 from /home/lzy/projects/hemocell_starter/vendor/HemoCell/config/constant_defaults.h:59,
                 from /home/lzy/projects/hemocell_starter/vendor/HemoCell/config/config.h:30,
                 from /home/lzy/projects/hemocell_starter/vendor/HemoCell/core/hemoCellField.h:30,
                 from /home/lzy/projects/hemocell_starter/vendor/HemoCell/core/hemoCellField.cpp:24:
/usr/lib/x86_64-linux-gnu/openmpi/include/openmpi/ompi/mpi/cxx/op_inln.h: In member function ‘virtual void MPI::Op::Init(void (*)(const void*, void*, int, const MPI::Datatype&), bool)’:
/usr/lib/x86_64-linux-gnu/openmpi/include/openmpi/ompi/mpi/cxx/op_inln.h:121:25: warning: cast between incompatible function types from ‘void (*)(void*, void*, int*, ompi_datatype_t**, void (*)(void*, void*, int*, ompi_datatype_t**))’ to ‘void (*)(void*, void*, int*, ompi_datatype_t**)’ [-Wcast-function-type]
  121 |     (void)MPI_Op_create((MPI_User_function*) ompi_mpi_cxx_op_intercept,
      |                         ^~~~~~~~~~~~~~~~~~~~~~~~~~~~~~~~~~~~~~~~~~~~~~
/usr/lib/x86_64-linux-gnu/openmpi/include/openmpi/ompi/mpi/cxx/op_inln.h:123:38: warning: cast between incompatible function types from ‘void (*)(const void*, void*, int, const MPI::Datatype&)’ to ‘void (*)(void*, void*, int*, ompi_datatype_t**)’ [-Wcast-function-type]
  123 |     ompi_op_set_cxx_callback(mpi_op, (MPI_User_function*) func);
      |                                      ^~~~~~~~~~~~~~~~~~~~~~~~~
In file included from /home/lzy/projects/hemocell_starter/vendor/HemoCell/./palabos/src/atomicBlock/blockLattice3D.h:43,
                 from /home/lzy/projects/hemocell_starter/vendor/HemoCell/./palabos/src/multiBlock/multiBlockLattice3D.h:42,
                 from /home/lzy/projects/hemocell_starter/vendor/HemoCell/helper/genericFunctions.h:91,
                 from /home/lzy/projects/hemocell_starter/vendor/HemoCell/core/hemoCellFields.h:30,
                 from /home/lzy/projects/hemocell_starter/vendor/HemoCell/core/hemoCellParticleField.h:31,
                 from /home/lzy/projects/hemocell_starter/vendor/HemoCell/mechanics/cellMechanics.h:30,
                 from /home/lzy/projects/hemocell_starter/vendor/HemoCell/core/hemoCellField.h:32:
/home/lzy/projects/hemocell_starter/vendor/HemoCell/./palabos/src/atomicBlock/atomicBlock3D.h: At global scope:
/home/lzy/projects/hemocell_starter/vendor/HemoCell/./palabos/src/atomicBlock/atomicBlock3D.h:126:19: warning: ‘virtual plb::Box3D plb::AtomicBlock3D::getBoundingBox() const’ was hidden [-Woverloaded-virtual=]
  126 |     virtual Box3D getBoundingBox() const;
      |                   ^~~~~~~~~~~~~~
/home/lzy/projects/hemocell_starter/vendor/HemoCell/core/hemoCellParticleField.h:104:18: note:   by ‘plb::Box3D& hemo::HemoCellParticleField::getBoundingBox()’
  104 |     plb::Box3D & getBoundingBox() {
      |                  ^~~~~~~~~~~~~~
[  3%] Building CXX object CMakeFiles/hemocell.dir/core/hemoCellFields.cpp.o
In file included from /usr/lib/x86_64-linux-gnu/openmpi/include/openmpi/ompi/mpi/cxx/mpicxx.h:277,
                 from /usr/lib/x86_64-linux-gnu/openmpi/include/mpi.h:2911,
                 from /home/lzy/projects/hemocell_starter/vendor/HemoCell/core/hemoCellFields.cpp:24:
/usr/lib/x86_64-linux-gnu/openmpi/include/openmpi/ompi/mpi/cxx/op_inln.h: In member function ‘virtual void MPI::Op::Init(void (*)(const void*, void*, int, const MPI::Datatype&), bool)’:
/usr/lib/x86_64-linux-gnu/openmpi/include/openmpi/ompi/mpi/cxx/op_inln.h:121:25: warning: cast between incompatible function types from ‘void (*)(void*, void*, int*, ompi_datatype_t**, void (*)(void*, void*, int*, ompi_datatype_t**))’ to ‘void (*)(void*, void*, int*, ompi_datatype_t**)’ [-Wcast-function-type]
  121 |     (void)MPI_Op_create((MPI_User_function*) ompi_mpi_cxx_op_intercept,
      |                         ^~~~~~~~~~~~~~~~~~~~~~~~~~~~~~~~~~~~~~~~~~~~~~
/usr/lib/x86_64-linux-gnu/openmpi/include/openmpi/ompi/mpi/cxx/op_inln.h:123:38: warning: cast between incompatible function types from ‘void (*)(const void*, void*, int, const MPI::Datatype&)’ to ‘void (*)(void*, void*, int*, ompi_datatype_t**)’ [-Wcast-function-type]
  123 |     ompi_op_set_cxx_callback(mpi_op, (MPI_User_function*) func);
      |                                      ^~~~~~~~~~~~~~~~~~~~~~~~~
In file included from /home/lzy/projects/hemocell_starter/vendor/HemoCell/core/hemoCellParticleDataTransfer.h:31,
                 from /home/lzy/projects/hemocell_starter/vendor/HemoCell/core/hemoCellParticleField.h:32,
                 from /home/lzy/projects/hemocell_starter/vendor/HemoCell/core/hemoCellFields.h:29,
                 from /home/lzy/projects/hemocell_starter/vendor/HemoCell/core/hemoCellFields.cpp:26:
/home/lzy/projects/hemocell_starter/vendor/HemoCell/./palabos/src/atomicBlock/atomicBlock3D.h: At global scope:
/home/lzy/projects/hemocell_starter/vendor/HemoCell/./palabos/src/atomicBlock/atomicBlock3D.h:126:19: warning: ‘virtual plb::Box3D plb::AtomicBlock3D::getBoundingBox() const’ was hidden [-Woverloaded-virtual=]
  126 |     virtual Box3D getBoundingBox() const;
      |                   ^~~~~~~~~~~~~~
/home/lzy/projects/hemocell_starter/vendor/HemoCell/core/hemoCellParticleField.h:104:18: note:   by ‘plb::Box3D& hemo::HemoCellParticleField::getBoundingBox()’
  104 |     plb::Box3D & getBoundingBox() {
      |                  ^~~~~~~~~~~~~~
[  3%] Building CXX object CMakeFiles/hemocell.dir/core/hemoCellFunctional.cpp.o
In file included from /usr/lib/x86_64-linux-gnu/openmpi/include/openmpi/ompi/mpi/cxx/mpicxx.h:277,
                 from /usr/lib/x86_64-linux-gnu/openmpi/include/mpi.h:2911,
                 from /home/lzy/projects/hemocell_starter/vendor/HemoCell/./palabos/src/core/globalDefs.h:41,
                 from /home/lzy/projects/hemocell_starter/vendor/HemoCell/./palabos/src/latticeBoltzmann/nearestNeighborLattices3D.h:50,
                 from /home/lzy/projects/hemocell_starter/vendor/HemoCell/config/constant_defaults.h:59,
                 from /home/lzy/projects/hemocell_starter/vendor/HemoCell/core/hemoCellFunctional.h:27,
                 from /home/lzy/projects/hemocell_starter/vendor/HemoCell/core/hemoCellFunctional.cpp:24:
/usr/lib/x86_64-linux-gnu/openmpi/include/openmpi/ompi/mpi/cxx/op_inln.h: In member function ‘virtual void MPI::Op::Init(void (*)(const void*, void*, int, const MPI::Datatype&), bool)’:
/usr/lib/x86_64-linux-gnu/openmpi/include/openmpi/ompi/mpi/cxx/op_inln.h:121:25: warning: cast between incompatible function types from ‘void (*)(void*, void*, int*, ompi_datatype_t**, void (*)(void*, void*, int*, ompi_datatype_t**))’ to ‘void (*)(void*, void*, int*, ompi_datatype_t**)’ [-Wcast-function-type]
  121 |     (void)MPI_Op_create((MPI_User_function*) ompi_mpi_cxx_op_intercept,
      |                         ^~~~~~~~~~~~~~~~~~~~~~~~~~~~~~~~~~~~~~~~~~~~~~
/usr/lib/x86_64-linux-gnu/openmpi/include/openmpi/ompi/mpi/cxx/op_inln.h:123:38: warning: cast between incompatible function types from ‘void (*)(const void*, void*, int, const MPI::Datatype&)’ to ‘void (*)(void*, void*, int*, ompi_datatype_t**)’ [-Wcast-function-type]
  123 |     ompi_op_set_cxx_callback(mpi_op, (MPI_User_function*) func);
      |                                      ^~~~~~~~~~~~~~~~~~~~~~~~~
[  3%] Building CXX object CMakeFiles/hemocell.dir/core/hemoCellParticleDataTransfer.cpp.o
In file included from /usr/lib/x86_64-linux-gnu/openmpi/include/openmpi/ompi/mpi/cxx/mpicxx.h:277,
                 from /usr/lib/x86_64-linux-gnu/openmpi/include/mpi.h:2911,
                 from /home/lzy/projects/hemocell_starter/vendor/HemoCell/./palabos/src/core/globalDefs.h:41,
                 from /home/lzy/projects/hemocell_starter/vendor/HemoCell/./palabos/src/core/blockStatistics.h:43,
                 from /home/lzy/projects/hemocell_starter/vendor/HemoCell/./palabos/src/atomicBlock/dataProcessor3D.h:43,
                 from /home/lzy/projects/hemocell_starter/vendor/HemoCell/./palabos/src/atomicBlock/dataProcessingFunctional3D.h:42,
                 from /home/lzy/projects/hemocell_starter/vendor/HemoCell/./palabos/src/atomicBlock/dataProcessorWrapper3D.h:51,
                 from /home/lzy/projects/hemocell_starter/vendor/HemoCell/./palabos/src/atomicBlock/atomicBlock3D.h:41,
                 from /home/lzy/projects/hemocell_starter/vendor/HemoCell/core/hemoCellParticleDataTransfer.h:31,
                 from /home/lzy/projects/hemocell_starter/vendor/HemoCell/core/hemoCellParticleDataTransfer.cpp:24:
/usr/lib/x86_64-linux-gnu/openmpi/include/openmpi/ompi/mpi/cxx/op_inln.h: In member function ‘virtual void MPI::Op::Init(void (*)(const void*, void*, int, const MPI::Datatype&), bool)’:
/usr/lib/x86_64-linux-gnu/openmpi/include/openmpi/ompi/mpi/cxx/op_inln.h:121:25: warning: cast between incompatible function types from ‘void (*)(void*, void*, int*, ompi_datatype_t**, void (*)(void*, void*, int*, ompi_datatype_t**))’ to ‘void (*)(void*, void*, int*, ompi_datatype_t**)’ [-Wcast-function-type]
  121 |     (void)MPI_Op_create((MPI_User_function*) ompi_mpi_cxx_op_intercept,
      |                         ^~~~~~~~~~~~~~~~~~~~~~~~~~~~~~~~~~~~~~~~~~~~~~
/usr/lib/x86_64-linux-gnu/openmpi/include/openmpi/ompi/mpi/cxx/op_inln.h:123:38: warning: cast between incompatible function types from ‘void (*)(const void*, void*, int, const MPI::Datatype&)’ to ‘void (*)(void*, void*, int*, ompi_datatype_t**)’ [-Wcast-function-type]
  123 |     ompi_op_set_cxx_callback(mpi_op, (MPI_User_function*) func);
      |                                      ^~~~~~~~~~~~~~~~~~~~~~~~~
/home/lzy/projects/hemocell_starter/vendor/HemoCell/./palabos/src/atomicBlock/atomicBlock3D.h: At global scope:
/home/lzy/projects/hemocell_starter/vendor/HemoCell/./palabos/src/atomicBlock/atomicBlock3D.h:126:19: warning: ‘virtual plb::Box3D plb::AtomicBlock3D::getBoundingBox() const’ was hidden [-Woverloaded-virtual=]
  126 |     virtual Box3D getBoundingBox() const;
      |                   ^~~~~~~~~~~~~~
In file included from /home/lzy/projects/hemocell_starter/vendor/HemoCell/core/hemoCellParticleDataTransfer.h:32:
/home/lzy/projects/hemocell_starter/vendor/HemoCell/core/hemoCellParticleField.h:104:18: note:   by ‘plb::Box3D& hemo::HemoCellParticleField::getBoundingBox()’
  104 |     plb::Box3D & getBoundingBox() {
      |                  ^~~~~~~~~~~~~~
[  3%] Building CXX object CMakeFiles/hemocell.dir/core/hemoCellParticleField.cpp.o
In file included from /usr/lib/x86_64-linux-gnu/openmpi/include/openmpi/ompi/mpi/cxx/mpicxx.h:277,
                 from /usr/lib/x86_64-linux-gnu/openmpi/include/mpi.h:2911,
                 from /home/lzy/projects/hemocell_starter/vendor/HemoCell/./palabos/src/core/globalDefs.h:41,
                 from /home/lzy/projects/hemocell_starter/vendor/HemoCell/./palabos/src/core/blockStatistics.h:43,
                 from /home/lzy/projects/hemocell_starter/vendor/HemoCell/./palabos/src/atomicBlock/dataProcessor3D.h:43,
                 from /home/lzy/projects/hemocell_starter/vendor/HemoCell/./palabos/src/atomicBlock/dataProcessingFunctional3D.h:42,
                 from /home/lzy/projects/hemocell_starter/vendor/HemoCell/./palabos/src/atomicBlock/dataProcessorWrapper3D.h:51,
                 from /home/lzy/projects/hemocell_starter/vendor/HemoCell/./palabos/src/atomicBlock/atomicBlock3D.h:41,
                 from /home/lzy/projects/hemocell_starter/vendor/HemoCell/./palabos/src/atomicBlock/blockLattice3D.h:43,
                 from /home/lzy/projects/hemocell_starter/vendor/HemoCell/./palabos/src/multiBlock/multiBlockLattice3D.h:42,
                 from /home/lzy/projects/hemocell_starter/vendor/HemoCell/helper/genericFunctions.h:91,
                 from /home/lzy/projects/hemocell_starter/vendor/HemoCell/core/hemoCellFields.h:30,
                 from /home/lzy/projects/hemocell_starter/vendor/HemoCell/core/hemoCellParticleField.h:31,
                 from /home/lzy/projects/hemocell_starter/vendor/HemoCell/core/hemoCellParticleField.cpp:25:
/usr/lib/x86_64-linux-gnu/openmpi/include/openmpi/ompi/mpi/cxx/op_inln.h: In member function ‘virtual void MPI::Op::Init(void (*)(const void*, void*, int, const MPI::Datatype&), bool)’:
/usr/lib/x86_64-linux-gnu/openmpi/include/openmpi/ompi/mpi/cxx/op_inln.h:121:25: warning: cast between incompatible function types from ‘void (*)(void*, void*, int*, ompi_datatype_t**, void (*)(void*, void*, int*, ompi_datatype_t**))’ to ‘void (*)(void*, void*, int*, ompi_datatype_t**)’ [-Wcast-function-type]
  121 |     (void)MPI_Op_create((MPI_User_function*) ompi_mpi_cxx_op_intercept,
      |                         ^~~~~~~~~~~~~~~~~~~~~~~~~~~~~~~~~~~~~~~~~~~~~~
/usr/lib/x86_64-linux-gnu/openmpi/include/openmpi/ompi/mpi/cxx/op_inln.h:123:38: warning: cast between incompatible function types from ‘void (*)(const void*, void*, int, const MPI::Datatype&)’ to ‘void (*)(void*, void*, int*, ompi_datatype_t**)’ [-Wcast-function-type]
  123 |     ompi_op_set_cxx_callback(mpi_op, (MPI_User_function*) func);
      |                                      ^~~~~~~~~~~~~~~~~~~~~~~~~
/home/lzy/projects/hemocell_starter/vendor/HemoCell/./palabos/src/atomicBlock/atomicBlock3D.h: At global scope:
/home/lzy/projects/hemocell_starter/vendor/HemoCell/./palabos/src/atomicBlock/atomicBlock3D.h:126:19: warning: ‘virtual plb::Box3D plb::AtomicBlock3D::getBoundingBox() const’ was hidden [-Woverloaded-virtual=]
  126 |     virtual Box3D getBoundingBox() const;
      |                   ^~~~~~~~~~~~~~
/home/lzy/projects/hemocell_starter/vendor/HemoCell/core/hemoCellParticleField.h:104:18: note:   by ‘plb::Box3D& hemo::HemoCellParticleField::getBoundingBox()’
  104 |     plb::Box3D & getBoundingBox() {
      |                  ^~~~~~~~~~~~~~
/home/lzy/projects/hemocell_starter/vendor/HemoCell/core/hemoCellParticleField.cpp: In member function ‘void hemo::HemoCellParticleField::addParticlePreinlet(const hemo::HemoCellParticle::serializeValues_t&)’:
/home/lzy/projects/hemocell_starter/vendor/HemoCell/core/hemoCellParticleField.cpp:238:22: warning: unused variable ‘local_sparticle’ [-Wunused-variable]
  238 |   HemoCellParticle * local_sparticle, * particle;
      |                      ^~~~~~~~~~~~~~~
[  3%] Building CXX object CMakeFiles/hemocell.dir/helper/bindingField.cpp.o
In file included from /usr/lib/x86_64-linux-gnu/openmpi/include/openmpi/ompi/mpi/cxx/mpicxx.h:277,
                 from /usr/lib/x86_64-linux-gnu/openmpi/include/mpi.h:2911,
                 from /home/lzy/projects/hemocell_starter/vendor/HemoCell/./palabos/src/core/globalDefs.h:41,
                 from /home/lzy/projects/hemocell_starter/vendor/HemoCell/./palabos/src/core/blockStatistics.h:43,
                 from /home/lzy/projects/hemocell_starter/vendor/HemoCell/./palabos/src/atomicBlock/dataProcessor3D.h:43,
                 from /home/lzy/projects/hemocell_starter/vendor/HemoCell/./palabos/src/atomicBlock/dataProcessingFunctional3D.h:42,
                 from /home/lzy/projects/hemocell_starter/vendor/HemoCell/./palabos/src/atomicBlock/dataProcessorWrapper3D.h:51,
                 from /home/lzy/projects/hemocell_starter/vendor/HemoCell/./palabos/src/atomicBlock/atomicBlock3D.h:41,
                 from /home/lzy/projects/hemocell_starter/vendor/HemoCell/./palabos/src/atomicBlock/blockLattice3D.h:43,
                 from /home/lzy/projects/hemocell_starter/vendor/HemoCell/./palabos/src/multiBlock/multiBlockLattice3D.h:42,
                 from /home/lzy/projects/hemocell_starter/vendor/HemoCell/helper/genericFunctions.h:91,
                 from /home/lzy/projects/hemocell_starter/vendor/HemoCell/core/hemoCellFields.h:30,
                 from /home/lzy/projects/hemocell_starter/vendor/HemoCell/core/hemoCellParticleField.h:31,
                 from /home/lzy/projects/hemocell_starter/vendor/HemoCell/helper/bindingField.h:27,
                 from /home/lzy/projects/hemocell_starter/vendor/HemoCell/helper/bindingField.cpp:24:
/usr/lib/x86_64-linux-gnu/openmpi/include/openmpi/ompi/mpi/cxx/op_inln.h: In member function ‘virtual void MPI::Op::Init(void (*)(const void*, void*, int, const MPI::Datatype&), bool)’:
/usr/lib/x86_64-linux-gnu/openmpi/include/openmpi/ompi/mpi/cxx/op_inln.h:121:25: warning: cast between incompatible function types from ‘void (*)(void*, void*, int*, ompi_datatype_t**, void (*)(void*, void*, int*, ompi_datatype_t**))’ to ‘void (*)(void*, void*, int*, ompi_datatype_t**)’ [-Wcast-function-type]
  121 |     (void)MPI_Op_create((MPI_User_function*) ompi_mpi_cxx_op_intercept,
      |                         ^~~~~~~~~~~~~~~~~~~~~~~~~~~~~~~~~~~~~~~~~~~~~~
/usr/lib/x86_64-linux-gnu/openmpi/include/openmpi/ompi/mpi/cxx/op_inln.h:123:38: warning: cast between incompatible function types from ‘void (*)(const void*, void*, int, const MPI::Datatype&)’ to ‘void (*)(void*, void*, int*, ompi_datatype_t**)’ [-Wcast-function-type]
  123 |     ompi_op_set_cxx_callback(mpi_op, (MPI_User_function*) func);
      |                                      ^~~~~~~~~~~~~~~~~~~~~~~~~
/home/lzy/projects/hemocell_starter/vendor/HemoCell/./palabos/src/atomicBlock/atomicBlock3D.h: At global scope:
/home/lzy/projects/hemocell_starter/vendor/HemoCell/./palabos/src/atomicBlock/atomicBlock3D.h:126:19: warning: ‘virtual plb::Box3D plb::AtomicBlock3D::getBoundingBox() const’ was hidden [-Woverloaded-virtual=]
  126 |     virtual Box3D getBoundingBox() const;
      |                   ^~~~~~~~~~~~~~
/home/lzy/projects/hemocell_starter/vendor/HemoCell/core/hemoCellParticleField.h:104:18: note:   by ‘plb::Box3D& hemo::HemoCellParticleField::getBoundingBox()’
  104 |     plb::Box3D & getBoundingBox() {
      |                  ^~~~~~~~~~~~~~
[  3%] Building CXX object CMakeFiles/hemocell.dir/helper/cellInfo.cpp.o
In file included from /usr/lib/x86_64-linux-gnu/openmpi/include/openmpi/ompi/mpi/cxx/mpicxx.h:277,
                 from /usr/lib/x86_64-linux-gnu/openmpi/include/mpi.h:2911,
                 from /home/lzy/projects/hemocell_starter/vendor/HemoCell/./palabos/src/core/globalDefs.h:41,
                 from /home/lzy/projects/hemocell_starter/vendor/HemoCell/./palabos/src/latticeBoltzmann/nearestNeighborLattices3D.h:50,
                 from /home/lzy/projects/hemocell_starter/vendor/HemoCell/config/constant_defaults.h:59,
                 from /home/lzy/projects/hemocell_starter/vendor/HemoCell/hemocell.h:28,
                 from /home/lzy/projects/hemocell_starter/vendor/HemoCell/helper/cellInfo.h:27,
                 from /home/lzy/projects/hemocell_starter/vendor/HemoCell/helper/cellInfo.cpp:24:
/usr/lib/x86_64-linux-gnu/openmpi/include/openmpi/ompi/mpi/cxx/op_inln.h: In member function ‘virtual void MPI::Op::Init(void (*)(const void*, void*, int, const MPI::Datatype&), bool)’:
/usr/lib/x86_64-linux-gnu/openmpi/include/openmpi/ompi/mpi/cxx/op_inln.h:121:25: warning: cast between incompatible function types from ‘void (*)(void*, void*, int*, ompi_datatype_t**, void (*)(void*, void*, int*, ompi_datatype_t**))’ to ‘void (*)(void*, void*, int*, ompi_datatype_t**)’ [-Wcast-function-type]
  121 |     (void)MPI_Op_create((MPI_User_function*) ompi_mpi_cxx_op_intercept,
      |                         ^~~~~~~~~~~~~~~~~~~~~~~~~~~~~~~~~~~~~~~~~~~~~~
/usr/lib/x86_64-linux-gnu/openmpi/include/openmpi/ompi/mpi/cxx/op_inln.h:123:38: warning: cast between incompatible function types from ‘void (*)(const void*, void*, int, const MPI::Datatype&)’ to ‘void (*)(void*, void*, int*, ompi_datatype_t**)’ [-Wcast-function-type]
  123 |     ompi_op_set_cxx_callback(mpi_op, (MPI_User_function*) func);
      |                                      ^~~~~~~~~~~~~~~~~~~~~~~~~
In file included from /home/lzy/projects/hemocell_starter/vendor/HemoCell/core/hemoCellParticleDataTransfer.h:31,
                 from /home/lzy/projects/hemocell_starter/vendor/HemoCell/core/hemoCellParticleField.h:32,
                 from /home/lzy/projects/hemocell_starter/vendor/HemoCell/core/hemoCellFields.h:29,
                 from /home/lzy/projects/hemocell_starter/vendor/HemoCell/hemocell.h:32:
/home/lzy/projects/hemocell_starter/vendor/HemoCell/./palabos/src/atomicBlock/atomicBlock3D.h: At global scope:
/home/lzy/projects/hemocell_starter/vendor/HemoCell/./palabos/src/atomicBlock/atomicBlock3D.h:126:19: warning: ‘virtual plb::Box3D plb::AtomicBlock3D::getBoundingBox() const’ was hidden [-Woverloaded-virtual=]
  126 |     virtual Box3D getBoundingBox() const;
      |                   ^~~~~~~~~~~~~~
/home/lzy/projects/hemocell_starter/vendor/HemoCell/core/hemoCellParticleField.h:104:18: note:   by ‘plb::Box3D& hemo::HemoCellParticleField::getBoundingBox()’
  104 |     plb::Box3D & getBoundingBox() {
      |                  ^~~~~~~~~~~~~~
[  6%] Building CXX object CMakeFiles/hemocell.dir/helper/fluidInfo.cpp.o
In file included from /usr/lib/x86_64-linux-gnu/openmpi/include/openmpi/ompi/mpi/cxx/mpicxx.h:277,
                 from /usr/lib/x86_64-linux-gnu/openmpi/include/mpi.h:2911,
                 from /home/lzy/projects/hemocell_starter/vendor/HemoCell/./palabos/src/core/globalDefs.h:41,
                 from /home/lzy/projects/hemocell_starter/vendor/HemoCell/./palabos/src/latticeBoltzmann/nearestNeighborLattices3D.h:50,
                 from /home/lzy/projects/hemocell_starter/vendor/HemoCell/config/constant_defaults.h:59,
                 from /home/lzy/projects/hemocell_starter/vendor/HemoCell/hemocell.h:28,
                 from /home/lzy/projects/hemocell_starter/vendor/HemoCell/helper/fluidInfo.h:27,
                 from /home/lzy/projects/hemocell_starter/vendor/HemoCell/helper/fluidInfo.cpp:24:
/usr/lib/x86_64-linux-gnu/openmpi/include/openmpi/ompi/mpi/cxx/op_inln.h: In member function ‘virtual void MPI::Op::Init(void (*)(const void*, void*, int, const MPI::Datatype&), bool)’:
/usr/lib/x86_64-linux-gnu/openmpi/include/openmpi/ompi/mpi/cxx/op_inln.h:121:25: warning: cast between incompatible function types from ‘void (*)(void*, void*, int*, ompi_datatype_t**, void (*)(void*, void*, int*, ompi_datatype_t**))’ to ‘void (*)(void*, void*, int*, ompi_datatype_t**)’ [-Wcast-function-type]
  121 |     (void)MPI_Op_create((MPI_User_function*) ompi_mpi_cxx_op_intercept,
      |                         ^~~~~~~~~~~~~~~~~~~~~~~~~~~~~~~~~~~~~~~~~~~~~~
/usr/lib/x86_64-linux-gnu/openmpi/include/openmpi/ompi/mpi/cxx/op_inln.h:123:38: warning: cast between incompatible function types from ‘void (*)(const void*, void*, int, const MPI::Datatype&)’ to ‘void (*)(void*, void*, int*, ompi_datatype_t**)’ [-Wcast-function-type]
  123 |     ompi_op_set_cxx_callback(mpi_op, (MPI_User_function*) func);
      |                                      ^~~~~~~~~~~~~~~~~~~~~~~~~
In file included from /home/lzy/projects/hemocell_starter/vendor/HemoCell/core/hemoCellParticleDataTransfer.h:31,
                 from /home/lzy/projects/hemocell_starter/vendor/HemoCell/core/hemoCellParticleField.h:32,
                 from /home/lzy/projects/hemocell_starter/vendor/HemoCell/core/hemoCellFields.h:29,
                 from /home/lzy/projects/hemocell_starter/vendor/HemoCell/hemocell.h:32:
/home/lzy/projects/hemocell_starter/vendor/HemoCell/./palabos/src/atomicBlock/atomicBlock3D.h: At global scope:
/home/lzy/projects/hemocell_starter/vendor/HemoCell/./palabos/src/atomicBlock/atomicBlock3D.h:126:19: warning: ‘virtual plb::Box3D plb::AtomicBlock3D::getBoundingBox() const’ was hidden [-Woverloaded-virtual=]
  126 |     virtual Box3D getBoundingBox() const;
      |                   ^~~~~~~~~~~~~~
/home/lzy/projects/hemocell_starter/vendor/HemoCell/core/hemoCellParticleField.h:104:18: note:   by ‘plb::Box3D& hemo::HemoCellParticleField::getBoundingBox()’
  104 |     plb::Box3D & getBoundingBox() {
      |                  ^~~~~~~~~~~~~~
[  6%] Building CXX object CMakeFiles/hemocell.dir/helper/genericFunctions.cpp.o
[  6%] Building CXX object CMakeFiles/hemocell.dir/helper/hemoCellStretch.cpp.o
In file included from /usr/lib/x86_64-linux-gnu/openmpi/include/openmpi/ompi/mpi/cxx/mpicxx.h:277,
                 from /usr/lib/x86_64-linux-gnu/openmpi/include/mpi.h:2911,
                 from /home/lzy/projects/hemocell_starter/vendor/HemoCell/./palabos/src/core/globalDefs.h:41,
                 from /home/lzy/projects/hemocell_starter/vendor/HemoCell/./palabos/src/latticeBoltzmann/nearestNeighborLattices3D.h:50,
                 from /home/lzy/projects/hemocell_starter/vendor/HemoCell/config/constant_defaults.h:59,
                 from /home/lzy/projects/hemocell_starter/vendor/HemoCell/helper/genericFunctions.cpp:26:
/usr/lib/x86_64-linux-gnu/openmpi/include/openmpi/ompi/mpi/cxx/op_inln.h: In member function ‘virtual void MPI::Op::Init(void (*)(const void*, void*, int, const MPI::Datatype&), bool)’:
/usr/lib/x86_64-linux-gnu/openmpi/include/openmpi/ompi/mpi/cxx/op_inln.h:121:25: warning: cast between incompatible function types from ‘void (*)(void*, void*, int*, ompi_datatype_t**, void (*)(void*, void*, int*, ompi_datatype_t**))’ to ‘void (*)(void*, void*, int*, ompi_datatype_t**)’ [-Wcast-function-type]
  121 |     (void)MPI_Op_create((MPI_User_function*) ompi_mpi_cxx_op_intercept,
      |                         ^~~~~~~~~~~~~~~~~~~~~~~~~~~~~~~~~~~~~~~~~~~~~~
/usr/lib/x86_64-linux-gnu/openmpi/include/openmpi/ompi/mpi/cxx/op_inln.h:123:38: warning: cast between incompatible function types from ‘void (*)(const void*, void*, int, const MPI::Datatype&)’ to ‘void (*)(void*, void*, int*, ompi_datatype_t**)’ [-Wcast-function-type]
  123 |     ompi_op_set_cxx_callback(mpi_op, (MPI_User_function*) func);
      |                                      ^~~~~~~~~~~~~~~~~~~~~~~~~
In file included from /usr/lib/x86_64-linux-gnu/openmpi/include/openmpi/ompi/mpi/cxx/mpicxx.h:277,
                 from /usr/lib/x86_64-linux-gnu/openmpi/include/mpi.h:2911,
                 from /home/lzy/projects/hemocell_starter/vendor/HemoCell/./palabos/src/core/globalDefs.h:41,
                 from /home/lzy/projects/hemocell_starter/vendor/HemoCell/./palabos/src/core/blockStatistics.h:43,
                 from /home/lzy/projects/hemocell_starter/vendor/HemoCell/./palabos/src/atomicBlock/dataProcessor3D.h:43,
                 from /home/lzy/projects/hemocell_starter/vendor/HemoCell/./palabos/src/atomicBlock/dataProcessingFunctional3D.h:42,
                 from /home/lzy/projects/hemocell_starter/vendor/HemoCell/./palabos/src/atomicBlock/dataProcessorWrapper3D.h:51,
                 from /home/lzy/projects/hemocell_starter/vendor/HemoCell/./palabos/src/atomicBlock/atomicBlock3D.h:41,
                 from /home/lzy/projects/hemocell_starter/vendor/HemoCell/core/hemoCellParticleDataTransfer.h:31,
                 from /home/lzy/projects/hemocell_starter/vendor/HemoCell/core/hemoCellParticleField.h:32,
                 from /home/lzy/projects/hemocell_starter/vendor/HemoCell/core/hemoCellFields.h:29,
                 from /home/lzy/projects/hemocell_starter/vendor/HemoCell/helper/hemoCellStretch.h:27,
                 from /home/lzy/projects/hemocell_starter/vendor/HemoCell/helper/hemoCellStretch.cpp:24:
/usr/lib/x86_64-linux-gnu/openmpi/include/openmpi/ompi/mpi/cxx/op_inln.h: In member function ‘virtual void MPI::Op::Init(void (*)(const void*, void*, int, const MPI::Datatype&), bool)’:
/usr/lib/x86_64-linux-gnu/openmpi/include/openmpi/ompi/mpi/cxx/op_inln.h:121:25: warning: cast between incompatible function types from ‘void (*)(void*, void*, int*, ompi_datatype_t**, void (*)(void*, void*, int*, ompi_datatype_t**))’ to ‘void (*)(void*, void*, int*, ompi_datatype_t**)’ [-Wcast-function-type]
  121 |     (void)MPI_Op_create((MPI_User_function*) ompi_mpi_cxx_op_intercept,
      |                         ^~~~~~~~~~~~~~~~~~~~~~~~~~~~~~~~~~~~~~~~~~~~~~
/usr/lib/x86_64-linux-gnu/openmpi/include/openmpi/ompi/mpi/cxx/op_inln.h:123:38: warning: cast between incompatible function types from ‘void (*)(const void*, void*, int, const MPI::Datatype&)’ to ‘void (*)(void*, void*, int*, ompi_datatype_t**)’ [-Wcast-function-type]
  123 |     ompi_op_set_cxx_callback(mpi_op, (MPI_User_function*) func);
      |                                      ^~~~~~~~~~~~~~~~~~~~~~~~~
/home/lzy/projects/hemocell_starter/vendor/HemoCell/./palabos/src/atomicBlock/atomicBlock3D.h: At global scope:
/home/lzy/projects/hemocell_starter/vendor/HemoCell/./palabos/src/atomicBlock/atomicBlock3D.h:126:19: warning: ‘virtual plb::Box3D plb::AtomicBlock3D::getBoundingBox() const’ was hidden [-Woverloaded-virtual=]
  126 |     virtual Box3D getBoundingBox() const;
      |                   ^~~~~~~~~~~~~~
/home/lzy/projects/hemocell_starter/vendor/HemoCell/core/hemoCellParticleField.h:104:18: note:   by ‘plb::Box3D& hemo::HemoCellParticleField::getBoundingBox()’
  104 |     plb::Box3D & getBoundingBox() {
      |                  ^~~~~~~~~~~~~~
[  6%] Building CXX object CMakeFiles/hemocell.dir/helper/interiorViscosity.cpp.o
In file included from /usr/lib/x86_64-linux-gnu/openmpi/include/openmpi/ompi/mpi/cxx/mpicxx.h:277,
                 from /usr/lib/x86_64-linux-gnu/openmpi/include/mpi.h:2911,
                 from /home/lzy/projects/hemocell_starter/vendor/HemoCell/./palabos/src/core/globalDefs.h:41,
                 from /home/lzy/projects/hemocell_starter/vendor/HemoCell/./palabos/src/core/blockStatistics.h:43,
                 from /home/lzy/projects/hemocell_starter/vendor/HemoCell/./palabos/src/atomicBlock/dataProcessor3D.h:43,
                 from /home/lzy/projects/hemocell_starter/vendor/HemoCell/./palabos/src/atomicBlock/dataProcessingFunctional3D.h:42,
                 from /home/lzy/projects/hemocell_starter/vendor/HemoCell/./palabos/src/atomicBlock/dataProcessorWrapper3D.h:51,
                 from /home/lzy/projects/hemocell_starter/vendor/HemoCell/./palabos/src/atomicBlock/atomicBlock3D.h:41,
                 from /home/lzy/projects/hemocell_starter/vendor/HemoCell/./palabos/src/atomicBlock/blockLattice3D.h:43,
                 from /home/lzy/projects/hemocell_starter/vendor/HemoCell/./palabos/src/multiBlock/multiBlockLattice3D.h:42,
                 from /home/lzy/projects/hemocell_starter/vendor/HemoCell/helper/genericFunctions.h:91,
                 from /home/lzy/projects/hemocell_starter/vendor/HemoCell/core/hemoCellFields.h:30,
                 from /home/lzy/projects/hemocell_starter/vendor/HemoCell/core/hemoCellParticleField.h:31,
                 from /home/lzy/projects/hemocell_starter/vendor/HemoCell/helper/interiorViscosity.h:27,
                 from /home/lzy/projects/hemocell_starter/vendor/HemoCell/helper/interiorViscosity.cpp:24:
/usr/lib/x86_64-linux-gnu/openmpi/include/openmpi/ompi/mpi/cxx/op_inln.h: In member function ‘virtual void MPI::Op::Init(void (*)(const void*, void*, int, const MPI::Datatype&), bool)’:
/usr/lib/x86_64-linux-gnu/openmpi/include/openmpi/ompi/mpi/cxx/op_inln.h:121:25: warning: cast between incompatible function types from ‘void (*)(void*, void*, int*, ompi_datatype_t**, void (*)(void*, void*, int*, ompi_datatype_t**))’ to ‘void (*)(void*, void*, int*, ompi_datatype_t**)’ [-Wcast-function-type]
  121 |     (void)MPI_Op_create((MPI_User_function*) ompi_mpi_cxx_op_intercept,
      |                         ^~~~~~~~~~~~~~~~~~~~~~~~~~~~~~~~~~~~~~~~~~~~~~
/usr/lib/x86_64-linux-gnu/openmpi/include/openmpi/ompi/mpi/cxx/op_inln.h:123:38: warning: cast between incompatible function types from ‘void (*)(const void*, void*, int, const MPI::Datatype&)’ to ‘void (*)(void*, void*, int*, ompi_datatype_t**)’ [-Wcast-function-type]
  123 |     ompi_op_set_cxx_callback(mpi_op, (MPI_User_function*) func);
      |                                      ^~~~~~~~~~~~~~~~~~~~~~~~~
/home/lzy/projects/hemocell_starter/vendor/HemoCell/./palabos/src/atomicBlock/atomicBlock3D.h: At global scope:
/home/lzy/projects/hemocell_starter/vendor/HemoCell/./palabos/src/atomicBlock/atomicBlock3D.h:126:19: warning: ‘virtual plb::Box3D plb::AtomicBlock3D::getBoundingBox() const’ was hidden [-Woverloaded-virtual=]
  126 |     virtual Box3D getBoundingBox() const;
      |                   ^~~~~~~~~~~~~~
/home/lzy/projects/hemocell_starter/vendor/HemoCell/core/hemoCellParticleField.h:104:18: note:   by ‘plb::Box3D& hemo::HemoCellParticleField::getBoundingBox()’
  104 |     plb::Box3D & getBoundingBox() {
      |                  ^~~~~~~~~~~~~~
[  6%] Building CXX object CMakeFiles/hemocell.dir/helper/loadBalancer.cpp.o
In file included from /usr/lib/x86_64-linux-gnu/openmpi/include/openmpi/ompi/mpi/cxx/mpicxx.h:277,
                 from /usr/lib/x86_64-linux-gnu/openmpi/include/mpi.h:2911,
                 from /home/lzy/projects/hemocell_starter/vendor/HemoCell/./palabos/src/core/globalDefs.h:41,
                 from /home/lzy/projects/hemocell_starter/vendor/HemoCell/./palabos/src/latticeBoltzmann/nearestNeighborLattices3D.h:50,
                 from /home/lzy/projects/hemocell_starter/vendor/HemoCell/config/constant_defaults.h:59,
                 from /home/lzy/projects/hemocell_starter/vendor/HemoCell/hemocell.h:28,
                 from /home/lzy/projects/hemocell_starter/vendor/HemoCell/helper/loadBalancer.h:29,
                 from /home/lzy/projects/hemocell_starter/vendor/HemoCell/helper/loadBalancer.cpp:24:
/usr/lib/x86_64-linux-gnu/openmpi/include/openmpi/ompi/mpi/cxx/op_inln.h: In member function ‘virtual void MPI::Op::Init(void (*)(const void*, void*, int, const MPI::Datatype&), bool)’:
/usr/lib/x86_64-linux-gnu/openmpi/include/openmpi/ompi/mpi/cxx/op_inln.h:121:25: warning: cast between incompatible function types from ‘void (*)(void*, void*, int*, ompi_datatype_t**, void (*)(void*, void*, int*, ompi_datatype_t**))’ to ‘void (*)(void*, void*, int*, ompi_datatype_t**)’ [-Wcast-function-type]
  121 |     (void)MPI_Op_create((MPI_User_function*) ompi_mpi_cxx_op_intercept,
      |                         ^~~~~~~~~~~~~~~~~~~~~~~~~~~~~~~~~~~~~~~~~~~~~~
/usr/lib/x86_64-linux-gnu/openmpi/include/openmpi/ompi/mpi/cxx/op_inln.h:123:38: warning: cast between incompatible function types from ‘void (*)(const void*, void*, int, const MPI::Datatype&)’ to ‘void (*)(void*, void*, int*, ompi_datatype_t**)’ [-Wcast-function-type]
  123 |     ompi_op_set_cxx_callback(mpi_op, (MPI_User_function*) func);
      |                                      ^~~~~~~~~~~~~~~~~~~~~~~~~
In file included from /home/lzy/projects/hemocell_starter/vendor/HemoCell/core/hemoCellParticleDataTransfer.h:31,
                 from /home/lzy/projects/hemocell_starter/vendor/HemoCell/core/hemoCellParticleField.h:32,
                 from /home/lzy/projects/hemocell_starter/vendor/HemoCell/core/hemoCellFields.h:29,
                 from /home/lzy/projects/hemocell_starter/vendor/HemoCell/hemocell.h:32:
/home/lzy/projects/hemocell_starter/vendor/HemoCell/./palabos/src/atomicBlock/atomicBlock3D.h: At global scope:
/home/lzy/projects/hemocell_starter/vendor/HemoCell/./palabos/src/atomicBlock/atomicBlock3D.h:126:19: warning: ‘virtual plb::Box3D plb::AtomicBlock3D::getBoundingBox() const’ was hidden [-Woverloaded-virtual=]
  126 |     virtual Box3D getBoundingBox() const;
      |                   ^~~~~~~~~~~~~~
/home/lzy/projects/hemocell_starter/vendor/HemoCell/core/hemoCellParticleField.h:104:18: note:   by ‘plb::Box3D& hemo::HemoCellParticleField::getBoundingBox()’
  104 |     plb::Box3D & getBoundingBox() {
      |                  ^~~~~~~~~~~~~~
[  6%] Building CXX object CMakeFiles/hemocell.dir/helper/meshGeneratingFunctions.cpp.o
In file included from /usr/lib/x86_64-linux-gnu/openmpi/include/openmpi/ompi/mpi/cxx/mpicxx.h:277,
                 from /usr/lib/x86_64-linux-gnu/openmpi/include/mpi.h:2911,
                 from /home/lzy/projects/hemocell_starter/vendor/HemoCell/./palabos/src/core/globalDefs.h:41,
                 from /home/lzy/projects/hemocell_starter/vendor/HemoCell/./palabos/src/latticeBoltzmann/nearestNeighborLattices3D.h:50,
                 from /home/lzy/projects/hemocell_starter/vendor/HemoCell/config/constant_defaults.h:59,
                 from /home/lzy/projects/hemocell_starter/vendor/HemoCell/helper/meshGeneratingFunctions.h:27,
                 from /home/lzy/projects/hemocell_starter/vendor/HemoCell/helper/meshGeneratingFunctions.cpp:24:
/usr/lib/x86_64-linux-gnu/openmpi/include/openmpi/ompi/mpi/cxx/op_inln.h: In member function ‘virtual void MPI::Op::Init(void (*)(const void*, void*, int, const MPI::Datatype&), bool)’:
/usr/lib/x86_64-linux-gnu/openmpi/include/openmpi/ompi/mpi/cxx/op_inln.h:121:25: warning: cast between incompatible function types from ‘void (*)(void*, void*, int*, ompi_datatype_t**, void (*)(void*, void*, int*, ompi_datatype_t**))’ to ‘void (*)(void*, void*, int*, ompi_datatype_t**)’ [-Wcast-function-type]
  121 |     (void)MPI_Op_create((MPI_User_function*) ompi_mpi_cxx_op_intercept,
      |                         ^~~~~~~~~~~~~~~~~~~~~~~~~~~~~~~~~~~~~~~~~~~~~~
/usr/lib/x86_64-linux-gnu/openmpi/include/openmpi/ompi/mpi/cxx/op_inln.h:123:38: warning: cast between incompatible function types from ‘void (*)(const void*, void*, int, const MPI::Datatype&)’ to ‘void (*)(void*, void*, int*, ompi_datatype_t**)’ [-Wcast-function-type]
  123 |     ompi_op_set_cxx_callback(mpi_op, (MPI_User_function*) func);
      |                                      ^~~~~~~~~~~~~~~~~~~~~~~~~
[ 10%] Building CXX object CMakeFiles/hemocell.dir/helper/octree.cpp.o
In file included from /usr/lib/x86_64-linux-gnu/openmpi/include/openmpi/ompi/mpi/cxx/mpicxx.h:277,
                 from /usr/lib/x86_64-linux-gnu/openmpi/include/mpi.h:2911,
                 from /home/lzy/projects/hemocell_starter/vendor/HemoCell/./palabos/src/core/globalDefs.h:41,
                 from /home/lzy/projects/hemocell_starter/vendor/HemoCell/./palabos/src/latticeBoltzmann/nearestNeighborLattices3D.h:50,
                 from /home/lzy/projects/hemocell_starter/vendor/HemoCell/config/constant_defaults.h:59,
                 from /home/lzy/projects/hemocell_starter/vendor/HemoCell/helper/array.h:30,
                 from /home/lzy/projects/hemocell_starter/vendor/HemoCell/core/hemoCellParticle.h:29,
                 from /home/lzy/projects/hemocell_starter/vendor/HemoCell/helper/octree.h:27,
                 from /home/lzy/projects/hemocell_starter/vendor/HemoCell/helper/octree.cpp:24:
/usr/lib/x86_64-linux-gnu/openmpi/include/openmpi/ompi/mpi/cxx/op_inln.h: In member function ‘virtual void MPI::Op::Init(void (*)(const void*, void*, int, const MPI::Datatype&), bool)’:
/usr/lib/x86_64-linux-gnu/openmpi/include/openmpi/ompi/mpi/cxx/op_inln.h:121:25: warning: cast between incompatible function types from ‘void (*)(void*, void*, int*, ompi_datatype_t**, void (*)(void*, void*, int*, ompi_datatype_t**))’ to ‘void (*)(void*, void*, int*, ompi_datatype_t**)’ [-Wcast-function-type]
  121 |     (void)MPI_Op_create((MPI_User_function*) ompi_mpi_cxx_op_intercept,
      |                         ^~~~~~~~~~~~~~~~~~~~~~~~~~~~~~~~~~~~~~~~~~~~~~
/usr/lib/x86_64-linux-gnu/openmpi/include/openmpi/ompi/mpi/cxx/op_inln.h:123:38: warning: cast between incompatible function types from ‘void (*)(const void*, void*, int, const MPI::Datatype&)’ to ‘void (*)(void*, void*, int*, ompi_datatype_t**)’ [-Wcast-function-type]
  123 |     ompi_op_set_cxx_callback(mpi_op, (MPI_User_function*) func);
      |                                      ^~~~~~~~~~~~~~~~~~~~~~~~~
[ 10%] Building CXX object CMakeFiles/hemocell.dir/helper/particleInfo.cpp.o
In file included from /usr/lib/x86_64-linux-gnu/openmpi/include/openmpi/ompi/mpi/cxx/mpicxx.h:277,
                 from /usr/lib/x86_64-linux-gnu/openmpi/include/mpi.h:2911,
                 from /home/lzy/projects/hemocell_starter/vendor/HemoCell/./palabos/src/core/globalDefs.h:41,
                 from /home/lzy/projects/hemocell_starter/vendor/HemoCell/./palabos/src/latticeBoltzmann/nearestNeighborLattices3D.h:50,
                 from /home/lzy/projects/hemocell_starter/vendor/HemoCell/config/constant_defaults.h:59,
                 from /home/lzy/projects/hemocell_starter/vendor/HemoCell/hemocell.h:28,
                 from /home/lzy/projects/hemocell_starter/vendor/HemoCell/helper/particleInfo.h:27,
                 from /home/lzy/projects/hemocell_starter/vendor/HemoCell/helper/particleInfo.cpp:24:
/usr/lib/x86_64-linux-gnu/openmpi/include/openmpi/ompi/mpi/cxx/op_inln.h: In member function ‘virtual void MPI::Op::Init(void (*)(const void*, void*, int, const MPI::Datatype&), bool)’:
/usr/lib/x86_64-linux-gnu/openmpi/include/openmpi/ompi/mpi/cxx/op_inln.h:121:25: warning: cast between incompatible function types from ‘void (*)(void*, void*, int*, ompi_datatype_t**, void (*)(void*, void*, int*, ompi_datatype_t**))’ to ‘void (*)(void*, void*, int*, ompi_datatype_t**)’ [-Wcast-function-type]
  121 |     (void)MPI_Op_create((MPI_User_function*) ompi_mpi_cxx_op_intercept,
      |                         ^~~~~~~~~~~~~~~~~~~~~~~~~~~~~~~~~~~~~~~~~~~~~~
/usr/lib/x86_64-linux-gnu/openmpi/include/openmpi/ompi/mpi/cxx/op_inln.h:123:38: warning: cast between incompatible function types from ‘void (*)(const void*, void*, int, const MPI::Datatype&)’ to ‘void (*)(void*, void*, int*, ompi_datatype_t**)’ [-Wcast-function-type]
  123 |     ompi_op_set_cxx_callback(mpi_op, (MPI_User_function*) func);
      |                                      ^~~~~~~~~~~~~~~~~~~~~~~~~
In file included from /home/lzy/projects/hemocell_starter/vendor/HemoCell/core/hemoCellParticleDataTransfer.h:31,
                 from /home/lzy/projects/hemocell_starter/vendor/HemoCell/core/hemoCellParticleField.h:32,
                 from /home/lzy/projects/hemocell_starter/vendor/HemoCell/core/hemoCellFields.h:29,
                 from /home/lzy/projects/hemocell_starter/vendor/HemoCell/hemocell.h:32:
/home/lzy/projects/hemocell_starter/vendor/HemoCell/./palabos/src/atomicBlock/atomicBlock3D.h: At global scope:
/home/lzy/projects/hemocell_starter/vendor/HemoCell/./palabos/src/atomicBlock/atomicBlock3D.h:126:19: warning: ‘virtual plb::Box3D plb::AtomicBlock3D::getBoundingBox() const’ was hidden [-Woverloaded-virtual=]
  126 |     virtual Box3D getBoundingBox() const;
      |                   ^~~~~~~~~~~~~~
/home/lzy/projects/hemocell_starter/vendor/HemoCell/core/hemoCellParticleField.h:104:18: note:   by ‘plb::Box3D& hemo::HemoCellParticleField::getBoundingBox()’
  104 |     plb::Box3D & getBoundingBox() {
      |                  ^~~~~~~~~~~~~~
[ 10%] Building CXX object CMakeFiles/hemocell.dir/helper/preInlet.cpp.o
In file included from /usr/lib/x86_64-linux-gnu/openmpi/include/openmpi/ompi/mpi/cxx/mpicxx.h:277,
                 from /usr/lib/x86_64-linux-gnu/openmpi/include/mpi.h:2911,
                 from /home/lzy/projects/hemocell_starter/vendor/HemoCell/./palabos/src/core/globalDefs.h:41,
                 from /home/lzy/projects/hemocell_starter/vendor/HemoCell/./palabos/src/core/array.h:43,
                 from /home/lzy/projects/hemocell_starter/vendor/HemoCell/./palabos/src/core/geometry3D.h:43,
                 from /home/lzy/projects/hemocell_starter/vendor/HemoCell/helper/preInlet.cpp:25:
/usr/lib/x86_64-linux-gnu/openmpi/include/openmpi/ompi/mpi/cxx/op_inln.h: In member function ‘virtual void MPI::Op::Init(void (*)(const void*, void*, int, const MPI::Datatype&), bool)’:
/usr/lib/x86_64-linux-gnu/openmpi/include/openmpi/ompi/mpi/cxx/op_inln.h:121:25: warning: cast between incompatible function types from ‘void (*)(void*, void*, int*, ompi_datatype_t**, void (*)(void*, void*, int*, ompi_datatype_t**))’ to ‘void (*)(void*, void*, int*, ompi_datatype_t**)’ [-Wcast-function-type]
  121 |     (void)MPI_Op_create((MPI_User_function*) ompi_mpi_cxx_op_intercept,
      |                         ^~~~~~~~~~~~~~~~~~~~~~~~~~~~~~~~~~~~~~~~~~~~~~
/usr/lib/x86_64-linux-gnu/openmpi/include/openmpi/ompi/mpi/cxx/op_inln.h:123:38: warning: cast between incompatible function types from ‘void (*)(const void*, void*, int, const MPI::Datatype&)’ to ‘void (*)(void*, void*, int*, ompi_datatype_t**)’ [-Wcast-function-type]
  123 |     ompi_op_set_cxx_callback(mpi_op, (MPI_User_function*) func);
      |                                      ^~~~~~~~~~~~~~~~~~~~~~~~~
[ 10%] Building CXX object CMakeFiles/hemocell.dir/helper/profiler.cpp.o
In file included from /usr/lib/x86_64-linux-gnu/openmpi/include/openmpi/ompi/mpi/cxx/mpicxx.h:277,
                 from /usr/lib/x86_64-linux-gnu/openmpi/include/mpi.h:2911,
                 from /home/lzy/projects/hemocell_starter/vendor/HemoCell/./palabos/src/core/globalDefs.h:41,
                 from /home/lzy/projects/hemocell_starter/vendor/HemoCell/./palabos/src/parallelism/mpiManager.h:41,
                 from /home/lzy/projects/hemocell_starter/vendor/HemoCell/helper/profiler.cpp:29:
/usr/lib/x86_64-linux-gnu/openmpi/include/openmpi/ompi/mpi/cxx/op_inln.h: In member function ‘virtual void MPI::Op::Init(void (*)(const void*, void*, int, const MPI::Datatype&), bool)’:
/usr/lib/x86_64-linux-gnu/openmpi/include/openmpi/ompi/mpi/cxx/op_inln.h:121:25: warning: cast between incompatible function types from ‘void (*)(void*, void*, int*, ompi_datatype_t**, void (*)(void*, void*, int*, ompi_datatype_t**))’ to ‘void (*)(void*, void*, int*, ompi_datatype_t**)’ [-Wcast-function-type]
  121 |     (void)MPI_Op_create((MPI_User_function*) ompi_mpi_cxx_op_intercept,
      |                         ^~~~~~~~~~~~~~~~~~~~~~~~~~~~~~~~~~~~~~~~~~~~~~
/usr/lib/x86_64-linux-gnu/openmpi/include/openmpi/ompi/mpi/cxx/op_inln.h:123:38: warning: cast between incompatible function types from ‘void (*)(const void*, void*, int, const MPI::Datatype&)’ to ‘void (*)(void*, void*, int*, ompi_datatype_t**)’ [-Wcast-function-type]
  123 |     ompi_op_set_cxx_callback(mpi_op, (MPI_User_function*) func);
      |                                      ^~~~~~~~~~~~~~~~~~~~~~~~~
[ 10%] Building CXX object CMakeFiles/hemocell.dir/helper/voxelizeDomain.cpp.o
In file included from /home/lzy/projects/hemocell_starter/vendor/HemoCell/./palabos/src/atomicBlock/headers3D.h:38,
                 from /home/lzy/projects/hemocell_starter/vendor/HemoCell/./palabos/src/palabos3D.h:35,
                 from /home/lzy/projects/hemocell_starter/vendor/HemoCell/helper/preInlet.cpp:26:
/home/lzy/projects/hemocell_starter/vendor/HemoCell/./palabos/src/atomicBlock/atomicBlock3D.h: At global scope:
/home/lzy/projects/hemocell_starter/vendor/HemoCell/./palabos/src/atomicBlock/atomicBlock3D.h:126:19: warning: ‘virtual plb::Box3D plb::AtomicBlock3D::getBoundingBox() const’ was hidden [-Woverloaded-virtual=]
  126 |     virtual Box3D getBoundingBox() const;
      |                   ^~~~~~~~~~~~~~
In file included from /home/lzy/projects/hemocell_starter/vendor/HemoCell/core/hemoCellFields.h:29,
                 from /home/lzy/projects/hemocell_starter/vendor/HemoCell/hemocell.h:32,
                 from /home/lzy/projects/hemocell_starter/vendor/HemoCell/helper/preInlet.h:34,
                 from /home/lzy/projects/hemocell_starter/vendor/HemoCell/helper/preInlet.cpp:28:
/home/lzy/projects/hemocell_starter/vendor/HemoCell/core/hemoCellParticleField.h:104:18: note:   by ‘plb::Box3D& hemo::HemoCellParticleField::getBoundingBox()’
  104 |     plb::Box3D & getBoundingBox() {
      |                  ^~~~~~~~~~~~~~
In file included from /usr/lib/x86_64-linux-gnu/openmpi/include/openmpi/ompi/mpi/cxx/mpicxx.h:277,
                 from /usr/lib/x86_64-linux-gnu/openmpi/include/mpi.h:2911,
                 from /home/lzy/projects/hemocell_starter/vendor/HemoCell/./palabos/src/core/globalDefs.h:41,
                 from /home/lzy/projects/hemocell_starter/vendor/HemoCell/./palabos/src/latticeBoltzmann/nearestNeighborLattices3D.h:50,
                 from /home/lzy/projects/hemocell_starter/vendor/HemoCell/config/constant_defaults.h:59,
                 from /home/lzy/projects/hemocell_starter/vendor/HemoCell/helper/voxelizeDomain.cpp:28:
/usr/lib/x86_64-linux-gnu/openmpi/include/openmpi/ompi/mpi/cxx/op_inln.h: In member function ‘virtual void MPI::Op::Init(void (*)(const void*, void*, int, const MPI::Datatype&), bool)’:
/usr/lib/x86_64-linux-gnu/openmpi/include/openmpi/ompi/mpi/cxx/op_inln.h:121:25: warning: cast between incompatible function types from ‘void (*)(void*, void*, int*, ompi_datatype_t**, void (*)(void*, void*, int*, ompi_datatype_t**))’ to ‘void (*)(void*, void*, int*, ompi_datatype_t**)’ [-Wcast-function-type]
  121 |     (void)MPI_Op_create((MPI_User_function*) ompi_mpi_cxx_op_intercept,
      |                         ^~~~~~~~~~~~~~~~~~~~~~~~~~~~~~~~~~~~~~~~~~~~~~
/usr/lib/x86_64-linux-gnu/openmpi/include/openmpi/ompi/mpi/cxx/op_inln.h:123:38: warning: cast between incompatible function types from ‘void (*)(const void*, void*, int, const MPI::Datatype&)’ to ‘void (*)(void*, void*, int*, ompi_datatype_t**)’ [-Wcast-function-type]
  123 |     ompi_op_set_cxx_callback(mpi_op, (MPI_User_function*) func);
      |                                      ^~~~~~~~~~~~~~~~~~~~~~~~~
/home/lzy/projects/hemocell_starter/vendor/HemoCell/helper/preInlet.cpp: In member function ‘void hemo::PreInlet::preInletFromSlice(Direction, plb::Box3D)’:
/home/lzy/projects/hemocell_starter/vendor/HemoCell/helper/preInlet.cpp:454:47: warning: unused variable ‘bc’ [-Wunused-variable]
  454 |   OnLatticeBoundaryCondition3D<T,DESCRIPTOR>* bc =
      |                                               ^~
[ 10%] Building CXX object CMakeFiles/hemocell.dir/io/FluidHdf5IO.cpp.o
In file included from /usr/lib/x86_64-linux-gnu/openmpi/include/openmpi/ompi/mpi/cxx/mpicxx.h:277,
                 from /usr/lib/x86_64-linux-gnu/openmpi/include/mpi.h:2911,
                 from /home/lzy/projects/hemocell_starter/vendor/HemoCell/./palabos/src/core/globalDefs.h:41,
                 from /home/lzy/projects/hemocell_starter/vendor/HemoCell/./palabos/src/latticeBoltzmann/nearestNeighborLattices3D.h:50,
                 from /home/lzy/projects/hemocell_starter/vendor/HemoCell/config/constant_defaults.h:59,
                 from /home/lzy/projects/hemocell_starter/vendor/HemoCell/hemocell.h:28,
                 from /home/lzy/projects/hemocell_starter/vendor/HemoCell/io/FluidHdf5IO.cpp:24:
/usr/lib/x86_64-linux-gnu/openmpi/include/openmpi/ompi/mpi/cxx/op_inln.h: In member function ‘virtual void MPI::Op::Init(void (*)(const void*, void*, int, const MPI::Datatype&), bool)’:
/usr/lib/x86_64-linux-gnu/openmpi/include/openmpi/ompi/mpi/cxx/op_inln.h:121:25: warning: cast between incompatible function types from ‘void (*)(void*, void*, int*, ompi_datatype_t**, void (*)(void*, void*, int*, ompi_datatype_t**))’ to ‘void (*)(void*, void*, int*, ompi_datatype_t**)’ [-Wcast-function-type]
  121 |     (void)MPI_Op_create((MPI_User_function*) ompi_mpi_cxx_op_intercept,
      |                         ^~~~~~~~~~~~~~~~~~~~~~~~~~~~~~~~~~~~~~~~~~~~~~
/usr/lib/x86_64-linux-gnu/openmpi/include/openmpi/ompi/mpi/cxx/op_inln.h:123:38: warning: cast between incompatible function types from ‘void (*)(const void*, void*, int, const MPI::Datatype&)’ to ‘void (*)(void*, void*, int*, ompi_datatype_t**)’ [-Wcast-function-type]
  123 |     ompi_op_set_cxx_callback(mpi_op, (MPI_User_function*) func);
      |                                      ^~~~~~~~~~~~~~~~~~~~~~~~~
In file included from /home/lzy/projects/hemocell_starter/vendor/HemoCell/core/hemoCellParticleDataTransfer.h:31,
                 from /home/lzy/projects/hemocell_starter/vendor/HemoCell/core/hemoCellParticleField.h:32,
                 from /home/lzy/projects/hemocell_starter/vendor/HemoCell/core/hemoCellFields.h:29,
                 from /home/lzy/projects/hemocell_starter/vendor/HemoCell/hemocell.h:32:
/home/lzy/projects/hemocell_starter/vendor/HemoCell/./palabos/src/atomicBlock/atomicBlock3D.h: At global scope:
/home/lzy/projects/hemocell_starter/vendor/HemoCell/./palabos/src/atomicBlock/atomicBlock3D.h:126:19: warning: ‘virtual plb::Box3D plb::AtomicBlock3D::getBoundingBox() const’ was hidden [-Woverloaded-virtual=]
  126 |     virtual Box3D getBoundingBox() const;
      |                   ^~~~~~~~~~~~~~
/home/lzy/projects/hemocell_starter/vendor/HemoCell/core/hemoCellParticleField.h:104:18: note:   by ‘plb::Box3D& hemo::HemoCellParticleField::getBoundingBox()’
  104 |     plb::Box3D & getBoundingBox() {
      |                  ^~~~~~~~~~~~~~
In file included from /home/lzy/projects/hemocell_starter/vendor/HemoCell/./palabos/src/dataProcessors/headers3D.hh:37,
                 from /home/lzy/projects/hemocell_starter/vendor/HemoCell/./palabos/src/palabos3D.hh:41,
                 from /home/lzy/projects/hemocell_starter/vendor/HemoCell/io/FluidHdf5IO.hh:29,
                 from /home/lzy/projects/hemocell_starter/vendor/HemoCell/io/FluidHdf5IO.cpp:25:
/home/lzy/projects/hemocell_starter/vendor/HemoCell/./palabos/src/dataProcessors/dataAnalysisFunctional3D.hh: In instantiation of ‘void plb::BoxStrainRateFromStressFunctional3D<T, Descriptor>::process(plb::Box3D, plb::BlockLattice3D<T, Descriptor>&, plb::TensorField3D<T, plb::SymmetricTensor<T, Descriptor>::n>&) [with T = double; Descriptor = plb::descriptors::AdvectionDiffusionD3Q19Descriptor]’:
/home/lzy/projects/hemocell_starter/vendor/HemoCell/./palabos/src/dataProcessors/dataAnalysisFunctional3D.hh:2060:6:   required from here
/home/lzy/projects/hemocell_starter/vendor/HemoCell/./palabos/src/dataProcessors/dataAnalysisFunctional3D.hh:2064:11: warning: variable ‘offset’ set but not used [-Wunused-but-set-variable]
 2064 |     Dot3D offset = computeRelativeDisplacement(lattice, S);
      |           ^~~~~~
/home/lzy/projects/hemocell_starter/vendor/HemoCell/./palabos/src/dataProcessors/dataAnalysisFunctional3D.hh: In instantiation of ‘void plb::BoxStrainRateFromStressFunctional3D<T, Descriptor>::process(plb::Box3D, plb::BlockLattice3D<T, Descriptor>&, plb::TensorField3D<T, plb::SymmetricTensor<T, Descriptor>::n>&) [with T = double; Descriptor = plb::descriptors::ForcedD3Q19Descriptor]’:
/home/lzy/projects/hemocell_starter/vendor/HemoCell/./palabos/src/dataProcessors/dataAnalysisFunctional3D.hh:2060:6:   required from here
/home/lzy/projects/hemocell_starter/vendor/HemoCell/./palabos/src/dataProcessors/dataAnalysisFunctional3D.hh:2064:11: warning: variable ‘offset’ set but not used [-Wunused-but-set-variable]
/home/lzy/projects/hemocell_starter/vendor/HemoCell/io/FluidHdf5IO.hh: In member function ‘void hemo::WriteFluidField<DD>::processGenericBlocks(plb::Box3D, std::vector<plb::AtomicBlock3D*>) [with DD = plb::descriptors::AdvectionDiffusionD3Q19Descriptor]’:
/home/lzy/projects/hemocell_starter/vendor/HemoCell/io/FluidHdf5IO.hh:81:19: warning: storing the address of local variable ‘domain’ in ‘*this.hemo::WriteFluidField<plb::descriptors::AdvectionDiffusionD3Q19Descriptor>::odomain’ [-Wdangling-pointer=]
   81 |     this->odomain = &domain; //Access for output functions
      |     ~~~~~~~~~~~~~~^~~~~~~~~
/home/lzy/projects/hemocell_starter/vendor/HemoCell/io/FluidHdf5IO.hh:74:36: note: ‘domain’ declared here
   74 |   void processGenericBlocks( Box3D domain, vector<AtomicBlock3D*> blocks ) {
      |                              ~~~~~~^~~~~~
/home/lzy/projects/hemocell_starter/vendor/HemoCell/io/FluidHdf5IO.hh:74:74: note: ‘this’ declared here
   74 |   void processGenericBlocks( Box3D domain, vector<AtomicBlock3D*> blocks ) {
      |                                                                          ^
/home/lzy/projects/hemocell_starter/vendor/HemoCell/io/FluidHdf5IO.hh: In member function ‘void hemo::WriteFluidField<DD>::processGenericBlocks(plb::Box3D, std::vector<plb::AtomicBlock3D*>) [with DD = plb::descriptors::ForcedD3Q19Descriptor]’:
/home/lzy/projects/hemocell_starter/vendor/HemoCell/io/FluidHdf5IO.hh:81:19: warning: storing the address of local variable ‘domain’ in ‘*this.hemo::WriteFluidField<plb::descriptors::ForcedD3Q19Descriptor>::odomain’ [-Wdangling-pointer=]
   81 |     this->odomain = &domain; //Access for output functions
      |     ~~~~~~~~~~~~~~^~~~~~~~~
/home/lzy/projects/hemocell_starter/vendor/HemoCell/io/FluidHdf5IO.hh:74:36: note: ‘domain’ declared here
   74 |   void processGenericBlocks( Box3D domain, vector<AtomicBlock3D*> blocks ) {
      |                              ~~~~~~^~~~~~
/home/lzy/projects/hemocell_starter/vendor/HemoCell/io/FluidHdf5IO.hh:74:74: note: ‘this’ declared here
   74 |   void processGenericBlocks( Box3D domain, vector<AtomicBlock3D*> blocks ) {
      |                                                                          ^
[ 13%] Building CXX object CMakeFiles/hemocell.dir/io/ParticleHdf5IO.cpp.o
In file included from /usr/lib/x86_64-linux-gnu/openmpi/include/openmpi/ompi/mpi/cxx/mpicxx.h:277,
                 from /usr/lib/x86_64-linux-gnu/openmpi/include/mpi.h:2911,
                 from /home/lzy/projects/hemocell_starter/vendor/HemoCell/./palabos/src/core/globalDefs.h:41,
                 from /home/lzy/projects/hemocell_starter/vendor/HemoCell/./palabos/src/latticeBoltzmann/nearestNeighborLattices3D.h:50,
                 from /home/lzy/projects/hemocell_starter/vendor/HemoCell/config/constant_defaults.h:59,
                 from /home/lzy/projects/hemocell_starter/vendor/HemoCell/helper/array.h:30,
                 from /home/lzy/projects/hemocell_starter/vendor/HemoCell/core/hemoCellParticle.h:29,
                 from /home/lzy/projects/hemocell_starter/vendor/HemoCell/io/ParticleHdf5IO.h:27,
                 from /home/lzy/projects/hemocell_starter/vendor/HemoCell/io/ParticleHdf5IO.cpp:24:
/usr/lib/x86_64-linux-gnu/openmpi/include/openmpi/ompi/mpi/cxx/op_inln.h: In member function ‘virtual void MPI::Op::Init(void (*)(const void*, void*, int, const MPI::Datatype&), bool)’:
/usr/lib/x86_64-linux-gnu/openmpi/include/openmpi/ompi/mpi/cxx/op_inln.h:121:25: warning: cast between incompatible function types from ‘void (*)(void*, void*, int*, ompi_datatype_t**, void (*)(void*, void*, int*, ompi_datatype_t**))’ to ‘void (*)(void*, void*, int*, ompi_datatype_t**)’ [-Wcast-function-type]
  121 |     (void)MPI_Op_create((MPI_User_function*) ompi_mpi_cxx_op_intercept,
      |                         ^~~~~~~~~~~~~~~~~~~~~~~~~~~~~~~~~~~~~~~~~~~~~~
/usr/lib/x86_64-linux-gnu/openmpi/include/openmpi/ompi/mpi/cxx/op_inln.h:123:38: warning: cast between incompatible function types from ‘void (*)(const void*, void*, int, const MPI::Datatype&)’ to ‘void (*)(void*, void*, int*, ompi_datatype_t**)’ [-Wcast-function-type]
  123 |     ompi_op_set_cxx_callback(mpi_op, (MPI_User_function*) func);
      |                                      ^~~~~~~~~~~~~~~~~~~~~~~~~
In file included from /home/lzy/projects/hemocell_starter/vendor/HemoCell/core/hemoCellParticleDataTransfer.h:31,
                 from /home/lzy/projects/hemocell_starter/vendor/HemoCell/core/hemoCellParticleField.h:32,
                 from /home/lzy/projects/hemocell_starter/vendor/HemoCell/core/hemoCellFields.h:29,
                 from /home/lzy/projects/hemocell_starter/vendor/HemoCell/io/ParticleHdf5IO.h:28:
/home/lzy/projects/hemocell_starter/vendor/HemoCell/./palabos/src/atomicBlock/atomicBlock3D.h: At global scope:
/home/lzy/projects/hemocell_starter/vendor/HemoCell/./palabos/src/atomicBlock/atomicBlock3D.h:126:19: warning: ‘virtual plb::Box3D plb::AtomicBlock3D::getBoundingBox() const’ was hidden [-Woverloaded-virtual=]
  126 |     virtual Box3D getBoundingBox() const;
      |                   ^~~~~~~~~~~~~~
/home/lzy/projects/hemocell_starter/vendor/HemoCell/core/hemoCellParticleField.h:104:18: note:   by ‘plb::Box3D& hemo::HemoCellParticleField::getBoundingBox()’
  104 |     plb::Box3D & getBoundingBox() {
      |                  ^~~~~~~~~~~~~~
[ 13%] Building CXX object CMakeFiles/hemocell.dir/io/hemoCellParticleFieldOutputFunctions.cpp.o
In file included from /usr/lib/x86_64-linux-gnu/openmpi/include/openmpi/ompi/mpi/cxx/mpicxx.h:277,
                 from /usr/lib/x86_64-linux-gnu/openmpi/include/mpi.h:2911,
                 from /home/lzy/projects/hemocell_starter/vendor/HemoCell/./palabos/src/core/globalDefs.h:41,
                 from /home/lzy/projects/hemocell_starter/vendor/HemoCell/./palabos/src/core/blockStatistics.h:43,
                 from /home/lzy/projects/hemocell_starter/vendor/HemoCell/./palabos/src/atomicBlock/dataProcessor3D.h:43,
                 from /home/lzy/projects/hemocell_starter/vendor/HemoCell/./palabos/src/atomicBlock/dataProcessingFunctional3D.h:42,
                 from /home/lzy/projects/hemocell_starter/vendor/HemoCell/./palabos/src/atomicBlock/dataProcessorWrapper3D.h:51,
                 from /home/lzy/projects/hemocell_starter/vendor/HemoCell/./palabos/src/atomicBlock/atomicBlock3D.h:41,
                 from /home/lzy/projects/hemocell_starter/vendor/HemoCell/./palabos/src/atomicBlock/blockLattice3D.h:43,
                 from /home/lzy/projects/hemocell_starter/vendor/HemoCell/./palabos/src/multiBlock/multiBlockLattice3D.h:42,
                 from /home/lzy/projects/hemocell_starter/vendor/HemoCell/helper/genericFunctions.h:91,
                 from /home/lzy/projects/hemocell_starter/vendor/HemoCell/core/hemoCellFields.h:30,
                 from /home/lzy/projects/hemocell_starter/vendor/HemoCell/core/hemoCellParticleField.h:31,
                 from /home/lzy/projects/hemocell_starter/vendor/HemoCell/io/hemoCellParticleFieldOutputFunctions.cpp:24:
/usr/lib/x86_64-linux-gnu/openmpi/include/openmpi/ompi/mpi/cxx/op_inln.h: In member function ‘virtual void MPI::Op::Init(void (*)(const void*, void*, int, const MPI::Datatype&), bool)’:
/usr/lib/x86_64-linux-gnu/openmpi/include/openmpi/ompi/mpi/cxx/op_inln.h:121:25: warning: cast between incompatible function types from ‘void (*)(void*, void*, int*, ompi_datatype_t**, void (*)(void*, void*, int*, ompi_datatype_t**))’ to ‘void (*)(void*, void*, int*, ompi_datatype_t**)’ [-Wcast-function-type]
  121 |     (void)MPI_Op_create((MPI_User_function*) ompi_mpi_cxx_op_intercept,
      |                         ^~~~~~~~~~~~~~~~~~~~~~~~~~~~~~~~~~~~~~~~~~~~~~
/usr/lib/x86_64-linux-gnu/openmpi/include/openmpi/ompi/mpi/cxx/op_inln.h:123:38: warning: cast between incompatible function types from ‘void (*)(const void*, void*, int, const MPI::Datatype&)’ to ‘void (*)(void*, void*, int*, ompi_datatype_t**)’ [-Wcast-function-type]
  123 |     ompi_op_set_cxx_callback(mpi_op, (MPI_User_function*) func);
      |                                      ^~~~~~~~~~~~~~~~~~~~~~~~~
/home/lzy/projects/hemocell_starter/vendor/HemoCell/./palabos/src/atomicBlock/atomicBlock3D.h: At global scope:
/home/lzy/projects/hemocell_starter/vendor/HemoCell/./palabos/src/atomicBlock/atomicBlock3D.h:126:19: warning: ‘virtual plb::Box3D plb::AtomicBlock3D::getBoundingBox() const’ was hidden [-Woverloaded-virtual=]
  126 |     virtual Box3D getBoundingBox() const;
      |                   ^~~~~~~~~~~~~~
/home/lzy/projects/hemocell_starter/vendor/HemoCell/core/hemoCellParticleField.h:104:18: note:   by ‘plb::Box3D& hemo::HemoCellParticleField::getBoundingBox()’
  104 |     plb::Box3D & getBoundingBox() {
      |                  ^~~~~~~~~~~~~~
[ 13%] Building CXX object CMakeFiles/hemocell.dir/io/readPositionsBloodCells.cpp.o
In file included from /usr/lib/x86_64-linux-gnu/openmpi/include/openmpi/ompi/mpi/cxx/mpicxx.h:277,
                 from /usr/lib/x86_64-linux-gnu/openmpi/include/mpi.h:2911,
                 from /home/lzy/projects/hemocell_starter/vendor/HemoCell/./palabos/src/core/globalDefs.h:41,
                 from /home/lzy/projects/hemocell_starter/vendor/HemoCell/./palabos/src/core/blockStatistics.h:43,
                 from /home/lzy/projects/hemocell_starter/vendor/HemoCell/./palabos/src/atomicBlock/dataProcessor3D.h:43,
                 from /home/lzy/projects/hemocell_starter/vendor/HemoCell/./palabos/src/atomicBlock/dataProcessingFunctional3D.h:42,
                 from /home/lzy/projects/hemocell_starter/vendor/HemoCell/./palabos/src/atomicBlock/dataProcessorWrapper3D.h:51,
                 from /home/lzy/projects/hemocell_starter/vendor/HemoCell/./palabos/src/atomicBlock/atomicBlock3D.h:41,
                 from /home/lzy/projects/hemocell_starter/vendor/HemoCell/core/hemoCellParticleDataTransfer.h:31,
                 from /home/lzy/projects/hemocell_starter/vendor/HemoCell/core/hemoCellParticleField.h:32,
                 from /home/lzy/projects/hemocell_starter/vendor/HemoCell/core/hemoCellFields.h:29,
                 from /home/lzy/projects/hemocell_starter/vendor/HemoCell/io/readPositionsBloodCells.h:27,
                 from /home/lzy/projects/hemocell_starter/vendor/HemoCell/io/readPositionsBloodCells.cpp:24:
/usr/lib/x86_64-linux-gnu/openmpi/include/openmpi/ompi/mpi/cxx/op_inln.h: In member function ‘virtual void MPI::Op::Init(void (*)(const void*, void*, int, const MPI::Datatype&), bool)’:
/usr/lib/x86_64-linux-gnu/openmpi/include/openmpi/ompi/mpi/cxx/op_inln.h:121:25: warning: cast between incompatible function types from ‘void (*)(void*, void*, int*, ompi_datatype_t**, void (*)(void*, void*, int*, ompi_datatype_t**))’ to ‘void (*)(void*, void*, int*, ompi_datatype_t**)’ [-Wcast-function-type]
  121 |     (void)MPI_Op_create((MPI_User_function*) ompi_mpi_cxx_op_intercept,
      |                         ^~~~~~~~~~~~~~~~~~~~~~~~~~~~~~~~~~~~~~~~~~~~~~
/usr/lib/x86_64-linux-gnu/openmpi/include/openmpi/ompi/mpi/cxx/op_inln.h:123:38: warning: cast between incompatible function types from ‘void (*)(const void*, void*, int, const MPI::Datatype&)’ to ‘void (*)(void*, void*, int*, ompi_datatype_t**)’ [-Wcast-function-type]
  123 |     ompi_op_set_cxx_callback(mpi_op, (MPI_User_function*) func);
      |                                      ^~~~~~~~~~~~~~~~~~~~~~~~~
/home/lzy/projects/hemocell_starter/vendor/HemoCell/./palabos/src/atomicBlock/atomicBlock3D.h: At global scope:
/home/lzy/projects/hemocell_starter/vendor/HemoCell/./palabos/src/atomicBlock/atomicBlock3D.h:126:19: warning: ‘virtual plb::Box3D plb::AtomicBlock3D::getBoundingBox() const’ was hidden [-Woverloaded-virtual=]
  126 |     virtual Box3D getBoundingBox() const;
      |                   ^~~~~~~~~~~~~~
/home/lzy/projects/hemocell_starter/vendor/HemoCell/core/hemoCellParticleField.h:104:18: note:   by ‘plb::Box3D& hemo::HemoCellParticleField::getBoundingBox()’
  104 |     plb::Box3D & getBoundingBox() {
      |                  ^~~~~~~~~~~~~~
[ 13%] Building CXX object CMakeFiles/hemocell.dir/io/writeCellInfoCSV.cpp.o
In file included from /usr/lib/x86_64-linux-gnu/openmpi/include/openmpi/ompi/mpi/cxx/mpicxx.h:277,
                 from /usr/lib/x86_64-linux-gnu/openmpi/include/mpi.h:2911,
                 from /home/lzy/projects/hemocell_starter/vendor/HemoCell/./palabos/src/core/globalDefs.h:41,
                 from /home/lzy/projects/hemocell_starter/vendor/HemoCell/./palabos/src/latticeBoltzmann/nearestNeighborLattices3D.h:50,
                 from /home/lzy/projects/hemocell_starter/vendor/HemoCell/config/constant_defaults.h:59,
                 from /home/lzy/projects/hemocell_starter/vendor/HemoCell/hemocell.h:28,
                 from /home/lzy/projects/hemocell_starter/vendor/HemoCell/io/writeCellInfoCSV.h:27,
                 from /home/lzy/projects/hemocell_starter/vendor/HemoCell/io/writeCellInfoCSV.cpp:24:
/usr/lib/x86_64-linux-gnu/openmpi/include/openmpi/ompi/mpi/cxx/op_inln.h: In member function ‘virtual void MPI::Op::Init(void (*)(const void*, void*, int, const MPI::Datatype&), bool)’:
/usr/lib/x86_64-linux-gnu/openmpi/include/openmpi/ompi/mpi/cxx/op_inln.h:121:25: warning: cast between incompatible function types from ‘void (*)(void*, void*, int*, ompi_datatype_t**, void (*)(void*, void*, int*, ompi_datatype_t**))’ to ‘void (*)(void*, void*, int*, ompi_datatype_t**)’ [-Wcast-function-type]
  121 |     (void)MPI_Op_create((MPI_User_function*) ompi_mpi_cxx_op_intercept,
      |                         ^~~~~~~~~~~~~~~~~~~~~~~~~~~~~~~~~~~~~~~~~~~~~~
/usr/lib/x86_64-linux-gnu/openmpi/include/openmpi/ompi/mpi/cxx/op_inln.h:123:38: warning: cast between incompatible function types from ‘void (*)(const void*, void*, int, const MPI::Datatype&)’ to ‘void (*)(void*, void*, int*, ompi_datatype_t**)’ [-Wcast-function-type]
  123 |     ompi_op_set_cxx_callback(mpi_op, (MPI_User_function*) func);
      |                                      ^~~~~~~~~~~~~~~~~~~~~~~~~
In file included from /home/lzy/projects/hemocell_starter/vendor/HemoCell/core/hemoCellParticleDataTransfer.h:31,
                 from /home/lzy/projects/hemocell_starter/vendor/HemoCell/core/hemoCellParticleField.h:32,
                 from /home/lzy/projects/hemocell_starter/vendor/HemoCell/core/hemoCellFields.h:29,
                 from /home/lzy/projects/hemocell_starter/vendor/HemoCell/hemocell.h:32:
/home/lzy/projects/hemocell_starter/vendor/HemoCell/./palabos/src/atomicBlock/atomicBlock3D.h: At global scope:
/home/lzy/projects/hemocell_starter/vendor/HemoCell/./palabos/src/atomicBlock/atomicBlock3D.h:126:19: warning: ‘virtual plb::Box3D plb::AtomicBlock3D::getBoundingBox() const’ was hidden [-Woverloaded-virtual=]
  126 |     virtual Box3D getBoundingBox() const;
      |                   ^~~~~~~~~~~~~~
/home/lzy/projects/hemocell_starter/vendor/HemoCell/core/hemoCellParticleField.h:104:18: note:   by ‘plb::Box3D& hemo::HemoCellParticleField::getBoundingBox()’
  104 |     plb::Box3D & getBoundingBox() {
      |                  ^~~~~~~~~~~~~~
[ 13%] Building CXX object CMakeFiles/hemocell.dir/mechanics/commonCellConstants.cpp.o
In file included from /usr/lib/x86_64-linux-gnu/openmpi/include/openmpi/ompi/mpi/cxx/mpicxx.h:277,
                 from /usr/lib/x86_64-linux-gnu/openmpi/include/mpi.h:2911,
                 from /home/lzy/projects/hemocell_starter/vendor/HemoCell/./palabos/src/core/globalDefs.h:41,
                 from /home/lzy/projects/hemocell_starter/vendor/HemoCell/./palabos/src/core/blockStatistics.h:43,
                 from /home/lzy/projects/hemocell_starter/vendor/HemoCell/./palabos/src/atomicBlock/dataProcessor3D.h:43,
                 from /home/lzy/projects/hemocell_starter/vendor/HemoCell/./palabos/src/atomicBlock/dataProcessingFunctional3D.h:42,
                 from /home/lzy/projects/hemocell_starter/vendor/HemoCell/./palabos/src/atomicBlock/dataProcessorWrapper3D.h:51,
                 from /home/lzy/projects/hemocell_starter/vendor/HemoCell/./palabos/src/atomicBlock/atomicBlock3D.h:41,
                 from /home/lzy/projects/hemocell_starter/vendor/HemoCell/./palabos/src/atomicBlock/blockLattice3D.h:43,
                 from /home/lzy/projects/hemocell_starter/vendor/HemoCell/./palabos/src/multiBlock/multiBlockLattice3D.h:42,
                 from /home/lzy/projects/hemocell_starter/vendor/HemoCell/helper/genericFunctions.h:91,
                 from /home/lzy/projects/hemocell_starter/vendor/HemoCell/core/hemoCellFields.h:30,
                 from /home/lzy/projects/hemocell_starter/vendor/HemoCell/core/hemoCellParticleField.h:31,
                 from /home/lzy/projects/hemocell_starter/vendor/HemoCell/mechanics/cellMechanics.h:30,
                 from /home/lzy/projects/hemocell_starter/vendor/HemoCell/mechanics/commonCellConstants.h:25,
                 from /home/lzy/projects/hemocell_starter/vendor/HemoCell/mechanics/commonCellConstants.cpp:24:
/usr/lib/x86_64-linux-gnu/openmpi/include/openmpi/ompi/mpi/cxx/op_inln.h: In member function ‘virtual void MPI::Op::Init(void (*)(const void*, void*, int, const MPI::Datatype&), bool)’:
/usr/lib/x86_64-linux-gnu/openmpi/include/openmpi/ompi/mpi/cxx/op_inln.h:121:25: warning: cast between incompatible function types from ‘void (*)(void*, void*, int*, ompi_datatype_t**, void (*)(void*, void*, int*, ompi_datatype_t**))’ to ‘void (*)(void*, void*, int*, ompi_datatype_t**)’ [-Wcast-function-type]
  121 |     (void)MPI_Op_create((MPI_User_function*) ompi_mpi_cxx_op_intercept,
      |                         ^~~~~~~~~~~~~~~~~~~~~~~~~~~~~~~~~~~~~~~~~~~~~~
/usr/lib/x86_64-linux-gnu/openmpi/include/openmpi/ompi/mpi/cxx/op_inln.h:123:38: warning: cast between incompatible function types from ‘void (*)(const void*, void*, int, const MPI::Datatype&)’ to ‘void (*)(void*, void*, int*, ompi_datatype_t**)’ [-Wcast-function-type]
  123 |     ompi_op_set_cxx_callback(mpi_op, (MPI_User_function*) func);
      |                                      ^~~~~~~~~~~~~~~~~~~~~~~~~
[ 17%] Building CXX object CMakeFiles/hemocell.dir/mechanics/constantConversion.cpp.o
/home/lzy/projects/hemocell_starter/vendor/HemoCell/./palabos/src/atomicBlock/atomicBlock3D.h: At global scope:
/home/lzy/projects/hemocell_starter/vendor/HemoCell/./palabos/src/atomicBlock/atomicBlock3D.h:126:19: warning: ‘virtual plb::Box3D plb::AtomicBlock3D::getBoundingBox() const’ was hidden [-Woverloaded-virtual=]
  126 |     virtual Box3D getBoundingBox() const;
      |                   ^~~~~~~~~~~~~~
/home/lzy/projects/hemocell_starter/vendor/HemoCell/core/hemoCellParticleField.h:104:18: note:   by ‘plb::Box3D& hemo::HemoCellParticleField::getBoundingBox()’
  104 |     plb::Box3D & getBoundingBox() {
      |                  ^~~~~~~~~~~~~~
In file included from /usr/lib/x86_64-linux-gnu/openmpi/include/openmpi/ompi/mpi/cxx/mpicxx.h:277,
                 from /usr/lib/x86_64-linux-gnu/openmpi/include/mpi.h:2911,
                 from /home/lzy/projects/hemocell_starter/vendor/HemoCell/./palabos/src/core/globalDefs.h:41,
                 from /home/lzy/projects/hemocell_starter/vendor/HemoCell/./palabos/src/latticeBoltzmann/nearestNeighborLattices3D.h:50,
                 from /home/lzy/projects/hemocell_starter/vendor/HemoCell/config/constant_defaults.h:59,
                 from /home/lzy/projects/hemocell_starter/vendor/HemoCell/config/config.h:30,
                 from /home/lzy/projects/hemocell_starter/vendor/HemoCell/mechanics/constantConversion.h:27,
                 from /home/lzy/projects/hemocell_starter/vendor/HemoCell/mechanics/constantConversion.cpp:25:
/usr/lib/x86_64-linux-gnu/openmpi/include/openmpi/ompi/mpi/cxx/op_inln.h: In member function ‘virtual void MPI::Op::Init(void (*)(const void*, void*, int, const MPI::Datatype&), bool)’:
/usr/lib/x86_64-linux-gnu/openmpi/include/openmpi/ompi/mpi/cxx/op_inln.h:121:25: warning: cast between incompatible function types from ‘void (*)(void*, void*, int*, ompi_datatype_t**, void (*)(void*, void*, int*, ompi_datatype_t**))’ to ‘void (*)(void*, void*, int*, ompi_datatype_t**)’ [-Wcast-function-type]
  121 |     (void)MPI_Op_create((MPI_User_function*) ompi_mpi_cxx_op_intercept,
      |                         ^~~~~~~~~~~~~~~~~~~~~~~~~~~~~~~~~~~~~~~~~~~~~~
/usr/lib/x86_64-linux-gnu/openmpi/include/openmpi/ompi/mpi/cxx/op_inln.h:123:38: warning: cast between incompatible function types from ‘void (*)(const void*, void*, int, const MPI::Datatype&)’ to ‘void (*)(void*, void*, int*, ompi_datatype_t**)’ [-Wcast-function-type]
  123 |     ompi_op_set_cxx_callback(mpi_op, (MPI_User_function*) func);
      |                                      ^~~~~~~~~~~~~~~~~~~~~~~~~
[ 17%] Building CXX object CMakeFiles/hemocell.dir/mechanics/pltSimpleModel.cpp.o
[ 17%] Building CXX object CMakeFiles/hemocell.dir/mechanics/rbcHighOrderModel.cpp.o
In file included from /usr/lib/x86_64-linux-gnu/openmpi/include/openmpi/ompi/mpi/cxx/mpicxx.h:277,
                 from /usr/lib/x86_64-linux-gnu/openmpi/include/mpi.h:2911,
                 from /home/lzy/projects/hemocell_starter/vendor/HemoCell/./palabos/src/core/globalDefs.h:41,
                 from /home/lzy/projects/hemocell_starter/vendor/HemoCell/./palabos/src/latticeBoltzmann/nearestNeighborLattices3D.h:50,
                 from /home/lzy/projects/hemocell_starter/vendor/HemoCell/config/constant_defaults.h:59,
                 from /home/lzy/projects/hemocell_starter/vendor/HemoCell/config/config.h:30,
                 from /home/lzy/projects/hemocell_starter/vendor/HemoCell/mechanics/pltSimpleModel.h:27,
                 from /home/lzy/projects/hemocell_starter/vendor/HemoCell/mechanics/pltSimpleModel.cpp:24:
/usr/lib/x86_64-linux-gnu/openmpi/include/openmpi/ompi/mpi/cxx/op_inln.h: In member function ‘virtual void MPI::Op::Init(void (*)(const void*, void*, int, const MPI::Datatype&), bool)’:
/usr/lib/x86_64-linux-gnu/openmpi/include/openmpi/ompi/mpi/cxx/op_inln.h:121:25: warning: cast between incompatible function types from ‘void (*)(void*, void*, int*, ompi_datatype_t**, void (*)(void*, void*, int*, ompi_datatype_t**))’ to ‘void (*)(void*, void*, int*, ompi_datatype_t**)’ [-Wcast-function-type]
  121 |     (void)MPI_Op_create((MPI_User_function*) ompi_mpi_cxx_op_intercept,
      |                         ^~~~~~~~~~~~~~~~~~~~~~~~~~~~~~~~~~~~~~~~~~~~~~
/usr/lib/x86_64-linux-gnu/openmpi/include/openmpi/ompi/mpi/cxx/op_inln.h:123:38: warning: cast between incompatible function types from ‘void (*)(const void*, void*, int, const MPI::Datatype&)’ to ‘void (*)(void*, void*, int*, ompi_datatype_t**)’ [-Wcast-function-type]
  123 |     ompi_op_set_cxx_callback(mpi_op, (MPI_User_function*) func);
      |                                      ^~~~~~~~~~~~~~~~~~~~~~~~~
In file included from /usr/lib/x86_64-linux-gnu/openmpi/include/openmpi/ompi/mpi/cxx/mpicxx.h:277,
                 from /usr/lib/x86_64-linux-gnu/openmpi/include/mpi.h:2911,
                 from /home/lzy/projects/hemocell_starter/vendor/HemoCell/./palabos/src/core/globalDefs.h:41,
                 from /home/lzy/projects/hemocell_starter/vendor/HemoCell/./palabos/src/latticeBoltzmann/nearestNeighborLattices3D.h:50,
                 from /home/lzy/projects/hemocell_starter/vendor/HemoCell/config/constant_defaults.h:59,
                 from /home/lzy/projects/hemocell_starter/vendor/HemoCell/config/config.h:30,
                 from /home/lzy/projects/hemocell_starter/vendor/HemoCell/mechanics/rbcHighOrderModel.h:27,
                 from /home/lzy/projects/hemocell_starter/vendor/HemoCell/mechanics/rbcHighOrderModel.cpp:24:
/usr/lib/x86_64-linux-gnu/openmpi/include/openmpi/ompi/mpi/cxx/op_inln.h: In member function ‘virtual void MPI::Op::Init(void (*)(const void*, void*, int, const MPI::Datatype&), bool)’:
/usr/lib/x86_64-linux-gnu/openmpi/include/openmpi/ompi/mpi/cxx/op_inln.h:121:25: warning: cast between incompatible function types from ‘void (*)(void*, void*, int*, ompi_datatype_t**, void (*)(void*, void*, int*, ompi_datatype_t**))’ to ‘void (*)(void*, void*, int*, ompi_datatype_t**)’ [-Wcast-function-type]
  121 |     (void)MPI_Op_create((MPI_User_function*) ompi_mpi_cxx_op_intercept,
      |                         ^~~~~~~~~~~~~~~~~~~~~~~~~~~~~~~~~~~~~~~~~~~~~~
/usr/lib/x86_64-linux-gnu/openmpi/include/openmpi/ompi/mpi/cxx/op_inln.h:123:38: warning: cast between incompatible function types from ‘void (*)(const void*, void*, int, const MPI::Datatype&)’ to ‘void (*)(void*, void*, int*, ompi_datatype_t**)’ [-Wcast-function-type]
  123 |     ompi_op_set_cxx_callback(mpi_op, (MPI_User_function*) func);
      |                                      ^~~~~~~~~~~~~~~~~~~~~~~~~
In file included from /home/lzy/projects/hemocell_starter/vendor/HemoCell/./palabos/src/atomicBlock/blockLattice3D.h:43,
                 from /home/lzy/projects/hemocell_starter/vendor/HemoCell/./palabos/src/multiBlock/multiBlockLattice3D.h:42,
                 from /home/lzy/projects/hemocell_starter/vendor/HemoCell/helper/genericFunctions.h:91,
                 from /home/lzy/projects/hemocell_starter/vendor/HemoCell/core/hemoCellFields.h:30,
                 from /home/lzy/projects/hemocell_starter/vendor/HemoCell/core/hemoCellParticleField.h:31,
                 from /home/lzy/projects/hemocell_starter/vendor/HemoCell/mechanics/cellMechanics.h:30,
                 from /home/lzy/projects/hemocell_starter/vendor/HemoCell/mechanics/pltSimpleModel.h:28:
/home/lzy/projects/hemocell_starter/vendor/HemoCell/./palabos/src/atomicBlock/atomicBlock3D.h: At global scope:
/home/lzy/projects/hemocell_starter/vendor/HemoCell/./palabos/src/atomicBlock/atomicBlock3D.h:126:19: warning: ‘virtual plb::Box3D plb::AtomicBlock3D::getBoundingBox() const’ was hidden [-Woverloaded-virtual=]
  126 |     virtual Box3D getBoundingBox() const;
      |                   ^~~~~~~~~~~~~~
/home/lzy/projects/hemocell_starter/vendor/HemoCell/core/hemoCellParticleField.h:104:18: note:   by ‘plb::Box3D& hemo::HemoCellParticleField::getBoundingBox()’
  104 |     plb::Box3D & getBoundingBox() {
      |                  ^~~~~~~~~~~~~~
In file included from /home/lzy/projects/hemocell_starter/vendor/HemoCell/./palabos/src/atomicBlock/blockLattice3D.h:43,
                 from /home/lzy/projects/hemocell_starter/vendor/HemoCell/./palabos/src/multiBlock/multiBlockLattice3D.h:42,
                 from /home/lzy/projects/hemocell_starter/vendor/HemoCell/helper/genericFunctions.h:91,
                 from /home/lzy/projects/hemocell_starter/vendor/HemoCell/core/hemoCellFields.h:30,
                 from /home/lzy/projects/hemocell_starter/vendor/HemoCell/core/hemoCellParticleField.h:31,
                 from /home/lzy/projects/hemocell_starter/vendor/HemoCell/mechanics/cellMechanics.h:30,
                 from /home/lzy/projects/hemocell_starter/vendor/HemoCell/mechanics/rbcHighOrderModel.h:28:
/home/lzy/projects/hemocell_starter/vendor/HemoCell/./palabos/src/atomicBlock/atomicBlock3D.h: At global scope:
/home/lzy/projects/hemocell_starter/vendor/HemoCell/./palabos/src/atomicBlock/atomicBlock3D.h:126:19: warning: ‘virtual plb::Box3D plb::AtomicBlock3D::getBoundingBox() const’ was hidden [-Woverloaded-virtual=]
  126 |     virtual Box3D getBoundingBox() const;
      |                   ^~~~~~~~~~~~~~
/home/lzy/projects/hemocell_starter/vendor/HemoCell/core/hemoCellParticleField.h:104:18: note:   by ‘plb::Box3D& hemo::HemoCellParticleField::getBoundingBox()’
  104 |     plb::Box3D & getBoundingBox() {
      |                  ^~~~~~~~~~~~~~
[ 17%] Building CXX object CMakeFiles/hemocell.dir/mechanics/rbcMalariaModel.cpp.o
In file included from /usr/lib/x86_64-linux-gnu/openmpi/include/openmpi/ompi/mpi/cxx/mpicxx.h:277,
                 from /usr/lib/x86_64-linux-gnu/openmpi/include/mpi.h:2911,
                 from /home/lzy/projects/hemocell_starter/vendor/HemoCell/./palabos/src/core/globalDefs.h:41,
                 from /home/lzy/projects/hemocell_starter/vendor/HemoCell/./palabos/src/latticeBoltzmann/nearestNeighborLattices3D.h:50,
                 from /home/lzy/projects/hemocell_starter/vendor/HemoCell/config/constant_defaults.h:59,
                 from /home/lzy/projects/hemocell_starter/vendor/HemoCell/config/config.h:30,
                 from /home/lzy/projects/hemocell_starter/vendor/HemoCell/mechanics/rbcMalariaModel.h:27,
                 from /home/lzy/projects/hemocell_starter/vendor/HemoCell/mechanics/rbcMalariaModel.cpp:24:
/usr/lib/x86_64-linux-gnu/openmpi/include/openmpi/ompi/mpi/cxx/op_inln.h: In member function ‘virtual void MPI::Op::Init(void (*)(const void*, void*, int, const MPI::Datatype&), bool)’:
/usr/lib/x86_64-linux-gnu/openmpi/include/openmpi/ompi/mpi/cxx/op_inln.h:121:25: warning: cast between incompatible function types from ‘void (*)(void*, void*, int*, ompi_datatype_t**, void (*)(void*, void*, int*, ompi_datatype_t**))’ to ‘void (*)(void*, void*, int*, ompi_datatype_t**)’ [-Wcast-function-type]
  121 |     (void)MPI_Op_create((MPI_User_function*) ompi_mpi_cxx_op_intercept,
      |                         ^~~~~~~~~~~~~~~~~~~~~~~~~~~~~~~~~~~~~~~~~~~~~~
/usr/lib/x86_64-linux-gnu/openmpi/include/openmpi/ompi/mpi/cxx/op_inln.h:123:38: warning: cast between incompatible function types from ‘void (*)(const void*, void*, int, const MPI::Datatype&)’ to ‘void (*)(void*, void*, int*, ompi_datatype_t**)’ [-Wcast-function-type]
  123 |     ompi_op_set_cxx_callback(mpi_op, (MPI_User_function*) func);
      |                                      ^~~~~~~~~~~~~~~~~~~~~~~~~
In file included from /home/lzy/projects/hemocell_starter/vendor/HemoCell/./palabos/src/atomicBlock/blockLattice3D.h:43,
                 from /home/lzy/projects/hemocell_starter/vendor/HemoCell/./palabos/src/multiBlock/multiBlockLattice3D.h:42,
                 from /home/lzy/projects/hemocell_starter/vendor/HemoCell/helper/genericFunctions.h:91,
                 from /home/lzy/projects/hemocell_starter/vendor/HemoCell/core/hemoCellFields.h:30,
                 from /home/lzy/projects/hemocell_starter/vendor/HemoCell/core/hemoCellParticleField.h:31,
                 from /home/lzy/projects/hemocell_starter/vendor/HemoCell/mechanics/cellMechanics.h:30,
                 from /home/lzy/projects/hemocell_starter/vendor/HemoCell/mechanics/rbcMalariaModel.h:28:
/home/lzy/projects/hemocell_starter/vendor/HemoCell/./palabos/src/atomicBlock/atomicBlock3D.h: At global scope:
/home/lzy/projects/hemocell_starter/vendor/HemoCell/./palabos/src/atomicBlock/atomicBlock3D.h:126:19: warning: ‘virtual plb::Box3D plb::AtomicBlock3D::getBoundingBox() const’ was hidden [-Woverloaded-virtual=]
  126 |     virtual Box3D getBoundingBox() const;
      |                   ^~~~~~~~~~~~~~
/home/lzy/projects/hemocell_starter/vendor/HemoCell/core/hemoCellParticleField.h:104:18: note:   by ‘plb::Box3D& hemo::HemoCellParticleField::getBoundingBox()’
  104 |     plb::Box3D & getBoundingBox() {
      |                  ^~~~~~~~~~~~~~
[ 17%] Building CXX object CMakeFiles/hemocell.dir/mechanics/wbcHighOrderModel.cpp.o
In file included from /usr/lib/x86_64-linux-gnu/openmpi/include/openmpi/ompi/mpi/cxx/mpicxx.h:277,
                 from /usr/lib/x86_64-linux-gnu/openmpi/include/mpi.h:2911,
                 from /home/lzy/projects/hemocell_starter/vendor/HemoCell/./palabos/src/core/globalDefs.h:41,
                 from /home/lzy/projects/hemocell_starter/vendor/HemoCell/./palabos/src/latticeBoltzmann/nearestNeighborLattices3D.h:50,
                 from /home/lzy/projects/hemocell_starter/vendor/HemoCell/config/constant_defaults.h:59,
                 from /home/lzy/projects/hemocell_starter/vendor/HemoCell/config/config.h:30,
                 from /home/lzy/projects/hemocell_starter/vendor/HemoCell/mechanics/wbcHighOrderModel.h:27,
                 from /home/lzy/projects/hemocell_starter/vendor/HemoCell/mechanics/wbcHighOrderModel.cpp:24:
/usr/lib/x86_64-linux-gnu/openmpi/include/openmpi/ompi/mpi/cxx/op_inln.h: In member function ‘virtual void MPI::Op::Init(void (*)(const void*, void*, int, const MPI::Datatype&), bool)’:
/usr/lib/x86_64-linux-gnu/openmpi/include/openmpi/ompi/mpi/cxx/op_inln.h:121:25: warning: cast between incompatible function types from ‘void (*)(void*, void*, int*, ompi_datatype_t**, void (*)(void*, void*, int*, ompi_datatype_t**))’ to ‘void (*)(void*, void*, int*, ompi_datatype_t**)’ [-Wcast-function-type]
  121 |     (void)MPI_Op_create((MPI_User_function*) ompi_mpi_cxx_op_intercept,
      |                         ^~~~~~~~~~~~~~~~~~~~~~~~~~~~~~~~~~~~~~~~~~~~~~
/usr/lib/x86_64-linux-gnu/openmpi/include/openmpi/ompi/mpi/cxx/op_inln.h:123:38: warning: cast between incompatible function types from ‘void (*)(const void*, void*, int, const MPI::Datatype&)’ to ‘void (*)(void*, void*, int*, ompi_datatype_t**)’ [-Wcast-function-type]
  123 |     ompi_op_set_cxx_callback(mpi_op, (MPI_User_function*) func);
      |                                      ^~~~~~~~~~~~~~~~~~~~~~~~~
In file included from /home/lzy/projects/hemocell_starter/vendor/HemoCell/./palabos/src/atomicBlock/blockLattice3D.h:43,
                 from /home/lzy/projects/hemocell_starter/vendor/HemoCell/./palabos/src/multiBlock/multiBlockLattice3D.h:42,
                 from /home/lzy/projects/hemocell_starter/vendor/HemoCell/helper/genericFunctions.h:91,
                 from /home/lzy/projects/hemocell_starter/vendor/HemoCell/core/hemoCellFields.h:30,
                 from /home/lzy/projects/hemocell_starter/vendor/HemoCell/core/hemoCellParticleField.h:31,
                 from /home/lzy/projects/hemocell_starter/vendor/HemoCell/mechanics/cellMechanics.h:30,
                 from /home/lzy/projects/hemocell_starter/vendor/HemoCell/mechanics/wbcHighOrderModel.h:28:
/home/lzy/projects/hemocell_starter/vendor/HemoCell/./palabos/src/atomicBlock/atomicBlock3D.h: At global scope:
/home/lzy/projects/hemocell_starter/vendor/HemoCell/./palabos/src/atomicBlock/atomicBlock3D.h:126:19: warning: ‘virtual plb::Box3D plb::AtomicBlock3D::getBoundingBox() const’ was hidden [-Woverloaded-virtual=]
  126 |     virtual Box3D getBoundingBox() const;
      |                   ^~~~~~~~~~~~~~
/home/lzy/projects/hemocell_starter/vendor/HemoCell/core/hemoCellParticleField.h:104:18: note:   by ‘plb::Box3D& hemo::HemoCellParticleField::getBoundingBox()’
  104 |     plb::Box3D & getBoundingBox() {
      |                  ^~~~~~~~~~~~~~
[ 17%] Building CXX object CMakeFiles/hemocell.dir/external/tinyxml2/tinyxml2.cpp.o
/home/lzy/projects/hemocell_starter/vendor/HemoCell/external/tinyxml2/tinyxml2.cpp: In static member function ‘static void tinyxml2::XMLUtil::ConvertUTF32ToUTF8(long unsigned int, char*, int*)’:
/home/lzy/projects/hemocell_starter/vendor/HemoCell/external/tinyxml2/tinyxml2.cpp:435:19: warning: this statement may fall through [-Wimplicit-fallthrough=]
  435 |             input >>= 6;
      |             ~~~~~~^~~~~
/home/lzy/projects/hemocell_starter/vendor/HemoCell/external/tinyxml2/tinyxml2.cpp:436:9: note: here
  436 |         case 3:
      |         ^~~~
/home/lzy/projects/hemocell_starter/vendor/HemoCell/external/tinyxml2/tinyxml2.cpp:439:19: warning: this statement may fall through [-Wimplicit-fallthrough=]
  439 |             input >>= 6;
      |             ~~~~~~^~~~~
/home/lzy/projects/hemocell_starter/vendor/HemoCell/external/tinyxml2/tinyxml2.cpp:440:9: note: here
  440 |         case 2:
      |         ^~~~
/home/lzy/projects/hemocell_starter/vendor/HemoCell/external/tinyxml2/tinyxml2.cpp:443:19: warning: this statement may fall through [-Wimplicit-fallthrough=]
  443 |             input >>= 6;
      |             ~~~~~~^~~~~
/home/lzy/projects/hemocell_starter/vendor/HemoCell/external/tinyxml2/tinyxml2.cpp:444:9: note: here
  444 |         case 1:
      |         ^~~~
[ 20%] Building CXX object CMakeFiles/hemocell.dir/palabos/src/algorithm/basicAlgorithms.cpp.o
In file included from /usr/lib/x86_64-linux-gnu/openmpi/include/openmpi/ompi/mpi/cxx/mpicxx.h:277,
                 from /usr/lib/x86_64-linux-gnu/openmpi/include/mpi.h:2911,
                 from /home/lzy/projects/hemocell_starter/vendor/HemoCell/./palabos/src/core/globalDefs.h:41,
                 from /home/lzy/projects/hemocell_starter/vendor/HemoCell/./palabos/src/algorithm/basicAlgorithms.h:39,
                 from /home/lzy/projects/hemocell_starter/vendor/HemoCell/palabos/src/algorithm/basicAlgorithms.cpp:34:
/usr/lib/x86_64-linux-gnu/openmpi/include/openmpi/ompi/mpi/cxx/op_inln.h: In member function ‘virtual void MPI::Op::Init(void (*)(const void*, void*, int, const MPI::Datatype&), bool)’:
/usr/lib/x86_64-linux-gnu/openmpi/include/openmpi/ompi/mpi/cxx/op_inln.h:121:25: warning: cast between incompatible function types from ‘void (*)(void*, void*, int*, ompi_datatype_t**, void (*)(void*, void*, int*, ompi_datatype_t**))’ to ‘void (*)(void*, void*, int*, ompi_datatype_t**)’ [-Wcast-function-type]
  121 |     (void)MPI_Op_create((MPI_User_function*) ompi_mpi_cxx_op_intercept,
      |                         ^~~~~~~~~~~~~~~~~~~~~~~~~~~~~~~~~~~~~~~~~~~~~~
/usr/lib/x86_64-linux-gnu/openmpi/include/openmpi/ompi/mpi/cxx/op_inln.h:123:38: warning: cast between incompatible function types from ‘void (*)(const void*, void*, int, const MPI::Datatype&)’ to ‘void (*)(void*, void*, int*, ompi_datatype_t**)’ [-Wcast-function-type]
  123 |     ompi_op_set_cxx_callback(mpi_op, (MPI_User_function*) func);
      |                                      ^~~~~~~~~~~~~~~~~~~~~~~~~
[ 20%] Building CXX object CMakeFiles/hemocell.dir/palabos/src/algorithm/empiricalData.cpp.o
[ 20%] Building CXX object CMakeFiles/hemocell.dir/palabos/src/algorithm/statistics.cpp.o
In file included from /usr/lib/x86_64-linux-gnu/openmpi/include/openmpi/ompi/mpi/cxx/mpicxx.h:277,
                 from /usr/lib/x86_64-linux-gnu/openmpi/include/mpi.h:2911,
                 from /home/lzy/projects/hemocell_starter/vendor/HemoCell/./palabos/src/core/globalDefs.h:41,
                 from /home/lzy/projects/hemocell_starter/vendor/HemoCell/./palabos/src/algorithm/empiricalData.h:37,
                 from /home/lzy/projects/hemocell_starter/vendor/HemoCell/palabos/src/algorithm/empiricalData.cpp:34:
/usr/lib/x86_64-linux-gnu/openmpi/include/openmpi/ompi/mpi/cxx/op_inln.h: In member function ‘virtual void MPI::Op::Init(void (*)(const void*, void*, int, const MPI::Datatype&), bool)’:
/usr/lib/x86_64-linux-gnu/openmpi/include/openmpi/ompi/mpi/cxx/op_inln.h:121:25: warning: cast between incompatible function types from ‘void (*)(void*, void*, int*, ompi_datatype_t**, void (*)(void*, void*, int*, ompi_datatype_t**))’ to ‘void (*)(void*, void*, int*, ompi_datatype_t**)’ [-Wcast-function-type]
  121 |     (void)MPI_Op_create((MPI_User_function*) ompi_mpi_cxx_op_intercept,
      |                         ^~~~~~~~~~~~~~~~~~~~~~~~~~~~~~~~~~~~~~~~~~~~~~
/usr/lib/x86_64-linux-gnu/openmpi/include/openmpi/ompi/mpi/cxx/op_inln.h:123:38: warning: cast between incompatible function types from ‘void (*)(const void*, void*, int, const MPI::Datatype&)’ to ‘void (*)(void*, void*, int*, ompi_datatype_t**)’ [-Wcast-function-type]
  123 |     ompi_op_set_cxx_callback(mpi_op, (MPI_User_function*) func);
      |                                      ^~~~~~~~~~~~~~~~~~~~~~~~~
In file included from /usr/lib/x86_64-linux-gnu/openmpi/include/openmpi/ompi/mpi/cxx/mpicxx.h:277,
                 from /usr/lib/x86_64-linux-gnu/openmpi/include/mpi.h:2911,
                 from /home/lzy/projects/hemocell_starter/vendor/HemoCell/./palabos/src/core/globalDefs.h:41,
                 from /home/lzy/projects/hemocell_starter/vendor/HemoCell/./palabos/src/algorithm/statistics.h:39,
                 from /home/lzy/projects/hemocell_starter/vendor/HemoCell/palabos/src/algorithm/statistics.cpp:34:
/usr/lib/x86_64-linux-gnu/openmpi/include/openmpi/ompi/mpi/cxx/op_inln.h: In member function ‘virtual void MPI::Op::Init(void (*)(const void*, void*, int, const MPI::Datatype&), bool)’:
/usr/lib/x86_64-linux-gnu/openmpi/include/openmpi/ompi/mpi/cxx/op_inln.h:121:25: warning: cast between incompatible function types from ‘void (*)(void*, void*, int*, ompi_datatype_t**, void (*)(void*, void*, int*, ompi_datatype_t**))’ to ‘void (*)(void*, void*, int*, ompi_datatype_t**)’ [-Wcast-function-type]
  121 |     (void)MPI_Op_create((MPI_User_function*) ompi_mpi_cxx_op_intercept,
      |                         ^~~~~~~~~~~~~~~~~~~~~~~~~~~~~~~~~~~~~~~~~~~~~~
/usr/lib/x86_64-linux-gnu/openmpi/include/openmpi/ompi/mpi/cxx/op_inln.h:123:38: warning: cast between incompatible function types from ‘void (*)(const void*, void*, int, const MPI::Datatype&)’ to ‘void (*)(void*, void*, int*, ompi_datatype_t**)’ [-Wcast-function-type]
  123 |     ompi_op_set_cxx_callback(mpi_op, (MPI_User_function*) func);
      |                                      ^~~~~~~~~~~~~~~~~~~~~~~~~
[ 20%] Building CXX object CMakeFiles/hemocell.dir/palabos/src/atomicBlock/atomicBlock2D.cpp.o
[ 20%] Building CXX object CMakeFiles/hemocell.dir/palabos/src/atomicBlock/atomicBlock3D.cpp.o
In file included from /usr/lib/x86_64-linux-gnu/openmpi/include/openmpi/ompi/mpi/cxx/mpicxx.h:277,
                 from /usr/lib/x86_64-linux-gnu/openmpi/include/mpi.h:2911,
                 from /home/lzy/projects/hemocell_starter/vendor/HemoCell/./palabos/src/core/globalDefs.h:41,
                 from /home/lzy/projects/hemocell_starter/vendor/HemoCell/./palabos/src/core/blockStatistics.h:43,
                 from /home/lzy/projects/hemocell_starter/vendor/HemoCell/./palabos/src/atomicBlock/dataProcessor2D.h:43,
                 from /home/lzy/projects/hemocell_starter/vendor/HemoCell/./palabos/src/atomicBlock/dataProcessingFunctional2D.h:42,
                 from /home/lzy/projects/hemocell_starter/vendor/HemoCell/./palabos/src/atomicBlock/dataProcessorWrapper2D.h:51,
                 from /home/lzy/projects/hemocell_starter/vendor/HemoCell/./palabos/src/atomicBlock/atomicBlock2D.h:40,
                 from /home/lzy/projects/hemocell_starter/vendor/HemoCell/palabos/src/atomicBlock/atomicBlock2D.cpp:37:
/usr/lib/x86_64-linux-gnu/openmpi/include/openmpi/ompi/mpi/cxx/op_inln.h: In member function ‘virtual void MPI::Op::Init(void (*)(const void*, void*, int, const MPI::Datatype&), bool)’:
/usr/lib/x86_64-linux-gnu/openmpi/include/openmpi/ompi/mpi/cxx/op_inln.h:121:25: warning: cast between incompatible function types from ‘void (*)(void*, void*, int*, ompi_datatype_t**, void (*)(void*, void*, int*, ompi_datatype_t**))’ to ‘void (*)(void*, void*, int*, ompi_datatype_t**)’ [-Wcast-function-type]
  121 |     (void)MPI_Op_create((MPI_User_function*) ompi_mpi_cxx_op_intercept,
      |                         ^~~~~~~~~~~~~~~~~~~~~~~~~~~~~~~~~~~~~~~~~~~~~~
/usr/lib/x86_64-linux-gnu/openmpi/include/openmpi/ompi/mpi/cxx/op_inln.h:123:38: warning: cast between incompatible function types from ‘void (*)(const void*, void*, int, const MPI::Datatype&)’ to ‘void (*)(void*, void*, int*, ompi_datatype_t**)’ [-Wcast-function-type]
  123 |     ompi_op_set_cxx_callback(mpi_op, (MPI_User_function*) func);
      |                                      ^~~~~~~~~~~~~~~~~~~~~~~~~
In file included from /usr/lib/x86_64-linux-gnu/openmpi/include/openmpi/ompi/mpi/cxx/mpicxx.h:277,
                 from /usr/lib/x86_64-linux-gnu/openmpi/include/mpi.h:2911,
                 from /home/lzy/projects/hemocell_starter/vendor/HemoCell/./palabos/src/core/globalDefs.h:41,
                 from /home/lzy/projects/hemocell_starter/vendor/HemoCell/./palabos/src/core/blockStatistics.h:43,
                 from /home/lzy/projects/hemocell_starter/vendor/HemoCell/./palabos/src/atomicBlock/dataProcessor3D.h:43,
                 from /home/lzy/projects/hemocell_starter/vendor/HemoCell/./palabos/src/atomicBlock/dataProcessingFunctional3D.h:42,
                 from /home/lzy/projects/hemocell_starter/vendor/HemoCell/./palabos/src/atomicBlock/dataProcessorWrapper3D.h:51,
                 from /home/lzy/projects/hemocell_starter/vendor/HemoCell/./palabos/src/atomicBlock/atomicBlock3D.h:41,
                 from /home/lzy/projects/hemocell_starter/vendor/HemoCell/palabos/src/atomicBlock/atomicBlock3D.cpp:37:
/usr/lib/x86_64-linux-gnu/openmpi/include/openmpi/ompi/mpi/cxx/op_inln.h: In member function ‘virtual void MPI::Op::Init(void (*)(const void*, void*, int, const MPI::Datatype&), bool)’:
/usr/lib/x86_64-linux-gnu/openmpi/include/openmpi/ompi/mpi/cxx/op_inln.h:121:25: warning: cast between incompatible function types from ‘void (*)(void*, void*, int*, ompi_datatype_t**, void (*)(void*, void*, int*, ompi_datatype_t**))’ to ‘void (*)(void*, void*, int*, ompi_datatype_t**)’ [-Wcast-function-type]
  121 |     (void)MPI_Op_create((MPI_User_function*) ompi_mpi_cxx_op_intercept,
      |                         ^~~~~~~~~~~~~~~~~~~~~~~~~~~~~~~~~~~~~~~~~~~~~~
/usr/lib/x86_64-linux-gnu/openmpi/include/openmpi/ompi/mpi/cxx/op_inln.h:123:38: warning: cast between incompatible function types from ‘void (*)(const void*, void*, int, const MPI::Datatype&)’ to ‘void (*)(void*, void*, int*, ompi_datatype_t**)’ [-Wcast-function-type]
  123 |     ompi_op_set_cxx_callback(mpi_op, (MPI_User_function*) func);
      |                                      ^~~~~~~~~~~~~~~~~~~~~~~~~
[ 20%] Building CXX object CMakeFiles/hemocell.dir/palabos/src/atomicBlock/atomicBlockOperations2D.cpp.o
[ 24%] Building CXX object CMakeFiles/hemocell.dir/palabos/src/atomicBlock/atomicBlockOperations3D.cpp.o
In file included from /usr/lib/x86_64-linux-gnu/openmpi/include/openmpi/ompi/mpi/cxx/mpicxx.h:277,
                 from /usr/lib/x86_64-linux-gnu/openmpi/include/mpi.h:2911,
                 from /home/lzy/projects/hemocell_starter/vendor/HemoCell/./palabos/src/core/globalDefs.h:41,
                 from /home/lzy/projects/hemocell_starter/vendor/HemoCell/./palabos/src/core/blockStatistics.h:43,
                 from /home/lzy/projects/hemocell_starter/vendor/HemoCell/./palabos/src/atomicBlock/dataProcessor2D.h:43,
                 from /home/lzy/projects/hemocell_starter/vendor/HemoCell/./palabos/src/atomicBlock/dataProcessingFunctional2D.h:42,
                 from /home/lzy/projects/hemocell_starter/vendor/HemoCell/./palabos/src/atomicBlock/dataProcessorWrapper2D.h:51,
                 from /home/lzy/projects/hemocell_starter/vendor/HemoCell/./palabos/src/atomicBlock/atomicBlock2D.h:40,
                 from /home/lzy/projects/hemocell_starter/vendor/HemoCell/./palabos/src/atomicBlock/atomicBlockOperations2D.h:48,
                 from /home/lzy/projects/hemocell_starter/vendor/HemoCell/palabos/src/atomicBlock/atomicBlockOperations2D.cpp:38:
/usr/lib/x86_64-linux-gnu/openmpi/include/openmpi/ompi/mpi/cxx/op_inln.h: In member function ‘virtual void MPI::Op::Init(void (*)(const void*, void*, int, const MPI::Datatype&), bool)’:
/usr/lib/x86_64-linux-gnu/openmpi/include/openmpi/ompi/mpi/cxx/op_inln.h:121:25: warning: cast between incompatible function types from ‘void (*)(void*, void*, int*, ompi_datatype_t**, void (*)(void*, void*, int*, ompi_datatype_t**))’ to ‘void (*)(void*, void*, int*, ompi_datatype_t**)’ [-Wcast-function-type]
  121 |     (void)MPI_Op_create((MPI_User_function*) ompi_mpi_cxx_op_intercept,
      |                         ^~~~~~~~~~~~~~~~~~~~~~~~~~~~~~~~~~~~~~~~~~~~~~
/usr/lib/x86_64-linux-gnu/openmpi/include/openmpi/ompi/mpi/cxx/op_inln.h:123:38: warning: cast between incompatible function types from ‘void (*)(const void*, void*, int, const MPI::Datatype&)’ to ‘void (*)(void*, void*, int*, ompi_datatype_t**)’ [-Wcast-function-type]
  123 |     ompi_op_set_cxx_callback(mpi_op, (MPI_User_function*) func);
      |                                      ^~~~~~~~~~~~~~~~~~~~~~~~~
In file included from /usr/lib/x86_64-linux-gnu/openmpi/include/openmpi/ompi/mpi/cxx/mpicxx.h:277,
                 from /usr/lib/x86_64-linux-gnu/openmpi/include/mpi.h:2911,
                 from /home/lzy/projects/hemocell_starter/vendor/HemoCell/./palabos/src/core/globalDefs.h:41,
                 from /home/lzy/projects/hemocell_starter/vendor/HemoCell/./palabos/src/core/blockStatistics.h:43,
                 from /home/lzy/projects/hemocell_starter/vendor/HemoCell/./palabos/src/atomicBlock/dataProcessor3D.h:43,
                 from /home/lzy/projects/hemocell_starter/vendor/HemoCell/./palabos/src/atomicBlock/dataProcessingFunctional3D.h:42,
                 from /home/lzy/projects/hemocell_starter/vendor/HemoCell/./palabos/src/atomicBlock/dataProcessorWrapper3D.h:51,
                 from /home/lzy/projects/hemocell_starter/vendor/HemoCell/./palabos/src/atomicBlock/atomicBlock3D.h:41,
                 from /home/lzy/projects/hemocell_starter/vendor/HemoCell/./palabos/src/atomicBlock/atomicBlockOperations3D.h:48,
                 from /home/lzy/projects/hemocell_starter/vendor/HemoCell/palabos/src/atomicBlock/atomicBlockOperations3D.cpp:38:
/usr/lib/x86_64-linux-gnu/openmpi/include/openmpi/ompi/mpi/cxx/op_inln.h: In member function ‘virtual void MPI::Op::Init(void (*)(const void*, void*, int, const MPI::Datatype&), bool)’:
/usr/lib/x86_64-linux-gnu/openmpi/include/openmpi/ompi/mpi/cxx/op_inln.h:121:25: warning: cast between incompatible function types from ‘void (*)(void*, void*, int*, ompi_datatype_t**, void (*)(void*, void*, int*, ompi_datatype_t**))’ to ‘void (*)(void*, void*, int*, ompi_datatype_t**)’ [-Wcast-function-type]
  121 |     (void)MPI_Op_create((MPI_User_function*) ompi_mpi_cxx_op_intercept,
      |                         ^~~~~~~~~~~~~~~~~~~~~~~~~~~~~~~~~~~~~~~~~~~~~~
/usr/lib/x86_64-linux-gnu/openmpi/include/openmpi/ompi/mpi/cxx/op_inln.h:123:38: warning: cast between incompatible function types from ‘void (*)(const void*, void*, int, const MPI::Datatype&)’ to ‘void (*)(void*, void*, int*, ompi_datatype_t**)’ [-Wcast-function-type]
  123 |     ompi_op_set_cxx_callback(mpi_op, (MPI_User_function*) func);
      |                                      ^~~~~~~~~~~~~~~~~~~~~~~~~
[ 24%] Building CXX object CMakeFiles/hemocell.dir/palabos/src/atomicBlock/atomicBlockSerializer2D.cpp.o
[ 24%] Building CXX object CMakeFiles/hemocell.dir/palabos/src/atomicBlock/atomicBlockSerializer3D.cpp.o
In file included from /usr/lib/x86_64-linux-gnu/openmpi/include/openmpi/ompi/mpi/cxx/mpicxx.h:277,
                 from /usr/lib/x86_64-linux-gnu/openmpi/include/mpi.h:2911,
                 from /home/lzy/projects/hemocell_starter/vendor/HemoCell/./palabos/src/core/globalDefs.h:41,
                 from /home/lzy/projects/hemocell_starter/vendor/HemoCell/./palabos/src/core/blockStatistics.h:43,
                 from /home/lzy/projects/hemocell_starter/vendor/HemoCell/./palabos/src/atomicBlock/dataProcessor2D.h:43,
                 from /home/lzy/projects/hemocell_starter/vendor/HemoCell/./palabos/src/atomicBlock/dataProcessingFunctional2D.h:42,
                 from /home/lzy/projects/hemocell_starter/vendor/HemoCell/./palabos/src/atomicBlock/dataProcessorWrapper2D.h:51,
                 from /home/lzy/projects/hemocell_starter/vendor/HemoCell/./palabos/src/atomicBlock/atomicBlock2D.h:40,
                 from /home/lzy/projects/hemocell_starter/vendor/HemoCell/./palabos/src/atomicBlock/atomicBlockSerializer2D.h:40,
                 from /home/lzy/projects/hemocell_starter/vendor/HemoCell/palabos/src/atomicBlock/atomicBlockSerializer2D.cpp:38:
/usr/lib/x86_64-linux-gnu/openmpi/include/openmpi/ompi/mpi/cxx/op_inln.h: In member function ‘virtual void MPI::Op::Init(void (*)(const void*, void*, int, const MPI::Datatype&), bool)’:
/usr/lib/x86_64-linux-gnu/openmpi/include/openmpi/ompi/mpi/cxx/op_inln.h:121:25: warning: cast between incompatible function types from ‘void (*)(void*, void*, int*, ompi_datatype_t**, void (*)(void*, void*, int*, ompi_datatype_t**))’ to ‘void (*)(void*, void*, int*, ompi_datatype_t**)’ [-Wcast-function-type]
  121 |     (void)MPI_Op_create((MPI_User_function*) ompi_mpi_cxx_op_intercept,
      |                         ^~~~~~~~~~~~~~~~~~~~~~~~~~~~~~~~~~~~~~~~~~~~~~
/usr/lib/x86_64-linux-gnu/openmpi/include/openmpi/ompi/mpi/cxx/op_inln.h:123:38: warning: cast between incompatible function types from ‘void (*)(const void*, void*, int, const MPI::Datatype&)’ to ‘void (*)(void*, void*, int*, ompi_datatype_t**)’ [-Wcast-function-type]
  123 |     ompi_op_set_cxx_callback(mpi_op, (MPI_User_function*) func);
      |                                      ^~~~~~~~~~~~~~~~~~~~~~~~~
In file included from /usr/lib/x86_64-linux-gnu/openmpi/include/openmpi/ompi/mpi/cxx/mpicxx.h:277,
                 from /usr/lib/x86_64-linux-gnu/openmpi/include/mpi.h:2911,
                 from /home/lzy/projects/hemocell_starter/vendor/HemoCell/./palabos/src/core/globalDefs.h:41,
                 from /home/lzy/projects/hemocell_starter/vendor/HemoCell/./palabos/src/core/blockStatistics.h:43,
                 from /home/lzy/projects/hemocell_starter/vendor/HemoCell/./palabos/src/atomicBlock/dataProcessor3D.h:43,
                 from /home/lzy/projects/hemocell_starter/vendor/HemoCell/./palabos/src/atomicBlock/dataProcessingFunctional3D.h:42,
                 from /home/lzy/projects/hemocell_starter/vendor/HemoCell/./palabos/src/atomicBlock/dataProcessorWrapper3D.h:51,
                 from /home/lzy/projects/hemocell_starter/vendor/HemoCell/./palabos/src/atomicBlock/atomicBlock3D.h:41,
                 from /home/lzy/projects/hemocell_starter/vendor/HemoCell/./palabos/src/atomicBlock/atomicBlockSerializer3D.h:40,
                 from /home/lzy/projects/hemocell_starter/vendor/HemoCell/palabos/src/atomicBlock/atomicBlockSerializer3D.cpp:38:
/usr/lib/x86_64-linux-gnu/openmpi/include/openmpi/ompi/mpi/cxx/op_inln.h: In member function ‘virtual void MPI::Op::Init(void (*)(const void*, void*, int, const MPI::Datatype&), bool)’:
/usr/lib/x86_64-linux-gnu/openmpi/include/openmpi/ompi/mpi/cxx/op_inln.h:121:25: warning: cast between incompatible function types from ‘void (*)(void*, void*, int*, ompi_datatype_t**, void (*)(void*, void*, int*, ompi_datatype_t**))’ to ‘void (*)(void*, void*, int*, ompi_datatype_t**)’ [-Wcast-function-type]
  121 |     (void)MPI_Op_create((MPI_User_function*) ompi_mpi_cxx_op_intercept,
      |                         ^~~~~~~~~~~~~~~~~~~~~~~~~~~~~~~~~~~~~~~~~~~~~~
/usr/lib/x86_64-linux-gnu/openmpi/include/openmpi/ompi/mpi/cxx/op_inln.h:123:38: warning: cast between incompatible function types from ‘void (*)(const void*, void*, int, const MPI::Datatype&)’ to ‘void (*)(void*, void*, int*, ompi_datatype_t**)’ [-Wcast-function-type]
  123 |     ompi_op_set_cxx_callback(mpi_op, (MPI_User_function*) func);
      |                                      ^~~~~~~~~~~~~~~~~~~~~~~~~
[ 24%] Building CXX object CMakeFiles/hemocell.dir/palabos/src/atomicBlock/atomicContainerBlock2D.cpp.o
[ 24%] Building CXX object CMakeFiles/hemocell.dir/palabos/src/atomicBlock/atomicContainerBlock3D.cpp.o
In file included from /usr/lib/x86_64-linux-gnu/openmpi/include/openmpi/ompi/mpi/cxx/mpicxx.h:277,
                 from /usr/lib/x86_64-linux-gnu/openmpi/include/mpi.h:2911,
                 from /home/lzy/projects/hemocell_starter/vendor/HemoCell/./palabos/src/core/globalDefs.h:41,
                 from /home/lzy/projects/hemocell_starter/vendor/HemoCell/./palabos/src/core/blockStatistics.h:43,
                 from /home/lzy/projects/hemocell_starter/vendor/HemoCell/./palabos/src/atomicBlock/dataProcessor2D.h:43,
                 from /home/lzy/projects/hemocell_starter/vendor/HemoCell/./palabos/src/atomicBlock/dataProcessingFunctional2D.h:42,
                 from /home/lzy/projects/hemocell_starter/vendor/HemoCell/./palabos/src/atomicBlock/dataProcessorWrapper2D.h:51,
                 from /home/lzy/projects/hemocell_starter/vendor/HemoCell/./palabos/src/atomicBlock/atomicBlock2D.h:40,
                 from /home/lzy/projects/hemocell_starter/vendor/HemoCell/./palabos/src/atomicBlock/atomicContainerBlock2D.h:42,
                 from /home/lzy/projects/hemocell_starter/vendor/HemoCell/palabos/src/atomicBlock/atomicContainerBlock2D.cpp:34:
/usr/lib/x86_64-linux-gnu/openmpi/include/openmpi/ompi/mpi/cxx/op_inln.h: In member function ‘virtual void MPI::Op::Init(void (*)(const void*, void*, int, const MPI::Datatype&), bool)’:
/usr/lib/x86_64-linux-gnu/openmpi/include/openmpi/ompi/mpi/cxx/op_inln.h:121:25: warning: cast between incompatible function types from ‘void (*)(void*, void*, int*, ompi_datatype_t**, void (*)(void*, void*, int*, ompi_datatype_t**))’ to ‘void (*)(void*, void*, int*, ompi_datatype_t**)’ [-Wcast-function-type]
  121 |     (void)MPI_Op_create((MPI_User_function*) ompi_mpi_cxx_op_intercept,
      |                         ^~~~~~~~~~~~~~~~~~~~~~~~~~~~~~~~~~~~~~~~~~~~~~
/usr/lib/x86_64-linux-gnu/openmpi/include/openmpi/ompi/mpi/cxx/op_inln.h:123:38: warning: cast between incompatible function types from ‘void (*)(const void*, void*, int, const MPI::Datatype&)’ to ‘void (*)(void*, void*, int*, ompi_datatype_t**)’ [-Wcast-function-type]
  123 |     ompi_op_set_cxx_callback(mpi_op, (MPI_User_function*) func);
      |                                      ^~~~~~~~~~~~~~~~~~~~~~~~~
In file included from /usr/lib/x86_64-linux-gnu/openmpi/include/openmpi/ompi/mpi/cxx/mpicxx.h:277,
                 from /usr/lib/x86_64-linux-gnu/openmpi/include/mpi.h:2911,
                 from /home/lzy/projects/hemocell_starter/vendor/HemoCell/./palabos/src/core/globalDefs.h:41,
                 from /home/lzy/projects/hemocell_starter/vendor/HemoCell/./palabos/src/core/blockStatistics.h:43,
                 from /home/lzy/projects/hemocell_starter/vendor/HemoCell/./palabos/src/atomicBlock/dataProcessor3D.h:43,
                 from /home/lzy/projects/hemocell_starter/vendor/HemoCell/./palabos/src/atomicBlock/dataProcessingFunctional3D.h:42,
                 from /home/lzy/projects/hemocell_starter/vendor/HemoCell/./palabos/src/atomicBlock/dataProcessorWrapper3D.h:51,
                 from /home/lzy/projects/hemocell_starter/vendor/HemoCell/./palabos/src/atomicBlock/atomicBlock3D.h:41,
                 from /home/lzy/projects/hemocell_starter/vendor/HemoCell/./palabos/src/atomicBlock/atomicContainerBlock3D.h:42,
                 from /home/lzy/projects/hemocell_starter/vendor/HemoCell/palabos/src/atomicBlock/atomicContainerBlock3D.cpp:34:
/usr/lib/x86_64-linux-gnu/openmpi/include/openmpi/ompi/mpi/cxx/op_inln.h: In member function ‘virtual void MPI::Op::Init(void (*)(const void*, void*, int, const MPI::Datatype&), bool)’:
/usr/lib/x86_64-linux-gnu/openmpi/include/openmpi/ompi/mpi/cxx/op_inln.h:121:25: warning: cast between incompatible function types from ‘void (*)(void*, void*, int*, ompi_datatype_t**, void (*)(void*, void*, int*, ompi_datatype_t**))’ to ‘void (*)(void*, void*, int*, ompi_datatype_t**)’ [-Wcast-function-type]
  121 |     (void)MPI_Op_create((MPI_User_function*) ompi_mpi_cxx_op_intercept,
      |                         ^~~~~~~~~~~~~~~~~~~~~~~~~~~~~~~~~~~~~~~~~~~~~~
/usr/lib/x86_64-linux-gnu/openmpi/include/openmpi/ompi/mpi/cxx/op_inln.h:123:38: warning: cast between incompatible function types from ‘void (*)(const void*, void*, int, const MPI::Datatype&)’ to ‘void (*)(void*, void*, int*, ompi_datatype_t**)’ [-Wcast-function-type]
  123 |     ompi_op_set_cxx_callback(mpi_op, (MPI_User_function*) func);
      |                                      ^~~~~~~~~~~~~~~~~~~~~~~~~
[ 24%] Building CXX object CMakeFiles/hemocell.dir/palabos/src/atomicBlock/dataProcessingFunctional2D.cpp.o
[ 27%] Building CXX object CMakeFiles/hemocell.dir/palabos/src/atomicBlock/dataProcessingFunctional3D.cpp.o
In file included from /usr/lib/x86_64-linux-gnu/openmpi/include/openmpi/ompi/mpi/cxx/mpicxx.h:277,
                 from /usr/lib/x86_64-linux-gnu/openmpi/include/mpi.h:2911,
                 from /home/lzy/projects/hemocell_starter/vendor/HemoCell/./palabos/src/core/globalDefs.h:41,
                 from /home/lzy/projects/hemocell_starter/vendor/HemoCell/./palabos/src/core/blockStatistics.h:43,
                 from /home/lzy/projects/hemocell_starter/vendor/HemoCell/./palabos/src/atomicBlock/dataProcessor2D.h:43,
                 from /home/lzy/projects/hemocell_starter/vendor/HemoCell/./palabos/src/atomicBlock/dataProcessingFunctional2D.h:42,
                 from /home/lzy/projects/hemocell_starter/vendor/HemoCell/./palabos/src/atomicBlock/dataProcessorWrapper2D.h:51,
                 from /home/lzy/projects/hemocell_starter/vendor/HemoCell/./palabos/src/atomicBlock/atomicBlock2D.h:40,
                 from /home/lzy/projects/hemocell_starter/vendor/HemoCell/./palabos/src/atomicBlock/blockLattice2D.h:43,
                 from /home/lzy/projects/hemocell_starter/vendor/HemoCell/palabos/src/atomicBlock/dataProcessingFunctional2D.cpp:34:
/usr/lib/x86_64-linux-gnu/openmpi/include/openmpi/ompi/mpi/cxx/op_inln.h: In member function ‘virtual void MPI::Op::Init(void (*)(const void*, void*, int, const MPI::Datatype&), bool)’:
/usr/lib/x86_64-linux-gnu/openmpi/include/openmpi/ompi/mpi/cxx/op_inln.h:121:25: warning: cast between incompatible function types from ‘void (*)(void*, void*, int*, ompi_datatype_t**, void (*)(void*, void*, int*, ompi_datatype_t**))’ to ‘void (*)(void*, void*, int*, ompi_datatype_t**)’ [-Wcast-function-type]
  121 |     (void)MPI_Op_create((MPI_User_function*) ompi_mpi_cxx_op_intercept,
      |                         ^~~~~~~~~~~~~~~~~~~~~~~~~~~~~~~~~~~~~~~~~~~~~~
/usr/lib/x86_64-linux-gnu/openmpi/include/openmpi/ompi/mpi/cxx/op_inln.h:123:38: warning: cast between incompatible function types from ‘void (*)(const void*, void*, int, const MPI::Datatype&)’ to ‘void (*)(void*, void*, int*, ompi_datatype_t**)’ [-Wcast-function-type]
  123 |     ompi_op_set_cxx_callback(mpi_op, (MPI_User_function*) func);
      |                                      ^~~~~~~~~~~~~~~~~~~~~~~~~
In file included from /usr/lib/x86_64-linux-gnu/openmpi/include/openmpi/ompi/mpi/cxx/mpicxx.h:277,
                 from /usr/lib/x86_64-linux-gnu/openmpi/include/mpi.h:2911,
                 from /home/lzy/projects/hemocell_starter/vendor/HemoCell/./palabos/src/core/globalDefs.h:41,
                 from /home/lzy/projects/hemocell_starter/vendor/HemoCell/./palabos/src/core/blockStatistics.h:43,
                 from /home/lzy/projects/hemocell_starter/vendor/HemoCell/./palabos/src/atomicBlock/dataProcessor3D.h:43,
                 from /home/lzy/projects/hemocell_starter/vendor/HemoCell/./palabos/src/atomicBlock/dataProcessingFunctional3D.h:42,
                 from /home/lzy/projects/hemocell_starter/vendor/HemoCell/./palabos/src/atomicBlock/dataProcessorWrapper3D.h:51,
                 from /home/lzy/projects/hemocell_starter/vendor/HemoCell/./palabos/src/atomicBlock/atomicBlock3D.h:41,
                 from /home/lzy/projects/hemocell_starter/vendor/HemoCell/./palabos/src/atomicBlock/blockLattice3D.h:43,
                 from /home/lzy/projects/hemocell_starter/vendor/HemoCell/palabos/src/atomicBlock/dataProcessingFunctional3D.cpp:34:
/usr/lib/x86_64-linux-gnu/openmpi/include/openmpi/ompi/mpi/cxx/op_inln.h: In member function ‘virtual void MPI::Op::Init(void (*)(const void*, void*, int, const MPI::Datatype&), bool)’:
/usr/lib/x86_64-linux-gnu/openmpi/include/openmpi/ompi/mpi/cxx/op_inln.h:121:25: warning: cast between incompatible function types from ‘void (*)(void*, void*, int*, ompi_datatype_t**, void (*)(void*, void*, int*, ompi_datatype_t**))’ to ‘void (*)(void*, void*, int*, ompi_datatype_t**)’ [-Wcast-function-type]
  121 |     (void)MPI_Op_create((MPI_User_function*) ompi_mpi_cxx_op_intercept,
      |                         ^~~~~~~~~~~~~~~~~~~~~~~~~~~~~~~~~~~~~~~~~~~~~~
/usr/lib/x86_64-linux-gnu/openmpi/include/openmpi/ompi/mpi/cxx/op_inln.h:123:38: warning: cast between incompatible function types from ‘void (*)(const void*, void*, int, const MPI::Datatype&)’ to ‘void (*)(void*, void*, int*, ompi_datatype_t**)’ [-Wcast-function-type]
  123 |     ompi_op_set_cxx_callback(mpi_op, (MPI_User_function*) func);
      |                                      ^~~~~~~~~~~~~~~~~~~~~~~~~
[ 27%] Building CXX object CMakeFiles/hemocell.dir/palabos/src/atomicBlock/dataProcessor2D.cpp.o
In file included from /usr/lib/x86_64-linux-gnu/openmpi/include/openmpi/ompi/mpi/cxx/mpicxx.h:277,
                 from /usr/lib/x86_64-linux-gnu/openmpi/include/mpi.h:2911,
                 from /home/lzy/projects/hemocell_starter/vendor/HemoCell/./palabos/src/core/globalDefs.h:41,
                 from /home/lzy/projects/hemocell_starter/vendor/HemoCell/./palabos/src/core/blockStatistics.h:43,
                 from /home/lzy/projects/hemocell_starter/vendor/HemoCell/./palabos/src/atomicBlock/dataProcessor2D.h:43,
                 from /home/lzy/projects/hemocell_starter/vendor/HemoCell/palabos/src/atomicBlock/dataProcessor2D.cpp:37:
/usr/lib/x86_64-linux-gnu/openmpi/include/openmpi/ompi/mpi/cxx/op_inln.h: In member function ‘virtual void MPI::Op::Init(void (*)(const void*, void*, int, const MPI::Datatype&), bool)’:
/usr/lib/x86_64-linux-gnu/openmpi/include/openmpi/ompi/mpi/cxx/op_inln.h:121:25: warning: cast between incompatible function types from ‘void (*)(void*, void*, int*, ompi_datatype_t**, void (*)(void*, void*, int*, ompi_datatype_t**))’ to ‘void (*)(void*, void*, int*, ompi_datatype_t**)’ [-Wcast-function-type]
  121 |     (void)MPI_Op_create((MPI_User_function*) ompi_mpi_cxx_op_intercept,
      |                         ^~~~~~~~~~~~~~~~~~~~~~~~~~~~~~~~~~~~~~~~~~~~~~
/usr/lib/x86_64-linux-gnu/openmpi/include/openmpi/ompi/mpi/cxx/op_inln.h:123:38: warning: cast between incompatible function types from ‘void (*)(const void*, void*, int, const MPI::Datatype&)’ to ‘void (*)(void*, void*, int*, ompi_datatype_t**)’ [-Wcast-function-type]
  123 |     ompi_op_set_cxx_callback(mpi_op, (MPI_User_function*) func);
      |                                      ^~~~~~~~~~~~~~~~~~~~~~~~~
[ 27%] Building CXX object CMakeFiles/hemocell.dir/palabos/src/atomicBlock/dataProcessor3D.cpp.o
In file included from /usr/lib/x86_64-linux-gnu/openmpi/include/openmpi/ompi/mpi/cxx/mpicxx.h:277,
                 from /usr/lib/x86_64-linux-gnu/openmpi/include/mpi.h:2911,
                 from /home/lzy/projects/hemocell_starter/vendor/HemoCell/./palabos/src/core/globalDefs.h:41,
                 from /home/lzy/projects/hemocell_starter/vendor/HemoCell/./palabos/src/core/blockStatistics.h:43,
                 from /home/lzy/projects/hemocell_starter/vendor/HemoCell/./palabos/src/atomicBlock/dataProcessor3D.h:43,
                 from /home/lzy/projects/hemocell_starter/vendor/HemoCell/palabos/src/atomicBlock/dataProcessor3D.cpp:38:
/usr/lib/x86_64-linux-gnu/openmpi/include/openmpi/ompi/mpi/cxx/op_inln.h: In member function ‘virtual void MPI::Op::Init(void (*)(const void*, void*, int, const MPI::Datatype&), bool)’:
/usr/lib/x86_64-linux-gnu/openmpi/include/openmpi/ompi/mpi/cxx/op_inln.h:121:25: warning: cast between incompatible function types from ‘void (*)(void*, void*, int*, ompi_datatype_t**, void (*)(void*, void*, int*, ompi_datatype_t**))’ to ‘void (*)(void*, void*, int*, ompi_datatype_t**)’ [-Wcast-function-type]
  121 |     (void)MPI_Op_create((MPI_User_function*) ompi_mpi_cxx_op_intercept,
      |                         ^~~~~~~~~~~~~~~~~~~~~~~~~~~~~~~~~~~~~~~~~~~~~~
/usr/lib/x86_64-linux-gnu/openmpi/include/openmpi/ompi/mpi/cxx/op_inln.h:123:38: warning: cast between incompatible function types from ‘void (*)(const void*, void*, int, const MPI::Datatype&)’ to ‘void (*)(void*, void*, int*, ompi_datatype_t**)’ [-Wcast-function-type]
  123 |     ompi_op_set_cxx_callback(mpi_op, (MPI_User_function*) func);
      |                                      ^~~~~~~~~~~~~~~~~~~~~~~~~
[ 27%] Building CXX object CMakeFiles/hemocell.dir/palabos/src/atomicBlock/dataProcessorWrapper2D.cpp.o
In file included from /usr/lib/x86_64-linux-gnu/openmpi/include/openmpi/ompi/mpi/cxx/mpicxx.h:277,
                 from /usr/lib/x86_64-linux-gnu/openmpi/include/mpi.h:2911,
                 from /home/lzy/projects/hemocell_starter/vendor/HemoCell/./palabos/src/core/globalDefs.h:41,
                 from /home/lzy/projects/hemocell_starter/vendor/HemoCell/./palabos/src/core/blockStatistics.h:43,
                 from /home/lzy/projects/hemocell_starter/vendor/HemoCell/./palabos/src/atomicBlock/dataProcessor2D.h:43,
                 from /home/lzy/projects/hemocell_starter/vendor/HemoCell/./palabos/src/atomicBlock/dataProcessingFunctional2D.h:42,
                 from /home/lzy/projects/hemocell_starter/vendor/HemoCell/./palabos/src/atomicBlock/dataProcessorWrapper2D.h:51,
                 from /home/lzy/projects/hemocell_starter/vendor/HemoCell/palabos/src/atomicBlock/dataProcessorWrapper2D.cpp:34:
/usr/lib/x86_64-linux-gnu/openmpi/include/openmpi/ompi/mpi/cxx/op_inln.h: In member function ‘virtual void MPI::Op::Init(void (*)(const void*, void*, int, const MPI::Datatype&), bool)’:
/usr/lib/x86_64-linux-gnu/openmpi/include/openmpi/ompi/mpi/cxx/op_inln.h:121:25: warning: cast between incompatible function types from ‘void (*)(void*, void*, int*, ompi_datatype_t**, void (*)(void*, void*, int*, ompi_datatype_t**))’ to ‘void (*)(void*, void*, int*, ompi_datatype_t**)’ [-Wcast-function-type]
  121 |     (void)MPI_Op_create((MPI_User_function*) ompi_mpi_cxx_op_intercept,
      |                         ^~~~~~~~~~~~~~~~~~~~~~~~~~~~~~~~~~~~~~~~~~~~~~
/usr/lib/x86_64-linux-gnu/openmpi/include/openmpi/ompi/mpi/cxx/op_inln.h:123:38: warning: cast between incompatible function types from ‘void (*)(const void*, void*, int, const MPI::Datatype&)’ to ‘void (*)(void*, void*, int*, ompi_datatype_t**)’ [-Wcast-function-type]
  123 |     ompi_op_set_cxx_callback(mpi_op, (MPI_User_function*) func);
      |                                      ^~~~~~~~~~~~~~~~~~~~~~~~~
[ 27%] Building CXX object CMakeFiles/hemocell.dir/palabos/src/atomicBlock/dataProcessorWrapper3D.cpp.o
In file included from /usr/lib/x86_64-linux-gnu/openmpi/include/openmpi/ompi/mpi/cxx/mpicxx.h:277,
                 from /usr/lib/x86_64-linux-gnu/openmpi/include/mpi.h:2911,
                 from /home/lzy/projects/hemocell_starter/vendor/HemoCell/./palabos/src/core/globalDefs.h:41,
                 from /home/lzy/projects/hemocell_starter/vendor/HemoCell/./palabos/src/core/blockStatistics.h:43,
                 from /home/lzy/projects/hemocell_starter/vendor/HemoCell/./palabos/src/atomicBlock/dataProcessor3D.h:43,
                 from /home/lzy/projects/hemocell_starter/vendor/HemoCell/./palabos/src/atomicBlock/dataProcessingFunctional3D.h:42,
                 from /home/lzy/projects/hemocell_starter/vendor/HemoCell/./palabos/src/atomicBlock/dataProcessorWrapper3D.h:51,
                 from /home/lzy/projects/hemocell_starter/vendor/HemoCell/palabos/src/atomicBlock/dataProcessorWrapper3D.cpp:34:
/usr/lib/x86_64-linux-gnu/openmpi/include/openmpi/ompi/mpi/cxx/op_inln.h: In member function ‘virtual void MPI::Op::Init(void (*)(const void*, void*, int, const MPI::Datatype&), bool)’:
/usr/lib/x86_64-linux-gnu/openmpi/include/openmpi/ompi/mpi/cxx/op_inln.h:121:25: warning: cast between incompatible function types from ‘void (*)(void*, void*, int*, ompi_datatype_t**, void (*)(void*, void*, int*, ompi_datatype_t**))’ to ‘void (*)(void*, void*, int*, ompi_datatype_t**)’ [-Wcast-function-type]
  121 |     (void)MPI_Op_create((MPI_User_function*) ompi_mpi_cxx_op_intercept,
      |                         ^~~~~~~~~~~~~~~~~~~~~~~~~~~~~~~~~~~~~~~~~~~~~~
/usr/lib/x86_64-linux-gnu/openmpi/include/openmpi/ompi/mpi/cxx/op_inln.h:123:38: warning: cast between incompatible function types from ‘void (*)(const void*, void*, int, const MPI::Datatype&)’ to ‘void (*)(void*, void*, int*, ompi_datatype_t**)’ [-Wcast-function-type]
  123 |     ompi_op_set_cxx_callback(mpi_op, (MPI_User_function*) func);
      |                                      ^~~~~~~~~~~~~~~~~~~~~~~~~
[ 27%] Building CXX object CMakeFiles/hemocell.dir/palabos/src/atomicBlock/reductiveDataProcessingFunctional2D.cpp.o
In file included from /usr/lib/x86_64-linux-gnu/openmpi/include/openmpi/ompi/mpi/cxx/mpicxx.h:277,
                 from /usr/lib/x86_64-linux-gnu/openmpi/include/mpi.h:2911,
                 from /home/lzy/projects/hemocell_starter/vendor/HemoCell/./palabos/src/core/globalDefs.h:41,
                 from /home/lzy/projects/hemocell_starter/vendor/HemoCell/./palabos/src/core/blockStatistics.h:43,
                 from /home/lzy/projects/hemocell_starter/vendor/HemoCell/./palabos/src/atomicBlock/dataProcessor2D.h:43,
                 from /home/lzy/projects/hemocell_starter/vendor/HemoCell/./palabos/src/atomicBlock/dataProcessingFunctional2D.h:42,
                 from /home/lzy/projects/hemocell_starter/vendor/HemoCell/./palabos/src/atomicBlock/dataProcessorWrapper2D.h:51,
                 from /home/lzy/projects/hemocell_starter/vendor/HemoCell/./palabos/src/atomicBlock/atomicBlock2D.h:40,
                 from /home/lzy/projects/hemocell_starter/vendor/HemoCell/./palabos/src/atomicBlock/blockLattice2D.h:43,
                 from /home/lzy/projects/hemocell_starter/vendor/HemoCell/palabos/src/atomicBlock/reductiveDataProcessingFunctional2D.cpp:34:
/usr/lib/x86_64-linux-gnu/openmpi/include/openmpi/ompi/mpi/cxx/op_inln.h: In member function ‘virtual void MPI::Op::Init(void (*)(const void*, void*, int, const MPI::Datatype&), bool)’:
/usr/lib/x86_64-linux-gnu/openmpi/include/openmpi/ompi/mpi/cxx/op_inln.h:121:25: warning: cast between incompatible function types from ‘void (*)(void*, void*, int*, ompi_datatype_t**, void (*)(void*, void*, int*, ompi_datatype_t**))’ to ‘void (*)(void*, void*, int*, ompi_datatype_t**)’ [-Wcast-function-type]
  121 |     (void)MPI_Op_create((MPI_User_function*) ompi_mpi_cxx_op_intercept,
      |                         ^~~~~~~~~~~~~~~~~~~~~~~~~~~~~~~~~~~~~~~~~~~~~~
/usr/lib/x86_64-linux-gnu/openmpi/include/openmpi/ompi/mpi/cxx/op_inln.h:123:38: warning: cast between incompatible function types from ‘void (*)(const void*, void*, int, const MPI::Datatype&)’ to ‘void (*)(void*, void*, int*, ompi_datatype_t**)’ [-Wcast-function-type]
  123 |     ompi_op_set_cxx_callback(mpi_op, (MPI_User_function*) func);
      |                                      ^~~~~~~~~~~~~~~~~~~~~~~~~
[ 31%] Building CXX object CMakeFiles/hemocell.dir/palabos/src/atomicBlock/reductiveDataProcessingFunctional3D.cpp.o
In file included from /usr/lib/x86_64-linux-gnu/openmpi/include/openmpi/ompi/mpi/cxx/mpicxx.h:277,
                 from /usr/lib/x86_64-linux-gnu/openmpi/include/mpi.h:2911,
                 from /home/lzy/projects/hemocell_starter/vendor/HemoCell/./palabos/src/core/globalDefs.h:41,
                 from /home/lzy/projects/hemocell_starter/vendor/HemoCell/./palabos/src/core/blockStatistics.h:43,
                 from /home/lzy/projects/hemocell_starter/vendor/HemoCell/./palabos/src/atomicBlock/dataProcessor3D.h:43,
                 from /home/lzy/projects/hemocell_starter/vendor/HemoCell/./palabos/src/atomicBlock/dataProcessingFunctional3D.h:42,
                 from /home/lzy/projects/hemocell_starter/vendor/HemoCell/./palabos/src/atomicBlock/dataProcessorWrapper3D.h:51,
                 from /home/lzy/projects/hemocell_starter/vendor/HemoCell/./palabos/src/atomicBlock/atomicBlock3D.h:41,
                 from /home/lzy/projects/hemocell_starter/vendor/HemoCell/./palabos/src/atomicBlock/blockLattice3D.h:43,
                 from /home/lzy/projects/hemocell_starter/vendor/HemoCell/palabos/src/atomicBlock/reductiveDataProcessingFunctional3D.cpp:34:
/usr/lib/x86_64-linux-gnu/openmpi/include/openmpi/ompi/mpi/cxx/op_inln.h: In member function ‘virtual void MPI::Op::Init(void (*)(const void*, void*, int, const MPI::Datatype&), bool)’:
/usr/lib/x86_64-linux-gnu/openmpi/include/openmpi/ompi/mpi/cxx/op_inln.h:121:25: warning: cast between incompatible function types from ‘void (*)(void*, void*, int*, ompi_datatype_t**, void (*)(void*, void*, int*, ompi_datatype_t**))’ to ‘void (*)(void*, void*, int*, ompi_datatype_t**)’ [-Wcast-function-type]
  121 |     (void)MPI_Op_create((MPI_User_function*) ompi_mpi_cxx_op_intercept,
      |                         ^~~~~~~~~~~~~~~~~~~~~~~~~~~~~~~~~~~~~~~~~~~~~~
/usr/lib/x86_64-linux-gnu/openmpi/include/openmpi/ompi/mpi/cxx/op_inln.h:123:38: warning: cast between incompatible function types from ‘void (*)(const void*, void*, int, const MPI::Datatype&)’ to ‘void (*)(void*, void*, int*, ompi_datatype_t**)’ [-Wcast-function-type]
  123 |     ompi_op_set_cxx_callback(mpi_op, (MPI_User_function*) func);
      |                                      ^~~~~~~~~~~~~~~~~~~~~~~~~
[ 31%] Building CXX object CMakeFiles/hemocell.dir/palabos/src/atomicBlock/reductiveDataProcessorWrapper2D.cpp.o
In file included from /usr/lib/x86_64-linux-gnu/openmpi/include/openmpi/ompi/mpi/cxx/mpicxx.h:277,
                 from /usr/lib/x86_64-linux-gnu/openmpi/include/mpi.h:2911,
                 from /home/lzy/projects/hemocell_starter/vendor/HemoCell/./palabos/src/core/globalDefs.h:41,
                 from /home/lzy/projects/hemocell_starter/vendor/HemoCell/./palabos/src/core/blockStatistics.h:43,
                 from /home/lzy/projects/hemocell_starter/vendor/HemoCell/./palabos/src/atomicBlock/dataProcessor2D.h:43,
                 from /home/lzy/projects/hemocell_starter/vendor/HemoCell/./palabos/src/atomicBlock/reductiveDataProcessingFunctional2D.h:42,
                 from /home/lzy/projects/hemocell_starter/vendor/HemoCell/./palabos/src/atomicBlock/reductiveDataProcessorWrapper2D.h:51,
                 from /home/lzy/projects/hemocell_starter/vendor/HemoCell/palabos/src/atomicBlock/reductiveDataProcessorWrapper2D.cpp:34:
/usr/lib/x86_64-linux-gnu/openmpi/include/openmpi/ompi/mpi/cxx/op_inln.h: In member function ‘virtual void MPI::Op::Init(void (*)(const void*, void*, int, const MPI::Datatype&), bool)’:
/usr/lib/x86_64-linux-gnu/openmpi/include/openmpi/ompi/mpi/cxx/op_inln.h:121:25: warning: cast between incompatible function types from ‘void (*)(void*, void*, int*, ompi_datatype_t**, void (*)(void*, void*, int*, ompi_datatype_t**))’ to ‘void (*)(void*, void*, int*, ompi_datatype_t**)’ [-Wcast-function-type]
  121 |     (void)MPI_Op_create((MPI_User_function*) ompi_mpi_cxx_op_intercept,
      |                         ^~~~~~~~~~~~~~~~~~~~~~~~~~~~~~~~~~~~~~~~~~~~~~
/usr/lib/x86_64-linux-gnu/openmpi/include/openmpi/ompi/mpi/cxx/op_inln.h:123:38: warning: cast between incompatible function types from ‘void (*)(const void*, void*, int, const MPI::Datatype&)’ to ‘void (*)(void*, void*, int*, ompi_datatype_t**)’ [-Wcast-function-type]
  123 |     ompi_op_set_cxx_callback(mpi_op, (MPI_User_function*) func);
      |                                      ^~~~~~~~~~~~~~~~~~~~~~~~~
[ 31%] Building CXX object CMakeFiles/hemocell.dir/palabos/src/atomicBlock/reductiveDataProcessorWrapper3D.cpp.o
[ 31%] Building CXX object CMakeFiles/hemocell.dir/palabos/src/complexDynamics/carreauGlobalDefs.cpp.o
In file included from /usr/lib/x86_64-linux-gnu/openmpi/include/openmpi/ompi/mpi/cxx/mpicxx.h:277,
                 from /usr/lib/x86_64-linux-gnu/openmpi/include/mpi.h:2911,
                 from /home/lzy/projects/hemocell_starter/vendor/HemoCell/./palabos/src/core/globalDefs.h:41,
                 from /home/lzy/projects/hemocell_starter/vendor/HemoCell/./palabos/src/core/blockStatistics.h:43,
                 from /home/lzy/projects/hemocell_starter/vendor/HemoCell/./palabos/src/atomicBlock/dataProcessor3D.h:43,
                 from /home/lzy/projects/hemocell_starter/vendor/HemoCell/./palabos/src/atomicBlock/reductiveDataProcessingFunctional3D.h:42,
                 from /home/lzy/projects/hemocell_starter/vendor/HemoCell/./palabos/src/atomicBlock/reductiveDataProcessorWrapper3D.h:51,
                 from /home/lzy/projects/hemocell_starter/vendor/HemoCell/palabos/src/atomicBlock/reductiveDataProcessorWrapper3D.cpp:34:
/usr/lib/x86_64-linux-gnu/openmpi/include/openmpi/ompi/mpi/cxx/op_inln.h: In member function ‘virtual void MPI::Op::Init(void (*)(const void*, void*, int, const MPI::Datatype&), bool)’:
/usr/lib/x86_64-linux-gnu/openmpi/include/openmpi/ompi/mpi/cxx/op_inln.h:121:25: warning: cast between incompatible function types from ‘void (*)(void*, void*, int*, ompi_datatype_t**, void (*)(void*, void*, int*, ompi_datatype_t**))’ to ‘void (*)(void*, void*, int*, ompi_datatype_t**)’ [-Wcast-function-type]
  121 |     (void)MPI_Op_create((MPI_User_function*) ompi_mpi_cxx_op_intercept,
      |                         ^~~~~~~~~~~~~~~~~~~~~~~~~~~~~~~~~~~~~~~~~~~~~~
/usr/lib/x86_64-linux-gnu/openmpi/include/openmpi/ompi/mpi/cxx/op_inln.h:123:38: warning: cast between incompatible function types from ‘void (*)(const void*, void*, int, const MPI::Datatype&)’ to ‘void (*)(void*, void*, int*, ompi_datatype_t**)’ [-Wcast-function-type]
  123 |     ompi_op_set_cxx_callback(mpi_op, (MPI_User_function*) func);
      |                                      ^~~~~~~~~~~~~~~~~~~~~~~~~
In file included from /usr/lib/x86_64-linux-gnu/openmpi/include/openmpi/ompi/mpi/cxx/mpicxx.h:277,
                 from /usr/lib/x86_64-linux-gnu/openmpi/include/mpi.h:2911,
                 from /home/lzy/projects/hemocell_starter/vendor/HemoCell/./palabos/src/core/globalDefs.h:41,
                 from /home/lzy/projects/hemocell_starter/vendor/HemoCell/./palabos/src/complexDynamics/carreauGlobalDefs.h:40,
                 from /home/lzy/projects/hemocell_starter/vendor/HemoCell/palabos/src/complexDynamics/carreauGlobalDefs.cpp:38:
/usr/lib/x86_64-linux-gnu/openmpi/include/openmpi/ompi/mpi/cxx/op_inln.h: In member function ‘virtual void MPI::Op::Init(void (*)(const void*, void*, int, const MPI::Datatype&), bool)’:
/usr/lib/x86_64-linux-gnu/openmpi/include/openmpi/ompi/mpi/cxx/op_inln.h:121:25: warning: cast between incompatible function types from ‘void (*)(void*, void*, int*, ompi_datatype_t**, void (*)(void*, void*, int*, ompi_datatype_t**))’ to ‘void (*)(void*, void*, int*, ompi_datatype_t**)’ [-Wcast-function-type]
  121 |     (void)MPI_Op_create((MPI_User_function*) ompi_mpi_cxx_op_intercept,
      |                         ^~~~~~~~~~~~~~~~~~~~~~~~~~~~~~~~~~~~~~~~~~~~~~
/usr/lib/x86_64-linux-gnu/openmpi/include/openmpi/ompi/mpi/cxx/op_inln.h:123:38: warning: cast between incompatible function types from ‘void (*)(const void*, void*, int, const MPI::Datatype&)’ to ‘void (*)(void*, void*, int*, ompi_datatype_t**)’ [-Wcast-function-type]
  123 |     ompi_op_set_cxx_callback(mpi_op, (MPI_User_function*) func);
      |                                      ^~~~~~~~~~~~~~~~~~~~~~~~~
[ 31%] Building CXX object CMakeFiles/hemocell.dir/palabos/src/core/block2D.cpp.o
In file included from /usr/lib/x86_64-linux-gnu/openmpi/include/openmpi/ompi/mpi/cxx/mpicxx.h:277,
                 from /usr/lib/x86_64-linux-gnu/openmpi/include/mpi.h:2911,
                 from /home/lzy/projects/hemocell_starter/vendor/HemoCell/./palabos/src/core/globalDefs.h:41,
                 from /home/lzy/projects/hemocell_starter/vendor/HemoCell/./palabos/src/core/blockIdentifiers.h:37,
                 from /home/lzy/projects/hemocell_starter/vendor/HemoCell/./palabos/src/core/block2D.h:37,
                 from /home/lzy/projects/hemocell_starter/vendor/HemoCell/palabos/src/core/block2D.cpp:37:
/usr/lib/x86_64-linux-gnu/openmpi/include/openmpi/ompi/mpi/cxx/op_inln.h: In member function ‘virtual void MPI::Op::Init(void (*)(const void*, void*, int, const MPI::Datatype&), bool)’:
/usr/lib/x86_64-linux-gnu/openmpi/include/openmpi/ompi/mpi/cxx/op_inln.h:121:25: warning: cast between incompatible function types from ‘void (*)(void*, void*, int*, ompi_datatype_t**, void (*)(void*, void*, int*, ompi_datatype_t**))’ to ‘void (*)(void*, void*, int*, ompi_datatype_t**)’ [-Wcast-function-type]
  121 |     (void)MPI_Op_create((MPI_User_function*) ompi_mpi_cxx_op_intercept,
      |                         ^~~~~~~~~~~~~~~~~~~~~~~~~~~~~~~~~~~~~~~~~~~~~~
/usr/lib/x86_64-linux-gnu/openmpi/include/openmpi/ompi/mpi/cxx/op_inln.h:123:38: warning: cast between incompatible function types from ‘void (*)(const void*, void*, int, const MPI::Datatype&)’ to ‘void (*)(void*, void*, int*, ompi_datatype_t**)’ [-Wcast-function-type]
  123 |     ompi_op_set_cxx_callback(mpi_op, (MPI_User_function*) func);
      |                                      ^~~~~~~~~~~~~~~~~~~~~~~~~
[ 34%] Building CXX object CMakeFiles/hemocell.dir/palabos/src/core/block3D.cpp.o
In file included from /usr/lib/x86_64-linux-gnu/openmpi/include/openmpi/ompi/mpi/cxx/mpicxx.h:277,
                 from /usr/lib/x86_64-linux-gnu/openmpi/include/mpi.h:2911,
                 from /home/lzy/projects/hemocell_starter/vendor/HemoCell/./palabos/src/core/globalDefs.h:41,
                 from /home/lzy/projects/hemocell_starter/vendor/HemoCell/./palabos/src/core/blockIdentifiers.h:37,
                 from /home/lzy/projects/hemocell_starter/vendor/HemoCell/./palabos/src/core/block3D.h:37,
                 from /home/lzy/projects/hemocell_starter/vendor/HemoCell/palabos/src/core/block3D.cpp:37:
/usr/lib/x86_64-linux-gnu/openmpi/include/openmpi/ompi/mpi/cxx/op_inln.h: In member function ‘virtual void MPI::Op::Init(void (*)(const void*, void*, int, const MPI::Datatype&), bool)’:
/usr/lib/x86_64-linux-gnu/openmpi/include/openmpi/ompi/mpi/cxx/op_inln.h:121:25: warning: cast between incompatible function types from ‘void (*)(void*, void*, int*, ompi_datatype_t**, void (*)(void*, void*, int*, ompi_datatype_t**))’ to ‘void (*)(void*, void*, int*, ompi_datatype_t**)’ [-Wcast-function-type]
  121 |     (void)MPI_Op_create((MPI_User_function*) ompi_mpi_cxx_op_intercept,
      |                         ^~~~~~~~~~~~~~~~~~~~~~~~~~~~~~~~~~~~~~~~~~~~~~
/usr/lib/x86_64-linux-gnu/openmpi/include/openmpi/ompi/mpi/cxx/op_inln.h:123:38: warning: cast between incompatible function types from ‘void (*)(const void*, void*, int, const MPI::Datatype&)’ to ‘void (*)(void*, void*, int*, ompi_datatype_t**)’ [-Wcast-function-type]
  123 |     ompi_op_set_cxx_callback(mpi_op, (MPI_User_function*) func);
      |                                      ^~~~~~~~~~~~~~~~~~~~~~~~~
[ 34%] Building CXX object CMakeFiles/hemocell.dir/palabos/src/core/blockIdentifiers.cpp.o
In file included from /usr/lib/x86_64-linux-gnu/openmpi/include/openmpi/ompi/mpi/cxx/mpicxx.h:277,
                 from /usr/lib/x86_64-linux-gnu/openmpi/include/mpi.h:2911,
                 from /home/lzy/projects/hemocell_starter/vendor/HemoCell/./palabos/src/core/globalDefs.h:41,
                 from /home/lzy/projects/hemocell_starter/vendor/HemoCell/./palabos/src/core/blockIdentifiers.h:37,
                 from /home/lzy/projects/hemocell_starter/vendor/HemoCell/palabos/src/core/blockIdentifiers.cpp:34:
/usr/lib/x86_64-linux-gnu/openmpi/include/openmpi/ompi/mpi/cxx/op_inln.h: In member function ‘virtual void MPI::Op::Init(void (*)(const void*, void*, int, const MPI::Datatype&), bool)’:
/usr/lib/x86_64-linux-gnu/openmpi/include/openmpi/ompi/mpi/cxx/op_inln.h:121:25: warning: cast between incompatible function types from ‘void (*)(void*, void*, int*, ompi_datatype_t**, void (*)(void*, void*, int*, ompi_datatype_t**))’ to ‘void (*)(void*, void*, int*, ompi_datatype_t**)’ [-Wcast-function-type]
  121 |     (void)MPI_Op_create((MPI_User_function*) ompi_mpi_cxx_op_intercept,
      |                         ^~~~~~~~~~~~~~~~~~~~~~~~~~~~~~~~~~~~~~~~~~~~~~
/usr/lib/x86_64-linux-gnu/openmpi/include/openmpi/ompi/mpi/cxx/op_inln.h:123:38: warning: cast between incompatible function types from ‘void (*)(const void*, void*, int, const MPI::Datatype&)’ to ‘void (*)(void*, void*, int*, ompi_datatype_t**)’ [-Wcast-function-type]
  123 |     ompi_op_set_cxx_callback(mpi_op, (MPI_User_function*) func);
      |                                      ^~~~~~~~~~~~~~~~~~~~~~~~~
[ 34%] Building CXX object CMakeFiles/hemocell.dir/palabos/src/core/blockStatistics.cpp.o
In file included from /usr/lib/x86_64-linux-gnu/openmpi/include/openmpi/ompi/mpi/cxx/mpicxx.h:277,
                 from /usr/lib/x86_64-linux-gnu/openmpi/include/mpi.h:2911,
                 from /home/lzy/projects/hemocell_starter/vendor/HemoCell/./palabos/src/core/globalDefs.h:41,
                 from /home/lzy/projects/hemocell_starter/vendor/HemoCell/./palabos/src/core/blockStatistics.h:43,
                 from /home/lzy/projects/hemocell_starter/vendor/HemoCell/palabos/src/core/blockStatistics.cpp:37:
/usr/lib/x86_64-linux-gnu/openmpi/include/openmpi/ompi/mpi/cxx/op_inln.h: In member function ‘virtual void MPI::Op::Init(void (*)(const void*, void*, int, const MPI::Datatype&), bool)’:
/usr/lib/x86_64-linux-gnu/openmpi/include/openmpi/ompi/mpi/cxx/op_inln.h:121:25: warning: cast between incompatible function types from ‘void (*)(void*, void*, int*, ompi_datatype_t**, void (*)(void*, void*, int*, ompi_datatype_t**))’ to ‘void (*)(void*, void*, int*, ompi_datatype_t**)’ [-Wcast-function-type]
  121 |     (void)MPI_Op_create((MPI_User_function*) ompi_mpi_cxx_op_intercept,
      |                         ^~~~~~~~~~~~~~~~~~~~~~~~~~~~~~~~~~~~~~~~~~~~~~
/usr/lib/x86_64-linux-gnu/openmpi/include/openmpi/ompi/mpi/cxx/op_inln.h:123:38: warning: cast between incompatible function types from ‘void (*)(const void*, void*, int, const MPI::Datatype&)’ to ‘void (*)(void*, void*, int*, ompi_datatype_t**)’ [-Wcast-function-type]
  123 |     ompi_op_set_cxx_callback(mpi_op, (MPI_User_function*) func);
      |                                      ^~~~~~~~~~~~~~~~~~~~~~~~~
[ 34%] Building CXX object CMakeFiles/hemocell.dir/palabos/src/core/blockSurface2D.cpp.o
In file included from /usr/lib/x86_64-linux-gnu/openmpi/include/openmpi/ompi/mpi/cxx/mpicxx.h:277,
                 from /usr/lib/x86_64-linux-gnu/openmpi/include/mpi.h:2911,
                 from /home/lzy/projects/hemocell_starter/vendor/HemoCell/./palabos/src/core/globalDefs.h:41,
                 from /home/lzy/projects/hemocell_starter/vendor/HemoCell/./palabos/src/core/array.h:43,
                 from /home/lzy/projects/hemocell_starter/vendor/HemoCell/./palabos/src/core/geometry2D.h:41,
                 from /home/lzy/projects/hemocell_starter/vendor/HemoCell/./palabos/src/core/blockSurface2D.h:40,
                 from /home/lzy/projects/hemocell_starter/vendor/HemoCell/palabos/src/core/blockSurface2D.cpp:38:
/usr/lib/x86_64-linux-gnu/openmpi/include/openmpi/ompi/mpi/cxx/op_inln.h: In member function ‘virtual void MPI::Op::Init(void (*)(const void*, void*, int, const MPI::Datatype&), bool)’:
/usr/lib/x86_64-linux-gnu/openmpi/include/openmpi/ompi/mpi/cxx/op_inln.h:121:25: warning: cast between incompatible function types from ‘void (*)(void*, void*, int*, ompi_datatype_t**, void (*)(void*, void*, int*, ompi_datatype_t**))’ to ‘void (*)(void*, void*, int*, ompi_datatype_t**)’ [-Wcast-function-type]
  121 |     (void)MPI_Op_create((MPI_User_function*) ompi_mpi_cxx_op_intercept,
      |                         ^~~~~~~~~~~~~~~~~~~~~~~~~~~~~~~~~~~~~~~~~~~~~~
/usr/lib/x86_64-linux-gnu/openmpi/include/openmpi/ompi/mpi/cxx/op_inln.h:123:38: warning: cast between incompatible function types from ‘void (*)(const void*, void*, int, const MPI::Datatype&)’ to ‘void (*)(void*, void*, int*, ompi_datatype_t**)’ [-Wcast-function-type]
  123 |     ompi_op_set_cxx_callback(mpi_op, (MPI_User_function*) func);
      |                                      ^~~~~~~~~~~~~~~~~~~~~~~~~
[ 34%] Building CXX object CMakeFiles/hemocell.dir/palabos/src/core/blockSurface3D.cpp.o
[ 34%] Building CXX object CMakeFiles/hemocell.dir/palabos/src/core/globalDefs.cpp.o
In file included from /usr/lib/x86_64-linux-gnu/openmpi/include/openmpi/ompi/mpi/cxx/mpicxx.h:277,
                 from /usr/lib/x86_64-linux-gnu/openmpi/include/mpi.h:2911,
                 from /home/lzy/projects/hemocell_starter/vendor/HemoCell/./palabos/src/core/globalDefs.h:41,
                 from /home/lzy/projects/hemocell_starter/vendor/HemoCell/palabos/src/core/globalDefs.cpp:34:
/usr/lib/x86_64-linux-gnu/openmpi/include/openmpi/ompi/mpi/cxx/op_inln.h: In member function ‘virtual void MPI::Op::Init(void (*)(const void*, void*, int, const MPI::Datatype&), bool)’:
/usr/lib/x86_64-linux-gnu/openmpi/include/openmpi/ompi/mpi/cxx/op_inln.h:121:25: warning: cast between incompatible function types from ‘void (*)(void*, void*, int*, ompi_datatype_t**, void (*)(void*, void*, int*, ompi_datatype_t**))’ to ‘void (*)(void*, void*, int*, ompi_datatype_t**)’ [-Wcast-function-type]
  121 |     (void)MPI_Op_create((MPI_User_function*) ompi_mpi_cxx_op_intercept,
      |                         ^~~~~~~~~~~~~~~~~~~~~~~~~~~~~~~~~~~~~~~~~~~~~~
/usr/lib/x86_64-linux-gnu/openmpi/include/openmpi/ompi/mpi/cxx/op_inln.h:123:38: warning: cast between incompatible function types from ‘void (*)(const void*, void*, int, const MPI::Datatype&)’ to ‘void (*)(void*, void*, int*, ompi_datatype_t**)’ [-Wcast-function-type]
  123 |     ompi_op_set_cxx_callback(mpi_op, (MPI_User_function*) func);
      |                                      ^~~~~~~~~~~~~~~~~~~~~~~~~
In file included from /usr/lib/x86_64-linux-gnu/openmpi/include/openmpi/ompi/mpi/cxx/mpicxx.h:277,
                 from /usr/lib/x86_64-linux-gnu/openmpi/include/mpi.h:2911,
                 from /home/lzy/projects/hemocell_starter/vendor/HemoCell/./palabos/src/core/globalDefs.h:41,
                 from /home/lzy/projects/hemocell_starter/vendor/HemoCell/./palabos/src/core/array.h:43,
                 from /home/lzy/projects/hemocell_starter/vendor/HemoCell/./palabos/src/core/geometry3D.h:43,
                 from /home/lzy/projects/hemocell_starter/vendor/HemoCell/./palabos/src/core/blockSurface3D.h:40,
                 from /home/lzy/projects/hemocell_starter/vendor/HemoCell/palabos/src/core/blockSurface3D.cpp:38:
/usr/lib/x86_64-linux-gnu/openmpi/include/openmpi/ompi/mpi/cxx/op_inln.h: In member function ‘virtual void MPI::Op::Init(void (*)(const void*, void*, int, const MPI::Datatype&), bool)’:
/usr/lib/x86_64-linux-gnu/openmpi/include/openmpi/ompi/mpi/cxx/op_inln.h:121:25: warning: cast between incompatible function types from ‘void (*)(void*, void*, int*, ompi_datatype_t**, void (*)(void*, void*, int*, ompi_datatype_t**))’ to ‘void (*)(void*, void*, int*, ompi_datatype_t**)’ [-Wcast-function-type]
  121 |     (void)MPI_Op_create((MPI_User_function*) ompi_mpi_cxx_op_intercept,
      |                         ^~~~~~~~~~~~~~~~~~~~~~~~~~~~~~~~~~~~~~~~~~~~~~
/usr/lib/x86_64-linux-gnu/openmpi/include/openmpi/ompi/mpi/cxx/op_inln.h:123:38: warning: cast between incompatible function types from ‘void (*)(const void*, void*, int, const MPI::Datatype&)’ to ‘void (*)(void*, void*, int*, ompi_datatype_t**)’ [-Wcast-function-type]
  123 |     ompi_op_set_cxx_callback(mpi_op, (MPI_User_function*) func);
      |                                      ^~~~~~~~~~~~~~~~~~~~~~~~~
[ 37%] Building CXX object CMakeFiles/hemocell.dir/palabos/src/core/indexUtil.cpp.o
[ 37%] Building CXX object CMakeFiles/hemocell.dir/palabos/src/core/multiBlockIdentifiers2D.cpp.o
In file included from /usr/lib/x86_64-linux-gnu/openmpi/include/openmpi/ompi/mpi/cxx/mpicxx.h:277,
                 from /usr/lib/x86_64-linux-gnu/openmpi/include/mpi.h:2911,
                 from /home/lzy/projects/hemocell_starter/vendor/HemoCell/./palabos/src/core/globalDefs.h:41,
                 from /home/lzy/projects/hemocell_starter/vendor/HemoCell/./palabos/src/core/indexUtil.h:43,
                 from /home/lzy/projects/hemocell_starter/vendor/HemoCell/palabos/src/core/indexUtil.cpp:39:
/usr/lib/x86_64-linux-gnu/openmpi/include/openmpi/ompi/mpi/cxx/op_inln.h: In member function ‘virtual void MPI::Op::Init(void (*)(const void*, void*, int, const MPI::Datatype&), bool)’:
/usr/lib/x86_64-linux-gnu/openmpi/include/openmpi/ompi/mpi/cxx/op_inln.h:121:25: warning: cast between incompatible function types from ‘void (*)(void*, void*, int*, ompi_datatype_t**, void (*)(void*, void*, int*, ompi_datatype_t**))’ to ‘void (*)(void*, void*, int*, ompi_datatype_t**)’ [-Wcast-function-type]
  121 |     (void)MPI_Op_create((MPI_User_function*) ompi_mpi_cxx_op_intercept,
      |                         ^~~~~~~~~~~~~~~~~~~~~~~~~~~~~~~~~~~~~~~~~~~~~~
/usr/lib/x86_64-linux-gnu/openmpi/include/openmpi/ompi/mpi/cxx/op_inln.h:123:38: warning: cast between incompatible function types from ‘void (*)(const void*, void*, int, const MPI::Datatype&)’ to ‘void (*)(void*, void*, int*, ompi_datatype_t**)’ [-Wcast-function-type]
  123 |     ompi_op_set_cxx_callback(mpi_op, (MPI_User_function*) func);
      |                                      ^~~~~~~~~~~~~~~~~~~~~~~~~
In file included from /usr/lib/x86_64-linux-gnu/openmpi/include/openmpi/ompi/mpi/cxx/mpicxx.h:277,
                 from /usr/lib/x86_64-linux-gnu/openmpi/include/mpi.h:2911,
                 from /home/lzy/projects/hemocell_starter/vendor/HemoCell/./palabos/src/core/globalDefs.h:41,
                 from /home/lzy/projects/hemocell_starter/vendor/HemoCell/./palabos/src/core/multiBlockIdentifiers2D.h:40,
                 from /home/lzy/projects/hemocell_starter/vendor/HemoCell/palabos/src/core/multiBlockIdentifiers2D.cpp:34:
/usr/lib/x86_64-linux-gnu/openmpi/include/openmpi/ompi/mpi/cxx/op_inln.h: In member function ‘virtual void MPI::Op::Init(void (*)(const void*, void*, int, const MPI::Datatype&), bool)’:
/usr/lib/x86_64-linux-gnu/openmpi/include/openmpi/ompi/mpi/cxx/op_inln.h:121:25: warning: cast between incompatible function types from ‘void (*)(void*, void*, int*, ompi_datatype_t**, void (*)(void*, void*, int*, ompi_datatype_t**))’ to ‘void (*)(void*, void*, int*, ompi_datatype_t**)’ [-Wcast-function-type]
  121 |     (void)MPI_Op_create((MPI_User_function*) ompi_mpi_cxx_op_intercept,
      |                         ^~~~~~~~~~~~~~~~~~~~~~~~~~~~~~~~~~~~~~~~~~~~~~
/usr/lib/x86_64-linux-gnu/openmpi/include/openmpi/ompi/mpi/cxx/op_inln.h:123:38: warning: cast between incompatible function types from ‘void (*)(const void*, void*, int, const MPI::Datatype&)’ to ‘void (*)(void*, void*, int*, ompi_datatype_t**)’ [-Wcast-function-type]
  123 |     ompi_op_set_cxx_callback(mpi_op, (MPI_User_function*) func);
      |                                      ^~~~~~~~~~~~~~~~~~~~~~~~~
[ 37%] Building CXX object CMakeFiles/hemocell.dir/palabos/src/core/multiBlockIdentifiers3D.cpp.o
In file included from /usr/lib/x86_64-linux-gnu/openmpi/include/openmpi/ompi/mpi/cxx/mpicxx.h:277,
                 from /usr/lib/x86_64-linux-gnu/openmpi/include/mpi.h:2911,
                 from /home/lzy/projects/hemocell_starter/vendor/HemoCell/./palabos/src/core/globalDefs.h:41,
                 from /home/lzy/projects/hemocell_starter/vendor/HemoCell/./palabos/src/core/multiBlockIdentifiers3D.h:40,
                 from /home/lzy/projects/hemocell_starter/vendor/HemoCell/palabos/src/core/multiBlockIdentifiers3D.cpp:34:
/usr/lib/x86_64-linux-gnu/openmpi/include/openmpi/ompi/mpi/cxx/op_inln.h: In member function ‘virtual void MPI::Op::Init(void (*)(const void*, void*, int, const MPI::Datatype&), bool)’:
/usr/lib/x86_64-linux-gnu/openmpi/include/openmpi/ompi/mpi/cxx/op_inln.h:121:25: warning: cast between incompatible function types from ‘void (*)(void*, void*, int*, ompi_datatype_t**, void (*)(void*, void*, int*, ompi_datatype_t**))’ to ‘void (*)(void*, void*, int*, ompi_datatype_t**)’ [-Wcast-function-type]
  121 |     (void)MPI_Op_create((MPI_User_function*) ompi_mpi_cxx_op_intercept,
      |                         ^~~~~~~~~~~~~~~~~~~~~~~~~~~~~~~~~~~~~~~~~~~~~~
/usr/lib/x86_64-linux-gnu/openmpi/include/openmpi/ompi/mpi/cxx/op_inln.h:123:38: warning: cast between incompatible function types from ‘void (*)(const void*, void*, int, const MPI::Datatype&)’ to ‘void (*)(void*, void*, int*, ompi_datatype_t**)’ [-Wcast-function-type]
  123 |     ompi_op_set_cxx_callback(mpi_op, (MPI_User_function*) func);
      |                                      ^~~~~~~~~~~~~~~~~~~~~~~~~
[ 37%] Building CXX object CMakeFiles/hemocell.dir/palabos/src/core/plbDebug.cpp.o
In file included from /usr/lib/x86_64-linux-gnu/openmpi/include/openmpi/ompi/mpi/cxx/mpicxx.h:277,
                 from /usr/lib/x86_64-linux-gnu/openmpi/include/mpi.h:2911,
                 from /home/lzy/projects/hemocell_starter/vendor/HemoCell/./palabos/src/core/globalDefs.h:41,
                 from /home/lzy/projects/hemocell_starter/vendor/HemoCell/./palabos/src/parallelism/mpiManager.h:41,
                 from /home/lzy/projects/hemocell_starter/vendor/HemoCell/palabos/src/core/plbDebug.cpp:39:
/usr/lib/x86_64-linux-gnu/openmpi/include/openmpi/ompi/mpi/cxx/op_inln.h: In member function ‘virtual void MPI::Op::Init(void (*)(const void*, void*, int, const MPI::Datatype&), bool)’:
/usr/lib/x86_64-linux-gnu/openmpi/include/openmpi/ompi/mpi/cxx/op_inln.h:121:25: warning: cast between incompatible function types from ‘void (*)(void*, void*, int*, ompi_datatype_t**, void (*)(void*, void*, int*, ompi_datatype_t**))’ to ‘void (*)(void*, void*, int*, ompi_datatype_t**)’ [-Wcast-function-type]
  121 |     (void)MPI_Op_create((MPI_User_function*) ompi_mpi_cxx_op_intercept,
      |                         ^~~~~~~~~~~~~~~~~~~~~~~~~~~~~~~~~~~~~~~~~~~~~~
/usr/lib/x86_64-linux-gnu/openmpi/include/openmpi/ompi/mpi/cxx/op_inln.h:123:38: warning: cast between incompatible function types from ‘void (*)(const void*, void*, int, const MPI::Datatype&)’ to ‘void (*)(void*, void*, int*, ompi_datatype_t**)’ [-Wcast-function-type]
  123 |     ompi_op_set_cxx_callback(mpi_op, (MPI_User_function*) func);
      |                                      ^~~~~~~~~~~~~~~~~~~~~~~~~
[ 37%] Building CXX object CMakeFiles/hemocell.dir/palabos/src/core/plbInit.cpp.o
[ 37%] Building CXX object CMakeFiles/hemocell.dir/palabos/src/core/plbLogFiles.cpp.o
In file included from /usr/lib/x86_64-linux-gnu/openmpi/include/openmpi/ompi/mpi/cxx/mpicxx.h:277,
                 from /usr/lib/x86_64-linux-gnu/openmpi/include/mpi.h:2911,
                 from /home/lzy/projects/hemocell_starter/vendor/HemoCell/./palabos/src/core/globalDefs.h:41,
                 from /home/lzy/projects/hemocell_starter/vendor/HemoCell/./palabos/src/core/plbInit.h:43,
                 from /home/lzy/projects/hemocell_starter/vendor/HemoCell/palabos/src/core/plbInit.cpp:38:
/usr/lib/x86_64-linux-gnu/openmpi/include/openmpi/ompi/mpi/cxx/op_inln.h: In member function ‘virtual void MPI::Op::Init(void (*)(const void*, void*, int, const MPI::Datatype&), bool)’:
/usr/lib/x86_64-linux-gnu/openmpi/include/openmpi/ompi/mpi/cxx/op_inln.h:121:25: warning: cast between incompatible function types from ‘void (*)(void*, void*, int*, ompi_datatype_t**, void (*)(void*, void*, int*, ompi_datatype_t**))’ to ‘void (*)(void*, void*, int*, ompi_datatype_t**)’ [-Wcast-function-type]
  121 |     (void)MPI_Op_create((MPI_User_function*) ompi_mpi_cxx_op_intercept,
      |                         ^~~~~~~~~~~~~~~~~~~~~~~~~~~~~~~~~~~~~~~~~~~~~~
/usr/lib/x86_64-linux-gnu/openmpi/include/openmpi/ompi/mpi/cxx/op_inln.h:123:38: warning: cast between incompatible function types from ‘void (*)(const void*, void*, int, const MPI::Datatype&)’ to ‘void (*)(void*, void*, int*, ompi_datatype_t**)’ [-Wcast-function-type]
  123 |     ompi_op_set_cxx_callback(mpi_op, (MPI_User_function*) func);
      |                                      ^~~~~~~~~~~~~~~~~~~~~~~~~
In file included from /usr/lib/x86_64-linux-gnu/openmpi/include/openmpi/ompi/mpi/cxx/mpicxx.h:277,
                 from /usr/lib/x86_64-linux-gnu/openmpi/include/mpi.h:2911,
                 from /home/lzy/projects/hemocell_starter/vendor/HemoCell/./palabos/src/core/globalDefs.h:41,
                 from /home/lzy/projects/hemocell_starter/vendor/HemoCell/./palabos/src/core/util.h:51,
                 from /home/lzy/projects/hemocell_starter/vendor/HemoCell/palabos/src/core/plbLogFiles.cpp:39:
/usr/lib/x86_64-linux-gnu/openmpi/include/openmpi/ompi/mpi/cxx/op_inln.h: In member function ‘virtual void MPI::Op::Init(void (*)(const void*, void*, int, const MPI::Datatype&), bool)’:
/usr/lib/x86_64-linux-gnu/openmpi/include/openmpi/ompi/mpi/cxx/op_inln.h:121:25: warning: cast between incompatible function types from ‘void (*)(void*, void*, int*, ompi_datatype_t**, void (*)(void*, void*, int*, ompi_datatype_t**))’ to ‘void (*)(void*, void*, int*, ompi_datatype_t**)’ [-Wcast-function-type]
  121 |     (void)MPI_Op_create((MPI_User_function*) ompi_mpi_cxx_op_intercept,
      |                         ^~~~~~~~~~~~~~~~~~~~~~~~~~~~~~~~~~~~~~~~~~~~~~
/usr/lib/x86_64-linux-gnu/openmpi/include/openmpi/ompi/mpi/cxx/op_inln.h:123:38: warning: cast between incompatible function types from ‘void (*)(const void*, void*, int, const MPI::Datatype&)’ to ‘void (*)(void*, void*, int*, ompi_datatype_t**)’ [-Wcast-function-type]
  123 |     ompi_op_set_cxx_callback(mpi_op, (MPI_User_function*) func);
      |                                      ^~~~~~~~~~~~~~~~~~~~~~~~~
[ 41%] Building CXX object CMakeFiles/hemocell.dir/palabos/src/core/plbProfiler.cpp.o
[ 41%] Building CXX object CMakeFiles/hemocell.dir/palabos/src/core/plbTimer.cpp.o
In file included from /usr/lib/x86_64-linux-gnu/openmpi/include/openmpi/ompi/mpi/cxx/mpicxx.h:277,
                 from /usr/lib/x86_64-linux-gnu/openmpi/include/mpi.h:2911,
                 from /home/lzy/projects/hemocell_starter/vendor/HemoCell/./palabos/src/core/globalDefs.h:41,
                 from /home/lzy/projects/hemocell_starter/vendor/HemoCell/./palabos/src/core/plbProfiler.h:40,
                 from /home/lzy/projects/hemocell_starter/vendor/HemoCell/palabos/src/core/plbProfiler.cpp:34:
/usr/lib/x86_64-linux-gnu/openmpi/include/openmpi/ompi/mpi/cxx/op_inln.h: In member function ‘virtual void MPI::Op::Init(void (*)(const void*, void*, int, const MPI::Datatype&), bool)’:
/usr/lib/x86_64-linux-gnu/openmpi/include/openmpi/ompi/mpi/cxx/op_inln.h:121:25: warning: cast between incompatible function types from ‘void (*)(void*, void*, int*, ompi_datatype_t**, void (*)(void*, void*, int*, ompi_datatype_t**))’ to ‘void (*)(void*, void*, int*, ompi_datatype_t**)’ [-Wcast-function-type]
  121 |     (void)MPI_Op_create((MPI_User_function*) ompi_mpi_cxx_op_intercept,
      |                         ^~~~~~~~~~~~~~~~~~~~~~~~~~~~~~~~~~~~~~~~~~~~~~
/usr/lib/x86_64-linux-gnu/openmpi/include/openmpi/ompi/mpi/cxx/op_inln.h:123:38: warning: cast between incompatible function types from ‘void (*)(const void*, void*, int, const MPI::Datatype&)’ to ‘void (*)(void*, void*, int*, ompi_datatype_t**)’ [-Wcast-function-type]
  123 |     ompi_op_set_cxx_callback(mpi_op, (MPI_User_function*) func);
      |                                      ^~~~~~~~~~~~~~~~~~~~~~~~~
In file included from /usr/lib/x86_64-linux-gnu/openmpi/include/openmpi/ompi/mpi/cxx/mpicxx.h:277,
                 from /usr/lib/x86_64-linux-gnu/openmpi/include/mpi.h:2911,
                 from /home/lzy/projects/hemocell_starter/vendor/HemoCell/./palabos/src/core/globalDefs.h:41,
                 from /home/lzy/projects/hemocell_starter/vendor/HemoCell/./palabos/src/core/plbTimer.h:43,
                 from /home/lzy/projects/hemocell_starter/vendor/HemoCell/palabos/src/core/plbTimer.cpp:34:
/usr/lib/x86_64-linux-gnu/openmpi/include/openmpi/ompi/mpi/cxx/op_inln.h: In member function ‘virtual void MPI::Op::Init(void (*)(const void*, void*, int, const MPI::Datatype&), bool)’:
/usr/lib/x86_64-linux-gnu/openmpi/include/openmpi/ompi/mpi/cxx/op_inln.h:121:25: warning: cast between incompatible function types from ‘void (*)(void*, void*, int*, ompi_datatype_t**, void (*)(void*, void*, int*, ompi_datatype_t**))’ to ‘void (*)(void*, void*, int*, ompi_datatype_t**)’ [-Wcast-function-type]
  121 |     (void)MPI_Op_create((MPI_User_function*) ompi_mpi_cxx_op_intercept,
      |                         ^~~~~~~~~~~~~~~~~~~~~~~~~~~~~~~~~~~~~~~~~~~~~~
/usr/lib/x86_64-linux-gnu/openmpi/include/openmpi/ompi/mpi/cxx/op_inln.h:123:38: warning: cast between incompatible function types from ‘void (*)(const void*, void*, int, const MPI::Datatype&)’ to ‘void (*)(void*, void*, int*, ompi_datatype_t**)’ [-Wcast-function-type]
  123 |     ompi_op_set_cxx_callback(mpi_op, (MPI_User_function*) func);
      |                                      ^~~~~~~~~~~~~~~~~~~~~~~~~
[ 41%] Building CXX object CMakeFiles/hemocell.dir/palabos/src/core/plbTypenames.cpp.o
In file included from /usr/lib/x86_64-linux-gnu/openmpi/include/openmpi/ompi/mpi/cxx/mpicxx.h:277,
                 from /usr/lib/x86_64-linux-gnu/openmpi/include/mpi.h:2911,
                 from /home/lzy/projects/hemocell_starter/vendor/HemoCell/./palabos/src/core/globalDefs.h:41,
                 from /home/lzy/projects/hemocell_starter/vendor/HemoCell/./palabos/src/core/plbComplex.h:37,
                 from /home/lzy/projects/hemocell_starter/vendor/HemoCell/palabos/src/core/plbTypenames.cpp:38:
/usr/lib/x86_64-linux-gnu/openmpi/include/openmpi/ompi/mpi/cxx/op_inln.h: In member function ‘virtual void MPI::Op::Init(void (*)(const void*, void*, int, const MPI::Datatype&), bool)’:
/usr/lib/x86_64-linux-gnu/openmpi/include/openmpi/ompi/mpi/cxx/op_inln.h:121:25: warning: cast between incompatible function types from ‘void (*)(void*, void*, int*, ompi_datatype_t**, void (*)(void*, void*, int*, ompi_datatype_t**))’ to ‘void (*)(void*, void*, int*, ompi_datatype_t**)’ [-Wcast-function-type]
  121 |     (void)MPI_Op_create((MPI_User_function*) ompi_mpi_cxx_op_intercept,
      |                         ^~~~~~~~~~~~~~~~~~~~~~~~~~~~~~~~~~~~~~~~~~~~~~
/usr/lib/x86_64-linux-gnu/openmpi/include/openmpi/ompi/mpi/cxx/op_inln.h:123:38: warning: cast between incompatible function types from ‘void (*)(const void*, void*, int, const MPI::Datatype&)’ to ‘void (*)(void*, void*, int*, ompi_datatype_t**)’ [-Wcast-function-type]
  123 |     ompi_op_set_cxx_callback(mpi_op, (MPI_User_function*) func);
      |                                      ^~~~~~~~~~~~~~~~~~~~~~~~~
[ 41%] Building CXX object CMakeFiles/hemocell.dir/palabos/src/core/processorIdentifiers2D.cpp.o
In file included from /usr/lib/x86_64-linux-gnu/openmpi/include/openmpi/ompi/mpi/cxx/mpicxx.h:277,
                 from /usr/lib/x86_64-linux-gnu/openmpi/include/mpi.h:2911,
                 from /home/lzy/projects/hemocell_starter/vendor/HemoCell/./palabos/src/core/globalDefs.h:41,
                 from /home/lzy/projects/hemocell_starter/vendor/HemoCell/./palabos/src/core/blockStatistics.h:43,
                 from /home/lzy/projects/hemocell_starter/vendor/HemoCell/./palabos/src/atomicBlock/dataProcessor2D.h:43,
                 from /home/lzy/projects/hemocell_starter/vendor/HemoCell/./palabos/src/atomicBlock/dataProcessingFunctional2D.h:42,
                 from /home/lzy/projects/hemocell_starter/vendor/HemoCell/./palabos/src/core/processorIdentifiers2D.h:41,
                 from /home/lzy/projects/hemocell_starter/vendor/HemoCell/palabos/src/core/processorIdentifiers2D.cpp:34:
/usr/lib/x86_64-linux-gnu/openmpi/include/openmpi/ompi/mpi/cxx/op_inln.h: In member function ‘virtual void MPI::Op::Init(void (*)(const void*, void*, int, const MPI::Datatype&), bool)’:
/usr/lib/x86_64-linux-gnu/openmpi/include/openmpi/ompi/mpi/cxx/op_inln.h:121:25: warning: cast between incompatible function types from ‘void (*)(void*, void*, int*, ompi_datatype_t**, void (*)(void*, void*, int*, ompi_datatype_t**))’ to ‘void (*)(void*, void*, int*, ompi_datatype_t**)’ [-Wcast-function-type]
  121 |     (void)MPI_Op_create((MPI_User_function*) ompi_mpi_cxx_op_intercept,
      |                         ^~~~~~~~~~~~~~~~~~~~~~~~~~~~~~~~~~~~~~~~~~~~~~
/usr/lib/x86_64-linux-gnu/openmpi/include/openmpi/ompi/mpi/cxx/op_inln.h:123:38: warning: cast between incompatible function types from ‘void (*)(const void*, void*, int, const MPI::Datatype&)’ to ‘void (*)(void*, void*, int*, ompi_datatype_t**)’ [-Wcast-function-type]
  123 |     ompi_op_set_cxx_callback(mpi_op, (MPI_User_function*) func);
      |                                      ^~~~~~~~~~~~~~~~~~~~~~~~~
[ 41%] Building CXX object CMakeFiles/hemocell.dir/palabos/src/core/processorIdentifiers3D.cpp.o
In file included from /usr/lib/x86_64-linux-gnu/openmpi/include/openmpi/ompi/mpi/cxx/mpicxx.h:277,
                 from /usr/lib/x86_64-linux-gnu/openmpi/include/mpi.h:2911,
                 from /home/lzy/projects/hemocell_starter/vendor/HemoCell/./palabos/src/core/globalDefs.h:41,
                 from /home/lzy/projects/hemocell_starter/vendor/HemoCell/./palabos/src/core/blockStatistics.h:43,
                 from /home/lzy/projects/hemocell_starter/vendor/HemoCell/./palabos/src/atomicBlock/dataProcessor3D.h:43,
                 from /home/lzy/projects/hemocell_starter/vendor/HemoCell/./palabos/src/atomicBlock/dataProcessingFunctional3D.h:42,
                 from /home/lzy/projects/hemocell_starter/vendor/HemoCell/./palabos/src/core/processorIdentifiers3D.h:41,
                 from /home/lzy/projects/hemocell_starter/vendor/HemoCell/palabos/src/core/processorIdentifiers3D.cpp:34:
/usr/lib/x86_64-linux-gnu/openmpi/include/openmpi/ompi/mpi/cxx/op_inln.h: In member function ‘virtual void MPI::Op::Init(void (*)(const void*, void*, int, const MPI::Datatype&), bool)’:
/usr/lib/x86_64-linux-gnu/openmpi/include/openmpi/ompi/mpi/cxx/op_inln.h:121:25: warning: cast between incompatible function types from ‘void (*)(void*, void*, int*, ompi_datatype_t**, void (*)(void*, void*, int*, ompi_datatype_t**))’ to ‘void (*)(void*, void*, int*, ompi_datatype_t**)’ [-Wcast-function-type]
  121 |     (void)MPI_Op_create((MPI_User_function*) ompi_mpi_cxx_op_intercept,
      |                         ^~~~~~~~~~~~~~~~~~~~~~~~~~~~~~~~~~~~~~~~~~~~~~
/usr/lib/x86_64-linux-gnu/openmpi/include/openmpi/ompi/mpi/cxx/op_inln.h:123:38: warning: cast between incompatible function types from ‘void (*)(const void*, void*, int, const MPI::Datatype&)’ to ‘void (*)(void*, void*, int*, ompi_datatype_t**)’ [-Wcast-function-type]
  123 |     ompi_op_set_cxx_callback(mpi_op, (MPI_User_function*) func);
      |                                      ^~~~~~~~~~~~~~~~~~~~~~~~~
[ 41%] Building CXX object CMakeFiles/hemocell.dir/palabos/src/core/runTimeDiagnostics.cpp.o
In file included from /usr/lib/x86_64-linux-gnu/openmpi/include/openmpi/ompi/mpi/cxx/mpicxx.h:277,
                 from /usr/lib/x86_64-linux-gnu/openmpi/include/mpi.h:2911,
                 from /home/lzy/projects/hemocell_starter/vendor/HemoCell/./palabos/src/core/globalDefs.h:41,
                 from /home/lzy/projects/hemocell_starter/vendor/HemoCell/./palabos/src/core/runTimeDiagnostics.h:43,
                 from /home/lzy/projects/hemocell_starter/vendor/HemoCell/palabos/src/core/runTimeDiagnostics.cpp:34:
/usr/lib/x86_64-linux-gnu/openmpi/include/openmpi/ompi/mpi/cxx/op_inln.h: In member function ‘virtual void MPI::Op::Init(void (*)(const void*, void*, int, const MPI::Datatype&), bool)’:
/usr/lib/x86_64-linux-gnu/openmpi/include/openmpi/ompi/mpi/cxx/op_inln.h:121:25: warning: cast between incompatible function types from ‘void (*)(void*, void*, int*, ompi_datatype_t**, void (*)(void*, void*, int*, ompi_datatype_t**))’ to ‘void (*)(void*, void*, int*, ompi_datatype_t**)’ [-Wcast-function-type]
  121 |     (void)MPI_Op_create((MPI_User_function*) ompi_mpi_cxx_op_intercept,
      |                         ^~~~~~~~~~~~~~~~~~~~~~~~~~~~~~~~~~~~~~~~~~~~~~
/usr/lib/x86_64-linux-gnu/openmpi/include/openmpi/ompi/mpi/cxx/op_inln.h:123:38: warning: cast between incompatible function types from ‘void (*)(const void*, void*, int, const MPI::Datatype&)’ to ‘void (*)(void*, void*, int*, ompi_datatype_t**)’ [-Wcast-function-type]
  123 |     ompi_op_set_cxx_callback(mpi_op, (MPI_User_function*) func);
      |                                      ^~~~~~~~~~~~~~~~~~~~~~~~~
[ 44%] Building CXX object CMakeFiles/hemocell.dir/palabos/src/core/serializer.cpp.o
In file included from /usr/lib/x86_64-linux-gnu/openmpi/include/openmpi/ompi/mpi/cxx/mpicxx.h:277,
                 from /usr/lib/x86_64-linux-gnu/openmpi/include/mpi.h:2911,
                 from /home/lzy/projects/hemocell_starter/vendor/HemoCell/./palabos/src/core/globalDefs.h:41,
                 from /home/lzy/projects/hemocell_starter/vendor/HemoCell/./palabos/src/core/serializer.h:37,
                 from /home/lzy/projects/hemocell_starter/vendor/HemoCell/palabos/src/core/serializer.cpp:34:
/usr/lib/x86_64-linux-gnu/openmpi/include/openmpi/ompi/mpi/cxx/op_inln.h: In member function ‘virtual void MPI::Op::Init(void (*)(const void*, void*, int, const MPI::Datatype&), bool)’:
/usr/lib/x86_64-linux-gnu/openmpi/include/openmpi/ompi/mpi/cxx/op_inln.h:121:25: warning: cast between incompatible function types from ‘void (*)(void*, void*, int*, ompi_datatype_t**, void (*)(void*, void*, int*, ompi_datatype_t**))’ to ‘void (*)(void*, void*, int*, ompi_datatype_t**)’ [-Wcast-function-type]
  121 |     (void)MPI_Op_create((MPI_User_function*) ompi_mpi_cxx_op_intercept,
      |                         ^~~~~~~~~~~~~~~~~~~~~~~~~~~~~~~~~~~~~~~~~~~~~~
/usr/lib/x86_64-linux-gnu/openmpi/include/openmpi/ompi/mpi/cxx/op_inln.h:123:38: warning: cast between incompatible function types from ‘void (*)(const void*, void*, int, const MPI::Datatype&)’ to ‘void (*)(void*, void*, int*, ompi_datatype_t**)’ [-Wcast-function-type]
  123 |     ompi_op_set_cxx_callback(mpi_op, (MPI_User_function*) func);
      |                                      ^~~~~~~~~~~~~~~~~~~~~~~~~
[ 44%] Building CXX object CMakeFiles/hemocell.dir/palabos/src/core/units.cpp.o
In file included from /usr/lib/x86_64-linux-gnu/openmpi/include/openmpi/ompi/mpi/cxx/mpicxx.h:277,
                 from /usr/lib/x86_64-linux-gnu/openmpi/include/mpi.h:2911,
                 from /home/lzy/projects/hemocell_starter/vendor/HemoCell/./palabos/src/core/globalDefs.h:41,
                 from /home/lzy/projects/hemocell_starter/vendor/HemoCell/./palabos/src/core/array.h:43,
                 from /home/lzy/projects/hemocell_starter/vendor/HemoCell/./palabos/src/core/units.h:40,
                 from /home/lzy/projects/hemocell_starter/vendor/HemoCell/palabos/src/core/units.cpp:37:
/usr/lib/x86_64-linux-gnu/openmpi/include/openmpi/ompi/mpi/cxx/op_inln.h: In member function ‘virtual void MPI::Op::Init(void (*)(const void*, void*, int, const MPI::Datatype&), bool)’:
/usr/lib/x86_64-linux-gnu/openmpi/include/openmpi/ompi/mpi/cxx/op_inln.h:121:25: warning: cast between incompatible function types from ‘void (*)(void*, void*, int*, ompi_datatype_t**, void (*)(void*, void*, int*, ompi_datatype_t**))’ to ‘void (*)(void*, void*, int*, ompi_datatype_t**)’ [-Wcast-function-type]
  121 |     (void)MPI_Op_create((MPI_User_function*) ompi_mpi_cxx_op_intercept,
      |                         ^~~~~~~~~~~~~~~~~~~~~~~~~~~~~~~~~~~~~~~~~~~~~~
/usr/lib/x86_64-linux-gnu/openmpi/include/openmpi/ompi/mpi/cxx/op_inln.h:123:38: warning: cast between incompatible function types from ‘void (*)(const void*, void*, int, const MPI::Datatype&)’ to ‘void (*)(void*, void*, int*, ompi_datatype_t**)’ [-Wcast-function-type]
  123 |     ompi_op_set_cxx_callback(mpi_op, (MPI_User_function*) func);
      |                                      ^~~~~~~~~~~~~~~~~~~~~~~~~
[ 44%] Building CXX object CMakeFiles/hemocell.dir/palabos/src/dataProcessors/metaStuffFunctional2D.cpp.o
In file included from /usr/lib/x86_64-linux-gnu/openmpi/include/openmpi/ompi/mpi/cxx/mpicxx.h:277,
                 from /usr/lib/x86_64-linux-gnu/openmpi/include/mpi.h:2911,
                 from /home/lzy/projects/hemocell_starter/vendor/HemoCell/./palabos/src/core/globalDefs.h:41,
                 from /home/lzy/projects/hemocell_starter/vendor/HemoCell/./palabos/src/core/blockStatistics.h:43,
                 from /home/lzy/projects/hemocell_starter/vendor/HemoCell/./palabos/src/atomicBlock/dataProcessor2D.h:43,
                 from /home/lzy/projects/hemocell_starter/vendor/HemoCell/./palabos/src/atomicBlock/dataProcessingFunctional2D.h:42,
                 from /home/lzy/projects/hemocell_starter/vendor/HemoCell/./palabos/src/atomicBlock/dataProcessorWrapper2D.h:51,
                 from /home/lzy/projects/hemocell_starter/vendor/HemoCell/./palabos/src/atomicBlock/atomicBlock2D.h:40,
                 from /home/lzy/projects/hemocell_starter/vendor/HemoCell/./palabos/src/atomicBlock/atomicContainerBlock2D.h:42,
                 from /home/lzy/projects/hemocell_starter/vendor/HemoCell/./palabos/src/dataProcessors/metaStuffFunctional2D.h:42,
                 from /home/lzy/projects/hemocell_starter/vendor/HemoCell/palabos/src/dataProcessors/metaStuffFunctional2D.cpp:34:
/usr/lib/x86_64-linux-gnu/openmpi/include/openmpi/ompi/mpi/cxx/op_inln.h: In member function ‘virtual void MPI::Op::Init(void (*)(const void*, void*, int, const MPI::Datatype&), bool)’:
/usr/lib/x86_64-linux-gnu/openmpi/include/openmpi/ompi/mpi/cxx/op_inln.h:121:25: warning: cast between incompatible function types from ‘void (*)(void*, void*, int*, ompi_datatype_t**, void (*)(void*, void*, int*, ompi_datatype_t**))’ to ‘void (*)(void*, void*, int*, ompi_datatype_t**)’ [-Wcast-function-type]
  121 |     (void)MPI_Op_create((MPI_User_function*) ompi_mpi_cxx_op_intercept,
      |                         ^~~~~~~~~~~~~~~~~~~~~~~~~~~~~~~~~~~~~~~~~~~~~~
/usr/lib/x86_64-linux-gnu/openmpi/include/openmpi/ompi/mpi/cxx/op_inln.h:123:38: warning: cast between incompatible function types from ‘void (*)(const void*, void*, int, const MPI::Datatype&)’ to ‘void (*)(void*, void*, int*, ompi_datatype_t**)’ [-Wcast-function-type]
  123 |     ompi_op_set_cxx_callback(mpi_op, (MPI_User_function*) func);
      |                                      ^~~~~~~~~~~~~~~~~~~~~~~~~
[ 44%] Building CXX object CMakeFiles/hemocell.dir/palabos/src/dataProcessors/metaStuffFunctional3D.cpp.o
In file included from /usr/lib/x86_64-linux-gnu/openmpi/include/openmpi/ompi/mpi/cxx/mpicxx.h:277,
                 from /usr/lib/x86_64-linux-gnu/openmpi/include/mpi.h:2911,
                 from /home/lzy/projects/hemocell_starter/vendor/HemoCell/./palabos/src/core/globalDefs.h:41,
                 from /home/lzy/projects/hemocell_starter/vendor/HemoCell/./palabos/src/core/blockStatistics.h:43,
                 from /home/lzy/projects/hemocell_starter/vendor/HemoCell/./palabos/src/atomicBlock/dataProcessor3D.h:43,
                 from /home/lzy/projects/hemocell_starter/vendor/HemoCell/./palabos/src/atomicBlock/dataProcessingFunctional3D.h:42,
                 from /home/lzy/projects/hemocell_starter/vendor/HemoCell/./palabos/src/atomicBlock/dataProcessorWrapper3D.h:51,
                 from /home/lzy/projects/hemocell_starter/vendor/HemoCell/./palabos/src/atomicBlock/atomicBlock3D.h:41,
                 from /home/lzy/projects/hemocell_starter/vendor/HemoCell/./palabos/src/atomicBlock/atomicContainerBlock3D.h:42,
                 from /home/lzy/projects/hemocell_starter/vendor/HemoCell/./palabos/src/dataProcessors/metaStuffFunctional3D.h:42,
                 from /home/lzy/projects/hemocell_starter/vendor/HemoCell/palabos/src/dataProcessors/metaStuffFunctional3D.cpp:34:
/usr/lib/x86_64-linux-gnu/openmpi/include/openmpi/ompi/mpi/cxx/op_inln.h: In member function ‘virtual void MPI::Op::Init(void (*)(const void*, void*, int, const MPI::Datatype&), bool)’:
/usr/lib/x86_64-linux-gnu/openmpi/include/openmpi/ompi/mpi/cxx/op_inln.h:121:25: warning: cast between incompatible function types from ‘void (*)(void*, void*, int*, ompi_datatype_t**, void (*)(void*, void*, int*, ompi_datatype_t**))’ to ‘void (*)(void*, void*, int*, ompi_datatype_t**)’ [-Wcast-function-type]
  121 |     (void)MPI_Op_create((MPI_User_function*) ompi_mpi_cxx_op_intercept,
      |                         ^~~~~~~~~~~~~~~~~~~~~~~~~~~~~~~~~~~~~~~~~~~~~~
/usr/lib/x86_64-linux-gnu/openmpi/include/openmpi/ompi/mpi/cxx/op_inln.h:123:38: warning: cast between incompatible function types from ‘void (*)(const void*, void*, int, const MPI::Datatype&)’ to ‘void (*)(void*, void*, int*, ompi_datatype_t**)’ [-Wcast-function-type]
  123 |     ompi_op_set_cxx_callback(mpi_op, (MPI_User_function*) func);
      |                                      ^~~~~~~~~~~~~~~~~~~~~~~~~
[ 44%] Building CXX object CMakeFiles/hemocell.dir/palabos/src/dataProcessors/metaStuffWrapper2D.cpp.o
In file included from /usr/lib/x86_64-linux-gnu/openmpi/include/openmpi/ompi/mpi/cxx/mpicxx.h:277,
                 from /usr/lib/x86_64-linux-gnu/openmpi/include/mpi.h:2911,
                 from /home/lzy/projects/hemocell_starter/vendor/HemoCell/./palabos/src/core/globalDefs.h:41,
                 from /home/lzy/projects/hemocell_starter/vendor/HemoCell/./palabos/src/core/blockStatistics.h:43,
                 from /home/lzy/projects/hemocell_starter/vendor/HemoCell/./palabos/src/atomicBlock/dataProcessor2D.h:43,
                 from /home/lzy/projects/hemocell_starter/vendor/HemoCell/./palabos/src/atomicBlock/dataProcessingFunctional2D.h:42,
                 from /home/lzy/projects/hemocell_starter/vendor/HemoCell/./palabos/src/atomicBlock/dataProcessorWrapper2D.h:51,
                 from /home/lzy/projects/hemocell_starter/vendor/HemoCell/./palabos/src/atomicBlock/atomicBlock2D.h:40,
                 from /home/lzy/projects/hemocell_starter/vendor/HemoCell/./palabos/src/atomicBlock/blockLattice2D.h:43,
                 from /home/lzy/projects/hemocell_starter/vendor/HemoCell/./palabos/src/dataProcessors/metaStuffWrapper2D.h:42,
                 from /home/lzy/projects/hemocell_starter/vendor/HemoCell/palabos/src/dataProcessors/metaStuffWrapper2D.cpp:34:
/usr/lib/x86_64-linux-gnu/openmpi/include/openmpi/ompi/mpi/cxx/op_inln.h: In member function ‘virtual void MPI::Op::Init(void (*)(const void*, void*, int, const MPI::Datatype&), bool)’:
/usr/lib/x86_64-linux-gnu/openmpi/include/openmpi/ompi/mpi/cxx/op_inln.h:121:25: warning: cast between incompatible function types from ‘void (*)(void*, void*, int*, ompi_datatype_t**, void (*)(void*, void*, int*, ompi_datatype_t**))’ to ‘void (*)(void*, void*, int*, ompi_datatype_t**)’ [-Wcast-function-type]
  121 |     (void)MPI_Op_create((MPI_User_function*) ompi_mpi_cxx_op_intercept,
      |                         ^~~~~~~~~~~~~~~~~~~~~~~~~~~~~~~~~~~~~~~~~~~~~~
/usr/lib/x86_64-linux-gnu/openmpi/include/openmpi/ompi/mpi/cxx/op_inln.h:123:38: warning: cast between incompatible function types from ‘void (*)(const void*, void*, int, const MPI::Datatype&)’ to ‘void (*)(void*, void*, int*, ompi_datatype_t**)’ [-Wcast-function-type]
  123 |     ompi_op_set_cxx_callback(mpi_op, (MPI_User_function*) func);
      |                                      ^~~~~~~~~~~~~~~~~~~~~~~~~
[ 44%] Building CXX object CMakeFiles/hemocell.dir/palabos/src/dataProcessors/metaStuffWrapper3D.cpp.o
In file included from /usr/lib/x86_64-linux-gnu/openmpi/include/openmpi/ompi/mpi/cxx/mpicxx.h:277,
                 from /usr/lib/x86_64-linux-gnu/openmpi/include/mpi.h:2911,
                 from /home/lzy/projects/hemocell_starter/vendor/HemoCell/./palabos/src/core/globalDefs.h:41,
                 from /home/lzy/projects/hemocell_starter/vendor/HemoCell/./palabos/src/core/blockStatistics.h:43,
                 from /home/lzy/projects/hemocell_starter/vendor/HemoCell/./palabos/src/atomicBlock/dataProcessor3D.h:43,
                 from /home/lzy/projects/hemocell_starter/vendor/HemoCell/./palabos/src/atomicBlock/dataProcessingFunctional3D.h:42,
                 from /home/lzy/projects/hemocell_starter/vendor/HemoCell/./palabos/src/atomicBlock/dataProcessorWrapper3D.h:51,
                 from /home/lzy/projects/hemocell_starter/vendor/HemoCell/./palabos/src/atomicBlock/atomicBlock3D.h:41,
                 from /home/lzy/projects/hemocell_starter/vendor/HemoCell/./palabos/src/atomicBlock/blockLattice3D.h:43,
                 from /home/lzy/projects/hemocell_starter/vendor/HemoCell/./palabos/src/dataProcessors/metaStuffWrapper3D.h:42,
                 from /home/lzy/projects/hemocell_starter/vendor/HemoCell/palabos/src/dataProcessors/metaStuffWrapper3D.cpp:34:
/usr/lib/x86_64-linux-gnu/openmpi/include/openmpi/ompi/mpi/cxx/op_inln.h: In member function ‘virtual void MPI::Op::Init(void (*)(const void*, void*, int, const MPI::Datatype&), bool)’:
/usr/lib/x86_64-linux-gnu/openmpi/include/openmpi/ompi/mpi/cxx/op_inln.h:121:25: warning: cast between incompatible function types from ‘void (*)(void*, void*, int*, ompi_datatype_t**, void (*)(void*, void*, int*, ompi_datatype_t**))’ to ‘void (*)(void*, void*, int*, ompi_datatype_t**)’ [-Wcast-function-type]
  121 |     (void)MPI_Op_create((MPI_User_function*) ompi_mpi_cxx_op_intercept,
      |                         ^~~~~~~~~~~~~~~~~~~~~~~~~~~~~~~~~~~~~~~~~~~~~~
/usr/lib/x86_64-linux-gnu/openmpi/include/openmpi/ompi/mpi/cxx/op_inln.h:123:38: warning: cast between incompatible function types from ‘void (*)(const void*, void*, int, const MPI::Datatype&)’ to ‘void (*)(void*, void*, int*, ompi_datatype_t**)’ [-Wcast-function-type]
  123 |     ompi_op_set_cxx_callback(mpi_op, (MPI_User_function*) func);
      |                                      ^~~~~~~~~~~~~~~~~~~~~~~~~
[ 48%] Building CXX object CMakeFiles/hemocell.dir/palabos/src/gridRefinement/boxLogic3D.cpp.o
In file included from /usr/lib/x86_64-linux-gnu/openmpi/include/openmpi/ompi/mpi/cxx/mpicxx.h:277,
                 from /usr/lib/x86_64-linux-gnu/openmpi/include/mpi.h:2911,
                 from /home/lzy/projects/hemocell_starter/vendor/HemoCell/./palabos/src/core/globalDefs.h:41,
                 from /home/lzy/projects/hemocell_starter/vendor/HemoCell/./palabos/src/core/array.h:43,
                 from /home/lzy/projects/hemocell_starter/vendor/HemoCell/./palabos/src/gridRefinement/boxLogic3D.h:40,
                 from /home/lzy/projects/hemocell_starter/vendor/HemoCell/palabos/src/gridRefinement/boxLogic3D.cpp:34:
/usr/lib/x86_64-linux-gnu/openmpi/include/openmpi/ompi/mpi/cxx/op_inln.h: In member function ‘virtual void MPI::Op::Init(void (*)(const void*, void*, int, const MPI::Datatype&), bool)’:
/usr/lib/x86_64-linux-gnu/openmpi/include/openmpi/ompi/mpi/cxx/op_inln.h:121:25: warning: cast between incompatible function types from ‘void (*)(void*, void*, int*, ompi_datatype_t**, void (*)(void*, void*, int*, ompi_datatype_t**))’ to ‘void (*)(void*, void*, int*, ompi_datatype_t**)’ [-Wcast-function-type]
  121 |     (void)MPI_Op_create((MPI_User_function*) ompi_mpi_cxx_op_intercept,
      |                         ^~~~~~~~~~~~~~~~~~~~~~~~~~~~~~~~~~~~~~~~~~~~~~
/usr/lib/x86_64-linux-gnu/openmpi/include/openmpi/ompi/mpi/cxx/op_inln.h:123:38: warning: cast between incompatible function types from ‘void (*)(const void*, void*, int, const MPI::Datatype&)’ to ‘void (*)(void*, void*, int*, ompi_datatype_t**)’ [-Wcast-function-type]
  123 |     ompi_op_set_cxx_callback(mpi_op, (MPI_User_function*) func);
      |                                      ^~~~~~~~~~~~~~~~~~~~~~~~~
[ 48%] Building CXX object CMakeFiles/hemocell.dir/palabos/src/gridRefinement/couplingInterfaceGenerator3D.cpp.o
In file included from /usr/lib/x86_64-linux-gnu/openmpi/include/openmpi/ompi/mpi/cxx/mpicxx.h:277,
                 from /usr/lib/x86_64-linux-gnu/openmpi/include/mpi.h:2911,
                 from /home/lzy/projects/hemocell_starter/vendor/HemoCell/./palabos/src/core/globalDefs.h:41,
                 from /home/lzy/projects/hemocell_starter/vendor/HemoCell/./palabos/src/gridRefinement/couplingInterfaceGenerator3D.h:44,
                 from /home/lzy/projects/hemocell_starter/vendor/HemoCell/palabos/src/gridRefinement/couplingInterfaceGenerator3D.cpp:38:
/usr/lib/x86_64-linux-gnu/openmpi/include/openmpi/ompi/mpi/cxx/op_inln.h: In member function ‘virtual void MPI::Op::Init(void (*)(const void*, void*, int, const MPI::Datatype&), bool)’:
/usr/lib/x86_64-linux-gnu/openmpi/include/openmpi/ompi/mpi/cxx/op_inln.h:121:25: warning: cast between incompatible function types from ‘void (*)(void*, void*, int*, ompi_datatype_t**, void (*)(void*, void*, int*, ompi_datatype_t**))’ to ‘void (*)(void*, void*, int*, ompi_datatype_t**)’ [-Wcast-function-type]
  121 |     (void)MPI_Op_create((MPI_User_function*) ompi_mpi_cxx_op_intercept,
      |                         ^~~~~~~~~~~~~~~~~~~~~~~~~~~~~~~~~~~~~~~~~~~~~~
/usr/lib/x86_64-linux-gnu/openmpi/include/openmpi/ompi/mpi/cxx/op_inln.h:123:38: warning: cast between incompatible function types from ‘void (*)(const void*, void*, int, const MPI::Datatype&)’ to ‘void (*)(void*, void*, int*, ompi_datatype_t**)’ [-Wcast-function-type]
  123 |     ompi_op_set_cxx_callback(mpi_op, (MPI_User_function*) func);
      |                                      ^~~~~~~~~~~~~~~~~~~~~~~~~
In file included from /home/lzy/projects/hemocell_starter/vendor/HemoCell/palabos/src/gridRefinement/couplingInterfaceGenerator3D.cpp:51:
In member function ‘void plb::TriangleSet<T>::writeBinaryContentSTL(FILE*, std::string, T, const plb::Array<T, 3>&, plb::TriangleSelector<T>*) const [with T = double]’,
    inlined from ‘void plb::TriangleSet<T>::writeBinarySTL(std::string, bool, plb::TriangleSelector<T>*) const [with T = double]’ at /home/lzy/projects/hemocell_starter/vendor/HemoCell/./palabos/src/offLattice/triangleSet.hh:1797:30:
/home/lzy/projects/hemocell_starter/vendor/HemoCell/./palabos/src/offLattice/triangleSet.hh:1849:18: warning: array subscript 79 is outside array bounds of ‘char [4]’ [-Warray-bounds=]
 1849 |         name[79] = '\0';
      |         ~~~~~~~~~^~~~~~
/home/lzy/projects/hemocell_starter/vendor/HemoCell/./palabos/src/offLattice/triangleSet.hh:1846:32: note: at offset 79 into object of size 4 allocated by ‘malloc’
 1846 |     char *name = (char *)malloc((solidName.length() + 1) * sizeof(char));
      |                          ~~~~~~^~~~~~~~~~~~~~~~~~~~~~~~~~~~~~~~~~~~~~~~~
[ 48%] Building CXX object CMakeFiles/hemocell.dir/palabos/src/gridRefinement/octree.cpp.o
[ 48%] Building CXX object CMakeFiles/hemocell.dir/palabos/src/gridRefinement/octreeGridGenerator.cpp.o
In file included from /usr/lib/x86_64-linux-gnu/openmpi/include/openmpi/ompi/mpi/cxx/mpicxx.h:277,
                 from /usr/lib/x86_64-linux-gnu/openmpi/include/mpi.h:2911,
                 from /home/lzy/projects/hemocell_starter/vendor/HemoCell/./palabos/src/core/globalDefs.h:41,
                 from /home/lzy/projects/hemocell_starter/vendor/HemoCell/./palabos/src/core/array.h:43,
                 from /home/lzy/projects/hemocell_starter/vendor/HemoCell/./palabos/src/gridRefinement/octreeGridGenerator.h:39,
                 from /home/lzy/projects/hemocell_starter/vendor/HemoCell/palabos/src/gridRefinement/octreeGridGenerator.cpp:34:
/usr/lib/x86_64-linux-gnu/openmpi/include/openmpi/ompi/mpi/cxx/op_inln.h: In member function ‘virtual void MPI::Op::Init(void (*)(const void*, void*, int, const MPI::Datatype&), bool)’:
/usr/lib/x86_64-linux-gnu/openmpi/include/openmpi/ompi/mpi/cxx/op_inln.h:121:25: warning: cast between incompatible function types from ‘void (*)(void*, void*, int*, ompi_datatype_t**, void (*)(void*, void*, int*, ompi_datatype_t**))’ to ‘void (*)(void*, void*, int*, ompi_datatype_t**)’ [-Wcast-function-type]
  121 |     (void)MPI_Op_create((MPI_User_function*) ompi_mpi_cxx_op_intercept,
      |                         ^~~~~~~~~~~~~~~~~~~~~~~~~~~~~~~~~~~~~~~~~~~~~~
/usr/lib/x86_64-linux-gnu/openmpi/include/openmpi/ompi/mpi/cxx/op_inln.h:123:38: warning: cast between incompatible function types from ‘void (*)(const void*, void*, int, const MPI::Datatype&)’ to ‘void (*)(void*, void*, int*, ompi_datatype_t**)’ [-Wcast-function-type]
  123 |     ompi_op_set_cxx_callback(mpi_op, (MPI_User_function*) func);
      |                                      ^~~~~~~~~~~~~~~~~~~~~~~~~
In file included from /home/lzy/projects/hemocell_starter/vendor/HemoCell/palabos/src/gridRefinement/boxLogic3D.cpp:45:
In member function ‘void plb::TriangleSet<T>::writeBinaryContentSTL(FILE*, std::string, T, const plb::Array<T, 3>&, plb::TriangleSelector<T>*) const [with T = double]’,
    inlined from ‘void plb::TriangleSet<T>::writeBinarySTL(std::string, bool, plb::TriangleSelector<T>*) const [with T = double]’ at /home/lzy/projects/hemocell_starter/vendor/HemoCell/./palabos/src/offLattice/triangleSet.hh:1797:30,
    inlined from ‘void plb::boxLogic::printBoxes(const std::vector<plb::Box3D>&, std::string, plb::plint, double, const plb::Array<double, 3>&)’ at /home/lzy/projects/hemocell_starter/vendor/HemoCell/palabos/src/gridRefinement/boxLogic3D.cpp:4034:32:
/home/lzy/projects/hemocell_starter/vendor/HemoCell/./palabos/src/offLattice/triangleSet.hh:1849:18: warning: array subscript 79 is outside array bounds of ‘char [4]’ [-Warray-bounds=]
 1849 |         name[79] = '\0';
      |         ~~~~~~~~~^~~~~~
/home/lzy/projects/hemocell_starter/vendor/HemoCell/./palabos/src/offLattice/triangleSet.hh:1846:32: note: at offset 79 into object of size 4 allocated by ‘malloc’
 1846 |     char *name = (char *)malloc((solidName.length() + 1) * sizeof(char));
      |                          ~~~~~~^~~~~~~~~~~~~~~~~~~~~~~~~~~~~~~~~~~~~~~~~
[ 48%] Building CXX object CMakeFiles/hemocell.dir/palabos/src/gridRefinement/octreeGridStructure.cpp.o
[ 51%] Building CXX object CMakeFiles/hemocell.dir/palabos/src/io/colormaps.cpp.o
In file included from /usr/lib/x86_64-linux-gnu/openmpi/include/openmpi/ompi/mpi/cxx/mpicxx.h:277,
                 from /usr/lib/x86_64-linux-gnu/openmpi/include/mpi.h:2911,
                 from /home/lzy/projects/hemocell_starter/vendor/HemoCell/./palabos/src/core/globalDefs.h:41,
                 from /home/lzy/projects/hemocell_starter/vendor/HemoCell/./palabos/src/core/array.h:43,
                 from /home/lzy/projects/hemocell_starter/vendor/HemoCell/./palabos/src/gridRefinement/octreeGridStructure.h:40,
                 from /home/lzy/projects/hemocell_starter/vendor/HemoCell/palabos/src/gridRefinement/octreeGridStructure.cpp:34:
/usr/lib/x86_64-linux-gnu/openmpi/include/openmpi/ompi/mpi/cxx/op_inln.h: In member function ‘virtual void MPI::Op::Init(void (*)(const void*, void*, int, const MPI::Datatype&), bool)’:
/usr/lib/x86_64-linux-gnu/openmpi/include/openmpi/ompi/mpi/cxx/op_inln.h:121:25: warning: cast between incompatible function types from ‘void (*)(void*, void*, int*, ompi_datatype_t**, void (*)(void*, void*, int*, ompi_datatype_t**))’ to ‘void (*)(void*, void*, int*, ompi_datatype_t**)’ [-Wcast-function-type]
  121 |     (void)MPI_Op_create((MPI_User_function*) ompi_mpi_cxx_op_intercept,
      |                         ^~~~~~~~~~~~~~~~~~~~~~~~~~~~~~~~~~~~~~~~~~~~~~
/usr/lib/x86_64-linux-gnu/openmpi/include/openmpi/ompi/mpi/cxx/op_inln.h:123:38: warning: cast between incompatible function types from ‘void (*)(const void*, void*, int, const MPI::Datatype&)’ to ‘void (*)(void*, void*, int*, ompi_datatype_t**)’ [-Wcast-function-type]
  123 |     ompi_op_set_cxx_callback(mpi_op, (MPI_User_function*) func);
      |                                      ^~~~~~~~~~~~~~~~~~~~~~~~~
In file included from /usr/lib/x86_64-linux-gnu/openmpi/include/openmpi/ompi/mpi/cxx/mpicxx.h:277,
                 from /usr/lib/x86_64-linux-gnu/openmpi/include/mpi.h:2911,
                 from /home/lzy/projects/hemocell_starter/vendor/HemoCell/./palabos/src/core/globalDefs.h:41,
                 from /home/lzy/projects/hemocell_starter/vendor/HemoCell/./palabos/src/io/colormaps.h:40,
                 from /home/lzy/projects/hemocell_starter/vendor/HemoCell/palabos/src/io/colormaps.cpp:34:
/usr/lib/x86_64-linux-gnu/openmpi/include/openmpi/ompi/mpi/cxx/op_inln.h: In member function ‘virtual void MPI::Op::Init(void (*)(const void*, void*, int, const MPI::Datatype&), bool)’:
/usr/lib/x86_64-linux-gnu/openmpi/include/openmpi/ompi/mpi/cxx/op_inln.h:121:25: warning: cast between incompatible function types from ‘void (*)(void*, void*, int*, ompi_datatype_t**, void (*)(void*, void*, int*, ompi_datatype_t**))’ to ‘void (*)(void*, void*, int*, ompi_datatype_t**)’ [-Wcast-function-type]
  121 |     (void)MPI_Op_create((MPI_User_function*) ompi_mpi_cxx_op_intercept,
      |                         ^~~~~~~~~~~~~~~~~~~~~~~~~~~~~~~~~~~~~~~~~~~~~~
/usr/lib/x86_64-linux-gnu/openmpi/include/openmpi/ompi/mpi/cxx/op_inln.h:123:38: warning: cast between incompatible function types from ‘void (*)(const void*, void*, int, const MPI::Datatype&)’ to ‘void (*)(void*, void*, int*, ompi_datatype_t**)’ [-Wcast-function-type]
  123 |     ompi_op_set_cxx_callback(mpi_op, (MPI_User_function*) func);
      |                                      ^~~~~~~~~~~~~~~~~~~~~~~~~
[ 51%] Building CXX object CMakeFiles/hemocell.dir/palabos/src/io/mpiParallelIO.cpp.o
In file included from /usr/lib/x86_64-linux-gnu/openmpi/include/openmpi/ompi/mpi/cxx/mpicxx.h:277,
                 from /usr/lib/x86_64-linux-gnu/openmpi/include/mpi.h:2911,
                 from /home/lzy/projects/hemocell_starter/vendor/HemoCell/./palabos/src/core/globalDefs.h:41,
                 from /home/lzy/projects/hemocell_starter/vendor/HemoCell/./palabos/src/io/mpiParallelIO.h:43,
                 from /home/lzy/projects/hemocell_starter/vendor/HemoCell/palabos/src/io/mpiParallelIO.cpp:34:
/usr/lib/x86_64-linux-gnu/openmpi/include/openmpi/ompi/mpi/cxx/op_inln.h: In member function ‘virtual void MPI::Op::Init(void (*)(const void*, void*, int, const MPI::Datatype&), bool)’:
/usr/lib/x86_64-linux-gnu/openmpi/include/openmpi/ompi/mpi/cxx/op_inln.h:121:25: warning: cast between incompatible function types from ‘void (*)(void*, void*, int*, ompi_datatype_t**, void (*)(void*, void*, int*, ompi_datatype_t**))’ to ‘void (*)(void*, void*, int*, ompi_datatype_t**)’ [-Wcast-function-type]
  121 |     (void)MPI_Op_create((MPI_User_function*) ompi_mpi_cxx_op_intercept,
      |                         ^~~~~~~~~~~~~~~~~~~~~~~~~~~~~~~~~~~~~~~~~~~~~~
/usr/lib/x86_64-linux-gnu/openmpi/include/openmpi/ompi/mpi/cxx/op_inln.h:123:38: warning: cast between incompatible function types from ‘void (*)(const void*, void*, int, const MPI::Datatype&)’ to ‘void (*)(void*, void*, int*, ompi_datatype_t**)’ [-Wcast-function-type]
  123 |     ompi_op_set_cxx_callback(mpi_op, (MPI_User_function*) func);
      |                                      ^~~~~~~~~~~~~~~~~~~~~~~~~
[ 51%] Building CXX object CMakeFiles/hemocell.dir/palabos/src/io/multiBlockReader2D.cpp.o
[ 51%] Building CXX object CMakeFiles/hemocell.dir/palabos/src/io/multiBlockReader3D.cpp.o
In file included from /usr/lib/x86_64-linux-gnu/openmpi/include/openmpi/ompi/mpi/cxx/mpicxx.h:277,
                 from /usr/lib/x86_64-linux-gnu/openmpi/include/mpi.h:2911,
                 from /home/lzy/projects/hemocell_starter/vendor/HemoCell/./palabos/src/core/globalDefs.h:41,
                 from /home/lzy/projects/hemocell_starter/vendor/HemoCell/./palabos/src/core/blockStatistics.h:43,
                 from /home/lzy/projects/hemocell_starter/vendor/HemoCell/./palabos/src/atomicBlock/dataProcessor2D.h:43,
                 from /home/lzy/projects/hemocell_starter/vendor/HemoCell/./palabos/src/atomicBlock/dataProcessingFunctional2D.h:42,
                 from /home/lzy/projects/hemocell_starter/vendor/HemoCell/./palabos/src/atomicBlock/dataProcessorWrapper2D.h:51,
                 from /home/lzy/projects/hemocell_starter/vendor/HemoCell/./palabos/src/atomicBlock/atomicBlock2D.h:40,
                 from /home/lzy/projects/hemocell_starter/vendor/HemoCell/./palabos/src/atomicBlock/atomicContainerBlock2D.h:42,
                 from /home/lzy/projects/hemocell_starter/vendor/HemoCell/./palabos/src/io/multiBlockReader2D.h:40,
                 from /home/lzy/projects/hemocell_starter/vendor/HemoCell/palabos/src/io/multiBlockReader2D.cpp:38:
/usr/lib/x86_64-linux-gnu/openmpi/include/openmpi/ompi/mpi/cxx/op_inln.h: In member function ‘virtual void MPI::Op::Init(void (*)(const void*, void*, int, const MPI::Datatype&), bool)’:
/usr/lib/x86_64-linux-gnu/openmpi/include/openmpi/ompi/mpi/cxx/op_inln.h:121:25: warning: cast between incompatible function types from ‘void (*)(void*, void*, int*, ompi_datatype_t**, void (*)(void*, void*, int*, ompi_datatype_t**))’ to ‘void (*)(void*, void*, int*, ompi_datatype_t**)’ [-Wcast-function-type]
  121 |     (void)MPI_Op_create((MPI_User_function*) ompi_mpi_cxx_op_intercept,
      |                         ^~~~~~~~~~~~~~~~~~~~~~~~~~~~~~~~~~~~~~~~~~~~~~
/usr/lib/x86_64-linux-gnu/openmpi/include/openmpi/ompi/mpi/cxx/op_inln.h:123:38: warning: cast between incompatible function types from ‘void (*)(const void*, void*, int, const MPI::Datatype&)’ to ‘void (*)(void*, void*, int*, ompi_datatype_t**)’ [-Wcast-function-type]
  123 |     ompi_op_set_cxx_callback(mpi_op, (MPI_User_function*) func);
      |                                      ^~~~~~~~~~~~~~~~~~~~~~~~~
In file included from /usr/lib/x86_64-linux-gnu/openmpi/include/openmpi/ompi/mpi/cxx/mpicxx.h:277,
                 from /usr/lib/x86_64-linux-gnu/openmpi/include/mpi.h:2911,
                 from /home/lzy/projects/hemocell_starter/vendor/HemoCell/./palabos/src/core/globalDefs.h:41,
                 from /home/lzy/projects/hemocell_starter/vendor/HemoCell/./palabos/src/core/blockStatistics.h:43,
                 from /home/lzy/projects/hemocell_starter/vendor/HemoCell/./palabos/src/atomicBlock/dataProcessor3D.h:43,
                 from /home/lzy/projects/hemocell_starter/vendor/HemoCell/./palabos/src/atomicBlock/dataProcessingFunctional3D.h:42,
                 from /home/lzy/projects/hemocell_starter/vendor/HemoCell/./palabos/src/atomicBlock/dataProcessorWrapper3D.h:51,
                 from /home/lzy/projects/hemocell_starter/vendor/HemoCell/./palabos/src/atomicBlock/atomicBlock3D.h:41,
                 from /home/lzy/projects/hemocell_starter/vendor/HemoCell/./palabos/src/atomicBlock/atomicContainerBlock3D.h:42,
                 from /home/lzy/projects/hemocell_starter/vendor/HemoCell/./palabos/src/io/multiBlockReader3D.h:41,
                 from /home/lzy/projects/hemocell_starter/vendor/HemoCell/palabos/src/io/multiBlockReader3D.cpp:38:
/usr/lib/x86_64-linux-gnu/openmpi/include/openmpi/ompi/mpi/cxx/op_inln.h: In member function ‘virtual void MPI::Op::Init(void (*)(const void*, void*, int, const MPI::Datatype&), bool)’:
/usr/lib/x86_64-linux-gnu/openmpi/include/openmpi/ompi/mpi/cxx/op_inln.h:121:25: warning: cast between incompatible function types from ‘void (*)(void*, void*, int*, ompi_datatype_t**, void (*)(void*, void*, int*, ompi_datatype_t**))’ to ‘void (*)(void*, void*, int*, ompi_datatype_t**)’ [-Wcast-function-type]
  121 |     (void)MPI_Op_create((MPI_User_function*) ompi_mpi_cxx_op_intercept,
      |                         ^~~~~~~~~~~~~~~~~~~~~~~~~~~~~~~~~~~~~~~~~~~~~~
/usr/lib/x86_64-linux-gnu/openmpi/include/openmpi/ompi/mpi/cxx/op_inln.h:123:38: warning: cast between incompatible function types from ‘void (*)(const void*, void*, int, const MPI::Datatype&)’ to ‘void (*)(void*, void*, int*, ompi_datatype_t**)’ [-Wcast-function-type]
  123 |     ompi_op_set_cxx_callback(mpi_op, (MPI_User_function*) func);
      |                                      ^~~~~~~~~~~~~~~~~~~~~~~~~
[ 51%] Building CXX object CMakeFiles/hemocell.dir/palabos/src/io/multiBlockWriter2D.cpp.o
In file included from /usr/lib/x86_64-linux-gnu/openmpi/include/openmpi/ompi/mpi/cxx/mpicxx.h:277,
                 from /usr/lib/x86_64-linux-gnu/openmpi/include/mpi.h:2911,
                 from /home/lzy/projects/hemocell_starter/vendor/HemoCell/./palabos/src/core/globalDefs.h:41,
                 from /home/lzy/projects/hemocell_starter/vendor/HemoCell/./palabos/src/core/blockStatistics.h:43,
                 from /home/lzy/projects/hemocell_starter/vendor/HemoCell/./palabos/src/atomicBlock/dataProcessor2D.h:43,
                 from /home/lzy/projects/hemocell_starter/vendor/HemoCell/./palabos/src/atomicBlock/dataProcessingFunctional2D.h:42,
                 from /home/lzy/projects/hemocell_starter/vendor/HemoCell/./palabos/src/atomicBlock/dataProcessorWrapper2D.h:51,
                 from /home/lzy/projects/hemocell_starter/vendor/HemoCell/./palabos/src/atomicBlock/atomicBlock2D.h:40,
                 from /home/lzy/projects/hemocell_starter/vendor/HemoCell/./palabos/src/atomicBlock/atomicContainerBlock2D.h:42,
                 from /home/lzy/projects/hemocell_starter/vendor/HemoCell/./palabos/src/io/multiBlockWriter2D.h:40,
                 from /home/lzy/projects/hemocell_starter/vendor/HemoCell/palabos/src/io/multiBlockWriter2D.cpp:38:
/usr/lib/x86_64-linux-gnu/openmpi/include/openmpi/ompi/mpi/cxx/op_inln.h: In member function ‘virtual void MPI::Op::Init(void (*)(const void*, void*, int, const MPI::Datatype&), bool)’:
/usr/lib/x86_64-linux-gnu/openmpi/include/openmpi/ompi/mpi/cxx/op_inln.h:121:25: warning: cast between incompatible function types from ‘void (*)(void*, void*, int*, ompi_datatype_t**, void (*)(void*, void*, int*, ompi_datatype_t**))’ to ‘void (*)(void*, void*, int*, ompi_datatype_t**)’ [-Wcast-function-type]
  121 |     (void)MPI_Op_create((MPI_User_function*) ompi_mpi_cxx_op_intercept,
      |                         ^~~~~~~~~~~~~~~~~~~~~~~~~~~~~~~~~~~~~~~~~~~~~~
/usr/lib/x86_64-linux-gnu/openmpi/include/openmpi/ompi/mpi/cxx/op_inln.h:123:38: warning: cast between incompatible function types from ‘void (*)(const void*, void*, int, const MPI::Datatype&)’ to ‘void (*)(void*, void*, int*, ompi_datatype_t**)’ [-Wcast-function-type]
  123 |     ompi_op_set_cxx_callback(mpi_op, (MPI_User_function*) func);
      |                                      ^~~~~~~~~~~~~~~~~~~~~~~~~
[ 51%] Building CXX object CMakeFiles/hemocell.dir/palabos/src/io/multiBlockWriter3D.cpp.o
In file included from /usr/lib/x86_64-linux-gnu/openmpi/include/openmpi/ompi/mpi/cxx/mpicxx.h:277,
                 from /usr/lib/x86_64-linux-gnu/openmpi/include/mpi.h:2911,
                 from /home/lzy/projects/hemocell_starter/vendor/HemoCell/./palabos/src/core/globalDefs.h:41,
                 from /home/lzy/projects/hemocell_starter/vendor/HemoCell/./palabos/src/core/blockStatistics.h:43,
                 from /home/lzy/projects/hemocell_starter/vendor/HemoCell/./palabos/src/atomicBlock/dataProcessor3D.h:43,
                 from /home/lzy/projects/hemocell_starter/vendor/HemoCell/./palabos/src/atomicBlock/dataProcessingFunctional3D.h:42,
                 from /home/lzy/projects/hemocell_starter/vendor/HemoCell/./palabos/src/atomicBlock/dataProcessorWrapper3D.h:51,
                 from /home/lzy/projects/hemocell_starter/vendor/HemoCell/./palabos/src/atomicBlock/atomicBlock3D.h:41,
                 from /home/lzy/projects/hemocell_starter/vendor/HemoCell/./palabos/src/atomicBlock/atomicContainerBlock3D.h:42,
                 from /home/lzy/projects/hemocell_starter/vendor/HemoCell/./palabos/src/io/multiBlockWriter3D.h:40,
                 from /home/lzy/projects/hemocell_starter/vendor/HemoCell/palabos/src/io/multiBlockWriter3D.cpp:38:
/usr/lib/x86_64-linux-gnu/openmpi/include/openmpi/ompi/mpi/cxx/op_inln.h: In member function ‘virtual void MPI::Op::Init(void (*)(const void*, void*, int, const MPI::Datatype&), bool)’:
/usr/lib/x86_64-linux-gnu/openmpi/include/openmpi/ompi/mpi/cxx/op_inln.h:121:25: warning: cast between incompatible function types from ‘void (*)(void*, void*, int*, ompi_datatype_t**, void (*)(void*, void*, int*, ompi_datatype_t**))’ to ‘void (*)(void*, void*, int*, ompi_datatype_t**)’ [-Wcast-function-type]
  121 |     (void)MPI_Op_create((MPI_User_function*) ompi_mpi_cxx_op_intercept,
      |                         ^~~~~~~~~~~~~~~~~~~~~~~~~~~~~~~~~~~~~~~~~~~~~~
/usr/lib/x86_64-linux-gnu/openmpi/include/openmpi/ompi/mpi/cxx/op_inln.h:123:38: warning: cast between incompatible function types from ‘void (*)(const void*, void*, int, const MPI::Datatype&)’ to ‘void (*)(void*, void*, int*, ompi_datatype_t**)’ [-Wcast-function-type]
  123 |     ompi_op_set_cxx_callback(mpi_op, (MPI_User_function*) func);
      |                                      ^~~~~~~~~~~~~~~~~~~~~~~~~
[ 55%] Building CXX object CMakeFiles/hemocell.dir/palabos/src/io/parallelIO.cpp.o
In file included from /usr/lib/x86_64-linux-gnu/openmpi/include/openmpi/ompi/mpi/cxx/mpicxx.h:277,
                 from /usr/lib/x86_64-linux-gnu/openmpi/include/mpi.h:2911,
                 from /home/lzy/projects/hemocell_starter/vendor/HemoCell/./palabos/src/core/globalDefs.h:41,
                 from /home/lzy/projects/hemocell_starter/vendor/HemoCell/./palabos/src/io/parallelIO.h:44,
                 from /home/lzy/projects/hemocell_starter/vendor/HemoCell/palabos/src/io/parallelIO.cpp:34:
/usr/lib/x86_64-linux-gnu/openmpi/include/openmpi/ompi/mpi/cxx/op_inln.h: In member function ‘virtual void MPI::Op::Init(void (*)(const void*, void*, int, const MPI::Datatype&), bool)’:
/usr/lib/x86_64-linux-gnu/openmpi/include/openmpi/ompi/mpi/cxx/op_inln.h:121:25: warning: cast between incompatible function types from ‘void (*)(void*, void*, int*, ompi_datatype_t**, void (*)(void*, void*, int*, ompi_datatype_t**))’ to ‘void (*)(void*, void*, int*, ompi_datatype_t**)’ [-Wcast-function-type]
  121 |     (void)MPI_Op_create((MPI_User_function*) ompi_mpi_cxx_op_intercept,
      |                         ^~~~~~~~~~~~~~~~~~~~~~~~~~~~~~~~~~~~~~~~~~~~~~
/usr/lib/x86_64-linux-gnu/openmpi/include/openmpi/ompi/mpi/cxx/op_inln.h:123:38: warning: cast between incompatible function types from ‘void (*)(const void*, void*, int, const MPI::Datatype&)’ to ‘void (*)(void*, void*, int*, ompi_datatype_t**)’ [-Wcast-function-type]
  123 |     ompi_op_set_cxx_callback(mpi_op, (MPI_User_function*) func);
      |                                      ^~~~~~~~~~~~~~~~~~~~~~~~~
[ 55%] Building CXX object CMakeFiles/hemocell.dir/palabos/src/io/plbFiles.cpp.o
[ 55%] Building CXX object CMakeFiles/hemocell.dir/palabos/src/io/serializerIO.cpp.o
In file included from /usr/lib/x86_64-linux-gnu/openmpi/include/openmpi/ompi/mpi/cxx/mpicxx.h:277,
                 from /usr/lib/x86_64-linux-gnu/openmpi/include/mpi.h:2911,
                 from /home/lzy/projects/hemocell_starter/vendor/HemoCell/./palabos/src/core/globalDefs.h:41,
                 from /home/lzy/projects/hemocell_starter/vendor/HemoCell/./palabos/src/io/serializerIO.h:40,
                 from /home/lzy/projects/hemocell_starter/vendor/HemoCell/palabos/src/io/serializerIO.cpp:34:
/usr/lib/x86_64-linux-gnu/openmpi/include/openmpi/ompi/mpi/cxx/op_inln.h: In member function ‘virtual void MPI::Op::Init(void (*)(const void*, void*, int, const MPI::Datatype&), bool)’:
/usr/lib/x86_64-linux-gnu/openmpi/include/openmpi/ompi/mpi/cxx/op_inln.h:121:25: warning: cast between incompatible function types from ‘void (*)(void*, void*, int*, ompi_datatype_t**, void (*)(void*, void*, int*, ompi_datatype_t**))’ to ‘void (*)(void*, void*, int*, ompi_datatype_t**)’ [-Wcast-function-type]
  121 |     (void)MPI_Op_create((MPI_User_function*) ompi_mpi_cxx_op_intercept,
      |                         ^~~~~~~~~~~~~~~~~~~~~~~~~~~~~~~~~~~~~~~~~~~~~~
/usr/lib/x86_64-linux-gnu/openmpi/include/openmpi/ompi/mpi/cxx/op_inln.h:123:38: warning: cast between incompatible function types from ‘void (*)(const void*, void*, int, const MPI::Datatype&)’ to ‘void (*)(void*, void*, int*, ompi_datatype_t**)’ [-Wcast-function-type]
  123 |     ompi_op_set_cxx_callback(mpi_op, (MPI_User_function*) func);
      |                                      ^~~~~~~~~~~~~~~~~~~~~~~~~
[ 55%] Building CXX object CMakeFiles/hemocell.dir/palabos/src/io/serializerIO_2D.cpp.o
In file included from /usr/lib/x86_64-linux-gnu/openmpi/include/openmpi/ompi/mpi/cxx/mpicxx.h:277,
                 from /usr/lib/x86_64-linux-gnu/openmpi/include/mpi.h:2911,
                 from /home/lzy/projects/hemocell_starter/vendor/HemoCell/./palabos/src/core/globalDefs.h:41,
                 from /home/lzy/projects/hemocell_starter/vendor/HemoCell/./palabos/src/core/blockStatistics.h:43,
                 from /home/lzy/projects/hemocell_starter/vendor/HemoCell/./palabos/src/atomicBlock/dataProcessor2D.h:43,
                 from /home/lzy/projects/hemocell_starter/vendor/HemoCell/./palabos/src/atomicBlock/dataProcessingFunctional2D.h:42,
                 from /home/lzy/projects/hemocell_starter/vendor/HemoCell/./palabos/src/atomicBlock/dataProcessorWrapper2D.h:51,
                 from /home/lzy/projects/hemocell_starter/vendor/HemoCell/./palabos/src/atomicBlock/atomicBlock2D.h:40,
                 from /home/lzy/projects/hemocell_starter/vendor/HemoCell/./palabos/src/atomicBlock/blockLattice2D.h:43,
                 from /home/lzy/projects/hemocell_starter/vendor/HemoCell/./palabos/src/io/serializerIO_2D.h:37,
                 from /home/lzy/projects/hemocell_starter/vendor/HemoCell/palabos/src/io/serializerIO_2D.cpp:34:
/usr/lib/x86_64-linux-gnu/openmpi/include/openmpi/ompi/mpi/cxx/op_inln.h: In member function ‘virtual void MPI::Op::Init(void (*)(const void*, void*, int, const MPI::Datatype&), bool)’:
/usr/lib/x86_64-linux-gnu/openmpi/include/openmpi/ompi/mpi/cxx/op_inln.h:121:25: warning: cast between incompatible function types from ‘void (*)(void*, void*, int*, ompi_datatype_t**, void (*)(void*, void*, int*, ompi_datatype_t**))’ to ‘void (*)(void*, void*, int*, ompi_datatype_t**)’ [-Wcast-function-type]
  121 |     (void)MPI_Op_create((MPI_User_function*) ompi_mpi_cxx_op_intercept,
      |                         ^~~~~~~~~~~~~~~~~~~~~~~~~~~~~~~~~~~~~~~~~~~~~~
/usr/lib/x86_64-linux-gnu/openmpi/include/openmpi/ompi/mpi/cxx/op_inln.h:123:38: warning: cast between incompatible function types from ‘void (*)(const void*, void*, int, const MPI::Datatype&)’ to ‘void (*)(void*, void*, int*, ompi_datatype_t**)’ [-Wcast-function-type]
  123 |     ompi_op_set_cxx_callback(mpi_op, (MPI_User_function*) func);
      |                                      ^~~~~~~~~~~~~~~~~~~~~~~~~
[ 55%] Building CXX object CMakeFiles/hemocell.dir/palabos/src/io/serializerIO_3D.cpp.o
In file included from /usr/lib/x86_64-linux-gnu/openmpi/include/openmpi/ompi/mpi/cxx/mpicxx.h:277,
                 from /usr/lib/x86_64-linux-gnu/openmpi/include/mpi.h:2911,
                 from /home/lzy/projects/hemocell_starter/vendor/HemoCell/./palabos/src/core/globalDefs.h:41,
                 from /home/lzy/projects/hemocell_starter/vendor/HemoCell/./palabos/src/core/blockStatistics.h:43,
                 from /home/lzy/projects/hemocell_starter/vendor/HemoCell/./palabos/src/atomicBlock/dataProcessor3D.h:43,
                 from /home/lzy/projects/hemocell_starter/vendor/HemoCell/./palabos/src/atomicBlock/dataProcessingFunctional3D.h:42,
                 from /home/lzy/projects/hemocell_starter/vendor/HemoCell/./palabos/src/atomicBlock/dataProcessorWrapper3D.h:51,
                 from /home/lzy/projects/hemocell_starter/vendor/HemoCell/./palabos/src/atomicBlock/atomicBlock3D.h:41,
                 from /home/lzy/projects/hemocell_starter/vendor/HemoCell/./palabos/src/atomicBlock/blockLattice3D.h:43,
                 from /home/lzy/projects/hemocell_starter/vendor/HemoCell/./palabos/src/io/serializerIO_3D.h:37,
                 from /home/lzy/projects/hemocell_starter/vendor/HemoCell/palabos/src/io/serializerIO_3D.cpp:34:
/usr/lib/x86_64-linux-gnu/openmpi/include/openmpi/ompi/mpi/cxx/op_inln.h: In member function ‘virtual void MPI::Op::Init(void (*)(const void*, void*, int, const MPI::Datatype&), bool)’:
/usr/lib/x86_64-linux-gnu/openmpi/include/openmpi/ompi/mpi/cxx/op_inln.h:121:25: warning: cast between incompatible function types from ‘void (*)(void*, void*, int*, ompi_datatype_t**, void (*)(void*, void*, int*, ompi_datatype_t**))’ to ‘void (*)(void*, void*, int*, ompi_datatype_t**)’ [-Wcast-function-type]
  121 |     (void)MPI_Op_create((MPI_User_function*) ompi_mpi_cxx_op_intercept,
      |                         ^~~~~~~~~~~~~~~~~~~~~~~~~~~~~~~~~~~~~~~~~~~~~~
/usr/lib/x86_64-linux-gnu/openmpi/include/openmpi/ompi/mpi/cxx/op_inln.h:123:38: warning: cast between incompatible function types from ‘void (*)(const void*, void*, int, const MPI::Datatype&)’ to ‘void (*)(void*, void*, int*, ompi_datatype_t**)’ [-Wcast-function-type]
  123 |     ompi_op_set_cxx_callback(mpi_op, (MPI_User_function*) func);
      |                                      ^~~~~~~~~~~~~~~~~~~~~~~~~
[ 55%] Building CXX object CMakeFiles/hemocell.dir/palabos/src/io/sparseVtkDataOutput.cpp.o
In file included from /usr/lib/x86_64-linux-gnu/openmpi/include/openmpi/ompi/mpi/cxx/mpicxx.h:277,
                 from /usr/lib/x86_64-linux-gnu/openmpi/include/mpi.h:2911,
                 from /home/lzy/projects/hemocell_starter/vendor/HemoCell/./palabos/src/core/globalDefs.h:41,
                 from /home/lzy/projects/hemocell_starter/vendor/HemoCell/./palabos/src/io/sparseVtkDataOutput.h:42,
                 from /home/lzy/projects/hemocell_starter/vendor/HemoCell/palabos/src/io/sparseVtkDataOutput.cpp:34:
/usr/lib/x86_64-linux-gnu/openmpi/include/openmpi/ompi/mpi/cxx/op_inln.h: In member function ‘virtual void MPI::Op::Init(void (*)(const void*, void*, int, const MPI::Datatype&), bool)’:
/usr/lib/x86_64-linux-gnu/openmpi/include/openmpi/ompi/mpi/cxx/op_inln.h:121:25: warning: cast between incompatible function types from ‘void (*)(void*, void*, int*, ompi_datatype_t**, void (*)(void*, void*, int*, ompi_datatype_t**))’ to ‘void (*)(void*, void*, int*, ompi_datatype_t**)’ [-Wcast-function-type]
  121 |     (void)MPI_Op_create((MPI_User_function*) ompi_mpi_cxx_op_intercept,
      |                         ^~~~~~~~~~~~~~~~~~~~~~~~~~~~~~~~~~~~~~~~~~~~~~
/usr/lib/x86_64-linux-gnu/openmpi/include/openmpi/ompi/mpi/cxx/op_inln.h:123:38: warning: cast between incompatible function types from ‘void (*)(const void*, void*, int, const MPI::Datatype&)’ to ‘void (*)(void*, void*, int*, ompi_datatype_t**)’ [-Wcast-function-type]
  123 |     ompi_op_set_cxx_callback(mpi_op, (MPI_User_function*) func);
      |                                      ^~~~~~~~~~~~~~~~~~~~~~~~~
[ 58%] Building CXX object CMakeFiles/hemocell.dir/palabos/src/io/utilIO_2D.cpp.o
In file included from /usr/lib/x86_64-linux-gnu/openmpi/include/openmpi/ompi/mpi/cxx/mpicxx.h:277,
                 from /usr/lib/x86_64-linux-gnu/openmpi/include/mpi.h:2911,
                 from /home/lzy/projects/hemocell_starter/vendor/HemoCell/./palabos/src/core/globalDefs.h:41,
                 from /home/lzy/projects/hemocell_starter/vendor/HemoCell/./palabos/src/core/blockStatistics.h:43,
                 from /home/lzy/projects/hemocell_starter/vendor/HemoCell/./palabos/src/atomicBlock/dataProcessor2D.h:43,
                 from /home/lzy/projects/hemocell_starter/vendor/HemoCell/./palabos/src/atomicBlock/dataProcessingFunctional2D.h:42,
                 from /home/lzy/projects/hemocell_starter/vendor/HemoCell/./palabos/src/atomicBlock/dataProcessorWrapper2D.h:51,
                 from /home/lzy/projects/hemocell_starter/vendor/HemoCell/./palabos/src/atomicBlock/atomicBlock2D.h:40,
                 from /home/lzy/projects/hemocell_starter/vendor/HemoCell/./palabos/src/atomicBlock/atomicContainerBlock2D.h:42,
                 from /home/lzy/projects/hemocell_starter/vendor/HemoCell/./palabos/src/io/utilIO_2D.h:41,
                 from /home/lzy/projects/hemocell_starter/vendor/HemoCell/palabos/src/io/utilIO_2D.cpp:38:
/usr/lib/x86_64-linux-gnu/openmpi/include/openmpi/ompi/mpi/cxx/op_inln.h: In member function ‘virtual void MPI::Op::Init(void (*)(const void*, void*, int, const MPI::Datatype&), bool)’:
/usr/lib/x86_64-linux-gnu/openmpi/include/openmpi/ompi/mpi/cxx/op_inln.h:121:25: warning: cast between incompatible function types from ‘void (*)(void*, void*, int*, ompi_datatype_t**, void (*)(void*, void*, int*, ompi_datatype_t**))’ to ‘void (*)(void*, void*, int*, ompi_datatype_t**)’ [-Wcast-function-type]
  121 |     (void)MPI_Op_create((MPI_User_function*) ompi_mpi_cxx_op_intercept,
      |                         ^~~~~~~~~~~~~~~~~~~~~~~~~~~~~~~~~~~~~~~~~~~~~~
/usr/lib/x86_64-linux-gnu/openmpi/include/openmpi/ompi/mpi/cxx/op_inln.h:123:38: warning: cast between incompatible function types from ‘void (*)(const void*, void*, int, const MPI::Datatype&)’ to ‘void (*)(void*, void*, int*, ompi_datatype_t**)’ [-Wcast-function-type]
  123 |     ompi_op_set_cxx_callback(mpi_op, (MPI_User_function*) func);
      |                                      ^~~~~~~~~~~~~~~~~~~~~~~~~
[ 58%] Building CXX object CMakeFiles/hemocell.dir/palabos/src/io/utilIO_3D.cpp.o
In file included from /usr/lib/x86_64-linux-gnu/openmpi/include/openmpi/ompi/mpi/cxx/mpicxx.h:277,
                 from /usr/lib/x86_64-linux-gnu/openmpi/include/mpi.h:2911,
                 from /home/lzy/projects/hemocell_starter/vendor/HemoCell/./palabos/src/core/globalDefs.h:41,
                 from /home/lzy/projects/hemocell_starter/vendor/HemoCell/./palabos/src/core/blockStatistics.h:43,
                 from /home/lzy/projects/hemocell_starter/vendor/HemoCell/./palabos/src/atomicBlock/dataProcessor3D.h:43,
                 from /home/lzy/projects/hemocell_starter/vendor/HemoCell/./palabos/src/atomicBlock/dataProcessingFunctional3D.h:42,
                 from /home/lzy/projects/hemocell_starter/vendor/HemoCell/./palabos/src/atomicBlock/dataProcessorWrapper3D.h:51,
                 from /home/lzy/projects/hemocell_starter/vendor/HemoCell/./palabos/src/atomicBlock/atomicBlock3D.h:41,
                 from /home/lzy/projects/hemocell_starter/vendor/HemoCell/./palabos/src/atomicBlock/atomicContainerBlock3D.h:42,
                 from /home/lzy/projects/hemocell_starter/vendor/HemoCell/./palabos/src/io/utilIO_3D.h:41,
                 from /home/lzy/projects/hemocell_starter/vendor/HemoCell/palabos/src/io/utilIO_3D.cpp:38:
/usr/lib/x86_64-linux-gnu/openmpi/include/openmpi/ompi/mpi/cxx/op_inln.h: In member function ‘virtual void MPI::Op::Init(void (*)(const void*, void*, int, const MPI::Datatype&), bool)’:
/usr/lib/x86_64-linux-gnu/openmpi/include/openmpi/ompi/mpi/cxx/op_inln.h:121:25: warning: cast between incompatible function types from ‘void (*)(void*, void*, int*, ompi_datatype_t**, void (*)(void*, void*, int*, ompi_datatype_t**))’ to ‘void (*)(void*, void*, int*, ompi_datatype_t**)’ [-Wcast-function-type]
  121 |     (void)MPI_Op_create((MPI_User_function*) ompi_mpi_cxx_op_intercept,
      |                         ^~~~~~~~~~~~~~~~~~~~~~~~~~~~~~~~~~~~~~~~~~~~~~
/usr/lib/x86_64-linux-gnu/openmpi/include/openmpi/ompi/mpi/cxx/op_inln.h:123:38: warning: cast between incompatible function types from ‘void (*)(const void*, void*, int, const MPI::Datatype&)’ to ‘void (*)(void*, void*, int*, ompi_datatype_t**)’ [-Wcast-function-type]
  123 |     ompi_op_set_cxx_callback(mpi_op, (MPI_User_function*) func);
      |                                      ^~~~~~~~~~~~~~~~~~~~~~~~~
[ 58%] Building CXX object CMakeFiles/hemocell.dir/palabos/src/io/vtkDataOutput.cpp.o
In file included from /usr/lib/x86_64-linux-gnu/openmpi/include/openmpi/ompi/mpi/cxx/mpicxx.h:277,
                 from /usr/lib/x86_64-linux-gnu/openmpi/include/mpi.h:2911,
                 from /home/lzy/projects/hemocell_starter/vendor/HemoCell/./palabos/src/core/globalDefs.h:41,
                 from /home/lzy/projects/hemocell_starter/vendor/HemoCell/./palabos/src/core/blockStatistics.h:43,
                 from /home/lzy/projects/hemocell_starter/vendor/HemoCell/./palabos/src/atomicBlock/dataProcessor2D.h:43,
                 from /home/lzy/projects/hemocell_starter/vendor/HemoCell/./palabos/src/atomicBlock/dataProcessingFunctional2D.h:42,
                 from /home/lzy/projects/hemocell_starter/vendor/HemoCell/./palabos/src/atomicBlock/dataProcessorWrapper2D.h:51,
                 from /home/lzy/projects/hemocell_starter/vendor/HemoCell/./palabos/src/atomicBlock/atomicBlock2D.h:40,
                 from /home/lzy/projects/hemocell_starter/vendor/HemoCell/./palabos/src/atomicBlock/dataField2D.h:42,
                 from /home/lzy/projects/hemocell_starter/vendor/HemoCell/./palabos/src/io/vtkDataOutput.h:42,
                 from /home/lzy/projects/hemocell_starter/vendor/HemoCell/palabos/src/io/vtkDataOutput.cpp:34:
/usr/lib/x86_64-linux-gnu/openmpi/include/openmpi/ompi/mpi/cxx/op_inln.h: In member function ‘virtual void MPI::Op::Init(void (*)(const void*, void*, int, const MPI::Datatype&), bool)’:
/usr/lib/x86_64-linux-gnu/openmpi/include/openmpi/ompi/mpi/cxx/op_inln.h:121:25: warning: cast between incompatible function types from ‘void (*)(void*, void*, int*, ompi_datatype_t**, void (*)(void*, void*, int*, ompi_datatype_t**))’ to ‘void (*)(void*, void*, int*, ompi_datatype_t**)’ [-Wcast-function-type]
  121 |     (void)MPI_Op_create((MPI_User_function*) ompi_mpi_cxx_op_intercept,
      |                         ^~~~~~~~~~~~~~~~~~~~~~~~~~~~~~~~~~~~~~~~~~~~~~
/usr/lib/x86_64-linux-gnu/openmpi/include/openmpi/ompi/mpi/cxx/op_inln.h:123:38: warning: cast between incompatible function types from ‘void (*)(const void*, void*, int, const MPI::Datatype&)’ to ‘void (*)(void*, void*, int*, ompi_datatype_t**)’ [-Wcast-function-type]
  123 |     ompi_op_set_cxx_callback(mpi_op, (MPI_User_function*) func);
      |                                      ^~~~~~~~~~~~~~~~~~~~~~~~~
[ 58%] Building CXX object CMakeFiles/hemocell.dir/palabos/src/io/vtkStructuredDataOutput.cpp.o
[ 58%] Building CXX object CMakeFiles/hemocell.dir/palabos/src/libraryInterfaces/TINYXML_xmlIO.cpp.o
In file included from /usr/lib/x86_64-linux-gnu/openmpi/include/openmpi/ompi/mpi/cxx/mpicxx.h:277,
                 from /usr/lib/x86_64-linux-gnu/openmpi/include/mpi.h:2911,
                 from /home/lzy/projects/hemocell_starter/vendor/HemoCell/./palabos/src/core/globalDefs.h:41,
                 from /home/lzy/projects/hemocell_starter/vendor/HemoCell/./palabos/src/core/blockStatistics.h:43,
                 from /home/lzy/projects/hemocell_starter/vendor/HemoCell/./palabos/src/atomicBlock/dataProcessor2D.h:43,
                 from /home/lzy/projects/hemocell_starter/vendor/HemoCell/./palabos/src/atomicBlock/dataProcessingFunctional2D.h:42,
                 from /home/lzy/projects/hemocell_starter/vendor/HemoCell/./palabos/src/atomicBlock/dataProcessorWrapper2D.h:51,
                 from /home/lzy/projects/hemocell_starter/vendor/HemoCell/./palabos/src/atomicBlock/atomicBlock2D.h:40,
                 from /home/lzy/projects/hemocell_starter/vendor/HemoCell/./palabos/src/atomicBlock/dataField2D.h:42,
                 from /home/lzy/projects/hemocell_starter/vendor/HemoCell/./palabos/src/io/vtkStructuredDataOutput.h:42,
                 from /home/lzy/projects/hemocell_starter/vendor/HemoCell/palabos/src/io/vtkStructuredDataOutput.cpp:34:
/usr/lib/x86_64-linux-gnu/openmpi/include/openmpi/ompi/mpi/cxx/op_inln.h: In member function ‘virtual void MPI::Op::Init(void (*)(const void*, void*, int, const MPI::Datatype&), bool)’:
/usr/lib/x86_64-linux-gnu/openmpi/include/openmpi/ompi/mpi/cxx/op_inln.h:121:25: warning: cast between incompatible function types from ‘void (*)(void*, void*, int*, ompi_datatype_t**, void (*)(void*, void*, int*, ompi_datatype_t**))’ to ‘void (*)(void*, void*, int*, ompi_datatype_t**)’ [-Wcast-function-type]
  121 |     (void)MPI_Op_create((MPI_User_function*) ompi_mpi_cxx_op_intercept,
      |                         ^~~~~~~~~~~~~~~~~~~~~~~~~~~~~~~~~~~~~~~~~~~~~~
/usr/lib/x86_64-linux-gnu/openmpi/include/openmpi/ompi/mpi/cxx/op_inln.h:123:38: warning: cast between incompatible function types from ‘void (*)(const void*, void*, int, const MPI::Datatype&)’ to ‘void (*)(void*, void*, int*, ompi_datatype_t**)’ [-Wcast-function-type]
  123 |     ompi_op_set_cxx_callback(mpi_op, (MPI_User_function*) func);
      |                                      ^~~~~~~~~~~~~~~~~~~~~~~~~
In file included from /usr/lib/x86_64-linux-gnu/openmpi/include/openmpi/ompi/mpi/cxx/mpicxx.h:277,
                 from /usr/lib/x86_64-linux-gnu/openmpi/include/mpi.h:2911,
                 from /home/lzy/projects/hemocell_starter/vendor/HemoCell/./palabos/src/core/globalDefs.h:41,
                 from /home/lzy/projects/hemocell_starter/vendor/HemoCell/./palabos/src/core/array.h:43,
                 from /home/lzy/projects/hemocell_starter/vendor/HemoCell/./palabos/src/libraryInterfaces/TINYXML_xmlIO.h:45,
                 from /home/lzy/projects/hemocell_starter/vendor/HemoCell/palabos/src/libraryInterfaces/TINYXML_xmlIO.cpp:38:
/usr/lib/x86_64-linux-gnu/openmpi/include/openmpi/ompi/mpi/cxx/op_inln.h: In member function ‘virtual void MPI::Op::Init(void (*)(const void*, void*, int, const MPI::Datatype&), bool)’:
/usr/lib/x86_64-linux-gnu/openmpi/include/openmpi/ompi/mpi/cxx/op_inln.h:121:25: warning: cast between incompatible function types from ‘void (*)(void*, void*, int*, ompi_datatype_t**, void (*)(void*, void*, int*, ompi_datatype_t**))’ to ‘void (*)(void*, void*, int*, ompi_datatype_t**)’ [-Wcast-function-type]
  121 |     (void)MPI_Op_create((MPI_User_function*) ompi_mpi_cxx_op_intercept,
      |                         ^~~~~~~~~~~~~~~~~~~~~~~~~~~~~~~~~~~~~~~~~~~~~~
/usr/lib/x86_64-linux-gnu/openmpi/include/openmpi/ompi/mpi/cxx/op_inln.h:123:38: warning: cast between incompatible function types from ‘void (*)(const void*, void*, int, const MPI::Datatype&)’ to ‘void (*)(void*, void*, int*, ompi_datatype_t**)’ [-Wcast-function-type]
  123 |     ompi_op_set_cxx_callback(mpi_op, (MPI_User_function*) func);
      |                                      ^~~~~~~~~~~~~~~~~~~~~~~~~
[ 58%] Building CXX object CMakeFiles/hemocell.dir/palabos/src/multiBlock/combinedStatistics.cpp.o
In file included from /usr/lib/x86_64-linux-gnu/openmpi/include/openmpi/ompi/mpi/cxx/mpicxx.h:277,
                 from /usr/lib/x86_64-linux-gnu/openmpi/include/mpi.h:2911,
                 from /home/lzy/projects/hemocell_starter/vendor/HemoCell/./palabos/src/core/globalDefs.h:41,
                 from /home/lzy/projects/hemocell_starter/vendor/HemoCell/./palabos/src/core/blockStatistics.h:43,
                 from /home/lzy/projects/hemocell_starter/vendor/HemoCell/./palabos/src/multiBlock/combinedStatistics.h:42,
                 from /home/lzy/projects/hemocell_starter/vendor/HemoCell/palabos/src/multiBlock/combinedStatistics.cpp:37:
/usr/lib/x86_64-linux-gnu/openmpi/include/openmpi/ompi/mpi/cxx/op_inln.h: In member function ‘virtual void MPI::Op::Init(void (*)(const void*, void*, int, const MPI::Datatype&), bool)’:
/usr/lib/x86_64-linux-gnu/openmpi/include/openmpi/ompi/mpi/cxx/op_inln.h:121:25: warning: cast between incompatible function types from ‘void (*)(void*, void*, int*, ompi_datatype_t**, void (*)(void*, void*, int*, ompi_datatype_t**))’ to ‘void (*)(void*, void*, int*, ompi_datatype_t**)’ [-Wcast-function-type]
  121 |     (void)MPI_Op_create((MPI_User_function*) ompi_mpi_cxx_op_intercept,
      |                         ^~~~~~~~~~~~~~~~~~~~~~~~~~~~~~~~~~~~~~~~~~~~~~
/usr/lib/x86_64-linux-gnu/openmpi/include/openmpi/ompi/mpi/cxx/op_inln.h:123:38: warning: cast between incompatible function types from ‘void (*)(const void*, void*, int, const MPI::Datatype&)’ to ‘void (*)(void*, void*, int*, ompi_datatype_t**)’ [-Wcast-function-type]
  123 |     ompi_op_set_cxx_callback(mpi_op, (MPI_User_function*) func);
      |                                      ^~~~~~~~~~~~~~~~~~~~~~~~~
[ 62%] Building CXX object CMakeFiles/hemocell.dir/palabos/src/multiBlock/coupling2D.cpp.o
In file included from /usr/lib/x86_64-linux-gnu/openmpi/include/openmpi/ompi/mpi/cxx/mpicxx.h:277,
                 from /usr/lib/x86_64-linux-gnu/openmpi/include/mpi.h:2911,
                 from /home/lzy/projects/hemocell_starter/vendor/HemoCell/./palabos/src/core/globalDefs.h:41,
                 from /home/lzy/projects/hemocell_starter/vendor/HemoCell/./palabos/src/core/blockStatistics.h:43,
                 from /home/lzy/projects/hemocell_starter/vendor/HemoCell/./palabos/src/atomicBlock/dataProcessor2D.h:43,
                 from /home/lzy/projects/hemocell_starter/vendor/HemoCell/./palabos/src/atomicBlock/dataProcessingFunctional2D.h:42,
                 from /home/lzy/projects/hemocell_starter/vendor/HemoCell/./palabos/src/multiBlock/coupling2D.h:40,
                 from /home/lzy/projects/hemocell_starter/vendor/HemoCell/palabos/src/multiBlock/coupling2D.cpp:37:
/usr/lib/x86_64-linux-gnu/openmpi/include/openmpi/ompi/mpi/cxx/op_inln.h: In member function ‘virtual void MPI::Op::Init(void (*)(const void*, void*, int, const MPI::Datatype&), bool)’:
/usr/lib/x86_64-linux-gnu/openmpi/include/openmpi/ompi/mpi/cxx/op_inln.h:121:25: warning: cast between incompatible function types from ‘void (*)(void*, void*, int*, ompi_datatype_t**, void (*)(void*, void*, int*, ompi_datatype_t**))’ to ‘void (*)(void*, void*, int*, ompi_datatype_t**)’ [-Wcast-function-type]
  121 |     (void)MPI_Op_create((MPI_User_function*) ompi_mpi_cxx_op_intercept,
      |                         ^~~~~~~~~~~~~~~~~~~~~~~~~~~~~~~~~~~~~~~~~~~~~~
/usr/lib/x86_64-linux-gnu/openmpi/include/openmpi/ompi/mpi/cxx/op_inln.h:123:38: warning: cast between incompatible function types from ‘void (*)(const void*, void*, int, const MPI::Datatype&)’ to ‘void (*)(void*, void*, int*, ompi_datatype_t**)’ [-Wcast-function-type]
  123 |     ompi_op_set_cxx_callback(mpi_op, (MPI_User_function*) func);
      |                                      ^~~~~~~~~~~~~~~~~~~~~~~~~
[ 62%] Building CXX object CMakeFiles/hemocell.dir/palabos/src/multiBlock/coupling3D.cpp.o
In file included from /usr/lib/x86_64-linux-gnu/openmpi/include/openmpi/ompi/mpi/cxx/mpicxx.h:277,
                 from /usr/lib/x86_64-linux-gnu/openmpi/include/mpi.h:2911,
                 from /home/lzy/projects/hemocell_starter/vendor/HemoCell/./palabos/src/core/globalDefs.h:41,
                 from /home/lzy/projects/hemocell_starter/vendor/HemoCell/./palabos/src/core/blockStatistics.h:43,
                 from /home/lzy/projects/hemocell_starter/vendor/HemoCell/./palabos/src/atomicBlock/dataProcessor3D.h:43,
                 from /home/lzy/projects/hemocell_starter/vendor/HemoCell/./palabos/src/atomicBlock/dataProcessingFunctional3D.h:42,
                 from /home/lzy/projects/hemocell_starter/vendor/HemoCell/./palabos/src/multiBlock/coupling3D.h:40,
                 from /home/lzy/projects/hemocell_starter/vendor/HemoCell/palabos/src/multiBlock/coupling3D.cpp:37:
/usr/lib/x86_64-linux-gnu/openmpi/include/openmpi/ompi/mpi/cxx/op_inln.h: In member function ‘virtual void MPI::Op::Init(void (*)(const void*, void*, int, const MPI::Datatype&), bool)’:
/usr/lib/x86_64-linux-gnu/openmpi/include/openmpi/ompi/mpi/cxx/op_inln.h:121:25: warning: cast between incompatible function types from ‘void (*)(void*, void*, int*, ompi_datatype_t**, void (*)(void*, void*, int*, ompi_datatype_t**))’ to ‘void (*)(void*, void*, int*, ompi_datatype_t**)’ [-Wcast-function-type]
  121 |     (void)MPI_Op_create((MPI_User_function*) ompi_mpi_cxx_op_intercept,
      |                         ^~~~~~~~~~~~~~~~~~~~~~~~~~~~~~~~~~~~~~~~~~~~~~
/usr/lib/x86_64-linux-gnu/openmpi/include/openmpi/ompi/mpi/cxx/op_inln.h:123:38: warning: cast between incompatible function types from ‘void (*)(const void*, void*, int, const MPI::Datatype&)’ to ‘void (*)(void*, void*, int*, ompi_datatype_t**)’ [-Wcast-function-type]
  123 |     ompi_op_set_cxx_callback(mpi_op, (MPI_User_function*) func);
      |                                      ^~~~~~~~~~~~~~~~~~~~~~~~~
[ 62%] Building CXX object CMakeFiles/hemocell.dir/palabos/src/multiBlock/domainManipulation2D.cpp.o
In file included from /usr/lib/x86_64-linux-gnu/openmpi/include/openmpi/ompi/mpi/cxx/mpicxx.h:277,
                 from /usr/lib/x86_64-linux-gnu/openmpi/include/mpi.h:2911,
                 from /home/lzy/projects/hemocell_starter/vendor/HemoCell/./palabos/src/core/globalDefs.h:41,
                 from /home/lzy/projects/hemocell_starter/vendor/HemoCell/./palabos/src/core/array.h:43,
                 from /home/lzy/projects/hemocell_starter/vendor/HemoCell/./palabos/src/core/geometry2D.h:41,
                 from /home/lzy/projects/hemocell_starter/vendor/HemoCell/./palabos/src/multiBlock/domainManipulation2D.h:42,
                 from /home/lzy/projects/hemocell_starter/vendor/HemoCell/palabos/src/multiBlock/domainManipulation2D.cpp:38:
/usr/lib/x86_64-linux-gnu/openmpi/include/openmpi/ompi/mpi/cxx/op_inln.h: In member function ‘virtual void MPI::Op::Init(void (*)(const void*, void*, int, const MPI::Datatype&), bool)’:
/usr/lib/x86_64-linux-gnu/openmpi/include/openmpi/ompi/mpi/cxx/op_inln.h:121:25: warning: cast between incompatible function types from ‘void (*)(void*, void*, int*, ompi_datatype_t**, void (*)(void*, void*, int*, ompi_datatype_t**))’ to ‘void (*)(void*, void*, int*, ompi_datatype_t**)’ [-Wcast-function-type]
  121 |     (void)MPI_Op_create((MPI_User_function*) ompi_mpi_cxx_op_intercept,
      |                         ^~~~~~~~~~~~~~~~~~~~~~~~~~~~~~~~~~~~~~~~~~~~~~
/usr/lib/x86_64-linux-gnu/openmpi/include/openmpi/ompi/mpi/cxx/op_inln.h:123:38: warning: cast between incompatible function types from ‘void (*)(const void*, void*, int, const MPI::Datatype&)’ to ‘void (*)(void*, void*, int*, ompi_datatype_t**)’ [-Wcast-function-type]
  123 |     ompi_op_set_cxx_callback(mpi_op, (MPI_User_function*) func);
      |                                      ^~~~~~~~~~~~~~~~~~~~~~~~~
[ 62%] Building CXX object CMakeFiles/hemocell.dir/palabos/src/multiBlock/domainManipulation3D.cpp.o
In file included from /usr/lib/x86_64-linux-gnu/openmpi/include/openmpi/ompi/mpi/cxx/mpicxx.h:277,
                 from /usr/lib/x86_64-linux-gnu/openmpi/include/mpi.h:2911,
                 from /home/lzy/projects/hemocell_starter/vendor/HemoCell/./palabos/src/core/globalDefs.h:41,
                 from /home/lzy/projects/hemocell_starter/vendor/HemoCell/./palabos/src/core/array.h:43,
                 from /home/lzy/projects/hemocell_starter/vendor/HemoCell/./palabos/src/core/geometry3D.h:43,
                 from /home/lzy/projects/hemocell_starter/vendor/HemoCell/./palabos/src/multiBlock/domainManipulation3D.h:42,
                 from /home/lzy/projects/hemocell_starter/vendor/HemoCell/palabos/src/multiBlock/domainManipulation3D.cpp:38:
/usr/lib/x86_64-linux-gnu/openmpi/include/openmpi/ompi/mpi/cxx/op_inln.h: In member function ‘virtual void MPI::Op::Init(void (*)(const void*, void*, int, const MPI::Datatype&), bool)’:
/usr/lib/x86_64-linux-gnu/openmpi/include/openmpi/ompi/mpi/cxx/op_inln.h:121:25: warning: cast between incompatible function types from ‘void (*)(void*, void*, int*, ompi_datatype_t**, void (*)(void*, void*, int*, ompi_datatype_t**))’ to ‘void (*)(void*, void*, int*, ompi_datatype_t**)’ [-Wcast-function-type]
  121 |     (void)MPI_Op_create((MPI_User_function*) ompi_mpi_cxx_op_intercept,
      |                         ^~~~~~~~~~~~~~~~~~~~~~~~~~~~~~~~~~~~~~~~~~~~~~
/usr/lib/x86_64-linux-gnu/openmpi/include/openmpi/ompi/mpi/cxx/op_inln.h:123:38: warning: cast between incompatible function types from ‘void (*)(const void*, void*, int, const MPI::Datatype&)’ to ‘void (*)(void*, void*, int*, ompi_datatype_t**)’ [-Wcast-function-type]
  123 |     ompi_op_set_cxx_callback(mpi_op, (MPI_User_function*) func);
      |                                      ^~~~~~~~~~~~~~~~~~~~~~~~~
[ 62%] Building CXX object CMakeFiles/hemocell.dir/palabos/src/multiBlock/group2D.cpp.o
In file included from /usr/lib/x86_64-linux-gnu/openmpi/include/openmpi/ompi/mpi/cxx/mpicxx.h:277,
                 from /usr/lib/x86_64-linux-gnu/openmpi/include/mpi.h:2911,
                 from /home/lzy/projects/hemocell_starter/vendor/HemoCell/./palabos/src/core/globalDefs.h:41,
                 from /home/lzy/projects/hemocell_starter/vendor/HemoCell/./palabos/src/multiBlock/group2D.h:44,
                 from /home/lzy/projects/hemocell_starter/vendor/HemoCell/palabos/src/multiBlock/group2D.cpp:37:
/usr/lib/x86_64-linux-gnu/openmpi/include/openmpi/ompi/mpi/cxx/op_inln.h: In member function ‘virtual void MPI::Op::Init(void (*)(const void*, void*, int, const MPI::Datatype&), bool)’:
/usr/lib/x86_64-linux-gnu/openmpi/include/openmpi/ompi/mpi/cxx/op_inln.h:121:25: warning: cast between incompatible function types from ‘void (*)(void*, void*, int*, ompi_datatype_t**, void (*)(void*, void*, int*, ompi_datatype_t**))’ to ‘void (*)(void*, void*, int*, ompi_datatype_t**)’ [-Wcast-function-type]
  121 |     (void)MPI_Op_create((MPI_User_function*) ompi_mpi_cxx_op_intercept,
      |                         ^~~~~~~~~~~~~~~~~~~~~~~~~~~~~~~~~~~~~~~~~~~~~~
/usr/lib/x86_64-linux-gnu/openmpi/include/openmpi/ompi/mpi/cxx/op_inln.h:123:38: warning: cast between incompatible function types from ‘void (*)(const void*, void*, int, const MPI::Datatype&)’ to ‘void (*)(void*, void*, int*, ompi_datatype_t**)’ [-Wcast-function-type]
  123 |     ompi_op_set_cxx_callback(mpi_op, (MPI_User_function*) func);
      |                                      ^~~~~~~~~~~~~~~~~~~~~~~~~
[ 65%] Building CXX object CMakeFiles/hemocell.dir/palabos/src/multiBlock/group3D.cpp.o
In file included from /usr/lib/x86_64-linux-gnu/openmpi/include/openmpi/ompi/mpi/cxx/mpicxx.h:277,
                 from /usr/lib/x86_64-linux-gnu/openmpi/include/mpi.h:2911,
                 from /home/lzy/projects/hemocell_starter/vendor/HemoCell/./palabos/src/core/globalDefs.h:41,
                 from /home/lzy/projects/hemocell_starter/vendor/HemoCell/./palabos/src/multiBlock/group3D.h:45,
                 from /home/lzy/projects/hemocell_starter/vendor/HemoCell/palabos/src/multiBlock/group3D.cpp:37:
/usr/lib/x86_64-linux-gnu/openmpi/include/openmpi/ompi/mpi/cxx/op_inln.h: In member function ‘virtual void MPI::Op::Init(void (*)(const void*, void*, int, const MPI::Datatype&), bool)’:
/usr/lib/x86_64-linux-gnu/openmpi/include/openmpi/ompi/mpi/cxx/op_inln.h:121:25: warning: cast between incompatible function types from ‘void (*)(void*, void*, int*, ompi_datatype_t**, void (*)(void*, void*, int*, ompi_datatype_t**))’ to ‘void (*)(void*, void*, int*, ompi_datatype_t**)’ [-Wcast-function-type]
  121 |     (void)MPI_Op_create((MPI_User_function*) ompi_mpi_cxx_op_intercept,
      |                         ^~~~~~~~~~~~~~~~~~~~~~~~~~~~~~~~~~~~~~~~~~~~~~
/usr/lib/x86_64-linux-gnu/openmpi/include/openmpi/ompi/mpi/cxx/op_inln.h:123:38: warning: cast between incompatible function types from ‘void (*)(const void*, void*, int, const MPI::Datatype&)’ to ‘void (*)(void*, void*, int*, ompi_datatype_t**)’ [-Wcast-function-type]
  123 |     ompi_op_set_cxx_callback(mpi_op, (MPI_User_function*) func);
      |                                      ^~~~~~~~~~~~~~~~~~~~~~~~~
[ 65%] Building CXX object CMakeFiles/hemocell.dir/palabos/src/multiBlock/localMultiBlockInfo2D.cpp.o
In file included from /usr/lib/x86_64-linux-gnu/openmpi/include/openmpi/ompi/mpi/cxx/mpicxx.h:277,
                 from /usr/lib/x86_64-linux-gnu/openmpi/include/mpi.h:2911,
                 from /home/lzy/projects/hemocell_starter/vendor/HemoCell/./palabos/src/core/globalDefs.h:41,
                 from /home/lzy/projects/hemocell_starter/vendor/HemoCell/./palabos/src/core/array.h:43,
                 from /home/lzy/projects/hemocell_starter/vendor/HemoCell/./palabos/src/core/geometry2D.h:41,
                 from /home/lzy/projects/hemocell_starter/vendor/HemoCell/./palabos/src/multiBlock/localMultiBlockInfo2D.h:43,
                 from /home/lzy/projects/hemocell_starter/vendor/HemoCell/palabos/src/multiBlock/localMultiBlockInfo2D.cpp:38:
/usr/lib/x86_64-linux-gnu/openmpi/include/openmpi/ompi/mpi/cxx/op_inln.h: In member function ‘virtual void MPI::Op::Init(void (*)(const void*, void*, int, const MPI::Datatype&), bool)’:
/usr/lib/x86_64-linux-gnu/openmpi/include/openmpi/ompi/mpi/cxx/op_inln.h:121:25: warning: cast between incompatible function types from ‘void (*)(void*, void*, int*, ompi_datatype_t**, void (*)(void*, void*, int*, ompi_datatype_t**))’ to ‘void (*)(void*, void*, int*, ompi_datatype_t**)’ [-Wcast-function-type]
  121 |     (void)MPI_Op_create((MPI_User_function*) ompi_mpi_cxx_op_intercept,
      |                         ^~~~~~~~~~~~~~~~~~~~~~~~~~~~~~~~~~~~~~~~~~~~~~
/usr/lib/x86_64-linux-gnu/openmpi/include/openmpi/ompi/mpi/cxx/op_inln.h:123:38: warning: cast between incompatible function types from ‘void (*)(const void*, void*, int, const MPI::Datatype&)’ to ‘void (*)(void*, void*, int*, ompi_datatype_t**)’ [-Wcast-function-type]
  123 |     ompi_op_set_cxx_callback(mpi_op, (MPI_User_function*) func);
      |                                      ^~~~~~~~~~~~~~~~~~~~~~~~~
[ 65%] Building CXX object CMakeFiles/hemocell.dir/palabos/src/multiBlock/localMultiBlockInfo3D.cpp.o
In file included from /usr/lib/x86_64-linux-gnu/openmpi/include/openmpi/ompi/mpi/cxx/mpicxx.h:277,
                 from /usr/lib/x86_64-linux-gnu/openmpi/include/mpi.h:2911,
                 from /home/lzy/projects/hemocell_starter/vendor/HemoCell/./palabos/src/core/globalDefs.h:41,
                 from /home/lzy/projects/hemocell_starter/vendor/HemoCell/./palabos/src/core/array.h:43,
                 from /home/lzy/projects/hemocell_starter/vendor/HemoCell/./palabos/src/core/geometry3D.h:43,
                 from /home/lzy/projects/hemocell_starter/vendor/HemoCell/./palabos/src/multiBlock/localMultiBlockInfo3D.h:43,
                 from /home/lzy/projects/hemocell_starter/vendor/HemoCell/palabos/src/multiBlock/localMultiBlockInfo3D.cpp:38:
/usr/lib/x86_64-linux-gnu/openmpi/include/openmpi/ompi/mpi/cxx/op_inln.h: In member function ‘virtual void MPI::Op::Init(void (*)(const void*, void*, int, const MPI::Datatype&), bool)’:
/usr/lib/x86_64-linux-gnu/openmpi/include/openmpi/ompi/mpi/cxx/op_inln.h:121:25: warning: cast between incompatible function types from ‘void (*)(void*, void*, int*, ompi_datatype_t**, void (*)(void*, void*, int*, ompi_datatype_t**))’ to ‘void (*)(void*, void*, int*, ompi_datatype_t**)’ [-Wcast-function-type]
  121 |     (void)MPI_Op_create((MPI_User_function*) ompi_mpi_cxx_op_intercept,
      |                         ^~~~~~~~~~~~~~~~~~~~~~~~~~~~~~~~~~~~~~~~~~~~~~
/usr/lib/x86_64-linux-gnu/openmpi/include/openmpi/ompi/mpi/cxx/op_inln.h:123:38: warning: cast between incompatible function types from ‘void (*)(const void*, void*, int, const MPI::Datatype&)’ to ‘void (*)(void*, void*, int*, ompi_datatype_t**)’ [-Wcast-function-type]
  123 |     ompi_op_set_cxx_callback(mpi_op, (MPI_User_function*) func);
      |                                      ^~~~~~~~~~~~~~~~~~~~~~~~~
[ 65%] Building CXX object CMakeFiles/hemocell.dir/palabos/src/multiBlock/multiBlock2D.cpp.o
In file included from /usr/lib/x86_64-linux-gnu/openmpi/include/openmpi/ompi/mpi/cxx/mpicxx.h:277,
                 from /usr/lib/x86_64-linux-gnu/openmpi/include/mpi.h:2911,
                 from /home/lzy/projects/hemocell_starter/vendor/HemoCell/./palabos/src/core/globalDefs.h:41,
                 from /home/lzy/projects/hemocell_starter/vendor/HemoCell/./palabos/src/core/blockStatistics.h:43,
                 from /home/lzy/projects/hemocell_starter/vendor/HemoCell/./palabos/src/atomicBlock/dataProcessor2D.h:43,
                 from /home/lzy/projects/hemocell_starter/vendor/HemoCell/./palabos/src/multiBlock/multiBlock2D.h:44,
                 from /home/lzy/projects/hemocell_starter/vendor/HemoCell/palabos/src/multiBlock/multiBlock2D.cpp:37:
/usr/lib/x86_64-linux-gnu/openmpi/include/openmpi/ompi/mpi/cxx/op_inln.h: In member function ‘virtual void MPI::Op::Init(void (*)(const void*, void*, int, const MPI::Datatype&), bool)’:
/usr/lib/x86_64-linux-gnu/openmpi/include/openmpi/ompi/mpi/cxx/op_inln.h:121:25: warning: cast between incompatible function types from ‘void (*)(void*, void*, int*, ompi_datatype_t**, void (*)(void*, void*, int*, ompi_datatype_t**))’ to ‘void (*)(void*, void*, int*, ompi_datatype_t**)’ [-Wcast-function-type]
  121 |     (void)MPI_Op_create((MPI_User_function*) ompi_mpi_cxx_op_intercept,
      |                         ^~~~~~~~~~~~~~~~~~~~~~~~~~~~~~~~~~~~~~~~~~~~~~
/usr/lib/x86_64-linux-gnu/openmpi/include/openmpi/ompi/mpi/cxx/op_inln.h:123:38: warning: cast between incompatible function types from ‘void (*)(const void*, void*, int, const MPI::Datatype&)’ to ‘void (*)(void*, void*, int*, ompi_datatype_t**)’ [-Wcast-function-type]
  123 |     ompi_op_set_cxx_callback(mpi_op, (MPI_User_function*) func);
      |                                      ^~~~~~~~~~~~~~~~~~~~~~~~~
[ 65%] Building CXX object CMakeFiles/hemocell.dir/palabos/src/multiBlock/multiBlock3D.cpp.o
In file included from /usr/lib/x86_64-linux-gnu/openmpi/include/openmpi/ompi/mpi/cxx/mpicxx.h:277,
                 from /usr/lib/x86_64-linux-gnu/openmpi/include/mpi.h:2911,
                 from /home/lzy/projects/hemocell_starter/vendor/HemoCell/./palabos/src/core/globalDefs.h:41,
                 from /home/lzy/projects/hemocell_starter/vendor/HemoCell/./palabos/src/core/blockStatistics.h:43,
                 from /home/lzy/projects/hemocell_starter/vendor/HemoCell/./palabos/src/atomicBlock/dataProcessor3D.h:43,
                 from /home/lzy/projects/hemocell_starter/vendor/HemoCell/./palabos/src/multiBlock/multiBlock3D.h:44,
                 from /home/lzy/projects/hemocell_starter/vendor/HemoCell/palabos/src/multiBlock/multiBlock3D.cpp:37:
/usr/lib/x86_64-linux-gnu/openmpi/include/openmpi/ompi/mpi/cxx/op_inln.h: In member function ‘virtual void MPI::Op::Init(void (*)(const void*, void*, int, const MPI::Datatype&), bool)’:
/usr/lib/x86_64-linux-gnu/openmpi/include/openmpi/ompi/mpi/cxx/op_inln.h:121:25: warning: cast between incompatible function types from ‘void (*)(void*, void*, int*, ompi_datatype_t**, void (*)(void*, void*, int*, ompi_datatype_t**))’ to ‘void (*)(void*, void*, int*, ompi_datatype_t**)’ [-Wcast-function-type]
  121 |     (void)MPI_Op_create((MPI_User_function*) ompi_mpi_cxx_op_intercept,
      |                         ^~~~~~~~~~~~~~~~~~~~~~~~~~~~~~~~~~~~~~~~~~~~~~
/usr/lib/x86_64-linux-gnu/openmpi/include/openmpi/ompi/mpi/cxx/op_inln.h:123:38: warning: cast between incompatible function types from ‘void (*)(const void*, void*, int, const MPI::Datatype&)’ to ‘void (*)(void*, void*, int*, ompi_datatype_t**)’ [-Wcast-function-type]
  123 |     ompi_op_set_cxx_callback(mpi_op, (MPI_User_function*) func);
      |                                      ^~~~~~~~~~~~~~~~~~~~~~~~~
[ 65%] Building CXX object CMakeFiles/hemocell.dir/palabos/src/multiBlock/multiBlockGenerator2D.cpp.o
In file included from /usr/lib/x86_64-linux-gnu/openmpi/include/openmpi/ompi/mpi/cxx/mpicxx.h:277,
                 from /usr/lib/x86_64-linux-gnu/openmpi/include/mpi.h:2911,
                 from /home/lzy/projects/hemocell_starter/vendor/HemoCell/./palabos/src/core/globalDefs.h:41,
                 from /home/lzy/projects/hemocell_starter/vendor/HemoCell/./palabos/src/multiBlock/multiBlockGenerator2D.h:49,
                 from /home/lzy/projects/hemocell_starter/vendor/HemoCell/palabos/src/multiBlock/multiBlockGenerator2D.cpp:38:
/usr/lib/x86_64-linux-gnu/openmpi/include/openmpi/ompi/mpi/cxx/op_inln.h: In member function ‘virtual void MPI::Op::Init(void (*)(const void*, void*, int, const MPI::Datatype&), bool)’:
/usr/lib/x86_64-linux-gnu/openmpi/include/openmpi/ompi/mpi/cxx/op_inln.h:121:25: warning: cast between incompatible function types from ‘void (*)(void*, void*, int*, ompi_datatype_t**, void (*)(void*, void*, int*, ompi_datatype_t**))’ to ‘void (*)(void*, void*, int*, ompi_datatype_t**)’ [-Wcast-function-type]
  121 |     (void)MPI_Op_create((MPI_User_function*) ompi_mpi_cxx_op_intercept,
      |                         ^~~~~~~~~~~~~~~~~~~~~~~~~~~~~~~~~~~~~~~~~~~~~~
/usr/lib/x86_64-linux-gnu/openmpi/include/openmpi/ompi/mpi/cxx/op_inln.h:123:38: warning: cast between incompatible function types from ‘void (*)(const void*, void*, int, const MPI::Datatype&)’ to ‘void (*)(void*, void*, int*, ompi_datatype_t**)’ [-Wcast-function-type]
  123 |     ompi_op_set_cxx_callback(mpi_op, (MPI_User_function*) func);
      |                                      ^~~~~~~~~~~~~~~~~~~~~~~~~
[ 68%] Building CXX object CMakeFiles/hemocell.dir/palabos/src/multiBlock/multiBlockGenerator3D.cpp.o
[ 68%] Building CXX object CMakeFiles/hemocell.dir/palabos/src/multiBlock/multiBlockInfo2D.cpp.o
In file included from /usr/lib/x86_64-linux-gnu/openmpi/include/openmpi/ompi/mpi/cxx/mpicxx.h:277,
                 from /usr/lib/x86_64-linux-gnu/openmpi/include/mpi.h:2911,
                 from /home/lzy/projects/hemocell_starter/vendor/HemoCell/./palabos/src/core/globalDefs.h:41,
                 from /home/lzy/projects/hemocell_starter/vendor/HemoCell/./palabos/src/multiBlock/multiBlockInfo2D.h:39,
                 from /home/lzy/projects/hemocell_starter/vendor/HemoCell/palabos/src/multiBlock/multiBlockInfo2D.cpp:37:
/usr/lib/x86_64-linux-gnu/openmpi/include/openmpi/ompi/mpi/cxx/op_inln.h: In member function ‘virtual void MPI::Op::Init(void (*)(const void*, void*, int, const MPI::Datatype&), bool)’:
/usr/lib/x86_64-linux-gnu/openmpi/include/openmpi/ompi/mpi/cxx/op_inln.h:121:25: warning: cast between incompatible function types from ‘void (*)(void*, void*, int*, ompi_datatype_t**, void (*)(void*, void*, int*, ompi_datatype_t**))’ to ‘void (*)(void*, void*, int*, ompi_datatype_t**)’ [-Wcast-function-type]
  121 |     (void)MPI_Op_create((MPI_User_function*) ompi_mpi_cxx_op_intercept,
      |                         ^~~~~~~~~~~~~~~~~~~~~~~~~~~~~~~~~~~~~~~~~~~~~~
/usr/lib/x86_64-linux-gnu/openmpi/include/openmpi/ompi/mpi/cxx/op_inln.h:123:38: warning: cast between incompatible function types from ‘void (*)(const void*, void*, int, const MPI::Datatype&)’ to ‘void (*)(void*, void*, int*, ompi_datatype_t**)’ [-Wcast-function-type]
  123 |     ompi_op_set_cxx_callback(mpi_op, (MPI_User_function*) func);
      |                                      ^~~~~~~~~~~~~~~~~~~~~~~~~
In file included from /usr/lib/x86_64-linux-gnu/openmpi/include/openmpi/ompi/mpi/cxx/mpicxx.h:277,
                 from /usr/lib/x86_64-linux-gnu/openmpi/include/mpi.h:2911,
                 from /home/lzy/projects/hemocell_starter/vendor/HemoCell/./palabos/src/core/globalDefs.h:41,
                 from /home/lzy/projects/hemocell_starter/vendor/HemoCell/./palabos/src/multiBlock/multiBlockGenerator3D.h:49,
                 from /home/lzy/projects/hemocell_starter/vendor/HemoCell/palabos/src/multiBlock/multiBlockGenerator3D.cpp:38:
/usr/lib/x86_64-linux-gnu/openmpi/include/openmpi/ompi/mpi/cxx/op_inln.h: In member function ‘virtual void MPI::Op::Init(void (*)(const void*, void*, int, const MPI::Datatype&), bool)’:
/usr/lib/x86_64-linux-gnu/openmpi/include/openmpi/ompi/mpi/cxx/op_inln.h:121:25: warning: cast between incompatible function types from ‘void (*)(void*, void*, int*, ompi_datatype_t**, void (*)(void*, void*, int*, ompi_datatype_t**))’ to ‘void (*)(void*, void*, int*, ompi_datatype_t**)’ [-Wcast-function-type]
  121 |     (void)MPI_Op_create((MPI_User_function*) ompi_mpi_cxx_op_intercept,
      |                         ^~~~~~~~~~~~~~~~~~~~~~~~~~~~~~~~~~~~~~~~~~~~~~
/usr/lib/x86_64-linux-gnu/openmpi/include/openmpi/ompi/mpi/cxx/op_inln.h:123:38: warning: cast between incompatible function types from ‘void (*)(const void*, void*, int, const MPI::Datatype&)’ to ‘void (*)(void*, void*, int*, ompi_datatype_t**)’ [-Wcast-function-type]
  123 |     ompi_op_set_cxx_callback(mpi_op, (MPI_User_function*) func);
      |                                      ^~~~~~~~~~~~~~~~~~~~~~~~~
[ 68%] Building CXX object CMakeFiles/hemocell.dir/palabos/src/multiBlock/multiBlockInfo3D.cpp.o
[ 68%] Building CXX object CMakeFiles/hemocell.dir/palabos/src/multiBlock/multiBlockManagement2D.cpp.o
In file included from /usr/lib/x86_64-linux-gnu/openmpi/include/openmpi/ompi/mpi/cxx/mpicxx.h:277,
                 from /usr/lib/x86_64-linux-gnu/openmpi/include/mpi.h:2911,
                 from /home/lzy/projects/hemocell_starter/vendor/HemoCell/./palabos/src/core/globalDefs.h:41,
                 from /home/lzy/projects/hemocell_starter/vendor/HemoCell/./palabos/src/multiBlock/multiBlockInfo3D.h:39,
                 from /home/lzy/projects/hemocell_starter/vendor/HemoCell/palabos/src/multiBlock/multiBlockInfo3D.cpp:37:
/usr/lib/x86_64-linux-gnu/openmpi/include/openmpi/ompi/mpi/cxx/op_inln.h: In member function ‘virtual void MPI::Op::Init(void (*)(const void*, void*, int, const MPI::Datatype&), bool)’:
/usr/lib/x86_64-linux-gnu/openmpi/include/openmpi/ompi/mpi/cxx/op_inln.h:121:25: warning: cast between incompatible function types from ‘void (*)(void*, void*, int*, ompi_datatype_t**, void (*)(void*, void*, int*, ompi_datatype_t**))’ to ‘void (*)(void*, void*, int*, ompi_datatype_t**)’ [-Wcast-function-type]
  121 |     (void)MPI_Op_create((MPI_User_function*) ompi_mpi_cxx_op_intercept,
      |                         ^~~~~~~~~~~~~~~~~~~~~~~~~~~~~~~~~~~~~~~~~~~~~~
/usr/lib/x86_64-linux-gnu/openmpi/include/openmpi/ompi/mpi/cxx/op_inln.h:123:38: warning: cast between incompatible function types from ‘void (*)(const void*, void*, int, const MPI::Datatype&)’ to ‘void (*)(void*, void*, int*, ompi_datatype_t**)’ [-Wcast-function-type]
  123 |     ompi_op_set_cxx_callback(mpi_op, (MPI_User_function*) func);
      |                                      ^~~~~~~~~~~~~~~~~~~~~~~~~
In file included from /usr/lib/x86_64-linux-gnu/openmpi/include/openmpi/ompi/mpi/cxx/mpicxx.h:277,
                 from /usr/lib/x86_64-linux-gnu/openmpi/include/mpi.h:2911,
                 from /home/lzy/projects/hemocell_starter/vendor/HemoCell/./palabos/src/core/globalDefs.h:41,
                 from /home/lzy/projects/hemocell_starter/vendor/HemoCell/./palabos/src/core/array.h:43,
                 from /home/lzy/projects/hemocell_starter/vendor/HemoCell/./palabos/src/core/geometry2D.h:41,
                 from /home/lzy/projects/hemocell_starter/vendor/HemoCell/./palabos/src/multiBlock/multiBlockManagement2D.h:43,
                 from /home/lzy/projects/hemocell_starter/vendor/HemoCell/palabos/src/multiBlock/multiBlockManagement2D.cpp:38:
/usr/lib/x86_64-linux-gnu/openmpi/include/openmpi/ompi/mpi/cxx/op_inln.h: In member function ‘virtual void MPI::Op::Init(void (*)(const void*, void*, int, const MPI::Datatype&), bool)’:
/usr/lib/x86_64-linux-gnu/openmpi/include/openmpi/ompi/mpi/cxx/op_inln.h:121:25: warning: cast between incompatible function types from ‘void (*)(void*, void*, int*, ompi_datatype_t**, void (*)(void*, void*, int*, ompi_datatype_t**))’ to ‘void (*)(void*, void*, int*, ompi_datatype_t**)’ [-Wcast-function-type]
  121 |     (void)MPI_Op_create((MPI_User_function*) ompi_mpi_cxx_op_intercept,
      |                         ^~~~~~~~~~~~~~~~~~~~~~~~~~~~~~~~~~~~~~~~~~~~~~
/usr/lib/x86_64-linux-gnu/openmpi/include/openmpi/ompi/mpi/cxx/op_inln.h:123:38: warning: cast between incompatible function types from ‘void (*)(const void*, void*, int, const MPI::Datatype&)’ to ‘void (*)(void*, void*, int*, ompi_datatype_t**)’ [-Wcast-function-type]
  123 |     ompi_op_set_cxx_callback(mpi_op, (MPI_User_function*) func);
      |                                      ^~~~~~~~~~~~~~~~~~~~~~~~~
[ 68%] Building CXX object CMakeFiles/hemocell.dir/palabos/src/multiBlock/multiBlockManagement3D.cpp.o
In file included from /usr/lib/x86_64-linux-gnu/openmpi/include/openmpi/ompi/mpi/cxx/mpicxx.h:277,
                 from /usr/lib/x86_64-linux-gnu/openmpi/include/mpi.h:2911,
                 from /home/lzy/projects/hemocell_starter/vendor/HemoCell/./palabos/src/core/globalDefs.h:41,
                 from /home/lzy/projects/hemocell_starter/vendor/HemoCell/./palabos/src/core/array.h:43,
                 from /home/lzy/projects/hemocell_starter/vendor/HemoCell/./palabos/src/core/geometry3D.h:43,
                 from /home/lzy/projects/hemocell_starter/vendor/HemoCell/./palabos/src/multiBlock/multiBlockManagement3D.h:43,
                 from /home/lzy/projects/hemocell_starter/vendor/HemoCell/palabos/src/multiBlock/multiBlockManagement3D.cpp:38:
/usr/lib/x86_64-linux-gnu/openmpi/include/openmpi/ompi/mpi/cxx/op_inln.h: In member function ‘virtual void MPI::Op::Init(void (*)(const void*, void*, int, const MPI::Datatype&), bool)’:
/usr/lib/x86_64-linux-gnu/openmpi/include/openmpi/ompi/mpi/cxx/op_inln.h:121:25: warning: cast between incompatible function types from ‘void (*)(void*, void*, int*, ompi_datatype_t**, void (*)(void*, void*, int*, ompi_datatype_t**))’ to ‘void (*)(void*, void*, int*, ompi_datatype_t**)’ [-Wcast-function-type]
  121 |     (void)MPI_Op_create((MPI_User_function*) ompi_mpi_cxx_op_intercept,
      |                         ^~~~~~~~~~~~~~~~~~~~~~~~~~~~~~~~~~~~~~~~~~~~~~
/usr/lib/x86_64-linux-gnu/openmpi/include/openmpi/ompi/mpi/cxx/op_inln.h:123:38: warning: cast between incompatible function types from ‘void (*)(const void*, void*, int, const MPI::Datatype&)’ to ‘void (*)(void*, void*, int*, ompi_datatype_t**)’ [-Wcast-function-type]
  123 |     ompi_op_set_cxx_callback(mpi_op, (MPI_User_function*) func);
      |                                      ^~~~~~~~~~~~~~~~~~~~~~~~~
[ 68%] Building CXX object CMakeFiles/hemocell.dir/palabos/src/multiBlock/multiBlockOperations2D.cpp.o
In file included from /usr/lib/x86_64-linux-gnu/openmpi/include/openmpi/ompi/mpi/cxx/mpicxx.h:277,
                 from /usr/lib/x86_64-linux-gnu/openmpi/include/mpi.h:2911,
                 from /home/lzy/projects/hemocell_starter/vendor/HemoCell/./palabos/src/core/globalDefs.h:41,
                 from /home/lzy/projects/hemocell_starter/vendor/HemoCell/./palabos/src/core/blockStatistics.h:43,
                 from /home/lzy/projects/hemocell_starter/vendor/HemoCell/./palabos/src/multiBlock/multiBlockOperations2D.h:42,
                 from /home/lzy/projects/hemocell_starter/vendor/HemoCell/palabos/src/multiBlock/multiBlockOperations2D.cpp:38:
/usr/lib/x86_64-linux-gnu/openmpi/include/openmpi/ompi/mpi/cxx/op_inln.h: In member function ‘virtual void MPI::Op::Init(void (*)(const void*, void*, int, const MPI::Datatype&), bool)’:
/usr/lib/x86_64-linux-gnu/openmpi/include/openmpi/ompi/mpi/cxx/op_inln.h:121:25: warning: cast between incompatible function types from ‘void (*)(void*, void*, int*, ompi_datatype_t**, void (*)(void*, void*, int*, ompi_datatype_t**))’ to ‘void (*)(void*, void*, int*, ompi_datatype_t**)’ [-Wcast-function-type]
  121 |     (void)MPI_Op_create((MPI_User_function*) ompi_mpi_cxx_op_intercept,
      |                         ^~~~~~~~~~~~~~~~~~~~~~~~~~~~~~~~~~~~~~~~~~~~~~
/usr/lib/x86_64-linux-gnu/openmpi/include/openmpi/ompi/mpi/cxx/op_inln.h:123:38: warning: cast between incompatible function types from ‘void (*)(const void*, void*, int, const MPI::Datatype&)’ to ‘void (*)(void*, void*, int*, ompi_datatype_t**)’ [-Wcast-function-type]
  123 |     ompi_op_set_cxx_callback(mpi_op, (MPI_User_function*) func);
      |                                      ^~~~~~~~~~~~~~~~~~~~~~~~~
[ 72%] Building CXX object CMakeFiles/hemocell.dir/palabos/src/multiBlock/multiBlockOperations3D.cpp.o
In file included from /usr/lib/x86_64-linux-gnu/openmpi/include/openmpi/ompi/mpi/cxx/mpicxx.h:277,
                 from /usr/lib/x86_64-linux-gnu/openmpi/include/mpi.h:2911,
                 from /home/lzy/projects/hemocell_starter/vendor/HemoCell/./palabos/src/core/globalDefs.h:41,
                 from /home/lzy/projects/hemocell_starter/vendor/HemoCell/./palabos/src/core/blockStatistics.h:43,
                 from /home/lzy/projects/hemocell_starter/vendor/HemoCell/./palabos/src/multiBlock/multiBlockOperations3D.h:42,
                 from /home/lzy/projects/hemocell_starter/vendor/HemoCell/palabos/src/multiBlock/multiBlockOperations3D.cpp:38:
/usr/lib/x86_64-linux-gnu/openmpi/include/openmpi/ompi/mpi/cxx/op_inln.h: In member function ‘virtual void MPI::Op::Init(void (*)(const void*, void*, int, const MPI::Datatype&), bool)’:
/usr/lib/x86_64-linux-gnu/openmpi/include/openmpi/ompi/mpi/cxx/op_inln.h:121:25: warning: cast between incompatible function types from ‘void (*)(void*, void*, int*, ompi_datatype_t**, void (*)(void*, void*, int*, ompi_datatype_t**))’ to ‘void (*)(void*, void*, int*, ompi_datatype_t**)’ [-Wcast-function-type]
  121 |     (void)MPI_Op_create((MPI_User_function*) ompi_mpi_cxx_op_intercept,
      |                         ^~~~~~~~~~~~~~~~~~~~~~~~~~~~~~~~~~~~~~~~~~~~~~
/usr/lib/x86_64-linux-gnu/openmpi/include/openmpi/ompi/mpi/cxx/op_inln.h:123:38: warning: cast between incompatible function types from ‘void (*)(const void*, void*, int, const MPI::Datatype&)’ to ‘void (*)(void*, void*, int*, ompi_datatype_t**)’ [-Wcast-function-type]
  123 |     ompi_op_set_cxx_callback(mpi_op, (MPI_User_function*) func);
      |                                      ^~~~~~~~~~~~~~~~~~~~~~~~~
[ 72%] Building CXX object CMakeFiles/hemocell.dir/palabos/src/multiBlock/multiBlockSerializer2D.cpp.o
In file included from /usr/lib/x86_64-linux-gnu/openmpi/include/openmpi/ompi/mpi/cxx/mpicxx.h:277,
                 from /usr/lib/x86_64-linux-gnu/openmpi/include/mpi.h:2911,
                 from /home/lzy/projects/hemocell_starter/vendor/HemoCell/./palabos/src/core/globalDefs.h:41,
                 from /home/lzy/projects/hemocell_starter/vendor/HemoCell/./palabos/src/multiBlock/multiBlockSerializer2D.h:40,
                 from /home/lzy/projects/hemocell_starter/vendor/HemoCell/palabos/src/multiBlock/multiBlockSerializer2D.cpp:37:
/usr/lib/x86_64-linux-gnu/openmpi/include/openmpi/ompi/mpi/cxx/op_inln.h: In member function ‘virtual void MPI::Op::Init(void (*)(const void*, void*, int, const MPI::Datatype&), bool)’:
/usr/lib/x86_64-linux-gnu/openmpi/include/openmpi/ompi/mpi/cxx/op_inln.h:121:25: warning: cast between incompatible function types from ‘void (*)(void*, void*, int*, ompi_datatype_t**, void (*)(void*, void*, int*, ompi_datatype_t**))’ to ‘void (*)(void*, void*, int*, ompi_datatype_t**)’ [-Wcast-function-type]
  121 |     (void)MPI_Op_create((MPI_User_function*) ompi_mpi_cxx_op_intercept,
      |                         ^~~~~~~~~~~~~~~~~~~~~~~~~~~~~~~~~~~~~~~~~~~~~~
/usr/lib/x86_64-linux-gnu/openmpi/include/openmpi/ompi/mpi/cxx/op_inln.h:123:38: warning: cast between incompatible function types from ‘void (*)(const void*, void*, int, const MPI::Datatype&)’ to ‘void (*)(void*, void*, int*, ompi_datatype_t**)’ [-Wcast-function-type]
  123 |     ompi_op_set_cxx_callback(mpi_op, (MPI_User_function*) func);
      |                                      ^~~~~~~~~~~~~~~~~~~~~~~~~
[ 72%] Building CXX object CMakeFiles/hemocell.dir/palabos/src/multiBlock/multiBlockSerializer3D.cpp.o
[ 72%] Building CXX object CMakeFiles/hemocell.dir/palabos/src/multiBlock/multiContainerBlock2D.cpp.o
In file included from /usr/lib/x86_64-linux-gnu/openmpi/include/openmpi/ompi/mpi/cxx/mpicxx.h:277,
                 from /usr/lib/x86_64-linux-gnu/openmpi/include/mpi.h:2911,
                 from /home/lzy/projects/hemocell_starter/vendor/HemoCell/./palabos/src/core/globalDefs.h:41,
                 from /home/lzy/projects/hemocell_starter/vendor/HemoCell/./palabos/src/multiBlock/multiBlockSerializer3D.h:40,
                 from /home/lzy/projects/hemocell_starter/vendor/HemoCell/palabos/src/multiBlock/multiBlockSerializer3D.cpp:37:
/usr/lib/x86_64-linux-gnu/openmpi/include/openmpi/ompi/mpi/cxx/op_inln.h: In member function ‘virtual void MPI::Op::Init(void (*)(const void*, void*, int, const MPI::Datatype&), bool)’:
/usr/lib/x86_64-linux-gnu/openmpi/include/openmpi/ompi/mpi/cxx/op_inln.h:121:25: warning: cast between incompatible function types from ‘void (*)(void*, void*, int*, ompi_datatype_t**, void (*)(void*, void*, int*, ompi_datatype_t**))’ to ‘void (*)(void*, void*, int*, ompi_datatype_t**)’ [-Wcast-function-type]
  121 |     (void)MPI_Op_create((MPI_User_function*) ompi_mpi_cxx_op_intercept,
      |                         ^~~~~~~~~~~~~~~~~~~~~~~~~~~~~~~~~~~~~~~~~~~~~~
/usr/lib/x86_64-linux-gnu/openmpi/include/openmpi/ompi/mpi/cxx/op_inln.h:123:38: warning: cast between incompatible function types from ‘void (*)(const void*, void*, int, const MPI::Datatype&)’ to ‘void (*)(void*, void*, int*, ompi_datatype_t**)’ [-Wcast-function-type]
  123 |     ompi_op_set_cxx_callback(mpi_op, (MPI_User_function*) func);
      |                                      ^~~~~~~~~~~~~~~~~~~~~~~~~
In file included from /usr/lib/x86_64-linux-gnu/openmpi/include/openmpi/ompi/mpi/cxx/mpicxx.h:277,
                 from /usr/lib/x86_64-linux-gnu/openmpi/include/mpi.h:2911,
                 from /home/lzy/projects/hemocell_starter/vendor/HemoCell/./palabos/src/core/globalDefs.h:41,
                 from /home/lzy/projects/hemocell_starter/vendor/HemoCell/./palabos/src/core/blockStatistics.h:43,
                 from /home/lzy/projects/hemocell_starter/vendor/HemoCell/./palabos/src/atomicBlock/dataProcessor2D.h:43,
                 from /home/lzy/projects/hemocell_starter/vendor/HemoCell/./palabos/src/atomicBlock/dataProcessingFunctional2D.h:42,
                 from /home/lzy/projects/hemocell_starter/vendor/HemoCell/./palabos/src/atomicBlock/dataProcessorWrapper2D.h:51,
                 from /home/lzy/projects/hemocell_starter/vendor/HemoCell/./palabos/src/atomicBlock/atomicBlock2D.h:40,
                 from /home/lzy/projects/hemocell_starter/vendor/HemoCell/./palabos/src/atomicBlock/atomicContainerBlock2D.h:42,
                 from /home/lzy/projects/hemocell_starter/vendor/HemoCell/./palabos/src/multiBlock/multiContainerBlock2D.h:42,
                 from /home/lzy/projects/hemocell_starter/vendor/HemoCell/palabos/src/multiBlock/multiContainerBlock2D.cpp:39:
/usr/lib/x86_64-linux-gnu/openmpi/include/openmpi/ompi/mpi/cxx/op_inln.h: In member function ‘virtual void MPI::Op::Init(void (*)(const void*, void*, int, const MPI::Datatype&), bool)’:
/usr/lib/x86_64-linux-gnu/openmpi/include/openmpi/ompi/mpi/cxx/op_inln.h:121:25: warning: cast between incompatible function types from ‘void (*)(void*, void*, int*, ompi_datatype_t**, void (*)(void*, void*, int*, ompi_datatype_t**))’ to ‘void (*)(void*, void*, int*, ompi_datatype_t**)’ [-Wcast-function-type]
  121 |     (void)MPI_Op_create((MPI_User_function*) ompi_mpi_cxx_op_intercept,
      |                         ^~~~~~~~~~~~~~~~~~~~~~~~~~~~~~~~~~~~~~~~~~~~~~
/usr/lib/x86_64-linux-gnu/openmpi/include/openmpi/ompi/mpi/cxx/op_inln.h:123:38: warning: cast between incompatible function types from ‘void (*)(const void*, void*, int, const MPI::Datatype&)’ to ‘void (*)(void*, void*, int*, ompi_datatype_t**)’ [-Wcast-function-type]
  123 |     ompi_op_set_cxx_callback(mpi_op, (MPI_User_function*) func);
      |                                      ^~~~~~~~~~~~~~~~~~~~~~~~~
[ 72%] Building CXX object CMakeFiles/hemocell.dir/palabos/src/multiBlock/multiContainerBlock3D.cpp.o
[ 72%] Building CXX object CMakeFiles/hemocell.dir/palabos/src/multiBlock/multiDataProcessorWrapper2D.cpp.o
In file included from /usr/lib/x86_64-linux-gnu/openmpi/include/openmpi/ompi/mpi/cxx/mpicxx.h:277,
                 from /usr/lib/x86_64-linux-gnu/openmpi/include/mpi.h:2911,
                 from /home/lzy/projects/hemocell_starter/vendor/HemoCell/./palabos/src/core/globalDefs.h:41,
                 from /home/lzy/projects/hemocell_starter/vendor/HemoCell/./palabos/src/core/blockStatistics.h:43,
                 from /home/lzy/projects/hemocell_starter/vendor/HemoCell/./palabos/src/atomicBlock/dataProcessor3D.h:43,
                 from /home/lzy/projects/hemocell_starter/vendor/HemoCell/./palabos/src/atomicBlock/dataProcessingFunctional3D.h:42,
                 from /home/lzy/projects/hemocell_starter/vendor/HemoCell/./palabos/src/atomicBlock/dataProcessorWrapper3D.h:51,
                 from /home/lzy/projects/hemocell_starter/vendor/HemoCell/./palabos/src/atomicBlock/atomicBlock3D.h:41,
                 from /home/lzy/projects/hemocell_starter/vendor/HemoCell/./palabos/src/atomicBlock/atomicContainerBlock3D.h:42,
                 from /home/lzy/projects/hemocell_starter/vendor/HemoCell/./palabos/src/multiBlock/multiContainerBlock3D.h:42,
                 from /home/lzy/projects/hemocell_starter/vendor/HemoCell/palabos/src/multiBlock/multiContainerBlock3D.cpp:39:
/usr/lib/x86_64-linux-gnu/openmpi/include/openmpi/ompi/mpi/cxx/op_inln.h: In member function ‘virtual void MPI::Op::Init(void (*)(const void*, void*, int, const MPI::Datatype&), bool)’:
/usr/lib/x86_64-linux-gnu/openmpi/include/openmpi/ompi/mpi/cxx/op_inln.h:121:25: warning: cast between incompatible function types from ‘void (*)(void*, void*, int*, ompi_datatype_t**, void (*)(void*, void*, int*, ompi_datatype_t**))’ to ‘void (*)(void*, void*, int*, ompi_datatype_t**)’ [-Wcast-function-type]
  121 |     (void)MPI_Op_create((MPI_User_function*) ompi_mpi_cxx_op_intercept,
      |                         ^~~~~~~~~~~~~~~~~~~~~~~~~~~~~~~~~~~~~~~~~~~~~~
/usr/lib/x86_64-linux-gnu/openmpi/include/openmpi/ompi/mpi/cxx/op_inln.h:123:38: warning: cast between incompatible function types from ‘void (*)(const void*, void*, int, const MPI::Datatype&)’ to ‘void (*)(void*, void*, int*, ompi_datatype_t**)’ [-Wcast-function-type]
  123 |     ompi_op_set_cxx_callback(mpi_op, (MPI_User_function*) func);
      |                                      ^~~~~~~~~~~~~~~~~~~~~~~~~
In file included from /usr/lib/x86_64-linux-gnu/openmpi/include/openmpi/ompi/mpi/cxx/mpicxx.h:277,
                 from /usr/lib/x86_64-linux-gnu/openmpi/include/mpi.h:2911,
                 from /home/lzy/projects/hemocell_starter/vendor/HemoCell/./palabos/src/core/globalDefs.h:41,
                 from /home/lzy/projects/hemocell_starter/vendor/HemoCell/./palabos/src/core/blockStatistics.h:43,
                 from /home/lzy/projects/hemocell_starter/vendor/HemoCell/./palabos/src/atomicBlock/dataProcessor2D.h:43,
                 from /home/lzy/projects/hemocell_starter/vendor/HemoCell/./palabos/src/atomicBlock/dataProcessingFunctional2D.h:42,
                 from /home/lzy/projects/hemocell_starter/vendor/HemoCell/./palabos/src/multiBlock/multiDataProcessorWrapper2D.h:51,
                 from /home/lzy/projects/hemocell_starter/vendor/HemoCell/palabos/src/multiBlock/multiDataProcessorWrapper2D.cpp:34:
/usr/lib/x86_64-linux-gnu/openmpi/include/openmpi/ompi/mpi/cxx/op_inln.h: In member function ‘virtual void MPI::Op::Init(void (*)(const void*, void*, int, const MPI::Datatype&), bool)’:
/usr/lib/x86_64-linux-gnu/openmpi/include/openmpi/ompi/mpi/cxx/op_inln.h:121:25: warning: cast between incompatible function types from ‘void (*)(void*, void*, int*, ompi_datatype_t**, void (*)(void*, void*, int*, ompi_datatype_t**))’ to ‘void (*)(void*, void*, int*, ompi_datatype_t**)’ [-Wcast-function-type]
  121 |     (void)MPI_Op_create((MPI_User_function*) ompi_mpi_cxx_op_intercept,
      |                         ^~~~~~~~~~~~~~~~~~~~~~~~~~~~~~~~~~~~~~~~~~~~~~
/usr/lib/x86_64-linux-gnu/openmpi/include/openmpi/ompi/mpi/cxx/op_inln.h:123:38: warning: cast between incompatible function types from ‘void (*)(const void*, void*, int, const MPI::Datatype&)’ to ‘void (*)(void*, void*, int*, ompi_datatype_t**)’ [-Wcast-function-type]
  123 |     ompi_op_set_cxx_callback(mpi_op, (MPI_User_function*) func);
      |                                      ^~~~~~~~~~~~~~~~~~~~~~~~~
[ 75%] Building CXX object CMakeFiles/hemocell.dir/palabos/src/multiBlock/multiDataProcessorWrapper3D.cpp.o
In file included from /usr/lib/x86_64-linux-gnu/openmpi/include/openmpi/ompi/mpi/cxx/mpicxx.h:277,
                 from /usr/lib/x86_64-linux-gnu/openmpi/include/mpi.h:2911,
                 from /home/lzy/projects/hemocell_starter/vendor/HemoCell/./palabos/src/core/globalDefs.h:41,
                 from /home/lzy/projects/hemocell_starter/vendor/HemoCell/./palabos/src/core/blockStatistics.h:43,
                 from /home/lzy/projects/hemocell_starter/vendor/HemoCell/./palabos/src/atomicBlock/dataProcessor3D.h:43,
                 from /home/lzy/projects/hemocell_starter/vendor/HemoCell/./palabos/src/atomicBlock/dataProcessingFunctional3D.h:42,
                 from /home/lzy/projects/hemocell_starter/vendor/HemoCell/./palabos/src/multiBlock/multiDataProcessorWrapper3D.h:51,
                 from /home/lzy/projects/hemocell_starter/vendor/HemoCell/palabos/src/multiBlock/multiDataProcessorWrapper3D.cpp:34:
/usr/lib/x86_64-linux-gnu/openmpi/include/openmpi/ompi/mpi/cxx/op_inln.h: In member function ‘virtual void MPI::Op::Init(void (*)(const void*, void*, int, const MPI::Datatype&), bool)’:
/usr/lib/x86_64-linux-gnu/openmpi/include/openmpi/ompi/mpi/cxx/op_inln.h:121:25: warning: cast between incompatible function types from ‘void (*)(void*, void*, int*, ompi_datatype_t**, void (*)(void*, void*, int*, ompi_datatype_t**))’ to ‘void (*)(void*, void*, int*, ompi_datatype_t**)’ [-Wcast-function-type]
  121 |     (void)MPI_Op_create((MPI_User_function*) ompi_mpi_cxx_op_intercept,
      |                         ^~~~~~~~~~~~~~~~~~~~~~~~~~~~~~~~~~~~~~~~~~~~~~
/usr/lib/x86_64-linux-gnu/openmpi/include/openmpi/ompi/mpi/cxx/op_inln.h:123:38: warning: cast between incompatible function types from ‘void (*)(const void*, void*, int, const MPI::Datatype&)’ to ‘void (*)(void*, void*, int*, ompi_datatype_t**)’ [-Wcast-function-type]
  123 |     ompi_op_set_cxx_callback(mpi_op, (MPI_User_function*) func);
      |                                      ^~~~~~~~~~~~~~~~~~~~~~~~~
[ 75%] Building CXX object CMakeFiles/hemocell.dir/palabos/src/multiBlock/nonLocalTransfer2D.cpp.o
In file included from /usr/lib/x86_64-linux-gnu/openmpi/include/openmpi/ompi/mpi/cxx/mpicxx.h:277,
                 from /usr/lib/x86_64-linux-gnu/openmpi/include/mpi.h:2911,
                 from /home/lzy/projects/hemocell_starter/vendor/HemoCell/./palabos/src/core/globalDefs.h:41,
                 from /home/lzy/projects/hemocell_starter/vendor/HemoCell/./palabos/src/multiBlock/nonLocalTransfer2D.h:39,
                 from /home/lzy/projects/hemocell_starter/vendor/HemoCell/palabos/src/multiBlock/nonLocalTransfer2D.cpp:38:
/usr/lib/x86_64-linux-gnu/openmpi/include/openmpi/ompi/mpi/cxx/op_inln.h: In member function ‘virtual void MPI::Op::Init(void (*)(const void*, void*, int, const MPI::Datatype&), bool)’:
/usr/lib/x86_64-linux-gnu/openmpi/include/openmpi/ompi/mpi/cxx/op_inln.h:121:25: warning: cast between incompatible function types from ‘void (*)(void*, void*, int*, ompi_datatype_t**, void (*)(void*, void*, int*, ompi_datatype_t**))’ to ‘void (*)(void*, void*, int*, ompi_datatype_t**)’ [-Wcast-function-type]
  121 |     (void)MPI_Op_create((MPI_User_function*) ompi_mpi_cxx_op_intercept,
      |                         ^~~~~~~~~~~~~~~~~~~~~~~~~~~~~~~~~~~~~~~~~~~~~~
/usr/lib/x86_64-linux-gnu/openmpi/include/openmpi/ompi/mpi/cxx/op_inln.h:123:38: warning: cast between incompatible function types from ‘void (*)(const void*, void*, int, const MPI::Datatype&)’ to ‘void (*)(void*, void*, int*, ompi_datatype_t**)’ [-Wcast-function-type]
  123 |     ompi_op_set_cxx_callback(mpi_op, (MPI_User_function*) func);
      |                                      ^~~~~~~~~~~~~~~~~~~~~~~~~
[ 75%] Building CXX object CMakeFiles/hemocell.dir/palabos/src/multiBlock/nonLocalTransfer2D_3D.cpp.o
In file included from /usr/lib/x86_64-linux-gnu/openmpi/include/openmpi/ompi/mpi/cxx/mpicxx.h:277,
                 from /usr/lib/x86_64-linux-gnu/openmpi/include/mpi.h:2911,
                 from /home/lzy/projects/hemocell_starter/vendor/HemoCell/./palabos/src/core/globalDefs.h:41,
                 from /home/lzy/projects/hemocell_starter/vendor/HemoCell/./palabos/src/multiBlock/nonLocalTransfer2D_3D.h:39,
                 from /home/lzy/projects/hemocell_starter/vendor/HemoCell/palabos/src/multiBlock/nonLocalTransfer2D_3D.cpp:40:
/usr/lib/x86_64-linux-gnu/openmpi/include/openmpi/ompi/mpi/cxx/op_inln.h: In member function ‘virtual void MPI::Op::Init(void (*)(const void*, void*, int, const MPI::Datatype&), bool)’:
/usr/lib/x86_64-linux-gnu/openmpi/include/openmpi/ompi/mpi/cxx/op_inln.h:121:25: warning: cast between incompatible function types from ‘void (*)(void*, void*, int*, ompi_datatype_t**, void (*)(void*, void*, int*, ompi_datatype_t**))’ to ‘void (*)(void*, void*, int*, ompi_datatype_t**)’ [-Wcast-function-type]
  121 |     (void)MPI_Op_create((MPI_User_function*) ompi_mpi_cxx_op_intercept,
      |                         ^~~~~~~~~~~~~~~~~~~~~~~~~~~~~~~~~~~~~~~~~~~~~~
/usr/lib/x86_64-linux-gnu/openmpi/include/openmpi/ompi/mpi/cxx/op_inln.h:123:38: warning: cast between incompatible function types from ‘void (*)(const void*, void*, int, const MPI::Datatype&)’ to ‘void (*)(void*, void*, int*, ompi_datatype_t**)’ [-Wcast-function-type]
  123 |     ompi_op_set_cxx_callback(mpi_op, (MPI_User_function*) func);
      |                                      ^~~~~~~~~~~~~~~~~~~~~~~~~
[ 75%] Building CXX object CMakeFiles/hemocell.dir/palabos/src/multiBlock/nonLocalTransfer3D.cpp.o
In file included from /usr/lib/x86_64-linux-gnu/openmpi/include/openmpi/ompi/mpi/cxx/mpicxx.h:277,
                 from /usr/lib/x86_64-linux-gnu/openmpi/include/mpi.h:2911,
                 from /home/lzy/projects/hemocell_starter/vendor/HemoCell/./palabos/src/core/globalDefs.h:41,
                 from /home/lzy/projects/hemocell_starter/vendor/HemoCell/./palabos/src/multiBlock/nonLocalTransfer3D.h:39,
                 from /home/lzy/projects/hemocell_starter/vendor/HemoCell/palabos/src/multiBlock/nonLocalTransfer3D.cpp:38:
/usr/lib/x86_64-linux-gnu/openmpi/include/openmpi/ompi/mpi/cxx/op_inln.h: In member function ‘virtual void MPI::Op::Init(void (*)(const void*, void*, int, const MPI::Datatype&), bool)’:
/usr/lib/x86_64-linux-gnu/openmpi/include/openmpi/ompi/mpi/cxx/op_inln.h:121:25: warning: cast between incompatible function types from ‘void (*)(void*, void*, int*, ompi_datatype_t**, void (*)(void*, void*, int*, ompi_datatype_t**))’ to ‘void (*)(void*, void*, int*, ompi_datatype_t**)’ [-Wcast-function-type]
  121 |     (void)MPI_Op_create((MPI_User_function*) ompi_mpi_cxx_op_intercept,
      |                         ^~~~~~~~~~~~~~~~~~~~~~~~~~~~~~~~~~~~~~~~~~~~~~
/usr/lib/x86_64-linux-gnu/openmpi/include/openmpi/ompi/mpi/cxx/op_inln.h:123:38: warning: cast between incompatible function types from ‘void (*)(const void*, void*, int, const MPI::Datatype&)’ to ‘void (*)(void*, void*, int*, ompi_datatype_t**)’ [-Wcast-function-type]
  123 |     ompi_op_set_cxx_callback(mpi_op, (MPI_User_function*) func);
      |                                      ^~~~~~~~~~~~~~~~~~~~~~~~~
[ 75%] Building CXX object CMakeFiles/hemocell.dir/palabos/src/multiBlock/redistribution3D.cpp.o
In file included from /usr/lib/x86_64-linux-gnu/openmpi/include/openmpi/ompi/mpi/cxx/mpicxx.h:277,
                 from /usr/lib/x86_64-linux-gnu/openmpi/include/mpi.h:2911,
                 from /home/lzy/projects/hemocell_starter/vendor/HemoCell/./palabos/src/core/globalDefs.h:41,
                 from /home/lzy/projects/hemocell_starter/vendor/HemoCell/./palabos/src/multiBlock/redistribution3D.h:41,
                 from /home/lzy/projects/hemocell_starter/vendor/HemoCell/palabos/src/multiBlock/redistribution3D.cpp:38:
/usr/lib/x86_64-linux-gnu/openmpi/include/openmpi/ompi/mpi/cxx/op_inln.h: In member function ‘virtual void MPI::Op::Init(void (*)(const void*, void*, int, const MPI::Datatype&), bool)’:
/usr/lib/x86_64-linux-gnu/openmpi/include/openmpi/ompi/mpi/cxx/op_inln.h:121:25: warning: cast between incompatible function types from ‘void (*)(void*, void*, int*, ompi_datatype_t**, void (*)(void*, void*, int*, ompi_datatype_t**))’ to ‘void (*)(void*, void*, int*, ompi_datatype_t**)’ [-Wcast-function-type]
  121 |     (void)MPI_Op_create((MPI_User_function*) ompi_mpi_cxx_op_intercept,
      |                         ^~~~~~~~~~~~~~~~~~~~~~~~~~~~~~~~~~~~~~~~~~~~~~
/usr/lib/x86_64-linux-gnu/openmpi/include/openmpi/ompi/mpi/cxx/op_inln.h:123:38: warning: cast between incompatible function types from ‘void (*)(const void*, void*, int, const MPI::Datatype&)’ to ‘void (*)(void*, void*, int*, ompi_datatype_t**)’ [-Wcast-function-type]
  123 |     ompi_op_set_cxx_callback(mpi_op, (MPI_User_function*) func);
      |                                      ^~~~~~~~~~~~~~~~~~~~~~~~~
[ 75%] Building CXX object CMakeFiles/hemocell.dir/palabos/src/multiBlock/reductiveMultiDataProcessorWrapper2D.cpp.o
In file included from /usr/lib/x86_64-linux-gnu/openmpi/include/openmpi/ompi/mpi/cxx/mpicxx.h:277,
                 from /usr/lib/x86_64-linux-gnu/openmpi/include/mpi.h:2911,
                 from /home/lzy/projects/hemocell_starter/vendor/HemoCell/./palabos/src/core/globalDefs.h:41,
                 from /home/lzy/projects/hemocell_starter/vendor/HemoCell/./palabos/src/core/blockStatistics.h:43,
                 from /home/lzy/projects/hemocell_starter/vendor/HemoCell/./palabos/src/atomicBlock/dataProcessor2D.h:43,
                 from /home/lzy/projects/hemocell_starter/vendor/HemoCell/./palabos/src/atomicBlock/reductiveDataProcessingFunctional2D.h:42,
                 from /home/lzy/projects/hemocell_starter/vendor/HemoCell/./palabos/src/multiBlock/reductiveMultiDataProcessorWrapper2D.h:51,
                 from /home/lzy/projects/hemocell_starter/vendor/HemoCell/palabos/src/multiBlock/reductiveMultiDataProcessorWrapper2D.cpp:34:
/usr/lib/x86_64-linux-gnu/openmpi/include/openmpi/ompi/mpi/cxx/op_inln.h: In member function ‘virtual void MPI::Op::Init(void (*)(const void*, void*, int, const MPI::Datatype&), bool)’:
/usr/lib/x86_64-linux-gnu/openmpi/include/openmpi/ompi/mpi/cxx/op_inln.h:121:25: warning: cast between incompatible function types from ‘void (*)(void*, void*, int*, ompi_datatype_t**, void (*)(void*, void*, int*, ompi_datatype_t**))’ to ‘void (*)(void*, void*, int*, ompi_datatype_t**)’ [-Wcast-function-type]
  121 |     (void)MPI_Op_create((MPI_User_function*) ompi_mpi_cxx_op_intercept,
      |                         ^~~~~~~~~~~~~~~~~~~~~~~~~~~~~~~~~~~~~~~~~~~~~~
/usr/lib/x86_64-linux-gnu/openmpi/include/openmpi/ompi/mpi/cxx/op_inln.h:123:38: warning: cast between incompatible function types from ‘void (*)(const void*, void*, int, const MPI::Datatype&)’ to ‘void (*)(void*, void*, int*, ompi_datatype_t**)’ [-Wcast-function-type]
  123 |     ompi_op_set_cxx_callback(mpi_op, (MPI_User_function*) func);
      |                                      ^~~~~~~~~~~~~~~~~~~~~~~~~
[ 79%] Building CXX object CMakeFiles/hemocell.dir/palabos/src/multiBlock/reductiveMultiDataProcessorWrapper3D.cpp.o
In file included from /usr/lib/x86_64-linux-gnu/openmpi/include/openmpi/ompi/mpi/cxx/mpicxx.h:277,
                 from /usr/lib/x86_64-linux-gnu/openmpi/include/mpi.h:2911,
                 from /home/lzy/projects/hemocell_starter/vendor/HemoCell/./palabos/src/core/globalDefs.h:41,
                 from /home/lzy/projects/hemocell_starter/vendor/HemoCell/./palabos/src/core/blockStatistics.h:43,
                 from /home/lzy/projects/hemocell_starter/vendor/HemoCell/./palabos/src/atomicBlock/dataProcessor3D.h:43,
                 from /home/lzy/projects/hemocell_starter/vendor/HemoCell/./palabos/src/atomicBlock/reductiveDataProcessingFunctional3D.h:42,
                 from /home/lzy/projects/hemocell_starter/vendor/HemoCell/./palabos/src/multiBlock/reductiveMultiDataProcessorWrapper3D.h:51,
                 from /home/lzy/projects/hemocell_starter/vendor/HemoCell/palabos/src/multiBlock/reductiveMultiDataProcessorWrapper3D.cpp:34:
/usr/lib/x86_64-linux-gnu/openmpi/include/openmpi/ompi/mpi/cxx/op_inln.h: In member function ‘virtual void MPI::Op::Init(void (*)(const void*, void*, int, const MPI::Datatype&), bool)’:
/usr/lib/x86_64-linux-gnu/openmpi/include/openmpi/ompi/mpi/cxx/op_inln.h:121:25: warning: cast between incompatible function types from ‘void (*)(void*, void*, int*, ompi_datatype_t**, void (*)(void*, void*, int*, ompi_datatype_t**))’ to ‘void (*)(void*, void*, int*, ompi_datatype_t**)’ [-Wcast-function-type]
  121 |     (void)MPI_Op_create((MPI_User_function*) ompi_mpi_cxx_op_intercept,
      |                         ^~~~~~~~~~~~~~~~~~~~~~~~~~~~~~~~~~~~~~~~~~~~~~
/usr/lib/x86_64-linux-gnu/openmpi/include/openmpi/ompi/mpi/cxx/op_inln.h:123:38: warning: cast between incompatible function types from ‘void (*)(const void*, void*, int, const MPI::Datatype&)’ to ‘void (*)(void*, void*, int*, ompi_datatype_t**)’ [-Wcast-function-type]
  123 |     ompi_op_set_cxx_callback(mpi_op, (MPI_User_function*) func);
      |                                      ^~~~~~~~~~~~~~~~~~~~~~~~~
[ 79%] Building CXX object CMakeFiles/hemocell.dir/palabos/src/multiBlock/serialBlockCommunicator2D.cpp.o
In file included from /usr/lib/x86_64-linux-gnu/openmpi/include/openmpi/ompi/mpi/cxx/mpicxx.h:277,
                 from /usr/lib/x86_64-linux-gnu/openmpi/include/mpi.h:2911,
                 from /home/lzy/projects/hemocell_starter/vendor/HemoCell/./palabos/src/core/globalDefs.h:41,
                 from /home/lzy/projects/hemocell_starter/vendor/HemoCell/./palabos/src/multiBlock/serialBlockCommunicator2D.h:40,
                 from /home/lzy/projects/hemocell_starter/vendor/HemoCell/palabos/src/multiBlock/serialBlockCommunicator2D.cpp:37:
/usr/lib/x86_64-linux-gnu/openmpi/include/openmpi/ompi/mpi/cxx/op_inln.h: In member function ‘virtual void MPI::Op::Init(void (*)(const void*, void*, int, const MPI::Datatype&), bool)’:
/usr/lib/x86_64-linux-gnu/openmpi/include/openmpi/ompi/mpi/cxx/op_inln.h:121:25: warning: cast between incompatible function types from ‘void (*)(void*, void*, int*, ompi_datatype_t**, void (*)(void*, void*, int*, ompi_datatype_t**))’ to ‘void (*)(void*, void*, int*, ompi_datatype_t**)’ [-Wcast-function-type]
  121 |     (void)MPI_Op_create((MPI_User_function*) ompi_mpi_cxx_op_intercept,
      |                         ^~~~~~~~~~~~~~~~~~~~~~~~~~~~~~~~~~~~~~~~~~~~~~
/usr/lib/x86_64-linux-gnu/openmpi/include/openmpi/ompi/mpi/cxx/op_inln.h:123:38: warning: cast between incompatible function types from ‘void (*)(const void*, void*, int, const MPI::Datatype&)’ to ‘void (*)(void*, void*, int*, ompi_datatype_t**)’ [-Wcast-function-type]
  123 |     ompi_op_set_cxx_callback(mpi_op, (MPI_User_function*) func);
      |                                      ^~~~~~~~~~~~~~~~~~~~~~~~~
[ 79%] Building CXX object CMakeFiles/hemocell.dir/palabos/src/multiBlock/serialBlockCommunicator3D.cpp.o
In file included from /usr/lib/x86_64-linux-gnu/openmpi/include/openmpi/ompi/mpi/cxx/mpicxx.h:277,
                 from /usr/lib/x86_64-linux-gnu/openmpi/include/mpi.h:2911,
                 from /home/lzy/projects/hemocell_starter/vendor/HemoCell/./palabos/src/core/globalDefs.h:41,
                 from /home/lzy/projects/hemocell_starter/vendor/HemoCell/./palabos/src/multiBlock/serialBlockCommunicator3D.h:40,
                 from /home/lzy/projects/hemocell_starter/vendor/HemoCell/palabos/src/multiBlock/serialBlockCommunicator3D.cpp:37:
/usr/lib/x86_64-linux-gnu/openmpi/include/openmpi/ompi/mpi/cxx/op_inln.h: In member function ‘virtual void MPI::Op::Init(void (*)(const void*, void*, int, const MPI::Datatype&), bool)’:
/usr/lib/x86_64-linux-gnu/openmpi/include/openmpi/ompi/mpi/cxx/op_inln.h:121:25: warning: cast between incompatible function types from ‘void (*)(void*, void*, int*, ompi_datatype_t**, void (*)(void*, void*, int*, ompi_datatype_t**))’ to ‘void (*)(void*, void*, int*, ompi_datatype_t**)’ [-Wcast-function-type]
  121 |     (void)MPI_Op_create((MPI_User_function*) ompi_mpi_cxx_op_intercept,
      |                         ^~~~~~~~~~~~~~~~~~~~~~~~~~~~~~~~~~~~~~~~~~~~~~
/usr/lib/x86_64-linux-gnu/openmpi/include/openmpi/ompi/mpi/cxx/op_inln.h:123:38: warning: cast between incompatible function types from ‘void (*)(const void*, void*, int, const MPI::Datatype&)’ to ‘void (*)(void*, void*, int*, ompi_datatype_t**)’ [-Wcast-function-type]
  123 |     ompi_op_set_cxx_callback(mpi_op, (MPI_User_function*) func);
      |                                      ^~~~~~~~~~~~~~~~~~~~~~~~~
[ 79%] Building CXX object CMakeFiles/hemocell.dir/palabos/src/multiBlock/sparseBlockStructure2D.cpp.o
In file included from /usr/lib/x86_64-linux-gnu/openmpi/include/openmpi/ompi/mpi/cxx/mpicxx.h:277,
                 from /usr/lib/x86_64-linux-gnu/openmpi/include/mpi.h:2911,
                 from /home/lzy/projects/hemocell_starter/vendor/HemoCell/./palabos/src/core/globalDefs.h:41,
                 from /home/lzy/projects/hemocell_starter/vendor/HemoCell/./palabos/src/core/array.h:43,
                 from /home/lzy/projects/hemocell_starter/vendor/HemoCell/./palabos/src/core/geometry2D.h:41,
                 from /home/lzy/projects/hemocell_starter/vendor/HemoCell/./palabos/src/multiBlock/sparseBlockStructure2D.h:44,
                 from /home/lzy/projects/hemocell_starter/vendor/HemoCell/palabos/src/multiBlock/sparseBlockStructure2D.cpp:38:
/usr/lib/x86_64-linux-gnu/openmpi/include/openmpi/ompi/mpi/cxx/op_inln.h: In member function ‘virtual void MPI::Op::Init(void (*)(const void*, void*, int, const MPI::Datatype&), bool)’:
/usr/lib/x86_64-linux-gnu/openmpi/include/openmpi/ompi/mpi/cxx/op_inln.h:121:25: warning: cast between incompatible function types from ‘void (*)(void*, void*, int*, ompi_datatype_t**, void (*)(void*, void*, int*, ompi_datatype_t**))’ to ‘void (*)(void*, void*, int*, ompi_datatype_t**)’ [-Wcast-function-type]
  121 |     (void)MPI_Op_create((MPI_User_function*) ompi_mpi_cxx_op_intercept,
      |                         ^~~~~~~~~~~~~~~~~~~~~~~~~~~~~~~~~~~~~~~~~~~~~~
/usr/lib/x86_64-linux-gnu/openmpi/include/openmpi/ompi/mpi/cxx/op_inln.h:123:38: warning: cast between incompatible function types from ‘void (*)(const void*, void*, int, const MPI::Datatype&)’ to ‘void (*)(void*, void*, int*, ompi_datatype_t**)’ [-Wcast-function-type]
  123 |     ompi_op_set_cxx_callback(mpi_op, (MPI_User_function*) func);
      |                                      ^~~~~~~~~~~~~~~~~~~~~~~~~
[ 79%] Building CXX object CMakeFiles/hemocell.dir/palabos/src/multiBlock/sparseBlockStructure3D.cpp.o
In file included from /usr/lib/x86_64-linux-gnu/openmpi/include/openmpi/ompi/mpi/cxx/mpicxx.h:277,
                 from /usr/lib/x86_64-linux-gnu/openmpi/include/mpi.h:2911,
                 from /home/lzy/projects/hemocell_starter/vendor/HemoCell/./palabos/src/core/globalDefs.h:41,
                 from /home/lzy/projects/hemocell_starter/vendor/HemoCell/./palabos/src/core/array.h:43,
                 from /home/lzy/projects/hemocell_starter/vendor/HemoCell/./palabos/src/core/geometry3D.h:43,
                 from /home/lzy/projects/hemocell_starter/vendor/HemoCell/./palabos/src/multiBlock/sparseBlockStructure3D.h:44,
                 from /home/lzy/projects/hemocell_starter/vendor/HemoCell/palabos/src/multiBlock/sparseBlockStructure3D.cpp:38:
/usr/lib/x86_64-linux-gnu/openmpi/include/openmpi/ompi/mpi/cxx/op_inln.h: In member function ‘virtual void MPI::Op::Init(void (*)(const void*, void*, int, const MPI::Datatype&), bool)’:
/usr/lib/x86_64-linux-gnu/openmpi/include/openmpi/ompi/mpi/cxx/op_inln.h:121:25: warning: cast between incompatible function types from ‘void (*)(void*, void*, int*, ompi_datatype_t**, void (*)(void*, void*, int*, ompi_datatype_t**))’ to ‘void (*)(void*, void*, int*, ompi_datatype_t**)’ [-Wcast-function-type]
  121 |     (void)MPI_Op_create((MPI_User_function*) ompi_mpi_cxx_op_intercept,
      |                         ^~~~~~~~~~~~~~~~~~~~~~~~~~~~~~~~~~~~~~~~~~~~~~
/usr/lib/x86_64-linux-gnu/openmpi/include/openmpi/ompi/mpi/cxx/op_inln.h:123:38: warning: cast between incompatible function types from ‘void (*)(const void*, void*, int, const MPI::Datatype&)’ to ‘void (*)(void*, void*, int*, ompi_datatype_t**)’ [-Wcast-function-type]
  123 |     ompi_op_set_cxx_callback(mpi_op, (MPI_User_function*) func);
      |                                      ^~~~~~~~~~~~~~~~~~~~~~~~~
[ 82%] Building CXX object CMakeFiles/hemocell.dir/palabos/src/multiBlock/staticRepartitions2D.cpp.o
In file included from /usr/lib/x86_64-linux-gnu/openmpi/include/openmpi/ompi/mpi/cxx/mpicxx.h:277,
                 from /usr/lib/x86_64-linux-gnu/openmpi/include/mpi.h:2911,
                 from /home/lzy/projects/hemocell_starter/vendor/HemoCell/./palabos/src/core/globalDefs.h:41,
                 from /home/lzy/projects/hemocell_starter/vendor/HemoCell/./palabos/src/core/blockStatistics.h:43,
                 from /home/lzy/projects/hemocell_starter/vendor/HemoCell/./palabos/src/atomicBlock/dataProcessor2D.h:43,
                 from /home/lzy/projects/hemocell_starter/vendor/HemoCell/./palabos/src/atomicBlock/dataProcessingFunctional2D.h:42,
                 from /home/lzy/projects/hemocell_starter/vendor/HemoCell/./palabos/src/atomicBlock/dataProcessorWrapper2D.h:51,
                 from /home/lzy/projects/hemocell_starter/vendor/HemoCell/./palabos/src/atomicBlock/atomicBlock2D.h:40,
                 from /home/lzy/projects/hemocell_starter/vendor/HemoCell/./palabos/src/atomicBlock/dataField2D.h:42,
                 from /home/lzy/projects/hemocell_starter/vendor/HemoCell/./palabos/src/multiBlock/staticRepartitions2D.h:41,
                 from /home/lzy/projects/hemocell_starter/vendor/HemoCell/palabos/src/multiBlock/staticRepartitions2D.cpp:38:
/usr/lib/x86_64-linux-gnu/openmpi/include/openmpi/ompi/mpi/cxx/op_inln.h: In member function ‘virtual void MPI::Op::Init(void (*)(const void*, void*, int, const MPI::Datatype&), bool)’:
/usr/lib/x86_64-linux-gnu/openmpi/include/openmpi/ompi/mpi/cxx/op_inln.h:121:25: warning: cast between incompatible function types from ‘void (*)(void*, void*, int*, ompi_datatype_t**, void (*)(void*, void*, int*, ompi_datatype_t**))’ to ‘void (*)(void*, void*, int*, ompi_datatype_t**)’ [-Wcast-function-type]
  121 |     (void)MPI_Op_create((MPI_User_function*) ompi_mpi_cxx_op_intercept,
      |                         ^~~~~~~~~~~~~~~~~~~~~~~~~~~~~~~~~~~~~~~~~~~~~~
/usr/lib/x86_64-linux-gnu/openmpi/include/openmpi/ompi/mpi/cxx/op_inln.h:123:38: warning: cast between incompatible function types from ‘void (*)(const void*, void*, int, const MPI::Datatype&)’ to ‘void (*)(void*, void*, int*, ompi_datatype_t**)’ [-Wcast-function-type]
  123 |     ompi_op_set_cxx_callback(mpi_op, (MPI_User_function*) func);
      |                                      ^~~~~~~~~~~~~~~~~~~~~~~~~
[ 82%] Building CXX object CMakeFiles/hemocell.dir/palabos/src/multiBlock/staticRepartitions3D.cpp.o
In file included from /usr/lib/x86_64-linux-gnu/openmpi/include/openmpi/ompi/mpi/cxx/mpicxx.h:277,
                 from /usr/lib/x86_64-linux-gnu/openmpi/include/mpi.h:2911,
                 from /home/lzy/projects/hemocell_starter/vendor/HemoCell/./palabos/src/core/globalDefs.h:41,
                 from /home/lzy/projects/hemocell_starter/vendor/HemoCell/./palabos/src/core/blockStatistics.h:43,
                 from /home/lzy/projects/hemocell_starter/vendor/HemoCell/./palabos/src/atomicBlock/dataProcessor3D.h:43,
                 from /home/lzy/projects/hemocell_starter/vendor/HemoCell/./palabos/src/atomicBlock/dataProcessingFunctional3D.h:42,
                 from /home/lzy/projects/hemocell_starter/vendor/HemoCell/./palabos/src/atomicBlock/dataProcessorWrapper3D.h:51,
                 from /home/lzy/projects/hemocell_starter/vendor/HemoCell/./palabos/src/atomicBlock/atomicBlock3D.h:41,
                 from /home/lzy/projects/hemocell_starter/vendor/HemoCell/./palabos/src/atomicBlock/dataField3D.h:42,
                 from /home/lzy/projects/hemocell_starter/vendor/HemoCell/./palabos/src/multiBlock/staticRepartitions3D.h:41,
                 from /home/lzy/projects/hemocell_starter/vendor/HemoCell/palabos/src/multiBlock/staticRepartitions3D.cpp:38:
/usr/lib/x86_64-linux-gnu/openmpi/include/openmpi/ompi/mpi/cxx/op_inln.h: In member function ‘virtual void MPI::Op::Init(void (*)(const void*, void*, int, const MPI::Datatype&), bool)’:
/usr/lib/x86_64-linux-gnu/openmpi/include/openmpi/ompi/mpi/cxx/op_inln.h:121:25: warning: cast between incompatible function types from ‘void (*)(void*, void*, int*, ompi_datatype_t**, void (*)(void*, void*, int*, ompi_datatype_t**))’ to ‘void (*)(void*, void*, int*, ompi_datatype_t**)’ [-Wcast-function-type]
  121 |     (void)MPI_Op_create((MPI_User_function*) ompi_mpi_cxx_op_intercept,
      |                         ^~~~~~~~~~~~~~~~~~~~~~~~~~~~~~~~~~~~~~~~~~~~~~
/usr/lib/x86_64-linux-gnu/openmpi/include/openmpi/ompi/mpi/cxx/op_inln.h:123:38: warning: cast between incompatible function types from ‘void (*)(const void*, void*, int, const MPI::Datatype&)’ to ‘void (*)(void*, void*, int*, ompi_datatype_t**)’ [-Wcast-function-type]
  123 |     ompi_op_set_cxx_callback(mpi_op, (MPI_User_function*) func);
      |                                      ^~~~~~~~~~~~~~~~~~~~~~~~~
[ 82%] Building CXX object CMakeFiles/hemocell.dir/palabos/src/multiBlock/threadAttribution.cpp.o
In file included from /usr/lib/x86_64-linux-gnu/openmpi/include/openmpi/ompi/mpi/cxx/mpicxx.h:277,
                 from /usr/lib/x86_64-linux-gnu/openmpi/include/mpi.h:2911,
                 from /home/lzy/projects/hemocell_starter/vendor/HemoCell/./palabos/src/core/globalDefs.h:41,
                 from /home/lzy/projects/hemocell_starter/vendor/HemoCell/./palabos/src/multiBlock/threadAttribution.h:44,
                 from /home/lzy/projects/hemocell_starter/vendor/HemoCell/palabos/src/multiBlock/threadAttribution.cpp:38:
/usr/lib/x86_64-linux-gnu/openmpi/include/openmpi/ompi/mpi/cxx/op_inln.h: In member function ‘virtual void MPI::Op::Init(void (*)(const void*, void*, int, const MPI::Datatype&), bool)’:
/usr/lib/x86_64-linux-gnu/openmpi/include/openmpi/ompi/mpi/cxx/op_inln.h:121:25: warning: cast between incompatible function types from ‘void (*)(void*, void*, int*, ompi_datatype_t**, void (*)(void*, void*, int*, ompi_datatype_t**))’ to ‘void (*)(void*, void*, int*, ompi_datatype_t**)’ [-Wcast-function-type]
  121 |     (void)MPI_Op_create((MPI_User_function*) ompi_mpi_cxx_op_intercept,
      |                         ^~~~~~~~~~~~~~~~~~~~~~~~~~~~~~~~~~~~~~~~~~~~~~
/usr/lib/x86_64-linux-gnu/openmpi/include/openmpi/ompi/mpi/cxx/op_inln.h:123:38: warning: cast between incompatible function types from ‘void (*)(const void*, void*, int, const MPI::Datatype&)’ to ‘void (*)(void*, void*, int*, ompi_datatype_t**)’ [-Wcast-function-type]
  123 |     ompi_op_set_cxx_callback(mpi_op, (MPI_User_function*) func);
      |                                      ^~~~~~~~~~~~~~~~~~~~~~~~~
[ 82%] Building CXX object CMakeFiles/hemocell.dir/palabos/src/multiGrid/domainDivision3D.cpp.o
[ 82%] Building CXX object CMakeFiles/hemocell.dir/palabos/src/multiGrid/multiGrid2D.cpp.o
In file included from /usr/lib/x86_64-linux-gnu/openmpi/include/openmpi/ompi/mpi/cxx/mpicxx.h:277,
                 from /usr/lib/x86_64-linux-gnu/openmpi/include/mpi.h:2911,
                 from /home/lzy/projects/hemocell_starter/vendor/HemoCell/./palabos/src/core/globalDefs.h:41,
                 from /home/lzy/projects/hemocell_starter/vendor/HemoCell/./palabos/src/core/array.h:43,
                 from /home/lzy/projects/hemocell_starter/vendor/HemoCell/./palabos/src/core/geometry3D.h:43,
                 from /home/lzy/projects/hemocell_starter/vendor/HemoCell/./palabos/src/multiGrid/domainDivision3D.h:40,
                 from /home/lzy/projects/hemocell_starter/vendor/HemoCell/palabos/src/multiGrid/domainDivision3D.cpp:38:
/usr/lib/x86_64-linux-gnu/openmpi/include/openmpi/ompi/mpi/cxx/op_inln.h: In member function ‘virtual void MPI::Op::Init(void (*)(const void*, void*, int, const MPI::Datatype&), bool)’:
/usr/lib/x86_64-linux-gnu/openmpi/include/openmpi/ompi/mpi/cxx/op_inln.h:121:25: warning: cast between incompatible function types from ‘void (*)(void*, void*, int*, ompi_datatype_t**, void (*)(void*, void*, int*, ompi_datatype_t**))’ to ‘void (*)(void*, void*, int*, ompi_datatype_t**)’ [-Wcast-function-type]
  121 |     (void)MPI_Op_create((MPI_User_function*) ompi_mpi_cxx_op_intercept,
      |                         ^~~~~~~~~~~~~~~~~~~~~~~~~~~~~~~~~~~~~~~~~~~~~~
/usr/lib/x86_64-linux-gnu/openmpi/include/openmpi/ompi/mpi/cxx/op_inln.h:123:38: warning: cast between incompatible function types from ‘void (*)(const void*, void*, int, const MPI::Datatype&)’ to ‘void (*)(void*, void*, int*, ompi_datatype_t**)’ [-Wcast-function-type]
  123 |     ompi_op_set_cxx_callback(mpi_op, (MPI_User_function*) func);
      |                                      ^~~~~~~~~~~~~~~~~~~~~~~~~
In file included from /usr/lib/x86_64-linux-gnu/openmpi/include/openmpi/ompi/mpi/cxx/mpicxx.h:277,
                 from /usr/lib/x86_64-linux-gnu/openmpi/include/mpi.h:2911,
                 from /home/lzy/projects/hemocell_starter/vendor/HemoCell/./palabos/src/core/globalDefs.h:41,
                 from /home/lzy/projects/hemocell_starter/vendor/HemoCell/./palabos/src/core/array.h:43,
                 from /home/lzy/projects/hemocell_starter/vendor/HemoCell/./palabos/src/multiGrid/multiGrid2D.h:37,
                 from /home/lzy/projects/hemocell_starter/vendor/HemoCell/palabos/src/multiGrid/multiGrid2D.cpp:34:
/usr/lib/x86_64-linux-gnu/openmpi/include/openmpi/ompi/mpi/cxx/op_inln.h: In member function ‘virtual void MPI::Op::Init(void (*)(const void*, void*, int, const MPI::Datatype&), bool)’:
/usr/lib/x86_64-linux-gnu/openmpi/include/openmpi/ompi/mpi/cxx/op_inln.h:121:25: warning: cast between incompatible function types from ‘void (*)(void*, void*, int*, ompi_datatype_t**, void (*)(void*, void*, int*, ompi_datatype_t**))’ to ‘void (*)(void*, void*, int*, ompi_datatype_t**)’ [-Wcast-function-type]
  121 |     (void)MPI_Op_create((MPI_User_function*) ompi_mpi_cxx_op_intercept,
      |                         ^~~~~~~~~~~~~~~~~~~~~~~~~~~~~~~~~~~~~~~~~~~~~~
/usr/lib/x86_64-linux-gnu/openmpi/include/openmpi/ompi/mpi/cxx/op_inln.h:123:38: warning: cast between incompatible function types from ‘void (*)(const void*, void*, int, const MPI::Datatype&)’ to ‘void (*)(void*, void*, int*, ompi_datatype_t**)’ [-Wcast-function-type]
  123 |     ompi_op_set_cxx_callback(mpi_op, (MPI_User_function*) func);
      |                                      ^~~~~~~~~~~~~~~~~~~~~~~~~
[ 82%] Building CXX object CMakeFiles/hemocell.dir/palabos/src/multiGrid/multiGrid3D.cpp.o
In file included from /usr/lib/x86_64-linux-gnu/openmpi/include/openmpi/ompi/mpi/cxx/mpicxx.h:277,
                 from /usr/lib/x86_64-linux-gnu/openmpi/include/mpi.h:2911,
                 from /home/lzy/projects/hemocell_starter/vendor/HemoCell/./palabos/src/core/globalDefs.h:41,
                 from /home/lzy/projects/hemocell_starter/vendor/HemoCell/./palabos/src/core/array.h:43,
                 from /home/lzy/projects/hemocell_starter/vendor/HemoCell/./palabos/src/multiGrid/multiGrid3D.h:37,
                 from /home/lzy/projects/hemocell_starter/vendor/HemoCell/palabos/src/multiGrid/multiGrid3D.cpp:34:
/usr/lib/x86_64-linux-gnu/openmpi/include/openmpi/ompi/mpi/cxx/op_inln.h: In member function ‘virtual void MPI::Op::Init(void (*)(const void*, void*, int, const MPI::Datatype&), bool)’:
/usr/lib/x86_64-linux-gnu/openmpi/include/openmpi/ompi/mpi/cxx/op_inln.h:121:25: warning: cast between incompatible function types from ‘void (*)(void*, void*, int*, ompi_datatype_t**, void (*)(void*, void*, int*, ompi_datatype_t**))’ to ‘void (*)(void*, void*, int*, ompi_datatype_t**)’ [-Wcast-function-type]
  121 |     (void)MPI_Op_create((MPI_User_function*) ompi_mpi_cxx_op_intercept,
      |                         ^~~~~~~~~~~~~~~~~~~~~~~~~~~~~~~~~~~~~~~~~~~~~~
/usr/lib/x86_64-linux-gnu/openmpi/include/openmpi/ompi/mpi/cxx/op_inln.h:123:38: warning: cast between incompatible function types from ‘void (*)(const void*, void*, int, const MPI::Datatype&)’ to ‘void (*)(void*, void*, int*, ompi_datatype_t**)’ [-Wcast-function-type]
  123 |     ompi_op_set_cxx_callback(mpi_op, (MPI_User_function*) func);
      |                                      ^~~~~~~~~~~~~~~~~~~~~~~~~
[ 86%] Building CXX object CMakeFiles/hemocell.dir/palabos/src/multiGrid/multiGridDataProcessorWrapper2D.cpp.o
In file included from /usr/lib/x86_64-linux-gnu/openmpi/include/openmpi/ompi/mpi/cxx/mpicxx.h:277,
                 from /usr/lib/x86_64-linux-gnu/openmpi/include/mpi.h:2911,
                 from /home/lzy/projects/hemocell_starter/vendor/HemoCell/./palabos/src/core/globalDefs.h:41,
                 from /home/lzy/projects/hemocell_starter/vendor/HemoCell/./palabos/src/core/blockStatistics.h:43,
                 from /home/lzy/projects/hemocell_starter/vendor/HemoCell/./palabos/src/atomicBlock/dataProcessor2D.h:43,
                 from /home/lzy/projects/hemocell_starter/vendor/HemoCell/./palabos/src/atomicBlock/dataProcessingFunctional2D.h:42,
                 from /home/lzy/projects/hemocell_starter/vendor/HemoCell/./palabos/src/multiGrid/multiGridDataProcessorWrapper2D.h:42,
                 from /home/lzy/projects/hemocell_starter/vendor/HemoCell/palabos/src/multiGrid/multiGridDataProcessorWrapper2D.cpp:34:
/usr/lib/x86_64-linux-gnu/openmpi/include/openmpi/ompi/mpi/cxx/op_inln.h: In member function ‘virtual void MPI::Op::Init(void (*)(const void*, void*, int, const MPI::Datatype&), bool)’:
/usr/lib/x86_64-linux-gnu/openmpi/include/openmpi/ompi/mpi/cxx/op_inln.h:121:25: warning: cast between incompatible function types from ‘void (*)(void*, void*, int*, ompi_datatype_t**, void (*)(void*, void*, int*, ompi_datatype_t**))’ to ‘void (*)(void*, void*, int*, ompi_datatype_t**)’ [-Wcast-function-type]
  121 |     (void)MPI_Op_create((MPI_User_function*) ompi_mpi_cxx_op_intercept,
      |                         ^~~~~~~~~~~~~~~~~~~~~~~~~~~~~~~~~~~~~~~~~~~~~~
/usr/lib/x86_64-linux-gnu/openmpi/include/openmpi/ompi/mpi/cxx/op_inln.h:123:38: warning: cast between incompatible function types from ‘void (*)(const void*, void*, int, const MPI::Datatype&)’ to ‘void (*)(void*, void*, int*, ompi_datatype_t**)’ [-Wcast-function-type]
  123 |     ompi_op_set_cxx_callback(mpi_op, (MPI_User_function*) func);
      |                                      ^~~~~~~~~~~~~~~~~~~~~~~~~
[ 86%] Building CXX object CMakeFiles/hemocell.dir/palabos/src/multiGrid/multiGridDataProcessorWrapper3D.cpp.o
[ 86%] Building CXX object CMakeFiles/hemocell.dir/palabos/src/multiGrid/multiGridManagement2D.cpp.o
In file included from /usr/lib/x86_64-linux-gnu/openmpi/include/openmpi/ompi/mpi/cxx/mpicxx.h:277,
                 from /usr/lib/x86_64-linux-gnu/openmpi/include/mpi.h:2911,
                 from /home/lzy/projects/hemocell_starter/vendor/HemoCell/./palabos/src/core/globalDefs.h:41,
                 from /home/lzy/projects/hemocell_starter/vendor/HemoCell/./palabos/src/core/blockStatistics.h:43,
                 from /home/lzy/projects/hemocell_starter/vendor/HemoCell/./palabos/src/atomicBlock/dataProcessor3D.h:43,
                 from /home/lzy/projects/hemocell_starter/vendor/HemoCell/./palabos/src/atomicBlock/dataProcessingFunctional3D.h:42,
                 from /home/lzy/projects/hemocell_starter/vendor/HemoCell/./palabos/src/multiGrid/multiGridDataProcessorWrapper3D.h:42,
                 from /home/lzy/projects/hemocell_starter/vendor/HemoCell/palabos/src/multiGrid/multiGridDataProcessorWrapper3D.cpp:34:
/usr/lib/x86_64-linux-gnu/openmpi/include/openmpi/ompi/mpi/cxx/op_inln.h: In member function ‘virtual void MPI::Op::Init(void (*)(const void*, void*, int, const MPI::Datatype&), bool)’:
/usr/lib/x86_64-linux-gnu/openmpi/include/openmpi/ompi/mpi/cxx/op_inln.h:121:25: warning: cast between incompatible function types from ‘void (*)(void*, void*, int*, ompi_datatype_t**, void (*)(void*, void*, int*, ompi_datatype_t**))’ to ‘void (*)(void*, void*, int*, ompi_datatype_t**)’ [-Wcast-function-type]
  121 |     (void)MPI_Op_create((MPI_User_function*) ompi_mpi_cxx_op_intercept,
      |                         ^~~~~~~~~~~~~~~~~~~~~~~~~~~~~~~~~~~~~~~~~~~~~~
/usr/lib/x86_64-linux-gnu/openmpi/include/openmpi/ompi/mpi/cxx/op_inln.h:123:38: warning: cast between incompatible function types from ‘void (*)(const void*, void*, int, const MPI::Datatype&)’ to ‘void (*)(void*, void*, int*, ompi_datatype_t**)’ [-Wcast-function-type]
  123 |     ompi_op_set_cxx_callback(mpi_op, (MPI_User_function*) func);
      |                                      ^~~~~~~~~~~~~~~~~~~~~~~~~
In file included from /usr/lib/x86_64-linux-gnu/openmpi/include/openmpi/ompi/mpi/cxx/mpicxx.h:277,
                 from /usr/lib/x86_64-linux-gnu/openmpi/include/mpi.h:2911,
                 from /home/lzy/projects/hemocell_starter/vendor/HemoCell/./palabos/src/core/globalDefs.h:41,
                 from /home/lzy/projects/hemocell_starter/vendor/HemoCell/./palabos/src/core/array.h:43,
                 from /home/lzy/projects/hemocell_starter/vendor/HemoCell/./palabos/src/core/geometry2D.h:41,
                 from /home/lzy/projects/hemocell_starter/vendor/HemoCell/./palabos/src/multiGrid/multiGridManagement2D.h:41,
                 from /home/lzy/projects/hemocell_starter/vendor/HemoCell/palabos/src/multiGrid/multiGridManagement2D.cpp:38:
/usr/lib/x86_64-linux-gnu/openmpi/include/openmpi/ompi/mpi/cxx/op_inln.h: In member function ‘virtual void MPI::Op::Init(void (*)(const void*, void*, int, const MPI::Datatype&), bool)’:
/usr/lib/x86_64-linux-gnu/openmpi/include/openmpi/ompi/mpi/cxx/op_inln.h:121:25: warning: cast between incompatible function types from ‘void (*)(void*, void*, int*, ompi_datatype_t**, void (*)(void*, void*, int*, ompi_datatype_t**))’ to ‘void (*)(void*, void*, int*, ompi_datatype_t**)’ [-Wcast-function-type]
  121 |     (void)MPI_Op_create((MPI_User_function*) ompi_mpi_cxx_op_intercept,
      |                         ^~~~~~~~~~~~~~~~~~~~~~~~~~~~~~~~~~~~~~~~~~~~~~
/usr/lib/x86_64-linux-gnu/openmpi/include/openmpi/ompi/mpi/cxx/op_inln.h:123:38: warning: cast between incompatible function types from ‘void (*)(const void*, void*, int, const MPI::Datatype&)’ to ‘void (*)(void*, void*, int*, ompi_datatype_t**)’ [-Wcast-function-type]
  123 |     ompi_op_set_cxx_callback(mpi_op, (MPI_User_function*) func);
      |                                      ^~~~~~~~~~~~~~~~~~~~~~~~~
[ 86%] Building CXX object CMakeFiles/hemocell.dir/palabos/src/multiGrid/multiGridManagement3D.cpp.o
In file included from /usr/lib/x86_64-linux-gnu/openmpi/include/openmpi/ompi/mpi/cxx/mpicxx.h:277,
                 from /usr/lib/x86_64-linux-gnu/openmpi/include/mpi.h:2911,
                 from /home/lzy/projects/hemocell_starter/vendor/HemoCell/./palabos/src/core/globalDefs.h:41,
                 from /home/lzy/projects/hemocell_starter/vendor/HemoCell/./palabos/src/core/array.h:43,
                 from /home/lzy/projects/hemocell_starter/vendor/HemoCell/./palabos/src/core/geometry3D.h:43,
                 from /home/lzy/projects/hemocell_starter/vendor/HemoCell/./palabos/src/multiGrid/multiGridManagement3D.h:37,
                 from /home/lzy/projects/hemocell_starter/vendor/HemoCell/palabos/src/multiGrid/multiGridManagement3D.cpp:38:
/usr/lib/x86_64-linux-gnu/openmpi/include/openmpi/ompi/mpi/cxx/op_inln.h: In member function ‘virtual void MPI::Op::Init(void (*)(const void*, void*, int, const MPI::Datatype&), bool)’:
/usr/lib/x86_64-linux-gnu/openmpi/include/openmpi/ompi/mpi/cxx/op_inln.h:121:25: warning: cast between incompatible function types from ‘void (*)(void*, void*, int*, ompi_datatype_t**, void (*)(void*, void*, int*, ompi_datatype_t**))’ to ‘void (*)(void*, void*, int*, ompi_datatype_t**)’ [-Wcast-function-type]
  121 |     (void)MPI_Op_create((MPI_User_function*) ompi_mpi_cxx_op_intercept,
      |                         ^~~~~~~~~~~~~~~~~~~~~~~~~~~~~~~~~~~~~~~~~~~~~~
/usr/lib/x86_64-linux-gnu/openmpi/include/openmpi/ompi/mpi/cxx/op_inln.h:123:38: warning: cast between incompatible function types from ‘void (*)(const void*, void*, int, const MPI::Datatype&)’ to ‘void (*)(void*, void*, int*, ompi_datatype_t**)’ [-Wcast-function-type]
  123 |     ompi_op_set_cxx_callback(mpi_op, (MPI_User_function*) func);
      |                                      ^~~~~~~~~~~~~~~~~~~~~~~~~
[ 86%] Building CXX object CMakeFiles/hemocell.dir/palabos/src/multiGrid/multiGridOperations2D.cpp.o
In file included from /usr/lib/x86_64-linux-gnu/openmpi/include/openmpi/ompi/mpi/cxx/mpicxx.h:277,
                 from /usr/lib/x86_64-linux-gnu/openmpi/include/mpi.h:2911,
                 from /home/lzy/projects/hemocell_starter/vendor/HemoCell/./palabos/src/core/globalDefs.h:41,
                 from /home/lzy/projects/hemocell_starter/vendor/HemoCell/./palabos/src/core/blockStatistics.h:43,
                 from /home/lzy/projects/hemocell_starter/vendor/HemoCell/./palabos/src/multiGrid/multiGridOperations2D.h:42,
                 from /home/lzy/projects/hemocell_starter/vendor/HemoCell/palabos/src/multiGrid/multiGridOperations2D.cpp:38:
/usr/lib/x86_64-linux-gnu/openmpi/include/openmpi/ompi/mpi/cxx/op_inln.h: In member function ‘virtual void MPI::Op::Init(void (*)(const void*, void*, int, const MPI::Datatype&), bool)’:
/usr/lib/x86_64-linux-gnu/openmpi/include/openmpi/ompi/mpi/cxx/op_inln.h:121:25: warning: cast between incompatible function types from ‘void (*)(void*, void*, int*, ompi_datatype_t**, void (*)(void*, void*, int*, ompi_datatype_t**))’ to ‘void (*)(void*, void*, int*, ompi_datatype_t**)’ [-Wcast-function-type]
  121 |     (void)MPI_Op_create((MPI_User_function*) ompi_mpi_cxx_op_intercept,
      |                         ^~~~~~~~~~~~~~~~~~~~~~~~~~~~~~~~~~~~~~~~~~~~~~
/usr/lib/x86_64-linux-gnu/openmpi/include/openmpi/ompi/mpi/cxx/op_inln.h:123:38: warning: cast between incompatible function types from ‘void (*)(const void*, void*, int, const MPI::Datatype&)’ to ‘void (*)(void*, void*, int*, ompi_datatype_t**)’ [-Wcast-function-type]
  123 |     ompi_op_set_cxx_callback(mpi_op, (MPI_User_function*) func);
      |                                      ^~~~~~~~~~~~~~~~~~~~~~~~~
[ 86%] Building CXX object CMakeFiles/hemocell.dir/palabos/src/multiGrid/multiGridOperations3D.cpp.o
In file included from /usr/lib/x86_64-linux-gnu/openmpi/include/openmpi/ompi/mpi/cxx/mpicxx.h:277,
                 from /usr/lib/x86_64-linux-gnu/openmpi/include/mpi.h:2911,
                 from /home/lzy/projects/hemocell_starter/vendor/HemoCell/./palabos/src/core/globalDefs.h:41,
                 from /home/lzy/projects/hemocell_starter/vendor/HemoCell/./palabos/src/core/blockStatistics.h:43,
                 from /home/lzy/projects/hemocell_starter/vendor/HemoCell/./palabos/src/multiGrid/multiGridOperations3D.h:42,
                 from /home/lzy/projects/hemocell_starter/vendor/HemoCell/palabos/src/multiGrid/multiGridOperations3D.cpp:38:
/usr/lib/x86_64-linux-gnu/openmpi/include/openmpi/ompi/mpi/cxx/op_inln.h: In member function ‘virtual void MPI::Op::Init(void (*)(const void*, void*, int, const MPI::Datatype&), bool)’:
/usr/lib/x86_64-linux-gnu/openmpi/include/openmpi/ompi/mpi/cxx/op_inln.h:121:25: warning: cast between incompatible function types from ‘void (*)(void*, void*, int*, ompi_datatype_t**, void (*)(void*, void*, int*, ompi_datatype_t**))’ to ‘void (*)(void*, void*, int*, ompi_datatype_t**)’ [-Wcast-function-type]
  121 |     (void)MPI_Op_create((MPI_User_function*) ompi_mpi_cxx_op_intercept,
      |                         ^~~~~~~~~~~~~~~~~~~~~~~~~~~~~~~~~~~~~~~~~~~~~~
/usr/lib/x86_64-linux-gnu/openmpi/include/openmpi/ompi/mpi/cxx/op_inln.h:123:38: warning: cast between incompatible function types from ‘void (*)(const void*, void*, int, const MPI::Datatype&)’ to ‘void (*)(void*, void*, int*, ompi_datatype_t**)’ [-Wcast-function-type]
  123 |     ompi_op_set_cxx_callback(mpi_op, (MPI_User_function*) func);
      |                                      ^~~~~~~~~~~~~~~~~~~~~~~~~
[ 89%] Building CXX object CMakeFiles/hemocell.dir/palabos/src/multiGrid/multiScale.cpp.o
In file included from /usr/lib/x86_64-linux-gnu/openmpi/include/openmpi/ompi/mpi/cxx/mpicxx.h:277,
                 from /usr/lib/x86_64-linux-gnu/openmpi/include/mpi.h:2911,
                 from /home/lzy/projects/hemocell_starter/vendor/HemoCell/./palabos/src/core/globalDefs.h:41,
                 from /home/lzy/projects/hemocell_starter/vendor/HemoCell/./palabos/src/core/array.h:43,
                 from /home/lzy/projects/hemocell_starter/vendor/HemoCell/./palabos/src/multiGrid/multiScale.h:40,
                 from /home/lzy/projects/hemocell_starter/vendor/HemoCell/palabos/src/multiGrid/multiScale.cpp:38:
/usr/lib/x86_64-linux-gnu/openmpi/include/openmpi/ompi/mpi/cxx/op_inln.h: In member function ‘virtual void MPI::Op::Init(void (*)(const void*, void*, int, const MPI::Datatype&), bool)’:
/usr/lib/x86_64-linux-gnu/openmpi/include/openmpi/ompi/mpi/cxx/op_inln.h:121:25: warning: cast between incompatible function types from ‘void (*)(void*, void*, int*, ompi_datatype_t**, void (*)(void*, void*, int*, ompi_datatype_t**))’ to ‘void (*)(void*, void*, int*, ompi_datatype_t**)’ [-Wcast-function-type]
  121 |     (void)MPI_Op_create((MPI_User_function*) ompi_mpi_cxx_op_intercept,
      |                         ^~~~~~~~~~~~~~~~~~~~~~~~~~~~~~~~~~~~~~~~~~~~~~
/usr/lib/x86_64-linux-gnu/openmpi/include/openmpi/ompi/mpi/cxx/op_inln.h:123:38: warning: cast between incompatible function types from ‘void (*)(const void*, void*, int, const MPI::Datatype&)’ to ‘void (*)(void*, void*, int*, ompi_datatype_t**)’ [-Wcast-function-type]
  123 |     ompi_op_set_cxx_callback(mpi_op, (MPI_User_function*) func);
      |                                      ^~~~~~~~~~~~~~~~~~~~~~~~~
[ 89%] Building CXX object CMakeFiles/hemocell.dir/palabos/src/multiGrid/parallelizer2D.cpp.o
In file included from /usr/lib/x86_64-linux-gnu/openmpi/include/openmpi/ompi/mpi/cxx/mpicxx.h:277,
                 from /usr/lib/x86_64-linux-gnu/openmpi/include/mpi.h:2911,
                 from /home/lzy/projects/hemocell_starter/vendor/HemoCell/./palabos/src/core/globalDefs.h:41,
                 from /home/lzy/projects/hemocell_starter/vendor/HemoCell/./palabos/src/core/array.h:43,
                 from /home/lzy/projects/hemocell_starter/vendor/HemoCell/./palabos/src/core/geometry2D.h:41,
                 from /home/lzy/projects/hemocell_starter/vendor/HemoCell/./palabos/src/multiGrid/parallelizer2D.h:37,
                 from /home/lzy/projects/hemocell_starter/vendor/HemoCell/palabos/src/multiGrid/parallelizer2D.cpp:34:
/usr/lib/x86_64-linux-gnu/openmpi/include/openmpi/ompi/mpi/cxx/op_inln.h: In member function ‘virtual void MPI::Op::Init(void (*)(const void*, void*, int, const MPI::Datatype&), bool)’:
/usr/lib/x86_64-linux-gnu/openmpi/include/openmpi/ompi/mpi/cxx/op_inln.h:121:25: warning: cast between incompatible function types from ‘void (*)(void*, void*, int*, ompi_datatype_t**, void (*)(void*, void*, int*, ompi_datatype_t**))’ to ‘void (*)(void*, void*, int*, ompi_datatype_t**)’ [-Wcast-function-type]
  121 |     (void)MPI_Op_create((MPI_User_function*) ompi_mpi_cxx_op_intercept,
      |                         ^~~~~~~~~~~~~~~~~~~~~~~~~~~~~~~~~~~~~~~~~~~~~~
/usr/lib/x86_64-linux-gnu/openmpi/include/openmpi/ompi/mpi/cxx/op_inln.h:123:38: warning: cast between incompatible function types from ‘void (*)(const void*, void*, int, const MPI::Datatype&)’ to ‘void (*)(void*, void*, int*, ompi_datatype_t**)’ [-Wcast-function-type]
  123 |     ompi_op_set_cxx_callback(mpi_op, (MPI_User_function*) func);
      |                                      ^~~~~~~~~~~~~~~~~~~~~~~~~
[ 89%] Building CXX object CMakeFiles/hemocell.dir/palabos/src/multiGrid/parallelizer3D.cpp.o
In file included from /usr/lib/x86_64-linux-gnu/openmpi/include/openmpi/ompi/mpi/cxx/mpicxx.h:277,
                 from /usr/lib/x86_64-linux-gnu/openmpi/include/mpi.h:2911,
                 from /home/lzy/projects/hemocell_starter/vendor/HemoCell/./palabos/src/core/globalDefs.h:41,
                 from /home/lzy/projects/hemocell_starter/vendor/HemoCell/./palabos/src/core/array.h:43,
                 from /home/lzy/projects/hemocell_starter/vendor/HemoCell/./palabos/src/core/geometry3D.h:43,
                 from /home/lzy/projects/hemocell_starter/vendor/HemoCell/./palabos/src/multiGrid/parallelizer3D.h:37,
                 from /home/lzy/projects/hemocell_starter/vendor/HemoCell/palabos/src/multiGrid/parallelizer3D.cpp:37:
/usr/lib/x86_64-linux-gnu/openmpi/include/openmpi/ompi/mpi/cxx/op_inln.h: In member function ‘virtual void MPI::Op::Init(void (*)(const void*, void*, int, const MPI::Datatype&), bool)’:
/usr/lib/x86_64-linux-gnu/openmpi/include/openmpi/ompi/mpi/cxx/op_inln.h:121:25: warning: cast between incompatible function types from ‘void (*)(void*, void*, int*, ompi_datatype_t**, void (*)(void*, void*, int*, ompi_datatype_t**))’ to ‘void (*)(void*, void*, int*, ompi_datatype_t**)’ [-Wcast-function-type]
  121 |     (void)MPI_Op_create((MPI_User_function*) ompi_mpi_cxx_op_intercept,
      |                         ^~~~~~~~~~~~~~~~~~~~~~~~~~~~~~~~~~~~~~~~~~~~~~
/usr/lib/x86_64-linux-gnu/openmpi/include/openmpi/ompi/mpi/cxx/op_inln.h:123:38: warning: cast between incompatible function types from ‘void (*)(const void*, void*, int, const MPI::Datatype&)’ to ‘void (*)(void*, void*, int*, ompi_datatype_t**)’ [-Wcast-function-type]
  123 |     ompi_op_set_cxx_callback(mpi_op, (MPI_User_function*) func);
      |                                      ^~~~~~~~~~~~~~~~~~~~~~~~~
[ 89%] Building CXX object CMakeFiles/hemocell.dir/palabos/src/multiPhysics/bubbleMatch3D.cpp.o
In file included from /usr/lib/x86_64-linux-gnu/openmpi/include/openmpi/ompi/mpi/cxx/mpicxx.h:277,
                 from /usr/lib/x86_64-linux-gnu/openmpi/include/mpi.h:2911,
                 from /home/lzy/projects/hemocell_starter/vendor/HemoCell/./palabos/src/core/globalDefs.h:41,
                 from /home/lzy/projects/hemocell_starter/vendor/HemoCell/./palabos/src/core/blockStatistics.h:43,
                 from /home/lzy/projects/hemocell_starter/vendor/HemoCell/./palabos/src/atomicBlock/dataProcessor3D.h:43,
                 from /home/lzy/projects/hemocell_starter/vendor/HemoCell/./palabos/src/atomicBlock/dataProcessingFunctional3D.h:42,
                 from /home/lzy/projects/hemocell_starter/vendor/HemoCell/./palabos/src/atomicBlock/dataProcessorWrapper3D.h:51,
                 from /home/lzy/projects/hemocell_starter/vendor/HemoCell/./palabos/src/atomicBlock/atomicBlock3D.h:41,
                 from /home/lzy/projects/hemocell_starter/vendor/HemoCell/./palabos/src/atomicBlock/atomicContainerBlock3D.h:42,
                 from /home/lzy/projects/hemocell_starter/vendor/HemoCell/./palabos/src/multiPhysics/bubbleMatch3D.h:37,
                 from /home/lzy/projects/hemocell_starter/vendor/HemoCell/palabos/src/multiPhysics/bubbleMatch3D.cpp:34:
/usr/lib/x86_64-linux-gnu/openmpi/include/openmpi/ompi/mpi/cxx/op_inln.h: In member function ‘virtual void MPI::Op::Init(void (*)(const void*, void*, int, const MPI::Datatype&), bool)’:
/usr/lib/x86_64-linux-gnu/openmpi/include/openmpi/ompi/mpi/cxx/op_inln.h:121:25: warning: cast between incompatible function types from ‘void (*)(void*, void*, int*, ompi_datatype_t**, void (*)(void*, void*, int*, ompi_datatype_t**))’ to ‘void (*)(void*, void*, int*, ompi_datatype_t**)’ [-Wcast-function-type]
  121 |     (void)MPI_Op_create((MPI_User_function*) ompi_mpi_cxx_op_intercept,
      |                         ^~~~~~~~~~~~~~~~~~~~~~~~~~~~~~~~~~~~~~~~~~~~~~
/usr/lib/x86_64-linux-gnu/openmpi/include/openmpi/ompi/mpi/cxx/op_inln.h:123:38: warning: cast between incompatible function types from ‘void (*)(const void*, void*, int, const MPI::Datatype&)’ to ‘void (*)(void*, void*, int*, ompi_datatype_t**)’ [-Wcast-function-type]
  123 |     ompi_op_set_cxx_callback(mpi_op, (MPI_User_function*) func);
      |                                      ^~~~~~~~~~~~~~~~~~~~~~~~~
[ 89%] Building CXX object CMakeFiles/hemocell.dir/palabos/src/multiPhysics/freeSurfaceAnalysis3D.cpp.o
In file included from /usr/lib/x86_64-linux-gnu/openmpi/include/openmpi/ompi/mpi/cxx/mpicxx.h:277,
                 from /usr/lib/x86_64-linux-gnu/openmpi/include/mpi.h:2911,
                 from /home/lzy/projects/hemocell_starter/vendor/HemoCell/./palabos/src/core/globalDefs.h:41,
                 from /home/lzy/projects/hemocell_starter/vendor/HemoCell/./palabos/src/multiPhysics/freeSurfaceAnalysis3D.h:39,
                 from /home/lzy/projects/hemocell_starter/vendor/HemoCell/palabos/src/multiPhysics/freeSurfaceAnalysis3D.cpp:34:
/usr/lib/x86_64-linux-gnu/openmpi/include/openmpi/ompi/mpi/cxx/op_inln.h: In member function ‘virtual void MPI::Op::Init(void (*)(const void*, void*, int, const MPI::Datatype&), bool)’:
/usr/lib/x86_64-linux-gnu/openmpi/include/openmpi/ompi/mpi/cxx/op_inln.h:121:25: warning: cast between incompatible function types from ‘void (*)(void*, void*, int*, ompi_datatype_t**, void (*)(void*, void*, int*, ompi_datatype_t**))’ to ‘void (*)(void*, void*, int*, ompi_datatype_t**)’ [-Wcast-function-type]
  121 |     (void)MPI_Op_create((MPI_User_function*) ompi_mpi_cxx_op_intercept,
      |                         ^~~~~~~~~~~~~~~~~~~~~~~~~~~~~~~~~~~~~~~~~~~~~~
/usr/lib/x86_64-linux-gnu/openmpi/include/openmpi/ompi/mpi/cxx/op_inln.h:123:38: warning: cast between incompatible function types from ‘void (*)(const void*, void*, int, const MPI::Datatype&)’ to ‘void (*)(void*, void*, int*, ompi_datatype_t**)’ [-Wcast-function-type]
  123 |     ompi_op_set_cxx_callback(mpi_op, (MPI_User_function*) func);
      |                                      ^~~~~~~~~~~~~~~~~~~~~~~~~
[ 89%] Building CXX object CMakeFiles/hemocell.dir/palabos/src/multiPhysics/freeSurfaceModel3D.cpp.o
In file included from /usr/lib/x86_64-linux-gnu/openmpi/include/openmpi/ompi/mpi/cxx/mpicxx.h:277,
                 from /usr/lib/x86_64-linux-gnu/openmpi/include/mpi.h:2911,
                 from /home/lzy/projects/hemocell_starter/vendor/HemoCell/./palabos/src/core/globalDefs.h:41,
                 from /home/lzy/projects/hemocell_starter/vendor/HemoCell/./palabos/src/core/blockStatistics.h:43,
                 from /home/lzy/projects/hemocell_starter/vendor/HemoCell/./palabos/src/atomicBlock/dataProcessor3D.h:43,
                 from /home/lzy/projects/hemocell_starter/vendor/HemoCell/./palabos/src/atomicBlock/dataProcessingFunctional3D.h:42,
                 from /home/lzy/projects/hemocell_starter/vendor/HemoCell/./palabos/src/multiPhysics/freeSurfaceModel3D.h:41,
                 from /home/lzy/projects/hemocell_starter/vendor/HemoCell/palabos/src/multiPhysics/freeSurfaceModel3D.cpp:34:
/usr/lib/x86_64-linux-gnu/openmpi/include/openmpi/ompi/mpi/cxx/op_inln.h: In member function ‘virtual void MPI::Op::Init(void (*)(const void*, void*, int, const MPI::Datatype&), bool)’:
/usr/lib/x86_64-linux-gnu/openmpi/include/openmpi/ompi/mpi/cxx/op_inln.h:121:25: warning: cast between incompatible function types from ‘void (*)(void*, void*, int*, ompi_datatype_t**, void (*)(void*, void*, int*, ompi_datatype_t**))’ to ‘void (*)(void*, void*, int*, ompi_datatype_t**)’ [-Wcast-function-type]
  121 |     (void)MPI_Op_create((MPI_User_function*) ompi_mpi_cxx_op_intercept,
      |                         ^~~~~~~~~~~~~~~~~~~~~~~~~~~~~~~~~~~~~~~~~~~~~~
/usr/lib/x86_64-linux-gnu/openmpi/include/openmpi/ompi/mpi/cxx/op_inln.h:123:38: warning: cast between incompatible function types from ‘void (*)(const void*, void*, int, const MPI::Datatype&)’ to ‘void (*)(void*, void*, int*, ompi_datatype_t**)’ [-Wcast-function-type]
  123 |     ompi_op_set_cxx_callback(mpi_op, (MPI_User_function*) func);
      |                                      ^~~~~~~~~~~~~~~~~~~~~~~~~
[ 93%] Building CXX object CMakeFiles/hemocell.dir/palabos/src/offLattice/domainClustering3D.cpp.o
In file included from /usr/lib/x86_64-linux-gnu/openmpi/include/openmpi/ompi/mpi/cxx/mpicxx.h:277,
                 from /usr/lib/x86_64-linux-gnu/openmpi/include/mpi.h:2911,
                 from /home/lzy/projects/hemocell_starter/vendor/HemoCell/./palabos/src/core/globalDefs.h:41,
                 from /home/lzy/projects/hemocell_starter/vendor/HemoCell/./palabos/src/offLattice/domainClustering3D.h:40,
                 from /home/lzy/projects/hemocell_starter/vendor/HemoCell/palabos/src/offLattice/domainClustering3D.cpp:34:
/usr/lib/x86_64-linux-gnu/openmpi/include/openmpi/ompi/mpi/cxx/op_inln.h: In member function ‘virtual void MPI::Op::Init(void (*)(const void*, void*, int, const MPI::Datatype&), bool)’:
/usr/lib/x86_64-linux-gnu/openmpi/include/openmpi/ompi/mpi/cxx/op_inln.h:121:25: warning: cast between incompatible function types from ‘void (*)(void*, void*, int*, ompi_datatype_t**, void (*)(void*, void*, int*, ompi_datatype_t**))’ to ‘void (*)(void*, void*, int*, ompi_datatype_t**)’ [-Wcast-function-type]
  121 |     (void)MPI_Op_create((MPI_User_function*) ompi_mpi_cxx_op_intercept,
      |                         ^~~~~~~~~~~~~~~~~~~~~~~~~~~~~~~~~~~~~~~~~~~~~~
/usr/lib/x86_64-linux-gnu/openmpi/include/openmpi/ompi/mpi/cxx/op_inln.h:123:38: warning: cast between incompatible function types from ‘void (*)(const void*, void*, int, const MPI::Datatype&)’ to ‘void (*)(void*, void*, int*, ompi_datatype_t**)’ [-Wcast-function-type]
  123 |     ompi_op_set_cxx_callback(mpi_op, (MPI_User_function*) func);
      |                                      ^~~~~~~~~~~~~~~~~~~~~~~~~
[ 93%] Building CXX object CMakeFiles/hemocell.dir/palabos/src/offLattice/marchingCube.cpp.o
In file included from /usr/lib/x86_64-linux-gnu/openmpi/include/openmpi/ompi/mpi/cxx/mpicxx.h:277,
                 from /usr/lib/x86_64-linux-gnu/openmpi/include/mpi.h:2911,
                 from /home/lzy/projects/hemocell_starter/vendor/HemoCell/./palabos/src/core/globalDefs.h:41,
                 from /home/lzy/projects/hemocell_starter/vendor/HemoCell/./palabos/src/offLattice/marchingCube.h:39,
                 from /home/lzy/projects/hemocell_starter/vendor/HemoCell/palabos/src/offLattice/marchingCube.cpp:34:
/usr/lib/x86_64-linux-gnu/openmpi/include/openmpi/ompi/mpi/cxx/op_inln.h: In member function ‘virtual void MPI::Op::Init(void (*)(const void*, void*, int, const MPI::Datatype&), bool)’:
/usr/lib/x86_64-linux-gnu/openmpi/include/openmpi/ompi/mpi/cxx/op_inln.h:121:25: warning: cast between incompatible function types from ‘void (*)(void*, void*, int*, ompi_datatype_t**, void (*)(void*, void*, int*, ompi_datatype_t**))’ to ‘void (*)(void*, void*, int*, ompi_datatype_t**)’ [-Wcast-function-type]
  121 |     (void)MPI_Op_create((MPI_User_function*) ompi_mpi_cxx_op_intercept,
      |                         ^~~~~~~~~~~~~~~~~~~~~~~~~~~~~~~~~~~~~~~~~~~~~~
/usr/lib/x86_64-linux-gnu/openmpi/include/openmpi/ompi/mpi/cxx/op_inln.h:123:38: warning: cast between incompatible function types from ‘void (*)(const void*, void*, int, const MPI::Datatype&)’ to ‘void (*)(void*, void*, int*, ompi_datatype_t**)’ [-Wcast-function-type]
  123 |     ompi_op_set_cxx_callback(mpi_op, (MPI_User_function*) func);
      |                                      ^~~~~~~~~~~~~~~~~~~~~~~~~
[ 93%] Building CXX object CMakeFiles/hemocell.dir/palabos/src/offLattice/voxelizer.cpp.o
[ 93%] Building CXX object CMakeFiles/hemocell.dir/palabos/src/parallelism/mpiManager.cpp.o
In file included from /usr/lib/x86_64-linux-gnu/openmpi/include/openmpi/ompi/mpi/cxx/mpicxx.h:277,
                 from /usr/lib/x86_64-linux-gnu/openmpi/include/mpi.h:2911,
                 from /home/lzy/projects/hemocell_starter/vendor/HemoCell/./palabos/src/core/globalDefs.h:41,
                 from /home/lzy/projects/hemocell_starter/vendor/HemoCell/./palabos/src/core/blockStatistics.h:43,
                 from /home/lzy/projects/hemocell_starter/vendor/HemoCell/./palabos/src/atomicBlock/dataProcessor3D.h:43,
                 from /home/lzy/projects/hemocell_starter/vendor/HemoCell/./palabos/src/atomicBlock/dataProcessingFunctional3D.h:42,
                 from /home/lzy/projects/hemocell_starter/vendor/HemoCell/./palabos/src/offLattice/voxelizer.h:39,
                 from /home/lzy/projects/hemocell_starter/vendor/HemoCell/palabos/src/offLattice/voxelizer.cpp:34:
/usr/lib/x86_64-linux-gnu/openmpi/include/openmpi/ompi/mpi/cxx/op_inln.h: In member function ‘virtual void MPI::Op::Init(void (*)(const void*, void*, int, const MPI::Datatype&), bool)’:
/usr/lib/x86_64-linux-gnu/openmpi/include/openmpi/ompi/mpi/cxx/op_inln.h:121:25: warning: cast between incompatible function types from ‘void (*)(void*, void*, int*, ompi_datatype_t**, void (*)(void*, void*, int*, ompi_datatype_t**))’ to ‘void (*)(void*, void*, int*, ompi_datatype_t**)’ [-Wcast-function-type]
  121 |     (void)MPI_Op_create((MPI_User_function*) ompi_mpi_cxx_op_intercept,
      |                         ^~~~~~~~~~~~~~~~~~~~~~~~~~~~~~~~~~~~~~~~~~~~~~
/usr/lib/x86_64-linux-gnu/openmpi/include/openmpi/ompi/mpi/cxx/op_inln.h:123:38: warning: cast between incompatible function types from ‘void (*)(const void*, void*, int, const MPI::Datatype&)’ to ‘void (*)(void*, void*, int*, ompi_datatype_t**)’ [-Wcast-function-type]
  123 |     ompi_op_set_cxx_callback(mpi_op, (MPI_User_function*) func);
      |                                      ^~~~~~~~~~~~~~~~~~~~~~~~~
In file included from /usr/lib/x86_64-linux-gnu/openmpi/include/openmpi/ompi/mpi/cxx/mpicxx.h:277,
                 from /usr/lib/x86_64-linux-gnu/openmpi/include/mpi.h:2911,
                 from /home/lzy/projects/hemocell_starter/vendor/HemoCell/./palabos/src/core/globalDefs.h:41,
                 from /home/lzy/projects/hemocell_starter/vendor/HemoCell/./palabos/src/parallelism/mpiManager.h:41,
                 from /home/lzy/projects/hemocell_starter/vendor/HemoCell/palabos/src/parallelism/mpiManager.cpp:40:
/usr/lib/x86_64-linux-gnu/openmpi/include/openmpi/ompi/mpi/cxx/op_inln.h: In member function ‘virtual void MPI::Op::Init(void (*)(const void*, void*, int, const MPI::Datatype&), bool)’:
/usr/lib/x86_64-linux-gnu/openmpi/include/openmpi/ompi/mpi/cxx/op_inln.h:121:25: warning: cast between incompatible function types from ‘void (*)(void*, void*, int*, ompi_datatype_t**, void (*)(void*, void*, int*, ompi_datatype_t**))’ to ‘void (*)(void*, void*, int*, ompi_datatype_t**)’ [-Wcast-function-type]
  121 |     (void)MPI_Op_create((MPI_User_function*) ompi_mpi_cxx_op_intercept,
      |                         ^~~~~~~~~~~~~~~~~~~~~~~~~~~~~~~~~~~~~~~~~~~~~~
/usr/lib/x86_64-linux-gnu/openmpi/include/openmpi/ompi/mpi/cxx/op_inln.h:123:38: warning: cast between incompatible function types from ‘void (*)(const void*, void*, int, const MPI::Datatype&)’ to ‘void (*)(void*, void*, int*, ompi_datatype_t**)’ [-Wcast-function-type]
  123 |     ompi_op_set_cxx_callback(mpi_op, (MPI_User_function*) func);
      |                                      ^~~~~~~~~~~~~~~~~~~~~~~~~
[ 93%] Building CXX object CMakeFiles/hemocell.dir/palabos/src/parallelism/parallelBlockCommunicator2D.cpp.o
In file included from /usr/lib/x86_64-linux-gnu/openmpi/include/openmpi/ompi/mpi/cxx/mpicxx.h:277,
                 from /usr/lib/x86_64-linux-gnu/openmpi/include/mpi.h:2911,
                 from /home/lzy/projects/hemocell_starter/vendor/HemoCell/./palabos/src/core/globalDefs.h:41,
                 from /home/lzy/projects/hemocell_starter/vendor/HemoCell/./palabos/src/parallelism/parallelBlockCommunicator2D.h:43,
                 from /home/lzy/projects/hemocell_starter/vendor/HemoCell/palabos/src/parallelism/parallelBlockCommunicator2D.cpp:38:
/usr/lib/x86_64-linux-gnu/openmpi/include/openmpi/ompi/mpi/cxx/op_inln.h: In member function ‘virtual void MPI::Op::Init(void (*)(const void*, void*, int, const MPI::Datatype&), bool)’:
/usr/lib/x86_64-linux-gnu/openmpi/include/openmpi/ompi/mpi/cxx/op_inln.h:121:25: warning: cast between incompatible function types from ‘void (*)(void*, void*, int*, ompi_datatype_t**, void (*)(void*, void*, int*, ompi_datatype_t**))’ to ‘void (*)(void*, void*, int*, ompi_datatype_t**)’ [-Wcast-function-type]
  121 |     (void)MPI_Op_create((MPI_User_function*) ompi_mpi_cxx_op_intercept,
      |                         ^~~~~~~~~~~~~~~~~~~~~~~~~~~~~~~~~~~~~~~~~~~~~~
/usr/lib/x86_64-linux-gnu/openmpi/include/openmpi/ompi/mpi/cxx/op_inln.h:123:38: warning: cast between incompatible function types from ‘void (*)(const void*, void*, int, const MPI::Datatype&)’ to ‘void (*)(void*, void*, int*, ompi_datatype_t**)’ [-Wcast-function-type]
  123 |     ompi_op_set_cxx_callback(mpi_op, (MPI_User_function*) func);
      |                                      ^~~~~~~~~~~~~~~~~~~~~~~~~
[ 93%] Building CXX object CMakeFiles/hemocell.dir/palabos/src/parallelism/parallelBlockCommunicator3D.cpp.o
In file included from /usr/lib/x86_64-linux-gnu/openmpi/include/openmpi/ompi/mpi/cxx/mpicxx.h:277,
                 from /usr/lib/x86_64-linux-gnu/openmpi/include/mpi.h:2911,
                 from /home/lzy/projects/hemocell_starter/vendor/HemoCell/./palabos/src/core/globalDefs.h:41,
                 from /home/lzy/projects/hemocell_starter/vendor/HemoCell/./palabos/src/core/blockStatistics.h:43,
                 from /home/lzy/projects/hemocell_starter/vendor/HemoCell/./palabos/src/atomicBlock/dataProcessor3D.h:43,
                 from /home/lzy/projects/hemocell_starter/vendor/HemoCell/./palabos/src/atomicBlock/dataProcessingFunctional3D.h:42,
                 from /home/lzy/projects/hemocell_starter/vendor/HemoCell/./palabos/src/atomicBlock/dataProcessorWrapper3D.h:51,
                 from /home/lzy/projects/hemocell_starter/vendor/HemoCell/./palabos/src/atomicBlock/atomicBlock3D.h:41,
                 from /home/lzy/projects/hemocell_starter/vendor/HemoCell/palabos/src/parallelism/../../../core/hemoCellParticleDataTransfer.h:31,
                 from /home/lzy/projects/hemocell_starter/vendor/HemoCell/palabos/src/parallelism/parallelBlockCommunicator3D.cpp:39:
/usr/lib/x86_64-linux-gnu/openmpi/include/openmpi/ompi/mpi/cxx/op_inln.h: In member function ‘virtual void MPI::Op::Init(void (*)(const void*, void*, int, const MPI::Datatype&), bool)’:
/usr/lib/x86_64-linux-gnu/openmpi/include/openmpi/ompi/mpi/cxx/op_inln.h:121:25: warning: cast between incompatible function types from ‘void (*)(void*, void*, int*, ompi_datatype_t**, void (*)(void*, void*, int*, ompi_datatype_t**))’ to ‘void (*)(void*, void*, int*, ompi_datatype_t**)’ [-Wcast-function-type]
  121 |     (void)MPI_Op_create((MPI_User_function*) ompi_mpi_cxx_op_intercept,
      |                         ^~~~~~~~~~~~~~~~~~~~~~~~~~~~~~~~~~~~~~~~~~~~~~
/usr/lib/x86_64-linux-gnu/openmpi/include/openmpi/ompi/mpi/cxx/op_inln.h:123:38: warning: cast between incompatible function types from ‘void (*)(const void*, void*, int, const MPI::Datatype&)’ to ‘void (*)(void*, void*, int*, ompi_datatype_t**)’ [-Wcast-function-type]
  123 |     ompi_op_set_cxx_callback(mpi_op, (MPI_User_function*) func);
      |                                      ^~~~~~~~~~~~~~~~~~~~~~~~~
[ 96%] Building CXX object CMakeFiles/hemocell.dir/palabos/src/parallelism/parallelStatistics.cpp.o
In file included from /usr/lib/x86_64-linux-gnu/openmpi/include/openmpi/ompi/mpi/cxx/mpicxx.h:277,
                 from /usr/lib/x86_64-linux-gnu/openmpi/include/mpi.h:2911,
                 from /home/lzy/projects/hemocell_starter/vendor/HemoCell/./palabos/src/core/globalDefs.h:41,
                 from /home/lzy/projects/hemocell_starter/vendor/HemoCell/./palabos/src/parallelism/parallelStatistics.h:42,
                 from /home/lzy/projects/hemocell_starter/vendor/HemoCell/palabos/src/parallelism/parallelStatistics.cpp:37:
/usr/lib/x86_64-linux-gnu/openmpi/include/openmpi/ompi/mpi/cxx/op_inln.h: In member function ‘virtual void MPI::Op::Init(void (*)(const void*, void*, int, const MPI::Datatype&), bool)’:
/usr/lib/x86_64-linux-gnu/openmpi/include/openmpi/ompi/mpi/cxx/op_inln.h:121:25: warning: cast between incompatible function types from ‘void (*)(void*, void*, int*, ompi_datatype_t**, void (*)(void*, void*, int*, ompi_datatype_t**))’ to ‘void (*)(void*, void*, int*, ompi_datatype_t**)’ [-Wcast-function-type]
  121 |     (void)MPI_Op_create((MPI_User_function*) ompi_mpi_cxx_op_intercept,
      |                         ^~~~~~~~~~~~~~~~~~~~~~~~~~~~~~~~~~~~~~~~~~~~~~
/usr/lib/x86_64-linux-gnu/openmpi/include/openmpi/ompi/mpi/cxx/op_inln.h:123:38: warning: cast between incompatible function types from ‘void (*)(const void*, void*, int, const MPI::Datatype&)’ to ‘void (*)(void*, void*, int*, ompi_datatype_t**)’ [-Wcast-function-type]
  123 |     ompi_op_set_cxx_callback(mpi_op, (MPI_User_function*) func);
      |                                      ^~~~~~~~~~~~~~~~~~~~~~~~~
/home/lzy/projects/hemocell_starter/vendor/HemoCell/./palabos/src/atomicBlock/atomicBlock3D.h: At global scope:
/home/lzy/projects/hemocell_starter/vendor/HemoCell/./palabos/src/atomicBlock/atomicBlock3D.h:126:19: warning: ‘virtual plb::Box3D plb::AtomicBlock3D::getBoundingBox() const’ was hidden [-Woverloaded-virtual=]
  126 |     virtual Box3D getBoundingBox() const;
      |                   ^~~~~~~~~~~~~~
In file included from /home/lzy/projects/hemocell_starter/vendor/HemoCell/palabos/src/parallelism/../../../core/hemoCellParticleDataTransfer.h:32:
/home/lzy/projects/hemocell_starter/vendor/HemoCell/palabos/src/parallelism/../../../core/hemoCellParticleField.h:104:18: note:   by ‘plb::Box3D& hemo::HemoCellParticleField::getBoundingBox()’
  104 |     plb::Box3D & getBoundingBox() {
      |                  ^~~~~~~~~~~~~~
/home/lzy/projects/hemocell_starter/vendor/HemoCell/palabos/src/parallelism/parallelBlockCommunicator3D.cpp: In copy constructor ‘plb::CommunicationStructure3D::CommunicationStructure3D(const plb::CommunicationStructure3D&)’:
/home/lzy/projects/hemocell_starter/vendor/HemoCell/palabos/src/parallelism/parallelBlockCommunicator3D.cpp:123:12: warning: implicitly-declared ‘plb::CommunicationStructure3D& plb::CommunicationStructure3D::operator=(const plb::CommunicationStructure3D&)’ is deprecated [-Wdeprecated-copy]
  123 |    *this = rhs;
      |            ^~~
/home/lzy/projects/hemocell_starter/vendor/HemoCell/palabos/src/parallelism/parallelBlockCommunicator3D.cpp:122:3: note: because ‘plb::CommunicationStructure3D’ has user-provided ‘plb::CommunicationStructure3D::CommunicationStructure3D(const plb::CommunicationStructure3D&)’
  122 |   CommunicationStructure3D::CommunicationStructure3D(const CommunicationStructure3D& rhs) {
      |   ^~~~~~~~~~~~~~~~~~~~~~~~
[ 96%] Building CXX object CMakeFiles/hemocell.dir/palabos/src/parallelism/sendRecvPool.cpp.o
In file included from /usr/lib/x86_64-linux-gnu/openmpi/include/openmpi/ompi/mpi/cxx/mpicxx.h:277,
                 from /usr/lib/x86_64-linux-gnu/openmpi/include/mpi.h:2911,
                 from /home/lzy/projects/hemocell_starter/vendor/HemoCell/./palabos/src/core/globalDefs.h:41,
                 from /home/lzy/projects/hemocell_starter/vendor/HemoCell/./palabos/src/parallelism/sendRecvPool.h:45,
                 from /home/lzy/projects/hemocell_starter/vendor/HemoCell/palabos/src/parallelism/sendRecvPool.cpp:38:
/usr/lib/x86_64-linux-gnu/openmpi/include/openmpi/ompi/mpi/cxx/op_inln.h: In member function ‘virtual void MPI::Op::Init(void (*)(const void*, void*, int, const MPI::Datatype&), bool)’:
/usr/lib/x86_64-linux-gnu/openmpi/include/openmpi/ompi/mpi/cxx/op_inln.h:121:25: warning: cast between incompatible function types from ‘void (*)(void*, void*, int*, ompi_datatype_t**, void (*)(void*, void*, int*, ompi_datatype_t**))’ to ‘void (*)(void*, void*, int*, ompi_datatype_t**)’ [-Wcast-function-type]
  121 |     (void)MPI_Op_create((MPI_User_function*) ompi_mpi_cxx_op_intercept,
      |                         ^~~~~~~~~~~~~~~~~~~~~~~~~~~~~~~~~~~~~~~~~~~~~~
/usr/lib/x86_64-linux-gnu/openmpi/include/openmpi/ompi/mpi/cxx/op_inln.h:123:38: warning: cast between incompatible function types from ‘void (*)(const void*, void*, int, const MPI::Datatype&)’ to ‘void (*)(void*, void*, int*, ompi_datatype_t**)’ [-Wcast-function-type]
  123 |     ompi_op_set_cxx_callback(mpi_op, (MPI_User_function*) func);
      |                                      ^~~~~~~~~~~~~~~~~~~~~~~~~
[ 96%] Building CXX object CMakeFiles/hemocell.dir/palabos/externalLibraries/tinyxml/tinyxml.cpp.o
[ 96%] Building CXX object CMakeFiles/hemocell.dir/palabos/externalLibraries/tinyxml/tinyxmlerror.cpp.o
[ 96%] Building CXX object CMakeFiles/hemocell.dir/palabos/externalLibraries/tinyxml/tinyxmlparser.cpp.o
[100%] Linking CXX static library libhemocell.a
[100%] Built target hemocell
