0 7.0845877972606981e-07 9.2878523059527263e-07 1.6040492841929972e-07 0.001
1 1.1219765319549972e-06 1.716425908857513e-06 1.3267520224502791e-08 0.001
2 1.5059710139151918e-06 1.6399231539012011e-06 1.5430307660239211e-07 0.001
3 1.1118068719822422e-06 3.7514239699469193e-07 1.1685497769364492e-07 0.001
4 7.5462882938619558e-07 2.2914516237657046e-06 1.0057268609110341e-07 0.001
5 1.874001942033612e-06 1.2219663828664947e-06 3.2535234979382787e-08 0.001
6 7.5651077713889879e-07 2.3043246652598317e-06 2.4348139626195642e-07 0.001
7 1.4677773630549535e-06 2.1216276321788121e-06 7.7505093914472637e-09 0.001
8 1.541990034922005e-06 1.0757773801111941e-06 4.9042586234723535e-08 0.001
9 1.9135100005273587e-06 8.0796234169278551e-07 1.3113761634352701e-08 0.001
10 7.8598108438040055e-07 2.5394796071498429e-06 1.4678654177302799e-08 0.001
11 1.7024111970804045e-06 1.9461769025587524e-06 4.4529425713913747e-08 0.001
12 2.4512361153840729e-06 6.7122094362708282e-07 3.7290801363276894e-09 0.001
13 1.8469302161757919e-06 1.3216774861319555e-06 2.5489304516285332e-07 0.001
14 8.7678102368031262e-07 1.0299296855174004e-06 1.9480739385480342e-09 0.001
15 1.5942875928594486e-06 5.6176725234209582e-07 8.233276703623132e-08 0.001
16 8.8017313929688053e-07 2.3243591507978732e-06 1.0362440882072656e-08 0.001
17 1.8546006135537302e-06 2.4251418694121586e-06 5.4281660977324402e-08 0.001
18 1.9566049105727656e-06 2.3015628033038171e-06 6.3668334200026253e-08 0.001
19 7.5770770267996941e-07 5.1900124033857545e-07 4.4317358828306279e-09 0.001
20 1.9207058385290774e-06 2.2729648887188076e-06 2.1202856043277451e-07 0.001
21 1.4124430686312513e-06 1.5180676018480507e-06 1.526885982629312e-07 0.001
22 8.1935803840326209e-07 1.2051833583194211e-06 1.9759983058858193e-08 0.001
23 4.9651592447818439e-07 3.9185385667632178e-07 5.518272885238983e-09 0.001
24 2.0120699007161755e-06 2.6202181755914682e-06 1.1108119061277876e-07 0.001
25 6.6777072408032369e-07 2.1812840525699773e-06 3.6073508212841239e-08 0.001
26 1.6300962185763141e-06 2.3758823664356597e-06 2.2294734412338977e-07 0.001
27 2.5764170845362686e-06 5.9036579336979288e-07 1.4047989351234356e-07 0.001
28 1.1212656234151026e-06 1.8686380655526449e-06 2.2395530041731407e-08 0.001
29 1.939532758277268e-06 1.8736670289969249e-06 1.5434839862253162e-07 0.001
30 1.1110797651808936e-06 1.5917991495870539e-06 6.6841060085589225e-09 0.001
31 4.2949286937824002e-07 1.0955452922849685e-06 7.6095793552742764e-09 0.001
32 8.5408347571547347e-07 2.2841913286794779e-06 2.4313658074676857e-07 0.001
33 1.0519268017382161e-06 2.3317767697476939e-06 1.3826762740071258e-08 0.001
34 2.2118085300456207e-06 1.1765596315804968e-06 4.0322326666569441e-09 0.001
35 1.4351798061923564e-06 2.3057853888291851e-06 3.3218240397228022e-08 0.001
36 4.0788168109959936e-07 1.7623041551045709e-06 9.5149994176108744e-08 0.001
37 1.0608769820845428e-06 2.3553040820864663e-06 1.1117862616695195e-07 0.001
38 2.246761875559412e-06 1.4519812584604692e-06 5.804655178123733e-08 0.001
39 1.6329311895050417e-06 1.257941601185243e-06 2.370280579336564e-07 0.001
40 5.6291670054454844e-07 1.5253676832487331e-06 5.9903728735628657e-08 0.001
41 5.0657034909101195e-07 5.2784117230468486e-07 6.258442834045827e-09 0.001
42 1.2355968561898028e-06 1.0303894861483816e-06 1.2544848522835587e-08 0.001
43 1.5698003844010573e-06 9.1678179443473688e-07 6.1704063053025442e-09 0.001
44 2.198549511327584e-06 2.2828429224447559e-06 6.710277337737414e-09 0.001
45 1.8575870561720666e-06 2.553759772242914e-06 6.4110895958079841e-08 0.001
46 1.3063647554778664e-06 8.8698629643928769e-07 1.4314997082841152e-07 0.001
47 2.5090746723362262e-06 2.240816165324267e-06 1.1773894289094763e-08 0.001
48 1.0267228619773876e-06 7.079350831140797e-07 3.8886089835077633e-08 0.001
49 1.4417489736064235e-06 7.1122284183367198e-07 5.0384015547403909e-09 0.001
50 1.8359667432039783e-06 1.8680841475669818e-06 7.2492389102483754e-08 0.001
51 1.5245769947748744e-06 1.0883929228527678e-06 6.9471479363306304e-09 0.001
52 1.9438724712654812e-06 2.0989601518232344e-06 1.642946107896988e-08 0.001
53 1.5992236654370892e-06 1.7296555899924281e-06 6.3681416268405757e-09 0.001
54 1.0745241813193564e-06 2.0633112975220019e-06 1.2954760478583294e-08 0.001
55 6.3290702956730909e-07 1.7491680945686865e-06 4.2306695541820078e-08 0.001
56 1.6083362057889721e-06 2.5693068201193553e-06 1.4602979379840647e-08 0.001
57 1.7559390735661483e-06 2.0076042152550063e-06 2.4678233522433318e-08 0.001
58 1.6167831456296863e-06 1.5250307228716222e-06 5.6036038774227863e-09 0.001
59 1.1125750549665778e-06 2.3413420957047186e-06 5.3968863973168921e-09 0.001
60 6.4655109898008757e-07 1.6529869691095745e-06 1.0260666829134004e-07 0.001
61 2.6233340868760829e-06 1.0493952416893549e-06 9.5078798273683008e-09 0.001
62 2.5705073102693029e-06 4.3328469990065524e-07 1.0938452849682296e-08 0.001
63 9.1382587887081255e-07 4.3147689036475424e-07 1.1825842498152398e-07 0.001
64 1.0055324957253492e-06 2.2157648442503948e-06 2.5431900519755484e-08 0.001
65 4.3029306094943341e-07 4.8361534489750964e-07 1.1776555717385527e-09 0.001
66 1.6193228034206786e-06 2.2949135763182014e-06 1.7651627892384734e-07 0.001
67 1.5476655553690735e-06 1.6133186170679729e-06 4.1302835329466474e-09 0.001
68 1.3058592971568837e-06 2.4204171012384337e-06 1.3030422529647037e-08 0.001
69 2.1280674114268001e-06 2.3744139944759752e-06 1.1681254601757638e-07 0.001
70 1.1760724194914249e-06 2.5095823550079123e-06 2.6367652056303552e-07 0.001
71 1.1732943947116445e-06 5.4398880897543219e-07 2.7832750138427633e-09 0.001
72 6.7662494275846323e-07 5.1304310896534597e-07 3.0428718498806304e-08 0.001
73 7.5501498854729448e-07 2.1569464068964218e-06 3.8359504672766716e-09 0.001
74 1.8645885886251095e-06 2.3296935367866592e-06 3.4199315573351647e-07 0.001
75 4.9671622829901273e-07 1.5091046408284611e-06 2.2947294290001573e-08 0.001
76 1.8438872607201184e-06 9.0681360753816393e-07 4.0062031973007411e-08 0.001
77 2.033590650241363e-06 1.699174407815456e-06 7.7405202591484552e-09 0.001
78 5.1177394873464402e-07 9.0235192502043004e-07 1.9155933504424757e-09 0.001
79 4.1533565846926381e-07 1.2803966050386898e-06 2.5967173213786506e-08 0.001
80 2.3247755774937414e-06 1.2904714653069538e-06 3.5370591004162934e-08 0.001
81 4.2470765935020066e-07 7.4669570433473944e-07 2.3260745533157597e-08 0.001
82 2.3200431836687006e-06 1.5785064291271891e-06 9.903113490408749e-08 0.001
83 2.5878313767518641e-06 1.8066811854867882e-06 8.7398738095841424e-08 0.001
84 1.8224112857262118e-06 2.4606497264259085e-06 1.2646493243326008e-07 0.001
85 1.5734875086266835e-06 2.5966065819118588e-06 8.1463092910188553e-08 0.001
86 2.1448770952541684e-06 1.0501850337119642e-06 1.0352249513895603e-08 0.001
87 6.1367702111770901e-07 2.522684517353472e-06 7.9743837415559651e-08 0.001
88 2.0956537218605264e-06 8.3149265103545756e-07 3.9931990511569559e-08 0.001
89 9.1682795403150701e-07 2.3577265853480726e-06 8.6295636221480637e-08 0.001
90 1.2288630753665376e-06 1.015827914906582e-06 9.768321966592766e-09 0.001
91 1.6611791921923283e-06 7.8968226232425794e-07 6.8944479526954816e-08 0.001
92 1.01883609526322e-06 1.2032964066036074e-06 2.9612520494242311e-09 0.001
93 1.0321702714237588e-06 2.0027831588901294e-06 2.3914643196687931e-07 0.001
94 1.5216259326419496e-06 3.8020812593733488e-07 2.7293178313368659e-08 0.001
95 1.3532275486576806e-06 1.2988129107410018e-06 1.7409127251779532e-08 0.001
96 2.3825466896360014e-06 8.2582265350095975e-07 4.8219016376500042e-09 0.001
97 9.307603513692132e-07 1.2918821250995744e-06 2.041533181262999e-07 0.001
98 1.5010936124092201e-06 9.4605574045645864e-07 1.6512042688974785e-08 0.001
99 2.5562199188547924e-06 1.0371822730841349e-06 1.6770391164767208e-08 0.001
100 2.6213566112012316e-06 1.4037367565064945e-06 9.3306140687452211e-08 0.001
101 2.4629972761657184e-06 8.8315929617732128e-07 6.1710932308615332e-09 0.001
102 1.6913818076425738e-06 1.8748960678098451e-06 2.1702848740961123e-07 0.001
103 1.168308684338146e-06 1.8182610134996414e-06 2.4018761499055856e-07 0.001
104 2.297348084085682e-06 5.8950195732917377e-07 1.2607063376142159e-07 0.001
105 2.3622310184429217e-06 2.4361014290679365e-06 1.3878096462671933e-08 0.001
106 2.0708466011321292e-06 1.9665918330455859e-06 7.4814248087192589e-08 0.001
107 1.3338414497004985e-06 1.6571114561846905e-06 4.7673396174248223e-08 0.001
108 7.0381388934078245e-07 1.0293564953884596e-06 3.2427016211203741e-09 0.001
109 1.6943583132628734e-06 1.9091554379369356e-06 2.2071137594175803e-07 0.001
110 2.2462865373537686e-06 2.3555935236013403e-06 4.0428167080785104e-07 0.001
111 1.6783260910334925e-06 2.1591091448682062e-06 6.7020919539604403e-08 0.001
112 2.6193807263420942e-06 1.0502680728158619e-06 1.0683092470136724e-07 0.001
113 2.0171615422267905e-06 3.9414058657025711e-07 1.858279116448571e-07 0.001
114 9.3650210257339096e-07 1.4454881336147793e-06 2.5851638557486172e-08 0.001
115 1.1123066441110294e-06 2.4831022272825691e-06 1.6195781574088931e-07 0.001
116 1.9219435952542713e-06 8.5750244553204079e-07 2.6702746740979151e-08 0.001
117 2.2333190545310627e-06 1.4464380426288732e-06 3.2138802548392716e-07 0.001
118 2.0092175202288651e-06 9.8815011622706096e-07 3.6204130995305804e-09 0.001
119 2.153498503883308e-06 5.3652309343827527e-07 1.8980909557109953e-07 0.001
120 2.5207700231169565e-06 1.5154753795320414e-06 5.4563182958636493e-09 0.001
121 2.5410097714799719e-06 2.5869708950555128e-06 6.1780299588368885e-08 0.001
122 1.6866623266386279e-06 2.3168545468497111e-06 1.5889467965420715e-08 0.001
123 1.1200763734178408e-06 2.528700273884845e-06 5.168275257778208e-09 0.001
124 2.572941247020193e-06 4.4246951505502067e-07 3.6661116902757131e-08 0.001
125 6.0857807439528525e-07 4.0972546259167089e-07 1.094319353860946e-09 0.001
126 2.2681486429928031e-06 1.0718212897998929e-06 3.3756298241029059e-09 0.001
127 2.6058115184501685e-06 2.1500271571103929e-06 4.3495120621674298e-08 0.001
128 1.4266294696228694e-06 2.3623307361526234e-06 1.0136903624635507e-08 0.001
129 2.009672703668831e-06 1.7854441079636839e-06 5.8923827825564958e-09 0.001
130 1.5328269030242644e-06 2.0794281781765855e-06 6.5754040489046796e-09 0.001
131 1.1110208968692979e-06 1.1491833106377429e-06 4.9109987566589046e-09 0.001
132 1.3141747935662928e-06 1.3892581894142544e-06 2.9489489062415443e-08 0.001
133 1.9983057897168255e-06 9.4666857887445005e-07 7.5569400353684565e-09 0.001
134 8.3908010296375236e-07 5.4345088757321832e-07 4.6867917437504882e-08 0.001
135 5.6828542631260216e-07 1.8021166032326383e-06 1.9626345396721636e-08 0.001
136 8.8056111933333041e-07 2.2028115066486594e-06 5.2074219920736853e-09 0.001
137 2.0403570765456469e-06 2.5222885740048821e-06 1.8219136049628486e-07 0.001
138 4.0519518618230606e-07 6.6148938153397111e-07 2.9383658102307978e-08 0.001
139 6.4965331362717776e-07 7.7615293719852201e-07 9.5532852171657144e-09 0.001
140 1.5372983416106787e-06 5.4294159732553619e-07 8.394760189623368e-09 0.001
141 2.0923838263006764e-06 1.0322934951647404e-06 5.1007210546581502e-08 0.001
142 4.6433017397456617e-07 1.7109723465862157e-06 2.3637359549809548e-09 0.001
143 2.0267615514416792e-06 1.325854521348028e-06 3.7129128977317999e-09 0.001
144 1.3983020106270677e-06 1.0957343826916934e-06 7.709748559905102e-08 0.001
145 1.7501451523098284e-06 1.3220976016077107e-06 7.6641261593817482e-09 0.001
146 6.730724740090019e-07 2.5061972811293017e-06 2.8074517686436311e-08 0.001
147 2.0399569663558613e-06 1.8474305179098956e-06 1.8078544720358653e-07 0.001
148 1.8068651103334837e-06 1.1837129996953429e-06 3.6670398716572214e-09 0.001
149 9.1114745718028116e-07 1.6222700045583001e-06 6.2720281825507083e-08 0.001
150 2.249749834336433e-06 1.823651219295642e-06 1.0671983260519347e-08 0.001
151 9.821325044368772e-07 1.6940841060018446e-06 1.5953345422074074e-07 0.001
152 1.5913828468141348e-06 2.1094648723801136e-06 9.3947129480568502e-08 0.001
153 5.9627107181156016e-07 8.1998920458836666e-07 2.5210705626723458e-08 0.001
154 2.2531361702667021e-06 1.1683210023917964e-06 2.2386157748010719e-07 0.001
155 2.1674600573637302e-06 9.0298269269226179e-07 2.0609627633332588e-07 0.001
156 2.0897763902699248e-06 6.1444611733455906e-07 1.4109993199716388e-08 0.001
157 1.5345863402703789e-06 9.4450324086374218e-07 2.1765167159304597e-08 0.001
158 1.189556069545619e-06 5.2384905678556433e-07 9.2124100050493371e-09 0.001
159 8.5088820680715715e-07 8.4666310587859612e-07 6.6451836977200056e-09 0.001
160 1.8624745937770318e-06 5.6603116995376212e-07 1.994005235673861e-07 0.001
161 1.3724430433571364e-06 9.0961035313923391e-07 1.7059878523215176e-08 0.001
162 5.9038913902388822e-07 8.115818610668175e-07 1.4873486839623913e-09 0.001
163 1.3954796283109308e-06 1.9908304588159305e-06 7.9624245383902424e-08 0.001
164 1.5642804498071685e-06 2.0002924137267264e-06 1.6427107895484761e-07 0.001
165 2.4348399504964895e-06 6.4397309653767197e-07 2.0584572989965179e-08 0.001
166 2.3994758419376947e-06 2.3329597280657407e-06 4.1931465814983132e-08 0.001
167 1.2644743303226003e-06 6.0946191889306641e-07 5.7853409752821512e-08 0.001
168 1.0323709687203344e-06 2.5342368176070925e-06 1.392250266425608e-07 0.001
169 1.8881844926937795e-06 1.2776736991975176e-06 1.2895500305531275e-08 0.001
170 9.5659878396894027e-07 1.580800309237718e-06 4.8410030913945682e-08 0.001
171 5.7034111587720482e-07 8.4002345802992173e-07 2.0128435846982357e-08 0.001
172 7.1618650844855879e-07 2.5649769618296634e-06 7.6823621949158348e-08 0.001
173 1.7530551175802372e-06 4.4158863016361477e-07 2.3722016423422496e-09 0.001
174 9.5296842809567465e-07 2.306363520147783e-06 3.4647178620271338e-08 0.001
175 1.3055061415336576e-06 1.9630580755976736e-06 1.5924890941645813e-08 0.001
176 2.0851963125730857e-06 2.2873776932848061e-06 2.7476558618469029e-07 0.001
177 2.1217123128378877e-06 3.9635852387904134e-07 1.4248958199150092e-07 0.001
178 1.1583034030050481e-06 1.756941809007489e-06 5.5101089781922746e-08 0.001
179 5.052839463566419e-07 9.8647872140151542e-07 2.0376140376904914e-08 0.001
180 6.8686197864580066e-07 2.530510538069087e-06 1.6422811837911346e-07 0.001
181 6.3044324752733656e-07 1.8743690923074966e-06 1.7346118719919185e-07 0.001
182 9.7712725725978333e-07 2.3832054883029014e-06 1.7494481828299721e-07 0.001
183 1.1008135965921572e-06 1.7216416646261798e-06 2.5178544498451871e-08 0.001
184 5.6579258412203875e-07 1.5697944391803048e-06 1.5897047362619296e-08 0.001
185 1.9944455655637723e-06 2.0358129627272001e-06 2.6015613386862326e-07 0.001
186 9.0659803175215486e-07 2.0217934569333598e-06 2.2668614222983391e-08 0.001
187 1.6230389457218551e-06 2.0526448175041387e-06 3.7372488416563017e-09 0.001
188 1.8235392055558696e-06 4.2080338371022278e-07 3.7053469105962226e-09 0.001
189 1.7459197344638004e-06 4.8859625867955309e-07 4.7771311478003835e-08 0.001
190 1.4053751652994189e-06 7.9537000500949564e-07 1.4174885763236956e-07 0.001
191 2.3629973585103518e-06 2.4705950325123256e-06 2.5356444568333989e-07 0.001
192 2.5127508576814412e-06 4.4297622429022364e-07 6.6988449893496058e-08 0.001
193 1.138267067825004e-06 1.1798543407371453e-06 5.2777227611210069e-09 0.001
194 1.6726911644331557e-06 2.5064489859829872e-06 2.3116571980115382e-08 0.001
195 2.4850290186133517e-06 1.3621322196338074e-06 5.4886627905586172e-09 0.001
196 2.0294283839641706e-06 2.5594942526281517e-06 1.432783983619505e-07 0.001
197 9.6223613121808617e-07 1.6331888546843669e-06 2.5050267642072522e-08 0.001
198 9.2431223777846797e-07 1.8647378229156004e-06 1.484010406617088e-08 0.001
199 2.2062430260194336e-06 2.1202313056242396e-06 1.0375945129071769e-08 0.001
200 1.3386165407276338e-06 2.2073051646607019e-06 3.6351477134713214e-08 0.001
201 1.7497357241140478e-06 8.6788632542117404e-07 1.0544545582414122e-07 0.001
202 2.0534800332971991e-06 1.5593380121900402e-06 5.7024155867383266e-09 0.001
203 6.5795965102102564e-07 1.2693422702306442e-06 1.3964983388360202e-07 0.001
204 2.0819926412933872e-06 2.317302038603061e-06 1.3832675997237087e-07 0.001
205 2.1243472065903621e-06 1.4983554361883414e-06 2.9006856626549176e-08 0.001
206 7.1170849113905686e-07 1.3762266055354715e-06 9.1295691662826128e-08 0.001
207 7.9448984609876911e-07 2.1474372538519766e-06 1.6716701595842088e-08 0.001
208 2.050424207014066e-06 1.4321664024392092e-06 7.8696287095736373e-09 0.001
209 1.299253707704135e-06 1.6703609553905375e-06 8.6743973310347641e-09 0.001
210 2.389410543442037e-06 1.5512231330425291e-06 3.1172650340161574e-08 0.001
211 2.3646876352744401e-06 4.2916318896781014e-07 1.4763738009258969e-07 0.001
212 2.2207444257600853e-06 1.9181013840451641e-06 1.2080586103333968e-08 0.001
213 7.0406430150691614e-07 6.1502322140486078e-07 1.739825680619329e-08 0.001
214 2.2830870127386213e-06 8.5790851842724782e-07 3.045297411532929e-07 0.001
215 6.193296501489045e-07 1.6795309081296526e-06 8.0932194000248553e-08 0.001
216 2.3543162225231668e-06 9.6496854021284656e-07 1.5095258119914415e-08 0.001
217 9.6411930568200557e-07 2.2886561811978042e-06 2.1945096856369388e-07 0.001
218 1.0795595832537946e-06 1.0008725720255237e-06 1.5246092377774139e-08 0.001
219 2.4833523422577936e-06 1.4298512752249309e-06 1.1705044836691347e-08 0.001
220 2.2422393174537247e-06 8.8589867273658971e-07 1.514047442428655e-08 0.001
221 1.0679684391037367e-06 1.0340760571433572e-06 1.3923286260248402e-08 0.001
222 1.2252621148171093e-06 1.3319006027443941e-06 7.9893411817191892e-08 0.001
223 2.4325328707166585e-06 7.6104095397580409e-07 5.3477699084124206e-08 0.001
224 1.820211818854096e-06 1.596171367461513e-06 3.6590792483009912e-09 0.001
225 2.1815368702573404e-06 1.9191897027775723e-06 3.7467919160331822e-08 0.001
226 7.1707572585412009e-07 1.7566959689995569e-06 4.4485269714577681e-08 0.001
227 1.5901652017899181e-06 1.2043288723569422e-06 7.1501116800491395e-08 0.001
228 2.3219066541697559e-06 1.1651884974008484e-06 1.6745400496816978e-07 0.001
229 1.3843361541141643e-06 1.0440149857248901e-06 5.1085811506108004e-08 0.001
230 1.9655073963061323e-06 5.9609670502031006e-07 2.3438634488892691e-08 0.001
231 8.8191646690025498e-07 2.4417571744109109e-06 1.3240483832998106e-08 0.001
232 1.2946856133657474e-06 8.1898683994406398e-07 2.2490802907354547e-08 0.001
233 6.5134624490204398e-07 7.3240276126308264e-07 5.4079974253493684e-08 0.001
234 1.0126091721679078e-06 2.1742399034357509e-06 1.6156074484912845e-07 0.001
235 2.4865788837064092e-06 4.4046139754912336e-07 1.0965841017728012e-08 0.001
236 1.9908545385315808e-06 1.1647747001694769e-06 5.4691358931079181e-08 0.001
237 3.9201131486374165e-07 1.1320645524884588e-06 4.7842083100375809e-08 0.001
238 1.7312602268912171e-06 2.3412107543693627e-06 5.6672033101273226e-09 0.001
239 2.3692684276947926e-06 1.8150626301819337e-06 2.2388636832193263e-08 0.001
240 1.4597986329663262e-06 6.0955619948818531e-07 6.175612143299721e-08 0.001
241 1.2846176411184884e-06 1.9365989772449469e-06 1.0270256453504337e-07 0.001
242 1.4302895561059442e-06 9.8273214370814681e-07 1.0146522274115461e-07 0.001
243 2.6070681173207132e-06 1.1385181174926059e-06 2.892747132675395e-08 0.001
244 5.4062058411343326e-07 1.9031816061987002e-06 1.2288947827281684e-08 0.001
245 2.4439827255177579e-06 2.4451690293928743e-06 3.5403000262451084e-07 0.001
246 1.2598234228601315e-06 2.2128501372810882e-06 8.1545953406171458e-08 0.001
247 1.6860386781570255e-06 6.9402483066859997e-07 7.5115878653664034e-09 0.001
248 7.9747605589314272e-07 1.6625122465475451e-06 8.2660330042134826e-09 0.001
249 1.0440532415148279e-06 1.0110550981600167e-06 4.0080217633199399e-08 0.001
250 1.0350720883199697e-06 1.791871427117808e-06 1.9043054157756715e-07 0.001
251 2.4702433525101351e-06 8.841038484702383e-07 1.2703086989299022e-08 0.001
252 2.5864223237400189e-06 1.8357227012966351e-06 1.0712471043271199e-07 0.001
253 9.7691010860617865e-07 9.2901453711785968e-07 9.3331749486950071e-09 0.001
254 1.1444385929905017e-06 1.349500770040157e-06 5.0413148145760305e-09 0.001
255 7.5042206353900935e-07 9.0813865560554943e-07 1.2718741083756737e-08 0.001
256 1.8539535616672485e-06 9.8662140763354787e-07 4.4425148606969751e-08 0.001
257 9.5894754331819981e-07 1.6689130157385718e-06 3.0877981760594966e-09 0.001
258 1.2042458830135823e-06 9.324386051133955e-07 6.2437448159254121e-08 0.001
259 1.4103680907873186e-06 1.8546562484936583e-06 7.7522383203298648e-09 0.001
260 2.4238922433545186e-06 2.5767041617796968e-06 5.3322320577365287e-08 0.001
261 1.3823947779966248e-06 1.0138950724714014e-06 6.9249976729627835e-08 0.001
262 5.4152162247672698e-07 7.810180806567406e-07 3.990691072929092e-08 0.001
263 8.3409061100567101e-07 2.2840732164891422e-06 1.2766756749524846e-08 0.001
264 2.1762231050616495e-06 1.2060144878240575e-06 2.4374517238679818e-07 0.001
265 1.7472051342683288e-06 1.3947324740539141e-06 3.5851538352949762e-08 0.001
266 2.5232750329660353e-06 8.3069780080684039e-07 2.1624691131732042e-07 0.001
267 1.6526922888067807e-06 2.0239211268083655e-06 8.7768286665731746e-09 0.001
268 2.0501070781504971e-06 1.2537434953658601e-06 2.9141558256992063e-07 0.001
269 1.7195979539671597e-06 1.2023877285851542e-06 1.0313059387291588e-08 0.001
270 1.9476841446924931e-06 1.8104362066986263e-06 2.0090010300147027e-07 0.001
271 2.4652616488769566e-06 2.0178520628885864e-06 2.3467108667147395e-07 0.001
272 1.5566231694146833e-06 7.9637596736222175e-07 2.1820861150352944e-07 0.001
273 2.1088200477576587e-06 1.9888664138213362e-06 8.6629261807060478e-08 0.001
274 1.8242788867124353e-06 2.5858981657301594e-06 1.745067121953475e-08 0.001
275 1.8440270922427637e-06 7.2406355761818182e-07 4.8307520124498316e-09 0.001
276 7.8769957714737785e-07 2.0850559756531757e-06 6.4456029113476477e-09 0.001
277 2.1263433541502617e-06 1.2587185478451243e-06 4.0387687878812234e-08 0.001
278 6.6604697213777519e-07 1.0822744220313008e-06 1.1838078425470043e-08 0.001
279 1.7337939284317867e-06 1.4625703865337192e-06 4.0393826455588509e-09 0.001
280 2.0896964051135558e-06 2.387813091777021e-06 1.3740606563563841e-07 0.001
281 2.5709870315149279e-06 6.7363252894241885e-07 4.5983643465002364e-09 0.001
282 1.4621156158661045e-06 2.5941175832415689e-06 6.0066160002862455e-09 0.001
283 6.8493547844016633e-07 2.5176042897469476e-06 3.7069811166772692e-09 0.001
284 4.1026196541192287e-07 5.5891739758351376e-07 7.1538263994272515e-08 0.001
285 1.2460763236888351e-06 1.2388435990764428e-06 5.8469560894689017e-09 0.001
286 1.6130219368477767e-06 1.9875285920519007e-06 1.1334096048191872e-07 0.001
287 1.6775265841880059e-06 2.1708431135177773e-06 2.5635269314337633e-07 0.001
288 4.6864477781091235e-07 7.6292930594740067e-07 1.1525017396501103e-08 0.001
289 1.3684573527290334e-06 4.358758651569562e-07 7.5827796535219589e-09 0.001
290 6.0962335428234061e-07 1.4779875609351975e-06 3.7656060353262114e-08 0.001
291 1.0696984657161491e-06 2.1210018861282535e-06 3.5450239284669615e-09 0.001
292 1.5877423033588547e-06 1.2448325745330655e-06 3.393349511951306e-09 0.001
293 1.5797309760626269e-06 1.135261628895939e-06 1.2797394272182272e-08 0.001
294 2.2923703124075407e-06 6.2458448994991069e-07 3.1422799491424834e-08 0.001
295 1.0886197861072962e-06 1.1622474570318372e-06 5.1061932296166813e-08 0.001
296 7.1751634051343568e-07 9.967423591034305e-07 7.7308406410296129e-09 0.001
297 1.4218894529535517e-06 1.1453593503856336e-06 1.0231852293012696e-08 0.001
298 1.1828131554755191e-06 1.2556420293033794e-06 3.3660881207370707e-09 0.001
299 1.1939941289698114e-06 7.0258943672534413e-07 4.4413222257945852e-08 0.001
300 2.3222782967162831e-06 6.2162950758917759e-07 1.9205948508650803e-07 0.001
301 8.3210616162791108e-07 8.6348957366737223e-07 1.649824314196399e-08 0.001
302 1.7640719912890931e-06 4.5014183064569295e-07 9.9223692237878298e-09 0.001
303 2.2076833070301397e-06 2.4074222036474578e-06 1.4095001030662758e-08 0.001
304 1.4500095414037453e-06 5.6874542973662358e-07 2.9440218908509218e-09 0.001
305 2.0560527729681992e-06 1.8659932475774793e-06 2.1975934660925406e-08 0.001
306 2.1329807104709193e-06 1.4039029010590253e-06 4.0869970618418819e-08 0.001
307 1.8048153299659651e-06 1.6091367844321471e-06 1.3207408097893752e-07 0.001
308 9.1833625311747105e-07 1.8580433650181942e-06 2.1875361373559044e-08 0.001
309 1.0963633848939886e-06 1.8068699410475511e-06 4.0353831604973355e-09 0.001
310 2.5929933278096928e-06 7.7077807054616871e-07 3.0963793422238356e-08 0.001
311 6.9590716157149399e-07 4.6831783820962863e-07 3.8978314254098523e-09 0.001
312 2.3292923190396569e-06 1.6976868094647043e-06 4.4900289989390255e-08 0.001
313 1.8976234201850745e-06 1.9963895813306688e-06 6.642537487098819e-09 0.001
314 2.3214277051343982e-06 2.1186725229769066e-06 3.5882500773533758e-08 0.001
315 2.2991699780980264e-06 9.9962939438545953e-07 8.0898095150541913e-09 0.001
316 1.1685703053406155e-06 1.3100948712546061e-06 9.7900438138286768e-08 0.001
317 1.7052361993792805e-06 1.5278437937213294e-06 2.5355621452581857e-08 0.001
318 2.3159286687343856e-06 1.2919652950786835e-06 1.1025907193608801e-08 0.001
319 2.5079375902686199e-06 1.9830893662438132e-06 8.8457128972391504e-09 0.001
320 2.1728289680108791e-06 9.0183083217444021e-07 6.8263048331381174e-09 0.001
321 2.482130098288297e-06 5.4754321157983629e-07 2.6860653006776082e-08 0.001
322 1.4930675700180143e-06 1.2257005659746552e-06 5.6242987796886077e-08 0.001
323 1.8093828223610844e-06 6.3926635489965634e-07 1.1104798013141083e-07 0.001
324 8.2766479171503684e-07 1.3498269074726548e-06 1.3377560878618925e-07 0.001
325 1.0470501291557913e-06 1.5676701468194904e-06 1.2354072553358022e-07 0.001
326 1.7964457712421555e-06 1.8964204283342567e-06 2.5433549051429078e-08 0.001
327 1.9246175030423117e-06 6.9330615291393349e-07 7.1415245763418397e-09 0.001
328 1.7629266646551951e-06 1.3249240119073366e-06 8.5635880353970769e-08 0.001
329 2.0535393417110162e-06 2.3095227648045615e-06 7.5528885832974987e-08 0.001
330 4.5718043526418001e-07 2.3712147047514345e-06 3.3760628576557701e-09 0.001
331 2.5136347508146941e-06 6.0233225600744208e-07 5.0110495689992475e-08 0.001
332 7.3820474931824251e-07 4.1756008854072078e-07 1.1013683575659023e-08 0.001
333 2.3400169784344271e-06 1.4178086901188419e-06 4.3115587806521139e-09 0.001
334 8.8790519917250897e-07 2.3524402371668789e-06 5.9148594513557956e-09 0.001
335 2.0156494283294217e-06 2.3804047282927722e-06 9.5674294639229578e-09 0.001
336 2.3415749768997883e-06 1.0257925397973809e-06 2.7214149525320046e-07 0.001
337 2.2259831618657818e-06 2.4635400651206719e-06 2.8223653374229152e-08 0.001
338 1.0125164997111518e-06 1.5355291758254751e-06 8.741111829833745e-08 0.001
339 2.1313850671506412e-06 2.6230593748236173e-06 5.6423781078145315e-09 0.001
340 1.0160284842333284e-06 6.4301496448226392e-07 1.4209689223101672e-08 0.001
341 2.6163251445028203e-06 1.2879652970733048e-06 1.0107148090220586e-08 0.001
342 1.8042945025051961e-06 1.9436737881538897e-06 7.901796539062521e-08 0.001
343 2.5998693601388686e-06 1.5237668650215308e-06 2.3236521321178262e-08 0.001
344 2.4498761919534734e-06 5.1495338439583039e-07 9.0427752228932592e-08 0.001
345 2.342769199100938e-06 1.7561120662538261e-06 1.0664812703178332e-08 0.001
346 5.2127547422806887e-07 1.9464789135665358e-06 6.691047260506532e-08 0.001
347 8.1235197312945999e-07 2.2557563757606812e-06 2.7891010724248776e-07 0.001
348 1.469867798474987e-06 2.0823634778625575e-06 1.4804603560074808e-08 0.001
349 2.6032832983887808e-06 1.8472821262223913e-06 8.092067764647112e-09 0.001
350 2.366613280443854e-06 1.4844319845615635e-06 1.9482191076745027e-07 0.001
351 6.3843909841760445e-07 9.6732623269422176e-07 4.6836167656146297e-08 0.001
352 2.4423971757899354e-06 1.522455054123233e-06 5.4168357690216307e-09 0.001
353 2.3315977858403818e-06 2.3462875426962914e-06 7.547376039260588e-09 0.001
354 1.1644291595306545e-06 2.2827261896020102e-06 3.7311739056011804e-09 0.001
355 2.2436402703657266e-06 9.425243415230389e-07 5.4736278547944221e-08 0.001
356 6.4407472766253987e-07 8.1464430405735174e-07 1.7849567720729173e-08 0.001
357 1.5889188025196572e-06 9.9573223481920144e-07 3.1512913529526235e-09 0.001
358 2.1142776035839763e-06 1.7838817384509529e-06 1.28076543917514e-08 0.001
359 2.1470569301154328e-06 1.6914032336983111e-06 1.6110354256234872e-08 0.001
360 2.4280700911930876e-06 1.5148195465519879e-06 9.7251819095633241e-09 0.001
361 1.2125661376214439e-06 1.8690488691075869e-06 6.0139204193357757e-09 0.001
362 5.8484771689202689e-07 8.52082071398368e-07 2.0675119725824279e-08 0.001
363 2.5535646162667849e-06 1.5980095152803964e-06 1.0220560188638098e-08 0.001
364 1.2394064687002986e-06 1.5297667461849448e-06 1.4225310044114092e-07 0.001
365 1.5631485481312899e-06 2.5341829987221326e-06 2.5940569792771132e-08 0.001
366 8.5903661154889036e-07 5.6160526327892412e-07 1.2419189044952071e-08 0.001
367 1.2853149469768598e-06 2.2067690223606847e-06 3.4157054622812114e-07 0.001
368 2.2073701582178694e-06 2.2699339371712877e-06 1.2370937512663624e-07 0.001
369 1.904101276288414e-06 1.3675540836716349e-06 2.3708898317455706e-07 0.001
370 2.340122005302749e-06 1.969566669487768e-06 6.6325275183188727e-08 0.001
371 1.514852655125025e-06 1.8115355052364203e-06 6.7268448610622744e-08 0.001
372 1.4182413053650101e-06 1.207838964493993e-06 2.6415818628222104e-08 0.001
373 1.790407524027809e-06 1.2259016100579986e-06 3.4438311193967017e-09 0.001
374 1.9503926300610242e-06 1.6399710971340352e-06 8.8390937037764839e-09 0.001
375 2.440214162829542e-06 3.8511546559408785e-07 2.141312533808861e-08 0.001
376 1.6734297802998816e-06 4.5424385412709774e-07 1.4543444485484725e-08 0.001
377 4.6557270919084572e-07 3.8286744486680183e-07 1.1834612703290564e-09 0.001
378 6.9078387599427445e-07 2.612013116987163e-06 1.5626277496189686e-07 0.001
379 1.0079090811059546e-06 9.6923132614437772e-07 5.6897213493746472e-08 0.001
380 9.7839142273974546e-07 8.6540254524250418e-07 1.1955848637134473e-08 0.001
381 1.8576976721010348e-06 1.9385050413710141e-06 1.1941833926767369e-07 0.001
382 1.2204421091644285e-06 2.6025137188360419e-06 9.2580367464851063e-09 0.001
383 1.2805591474096469e-06 1.5875009588980943e-06 1.5535821850389077e-08 0.001
384 1.5132899941500198e-06 3.9564034853402199e-07 1.8673588272764226e-08 0.001
385 1.0028317165014861e-06 1.5691997171254147e-06 1.6605774442609983e-07 0.001
386 7.3202024466293012e-07 1.0274833670688661e-06 1.2214259555539511e-07 0.001
387 1.1657287313122319e-06 1.6599440566421407e-06 3.9899835075914061e-08 0.001
388 1.3869649957780953e-06 2.5042778603002474e-06 3.4168302598985062e-08 0.001
389 1.2246964475455593e-06 1.8136263838205701e-06 1.0165029298430511e-07 0.001
390 2.411955894347255e-06 6.3946734519167053e-07 4.6125396979686074e-08 0.001
391 1.3150682173197009e-06 1.0769239370052585e-06 2.0494492125617176e-08 0.001
392 7.3354006171576613e-07 7.99421183884895e-07 9.3244669497243623e-09 0.001
393 2.2336128246034814e-06 1.0667823522344736e-06 5.9555641102159501e-08 0.001
394 2.1938884489430635e-06 7.8376473108869354e-07 1.9593608532839662e-08 0.001
395 1.0669942329651743e-06 1.6023137560504703e-06 5.9641554289718674e-09 0.001
396 1.7039698845075423e-06 2.5531572101643828e-06 2.3756472510905089e-07 0.001
397 6.3288915677168689e-07 2.0406290028293282e-06 1.3375503519804298e-08 0.001
398 1.258543663336739e-06 5.439099230068311e-07 6.9398462408731625e-08 0.001
399 1.7257963425690491e-06 1.74046911880431e-06 4.0699046193166857e-08 0.001
400 1.4217446258990296e-06 1.0552120025899023e-06 7.5459567753558705e-09 0.001
401 2.5098726041830934e-06 2.2745992137486117e-06 4.3542972870633055e-07 0.001
402 2.3047793528466611e-06 1.4114405037047683e-06 1.0637342297244736e-07 0.001
403 1.2788115658677254e-06 2.3029272388253086e-06 4.1817309696466534e-08 0.001
404 1.5151958171021664e-06 1.0938966017740476e-06 4.0351531275403805e-08 0.001
405 2.6093836013011161e-06 9.3659205758319356e-07 8.0683965142421802e-08 0.001
406 4.7605862707268023e-07 5.9832751265614784e-07 8.4374009836404713e-08 0.001
407 1.5190895776601127e-06 1.3068523303311537e-06 1.4634427330048166e-08 0.001
408 1.6890263244777874e-06 5.5180499850893665e-07 3.052749312455746e-08 0.001
409 2.3650777210278144e-06 1.7492059945442662e-06 2.6246234063142068e-08 0.001
410 1.485028658250256e-06 1.0273576676949541e-06 2.8903169837009775e-09 0.001
411 1.2973321230766667e-06 1.4503690453869746e-06 2.4471277405522182e-08 0.001
412 9.5055131853488147e-07 1.2877657075952615e-06 1.3451767406154214e-08 0.001
413 6.1132163468245529e-07 8.9605766972604038e-07 5.2112189105947524e-08 0.001
414 1.362293894369779e-06 2.2523234366812986e-06 2.3991643393172256e-08 0.001
415 5.8076330351822078e-07 1.5766628148426066e-06 1.3071139339882116e-07 0.001
416 2.310938717804649e-06 2.0245660966180866e-06 2.7197836147264292e-07 0.001
417 1.2402369199202433e-06 1.9921562884144689e-06 4.1553489129021642e-08 0.001
418 1.449528087087292e-06 2.5434233452958681e-06 9.2676834295040273e-08 0.001
419 1.8980714101949763e-06 8.1462773289393349e-07 3.3038798386957431e-08 0.001
420 2.2937231825301988e-06 2.1833889237053818e-06 1.6151914592316214e-08 0.001
421 6.3766046163029552e-07 4.2623719017606242e-07 8.2594785036256207e-08 0.001
422 2.0862676947749282e-06 7.1845803151292852e-07 3.5639667308749124e-09 0.001
423 1.5972807130279938e-06 2.4366116352123127e-06 3.4186387510821609e-08 0.001
424 9.6576142077407541e-07 1.5986883453520316e-06 2.2156250384809745e-08 0.001
425 9.3587910844678302e-07 2.3637830433350411e-06 6.6858757291097585e-08 0.001
426 1.292681566810288e-06 4.2371916154618104e-07 6.4628634758494636e-09 0.001
427 2.337327539576769e-06 2.4641602035200543e-06 1.3953519679564737e-08 0.001
428 1.5974119911791074e-06 2.48103235036199e-06 1.2497476103175513e-07 0.001
429 1.862655403560735e-06 9.6558152791152744e-07 1.4261701920217985e-08 0.001
430 1.0894007479161516e-06 9.5427529490394707e-07 8.8722139084114574e-08 0.001
431 2.0091408051263003e-06 1.9475911279065691e-06 9.5669190683988934e-08 0.001
432 1.2662978297877598e-06 2.1352854111780737e-06 1.5350329208899902e-07 0.001
433 1.2650006217782164e-06 5.2584273988531284e-07 1.6996988590244046e-08 0.001
434 8.2019722529206987e-07 7.9042302732301112e-07 1.1943745695877954e-07 0.001
435 2.202615765552962e-06 8.1416350290818336e-07 1.2996888046253119e-07 0.001
436 1.1136763893394313e-06 2.583563329710279e-06 9.368254413309158e-08 0.001
437 1.6041185994860521e-06 1.6105025284422695e-06 1.5978861083887953e-07 0.001
438 2.1723497401325174e-06 4.7480871729978535e-07 1.9988558041355357e-08 0.001
439 8.1091279369267016e-07 2.0831923519592836e-06 9.0422051512288571e-09 0.001
440 8.0143501776947028e-07 1.4569894343214706e-06 9.4991791383663326e-08 0.001
441 9.590113961854082e-07 2.4880827731859687e-06 2.2430264740942127e-07 0.001
442 2.5322052751420329e-06 2.5326445616750356e-06 1.5141540954279656e-07 0.001
443 1.457957830003753e-06 2.0912489730177018e-06 2.6276741408606313e-08 0.001
444 1.9405380998151652e-06 9.9869785474716704e-07 8.876414928900175e-08 0.001
445 9.3152134722905225e-07 1.3285157591426475e-06 1.2218086517385207e-08 0.001
446 2.1396121863564448e-06 2.0133588941858414e-06 5.4615776049855855e-08 0.001
447 5.0923154394483328e-07 7.239853565642979e-07 1.1259081292775114e-07 0.001
448 1.2932321904852972e-06 1.2570320686311861e-06 2.7010091887839422e-09 0.001
449 1.5195042141517054e-06 1.0907676547460757e-06 1.0743483556099165e-08 0.001
450 9.6674597385965819e-07 2.2228557874126102e-06 1.235723208757644e-07 0.001
451 2.5590578099861932e-06 7.0127840446287552e-07 1.6539692221834957e-08 0.001
452 2.0691915837650174e-06 2.1703529686987921e-06 4.250660527581036e-09 0.001
453 8.698428767344355e-07 2.0846979399145842e-06 8.8064606490529129e-08 0.001
454 1.508074448835039e-06 7.8134595073819712e-07 2.356472738093254e-09 0.001
455 1.2432309589558073e-06 1.0247285776262198e-06 1.4492322044466692e-07 0.001
456 8.2216650353990926e-07 1.7334311389937233e-06 3.3485461343958901e-08 0.001
457 2.2909884763185554e-06 1.8107395982427291e-06 6.117074782414946e-08 0.001
458 2.1195517454924135e-06 1.7682746356493256e-06 1.8469469935691903e-07 0.001
459 2.2977860706178071e-06 6.1377588472493477e-07 4.1126878325352246e-08 0.001
460 1.5842850597602666e-06 2.4133671578349761e-06 3.8277863356361339e-08 0.001
461 1.2042903211423138e-06 2.3953338140007664e-06 6.8540247929662401e-08 0.001
462 2.1680531260235145e-06 2.3470968382376966e-06 9.367719314720637e-08 0.001
463 1.0231701675074774e-06 6.7795240182685083e-07 2.3080363053515751e-09 0.001
464 5.9090106771039434e-07 1.5505869000727618e-06 7.0502475621365294e-09 0.001
465 9.9199092605273108e-07 7.7815775860925597e-07 1.9254042734264015e-08 0.001
466 4.3307272227608131e-07 7.3628707358259885e-07 1.0087074101326235e-08 0.001
467 2.0717805610553082e-06 1.5448212856823626e-06 5.5290862730923123e-09 0.001
468 1.0834275432272997e-06 3.7826645082799164e-07 5.814548711112602e-09 0.001
469 1.482088677332051e-06 9.9523130098059125e-07 1.9860993075063466e-07 0.001
470 4.6046213294166409e-07 1.976012004223588e-06 6.7000118802304151e-08 0.001
471 6.2537662229985843e-07 1.2172060883215581e-06 6.3482422680202093e-09 0.001
472 2.2788200685553119e-06 1.515962140892071e-06 4.7624739009524972e-09 0.001
473 1.9464076942118945e-06 2.428049909042615e-06 1.225230878954873e-08 0.001
474 6.1424462089333977e-07 2.4285176204890308e-06 1.2355348496834124e-08 0.001
475 1.8228646984195807e-06 1.9244256756531317e-06 1.0710573084300504e-08 0.001
476 1.4767998133067975e-06 2.4768535704410415e-06 1.829090208666636e-07 0.001
477 1.2187315711957681e-06 1.2088206473572503e-06 2.7535030719010877e-08 0.001
478 4.8750507376738429e-07 2.5070688032855794e-06 6.5343875719266153e-09 0.001
479 1.6719056873687698e-06 1.7630662545082004e-06 5.9726556465751383e-08 0.001
480 1.9513976858643654e-06 2.3293158085403956e-06 6.4915152643448922e-09 0.001
481 1.0504828222056804e-06 9.2366340122460492e-07 7.5601017053235827e-09 0.001
482 9.6031612231797402e-07 1.8681407989969103e-06 4.0037549763559218e-09 0.001
483 5.9232050305977244e-07 2.1308337559999348e-06 2.2013482446222497e-08 0.001
484 2.4545140547282733e-06 1.3915416383017267e-06 3.1168265314916679e-08 0.001
485 5.4543915565400012e-07 2.6109788496580861e-06 2.9461974738333186e-07 0.001
486 1.7616842803750185e-06 2.0208235037611688e-06 2.559331806628166e-08 0.001
487 2.5877692525669936e-06 1.9475590599343858e-06 7.3249219691686147e-09 0.001
488 1.8862432022724181e-06 1.4446840750946636e-06 5.6542658637168814e-09 0.001
489 4.2206165384830262e-07 2.0775873810069585e-06 5.9859304816833426e-09 0.001
490 1.4687328725449069e-06 2.4464093457200275e-06 2.6090572639513473e-08 0.001
491 4.4743441787979863e-07 3.7727883799625947e-07 1.7368560492706378e-09 0.001
492 8.6589011160851235e-07 9.5238861995050531e-07 8.5235997162410483e-09 0.001
493 2.0562978616665589e-06 2.4063417715347837e-06 8.6374673555998431e-08 0.001
494 1.0342975170247772e-06 1.7875360313668415e-06 7.6209909616527853e-08 0.001
495 2.0660316610709184e-06 1.8832976048520392e-06 1.447481517543081e-07 0.001
496 6.1537856193228312e-07 1.4917561824245089e-06 6.3301690904923583e-09 0.001
497 1.1359418006395793e-06 1.852671337510886e-06 3.9095233997795822e-09 0.001
498 4.2313094826936257e-07 2.0956681760871892e-06 3.1539174466379573e-09 0.001
499 1.1974129004904342e-06 2.1803059477984329e-06 1.6712389231489577e-08 0.001
500 8.2401397737610153e-07 4.4050909989923784e-07 5.8937214569236768e-08 0.001
501 2.0671945655150104e-06 2.1076829801022028e-06 7.8297644318180975e-08 0.001
502 2.5261799446017684e-06 6.4624730069345667e-07 1.2893981034872589e-07 0.001
503 4.3421845760863038e-07 8.0112370048980405e-07 3.8814361679137602e-09 0.001
504 1.7862585707672128e-06 2.0227803219324228e-06 3.3474799987728732e-08 0.001
505 2.4343994111025821e-06 1.1929306399464559e-06 1.5011665256330412e-07 0.001
506 1.3613640149690338e-06 1.7886281498311681e-06 1.2233697025194605e-07 0.001
507 8.0737918339155672e-07 2.3065826414789235e-06 2.0535896863653528e-07 0.001
508 5.31504010963132e-07 6.245709123261951e-07 5.7918755277200401e-08 0.001
509 1.7662820064414019e-06 1.1521126631954514e-06 5.7376259683534932e-08 0.001
510 1.0293529751949934e-06 5.6708433690436117e-07 1.4417820372422818e-07 0.001
511 7.4138895816348708e-07 1.1030728770657866e-06 5.0367489818775879e-08 0.001
512 9.2055411321052222e-07 1.2337918343884978e-06 2.1381305471038445e-07 0.001
513 7.2273636567956158e-07 2.5969984999057455e-06 7.6026974257738409e-08 0.001
514 4.5609080978328183e-07 4.8864500077615571e-07 3.1842527968329745e-09 0.001
515 1.5453203564938854e-06 1.3696640000053912e-06 9.1994796346158568e-08 0.001
516 2.3553990015167507e-06 1.4182218415860601e-06 8.5138373005180487e-09 0.001
517 4.6609272666290371e-07 2.0557246314099078e-06 2.5165141607532051e-07 0.001
518 9.4987619689209526e-07 1.3594603263370898e-06 5.4985297211353869e-09 0.001
519 1.7017062707787395e-06 6.8775645854303454e-07 6.5391585988935971e-09 0.001
520 2.450474922254297e-06 1.057900638883978e-06 2.170716455428752e-07 0.001
521 2.3983876805989793e-06 1.0143600833379332e-06 5.5878777033624315e-08 0.001
522 1.9415708845709536e-06 2.4048684377818896e-06 1.0296726029305874e-08 0.001
523 1.8659601357370744e-06 1.21489114667701e-06 1.2102744721859614e-07 0.001
524 8.7320278352896889e-07 1.7904492866267139e-06 4.3601489444028602e-09 0.001
525 2.3081320739084866e-06 1.0506809454185408e-06 1.5745169475620979e-07 0.001
526 1.4761799784440798e-06 1.2569146067950093e-06 5.0281419210688755e-08 0.001
527 4.7092805388131674e-07 2.5257354834350296e-06 3.9276358276143e-09 0.001
528 1.2443354326158102e-06 1.0437600853791142e-06 6.1419133554112164e-09 0.001
529 8.1414801270574781e-07 1.939099067498339e-06 2.5492087533116703e-08 0.001
530 9.4859384922261099e-07 1.0596126896910891e-06 1.3313364762895318e-08 0.001
531 7.9479989562220111e-07 1.2125236958962785e-06 5.5626161190024686e-09 0.001
532 2.3851746784742481e-06 5.0703557613637576e-07 1.2180445673085521e-07 0.001
533 1.4880625852319256e-06 1.4804554026820689e-06 1.3654359856005565e-07 0.001
534 2.0813459078640796e-06 2.0693451528157987e-06 9.2586151131840557e-08 0.001
535 1.4668915271373076e-06 1.0312245728544451e-06 9.8777113206646573e-09 0.001
536 1.509836222775043e-06 4.6569085147637249e-07 1.5751114468647683e-08 0.001
537 2.4781967306316588e-06 1.9592675498460732e-06 5.7872861551714457e-09 0.001
538 1.0685346354918148e-06 2.0828173999551346e-06 1.7542884365274756e-08 0.001
539 2.0370822975564426e-06 8.2008088119763247e-07 1.3220950624469432e-07 0.001
540 7.2214409863104878e-07 2.2809603531407865e-06 5.3595833318798719e-08 0.001
541 1.9630709673952079e-06 5.1008556875876772e-07 8.1248414254884132e-09 0.001
542 2.3062512389827672e-06 4.7264369479830095e-07 1.6992467955051946e-07 0.001
543 1.9318223855073546e-06 7.7430559160724692e-07 4.8628397590924508e-09 0.001
544 8.7893116683306531e-07 9.0404715037236022e-07 1.4434719629510173e-08 0.001
545 1.1661288262031531e-06 1.0331472542119844e-06 1.021838176299767e-08 0.001
546 1.7592597802567357e-06 1.4232052015779061e-06 5.2474298989737992e-09 0.001
547 9.3432872807684656e-07 5.0231183952695794e-07 6.5423547989369453e-09 0.001
548 1.3175393063835483e-06 6.97426958304386e-07 8.0373167389145493e-09 0.001
549 1.8412291915087381e-06 2.5936588658722385e-06 6.5987114882055176e-08 0.001
550 1.0055793377410266e-06 7.9291586869381086e-07 6.9950326564181891e-08 0.001
551 2.0189100612460531e-06 1.8884820797720878e-06 1.8376776945945488e-07 0.001
552 2.4158360927635823e-06 1.8137345268929614e-06 1.04243183207789e-08 0.001
553 6.1430307413123221e-07 5.21614083937112e-07 1.9332402304058696e-09 0.001
554 9.9422785614670905e-07 8.9017450032114661e-07 3.2864093802666231e-08 0.001
555 6.6288180168941662e-07 1.8124958660083905e-06 6.6044469005683366e-08 0.001
556 2.5367146555612848e-06 2.4713289837585343e-06 2.8939514710646379e-07 0.001
557 9.7167394632861796e-07 4.9302464105279017e-07 1.1959006660423858e-07 0.001
558 9.9897460379105209e-07 1.0196754231085363e-06 1.9634758118154134e-07 0.001
559 1.4274872223217301e-06 2.4413010626434059e-06 2.929859962303781e-07 0.001
560 5.0017611465996028e-07 9.7038787647668613e-07 2.9368812216150138e-08 0.001
561 4.3095575191609602e-07 8.5169235150240714e-07 1.9692777554470488e-08 0.001
562 1.5115447792843383e-06 2.0122381391573228e-06 5.04565623778338e-09 0.001
563 1.3560765321176082e-06 1.8083729272945401e-06 7.0732808554405703e-08 0.001
564 1.0334737253682762e-06 2.1645073579131215e-06 3.4891991647240495e-09 0.001
565 8.4301892900914242e-07 2.1112576311521285e-06 1.1845116920305341e-08 0.001
566 6.734287363211043e-07 1.3155847810637101e-06 7.0912027071542848e-09 0.001
567 1.699828299980658e-06 8.2614538710044034e-07 1.7499567628866296e-07 0.001
568 1.6646277434270637e-06 1.5722881321172098e-06 1.0447770795926297e-07 0.001
569 1.6025527102575667e-06 2.5993558447847112e-06 4.9176322033189265e-08 0.001
570 1.6778666729673805e-06 2.2277650732492516e-06 3.2972196493405607e-08 0.001
571 7.1358559989925115e-07 9.1620962263679935e-07 1.0001404499779437e-08 0.001
572 2.4555957723772746e-06 2.46745387413562e-06 1.6382149421804141e-07 0.001
573 1.6524183769637507e-06 2.1191663980311359e-06 1.1900306340702323e-08 0.001
574 1.4845955427513016e-06 2.0598234654315384e-06 4.5530083634889605e-09 0.001
575 1.1704661961026124e-06 8.3551376009439762e-07 2.3892837451264362e-08 0.001
576 2.3137373789862456e-06 1.5914931184703783e-06 5.9217988841363508e-08 0.001
577 2.1002714452512559e-06 1.5857403857366779e-06 6.4344729178414726e-08 0.001
578 1.6959811688601397e-06 1.1948874271928122e-06 8.5658535916088546e-08 0.001
579 4.9617950054090071e-07 1.3066179137443708e-06 4.1281653548440578e-09 0.001
580 2.1111603703184982e-06 5.8509236582757529e-07 2.2472647765178776e-07 0.001
581 1.6651430554188599e-06 1.4301253136623485e-06 1.5496853779369777e-08 0.001
582 6.5882340508120508e-07 1.3065765051360027e-06 2.1342757769272424e-08 0.001
583 2.5809008501368319e-06 9.9708792855117704e-07 5.2109517944295828e-09 0.001
584 2.5575693861129192e-06 8.2244412820138033e-07 5.4821006359711505e-09 0.001
585 5.2770201404917709e-07 6.2418221122540399e-07 1.028017493106371e-08 0.001
586 1.1275209644036449e-06 9.1180374310286603e-07 5.7650056489477372e-08 0.001
587 2.5178264815223022e-06 9.3631310139215997e-07 2.9636280393403598e-07 0.001
588 1.3408780560227773e-06 9.3682304831224137e-07 1.1513936565206453e-07 0.001
589 1.5327425058096226e-06 8.1662777798453626e-07 2.9774574559380879e-09 0.001
590 9.8475215185294317e-07 7.6253701871117377e-07 7.7261088993573063e-09 0.001
591 2.0326982231840806e-06 2.5458927384329924e-06 3.968291825608673e-07 0.001
592 1.7853937622797857e-06 2.490655953585417e-06 7.2847869619567687e-09 0.001
593 2.4883195339791624e-06 2.0109848894958662e-06 2.8169586280835209e-07 0.001
594 1.0691840142801219e-06 1.6774038526216426e-06 3.3046325797906629e-08 0.001
595 6.7285293438601927e-07 2.2242914002313799e-06 2.3764739157106239e-07 0.001
596 2.504884233740689e-06 1.8502865531358132e-06 1.7942819903249281e-07 0.001
597 1.0189491073006262e-06 1.4301623660485015e-06 1.9635060618323317e-07 0.001
598 7.2421294713680212e-07 9.3506513188572434e-07 8.4657466566565407e-08 0.001
599 2.5222319788157977e-06 4.6688085170231184e-07 3.8791648229905148e-09 0.001
600 1.3064917849311496e-06 1.5191810542492793e-06 7.6246831324385448e-09 0.001
601 1.7287180976131068e-06 1.2076218179558006e-06 4.0976848578306849e-08 0.001
602 3.9132877281352114e-07 9.6531112957742821e-07 1.7362073284949182e-09 0.001
603 1.8091394305579688e-06 2.2430420234246583e-06 1.3208440804106872e-08 0.001
604 2.0471848624816331e-06 1.3254448468498996e-06 2.3049339613802871e-08 0.001
605 9.8727665221276098e-07 2.5217166376927341e-06 2.4205623826795452e-08 0.001
606 8.1166198247165139e-07 1.3159081074740971e-06 2.1710710392544213e-09 0.001
607 7.4052026904378121e-07 2.5734347897909955e-06 2.1501509905110293e-08 0.001
608 1.6311805460865609e-06 6.4721692111419719e-07 5.7015000977252523e-09 0.001
609 2.373563554741032e-06 7.2706802337338487e-07 1.5879068821780415e-08 0.001
610 1.8986873208571771e-06 2.2269594729627075e-06 2.7609648605378262e-07 0.001
611 9.6685552172159279e-07 5.9054745343012924e-07 8.144412510368584e-09 0.001
612 1.2191409986745294e-06 2.2425529951460723e-06 9.9136563652276712e-08 0.001
613 7.3456953661328071e-07 1.9654477332747869e-06 9.0998861227326443e-08 0.001
614 1.2203620562906236e-06 2.3278879525695963e-06 3.6304012413793676e-08 0.001
615 1.1734116541036614e-06 1.7177963639494027e-06 1.8270766955041266e-07 0.001
616 1.8926875536939245e-06 1.3433571776153928e-06 6.4984592757202004e-08 0.001
617 1.2798394169096192e-06 6.3993697999884412e-07 9.0314075574064991e-09 0.001
618 2.4324887473721159e-06 1.7795346813827414e-06 1.4147047121734651e-07 0.001
619 5.9154290158219471e-07 3.9004529981964702e-07 1.1482758716798945e-09 0.001
620 2.1216815335604832e-06 2.0660999403394881e-06 1.7868576540424586e-08 0.001
621 1.6515671397484048e-06 9.3946310487836041e-07 2.8137143253729111e-09 0.001
622 4.6350879826289323e-07 9.3644038496901184e-07 1.1717867083270816e-07 0.001
623 6.1724781504641869e-07 4.8959718843427888e-07 9.8884683959510958e-09 0.001
624 1.1495989194539118e-06 2.4151575836832745e-06 2.5169594121430823e-07 0.001
625 4.9283762144635477e-07 3.8615861919999658e-07 2.9205387156886027e-09 0.001
626 6.3047477583720939e-07 8.9645023195835129e-07 3.7282018723892168e-09 0.001
627 7.7968008131953808e-07 1.5128297355771849e-06 7.0760332290001906e-08 0.001
628 2.5769347678780262e-06 1.1705875688250224e-06 2.9097190954572719e-07 0.001
629 1.5416256049196304e-06 7.086391841403806e-07 1.2956374293830273e-07 0.001
630 9.912954338218551e-07 2.6094410930134583e-06 1.1032448798107163e-08 0.001
631 2.4411615350056255e-06 2.2023493689281719e-06 6.1326204620562861e-08 0.001
632 2.481277978869325e-06 6.8474378108599331e-07 1.1583012166547363e-08 0.001
633 1.3499110243022433e-06 2.210279217976998e-06 2.7384601139553349e-07 0.001
634 1.483558310011922e-06 1.0592426117152544e-06 1.9891848330275694e-08 0.001
635 2.5162597966830849e-06 2.0291129452372281e-06 2.8415179191779911e-07 0.001
636 6.9070235323051109e-07 1.3112155430218418e-06 2.7670445293592802e-08 0.001
637 5.6992694892438438e-07 7.218861604527784e-07 2.5615630462595502e-09 0.001
638 1.5360837807304321e-06 2.1629129725753947e-06 3.7888171168491582e-08 0.001
639 2.1765113473547997e-06 1.601470113190663e-06 9.4877514579554274e-09 0.001
640 1.7937963394448814e-06 1.1569412793379609e-06 3.0688028526970483e-08 0.001
641 1.0742060365107991e-06 8.4714217728962408e-07 4.4323393923221247e-08 0.001
642 7.1340671423965392e-07 1.2817709065274411e-06 8.8634823744996757e-09 0.001
643 1.2135251671953481e-06 2.5849215220084724e-06 1.2619176357802288e-08 0.001
644 1.5220544909111981e-06 1.2992047475918977e-06 7.1166520734758913e-09 0.001
645 1.5176525972636053e-06 1.7625879329369215e-06 1.3973800821342171e-07 0.001
646 2.5060332530523293e-06 1.2746191369730797e-06 4.4767519312232097e-08 0.001
647 6.415313191007908e-07 1.6284642148016853e-06 9.0281443532281015e-08 0.001
648 2.0975558481988024e-06 5.8948376337210316e-07 1.7151123741497157e-08 0.001
649 1.9972591119396843e-06 1.5626848113122908e-06 2.3819547987268355e-07 0.001
650 1.3719675785770512e-06 2.4130239980830029e-06 1.5907895108875703e-07 0.001
651 6.8809969028005362e-07 2.437139852180745e-06 9.2321287469854925e-09 0.001
652 5.4372383563560584e-07 1.1126184955447133e-06 2.403136055924328e-08 0.001
653 1.2741284224566064e-06 1.8036216541089818e-06 6.5066187356474767e-08 0.001
654 1.3787947542482216e-06 2.5134596639834845e-06 1.7467717785194635e-07 0.001
655 9.8021510078128973e-07 6.3217847052277454e-07 3.6557611160951229e-08 0.001
656 1.7681426754085326e-06 1.4378267558415615e-06 2.2369591243037666e-07 0.001
657 2.3215029329822734e-06 1.0696832490454236e-06 9.6654382668803566e-08 0.001
658 8.8713312224991381e-07 1.1345334039542165e-06 1.1697599177640291e-07 0.001
659 1.7158618981205646e-06 4.1576284671261137e-07 1.8534358411969953e-08 0.001
660 1.7671637270401327e-06 1.9791521498598532e-06 1.6925737737070639e-07 0.001
661 1.7910330568070896e-06 6.8032388383761955e-07 6.5661491481601165e-08 0.001
662 6.1672269090302817e-07 2.5648698272424315e-06 1.1087892332507986e-07 0.001
663 1.0905459788137468e-06 6.8047283474153755e-07 1.5894278505889828e-08 0.001
664 9.8171250660457814e-07 7.2965419669257082e-07 1.0240803006198406e-08 0.001
665 2.1907555347160843e-06 2.4193440884870631e-06 6.3371100330903715e-08 0.001
666 2.5244902461676877e-06 1.759388053516699e-06 2.1599118081869452e-07 0.001
667 6.2553219808068931e-07 1.4982031937792673e-06 2.5738516468743547e-08 0.001
668 2.1473709937714387e-06 2.5336451250005183e-06 3.6869044430129854e-08 0.001
669 1.3334533801271626e-06 1.3986785361012538e-06 2.4360532912805117e-08 0.001
670 8.042911793331721e-07 1.2951646081191441e-06 1.1111321128179371e-08 0.001
671 7.7233145086428992e-07 1.4584504460213094e-06 1.4716728990145673e-08 0.001
672 1.7147510352734695e-06 1.3685955232043747e-06 2.0914065440786048e-08 0.001
673 1.9496593145432752e-06 1.4337761871846302e-06 6.7162954735995169e-08 0.001
674 5.4963613780375042e-07 9.8543144593004912e-07 1.6165046286502161e-09 0.001
675 9.3938727561852195e-07 4.6216890447857119e-07 4.0869900341858311e-08 0.001
676 2.4276833858057416e-06 2.2730632665826662e-06 2.4212825803587538e-07 0.001
677 1.7668666411416002e-06 2.6239777818295701e-06 5.1282897622515549e-08 0.001
678 1.7407882459895422e-06 2.2840237941133849e-06 6.8683989996674499e-09 0.001
679 1.5765606552305916e-06 7.2051410069471211e-07 5.7152412498090472e-09 0.001
680 4.8223473220430097e-07 6.2341182519065319e-07 8.4099989719531544e-09 0.001
681 1.2885189002568661e-06 8.4588966192203666e-07 1.6778800485904592e-07 0.001
682 6.5092415121017612e-07 5.8281264162949007e-07 2.112107630451736e-08 0.001
683 9.6551327155405068e-07 1.066503441307017e-06 3.8760188612893764e-09 0.001
684 2.0287646931516533e-06 7.7815506474430041e-07 1.9216884430863053e-07 0.001
685 4.3177588933374113e-07 2.1760532416823912e-06 6.6392829562019653e-09 0.001
686 1.1842686551649979e-06 4.2604111489188095e-07 6.6871934939686166e-08 0.001
687 2.567873769712882e-06 2.4450122579417458e-06 1.0767802303294818e-07 0.001
688 1.4509849663035373e-06 1.5503205149723306e-06 1.5813790491975434e-08 0.001
689 1.6940189899720656e-06 1.2795589157894836e-06 2.8860407066222944e-08 0.001
690 2.0523267616717173e-06 1.5951458585806607e-06 6.1407321513806736e-09 0.001
691 1.7675750139765442e-06 1.5393257022872336e-06 1.4552808277601052e-07 0.001
692 5.670139477473284e-07 2.0566897635553516e-06 1.1958605315930464e-08 0.001
693 1.9885900456151845e-06 2.4750169912013477e-06 5.4371684715145521e-08 0.001
694 2.5292016125876585e-06 2.3921872465178686e-06 1.2832352286134564e-08 0.001
695 1.8195093790055518e-06 1.6330202538708072e-06 9.709444688937034e-09 0.001
696 6.8239494665198615e-07 1.3879251047533262e-06 8.8556429577941585e-09 0.001
697 1.6330207023903115e-06 2.4211116726745241e-06 2.6372676478989925e-08 0.001
698 7.3205268825060831e-07 5.1155320173515098e-07 4.6151164773439112e-09 0.001
699 1.1217724624968382e-06 1.4145784553650342e-06 3.5858477508114219e-08 0.001
700 1.6823787272041383e-06 7.4007649216853105e-07 8.9577434368691268e-08 0.001
701 6.3358534970927867e-07 2.5003652396025348e-06 8.9214615690831709e-09 0.001
702 1.9346990338581364e-06 2.5750592150865101e-06 1.0415672557581353e-07 0.001
703 1.7293750492638342e-06 2.5390597990233886e-06 9.876520913232381e-09 0.001
704 1.5669103323063269e-06 2.4866981343700116e-06 6.4245873339393947e-08 0.001
705 2.5841283189969535e-06 2.3863603348537584e-06 9.9817679286553841e-08 0.001
706 1.7840427365301467e-06 1.5514838460918956e-06 1.5104984127578935e-08 0.001
707 2.1046745472474425e-06 4.1373323108149003e-07 3.2428239769082207e-09 0.001
708 4.4672048259948457e-07 1.7561473494352999e-06 1.8912756538598248e-08 0.001
709 9.2338913411993329e-07 1.0030711484661338e-06 9.5056115876499564e-09 0.001
710 1.2623990352992944e-06 1.9464069950307682e-06 1.9200176876388997e-07 0.001
711 2.4228004542488651e-06 5.0556578203304058e-07 1.0725799846941984e-07 0.001
712 1.8999602276819744e-06 8.5560334552489655e-07 2.6231459085939163e-07 0.001
713 1.4981597646419742e-06 1.2771612149838404e-06 2.7381037534039434e-08 0.001
714 2.5383934831908597e-06 1.5454883921852763e-06 3.1842595084451656e-08 0.001
715 4.6281659518491666e-07 1.3617781110071959e-06 3.802297454671651e-08 0.001
716 1.7022927593421099e-06 1.0326360016131793e-06 1.7812328517543678e-08 0.001
717 1.6312774603752489e-06 1.9382463119831354e-06 4.3418212340237288e-09 0.001
718 2.1655616786773369e-06 6.3637108782064395e-07 3.0851611718332007e-09 0.001
719 1.9624250081366935e-06 1.4748353521207295e-06 1.1862434639872984e-08 0.001
720 4.0311885355895751e-07 9.3939955372774977e-07 6.7760717010490145e-08 0.001
721 2.1680431780912885e-06 2.5903474839520286e-06 2.3780052516781202e-08 0.001
722 1.3329368572138525e-06 2.0994398459635383e-06 5.1114407591836516e-08 0.001
723 1.1556259493157466e-06 1.520020765001521e-06 4.0543185721395413e-08 0.001
724 2.5103839609881308e-06 1.2405710639610467e-06 6.0337363103801756e-08 0.001
725 1.5273514538114349e-06 1.2539762130222234e-06 1.4718871991895491e-08 0.001
726 1.1962036392407745e-06 1.1392164289946063e-06 5.3426286045852343e-09 0.001
727 1.8475000169673787e-06 1.1795384695739127e-06 6.2433117033647631e-08 0.001
728 1.0111100505954915e-06 7.5045492962931513e-07 1.46346972319055e-08 0.001
729 2.074073816638618e-06 1.9065524770365829e-06 5.2737804783432091e-08 0.001
730 1.27431896062463e-06 1.5371171741309292e-06 1.1707305188959518e-07 0.001
731 2.4964408115164413e-06 1.7555379068019806e-06 4.1110805266843685e-07 0.001
732 2.3056256819115149e-06 1.9839496644962947e-06 2.3221477270362692e-07 0.001
733 1.8705510769856297e-06 1.7660254641737262e-06 2.2016009013562579e-07 0.001
734 1.306333581634148e-06 1.1461282262113796e-06 5.8143383640939635e-09 0.001
735 1.0477756370976722e-06 5.3066888036246545e-07 3.97840894087218e-09 0.001
736 1.3697006803377916e-06 9.146149448103778e-07 1.7846599124136201e-08 0.001
737 2.3944113683282507e-06 1.5285701210353981e-06 3.9833283062782351e-08 0.001
738 1.7436921202115369e-06 2.3657306753328243e-06 3.9821538194377692e-08 0.001
739 2.2321929623995709e-06 2.4394426615748588e-06 7.9207146625952255e-08 0.001
740 2.4349234193630744e-06 1.8198274202228883e-06 2.1970032555482458e-07 0.001
741 1.1910052639487314e-06 1.0471808227317374e-06 4.1306245444835169e-09 0.001
742 5.9922576440844393e-07 1.4320223079337665e-06 4.1503774255138625e-08 0.001
743 5.2315727533622448e-07 1.4732173307041892e-06 6.970297884900726e-08 0.001
744 1.6613996583335723e-06 3.9307604019562465e-07 6.0900037381687232e-08 0.001
745 1.012161183906776e-06 1.3857995286592372e-06 3.0237047752303438e-09 0.001
746 1.7277150030571373e-06 1.952676116321223e-06 6.416326009718602e-09 0.001
747 2.5606492351709284e-06 1.6765838200604582e-06 7.6206414615479399e-08 0.001
748 5.7155537796947069e-07 6.3635252196082493e-07 4.3508908990647254e-09 0.001
749 1.8592363668515315e-06 1.5892550888489965e-06 7.9419606868255556e-09 0.001
750 2.0635402749353162e-06 1.4283821415501437e-06 6.9677462905124271e-09 0.001
751 8.1949167906282204e-07 1.3804228172386211e-06 1.0727106607352188e-08 0.001
752 2.5873167219173127e-06 2.0337489981869594e-06 2.2428821918378808e-08 0.001
753 2.2387616128300065e-06 1.1001968821815799e-06 3.3275984135108687e-07 0.001
754 8.3234803744857397e-07 2.2322312258063471e-06 6.9734445493252452e-08 0.001
755 2.1936986599280603e-06 1.525431935380016e-06 4.5710441701172321e-08 0.001
756 1.9158521150895117e-06 2.3728043556785515e-06 1.9408735214758585e-07 0.001
757 3.8096894963911437e-07 1.9161895637884732e-06 5.7647497597968888e-08 0.001
758 4.7974004258950139e-07 1.639396490773089e-06 1.8871199292127679e-08 0.001
759 1.9837176407804191e-06 2.5266939830305421e-06 7.8787278869024032e-08 0.001
760 1.1730427074936149e-06 1.8700842580564352e-06 6.4552855645558995e-09 0.001
761 1.8959291144639118e-06 1.5430525815090096e-06 3.4896616146416952e-08 0.001
762 5.1486239856713907e-07 2.6217787741696534e-06 1.5891898971039519e-07 0.001
763 2.1485371362517847e-06 1.3709009816404706e-06 2.397159961349123e-07 0.001
764 1.4242472353823077e-06 1.5628350561649965e-06 2.1225964511586e-07 0.001
765 1.5513471431184754e-06 1.8694741590846125e-06 1.5222815864426008e-08 0.001
766 2.1998902077824565e-06 1.7566830893755189e-06 5.5883058873920172e-09 0.001
767 2.0304168660846746e-06 1.9807555086416788e-06 1.0899856453608144e-07 0.001
768 1.9303970721762935e-06 1.3066274672551934e-06 2.8624402758378526e-08 0.001
769 7.8245073984791138e-07 1.4974362468385057e-06 1.4897879265383565e-07 0.001
770 9.2538765260552676e-07 2.0434759500343262e-06 5.3657386325794242e-09 0.001
771 2.549347292314668e-06 3.8239396854180565e-07 6.4251944806627114e-08 0.001
772 8.5268194953105616e-07 1.2764762852745943e-06 1.7757108643176916e-07 0.001
773 1.3925988610969575e-06 2.1194039795923756e-06 2.5585821830988797e-07 0.001
774 2.5935640930280361e-06 2.0176283302558523e-06 6.2257467621130266e-08 0.001
775 1.4948118868273657e-06 1.0682610983524719e-06 8.5269706439404893e-08 0.001
776 1.0991642996411442e-06 1.6596638739580585e-06 2.7643359701647033e-09 0.001
777 1.0671778008933971e-06 1.0328082510936103e-06 7.5656708115155228e-09 0.001
778 5.3598995975209202e-07 1.2159949321381631e-06 9.6779283370354228e-08 0.001
779 1.4177041466875102e-06 7.8872305282406326e-07 4.2312356654588962e-09 0.001
780 2.3493437274291412e-06 1.1567676258862377e-06 1.3636334743443039e-08 0.001
781 9.8581269412407131e-07 1.8109554454083223e-06 1.5249355141906606e-07 0.001
782 4.5784068046624749e-07 1.4267143745221084e-06 3.4039686659623048e-08 0.001
783 1.1371526632147307e-06 2.1457229483953542e-06 1.9523296296613849e-07 0.001
784 1.8671061219730411e-06 1.9178389141260724e-06 4.4518402044573647e-09 0.001
785 1.8413567595386211e-06 1.3010502241010815e-06 7.9433471828712751e-09 0.001
786 1.7231215929153799e-06 4.1728647933372901e-07 2.2574159795276265e-08 0.001
787 5.0509404179037928e-07 6.7588525121473495e-07 7.8892309833902916e-08 0.001
788 1.3323268051492382e-06 2.1514493193532095e-06 2.3718777681107124e-08 0.001
789 1.5584727727122079e-06 1.2924377200838683e-06 3.518409895845059e-09 0.001
790 2.078235635749908e-06 1.5694378946867413e-06 2.5756416133220263e-08 0.001
791 4.4194852365946661e-07 8.1997027507922124e-07 1.0266043073212128e-08 0.001
792 6.9901633119726429e-07 2.5294552155977392e-06 3.7699433410199769e-09 0.001
793 2.5328346527005704e-06 1.4900946941923626e-06 8.471364704013928e-08 0.001
794 2.2579886723523486e-06 4.2579174447907345e-07 2.7312506716718354e-09 0.001
795 1.6915504369289315e-06 1.5665262812657107e-06 1.674878362089892e-08 0.001
796 1.968725842964418e-06 1.0309695360299441e-06 9.1982088447785328e-08 0.001
797 1.9981781605636854e-06 5.7101690908419417e-07 4.1706653125429078e-08 0.001
798 1.5582909803556944e-06 1.7581781785302939e-06 2.7813793609423639e-07 0.001
799 7.6922623630963985e-07 1.0903327198173565e-06 2.177280681239956e-09 0.001
800 2.3332220015539998e-06 1.4740948020120583e-06 2.6865965863304093e-07 0.001
801 1.0585096822463632e-06 1.8618525460058004e-06 8.7543227423398532e-08 0.001
802 9.2771621150083138e-07 4.1617802359985448e-07 2.8301621838037916e-08 0.001
803 2.2080140493854367e-06 1.0255956759165685e-06 3.8823290591114975e-08 0.001
804 2.2702209546653663e-06 5.7903804015827638e-07 3.0855279432783842e-08 0.001
805 1.7152986566226877e-06 2.3014765233320373e-06 7.4219274665971011e-08 0.001
806 1.8895499838309567e-06 1.2247803252292836e-06 8.6718338436912943e-09 0.001
807 7.1119505268856347e-07 1.0640553827416856e-06 5.3601714665675837e-09 0.001
808 2.2134641021206392e-06 1.0051729674115223e-06 2.1490110040927038e-08 0.001
809 1.5258953815058101e-06 2.2887126196374668e-06 4.5011015539307385e-09 0.001
810 1.2885577315193141e-06 2.1225280133041842e-06 5.6837874845503572e-08 0.001
811 1.239145983987076e-06 5.9240213397140019e-07 2.1733793535920306e-09 0.001
812 7.8786989784307473e-07 1.3497836250256162e-06 2.7533709904914163e-08 0.001
813 7.4860463193641344e-07 6.3133102037734267e-07 6.7819990248622637e-09 0.001
814 2.3145360478080114e-06 1.3554453934023898e-06 1.0708058319877664e-07 0.001
815 1.5739267612337608e-06 2.4773694915506152e-06 3.3644744490273549e-07 0.001
816 1.5934923957618823e-06 2.4079803983838058e-06 2.6175908356139972e-07 0.001
817 8.1811962459420958e-07 1.2316305520397405e-06 4.9149493258274367e-09 0.001
818 1.4773783527965729e-06 7.1969717065352909e-07 1.1845773219768804e-08 0.001
819 1.9301451599238287e-06 1.0403784071234169e-06 5.9765684250573556e-09 0.001
820 6.4739642646576996e-07 4.7858925404626266e-07 4.890847247231536e-08 0.001
821 2.4130172438651192e-06 1.842208565079821e-06 5.6804760071916015e-09 0.001
822 1.7907426260605469e-06 1.5427847265725597e-06 1.0553099919452446e-08 0.001
823 1.7188322145750294e-06 1.1110316736609983e-06 5.1261207873173451e-08 0.001
824 5.2963640376449498e-07 1.3039305769610795e-06 1.3384191168952031e-08 0.001
825 1.4302621149360247e-06 1.5002383951408881e-06 7.3479564753293267e-08 0.001
826 6.4892806372980601e-07 1.8905188165860973e-06 1.2711937096902566e-07 0.001
827 1.9196301688809104e-06 1.0144106063073105e-06 2.3141367791319252e-07 0.001
828 2.2161394020776486e-06 2.4816246815068299e-06 3.1346604278832786e-08 0.001
829 1.6393692354853342e-06 1.8771277546419687e-06 2.586457493420276e-07 0.001
830 1.5794118803049176e-06 1.7077446474156603e-06 1.0166027033532573e-07 0.001
831 9.7960795481708415e-07 2.0141005142889237e-06 4.4425296230890756e-08 0.001
832 1.4325690667304696e-06 1.7579220148091059e-06 2.1975829402073473e-08 0.001
833 2.1465426193136133e-06 1.7839233659398844e-06 4.1550189330619957e-08 0.001
834 1.9189359118902603e-06 1.660578029889423e-06 9.2695404221626687e-09 0.001
835 1.6631888335367379e-06 1.2646925884365279e-06 2.4911526275534169e-08 0.001
836 7.5660440699590426e-07 1.3774184555730755e-06 5.2983010550649967e-08 0.001
837 2.2099906752451408e-06 2.556685568904758e-06 1.8642422219291259e-08 0.001
838 5.6738384745754689e-07 1.2932139130667527e-06 2.7641234197424512e-09 0.001
839 2.4709505412397245e-06 1.6259020569735113e-06 3.3450190468098729e-08 0.001
840 2.4157497836063751e-06 1.7719326643791318e-06 2.4277370332309844e-08 0.001
841 2.4707367728418126e-06 7.355519752395576e-07 1.2684570062754193e-07 0.001
842 9.1966608128213106e-07 9.2901360943714422e-07 1.8152850069433867e-08 0.001
843 1.4217398710332083e-06 1.2995851268216879e-06 2.2993543603652102e-08 0.001
844 9.067665936233832e-07 1.2465340124496284e-06 4.2744071386160138e-08 0.001
845 2.0708999889558546e-06 2.3195708370371989e-06 2.9209333974638469e-07 0.001
846 3.8528879730795075e-07 1.7928008187893905e-06 1.0007531440119769e-07 0.001
847 1.5434078597958933e-06 9.0912101061760697e-07 3.3242469350369608e-08 0.001
848 2.4106741855566246e-06 1.3743923826810774e-06 1.7286487021108703e-07 0.001
849 2.173099709435004e-06 7.0076253680581714e-07 9.6048103272821044e-08 0.001
850 1.307935719105336e-06 1.5386786031504063e-06 6.0713924600340189e-09 0.001
851 5.0783843814764898e-07 8.6821395525304793e-07 1.947760023573412e-09 0.001
852 2.5545846352161581e-06 1.9734939852192497e-06 1.0451977610392587e-07 0.001
853 7.7738746848651309e-07 8.7811957120379037e-07 1.1084161058943098e-07 0.001
854 1.1176205819125949e-06 1.1244724075767565e-06 4.9298345449629007e-08 0.001
855 2.4254179725371435e-06 2.4176234911568452e-06 1.1240051249177444e-08 0.001
856 1.5771874684490628e-06 6.5482418626352489e-07 1.1894124739913002e-08 0.001
857 1.4913894643648212e-06 2.4278009439122227e-06 1.2774329513986324e-08 0.001
858 7.0379115731246404e-07 2.0493917156422745e-06 1.9718369824532943e-08 0.001
859 2.4552445682799288e-06 2.2497477619330785e-06 9.4371188653087031e-08 0.001
860 6.523447822081573e-07 2.1304774769801635e-06 1.3281798448670107e-07 0.001
861 1.4746882338953935e-06 2.4445562037193308e-06 2.5943404473120336e-07 0.001
862 7.8070011249154347e-07 1.8862927407739518e-06 3.014845042373352e-09 0.001
863 1.4102005251233087e-06 1.625678108889929e-06 6.7640144116383897e-08 0.001
864 1.9207633035977934e-06 2.4877461717178043e-06 2.618155305505725e-08 0.001
865 2.3601397053569244e-06 1.8471909909372805e-06 7.9475320172178384e-08 0.001
866 5.4968335403453689e-07 1.6955136559781771e-06 3.2290512868834964e-08 0.001
867 7.8930364750942383e-07 2.1472747713911063e-06 3.7797634987057659e-08 0.001
868 1.6094682478629984e-06 1.4591451020393981e-06 3.6401026747809355e-08 0.001
869 1.6549957932482212e-06 3.9136961207085204e-07 3.2613150598485362e-09 0.001
870 1.5930707087827996e-06 2.5949761734105929e-06 4.0371469471909851e-07 0.001
871 1.1568321239537649e-06 2.6033710517604429e-06 1.4425833131099333e-08 0.001
872 1.4559345990345318e-06 1.9804026950268245e-06 3.9625146876884399e-08 0.001
873 1.1260921792622861e-06 2.0324980771058843e-06 1.2731208710492808e-08 0.001
874 2.4365064760264771e-06 6.0421940673587698e-07 6.4158522350967928e-08 0.001
875 1.1020390301073709e-06 2.0344839089683956e-06 2.2252890478444398e-07 0.001
876 6.2909684717556392e-07 1.6446677081118605e-06 8.7550624577704105e-08 0.001
877 1.468939617323461e-06 1.4016272988963868e-06 5.8842500094304968e-08 0.001
878 2.3700895116379583e-06 7.3179488851834966e-07 2.1760862953141136e-08 0.001
879 1.7910656914255244e-06 1.9319296044348416e-06 2.1928841973876372e-08 0.001
880 6.8587931209435099e-07 9.1998753584954596e-07 1.3263372015344887e-07 0.001
881 9.8839119402607693e-07 2.0157554131475135e-06 7.4575455765242388e-08 0.001
882 2.1989314884083352e-06 1.4279092680145161e-06 6.5707266511731947e-09 0.001
883 2.2827644116705106e-06 1.4760517011297468e-06 2.6003390295523855e-07 0.001
884 1.0624635938239809e-06 6.7026967392337567e-07 1.2515776043864463e-07 0.001
885 8.1800004697841962e-07 8.6305675963144019e-07 2.5397089960568873e-09 0.001
886 1.4884872400364386e-06 1.3662223884594432e-06 2.1210534899623904e-07 0.001
887 3.9238523369670075e-07 1.0264625226333058e-06 9.1948593299062708e-08 0.001
888 6.9221260452897091e-07 5.4310156771603539e-07 6.5233285107033643e-09 0.001
889 1.9317489844096547e-06 2.1298886367795015e-06 3.0077772465358478e-08 0.001
890 2.0447914523314612e-06 2.3072222816157095e-06 4.2338620903268578e-07 0.001
891 2.0145229573737051e-06 4.9230318337533569e-07 4.3764654567707419e-08 0.001
892 1.1608593412027962e-06 1.8751367998170245e-06 4.3558364264337988e-08 0.001
893 1.8293631584442514e-06 1.8869676332470896e-06 2.4361505090857788e-08 0.001
894 1.5327768940623651e-06 2.4711623898962701e-06 3.0220044713260552e-07 0.001
895 7.0427394281331786e-07 4.3349990208208377e-07 1.8348360806922644e-08 0.001
896 2.4342773747645328e-06 8.2465178235250644e-07 1.1086905986969418e-07 0.001
897 4.2780416796741886e-07 8.5696472914628319e-07 1.8221919781257086e-09 0.001
898 8.9132049130081946e-07 1.5692110968135423e-06 2.2952303382295317e-07 0.001
899 5.215893043044704e-07 5.536273471332733e-07 7.4923425832955652e-08 0.001
900 8.5666319079619919e-07 3.8510183365506977e-07 9.5528455966818361e-09 0.001
901 6.0953614375600261e-07 2.0522402558557748e-06 1.1800439964379079e-07 0.001
902 2.0237591616447526e-06 6.9813313125586837e-07 3.7958163858522146e-08 0.001
903 2.2070465163080646e-06 1.5578055371090396e-06 5.5322729034146202e-09 0.001
904 1.6458653709225666e-06 4.7810314630836531e-07 2.7919776049980502e-08 0.001
905 4.7423964675380858e-07 8.7698297463135083e-07 4.3384498659438721e-08 0.001
906 1.5775506221425814e-06 2.1714042890901276e-06 1.539380986419192e-07 0.001
907 5.2420816396914637e-07 1.0100519347753174e-06 4.1772854947446419e-09 0.001
908 5.6552884073460747e-07 1.2287419848619856e-06 1.1907384675874621e-07 0.001
909 2.3040772998811502e-06 1.698018334913825e-06 4.9095366273023172e-08 0.001
910 1.3561544797878207e-06 2.3175326673113137e-06 1.4208112083427698e-08 0.001
911 2.2872513417621074e-06 2.1022204087779831e-06 1.4564517915118254e-07 0.001
912 1.5725956332308715e-06 1.100233118969531e-06 8.5746274365404316e-09 0.001
913 1.5480310884687808e-06 1.7415242990878262e-06 3.415410380992474e-09 0.001
914 2.3486501618915996e-06 1.1064104373842844e-06 1.8175165073142634e-08 0.001
915 1.4117372712626619e-06 2.2889228006751546e-06 2.8894798973442569e-08 0.001
916 1.3298670347975595e-06 1.2569941237764429e-06 1.4227767055979221e-07 0.001
917 1.0939299333510594e-06 5.4154239544930404e-07 3.5402036905932257e-08 0.001
918 9.6285800290293695e-07 1.1814912890067277e-06 6.3962425804886342e-08 0.001
919 8.3303538139673988e-07 2.1155924826117744e-06 7.1945128728891533e-08 0.001
920 1.2912352816131129e-06 1.857686057003069e-06 4.9063417072655293e-09 0.001
921 4.8394283779746447e-07 1.5507126525447893e-06 7.5027040702180761e-09 0.001
922 3.8585304595929368e-07 5.4513062185308096e-07 5.7269505856200868e-09 0.001
923 4.0450141758185759e-07 1.7346562776507629e-06 4.1688545086750614e-08 0.001
924 4.2446260455346917e-07 2.5834100430956773e-06 3.5258067980850368e-09 0.001
925 4.1715053389379878e-07 2.3133747960176498e-06 1.7720191502035667e-08 0.001
926 7.9119332056187989e-07 8.9449536395164849e-07 8.904235479096665e-09 0.001
927 5.4139396101372546e-07 2.070640191168479e-06 1.1528207011849675e-08 0.001
928 1.6408073039539395e-06 2.097969916578954e-06 1.8550414451659789e-08 0.001
929 1.6879800722609481e-06 6.1360259398149596e-07 3.8137022505593781e-09 0.001
930 5.4033549938097134e-07 1.866492563767281e-06 9.1788625195055123e-08 0.001
931 4.0481655552582211e-07 2.2272841009763844e-06 1.2499254556153788e-07 0.001
932 3.9774602232788999e-07 1.0647483017584491e-06 5.2903098000074591e-08 0.001
933 1.4351756598773181e-06 1.6412053884960957e-06 1.5128771863023132e-08 0.001
934 2.1520341451622822e-06 1.1657687888609584e-06 6.0667439936793021e-09 0.001
935 1.9207272079394046e-06 1.1825716706711189e-06 2.2867966668658042e-08 0.001
936 1.9938303524896201e-06 2.5859556325568118e-06 8.1705969830483989e-09 0.001
937 1.4079888125066049e-06 1.9969594699319183e-06 2.3410386702855773e-07 0.001
938 9.1723665523201902e-07 2.1953460938802826e-06 6.6250426421326124e-08 0.001
939 1.780553611965707e-06 1.2651196341376181e-06 3.5487080217570132e-09 0.001
940 8.4763664232259788e-07 2.0935106458976448e-06 6.1772148875181202e-08 0.001
941 1.4721755459938604e-06 2.0989264047300374e-06 1.2118130955559706e-07 0.001
942 1.2462089049025752e-06 1.3404997803296538e-06 9.9438405692602066e-08 0.001
943 7.5564913267160231e-07 4.7549743041591815e-07 1.8562660835650459e-08 0.001
944 2.3866784244583397e-06 2.1446991985348609e-06 9.4109930685419658e-09 0.001
945 6.1567353882385519e-07 4.100301314940538e-07 6.8571959939337102e-08 0.001
946 2.4074112445556627e-06 1.0614982920496616e-06 1.5918911122116487e-07 0.001
947 2.3973411116952358e-06 1.0159353321640044e-06 1.9041378981646728e-08 0.001
948 1.4335644195399265e-06 9.5951741810202105e-07 2.415271823255801e-09 0.001
949 1.8372953256352856e-06 4.9088330691705148e-07 3.9183238454901068e-09 0.001
950 2.5539049502124958e-06 4.1219024864855559e-07 1.3391141052256739e-07 0.001
951 5.5163157543804205e-07 5.4091798899084687e-07 8.2220399228335501e-09 0.001
952 1.1826263143472829e-06 8.3885377774942073e-07 1.4485856975337262e-08 0.001
953 2.0891523749059734e-06 8.14724688588679e-07 9.408517733616393e-08 0.001
954 1.6374855421407397e-06 2.2184182312438569e-06 7.1256230628786068e-09 0.001
955 5.3125072480925684e-07 9.7422958713002188e-07 3.4612758820181919e-08 0.001
956 8.6455418624696822e-07 1.360487715585251e-06 7.1438668615357758e-08 0.001
957 1.6192505738517855e-06 2.2537731990936456e-06 1.3504999211880334e-07 0.001
958 7.7767031226362891e-07 1.1157627913711675e-06 9.6218195437976651e-08 0.001
959 1.2685238306709056e-06 2.3190578106104384e-06 5.5814518523878621e-08 0.001
960 2.550339968649937e-06 1.7783607303268089e-06 1.2951473849467637e-08 0.001
961 2.055782636827181e-06 7.7869047203437706e-07 4.6525902518826321e-09 0.001
962 3.9366868900641248e-07 1.2006878111860886e-06 6.0049725106204822e-08 0.001
963 1.1529373890013824e-06 1.6538908450418918e-06 5.4770545935268599e-08 0.001
964 4.2388795112354378e-07 1.9457719254233159e-06 2.2780881523677897e-08 0.001
965 2.322348175257092e-06 2.4358658422639272e-06 5.2311479504087659e-08 0.001
966 2.6150581047367741e-06 1.3674316492644612e-06 1.6398442607937547e-08 0.001
967 2.2353061036855142e-06 2.5737987166055784e-06 4.2245224509904124e-08 0.001
968 2.2018749478484093e-06 2.3221909277831711e-06 1.7680058894883382e-07 0.001
969 6.021819362204607e-07 2.0204633732332017e-06 8.1203429422923528e-09 0.001
970 1.7831790048002746e-06 9.3039371713432311e-07 1.8699917486333865e-08 0.001
971 4.9498388711873106e-07 1.2941805239651805e-06 5.2680686742774805e-09 0.001
972 1.9091008332835341e-06 1.6004403225960127e-06 5.4492044565418934e-08 0.001
973 2.3883745489857874e-06 1.1871583171151162e-06 1.5501638699380085e-08 0.001
974 1.4095451582296615e-06 1.9462712166789927e-06 1.5247612803323917e-08 0.001
975 2.314739665308554e-06 1.0327563877374103e-06 2.9469384756072945e-08 0.001
976 2.2747847228627294e-06 6.4442777442157198e-07 2.9446787339697747e-09 0.001
977 1.4574754037993074e-06 8.1104287702801344e-07 2.3466377186875326e-09 0.001
978 1.0839328783216501e-06 1.3784249809848257e-06 5.3567286084973661e-08 0.001
979 5.8763358272490408e-07 1.4257537399485896e-06 3.8360344364243217e-08 0.001
980 1.7461999345673978e-06 2.5111561373598164e-06 4.7940165772185768e-08 0.001
981 2.5357590376674847e-06 1.9161898093206737e-06 5.2164098876511101e-09 0.001
982 1.1439344496433955e-06 2.3768581275962768e-06 5.4791967010835766e-08 0.001
983 8.5033395199225109e-07 1.916805185672997e-06 6.076729367574537e-08 0.001
984 5.6822569531754593e-07 9.7371050549397943e-07 6.1160702767348487e-08 0.001
985 1.1569713975657058e-06 2.0300206736625508e-06 3.8009456530547093e-08 0.001
986 1.4109092361306645e-06 1.620815842559168e-06 4.4153783462551259e-09 0.001
987 2.5522192912579483e-06 2.3480919706407981e-06 4.9958223922484e-08 0.001
988 1.4341053632851037e-06 1.6224479679021855e-06 1.0645015870997286e-07 0.001
989 1.0811483228496705e-06 2.3297459019618206e-06 2.106680543755041e-08 0.001
990 2.2039554718279496e-06 6.1398508759092658e-07 9.8513941799864835e-08 0.001
991 4.4970379153574167e-07 7.4537615431691208e-07 3.3174957833124409e-08 0.001
992 2.2382887198689619e-06 1.7951749164717298e-06 9.6024510050212177e-08 0.001
993 4.6570575829074763e-07 1.9450454457189586e-06 4.9131505690612232e-09 0.001
994 1.4569847552534935e-06 6.8936377288745802e-07 2.3633308034517105e-08 0.001
995 1.110454245489902e-06 1.3519085383875823e-06 4.3187394256863247e-09 0.001
996 9.7314118236094799e-07 1.1008521106515285e-06 5.8023435980064492e-09 0.001
997 5.5321934183394631e-07 4.1544858380244749e-07 1.1823880901540588e-08 0.001
998 2.3462905400334094e-06 1.8207843436126298e-06 1.2172777872577918e-07 0.001
999 1.8177486253245863e-06 1.0750098453977526e-06 7.8726995491397088e-09 0.001
1000 2.4730547292564626e-06 6.7953378029781355e-07 1.3721511618510754e-08 0.001
1001 2.6018548741872866e-06 1.811205477955037e-06 2.5789766662762966e-07 0.001
1002 4.6082349025143953e-07 1.282673933363454e-06 4.3720645158220018e-08 0.001
1003 2.2923190810650328e-06 6.4067882472389269e-07 1.2006899251973022e-08 0.001
1004 2.202938597165771e-06 2.5994783156942101e-06 1.0108651490104114e-08 0.001
1005 1.368943011900687e-06 1.9747931455755235e-06 4.7977496876005007e-08 0.001
1006 1.2182068074659023e-06 2.1773028637379006e-06 1.0470362002702426e-08 0.001
1007 5.8852460071169152e-07 1.7411137170062528e-06 3.3292756561286661e-09 0.001
1008 1.9650840923560473e-06 1.3787327566462483e-06 1.5516947519090323e-07 0.001
1009 1.1338144078594825e-06 2.2233660040028622e-06 3.2982800279169468e-07 0.001
1010 1.6338242002244409e-06 2.1759745698206322e-06 3.1092606331705712e-08 0.001
1011 2.4589057353407288e-06 2.5747254316506659e-06 2.3266526411916663e-07 0.001
1012 2.3675614391044328e-06 2.5164178667148454e-06 2.4938731913181453e-07 0.001
1013 5.1663627674026459e-07 1.5094374777550666e-06 5.1242277572155725e-09 0.001
1014 3.9992869393736793e-07 1.0264796888059851e-06 1.6916663094910957e-09 0.001
1015 2.1850049060261505e-06 4.2132972899231598e-07 9.3446812216393568e-08 0.001
1016 4.2220824845411222e-07 1.4651204265457632e-06 5.1327072856461188e-08 0.001
1017 2.1316418282676274e-06 1.5256504754915011e-06 5.8901606554644262e-08 0.001
1018 2.336688671304987e-06 1.6050864796443097e-06 2.0317689121538611e-08 0.001
1019 2.5007325031067578e-06 5.2605066787264978e-07 1.0913348540213498e-08 0.001
1020 1.2079490056529105e-06 8.1050910215976237e-07 2.3138802402334611e-09 0.001
1021 1.4798601668595419e-06 1.267390719742838e-06 3.4000968254636907e-09 0.001
1022 6.780654790938855e-07 1.2894897268315575e-06 1.2234229315672853e-08 0.001
1023 1.5842795133151942e-06 1.6929764127566932e-06 8.4202568320211718e-09 0.001
1024 6.6250751755388433e-07 1.3534003792119963e-06 1.4669721399728369e-07 0.001
1025 4.2567482220205462e-07 2.5853704194595554e-06 1.3719009715298249e-08 0.001
1026 2.1646456819142658e-06 1.5997344775923356e-06 6.3570235327937618e-09 0.001
1027 1.044403736846632e-06 9.3856285462724625e-07 1.8860388718520142e-07 0.001
1028 1.3672321294463027e-06 2.2774574891789324e-06 1.2354025502068283e-07 0.001
1029 4.3233282735207183e-07 1.7600025537158556e-06 5.8219267801819085e-08 0.001
1030 1.8373503825774833e-06 1.5776477651426138e-06 1.9747159988504247e-08 0.001
1031 1.3297805808625436e-06 4.2783693355355667e-07 6.8160916822506047e-08 0.001
1032 2.1176982989150713e-06 1.4679995277214066e-06 1.0556849456480068e-07 0.001
1033 1.7879197208929849e-06 8.9670236730474312e-07 6.4024930433739185e-08 0.001
1034 5.0169520183641471e-07 2.5029726596887102e-06 1.7608255383387791e-08 0.001
1035 1.9447116279823051e-06 1.9841092727868055e-06 6.9204394963798908e-09 0.001
1036 1.4244184784091459e-06 2.0366585053685822e-06 6.5303457253566697e-09 0.001
1037 7.3136047541731744e-07 2.2399185668916201e-06 1.9665715339701566e-07 0.001
1038 1.8418240039576273e-06 6.5890600833081871e-07 4.3089512877561094e-08 0.001
1039 2.1611606267320108e-06 1.9468800461704457e-06 5.3824123970387949e-09 0.001
1040 9.3874920851020616e-07 1.4409280566373004e-06 1.0235454612314767e-08 0.001
1041 2.1455276197048059e-06 1.8087968713164616e-06 1.8968121677854296e-08 0.001
1042 8.6990287370027196e-07 1.8760145139853239e-06 4.9196879822628523e-09 0.001
1043 7.9275143968621695e-07 8.0572247905900049e-07 1.9618135982515592e-09 0.001
1044 1.8628776957902388e-06 1.1796711078824002e-06 2.8233938668998474e-08 0.001
1045 1.4588737789172643e-06 2.0590858916215029e-06 2.4658571495598844e-07 0.001
1046 6.2928383964348678e-07 1.0692796001789058e-06 9.3784243118801211e-09 0.001
1047 2.5161678877199007e-06 1.4429158793089729e-06 1.0215529299418728e-08 0.001
1048 1.532139894881172e-06 4.9594357220094699e-07 1.1231150319211377e-08 0.001
1049 1.1853768811978034e-06 1.0609343104690109e-06 1.2361361082013249e-08 0.001
1050 1.3052062423932696e-06 2.3111373548445651e-06 6.1441024936287028e-08 0.001
1051 2.3631278963793529e-06 2.2450111057058686e-06 6.5707661838902751e-08 0.001
1052 1.7671965402725089e-06 1.2813360062649211e-06 1.4941713155094831e-07 0.001
1053 6.8099376865494204e-07 1.8620885618172439e-06 1.2808973719333379e-07 0.001
1054 1.2517553599350303e-06 8.1438718877930747e-07 1.726560723661711e-08 0.001
1055 6.2493587661659769e-07 1.7339852838016861e-06 3.3045535616772385e-08 0.001
1056 1.5074500120570075e-06 1.8674294325280471e-06 1.8359512990613871e-07 0.001
1057 9.2100400517547523e-07 8.8379276314777857e-07 7.1052399498557648e-08 0.001
1058 1.8175532293702356e-06 1.43612316107072e-06 6.8685339419607861e-08 0.001
1059 2.3954409072830939e-06 6.9831044101169861e-07 1.0653820063021269e-08 0.001
1060 1.7303423581392307e-06 5.9813269889813811e-07 1.9135208807849209e-08 0.001
1061 1.097433380164875e-06 5.2194708015939342e-07 8.9746699093689884e-09 0.001
1062 9.511591173224174e-07 9.6218476992407292e-07 3.2096656431104739e-09 0.001
1063 1.9876981707392933e-06 2.4183287325499944e-06 1.4052368757732609e-07 0.001
1064 2.497158922018408e-06 1.8028402329203809e-06 2.0547180379049179e-08 0.001
1065 1.5572124862163427e-06 2.4663888747006478e-06 6.7839589225806724e-09 0.001
1066 1.8420224194696461e-06 6.657672373987164e-07 1.7035505139697157e-07 0.001
1067 6.8740439747263723e-07 7.7490545589807322e-07 2.2076684810993255e-09 0.001
1068 1.7792875243933537e-06 7.2322329230119975e-07 3.4577710533970715e-08 0.001
1069 1.9370590916844212e-06 4.2415100054337891e-07 1.1568900157191008e-07 0.001
1070 6.2418637347803406e-07 2.587617442516829e-06 8.4357564608012065e-09 0.001
1071 7.315461972404811e-07 7.6835263292711053e-07 1.4329501217182161e-08 0.001
1072 1.4528036686311137e-06 1.2045847974365062e-06 4.8842247028039046e-09 0.001
1073 6.7853879487402413e-07 1.5006832598172994e-06 1.4125416609415866e-08 0.001
1074 1.2051347084815772e-06 2.6103548485884737e-06 4.6807536239211914e-09 0.001
1075 1.8953735811763117e-06 8.8427982310109796e-07 6.7103098959932196e-09 0.001
1076 1.8753125795051349e-06 2.3066778863428196e-06 4.0639929120477192e-07 0.001
1077 5.143694075646295e-07 2.0231425610909382e-06 1.2467561698397025e-08 0.001
1078 2.1779737091933636e-06 9.9530860344158728e-07 2.0203205618285193e-08 0.001
1079 2.4825271214188603e-06 2.1351057736323759e-06 1.061174760253263e-07 0.001
1080 4.7151598027067018e-07 7.2827146209027328e-07 1.4142545962293164e-09 0.001
1081 1.7583175235552336e-06 1.8538081523841882e-06 5.2323340729835284e-09 0.001
1082 1.6746171437409502e-06 2.0871464857386253e-06 6.6167399360298968e-08 0.001
1083 1.3584142183763093e-06 3.9895163339351748e-07 2.0332866302940278e-09 0.001
1084 1.9024227198015612e-06 1.0274529530535211e-06 2.3339111506573037e-08 0.001
1085 8.2805815564118054e-07 1.3682797643860812e-06 1.6879757616643187e-08 0.001
1086 8.6209117061225164e-07 1.326284609325493e-06 6.9551475830192459e-09 0.001
1087 2.3427332594045481e-06 9.3090241411058187e-07 2.484600962360917e-08 0.001
1088 5.3686815877515564e-07 1.05876946023211e-06 1.6516466094903934e-08 0.001
1089 2.4677788523092977e-06 1.4681689345812888e-06 1.3018858590127204e-08 0.001
1090 2.3416490503348071e-06 1.7520517446239562e-06 9.7975279600023709e-09 0.001
1091 2.2041326198896117e-06 8.8471032983591539e-07 3.5718807431607152e-08 0.001
1092 4.8109844424219478e-07 1.0610645312684807e-06 1.2484139098070142e-08 0.001
1093 2.1175805083623309e-06 6.498633380744721e-07 1.4472534013937474e-08 0.001
1094 2.6208408656348485e-06 1.8348946431703948e-06 1.8642776392908471e-07 0.001
1095 1.2826949940106566e-06 5.2338201688158588e-07 1.6366595875200372e-07 0.001
1096 8.4704685565911057e-07 8.8297834584631621e-07 1.0371915484394441e-07 0.001
1097 1.6770389124529747e-06 2.1221048458736697e-06 6.3687031693888331e-08 0.001
1098 2.4908392621849126e-06 2.0787182754733106e-06 3.817665206976313e-07 0.001
1099 2.0265265255023231e-06 1.3923287152519017e-06 1.3250056710064233e-08 0.001
1100 2.3995860335935121e-06 1.6333650684994807e-06 3.6279689027942844e-08 0.001
1101 5.8020452380113781e-07 1.6864506135087165e-06 1.0378635070203494e-07 0.001
1102 2.1629698367149514e-06 2.2300615353722786e-06 5.000255834117031e-09 0.001
1103 1.0112144781062558e-06 6.8747972476555496e-07 1.4343361947782258e-08 0.001
1104 1.7371127741737026e-06 2.5356789330792262e-06 6.3201178242989488e-08 0.001
1105 1.0118460832798633e-06 2.4433835565973186e-06 1.5030124363187862e-08 0.001
1106 7.2537482520001743e-07 2.2881603531917903e-06 7.7175736469572465e-09 0.001
1107 2.6119788674474886e-06 4.9316378526374565e-07 3.4700236410149462e-08 0.001
1108 1.1097379245537843e-06 1.0414038166157129e-06 5.6975823800703104e-08 0.001
1109 1.1727089126610596e-06 1.6990837379225759e-06 7.7702923288662148e-08 0.001
1110 2.2946496448666724e-06 1.649907499313582e-06 1.5458129914791272e-08 0.001
1111 7.0877687558401563e-07 1.0445691175641881e-06 6.2424109733376776e-09 0.001
1112 1.2948699997349917e-06 1.8588703965588345e-06 7.1033074744801049e-08 0.001
1113 1.6668463015757249e-06 1.7452348194477901e-06 1.8375290773538776e-07 0.001
1114 2.249472960947101e-06 9.3108491748087733e-07 7.34084487065715e-08 0.001
1115 2.5423870898060066e-06 1.4674725087209552e-06 6.8092855758299223e-09 0.001
1116 2.1954306977109961e-06 2.4024878696103756e-06 8.517423165662719e-09 0.001
1117 1.093806827483859e-06 8.0499482073493986e-07 5.0235210038175133e-09 0.001
1118 6.7229484588646598e-07 2.4445998039577229e-06 5.7029601810719484e-08 0.001
1119 1.8682015692901217e-06 5.576036290118952e-07 2.5554108573466305e-09 0.001
1120 2.2476616154203844e-06 2.2633853800627246e-06 7.9366551523523296e-08 0.001
1121 2.2653776018937332e-06 2.1924083029744896e-06 1.2548543238313242e-07 0.001
1122 2.4894890011865157e-06 2.5179411641849639e-06 1.1852860178959556e-08 0.001
1123 2.1691315341884195e-06 2.545953602108504e-06 4.1582733538152953e-08 0.001
1124 9.0457093966943526e-07 1.7069491344392178e-06 3.4760880390173273e-09 0.001
1125 2.156938114161569e-06 1.8042379133850394e-06 1.0152173607850657e-08 0.001
1126 1.2692916164151371e-06 1.6520848001433582e-06 3.4756268849117411e-09 0.001
1127 2.2640867217470306e-06 1.3299259718290223e-06 4.6248663082404407e-09 0.001
1128 1.5027834791155329e-06 1.7836335419940891e-06 2.9595834233258228e-07 0.001
1129 1.1465994668708398e-06 2.54889676563517e-06 2.6906129134133703e-08 0.001
1130 2.0429215495715017e-06 1.4078880534899362e-06 4.8352214025629027e-09 0.001
1131 4.6141120577749136e-07 1.2564367446550591e-06 2.3146699923217028e-08 0.001
1132 1.6165042100072342e-06 1.5456706458693167e-06 3.7753797964549605e-09 0.001
1133 2.2534936269427342e-06 2.3111946043827423e-06 1.2926938203709568e-08 0.001
1134 1.769423331416585e-06 2.3548034399459056e-06 7.1399165754730051e-09 0.001
1135 1.8331152068229901e-06 2.4462041265001521e-06 4.342839181291841e-08 0.001
1136 7.3604319164337415e-07 2.4342965198364623e-06 1.1104145589421114e-08 0.001
1137 2.3734331130622622e-06 2.0320602191201772e-06 2.5449243385693772e-08 0.001
1138 1.5640900031026022e-06 2.4652686934538637e-06 7.604284423639442e-08 0.001
1139 1.8130617543534192e-06 8.5375539568882134e-07 3.0854435058292993e-09 0.001
1140 1.8692731614058785e-06 1.1345820502071775e-06 1.2587900699048855e-07 0.001
1141 1.2669111535764792e-06 1.6163340537095443e-06 7.5810982017444197e-09 0.001
1142 1.7385560510744134e-06 7.1060086608373385e-07 2.3472502602546014e-08 0.001
1143 2.3144644597073152e-06 1.9270675526155267e-06 4.1108249237741881e-07 0.001
1144 1.0288238727831124e-06 1.7993537680238883e-06 5.9178701452615977e-08 0.001
1145 2.4505411355452185e-06 1.675513142979966e-06 1.2887354999106317e-07 0.001
1146 2.2325615973234361e-06 2.479164181813761e-06 5.0636736502697553e-09 0.001
1147 9.9781969060285586e-07 1.3003836849125835e-06 6.6999762745627461e-08 0.001
1148 1.8614900069549971e-06 1.8139357402553442e-06 4.2217736538217503e-08 0.001
1149 2.2051423143861389e-06 1.6206940259743935e-06 1.0472707283031095e-07 0.001
1150 7.988821515129814e-07 2.5750341039448208e-06 3.1569701950094025e-07 0.001
1151 7.0834457761115734e-07 1.770990456883806e-06 3.6713353888035512e-08 0.001
1152 6.6877067581491281e-07 1.496145626938409e-06 1.1961585086604963e-08 0.001
1153 1.9182306020344043e-06 2.19586750394065e-06 4.1655833888458181e-08 0.001
1154 1.1729525989651346e-06 2.4326782918438792e-06 1.493827603159009e-08 0.001
1155 1.9248606771591164e-06 4.972532196700179e-07 6.4235423888751394e-09 0.001
1156 1.7118098278230916e-06 1.7973785397834582e-06 9.9590561330278757e-09 0.001
1157 2.2211595395712597e-06 1.7670800214203315e-06 9.3789442410590971e-08 0.001
1158 1.3594022402809447e-06 1.4251737541704383e-06 2.0676962756596353e-08 0.001
1159 9.5186034017994227e-07 2.286969241740959e-06 1.1643660422313542e-07 0.001
1160 1.0143423957402025e-06 1.5060819381800777e-06 2.5179856945446944e-08 0.001
1161 5.7972616936259129e-07 9.0185475812094995e-07 4.0032504365888785e-09 0.001
1162 1.2392784232216193e-06 1.0060799542426374e-06 7.5065530433800235e-09 0.001
1163 2.0962675749972323e-06 1.7795506907282505e-06 6.5744286268802556e-09 0.001
1164 1.024075243887991e-06 1.5985327174352388e-06 6.5339277661254547e-08 0.001
1165 1.5137432342810717e-06 1.302912164512115e-06 2.6388281316853975e-07 0.001
1166 1.2421967517870443e-06 1.9834388804319249e-06 3.4588617113699158e-08 0.001
1167 1.5633675834243611e-06 2.2515048454554903e-06 2.1588629965922157e-08 0.001
1168 2.0533650262057889e-06 6.8992012354370346e-07 8.8991448610112753e-08 0.001
1169 2.3148998885312244e-06 2.4375803204235715e-06 1.2214360050508226e-08 0.001
1170 2.0041885046177335e-06 9.3714262253051507e-07 1.1135618669285972e-07 0.001
1171 1.883355101090995e-06 1.6228220205803963e-06 1.1244749736621058e-08 0.001
1172 1.3865571073443432e-06 6.7038564727081453e-07 3.3204688370132909e-08 0.001
1173 1.9049672834087376e-06 2.396297581931471e-06 1.3559713205574582e-08 0.001
1174 1.0882047003096301e-06 2.0733817775015314e-06 5.6489586396130813e-09 0.001
1175 1.6206890902025048e-06 6.8380162896627454e-07 3.7256899750334427e-08 0.001
1176 1.4825515844597919e-06 5.2635300831771396e-07 2.0384334582058413e-08 0.001
1177 1.3952962825046039e-06 2.0974721865453502e-06 3.6344472646242698e-08 0.001
1178 1.2315001357376263e-06 8.581845016243754e-07 1.2508013501383826e-07 0.001
1179 7.5325183231414803e-07 1.4729694898428739e-06 1.235145656520354e-08 0.001
1180 1.6331440373708675e-06 1.2763898107240601e-06 5.6882346924122538e-09 0.001
1181 1.1937198466092953e-06 1.8983736670089682e-06 5.3315060088885729e-08 0.001
1182 8.4871867710716228e-07 1.6076294989490578e-06 2.2916875860310236e-07 0.001
1183 2.5384196517650769e-06 4.3942051667583522e-07 8.4621756165459287e-08 0.001
1184 4.8895051220474221e-07 1.5489964198235413e-06 1.205346521853479e-08 0.001
1185 1.9130136952072253e-06 2.0254074551223295e-06 7.3989224210804314e-09 0.001
1186 1.4642808381617461e-06 1.3191736806420476e-06 1.656018628121898e-07 0.001
1187 1.5331372299465003e-06 9.8230051285419721e-07 2.7555415539451472e-08 0.001
1188 1.1771114383778399e-06 1.918678330993841e-06 3.8855995629622533e-09 0.001
1189 8.3690084721397057e-07 1.1484665329855855e-06 1.226052850875155e-07 0.001
1190 1.8936486141795413e-06 1.1396743501392755e-06 8.4105779712264067e-08 0.001
1191 2.5034133022297075e-06 1.2599946526564282e-06 2.8199481171056877e-07 0.001
1192 9.0413110190860103e-07 2.4607303621098591e-06 3.0144613726688892e-07 0.001
1193 6.0824530933291898e-07 2.0234668561520816e-06 6.3809162863691668e-08 0.001
1194 2.0422305318630093e-06 2.1551789967227933e-06 1.6500409243818992e-07 0.001
1195 7.9862388698984133e-07 1.3322785115342624e-06 2.1477819790061991e-09 0.001
1196 6.3299244868661363e-07 1.3809852474198608e-06 9.4382919261225046e-09 0.001
1197 2.5650375260867709e-06 4.5146088670973497e-07 1.2249476410764323e-07 0.001
1198 1.8646192313189906e-06 2.5052317111939474e-06 3.5391475314542308e-08 0.001
1199 5.0878719185415429e-07 5.2773602584112094e-07 5.512089456996362e-08 0.001
1200 7.6123141568497854e-07 1.8621787415597713e-06 5.1113809859725058e-09 0.001
1201 5.3793115223331194e-07 6.1966252425453994e-07 1.6929881670561817e-08 0.001
1202 2.1577396295965418e-06 1.724715114164769e-06 4.3241292075397788e-09 0.001
1203 1.0687675961648877e-06 1.9761814918964176e-06 4.3099702634042697e-09 0.001
1204 1.385884204031022e-06 2.3767481712671313e-06 2.0418095584134986e-08 0.001
1205 1.3528256508103391e-06 2.2308212143418862e-06 1.3250010270956771e-07 0.001
1206 5.8698921725508028e-07 1.5655728765859172e-06 2.887360466593606e-08 0.001
1207 2.454770680035584e-06 2.4219969751539436e-06 8.0929917805709476e-09 0.001
1208 4.44967548506903e-07 2.5016553028065786e-06 3.9720500364069572e-08 0.001
1209 7.8673424496157715e-07 1.9348707506303711e-06 2.212519796519704e-07 0.001
1210 4.9709123771603057e-07 1.6314256856010597e-06 2.3215580642037919e-09 0.001
1211 6.9748136883534988e-07 2.2737038428104361e-06 1.4041893204798137e-07 0.001
1212 8.9646980769379491e-07 1.4893772225994804e-06 1.2071722437166233e-07 0.001
1213 2.1193680198710587e-06 1.7844411244603445e-06 2.4081677015981907e-07 0.001
1214 1.6762629769242011e-06 1.367079737156928e-06 7.2918522750045814e-09 0.001
1215 1.538777390679513e-06 2.6213266624871661e-06 1.4970394142973992e-07 0.001
1216 2.3210444930517391e-06 5.7965568617356024e-07 6.2141651512155275e-08 0.001
1217 1.5360525143955234e-06 2.3567527892593443e-06 5.9793299761967067e-08 0.001
1218 1.5388320787541406e-06 2.1718094017991957e-06 2.144679823864627e-07 0.001
1219 2.4121762226855994e-06 2.170107478058674e-06 4.5340874780562528e-08 0.001
1220 9.9301663468671126e-07 5.9577828506241106e-07 1.4884262388699013e-08 0.001
1221 1.9631629784087428e-06 3.7839936900618762e-07 8.5256919640412271e-09 0.001
1222 2.0738398329813389e-06 7.3908800893379915e-07 6.568884238356808e-08 0.001
1223 2.6066552813463203e-06 2.2885237405989975e-06 1.3554141459329783e-08 0.001
1224 1.1734178082294869e-06 1.8379159506832996e-06 5.4000601675385804e-09 0.001
1225 2.4826549827084257e-06 2.2554967419004708e-06 2.005027013216182e-08 0.001
1226 1.4223887839164329e-06 1.0824630483908477e-06 1.0705044237035371e-08 0.001
1227 2.5378510361730409e-06 2.0661895667299445e-06 8.4663619882440437e-08 0.001
1228 4.9120210576015158e-07 1.8402333054051864e-06 2.0989108766234573e-07 0.001
1229 1.1123379003026497e-06 3.9986710551064437e-07 1.6830266542077854e-09 0.001
1230 2.3079331877420938e-06 6.9189975237159213e-07 2.2061968905827355e-07 0.001
1231 2.5036400942263543e-06 2.1282998375433383e-06 3.9159380092978173e-08 0.001
1232 1.5242498613971338e-06 2.4106103942039923e-06 9.8896211921286038e-08 0.001
1233 6.657223121183164e-07 1.2787534644737854e-06 1.0364934349110195e-08 0.001
1234 6.4195112560328101e-07 1.7515155100669336e-06 1.4978346094462421e-07 0.001
1235 1.2653504726220524e-06 2.3472670453306666e-06 5.1560682703810507e-08 0.001
1236 9.7678250845772536e-07 2.5573514385784097e-06 9.3205457253227203e-09 0.001
1237 8.8011172982065362e-07 1.7642640395877236e-06 3.9213012602441671e-09 0.001
1238 1.4475189111691665e-06 2.3822853065300875e-06 4.4744715272861157e-09 0.001
1239 9.5183488359229493e-07 2.399681302626005e-06 2.8146979663738509e-07 0.001
1240 2.3915260387600025e-06 2.1376362674255231e-06 1.3778387587295418e-07 0.001
1241 1.3937211403576174e-06 6.7207919035343995e-07 1.6668312001720302e-08 0.001
1242 9.9776683617255584e-07 2.3408555440472098e-06 1.5183747902662797e-07 0.001
1243 1.6850054392177403e-06 8.542375163155519e-07 1.6587759963065692e-07 0.001
1244 2.5167900465215096e-06 2.551546078846632e-06 9.1731123974939739e-08 0.001
1245 4.6321213653969853e-07 1.6639724940045941e-06 2.5201106093823462e-09 0.001
1246 1.1794079999181706e-06 1.4204809267032159e-06 7.2273428907043662e-08 0.001
1247 5.7422186494446254e-07 1.7650594355478592e-06 1.9072953043953117e-07 0.001
1248 2.5577100901698259e-06 1.9833699500220686e-06 4.8124640247094245e-09 0.001
1249 2.5998388479149253e-06 1.8091208127359574e-06 1.3910291884277419e-07 0.001
1250 6.4591331203260657e-07 1.9748589977940762e-06 2.0350429834418709e-08 0.001
1251 1.0724343259017898e-06 8.1744138206490578e-07 1.0719020877358103e-08 0.001
1252 1.9311950733453862e-06 1.1943093411989554e-06 6.701608325891617e-09 0.001
1253 2.2320229528565818e-06 1.6228385033039942e-06 4.6502403136412057e-08 0.001
1254 6.2558304781717377e-07 8.2922463371724286e-07 3.017460208589863e-09 0.001
1255 5.3708967089168166e-07 6.2533166236333123e-07 2.5624159837657546e-08 0.001
1256 1.571155011349409e-06 2.2431102305489932e-06 3.4393442171977795e-08 0.001
1257 2.1746123194704792e-06 1.793535232686582e-06 2.1310295550941839e-07 0.001
1258 1.0722523408263113e-06 1.0056529964693616e-06 3.6836033500113342e-09 0.001
1259 2.0784442693391065e-06 5.5907880647086441e-07 7.154018894631071e-09 0.001
1260 1.7204923686276577e-06 2.4725233506749716e-06 6.5992983888714795e-08 0.001
1261 7.1253782621191796e-07 1.3262411491412196e-06 6.1407637209870488e-09 0.001
1262 1.3900943670401159e-06 2.3070064747648907e-06 1.242228137964628e-07 0.001
1263 2.0740233782629799e-06 6.6858290170952843e-07 3.9984487366231035e-09 0.001
1264 2.5738399581012096e-06 1.8497305682252061e-06 2.9559280429636219e-07 0.001
1265 1.4981065608176062e-06 5.5482265961720591e-07 1.8647082422368689e-08 0.001
1266 3.9411145550529333e-07 6.8242927705883112e-07 4.4649835417357794e-09 0.001
1267 1.4432794934372842e-06 1.6379724437383026e-06 1.2341632693190993e-07 0.001
1268 1.3699695909689418e-06 5.2602270211541629e-07 1.4834373104452242e-08 0.001
1269 6.9584755160070654e-07 9.1053536774969359e-07 1.7094526801910718e-09 0.001
1270 1.9555922368981295e-06 2.3178095088841663e-06 5.6298777586744843e-08 0.001
1271 1.0103472375230723e-06 8.8460633509870726e-07 9.640596916850621e-09 0.001
1272 2.4419382544348086e-06 2.3202360503401561e-06 4.2464950901299788e-08 0.001
1273 1.5263216076500002e-06 1.8540542891443366e-06 3.457740944701379e-08 0.001
1274 1.0713714948959285e-06 1.2950974177634775e-06 2.9206537343995432e-08 0.001
1275 6.8789222885236225e-07 3.8927585624421713e-07 1.7949818709322272e-09 0.001
1276 1.8075318990247618e-06 5.7647051132368133e-07 3.5591147723087753e-09 0.001
1277 1.6914444482654909e-06 6.0326606839502076e-07 2.1393801542043606e-08 0.001
1278 2.2413039218078041e-06 1.6857818717902517e-06 1.1256080761081926e-08 0.001
1279 2.0830232468960355e-06 1.9638936745549934e-06 2.1436540133914527e-07 0.001
1280 1.2065951324453413e-06 1.9375449393410656e-06 3.7249347880926989e-09 0.001
1281 1.3053125844257174e-06 1.5464805980944159e-06 2.1255685572071624e-07 0.001
1282 2.2064747152391765e-06 2.1082575893115091e-06 1.2169542746712152e-08 0.001
1283 6.2871103761328566e-07 1.6150916613809522e-06 4.6429717221376667e-09 0.001
1284 1.556007582916795e-06 2.3155591477223747e-06 8.3529552922755175e-08 0.001
1285 2.4194920406012005e-06 1.2710860857726004e-06 9.3890263832257215e-08 0.001
1286 4.5499837502660194e-07 1.2686102292751232e-06 2.8361538391118507e-08 0.001
1287 2.4347228027641805e-06 1.333515525927641e-06 2.4867878250816933e-08 0.001
1288 2.4604253954879478e-06 6.032690108688444e-07 1.0127668539287216e-08 0.001
1289 2.2209878161854353e-06 2.0910164475131178e-06 1.6298215654405197e-07 0.001
1290 1.1227612168317575e-06 1.3495257738581608e-06 2.4638413853066608e-07 0.001
1291 9.0462744282065762e-07 2.5064741172419597e-06 2.1333886161416317e-08 0.001
1292 2.1476387210842922e-06 2.1312192556887336e-06 1.4179011040112998e-07 0.001
1293 1.625594502480783e-06 2.4458960431706779e-06 5.5515462585172003e-08 0.001
1294 2.5553478148859507e-06 1.2043082127163084e-06 2.2305726764515229e-08 0.001
1295 2.4685150167097971e-06 1.2714871327536623e-06 4.5269620974906003e-08 0.001
1296 8.9552492693880435e-07 2.1394889016220808e-06 2.9255544184350554e-08 0.001
1297 2.345766471387574e-06 1.3612646169160375e-06 2.8959599816142765e-08 0.001
1298 1.452704934517056e-06 2.1581648360630081e-06 4.149302293017493e-09 0.001
1299 1.0622004192287676e-06 1.3802211138958481e-06 3.3108631006832122e-08 0.001
1300 2.3483061350981973e-06 1.6493583536565815e-06 5.7397661355664514e-09 0.001
1301 2.0559729616787012e-06 1.4986914634554416e-06 1.2588124768555134e-08 0.001
1302 1.9969171025986561e-06 2.1510921138539542e-06 1.1113384303118239e-07 0.001
1303 4.4383681094107367e-07 2.1111713813659052e-06 2.7204574232652612e-09 0.001
1304 2.1973891767908743e-06 2.2103450493369201e-06 7.5662359170313383e-09 0.001
1305 1.5971152519809837e-06 1.861483854674393e-06 7.5611802630604236e-08 0.001
1306 8.71150317581875e-07 2.3248575134342745e-06 8.2007917373113777e-09 0.001
1307 2.5838039595121604e-06 8.631916032288974e-07 5.0276398713560587e-09 0.001
1308 2.1095117298289526e-06 6.5685754289987631e-07 1.3925989500228369e-07 0.001
1309 1.1139319966979768e-06 1.6640222833211355e-06 1.869679675149001e-07 0.001
1310 1.3491372221809945e-06 1.5806351125698482e-06 7.7385840660934271e-09 0.001
1311 1.8969301742054118e-06 2.1752184574785341e-06 3.5276099877532168e-08 0.001
1312 2.2011146541588856e-06 5.4366834109207228e-07 1.4556553895045042e-07 0.001
1313 7.9860256404828019e-07 2.5086638027107462e-06 1.6428683016724397e-08 0.001
1314 1.5045556832245557e-06 6.0526968967223203e-07 3.7186781956918317e-09 0.001
1315 2.2636969728474722e-06 1.9359655588538765e-06 4.480904199473046e-09 0.001
1316 4.6747989730013744e-07 1.2786674583605057e-06 6.480796210123817e-09 0.001
1317 1.0494260812054124e-06 6.5357024338260598e-07 2.4233475842914712e-09 0.001
1318 7.1736689187860141e-07 1.2455746352202747e-06 6.1440970214871689e-08 0.001
1319 1.8517292982719704e-06 1.9633087291725886e-06 2.3951859052537877e-08 0.001
1320 1.2843913109464994e-06 1.64162757862424e-06 1.9051090601933915e-07 0.001
1321 1.0917062275278488e-06 7.5383525531745162e-07 1.6529564531346769e-07 0.001
1322 2.0318984156822743e-06 1.9943010229098889e-06 1.9689149722466028e-07 0.001
1323 4.803980713472855e-07 2.2117451456207872e-06 3.2099254821642317e-08 0.001
1324 1.6860219851909243e-06 2.375719412049662e-06 1.3479126694741424e-08 0.001
1325 4.1943993230735286e-07 2.1083573830545956e-06 3.5367369451350247e-09 0.001
1326 1.4763161732201732e-06 2.1098444978481587e-06 5.232821270086812e-09 0.001
1327 1.2217399036642406e-06 1.8912550664431755e-06 3.8649552224574872e-08 0.001
1328 2.5130358979803453e-06 1.7420453885381267e-06 2.7541485853101764e-08 0.001
1329 1.8996756338111859e-06 6.6729549294534542e-07 4.858853146763508e-09 0.001
1330 1.3031489295850905e-06 2.1598931429519e-06 1.1361412579411748e-08 0.001
1331 2.3939186155805e-06 4.8306020170479158e-07 3.6587391199269975e-09 0.001
1332 2.4349993323123283e-06 6.0077068717846413e-07 1.8372557411314699e-08 0.001
1333 6.5365717507750231e-07 1.0482362011184522e-06 5.0403939584261122e-08 0.001
1334 6.5204834228265552e-07 1.2495471455171126e-06 4.9177423483654575e-09 0.001
1335 1.062091267361196e-06 1.2549069766000847e-06 7.7021600886273527e-08 0.001
1336 1.7666628727915935e-06 2.422815771845114e-06 9.6198970499108801e-09 0.001
1337 1.0820230132998212e-06 9.0034716943288189e-07 2.0502743610998795e-08 0.001
1338 1.203128536691561e-06 2.509168743904767e-06 1.9128529607372692e-08 0.001
1339 5.6116229665538861e-07 1.6318901159292327e-06 8.5183773263382553e-08 0.001
1340 8.5746806732374641e-07 2.5103485068476724e-06 2.1589014422301962e-07 0.001
1341 7.305548613196337e-07 1.0201390785020765e-06 1.0930974916681688e-08 0.001
1342 6.9850612270476565e-07 1.0103488560343786e-06 1.0609319782376937e-07 0.001
1343 6.0163177455993213e-07 4.1362250868537688e-07 2.3937213932833027e-08 0.001
1344 1.535900736490594e-06 5.6099923337739964e-07 6.9897099047389089e-09 0.001
1345 6.8597083291300469e-07 8.7557072944274788e-07 3.7758256474830923e-08 0.001
1346 1.9538065930129023e-06 1.400261316356726e-06 2.6657998058076648e-07 0.001
1347 2.0823735519344002e-06 9.7500745905170378e-07 6.2144935708584797e-08 0.001
1348 1.2761852142648243e-06 2.2193772999869867e-06 1.0865741218711961e-07 0.001
1349 1.4579792137028507e-06 2.1018052561012835e-06 9.4427872062463878e-08 0.001
1350 7.9249329130677908e-07 1.4201894928156806e-06 1.2945044487434008e-07 0.001
1351 1.2691112132017234e-06 2.0762633586667524e-06 2.3970763706252389e-08 0.001
1352 1.3242488327850095e-06 1.5452612602599973e-06 1.493243833334638e-08 0.001
1353 1.3697015664475402e-06 2.2999106223790587e-06 2.8531881212292989e-07 0.001
1354 1.1433674523134128e-06 2.5645350374586392e-06 2.890233254992592e-08 0.001
1355 1.9235157768408775e-06 8.1046958063702753e-07 1.3611735641838549e-07 0.001
1356 9.3155511034378834e-07 1.3847824960828164e-06 2.3246482982783171e-09 0.001
1357 2.3234489518848994e-06 1.0927760404113868e-06 1.878285364593651e-07 0.001
1358 1.6900342943641892e-06 2.1066990734511154e-06 6.5054316204608928e-09 0.001
1359 5.0254978457716764e-07 8.9753516469225044e-07 1.9574100297341409e-08 0.001
1360 5.5983338813045357e-07 2.2909860760704889e-06 3.5975779168934559e-09 0.001
1361 7.4776967084362708e-07 1.6143678938766029e-06 1.4492632684651734e-07 0.001
1362 2.3232827048021904e-06 2.0632526775235167e-06 3.6434650736036332e-07 0.001
1363 1.2729396117807581e-06 1.2758361999467017e-06 2.1280892656097997e-07 0.001
1364 2.1476523654710728e-06 7.5029793314297753e-07 6.8570614227777701e-09 0.001
1365 1.6902271609897525e-06 6.2721746828611137e-07 2.7760834920471554e-08 0.001
1366 1.2187141485743569e-06 1.5943815733825577e-06 2.1010151530365723e-07 0.001
1367 2.4058066165775953e-06 1.1333166569149998e-06 6.3739764594419312e-08 0.001
1368 6.9254802034394245e-07 1.9043022884866589e-06 1.4294737247916651e-08 0.001
1369 8.9393998413545816e-07 7.2605954311135997e-07 1.3750328330695855e-07 0.001
1370 1.1625099717663791e-06 3.9100331254556576e-07 1.0822727476844651e-07 0.001
1371 2.2794744515833674e-06 9.5929976524979104e-07 3.946540507780577e-08 0.001
1372 2.2933262055654637e-06 2.529319778056542e-06 8.6108686330778869e-09 0.001
1373 1.7352258209669982e-06 2.2314205607527306e-06 1.7135510971477385e-07 0.001
1374 2.6080575091897036e-06 2.5759488062215173e-06 2.7412622165140633e-07 0.001
1375 9.9654479129647177e-07 1.6879584503428758e-06 7.1243912036051927e-09 0.001
1376 1.4188095734801285e-06 1.4921458655292246e-06 1.176458018511608e-07 0.001
1377 1.7379516608077403e-06 2.5158944159456179e-06 1.0085433368498712e-08 0.001
1378 7.2263155448794951e-07 1.1603927960644749e-06 3.862785642996959e-09 0.001
1379 1.1433495057583952e-06 2.356208035512067e-06 7.9572406202378243e-09 0.001
1380 1.7784026463911343e-06 9.3770861152978326e-07 9.7190966187462274e-09 0.001
1381 5.0405465046473161e-07 1.5392525024030957e-06 4.6323693346809471e-08 0.001
1382 1.091646988838818e-06 1.5663809902625828e-06 5.7373682783061208e-09 0.001
1383 1.5091881338496267e-06 1.1097546340703413e-06 6.2343223743231064e-08 0.001
1384 2.0571582083530891e-06 1.5871272467928203e-06 1.2892672375895513e-07 0.001
1385 5.986051352165433e-07 1.3275608381909151e-06 1.0447906075636901e-08 0.001
1386 1.8323551201641822e-06 2.421610307970577e-06 2.0458734522915927e-07 0.001
1387 8.1633256832950609e-07 2.3002303087612953e-06 2.2467263424554443e-07 0.001
1388 4.7139228754153963e-07 9.572374920953744e-07 1.9103304868786797e-09 0.001
1389 1.4339122704420502e-06 5.6687457639871791e-07 4.1544502924366042e-08 0.001
1390 2.4711665135519505e-06 2.3288575909737274e-06 4.0947236051779496e-07 0.001
1391 2.433197270605119e-06 1.8794265239208963e-06 6.3975841786227581e-09 0.001
1392 1.9311193330756118e-06 2.3693366770415117e-06 2.7478050982684025e-08 0.001
1393 1.8712833991885766e-06 1.2306687420584294e-06 1.244867318585648e-08 0.001
1394 2.0759204675363723e-06 1.3669653580291192e-06 4.1503144322068771e-08 0.001
1395 1.9646388038751994e-06 2.042317343819965e-06 1.5698101820664338e-07 0.001
1396 1.4512933649546034e-06 2.5425307287757986e-06 4.1918369318124884e-09 0.001
1397 1.9918098840966706e-06 1.7772938778289503e-06 3.6978365750868551e-08 0.001
1398 6.294873445545295e-07 1.9148595254636842e-06 5.1045696959432517e-09 0.001
1399 2.0181217297024217e-06 1.4716803898997308e-06 5.7109329753292083e-09 0.001
1400 1.1876749848527995e-06 4.49292602632929e-07 3.4305460156052767e-08 0.001
1401 1.5114620443715857e-06 8.0365222569510335e-07 2.0288440848112971e-08 0.001
1402 4.9813694639043393e-07 1.8531791156699315e-06 2.3372878898427725e-08 0.001
1403 9.3480161101544422e-07 2.0138307259655825e-06 7.5036846194301327e-09 0.001
1404 1.2639002934103874e-06 4.3326815902191508e-07 7.1262890839096678e-08 0.001
1405 1.1735725142291376e-06 1.5859715436906331e-06 3.8813947789118329e-09 0.001
1406 1.3695817242326848e-06 9.800233890697849e-07 7.7260368777486953e-09 0.001
1407 2.1655357151730263e-06 1.6734941676996921e-06 2.3744633709323151e-07 0.001
1408 1.9108655678377379e-06 4.3329749536522469e-07 9.8531340294008378e-08 0.001
1409 4.2278619555399163e-07 1.6132091342210508e-06 1.2129130855768252e-07 0.001
1410 1.0669010283015315e-06 1.9124039275264471e-06 1.7607051789106567e-08 0.001
1411 1.7090058637868426e-06 1.4551560507518439e-06 7.0809997325645718e-09 0.001
1412 2.0820401265436738e-06 2.4411309949376831e-06 1.3141804763586809e-07 0.001
1413 6.2511811215967059e-07 6.1029466976584414e-07 4.7502741088400925e-09 0.001
1414 1.11694672103363e-06 5.9528815164834204e-07 1.0270972096653073e-08 0.001
1415 1.7004282464051427e-06 1.6583769559795362e-06 2.2365144041197907e-08 0.001
1416 2.5402614736697002e-06 9.2938550419355358e-07 4.5986091582639552e-09 0.001
1417 2.2647899761511106e-06 1.0500798949751971e-06 2.2293084862502045e-07 0.001
1418 8.5032447897109034e-07 2.5385477794932359e-06 4.4734614621779159e-08 0.001
1419 8.5303623243303676e-07 2.0715935770847191e-06 1.4488022456160441e-08 0.001
1420 2.4090594600563864e-06 1.3706392932763449e-06 1.3395204802980272e-07 0.001
1421 2.0805770701495852e-06 2.2978174716310851e-06 8.4357758934553254e-09 0.001
1422 1.151612935702423e-06 4.8742048522985707e-07 5.4302249834110846e-08 0.001
1423 1.2339024443856091e-06 1.6960767340839488e-06 6.0992418580988053e-08 0.001
1424 1.558955886634705e-06 1.9324480444350629e-06 3.4886777352578627e-08 0.001
1425 8.6603946982541664e-07 2.5632319495736497e-06 1.5266240899962153e-08 0.001
1426 1.8173518942725667e-06 6.5464414479901241e-07 2.5683542214381746e-08 0.001
1427 8.976697309854791e-07 2.5609573406758353e-06 8.9864734798815695e-08 0.001
1428 4.9821100061581449e-07 1.946817298807042e-06 4.5066549236646929e-09 0.001
1429 2.3874829134651631e-06 3.9288155604607974e-07 1.0707822664413106e-07 0.001
1430 2.60092493768604e-06 5.0308986177944804e-07 1.0946140914448502e-08 0.001
1431 2.1278320418233498e-06 1.3548560458814782e-06 2.5626216340777266e-08 0.001
1432 1.6462816173621537e-06 1.4108634012756051e-06 5.760102262066098e-09 0.001
1433 2.5945983270540077e-06 1.470887337292046e-06 5.6146776274874665e-09 0.001
1434 2.4521894313659177e-06 2.1224315560192843e-06 3.9849639125231795e-07 0.001
1435 2.1000319384357864e-06 2.2202371662797732e-06 3.0262307536705048e-08 0.001
1436 2.2781910115965185e-06 1.3464913515069742e-06 5.9579284701976396e-08 0.001
1437 1.7902471778302758e-06 1.6401383959225712e-06 1.1497046593167669e-07 0.001
1438 2.0377779541048242e-06 1.8329579482935039e-06 2.0538545442539243e-07 0.001
1439 1.1728160974784805e-06 1.6096128285415894e-06 4.9538913828580076e-08 0.001
1440 4.1936979597400909e-07 6.3649830329514138e-07 1.5558921828477531e-08 0.001
1441 1.0774587817834772e-06 1.9438555933470094e-06 8.5192615077358269e-08 0.001
1442 7.9525497501358691e-07 2.5493201691561947e-06 8.6880797929621717e-08 0.001
1443 6.5080406614195818e-07 2.4380541674051188e-06 1.8310047141631111e-07 0.001
1444 1.7929167404086713e-06 9.1504432189614908e-07 2.2882007263124454e-08 0.001
1445 1.1145916016170123e-06 1.4583163927341529e-06 1.7952294337424363e-07 0.001
1446 2.0972108379416713e-06 1.8665570179399146e-06 1.6581966655669773e-08 0.001
1447 6.410600085945505e-07 2.5823140928212422e-06 2.9775135465747578e-07 0.001
1448 1.7363972597527886e-06 1.9269950025725924e-06 1.3068275825128313e-07 0.001
1449 2.1181035423455789e-06 1.0762204194464855e-06 3.299361117784537e-08 0.001
1450 1.8326770377677207e-06 1.9243101214446382e-06 2.2896401419476489e-07 0.001
1451 1.7271885332905246e-06 1.9430459870035257e-06 1.2756901868981149e-07 0.001
1452 8.0574628495400383e-07 4.5965569950245798e-07 3.3343041871079583e-08 0.001
1453 1.6058009423679534e-06 1.6986512006859137e-06 3.4472677708036473e-09 0.001
1454 2.0326499904896313e-06 2.1056629222617857e-06 1.0690158695654226e-07 0.001
1455 1.1223290186342778e-06 9.7142964660796753e-07 7.5688362379222578e-08 0.001
1456 1.9548549121969441e-06 1.7134035223643087e-06 3.3198471078592611e-07 0.001
1457 2.1316566365553598e-06 1.6019446131201154e-06 1.5879975774606748e-07 0.001
1458 9.0214481565570054e-07 1.5661225924972805e-06 9.681572252938543e-09 0.001
1459 1.3543741716404631e-06 2.5778843838201897e-06 6.2279124755042578e-09 0.001
1460 9.1847212781056593e-07 2.0544563533487306e-06 3.7531716726819805e-09 0.001
1461 1.8881931111119357e-06 5.0819157605046485e-07 1.3011791875354136e-07 0.001
1462 1.0581964752560774e-06 1.6595342779678185e-06 1.7617037350740644e-08 0.001
1463 2.0152596098739545e-06 2.4055513867650791e-06 1.0985348505105965e-07 0.001
1464 1.0159993291794373e-06 2.254912335343392e-06 2.3896410727521364e-07 0.001
1465 2.274471719534571e-06 4.0588325830367782e-07 9.9420983323304765e-08 0.001
1466 2.0474692278936991e-06 1.7065210523547287e-06 6.3745053552125417e-08 0.001
1467 1.749668503601495e-06 6.9069458566938595e-07 2.7056710512026393e-08 0.001
1468 2.5996536918512576e-06 2.2849165441783036e-06 2.1114356117395944e-07 0.001
1469 1.7928736025252824e-06 1.4291407524482302e-06 3.1663171350161775e-08 0.001
1470 1.7359659119222549e-06 7.2603718015223903e-07 5.5305410985036197e-09 0.001
1471 2.2448164259029056e-06 1.0174443170196526e-06 1.5876707167374653e-08 0.001
1472 1.3029129689718632e-06 1.4880011085351842e-06 1.1199293549506428e-08 0.001
1473 7.330414160957034e-07 2.1233533809126955e-06 1.9621602657630525e-08 0.001
1474 2.424498047654768e-06 5.8678702740653917e-07 1.173855388205768e-08 0.001
1475 1.5894227101720654e-06 2.5745428285211569e-06 6.8474956612774927e-09 0.001
1476 2.3817979995048654e-06 1.1552398379303386e-06 1.9104414007280452e-07 0.001
1477 1.4651397541864355e-06 1.2208226565458908e-06 2.5812500508102398e-07 0.001
1478 1.003236915074757e-06 4.3532704653747549e-07 2.7826666285537983e-09 0.001
1479 4.0820777876630876e-07 1.1562298340208678e-06 4.7797606362653413e-08 0.001
1480 5.171523773154493e-07 1.6541356059913875e-06 2.1071243368938428e-07 0.001
1481 1.8539137050472092e-06 1.5516866713434896e-06 2.4770059735766344e-07 0.001
1482 1.2536129753671173e-06 7.3084139626147746e-07 5.6848932296703002e-09 0.001
1483 2.6177578794937507e-06 2.0993342258847351e-06 2.7014414987277561e-08 0.001
1484 2.2996406886372392e-06 2.3939999813449246e-06 7.1972399559932654e-09 0.001
1485 2.1127357925662703e-06 1.3616019684189473e-06 3.532818866465386e-08 0.001
1486 2.2747373128719741e-06 2.1850005670424993e-06 2.3498450274854559e-08 0.001
1487 8.1190832021762724e-07 5.286401975457765e-07 1.4561614410261512e-08 0.001
1488 1.9817524988480601e-06 8.3318130999734549e-07 2.5587896403353307e-07 0.001
1489 1.9744343056550177e-06 2.3013628841057564e-06 5.9068987385328584e-09 0.001
1490 5.2915662526321194e-07 1.0986194345244467e-06 9.8342075220682922e-08 0.001
1491 2.1458844394381397e-06 2.4116952564834016e-06 2.7872020403405462e-08 0.001
1492 1.3398118644591191e-06 1.0045056498371586e-06 4.223092534445131e-08 0.001
1493 1.5309000387851843e-06 2.1952294232538086e-06 1.3318659745007912e-07 0.001
1494 1.0957144879465876e-06 1.5105575646563859e-06 2.5325022037705415e-07 0.001
1495 1.9435189068472412e-06 2.5012834775359899e-06 9.1377059064530157e-09 0.001
1496 8.2165102928327823e-07 6.3507550807433217e-07 1.6029495090653142e-08 0.001
1497 2.6050370667943696e-06 1.4493191975146152e-06 9.5434061596875639e-08 0.001
1498 1.4678865563172233e-06 9.8323340153540794e-07 5.8091374980485454e-09 0.001
1499 2.3041667108641774e-06 1.4439771053067427e-06 6.0089473587846488e-08 0.001
1500 6.4459409465155479e-07 6.5862539685770804e-07 8.4152221844562714e-09 0.001
1501 1.7320100544213679e-06 2.1891573910534929e-06 1.1118346992482696e-07 0.001
1502 1.8201575108632521e-06 2.2085338229640317e-06 1.8083488107420571e-07 0.001
1503 1.8724461867051396e-06 1.675909024783954e-06 3.2599196075314023e-07 0.001
1504 1.6943409947688777e-06 1.6201776893075579e-06 1.4841945788079114e-07 0.001
1505 1.1275339970657577e-06 2.1337693254708209e-06 3.1710620321633316e-08 0.001
1506 5.0844269067099487e-07 2.111922210593856e-06 3.9452170532218971e-09 0.001
1507 4.9409863767396833e-07 4.2024463244479387e-07 1.9303508295018423e-08 0.001
1508 1.1913861161640035e-06 2.1637084534755914e-06 2.4668592113268328e-07 0.001
1509 1.2845997585695768e-06 1.0894627710601724e-06 1.7433592530001558e-07 0.001
1510 1.1821023992924673e-06 9.7818088734859559e-07 1.8192471800844626e-07 0.001
1511 1.8104295261182801e-06 9.7725139901708459e-07 8.0205188900601014e-09 0.001
1512 1.3816820923652212e-06 2.4893302244157928e-06 3.7016023850629721e-07 0.001
1513 1.0336260796134856e-06 1.4978668938374259e-06 2.7498825372499646e-09 0.001
1514 2.3910300687161866e-06 2.4546536512412537e-06 1.5651569989387963e-08 0.001
1515 1.3837207480427119e-06 1.2456193935867881e-06 1.8736006262540441e-08 0.001
1516 4.3147254346784684e-07 1.6789333153336426e-06 3.9862350143552577e-09 0.001
1517 1.5346727375299356e-06 1.0032665074787836e-06 7.65410310628769e-08 0.001
1518 2.4847969222965055e-06 1.7480476101417119e-06 3.1354448651089432e-08 0.001
1519 1.4787756326378436e-06 1.9846248370356768e-06 6.9159376120186105e-08 0.001
1520 5.4868934915508701e-07 5.0719805366780757e-07 4.1618469895846665e-09 0.001
1521 2.3502417415709075e-06 1.1839168254374448e-06 2.226597879169435e-07 0.001
1522 1.1292188266526868e-06 1.0708619931726889e-06 2.7695886062793473e-08 0.001
1523 2.2196699114065495e-06 1.2194844693848437e-06 4.4877645250850504e-08 0.001
1524 9.6455128957550643e-07 2.3658253334662016e-06 1.1809288384756995e-08 0.001
1525 1.0325011089796758e-06 1.6356089480653102e-06 5.6315739675005458e-08 0.001
1526 1.4418508616236912e-06 1.1814908629610854e-06 1.2226831868281255e-08 0.001
1527 4.3036236498281778e-07 1.4177987826771082e-06 2.918800147526486e-08 0.001
1528 1.7488136355597697e-06 1.8101573260469807e-06 3.3176378809486481e-07 0.001
1529 1.2185248532458718e-06 1.412703476877308e-06 1.5580369898216604e-07 0.001
1530 5.5431888100210109e-07 1.0661508492615908e-06 6.5742392107710708e-08 0.001
1531 2.5865783767955455e-06 1.8460592048726796e-06 1.7314586716778291e-07 0.001
1532 2.5711553251011388e-06 1.966123365851687e-06 1.0607550520006724e-07 0.001
1533 2.3717251228034683e-06 2.6135449555809987e-06 4.1119867248042187e-07 0.001
1534 1.5924892547585728e-06 1.2470930669913785e-06 6.6180038288502735e-09 0.001
1535 1.5327901602412846e-06 2.229381744876932e-06 5.7868035977701372e-08 0.001
1536 7.479160873153117e-07 1.0941002158015006e-06 2.3510162297851356e-08 0.001
1537 1.0815955417927455e-06 1.1678520337983263e-06 1.1052537017411965e-07 0.001
1538 1.0084379017040831e-06 2.5948702346020064e-06 2.3082734564684453e-07 0.001
1539 2.4671284544948999e-06 7.6508233136143865e-07 8.4452466485415604e-09 0.001
1540 2.3646836955469531e-06 2.0229343014365442e-06 5.5345575607514115e-09 0.001
1541 3.7955322786445979e-07 1.7083061213922752e-06 3.7255544890861264e-08 0.001
1542 1.2917395314280076e-06 1.1614152769459447e-06 2.6212420383782375e-08 0.001
1543 1.2953276328175939e-06 1.844737549494551e-06 1.6614965574595387e-07 0.001
1544 2.6156875002523457e-06 2.35906897033028e-06 2.2347766201274517e-07 0.001
1545 2.5075644814693322e-06 2.4985709555738639e-06 9.7552915014911905e-09 0.001
1546 1.1087894012258692e-06 8.33518992303434e-07 1.7799355360665378e-08 0.001
1547 2.3535778894772797e-06 5.1224743783299302e-07 9.7248310745626561e-09 0.001
1548 2.1794066182952184e-06 2.2721584709300231e-06 1.3376748372408968e-07 0.001
1549 2.2825035924613789e-06 7.8382542551701125e-07 5.7602750493207292e-09 0.001
1550 2.1162511371699005e-06 2.2770265739010484e-06 8.781106270376474e-08 0.001
1551 1.8075969776213302e-06 1.9973897603726456e-06 1.6033163558573631e-08 0.001
1552 1.5106191913746355e-06 4.6132409497693448e-07 2.6564998133608037e-09 0.001
1553 1.221313407244656e-06 7.5272183542809418e-07 3.31467586125761e-09 0.001
1554 2.5441193542774952e-06 2.0191628657842771e-06 2.7003875844910301e-08 0.001
1555 1.6744371141042773e-06 1.245548898989699e-06 1.0998653174075506e-08 0.001
1556 1.1929159243254235e-06 1.3720337213244191e-06 2.5410905211875476e-08 0.001
1557 2.427372066940669e-06 1.8315873512879926e-06 2.4128089088480919e-07 0.001
1558 9.010391739439001e-07 9.6061642664692421e-07 1.3085265023956756e-07 0.001
1559 2.6210135816791663e-06 1.4643461157279564e-06 1.8575266416949498e-07 0.001
1560 2.0651041842503671e-06 2.2701552881465925e-06 3.629056149212391e-07 0.001
1561 1.7149751508114734e-06 2.6043361891527189e-06 7.4646243870610321e-08 0.001
1562 1.6669004021935628e-06 2.5235273243191528e-06 1.9491530383986077e-08 0.001
1563 2.4765456869116445e-06 6.9013172950391745e-07 1.05634457326453e-07 0.001
1564 4.0597760619601532e-07 1.7364607796848038e-06 1.4473011358161312e-08 0.001
1565 1.3025747597509422e-06 2.2473420307319549e-06 2.6738721655729986e-08 0.001
1566 2.3892104999759039e-06 1.5641670888911003e-06 4.9521279459780598e-08 0.001
1567 9.3745447036333005e-07 1.6672259035687091e-06 1.0366121334751704e-08 0.001
1568 1.1478908063931079e-06 1.0799808232654235e-06 6.6540482236688907e-09 0.001
1569 9.0747015746480218e-07 5.4949630238882785e-07 4.2445556013822862e-08 0.001
1570 1.2578813091316735e-06 9.2773675966943403e-07 7.8698548128515092e-08 0.001
1571 4.9662712972198239e-07 2.5162300582615368e-06 2.0979163374900671e-08 0.001
1572 7.9975267974453701e-07 1.041518124387691e-06 3.3344083058931193e-08 0.001
1573 2.5652051878961404e-06 6.0689615385298577e-07 1.5102767468735832e-08 0.001
1574 2.6077804572798364e-06 7.6516555907609066e-07 1.8493220484796792e-07 0.001
1575 1.9615228790544171e-06 5.5089613519503447e-07 5.2747384313659231e-08 0.001
1576 1.2197791854588226e-06 7.4037336973459991e-07 1.888706953879706e-08 0.001
1577 8.1171033710545233e-07 1.3628044484779423e-06 5.6261715192823917e-08 0.001
1578 1.2162347608743881e-06 1.1216995102455035e-06 3.478671952382392e-09 0.001
1579 1.2631819617669432e-06 1.7148345004523455e-06 1.2795893172773312e-07 0.001
1580 6.2292956525627129e-07 7.8173622034128446e-07 2.9738162633026963e-09 0.001
1581 5.6696923782328885e-07 4.2857140858785384e-07 4.694246826566501e-08 0.001
1582 1.2107557262942961e-06 1.0150819569244899e-06 2.9386367282709538e-08 0.001
1583 2.0391543106600161e-06 1.0474153764722224e-06 7.829068923542756e-08 0.001
1584 1.6929731812593684e-06 8.8300301172365378e-07 9.3068286414243437e-08 0.001
1585 1.4960035814901226e-06 1.824768012222054e-06 2.1638222669596872e-08 0.001
1586 2.1663083375347149e-06 1.8809046291937969e-06 1.7004525148848709e-08 0.001
1587 2.0783892374503726e-06 1.3753555942549879e-06 4.527013485083696e-09 0.001
1588 1.2027909786867652e-06 1.8945481764098003e-06 2.7364414945436681e-07 0.001
1589 1.1159514154209712e-06 7.4169329510983408e-07 9.1936850007395349e-08 0.001
1590 3.8802026859822551e-07 1.7234156293588543e-06 6.960688516222186e-08 0.001
1591 1.9819786495248578e-06 2.5613975595356347e-06 2.6332103684478223e-07 0.001
1592 2.0444973741801161e-06 2.3718579304548692e-06 2.5599077863154456e-07 0.001
1593 1.9332639818110814e-06 5.5455411134492646e-07 2.0086806570556242e-08 0.001
1594 1.9837092711124318e-06 1.9833949358969006e-06 1.2840979477237564e-08 0.001
1595 1.018338897287109e-06 4.4144637530685781e-07 7.2351560896301072e-08 0.001
1596 2.2547105900688149e-06 1.0425719603451099e-06 3.3372431658423593e-09 0.001
1597 1.7567586845193749e-06 3.806950441040313e-07 1.9239239398571308e-08 0.001
1598 1.6230243373832185e-06 1.5056674516365718e-06 4.4451004030845011e-09 0.001
1599 9.4654023533357133e-07 5.0840700198655088e-07 2.0671850854868832e-09 0.001
1600 4.7137719578071786e-07 2.3478080329339844e-06 3.1595626858953246e-09 0.001
1601 2.3944395466641513e-06 1.5153547472762738e-06 3.9091300866188335e-07 0.001
1602 2.0342498062335998e-06 5.748424650908289e-07 9.2839517273283651e-08 0.001
1603 1.2567043488858911e-06 1.8191721823014188e-06 1.1234433450276576e-07 0.001
1604 1.5908982600772216e-06 8.8537537953114416e-07 2.1589633232436126e-08 0.001
1605 6.8280912469423573e-07 9.4627099193834464e-07 1.1515448885528547e-07 0.001
1606 6.0486772930346507e-07 9.3594224328882885e-07 7.4273147700506061e-09 0.001
1607 9.7130106304202603e-07 1.6131368656812335e-06 8.259356872902748e-08 0.001
1608 1.903761393869292e-06 8.5906313490023705e-07 3.4654749292683405e-08 0.001
1609 5.5963103998177148e-07 2.6059390485071907e-06 3.4013355239365243e-08 0.001
1610 2.033932872699204e-06 7.1094537231816155e-07 4.0881716416308158e-09 0.001
1611 6.0133609515104401e-07 7.825641796571287e-07 8.9558720138057534e-09 0.001
1612 2.2176046691384853e-06 1.4289109085477865e-06 5.9059008109787966e-08 0.001
1613 1.2631641734141548e-06 1.8258186762023925e-06 1.765922985662128e-07 0.001
1614 1.6252507823436308e-06 9.9234935263307274e-07 2.4927120530256767e-08 0.001
1615 1.6466742746575287e-06 2.2438924243478191e-06 1.4126899096324061e-07 0.001
1616 1.5305501446144678e-06 4.0394665591475286e-07 2.6073930179704118e-08 0.001
1617 1.5797028545354005e-06 1.2576021753043135e-06 6.2855009295787898e-08 0.001
1618 5.8749652361221284e-07 1.5023336142464167e-06 3.9232355468020879e-09 0.001
1619 9.8030961911297727e-07 7.2397167639713704e-07 3.6393433592793086e-08 0.001
1620 1.6864164154556389e-06 9.6558301961081583e-07 1.2994266129886695e-07 0.001
1621 5.765108817072798e-07 1.3337745087680144e-06 5.1960104513363366e-09 0.001
1622 2.4154178645594655e-06 1.6740916617642547e-06 1.1199628070165536e-08 0.001
1623 1.7709750949147652e-06 1.1806659842511705e-06 3.4806476620398662e-08 0.001
1624 1.0792987885429507e-06 1.8269772750537994e-06 5.4445536544677358e-08 0.001
1625 1.3818146793896703e-06 2.1150558284421907e-06 9.4078823941063145e-09 0.001
1626 5.6851018636945612e-07 1.1173605081868961e-06 6.0490540585892711e-08 0.001
1627 5.941298158280555e-07 1.2605434449524846e-06 9.3005171321055712e-09 0.001
1628 2.0267333254185038e-06 2.2744867284645333e-06 1.4761229233089389e-08 0.001
1629 1.1609668007132748e-06 8.0446977750751487e-07 5.9961373448566712e-08 0.001
1630 1.0242773814947211e-06 6.6020873846506596e-07 2.6413646474855458e-09 0.001
1631 9.1012758324716885e-07 2.3581231469606567e-06 2.6020459096700548e-08 0.001
1632 1.8640559885107106e-06 2.4951901169949109e-06 1.308668365153384e-08 0.001
1633 1.5723376187391163e-06 1.7849344718298865e-06 5.2899675307493831e-09 0.001
1634 1.8774144770318513e-06 2.5833682935994103e-06 4.9286271224959059e-08 0.001
1635 2.2690903010378076e-06 7.1774369311756237e-07 2.5428924389687871e-07 0.001
1636 2.5660602788468678e-06 1.5704815851023862e-06 1.7396309682401187e-08 0.001
1637 7.0755183662408339e-07 1.3150286068882893e-06 9.9325871635078034e-08 0.001
1638 1.7832620954481035e-06 1.7944710762507874e-06 6.2249867800395802e-08 0.001
1639 2.555440617298854e-06 2.2658127136973193e-06 1.9076454661178908e-08 0.001
1640 2.5758135726095449e-06 2.516461895083824e-06 2.3712564158173343e-08 0.001
1641 3.8027335786431269e-07 1.5823302855436109e-06 1.4347717271109221e-08 0.001
1642 2.043143312415991e-06 2.4023960951751452e-06 3.0054238850515108e-08 0.001
1643 1.8102821227406611e-06 2.4781767480854506e-06 3.6881598216225628e-07 0.001
1644 5.4726842355447788e-07 2.1754148315110273e-06 3.549704328191769e-09 0.001
1645 6.0378107470638112e-07 6.6577050751693838e-07 1.8724901191062762e-08 0.001
1646 9.9712622999457223e-07 1.9070014015131582e-06 2.8359819853787815e-07 0.001
1647 1.2958912096315164e-06 1.7792627920615549e-06 2.060551925039668e-07 0.001
1648 2.2427648926947416e-06 7.3638355166142981e-07 3.4840423587593868e-08 0.001
1649 1.4574122834219344e-06 2.0701366766721388e-06 7.5873205274198329e-09 0.001
1650 1.7077346745707183e-06 1.5507556594096715e-06 2.2010319953951142e-08 0.001
1651 1.638228716031837e-06 6.4677224655733848e-07 3.4514994716200686e-09 0.001
1652 2.3515631277668666e-06 2.1244610156382642e-06 2.2569737534826693e-08 0.001
1653 1.8908010357004478e-06 1.8556751538186508e-06 5.1993007507262843e-09 0.001
1654 2.0888221913617902e-06 1.7003743393020632e-06 1.0394252286375521e-08 0.001
1655 1.4719696514565382e-06 8.1377113943048349e-07 3.2851975725422512e-08 0.001
1656 1.179505359469349e-06 2.2527725054884877e-06 2.3167091658554426e-08 0.001
1657 1.6189969611045228e-06 2.0636482731831346e-06 1.97382728475092e-08 0.001
1658 1.4859120570615433e-06 1.1189213871427178e-06 9.1887538325743911e-08 0.001
1659 2.4789952502395475e-06 6.0809642514494057e-07 4.1484764831900652e-09 0.001
1660 2.0202265328919764e-06 1.3736038834841262e-06 8.2771542735550522e-09 0.001
1661 1.8784950221291099e-06 1.1137269460413462e-06 3.5919101128666893e-08 0.001
1662 7.5287472184722069e-07 2.5628430448008935e-06 1.4325826300966221e-08 0.001
1663 4.3890599691003778e-07 7.7774770354605707e-07 4.4224174075465231e-09 0.001
1664 2.2804452898524841e-06 9.0834892970344814e-07 4.0985195834652286e-09 0.001
1665 7.5045484473969349e-07 1.7536947472330839e-06 1.0958228451536156e-07 0.001
1666 2.1471853580583487e-06 6.6945372459323812e-07 3.1946607236615807e-08 0.001
1667 2.0658441606644489e-06 1.9886304151101361e-06 6.7352075467486636e-09 0.001
1668 5.2226402350387587e-07 9.0998073275421503e-07 7.8340200307617987e-09 0.001
1669 5.1879272339854942e-07 1.1912796906786904e-06 4.5282626600260316e-08 0.001
1670 1.9566715966742121e-06 2.3423710054698978e-06 2.2348615682117102e-08 0.001
1671 1.432582461328302e-06 2.5768392064058937e-06 4.2651123208597893e-09 0.001
1672 9.5297154354220615e-07 2.5284683885785732e-06 5.516441423762028e-08 0.001
1673 1.7575837720434334e-06 2.3487337683580482e-06 1.0466955306171813e-07 0.001
1674 1.7324942049306165e-06 3.7741797589970798e-07 2.2164069633590258e-08 0.001
1675 1.0779483298751601e-06 2.3811200477211651e-06 8.3231668035269499e-08 0.001
1676 1.6117224244294311e-06 1.7155531355160917e-06 7.6650602535764259e-09 0.001
1677 2.5106801870374293e-06 2.1323802170258267e-06 4.4677941653064828e-07 0.001
1678 8.0768831440148777e-07 2.5849401189701471e-06 7.9604631201589383e-08 0.001
1679 1.4661285759888024e-06 2.0494537611218829e-06 1.620098541417556e-07 0.001
1680 1.6269718711936169e-06 1.8497174689154756e-06 6.4144330956927837e-08 0.001
1681 4.4681930382968522e-07 1.9058797943975085e-06 1.0957223178976496e-07 0.001
1682 5.3289669756688802e-07 1.4008701057984313e-06 1.1515315326752856e-08 0.001
1683 6.0214239781308649e-07 1.3562891553508592e-06 1.9487314181464224e-08 0.001
1684 1.4546610664310301e-06 2.5376548016873597e-06 3.4384104481966782e-08 0.001
1685 1.0716782676974049e-06 2.1270866781060668e-06 5.9124652088619222e-09 0.001
1686 9.6864195211501231e-07 4.4372138212959307e-07 7.3695293040513364e-08 0.001
1687 2.4453302476021382e-06 1.9845358120586847e-06 7.2941639289666491e-09 0.001
1688 4.1002721200334988e-07 1.1231916890315968e-06 2.598493068388096e-08 0.001
1689 1.5778231999995676e-06 1.5726430040714882e-06 4.8483262560389772e-09 0.001
1690 2.0208943282022831e-06 1.2934154251143519e-06 7.9793940909115433e-08 0.001
1691 4.6182445447758052e-07 9.5212843546402358e-07 6.6796449446497628e-08 0.001
1692 1.1161596045526903e-06 1.2290845403506831e-06 4.2823668417447741e-08 0.001
1693 1.1369888762846445e-06 1.8059696148309334e-06 3.6696771593505481e-09 0.001
1694 8.9312434741355758e-07 4.912945038477447e-07 2.2980936745688166e-09 0.001
1695 2.4844665714070574e-06 8.8988536170697509e-07 1.8654101043476765e-07 0.001
1696 4.3790049652913722e-07 1.303569798938305e-06 5.7522887442873404e-09 0.001
1697 2.4885482195631588e-06 1.0393984509719212e-06 7.5629879530436457e-08 0.001
1698 1.1521105613866947e-06 1.7113430398434953e-06 2.1906879276590638e-08 0.001
1699 9.3621448891736428e-07 1.9426658744438395e-06 1.2847738785477077e-07 0.001
1700 1.8731413738072033e-06 1.2332687702037924e-06 5.8069897387012798e-09 0.001
1701 1.302599065589473e-06 2.4168514568152487e-06 1.8401348757677578e-08 0.001
1702 1.1758452278922214e-06 1.7444063423341326e-06 3.227457259922703e-09 0.001
1703 1.4161389905790479e-06 5.3505902002781081e-07 1.533290873181293e-07 0.001
1704 8.6283163282354324e-07 1.9116208629046898e-06 7.0138374114256996e-09 0.001
1705 6.8580059173768162e-07 1.113457169329007e-06 2.0838705229422016e-09 0.001
1706 1.7465820095236038e-06 2.1276522610290481e-06 1.171410285324724e-08 0.001
1707 2.4244209562028841e-06 1.4945700070965507e-06 9.1552962319361779e-09 0.001
1708 2.4362202856786566e-06 1.265937121775783e-06 2.5917936335093609e-08 0.001
1709 1.529918340133881e-06 2.6040797397004298e-06 1.9902807461664109e-08 0.001
1710 2.3246323218022753e-06 1.2105885039794524e-06 1.4071492667893993e-08 0.001
1711 1.7129336948203976e-06 1.6041056419407739e-06 1.2802417397255569e-07 0.001
1712 4.583129664147141e-07 4.862449275754525e-07 5.0377459665078543e-09 0.001
1713 1.7620297343582834e-06 7.6386986506349005e-07 3.4588917235401035e-09 0.001
1714 1.4429326770780954e-06 6.1080287976276344e-07 1.1038965261197805e-08 0.001
1715 8.8714735054898097e-07 1.4145780191875458e-06 8.8528165004759174e-08 0.001
1716 1.5169459302222504e-06 2.5906798224911431e-06 6.8729345465717482e-08 0.001
1717 9.5706427918541787e-07 8.7532742868807798e-07 8.1780417539385392e-08 0.001
1718 1.1359515687501888e-06 5.6017535887627128e-07 3.1927077184195345e-09 0.001
1719 7.9406829991766262e-07 1.9165793241684414e-06 2.5696790600391479e-08 0.001
1720 1.5512946910582307e-06 4.2681510700761323e-07 9.8429392892608429e-09 0.001
1721 9.3605731635111515e-07 3.8140912575333297e-07 4.7308406077772083e-08 0.001
1722 1.4483135647155042e-06 2.3082350041759047e-06 4.5433838064472116e-09 0.001
1723 1.0647615303056556e-06 7.0494039924205039e-07 7.9797146034674018e-08 0.001
1724 6.5758396535947096e-07 1.2659853186838971e-06 3.9708358578403835e-08 0.001
1725 8.8599734865694042e-07 1.2396988200823417e-06 8.4233343802482982e-08 0.001
1726 2.3026468119006962e-06 9.6693165011083621e-07 7.457378867448662e-08 0.001
1727 1.4765006884253028e-06 2.0725146950925592e-06 1.4762055105086566e-07 0.001
1728 8.8071074261516392e-07 1.6058440419291671e-06 1.210119298521458e-07 0.001
1729 1.1065595291229667e-06 1.6973829085188184e-06 5.8424849803394779e-09 0.001
1730 1.3628544383323423e-06 1.9256616115738735e-06 5.9113867454909103e-09 0.001
1731 2.323275640998014e-06 1.3332816972917558e-06 1.6068036915501847e-08 0.001
1732 2.0324436980812746e-06 1.0087282126948821e-06 1.1000929422448289e-07 0.001
1733 2.3244116980091259e-06 9.5724949583878983e-07 1.0425928973202589e-07 0.001
1734 1.0714584660760618e-06 2.5360569754382316e-06 2.8371690774579208e-07 0.001
1735 2.2503965840461048e-06 9.3762925969390736e-07 2.0113896469161869e-08 0.001
1736 1.7579739275882073e-06 1.6307612374425468e-06 2.2934788767377766e-07 0.001
1737 1.4313579796637804e-06 1.9900280820184522e-06 2.5464187297970798e-08 0.001
1738 7.2292332245965301e-07 2.4920248027724669e-06 8.1159166552093731e-08 0.001
1739 1.9418130508429336e-06 2.3186929500724996e-06 2.9147547278902315e-07 0.001
1740 1.9136656919510009e-06 9.7886337725312869e-07 1.4959613307216317e-08 0.001
1741 1.1537384727146831e-06 1.1437697239939872e-06 1.16464527251535e-08 0.001
1742 1.4248052678357802e-06 1.2484511354037616e-06 7.0030463187127708e-08 0.001
1743 2.5454997569566068e-06 2.0147832039446703e-06 2.3482599375056144e-07 0.001
1744 1.2819745818626816e-06 1.178594818945158e-06 3.273709323399494e-08 0.001
1745 1.0826127347065712e-06 2.2854401987519439e-06 6.2909715517807702e-08 0.001
1746 2.5624934477390033e-06 2.0323259693496608e-06 8.6797170127962406e-08 0.001
1747 1.28909143251625e-06 1.5931494814174031e-06 1.4453097618183675e-07 0.001
1748 4.4439034640642278e-07 7.5219535512337814e-07 1.901503991792461e-08 0.001
1749 2.0530448294973667e-06 1.6643059660244489e-06 2.2273384721225374e-08 0.001
1750 2.424058123326898e-06 1.8110929394006161e-06 6.5463734210968363e-08 0.001
1751 2.576069179888573e-06 2.2173475137698062e-06 2.0960023407185685e-07 0.001
1752 8.5269191071308992e-07 2.4560702919985053e-06 1.0308645201697056e-08 0.001
1753 2.20819402604292e-06 4.7831729758799428e-07 2.7091574131840138e-09 0.001
1754 2.5797915747791657e-06 4.2364545014941367e-07 6.7525802868461693e-09 0.001
1755 9.7797018130430499e-07 5.2823640180090924e-07 7.648976285981649e-08 0.001
1756 1.6987583718269682e-06 1.1561966779779931e-06 2.2837897785034652e-07 0.001
1757 5.4282142495246135e-07 1.8354200690356346e-06 1.0851670702865112e-08 0.001
1758 2.4546819859509967e-06 8.0517563410388801e-07 2.2840710341271902e-07 0.001
1759 5.8281086261551477e-07 1.3489628714567225e-06 1.861894445609365e-07 0.001
1760 6.9621607419949878e-07 6.1363804945721377e-07 8.8533545722882714e-08 0.001
1761 1.7855560481470167e-06 1.2652665064011915e-06 2.6198461172353244e-07 0.001
1762 2.3621754638827765e-06 8.5625744071572902e-07 1.0261824698564433e-08 0.001
1763 6.3451142539708731e-07 1.0044324573120617e-06 4.0025156677417426e-09 0.001
1764 5.470133147098543e-07 1.6563203087896959e-06 1.4561414110556764e-08 0.001
1765 2.3560043322599739e-06 1.0695763679506944e-06 1.9401800148585236e-08 0.001
1766 9.1359839301780518e-07 1.4192621826428255e-06 2.7716065162092264e-09 0.001
1767 1.310614441874354e-06 1.8927364081067122e-06 8.5062496345438022e-09 0.001
1768 5.5731677010211575e-07 5.9762775488853046e-07 1.468491377619481e-08 0.001
1769 2.050103720521359e-06 1.7840465989631542e-06 8.0485912877093083e-08 0.001
1770 8.5710792144162324e-07 1.5395659245601015e-06 1.5128548474134772e-07 0.001
1771 2.3244742987342574e-06 1.7050730872381157e-06 1.1012463314222148e-07 0.001
1772 2.3645410457843048e-06 9.4678069555168954e-07 8.027068225166568e-09 0.001
1773 7.2173177484798953e-07 1.936420062785332e-06 2.9538743611402647e-08 0.001
1774 4.7573899153942668e-07 1.2337182781582035e-06 9.2803719779906418e-09 0.001
1775 2.0284851639764056e-06 1.9324272351932693e-06 2.3629933662940222e-07 0.001
1776 1.2046127819783338e-06 1.7447465326064337e-06 2.9644947451963895e-08 0.001
1777 1.0283423587420751e-06 1.9089906497740468e-06 9.8733120380536315e-08 0.001
1778 1.1363972599756796e-06 9.908326331406818e-07 2.5639756791912455e-08 0.001
1779 1.9134089037788739e-06 1.2423128458303477e-06 6.1822637534036043e-09 0.001
1780 7.6820474526848156e-07 2.3954608519875173e-06 2.5322357170736211e-07 0.001
1781 2.5647110418639617e-06 2.2383389255747579e-06 4.0746322927162327e-08 0.001
1782 1.2025969895956489e-06 1.8564270336543533e-06 2.5811771993750134e-08 0.001
1783 2.6239724729588479e-06 1.2281044257182395e-06 8.6108318238019694e-09 0.001
1784 1.8199015690756091e-06 5.6961405223254375e-07 6.3322977341348205e-09 0.001
1785 5.9345897869696938e-07 1.5343055742975789e-06 1.5699192655467275e-07 0.001
1786 1.7432677820336824e-06 2.5078566949207256e-06 5.1137613458774372e-09 0.001
1787 1.6611664265756415e-06 8.96158650942076e-07 2.1571685824435687e-07 0.001
1788 9.4669857284010526e-07 4.0953456714854373e-07 4.6307611866929968e-08 0.001
1789 2.5437813363498095e-06 1.6027361216706381e-06 4.3192800508666675e-08 0.001
1790 2.5197291118545919e-06 8.3379406424882464e-07 1.1151815089357413e-08 0.001
1791 1.7838583456930652e-06 1.2487400876262422e-06 4.657415052564436e-08 0.001
1792 1.9920220769440434e-06 1.0663949243350285e-06 1.1936815937874629e-07 0.001
1793 5.7733295772324435e-07 8.70947248966557e-07 7.6421347227475593e-09 0.001
1794 9.1750733173664086e-07 1.6009274548813624e-06 4.5432438681819045e-08 0.001
1795 1.8748642096301571e-06 2.3124689669750863e-06 5.12146752475237e-09 0.001
1796 1.579674682742934e-06 2.025161529730395e-06 4.2623222748855226e-08 0.001
1797 4.4869553291974875e-07 1.6984453634844612e-06 7.8245422656971578e-09 0.001
1798 1.3059818277089027e-06 4.3946203566423605e-07 2.5167483777905184e-08 0.001
1799 1.4577149573029504e-06 2.0886511842600204e-06 4.4197755958288496e-08 0.001
1800 1.4496087438803314e-06 1.7876047615545407e-06 5.5149012289950429e-09 0.001
1801 2.4684355084504127e-06 2.6114803679044609e-06 1.4328487827461296e-07 0.001
1802 1.6553329271509334e-06 2.441381369267181e-06 4.4532453743078427e-08 0.001
1803 1.7356668746499742e-06 7.9978706769819141e-07 7.9931895214686341e-09 0.001
1804 1.5767750111937924e-06 2.1923329463560901e-06 5.6844364967805791e-09 0.001
1805 1.7439307545301998e-06 2.1075174776775602e-06 6.7351076072574726e-08 0.001
1806 1.6092809800799644e-06 1.8489405506909192e-06 4.1259922045049125e-08 0.001
1807 4.8181367909090893e-07 1.7204065459824229e-06 1.1292908088852154e-07 0.001
1808 1.5861801864298538e-06 1.4427945061932431e-06 4.7010702126719647e-09 0.001
1809 2.1906450499713622e-06 1.0361264719576827e-06 8.3930688401533618e-09 0.001
1810 2.3906742416072005e-06 2.4289894198500524e-06 8.5202814764730487e-08 0.001
1811 1.4558118723417464e-06 2.3843695863466254e-06 9.419317812816597e-08 0.001
1812 2.3050332721564211e-06 1.0542834174470567e-06 3.3798593583548982e-09 0.001
1813 2.231644554499788e-06 1.7601109615261499e-06 9.4247714655607848e-08 0.001
1814 1.4406966816232843e-06 1.8990998019399821e-06 7.1307932411255231e-09 0.001
1815 1.7117961280939628e-06 1.5941392960689859e-06 5.4124113255758963e-09 0.001
1816 5.4119175791911615e-07 2.4761691620446588e-06 1.8910618389748149e-07 0.001
1817 2.1986126910148713e-06 5.475907930682589e-07 1.606629888287635e-08 0.001
1818 1.7463927098860581e-06 2.2719390630490408e-06 8.2980574795171605e-08 0.001
1819 1.3991843861530514e-06 1.7468759639044466e-06 1.0609204959093088e-07 0.001
1820 1.0057842263058758e-06 2.3508213214281796e-06 7.6807668254272222e-09 0.001
1821 2.4674043137987014e-06 1.7728002542253771e-06 1.2086134203209803e-07 0.001
1822 5.5530931226533297e-07 1.9289063766996116e-06 4.9397552324661276e-08 0.001
1823 1.5825305570076573e-06 2.6132934793918796e-06 1.201095406221399e-08 0.001
1824 5.5368415586299444e-07 6.6528290642916708e-07 5.7799753801130113e-09 0.001
1825 1.1122566867790824e-06 1.6881816473354149e-06 1.5382243744961023e-08 0.001
1826 1.4391608171901415e-06 1.3964083322552835e-06 2.2489948149514148e-07 0.001
1827 1.1714682897282986e-06 1.0333038830746487e-06 4.8106561048528987e-09 0.001
1828 3.7962696030601082e-07 7.0723499537700799e-07 2.5826973538538825e-08 0.001
1829 1.2691200727311963e-06 2.3386084512761711e-06 5.9238577163217551e-08 0.001
1830 1.3649913171269628e-06 1.9385568840024465e-06 8.9809036550260696e-09 0.001
1831 1.9172780461114213e-06 2.6140361291981853e-06 6.4129975070920374e-09 0.001
1832 1.4686532442382795e-06 2.19787347479647e-06 3.2168228256635651e-08 0.001
1833 2.1699229522217244e-06 1.1419168956216002e-06 1.4773355973634393e-07 0.001
1834 6.9302541583431681e-07 2.0429596275134324e-06 8.1332222567243709e-09 0.001
1835 2.4610200619190295e-06 7.2087046506296172e-07 1.5627524175145439e-08 0.001
1836 1.5544427500587502e-06 6.2103653361730293e-07 3.1070294092923716e-09 0.001
1837 1.8152170125895418e-06 1.7009512788987432e-06 1.3031589737617422e-08 0.001
1838 1.1775255391908113e-06 7.3641687167305953e-07 1.0534542677722137e-07 0.001
1839 2.3474366411599147e-06 1.2215517099813797e-06 3.1301744661313915e-08 0.001
1840 4.7991950549965169e-07 2.0281711366788764e-06 1.4154258911198856e-07 0.001
1841 1.3452872399744778e-06 5.3302038808975158e-07 6.3540495150070137e-09 0.001
1842 2.0282263285581965e-06 2.573232680240001e-06 6.508768329105387e-08 0.001
1843 2.0388711586831353e-06 1.1029967284812641e-06 1.013002398201013e-07 0.001
1844 2.4882423848795223e-06 2.1404573632897934e-06 2.1043116551424818e-07 0.001
1845 1.8440620655255176e-06 1.4810914213363617e-06 4.6681543462014999e-08 0.001
1846 7.6350930923961458e-07 2.5179856440286597e-06 1.4006981063019959e-08 0.001
1847 4.5522540370790337e-07 2.5266527821774008e-06 2.1082752121858016e-08 0.001
1848 5.4678557655295717e-07 2.3461765432219453e-06 3.1629528909799678e-08 0.001
1849 1.4579352376047818e-06 1.7399632634427368e-06 4.7475143977847851e-08 0.001
1850 6.8764290866546e-07 2.273421030435172e-06 5.0163201394773539e-09 0.001
1851 1.8821972695748043e-06 8.7103405938032573e-07 9.36171785451351e-08 0.001
1852 1.215655880849021e-06 6.9221328073825456e-07 2.030094413486486e-08 0.001
1853 1.8265939776136814e-06 6.0700813834077962e-07 9.9363586723341278e-08 0.001
1854 1.8293886852091663e-06 2.242903633594884e-06 1.8090319052755443e-08 0.001
1855 9.2513875481090976e-07 2.280011625379787e-06 6.2744645091278451e-09 0.001
1856 4.9486972790317387e-07 7.1329877018106727e-07 1.246822291522461e-09 0.001
1857 9.6238110576417031e-07 1.3495040374401987e-06 1.4412487130836175e-08 0.001
1858 1.0454357821012062e-06 5.8263251152059082e-07 2.1494931293934071e-08 0.001
1859 1.3169169689806217e-06 1.0726502648431712e-06 1.2529391055881029e-07 0.001
1860 8.0844774283257286e-07 2.3110268921521493e-06 1.6123326409321008e-08 0.001
1861 2.5462227938608644e-06 1.5462687943785257e-06 2.9222108553450651e-07 0.001
1862 1.6126721281808307e-06 2.1825098171878764e-06 2.6453340505446081e-08 0.001
1863 1.0569731039487253e-06 1.3382752880370332e-06 3.8205654071519227e-08 0.001
1864 2.5483300738737974e-06 2.0160962558274899e-06 2.8664503411049134e-08 0.001
1865 2.2593406470425739e-06 8.1882192860575342e-07 1.054802664902297e-08 0.001
1866 9.004013113349473e-07 2.5477898467937099e-06 4.3137782075015106e-08 0.001
1867 2.1544511013139848e-06 4.3725919941468191e-07 1.5851207366475213e-07 0.001
1868 1.9905114777180127e-06 2.4047313727531808e-06 1.8643216234881615e-07 0.001
1869 5.7472468338000772e-07 1.1238670638395816e-06 8.8334089718222282e-09 0.001
1870 1.0545657149716802e-06 2.132620267362949e-06 5.5359476228100956e-08 0.001
1871 1.7229955280737841e-06 1.1291883767461432e-06 3.2401827778325331e-09 0.001
1872 2.4683670432354116e-06 1.0181268189591934e-06 4.455310592565207e-09 0.001
1873 2.1347020190255743e-06 1.0702798355901352e-06 1.5665243510650293e-08 0.001
1874 1.2562474733826004e-06 1.6834854883935562e-06 1.0443349019664601e-07 0.001
1875 2.023074405563052e-06 1.6068481396395491e-06 6.0499763640529418e-08 0.001
1876 2.6184360296837652e-06 1.3939920738680521e-06 1.0637770461413584e-07 0.001
1877 9.3281764937960836e-07 2.3667936115576422e-06 3.7780526491097461e-08 0.001
1878 6.0175936530752789e-07 7.2896007570658095e-07 1.370549821632102e-09 0.001
1879 2.3796366454964747e-06 1.1275644909696617e-06 9.9297780244977866e-08 0.001
1880 1.3537361554784589e-06 1.8429243020472693e-06 6.0104621306493945e-08 0.001
1881 1.7048167969930884e-06 1.9559237197173352e-06 9.3072123012374623e-09 0.001
1882 2.0873244609575815e-06 1.6776420870425743e-06 2.7734856685503896e-07 0.001
1883 2.5935309577788893e-06 7.9200996711597601e-07 7.4467161221997104e-09 0.001
1884 1.6628743103330656e-06 5.929269687995799e-07 2.1932235009784037e-08 0.001
1885 2.4161299124105083e-06 2.2778746184860718e-06 4.3596855349228035e-07 0.001
1886 1.0577139631750266e-06 3.857576795221959e-07 1.4856236262733864e-08 0.001
1887 8.9611605727422098e-07 4.9109275373743495e-07 5.004569474608926e-09 0.001
1888 2.2403645951134696e-06 1.2203097546237822e-06 1.6657934336476733e-07 0.001
1889 8.7495899853563347e-07 6.9535816493905038e-07 3.7159080529342417e-09 0.001
1890 1.5379056804576663e-06 1.7387083050288372e-06 6.278249963167216e-09 0.001
1891 2.3240967627297377e-06 5.2577084697915106e-07 6.4056299282621212e-08 0.001
1892 2.142190157167069e-06 2.311027102655489e-06 3.039319820797519e-07 0.001
1893 7.9354297076339006e-07 1.8948254632344144e-06 5.5243594640345253e-09 0.001
1894 2.0607495709818955e-06 2.3668299030511859e-06 4.3357156852459096e-07 0.001
1895 1.632106035186202e-06 2.2269483588765615e-06 1.5772340915119032e-07 0.001
1896 8.5366059671553519e-07 1.403487827969628e-06 7.7434525362283442e-09 0.001
1897 2.5776760334163901e-06 2.1948229215931189e-06 6.3637531486348461e-08 0.001
1898 1.2927630290270538e-06 1.9073300863520144e-06 4.4781060940059216e-08 0.001
1899 2.2457553645848492e-06 1.0187471288377655e-06 2.2220904458536819e-08 0.001
1900 1.6353728315117399e-06 9.2388182119482327e-07 2.0774512622885448e-07 0.001
1901 2.5074963165422983e-06 4.2411992886202455e-07 4.1569114371267986e-09 0.001
1902 1.9423221368413229e-06 1.1169294148751786e-06 1.4863120587214599e-08 0.001
1903 1.2111683558818049e-06 1.1483247487467193e-06 8.6669375512948294e-08 0.001
1904 7.1928904751857254e-07 6.6798786484240542e-07 9.4731827943107992e-09 0.001
1905 7.2218686999729803e-07 9.4321012039283853e-07 3.8590745193225738e-08 0.001
1906 1.1077420209517681e-06 6.261232573670323e-07 1.1330915340839312e-07 0.001
1907 2.0491664104049903e-06 1.9594212119200724e-06 7.0702024866605153e-08 0.001
1908 2.392201920495504e-06 4.3294242019033529e-07 1.757854845295191e-08 0.001
1909 2.509060128898749e-06 2.3366321403792386e-06 2.70284683992972e-08 0.001
1910 1.4941387614763797e-06 2.2575582883200426e-06 1.0010469330194084e-07 0.001
1911 5.6390513092896442e-07 2.3290678047462809e-06 2.2576099889264678e-07 0.001
1912 1.507606541141137e-06 4.2104702647871749e-07 1.1674361509497754e-07 0.001
1913 1.2594609775413093e-06 1.1152618081433697e-06 5.2858589953792227e-08 0.001
1914 6.4824184099401216e-07 2.5908346592495879e-06 5.5628404613471067e-08 0.001
1915 1.5390435974472504e-06 1.5858308040325467e-06 1.6079979703858001e-08 0.001
1916 7.1159452246759345e-07 1.0383617346102834e-06 2.8939217213421871e-09 0.001
1917 2.0875817449008407e-06 1.9797309518816779e-06 1.1745004754437375e-08 0.001
1918 3.8532302038464159e-07 1.188901034140867e-06 7.4096401443678759e-08 0.001
1919 1.7339166477156928e-06 1.1967419451525133e-06 6.3642936054301114e-08 0.001
1920 2.5878242471311389e-06 6.5218753881345877e-07 2.7145575482964687e-08 0.001
1921 1.118009407257086e-06 2.2287726007781915e-06 1.6727079442034156e-08 0.001
1922 1.0286788861558145e-06 1.4473985789494194e-06 8.4687329336882577e-08 0.001
1923 8.5494648019629343e-07 2.2096069985105815e-06 4.3965580162706858e-09 0.001
1924 7.7185732511925077e-07 3.7802388562214062e-07 5.885728119493592e-08 0.001
1925 1.6989464423708842e-06 2.5531328944182677e-06 3.2504784313876102e-08 0.001
1926 9.5793517104548606e-07 1.6178089055128151e-06 5.6384181739979661e-09 0.001
1927 1.3957890797806185e-06 1.0091638776397716e-06 5.4614726318808198e-09 0.001
1928 2.1162606264680785e-06 6.4680789796438825e-07 3.8937438411992071e-09 0.001
1929 1.9815086167735998e-06 2.0042343603735266e-06 4.8518106045186943e-08 0.001
1930 8.2785938707359901e-07 7.4016507117357161e-07 3.5323845697577958e-09 0.001
1931 2.5071437951489989e-06 1.885811545601796e-06 1.1419783541203293e-07 0.001
1932 1.7165227345739087e-06 7.9931194728281387e-07 2.5091530380927744e-07 0.001
1933 2.0389156400168941e-06 8.232162625197351e-07 3.4113385006462293e-09 0.001
1934 2.1570057931112574e-06 1.1979688525076612e-06 4.035465978335736e-09 0.001
1935 7.0155837421514528e-07 2.3586171850589498e-06 1.4299821848433031e-08 0.001
1936 1.8575724969997312e-06 1.4952646066261408e-06 1.1238744871999293e-07 0.001
1937 2.0628833678423426e-06 1.250368539383029e-06 2.0877746384680036e-07 0.001
1938 4.3238041487857548e-07 1.6499814821563003e-06 1.7508997037598317e-08 0.001
1939 2.5018325615922592e-06 7.6573784526792784e-07 7.7482193554166201e-08 0.001
1940 6.1312084408669945e-07 1.464965142540026e-06 1.0478467989751783e-07 0.001
1941 1.9615863314102524e-06 1.2870778210259891e-06 1.880640465602355e-08 0.001
1942 1.8382325221135931e-06 1.5215694836545323e-06 7.6822622150651557e-09 0.001
1943 1.8323765759216657e-06 6.3621399807584577e-07 3.4359432615922739e-09 0.001
1944 2.3150982939157431e-06 2.4529587945766552e-06 1.9992575047519769e-08 0.001
1945 1.4694953566843494e-06 1.4304226884065212e-06 8.2560488971155901e-08 0.001
1946 1.9028883683632217e-06 2.2274351439294816e-06 4.3556761490771681e-08 0.001
1947 7.4603625321451654e-07 2.6193036001973722e-06 1.9908258295281154e-07 0.001
1948 2.3052303027297608e-06 2.1251920648860477e-06 8.9015611129090627e-08 0.001
1949 6.2026633132894309e-07 1.718481524637652e-06 1.9614544370062095e-07 0.001
1950 6.4163442092065012e-07 1.5219523453779245e-06 3.0693491527545861e-08 0.001
1951 1.7980058621059813e-06 1.5700858095209527e-06 1.5013912938944611e-08 0.001
1952 2.0897676715122796e-06 6.7131735067987129e-07 1.2829815452329537e-07 0.001
1953 1.2421252172358926e-06 2.2173066923312348e-06 1.3137375351715202e-08 0.001
1954 2.1112178557765008e-06 1.5476116207307512e-06 2.0071052199471694e-07 0.001
1955 1.7029090277932941e-06 9.9724485138043735e-07 3.1814518487508333e-08 0.001
1956 2.420743080474352e-06 1.7360770561970031e-06 1.5498055717307706e-07 0.001
1957 2.4423605302824019e-06 3.8551003784531505e-07 3.7621559251590748e-09 0.001
1958 2.3091645435685587e-06 9.2903919611866519e-07 3.1239893738579855e-07 0.001
1959 1.5159056323552664e-06 2.5275270736704658e-06 5.9960582415909531e-08 0.001
1960 2.063868067225601e-06 5.3145316992294686e-07 5.6118340009417024e-08 0.001
1961 2.1745803578041842e-06 1.3436634609288154e-06 1.3506102711640926e-08 0.001
1962 1.6966263232298298e-06 1.035935246902901e-06 1.4792347191055579e-07 0.001
1963 1.2665154675264593e-06 2.3029112129532331e-06 4.8439392396968243e-09 0.001
1964 1.6037730417928118e-06 1.9235960406726887e-06 2.0595509014020566e-07 0.001
1965 1.9692056871653956e-06 9.2048379746227745e-07 1.8542918812400632e-07 0.001
1966 1.7689263061963056e-06 1.7924725831151958e-06 1.8246379382027105e-07 0.001
1967 2.3634292959839289e-06 2.337803837402284e-06 4.5613562074859401e-07 0.001
1968 6.5374256348874596e-07 3.9138021071860922e-07 6.0347240229828919e-08 0.001
1969 1.4199277124897541e-06 1.5106373821882334e-06 1.6191161755384635e-08 0.001
1970 2.4041279155584507e-06 7.8180484648307292e-07 1.1408245995524277e-07 0.001
1971 2.5974050913251741e-06 9.3629298954381719e-07 3.5082905948365752e-08 0.001
1972 2.04818539200883e-06 2.3139411030734493e-06 1.443574892862569e-07 0.001
1973 2.0275526611492675e-06 5.1078387378226668e-07 5.1443083177503618e-08 0.001
1974 2.3457669752435878e-06 1.4709637601747122e-06 4.7925411462760441e-09 0.001
1975 1.603222123253304e-06 2.4634609311335873e-06 8.8141197942403532e-08 0.001
1976 1.5949417058879361e-06 1.5701063093033713e-06 2.77528021591031e-07 0.001
1977 1.5026458865693245e-06 1.5377845063622201e-06 4.0636228685011566e-08 0.001
1978 2.3725422385929187e-06 6.4294372869269056e-07 7.2705280908579456e-09 0.001
1979 4.7088229931862909e-07 1.7758924234402515e-06 3.1696802153343105e-08 0.001
1980 1.9813072520798875e-06 1.3470983663795768e-06 1.3694180202769336e-08 0.001
1981 2.2717032295781774e-06 8.3878070874587373e-07 2.1831052850652642e-08 0.001
1982 1.9329544592826977e-06 2.1249760231642981e-06 6.8553806038864205e-08 0.001
1983 4.0613869706175785e-07 1.5269712071258509e-06 4.1093315469356304e-09 0.001
1984 1.7015218841588671e-06 2.4180721298766187e-06 4.8539310334444941e-09 0.001
1985 2.2988424555830232e-06 4.4835952908724742e-07 5.266330380470169e-09 0.001
1986 2.3418160004316537e-06 1.2989781166993968e-06 3.2028578901888647e-08 0.001
1987 1.4392791298892284e-06 1.8801267721620299e-06 2.4662978778417013e-07 0.001
1988 2.6157855170351454e-06 1.9861475823145943e-06 9.217380604593188e-09 0.001
1989 1.06368590415004e-06 2.4491873613082713e-06 6.1777145583982069e-08 0.001
1990 1.5218205408807141e-06 1.4974458111694397e-06 3.9891317344532198e-09 0.001
1991 2.2369403685062593e-06 1.8297448277970778e-06 1.0687064327532901e-07 0.001
1992 9.0607360677849725e-07 1.809274270899202e-06 4.0336118965201747e-09 0.001
1993 2.1796580537632002e-06 2.1780400892159055e-06 5.3150313239167338e-09 0.001
1994 1.1708043729550826e-06 7.0735294654245449e-07 1.291012464152169e-08 0.001
1995 1.0987637591378875e-06 2.1875259100814151e-06 1.0887062555850921e-07 0.001
1996 1.8721534428665792e-06 1.8133032087453232e-06 1.9011915522858693e-08 0.001
1997 1.6868322363323519e-06 9.1719475814696765e-07 2.2935950208777946e-08 0.001
1998 4.2899000278973317e-07 2.5017349470559566e-06 3.3957437709596661e-09 0.001
1999 8.1590554509738591e-07 4.161522437665958e-07 1.7969714325479047e-08 0.001
2000 1.61535252469765e-06 1.7608133630904471e-06 2.4237377816218383e-08 0.001
2001 1.1678180943657912e-06 1.9129263717567028e-06 2.2008556328338242e-07 0.001
2002 2.1518237640302904e-06 2.0168033478433918e-06 6.2997026156072087e-09 0.001
2003 1.3593669844144074e-06 7.092447118980254e-07 3.193598217948562e-09 0.001
2004 2.1598936541637869e-06 2.0174788178406381e-06 1.1430331254692651e-08 0.001
2005 1.2308913919909468e-06 1.1041129772149616e-06 1.7821582837260991e-08 0.001
2006 1.3782691793688967e-06 8.540410765183952e-07 2.235978785139625e-08 0.001
2007 2.1945386892637423e-06 1.2935731628116719e-06 4.5207176297907755e-09 0.001
2008 2.5467775138670568e-06 1.0193829912815099e-06 1.1967598914542457e-08 0.001
2009 1.4711165827619796e-06 2.2249195984229945e-06 2.3693228531000296e-07 0.001
2010 2.1534221171549406e-06 7.1237381644030789e-07 7.2639610139070449e-09 0.001
2011 2.0185778506931223e-06 7.6214824694325374e-07 1.1825966310491667e-07 0.001
2012 7.6224416251756824e-07 1.5474769500027866e-06 3.3164114527434257e-09 0.001
2013 1.5591261226981291e-06 8.3073897675475144e-07 1.5523055800738977e-08 0.001
2014 2.5592897185891863e-06 1.8450522468203793e-06 1.7333597135205782e-07 0.001
2015 2.3409949292590123e-06 1.324691303815991e-06 2.155071154973599e-07 0.001
2016 2.189767693991515e-06 7.2259824566275178e-07 2.0315124317943003e-07 0.001
2017 1.2096373684041739e-06 1.37671584191656e-06 3.6984819057322516e-09 0.001
2018 1.5910634750651697e-06 1.5992558629394096e-06 7.5575060210559258e-09 0.001
2019 2.4634205092186884e-06 1.6585804318723626e-06 1.5295001299760014e-07 0.001
2020 1.0761419890455051e-06 2.1959266734076165e-06 1.2096129767585668e-07 0.001
2021 4.6712528945932001e-07 2.190830668573682e-06 1.1342046119106298e-07 0.001
2022 2.5426599301978512e-06 1.1865732022861544e-06 4.3259742752392511e-09 0.001
2023 1.5650073192387608e-06 1.6829271381576881e-06 5.7465977744909602e-08 0.001
2024 8.2656453521675239e-07 9.0527296302894408e-07 1.9469238128078753e-09 0.001
2025 2.2411135720900482e-06 1.2891891116169336e-06 8.9112361444324106e-09 0.001
2026 2.4854503611771146e-06 1.6269304366275315e-06 2.7069660997968267e-08 0.001
2027 1.2221239602237732e-06 2.3607274311650937e-06 2.3738924139561977e-07 0.001
2028 1.6335077168252752e-06 8.4054169242184515e-07 8.3816425165080538e-09 0.001
2029 2.487755455264575e-06 6.3744426901724008e-07 4.0309134304718829e-08 0.001
2030 1.9422465545336993e-06 8.464277260927364e-07 4.239318235061514e-08 0.001
2031 6.5466094730461481e-07 2.605879858315277e-06 1.0187362399704227e-08 0.001
2032 2.4192712387940721e-06 1.9098290936516693e-06 7.5447896463332748e-08 0.001
2033 5.4554518794738986e-07 9.6126987803951855e-07 1.05065363605335e-07 0.001
2034 1.5941280851545156e-06 1.2005603632640353e-06 1.0043122041039857e-07 0.001
2035 1.3874697398267949e-06 1.9291815807279704e-06 1.0003281642923521e-08 0.001
2036 1.8845362330362508e-06 1.5516149666805081e-06 1.1000274856265155e-08 0.001
2037 2.6244337496655554e-06 7.5331072283544055e-07 5.2774354883460175e-08 0.001
2038 9.0093067320782442e-07 2.4166480465107108e-06 1.8740274578856644e-08 0.001
2039 1.2402665473420371e-06 1.3073038242708482e-06 1.8337614504900124e-07 0.001
2040 8.27483806700709e-07 2.1397020137582817e-06 2.5355467194863629e-07 0.001
2041 4.3987658465844656e-07 1.0566478314627673e-06 6.7978656810123644e-09 0.001
2042 1.6696536063839917e-06 2.2253316951655433e-06 4.2640373507113882e-09 0.001
2043 2.4712534144076517e-06 1.0003519554815085e-06 7.3696330232942484e-08 0.001
2044 1.5647955414844792e-06 5.6009217257506086e-07 2.5968382057478171e-08 0.001
2045 2.1491982172222152e-06 1.1556813119290121e-06 1.8323988384503863e-07 0.001
2046 2.4901593521084671e-06 1.8909705768307407e-06 1.283376847023623e-07 0.001
2047 1.1054566767568462e-06 1.3301484960216941e-06 1.9401317065490928e-08 0.001
2048 4.8599045185964714e-07 1.1657178787308691e-06 2.5876730312269993e-09 0.001
2049 2.2867856031290457e-06 1.1024984138444996e-06 5.1891314596622941e-08 0.001
2050 1.4018607292399427e-06 2.2598960747854398e-06 2.7946568618412365e-07 0.001
2051 1.4582764346863061e-06 1.3416143652667554e-06 6.4717817255254428e-09 0.001
2052 2.4462083639438932e-06 2.3335734852385315e-06 9.9779228919079604e-09 0.001
2053 2.038048966144141e-06 1.6960392152743478e-06 3.8468945509137943e-08 0.001
2054 2.1860124284851281e-06 1.5803397115726329e-06 7.2247371902972797e-09 0.001
2055 1.6704919047624241e-06 4.9926192207168797e-07 2.3539585502106369e-08 0.001
2056 2.0868058294964362e-06 7.6858221728690479e-07 4.0791498601724838e-09 0.001
2057 8.9013054885215953e-07 1.4461935002348112e-06 3.513093830188324e-09 0.001
2058 2.5027848264841791e-06 1.3821057952790544e-06 3.0715979893606185e-08 0.001
2059 1.7440481443559625e-06 1.9375354592593027e-06 7.5532156952115101e-08 0.001
2060 1.0626846547986411e-06 1.9075075053450354e-06 2.4253340652288155e-07 0.001
2061 2.4990583995109751e-06 2.1263661816979045e-06 7.3583429772216443e-09 0.001
2062 2.5083040259001062e-06 4.8535913213539962e-07 4.8171942628090639e-09 0.001
2063 2.4619292758513474e-06 1.7893301306075746e-06 1.0553144259345428e-08 0.001
2064 1.8306494999575748e-06 1.0916011935546319e-06 2.6974680484670942e-07 0.001
2065 1.7170334675658542e-06 5.2750041779505462e-07 5.0265414817868696e-09 0.001
2066 1.7825286570189455e-06 1.1589090775546317e-06 2.8219303848295602e-08 0.001
2067 1.6982699368869613e-06 1.4491941586210418e-06 4.6535176624485917e-09 0.001
2068 6.7967626589626061e-07 1.0626541798979592e-06 9.3163500002803519e-08 0.001
2069 1.9022997772505726e-06 9.6120172607897705e-07 1.8500539638772715e-08 0.001
2070 1.8339689240358696e-06 1.2475195686026722e-06 1.7146903758864667e-07 0.001
2071 2.4280971959562271e-06 5.9463167236487003e-07 1.8667151309347654e-07 0.001
2072 4.7726883831135598e-07 1.0558036452343978e-06 4.7712888141917628e-09 0.001
2073 2.3741802885963567e-06 8.7252633488847195e-07 2.0075480777821316e-08 0.001
2074 1.902934539647436e-06 1.6825055516310665e-06 1.8423438985420697e-08 0.001
2075 9.6630227327564448e-07 1.9951575315195575e-06 2.6566167082648398e-08 0.001
2076 8.9231711682631617e-07 5.4929229952661509e-07 2.9294378517855259e-09 0.001
2077 1.5546600916184534e-06 1.5498436801582707e-06 2.9939760352261374e-08 0.001
2078 5.9356435068225738e-07 4.1785701140333387e-07 1.1071647449658322e-08 0.001
2079 5.7088456352039409e-07 2.3176788861156248e-06 1.4337619858534967e-07 0.001
2080 1.2377652938112009e-06 9.2405431180946221e-07 4.1004322937416904e-09 0.001
2081 1.4489164601289258e-06 1.0054277198895532e-06 3.4396564240592212e-09 0.001
2082 1.745771482308749e-06 1.6448291330468155e-06 1.2695169752754425e-08 0.001
2083 2.212590570306571e-06 8.9554931382898193e-07 7.4681907522825131e-08 0.001
2084 1.7562510760983321e-06 2.0342351239591284e-06 1.1119720942838917e-07 0.001
2085 2.6105970505323129e-06 1.1580822572486093e-06 1.4495415608452653e-07 0.001
2086 1.6774946725580592e-06 2.1735253546707128e-06 5.399873080537913e-09 0.001
2087 2.1976806037117408e-06 5.5435550529469398e-07 7.8504689129413066e-08 0.001
2088 8.4450741499364453e-07 1.8377276514612614e-06 4.6536872918581536e-08 0.001
2089 1.1707032527761596e-06 6.7302161498017594e-07 7.2596766583132986e-08 0.001
2090 5.5713885111096781e-07 2.233711452258245e-06 8.0827111552166794e-08 0.001
2091 2.5582568011394962e-06 2.5868015486050988e-06 4.7587488075689823e-08 0.001
2092 1.4403041741848199e-06 5.4337657155179092e-07 1.4896186449532755e-07 0.001
2093 1.5051952454678347e-06 2.4403687425323745e-06 1.1851219998390763e-08 0.001
2094 1.5036248583131833e-06 1.3077661708211047e-06 3.8020335873817583e-09 0.001
2095 1.3844247991455259e-06 1.0119563079569293e-06 2.5373651638599094e-08 0.001
2096 7.4714701243001521e-07 2.0701912308955614e-06 4.7977941749746911e-08 0.001
2097 2.46000508636545e-06 1.1354650000857393e-06 2.4280925538742582e-07 0.001
2098 1.0357485825725082e-06 1.8006788990854542e-06 7.4912326658051473e-08 0.001
2099 7.2769833243463984e-07 1.2925364571664264e-06 4.9592698733504475e-09 0.001
2100 1.9808840629004697e-06 2.1122509445792613e-06 6.7208021099318245e-09 0.001
2101 1.0134417631524497e-06 5.2367501245508301e-07 1.4974254147055769e-07 0.001
2102 5.7865458497668348e-07 7.6967167190192604e-07 8.2379203208679227e-08 0.001
2103 4.7429308770070337e-07 1.9440357618565883e-06 1.4503904777064437e-08 0.001
2104 2.2874987304335148e-06 1.407914386492178e-06 1.8430880415221504e-07 0.001
2105 6.6386964968669938e-07 1.435797927741289e-06 1.0423979416071891e-08 0.001
2106 1.2143911645144822e-06 2.3178824498426737e-06 1.177653129719697e-07 0.001
2107 6.6915316550395996e-07 2.3617750913070269e-06 1.7397553250409953e-07 0.001
2108 2.0430390045369107e-06 4.7983711533518164e-07 4.0881734681429254e-08 0.001
2109 1.297672539546071e-06 2.0905636371229842e-06 1.6768259871297663e-08 0.001
2110 1.3734741868416928e-06 2.5111187279593887e-06 1.0904089975518865e-08 0.001
2111 1.1617295008564097e-06 2.5596315529040858e-06 6.9100379706173841e-09 0.001
2112 2.6055150846089125e-06 1.3294851196389553e-06 2.7717621764275762e-08 0.001
2113 5.1473332387632461e-07 9.525445854294269e-07 3.4405761841191598e-09 0.001
2114 7.317780454466805e-07 3.8271541642904058e-07 5.6913023486059251e-09 0.001
2115 8.67476608118395e-07 2.1174003860090139e-06 1.4142188522254577e-07 0.001
2116 1.7849129152276126e-06 8.9878557484156149e-07 4.1939618797434061e-09 0.001
2117 1.9900113669299367e-06 2.5735468611100419e-06 1.672841908936083e-07 0.001
2118 1.8401016152186018e-06 1.208070320003518e-06 7.850530741388812e-08 0.001
2119 1.8111300009124106e-06 9.9266177708733565e-07 4.5108849505405613e-09 0.001
2120 1.3019783174121633e-06 1.3217575013637213e-06 8.8851201208565261e-08 0.001
2121 1.878479694903181e-06 1.7702382045975933e-06 1.8130487428321546e-07 0.001
2122 5.235736379578323e-07 1.7481142234035988e-06 4.0331155487444054e-08 0.001
2123 8.5498156207023036e-07 2.2510610029415196e-06 2.6047451569151354e-08 0.001
2124 1.1383549019864336e-06 2.4600811986502241e-06 1.8992585327907127e-08 0.001
2125 2.4688629975598825e-06 2.3363487947366829e-06 1.539546004479023e-07 0.001
2126 2.6242587750516128e-06 9.8374264990981992e-07 3.361514452320396e-07 0.001
2127 1.8711957018861127e-06 1.6164284178333713e-06 2.7726004541998555e-07 0.001
2128 6.3063037938429326e-07 9.9533728285943473e-07 2.9905114545015242e-09 0.001
2129 4.4123313477536276e-07 1.5728142962619968e-06 3.8826315587877411e-08 0.001
2130 2.2322954778084021e-06 2.0046886418421462e-06 2.403706074206452e-07 0.001
2131 1.9274640309313334e-06 6.1432217952614158e-07 6.2686585238767174e-09 0.001
2132 2.4123839296339707e-06 2.6106108345163159e-06 1.2641477631930857e-07 0.001
2133 2.3177975543843144e-06 1.9950426721239351e-06 3.7487159427244158e-08 0.001
2134 7.2921780800329766e-07 2.0520163138448961e-06 3.0239314314239144e-09 0.001
2135 2.0309760359756465e-06 1.6892721122196658e-06 3.6980373748125897e-08 0.001
2136 4.3638348586378306e-07 1.271197077235831e-06 3.0594800003065107e-08 0.001
2137 5.8234900407379543e-07 2.6119749575470971e-06 6.0153379505161497e-09 0.001
2138 6.9217832330889762e-07 1.0259638981938578e-06 1.6938378268731054e-07 0.001
2139 5.7587981371152938e-07 1.887339348351324e-06 9.5108299965381519e-09 0.001
2140 2.0856962302661821e-06 1.878883815434699e-06 1.7676378380370167e-07 0.001
2141 9.1166301236228708e-07 2.5190583426840012e-06 2.8248269495441815e-07 0.001
2142 1.0600270765287895e-06 5.3159671665929537e-07 5.2982901694809841e-08 0.001
2143 1.2863125189086272e-06 1.1054419123300723e-06 2.8578498427836444e-08 0.001
2144 1.915760027732179e-06 2.1752299010360793e-06 6.2213673540178962e-09 0.001
2145 7.7555565295200139e-07 2.020141805418061e-06 7.7774066662503177e-09 0.001
2146 1.7589188007386471e-06 1.8030342729881846e-06 1.342240456898787e-08 0.001
2147 2.513490030947216e-06 2.4094989982401588e-06 8.746364319839801e-09 0.001
2148 9.9079782025995339e-07 2.4110601013909799e-06 4.5246788902477823e-09 0.001
2149 1.7024486357690133e-06 4.6095870755503527e-07 6.2957913334619144e-09 0.001
2150 4.4261114910958452e-07 7.7166146896327757e-07 1.8513843361605955e-08 0.001
2151 2.1714001902298684e-06 1.2958586660973202e-06 7.9574307556781703e-09 0.001
2152 1.106622947157023e-06 1.9192023564309029e-06 4.0996444736868606e-09 0.001
2153 2.452011341083276e-06 1.6508279239867219e-06 5.0910783615802697e-09 0.001
2154 1.894299756193702e-06 1.6222250524772659e-06 1.8851092608883702e-08 0.001
2155 1.6985793197859682e-06 2.123788624846928e-06 1.8184939709982613e-07 0.001
2156 1.0862565818925068e-06 1.7207498717433483e-06 4.0096244405832638e-08 0.001
2157 2.1692108237324564e-06 1.6829903726578799e-06 1.1431993458148205e-08 0.001
2158 2.2438424759684679e-06 2.259541487694592e-06 5.5663500117298943e-08 0.001
2159 5.9592486847020512e-07 1.6586283978121785e-06 4.9802272700056173e-09 0.001
2160 5.6722542556583035e-07 1.2095026636815037e-06 1.0296476751997372e-07 0.001
2161 8.2093134807742109e-07 5.3410872052921112e-07 1.0931421751430227e-08 0.001
2162 1.1604776080414117e-06 1.543543662982787e-06 1.610175550557633e-08 0.001
2163 2.5060566042959111e-06 1.4995492921262103e-06 2.1566381874061221e-08 0.001
2164 1.9437494116059152e-06 1.8815264534729212e-06 1.0238777331080229e-07 0.001
2165 8.6933240177263348e-07 2.5303761867034526e-06 3.8645531944242915e-08 0.001
2166 1.0087672317395521e-06 8.0311947230117273e-07 1.3634085953466393e-07 0.001
2167 1.0248884841003968e-06 2.1212108058880232e-06 1.1013613986630668e-08 0.001
2168 8.5962857133917971e-07 1.0287815844827272e-06 1.1730022595075332e-07 0.001
2169 1.0427445070448554e-06 9.4447867079284162e-07 7.0704344592384115e-09 0.001
2170 2.1584055806349921e-06 4.1319077122087581e-07 4.8509169752252375e-09 0.001
2171 1.6766352031821719e-06 1.9607244082800712e-06 1.3017654661415742e-08 0.001
2172 1.7726955479901417e-06 1.8280033338208035e-06 1.1855790859631803e-08 0.001
2173 1.4098491369125657e-06 5.0095734359532758e-07 9.8236473733238828e-09 0.001
2174 1.2226532917599118e-06 1.2006551090835165e-06 6.2598990432970424e-09 0.001
2175 9.4513313102312047e-07 7.2021447703281554e-07 7.9101967712395216e-09 0.001
2176 1.1833588773243759e-06 6.1279458625447647e-07 2.1580374085162005e-09 0.001
2177 1.7577795092112568e-06 2.0066962914614229e-06 7.1792847159522695e-08 0.001
2178 6.8357665265748975e-07 8.4600367603807172e-07 1.8363237959556601e-09 0.001
2179 7.843286134178983e-07 1.322883792706364e-06 4.3948258063493066e-09 0.001
2180 1.3913931843036753e-06 1.0977534354591663e-06 1.5550692261260922e-07 0.001
2181 1.997980987595924e-06 1.2727225137297074e-06 4.198358223165805e-09 0.001
2182 1.4957215013832448e-06 2.3229249538684083e-06 1.3655379345389304e-07 0.001
2183 2.505533760832622e-06 2.5467875562989316e-06 3.4606968317454383e-07 0.001
2184 1.3066098423607122e-06 1.1673444975344403e-06 3.0317708443861254e-09 0.001
2185 1.5359142383571184e-06 2.2030123589280631e-06 3.7895605385894447e-09 0.001
2186 5.8892283301840668e-07 5.2485084455477083e-07 1.8112565520147983e-08 0.001
2187 2.445795774644568e-06 1.2329359441834705e-06 1.0099821019726301e-08 0.001
2188 2.0263022072002086e-06 1.474798989793729e-06 7.4986244587882978e-09 0.001
2189 1.7191260991041974e-06 1.2816520683040032e-06 2.2101147863027342e-08 0.001
2190 1.7541461791162023e-06 9.6213347163198678e-07 2.0761581663236859e-07 0.001
2191 9.1782324982494029e-07 2.5104935593126059e-06 4.1131715657471023e-08 0.001
2192 1.5313538449426618e-06 2.5642804871058751e-06 1.8338073873261645e-08 0.001
2193 1.674054044583194e-06 4.5085507026207672e-07 4.766547477236051e-09 0.001
2194 2.3484063847273977e-06 2.5443270338717575e-06 4.1552469509555481e-08 0.001
2195 2.3111302688236911e-06 1.6784660788204491e-06 5.7941055083938245e-09 0.001
2196 1.1609992637461098e-06 5.7229978432614556e-07 1.6809073151012523e-08 0.001
2197 1.5858116965250965e-06 5.4139653635906939e-07 1.5431828427220294e-08 0.001
2198 1.6673544158755922e-06 1.1968582938458364e-06 3.1752581194091899e-09 0.001
2199 2.4945376968302184e-06 2.1891036482530321e-06 1.0447174061834203e-08 0.001
2200 1.1555268680957378e-06 7.221810750003817e-07 3.3343131498548029e-09 0.001
2201 5.6336338504378168e-07 2.5774628567543771e-06 1.1646695348213548e-08 0.001
2202 6.1556152654583361e-07 1.4713315034464927e-06 2.7975740483927566e-09 0.001
2203 6.0782626322787654e-07 4.0911459148992165e-07 5.3933095969650368e-08 0.001
2204 1.6543466394880736e-06 1.6851189074572352e-06 2.6780090239376226e-07 0.001
2205 1.1349804822851891e-06 1.8023728049324032e-06 3.4866273841325314e-09 0.001
2206 1.8578307505002517e-06 9.9137980483771914e-07 1.681745282214914e-07 0.001
2207 8.1826106133971183e-07 1.0225351752519768e-06 9.8343784992782616e-08 0.001
2208 1.2288178478463122e-06 1.8855777601216498e-06 3.3238774404495374e-08 0.001
2209 6.9648998253335388e-07 1.9636155209893431e-06 6.1638756211816684e-09 0.001
2210 8.0618157886045365e-07 1.361153479651372e-06 5.8230833908355191e-09 0.001
2211 2.5239658552129197e-06 2.0741939783068626e-06 5.4740719989930827e-09 0.001
2212 1.2364122635693938e-06 2.2574630768048036e-06 2.4835602746065736e-07 0.001
2213 1.7086931895130333e-06 1.1874521015818585e-06 4.5791254354148179e-08 0.001
2214 1.2271401062120565e-06 8.3435506959483076e-07 8.2220688145688474e-08 0.001
2215 2.5544378145485646e-06 1.0879532967780014e-06 1.5034660485204417e-08 0.001
2216 2.3967455088230185e-06 1.069633899768724e-06 5.3764334011825471e-08 0.001
2217 2.6081833217081355e-06 9.1283186521987826e-07 1.9075811030783347e-07 0.001
2218 3.9558355320204703e-07 2.2037577193231528e-06 1.6303572383855354e-07 0.001
2219 1.4394280751798404e-06 6.5457770776518804e-07 1.4304717618602651e-08 0.001
2220 1.6884960710039923e-06 2.2295792785216018e-06 2.2570123985183968e-07 0.001
2221 1.0128399816865667e-06 1.7317639737052639e-06 8.4008671453937869e-09 0.001
2222 2.0306603893410291e-06 2.2652561217850963e-06 3.3701824630525592e-08 0.001
2223 1.1124424133050877e-06 1.8048436715853984e-06 7.0182006309208507e-09 0.001
2224 2.0388917300764934e-06 1.4765252651011453e-06 1.0104011804417531e-07 0.001
2225 2.394551503783153e-06 1.1316982530796402e-06 1.2892637553797255e-08 0.001
2226 1.8209009100548133e-06 1.0484465277661986e-06 5.7937160404829588e-09 0.001
2227 1.3677138986218112e-06 2.4758850955769168e-06 9.8733321189629039e-08 0.001
2228 2.3098155965431494e-06 1.0540011939041212e-06 8.44435441327675e-09 0.001
2229 2.1417651177542104e-06 2.6074261439695506e-06 1.5068652767820212e-08 0.001
2230 2.4357626029349093e-06 1.1860329811844087e-06 6.6282976389133796e-08 0.001
2231 8.2246012305865771e-07 4.8130748161595747e-07 3.8651002852743564e-08 0.001
2232 8.0238744344498189e-07 9.1087506096423974e-07 1.2157047954921549e-07 0.001
2233 1.2090131363789835e-06 1.761467469403455e-06 1.4925471389426442e-07 0.001
2234 2.4830360739737038e-06 8.009006968345261e-07 4.8208779182976134e-08 0.001
2235 2.5495769520195423e-06 2.4185213387705034e-06 4.6828677382620427e-08 0.001
2236 1.1173420042223777e-06 1.4589376215184893e-06 1.2760478424312602e-08 0.001
2237 1.5003308667991936e-06 6.1043462443078755e-07 5.7255375791783598e-08 0.001
2238 2.5409726687914831e-06 1.4224954898696487e-06 1.471618988638965e-07 0.001
2239 1.4045166337516191e-06 2.6094967342802302e-06 3.2736063587444215e-08 0.001
2240 2.2092554864301122e-06 2.3497717909409717e-06 3.5874668068226984e-08 0.001
2241 7.0862879931724396e-07 1.046830022982685e-06 6.5574291243596722e-08 0.001
2242 2.2441405327421155e-06 1.4516562973947982e-06 8.349780229268802e-08 0.001
2243 4.2754456146082177e-07 4.3758365367142469e-07 7.5066405082668515e-09 0.001
2244 2.5962354916669367e-06 1.2424220192905709e-06 7.1223269667615446e-09 0.001
2245 2.0538139183033704e-06 1.6273553248431345e-06 1.3239759985690146e-07 0.001
2246 9.8748817430233439e-07 2.6117561930242607e-06 1.1864663342880653e-07 0.001
2247 7.9524949514163248e-07 4.8848400236145633e-07 5.6561661261442521e-09 0.001
2248 2.2117436142006337e-06 5.7748886205987297e-07 4.2520106060712814e-09 0.001
2249 8.816891570824213e-07 6.4526564034425989e-07 4.8983136339066104e-08 0.001
2250 2.5486381954976787e-06 1.3203619090551959e-06 2.2573263050502742e-07 0.001
2251 1.7574097652608011e-06 9.1078083112347353e-07 9.7346971935435098e-09 0.001
2252 2.0044382848991037e-06 2.3927659613194202e-06 1.1090753869210081e-07 0.001
2253 6.6639136072039007e-07 9.6339376964352662e-07 1.3810602598456284e-08 0.001
2254 6.8880722151655512e-07 5.1121102376255723e-07 2.3754265327260626e-08 0.001
2255 2.5059530740652216e-06 1.6007724185375321e-06 1.6236659772290415e-08 0.001
2256 2.6132964397893614e-06 2.4087718821257945e-06 9.2106371999763615e-09 0.001
2257 1.2477363747569628e-06 5.9995419597256973e-07 1.2597821648397779e-08 0.001
2258 1.5544670863066572e-06 1.1783379171438635e-06 6.7740258772118037e-08 0.001
2259 1.2751284565914464e-06 1.2351223133100803e-06 4.1801457737392045e-08 0.001
2260 4.8971667630269027e-07 5.1300489934975439e-07 3.6988567055194172e-09 0.001
2261 1.0492062359823904e-06 2.2783954065676499e-06 7.0431035512038147e-09 0.001
2262 1.6535117948102835e-06 2.1469331724942541e-06 4.8465752993815607e-09 0.001
2263 9.231780681970896e-07 5.826338148257866e-07 2.7526417164137844e-08 0.001
2264 2.3733475923131985e-06 2.5632682276754145e-06 5.9931037737007547e-09 0.001
2265 7.9576146763214826e-07 7.6270403859202145e-07 5.0575456620671327e-08 0.001
2266 2.0758877622283086e-06 1.786100588567627e-06 2.0610891345177522e-07 0.001
2267 1.9336149110187389e-06 5.697762824122057e-07 5.9716939330858833e-08 0.001
2268 1.8410116335234513e-06 2.0937341001502234e-06 3.1067500007152192e-07 0.001
2269 4.3395182599964901e-07 9.6569367502885709e-07 1.2280526080782904e-07 0.001
2270 1.2011243476733697e-06 1.4119980312697619e-06 8.8227558055168764e-08 0.001
2271 1.9460007828645544e-06 1.5797055441522682e-06 4.4886021685685151e-09 0.001
2272 3.9889000921012979e-07 2.039129334685904e-06 1.9311252281671076e-07 0.001
2273 5.7480983565073654e-07 2.318170020514217e-06 4.3955452295786088e-09 0.001
2274 2.4028092938506225e-06 1.6792972026907606e-06 2.6598644607003812e-08 0.001
2275 8.5760114703092484e-07 1.4393035129956751e-06 1.6511070826300651e-07 0.001
2276 2.0151944661183888e-06 2.1444033109653665e-06 9.7263103337015833e-09 0.001
2277 1.8680165585063134e-06 1.9487934555917643e-06 5.4643299332165727e-09 0.001
2278 2.4519203946398693e-06 4.9357943526507787e-07 5.0902716131162458e-09 0.001
2279 1.7532600112229801e-06 2.4487169553749897e-06 3.3752309222078317e-07 0.001
2280 1.0194501018528934e-06 1.3326566574111548e-06 2.9122677064084463e-08 0.001
2281 2.5408836638604976e-06 6.477349149485602e-07 4.1022900136882037e-09 0.001
2282 1.4536171685620341e-06 1.0257335306195788e-06 9.1203844903800881e-09 0.001
2283 1.3630302318544921e-06 1.1927843338864878e-06 3.2636911650428736e-09 0.001
2284 2.5123664285672805e-06 3.8035306650299987e-07 2.3839885523340397e-07 0.001
2285 7.5139803968992623e-07 2.1856601580504139e-06 1.3514813347667317e-08 0.001
2286 2.3967952767963599e-06 2.4189832286000709e-06 2.6842469129545053e-07 0.001
2287 9.9305467626495612e-07 2.3698215481910851e-06 5.6736874429104911e-09 0.001
2288 1.2856386082213349e-06 6.277577321649812e-07 3.2111416654102444e-09 0.001
2289 1.2768742806443154e-06 1.1815648046568839e-06 5.2425827498885063e-09 0.001
2290 4.0288386480734798e-07 1.9424871712365773e-06 2.9212699517584139e-08 0.001
2291 2.2756349454792185e-06 2.0591062275663776e-06 3.0389325629469145e-07 0.001
2292 1.0696030323431971e-06 1.5952180651951094e-06 7.6056906551781701e-08 0.001
2293 1.3986592476570607e-06 1.6427254544945325e-06 2.2329333628293866e-08 0.001
2294 1.3833169030351614e-06 5.2509424568346532e-07 1.3464043100837634e-08 0.001
2295 9.7402511412173447e-07 2.5185358199191274e-06 1.4203994830947005e-08 0.001
2296 2.2801676936372036e-06 6.5671005622656866e-07 1.3470068862208155e-07 0.001
2297 1.9367421103386468e-06 5.0799647029984982e-07 3.1639671430115879e-09 0.001
2298 1.3014688148302686e-06 1.7565214297946344e-06 3.7781329201846054e-08 0.001
2299 1.8540816919944081e-06 1.6852389402801422e-06 1.4481444990783099e-08 0.001
2300 1.1572339242414047e-06 2.5340906332288397e-06 9.4347423427882651e-09 0.001
2301 1.3489144735861887e-06 9.930310235350697e-07 6.2460856550558247e-08 0.001
2302 1.3737846562579593e-06 1.8601503844545869e-06 3.5993048959687772e-08 0.001
2303 5.8265122856309167e-07 8.3484419021685466e-07 1.1704849928233553e-08 0.001
2304 1.5895967726957526e-06 1.7604693610119371e-06 5.6951956883828924e-08 0.001
2305 2.3944287521162379e-06 1.5518054759081006e-06 6.2137503857300516e-08 0.001
2306 4.4443291187221231e-07 2.0147437054317945e-06 6.4634794524385974e-09 0.001
2307 1.7822408574927065e-06 4.9781364406686146e-07 4.2950482420868571e-09 0.001
2308 1.8881500769577113e-06 2.0064653501840849e-06 1.2423235417620006e-08 0.001
2309 1.8270529917348329e-06 1.0097703216748009e-06 4.3012427238849271e-08 0.001
2310 9.8082439095831376e-07 1.5513920378356729e-06 1.8899380748011979e-07 0.001
2311 2.3359935575286989e-06 1.8662322262779088e-06 6.690333567571396e-09 0.001
2312 1.4130934023145237e-06 2.4081672061598664e-06 6.8614037774349421e-09 0.001
2313 2.3100488225486353e-06 2.3536883805787257e-06 2.7855611262649511e-08 0.001
2314 2.3635971527659553e-06 1.8576238958525804e-06 6.2950640420002051e-08 0.001
2315 4.8104472872263618e-07 2.2780597857359229e-06 3.1248875588131617e-08 0.001
2316 2.606225309095646e-06 2.3465144378189886e-06 2.3185306840142609e-08 0.001
2317 2.2526127251976197e-06 1.7942029836022422e-06 3.3295196668776985e-07 0.001
2318 2.4908617154525836e-06 1.6709147203305698e-06 5.3703664232624418e-09 0.001
2319 5.2388534536469699e-07 1.695167137333573e-06 1.3143308443429745e-07 0.001
2320 1.421738905463974e-06 9.6376545638454876e-07 1.5378029239351251e-08 0.001
2321 2.1107996362031254e-06 2.5539535398102071e-06 4.6222184743203616e-08 0.001
2322 1.5790907425023622e-06 1.0722895190495704e-06 4.8562068163138979e-09 0.001
2323 1.0115265490520453e-06 1.2732861303905131e-06 2.5551630760006133e-09 0.001
2324 2.588372435560118e-06 1.9144703967867325e-06 1.0279589657207202e-07 0.001
2325 1.3489447336701169e-06 2.2784230712092904e-06 5.2206426276170645e-09 0.001
2326 2.5319138091083464e-06 2.3692802443217178e-06 7.1228509164470405e-09 0.001
2327 2.600296544021931e-06 2.4670671012496999e-06 4.5299297050017619e-07 0.001
2328 2.2557592414983293e-06 2.5444743508752547e-06 2.3491061521120313e-08 0.001
2329 8.3524393230624855e-07 2.2308154584662843e-06 1.4907312749536314e-08 0.001
2330 1.4166350265056076e-06 7.8067128159855372e-07 3.1354135318141648e-08 0.001
2331 7.3172255154655953e-07 2.6144144314096999e-06 1.9631888198398169e-08 0.001
2332 1.0767685444656725e-06 3.8009437111232799e-07 1.9788020819360493e-09 0.001
2333 7.8526305933569807e-07 1.5553872692710872e-06 2.2245820365715255e-08 0.001
2334 2.2740984495268729e-06 1.024726982529947e-06 5.3052590866970399e-09 0.001
2335 1.6759184180569598e-06 1.3460879554698451e-06 1.1482144131411466e-07 0.001
2336 1.4758089455180098e-06 1.085314672952185e-06 4.6427155546265321e-08 0.001
2337 2.0058395554424637e-06 2.1528933619727285e-06 1.1023401418775426e-08 0.001
2338 2.0847183198224527e-06 2.2332066286115781e-06 3.4155466662506275e-07 0.001
2339 1.7083387995146558e-06 1.1026351075645282e-06 2.7093861817879638e-08 0.001
2340 6.9670819306207196e-07 7.1254306267491277e-07 1.3379838220042549e-07 0.001
2341 1.8242881420982683e-06 1.5100774675990366e-06 1.0667050891483239e-07 0.001
2342 9.4368735224059201e-07 2.5337318385391463e-06 4.2626284723567233e-08 0.001
2343 2.5027120694729521e-06 2.0605005059334909e-06 1.4991073091635132e-07 0.001
2344 1.891972504403744e-06 5.4985531338998214e-07 5.1278698490622482e-08 0.001
2345 1.6924220079863425e-06 8.7923109312606054e-07 2.4148219140222886e-07 0.001
2346 1.2556269165503949e-06 2.6131845291704534e-06 1.8140399865868932e-07 0.001
2347 3.9455940446685869e-07 1.1418198091817997e-06 4.9483295711747424e-08 0.001
2348 2.0938543564206175e-06 4.1952071480466312e-07 1.928368469821417e-08 0.001
2349 9.3520177062880446e-07 2.3555967711302129e-06 2.2093716969968948e-08 0.001
2350 5.0241374053598278e-07 5.1490662878082996e-07 2.7244679041800558e-09 0.001
2351 1.8070695462825239e-06 2.4409605764660106e-06 4.8001776190689371e-09 0.001
2352 1.6067390756110404e-06 6.4879523799244438e-07 1.4217408923218363e-08 0.001
2353 1.1781704213875484e-06 1.9739790515947819e-06 1.3165582283185171e-08 0.001
2354 2.0083751537517228e-06 1.3238409802883342e-06 7.5753759899711604e-09 0.001
2355 1.3069126278006413e-06 2.0119145441050511e-06 1.1903869628770114e-08 0.001
2356 2.156684476238602e-06 2.1367133979381563e-06 6.3013449891053657e-08 0.001
2357 1.1081234370164886e-06 2.0862206452741336e-06 4.6942903769883702e-08 0.001
2358 2.0354731066351264e-06 1.1010319505017897e-06 3.9005307481264928e-09 0.001
2359 1.8880140287253417e-06 1.5332209431602642e-06 3.0477724630040174e-08 0.001
2360 2.0860901715857549e-06 1.6819439648513405e-06 3.8063499921937412e-08 0.001
2361 4.7083669123867045e-07 9.0124260595558521e-07 6.4799431763353644e-09 0.001
2362 1.6089431811861596e-06 1.2757472679669152e-06 5.7662312282040269e-09 0.001
2363 4.9617402572047989e-07 2.1430475763883141e-06 3.7756510615381329e-09 0.001
2364 6.9354943863556481e-07 9.3156645208833682e-07 9.1654624283129241e-08 0.001
2365 1.1836775556345412e-06 2.3709335650420731e-06 2.5988259663707248e-08 0.001
2366 1.1446010459950332e-06 2.1994382738768848e-06 4.3760368482826853e-08 0.001
2367 6.8244841306796295e-07 2.0903902838618255e-06 1.3171790114215452e-07 0.001
2368 1.7093908393236119e-06 2.1575571567293385e-06 3.0695723879213536e-08 0.001
2369 2.5771100155442617e-06 1.9602301883167544e-06 3.919920715169162e-07 0.001
2370 1.8534993166574864e-06 1.7438557839729507e-06 7.7872872725399523e-09 0.001
2371 1.4023392974123825e-06 9.3127336946744714e-07 2.0900132039331678e-08 0.001
2372 4.6040884023226438e-07 4.4741540785987792e-07 6.2817073285847573e-08 0.001
2373 1.8131944690270312e-06 2.1742399901743193e-06 4.2357093991955584e-09 0.001
2374 2.5155278432303483e-06 1.6037742715930238e-06 3.8103296013861564e-08 0.001
2375 7.0409217041257274e-07 1.0374870539155754e-06 4.0093845896364699e-09 0.001
2376 1.3475780777937285e-06 1.1197064217373796e-06 4.0920667603323462e-09 0.001
2377 6.61265081644798e-07 2.5795335958543399e-06 3.4364879314585973e-08 0.001
2378 1.715480608246881e-06 2.3418936302773528e-06 5.1003083296418671e-08 0.001
2379 6.9762231253438593e-07 4.0433407009913177e-07 3.1044005070571465e-08 0.001
2380 1.566956078930278e-06 5.8076987283195575e-07 1.8868019654768615e-08 0.001
2381 1.0069706733880312e-06 1.4250554701782686e-06 1.1048976428493432e-08 0.001
2382 2.3962878070991966e-06 2.4339660938339552e-06 1.2991285157341721e-07 0.001
2383 2.093399261462881e-06 1.7256819091546915e-06 3.2001502538970523e-08 0.001
2384 9.597570488027769e-07 9.6349654372377655e-07 3.4060011688455861e-08 0.001
2385 1.7172972795415283e-06 1.4434437498441806e-06 2.838139358780489e-08 0.001
2386 1.1932721193337528e-06 1.8533606265429414e-06 1.0370848110576435e-07 0.001
2387 1.3521648908545627e-06 1.5831504737563055e-06 6.1824603261043013e-09 0.001
2388 1.8804533202948819e-06 1.2891720833586968e-06 1.724076135497185e-08 0.001
2389 1.8764625163453689e-06 1.6363684615923191e-06 2.8014990063644815e-07 0.001
2390 1.233843908800567e-06 1.3165069262374957e-06 8.4126544867601312e-08 0.001
2391 5.5344594706546377e-07 1.8637059013328693e-06 1.610759789479127e-08 0.001
2392 7.6332596231292352e-07 9.2156253209922242e-07 1.4094263019227923e-07 0.001
2393 2.3077207959450492e-06 1.161097687403482e-06 3.9935888372783366e-09 0.001
2394 2.1096639631194669e-06 4.6746946496303575e-07 2.2007350789074809e-08 0.001
2395 2.2480378923642925e-06 1.9198572977526184e-06 2.7180487515096877e-08 0.001
2396 2.0339338789446653e-06 8.9277344037275088e-07 7.7372876995719378e-08 0.001
2397 4.0646778563433723e-07 6.9209567168715186e-07 1.4532257961026209e-09 0.001
2398 1.7042049142110526e-06 1.6693250027404761e-06 1.3858540530099065e-07 0.001
2399 2.0814368743437338e-06 2.3128287926397313e-06 1.11277845950025e-08 0.001
2400 6.4013160399417929e-07 2.2042598565684754e-06 3.773903072170195e-09 0.001
2401 2.2027994351144656e-06 1.7804445193982164e-06 2.9669500642800538e-08 0.001
2402 2.1131687995136886e-06 2.3817265250354026e-06 2.4041127655647051e-07 0.001
2403 1.5635738402378502e-06 1.4210018218686121e-06 1.4772656199512578e-08 0.001
2404 1.9235714446841776e-06 6.1004474549218446e-07 2.6969495774172585e-09 0.001
2405 1.5946275815320895e-06 2.1227906040542284e-06 3.0653140430204066e-07 0.001
2406 2.3913721377850121e-06 7.4181911964929209e-07 1.7326501399268442e-07 0.001
2407 1.6700538733287483e-06 1.6813184024307448e-06 2.9589025543882459e-08 0.001
2408 6.2792219604299666e-07 2.2435520286528913e-06 1.3214606159974311e-08 0.001
2409 2.5515050588001789e-06 1.8805229443694688e-06 2.9096901789656958e-08 0.001
2410 2.0805312887173601e-06 2.3181233295198912e-06 5.1891056612975141e-08 0.001
2411 1.8502071964091052e-06 6.6962613171120967e-07 4.0059228772747378e-08 0.001
2412 9.6344490148621819e-07 2.0125694719509735e-06 5.138142394510155e-08 0.001
2413 2.3008769384696733e-06 1.0225058816202039e-06 2.3532210243587494e-08 0.001
2414 4.1411044546187131e-07 1.6058290417160572e-06 8.7302769096957909e-08 0.001
2415 2.1425532125131297e-06 7.6701577613139564e-07 2.4251976796332374e-08 0.001
2416 1.1873854202492982e-06 5.6615914256648864e-07 8.1669350836361742e-09 0.001
2417 2.1684909316712303e-06 2.5124649407823708e-06 7.3766527433044105e-08 0.001
2418 2.2054790806902707e-06 2.1518433161706232e-06 4.3557314255417635e-08 0.001
2419 1.764410395475862e-06 1.4261435334184095e-06 1.0202667776835127e-08 0.001
2420 1.6118876964254702e-06 2.5309628782714734e-06 2.6178281740727806e-07 0.001
2421 1.7106942057439241e-06 2.5661746686928307e-06 4.3286983231166583e-09 0.001
2422 2.421312009199637e-06 1.5342214352058684e-06 1.2126244473586129e-07 0.001
2423 1.9834124464845342e-06 1.7791536738541525e-06 4.1345887606325638e-09 0.001
2424 1.2722705849185184e-06 2.5317581359776297e-06 4.0182299416103956e-09 0.001
2425 1.3253542332053762e-06 9.5846121485527726e-07 9.1012044485270045e-09 0.001
2426 1.8402996066862352e-06 2.458518724551288e-06 8.4026206138297922e-09 0.001
2427 1.8334964488868375e-06 4.348984294631991e-07 2.3838440990879415e-09 0.001
2428 1.600112459854303e-06 6.6874247048329154e-07 1.7627514216009381e-08 0.001
2429 1.6902236685324498e-06 4.0791926664826878e-07 5.7694027469327733e-08 0.001
2430 2.2754583415179234e-06 7.4007364444418516e-07 1.3846153188464953e-07 0.001
2431 4.3562748424436246e-07 1.8189636144098742e-06 3.0105756167778235e-08 0.001
2432 1.5430405300529795e-06 1.9035724797665012e-06 3.5424325713126821e-09 0.001
2433 2.2745902087807393e-06 2.5275431244475401e-06 9.4727060742935944e-09 0.001
2434 2.2925833880074371e-06 1.5988577417511386e-06 1.9185017441057442e-08 0.001
2435 2.5170789910310316e-06 1.5032789226245689e-06 1.2359860234087349e-07 0.001
2436 1.388415684075285e-06 1.9708743069028751e-06 5.6662015131467973e-08 0.001
2437 1.2981307224263017e-06 2.3271898074271142e-06 1.9125041902431321e-08 0.001
2438 1.9089336261110175e-06 7.1540765512510305e-07 9.2628489045881738e-09 0.001
2439 7.7729269025477048e-07 1.1494306105692835e-06 6.8348870229962663e-09 0.001
2440 8.4235793854242557e-07 2.3576577990925852e-06 8.2793276215101116e-09 0.001
2441 2.2466321214972174e-06 7.2039752443343463e-07 2.7356743507398816e-07 0.001
2442 2.6131755990216111e-06 1.6580356730355423e-06 8.3721007125232459e-09 0.001
2443 9.1999186029408263e-07 1.4584961531927417e-06 7.7135826562714097e-08 0.001
2444 1.5015622382852322e-06 1.4308871938595336e-06 2.3820958482485991e-07 0.001
2445 1.3420489001267205e-06 7.6953391800973729e-07 9.864558772490318e-09 0.001
2446 8.1892415943192389e-07 8.6446214793230604e-07 2.3435013887851763e-09 0.001
2447 8.3816635383333441e-07 5.3352561467634216e-07 2.0191157718207535e-09 0.001
2448 1.6587884479111972e-06 2.4209365124065346e-06 1.1045062586243167e-08 0.001
2449 1.3655520028738628e-06 6.0531307434982539e-07 6.3216351680590448e-08 0.001
2450 1.9135975321123243e-06 6.9910807661445684e-07 1.4821849359314903e-07 0.001
2451 4.8408611594871193e-07 1.102037182300522e-06 3.7449611412183452e-09 0.001
2452 2.327379350114522e-06 2.5735143031897234e-06 4.1716608200525127e-08 0.001
2453 7.8292741179214877e-07 1.0201939418350779e-06 2.964289902743808e-09 0.001
2454 2.5207874836339085e-06 1.3193408063534654e-06 9.7144913529097886e-09 0.001
2455 2.1634232827683265e-06 1.1230622022036138e-06 9.546237341637603e-09 0.001
2456 1.042038195930548e-06 1.5297447662970601e-06 5.2605659565171943e-08 0.001
2457 1.0368856922412112e-06 1.3569843392513072e-06 2.1741166185678383e-08 0.001
2458 1.3675769957678497e-06 1.6990296703539577e-06 2.5240232347169901e-08 0.001
2459 1.7470888840456804e-06 5.5093352986774032e-07 9.5523071955077235e-08 0.001
2460 2.1188872804323008e-06 1.4957982922389045e-06 4.663761682016315e-08 0.001
2461 2.0593623553482585e-06 4.2285939376068602e-07 9.1005994547014965e-09 0.001
2462 1.1160469938829688e-06 1.8551495331116974e-06 4.1475302257221118e-09 0.001
2463 1.6744967208112559e-06 7.473984344392667e-07 8.9665953443036466e-09 0.001
2464 5.5938682827409675e-07 1.0469517286823345e-06 4.4970451701445189e-08 0.001
2465 1.9866925060661428e-06 8.4668127866068955e-07 1.2355839502561464e-08 0.001
2466 5.3221982699663685e-07 1.834279303202588e-06 1.6428476367517811e-08 0.001
2467 9.9809480997494968e-07 1.1718459399946854e-06 1.9207371643609052e-08 0.001
2468 1.1847063375269369e-06 2.3829077343832663e-06 9.5559361436230162e-08 0.001
2469 1.4995411761623369e-06 2.1299650713273049e-06 1.7173059998775098e-08 0.001
2470 1.2763587970723833e-06 8.7572731949618431e-07 8.8525332804384756e-09 0.001
2471 1.0192478709997588e-06 6.2662125691346975e-07 7.3325352968468274e-09 0.001
2472 1.6098782165178469e-06 9.6488790146315647e-07 8.4038333667949752e-09 0.001
2473 1.8233900348532688e-06 9.0824848743813209e-07 1.2121073003713725e-07 0.001
2474 1.1355484453202571e-06 9.0326738439121694e-07 2.0335417526774387e-07 0.001
2475 3.8535960553628001e-07 2.5181152560554061e-06 3.6173609541118232e-08 0.001
2476 2.0050488500620691e-06 2.4095880567288495e-06 1.1568866224394423e-08 0.001
2477 1.9898017808098818e-06 1.848960195310428e-06 1.1008080417920286e-08 0.001
2478 1.7269563416198541e-06 2.1434210993206529e-06 2.2481038871165296e-07 0.001
2479 2.4734737419871937e-06 1.3901442600444261e-06 1.7381019757094587e-08 0.001
2480 7.5270567849522953e-07 1.4385884495687312e-06 2.1691038933601382e-07 0.001
2481 9.7153041153804107e-07 3.9127887187849501e-07 2.3968540798230181e-09 0.001
2482 9.5548535642914991e-07 1.6564181631954381e-06 1.054962746958957e-07 0.001
2483 9.8474616369418705e-07 1.2345167232438786e-06 2.578209596479958e-08 0.001
2484 2.2191780821342384e-06 1.0424377892856959e-06 3.7531053566730231e-08 0.001
2485 8.0552990585643725e-07 2.6109362036133637e-06 7.7162731002836671e-09 0.001
2486 1.6613382140779783e-06 1.537273175663885e-06 1.30801434718893e-07 0.001
2487 1.6399891718543426e-06 6.4911561017838169e-07 1.3219931422772852e-07 0.001
2488 7.9316638324915602e-07 1.6909769231791314e-06 5.5660990042893617e-09 0.001
2489 1.9147876541758057e-06 2.577142325086236e-06 8.5827372003460054e-08 0.001
2490 2.3912579940724088e-06 1.7122877021843101e-06 1.5036147077477006e-08 0.001
2491 1.7772034921890951e-06 1.1422334820065357e-06 2.8618961363175048e-08 0.001
2492 7.155739157745137e-07 2.5142703521062906e-06 9.3071241597158923e-09 0.001
2493 2.5615606190491734e-06 1.9740796697310201e-06 1.1782738211468584e-07 0.001
2494 1.3291534906679943e-06 9.9555922556344255e-07 2.0114877571860655e-08 0.001
2495 1.3807809666820336e-06 2.2604725356847738e-06 1.3072183763962643e-08 0.001
2496 2.5376895548602436e-06 4.1815451797805835e-07 2.1068794573312906e-07 0.001
2497 2.1413593956710637e-06 1.2217440090918653e-06 3.7110183842465828e-09 0.001
2498 1.5071766988331335e-06 1.1546394262162515e-06 2.4489928628313345e-07 0.001
2499 2.388679451480879e-06 4.6577131951333372e-07 8.8309681055658266e-08 0.001
2500 8.2394157414615331e-07 2.1912974878321713e-06 1.2986193246488598e-07 0.001
2501 1.6815166943843597e-06 2.2950534166042088e-06 1.6636679206066872e-07 0.001
2502 2.3916227821037988e-06 1.0425184860861834e-06 5.6949885957784014e-09 0.001
2503 7.5728306178072827e-07 1.9178807298291595e-06 1.5581470195585039e-07 0.001
2504 1.5982572631030982e-06 1.5460293124436025e-06 2.2397934899080672e-07 0.001
2505 2.0312772861363955e-06 1.2408367938756504e-06 2.0713666116557379e-07 0.001
2506 1.8745065124996092e-06 1.0781538364172816e-06 1.4709611643598348e-07 0.001
2507 1.534404124456767e-06 5.4066742358048698e-07 6.9183045732807814e-09 0.001
2508 1.1315896522311981e-06 2.0424639775102997e-06 6.7197027216406441e-09 0.001
2509 2.3782823265236334e-06 1.612536585387192e-06 1.3114351240076319e-07 0.001
2510 2.026217875997615e-06 2.0262503901363238e-06 1.1474885469716291e-08 0.001
2511 1.3296657344050572e-06 5.0141741012498419e-07 2.0885853122841931e-08 0.001
2512 1.7033572994607424e-06 1.8508528534268342e-06 1.3068315795651435e-08 0.001
2513 1.0962524365855359e-06 1.2831948161950167e-06 9.5576941546389105e-08 0.001
2514 2.4042111174162423e-06 2.30733671347456e-06 5.5913891072135386e-08 0.001
2515 2.0949980057960582e-06 2.2978792815496983e-06 1.3152831750087748e-08 0.001
2516 2.0577968679566557e-06 6.7724478282673219e-07 1.1390318893767843e-08 0.001
2517 1.3090331621660327e-06 2.1392432093596715e-06 8.1221264590272142e-08 0.001
2518 4.1486308467245254e-07 2.2734802675644077e-06 9.8865245299009728e-09 0.001
2519 1.3351815270433502e-06 2.2167310403251864e-06 5.2273491661225838e-09 0.001
2520 1.836255974727422e-06 2.3593473159983836e-06 1.5086884010707331e-08 0.001
2521 1.7666646835018637e-06 6.8534666540581275e-07 6.9233900586797191e-09 0.001
2522 5.5724928889955016e-07 1.4192489623022659e-06 1.9095631195062012e-08 0.001
2523 9.8526833783338273e-07 8.40136884038191e-07 4.4821685447343614e-08 0.001
2524 1.2111959958282192e-06 2.016505473878944e-06 4.6741710688936126e-09 0.001
2525 6.2979787223419074e-07 2.2492129717139668e-06 1.1688201799787914e-08 0.001
2526 2.4113666455179737e-06 1.9603811960583681e-06 3.8361264427006143e-08 0.001
2527 9.4776462964091253e-07 2.3604760806106389e-06 7.7544858219627198e-08 0.001
2528 1.0155216247111898e-06 2.580507677215441e-06 1.5224491300101517e-07 0.001
2529 2.2394769544324818e-06 2.0030639063090273e-06 1.660550169293538e-07 0.001
2530 1.5727795876892597e-06 2.1542584873823072e-06 6.3527768309909295e-08 0.001
2531 5.3233109194862797e-07 2.0488438121056164e-06 1.2834420401065618e-07 0.001
2532 1.9574067263124147e-06 5.7981240138084849e-07 1.3327272211580844e-08 0.001
2533 1.8433257114333494e-06 1.2017528676263604e-06 3.919410709686943e-09 0.001
2534 1.6759955638309821e-06 8.5136770473237175e-07 4.9354038483416598e-09 0.001
2535 2.0693237012991036e-06 1.8103077276891649e-06 3.6536889511724869e-08 0.001
2536 5.1438964750941846e-07 1.7702519550607752e-06 4.6908086855226426e-09 0.001
2537 1.1612191463683556e-06 1.3175196092095678e-06 1.6316276587675701e-07 0.001
2538 2.2907242524968571e-06 3.805056009504133e-07 1.6973974756967148e-08 0.001
2539 1.7189426747430048e-06 1.5042652924030219e-06 2.7274013373392647e-07 0.001
2540 1.9294490638140549e-06 2.2039846819778769e-06 2.2206383730049522e-08 0.001
2541 1.6698279315752231e-06 1.3961196830688036e-06 1.1370992964769343e-08 0.001
2542 2.4453436801878026e-06 1.7739383799047367e-06 2.6246411785076809e-08 0.001
2543 1.3585276497532465e-06 5.0600106641981765e-07 3.3201831424543329e-09 0.001
2544 2.1168965539228107e-06 2.131925868969705e-06 1.6440865571753134e-07 0.001
2545 5.9596913737594853e-07 1.5717527952709621e-06 1.3929474718549435e-07 0.001
2546 1.203281059815554e-06 1.1396778281714453e-06 7.8368152391373704e-08 0.001
2547 1.5820943791417324e-06 5.832668858761742e-07 4.419667012558279e-09 0.001
2548 8.3836788100970398e-07 1.0695939484352502e-06 2.7893063655867207e-08 0.001
2549 1.8695413365798623e-06 2.6074206162099507e-06 1.5858404779229262e-08 0.001
2550 1.9880106982067784e-06 4.5495864284248739e-07 3.0008714477429668e-09 0.001
2551 5.7014801072416239e-07 2.1160117361629793e-06 4.4774875603130742e-08 0.001
2552 1.234122124174443e-06 2.4978723342620763e-06 2.8236335247944073e-08 0.001
2553 1.7969782209657041e-06 1.7849105082065704e-06 8.6615350500964889e-08 0.001
2554 3.9822365538288885e-07 2.2003269927546615e-06 6.2547673857176912e-08 0.001
2555 1.2701530639511462e-06 1.707667318872542e-06 9.6807312735834563e-08 0.001
2556 6.3667973291401307e-07 1.6519448206996767e-06 2.2621670658398116e-07 0.001
2557 2.3711388356989e-06 9.7176747218203576e-07 2.0208862033413671e-08 0.001
2558 1.7541446032852527e-06 2.2306530445362837e-06 3.9814191711069133e-07 0.001
2559 1.1841303669391241e-06 2.0751449833319387e-06 9.8101667110021441e-09 0.001
2560 9.0929331533578357e-07 1.7704720317751159e-06 8.2536278971880073e-09 0.001
2561 1.3889655208556786e-06 7.117061441201936e-07 8.1190805862669211e-08 0.001
2562 1.2550720260396894e-06 3.9874446502894151e-07 2.6816209421160717e-09 0.001
2563 1.9166286203712864e-06 2.0486485748100663e-06 2.5874835090076887e-08 0.001
2564 2.0354144230589555e-06 7.5209776861590531e-07 3.7648131067803442e-09 0.001
2565 5.3109175800421912e-07 1.4707370495812927e-06 4.0189775003863311e-09 0.001
2566 1.8529141348808379e-06 9.0351156208493371e-07 7.8494144431756788e-08 0.001
2567 1.6248914256554896e-06 2.3743424828267143e-06 1.0315373215678365e-08 0.001
2568 1.3741688273840687e-06 8.9093109667965665e-07 5.0349274097470521e-08 0.001
2569 2.4096721899658732e-06 2.3122886138695504e-06 1.0340042625113985e-08 0.001
2570 9.3998586710544139e-07 1.2108008832404632e-06 6.711256753685488e-09 0.001
2571 7.0430980346875551e-07 2.2423365718476728e-06 3.2441860914184682e-08 0.001
2572 1.3707224376455387e-06 1.922179361387244e-06 6.7860468218088025e-08 0.001
2573 1.5963281104785431e-06 2.5057301202354417e-06 2.8229881371303507e-08 0.001
2574 1.1854412716765593e-06 1.6250815332921204e-06 4.6961500138342171e-09 0.001
2575 2.5456385946060375e-06 1.1834568643523517e-06 1.5635934239827665e-08 0.001
2576 1.443866656873111e-06 1.8197462822584828e-06 4.2292630745887085e-09 0.001
2577 1.700932918068539e-06 1.6394913529862791e-06 6.9703904062954661e-08 0.001
2578 5.7370215115869615e-07 1.3868267952085885e-06 1.2212249424993205e-08 0.001
2579 7.7233877741836562e-07 1.554415840599929e-06 5.8859102542380351e-09 0.001
2580 2.2979636010015368e-06 7.2984564651587903e-07 1.2024029900134424e-08 0.001
2581 2.1618472495058879e-06 1.0981647928178036e-06 2.7222698817737762e-07 0.001
2582 9.0205019522387703e-07 1.2022276510973895e-06 2.14662764029528e-08 0.001
2583 1.1903499099634644e-06 5.0037083839775597e-07 2.8168032785032159e-08 0.001
2584 1.5146472881529893e-06 4.1785053109919758e-07 9.3751671281522616e-09 0.001
2585 1.1248535187992118e-06 2.0736057339624093e-06 4.0040110540150785e-09 0.001
2586 4.2102190531087281e-07 7.5512704610310534e-07 2.9160745029526057e-08 0.001
2587 1.2501061073829219e-06 1.7423157194246591e-06 2.0246010722502364e-07 0.001
2588 1.7666856768332959e-06 2.180614158446232e-06 8.8190212821304152e-09 0.001
2589 1.277046776662429e-06 1.7058582772745011e-06 7.9756858769869521e-08 0.001
2590 1.7007637892283359e-06 1.6568442919149008e-06 5.3236123549012237e-08 0.001
2591 2.4013103603629008e-06 1.3013612943012447e-06 1.6031890156632901e-07 0.001
2592 2.4143248270804472e-06 1.6003592891489446e-06 2.1405976213263317e-07 0.001
2593 1.0447452365323963e-06 1.4345269051195956e-06 2.1810597776460746e-08 0.001
2594 5.1023586295811991e-07 1.7852489152534799e-06 2.321980554843947e-09 0.001
2595 2.1014291563995105e-06 2.0864311120320994e-06 1.8896266912943914e-07 0.001
2596 1.2624526084640748e-06 2.2515435326977429e-06 8.3299752063813042e-09 0.001
2597 8.7553724196112915e-07 1.5776124180028669e-06 1.1543935561725895e-07 0.001
2598 2.5736991285001821e-06 1.36687643070038e-06 1.5058092393429037e-07 0.001
2599 4.5109112413729488e-07 2.5537938573604329e-06 4.2779115610825888e-08 0.001
2600 1.5548900615131283e-06 1.4095044013876067e-06 4.0087852968092577e-08 0.001
2601 1.9309123768389671e-06 1.7633995331786005e-06 4.9253632525007353e-08 0.001
2602 2.4526453594805082e-06 9.1824271479497451e-07 6.9599890042624351e-08 0.001
2603 8.3181753950454842e-07 1.2643221968997459e-06 2.2849243281051572e-09 0.001
2604 7.4401869775000209e-07 2.0103346742793526e-06 2.3264798237388891e-07 0.001
2605 1.6264671515149365e-06 7.1649866625694943e-07 7.3348488709267668e-09 0.001
2606 1.6676224371728903e-06 7.678249063996238e-07 1.4180741446897727e-07 0.001
2607 2.4746297671735554e-06 1.1947894882989751e-06 1.0354520348359872e-08 0.001
2608 1.0577552910975621e-06 1.4740821668911135e-06 1.1040333165241618e-08 0.001
2609 1.909819571106549e-06 4.3587480677419951e-07 4.4128320050856063e-09 0.001
2610 5.0352627004688256e-07 2.1834144061500007e-06 3.4373145583299971e-08 0.001
2611 1.6886105765001927e-06 4.9801148196690417e-07 1.1785275009331687e-07 0.001
2612 6.6236028971446843e-07 1.4650609166255358e-06 1.6627695049256783e-08 0.001
2613 8.6615523202927122e-07 2.3884363747204887e-06 1.0352805779245583e-08 0.001
2614 1.2745762985937335e-06 2.0370186469137332e-06 5.5829616650782184e-08 0.001
2615 2.419376984736848e-06 1.1406939644149645e-06 2.8197102101364933e-08 0.001
2616 2.2827686310276639e-06 1.881110083091576e-06 4.0899408933555251e-08 0.001
2617 9.2289527355005832e-07 1.0122266005124471e-06 2.3013524344539056e-08 0.001
2618 4.6635266818420302e-07 2.1899738477600942e-06 7.1694388139468595e-09 0.001
2619 5.5960043222838813e-07 6.6141901334343858e-07 1.0418554212233175e-07 0.001
2620 9.5548417784477528e-07 9.2731796734093685e-07 5.745280018341808e-09 0.001
2621 2.0693948004915165e-06 2.6227635168069233e-06 3.2253725208161174e-07 0.001
2622 7.935363722040762e-07 1.2065415389528789e-06 5.4396309213088802e-08 0.001
2623 3.9347429624182114e-07 1.8325139164624852e-06 6.8214338162594778e-09 0.001
2624 1.7752890694518802e-06 2.3135935368431794e-06 3.053395302769002e-07 0.001
2625 9.6977488238562378e-07 9.3051536605209302e-07 7.5740413456545535e-09 0.001
2626 1.882218505812477e-06 2.2932281509936969e-06 3.0941254614524163e-07 0.001
2627 1.3160285136046292e-06 2.1854560313347681e-06 8.2221750142925732e-08 0.001
2628 9.4394042924631315e-07 2.6086654137868952e-06 1.2306895897153196e-08 0.001
2629 7.4647933449819086e-07 5.0935238207577578e-07 3.0627803840770674e-09 0.001
2630 2.4863326841095872e-06 7.5716394258248782e-07 3.2461464454134575e-08 0.001
2631 6.7833162186545884e-07 1.9672894967480341e-06 1.4909128190884201e-07 0.001
2632 1.149523107145991e-06 5.4231821948942506e-07 1.4948508398591326e-07 0.001
2633 1.4398990818170227e-06 1.1807091728618169e-06 4.2267519515933334e-09 0.001
2634 2.2440986640805864e-06 2.4741347927258468e-06 1.1630464681358182e-07 0.001
2635 1.1083032113229876e-06 9.8634317117811387e-07 1.4129157996265974e-08 0.001
2636 1.3295152789937682e-06 8.9160752886676951e-07 9.1784698493448328e-09 0.001
2637 2.0711981521717624e-06 1.6174846349804912e-06 1.9446332925720896e-08 0.001
2638 2.2129584716091451e-06 1.2745999704098525e-06 3.00303873770525e-08 0.001
2639 1.5452714049304518e-06 1.0716754966031136e-06 2.7222781255756346e-09 0.001
2640 4.7332616156294499e-07 2.1640202487997411e-06 1.5234297776755595e-07 0.001
2641 1.1687715950067948e-06 1.4553254299842452e-06 2.1220024355578068e-07 0.001
2642 2.6190647700431529e-06 2.2917408339877876e-06 7.0598496966902652e-09 0.001
2643 1.4642687849470635e-06 1.9725508500001162e-06 1.5067624290505959e-08 0.001
2644 2.2872860405817442e-06 7.1663013719594773e-07 7.424680533313026e-09 0.001
2645 6.4374424137227834e-07 1.9310687352507508e-06 5.281832772388603e-09 0.001
2646 2.1801355411368663e-06 2.2294210986969581e-06 5.1885883774105506e-08 0.001
2647 1.862958743189856e-06 2.2899651857233309e-06 1.2815306834490327e-07 0.001
2648 1.5539153706033425e-06 1.2453312383786328e-06 7.2819451863092116e-08 0.001
2649 1.5400163967588774e-06 1.0517343349780569e-06 1.1753915512251953e-08 0.001
2650 1.6773602304342054e-06 1.0619864570956851e-06 1.1029209826041686e-07 0.001
2651 1.2506873813047752e-06 1.4971781509892915e-06 1.5249095779174769e-08 0.001
2652 2.3435668329861512e-06 4.2206349839464979e-07 3.3998131540738756e-08 0.001
2653 5.0332404380561069e-07 8.3353829656901423e-07 8.2032892423761223e-09 0.001
2654 1.2364804917006707e-06 1.541690689345175e-06 5.6809417847194697e-08 0.001
2655 2.0964445322910271e-06 6.5215041135119223e-07 7.7056504783094027e-09 0.001
2656 2.1372107737371445e-06 1.4873755105352546e-06 1.5203134192614065e-07 0.001
2657 2.4898678518294249e-06 1.4774318591618194e-06 5.7881497220009488e-09 0.001
2658 1.3179609109619272e-06 1.9291471423700839e-06 5.0982801009020069e-09 0.001
2659 1.5102059351516862e-06 7.5481313832132403e-07 8.1510502079770742e-09 0.001
2660 1.8602368749784693e-06 1.6234586589909499e-06 4.6925993355393128e-09 0.001
2661 2.3442070966417501e-06 5.3451450590860125e-07 3.4805020575859298e-09 0.001
2662 1.3595302062772374e-06 4.3912295858011202e-07 6.4676158105141426e-08 0.001
2663 1.9013740597896761e-06 1.0687340616956296e-06 3.5329836431557596e-08 0.001
2664 8.1528075012926231e-07 2.0665305750346992e-06 2.8557600449174567e-07 0.001
2665 1.8040533621941874e-06 7.8071630993271559e-07 2.8509211364943935e-08 0.001
2666 1.6506544842266533e-06 7.2133054261111989e-07 1.4554804683705148e-08 0.001
2667 2.1245926984146306e-06 4.1729580332262175e-07 2.3377804519841317e-07 0.001
2668 1.8696594038397187e-06 4.912494489123274e-07 2.746641579780381e-09 0.001
2669 2.1879366278051013e-06 7.4287140962047774e-07 1.7365022578509336e-07 0.001
2670 1.4601750256685326e-06 7.5941481791867833e-07 1.7409732892061348e-07 0.001
2671 4.0084543074597634e-07 9.3939887513278629e-07 8.81985711855198e-09 0.001
2672 5.6259547116674956e-07 1.4756141452580967e-06 2.0011334251483146e-08 0.001
2673 7.407076102420704e-07 1.5158320336308576e-06 1.0323106221180592e-07 0.001
2674 2.483704752094378e-06 1.0140264672004014e-06 9.5494065163907267e-09 0.001
2675 6.7691259824519549e-07 1.5688854687989517e-06 6.9362305881806982e-09 0.001
2676 2.4905332567421953e-06 2.414666823775133e-06 1.2310392591798845e-08 0.001
2677 1.0618041156897571e-06 9.9516954190647704e-07 4.1723057974556409e-08 0.001
2678 6.1925751304380598e-07 2.1852851054901955e-06 1.2435930548854998e-08 0.001
2679 5.3600702806350303e-07 3.9056435493501388e-07 9.7682231993397661e-09 0.001
2680 2.060579630995557e-06 1.0982781052651493e-06 5.3773182901946265e-08 0.001
2681 6.4252857097374619e-07 1.4043361433546201e-06 5.5238601505655289e-09 0.001
2682 2.5888440374887398e-06 7.0320920838111744e-07 7.4860670450694934e-08 0.001
2683 1.3045952564681192e-06 4.7863185529575701e-07 5.5623152416011563e-09 0.001
2684 1.7973908606192455e-06 2.3528073860973555e-06 1.1048557158618859e-08 0.001
2685 1.0116015231538274e-06 4.820890011604413e-07 1.9208500235423543e-08 0.001
2686 2.614529114190344e-06 1.991463433194877e-06 3.7100743119239333e-08 0.001
2687 6.9752191335555126e-07 2.5986493375734215e-06 4.64740670009175e-09 0.001
2688 8.5258589812347155e-07 1.5345875931747523e-06 7.3837401952943614e-09 0.001
2689 1.7441678937855333e-06 2.4467422686347921e-06 5.0194397946222388e-09 0.001
2690 7.9306449995370441e-07 6.8605104073289901e-07 8.1551761035123632e-08 0.001
2691 1.8008140563256089e-06 1.637435860984019e-06 1.8555382426123875e-08 0.001
2692 1.6211179749055538e-06 8.9459407189541564e-07 9.806068316122741e-08 0.001
2693 2.0606126870552818e-06 1.7018507410460207e-06 2.457841983981849e-07 0.001
2694 1.0138460661569641e-06 1.1192815066929069e-06 2.4307181348204114e-09 0.001
2695 2.1119849620044217e-06 1.5532293486526448e-06 4.3660101095816234e-09 0.001
2696 7.0776498558837382e-07 2.4139725819540535e-06 1.1420348604598606e-07 0.001
2697 4.9386815457871053e-07 1.4063003503578464e-06 1.8296228020936203e-08 0.001
2698 1.9390071502040069e-06 2.5850846318841981e-06 1.2393415808680801e-07 0.001
2699 1.1998096996498721e-06 2.3900632182917668e-06 3.1732441385934574e-07 0.001
2700 2.0506009104098822e-06 1.9097065297118486e-06 7.7956105260960035e-08 0.001
2701 1.8963350932330733e-06 2.5316164127454062e-06 1.0109587458193952e-07 0.001
2702 1.613235243364561e-06 2.6106427629502769e-06 7.9048012659925352e-09 0.001
2703 1.5210196706223364e-06 4.8903366546770601e-07 1.7496383015571348e-07 0.001
2704 1.636002084505598e-06 6.7948548772719324e-07 3.2549452110037528e-08 0.001
2705 1.6229305817264506e-06 4.6536644567701878e-07 1.2282757797854937e-08 0.001
2706 6.5953191866291673e-07 1.5336337046484174e-06 1.2359620642277988e-08 0.001
2707 2.1865850788162922e-06 7.6650403501123718e-07 5.2314370651302486e-08 0.001
2708 2.6085051454332447e-06 1.2607772008284335e-06 1.0078784357143483e-08 0.001
2709 2.1764100188951992e-06 1.5998244314999116e-06 6.1037977991647747e-09 0.001
2710 7.7228266231113373e-07 6.491522852999622e-07 2.2687955536966748e-09 0.001
2711 1.2767680423166312e-06 1.8590616639514044e-06 5.2216769989287862e-09 0.001
2712 2.103938663903085e-06 8.5975996083151957e-07 1.2543936935714528e-08 0.001
2713 1.46988167292815e-06 1.0142511598952581e-06 7.6915560242117e-09 0.001
2714 2.2715163475119911e-06 1.3894428180072352e-06 3.9699050435983177e-08 0.001
2715 1.2254042497394964e-06 1.0515461620546632e-06 3.3168625453643864e-09 0.001
2716 7.0559468806660608e-07 2.5085630763085837e-06 3.7842892702825517e-08 0.001
2717 6.5598454366020203e-07 6.9618371044179829e-07 7.3622723327854988e-09 0.001
2718 2.3864725640461268e-06 4.7254449923069804e-07 1.8346067315660256e-07 0.001
2719 6.8086245905375641e-07 1.8631291633682736e-06 9.732407954512559e-08 0.001
2720 1.2124521741415402e-06 1.1326971045925771e-06 1.5113428581514315e-07 0.001
2721 9.400397853392222e-07 1.7892216143630642e-06 2.2771778105883491e-07 0.001
2722 1.2937727411852475e-06 7.0502541428981814e-07 9.3247293294884322e-08 0.001
2723 1.9410124762829849e-06 2.4628661367929903e-06 9.9952072522110967e-08 0.001
2724 1.946698865949911e-06 1.4706859735081416e-06 1.0332588790432333e-08 0.001
2725 2.5878520740072148e-06 2.0291856468147142e-06 4.1349175843346816e-07 0.001
2726 2.3378229975872557e-06 1.02128465192111e-06 1.4871985526496062e-08 0.001
2727 2.426264920438601e-06 2.5324609728923435e-06 2.1880303603835209e-07 0.001
2728 1.7277269537614263e-06 2.105872115601336e-06 1.9882888094959931e-08 0.001
2729 1.5198683567943657e-06 1.3861651291717978e-06 8.5677855275822394e-08 0.001
2730 1.8200250634304265e-06 2.259275348735054e-06 3.3712669099832183e-07 0.001
2731 2.3852270542904744e-06 1.6694948949588999e-06 1.3047485012649452e-07 0.001
2732 7.3931301349542591e-07 6.3376817874917719e-07 8.2120135969314184e-09 0.001
2733 2.3006387859486058e-06 2.4247794996066098e-06 4.9664932514547872e-08 0.001
2734 5.7064275026747167e-07 2.0448892934320699e-06 9.2773295209978043e-08 0.001
2735 3.9079665721784827e-07 2.5531616831404774e-06 4.800712571058143e-08 0.001
2736 9.1715465300634546e-07 1.9642880206724579e-06 3.0684341436459737e-09 0.001
2737 2.127536813744597e-06 1.9239190841643334e-06 4.9848792334064947e-09 0.001
2738 2.5825478654894721e-06 2.3005786040699094e-06 1.5766577636867863e-08 0.001
2739 1.1500521328700458e-06 1.9110774625896044e-06 1.287828564927739e-08 0.001
2740 2.0538844158856139e-06 5.7681081711646966e-07 1.256115360951607e-07 0.001
2741 8.9368321192171425e-07 1.8434915918666184e-06 2.6879732010288926e-08 0.001
2742 1.8608681392956107e-06 1.9568327029407176e-06 6.9395370090863844e-08 0.001
2743 2.3178019745323736e-06 2.5016346972794979e-06 7.4980261516168714e-09 0.001
2744 1.0024020083740123e-06 1.5613724308856885e-06 1.6239343883932602e-07 0.001
2745 2.4465261846605615e-06 1.0013091357031668e-06 9.1416021438230832e-09 0.001
2746 5.5802024379941609e-07 1.2650903042140564e-06 6.7548910094764917e-08 0.001
2747 2.1782972789738182e-06 2.0401463054479812e-06 6.3184676803210185e-09 0.001
2748 8.9128530427895124e-07 2.142491738219327e-06 1.8720510598983814e-08 0.001
2749 9.5240576445501268e-07 1.9571219544361933e-06 1.1428001517403942e-08 0.001
2750 1.3618854342824498e-06 1.9658829687295191e-06 3.4342558287152548e-09 0.001
2751 1.5109515297960996e-06 6.4923546983920751e-07 3.9787860669992796e-09 0.001
2752 1.8738943097366588e-06 2.3694248664096445e-06 5.4546648655276001e-09 0.001
2753 1.3077118503819902e-06 4.4882212273542295e-07 4.6600560881959636e-09 0.001
2754 2.5112777229608016e-06 1.1124149571448491e-06 4.6042169325749994e-09 0.001
2755 9.6950665825878276e-07 2.394707637350513e-06 8.4881285502993435e-08 0.001
2756 2.6190210485595525e-06 2.4375046024983564e-06 1.5743404324674782e-07 0.001
2757 5.87901024939634e-07 5.1843402705399736e-07 8.1017316970679506e-08 0.001
2758 4.4389228540624544e-07 8.9137523145737152e-07 3.512437460119613e-09 0.001
2759 1.7919293521801325e-06 1.7200481821457878e-06 1.1100541660048527e-07 0.001
2760 6.7219528189358146e-07 2.3113440225000163e-06 7.6304725278658119e-09 0.001
2761 2.5597620778851418e-06 2.0351183337636694e-06 1.0736460081099618e-07 0.001
2762 1.3151668202986495e-06 2.017245824886515e-06 7.9105841783675034e-09 0.001
2763 7.4328171412771361e-07 5.604285525197123e-07 4.5748238920846406e-08 0.001
2764 1.3541601635275157e-06 1.747330817132173e-06 2.4229410137775199e-08 0.001
2765 2.0907064160690668e-06 1.2297008340897534e-06 2.1250762370205478e-07 0.001
2766 1.3336136903056408e-06 2.1295080803468068e-06 3.035090519772861e-08 0.001
2767 1.7055308621287778e-06 4.1879301076379361e-07 9.1336689010794058e-09 0.001
2768 8.5053759422885226e-07 2.3882952045789009e-06 2.5491279921804585e-07 0.001
2769 8.6093543915875558e-07 2.067815478791329e-06 4.6109350327560866e-09 0.001
2770 2.4281435956184166e-06 4.9508761322803248e-07 1.2254000185418218e-07 0.001
2771 2.2356359069294097e-06 2.2604172913257322e-06 1.8954327647795619e-07 0.001
2772 2.063686384722082e-06 3.910475529518671e-07 1.0783797454547564e-07 0.001
2773 1.4917769355497559e-06 5.2564535231835964e-07 6.7954819704354437e-08 0.001
2774 2.282870548401802e-06 2.1130710704496479e-06 1.0331766873275108e-07 0.001
2775 4.6308050938933518e-07 7.248986877494855e-07 2.3607436259840486e-09 0.001
2776 9.3214606473563526e-07 3.7905642385516685e-07 2.4525562770330996e-09 0.001
2777 8.6552066919084121e-07 9.0874176539416569e-07 1.1116292962641914e-08 0.001
2778 1.9216636693146736e-06 2.4802094754880546e-06 1.4084089307904598e-07 0.001
2779 2.6233085200012667e-06 4.5911777442560274e-07 5.9746395969571241e-09 0.001
2780 2.1647864080641033e-06 1.2791857015683016e-06 4.3734000912877382e-09 0.001
2781 1.3543280971655895e-06 2.2899251410825513e-06 4.3233358439014459e-08 0.001
2782 1.3143940877957484e-06 1.1804287607171903e-06 1.205992405333252e-08 0.001
2783 7.3485908595961249e-07 2.4757248545519593e-06 1.6460994704529483e-07 0.001
2784 1.4363501450257449e-06 8.5358871967501095e-07 2.6807578103637056e-09 0.001
2785 1.3852828280492764e-06 1.4628966414320594e-06 3.6771436215040116e-09 0.001
2786 1.5422042598104665e-06 2.4588952998479192e-06 4.7762080968198332e-09 0.001
2787 5.2967549429295061e-07 7.0196475891621105e-07 1.5692413978859291e-09 0.001
2788 3.9104546731259684e-07 7.323772927656124e-07 1.4947589520076019e-09 0.001
2789 1.2192776338760648e-06 2.5950908456304302e-06 1.7594108189824355e-08 0.001
2790 1.2600574624885636e-06 4.1454247810462275e-07 8.1265090168544481e-09 0.001
2791 1.721783901824081e-06 1.1081901288454986e-06 1.0741179309499275e-08 0.001
2792 1.6073022845023404e-06 5.5946980149675257e-07 2.8330195584224771e-09 0.001
2793 4.7776129401590113e-07 2.3661705909657096e-06 1.5590274632427006e-08 0.001
2794 1.1276277971554879e-06 2.5251454958736401e-06 1.011580703849e-07 0.001
2795 1.5638358783533791e-06 6.9754518683762104e-07 1.727035476910737e-07 0.001
2796 1.1785069212569519e-06 1.6150259963835493e-06 2.1825688352447943e-07 0.001
2797 5.7873148365134772e-07 1.1270683039278578e-06 2.4698707877111627e-08 0.001
2798 1.6185645705672282e-06 1.0749904885581529e-06 3.3719419394354814e-08 0.001
2799 1.7385856748258809e-06 1.9724068114170267e-06 2.0081612359169557e-08 0.001
2800 1.8073135383336749e-06 1.9829393402314341e-06 6.2888364648139682e-08 0.001
2801 4.9678836757513018e-07 1.1489537247269376e-06 8.0204343175238605e-09 0.001
2802 6.0973787542212239e-07 1.4003887734535402e-06 8.6233321237866613e-08 0.001
2803 1.2880486558313796e-06 1.5532948588197547e-06 7.2066947017681931e-08 0.001
2804 1.5624626288185574e-06 2.5720151749571814e-06 3.0282043814850791e-07 0.001
2805 2.1857641928893456e-06 2.4646328019214109e-06 3.7141704161149382e-08 0.001
2806 1.5598600941856016e-06 8.1777732643480779e-07 1.714221352549672e-08 0.001
2807 6.215890289435817e-07 2.2906171921758883e-06 1.7181742851637797e-07 0.001
2808 1.445552900741621e-06 2.3171587454536295e-06 8.4927240411888631e-08 0.001
2809 2.1124487220650257e-06 1.7032776287356657e-06 1.8244898540025812e-08 0.001
2810 2.257760622921551e-06 1.876109433104013e-06 4.1525214211926242e-09 0.001
2811 1.8884010245635426e-06 1.0695699913865665e-06 5.6227605605689327e-08 0.001
2812 5.0819753443793997e-07 2.3433522307595802e-06 3.1682389037355711e-09 0.001
2813 4.9657660153219818e-07 6.2371436871190629e-07 1.2184053775239385e-09 0.001
2814 2.4962389634948577e-06 5.3337736738132958e-07 9.1520979454299497e-08 0.001
2815 2.2561401163746703e-06 1.913464453992411e-06 2.3365907027130775e-08 0.001
2816 1.800964053024937e-06 2.5161309058144723e-06 1.5824631674582244e-07 0.001
2817 1.0249844225523343e-06 1.1296914361447688e-06 6.6658064253244926e-08 0.001
2818 5.9256590883598589e-07 2.5715394526906048e-06 1.550261763613797e-07 0.001
2819 2.5825446757217405e-06 7.0028300298166222e-07 1.0472338339324389e-08 0.001
2820 2.0801737881030151e-06 2.2364573773449719e-06 4.1680286595801405e-07 0.001
2821 9.0980096632985746e-07 2.3520758101021912e-06 1.1399898687268953e-07 0.001
2822 9.3809620876212051e-07 5.7795658677600423e-07 5.2707640040425555e-09 0.001
2823 2.6158390177293225e-06 2.3877405948978893e-06 1.224012109893677e-08 0.001
2824 1.7787008934929655e-06 1.6569019822369686e-06 1.4496342385956034e-08 0.001
2825 7.7740902608155168e-07 1.4398296675831781e-06 5.9035078437795613e-08 0.001
2826 1.8531977941397604e-06 3.8905224824069596e-07 2.4216654104204663e-08 0.001
2827 9.6439142103999662e-07 2.4982464329371979e-06 3.7194925619293219e-08 0.001
2828 4.7886872566927729e-07 9.3233806275968888e-07 1.0330393694076764e-07 0.001
2829 9.5798730672042109e-07 1.8178106139873679e-06 2.4713590339913854e-07 0.001
2830 7.6336943033605019e-07 2.5315530401729543e-06 2.8747946841782744e-07 0.001
2831 2.0595351524453631e-06 1.7246516130417154e-06 1.6457546886443893e-08 0.001
2832 1.6505136738354068e-06 1.6137346077326657e-06 4.6221386647539646e-08 0.001
2833 1.0818213807026604e-06 1.2091966105599387e-06 1.1606399658053683e-08 0.001
2834 4.5002227221134794e-07 2.0962894681672793e-06 2.8286988243296586e-09 0.001
2835 7.6219398528931911e-07 2.2328121870917501e-06 4.3755668176690396e-08 0.001
2836 1.4189642967835249e-06 4.3274564652286284e-07 1.4298275032043066e-08 0.001
2837 1.9227280125089179e-06 2.0847136981682936e-06 1.9889263330051966e-07 0.001
2838 7.5358348585054654e-07 1.3036731529573737e-06 3.483310455791789e-08 0.001
2839 1.1302311132332374e-06 1.5926231527697665e-06 1.8244379126610851e-08 0.001
2840 1.2101919508602868e-06 1.1866672603520024e-06 5.9183275766282151e-09 0.001
2841 6.9952211378804483e-07 5.6379259747029412e-07 1.6735149885987776e-09 0.001
2842 6.8809468617884997e-07 5.8984773584702701e-07 3.9224810081404738e-08 0.001
2843 1.2589512870139434e-06 1.4767531066689179e-06 2.3788735949541388e-08 0.001
2844 1.4202964397752705e-06 1.2763920546753264e-06 3.9907914146617578e-09 0.001
2845 2.5081395939995181e-06 2.3837603606658638e-06 6.7514631296711291e-08 0.001
2846 2.3411653667729409e-06 1.6687224500555759e-06 7.091341367414023e-09 0.001
2847 1.0029506537080827e-06 2.4352552294535255e-06 7.5707749444287913e-08 0.001
2848 1.3052019265300211e-06 2.3880294498757087e-06 2.2343861471626681e-08 0.001
2849 1.8707430883368118e-06 2.1765675736083031e-06 1.1213935372450278e-08 0.001
2850 1.8099794401213889e-06 1.2916548494587554e-06 1.906167469074396e-07 0.001
2851 1.8632694693205881e-06 1.7000870974697201e-06 4.6909715585503994e-09 0.001
2852 2.0643560329015995e-06 1.7169228196013317e-06 2.4708071162904108e-07 0.001
2853 2.1719342412992423e-06 4.8626290014706652e-07 4.6904722485035601e-09 0.001
2854 1.8198748200641281e-06 2.1012321402738115e-06 2.1160327764305616e-08 0.001
2855 1.9654520955028788e-06 2.3055531476998516e-06 1.5531794993300291e-08 0.001
2856 1.1161875441514373e-06 2.0078254585623396e-06 3.204357350722454e-09 0.001
2857 1.6017968794443819e-06 1.3771586832447064e-06 8.0411913468201685e-09 0.001
2858 8.1053340167118048e-07 2.0372256007195395e-06 1.5779013986017981e-07 0.001
2859 1.4722530497017176e-06 5.5359449544895067e-07 3.323998205634282e-09 0.001
2860 2.5200857214643333e-06 2.2005305441258714e-06 1.2106053715154781e-08 0.001
2861 2.5787025240159274e-06 1.6065976009174836e-06 5.3880955359400859e-09 0.001
2862 2.459345753912167e-06 2.2064097093443919e-06 3.0391299950678426e-07 0.001
2863 9.8354041608299955e-07 2.183997314274409e-06 1.4766164447189751e-07 0.001
2864 2.1665786462336798e-06 1.1989911616671546e-06 3.4826209098505349e-09 0.001
2865 4.8121154247105026e-07 1.8761943618967478e-06 1.9443868808965107e-07 0.001
2866 1.8028467773326405e-06 2.238906302843733e-06 5.288613810240149e-09 0.001
2867 2.1970538719132148e-06 1.5302561044223965e-06 1.3472048655415436e-07 0.001
2868 1.1759956611021857e-06 1.6723085209277438e-06 1.4683295675306771e-08 0.001
2869 6.6840243579314288e-07 1.9407170466256762e-06 1.9701250741399454e-08 0.001
2870 1.7071254323451109e-06 2.5849585482896715e-06 4.4873473016009963e-09 0.001
2871 1.6482992199846965e-06 2.0396457615878784e-06 2.3617326074996694e-07 0.001
2872 1.9636900448133653e-06 5.706158705038862e-07 8.3799013687146127e-09 0.001
2873 1.8442247382363235e-06 1.6405151626560716e-06 7.4899815459057016e-08 0.001
2874 2.0475062755558136e-06 7.766043826550467e-07 1.9234696509645222e-07 0.001
2875 2.0562798651471688e-06 2.4830664770991065e-06 7.0008545862550716e-08 0.001
2876 2.4991145734343506e-06 1.3784175481238063e-06 1.9676504471114271e-08 0.001
2877 8.2834701702635263e-07 9.4586226225974946e-07 1.5899356827023203e-08 0.001
2878 7.4419918368127591e-07 1.7784030541184602e-06 8.8510480818610503e-08 0.001
2879 7.0215126723527162e-07 2.4116534504197587e-06 6.3588820346033059e-08 0.001
2880 1.7196152301285923e-06 1.1568878896406456e-06 6.8189011980379016e-09 0.001
2881 2.5105416041094067e-06 1.8330605809998665e-06 1.5357098210214914e-07 0.001
2882 4.6951287931176539e-07 1.2193448580240936e-06 2.4213635819890339e-08 0.001
2883 1.0764678121048575e-06 3.9731297004446889e-07 1.2171344892085487e-07 0.001
2884 9.5156710401478254e-07 2.4896302425909191e-06 1.1245214643331117e-08 0.001
2885 2.5400511391096352e-06 5.0295815690809082e-07 5.1795438146000941e-08 0.001
2886 2.5145768320232327e-06 2.0004281594321542e-06 1.3014807751925967e-07 0.001
2887 2.5896864625942768e-06 8.0133140791171012e-07 1.4871152646169674e-07 0.001
2888 1.0571110103260703e-06 9.9741640731617081e-07 2.0743416714570162e-08 0.001
2889 1.7668270557422606e-06 6.3099596790031307e-07 1.3211994982819546e-07 0.001
2890 2.1504517342763234e-06 6.7599317037722969e-07 4.0056790669082977e-08 0.001
2891 1.3449008116498845e-06 8.7348068450493191e-07 2.2018050042101721e-08 0.001
2892 7.710092628002881e-07 1.0057745873483686e-06 2.8449554223094069e-08 0.001
2893 1.3467064301954685e-06 1.4038685702157553e-06 5.4154573523885943e-09 0.001
2894 2.0730899189055923e-06 2.119431561285157e-06 7.5520134778020766e-08 0.001
2895 1.1168543750175794e-06 1.7103398193364909e-06 7.0040391960907844e-09 0.001
2896 1.8323242553834359e-06 1.7670274774108946e-06 2.6941781194243273e-08 0.001
2897 2.571357373564494e-06 9.5289695740733633e-07 4.1405064221618489e-09 0.001
2898 2.0233360456927941e-06 2.5010293491570881e-06 6.9834184072444302e-09 0.001
2899 2.2446747706177704e-06 8.8720356311618694e-07 6.5096099811140645e-08 0.001
2900 6.9963883798834049e-07 1.0233452262004325e-06 7.2116465432902857e-08 0.001
2901 1.0387842410341501e-06 6.1852048623162007e-07 7.8139700423755017e-09 0.001
2902 1.555728675469281e-06 1.3213922413483146e-06 2.2465107984264409e-08 0.001
2903 1.1316596265572236e-06 9.9420857018865087e-07 2.5480463475202446e-08 0.001
2904 1.7845921412922249e-06 9.2548082062925067e-07 9.1417906381464955e-09 0.001
2905 1.2995029096858638e-06 1.6714245434109107e-06 4.1249069006612237e-08 0.001
2906 2.4807001798846951e-06 5.4380328997627361e-07 1.6564955218225422e-07 0.001
2907 1.6493448894877753e-06 2.5229355070731076e-06 2.0891907233487996e-08 0.001
2908 1.3549324389866683e-06 9.928611993036643e-07 4.1414411704037981e-08 0.001
2909 1.1322712450994969e-06 2.1718158116730812e-06 2.4438564616943986e-08 0.001
2910 2.2231788550924128e-06 8.1369806097823591e-07 1.1388491721945284e-07 0.001
2911 1.3755562053789416e-06 8.1196418523683847e-07 2.8567202989501525e-08 0.001
2912 2.3386519106369717e-06 2.17793322968094e-06 1.3516306700570329e-07 0.001
2913 5.193023672170063e-07 1.8284670359996074e-06 1.174614649337688e-07 0.001
2914 6.1521438545307457e-07 1.4644023270941257e-06 1.6844741521786373e-07 0.001
2915 1.509405325043813e-06 2.0374309596199734e-06 1.4999960806508996e-07 0.001
2916 1.4164340809575433e-06 8.0969177391812481e-07 2.6039025909005646e-09 0.001
2917 1.6320877170527706e-06 1.4714531556948195e-06 1.2466395801135248e-07 0.001
2918 2.3322927582993151e-06 5.9642753047090483e-07 2.0844114056392866e-07 0.001
2919 1.1011731250666739e-06 1.3228577807324521e-06 9.7150801959247793e-08 0.001
2920 4.1870595825971488e-07 1.8476025363999418e-06 2.5705519615213039e-09 0.001
2921 1.0417444359784055e-06 2.5140966747634535e-06 3.8087499039768778e-08 0.001
2922 2.165348873016327e-06 1.7950574263600857e-06 1.7627159784990121e-07 0.001
2923 1.7537471206590851e-06 4.1805702686193881e-07 1.3225605559008425e-08 0.001
2924 2.295945138770326e-06 2.6040877182012642e-06 1.2248758853941551e-07 0.001
2925 1.1191079505399677e-06 2.0119002140274238e-06 1.3691298275292101e-07 0.001
2926 2.1057088203381273e-06 2.2511363819783596e-06 1.2983477859125196e-07 0.001
2927 1.9799580795028078e-06 2.4501038838961882e-06 1.096297190844436e-07 0.001
2928 2.6165614574266953e-06 7.5789100579186321e-07 1.8087559221884326e-07 0.001
2929 2.0895838573670148e-06 1.4417541214379125e-06 1.8472299538922841e-08 0.001
2930 6.5925782585788936e-07 1.5500088161673947e-06 1.7735810188237442e-08 0.001
2931 2.5127079758430421e-06 5.1625636013161317e-07 2.4807349747279939e-08 0.001
2932 5.4873540899829381e-07 9.5148934874879663e-07 3.2924156266676126e-09 0.001
2933 2.0010624997118759e-06 1.1960863758646971e-06 6.4020220511518159e-08 0.001
2934 1.9682516777313302e-06 1.2372705176462667e-06 2.2738350823978633e-08 0.001
2935 5.6901934637609476e-07 1.2667387788119621e-06 1.5702361006973848e-07 0.001
2936 8.6273196102484826e-07 1.5217961381000892e-06 2.9323896672570989e-08 0.001
2937 5.3920009753846212e-07 4.0239869553317509e-07 3.7136470520723424e-08 0.001
2938 1.7348527222124023e-06 1.2701984864412711e-06 1.168406069818829e-07 0.001
2939 1.981085401986598e-06 4.3989544817687834e-07 1.1559716001229153e-07 0.001
2940 5.6070794611790594e-07 1.9537468091372256e-06 1.1307511619463612e-07 0.001
2941 1.5617598013781314e-06 7.5034057260342303e-07 2.2750454526842616e-08 0.001
2942 2.4486190797435984e-06 2.289717085248768e-06 7.8680506235316681e-09 0.001
2943 1.4458454585039269e-06 2.5913633583977113e-06 3.0107365706247945e-08 0.001
2944 2.3071656314777605e-06 2.3049003970340077e-06 9.8581148092352845e-09 0.001
2945 4.3975434131731641e-07 2.5752761508836669e-06 2.7684434518884316e-07 0.001
2946 4.0916785680890795e-07 1.9738694599959588e-06 1.7230327877303361e-07 0.001
2947 2.2268939142143361e-06 3.7908992478793724e-07 5.9123001065163856e-08 0.001
2948 2.380186864457371e-06 7.2067783568491603e-07 1.6938480768095707e-08 0.001
2949 7.2030051780811748e-07 7.0421062074109597e-07 4.2752470477931156e-08 0.001
2950 2.2776788359798738e-06 1.284925002457862e-06 4.0745312285143984e-09 0.001
2951 1.9127863246066819e-06 7.6286244774272219e-07 1.5769926618906766e-08 0.001
2952 1.5040377795115129e-06 1.2742622080319949e-06 4.2167495270739525e-09 0.001
2953 1.3842772779574616e-06 6.2959339062019734e-07 3.2052633274699543e-09 0.001
2954 1.5951904830196263e-06 1.1548100079406639e-06 1.7038768492899808e-08 0.001
2955 1.6226917287156476e-06 1.3528163748219941e-06 4.3422275166942751e-08 0.001
2956 7.0837252878641371e-07 6.7985603450647172e-07 2.8025170345253907e-08 0.001
2957 5.439093711845202e-07 7.3808416044214803e-07 6.630053327356744e-09 0.001
2958 2.3280169180663127e-06 4.6437953355303748e-07 1.1145248665916958e-07 0.001
2959 1.9111490466991313e-06 2.1716125246693727e-06 1.5114661264908334e-08 0.001
2960 2.3624939170065396e-06 1.6812369771434733e-06 3.8804761934618912e-07 0.001
2961 1.7010225029410792e-06 5.468263228534024e-07 5.5435977445422033e-08 0.001
2962 1.1496899418998552e-06 1.6684502570933552e-06 4.4931081305037474e-09 0.001
2963 1.8262410016585596e-06 9.5703806582382659e-07 5.0106969986958727e-08 0.001
2964 9.2761551176070871e-07 1.9617205491997923e-06 2.7521514903236558e-08 0.001
2965 6.4509683900670643e-07 2.123375425847628e-06 1.3833521087629341e-08 0.001
2966 4.0073111450552481e-07 1.622756558623013e-06 5.2197340367925599e-08 0.001
2967 1.1868158250823451e-06 1.2163055161681125e-06 2.0752731469470371e-08 0.001
2968 1.6238229825669202e-06 6.3133262783536441e-07 1.8523691473000153e-08 0.001
2969 6.6312923449167108e-07 1.9319846274165959e-06 4.414144161724058e-09 0.001
2970 8.9434879058430219e-07 4.6547049293445218e-07 2.2785835952205746e-08 0.001
2971 6.9689429175301757e-07 1.857532458059074e-06 1.0219841955086908e-08 0.001
2972 4.734256701529042e-07 2.0440562296974524e-06 9.031473440989711e-08 0.001
2973 1.6759389671783707e-06 2.2627903004978205e-06 4.07426870926428e-09 0.001
2974 6.7681576746799094e-07 2.3119139490755506e-06 2.9630747526670869e-07 0.001
2975 1.1566606158072845e-06 2.1492198670202736e-06 1.1131828986254854e-08 0.001
2976 2.1532033088160329e-06 1.9299616206344152e-06 1.3121400540720481e-07 0.001
2977 1.5561728325594176e-06 2.5240917599046561e-06 2.4376503844369135e-08 0.001
2978 5.3846240060074837e-07 1.3967284013580376e-06 2.6226193007803316e-09 0.001
2979 1.6988099847754374e-06 1.5614814801583377e-06 6.7634256287769489e-08 0.001
2980 1.5187027388570975e-06 8.2271914496326574e-07 5.2218248935339637e-08 0.001
2981 6.2775064241475693e-07 2.1914443117657705e-06 2.8972406460671815e-08 0.001
2982 1.1445026482667985e-06 1.7125877361866699e-06 3.861947451174617e-09 0.001
2983 5.6819702347030924e-07 2.5790865789939252e-06 1.7469876187823071e-07 0.001
2984 8.084564195100688e-07 2.4829818725685464e-06 1.8797471880428099e-08 0.001
2985 1.1559631782577971e-06 1.4982695602543064e-06 1.2922391979200404e-07 0.001
2986 2.4631071995347282e-06 1.2614581303366584e-06 9.8265007604983713e-08 0.001
2987 1.9941277015814294e-06 1.330119935971788e-06 4.5487107013732144e-08 0.001
2988 1.8186941165952294e-06 1.6474635469567034e-06 9.8304395629049056e-09 0.001
2989 1.3637528080306756e-06 1.8862665405753353e-06 1.0394802204577497e-07 0.001
2990 1.0642238693196939e-06 1.069976774553302e-06 1.3003119617249631e-07 0.001
2991 1.5199924572741216e-06 1.5279202993605962e-06 1.257250239468575e-07 0.001
2992 2.3649667496444944e-06 5.7617888836756461e-07 5.3956798201564109e-09 0.001
2993 2.2807280879447818e-06 5.90376229908036e-07 2.5264003243341789e-07 0.001
2994 2.1733929755141116e-06 2.1360970331100985e-06 1.100797897940719e-07 0.001
2995 1.2454087515915685e-06 1.2670976036763539e-06 1.0454924107119136e-08 0.001
2996 1.593321257466558e-06 1.1532450155838246e-06 9.6710979438004898e-09 0.001
2997 7.1745381729712961e-07 7.093900780424436e-07 5.9619624341542319e-08 0.001
2998 1.4588738995673454e-06 1.3728868118192595e-06 7.981960197392891e-09 0.001
2999 7.219373041308734e-07 1.1725239452302163e-06 5.5773737148491889e-08 0.001
3000 2.4551731683079336e-06 1.6767312152614641e-06 3.8768257312520508e-07 0.001
3001 2.4419403931553744e-06 2.1770558290165498e-06 4.4125601142004513e-07 0.001
3002 8.7595551916269625e-07 6.0879761363172513e-07 7.2737256845363949e-08 0.001
3003 1.0031899242139943e-06 2.5388413585745175e-06 3.9060561733116602e-08 0.001
3004 1.3460050166528241e-06 8.4961076561417307e-07 1.7597080263813454e-07 0.001
3005 9.7711878560503139e-07 1.9028012375639316e-06 1.2712635623977015e-08 0.001
3006 6.7640324683005588e-07 1.1061762358819743e-06 2.5288740896846618e-09 0.001
3007 1.7183651133621177e-06 6.5934761477931575e-07 2.8764583313980486e-09 0.001
3008 1.0298660932992227e-06 9.757910216131288e-07 2.3652476885059469e-09 0.001
3009 2.1348470888625298e-06 1.1430185779799221e-06 2.6217253635955687e-07 0.001
3010 1.3194488579477425e-06 5.7346321489065807e-07 1.2094466360474657e-08 0.001
3011 1.5609538484641036e-06 1.110179931697276e-06 3.7966047917708348e-09 0.001
3012 7.2141697682094534e-07 1.167533709114849e-06 1.160534966570976e-08 0.001
3013 1.4149083196612498e-06 1.31339228955344e-06 6.6868546938311384e-08 0.001
3014 5.9084357161945827e-07 1.9103333156040738e-06 1.8671988439196999e-08 0.001
3015 2.3382557679343022e-06 2.4491692795962606e-06 5.3943358225809419e-08 0.001
3016 1.4086707093031418e-06 1.6247976315701765e-06 3.6273240379296616e-08 0.001
3017 1.4872008748370245e-06 1.1941325216661819e-06 2.2529828488195099e-07 0.001
3018 2.0658247835336007e-06 2.4649470173764381e-06 1.3647369951435126e-08 0.001
3019 1.2119004895860847e-06 1.6056727806746826e-06 1.0493767629123446e-07 0.001
3020 4.3665987933882147e-07 2.3141041127707713e-06 7.2795692481359209e-09 0.001
3021 2.0566414079932676e-06 1.279427406983378e-06 9.6298980049434551e-08 0.001
3022 4.6303369691133598e-07 1.5276136563058189e-06 9.2583046456107725e-09 0.001
3023 2.4549185229268565e-06 6.9904447541465066e-07 6.7847371284024687e-09 0.001
3024 2.5988539433164991e-06 1.4287112013439016e-06 1.7206109454195457e-07 0.001
3025 2.4219072226803138e-06 1.8002518680578611e-06 1.2480804965020393e-08 0.001
3026 1.3497939693219342e-06 5.2955976978117915e-07 1.5390595415684974e-08 0.001
3027 1.4014968253809273e-06 2.1216297308359531e-06 4.3212688929380396e-08 0.001
3028 1.4156596288917738e-06 9.2434618725560376e-07 2.0278633786769145e-08 0.001
3029 1.3744160266464837e-06 1.1831552375272912e-06 1.2598666592958759e-07 0.001
3030 1.489819343338498e-06 2.209839019289688e-06 1.2422849411750963e-07 0.001
3031 4.7538174997203469e-07 2.2376424139063562e-06 1.3371815278961587e-07 0.001
3032 1.3211216366294063e-06 2.4296148612736755e-06 1.2118616544373769e-08 0.001
3033 1.941525231057174e-06 1.842874714842781e-06 7.396233934136866e-08 0.001
3034 1.6067293643228381e-06 1.2990666712017775e-06 3.3333433548557965e-09 0.001
3035 2.2965867457763098e-06 2.5620129617563141e-06 2.9799621064217373e-08 0.001
3036 1.0701226776268496e-06 6.0841749446979158e-07 9.8515267436019763e-09 0.001
3037 6.9843253757258382e-07 1.9479813661928052e-06 4.0655460643057428e-09 0.001
3038 9.2382025015662712e-07 2.3227621993709215e-06 4.8102513295236495e-08 0.001
3039 1.296248770624426e-06 2.2014055131347386e-06 9.4298538069361379e-08 0.001
3040 1.5096118839741136e-06 1.8971225386860616e-06 2.0289381287365092e-08 0.001
3041 2.238454614005306e-06 5.3180913022389899e-07 3.4481395287215167e-08 0.001
3042 1.7278866215465267e-06 1.7597786156664126e-06 2.2659420932343825e-08 0.001
3043 1.7663108163178082e-06 9.5018907515927766e-07 4.9760824346565696e-08 0.001
3044 4.0129345927351151e-07 1.5149129529284795e-06 6.01634523338326e-09 0.001
3045 2.5532202188351811e-06 1.7541144163746459e-06 1.0425715373100686e-08 0.001
3046 2.3152546039733572e-06 2.0369315487397355e-06 3.3618944108768737e-07 0.001
3047 2.6161008549800427e-06 2.0689450718073841e-06 1.2135936272214675e-08 0.001
3048 1.9708930206807245e-06 1.5948225548232561e-06 1.9166170480368042e-07 0.001
3049 2.0578783586833064e-06 1.7620233516940039e-06 2.9009630054757293e-07 0.001
3050 1.4684706885923274e-06 8.4994842157722543e-07 4.6792051248526448e-08 0.001
3051 5.308737985904511e-07 4.6353508299751955e-07 2.3118402541751779e-08 0.001
3052 1.221005959570062e-06 1.338417631207744e-06 7.9033532505318338e-08 0.001
3053 2.1851967522186843e-06 8.8753730638368442e-07 8.8471970716893479e-09 0.001
3054 6.2205586018707391e-07 2.4073206769640555e-06 1.0352658350028011e-08 0.001
3055 9.7256758957099748e-07 2.2657035908815409e-06 5.0026851628136935e-09 0.001
3056 2.451586518657605e-06 2.6055118057730203e-06 3.5797072223144111e-07 0.001
3057 5.2918415649016766e-07 2.2934708412091296e-06 3.3857048501614474e-09 0.001
3058 4.791128584484428e-07 1.7957755109810756e-06 4.580825864174584e-09 0.001
3059 4.9932598445921653e-07 2.1043198579882992e-06 2.2393578458759714e-08 0.001
3060 2.3107519545821488e-06 1.0192317417568432e-06 1.4873863769437552e-08 0.001
3061 2.583675471129419e-06 4.6049385939025935e-07 3.7749804396891344e-09 0.001
3062 7.1599411788115943e-07 4.7879752357923013e-07 1.4048328664832454e-08 0.001
3063 1.1335973529298306e-06 9.1769524399092481e-07 4.7460146515422456e-09 0.001
3064 1.1608576262126781e-06 7.2928979087060754e-07 3.0300394835860602e-08 0.001
3065 1.4598036756130698e-06 1.9346590854075279e-06 3.4796699005636192e-09 0.001
3066 4.855645696514349e-07 1.6832341522469993e-06 1.2492354126852581e-08 0.001
3067 1.6752178037197135e-06 2.3078663650363515e-06 1.3935002390555241e-07 0.001
3068 1.2168349812345499e-06 4.0545903565578998e-07 6.8066727846923131e-09 0.001
3069 8.9758697149943789e-07 9.0062683220241867e-07 2.6184475993457202e-09 0.001
3070 1.4663186033989355e-06 1.8713451830665153e-06 4.8812390530275347e-08 0.001
3071 1.1189609114566774e-06 4.8970479730373848e-07 1.436530650558375e-08 0.001
3072 1.095454385460821e-06 2.3438046578873015e-06 2.4593002964517963e-07 0.001
3073 1.1391103450108483e-06 1.5616968737464376e-06 1.9653849278576017e-08 0.001
3074 1.3187711735212771e-06 1.6916632521960658e-06 1.5287813802818814e-07 0.001
3075 4.1928323775644078e-07 4.6686932230663188e-07 9.8213905262630733e-09 0.001
3076 1.5305111379231537e-06 1.9890668833292633e-06 1.7415066605514921e-08 0.001
3077 2.5324391671608066e-06 1.1841634626382421e-06 1.2796130817357616e-07 0.001
3078 2.3530181300741557e-06 1.5654400466517811e-06 4.1142228255522132e-08 0.001
3079 9.4379187637339185e-07 9.6039312247842113e-07 3.1588131547514511e-09 0.001
3080 2.5750357099404333e-06 3.9434613093194591e-07 3.2848174519961901e-08 0.001
3081 2.4396350794306072e-06 5.7854311609394862e-07 2.4130992613420107e-07 0.001
3082 1.2441115792924469e-06 1.2052407406880431e-06 7.7861669190889439e-08 0.001
3083 1.4486021661993662e-06 1.8315208275947743e-06 1.6465817029120799e-08 0.001
3084 2.3236165301430009e-06 1.2349969695499348e-06 1.7433662161479153e-07 0.001
3085 7.1096621993322831e-07 6.1516497537179257e-07 1.0155789317858276e-07 0.001
3086 9.8650574541106444e-07 9.5801541267972528e-07 1.1828970852615602e-07 0.001
3087 2.2747245125506654e-06 2.0094069554130324e-06 5.3897757816925098e-09 0.001
3088 1.4747096768749143e-06 2.2864114242535184e-06 1.6495732556734075e-08 0.001
3089 2.3414266881527221e-06 1.8730152037060433e-06 1.5184355291146726e-07 0.001
3090 2.190864641879728e-06 1.5760808450547472e-06 7.1146652103365723e-08 0.001
3091 2.3855017087433791e-06 1.8056802563046526e-06 2.996980994246253e-07 0.001
3092 1.3059255239883252e-06 8.9134472551528633e-07 8.5129129128153258e-09 0.001
3093 4.3048582516104456e-07 1.6258113880467566e-06 1.3342532044771677e-08 0.001
3094 8.5487936687359015e-07 2.0839953009912151e-06 6.1273691141240336e-08 0.001
3095 7.9461702820989659e-07 1.9807327882301908e-06 1.2916415033950562e-07 0.001
3096 9.8526123417069355e-07 1.232595641504131e-06 6.2581922316164622e-08 0.001
3097 2.3720741152840914e-06 6.88337725201885e-07 1.7973857927226956e-07 0.001
3098 9.3564382016397014e-07 1.792603744162052e-06 1.0834220000239418e-07 0.001
3099 1.9479553507709828e-06 2.5880610091578007e-06 1.391932605924453e-08 0.001
3100 1.4135993823769165e-06 8.0996572849452447e-07 2.7849932535773227e-08 0.001
3101 2.5894705086524793e-06 2.1390529992326701e-06 1.5318005054153993e-08 0.001
3102 1.6247617527683189e-06 2.4441666295706633e-06 3.9019492592209314e-07 0.001
3103 4.6935093112618101e-07 2.0558036446283197e-06 5.1492996794734561e-08 0.001
3104 2.4693487926114284e-06 9.9259499555532855e-07 6.4133572970919256e-09 0.001
3105 4.6267121749087414e-07 1.204607116641247e-06 4.9485326269458999e-09 0.001
3106 2.0841837663280754e-06 1.3165744160547333e-06 1.8880605175373307e-08 0.001
3107 7.2658102611532677e-07 1.7074487135384001e-06 2.3514147726854847e-07 0.001
3108 1.0557887680025094e-06 4.0331484127054207e-07 6.3187384324736191e-08 0.001
3109 2.0429539462508045e-06 1.5266952419748595e-06 3.8617188046085506e-09 0.001
3110 6.0026984835399518e-07 2.2183624293361787e-06 7.0658093490538069e-09 0.001
3111 2.2369729075612419e-06 2.2803396858116497e-06 2.054283390733048e-08 0.001
3112 1.2512184169305808e-06 2.0646291718834805e-06 6.070402618583081e-08 0.001
3113 2.4760007504748112e-06 5.7726702703164271e-07 4.8955071002333685e-08 0.001
3114 6.3257175260235394e-07 6.2839817801280073e-07 5.9545200049919581e-08 0.001
3115 2.002279316643359e-06 2.4975020195329261e-06 1.2246218496827408e-08 0.001
3116 1.1494927954124021e-06 1.5969226111527981e-06 2.2865967186269752e-08 0.001
3117 8.9314972763485822e-07 1.207533549956774e-06 3.4631602687764575e-08 0.001
3118 2.4456366779710918e-06 1.3294209283540945e-06 1.0233481486451438e-08 0.001
3119 2.1103026739690885e-06 9.0298145270180791e-07 6.3829708412293138e-08 0.001
3120 2.1460894389152997e-06 2.0947679677143903e-06 1.5103221615844758e-08 0.001
3121 1.1228559122063159e-06 1.6275000343984299e-06 2.1546012347780012e-08 0.001
3122 6.5244031742580507e-07 4.2150936795470735e-07 3.4474957190517324e-09 0.001
3123 1.8363360727226064e-06 1.1998071295544757e-06 1.8981902766287433e-07 0.001
3124 1.7868262545685719e-06 1.0337212154979613e-06 3.52521092756876e-08 0.001
3125 1.2737559215795409e-06 9.7068036724481827e-07 1.1086461503724089e-08 0.001
3126 5.2971820004546845e-07 1.9318797615395073e-06 1.209565629053051e-08 0.001
3127 1.0524431571947295e-06 2.0016846492846449e-06 8.6801771463627264e-09 0.001
3128 1.1412309318519172e-06 2.1777251033319908e-06 5.7584203448406265e-09 0.001
3129 5.6162006179615579e-07 2.322700544656847e-06 1.4573222654796864e-07 0.001
3130 1.4748046688723383e-06 1.1360802987050233e-06 6.733823242859274e-08 0.001
3131 1.6287095646120812e-06 1.6329866908289965e-06 1.0424226653382748e-07 0.001
3132 4.3922506732011307e-07 2.0415540833321187e-06 1.4254167203177907e-07 0.001
3133 1.7122901410609038e-06 1.5694853249341813e-06 6.2749374465240198e-09 0.001
3134 2.5564801633590286e-06 2.0904302909219906e-06 5.3890436211031484e-08 0.001
3135 2.1425987740464602e-06 1.6095633379498427e-06 5.2210642090133171e-09 0.001
3136 2.3723513318381528e-06 1.6377509148908682e-06 8.4618970760455865e-08 0.001
3137 4.6661832428058246e-07 9.0735382617795473e-07 9.6047271535214169e-08 0.001
3138 9.3709402730638561e-07 6.361769448466278e-07 3.075246932023149e-08 0.001
3139 2.5305352776457836e-06 2.4328421368670358e-06 3.2008067255912558e-08 0.001
3140 1.5993408758668967e-06 1.1249570682589898e-06 3.4297483371928275e-09 0.001
3141 4.8977586776634551e-07 4.0178693328349165e-07 1.7177660409378302e-09 0.001
3142 7.7794878454291915e-07 2.5918090881972963e-06 4.4777255035000036e-09 0.001
3143 2.2580404323569561e-06 1.4075374584303876e-06 2.9023403366107552e-08 0.001
3144 5.2847451026644477e-07 6.9392406869352908e-07 3.8495890718094979e-08 0.001
3145 5.0754051975825313e-07 1.7101876977684318e-06 9.3900912914997018e-08 0.001
3146 1.4714275071813893e-06 9.2207095053141683e-07 3.0993523139227608e-09 0.001
3147 1.3267839911000013e-06 2.0215064971737707e-06 4.5096670585402473e-08 0.001
3148 1.8432049099946698e-06 2.2030984075184062e-06 2.0319930394709825e-07 0.001
3149 1.222329510993021e-06 9.0002986369671464e-07 3.4465081224756898e-08 0.001
3150 1.4046867931397803e-06 2.5601262673984171e-06 2.2341719104468435e-07 0.001
3151 2.2916721281530869e-06 4.1137455498765578e-07 6.219372986356489e-08 0.001
3152 8.1749839054836563e-07 2.33726655393987e-06 2.5701015626721701e-07 0.001
3153 6.3202478131669794e-07 2.2745781842151649e-06 6.0016838353729888e-08 0.001
3154 1.4046248646673462e-06 1.5443771317596659e-06 9.5470065554538059e-09 0.001
3155 1.0491965274374377e-06 2.5394835774007356e-06 4.5983118693392864e-08 0.001
3156 6.6179814748649e-07 2.478201255128651e-06 1.4922383222519656e-07 0.001
3157 1.9789243530017842e-06 2.1040622599142517e-06 1.3708920776897666e-07 0.001
3158 1.3064499019075252e-06 2.1280615596995179e-06 5.4973845029814374e-09 0.001
3159 6.1171173336417991e-07 8.960568833405989e-07 2.3401608615597871e-08 0.001
3160 1.3846218015153004e-06 7.456151020381466e-07 4.0974926336352218e-09 0.001
3161 2.5151383905850232e-06 2.4438806781110257e-06 2.578461254220512e-08 0.001
3162 8.5429291494359665e-07 1.5822163741243671e-06 1.4458425782354014e-07 0.001
3163 1.0653232107335745e-06 2.3802239024775481e-06 1.1591274281140861e-07 0.001
3164 1.9276428186077555e-06 5.0479471712188203e-07 1.115134827274738e-07 0.001
3165 9.1991438662668851e-07 7.7557592890685101e-07 6.0482989788754658e-08 0.001
3166 5.3044822154733982e-07 2.4598142343462005e-06 1.4254493750999239e-07 0.001
3167 2.3928887266083369e-06 1.9425703116923506e-06 1.2465608640570512e-08 0.001
3168 2.5115569029645304e-06 1.3649794407507412e-06 2.8762511890869177e-07 0.001
3169 7.9904402594564603e-07 1.2541910770741219e-06 5.2556078824681286e-09 0.001
3170 1.1325003965812077e-06 2.408897913444469e-06 1.8643678411859475e-07 0.001
3171 2.0188192338076483e-06 5.6218824058835893e-07 1.4008279666886612e-08 0.001
3172 1.5375275673064104e-06 9.9366725981116898e-07 1.3471217117878305e-08 0.001
3173 8.7796000629826971e-07 3.8959893837930639e-07 4.3812702820484161e-09 0.001
3174 1.1172101546470687e-06 2.5346557068065114e-06 1.0009124639333096e-07 0.001
3175 2.2562893138370003e-06 1.8046326964569375e-06 6.7207590392464521e-08 0.001
3176 1.1163937665689368e-06 1.5724904997621517e-06 3.5647003007575776e-08 0.001
3177 4.0806210599141551e-07 2.181895458217693e-06 4.755460826019246e-08 0.001
3178 1.4657345614396977e-06 4.9255706743227962e-07 1.6961428113464117e-07 0.001
3179 2.110581657373459e-06 1.0701290641848036e-06 1.6954081782187295e-08 0.001
3180 1.3677371151201979e-06 5.1033310481332699e-07 5.1605424494036176e-08 0.001
3181 2.2826275435610378e-06 1.2160172020302054e-06 2.3034198005523836e-08 0.001
3182 7.3320293129429945e-07 2.2755667530185617e-06 1.2821183965193038e-07 0.001
3183 1.2714032851187584e-06 1.486770511350254e-06 8.1049754014400413e-09 0.001
3184 8.0335291075513588e-07 1.9450242805087746e-06 1.3913375564150635e-07 0.001
3185 1.4243652981273948e-06 9.6159533427868363e-07 2.4390908827632439e-08 0.001
3186 4.3510946102987336e-07 1.8614422679137992e-06 2.3695647837243926e-08 0.001
3187 6.63105952762472e-07 2.0392832479164422e-06 3.8348990431869651e-09 0.001
3188 9.2405121972658777e-07 1.6503652320383246e-06 2.3704658450479431e-08 0.001
3189 9.4795097744824953e-07 1.2874409612726218e-06 3.9457394210677522e-08 0.001
3190 1.3279237731160661e-06 1.421182131258764e-06 2.4361028399814994e-07 0.001
3191 2.3970496308092696e-06 5.2936978950673731e-07 1.0366016526922239e-08 0.001
3192 2.4468338617348179e-06 7.1127752901895743e-07 1.0259396881295966e-08 0.001
3193 5.5357224283548533e-07 2.2938934946408368e-06 1.056281245834817e-08 0.001
3194 6.607947993825984e-07 1.8937322290982415e-06 8.7331210274897479e-09 0.001
3195 2.0172057854578044e-06 4.7553257186181985e-07 2.6778737258847759e-09 0.001
3196 2.4804603860913486e-06 5.7744790319221072e-07 3.2798675499090401e-08 0.001
3197 2.3223668350076454e-06 2.199603285743241e-06 7.9856145862250828e-08 0.001
3198 1.2555317718813296e-06 2.126379717510816e-06 4.3261566135251421e-09 0.001
3199 7.0478504832015599e-07 9.9737923627486223e-07 3.9387622326361778e-09 0.001
3200 8.5326495194643826e-07 2.5489765735852711e-06 9.5312707537137189e-09 0.001
3201 1.3551605683499219e-06 2.030616724844254e-06 1.2018368144542905e-07 0.001
3202 2.0908460439399379e-06 1.3898228260420239e-06 6.2684696151345707e-09 0.001
3203 1.444568609023663e-06 1.6403045673411461e-06 1.7933656526439858e-07 0.001
3204 1.627742822045977e-06 1.5637425099483371e-06 7.5025401863167109e-08 0.001
3205 1.6388858746084965e-06 2.4072317314213096e-06 1.9922452329461678e-07 0.001
3206 8.8328249221120131e-07 1.1869722149630511e-06 6.2353232961424884e-09 0.001
3207 1.2199330435563059e-06 2.5741711897898365e-06 5.3568012570388073e-09 0.001
3208 2.5701875557139296e-06 1.6181316975705461e-06 1.0207919041183857e-07 0.001
3209 1.229499994315369e-06 2.6101323651024344e-06 1.7844645186438397e-07 0.001
3210 1.7455387960228766e-06 2.3297711942885829e-06 4.7476895566416979e-09 0.001
3211 2.0012420722315387e-06 2.5143754768647982e-06 8.7007307692759642e-09 0.001
3212 1.6374807275420194e-06 1.7727674254924365e-06 5.1023948722286915e-09 0.001
3213 1.2520051862534386e-06 2.542023764844855e-06 1.054631128787998e-07 0.001
3214 7.0038100780075946e-07 8.9028156183242999e-07 9.8659436438936196e-08 0.001
3215 1.9072909910978452e-06 2.5584436339481832e-06 9.9090730222323977e-09 0.001
3216 1.3897929129034933e-06 1.3746118238122827e-06 2.5222430552103484e-08 0.001
3217 2.3186569053065499e-06 1.1380208359348972e-06 1.3198977399785078e-08 0.001
3218 1.2964218368519013e-06 1.0161983684127483e-06 1.4460261342197483e-07 0.001
3219 1.2808717753877218e-06 1.2445506737080086e-06 4.6887044563972803e-08 0.001
3220 9.1847211543871758e-07 1.0162747368136748e-06 3.2955346411425694e-09 0.001
3221 1.5453574197210432e-06 1.3270205184012542e-06 2.8317066903294911e-07 0.001
3222 5.7086877990479831e-07 1.2014131602792836e-06 1.5206949068358128e-07 0.001
3223 8.4772704424457219e-07 3.8969400814483535e-07 4.2505940604648743e-08 0.001
3224 1.6608124076747999e-06 2.2851364910170938e-06 3.0322576481959986e-07 0.001
3225 2.5882612235047299e-06 2.253305985310137e-06 6.9582637464944093e-09 0.001
3226 8.4667262562564182e-07 1.4420380398324233e-06 1.6979161538281556e-07 0.001
3227 2.3024117647155574e-06 1.4392750869453095e-06 5.1126326493808974e-08 0.001
3228 4.70675725628869e-07 2.6190803362153682e-06 2.1590187039185683e-08 0.001
3229 1.6817842891063043e-06 6.8324337848308713e-07 1.8436276356475784e-08 0.001
3230 2.0122389064161052e-06 2.0043822155931249e-06 3.873617447150707e-08 0.001
3231 2.4376995975621001e-06 2.3360703601411585e-06 3.5469914178306796e-07 0.001
3232 7.0868965435970391e-07 1.536194530670072e-06 6.5301775139455401e-08 0.001
3233 2.1560852598453308e-06 1.9330399616626809e-06 5.2990400401296498e-08 0.001
3234 1.4995220390685025e-06 2.4029207040875273e-06 7.2878699311559649e-09 0.001
3235 2.1354913778260211e-06 1.5135104459523402e-06 6.6917832589739766e-09 0.001
3236 2.2314746847669136e-06 2.1605471213695012e-06 1.0103492178614806e-08 0.001
3237 1.4916406355248245e-06 7.9585171020111922e-07 5.8313423344208666e-08 0.001
3238 2.1656079890817625e-06 1.5017296693436244e-06 2.1788731038454362e-07 0.001
3239 1.2524052686129617e-06 2.2452616353097199e-06 2.3223443308105552e-08 0.001
3240 1.7919642707800228e-06 2.2139135360684433e-06 3.4916002373019976e-08 0.001
3241 2.2487580476464919e-06 1.3661438400626645e-06 5.4097470344411907e-09 0.001
3242 2.2637209308965441e-06 1.4843277996998742e-06 6.1160728338891166e-08 0.001
3243 1.2740065372875278e-06 3.9088954561715685e-07 9.6538537700530969e-09 0.001
3244 9.9595465934403898e-07 2.6103094931702619e-06 3.909020992700891e-09 0.001
3245 6.5871735674367111e-07 1.5484301152148505e-06 4.8257731182538273e-09 0.001
3246 1.031178989356415e-06 5.5300802054467788e-07 1.3402281373991768e-08 0.001
3247 3.7671006224551319e-07 4.2023961654874288e-07 1.9176857827756086e-08 0.001
3248 8.3983943231592888e-07 1.9165044979204075e-06 7.8122783050655781e-09 0.001
3249 4.0957414543813942e-07 1.2234411244843234e-06 4.8406311552782809e-09 0.001
3250 8.9286401644262297e-07 2.4868371707833111e-06 1.2359734555600041e-08 0.001
3251 4.8648285079735305e-07 1.9981245718259188e-06 8.8501096542097404e-08 0.001
3252 1.584935139559656e-06 2.0651759905308259e-06 8.502446331166562e-08 0.001
3253 1.892811274709642e-06 2.1508590936184058e-06 6.8405106321376056e-09 0.001
3254 6.2572102175849992e-07 1.5632745965343131e-06 1.1314361219045343e-08 0.001
3255 2.0902774914661077e-06 2.4523903937189859e-06 3.3839180605923444e-08 0.001
3256 1.1516753449433652e-06 1.6081513337447144e-06 2.1154428773339754e-08 0.001
3257 7.7590406349910662e-07 1.2816331323631373e-06 2.3984461270253821e-09 0.001
3258 1.8188186548688442e-06 2.3475696974875732e-06 2.3166358593420548e-08 0.001
3259 1.5024474404799428e-06 1.5638949219452778e-06 1.4815442627099834e-08 0.001
3260 1.8024091169603938e-06 2.2920803547444837e-06 1.3036482744446992e-07 0.001
3261 1.9923224458780314e-06 9.2584104514725225e-07 3.647899093127608e-09 0.001
3262 1.589100646353027e-06 5.2391402580943583e-07 5.7431826000533609e-08 0.001
3263 1.5489008020692183e-06 1.7252376701215199e-06 9.4685821694090313e-08 0.001
3264 1.482601041811425e-06 5.167158382762396e-07 3.4498799523362807e-09 0.001
3265 6.3996280443944956e-07 9.1819864466341612e-07 1.3816841992519577e-08 0.001
3266 2.2418543484771037e-06 2.1366491931462996e-06 1.32018195219368e-08 0.001
3267 1.7800511808899685e-06 7.5578949544094951e-07 2.0245862698809728e-07 0.001
3268 2.0859316901395112e-06 2.4233194435012924e-06 1.5504003186749782e-07 0.001
3269 2.5429690368736789e-06 7.9962881223336896e-07 3.5211538492569366e-09 0.001
3270 2.0586696133428138e-06 1.046227228699226e-06 3.7034212617285942e-08 0.001
3271 8.9616515551337387e-07 2.5770924000317127e-06 8.9804721233348229e-09 0.001
3272 1.0556774928157596e-06 2.5729134357967523e-06 4.8482203049160259e-09 0.001
3273 9.9427351034922512e-07 9.4021268320319608e-07 6.3592891421171743e-09 0.001
3274 1.6027443052887781e-06 1.6682132018192743e-06 3.124098955230733e-07 0.001
3275 2.0698729169633978e-06 1.074653472280452e-06 5.3467194978506694e-09 0.001
3276 1.6335612960853016e-06 2.0116863153567018e-06 1.6769700151579809e-08 0.001
3277 2.4497067439111974e-06 6.4888639047893616e-07 1.6891268100140326e-08 0.001
3278 2.5626761648323416e-06 1.413853920688926e-06 5.327534224208401e-08 0.001
3279 1.6774718058992419e-06 5.1687734038256269e-07 4.5275071525723184e-09 0.001
3280 1.2093411177650228e-06 4.2606332970396908e-07 5.421337855383602e-09 0.001
3281 1.6558621847077214e-06 4.4794692745205847e-07 2.5255116483663877e-08 0.001
3282 1.048544744015389e-06 6.8838274232820761e-07 3.6755132445353052e-08 0.001
3283 8.517828949128718e-07 2.2152933835295303e-06 9.4491832394323678e-09 0.001
3284 1.4469591105535746e-06 1.4413980504190359e-06 9.9513982850172681e-09 0.001
3285 2.3428969788222571e-06 2.2879361047174948e-06 2.4877525199725002e-07 0.001
3286 4.2986202599631837e-07 2.6026039344516112e-06 4.5273063856551984e-08 0.001
3287 1.5351948873197167e-06 1.984645967372166e-06 9.1844063437660721e-08 0.001
3288 2.4714003774991452e-06 1.715619260582791e-06 2.89921156180155e-08 0.001
3289 1.9244704823193893e-06 2.1565470781623033e-06 1.6984701093290611e-07 0.001
3290 2.439036660715766e-06 1.5778814824849684e-06 2.967815802248855e-08 0.001
3291 1.0531769827190262e-06 1.2419860210953087e-06 8.4418483170309937e-09 0.001
3292 1.1591831069911816e-06 2.0681835155261781e-06 6.4770667099778775e-08 0.001
3293 1.1804622644765794e-06 7.837814611503168e-07 1.3842300813843643e-08 0.001
3294 1.1256109366743832e-06 1.8508249485951453e-06 3.6728461270180612e-09 0.001
3295 1.9336301658217846e-06 1.6420340945012965e-06 3.0536986901108113e-08 0.001
3296 1.4473406008052566e-06 1.3774010364812298e-06 8.6161971655734687e-08 0.001
3297 1.7114188110231248e-06 1.59785310338228e-06 1.4141500015391298e-07 0.001
3298 1.7863814539945051e-06 1.2729858605703741e-06 2.3860155536168059e-07 0.001
3299 2.2620054416454487e-06 7.1052058915345702e-07 6.2519049947878835e-09 0.001
3300 2.0778960330750632e-06 4.1881363674896197e-07 3.7101315145830444e-09 0.001
3301 2.5431917709042416e-06 1.3299102306031999e-06 6.1365497398599463e-09 0.001
3302 2.394475800521652e-06 1.4368853868850763e-06 2.1390259956126408e-08 0.001
3303 1.4815192316116117e-06 1.5343866681620967e-06 6.9749329454669075e-08 0.001
3304 1.2868375585605162e-06 1.7543316238191013e-06 1.4594963091395799e-07 0.001
3305 7.9395576838046433e-07 2.6062891607444009e-06 3.3553070550300845e-07 0.001
3306 2.4287117846462223e-06 2.3150026536774867e-06 7.0196878602617263e-09 0.001
3307 1.7143928656457998e-06 2.6078063086864231e-06 1.1863692687081016e-08 0.001
3308 1.8434105887242988e-06 2.220139005163369e-06 1.064558456434093e-07 0.001
3309 1.4615300994111495e-06 9.5489081827801982e-07 4.2993706167361117e-08 0.001
3310 8.0731739708591041e-07 2.6179558163515102e-06 5.9963509447925712e-08 0.001
3311 4.1522416761573097e-07 1.5162597158795294e-06 1.8731612158685509e-08 0.001
3312 2.5736704101721896e-06 8.9259915252715194e-07 7.0956808286312765e-09 0.001
3313 2.2914927157990849e-06 1.3601434624014619e-06 1.1291675556401711e-07 0.001
3314 5.5691553623489393e-07 2.5010894748711863e-06 5.0858634299142776e-08 0.001
3315 2.2804501517893523e-06 2.2735769518484734e-06 1.7358308845996232e-07 0.001
3316 2.1503005258519124e-06 2.4149268227231066e-06 4.1345853272209884e-07 0.001
3317 6.0949697208685198e-07 9.7829605851917965e-07 2.06823805010645e-09 0.001
3318 6.5150361583017817e-07 2.5382580477810151e-06 1.2220153425282907e-07 0.001
3319 2.1582812209647364e-06 1.9842746279460636e-06 4.7759790774239151e-09 0.001
3320 1.8485259784812623e-06 9.967357522171422e-07 6.2467329411418152e-09 0.001
3321 1.2074715343571201e-06 1.1832449410874496e-06 1.1792203912476377e-07 0.001
3322 1.590907422869357e-06 1.3418103824639928e-06 4.7339426950060397e-09 0.001
3323 2.2022353426322228e-06 9.1248594802950629e-07 3.0242590642515454e-07 0.001
3324 7.137224199405987e-07 1.9226790832589116e-06 3.9738735314107035e-08 0.001
3325 1.5966890337303032e-06 7.7904358741036852e-07 1.7688851781801583e-08 0.001
3326 1.3619059444984027e-06 1.0967602221183631e-06 1.3045798655077159e-08 0.001
3327 1.4641499654524718e-06 1.9569152952042357e-06 7.0167840770817674e-09 0.001
3328 7.8742117596140147e-07 1.0439759935064771e-06 8.2924903788271468e-08 0.001
3329 2.2407217979259211e-06 2.2636617873707442e-06 3.6343673914980885e-07 0.001
3330 5.9095424231207591e-07 2.528506029012914e-06 1.0728019698127686e-08 0.001
3331 1.8171878095959282e-06 8.2514300997415311e-07 3.7169311483418283e-08 0.001
3332 2.4328005666516e-06 1.1964211573970959e-06 1.4007636608724074e-08 0.001
3333 5.1259250504436726e-07 4.2874790181732007e-07 1.8117729366771972e-09 0.001
3334 1.2513370376820356e-06 1.6110466550434404e-06 3.3599065046112255e-08 0.001
3335 2.366030475304419e-06 1.4274817836656755e-06 3.265686645919044e-08 0.001
3336 1.5375142296205058e-06 2.2993201551550033e-06 2.2941705734097737e-08 0.001
3337 5.7108453242104857e-07 1.4393549476758659e-06 9.6516726429054192e-08 0.001
3338 2.3034847103652532e-06 3.9729350627305107e-07 7.0748563851014939e-09 0.001
3339 1.6672941330463483e-06 1.331106372955639e-06 1.0806702831892169e-07 0.001
3340 1.7454254697823296e-06 1.9871647553123692e-06 1.5016538391043801e-08 0.001
3341 4.9915531915332476e-07 1.5641787723774024e-06 3.0473393410180078e-09 0.001
3342 5.935241701105573e-07 2.5717277863057934e-06 6.1779914689270818e-08 0.001
3343 8.2459665377536236e-07 2.3279029102876727e-06 3.3016780678984608e-08 0.001
3344 2.5618873957726339e-06 1.370560252363034e-06 1.307930705213448e-08 0.001
3345 1.4565525682369645e-06 1.0214031103522248e-06 2.7139745348689844e-09 0.001
3346 2.2787896620240838e-06 2.1520395365209966e-06 1.0270202066350604e-07 0.001
3347 4.0161193845927555e-07 2.5037387953140312e-06 7.9287030241698751e-08 0.001
3348 4.9847733128501728e-07 8.8573896747475651e-07 6.3330105894722049e-08 0.001
3349 1.8505339523804807e-06 1.799288714711953e-06 1.5507935718158717e-07 0.001
3350 1.0340306693872033e-06 1.4508717508198592e-06 1.6388232073871197e-07 0.001
3351 1.2825852112040289e-06 1.3680166064957323e-06 1.3120465611119351e-08 0.001
3352 9.2888460967856824e-07 2.4084161860362485e-06 2.2566631579630119e-07 0.001
3353 8.2642895744624888e-07 1.1658703505517263e-06 1.3568612305916145e-07 0.001
3354 2.4685879726786703e-06 2.4667596344290372e-06 2.5027425189183888e-08 0.001
3355 3.8669052319095248e-07 1.1065134210159634e-06 8.6423933896107987e-09 0.001
3356 2.5058719772989987e-06 1.8792871415356441e-06 4.0085484052261278e-08 0.001
3357 4.8348232520174234e-07 2.5558573262588329e-06 7.3557447828700621e-08 0.001
3358 1.4946728065801387e-06 2.0842799728381682e-06 8.7086400329689348e-08 0.001
3359 8.6581917151362248e-07 4.7495556955391209e-07 3.4641617994420749e-09 0.001
3360 8.6229786684007613e-07 1.5607512554003508e-06 7.4505017212548467e-09 0.001
3361 8.5902795182037684e-07 5.794636531450385e-07 1.7320744252771057e-08 0.001
3362 6.0457171754972756e-07 2.5934122170698109e-06 9.7416302022104212e-08 0.001
3363 1.9727543390856855e-06 1.1909146297189668e-06 3.2290576224528455e-09 0.001
3364 2.0533786276584946e-06 7.7799881755958729e-07 1.2016137427294081e-08 0.001
3365 5.2436700805080713e-07 1.0084382515343227e-06 1.8021575266876793e-08 0.001
3366 7.4970048402069096e-07 5.4675477085540104e-07 1.2613085589272435e-07 0.001
3367 1.664149708937898e-06 8.3552865459454932e-07 5.5934604293112142e-08 0.001
3368 1.9224406985880129e-06 4.1765351578039319e-07 3.5944467698207744e-08 0.001
3369 1.1821755374861854e-06 2.6075262042688607e-06 6.6033950049244403e-08 0.001
3370 1.9893398049368105e-06 4.2424605766893982e-07 1.8632347228050731e-07 0.001
3371 1.6624390920611387e-06 1.9911415285245228e-06 4.5456630771344329e-08 0.001
3372 2.0416432630775425e-06 8.3940465131760156e-07 2.9494338487511673e-08 0.001
3373 1.615044566507415e-06 1.9421415261677672e-06 1.6237044718613094e-08 0.001
3374 2.1553310011264549e-06 2.1940051096423596e-06 3.1929358289327181e-07 0.001
3375 2.0529284477794027e-06 9.1032794427987412e-07 4.6678017324991254e-08 0.001
3376 1.8782350272959039e-06 9.0205942423414203e-07 4.9030166045993773e-08 0.001
3377 6.0543930521915624e-07 2.0681732279838681e-06 2.1454356254285833e-07 0.001
3378 2.2172266512359054e-06 2.2946609953300806e-06 2.1530091053481162e-07 0.001
3379 1.3220091366225064e-06 2.3219106534392748e-06 3.3049414901900843e-07 0.001
3380 1.6306821161583467e-06 7.6983755316877638e-07 6.1312665494478012e-08 0.001
3381 4.0747184972516991e-07 1.3566353154697936e-06 1.9699120967162052e-09 0.001
3382 9.2180037287896544e-07 7.6506010591989346e-07 7.0033504075937281e-09 0.001
3383 7.0912913749626098e-07 8.1703715694905147e-07 7.4268710344389232e-08 0.001
3384 2.1110221433241808e-06 2.5356027311887526e-06 1.2000690930065515e-07 0.001
3385 1.781892984295051e-06 1.4718579257463241e-06 4.5897503752892414e-09 0.001
3386 4.7945844995567198e-07 8.8426477469198691e-07 1.2212315945974535e-07 0.001
3387 2.1567445123539769e-06 9.8428864365848048e-07 2.5376526707781502e-08 0.001
3388 5.7125933174029071e-07 2.292164551511079e-06 2.120510441380941e-08 0.001
3389 1.5716862967369432e-06 4.9825220352505201e-07 2.4888721984990173e-09 0.001
3390 9.7468818293330227e-07 4.9918780720960079e-07 1.5822975784693166e-08 0.001
3391 2.4369317377312501e-06 6.6604870815430625e-07 6.194479819011117e-08 0.001
3392 2.5819423825493979e-06 1.9830610010628854e-06 2.3435906728279499e-08 0.001
3393 1.0158862304385891e-06 2.233509193054214e-06 1.7663232644142085e-08 0.001
3394 4.2445285399667349e-07 4.0408177585967124e-07 1.2599884584806762e-08 0.001
3395 4.2417132106247455e-07 1.5893225152303434e-06 4.7197956200665006e-08 0.001
3396 1.3666360034891277e-06 1.4251905677283318e-06 3.4569101236018279e-08 0.001
3397 2.4581696633401204e-06 2.1021391061469009e-06 3.0162666160133769e-07 0.001
3398 1.8438557705382339e-06 1.676107136032065e-06 5.7635117811845538e-09 0.001
3399 6.2177106324358389e-07 1.7363717036310418e-06 7.7197717955742999e-09 0.001
3400 7.4897852351011952e-07 2.2886806159818682e-06 3.8255970330324075e-08 0.001
3401 8.1842420482285883e-07 8.9211538024614671e-07 7.2842010787151365e-08 0.001
3402 1.889365141812292e-06 1.8005067791951997e-06 5.9893448695843128e-08 0.001
3403 2.4579423850715842e-06 1.1909040507730624e-06 5.6761288898677023e-08 0.001
3404 7.5027394772805233e-07 6.6420326243990583e-07 1.0396899424323047e-08 0.001
3405 2.2353886656227353e-06 2.2993902787808357e-06 1.0792598689951756e-08 0.001
3406 1.4584172413605638e-06 1.9458580940446222e-06 2.2701303304589881e-08 0.001
3407 2.343455738836937e-06 2.4937198201095559e-06 6.6131812890566976e-09 0.001
3408 1.2201813145362461e-06 2.2948785241022956e-06 3.3559452264024003e-08 0.001
3409 1.3912774433935545e-06 1.515164461317047e-06 2.3184449653528466e-07 0.001
3410 1.1787654334642578e-06 2.0206159475602463e-06 3.4829373782531144e-09 0.001
3411 2.4216021568377567e-06 2.6033059987631031e-06 4.547040047439025e-08 0.001
3412 1.4280882218839234e-06 1.3814976064267329e-06 1.4096587451227139e-08 0.001
3413 2.4205578410756011e-06 5.9135161547725488e-07 1.7905013548160535e-07 0.001
3414 2.0835539239011851e-06 2.1429164776241157e-06 1.9508612614735222e-08 0.001
3415 2.5212643704948841e-06 1.7972850714250177e-06 6.6031564954408308e-08 0.001
3416 8.7297322128537133e-07 7.7838823475635449e-07 1.2947831258393237e-07 0.001
3417 5.3294508387899909e-07 1.3573298767371015e-06 1.2080618760131088e-07 0.001
3418 1.2837549227959268e-06 1.408929277824653e-06 8.9682738390495366e-09 0.001
3419 7.9412188402932441e-07 1.6680833501639518e-06 4.4262098992453987e-08 0.001
3420 3.7886909167255288e-07 2.3387752887179202e-06 1.718515178816419e-08 0.001
3421 5.3794705570318799e-07 2.5308341682495976e-06 3.3753353917733346e-09 0.001
3422 5.5608102287673325e-07 1.0188408972118132e-06 1.3469330090512369e-07 0.001
3423 8.1878941359079895e-07 7.7978595178235086e-07 5.5883754448854366e-08 0.001
3424 1.9123907209354101e-06 1.2524694657345012e-06 1.53084148687195e-07 0.001
3425 1.2326546880794922e-06 1.9282724429612837e-06 1.2279052816949263e-07 0.001
3426 2.3973788019966679e-06 3.8949203326112897e-07 1.6417458515917039e-08 0.001
3427 1.8772469381515069e-06 4.3971575143647837e-07 1.4640591044098887e-07 0.001
3428 2.4683623661749962e-06 2.55284243254156e-06 4.1147818840857647e-08 0.001
3429 2.103843742901347e-06 5.849149862993381e-07 9.5123921455556954e-08 0.001
3430 1.9808050069298536e-06 1.713968344746333e-06 1.8546353056896116e-08 0.001
3431 1.8879883092522166e-06 1.0950157730644184e-06 2.996782274326489e-08 0.001
3432 2.0827090456374364e-06 9.9944611873908148e-07 1.1723250214834651e-08 0.001
3433 6.9925235179324198e-07 1.9091049500815634e-06 1.4187736986802146e-08 0.001
3434 5.3449398833049101e-07 7.3919287197430232e-07 9.7858501927632674e-09 0.001
3435 6.299036540448629e-07 2.5943411829293218e-06 5.6428366850841848e-08 0.001
3436 1.0195839895361318e-06 4.4791050918045908e-07 1.2573891419806131e-08 0.001
3437 7.2941205417155726e-07 1.0420030815364128e-06 6.1245372553751088e-08 0.001
3438 2.5469243837384079e-06 2.4931689653857431e-06 8.0828598149939856e-09 0.001
3439 1.6272015125605671e-06 2.3174481088888701e-06 7.8373021678161874e-08 0.001
3440 7.0525598560743692e-07 2.2135509214706814e-06 1.618874248981814e-08 0.001
3441 1.9115005590198602e-06 1.4208633209725121e-06 7.8893969310015857e-09 0.001
3442 1.7882891627331154e-06 2.2259719201410379e-06 3.6125933147852861e-08 0.001
3443 2.0181650932041247e-06 2.4155366549155759e-06 9.1650280044615528e-09 0.001
3444 1.284961967943301e-06 1.8101714944927337e-06 1.7550681088885195e-07 0.001
3445 2.2201498987329068e-06 2.2329925519989642e-06 6.3294747026608075e-09 0.001
3446 1.2385142863014103e-06 1.3194698897008354e-06 1.6728290328530711e-07 0.001
3447 2.0926666241243897e-06 2.3653900975324985e-06 1.5533131461111246e-07 0.001
3448 2.1178495248221229e-06 1.3505103815469797e-06 4.2682558736057067e-09 0.001
3449 8.3459362366295371e-07 2.5546451241383737e-06 1.2564308839450861e-08 0.001
3450 7.1566734672840409e-07 6.9775847078988208e-07 6.1414279371173453e-08 0.001
3451 2.3178217221987697e-06 1.5853619123012966e-06 4.2439085772192608e-08 0.001
3452 2.4620912236142883e-06 1.5023389865442163e-06 6.948375594267493e-09 0.001
3453 1.8922617732501028e-06 1.7733059175091756e-06 1.1652962413425636e-08 0.001
3454 1.097789197369671e-06 2.0197481590633075e-06 1.2095800317623811e-08 0.001
3455 2.0992192898008435e-06 8.2164477510111286e-07 3.2693631541996689e-09 0.001
3456 4.6148372620526461e-07 1.2832593392819176e-06 8.4451563450275211e-09 0.001
3457 2.4314543018693189e-06 5.4626498642272387e-07 5.9831936949410339e-09 0.001
3458 2.4775935921108684e-06 6.4856190667175082e-07 2.2513803525539824e-08 0.001
3459 1.746109779559639e-06 1.1060564931963716e-06 1.0762690039703977e-08 0.001
3460 1.1447075781416637e-06 2.6095325504879188e-06 8.3276564613760585e-09 0.001
3461 2.3241614413105213e-06 1.9502714055278584e-06 2.0322796150398717e-08 0.001
3462 1.4056615351236969e-06 8.6250227798401766e-07 8.4851354177768999e-08 0.001
3463 7.7429275950673146e-07 1.5620048898006419e-06 3.4020212321314693e-08 0.001
3464 1.3530894667973188e-06 2.2767297535448027e-06 2.1049152507803856e-08 0.001
3465 2.4406298482688235e-06 2.5898862076986946e-06 4.6285390436922093e-08 0.001
3466 1.719784983355773e-06 3.9869956101503974e-07 7.9145164175118997e-09 0.001
3467 2.3816655110454962e-06 2.5222611317342845e-06 1.9757157239140016e-08 0.001
3468 1.0558863690598443e-06 8.8277805244711772e-07 4.9021997853133386e-09 0.001
3469 2.5200888514753762e-06 6.5633680306432279e-07 1.5817844161736024e-08 0.001
3470 7.328203727527586e-07 9.4558119121831243e-07 5.89756950732532e-08 0.001
3471 2.449353087999844e-06 4.3223055505397474e-07 2.9105185207617147e-08 0.001
3472 6.7831065687635748e-07 2.2906923830935937e-06 1.2901643641973402e-08 0.001
3473 1.8265895805362514e-06 1.8732907132141988e-06 3.9436517208509223e-08 0.001
3474 1.4955876710189559e-06 2.1882603529773482e-06 1.8720075181219042e-08 0.001
3475 1.9996544512449574e-06 1.303659804094442e-06 2.9138236535157559e-07 0.001
3476 1.3215333350547652e-06 1.2287920226253031e-06 5.427634623940263e-09 0.001
3477 2.0948730079165482e-06 2.5759380156276308e-06 7.7328739331854853e-09 0.001
3478 1.5918995321614914e-06 7.5704195608215527e-07 2.9786887842393054e-08 0.001
3479 1.3045075596329057e-06 1.9196480233805038e-06 9.8466433456579676e-08 0.001
3480 1.5146684390625384e-06 7.8582096563911165e-07 1.7276514529294614e-08 0.001
3481 1.859214012368418e-06 7.5657255849260521e-07 7.1753553974926325e-09 0.001
3482 6.0317152106231879e-07 2.319584196330467e-06 4.3531307699490649e-09 0.001
3483 8.3278694206242332e-07 1.0644621153197012e-06 1.1888920013358111e-08 0.001
3484 1.6704059221745494e-06 1.9390243673953352e-06 4.8834384796229237e-08 0.001
3485 3.8693324023035801e-07 1.6122075377413071e-06 1.4130242029164892e-07 0.001
3486 2.0470462612782656e-06 2.3770557993096506e-06 3.8430276448199556e-07 0.001
3487 1.6515866489976795e-06 2.6218508304319563e-06 3.7723079368016805e-08 0.001
3488 1.4245912702488684e-06 5.6204682945460535e-07 1.5465263810350492e-08 0.001
3489 2.4052739862653389e-06 1.5099456843747611e-06 2.3934125227311589e-07 0.001
3490 1.87811244672298e-06 1.8659035473255099e-06 8.8148372334006177e-08 0.001
3491 1.4661006737135173e-06 1.8743622505546366e-06 5.5962599375938882e-08 0.001
3492 2.2910020127138292e-06 2.241075942343849e-06 6.9600361540395985e-09 0.001
3493 1.9812896499127161e-06 1.3758757932308967e-06 4.4298960347586609e-09 0.001
3494 2.1393742723343151e-06 1.8852905232050089e-06 8.0043931261736122e-09 0.001
3495 1.4664758703072205e-06 7.875731370412964e-07 6.1570270051891907e-09 0.001
3496 6.2692140908609977e-07 1.3025127491457199e-06 6.9958709029234222e-09 0.001
3497 1.6226252943019003e-06 2.0949610283008e-06 4.7791952370367897e-09 0.001
3498 1.7993095898867463e-06 2.1712517406507095e-06 1.7878960672335414e-08 0.001
3499 1.5085943710706288e-06 1.3659948001925529e-06 7.0189839459554794e-08 0.001
3500 1.2895995748650183e-06 2.2930315661396523e-06 7.906380086238375e-09 0.001
3501 1.7585527984518727e-06 5.1530378904814985e-07 1.6078725596015765e-08 0.001
3502 2.4835106892363537e-06 7.9355882654106744e-07 9.9332485241149067e-08 0.001
3503 1.9084116308273524e-06 1.6810334180548642e-06 3.5315563586808094e-07 0.001
3504 9.7671375868451214e-07 5.2369191927677434e-07 4.2744307593695323e-08 0.001
3505 1.7109695018978266e-06 2.4781326881701003e-06 2.4981727641758639e-08 0.001
3506 2.3665430676033871e-06 1.7952371489122876e-06 1.083555214151482e-07 0.001
3507 2.5572603028191353e-06 2.5891696804816143e-06 5.5191257737093348e-09 0.001
3508 1.8952163718904966e-06 6.8167941386508008e-07 4.6983371362782676e-08 0.001
3509 1.8378534935736272e-06 1.3820509837356257e-06 1.9172916034870168e-08 0.001
3510 1.0779339305039439e-06 3.9133749520586376e-07 2.5310418378089942e-08 0.001
3511 3.955499808566491e-07 1.3673860789106209e-06 8.3810055492351885e-08 0.001
3512 9.4942946862504713e-07 2.3564636798644059e-06 8.0124698041500761e-09 0.001
3513 9.31839095460498e-07 2.6144601006693955e-06 6.4979525594280951e-08 0.001
3514 2.3060775734353661e-06 1.5413703061173376e-06 7.0596179512238642e-08 0.001
3515 2.3307777943165535e-06 1.1562766237963082e-06 9.9788204949527314e-08 0.001
3516 2.468506347295282e-06 9.6203883759671165e-07 1.3036917489928214e-07 0.001
3517 3.9795641872055407e-07 1.7043854231038383e-06 2.0122369384781963e-07 0.001
3518 1.9018878810249486e-06 9.0652049709928099e-07 1.3189368716429256e-08 0.001
3519 1.6846700851370865e-06 1.1312408869516216e-06 1.0731971854613491e-08 0.001
3520 1.4457183586539934e-06 1.7466789314735052e-06 6.4424981754587224e-09 0.001
3521 1.1934773849750569e-06 5.6561998077955829e-07 2.9593617161530731e-09 0.001
3522 2.1573521627973081e-06 8.6042056153191e-07 7.0738386530808698e-09 0.001
3523 1.1685994165363117e-06 1.7062347878494226e-06 8.433628804131665e-09 0.001
3524 1.6762823758518768e-06 1.6322656644392725e-06 2.2699425975774309e-07 0.001
3525 2.5626997244458573e-06 1.481817365969113e-06 6.4471401963252638e-08 0.001
3526 2.1994519266059049e-06 5.3577831127244636e-07 1.4083489666962444e-08 0.001
3527 1.5429654312943894e-06 2.4846595670572159e-06 7.4232551999096894e-08 0.001
3528 2.4808320807239603e-06 1.2683016095665384e-06 4.745949512449378e-09 0.001
3529 2.1177509089908215e-06 1.5896337168540647e-06 4.1150090683477911e-09 0.001
3530 1.1058183848507068e-06 1.5845840931234426e-06 1.2182032089172608e-08 0.001
3531 1.6123281054154694e-06 1.6796667004264967e-06 3.5570733498881189e-08 0.001
3532 9.0752281208266009e-07 3.9352012945268949e-07 6.4676912515112409e-08 0.001
3533 2.5974754921016581e-06 1.5424990542548828e-06 6.6962510755039317e-08 0.001
3534 1.3516970917435669e-06 1.490672019553903e-06 1.8912311516365787e-07 0.001
3535 1.9909077312050185e-06 1.7871722269652238e-06 3.7091477415698028e-07 0.001
3536 1.6977081169127761e-06 1.0619005080575814e-06 2.5773369537530097e-08 0.001
3537 7.5042320779839055e-07 1.9765616280790832e-06 1.1464542396408963e-08 0.001
3538 6.3237041188615909e-07 1.2995130279027861e-06 3.8254710855352018e-09 0.001
3539 5.5838122861497505e-07 2.5103007922275332e-06 4.4100707715205955e-09 0.001
3540 1.1004253294126833e-06 1.9231218765176748e-06 1.78890489515211e-08 0.001
3541 1.7546160375433712e-06 1.2027148407235902e-06 7.2498993868590537e-09 0.001
3542 2.0774974667931218e-06 1.5541315966493487e-06 6.1187531626160462e-08 0.001
3543 7.9255942641818782e-07 1.1649378193345396e-06 1.9841528786030049e-09 0.001
3544 1.1196299216115191e-06 6.5036288435469122e-07 1.6697598638225763e-08 0.001
3545 1.1980687353940814e-06 1.7526237377445477e-06 4.0650833561648551e-09 0.001
3546 1.4403356767291681e-06 2.5178896189936818e-06 3.6034002963347728e-08 0.001
3547 1.3188949466302059e-06 1.1677942615350604e-06 5.5016426777006488e-08 0.001
3548 5.702555763191533e-07 2.089618403481037e-06 1.0150677078734104e-07 0.001
3549 8.2867365665434052e-07 2.3283728835911303e-06 1.2186381834393844e-08 0.001
3550 7.4606561152564845e-07 1.1990378696382037e-06 9.1520615626802087e-08 0.001
3551 1.5592228492272619e-06 1.4191272926444756e-06 5.4241768610532419e-09 0.001
3552 1.5737720388823643e-06 2.6226788690324479e-06 6.1959782114732357e-08 0.001
3553 6.3470939837063413e-07 2.3626916237345885e-06 1.8731884857162851e-08 0.001
3554 2.5645345426481419e-06 2.3969334214649354e-06 2.7793657132317887e-07 0.001
3555 6.6875105146612864e-07 7.8185582580843962e-07 5.2868848938889552e-09 0.001
3556 1.4423083380602864e-06 1.2709742240079726e-06 4.8064952883575185e-08 0.001
3557 1.1534651644518191e-06 1.4315626653495503e-06 9.712541161918528e-08 0.001
3558 1.6698554284779519e-06 2.0291618820103088e-06 1.9652933492233216e-07 0.001
3559 2.3600238856086325e-06 2.0914338644714683e-06 8.4668677072455776e-09 0.001
3560 1.3723491250346568e-06 1.449426567484748e-06 3.9579434717283158e-09 0.001
3561 2.5117694847503713e-06 1.6102957963576222e-06 1.4223729451529333e-07 0.001
3562 6.2143938570843838e-07 1.5454123752742023e-06 1.0498336052761975e-07 0.001
3563 1.670572641751147e-06 1.5522316936823329e-06 6.9049269879946426e-09 0.001
3564 2.4894998483743749e-06 2.6030111592512603e-06 5.8741793303995801e-09 0.001
3565 1.3563882820422162e-06 1.2296432286840911e-06 2.0940656355678275e-07 0.001
3566 2.055927401669698e-06 2.3921362119687657e-06 1.0792110600936347e-08 0.001
3567 2.4892266223311052e-06 1.6137099346194686e-06 5.9235983596482173e-09 0.001
3568 8.8328951360829687e-07 1.9507101312832862e-06 5.2297053500337604e-09 0.001
3569 2.1847583688989175e-06 1.4793437909822402e-06 1.5812314229087287e-07 0.001
3570 2.0080167763220631e-06 9.3191516921668299e-07 8.9764952393795852e-09 0.001
3571 2.0060306692961792e-06 1.4595325508146776e-06 1.8228030415704308e-08 0.001
3572 9.7003597774406126e-07 1.2497222796034806e-06 1.256541622900136e-07 0.001
3573 2.1263324808855623e-06 1.7151745172187489e-06 1.2104800442425241e-08 0.001
3574 1.775715674465752e-06 4.2438830187231437e-07 2.5395530656989501e-09 0.001
3575 1.6101034798675166e-06 5.3734641747232871e-07 1.2033644222546516e-08 0.001
3576 8.5995114344105253e-07 1.4607033617356965e-06 1.0024617552900452e-07 0.001
3577 1.4704809741228947e-06 1.7330000610460293e-06 1.9729086182883247e-07 0.001
3578 7.8868291290857753e-07 1.3094815636179987e-06 1.5925016471646648e-07 0.001
3579 2.0481305463792412e-06 5.3426848534884019e-07 1.5101996851925205e-08 0.001
3580 2.2653127961960047e-06 2.4695094375761053e-06 8.370523521570448e-09 0.001
3581 2.2292475124056764e-06 1.4822024359642145e-06 5.1061540377535363e-09 0.001
3582 8.6861947548329747e-07 7.6100262409233865e-07 2.8264099742418922e-09 0.001
3583 2.1939733030512124e-06 1.3360334652808388e-06 3.2136454136566113e-08 0.001
3584 2.301149794368211e-06 1.6614066740298068e-06 2.3042990948057803e-07 0.001
3585 1.4301459438517623e-06 1.394785012803713e-06 1.1092258344523295e-07 0.001
3586 1.3472158670101094e-06 1.9722682134877808e-06 3.4826219589439611e-08 0.001
3587 1.2330593787321227e-06 7.8128943012144094e-07 6.3315164053284362e-08 0.001
3588 1.1335246498051499e-06 5.1473160440953979e-07 1.0789469954890818e-08 0.001
3589 1.5870296376508436e-06 2.0932528210276012e-06 8.6537959673381625e-08 0.001
3590 1.7071227669481741e-06 1.3327126067630182e-06 2.2126098629417819e-08 0.001
3591 1.50593260606813e-06 2.1537871718458812e-06 4.3986563650774049e-08 0.001
3592 4.2410559684369692e-07 1.7161441631753701e-06 1.1559359484287444e-08 0.001
3593 1.9267527207774961e-06 2.2313009384024659e-06 7.1928165699318577e-08 0.001
3594 4.8340707322683122e-07 1.2854301022123981e-06 1.7890276656235168e-08 0.001
3595 1.8038550179623416e-06 1.6869167814899595e-06 8.0198448490602461e-08 0.001
3596 1.0681697544565753e-06 1.5350698647618581e-06 9.7528532922050181e-09 0.001
3597 2.4022460657325863e-06 7.0424883233631091e-07 4.4200170034188207e-09 0.001
3598 1.0284827712747587e-06 1.4807296106539515e-06 5.9203082834325046e-09 0.001
3599 2.3364223892788271e-06 2.2760555074577787e-06 3.5342417153849496e-08 0.001
3600 1.120065626063168e-06 1.5117986442780422e-06 1.2976371536354951e-08 0.001
3601 4.3622470135366376e-07 1.2747934744482489e-06 3.9426707176760583e-09 0.001
3602 1.079284012842639e-06 2.0993199169022301e-06 3.052111877250982e-07 0.001
3603 6.8607701545518453e-07 1.4175852746960357e-06 9.6535992621447833e-08 0.001
3604 1.2948557237210737e-06 1.2676066578351813e-06 9.3602993100123062e-08 0.001
3605 7.069610380135325e-07 7.965051133667545e-07 1.3656296684335798e-08 0.001
3606 1.8221166220705778e-06 1.1333089481200424e-06 2.9898864117004848e-08 0.001
3607 2.5602064418964053e-06 8.7678086983070604e-07 7.770765170063639e-09 0.001
3608 1.5939347160757483e-06 2.2078258470353218e-06 1.6991625589018516e-08 0.001
3609 2.5510061397636325e-06 1.6083866311946982e-06 9.7742298131450208e-09 0.001
3610 1.971097033102863e-06 1.4968242286354393e-06 8.5382895470428961e-09 0.001
3611 1.7258361963267733e-06 1.799283758925306e-06 4.769460039310082e-08 0.001
3612 2.3746303739335684e-06 1.3977063281996123e-06 3.4823270183806657e-07 0.001
3613 2.2554716372045129e-06 1.6307103687948668e-06 9.2720964509728607e-09 0.001
3614 1.0841473431286713e-06 1.5803089210708128e-06 1.1857343648893377e-08 0.001
3615 3.7723470431699606e-07 2.4620154275591041e-06 7.8945562127956037e-08 0.001
3616 1.3189351223218919e-06 4.4376582220457126e-07 6.330298525653231e-09 0.001
3617 1.9829447044420577e-06 7.6385334040035599e-07 3.0914740100815786e-08 0.001
3618 1.978535868110799e-06 1.9091058987844059e-06 1.0367466650468953e-07 0.001
3619 2.4803490932569397e-06 1.6322717911357623e-06 9.6984996351340892e-08 0.001
3620 2.1509729476561672e-06 8.6014648820209084e-07 1.054897773680893e-08 0.001
3621 2.5140358073148506e-06 1.8633699145315404e-06 8.8368880374145296e-08 0.001
3622 1.4537215743411356e-06 7.8136674679703335e-07 9.5665184365659153e-09 0.001
3623 1.9692418883987162e-06 7.3943848753134062e-07 9.4670239354125609e-08 0.001
3624 5.830295271782974e-07 1.9219700691204245e-06 8.1005258594582969e-09 0.001
3625 4.5310521485669078e-07 1.7621732181319515e-06 1.8945235384379178e-07 0.001
3626 2.1808978730195122e-06 2.5945380881201046e-06 6.4183964053329854e-09 0.001
3627 2.4650058023160464e-06 7.230043768650937e-07 4.1110353452388596e-08 0.001
3628 2.5378655476241976e-06 1.8493097564471926e-06 2.717194754926672e-08 0.001
3629 1.5188618816606098e-06 1.3671618324466998e-06 8.0581809439044489e-09 0.001
3630 4.8255390766222542e-07 5.5998571625422529e-07 1.3452660702403224e-08 0.001
3631 2.3530793466396477e-06 1.5135299157967677e-06 4.8326902583456484e-09 0.001
3632 7.2690423475601278e-07 2.0423939001696069e-06 6.9212328842663167e-08 0.001
3633 7.5038923053964845e-07 6.7128191563280283e-07 2.0612908267425829e-08 0.001
3634 1.1398014450271268e-06 7.6592563630917992e-07 2.288756035134541e-08 0.001
3635 1.2066223665786303e-06 1.6063171722825444e-06 4.6225364226925931e-09 0.001
3636 1.0089049689264614e-06 1.154405378835051e-06 6.1073074252985308e-09 0.001
3637 1.6143047430618725e-06 1.7190407858230746e-06 3.3076995063950022e-08 0.001
3638 2.0234121998633941e-06 1.2483834903065165e-06 3.3965215863480056e-08 0.001
3639 2.1171960178201872e-06 2.5105791752305451e-06 1.0201369348310165e-08 0.001
3640 2.3612510356051255e-06 8.0159151896871709e-07 8.4072074304260922e-09 0.001
3641 1.3072348568515372e-06 1.0037632734022891e-06 2.1817134994817448e-08 0.001
3642 1.3912137704158355e-06 1.7231565035408267e-06 8.2097838389642775e-09 0.001
3643 5.6051090373736444e-07 8.8801138736302617e-07 2.4900259271392266e-08 0.001
3644 1.4326903927851175e-06 1.7634888682471955e-06 6.5727992479029652e-08 0.001
3645 2.2199643754852846e-06 1.5126755729828482e-06 2.2831977469624186e-07 0.001
3646 2.590160175650951e-06 1.8728754610994124e-06 2.5553679227131159e-08 0.001
3647 1.9736991875711119e-06 1.5942238503657645e-06 1.1357203630077067e-07 0.001
3648 8.7035622607706135e-07 2.0835563475285223e-06 4.2757576951839595e-09 0.001
3649 1.919652343498141e-06 7.6392737826244194e-07 2.6247747335445191e-08 0.001
3650 6.7905785484453303e-07 1.8300930661345576e-06 1.3881688013034358e-07 0.001
3651 7.5254108147014102e-07 4.3599090158750625e-07 2.3215691842813784e-09 0.001
3652 2.4026216206778395e-06 2.4221853333040919e-06 1.1628684059513057e-07 0.001
3653 6.5268456116640907e-07 7.1477466613413595e-07 1.6185823997498494e-08 0.001
3654 2.1938970583191048e-06 1.3624575554390389e-06 1.5430675188201274e-08 0.001
3655 1.4393461957794932e-06 1.990091038122257e-06 7.4828687718513119e-08 0.001
3656 2.2295891560133618e-06 2.4229280871195486e-06 1.0660556013306857e-08 0.001
3657 5.8265474808147812e-07 8.6618283766863443e-07 9.7312272893010119e-09 0.001
3658 1.0683090137970413e-06 1.6810817053297683e-06 3.2267727732566706e-09 0.001
3659 1.8367458711732208e-06 1.3540543301040747e-06 4.7411299992937456e-08 0.001
3660 2.1774265941029736e-06 7.8427635846670494e-07 7.9078315150942945e-08 0.001
3661 2.3018073203970975e-06 8.7471003296586652e-07 5.9947103441132645e-08 0.001
3662 1.2963606298711177e-06 1.0730947594885069e-06 3.9707399011518918e-08 0.001
3663 1.515825583612363e-06 1.3444019298154142e-06 2.4404435673842922e-07 0.001
3664 2.4129386862163527e-06 1.3219642719263592e-06 3.2332410910067875e-08 0.001
3665 2.1834428390164479e-06 1.7582878155743497e-06 9.0886829858581755e-09 0.001
3666 2.2577214525102076e-06 1.0602255413920425e-06 1.712048445374983e-07 0.001
3667 2.3805823513325982e-06 2.1144486040845713e-06 9.740161962878735e-09 0.001
3668 1.4288657214356645e-06 2.2594679901587673e-06 1.3862060554446169e-07 0.001
3669 2.4262695762145913e-06 7.0470126109226997e-07 1.6785362960410662e-07 0.001
3670 1.245531067752122e-06 1.73932197263531e-06 6.1477986185357917e-09 0.001
3671 1.307658533310347e-06 1.4274019205019901e-06 3.8531407712664832e-08 0.001
3672 2.1961832840053661e-06 2.1357611826349926e-06 7.2770788506855854e-09 0.001
3673 2.5397758690852685e-06 2.3832932961003522e-06 1.7119611170524932e-07 0.001
3674 2.6129934750031522e-06 1.7524216769382055e-06 9.5112130336654932e-08 0.001
3675 5.8714003038902212e-07 1.4730956065148771e-06 2.3510951004900796e-08 0.001
3676 4.155327630690428e-07 1.4097017114784631e-06 3.4952609165648675e-09 0.001
3677 1.3262062813230837e-06 2.6059828624989481e-06 1.6992245588024797e-08 0.001
3678 1.0852667071285777e-06 6.2733501343018555e-07 6.4554276533314356e-08 0.001
3679 2.2506667501173193e-06 4.1499113633204838e-07 2.0219163830505513e-07 0.001
3680 2.0959928113934385e-06 1.9508190848923249e-06 1.2603617042057401e-08 0.001
3681 4.1616135909352609e-07 2.6221134038819844e-06 7.609058407214516e-08 0.001
3682 2.1942162033565133e-06 9.3524330056716491e-07 5.0180757932083236e-09 0.001
3683 6.6650738076380283e-07 2.2834551946367411e-06 2.2676013247461699e-07 0.001
3684 2.4910367676016945e-06 9.899111413786518e-07 5.9698054620406576e-08 0.001
3685 6.0035911377613271e-07 1.3092652654174128e-06 1.4660770405098916e-07 0.001
3686 1.912154840129938e-06 1.0448263370210995e-06 4.1253144588663472e-08 0.001
3687 1.9826947012675432e-06 1.6092291326849909e-06 1.6138882914169874e-07 0.001
3688 5.1450248615282997e-07 5.805978390804155e-07 2.9386059354649265e-08 0.001
3689 1.4930076769032995e-06 4.8553296249248579e-07 1.1941815167674206e-08 0.001
3690 1.5489123382056234e-06 1.3904373303231555e-06 3.3249049744763007e-09 0.001
3691 1.2000336616436468e-06 8.385239101128175e-07 7.6634311032283019e-08 0.001
3692 8.0433001949016422e-07 1.4519261389923842e-06 1.6840911137181555e-08 0.001
3693 2.189794398872532e-06 4.9079347731155235e-07 1.9208580360623525e-08 0.001
3694 2.2226570405131562e-06 8.2899183529334059e-07 8.6358279184867076e-08 0.001
3695 1.2167569170879837e-06 1.7555439495673033e-06 1.8097898576519654e-07 0.001
3696 3.7934294348811771e-07 2.4641936194253256e-06 2.4178252792401275e-08 0.001
3697 1.5652621329658117e-06 7.6383610246284452e-07 2.4508442909498991e-09 0.001
3698 2.4643129386239223e-06 1.3033170539960123e-06 5.8436912939114719e-09 0.001
3699 1.4886615574590487e-06 1.6095174408443667e-06 2.3340023786835621e-07 0.001
3700 4.5959419187207083e-07 4.412058659215026e-07 8.8177340807900447e-08 0.001
3701 6.6891484126351747e-07 1.6288909735122774e-06 1.163744167640375e-08 0.001
3702 2.2455511736520103e-06 1.2358967302244909e-06 2.0916997203161984e-08 0.001
3703 1.0546068735010296e-06 1.8475015796315444e-06 1.2141695535664808e-08 0.001
3704 1.7210207668286223e-06 8.3398616782250243e-07 8.907990682214983e-09 0.001
3705 2.1188949490641449e-06 2.1802297875222217e-06 7.6005306765046428e-08 0.001
3706 1.0471150235820961e-06 2.3614390826834574e-06 7.2295938258066575e-08 0.001
3707 2.2668564668672877e-06 8.0600454774130298e-07 9.0208793567880978e-09 0.001
3708 7.6586973015298436e-07 2.5377652255024151e-06 4.6175254463383949e-08 0.001
3709 1.1881392847905747e-06 2.2800924801087529e-06 5.0412374025506884e-08 0.001
3710 1.2726421420143844e-06 2.175144465955972e-06 3.0180916939749486e-07 0.001
3711 2.0915380173842365e-06 2.1011424997248969e-06 4.3193285033543888e-09 0.001
3712 1.1224857772788304e-06 1.4581184029207637e-06 4.7314322813594448e-08 0.001
3713 2.475480013691453e-06 2.2091462273090449e-06 9.3436821885113865e-09 0.001
3714 8.8402828343142684e-07 1.8763247728903636e-06 1.3507087453150301e-08 0.001
3715 5.7426017978626153e-07 6.8233581910647441e-07 6.3267209643427218e-09 0.001
3716 4.1167136905324822e-07 1.9853486776414247e-06 2.3299781760167018e-08 0.001
3717 2.1762525139530313e-06 7.9295649898600832e-07 2.6750487714957891e-07 0.001
3718 8.0235057683620893e-07 2.2230815588092554e-06 9.4771114130278867e-08 0.001
3719 1.7077005298525589e-06 2.0040735336813893e-06 4.1314327777622697e-09 0.001
3720 1.5275902899128066e-06 1.2225939679613326e-06 2.1751685304619207e-08 0.001
3721 2.3244891538551834e-06 2.6021011220164778e-06 9.7774898066541612e-08 0.001
3722 1.231906472784477e-06 8.3230314334733192e-07 1.9496673562884421e-07 0.001
3723 1.2321917117476035e-06 2.1385803715917662e-06 3.0361412963677089e-08 0.001
3724 1.557067955491793e-06 2.2091914276543604e-06 2.9139818592472727e-07 0.001
3725 2.6158523209586156e-06 1.1654209380170595e-06 3.1610432212143259e-07 0.001
3726 2.0806475158039132e-06 1.6383113731502964e-06 1.6710919165128673e-08 0.001
3727 1.8116168130373186e-06 2.4209821256720838e-06 6.2871215105018621e-09 0.001
3728 8.9806568712329811e-07 2.3882226602898148e-06 1.7336839468975934e-08 0.001
3729 8.8258185120990096e-07 2.1859405508237345e-06 4.5574515835969604e-09 0.001
3730 1.5367967084742427e-06 7.7318695414461125e-07 1.6007925094120216e-08 0.001
3731 1.4388437657426712e-06 2.2068722056573135e-06 1.52922323445559e-08 0.001
3732 9.8528979667570524e-07 5.9786158682120111e-07 5.1747747089593907e-08 0.001
3733 1.7595614584131378e-06 1.5757436992728429e-06 4.787021384040544e-08 0.001
3734 4.8296702356128743e-07 7.9113949031113673e-07 6.3453723673584947e-08 0.001
3735 1.2187372452173357e-06 2.3018063184306315e-06 1.2680898861909235e-07 0.001
3736 1.5305272600700399e-06 1.5656060626369043e-06 8.1197668642815762e-08 0.001
3737 1.6860269262739932e-06 1.2203974362212418e-06 1.6606235726895811e-08 0.001
3738 1.4018974164132068e-06 4.7280014077995739e-07 3.6869402911766205e-09 0.001
3739 1.5794698026643788e-06 7.4741342375740301e-07 1.4622144530611794e-08 0.001
3740 7.8913548997624156e-07 6.424619095665582e-07 1.8446118738863203e-08 0.001
3741 2.1046599386348492e-06 2.1807595775882972e-06 1.4848718257288737e-07 0.001
3742 2.0854341292489231e-06 5.945247733176029e-07 2.6170252577904386e-07 0.001
3743 1.7358214518827161e-06 1.9482107109615776e-06 2.0013162996200791e-07 0.001
3744 6.325222387927039e-07 6.2304238924273819e-07 1.2998472795339052e-08 0.001
3745 4.4758815691058009e-07 1.2044007524839601e-06 5.6683968669011212e-09 0.001
3746 1.1822663385204827e-06 2.504940637230932e-06 1.8919410982756444e-07 0.001
3747 1.8935935238960163e-06 5.8675884326483473e-07 1.2255818955188268e-07 0.001
3748 2.5708578675797584e-06 4.3435657331206906e-07 5.3034546532175507e-08 0.001
3749 7.4288224914121373e-07 6.0122420109271334e-07 2.5641772209391136e-09 0.001
3750 1.7502963817649676e-06 7.9087704040025383e-07 6.2227152244685373e-08 0.001
3751 9.9299718844494516e-07 2.3986743078074152e-06 1.2185331865285656e-07 0.001
3752 5.9669583701421266e-07 2.4422824556423549e-06 1.4116959924457428e-08 0.001
3753 2.2368675221969028e-06 2.3455800360297724e-06 5.6904115978929898e-08 0.001
3754 1.6255134847911789e-06 8.0134909823939731e-07 1.5771376541976374e-08 0.001
3755 1.3991396994656093e-06 2.25177283179891e-06 3.728065803519042e-09 0.001
3756 9.7629887502398598e-07 1.2647956654538521e-06 2.5616817611484015e-09 0.001
3757 2.1760711038757411e-06 5.7738017391351343e-07 3.6647027219322713e-09 0.001
3758 1.3412500990767769e-06 1.2382929848511686e-06 4.7425551118624114e-09 0.001
3759 7.9343295187834362e-07 1.1638748260772925e-06 1.0807561667853143e-08 0.001
3760 1.5397409644563515e-06 5.4497432498740378e-07 2.7906794047997506e-09 0.001
3761 2.2816738952360824e-06 1.3348334777028261e-06 1.2568105704508901e-07 0.001
3762 5.2902243577239611e-07 1.7258906982594936e-06 1.1975930849439212e-08 0.001
3763 1.6471634371130102e-06 2.0734395308654122e-06 4.520868603474595e-08 0.001
3764 2.0630595064889037e-06 2.37702253354272e-06 3.8564447724144515e-08 0.001
3765 2.210945843729864e-06 1.8849186322144556e-06 8.0395940583234351e-08 0.001
3766 1.6316605614115377e-06 2.1244303756388332e-06 1.0254540529925065e-07 0.001
3767 1.4668074358861458e-06 1.0373673409662479e-06 9.4320010106221919e-09 0.001
3768 1.2771489415063097e-06 7.4728483084908748e-07 2.1448632969203177e-08 0.001
3769 6.647276582647461e-07 2.4646464048410413e-06 2.4480917866710306e-08 0.001
3770 5.6801536089380201e-07 1.3455929591210095e-06 7.3550989387424606e-08 0.001
3771 1.4746230036412968e-06 2.1405886224657765e-06 1.0433383244967675e-07 0.001
3772 2.4177127094442713e-06 2.2899413579581729e-06 1.2752789001842019e-07 0.001
3773 2.0068503376726568e-06 1.924423642173921e-06 5.2331597925601127e-09 0.001
3774 1.1218555894855298e-06 2.1423086151023184e-06 3.5972976966787921e-08 0.001
3775 1.8641999136649144e-06 1.1123070413192704e-06 9.2455213125702609e-08 0.001
3776 2.4510080293052496e-06 6.4111359132662803e-07 2.8821254459123797e-07 0.001
3777 2.5094061877926718e-06 2.488914026293678e-06 3.4798946597025935e-07 0.001
3778 5.642367624537477e-07 1.4645983919513915e-06 1.4440699700066762e-08 0.001
3779 1.5334595674611993e-06 1.0479436977431646e-06 1.322645668851118e-07 0.001
3780 8.1021653205656701e-07 6.0040910737484406e-07 7.3582603622582127e-08 0.001
3781 2.3246072347696899e-06 1.7713647803451588e-06 5.5829399178255809e-08 0.001
3782 2.348909282436887e-06 9.1839515864697073e-07 4.276467367035074e-09 0.001
3783 1.2065328597592861e-06 2.1166383956350179e-06 1.9610987605573307e-08 0.001
3784 2.020245154890561e-06 7.5583526517819006e-07 1.0453982522072144e-07 0.001
3785 1.5605657323977759e-06 1.7842904578586684e-06 2.411198822245573e-07 0.001
3786 2.3056828043841825e-06 1.4562496793218022e-06 4.7603781277676697e-09 0.001
3787 2.4911800512331447e-06 6.1454418314594682e-07 1.7880493146853997e-08 0.001
3788 1.0141283939059624e-06 4.7632181283013382e-07 1.3464183772630342e-08 0.001
3789 2.1892322596844919e-06 7.0897128763802401e-07 3.2437635888768042e-09 0.001
3790 1.8759607601332098e-06 1.1258263759257121e-06 1.5767709532213771e-07 0.001
3791 1.1443326566827662e-06 1.8918278277047495e-06 4.7578745588686688e-08 0.001
3792 7.5302827437405907e-07 1.8922365507444525e-06 4.136563340134092e-08 0.001
3793 1.1479075418609181e-06 1.2839180027293887e-06 4.5042935466890453e-09 0.001
3794 5.3966446736371198e-07 1.0985899143819877e-06 9.0417379567647021e-09 0.001
3795 1.5062001699715167e-06 1.2038460774987254e-06 2.2192007303522342e-08 0.001
3796 2.0269046196345589e-06 1.8300501537182826e-06 9.5382177034329418e-08 0.001
3797 2.1788372082389976e-06 6.311278136228702e-07 4.5153185186694449e-09 0.001
3798 4.3700787186540051e-07 1.5840004905550292e-06 2.7426255255880265e-09 0.001
3799 2.3091152661746672e-06 1.6350458225341038e-06 1.038788552057985e-08 0.001
3800 1.0955173161313672e-06 5.5916052745067102e-07 3.878541289504972e-09 0.001
3801 1.4123987214051e-06 9.1722713106317789e-07 3.0836113088777278e-09 0.001
3802 1.1112933409422922e-06 9.5542488678345535e-07 2.053145316726387e-08 0.001
3803 4.7945438796422626e-07 4.7132736580771325e-07 1.2339029228342774e-08 0.001
3804 9.2330055827890987e-07 8.8998857955917592e-07 5.0290290186800182e-08 0.001
3805 2.3296677309346123e-06 2.3798901952655931e-06 7.9158023760729942e-08 0.001
3806 1.6105612264970767e-06 2.60661250935994e-06 3.4520053257179125e-07 0.001
3807 2.4016781491107636e-06 2.0600260632091061e-06 3.2475499234254262e-08 0.001
3808 2.4694340656843381e-06 1.5650061951194303e-06 1.1741812580836157e-07 0.001
3809 1.3951752526114007e-06 6.3495833074486944e-07 3.845215443991911e-08 0.001
3810 5.082031888222011e-07 2.1750526723287242e-06 1.4210160919172945e-07 0.001
3811 1.4275033501763311e-06 2.489422950035682e-06 3.384945121020092e-07 0.001
3812 2.1477246202328021e-06 1.5510898633190032e-06 1.0690801903806529e-07 0.001
3813 2.2514821499264939e-06 2.1105655229484472e-06 2.2572067259737696e-07 0.001
3814 1.1017535205770841e-06 2.2454934410853159e-06 3.8116548794523072e-09 0.001
3815 3.7911363373544372e-07 2.5870960650717113e-06 2.9020509563681991e-08 0.001
3816 1.6526074186718162e-06 1.4636296828563678e-06 1.2498732382313341e-08 0.001
3817 1.0024461828143971e-06 2.3127996893345638e-06 1.6483953991100972e-07 0.001
3818 1.1602816942853595e-06 1.4714338068008635e-06 5.5083510389929243e-08 0.001
3819 1.0088021475648086e-06 1.7366049667553425e-06 4.4894666811096908e-09 0.001
3820 7.2810191421384027e-07 1.2124461441163727e-06 8.0796317620593501e-08 0.001
3821 6.7582767836323079e-07 9.6106034118745223e-07 3.8823744522110687e-08 0.001
3822 7.9382631810050395e-07 2.1466327284863426e-06 9.722638359438925e-08 0.001
3823 9.8090675137180112e-07 1.1485818159774334e-06 3.240409044937795e-08 0.001
3824 2.1713906128643619e-06 1.5138170674835542e-06 2.3289694799539936e-08 0.001
3825 2.2646690725389249e-06 4.7392433747767757e-07 6.9269429663354032e-09 0.001
3826 2.1119072417719735e-06 8.9581867044594509e-07 1.6127514763762999e-07 0.001
3827 9.0571773548468954e-07 2.2587678817693288e-06 5.4325453134446351e-08 0.001
3828 1.8619597250227272e-06 1.8178887927791814e-06 2.1236743643534712e-07 0.001
3829 1.3289293398102295e-06 2.1806921500338058e-06 1.2042387898830647e-08 0.001
3830 6.9021148132828245e-07 1.1872892061993751e-06 1.4305860980099985e-08 0.001
3831 1.0331966652517835e-06 6.3843641835337121e-07 9.1395934273544968e-08 0.001
3832 4.4388435097228406e-07 2.1778401442513804e-06 9.0410909068685312e-09 0.001
3833 2.40250726675961e-06 1.6860766772867076e-06 1.8553292662871335e-07 0.001
3834 1.0265678131892573e-06 8.1550205336351075e-07 5.3862890998493425e-08 0.001
3835 2.1150694930451211e-06 4.6160197926301848e-07 8.0348796522516654e-08 0.001
3836 2.2420108389183087e-06 2.4648218342133184e-06 5.4804290961259865e-08 0.001
3837 2.5065972576430839e-06 1.0960062269254999e-06 1.870650820152689e-07 0.001
3838 2.1112325309306294e-06 1.1340220766222513e-06 2.5305552933195809e-07 0.001
3839 1.4357666495648839e-06 2.3847523414064482e-06 1.6857299996068139e-08 0.001
3840 2.5073869034352042e-06 2.1961106227028716e-06 7.5547997362532958e-09 0.001
3841 2.5466789048212664e-06 2.2673926636547533e-06 5.7313754053439415e-09 0.001
3842 8.4913083301269468e-07 1.4497735923365503e-06 3.40632244824418e-08 0.001
3843 4.6968367990286747e-07 9.5589275662211395e-07 1.4608029387837312e-08 0.001
3844 4.2266257645176219e-07 1.6026674986148398e-06 2.9762821885589496e-08 0.001
3845 2.0166704621310761e-06 1.5007488732067589e-06 8.1142445577468655e-08 0.001
3846 1.2047342626216039e-06 1.2005513310164487e-06 2.0041832718099067e-07 0.001
3847 2.4618558898247675e-06 1.4141160796974924e-06 3.662617839351887e-07 0.001
3848 4.6408199582405982e-07 2.2136088517309377e-06 3.5870378052000495e-08 0.001
3849 1.9501154544962797e-06 1.9923741868447192e-06 3.8025578588589884e-08 0.001
3850 9.1069162616987715e-07 2.1476272948999404e-06 1.4346274275247361e-07 0.001
3851 1.1659942222723219e-06 7.3180631767402104e-07 7.1768268298963552e-09 0.001
3852 8.278183464144007e-07 9.8213604818029963e-07 5.5324954550681698e-09 0.001
3853 7.5729787385867748e-07 2.3800769723425412e-06 1.9697547316286582e-08 0.001
3854 1.5092644902941024e-06 1.2339380019570471e-06 5.2495671655584335e-09 0.001
3855 1.4405318543265242e-06 1.3963904108958056e-06 5.6394968219749847e-08 0.001
3856 1.5884349106825272e-06 1.5171557842139632e-06 2.188662001314969e-07 0.001
3857 1.4961589019296073e-06 2.2760154934537988e-06 8.1877797907006813e-09 0.001
3858 1.2211117018061399e-06 1.9046997823540555e-06 3.7958504693256984e-08 0.001
3859 8.2797334145850901e-07 1.8465867139610245e-06 4.8593061742594903e-08 0.001
3860 1.8339564974408993e-06 2.5692300244871146e-06 5.8238625890339398e-09 0.001
3861 4.4169961600312103e-07 1.3946210271303096e-06 9.0683043965184547e-09 0.001
3862 1.2049417870803637e-06 3.9981227287853555e-07 2.1033398159800225e-09 0.001
3863 4.5268464543158697e-07 8.4128426787755651e-07 5.9855172898612148e-09 0.001
3864 2.3118467680198441e-06 8.4239584098310257e-07 9.6570474004385999e-08 0.001
3865 4.8514336730749795e-07 1.9485929886858517e-06 5.2135893676373247e-09 0.001
3866 1.2009191242039985e-06 1.8821975630371785e-06 1.3794617671965093e-08 0.001
3867 2.4958239031188615e-06 1.0182909211920777e-06 1.6591567729982918e-07 0.001
3868 1.2514265994637861e-06 2.5602313122748424e-06 6.9571604325670578e-08 0.001
3869 1.8076447796521234e-06 2.5983861549820686e-06 4.1169168883370058e-07 0.001
3870 6.2382660138510162e-07 1.1421720594000628e-06 8.0322119951631078e-09 0.001
3871 1.1096943969604881e-06 2.431439917682069e-06 1.171133285722861e-08 0.001
3872 2.4941685820102249e-06 1.7420731807064671e-06 1.3116212723929248e-08 0.001
3873 8.6562875742882276e-07 1.6617004762141231e-06 8.9545574179732427e-09 0.001
3874 4.3609355587233362e-07 2.2508708881828314e-06 5.0403641686281778e-08 0.001
3875 2.5156599410522744e-06 8.5483634046254241e-07 1.1628616069767719e-08 0.001
3876 1.6933048588678259e-06 7.3043013800129118e-07 3.0107439639418429e-09 0.001
3877 2.3186815581916274e-06 1.2999596052855379e-06 1.3387781037536538e-07 0.001
3878 1.7243465160742485e-06 1.0847357773780152e-06 5.0206411704572938e-09 0.001
3879 1.5621689593158014e-06 2.1557260379268436e-06 3.6234389238490041e-08 0.001
3880 2.1310756999450061e-06 2.5109924070707834e-06 6.1174869316954551e-09 0.001
3881 2.0458179462328511e-06 1.0385955020314229e-06 8.9213988774587626e-08 0.001
3882 1.8941527895682449e-06 5.1937512247669767e-07 1.619718566965082e-08 0.001
3883 1.230082150783149e-06 9.3482413234359892e-07 6.7840389164696794e-08 0.001
3884 1.7039710160579773e-06 8.6944222854299785e-07 2.2856149859925594e-08 0.001
3885 1.6355929382262483e-06 4.151313807480605e-07 1.6157941445907684e-07 0.001
3886 5.6862943677144573e-07 2.5212766570262557e-06 6.3551759656213624e-09 0.001
3887 1.2330700671616249e-06 1.842074374443471e-06 3.0620689311475856e-08 0.001
3888 7.6669837890039978e-07 8.1932999294234627e-07 1.1888403942750958e-07 0.001
3889 1.4693437035405024e-06 2.1161460442740627e-06 4.0285702428080918e-09 0.001
3890 1.9987730131831265e-06 2.1488491292552181e-06 4.5515045865923131e-09 0.001
3891 1.9549534812142786e-06 2.4317076268182672e-06 1.8818338330160106e-07 0.001
3892 4.7154965375540227e-07 1.7029414398161691e-06 4.4433781862852087e-08 0.001
3893 6.1826730636895131e-07 2.3125984187101063e-06 3.1991870327989095e-08 0.001
3894 2.2246053066860029e-06 1.18063871208356e-06 2.0063968933075838e-07 0.001
3895 1.9749784406439901e-06 1.1310033532701892e-06 3.463065639785392e-08 0.001
3896 2.2686514971612235e-06 1.1790292578077016e-06 1.3484462488055929e-08 0.001
3897 1.4255722121591193e-06 1.1602447191450324e-06 5.0787789484721976e-08 0.001
3898 1.1186656902580514e-06 1.2375988829394732e-06 1.0151774878093352e-08 0.001
3899 9.0143665481437998e-07 2.410261924908165e-06 7.4970530546482542e-09 0.001
3900 8.3608420148945481e-07 1.7103588453886859e-06 8.5258569597299372e-08 0.001
3901 7.0202130276462616e-07 1.4194844139717675e-06 2.401060977872976e-09 0.001
3902 1.8864208400313083e-06 2.0231559667445319e-06 2.9437455837143805e-07 0.001
3903 5.4817243314273389e-07 1.8043327589184481e-06 3.9998806103474292e-09 0.001
3904 1.1779852435811096e-06 2.2119239279261857e-06 7.2836057346174331e-08 0.001
3905 1.4431020041607483e-06 1.747140971912652e-06 5.1579472406815981e-08 0.001
3906 1.9606061279624177e-06 2.0121969710670589e-06 1.9691625685570822e-07 0.001
3907 5.5238408353716835e-07 2.0104840350458231e-06 7.7258546697387628e-09 0.001
3908 2.0792423096246787e-06 8.6378480856654481e-07 3.8589031164772291e-09 0.001
3909 2.4999035232921084e-06 8.6450253177277178e-07 9.0578844577584441e-09 0.001
3910 2.2610538641821068e-06 1.6320192533308357e-06 7.8015268562415722e-08 0.001
3911 2.6002415646491852e-06 2.4758278364630295e-06 8.6534916190656952e-09 0.001
3912 7.9695717817703988e-07 5.6341722306183117e-07 7.9490254855190838e-09 0.001
3913 2.0889657401689505e-06 1.2632003037656902e-06 8.8673924400885175e-08 0.001
3914 6.3902821937975359e-07 6.714803099539161e-07 3.5866318298873795e-09 0.001
3915 2.3417413150615336e-06 7.6638836185153218e-07 3.0814136216177543e-08 0.001
3916 6.0466352797220816e-07 5.7442696939145814e-07 9.938342377529461e-09 0.001
3917 2.1812224427010327e-06 1.2637394351286405e-06 1.0325806671020308e-07 0.001
3918 2.1367647281529686e-06 2.2773054437297305e-06 4.0105152089294527e-08 0.001
3919 2.1332413295325411e-06 1.5143390360608731e-06 4.3729974531416929e-09 0.001
3920 1.4133930833503367e-06 1.2619687152160987e-06 3.0392643161625561e-08 0.001
3921 1.819837384989884e-06 1.216100011622857e-06 1.4874313707059592e-08 0.001
3922 1.7718442704195022e-06 1.4101828851143373e-06 5.1876406777097286e-09 0.001
3923 1.9142491626504955e-06 5.0295985489224158e-07 4.9189545801020493e-09 0.001
3924 4.8054031045381241e-07 1.1491755978749548e-06 5.5785585821023781e-09 0.001
3925 1.5647126330925223e-06 2.0535514077310781e-06 2.3148243866807581e-08 0.001
3926 1.3579832734077819e-06 2.2888716627483868e-06 2.4584045583505342e-08 0.001
3927 2.0332656872087617e-06 1.828011499237049e-06 1.628665085450817e-07 0.001
3928 1.0987409291181868e-06 5.2973838161407377e-07 7.6320349491454766e-09 0.001
3929 1.6335222590836844e-06 6.2540815985429671e-07 2.4686024219757402e-08 0.001
3930 1.6498374451318454e-06 7.7041149575759828e-07 2.1573531536504139e-08 0.001
3931 1.3632651930993944e-06 6.0155733488488707e-07 1.0410954230537412e-07 0.001
3932 5.669367263324769e-07 8.3673424035409532e-07 1.3573617471819181e-07 0.001
3933 1.649607024096705e-06 2.1140458812303713e-06 5.6218716637004885e-08 0.001
3934 1.2506874514968365e-06 1.1294530148585227e-06 5.7754399384597866e-09 0.001
3935 2.3479002306212184e-06 1.4883064286964799e-06 1.7302021400865193e-08 0.001
3936 7.3877764895104398e-07 8.0314576988937284e-07 4.026273177153592e-08 0.001
3937 6.5262511777564994e-07 7.7051551105473221e-07 4.1930757607843071e-08 0.001
3938 2.3562299982457769e-06 2.4791621002053632e-06 4.6793081975341441e-07 0.001
3939 1.4383961743243325e-06 8.8619218742053599e-07 3.3201284029045804e-08 0.001
3940 1.403371094018071e-06 1.0403398875283903e-06 1.0813944119035972e-07 0.001
3941 1.760280527439373e-06 1.8256940374585328e-06 8.9125328239628927e-08 0.001
3942 9.9563600661202641e-07 1.6207857605925112e-06 3.0596774968900283e-09 0.001
3943 1.2605532101241599e-06 1.5133558007210484e-06 2.8486691353310366e-08 0.001
3944 8.8159765000902535e-07 1.4183660128437702e-06 1.9364386750721795e-08 0.001
3945 9.3247510377693575e-07 5.1773422379257972e-07 9.0391005907353767e-09 0.001
3946 4.9373383749126191e-07 2.2891880658587477e-06 1.6832619109809633e-08 0.001
3947 1.3249844241152751e-06 2.5447597598732944e-06 2.410101549986042e-08 0.001
3948 7.609891070116704e-07 2.5232236442053399e-06 1.0189077003104309e-07 0.001
3949 7.6484985266864459e-07 7.3125309617617882e-07 8.65908236993931e-09 0.001
3950 2.1765398452323706e-06 1.8388365559190983e-06 2.1061037812698321e-07 0.001
3951 6.5972355427753851e-07 2.5644695949271074e-06 9.4116758807057509e-08 0.001
3952 1.2886489020969751e-06 1.9704192513416193e-06 5.8120554818123704e-08 0.001
3953 7.300888912937353e-07 2.4019250647942375e-06 1.6625313928677817e-08 0.001
3954 5.7014816617278887e-07 1.4792424130888906e-06 1.2746819462327029e-08 0.001
3955 9.179620719254198e-07 8.6362522770278473e-07 1.4014594803421461e-08 0.001
3956 1.1173591558346932e-06 6.6601060295878537e-07 2.3237748271199011e-08 0.001
3957 1.5579585037413011e-06 1.7533966040882365e-06 2.6533789257466278e-07 0.001
3958 1.3612552996255979e-06 7.2851118463744609e-07 3.5388192021659763e-09 0.001
3959 5.5077249002171446e-07 1.8041360941448622e-06 2.1790530323922797e-07 0.001
3960 5.9186259963397987e-07 9.6729410054621113e-07 4.1504045540268937e-08 0.001
3961 1.6329452850587611e-06 6.1993125409877385e-07 1.6358159745645163e-08 0.001
3962 1.9499720690387668e-06 1.4447913838467158e-06 1.0577573492596927e-07 0.001
3963 2.0945894269993089e-06 1.6653880726733307e-06 2.2639496110532649e-08 0.001
3964 1.7760834168872331e-06 9.1527378514476379e-07 7.7860515705380186e-08 0.001
3965 1.5039020649259887e-06 1.5142455938328368e-06 1.8065736370606715e-07 0.001
3966 1.8216484415666489e-06 1.7153568845393298e-06 1.7455945641338186e-07 0.001
3967 1.079565070232538e-06 1.6496767998760589e-06 2.6556643418862818e-08 0.001
3968 2.3948889663505299e-06 2.2013723372157263e-06 6.9540281207075564e-09 0.001
3969 2.0870354446587459e-06 2.4220236742990763e-06 3.5659033933718069e-07 0.001
3970 8.0582600023045401e-07 1.058842752503596e-06 2.2429377422143104e-09 0.001
3971 1.0726841213782513e-06 1.5291825083470152e-06 6.7833682961933729e-09 0.001
3972 1.3154815420710092e-06 1.2129623733040288e-06 3.9172328493040065e-08 0.001
3973 1.8996392983099332e-06 2.0936669351455681e-06 2.2933787181799946e-07 0.001
3974 2.1409073038863112e-06 1.0637466983030454e-06 3.9918656997211311e-08 0.001
3975 2.1717411641325316e-06 1.684030319703016e-06 6.12937334006575e-09 0.001
3976 1.720008062970623e-06 2.1496926950739538e-06 1.1636384525363863e-07 0.001
3977 4.500681578143759e-07 6.9693408123801596e-07 3.6272525676810892e-09 0.001
3978 2.5013506503426433e-06 4.025254347291132e-07 6.2352815301493906e-08 0.001
3979 8.620101910125565e-07 9.6592444668809599e-07 9.4245604875533808e-08 0.001
3980 1.9745504445472154e-06 1.6437405302581637e-06 8.429997387733595e-08 0.001
3981 2.2671478462203726e-06 1.0513897166566989e-06 2.8310642727600236e-07 0.001
3982 8.2002674075982349e-07 4.3585097677605124e-07 5.2895480795992978e-08 0.001
3983 1.9823724588709351e-06 1.3758885415884904e-06 3.6639150622190206e-09 0.001
3984 1.2131598047048739e-06 2.6213611961994859e-06 3.6750264057942116e-08 0.001
3985 1.8708478259587141e-06 2.4372761035043469e-06 2.1146797070653363e-07 0.001
3986 6.4288115891651873e-07 9.7380664788222544e-07 1.8552155850765963e-09 0.001
3987 1.4074047711027291e-06 1.1786697988436437e-06 1.1718886554877812e-07 0.001
3988 1.6290987423222741e-06 1.6060971837774678e-06 1.4482339686058481e-08 0.001
3989 8.2282167791528745e-07 1.6464737560913943e-06 4.425396313895466e-09 0.001
3990 2.5684020438658351e-06 1.2600930670557318e-06 9.7059498543724533e-08 0.001
3991 1.2021206081923744e-06 2.000902645687296e-06 3.4244811595542369e-09 0.001
3992 2.46264789612319e-06 1.5177932653434561e-06 1.1465157528838732e-08 0.001
3993 2.2622110902952642e-06 5.3300141435221003e-07 2.5506891634483922e-08 0.001
3994 9.8892120298490493e-07 1.3766357584272169e-06 2.3381566222111856e-07 0.001
3995 2.2023687907689293e-06 1.9203447326299046e-06 9.8135688296216454e-08 0.001
3996 5.5024515449442599e-07 1.8518930664925658e-06 1.0774122566242847e-08 0.001
3997 2.5581045760883385e-06 8.3291101383804014e-07 4.8309795713712108e-09 0.001
3998 1.1359420343823132e-06 1.4419918679565869e-06 1.5251674942435181e-07 0.001
3999 9.5426329152662076e-07 1.9209053229851003e-06 4.7562878402879927e-08 0.001
4000 2.21915672229048e-06 1.5755514815928024e-06 1.1694759032590935e-08 0.001
4001 2.0309124618714551e-06 4.0717342503255422e-07 3.0292090705357098e-08 0.001
4002 1.6750927164836034e-06 8.3771774278198624e-07 1.1188028932044059e-08 0.001
4003 2.1314047309412569e-06 1.8920985702947206e-06 1.6274489034320704e-08 0.001
4004 2.6247779787968566e-06 4.07031166314147e-07 4.8018068989714483e-09 0.001
4005 2.4117648793394659e-06 6.9452459655994082e-07 1.0709988420524711e-07 0.001
4006 4.7928198538698457e-07 1.833810742412564e-06 4.734465631691602e-09 0.001
4007 7.1253508694858708e-07 1.4203993002371309e-06 1.5492013148247292e-07 0.001
4008 2.0059241566211446e-06 4.5548560629623316e-07 3.9315743078177659e-09 0.001
4009 1.3632352374353389e-06 9.6647920817879081e-07 2.7433914493093317e-08 0.001
4010 1.8844789430455757e-06 1.8690506328570223e-06 1.9168380656100294e-07 0.001
4011 1.7089985516332397e-06 6.3350203456330393e-07 4.608366619246061e-09 0.001
4012 9.7832302127757269e-07 8.6829061019514881e-07 6.4646342965773404e-09 0.001
4013 1.0871491080390961e-06 2.0987805338900806e-06 4.8581297180792585e-09 0.001
4014 1.9341926296098064e-06 1.5340787833885351e-06 8.7257679993618305e-09 0.001
4015 1.8660182927704316e-06 2.5156985722615297e-06 2.6612816283590921e-08 0.001
4016 1.5019640936375256e-06 2.0190525672663477e-06 6.868684624758097e-09 0.001
4017 1.6259764842257915e-06 5.7334558375992985e-07 1.2895565380273238e-07 0.001
4018 1.2902947128656415e-06 6.7785180605480556e-07 7.7134151816692438e-08 0.001
4019 1.9341014356069144e-06 6.1194572983159364e-07 6.2839843680965651e-08 0.001
4020 2.1361835381797622e-06 2.5871467158307093e-06 2.4820837816998432e-08 0.001
4021 1.3029280953166105e-06 1.919742641873036e-06 1.1722045909885893e-07 0.001
4022 1.490272921649341e-06 1.0009255279626531e-06 7.0096415197721767e-08 0.001
4023 1.5257346563659998e-06 1.3106132792486429e-06 2.6605532226069149e-08 0.001
4024 1.8302628470728259e-06 1.8675944519300822e-06 2.4412693860757256e-08 0.001
4025 1.1702101038234375e-06 1.4565655787962733e-06 1.1225503481934269e-08 0.001
4026 1.9203578866011119e-06 2.1908249166078486e-06 1.0764934987434978e-07 0.001
4027 1.9775111007897364e-06 2.310535037338837e-06 6.8197700398288262e-09 0.001
4028 7.8249722326161196e-07 2.2970954006507041e-06 5.3331641493049182e-08 0.001
4029 1.6085410573756399e-06 1.304442040028253e-06 9.7510093078478533e-09 0.001
4030 1.9525048256858142e-06 6.6267313248733805e-07 4.2524616314442203e-08 0.001
4031 1.3168950626018187e-06 4.5446063314500662e-07 4.2431688573638931e-09 0.001
4032 1.1293153893346538e-06 8.8947210112386643e-07 3.3831395818683257e-09 0.001
4033 1.6070370051131629e-06 6.8596430002770165e-07 6.2974034774194703e-09 0.001
4034 7.5138693679052289e-07 2.5211155495423279e-06 4.486993799595816e-09 0.001
4035 2.3579211984575798e-06 5.9242974420318662e-07 1.5049881908275627e-07 0.001
4036 8.6188643799635786e-07 4.0600891884358691e-07 3.8781138488826928e-08 0.001
4037 8.6628214081298157e-07 2.1859510982795253e-06 4.6344094101142634e-09 0.001
4038 4.7750227540324007e-07 2.5916535067232584e-06 1.9798646145355791e-08 0.001
4039 1.057294119215094e-06 9.9283316571572778e-07 1.0628237722339964e-08 0.001
4040 1.6556537412763575e-06 1.7244948716812113e-06 5.5028879354558695e-08 0.001
4041 1.3984729779293501e-06 1.8891842094228599e-06 1.7916344669240063e-07 0.001
4042 2.2695720394091391e-06 7.4863520609353715e-07 9.8017146465289449e-09 0.001
4043 5.1770290802907769e-07 9.8506940252940265e-07 1.5391804639907883e-09 0.001
4044 1.232533956599275e-06 4.3776732993558599e-07 7.7258776046331642e-08 0.001
4045 4.0601081636828407e-07 1.3740640436212498e-06 1.5558597249922843e-08 0.001
4046 1.3656753898689043e-06 1.4055997398219167e-06 9.9461926156385712e-09 0.001
4047 1.5809319321473255e-06 6.1293281854210884e-07 1.8116075538533114e-08 0.001
4048 1.6683330530994534e-06 9.9221440309954696e-07 1.3125503371367032e-08 0.001
4049 1.921133084411206e-06 1.1688765458416296e-06 2.8480744932338837e-07 0.001
4050 2.610749308606728e-06 2.2186692520383802e-06 1.0008583625699157e-08 0.001
4051 9.4722136443821303e-07 8.8300679310359925e-07 8.6787635727467085e-09 0.001
4052 1.6662597543873549e-06 2.0691977707293756e-06 2.0503555692456154e-08 0.001
4053 2.3787914784380217e-06 1.321404620744107e-06 7.8816735382735492e-08 0.001
4054 1.7025264063068433e-06 1.2667026228201092e-06 6.1279626049062144e-08 0.001
4055 2.1164355640173807e-06 1.5353681302321603e-06 9.9814764582368214e-08 0.001
4056 2.4922591202112193e-06 2.3065284397046969e-06 1.7882397097976323e-08 0.001
4057 1.3550594035627687e-06 2.2204615692936866e-06 3.1917463068183306e-08 0.001
4058 2.416594748050926e-06 1.4878982417749869e-06 2.9874193747084944e-08 0.001
4059 5.5697093180058625e-07 5.7884347599605994e-07 7.2857809119855729e-08 0.001
4060 9.0072154844342655e-07 1.7662570000840443e-06 2.6272022044120417e-08 0.001
4061 2.4651917731214309e-06 1.6320948897286876e-06 2.4211932352109322e-07 0.001
4062 4.5203304008046042e-07 1.1179810514343645e-06 3.1946874190139155e-09 0.001
4063 1.7329318146779747e-06 1.0043992914152801e-06 2.5495588344109735e-08 0.001
4064 1.8153785014979273e-06 1.6007901637638958e-06 1.7575818943393344e-08 0.001
4065 1.1405700830175536e-06 1.9526738506529419e-06 9.7870707045828386e-08 0.001
4066 1.1824272543900755e-06 1.2174259342644918e-06 7.9320492556351773e-09 0.001
4067 8.5251252557379674e-07 1.3565458636406477e-06 1.3504797353471045e-08 0.001
4068 2.0882390906005098e-06 2.2163349186120403e-06 2.7279408055810908e-08 0.001
4069 1.7413705704531285e-06 7.8974916980385162e-07 5.3556757187324464e-09 0.001
4070 1.6748013946800768e-06 1.3926030037265349e-06 2.2794366216912721e-07 0.001
4071 1.8127915841695836e-06 1.5833881343376075e-06 1.1014531393690373e-08 0.001
4072 8.6255848307653204e-07 2.3335072109496818e-06 7.7623903667506802e-09 0.001
4073 1.2517100234442758e-06 2.2782711053635842e-06 5.5709416079004528e-09 0.001
4074 6.895635975805403e-07 2.5974868142999462e-06 1.6114550783448642e-07 0.001
4075 1.2437363070347823e-06 1.5483367873917121e-06 4.6194138527604211e-09 0.001
4076 2.5636510784630673e-06 8.7949704395551042e-07 2.7036652216453937e-07 0.001
4077 8.1686799927809312e-07 1.3431805963783089e-06 7.698784010539884e-08 0.001
4078 1.5497271839401229e-06 2.1836453148660501e-06 7.6861655803755155e-09 0.001
4079 1.5218644995447653e-06 1.6513702642321051e-06 4.5445600810747452e-08 0.001
4080 1.6177270833153953e-06 1.8992918572070256e-06 1.0630965564828328e-08 0.001
4081 2.0690655206495575e-06 2.3099087428023548e-06 2.5123181996084086e-07 0.001
4082 6.5471903167094068e-07 1.512494404382962e-06 1.7628964015072078e-08 0.001
4083 1.3624632538589646e-06 2.4510133027063061e-06 5.2422277119129076e-09 0.001
4084 8.0952501048937257e-07 1.0570430478452046e-06 7.2899280891252547e-09 0.001
4085 2.5361087405722107e-06 2.450148926034738e-06 1.0604623585342087e-08 0.001
4086 1.0637327085873963e-06 1.3709807923648921e-06 1.0244811092219534e-07 0.001
4087 1.9034218229281904e-06 2.3853181841965453e-06 1.9232685229782893e-08 0.001
4088 4.100380463831672e-07 4.2824112301159252e-07 4.4170897412536218e-09 0.001
4089 8.9106950667910216e-07 1.0397038221568212e-06 1.2753342169364293e-07 0.001
4090 1.1323533058609964e-06 6.0303585265533247e-07 7.5993704837291619e-09 0.001
4091 1.8484900041641407e-06 7.5719798465822859e-07 1.8998973052206364e-08 0.001
4092 1.0736262439804459e-06 2.3372340393668082e-06 1.1995630731494037e-07 0.001
4093 1.6007768622324222e-06 1.1189540829291865e-06 9.9716794998715011e-09 0.001
4094 4.760164334859927e-07 9.2071230868468256e-07 9.1117091790159738e-09 0.001
4095 1.9754756583195148e-06 1.0057984943570606e-06 9.0986701918404489e-09 0.001
4096 2.1670917652924217e-06 1.4413567958625503e-06 8.1436220983091786e-09 0.001
4097 1.2009858324238098e-06 2.5517220309492234e-06 2.0198510326835826e-08 0.001
4098 9.663157003579997e-07 1.3494971764466734e-06 2.2650700581057802e-08 0.001
4099 1.9677743020392293e-06 1.3548255515791164e-06 1.0102298435200521e-08 0.001
4100 1.2288675587391858e-06 2.3733186475843411e-06 2.549123927102137e-08 0.001
4101 1.1808506446444791e-06 2.0997901200229363e-06 4.2862661293507252e-08 0.001
4102 2.5303723319267973e-06 1.699337718762877e-06 6.9686465925170452e-08 0.001
4103 1.8016342334275287e-06 9.358450592221368e-07 4.2509087896452962e-09 0.001
4104 2.2941834431254186e-06 2.5110834327016021e-06 3.7698625015006559e-07 0.001
4105 2.2245116341472415e-06 1.9256270691916993e-06 2.0148365532895433e-08 0.001
4106 1.1438691779823692e-06 2.4809242690433521e-06 5.7145337815852723e-08 0.001
4107 1.2713451550689616e-06 9.2057067439624397e-07 3.1258042418190322e-09 0.001
4108 1.5065587835233844e-06 2.0116953489292995e-06 2.4108568746023963e-08 0.001
4109 1.6447441605281291e-06 2.0145297563089247e-06 1.211019918706416e-07 0.001
4110 1.0281870834246155e-06 1.9908726682281998e-06 1.9989546682542122e-07 0.001
4111 1.7829149467682946e-06 2.5467003197123662e-06 4.8551194265175077e-08 0.001
4112 1.7269929876025714e-06 1.750758686088486e-06 3.0075054354227941e-08 0.001
4113 1.155610295559508e-06 1.8649941496277734e-06 4.6639835994252101e-08 0.001
4114 1.2681914293530219e-06 9.9120907659546186e-07 9.0600436932560598e-09 0.001
4115 6.5836596548899976e-07 4.223542675375073e-07 6.5702391183098788e-08 0.001
4116 1.7482353706652756e-06 6.8551911807086367e-07 6.1143805275889552e-08 0.001
4117 5.9061882624885289e-07 2.6160311817400243e-06 1.1267071402606825e-08 0.001
4118 1.3753726886579763e-06 2.2576034966901385e-06 6.7754061649953542e-09 0.001
4119 1.7387290415287558e-06 1.3192689637534301e-06 1.2381730174502756e-07 0.001
4120 1.1367692497071124e-06 7.5284521339092944e-07 1.0253438403797758e-07 0.001
4121 5.5534754007964077e-07 6.1102262906461949e-07 2.4118572368117023e-09 0.001
4122 1.9026155523338232e-06 2.241724288899494e-06 4.8800545319712872e-09 0.001
4123 1.6930295544795032e-06 1.6029770877478248e-06 6.4158683648401657e-09 0.001
4124 1.7368093275103605e-06 1.2826626568353732e-06 7.821921156971684e-08 0.001
4125 5.4425400095324614e-07 4.0562654174078956e-07 1.589500772453448e-08 0.001
4126 2.3025997954029327e-06 6.7588905426003939e-07 2.1262242660901989e-07 0.001
4127 1.0567819114134761e-06 5.2775252387645929e-07 1.9884523559011611e-09 0.001
4128 8.5106709126147848e-07 7.9508546643930159e-07 2.7311935931650664e-09 0.001
4129 1.0073625760831817e-06 1.1646025275354796e-06 4.2188088049659287e-08 0.001
4130 1.1963208095797014e-06 1.6029124978756038e-06 1.0885124091482229e-08 0.001
4131 1.834214676715795e-06 1.4348580756176345e-06 1.0848211438605935e-08 0.001
4132 9.1178382938173149e-07 2.3923362783078309e-06 9.1393553043642351e-08 0.001
4133 2.3825356590720947e-06 7.7383910718353721e-07 1.7690646458010891e-07 0.001
4134 1.9658419913545598e-06 5.8706297316974022e-07 2.2061488370354007e-08 0.001
4135 1.8971927181279239e-06 6.0886513027113741e-07 8.1049186819273004e-08 0.001
4136 2.2958433709814178e-06 6.1502868392586949e-07 1.673697676625948e-07 0.001
4137 1.6853838038606052e-06 6.9667955554862037e-07 2.1265705036314792e-08 0.001
4138 9.852619859845917e-07 9.9353547415664226e-07 6.967212502286388e-09 0.001
4139 4.5364119083147253e-07 9.5719802076593329e-07 4.2445695557783611e-08 0.001
4140 2.1362912340616279e-06 1.4486292182601881e-06 1.1865776935355234e-07 0.001
4141 1.557319957068155e-06 5.7421890865233514e-07 4.4238538487554978e-09 0.001
4142 1.0844496471033587e-06 1.3081264435998269e-06 3.2531765130916636e-08 0.001
4143 7.510549790430576e-07 1.8353625958567759e-06 2.0891400937984181e-07 0.001
4144 1.5840473404588822e-06 1.7999517476950084e-06 7.1755891080739153e-08 0.001
4145 7.0209638720394377e-07 9.412589737409456e-07 1.6173607418164076e-08 0.001
4146 2.5315480942188314e-06 2.108448390265865e-06 2.0786575817721505e-07 0.001
4147 4.906017290174541e-07 1.8705907044504323e-06 1.6124548797900879e-08 0.001
4148 1.5037942917351903e-06 3.9726832658027297e-07 6.0820061617470175e-09 0.001
4149 9.3515180700882857e-07 9.5099696995347449e-07 4.4890242968285209e-09 0.001
4150 6.3197316916490357e-07 7.208420773430979e-07 4.5154366090358298e-08 0.001
4151 7.0054538424408821e-07 5.6740217937156268e-07 2.4329258719056006e-09 0.001
4152 1.735259462508202e-06 2.5645841268868268e-06 6.5653362962617335e-09 0.001
4153 2.2460070762300279e-06 2.3311226277680501e-06 1.2005034307447789e-08 0.001
4154 4.4856885367921308e-07 4.057165988568111e-07 1.5202641804388897e-09 0.001
4155 9.3498799324612385e-07 2.1823764346900319e-06 2.697036164104476e-08 0.001
4156 1.0816848307862054e-06 8.285385403401206e-07 1.1187975910493548e-07 0.001
4157 1.3263737069294779e-06 1.6735996136000512e-06 1.0994721925355909e-08 0.001
4158 2.1219249192708153e-06 1.2476436419231367e-06 7.4131454996645683e-09 0.001
4159 1.7078866032207863e-06 1.8789296251989271e-06 3.2256773539233364e-07 0.001
4160 2.2286851391574011e-06 1.788011719165677e-06 5.6899427195966829e-09 0.001
4161 2.1209033694102665e-06 4.4279122105974228e-07 8.6620694115160869e-09 0.001
4162 4.345372406683582e-07 8.6007250868562673e-07 1.5695133446514681e-09 0.001
4163 2.0709970632078147e-06 1.5945822517292734e-06 2.377653452086506e-07 0.001
4164 2.4022192097365301e-06 1.3495057744216114e-06 3.0471789935915144e-08 0.001
4165 2.209308358513248e-06 1.1910442426906811e-06 2.9091533982748351e-08 0.001
4166 4.6773580079092457e-07 1.2632528370847052e-06 4.6161540766760673e-08 0.001
4167 1.2965645990549869e-06 1.3007125749318605e-06 1.0611960653763057e-07 0.001
4168 2.0653358936086101e-06 2.2245276832493002e-06 1.4115016218453494e-08 0.001
4169 1.5641780874063039e-06 1.9122942913677415e-06 2.8880925865988329e-08 0.001
4170 1.6377193379931228e-06 2.1170088403476275e-06 6.7695007428742767e-09 0.001
4171 8.8619966114367004e-07 5.7507250347726474e-07 5.7115609858622434e-08 0.001
4172 1.831847983369093e-06 1.5292562908194436e-06 1.5017478387391464e-07 0.001
4173 1.7542595197737198e-06 1.2688193160971096e-06 4.7081314059740543e-09 0.001
4174 9.8866948555507775e-07 2.4256451093307826e-06 8.749551728989336e-08 0.001
4175 1.5339024567724482e-06 2.0644831685683568e-06 1.2727629001425599e-07 0.001
4176 7.0203576831581513e-07 6.9574318750055987e-07 2.2707520957780413e-09 0.001
4177 1.9432653622225943e-06 5.6485588541226326e-07 7.8493491451233358e-08 0.001
4178 1.0276827288826765e-06 1.4539568645361231e-06 6.8577970384387562e-09 0.001
4179 1.3782665313515585e-06 9.2604559010150726e-07 1.0249198159860429e-08 0.001
4180 1.247937829341284e-06 5.0341767233009315e-07 2.6423614968578332e-08 0.001
4181 1.6926005318528773e-06 2.5826234910048148e-06 4.6000976117975121e-08 0.001
4182 7.3605127442194638e-07 9.0312822097768414e-07 4.4286854876007373e-09 0.001
4183 1.8329251063721713e-06 1.4167159514498112e-06 1.2949477831214289e-07 0.001
4184 2.6238026687042928e-06 2.479933616167481e-06 1.0468918595121485e-08 0.001
4185 1.7423069193452983e-06 1.3760760783708135e-06 5.6351372704852345e-08 0.001
4186 2.2863457142846387e-06 1.3938969565340165e-06 7.968580223722177e-09 0.001
4187 1.9251067396733789e-06 1.7530520936891989e-06 1.0428665126689884e-07 0.001
4188 1.3655744250452322e-06 2.0469117058319471e-06 1.7011658034308097e-08 0.001
4189 1.0769124480586042e-06 2.4353155979192407e-06 2.6617008108884606e-07 0.001
4190 4.0722869713007759e-07 1.9627264774638396e-06 1.4560440073357996e-07 0.001
4191 1.0638673782638331e-06 7.5898826247792134e-07 3.0198174258018251e-09 0.001
4192 4.0945143228432303e-07 8.8994986120925226e-07 4.2817237383261397e-08 0.001
4193 1.4567656639658622e-06 1.0734570077439734e-06 2.5222257759497748e-07 0.001
4194 9.6296400736661822e-07 8.4606855741506172e-07 4.6339752529688351e-08 0.001
4195 6.5868343653938125e-07 2.2833371943277118e-06 1.0708434251554548e-07 0.001
4196 9.5059198003914835e-07 1.9627479107467686e-06 6.9801050720131385e-08 0.001
4197 2.3635974640297578e-06 1.3134365548623158e-06 5.3595113003472134e-09 0.001
4198 5.5099983299272317e-07 2.4000360671549845e-06 2.5302870939639006e-08 0.001
4199 5.5939174815233752e-07 1.4379879420796053e-06 2.7555100943284735e-09 0.001
4200 2.6170647923484821e-06 1.1888929672124343e-06 1.7624571386289805e-08 0.001
4201 1.6906042941826259e-06 2.2901434810880905e-06 1.7890515315704269e-07 0.001
4202 1.8415683454782874e-06 1.2343645485318574e-06 2.9804288205631267e-07 0.001
4203 2.1459403151977418e-06 2.3827623628570787e-06 3.8809280556496997e-08 0.001
4204 1.3744596036018811e-06 2.4351521762138819e-06 4.9884303267968919e-09 0.001
4205 1.0554264793663499e-06 1.2146863600093259e-06 6.7587889616958608e-09 0.001
4206 4.7880536525770867e-07 2.5432614773850271e-06 2.0625957248777982e-08 0.001
4207 1.7389814318827547e-06 7.3751737832688417e-07 3.3712818515265194e-09 0.001
4208 1.1986675118246175e-06 2.3520599116199695e-06 4.0059052954290546e-09 0.001
4209 2.4108040341231449e-06 1.4881143719647033e-06 2.4728461022930841e-07 0.001
4210 7.0235396708112588e-07 8.619324395041449e-07 3.867933249437997e-08 0.001
4211 2.1081367340694735e-06 2.5980636619932138e-06 6.9918612285621026e-09 0.001
4212 1.058296398577349e-06 6.3600631346261293e-07 2.7299235163248407e-09 0.001
4213 1.6304510631196995e-06 2.5047565800929811e-06 1.5300609382494178e-07 0.001
4214 1.3421897771161565e-06 5.8860387912661984e-07 1.7672398920085763e-08 0.001
4215 1.8002909609999078e-06 1.7760204307917937e-06 2.9260765587692258e-08 0.001
4216 2.0471857165282757e-06 5.6716333320939335e-07 2.6793931627851244e-09 0.001
4217 2.125724821848107e-06 1.8457010823591065e-06 5.4478905724386539e-09 0.001
4218 5.4945078642903413e-07 2.4329046759596283e-06 5.139274049695049e-08 0.001
4219 7.8341219063386943e-07 1.0415901287979678e-06 8.7894729018833622e-08 0.001
4220 2.0105600842250138e-06 3.8341180907698589e-07 8.8263173274988631e-08 0.001
4221 2.5084410721378897e-06 7.3752864187969862e-07 3.8197548713310635e-08 0.001
4222 2.1701203552253252e-06 1.9523449506708778e-06 5.3090737758766887e-08 0.001
4223 2.5972285997587725e-06 1.1736723528740431e-06 2.0766928446859133e-07 0.001
4224 4.0933093989700878e-07 7.7532901681055508e-07 4.4169774650542142e-09 0.001
4225 2.068137038090904e-06 5.1808877934749031e-07 1.2614851463755628e-07 0.001
4226 1.0634235439477894e-06 7.5207900705753825e-07 3.4273076443487826e-08 0.001
4227 1.8354855034061234e-06 2.4077751929626265e-06 3.0200019971991624e-08 0.001
4228 1.3817101034711982e-06 7.7474957173623045e-07 2.3094721855430164e-08 0.001
4229 1.7255543198496876e-06 2.6235982337249226e-06 3.7904696796763643e-08 0.001
4230 2.5290827625868913e-06 1.1510117885456146e-06 1.075332322346503e-08 0.001
4231 9.0819222073540712e-07 5.7600121733797275e-07 8.7916684164150308e-09 0.001
4232 6.6232871228721062e-07 1.86670707053037e-06 9.7136940799805473e-08 0.001
4233 2.6001634253300844e-06 2.3841823144154163e-06 6.1141950403885727e-09 0.001
4234 1.15801364202989e-06 1.8264254938441321e-06 1.7002742824995779e-07 0.001
4235 1.0259745521048913e-06 5.2396766845134078e-07 2.1052603108420296e-08 0.001
4236 2.341308330181904e-06 9.4300528834787657e-07 4.4001473795174847e-09 0.001
4237 1.8246971333828317e-06 1.8371513468567731e-06 8.0223879728512221e-08 0.001
4238 2.4585411154838002e-06 7.2767196346795995e-07 7.4873804132679786e-08 0.001
4239 2.0371978068241737e-06 1.7511721305688798e-06 7.2283672756693011e-09 0.001
4240 8.8893888167229713e-07 1.0177558532476183e-06 2.4701252908083899e-09 0.001
4241 5.8807501473308068e-07 2.509171870451302e-06 8.7836963726629072e-08 0.001
4242 2.0692658130768371e-06 6.4769705577659154e-07 4.6864150961418622e-08 0.001
4243 1.0198585495201814e-06 1.4878099878316137e-06 4.150729614648035e-08 0.001
4244 4.8782051342592818e-07 9.8971510160400698e-07 6.2606139900694191e-08 0.001
4245 1.2866513813390186e-06 9.5963594355892373e-07 8.5858258451585878e-09 0.001
4246 2.1602568774087438e-06 1.8890853075351402e-06 1.1252116907234961e-07 0.001
4247 1.7285481222317337e-06 1.7978789936933775e-06 1.6182143385927184e-08 0.001
4248 4.0655533437622236e-07 1.703203288383244e-06 1.8368542094810349e-07 0.001
4249 8.5923476720914173e-07 3.8361965476947533e-07 3.6967156469915251e-08 0.001
4250 5.46665080868673e-07 1.8610049419708502e-06 4.3419593891983405e-08 0.001
4251 5.664985785256728e-07 1.9603479592908805e-06 2.2897660200903104e-08 0.001
4252 1.8071240602435913e-06 8.7886095747302555e-07 2.4475879344206432e-07 0.001
4253 2.1893712216839184e-06 1.0820628592901302e-06 1.3730629780762153e-08 0.001
4254 1.6790560255797557e-06 2.5061517904701258e-06 3.053652769457944e-08 0.001
4255 2.0725676390694663e-06 1.4112486420264463e-06 5.1864428600364138e-09 0.001
4256 1.8786404088140518e-06 1.3184502799040225e-06 2.3898884926306335e-08 0.001
4257 8.0549569562588991e-07 6.4327723186587344e-07 1.08154207195813e-08 0.001
4258 1.4799557067207921e-06 3.9194886867131817e-07 2.9068193600143282e-08 0.001
4259 1.1780606471157611e-06 1.7781666166394216e-06 4.5728644875901674e-08 0.001
4260 7.3899879562363638e-07 5.5426049747903598e-07 6.7031995224255435e-09 0.001
4261 2.2530252112848758e-06 2.1255709264298339e-06 2.429538780159424e-07 0.001
4262 1.2340812521482737e-06 1.7407401001450369e-06 3.8580612022702119e-08 0.001
4263 1.3117498437626813e-06 8.3035054807273334e-07 2.9525057412558544e-08 0.001
4264 7.3266607474320297e-07 1.2694941735660774e-06 1.0192694828115652e-08 0.001
4265 6.6446082869369473e-07 1.2845092647783734e-06 2.1033936053362729e-08 0.001
4266 2.0656507912182307e-06 1.5567764542237215e-06 1.1286587800428752e-07 0.001
4267 8.1700938201112611e-07 6.5181466320457263e-07 1.3151511106296438e-07 0.001
4268 1.8749062824252753e-06 1.7764086414303677e-06 3.2444052699192114e-08 0.001
4269 1.1521475100130453e-06 9.5724572494662388e-07 1.2729288238942871e-07 0.001
4270 5.1688004567591028e-07 1.3277329705251255e-06 1.9042959628652435e-09 0.001
4271 7.5337699536920635e-07 2.4185108140751829e-06 7.1040561606839698e-09 0.001
4272 4.507550941636863e-07 6.3449372982371798e-07 5.1774419957196043e-09 0.001
4273 9.6326617813989435e-07 1.8905826769647487e-06 1.0576009934465706e-07 0.001
4274 1.2970806785290659e-06 2.2687873260493885e-06 2.4875427483333904e-08 0.001
4275 7.4026967343233941e-07 1.8050377010888689e-06 1.7259858888300761e-07 0.001
4276 2.5213552150814473e-06 5.5974340694156355e-07 7.5955046762131988e-09 0.001
4277 4.9263401795727862e-07 1.2691870930655215e-06 8.1469565310744967e-09 0.001
4278 1.2128901270155332e-06 1.5708269660714583e-06 2.6256565701035151e-08 0.001
4279 9.3182599022585801e-07 6.1139004892681274e-07 3.15901503389603e-08 0.001
4280 2.2418679210663994e-06 1.3658940376568675e-06 6.921983798522517e-09 0.001
4281 6.7451646386813864e-07 1.3943559861347826e-06 1.3453539328024151e-08 0.001
4282 1.4696577557963849e-06 6.8709513777095159e-07 3.7665800488109048e-09 0.001
4283 2.1058985919498857e-06 1.6009078716981757e-06 4.722971114230324e-08 0.001
4284 1.993520802398941e-06 1.2725241276768952e-06 1.5874540337056397e-08 0.001
4285 1.1806838684352732e-06 1.2844693135151982e-06 1.0169034624539541e-08 0.001
4286 1.7951472140195416e-06 1.0406371609548786e-06 1.6887837374300709e-08 0.001
4287 1.3768210027699384e-06 2.0090069416044328e-06 1.5149589067714608e-07 0.001
4288 1.7286826004754106e-06 1.8323714141601272e-06 2.6964547345381047e-07 0.001
4289 7.603571220233176e-07 6.706908166649373e-07 5.5473026983212087e-08 0.001
4290 9.5127735032750487e-07 1.2809396137322993e-06 3.0772664013779023e-09 0.001
4291 2.6049793483696033e-06 6.0945303281778504e-07 2.0850222433078069e-08 0.001
4292 1.9527609399900058e-06 1.7386437006002364e-06 2.9977488532867303e-08 0.001
4293 1.4256084174226058e-06 1.6246372220235471e-06 2.0680223307476003e-08 0.001
4294 7.4187124350066701e-07 7.4743021671182696e-07 3.3116242522705131e-08 0.001
4295 2.3783746461668262e-06 1.4822965143363625e-06 3.2429710543486935e-07 0.001
4296 2.2789980087350316e-06 2.0730108405610219e-06 9.9430476722871076e-08 0.001
4297 1.1155251172805421e-06 2.5206001774040476e-06 3.3730428125822889e-08 0.001
4298 2.4031140844911527e-06 2.1567932447204463e-06 3.7991705667564784e-07 0.001
4299 1.4376704594113166e-06 1.3527731123845679e-06 1.6196891280695874e-08 0.001
4300 1.4856906741201485e-06 1.7566150286206116e-06 3.6507788429657373e-08 0.001
4301 2.0801304793792648e-06 1.9549030980461037e-06 1.9645840804445813e-07 0.001
4302 1.4422234576532269e-06 7.688455843246973e-07 3.6002107877612688e-08 0.001
4303 6.7642488854577738e-07 2.3576775557382793e-06 1.113936149123189e-07 0.001
4304 1.6962588941072635e-06 6.0015456879862579e-07 2.3084594043826647e-08 0.001
4305 8.8119373954738125e-07 1.6785354485668158e-06 1.8592005396238254e-08 0.001
4306 1.3012327060489168e-06 1.3352962931316526e-06 1.0833839549282282e-08 0.001
4307 2.4577724798156938e-06 2.5904718365885709e-06 2.1808241627894259e-07 0.001
4308 4.6475556317625658e-07 6.0055485305767579e-07 5.7367616230577337e-09 0.001
4309 2.5886025501067747e-06 2.2252499455789183e-06 1.6857949098149061e-08 0.001
4310 6.9827425088026028e-07 1.2914856568870848e-06 1.4733443930668669e-07 0.001
4311 1.5346116637538203e-06 2.0023165807397222e-06 4.5641669919472121e-09 0.001
4312 1.5592515373999797e-06 2.4538769914585781e-06 3.0684472118399149e-08 0.001
4313 2.5518616543137318e-06 1.9015179908932873e-06 3.8283984180920717e-07 0.001
4314 1.0994130613004911e-06 1.768495955408551e-06 4.1829756774092266e-08 0.001
4315 2.475736764247131e-06 8.0821104157986232e-07 2.716694447518366e-07 0.001
4316 1.1341889027750837e-06 1.1036225478075572e-06 1.6981899236960311e-07 0.001
4317 2.5991698140593554e-06 1.5929375386908632e-06 2.8737007438305523e-08 0.001
4318 1.9968652289464915e-06 5.9399899014947684e-07 2.6893326320534121e-08 0.001
4319 2.0802688361340254e-06 2.3277928078900985e-06 5.542515639260323e-08 0.001
4320 6.4179064200857174e-07 2.5973619035942159e-06 2.8667202218560953e-08 0.001
4321 2.0252719165812993e-06 1.5388489499304559e-06 3.5864795137727234e-08 0.001
4322 7.0561696940921952e-07 1.8909712422050212e-06 1.4342187956455961e-08 0.001
4323 9.5182797419525113e-07 1.4111267187119349e-06 3.8604111268607268e-08 0.001
4324 1.2777217009992274e-06 4.6328610871691887e-07 1.8688930441302022e-09 0.001
4325 2.0258355190403517e-06 1.3441531837479761e-06 6.5368602136447697e-08 0.001
4326 2.2548597937809821e-06 4.5511483629175782e-07 1.9302535991359619e-07 0.001
4327 2.4489216334177935e-06 2.3289655321190056e-06 2.0528351434343973e-08 0.001
4328 2.301561711483964e-06 9.7735498057326948e-07 4.5892903502266505e-09 0.001
4329 1.6109361008782328e-06 2.5600674730327415e-06 1.3357644716715016e-07 0.001
4330 2.5781100740814124e-06 2.1929623237744899e-06 1.7634758031313896e-08 0.001
4331 1.5380187812029313e-06 1.6351507733096478e-06 1.9296891506204547e-08 0.001
4332 7.3824859459219193e-07 4.3715859452622844e-07 4.9664804522691563e-08 0.001
4333 1.5629448868497622e-06 1.4606442213228225e-06 7.191919869266226e-09 0.001
4334 7.8797134356468726e-07 8.5653331798526314e-07 5.4744308036823053e-09 0.001
4335 2.0015089792461519e-06 1.1487420469029159e-06 1.1850671576014027e-07 0.001
4336 6.6086473910594729e-07 1.8809383874631372e-06 3.350360289989086e-09 0.001
4337 2.1296826627779605e-06 2.2075108316245899e-06 3.8841967896985383e-08 0.001
4338 7.8556489619774754e-07 1.9331960336461945e-06 1.3147803503499019e-07 0.001
4339 2.5363881129309562e-06 1.1862270303280192e-06 6.530484413149893e-09 0.001
4340 2.2661039418834156e-06 2.0862759734371095e-06 7.2902165034468688e-09 0.001
4341 6.983378645855116e-07 2.2324996431579114e-06 1.0431375229405729e-07 0.001
4342 1.4781035249990209e-06 2.4956110111985163e-06 1.4989118218676288e-07 0.001
4343 1.5697065714627093e-06 6.4449083480436602e-07 3.2878342028629391e-08 0.001
4344 8.0636286250176748e-07 2.4922480585041838e-06 7.2523943250914929e-08 0.001
4345 3.9580991318854519e-07 2.5967827734039267e-06 3.6693698438009928e-09 0.001
4346 1.3732674504696636e-06 2.0981457723997063e-06 3.3274771621476148e-07 0.001
4347 1.0099353084816395e-06 1.0933675811859777e-06 1.7859083489870505e-08 0.001
4348 2.3855922176278984e-06 5.0499040133417361e-07 2.0733081151811155e-07 0.001
4349 1.2081230305684786e-06 2.5984140608049262e-06 2.3828136437366637e-07 0.001
4350 1.2986014094481419e-06 1.5303640067108229e-06 1.2251476619517429e-07 0.001
4351 1.3649121198417175e-06 4.2564374429748509e-07 8.5057626490233579e-08 0.001
4352 2.1559676343377623e-06 1.4149221181854091e-06 4.5377277693912956e-09 0.001
4353 5.2202642656702596e-07 1.3154140553157696e-06 2.4631664688114975e-09 0.001
4354 2.3689168138467773e-06 1.1044805280126355e-06 3.45370777809472e-07 0.001
4355 1.0624410818990232e-06 1.4535116117637887e-06 3.7500665652222485e-08 0.001
4356 8.2882401510315261e-07 1.118066752849475e-06 4.135086465991263e-09 0.001
4357 2.5987242603146885e-06 7.6098945040547653e-07 9.8159601167141212e-09 0.001
4358 1.2403772187297368e-06 2.2611822957492043e-06 5.2066054520708176e-09 0.001
4359 1.1019794651307664e-06 2.0696522897951521e-06 1.4709504729684885e-08 0.001
4360 7.5866164482496364e-07 2.196385660163019e-06 3.7548879875474885e-09 0.001
4361 1.2863795772499493e-06 2.4010214456955429e-06 2.4967263526706214e-07 0.001
4362 1.0561236273618099e-06 2.2942459717441218e-06 1.2725014320830718e-07 0.001
4363 1.376117381506263e-06 2.614421451706577e-06 5.6909041876758191e-09 0.001
4364 1.147088141118054e-06 2.3116220345802855e-06 2.8748333998696694e-07 0.001
4365 1.5091262541953959e-06 2.4238584055242816e-06 4.2675352627313907e-08 0.001
4366 1.9670033321596087e-06 1.1949544483735719e-06 4.5522701436922003e-09 0.001
4367 1.60654570022282e-06 1.8257405218462531e-06 2.08082963398294e-07 0.001
4368 1.2274780368852234e-06 1.0726208479207253e-06 3.8104919753091827e-09 0.001
4369 4.5426296277102767e-07 1.4199204470137343e-06 3.4645620766760716e-08 0.001
4370 1.2086769659282191e-06 4.9398114610059221e-07 1.7550320674760736e-09 0.001
4371 1.8785219813163064e-06 1.584645106319732e-06 3.3123181356504032e-07 0.001
4372 1.3653084714314532e-06 9.7506665221922223e-07 1.9471298529698918e-08 0.001
4373 1.3653064034480714e-06 7.4957521054780909e-07 1.1658452153477334e-07 0.001
4374 1.4879700250823697e-06 1.5499705301302741e-06 2.1289324408014788e-07 0.001
4375 1.6900873336353798e-06 4.9674518263051369e-07 6.5064797748752719e-08 0.001
4376 9.0694896770490994e-07 8.9813172431924239e-07 3.2887756120222064e-08 0.001
4377 1.8656566402697542e-06 1.9125322862394218e-06 6.9378275479599775e-08 0.001
4378 2.2454703208698603e-06 1.9667141479102931e-06 1.1194944752363569e-07 0.001
4379 2.0668883703104219e-06 1.8997828642308623e-06 1.608683075771429e-07 0.001
4380 2.5075935525282917e-06 7.4072257754965451e-07 1.7871996534389587e-08 0.001
4381 1.0902991590945653e-06 7.0274108715634071e-07 5.9704222938224515e-08 0.001
4382 1.6200177277442948e-06 1.4634758103363788e-06 1.9884757460618964e-07 0.001
4383 1.0145616178217693e-06 2.2373758806969986e-06 1.5609014090883493e-07 0.001
4384 1.9314436860008412e-06 2.50956093727031e-06 3.5494683830575106e-08 0.001
4385 1.5647543963638411e-06 9.8442518521353789e-07 8.2801358531064981e-09 0.001
4386 2.6189237095631574e-06 1.5682295926794988e-06 7.9670680056508443e-09 0.001
4387 2.0841089251385824e-06 2.5747620122313943e-06 7.1499087028234025e-08 0.001
4388 2.5672100860457704e-06 2.3094258956512708e-06 1.9945469344311399e-07 0.001
4389 1.0854697351111951e-06 2.4903311213095713e-06 4.2935110759739774e-09 0.001
4390 1.671299925346615e-06 2.061280029525575e-06 6.6239585570229296e-08 0.001
4391 1.0402245917687897e-06 1.5592886431850911e-06 3.3513771436682696e-08 0.001
4392 1.7289608714324602e-06 2.4402397997493565e-06 7.6504480949533012e-09 0.001
4393 1.9683151710276234e-06 1.8159205783374545e-06 6.634531360606764e-09 0.001
4394 8.3069285256356305e-07 2.1541713269071359e-06 1.6071217863788823e-07 0.001
4395 5.1202841848007444e-07 7.2188302394574507e-07 4.024204067099183e-08 0.001
4396 4.82179426282125e-07 2.2003490109261268e-06 3.8340445266125904e-08 0.001
4397 1.4906805030837346e-06 1.0051227374062232e-06 8.931944454473155e-08 0.001
4398 1.3740658192244744e-06 2.2457906378189407e-06 3.849024211362395e-09 0.001
4399 1.3210680884063469e-06 1.2239667234936406e-06 2.7433110017305086e-09 0.001
4400 1.2382786062310144e-06 9.8346131190430501e-07 1.8353446400782642e-07 0.001
4401 9.0788186770690881e-07 2.2731932181606591e-06 8.9914769011191731e-08 0.001
4402 2.3052557695140843e-06 7.4864108997571906e-07 7.080328190372824e-08 0.001
4403 8.353217896638189e-07 1.2892757019353801e-06 5.1257971265374725e-09 0.001
4404 8.1768145163392959e-07 6.1799278434665981e-07 8.6911919306920895e-08 0.001
4405 2.1710419762253585e-06 2.1788285776096748e-06 9.8726568191736802e-08 0.001
4406 1.0603386321590916e-06 7.5973969996798175e-07 6.8712812322064566e-08 0.001
4407 1.4445866759838647e-06 2.5589106931710235e-06 1.6264443625908371e-08 0.001
4408 2.1198628023521524e-06 5.7643780704488272e-07 3.7531756389927228e-09 0.001
4409 6.6120016556943863e-07 7.9829797253812966e-07 9.9984214133957161e-08 0.001
4410 1.5431842127967116e-06 9.0117864555430141e-07 6.9955874547397756e-08 0.001
4411 2.5606877230111761e-06 1.025944670298753e-06 7.7850476055577969e-09 0.001
4412 2.5922769745950841e-06 5.1864055408795584e-07 8.5760062328394745e-09 0.001
4413 2.1712712132771271e-06 1.2316816204745073e-06 1.4141799278775597e-07 0.001
4414 2.6047975529651395e-06 1.2987045660837955e-06 1.688676094174958e-07 0.001
4415 1.184954686292443e-06 1.5508594872027559e-06 2.647790861682322e-08 0.001
4416 2.5542270378863816e-06 1.9659286382477267e-06 8.4490951695984165e-09 0.001
4417 1.3955411056683896e-06 1.9398016730155042e-06 1.7988940993037486e-08 0.001
4418 2.3462781367862678e-06 2.0962510560915008e-06 6.8195202394060581e-09 0.001
4419 2.3633285677194951e-06 1.4802461678625083e-06 2.134439195258537e-08 0.001
4420 2.4926511237301463e-06 1.241055568508032e-06 2.6207513706532968e-08 0.001
4421 1.6138706226854628e-06 1.4507891737207278e-06 2.6688999841963227e-07 0.001
4422 2.0966868369082403e-06 2.2036177571964679e-06 4.8433095483435561e-09 0.001
4423 1.3233856902208838e-06 1.2868476415879023e-06 1.6422655952771978e-08 0.001
4424 9.403695894910981e-07 1.5922535452490297e-06 2.5275651356095955e-08 0.001
4425 1.4864645752843399e-06 1.0114278595843449e-06 1.3805395743298482e-07 0.001
4426 2.4490006953895033e-06 5.7019766793379312e-07 2.8081833469185895e-08 0.001
4427 2.3820505071197702e-06 1.8821420426459878e-06 2.6335016135454603e-08 0.001
4428 1.4226387481061587e-06 7.9781839638662431e-07 2.2837819884097148e-08 0.001
4429 8.9739370529170344e-07 8.2940028813378074e-07 2.6722697304160054e-09 0.001
4430 4.9762902252183385e-07 1.2358813975267279e-06 5.852456375917685e-08 0.001
4431 6.7263634253028226e-07 7.3213937596959411e-07 5.4546246070563095e-08 0.001
4432 5.8542322779574448e-07 4.8123611880414903e-07 1.8645135689416706e-09 0.001
4433 1.778825327528695e-06 1.0512383864125054e-06 6.4435058437324361e-09 0.001
4434 1.7927100602411393e-06 1.1132193398799149e-06 6.3286229179918426e-08 0.001
4435 8.1045397324344819e-07 7.8153352573219954e-07 3.4905850781849044e-09 0.001
4436 1.4552695785631524e-06 1.136251059250654e-06 2.9898742020162464e-09 0.001
4437 2.4495182873102232e-06 1.106276447004018e-06 1.5917955799028228e-08 0.001
4438 1.9513599871984605e-06 4.9312271977016198e-07 7.4585286019541958e-08 0.001
4439 1.2557955834788975e-06 1.2283020949424878e-06 4.0535406591894417e-08 0.001
4440 2.2616178160268132e-06 8.121359824984089e-07 4.2233365602857938e-09 0.001
4441 1.3477557180630518e-06 1.605513314705806e-06 8.1492066742240765e-09 0.001
4442 1.3284295499493562e-06 1.0386338568563174e-06 3.8807583860626486e-09 0.001
4443 8.0835459864705314e-07 4.4668431426628345e-07 7.9480205979210927e-09 0.001
4444 1.7383719223823591e-06 4.2307691416661289e-07 1.157935457489946e-08 0.001
4445 6.9984961581837681e-07 1.8131466858975277e-06 3.771392919246365e-08 0.001
4446 1.6003192976709843e-06 2.239249855148333e-06 2.4151695525233977e-07 0.001
4447 2.4542238239736541e-06 9.9458933617832123e-07 1.4051141288052066e-08 0.001
4448 6.134331709206928e-07 3.8161358067714016e-07 7.5660903980258925e-09 0.001
4449 2.1912362515374506e-06 4.4636439552215334e-07 1.1889625997930217e-07 0.001
4450 1.7654594505068723e-06 2.0976140911511382e-06 8.1504733217328311e-09 0.001
4451 1.8557679790243478e-06 1.5500557154787104e-06 1.320473382180763e-08 0.001
4452 2.2494735371531396e-06 7.5763356672353973e-07 4.3023287294913248e-09 0.001
4453 1.1831496767600845e-06 2.2316919254932277e-06 5.2390435649817716e-09 0.001
4454 4.4476114077293527e-07 1.2026352772152267e-06 7.9401304501947246e-09 0.001
4455 5.8809276436247371e-07 1.5414905838007928e-06 2.8036158183278551e-09 0.001
4456 1.8382775789433065e-06 1.1305474181738093e-06 1.115041335589789e-08 0.001
4457 7.2416881213254862e-07 1.3934396836484195e-06 1.3787261483682107e-07 0.001
4458 1.2719708812264102e-06 8.2935441827738263e-07 6.7505547836967159e-08 0.001
4459 2.2699369717454996e-06 1.9860095392714699e-06 5.5074379786850567e-08 0.001
4460 1.4623647193240341e-06 2.4815084529571138e-06 9.8243541403871442e-08 0.001
4461 1.1545976429736945e-06 1.0383547790844196e-06 2.0388484809087187e-07 0.001
4462 1.3294833597640288e-06 1.9254781805338583e-06 4.6123237002742919e-08 0.001
4463 1.4968475204120919e-06 2.5544205924046003e-06 2.7669700969325261e-08 0.001
4464 1.7019126008751438e-06 7.8622334948464502e-07 1.9560585396241009e-07 0.001
4465 2.2793381643212223e-06 2.0365852796088784e-06 1.3876859193270542e-07 0.001
4466 4.0773043426799217e-07 1.504388027680616e-06 5.1628240005350278e-08 0.001
4467 1.958704176455322e-06 2.1566480189248771e-06 2.2870244127971152e-07 0.001
4468 2.4605414583299564e-06 9.6017127470470083e-07 1.1755825652591238e-07 0.001
4469 8.6242970520779207e-07 2.2599897234384357e-06 4.9415336017365668e-08 0.001
4470 1.0842959839780874e-06 2.255719616621235e-06 3.4701291553619157e-08 0.001
4471 6.658272938202585e-07 2.0199112304773355e-06 8.5427640993833071e-09 0.001
4472 1.5670537567050607e-06 2.18745186145416e-06 1.7371055969964993e-07 0.001
4473 7.4931288947798496e-07 1.0755706165174283e-06 2.5905236383793691e-09 0.001
4474 1.3487057753513232e-06 2.6157455637961089e-06 2.2756673390921652e-07 0.001
4475 8.0538320932808447e-07 8.4056212295945706e-07 5.8972656831281262e-09 0.001
4476 1.0620855950399678e-06 2.1224722670037666e-06 9.86666067575917e-08 0.001
4477 8.985392742258857e-07 3.9211230750966151e-07 1.5279943843755219e-09 0.001
4478 1.2947833183308605e-06 4.1744792165566692e-07 3.232291590403586e-09 0.001
4479 2.0071687000613624e-06 4.1518803016308143e-07 3.73819548186428e-08 0.001
4480 9.9511233913132312e-07 1.4729999850636767e-06 6.0338289792143935e-09 0.001
4481 1.2134823140610807e-06 2.248486269515853e-06 3.1841217574929583e-07 0.001
4482 1.47212348688984e-06 1.0023382178292882e-06 1.0596092721866742e-08 0.001
4483 8.4180607722624679e-07 2.1653320980798138e-06 2.6183522208666806e-08 0.001
4484 1.0322446823346239e-06 1.9610067779766653e-06 4.2243112264283249e-09 0.001
4485 2.2937675564104912e-06 8.3006432161648293e-07 6.2484106277660517e-08 0.001
4486 2.5021369801035566e-06 1.4792253536881778e-06 1.323586944680604e-08 0.001
4487 1.4253255915255063e-06 1.402101573620757e-06 1.6068137426252006e-07 0.001
4488 1.9183986644023478e-06 2.3904328551826062e-06 8.7028995374642408e-08 0.001
4489 1.3346518000115186e-06 1.1220388517848608e-06 1.0568190870149151e-08 0.001
4490 1.9407782983723819e-06 2.5498492598843522e-06 4.3643899316993062e-08 0.001
4491 7.1542776269320613e-07 1.3848659655944996e-06 9.0188698567188707e-09 0.001
4492 2.0480564520697069e-06 2.3338988448483961e-06 1.4914914454638596e-08 0.001
4493 2.4488094672869315e-06 4.2524195214514344e-07 3.8343070106529776e-08 0.001
4494 2.3485482482833327e-06 4.0216669408094112e-07 1.3039114147067762e-08 0.001
4495 1.9149855960835494e-06 6.6672573425372996e-07 2.6255955769505834e-08 0.001
4496 9.9289313529760189e-07 1.9600173961374521e-06 3.9632675136098442e-08 0.001
4497 1.0533013010738273e-06 1.5560502589789515e-06 3.0820129841956501e-09 0.001
4498 9.4061913784794637e-07 2.571504065075605e-06 2.449486572038491e-08 0.001
4499 8.4673632925901521e-07 4.6721348148942007e-07 1.1060625691265682e-07 0.001
4500 1.9338334327632277e-06 1.1890353972575903e-06 2.5254341672369637e-08 0.001
4501 1.3496524845384224e-06 8.4659567327138231e-07 1.6621395176159517e-08 0.001
4502 1.3705893198367112e-06 5.0869848270384012e-07 5.4057222641886018e-08 0.001
4503 1.1897181622980978e-06 1.848264286710106e-06 3.1918315042469384e-08 0.001
4504 1.2762910229493234e-06 1.8718278009119162e-06 2.4632842595125608e-07 0.001
4505 9.7041737469826048e-07 2.4042442522353123e-06 1.7947361496182154e-08 0.001
4506 1.9819198217914314e-06 2.1521529546467962e-06 2.662999285635448e-08 0.001
4507 1.4762692949352298e-06 8.8435969433584725e-07 1.7496464865805235e-08 0.001
4508 5.9768873238091379e-07 1.9826964376330743e-06 7.4225279142021774e-08 0.001
4509 1.2582446815650377e-06 9.207663182820707e-07 6.2334114925536613e-09 0.001
4510 8.6337126767697978e-07 1.831633398849944e-06 7.7144013847528859e-08 0.001
4511 4.7463724888279626e-07 2.4457869339358675e-06 6.8674796301583353e-08 0.001
4512 1.0558288752067586e-06 8.7543998087817495e-07 1.8458765946102422e-08 0.001
4513 1.5981785437153835e-06 9.075847352380404e-07 2.0601402259745901e-07 0.001
4514 7.9656241728559406e-07 1.9148556379979175e-06 4.1857159886028753e-08 0.001
4515 2.1672123136135715e-06 8.8682680308812949e-07 1.6432730201196708e-08 0.001
4516 1.9116904351407193e-06 1.7933341639003649e-06 9.6492785391371924e-09 0.001
4517 1.8879498606598971e-06 2.4634626378633393e-06 1.3203309357491667e-07 0.001
4518 4.6230369191451998e-07 8.2139473933645447e-07 1.441329884558071e-08 0.001
4519 2.1818430164962459e-06 1.9779410557198303e-06 6.1219601498793718e-08 0.001
4520 2.432127907683695e-06 1.3001415551608674e-06 6.0107746656140103e-09 0.001
4521 1.4989086489411269e-06 7.405167123107531e-07 3.8401122435963643e-08 0.001
4522 5.7249875912097205e-07 2.1332909095626327e-06 2.6871166508297686e-07 0.001
4523 1.1554301876937639e-06 1.5870348620145625e-06 1.2764832643370391e-08 0.001
4524 1.1198831922227786e-06 2.1137323857526318e-06 1.2149656651572087e-08 0.001
4525 1.6708617707146021e-06 1.659443655585786e-06 2.8372525933889849e-07 0.001
4526 1.8508947329840468e-06 1.3442236266446075e-06 3.598844422685873e-08 0.001
4527 2.5791745129156719e-06 2.4406880942784896e-06 8.8457328203955642e-08 0.001
4528 1.4069379998477164e-06 2.5976873659562184e-06 2.702015282879892e-07 0.001
4529 1.5129991810489209e-06 6.5674122488944752e-07 1.094661793959734e-08 0.001
4530 1.2072112772148802e-06 9.9941668422102126e-07 8.9400387847874733e-08 0.001
4531 1.0272930503178278e-06 5.0409754846314138e-07 1.4892093024399333e-08 0.001
4532 5.9841774207539752e-07 2.4872212938782221e-06 1.067736534783951e-07 0.001
4533 2.3230383962284155e-06 5.4689413762576901e-07 2.6845101319243881e-07 0.001
4534 1.6987098273413616e-06 9.6876619183989438e-07 6.4940512734044872e-09 0.001
4535 1.5268505828904419e-06 9.1693367192276735e-07 1.2689460959589714e-07 0.001
4536 2.2382546529925605e-06 4.2410691756267387e-07 7.7601187243854858e-09 0.001
4537 1.0507459160498444e-06 5.0546192626245689e-07 2.5077419369173624e-09 0.001
4538 1.667928468768573e-06 5.7120629380892037e-07 2.9963283045070143e-09 0.001
4539 1.1378811760687228e-06 2.0675374598506902e-06 1.6447062260641297e-08 0.001
4540 6.6255239255021969e-07 4.6685570223440786e-07 1.3103548278924327e-09 0.001
4541 2.4668001377901096e-06 2.3017704559302444e-06 1.1375126873947149e-07 0.001
4542 2.1410039179936934e-06 2.6143265478776383e-06 2.4776603829779177e-08 0.001
4543 1.4050930177876461e-06 1.9242960477555577e-06 6.029683945582268e-08 0.001
4544 1.7457906112071131e-06 1.7685687056120869e-06 1.0926506478876548e-07 0.001
4545 2.356142316252636e-06 2.3264044729709187e-06 6.6787649066786112e-08 0.001
4546 2.2663187043712235e-06 2.2771034870684574e-06 5.4853963039238071e-09 0.001
4547 1.6949203980913004e-06 2.3988454717124395e-06 1.1582083526201495e-07 0.001
4548 1.3211492536145637e-06 5.1734017221117658e-07 1.7854162990515785e-07 0.001
4549 2.0949623100687602e-06 1.9465472966869373e-06 3.9587800272163864e-07 0.001
4550 1.9850210571985082e-06 4.8287086482587813e-07 8.5016843546640811e-08 0.001
4551 2.104260422778514e-06 1.3594760726836783e-06 3.2436753197762968e-08 0.001
4552 1.9928098131778931e-06 1.2389645424223254e-06 1.1236618221653139e-07 0.001
4553 8.1940335186576436e-07 5.589948987341624e-07 7.1577652155506124e-09 0.001
4554 2.2694463893389401e-06 4.2590157088064327e-07 6.5145079856648916e-08 0.001
4555 1.7625866271321604e-06 4.6496762690824281e-07 2.4720455854358914e-08 0.001
4556 4.9264505628913122e-07 7.6057896389293408e-07 5.1432968938097952e-09 0.001
4557 4.2117336474021768e-07 1.6364420616061371e-06 2.6250025581631472e-09 0.001
4558 1.1211560281943887e-06 1.9455308936911149e-06 3.8645464666726751e-09 0.001
4559 1.3159549935062126e-06 1.3743074315507132e-06 1.121138469532586e-07 0.001
4560 7.3698985336343773e-07 1.2611747117580104e-06 3.2375393093333842e-09 0.001
4561 8.8434391216757032e-07 5.8319257771098659e-07 2.0751904955320417e-09 0.001
4562 6.6104859696918187e-07 2.1029678221390959e-06 3.0492222089776404e-08 0.001
4563 1.6753930943979943e-06 2.0406148002079253e-06 1.0326425274797533e-08 0.001
4564 2.3810602032457875e-06 1.2284756721638403e-06 4.8920778175454154e-08 0.001
4565 1.4550666127587756e-06 1.1365206454917313e-06 1.0761287842958396e-07 0.001
4566 8.9148546390569057e-07 9.5407788206318434e-07 2.0190818712913227e-09 0.001
4567 2.4457421954588276e-06 1.4377866025851097e-06 1.9062241055131728e-07 0.001
4568 5.5671915375697283e-07 1.7339355855598554e-06 3.8783128299453714e-09 0.001
4569 5.3612108304631679e-07 4.2336799050137513e-07 3.5077161961333707e-09 0.001
4570 2.4930736013428689e-06 1.5141583347825868e-06 1.8927582747124126e-08 0.001
4571 1.1323759627599364e-06 2.3011734759331911e-06 2.358540953132967e-07 0.001
4572 4.2057650137740695e-07 1.4520553108041887e-06 1.1826537103464714e-07 0.001
4573 1.0145912242375935e-06 1.435413142440544e-06 4.6849921503192056e-08 0.001
4574 5.8999719096346074e-07 2.4202268703850074e-06 4.368923683520403e-09 0.001
4575 1.1806262371072091e-06 1.215039618996303e-06 5.1496867303558075e-08 0.001
4576 1.2365411720034502e-06 1.4672805190567911e-06 8.8445963308680757e-08 0.001
4577 2.3222987577027936e-06 2.2735521497730223e-06 8.114394313689231e-08 0.001
4578 5.1408470221226515e-07 8.3595878293926648e-07 5.0831437217023523e-08 0.001
4579 1.9434447602884872e-06 1.4572368590593598e-06 1.2585617556449594e-08 0.001
4580 6.3454277240279695e-07 7.9606698756103141e-07 1.2913523615821546e-07 0.001
4581 1.9850355896278643e-06 1.2911437937355271e-06 1.9767890098097124e-07 0.001
4582 1.7858179325648559e-06 1.3406905138255068e-06 1.3796718353721681e-08 0.001
4583 1.7346877492844398e-06 1.221512841928329e-06 5.4106378977070231e-09 0.001
4584 1.5834647489917898e-06 4.4882256284100265e-07 6.9511525409455862e-09 0.001
4585 6.685463581188102e-07 1.112738279415122e-06 1.2652634146575864e-07 0.001
4586 1.9643114267754677e-06 1.4183602967256417e-06 4.9960314984557964e-08 0.001
4587 1.6710009547571838e-06 1.6199856582652225e-06 1.7333172447060403e-07 0.001
4588 9.5119489121234586e-07 7.2972972977196034e-07 2.2524815307375068e-09 0.001
4589 2.505957766074741e-06 1.6857285601718487e-06 7.3251421076750691e-08 0.001
4590 1.1212562292381597e-06 1.0249616076130194e-06 4.5272100729438227e-09 0.001
4591 1.7431882815714061e-06 2.0007395908236167e-06 4.727529237647218e-09 0.001
4592 1.7859771312170527e-06 2.5802691106722177e-06 1.0834332852615893e-07 0.001
4593 1.9591141951623791e-06 1.875448535131965e-06 3.2195894630668114e-08 0.001
4594 4.2580785173793787e-07 1.8381608578665067e-06 6.2182103566771884e-08 0.001
4595 1.8176992451079557e-06 1.2887456951784172e-06 3.1123831873771167e-08 0.001
4596 2.6043753336440265e-06 2.0872602577544985e-06 8.3472323279841741e-08 0.001
4597 8.1948011490999017e-07 8.9149485947400244e-07 2.1167205491883784e-08 0.001
4598 6.5968980650712909e-07 1.8491354924005659e-06 3.5373463906346492e-09 0.001
4599 5.8317009648737612e-07 2.469519887722329e-06 4.6519775698512084e-09 0.001
4600 2.4497478978971189e-06 1.9527123648766329e-06 4.8058745878455494e-09 0.001
4601 5.7159218102689824e-07 5.2031954852791126e-07 5.5012816007059813e-08 0.001
4602 1.0916955065746772e-06 1.2500001383549845e-06 2.1321802680425912e-07 0.001
4603 1.459573655545683e-06 2.0468150570791043e-06 5.2888121448969482e-09 0.001
4604 2.3277490437152362e-06 1.9303002902455425e-06 7.9660325094127004e-09 0.001
4605 1.7224508588195256e-06 7.5334397394021272e-07 2.7643532347751846e-09 0.001
4606 1.7242496491283492e-06 4.7981988419048254e-07 2.3469391554974547e-08 0.001
4607 1.7613294005477592e-06 1.3290964942383262e-06 2.5134600642731521e-07 0.001
4608 2.5886954058534751e-06 1.5534285521036265e-06 6.001764175663055e-09 0.001
4609 8.4691668107654398e-07 1.119539419985714e-06 3.1919553949307779e-08 0.001
4610 8.4177233302036865e-07 1.305258659849468e-06 6.1984655096221369e-09 0.001
4611 6.0686329348968066e-07 5.9858475914538861e-07 2.8712049341434539e-08 0.001
4612 2.2709350962122622e-06 7.0016758190914885e-07 2.4338091668424697e-08 0.001
4613 1.7110052088876713e-06 2.5348325920257823e-06 8.118188463072815e-08 0.001
4614 1.3385417001451961e-06 4.0569300071347015e-07 1.2636569822015365e-07 0.001
4615 1.371285173130644e-06 1.0572738183338654e-06 1.3549230617478709e-08 0.001
4616 1.7622972065520549e-06 1.5391954564945604e-06 3.9511284784160014e-08 0.001
4617 2.0217589983293471e-06 2.3514435407704815e-06 3.658084567672474e-07 0.001
4618 7.9106335127687799e-07 2.1785068946147606e-06 2.5887248084039094e-08 0.001
4619 1.8711967808655918e-06 1.7117185439789453e-06 3.3267350400287396e-07 0.001
4620 2.1113149846459039e-06 2.0817202017235756e-06 6.4023559410995459e-09 0.001
4621 7.3464691964012882e-07 2.1678732433377727e-06 3.3995811342599024e-08 0.001
4622 1.7468220979704058e-06 8.4809664279320546e-07 1.6111563460028688e-08 0.001
4623 1.4301619465350513e-06 1.5651637815282295e-06 4.2176755895221796e-08 0.001
4624 4.7731946427956137e-07 2.1152679674888103e-06 2.0680336335806412e-07 0.001
4625 2.0179587513905279e-06 1.3855110046693091e-06 8.2781568763670414e-09 0.001
4626 1.8826214331164564e-06 3.9189547159808958e-07 9.5016263821801222e-08 0.001
4627 8.7726049543790714e-07 1.1543656434339861e-06 2.6393700810977767e-08 0.001
4628 8.9058426229548858e-07 2.3452655387166673e-06 3.7219759466927433e-08 0.001
4629 1.1094953328871577e-06 2.4107362963191061e-06 1.6315771019362533e-08 0.001
4630 1.5194465330524243e-06 5.8371364493101135e-07 1.6265743341990011e-08 0.001
4631 2.3749862844456477e-06 2.531574364366436e-06 1.4531015383678161e-08 0.001
4632 1.4700957870968537e-06 8.4854444262230692e-07 1.3888492931403564e-07 0.001
4633 2.0483367599789892e-06 7.4919474880320277e-07 1.567843882871185e-08 0.001
4634 1.3150797128219379e-06 2.0838616193758945e-06 1.0878052824541992e-07 0.001
4635 1.3684570265673739e-06 1.1649003167426344e-06 1.4641032948487938e-07 0.001
4636 1.0201239612600183e-06 1.0101034104773642e-06 1.7508838167932103e-08 0.001
4637 1.3552627706222262e-06 1.8321833520028875e-06 1.3032837860822448e-08 0.001
4638 6.1894671210922654e-07 1.1829850828311437e-06 3.5373991021567011e-08 0.001
4639 2.4539444735559232e-06 5.9807597619374686e-07 2.3078725156196422e-08 0.001
4640 1.6781408231536711e-06 1.0277712481373767e-06 2.4134460160262908e-07 0.001
4641 2.327492939892478e-06 1.646188980168188e-06 2.2863575691443686e-07 0.001
4642 1.6244494055796624e-06 1.5065490524999076e-06 1.5126533220330677e-08 0.001
4643 1.2119751556552213e-06 1.8642526267249774e-06 1.9716916107781346e-07 0.001
4644 1.7361119117327473e-06 1.4034737632883486e-06 1.5874367231337699e-08 0.001
4645 2.5839334705008027e-06 1.3997906473083299e-06 1.1300430176339246e-08 0.001
4646 1.2992034570451938e-06 1.0308994182370269e-06 5.9492023140688849e-08 0.001
4647 6.819982784903138e-07 1.3618748718787438e-06 4.2513914169582916e-08 0.001
4648 1.7317849608497574e-06 2.4581480610266349e-06 1.2336215658182155e-08 0.001
4649 2.0491965031401292e-06 2.3745922883470752e-06 8.5522354762801731e-08 0.001
4650 9.8876395373855149e-07 1.2510256773695713e-06 5.6965380051170861e-09 0.001
4651 1.0793641811850502e-06 1.2593668384511477e-06 8.8898671822470095e-09 0.001
4652 1.5642373895955016e-06 8.9763649253239051e-07 9.7292506961710691e-08 0.001
4653 4.3863599040363632e-07 9.3722197548684774e-07 1.1550776160091169e-07 0.001
4654 2.2727237498551258e-06 9.9098617012527314e-07 2.7029774319660323e-07 0.001
4655 2.5946546606482557e-06 1.0487225586883785e-06 5.5683607697561582e-09 0.001
4656 2.5092230999668437e-06 1.4569241345400259e-06 2.2012340077263117e-08 0.001
4657 1.7260494220246146e-06 1.5293266682981036e-06 4.8540702189430283e-09 0.001
4658 1.9917699033795622e-06 2.6230732759229195e-06 2.7890139503322002e-07 0.001
4659 5.5390745142797582e-07 2.0229347607880028e-06 4.9396712417739793e-09 0.001
4660 6.8937878686623872e-07 1.7613137986422012e-06 2.372085211564202e-08 0.001
4661 2.5436667821954163e-06 1.6986863396519264e-06 3.4620384823628558e-08 0.001
4662 9.1360589363414743e-07 4.2239444844040451e-07 2.5687505459201409e-09 0.001
4663 7.6582794576327693e-07 1.3663772505126748e-06 1.8559482808424317e-07 0.001
4664 4.300227450337011e-07 1.8558631351722197e-06 3.6588771376098725e-09 0.001
4665 5.0405119980303983e-07 1.6419156385202105e-06 1.3260073325195853e-08 0.001
4666 2.1992728394616479e-06 2.2462194028910258e-06 1.5048707962213901e-07 0.001
4667 1.7629182952163941e-06 1.7904146876140066e-06 7.6309883347487129e-09 0.001
4668 1.3152370561246342e-06 1.3687487662847958e-06 2.9368378663887972e-09 0.001
4669 1.5572818296441137e-06 2.2063201733419554e-06 1.9145386675600752e-08 0.001
4670 1.6346475724379886e-06 2.3465533009948412e-06 4.8614691528796617e-09 0.001
4671 1.6086328244911779e-06 2.0944259182208372e-06 1.0562560081354305e-07 0.001
4672 2.5657584218196627e-06 2.0846968041793977e-06 2.7135249096269036e-07 0.001
4673 2.5112619766634065e-06 1.879594633467331e-06 1.8847507053535332e-07 0.001
4674 1.274003697833949e-06 7.7117106432432985e-07 8.1673513936823658e-09 0.001
4675 1.9934006059289938e-06 1.7398016096870452e-06 2.349453793542707e-08 0.001
4676 9.509207983991984e-07 1.6065490052047217e-06 1.0489667079593264e-08 0.001
4677 1.0252020760818334e-06 5.0484833401752936e-07 2.7640952917721359e-09 0.001
4678 2.5170546963113261e-06 1.1350757766005715e-06 2.0041859492122737e-08 0.001
4679 1.4997004467602038e-06 1.6683698794990518e-06 3.6543020685908062e-08 0.001
4680 1.9121275835423989e-06 5.258938735519682e-07 1.5694540180540515e-08 0.001
4681 9.2459421047906613e-07 2.1242379337439831e-06 8.1378850343944692e-08 0.001
4682 2.2524693793551614e-06 2.1929570245165533e-06 6.3103438748359841e-09 0.001
4683 1.8391756721723801e-06 1.0002730305064624e-06 2.6790695195223468e-07 0.001
4684 1.4647571969419772e-06 1.6248898334290749e-06 5.8838562056102189e-09 0.001
4685 7.3298044314924351e-07 3.9881925229152281e-07 5.945209939652924e-08 0.001
4686 1.5907022216317773e-06 1.7686402191277336e-06 3.1342451541125376e-08 0.001
4687 1.0219382085606837e-06 7.4036974158621368e-07 2.6981692972480551e-09 0.001
4688 1.1602212290762012e-06 1.0900345308856283e-06 9.6734602701941161e-09 0.001
4689 1.9498149382132119e-06 1.3721552745037527e-06 2.1830263650108828e-07 0.001
4690 2.2490524442532595e-06 1.8723356080948739e-06 5.5891741272373697e-08 0.001
4691 1.7135499673534682e-06 2.0740433658438977e-06 5.1160608465075475e-08 0.001
4692 9.4531352461836826e-07 2.2259628344929901e-06 2.5728831682194778e-07 0.001
4693 9.1194220713477926e-07 5.4234848187226191e-07 1.1958162856924676e-07 0.001
4694 1.9872123404433071e-06 1.8562277230970664e-06 4.9825553405427245e-09 0.001
4695 1.4191324731087646e-06 1.7063477065011851e-06 5.152427186279217e-09 0.001
4696 4.3432093018530569e-07 8.919929313885235e-07 2.6177974631278284e-09 0.001
4697 3.9237912576156306e-07 2.2151952782639406e-06 2.3663424774383429e-07 0.001
4698 6.1463375673288219e-07 1.5579493134827563e-06 1.3979247181354322e-07 0.001
4699 2.1862425158637141e-06 2.4063202236459146e-06 1.6022080383304923e-08 0.001
4700 6.4454230887855346e-07 1.5845008861639948e-06 8.5781288308156778e-09 0.001
4701 1.6647770238234631e-06 2.2673558547850393e-06 1.4238233736690533e-07 0.001
4702 6.3875301692410326e-07 2.3214526067023368e-06 2.5340103045615547e-07 0.001
4703 1.3444173384428441e-06 1.3833616252580996e-06 3.62402433618276e-08 0.001
4704 3.9380277264571279e-07 2.1793824345825281e-06 2.5413270964156799e-08 0.001
4705 1.9862281708860414e-06 2.3671938087231759e-06 8.5383511675004412e-08 0.001
4706 7.4012781103923552e-07 9.7193790936607636e-07 2.0450856443889037e-09 0.001
4707 1.5862014710992588e-06 9.5944761097358368e-07 7.9232915940220695e-08 0.001
4708 1.7391079851634609e-06 1.0957122262854463e-06 5.4698197676884955e-09 0.001
4709 2.4626451767881611e-06 2.4049350283709717e-06 3.5836118574574419e-08 0.001
4710 2.5614786089637188e-06 1.2830064568796077e-06 1.2838058799492954e-08 0.001
4711 2.0771989227651887e-06 5.8453601333994075e-07 3.6769163683387967e-08 0.001
4712 5.9982349417194806e-07 2.276000198724552e-06 2.0430995510313661e-08 0.001
4713 2.5797951181328526e-06 3.755921096589052e-07 1.8115222533897508e-08 0.001
4714 1.5824484721218624e-06 1.5308337187467186e-06 3.1791582909683438e-08 0.001
4715 2.2702995714901825e-06 8.5441306141619046e-07 3.3060661695780493e-08 0.001
4716 4.2532369484520394e-07 2.5652180944506514e-06 5.3009601630230425e-09 0.001
4717 1.7673902538257713e-06 2.2108299986417497e-06 2.5767460316634703e-08 0.001
4718 1.0126839880765868e-06 1.1194357491760823e-06 2.3478098538118442e-08 0.001
4719 1.6496740175300535e-06 1.6395110431179839e-06 6.9762273926836326e-08 0.001
4720 1.6587040304142617e-06 1.1335507613656642e-06 5.3086124072573461e-08 0.001
4721 1.2865727962713659e-06 1.7306136608112922e-06 6.7012932974143063e-08 0.001
4722 2.1750548071684492e-06 2.4431798198391254e-06 8.381273971578554e-08 0.001
4723 2.3383383888415002e-06 2.3100309435577467e-06 1.1972134983143734e-07 0.001
4724 7.884564900888081e-07 5.3765405149697374e-07 3.3589010709381537e-08 0.001
4725 1.2072289868185339e-06 1.8719021118138527e-06 8.4439795147552376e-08 0.001
4726 4.2969266460363883e-07 2.3676592280848991e-06 4.6346554647505783e-09 0.001
4727 9.0020827677649028e-07 1.8080521074846093e-06 1.598514660200731e-08 0.001
4728 1.6696352608958513e-06 4.8444526553398763e-07 4.7236199111520617e-08 0.001
4729 2.0883739124635782e-06 2.4099072769779717e-06 5.8178893176757125e-08 0.001
4730 2.4558543992457327e-06 1.9867535861393938e-06 2.6579743399438075e-07 0.001
4731 1.578218023935867e-06 4.440188970229034e-07 7.1992296063443835e-09 0.001
4732 1.432485931227185e-06 4.4922803010525613e-07 1.1832081363529184e-07 0.001
4733 2.5919323806530589e-06 2.2288518946692129e-06 9.7305171768389943e-08 0.001
4734 1.7420222443748568e-06 4.5838224793918098e-07 1.4428426595501965e-07 0.001
4735 6.54271169422576e-07 8.975186508985735e-07 2.9278479747195192e-08 0.001
4736 1.781084376956151e-06 4.6738059608076569e-07 1.50973906478778e-07 0.001
4737 1.4949699107853162e-06 4.0595543219173635e-07 1.0925633143845721e-07 0.001
4738 7.3051484620334053e-07 6.3162315120403492e-07 2.492163694670789e-09 0.001
4739 1.8078089205803957e-06 1.3278144200832593e-06 3.5810766718570197e-08 0.001
4740 2.2759098704867213e-06 2.5696739879418802e-06 1.6607041651948528e-08 0.001
4741 1.650728636032903e-06 2.613870955328367e-06 1.1766878398102337e-07 0.001
4742 5.1604861383643335e-07 5.6278871736548336e-07 2.7553608692746315e-09 0.001
4743 1.2917759646779899e-06 6.257823273540305e-07 9.4714606055557326e-09 0.001
4744 4.967795592586463e-07 8.0357782604937657e-07 2.265611866300899e-09 0.001
4745 2.1542295677259516e-06 1.899291817864027e-06 4.2690794857395557e-09 0.001
4746 1.0069274531919118e-06 1.8000176241332951e-06 6.7277932327145479e-08 0.001
4747 8.9312241078582015e-07 1.2157545035257911e-06 3.1333985191925423e-08 0.001
4748 2.0561684015462405e-06 1.2661008659250736e-06 5.5650581317693662e-09 0.001
4749 1.8211240715253258e-06 9.1619314648217946e-07 1.615883977554923e-08 0.001
4750 2.3045363680534625e-06 9.8051517580960009e-07 1.5773537565438453e-08 0.001
4751 2.5987677878563068e-06 1.064716151194443e-06 2.2697928260454028e-07 0.001
4752 5.9059690226621705e-07 5.6656257740889022e-07 2.0268889269931768e-09 0.001
4753 1.81666005509786e-06 1.7564043858175274e-06 3.8665528676906245e-09 0.001
4754 1.9668443487153429e-06 1.1786073946438075e-06 4.4448797668907875e-08 0.001
4755 3.7981033960226983e-07 1.5051640254227498e-06 6.3950610548426883e-09 0.001
4756 2.0209071801871517e-06 1.619864424840082e-06 2.2785257500845825e-08 0.001
4757 9.7540105325125191e-07 1.1630186429808826e-06 3.3207714963680055e-08 0.001
4758 1.3200953420839767e-06 7.2257059211437562e-07 2.5974090018128851e-09 0.001
4759 9.7236742900465456e-07 6.2709521533935867e-07 4.2603177552810719e-09 0.001
4760 5.6583962720036703e-07 8.7909167363791952e-07 4.1731490325148343e-08 0.001
4761 1.4003121596334474e-06 5.1179993742713796e-07 2.1996167465157656e-08 0.001
4762 1.1642750082762968e-06 2.013279583421747e-06 4.2958441866354124e-09 0.001
4763 1.1045987721621053e-06 6.0143427211136291e-07 1.5847060408490462e-08 0.001
4764 4.1586050473132289e-07 2.4881368299848042e-06 6.0586318201935582e-09 0.001
4765 1.7437744400749668e-06 1.3226935561867178e-06 7.1301983977901386e-09 0.001
4766 1.6115363383546582e-06 1.5028553864146171e-06 3.330060252169689e-09 0.001
4767 1.0610379903299308e-06 5.4176635689269732e-07 2.2836799869419019e-08 0.001
4768 7.8816344434327036e-07 1.1725181408145034e-06 4.5477942161750245e-08 0.001
4769 1.7517779435744355e-06 9.5929464286934455e-07 2.5921227163862147e-08 0.001
4770 1.2486498631126676e-06 1.4763987688653563e-06 5.5054371633602663e-09 0.001
4771 2.4688276303794153e-06 1.9012497826468635e-06 1.2827667884854646e-07 0.001
4772 9.1618320220303312e-07 9.5007995261664087e-07 2.1359363934098233e-08 0.001
4773 1.9358393429368387e-06 2.5723635984453272e-06 2.7698018640583431e-07 0.001
4774 7.6258889501087195e-07 1.961240318133782e-06 7.5015576403456512e-09 0.001
4775 1.4414697932475453e-06 7.7819861519786528e-07 2.401116638034726e-09 0.001
4776 2.5798683525436258e-06 2.3238638643534424e-06 3.8888593289127739e-08 0.001
4777 1.1319503868680219e-06 1.971556467953674e-06 2.1947603702589757e-08 0.001
4778 1.6606257466942232e-06 1.6566341413274193e-06 2.9020236413286473e-07 0.001
4779 1.4983529443479966e-06 6.8791955357141827e-07 7.8840966523974376e-08 0.001
4780 1.1863472438856487e-06 1.6483449778588124e-06 4.3302468833261282e-09 0.001
4781 4.7743504161220834e-07 1.6225739370427169e-06 8.0294075367498371e-08 0.001
4782 1.8110043643316787e-06 1.8807683106034643e-06 6.9530337969637015e-08 0.001
4783 1.2870397997089896e-06 6.2471510153387001e-07 3.5273019157776904e-09 0.001
4784 1.175662583513996e-06 1.7877758354051614e-06 1.2073234752696178e-08 0.001
4785 2.4017791732998109e-06 2.2634282654403425e-06 1.1161788702396833e-08 0.001
4786 2.0249043380399784e-06 1.8302428375087764e-06 5.7529569713354702e-08 0.001
4787 1.873168192037892e-06 1.2146454646777047e-06 3.9715024331688146e-08 0.001
4788 1.3660483582559249e-06 6.199413793449609e-07 8.0130861130104145e-08 0.001
4789 8.1120108782927774e-07 2.5754519748871245e-06 1.6947959459841731e-08 0.001
4790 1.7704357760107755e-06 2.330768765138001e-06 8.827517353633039e-09 0.001
4791 1.21474149770691e-06 2.5484662679513797e-06 2.6632489788689262e-07 0.001
4792 1.0900320663306078e-06 9.7509270233800848e-07 4.0856079879234436e-09 0.001
4793 1.3239250477241851e-06 1.5526168434155817e-06 3.5185041272692341e-08 0.001
4794 1.8435190399494578e-06 2.5263829519059828e-06 1.3516921146560237e-07 0.001
4795 1.2150111712170215e-06 1.396716007652456e-06 1.2415610104950411e-07 0.001
4796 2.4281698773831136e-06 1.8226348707063918e-06 4.5526279622747407e-09 0.001
4797 5.9777263614507733e-07 1.473545571879897e-06 2.3573870743126821e-08 0.001
4798 1.927996163614307e-06 1.7036926236952941e-06 9.8535235589651445e-08 0.001
4799 1.3089981257397763e-06 7.6069381983050236e-07 6.0943573110339136e-08 0.001
4800 2.6178004131593365e-06 1.6236270443377502e-06 1.7164022857514657e-07 0.001
4801 2.590554954756409e-06 1.7433601921904714e-06 5.3923278237635936e-09 0.001
4802 4.331601631468229e-07 1.7032374271870566e-06 1.4612038080812632e-08 0.001
4803 1.7043188044185852e-06 8.1572787078020879e-07 4.3808753366863507e-09 0.001
4804 7.8576591203075976e-07 1.5248106106971722e-06 2.9465073401179705e-08 0.001
4805 1.4990546103606284e-06 2.5762517888458262e-06 1.0981263020830811e-07 0.001
4806 7.2401055725446949e-07 6.7003397701510498e-07 9.2634037342199537e-09 0.001
4807 1.2765099151598297e-06 1.8975390431736188e-06 5.6776244057866436e-09 0.001
4808 2.6159403591016052e-06 2.0157199177016679e-06 6.3947766116226601e-08 0.001
4809 2.4310320867844404e-06 2.2073609263333161e-06 2.8826858944774844e-07 0.001
4810 1.7917004873734082e-06 4.2002328851317246e-07 4.3832491281482362e-08 0.001
4811 2.2619450210581035e-06 8.4232706903920715e-07 1.1697155216685079e-07 0.001
4812 1.3393859758109005e-06 2.5557286815062031e-06 1.4366465851274725e-08 0.001
4813 2.1863177644134319e-06 1.5978417499668698e-06 7.2011613289403154e-09 0.001
4814 1.583680885881814e-06 1.4391600292922142e-06 2.8218829908135533e-07 0.001
4815 6.5009871249549386e-07 2.4350782927094742e-06 2.7211093495789968e-08 0.001
4816 1.9473752187561038e-06 2.4624979623744916e-06 2.9537510338674986e-07 0.001
4817 1.4480972253832546e-06 1.4779686251827326e-06 8.7777793155017667e-08 0.001
4818 1.4631075315286681e-06 2.4910965776403979e-06 3.1461030481822558e-08 0.001
4819 7.513570455163039e-07 1.1940656154504509e-06 3.7969788425210497e-09 0.001
4820 1.4086134954785661e-06 1.5303700902104046e-06 5.4269736591061388e-09 0.001
4821 1.5235521925132718e-06 6.8694993067926791e-07 3.4283135782558397e-08 0.001
4822 1.8109730049976547e-06 2.0456834006606744e-06 2.2702747309028248e-08 0.001
4823 2.6226181708207137e-06 7.1116314572579034e-07 5.3395087745115833e-09 0.001
4824 2.3656089131774867e-06 2.3636179675153748e-06 2.1369054440814102e-07 0.001
4825 1.9092788647785796e-06 2.4743894601649451e-06 6.9079922741412322e-08 0.001
4826 4.5132484095729094e-07 8.7954211902976485e-07 3.4658433469557904e-09 0.001
4827 1.9166487235679121e-06 9.160873833603334e-07 2.040311951750794e-08 0.001
4828 2.0649877792242007e-06 2.2729495827466972e-06 3.1310814640135775e-08 0.001
4829 1.9857493345686373e-06 5.168295952663842e-07 1.0968467297974318e-08 0.001
4830 7.9775777204294588e-07 1.0204105136980249e-06 9.1587368599867671e-08 0.001
4831 2.5721694126381039e-06 1.7321543822778389e-06 2.3139393261773295e-08 0.001
4832 2.4456011717223836e-06 2.5056847070436003e-06 6.4747872881650597e-09 0.001
4833 8.5573675915659125e-07 8.2839956741750381e-07 4.7386318708234187e-09 0.001
4834 2.0815456449229977e-06 2.4175128919637774e-06 3.8988293734201841e-08 0.001
4835 7.0201762959469073e-07 5.1155461076830461e-07 1.0951187227272208e-08 0.001
4836 8.4041533473857479e-07 9.5299643529094058e-07 3.727583840741272e-08 0.001
4837 2.4005907409554627e-06 2.5877862173796117e-06 2.1029703757987457e-07 0.001
4838 1.6662934273418416e-06 1.0263521346749847e-06 4.6063302507549127e-08 0.001
4839 1.8501166660245559e-06 2.2655646123742978e-06 1.1414254621272677e-08 0.001
4840 6.6817472835590147e-07 1.6948734770999047e-06 1.4451023819245423e-08 0.001
4841 1.9055727769062318e-06 1.6482090601103354e-06 2.6927627171643366e-07 0.001
4842 7.7814897768199039e-07 2.603924448264577e-06 4.6583290650601296e-08 0.001
4843 1.7989214186302707e-06 1.0180202001018081e-06 9.2680884372028988e-09 0.001
4844 8.9493778072365819e-07 1.6304819524741115e-06 1.4340570757021991e-07 0.001
4845 5.4485768266866483e-07 1.2570494343557563e-06 1.0033583352752908e-07 0.001
4846 2.3443660430994558e-06 2.5383267125094575e-06 9.7798895493166329e-08 0.001
4847 1.1472617133549864e-06 1.225175429337526e-06 7.5927589126934039e-09 0.001
4848 2.0431998226069954e-06 4.5883745548634544e-07 5.4628367991286892e-08 0.001
4849 1.8467725951510868e-06 2.3459944996076298e-06 3.2080601686839117e-07 0.001
4850 2.2382137990643014e-06 1.9116807884185275e-06 1.4209720066326353e-07 0.001
4851 1.0117979440801098e-06 4.3970336012106781e-07 2.9772580571482856e-08 0.001
4852 1.7820500147581428e-06 1.8974589933700698e-06 4.605899150799002e-09 0.001
4853 2.1640592568011074e-06 2.4965591022001226e-06 1.1932360485691505e-07 0.001
4854 2.2368098898075317e-06 2.5733440903015395e-06 1.3750687244848591e-08 0.001
4855 2.461191953434346e-06 1.4915150090160578e-06 1.2865852240467725e-08 0.001
4856 1.0957757261865147e-06 2.3027107812187446e-06 4.6135349666534765e-09 0.001
4857 2.3364506008642336e-06 1.0415029417894598e-06 2.5807877757752967e-08 0.001
4858 1.1519241196609028e-06 1.5147227164228898e-06 8.9740477108646155e-09 0.001
4859 6.6651266868126065e-07 5.7054658356545482e-07 7.6552384640755341e-09 0.001
4860 1.0143181802478656e-06 1.6218724231188037e-06 6.6258632303187052e-08 0.001
4861 7.9854338493424028e-07 1.778413935473613e-06 9.1160585410282532e-08 0.001
4862 7.9549206602391011e-07 1.5837627358422959e-06 7.7466854972178493e-08 0.001
4863 1.4927315442998257e-06 9.9055413215848573e-07 2.0674793627544053e-07 0.001
4864 5.9063699161665263e-07 1.5811707522414342e-06 7.1692314711327471e-09 0.001
4865 6.3257421942039755e-07 4.3174200387707354e-07 1.0160962534276439e-08 0.001
4866 1.1039900698431984e-06 1.9306806983546396e-06 6.6296322393937465e-08 0.001
4867 1.5022272368609691e-06 2.2112300925111844e-06 6.2656465542530685e-09 0.001
4868 9.7669129067934124e-07 6.3715750745079023e-07 7.9308018548965855e-09 0.001
4869 6.1133184307342936e-07 1.4116454711540118e-06 5.5775437073481751e-09 0.001
4870 2.149028171075659e-06 1.0043749951389584e-06 8.798900185506834e-09 0.001
4871 2.051503258057004e-06 2.2183782828677611e-06 9.331597024266241e-09 0.001
4872 4.9259427204992447e-07 8.7268331158473982e-07 1.8550581216117244e-08 0.001
4873 6.7922416351762922e-07 1.1485447666575187e-06 1.4836545503902337e-07 0.001
4874 1.7573453959155104e-06 2.3236671397464383e-06 1.7227989061452585e-07 0.001
4875 2.0077836484395691e-06 6.1179896464392468e-07 1.0882098870509423e-08 0.001
4876 1.0725371160058461e-06 2.3334492530146073e-06 1.9100190128466786e-07 0.001
4877 8.6791838791612583e-07 1.6946979873943159e-06 1.0154757372562663e-08 0.001
4878 9.4335418421058475e-07 6.6190208856388309e-07 1.2649045045117899e-08 0.001
4879 2.1028441140871912e-06 2.5169515087210915e-06 5.321381980530031e-08 0.001
4880 1.1317473741557933e-06 2.5968434913848619e-06 2.7363902483111345e-07 0.001
4881 1.6206178504995711e-06 1.9712182350371086e-06 2.9379560811885875e-08 0.001
4882 1.6510462254160942e-06 2.1381203577364417e-06 2.6223277980012882e-07 0.001
4883 9.1083292345764028e-07 1.7818849873483723e-06 2.3626887173180208e-08 0.001
4884 1.4501488548236022e-06 2.3177657023988513e-06 3.6324742789010158e-08 0.001
4885 1.3331012743843954e-06 1.6242045555587289e-06 1.8618465480691089e-08 0.001
4886 1.6692814342016024e-06 4.5652537150178657e-07 3.5361773740819694e-09 0.001
4887 2.6107593365059255e-06 1.824802305511115e-06 1.7342070853639092e-07 0.001
4888 2.3863534800710182e-06 1.2400751854589496e-06 5.0169323390006855e-08 0.001
4889 2.3936953622831914e-06 1.2719126420583694e-06 8.3776028527243815e-08 0.001
4890 2.5060431160212456e-06 1.5735032960921e-06 5.6924606466320185e-09 0.001
4891 2.4283226907237118e-06 2.5466293132891637e-06 1.8240716526717525e-07 0.001
4892 6.8950448301456006e-07 1.6189199317811654e-06 2.052361607870004e-08 0.001
4893 2.0602838435812217e-06 4.1763598181287751e-07 1.1904276294289018e-08 0.001
4894 5.9759429744744649e-07 1.5620109870307187e-06 2.3420900511347873e-09 0.001
4895 1.3840337713562885e-06 2.4111366133512216e-06 1.5636918312540106e-08 0.001
4896 6.186018968949011e-07 2.1045736057727062e-06 1.3214461618957143e-07 0.001
4897 2.0395878132078692e-06 2.6233416146310441e-06 2.3224442641987575e-07 0.001
4898 8.1588316856830133e-07 4.004212121820964e-07 6.6710125911640365e-09 0.001
4899 1.323677779207585e-06 6.471294781980612e-07 9.004105915977836e-08 0.001
4900 1.9272787453709086e-06 2.1338060592067564e-06 4.7450032379226302e-09 0.001
4901 1.1764846769904989e-06 2.3061291535297581e-06 1.2776920940643146e-08 0.001
4902 1.8779488235419647e-06 1.5835719956260873e-06 7.9025303610411949e-09 0.001
4903 1.1272414007043801e-06 2.5307928752188742e-06 1.1711932197766653e-08 0.001
4904 1.7287607631006264e-06 8.8303939336328652e-07 2.7161497694480629e-09 0.001
4905 2.3341939631537194e-06 1.9194369979660026e-06 1.4458668290791651e-08 0.001
4906 2.3898973689063358e-06 1.6570446102017184e-06 2.0973730802383646e-07 0.001
4907 1.7491120818382596e-06 7.3250786917546207e-07 3.7556155420734853e-09 0.001
4908 2.3648424570016881e-06 2.0396262294124094e-06 1.4093931369705582e-08 0.001
4909 4.0156246610123585e-07 7.9174182154364751e-07 6.6680188300085793e-08 0.001
4910 1.8353007111864472e-06 5.5512526218144583e-07 1.3272827864530773e-07 0.001
4911 2.1145312301111056e-06 1.1657386075881641e-06 4.6708826600518615e-09 0.001
4912 1.0619476144909378e-06 4.9890704793918584e-07 8.4764285145612381e-08 0.001
4913 1.5626713177025754e-06 4.713676658008144e-07 6.7440892211671782e-09 0.001
4914 2.4085727966030639e-06 2.2866503492553693e-06 2.2348119168878505e-08 0.001
4915 7.6376751313093477e-07 2.3256865806624438e-06 1.1370798966412602e-07 0.001
4916 1.6593293626988076e-06 1.1280843883435942e-06 1.5676720015657518e-07 0.001
4917 1.9492608931289261e-06 1.7826866127568945e-06 2.4687678104283135e-07 0.001
4918 2.0974950270877616e-06 7.1318800588393374e-07 7.9109740318979791e-08 0.001
4919 1.6395033565755511e-06 1.6315799007606302e-06 4.5994924403944207e-08 0.001
4920 9.7326334660278325e-07 6.9658507063792135e-07 1.085550398376809e-07 0.001
4921 2.1156129825349957e-06 6.4106141135427681e-07 4.2627472703028426e-08 0.001
4922 7.5221227951209097e-07 5.4650510930471426e-07 1.8780524661298479e-08 0.001
4923 1.8900447874802561e-06 1.815122969872294e-06 9.8508621882561414e-08 0.001
4924 2.376435685976161e-06 1.2050227763454488e-06 7.2100852781774826e-08 0.001
4925 5.6853373182853778e-07 1.5840036834828182e-06 1.1196624583602988e-07 0.001
4926 5.6176354353998261e-07 2.0776486953877831e-06 3.8512244463696718e-08 0.001
4927 4.8522413548965833e-07 2.2697698039164571e-06 2.8077461206470389e-09 0.001
4928 5.7113608968405096e-07 7.9947800009727661e-07 3.067023178945577e-08 0.001
4929 2.5863608933847366e-06 2.2523753227552026e-06 3.5628809745237213e-07 0.001
4930 5.4318442037356182e-07 2.0627736530064984e-06 4.6720274422595304e-08 0.001
4931 1.3728901344137036e-06 8.123476182467987e-07 1.4807507019775996e-07 0.001
4932 1.2208555903112326e-06 2.0583235977510313e-06 3.1536094500046617e-08 0.001
4933 1.5164493234115224e-06 1.6980545097695082e-06 9.1383215673072981e-09 0.001
4934 1.697002614254322e-06 1.9505272989793805e-06 9.3035860291513226e-09 0.001
4935 2.3014066076386201e-06 1.5703068928890257e-06 4.9433181904678929e-09 0.001
4936 1.3481640458701116e-06 1.8391859321975998e-06 3.1092774764827665e-08 0.001
4937 8.3893950006634921e-07 1.2066770038211764e-06 1.0902068598665323e-07 0.001
4938 1.5559795454129911e-06 1.2506717264476161e-06 5.9750206690566396e-09 0.001
4939 1.3503585185898965e-06 8.4855677576355576e-07 7.9889820588953428e-09 0.001
4940 1.4908241099465685e-06 1.0131968201522247e-06 1.5996772595178994e-08 0.001
4941 1.2291341575771813e-06 2.2966086180392234e-06 6.1076901479686864e-08 0.001
4942 4.0923384007152169e-07 1.2726447646392253e-06 1.3381663521726475e-08 0.001
4943 2.0541818427030549e-06 1.2120506790174126e-06 3.7878891538725668e-09 0.001
4944 2.189679869709978e-06 1.4167297907927779e-06 4.0529048882588089e-08 0.001
4945 2.0656397365230084e-06 1.7616540278240684e-06 1.3476487271934507e-07 0.001
4946 1.7158683603540673e-06 1.1461989630281703e-06 4.1359697667321997e-08 0.001
4947 2.4937070456664663e-06 1.0508080970891559e-06 1.6435369987649321e-07 0.001
4948 1.6253777262607581e-06 5.360821302470376e-07 6.6761131510823693e-09 0.001
4949 2.567033883150801e-06 2.1346407235408969e-06 1.8899559455834971e-07 0.001
4950 1.4316673269677879e-06 1.6198673876244438e-06 2.0820925063246783e-08 0.001
4951 2.1034053763442233e-06 4.1085760468814201e-07 1.2976634892290478e-07 0.001
4952 7.4180272670286855e-07 1.8217174759631453e-06 1.2085573145220819e-07 0.001
4953 2.3028435146283878e-06 1.5801121256145029e-06 2.3604385070953108e-07 0.001
4954 2.3635764413696631e-06 1.6025345488517328e-06 3.30434553441054e-07 0.001
4955 1.1785984585083466e-06 5.0000976694615342e-07 6.9454906669566123e-08 0.001
4956 1.7402968878722679e-06 1.0516219954515229e-06 3.5219564207676114e-08 0.001
4957 6.192053297215539e-07 2.0381889664485626e-06 6.1592528988250488e-08 0.001
4958 1.0177398213172388e-06 9.6346186819492422e-07 1.1125639261740792e-07 0.001
4959 4.3919324744813075e-07 8.8847385069465485e-07 6.035214236616348e-09 0.001
4960 8.575429534154306e-07 1.7705173195847243e-06 2.2852223614085062e-07 0.001
4961 1.8684289365113205e-06 8.8652576640676203e-07 1.0107424984006214e-07 0.001
4962 1.4922070977393877e-06 2.5355232386898036e-06 9.42925174947249e-09 0.001
4963 1.7350857183876931e-06 1.9896477698393105e-06 1.1954786682914199e-07 0.001
4964 1.4358870906871096e-06 1.5922986833398599e-06 7.3125509779676141e-08 0.001
4965 2.4570777923391991e-06 1.7948352802017557e-06 4.9535736630592469e-09 0.001
4966 9.3570233503686244e-07 2.4351974443837064e-06 1.8869963790046045e-07 0.001
4967 2.0569978308332618e-06 2.0954372643579527e-06 4.7334711018504339e-08 0.001
4968 1.7650236078221179e-06 1.0687903640524919e-06 1.6011576007967126e-07 0.001
4969 2.3450827985592114e-06 7.8829682617826207e-07 1.9473555312724544e-08 0.001
4970 1.0911971183278328e-06 1.9640487653028485e-06 1.2861642828032062e-08 0.001
4971 1.5281397833832602e-06 1.9431646687869817e-06 1.7534144232492734e-07 0.001
4972 1.2682262941498641e-06 6.6331224254094394e-07 1.6271505395402794e-08 0.001
4973 9.336516934377237e-07 1.214683141946872e-06 3.3786222951051016e-09 0.001
4974 2.1612192227636013e-06 1.3153381515436646e-06 2.3199696186066617e-08 0.001
4975 1.591490979039583e-06 8.221868164373144e-07 2.1931614895082791e-08 0.001
4976 8.5316117723240247e-07 1.2205197648153578e-06 4.0117124165979116e-09 0.001
4977 2.5775337390815303e-06 1.9154745162830763e-06 2.0580332112310934e-07 0.001
4978 1.2054828544386455e-06 1.6846490575704016e-06 1.5372419275997955e-08 0.001
4979 1.4751450357619708e-06 1.6451715979811241e-06 4.5636103315167833e-08 0.001
4980 2.159336736950626e-06 2.5487550042052351e-06 4.0485833526533475e-07 0.001
4981 1.9290048892740655e-06 1.635005349057075e-06 1.6963022367426476e-08 0.001
4982 4.9116242993616012e-07 1.6618611271800138e-06 1.9701240848089402e-07 0.001
4983 9.0613823558739574e-07 1.917166043467944e-06 2.986728476619026e-08 0.001
4984 1.3706014789501009e-06 1.8864367654084239e-06 9.3942052368123403e-08 0.001
4985 1.097008282596794e-06 2.294041804759919e-06 4.7059808983463906e-08 0.001
4986 3.9764816568510029e-07 1.3593645229451015e-06 4.4018662293899752e-09 0.001
4987 2.5832138719637093e-06 9.664639356966788e-07 1.1423204088726646e-08 0.001
4988 7.2484849477886921e-07 1.7596094720365642e-06 2.0650758479840517e-07 0.001
4989 1.7809548646083754e-06 8.9176993235176237e-07 2.7039625741518824e-09 0.001
4990 1.0791313617330631e-06 1.8146039930670769e-06 6.1373275990729125e-09 0.001
4991 2.6135524131740796e-06 2.5762395405132315e-06 8.0987686819738015e-09 0.001
4992 2.2085981711002418e-06 2.4498066862485709e-06 2.1938270357664517e-08 0.001
4993 6.3178447459491659e-07 6.6478069955101033e-07 1.7598388425572475e-08 0.001
4994 1.2194880794924037e-06 5.5428718095858593e-07 3.2763829389926346e-08 0.001
4995 1.3395204958900522e-06 1.5692267783702537e-06 4.9930728226941109e-08 0.001
4996 1.9755862532190243e-06 2.4310405640572953e-06 3.3198706739088244e-08 0.001
4997 1.369774522909453e-06 1.7641317833383477e-06 3.2340439101599564e-09 0.001
4998 9.1318318010201874e-07 8.365446804291118e-07 1.1954534845224507e-07 0.001
4999 3.7762171992128132e-07 4.1654859868095462e-07 2.5888759305262826e-08 0.001
5000 1.3610302738629764e-06 2.4278251443196063e-06 1.5143926367306278e-08 0.001
5001 2.4454634448149224e-06 1.0197023566983338e-06 1.0028133192326154e-08 0.001
5002 1.0582374934037766e-06 2.0989266366361582e-06 3.0033660592567362e-07 0.001
5003 1.5952865998383818e-06 2.3460465283702858e-06 2.3189655694319613e-07 0.001
5004 7.3043906398549547e-07 5.2227468353994499e-07 9.3338991860972377e-08 0.001
5005 7.1862977269313319e-07 2.2770021271033907e-06 2.0190703271561582e-08 0.001
5006 6.1135487854588107e-07 1.3191549864758457e-06 3.1044421762946638e-08 0.001
5007 2.5269889562874083e-06 2.0209498619105811e-06 2.2471265578697564e-07 0.001
5008 8.4351539350188903e-07 2.5396888157942003e-06 1.3893382575908964e-07 0.001
5009 1.0865976447744573e-06 1.2142394254058183e-06 4.777923188189383e-09 0.001
5010 6.2649022939492867e-07 1.0939412319156087e-06 1.5842653710084177e-07 0.001
5011 1.327977243017837e-06 1.5611407201287468e-06 4.1967200663606009e-08 0.001
5012 4.2576873986399659e-07 2.5923655973926739e-06 5.499531652261578e-08 0.001
5013 1.4870815978168605e-06 1.5301009044558357e-06 5.3427889934510564e-09 0.001
5014 4.3445400685083989e-07 7.4527719912478391e-07 1.1204352869358258e-08 0.001
5015 2.1201694271928302e-06 9.8636626956547488e-07 2.5985876527093685e-07 0.001
5016 2.2708166788988998e-06 1.0130029240581678e-06 3.6252886456516343e-09 0.001
5017 2.2720262920650607e-06 5.9507892636881395e-07 1.0633439562684989e-07 0.001
5018 1.6274720469502872e-06 1.7703074196929874e-06 2.40419857598931e-07 0.001
5019 2.5964647772055546e-06 9.5573128415731731e-07 1.4667560157045935e-08 0.001
5020 2.2576471986645868e-06 2.0113530898604884e-06 9.3748277598592664e-08 0.001
5021 9.9841813839605946e-07 2.3919915807019782e-06 1.0656561532570576e-08 0.001
5022 1.9034695962800311e-06 1.4248692878212924e-06 4.8913600739860105e-09 0.001
5023 2.4341352975341616e-06 2.0694117686818509e-06 1.6644158948528486e-07 0.001
5024 3.7920075882789234e-07 9.6441987007050205e-07 1.335008647140297e-07 0.001
5025 2.0980779547269285e-06 1.3702316279735054e-06 2.2991540983671164e-08 0.001
5026 7.4846697725730815e-07 2.0557880545728356e-06 1.5790991282859833e-08 0.001
5027 2.3602512794550338e-06 1.5225998913607629e-06 1.4825970911563117e-08 0.001
5028 1.1629139884411824e-06 2.0012673619511971e-06 1.7126598413280258e-08 0.001
5029 8.0715080621584087e-07 1.9585239991931831e-06 1.8227369030718755e-08 0.001
5030 2.2383187092392997e-06 2.4439106443598946e-06 6.6059095499122376e-09 0.001
5031 2.5729429679894201e-06 2.2275491867163271e-06 5.5531109044838938e-09 0.001
5032 2.386890507476553e-06 2.5832316604489556e-06 9.9558466570359369e-08 0.001
5033 1.9487929121450777e-06 2.5516183941667468e-06 9.6254420217080586e-09 0.001
5034 2.5381784777569589e-06 1.1443103172186459e-06 6.618879222663932e-08 0.001
5035 1.4448487981745219e-06 2.0964866954203493e-06 1.0798051331493479e-07 0.001
5036 4.79711511720198e-07 9.5439526957184191e-07 8.2238219097863317e-09 0.001
5037 9.7131048702931576e-07 1.1914105727107326e-06 4.2856326731659845e-09 0.001
5038 1.1249699919272892e-06 2.0038112518347108e-06 1.4559886727583647e-08 0.001
5039 1.0068385784009674e-06 8.3939344812704363e-07 8.6492007623549042e-09 0.001
5040 1.8167899077499137e-06 1.3988640202639496e-06 2.4771700532374543e-08 0.001
5041 2.3427393392064e-06 1.0166898230183141e-06 3.1607069077432111e-07 0.001
5042 2.5928860715267268e-06 1.2710670662187197e-06 6.1387635392628087e-08 0.001
5043 2.2882101358147894e-06 1.2928983402282053e-06 2.5083599360348171e-07 0.001
5044 2.529523800560403e-06 2.5588611232647129e-06 7.7694123872607972e-08 0.001
5045 6.1490637635060163e-07 2.2662225425724797e-06 9.3825172497393691e-08 0.001
5046 1.9489861667386817e-06 1.2705841757466405e-06 1.3952578915981749e-07 0.001
5047 2.5670627289413855e-06 7.4453955004911598e-07 1.5042748868860321e-08 0.001
5048 2.3300526354851341e-06 5.9772935427750205e-07 2.4230472306264086e-08 0.001
5049 7.1208602069500963e-07 1.3683250354753405e-06 9.3849328576687977e-08 0.001
5050 5.2493868030354396e-07 1.4440746214078849e-06 9.460346589701285e-08 0.001
5051 1.2005266017424062e-06 1.5934407408331419e-06 1.5435056708594303e-08 0.001
5052 1.7221343285201386e-06 1.5211308740751034e-06 3.5745234333959395e-09 0.001
5053 2.1025966412461655e-06 2.1868791353418765e-06 1.7454331687344272e-08 0.001
5054 6.099270321173941e-07 1.8885293189725986e-06 8.8200688774807516e-09 0.001
5055 1.0212041323051875e-06 2.1170626799714992e-06 1.4145320768980487e-08 0.001
5056 2.3639295498747935e-06 1.0872668579731296e-06 3.2195546385127835e-08 0.001
5057 1.2424509524250694e-06 1.476235036186185e-06 2.086026679728953e-08 0.001
5058 4.8243152696762422e-07 1.9411645155799451e-06 2.4657469551283259e-08 0.001
5059 1.5201226492274571e-06 2.2487168515897556e-06 3.1098591940993576e-08 0.001
5060 1.4819281081145238e-06 2.3001208095369391e-06 4.0065414089680951e-08 0.001
5061 2.5599116905693659e-06 1.1723425929410927e-06 5.3948488699212251e-09 0.001
5062 1.2022640510124455e-06 2.1367804015559619e-06 1.1094305552200685e-08 0.001
5063 1.5332816348563567e-06 2.1827617029438961e-06 1.9607497960310865e-07 0.001
5064 7.3609436202325308e-07 2.274619314170848e-06 2.831400458277876e-07 0.001
5065 1.4627794305944343e-06 1.9929720835715171e-06 1.2862640557170633e-07 0.001
5066 9.5040763611501236e-07 1.9806350973263159e-06 2.106000967803845e-08 0.001
5067 1.5105771719843498e-06 2.0924916508237877e-06 2.7340350242633783e-08 0.001
5068 7.8485589769689296e-07 1.9236337373487577e-06 5.743968917238217e-08 0.001
5069 1.6466860265620264e-06 6.3408618433097925e-07 5.0386108573186295e-08 0.001
5070 1.6026813221018694e-06 1.8969328628935012e-06 1.5126191432084314e-07 0.001
5071 8.4623290725868109e-07 1.4857370827842435e-06 1.1365946308013362e-08 0.001
5072 6.2252703393773756e-07 7.2656907503443264e-07 8.0488341668372819e-09 0.001
5073 5.6162584320596463e-07 1.4411545879979028e-06 1.3463916161857137e-08 0.001
5074 1.1186423251434098e-06 1.426528314830894e-06 6.3395352253815778e-08 0.001
5075 1.5263159970440686e-06 1.9496139962756392e-06 4.2727959427980179e-08 0.001
5076 6.3080336626105449e-07 6.8252073322630408e-07 5.0546981877261204e-08 0.001
5077 1.3057331037709693e-06 1.6079716212294559e-06 5.6305679445835357e-08 0.001
5078 1.6697998389292366e-06 1.3990931239105983e-06 1.0542467638000698e-08 0.001
5079 1.4921190591202536e-06 1.0706887492712055e-06 3.4970369091718696e-08 0.001
5080 1.4562157288055254e-06 2.3712835426551108e-06 1.254606591911936e-08 0.001
5081 2.4296091159563507e-06 1.4361770998291387e-06 3.3497211317200844e-07 0.001
5082 1.3594799003528477e-06 2.0995543697480463e-06 7.6991229261107423e-08 0.001
5083 2.4150964460466334e-06 1.8333956540659093e-06 3.1870177300030472e-08 0.001
5084 5.1075189863336152e-07 2.195091740687145e-06 1.2571433186386435e-08 0.001
5085 8.663158892067599e-07 1.9033956097261522e-06 2.5423996356054765e-08 0.001
5086 1.531040426747205e-06 1.8602529112343755e-06 1.2598077631750002e-08 0.001
5087 1.4491840468433263e-06 2.3481095492538128e-06 1.8080325452063176e-08 0.001
5088 1.8180353512346735e-06 2.5118076948438858e-06 3.8870115391748844e-08 0.001
5089 1.4808072998189506e-06 9.0749617007026209e-07 3.4063308554801369e-09 0.001
5090 2.1158776311721791e-06 2.0042544647281404e-06 6.2293206435209056e-08 0.001
5091 1.3820834593726914e-06 5.0775603437632774e-07 1.3149512285742462e-08 0.001
5092 2.2958618790687069e-06 1.8455617500532433e-06 2.701560936457776e-08 0.001
5093 1.318843740596065e-06 1.6167239734169661e-06 1.8097530715048887e-07 0.001
5094 2.5678775836867338e-06 6.5144982288908804e-07 1.7718413550183322e-08 0.001
5095 2.2474985016302472e-06 1.2848706546671069e-06 3.367710085696416e-08 0.001
5096 9.8101541361508855e-07 1.5099783161746356e-06 1.607126333633038e-07 0.001
5097 2.5355771263046339e-06 2.2803348484131719e-06 8.1880056289033884e-09 0.001
5098 1.1104379146102551e-06 1.023668435665618e-06 2.1119160705680275e-07 0.001
5099 7.0604361515136767e-07 2.4471545787493093e-06 1.2930583850166201e-07 0.001
5100 2.1073478361202342e-06 5.2801654635871406e-07 9.9133268149845632e-08 0.001
5101 1.1684358511490166e-06 2.4936572320675825e-06 2.1541243761610001e-08 0.001
5102 9.7266797355002655e-07 8.3804534541130937e-07 3.2158485418838385e-08 0.001
5103 2.2965944016138868e-06 1.3119736641198192e-06 4.270323981065697e-09 0.001
5104 2.1062570888022514e-06 1.0509985761351417e-06 3.5105733477684818e-09 0.001
5105 4.8683431951039804e-07 3.8917784575374435e-07 1.5808086413330516e-09 0.001
5106 4.8188130436079193e-07 1.8300904120146772e-06 1.2691488589551645e-08 0.001
5107 2.1578638283094429e-06 5.5167542202174836e-07 7.44623877844906e-09 0.001
5108 6.3619004564309699e-07 1.7739129077665127e-06 4.281112011415165e-09 0.001
5109 1.764108465132804e-06 1.665854514918517e-06 5.0927301975698374e-09 0.001
5110 1.3493664793784346e-06 2.5403952782150594e-06 9.5440961067807097e-08 0.001
5111 2.2894025410371164e-06 2.6198998318136963e-06 5.7993947342341153e-08 0.001
5112 1.4433533673985031e-06 8.8370239384881606e-07 2.1819909639701923e-07 0.001
5113 2.0938161066856286e-06 6.8462949128618418e-07 4.5837531806172703e-08 0.001
5114 2.2714270136317879e-06 1.8055942819168024e-06 8.877640699691649e-08 0.001
5115 1.5988898848059531e-06 2.6028383027717488e-06 5.839140721944595e-09 0.001
5116 1.920597386092022e-06 1.4970973346468158e-06 2.1521712943073182e-08 0.001
5117 5.8051822173556152e-07 9.9603296051602306e-07 3.7040715972944094e-09 0.001
5118 2.5125725750272046e-06 1.2090673202362515e-06 1.5652016137104735e-08 0.001
5119 4.0491986881041947e-07 1.5612014887047398e-06 3.5996866611158304e-08 0.001
5120 1.2909416813008397e-06 1.615171531861135e-06 3.6666030800711106e-08 0.001
5121 5.283113653981557e-07 2.5279774147603262e-06 6.1814633968904134e-08 0.001
5122 1.2755426192225274e-06 4.6484831341355108e-07 5.7046746858618988e-08 0.001
5123 2.3215082537816715e-06 2.4670446064411378e-06 4.6828671234635802e-07 0.001
5124 9.6765655313883538e-07 2.0137151958858932e-06 1.19848433529305e-07 0.001
5125 2.6042610380963781e-06 1.5764300458737055e-06 5.1883142948776559e-09 0.001
5126 5.2940209973347141e-07 2.4186838689204078e-06 1.9313672459229951e-07 0.001
5127 9.1655719447273563e-07 7.9102233324479797e-07 3.5165834286164032e-09 0.001
5128 1.1221836394422159e-06 1.0954695772161726e-06 4.4333781187482396e-08 0.001
5129 2.6174291665614082e-06 2.4249192834736405e-06 9.0015102646243832e-09 0.001
5130 1.4465651312723097e-06 7.5304440443137648e-07 1.0107468523527779e-08 0.001
5131 1.8040531201422793e-06 1.2149797206380207e-06 1.2981753679872898e-07 0.001
5132 6.4999005989968596e-07 1.3013383162045079e-06 2.3567170072744691e-09 0.001
5133 9.6627275796570028e-07 2.4847017793226237e-06 6.3451580170097255e-08 0.001
5134 1.1170910389708784e-06 4.4697304828110417e-07 3.7011234425258465e-08 0.001
5135 1.0845028961289238e-06 6.9753481036985477e-07 6.2730773292807238e-08 0.001
5136 7.4012414495039747e-07 6.1702873362435097e-07 3.1787887914520198e-08 0.001
5137 1.1201715842746785e-06 1.6748869346764014e-06 3.327428127159466e-08 0.001
5138 1.5338302758447539e-06 7.164720560907077e-07 3.5867994124302836e-09 0.001
5139 1.5019163107203332e-06 8.2250059961299914e-07 8.3091169234091336e-08 0.001
5140 1.1487403439528306e-06 2.393064542430864e-06 1.2242339371924182e-08 0.001
5141 5.1682491909236899e-07 4.1746631329612479e-07 2.1370940905283013e-08 0.001
5142 7.9102770603465895e-07 2.1256561599152603e-06 1.0553342157610037e-07 0.001
5143 8.2023163698841332e-07 1.6488033099634627e-06 1.1303955979283588e-08 0.001
5144 2.1198171578450025e-06 2.0888897083606513e-06 3.1905448755365685e-07 0.001
5145 1.8264050374887557e-06 2.0059518058924516e-06 4.4065658082006842e-09 0.001
5146 2.3445384940745502e-06 1.7075634891509741e-06 1.8045181361982572e-07 0.001
5147 2.5669476822036004e-06 4.3937006124261999e-07 2.393577835845834e-08 0.001
5148 8.4958770977702152e-07 6.0461674151398399e-07 1.9830989196904409e-09 0.001
5149 2.3748334847141178e-06 2.6006692353530415e-06 2.2661813026845086e-08 0.001
5150 1.3585460495492817e-06 1.3142232741943686e-06 1.0429850946995747e-08 0.001
5151 1.9990906763673414e-06 1.297129302769632e-06 1.1091975528335811e-08 0.001
5152 1.8662240160702001e-06 2.5531065002372696e-06 5.5285315260142436e-09 0.001
5153 1.1748904483691425e-06 2.4934005926105068e-06 1.7706244872225972e-08 0.001
5154 2.0343613414666705e-06 6.4803487175876423e-07 5.2363943127295602e-08 0.001
5155 2.4057414364997347e-06 8.2496799218545477e-07 2.8167211897765534e-07 0.001
5156 1.4003621651622831e-06 2.1810879776264529e-06 8.789280001588746e-09 0.001
5157 2.2662032925128396e-06 1.3143469822308421e-06 1.6695623666713777e-07 0.001
5158 1.2241464585737835e-06 2.5263301497567475e-06 3.9898678060639858e-08 0.001
5159 1.0195677252811329e-06 2.1548341731068831e-06 6.2877361655998786e-09 0.001
5160 1.9292349685430238e-06 7.0416878710163244e-07 7.9647644083960095e-08 0.001
5161 1.1564538703983092e-06 1.9448520907436359e-06 9.9795193407964406e-08 0.001
5162 1.5059622601706314e-06 5.3375501486546942e-07 5.2350026993916418e-08 0.001
5163 1.56629979180526e-06 2.4635195414382344e-06 8.3113114648205768e-08 0.001
5164 1.4370652086882604e-06 7.8416768494136714e-07 8.5036437841714843e-08 0.001
5165 2.5627002061909798e-06 1.0463703590081773e-06 2.7242004615860195e-07 0.001
5166 2.0734691154693134e-06 6.4123404325929291e-07 1.0555613423707241e-08 0.001
5167 2.589732269803592e-06 2.0754286763464876e-06 3.8017638268357704e-07 0.001
5168 1.3446742791127968e-06 1.41436068451306e-06 2.9590933247477659e-09 0.001
5169 1.544827256795899e-06 1.4665245158847331e-06 1.1188573587548556e-08 0.001
5170 2.4838486509015454e-06 1.7790055194648547e-06 1.1647991253978946e-08 0.001
5171 1.0696704511549716e-06 2.0106905519535772e-06 1.4680044599252565e-08 0.001
5172 1.0121240410043312e-06 8.6624595906568489e-07 1.4461870144598707e-07 0.001
5173 1.0522486112092274e-06 2.2984121979347322e-06 1.3962607211811549e-07 0.001
5174 9.0725177873616191e-07 8.6178146924133585e-07 1.5975789655710571e-07 0.001
5175 7.0589940265391488e-07 8.8907275622968066e-07 1.015445457274518e-08 0.001
5176 5.6461739781148177e-07 2.2924392521276876e-06 7.2225739101721094e-08 0.001
5177 2.3064241893045778e-06 2.6112619243100728e-06 3.0790683561635085e-07 0.001
5178 1.7290921604497625e-06 1.1662431082798386e-06 2.712173637144143e-07 0.001
5179 1.3450570782773827e-06 1.0438332140075073e-06 1.3254757062152433e-08 0.001
5180 1.0867941023094899e-06 2.0718685004764909e-06 1.1281061775973414e-08 0.001
5181 2.0276556046074865e-06 1.9512884046148813e-06 1.1509098633932203e-08 0.001
5182 1.8967323359609547e-06 2.4939814770246637e-06 1.6463893379302098e-07 0.001
5183 8.874576524798126e-07 7.1082110841239636e-07 3.7822590175100754e-09 0.001
5184 9.6664048917296371e-07 2.4267320537032907e-06 1.1466236820301129e-08 0.001
5185 5.0937806761843072e-07 1.5847515422532572e-06 1.1155855793339339e-08 0.001
5186 2.0239245164013215e-06 2.0185745443495921e-06 3.8330389502939775e-07 0.001
5187 1.4407939621198426e-06 4.121130045812988e-07 2.5388681580943665e-09 0.001
5188 1.130080086599964e-06 2.2253883938596271e-06 2.146510334377484e-08 0.001
5189 2.0729301856331425e-06 8.2205108783205196e-07 1.0395320388053352e-08 0.001
5190 2.2943009004461048e-06 7.0576480216479544e-07 8.4535418990283808e-09 0.001
5191 8.8022675170439324e-07 2.4503501610229997e-06 2.9479102057167466e-07 0.001
5192 2.5397698551898712e-06 1.6149835934454856e-06 4.8782565335811049e-09 0.001
5193 2.043796390872131e-06 2.1773263534126953e-06 1.3044235360353544e-08 0.001
5194 1.3317665194948154e-06 7.9089058164548267e-07 7.772494725710971e-09 0.001
5195 2.0684605245984187e-06 1.1577345004446899e-06 1.6323426010437668e-07 0.001
5196 1.1632801005939119e-06 2.4013336543462667e-06 1.5491380727266668e-07 0.001
5197 1.4358637292580786e-06 2.2659348415521446e-06 3.5848520458055425e-08 0.001
5198 2.0663370368717266e-06 1.0318483328935164e-06 3.7726713588074357e-08 0.001
5199 1.5742762485799181e-06 1.6900806816453826e-06 5.4460050825028557e-09 0.001
5200 8.8244729896897293e-07 2.2553254730361376e-06 3.2175110279214951e-09 0.001
5201 7.1911325818118294e-07 2.3794365694263062e-06 5.3921097157589535e-09 0.001
5202 6.582403280740225e-07 2.3683689864606157e-06 7.7383447543780265e-09 0.001
5203 1.5521678840620345e-06 2.2917740103912583e-06 9.6936497333562135e-09 0.001
5204 2.0151524714687835e-06 1.9096851767508508e-06 3.1321859153556339e-07 0.001
5205 1.625184573785446e-06 1.9223154040870612e-06 6.1095809420991695e-08 0.001
5206 2.0974393272516315e-06 4.4346500550596833e-07 3.6296232069335309e-08 0.001
5207 2.2258199270098852e-06 2.3542810951213275e-06 2.7685759401928519e-08 0.001
5208 1.5559487510327206e-06 1.409279770025493e-06 3.3493286630683652e-08 0.001
5209 7.2730972834803137e-07 1.0908147771181475e-06 1.1154138589614776e-07 0.001
5210 2.3307300971126823e-06 4.6218068573855653e-07 3.144838861505159e-08 0.001
5211 6.1607763965038155e-07 1.1179223642511134e-06 4.0610346092681297e-09 0.001
5212 1.3879459533331853e-06 1.0214595483853823e-06 7.6438535562404659e-08 0.001
5213 1.555156822154289e-06 4.213899446475218e-07 9.8181175318815873e-09 0.001
5214 1.0481277328291339e-06 1.3374834182085841e-06 4.2079599820122917e-09 0.001
5215 1.4201459365791994e-06 1.5698837532732994e-06 1.4006102847897855e-08 0.001
5216 9.7679297467614197e-07 5.3400291805689085e-07 8.4840190103335622e-08 0.001
5217 2.030989111509025e-06 1.1955849782447991e-06 6.3275647400368182e-08 0.001
5218 5.0443523715484145e-07 1.0112163198815556e-06 9.9412738892689301e-08 0.001
5219 1.1802929104075595e-06 1.4472404387794359e-06 4.1478186235613572e-08 0.001
5220 6.7318121524960336e-07 5.9529909656190476e-07 5.0021877975258615e-08 0.001
5221 1.1535072481118838e-06 1.3423989978115398e-06 2.9898706503294868e-08 0.001
5222 1.5643369951796977e-06 1.7114079284332667e-06 3.0224453824413305e-08 0.001
5223 8.6723065192492773e-07 1.4275082030371969e-06 1.4267456530255679e-08 0.001
5224 6.5205887573902574e-07 1.1122978684758695e-06 1.1899574523678736e-08 0.001
5225 1.5715999523755602e-06 9.1396628006843966e-07 5.1215074608367415e-09 0.001
5226 4.7446323931745315e-07 1.442992155201679e-06 1.0117178798474697e-08 0.001
5227 1.4239660141019747e-06 1.1622751193440867e-06 2.7004310591296192e-09 0.001
5228 2.5694406546948268e-06 2.1048466030537293e-06 3.0488424903557308e-07 0.001
5229 4.5032754606451482e-07 4.7168502121049102e-07 2.1947646665189468e-09 0.001
5230 1.3079817094542712e-06 1.5352081843906319e-06 1.1546181503502907e-07 0.001
5231 2.174662712468604e-06 1.2084442628621017e-06 2.5597662297458453e-08 0.001
5232 7.8973060064535173e-07 1.6116065115867541e-06 3.7892922247035643e-09 0.001
5233 1.9290418512030299e-06 2.3691330400012302e-06 1.6839304364546768e-08 0.001
5234 2.1698872052623272e-06 7.4751579217576076e-07 1.2623672081181634e-08 0.001
5235 9.5510432322811495e-07 1.892996816071364e-06 1.5693139028908118e-07 0.001
5236 7.4665475877721846e-07 1.9193854055149889e-06 1.0827099524331005e-07 0.001
5237 2.6219047213150428e-06 7.8129675130577297e-07 3.3831036598789552e-08 0.001
5238 1.9544527379733244e-06 2.0676335422166882e-06 5.8058789841446065e-09 0.001
5239 1.9509037758513334e-06 2.4715121036459384e-06 6.2982856335747685e-09 0.001
5240 1.0308710737928927e-06 1.6214731486084395e-06 7.4778334697577514e-09 0.001
5241 9.5361012017143135e-07 4.5707688516980664e-07 3.7261073035834535e-08 0.001
5242 1.3973700163427254e-06 1.7822712647384251e-06 3.178905982858859e-08 0.001
5243 2.0241875359369754e-06 2.3657955290203581e-06 5.8389291144811052e-09 0.001
5244 1.5370424107345918e-06 2.2815780767880218e-06 6.8448400227397456e-08 0.001
5245 9.9993968604116804e-07 7.5411176415763009e-07 2.0325494631325909e-08 0.001
5246 2.5627251016079676e-06 7.9599876294407025e-07 3.3171701845167401e-07 0.001
5247 2.1992768723088187e-06 4.1849685571086041e-07 6.7289451379646754e-08 0.001
5248 2.4939299223367277e-06 1.9368477605572472e-06 1.4166827803915617e-08 0.001
5249 2.508972736559601e-06 5.4438365842845398e-07 1.9445164458135072e-07 0.001
5250 2.1100079952444851e-06 1.195850733754773e-06 2.3965289891943614e-07 0.001
5251 2.2468244077644921e-06 2.6130402757177163e-06 1.7262879152115609e-07 0.001
5252 3.8235951815566082e-07 1.1906624226716858e-06 4.2197009726218226e-08 0.001
5253 4.0196859417219267e-07 1.7352663739140735e-06 1.0453353599280711e-08 0.001
5254 2.1665724095678923e-06 2.0202871666274898e-06 2.6725664063479594e-07 0.001
5255 1.0087173916087933e-06 1.0793186381341506e-06 4.4712349851595084e-09 0.001
5256 2.4828798227047808e-06 2.5253618662534644e-06 2.2021083994723558e-07 0.001
5257 2.4034607755437025e-06 5.2828080306924306e-07 3.5074241293878771e-09 0.001
5258 2.3436343680665607e-06 1.507381300235756e-06 1.2900063001214096e-07 0.001
5259 2.3468076007022748e-06 1.6808340791265477e-06 1.2712274080136127e-08 0.001
5260 1.7429837702298639e-06 1.3828760994266053e-06 1.4313664386643143e-08 0.001
5261 2.0887029635885412e-06 3.8588726437822128e-07 8.3870394854659707e-08 0.001
5262 6.3996482875900326e-07 1.9597877355832893e-06 3.133246539065436e-08 0.001
5263 7.967266938019766e-07 8.1079760003562251e-07 4.472891608856948e-08 0.001
5264 6.1263821719886407e-07 6.2340741455885321e-07 2.3803012052591867e-08 0.001
5265 1.2042458232589356e-06 1.1449560245657716e-06 3.3005649162060738e-08 0.001
5266 1.2913216909079523e-06 8.9197836126523953e-07 1.7834021814622109e-07 0.001
5267 2.2642894369664187e-06 2.5031801394824184e-06 7.0086286218769898e-08 0.001
5268 2.5016571459181041e-06 2.4073573303225976e-06 2.1300736435327877e-08 0.001
5269 2.3264043291836056e-06 1.4303577144775447e-06 3.1892639459146946e-07 0.001
5270 1.4420178645161037e-06 2.4446538825081265e-06 1.7087855723059838e-07 0.001
5271 6.6515708586708716e-07 8.2496252336974771e-07 2.468763931418014e-08 0.001
5272 8.1312309928609272e-07 3.7905471774888513e-07 3.6699429844542767e-08 0.001
5273 1.1819374643696465e-06 2.1200559695603225e-06 2.4691551376210113e-07 0.001
5274 2.2421904740599211e-06 1.1494383535055309e-06 3.7301313740419671e-09 0.001
5275 2.3125552932380688e-06 4.2183068427696289e-07 3.2975563969925934e-09 0.001
5276 1.2442135236989584e-06 1.0531172229206542e-06 6.2118999532506287e-09 0.001
5277 2.4571498857510643e-06 2.4434089040266564e-06 4.3781310409721026e-08 0.001
5278 2.4122823141351396e-06 1.8024110069580387e-06 3.736745392122516e-08 0.001
5279 1.6892916943957116e-06 1.1582966496283521e-06 1.8979967725492777e-08 0.001
5280 9.2740418577247853e-07 1.1554000442112828e-06 2.1558992978325323e-08 0.001
5281 5.1209063283062596e-07 1.1949661240233054e-06 8.8203807665582014e-08 0.001
5282 1.4675791320785729e-06 2.5461139966809378e-06 6.7616358540469317e-09 0.001
5283 1.4341677300403844e-06 1.8644643654151475e-06 1.8264637357178616e-07 0.001
5284 9.3487852934614857e-07 7.6962578133927358e-07 3.5681966348342729e-09 0.001
5285 1.942531605554094e-06 2.5311655010596943e-06 3.8895507249473376e-07 0.001
5286 4.8894849363567603e-07 1.2023830551278003e-06 2.4705146891602106e-08 0.001
5287 1.1197499806890093e-06 1.78857235483049e-06 1.8386328726300097e-07 0.001
5288 1.6970770149101179e-06 6.1042862909248731e-07 1.2522834495274187e-08 0.001
5289 2.4776710465384235e-06 1.2527304988711806e-06 8.0923582606029481e-09 0.001
5290 1.8326033012400447e-06 2.2117928881807757e-06 1.8459373921155272e-07 0.001
5291 1.413250680966938e-06 1.9086328040221963e-06 2.9733640465421739e-08 0.001
5292 1.2692015280692952e-06 2.1324932110902602e-06 2.0545521946865026e-07 0.001
5293 1.9244612977362881e-06 5.1788953418818001e-07 1.3264505589061242e-08 0.001
5294 8.0907063914787831e-07 1.8560145654096066e-06 2.6504952747862998e-07 0.001
5295 1.2385366310705857e-06 2.1132304855764465e-06 5.3647880142297518e-08 0.001
5296 1.4595231447010933e-06 1.7464118162033256e-06 1.6659435866953776e-08 0.001
5297 2.5212900398855525e-06 7.1284829173198271e-07 1.0617087231043246e-08 0.001
5298 9.9811304375579819e-07 1.8711507757846935e-06 6.8662044794773195e-08 0.001
5299 6.7722175614612376e-07 1.1339138816395985e-06 7.0806332899726555e-08 0.001
5300 1.0031542753218363e-06 9.0463839222608699e-07 6.636212663383304e-09 0.001
5301 1.8477942284959792e-06 2.0952816358414523e-06 1.9357351647986678e-08 0.001
5302 1.8580626476566659e-06 1.5756555094809193e-06 8.1413082261357233e-09 0.001
5303 2.2776306230689974e-06 7.063954126491614e-07 4.5258438118496542e-08 0.001
5304 1.4797985620692177e-06 1.3654693664828043e-06 2.9582500843216657e-08 0.001
5305 2.5076277089824494e-06 4.2498117979899069e-07 2.4143935378800884e-07 0.001
5306 1.8260094475740317e-06 1.2891292727338238e-06 7.8941320268219155e-09 0.001
5307 2.2197657281237148e-06 8.6334383691776395e-07 4.5634207099488306e-09 0.001
5308 1.003008503113801e-06 1.1431449478320432e-06 3.3151581362103038e-08 0.001
5309 2.3030780523970726e-06 1.9711377359372825e-06 3.264857728245983e-08 0.001
5310 4.926055204329455e-07 7.6615122233901948e-07 2.0674006652480529e-08 0.001
5311 1.407396876836131e-06 6.4524837938874835e-07 4.1954575610949341e-08 0.001
5312 1.6244165249676863e-06 7.0024663231598358e-07 3.5973439157122799e-09 0.001
5313 8.3444880127689825e-07 2.4670446276599027e-06 6.2467542703193922e-09 0.001
5314 2.2084203262555881e-06 8.811552379036036e-07 1.2255102975177273e-07 0.001
5315 5.0576917117311148e-07 5.6483253725335121e-07 3.1004293973690863e-09 0.001
5316 2.0976399678917409e-06 8.3687709848953456e-07 2.049087135158365e-08 0.001
5317 2.3358018875014057e-06 2.1498468472002601e-06 1.6740224357758442e-07 0.001
5318 2.4631711836021555e-06 2.5597365662545327e-06 1.3947435130925874e-07 0.001
5319 2.2797883680769012e-06 2.1320705319258462e-06 5.3525595862842214e-08 0.001
5320 2.56845016493119e-06 1.7023940764996396e-06 3.1983522684925264e-08 0.001
5321 4.4391032510653951e-07 7.8372979755755022e-07 3.4265151147464348e-08 0.001
5322 9.6298126927102456e-07 9.7146919727050495e-07 3.5961312729370271e-08 0.001
5323 8.6771567105504619e-07 2.4180030787123055e-06 8.2932884504679397e-09 0.001
5324 2.4533590920513034e-06 8.1437003624968014e-07 5.9810970401694115e-08 0.001
5325 2.296533259588618e-06 2.3869943832814612e-06 1.9618475162599936e-07 0.001
5326 2.4124103655479297e-06 1.1751365183834104e-06 1.104986748132263e-07 0.001
5327 2.2888700285418219e-06 1.7912521247146653e-06 9.7605483721267998e-09 0.001
5328 2.0735583794219925e-06 4.0513195068784804e-07 2.3222322990704662e-07 0.001
5329 1.4630571526832733e-06 1.1736281218103589e-06 1.8059764693259783e-07 0.001
5330 2.1356518559500882e-06 9.4511129244189555e-07 1.4815676510634103e-07 0.001
5331 1.6410926768064585e-06 1.4643937699838477e-06 9.7837238620075029e-08 0.001
5332 1.0853255361139523e-06 6.5439734560762992e-07 4.4835006565018972e-08 0.001
5333 1.125133925296993e-06 7.9691795821318133e-07 4.6677052625574957e-08 0.001
5334 1.3989920478198522e-06 1.2807264318368924e-06 7.4130147096008796e-08 0.001
5335 1.646277394990774e-06 4.9128921488418107e-07 2.3965447358412406e-08 0.001
5336 1.9984994045791333e-06 2.1417004309290002e-06 8.8571904904949063e-09 0.001
5337 2.5793294771296021e-06 2.2130269031350549e-06 3.590446436826704e-08 0.001
5338 2.2771629159577531e-06 1.3932888704105396e-06 6.8043135120785326e-09 0.001
5339 1.333003312332677e-06 2.2742915535862482e-06 1.9427731708318488e-08 0.001
5340 2.2773869045797927e-06 1.9849264733286353e-06 3.9897487916513082e-07 0.001
5341 1.7277682270919275e-06 1.2892766802789298e-06 8.9252657607635614e-08 0.001
5342 4.0516719961004041e-07 5.3997014248911083e-07 1.3316068671705785e-09 0.001
5343 2.2490037094064545e-06 9.575155120712146e-07 2.2011166930103042e-07 0.001
5344 4.7016066005433709e-07 1.6103835316182772e-06 1.2180448420557347e-08 0.001
5345 2.4245288396089747e-06 5.6337426062023267e-07 1.1026349414931592e-08 0.001
5346 2.5586506363294956e-06 7.6267516857484552e-07 6.8846658523279364e-08 0.001
5347 7.702219504502815e-07 5.2410437512866968e-07 4.7867891090259716e-08 0.001
5348 1.5836903970858887e-06 2.2052555854854371e-06 1.2981844695446122e-07 0.001
5349 2.3535203015953907e-06 1.4920512631053925e-06 1.7392861355514245e-07 0.001
5350 1.230909273806819e-06 4.4839317575167433e-07 2.3046240253377999e-08 0.001
5351 2.0708915102690607e-06 9.8392634258355114e-07 1.7020895390104932e-08 0.001
5352 8.2533836550119946e-07 1.4178406916193455e-06 1.3128757645771069e-07 0.001
5353 2.1557993474646201e-06 5.7977334166952269e-07 1.6607527617903934e-08 0.001
5354 2.0937386280041275e-06 2.4132566356276893e-06 2.7924564722255379e-08 0.001
5355 8.9870103354441159e-07 2.0752269791744919e-06 6.1497701316891652e-09 0.001
5356 7.1722944145450163e-07 1.9063324999854215e-06 1.0461529236715024e-08 0.001
5357 1.6631253484368249e-06 1.8525616326706665e-06 1.8418963140260215e-08 0.001
5358 1.9592264778622838e-06 1.1090595576220265e-06 9.3772644187564734e-08 0.001
5359 2.0955344924910706e-06 1.8250999054496251e-06 1.8921755587567082e-08 0.001
5360 1.1297539388211579e-06 1.0837692817226639e-06 4.0033197383506103e-08 0.001
5361 1.7141301599126116e-06 2.4626534513572336e-06 1.3357096444190281e-07 0.001
5362 1.6166512330254421e-06 5.5733326713381714e-07 1.0232629199236346e-08 0.001
5363 6.6633013283324443e-07 5.8849077136689183e-07 7.5192907659719589e-08 0.001
5364 5.3108169701338934e-07 1.1807494098354855e-06 5.1756997872662874e-08 0.001
5365 9.9427329161674877e-07 7.8959422593107052e-07 1.6689509725891788e-07 0.001
5366 1.984695284312734e-06 2.3347506742470055e-06 2.8858069709992977e-07 0.001
5367 1.0637875488461499e-06 1.2816621477828909e-06 3.4034583172915155e-08 0.001
5368 1.4784246742141609e-06 6.9065958239382769e-07 4.3925967032256032e-08 0.001
5369 1.2153473720902555e-06 1.4435921639163881e-06 9.4915254366819326e-08 0.001
5370 1.8648385734166917e-06 8.7393521242734691e-07 2.9820430512722632e-08 0.001
5371 2.1042790040398851e-06 1.734006566267671e-06 1.3870206141932152e-07 0.001
5372 8.8515411589813646e-07 6.2307889220911348e-07 1.2028995080770608e-08 0.001
5373 1.5449575150109212e-06 1.4764617535446204e-06 1.5111314008847113e-08 0.001
5374 2.2069732834829366e-06 1.3666025998242217e-06 1.2928601198223012e-07 0.001
5375 1.0707549705342742e-06 5.0074876390733099e-07 4.661462604359947e-08 0.001
5376 3.761234469635919e-07 1.9789196940542663e-06 7.144309280695871e-08 0.001
5377 1.0900139778225075e-06 9.8047750044340426e-07 2.4867199348086918e-09 0.001
5378 2.1826959104590741e-06 1.3080922245909943e-06 1.6379842306156658e-08 0.001
5379 1.948644510453084e-06 1.1612765010052588e-06 7.2266711395033967e-09 0.001
5380 2.0336986323741266e-06 2.3940937228469605e-06 1.4498058144984403e-08 0.001
5381 7.7978194222792393e-07 1.5407950806830316e-06 1.9955635265468887e-08 0.001
5382 2.218587135520394e-06 9.6073467369112241e-07 3.0820933763645395e-07 0.001
5383 6.0624917767415204e-07 8.8437454160921249e-07 1.8513767817431804e-08 0.001
5384 2.5289214188354557e-06 1.9849792427383954e-06 7.3537181106389522e-08 0.001
5385 1.4166046755173301e-06 1.5303336664771706e-06 1.0929929606506252e-08 0.001
5386 2.3116734293017041e-06 1.4589802935095641e-06 9.6005370773048203e-08 0.001
5387 2.0345478329661364e-06 1.7096990025202109e-06 4.2969479464225158e-08 0.001
5388 8.8775111689496677e-07 9.5758504267461971e-07 7.8322323745809729e-09 0.001
5389 9.406952609518877e-07 9.9553039203518169e-07 8.9907891236106479e-08 0.001
5390 5.8225789854171121e-07 7.2284148262755327e-07 4.2286657880610677e-09 0.001
5391 2.1250985319461541e-06 2.5114965881494347e-06 6.6949570595299661e-09 0.001
5392 1.4706030804836498e-06 2.0153349569336931e-06 3.3912384998068656e-07 0.001
5393 1.8523674072665518e-06 1.3996267833777693e-06 4.5452925062551592e-08 0.001
5394 1.9775194945441796e-06 1.8232315509917664e-06 1.214119835241907e-07 0.001
5395 1.298474269163433e-06 5.4053279392875712e-07 1.8827139544690223e-08 0.001
5396 1.4636020344705116e-06 2.6231818598804866e-06 4.0861575417783236e-07 0.001
5397 2.3808443327809182e-06 1.7980555508990428e-06 4.1198714004097051e-08 0.001
5398 1.8934681919316108e-06 2.4185421521995807e-06 3.7373868183960546e-07 0.001
5399 2.5664670115068634e-06 5.0898274221866853e-07 1.2988133844674713e-08 0.001
5400 1.1152788175041126e-06 1.2180189368175868e-06 1.1125840394469337e-07 0.001
5401 1.53930526990524e-06 2.0599829712432271e-06 8.3835554005959271e-09 0.001
5402 2.3684518652170561e-06 8.3713425068634459e-07 4.1768925530876226e-08 0.001
5403 1.4357874077696733e-06 1.3217224865822695e-06 1.7362936145805162e-08 0.001
5404 7.6500011400259655e-07 2.0579412175550998e-06 2.2559603649456405e-08 0.001
5405 2.2531214974405774e-06 2.0920557251739501e-06 4.5219303577152564e-08 0.001
5406 2.0702794931376979e-06 1.4296215480895317e-06 1.5175793313449532e-08 0.001
5407 1.648440244967804e-06 1.4612142437449472e-06 9.5653064618047831e-08 0.001
5408 2.152844866521114e-06 2.3175243360431508e-06 1.2516371573167451e-08 0.001
5409 2.1565901388605154e-06 2.2838545412215123e-06 1.2490471301382991e-08 0.001
5410 1.1603320102226024e-06 1.7794558501342251e-06 6.9784707199026546e-09 0.001
5411 1.8473763141115806e-06 7.1117764233962915e-07 1.7864981072612275e-08 0.001
5412 4.1000718092459993e-07 2.532980019510465e-06 1.1623208693177404e-08 0.001
5413 2.6032826061474133e-06 1.3621697288956869e-06 1.5900646223866494e-08 0.001
5414 6.7948234669520137e-07 1.5912912491269942e-06 3.1826920112019385e-09 0.001
5415 2.1589084102234689e-06 2.4273404243749668e-06 2.1294356866272983e-08 0.001
5416 2.0721148253405779e-06 1.9654320550368178e-06 2.3592100483398025e-07 0.001
5417 1.4240785427531763e-06 2.0295848510834635e-06 6.3387803174230771e-08 0.001
5418 2.5738245656065483e-06 1.7935817415576478e-06 8.6865668923329445e-08 0.001
5419 2.2404494108738806e-06 1.5624208325002833e-06 1.7162231837041283e-08 0.001
5420 1.4544610433048237e-06 2.246282571501194e-06 7.301428959911867e-08 0.001
5421 6.2594454180842679e-07 1.7689985017036714e-06 1.2398085653449338e-08 0.001
5422 2.0609639748540898e-06 1.3037353868883128e-06 2.6714754942636744e-07 0.001
5423 1.6485417862442745e-06 8.396028699753739e-07 2.1007160649138809e-08 0.001
5424 1.7696357141493225e-06 2.504229028510148e-06 5.0838737338631394e-09 0.001
5425 1.5162215905608495e-06 4.2426174485981636e-07 2.4086283965951539e-09 0.001
5426 2.1494002565608165e-06 4.5081534671328863e-07 1.0393470413975361e-08 0.001
5427 8.842557373581574e-07 1.4709783028443801e-06 3.4554416454824274e-08 0.001
5428 1.6886183108772726e-06 9.2573768338526551e-07 3.129464626056846e-09 0.001
5429 8.3916400506615319e-07 5.6415456720696951e-07 3.6224554264985792e-09 0.001
5430 9.1568200095921114e-07 2.2058727115567596e-06 7.06494769005903e-09 0.001
5431 1.169398821600784e-06 1.6191298344072728e-06 2.3063566284847364e-08 0.001
5432 1.4998921759778635e-06 6.2841687304031464e-07 1.1947685526083165e-08 0.001
5433 2.4678861488305783e-06 1.8055582190324732e-06 1.3093514296127584e-08 0.001
5434 2.5594755465713151e-06 1.5042832652483385e-06 3.4684006715970146e-08 0.001
5435 2.4794410684240135e-06 2.5959632386510635e-06 5.9962387622259591e-08 0.001
5436 2.0271527694932425e-06 1.8276087660411492e-06 2.1924588743834672e-08 0.001
5437 1.2834925244801271e-06 1.0797281362168002e-06 4.8418252197699774e-09 0.001
5438 1.7257576099309493e-06 1.8235208785122444e-06 1.1712974657953944e-07 0.001
5439 1.6496921238496958e-06 2.2909081018470262e-06 8.3062496625797529e-08 0.001
5440 1.6908684484805397e-06 1.4744164261014867e-06 2.0129780060784579e-07 0.001
5441 6.0880438173441495e-07 2.6085737162891125e-06 3.590108643716179e-08 0.001
5442 2.3543343988071259e-06 1.7865055551661772e-06 3.0906136884865107e-07 0.001
5443 2.0901714148050936e-06 2.5507175950044422e-06 1.957060875837847e-08 0.001
5444 1.1056055518406687e-06 1.7331582523550484e-06 2.6860365702711473e-07 0.001
5445 2.1284891910015885e-06 9.0955089052849741e-07 6.6286272781992036e-08 0.001
5446 1.4945990322870577e-06 1.3418304588795524e-06 1.1084846288968452e-07 0.001
5447 6.1110868518092064e-07 2.5295034698260501e-06 9.1161692646290877e-08 0.001
5448 1.1951571177424919e-06 4.6346393313783018e-07 7.2879719699888665e-09 0.001
5449 1.5427608366796386e-06 1.0527586917696523e-06 1.5984954108792426e-07 0.001
5450 2.0077397309840225e-06 2.3215432778851358e-06 1.8493135076089091e-08 0.001
5451 4.7248275129088422e-07 2.3943999186214793e-06 3.3019672964314397e-09 0.001
5452 1.8557950757449825e-06 2.3124795628846095e-06 1.1886017701639808e-08 0.001
5453 1.8745144145606977e-06 1.9273816105026314e-06 1.263312270691798e-07 0.001
5454 2.4379796876200339e-06 9.0705392930987475e-07 8.291045578760974e-09 0.001
5455 8.7346576935914324e-07 1.2657889156402272e-06 3.9839882606786451e-09 0.001
5456 9.0413763803647822e-07 1.4866771083561755e-06 7.4450568091047218e-08 0.001
5457 1.073409248505817e-06 1.007834266703415e-06 6.0869983357769706e-09 0.001
5458 6.0813082954087402e-07 4.9171289136330128e-07 4.0469741525602848e-08 0.001
5459 2.2108092224806123e-06 2.0088353072112631e-06 2.5085026204826835e-08 0.001
5460 8.7194212161733315e-07 2.2639922935867157e-06 4.9676783579531084e-08 0.001
5461 2.3892436483158754e-06 2.1313951578616194e-06 7.6974852003603442e-08 0.001
5462 1.5764861030331681e-06 1.6298270983233028e-06 1.2630487502764818e-08 0.001
5463 1.6129902943478711e-06 2.5790555441429157e-06 2.2249309423594879e-08 0.001
5464 2.1096659436221496e-06 2.3785413899148331e-06 7.1984421471881932e-08 0.001
5465 2.4990498214053801e-06 1.6767962626434615e-06 1.1613021488740285e-07 0.001
5466 1.3147230356705334e-06 4.3795193060652291e-07 3.409892765401806e-08 0.001
5467 1.4721467998701763e-06 1.3973156186983059e-06 7.1601382243501569e-09 0.001
5468 2.4856765540228242e-06 2.163937323689573e-06 2.8763964835060491e-08 0.001
5469 2.1416964722696691e-06 2.1867376410527801e-06 2.9984121070771144e-07 0.001
5470 1.747949161050729e-06 1.374672398269632e-06 6.382004663802087e-09 0.001
5471 1.0645606583733433e-06 2.4263375730472701e-06 7.1981933952974606e-09 0.001
5472 2.3970412989358856e-06 1.951510350557318e-06 1.766671223734868e-08 0.001
5473 1.9099753808618221e-06 6.7538541249724746e-07 1.3291862462988935e-08 0.001
5474 4.3115595355198378e-07 1.6200206813262257e-06 1.6142199484285043e-08 0.001
5475 2.4930990199610815e-06 1.5942468129671127e-06 3.8099848406096389e-08 0.001
5476 2.431187928432118e-06 2.1386996260362438e-06 4.8998702228644368e-09 0.001
5477 2.396752490873041e-06 2.1737135121792046e-06 5.0544881478270671e-09 0.001
5478 1.1069218280840175e-06 8.2763653506051436e-07 5.4290223287110202e-08 0.001
5479 1.8504810136690444e-06 9.3310817370375765e-07 3.1857940726511914e-09 0.001
5480 5.0133492570930542e-07 2.4963787575542131e-06 4.0864954406290504e-08 0.001
5481 9.4500176788373129e-07 1.5449335825630242e-06 1.7632556792268731e-08 0.001
5482 1.0540659933816688e-06 1.5389865849356413e-06 3.2543186925265653e-08 0.001
5483 1.9078645525103798e-06 9.4486653863872839e-07 1.4615734527488732e-07 0.001
5484 1.929908028174442e-06 1.455667114361376e-06 1.1896603185257469e-08 0.001
5485 1.3012655535393749e-06 4.2681659487557731e-07 2.4582259125802684e-08 0.001
5486 1.5118218416904422e-06 2.4605272746314648e-06 1.5756043567700804e-08 0.001
5487 2.3196025878169539e-06 1.3701272108378132e-06 1.0309199667963913e-08 0.001
5488 2.6118861276184023e-06 1.8006465563599501e-06 3.8217750387903792e-08 0.001
5489 3.9365978918360124e-07 1.4247116951481925e-06 3.3190153652991517e-08 0.001
5490 7.3581611024403983e-07 1.3997521259752905e-06 5.8580766644880254e-08 0.001
5491 1.7824916389359395e-06 1.4646074787255751e-06 1.2943811163277184e-08 0.001
5492 1.1182895220454571e-06 1.8805523359866647e-06 5.3254540642582285e-09 0.001
5493 6.0749847330830281e-07 1.1291952511423133e-06 4.1551827671349796e-09 0.001
5494 1.7916813353096436e-06 2.3709876883637838e-06 3.061381643995389e-07 0.001
5495 1.6376916721626211e-06 2.6130140069752445e-06 1.0539121428737608e-08 0.001
5496 6.6789939286537927e-07 3.8449594087215369e-07 3.6549540067654185e-09 0.001
5497 1.3453594599753475e-06 2.3770427743251893e-06 2.8192157644921114e-08 0.001
5498 1.3398175661502086e-06 4.4674053563140083e-07 3.7195468321802411e-09 0.001
5499 1.692628953638021e-06 2.4448265490930529e-06 3.1033185349159288e-07 0.001
5500 1.6064796413697315e-06 2.323007616879128e-06 2.4187638031362633e-07 0.001
5501 2.3511715173672501e-06 8.016802588919268e-07 1.3072823379354234e-07 0.001
5502 1.7723770251365368e-06 6.0289250486777837e-07 1.3986598373889838e-08 0.001
5503 1.1133688074785315e-06 2.2284096487514664e-06 4.570585862100916e-08 0.001
5504 1.7429066296466989e-06 2.1527361883187988e-06 5.4240527758127317e-08 0.001
5505 2.5613344434577129e-06 2.320774988923322e-06 5.7987870793544656e-09 0.001
5506 1.6549016543363742e-06 1.7818077724819701e-06 4.4768443353148196e-09 0.001
5507 4.8108342947910244e-07 6.1093341438427188e-07 3.1466853469120876e-08 0.001
5508 2.4968869341710964e-06 1.9444067169774326e-06 9.2103246950325028e-09 0.001
5509 1.9166576678556033e-06 1.0619199645499242e-06 4.513514057082158e-09 0.001
5510 1.6759699054242925e-06 1.5699884033471748e-06 2.8835424695700367e-07 0.001
5511 1.1631003511880985e-06 1.8911750709092843e-06 2.2084279515286446e-08 0.001
5512 1.6631393306444364e-06 9.8085205457408265e-07 4.842499525533703e-08 0.001
5513 2.1734355776264681e-06 1.8304747622133606e-06 9.000246656962882e-08 0.001
5514 1.5804447971720806e-06 2.2550465447904637e-06 1.3246099495006835e-08 0.001
5515 2.1539545343897373e-06 1.9612372895368194e-06 1.5157920413943172e-08 0.001
5516 1.335880784927385e-06 2.171024095766757e-06 2.3147311872327694e-07 0.001
5517 6.1475277291028007e-07 1.9182666023036618e-06 2.8143659158982046e-09 0.001
5518 1.2172295919608461e-06 1.6872392873825343e-06 6.5735564265092782e-09 0.001
5519 2.2448610536240917e-06 2.1954992720953754e-06 1.1835579186426737e-07 0.001
5520 2.3466420060439498e-06 2.2393193060973353e-06 1.0838436087388697e-07 0.001
5521 8.951254535395076e-07 2.4108514812309238e-06 3.444481592833285e-09 0.001
5522 1.8149680765999312e-06 2.0077378128743872e-06 8.3731534512728513e-08 0.001
5523 1.0248881904746274e-06 1.7160190231910631e-06 2.1678579996472859e-08 0.001
5524 1.8120909204204501e-06 7.3296872782758123e-07 8.1584282345356629e-08 0.001
5525 6.7390039779010278e-07 2.0256717918647162e-06 1.0200300997143032e-07 0.001
5526 2.5970174431303572e-06 1.2292261956744018e-06 4.6229994808058315e-09 0.001
5527 1.6490245978692894e-06 5.3630811010427297e-07 1.2135901162528958e-08 0.001
5528 1.8657103511551592e-06 1.9994923862477379e-06 2.0395444598821539e-07 0.001
5529 1.8639174572407151e-06 1.9450855087568245e-06 9.7964182785101966e-09 0.001
5530 1.0392099876414011e-06 2.5817008940872591e-06 2.3241840726311168e-07 0.001
5531 2.5293796037660935e-06 1.8751252866100557e-06 5.3923444141469559e-08 0.001
5532 5.2521506244712833e-07 2.4460967545910512e-06 9.8332513424937363e-08 0.001
5533 2.2913835009795238e-06 1.163624379332575e-06 7.143007122180454e-09 0.001
5534 9.8761752761270343e-07 1.3270831234660122e-06 2.4444554403698974e-09 0.001
5535 1.6331397469878457e-06 2.5091303759950359e-06 2.6635829978035228e-08 0.001
5536 9.2229902338815941e-07 1.7973447140624769e-06 1.5340533421348964e-08 0.001
5537 1.5507976068849968e-06 1.8459648037709871e-06 8.1776276616000568e-09 0.001
5538 1.2210929726644308e-06 1.332243209602174e-06 4.1510671083678047e-09 0.001
5539 2.0372688184539319e-06 1.5049262911706966e-06 4.1672735891467871e-09 0.001
5540 1.4927773050064771e-06 2.3917058084276816e-06 7.0052592289186486e-08 0.001
5541 1.2491676711113401e-06 1.1006725666082371e-06 4.2804356067158898e-08 0.001
5542 2.6208008644593893e-06 1.6135008964988522e-06 8.8101201630137076e-08 0.001
5543 1.8968048856378514e-06 2.1654110608679516e-06 1.1063855957358571e-08 0.001
5544 1.8103142543851936e-06 1.1295088010203868e-06 3.0411908358158594e-09 0.001
5545 1.0399582203047826e-06 2.2344847720908381e-06 6.1794220603655433e-09 0.001
5546 1.182601248375077e-06 7.3385999487520252e-07 5.8121443093089879e-09 0.001
5547 8.5713231731804249e-07 1.7667998281974133e-06 1.2939347962388843e-07 0.001
5548 1.4564492629272609e-06 1.2581127412594269e-06 4.3758358503162406e-09 0.001
5549 1.1558285228889244e-06 2.1698237446366203e-06 5.7401311402896974e-08 0.001
5550 2.1328375922139725e-06 1.9060113271635518e-06 3.100658051860978e-07 0.001
5551 1.0581993195347337e-06 2.5773957806139257e-06 1.4238476695089204e-07 0.001
5552 2.5298802689020301e-06 1.0319484847322671e-06 7.0068120114970511e-09 0.001
5553 7.0619641733793262e-07 9.8365787370511255e-07 1.243711673642627e-08 0.001
5554 1.4455423497305212e-06 2.032516808423007e-06 6.8258825886281188e-08 0.001
5555 1.7936237881288737e-06 1.0215335157150476e-06 1.0994381329105213e-08 0.001
5556 2.4450903329307069e-06 1.9471363432055696e-06 1.8462682064137963e-08 0.001
5557 1.3067266890702096e-06 2.0555113021009195e-06 2.6390855694757435e-08 0.001
5558 7.0231858554428919e-07 1.9131054601793671e-06 1.4911534385614691e-07 0.001
5559 2.031633803888148e-06 2.496484271146751e-06 2.1931703767832038e-07 0.001
5560 6.2302859823108794e-07 1.9927389093902366e-06 1.5062438326742877e-08 0.001
5561 2.4083040536483881e-06 7.9015490420813227e-07 5.6820884792067873e-08 0.001
5562 1.7010500139715609e-06 3.9421064233291956e-07 3.0974901604415222e-09 0.001
5563 1.910527503725502e-06 1.7004672563443368e-06 7.9183024190568539e-09 0.001
5564 1.099269322737507e-06 2.4903758253797594e-06 2.6649802957045206e-08 0.001
5565 9.1162829550534137e-07 1.3890798516632635e-06 3.013470372523524e-08 0.001
5566 1.806205054908852e-06 7.8881282346321861e-07 7.4785450783207932e-09 0.001
5567 1.2187397003351573e-06 2.3509165104326024e-06 2.2748440816322472e-08 0.001
5568 5.73325468667597e-07 2.0336862078778897e-06 2.4410768767836387e-08 0.001
5569 2.183600814404819e-06 1.4646631570477771e-06 2.248836785699696e-07 0.001
5570 2.2079066414994719e-06 1.2205945004145887e-06 5.4189744646851232e-09 0.001
5571 4.1788457517939047e-07 8.7035190254136763e-07 3.2767588014257705e-09 0.001
5572 1.0167125102786152e-06 1.8914153879568713e-06 2.4148436609898355e-07 0.001
5573 1.5492300387619797e-06 1.7906897752548512e-06 1.7045162619116028e-08 0.001
5574 1.9667499729515803e-06 6.6436829334197326e-07 9.3539138020571134e-09 0.001
5575 2.0803465730325842e-06 1.250979409677197e-06 1.3334000016319999e-08 0.001
5576 1.0647023738851289e-06 1.8890597219389023e-06 8.9427126376037816e-09 0.001
5577 1.229909635822135e-06 1.4662348248111812e-06 6.3376589909840907e-08 0.001
5578 2.36540332540228e-06 1.307999956490008e-06 4.2100798754182336e-09 0.001
5579 1.4513792566806273e-06 1.8675499582795724e-06 3.472239954408598e-09 0.001
5580 4.3093163739784679e-07 2.3297084707637869e-06 1.1059717177189641e-07 0.001
5581 4.9454177508187549e-07 8.745164744735128e-07 1.3404461735369091e-07 0.001
5582 1.9424198223738926e-06 2.3464754322089555e-06 7.6684954622264767e-09 0.001
5583 1.4378518845983551e-06 1.3394772626419359e-06 4.4073075430120056e-08 0.001
5584 1.8264289113706709e-06 1.9753762731068545e-06 1.4379514804706331e-08 0.001
5585 1.4703292455291028e-06 2.4392445608055988e-06 1.7211118059053582e-07 0.001
5586 4.0679960811107193e-07 9.9951364585721086e-07 1.4260737735152071e-09 0.001
5587 1.1415960298536653e-06 1.2126021968436408e-06 2.7439387579541977e-09 0.001
5588 8.4513282372312465e-07 7.3976356188848542e-07 5.9088107199896477e-09 0.001
5589 1.4986227315537073e-06 1.9580544865873185e-06 4.4737531876915323e-08 0.001
5590 1.2130998019069638e-06 1.9753056697038764e-06 8.6605390123844117e-09 0.001
5591 1.2698980636019691e-06 2.1782960876542345e-06 1.6671672868575307e-07 0.001
5592 2.3765090240117676e-06 1.7915959583030109e-06 3.0175855090326278e-08 0.001
5593 7.5679693471205147e-07 7.0973760013705076e-07 4.6004066825203354e-08 0.001
5594 5.4589377869443278e-07 1.8179160733827538e-06 3.8514951408330819e-08 0.001
5595 2.136097473612688e-06 1.2730318497078842e-06 1.7513456480835295e-08 0.001
5596 5.1932540603641574e-07 1.2020431222223788e-06 1.6713165198162159e-08 0.001
5597 1.1883642240393654e-06 1.5949152169786717e-06 5.3084837798638073e-09 0.001
5598 1.6440395906864464e-06 2.5990123241104864e-06 8.8459870356005907e-09 0.001
5599 2.3010387032527199e-06 2.4177320682279658e-06 8.0585409871943489e-08 0.001
5600 1.3982417585407358e-06 2.3712652246667485e-06 3.3726251535158564e-08 0.001
5601 1.2977858894438313e-06 2.1881753113963678e-06 2.818473022936478e-08 0.001
5602 2.1919681988089372e-06 6.7327109706106457e-07 1.6668402748468448e-08 0.001
5603 2.0533070459155617e-06 1.7379174333821931e-06 6.5746713611452062e-09 0.001
5604 4.7142711830654462e-07 1.8761872036373912e-06 1.171161570561959e-07 0.001
5605 7.4521116268956086e-07 7.5817763546139438e-07 1.0023268392298688e-08 0.001
5606 2.450160635581679e-06 2.1955743692916998e-06 1.9546504197780028e-07 0.001
5607 8.3613914241826977e-07 2.1092628899281599e-06 3.4351784992193149e-09 0.001
5608 2.1720752817310296e-06 6.764456487637751e-07 2.4742668317711694e-08 0.001
5609 1.7445475138437019e-06 2.1667531956180133e-06 1.5141467146446772e-08 0.001
5610 6.405368939257357e-07 7.2498243661289871e-07 1.0207957842459895e-08 0.001
5611 1.2806741716382686e-06 1.7301452688052908e-06 3.9132199791796218e-08 0.001
5612 7.7623625606587893e-07 2.6122499785590443e-06 2.9510077229565339e-07 0.001
5613 2.0759027387912451e-06 6.7048997449958303e-07 6.5521296386334884e-09 0.001
5614 1.5835246322724132e-06 7.560397066768117e-07 3.8820044912534321e-09 0.001
5615 2.6046828025625568e-06 1.8323964085749739e-06 4.7313595483660444e-09 0.001
5616 2.3449391971329189e-06 1.3864702222937461e-06 1.4978681056603881e-07 0.001
5617 2.276093117918285e-06 1.3649562670393736e-06 5.7547535008348718e-09 0.001
5618 6.2261860703551824e-07 1.5476115652234254e-06 2.1570800942052092e-08 0.001
5619 1.4261770069203221e-06 2.6103071270222104e-06 7.1127375876400155e-09 0.001
5620 2.1989077715204109e-06 1.8787814682320335e-06 6.5112279636060369e-09 0.001
5621 1.4653824077696245e-06 2.0302453805527597e-06 4.1995894066305951e-08 0.001
5622 1.1295894275939671e-06 1.5875075468748754e-06 3.2995897222839232e-09 0.001
5623 9.9257626702670443e-07 1.0899301498521841e-06 6.3155351748830933e-09 0.001
5624 1.4527968258343828e-06 1.1572479428549222e-06 1.4982968457868589e-08 0.001
5625 1.5934376472820856e-06 9.0249993636782641e-07 1.050668202074101e-08 0.001
5626 1.1104390441974757e-06 1.4217460676251529e-06 6.0061614608365005e-08 0.001
5627 2.6033124795212744e-06 1.8100651485722839e-06 2.8976023851439256e-07 0.001
5628 1.7428893734508091e-06 6.1125101658294327e-07 6.4897628173626802e-08 0.001
5629 1.1008035724889739e-06 2.3629114492798565e-06 4.6387038814592084e-08 0.001
5630 5.9409954887329669e-07 1.2723344470509018e-06 7.772283447084172e-09 0.001
5631 2.5577372512274646e-06 2.2024212799931682e-06 3.8132049501477035e-08 0.001
5632 1.4213459942535259e-06 1.7096707337933458e-06 3.5069401691752757e-09 0.001
5633 1.4953261108248038e-06 1.6890611028637362e-06 1.8203732301351958e-08 0.001
5634 2.2145016460952234e-06 6.0004789077023517e-07 1.8823411834518281e-07 0.001
5635 4.6588937562816769e-07 1.9971221304766482e-06 1.1359376300005053e-08 0.001
5636 2.2973114689367266e-06 1.1405927162575746e-06 1.4109843417065644e-08 0.001
5637 9.4788334636745486e-07 1.5187589536310654e-06 1.4570137857409471e-08 0.001
5638 2.3684172029949016e-06 6.674081418121723e-07 1.5632403142544912e-08 0.001
5639 2.4480687272409674e-06 5.002592364981722e-07 1.4254801758473567e-08 0.001
5640 1.1114592913766079e-06 5.6182401171844935e-07 3.7703759822544752e-08 0.001
5641 1.8382993816407108e-06 1.7050537916308957e-06 2.250970910126148e-08 0.001
5642 2.1473720414320678e-06 1.4691906923733166e-06 3.061379920102182e-08 0.001
5643 5.8778106847112337e-07 1.8655538110129632e-06 4.5244254789817645e-08 0.001
5644 8.864676594869278e-07 2.1626039459770162e-06 5.6533332488163448e-09 0.001
5645 4.7619576014091596e-07 1.3369796013582978e-06 2.6534352284701335e-09 0.001
5646 2.0749138199893604e-06 1.3473732583298706e-06 1.2275447165617771e-08 0.001
5647 1.6746457335905624e-06 2.3271134206997916e-06 1.0018055662407047e-08 0.001
5648 1.2830175980678426e-06 1.6928534557489747e-06 1.8304122701709049e-08 0.001
5649 2.085749182272494e-06 2.0671238287564835e-06 1.0726575987725366e-08 0.001
5650 1.7005047365460268e-06 2.4024116006312774e-06 3.0293391234071329e-08 0.001
5651 1.6707225971022842e-06 4.9601517932068244e-07 4.7260781610238366e-09 0.001
5652 2.524819599557354e-06 1.236887372311287e-06 1.5527039470398704e-07 0.001
5653 8.9699194154762346e-07 9.0750181911250157e-07 1.5098938109627082e-08 0.001
5654 1.3599721958512903e-06 1.8825688072495035e-06 4.4164621934282822e-09 0.001
5655 7.2773654454010276e-07 5.9352402801043866e-07 1.3915683577381544e-09 0.001
5656 2.2989078791219681e-06 5.0887973047794031e-07 1.0354840062864397e-07 0.001
5657 6.9242344420281278e-07 1.4136932722354746e-06 6.999824137201375e-08 0.001
5658 2.5552896606032714e-06 2.500834301846488e-06 5.4253480418122035e-08 0.001
5659 1.7135846555470792e-06 1.3849134733064336e-06 8.8120251805438635e-08 0.001
5660 5.3643266593923574e-07 1.9304179633414587e-06 1.3335950868032545e-08 0.001
5661 6.39080638219721e-07 1.334807145369564e-06 6.0317305259828076e-09 0.001
5662 2.0760158447614204e-06 1.7205515764590656e-06 3.0066654419103302e-08 0.001
5663 1.846674317630998e-06 1.5423160209221109e-06 1.7597264461339669e-07 0.001
5664 1.5312303266017694e-06 2.49525483229538e-06 1.0697941915828355e-08 0.001
5665 1.5096115746149364e-06 2.5501323769806525e-06 2.9233878252931238e-07 0.001
5666 8.8629106064892715e-07 2.2656015720536525e-06 2.1041660357584807e-08 0.001
5667 1.6622546830103512e-06 1.3537598654305137e-06 1.4442840134289649e-07 0.001
5668 7.996446706458302e-07 1.5192825804834099e-06 4.7847531065368157e-09 0.001
5669 6.506218697343873e-07 1.4609931746013988e-06 3.7174191152547488e-08 0.001
5670 7.2424049034998926e-07 2.5588351350691501e-06 3.917416315030751e-09 0.001
5671 1.6462734781767664e-06 1.310049721861751e-06 3.0946471462888246e-09 0.001
5672 7.1429152660292054e-07 1.4347313579505094e-06 8.9290552985583792e-09 0.001
5673 8.0438845590771674e-07 1.7175585289116046e-06 1.5039987049705561e-08 0.001
5674 2.0561292400481783e-06 8.6312529044022472e-07 1.1560891977337823e-07 0.001
5675 1.2718390850825686e-06 4.4932277684951112e-07 1.2675298900983851e-07 0.001
5676 1.6433463517337155e-06 7.7936461001450825e-07 4.8170115409728763e-08 0.001
5677 1.6756371195064607e-06 1.3426490290686219e-06 4.7584331425079177e-09 0.001
5678 4.4945604626741434e-07 6.1387789155772039e-07 2.1871924053329477e-09 0.001
5679 2.0052957306387125e-06 2.3875848779683559e-06 4.3251239223968496e-08 0.001
5680 1.6694649739846135e-06 2.4348556766847092e-06 1.1301061453103298e-07 0.001
5681 1.3796685415947423e-06 1.3174274528354099e-06 1.0115571106069235e-07 0.001
5682 2.3184188248126504e-06 2.3994925265858443e-06 1.2603468482187583e-07 0.001
5683 2.2169216456309163e-06 2.238751370393413e-06 1.187810947601597e-08 0.001
5684 1.7450364569066989e-06 1.3158270735203294e-06 1.1219741300668235e-08 0.001
5685 7.6279021160678083e-07 4.0976060609367789e-07 4.4718907179614169e-08 0.001
5686 4.2716847139407545e-07 1.9816877198213637e-06 5.3260779612523687e-09 0.001
5687 1.0955927650532094e-06 2.542099073073897e-06 1.1000338540944965e-08 0.001
5688 1.4098999986420711e-06 2.0717251177189026e-06 3.1841601983240415e-08 0.001
5689 1.8089075917415816e-06 6.633774035450232e-07 3.4857645664266156e-08 0.001
5690 1.8279416880843206e-06 1.9377595913718313e-06 2.5759360988443155e-07 0.001
5691 6.1063553384744266e-07 1.0236198309728791e-06 1.3407757336679952e-07 0.001
5692 1.7249317073131999e-06 2.54231394182656e-06 2.464069416851439e-07 0.001
5693 2.6084466993765963e-06 1.5394866010519727e-06 8.0343666617757362e-09 0.001
5694 1.8080107229040582e-06 9.6890357242081697e-07 4.0446669405192782e-09 0.001
5695 1.4391184780904653e-06 1.459122242723981e-06 7.1635767836685054e-09 0.001
5696 4.4003440537968193e-07 2.0300917988037122e-06 1.8937169300180713e-07 0.001
5697 2.2481170670604056e-06 1.791031552897266e-06 4.8236819458501881e-08 0.001
5698 1.6001759834818812e-06 1.5333276320827711e-06 4.6516681469459964e-09 0.001
5699 1.759770770147426e-06 2.3709720683811849e-06 5.1840328015286402e-08 0.001
5700 7.8801785626977882e-07 5.993150199115239e-07 2.0030845071094505e-08 0.001
5701 9.2625103393601499e-07 5.997128570812456e-07 3.1492890927747194e-08 0.001
5702 5.6516840178818167e-07 1.9518619956172941e-06 1.1190710719465152e-07 0.001
5703 2.4822184697990135e-06 1.2758670770496838e-06 9.598937938963306e-09 0.001
5704 4.4864244317033038e-07 8.4214610019528386e-07 3.4201427173142802e-08 0.001
5705 2.163913665956969e-06 2.2783197215365476e-06 2.2677611926260026e-08 0.001
5706 1.3130577492423646e-06 1.8752743628113301e-06 1.8264632540102073e-07 0.001
5707 2.3809968816923306e-06 1.7218788364457512e-06 6.959470942398643e-08 0.001
5708 1.3381564581135178e-06 7.6795327869043775e-07 2.3761142747359607e-09 0.001
5709 1.3935459760500294e-06 2.6042158213519804e-06 3.9282937636007145e-07 0.001
5710 2.2881661943061316e-06 1.8902869050980601e-06 3.1118975090747713e-08 0.001
5711 1.7301150243616571e-06 2.5297462039447463e-06 5.4008325478101676e-08 0.001
5712 7.7667764486281753e-07 1.0936003907147395e-06 2.6054917644577002e-08 0.001
5713 2.1654073218727389e-06 2.0504085605160193e-06 2.6540788757954202e-08 0.001
5714 1.183576145178462e-06 2.241137537161304e-06 1.9995848802562949e-07 0.001
5715 1.4890449408764384e-06 1.3576127477761389e-06 4.1606369185644559e-09 0.001
5716 1.7309385431618131e-06 2.0645108318188745e-06 1.4965809135213019e-08 0.001
5717 7.4622077643534712e-07 6.423980364439854e-07 1.1947740578539175e-08 0.001
5718 2.0472849492124217e-06 6.2822184903361062e-07 1.5526177180127356e-08 0.001
5719 1.5589098010699464e-06 4.7055050775055756e-07 4.2098721459866203e-08 0.001
5720 4.5351403973309603e-07 2.446410949004866e-06 2.1001387218146209e-07 0.001
5721 2.315252836245865e-06 6.7335131480234728e-07 1.4232247998365165e-08 0.001
5722 1.7420451468623328e-06 1.9430103738561149e-06 1.3651641863072929e-08 0.001
5723 1.1582272023323215e-06 2.2394055388020213e-06 4.115997650705884e-09 0.001
5724 6.9725846834128671e-07 2.2292911638673912e-06 2.1633287181271148e-07 0.001
5725 2.0807554812245419e-06 2.3265382099773156e-06 6.2174642779102694e-09 0.001
5726 2.5148525595428547e-06 2.4971652297697043e-06 1.0990249926405855e-07 0.001
5727 1.9277678000631739e-06 7.2336579666410024e-07 6.935494846366085e-09 0.001
5728 1.0993616058391394e-06 1.9999192797734125e-06 7.2405057683353598e-08 0.001
5729 2.2911335938911407e-06 1.6855035641175335e-06 4.6544156163668206e-09 0.001
5730 2.309499545243998e-06 1.2745734668448482e-06 4.2493946179861966e-08 0.001
5731 1.453111711753326e-06 2.1542629329307499e-06 1.3658012852832188e-07 0.001
5732 4.415371028742867e-07 9.197121442521856e-07 1.0358779190455725e-08 0.001
5733 2.0082998669156918e-06 2.5338809775998123e-06 6.5540282286750346e-08 0.001
5734 8.2742945221341515e-07 7.7092838478323575e-07 1.38069932914605e-08 0.001
5735 1.8957236667285256e-06 1.7712960169241731e-06 1.2087093385441343e-08 0.001
5736 1.8227651890832318e-06 1.0497572650948583e-06 7.8492593097431863e-08 0.001
5737 5.7694826172810992e-07 1.3502553527761848e-06 2.5444510732549502e-09 0.001
5738 2.264466739720835e-06 1.1843776621042322e-06 1.0995982129934555e-08 0.001
5739 1.5752489169117217e-06 6.5795077115750644e-07 6.4659342714751641e-09 0.001
5740 9.9803482546633317e-07 2.1977369373477636e-06 7.0619876921771925e-08 0.001
5741 1.1655603093283856e-06 7.9229443774617193e-07 3.7190101189890249e-09 0.001
5742 7.8355681366842582e-07 1.9385658916943023e-06 2.5451353083473791e-08 0.001
5743 1.1086251895962299e-06 1.6191451411196532e-06 5.5793811629676424e-08 0.001
5744 9.4641720594681353e-07 1.9553006094981847e-06 1.197234818008275e-07 0.001
5745 1.908421775295635e-06 1.9639549312043436e-06 1.5351257377859554e-08 0.001
5746 1.9136207353754623e-06 2.3945270542365041e-06 8.148071906557655e-08 0.001
5747 4.0031449765325851e-07 9.2719442507044518e-07 2.3957585969850073e-09 0.001
5748 2.0126041822040538e-06 1.103585285853085e-06 2.8056323108703553e-07 0.001
5749 2.0662345856349382e-06 2.381939732599096e-06 1.2240381739887665e-08 0.001
5750 1.0653589826119632e-06 1.2094074760284184e-06 1.7615405414018319e-08 0.001
5751 3.8796983804568133e-07 5.6059365868069246e-07 2.4463486625076768e-09 0.001
5752 2.2845350407011425e-06 5.1391008097679427e-07 6.375899913409452e-09 0.001
5753 2.3365641239650646e-06 1.477463227720094e-06 1.1148616928081577e-08 0.001
5754 2.1012944095722259e-06 9.9915359307726021e-07 8.0555787336164009e-08 0.001
5755 4.0902916711144375e-07 1.0380057740286259e-06 2.1610729048233083e-09 0.001
5756 1.0972507912875274e-06 2.23953711943672e-06 1.4978834536894211e-08 0.001
5757 2.0970537440650061e-06 3.7662586720332882e-07 5.5583293627873834e-09 0.001
5758 2.1481313716821955e-06 8.9346591025053213e-07 5.0183517636936162e-08 0.001
5759 5.6613414787311908e-07 1.4204778994403694e-06 3.0538160186304073e-08 0.001
5760 5.0542246563260712e-07 2.308800879384565e-06 9.7123685952981958e-09 0.001
5761 1.2997191358622409e-06 1.0863779177528049e-06 1.8723056730778717e-08 0.001
5762 1.1234140137648085e-06 2.2933006021748708e-06 1.3331303307450768e-08 0.001
5763 2.067723943957906e-06 1.6932798226253352e-06 7.307958717633835e-08 0.001
5764 1.2305814879019848e-06 2.1657675380321045e-06 7.8537217598777212e-09 0.001
5765 2.2830177194563521e-06 1.8098727507378204e-06 2.5470022368512317e-08 0.001
5766 1.317962350969055e-06 2.3839141843608453e-06 1.558905851249551e-07 0.001
5767 5.9957295091682854e-07 1.4927010191303011e-06 3.4721515660983119e-09 0.001
5768 4.8225822332750782e-07 1.1216890653710498e-06 5.2069879430843885e-08 0.001
5769 8.0213149113183359e-07 1.9676029636528103e-06 4.3618477411375537e-09 0.001
5770 1.7871480841833364e-06 6.8899946860689219e-07 6.1170138074600728e-08 0.001
5771 8.1562900892120641e-07 2.3342830088309004e-06 9.6983729619877504e-09 0.001
5772 9.7831616800309803e-07 9.1269730946925513e-07 1.6069009918370578e-07 0.001
5773 7.7887763297025955e-07 2.0821893433927719e-06 5.321507576643288e-09 0.001
5774 2.2664352831720563e-06 6.0675116003405478e-07 3.4133616473209841e-09 0.001
5775 2.1161289852830394e-06 1.5096516146474486e-06 2.5077285163368196e-08 0.001
5776 4.7849290072339126e-07 1.199140030537052e-06 6.5821443871755811e-08 0.001
5777 2.4162426702328077e-06 1.3612119444193934e-06 1.8485024337125804e-08 0.001
5778 1.3510060718226703e-06 2.2583944862153187e-06 3.3064293743954492e-08 0.001
5779 8.8607639445314749e-07 2.3169298846981273e-06 8.675133862946009e-09 0.001
5780 2.4673121677888679e-06 1.8107112448343251e-06 7.6187455652913247e-08 0.001
5781 6.5230987597964233e-07 5.1893223305002254e-07 1.670693920889811e-08 0.001
5782 4.8314533285625988e-07 7.3418426443255578e-07 1.9522208620150263e-08 0.001
5783 4.6042861195548254e-07 1.3780177027820573e-06 1.6584307471916111e-07 0.001
5784 1.0781078774602845e-06 7.3013206726810072e-07 9.3690028471497981e-09 0.001
5785 2.2715680144116586e-06 1.6961628947339744e-06 1.2422979068071771e-07 0.001
5786 1.2782324315814012e-06 2.426581340380961e-06 7.3640258966972463e-09 0.001
5787 1.7967656754450919e-06 2.3622542307684736e-06 2.7967913256540408e-07 0.001
5788 2.5202487418921244e-06 7.1246707573505059e-07 9.9603023998941457e-09 0.001
5789 2.4751944357520863e-06 1.4596711068224014e-06 8.3836663458311945e-08 0.001
5790 2.46347324748529e-06 5.0408667181021815e-07 2.5452560571655222e-07 0.001
5791 1.4538331644687605e-06 1.929507178145297e-06 9.7431501262559341e-08 0.001
5792 1.2392386118949978e-06 1.6655843303376761e-06 1.2218579336277146e-08 0.001
5793 1.7782128743444642e-06 2.2645934125131517e-06 7.0904969565004187e-08 0.001
5794 4.0696508210067458e-07 4.0049780251215777e-07 1.2100534948165469e-08 0.001
5795 6.6646394184536774e-07 2.1664163289501982e-06 1.4012630685794196e-07 0.001
5796 2.3896242278217811e-06 4.3752793586753602e-07 2.4220476128859722e-08 0.001
5797 1.0283758972834662e-06 3.9173011075728981e-07 8.1267732833987873e-09 0.001
5798 1.6252905395172244e-06 1.5077664341595295e-06 4.2003838150652067e-08 0.001
5799 2.0240135159183747e-06 2.0917704610131742e-06 5.9481223887354485e-08 0.001
5800 2.1731850796506479e-06 2.0019823979922907e-06 7.271960240319987e-09 0.001
5801 7.136800939451716e-07 2.4853266770825839e-06 5.4267323461982302e-09 0.001
5802 2.4501437236964635e-06 7.8774859163204907e-07 1.2521904644632256e-07 0.001
5803 1.9005433832463428e-06 2.1164094130664708e-06 3.4084094014159995e-08 0.001
5804 4.7175943091913269e-07 1.4764441721063006e-06 1.1886294898416731e-08 0.001
5805 1.6110564272150885e-06 2.3761175159009958e-06 2.1208317874886386e-07 0.001
5806 9.8536275122375392e-07 2.3677292757374174e-06 1.7578732204104728e-07 0.001
5807 1.5523816215127955e-06 1.0221603138037306e-06 2.309185801655471e-07 0.001
5808 1.0490122894767191e-06 9.8347546704567163e-07 3.7392776764318113e-08 0.001
5809 8.6210036621914206e-07 2.1686623817711285e-06 9.9624725349600887e-08 0.001
5810 1.1729369867704609e-06 2.1150003224897995e-06 4.6701528189643026e-08 0.001
5811 1.5383933974391023e-06 1.7603412065657484e-06 1.0371096535254426e-08 0.001
5812 2.4086702593690253e-06 2.4954984789440706e-06 5.5507082900894201e-09 0.001
5813 1.3617842409715631e-06 1.8280630978229082e-06 2.9756365148622527e-07 0.001
5814 1.9319564399991435e-06 7.7420853056861847e-07 5.6123319955920778e-09 0.001
5815 1.2089811753393754e-06 2.6054763414055479e-06 3.6250731884510441e-07 0.001
5816 1.1640929647010183e-06 4.7607084304308601e-07 8.8571329251795885e-09 0.001
5817 1.9583427280339312e-06 8.3970387837405565e-07 4.7339320307175789e-09 0.001
5818 2.0204954055575981e-06 7.5429280192073472e-07 7.8772105624838453e-08 0.001
5819 9.3745501908492174e-07 4.7477209677845249e-07 3.4481303732204258e-09 0.001
5820 1.2919329622817725e-06 1.5011681258718091e-06 4.6020627270634874e-09 0.001
5821 3.7590640821388495e-07 1.6591872756365654e-06 8.0151251640250015e-09 0.001
5822 2.3776179739629314e-06 9.2410898669579538e-07 5.5894586704608677e-09 0.001
5823 2.615909202303707e-06 1.0949986319946025e-06 1.9692333171528121e-07 0.001
5824 2.4507717384280473e-06 8.1481505845179002e-07 5.3816814273398715e-08 0.001
5825 8.1279605664025628e-07 1.6931272495451944e-06 7.6791693726210247e-09 0.001
5826 1.8559864298471925e-06 3.9775539316360087e-07 9.4950131163311849e-09 0.001
5827 5.1567643205695211e-07 2.5875172587932014e-06 3.4651940745735741e-09 0.001
5828 1.2906490354451847e-06 1.7071790262704996e-06 1.087192582767663e-07 0.001
5829 2.3658496427976651e-06 4.7017864538500337e-07 7.0157827731661693e-08 0.001
5830 2.4369195284205654e-06 1.4392639459188011e-06 4.6833228429748988e-08 0.001
5831 1.8187874849074992e-06 9.8899657234297426e-07 2.3213355148931965e-08 0.001
5832 2.5915895843707745e-06 2.5794350029808014e-06 5.1433977974433292e-08 0.001
5833 1.181889915437461e-06 1.2394185124749976e-06 6.6498101749225489e-09 0.001
5834 1.8674333854819956e-06 1.3045282550065008e-06 1.2476569864024099e-08 0.001
5835 1.387059007816495e-06 1.992389678875322e-06 2.6096078637745574e-07 0.001
5836 1.7656392901209331e-06 1.6420759082703168e-06 5.5052409761647321e-09 0.001
5837 1.3785505921545377e-06 1.3088289947583622e-06 3.4632729175333834e-08 0.001
5838 5.600757046021895e-07 8.4330367042747107e-07 1.2025386571681415e-07 0.001
5839 1.0818979577265102e-06 1.649447307016126e-06 1.0081321748144139e-08 0.001
5840 1.3907730882818018e-06 1.0189218360194213e-06 2.2187330243620617e-07 0.001
5841 2.4300161664877504e-06 4.3701068991926954e-07 2.6494917060716817e-08 0.001
5842 1.7362708317373009e-06 2.3626313672703052e-06 9.5368572165881349e-09 0.001
5843 6.3139076352598846e-07 1.3254684463873841e-06 3.4949867610308572e-08 0.001
5844 1.1555719190236874e-06 6.6654484664702786e-07 4.5570984030999354e-08 0.001
5845 7.2480743325363226e-07 1.602686576603808e-06 3.1914701688254173e-09 0.001
5846 9.6946990796038628e-07 5.1068510008627061e-07 7.8739074117391995e-08 0.001
5847 4.7211374791975051e-07 2.29184393520303e-06 2.6236961944108169e-07 0.001
5848 4.6358388707177894e-07 6.1260327894539518e-07 2.3160168698777129e-09 0.001
5849 9.2804657711311799e-07 2.2832741400717789e-06 7.0451827509532678e-08 0.001
5850 1.6682916058530834e-06 7.0444852375756893e-07 2.8073434136319992e-08 0.001
5851 2.5001377768990575e-06 6.2169174569775899e-07 6.0343295859090314e-08 0.001
5852 2.4573355715586993e-06 1.1744988070869826e-06 4.9816836577049347e-09 0.001
5853 5.1147536523303263e-07 2.4027880875613158e-06 1.686810719349376e-07 0.001
5854 1.1477144857664593e-06 2.2407285316538504e-06 4.3156180189488552e-09 0.001
5855 5.6755715374817878e-07 1.7053933905126531e-06 8.2648162855343299e-08 0.001
5856 2.3129353754723484e-06 1.6617540942084824e-06 7.3549645796494915e-08 0.001
5857 1.1842021870560221e-06 2.103543290452089e-06 7.8321676623249325e-08 0.001
5858 2.4352798741979353e-06 4.3536451347097495e-07 1.6061439891371153e-08 0.001
5859 4.6293434496403584e-07 2.4232549756602054e-06 1.0885861374291032e-07 0.001
5860 1.331046309659668e-06 8.9190792890421662e-07 8.6856264945393896e-09 0.001
5861 2.5288196712191267e-06 2.1017372294156611e-06 3.2848450955412687e-07 0.001
5862 2.3275137033309387e-06 2.3223348506293224e-06 3.0974830766365668e-08 0.001
5863 9.2949592372661809e-07 1.0827992861464302e-06 2.6910464432214326e-09 0.001
5864 4.695866795104953e-07 1.4452368466594943e-06 1.0587731528398938e-08 0.001
5865 9.4607932928376759e-07 5.991725118722445e-07 1.0395217750281081e-07 0.001
5866 1.4736017523180596e-06 1.364398733598786e-06 1.5817324718125279e-07 0.001
5867 2.0487141454373912e-06 3.8180916942524046e-07 8.9737723608448959e-08 0.001
5868 1.7059530070966883e-06 2.4498436296069732e-06 1.1640811269456388e-08 0.001
5869 7.3299898967293914e-07 2.239157833705517e-06 5.6326630771569531e-08 0.001
5870 7.1514902120425542e-07 1.2117171345676818e-06 9.747693696112442e-08 0.001
5871 2.1108499979590685e-06 2.0940438032175201e-06 4.8313231484163338e-09 0.001
5872 1.8905263640260362e-06 1.5196786552302386e-06 7.2926402704165518e-08 0.001
5873 6.1498523795819857e-07 1.4668949204057534e-06 3.3113421677140775e-08 0.001
5874 9.6048599855726444e-07 9.3481867789092134e-07 1.2105905842199996e-07 0.001
5875 4.684555771388377e-07 1.1651179415908244e-06 3.9469759069804165e-08 0.001
5876 1.1485562832557e-06 1.3449708695991108e-06 7.6166312287088694e-09 0.001
5877 9.7430298978424777e-07 2.1238100658233849e-06 1.6750857828358835e-08 0.001
5878 1.3782581617814376e-06 2.3620481510239518e-06 2.4592729695878832e-07 0.001
5879 1.3995284565771202e-06 1.3356261987438539e-06 2.1639377425400977e-07 0.001
5880 9.0981059239733029e-07 2.3750272371075805e-06 1.0204482647391398e-07 0.001
5881 1.0429978773870575e-06 2.0524912493750761e-06 1.2326909298072633e-07 0.001
5882 2.5557838599111154e-06 1.1092885926194522e-06 2.7414930562485374e-07 0.001
5883 1.1684288535363985e-06 2.0260124932540875e-06 1.0210836856094443e-07 0.001
5884 1.8632992928223525e-06 2.4142779812119983e-06 1.3854051220527729e-08 0.001
5885 1.4896360215223889e-06 2.2614843160239597e-06 1.3931580473535553e-08 0.001
5886 1.6027400837515016e-06 5.1891128983700196e-07 7.1058841848792686e-09 0.001
5887 1.0652855351129077e-06 2.2957843560561368e-06 2.0294116193690154e-08 0.001
5888 1.3967046128554924e-06 9.2481305195463444e-07 1.4429263381162985e-07 0.001
5889 6.9046880375012043e-07 1.8171488640603114e-06 9.4269909277977324e-08 0.001
5890 1.5272688586041588e-06 8.438417536056019e-07 2.1562067589932719e-08 0.001
5891 1.5086016203371159e-06 1.6781442491936287e-06 2.3750715900376707e-08 0.001
5892 1.6746423746683143e-06 8.2168868652401317e-07 1.9065618062584297e-07 0.001
5893 8.4427059128974631e-07 2.4447151059591214e-06 1.688793753171472e-08 0.001
5894 6.8251417918698962e-07 2.3145353133499577e-06 4.1499344572784595e-09 0.001
5895 2.4651129938525966e-06 5.9320819627244939e-07 6.4820049939683815e-09 0.001
5896 1.964617811631874e-06 2.4468817068576638e-06 9.4038331665497317e-08 0.001
5897 1.244939953641225e-06 1.1141703008010483e-06 1.011913047084275e-08 0.001
5898 5.764889346245951e-07 8.2957483796840097e-07 2.533320353555483e-09 0.001
5899 1.5445089989361639e-06 6.9887073807366957e-07 5.7509531502780271e-08 0.001
5900 1.3456670900918492e-06 1.5376329580047559e-06 4.0553561971786345e-08 0.001
5901 2.1484843361176764e-06 1.3408318347305015e-06 4.9242008792612782e-08 0.001
5902 1.0825530300331566e-06 2.3681936195837187e-06 9.038598103880205e-09 0.001
5903 8.6210023791582386e-07 1.8313497911655111e-06 4.227072705522728e-08 0.001
5904 1.2772606935105445e-06 1.8229509118730213e-06 6.5923153714601869e-09 0.001
5905 2.1441501027329725e-06 1.3178201050179125e-06 2.2102659519899554e-07 0.001
5906 1.4018011702927525e-06 5.9174581656346808e-07 1.6316303096084783e-08 0.001
5907 1.9412815501346187e-06 8.9605804622107734e-07 1.3182965535000733e-07 0.001
5908 1.3446500611927989e-06 1.9936382246089604e-06 2.5618905353410427e-08 0.001
5909 2.4908354655744808e-06 1.1322605980980489e-06 4.0178776592866669e-08 0.001
5910 1.34910633927271e-06 1.3301013644341309e-06 2.9899155861981777e-08 0.001
5911 1.0560420329410658e-06 2.4578618285690298e-06 2.5974689466504902e-07 0.001
5912 2.2501479867426667e-06 1.6419372149997403e-06 4.8992320136902351e-08 0.001
5913 1.9731593076111951e-06 2.6133118961913862e-06 1.4147267189902326e-07 0.001
5914 7.7289206074269547e-07 4.4913727245885264e-07 6.4086591026098055e-09 0.001
5915 5.8500696961487952e-07 1.3428237702325382e-06 1.2518687559954304e-07 0.001
5916 4.3313272823285175e-07 2.2672409196862398e-06 3.2172198078549482e-09 0.001
5917 1.0039577608820075e-06 5.6593432974689753e-07 2.6378412293540153e-09 0.001
5918 1.3175501038389898e-06 5.0655260326452073e-07 2.0156521002129192e-09 0.001
5919 2.1297631787726655e-06 2.18630220165817e-06 5.4769840346176862e-08 0.001
5920 2.251203794054015e-06 2.2880309696005861e-06 7.5146334492222298e-09 0.001
5921 3.944361414347294e-07 8.1501283706855367e-07 2.113882221368454e-08 0.001
5922 2.5495168553592552e-06 7.0680608107230304e-07 4.2610916090697201e-08 0.001
5923 2.1821348117264231e-06 1.2709763637573869e-06 1.4483346647986598e-08 0.001
5924 1.6370925807690991e-06 2.1809666760409936e-06 6.1825531245681382e-09 0.001
5925 1.5145664461252848e-06 1.1314175240018585e-06 1.9865156841153744e-08 0.001
5926 1.6337233974796271e-06 4.1066975638517132e-07 1.5111854223383673e-07 0.001
5927 2.5609683405271006e-06 2.1176247518738847e-06 2.354229326757164e-07 0.001
5928 1.1568902514164825e-06 8.0981687949394704e-07 4.5558880646378683e-08 0.001
5929 1.2064197470245281e-06 2.3978349535056865e-06 2.6044251608109254e-07 0.001
5930 1.5031821571400832e-06 9.492491862331893e-07 1.5667044499109155e-07 0.001
5931 1.2050889522785447e-06 1.2176950489541873e-06 1.9866378615219512e-07 0.001
5932 8.23649795254203e-07 2.4809157379645402e-06 1.050037537661216e-07 0.001
5933 1.9849487356939255e-06 1.3781346274653719e-06 3.9182129796376186e-08 0.001
5934 1.3296995257975472e-06 2.194980890349092e-06 5.4902008030394431e-09 0.001
5935 1.7601201120389258e-06 2.5704031216155124e-06 4.2756091580566555e-08 0.001
5936 7.8305626175669573e-07 4.0739380408356301e-07 3.8704915203419718e-08 0.001
5937 9.4484964723202004e-07 2.6133784854627866e-06 1.9637186008392328e-07 0.001
5938 2.1161534914948995e-06 8.2564935046336361e-07 4.2964352167833414e-09 0.001
5939 1.9830641506917696e-06 1.391810657623437e-06 6.9114784877895967e-09 0.001
5940 1.8727215620746812e-06 2.6042415629608007e-06 9.5063883891163816e-09 0.001
5941 3.8441696311037077e-07 1.3277780441501647e-06 2.1774621451386181e-09 0.001
5942 2.548187802880927e-06 2.4104319567586697e-06 3.9404068765999611e-07 0.001
5943 2.5586385274247151e-06 1.8013413548077197e-06 1.3420652093704846e-08 0.001
5944 1.5344962204316303e-06 2.0772374419822109e-06 1.096621370669532e-08 0.001
5945 1.0775033397307108e-06 1.8917629615325707e-06 1.5376163791091843e-07 0.001
5946 9.0385541294822445e-07 2.2219094355649213e-06 1.2393993871967702e-08 0.001
5947 2.3035130323317209e-06 2.321997600048987e-06 7.6226114549537123e-08 0.001
5948 1.0565530819622224e-06 1.5929784505165671e-06 2.8027002166193749e-09 0.001
5949 4.4368203130582286e-07 1.0596619167697275e-06 8.8353111877411072e-08 0.001
5950 1.1139043890748449e-06 2.4059129081910364e-06 7.498038527610878e-09 0.001
5951 2.3941131738317304e-06 1.9491114619360583e-06 2.0284086048749494e-07 0.001
5952 4.8289541642435044e-07 1.5665684306148157e-06 3.4476543377814389e-08 0.001
5953 1.0130818945401566e-06 2.4677259179119292e-06 3.4759095903854605e-08 0.001
5954 2.2745860334053102e-06 7.9569562689977057e-07 6.3976985879488963e-08 0.001
5955 2.5464595260584106e-06 1.6520997055615141e-06 8.175501990252636e-09 0.001
5956 2.2809910831726344e-06 9.3034939058090062e-07 1.0786926404213247e-08 0.001
5957 1.5517230083193633e-06 1.9323330284843022e-06 2.7909120432859916e-08 0.001
5958 2.5354378517927607e-06 1.165826601191004e-06 5.7500741417169333e-09 0.001
5959 7.6377543699220406e-07 1.7442347842595086e-06 2.639926315637625e-09 0.001
5960 1.9121087715357302e-06 9.5738188847771206e-07 6.9280542598462518e-09 0.001
5961 1.3912707374898817e-06 1.2589935387621024e-06 3.4445347804970446e-08 0.001
5962 1.852098085887966e-06 1.4313642711365011e-06 1.4483549331611897e-07 0.001
5963 1.88702104953708e-06 9.1358244472937126e-07 8.156690272251342e-08 0.001
5964 1.5110137028580882e-06 2.1598631181243551e-06 2.7599112700404292e-07 0.001
5965 1.1714954409918873e-06 6.3590977075845616e-07 3.0257746762881366e-08 0.001
5966 1.2083987042434382e-06 2.4212654022919228e-06 1.2859722311201774e-07 0.001
5967 1.3838085152835198e-06 1.4196987247019302e-06 2.2172094103098738e-08 0.001
5968 1.8103574530330466e-06 9.3658283592988553e-07 2.8935035303297785e-09 0.001
5969 1.5571558578902447e-06 6.6607107212103577e-07 7.9722673594450595e-09 0.001
5970 5.7892854756199787e-07 1.5626799600940021e-06 2.1879155806745887e-09 0.001
5971 2.0809791889597785e-06 1.0956548094156075e-06 1.3716242330161152e-08 0.001
5972 6.0437580578066156e-07 2.130228266525995e-06 2.8848785101133654e-09 0.001
5973 2.4084417170857842e-06 8.4999363032637375e-07 9.5877265915663462e-09 0.001
5974 1.4947110965622531e-06 1.465114165187391e-06 1.532027720829553e-08 0.001
5975 1.5715161636895257e-06 5.1109826528380307e-07 1.410725685916875e-08 0.001
5976 3.8903468637737768e-07 1.5817849800968332e-06 1.4083590113216402e-07 0.001
5977 2.4206223213097567e-06 3.9083642049783393e-07 1.1164346664880874e-08 0.001
5978 2.3146112991849821e-06 9.9360598363416923e-07 6.0383477016379376e-09 0.001
5979 2.1587667756532655e-06 2.5997058563632288e-06 1.3002714302866413e-08 0.001
5980 2.3111900299669924e-06 6.8404444677014651e-07 9.8715287841000487e-08 0.001
5981 1.6936862566434953e-06 1.9918059284122908e-06 6.680961736564459e-08 0.001
5982 3.9976261652080614e-07 1.7789882431941057e-06 1.6728550297243104e-08 0.001
5983 2.5603727951118284e-06 1.888915539736573e-06 1.4659740887422301e-08 0.001
5984 2.4206434296157125e-06 1.7193754120896438e-06 1.8027106470425814e-08 0.001
5985 7.2727815460703692e-07 2.4760028036892288e-06 1.2761964482214308e-07 0.001
5986 2.211314364840894e-06 1.3161347383132118e-06 3.6970150093092678e-09 0.001
5987 2.160711547424596e-06 8.6804478357595289e-07 7.9206819931794298e-08 0.001
5988 8.4393156131882268e-07 3.9389365249863639e-07 2.206588557593908e-08 0.001
5989 1.6886180145826324e-06 1.7144172492858212e-06 1.7656981880431974e-08 0.001
5990 1.6170228260180468e-06 2.3423061558786408e-06 8.0570366061115469e-08 0.001
5991 2.051372718971221e-06 6.600032053691032e-07 8.8951848943371486e-09 0.001
5992 5.0651450801003993e-07 1.4210829743349e-06 1.0346753137958515e-08 0.001
5993 6.8800279155863314e-07 5.3402531622237921e-07 1.7709421369821826e-09 0.001
5994 1.5621150283125129e-06 2.3828943084641611e-06 1.3549889504843667e-08 0.001
5995 4.85744409717424e-07 1.9116812516264005e-06 2.6488350317227809e-08 0.001
5996 2.1093840830399296e-06 2.475075941495954e-06 1.0033885346741795e-07 0.001
5997 7.8524095275041245e-07 2.3492130330905424e-06 1.634059787758718e-08 0.001
5998 5.5255684617313371e-07 1.7642581060813051e-06 4.9147433744998934e-09 0.001
5999 2.1811201876690305e-06 1.8511906390343226e-06 2.1926270156242045e-07 0.001
6000 1.7998418063501115e-06 6.7745361839092028e-07 2.7244900473945577e-09 0.001
6001 1.5044933713659599e-06 2.0200419297657238e-06 1.248900757499147e-07 0.001
6002 7.8319593559436953e-07 1.8020408150336105e-06 7.342281019567715e-09 0.001
6003 1.3713199417821919e-06 7.311429482273407e-07 1.0755413428183443e-07 0.001
6004 7.9288527765324845e-07 2.5113614979363388e-06 5.2097876258578472e-09 0.001
6005 1.2389327789944874e-06 6.5233512126238573e-07 3.3791479245821291e-09 0.001
6006 2.4935410100725689e-06 2.6086106127288929e-06 2.681921108396267e-07 0.001
6007 1.4552201796050522e-06 5.3487872715756282e-07 2.1582110945756364e-08 0.001
6008 8.596658052813467e-07 8.4411965702845283e-07 1.9446955161954883e-09 0.001
6009 2.1223066253579631e-06 2.5735370557487232e-06 2.0566706864800667e-07 0.001
6010 7.8233369543470287e-07 1.4075502165990726e-06 8.1003344841152856e-09 0.001
6011 2.6188448904812149e-06 2.1157504321634603e-06 1.0201601056913119e-07 0.001
6012 5.9514070890633245e-07 1.6114768859174519e-06 1.7915171349519521e-07 0.001
6013 1.7880311078459375e-06 1.3326225881773809e-06 1.0101660237427899e-07 0.001
6014 1.536596598655538e-06 1.3472872393629172e-06 2.9165532433970489e-08 0.001
6015 1.7482378656148549e-06 2.3985510531566321e-06 1.7343955224767001e-07 0.001
6016 1.7426742789967472e-06 1.8699886890933869e-06 1.7330841639739997e-07 0.001
6017 1.7531768860628467e-06 7.2393719218635465e-07 5.4761449262319444e-08 0.001
6018 2.4790573150819885e-06 8.0224818231482076e-07 2.1278493872211665e-08 0.001
6019 1.6562768302067476e-06 6.5122944843495089e-07 1.9682951573344332e-08 0.001
6020 1.4776428300891955e-06 1.6487367612312009e-06 1.2441515996874688e-07 0.001
6021 2.0491015729000638e-06 1.3001567167687594e-06 2.1996101587647927e-07 0.001
6022 2.4412410383210607e-06 4.5413414011453176e-07 3.9806470502405079e-09 0.001
6023 1.6834928542263145e-06 2.200703180329318e-06 1.1309754191262825e-07 0.001
6024 2.592461869730359e-06 1.1027500797405989e-06 1.0986112351226561e-07 0.001
6025 8.7420232944437552e-07 1.603913080096141e-06 9.0955148561687046e-08 0.001
6026 1.4503750851277743e-06 7.3148331481981454e-07 2.4133687468465424e-08 0.001
6027 1.3462173884888969e-06 2.1123825099867653e-06 9.1030446566204019e-09 0.001
6028 1.3810592409965588e-06 2.1819606552619074e-06 7.6642799062660519e-09 0.001
6029 1.922459726388083e-06 1.9301649210582249e-06 1.3593633753435272e-08 0.001
6030 2.2523379964015205e-06 2.5181384048191618e-06 2.2511573748869131e-08 0.001
6031 1.6598030232540663e-06 2.0936050276745485e-06 4.7092187929464883e-08 0.001
6032 4.2618699919899821e-07 9.852413758830371e-07 5.6224719366519357e-08 0.001
6033 1.9806880222477846e-06 1.689526206927423e-06 3.7315567392318836e-09 0.001
6034 2.0330085925029996e-06 1.4647197776297878e-06 1.0725728415480463e-07 0.001
6035 1.5789401205696141e-06 8.7074141056001102e-07 4.2660679283640299e-09 0.001
6036 1.2222530293905515e-06 1.0739286062880583e-06 5.1091386950510231e-09 0.001
6037 1.7678289680054397e-06 1.340852194416971e-06 9.738791010981797e-08 0.001
6038 8.5605606434226232e-07 5.0813346655772769e-07 1.1323193566285167e-07 0.001
6039 2.1918396958535132e-06 5.3214385385892751e-07 2.4181726594892636e-07 0.001
6040 4.1511683340484493e-07 1.6110900520082448e-06 1.4714932993791658e-07 0.001
6041 9.5759762803928816e-07 1.6959050424596211e-06 5.9691558516388939e-08 0.001
6042 1.7424894889183451e-06 2.0823173705114136e-06 9.685293396102628e-08 0.001
6043 1.8492262059910117e-06 1.4371336913396684e-06 3.6348375163380512e-08 0.001
6044 1.9052827879633095e-06 1.4398750507768208e-06 1.625456433795731e-07 0.001
6045 1.2631183606335812e-06 7.8840285122046405e-07 1.4291133189642694e-08 0.001
6046 1.4557642696866803e-06 1.7091676571776395e-06 1.0091066882617061e-08 0.001
6047 1.3775608070002592e-06 1.8833230539893763e-06 1.2219711248074967e-07 0.001
6048 2.3746268091068857e-06 1.9902975580193463e-06 5.1315850795320897e-08 0.001
6049 1.9688508889382538e-06 6.3741625536876661e-07 1.8553303275935957e-07 0.001
6050 7.9365405007638733e-07 1.0388158018698075e-06 2.9060652741759989e-09 0.001
6051 1.4564528743269442e-06 2.0280419210240035e-06 6.3265603843430802e-08 0.001
6052 1.9424875468911032e-06 4.6619185315661731e-07 2.7740039091014709e-09 0.001
6053 1.7821670420297973e-06 2.4776295407651475e-06 3.5783955609448881e-08 0.001
6054 2.5658645163994564e-06 2.1372921350129848e-06 1.0203150659025171e-07 0.001
6055 1.5247458543056265e-06 1.0168741916956034e-06 6.6143016985720726e-08 0.001
6056 5.0916247097314996e-07 2.3922238593379678e-06 4.2223383031256897e-09 0.001
6057 2.3362600598529122e-06 2.3711023543585515e-06 2.4983234460434919e-08 0.001
6058 9.9936824521502908e-07 1.2819995568388835e-06 2.5798654123224507e-08 0.001
6059 1.3954961954580795e-06 1.4366509655059216e-06 1.4053082513086409e-08 0.001
6060 1.7935298036957999e-06 2.3187308691825521e-06 1.9611751997740721e-07 0.001
6061 1.4626559542295833e-06 2.0782662614652036e-06 2.7850573777004282e-08 0.001
6062 1.2209844496892138e-06 2.1347947436692839e-06 2.5918495792587135e-08 0.001
6063 6.9178705866505591e-07 1.1890387330518513e-06 1.5041428384460292e-07 0.001
6064 1.0026438947790074e-06 2.4317443211370509e-06 2.2448871437244624e-08 0.001
6065 1.0324590455656963e-06 6.2701665508127255e-07 3.2501719551272988e-09 0.001
6066 8.5946335949022906e-07 2.1737788290755261e-06 7.2032133335792023e-08 0.001
6067 1.2399233229098446e-06 2.4903939416356261e-06 4.5705092805409781e-09 0.001
6068 1.9626745484775926e-06 9.6289602641866394e-07 3.1349006086271366e-09 0.001
6069 5.4126342134575545e-07 7.3366159577621843e-07 2.3764860993794366e-09 0.001
6070 1.5162848954578871e-06 7.3421351929733537e-07 2.3679638476892514e-08 0.001
6071 2.6117173292579177e-06 6.3353720068268939e-07 6.4644024417487519e-08 0.001
6072 1.4448057386792509e-06 7.2791066720703486e-07 4.0208710095107413e-08 0.001
6073 1.7426809602338715e-06 2.3646883271908476e-06 2.5916023706603909e-07 0.001
6074 2.6060469187820378e-06 1.1206602680341714e-06 8.9339205987882816e-09 0.001
6075 1.1474528612249567e-06 3.9692037971661685e-07 1.0116345736803292e-08 0.001
6076 5.252674797891382e-07 2.4977447728165601e-06 3.6339199094874793e-09 0.001
6077 2.1683993624469588e-06 7.9693364370638663e-07 4.3568643725839248e-08 0.001
6078 2.3503182042936889e-06 1.1640875672999099e-06 2.9695153490492766e-08 0.001
6079 1.8926529220551628e-06 4.7564072969214179e-07 1.8304456258456748e-08 0.001
6080 1.1374489859222213e-06 8.3776872221235168e-07 5.3337815369875869e-09 0.001
6081 2.3886133136835164e-06 1.4465781402078417e-06 5.2389381305627428e-09 0.001
6082 1.8541612061775547e-06 2.2031497879555789e-06 7.7891387444108262e-08 0.001
6083 1.288485155051855e-06 8.4485009427507424e-07 4.8905914649103088e-09 0.001
6084 2.27309360957298e-06 2.4932248944739031e-06 1.8621401628978672e-08 0.001
6085 1.75161284524657e-06 2.1888095066559547e-06 3.4173451137251577e-08 0.001
6086 1.7669930327436633e-06 1.4857447883318257e-06 9.4116392028710751e-08 0.001
6087 1.0999208947917073e-06 2.078007647912045e-06 2.005460636445887e-07 0.001
6088 1.4245131691359201e-06 1.3959317759503761e-06 9.7400320482180835e-09 0.001
6089 1.4847804390509131e-06 8.4713297984840122e-07 1.1413221670658359e-08 0.001
6090 4.8463321070535056e-07 1.187836538731795e-06 7.3497524535305441e-08 0.001
6091 2.1206870115822202e-06 1.2188137699220627e-06 2.091999125395118e-07 0.001
6092 1.7293147234549806e-06 2.4203922010234659e-06 5.990354316868836e-08 0.001
6093 1.5362435274273603e-06 1.6036090063690769e-06 3.6083624220847488e-09 0.001
6094 1.1675518724265149e-06 2.1145137486441933e-06 1.2520457457857478e-07 0.001
6095 4.6091501122946888e-07 1.5678808360032033e-06 3.5849541875143525e-08 0.001
6096 2.1176514932468671e-06 5.9433072700699304e-07 2.3965156334943731e-08 0.001
6097 8.2108777814132913e-07 1.8299417127911152e-06 6.5555977519448279e-08 0.001
6098 1.3932646034267425e-06 1.0893937946766525e-06 1.6050410488356797e-07 0.001
6099 9.4169777886485093e-07 1.2899520824354194e-06 2.1729342344391485e-08 0.001
6100 9.140960573276414e-07 2.6224355687487677e-06 1.2899588631154685e-08 0.001
6101 1.2810421777621112e-06 1.057968886893219e-06 1.581540348413599e-08 0.001
6102 1.9934692896560536e-06 6.1812880829947777e-07 1.2518296466331972e-07 0.001
6103 9.9072937349889312e-07 1.8148844884869531e-06 3.3719661979654954e-09 0.001
6104 1.6726455081116847e-06 4.0468011118978596e-07 2.4861427794649495e-08 0.001
6105 4.127944934786854e-07 1.9349110634734405e-06 3.5297962485552297e-08 0.001
6106 4.4346361102937012e-07 1.3932843201158103e-06 9.6360298062750854e-08 0.001
6107 5.3875469451090509e-07 8.0612131125438084e-07 2.2758145096441409e-08 0.001
6108 1.9814463829953443e-06 2.3580358332387837e-06 1.4426683875396503e-08 0.001
6109 1.7198539698735911e-06 1.0361977445436156e-06 8.681467471606046e-08 0.001
6110 1.5503835299658262e-06 2.2103013597161776e-06 1.3811747964921254e-08 0.001
6111 1.9437825768459354e-06 2.0007146039561654e-06 1.6945867195482461e-08 0.001
6112 2.2058365414649021e-06 2.1575308174629225e-06 3.7929534514430869e-08 0.001
6113 7.5508831926338062e-07 8.4479842607532151e-07 3.598436619924969e-09 0.001
6114 1.6999175175292471e-06 3.9731525601900484e-07 1.2190533599561713e-08 0.001
6115 8.2257237915614442e-07 1.8460187918945713e-06 1.1011512149348305e-08 0.001
6116 2.2048601396045581e-06 1.0586554661472892e-06 4.5845416273034451e-08 0.001
6117 2.5750374635608035e-06 2.2661268038444653e-06 9.8781738186053136e-09 0.001
6118 1.6036436912044445e-06 2.392037947545257e-06 1.7093929687935457e-07 0.001
6119 1.6009382745154034e-06 8.8501459772795293e-07 1.8540263508111771e-07 0.001
6120 1.4299639785571982e-06 1.1228528822426345e-06 1.9129459538082049e-07 0.001
6121 1.1075447041759573e-06 2.3452370411450137e-06 7.3462100726662907e-09 0.001
6122 6.9838667819194435e-07 2.1492316308835404e-06 1.1651924230364698e-08 0.001
6123 1.6081002863656297e-06 1.0470032925524874e-06 3.8296056513229378e-08 0.001
6124 1.9554629502812927e-06 1.1752047604323113e-06 3.1698112105019411e-09 0.001
6125 1.7535389989221739e-06 2.1589406161898308e-06 7.8828441475194809e-08 0.001
6126 9.0005245399430166e-07 2.3030888475027385e-06 1.1095983228891652e-08 0.001
6127 1.5620688118562579e-06 5.0103182822954031e-07 1.4593674492622655e-07 0.001
6128 1.9952906146098826e-06 1.6243223123887419e-06 3.7065726114866994e-09 0.001
6129 1.0017268259350506e-06 1.9398694801230968e-06 9.9696506314394315e-09 0.001
6130 2.0772991055473214e-06 1.7782265836861134e-06 3.0971583520874888e-08 0.001
6131 2.4291315196945025e-06 1.6194190702308961e-06 1.104501497453522e-08 0.001
6132 1.7923635418660043e-06 5.8896858110502632e-07 8.8204986843220178e-08 0.001
6133 1.8036741600175912e-06 2.2885660002122587e-06 1.0839012317999133e-08 0.001
6134 1.1286481246007744e-06 7.4535520209134362e-07 2.1398977248314927e-09 0.001
6135 2.1021711415929622e-06 1.5899309305148997e-06 1.2543128999729341e-07 0.001
6136 2.2374356069377673e-06 1.2242928476472455e-06 5.2781244856843402e-09 0.001
6137 9.9888443746162751e-07 1.7808246537594194e-06 2.54913065279606e-07 0.001
6138 6.1566734230163733e-07 4.023993993411585e-07 1.3929488967634255e-08 0.001
6139 1.3758038406347423e-06 1.9759009968143525e-06 3.6262372399910959e-08 0.001
6140 4.1214949394295531e-07 7.501089132016532e-07 2.0666050452449098e-08 0.001
6141 4.0115762954420485e-07 1.2793249674790795e-06 1.2731515105808431e-08 0.001
6142 2.3637370497480003e-06 7.4411902163916298e-07 7.206692350499311e-09 0.001
6143 1.0113175250921495e-06 5.0256856590092242e-07 9.608420250463406e-08 0.001
6144 1.701958244017366e-06 1.1709519399318666e-06 1.1556850068059788e-08 0.001
6145 9.7546493781360563e-07 1.2589633651095571e-06 3.438550221509524e-09 0.001
6146 1.4445412469945711e-06 5.2422108525159137e-07 2.2284276226227772e-09 0.001
6147 1.7061537231898203e-06 5.0137684651594317e-07 4.8169773513113117e-09 0.001
6148 1.4431864387495106e-06 1.8659901285664643e-06 3.6247046100026639e-08 0.001
6149 1.5935698727376658e-06 7.4907449683991573e-07 5.3428888481786e-09 0.001
6150 9.4156010053840391e-07 2.5185383936999232e-06 3.7168787279153659e-09 0.001
6151 1.2597215691376441e-06 2.1119784673551806e-06 3.0044395189744424e-08 0.001
6152 1.7008581886665819e-06 2.4713053551553802e-06 5.6240487973272515e-09 0.001
6153 1.8952543414530859e-06 1.0095384835885553e-06 7.4804729420620319e-08 0.001
6154 7.6156710018334592e-07 1.3054943532902665e-06 1.0983980836598699e-08 0.001
6155 1.3756404036907648e-06 1.591435448799245e-06 5.1466891540992249e-08 0.001
6156 2.0623670736228846e-06 2.5002243551367219e-06 3.0406360023520699e-08 0.001
6157 1.0834901812371592e-06 2.4734455788451371e-06 3.2582098672256147e-08 0.001
6158 1.0818843085254402e-06 1.7906220484989212e-06 3.9977436656994979e-08 0.001
6159 1.0047924393491293e-06 2.487489199893113e-06 2.3431862581736627e-08 0.001
6160 5.4353841685766256e-07 1.0187770661954138e-06 2.5176437408656879e-08 0.001
6161 1.7562833069581252e-06 2.5633863816690378e-06 2.8194269392950084e-07 0.001
6162 1.6252119471103827e-06 1.1970298219997521e-06 7.8819160627538835e-08 0.001
6163 1.2145548050580811e-06 1.3834212456864815e-06 8.0876990588069227e-08 0.001
6164 1.5583194196331864e-06 1.3563805523174108e-06 9.7981350060106141e-08 0.001
6165 1.2700362794959512e-06 2.2221641773238906e-06 5.3259519543210339e-08 0.001
6166 1.704135055844662e-06 2.1672775768898449e-06 5.0691432320022454e-08 0.001
6167 1.2548621390522164e-06 6.2611074932577327e-07 1.3211856975712304e-07 0.001
6168 1.2230109383389178e-06 1.5099213646200998e-06 2.9197478064875696e-08 0.001
6169 4.6517990424944851e-07 2.142304537485377e-06 5.8400363478493273e-08 0.001
6170 7.6847371930083158e-07 2.0945727912053906e-06 4.0754075529680507e-09 0.001
6171 1.7434210691350962e-06 2.3455637661698776e-06 3.2094182058655167e-08 0.001
6172 2.5375730947875019e-06 2.2962908922493139e-06 2.6895320705026226e-08 0.001
6173 9.1702179462632299e-07 9.1089552897870762e-07 5.4451713647279346e-08 0.001
6174 1.9660964569612202e-06 1.8272685621900786e-06 4.609549523688797e-08 0.001
6175 2.5365677581385574e-06 1.3840183490886437e-06 1.7816817875046032e-08 0.001
6176 2.3353880901591222e-06 7.1950228518797374e-07 1.8683989838113269e-07 0.001
6177 9.7239147113107271e-07 2.3300372983392953e-06 2.8799415554911555e-08 0.001
6178 9.1343418169660309e-07 1.782124086181755e-06 1.9234630928758537e-07 0.001
6179 1.3912376952921111e-06 1.0283276812621852e-06 2.1654988317464598e-07 0.001
6180 9.3750624005060016e-07 2.4091811778993037e-06 1.1463133114436475e-08 0.001
6181 8.0601324414558873e-07 2.4641839825597208e-06 1.6485826569242269e-07 0.001
6182 1.776472266570806e-06 7.5622173991122368e-07 7.0435601567538797e-09 0.001
6183 9.8954942882538507e-07 2.2630170570760548e-06 1.9268411210105506e-08 0.001
6184 8.8726517110240727e-07 7.0514751783603044e-07 4.245601533706796e-09 0.001
6185 2.5336612905808892e-06 1.1252146134346232e-06 1.705654705879797e-07 0.001
6186 1.5437082513820683e-06 2.1971293429083484e-06 9.0316258708806659e-09 0.001
6187 1.8439804696801292e-06 2.1754591566234114e-06 6.6210673122073356e-09 0.001
6188 2.4444851484017884e-06 2.5261415797859157e-06 2.0683982426839592e-08 0.001
6189 2.3205937057830081e-06 1.0577111170863792e-06 7.181355505815547e-09 0.001
6190 1.4110071639168401e-06 1.0927667750932234e-06 1.4856996629549673e-08 0.001
6191 1.5910905320300028e-06 1.0266911725775706e-06 3.7260412477498591e-09 0.001
6192 2.5222902443210011e-06 1.3459210427161615e-06 7.8175504293197856e-09 0.001
6193 1.3518831770188532e-06 5.9067097162343399e-07 1.5908500607040581e-08 0.001
6194 8.0793648525553123e-07 5.5826898208555091e-07 1.2911033058306784e-07 0.001
6195 5.2313439100347796e-07 2.2847652810672996e-06 1.0218219746897532e-08 0.001
6196 2.2585129535506209e-06 2.2002889511032391e-06 2.0984149736502579e-07 0.001
6197 2.4075366680151939e-06 1.1150468667298592e-06 7.5352722137156006e-08 0.001
6198 2.2351930362515755e-06 2.4730123037418223e-06 2.3959968934720412e-08 0.001
6199 8.5730877258371252e-07 7.6726671166549716e-07 2.6376422116063344e-09 0.001
6200 1.7850687863912673e-06 8.9557833855466082e-07 7.1990282074392103e-09 0.001
6201 4.3273196583293643e-07 2.2569372029816803e-06 2.827690016816078e-08 0.001
6202 1.0265982000286779e-06 2.4072812337028e-06 1.1047158608746513e-07 0.001
6203 3.9849292777331932e-07 1.0307073713895253e-06 7.6809878815241093e-08 0.001
6204 2.3949129092962149e-06 3.8054889730646719e-07 1.0069811606201233e-07 0.001
6205 1.4343558868847825e-06 2.5729211043083105e-06 6.927106550446001e-08 0.001
6206 3.88821400163821e-07 2.2774581392297222e-06 4.0559912760803986e-08 0.001
6207 1.2657988439524447e-06 1.2649279807826911e-06 1.7111649717862403e-08 0.001
6208 8.1138384363333068e-07 2.5476905800871414e-06 7.822984978577628e-08 0.001
6209 1.0501831180882762e-06 2.2995112852795623e-06 8.4130787168163551e-08 0.001
6210 2.5063179236108589e-06 7.5672752591911259e-07 2.7817594469089967e-08 0.001
6211 1.9996300494681699e-06 1.6747397822535304e-06 2.4130453235344895e-08 0.001
6212 9.0439594105890147e-07 2.0316364228540188e-06 9.6741012666122892e-09 0.001
6213 1.6203561687748638e-06 4.6988172375815126e-07 3.3451949426110401e-09 0.001
6214 2.0185607099588935e-06 1.5363828969868315e-06 1.5609642744535671e-08 0.001
6215 2.5605087184471944e-06 7.7142708786823846e-07 3.2364397896263922e-07 0.001
6216 7.7196246427397342e-07 1.7824696592761719e-06 4.0188273098262525e-08 0.001
6217 1.4215569816780763e-06 2.1340752820694266e-06 3.9781341649231099e-09 0.001
6218 1.3964358105073088e-06 4.390987788618859e-07 1.5391285766405903e-07 0.001
6219 1.5376871040832078e-06 1.9287947929503598e-06 2.841241257699377e-08 0.001
6220 2.5609706957853518e-06 6.1280479680112071e-07 2.060008032132345e-07 0.001
6221 4.4744991115659685e-07 2.0756898957154211e-06 6.9948036319008492e-09 0.001
6222 2.2203207758517198e-06 1.5448259530132055e-06 3.2923948045427423e-08 0.001
6223 2.5378368156090047e-06 1.5220677636449911e-06 1.651429972369659e-08 0.001
6224 2.3168773318440394e-06 1.5676363135435094e-06 8.1026781036441556e-09 0.001
6225 1.5091049464557033e-06 1.9634208150110372e-06 3.2457079853962075e-07 0.001
6226 1.0521937349730373e-06 1.4024367427016632e-06 1.3273533924434483e-07 0.001
6227 2.0796477412737414e-06 4.6023506112107905e-07 2.5365674413994849e-08 0.001
6228 1.526507471726331e-06 1.9208833605224291e-06 6.2410599527653032e-09 0.001
6229 1.2841188052120024e-06 2.4817996977699925e-06 2.5743692571825294e-07 0.001
6230 8.2421847929761868e-07 2.1561426817720304e-06 5.9803536990816904e-08 0.001
6231 2.1695529905738719e-06 2.6041132908954755e-06 2.1147835211777457e-07 0.001
6232 9.9733766557643081e-07 2.4095642626423016e-06 1.0222345441120883e-07 0.001
6233 1.3466765020204383e-06 4.0134053625587267e-07 2.8783498206449567e-08 0.001
6234 1.5557314476334941e-06 1.3868815783123295e-06 2.7798804085335916e-08 0.001
6235 8.7618371026847986e-07 4.8318033238816174e-07 1.2168713667489194e-07 0.001
6236 2.0965696295727478e-06 9.9325192294821798e-07 2.0211196253398814e-08 0.001
6237 1.9734681941382928e-06 1.60119804512622e-06 2.3001164607384258e-07 0.001
6238 8.7165413917725459e-07 2.0616854447574764e-06 3.7121361124944994e-08 0.001
6239 1.9147220024786054e-06 2.1385140211916991e-06 2.6055366216136278e-07 0.001
6240 2.0226393494240851e-06 2.3618476546305011e-06 1.3098119017558929e-08 0.001
6241 7.9376442345168396e-07 1.8966470676208554e-06 7.475304093673506e-09 0.001
6242 5.6983200265936017e-07 2.5115293850470669e-06 1.4815174140792309e-08 0.001
6243 2.4386874135237188e-06 2.5378507688311799e-06 8.7683817123215796e-08 0.001
6244 1.2632739849008665e-06 1.4833152238315929e-06 4.4334612631355438e-08 0.001
6245 3.9762637315139594e-07 7.6590879982509648e-07 9.1437610841635798e-09 0.001
6246 2.2976718063617589e-06 1.4165313017634652e-06 5.9555154167110365e-08 0.001
6247 2.6160872249127285e-06 1.7619451790560083e-06 1.7400168317065931e-07 0.001
6248 2.3387829267720973e-06 7.6638966542486323e-07 4.7915864694347e-09 0.001
6249 2.0994415128708231e-06 1.8656778225692364e-06 1.3083394029859743e-08 0.001
6250 2.1313499521743848e-06 1.6623211107711283e-06 3.4650059375285487e-07 0.001
6251 1.2277512758538957e-06 1.7801291484364917e-06 1.2119386636997294e-08 0.001
6252 2.4900865065970168e-06 1.397874957814205e-06 1.4610556864758706e-08 0.001
6253 6.9588125325141447e-07 2.3149261082181871e-06 2.9359790493530863e-08 0.001
6254 4.7094546562840186e-07 2.5940850029387902e-06 1.7555400836443503e-08 0.001
6255 8.0024585079693218e-07 1.7398350962583316e-06 1.2410256122955172e-08 0.001
6256 1.5342327792984108e-06 1.2058680243870949e-06 4.9187694821169179e-09 0.001
6257 1.7688968431205679e-06 2.1489899703361128e-06 7.9076491802081432e-08 0.001
6258 9.5496073739416249e-07 1.1241552107675621e-06 6.2189523915319612e-08 0.001
6259 9.3734328684222276e-07 3.9964934971697022e-07 4.3801876758468427e-09 0.001
6260 2.3723720636886517e-06 1.6604314237909848e-06 2.8562013652590614e-07 0.001
6261 1.6261661445170348e-06 1.5192987325659701e-06 1.2908588477101031e-08 0.001
6262 2.1391225808829054e-06 5.7082543565726966e-07 2.2172647937540134e-08 0.001
6263 7.6355153992093917e-07 4.6723236425478913e-07 7.3032355954636763e-08 0.001
6264 2.5397392130970813e-06 9.8705919719438935e-07 8.7757828305690772e-09 0.001
6265 4.6259838418984665e-07 1.6910931280534078e-06 3.1111777634318048e-09 0.001
6266 1.4955196177700536e-06 6.3765471782553695e-07 2.614083396676544e-08 0.001
6267 7.6786191469943344e-07 9.1968942523514019e-07 4.2552088065848088e-08 0.001
6268 4.9478260906502082e-07 1.7750111797143022e-06 1.3437173061297933e-07 0.001
6269 1.2838634848844314e-06 2.0926081297834693e-06 2.0924677571068272e-07 0.001
6270 1.3222035647624356e-06 4.9863795644444033e-07 2.9463144263861646e-08 0.001
6271 4.7449458304910473e-07 5.0441671936544852e-07 8.4294597436339251e-08 0.001
6272 1.1039853584509751e-06 2.1329899872075738e-06 5.1187366505400884e-09 0.001
6273 2.5096854589416527e-06 1.1863032042315184e-06 9.3128406562679542e-08 0.001
6274 1.9766758299487912e-06 1.2133240473336215e-06 5.3441867421476987e-08 0.001
6275 2.1025847900623798e-06 1.314208112899083e-06 1.6894105161294944e-07 0.001
6276 1.3235045301003745e-06 9.0823693180796543e-07 2.9222389422529168e-08 0.001
6277 8.9855275227325165e-07 1.1868808199350445e-06 3.6736125252194467e-08 0.001
6278 1.5168206459942634e-06 2.3087560698016299e-06 3.5620381389213932e-08 0.001
6279 1.3107056963090172e-06 6.577325333407436e-07 6.7415350040228239e-08 0.001
6280 1.197109378405846e-06 2.5484160934191524e-06 1.2185516683263251e-07 0.001
6281 4.5306106171399652e-07 5.3970046212127127e-07 2.8538983755076995e-08 0.001
6282 1.5274591402416583e-06 1.7653783342259097e-06 1.136861538812262e-08 0.001
6283 1.8773300792657339e-06 1.3252595902893469e-06 9.1223535962063864e-08 0.001
6284 1.3138850372680102e-06 7.8733165181093495e-07 1.9768849392116176e-08 0.001
6285 1.6522054507061615e-06 1.0528542854522914e-06 5.4176284790506739e-08 0.001
6286 8.6818080027442737e-07 4.8636681744358377e-07 1.6474270103542483e-09 0.001
6287 1.5088758420338874e-06 9.5357943699211901e-07 5.6789697360513978e-08 0.001
6288 2.4019511689043397e-06 9.4867893056199432e-07 4.3392789880260573e-08 0.001
6289 2.1796842029824529e-06 2.3980294960621138e-06 2.1605104399185203e-07 0.001
6290 1.8902062378561186e-06 5.4872500640094676e-07 5.1080019871582956e-09 0.001
6291 2.2772197179130755e-06 6.8074330580294421e-07 6.1883757607999269e-09 0.001
6292 1.3686501828403613e-06 1.13983529024175e-06 1.1854935331592798e-07 0.001
6293 1.2222212392173069e-06 7.7499348788686211e-07 4.1852885048756987e-08 0.001
6294 9.5449954146072182e-07 1.3869059712726182e-06 1.0396922326887e-07 0.001
6295 1.9963505238631294e-06 1.8880056526816872e-06 5.7899148096319303e-09 0.001
6296 1.9858224008869105e-06 2.5721598013300446e-06 2.6259551233371807e-07 0.001
6297 2.5752235816537064e-06 6.1578149540838126e-07 2.4414096816291215e-07 0.001
6298 5.6183227613496342e-07 4.1883803536510268e-07 6.1096377947729492e-08 0.001
6299 1.7229816904255641e-06 1.2465316949568764e-06 1.1316959660692228e-08 0.001
6300 1.1582650605255622e-06 5.0774535144564468e-07 7.3602055213746833e-09 0.001
6301 1.7889286126738157e-06 2.1535293956225589e-06 2.2754823000681132e-07 0.001
6302 1.4761288656027255e-06 4.5436065509359242e-07 2.8353606119432404e-08 0.001
6303 2.3948594267710902e-06 2.1046190536351778e-06 1.1146223886998807e-08 0.001
6304 9.1392041518745346e-07 7.0555312289428856e-07 9.5209353569437274e-08 0.001
6305 1.8412191892394296e-06 1.8980914164586278e-06 1.0970995687414126e-08 0.001
6306 9.2539108423444773e-07 1.4776921004020774e-06 8.7426600336645526e-08 0.001
6307 1.9501395787849136e-06 1.6927268904920044e-06 1.5266841985675779e-08 0.001
6308 1.4674684052435927e-06 1.3508342409709513e-06 1.343243344610828e-08 0.001
6309 1.8164202832080136e-06 2.2746953353949233e-06 8.0400965083093226e-09 0.001
6310 1.474523330555885e-06 2.32136155843105e-06 1.8118974937128014e-08 0.001
6311 2.0957989628627833e-06 2.1908986499188683e-06 1.263113453972303e-08 0.001
6312 2.1504268632544194e-06 1.4725662304877413e-06 5.6605589631329326e-08 0.001
6313 7.0867099265367894e-07 8.8310082696146158e-07 1.8699169205169941e-09 0.001
6314 1.724217652867838e-06 1.5745639851057654e-06 2.7635233529397707e-08 0.001
6315 9.9142997609917638e-07 6.8523682847047227e-07 1.3164192843110777e-08 0.001
6316 1.5829652576728021e-06 1.8253434841416393e-06 6.4172593491459826e-08 0.001
6317 1.3133249752640823e-06 2.1081560893491621e-06 4.8564321724856661e-08 0.001
6318 2.478913766814397e-06 1.1816448145009818e-06 1.5033504450562578e-08 0.001
6319 8.884644533412816e-07 1.510292921886691e-06 5.3752047984390155e-08 0.001
6320 4.3076938253661895e-07 6.5775960951424587e-07 2.4662697069751959e-09 0.001
6321 1.9801810746174733e-06 1.2999420070882797e-06 7.5141194491663222e-09 0.001
6322 1.1727047051370688e-06 1.1890418414624057e-06 4.1451542377741543e-09 0.001
6323 1.1585002172289308e-06 1.5078730473292895e-06 1.0573179841831648e-08 0.001
6324 2.0187495561960848e-06 1.037542265647293e-06 1.6968384167714135e-08 0.001
6325 1.7939171491283019e-06 2.6067637706919995e-06 3.2888574241371945e-08 0.001
6326 1.8514849661428018e-06 1.5480060909564951e-06 8.7292520106924561e-08 0.001
6327 2.5876386481963338e-06 6.5082919784105216e-07 6.8949223345176229e-08 0.001
6328 2.4633577454449332e-06 2.623272994275478e-06 9.9548582763687135e-08 0.001
6329 1.8354185257771203e-06 1.7561362831188606e-06 3.2666298810405612e-07 0.001
6330 2.5790704505097103e-06 2.4696687499308455e-06 7.0697113465729314e-08 0.001
6331 1.0621587249829961e-06 1.8930068494783742e-06 1.3539645555030239e-07 0.001
6332 1.4861816750245843e-06 2.1122666949845108e-06 1.0586174131828679e-07 0.001
6333 1.7767632138676907e-06 2.442116062083641e-06 6.5464300123396282e-09 0.001
6334 1.7709646305042761e-06 1.0880500978652543e-06 8.3513883823429211e-09 0.001
6335 1.1790915787582563e-06 2.0957471973579575e-06 1.1151484161955839e-07 0.001
6336 2.2925599893350137e-06 1.0486137051865811e-06 3.3253563165219607e-07 0.001
6337 2.087765567392758e-06 2.2339588050953099e-06 6.5048989081312262e-09 0.001
6338 2.5126748410243405e-06 5.413163645463718e-07 2.8426495474097782e-08 0.001
6339 1.7848666462446873e-06 1.7372162093681772e-06 1.1442501302163371e-07 0.001
6340 2.5428037015381118e-06 2.0030071456258499e-06 7.7186522799589849e-09 0.001
6341 1.856252856208026e-06 1.7989563013799921e-06 1.2078965200291698e-08 0.001
6342 8.0785829809319126e-07 8.8522085210463605e-07 2.0869536480429039e-09 0.001
6343 2.0351648224600889e-06 2.2938717651752623e-06 7.888663236903259e-09 0.001
6344 9.0891628905135794e-07 8.0951448832114246e-07 1.9075550146668214e-09 0.001
6345 1.5067074728342668e-06 2.0293233807544437e-06 3.3532468659146325e-08 0.001
6346 5.3017486165561292e-07 8.3460322988636512e-07 8.4440300882742424e-09 0.001
6347 1.7757842107404833e-06 3.8984098431542525e-07 4.879153020345478e-08 0.001
6348 1.1828739705862963e-06 2.5147655260823576e-06 1.0297943220983192e-07 0.001
6349 1.0563348362526832e-06 7.3609117513512039e-07 3.407940014882063e-08 0.001
6350 4.816817971644305e-07 1.2781167461040335e-06 1.2015308409700678e-07 0.001
6351 1.9220244802495773e-06 4.4661982687746548e-07 3.6698042338697707e-08 0.001
6352 8.929026328221815e-07 8.3311193498451338e-07 1.3653095875494125e-07 0.001
6353 2.5226071860135159e-06 8.4154413614788848e-07 2.3928675348025252e-08 0.001
6354 1.2487671493761078e-06 2.153932593138291e-06 1.8207637561242813e-08 0.001
6355 1.1224688874180031e-06 1.7447669142913216e-06 8.9500404771830765e-08 0.001
6356 2.5028461180383221e-06 4.5459054241164542e-07 2.1322778690921781e-08 0.001
6357 2.2806710259304257e-06 5.8713895035525399e-07 4.6928424554626276e-09 0.001
6358 2.0888668824335245e-06 1.1485329863018971e-06 1.6378106520452837e-08 0.001
6359 4.786131789482012e-07 7.0045742315447936e-07 4.9319238271335639e-08 0.001
6360 1.807629356441031e-06 1.2909980980770562e-06 8.5833120242742514e-08 0.001
6361 1.7991582864365556e-06 8.3894674667204598e-07 1.0159098585286441e-07 0.001
6362 1.2768180277845777e-06 7.2579764908296142e-07 5.8180383163872075e-09 0.001
6363 1.3199071940554939e-06 5.7362843134883306e-07 3.4118032188775428e-09 0.001
6364 1.1089605753743745e-06 8.2595579146378553e-07 1.2735600228650313e-08 0.001
6365 1.4335805765327068e-06 1.2794647050845165e-06 2.1258303660831266e-07 0.001
6366 1.4160797992098384e-06 2.3699957540036056e-06 2.6784344875511777e-08 0.001
6367 1.1630542102843592e-06 2.1243657642765768e-06 2.1689351905645152e-08 0.001
6368 4.2423134891595247e-07 1.6687052558782473e-06 5.684327758549451e-09 0.001
6369 1.7392352866289771e-06 3.8639402105435493e-07 4.3885797770779215e-08 0.001
6370 2.0445226942095348e-06 1.8987856582004467e-06 9.6525287068598063e-09 0.001
6371 1.5910869753873155e-06 1.7744524680008304e-06 2.7140245233710911e-08 0.001
6372 1.5448929656227308e-06 5.5457639903024129e-07 9.4146090781577825e-08 0.001
6373 2.4034172631605062e-06 9.6723831180122433e-07 1.8470192535617851e-08 0.001
6374 6.665142586418489e-07 2.2801318754582068e-06 3.4967707408151132e-08 0.001
6375 7.1244856338699287e-07 1.5237978449228754e-06 5.9986197996916756e-08 0.001
6376 1.3717803469406072e-06 1.2283648208860338e-06 3.3307246643166564e-09 0.001
6377 1.1846512974834908e-06 1.221126228277781e-06 7.6841292543678017e-09 0.001
6378 1.8368476243568259e-06 5.9693429233485938e-07 3.9498032370863499e-09 0.001
6379 1.1787096969271562e-06 1.4744602316579005e-06 2.8175531099245103e-09 0.001
6380 1.4717166762938052e-06 7.2837054027368455e-07 1.7666060972153846e-07 0.001
6381 2.3976836360243516e-06 7.2712750824112967e-07 6.3103036949801871e-08 0.001
6382 4.2209840801750547e-07 1.5250373268564218e-06 1.6624886344618857e-08 0.001
6383 1.7961853741950435e-06 2.515801057661235e-06 4.3334045736298048e-08 0.001
6384 2.354920806889191e-06 1.9445568997957964e-06 2.8327137554117764e-07 0.001
6385 2.0319095410723381e-06 9.0822012800704541e-07 8.700928186227676e-09 0.001
6386 1.0185899466795813e-06 1.3160543866653604e-06 2.5455935842701405e-08 0.001
6387 1.295723464351332e-06 4.6334362065689546e-07 2.6419326243492923e-08 0.001
6388 8.5738332642915053e-07 2.6013757364606049e-06 2.6687479772771194e-07 0.001
6389 2.0318890653498284e-06 4.7470895237519759e-07 1.0244888755316194e-08 0.001
6390 1.8334514240740701e-06 2.4294999065091571e-06 4.4509635028913904e-09 0.001
6391 2.0963139258123988e-06 9.2070451343471022e-07 1.4853565628378753e-07 0.001
6392 1.8057092678386524e-06 1.3687756958222621e-06 3.5995683608112912e-09 0.001
6393 1.2317037011099048e-06 4.6302735761683563e-07 3.451005348242966e-09 0.001
6394 2.1976371627464298e-06 8.3661235622342008e-07 8.046500226951971e-08 0.001
6395 5.8092992857856517e-07 1.0577731329009606e-06 2.3976439195086074e-08 0.001
6396 1.745366058536204e-06 1.2823142952372258e-06 1.5922285758972676e-08 0.001
6397 1.1048169851499715e-06 2.5357149853375178e-06 7.974603656379261e-08 0.001
6398 1.969356853443848e-06 5.0729662065154962e-07 9.2322906962779631e-09 0.001
6399 8.6911615644159408e-07 2.2378400045518867e-06 3.0348072123060497e-07 0.001
6400 1.505037841543743e-06 8.7611173688546259e-07 5.4181511101436862e-08 0.001
6401 2.5499103870934036e-06 1.8483412886840346e-06 4.4609951473073223e-08 0.001
6402 9.6878932422965029e-07 4.1823366380660778e-07 1.9751465635957332e-08 0.001
6403 1.4748535677933123e-06 1.0626403677485211e-06 7.9276754785730417e-08 0.001
6404 2.4720949519683514e-06 1.7026020017283854e-06 3.1716942518016714e-07 0.001
6405 2.5415881516274653e-06 1.7259360093627562e-06 2.7239653194360528e-07 0.001
6406 5.8304759240675128e-07 8.3458937881650909e-07 7.1529652821824493e-08 0.001
6407 1.5582025756508348e-06 1.199354654740138e-06 4.7231419818640801e-09 0.001
6408 1.1863756645281176e-06 1.388551738088052e-06 1.3299530787127491e-07 0.001
6409 1.3266931756358357e-06 5.6885613514599119e-07 4.2429257947033539e-09 0.001
6410 4.6819424298735893e-07 2.116632401350647e-06 5.9963535152419636e-08 0.001
6411 2.5419355185599316e-06 1.9297442123051701e-06 8.1897295769770182e-09 0.001
6412 1.5421717804781409e-06 1.8498417017992527e-06 1.3744634890103579e-07 0.001
6413 7.2670627767281391e-07 1.2993049585131071e-06 7.6625050464315419e-09 0.001
6414 1.8885391412838678e-06 5.599552769513205e-07 1.2395412475620828e-07 0.001
6415 1.0019107102803135e-06 1.8785497776761239e-06 4.030249998625642e-08 0.001
6416 1.5747891548355069e-06 7.1344732285289944e-07 3.9261141160937202e-09 0.001
6417 9.606382940954161e-07 1.3554243158654351e-06 1.5928991813121805e-08 0.001
6418 2.0756150239708811e-06 1.1696128577957431e-06 9.4813401812120541e-08 0.001
6419 3.753315651121438e-07 7.6579260633003348e-07 7.1412774357430334e-09 0.001
6420 2.2470423210894115e-06 1.4602711055399766e-06 1.1770737867992119e-07 0.001
6421 8.8765226987964812e-07 1.4572306823798544e-06 1.1397683801785946e-08 0.001
6422 6.0232072607249654e-07 8.301684809213366e-07 9.5398703454628719e-09 0.001
6423 1.3083755277619676e-06 4.5254125514851278e-07 7.2821435044533052e-08 0.001
6424 1.8838104233637605e-06 1.4819262960643474e-06 3.2444915099264941e-07 0.001
6425 2.0610066434562017e-06 2.3271739849205097e-06 1.5479878617087438e-08 0.001
6426 2.5672146486030523e-06 4.9619408794090754e-07 2.6185418301606397e-08 0.001
6427 1.6119364243518757e-06 2.1576269835995134e-06 2.306259360514577e-08 0.001
6428 2.5528654560057156e-06 1.5496410122922296e-06 6.7859380387182057e-09 0.001
6429 1.9030760878584685e-06 1.5225744892458383e-06 1.9849190059873952e-07 0.001
6430 7.5002686566770354e-07 1.1418628728633883e-06 3.3929954518665425e-09 0.001
6431 9.0393552269129709e-07 1.2389701831116214e-06 4.9067082597772783e-09 0.001
6432 1.9709443123710049e-06 2.1067235410148712e-06 2.2270508123714258e-07 0.001
6433 1.6267814293950031e-06 2.5018322740315997e-06 1.4299873248866543e-07 0.001
6434 1.1933660352817528e-06 1.0747214020957109e-06 6.4831170848354088e-09 0.001
6435 2.4461983106326493e-06 1.6545667773908505e-06 1.0027226895896474e-07 0.001
6436 2.5018551509222188e-06 1.3862580356873328e-06 8.4706540086109996e-08 0.001
6437 1.4653569821195657e-06 1.843906221777441e-06 2.9482101093502509e-08 0.001
6438 1.2567650780782918e-06 7.0198993098718811e-07 1.6594003411699961e-08 0.001
6439 2.1230952404530192e-06 6.8656308657651704e-07 4.6014350471441111e-08 0.001
6440 1.2051265162124773e-06 2.5933678086903426e-06 4.0261487323735892e-08 0.001
6441 1.9254238068367406e-06 2.0341294665867728e-06 1.1298739832647301e-08 0.001
6442 4.0013308591727426e-07 1.6524608430754181e-06 1.8907544826658969e-08 0.001
6443 9.9232285153658161e-07 5.2870016544530818e-07 1.7804294381480779e-08 0.001
6444 5.8147374367991579e-07 1.429571397993231e-06 9.335237361593005e-09 0.001
6445 1.8851780489876099e-06 1.9468650182814931e-06 1.3334411106565459e-07 0.001
6446 2.3160206664201171e-06 2.0156279549058549e-06 7.2437094647708768e-09 0.001
6447 8.4148543134588166e-07 1.1002473876235083e-06 2.2518155705975435e-08 0.001
6448 3.7895479470697659e-07 2.3911326490386891e-06 1.6053893522392961e-07 0.001
6449 2.1452592692831661e-06 1.6992137888073933e-06 5.1627793315269712e-09 0.001
6450 1.590320956981877e-06 4.6101096036852986e-07 2.9473346854844897e-08 0.001
6451 2.6101122223732166e-06 5.6943265469498183e-07 4.8531477559320203e-08 0.001
6452 1.0582267592554428e-06 7.312039683969986e-07 2.4473941814376362e-08 0.001
6453 1.750429622921194e-06 2.5341921495941644e-06 4.1165730364597457e-08 0.001
6454 2.4899644429148636e-06 2.5319623725128674e-06 1.5901385497061656e-07 0.001
6455 1.7101185300472386e-06 1.3982688841664615e-06 1.2717457925530164e-07 0.001
6456 1.1547799336607118e-06 9.2915021989685487e-07 7.798739920645552e-09 0.001
6457 1.2437675538626452e-06 8.037899408542832e-07 1.6655114323122245e-07 0.001
6458 1.642496470332535e-06 7.835265654728552e-07 3.4402767651979116e-09 0.001
6459 1.9495841119976595e-06 1.668627749232541e-06 8.3448203218219198e-09 0.001
6460 8.0580019590283944e-07 2.4233127791957409e-06 1.5596454726918464e-07 0.001
6461 1.6008146734354784e-06 2.4902040192234631e-06 2.7363180967945589e-07 0.001
6462 9.9499231759744133e-07 1.6741528874522422e-06 2.6500591711226681e-08 0.001
6463 2.4721791884133344e-06 1.561633477902842e-06 9.6024405375211131e-09 0.001
6464 7.481367004088606e-07 1.113148436673389e-06 8.1226239639325469e-08 0.001
6465 2.5349833197081683e-06 1.7567699810086456e-06 1.5020444433027809e-07 0.001
6466 1.1312231874892016e-06 2.6181094095249301e-06 2.5860445808168072e-08 0.001
6467 2.5653892432538745e-06 2.0991407788119644e-06 1.3346939159894485e-08 0.001
6468 1.9673906175271736e-06 1.4109951566740605e-06 1.5068228548591051e-07 0.001
6469 5.4968961240474243e-07 2.3224565090760567e-06 1.3934655285731391e-08 0.001
6470 4.2020504138048369e-07 7.7893851950693994e-07 2.9249289179520943e-08 0.001
6471 1.6012959485115498e-06 1.3888291754695008e-06 1.730997327467221e-08 0.001
6472 1.4967352437599822e-06 6.5217044064101844e-07 1.0044179241018859e-08 0.001
6473 1.9703886912240512e-06 1.6952765352524474e-06 1.3239175074844785e-07 0.001
6474 1.5217891194356011e-06 7.4769896191191207e-07 1.4965929536702105e-08 0.001
6475 4.6196181288321645e-07 1.7053491663597917e-06 1.1228769088763476e-08 0.001
6476 9.0235602342929278e-07 9.0710870855145709e-07 2.9620981928007247e-09 0.001
6477 6.1914402264370105e-07 2.0550954680436841e-06 3.0341934687883629e-08 0.001
6478 6.0006613185702195e-07 1.9240108885008695e-06 1.6772847225146436e-07 0.001
6479 1.1120423260559322e-06 1.8100139799953472e-06 2.5772436517677024e-08 0.001
6480 1.6285072054014745e-06 1.366337689980304e-06 4.2120064355452532e-09 0.001
6481 2.2904302418320812e-06 2.1761450190697796e-06 2.2735474959882684e-08 0.001
6482 2.5741980180021244e-06 4.0053247496927269e-07 2.9275634163945058e-07 0.001
6483 7.7111272204409114e-07 1.1845986347108533e-06 5.6822690718102321e-09 0.001
6484 1.622085215096034e-06 9.2489244771057451e-07 4.9029953994188508e-08 0.001
6485 1.4314069157616922e-06 1.8775636964301397e-06 8.3011917096909628e-09 0.001
6486 2.3648196355975453e-06 1.3323273558655482e-06 2.7846076169688019e-07 0.001
6487 1.5939478204747674e-06 2.5837938079703252e-06 2.609859571124034e-07 0.001
6488 1.4586020888791273e-06 4.260755418069849e-07 3.2583971109001212e-08 0.001
6489 8.3322825100846441e-07 5.899048186653147e-07 2.7998670230842986e-08 0.001
6490 2.3173616714773535e-06 1.7329342404716606e-06 3.2597400173554378e-07 0.001
6491 1.4119106226014571e-06 1.2536318723200164e-06 1.02725449343382e-07 0.001
6492 1.3479141636001166e-06 1.8772463657067844e-06 4.9968330797523422e-09 0.001
6493 7.0658263542881609e-07 1.4717597177660635e-06 7.6551239697601904e-09 0.001
6494 5.16187274427808e-07 1.9890845785083035e-06 2.3243221923751352e-07 0.001
6495 2.1934321557429028e-06 1.2402310032331027e-06 1.9911348870699663e-07 0.001
6496 2.3280097709564028e-06 1.980434062853574e-06 6.2218948291394717e-09 0.001
6497 2.3421535232705443e-06 1.9552129643487823e-06 6.4652151832727772e-08 0.001
6498 7.0878281409581321e-07 5.906068508458169e-07 1.4932239881264276e-08 0.001
6499 2.5190616420353989e-06 8.2099770078323694e-07 1.7651512872983031e-08 0.001
6500 1.9388303776600508e-06 8.7692961464085547e-07 2.4933233957876083e-08 0.001
6501 2.1141384431010396e-06 2.2534941888454221e-06 1.1294304726354908e-07 0.001
6502 2.0507747945868216e-06 1.1277574958621348e-06 3.355232088307386e-09 0.001
6503 4.9412451871892108e-07 1.2833020757818041e-06 1.6835513644915877e-07 0.001
6504 1.0468969193191849e-06 4.4028104038984256e-07 6.2489888820341685e-08 0.001
6505 1.4728132775329581e-06 2.1168291713179709e-06 1.0442511403856793e-08 0.001
6506 1.6944981548464033e-06 1.4649918084587118e-06 2.1053734643287013e-08 0.001
6507 2.6015648789252629e-06 1.6415726248959994e-06 4.5419068372213312e-09 0.001
6508 1.8438402299477517e-06 2.3731589914817089e-06 2.3687056860313498e-08 0.001
6509 1.0660726686924268e-06 1.4741048368378636e-06 5.1674123717489991e-08 0.001
6510 1.6346703924717132e-06 2.0145989156543589e-06 1.1506450259845077e-08 0.001
6511 2.3972993682642558e-06 2.270992773692656e-06 8.0273608176358191e-08 0.001
6512 2.2200560003870523e-06 2.568579177219858e-06 1.9854986552464171e-08 0.001
6513 2.5429926935994695e-06 7.232278860338025e-07 4.904434351468157e-09 0.001
6514 2.2358467755049373e-06 6.0714485153311072e-07 1.1683447861044595e-07 0.001
6515 1.1003817233852242e-06 5.9767634681543541e-07 2.9476656945101614e-08 0.001
6516 1.0982264612343142e-06 9.2612496188342522e-07 2.0322862901663461e-09 0.001
6517 1.9948233817488186e-06 1.402301557151885e-06 2.4861303070342107e-08 0.001
6518 6.2173423871465993e-07 3.8712859496649348e-07 1.027376525113344e-09 0.001
6519 2.4619974546770942e-06 2.1335741929594696e-06 8.8996660757176579e-09 0.001
6520 2.6049298481187711e-06 1.6856772573251514e-06 2.0805342410834763e-07 0.001
6521 2.458624350739276e-06 7.6050759467152706e-07 5.1849751544004968e-09 0.001
6522 7.2852717850327437e-07 9.0223637032190187e-07 3.3696882213370842e-09 0.001
6523 2.0026833029078373e-06 2.114860723973593e-06 2.4009134658783001e-08 0.001
6524 2.3389975508824455e-06 2.4887236270791678e-06 4.1079802503413636e-07 0.001
6525 2.4864775522903075e-06 2.0120119111110698e-06 2.3577149430333845e-07 0.001
6526 7.3714002618457656e-07 6.2919033915437837e-07 1.3869867702478606e-09 0.001
6527 5.4248419723355033e-07 1.8988936385570145e-06 1.30166331667722e-08 0.001
6528 1.8283550059576026e-06 1.5821112161626533e-06 5.5152426489234737e-09 0.001
6529 1.8111470199410607e-06 1.7018587261960292e-06 4.1141023920673264e-09 0.001
6530 1.889955747242691e-06 8.6601078559248726e-07 4.4484929947101544e-08 0.001
6531 1.8819075422555977e-06 2.5852565484795773e-06 1.1669973759425536e-07 0.001
6532 1.3100147409056348e-06 8.3960582246210171e-07 2.6360140582886272e-09 0.001
6533 1.9212668982226732e-06 2.3220391454538623e-06 9.1592561584778643e-08 0.001
6534 9.7122052165904576e-07 1.6376940917692748e-06 3.9397559269925202e-08 0.001
6535 1.5360081038574668e-06 1.1935891766406153e-06 8.2866618746944289e-09 0.001
6536 9.5414254951868314e-07 1.5317531296711328e-06 1.1659719696559893e-08 0.001
6537 2.2388391716997013e-06 1.7793347176299904e-06 2.0316153692094712e-07 0.001
6538 2.1934220472951453e-06 2.5708303544911468e-06 1.071783750733007e-07 0.001
6539 1.156606815209284e-06 1.8957539848909686e-06 1.409988620679592e-08 0.001
6540 1.2806623849776234e-06 2.451975380293073e-06 1.695057048822455e-07 0.001
6541 1.6562552679412939e-06 2.2388821728010916e-06 6.3109609617202718e-08 0.001
6542 4.5287943072210979e-07 1.3776047527115147e-06 2.9785306645996293e-09 0.001
6543 1.3325376402462807e-06 1.6729481798288699e-06 4.9730612071794849e-09 0.001
6544 4.1746548643364903e-07 6.2908202362967418e-07 2.0547699702989149e-09 0.001
6545 1.6436615448971888e-06 1.8319877158145929e-06 2.4946408987089569e-08 0.001
6546 1.3772086852596812e-06 2.4400817133630618e-06 1.3951008557056785e-07 0.001
6547 1.2793818438851561e-06 1.4654893500662305e-06 2.1871056582342795e-07 0.001
6548 1.4904980054551223e-06 1.9113451935780036e-06 3.9954257257652571e-09 0.001
6549 1.9486202416784428e-06 1.7202476732870649e-06 2.9041045898670441e-08 0.001
6550 5.100765937924943e-07 2.0648590014120228e-06 4.2121722789896243e-09 0.001
6551 2.2526484017223509e-06 5.850467889535626e-07 7.166215285334573e-08 0.001
6552 4.4400826977582128e-07 5.6601516822857695e-07 9.3271721974735142e-09 0.001
6553 1.7175313074473289e-06 1.5318325314284545e-06 1.0510729991490438e-08 0.001
6554 8.678382615289408e-07 2.514472123982842e-06 3.3242468974256268e-08 0.001
6555 5.5646005170872022e-07 1.0685122669216238e-06 2.4345369729946848e-08 0.001
6556 2.5460523771897815e-06 1.5326984445077857e-06 8.3362233302503219e-09 0.001
6557 1.4443393936756241e-06 4.9552545734564882e-07 2.4845118515217901e-08 0.001
6558 1.6379709145613154e-06 2.2804368788127124e-06 1.6807087779164946e-07 0.001
6559 1.8812657882322527e-06 1.7499876832313758e-06 2.677779633085839e-07 0.001
6560 6.0297648739819551e-07 2.3863130555732634e-06 7.2593027340745604e-08 0.001
6561 1.5113659269389641e-06 1.3709723051863162e-06 2.9405904938776556e-08 0.001
6562 3.8854932900511446e-07 6.8000460048374815e-07 4.8701793121691601e-08 0.001
6563 1.3258600044882044e-06 5.9146068171891346e-07 1.8921462238521195e-08 0.001
6564 1.5113773169316081e-06 1.5570383842768129e-06 4.6385336587402414e-09 0.001
6565 1.0442552167084802e-06 2.0301560605891122e-06 9.7630032213943372e-09 0.001
6566 5.2291984242840532e-07 2.3093874653954882e-06 2.9860910777273911e-08 0.001
6567 1.3934210057938151e-06 1.5853526164278446e-06 3.3862898748849461e-09 0.001
6568 1.5723168226984384e-06 8.2150916255160552e-07 3.478863785296801e-09 0.001
6569 2.3797956125263126e-06 1.4365664343447286e-06 1.7064955440670078e-08 0.001
6570 1.4786729365641883e-06 1.2431921258859604e-06 1.3038210669299218e-08 0.001
6571 2.1270341004694402e-06 1.3100238982217878e-06 4.5691953411730597e-08 0.001
6572 1.0230463025440946e-06 4.8979590765515969e-07 5.3372772348350091e-09 0.001
6573 1.3998959666494876e-06 2.5698580465948427e-06 2.9257855650351883e-07 0.001
6574 2.0801538750379162e-06 1.7313290476033268e-06 8.2337076469312374e-09 0.001
6575 2.5123601112958403e-06 1.8348323941578833e-06 3.5581073989795889e-07 0.001
6576 2.1928263704215727e-06 2.4408264309683263e-06 6.646933507712793e-08 0.001
6577 4.0593057693383901e-07 1.9225125731973083e-06 2.1510611577937206e-08 0.001
6578 6.4651309823412409e-07 1.0607062280618105e-06 2.8264617516203495e-09 0.001
6579 1.1140698823034647e-06 6.9224835015124066e-07 1.4857889770836727e-07 0.001
6580 1.0921262727169385e-06 9.7152657229770643e-07 4.0444823385178441e-08 0.001
6581 2.5002800062748996e-06 9.0930926918418179e-07 2.3313014872150812e-07 0.001
6582 1.5270817581378782e-06 8.654861942929813e-07 9.3899553260082565e-09 0.001
6583 2.5896099612790107e-06 1.9566960932254979e-06 3.911819308520481e-08 0.001
6584 1.2382383676295695e-06 2.3403438459550432e-06 2.0062441362722284e-07 0.001
6585 8.2434766391356684e-07 6.0511827460272667e-07 3.099288234907446e-09 0.001
6586 5.6668190020600477e-07 1.9368109532691503e-06 3.6134285950832277e-09 0.001
6587 8.7632625851739858e-07 2.159742617554603e-06 2.2006047435587766e-08 0.001
6588 6.6193959032010953e-07 1.1904615702692028e-06 9.4054268350488561e-09 0.001
6589 4.8736466815241377e-07 6.5174493513866987e-07 5.5826409305308616e-09 0.001
6590 2.4906985634735623e-06 1.8543156407796785e-06 3.0010382392962797e-07 0.001
6591 6.8182633927979194e-07 3.8133954161853054e-07 2.243535987121201e-09 0.001
6592 6.2639995717680129e-07 5.6744824523767835e-07 1.4315070365302091e-09 0.001
6593 1.0857417785613617e-06 1.4931918704195508e-06 6.0188653011177916e-09 0.001
6594 1.7790696025633761e-06 1.409803283028279e-06 2.9375207766597693e-08 0.001
6595 2.0552992968398497e-06 1.1089519784365313e-06 2.2352288152125721e-08 0.001
6596 1.6635501908211201e-06 1.2154163787723824e-06 1.0044446676121021e-07 0.001
6597 1.5444377516677309e-06 4.7848765272973715e-07 1.5251183708031212e-08 0.001
6598 1.2127171212003239e-06 1.4921953185164517e-06 2.0261696108750399e-07 0.001
6599 4.3495797948144564e-07 2.3349283127320945e-06 6.1497332876396851e-08 0.001
6600 1.8140419468082751e-06 1.5128462896946092e-06 1.7623856720560076e-08 0.001
6601 2.0494001173142422e-06 1.0419986313063305e-06 1.8590905063534284e-08 0.001
6602 5.3754945997436708e-07 2.6093910749059191e-06 1.6847478170663185e-08 0.001
6603 5.3327156472750974e-07 4.0603513429158207e-07 5.6230302993440274e-09 0.001
6604 2.6247588017762724e-06 5.9228421841991072e-07 7.554468744526891e-08 0.001
6605 4.2114230696255101e-07 1.9940322488943211e-06 1.8214987968335583e-08 0.001
6606 2.1803331569236222e-06 1.1340496561153403e-06 6.292985115686674e-08 0.001
6607 2.0712239356261283e-06 2.3511993706349491e-06 1.3130465543285012e-08 0.001
6608 2.0135459491632622e-06 8.4717296335984626e-07 4.76670765808868e-09 0.001
6609 1.4472634673624397e-06 9.0497651909805578e-07 1.9711890896812591e-07 0.001
6610 2.2636964103173069e-06 2.4200306951036368e-06 1.8314689294991709e-07 0.001
6611 1.8544373866820954e-06 1.8861174957966123e-06 1.1296276481248472e-08 0.001
6612 2.572861685323427e-06 1.5464621396811012e-06 9.01994752149801e-08 0.001
6613 1.9776540929795915e-06 1.8323293454515578e-06 6.5124704686119824e-09 0.001
6614 1.1446493897876537e-06 1.5725830747545187e-06 6.4111808176363142e-08 0.001
6615 2.498549329143265e-06 1.9307498451679974e-06 2.4738565635931999e-08 0.001
6616 1.0761980203456076e-06 2.2189601465950969e-06 1.1764183657826637e-07 0.001
6617 1.9029301266868377e-06 1.8549863515665314e-06 2.4077077316454655e-08 0.001
6618 1.8726110390858212e-06 2.0520412562073068e-06 1.9329664962486665e-08 0.001
6619 2.4775350639779709e-06 1.6174079446569454e-06 5.0544533265182415e-09 0.001
6620 6.9517658706672472e-07 4.1989649075039948e-07 2.7328236797864965e-08 0.001
6621 2.3169355159123493e-06 2.3145471413074427e-06 1.7796339790939039e-08 0.001
6622 1.7690113149058612e-06 1.349752680076514e-06 5.1116482328523814e-09 0.001
6623 1.211992160685956e-06 2.0489742548039086e-06 7.8271648370939906e-09 0.001
6624 2.1226572163318771e-06 2.4443432302728301e-06 5.3229241097315828e-09 0.001
6625 2.1461134433461199e-06 1.412044750027289e-06 5.7947502645909794e-09 0.001
6626 1.5844791778864223e-06 1.1805022292578155e-06 3.5120784224254677e-08 0.001
6627 8.8134040424215726e-07 2.4835256173303235e-06 2.2786598944160417e-08 0.001
6628 5.4675695066983525e-07 1.9787180516404862e-06 8.8134074489440417e-08 0.001
6629 8.6517893949508487e-07 8.2049412984381042e-07 2.0078148963216665e-08 0.001
6630 1.0938480684648552e-06 2.5528808199625112e-06 5.4964153852143981e-09 0.001
6631 1.0140419836638793e-06 9.0998309942927298e-07 3.6509331557413545e-08 0.001
6632 1.2890036347612104e-06 2.2471798848549516e-06 5.4788373945468408e-09 0.001
6633 9.5619981811471052e-07 5.6603250698312184e-07 1.0628516554842397e-08 0.001
6634 1.9005957471193457e-06 8.4699943900119091e-07 1.0032394344725104e-07 0.001
6635 2.3926594485816425e-06 2.3377173285850269e-06 1.4670525902505675e-07 0.001
6636 1.6687871463479063e-06 1.0732357106123399e-06 4.0064142300855533e-09 0.001
6637 9.3825151066196932e-07 2.3338288829863757e-06 5.7906727214606975e-09 0.001
6638 1.1591060091005499e-06 1.3043648963077829e-06 4.3738284193704493e-08 0.001
6639 8.6412074604968514e-07 1.9344831230855772e-06 1.1497750537123692e-07 0.001
6640 2.5006864583092122e-06 2.3660319585358491e-06 8.6146502368648747e-09 0.001
6641 1.6243130426322781e-06 1.865331707133174e-06 1.6948444406942693e-07 0.001
6642 8.415233674188027e-07 1.5108861084240323e-06 6.4751720887696413e-09 0.001
6643 1.0660501076609375e-06 2.4605677730239283e-06 9.6323256314192456e-09 0.001
6644 1.8647519020681372e-06 6.8400110566927336e-07 1.5006873148426573e-07 0.001
6645 2.3752790377204287e-06 9.1808003395035608e-07 1.3223547258676142e-08 0.001
6646 1.1472400854206762e-06 1.0845586252510016e-06 1.5088018034979293e-08 0.001
6647 1.6085897469713952e-06 2.3785859159027493e-06 8.5915171095690037e-08 0.001
6648 7.5885606433828688e-07 2.0758219885519875e-06 3.0654291372865892e-09 0.001
6649 8.6218548811936426e-07 1.2449540375233787e-06 1.4032354060898616e-08 0.001
6650 4.6988809750408282e-07 2.4058877353552619e-06 1.9848371982604309e-08 0.001
6651 1.6501699631368726e-06 1.9920514025932624e-06 6.8325709301626225e-08 0.001
6652 9.4319659225553698e-07 2.0321346378322206e-06 1.4798229367962164e-07 0.001
6653 2.1265796623627302e-06 1.0271325329905973e-06 6.5620228928040446e-08 0.001
6654 1.0614347550041539e-06 1.899025957315589e-06 5.5241318666878244e-08 0.001
6655 7.3983786577597019e-07 1.1030238528506186e-06 1.1991200262307527e-07 0.001
6656 4.6715816057572682e-07 8.6525832412072349e-07 2.9690880984600486e-09 0.001
6657 1.7819483807670699e-06 2.2961356471083797e-06 7.7330069754568227e-09 0.001
6658 2.0455767300543376e-06 2.5709462533432357e-06 7.6386100070947081e-08 0.001
6659 1.4482688349177623e-06 2.4307247126218172e-06 2.4222317610765268e-08 0.001
6660 2.3054641355155511e-06 1.3430584113782154e-06 1.361081517268202e-08 0.001
6661 2.0070699338052987e-06 1.0137884537811754e-06 2.0761440472925521e-08 0.001
6662 4.3761946805519711e-07 7.878591363877089e-07 6.4136027903304716e-09 0.001
6663 1.9241045479930343e-06 2.0852831347121169e-06 8.7624895699254929e-08 0.001
6664 1.6187013772044613e-06 5.7026903175285629e-07 8.3713142205961066e-08 0.001
6665 1.909096559387908e-06 1.4342490954724327e-06 1.2579997324143481e-08 0.001
6666 1.6880912834572993e-06 2.0867580471600198e-06 1.6650618300177953e-08 0.001
6667 1.0200698368889565e-06 2.1869172021597899e-06 3.5039669761010127e-09 0.001
6668 2.1121496955912333e-06 1.4750432568844016e-06 1.4185348545804623e-08 0.001
6669 1.9079896748277928e-06 2.1712624286999842e-06 3.2241922599484908e-08 0.001
6670 2.45429634685285e-06 1.1729766125977138e-06 6.2497386706264811e-08 0.001
6671 2.6096274305528187e-06 1.2425663939948016e-06 2.5093454944091552e-08 0.001
6672 1.1368086179136103e-06 8.2346244259594597e-07 2.3691438134829216e-08 0.001
6673 6.1710453041315939e-07 1.3541337004898158e-06 1.8468480629551733e-07 0.001
6674 1.209027070965523e-06 2.0245578367515029e-06 2.857893317373997e-07 0.001
6675 6.9637110003808557e-07 2.1867291536330902e-06 1.0086472332111441e-08 0.001
6676 2.210425422761711e-06 1.0502442291896553e-06 1.1000688732308032e-08 0.001
6677 6.3071531679079941e-07 5.1248161576860159e-07 7.0172433111052012e-08 0.001
6678 5.0661982302770514e-07 8.5193778746233664e-07 8.8172481715372622e-08 0.001
6679 6.8287767919380737e-07 5.3883511455698752e-07 4.680378688789801e-08 0.001
6680 4.1534570731436332e-07 1.4706367903862013e-06 1.2626924925993666e-08 0.001
6681 6.1563856276057248e-07 2.6153871067101982e-06 2.393510472755393e-08 0.001
6682 2.0330064083722983e-06 2.3818827242846747e-06 7.0699346514541401e-09 0.001
6683 2.5285849019154605e-06 7.025471711064991e-07 8.6279458384601899e-09 0.001
6684 1.0796765882753888e-06 1.2948270674020265e-06 7.42728653816283e-09 0.001
6685 1.7853070490985882e-06 2.3162605128254455e-06 1.3144442093582111e-08 0.001
6686 1.7298933888638445e-06 1.8643636977790833e-06 6.018532560641113e-08 0.001
6687 9.904450995284216e-07 2.6023188325641936e-06 7.0411981401347597e-09 0.001
6688 2.5462718598568833e-06 2.1876377047934069e-06 2.8778269550663545e-08 0.001
6689 2.348663974730909e-06 2.3152286709079612e-06 7.239599677546674e-09 0.001
6690 1.6453505373534982e-06 2.6191067344518278e-06 1.3255211086372787e-07 0.001
6691 3.8662909461276281e-07 4.0770506379761114e-07 9.4106853594730019e-10 0.001
6692 1.6270282119988143e-06 1.3311940974059733e-06 1.8679916883808712e-07 0.001
6693 6.8891995230604035e-07 2.489533586258828e-06 8.3526756022228731e-08 0.001
6694 1.3745313833120524e-06 6.121013529052119e-07 6.4465986262301241e-08 0.001
6695 7.9412019632674448e-07 1.432022973807002e-06 2.1547659903781381e-08 0.001
6696 2.3521145368922316e-06 1.1076149826642141e-06 6.2317160368619063e-08 0.001
6697 6.9043206454475764e-07 5.6989120149494506e-07 1.1443812055176162e-08 0.001
6698 7.9795569583632977e-07 1.2619661916779328e-06 2.6562396641543195e-09 0.001
6699 1.8431727684949958e-06 1.9759036162050823e-06 1.3334007954409622e-07 0.001
6700 1.6931565131695705e-06 6.6995518503299945e-07 1.9233452479268162e-07 0.001
6701 1.5028474990605881e-06 1.9009422457840865e-06 2.8846182495944468e-08 0.001
6702 2.2487229502632957e-06 6.3137177987634687e-07 1.0350262810440296e-08 0.001
6703 1.4708139975864024e-06 2.1823959222230664e-06 2.624121722870091e-08 0.001
6704 1.29687065047143e-06 5.6358978246901843e-07 5.8342775426107752e-09 0.001
6705 6.9214195469562935e-07 4.6379558509453823e-07 2.4864528393627036e-08 0.001
6706 1.4835937422826651e-06 1.2599549436762173e-06 3.0269191523447928e-08 0.001
6707 1.203115723317388e-06 2.1161484089776295e-06 3.7080941565010804e-08 0.001
6708 4.3112749902318885e-07 1.4080836888185987e-06 3.0259255509053962e-08 0.001
6709 3.8877774346173712e-07 2.3293034274324007e-06 1.7470096463766951e-07 0.001
6710 1.0842495268859122e-06 1.297514334367226e-06 8.8650409938159284e-08 0.001
6711 1.6469317848147192e-06 1.9501158791678195e-06 1.132408434208257e-08 0.001
6712 2.5373540589881118e-06 6.0780633832502861e-07 8.0921266375711442e-08 0.001
6713 5.8174047637851356e-07 8.379225081655983e-07 2.186494632913554e-08 0.001
6714 2.4887139264308648e-06 5.2671447194590271e-07 6.0382685734631572e-09 0.001
6715 2.1572317433416854e-06 6.7255775175829489e-07 8.9308425472685136e-08 0.001
6716 1.3739206155940795e-06 1.5436790347787129e-06 5.6519872857077896e-08 0.001
6717 2.0602117835913432e-06 1.4407914167394509e-06 6.9137421355694781e-08 0.001
6718 2.2344287109321076e-06 1.7685927164625807e-06 1.9020053198204567e-07 0.001
6719 1.1352307157343093e-06 2.624611208951906e-06 8.5422880774562567e-08 0.001
6720 1.6264561765736961e-06 8.8084775212213516e-07 1.9501558919096471e-07 0.001
6721 1.9018409429524562e-06 1.6237871501355183e-06 6.1505253808717926e-08 0.001
6722 4.6646514453938066e-07 2.4987449044483605e-06 2.7078623418182378e-07 0.001
6723 2.0915808483659619e-06 2.1351269991465751e-06 3.0797123635653543e-08 0.001
6724 2.4702762576687355e-06 1.5865287383144509e-06 1.2185201181141732e-08 0.001
6725 1.4411312950098334e-06 1.9037120935694372e-06 4.1598245020711734e-09 0.001
6726 1.8460368245364354e-06 1.6261697661059039e-06 6.5868247418099442e-09 0.001
6727 1.0892705836923694e-06 5.3157441994795394e-07 2.121859091816842e-08 0.001
6728 2.4011564045103228e-06 1.0830547277651895e-06 5.8857147308985714e-08 0.001
6729 6.8699405633884482e-07 2.206626850608752e-06 8.3511473828838353e-09 0.001
6730 2.228886615241956e-06 1.7719310264311377e-06 1.3758558691801545e-07 0.001
6731 2.0538275426114086e-06 1.6779962484201508e-06 7.5943212183102449e-09 0.001
6732 2.6169124825536644e-06 1.194661330915357e-06 8.6306481823846668e-08 0.001
6733 9.4004542668393276e-07 1.4617861970471009e-06 2.1157656647694872e-07 0.001
6734 2.0434424871042158e-06 4.1972705622393558e-07 4.789308575752307e-09 0.001
6735 2.6138358127363962e-06 5.2989573609275603e-07 2.6196330633786256e-08 0.001
6736 6.210993478630598e-07 1.1171160675877733e-06 1.1904803853949715e-07 0.001
6737 4.8843169351794428e-07 2.1985690823584905e-06 8.3260780698418085e-09 0.001
6738 1.6022726551100956e-06 8.6697911301054224e-07 3.7466444111413898e-08 0.001
6739 1.8805198587902522e-06 2.5702729558531799e-06 9.6788293557121896e-09 0.001
6740 4.1595666726537601e-07 1.3344180873001596e-06 1.102021164241836e-07 0.001
6741 3.750029433197292e-07 5.8027420850370033e-07 5.3154067417089279e-08 0.001
6742 1.3130465995347172e-06 7.9280932942785775e-07 1.9213674444547799e-07 0.001
6743 1.1670334482072027e-06 1.6728989272165886e-06 2.7179689190317142e-08 0.001
6744 1.1678157452628582e-06 6.3782523425429741e-07 5.1712701242772099e-08 0.001
6745 2.098728413302666e-06 1.5058268827115936e-06 7.1417259004069239e-09 0.001
6746 1.3637342968689578e-06 1.2452556472211663e-06 7.8311857232597386e-09 0.001
6747 1.5962408453790291e-06 2.4338737779959089e-06 1.6387152768412784e-08 0.001
6748 9.4698540302546233e-07 1.6188785593883825e-06 1.0785336800171971e-07 0.001
6749 9.7802591998015444e-07 2.2723955948915292e-06 1.5030062656909166e-08 0.001
6750 1.2047872653085844e-06 9.4043728999414519e-07 2.3209925083505552e-09 0.001
6751 2.3648062238788069e-06 2.5505906872692171e-06 8.3637159774661742e-09 0.001
6752 1.8155856507406609e-06 1.8120356543081835e-06 1.2287330969412119e-07 0.001
6753 1.4551897004204324e-06 6.6389973136734918e-07 1.6044202458557978e-08 0.001
6754 1.9557884863490334e-06 5.3370331556574392e-07 2.7120884014870723e-08 0.001
6755 1.4699671488971243e-06 2.0187014521911427e-06 6.5648247129319547e-09 0.001
6756 1.2423453985394231e-06 1.0291758800656247e-06 5.3329936118792633e-09 0.001
6757 1.9458504708856517e-06 1.0587043602748548e-06 2.1927411852635177e-08 0.001
6758 2.0823293624566354e-06 5.744317378930372e-07 2.8052054207612853e-09 0.001
6759 1.3520042113269736e-06 2.5719962448114894e-06 1.0475054038627173e-07 0.001
6760 8.3135161515294591e-07 7.2937564604658715e-07 2.1667678434956908e-09 0.001
6761 3.9743209913132083e-07 1.4798946573581709e-06 1.1583490576149062e-08 0.001
6762 1.1507009382437211e-06 2.2881962539935555e-06 2.1460073289124453e-07 0.001
6763 1.9670338121911451e-06 2.1137657431451992e-06 1.6304169091061123e-08 0.001
6764 1.7282198529839423e-06 9.5814242753138828e-07 1.1470899872248747e-08 0.001
6765 1.3208201170097618e-06 2.0117206564596095e-06 1.4559375088114351e-08 0.001
6766 1.2558778671999442e-06 2.5176162120623232e-06 1.2653389880245421e-08 0.001
6767 1.7183286424374769e-06 4.6448830072145584e-07 2.6017339516767802e-09 0.001
6768 2.4363336042014263e-06 1.4989712922949032e-06 5.128273281822902e-09 0.001
6769 1.5114030011726275e-06 1.9611482836734637e-06 4.2703591209277253e-08 0.001
6770 1.3561341391310437e-06 2.0658232162299001e-06 5.9866253823473046e-09 0.001
6771 1.4313436677712922e-06 3.999986685868849e-07 6.5357069593098114e-08 0.001
6772 2.3810645015000483e-06 1.783055820962994e-06 6.1187069793785812e-08 0.001
6773 2.4733996128873532e-06 4.0754335455155286e-07 2.477527895357191e-07 0.001
6774 2.5578385100779639e-06 8.7532008763275905e-07 9.5548810306376783e-08 0.001
6775 1.6411445933550338e-06 3.8437180696675865e-07 1.9937840335873721e-08 0.001
6776 8.833999053240287e-07 6.4914379060502546e-07 9.5107176302770149e-09 0.001
6777 2.1077188471751228e-06 2.4589586854204032e-06 1.2105627480021078e-08 0.001
6778 1.8862817648128147e-06 4.9698681318751116e-07 1.7574346686653613e-07 0.001
6779 1.1584553768100561e-06 5.0088790765675527e-07 4.0109547228763109e-09 0.001
6780 2.6079209559234691e-06 1.3873879225066928e-06 9.8926464637191117e-09 0.001
6781 4.1780130931938201e-07 5.9073025788333008e-07 2.7760312239318997e-09 0.001
6782 6.7201698772247493e-07 2.2747306432783777e-06 6.5161953101956059e-08 0.001
6783 2.4386779415404337e-06 6.5407825900286226e-07 2.4492219992544154e-08 0.001
6784 7.8295059877277707e-07 1.477161437547665e-06 1.3318197263940991e-07 0.001
6785 1.8641343307534677e-06 9.6866359623187168e-07 3.08595652759325e-08 0.001
6786 1.3728942880144043e-06 2.2530195315263065e-06 7.717873722951775e-09 0.001
6787 5.841520927302286e-07 2.0044317347469399e-06 2.0318229471963539e-07 0.001
6788 8.3213642346398361e-07 2.4381546338971247e-06 1.3636547094816e-07 0.001
6789 6.8735654374872576e-07 2.2292132527578061e-06 7.5336237334074483e-09 0.001
6790 1.6962825476115682e-06 1.1323540923062438e-06 3.4001583503653597e-08 0.001
6791 2.5018584736953024e-06 1.8616227520731947e-06 5.9029541883581511e-09 0.001
6792 1.8486476753015262e-06 2.0087962235196362e-06 1.1391877201696694e-08 0.001
6793 6.1581651574602213e-07 8.6284748480741606e-07 1.9185831792432207e-08 0.001
6794 9.4275787438963714e-07 1.7104788289314781e-06 5.1319084691900264e-08 0.001
6795 8.1482140711793881e-07 2.2751745949421198e-06 4.0395018747205095e-09 0.001
6796 4.00954356633293e-07 1.9432457086523578e-06 4.0614714869715641e-08 0.001
6797 5.6732617802577759e-07 2.5504584158358453e-06 4.8016758031577974e-09 0.001
6798 1.4919809015691328e-06 8.8204512430579677e-07 1.9897513637953585e-08 0.001
6799 1.420251882026417e-06 1.8390838895906513e-06 9.9014438258201132e-09 0.001
6800 1.4850655826605125e-06 2.4729349178544995e-06 4.471606204052044e-09 0.001
6801 1.9136267743705512e-06 2.2190982065863146e-06 7.3427715363866745e-08 0.001
6802 5.1450596110471522e-07 4.7807304341267463e-07 1.1099319416736679e-08 0.001
6803 1.6126231240256544e-06 1.0312521113007865e-06 6.9991311231851947e-08 0.001
6804 2.494815240335777e-06 1.1625873465903038e-06 5.9307165053154859e-09 0.001
6805 1.5112478431591749e-06 1.3454063747724927e-06 3.7662496858774216e-08 0.001
6806 1.7260530998362893e-06 5.5623712314041525e-07 8.371223026460354e-08 0.001
6807 1.5500066499679508e-06 7.8820775993854756e-07 3.0670062612688546e-09 0.001
6808 2.0752290932191245e-06 1.9437626929880391e-06 2.9756350943844633e-07 0.001
6809 1.9435547211522625e-06 1.4985444869710341e-06 7.3571715235711164e-09 0.001
6810 1.0230397524820392e-06 1.556485538330977e-06 5.0750754313194742e-09 0.001
6811 1.2069152795151255e-06 8.2085280297184351e-07 3.5305302700769931e-09 0.001
6812 3.9485938274790178e-07 1.1387883347526019e-06 9.5587562040956116e-08 0.001
6813 9.5755801796984003e-07 1.0635236031034869e-06 1.8298374889901918e-07 0.001
6814 8.2048341557797664e-07 2.0234302472174504e-06 2.4529202279242525e-08 0.001
6815 8.1375248716986257e-07 1.403439075868718e-06 8.4544349984245854e-08 0.001
6816 6.2894039750380951e-07 8.5874795082488125e-07 1.8723425567602901e-09 0.001
6817 1.6323854917040652e-06 2.4443687513806622e-06 1.2448485266491847e-07 0.001
6818 2.56011907946528e-06 1.4204157526469296e-06 1.5236693961946232e-07 0.001
6819 2.024598908795518e-06 2.5775771076765936e-06 1.1895408504176408e-08 0.001
6820 9.2114028029018794e-07 2.2840951408104331e-06 2.7060354509736003e-07 0.001
6821 2.4354233352701663e-06 2.465798122938432e-06 1.2544909923780123e-07 0.001
6822 2.2623804481530004e-06 1.0372133420618142e-06 2.2448202833055872e-07 0.001
6823 1.0723321556444317e-06 5.838466832369893e-07 1.8526386077861137e-09 0.001
6824 5.2825189506881844e-07 2.0138496250552215e-06 3.2442540788418183e-09 0.001
6825 1.663928008170656e-06 1.0119579009829241e-06 1.0873492720200893e-07 0.001
6826 1.9920829583921485e-06 1.5117287331616704e-06 6.8916206545403707e-08 0.001
6827 4.7618768778225494e-07 7.7688321696698565e-07 7.8503939468462414e-08 0.001
6828 1.4049494451207843e-06 7.8935395478166197e-07 9.0064278964259482e-09 0.001
6829 1.5717437783125197e-06 1.9642275104464768e-06 2.6568226002054918e-08 0.001
6830 2.015739445438447e-06 2.567289458794481e-06 1.1616859242034441e-08 0.001
6831 6.4990252028989104e-07 2.1720736628601081e-06 2.9721551856993994e-08 0.001
6832 2.2673088462887717e-06 1.7549585283195322e-06 3.5646881795411809e-07 0.001
6833 6.2299958207848478e-07 2.5817646269002179e-06 3.8321231727375642e-09 0.001
6834 1.6177268526395353e-06 1.1677831901411833e-06 4.0484057984927729e-08 0.001
6835 1.0524555519942122e-06 1.6600961929960736e-06 1.0105044407496686e-08 0.001
6836 2.2250329725653801e-06 2.3454370860086419e-06 1.763679960549416e-08 0.001
6837 9.8270606354052857e-07 2.602902507536647e-06 1.9372790311048832e-08 0.001
6838 2.5548247523878984e-06 1.9696286650394e-06 1.3315887586630743e-08 0.001
6839 1.5923433098436354e-06 8.7157499424959083e-07 4.8403153596267183e-09 0.001
6840 5.412384333311438e-07 1.8518381424921701e-06 6.8845010319350834e-09 0.001
6841 2.5489121869086159e-06 1.8816501706454694e-06 2.0445372122675774e-07 0.001
6842 1.7214964173697358e-06 2.2205566833886145e-06 3.6646409247833457e-07 0.001
6843 2.0493980077834058e-06 2.0930961162903746e-06 1.7620600031504801e-07 0.001
6844 1.4522411234051003e-06 1.2278050565107711e-06 2.3999102866116797e-07 0.001
6845 1.2966246151027523e-06 1.3189055653229719e-06 6.9433201966934655e-09 0.001
6846 2.1478770787508069e-06 5.3636892895313082e-07 1.1693776147324572e-07 0.001
6847 2.0750666921051157e-06 4.572830199420509e-07 3.0137326651462885e-08 0.001
6848 1.5323060854816662e-06 1.2774620180967736e-06 3.5711424425817476e-08 0.001
6849 2.1954052863068471e-06 6.5259109593985579e-07 8.3416049325467903e-09 0.001
6850 1.8312585992340809e-06 1.2363004872441036e-06 5.1491293169960911e-08 0.001
6851 2.1831934176365214e-06 1.6266757324433052e-06 3.0633611702192298e-07 0.001
6852 2.5228673606122034e-06 1.1835858441278002e-06 4.1587409439514261e-08 0.001
6853 1.7402531587028847e-06 1.296284792504995e-06 2.7146076883372816e-08 0.001
6854 1.614643293452456e-06 4.3592722933481997e-07 2.2575505413504851e-09 0.001
6855 1.1263426630080593e-06 1.9572291917240736e-06 1.8920546029280611e-08 0.001
6856 1.4410059585463342e-06 8.1949740070489769e-07 1.075370259903549e-08 0.001
6857 2.2728490259766327e-06 9.7737149218898584e-07 1.2628282541550506e-08 0.001
6858 1.9822866629311308e-06 9.1239502021383895e-07 4.1770292197679977e-08 0.001
6859 2.3767543652892171e-06 1.0571549014550138e-06 5.4085046159958168e-08 0.001
6860 1.6944060593594186e-06 1.3712266157152871e-06 3.2502318237294824e-09 0.001
6861 2.1237893463869035e-06 7.396378176208338e-07 7.1854736902903306e-08 0.001
6862 1.3181628006022414e-06 1.5748603006851784e-06 2.5067985067581551e-07 0.001
6863 1.7957243075487012e-06 6.3828870682357574e-07 1.7258498945889254e-08 0.001
6864 1.6447262755464726e-06 2.3973750378075317e-06 3.6957494747974193e-07 0.001
6865 1.5126340867049808e-06 1.4303722318248791e-06 1.4811723176532575e-08 0.001
6866 2.3696478656774727e-06 4.5719896782863455e-07 1.0671377148900457e-08 0.001
6867 1.3471231430144207e-06 4.4586645717243359e-07 5.7816280067718107e-09 0.001
6868 1.7877548812815768e-06 1.8072231215005985e-06 1.0799190802631375e-08 0.001
6869 2.1728808845039639e-06 8.8151755112648063e-07 4.9109851769434535e-08 0.001
6870 2.087601714244124e-06 1.1197565588920824e-06 2.8623076407805553e-08 0.001
6871 1.4535679300362499e-06 1.300327420778566e-06 4.9066977640954812e-09 0.001
6872 1.0974948117752842e-06 6.5230805043325435e-07 9.7509012651837203e-08 0.001
6873 8.8601025094813066e-07 5.1814346389455369e-07 1.854303507131335e-09 0.001
6874 1.0858940110905377e-06 1.0108366360125584e-06 2.0560412399704064e-08 0.001
6875 1.6224695959764662e-06 2.4590014813317771e-06 9.9765720155310742e-08 0.001
6876 7.9390068350450592e-07 2.257932025425842e-06 1.4323507890097905e-08 0.001
6877 9.5461219421992079e-07 1.7881730305690669e-06 3.418540738737271e-08 0.001
6878 1.4755404524428567e-06 2.2264364226455248e-06 1.6146436073790644e-07 0.001
6879 1.3470493322096188e-06 2.2190026556833356e-06 3.0198415641102423e-08 0.001
6880 2.6176556557418273e-06 8.1460169012197909e-07 1.9532145883931898e-08 0.001
6881 2.5888937347162945e-06 1.4048689190126895e-06 6.4539904311187974e-09 0.001
6882 5.2151419630163451e-07 1.4990353998174814e-06 1.3720205654732639e-08 0.001
6883 2.2345192675822941e-06 2.4402306755055181e-06 2.9614420677933624e-08 0.001
6884 1.7100457490828847e-06 1.8516203360321619e-06 9.6405135269922026e-09 0.001
6885 1.3619338612419964e-06 1.4599715958039638e-06 3.6563373079129438e-08 0.001
6886 2.3070117721340532e-06 1.0632228017118849e-06 5.4712068432186513e-08 0.001
6887 1.1910833513692066e-06 1.8350150277262903e-06 4.1976422761378547e-08 0.001
6888 2.2503208397305653e-06 7.8052575430500695e-07 2.8211948196379799e-08 0.001
6889 1.7774639666924897e-06 1.0512174927994861e-06 3.2214680015997115e-08 0.001
6890 3.860339301303717e-07 2.5791344486340516e-06 1.8617799860727403e-08 0.001
6891 8.3486604346025346e-07 4.9643165363566749e-07 4.1441357070273756e-08 0.001
6892 1.6110693511562837e-06 1.7083387473917395e-06 5.2134464285131615e-09 0.001
6893 2.2690481441949852e-06 2.3445289448711871e-06 3.725025441285503e-08 0.001
6894 2.0934592169052671e-06 2.0207263586536935e-06 6.5884994463545109e-08 0.001
6895 1.2018983687574227e-06 1.1081391602429157e-06 1.7092605358242106e-07 0.001
6896 7.6672806381358261e-07 2.4855651868685206e-06 1.6154928367727302e-08 0.001
6897 9.255376827895e-07 7.7973827695297333e-07 5.7131309569862253e-08 0.001
6898 4.4029490359963694e-07 2.2494456919522766e-06 6.6868535964794848e-08 0.001
6899 2.3386925226195791e-06 4.6362000917437205e-07 3.6045750847182287e-08 0.001
6900 4.8568257530624112e-07 1.1028260623804793e-06 2.8253672889847659e-09 0.001
6901 1.6902167939480083e-06 5.0671784690753005e-07 5.6717097343933439e-09 0.001
6902 2.5273078305310695e-06 2.1227976531751741e-06 3.145733847819023e-08 0.001
6903 1.102819168612175e-06 2.5667158749467187e-06 7.6818508583459481e-09 0.001
6904 2.0200521602107795e-06 1.4550829488806083e-06 1.4115554789049738e-08 0.001
6905 6.8296478568927594e-07 5.168679740039268e-07 7.9107574854782795e-09 0.001
6906 1.4793694191118197e-06 9.1884530351393206e-07 1.1323194829587742e-07 0.001
6907 2.1463173157352199e-06 1.0814917254529192e-06 2.367040293477204e-08 0.001
6908 2.4753741707342363e-06 1.1115575245935517e-06 1.1446696685496256e-07 0.001
6909 1.3020162216999341e-06 2.5569259803766999e-06 3.3623030339636236e-08 0.001
6910 1.9457006824350285e-06 2.2242800908910541e-06 7.1174121532193873e-08 0.001
6911 6.1460273432577965e-07 1.1790571589495797e-06 6.6898643477895179e-08 0.001
6912 1.1934697285516196e-06 1.0455640318045098e-06 8.6408644912352299e-08 0.001
6913 1.0121499377662097e-06 1.2636306405254548e-06 2.1042067568475249e-08 0.001
6914 2.3910667743194913e-06 2.3729129647255106e-06 1.8942277885032199e-08 0.001
6915 7.9084554777474891e-07 1.9125186118868449e-06 5.5431174260021676e-09 0.001
6916 5.832254998601962e-07 2.5029228083101427e-06 6.4566885329971602e-08 0.001
6917 6.0248711429326547e-07 9.6095745360332836e-07 8.2865711903018589e-09 0.001
6918 1.4525234366094444e-06 1.1798965794078598e-06 6.5052469153684941e-09 0.001
6919 2.4407430521803393e-06 5.8940260702791996e-07 7.6644404081721915e-08 0.001
6920 1.1837000338185635e-06 1.7223839787959119e-06 1.912502394003673e-08 0.001
6921 1.612892436703259e-06 1.0069710818366886e-06 1.2922034897723926e-07 0.001
6922 4.4403417623524746e-07 1.9462342923394353e-06 4.4669479628189399e-09 0.001
6923 4.6179266893820095e-07 2.224156534928597e-06 6.9177280531836598e-09 0.001
6924 1.5254485895152665e-06 1.579808959663316e-06 4.7039041733119692e-09 0.001
6925 2.3278313300117779e-06 4.7327692703943937e-07 1.2889688407438456e-08 0.001
6926 1.7775607262777726e-06 1.6579207914278797e-06 9.6497624316402432e-09 0.001
6927 2.3979866966871637e-06 2.0102780036584211e-06 8.1522492191152415e-09 0.001
6928 5.6162758981105763e-07 2.3857589802703407e-06 3.4746157778534716e-09 0.001
6929 5.661176568149708e-07 9.5038100919649372e-07 1.2658419885117742e-07 0.001
6930 8.5128921199390903e-07 9.4660844992456136e-07 1.9070811761133561e-08 0.001
6931 3.9121142088884888e-07 1.3692215483003134e-06 5.7237905454571662e-09 0.001
6932 6.7129347826040079e-07 1.9508874878858134e-06 1.7910723690978673e-08 0.001
6933 5.5997200481852565e-07 8.5855168290078575e-07 8.2873669969207387e-08 0.001
6934 6.6912145253481605e-07 1.4609683453658209e-06 7.5364265159225287e-08 0.001
6935 4.6840292456966555e-07 7.2805588463077032e-07 1.1464651180028637e-07 0.001
6936 1.931691204443644e-06 5.138212623750339e-07 7.4008845820215915e-08 0.001
6937 1.1415618293264403e-06 1.8649046697556244e-06 6.8992013851719255e-09 0.001
6938 2.1348568352130532e-06 8.1871057089559441e-07 1.095551006771813e-07 0.001
6939 6.673304433439579e-07 1.8293488858033074e-06 2.6931126061219914e-08 0.001
6940 2.024167425117707e-06 1.5464435446047465e-06 4.2518908283248429e-08 0.001
6941 2.2827078808029465e-06 1.0412929528497173e-06 8.7776666578973594e-09 0.001
6942 1.7847227575285114e-06 8.6935973253162078e-07 2.5871035412810042e-07 0.001
6943 5.959530540599126e-07 7.0987130638618928e-07 9.1445145866416693e-09 0.001
6944 1.1083413812405973e-06 3.9532886464041471e-07 2.2202372368837011e-08 0.001
6945 2.2909951000273441e-06 2.3645614647863246e-06 1.1707842758951894e-07 0.001
6946 1.1296851826079623e-06 5.6435646549206494e-07 1.1128646425396832e-07 0.001
6947 9.9650916096362544e-07 9.6095860310999555e-07 7.2414959941318809e-09 0.001
6948 9.7316643372457946e-07 2.3524969924738175e-06 1.1357615229341934e-08 0.001
6949 6.7991200632663568e-07 1.5616460796077861e-06 4.1022188397162051e-08 0.001
6950 4.0729383391813567e-07 1.4948641872452983e-06 9.3988865250470907e-09 0.001
6951 4.2242486370579704e-07 2.1986660581840473e-06 2.4504683488189347e-08 0.001
6952 7.6679737592978067e-07 1.9697943529831605e-06 1.8019736926897835e-08 0.001
6953 7.6888136938877153e-07 1.8042440280113022e-06 1.4101404570410532e-07 0.001
6954 1.9046456574196517e-06 2.286337071065008e-06 2.3713835172934615e-07 0.001
6955 1.0207618093210605e-06 1.298947489850719e-06 3.3330924572050567e-09 0.001
6956 2.4844053157032934e-06 1.1393595519498475e-06 4.2787957886508992e-09 0.001
6957 1.3261800634676129e-06 9.7464855543953324e-07 1.9907156955702988e-07 0.001
6958 2.0386957971308992e-06 1.0584829777389898e-06 7.5402927042450932e-09 0.001
6959 2.1342225046205907e-06 1.5292564001593296e-06 3.0867078467782187e-07 0.001
6960 5.8038320403977099e-07 1.422598825750986e-06 1.5019635599633156e-08 0.001
6961 1.8827603362333848e-06 2.1159331010743865e-06 5.0157466313581419e-09 0.001
6962 9.9452510586370433e-07 4.9927342156467734e-07 1.6960580874043436e-08 0.001
6963 2.1731979898000777e-06 1.8466852215677487e-06 4.1359037029067e-09 0.001
6964 1.582372607504739e-06 1.5801237405805094e-06 1.8910574966880463e-07 0.001
6965 1.6598118110612455e-06 5.0933843895966856e-07 7.5767471902285761e-09 0.001
6966 7.9327155559775595e-07 2.0671198454106267e-06 1.9442671022233011e-07 0.001
6967 7.9033799112934059e-07 8.2978765339919676e-07 3.0372582603295374e-08 0.001
6968 1.6919588738406438e-06 1.6071489277439204e-06 7.3206186467319441e-09 0.001
6969 2.3110177200106145e-06 2.2457794036373204e-06 1.3442568714790537e-08 0.001
6970 1.9599797634390742e-06 1.3121208123430896e-06 4.1647507008836494e-08 0.001
6971 1.1286485516410033e-06 2.3391868408959975e-06 7.4416975996042784e-08 0.001
6972 2.4699630616095755e-06 1.0305000287324555e-06 5.2124086145172772e-09 0.001
6973 7.8541444633256115e-07 1.4760232085055796e-06 2.9835244730137716e-08 0.001
6974 1.5967852407213777e-06 2.3004113108202834e-06 8.1682549850683033e-08 0.001
6975 2.0802875853297736e-06 2.0161705540684182e-06 9.0089398935895671e-08 0.001
6976 1.4330952705544753e-06 2.5205023531085077e-06 4.184638663870936e-09 0.001
6977 2.5158804051715003e-06 1.6249051381706893e-06 1.1842249189654083e-07 0.001
6978 1.8423161193245564e-06 7.6810605995187653e-07 2.7269310750694875e-09 0.001
6979 1.7192494085912272e-06 9.338299505045524e-07 5.36430868561422e-09 0.001
6980 2.3313003772243164e-06 1.92072540190037e-06 3.1638687744279757e-08 0.001
6981 1.2797798398728275e-06 7.5822139327998589e-07 3.3263105839917689e-09 0.001
6982 2.4845907493074909e-06 2.1277470036879923e-06 4.6063829863664303e-08 0.001
6983 1.8090889179598026e-06 1.7597200368690604e-06 7.9915742182548467e-08 0.001
6984 2.4915725257375245e-06 2.4036010374654933e-06 2.6597647918257921e-07 0.001
6985 1.803791750342464e-06 1.0908772526405685e-06 7.7534520835152243e-08 0.001
6986 2.5081109882152499e-06 6.9285359546941156e-07 5.7259004303013712e-09 0.001
6987 9.923491435825021e-07 2.3586692124230918e-06 5.126867763839526e-09 0.001
6988 1.4682336978853677e-06 2.2208388137456881e-06 4.8518845395354884e-09 0.001
6989 2.1659602557274154e-06 2.5644757457366842e-06 3.0861103133096133e-07 0.001
6990 6.7111615356966847e-07 5.3402825830540758e-07 3.3964441033766483e-08 0.001
6991 1.7538913995380773e-06 4.30824662576643e-07 6.3449948448161492e-08 0.001
6992 4.4263152779844165e-07 5.1009385879078186e-07 1.2919730136692125e-08 0.001
6993 2.1668959278370042e-06 1.5419356163524324e-06 4.3688832592264483e-08 0.001
6994 1.372753343948638e-06 1.1959069646832641e-06 4.047269519735957e-08 0.001
6995 1.910865855508031e-06 1.5553019346970143e-06 8.932592275915583e-08 0.001
6996 1.0412010346068322e-06 1.92922525280013e-06 1.4495727141598783e-07 0.001
6997 1.5003326371903622e-06 2.2451097799187367e-06 3.5476330715421628e-08 0.001
6998 6.2768605995311544e-07 1.1222135595326014e-06 4.2839307023347463e-08 0.001
6999 9.6496735374820254e-07 2.4404364184784162e-06 1.3772304972971632e-08 0.001
7000 6.0663230187780704e-07 1.4847891445371021e-06 4.3661569551836389e-08 0.001
7001 1.4698268663781527e-06 5.8713853120940091e-07 5.4953025124436962e-08 0.001
7002 1.4417902641161591e-06 1.9128407367254982e-06 4.8238742220996979e-09 0.001
7003 9.8723154674998915e-07 2.2777571344342934e-06 8.6706124036063747e-08 0.001
7004 2.5322702357023792e-06 1.1451130385862172e-06 1.1743940913779506e-08 0.001
7005 2.5577348577468423e-06 1.4059869425075737e-06 2.2791152094244201e-07 0.001
7006 2.5649555545452058e-06 2.3460201572551884e-06 3.2623373396211086e-07 0.001
7007 1.3476284671764025e-06 2.352649154948784e-06 1.3408936155191821e-07 0.001
7008 2.0992444918684094e-06 1.1913300806036115e-06 1.2647224600791183e-07 0.001
7009 1.9093303574060875e-06 2.0451409226750989e-06 2.1861748154423442e-07 0.001
7010 1.7733270181133201e-06 1.2101831694722405e-06 7.609003801399181e-09 0.001
7011 1.9060081029156428e-06 2.5391976589752652e-06 5.1522529823235467e-08 0.001
7012 6.1507611014555297e-07 2.5721672221304554e-06 2.8541137188602755e-07 0.001
7013 1.0022811188237008e-06 1.6253704286506799e-06 1.7160248518033405e-07 0.001
7014 5.5790431751782817e-07 2.2146000223327745e-06 2.344766269086321e-07 0.001
7015 1.2021714075353141e-06 5.1225517449464085e-07 1.7107317141147553e-08 0.001
7016 1.578584683087002e-06 1.0521762126282964e-06 3.3357411209433643e-09 0.001
7017 6.945983013994552e-07 9.1217787507860881e-07 1.5644224740544409e-07 0.001
7018 1.7192472021510634e-06 1.5770651883163236e-06 1.7672725662675175e-08 0.001
7019 2.0384455665970415e-06 6.3950735888317244e-07 2.3776175229417309e-08 0.001
7020 8.8274362380163292e-07 1.7589491944096033e-06 5.6149538286988369e-08 0.001
7021 2.5246804166719977e-06 1.2417831712764493e-06 7.1598857672297967e-09 0.001
7022 7.5668985021652906e-07 2.5374581178208455e-06 5.6010876092921175e-09 0.001
7023 1.8309213713342198e-06 8.1724460471052787e-07 1.0286125385004402e-07 0.001
7024 1.755446153980728e-06 6.6042411347647125e-07 2.2192317088932718e-08 0.001
7025 2.3772133246759072e-06 1.9509764658544903e-06 1.103628904864291e-08 0.001
7026 2.0755284985889705e-06 1.656908507556416e-06 1.4688632019271004e-08 0.001
7027 1.8914145595641892e-06 1.9026635117153882e-06 9.3515361900534923e-08 0.001
7028 1.2611855002872759e-06 7.6700773591677153e-07 3.6465356511461685e-08 0.001
7029 1.1796310029723025e-06 6.1049703139427779e-07 7.6099137695289714e-09 0.001
7030 2.0835277894067896e-06 1.8665411574788554e-06 8.3479059635585378e-08 0.001
7031 1.9380994352862826e-06 1.8889577598966115e-06 1.4180633962509319e-07 0.001
7032 1.3197310082949598e-06 1.8544374357554966e-06 1.5005684761342008e-07 0.001
7033 8.2146247307865222e-07 9.2333601896980933e-07 1.4682222189154594e-08 0.001
7034 1.417183808217061e-06 1.795570010531354e-06 1.941617370332896e-07 0.001
7035 5.5578201387185653e-07 1.7806155808950442e-06 4.2529043833540957e-08 0.001
7036 1.7539194778263453e-06 2.529003181775813e-06 9.538874332873206e-08 0.001
7037 1.0867650349017453e-06 2.3026302487523942e-06 3.6429093903158867e-08 0.001
7038 2.215435270067887e-06 4.729891777025488e-07 2.5089016917129465e-07 0.001
7039 1.3004269713878146e-06 1.0708679888331036e-06 3.5657210798750558e-09 0.001
7040 1.176735281717282e-06 2.4295357811356196e-06 3.3069329603247074e-07 0.001
7041 7.0685438211066048e-07 2.4986744491140516e-06 1.7445633555943078e-07 0.001
7042 1.9096860451609674e-06 9.5892939119179096e-07 1.6009123898038171e-07 0.001
7043 1.4010564844923308e-06 2.2928452965444909e-06 9.3422358766460238e-08 0.001
7044 2.5645169397040524e-06 9.1275356292898473e-07 4.1579540513270571e-08 0.001
7045 6.2381408965049953e-07 6.9567470047507017e-07 8.9191946240085518e-08 0.001
7046 2.3522120108514945e-06 1.0013389319772722e-06 1.3363509266587115e-08 0.001
7047 1.4924195883332505e-06 1.967275931532587e-06 2.1720352606302149e-08 0.001
7048 2.281951321359919e-06 3.8338901655895643e-07 2.4517921805216601e-08 0.001
7049 4.1425918961942225e-07 1.9193315298061923e-06 6.5220511259978559e-09 0.001
7050 1.2111891402125311e-06 9.8950100553699407e-07 2.8909836709264725e-08 0.001
7051 7.6505635950251741e-07 1.4095305462793822e-06 2.6759797725616287e-09 0.001
7052 1.0078528359871074e-06 1.9254870298709522e-06 1.9688398740833196e-08 0.001
7053 4.3874884601996867e-07 4.4820761341214065e-07 8.1913455605530516e-09 0.001
7054 2.3324850849924598e-06 1.7555194613792829e-06 6.6104774175933623e-08 0.001
7055 2.5071672071953051e-06 4.0647671193208173e-07 4.564871103657198e-09 0.001
7056 1.6314075951549078e-06 1.1108191283524226e-06 3.8548894807480437e-09 0.001
7057 9.3782866766409295e-07 2.2512895863177645e-06 3.5128108656222183e-08 0.001
7058 2.4518891139666145e-06 6.6111022664100652e-07 2.0474397282515763e-07 0.001
7059 1.4548281222550814e-06 1.9012438050431327e-06 4.1965735299687336e-08 0.001
7060 4.3993590655136925e-07 8.494871990264338e-07 1.7105742448259887e-09 0.001
7061 1.4987231484382509e-06 1.8286853398118377e-06 6.0584774501818817e-08 0.001
7062 5.0823898332646325e-07 1.8849247250893308e-06 9.4992873770687801e-09 0.001
7063 1.3930852180175008e-06 1.3903619503972442e-06 4.8559080043794512e-08 0.001
7064 2.2884441912992863e-06 4.3162833258286793e-07 1.6888757740333674e-08 0.001
7065 7.9641957030003427e-07 2.5363824238758205e-06 7.2195297673865847e-08 0.001
7066 2.192373190637745e-06 1.4712276495442905e-06 4.3753736285324343e-08 0.001
7067 1.336499192942e-06 9.6235292203497759e-07 3.5297750514003471e-09 0.001
7068 2.0009052939984297e-06 4.3054203941628427e-07 5.2785174541782901e-08 0.001
7069 5.8798499366287486e-07 1.3207669444504359e-06 8.3023388956468962e-08 0.001
7070 2.2162231047129811e-06 1.073594150684169e-06 1.3003489922330056e-07 0.001
7071 7.4694319895458347e-07 1.9471400697916183e-06 9.7429542686437511e-08 0.001
7072 7.1190253826743563e-07 9.2105966263732332e-07 1.2406295421176648e-07 0.001
7073 8.1662036107240184e-07 1.1524898918387369e-06 5.6438611723549478e-08 0.001
7074 6.794052066811238e-07 2.5065420939201088e-06 1.0673586373180214e-08 0.001
7075 1.9381535649714418e-06 1.9854875295089277e-06 2.6551513337295479e-07 0.001
7076 3.8423784426801241e-07 1.708669083588059e-06 2.5818014893073894e-08 0.001
7077 1.1873038257603724e-06 1.5488095408224362e-06 9.3525205049952863e-09 0.001
7078 1.6870947860774256e-06 6.7240975502842434e-07 6.7684115408841065e-08 0.001
7079 1.7806482392384014e-06 7.2605299001291234e-07 4.787235633567176e-08 0.001
7080 6.970586271831476e-07 1.892939913818126e-06 6.3145968517774186e-08 0.001
7081 7.2800458637026443e-07 1.5881995431269108e-06 1.5170447221520334e-08 0.001
7082 2.0638989462003149e-06 1.0707530236779971e-06 3.8239083730275364e-08 0.001
7083 1.9274047484065477e-06 6.3115302459537305e-07 5.3553864632201889e-09 0.001
7084 1.5872473819948252e-06 4.4541944574068952e-07 5.6735945519315964e-08 0.001
7085 1.7290441453430365e-06 1.4963046182338567e-06 4.2446012811747527e-09 0.001
7086 2.0569617865705072e-06 1.7907699854811492e-06 1.6122916047330414e-07 0.001
7087 4.2371873266567318e-07 2.4592609373557525e-06 8.4222282842552085e-09 0.001
7088 1.2937716050920958e-06 7.8312943914907306e-07 3.490670445686221e-08 0.001
7089 1.4146720716870039e-06 1.0207661978849175e-06 3.7225310633077564e-08 0.001
7090 1.2687558748402438e-06 2.6219045242603222e-06 1.1337943793863311e-08 0.001
7091 7.9140928195013237e-07 2.0261995207257363e-06 2.6933581128260102e-08 0.001
7092 1.5163810058592874e-06 2.4165645199159209e-06 1.188331304636081e-08 0.001
7093 2.4974176627487525e-06 2.5441301061763993e-06 7.1311968760301207e-08 0.001
7094 1.6627018815926862e-06 1.6359690158214526e-06 1.6579862606335177e-07 0.001
7095 7.8182955674348458e-07 1.7828450281626498e-06 1.8534395519480273e-08 0.001
7096 9.3027562262744663e-07 8.3889432048155694e-07 3.7382828768083186e-08 0.001
7097 8.4953110267344375e-07 5.3698332826077549e-07 1.7667786147728555e-09 0.001
7098 1.8481338180153262e-06 2.5071920791947338e-06 2.1920558145325816e-08 0.001
7099 1.2686117071029042e-06 2.5573747144657189e-06 2.2196093100399739e-07 0.001
7100 2.2841511870525552e-06 1.2081029087056402e-06 1.0365282601202677e-07 0.001
7101 6.3210274272116962e-07 2.3952342105487788e-06 1.0860817660187464e-07 0.001
7102 1.5943419057665542e-06 2.4941321075590113e-06 2.7372872468692231e-07 0.001
7103 4.6972492642181778e-07 1.2713021457763689e-06 2.7933451942119523e-09 0.001
7104 2.4106045769173807e-06 1.9202247434954621e-06 1.303904080976946e-07 0.001
7105 7.3527154526267411e-07 4.9156634614786313e-07 6.8731773138524265e-08 0.001
7106 3.9466653102115755e-07 9.8228888056826848e-07 8.2632422408817372e-08 0.001
7107 2.0154654816774621e-06 1.0169441360210403e-06 1.3828112944863464e-07 0.001
7108 7.6423557546791795e-07 2.3418979617259903e-06 8.5548284563181861e-08 0.001
7109 1.8128381791432406e-06 1.6471153451529616e-06 2.7499379023983187e-08 0.001
7110 2.1802581106855245e-06 1.8120674351549735e-06 2.1078063684031512e-07 0.001
7111 7.4081718825522792e-07 7.4369113150377421e-07 1.2589518381397347e-07 0.001
7112 2.0964614136120506e-06 9.0463431604612164e-07 3.3325025145551919e-08 0.001
7113 1.1481110531899419e-06 1.7263211027168829e-06 1.6619062391478185e-08 0.001
7114 2.2630346857107916e-06 2.2132274968299352e-06 1.1158712816330534e-08 0.001
7115 6.6361549623824525e-07 2.3132629365692626e-06 2.9657689060560368e-08 0.001
7116 1.925920700465175e-06 1.4605890294138602e-06 3.4540026993436916e-09 0.001
7117 7.6270001005527753e-07 2.3858611781464129e-06 3.8818157432360435e-08 0.001
7118 1.6504254120354678e-06 5.698705823723388e-07 1.8571944989768203e-07 0.001
7119 1.759808054472644e-06 2.3297739667411961e-06 1.9487246183645233e-08 0.001
7120 2.0222911802298922e-06 1.5573406051415287e-06 3.3662370628351315e-07 0.001
7121 9.5688699206339674e-07 1.9852637387406192e-06 1.2451606977408055e-08 0.001
7122 1.0984152936383471e-06 1.6680625428902255e-06 3.4293753930167266e-08 0.001
7123 2.0913801931082619e-06 1.8119975927991149e-06 2.3010520748807422e-07 0.001
7124 1.4688587553655619e-06 2.2999818476722993e-06 3.4284564867798758e-07 0.001
7125 7.2731004218731203e-07 2.4396651468683266e-06 3.2928594650459787e-08 0.001
7126 1.9643386478182996e-06 4.898500583293504e-07 1.2314909818734587e-07 0.001
7127 4.8914226623774702e-07 5.9309861598143245e-07 1.1849015447446968e-09 0.001
7128 1.6041546057434285e-06 2.3603950738824598e-06 1.2391292921477988e-08 0.001
7129 4.7840499854988243e-07 1.1000311645331829e-06 2.3030633196785444e-09 0.001
7130 1.362236067361016e-06 2.1870315316238115e-06 2.1679400235312751e-08 0.001
7131 6.5211983873987263e-07 8.5026929059060507e-07 1.238574147444797e-08 0.001
7132 1.416116776841066e-06 5.7906468578039686e-07 1.1730474664545337e-07 0.001
7133 1.481844555625028e-06 1.2618399410356663e-06 1.0560409602006431e-07 0.001
7134 9.215963482852289e-07 1.5902960607534084e-06 3.3816351528452963e-08 0.001
7135 2.2924631095744946e-06 2.3595985298114579e-06 1.0829008993201852e-07 0.001
7136 2.0742386918126072e-06 1.8092165119782835e-06 1.688679679358967e-08 0.001
7137 7.5651176105245746e-07 2.0014556627509596e-06 7.5941881277927482e-08 0.001
7138 1.4014157957554243e-06 1.8116702074974656e-06 6.1623758686151869e-08 0.001
7139 7.9142743936719626e-07 7.2208802447991035e-07 3.3399842999072665e-08 0.001
7140 1.0292657258469505e-06 2.3830905929507833e-06 3.0733747546521862e-08 0.001
7141 7.1117089213861476e-07 1.7363091798815827e-06 7.2435410572243526e-08 0.001
7142 8.3065654908369043e-07 8.3407937710229747e-07 9.4015750130994895e-08 0.001
7143 2.1161077826909464e-06 8.1913409318655586e-07 3.341822739782005e-09 0.001
7144 2.4346549415185778e-06 1.8376610231076987e-06 4.1815553889690148e-07 0.001
7145 1.1882515518624799e-06 9.8133704108815393e-07 8.9234136393229759e-08 0.001
7146 1.0817613507864904e-06 1.2782194106583011e-06 1.6381108715408888e-07 0.001
7147 1.8954352508233752e-06 2.5593200983590802e-06 1.7491084683514674e-07 0.001
7148 2.027756734846713e-06 2.1396344179086182e-06 6.5202809714030921e-08 0.001
7149 2.2759128154295593e-06 1.8803529794528039e-06 2.6523606903320845e-07 0.001
7150 4.5304752379898824e-07 8.2187889110602047e-07 4.5386863585300303e-08 0.001
7151 2.5995384520631942e-06 9.1221257671615907e-07 9.3664460098512617e-08 0.001
7152 1.2385082107231811e-06 1.5648566214534808e-06 3.397651825724372e-08 0.001
7153 4.5093893672335443e-07 8.5697306627737993e-07 1.2633286642067557e-08 0.001
7154 8.4869422222515843e-07 2.4611729170492314e-06 1.1281850313562538e-08 0.001
7155 1.5999682245943845e-06 1.3803665308997807e-06 6.4486852047539254e-08 0.001
7156 2.552663319188562e-06 1.3730202524581722e-06 1.3576917745519405e-08 0.001
7157 1.8824415593734173e-06 1.8009186012560716e-06 1.1665287187308597e-08 0.001
7158 6.4467883218760808e-07 2.5566998656141457e-06 7.0398750515390171e-09 0.001
7159 1.9949044648042466e-06 2.5022341800379651e-06 3.9967695418949874e-07 0.001
7160 1.0397597261696743e-06 7.0406954763881925e-07 1.0587009924702145e-07 0.001
7161 1.5546707652696551e-06 2.256548134343118e-06 6.6942490286154976e-08 0.001
7162 9.351954498858699e-07 1.1511059335205957e-06 3.3540632863321408e-08 0.001
7163 2.5847831953229554e-06 4.4192800575860832e-07 8.9092779858264837e-08 0.001
7164 1.4841845552151382e-06 1.5382534804259125e-06 3.8699914320772169e-09 0.001
7165 6.9593734350163982e-07 2.529601923186397e-06 3.7715225101231918e-08 0.001
7166 1.1053014693468083e-06 2.3680291722995722e-06 1.7304978054991722e-07 0.001
7167 9.5652818779455348e-07 2.6004584593013372e-06 1.1287863336101113e-08 0.001
7168 1.0904460369353356e-06 9.4968056341837699e-07 3.2383601994512918e-09 0.001
7169 1.4116645312736162e-06 2.0590624926296854e-06 7.1324803776696614e-08 0.001
7170 6.9170647794675813e-07 1.767559274715243e-06 6.7703215120647232e-09 0.001
7171 1.632104569753048e-06 7.1526777542125347e-07 5.3282325519200156e-09 0.001
7172 1.7434478894153382e-06 1.8085472577223308e-06 3.019627903033191e-07 0.001
7173 1.4308811255655535e-06 1.5944642624203267e-06 4.1712434526154264e-09 0.001
7174 2.0600496109281117e-06 7.2367068610963086e-07 4.0994281392949842e-09 0.001
7175 8.3682338095647339e-07 8.5979207811336908e-07 2.2271479772871795e-09 0.001
7176 4.900832549563687e-07 2.5944542447489388e-06 2.7233838372419313e-08 0.001
7177 7.8520834635876283e-07 2.1796920934913482e-06 2.4814016061455051e-08 0.001
7178 5.010799064036073e-07 9.9509065527438753e-07 3.8420956846804079e-08 0.001
7179 2.3792624693670596e-06 8.1153704200249185e-07 1.0057983039189828e-08 0.001
7180 2.4756723858522117e-06 5.249142913063714e-07 3.1812495683174685e-08 0.001
7181 9.8321277879198168e-07 7.6173817854701033e-07 3.0675454014121123e-09 0.001
7182 2.0187696153963369e-06 2.0269736576447859e-06 2.1608621156119075e-08 0.001
7183 1.8301046511679832e-06 9.9356017810080758e-07 5.6841587255183198e-08 0.001
7184 2.1147477440684994e-06 2.6012285124509433e-06 3.5844231027999413e-08 0.001
7185 7.2237332583831896e-07 4.0695609217478064e-07 2.929762456736147e-08 0.001
7186 7.9955927056146224e-07 1.5268810869847973e-06 4.5232537095765386e-08 0.001
7187 1.4409324118333574e-06 1.0862689599830025e-06 1.7360214364793645e-08 0.001
7188 2.3478833917524723e-06 2.2555853975854229e-06 1.6597872114428205e-08 0.001
7189 4.4417431331701681e-07 1.1173261789573232e-06 2.0672607625641092e-09 0.001
7190 1.0096250361084641e-06 1.9145340681563915e-06 2.5737390641414226e-08 0.001
7191 2.250638978622957e-06 7.9840847397850557e-07 6.9564375740654841e-09 0.001
7192 9.3625542742813961e-07 2.1401136575665091e-06 8.5633884644721219e-08 0.001
7193 5.7691978622690988e-07 8.8722831243692559e-07 1.0920542331169971e-08 0.001
7194 4.7991399101525632e-07 1.0948177808499118e-06 3.0937714985347793e-08 0.001
7195 1.5738852240825945e-06 1.9031660294908428e-06 6.4380360193135417e-08 0.001
7196 2.4741019147094398e-06 2.6104258003255089e-06 2.1215149149542637e-08 0.001
7197 2.3003548583389754e-06 9.7364173822035634e-07 6.6343297065490272e-09 0.001
7198 1.6738227603224116e-06 2.0816589643244129e-06 4.3618513707573302e-08 0.001
7199 1.2572743050006728e-06 1.5491123145074014e-06 1.0107605295889747e-07 0.001
7200 1.8423442328997261e-06 8.2011804394091121e-07 1.1074172664299623e-07 0.001
7201 6.1345935260872507e-07 1.8875689112004973e-06 3.0569157614749333e-09 0.001
7202 6.1648456859233816e-07 2.5029659414449206e-06 8.0179762493895201e-09 0.001
7203 9.3594637377467874e-07 2.6207209475984237e-06 1.5976191913236478e-08 0.001
7204 1.3137463222348743e-06 6.5713533665218539e-07 9.9725113309131729e-09 0.001
7205 9.7296783849368601e-07 8.6777078318493744e-07 1.544017681815179e-07 0.001
7206 1.9461593934442142e-06 4.6149676030435286e-07 1.3039383289760796e-07 0.001
7207 8.8928468030356794e-07 1.042981775803537e-06 4.2555615622161517e-09 0.001
7208 1.8851061514640084e-06 2.1676176208013222e-06 1.1408146134874683e-07 0.001
7209 7.3789424082389002e-07 8.6260639806019347e-07 5.8019332523333531e-09 0.001
7210 1.0313736437318174e-06 2.2426966455374866e-06 2.8479111522161559e-08 0.001
7211 2.4957918802768316e-06 1.5180455077600809e-06 1.700025545227469e-08 0.001
7212 2.5341571688315736e-06 8.0124106189347325e-07 5.3370234488119891e-08 0.001
7213 2.2325370390991223e-06 7.8043393811565721e-07 2.3591772491416167e-08 0.001
7214 2.4910454053608824e-06 2.5687317392231082e-06 2.6262424197354829e-08 0.001
7215 2.3517729170691967e-06 2.0601300035425073e-06 1.8769414615779592e-07 0.001
7216 3.9274471414806671e-07 1.6196709465078968e-06 7.0842884217957377e-08 0.001
7217 1.6581862521746721e-06 1.5690894294549725e-06 3.8505675648375908e-08 0.001
7218 6.7210390478125773e-07 1.8822064318453076e-06 2.2579492689254166e-08 0.001
7219 1.0225186270079776e-06 1.2331741926719071e-06 3.0814320627937503e-09 0.001
7220 2.4521423447283773e-06 1.3014507957654333e-06 2.226407405983776e-08 0.001
7221 2.1029300734521576e-06 2.5677475370812914e-06 1.6144931484400907e-07 0.001
7222 1.8215662930533297e-06 2.3694927359478988e-06 4.5891167511725169e-08 0.001
7223 8.3469854299292615e-07 8.5879636018946546e-07 1.616336174624339e-07 0.001
7224 9.90442741852206e-07 8.2703993342648426e-07 6.7271278553710172e-08 0.001
7225 1.6459520142011123e-06 2.4981005279298979e-06 1.6846361033467781e-07 0.001
7226 1.9013167951976811e-06 2.1989053030663063e-06 4.4707000582202536e-08 0.001
7227 2.2022813751896608e-06 4.4417249185030135e-07 3.936898870975665e-09 0.001
7228 5.9096400538311439e-07 1.5897284130026318e-06 8.4675212830195756e-08 0.001
7229 2.0571645617892637e-06 2.2524048698826816e-06 3.2489184632330381e-07 0.001
7230 2.1047563052196017e-06 2.344560463783756e-06 1.4971093545646202e-07 0.001
7231 5.5783098566630654e-07 2.1514850353878044e-06 4.7073398796075136e-08 0.001
7232 4.2300686401420022e-07 1.8766938876617279e-06 6.5650110953258147e-09 0.001
7233 2.3172024506372811e-06 3.945633717366499e-07 1.6517444477623738e-08 0.001
7234 6.2225279099515128e-07 2.3780804756227917e-06 8.6716551139894791e-08 0.001
7235 1.6875796439186133e-06 3.896243225154749e-07 6.2235764253852654e-09 0.001
7236 2.0839853174154894e-06 2.0571274920723688e-06 4.1009978889702766e-07 0.001
7237 6.6703306559407451e-07 5.9028516299381142e-07 1.8623868588707968e-09 0.001
7238 1.7460655888664228e-06 1.0676700874437605e-06 9.5392820243407648e-09 0.001
7239 7.237228209076635e-07 2.6066806315786164e-06 6.2811290492923701e-09 0.001
7240 1.349765319153846e-06 1.6458087313685082e-06 7.3976302600690768e-09 0.001
7241 2.0856117737551055e-06 1.4249116582059207e-06 2.74501567156301e-08 0.001
7242 2.2745155542454162e-06 1.6786981545821215e-06 3.8716350129653313e-07 0.001
7243 1.5193354073299899e-06 9.9249424537531438e-07 3.3094684424748508e-08 0.001
7244 9.9034822195722916e-07 2.574991639954672e-06 4.4194837168610839e-08 0.001
7245 1.2273303151988076e-06 1.5613062851028031e-06 3.2627412500389813e-08 0.001
7246 1.8637238191715415e-06 6.5879672237543964e-07 7.5789589847261471e-08 0.001
7247 1.0791360548496233e-06 4.2338590446403588e-07 9.2496447794191449e-08 0.001
7248 1.9185399813075788e-06 2.256433466934452e-06 4.2419501623688101e-09 0.001
7249 7.2442071201826273e-07 8.7225729468761233e-07 1.8400533863002497e-08 0.001
7250 4.8833736576442793e-07 9.9554827147358959e-07 8.637063268112221e-08 0.001
7251 2.4314922791081026e-06 6.3547248479640412e-07 7.2704084986528911e-08 0.001
7252 2.5411556006014283e-06 1.2884052621247676e-06 1.8036099046687512e-08 0.001
7253 1.4664384720804254e-06 1.3250469386317572e-06 7.3036010078803683e-09 0.001
7254 1.5586823426584073e-06 9.8043206503020998e-07 6.5111844301921305e-08 0.001
7255 2.2231892796766115e-06 2.3485554004122432e-06 8.426869897922051e-09 0.001
7256 8.3199388026442872e-07 2.01931068658893e-06 7.2770216353581842e-09 0.001
7257 6.6573612258153311e-07 2.0706882868773876e-06 8.6129591447826378e-09 0.001
7258 2.5828552607301519e-06 2.5551490633616086e-06 1.3798230850725272e-07 0.001
7259 2.0963954757817222e-06 5.6614039451886503e-07 9.8813576333042804e-08 0.001
7260 1.1748031609250934e-06 6.4455434937964518e-07 7.5494220847490585e-09 0.001
7261 1.2883121646568873e-06 6.957240962837064e-07 3.2846266218942857e-08 0.001
7262 7.7620912311845653e-07 3.937986892148776e-07 3.8781854891873668e-09 0.001
7263 9.4919849296956271e-07 1.132752527843896e-06 7.3749947578943229e-09 0.001
7264 2.2551176331701822e-06 1.7678416962543586e-06 1.715680680549339e-08 0.001
7265 1.5543897267196893e-06 1.6875744680418014e-06 8.7977018947475997e-09 0.001
7266 1.2613724187102164e-06 4.8260100472718317e-07 4.0717136587449556e-09 0.001
7267 5.177519263412639e-07 1.6397506383313089e-06 1.2549703238544644e-08 0.001
7268 1.3797157648725626e-06 9.8007808702326246e-07 2.4164427009498515e-09 0.001
7269 1.6409730633226446e-06 2.6010499232361647e-06 1.9981326224693151e-08 0.001
7270 2.3039561242852205e-06 1.3994713468902025e-06 3.7128698800713155e-09 0.001
7271 2.5904560505180797e-06 8.57819240319497e-07 4.2230058456654654e-09 0.001
7272 5.6266554984368992e-07 5.3742409679945753e-07 1.1649760078089194e-09 0.001
7273 6.1215864040299439e-07 1.8016088888418013e-06 6.3971793013824945e-09 0.001
7274 2.4294719203848782e-06 2.1717488635630061e-06 2.7451929642055454e-08 0.001
7275 1.7689247160117939e-06 2.0752702920966275e-06 5.6334019602729246e-09 0.001
7276 1.2154613605842675e-06 7.8889264829864845e-07 4.8608822917678233e-08 0.001
7277 1.4016102220267185e-06 1.3368648609872542e-06 1.7612183449383263e-08 0.001
7278 8.2086777747204506e-07 5.2667752956344037e-07 1.5311798641954098e-08 0.001
7279 2.3456880012992265e-06 1.6858032179139735e-06 9.642874243083415e-08 0.001
7280 2.4132851274963844e-06 1.1121984184089938e-06 4.949880204895488e-08 0.001
7281 1.3046474924204168e-06 1.1192757304148338e-06 2.9700211421798403e-09 0.001
7282 9.2440445753313584e-07 1.9376966931454524e-06 5.2290554020336697e-08 0.001
7283 4.572334096704269e-07 2.259971996697228e-06 3.9684708868160094e-08 0.001
7284 1.0734977291634889e-06 7.5124149414227715e-07 8.2861780077675661e-08 0.001
7285 1.3070465514429842e-06 2.1425552325508542e-06 1.9804574917497139e-08 0.001
7286 8.7299600232394706e-07 1.2321471900757941e-06 1.2811432469417192e-08 0.001
7287 1.3843533790358534e-06 8.0194630453343048e-07 3.0994219875476386e-08 0.001
7288 1.4940024308259517e-06 9.0507636132233122e-07 7.5940238678881866e-08 0.001
7289 1.8833520577415186e-06 1.5991304280091453e-06 3.3500235435540739e-07 0.001
7290 1.3325070579060807e-06 1.1812593098013274e-06 5.3515653052550562e-09 0.001
7291 1.6503740896740329e-06 2.1854052857993101e-06 2.477687553648913e-07 0.001
7292 6.2298872077197065e-07 1.4324615683685031e-06 2.4153589446648388e-08 0.001
7293 9.1400205511992906e-07 1.6255624267974972e-06 6.0309011415245449e-08 0.001
7294 1.9436178584793864e-06 2.5582535241725509e-06 2.3163373222553092e-07 0.001
7295 2.2197011485943186e-06 2.2870322919128633e-06 1.2033190951538525e-07 0.001
7296 1.9476402474191117e-06 1.0082124396927191e-06 1.5424911800812529e-08 0.001
7297 6.6432585419522893e-07 1.911488854172521e-06 6.8696668130227408e-08 0.001
7298 1.5158727028092077e-06 1.5758140176940752e-06 5.2869255517550397e-09 0.001
7299 1.4310626424636342e-06 1.5549341568065305e-06 1.54148238638377e-07 0.001
7300 7.6365790935116714e-07 1.4150396044265653e-06 2.4897221060801706e-09 0.001
7301 9.7010814841296811e-07 8.4713439472786361e-07 5.9747655127277258e-09 0.001
7302 2.1708492055468285e-06 1.4383818152261606e-06 1.0915899652985173e-08 0.001
7303 9.6246491008158079e-07 5.7375439669457546e-07 6.8943239518818656e-08 0.001
7304 8.6183720419931343e-07 2.3439773019282698e-06 6.2818396732532669e-09 0.001
7305 2.1730503965141579e-06 2.1122204670673515e-06 8.0468582861757341e-08 0.001
7306 1.9600627241529902e-06 2.2335004566388541e-06 4.7164376598568397e-08 0.001
7307 9.1732429725524452e-07 2.1937312332881275e-06 2.5309674866920592e-07 0.001
7308 1.4511674587113826e-06 1.4045330711963415e-06 7.5198865669387768e-08 0.001
7309 2.1901498660637264e-06 2.4614826911911186e-06 2.4859271243811521e-07 0.001
7310 2.0903655894174415e-06 7.8417002174511353e-07 1.4286122054022208e-08 0.001
7311 1.3937973065802162e-06 2.413879582358431e-06 3.0100252831052419e-08 0.001
7312 1.3743680010144317e-06 1.7783186841989274e-06 3.0168245225296448e-08 0.001
7313 3.8423821301598032e-07 2.4825117599529861e-06 1.5772188375484475e-08 0.001
7314 6.783493972752033e-07 1.3843897779788788e-06 3.1429247650215201e-09 0.001
7315 1.9658373912211884e-06 1.5214843840347005e-06 1.8395531168956007e-07 0.001
7316 1.5858342116928713e-06 2.4466802697016771e-06 4.7051905782160384e-08 0.001
7317 1.1386358372858269e-06 1.9846061829364104e-06 2.4028810750920752e-07 0.001
7318 1.1245977316181114e-06 1.1129365692057604e-06 1.5398273601341981e-07 0.001
7319 1.8602760508955183e-06 1.3868165635907282e-06 9.2490366497051659e-08 0.001
7320 2.5068865118102442e-06 2.0177304141733506e-06 2.2636012353639242e-07 0.001
7321 5.4633646708613796e-07 1.1982367798786086e-06 2.1112056088572686e-08 0.001
7322 1.5154734312454949e-06 1.783418486319754e-06 2.1445377831915088e-07 0.001
7323 1.3265013729782488e-06 5.3553556221145662e-07 2.322800632644398e-09 0.001
7324 2.2691260594303721e-06 2.143821069391717e-06 8.6145683967271568e-09 0.001
7325 1.6334661447670422e-06 2.1083733700293494e-06 1.0942470094444485e-08 0.001
7326 5.5069969712251139e-07 2.4647502784072949e-06 1.0084949290760814e-07 0.001
7327 1.1473064330361699e-06 1.3077345053747482e-06 2.7629642110536177e-08 0.001
7328 1.8568007738422594e-06 5.6467913872618156e-07 2.6537391527017779e-08 0.001
7329 1.374304219252878e-06 1.5572589098653115e-06 2.7537829203295357e-07 0.001
7330 8.7036765652440524e-07 1.995056562722317e-06 1.9099074042356672e-08 0.001
7331 9.4947078871173435e-07 1.7867363013963236e-06 9.1294618933043404e-09 0.001
7332 6.4434915605214412e-07 9.3830582815323614e-07 1.4015816809380006e-08 0.001
7333 2.5118724529506514e-06 1.2709070872862467e-06 3.0906846642725961e-07 0.001
7334 2.60958552653947e-06 2.3956307871996096e-06 4.4185276222324021e-07 0.001
7335 1.4898895373104037e-06 1.2951573968991085e-06 1.5002952374978032e-07 0.001
7336 4.2755944196686866e-07 9.789654957471387e-07 7.9236167560869383e-08 0.001
7337 2.3226823755518216e-06 5.8364494577460527e-07 3.5757876699203631e-09 0.001
7338 6.8316949651512242e-07 2.1571982618221342e-06 6.75499977809981e-09 0.001
7339 1.8485201804348247e-06 1.6303219969446294e-06 1.5154068306941039e-07 0.001
7340 1.1482415552392546e-06 1.6867869870863086e-06 7.7726567381654077e-08 0.001
7341 9.0497371447612056e-07 1.8865493153440359e-06 2.5717146794798981e-08 0.001
7342 5.6743208126264562e-07 7.7980100256734242e-07 2.2049054939837237e-08 0.001
7343 2.2439630287039201e-06 2.4844500353600032e-06 2.8050166444605443e-08 0.001
7344 5.70352137728871e-07 6.5972938889218096e-07 4.6233583666242796e-08 0.001
7345 1.7392280188686145e-06 2.1649827382808425e-06 1.4787839143934727e-07 0.001
7346 4.7563922384656933e-07 2.4240091566481163e-06 4.6209491851520327e-09 0.001
7347 2.0918379139605377e-06 1.4369162860275499e-06 4.4157285005592253e-09 0.001
7348 4.4001647080482868e-07 2.3857591655289027e-06 2.0210033868605436e-07 0.001
7349 1.9601554860857892e-06 4.2745913907302651e-07 2.5067808545224468e-09 0.001
7350 8.9312984614832534e-07 2.0788605281378653e-06 9.9650183979240326e-09 0.001
7351 2.4338065298168749e-06 1.1498404767438616e-06 6.8763520290120139e-08 0.001
7352 9.2233189256396429e-07 1.4706884684284835e-06 2.0828011325664431e-07 0.001
7353 1.852281645010657e-06 4.1307189584509575e-07 3.4336695373751962e-08 0.001
7354 6.5920958027100353e-07 1.6292654122779938e-06 1.4103827662548099e-07 0.001
7355 2.3526082145427538e-06 1.0378652107788555e-06 1.0399855528332604e-07 0.001
7356 2.3929074138072174e-06 2.167937487374548e-06 4.0647036324085974e-08 0.001
7357 1.5701265344953871e-06 4.4637471693118308e-07 1.6087303046150729e-07 0.001
7358 2.594628015303072e-06 2.2927495239592803e-06 7.4917751531977672e-08 0.001
7359 2.2915616547646609e-06 2.1236098350678114e-06 3.2329999229911689e-07 0.001
7360 1.2443162419275803e-06 1.7862687847640102e-06 3.2966000167587473e-08 0.001
7361 2.572577608364052e-06 6.0138625045020465e-07 7.0031299981880407e-08 0.001
7362 1.275855484173451e-06 1.2611927512363772e-06 1.4708032654009437e-07 0.001
7363 1.4668079712010832e-06 1.5126890198227146e-06 3.2960852732118269e-08 0.001
7364 1.5895932457481706e-06 8.4933923791068524e-07 1.3383213404173317e-07 0.001
7365 1.9657230256343358e-06 1.0740698262443801e-06 7.9368137033219236e-08 0.001
7366 4.1346886870840455e-07 1.9353277117028139e-06 1.757201275617848e-08 0.001
7367 1.6274691776816773e-06 1.0338711692745258e-06 1.9175394655160077e-08 0.001
7368 5.6964130784731081e-07 4.2982796448154072e-07 5.3742633982940898e-08 0.001
7369 1.494650173469251e-06 2.4608946189531232e-06 4.1896716637998262e-09 0.001
7370 1.4923660549813228e-06 7.5777966099155655e-07 7.5041520012305976e-09 0.001
7371 9.061536503672251e-07 1.5120704846223689e-06 4.2043750487928668e-09 0.001
7372 2.010053218847129e-06 1.8403190835528172e-06 2.626329586786153e-08 0.001
7373 2.5385790627088677e-06 1.2799271685335635e-06 1.127523249560317e-07 0.001
7374 4.2687795361981361e-07 2.3683784741242721e-06 6.2520149278929043e-09 0.001
7375 7.5827904433442196e-07 1.5167523931460177e-06 5.5911254342174705e-09 0.001
7376 2.3045285485419236e-06 1.7698910598416351e-06 1.0529862693764035e-07 0.001
7377 1.3057950982714546e-06 1.552691160728236e-06 7.5037156018174146e-08 0.001
7378 2.3546995855110431e-06 1.1202909104505421e-06 9.3213558447046124e-08 0.001
7379 9.9214602392481977e-07 3.910692049095184e-07 4.3283742378919484e-08 0.001
7380 1.4277672022439365e-06 8.2116892568834758e-07 2.5441088284910882e-08 0.001
7381 2.5370329721359896e-06 1.2177987113757276e-06 4.6251666012494772e-09 0.001
7382 7.119170691601284e-07 2.6081255194461428e-06 2.0097208864714925e-07 0.001
7383 3.7958204946642688e-07 2.5547943022631058e-06 3.4949108809583978e-08 0.001
7384 1.473529442411557e-06 1.6566281075282122e-06 5.9069823072026856e-09 0.001
7385 1.5638069231066374e-06 2.2446902337678933e-06 7.9098754996933751e-09 0.001
7386 2.2068462280745721e-06 1.9557413929281473e-06 5.5832667303193131e-08 0.001
7387 4.5401335531901666e-07 2.1361353861091665e-06 2.031270383354301e-08 0.001
7388 5.2667835068358799e-07 2.0832289079559696e-06 4.9320477863521604e-09 0.001
7389 2.1456497848389637e-06 2.1275805805251079e-06 3.5058770397581605e-07 0.001
7390 2.486592353256184e-06 2.2437058583895759e-06 1.0411952356414019e-07 0.001
7391 9.6633016544227996e-07 1.3961222718021701e-06 1.631668393253303e-08 0.001
7392 2.5902641345172256e-06 2.4870537885898923e-06 5.8969645113546475e-08 0.001
7393 1.9379031447954953e-06 1.6454764315083355e-06 3.6924689852913319e-09 0.001
7394 1.2107962115417138e-06 1.3439860211067753e-06 3.0471767302572911e-09 0.001
7395 2.5819353211883779e-06 9.3330069037642217e-07 2.1550758475662054e-07 0.001
7396 7.2152394718870479e-07 1.9806505357724231e-06 1.9844385764026658e-07 0.001
7397 2.0933725574779062e-06 1.2100760396065576e-06 1.5251632265517441e-08 0.001
7398 6.0264107920360395e-07 1.8195790071249205e-06 3.7244000433108929e-08 0.001
7399 2.5530997858578416e-06 1.6156429757514785e-06 9.3215925959939751e-08 0.001
7400 4.6661219947350222e-07 1.915442587792669e-06 3.7507629023181113e-08 0.001
7401 2.4188981509092756e-06 2.4841690705927466e-06 4.7980607948401577e-07 0.001
7402 2.1655299181072854e-06 1.3298513256855699e-06 6.3872677689858801e-09 0.001
7403 1.718671270564934e-06 1.1221159790061536e-06 3.5976113045685619e-08 0.001
7404 1.9824647606894596e-06 7.8872175930306099e-07 2.7418471751548831e-07 0.001
7405 2.4129096910241649e-06 4.7064631140067888e-07 8.0969390298217537e-08 0.001
7406 1.091040663954344e-06 4.9459901501689229e-07 3.5338404206570085e-09 0.001
7407 1.7284946881671423e-06 2.3373096664084721e-06 8.3133461064430612e-09 0.001
7408 1.0865012487794928e-06 6.923164958748414e-07 1.3071071480939194e-08 0.001
7409 2.341013668610295e-06 1.2426720106559612e-06 7.5774844076498982e-09 0.001
7410 1.4981678716837561e-06 1.3276731054109797e-06 6.1398748015785245e-08 0.001
7411 5.8786853215363113e-07 1.7882076283710026e-06 5.4833987466805026e-09 0.001
7412 2.1338186291052336e-06 4.9315948458697868e-07 1.5070212230863657e-08 0.001
7413 1.8086567837752556e-06 6.7125294209086716e-07 2.3487111471437114e-08 0.001
7414 1.2926774351615829e-06 2.5158162148129334e-06 2.8054029495627734e-08 0.001
7415 4.9686013573004222e-07 5.4432804405110235e-07 1.2853737968833321e-08 0.001
7416 5.573742485130915e-07 2.1929934330335283e-06 3.8650025361327449e-09 0.001
7417 2.1340666955024464e-06 2.5062312749690086e-06 7.2286110623829619e-08 0.001
7418 6.532001060741317e-07 1.8099494817748194e-06 2.5420471914637972e-08 0.001
7419 8.3820443508230553e-07 1.75526097868081e-06 5.6765971419330497e-08 0.001
7420 1.7596632732192862e-06 6.9235031172827341e-07 1.2119590854182933e-08 0.001
7421 1.7525287694633203e-06 1.871454746489045e-06 1.3757382807619765e-07 0.001
7422 2.5563185225458133e-06 1.1872087965223211e-06 1.6001045723883545e-08 0.001
7423 4.7218345009969007e-07 1.0999455596458076e-06 5.9664419703041564e-08 0.001
7424 9.033250444617346e-07 9.7641254637493793e-07 1.1748916170414899e-07 0.001
7425 1.214225444336437e-06 1.8765449287595621e-06 4.9431756318647315e-09 0.001
7426 7.8483516424378335e-07 2.3789534184067831e-06 1.9298654503363032e-08 0.001
7427 7.1940056651907745e-07 4.8336528444366258e-07 2.4629412940854489e-08 0.001
7428 9.2895105257162921e-07 4.7005494310424587e-07 2.2091048968078006e-08 0.001
7429 6.7409104151754268e-07 5.0740409565344392e-07 1.2570051145028837e-09 0.001
7430 4.4341757375867049e-07 7.1498675499570708e-07 3.5180964844348989e-08 0.001
7431 1.5387695707815098e-06 1.0214796927254065e-06 2.1259989676818814e-08 0.001
7432 6.8989949098554624e-07 1.0635085135571725e-06 2.3950272365364012e-08 0.001
7433 9.0769794933029698e-07 4.0882480637016837e-07 8.58939021822053e-08 0.001
7434 2.1966218341988635e-06 7.054009792785937e-07 7.3620145478348665e-08 0.001
7435 1.867520207901716e-06 1.7030211282894282e-06 1.736032754977647e-07 0.001
7436 2.5953344732997027e-06 2.1427994560029026e-06 6.3960041273250647e-08 0.001
7437 2.3041470866916079e-06 1.5402494151085817e-06 3.1538299926008245e-07 0.001
7438 1.8840337223227842e-06 1.3459485749925694e-06 4.5824852488282318e-09 0.001
7439 1.4788915545461448e-06 2.5222083629429059e-06 7.010068622751357e-09 0.001
7440 7.9279779557699037e-07 2.1673853186669936e-06 1.5786083035788396e-08 0.001
7441 2.147386042519492e-06 1.0596581494777144e-06 5.0874020929179504e-09 0.001
7442 1.3901394052178528e-06 1.8639935671510356e-06 6.5849626817864683e-08 0.001
7443 2.5900669705514255e-06 2.1061780765512651e-06 5.0840968706177742e-09 0.001
7444 1.6298798288211414e-06 2.2310121444512732e-06 9.3266731891126039e-09 0.001
7445 5.1706281922453118e-07 1.0203850067105853e-06 7.609778071306347e-08 0.001
7446 4.6150868729576914e-07 1.6245602093980441e-06 1.5536686820577744e-08 0.001
7447 2.3776311964486251e-06 4.5887274675960442e-07 7.5431672358654024e-08 0.001
7448 1.9170691498411211e-06 1.3503591573998163e-06 1.1951477305487611e-07 0.001
7449 1.3880560725442229e-06 1.7740791112892086e-06 1.8466216697642301e-07 0.001
7450 1.1270619700124127e-06 4.8352308328517439e-07 1.2612513619037435e-08 0.001
7451 1.9590866698680218e-06 1.0963063704747082e-06 2.5179937898656523e-08 0.001
7452 2.2550560087072144e-06 6.2101744952340034e-07 4.5616562614918163e-08 0.001
7453 1.7284349083968392e-06 1.3186107686191138e-06 3.9997991308226785e-09 0.001
7454 2.5063007029494107e-06 2.3395826804803527e-06 9.6915774350399309e-09 0.001
7455 8.9471971480646963e-07 1.1157291050049541e-06 8.8117069435422944e-08 0.001
7456 7.697995614647653e-07 9.5444250503102962e-07 9.6367439590152401e-08 0.001
7457 1.3586985738625498e-06 1.6079853962888296e-06 2.772055331675396e-07 0.001
7458 1.4336435224299404e-06 1.7618885249739067e-06 2.3613755782214459e-08 0.001
7459 2.3890377577262452e-06 1.0843479426847524e-06 1.6565606146431262e-08 0.001
7460 2.3994267107304702e-06 7.7731016301035294e-07 2.6633070295140041e-07 0.001
7461 1.2827389085410818e-06 7.4887636039984269e-07 6.276110141567288e-08 0.001
7462 1.1696782434358281e-06 1.5619428448606956e-06 3.1209963324165403e-08 0.001
7463 3.8788970183482671e-07 9.8212177972322744e-07 3.6141839992032518e-09 0.001
7464 2.4303744754687323e-06 8.8685812888237484e-07 7.0470705173332718e-08 0.001
7465 7.07769512460741e-07 1.5535994776456855e-06 8.570364108373854e-09 0.001
7466 2.5125109868462417e-06 2.2990703314915279e-06 2.8629614306401499e-07 0.001
7467 2.2559942298046891e-06 4.6564097685304421e-07 1.183156948142843e-07 0.001
7468 1.2386997243953833e-06 2.1639073504129484e-06 1.2896816029378749e-07 0.001
7469 2.5904115068989762e-06 2.5946408950327898e-06 1.0147934321485093e-08 0.001
7470 2.5842896203656624e-06 2.5542786300371128e-06 1.1158799146486096e-08 0.001
7471 5.8643384588552876e-07 1.2233285681898706e-06 4.7161923074343328e-09 0.001
7472 1.6580730106009389e-06 9.2875785251844558e-07 6.3204380830466005e-08 0.001
7473 1.0563448958238897e-06 2.051965749541139e-06 7.5175804122603421e-09 0.001
7474 1.4776833023495261e-06 1.7908512128617463e-06 4.5927497179822801e-09 0.001
7475 2.2843687484601009e-06 2.0053781251614831e-06 3.678096341863246e-07 0.001
7476 5.7602146732955259e-07 1.3401800585784786e-06 8.0033112876939055e-09 0.001
7477 9.9866944675645313e-07 1.772610419604322e-06 2.6553240976474061e-08 0.001
7478 1.5741126528020507e-06 2.0250222325018173e-06 9.4321556153654602e-09 0.001
7479 1.6634716540151762e-06 2.3133231418344193e-06 1.0733368055403787e-08 0.001
7480 4.7888830297309633e-07 7.581874448554104e-07 5.1309848553310788e-09 0.001
7481 1.6924359562643339e-06 7.3914464548145935e-07 9.4724733501345541e-09 0.001
7482 1.8187124157450558e-06 6.2014442333710355e-07 2.6103494680962269e-08 0.001
7483 7.1513538056405147e-07 6.0051851205084615e-07 4.9567532657198849e-08 0.001
7484 2.5816879254337236e-06 1.1493074274100318e-06 3.1553421446407436e-08 0.001
7485 1.5822991730351099e-06 1.6644807329090479e-06 1.4280116635246209e-08 0.001
7486 1.6105343764046055e-06 1.6382863801923718e-06 1.6623719646958005e-08 0.001
7487 2.2621269579669027e-06 8.5305323007850121e-07 1.8203708630848146e-07 0.001
7488 1.1089506224115338e-06 8.9192921810839998e-07 4.6798879505765827e-08 0.001
7489 2.4635546275370691e-06 5.7095040162611139e-07 1.9980310362560515e-07 0.001
7490 1.2483623166913274e-06 1.2841640072088422e-06 9.1621693273945599e-09 0.001
7491 4.3680875876141036e-07 2.2271092845697199e-06 2.9620928579872288e-08 0.001
7492 1.3331089824271718e-06 1.2743409947599987e-06 9.3428329431038368e-09 0.001
7493 2.5632260257855512e-06 1.8105767315770245e-06 1.2707160633066293e-08 0.001
7494 1.0326173139353674e-06 1.1594551479467847e-06 1.1237432449890428e-08 0.001
7495 4.1017838790720014e-07 2.0100666466554201e-06 1.1003336190456249e-07 0.001
7496 1.4998870059277704e-06 1.0666788431454333e-06 7.7343039713226003e-08 0.001
7497 1.3722244280945124e-06 1.7565569705385182e-06 2.0211799119792831e-07 0.001
7498 1.0354449170334706e-06 9.3934476708767831e-07 1.7149148519707981e-08 0.001
7499 6.3380513327939833e-07 1.04416752489567e-06 3.0496025726579107e-08 0.001
7500 9.6135694717904626e-07 2.0403738421946039e-06 4.8279812625379555e-09 0.001
7501 4.2999080167998619e-07 1.2346465355780072e-06 2.8440400899586317e-09 0.001
7502 2.2333418760395591e-06 2.106752879217229e-06 2.5881867570698643e-08 0.001
7503 8.2805393516840988e-07 1.2650284250185037e-06 6.7560138972096199e-08 0.001
7504 2.1885178017731318e-06 5.6129798938377595e-07 3.6856457152817522e-09 0.001
7505 2.1591768743363824e-06 1.9848436601730645e-06 1.2469479607572853e-08 0.001
7506 2.51494889489163e-06 2.223538167025984e-06 7.3949641367890422e-08 0.001
7507 1.3462291103204705e-06 1.8210777166558687e-06 2.0423896885833829e-07 0.001
7508 1.2579839794620498e-06 2.3692045891308943e-06 1.6100839359274829e-07 0.001
7509 3.8582257490437741e-07 1.7876045182410784e-06 1.2647351864403777e-07 0.001
7510 1.3230330460363914e-06 2.4280377232858372e-06 7.457800443056745e-09 0.001
7511 2.1710143984918813e-06 2.4791344843394585e-06 6.3636333597265874e-09 0.001
7512 2.4118041035121988e-06 5.49839273894844e-07 6.8981245589587184e-09 0.001
7513 9.9842730208155337e-07 1.6372178768429418e-06 1.6769536199134892e-07 0.001
7514 1.0234300981988011e-06 1.1755612459730161e-06 4.5706497380545392e-09 0.001
7515 2.576567987440724e-06 9.5003876383793339e-07 1.0789334604630534e-07 0.001
7516 6.2961221896844182e-07 2.2530898918455989e-06 4.6690053840374484e-08 0.001
7517 2.1599299139479373e-06 2.0839508974364006e-06 1.9594502176787533e-07 0.001
7518 1.1056875502307724e-06 1.1584268899068356e-06 9.3455356482083938e-08 0.001
7519 5.5225386455831978e-07 1.1027773011289269e-06 1.1020368999698215e-08 0.001
7520 8.8718692336274191e-07 2.4381531575858156e-06 1.7951728650478717e-08 0.001
7521 1.9233333172296852e-06 1.2692598427740866e-06 1.7074828959386376e-08 0.001
7522 1.3281273886787464e-06 1.4981394253523076e-06 4.0251232891384197e-08 0.001
7523 2.1006140615146834e-06 1.1307734750058732e-06 5.755018118009924e-09 0.001
7524 1.6516018780808349e-06 1.7922766931001879e-06 1.3895265716834199e-07 0.001
7525 1.4462630250420065e-06 1.5183533882247742e-06 3.6223271273791598e-09 0.001
7526 1.4961081195058994e-06 1.1676017275330091e-06 1.6146357667473934e-07 0.001
7527 7.8699908522903698e-07 1.7629956031543223e-06 1.0180731356248547e-07 0.001
7528 2.1006239606765332e-06 4.1631968686121877e-07 2.3651430281442099e-07 0.001
7529 2.0442936492901132e-06 1.7793162738609663e-06 1.215582884357979e-08 0.001
7530 9.4929649931860029e-07 1.9812118165602855e-06 2.8292401244552644e-08 0.001
7531 1.3596372863820796e-06 1.1508926008785588e-06 9.8637505270545768e-08 0.001
7532 1.7024462250371579e-06 1.9834297248362504e-06 1.8864494520052582e-08 0.001
7533 1.5663377122688063e-06 1.1303980883838707e-06 1.2448716696865683e-07 0.001
7534 1.486849057698092e-06 8.6216386149079055e-07 6.4582344976570496e-08 0.001
7535 1.1427124604809036e-06 2.2291476856994701e-06 1.8464827130651816e-08 0.001
7536 2.3309567193139795e-06 2.213093283059404e-06 2.0311845561977108e-07 0.001
7537 6.6636045305689075e-07 1.2431240760609412e-06 9.8251944585005367e-09 0.001
7538 1.7311043622197987e-06 1.8544717863308588e-06 2.2712103069958943e-07 0.001
7539 1.0709589259240337e-06 1.0635750058504659e-06 1.8554627576509662e-08 0.001
7540 5.5677262973853092e-07 1.7013483740516318e-06 5.5306325669549315e-09 0.001
7541 1.9592219867047532e-06 2.2809841640495044e-06 2.8496995293167724e-07 0.001
7542 9.8707775699615228e-07 2.3849044932765655e-06 1.087472213914383e-07 0.001
7543 1.9667911954889717e-06 2.4734306613519304e-06 4.6906507030001303e-09 0.001
7544 2.3904336129012426e-06 2.0417580249758208e-06 8.3426144532112121e-09 0.001
7545 9.4177943960638822e-07 2.4465119546220773e-06 1.9667220440839233e-07 0.001
7546 1.5813674172377148e-06 1.3715633020005425e-06 3.7554997755707832e-09 0.001
7547 1.3994286556110673e-06 9.8462744973176088e-07 9.8510545716165406e-09 0.001
7548 2.0445018409957804e-06 2.2206626613618539e-06 1.0529676280838646e-08 0.001
7549 1.1281161037764809e-06 6.6672374048495521e-07 1.7511672082777995e-08 0.001
7550 1.8906569598907096e-06 1.5483699934489941e-06 1.3116442302043437e-07 0.001
7551 1.8849312838659044e-06 3.9790864531281128e-07 2.1107729406675452e-07 0.001
7552 9.9776446800454885e-07 6.5084663855572684e-07 2.8110600320418262e-09 0.001
7553 1.3782057472718834e-06 1.4732770534490581e-06 1.0508415666011758e-08 0.001
7554 6.7186919312399761e-07 1.0108484623340126e-06 1.432387982167518e-07 0.001
7555 5.8154841117742696e-07 2.5266950111048141e-06 6.1202442061785002e-08 0.001
7556 1.4403647658455407e-06 5.943002443643508e-07 2.0394825976025279e-09 0.001
7557 1.7643935166352785e-06 2.1010919138242358e-06 1.6441877855979567e-08 0.001
7558 2.4994586529948799e-06 4.9396340666687177e-07 7.2002883376863901e-09 0.001
7559 7.8664661682696168e-07 1.4233640259162307e-06 3.7630701816655173e-09 0.001
7560 2.2611191965036907e-06 2.4151932616020882e-06 5.0161271383706281e-09 0.001
7561 2.5550998222638549e-06 1.9678366645074122e-06 1.7898307549802089e-08 0.001
7562 1.3144066211465562e-06 2.2573302840916792e-06 7.2020332675369002e-09 0.001
7563 1.8844101566788098e-06 1.4251557701832081e-06 4.8373732126021966e-08 0.001
7564 2.0192178194151271e-06 1.6094250699291828e-06 1.9812726055487599e-07 0.001
7565 8.7284879909580326e-07 1.4553641626225716e-06 2.7610794296931808e-09 0.001
7566 2.046263227335336e-06 1.6249264809107684e-06 3.1736614054640617e-08 0.001
7567 1.5411410202030271e-06 1.7135843360932381e-06 5.5825360671512877e-09 0.001
7568 1.2130583866210415e-06 6.3747956958129154e-07 8.7905682592401315e-09 0.001
7569 8.463963875208975e-07 4.9096007748263711e-07 1.0251286953750965e-08 0.001
7570 1.6170055206722251e-06 5.7125717615316761e-07 3.3553237741074691e-09 0.001
7571 1.1377929577008758e-06 1.5934354508616353e-06 1.7526536528043443e-07 0.001
7572 7.0048253242456675e-07 1.3512391940213617e-06 3.4541597530879057e-09 0.001
7573 5.4228038950465926e-07 5.0096148252577027e-07 8.4043670959454828e-08 0.001
7574 1.6072045485656781e-06 1.836211913751905e-06 2.7130279607565601e-07 0.001
7575 6.8562278653956964e-07 1.2391836303894963e-06 3.3000524626309077e-09 0.001
7576 1.8616679682950796e-06 4.3671106746493956e-07 1.4938578100570846e-07 0.001
7577 7.1982312027722487e-07 1.0962203139079849e-06 1.0516545719334885e-08 0.001
7578 1.8147057307827927e-06 2.3458887504420257e-06 4.0383540623819801e-07 0.001
7579 2.1753042232277916e-06 1.9038538634860776e-06 3.6435350339667121e-08 0.001
7580 2.3916971001964917e-06 9.0401767658364308e-07 4.1817063845607604e-09 0.001
7581 1.9320972293078809e-06 1.2392747848986695e-06 9.0258657711126489e-09 0.001
7582 2.0573879838774009e-06 4.9329277789013851e-07 3.6659530749992142e-08 0.001
7583 2.0988922059036003e-06 7.8313179020843107e-07 2.069267220741484e-07 0.001
7584 1.4393499044046343e-06 1.8430952484774114e-06 1.8219545981812569e-08 0.001
7585 1.6543907626117263e-06 4.501868407846574e-07 2.1623264014587048e-08 0.001
7586 6.5319486352226236e-07 1.2715074518155407e-06 2.7325983372291802e-09 0.001
7587 1.0991025441967659e-06 7.2404977069448717e-07 2.4423664051217683e-08 0.001
7588 6.3111574521066538e-07 1.6961445752668124e-06 1.7290331306555376e-08 0.001
7589 5.8816234915465556e-07 2.202516285495863e-06 1.7035789618346336e-07 0.001
7590 1.6457114373939949e-06 1.6783388308522025e-06 2.9847795359894652e-08 0.001
7591 4.4126093744205266e-07 2.2249935569715868e-06 8.3096952418756033e-08 0.001
7592 2.0030007356619291e-06 5.8600542581329231e-07 4.4994623007752986e-09 0.001
7593 7.1034258606307929e-07 2.0624158797595006e-06 8.2582810376093856e-08 0.001
7594 4.2892749706309563e-07 2.1539416135229767e-06 8.0503303097718079e-08 0.001
7595 1.8374968144260907e-06 1.7898429527341001e-06 1.6188141337708859e-07 0.001
7596 1.5821166185560439e-06 1.5534022200287909e-06 2.3366561385052578e-08 0.001
7597 1.2226799414549767e-06 9.8429007944316801e-07 4.4665682564455196e-09 0.001
7598 2.3045954307598814e-06 2.5035844256370219e-06 1.1981465428366971e-08 0.001
7599 4.9311799610992407e-07 2.0255321332106248e-06 1.1050047835823841e-08 0.001
7600 1.9111354123812228e-06 1.3067534498876765e-06 9.5096557095792838e-08 0.001
7601 9.9318829265768102e-07 1.2498885855152803e-06 1.8943877346113267e-08 0.001
7602 1.483698431060242e-06 9.0852575647470131e-07 5.2283928703723175e-08 0.001
7603 5.7969906570100418e-07 1.2715504052047423e-06 4.503604537247244e-08 0.001
7604 1.2186675169342517e-06 1.481533664885462e-06 3.167579754092837e-09 0.001
7605 1.1277445791808333e-06 6.3029269667298811e-07 7.0029193850855843e-09 0.001
7606 1.3520117596548652e-06 1.6242893140519062e-06 2.6824300824994833e-08 0.001
7607 2.0562245456800716e-06 1.8829329612438528e-06 5.7617078067383234e-09 0.001
7608 1.0408488799472101e-06 8.7896352161108461e-07 9.9544177182153692e-09 0.001
7609 1.4796127074340606e-06 6.7048122599390693e-07 6.6543918806932865e-09 0.001
7610 2.3837533958683269e-06 2.2481916348539149e-06 5.5868887511702463e-09 0.001
7611 5.7085161107394029e-07 1.4535930092043197e-06 5.4348479121279971e-09 0.001
7612 3.8084044513178349e-07 2.1252570404071431e-06 1.2879046915078088e-07 0.001
7613 1.6556755107284837e-06 2.1735605124462311e-06 1.0757664340119927e-08 0.001
7614 1.3977309583086732e-06 2.2378500153842707e-06 4.529300533336534e-08 0.001
7615 2.0203225222679861e-06 2.5260288162886845e-06 1.2303838754450933e-07 0.001
7616 1.3348089798307551e-06 4.6617159050976936e-07 3.8675760628017046e-08 0.001
7617 1.2405342024125317e-06 3.9179348976556738e-07 1.3601817469116352e-07 0.001
7618 7.4986899377433029e-07 6.0659813009865217e-07 2.2018799703191396e-08 0.001
7619 1.8553730949613693e-06 1.0658971846726384e-06 1.9875569401385505e-08 0.001
7620 1.8131798714620963e-06 2.5406728958365752e-06 7.9214886962206603e-09 0.001
7621 5.7806084679877121e-07 1.3171235945140218e-06 5.3668216008661726e-09 0.001
7622 2.0165135780799722e-06 1.4838126583995538e-06 1.4366078441323009e-07 0.001
7623 2.1000784630098488e-06 1.0137917730041797e-06 1.0568032121219591e-08 0.001
7624 3.789316887374217e-07 4.9178494784142498e-07 6.0961407376921912e-08 0.001
7625 2.609275557089217e-06 2.2783474203252347e-06 5.9865962198719961e-08 0.001
7626 2.5609223584046331e-06 7.2893242272457994e-07 1.4966656233972778e-08 0.001
7627 1.7417461893012972e-06 7.5492684738859822e-07 2.3006077987673579e-08 0.001
7628 8.1101760838276294e-07 5.3460319596008578e-07 6.0395841965082436e-09 0.001
7629 1.8777856761603647e-06 2.056177841607937e-06 2.2154435039367041e-08 0.001
7630 2.5476324342253833e-06 5.7830565238208259e-07 1.1576179948895112e-07 0.001
7631 7.6967885772057038e-07 2.6226865197820776e-06 5.8083460477208746e-08 0.001
7632 2.228950437616567e-06 1.6689908163569958e-06 6.5447145079058019e-09 0.001
7633 1.0329074789329807e-06 1.2117291041401948e-06 8.6128408250971746e-08 0.001
7634 8.5289747214706902e-07 1.6796879843079077e-06 2.0489559900475499e-07 0.001
7635 2.0134136469071827e-06 1.8541978611072267e-06 2.6272285088029762e-08 0.001
7636 2.0685587924948108e-06 1.3624823519551405e-06 2.5798270632447004e-08 0.001
7637 1.7095122019511665e-06 1.5748618562027537e-06 1.7008816854141563e-08 0.001
7638 1.4088749443036187e-06 2.4470330264960172e-06 2.0488926455350242e-07 0.001
7639 1.1285026185105807e-06 1.8655312561809883e-06 8.2806362924360054e-09 0.001
7640 2.1718737513455061e-06 1.3738571074824683e-06 2.3625790274993747e-07 0.001
7641 1.0168914583279585e-06 2.225417414912139e-06 5.7805456356124652e-09 0.001
7642 1.4823855237354773e-06 2.1911804152320854e-06 3.5123107955203106e-07 0.001
7643 1.8185205805262312e-06 2.1899695009926283e-06 2.5320371468406957e-07 0.001
7644 1.7782948747958165e-06 2.5864688336692666e-06 3.5992057524230985e-07 0.001
7645 1.5152313921834454e-06 1.7498706458428123e-06 3.3534816372680431e-08 0.001
7646 6.9131280233080354e-07 2.0914672773745982e-06 1.3186674059972639e-08 0.001
7647 1.1503498837714086e-06 2.3642076424016416e-06 8.989139695861825e-08 0.001
7648 6.542084485019375e-07 9.5121852891431687e-07 6.1530972570975018e-09 0.001
7649 1.5797304977142468e-06 1.3029661795103794e-06 1.4507464912186256e-08 0.001
7650 2.2296137134572308e-06 2.2423656750201984e-06 1.1130382970207681e-08 0.001
7651 1.0738380817741529e-06 2.5859150654550668e-06 2.4889181542464781e-07 0.001
7652 1.2345805428058184e-06 7.5549643979106345e-07 1.9983141669378879e-09 0.001
7653 1.6270897377768156e-06 4.2347404667977484e-07 1.2143117409022168e-07 0.001
7654 6.4371742833645566e-07 2.548457471705303e-06 1.3460756364559111e-07 0.001
7655 2.5826638678075165e-06 9.3230405895649147e-07 4.7471464851406507e-08 0.001
7656 2.6121648045142947e-06 1.6652686488104402e-06 3.1205200905915255e-08 0.001
7657 4.821035463638653e-07 8.0405060506352379e-07 8.794907224066976e-09 0.001
7658 2.3118471152025675e-06 1.245072755973086e-06 2.6749203885706015e-08 0.001
7659 2.2804469756203721e-06 2.1121202829184905e-06 1.1328623528376389e-08 0.001
7660 4.9512577202569594e-07 1.5821006863594152e-06 1.2465103996861378e-07 0.001
7661 2.1694925862726397e-06 9.8685016552444086e-07 6.1962118817722273e-08 0.001
7662 6.3922137453914874e-07 7.7297283553516111e-07 1.8972790088451411e-09 0.001
7663 1.3022005694031545e-06 8.0148202564810682e-07 4.1426035701908878e-08 0.001
7664 2.2461965953909542e-06 1.5879245363971387e-06 7.7308423474042511e-09 0.001
7665 2.6110554510478444e-06 2.5354611032898434e-06 1.5520928324362324e-08 0.001
7666 8.5375386614806382e-07 8.2123956162840009e-07 1.1416770603266612e-07 0.001
7667 5.8719849537207871e-07 1.665966646426833e-06 3.3362404091203658e-09 0.001
7668 1.5596259986424261e-06 1.6869788357813215e-06 4.0762831031959352e-09 0.001
7669 1.4521560336227682e-06 6.1892472689682962e-07 6.292865453201337e-08 0.001
7670 1.7679220350583549e-06 1.5664557870011102e-06 5.2390758348358371e-08 0.001
7671 9.1989223812574149e-07 5.5995150425419584e-07 1.9216975764402209e-09 0.001
7672 9.3148125007738033e-07 1.829792516526402e-06 5.2973159736023282e-09 0.001
7673 9.4811249447218252e-07 8.5680959948897707e-07 8.4240027938033608e-09 0.001
7674 2.2635781288245697e-06 2.081194944155688e-06 1.2198868028173244e-08 0.001
7675 1.0570199470237765e-06 7.6975408534534212e-07 3.7336538039704969e-09 0.001
7676 2.5477485707970046e-06 1.777093425826625e-06 2.9521649410784069e-07 0.001
7677 2.2181854253179636e-06 2.2403041032397456e-06 5.0063438407488298e-08 0.001
7678 1.7144152578722563e-06 1.9449807565811638e-06 2.6645988699316399e-08 0.001
7679 6.7458405550058518e-07 2.5001127988793642e-06 1.5180782415638762e-07 0.001
7680 1.0677126375547023e-06 1.6938060345604782e-06 3.4722744224472514e-09 0.001
7681 1.6953890220741811e-06 9.3601977005762561e-07 2.1903080739243215e-07 0.001
7682 9.0481313576213156e-07 7.3952981557968195e-07 7.9682799332433007e-08 0.001
7683 5.9371027298725578e-07 1.5542094777907934e-06 7.7025559807663352e-08 0.001
7684 1.6698517295966507e-06 5.0481359557919075e-07 4.2182870327244402e-08 0.001
7685 1.8493093138897374e-06 2.4173958244809674e-06 4.0194065727914942e-08 0.001
7686 2.020012996835932e-06 1.3864081734827671e-06 5.4368766066142785e-08 0.001
7687 1.030341475745837e-06 2.1021318810362705e-06 1.2668809031867144e-07 0.001
7688 1.4389581464532701e-06 1.0464106959843092e-06 1.0806607057282874e-07 0.001
7689 8.5420269135933439e-07 7.7347854130791814e-07 9.5336289041444978e-09 0.001
7690 1.8479217432730636e-06 1.3989950151043342e-06 9.0158330899930064e-09 0.001
7691 2.0272099788951379e-06 1.5361155328048179e-06 9.9955268694937084e-09 0.001
7692 1.2396781647133523e-06 2.1188950451604194e-06 2.9841106501499929e-07 0.001
7693 7.6242644309387454e-07 8.5459333615051067e-07 7.2179713805324495e-09 0.001
7694 1.4748427473605768e-06 2.4028220774617495e-06 1.0915952876067727e-08 0.001
7695 1.3953514960810209e-06 1.1780995077458538e-06 2.6450224170628062e-09 0.001
7696 2.3653764256451585e-06 1.4922762256710554e-06 2.6120121637272446e-07 0.001
7697 6.2567866443513406e-07 2.1392158858498838e-06 1.6919026701943561e-08 0.001
7698 7.0348770305432349e-07 7.5728625497121331e-07 9.2228238763323686e-09 0.001
7699 1.9422965296891549e-06 2.4375717658488635e-06 6.7772235599509896e-09 0.001
7700 1.2478564222690397e-06 7.309031431084265e-07 1.8469179889408076e-08 0.001
7701 4.2154213800215922e-07 2.3426954312370376e-06 7.3315164726257485e-09 0.001
7702 2.412019668760853e-06 1.1505718900557529e-06 2.3503168829145149e-08 0.001
7703 1.0811621529566943e-06 2.0024697978402392e-06 3.2602058872231633e-09 0.001
7704 2.1357473536351153e-06 7.7502745742747896e-07 3.458895371520573e-09 0.001
7705 1.1865694354833991e-06 1.6855767478279267e-06 1.4891885780983497e-08 0.001
7706 2.5416141676197484e-06 2.0831985759843847e-06 2.5527070772502972e-08 0.001
7707 7.9348492109391662e-07 1.1285719810144823e-06 1.5550233144985788e-08 0.001
7708 9.601830254560693e-07 2.2310377287417797e-06 2.9140546905780652e-07 0.001
7709 2.1304005671116258e-06 2.235877310060801e-06 2.2647267930703398e-08 0.001
7710 9.5198601687145073e-07 1.0596145134374917e-06 3.3991088245712722e-09 0.001
7711 8.189424341027454e-07 9.8940566012092962e-07 1.5367605023016604e-08 0.001
7712 2.207580593044327e-06 2.4573156333127242e-06 4.3436522849182104e-07 0.001
7713 2.2173326200938463e-06 1.3618119886034689e-06 1.8087428554519078e-07 0.001
7714 1.6062956702600551e-06 1.3045091922349446e-06 1.9327811529389673e-07 0.001
7715 1.0799086596848534e-06 4.850693874597439e-07 1.7015952978493821e-09 0.001
7716 1.6544598504798681e-06 2.3275093536670347e-06 1.4186345301267331e-08 0.001
7717 1.7467759504592036e-06 1.3924353619994907e-06 4.9373976488371991e-09 0.001
7718 7.8510990210577984e-07 9.0810613205550178e-07 4.4675073444102385e-09 0.001
7719 1.3260316970512688e-06 2.1929661428612616e-06 3.2526598065598417e-07 0.001
7720 2.2641197693766905e-06 1.5390782426058599e-06 1.6912366340642117e-07 0.001
7721 9.7463733423887183e-07 6.9205125836287835e-07 1.8964593757483219e-08 0.001
7722 1.8794478835487885e-06 1.3925908955485465e-06 2.7687403803399717e-08 0.001
7723 8.3552878916110442e-07 1.5222602734457706e-06 3.7789717489361187e-09 0.001
7724 1.4964998829250493e-06 1.9244008119508426e-06 1.7327621043423855e-07 0.001
7725 1.5521796143402511e-06 6.7682768704925548e-07 1.2363468063869986e-07 0.001
7726 6.830295288928437e-07 2.3003759419786618e-06 2.9933932309011461e-09 0.001
7727 5.67199360000442e-07 1.0181143794175515e-06 3.5433726014564907e-08 0.001
7728 1.6740558097445899e-06 1.0386986540066482e-06 1.9089827583721912e-08 0.001
7729 1.2513826106991505e-06 1.8705391394243454e-06 2.3064524029998136e-07 0.001
7730 2.0682894539248938e-06 1.0959983179180087e-06 1.3648689267050594e-08 0.001
7731 1.7590617613334984e-06 8.4103882028766094e-07 4.2835240963985211e-08 0.001
7732 1.4680573908759972e-06 2.3328075585643217e-06 1.0425921432813801e-07 0.001
7733 6.2958848500827331e-07 5.3187413031263966e-07 4.8813705083278921e-08 0.001
7734 1.7033167567438801e-06 1.0053457705183559e-06 2.8891450850932861e-08 0.001
7735 2.1372844868606106e-06 2.2194717879563031e-06 3.9190229418086056e-07 0.001
7736 2.5746288124113368e-06 2.2801155589031822e-06 6.3041501870809439e-09 0.001
7737 2.1884791087729738e-06 1.1330346908572069e-06 4.2552596146841335e-08 0.001
7738 8.7358767817693764e-07 1.1289890918928697e-06 1.7687589338728648e-07 0.001
7739 1.2950330014098689e-06 1.7705689684845396e-06 6.6002492853061932e-09 0.001
7740 8.1834926396367684e-07 9.1364134182755877e-07 1.356789359918819e-08 0.001
7741 1.3834768850958247e-06 1.7785552091621787e-06 5.206559424343451e-08 0.001
7742 1.8580526663849001e-06 8.0745927532473853e-07 4.4740557424166781e-08 0.001
7743 1.4065027299906341e-06 9.3132010167992716e-07 2.8190263008272664e-08 0.001
7744 1.4326974624556107e-06 6.9052966372728676e-07 6.9662522231544913e-09 0.001
7745 2.1384460222663783e-06 9.46628887452623e-07 2.1530276165528707e-08 0.001
7746 1.2370290240061046e-06 1.4804651700849895e-06 1.6075173404328318e-08 0.001
7747 1.8133722034061023e-06 1.4675521669289631e-06 3.9494951167413954e-09 0.001
7748 9.7619159525152408e-07 1.3722047633659451e-06 4.218614962486485e-09 0.001
7749 1.6912532790797048e-06 2.3692209593629058e-06 3.7865215189190521e-08 0.001
7750 1.3072281172873565e-06 1.7647710388365655e-06 1.9530078684771878e-07 0.001
7751 2.0806306267508523e-06 1.4731588703199464e-06 2.1189910449667495e-08 0.001
7752 9.3457821927886177e-07 2.1747114898258526e-06 3.036664756426324e-07 0.001
7753 5.446293731339431e-07 1.9342807245128105e-06 4.6080573512345761e-09 0.001
7754 5.7469830409030215e-07 2.1025514082454747e-06 2.7537424247032077e-08 0.001
7755 7.9377809501027639e-07 2.0587855833977341e-06 1.1194622079130628e-08 0.001
7756 1.7611493030410859e-06 8.2657314915749938e-07 6.2998163405334543e-09 0.001
7757 1.5019732756069977e-06 2.1442541625595901e-06 2.8831824113425633e-08 0.001
7758 1.5144471688759746e-06 1.6214875542737308e-06 1.4490711075458668e-07 0.001
7759 5.1332085877856016e-07 1.0131502599472115e-06 1.826062789049811e-09 0.001
7760 1.9542555603060404e-06 2.5828889059718875e-06 1.9749522860687656e-08 0.001
7761 1.4444223372960312e-06 1.4959668776099107e-06 2.8872583417581078e-08 0.001
7762 1.0629116116231955e-06 2.2365466889834286e-06 2.3507645334018546e-08 0.001
7763 1.2682194766571037e-06 1.178939311641755e-06 5.3311681769175084e-08 0.001
7764 1.1758896013384802e-06 8.1399641424445294e-07 1.0145852446533023e-08 0.001
7765 8.8898393315900559e-07 8.1062426352822028e-07 1.600763167717818e-08 0.001
7766 1.1134976291167108e-06 1.063260723789353e-06 3.8705727850135353e-09 0.001
7767 2.0570572449025861e-06 1.9620575403470471e-06 2.4775619368114577e-08 0.001
7768 1.4700446715293702e-06 2.3313807445425261e-06 2.1238932375358423e-08 0.001
7769 1.7276400235621967e-06 6.8030913807216803e-07 7.9891464178668017e-09 0.001
7770 1.3042506657012124e-06 1.0317394242908299e-06 1.7329167197711562e-07 0.001
7771 2.0227144663043659e-06 1.2523374426300338e-06 9.2850271477460129e-08 0.001
7772 1.4608986669955412e-06 1.8988435344929239e-06 1.8402977179126103e-08 0.001
7773 2.4183137973578885e-06 2.5700696470345732e-06 5.3544945933913626e-08 0.001
7774 4.8734396475914428e-07 2.4018820334913183e-06 6.4166233717196151e-09 0.001
7775 1.9163724243676503e-06 9.129964732651229e-07 7.8151395813879839e-08 0.001
7776 2.5130371111274369e-06 2.2724520156342053e-06 5.4037529658427704e-08 0.001
7777 5.4407826001257762e-07 9.8638213616396164e-07 3.5413245653092277e-09 0.001
7778 4.8635503599307462e-07 1.2293924210330482e-06 8.8001760678584457e-09 0.001
7779 2.2620082620740631e-06 2.0570846597996217e-06 1.113684443208722e-08 0.001
7780 6.44877356687601e-07 2.2418914642794557e-06 1.1762738607790624e-08 0.001
7781 9.1697859965661766e-07 8.1943938689433315e-07 4.4181607410453189e-08 0.001
7782 1.7536050034328055e-06 1.5112555512159772e-06 4.5280371867513564e-08 0.001
7783 1.3196489773235492e-06 1.3590685806104238e-06 9.8144225100086039e-08 0.001
7784 2.4438197650554229e-06 1.6591119131313363e-06 7.141114816874021e-08 0.001
7785 2.02536299755458e-06 1.9373772276614052e-06 6.7326109892546875e-08 0.001
7786 7.2352706702133588e-07 2.5143762443457443e-06 1.0089264158478869e-07 0.001
7787 5.6077815874033756e-07 1.5931740520829611e-06 2.1103490352937478e-08 0.001
7788 2.5225301932265988e-06 2.4311701027313213e-06 1.2744299868094391e-08 0.001
7789 5.2690562145116495e-07 1.9098849634490697e-06 2.853523440686712e-08 0.001
7790 1.6336636635513623e-06 4.1203582637244206e-07 4.011932450709982e-08 0.001
7791 1.8343294711370553e-06 1.9350909644934485e-06 1.533131910908793e-08 0.001
7792 1.8453696439615296e-06 2.6202570949847085e-06 1.4320355606950876e-07 0.001
7793 1.9120522205680497e-06 1.1686202086718396e-06 1.4329047944216991e-07 0.001
7794 1.4605288875147359e-06 5.5016405670595833e-07 2.4273102311298029e-08 0.001
7795 7.0493704128554521e-07 1.0143421079377817e-06 2.0957701156986875e-08 0.001
7796 2.2157494321819575e-06 1.7924021432078274e-06 2.5314811431725434e-07 0.001
7797 8.1149769275103222e-07 2.4024388624465446e-06 4.415364201055516e-09 0.001
7798 1.5852824299947233e-06 2.3075944928142541e-06 2.3328367441738993e-07 0.001
7799 9.370647172548772e-07 2.0137102191008772e-06 8.1488917588474075e-08 0.001
7800 1.3396664238790772e-06 6.3873710614995082e-07 4.7775300575890778e-08 0.001
7801 1.6455689535703046e-06 4.9215191875878989e-07 2.2899895510208109e-09 0.001
7802 1.0292816537208721e-06 1.5097164065259756e-06 7.5711428251273329e-08 0.001
7803 2.479600481909823e-06 7.3646639358310322e-07 2.2478554364933954e-08 0.001
7804 2.4665952049017998e-06 1.2119515543984769e-06 3.9725145964552004e-09 0.001
7805 5.5428717283081479e-07 1.931323375018701e-06 1.4816666480624064e-08 0.001
7806 3.792430763614624e-07 7.0298051158771954e-07 7.7503837486374598e-08 0.001
7807 1.5741293844861052e-06 2.4936069511658961e-06 6.5122719541626786e-09 0.001
7808 2.5230241182098667e-06 1.522363106732383e-06 6.2919079212445142e-09 0.001
7809 8.7139187086635078e-07 2.5748248055503618e-06 3.7135502668713829e-09 0.001
7810 9.8256958106537803e-07 4.9928987058813015e-07 1.1982797129274283e-08 0.001
7811 1.9125655729776634e-06 1.2946837835270838e-06 6.0713950078092468e-08 0.001
7812 2.4077540189447661e-06 9.5077440187926177e-07 2.4392561232253252e-07 0.001
7813 7.5559916978744256e-07 2.1474740741475976e-06 3.5611086522110462e-08 0.001
7814 1.6657951652968143e-06 7.2518593467807536e-07 6.6290901083835019e-09 0.001
7815 2.3878315818649413e-06 2.1955044487120811e-06 3.7184046721881643e-07 0.001
7816 6.1581581927946242e-07 9.2820794307857827e-07 5.7346657658997659e-08 0.001
7817 2.3054769509293135e-06 1.8817416385402586e-06 4.1499057934731405e-08 0.001
7818 1.3650438295511172e-06 2.5037480127360983e-06 5.1135187038688221e-08 0.001
7819 1.5504257380095537e-06 1.7354329324883644e-06 7.0307296465852011e-08 0.001
7820 1.8762658635353474e-06 6.9552941301717764e-07 6.6789395569852884e-08 0.001
7821 6.0568802115126085e-07 2.1840466581158045e-06 9.7310264882437946e-09 0.001
7822 1.7357783718675256e-06 1.4983189846911822e-06 9.1759081468186586e-09 0.001
7823 1.352398054654498e-06 1.9785927519069254e-06 4.0266547488716746e-09 0.001
7824 1.6442317048510647e-06 2.3742553250080399e-06 6.5053595097480848e-08 0.001
7825 2.5196278172811539e-06 2.5235315096091729e-06 3.8578484684265718e-08 0.001
7826 2.3005196686366054e-06 7.3045806118397878e-07 3.098269385378092e-08 0.001
7827 2.4737267282983607e-06 1.6296146602776028e-06 3.7608700230360848e-07 0.001
7828 1.8144847885785202e-06 2.3327027895143645e-06 2.8549419115799834e-08 0.001
7829 4.7252690171312164e-07 2.4175978445267958e-06 1.841269336061964e-07 0.001
7830 1.1698128896215255e-06 1.9625507667112082e-06 1.467821166497564e-07 0.001
7831 1.3645377987642655e-06 9.6603872457267518e-07 9.3781410539942359e-09 0.001
7832 1.7526669796088745e-06 2.5764273557048981e-06 2.8025165639575217e-07 0.001
7833 2.2900373253795257e-06 1.3184848291614509e-06 2.6995319205370945e-07 0.001
7834 1.7101015955668619e-06 1.1352018636233754e-06 1.2100857644109235e-07 0.001
7835 1.3477123071575834e-06 8.6729053305162423e-07 1.6198795781599677e-07 0.001
7836 1.045566106293374e-06 1.9058990086052519e-06 1.287141261718551e-08 0.001
7837 2.2495473811637374e-06 1.19661092260696e-06 8.6862081084962715e-08 0.001
7838 1.7535372130801651e-06 2.4602733467108365e-06 1.1657713313030702e-08 0.001
7839 1.0266866869736263e-06 2.5801310662634077e-06 1.6152526461784549e-08 0.001
7840 3.8292868457645091e-07 2.6058710071571418e-06 2.6851483835578829e-07 0.001
7841 9.5542479274157516e-07 1.2916583796603155e-06 6.1486767289832246e-09 0.001
7842 7.0884437773709785e-07 2.2675383605654353e-06 3.1691895196846989e-08 0.001
7843 9.7826455456186065e-07 1.4804854601271979e-06 1.3994464143428427e-07 0.001
7844 4.9850329062692989e-07 6.4236910217169424e-07 4.17634216813133e-08 0.001
7845 1.4095238555095192e-06 6.1413934172458339e-07 5.3119598785209838e-08 0.001
7846 1.981865592186167e-06 2.0679202155339796e-06 7.5506688404879918e-08 0.001
7847 1.5059981919783021e-06 2.3012547694760105e-06 2.1434551378683902e-08 0.001
7848 1.0612155193004995e-06 1.7397120928315842e-06 2.0925011862023754e-08 0.001
7849 1.1531141775108529e-06 5.1880193127303157e-07 7.9521365489313641e-09 0.001
7850 1.8655187659950854e-06 2.3798034392989441e-06 5.792837908062492e-09 0.001
7851 1.0015079903579405e-06 2.4031543541553157e-06 3.0230489037860236e-08 0.001
7852 6.0699705571249625e-07 1.7262585665201745e-06 2.7799491795831279e-08 0.001
7853 5.0425392371427665e-07 2.5791902179603967e-06 4.4202043159748294e-09 0.001
7854 2.3275724530092075e-06 1.9578489691682912e-06 3.2254290845958815e-07 0.001
7855 1.0896853804803238e-06 9.5405677554031206e-07 4.8927613938765139e-09 0.001
7856 2.3609284799574964e-06 7.3541582144070795e-07 6.0370378607604164e-09 0.001
7857 9.6975233175143257e-07 2.288394160002093e-06 1.1877691092534635e-08 0.001
7858 1.640536579294124e-06 1.5420796016297678e-06 2.9081157869888534e-08 0.001
7859 4.6179558459459102e-07 1.2354966392227096e-06 9.3719778076125045e-08 0.001
7860 1.971572767020377e-06 2.2542848003251883e-06 6.0585921145768263e-09 0.001
7861 2.5621616136490002e-06 1.7681666009009549e-06 7.0158330441517887e-08 0.001
7862 2.5203922233057534e-06 1.6029218329287686e-06 5.4495348591001305e-09 0.001
7863 9.450431683945588e-07 2.46892772172029e-06 4.1892947674548658e-09 0.001
7864 1.3936087953918748e-06 1.4515926098555147e-06 8.7489887114912998e-09 0.001
7865 2.3904275103166083e-06 4.8518674476003611e-07 1.7909924921420623e-08 0.001
7866 8.6242775110168945e-07 1.0493723798725718e-06 4.1921489896636132e-08 0.001
7867 1.0825646335757494e-06 1.1675314104300124e-06 1.3111784162658153e-07 0.001
7868 2.2192306331145226e-06 8.9758365979486981e-07 9.0168636828884163e-08 0.001
7869 1.737221298859009e-06 1.1649062147083725e-06 3.5908431393192887e-08 0.001
7870 4.7852693344744868e-07 1.4055482070628068e-06 1.5445752796246177e-08 0.001
7871 1.0716982483269387e-06 4.6911675162569104e-07 2.3157605509489458e-09 0.001
7872 1.3784691892796735e-06 5.1387870199585112e-07 3.2032824233569017e-09 0.001
7873 8.6878709161522218e-07 2.0277446852817832e-06 8.5572698081680563e-08 0.001
7874 1.1021099753107741e-06 1.7983990702942239e-06 2.7212659227953899e-07 0.001
7875 2.5021946247820591e-06 5.2408882262115011e-07 1.2716855304058009e-07 0.001
7876 2.1909667867141329e-06 2.5894072309588848e-06 5.0049530856945498e-09 0.001
7877 4.4215395739149702e-07 4.5830566013563434e-07 4.1386281861099083e-09 0.001
7878 1.5667901166359254e-06 2.5766663364595062e-06 4.8998058837372687e-08 0.001
7879 1.8144571608961949e-06 6.5895529525499768e-07 3.8536779710866798e-08 0.001
7880 2.3963278916143038e-06 1.1195434235329609e-06 4.3051058336503642e-09 0.001
7881 6.6589107205071161e-07 2.3594310988942116e-06 2.219783624683473e-08 0.001
7882 2.6186465468915774e-06 1.5966869013780199e-06 4.9569037658962868e-08 0.001
7883 2.4157910955034165e-06 4.8420130189251344e-07 7.3784387218134418e-09 0.001
7884 2.215638518869834e-06 2.6187411298287663e-06 2.9262875277608676e-07 0.001
7885 2.4935837998956936e-06 1.5629989260121622e-06 6.668396356460898e-09 0.001
7886 1.2769629244386288e-06 8.4939453502175059e-07 1.3075086750244676e-07 0.001
7887 1.1100888809574577e-06 1.5502553062241462e-06 1.2901724449215875e-08 0.001
7888 1.8663388294984865e-06 1.2313323555262509e-06 3.8746398588806277e-09 0.001
7889 2.2456842151806213e-06 1.987107399608311e-06 3.3830776393717737e-08 0.001
7890 9.9074487187237398e-07 1.3272758494830455e-06 6.2233138596879464e-09 0.001
7891 2.2144951297545138e-06 8.5702654281988241e-07 4.2232637903714437e-09 0.001
7892 1.0701753406478672e-06 1.3845503222759073e-06 2.5359328879763618e-08 0.001
7893 1.7093594125935256e-06 2.1704031851047056e-06 5.211273097129205e-08 0.001
7894 1.5941490634913419e-06 1.9859891644722473e-06 1.0163639020471342e-07 0.001
7895 1.2195310505097367e-06 1.6402406543997719e-06 3.200672264485331e-09 0.001
7896 4.9179080072072972e-07 6.1637973632911562e-07 4.7877423346056401e-08 0.001
7897 1.3255247200946502e-06 1.667975046726144e-06 1.6943773098934527e-07 0.001
7898 2.3002333419451788e-06 1.4259571687696163e-06 2.2020022439159208e-07 0.001
7899 2.2140128937665118e-06 1.9974739885336604e-06 7.2818650758566554e-09 0.001
7900 1.2213991250519743e-06 1.0587187755612582e-06 1.2590900169718591e-07 0.001
7901 2.5596193367521473e-06 2.137930370513167e-06 3.622018178000018e-08 0.001
7902 1.0284934966256381e-06 8.1629186931619249e-07 1.2703899448016847e-08 0.001
7903 2.2086581663669866e-06 2.4382677025130715e-06 2.2887155916134138e-08 0.001
7904 1.7505856265324908e-06 5.7968649449671734e-07 5.0924999903503351e-09 0.001
7905 2.3111051976162926e-06 1.1276969033684599e-06 4.5317347691211975e-09 0.001
7906 1.4639768318811159e-06 1.1754685444196195e-06 1.3731479413194677e-08 0.001
7907 2.3102068372142109e-06 2.5223681751665098e-06 5.020995947763696e-09 0.001
7908 2.5909087685670501e-06 2.2947984883054986e-06 8.8843023827198679e-08 0.001
7909 1.146206402667303e-06 2.1503559673012903e-06 8.183529671524806e-08 0.001
7910 5.3248808378748214e-07 8.4590382899786086e-07 2.9913674627395704e-08 0.001
7911 1.1084775156456864e-06 1.975388829816487e-06 1.2336724405306678e-07 0.001
7912 6.272091755508658e-07 2.5248948581750816e-06 1.8112492568543647e-07 0.001
7913 1.5012171962860609e-06 1.8613643906703388e-06 1.5011003507009542e-07 0.001
7914 2.3568980650593087e-06 1.3779642176298059e-06 5.6698076903110246e-09 0.001
7915 2.315517486994178e-06 2.5484352426741939e-06 5.7116694695351819e-09 0.001
7916 1.4031434186133297e-06 1.1504385370932845e-06 3.6824860509258723e-08 0.001
7917 8.0189341958349776e-07 1.9413065157774805e-06 3.6773232087110213e-09 0.001
7918 1.9032350904197589e-06 1.053669031326874e-06 1.8927722904218231e-07 0.001
7919 2.3364357025411341e-06 1.677206353271003e-06 5.2586575029216562e-08 0.001
7920 1.0991634893994735e-06 1.1356253708005326e-06 1.1376159805456816e-08 0.001
7921 2.065322670440069e-06 2.3923934504434826e-06 1.4476374620152567e-07 0.001
7922 1.5903175143275636e-06 3.8611348353242388e-07 1.1912848599217223e-08 0.001
7923 2.5159152029022127e-06 1.3711596363899975e-06 1.159303388363597e-08 0.001
7924 9.372283925041597e-07 7.5366993425622574e-07 2.3886883666845749e-08 0.001
7925 1.6516174145074111e-06 1.3330027995392757e-06 2.2628674595353911e-08 0.001
7926 1.4841256132636114e-06 1.1977674164955843e-06 2.4157431531359353e-08 0.001
7927 7.2820590978634729e-07 2.2236469591670942e-06 2.8515702697329727e-08 0.001
7928 3.9906107604483749e-07 8.3679753556939834e-07 1.650957283279999e-09 0.001
7929 1.0220203344870776e-06 1.9175960685177461e-06 4.5330824257203248e-09 0.001
7930 2.5979989990498096e-06 1.6038656392452647e-06 8.5196987823570576e-09 0.001
7931 1.1961846068569931e-06 8.3342961291279181e-07 8.6272842154722873e-09 0.001
7932 2.4921964624529108e-06 1.0717023573623385e-06 2.1849559002053766e-08 0.001
7933 1.2245605790123624e-06 2.4967421788431041e-06 2.9108756165032827e-08 0.001
7934 2.4558019416813139e-06 3.8879985413842116e-07 1.3856079867847568e-08 0.001
7935 1.6507554722943433e-06 7.5824881615302852e-07 4.6833869893525533e-09 0.001
7936 1.133795015315432e-06 6.4283109393190357e-07 1.1921609938319867e-08 0.001
7937 2.5990026629427999e-06 9.720725921342404e-07 2.5403615367054412e-08 0.001
7938 1.4491442794849319e-06 1.7953986661905456e-06 6.2770794446232899e-09 0.001
7939 5.8748882704539769e-07 2.5433442472050353e-06 2.6998809360074534e-08 0.001
7940 5.3316537605873793e-07 1.9973133251041887e-06 2.1239782341218534e-08 0.001
7941 2.4947393491809207e-06 6.3913734275406122e-07 3.5355069941598259e-09 0.001
7942 2.3038775623517785e-06 2.0518801247592101e-06 7.2353582194565115e-08 0.001
7943 2.1222569990847393e-06 8.2704023581857818e-07 2.8454723658894866e-08 0.001
7944 1.5141848448439611e-06 5.7771363265153583e-07 6.7751084019138677e-09 0.001
7945 1.5581055685715366e-06 1.1025892079384326e-06 7.7735348565513427e-08 0.001
7946 2.2880276625684562e-06 2.1408511604094345e-06 3.6556839956352078e-07 0.001
7947 1.0496999732347402e-06 1.9438549783316287e-06 6.6173331195025143e-08 0.001
7948 1.6233782612086793e-06 2.473600400544943e-06 1.8844620246299767e-07 0.001
7949 2.4306917540840238e-06 2.1376214853385396e-06 1.1831341046917525e-08 0.001
7950 2.191831740641208e-06 2.1293938731039593e-06 1.1107299832084673e-07 0.001
7951 2.1436654944257923e-06 1.3572035293474306e-06 4.0439576289293584e-09 0.001
7952 5.7117972933373202e-07 2.1172815223510712e-06 2.9539610106361637e-09 0.001
7953 1.5743687210953969e-06 2.0151060885878481e-06 1.2485925177043274e-08 0.001
7954 1.4038129729693937e-06 4.3301914118243486e-07 5.1776836082458831e-08 0.001
7955 1.5500737634743692e-06 2.1741839788678873e-06 2.3579673205781136e-07 0.001
7956 1.5032412507869254e-06 1.3412257963289384e-06 7.7473697176012936e-09 0.001
7957 4.341894263381368e-07 2.1406933251760201e-06 2.0040963736187414e-07 0.001
7958 1.8911053460235349e-06 8.3737232914015665e-07 7.6576418927939332e-09 0.001
7959 7.0980258633024123e-07 6.064658098518352e-07 1.2089830821830073e-07 0.001
7960 9.5422821406752184e-07 2.0138580145905123e-06 1.0942612342619213e-08 0.001
7961 8.4295894484807126e-07 9.6274298048089868e-07 5.6810899850486917e-09 0.001
7962 1.9062318877890743e-06 1.116598908966855e-06 4.323382529182757e-09 0.001
7963 8.0210045549756767e-07 4.3393612823062634e-07 1.631843704791435e-09 0.001
7964 2.2794493564608054e-06 2.6100147716145799e-06 1.4719616259767796e-07 0.001
7965 1.9476974353428181e-06 2.5876787175105495e-06 9.450540226900263e-09 0.001
7966 1.7229099980659876e-06 2.5701160764414131e-06 2.2020296184804847e-08 0.001
7967 2.6085735790707991e-06 1.6611124892221695e-06 1.5533507702404618e-07 0.001
7968 2.3924473992508038e-06 1.5512062407892637e-06 2.5375128978463105e-07 0.001
7969 1.2956456528274749e-06 1.1579804288594209e-06 7.7007965385244709e-08 0.001
7970 6.4667788526225053e-07 1.2026111185771132e-06 1.0170466274488113e-07 0.001
7971 7.9806779063627111e-07 2.2800572514959111e-06 1.3562030259016487e-08 0.001
7972 6.9937408773243569e-07 6.3429215907277479e-07 1.4656762916708627e-09 0.001
7973 5.5487178154690153e-07 1.0959267484471953e-06 2.2301206276583946e-08 0.001
7974 2.1427511643926844e-06 1.3610722601972665e-06 2.6290305314360013e-08 0.001
7975 1.6007974319920563e-06 2.4695460914003012e-06 3.3750635181687625e-07 0.001
7976 1.6949652872838622e-06 2.3700514831926414e-06 2.4807017893593497e-07 0.001
7977 2.4073020993109465e-06 1.6768796933286701e-06 1.4552563537269348e-08 0.001
7978 2.0457471734370822e-06 9.4783833451768037e-07 1.6618844326368975e-07 0.001
7979 1.1093983770963689e-06 1.0270472377785207e-06 1.0210339399629887e-08 0.001
7980 1.0289446895631257e-06 1.2059375117262075e-06 9.5597449104143303e-09 0.001
7981 2.3666145755968613e-06 8.855249847844166e-07 3.4879901792000858e-09 0.001
7982 1.6529350751333769e-06 1.4274615135741458e-06 4.4082195086583618e-08 0.001
7983 5.6371446945871087e-07 1.0054498457440837e-06 3.1674306526929245e-08 0.001
7984 6.6500951935763605e-07 1.9043335585243978e-06 8.4536726233869631e-08 0.001
7985 2.1709709430477076e-06 1.3520729937517603e-06 7.2064132579062922e-08 0.001
7986 7.4454092486082501e-07 7.1203089935461795e-07 1.7080690366460642e-09 0.001
7987 1.2241257716166373e-06 1.0743030245453219e-06 8.8234222844930597e-09 0.001
7988 5.0495167893540218e-07 7.5191361972104179e-07 1.6170312245457223e-08 0.001
7989 1.8355884540126495e-06 2.5336203380743954e-06 1.3012652000161077e-08 0.001
7990 1.8967266690444526e-06 2.3304066505676365e-06 1.5294937604015912e-07 0.001
7991 1.475714930230739e-06 2.073615579505468e-06 2.7354674222512039e-08 0.001
7992 2.5492817640397079e-06 3.8928442676874097e-07 4.0139654387714146e-09 0.001
7993 5.8065307079072857e-07 1.8692366980798051e-06 4.3949576903295427e-09 0.001
7994 1.619380506980708e-06 2.5882985126539001e-06 3.0542401139345577e-08 0.001
7995 2.5767290901932358e-06 1.3349134254996688e-06 1.1779842299184469e-07 0.001
7996 5.5356262916381209e-07 2.0807513522364452e-06 4.0172103558861243e-09 0.001
7997 1.0617556127271956e-06 5.7624293602452339e-07 5.4810051266405109e-08 0.001
7998 1.4793797066152187e-06 1.4465270704493759e-06 1.4918836443967221e-08 0.001
7999 5.5889075014219372e-07 7.4882587169390894e-07 1.4228508022348569e-08 0.001
8000 9.264804878967399e-07 2.5511889196659462e-06 1.2927863300069517e-07 0.001
8001 1.1377505093035248e-06 1.7830382657031484e-06 6.2041405437656477e-08 0.001
8002 4.7599240861558735e-07 1.4745921844725771e-06 1.615558009220017e-07 0.001
8003 2.2482149786779472e-06 1.6714946735962414e-06 2.708519310505355e-07 0.001
8004 2.157763101468736e-06 2.1276231794665577e-06 4.6474428705446156e-08 0.001
8005 1.3007543736223345e-06 9.4015261520688385e-07 8.2029620336709561e-09 0.001
8006 2.0211407339261326e-06 1.5500948188785968e-06 5.3735685350026235e-08 0.001
8007 1.188855591584939e-06 2.4073356074298479e-06 6.9206541971638172e-08 0.001
8008 2.5673788066383822e-06 1.8440940660187246e-06 4.8167058774066097e-08 0.001
8009 2.4385137090467174e-06 1.913451956052102e-06 6.9241623965040348e-08 0.001
8010 1.3337733646846459e-06 1.2870871190745286e-06 2.1761187295726512e-07 0.001
8011 1.2442764784916993e-06 1.5920499691133591e-06 1.2596697061329664e-07 0.001
8012 1.5779784635307835e-06 1.50789008848336e-06 6.2524044304141368e-09 0.001
8013 2.1577894827882693e-06 1.3678134737462211e-06 7.9406443370396333e-08 0.001
8014 2.1657498372367369e-06 2.106178035401516e-06 2.3072991241963357e-07 0.001
8015 2.0614396001151947e-06 1.9592831479902552e-06 4.5867113413986171e-08 0.001
8016 7.7941717867416385e-07 1.2349669499170172e-06 7.1458474273923723e-09 0.001
8017 8.5365014622091326e-07 1.1331950029255407e-06 1.0650926643056376e-08 0.001
8018 1.0692539115434376e-06 9.0434647476026521e-07 1.0721591444049464e-07 0.001
8019 2.3874861316201732e-06 1.2923537827498638e-06 7.7818960359678989e-09 0.001
8020 2.6007144842071173e-06 5.7809890902614185e-07 2.3653685868425779e-07 0.001
8021 8.349346347905385e-07 1.1006749099512775e-06 7.7957594512261689e-08 0.001
8022 2.3806596484602803e-06 5.412190224792275e-07 1.1476278489344556e-08 0.001
8023 2.1762720445170497e-06 8.049003461933034e-07 1.164586857771832e-07 0.001
8024 4.3974727084307582e-07 1.5696772321697922e-06 1.8516014080346643e-08 0.001
8025 1.6796826308435676e-06 2.2162953773022086e-06 2.7525651725170998e-08 0.001
8026 1.1193418628236981e-06 4.6957457245157063e-07 2.905554886139392e-09 0.001
8027 1.167342908601667e-06 1.0977656888639367e-06 3.5543115144129703e-09 0.001
8028 2.4721754570200823e-06 2.0522053613767669e-06 8.696826791524961e-08 0.001
8029 1.3426489117566807e-06 6.9842251699579745e-07 2.2064840810125567e-09 0.001
8030 1.8585863327532053e-06 1.5565837492253737e-06 9.7717838174279752e-08 0.001
8031 1.3765180340262013e-06 1.3409244310277091e-06 4.499857231713398e-09 0.001
8032 2.1855661357745938e-06 2.366858901419123e-06 2.2041059637319813e-08 0.001
8033 4.9336242436346753e-07 1.7843677112050477e-06 6.9430183110917121e-08 0.001
8034 2.5875260949222912e-06 8.7741202309931107e-07 2.2545580159815494e-07 0.001
8035 1.8913516567769517e-06 1.6173013759021881e-06 1.8625820613822281e-07 0.001
8036 2.0476872917971127e-06 8.1580927871063436e-07 6.4892749596217995e-08 0.001
8037 1.4601916562915924e-06 1.9574092030515815e-06 7.0556506837906208e-09 0.001
8038 1.0253515719218037e-06 1.9015600688941201e-06 1.5800165194710368e-08 0.001
8039 2.2492077127631424e-06 1.0159915110348238e-06 1.2302490221684519e-08 0.001
8040 1.6771786142199888e-06 2.2499658528464403e-06 4.8632280902051337e-09 0.001
8041 1.338974226902134e-06 1.6087050802776061e-06 3.718221658885363e-08 0.001
8042 5.6644403164427438e-07 1.345957215382785e-06 1.2838162505486824e-08 0.001
8043 1.170513273490016e-06 1.8389499057733226e-06 3.4408757505588681e-09 0.001
8044 1.6110420558204642e-06 1.6268551470046723e-06 2.2223667611200036e-08 0.001
8045 4.4010514622428676e-07 1.8792009922303505e-06 5.2432773794786381e-08 0.001
8046 1.9495555887032671e-06 2.4799924936377961e-06 3.5421607335750415e-08 0.001
8047 9.8834748725255973e-07 1.7911904370775544e-06 6.3695425872622245e-08 0.001
8048 5.9045334614043283e-07 1.968124261626303e-06 1.7926064758699658e-07 0.001
8049 1.5602302243149701e-06 8.053758344350582e-07 9.7809963523149871e-09 0.001
8050 2.0252197740178284e-06 4.7506656734606899e-07 2.558311680712624e-09 0.001
8051 1.8181520195390004e-06 6.5414596337279316e-07 1.5889497336524341e-08 0.001
8052 3.8450032579331936e-07 2.0073946007694036e-06 2.6513194826110887e-09 0.001
8053 8.9906346950268032e-07 2.4247227718814025e-06 2.5566035847958983e-08 0.001
8054 8.1809073046792121e-07 9.6973292701665343e-07 3.4230478903382353e-08 0.001
8055 2.1121551669147813e-06 1.2791501511263482e-06 1.6226116418774697e-08 0.001
8056 5.1352445967935699e-07 1.469446794859789e-06 1.1113718116262401e-07 0.001
8057 1.611433562679448e-06 1.1671251222944876e-06 8.2799787984524743e-09 0.001
8058 1.068820849664488e-06 8.7662247338711237e-07 3.9952196125227014e-08 0.001
8059 2.2580873254162639e-06 2.6125169189134028e-06 7.5675786283575924e-08 0.001
8060 2.5471257321430269e-06 2.4343664799293612e-06 1.4297181243596659e-07 0.001
8061 1.7247351989373561e-06 1.745773899108039e-06 7.4045531027240493e-08 0.001
8062 1.4925600069746013e-06 2.4323137058400437e-06 7.0456493350948288e-09 0.001
8063 1.5118719122169534e-06 2.2306565994072681e-06 1.1385050092388723e-08 0.001
8064 2.2763668183446675e-06 1.8756275301579791e-06 3.2133864945715577e-07 0.001
8065 1.6490104060052155e-06 2.296674845504534e-06 6.2831452110731757e-08 0.001
8066 7.6891094622364027e-07 1.4739078526481239e-06 3.2290845082986551e-09 0.001
8067 8.3735285598433084e-07 6.2242606998945474e-07 4.6348587048860994e-08 0.001
8068 1.5452624959818637e-06 1.5901269560631598e-06 6.893568639153263e-08 0.001
8069 1.5343243609965126e-06 5.0557877664225899e-07 1.6854234809110596e-07 0.001
8070 1.2274121006999488e-06 2.0150797608651279e-06 7.3977693305942822e-08 0.001
8071 1.4463038455736314e-06 2.6185257376869701e-06 1.6411478871137849e-07 0.001
8072 1.0994613452895663e-06 1.661101326708369e-06 1.2982905861209647e-08 0.001
8073 2.4426912914367973e-06 2.2431696168588193e-06 8.0881420994758636e-09 0.001
8074 4.4432663815739078e-07 1.1009668492261197e-06 3.3636694649091014e-09 0.001
8075 1.4181718168776166e-06 4.835199731843466e-07 6.3044613418103267e-09 0.001
8076 6.5080959943045353e-07 1.8942292114896115e-06 1.0897968405658576e-08 0.001
8077 2.3786695981569169e-06 1.1820575770386584e-06 7.829456298193699e-09 0.001
8078 2.3109588058773889e-06 1.8426011254939073e-06 3.7858911721059557e-08 0.001
8079 1.2603669214467912e-06 2.1487238569434486e-06 3.6028818402098014e-08 0.001
8080 1.0014016944819908e-06 1.0261076165987167e-06 5.3632908059341514e-09 0.001
8081 1.7585077332155464e-06 3.7690920599697994e-07 8.5414079453875188e-09 0.001
8082 4.3143294530760677e-07 6.7231686656242637e-07 1.6457930468649759e-09 0.001
8083 2.1770139621161664e-06 1.7575478031465318e-06 4.5158814876414503e-08 0.001
8084 1.5837598100163381e-06 1.5529054429477179e-06 2.3458553687639002e-07 0.001
8085 1.4851338512439282e-06 2.5425208356546676e-06 4.0269238297625783e-08 0.001
8086 1.0098605914289194e-06 2.366652856368493e-06 4.1553715957519635e-08 0.001
8087 8.2768138146708959e-07 6.791110571750046e-07 8.5457737651402779e-09 0.001
8088 1.2088399762925338e-06 1.326657043203385e-06 1.7384910274087763e-07 0.001
8089 2.1682662536698162e-06 9.2882414490019604e-07 1.7922050474281583e-08 0.001
8090 1.2369538682148244e-06 1.1876503391312444e-06 1.1228806849244792e-07 0.001
8091 1.486857428703729e-06 2.069668396350285e-06 7.4280499755582991e-09 0.001
8092 2.1757987928936717e-06 5.0928879460869741e-07 4.385062850346528e-08 0.001
8093 1.0682570388831464e-06 1.2371264081043681e-06 2.3519883950733488e-09 0.001
8094 1.0155286130624278e-06 9.5405990115729785e-07 8.2090384020184444e-08 0.001
8095 1.2312098067495771e-06 1.679772998086861e-06 8.2637658191864231e-08 0.001
8096 2.0641504715996274e-06 2.4867649800218213e-06 1.1500763977615832e-08 0.001
8097 1.2633974128492331e-06 4.7745436260774002e-07 8.6487845418914084e-09 0.001
8098 7.5737283525358427e-07 1.2984059425036035e-06 4.7655509019879452e-09 0.001
8099 8.0190419512479863e-07 2.3141977499671786e-06 1.348568083624379e-07 0.001
8100 9.2630486722416971e-07 1.5535828052004574e-06 7.6237048814046227e-08 0.001
8101 1.3219531873557453e-06 1.7436222508843379e-06 3.2120402102138943e-09 0.001
8102 1.1408126744967492e-06 2.1106284480464966e-06 4.0674375384238975e-09 0.001
8103 2.6219635802748419e-06 4.9290493852272531e-07 7.2662241064378613e-09 0.001
8104 2.2625254988623328e-06 2.2503255498410704e-06 4.1247857756895899e-07 0.001
8105 1.3797401618723823e-06 1.028889032536029e-06 6.6881546231678687e-09 0.001
8106 1.9484737172347754e-06 1.0084956480929185e-06 7.4022674404846312e-09 0.001
8107 1.8881287944741994e-06 2.3768486421811099e-06 3.8013629900232032e-07 0.001
8108 2.4360858702477038e-06 1.8849210797801979e-06 5.5745598378259393e-09 0.001
8109 2.3468280376630846e-06 2.3936990463509442e-06 1.2160176895354142e-07 0.001
8110 1.4554687525500071e-06 6.9643040163941911e-07 2.7826379708551423e-09 0.001
8111 1.5789824189939229e-06 2.1062137562323456e-06 1.3000852888415826e-08 0.001
8112 2.4188712343123344e-06 9.0844770187501435e-07 2.692983297160818e-07 0.001
8113 1.3064846002170424e-06 2.4628070415391703e-06 1.4698206063763962e-07 0.001
8114 2.1330273582070607e-06 1.1450062223714006e-06 4.1002569811618491e-08 0.001
8115 2.433297732740255e-06 1.8569831907636389e-06 1.4851253768825578e-08 0.001
8116 2.4450570012822397e-06 2.6045813401762948e-06 5.1158533540808886e-09 0.001
8117 1.5877877189823901e-06 1.0653550263564748e-06 6.5667888177238317e-09 0.001
8118 2.5309775688898682e-06 4.1459287121150486e-07 2.8848961674935374e-07 0.001
8119 1.301094675997643e-06 2.3538552360705725e-06 4.5764599717551323e-09 0.001
8120 2.1585873739760418e-06 2.1562269539667641e-06 2.102851062275577e-07 0.001
8121 1.5013589231431137e-06 6.5603695727762825e-07 4.1988396642788846e-09 0.001
8122 2.143145675375317e-06 2.3016747731191345e-06 4.9041199807371234e-08 0.001
8123 1.443661968593427e-06 1.0750257634167701e-06 1.1756578841343368e-08 0.001
8124 1.1905557873779089e-06 1.6531777116171381e-06 2.7536846633856619e-08 0.001
8125 6.4372739071810576e-07 5.3724463095170856e-07 3.3435482873163897e-09 0.001
8126 2.2517221649732755e-06 7.3013861649381397e-07 2.7663180384344734e-07 0.001
8127 2.3056903362051415e-06 1.096078696544426e-06 1.168835811084463e-07 0.001
8128 1.7466117434716674e-06 5.109363040878724e-07 2.2768792510515896e-08 0.001
8129 1.3799791453160324e-06 2.5856458922603333e-06 1.8183865247239562e-07 0.001
8130 1.633860754879576e-06 4.7860515457071473e-07 8.3341131973767572e-09 0.001
8131 8.5266846727915397e-07 1.1677837836371088e-06 3.2004586630105517e-09 0.001
8132 1.4884157851993899e-06 1.9895382934539343e-06 1.9791985814355141e-07 0.001
8133 2.1925330858463115e-06 1.8918441468658979e-06 1.1792940408606035e-07 0.001
8134 7.092045387920555e-07 1.0096771475637348e-06 1.0982721140484847e-08 0.001
8135 1.7446689867998271e-06 1.1296695478879012e-06 3.1472272039514249e-09 0.001
8136 7.0026670888117307e-07 2.3775188513567944e-06 3.7760885077310222e-08 0.001
8137 4.4622334889168366e-07 2.5326098781162626e-06 2.0605396847190772e-08 0.001
8138 8.9896104632408807e-07 1.2378066998728813e-06 3.9722116908702895e-08 0.001
8139 2.4285512181230559e-06 1.2550219291452997e-06 1.990614142443206e-07 0.001
8140 2.22022889940677e-06 1.8775546962584156e-06 7.1248309136244521e-09 0.001
8141 2.3022821744796154e-06 2.0814526340887024e-06 8.356078416240483e-08 0.001
8142 6.6737553394499414e-07 2.4518601054153432e-06 3.8593369884859725e-09 0.001
8143 2.2992278686998447e-06 7.2221069515937516e-07 8.4923054344508651e-08 0.001
8144 4.0458590830937643e-07 1.7093352998792432e-06 2.966348615395092e-08 0.001
8145 1.2432430057506119e-06 1.4722540565257272e-06 8.1757150532740446e-09 0.001
8146 1.7901452352997394e-06 1.6248342967873336e-06 2.1183570817609777e-07 0.001
8147 1.9561957278608348e-06 1.3438491440229706e-06 2.5507796376492057e-08 0.001
8148 1.3009153063138686e-06 3.8898944334966614e-07 1.6284207044031299e-08 0.001
8149 1.8136130657877935e-06 2.3281502477106992e-06 1.9300914842048053e-07 0.001
8150 1.689976313083739e-06 2.2292871729844916e-06 1.0338700259650685e-07 0.001
8151 7.4131271842522608e-07 8.0567399364929519e-07 2.9333420399901354e-08 0.001
8152 1.8949500021661633e-06 3.9097791152889295e-07 2.0590453108822069e-07 0.001
8153 9.0066030880891532e-07 2.2736806774555225e-06 3.6169856164081893e-09 0.001
8154 1.9040494314530014e-06 1.4218400604394167e-06 5.6236189042471759e-09 0.001
8155 1.1268773659428081e-06 2.1161637487778765e-06 1.1343558165539248e-07 0.001
8156 2.039669980477985e-06 4.7058159131756713e-07 1.4237746934673001e-07 0.001
8157 4.3117660917942329e-07 1.7268702781691253e-06 1.4932980770431909e-08 0.001
8158 5.8264986293006629e-07 6.0307852630316709e-07 6.8355915817380264e-09 0.001
8159 7.5521220821015598e-07 8.2130317854609735e-07 2.5787869692157678e-08 0.001
8160 1.9297876050459841e-06 1.1217221156439628e-06 2.2722181953262639e-07 0.001
8161 5.9731824534674839e-07 2.1716087572979066e-06 2.1951357960822768e-08 0.001
8162 1.1379223744632158e-06 1.299093420851363e-06 2.2820786956094892e-08 0.001
8163 1.8296055685824634e-06 8.9229393820690807e-07 6.5012418686249475e-09 0.001
8164 4.0508223033579903e-07 1.8877610899139296e-06 1.3352280430740643e-08 0.001
8165 1.2950733038066984e-06 1.7543307830557562e-06 1.6520915191889668e-08 0.001
8166 2.3862738865219509e-06 2.5203019050993204e-06 5.2026574197661842e-09 0.001
8167 1.0420494722151523e-06 1.198982112558823e-06 1.3986801889123259e-07 0.001
8168 2.2350772687725522e-06 2.3469794878398259e-06 1.441814708539616e-08 0.001
8169 5.7211540655800559e-07 7.2934594657817809e-07 6.8476257767496093e-08 0.001
8170 8.5827786687982008e-07 1.4994734129629432e-06 2.1452954585493131e-07 0.001
8171 1.064012115191373e-06 5.2952621858890315e-07 4.781284364842361e-09 0.001
8172 2.0207719977032006e-06 2.0913399316531618e-06 4.3831154275944236e-08 0.001
8173 1.5766149083026035e-06 1.0580528917504811e-06 7.8064257900611145e-09 0.001
8174 9.2015252084716797e-07 4.0008075435888829e-07 2.0522467057740145e-08 0.001
8175 1.9700795482934744e-06 1.3452806410364371e-06 1.1781808861180186e-07 0.001
8176 1.3149518001303219e-06 1.8753426651463685e-06 1.8886800508454553e-08 0.001
8177 7.9014579384923741e-07 2.0350285553234543e-06 2.3673317308992118e-07 0.001
8178 1.0602575791451567e-06 2.200723322477024e-06 3.362006559160269e-09 0.001
8179 1.6851856400889615e-06 1.5450692909198052e-06 2.1890904455123025e-08 0.001
8180 1.5082610642992799e-06 7.9096797549671294e-07 9.2198105319663699e-09 0.001
8181 4.1398325430567376e-07 7.8508390629673001e-07 6.4099764667465287e-08 0.001
8182 5.7947918988895358e-07 4.9854132508881167e-07 1.8654411116276498e-09 0.001
8183 2.31599494074204e-06 2.0924232211942648e-06 1.1846223792293975e-08 0.001
8184 1.0683548856650364e-06 1.5637148832506646e-06 1.824140285305848e-07 0.001
8185 1.2357781172950862e-06 1.1741953192791524e-06 2.2737844455487026e-08 0.001
8186 1.0733149543205505e-06 1.5739937838016732e-06 4.7937032711497132e-08 0.001
8187 6.452252888922298e-07 2.4812001905507062e-06 1.9712540013020476e-08 0.001
8188 1.9884070934891934e-06 1.8349825978836215e-06 1.4581668214063648e-07 0.001
8189 1.5194382977668076e-06 1.4725712599003112e-06 5.734018635161443e-08 0.001
8190 5.0147407717412549e-07 2.2262335938366027e-06 1.389617088897283e-07 0.001
8191 1.1822439422342459e-06 2.5698201886465321e-06 1.7969353087037208e-07 0.001
8192 2.5774312426331069e-06 2.2135958672623513e-06 1.4143758247907798e-08 0.001
8193 1.6456154064468808e-06 1.3891696242766608e-06 3.4175170582366566e-09 0.001
8194 1.2495949572182974e-06 2.5481113634131776e-06 1.4380953452308312e-07 0.001
8195 9.7532289045863576e-07 2.3197963815796802e-06 3.1630755262313681e-08 0.001
8196 2.0255834762803505e-06 1.828200375703019e-06 6.2007226084543688e-08 0.001
8197 1.5783150675925651e-06 7.1461753341296146e-07 5.6243880442709107e-09 0.001
8198 1.4035691595175577e-06 1.3485259742809391e-06 8.8099602467698559e-08 0.001
8199 1.8451410914700715e-06 1.5606203994358253e-06 5.3496246915289031e-09 0.001
8200 5.6530330505629459e-07 1.8808099569729079e-06 3.9665147419312618e-08 0.001
8201 2.4887879395903195e-06 1.8633522231312817e-06 5.1933178519613786e-09 0.001
8202 5.3194245694005061e-07 8.5484948098451643e-07 3.1219799825237069e-09 0.001
8203 1.4853070975714504e-06 2.2749726092114943e-06 5.8702606133830818e-09 0.001
8204 1.5533447697304252e-06 5.4337110610596474e-07 1.5349000217523472e-07 0.001
8205 1.270322280007455e-06 1.1885373891183408e-06 1.2529615796124372e-07 0.001
8206 1.7373498031922589e-06 9.8091390239412637e-07 7.1428565770955499e-08 0.001
8207 1.4522236481441051e-06 2.0628553811799369e-06 4.2328893433887006e-08 0.001
8208 7.5961192610567356e-07 1.5894721745749576e-06 6.3657549096884598e-09 0.001
8209 1.3881679316400756e-06 9.6250942808522972e-07 6.3326629120130381e-08 0.001
8210 1.9149775616229831e-06 2.1094201979418544e-06 8.5069501351287777e-09 0.001
8211 5.4158814080071189e-07 1.1738030875484568e-06 1.1311254188589733e-08 0.001
8212 2.0766069102993224e-06 1.7224066981329846e-06 9.5001776994481641e-09 0.001
8213 8.8554919455288411e-07 2.2426767904662709e-06 4.2707177516299563e-08 0.001
8214 5.7508359317350252e-07 3.9330257116119568e-07 1.4654766152694389e-08 0.001
8215 1.5899076097972712e-06 2.1496389899639443e-06 6.4551298059482133e-09 0.001
8216 1.679247833718503e-06 7.3869510411769273e-07 1.0007178567477765e-07 0.001
8217 1.5750237522599882e-06 1.1023099736797491e-06 3.4860591515771766e-09 0.001
8218 1.9512803933738157e-06 2.2941542221459736e-06 2.807233000501841e-08 0.001
8219 5.5107557457820694e-07 9.5856243782261302e-07 4.2500362526856399e-08 0.001
8220 2.4908235752424136e-06 2.1251952052767264e-06 1.4219826354036679e-08 0.001
8221 1.8541441865778975e-06 1.8282826975774126e-06 2.8547935664492764e-07 0.001
8222 5.7944636559881149e-07 8.0969050563338712e-07 4.6922679279742917e-08 0.001
8223 1.819540946286633e-06 2.4742230679311652e-06 2.3896948279716103e-07 0.001
8224 1.0948420947522416e-06 4.2171569675379092e-07 2.5989876966243918e-09 0.001
8225 6.8234907151714171e-07 7.6099523655549742e-07 3.6619904338216817e-08 0.001
8226 5.1274805745814024e-07 1.7249079213536346e-06 1.5716005505877914e-07 0.001
8227 1.1649258012818887e-06 5.4873388336739664e-07 4.5628320108918735e-08 0.001
8228 7.3668395645163914e-07 2.4388949989523034e-06 4.0813244774816427e-09 0.001
8229 1.2734752135688073e-06 3.9572832908648988e-07 1.3559676508715256e-07 0.001
8230 1.1415741174789309e-06 1.278540198379633e-06 1.8300524483123038e-07 0.001
8231 2.4442260912443657e-06 2.3707171937380088e-06 7.8008761988408438e-09 0.001
8232 7.3896605591305074e-07 9.2137654136929388e-07 9.5157287068492525e-09 0.001
8233 1.1020102296586885e-06 4.6889870921151106e-07 1.1929141830852023e-08 0.001
8234 1.4154740832627269e-06 1.8723780715346119e-06 2.3075909759614556e-08 0.001
8235 2.2710647979171023e-06 2.118871908248231e-06 8.9753314746278882e-09 0.001
8236 1.6962659009670454e-06 2.4499441802534575e-06 2.3274835292450263e-08 0.001
8237 1.3983534434387557e-06 6.2832380115705476e-07 2.6236861508238252e-09 0.001
8238 2.2659758255887979e-06 2.5685067558580733e-06 2.4286922917895015e-08 0.001
8239 2.4951252762039535e-06 1.5110564129667069e-06 1.8091635445959254e-08 0.001
8240 1.4016935276463274e-06 9.0034530004144403e-07 1.5536661066777495e-07 0.001
8241 5.2604343009408854e-07 1.7441886517929948e-06 2.4424949039728001e-08 0.001
8242 1.6540377010434342e-06 2.0068237843114145e-06 2.0937381387509189e-08 0.001
8243 7.719110062637006e-07 2.0161629389067008e-06 7.1362274905497104e-09 0.001
8244 3.870684218355398e-07 4.8651921974745561e-07 5.1895302133242398e-09 0.001
8245 1.6576372362087913e-06 2.5119688012628509e-06 6.5585320143866638e-08 0.001
8246 2.1182954554491848e-06 1.5960628835224277e-06 1.3404680819396451e-07 0.001
8247 2.2478407737317614e-06 2.4575185989621131e-06 8.9133561077929723e-09 0.001
8248 2.0825200005915446e-06 3.8511048124951328e-07 1.4113544841355596e-07 0.001
8249 2.0861413146479006e-06 1.0210045053379248e-06 1.6256830154419382e-07 0.001
8250 2.4906676659096444e-06 1.3266439672323319e-06 7.4231590862026563e-09 0.001
8251 9.0568242879064614e-07 1.7975409901469365e-06 1.0826748742703979e-08 0.001
8252 7.0843116522408886e-07 8.3828116226372989e-07 1.6457225663352276e-08 0.001
8253 9.0668759579154809e-07 1.1621428759749032e-06 3.7794269648161894e-09 0.001
8254 1.4732041016007021e-06 1.8435841796060503e-06 7.0616875145859629e-08 0.001
8255 2.1857094193533005e-06 1.3586771070277963e-06 3.3633308634613034e-07 0.001
8256 1.0514967998340576e-06 8.8319975647243309e-07 2.3424822666514443e-08 0.001
8257 1.0423368735530871e-06 1.7404450143776847e-06 5.7870161427339653e-08 0.001
8258 8.9843535316472374e-07 1.7870406568006209e-06 1.9586968779522074e-08 0.001
8259 2.5756917975422472e-06 1.1847831514253656e-06 4.9489769870520396e-09 0.001
8260 1.9017219490909053e-06 5.8449711834105136e-07 2.4172060346581446e-08 0.001
8261 8.6966077695007316e-07 1.6139544424483369e-06 9.4648182976223061e-08 0.001
8262 6.3837445266274057e-07 1.2801920428576689e-06 3.9370806871706282e-08 0.001
8263 2.0261310801176385e-06 1.3241767969217364e-06 6.9035653584434544e-08 0.001
8264 1.2703995423458664e-06 1.9616163998152479e-06 1.4566616190075424e-07 0.001
8265 2.0440604523676535e-06 8.3254993781471913e-07 1.6536229350730323e-07 0.001
8266 1.4365001611682311e-06 1.6580818706925218e-06 2.9855268281627177e-08 0.001
8267 4.5695727018810911e-07 4.4968776128911429e-07 6.2728808207912426e-08 0.001
8268 1.4544554387126121e-06 3.7579274001194628e-07 1.100196524259158e-08 0.001
8269 1.8568639336850295e-06 7.503330748495795e-07 1.3879657493902887e-08 0.001
8270 6.5796905504441118e-07 8.7525938802173981e-07 1.0025638257016532e-07 0.001
8271 2.4091205941003297e-06 2.0354283446678397e-06 4.0800137699988482e-07 0.001
8272 1.3439420412282304e-06 8.1874669350245059e-07 1.8839588913356027e-08 0.001
8273 8.171788976385489e-07 1.901988233504857e-06 9.6472378561703662e-09 0.001
8274 1.5524107089516649e-06 4.6491331641704748e-07 4.0730193453975975e-09 0.001
8275 6.5649304004205766e-07 2.2311054101591461e-06 7.0417332371129565e-08 0.001
8276 1.4454492225190897e-06 1.5814896928103392e-06 9.7540617675934003e-09 0.001
8277 7.367165497529175e-07 1.109550993534731e-06 1.3168073479000721e-08 0.001
8278 1.7386510558899582e-06 1.1264801142852477e-06 1.7777250560785767e-08 0.001
8279 4.703770611436311e-07 2.1056917948555597e-06 9.1882813264131074e-09 0.001
8280 7.3684690313287138e-07 6.2947975115532985e-07 3.858654690753943e-09 0.001
8281 7.6185971116278145e-07 2.2438829930988067e-06 2.3692297720336988e-08 0.001
8282 2.0050947574582491e-06 2.0329202650158816e-06 2.5611274960995925e-08 0.001
8283 2.124799769051696e-06 2.122803868625158e-06 2.3319675647925854e-08 0.001
8284 2.2472145817789651e-06 2.3340153977051201e-06 8.7054953016873706e-09 0.001
8285 1.8936700506468735e-06 1.5192840476120301e-06 1.2662733826849805e-08 0.001
8286 1.5095348025396914e-06 4.6029746869748191e-07 7.7262963945471774e-08 0.001
8287 8.5371420344380782e-07 3.7877783443591326e-07 6.0220101793287764e-09 0.001
8288 1.8438705136981783e-06 2.5172921174593812e-06 4.0742355535427371e-07 0.001
8289 2.1227525509472927e-06 2.2481830158647192e-06 5.4632012403723873e-09 0.001
8290 1.3186612535048606e-06 2.0745320084049904e-06 4.9292328751221696e-08 0.001
8291 1.9810005924552101e-06 2.1591349570049355e-06 4.1021107837135223e-07 0.001
8292 1.542253581051706e-06 1.8121491190794201e-06 3.4649115311010185e-09 0.001
8293 2.3221337214581652e-06 2.4246073189497282e-06 4.0426641356891298e-07 0.001
8294 1.714769450940503e-06 1.3853356361138848e-06 1.305407270095978e-08 0.001
8295 1.2792002259680416e-06 2.1413241670440536e-06 3.4386701041319257e-09 0.001
8296 8.5479382613724517e-07 7.190924431710649e-07 3.7007206933584761e-09 0.001
8297 1.794130418729658e-06 6.418809689080074e-07 7.7075616910667169e-09 0.001
8298 1.7599640535333936e-06 7.7956732424872494e-07 6.6298483949042416e-09 0.001
8299 9.3782663525174878e-07 1.8594993363545418e-06 1.4114069343271359e-07 0.001
8300 2.5069560611117326e-06 1.8231869555621976e-06 6.8032649672466925e-09 0.001
8301 2.2223390338495524e-06 8.9617373087897794e-07 4.29681778817697e-08 0.001
8302 4.0961215500733425e-07 2.2504132818297174e-06 1.0917599756564776e-08 0.001
8303 1.000616061502135e-06 2.0414909158893325e-06 1.4686493148730216e-07 0.001
8304 2.0255181756759855e-06 4.3255435301667766e-07 5.8883878071253147e-08 0.001
8305 1.0247836795861427e-06 1.7039243199987932e-06 4.0115098359061922e-08 0.001
8306 2.5321856132363166e-06 7.2646086567524754e-07 3.3176549247249847e-09 0.001
8307 5.1527919366015533e-07 2.3050613843873116e-06 1.3233254941805645e-07 0.001
8308 1.1008982199419615e-06 1.4225629197869904e-06 1.1793066116326383e-08 0.001
8309 1.2971908386614413e-06 1.0063510228771113e-06 1.6812660169250478e-08 0.001
8310 2.3549473604997968e-06 4.5073263367364068e-07 6.2798437960064731e-08 0.001
8311 1.8466048575043981e-06 1.2921564368115842e-06 6.1599298262845418e-09 0.001
8312 7.3620981179862242e-07 5.4689422145137317e-07 3.1336994628730662e-08 0.001
8313 1.1557445344111758e-06 1.5686155549985974e-06 2.4626683832586349e-07 0.001
8314 6.3714273588479507e-07 1.6945515407220206e-06 1.0804033201266319e-07 0.001
8315 2.4394559524796718e-06 1.6653147178473386e-06 3.4490505497001577e-08 0.001
8316 1.0225991161328837e-06 2.5176322876553377e-06 6.1485936218414452e-08 0.001
8317 9.409745284855934e-07 9.6302695732030359e-07 1.3549065655977006e-07 0.001
8318 1.4524062590478065e-06 4.4390245591482148e-07 7.1865740172990101e-09 0.001
8319 6.2277451711858735e-07 2.4269566552828148e-06 9.667371320684313e-08 0.001
8320 1.4375669395959311e-06 1.5362096805834831e-06 7.0997973895784438e-08 0.001
8321 5.903236728324466e-07 2.0119602182658191e-06 1.4083074470929027e-08 0.001
8322 1.1786521045886089e-06 2.1897898204048509e-06 1.0117955930051702e-08 0.001
8323 5.4548693747525754e-07 1.3677019758240001e-06 2.1269751324847622e-08 0.001
8324 1.9089494098455342e-06 1.9930975712365625e-06 2.341337657211641e-08 0.001
8325 2.5292757223117211e-06 1.9454661500207058e-06 5.3823690462726906e-08 0.001
8326 2.558742002778532e-06 1.9490334459151894e-06 1.62500098672261e-08 0.001
8327 6.5324364087353985e-07 1.6143185647635934e-06 1.6778495926055095e-08 0.001
8328 2.4987841058314831e-06 2.3776154574201431e-06 3.2096679756391051e-07 0.001
8329 2.0128604168216535e-06 1.2380947917145933e-06 4.7039111719736403e-09 0.001
8330 2.3276863259197965e-06 1.6427843710750841e-06 1.2824193534405329e-07 0.001
8331 6.6931186935911884e-07 2.2235450945779931e-06 8.1725939408749738e-09 0.001
8332 2.0465042363546929e-06 1.8058573655114285e-06 2.3441271487431719e-07 0.001
8333 2.4518202561179305e-06 2.2124014017734216e-06 5.2520081951739692e-09 0.001
8334 2.1899978252180198e-06 8.0604850678243819e-07 2.7185154019792128e-07 0.001
8335 2.5682670659590123e-06 6.6619578996318503e-07 6.5082542061044057e-08 0.001
8336 5.4056169452660824e-07 9.6004566345978607e-07 5.2427604005913886e-09 0.001
8337 1.5050177645118146e-06 8.2791726558928886e-07 5.9642259565355991e-08 0.001
8338 9.4257031216481437e-07 2.4660328519976071e-06 1.2684655414219677e-08 0.001
8339 1.5049727805533765e-06 2.1559043736371378e-06 1.9912992862160459e-07 0.001
8340 1.2206912677259665e-06 6.9519708002616509e-07 1.7955355320688111e-08 0.001
8341 1.7923106921844256e-06 2.1929570574326458e-06 4.0712316422634367e-09 0.001
8342 2.1273929990327262e-06 2.054386995047575e-06 6.2137713721083608e-09 0.001
8343 1.7137823237339218e-06 6.7936200186089879e-07 1.4652767896278383e-08 0.001
8344 1.3441782459648404e-06 2.0399046676141233e-06 1.8500602289452787e-07 0.001
8345 2.1264568993030874e-06 2.1153932545909228e-06 4.1533272857077955e-07 0.001
8346 5.4378579628223627e-07 1.8100124848664901e-06 1.2665872093956549e-07 0.001
8347 3.8178757405770822e-07 1.374493252948164e-06 1.2710405321704849e-07 0.001
8348 1.0821611781653306e-06 2.0584240804907969e-06 2.1116953066320262e-07 0.001
8349 1.6769184800038609e-06 9.0537005221779413e-07 1.3755883315235804e-07 0.001
8350 1.0175393694528661e-06 6.3583759065352329e-07 1.1378526667220859e-08 0.001
8351 1.0572256592151508e-06 9.6504445133013286e-07 2.0044800558053421e-07 0.001
8352 8.3153893118854337e-07 1.0894308309893831e-06 8.8081187428655416e-09 0.001
8353 1.9746275828915022e-06 1.9357952657722648e-06 8.6979271021997341e-09 0.001
8354 9.8473962464968044e-07 1.0954328831656492e-06 6.7725136907966017e-09 0.001
8355 4.220543824642737e-07 5.2632330703876118e-07 1.1428567312874909e-09 0.001
8356 2.2742415918943185e-06 2.4927417528811113e-06 3.0563107606192031e-08 0.001
8357 2.0574963515460671e-06 8.4735487152220027e-07 2.7767597372152606e-08 0.001
8358 1.2742000107139622e-06 3.8794654154490188e-07 4.2013590612643919e-09 0.001
8359 1.1793351951391908e-06 2.1013441520271717e-06 5.2167726455085755e-09 0.001
8360 2.430125871080708e-06 7.2474076837091011e-07 1.6825543604746523e-08 0.001
8361 1.1936257259325694e-06 2.228985196658778e-06 3.3679006524689413e-08 0.001
8362 1.9087644343892686e-06 2.5397570682570571e-06 9.1016001876870999e-09 0.001
8363 1.0957078907437703e-06 2.1254203362157597e-06 1.3817174169838326e-07 0.001
8364 1.3971998341469977e-06 7.7815201695516901e-07 1.8041955475524769e-08 0.001
8365 1.0340404917489336e-06 2.1999941467789449e-06 3.6082740771921962e-09 0.001
8366 2.3716933556365887e-06 4.369053442093334e-07 8.2141599731276975e-09 0.001
8367 2.0295141535231748e-06 1.3022679039171837e-06 1.6698492403137972e-08 0.001
8368 4.2669754406838517e-07 1.0863089085915413e-06 1.8446050030395808e-08 0.001
8369 2.1902647235033553e-06 1.5074628440578008e-06 5.4397598440216115e-09 0.001
8370 2.2992175198570505e-06 1.3022034789210786e-06 1.2955038419162088e-07 0.001
8371 2.5617499499535577e-06 5.0290903104980027e-07 3.9003928015187479e-08 0.001
8372 1.3974215810721799e-06 1.7112963761074057e-06 1.6202420250438096e-08 0.001
8373 1.8621866335234262e-06 1.960589715968586e-06 5.6589310909119022e-09 0.001
8374 7.6456601296471198e-07 1.3142273840525585e-06 3.9944618319276743e-08 0.001
8375 1.6541511397900595e-06 1.7545344847544644e-06 1.5783663801029965e-08 0.001
8376 2.3367994910619877e-06 1.911934108600512e-06 3.4410417139631289e-08 0.001
8377 1.9230257823319765e-06 8.5206521578013851e-07 2.6476360068332024e-08 0.001
8378 1.7214615887888822e-06 3.9998723449685835e-07 1.1970179605026571e-07 0.001
8379 2.3958561889459242e-06 1.5400468143604276e-06 4.4763317616696173e-09 0.001
8380 9.0559471286192214e-07 4.1377915096459003e-07 9.7974112427229972e-09 0.001
8381 2.5471276527305249e-06 1.6781940061876438e-06 6.8834352695008012e-09 0.001
8382 1.0152182306424299e-06 4.9403768134435823e-07 5.4828608748475405e-08 0.001
8383 7.4494637535609449e-07 5.7414297790033724e-07 2.11275990750022e-08 0.001
8384 2.6069790256231878e-06 6.2384870312488423e-07 1.8305280600218168e-08 0.001
8385 1.1511446145515382e-06 5.7030542257994953e-07 3.5962863634169295e-08 0.001
8386 9.9166865391940119e-07 1.9033804385300915e-06 2.032987417133133e-08 0.001
8387 5.4711466097862952e-07 1.5468552545521324e-06 1.4995647051327246e-07 0.001
8388 2.5715518292816018e-06 2.5250937724080306e-06 4.8435118567235764e-08 0.001
8389 6.487021395290814e-07 2.2035680341732185e-06 2.0091233769751232e-08 0.001
8390 8.6513413506769247e-07 7.7532385550590614e-07 5.6360832573225031e-08 0.001
8391 1.2924383343929386e-06 2.0443606336525204e-06 1.1341833326239034e-07 0.001
8392 2.5234556657448376e-06 5.5033482158669149e-07 1.6580747751098823e-08 0.001
8393 7.5585656390417942e-07 1.6604304929858912e-06 7.8669698074884186e-09 0.001
8394 2.4250463653771465e-06 7.2458125845936821e-07 1.2325650676189868e-08 0.001
8395 9.1410485254238514e-07 2.3164531904500121e-06 9.6589789747495732e-08 0.001
8396 1.1489196409540486e-06 5.7697483545294147e-07 4.1453777487212174e-09 0.001
8397 5.0507358303601439e-07 7.6370049952165424e-07 1.8476072454198832e-08 0.001
8398 2.3898431853211964e-06 2.4085497328645541e-06 3.9517604830305307e-08 0.001
8399 5.008606617271318e-07 1.4111261369094018e-06 2.8493321615810666e-09 0.001
8400 1.7842173947186689e-06 8.4161459785917541e-07 4.425575035253223e-09 0.001
8401 1.5164731275870784e-06 5.0380985783413848e-07 7.2413694184069277e-08 0.001
8402 1.8208854396465989e-06 2.2914740256784591e-06 2.005882513470513e-08 0.001
8403 1.581385414934962e-06 1.6446992674725615e-06 2.5421308479655716e-07 0.001
8404 2.2449346299780203e-06 5.9466689246638107e-07 2.2633962588372529e-07 0.001
8405 2.4025963363420615e-06 2.6213171169990606e-06 1.1701629775795139e-08 0.001
8406 1.0860901206129349e-06 3.7567542275579358e-07 8.2144771952293588e-08 0.001
8407 7.8824092177345419e-07 1.7437686108674111e-06 3.741247918233647e-08 0.001
8408 6.1772686962822759e-07 3.9071284417047266e-07 2.3145545779755709e-08 0.001
8409 8.5939507303586973e-07 1.8207302498771428e-06 8.3214478169183099e-08 0.001
8410 2.0149203425639887e-06 2.4522961036758232e-06 5.0056079940916283e-08 0.001
8411 2.240498493767557e-06 1.0079762418740042e-06 1.9124960815560579e-08 0.001
8412 1.2632775096486285e-06 8.6185067080406048e-07 1.4321883479073714e-08 0.001
8413 6.2762691762601394e-07 2.5174846290827323e-06 6.6122453884987412e-08 0.001
8414 1.3614814636881757e-06 1.7472238268267821e-06 6.1515603665907441e-08 0.001
8415 1.3754879879877892e-06 2.5503694705294428e-06 1.1607567886197908e-07 0.001
8416 8.0451102866580947e-07 7.4712361558914881e-07 1.2045649000558823e-07 0.001
8417 1.7292930892553461e-06 2.3089759442664997e-06 2.8091277537194011e-07 0.001
8418 1.0821426984154805e-06 4.9752954827313693e-07 2.6376253522688099e-09 0.001
8419 1.343257416007163e-06 7.2784667366935577e-07 1.3081086665452733e-08 0.001
8420 7.6868127325150111e-07 6.7725848655183416e-07 7.2019397353921926e-09 0.001
8421 4.0299860160839481e-07 1.2279542418149866e-06 2.3659959530954028e-09 0.001
8422 2.5314202225330767e-06 1.3235269885249616e-06 1.4323690575879968e-08 0.001
8423 2.0668937681596639e-06 2.5177981811272056e-06 3.4346843278725511e-08 0.001
8424 1.15998745298185e-06 5.9047070606007183e-07 1.7258113689400266e-08 0.001
8425 1.3942793873157085e-06 1.6909740504542348e-06 3.0328056301560407e-07 0.001
8426 9.1752283730182541e-07 1.1770999373679141e-06 3.2550322757708645e-09 0.001
8427 9.933373925302693e-07 2.4126755321197539e-06 8.4303500788541403e-08 0.001
8428 1.2662970479735501e-06 4.4140696220807467e-07 1.2846151860586879e-08 0.001
8429 2.2445465823162123e-06 1.9750899618446641e-06 4.5754525611586664e-09 0.001
8430 2.3592356744005795e-06 2.4833287202609357e-06 1.5281484399009298e-08 0.001
8431 5.9967154630648338e-07 2.0689807914088089e-06 1.3456169895218902e-07 0.001
8432 2.5869052677999484e-06 1.6998153074013888e-06 1.5406741941511644e-08 0.001
8433 2.3726020530399432e-06 5.0517160867181367e-07 2.7762183838044243e-08 0.001
8434 6.7552087080507118e-07 2.6101268190046026e-06 1.117080776848264e-07 0.001
8435 2.0931102423721206e-06 2.5655195534951191e-06 1.7709743556491394e-07 0.001
8436 7.0020513035094095e-07 4.2777467400949665e-07 3.3870365483463134e-09 0.001
8437 1.8910402950263992e-06 1.3585501067826212e-06 5.2930416206615777e-09 0.001
8438 1.7395418605860789e-06 1.7601610619052639e-06 2.4282729500727374e-08 0.001
8439 2.3195435859449572e-06 5.5790244081833489e-07 2.1157907754454139e-07 0.001
8440 2.5503278084407706e-06 2.3244390921285009e-06 1.602768013422007e-08 0.001
8441 1.5843200642175921e-06 2.3364861424790059e-06 2.6043933175828425e-07 0.001
8442 1.6140653140896247e-06 1.4237837673424606e-06 1.3366551505515355e-08 0.001
8443 1.9363262404842351e-06 1.8054830043933912e-06 1.39368271732458e-08 0.001
8444 7.0485414387534122e-07 1.4032916222790947e-06 1.4090683153737039e-08 0.001
8445 2.4951579867971801e-06 4.2488872563273591e-07 2.0665906323389493e-07 0.001
8446 2.5457087009342467e-06 1.2473175839466561e-06 2.6115866270052765e-07 0.001
8447 6.3218964818128262e-07 2.0029143950604461e-06 1.6752394038781307e-08 0.001
8448 7.7372132019294536e-07 1.1811214620532061e-06 1.2305944024183229e-08 0.001
8449 6.784286119717656e-07 2.3154795533843445e-06 5.1943666322936112e-09 0.001
8450 1.6177541708629368e-06 2.3207587276837688e-06 4.0956993383407735e-09 0.001
8451 2.4225784283574593e-06 1.6708010012972779e-06 8.0464983781507052e-08 0.001
8452 5.6136773466779028e-07 2.5991996574723754e-06 2.1820136447892993e-08 0.001
8453 6.8387204699551714e-07 1.6355828642296606e-06 9.5098361562332423e-08 0.001
8454 1.7771298586583862e-06 4.7831923144995759e-07 3.8353603054894509e-09 0.001
8455 2.4440587933914054e-06 9.4087372339795825e-07 2.639375197016216e-07 0.001
8456 7.5101722189196041e-07 1.9829943854909574e-06 1.6358213790301381e-07 0.001
8457 8.319673538581351e-07 2.5185929690587995e-06 5.2301948783246854e-09 0.001
8458 8.1372574849848117e-07 1.1193815849469159e-06 8.2131278025957165e-08 0.001
8459 5.0953377872270998e-07 1.7249818373137235e-06 7.0943620010105117e-08 0.001
8460 1.7434446409269696e-06 1.4215374025390969e-06 3.4605435738320582e-09 0.001
8461 7.3435259188667937e-07 2.2633397418101329e-06 4.400376187376154e-09 0.001
8462 9.5113035450903661e-07 1.9077074788446288e-06 1.8573366467118621e-08 0.001
8463 2.3027401550479396e-06 1.0863689074692095e-06 2.7627564041292652e-08 0.001
8464 1.0635238327852681e-06 1.1099275995833984e-06 2.5082452510125589e-09 0.001
8465 1.9372270779332191e-06 1.5074871158971664e-06 8.2660749039739677e-09 0.001
8466 1.2410518702514764e-06 2.4928315104452804e-06 1.355474372630381e-07 0.001
8467 1.6643315050755252e-06 1.8887325113026359e-06 2.3112855979977692e-07 0.001
8468 1.6125794615916245e-06 2.1297293148511198e-06 7.4255672610467365e-09 0.001
8469 1.3147511429263729e-06 7.9353534505070752e-07 1.0664544347811098e-08 0.001
8470 4.0286159857894138e-07 2.0807141179060954e-06 5.9945515296184147e-09 0.001
8471 2.2976425140018005e-06 1.0981693646884054e-06 2.4421369022532901e-07 0.001
8472 1.1057188219255684e-06 1.5377111004919061e-06 5.4365914204616365e-09 0.001
8473 1.7008966141590064e-06 9.2509887231779054e-07 1.5182877212052932e-07 0.001
8474 6.7257386429756266e-07 2.2107592921328506e-06 7.5408090454685828e-09 0.001
8475 8.6440527150297578e-07 1.0047769551570349e-06 1.4176840964431636e-08 0.001
8476 1.1669601942503815e-06 1.5694080310033366e-06 8.4486505310068929e-09 0.001
8477 5.3633027710790341e-07 1.9720349390796208e-06 6.6697542682624606e-08 0.001
8478 5.5767460909231291e-07 1.2039681114148804e-06 1.8251998569603223e-08 0.001
8479 5.6425307037182984e-07 1.2488959837500392e-06 8.5229296044572756e-08 0.001
8480 2.4489813609052816e-06 2.6119537581204675e-06 4.6880668762895269e-07 0.001
8481 9.8406523266014012e-07 1.9122877166663399e-06 3.9889233598948047e-08 0.001
8482 1.2481918568654287e-06 1.7842514456543581e-06 1.1892307362840925e-08 0.001
8483 1.1928739999878167e-06 9.0621584666216588e-07 2.8261419057492288e-09 0.001
8484 1.6506864218926206e-06 1.8579810246927997e-06 1.6995469510156885e-08 0.001
8485 9.1305518409457869e-07 1.9829326761114023e-06 6.3251458572397094e-08 0.001
8486 1.8178613471671356e-06 2.4083841685785157e-06 1.8240146139933416e-08 0.001
8487 4.2770888281717957e-07 7.3371059739987268e-07 4.2760838625775656e-08 0.001
8488 5.5866797266956664e-07 8.919764242250806e-07 4.6426637094560895e-08 0.001
8489 1.6325976228189965e-06 1.5000577216239601e-06 3.0901444825802287e-08 0.001
8490 1.3907542514264549e-06 1.1867581822465213e-06 3.8057365064372693e-08 0.001
8491 5.8707725229818537e-07 2.3760209917126116e-06 6.1159046867084849e-09 0.001
8492 1.2493276889549243e-06 2.3246387121565668e-06 3.0906853266403208e-07 0.001
8493 2.5244303745836796e-06 1.1343334384034014e-06 3.63378494283586e-07 0.001
8494 1.8228431736135294e-06 1.436225559353819e-06 1.1761673723115276e-08 0.001
8495 1.6058340497453425e-06 4.4701920888008563e-07 5.5761579369002174e-09 0.001
8496 4.3911651493278406e-07 2.158200908593598e-06 2.0870616061203099e-08 0.001
8497 1.1704853569800377e-06 2.4473697371166071e-06 1.7864009216056246e-07 0.001
8498 2.6212775686937375e-06 7.9537553928623333e-07 1.4439570493837682e-08 0.001
8499 1.955366729872847e-06 2.3864311373595404e-06 3.3184241947406532e-08 0.001
8500 9.9254939634435792e-07 3.8810245663077845e-07 9.1789941030201649e-08 0.001
8501 5.0187709245415602e-07 2.4875891562909335e-06 2.5653871649171485e-08 0.001
8502 7.5703022350765857e-07 9.5614396599069246e-07 2.5322667806027253e-09 0.001
8503 9.2358512385410691e-07 1.9477913179426938e-06 9.9183779797045658e-08 0.001
8504 2.302571798068061e-06 1.0562973812620822e-06 3.6371063496167182e-09 0.001
8505 8.7876834423156727e-07 5.1656347602559323e-07 1.4932273159829209e-09 0.001
8506 1.6679555802021277e-06 9.8991957310101482e-07 5.3125743873784251e-09 0.001
8507 9.6950484391011793e-07 9.7119608480814725e-07 7.2040699344667298e-08 0.001
8508 1.6494965319537865e-06 1.6249002781487666e-06 8.9588040499452336e-08 0.001
8509 2.5055889123808986e-06 9.085694060613442e-07 1.512020597420631e-07 0.001
8510 1.9880716618744091e-06 2.351046589393559e-06 6.9549111613054942e-09 0.001
8511 6.0722038915971075e-07 7.9168251096966485e-07 9.8241455542686722e-09 0.001
8512 1.5115746833917034e-06 1.7950071238366821e-06 5.7013439110062771e-09 0.001
8513 4.2783028106190736e-07 2.5439458175583031e-06 5.9800558525549558e-09 0.001
8514 1.7972038615549352e-06 2.2373531098909686e-06 1.2918815398852766e-07 0.001
8515 1.017489899893958e-06 2.3471368046447497e-06 3.812789708350638e-09 0.001
8516 2.373228188986052e-06 1.6059050199468349e-06 1.4078088293006372e-08 0.001
8517 7.9333851802445454e-07 2.4865581996073935e-06 5.0512871870151698e-08 0.001
8518 1.359114535844276e-06 6.5790969630147576e-07 1.2309046660979754e-08 0.001
8519 6.0292100581150335e-07 1.9464463188141869e-06 3.4231404244526198e-09 0.001
8520 2.3879954449009168e-06 1.5418199456556865e-06 2.2063037910994479e-08 0.001
8521 2.0453581008910736e-06 1.2002674413561326e-06 4.5045223466104194e-09 0.001
8522 6.9073177465168139e-07 1.8518881934316061e-06 1.7268939240332239e-08 0.001
8523 1.1407936436129262e-06 4.7880764431798566e-07 1.1993178451092009e-07 0.001
8524 2.3123683416857557e-06 2.2343589565034568e-06 4.9080764058490036e-09 0.001
8525 1.957835961559478e-06 1.4793286372865627e-06 6.0615311803225615e-08 0.001
8526 5.6531169000728159e-07 1.3054327615969666e-06 1.3049368072830538e-07 0.001
8527 1.8128372225682047e-06 1.3827108298734215e-06 1.9907221886594893e-08 0.001
8528 1.2113066083560668e-06 4.0468376562818636e-07 2.6128488795020516e-08 0.001
8529 1.1835309354287167e-06 2.4805718837520401e-06 8.4761966313024805e-09 0.001
8530 1.314456153947635e-06 1.6391250290157935e-06 1.5486656225100443e-08 0.001
8531 1.6243987897605647e-06 1.5044417217853376e-06 1.5156082503679343e-07 0.001
8532 2.2972619438487945e-06 1.3666241714080483e-06 1.470571608689861e-08 0.001
8533 2.0027987874894242e-06 9.280205644752596e-07 5.804749283866106e-08 0.001
8534 2.3838472911952103e-06 2.4696341398962391e-06 1.0831550894581568e-07 0.001
8535 1.1221692085318572e-06 1.5476921146179232e-06 2.4523828532244587e-08 0.001
8536 2.4060707877411307e-06 1.0538856803679358e-06 1.9965465870905499e-07 0.001
8537 1.1977371584291131e-06 2.0000090466946584e-06 1.3016878081557862e-07 0.001
8538 2.5140392984705472e-06 1.263598867690405e-06 9.3334389724620568e-08 0.001
8539 1.8887118446817656e-06 2.2216246561316329e-06 1.7801043507514401e-08 0.001
8540 2.552718221545635e-06 2.1519660566045846e-06 3.0196648958774635e-08 0.001
8541 2.5779806394536178e-06 6.4568131482092178e-07 7.6406965246316198e-08 0.001
8542 2.4547167661909657e-06 2.1108686136745681e-06 9.4451029456156758e-08 0.001
8543 9.3123843396634214e-07 1.3055724525650634e-06 4.7044630829861389e-08 0.001
8544 8.6068386061695093e-07 1.6036551047927044e-06 3.9023234825740465e-08 0.001
8545 8.0734526725307743e-07 1.6568191863203859e-06 3.0326274016750319e-08 0.001
8546 1.1372255867621464e-06 2.1735496748285583e-06 2.0350243778233214e-08 0.001
8547 2.3264462568166206e-06 1.7954006201750484e-06 7.0358044733581005e-09 0.001
8548 2.5884578972869933e-06 1.4791217239807558e-06 9.5998640932359287e-09 0.001
8549 1.7319763980778978e-06 1.2694442930552114e-06 4.1851674663354414e-08 0.001
8550 1.7727073096619712e-06 7.3683215707660879e-07 2.0378368117618849e-07 0.001
8551 1.5346424722266385e-06 1.7317375828564306e-06 2.931392965653698e-07 0.001
8552 6.9023879418250996e-07 1.0278129531950615e-06 1.6873845163009238e-07 0.001
8553 7.359865392802794e-07 5.7033343896118496e-07 4.6370964630984693e-09 0.001
8554 1.4899487332196261e-06 7.8665332969895647e-07 5.588554648054651e-08 0.001
8555 1.5596722988578756e-06 1.5371834708633632e-06 3.7986669339908153e-08 0.001
8556 6.6275138983144054e-07 1.6587249086335089e-06 7.8675192885548597e-08 0.001
8557 7.32526496630991e-07 1.5833457973181135e-06 8.183528285755203e-09 0.001
8558 2.0142979136779024e-06 1.7046503304590228e-06 2.2069328484249943e-08 0.001
8559 6.419534134847551e-07 1.0299300023094392e-06 4.9220551696572897e-08 0.001
8560 1.0708844934562128e-06 1.0053435398345729e-06 2.9422642445852398e-08 0.001
8561 8.4005865905014115e-07 2.2614170435233102e-06 2.217467694843874e-07 0.001
8562 4.3696936499041487e-07 4.7779211101063003e-07 1.4275726868101149e-09 0.001
8563 2.2971557355545735e-06 1.3327351322157706e-06 2.6003905723624464e-08 0.001
8564 1.3427007033869043e-06 3.8491726385414692e-07 1.1781377294675238e-07 0.001
8565 1.1000640373537736e-06 1.1227431748914297e-06 1.2122852772842426e-07 0.001
8566 2.3718492991055311e-06 7.4322649756208685e-07 4.6574894960232246e-09 0.001
8567 2.1713880145931526e-06 6.509594230909297e-07 1.6612458998321837e-08 0.001
8568 8.2401395005429954e-07 8.0901529664390175e-07 8.4749892728574959e-08 0.001
8569 1.8469605284610699e-06 2.5200718732238002e-06 2.759931451636763e-07 0.001
8570 2.1298061168861668e-06 6.642697820119112e-07 3.9717752996848775e-09 0.001
8571 2.5199338818892802e-06 1.4638009128458285e-06 1.4582847450186077e-08 0.001
8572 2.5062858202329525e-06 2.1171987974915057e-06 3.0569211881047426e-08 0.001
8573 1.3935470895950696e-06 1.4082110090702039e-06 6.4441089342037813e-08 0.001
8574 4.4635345507923454e-07 1.7475566140324153e-06 3.1876604458385492e-08 0.001
8575 2.2871579191721521e-06 1.7264842456688799e-06 5.148132100357734e-09 0.001
8576 1.345438390863836e-06 2.4312232345143539e-06 6.7672680298975781e-08 0.001
8577 1.7224294318713368e-06 1.5205240449540249e-06 1.3893480489326185e-08 0.001
8578 1.340155624988702e-06 2.3516561426491773e-06 1.2369268698100215e-08 0.001
8579 1.3665103731070298e-06 1.6388104299782984e-06 1.2322310496135547e-08 0.001
8580 6.8040759469194682e-07 1.1029327232953302e-06 4.0180358720659676e-08 0.001
8581 2.1312241529536079e-06 2.2345030900176483e-06 3.2167268515971111e-08 0.001
8582 6.0971263040347158e-07 4.9732353309977499e-07 4.7654359118740602e-09 0.001
8583 6.9722728125112085e-07 8.6765308970819953e-07 4.5809093425000902e-08 0.001
8584 2.0931414219289975e-06 4.3961759792693847e-07 5.3223249745987986e-09 0.001
8585 5.5026513994701609e-07 1.3472946781483421e-06 1.062426777560092e-07 0.001
8586 1.9441529451608692e-06 2.5479484214845994e-06 2.2024200479460283e-08 0.001
8587 9.4113632149227016e-07 8.1544913611287138e-07 1.4265520694376986e-08 0.001
8588 2.5295036281233823e-06 9.2210735030925471e-07 7.4184896973817493e-08 0.001
8589 1.5413828206854908e-06 1.0657696630809895e-06 2.3186740214439908e-07 0.001
8590 1.8746734367221731e-06 2.1825180832394938e-06 1.4788595317376192e-08 0.001
8591 1.1607133618149696e-06 7.3944271398320832e-07 1.1794752453388734e-07 0.001
8592 5.955443049193245e-07 2.5520305049159746e-06 7.2869345137814634e-09 0.001
8593 1.4200175631015519e-06 1.394103288976461e-06 5.6443316766379551e-09 0.001
8594 1.7201807230576566e-06 1.5087241364634263e-06 1.1779891976430489e-07 0.001
8595 2.6115772480657748e-06 1.1702275146522542e-06 1.6061048931483061e-07 0.001
8596 1.3161748936575302e-06 2.5566424945600086e-06 6.8891458568991125e-08 0.001
8597 1.1666049932285816e-06 5.1503427078777924e-07 1.1870441136740772e-08 0.001
8598 2.5061790919322532e-06 2.3217902691725572e-06 3.0229781773094721e-07 0.001
8599 1.8262133841280862e-06 1.1083001718010883e-06 7.6128675991639909e-09 0.001
8600 1.1942891022266815e-06 2.2273620320702296e-06 1.0181308919227337e-07 0.001
8601 2.1611878643040211e-06 1.6828143714358577e-06 3.7483502268311225e-08 0.001
8602 2.5461968148107968e-06 1.4411076685673229e-06 1.7675798253400982e-07 0.001
8603 2.0828225959397743e-06 8.5055463386275666e-07 2.1945452433701979e-08 0.001
8604 1.7725236630077069e-06 2.2683239137823194e-06 1.8378751671292125e-08 0.001
8605 4.5498801247896019e-07 9.3708125154252477e-07 1.9137556484070171e-08 0.001
8606 2.5059199174950342e-06 1.8892587842795508e-06 1.730437507746679e-07 0.001
8607 1.256583204897658e-06 8.50778051899692e-07 8.5518503645091075e-09 0.001
8608 1.5528644810762486e-06 7.5917033371403515e-07 9.1569464457960622e-09 0.001
8609 2.010432436418005e-06 8.3561661364602177e-07 5.5114084878597092e-09 0.001
8610 6.6865382616455294e-07 6.1856643430292005e-07 2.3899773828289237e-09 0.001
8611 1.0368054498562166e-06 2.4075440484780459e-06 6.609953365685346e-08 0.001
8612 1.8696430022150985e-06 5.9314449088744988e-07 1.1984731495887163e-07 0.001
8613 1.4258935537381613e-06 1.5493895014613425e-06 6.9633403962198e-08 0.001
8614 9.5858891119147087e-07 1.4090619553583152e-06 2.5927668700881845e-08 0.001
8615 1.6144056277748595e-06 1.8752735098556649e-06 4.5011508224024533e-09 0.001
8616 2.6247523044216679e-06 2.0683742500650741e-06 5.229841192802472e-08 0.001
8617 1.3389114977075631e-06 1.316608774780361e-06 8.9954804551731657e-08 0.001
8618 1.6517065399080044e-06 1.7692086996337412e-06 6.6089076692433455e-09 0.001
8619 1.9864390793985622e-06 2.5817840003267683e-06 1.7902880882890872e-08 0.001
8620 1.0386229890781222e-06 1.3283117008323426e-06 1.536405367861748e-08 0.001
8621 1.6595783928947975e-06 7.6750061869339713e-07 1.9404088497071081e-07 0.001
8622 9.7058648589085512e-07 2.3625100180908574e-06 1.1868754705301567e-07 0.001
8623 1.152884510420786e-06 1.5571740465391127e-06 3.220588041995192e-08 0.001
8624 9.2373658039107646e-07 1.819197004591056e-06 2.3075648913565027e-08 0.001
8625 1.8680185715221082e-06 1.0801031897769709e-06 1.9181675712385416e-07 0.001
8626 2.0303438578294193e-06 1.1540900575981068e-06 1.7364710495734297e-07 0.001
8627 4.0810591609655517e-07 2.2320636717084599e-06 3.7647623821367256e-08 0.001
8628 4.4754925418956026e-07 2.1136660039463774e-06 1.2775208086502001e-08 0.001
8629 1.0347823737269026e-06 1.9209780735278611e-06 1.458540973735395e-07 0.001
8630 5.1989009379017252e-07 8.1728604977566216e-07 9.753150593278565e-09 0.001
8631 1.7268305540151507e-06 1.5647410923542379e-06 2.7168858237499854e-08 0.001
8632 1.2766343219349838e-06 1.6186413548965267e-06 4.26307209487259e-09 0.001
8633 1.3963128366727407e-06 2.5008787293577836e-06 3.3390646767633897e-07 0.001
8634 1.0532800732244321e-06 2.5451396021461774e-06 2.5378752740038815e-08 0.001
8635 2.2666993896737792e-06 2.1120246391495932e-06 4.4636441974651168e-09 0.001
8636 6.2214210970236555e-07 1.5458396175317848e-06 6.8529076999854806e-08 0.001
8637 9.6420291547683053e-07 6.809505315369788e-07 8.5975237094530756e-08 0.001
8638 1.0840889573913542e-06 1.139949125435389e-06 7.4274524100896714e-08 0.001
8639 1.4460602507384209e-06 2.3209395215748243e-06 1.0574665919777385e-08 0.001
8640 7.5830094352475061e-07 2.1648582359149371e-06 3.9751757967641826e-09 0.001
8641 2.3416837907558615e-06 1.6641485274440912e-06 2.3573831342136856e-08 0.001
8642 1.6787655233211086e-06 1.2703660085589114e-06 3.5516120993004907e-09 0.001
8643 2.4540417765060629e-06 1.856902538910822e-06 1.9228043546499975e-08 0.001
8644 4.6568017151549209e-07 1.0790629137666953e-06 3.0893730542642246e-08 0.001
8645 5.5863026616917316e-07 2.322687484281008e-06 5.8744951375455879e-08 0.001
8646 2.1534194736654941e-06 2.5429329992064361e-06 2.5374329163057026e-07 0.001
8647 2.4375063460199772e-06 2.6228840576752784e-06 1.3829230881753845e-08 0.001
8648 1.5166435759340669e-06 6.9550717091884304e-07 1.4845097741040129e-07 0.001
8649 2.2262703519754015e-06 5.8330450722352853e-07 3.5860843999072025e-08 0.001
8650 1.0938935040498589e-06 1.7637674890136661e-06 1.2911103994822437e-08 0.001
8651 1.7621420431494223e-06 2.0304867413473029e-06 8.7261875797422642e-09 0.001
8652 4.8372038566787919e-07 1.8695351521378592e-06 1.8501229876690464e-08 0.001
8653 1.8868356081111331e-06 1.5996786287096398e-06 5.6223550915504063e-08 0.001
8654 2.3617114718507442e-06 1.9896854253812543e-06 9.2674765850632052e-09 0.001
8655 8.6904412126739922e-07 2.1186038485442813e-06 1.2740053094157459e-07 0.001
8656 9.0681708110178537e-07 2.1921940174388501e-06 1.6774093106143112e-07 0.001
8657 1.5530630296605659e-06 2.3517002000220946e-06 8.0004058912484697e-09 0.001
8658 1.7679123152297528e-06 1.9886771604972383e-06 9.9579213006095302e-08 0.001
8659 5.181959632902074e-07 4.1779585284020929e-07 1.2421421544304275e-08 0.001
8660 5.8325619505412309e-07 1.2092567662198191e-06 3.4521037325944509e-08 0.001
8661 2.6199869920093112e-06 7.7940621206365483e-07 5.3296716438996538e-09 0.001
8662 2.5523749657187431e-06 9.1683186200870688e-07 7.4771892842770887e-09 0.001
8663 2.1936534145490964e-06 1.5707369548550392e-06 1.7061430940731147e-08 0.001
8664 7.166273482841634e-07 1.2981870037568672e-06 1.0465760530741581e-08 0.001
8665 5.4913892440935643e-07 1.1902605033972807e-06 7.4384428139806104e-09 0.001
8666 2.1795896305212625e-06 1.7956236687384134e-06 6.1436991931871688e-09 0.001
8667 2.285505601148306e-06 2.1734742840352339e-06 2.3593052354484284e-07 0.001
8668 1.7398280916900955e-06 2.2330768780145063e-06 2.6013474805937709e-08 0.001
8669 1.224835179095425e-06 2.2286649378074245e-06 2.0075461823212856e-08 0.001
8670 5.8498170212546752e-07 1.7412678110306359e-06 3.9997382997304354e-08 0.001
8671 1.8460348521400831e-06 1.4017032244753895e-06 8.9595186595139962e-08 0.001
8672 1.6835363639170903e-06 4.2082289186781113e-07 1.1183667655210869e-08 0.001
8673 2.0739956494390601e-06 1.1985978263511773e-06 1.3174058495813534e-07 0.001
8674 1.4307729280798985e-06 8.0681351961272136e-07 2.307026555077104e-08 0.001
8675 1.0407500181825432e-06 2.55746610069661e-06 3.1276639439955509e-07 0.001
8676 1.3345105996104216e-06 7.4169238851545306e-07 2.6287393731739473e-08 0.001
8677 1.0789485387078075e-06 2.5267886537898569e-06 8.1978064397808893e-08 0.001
8678 5.7937909134968726e-07 2.3692339426095416e-06 3.0170344323037559e-09 0.001
8679 2.2555535254822437e-06 1.0079674274512452e-06 5.8614512581293295e-09 0.001
8680 4.0212953007285945e-07 1.5303155718281338e-06 3.9972672790912605e-08 0.001
8681 5.2868615715011032e-07 2.5861618782414754e-06 1.3498652522853662e-07 0.001
8682 9.6502841335392395e-07 1.7969776687083861e-06 1.8639657395604266e-07 0.001
8683 1.842747705444657e-06 1.236192092534747e-06 2.359935930102252e-08 0.001
8684 3.7875537054382673e-07 7.1739060273484588e-07 2.8118320170405414e-08 0.001
8685 2.5891978111183546e-06 1.4280469567194569e-06 1.235717913960302e-07 0.001
8686 1.42073679824695e-06 1.9189129146988433e-06 3.8357473449178578e-09 0.001
8687 1.4426026919276469e-06 2.5659258324983162e-06 5.3088704457871847e-09 0.001
8688 2.5905655367224502e-06 2.4164007793760486e-06 1.6081098726773683e-08 0.001
8689 1.7766087731397852e-06 1.3724888839531835e-06 6.4858630273042811e-08 0.001
8690 9.7838279558581199e-07 4.3380645795365534e-07 2.8477757206244066e-09 0.001
8691 1.959947652950635e-06 1.791064811213504e-06 9.9335393011685864e-09 0.001
8692 8.217800704711494e-07 1.9958772511389523e-06 1.9502460438618716e-08 0.001
8693 1.0479166623573275e-06 2.4607267793960182e-06 1.0306729960724714e-08 0.001
8694 2.4650428472853953e-06 5.4448773012671412e-07 4.6767644157453098e-09 0.001
8695 1.5990837689022674e-06 2.2872160445439341e-06 1.3950970424098614e-08 0.001
8696 9.1870894033268756e-07 1.5246194693161646e-06 3.6463437096529321e-08 0.001
8697 7.9878656994983836e-07 1.67471047680265e-06 8.8161745093421087e-09 0.001
8698 2.5505832573757924e-06 5.7857863357652318e-07 3.4038141753758082e-09 0.001
8699 7.8687755978769199e-07 2.3246732059289801e-06 4.3062189075509251e-08 0.001
8700 1.4767582891371065e-06 1.9702180389637369e-06 5.0122599488218125e-09 0.001
8701 2.5996209764321718e-06 1.1198355954886401e-06 7.3014166159288173e-08 0.001
8702 1.2177476523723869e-06 2.4959194159249675e-06 4.1097033183727838e-09 0.001
8703 1.1663286280144593e-06 2.573695441882446e-06 6.3735056485340667e-08 0.001
8704 9.0389870636124876e-07 2.0622864402377381e-06 1.3333465496226922e-07 0.001
8705 8.5380187207650168e-07 5.4329061783099449e-07 3.0914416859279318e-08 0.001
8706 9.8827516166357993e-07 9.3918998831315352e-07 4.5041523373582615e-09 0.001
8707 2.3491398146502696e-06 5.2377328847932297e-07 4.9782238315852384e-09 0.001
8708 4.1078267612687171e-07 8.1368390077085247e-07 5.5734604495767724e-08 0.001
8709 1.5993413436809887e-06 1.7179761011327694e-06 3.6414396683974829e-09 0.001
8710 1.8068976211006592e-06 2.6004178363967244e-06 1.7406891311136893e-08 0.001
8711 5.2256666959946617e-07 7.1096835344345132e-07 2.2222589114194869e-08 0.001
8712 5.6374467001313636e-07 1.1144928009174042e-06 4.1746483293104267e-09 0.001
8713 1.6204213022389905e-06 1.8246868142749063e-06 1.4900383372085427e-07 0.001
8714 2.2048261010375004e-06 1.1414850325094519e-06 2.8732885002910491e-08 0.001
8715 1.1113530435607461e-06 1.4592720153300559e-06 7.7453336686451779e-08 0.001
8716 4.6236179126270717e-07 5.316884890707896e-07 6.4206737877281711e-08 0.001
8717 1.4628919426193619e-06 1.2720697541012457e-06 2.5610962586357862e-07 0.001
8718 1.3322274764707765e-06 2.2738567210683064e-06 9.080010008580568e-08 0.001
8719 1.9810570306780077e-06 2.2278907359298493e-06 1.7837097983925415e-07 0.001
8720 1.5673751296999466e-06 9.2856436201164744e-07 1.9370407731378864e-07 0.001
8721 9.2174711458743674e-07 1.3042462770384911e-06 5.4851388640135327e-08 0.001
8722 7.0653879719037526e-07 1.8360075260305483e-06 2.4616060314718191e-08 0.001
8723 1.9444353480646586e-06 3.7560447749014932e-07 5.1692657528474065e-08 0.001
8724 1.2966827874188939e-06 2.5426969007090254e-06 4.0395436276892045e-09 0.001
8725 1.0893880844399706e-06 1.4763018813780944e-06 2.8151262364494684e-08 0.001
8726 2.1696833850080273e-06 2.0815353274279488e-06 6.5427759726383925e-08 0.001
8727 5.7100790159750963e-07 7.0998464006220139e-07 1.2911212513032135e-08 0.001
8728 4.1203120481218203e-07 2.0898715235826158e-06 2.5489810900865581e-08 0.001
8729 1.058253510106197e-06 1.8827769222334704e-06 4.1648002820072563e-09 0.001
8730 3.7951821302885759e-07 9.1907891147414741e-07 4.9671151501649243e-09 0.001
8731 1.0989579127779559e-06 1.733690201480317e-06 3.5276793365081674e-09 0.001
8732 6.8134849186236422e-07 1.2781756753092535e-06 4.5553554396084783e-09 0.001
8733 1.5987980968516799e-06 1.9687244336510087e-06 1.1534228916437377e-08 0.001
8734 2.5543670461755617e-06 1.0734053402063902e-06 8.3190042288529266e-08 0.001
8735 1.7023961113640192e-06 2.2330676711253422e-06 1.9818199935922971e-07 0.001
8736 1.0028900816358211e-06 1.5777247461283097e-06 4.1553502689763701e-08 0.001
8737 1.6571434807186471e-06 1.2544412510651231e-06 1.6045790586871696e-07 0.001
8738 7.3208647869101162e-07 1.1793353212100311e-06 1.7170813871483826e-08 0.001
8739 2.1756425924882377e-06 1.6932146377519429e-06 8.8521889345721918e-09 0.001
8740 2.4856449465123784e-06 2.5248017014053426e-06 2.3439998977016823e-08 0.001
8741 1.7146113295937972e-06 5.2832481803964042e-07 1.3471038833025317e-07 0.001
8742 1.4756110310339323e-06 9.2518471296344288e-07 5.6661341485896691e-08 0.001
8743 2.0689781951829233e-06 2.3362976244653377e-06 4.0073386123257688e-08 0.001
8744 1.9635945324655405e-06 5.9681901808497033e-07 1.1673218292929496e-07 0.001
8745 2.5572387243062432e-06 1.6473853446512361e-06 2.0395205372161515e-08 0.001
8746 2.0293467647125241e-06 2.1257286480802453e-06 1.9766424625980357e-07 0.001
8747 2.2664411004153448e-06 2.1840192366055456e-06 9.189138523209467e-08 0.001
8748 8.6347273874401042e-07 2.2311029751709143e-06 1.0175429137955111e-08 0.001
8749 6.0845577305309462e-07 1.2597358542692962e-06 1.4073674512258822e-07 0.001
8750 1.9836976791881873e-06 2.593882097351697e-06 8.3150090946081968e-09 0.001
8751 2.3143591469409749e-06 1.4289022782885818e-06 7.1118642173867027e-08 0.001
8752 2.0377114648101346e-06 6.3774549445841711e-07 1.2443258094679577e-07 0.001
8753 1.7698979628977643e-06 1.0587974355612451e-06 1.6497319221432725e-07 0.001
8754 2.0362396697480435e-06 1.5600761131587197e-06 6.0840709782003518e-09 0.001
8755 5.9200233555801748e-07 2.2429527352144845e-06 8.9969288253604552e-08 0.001
8756 2.6189066981500281e-06 1.8753496465239534e-06 3.6392501060665205e-08 0.001
8757 1.900380650626834e-06 1.8095817582576929e-06 2.7603337327549779e-08 0.001
8758 1.6899397628820696e-06 1.8607414045870104e-06 2.0347109456846925e-07 0.001
8759 1.3454236473706749e-06 1.5356372168459033e-06 8.8503938373665736e-08 0.001
8760 7.5666440177820499e-07 1.6573167624702005e-06 1.3302724486612925e-07 0.001
8761 1.9031910607254577e-06 7.015960715708295e-07 1.584917835790894e-08 0.001
8762 3.8371830563164553e-07 8.032720087176079e-07 2.8750865822591458e-08 0.001
8763 1.6814404081223721e-06 2.1953113102031351e-06 2.0179621742464822e-08 0.001
8764 4.5539221413670904e-07 8.6499785346953072e-07 4.8989341500254531e-08 0.001
8765 6.8506397596549123e-07 9.8917622639154303e-07 1.4191134818007634e-07 0.001
8766 9.5667053467414096e-07 1.4427069962916399e-06 2.8564229558170319e-09 0.001
8767 1.8848711402561263e-06 1.6256657843325573e-06 9.9868509577756327e-08 0.001
8768 2.322566458928474e-06 1.5104668854133521e-06 8.1376657685534034e-08 0.001
8769 2.4498545759526852e-06 8.2709346227281871e-07 9.42969683277682e-09 0.001
8770 8.0562380639260837e-07 1.8519469301850763e-06 1.8230906695433809e-08 0.001
8771 2.0768525005526141e-06 3.8599395031930825e-07 1.2309995346381568e-07 0.001
8772 2.432073414070437e-06 1.4693569586993981e-06 2.8405256182618887e-07 0.001
8773 2.2699663317061555e-06 1.1280790913367264e-06 4.0824335994412749e-08 0.001
8774 4.0939771925604036e-07 1.0814144289734869e-06 1.0827800457120471e-07 0.001
8775 2.2686206959168293e-06 1.5149614315039809e-06 1.4861959625066173e-07 0.001
8776 1.1380849768777342e-06 1.3957473872522651e-06 2.3027942530876898e-08 0.001
8777 1.4103201453980131e-06 1.9068053544159186e-06 1.8876438982000786e-08 0.001
8778 2.3940837182993678e-06 1.1505759172368084e-06 2.7486988556259529e-08 0.001
8779 2.4523087470201593e-06 5.7383804323477133e-07 7.1339404367952407e-09 0.001
8780 6.5222611696762371e-07 2.2661433958118906e-06 4.1156374700531957e-08 0.001
8781 1.0001183718504795e-06 6.2304251546674762e-07 9.4960821981243539e-09 0.001
8782 5.5475183797988526e-07 2.5255457342141476e-06 6.036864518383324e-08 0.001
8783 7.4604467811057306e-07 7.5923409510945612e-07 1.6320961952525801e-08 0.001
8784 2.5244822541475145e-06 4.2594251482489058e-07 8.6184244471738434e-09 0.001
8785 2.4399009667458638e-06 9.3092002115930588e-07 6.8620281538612848e-08 0.001
8786 1.5025809563595557e-06 2.1725561428119367e-06 1.0307592882976302e-08 0.001
8787 1.9231438884850541e-06 5.2157260349616082e-07 9.1602768839062548e-08 0.001
8788 4.2714782146955514e-07 1.1214796936309586e-06 2.5378480802954747e-09 0.001
8789 1.4236471909327638e-06 2.4974202704014556e-06 1.7574446593439785e-08 0.001
8790 6.6105664312582067e-07 6.5813455280232049e-07 5.9810003291864712e-08 0.001
8791 1.2969972301561835e-06 2.3026745434933921e-06 5.5169513442492087e-08 0.001
8792 2.6013690667418217e-06 7.7882250891231417e-07 5.8238004736275546e-09 0.001
8793 1.7610786142318017e-06 2.38803540482779e-06 3.2123882731335112e-07 0.001
8794 2.0083852023528091e-06 1.1525036040785567e-06 9.2150271750805692e-09 0.001
8795 1.9250555641078338e-06 1.4992948216556727e-06 1.6512331524235597e-07 0.001
8796 1.5404616887592611e-06 1.9510788164423465e-06 1.4471285633149517e-07 0.001
8797 3.8597694857275136e-07 9.3465048332680953e-07 4.6948751992005712e-09 0.001
8798 6.0401443397587238e-07 1.6692133063011346e-06 1.3713882232521681e-08 0.001
8799 1.8558563586461914e-06 2.4899592516765874e-06 3.6232778782750267e-08 0.001
8800 7.3514495847007373e-07 4.264909465326501e-07 2.3500136882156456e-09 0.001
8801 2.3715322606321379e-06 1.2623191040769263e-06 3.7529410900539505e-09 0.001
8802 2.5401778819329885e-06 1.3355488688523201e-06 6.2490234122545867e-09 0.001
8803 2.226649695746266e-06 1.4385900457562222e-06 2.5015716318984183e-07 0.001
8804 1.1532380933635709e-06 1.5185203756413029e-06 1.8656128602937434e-08 0.001
8805 2.2356945781090043e-06 1.1298294273104845e-06 1.5523731112774005e-07 0.001
8806 6.7450935641014533e-07 1.379206706615267e-06 3.9463478700533816e-08 0.001
8807 1.3834323524095574e-06 1.129519336510745e-06 5.4855777946046612e-09 0.001
8808 1.1463619509847749e-06 1.6259803126392665e-06 1.1225225843652804e-07 0.001
8809 1.4548773317143625e-06 1.086128240535842e-06 7.8607858081262421e-08 0.001
8810 6.9380659080918202e-07 1.4522540421189725e-06 1.3424001350921462e-07 0.001
8811 2.0098785161625782e-06 7.0013246928520798e-07 3.1283740111876398e-09 0.001
8812 1.611461991390371e-06 2.4134013477912748e-06 7.0628235970187019e-08 0.001
8813 9.1789515193684694e-07 1.4280490447089871e-06 8.0396855592039997e-08 0.001
8814 1.827621430328261e-06 2.1047590459942847e-06 5.4788933647581699e-09 0.001
8815 1.8855698334009889e-06 1.3253187057875109e-06 8.1803253863466286e-09 0.001
8816 1.2578093406326219e-06 4.3936806491951066e-07 1.3480270859205412e-08 0.001
8817 1.5295247793435023e-06 4.313721295186068e-07 5.687878483088732e-09 0.001
8818 2.2244787794254043e-06 1.7573521077696873e-06 2.3084511531765204e-07 0.001
8819 2.5441731296660012e-06 9.0284876506970026e-07 1.0006617132621538e-07 0.001
8820 1.0703111159077397e-06 1.6391606154050963e-06 5.1683312154422734e-09 0.001
8821 7.2024180666086044e-07 1.8206127004320972e-06 5.8137033356594457e-09 0.001
8822 1.1388970913542209e-06 1.8055117002190895e-06 3.4038008700678233e-08 0.001
8823 8.5975613976405806e-07 2.4926011207747178e-06 5.4345849464105813e-08 0.001
8824 6.2054266255002327e-07 2.0526241679207627e-06 5.2106384566813173e-09 0.001
8825 2.0987612232266099e-06 9.7285615040442054e-07 1.15445649138908e-08 0.001
8826 1.7179638068230262e-06 8.6220880996570995e-07 1.219464299429793e-07 0.001
8827 1.5305331292943251e-06 6.7936400655671515e-07 3.5573543975178247e-08 0.001
8828 1.4999751926099239e-06 2.5857961168115513e-06 2.5767145430026856e-08 0.001
8829 1.205154423275491e-06 1.8156048355173956e-06 5.1516360261341823e-08 0.001
8830 1.627022044239543e-06 1.4509999041433127e-06 1.9116232047874281e-08 0.001
8831 2.4113752073616634e-06 1.5986733284155572e-06 4.4390664772371912e-09 0.001
8832 4.5719244978674609e-07 4.1445743644505238e-07 1.1794640385554953e-09 0.001
8833 1.860865573182899e-06 4.4190798300411489e-07 2.3950638160677688e-08 0.001
8834 1.8947540852271764e-06 2.0738647057708944e-06 1.6931442888446465e-07 0.001
8835 1.2352383890416129e-06 7.5211336693602843e-07 1.7869970410182775e-07 0.001
8836 2.0046659586705918e-06 1.0635368062508079e-06 1.3398677586187756e-08 0.001
8837 2.3924396220182723e-06 1.2047724289514973e-06 5.6144354361412122e-09 0.001
8838 1.0913469699862954e-06 1.488996325533909e-06 5.261854926248878e-09 0.001
8839 6.7160376014355105e-07 9.7141372033038513e-07 8.3336349441264872e-09 0.001
8840 7.1804858343468259e-07 1.4168100387484183e-06 4.544250514633407e-09 0.001
8841 5.5807951244547782e-07 1.8495735563239296e-06 7.754997497376934e-08 0.001
8842 6.8797957495870306e-07 1.1837884165898864e-06 2.1913077727856077e-08 0.001
8843 1.823425245755864e-06 8.6608909994885489e-07 1.6877260371427246e-07 0.001
8844 1.1136830765819725e-06 1.3340002234903312e-06 4.3616737362839386e-08 0.001
8845 2.5461192480591826e-06 1.2724644023921444e-06 1.2012217578159611e-08 0.001
8846 1.6360345505882678e-06 2.1102414999295378e-06 2.5130649533461156e-07 0.001
8847 1.5365772573118994e-06 9.0977936735034931e-07 8.4383258102299152e-09 0.001
8848 7.8029976041546929e-07 1.6217163081484001e-06 2.6415891652607799e-08 0.001
8849 1.6897938675233143e-06 1.0493333051421388e-06 3.6637888721462031e-08 0.001
8850 8.595061653786536e-07 4.7460058312326269e-07 7.8009334440450946e-09 0.001
8851 5.1312124545413142e-07 2.6070160062719997e-06 2.8111965495896533e-08 0.001
8852 1.4732176889636435e-06 1.3465995439699151e-06 5.1098104091784307e-09 0.001
8853 1.572252310496896e-06 8.8392178843684228e-07 3.8443192853163691e-09 0.001
8854 1.5287520532337278e-06 8.7975589097366162e-07 4.0785053150446013e-09 0.001
8855 2.1077838371272261e-06 1.5260429877060522e-06 2.5687768562117471e-07 0.001
8856 2.415149513418006e-06 2.43099228961208e-06 4.6183085830358768e-08 0.001
8857 1.9984814219758987e-06 7.4227902386211744e-07 5.0525781531808959e-09 0.001
8858 9.6262459511236767e-07 9.7152337515516216e-07 4.8508272489226513e-09 0.001
8859 1.3350198704178242e-06 1.5650786130911618e-06 5.9378738679842667e-09 0.001
8860 1.654889969946345e-06 2.202772004664906e-06 4.4629157457482663e-08 0.001
8861 1.3985952231682383e-06 1.2961199797675591e-06 3.593964962145853e-09 0.001
8862 1.9796054504339296e-06 2.5137541426077718e-06 3.4020475649925444e-07 0.001
8863 9.4615125994588323e-07 2.5368391831422511e-06 3.6051457390833095e-09 0.001
8864 4.142230992173724e-07 1.0386388019861722e-06 1.457865720128187e-09 0.001
8865 1.8578288159349449e-06 1.6083154906466114e-06 2.9285678345544821e-07 0.001
8866 2.0131986763111486e-06 1.5541073287794418e-06 1.1309469285284927e-07 0.001
8867 1.9325140541454534e-06 2.0462290115606273e-06 7.159990913576876e-08 0.001
8868 1.0547420478816554e-06 2.0607812534054564e-06 7.5323185978916687e-09 0.001
8869 2.0358276056692883e-06 2.0539345421302221e-06 1.6060703099669078e-08 0.001
8870 1.301343647586706e-06 1.8718702085685378e-06 3.5679743259058912e-09 0.001
8871 1.2643870177223687e-06 1.7300992588320348e-06 1.7293379288023978e-07 0.001
8872 5.152164239665814e-07 1.331829797889988e-06 6.0058883337097468e-08 0.001
8873 2.6227607194544654e-06 1.6014397356889614e-06 1.5380059167981023e-07 0.001
8874 1.2770902705502403e-06 7.6391192167784939e-07 4.0025141888251086e-09 0.001
8875 4.090410798018951e-07 1.9581101691361892e-06 5.9235314561052813e-09 0.001
8876 2.4149595115048468e-06 1.1826246140849735e-06 2.9085347861314508e-07 0.001
8877 1.2889926613138691e-06 9.0109993838914962e-07 2.5558450985047359e-09 0.001
8878 2.6046847810459536e-06 1.6685431608087647e-06 2.1791373621742835e-07 0.001
8879 2.009052516871187e-06 1.9490957599279975e-06 2.5197182083865548e-08 0.001
8880 1.265187319526499e-06 4.6586964297316293e-07 1.6137501026659652e-08 0.001
8881 1.4280276233056434e-06 1.7549450536218503e-06 3.6361692743502134e-08 0.001
8882 2.3086962915737139e-06 1.3890380100596347e-06 9.296600219872783e-09 0.001
8883 1.9672660925667964e-06 1.6536339300500133e-06 1.0375928489920955e-08 0.001
8884 2.3618680365173676e-06 9.3799023740434156e-07 5.0152392656151152e-09 0.001
8885 2.1820572060281306e-06 1.9905235386382888e-06 1.2637255849341255e-07 0.001
8886 1.1678815552870412e-06 1.3460389413464619e-06 5.5560709425490405e-08 0.001
8887 5.270921678243662e-07 8.850258355200001e-07 1.0307548561566557e-07 0.001
8888 2.260392576457273e-06 1.7194252658338521e-06 5.4645828633364125e-08 0.001
8889 1.3295755670709572e-06 1.0836410321637406e-06 1.1734626352965732e-07 0.001
8890 1.6595913903620059e-06 2.3202089312213735e-06 3.114609844317458e-07 0.001
8891 5.7612819134093591e-07 1.5550546014540888e-06 9.3285817912272808e-09 0.001
8892 1.0050282909658844e-06 1.3760669989808012e-06 3.8758646543147929e-08 0.001
8893 1.2650093688790002e-06 1.4893582577345789e-06 1.3685202092579434e-07 0.001
8894 2.4395808839646643e-06 2.484343583794441e-06 1.3193340936123542e-08 0.001
8895 2.4388302856032644e-06 2.5214065442829634e-06 8.0043193518034689e-09 0.001
8896 1.2568444582947167e-06 6.7342949745155977e-07 6.9070489856353735e-09 0.001
8897 2.266587353073546e-06 1.5812961820715344e-06 7.4245350341871722e-08 0.001
8898 8.9269522171387193e-07 1.8761693329767095e-06 1.2800112635322607e-08 0.001
8899 1.2601455945488549e-06 2.338672798931217e-06 9.7457306687528526e-08 0.001
8900 1.6938243064403179e-06 6.2394342824770987e-07 2.2840587412143743e-08 0.001
8901 7.4691398074936845e-07 2.0161211573630769e-06 1.6039969401778656e-07 0.001
8902 2.4404950415118161e-06 1.6296492646879108e-06 1.6058618148312986e-07 0.001
8903 1.3138416856222333e-06 2.0941044507319218e-06 6.2516772753107803e-08 0.001
8904 7.3297272775174499e-07 6.7847332472524332e-07 8.7384518506428793e-09 0.001
8905 1.475914685869683e-06 1.6476383944900315e-06 6.1260854210044323e-09 0.001
8906 7.2778332873787552e-07 1.2649199437605307e-06 1.0878180239408133e-07 0.001
8907 1.811644154425387e-06 2.4558676186970053e-06 4.0756789564488056e-08 0.001
8908 1.2333220030887021e-06 2.2172115407011024e-06 6.7436763023630524e-09 0.001
8909 1.6876036455642768e-06 2.1031926037415354e-06 2.9569572304164356e-07 0.001
8910 1.5978420856843152e-06 7.6519729994607687e-07 1.2834066504763547e-07 0.001
8911 1.4327274058762709e-06 1.5383595607242994e-06 3.1197786555060981e-09 0.001
8912 1.7988313453202836e-06 1.2632807928043684e-06 2.9581833713322263e-07 0.001
8913 7.0616642448166484e-07 1.7740618333765686e-06 2.4106784255122376e-08 0.001
8914 2.4318522521912774e-06 1.132390918179995e-06 1.610917452846889e-08 0.001
8915 1.8632201983969686e-06 6.6041342838394126e-07 1.1271285720616627e-08 0.001
8916 4.7109990712004681e-07 1.2217652468210017e-06 3.1707574730674384e-09 0.001
8917 6.7778096082527867e-07 1.4582966594706722e-06 6.3083329537368029e-09 0.001
8918 5.9494146569878839e-07 2.0690164625107835e-06 3.9877855977485403e-08 0.001
8919 1.9764857361241754e-06 1.4871653415154666e-06 2.8031796762843358e-08 0.001
8920 6.7509916409915647e-07 9.9798310066217956e-07 2.1943518938690578e-09 0.001
8921 7.8673013015459585e-07 2.068577985040008e-06 3.6730099663234183e-09 0.001
8922 5.6503770867068744e-07 1.3236151471080769e-06 1.8591111779097742e-07 0.001
8923 5.3320589088864578e-07 1.4894019788827321e-06 1.8797686879839546e-08 0.001
8924 3.8615340628339273e-07 8.386335467573665e-07 9.0042769220323391e-09 0.001
8925 1.660415496167111e-06 1.0093732643360362e-06 1.8641568721657338e-08 0.001
8926 5.059743352413726e-07 2.5879860313791407e-06 1.2805085853749458e-07 0.001
8927 1.156210012009783e-06 1.187510904254368e-06 3.2148059125239353e-08 0.001
8928 5.3951464194769481e-07 4.2133143474896415e-07 2.801147424135165e-08 0.001
8929 1.1314994835646409e-06 1.4896640052294058e-06 4.4361025757027586e-09 0.001
8930 4.7661100430604001e-07 4.0476361835383317e-07 4.5241950614274249e-08 0.001
8931 4.0438589576341112e-07 1.1499845100381943e-06 6.6508865641910317e-09 0.001
8932 1.2022250819785284e-06 1.6032613526886377e-06 3.5483438072583843e-08 0.001
8933 1.2309691315050062e-06 2.4800281645191449e-06 1.5594290172028494e-08 0.001
8934 1.4594081008220291e-06 1.6729800513358268e-06 1.090902848556829e-07 0.001
8935 2.5758937977772362e-06 1.6573985022575263e-06 7.7739216960969223e-09 0.001
8936 1.2915254198907151e-06 1.8498929823894609e-06 7.2181269020887091e-08 0.001
8937 4.2601365424563453e-07 1.6275971258660941e-06 1.9575387887998656e-08 0.001
8938 6.4703153922956315e-07 1.3606607127819909e-06 2.3361428255026361e-09 0.001
8939 1.2907010056740018e-06 2.3325220603283753e-06 9.4496283237338257e-08 0.001
8940 6.2496590156982662e-07 1.5917218812066788e-06 3.5124718902417568e-08 0.001
8941 1.834226533847413e-06 1.0670028352240963e-06 3.2686026230710878e-08 0.001
8942 7.0455832323330846e-07 1.0428592253657772e-06 5.2952080931387128e-08 0.001
8943 1.4516434167832344e-06 7.7407240566498914e-07 4.7126618255138817e-09 0.001
8944 2.3602345611843798e-06 2.5490468525725534e-06 1.6330151002196174e-08 0.001
8945 2.5103597114485461e-06 9.2176517972581598e-07 7.7583319186812577e-09 0.001
8946 9.5450286741370662e-07 2.2062375991962587e-06 6.4453703451417976e-09 0.001
8947 2.4703128649437124e-06 1.2669146523123405e-06 2.5462735903436487e-07 0.001
8948 2.0803882608936856e-06 2.1150913578585765e-06 1.0630868533360488e-07 0.001
8949 3.9458027479553119e-07 1.5791100483816339e-06 1.5874621679256572e-08 0.001
8950 1.6012587097184638e-06 4.1070890158818739e-07 3.1060451586893264e-08 0.001
8951 4.9220930863676752e-07 1.8893333942879453e-06 6.7153480943925023e-09 0.001
8952 1.6482911303636102e-06 2.3183546281680681e-06 5.7148786899443934e-08 0.001
8953 7.6897476439575635e-07 1.2687724958761735e-06 1.3607594316376148e-08 0.001
8954 2.1585660221226234e-06 1.0521827509590253e-06 3.1461958358117759e-07 0.001
8955 2.563222764262063e-06 1.0725069980366127e-06 6.0993809894860893e-08 0.001
8956 1.7839534084403942e-06 2.3573270102029455e-06 8.0517649618271812e-08 0.001
8957 5.5771677417674067e-07 1.7922829485529248e-06 9.2333547815913598e-09 0.001
8958 1.5877875847032645e-06 2.3829776545938975e-06 2.0731734820255718e-07 0.001
8959 1.3202579622062738e-06 1.8875745238325268e-06 1.2245345224413349e-07 0.001
8960 1.4214806234638462e-06 1.5437207013942161e-06 9.9181163613697461e-09 0.001
8961 9.747675279963672e-07 9.2901705870376353e-07 3.5624333916291879e-08 0.001
8962 1.8850414670292789e-06 2.6168315250214215e-06 2.2242988604254067e-08 0.001
8963 1.0145994264566747e-06 1.0879126552699395e-06 2.7442278143471524e-08 0.001
8964 1.4258488447473868e-06 6.9647114179144434e-07 8.4511455369045377e-08 0.001
8965 1.1595542610682576e-06 7.7536250077795311e-07 1.9820860336378758e-09 0.001
8966 1.1628890447934767e-06 1.5180457110879369e-06 2.2186901399146013e-08 0.001
8967 5.4471830966597444e-07 1.5182679401059499e-06 5.8542351718465467e-09 0.001
8968 6.5614671576740815e-07 5.4321048956548172e-07 1.9644278084135723e-08 0.001
8969 1.6083818855665754e-06 2.525337415946772e-06 3.4275348520714568e-07 0.001
8970 4.6151980218126785e-07 1.5320087935608414e-06 3.4272653377546544e-08 0.001
8971 4.6054219496021067e-07 4.9240284866610226e-07 1.1766808976955149e-09 0.001
8972 1.6572710368783691e-06 2.1411014862129274e-06 1.7607637667594969e-07 0.001
8973 1.3818126873548865e-06 2.3640007944852549e-06 3.4817915167809645e-08 0.001
8974 8.0382308843950161e-07 9.7602172420256082e-07 1.1019945261841864e-07 0.001
8975 2.1339350983294747e-06 1.4983456845500886e-06 4.7176713214276554e-09 0.001
8976 1.5178290628286922e-06 2.3899516110926619e-06 5.3919688958806054e-08 0.001
8977 4.9860838614658478e-07 8.5874396808577201e-07 4.3534284276905178e-08 0.001
8978 1.1683414861469033e-06 2.1422953569581335e-06 1.8833840101876147e-08 0.001
8979 2.2596231131241194e-06 2.410966037321824e-06 2.9592350848767423e-08 0.001
8980 1.7348378101930842e-06 1.3325605066051577e-06 1.4904922507545191e-08 0.001
8981 2.5434012239384693e-06 8.9327348817941053e-07 5.2992890912241535e-08 0.001
8982 1.7185767742030988e-06 4.8978891751157866e-07 9.9788792426208564e-08 0.001
8983 7.1079358701316201e-07 2.1513246309425561e-06 8.8587053183063197e-09 0.001
8984 1.3520558421989084e-06 6.8045645023963757e-07 4.5627994700343657e-08 0.001
8985 5.8914007730312441e-07 2.3683288258821117e-06 1.7648311783830865e-07 0.001
8986 1.3935867366695997e-06 2.6138969591688511e-06 2.9865912183969848e-07 0.001
8987 1.7850976419409389e-06 2.1035508190228581e-06 2.4587514184933934e-07 0.001
8988 1.1787991703208173e-06 1.6716282663631025e-06 8.8773832214786443e-08 0.001
8989 1.0673566082060749e-06 9.9299189814722735e-07 1.7377122952492586e-08 0.001
8990 2.365671941919399e-06 4.9183073851566763e-07 2.9291074947818633e-08 0.001
8991 2.2548478279991765e-06 1.5237510899202908e-06 9.8639592675716832e-08 0.001
8992 7.8975179544215013e-07 2.030248391848109e-06 3.5816284026508559e-09 0.001
8993 2.2023247977162537e-06 2.2885144484366608e-06 2.9358081447260104e-08 0.001
8994 2.4758517405744443e-06 1.1384434780573917e-06 1.4495427099804166e-08 0.001
8995 2.3875388466915458e-06 1.8280584772817153e-06 2.7481203354228009e-08 0.001
8996 8.7880221114875268e-07 2.4507081621809964e-06 9.2299943570635341e-08 0.001
8997 1.2790784843099527e-06 6.2615304594847114e-07 6.5620977823292836e-08 0.001
8998 1.6880363578717687e-06 1.231038258852832e-06 5.2023416847786127e-08 0.001
8999 2.524272299270229e-06 1.5704435006474843e-06 1.3802714833637246e-08 0.001
9000 1.6467914175024182e-06 1.6935237428045433e-06 1.8799210665361327e-08 0.001
9001 2.3172084550527095e-06 1.0133620406244821e-06 1.0111573412276641e-07 0.001
9002 1.6855089125839641e-06 6.5047809480008012e-07 8.4896482035853538e-09 0.001
9003 1.4136286593062164e-06 1.1348631039895192e-06 1.291575493803814e-07 0.001
9004 1.9829718185980937e-06 1.4278147908739853e-06 4.1191035168091739e-08 0.001
9005 8.0193478727276259e-07 1.4198984691758483e-06 4.1773659328799623e-08 0.001
9006 1.3122192061233516e-06 2.2358516960180284e-06 4.1005272878616974e-09 0.001
9007 1.0585835937644117e-06 7.2804667103697972e-07 7.3647605125395757e-09 0.001
9008 5.6640537803158651e-07 2.5729810681605408e-06 3.8570737480132626e-08 0.001
9009 1.7637682402395781e-06 3.7877056062069485e-07 2.2538579351380617e-09 0.001
9010 1.2776553628490681e-06 1.5434352599934922e-06 1.2921306479502356e-08 0.001
9011 2.1507967268372938e-06 2.0206649023637506e-06 4.9103610363638023e-08 0.001
9012 5.1111575637167419e-07 9.0149745537585853e-07 3.2815430767097095e-09 0.001
9013 1.2893187240037056e-06 2.5336206653293583e-06 9.5619333988035658e-08 0.001
9014 2.2600981658097823e-06 2.5860186895616572e-06 3.5425336072062858e-07 0.001
9015 1.7042729512226824e-06 3.77401897436113e-07 3.6570916629512871e-09 0.001
9016 8.090818043207453e-07 8.9918865222868548e-07 8.2767429304369336e-08 0.001
9017 1.9918035292435014e-06 1.3297785627833015e-06 8.6215859175834839e-09 0.001
9018 2.4009572218863786e-06 7.5454612710079933e-07 1.5113565602194758e-08 0.001
9019 2.5727868037022596e-06 1.1514722429661271e-06 1.5848523602037489e-07 0.001
9020 4.4382389195305632e-07 1.3636802693971169e-06 3.4736135537352508e-08 0.001
9021 1.4089100391979235e-06 1.3651932611895684e-06 1.0636838890742439e-07 0.001
9022 9.4511727314199125e-07 1.1991532311214787e-06 2.8286486442359169e-09 0.001
9023 1.9527498362136512e-06 1.9611546392811534e-06 3.1784859089623045e-07 0.001
9024 1.8586682027968627e-06 1.5657516209237457e-06 2.5549915695602172e-07 0.001
9025 2.3219065396325039e-06 1.7197608163232504e-06 8.4564429384552055e-08 0.001
9026 2.6055043022985016e-06 4.8142041206440679e-07 2.0182575135272561e-07 0.001
9027 1.0007409415753486e-06 1.0975866191416778e-06 7.9104989701932841e-09 0.001
9028 1.8285212596558844e-06 2.3568679635585701e-06 2.8844686834729869e-07 0.001
9029 1.0355292342871228e-06 1.8424055433239175e-06 1.4819170254168465e-07 0.001
9030 1.7553369450330621e-06 2.4353580875890518e-06 1.1375027957812562e-07 0.001
9031 1.0033436060946184e-06 1.6602274273554405e-06 9.4841764569175459e-09 0.001
9032 1.7491798067429327e-06 3.9277200373833353e-07 8.1760901127721145e-08 0.001
9033 1.3063779165509863e-06 1.4442486482409482e-06 7.9019708124800734e-09 0.001
9034 1.659611123271552e-06 1.2424174609161258e-06 3.6612588885661328e-08 0.001
9035 1.798953304006576e-06 1.4630068979914444e-06 5.1826502625290452e-09 0.001
9036 1.6091537554328576e-06 8.2297641225846256e-07 5.3377151644614685e-09 0.001
9037 2.0572151127738732e-06 7.6045686050638315e-07 6.8237784926074729e-09 0.001
9038 4.9496394881761571e-07 1.4099975970402865e-06 1.197804947725105e-08 0.001
9039 1.2948247782245982e-06 2.3734166684545119e-06 2.2015445135807325e-07 0.001
9040 1.5710844559391725e-06 1.6919506711386599e-06 5.3324942598772816e-09 0.001
9041 1.5048384874249941e-06 1.6252465058325262e-06 6.2218032138594653e-09 0.001
9042 1.4430895929675144e-06 1.3782275499664937e-06 4.0594789563680749e-08 0.001
9043 2.3470812190457971e-06 1.1353246262978466e-06 1.2683442822134254e-08 0.001
9044 2.4079023154240386e-06 1.4577386553792384e-06 1.5562154550441874e-07 0.001
9045 1.0622337127882578e-06 5.3514157721194704e-07 3.4283582057813479e-09 0.001
9046 4.2213098984485811e-07 2.1418588535340262e-06 1.8282058609277065e-08 0.001
9047 1.9874779858225568e-06 1.2277402296360682e-06 3.5778152490505006e-09 0.001
9048 1.6558634157523243e-06 2.2509540285850853e-06 3.9274297260683975e-09 0.001
9049 9.4879005923524113e-07 7.7966131923933054e-07 1.6536983583668092e-07 0.001
9050 1.8831250621821998e-06 6.6948088976290577e-07 1.6282958819747466e-08 0.001
9051 1.7221672333578763e-06 4.0897415178124179e-07 2.1308485185364652e-07 0.001
9052 2.1104802694547735e-06 1.7702975818883343e-06 6.8078828962676547e-09 0.001
9053 2.5537500561541686e-06 1.2705972156836902e-06 2.8936669326017784e-07 0.001
9054 5.2150179936116507e-07 2.4811827641287437e-06 1.9105543114194783e-07 0.001
9055 6.8570515274351166e-07 8.2792925148503178e-07 7.7970780750908988e-09 0.001
9056 9.3633958400922351e-07 1.1656487281533693e-06 4.62975203886417e-08 0.001
9057 5.1205615131665353e-07 4.2954124981954567e-07 7.5183671000682978e-08 0.001
9058 5.3540423313338449e-07 2.1894369356501897e-06 5.3409349855913897e-08 0.001
9059 1.3223225080397218e-06 2.0670019827606632e-06 6.155781024463752e-09 0.001
9060 9.45684954880071e-07 1.8885374635675123e-06 6.2221742365391422e-09 0.001
9061 2.1658088264571421e-06 1.701125741903965e-06 9.6848909835722156e-08 0.001
9062 1.4869528923794542e-06 1.544359967230042e-06 8.4038094805356817e-09 0.001
9063 1.6087088033057774e-06 1.6189424003012106e-06 6.6456586676115414e-08 0.001
9064 1.3239348713546867e-06 2.0833943982500666e-06 5.6159842693678496e-09 0.001
9065 1.6876473533913901e-06 1.8391200899211672e-06 3.4909113759664091e-07 0.001
9066 2.3926771952001509e-06 5.1081529206118366e-07 2.5100404216420253e-07 0.001
9067 2.33413780017172e-06 2.583880690841606e-06 1.4653359098634003e-08 0.001
9068 4.4047296984277168e-07 5.3841382674757389e-07 4.2811967680908808e-08 0.001
9069 3.8111662596301484e-07 1.826068674923691e-06 1.4268918867329149e-08 0.001
9070 9.6563995120989084e-07 7.3016550672981495e-07 5.7166883775254407e-08 0.001
9071 1.0283874145876171e-06 2.4819540355755906e-06 3.2219294709609614e-08 0.001
9072 1.7841532577239641e-06 1.6639222112830342e-06 3.4553109889432462e-08 0.001
9073 2.5945126396646931e-06 2.4232521345966538e-06 4.9950364966453615e-07 0.001
9074 2.0994602893923506e-06 5.7439276017708616e-07 3.4139248843548338e-08 0.001
9075 1.7794940200320727e-06 1.7015006838865959e-06 1.6991931192311198e-07 0.001
9076 1.9403673229502667e-06 1.0261323329212133e-06 2.5746289623741087e-08 0.001
9077 1.6260468440260753e-06 2.573877723643644e-06 1.1256974115811648e-08 0.001
9078 1.8452835881451771e-06 1.1906237292204e-06 1.4406165185447051e-08 0.001
9079 2.0514712439147496e-06 2.3926964663170983e-06 2.9716905910503869e-08 0.001
9080 2.4560919241328334e-06 1.8952213613170859e-06 1.0171224261592936e-07 0.001
9081 4.267484297646528e-07 1.5289423455723974e-06 2.843744876748657e-08 0.001
9082 1.396272488599217e-06 1.703575978953649e-06 3.6311464652208515e-09 0.001
9083 5.6679882512317044e-07 2.2987063153056373e-06 2.4153501550122259e-07 0.001
9084 1.5636009805790212e-06 1.6859588994169144e-06 2.6246435087625309e-08 0.001
9085 1.5614367861768105e-06 6.3639300524480829e-07 5.8684849295873056e-08 0.001
9086 2.2991938929249229e-06 2.0583401788258318e-06 2.4266929942734558e-07 0.001
9087 2.101864499293556e-06 8.8187889458861735e-07 1.5313077219990125e-07 0.001
9088 1.8685754941182839e-06 1.5181122839969367e-06 3.1519195005060787e-07 0.001
9089 5.3696562483379089e-07 2.4319538054448573e-06 4.6362544936351893e-08 0.001
9090 6.6041902547226655e-07 1.2267034432275998e-06 2.9412871337325437e-08 0.001
9091 1.4329147166629592e-06 2.3930679068538916e-06 2.1602981216982742e-07 0.001
9092 2.0629147438917855e-06 1.9743406920405556e-06 5.1931277412279869e-09 0.001
9093 2.4015527647703182e-06 2.19400838242653e-06 1.1175987846669801e-08 0.001
9094 2.4507638573714129e-06 1.9455168607509625e-06 4.2958085086067867e-07 0.001
9095 2.1535768042914676e-06 8.2967162241108346e-07 1.7374609914643401e-08 0.001
9096 1.065123873098257e-06 1.9770973976677735e-06 7.807149473691613e-09 0.001
9097 8.2065301381862722e-07 8.5101966359803517e-07 7.4325522537632749e-08 0.001
9098 9.4466158020316964e-07 2.2954651177989052e-06 9.9869060751893729e-08 0.001
9099 1.3250637239926138e-06 2.4962572894473127e-06 3.074330026986147e-07 0.001
9100 2.186587793395614e-06 5.6886177921751205e-07 1.2864550829997442e-08 0.001
9101 1.2179754980168283e-06 1.6921393761381595e-06 1.2308298230096873e-07 0.001
9102 6.1130787740603442e-07 1.4627503037548635e-06 2.3954994057846907e-08 0.001
9103 2.1306991041404244e-06 2.2732194963499204e-06 1.0684797271094466e-07 0.001
9104 1.298049521314536e-06 5.6807584195795397e-07 9.5919934864942612e-08 0.001
9105 1.9800879031222774e-06 7.8624344153181018e-07 2.0934401637359601e-07 0.001
9106 2.2857529518632336e-06 9.2283628376586463e-07 8.1902504378064556e-08 0.001
9107 9.9628601371024144e-07 6.8646507531247083e-07 1.3419860841820044e-08 0.001
9108 9.9999412138042358e-07 1.3252281920102637e-06 5.1595143184155844e-08 0.001
9109 2.3938765440303108e-06 1.6738516584384488e-06 1.7497307658959134e-07 0.001
9110 1.0802660380571397e-06 1.8684399136417723e-06 1.6453607538090306e-08 0.001
9111 9.3076368780874106e-07 5.7374876332539636e-07 5.3606573853006051e-09 0.001
9112 2.2186455679672058e-06 2.3410269014517339e-06 3.2617282206046765e-07 0.001
9113 2.5225637979630698e-06 1.3434243913407793e-06 5.1649176592210779e-08 0.001
9114 1.0692887910907471e-06 2.5173949557786133e-06 1.9411708358173124e-08 0.001
9115 5.6965084901065941e-07 1.8624021081849107e-06 6.2587200483679914e-08 0.001
9116 1.9764869286281453e-06 1.8165492078453022e-06 2.8800169194975044e-07 0.001
9117 8.0648139352390595e-07 4.2573542729451217e-07 1.6598676754608704e-08 0.001
9118 1.7783721019665189e-06 5.320278950932142e-07 2.057541776164896e-07 0.001
9119 1.4359085319893445e-06 2.2707235347459728e-06 1.3058328880887703e-08 0.001
9120 1.9103479858065664e-06 1.4051960481569539e-06 2.0290874803138845e-08 0.001
9121 1.7028027703675271e-06 1.2695708332901766e-06 9.4938320436139642e-08 0.001
9122 1.1617020955102424e-06 1.5372423303100936e-06 7.3101494076847295e-08 0.001
9123 2.1828095853157726e-06 2.5734275707651093e-06 6.3339090178262575e-08 0.001
9124 2.1042568582111381e-06 1.6310227078747428e-06 1.2591792440560935e-08 0.001
9125 9.5016814387580716e-07 1.7891442537412104e-06 8.0831419765198373e-09 0.001
9126 1.5588767962237627e-06 1.6022870490579445e-06 6.9262644409774681e-09 0.001
9127 8.3867252729338975e-07 2.623223401683228e-06 1.0480237784036216e-08 0.001
9128 1.7834391667877535e-06 8.0650774696253496e-07 4.4348206810396311e-09 0.001
9129 2.3000117738375371e-06 2.4349637523183084e-06 3.87646023423059e-07 0.001
9130 1.801929078802938e-06 2.2742661175641839e-06 2.529872873726018e-07 0.001
9131 5.2417798797343978e-07 1.1108192592155628e-06 3.2661185131659665e-09 0.001
9132 8.1946947273496473e-07 6.0721588269093462e-07 2.1932912008293535e-08 0.001
9133 2.0122961418457023e-06 2.1749743898431371e-06 3.2128242324324018e-08 0.001
9134 4.1588070088378405e-07 1.6310827024162147e-06 2.6184801798926735e-09 0.001
9135 5.4832002407039978e-07 1.168165735111712e-06 1.7094425457525628e-07 0.001
9136 2.0764650984344819e-06 6.354703499340802e-07 3.9713620396164035e-09 0.001
9137 1.9648083541747817e-06 1.6096319923546906e-06 7.1615163999539314e-09 0.001
9138 8.8723380780566691e-07 1.8577407684411296e-06 5.7344637977274819e-08 0.001
9139 9.5455820144425949e-07 2.5313057069165794e-06 2.969493918660124e-07 0.001
9140 8.0061385004070211e-07 2.5922215104133714e-06 3.4473634856098348e-08 0.001
9141 2.3094906562868135e-06 4.7091581032550929e-07 2.5305242580735217e-07 0.001
9142 1.4401083080243355e-06 1.844067350468376e-06 6.1875261730799877e-09 0.001
9143 2.2604241411743183e-06 1.671715297622128e-06 2.2792037737509021e-08 0.001
9144 6.2581296307954181e-07 1.4222946771072858e-06 2.2706576445343996e-08 0.001
9145 1.0058768470955211e-06 2.0972850992315098e-06 1.2047858888998799e-07 0.001
9146 2.2260706128395014e-06 1.9785785916209081e-06 2.319969007327991e-08 0.001
9147 1.6702928437629976e-06 9.9456844836677932e-07 9.9650249719264961e-08 0.001
9148 6.81254884719276e-07 6.4620930308692763e-07 1.676442696215881e-09 0.001
9149 2.1026480066220642e-06 4.5923649885365296e-07 8.0820798031803604e-09 0.001
9150 2.0775049570070631e-06 6.4747401317148374e-07 3.7769871382171765e-08 0.001
9151 2.374551272452133e-06 1.0475454944040209e-06 2.8479661669793875e-07 0.001
9152 2.032327663464596e-06 1.7017516750763836e-06 8.3493114299496648e-09 0.001
9153 1.2858741324073407e-06 1.2790926935993074e-06 2.2929738819956633e-07 0.001
9154 1.4697414974117147e-06 2.5564845406977674e-06 1.3820084864110487e-08 0.001
9155 2.2025124707272661e-06 1.5062254030627556e-06 8.8910455106416368e-09 0.001
9156 1.122398273464526e-06 2.5514044879001374e-06 1.8212315729520354e-07 0.001
9157 2.4518136522689473e-06 8.5946594885736624e-07 2.1421330565684706e-07 0.001
9158 6.1484733679894138e-07 1.6133219225464184e-06 5.0064980999206372e-09 0.001
9159 1.2803279413532384e-06 1.4866185878697365e-06 3.6504741914738291e-08 0.001
9160 1.1210125876911932e-06 5.2235642311587725e-07 7.4017796563857454e-08 0.001
9161 2.2561963570858458e-06 1.7924346032832925e-06 1.4764038985142061e-08 0.001
9162 8.8572618570243993e-07 6.1494358945167023e-07 1.6091804574087784e-09 0.001
9163 1.8413753134870799e-06 7.6943629705136434e-07 1.0685956111727725e-08 0.001
9164 8.9883848490478336e-07 7.1156987277338414e-07 4.3851634694994752e-09 0.001
9165 1.4548930558803185e-06 2.0447244690719231e-06 3.0844217474869502e-08 0.001
9166 8.7114312462698475e-07 1.5718589205107772e-06 4.3888652250745765e-08 0.001
9167 1.7332814847385716e-06 1.304183271200723e-06 4.4722398419087057e-08 0.001
9168 1.4031974324288449e-06 1.0742789922225656e-06 1.0538699494361272e-07 0.001
9169 1.602537695611891e-06 8.0568334658681036e-07 3.6254499511898054e-08 0.001
9170 1.4839614348394594e-06 9.4686885852007102e-07 3.4053167079554814e-08 0.001
9171 8.1134708643715443e-07 1.6296742312830188e-06 5.7393482621127313e-08 0.001
9172 7.9798098757359735e-07 1.22340111503437e-06 9.8124430330368105e-09 0.001
9173 1.2653325210466403e-06 1.4670859878900887e-06 1.939619962731198e-07 0.001
9174 1.2608516317595451e-06 1.5586438532986294e-06 2.7915243736962753e-08 0.001
9175 5.1800171998330958e-07 2.5062521682714336e-06 3.8021629537063512e-09 0.001
9176 4.9885612859368655e-07 4.0628357079393985e-07 8.1327668627435247e-09 0.001
9177 2.4397215666976352e-06 2.1079320417624205e-06 7.0115701973755883e-08 0.001
9178 1.905140777421135e-06 2.4148171755458885e-06 6.4497107619790249e-08 0.001
9179 6.6013890667449015e-07 1.9994002757184204e-06 1.1467987353841972e-08 0.001
9180 1.2082639237978363e-06 1.890280420403013e-06 1.0096582464968564e-08 0.001
9181 2.0141258092693284e-06 1.4570937914742381e-06 8.8492481132162849e-08 0.001
9182 1.1064960761374932e-06 6.7144625835611036e-07 1.7786388151519516e-08 0.001
9183 1.8595865806039838e-06 2.5118043012854294e-06 1.0193661247322911e-07 0.001
9184 2.5077173452106074e-06 1.4384142950560352e-06 2.9571040117987411e-08 0.001
9185 5.7631439659357e-07 1.5183587066064297e-06 5.8521148185945084e-09 0.001
9186 1.8097435276472611e-06 5.750812830865118e-07 8.3096551692582609e-08 0.001
9187 4.900008719735433e-07 1.6193812729791389e-06 3.1716807323090309e-09 0.001
9188 2.2122010873315228e-06 1.9553085738548191e-06 1.9021445738482441e-08 0.001
9189 1.9041280268453397e-06 4.0543228753656269e-07 4.9853441580187246e-09 0.001
9190 2.3409854112700365e-06 1.2898537269061832e-06 2.2818258122438995e-08 0.001
9191 2.3625021500600853e-06 6.4105225740859389e-07 1.3118525577294231e-07 0.001
9192 1.3559423305570502e-06 1.3977866060565794e-06 2.6026942992536178e-08 0.001
9193 6.5015841410903777e-07 1.1254614050885062e-06 2.9168933315407528e-08 0.001
9194 2.4511493897148166e-06 2.0825725215432055e-06 4.1339972997754024e-07 0.001
9195 2.3663800462696713e-06 1.1271927326160548e-06 6.4471770352537067e-08 0.001
9196 1.9584202632740457e-06 5.7339618233783984e-07 1.8497567954719663e-07 0.001
9197 4.6326009877510526e-07 1.7510649980929895e-06 3.5581388008808691e-09 0.001
9198 2.3867959646018956e-06 1.5297848172963961e-06 7.5736745385563482e-08 0.001
9199 4.0969593388512671e-07 7.0128344366733696e-07 8.2081244709496665e-09 0.001
9200 7.2630196030637801e-07 8.1721065559158135e-07 9.7819462708324968e-08 0.001
9201 1.4383044284724191e-06 9.0312098627090017e-07 1.2474265099765676e-07 0.001
9202 1.3552089676122127e-06 1.7165442659118229e-06 1.3137057146580442e-08 0.001
9203 1.8334725760383201e-06 6.314511264910346e-07 1.2548819821018695e-08 0.001
9204 1.7673782319580145e-06 2.0462593165266182e-06 2.8653863365128881e-07 0.001
9205 6.9722155523963983e-07 1.5885689427114292e-06 2.7922190826934124e-08 0.001
9206 1.2122600231455168e-06 1.0007739996178286e-06 3.319336578879458e-09 0.001
9207 1.0008742405908954e-06 1.5259528031752074e-06 7.4252301383568035e-09 0.001
9208 7.4720546211323002e-07 1.9239250720278443e-06 8.9124035927460465e-09 0.001
9209 1.0318206802660631e-06 8.4282755257050337e-07 8.0204778767184314e-08 0.001
9210 8.0490184267534712e-07 3.938511508413738e-07 3.2706390156571156e-09 0.001
9211 1.4019599327912499e-06 2.4854089802903916e-06 8.1008469119504597e-08 0.001
9212 1.7139407684424899e-06 3.9269995622732534e-07 4.6740234377607778e-09 0.001
9213 3.9770420851514695e-07 1.4352743548378405e-06 8.5132359029397492e-09 0.001
9214 1.4558757110151704e-06 2.3938010542521851e-06 6.9758630854801752e-08 0.001
9215 1.3894666273897444e-06 1.4668524389450803e-06 1.3205601911030508e-08 0.001
9216 2.3373671935902419e-06 1.2839957395036875e-06 1.2543378570523995e-07 0.001
9217 9.8456921052066922e-07 1.5864815350590147e-06 3.253973150713398e-08 0.001
9218 9.5294574826017649e-07 1.465595793143058e-06 1.1773234175176483e-08 0.001
9219 2.0357406047248575e-06 1.5524774742180741e-06 1.6990277702291914e-07 0.001
9220 2.4585786336990219e-06 7.5619475564609194e-07 1.289778874955311e-07 0.001
9221 1.5965181948250851e-06 1.0843300844458006e-06 9.484512241088297e-08 0.001
9222 1.4379068214027281e-06 1.3350413225340226e-06 4.7968348907059519e-09 0.001
9223 2.6197728876681763e-06 1.9901338806297367e-06 1.0591522341559256e-08 0.001
9224 1.3490911712785065e-06 1.3963422747772278e-06 3.401643965920224e-09 0.001
9225 2.2229620879079879e-06 2.3644415743234717e-06 9.6068040462104591e-08 0.001
9226 2.2988276583766053e-06 2.0385865675003876e-06 8.7702060667664475e-08 0.001
9227 1.9693348894569622e-06 1.2722824184541658e-06 1.6884828658631555e-08 0.001
9228 2.2193831053508448e-06 1.1565053723861766e-06 8.29082783291636e-08 0.001
9229 4.8715627345929987e-07 1.2653710861290725e-06 1.3774596704012698e-07 0.001
9230 5.4512647549661307e-07 8.1110350330009748e-07 2.4570068066540495e-09 0.001
9231 1.6782590574310624e-06 8.3944311781918926e-07 2.9530884092847997e-09 0.001
9232 7.5632821238910398e-07 1.265433550725295e-06 3.4465769765808879e-09 0.001
9233 1.7465552908527705e-06 2.1017654613241463e-06 2.5224034660886901e-08 0.001
9234 2.4547235099731951e-06 1.1012843567570755e-06 7.3022413502653312e-09 0.001
9235 1.0801480583352816e-06 1.4663104576851395e-06 6.657830489620362e-09 0.001
9236 2.4350974651936108e-06 1.7028418118666856e-06 7.4850815907389395e-08 0.001
9237 1.1186286876717102e-06 2.014438780508948e-06 5.5735021065748609e-08 0.001
9238 8.3848590661462194e-07 1.4445183971257192e-06 1.1531539643369548e-08 0.001
9239 2.3273090925958573e-06 1.4698338152464271e-06 6.9744938316133487e-09 0.001
9240 2.0313757000190376e-06 2.4302908694860132e-06 3.8481970244831321e-07 0.001
9241 1.3852463641932486e-06 2.4581368772736281e-06 5.841160140815955e-08 0.001
9242 1.5918369757461398e-06 4.0185016529447839e-07 3.4200589582459554e-09 0.001
9243 2.0175572573425683e-06 1.4723193889088078e-06 5.49948212215337e-09 0.001
9244 8.7308297609571888e-07 1.9878533198251048e-06 9.6528164092591635e-08 0.001
9245 1.7781018835325136e-06 1.2079040548671883e-06 7.3254107721719366e-09 0.001
9246 1.4372541964908408e-06 8.5137997947952771e-07 1.2782121463771932e-08 0.001
9247 1.4475580547343695e-06 1.9366040679108571e-06 8.5670873330589431e-08 0.001
9248 1.4020604980972093e-06 1.6422900562429295e-06 9.7532365883639815e-09 0.001
9249 2.318321393992058e-06 2.5362753308130558e-06 3.7694645707304665e-07 0.001
9250 2.4689815318921845e-06 1.6806169679674199e-06 5.0061782579605728e-09 0.001
9251 2.5626376894542566e-06 5.1464485859539481e-07 4.494077065536975e-09 0.001
9252 5.2455267491774906e-07 1.5517309867333292e-06 1.7278567889721611e-08 0.001
9253 1.1074172589138087e-06 1.5674638615520513e-06 6.4942298694626745e-09 0.001
9254 6.9107985672720746e-07 9.3252067416134823e-07 1.8894988871332709e-08 0.001
9255 5.3252687354339647e-07 1.9018258242952829e-06 4.8725557580472926e-09 0.001
9256 5.9237405882739677e-07 1.4167689806466417e-06 9.1019352600439973e-08 0.001
9257 7.9152167126660596e-07 1.0737757636990367e-06 3.8206277094634627e-09 0.001
9258 1.3908232360189897e-06 5.1819296936382615e-07 2.3176721571402021e-09 0.001
9259 7.1647731890533458e-07 1.1903579250571046e-06 2.6268351720851061e-08 0.001
9260 1.8858573385136366e-06 1.7698141413806131e-06 2.1599547766918531e-07 0.001
9261 2.0597978719205653e-06 1.7304273578615304e-06 1.0433897946615125e-07 0.001
9262 1.1815638197550208e-06 1.5739667802627148e-06 1.1513149150905915e-07 0.001
9263 2.4291158232970135e-06 2.5880250924505965e-06 4.1891237182724542e-08 0.001
9264 2.4696308662349059e-06 1.3364069466989703e-06 3.6624613710680805e-07 0.001
9265 1.5084232259019271e-06 1.4837637925737609e-06 1.8252365118474919e-08 0.001
9266 1.750034200842835e-06 7.177694299438847e-07 1.2238077293577404e-08 0.001
9267 2.6062930172916007e-06 1.7452131620911957e-06 2.2427662636744404e-08 0.001
9268 2.3585648393783372e-06 2.4617595064187444e-06 4.110674881060934e-07 0.001
9269 3.7604648655203858e-07 6.9728361830808637e-07 4.1527222860454275e-09 0.001
9270 1.1969542516935617e-06 1.6527784505545561e-06 2.982823727934336e-08 0.001
9271 6.7625774551653723e-07 9.4141559636894429e-07 6.238958993435138e-09 0.001
9272 7.3534651930859279e-07 1.5443130521705557e-06 4.9825206430931093e-08 0.001
9273 1.7222953007141558e-06 1.52540949517398e-06 3.1270329635118827e-08 0.001
9274 1.3416204888723961e-06 2.3463074240471379e-06 1.6472159595497258e-07 0.001
9275 1.9807178247328485e-06 2.1393967139968473e-06 9.1164951786833515e-09 0.001
9276 2.0185054997990201e-06 4.9331297034641005e-07 5.7560017348110341e-08 0.001
9277 1.5093815520287571e-06 7.4369869380918433e-07 2.4241324140211024e-08 0.001
9278 1.9914605518874632e-06 1.6081131173007701e-06 2.590228382152095e-07 0.001
9279 9.6756376936981631e-07 1.6648951636169899e-06 5.7903325653097614e-08 0.001
9280 5.3501559219836493e-07 1.4430957707750818e-06 2.6317916921284518e-08 0.001
9281 7.253177723357492e-07 1.740433487329655e-06 5.774150947734156e-08 0.001
9282 2.2324888034748293e-06 1.3156490748402792e-06 8.433289253767833e-09 0.001
9283 2.5404020797374378e-06 1.6663650855863227e-06 4.7970739079025672e-08 0.001
9284 2.1557805015912223e-06 9.5284120961030915e-07 2.5771290659044804e-07 0.001
9285 1.8459366590310892e-06 2.3767413316753527e-06 3.9704323053982386e-08 0.001
9286 1.2893918370028522e-06 1.6152933718449728e-06 2.1333501233517887e-07 0.001
9287 1.2089727823433917e-06 7.5342605195107952e-07 1.2156465330608634e-07 0.001
9288 2.1906512585288519e-06 1.2184997539774503e-06 1.0963323653318709e-07 0.001
9289 2.3152344657388714e-06 5.5698551118307504e-07 6.2459828213819898e-09 0.001
9290 1.1136475177575775e-06 1.4347931508875545e-06 1.5320716461202651e-08 0.001
9291 2.3664064446193573e-06 4.3825715248613804e-07 5.0592714057648538e-09 0.001
9292 1.2846403088527848e-06 8.4355386037809833e-07 1.9934164388308971e-08 0.001
9293 2.5817596717215919e-06 1.4946103246418532e-06 6.9206253188717229e-09 0.001
9294 2.1244659765615989e-06 1.1847537578348837e-06 2.8435952914865489e-07 0.001
9295 1.7827263784849963e-06 1.4323959406458825e-06 1.1033660465510171e-07 0.001
9296 7.6978493035065575e-07 4.9554135121215373e-07 4.0142397965831418e-09 0.001
9297 1.681009358426207e-06 1.4455578373496387e-06 5.6553024092232355e-09 0.001
9298 1.4341801695879433e-06 1.2659189684612766e-06 1.5655857750294984e-07 0.001
9299 1.7779763915437189e-06 2.1972161206082916e-06 5.1048897887754539e-08 0.001
9300 5.0288408656706088e-07 5.0528417457863238e-07 2.6216751466541472e-09 0.001
9301 2.1463351585686216e-06 6.4778612988242785e-07 4.4895817545730866e-08 0.001
9302 2.2052420764773317e-06 5.6249784072129844e-07 3.748652810093617e-08 0.001
9303 7.7337106610807966e-07 8.4249750034916479e-07 2.0044369458852646e-08 0.001
9304 1.8265672241811555e-06 6.351997979489763e-07 4.2155959652364168e-09 0.001
9305 2.1377256611637028e-06 2.1311270317482136e-06 1.2782738682510481e-08 0.001
9306 7.1655377518259127e-07 1.0902612954556115e-06 3.32475211568718e-09 0.001
9307 2.0633278502817344e-06 2.0925765115511869e-06 7.9898997467573048e-08 0.001
9308 1.3293812832174445e-06 1.6321671576117238e-06 3.5911639755713146e-08 0.001
9309 1.5065181066659773e-06 7.5653355837636305e-07 1.7777291180153453e-07 0.001
9310 8.2030521316095274e-07 4.0773743631017048e-07 1.0115151710377644e-08 0.001
9311 8.6916115416537915e-07 2.1444935199448037e-06 5.1303312328821896e-08 0.001
9312 5.3762803066913165e-07 2.4654433858667242e-06 1.5875585772154404e-08 0.001
9313 2.6118892373408301e-06 2.0852898746723011e-06 6.2616509490717927e-08 0.001
9314 1.8773677962254201e-06 2.1714661645132143e-06 3.5914856879163205e-07 0.001
9315 1.5988536025779144e-06 7.2097951812854211e-07 8.0467047669467459e-08 0.001
9316 1.1298809598287235e-06 1.9874292580989871e-06 2.0140854655363182e-07 0.001
9317 1.7863994035483187e-06 8.9947111674251085e-07 6.4195061566368272e-08 0.001
9318 1.6219252350323929e-06 1.1544773430632058e-06 8.1860307304107223e-09 0.001
9319 1.3776041447742817e-06 7.7532867490305777e-07 4.308849789574041e-09 0.001
9320 2.4661731816704234e-06 6.906993869137998e-07 6.5969719540894217e-09 0.001
9321 2.3588831581072942e-06 1.896513722997524e-06 1.0691988579807694e-07 0.001
9322 1.6558015316047377e-06 5.4673066786568542e-07 1.942909003534204e-07 0.001
9323 8.3107286466707064e-07 2.0128499363757327e-06 1.2645514935734678e-08 0.001
9324 1.9566029356487385e-06 1.8248250991997729e-06 1.0425083967527291e-08 0.001
9325 4.4012052480208297e-07 1.4235801190035914e-06 1.0045211781494758e-08 0.001
9326 2.5836299015097767e-06 6.3748030359902112e-07 5.104052713292695e-08 0.001
9327 1.9498655513142118e-06 2.0599242451270208e-06 1.2137600602131668e-07 0.001
9328 2.305156438374348e-06 2.3223947348754964e-06 3.6608048903258057e-07 0.001
9329 6.2893923025928571e-07 5.825685687554915e-07 5.9175056950978051e-09 0.001
9330 1.7934611703172395e-06 2.0502389940165608e-06 4.3532446743002739e-09 0.001
9331 2.5447898569075037e-06 1.7905748303760068e-06 7.072306534378623e-08 0.001
9332 1.2337937522363751e-06 2.2944945350856681e-06 3.2290283933872301e-08 0.001
9333 2.3333162824273855e-06 1.6193605984217209e-06 9.8026989072315393e-08 0.001
9334 1.3758725239382398e-06 2.1151707760425926e-06 5.2568481275314622e-08 0.001
9335 2.3444164591269555e-06 1.4221318769165243e-06 3.3402374591686716e-08 0.001
9336 2.1320278156556741e-06 2.2567704291236642e-06 6.8055133910448546e-08 0.001
9337 2.2168445746029119e-06 8.1691498897611898e-07 2.2603129423960156e-07 0.001
9338 6.5303840496482994e-07 5.2320905981143899e-07 4.4861250830346966e-09 0.001
9339 6.2066611854392015e-07 1.9560978968888029e-06 8.6931992413689596e-09 0.001
9340 9.8256605005788306e-07 2.34331001089612e-06 1.1908825574330992e-07 0.001
9341 1.683888450808089e-06 1.1271384946203346e-06 1.8413631256811059e-08 0.001
9342 7.4853013560579231e-07 2.5917189382173681e-06 1.5565601240013981e-07 0.001
9343 7.053018365366006e-07 1.8421036039147115e-06 1.2222143127352536e-08 0.001
9344 1.2497078742670532e-06 9.5767823081807815e-07 1.4062604780331987e-08 0.001
9345 1.2591080757193522e-06 1.6496386038131034e-06 2.3178999015067801e-08 0.001
9346 1.7090694856660242e-06 2.3742496078913177e-06 2.1417032539766278e-07 0.001
9347 1.8749231490838406e-06 1.4170683879787548e-06 1.0646451319778211e-07 0.001
9348 1.0484420929027448e-06 1.7000849691808005e-06 2.6121928109813442e-07 0.001
9349 1.6037778789925539e-06 7.6654572959781125e-07 9.3697727024692822e-09 0.001
9350 1.0096457990118325e-06 5.8329026427004674e-07 2.9628792185549501e-09 0.001
9351 1.5117205379004881e-06 1.4721209938243946e-06 1.2289097451043224e-08 0.001
9352 1.9662438761008137e-06 6.2060465880702758e-07 8.8465840847035622e-09 0.001
9353 1.8211003128566083e-06 8.2706029719027151e-07 9.8632638579101117e-08 0.001
9354 2.2712112736782456e-06 1.7193248020694681e-06 1.2833974479960397e-07 0.001
9355 1.2088904932022515e-06 1.0645667445535841e-06 1.0812051980899009e-08 0.001
9356 5.9474670785062142e-07 9.3821483043518169e-07 1.9133365488371467e-09 0.001
9357 1.8423026265487276e-06 7.2000181815404524e-07 6.4236963697768447e-09 0.001
9358 1.4672591882977375e-06 8.0275957024671301e-07 5.884392284976343e-09 0.001
9359 1.6090064654354643e-06 3.8799287832240507e-07 2.4216761859281958e-08 0.001
9360 2.1959873085866007e-06 2.0158204056613375e-06 3.0920700466181113e-07 0.001
9361 9.4922984799507494e-07 1.0175899683243097e-06 3.5871750939397209e-09 0.001
9362 1.1771819858374459e-06 7.9690951402350913e-07 1.1346098327231425e-07 0.001
9363 1.8437911216569021e-06 2.5759438483100302e-06 2.4506500145769151e-08 0.001
9364 2.5375917158701965e-06 3.8637898309496522e-07 4.4926829777923198e-09 0.001
9365 2.4346475105284784e-06 2.375263536704151e-06 9.5451194984705501e-09 0.001
9366 9.3093796769743542e-07 1.0194544618114625e-06 1.4551639219928937e-07 0.001
9367 6.0645137234943808e-07 2.316526680776974e-06 3.4967408289844473e-08 0.001
9368 7.4529437923444784e-07 1.5991888084651932e-06 2.0832978094697302e-08 0.001
9369 1.6392907443087865e-06 5.5118242112521591e-07 9.4916572551955866e-09 0.001
9370 2.1325535440899614e-06 1.3770017141184472e-06 3.7113062393467059e-09 0.001
9371 7.2131119013693105e-07 1.8415517805960373e-06 2.2999977137675997e-07 0.001
9372 8.2177579480863438e-07 2.5913321602312602e-06 7.444967070709776e-08 0.001
9373 1.5017598845315976e-06 8.0932402028495048e-07 1.3007262937566452e-08 0.001
9374 1.9460880459751505e-06 9.5691154300278478e-07 2.2266833717010594e-08 0.001
9375 2.6064052732086328e-06 1.547690952019853e-06 5.3214240966187955e-09 0.001
9376 1.1062491621113128e-06 2.5148699831110463e-06 1.7100514313509541e-08 0.001
9377 6.6539969488263604e-07 1.1368807816512092e-06 1.248925595881064e-08 0.001
9378 1.7482919747749716e-06 1.472854654513339e-06 2.4417106475101646e-07 0.001
9379 1.8418411106930021e-06 2.0922459140997139e-06 2.1895253319437866e-08 0.001
9380 1.0094157431182382e-06 1.0260092357855017e-06 9.2353995246434455e-09 0.001
9381 1.392554740515576e-06 1.0109357569898859e-06 1.1304611668486026e-08 0.001
9382 1.8734094905404494e-06 1.6877203093884277e-06 8.7282273940663822e-09 0.001
9383 2.1071126157883194e-06 1.2034002661821787e-06 3.5816826390608132e-08 0.001
9384 8.8680302000329419e-07 2.3060138016393303e-06 2.3063561144706824e-08 0.001
9385 2.4872785127858711e-06 1.3069431683927463e-06 2.2164455080531319e-07 0.001
9386 5.9503791069601428e-07 1.6581489944567741e-06 1.279703143671279e-07 0.001
9387 1.864433066688502e-06 2.0550681970772466e-06 1.5276620042386574e-08 0.001
9388 1.2580127081661576e-06 1.8803468142796088e-06 1.7220086852146653e-08 0.001
9389 1.4500218425998242e-06 1.4499371614284791e-06 1.1886143160405935e-08 0.001
9390 2.5902707669411811e-06 1.8253862812042267e-06 2.0593176467222185e-07 0.001
9391 4.9461684784379698e-07 1.6142047065805662e-06 1.0856696236552398e-07 0.001
9392 1.3096990399544447e-06 2.2223993286022737e-06 3.0056956020281603e-08 0.001
9393 7.5065887338251718e-07 1.1735246003512241e-06 1.7684817161337132e-07 0.001
9394 1.3984498981562994e-06 1.271996986949184e-06 9.6465250586416478e-08 0.001
9395 1.7526836953832771e-06 1.1201216487089111e-06 7.6436876973684839e-09 0.001
9396 1.2912345348151135e-06 6.3080944121948085e-07 3.4468127922962276e-08 0.001
9397 4.0665147802953331e-07 5.867839990982983e-07 4.0457226214353404e-09 0.001
9398 1.3705546010390986e-06 1.8833032118339937e-06 8.9233363268271096e-09 0.001
9399 7.316375925569913e-07 2.2844260669144458e-06 3.493816606153823e-09 0.001
9400 6.3437710534351704e-07 8.9120193223811913e-07 3.6199391070533082e-09 0.001
9401 1.7097012023716919e-06 1.3980800312475012e-06 1.4820000854665389e-08 0.001
9402 2.4924700898772556e-06 2.3986555847607256e-06 4.6183478855163799e-07 0.001
9403 4.8805061337592649e-07 2.4519461724003158e-06 7.0794159198074298e-09 0.001
9404 1.6827825204191377e-06 2.1750849312533452e-06 8.0970510567501447e-08 0.001
9405 1.111130942700614e-06 7.974586504442759e-07 7.0068249251583153e-09 0.001
9406 7.1925144912653126e-07 1.2498762347979127e-06 8.4226675253352229e-08 0.001
9407 2.2649000446899344e-06 8.3143995524932889e-07 2.4736348340116105e-07 0.001
9408 7.3681283325331732e-07 7.264326799523741e-07 6.7693136396544066e-09 0.001
9409 2.2872538292765751e-06 1.504035518232389e-06 4.6534175973001078e-08 0.001
9410 2.0134724703915754e-06 2.3850125844649922e-06 1.3371091395262732e-08 0.001
9411 6.7160826258902508e-07 2.0109105292131957e-06 2.8160885879923491e-08 0.001
9412 2.0813840267295998e-06 1.0623044718032693e-06 5.7333097939456493e-08 0.001
9413 1.9192311175311425e-06 6.0872961582469008e-07 1.9871425952666439e-08 0.001
9414 1.7567145955267498e-06 1.9324487126259781e-06 2.6639836895805219e-07 0.001
9415 2.0331685228116391e-06 1.7907868342385151e-06 2.5291258163918472e-07 0.001
9416 1.250616969221865e-06 1.8704016117265242e-06 2.2047595012859409e-08 0.001
9417 7.8574151866448908e-07 1.172626430174418e-06 5.3554380080809173e-08 0.001
9418 2.5097663792470704e-06 1.8320026950761649e-06 8.6890689893529528e-09 0.001
9419 3.8596815447555366e-07 1.1597731083524705e-06 5.07231890432446e-08 0.001
9420 1.4655443043091659e-06 5.8810297427955128e-07 8.7618218720276102e-08 0.001
9421 7.1052072582048547e-07 1.8196141267518355e-06 5.7325178933518356e-08 0.001
9422 2.1486798793268283e-06 2.1999564374587941e-06 1.0933151392368559e-07 0.001
9423 4.4631897510236581e-07 2.0720307682307424e-06 6.639360766052865e-08 0.001
9424 4.1794287815501709e-07 6.2166218753758774e-07 1.8678368720617298e-09 0.001
9425 2.4988303228770681e-06 2.0217053153759026e-06 1.3563875442485465e-07 0.001
9426 1.5674054722596029e-06 2.0666694315572958e-06 1.0813313438554406e-07 0.001
9427 1.2020815748728558e-06 1.1823750756471728e-06 2.2797859652512278e-07 0.001
9428 1.6589841208427551e-06 1.2955041693358303e-06 1.8485514185281682e-08 0.001
9429 1.7972752721481649e-06 7.0011151229054407e-07 6.9737922479611479e-09 0.001
9430 1.3931398994977839e-06 1.8574624827553974e-06 1.8096193320953435e-07 0.001
9431 2.5665921440694986e-06 2.0503453910241028e-06 4.0464813930447589e-08 0.001
9432 2.6010404347245148e-06 6.1167452054590427e-07 4.9822439285019882e-08 0.001
9433 3.8154143093421801e-07 1.5017007620634864e-06 3.8758925170176371e-09 0.001
9434 1.1730200898081397e-06 5.7594608001815863e-07 2.0550897576425201e-08 0.001
9435 1.5026441271241205e-06 1.3782917058711483e-06 3.0001512754767301e-09 0.001
9436 7.643249374404103e-07 1.9933098113703619e-06 1.5537982769680718e-08 0.001
9437 1.0570747946582147e-06 1.9898905955085472e-06 7.9203282282863412e-08 0.001
9438 1.3112636102088402e-06 8.5686218884164164e-07 8.6182274768632688e-08 0.001
9439 1.3430333504994339e-06 5.3093415549428278e-07 1.5015101779566115e-07 0.001
9440 1.9650602127683272e-06 2.1670588976632601e-06 1.3127881388654209e-07 0.001
9441 2.1915152376796798e-06 6.7263061576226328e-07 1.0326102647867793e-07 0.001
9442 8.2501497368007041e-07 2.3053756948884428e-06 4.4738522145078606e-08 0.001
9443 1.0761423794919168e-06 2.1421947851309911e-06 2.4676415143356937e-07 0.001
9444 1.2317479347600025e-06 2.4849798576074192e-06 7.3694856057714118e-09 0.001
9445 1.3638203462734806e-06 6.8972611825997286e-07 2.9912851879810661e-08 0.001
9446 6.6736955167351924e-07 2.5398338964551777e-06 9.8634045891357612e-08 0.001
9447 2.4384338429902882e-06 2.0382162814968156e-06 3.2447023780842133e-07 0.001
9448 1.3634209721544734e-06 9.7363499301569179e-07 4.2313527104410412e-08 0.001
9449 1.0002391644166504e-06 2.3947884698799799e-06 6.48937254287132e-08 0.001
9450 1.9032207137488456e-06 2.3082517252483413e-06 5.2688257941797975e-08 0.001
9451 1.4212160317168968e-06 2.4365513321082302e-06 1.9154958938603541e-07 0.001
9452 1.8721558279661512e-06 1.8514368291456406e-06 5.8784680168372507e-09 0.001
9453 1.7898639811669488e-06 1.0807549840252632e-06 1.5211634553728509e-07 0.001
9454 1.510596554718693e-06 1.1703652017073451e-06 8.2727645488755465e-09 0.001
9455 6.2206923854131499e-07 2.054410630409443e-06 4.0793190353787584e-09 0.001
9456 2.547778088493216e-06 1.7944983971514367e-06 5.6812741533624603e-08 0.001
9457 7.5139441257360391e-07 2.2048341411305681e-06 8.7548226818735889e-08 0.001
9458 1.197114960578651e-06 1.0259506958294204e-06 1.1278931542081563e-07 0.001
9459 1.7538929765493282e-06 1.0939734170952451e-06 9.4568018531794339e-08 0.001
9460 1.2876203249688945e-06 1.828803930105141e-06 6.1927422735695765e-08 0.001
9461 4.0463402726200316e-07 2.0695252611712467e-06 3.8798899848947731e-08 0.001
9462 8.8182653476519556e-07 2.6023944191444895e-06 8.413824463560069e-09 0.001
9463 5.201090516225525e-07 1.0717213292741829e-06 7.5933859446666719e-08 0.001
9464 1.9373775561861751e-06 1.5512703559978724e-06 9.1416877000139371e-08 0.001
9465 2.0504964967506703e-06 2.2915857256191921e-06 7.2243037430810899e-09 0.001
9466 8.654391410988515e-07 1.3297032741063718e-06 2.7552375465095287e-09 0.001
9467 2.4292011297373944e-06 2.5309150170146354e-06 3.0107525158192066e-07 0.001
9468 1.1001109697638032e-06 1.2235052023803269e-06 2.1466822912058888e-08 0.001
9469 1.4577000697346187e-06 3.8751391098517423e-07 6.7571504637576983e-09 0.001
9470 8.4367526064147595e-07 6.4291037807505683e-07 1.8221892897482635e-09 0.001
9471 2.1788398159788028e-06 2.5101792571485329e-06 9.8689848439091964e-08 0.001
9472 2.0021501761702517e-06 2.5399133519089619e-06 1.9427775833382049e-07 0.001
9473 2.2526961990933878e-06 1.9333029435545448e-06 1.9684674991479334e-07 0.001
9474 4.0678572459912838e-07 4.2529498452894459e-07 1.0419668287531264e-09 0.001
9475 2.1002385489242886e-06 2.4424217685509025e-06 4.2772212195874168e-08 0.001
9476 2.2894935427802879e-06 1.5987348828110086e-06 1.4193761330081359e-08 0.001
9477 1.779292695485455e-06 4.1080403877100061e-07 2.6535538217415633e-09 0.001
9478 1.8660434409701499e-06 2.5128209935597068e-06 3.3022283496321242e-08 0.001
9479 4.7302931158848915e-07 8.9928097850431838e-07 9.6359762725087818e-08 0.001
9480 1.3467143481918533e-06 7.4732168165663647e-07 1.846078173463937e-08 0.001
9481 2.1689526603050209e-06 2.5950767363166525e-06 2.9580264201408265e-07 0.001
9482 2.2321176153989045e-06 2.4245844065429498e-06 5.2694077155455915e-09 0.001
9483 1.3201419434438953e-06 9.2051790052185747e-07 2.0751514592884444e-08 0.001
9484 9.6092749888497896e-07 1.0695330270153213e-06 2.8620810219985356e-08 0.001
9485 5.2536281216870119e-07 4.8428863672884203e-07 1.1147167219121042e-09 0.001
9486 6.6741774559847298e-07 1.2035717665373512e-06 1.5963170845845377e-08 0.001
9487 6.483592124763372e-07 1.3881957581662895e-06 5.9632770816088665e-08 0.001
9488 1.1290975242835898e-06 5.1252914622195791e-07 6.0496764243224803e-08 0.001
9489 1.8424496483588942e-06 1.855769290826441e-06 1.1225537484345302e-07 0.001
9490 8.9629518556818462e-07 2.0613815950703521e-06 1.1749385549119133e-08 0.001
9491 4.377030861044311e-07 1.6096455315190145e-06 6.316464941757162e-09 0.001
9492 1.448697587508061e-06 1.7909535858997978e-06 3.97509577810733e-09 0.001
9493 2.6051449576212014e-06 6.1403161170798324e-07 2.2570583467202043e-08 0.001
9494 1.6980570978991875e-06 1.3031390462246592e-06 4.4135865003019825e-09 0.001
9495 2.4761016197971316e-06 1.3445327294848584e-06 1.1128125076471573e-07 0.001
9496 2.0169654809294315e-06 5.4277100500010088e-07 1.0731419975531365e-07 0.001
9497 2.000220347606319e-06 1.1907924874532789e-06 7.3828007686859126e-08 0.001
9498 5.268662014742855e-07 2.2727371554886911e-06 8.9356679929713452e-09 0.001
9499 6.291837922058863e-07 4.60869465286854e-07 1.9245485445194059e-08 0.001
9500 8.6338132284298283e-07 2.2599007891999031e-06 8.6118821668023851e-09 0.001
9501 5.865587211443504e-07 1.9355512191912117e-06 1.5370869224836429e-08 0.001
9502 6.0183392793391909e-07 1.0223439849942077e-06 4.0683392778512053e-09 0.001
9503 4.2651645262664199e-07 4.3161711725659701e-07 2.1805410007360029e-09 0.001
9504 1.9059757718134472e-06 5.9481168817649821e-07 2.3017296806303482e-08 0.001
9505 1.3123866523401411e-06 6.2565975987011145e-07 1.0528013716543941e-08 0.001
9506 4.6428821910862804e-07 6.3972535224606492e-07 2.672128740133936e-09 0.001
9507 1.8767995980141668e-06 7.2639470220172999e-07 2.4290545919582268e-07 0.001
9508 2.5946144075690248e-06 8.2444237141537878e-07 1.4987789144836867e-08 0.001
9509 8.4959974086970547e-07 9.8191109178649251e-07 4.7237175426542235e-08 0.001
9510 2.3203447331203507e-06 2.0509286128803503e-06 5.2017600776634464e-09 0.001
9511 2.59887036536429e-06 1.7648945327000845e-06 1.1252509280482371e-07 0.001
9512 1.2395038258435167e-06 9.1162975857753834e-07 3.49171639102236e-08 0.001
9513 3.9811144061137297e-07 2.5225189041633452e-06 2.6238995232397125e-07 0.001
9514 1.6617779367282454e-06 2.2308969726086462e-06 5.8966825174643313e-08 0.001
9515 7.6464470489003968e-07 2.2999647221038705e-06 7.0662928054054202e-09 0.001
9516 9.4406627360875839e-07 2.4489898884348188e-06 9.5479542931378872e-08 0.001
9517 5.9028125724452419e-07 2.2319724216138937e-06 1.4753425347663331e-08 0.001
9518 2.5180651375197688e-06 2.4654036129189656e-06 9.5994649501144394e-09 0.001
9519 2.1245804451348934e-06 1.8624477148128853e-06 1.5696968881283747e-07 0.001
9520 9.4398328682627632e-07 6.7115942788661175e-07 1.6166764859953613e-09 0.001
9521 3.7650837948024949e-07 9.1154621892603436e-07 2.2716245650493211e-09 0.001
9522 3.9316689082645303e-07 2.0011827089708691e-06 4.5990534163585174e-09 0.001
9523 6.7639762425911231e-07 2.0622264714407556e-06 2.4969232606915231e-08 0.001
9524 4.2813643362110295e-07 2.000428010044679e-06 2.4764762738807767e-08 0.001
9525 8.1440970531284425e-07 6.6069552014137904e-07 3.8165473981326792e-08 0.001
9526 2.5714946400467764e-06 1.1038979014984182e-06 8.114457398749011e-09 0.001
9527 6.5248902242803888e-07 1.1273087554859884e-06 3.5726725521777352e-08 0.001
9528 1.6762215829870992e-06 1.4332391837546287e-06 5.1725964597442958e-09 0.001
9529 9.7371950847466808e-07 1.847527180365219e-06 1.2412990851204514e-08 0.001
9530 5.3110764996241545e-07 1.5795446709617012e-06 1.630199582990269e-07 0.001
9531 1.2434567043504346e-06 1.5973227861554003e-06 5.0924280539214831e-09 0.001
9532 1.2180219348124683e-06 1.3882487185434898e-06 8.1138926236099733e-08 0.001
9533 2.569604502204425e-06 2.3629874731764842e-06 3.9176414309184659e-07 0.001
9534 2.0366516952718575e-06 1.1596061368852808e-06 8.4676817397085418e-09 0.001
9535 8.3299098852705061e-07 8.2317072070181105e-07 9.3704023347019969e-08 0.001
9536 1.7563571418304376e-06 8.302160273948295e-07 2.5592198880891477e-08 0.001
9537 2.2162488104207927e-06 2.3342009659002923e-06 4.4786010011128714e-07 0.001
9538 9.851917473013643e-07 1.091220785594411e-06 4.852189257473754e-09 0.001
9539 5.4827378929232622e-07 6.0367089121866357e-07 7.2458822800766555e-08 0.001
9540 1.1873775476799642e-06 1.5773186546332177e-06 9.5706053783446889e-08 0.001
9541 2.5622634970066772e-06 1.6448283272279218e-06 8.8826861640793862e-08 0.001
9542 8.0785836495553266e-07 1.3421942349727054e-06 2.0663258995637475e-07 0.001
9543 2.5375676876907633e-06 4.4566297862073135e-07 9.8637375833107466e-09 0.001
9544 2.3879258759213715e-06 4.6555156913149515e-07 9.9529622364901354e-08 0.001
9545 4.8430973268101471e-07 1.5524150349545628e-06 2.9754123789832027e-09 0.001
9546 2.0720629720675348e-06 1.9985201262119107e-06 5.0924421706180479e-08 0.001
9547 2.4719381025985071e-06 2.5796269526858301e-06 2.9165132404535891e-08 0.001
9548 8.3656341225807168e-07 2.3809462843278044e-06 9.567603540648816e-09 0.001
9549 2.2859817235884614e-06 1.2261162088372721e-06 1.6441992035719621e-08 0.001
9550 2.1986915909537854e-06 1.2202893548030481e-06 9.6317717726176018e-09 0.001
9551 2.5666152151090419e-06 2.2822336377747551e-06 4.9978421634034713e-09 0.001
9552 1.4413241302625101e-06 7.2666615264301236e-07 1.1298815522105021e-07 0.001
9553 1.7434290171420515e-06 2.2947636994302819e-06 4.4493397996008918e-09 0.001
9554 5.4637558705741055e-07 1.1965328331287535e-06 1.510261659906021e-08 0.001
9555 1.7191764092074533e-06 2.4558643788709775e-06 3.8321233574359164e-07 0.001
9556 2.1565631344118212e-06 1.6921892966002493e-06 3.3131596619784086e-07 0.001
9557 1.2646219093816147e-06 1.5386730147864808e-06 2.2855640562352854e-08 0.001
9558 1.9635061401806278e-06 5.8532628551051871e-07 9.9156453040640743e-09 0.001
9559 1.9214927757222424e-06 2.346808840649814e-06 2.8270563637011477e-08 0.001
9560 2.2487109170223963e-06 2.4200735673283187e-06 2.3078109678036149e-07 0.001
9561 1.1474613764656846e-06 1.6499629529529863e-06 8.3446165167292612e-09 0.001
9562 1.5519469736791652e-06 1.4792170130971752e-06 2.3110267902790303e-08 0.001
9563 2.2712285470241843e-06 1.5736802604935742e-06 2.732486359249063e-08 0.001
9564 7.1422059768595454e-07 2.2284228216471923e-06 4.0799467069356183e-08 0.001
9565 5.5744034257213303e-07 8.8306604662975717e-07 1.0455236348352947e-07 0.001
9566 1.8057431197460418e-06 1.2418267824838486e-06 1.3789617607659786e-07 0.001
9567 1.3943446677336043e-06 2.6000389135428157e-06 6.8005480179673701e-08 0.001
9568 2.0722237320798104e-06 7.7403668899634571e-07 1.4173326696290344e-08 0.001
9569 2.5541335547345175e-06 4.9807763263933296e-07 2.0588765720268817e-08 0.001
9570 1.8343679482759309e-06 1.6583662095758308e-06 2.6477601781666024e-08 0.001
9571 7.4245259601318256e-07 1.1750663543630215e-06 7.611483545951327e-09 0.001
9572 1.0694155666482856e-06 1.1107834643330766e-06 1.860236202932877e-08 0.001
9573 1.1098261355032731e-06 1.3610993383076893e-06 4.5653287158921408e-08 0.001
9574 2.3386332957753792e-06 1.1361686648455486e-06 1.1960204727040706e-08 0.001
9575 1.0563008621227443e-06 1.0536834861540052e-06 2.1203679200592816e-09 0.001
9576 1.953646872034664e-06 9.5848524431484814e-07 9.9719151660168985e-09 0.001
9577 6.3860053007699501e-07 6.3920699345157382e-07 3.8608214982708583e-09 0.001
9578 6.4461534908468808e-07 2.0065885756312099e-06 3.1037049720023951e-08 0.001
9579 1.0693511249914593e-06 4.0964755005888946e-07 2.9496284304283378e-09 0.001
9580 5.6758972230460031e-07 5.799623375743701e-07 3.4253490271373487e-08 0.001
9581 3.9412405414172071e-07 2.3866370512477919e-06 7.0609325640521677e-08 0.001
9582 3.9573589210608346e-07 1.0580068825956832e-06 4.1752423711642503e-09 0.001
9583 2.5419330928026505e-06 1.5133258406703339e-06 8.8327420275425318e-08 0.001
9584 8.0343975220408687e-07 1.2756880975462192e-06 5.7180434307513368e-09 0.001
9585 4.5937782481594813e-07 6.1311910720964898e-07 3.2572949995925693e-08 0.001
9586 2.1932501146299396e-06 1.1122289467649738e-06 1.4530531764260064e-08 0.001
9587 2.520205475731466e-06 1.1023201919853611e-06 6.0373410878349568e-09 0.001
9588 1.0565116748728623e-06 6.9525488391167518e-07 4.202733167753032e-09 0.001
9589 1.6801306211769581e-06 4.1452058512223203e-07 5.9267048547330495e-08 0.001
9590 9.4352829968680195e-07 7.7626459723595118e-07 2.1076300271008422e-08 0.001
9591 2.2251343222904449e-06 1.8990809992889297e-06 1.8065297024039224e-08 0.001
9592 9.993904500756663e-07 8.9056014266637187e-07 2.8202584566064936e-08 0.001
9593 5.7206292399590636e-07 9.1774340950726192e-07 7.4992228442903682e-09 0.001
9594 1.7994215648336807e-06 4.9593575801626017e-07 2.4054173662733216e-09 0.001
9595 1.8557230740533312e-06 2.0271421141978323e-06 1.3938165269801148e-07 0.001
9596 1.0986609682353534e-06 6.3101389109653768e-07 8.1958164554094779e-09 0.001
9597 1.6782884656507363e-06 8.8673814555538024e-07 1.2843815992143008e-08 0.001
9598 4.0875411630780267e-07 5.5486975005403767e-07 3.582647733925696e-09 0.001
9599 2.33439267212867e-06 1.4364399313597533e-06 1.3449096194723874e-08 0.001
9600 8.2251866628060943e-07 1.6272493045429113e-06 1.3997327716881059e-08 0.001
9601 1.4496390626868064e-06 4.5185566903207214e-07 9.4882070496782909e-08 0.001
9602 9.8909522479194915e-07 2.4155995848823656e-06 4.487949129456755e-09 0.001
9603 2.6230925772447637e-06 2.4749089700083331e-06 9.0535256206222948e-09 0.001
9604 1.8859857917179981e-06 1.7658904597201558e-06 3.2846758702544914e-08 0.001
9605 1.2292330080898457e-06 8.4374203871460855e-07 2.7052289998538511e-09 0.001
9606 7.664385064947654e-07 1.5709410093769255e-06 4.2417564300159849e-09 0.001
9607 2.4266837514087459e-06 2.0909472861775457e-06 7.0085720520365731e-08 0.001
9608 9.2348609985191906e-07 9.5842583966223601e-07 1.863628128503928e-07 0.001
9609 1.9055314328404287e-06 1.0179289831936722e-06 6.1443969217782531e-08 0.001
9610 6.6213508543891605e-07 2.0665351604269907e-06 1.498984621884031e-08 0.001
9611 5.9221233731809866e-07 1.8959124657561678e-06 4.3130057015299577e-08 0.001
9612 1.2355006934173523e-06 1.7457444030679779e-06 2.4599769889609294e-08 0.001
9613 1.5540802519470334e-06 2.5046936923420221e-06 2.8739290235824949e-07 0.001
9614 1.5562932900890694e-06 1.5686591594843215e-06 4.4635112421045935e-08 0.001
9615 2.1557960594702574e-06 8.5000885155228193e-07 3.3204006042409459e-09 0.001
9616 2.616298828258823e-06 1.6645680645260273e-06 1.0497010053344768e-08 0.001
9617 1.5064483318416564e-06 1.7302274241863662e-06 7.3755059484404514e-08 0.001
9618 6.6389665032745958e-07 8.6486824151455373e-07 5.6071011962218635e-08 0.001
9619 1.7862878900026386e-06 2.0284635045937988e-06 4.8163049607017716e-08 0.001
9620 4.4693238560484999e-07 7.816189380961458e-07 5.8536423414479393e-09 0.001
9621 2.2947793834885295e-06 1.6218367141924885e-06 1.0871472356117705e-08 0.001
9622 2.0234644499023106e-06 8.1621719559752534e-07 5.6406588236441628e-08 0.001
9623 1.2516058510943675e-06 2.0420850967820965e-06 7.4392654980262891e-08 0.001
9624 2.2360078991262488e-06 2.3390519891702473e-06 4.9294910698211368e-09 0.001
9625 2.4061807849587004e-06 8.7035569056203998e-07 4.5978296230014877e-09 0.001
9626 1.4564322010295743e-06 1.9789390967273575e-06 1.864018168752402e-07 0.001
9627 8.1056519377102674e-07 1.7607829568598947e-06 1.9476734424201427e-07 0.001
9628 5.7360397690119723e-07 1.6341568860797111e-06 6.5110281849965793e-09 0.001
9629 7.5056811036086992e-07 8.6454840258114716e-07 6.1942365232399265e-08 0.001
9630 1.5862072739975015e-06 2.3871170172646146e-06 1.0270674826440187e-07 0.001
9631 1.7974837150492527e-06 5.6046193446264352e-07 1.4490686276440366e-07 0.001
9632 2.1804547148472087e-06 2.12276022032888e-06 2.2543124863355621e-08 0.001
9633 5.0282766183808928e-07 7.3972589040042444e-07 4.2389803013886044e-08 0.001
9634 1.330884554469941e-06 1.5729228668067143e-06 1.3059663742198599e-08 0.001
9635 2.059822077005696e-06 4.3848370973190539e-07 3.0813980826333972e-09 0.001
9636 6.2124229657414602e-07 1.9133805893772295e-06 1.1889532573226292e-07 0.001
9637 1.1870174411396549e-06 1.7095417548954048e-06 7.0096322950485658e-08 0.001
9638 6.5231711807087139e-07 2.5007926130460244e-06 1.4225450303826013e-07 0.001
9639 2.1242556860708057e-06 2.6189015860862831e-06 2.5266820651260127e-08 0.001
9640 1.4819214014054962e-06 1.2001863344895081e-06 4.1153899136481767e-08 0.001
9641 1.1363391843360786e-06 1.0520620278229476e-06 7.8494559259038899e-09 0.001
9642 4.5318767087230366e-07 8.6017188572638371e-07 5.8437852926000649e-09 0.001
9643 5.5044646453595951e-07 2.6214912557522351e-06 1.0514750914174795e-07 0.001
9644 2.2699294119274385e-06 2.2832681474558617e-06 1.1253017628350829e-07 0.001
9645 2.0977140754555993e-06 1.7164124319305299e-06 2.5175411288432881e-08 0.001
9646 1.2916472359705388e-06 1.5912655247213167e-06 6.3720356253162291e-08 0.001
9647 1.8355833638529092e-06 1.6782879411089535e-06 1.3904178987528177e-07 0.001
9648 1.1269352140418269e-06 1.1127703552390065e-06 5.6288115350314736e-08 0.001
9649 2.0318643629118649e-06 2.2444850882676069e-06 7.3841059473703277e-08 0.001
9650 4.8842475249005087e-07 2.1584756308959543e-06 3.9547670559111419e-08 0.001
9651 5.3624421576122007e-07 2.2386298489533499e-06 9.5923594720438029e-09 0.001
9652 9.7906514052178229e-07 1.5367648822873872e-06 2.2980312711809572e-08 0.001
9653 2.360299535135509e-06 8.1284841422026789e-07 3.1061116007791102e-07 0.001
9654 2.3831468031729647e-06 1.8330963327334023e-06 1.3281609578312623e-07 0.001
9655 1.6506611571342418e-06 4.3727436045042151e-07 2.5033813788104502e-08 0.001
9656 2.4374647311978297e-06 1.1750101311391143e-06 4.2912525169338217e-08 0.001
9657 2.5202332618299825e-06 2.1232299999130561e-06 4.8997791730320401e-09 0.001
9658 1.1948382963253462e-06 1.3523327563296121e-06 1.7670632870286862e-07 0.001
9659 1.1921955192919692e-06 4.0217316400805644e-07 3.126796434724841e-08 0.001
9660 1.9128904544356132e-06 2.5539074491417709e-06 1.8162646563107317e-07 0.001
9661 6.5650686820654678e-07 2.5174628209081424e-06 2.5964473683405517e-07 0.001
9662 1.1000166176613115e-06 1.8465527905846553e-06 3.2662153496121574e-09 0.001
9663 8.6345453432510861e-07 2.2522347215699086e-06 2.2463299487445903e-07 0.001
9664 6.9653503321605846e-07 9.9300663854194989e-07 2.7657619193524747e-08 0.001
9665 2.5138945280199826e-06 1.4755620125363133e-06 1.5357985149151749e-07 0.001
9666 9.7039785107552018e-07 6.4218013311599693e-07 1.0528570076507549e-08 0.001
9667 2.0143764108443321e-06 2.0531372392236412e-06 1.12949942843198e-08 0.001
9668 1.1943101316323969e-06 1.9517556279682359e-06 5.5350595131037043e-09 0.001
9669 1.0455332820523744e-06 2.1694803123778554e-06 1.0058291496142538e-08 0.001
9670 7.8821919280052193e-07 1.2242588114436835e-06 3.9202657431393301e-08 0.001
9671 1.6841498760432675e-06 2.4869529686214229e-06 7.2806227069301456e-08 0.001
9672 1.2780288158715193e-06 8.0472919833163345e-07 1.5589192947544265e-08 0.001
9673 1.8906640265811545e-06 1.0951059374780867e-06 7.4120640494707499e-08 0.001
9674 5.6045993098039616e-07 4.164384051796599e-07 7.9040958711378734e-09 0.001
9675 2.3684656374385141e-06 2.2498000603873929e-06 1.1777206911396834e-07 0.001
9676 9.389230886605161e-07 2.265697249196226e-06 1.3674235414045361e-08 0.001
9677 1.1243663627692884e-06 8.087490387368025e-07 3.0581567277062432e-08 0.001
9678 1.3217066209280782e-06 7.2137942267567171e-07 3.9269914838761994e-08 0.001
9679 1.6179996720171925e-06 8.4267029263361856e-07 5.2263247245397871e-08 0.001
9680 1.9730833534996087e-06 1.5616085197309709e-06 1.4137420013427047e-08 0.001
9681 1.6948141463099365e-06 2.3366777985715492e-06 9.0196789048396295e-09 0.001
9682 1.3184310192918953e-06 2.3126574603090147e-06 6.6394835021832921e-09 0.001
9683 5.003653498934459e-07 7.2605699981200633e-07 7.5891825856202902e-08 0.001
9684 7.6260988463390863e-07 4.4003231931636283e-07 4.2638731103055123e-08 0.001
9685 1.3490843766333409e-06 7.0326063186575145e-07 1.2908286871151404e-07 0.001
9686 1.9335503803502871e-06 2.5897886468432068e-06 4.3996617072571995e-07 0.001
9687 2.174990310193238e-06 1.150847007047742e-06 3.1078500589818882e-08 0.001
9688 5.3241351280658741e-07 1.6201343979541361e-06 5.751274885570849e-08 0.001
9689 1.5439354509406752e-06 1.3345118926707184e-06 8.0719643148923509e-09 0.001
9690 1.2061588352821696e-06 7.3454362833627419e-07 6.3420189790879941e-09 0.001
9691 1.2491206647355154e-06 1.476416215460708e-06 7.2569789240859021e-09 0.001
9692 2.3194181904235236e-06 5.7618985981918287e-07 1.3464862793217508e-07 0.001
9693 8.2806809176926403e-07 2.2449181730327557e-06 3.1698294687919738e-09 0.001
9694 1.5739906040265965e-06 1.5222213492866731e-06 9.5614840771312068e-08 0.001
9695 1.8129217152280684e-06 1.42342774824324e-06 5.9404928217343723e-08 0.001
9696 1.1840313738743724e-06 2.5351639296186278e-06 2.6225748018127106e-08 0.001
9697 1.2445565924940989e-06 7.4687211343090986e-07 4.6616015149315069e-09 0.001
9698 1.7481243694987544e-06 9.5371571946685642e-07 8.2806713556913998e-08 0.001
9699 1.4793805141747577e-06 2.5146916396395146e-06 3.7601110313256463e-08 0.001
9700 7.1527128570861027e-07 2.4443912542454029e-06 7.2769000699932303e-08 0.001
9701 1.0185267123789841e-06 1.6640965330514425e-06 7.28132706106655e-09 0.001
9702 8.2320670958527086e-07 8.5565391942312011e-07 1.4453156004652096e-07 0.001
9703 4.7797867255846624e-07 6.8591410972098016e-07 3.585536449316204e-08 0.001
9704 4.1238386988691078e-07 1.9171044525335328e-06 4.8195796193699704e-08 0.001
9705 9.9076544930539331e-07 2.2421350219971246e-06 1.0320909783273384e-08 0.001
9706 1.1022751253301128e-06 5.2724203598578385e-07 1.0871444268356356e-07 0.001
9707 1.4244907748154851e-06 1.4446325114319434e-06 9.639724795302111e-09 0.001
9708 1.3297595665436131e-06 1.8537444477156087e-06 5.9440490759760938e-08 0.001
9709 7.2789421022622451e-07 4.7441642154391937e-07 1.5717576028908235e-08 0.001
9710 2.0439059031862108e-06 1.4016456294087257e-06 1.421973143489645e-08 0.001
9711 2.2416285812023978e-06 4.5692174672217026e-07 1.1060751235953257e-07 0.001
9712 7.0004517637607315e-07 2.1757812337852444e-06 1.4390014058267371e-08 0.001
9713 1.85313516006465e-06 1.8034944891717332e-06 2.418905278587502e-08 0.001
9714 1.7575307064591763e-06 1.1318201499467169e-06 1.7950861113426355e-07 0.001
9715 2.086066190020642e-06 6.100098682188588e-07 2.0024416824790439e-07 0.001
9716 2.4229794403652883e-06 1.3273079797891652e-06 7.0046130142636787e-08 0.001
9717 1.8014818028973642e-06 8.5043451459279197e-07 1.4662091486046062e-07 0.001
9718 8.5146602089091063e-07 1.8096145472261281e-06 1.0628858296886627e-07 0.001
9719 1.871689608216994e-06 1.3013239977944901e-06 6.3851369309407513e-08 0.001
9720 2.3955683005885737e-06 2.4812603089149759e-06 2.0530274588732689e-08 0.001
9721 2.1315402483225418e-06 1.7437742314951191e-06 2.9499529358350965e-08 0.001
9722 2.1125519112922603e-06 6.8296165311880588e-07 4.543881305490108e-08 0.001
9723 1.0155503827584086e-06 1.7184246054548308e-06 6.531112446520121e-08 0.001
9724 1.5242537282577932e-06 2.3212258927527042e-06 6.0538320506722947e-08 0.001
9725 7.3764508426564139e-07 7.6765780451709509e-07 1.5456411680674417e-08 0.001
9726 1.7704679274342118e-06 1.5533796255967774e-06 1.0505639433964407e-08 0.001
9727 1.1198113184771278e-06 2.4553983306434959e-06 5.1916113896836661e-09 0.001
9728 2.4648303886845553e-06 1.2382100267181895e-06 7.9431156641281125e-09 0.001
9729 1.1579735425466572e-06 1.7889662547546048e-06 1.7703331051774806e-08 0.001
9730 2.3395795764775199e-06 2.0220052807720214e-06 5.7456392534565154e-09 0.001
9731 5.154431518840213e-07 2.5870759331295529e-06 1.7398167215627849e-08 0.001
9732 1.4930571927792856e-06 1.2846600175455704e-06 7.520844699629357e-09 0.001
9733 1.1392369939689145e-06 2.3658964464597649e-06 1.1271988114452312e-08 0.001
9734 1.357859889679096e-06 4.5825293083208732e-07 4.1077183491747644e-08 0.001
9735 5.3467865037269131e-07 2.4090526653573794e-06 2.4295586340460755e-07 0.001
9736 1.1655857529347308e-06 2.3756350048181619e-06 8.0577768343761612e-08 0.001
9737 2.2210880469632152e-06 9.0175868413722255e-07 3.7012723680670644e-08 0.001
9738 1.5294584769584244e-06 2.172240302497252e-06 1.5352657847770019e-07 0.001
9739 1.4447822279763585e-06 6.5207493349832165e-07 1.3637187692204547e-07 0.001
9740 1.8403538663066521e-06 1.4603746986962174e-06 2.652357675685062e-08 0.001
9741 1.693753254360107e-06 1.94058128006706e-06 3.925667322042243e-09 0.001
9742 2.0929897306128156e-06 5.2305972247890017e-07 8.1549834576080778e-09 0.001
9743 1.7602109562790271e-06 1.860604989465524e-06 1.4865121202549816e-08 0.001
9744 9.15065670078506e-07 5.1779141105426709e-07 1.1695090965432252e-08 0.001
9745 1.6923346305076678e-06 9.3102307973717302e-07 4.7345072448795229e-09 0.001
9746 2.597333467720399e-06 2.5462188178921402e-06 2.3426395143663734e-08 0.001
9747 2.3782109976694918e-06 1.4090904685898334e-06 1.0304029607094796e-08 0.001
9748 1.255492318189646e-06 1.7644338268291649e-06 1.4428768361531577e-07 0.001
9749 7.8066491977805684e-07 1.6310434546954401e-06 2.1185221076821863e-08 0.001
9750 1.2589531005544244e-06 2.3602492481112864e-06 1.1868107282802313e-07 0.001
9751 1.387855387081623e-06 2.4515669543919456e-06 1.7237733460829899e-08 0.001
9752 4.3805809218687295e-07 1.4494319481276162e-06 9.8172527559108654e-09 0.001
9753 1.4216392662054879e-06 1.0675207677889915e-06 8.8506264742293316e-08 0.001
9754 1.7208036734746991e-06 5.7907415954912612e-07 3.6168680659338345e-09 0.001
9755 1.6542260089014424e-06 2.5444864255566109e-06 2.8222057819368454e-07 0.001
9756 3.9119105648461271e-07 1.6947033804580581e-06 1.5196557634416359e-07 0.001
9757 1.0332411196409673e-06 1.3770173773373162e-06 3.4574737557290467e-08 0.001
9758 3.8996731650801626e-07 5.256738224143499e-07 2.0308944840802192e-08 0.001
9759 1.4795039214212665e-06 1.0235513752143236e-06 4.6928026948393975e-08 0.001
9760 1.5184447687545866e-06 2.4144168825475426e-06 4.1071803726901933e-09 0.001
9761 2.5288153344975168e-06 6.809007837403897e-07 1.528118647306075e-08 0.001
9762 7.5753733398801264e-07 2.2971872262012574e-06 8.5722868909450571e-08 0.001
9763 5.3196098014830114e-07 2.168842219147528e-06 1.0727871330802151e-07 0.001
9764 1.8675486876124692e-06 2.0273041211423262e-06 9.5943877374727418e-09 0.001
9765 7.6240715803474531e-07 1.5641675938670361e-06 1.0228462739120999e-07 0.001
9766 1.2974946399913193e-06 3.9847077660820365e-07 3.1193545621531206e-09 0.001
9767 2.2433135275598801e-06 5.2521982909481316e-07 2.4554460577591966e-08 0.001
9768 1.1478448157328481e-06 3.789206098064238e-07 2.0020451395952124e-08 0.001
9769 1.9533790606246318e-06 1.1963511727979406e-06 1.0208890421535459e-08 0.001
9770 2.6044773967285279e-06 8.0297343949493679e-07 8.3063300275585306e-09 0.001
9771 2.5950278091701292e-06 1.2973125803075265e-06 2.6822999106397441e-08 0.001
9772 1.3689650919774583e-06 1.4402914956194097e-06 9.300216217802337e-08 0.001
9773 1.7507257428262332e-06 1.2952742111451569e-06 4.5258661313886139e-09 0.001
9774 1.2749646195890396e-06 4.5739622984697671e-07 1.4882953831431165e-07 0.001
9775 8.8910301275572725e-07 1.1670761119751065e-06 5.3526886331418876e-08 0.001
9776 1.1326952174395856e-06 8.8968278153643363e-07 3.571253539756634e-08 0.001
9777 2.2207311269721247e-06 1.3570012891262594e-06 1.1775093478832291e-08 0.001
9778 5.6015060636890299e-07 1.7186961485640356e-06 9.1889103560494605e-09 0.001
9779 2.3757747717388671e-06 1.7910486141154134e-06 1.2185764394641342e-08 0.001
9780 2.1448145193415407e-06 1.6535808919044605e-06 2.5653485378171491e-07 0.001
9781 1.5162191379889244e-06 2.6080689301921996e-06 3.1002134264279492e-08 0.001
9782 2.4895996340184374e-06 1.5676370166905661e-06 3.8536304724837488e-07 0.001
9783 2.1973123883938976e-06 1.3328432582328673e-06 6.0805739223781739e-08 0.001
9784 1.0225032247741769e-06 8.9686723948693595e-07 3.4940159703994852e-08 0.001
9785 2.1272300802547401e-06 5.6130012111199262e-07 4.9942401008262049e-09 0.001
9786 1.7854383691575897e-06 2.2804279704975495e-06 4.8806816913092745e-08 0.001
9787 1.9413359420475398e-06 1.3408200484338334e-06 1.8115244510302294e-08 0.001
9788 1.4317426782908269e-06 1.4992625167136572e-06 5.1700603830328131e-08 0.001
9789 1.3226999625161729e-06 2.2413392928330436e-06 4.8638093404789788e-08 0.001
9790 9.1109092515485971e-07 2.2138696575551056e-06 7.7193047850250786e-09 0.001
9791 1.2163755810387549e-06 1.8185196462356773e-06 1.0928247789934378e-08 0.001
9792 2.5756779098063762e-06 1.4767973517313831e-06 3.0829314343880466e-07 0.001
9793 1.2145342882697396e-06 1.972569752861828e-06 3.5221577593598178e-08 0.001
9794 1.6221866845036347e-06 2.1052920691890509e-06 8.0996346421409007e-08 0.001
9795 8.0674858789480264e-07 1.3169160426517946e-06 7.3087750443683209e-08 0.001
9796 1.491697514296161e-06 3.9250251931024141e-07 9.258429540752046e-09 0.001
9797 1.264084920057463e-06 4.3322471657988539e-07 1.4279651067336921e-08 0.001
9798 2.2671121288596519e-06 1.5488495572274969e-06 2.8125935686368054e-07 0.001
9799 1.5888387030503854e-06 1.9646820958123528e-06 2.1033715398125594e-07 0.001
9800 1.4708019470288253e-06 2.2701520515184338e-06 5.0480558224255963e-09 0.001
9801 1.4359776248469203e-06 2.0259966657096601e-06 3.4517262417717866e-08 0.001
9802 2.4859067891349943e-06 1.9550117738532673e-06 3.9667128831301576e-07 0.001
9803 1.8406095002367965e-06 1.724496040385498e-06 3.5139132452516451e-07 0.001
9804 2.4885742691045221e-06 1.810439562582376e-06 1.2538817399752546e-08 0.001
9805 2.3003141166916708e-06 9.3891901403533701e-07 1.2175798693791511e-07 0.001
9806 1.1737391856191934e-06 2.2111734411512629e-06 2.5532476472637719e-07 0.001
9807 7.2081993535658874e-07 2.4260935893441866e-06 5.467018891760617e-08 0.001
9808 2.1381020624000325e-06 1.9147355128000198e-06 1.0187656772017708e-07 0.001
9809 1.0318362852584306e-06 4.8955516425797355e-07 1.0821451696132073e-07 0.001
9810 2.2929758480238554e-06 2.322637073424486e-06 2.1502485768795597e-07 0.001
9811 2.0149288363478383e-06 8.3323964890413626e-07 2.3776889087778576e-08 0.001
9812 1.3595748467692053e-06 2.4215937715216268e-06 2.6671274439565841e-08 0.001
9813 1.4980051001117007e-06 5.0642932629909645e-07 2.356041555468406e-09 0.001
9814 2.5568388704038496e-06 9.638833070313867e-07 3.2554350998635646e-08 0.001
9815 1.0120624415781652e-06 9.2593558326301147e-07 4.0057908331913471e-08 0.001
9816 2.2354520241878275e-06 1.6501239555123279e-06 5.0280113336941855e-09 0.001
9817 1.2235789035440466e-06 1.667308075113339e-06 6.0306256696530373e-08 0.001
9818 2.5408890805191286e-06 1.0189297069106808e-06 2.8217664624167651e-08 0.001
9819 6.1898259549227627e-07 7.0385515789553894e-07 3.9514119896570915e-09 0.001
9820 1.7437232959621962e-06 1.1764985933475477e-06 1.249596689399394e-08 0.001
9821 1.8387611416272656e-06 1.0771410380761555e-06 1.5206599795709077e-08 0.001
9822 2.5799437880053826e-06 8.9570368891527711e-07 7.0363488964153769e-09 0.001
9823 4.0197769807012021e-07 2.5475401635603376e-06 4.5442340436167023e-08 0.001
9824 7.3373227349076002e-07 2.5794797090418803e-06 1.1579920496250298e-07 0.001
9825 1.6259297355226705e-06 5.1169059214734591e-07 1.1108717827800276e-07 0.001
9826 2.0666245046382899e-06 2.5055307902564766e-06 4.1211935259511534e-07 0.001
9827 2.0065980701162989e-06 8.5569823112182489e-07 2.1517446220219057e-08 0.001
9828 6.7860934273078525e-07 2.1472149494433839e-06 1.4993956707632795e-08 0.001
9829 6.6203234342987174e-07 5.7226589845907499e-07 1.4287888148563733e-08 0.001
9830 5.1292878787513805e-07 1.9905079239231536e-06 1.0905630200966173e-07 0.001
9831 1.1681112980866568e-06 8.6338017486116129e-07 7.9698955092460538e-09 0.001
9832 1.4886390497170819e-06 1.4347205911891931e-06 4.0336936129291975e-08 0.001
9833 1.1703848446191814e-06 4.2772332884702519e-07 1.2184399438602367e-08 0.001
9834 9.5842697396974803e-07 6.8264695989532931e-07 4.701260547900301e-09 0.001
9835 9.1067630826676546e-07 1.3692912309734369e-06 1.0309254356159847e-07 0.001
9836 1.7167308536066836e-06 1.0350646699503181e-06 7.7934972968326921e-08 0.001
9837 1.6432987951059439e-06 1.3663131942726192e-06 3.3809101236873091e-09 0.001
9838 1.9875464551939397e-06 2.2360091311897807e-06 1.8348888776124351e-07 0.001
9839 2.4561867126746486e-06 2.3644534724692026e-06 2.3175085849037472e-08 0.001
9840 8.8135926766448738e-07 1.0302697791850226e-06 5.9192939474583967e-08 0.001
9841 1.8865274620448207e-06 5.7649153007197989e-07 1.8426751532576806e-08 0.001
9842 2.4411836671522344e-06 6.1409303486805293e-07 3.1744248898298659e-09 0.001
9843 6.3825170777867774e-07 1.9268762560995496e-06 1.4058535825983073e-07 0.001
9844 5.5508596119379827e-07 5.5732002321357168e-07 1.6291346082490631e-08 0.001
9845 1.9657804767322272e-06 2.2528489728726934e-06 4.7998938332916875e-08 0.001
9846 2.1471906263453303e-06 4.5739091720639852e-07 1.8946656610445372e-07 0.001
9847 2.5014355109692036e-06 1.7060689042263877e-06 4.0095772435824396e-08 0.001
9848 1.6681723117307256e-06 1.2826698914179349e-06 1.4799173762059344e-08 0.001
9849 2.456417942927529e-06 7.6846413365849712e-07 2.6130592539034046e-07 0.001
9850 1.3393218694891091e-06 1.1187369840376666e-06 8.5969769191023496e-08 0.001
9851 7.6891266743882994e-07 1.0110480480336915e-06 8.0653480168531811e-08 0.001
9852 1.8378110096435896e-06 2.0920263763161576e-06 2.7230794963442562e-07 0.001
9853 2.0188467863887607e-06 1.78468400818291e-06 4.984495592056711e-08 0.001
9854 2.0308336402464694e-06 2.5050632739968096e-06 8.5971106470585721e-08 0.001
9855 1.0535363954803648e-06 1.9092639488163582e-06 1.1312251030707967e-07 0.001
9856 2.0040509434840501e-06 6.536146639580325e-07 1.3305139578930188e-07 0.001
9857 4.9667135916867255e-07 1.7659030786327351e-06 3.4688358706477896e-08 0.001
9858 1.7457025350168124e-06 6.8571088470791302e-07 5.6422566831500936e-09 0.001
9859 1.6724549557780998e-06 2.2480703403680486e-06 5.3288683815323238e-09 0.001
9860 1.2991752963963495e-06 2.3842176732122402e-06 1.1209458300215853e-07 0.001
9861 2.5753256571736408e-06 2.4027327143199089e-06 1.7323626674708376e-07 0.001
9862 9.3185658643444901e-07 1.744177150274274e-06 1.4634294328471297e-08 0.001
9863 1.6532034654125367e-06 2.183693625787625e-06 2.9252867471362991e-07 0.001
9864 1.3776431282536723e-06 1.2007223754252649e-06 4.8446230543644191e-08 0.001
9865 2.2031920255055932e-06 2.5614624233938158e-06 1.0105865350065874e-08 0.001
9866 1.8818267072981299e-06 1.9961076513362367e-06 1.8604529199393907e-08 0.001
9867 1.5027885680159442e-06 2.5703339048073748e-06 3.5880066072979641e-07 0.001
9868 8.856265641595025e-07 4.5628788481699596e-07 6.5967267094060312e-09 0.001
9869 2.1339598939340494e-06 5.3698255119514519e-07 6.478152819122046e-09 0.001
9870 1.3597774418921795e-06 7.7993089620506201e-07 4.5321845762616341e-08 0.001
9871 7.1966783894783186e-07 1.2443102705871991e-06 5.2984677298705296e-08 0.001
9872 8.7930592048307885e-07 1.3582036657194609e-06 2.9388744126784532e-09 0.001
9873 2.5047915620714005e-06 2.5200537486919693e-06 2.970645950600699e-08 0.001
9874 2.2500017987622505e-06 1.9534241630276521e-06 8.374746594806952e-08 0.001
9875 1.3794760608634182e-06 1.9061967827853955e-06 2.7581919583270272e-07 0.001
9876 1.1911930561073796e-06 1.8855229250246542e-06 4.8415461406860262e-09 0.001
9877 1.6787970746027894e-06 1.8665080562650754e-06 1.3164407097094474e-07 0.001
9878 9.0794765080088466e-07 2.1254857567965293e-06 2.2005523124916426e-07 0.001
9879 1.1213046481792049e-06 2.6163778062293115e-06 2.2566500287972517e-08 0.001
9880 1.7350806699952855e-06 7.5795085438165241e-07 2.6245019138111154e-08 0.001
9881 2.4426941431395122e-06 2.5373952020441116e-06 2.3880609206413583e-08 0.001
9882 1.9041002285742035e-06 2.134643410610939e-06 1.1485648168786716e-07 0.001
9883 1.3389456820840114e-06 8.4038785307077989e-07 1.3840231344273453e-07 0.001
9884 2.4311513132825825e-06 4.5822163401772748e-07 2.4939105385985273e-07 0.001
9885 1.0771389833369581e-06 5.6064264344264817e-07 5.4921104662878766e-08 0.001
9886 1.3767778626853325e-06 1.0061636620089784e-06 1.9712194733296762e-08 0.001
9887 2.4661200056221843e-06 1.1964840262841408e-06 6.0548732274623636e-09 0.001
9888 1.9049447230720388e-06 2.0390139867051295e-06 6.6485026970381673e-09 0.001
9889 2.1252980084786246e-06 1.4090028838959679e-06 3.7414410900850441e-08 0.001
9890 6.6312248385573132e-07 4.3218941096519779e-07 6.8468669441229982e-09 0.001
9891 1.4080264813834619e-06 1.8533455583472539e-06 1.7695024722760906e-07 0.001
9892 7.7181240435391161e-07 1.1321872106869506e-06 4.615591796850626e-09 0.001
9893 1.3466046549652329e-06 4.9858866882811982e-07 3.0474774456260247e-08 0.001
9894 6.5862076340027502e-07 2.1876458456056385e-06 6.1800973012807901e-09 0.001
9895 1.5704837436106915e-06 2.0123560399689234e-06 1.2925850213686082e-08 0.001
9896 6.9694146003883381e-07 8.7805717251101855e-07 9.3157598551429159e-08 0.001
9897 9.0524111540463007e-07 2.1112015345071729e-06 2.2252208747430799e-07 0.001
9898 6.4787584909836396e-07 1.0093798658463246e-06 1.3619540910227551e-07 0.001
9899 1.7633752270997381e-06 8.9329903995544352e-07 4.1283739437812527e-09 0.001
9900 2.1215961828905426e-06 2.5614733784610152e-06 5.2522539378914841e-09 0.001
9901 2.5770419373425664e-06 1.0411300117207935e-06 7.9680333624407105e-08 0.001
9902 2.0575455363497596e-06 2.3086612122159196e-06 7.0522245022767084e-08 0.001
9903 1.0462001938938283e-06 1.3472998529435222e-06 2.4616568317319363e-08 0.001
9904 9.4901670605175474e-07 8.0764142138407747e-07 1.3515923498693664e-07 0.001
9905 1.230570925138478e-06 1.0051876171651373e-06 8.8084141704734488e-08 0.001
9906 2.4651138205615109e-06 1.0269237587319782e-06 2.505917435840912e-08 0.001
9907 2.3296172589386932e-06 2.1548694426479533e-06 5.1355280630936633e-09 0.001
9908 1.4805653454412494e-06 5.8929923816692839e-07 7.0694651421552591e-08 0.001
9909 1.9905389500120701e-06 2.0736199395044487e-06 5.8894435747965993e-08 0.001
9910 2.0743788040692744e-06 1.6900227399080133e-06 1.3609643653080906e-08 0.001
9911 1.857456088651726e-06 2.6176368534654199e-06 8.251723790008578e-08 0.001
9912 2.3802065098625873e-06 1.2374495835173912e-06 1.431876583614392e-07 0.001
9913 1.134169427424814e-06 1.3700035696747013e-06 9.603899241086887e-09 0.001
9914 1.0159068561026536e-06 2.5746128236744131e-06 5.6124360333902468e-08 0.001
9915 1.7932747559446906e-06 1.7283679467054584e-06 1.7430967568713014e-08 0.001
9916 1.9410140802535398e-06 5.4757843466553715e-07 2.033334241585929e-07 0.001
9917 1.3449338280132825e-06 1.163329236490234e-06 7.7660713947796626e-09 0.001
9918 2.1812915968025825e-06 1.5300747808538268e-06 3.3378914489431654e-07 0.001
9919 2.4951528758550117e-06 2.2014935046748212e-06 1.1658947701694383e-07 0.001
9920 9.5606825852224525e-07 1.1647237252913226e-06 3.0445400707046294e-08 0.001
9921 1.5748248282051048e-06 1.3028127796295925e-06 2.4191352759435318e-07 0.001
9922 2.1059846355270884e-06 2.2937433589129597e-06 6.4243423755764235e-08 0.001
9923 2.1375542548640549e-06 2.0076071933219998e-06 3.8436758403288448e-07 0.001
9924 2.603142507668164e-06 2.0368600444839178e-06 6.6704058030048479e-08 0.001
9925 1.1522596494512674e-06 1.6334558723283709e-06 1.5335932754120925e-08 0.001
9926 8.1627102116324436e-07 1.0255801372697883e-06 7.6300624297514544e-09 0.001
9927 4.6176959958549486e-07 1.9887310093633088e-06 1.1407631735430513e-07 0.001
9928 4.2819743567960852e-07 2.5600071301717464e-06 4.6635092031270554e-08 0.001
9929 1.4615311660650143e-06 2.4998100113183677e-06 4.1124562692648294e-09 0.001
9930 2.5803837615749183e-06 4.2136479150195641e-07 5.8559037590476258e-09 0.001
9931 8.2438604172888495e-07 1.6560647750464641e-06 1.9499486003032875e-08 0.001
9932 1.9558803353791312e-06 4.408601643745378e-07 1.8043183428698549e-08 0.001
9933 1.2192481360370397e-06 2.5731128054751064e-06 2.9381566841815346e-07 0.001
9934 9.577396210619738e-07 1.9919156481283547e-06 3.8887583244226234e-09 0.001
9935 1.7389416453241586e-06 1.5928552603684673e-06 1.1592940682087713e-07 0.001
9936 1.7927910293815314e-06 2.4175701125934232e-06 5.1446585945191758e-08 0.001
9937 4.2657551895896173e-07 2.4828124326427552e-06 3.0728728829164472e-08 0.001
9938 2.3898597310222189e-06 2.1981990164071181e-06 1.1241701399821712e-07 0.001
9939 2.5748476713500094e-06 8.5847078267669877e-07 4.557206119609033e-09 0.001
9940 1.6052992137881751e-06 2.4839385052800921e-06 1.2838674338657138e-08 0.001
9941 1.641778859223072e-06 4.5977795360169127e-07 2.594701950209136e-09 0.001
9942 1.1478688387512503e-06 2.5151410710760672e-06 1.5058736413244948e-07 0.001
9943 1.4433712707737993e-06 1.6233728661992681e-06 1.9648096947065486e-08 0.001
9944 1.3607221911624379e-06 9.6860640337672697e-07 2.8015802472464503e-08 0.001
9945 2.488349327319352e-06 2.5987982487769317e-06 5.1509888450585628e-08 0.001
9946 1.4375229420131714e-06 2.1586915711184518e-06 2.8521668678313486e-08 0.001
9947 2.0834458922523797e-06 1.4796567743262662e-06 8.9578029075825181e-09 0.001
9948 1.3861476195435582e-06 7.1539996347547807e-07 9.2014892786115951e-08 0.001
9949 1.5060117744950732e-06 3.7902389391046767e-07 5.3614735784528512e-09 0.001
9950 1.9283623335878888e-06 2.2057992274547313e-06 1.1499327989641465e-08 0.001
9951 6.013084720695199e-07 2.388141428164537e-06 1.8681423825163585e-08 0.001
9952 1.2116353647173047e-06 6.0988359600044265e-07 8.2591755454460864e-09 0.001
9953 5.5983412382468158e-07 2.5414250891921729e-06 8.5852426068270376e-09 0.001
9954 1.5525927194440984e-06 1.7901433942956292e-06 1.164514691982612e-08 0.001
9955 1.3377747842180091e-06 1.1273967637022752e-06 1.015182393804523e-07 0.001
9956 2.3290338326018186e-06 1.91688419627137e-06 5.802375305733289e-09 0.001
9957 1.6373322328605978e-06 5.2020137779355195e-07 3.263122531279664e-08 0.001
9958 1.6053713488207567e-06 1.1636945592084366e-06 1.2933640125121958e-08 0.001
9959 1.7555872935303872e-06 1.78582384869018e-06 2.0215074331511414e-07 0.001
9960 4.5930949267454386e-07 1.4878139939027349e-06 2.2210761403698628e-09 0.001
9961 2.1559265557334177e-06 1.2105472552922832e-06 2.0839407347463105e-07 0.001
9962 2.5016965528242981e-06 2.3507586111973277e-06 3.2445942903355582e-07 0.001
9963 2.0777934482072086e-06 1.085588792001958e-06 6.2015856893419864e-09 0.001
9964 1.7229607081398335e-06 5.2402905307763737e-07 2.1826628283490232e-08 0.001
9965 2.5957492201063168e-06 2.3384446699938243e-06 5.5194473873893156e-08 0.001
9966 1.5862350451419167e-06 1.9361426088285265e-06 1.9999762827872648e-07 0.001
9967 5.0895700098834504e-07 1.5026182037671445e-06 1.530985855310417e-08 0.001
9968 2.1585252036504508e-06 9.5208548387538909e-07 1.3599361935564543e-07 0.001
9969 1.5947346755635548e-06 7.3029229781369874e-07 1.7824860017734667e-08 0.001
9970 1.2450647959881698e-06 1.1308790735492867e-06 5.6522256528326997e-09 0.001
9971 1.2587928667905205e-06 1.6854739636010723e-06 4.9251113906338662e-08 0.001
9972 1.6962910845370981e-06 9.7619442138220758e-07 3.5044560410229378e-08 0.001
9973 1.3923468585158032e-06 1.3592318631954299e-06 7.1775348434558892e-09 0.001
9974 2.2183330734441566e-06 2.3387627020346123e-06 3.2107078180071862e-08 0.001
9975 4.0244764751662837e-07 2.2369940111589351e-06 1.2271675718513854e-08 0.001
9976 1.2256795047267426e-06 2.47450828001359e-06 1.6352698324583924e-07 0.001
9977 1.0705733104863929e-06 1.5937094969391425e-06 2.2973097006148181e-07 0.001
9978 4.8519771910400899e-07 9.6799248465457281e-07 1.6026402316597923e-08 0.001
9979 2.4799194549023715e-06 1.0747656924943915e-06 9.4704363575753721e-09 0.001
9980 2.2963547000579762e-06 1.2737455902162653e-06 1.054886591109117e-07 0.001
9981 6.528616694209487e-07 1.5332433458766143e-06 3.9979459500158861e-08 0.001
9982 4.7958878505936262e-07 1.1665000414854509e-06 2.1723372068338642e-09 0.001
9983 2.2876818378200416e-06 1.0801216029820592e-06 7.3539605961758918e-09 0.001
9984 1.7482525419825887e-06 2.4071679928823876e-06 1.3816713041199982e-08 0.001
9985 1.2886209422581792e-06 4.024558608358009e-07 3.7844113251356667e-08 0.001
9986 1.1777797829245165e-06 9.3492801428636502e-07 2.686440135445507e-09 0.001
9987 2.4641384679240873e-06 2.6167993541393599e-06 3.0340037556424421e-08 0.001
9988 2.0886037974236947e-06 2.4403182029355165e-06 5.0528900437551581e-08 0.001
9989 9.6814482474399146e-07 1.6935902005338379e-06 3.6850515659443483e-09 0.001
9990 4.7746430933302964e-07 5.4179172840695931e-07 2.5042714860543205e-08 0.001
9991 2.4231787119736596e-06 2.5238455492224133e-06 7.4595315342788045e-08 0.001
9992 6.8603252556510778e-07 1.7357457134649028e-06 5.8311704181040598e-08 0.001
9993 9.6739618985855121e-07 1.3047772239484569e-06 5.5530083973989202e-08 0.001
9994 1.0937185784735546e-06 1.6528880378237156e-06 3.3683224985765274e-09 0.001
9995 1.0593990189720474e-06 8.9151758714567285e-07 2.3860748057170211e-08 0.001
9996 1.5144366562697512e-06 1.5548960805297491e-06 5.2759475570422892e-09 0.001
9997 1.9403673397990243e-06 2.4182917328848566e-06 4.3171036855963369e-08 0.001
9998 2.5282072379742146e-06 4.7665055477881283e-07 4.0459802418308938e-08 0.001
9999 1.8969746199572086e-06 1.6635846028544863e-06 2.7550294160754373e-07 0.001
