134156 12:54:42.532564 execve("/usr/bin/mpiexec", ["/usr/bin/mpiexec", "--allow-run-as-root", "-n", "1", "/bin/true"], 0x7ffe2e856040 /* 8 vars */) = 0
134156 12:54:42.533131 brk(NULL)        = 0x561416026000
134156 12:54:42.533183 mmap(NULL, 8192, PROT_READ|PROT_WRITE, MAP_PRIVATE|MAP_ANONYMOUS, -1, 0) = 0x7fd91a7f6000
134156 12:54:42.533253 access("/etc/ld.so.preload", R_OK) = -1 ENOENT (No such file or directory)
134156 12:54:42.533308 openat(AT_FDCWD, "/usr/lib/x86_64-linux-gnu/openmpi/lib/glibc-hwcaps/x86-64-v4/libopen-rte.so.40", O_RDONLY|O_CLOEXEC) = -1 ENOENT (No such file or directory)
134156 12:54:42.533345 newfstatat(AT_FDCWD, "/usr/lib/x86_64-linux-gnu/openmpi/lib/glibc-hwcaps/x86-64-v4/", 0x7ffc4fe60130, 0) = -1 ENOENT (No such file or directory)
134156 12:54:42.533375 openat(AT_FDCWD, "/usr/lib/x86_64-linux-gnu/openmpi/lib/glibc-hwcaps/x86-64-v3/libopen-rte.so.40", O_RDONLY|O_CLOEXEC) = -1 ENOENT (No such file or directory)
134156 12:54:42.533404 newfstatat(AT_FDCWD, "/usr/lib/x86_64-linux-gnu/openmpi/lib/glibc-hwcaps/x86-64-v3/", 0x7ffc4fe60130, 0) = -1 ENOENT (No such file or directory)
134156 12:54:42.533430 openat(AT_FDCWD, "/usr/lib/x86_64-linux-gnu/openmpi/lib/glibc-hwcaps/x86-64-v2/libopen-rte.so.40", O_RDONLY|O_CLOEXEC) = -1 ENOENT (No such file or directory)
134156 12:54:42.533457 newfstatat(AT_FDCWD, "/usr/lib/x86_64-linux-gnu/openmpi/lib/glibc-hwcaps/x86-64-v2/", 0x7ffc4fe60130, 0) = -1 ENOENT (No such file or directory)
134156 12:54:42.533483 openat(AT_FDCWD, "/usr/lib/x86_64-linux-gnu/openmpi/lib/libopen-rte.so.40", O_RDONLY|O_CLOEXEC) = -1 ENOENT (No such file or directory)
134156 12:54:42.533510 newfstatat(AT_FDCWD, "/usr/lib/x86_64-linux-gnu/openmpi/lib/", {st_mode=S_IFDIR|0755, st_size=4096, ...}, 0) = 0
134156 12:54:42.533545 openat(AT_FDCWD, "/etc/ld.so.cache", O_RDONLY|O_CLOEXEC) = 3
134156 12:54:42.533574 fstat(3, {st_mode=S_IFREG|0644, st_size=45811, ...}) = 0
134156 12:54:42.533600 mmap(NULL, 45811, PROT_READ, MAP_PRIVATE, 3, 0) = 0x7fd91a7ea000
134156 12:54:42.533625 close(3)         = 0
134156 12:54:42.533654 openat(AT_FDCWD, "/usr/lib/x86_64-linux-gnu/libopen-rte.so.40", O_RDONLY|O_CLOEXEC) = 3
134156 12:54:42.533686 read(3, "\177ELF\2\1\1\0\0\0\0\0\0\0\0\0\3\0>\0\1\0\0\0\0\0\0\0\0\0\0\0"..., 832) = 832
134156 12:54:42.533713 fstat(3, {st_mode=S_IFREG|0644, st_size=757352, ...}) = 0
134156 12:54:42.533739 mmap(NULL, 767664, PROT_READ, MAP_PRIVATE|MAP_DENYWRITE, 3, 0) = 0x7fd91a72e000
134156 12:54:42.533764 mmap(0x7fd91a745000, 536576, PROT_READ|PROT_EXEC, MAP_PRIVATE|MAP_FIXED|MAP_DENYWRITE, 3, 0x17000) = 0x7fd91a745000
134156 12:54:42.533795 mmap(0x7fd91a7c8000, 110592, PROT_READ, MAP_PRIVATE|MAP_FIXED|MAP_DENYWRITE, 3, 0x9a000) = 0x7fd91a7c8000
134156 12:54:42.533821 mmap(0x7fd91a7e3000, 20480, PROT_READ|PROT_WRITE, MAP_PRIVATE|MAP_FIXED|MAP_DENYWRITE, 3, 0xb4000) = 0x7fd91a7e3000
134156 12:54:42.533851 mmap(0x7fd91a7e8000, 5808, PROT_READ|PROT_WRITE, MAP_PRIVATE|MAP_FIXED|MAP_ANONYMOUS, -1, 0) = 0x7fd91a7e8000
134156 12:54:42.533886 close(3)         = 0
134156 12:54:42.533909 openat(AT_FDCWD, "/usr/lib/x86_64-linux-gnu/openmpi/lib/libopen-pal.so.40", O_RDONLY|O_CLOEXEC) = -1 ENOENT (No such file or directory)
134156 12:54:42.533938 openat(AT_FDCWD, "/usr/lib/x86_64-linux-gnu/libopen-pal.so.40", O_RDONLY|O_CLOEXEC) = 3
134156 12:54:42.533968 read(3, "\177ELF\2\1\1\0\0\0\0\0\0\0\0\0\3\0>\0\1\0\0\0\0\0\0\0\0\0\0\0"..., 832) = 832
134156 12:54:42.533994 fstat(3, {st_mode=S_IFREG|0644, st_size=704192, ...}) = 0
134156 12:54:42.534021 mmap(NULL, 733600, PROT_READ, MAP_PRIVATE|MAP_DENYWRITE, 3, 0) = 0x7fd91a67a000
134156 12:54:42.534045 mmap(0x7fd91a697000, 442368, PROT_READ|PROT_EXEC, MAP_PRIVATE|MAP_FIXED|MAP_DENYWRITE, 3, 0x1d000) = 0x7fd91a697000
134156 12:54:42.534073 mmap(0x7fd91a703000, 114688, PROT_READ, MAP_PRIVATE|MAP_FIXED|MAP_DENYWRITE, 3, 0x89000) = 0x7fd91a703000
134156 12:54:42.534099 mmap(0x7fd91a71f000, 32768, PROT_READ|PROT_WRITE, MAP_PRIVATE|MAP_FIXED|MAP_DENYWRITE, 3, 0xa4000) = 0x7fd91a71f000
134156 12:54:42.534129 mmap(0x7fd91a727000, 24992, PROT_READ|PROT_WRITE, MAP_PRIVATE|MAP_FIXED|MAP_ANONYMOUS, -1, 0) = 0x7fd91a727000
134156 12:54:42.534168 close(3)         = 0
134156 12:54:42.534194 openat(AT_FDCWD, "/usr/lib/x86_64-linux-gnu/openmpi/lib/libevent_core-2.1.so.7", O_RDONLY|O_CLOEXEC) = -1 ENOENT (No such file or directory)
134156 12:54:42.534223 openat(AT_FDCWD, "/usr/lib/x86_64-linux-gnu/libevent_core-2.1.so.7", O_RDONLY|O_CLOEXEC) = 3
134156 12:54:42.534254 read(3, "\177ELF\2\1\1\0\0\0\0\0\0\0\0\0\3\0>\0\1\0\0\0\0\0\0\0\0\0\0\0"..., 832) = 832
134156 12:54:42.534280 fstat(3, {st_mode=S_IFREG|0644, st_size=215216, ...}) = 0
134156 12:54:42.534308 mmap(NULL, 214632, PROT_READ, MAP_PRIVATE|MAP_DENYWRITE, 3, 0) = 0x7fd91a645000
134156 12:54:42.534329 mmap(0x7fd91a64e000, 126976, PROT_READ|PROT_EXEC, MAP_PRIVATE|MAP_FIXED|MAP_DENYWRITE, 3, 0x9000) = 0x7fd91a64e000
134156 12:54:42.534352 mmap(0x7fd91a66d000, 45056, PROT_READ, MAP_PRIVATE|MAP_FIXED|MAP_DENYWRITE, 3, 0x28000) = 0x7fd91a66d000
134156 12:54:42.534373 mmap(0x7fd91a678000, 8192, PROT_READ|PROT_WRITE, MAP_PRIVATE|MAP_FIXED|MAP_DENYWRITE, 3, 0x33000) = 0x7fd91a678000
134156 12:54:42.534401 close(3)         = 0
134156 12:54:42.534421 openat(AT_FDCWD, "/usr/lib/x86_64-linux-gnu/openmpi/lib/libc.so.6", O_RDONLY|O_CLOEXEC) = -1 ENOENT (No such file or directory)
134156 12:54:42.534444 openat(AT_FDCWD, "/usr/lib/x86_64-linux-gnu/libc.so.6", O_RDONLY|O_CLOEXEC) = 3
134156 12:54:42.534468 read(3, "\177ELF\2\1\1\3\0\0\0\0\0\0\0\0\3\0>\0\1\0\0\0\220\243\2\0\0\0\0\0"..., 832) = 832
134156 12:54:42.534490 pread64(3, "\6\0\0\0\4\0\0\0@\0\0\0\0\0\0\0@\0\0\0\0\0\0\0@\0\0\0\0\0\0\0"..., 784, 64) = 784
134156 12:54:42.534511 fstat(3, {st_mode=S_IFREG|0755, st_size=2129424, ...}) = 0
134156 12:54:42.534532 pread64(3, "\6\0\0\0\4\0\0\0@\0\0\0\0\0\0\0@\0\0\0\0\0\0\0@\0\0\0\0\0\0\0"..., 784, 64) = 784
134156 12:54:42.534552 mmap(NULL, 2174352, PROT_READ, MAP_PRIVATE|MAP_DENYWRITE, 3, 0) = 0x7fd91a432000
134156 12:54:42.534572 mmap(0x7fd91a45a000, 1609728, PROT_READ|PROT_EXEC, MAP_PRIVATE|MAP_FIXED|MAP_DENYWRITE, 3, 0x28000) = 0x7fd91a45a000
134156 12:54:42.534594 mmap(0x7fd91a5e3000, 323584, PROT_READ, MAP_PRIVATE|MAP_FIXED|MAP_DENYWRITE, 3, 0x1b1000) = 0x7fd91a5e3000
134156 12:54:42.534616 mmap(0x7fd91a632000, 24576, PROT_READ|PROT_WRITE, MAP_PRIVATE|MAP_FIXED|MAP_DENYWRITE, 3, 0x1ff000) = 0x7fd91a632000
134156 12:54:42.534641 mmap(0x7fd91a638000, 52624, PROT_READ|PROT_WRITE, MAP_PRIVATE|MAP_FIXED|MAP_ANONYMOUS, -1, 0) = 0x7fd91a638000
134156 12:54:42.534668 close(3)         = 0
134156 12:54:42.534690 openat(AT_FDCWD, "/usr/lib/x86_64-linux-gnu/openmpi/lib/libz.so.1", O_RDONLY|O_CLOEXEC) = -1 ENOENT (No such file or directory)
134156 12:54:42.534715 openat(AT_FDCWD, "/usr/lib/x86_64-linux-gnu/libz.so.1", O_RDONLY|O_CLOEXEC) = 3
134156 12:54:42.534741 read(3, "\177ELF\2\1\1\0\0\0\0\0\0\0\0\0\3\0>\0\1\0\0\0\0\0\0\0\0\0\0\0"..., 832) = 832
134156 12:54:42.534763 fstat(3, {st_mode=S_IFREG|0644, st_size=113000, ...}) = 0
134156 12:54:42.534786 mmap(NULL, 110744, PROT_READ, MAP_PRIVATE|MAP_DENYWRITE, 3, 0) = 0x7fd91a416000
134156 12:54:42.534806 mmap(0x7fd91a418000, 73728, PROT_READ|PROT_EXEC, MAP_PRIVATE|MAP_FIXED|MAP_DENYWRITE, 3, 0x2000) = 0x7fd91a418000
134156 12:54:42.534829 mmap(0x7fd91a42a000, 24576, PROT_READ, MAP_PRIVATE|MAP_FIXED|MAP_DENYWRITE, 3, 0x14000) = 0x7fd91a42a000
134156 12:54:42.534850 mmap(0x7fd91a430000, 8192, PROT_READ|PROT_WRITE, MAP_PRIVATE|MAP_FIXED|MAP_DENYWRITE, 3, 0x1a000) = 0x7fd91a430000
134156 12:54:42.534878 close(3)         = 0
134156 12:54:42.534898 openat(AT_FDCWD, "/usr/lib/x86_64-linux-gnu/openmpi/lib/libhwloc.so.15", O_RDONLY|O_CLOEXEC) = -1 ENOENT (No such file or directory)
134156 12:54:42.534921 openat(AT_FDCWD, "/usr/lib/x86_64-linux-gnu/libhwloc.so.15", O_RDONLY|O_CLOEXEC) = 3
134156 12:54:42.534947 read(3, "\177ELF\2\1\1\0\0\0\0\0\0\0\0\0\3\0>\0\1\0\0\0\0\0\0\0\0\0\0\0"..., 832) = 832
134156 12:54:42.534969 fstat(3, {st_mode=S_IFREG|0644, st_size=392576, ...}) = 0
134156 12:54:42.534990 mmap(NULL, 8192, PROT_READ|PROT_WRITE, MAP_PRIVATE|MAP_ANONYMOUS, -1, 0) = 0x7fd91a414000
134156 12:54:42.535012 mmap(NULL, 394712, PROT_READ, MAP_PRIVATE|MAP_DENYWRITE, 3, 0) = 0x7fd91a3b3000
134156 12:54:42.535034 mmap(0x7fd91a3b9000, 290816, PROT_READ|PROT_EXEC, MAP_PRIVATE|MAP_FIXED|MAP_DENYWRITE, 3, 0x6000) = 0x7fd91a3b9000
134156 12:54:42.535056 mmap(0x7fd91a400000, 73728, PROT_READ, MAP_PRIVATE|MAP_FIXED|MAP_DENYWRITE, 3, 0x4d000) = 0x7fd91a400000
134156 12:54:42.535078 mmap(0x7fd91a412000, 8192, PROT_READ|PROT_WRITE, MAP_PRIVATE|MAP_FIXED|MAP_DENYWRITE, 3, 0x5e000) = 0x7fd91a412000
134156 12:54:42.535106 close(3)         = 0
134156 12:54:42.535127 openat(AT_FDCWD, "/usr/lib/x86_64-linux-gnu/libevent_pthreads-2.1.so.7", O_RDONLY|O_CLOEXEC) = 3
134156 12:54:42.535153 read(3, "\177ELF\2\1\1\0\0\0\0\0\0\0\0\0\3\0>\0\1\0\0\0\0\0\0\0\0\0\0\0"..., 832) = 832
134156 12:54:42.535175 fstat(3, {st_mode=S_IFREG|0644, st_size=14256, ...}) = 0
134156 12:54:42.535197 mmap(NULL, 16400, PROT_READ, MAP_PRIVATE|MAP_DENYWRITE, 3, 0) = 0x7fd91a3ae000
134156 12:54:42.535218 mmap(0x7fd91a3af000, 4096, PROT_READ|PROT_EXEC, MAP_PRIVATE|MAP_FIXED|MAP_DENYWRITE, 3, 0x1000) = 0x7fd91a3af000
134156 12:54:42.535240 mmap(0x7fd91a3b0000, 4096, PROT_READ, MAP_PRIVATE|MAP_FIXED|MAP_DENYWRITE, 3, 0x2000) = 0x7fd91a3b0000
134156 12:54:42.535260 mmap(0x7fd91a3b1000, 8192, PROT_READ|PROT_WRITE, MAP_PRIVATE|MAP_FIXED|MAP_DENYWRITE, 3, 0x2000) = 0x7fd91a3b1000
134156 12:54:42.535287 close(3)         = 0
134156 12:54:42.535309 openat(AT_FDCWD, "/usr/lib/x86_64-linux-gnu/libm.so.6", O_RDONLY|O_CLOEXEC) = 3
134156 12:54:42.535338 read(3, "\177ELF\2\1\1\3\0\0\0\0\0\0\0\0\3\0>\0\1\0\0\0\0\0\0\0\0\0\0\0"..., 832) = 832
134156 12:54:42.535361 fstat(3, {st_mode=S_IFREG|0644, st_size=952616, ...}) = 0
134156 12:54:42.535386 mmap(NULL, 950296, PROT_READ, MAP_PRIVATE|MAP_DENYWRITE, 3, 0) = 0x7fd91a2c5000
134156 12:54:42.535407 mmap(0x7fd91a2d5000, 520192, PROT_READ|PROT_EXEC, MAP_PRIVATE|MAP_FIXED|MAP_DENYWRITE, 3, 0x10000) = 0x7fd91a2d5000
134156 12:54:42.535432 mmap(0x7fd91a354000, 360448, PROT_READ, MAP_PRIVATE|MAP_FIXED|MAP_DENYWRITE, 3, 0x8f000) = 0x7fd91a354000
134156 12:54:42.535455 mmap(0x7fd91a3ac000, 8192, PROT_READ|PROT_WRITE, MAP_PRIVATE|MAP_FIXED|MAP_DENYWRITE, 3, 0xe7000) = 0x7fd91a3ac000
134156 12:54:42.535486 close(3)         = 0
134156 12:54:42.535507 openat(AT_FDCWD, "/usr/lib/x86_64-linux-gnu/libudev.so.1", O_RDONLY|O_CLOEXEC) = 3
134156 12:54:42.535541 read(3, "\177ELF\2\1\1\0\0\0\0\0\0\0\0\0\3\0>\0\1\0\0\0\0\0\0\0\0\0\0\0"..., 832) = 832
134156 12:54:42.535568 fstat(3, {st_mode=S_IFREG|0644, st_size=207288, ...}) = 0
134156 12:54:42.535593 mmap(NULL, 207160, PROT_READ, MAP_PRIVATE|MAP_DENYWRITE, 3, 0) = 0x7fd91a292000
134156 12:54:42.535616 mmap(0x7fd91a297000, 139264, PROT_READ|PROT_EXEC, MAP_PRIVATE|MAP_FIXED|MAP_DENYWRITE, 3, 0x5000) = 0x7fd91a297000
134156 12:54:42.535640 mmap(0x7fd91a2b9000, 40960, PROT_READ, MAP_PRIVATE|MAP_FIXED|MAP_DENYWRITE, 3, 0x27000) = 0x7fd91a2b9000
134156 12:54:42.535662 mmap(0x7fd91a2c3000, 8192, PROT_READ|PROT_WRITE, MAP_PRIVATE|MAP_FIXED|MAP_DENYWRITE, 3, 0x31000) = 0x7fd91a2c3000
134156 12:54:42.535693 close(3)         = 0
134156 12:54:42.535715 openat(AT_FDCWD, "/usr/lib/x86_64-linux-gnu/libcap.so.2", O_RDONLY|O_CLOEXEC) = 3
134156 12:54:42.535743 read(3, "\177ELF\2\1\1\0\0\0\0\0\0\0\0\0\3\0>\0\1\0\0\0\320\202\0\0\0\0\0\0"..., 832) = 832
134156 12:54:42.535765 fstat(3, {st_mode=S_IFREG|0644, st_size=51536, ...}) = 0
134156 12:54:42.535790 mmap(NULL, 49224, PROT_READ, MAP_PRIVATE|MAP_DENYWRITE, 3, 0) = 0x7fd91a285000
134156 12:54:42.535812 mmap(0x7fd91a288000, 24576, PROT_READ|PROT_EXEC, MAP_PRIVATE|MAP_FIXED|MAP_DENYWRITE, 3, 0x3000) = 0x7fd91a288000
134156 12:54:42.535836 mmap(0x7fd91a28e000, 8192, PROT_READ, MAP_PRIVATE|MAP_FIXED|MAP_DENYWRITE, 3, 0x9000) = 0x7fd91a28e000
134156 12:54:42.535858 mmap(0x7fd91a290000, 8192, PROT_READ|PROT_WRITE, MAP_PRIVATE|MAP_FIXED|MAP_DENYWRITE, 3, 0xb000) = 0x7fd91a290000
134156 12:54:42.535887 close(3)         = 0
134156 12:54:42.535911 mmap(NULL, 8192, PROT_READ|PROT_WRITE, MAP_PRIVATE|MAP_ANONYMOUS, -1, 0) = 0x7fd91a283000
134156 12:54:42.535945 mmap(NULL, 12288, PROT_READ|PROT_WRITE, MAP_PRIVATE|MAP_ANONYMOUS, -1, 0) = 0x7fd91a280000
134156 12:54:42.535971 arch_prctl(ARCH_SET_FS, 0x7fd91a280740) = 0
134156 12:54:42.536008 set_tid_address(0x7fd91a280a10) = 134156
134156 12:54:42.536028 set_robust_list(0x7fd91a280a20, 24) = 0
134156 12:54:42.536048 rseq(0x7fd91a281060, 0x20, 0, 0x53053053) = 0
134156 12:54:42.536103 mprotect(0x7fd91a632000, 16384, PROT_READ) = 0
134156 12:54:42.536140 mprotect(0x7fd91a290000, 4096, PROT_READ) = 0
134156 12:54:42.536183 mprotect(0x7fd91a2c3000, 4096, PROT_READ) = 0
134156 12:54:42.536220 mprotect(0x7fd91a3ac000, 4096, PROT_READ) = 0
134156 12:54:42.536265 mprotect(0x7fd91a678000, 4096, PROT_READ) = 0
134156 12:54:42.536294 mprotect(0x7fd91a3b1000, 4096, PROT_READ) = 0
134156 12:54:42.536320 mprotect(0x7fd91a412000, 4096, PROT_READ) = 0
134156 12:54:42.536343 mprotect(0x7fd91a430000, 4096, PROT_READ) = 0
134156 12:54:42.536434 mprotect(0x7fd91a71f000, 12288, PROT_READ) = 0
134156 12:54:42.536515 mprotect(0x7fd91a7e3000, 4096, PROT_READ) = 0
134156 12:54:42.536540 mprotect(0x5613f05f7000, 4096, PROT_READ) = 0
134156 12:54:42.536564 mprotect(0x7fd91a82e000, 8192, PROT_READ) = 0
134156 12:54:42.536595 prlimit64(0, RLIMIT_STACK, NULL, {rlim_cur=8192*1024, rlim_max=RLIM64_INFINITY}) = 0
134156 12:54:42.536627 munmap(0x7fd91a7ea000, 45811) = 0
134156 12:54:42.536661 prctl(PR_CAPBSET_READ, CAP_MAC_OVERRIDE) = 0
134156 12:54:42.536682 prctl(PR_CAPBSET_READ, 0x30 /* CAP_??? */) = -1 EINVAL (Invalid argument)
134156 12:54:42.536703 prctl(PR_CAPBSET_READ, CAP_CHECKPOINT_RESTORE) = 0
134156 12:54:42.536723 prctl(PR_CAPBSET_READ, 0x2c /* CAP_??? */) = -1 EINVAL (Invalid argument)
134156 12:54:42.536743 prctl(PR_CAPBSET_READ, 0x2a /* CAP_??? */) = -1 EINVAL (Invalid argument)
134156 12:54:42.536762 prctl(PR_CAPBSET_READ, 0x29 /* CAP_??? */) = -1 EINVAL (Invalid argument)
134156 12:54:42.536814 getrandom("\x75\x1d\xc3\x74\x9d\xf5\x42\x58", 8, GRND_NONBLOCK) = 8
134156 12:54:42.536837 brk(NULL)        = 0x561416026000
134156 12:54:42.536857 brk(0x561416047000) = 0x561416047000
134156 12:54:42.536896 uname({sysname="Linux", nodename="f7c62a262077", ...}) = 0
134156 12:54:42.536929 uname({sysname="Linux", nodename="f7c62a262077", ...}) = 0
134156 12:54:42.536954 getpid()         = 134156
134156 12:54:42.536981 getpid()         = 134156
134156 12:54:42.537060 brk(0x56141606c000) = 0x56141606c000
134156 12:54:42.537103 getcwd("/workspace/formal_3D_flow_solver_FEM_SimVascular_lzy/sv1_3g/benchmarks", 4096) = 71
134156 12:54:42.537148 openat(AT_FDCWD, "/etc/openmpi/openmpi-mca-params.conf", O_RDONLY) = 3
134156 12:54:42.537180 ioctl(3, TCGETS, 0x7ffc4fe607c0) = -1 ENOTTY (Inappropriate ioctl for device)
134156 12:54:42.537249 fstat(3, {st_mode=S_IFREG|0644, st_size=3357, ...}) = 0
134156 12:54:42.537275 read(3, "#\n# Copyright (c) 2004-2005 The "..., 8192) = 3357
134156 12:54:42.537301 read(3, "", 4096) = 0
134156 12:54:42.537346 read(3, "", 8192) = 0
134156 12:54:42.537368 ioctl(3, TCGETS, 0x7ffc4fe60720) = -1 ENOTTY (Inappropriate ioctl for device)
134156 12:54:42.537394 close(3)         = 0
134156 12:54:42.537417 openat(AT_FDCWD, "/root/.openmpi/mca-params.conf", O_RDONLY) = -1 ENOENT (No such file or directory)
134156 12:54:42.537443 openat(AT_FDCWD, "/etc/openmpi/openmpi-mca-params.conf", O_RDONLY) = 3
134156 12:54:42.537470 ioctl(3, TCGETS, 0x7ffc4fe607c0) = -1 ENOTTY (Inappropriate ioctl for device)
134156 12:54:42.537495 brk(0x561416094000) = 0x561416094000
134156 12:54:42.537518 fstat(3, {st_mode=S_IFREG|0644, st_size=3357, ...}) = 0
134156 12:54:42.537541 read(3, "#\n# Copyright (c) 2004-2005 The "..., 8192) = 3357
134156 12:54:42.537566 read(3, "", 4096) = 0
134156 12:54:42.537609 read(3, "", 8192) = 0
134156 12:54:42.537630 ioctl(3, TCGETS, 0x7ffc4fe60720) = -1 ENOTTY (Inappropriate ioctl for device)
134156 12:54:42.537655 close(3)         = 0
134156 12:54:42.537676 brk(0x561416084000) = 0x561416084000
134156 12:54:42.537700 openat(AT_FDCWD, "/root/.openmpi/mca-params.conf", O_RDONLY) = -1 ENOENT (No such file or directory)
134156 12:54:42.537724 access("/etc/openmpi/openmpi-mca-params-override.conf", F_OK) = -1 ENOENT (No such file or directory)
134156 12:54:42.537790 uname({sysname="Linux", nodename="f7c62a262077", ...}) = 0
134156 12:54:42.537814 rt_sigaction(SIGABRT, NULL, {sa_handler=SIG_DFL, sa_mask=[], sa_flags=0}, 8) = 0
134156 12:54:42.537839 rt_sigaction(SIGABRT, {sa_handler=0x7fd91a6e9e20, sa_mask=[], sa_flags=SA_RESTORER|SA_RESETHAND|SA_SIGINFO|0xffffffff00000000, sa_restorer=0x7fd91a477330}, NULL, 8) = 0
134156 12:54:42.537862 rt_sigaction(SIGBUS, NULL, {sa_handler=SIG_DFL, sa_mask=[], sa_flags=0}, 8) = 0
134156 12:54:42.537884 rt_sigaction(SIGBUS, {sa_handler=0x7fd91a6e9e20, sa_mask=[], sa_flags=SA_RESTORER|SA_RESETHAND|SA_SIGINFO|0xffffffff00000000, sa_restorer=0x7fd91a477330}, NULL, 8) = 0
134156 12:54:42.537905 rt_sigaction(SIGFPE, NULL, {sa_handler=SIG_DFL, sa_mask=[], sa_flags=0}, 8) = 0
134156 12:54:42.537926 rt_sigaction(SIGFPE, {sa_handler=0x7fd91a6e9e20, sa_mask=[], sa_flags=SA_RESTORER|SA_RESETHAND|SA_SIGINFO|0xffffffff00000000, sa_restorer=0x7fd91a477330}, NULL, 8) = 0
134156 12:54:42.537947 rt_sigaction(SIGSEGV, NULL, {sa_handler=SIG_DFL, sa_mask=[], sa_flags=0}, 8) = 0
134156 12:54:42.537968 rt_sigaction(SIGSEGV, {sa_handler=0x7fd91a6e9e20, sa_mask=[], sa_flags=SA_RESTORER|SA_RESETHAND|SA_SIGINFO|0xffffffff00000000, sa_restorer=0x7fd91a477330}, NULL, 8) = 0
134156 12:54:42.538012 uname({sysname="Linux", nodename="f7c62a262077", ...}) = 0
134156 12:54:42.538034 getpid()         = 134156
134156 12:54:42.538069 openat(AT_FDCWD, "/usr/lib/x86_64-linux-gnu/openmpi/lib/openmpi3", O_RDONLY|O_NONBLOCK|O_CLOEXEC|O_DIRECTORY) = 3
134156 12:54:42.538098 fstat(3, {st_mode=S_IFDIR|0755, st_size=8192, ...}) = 0
134156 12:54:42.538124 getdents64(3, 0x5614160576f0 /* 123 entries */, 32768) = 5104
134156 12:54:42.538171 newfstatat(AT_FDCWD, "/usr/lib/x86_64-linux-gnu/openmpi/lib/openmpi3/.", {st_mode=S_IFDIR|0755, st_size=8192, ...}, 0) = 0
134156 12:54:42.538198 newfstatat(AT_FDCWD, "/usr/lib/x86_64-linux-gnu/openmpi/lib/openmpi3/..", {st_mode=S_IFDIR|0755, st_size=4096, ...}, 0) = 0
134156 12:54:42.538225 newfstatat(AT_FDCWD, "/usr/lib/x86_64-linux-gnu/openmpi/lib/openmpi3/mca_allocator_basic.so", {st_mode=S_IFREG|0644, st_size=18968, ...}, 0) = 0
134156 12:54:42.538253 newfstatat(AT_FDCWD, "/usr/lib/x86_64-linux-gnu/openmpi/lib/openmpi3/mca_allocator_bucket.so", {st_mode=S_IFREG|0644, st_size=14760, ...}, 0) = 0
134156 12:54:42.538281 newfstatat(AT_FDCWD, "/usr/lib/x86_64-linux-gnu/openmpi/lib/openmpi3/mca_atomic_basic.so", {st_mode=S_IFREG|0644, st_size=18976, ...}, 0) = 0
134156 12:54:42.538311 newfstatat(AT_FDCWD, "/usr/lib/x86_64-linux-gnu/openmpi/lib/openmpi3/mca_atomic_ucx.so", {st_mode=S_IFREG|0644, st_size=19168, ...}, 0) = 0
134156 12:54:42.538338 newfstatat(AT_FDCWD, "/usr/lib/x86_64-linux-gnu/openmpi/lib/openmpi3/mca_bml_r2.so", {st_mode=S_IFREG|0644, st_size=27320, ...}, 0) = 0
134156 12:54:42.538364 newfstatat(AT_FDCWD, "/usr/lib/x86_64-linux-gnu/openmpi/lib/openmpi3/mca_btl_ofi.so", {st_mode=S_IFREG|0644, st_size=49248, ...}, 0) = 0
134156 12:54:42.538391 newfstatat(AT_FDCWD, "/usr/lib/x86_64-linux-gnu/openmpi/lib/openmpi3/mca_btl_openib.so", {st_mode=S_IFREG|0644, st_size=208936, ...}, 0) = 0
134156 12:54:42.538417 newfstatat(AT_FDCWD, "/usr/lib/x86_64-linux-gnu/openmpi/lib/openmpi3/mca_btl_self.so", {st_mode=S_IFREG|0644, st_size=20856, ...}, 0) = 0
134156 12:54:42.538443 newfstatat(AT_FDCWD, "/usr/lib/x86_64-linux-gnu/openmpi/lib/openmpi3/mca_btl_sm.so", {st_mode=S_IFREG|0644, st_size=14584, ...}, 0) = 0
134156 12:54:42.538469 newfstatat(AT_FDCWD, "/usr/lib/x86_64-linux-gnu/openmpi/lib/openmpi3/mca_btl_tcp.so", {st_mode=S_IFREG|0644, st_size=80552, ...}, 0) = 0
134156 12:54:42.538494 newfstatat(AT_FDCWD, "/usr/lib/x86_64-linux-gnu/openmpi/lib/openmpi3/mca_btl_vader.so", {st_mode=S_IFREG|0644, st_size=54488, ...}, 0) = 0
134156 12:54:42.538521 newfstatat(AT_FDCWD, "/usr/lib/x86_64-linux-gnu/openmpi/lib/openmpi3/mca_coll_adapt.so", {st_mode=S_IFREG|0644, st_size=48288, ...}, 0) = 0
134156 12:54:42.538547 newfstatat(AT_FDCWD, "/usr/lib/x86_64-linux-gnu/openmpi/lib/openmpi3/mca_coll_basic.so", {st_mode=S_IFREG|0644, st_size=68008, ...}, 0) = 0
134156 12:54:42.538575 newfstatat(AT_FDCWD, "/usr/lib/x86_64-linux-gnu/openmpi/lib/openmpi3/mca_coll_han.so", {st_mode=S_IFREG|0644, st_size=114048, ...}, 0) = 0
134156 12:54:42.538601 newfstatat(AT_FDCWD, "/usr/lib/x86_64-linux-gnu/openmpi/lib/openmpi3/mca_coll_inter.so", {st_mode=S_IFREG|0644, st_size=18760, ...}, 0) = 0
134156 12:54:42.538627 newfstatat(AT_FDCWD, "/usr/lib/x86_64-linux-gnu/openmpi/lib/openmpi3/mca_coll_libnbc.so", {st_mode=S_IFREG|0644, st_size=139024, ...}, 0) = 0
134156 12:54:42.538653 newfstatat(AT_FDCWD, "/usr/lib/x86_64-linux-gnu/openmpi/lib/openmpi3/mca_coll_monitoring.so", {st_mode=S_IFREG|0644, st_size=59960, ...}, 0) = 0
134156 12:54:42.538679 newfstatat(AT_FDCWD, "/usr/lib/x86_64-linux-gnu/openmpi/lib/openmpi3/mca_coll_self.so", {st_mode=S_IFREG|0644, st_size=14632, ...}, 0) = 0
134156 12:54:42.538706 newfstatat(AT_FDCWD, "/usr/lib/x86_64-linux-gnu/openmpi/lib/openmpi3/mca_coll_sm.so", {st_mode=S_IFREG|0644, st_size=39600, ...}, 0) = 0
134156 12:54:42.538732 newfstatat(AT_FDCWD, "/usr/lib/x86_64-linux-gnu/openmpi/lib/openmpi3/mca_coll_sync.so", {st_mode=S_IFREG|0644, st_size=18912, ...}, 0) = 0
134156 12:54:42.538758 newfstatat(AT_FDCWD, "/usr/lib/x86_64-linux-gnu/openmpi/lib/openmpi3/mca_coll_tuned.so", {st_mode=S_IFREG|0644, st_size=76944, ...}, 0) = 0
134156 12:54:42.538784 newfstatat(AT_FDCWD, "/usr/lib/x86_64-linux-gnu/openmpi/lib/openmpi3/mca_compress_bzip.so", {st_mode=S_IFREG|0644, st_size=14920, ...}, 0) = 0
134156 12:54:42.538810 newfstatat(AT_FDCWD, "/usr/lib/x86_64-linux-gnu/openmpi/lib/openmpi3/mca_compress_gzip.so", {st_mode=S_IFREG|0644, st_size=14920, ...}, 0) = 0
134156 12:54:42.538836 newfstatat(AT_FDCWD, "/usr/lib/x86_64-linux-gnu/openmpi/lib/openmpi3/mca_crs_none.so", {st_mode=S_IFREG|0644, st_size=14920, ...}, 0) = 0
134156 12:54:42.538862 newfstatat(AT_FDCWD, "/usr/lib/x86_64-linux-gnu/openmpi/lib/openmpi3/mca_errmgr_default_app.so", {st_mode=S_IFREG|0644, st_size=14944, ...}, 0) = 0
134156 12:54:42.538888 newfstatat(AT_FDCWD, "/usr/lib/x86_64-linux-gnu/openmpi/lib/openmpi3/mca_errmgr_default_hnp.so", {st_mode=S_IFREG|0644, st_size=27264, ...}, 0) = 0
134156 12:54:42.538915 newfstatat(AT_FDCWD, "/usr/lib/x86_64-linux-gnu/openmpi/lib/openmpi3/mca_errmgr_default_orted.so", {st_mode=S_IFREG|0644, st_size=31392, ...}, 0) = 0
134156 12:54:42.538941 newfstatat(AT_FDCWD, "/usr/lib/x86_64-linux-gnu/openmpi/lib/openmpi3/mca_errmgr_default_tool.so", {st_mode=S_IFREG|0644, st_size=14848, ...}, 0) = 0
134156 12:54:42.538967 newfstatat(AT_FDCWD, "/usr/lib/x86_64-linux-gnu/openmpi/lib/openmpi3/mca_ess_env.so", {st_mode=S_IFREG|0644, st_size=14840, ...}, 0) = 0
134156 12:54:42.538993 newfstatat(AT_FDCWD, "/usr/lib/x86_64-linux-gnu/openmpi/lib/openmpi3/mca_ess_hnp.so", {st_mode=S_IFREG|0644, st_size=31800, ...}, 0) = 0
134156 12:54:42.539019 newfstatat(AT_FDCWD, "/usr/lib/x86_64-linux-gnu/openmpi/lib/openmpi3/mca_ess_pmi.so", {st_mode=S_IFREG|0644, st_size=27384, ...}, 0) = 0
134156 12:54:42.539045 newfstatat(AT_FDCWD, "/usr/lib/x86_64-linux-gnu/openmpi/lib/openmpi3/mca_ess_singleton.so", {st_mode=S_IFREG|0644, st_size=27536, ...}, 0) = 0
134156 12:54:42.539071 newfstatat(AT_FDCWD, "/usr/lib/x86_64-linux-gnu/openmpi/lib/openmpi3/mca_ess_slurm.so", {st_mode=S_IFREG|0644, st_size=14872, ...}, 0) = 0
134156 12:54:42.539097 newfstatat(AT_FDCWD, "/usr/lib/x86_64-linux-gnu/openmpi/lib/openmpi3/mca_ess_tool.so", {st_mode=S_IFREG|0644, st_size=14864, ...}, 0) = 0
134156 12:54:42.539123 newfstatat(AT_FDCWD, "/usr/lib/x86_64-linux-gnu/openmpi/lib/openmpi3/mca_fbtl_posix.so", {st_mode=S_IFREG|0644, st_size=27256, ...}, 0) = 0
134156 12:54:42.539149 newfstatat(AT_FDCWD, "/usr/lib/x86_64-linux-gnu/openmpi/lib/openmpi3/mca_fcoll_dynamic.so", {st_mode=S_IFREG|0644, st_size=35416, ...}, 0) = 0
134156 12:54:42.539175 newfstatat(AT_FDCWD, "/usr/lib/x86_64-linux-gnu/openmpi/lib/openmpi3/mca_fcoll_dynamic_gen2.so", {st_mode=S_IFREG|0644, st_size=39512, ...}, 0) = 0
134156 12:54:42.539201 newfstatat(AT_FDCWD, "/usr/lib/x86_64-linux-gnu/openmpi/lib/openmpi3/mca_fcoll_individual.so", {st_mode=S_IFREG|0644, st_size=14656, ...}, 0) = 0
134156 12:54:42.539232 newfstatat(AT_FDCWD, "/usr/lib/x86_64-linux-gnu/openmpi/lib/openmpi3/mca_fcoll_two_phase.so", {st_mode=S_IFREG|0644, st_size=43608, ...}, 0) = 0
134156 12:54:42.539258 newfstatat(AT_FDCWD, "/usr/lib/x86_64-linux-gnu/openmpi/lib/openmpi3/mca_fcoll_vulcan.so", {st_mode=S_IFREG|0644, st_size=39544, ...}, 0) = 0
134156 12:54:42.539284 newfstatat(AT_FDCWD, "/usr/lib/x86_64-linux-gnu/openmpi/lib/openmpi3/mca_filem_raw.so", {st_mode=S_IFREG|0644, st_size=31864, ...}, 0) = 0
134156 12:54:42.539310 newfstatat(AT_FDCWD, "/usr/lib/x86_64-linux-gnu/openmpi/lib/openmpi3/mca_fs_ufs.so", {st_mode=S_IFREG|0644, st_size=14872, ...}, 0) = 0
134156 12:54:42.539336 newfstatat(AT_FDCWD, "/usr/lib/x86_64-linux-gnu/openmpi/lib/openmpi3/mca_grpcomm_direct.so", {st_mode=S_IFREG|0644, st_size=31264, ...}, 0) = 0
134156 12:54:42.539362 newfstatat(AT_FDCWD, "/usr/lib/x86_64-linux-gnu/openmpi/lib/openmpi3/mca_io_ompio.so", {st_mode=S_IFREG|0644, st_size=44304, ...}, 0) = 0
134156 12:54:42.539388 newfstatat(AT_FDCWD, "/usr/lib/x86_64-linux-gnu/openmpi/lib/openmpi3/mca_io_romio321.so", {st_mode=S_IFREG|0644, st_size=306152, ...}, 0) = 0
134156 12:54:42.539414 newfstatat(AT_FDCWD, "/usr/lib/x86_64-linux-gnu/openmpi/lib/openmpi3/mca_iof_hnp.so", {st_mode=S_IFREG|0644, st_size=31624, ...}, 0) = 0
134156 12:54:42.539440 newfstatat(AT_FDCWD, "/usr/lib/x86_64-linux-gnu/openmpi/lib/openmpi3/mca_iof_orted.so", {st_mode=S_IFREG|0644, st_size=27368, ...}, 0) = 0
134156 12:54:42.539466 newfstatat(AT_FDCWD, "/usr/lib/x86_64-linux-gnu/openmpi/lib/openmpi3/mca_iof_tool.so", {st_mode=S_IFREG|0644, st_size=14856, ...}, 0) = 0
134156 12:54:42.539492 newfstatat(AT_FDCWD, "/usr/lib/x86_64-linux-gnu/openmpi/lib/openmpi3/mca_memheap_buddy.so", {st_mode=S_IFREG|0644, st_size=19184, ...}, 0) = 0
134156 12:54:42.539518 newfstatat(AT_FDCWD, "/usr/lib/x86_64-linux-gnu/openmpi/lib/openmpi3/mca_memheap_ptmalloc.so", {st_mode=S_IFREG|0644, st_size=35488, ...}, 0) = 0
134156 12:54:42.539605 newfstatat(AT_FDCWD, "/usr/lib/x86_64-linux-gnu/openmpi/lib/openmpi3/mca_mpool_hugepage.so", {st_mode=S_IFREG|0644, st_size=23368, ...}, 0) = 0
134156 12:54:42.539656 newfstatat(AT_FDCWD, "/usr/lib/x86_64-linux-gnu/openmpi/lib/openmpi3/mca_mtl_ofi.so", {st_mode=S_IFREG|0644, st_size=85552, ...}, 0) = 0
134156 12:54:42.539702 newfstatat(AT_FDCWD, "/usr/lib/x86_64-linux-gnu/openmpi/lib/openmpi3/mca_mtl_psm.so", {st_mode=S_IFREG|0644, st_size=27712, ...}, 0) = 0
134156 12:54:42.539749 newfstatat(AT_FDCWD, "/usr/lib/x86_64-linux-gnu/openmpi/lib/openmpi3/mca_mtl_psm2.so", {st_mode=S_IFREG|0644, st_size=31896, ...}, 0) = 0
134156 12:54:42.539792 newfstatat(AT_FDCWD, "/usr/lib/x86_64-linux-gnu/openmpi/lib/openmpi3/mca_odls_default.so", {st_mode=S_IFREG|0644, st_size=23328, ...}, 0) = 0
134156 12:54:42.539833 newfstatat(AT_FDCWD, "/usr/lib/x86_64-linux-gnu/openmpi/lib/openmpi3/mca_odls_pspawn.so", {st_mode=S_IFREG|0644, st_size=19104, ...}, 0) = 0
134156 12:54:42.539872 newfstatat(AT_FDCWD, "/usr/lib/x86_64-linux-gnu/openmpi/lib/openmpi3/mca_oob_tcp.so", {st_mode=S_IFREG|0644, st_size=86304, ...}, 0) = 0
134156 12:54:42.539911 newfstatat(AT_FDCWD, "/usr/lib/x86_64-linux-gnu/openmpi/lib/openmpi3/mca_op_avx.so", {st_mode=S_IFREG|0644, st_size=220696, ...}, 0) = 0
134156 12:54:42.539949 newfstatat(AT_FDCWD, "/usr/lib/x86_64-linux-gnu/openmpi/lib/openmpi3/mca_osc_monitoring.so", {st_mode=S_IFREG|0644, st_size=47640, ...}, 0) = 0
134156 12:54:42.539988 newfstatat(AT_FDCWD, "/usr/lib/x86_64-linux-gnu/openmpi/lib/openmpi3/mca_osc_pt2pt.so", {st_mode=S_IFREG|0644, st_size=112376, ...}, 0) = 0
134156 12:54:42.540028 newfstatat(AT_FDCWD, "/usr/lib/x86_64-linux-gnu/openmpi/lib/openmpi3/mca_osc_rdma.so", {st_mode=S_IFREG|0644, st_size=111496, ...}, 0) = 0
134156 12:54:42.540067 newfstatat(AT_FDCWD, "/usr/lib/x86_64-linux-gnu/openmpi/lib/openmpi3/mca_osc_sm.so", {st_mode=S_IFREG|0644, st_size=36008, ...}, 0) = 0
134156 12:54:42.540104 newfstatat(AT_FDCWD, "/usr/lib/x86_64-linux-gnu/openmpi/lib/openmpi3/mca_osc_ucx.so", {st_mode=S_IFREG|0644, st_size=116136, ...}, 0) = 0
134156 12:54:42.540148 newfstatat(AT_FDCWD, "/usr/lib/x86_64-linux-gnu/openmpi/lib/openmpi3/mca_patcher_overwrite.so", {st_mode=S_IFREG|0644, st_size=14976, ...}, 0) = 0
134156 12:54:42.540187 newfstatat(AT_FDCWD, "/usr/lib/x86_64-linux-gnu/openmpi/lib/openmpi3/mca_plm_isolated.so", {st_mode=S_IFREG|0644, st_size=14880, ...}, 0) = 0
134156 12:54:42.540226 newfstatat(AT_FDCWD, "/usr/lib/x86_64-linux-gnu/openmpi/lib/openmpi3/mca_plm_rsh.so", {st_mode=S_IFREG|0644, st_size=48448, ...}, 0) = 0
134156 12:54:42.540266 newfstatat(AT_FDCWD, "/usr/lib/x86_64-linux-gnu/openmpi/lib/openmpi3/mca_plm_slurm.so", {st_mode=S_IFREG|0644, st_size=23392, ...}, 0) = 0
134156 12:54:42.540305 newfstatat(AT_FDCWD, "/usr/lib/x86_64-linux-gnu/openmpi/lib/openmpi3/mca_pmix_ext3x.so", {st_mode=S_IFREG|0644, st_size=119184, ...}, 0) = 0
134156 12:54:42.540344 newfstatat(AT_FDCWD, "/usr/lib/x86_64-linux-gnu/openmpi/lib/openmpi3/mca_pmix_flux.so", {st_mode=S_IFREG|0644, st_size=31440, ...}, 0) = 0
134156 12:54:42.540382 newfstatat(AT_FDCWD, "/usr/lib/x86_64-linux-gnu/openmpi/lib/openmpi3/mca_pmix_isolated.so", {st_mode=S_IFREG|0644, st_size=23152, ...}, 0) = 0
134156 12:54:42.540419 newfstatat(AT_FDCWD, "/usr/lib/x86_64-linux-gnu/openmpi/lib/openmpi3/mca_pml_cm.so", {st_mode=S_IFREG|0644, st_size=44304, ...}, 0) = 0
134156 12:54:42.540457 newfstatat(AT_FDCWD, "/usr/lib/x86_64-linux-gnu/openmpi/lib/openmpi3/mca_pml_monitoring.so", {st_mode=S_IFREG|0644, st_size=19048, ...}, 0) = 0
134156 12:54:42.540494 newfstatat(AT_FDCWD, "/usr/lib/x86_64-linux-gnu/openmpi/lib/openmpi3/mca_pml_ob1.so", {st_mode=S_IFREG|0644, st_size=124632, ...}, 0) = 0
134156 12:54:42.540533 newfstatat(AT_FDCWD, "/usr/lib/x86_64-linux-gnu/openmpi/lib/openmpi3/mca_pml_ucx.so", {st_mode=S_IFREG|0644, st_size=53816, ...}, 0) = 0
134156 12:54:42.540572 newfstatat(AT_FDCWD, "/usr/lib/x86_64-linux-gnu/openmpi/lib/openmpi3/mca_pstat_linux.so", {st_mode=S_IFREG|0644, st_size=22872, ...}, 0) = 0
134156 12:54:42.540611 newfstatat(AT_FDCWD, "/usr/lib/x86_64-linux-gnu/openmpi/lib/openmpi3/mca_ras_gridengine.so", {st_mode=S_IFREG|0644, st_size=14896, ...}, 0) = 0
134156 12:54:42.540649 newfstatat(AT_FDCWD, "/usr/lib/x86_64-linux-gnu/openmpi/lib/openmpi3/mca_ras_simulator.so", {st_mode=S_IFREG|0644, st_size=23184, ...}, 0) = 0
134156 12:54:42.540688 newfstatat(AT_FDCWD, "/usr/lib/x86_64-linux-gnu/openmpi/lib/openmpi3/mca_ras_slurm.so", {st_mode=S_IFREG|0644, st_size=31768, ...}, 0) = 0
134156 12:54:42.540726 newfstatat(AT_FDCWD, "/usr/lib/x86_64-linux-gnu/openmpi/lib/openmpi3/mca_rcache_grdma.so", {st_mode=S_IFREG|0644, st_size=19096, ...}, 0) = 0
134156 12:54:42.540763 newfstatat(AT_FDCWD, "/usr/lib/x86_64-linux-gnu/openmpi/lib/openmpi3/mca_reachable_netlink.so", {st_mode=S_IFREG|0644, st_size=19344, ...}, 0) = 0
134156 12:54:42.540801 newfstatat(AT_FDCWD, "/usr/lib/x86_64-linux-gnu/openmpi/lib/openmpi3/mca_reachable_weighted.so", {st_mode=S_IFREG|0644, st_size=14864, ...}, 0) = 0
134156 12:54:42.540839 newfstatat(AT_FDCWD, "/usr/lib/x86_64-linux-gnu/openmpi/lib/openmpi3/mca_regx_fwd.so", {st_mode=S_IFREG|0644, st_size=19040, ...}, 0) = 0
134156 12:54:42.540877 newfstatat(AT_FDCWD, "/usr/lib/x86_64-linux-gnu/openmpi/lib/openmpi3/mca_regx_naive.so", {st_mode=S_IFREG|0644, st_size=14912, ...}, 0) = 0
134156 12:54:42.540914 newfstatat(AT_FDCWD, "/usr/lib/x86_64-linux-gnu/openmpi/lib/openmpi3/mca_regx_reverse.so", {st_mode=S_IFREG|0644, st_size=19040, ...}, 0) = 0
134156 12:54:42.540951 newfstatat(AT_FDCWD, "/usr/lib/x86_64-linux-gnu/openmpi/lib/openmpi3/mca_rmaps_mindist.so", {st_mode=S_IFREG|0644, st_size=19008, ...}, 0) = 0
134156 12:54:42.540990 newfstatat(AT_FDCWD, "/usr/lib/x86_64-linux-gnu/openmpi/lib/openmpi3/mca_rmaps_ppr.so", {st_mode=S_IFREG|0644, st_size=27264, ...}, 0) = 0
134156 12:54:42.541028 newfstatat(AT_FDCWD, "/usr/lib/x86_64-linux-gnu/openmpi/lib/openmpi3/mca_rmaps_rank_file.so", {st_mode=S_IFREG|0644, st_size=39800, ...}, 0) = 0
134156 12:54:42.541067 newfstatat(AT_FDCWD, "/usr/lib/x86_64-linux-gnu/openmpi/lib/openmpi3/mca_rmaps_resilient.so", {st_mode=S_IFREG|0644, st_size=27384, ...}, 0) = 0
134156 12:54:42.541109 newfstatat(AT_FDCWD, "/usr/lib/x86_64-linux-gnu/openmpi/lib/openmpi3/mca_rmaps_round_robin.so", {st_mode=S_IFREG|0644, st_size=27200, ...}, 0) = 0
134156 12:54:42.541147 newfstatat(AT_FDCWD, "/usr/lib/x86_64-linux-gnu/openmpi/lib/openmpi3/mca_rmaps_seq.so", {st_mode=S_IFREG|0644, st_size=23288, ...}, 0) = 0
134156 12:54:42.541186 newfstatat(AT_FDCWD, "/usr/lib/x86_64-linux-gnu/openmpi/lib/openmpi3/mca_rml_oob.so", {st_mode=S_IFREG|0644, st_size=23112, ...}, 0) = 0
134156 12:54:42.541224 newfstatat(AT_FDCWD, "/usr/lib/x86_64-linux-gnu/openmpi/lib/openmpi3/mca_routed_binomial.so", {st_mode=S_IFREG|0644, st_size=14936, ...}, 0) = 0
134156 12:54:42.541261 newfstatat(AT_FDCWD, "/usr/lib/x86_64-linux-gnu/openmpi/lib/openmpi3/mca_routed_direct.so", {st_mode=S_IFREG|0644, st_size=14904, ...}, 0) = 0
134156 12:54:42.541303 newfstatat(AT_FDCWD, "/usr/lib/x86_64-linux-gnu/openmpi/lib/openmpi3/mca_routed_radix.so", {st_mode=S_IFREG|0644, st_size=14920, ...}, 0) = 0
134156 12:54:42.541341 newfstatat(AT_FDCWD, "/usr/lib/x86_64-linux-gnu/openmpi/lib/openmpi3/mca_rtc_hwloc.so", {st_mode=S_IFREG|0644, st_size=27464, ...}, 0) = 0
134156 12:54:42.541379 newfstatat(AT_FDCWD, "/usr/lib/x86_64-linux-gnu/openmpi/lib/openmpi3/mca_schizo_flux.so", {st_mode=S_IFREG|0644, st_size=14856, ...}, 0) = 0
134156 12:54:42.541419 newfstatat(AT_FDCWD, "/usr/lib/x86_64-linux-gnu/openmpi/lib/openmpi3/mca_schizo_jsm.so", {st_mode=S_IFREG|0644, st_size=14856, ...}, 0) = 0
134156 12:54:42.541457 newfstatat(AT_FDCWD, "/usr/lib/x86_64-linux-gnu/openmpi/lib/openmpi3/mca_schizo_ompi.so", {st_mode=S_IFREG|0644, st_size=46368, ...}, 0) = 0
134156 12:54:42.541494 newfstatat(AT_FDCWD, "/usr/lib/x86_64-linux-gnu/openmpi/lib/openmpi3/mca_schizo_orte.so", {st_mode=S_IFREG|0644, st_size=14856, ...}, 0) = 0
134156 12:54:42.541532 newfstatat(AT_FDCWD, "/usr/lib/x86_64-linux-gnu/openmpi/lib/openmpi3/mca_schizo_slurm.so", {st_mode=S_IFREG|0644, st_size=14920, ...}, 0) = 0
134156 12:54:42.541571 newfstatat(AT_FDCWD, "/usr/lib/x86_64-linux-gnu/openmpi/lib/openmpi3/mca_scoll_basic.so", {st_mode=S_IFREG|0644, st_size=43576, ...}, 0) = 0
134156 12:54:42.541610 newfstatat(AT_FDCWD, "/usr/lib/x86_64-linux-gnu/openmpi/lib/openmpi3/mca_scoll_mpi.so", {st_mode=S_IFREG|0644, st_size=23104, ...}, 0) = 0
134156 12:54:42.541648 newfstatat(AT_FDCWD, "/usr/lib/x86_64-linux-gnu/openmpi/lib/openmpi3/mca_sharedfp_individual.so", {st_mode=S_IFREG|0644, st_size=31384, ...}, 0) = 0
134156 12:54:42.541686 newfstatat(AT_FDCWD, "/usr/lib/x86_64-linux-gnu/openmpi/lib/openmpi3/mca_sharedfp_lockedfile.so", {st_mode=S_IFREG|0644, st_size=31512, ...}, 0) = 0
134156 12:54:42.541724 newfstatat(AT_FDCWD, "/usr/lib/x86_64-linux-gnu/openmpi/lib/openmpi3/mca_sharedfp_sm.so", {st_mode=S_IFREG|0644, st_size=31512, ...}, 0) = 0
134156 12:54:42.541763 newfstatat(AT_FDCWD, "/usr/lib/x86_64-linux-gnu/openmpi/lib/openmpi3/mca_shmem_mmap.so", {st_mode=S_IFREG|0644, st_size=19120, ...}, 0) = 0
134156 12:54:42.541803 newfstatat(AT_FDCWD, "/usr/lib/x86_64-linux-gnu/openmpi/lib/openmpi3/mca_shmem_posix.so", {st_mode=S_IFREG|0644, st_size=14928, ...}, 0) = 0
134156 12:54:42.541842 newfstatat(AT_FDCWD, "/usr/lib/x86_64-linux-gnu/openmpi/lib/openmpi3/mca_shmem_sysv.so", {st_mode=S_IFREG|0644, st_size=14896, ...}, 0) = 0
134156 12:54:42.541881 newfstatat(AT_FDCWD, "/usr/lib/x86_64-linux-gnu/openmpi/lib/openmpi3/mca_spml_ucx.so", {st_mode=S_IFREG|0644, st_size=48656, ...}, 0) = 0
134156 12:54:42.541920 newfstatat(AT_FDCWD, "/usr/lib/x86_64-linux-gnu/openmpi/lib/openmpi3/mca_sshmem_mmap.so", {st_mode=S_IFREG|0644, st_size=14904, ...}, 0) = 0
134156 12:54:42.541957 newfstatat(AT_FDCWD, "/usr/lib/x86_64-linux-gnu/openmpi/lib/openmpi3/mca_sshmem_sysv.so", {st_mode=S_IFREG|0644, st_size=14928, ...}, 0) = 0
134156 12:54:42.541995 newfstatat(AT_FDCWD, "/usr/lib/x86_64-linux-gnu/openmpi/lib/openmpi3/mca_sshmem_ucx.so", {st_mode=S_IFREG|0644, st_size=14896, ...}, 0) = 0
134156 12:54:42.542033 newfstatat(AT_FDCWD, "/usr/lib/x86_64-linux-gnu/openmpi/lib/openmpi3/mca_state_app.so", {st_mode=S_IFREG|0644, st_size=14872, ...}, 0) = 0
134156 12:54:42.542077 newfstatat(AT_FDCWD, "/usr/lib/x86_64-linux-gnu/openmpi/lib/openmpi3/mca_state_hnp.so", {st_mode=S_IFREG|0644, st_size=23240, ...}, 0) = 0
134156 12:54:42.542116 newfstatat(AT_FDCWD, "/usr/lib/x86_64-linux-gnu/openmpi/lib/openmpi3/mca_state_novm.so", {st_mode=S_IFREG|0644, st_size=19176, ...}, 0) = 0
134156 12:54:42.542154 newfstatat(AT_FDCWD, "/usr/lib/x86_64-linux-gnu/openmpi/lib/openmpi3/mca_state_orted.so", {st_mode=S_IFREG|0644, st_size=27400, ...}, 0) = 0
134156 12:54:42.542192 newfstatat(AT_FDCWD, "/usr/lib/x86_64-linux-gnu/openmpi/lib/openmpi3/mca_state_tool.so", {st_mode=S_IFREG|0644, st_size=14872, ...}, 0) = 0
134156 12:54:42.542230 newfstatat(AT_FDCWD, "/usr/lib/x86_64-linux-gnu/openmpi/lib/openmpi3/libompi_dbg_msgq.so", {st_mode=S_IFREG|0644, st_size=51312, ...}, 0) = 0
134156 12:54:42.542268 newfstatat(AT_FDCWD, "/usr/lib/x86_64-linux-gnu/openmpi/lib/openmpi3/mca_topo_basic.so", {st_mode=S_IFREG|0644, st_size=14768, ...}, 0) = 0
134156 12:54:42.542309 newfstatat(AT_FDCWD, "/usr/lib/x86_64-linux-gnu/openmpi/lib/openmpi3/mca_topo_treematch.so", {st_mode=S_IFREG|0644, st_size=134248, ...}, 0) = 0
134156 12:54:42.542349 newfstatat(AT_FDCWD, "/usr/lib/x86_64-linux-gnu/openmpi/lib/openmpi3/mca_vprotocol_pessimist.so", {st_mode=S_IFREG|0644, st_size=40528, ...}, 0) = 0
134156 12:54:42.542389 getdents64(3, 0x5614160576f0 /* 0 entries */, 32768) = 0
134156 12:54:42.542421 close(3)         = 0
134156 12:54:42.542492 openat(AT_FDCWD, "/root/.openmpi/components", O_RDONLY|O_NONBLOCK|O_CLOEXEC|O_DIRECTORY) = -1 ENOENT (No such file or directory)
134156 12:54:42.542547 openat(AT_FDCWD, "/proc/net/if_inet6", O_RDONLY) = 3
134156 12:54:42.542592 fstat(3, {st_mode=S_IFREG|0444, st_size=0, ...}) = 0
134156 12:54:42.542629 read(3, "00000000000000000000000000000001"..., 1024) = 54
134156 12:54:42.542669 read(3, "", 1024) = 0
134156 12:54:42.542701 close(3)         = 0
134156 12:54:42.542733 socket(AF_INET, SOCK_DGRAM, IPPROTO_IP) = 3
134156 12:54:42.542769 ioctl(3, SIOCGIFCONF, {ifc_len=400 /* 10 * sizeof(struct ifreq) */ => 80 /* 2 * sizeof(struct ifreq) */, ifc_buf=[{ifr_name="lo", ifr_addr={sa_family=AF_INET, sin_port=htons(0), sin_addr=inet_addr("127.0.0.1")}}, {ifr_name="eth0", ifr_addr={sa_family=AF_INET, sin_port=htons(0), sin_addr=inet_addr("172.17.0.3")}}]}) = 0
134156 12:54:42.542821 ioctl(3, SIOCGIFCONF, {ifc_len=800 /* 20 * sizeof(struct ifreq) */ => 80 /* 2 * sizeof(struct ifreq) */, ifc_buf=[{ifr_name="lo", ifr_addr={sa_family=AF_INET, sin_port=htons(0), sin_addr=inet_addr("127.0.0.1")}}, {ifr_name="eth0", ifr_addr={sa_family=AF_INET, sin_port=htons(0), sin_addr=inet_addr("172.17.0.3")}}]}) = 0
134156 12:54:42.542861 ioctl(3, SIOCGIFFLAGS, {ifr_name="lo", ifr_flags=IFF_UP|IFF_LOOPBACK|IFF_RUNNING}) = 0
134156 12:54:42.542897 ioctl(3, SIOCGIFINDEX, {ifr_name="lo", ifr_ifindex=1}) = 0
134156 12:54:42.542932 ioctl(3, SIOCGIFADDR, {ifr_name="lo", ifr_addr={sa_family=AF_INET, sin_port=htons(0), sin_addr=inet_addr("127.0.0.1")}}) = 0
134156 12:54:42.542968 ioctl(3, SIOCGIFNETMASK, {ifr_name="lo", ifr_netmask={sa_family=AF_INET, sin_port=htons(0), sin_addr=inet_addr("255.0.0.0")}}) = 0
134156 12:54:42.543003 ioctl(3, SIOCGIFHWADDR, {ifr_name="lo", ifr_hwaddr={sa_family=ARPHRD_LOOPBACK, sa_data=00:00:00:00:00:00}}) = 0
134156 12:54:42.543039 ioctl(3, SIOCGIFMTU, {ifr_name="lo", ifr_mtu=65536}) = 0
134156 12:54:42.543073 ioctl(3, SIOCGIFFLAGS, {ifr_name="eth0", ifr_flags=IFF_UP|IFF_BROADCAST|IFF_RUNNING|IFF_MULTICAST}) = 0
134156 12:54:42.543109 ioctl(3, SIOCGIFINDEX, {ifr_name="eth0", ifr_ifindex=2}) = 0
134156 12:54:42.543143 ioctl(3, SIOCGIFADDR, {ifr_name="eth0", ifr_addr={sa_family=AF_INET, sin_port=htons(0), sin_addr=inet_addr("172.17.0.3")}}) = 0
134156 12:54:42.543178 ioctl(3, SIOCGIFNETMASK, {ifr_name="eth0", ifr_netmask={sa_family=AF_INET, sin_port=htons(0), sin_addr=inet_addr("255.255.0.0")}}) = 0
134156 12:54:42.543213 ioctl(3, SIOCGIFHWADDR, {ifr_name="eth0", ifr_hwaddr={sa_family=ARPHRD_ETHER, sa_data=ce:a6:bd:7a:98:d9}}) = 0
134156 12:54:42.543253 ioctl(3, SIOCGIFMTU, {ifr_name="eth0", ifr_mtu=1500}) = 0
134156 12:54:42.543288 close(3)         = 0
134156 12:54:42.543330 newfstatat(AT_FDCWD, "/usr/lib/x86_64-linux-gnu/openmpi/lib/openmpi3/mca_schizo_flux.so", {st_mode=S_IFREG|0644, st_size=14856, ...}, 0) = 0
134156 12:54:42.543372 openat(AT_FDCWD, "/usr/lib/x86_64-linux-gnu/openmpi/lib/openmpi3/mca_schizo_flux.so", O_RDONLY|O_CLOEXEC) = 3
134156 12:54:42.543407 read(3, "\177ELF\2\1\1\0\0\0\0\0\0\0\0\0\3\0>\0\1\0\0\0\0\0\0\0\0\0\0\0"..., 832) = 832
134156 12:54:42.543441 fstat(3, {st_mode=S_IFREG|0644, st_size=14856, ...}) = 0
134156 12:54:42.543474 mmap(NULL, 16880, PROT_READ, MAP_PRIVATE|MAP_DENYWRITE, 3, 0) = 0x7fd91a7f1000
134156 12:54:42.543506 mmap(0x7fd91a7f2000, 4096, PROT_READ|PROT_EXEC, MAP_PRIVATE|MAP_FIXED|MAP_DENYWRITE, 3, 0x1000) = 0x7fd91a7f2000
134156 12:54:42.543549 mmap(0x7fd91a7f3000, 4096, PROT_READ, MAP_PRIVATE|MAP_FIXED|MAP_DENYWRITE, 3, 0x2000) = 0x7fd91a7f3000
134156 12:54:42.543581 mmap(0x7fd91a7f4000, 8192, PROT_READ|PROT_WRITE, MAP_PRIVATE|MAP_FIXED|MAP_DENYWRITE, 3, 0x2000) = 0x7fd91a7f4000
134156 12:54:42.543620 close(3)         = 0
134156 12:54:42.543656 mprotect(0x7fd91a7f4000, 4096, PROT_READ) = 0
134156 12:54:42.543693 newfstatat(AT_FDCWD, "/usr/lib/x86_64-linux-gnu/openmpi/lib/openmpi3/mca_schizo_jsm.so", {st_mode=S_IFREG|0644, st_size=14856, ...}, 0) = 0
134156 12:54:42.543735 openat(AT_FDCWD, "/usr/lib/x86_64-linux-gnu/openmpi/lib/openmpi3/mca_schizo_jsm.so", O_RDONLY|O_CLOEXEC) = 3
134156 12:54:42.543770 read(3, "\177ELF\2\1\1\0\0\0\0\0\0\0\0\0\3\0>\0\1\0\0\0\0\0\0\0\0\0\0\0"..., 832) = 832
134156 12:54:42.543803 fstat(3, {st_mode=S_IFREG|0644, st_size=14856, ...}) = 0
134156 12:54:42.543838 mmap(NULL, 16880, PROT_READ, MAP_PRIVATE|MAP_DENYWRITE, 3, 0) = 0x7fd91a7ec000
134156 12:54:42.543868 mmap(0x7fd91a7ed000, 4096, PROT_READ|PROT_EXEC, MAP_PRIVATE|MAP_FIXED|MAP_DENYWRITE, 3, 0x1000) = 0x7fd91a7ed000
134156 12:54:42.543900 mmap(0x7fd91a7ee000, 4096, PROT_READ, MAP_PRIVATE|MAP_FIXED|MAP_DENYWRITE, 3, 0x2000) = 0x7fd91a7ee000
134156 12:54:42.543931 mmap(0x7fd91a7ef000, 8192, PROT_READ|PROT_WRITE, MAP_PRIVATE|MAP_FIXED|MAP_DENYWRITE, 3, 0x2000) = 0x7fd91a7ef000
134156 12:54:42.543968 close(3)         = 0
134156 12:54:42.544001 mprotect(0x7fd91a7ef000, 4096, PROT_READ) = 0
134156 12:54:42.544036 newfstatat(AT_FDCWD, "/usr/lib/x86_64-linux-gnu/openmpi/lib/openmpi3/mca_schizo_ompi.so", {st_mode=S_IFREG|0644, st_size=46368, ...}, 0) = 0
134156 12:54:42.544076 openat(AT_FDCWD, "/usr/lib/x86_64-linux-gnu/openmpi/lib/openmpi3/mca_schizo_ompi.so", O_RDONLY|O_CLOEXEC) = 3
134156 12:54:42.544111 read(3, "\177ELF\2\1\1\0\0\0\0\0\0\0\0\0\3\0>\0\1\0\0\0\0\0\0\0\0\0\0\0"..., 832) = 832
134156 12:54:42.544144 fstat(3, {st_mode=S_IFREG|0644, st_size=46368, ...}) = 0
134156 12:54:42.544178 mmap(NULL, 48368, PROT_READ, MAP_PRIVATE|MAP_DENYWRITE, 3, 0) = 0x7fd91a274000
134156 12:54:42.544208 mmap(0x7fd91a278000, 8192, PROT_READ|PROT_EXEC, MAP_PRIVATE|MAP_FIXED|MAP_DENYWRITE, 3, 0x4000) = 0x7fd91a278000
134156 12:54:42.544240 mmap(0x7fd91a27a000, 12288, PROT_READ, MAP_PRIVATE|MAP_FIXED|MAP_DENYWRITE, 3, 0x6000) = 0x7fd91a27a000
134156 12:54:42.544271 mmap(0x7fd91a27d000, 12288, PROT_READ|PROT_WRITE, MAP_PRIVATE|MAP_FIXED|MAP_DENYWRITE, 3, 0x8000) = 0x7fd91a27d000
134156 12:54:42.544310 close(3)         = 0
134156 12:54:42.544349 mprotect(0x7fd91a27d000, 4096, PROT_READ) = 0
134156 12:54:42.544383 newfstatat(AT_FDCWD, "/usr/lib/x86_64-linux-gnu/openmpi/lib/openmpi3/mca_schizo_orte.so", {st_mode=S_IFREG|0644, st_size=14856, ...}, 0) = 0
134156 12:54:42.544422 openat(AT_FDCWD, "/usr/lib/x86_64-linux-gnu/openmpi/lib/openmpi3/mca_schizo_orte.so", O_RDONLY|O_CLOEXEC) = 3
134156 12:54:42.544457 read(3, "\177ELF\2\1\1\0\0\0\0\0\0\0\0\0\3\0>\0\1\0\0\0\0\0\0\0\0\0\0\0"..., 832) = 832
134156 12:54:42.544490 fstat(3, {st_mode=S_IFREG|0644, st_size=14856, ...}) = 0
134156 12:54:42.544524 mmap(NULL, 16880, PROT_READ, MAP_PRIVATE|MAP_DENYWRITE, 3, 0) = 0x7fd91a26f000
134156 12:54:42.544554 mmap(0x7fd91a270000, 4096, PROT_READ|PROT_EXEC, MAP_PRIVATE|MAP_FIXED|MAP_DENYWRITE, 3, 0x1000) = 0x7fd91a270000
134156 12:54:42.544590 mmap(0x7fd91a271000, 4096, PROT_READ, MAP_PRIVATE|MAP_FIXED|MAP_DENYWRITE, 3, 0x2000) = 0x7fd91a271000
134156 12:54:42.544620 mmap(0x7fd91a272000, 8192, PROT_READ|PROT_WRITE, MAP_PRIVATE|MAP_FIXED|MAP_DENYWRITE, 3, 0x2000) = 0x7fd91a272000
134156 12:54:42.544657 close(3)         = 0
134156 12:54:42.544690 mprotect(0x7fd91a272000, 4096, PROT_READ) = 0
134156 12:54:42.544724 newfstatat(AT_FDCWD, "/usr/lib/x86_64-linux-gnu/openmpi/lib/openmpi3/mca_schizo_slurm.so", {st_mode=S_IFREG|0644, st_size=14920, ...}, 0) = 0
134156 12:54:42.544763 openat(AT_FDCWD, "/usr/lib/x86_64-linux-gnu/openmpi/lib/openmpi3/mca_schizo_slurm.so", O_RDONLY|O_CLOEXEC) = 3
134156 12:54:42.544798 read(3, "\177ELF\2\1\1\0\0\0\0\0\0\0\0\0\3\0>\0\1\0\0\0\0\0\0\0\0\0\0\0"..., 832) = 832
134156 12:54:42.544831 fstat(3, {st_mode=S_IFREG|0644, st_size=14920, ...}) = 0
134156 12:54:42.544866 mmap(NULL, 16944, PROT_READ, MAP_PRIVATE|MAP_DENYWRITE, 3, 0) = 0x7fd91a26a000
134156 12:54:42.544896 mmap(0x7fd91a26b000, 4096, PROT_READ|PROT_EXEC, MAP_PRIVATE|MAP_FIXED|MAP_DENYWRITE, 3, 0x1000) = 0x7fd91a26b000
134156 12:54:42.544928 mmap(0x7fd91a26c000, 4096, PROT_READ, MAP_PRIVATE|MAP_FIXED|MAP_DENYWRITE, 3, 0x2000) = 0x7fd91a26c000
134156 12:54:42.544958 mmap(0x7fd91a26d000, 8192, PROT_READ|PROT_WRITE, MAP_PRIVATE|MAP_FIXED|MAP_DENYWRITE, 3, 0x2000) = 0x7fd91a26d000
134156 12:54:42.544995 close(3)         = 0
134156 12:54:42.545028 mprotect(0x7fd91a26d000, 4096, PROT_READ) = 0
134156 12:54:42.545172 geteuid()        = 0
134156 12:54:42.545244 openat(AT_FDCWD, "/proc/cpuinfo", O_RDONLY) = 3
134156 12:54:42.567592 fstat(3, {st_mode=S_IFREG|0444, st_size=0, ...}) = 0
134156 12:54:42.567651 lseek(3, 0, SEEK_SET) = 0
134156 12:54:42.567690 read(3, "processor\t: 0\nvendor_id\t: Authen"..., 1024) = 1024
134156 12:54:42.567750 read(3, "2bw avx512vl xsaveopt xsavec xge"..., 1024) = 1024
134156 12:54:42.567799 read(3, "ption\t: yes\ncpuid level\t: 16\nwp\t"..., 1024) = 1024
134156 12:54:42.567831 read(3, "ke avx512_vbmi2 gfni vaes vpclmu"..., 1024) = 1024
134156 12:54:42.567875 read(3, "x16 sse4_1 sse4_2 movbe popcnt a"..., 1024) = 1024
134156 12:54:42.567907 read(3, "ment\t: 64\naddress sizes\t: 48 bit"..., 1024) = 1024
134156 12:54:42.567952 read(3, "bmi1 avx2 smep bmi2 erms invpcid"..., 1024) = 1024
134156 12:54:42.567997 read(3, "e size\t: 1024 KB\nphysical id\t: 0"..., 1024) = 1024
134156 12:54:42.568029 read(3, "ip_save tsc_scale vmcb_clean flu"..., 1024) = 1024
134156 12:54:42.568073 read(3, "t pdpe1gb rdtscp lm constant_tsc"..., 1024) = 1024
134156 12:54:42.568105 read(3, "tre_v1 spectre_v2 spec_store_byp"..., 1024) = 1024
134156 12:54:42.568150 read(3, "tr_core perfctr_nb bpext perfctr"..., 1024) = 1024
134156 12:54:42.568194 read(3, "y\t: 25\nmodel\t\t: 97\nmodel name\t: "..., 1024) = 1024
134156 12:54:42.568226 read(3, "m_llc cqm_occup_llc cqm_mbm_tota"..., 1024) = 1024
134156 12:54:42.568271 read(3, ": fpu vme de pse tsc msr pae mce"..., 1024) = 1024
134156 12:54:42.568303 read(3, "ni avx512_bitalg avx512_vpopcntd"..., 1024) = 1024
134156 12:54:42.568346 read(3, "16c rdrand lahf_lm cmp_legacy sv"..., 1024) = 1024
134156 12:54:42.568378 read(3, " bits virtual\npower management: "..., 1024) = 1024
134156 12:54:42.568423 read(3, "x512f avx512dq rdseed adx smap a"..., 1024) = 1024
134156 12:54:42.568468 read(3, "16\ncore id\t\t: 3\ncpu cores\t: 8\nap"..., 1024) = 1024
134156 12:54:42.568501 read(3, "odeassists pausefilter pfthresho"..., 1024) = 1024
134156 12:54:42.568546 read(3, "l nonstop_tsc cpuid extd_apicid "..., 1024) = 1024
134156 12:54:42.568577 read(3, "vmscape\nbogomips\t: 8383.85\nTLB s"..., 1024) = 1024
134156 12:54:42.568622 read(3, "cpb cat_l3 cdp_l3 hw_pstate ssbd"..., 1024) = 1024
134156 12:54:42.568667 read(3, " 7800X3D 8-Core Processor\nsteppi"..., 1024) = 1024
134156 12:54:42.568698 read(3, "ocal avx512_bf16 clzero irperf x"..., 1024) = 1024
134156 12:54:42.568743 read(3, "c sep mtrr pge mca cmov pat pse3"..., 1024) = 1024
134156 12:54:42.568781 read(3, "overflow_recov succor smca fsrm "..., 1024) = 338
134156 12:54:42.568814 read(3, "", 1024) = 0
134156 12:54:42.568843 lseek(3, 0, SEEK_SET) = 0
134156 12:54:42.568872 read(3, "processor\t: 0\nvendor_id\t: Authen"..., 1024) = 1024
134156 12:54:42.568918 read(3, "2bw avx512vl xsaveopt xsavec xge"..., 1024) = 1024
134156 12:54:42.568965 close(3)         = 0
134156 12:54:42.569022 getuid()         = 0
134156 12:54:42.569050 geteuid()        = 0
134156 12:54:42.569078 getgid()         = 0
134156 12:54:42.569106 getegid()        = 0
134156 12:54:42.569140 getuid()         = 0
134156 12:54:42.569168 geteuid()        = 0
134156 12:54:42.569196 getgid()         = 0
134156 12:54:42.569224 getegid()        = 0
134156 12:54:42.569254 pipe2([3, 4], O_NONBLOCK|O_CLOEXEC) = 0
134156 12:54:42.569290 getpid()         = 134156
134156 12:54:42.569319 getuid()         = 0
134156 12:54:42.569347 geteuid()        = 0
134156 12:54:42.569376 getgid()         = 0
134156 12:54:42.569404 getegid()        = 0
134156 12:54:42.569434 eventfd2(0, EFD_CLOEXEC|EFD_NONBLOCK) = 5
134156 12:54:42.569472 newfstatat(AT_FDCWD, "/usr/lib/x86_64-linux-gnu/openmpi/lib/openmpi3/mca_shmem_mmap.so", {st_mode=S_IFREG|0644, st_size=19120, ...}, 0) = 0
134156 12:54:42.569515 openat(AT_FDCWD, "/usr/lib/x86_64-linux-gnu/openmpi/lib/openmpi3/mca_shmem_mmap.so", O_RDONLY|O_CLOEXEC) = 6
134156 12:54:42.569552 read(6, "\177ELF\2\1\1\0\0\0\0\0\0\0\0\0\3\0>\0\1\0\0\0\0\0\0\0\0\0\0\0"..., 832) = 832
134156 12:54:42.569586 fstat(6, {st_mode=S_IFREG|0644, st_size=19120, ...}) = 0
134156 12:54:42.569621 mmap(NULL, 21136, PROT_READ, MAP_PRIVATE|MAP_DENYWRITE, 6, 0) = 0x7fd91a264000
134156 12:54:42.569653 mmap(0x7fd91a265000, 8192, PROT_READ|PROT_EXEC, MAP_PRIVATE|MAP_FIXED|MAP_DENYWRITE, 6, 0x1000) = 0x7fd91a265000
134156 12:54:42.569687 mmap(0x7fd91a267000, 4096, PROT_READ, MAP_PRIVATE|MAP_FIXED|MAP_DENYWRITE, 6, 0x3000) = 0x7fd91a267000
134156 12:54:42.569718 mmap(0x7fd91a268000, 8192, PROT_READ|PROT_WRITE, MAP_PRIVATE|MAP_FIXED|MAP_DENYWRITE, 6, 0x3000) = 0x7fd91a268000
134156 12:54:42.569757 close(6)         = 0
134156 12:54:42.569796 mprotect(0x7fd91a268000, 4096, PROT_READ) = 0
134156 12:54:42.569831 newfstatat(AT_FDCWD, "/usr/lib/x86_64-linux-gnu/openmpi/lib/openmpi3/mca_shmem_posix.so", {st_mode=S_IFREG|0644, st_size=14928, ...}, 0) = 0
134156 12:54:42.569871 openat(AT_FDCWD, "/usr/lib/x86_64-linux-gnu/openmpi/lib/openmpi3/mca_shmem_posix.so", O_RDONLY|O_CLOEXEC) = 6
134156 12:54:42.569907 read(6, "\177ELF\2\1\1\0\0\0\0\0\0\0\0\0\3\0>\0\1\0\0\0\0\0\0\0\0\0\0\0"..., 832) = 832
134156 12:54:42.569940 fstat(6, {st_mode=S_IFREG|0644, st_size=14928, ...}) = 0
134156 12:54:42.569974 mmap(NULL, 16928, PROT_READ, MAP_PRIVATE|MAP_DENYWRITE, 6, 0) = 0x7fd91a25f000
134156 12:54:42.570004 mmap(0x7fd91a260000, 4096, PROT_READ|PROT_EXEC, MAP_PRIVATE|MAP_FIXED|MAP_DENYWRITE, 6, 0x1000) = 0x7fd91a260000
134156 12:54:42.570037 mmap(0x7fd91a261000, 4096, PROT_READ, MAP_PRIVATE|MAP_FIXED|MAP_DENYWRITE, 6, 0x2000) = 0x7fd91a261000
134156 12:54:42.570067 mmap(0x7fd91a262000, 8192, PROT_READ|PROT_WRITE, MAP_PRIVATE|MAP_FIXED|MAP_DENYWRITE, 6, 0x2000) = 0x7fd91a262000
134156 12:54:42.570105 close(6)         = 0
134156 12:54:42.570140 mprotect(0x7fd91a262000, 4096, PROT_READ) = 0
134156 12:54:42.570174 newfstatat(AT_FDCWD, "/usr/lib/x86_64-linux-gnu/openmpi/lib/openmpi3/mca_shmem_sysv.so", {st_mode=S_IFREG|0644, st_size=14896, ...}, 0) = 0
134156 12:54:42.570213 openat(AT_FDCWD, "/usr/lib/x86_64-linux-gnu/openmpi/lib/openmpi3/mca_shmem_sysv.so", O_RDONLY|O_CLOEXEC) = 6
134156 12:54:42.570249 read(6, "\177ELF\2\1\1\0\0\0\0\0\0\0\0\0\3\0>\0\1\0\0\0\0\0\0\0\0\0\0\0"..., 832) = 832
134156 12:54:42.570282 fstat(6, {st_mode=S_IFREG|0644, st_size=14896, ...}) = 0
134156 12:54:42.570315 mmap(NULL, 16896, PROT_READ, MAP_PRIVATE|MAP_DENYWRITE, 6, 0) = 0x7fd91a25a000
134156 12:54:42.570345 mmap(0x7fd91a25b000, 4096, PROT_READ|PROT_EXEC, MAP_PRIVATE|MAP_FIXED|MAP_DENYWRITE, 6, 0x1000) = 0x7fd91a25b000
134156 12:54:42.570377 mmap(0x7fd91a25c000, 4096, PROT_READ, MAP_PRIVATE|MAP_FIXED|MAP_DENYWRITE, 6, 0x2000) = 0x7fd91a25c000
134156 12:54:42.570412 mmap(0x7fd91a25d000, 8192, PROT_READ|PROT_WRITE, MAP_PRIVATE|MAP_FIXED|MAP_DENYWRITE, 6, 0x2000) = 0x7fd91a25d000
134156 12:54:42.570450 close(6)         = 0
134156 12:54:42.570483 mprotect(0x7fd91a25d000, 4096, PROT_READ) = 0
134156 12:54:42.570537 openat(AT_FDCWD, "/dev/shm/open_mpi.0000", O_RDWR|O_CREAT|O_EXCL|O_NOFOLLOW|O_CLOEXEC, 0600) = 6
134156 12:54:42.570578 unlink("/dev/shm/open_mpi.0000") = 0
134156 12:54:42.570615 shmget(IPC_PRIVATE, 4096, IPC_CREAT|IPC_EXCL|0700) = 1441802
134156 12:54:42.570651 shmat(1441802, NULL, 0) = 0x7fd91a7eb000
134156 12:54:42.570688 shmctl(1441802, IPC_RMID, NULL) = 0
134156 12:54:42.570717 shmctl(1441802, IPC_STAT, {shm_perm={uid=0, gid=0, mode=01700, key=0, cuid=0, cgid=0}, shm_segsz=4096, shm_cpid=134156, shm_lpid=134156, shm_nattch=1, shm_atime=1789822482, shm_dtime=0, shm_ctime=1789822482}) = 0
134156 12:54:42.570752 shmdt(0x7fd91a7eb000) = 0
134156 12:54:42.570792 munmap(0x7fd91a25f000, 16928) = 0
134156 12:54:42.570830 munmap(0x7fd91a25a000, 16896) = 0
134156 12:54:42.570868 brk(0x5614160a5000) = 0x5614160a5000
134156 12:54:42.570900 newfstatat(AT_FDCWD, "/usr/lib/x86_64-linux-gnu/openmpi/lib/openmpi3/mca_reachable_netlink.so", {st_mode=S_IFREG|0644, st_size=19344, ...}, 0) = 0
134156 12:54:42.570940 openat(AT_FDCWD, "/usr/lib/x86_64-linux-gnu/openmpi/lib/openmpi3/mca_reachable_netlink.so", O_RDONLY|O_CLOEXEC) = 7
134156 12:54:42.570976 read(7, "\177ELF\2\1\1\0\0\0\0\0\0\0\0\0\3\0>\0\1\0\0\0\0\0\0\0\0\0\0\0"..., 832) = 832
134156 12:54:42.571009 fstat(7, {st_mode=S_IFREG|0644, st_size=19344, ...}) = 0
134156 12:54:42.571043 mmap(NULL, 21264, PROT_READ, MAP_PRIVATE|MAP_DENYWRITE, 7, 0) = 0x7fd91a25e000
134156 12:54:42.571073 mmap(0x7fd91a25f000, 8192, PROT_READ|PROT_EXEC, MAP_PRIVATE|MAP_FIXED|MAP_DENYWRITE, 7, 0x1000) = 0x7fd91a25f000
134156 12:54:42.571106 mmap(0x7fd91a261000, 4096, PROT_READ, MAP_PRIVATE|MAP_FIXED|MAP_DENYWRITE, 7, 0x3000) = 0x7fd91a261000
134156 12:54:42.571136 mmap(0x7fd91a262000, 8192, PROT_READ|PROT_WRITE, MAP_PRIVATE|MAP_FIXED|MAP_DENYWRITE, 7, 0x3000) = 0x7fd91a262000
134156 12:54:42.571174 close(7)         = 0
134156 12:54:42.571204 openat(AT_FDCWD, "/usr/lib/x86_64-linux-gnu/openmpi/lib/libnl-3.so.200", O_RDONLY|O_CLOEXEC) = -1 ENOENT (No such file or directory)
134156 12:54:42.571239 openat(AT_FDCWD, "/etc/ld.so.cache", O_RDONLY|O_CLOEXEC) = 7
134156 12:54:42.571274 fstat(7, {st_mode=S_IFREG|0644, st_size=45811, ...}) = 0
134156 12:54:42.571308 mmap(NULL, 45811, PROT_READ, MAP_PRIVATE, 7, 0) = 0x7fd91a252000
134156 12:54:42.571339 close(7)         = 0
134156 12:54:42.571371 openat(AT_FDCWD, "/usr/lib/x86_64-linux-gnu/libnl-3.so.200", O_RDONLY|O_CLOEXEC) = 7
134156 12:54:42.571408 read(7, "\177ELF\2\1\1\0\0\0\0\0\0\0\0\0\3\0>\0\1\0\0\0\0\0\0\0\0\0\0\0"..., 832) = 832
134156 12:54:42.571441 fstat(7, {st_mode=S_IFREG|0644, st_size=133944, ...}) = 0
134156 12:54:42.571477 mmap(NULL, 136224, PROT_READ, MAP_PRIVATE|MAP_DENYWRITE, 7, 0) = 0x7fd91a230000
134156 12:54:42.571508 mmap(0x7fd91a238000, 61440, PROT_READ|PROT_EXEC, MAP_PRIVATE|MAP_FIXED|MAP_DENYWRITE, 7, 0x8000) = 0x7fd91a238000
134156 12:54:42.571552 mmap(0x7fd91a247000, 32768, PROT_READ, MAP_PRIVATE|MAP_FIXED|MAP_DENYWRITE, 7, 0x17000) = 0x7fd91a247000
134156 12:54:42.571583 mmap(0x7fd91a24f000, 12288, PROT_READ|PROT_WRITE, MAP_PRIVATE|MAP_FIXED|MAP_DENYWRITE, 7, 0x1e000) = 0x7fd91a24f000
134156 12:54:42.571623 close(7)         = 0
134156 12:54:42.571663 mprotect(0x7fd91a24f000, 8192, PROT_READ) = 0
134156 12:54:42.571695 mprotect(0x7fd91a262000, 4096, PROT_READ) = 0
134156 12:54:42.571733 munmap(0x7fd91a252000, 45811) = 0
134156 12:54:42.571768 newfstatat(AT_FDCWD, "/usr/lib/x86_64-linux-gnu/openmpi/lib/openmpi3/mca_reachable_weighted.so", {st_mode=S_IFREG|0644, st_size=14864, ...}, 0) = 0
134156 12:54:42.571808 openat(AT_FDCWD, "/usr/lib/x86_64-linux-gnu/openmpi/lib/openmpi3/mca_reachable_weighted.so", O_RDONLY|O_CLOEXEC) = 7
134156 12:54:42.571844 read(7, "\177ELF\2\1\1\0\0\0\0\0\0\0\0\0\3\0>\0\1\0\0\0\0\0\0\0\0\0\0\0"..., 832) = 832
134156 12:54:42.571880 fstat(7, {st_mode=S_IFREG|0644, st_size=14864, ...}) = 0
134156 12:54:42.571915 mmap(NULL, 16784, PROT_READ, MAP_PRIVATE|MAP_DENYWRITE, 7, 0) = 0x7fd91a259000
134156 12:54:42.571945 mmap(0x7fd91a25a000, 4096, PROT_READ|PROT_EXEC, MAP_PRIVATE|MAP_FIXED|MAP_DENYWRITE, 7, 0x1000) = 0x7fd91a25a000
134156 12:54:42.571977 mmap(0x7fd91a25b000, 4096, PROT_READ, MAP_PRIVATE|MAP_FIXED|MAP_DENYWRITE, 7, 0x2000) = 0x7fd91a25b000
134156 12:54:42.572007 mmap(0x7fd91a25c000, 8192, PROT_READ|PROT_WRITE, MAP_PRIVATE|MAP_FIXED|MAP_DENYWRITE, 7, 0x2000) = 0x7fd91a25c000
134156 12:54:42.572044 close(7)         = 0
134156 12:54:42.572077 mprotect(0x7fd91a25c000, 4096, PROT_READ) = 0
134156 12:54:42.572120 munmap(0x7fd91a259000, 16784) = 0
134156 12:54:42.572239 getpid()         = 134156
134156 12:54:42.572271 uname({sysname="Linux", nodename="f7c62a262077", ...}) = 0
134156 12:54:42.572336 newfstatat(AT_FDCWD, "/usr/lib/x86_64-linux-gnu/openmpi/lib/openmpi3/mca_ess_env.so", {st_mode=S_IFREG|0644, st_size=14840, ...}, 0) = 0
134156 12:54:42.572376 openat(AT_FDCWD, "/usr/lib/x86_64-linux-gnu/openmpi/lib/openmpi3/mca_ess_env.so", O_RDONLY|O_CLOEXEC) = 7
134156 12:54:42.572412 read(7, "\177ELF\2\1\1\0\0\0\0\0\0\0\0\0\3\0>\0\1\0\0\0\0\0\0\0\0\0\0\0"..., 832) = 832
134156 12:54:42.572444 fstat(7, {st_mode=S_IFREG|0644, st_size=14840, ...}) = 0
134156 12:54:42.572479 mmap(NULL, 16840, PROT_READ, MAP_PRIVATE|MAP_DENYWRITE, 7, 0) = 0x7fd91a259000
134156 12:54:42.572509 mmap(0x7fd91a25a000, 4096, PROT_READ|PROT_EXEC, MAP_PRIVATE|MAP_FIXED|MAP_DENYWRITE, 7, 0x1000) = 0x7fd91a25a000
134156 12:54:42.572543 mmap(0x7fd91a25b000, 4096, PROT_READ, MAP_PRIVATE|MAP_FIXED|MAP_DENYWRITE, 7, 0x2000) = 0x7fd91a25b000
134156 12:54:42.572573 mmap(0x7fd91a25c000, 8192, PROT_READ|PROT_WRITE, MAP_PRIVATE|MAP_FIXED|MAP_DENYWRITE, 7, 0x2000) = 0x7fd91a25c000
134156 12:54:42.572611 close(7)         = 0
134156 12:54:42.572645 mprotect(0x7fd91a25c000, 4096, PROT_READ) = 0
134156 12:54:42.572679 newfstatat(AT_FDCWD, "/usr/lib/x86_64-linux-gnu/openmpi/lib/openmpi3/mca_ess_hnp.so", {st_mode=S_IFREG|0644, st_size=31800, ...}, 0) = 0
134156 12:54:42.572718 openat(AT_FDCWD, "/usr/lib/x86_64-linux-gnu/openmpi/lib/openmpi3/mca_ess_hnp.so", O_RDONLY|O_CLOEXEC) = 7
134156 12:54:42.572753 read(7, "\177ELF\2\1\1\0\0\0\0\0\0\0\0\0\3\0>\0\1\0\0\0\0\0\0\0\0\0\0\0"..., 832) = 832
134156 12:54:42.572787 fstat(7, {st_mode=S_IFREG|0644, st_size=31800, ...}) = 0
134156 12:54:42.572820 mmap(NULL, 34176, PROT_READ, MAP_PRIVATE|MAP_DENYWRITE, 7, 0) = 0x7fd91a227000
134156 12:54:42.572850 mmap(0x7fd91a22a000, 12288, PROT_READ|PROT_EXEC, MAP_PRIVATE|MAP_FIXED|MAP_DENYWRITE, 7, 0x3000) = 0x7fd91a22a000
134156 12:54:42.572882 mmap(0x7fd91a22d000, 4096, PROT_READ, MAP_PRIVATE|MAP_FIXED|MAP_DENYWRITE, 7, 0x6000) = 0x7fd91a22d000
134156 12:54:42.572912 mmap(0x7fd91a22e000, 8192, PROT_READ|PROT_WRITE, MAP_PRIVATE|MAP_FIXED|MAP_DENYWRITE, 7, 0x6000) = 0x7fd91a22e000
134156 12:54:42.572949 close(7)         = 0
134156 12:54:42.572990 mprotect(0x7fd91a22e000, 4096, PROT_READ) = 0
134156 12:54:42.573024 newfstatat(AT_FDCWD, "/usr/lib/x86_64-linux-gnu/openmpi/lib/openmpi3/mca_ess_pmi.so", {st_mode=S_IFREG|0644, st_size=27384, ...}, 0) = 0
134156 12:54:42.573064 openat(AT_FDCWD, "/usr/lib/x86_64-linux-gnu/openmpi/lib/openmpi3/mca_ess_pmi.so", O_RDONLY|O_CLOEXEC) = 7
134156 12:54:42.573099 read(7, "\177ELF\2\1\1\0\0\0\0\0\0\0\0\0\3\0>\0\1\0\0\0\0\0\0\0\0\0\0\0"..., 832) = 832
134156 12:54:42.573133 fstat(7, {st_mode=S_IFREG|0644, st_size=27384, ...}) = 0
134156 12:54:42.573166 mmap(NULL, 29384, PROT_READ, MAP_PRIVATE|MAP_DENYWRITE, 7, 0) = 0x7fd91a21f000
134156 12:54:42.573196 mmap(0x7fd91a221000, 12288, PROT_READ|PROT_EXEC, MAP_PRIVATE|MAP_FIXED|MAP_DENYWRITE, 7, 0x2000) = 0x7fd91a221000
134156 12:54:42.573228 mmap(0x7fd91a224000, 4096, PROT_READ, MAP_PRIVATE|MAP_FIXED|MAP_DENYWRITE, 7, 0x5000) = 0x7fd91a224000
134156 12:54:42.573259 mmap(0x7fd91a225000, 8192, PROT_READ|PROT_WRITE, MAP_PRIVATE|MAP_FIXED|MAP_DENYWRITE, 7, 0x5000) = 0x7fd91a225000
134156 12:54:42.573294 close(7)         = 0
134156 12:54:42.573338 mprotect(0x7fd91a225000, 4096, PROT_READ) = 0
134156 12:54:42.573371 newfstatat(AT_FDCWD, "/usr/lib/x86_64-linux-gnu/openmpi/lib/openmpi3/mca_ess_singleton.so", {st_mode=S_IFREG|0644, st_size=27536, ...}, 0) = 0
134156 12:54:42.573411 openat(AT_FDCWD, "/usr/lib/x86_64-linux-gnu/openmpi/lib/openmpi3/mca_ess_singleton.so", O_RDONLY|O_CLOEXEC) = 7
134156 12:54:42.573451 read(7, "\177ELF\2\1\1\0\0\0\0\0\0\0\0\0\3\0>\0\1\0\0\0\0\0\0\0\0\0\0\0"..., 832) = 832
134156 12:54:42.573491 fstat(7, {st_mode=S_IFREG|0644, st_size=27536, ...}) = 0
134156 12:54:42.573526 mmap(NULL, 29536, PROT_READ, MAP_PRIVATE|MAP_DENYWRITE, 7, 0) = 0x7fd91a217000
134156 12:54:42.573556 mmap(0x7fd91a219000, 12288, PROT_READ|PROT_EXEC, MAP_PRIVATE|MAP_FIXED|MAP_DENYWRITE, 7, 0x2000) = 0x7fd91a219000
134156 12:54:42.573589 mmap(0x7fd91a21c000, 4096, PROT_READ, MAP_PRIVATE|MAP_FIXED|MAP_DENYWRITE, 7, 0x5000) = 0x7fd91a21c000
134156 12:54:42.573620 mmap(0x7fd91a21d000, 8192, PROT_READ|PROT_WRITE, MAP_PRIVATE|MAP_FIXED|MAP_DENYWRITE, 7, 0x5000) = 0x7fd91a21d000
134156 12:54:42.573655 close(7)         = 0
134156 12:54:42.573692 mprotect(0x7fd91a21d000, 4096, PROT_READ) = 0
134156 12:54:42.573725 newfstatat(AT_FDCWD, "/usr/lib/x86_64-linux-gnu/openmpi/lib/openmpi3/mca_ess_slurm.so", {st_mode=S_IFREG|0644, st_size=14872, ...}, 0) = 0
134156 12:54:42.573765 openat(AT_FDCWD, "/usr/lib/x86_64-linux-gnu/openmpi/lib/openmpi3/mca_ess_slurm.so", O_RDONLY|O_CLOEXEC) = 7
134156 12:54:42.573801 read(7, "\177ELF\2\1\1\0\0\0\0\0\0\0\0\0\3\0>\0\1\0\0\0\0\0\0\0\0\0\0\0"..., 832) = 832
134156 12:54:42.573834 fstat(7, {st_mode=S_IFREG|0644, st_size=14872, ...}) = 0
134156 12:54:42.573868 mmap(NULL, 16872, PROT_READ, MAP_PRIVATE|MAP_DENYWRITE, 7, 0) = 0x7fd91a254000
134156 12:54:42.573898 mmap(0x7fd91a255000, 4096, PROT_READ|PROT_EXEC, MAP_PRIVATE|MAP_FIXED|MAP_DENYWRITE, 7, 0x1000) = 0x7fd91a255000
134156 12:54:42.573930 mmap(0x7fd91a256000, 4096, PROT_READ, MAP_PRIVATE|MAP_FIXED|MAP_DENYWRITE, 7, 0x2000) = 0x7fd91a256000
134156 12:54:42.573960 mmap(0x7fd91a257000, 8192, PROT_READ|PROT_WRITE, MAP_PRIVATE|MAP_FIXED|MAP_DENYWRITE, 7, 0x2000) = 0x7fd91a257000
134156 12:54:42.573997 close(7)         = 0
134156 12:54:42.574030 mprotect(0x7fd91a257000, 4096, PROT_READ) = 0
134156 12:54:42.574065 newfstatat(AT_FDCWD, "/usr/lib/x86_64-linux-gnu/openmpi/lib/openmpi3/mca_ess_tool.so", {st_mode=S_IFREG|0644, st_size=14864, ...}, 0) = 0
134156 12:54:42.574104 openat(AT_FDCWD, "/usr/lib/x86_64-linux-gnu/openmpi/lib/openmpi3/mca_ess_tool.so", O_RDONLY|O_CLOEXEC) = 7
134156 12:54:42.574139 read(7, "\177ELF\2\1\1\0\0\0\0\0\0\0\0\0\3\0>\0\1\0\0\0\0\0\0\0\0\0\0\0"..., 832) = 832
134156 12:54:42.574173 fstat(7, {st_mode=S_IFREG|0644, st_size=14864, ...}) = 0
134156 12:54:42.574225 mmap(NULL, 16864, PROT_READ, MAP_PRIVATE|MAP_DENYWRITE, 7, 0) = 0x7fd91a212000
134156 12:54:42.574269 mmap(0x7fd91a213000, 4096, PROT_READ|PROT_EXEC, MAP_PRIVATE|MAP_FIXED|MAP_DENYWRITE, 7, 0x1000) = 0x7fd91a213000
134156 12:54:42.574311 mmap(0x7fd91a214000, 4096, PROT_READ, MAP_PRIVATE|MAP_FIXED|MAP_DENYWRITE, 7, 0x2000) = 0x7fd91a214000
134156 12:54:42.574347 mmap(0x7fd91a215000, 8192, PROT_READ|PROT_WRITE, MAP_PRIVATE|MAP_FIXED|MAP_DENYWRITE, 7, 0x2000) = 0x7fd91a215000
134156 12:54:42.574397 close(7)         = 0
134156 12:54:42.574448 mprotect(0x7fd91a215000, 4096, PROT_READ) = 0
134156 12:54:42.574556 munmap(0x7fd91a259000, 16840) = 0
134156 12:54:42.574606 munmap(0x7fd91a21f000, 29384) = 0
134156 12:54:42.574651 munmap(0x7fd91a217000, 29536) = 0
134156 12:54:42.574696 munmap(0x7fd91a254000, 16872) = 0
134156 12:54:42.574738 munmap(0x7fd91a212000, 16864) = 0
134156 12:54:42.574792 rt_sigaction(SIGCHLD, {sa_handler=0x7fd91a6699f0, sa_mask=~[RTMIN RT_1], sa_flags=SA_RESTORER|SA_RESTART, sa_restorer=0x7fd91a477330}, {sa_handler=SIG_DFL, sa_mask=[], sa_flags=0}, 8) = 0
134156 12:54:42.574836 rt_sigaction(SIGPIPE, {sa_handler=0x7fd91a6699f0, sa_mask=~[RTMIN RT_1], sa_flags=SA_RESTORER|SA_RESTART, sa_restorer=0x7fd91a477330}, {sa_handler=SIG_DFL, sa_mask=[], sa_flags=0}, 8) = 0
134156 12:54:42.574883 pipe2([7, 8], 0) = 0
134156 12:54:42.574926 fcntl(7, F_GETFD) = 0
134156 12:54:42.574959 fcntl(7, F_SETFD, FD_CLOEXEC) = 0
134156 12:54:42.574992 fcntl(8, F_GETFD) = 0
134156 12:54:42.575025 fcntl(8, F_SETFD, FD_CLOEXEC) = 0
134156 12:54:42.575057 rt_sigaction(SIGTERM, {sa_handler=0x7fd91a22c490, sa_mask=[TERM], sa_flags=SA_RESTORER|SA_RESTART, sa_restorer=0x7fd91a477330}, {sa_handler=SIG_DFL, sa_mask=[], sa_flags=0}, 8) = 0
134156 12:54:42.575095 rt_sigaction(SIGINT, {sa_handler=0x7fd91a22c490, sa_mask=[INT], sa_flags=SA_RESTORER|SA_RESTART, sa_restorer=0x7fd91a477330}, {sa_handler=SIG_DFL, sa_mask=[], sa_flags=0}, 8) = 0
134156 12:54:42.575133 rt_sigaction(SIGHUP, {sa_handler=0x7fd91a22c490, sa_mask=[HUP], sa_flags=SA_RESTORER|SA_RESTART, sa_restorer=0x7fd91a477330}, {sa_handler=SIG_DFL, sa_mask=[], sa_flags=0}, 8) = 0
134156 12:54:42.575175 rt_sigaction(SIGTRAP, {sa_handler=0x7fd91a6699f0, sa_mask=~[RTMIN RT_1], sa_flags=SA_RESTORER|SA_RESTART, sa_restorer=0x7fd91a477330}, {sa_handler=SIG_DFL, sa_mask=[], sa_flags=0}, 8) = 0
134156 12:54:42.575215 rt_sigaction(SIGTSTP, {sa_handler=0x7fd91a6699f0, sa_mask=~[RTMIN RT_1], sa_flags=SA_RESTORER|SA_RESTART, sa_restorer=0x7fd91a477330}, {sa_handler=SIG_DFL, sa_mask=[], sa_flags=0}, 8) = 0
134156 12:54:42.575254 rt_sigaction(SIGABRT, {sa_handler=0x7fd91a6699f0, sa_mask=~[RTMIN RT_1], sa_flags=SA_RESTORER|SA_RESTART, sa_restorer=0x7fd91a477330}, {sa_handler=0x7fd91a6e9e20, sa_mask=[], sa_flags=SA_RESTORER|SA_RESETHAND|SA_SIGINFO, sa_restorer=0x7fd91a477330}, 8) = 0
134156 12:54:42.575294 rt_sigaction(SIGCONT, {sa_handler=0x7fd91a6699f0, sa_mask=~[RTMIN RT_1], sa_flags=SA_RESTORER|SA_RESTART, sa_restorer=0x7fd91a477330}, {sa_handler=SIG_DFL, sa_mask=[], sa_flags=0}, 8) = 0
134156 12:54:42.575333 rt_sigaction(SIGSYS, {sa_handler=0x7fd91a6699f0, sa_mask=~[RTMIN RT_1], sa_flags=SA_RESTORER|SA_RESTART, sa_restorer=0x7fd91a477330}, {sa_handler=SIG_DFL, sa_mask=[], sa_flags=0}, 8) = 0
134156 12:54:42.575372 rt_sigaction(SIGXCPU, {sa_handler=0x7fd91a6699f0, sa_mask=~[RTMIN RT_1], sa_flags=SA_RESTORER|SA_RESTART, sa_restorer=0x7fd91a477330}, {sa_handler=SIG_DFL, sa_mask=[], sa_flags=0}, 8) = 0
134156 12:54:42.575410 rt_sigaction(SIGXFSZ, {sa_handler=0x7fd91a6699f0, sa_mask=~[RTMIN RT_1], sa_flags=SA_RESTORER|SA_RESTART, sa_restorer=0x7fd91a477330}, {sa_handler=SIG_DFL, sa_mask=[], sa_flags=0}, 8) = 0
134156 12:54:42.575448 rt_sigaction(SIGALRM, {sa_handler=0x7fd91a6699f0, sa_mask=~[RTMIN RT_1], sa_flags=SA_RESTORER|SA_RESTART, sa_restorer=0x7fd91a477330}, {sa_handler=SIG_DFL, sa_mask=[], sa_flags=0}, 8) = 0
134156 12:54:42.575487 rt_sigaction(SIGVTALRM, {sa_handler=0x7fd91a6699f0, sa_mask=~[RTMIN RT_1], sa_flags=SA_RESTORER|SA_RESTART, sa_restorer=0x7fd91a477330}, {sa_handler=SIG_DFL, sa_mask=[], sa_flags=0}, 8) = 0
134156 12:54:42.575525 rt_sigaction(SIGPROF, {sa_handler=0x7fd91a6699f0, sa_mask=~[RTMIN RT_1], sa_flags=SA_RESTORER|SA_RESTART, sa_restorer=0x7fd91a477330}, {sa_handler=SIG_DFL, sa_mask=[], sa_flags=0}, 8) = 0
134156 12:54:42.575574 rt_sigaction(SIGPWR, {sa_handler=0x7fd91a6699f0, sa_mask=~[RTMIN RT_1], sa_flags=SA_RESTORER|SA_RESTART, sa_restorer=0x7fd91a477330}, {sa_handler=SIG_DFL, sa_mask=[], sa_flags=0}, 8) = 0
134156 12:54:42.575614 rt_sigaction(SIGURG, {sa_handler=0x7fd91a6699f0, sa_mask=~[RTMIN RT_1], sa_flags=SA_RESTORER|SA_RESTART, sa_restorer=0x7fd91a477330}, {sa_handler=SIG_DFL, sa_mask=[], sa_flags=0}, 8) = 0
134156 12:54:42.575653 rt_sigaction(SIGUSR1, {sa_handler=0x7fd91a6699f0, sa_mask=~[RTMIN RT_1], sa_flags=SA_RESTORER|SA_RESTART, sa_restorer=0x7fd91a477330}, {sa_handler=SIG_DFL, sa_mask=[], sa_flags=0}, 8) = 0
134156 12:54:42.575692 rt_sigaction(SIGUSR2, {sa_handler=0x7fd91a6699f0, sa_mask=~[RTMIN RT_1], sa_flags=SA_RESTORER|SA_RESTART, sa_restorer=0x7fd91a477330}, {sa_handler=SIG_DFL, sa_mask=[], sa_flags=0}, 8) = 0
134156 12:54:42.575745 openat(AT_FDCWD, "/usr/lib/x86_64-linux-gnu/hwloc", O_RDONLY|O_NONBLOCK|O_CLOEXEC|O_DIRECTORY) = 9
134156 12:54:42.575790 fstat(9, {st_mode=S_IFDIR|0755, st_size=95, ...}) = 0
134156 12:54:42.575832 getdents64(9, 0x56141609b560 /* 6 entries */, 32768) = 192
134156 12:54:42.575878 newfstatat(AT_FDCWD, "/usr/lib/x86_64-linux-gnu/hwloc/.", {st_mode=S_IFDIR|0755, st_size=95, ...}, 0) = 0
134156 12:54:42.575922 newfstatat(AT_FDCWD, "/usr/lib/x86_64-linux-gnu/hwloc/..", {st_mode=S_IFDIR|0755, st_size=12288, ...}, 0) = 0
134156 12:54:42.575966 newfstatat(AT_FDCWD, "/usr/lib/x86_64-linux-gnu/hwloc/hwloc_gl.so", {st_mode=S_IFREG|0644, st_size=14928, ...}, 0) = 0
134156 12:54:42.576013 openat(AT_FDCWD, "/usr/lib/x86_64-linux-gnu/hwloc/hwloc_gl.so", O_RDONLY|O_CLOEXEC) = 10
134156 12:54:42.576054 read(10, "\177ELF\2\1\1\0\0\0\0\0\0\0\0\0\3\0>\0\1\0\0\0\0\0\0\0\0\0\0\0"..., 832) = 832
134156 12:54:42.576092 fstat(10, {st_mode=S_IFREG|0644, st_size=14928, ...}) = 0
134156 12:54:42.576131 mmap(NULL, 16696, PROT_READ, MAP_PRIVATE|MAP_DENYWRITE, 10, 0) = 0x7fd91a259000
134156 12:54:42.576168 mmap(0x7fd91a25a000, 4096, PROT_READ|PROT_EXEC, MAP_PRIVATE|MAP_FIXED|MAP_DENYWRITE, 10, 0x1000) = 0x7fd91a25a000
134156 12:54:42.576209 mmap(0x7fd91a25b000, 4096, PROT_READ, MAP_PRIVATE|MAP_FIXED|MAP_DENYWRITE, 10, 0x2000) = 0x7fd91a25b000
134156 12:54:42.576246 mmap(0x7fd91a25c000, 8192, PROT_READ|PROT_WRITE, MAP_PRIVATE|MAP_FIXED|MAP_DENYWRITE, 10, 0x2000) = 0x7fd91a25c000
134156 12:54:42.576292 close(10)        = 0
134156 12:54:42.576327 openat(AT_FDCWD, "/etc/ld.so.cache", O_RDONLY|O_CLOEXEC) = 10
134156 12:54:42.576367 fstat(10, {st_mode=S_IFREG|0644, st_size=45811, ...}) = 0
134156 12:54:42.576404 mmap(NULL, 45811, PROT_READ, MAP_PRIVATE, 10, 0) = 0x7fd91a21b000
134156 12:54:42.576439 close(10)        = 0
134156 12:54:42.576478 openat(AT_FDCWD, "/usr/lib/x86_64-linux-gnu/libXNVCtrl.so.0", O_RDONLY|O_CLOEXEC) = 10
134156 12:54:42.576521 read(10, "\177ELF\2\1\1\0\0\0\0\0\0\0\0\0\3\0>\0\1\0\0\0\0\0\0\0\0\0\0\0"..., 832) = 832
134156 12:54:42.576559 fstat(10, {st_mode=S_IFREG|0644, st_size=31056, ...}) = 0
134156 12:54:42.576599 mmap(NULL, 33096, PROT_READ, MAP_PRIVATE|MAP_DENYWRITE, 10, 0) = 0x7fd91a212000
134156 12:54:42.576635 mmap(0x7fd91a214000, 16384, PROT_READ|PROT_EXEC, MAP_PRIVATE|MAP_FIXED|MAP_DENYWRITE, 10, 0x2000) = 0x7fd91a214000
134156 12:54:42.576674 mmap(0x7fd91a218000, 4096, PROT_READ, MAP_PRIVATE|MAP_FIXED|MAP_DENYWRITE, 10, 0x6000) = 0x7fd91a218000
134156 12:54:42.576711 mmap(0x7fd91a219000, 8192, PROT_READ|PROT_WRITE, MAP_PRIVATE|MAP_FIXED|MAP_DENYWRITE, 10, 0x6000) = 0x7fd91a219000
134156 12:54:42.576757 close(10)        = 0
134156 12:54:42.576791 openat(AT_FDCWD, "/usr/lib/x86_64-linux-gnu/libX11.so.6", O_RDONLY|O_CLOEXEC) = 10
134156 12:54:42.576835 read(10, "\177ELF\2\1\1\0\0\0\0\0\0\0\0\0\3\0>\0\1\0\0\0\0\0\0\0\0\0\0\0"..., 832) = 832
134156 12:54:42.576872 fstat(10, {st_mode=S_IFREG|0644, st_size=1298088, ...}) = 0
134156 12:54:42.576911 mmap(NULL, 1297704, PROT_READ, MAP_PRIVATE|MAP_DENYWRITE, 10, 0) = 0x7fd91a0d5000
134156 12:54:42.576946 mmap(0x7fd91a0ee000, 589824, PROT_READ|PROT_EXEC, MAP_PRIVATE|MAP_FIXED|MAP_DENYWRITE, 10, 0x19000) = 0x7fd91a0ee000
134156 12:54:42.576985 mmap(0x7fd91a17e000, 585728, PROT_READ, MAP_PRIVATE|MAP_FIXED|MAP_DENYWRITE, 10, 0xa9000) = 0x7fd91a17e000
134156 12:54:42.577021 mmap(0x7fd91a20d000, 20480, PROT_READ|PROT_WRITE, MAP_PRIVATE|MAP_FIXED|MAP_DENYWRITE, 10, 0x138000) = 0x7fd91a20d000
134156 12:54:42.577071 close(10)        = 0
134156 12:54:42.577109 openat(AT_FDCWD, "/usr/lib/x86_64-linux-gnu/libXext.so.6", O_RDONLY|O_CLOEXEC) = 10
134156 12:54:42.577152 read(10, "\177ELF\2\1\1\0\0\0\0\0\0\0\0\0\3\0>\0\1\0\0\0\0\0\0\0\0\0\0\0"..., 832) = 832
134156 12:54:42.577190 fstat(10, {st_mode=S_IFREG|0644, st_size=77512, ...}) = 0
134156 12:54:42.577231 mmap(NULL, 80064, PROT_READ, MAP_PRIVATE|MAP_DENYWRITE, 10, 0) = 0x7fd91a0c1000
134156 12:54:42.577266 mmap(0x7fd91a0c5000, 45056, PROT_READ|PROT_EXEC, MAP_PRIVATE|MAP_FIXED|MAP_DENYWRITE, 10, 0x4000) = 0x7fd91a0c5000
134156 12:54:42.577305 mmap(0x7fd91a0d0000, 12288, PROT_READ, MAP_PRIVATE|MAP_FIXED|MAP_DENYWRITE, 10, 0xf000) = 0x7fd91a0d0000
134156 12:54:42.577342 mmap(0x7fd91a0d3000, 8192, PROT_READ|PROT_WRITE, MAP_PRIVATE|MAP_FIXED|MAP_DENYWRITE, 10, 0x11000) = 0x7fd91a0d3000
134156 12:54:42.577395 close(10)        = 0
134156 12:54:42.577430 openat(AT_FDCWD, "/usr/lib/x86_64-linux-gnu/libxcb.so.1", O_RDONLY|O_CLOEXEC) = 10
134156 12:54:42.577472 read(10, "\177ELF\2\1\1\0\0\0\0\0\0\0\0\0\3\0>\0\1\0\0\0\0\0\0\0\0\0\0\0"..., 832) = 832
134156 12:54:42.577507 fstat(10, {st_mode=S_IFREG|0644, st_size=162392, ...}) = 0
134156 12:54:42.577545 mmap(NULL, 164488, PROT_READ, MAP_PRIVATE|MAP_DENYWRITE, 10, 0) = 0x7fd91a098000
134156 12:54:42.577579 mmap(0x7fd91a0a3000, 77824, PROT_READ|PROT_EXEC, MAP_PRIVATE|MAP_FIXED|MAP_DENYWRITE, 10, 0xb000) = 0x7fd91a0a3000
134156 12:54:42.577617 mmap(0x7fd91a0b6000, 36864, PROT_READ, MAP_PRIVATE|MAP_FIXED|MAP_DENYWRITE, 10, 0x1e000) = 0x7fd91a0b6000
134156 12:54:42.577652 mmap(0x7fd91a0bf000, 8192, PROT_READ|PROT_WRITE, MAP_PRIVATE|MAP_FIXED|MAP_DENYWRITE, 10, 0x26000) = 0x7fd91a0bf000
134156 12:54:42.577697 close(10)        = 0
134156 12:54:42.577732 openat(AT_FDCWD, "/usr/lib/x86_64-linux-gnu/libXau.so.6", O_RDONLY|O_CLOEXEC) = 10
134156 12:54:42.577774 read(10, "\177ELF\2\1\1\0\0\0\0\0\0\0\0\0\3\0>\0\1\0\0\0\0\0\0\0\0\0\0\0"..., 832) = 832
134156 12:54:42.577810 fstat(10, {st_mode=S_IFREG|0644, st_size=18696, ...}) = 0
134156 12:54:42.577847 mmap(NULL, 20720, PROT_READ, MAP_PRIVATE|MAP_DENYWRITE, 10, 0) = 0x7fd91a253000
134156 12:54:42.577882 mmap(0x7fd91a254000, 8192, PROT_READ|PROT_EXEC, MAP_PRIVATE|MAP_FIXED|MAP_DENYWRITE, 10, 0x1000) = 0x7fd91a254000
134156 12:54:42.577919 mmap(0x7fd91a256000, 4096, PROT_READ, MAP_PRIVATE|MAP_FIXED|MAP_DENYWRITE, 10, 0x3000) = 0x7fd91a256000
134156 12:54:42.577954 mmap(0x7fd91a257000, 8192, PROT_READ|PROT_WRITE, MAP_PRIVATE|MAP_FIXED|MAP_DENYWRITE, 10, 0x3000) = 0x7fd91a257000
134156 12:54:42.577997 close(10)        = 0
134156 12:54:42.578031 openat(AT_FDCWD, "/usr/lib/x86_64-linux-gnu/libXdmcp.so.6", O_RDONLY|O_CLOEXEC) = 10
134156 12:54:42.578072 read(10, "\177ELF\2\1\1\0\0\0\0\0\0\0\0\0\3\0>\0\1\0\0\0\0\0\0\0\0\0\0\0"..., 832) = 832
134156 12:54:42.578107 fstat(10, {st_mode=S_IFREG|0644, st_size=26776, ...}) = 0
134156 12:54:42.578144 brk(0x5614160c6000) = 0x5614160c6000
134156 12:54:42.578180 mmap(NULL, 28776, PROT_READ, MAP_PRIVATE|MAP_DENYWRITE, 10, 0) = 0x7fd91a090000
134156 12:54:42.578214 mmap(0x7fd91a092000, 8192, PROT_READ|PROT_EXEC, MAP_PRIVATE|MAP_FIXED|MAP_DENYWRITE, 10, 0x2000) = 0x7fd91a092000
134156 12:54:42.578252 mmap(0x7fd91a094000, 8192, PROT_READ, MAP_PRIVATE|MAP_FIXED|MAP_DENYWRITE, 10, 0x4000) = 0x7fd91a094000
134156 12:54:42.578287 mmap(0x7fd91a096000, 8192, PROT_READ|PROT_WRITE, MAP_PRIVATE|MAP_FIXED|MAP_DENYWRITE, 10, 0x5000) = 0x7fd91a096000
134156 12:54:42.578331 close(10)        = 0
134156 12:54:42.578366 openat(AT_FDCWD, "/usr/lib/x86_64-linux-gnu/libbsd.so.0", O_RDONLY|O_CLOEXEC) = 10
134156 12:54:42.578408 read(10, "\177ELF\2\1\1\0\0\0\0\0\0\0\0\0\3\0>\0\1\0\0\0\0\0\0\0\0\0\0\0"..., 832) = 832
134156 12:54:42.578450 fstat(10, {st_mode=S_IFREG|0644, st_size=80888, ...}) = 0
134156 12:54:42.578488 mmap(NULL, 86208, PROT_READ, MAP_PRIVATE|MAP_DENYWRITE, 10, 0) = 0x7fd91a07a000
134156 12:54:42.578523 mmap(0x7fd91a07e000, 49152, PROT_READ|PROT_EXEC, MAP_PRIVATE|MAP_FIXED|MAP_DENYWRITE, 10, 0x4000) = 0x7fd91a07e000
134156 12:54:42.578562 mmap(0x7fd91a08a000, 12288, PROT_READ, MAP_PRIVATE|MAP_FIXED|MAP_DENYWRITE, 10, 0x10000) = 0x7fd91a08a000
134156 12:54:42.578598 mmap(0x7fd91a08d000, 8192, PROT_READ|PROT_WRITE, MAP_PRIVATE|MAP_FIXED|MAP_DENYWRITE, 10, 0x12000) = 0x7fd91a08d000
134156 12:54:42.578638 mmap(0x7fd91a08f000, 192, PROT_READ|PROT_WRITE, MAP_PRIVATE|MAP_FIXED|MAP_ANONYMOUS, -1, 0) = 0x7fd91a08f000
134156 12:54:42.578684 close(10)        = 0
134156 12:54:42.578719 openat(AT_FDCWD, "/usr/lib/x86_64-linux-gnu/libmd.so.0", O_RDONLY|O_CLOEXEC) = 10
134156 12:54:42.578762 read(10, "\177ELF\2\1\1\0\0\0\0\0\0\0\0\0\3\0>\0\1\0\0\0\0\0\0\0\0\0\0\0"..., 832) = 832
134156 12:54:42.578799 fstat(10, {st_mode=S_IFREG|0644, st_size=55536, ...}) = 0
134156 12:54:42.578838 mmap(NULL, 57448, PROT_READ, MAP_PRIVATE|MAP_DENYWRITE, 10, 0) = 0x7fd91a06b000
134156 12:54:42.578876 mmap(0x7fd91a06d000, 36864, PROT_READ|PROT_EXEC, MAP_PRIVATE|MAP_FIXED|MAP_DENYWRITE, 10, 0x2000) = 0x7fd91a06d000
134156 12:54:42.578914 mmap(0x7fd91a076000, 8192, PROT_READ, MAP_PRIVATE|MAP_FIXED|MAP_DENYWRITE, 10, 0xb000) = 0x7fd91a076000
134156 12:54:42.578951 mmap(0x7fd91a078000, 8192, PROT_READ|PROT_WRITE, MAP_PRIVATE|MAP_FIXED|MAP_DENYWRITE, 10, 0xc000) = 0x7fd91a078000
134156 12:54:42.578997 close(10)        = 0
134156 12:54:42.579048 mprotect(0x7fd91a078000, 4096, PROT_READ) = 0
134156 12:54:42.579109 mprotect(0x7fd91a08d000, 4096, PROT_READ) = 0
134156 12:54:42.579149 mprotect(0x7fd91a096000, 4096, PROT_READ) = 0
134156 12:54:42.579189 mprotect(0x7fd91a257000, 4096, PROT_READ) = 0
134156 12:54:42.579236 mprotect(0x7fd91a0bf000, 4096, PROT_READ) = 0
134156 12:54:42.579332 mprotect(0x7fd91a20d000, 4096, PROT_READ) = 0
134156 12:54:42.579390 mprotect(0x7fd91a0d3000, 4096, PROT_READ) = 0
134156 12:54:42.579429 mprotect(0x7fd91a219000, 4096, PROT_READ) = 0
134156 12:54:42.579471 mprotect(0x7fd91a25c000, 4096, PROT_READ) = 0
134156 12:54:42.579537 munmap(0x7fd91a21b000, 45811) = 0
134156 12:54:42.579584 newfstatat(AT_FDCWD, "/usr/lib/x86_64-linux-gnu/hwloc/hwloc_opencl.so", {st_mode=S_IFREG|0644, st_size=14896, ...}, 0) = 0
134156 12:54:42.579634 openat(AT_FDCWD, "/usr/lib/x86_64-linux-gnu/hwloc/hwloc_opencl.so", O_RDONLY|O_CLOEXEC) = 10
134156 12:54:42.579674 read(10, "\177ELF\2\1\1\0\0\0\0\0\0\0\0\0\3\0>\0\1\0\0\0\0\0\0\0\0\0\0\0"..., 832) = 832
134156 12:54:42.579710 fstat(10, {st_mode=S_IFREG|0644, st_size=14896, ...}) = 0
134156 12:54:42.579747 mmap(NULL, 16664, PROT_READ, MAP_PRIVATE|MAP_DENYWRITE, 10, 0) = 0x7fd91a222000
134156 12:54:42.579782 mmap(0x7fd91a223000, 4096, PROT_READ|PROT_EXEC, MAP_PRIVATE|MAP_FIXED|MAP_DENYWRITE, 10, 0x1000) = 0x7fd91a223000
134156 12:54:42.579819 mmap(0x7fd91a224000, 4096, PROT_READ, MAP_PRIVATE|MAP_FIXED|MAP_DENYWRITE, 10, 0x2000) = 0x7fd91a224000
134156 12:54:42.579855 mmap(0x7fd91a225000, 8192, PROT_READ|PROT_WRITE, MAP_PRIVATE|MAP_FIXED|MAP_DENYWRITE, 10, 0x2000) = 0x7fd91a225000
134156 12:54:42.579900 close(10)        = 0
134156 12:54:42.579934 openat(AT_FDCWD, "/etc/ld.so.cache", O_RDONLY|O_CLOEXEC) = 10
134156 12:54:42.579972 fstat(10, {st_mode=S_IFREG|0644, st_size=45811, ...}) = 0
134156 12:54:42.580008 mmap(NULL, 45811, PROT_READ, MAP_PRIVATE, 10, 0) = 0x7fd91a05f000
134156 12:54:42.580042 close(10)        = 0
134156 12:54:42.580079 openat(AT_FDCWD, "/usr/lib/x86_64-linux-gnu/libOpenCL.so.1", O_RDONLY|O_CLOEXEC) = 10
134156 12:54:42.580120 read(10, "\177ELF\2\1\1\0\0\0\0\0\0\0\0\0\3\0>\0\1\0\0\0\0\0\0\0\0\0\0\0"..., 832) = 832
134156 12:54:42.580156 fstat(10, {st_mode=S_IFREG|0644, st_size=73384, ...}) = 0
134156 12:54:42.580196 mmap(NULL, 75296, PROT_READ, MAP_PRIVATE|MAP_DENYWRITE, 10, 0) = 0x7fd91a04c000
134156 12:54:42.580230 mmap(0x7fd91a052000, 28672, PROT_READ|PROT_EXEC, MAP_PRIVATE|MAP_FIXED|MAP_DENYWRITE, 10, 0x6000) = 0x7fd91a052000
134156 12:54:42.580268 mmap(0x7fd91a059000, 16384, PROT_READ, MAP_PRIVATE|MAP_FIXED|MAP_DENYWRITE, 10, 0xd000) = 0x7fd91a059000
134156 12:54:42.580303 mmap(0x7fd91a05d000, 8192, PROT_READ|PROT_WRITE, MAP_PRIVATE|MAP_FIXED|MAP_DENYWRITE, 10, 0x10000) = 0x7fd91a05d000
134156 12:54:42.580347 close(10)        = 0
134156 12:54:42.580391 mprotect(0x7fd91a05d000, 4096, PROT_READ) = 0
134156 12:54:42.580431 mprotect(0x7fd91a225000, 4096, PROT_READ) = 0
134156 12:54:42.580477 munmap(0x7fd91a05f000, 45811) = 0
134156 12:54:42.580518 newfstatat(AT_FDCWD, "/usr/lib/x86_64-linux-gnu/hwloc/hwloc_pci.so", {st_mode=S_IFREG|0644, st_size=23248, ...}, 0) = 0
134156 12:54:42.580564 openat(AT_FDCWD, "/usr/lib/x86_64-linux-gnu/hwloc/hwloc_pci.so", O_RDONLY|O_CLOEXEC) = 10
134156 12:54:42.580604 read(10, "\177ELF\2\1\1\0\0\0\0\0\0\0\0\0\3\0>\0\1\0\0\0\0\0\0\0\0\0\0\0"..., 832) = 832
134156 12:54:42.580641 fstat(10, {st_mode=S_IFREG|0644, st_size=23248, ...}) = 0
134156 12:54:42.580680 mmap(NULL, 25128, PROT_READ, MAP_PRIVATE|MAP_DENYWRITE, 10, 0) = 0x7fd91a21b000
134156 12:54:42.580715 mmap(0x7fd91a21d000, 8192, PROT_READ|PROT_EXEC, MAP_PRIVATE|MAP_FIXED|MAP_DENYWRITE, 10, 0x2000) = 0x7fd91a21d000
134156 12:54:42.580756 mmap(0x7fd91a21f000, 4096, PROT_READ, MAP_PRIVATE|MAP_FIXED|MAP_DENYWRITE, 10, 0x4000) = 0x7fd91a21f000
134156 12:54:42.580792 mmap(0x7fd91a220000, 8192, PROT_READ|PROT_WRITE, MAP_PRIVATE|MAP_FIXED|MAP_DENYWRITE, 10, 0x4000) = 0x7fd91a220000
134156 12:54:42.580838 close(10)        = 0
134156 12:54:42.580873 openat(AT_FDCWD, "/etc/ld.so.cache", O_RDONLY|O_CLOEXEC) = 10
134156 12:54:42.580912 fstat(10, {st_mode=S_IFREG|0644, st_size=45811, ...}) = 0
134156 12:54:42.580950 mmap(NULL, 45811, PROT_READ, MAP_PRIVATE, 10, 0) = 0x7fd91a05f000
134156 12:54:42.580984 close(10)        = 0
134156 12:54:42.581022 openat(AT_FDCWD, "/usr/lib/x86_64-linux-gnu/libpciaccess.so.0", O_RDONLY|O_CLOEXEC) = 10
134156 12:54:42.581067 read(10, "\177ELF\2\1\1\0\0\0\0\0\0\0\0\0\3\0>\0\1\0\0\0\0\0\0\0\0\0\0\0"..., 832) = 832
134156 12:54:42.581104 fstat(10, {st_mode=S_IFREG|0644, st_size=39408, ...}) = 0
134156 12:54:42.581143 mmap(NULL, 41344, PROT_READ, MAP_PRIVATE|MAP_DENYWRITE, 10, 0) = 0x7fd91a041000
134156 12:54:42.581178 mmap(0x7fd91a043000, 20480, PROT_READ|PROT_EXEC, MAP_PRIVATE|MAP_FIXED|MAP_DENYWRITE, 10, 0x2000) = 0x7fd91a043000
134156 12:54:42.581216 mmap(0x7fd91a048000, 8192, PROT_READ, MAP_PRIVATE|MAP_FIXED|MAP_DENYWRITE, 10, 0x7000) = 0x7fd91a048000
134156 12:54:42.581253 mmap(0x7fd91a04a000, 8192, PROT_READ|PROT_WRITE, MAP_PRIVATE|MAP_FIXED|MAP_DENYWRITE, 10, 0x8000) = 0x7fd91a04a000
134156 12:54:42.581298 close(10)        = 0
134156 12:54:42.581347 mprotect(0x7fd91a04a000, 4096, PROT_READ) = 0
134156 12:54:42.581397 mprotect(0x7fd91a220000, 4096, PROT_READ) = 0
134156 12:54:42.581437 munmap(0x7fd91a05f000, 45811) = 0
134156 12:54:42.581476 newfstatat(AT_FDCWD, "/usr/lib/x86_64-linux-gnu/hwloc/hwloc_xml_libxml.so", {st_mode=S_IFREG|0644, st_size=23224, ...}, 0) = 0
134156 12:54:42.581519 openat(AT_FDCWD, "/usr/lib/x86_64-linux-gnu/hwloc/hwloc_xml_libxml.so", O_RDONLY|O_CLOEXEC) = 10
134156 12:54:42.581559 read(10, "\177ELF\2\1\1\0\0\0\0\0\0\0\0\0\3\0>\0\1\0\0\0\0\0\0\0\0\0\0\0"..., 832) = 832
134156 12:54:42.581595 fstat(10, {st_mode=S_IFREG|0644, st_size=23224, ...}) = 0
134156 12:54:42.581632 mmap(NULL, 25000, PROT_READ, MAP_PRIVATE|MAP_DENYWRITE, 10, 0) = 0x7fd91a064000
134156 12:54:42.581667 mmap(0x7fd91a066000, 8192, PROT_READ|PROT_EXEC, MAP_PRIVATE|MAP_FIXED|MAP_DENYWRITE, 10, 0x2000) = 0x7fd91a066000
134156 12:54:42.581703 mmap(0x7fd91a068000, 4096, PROT_READ, MAP_PRIVATE|MAP_FIXED|MAP_DENYWRITE, 10, 0x4000) = 0x7fd91a068000
134156 12:54:42.581738 mmap(0x7fd91a069000, 8192, PROT_READ|PROT_WRITE, MAP_PRIVATE|MAP_FIXED|MAP_DENYWRITE, 10, 0x4000) = 0x7fd91a069000
134156 12:54:42.581782 close(10)        = 0
134156 12:54:42.581815 openat(AT_FDCWD, "/etc/ld.so.cache", O_RDONLY|O_CLOEXEC) = 10
134156 12:54:42.581853 fstat(10, {st_mode=S_IFREG|0644, st_size=45811, ...}) = 0
134156 12:54:42.581890 mmap(NULL, 45811, PROT_READ, MAP_PRIVATE, 10, 0) = 0x7fd91a035000
134156 12:54:42.581923 close(10)        = 0
134156 12:54:42.581959 openat(AT_FDCWD, "/usr/lib/x86_64-linux-gnu/libxml2.so.2", O_RDONLY|O_CLOEXEC) = 10
134156 12:54:42.582001 read(10, "\177ELF\2\1\1\0\0\0\0\0\0\0\0\0\3\0>\0\1\0\0\0\0\0\0\0\0\0\0\0"..., 832) = 832
134156 12:54:42.582037 fstat(10, {st_mode=S_IFREG|0644, st_size=1967424, ...}) = 0
134156 12:54:42.582074 mmap(NULL, 1973784, PROT_READ, MAP_PRIVATE|MAP_DENYWRITE, 10, 0) = 0x7fd919e53000
134156 12:54:42.582108 mmap(0x7fd919e82000, 1466368, PROT_READ|PROT_EXEC, MAP_PRIVATE|MAP_FIXED|MAP_DENYWRITE, 10, 0x2f000) = 0x7fd919e82000
134156 12:54:42.582146 mmap(0x7fd919fe8000, 270336, PROT_READ, MAP_PRIVATE|MAP_FIXED|MAP_DENYWRITE, 10, 0x195000) = 0x7fd919fe8000
134156 12:54:42.582181 mmap(0x7fd91a02a000, 40960, PROT_READ|PROT_WRITE, MAP_PRIVATE|MAP_FIXED|MAP_DENYWRITE, 10, 0x1d6000) = 0x7fd91a02a000
134156 12:54:42.582221 mmap(0x7fd91a034000, 3608, PROT_READ|PROT_WRITE, MAP_PRIVATE|MAP_FIXED|MAP_ANONYMOUS, -1, 0) = 0x7fd91a034000
134156 12:54:42.582265 close(10)        = 0
134156 12:54:42.582304 openat(AT_FDCWD, "/usr/lib/x86_64-linux-gnu/libicuuc.so.74", O_RDONLY|O_CLOEXEC) = 10
134156 12:54:42.582347 read(10, "\177ELF\2\1\1\0\0\0\0\0\0\0\0\0\3\0>\0\1\0\0\0\0\0\0\0\0\0\0\0"..., 832) = 832
134156 12:54:42.582383 fstat(10, {st_mode=S_IFREG|0644, st_size=2140336, ...}) = 0
134156 12:54:42.582423 mmap(NULL, 2147232, PROT_READ, MAP_PRIVATE|MAP_DENYWRITE, 10, 0) = 0x7fd919c46000
134156 12:54:42.582457 mmap(0x7fd919cae000, 1069056, PROT_READ|PROT_EXEC, MAP_PRIVATE|MAP_FIXED|MAP_DENYWRITE, 10, 0x68000) = 0x7fd919cae000
134156 12:54:42.582495 mmap(0x7fd919db3000, 565248, PROT_READ, MAP_PRIVATE|MAP_FIXED|MAP_DENYWRITE, 10, 0x16d000) = 0x7fd919db3000
134156 12:54:42.582530 mmap(0x7fd919e3d000, 81920, PROT_READ|PROT_WRITE, MAP_PRIVATE|MAP_FIXED|MAP_DENYWRITE, 10, 0x1f7000) = 0x7fd919e3d000
134156 12:54:42.582569 mmap(0x7fd919e51000, 5024, PROT_READ|PROT_WRITE, MAP_PRIVATE|MAP_FIXED|MAP_ANONYMOUS, -1, 0) = 0x7fd919e51000
134156 12:54:42.582617 close(10)        = 0
134156 12:54:42.582655 openat(AT_FDCWD, "/usr/lib/x86_64-linux-gnu/liblzma.so.5", O_RDONLY|O_CLOEXEC) = 10
134156 12:54:42.582696 read(10, "\177ELF\2\1\1\0\0\0\0\0\0\0\0\0\3\0>\0\1\0\0\0\0\0\0\0\0\0\0\0"..., 832) = 832
134156 12:54:42.582731 fstat(10, {st_mode=S_IFREG|0644, st_size=202904, ...}) = 0
134156 12:54:42.582769 mmap(NULL, 200728, PROT_READ, MAP_PRIVATE|MAP_DENYWRITE, 10, 0) = 0x7fd919c14000
134156 12:54:42.582803 mmap(0x7fd919c17000, 139264, PROT_READ|PROT_EXEC, MAP_PRIVATE|MAP_FIXED|MAP_DENYWRITE, 10, 0x3000) = 0x7fd919c17000
134156 12:54:42.582841 mmap(0x7fd919c39000, 45056, PROT_READ, MAP_PRIVATE|MAP_FIXED|MAP_DENYWRITE, 10, 0x25000) = 0x7fd919c39000
134156 12:54:42.582876 mmap(0x7fd919c44000, 8192, PROT_READ|PROT_WRITE, MAP_PRIVATE|MAP_FIXED|MAP_DENYWRITE, 10, 0x30000) = 0x7fd919c44000
134156 12:54:42.582920 close(10)        = 0
134156 12:54:42.582955 openat(AT_FDCWD, "/usr/lib/x86_64-linux-gnu/libicudata.so.74", O_RDONLY|O_CLOEXEC) = 10
134156 12:54:42.582997 read(10, "\177ELF\2\1\1\0\0\0\0\0\0\0\0\0\3\0>\0\1\0\0\0\0\0\0\0\0\0\0\0"..., 832) = 832
134156 12:54:42.583033 fstat(10, {st_mode=S_IFREG|0644, st_size=30795392, ...}) = 0
134156 12:54:42.583071 mmap(NULL, 30797840, PROT_READ, MAP_PRIVATE|MAP_DENYWRITE, 10, 0) = 0x7fd917eb4000
134156 12:54:42.583105 mmap(0x7fd917eb5000, 4096, PROT_READ|PROT_EXEC, MAP_PRIVATE|MAP_FIXED|MAP_DENYWRITE, 10, 0x1000) = 0x7fd917eb5000
134156 12:54:42.583142 mmap(0x7fd917eb6000, 30785536, PROT_READ, MAP_PRIVATE|MAP_FIXED|MAP_DENYWRITE, 10, 0x2000) = 0x7fd917eb6000
134156 12:54:42.583178 mmap(0x7fd919c12000, 8192, PROT_READ|PROT_WRITE, MAP_PRIVATE|MAP_FIXED|MAP_DENYWRITE, 10, 0x1d5d000) = 0x7fd919c12000
134156 12:54:42.583223 close(10)        = 0
134156 12:54:42.583259 openat(AT_FDCWD, "/usr/lib/x86_64-linux-gnu/libstdc++.so.6", O_RDONLY|O_CLOEXEC) = 10
134156 12:54:42.583300 read(10, "\177ELF\2\1\1\3\0\0\0\0\0\0\0\0\3\0>\0\1\0\0\0\0\0\0\0\0\0\0\0"..., 832) = 832
134156 12:54:42.583336 fstat(10, {st_mode=S_IFREG|0644, st_size=2592224, ...}) = 0
134156 12:54:42.583376 mmap(NULL, 2609472, PROT_READ, MAP_PRIVATE|MAP_DENYWRITE, 10, 0) = 0x7fd917c36000
134156 12:54:42.583410 mmap(0x7fd917cd3000, 1343488, PROT_READ|PROT_EXEC, MAP_PRIVATE|MAP_FIXED|MAP_DENYWRITE, 10, 0x9d000) = 0x7fd917cd3000
134156 12:54:42.583448 mmap(0x7fd917e1b000, 552960, PROT_READ, MAP_PRIVATE|MAP_FIXED|MAP_DENYWRITE, 10, 0x1e5000) = 0x7fd917e1b000
134156 12:54:42.583483 mmap(0x7fd917ea2000, 57344, PROT_READ|PROT_WRITE, MAP_PRIVATE|MAP_FIXED|MAP_DENYWRITE, 10, 0x26b000) = 0x7fd917ea2000
134156 12:54:42.583523 mmap(0x7fd917eb0000, 12608, PROT_READ|PROT_WRITE, MAP_PRIVATE|MAP_FIXED|MAP_ANONYMOUS, -1, 0) = 0x7fd917eb0000
134156 12:54:42.583594 close(10)        = 0
134156 12:54:42.583637 openat(AT_FDCWD, "/usr/lib/x86_64-linux-gnu/libgcc_s.so.1", O_RDONLY|O_CLOEXEC) = 10
134156 12:54:42.583680 read(10, "\177ELF\2\1\1\0\0\0\0\0\0\0\0\0\3\0>\0\1\0\0\0\0\0\0\0\0\0\0\0"..., 832) = 832
134156 12:54:42.583717 fstat(10, {st_mode=S_IFREG|0644, st_size=183024, ...}) = 0
134156 12:54:42.583754 mmap(NULL, 185256, PROT_READ, MAP_PRIVATE|MAP_DENYWRITE, 10, 0) = 0x7fd917c08000
134156 12:54:42.583787 mmap(0x7fd917c0c000, 147456, PROT_READ|PROT_EXEC, MAP_PRIVATE|MAP_FIXED|MAP_DENYWRITE, 10, 0x4000) = 0x7fd917c0c000
134156 12:54:42.583826 mmap(0x7fd917c30000, 16384, PROT_READ, MAP_PRIVATE|MAP_FIXED|MAP_DENYWRITE, 10, 0x28000) = 0x7fd917c30000
134156 12:54:42.583859 mmap(0x7fd917c34000, 8192, PROT_READ|PROT_WRITE, MAP_PRIVATE|MAP_FIXED|MAP_DENYWRITE, 10, 0x2b000) = 0x7fd917c34000
134156 12:54:42.583901 close(10)        = 0
134156 12:54:42.583979 mprotect(0x7fd917c34000, 4096, PROT_READ) = 0
134156 12:54:42.584782 mprotect(0x7fd917ea2000, 45056, PROT_READ) = 0
134156 12:54:42.584815 mprotect(0x7fd919c12000, 4096, PROT_READ) = 0
134156 12:54:42.584849 mprotect(0x7fd919c44000, 4096, PROT_READ) = 0
134156 12:54:42.584945 mprotect(0x7fd919e3d000, 77824, PROT_READ) = 0
134156 12:54:42.585034 mprotect(0x7fd91a02a000, 36864, PROT_READ) = 0
134156 12:54:42.585074 mprotect(0x7fd91a069000, 4096, PROT_READ) = 0
134156 12:54:42.585131 futex(0x7fd917eb07bc, FUTEX_WAKE_PRIVATE, 2147483647) = 0
134156 12:54:42.585196 munmap(0x7fd91a035000, 45811) = 0
134156 12:54:42.585234 getdents64(9, 0x56141609b560 /* 0 entries */, 32768) = 0
134156 12:54:42.585267 close(9)         = 0
134156 12:54:42.585322 faccessat2(-1, "/sys/devices/system/cpu", R_OK|X_OK, 0) = 0
134156 12:54:42.585361 faccessat2(-1, "/sys/devices/system/cpu/cpu0/topology/package_cpus", R_OK, 0) = 0
134156 12:54:42.585399 uname({sysname="Linux", nodename="f7c62a262077", ...}) = 0
134156 12:54:42.585433 openat(AT_FDCWD, "/sys/devices/system/cpu/online", O_RDONLY|O_CLOEXEC) = 9
134156 12:54:42.585470 read(9, "0-15\n", 1024) = 5
134156 12:54:42.585505 close(9)         = 0
134156 12:54:42.585536 openat(-1, "/sys/bus/soc/devices", O_RDONLY|O_DIRECTORY) = -1 ENOENT (No such file or directory)
134156 12:54:42.585572 openat(-1, "/proc/cmdline", O_RDONLY) = 9
134156 12:54:42.585609 fcntl(9, F_GETFL) = 0x8000 (flags O_RDONLY|O_LARGEFILE)
134156 12:54:42.585639 fstat(9, {st_mode=S_IFREG|0444, st_size=0, ...}) = 0
134156 12:54:42.585672 read(9, "BOOT_IMAGE=/boot/vmlinuz-5.15.0-"..., 1024) = 94
134156 12:54:42.585705 close(9)         = 0
134156 12:54:42.585735 openat(-1, "/proc/cpuinfo", O_RDONLY) = 9
134156 12:54:42.585769 fcntl(9, F_GETFL) = 0x8000 (flags O_RDONLY|O_LARGEFILE)
134156 12:54:42.585798 fstat(9, {st_mode=S_IFREG|0444, st_size=0, ...}) = 0
134156 12:54:42.585831 read(9, "processor\t: 0\nvendor_id\t: Authen"..., 1024) = 1024
134156 12:54:42.585884 read(9, "2bw avx512vl xsaveopt xsavec xge"..., 1024) = 1024
134156 12:54:42.585933 read(9, "ption\t: yes\ncpuid level\t: 16\nwp\t"..., 1024) = 1024
134156 12:54:42.585966 read(9, "ke avx512_vbmi2 gfni vaes vpclmu"..., 1024) = 1024
134156 12:54:42.586013 read(9, "x16 sse4_1 sse4_2 movbe popcnt a"..., 1024) = 1024
134156 12:54:42.586046 read(9, "ment\t: 64\naddress sizes\t: 48 bit"..., 1024) = 1024
134156 12:54:42.586091 read(9, "bmi1 avx2 smep bmi2 erms invpcid"..., 1024) = 1024
134156 12:54:42.586139 read(9, "e size\t: 1024 KB\nphysical id\t: 0"..., 1024) = 1024
134156 12:54:42.586172 read(9, "ip_save tsc_scale vmcb_clean flu"..., 1024) = 1024
134156 12:54:42.586217 read(9, "t pdpe1gb rdtscp lm constant_tsc"..., 1024) = 1024
134156 12:54:42.586250 read(9, "tre_v1 spectre_v2 spec_store_byp"..., 1024) = 1024
134156 12:54:42.586295 read(9, "tr_core perfctr_nb bpext perfctr"..., 1024) = 1024
134156 12:54:42.586340 read(9, "y\t: 25\nmodel\t\t: 97\nmodel name\t: "..., 1024) = 1024
134156 12:54:42.586373 read(9, "m_llc cqm_occup_llc cqm_mbm_tota"..., 1024) = 1024
134156 12:54:42.586423 read(9, ": fpu vme de pse tsc msr pae mce"..., 1024) = 1024
134156 12:54:42.586456 read(9, "ni avx512_bitalg avx512_vpopcntd"..., 1024) = 1024
134156 12:54:42.586500 read(9, "16c rdrand lahf_lm cmp_legacy sv"..., 1024) = 1024
134156 12:54:42.586533 read(9, " bits virtual\npower management: "..., 1024) = 1024
134156 12:54:42.586577 read(9, "x512f avx512dq rdseed adx smap a"..., 1024) = 1024
134156 12:54:42.586625 read(9, "16\ncore id\t\t: 3\ncpu cores\t: 8\nap"..., 1024) = 1024
134156 12:54:42.586658 read(9, "odeassists pausefilter pfthresho"..., 1024) = 1024
134156 12:54:42.586703 read(9, "l nonstop_tsc cpuid extd_apicid "..., 1024) = 1024
134156 12:54:42.586737 read(9, "vmscape\nbogomips\t: 8383.85\nTLB s"..., 1024) = 1024
134156 12:54:42.586782 read(9, "cpb cat_l3 cdp_l3 hw_pstate ssbd"..., 1024) = 1024
134156 12:54:42.586826 read(9, " 7800X3D 8-Core Processor\nsteppi"..., 1024) = 1024
134156 12:54:42.586860 read(9, "ocal avx512_bf16 clzero irperf x"..., 1024) = 1024
134156 12:54:42.586905 read(9, "c sep mtrr pge mca cmov pat pse3"..., 1024) = 1024
134156 12:54:42.586938 read(9, "overflow_recov succor smca fsrm "..., 1024) = 338
134156 12:54:42.586970 read(9, "", 1024) = 0
134156 12:54:42.586998 close(9)         = 0
134156 12:54:42.587030 openat(AT_FDCWD, "/proc/mounts", O_RDONLY|O_CLOEXEC) = 9
134156 12:54:42.587072 fstat(9, {st_mode=S_IFREG|0444, st_size=0, ...}) = 0
134156 12:54:42.587105 read(9, "overlay / overlay rw,relatime,lo"..., 1024) = 1024
134156 12:54:42.587164 read(9, "er/overlay2/l/7LFGNQ5RDYFO5WTCYY"..., 1024) = 1024
134156 12:54:42.587194 read(9, "cker/overlay2/l/TYKZ3CXK3XPX6ROI"..., 1024) = 1024
134156 12:54:42.587235 read(9, "\nmqueue /dev/mqueue mqueue rw,no"..., 1024) = 1024
134156 12:54:42.587288 openat(-1, "/sys/fs/cgroup/cgroup.controllers", O_RDONLY) = 10
134156 12:54:42.587327 read(10, "cpuset cpu io memory hugetlb pid"..., 1023) = 44
134156 12:54:42.587362 close(10)        = 0
134156 12:54:42.587397 close(9)         = 0
134156 12:54:42.587427 openat(-1, "/proc/self/cpuset", O_RDONLY) = 9
134156 12:54:42.587463 read(9, "/\n", 127) = 2
134156 12:54:42.587496 close(9)         = 0
134156 12:54:42.587527 openat(-1, "/sys/fs/cgroup//cpuset.cpus.effective", O_RDONLY) = 9
134156 12:54:42.587572 read(9, "0-15\n", 4097) = 5
134156 12:54:42.587606 close(9)         = 0
134156 12:54:42.587636 openat(-1, "/sys/fs/cgroup//cpuset.mems.effective", O_RDONLY) = 9
134156 12:54:42.587671 read(9, "0\n", 4097) = 2
134156 12:54:42.587704 close(9)         = 0
134156 12:54:42.587734 openat(-1, "/sys/devices/system/cpu/online", O_RDONLY) = 9
134156 12:54:42.587769 read(9, "0-15\n", 4097) = 5
134156 12:54:42.587801 close(9)         = 0
134156 12:54:42.587832 openat(-1, "/sys/devices/system/cpu", O_RDONLY|O_DIRECTORY) = 9
134156 12:54:42.587868 fstat(9, {st_mode=S_IFDIR|0755, st_size=0, ...}) = 0
134156 12:54:42.587901 fcntl(9, F_GETFL) = 0x18000 (flags O_RDONLY|O_LARGEFILE|O_DIRECTORY)
134156 12:54:42.587930 fcntl(9, F_SETFD, FD_CLOEXEC) = 0
134156 12:54:42.587959 brk(0x5614160e8000) = 0x5614160e8000
134156 12:54:42.587990 getdents64(9, 0x5614160bf8c0 /* 33 entries */, 32768) = 960
134156 12:54:42.588032 faccessat2(-1, "/sys/devices/system/cpu/cpu11/topology", X_OK, 0) = 0
134156 12:54:42.588070 faccessat2(-1, "/sys/devices/system/cpu/cpu9/topology", X_OK, 0) = 0
134156 12:54:42.588105 faccessat2(-1, "/sys/devices/system/cpu/cpu7/topology", X_OK, 0) = 0
134156 12:54:42.588140 faccessat2(-1, "/sys/devices/system/cpu/cpu5/topology", X_OK, 0) = 0
134156 12:54:42.588175 faccessat2(-1, "/sys/devices/system/cpu/cpu3/topology", X_OK, 0) = 0
134156 12:54:42.588211 faccessat2(-1, "/sys/devices/system/cpu/cpu14/topology", X_OK, 0) = 0
134156 12:54:42.588246 faccessat2(-1, "/sys/devices/system/cpu/cpu1/topology", X_OK, 0) = 0
134156 12:54:42.588281 faccessat2(-1, "/sys/devices/system/cpu/cpu12/topology", X_OK, 0) = 0
134156 12:54:42.588318 faccessat2(-1, "/sys/devices/system/cpu/cpu10/topology", X_OK, 0) = 0
134156 12:54:42.588353 faccessat2(-1, "/sys/devices/system/cpu/cpu8/topology", X_OK, 0) = 0
134156 12:54:42.588388 faccessat2(-1, "/sys/devices/system/cpu/cpu6/topology", X_OK, 0) = 0
134156 12:54:42.588423 faccessat2(-1, "/sys/devices/system/cpu/cpu4/topology", X_OK, 0) = 0
134156 12:54:42.588458 faccessat2(-1, "/sys/devices/system/cpu/cpu15/topology", X_OK, 0) = 0
134156 12:54:42.588493 faccessat2(-1, "/sys/devices/system/cpu/cpu2/topology", X_OK, 0) = 0
134156 12:54:42.588528 faccessat2(-1, "/sys/devices/system/cpu/cpu13/topology", X_OK, 0) = 0
134156 12:54:42.588563 faccessat2(-1, "/sys/devices/system/cpu/cpu0/topology", X_OK, 0) = 0
134156 12:54:42.588598 getdents64(9, 0x5614160bf8c0 /* 0 entries */, 32768) = 0
134156 12:54:42.588629 brk(0x5614160e0000) = 0x5614160e0000
134156 12:54:42.588661 close(9)         = 0
134156 12:54:42.588690 openat(-1, "/sys/devices/system/cpu/cpu0/topology/core_cpus", O_RDONLY) = 9
134156 12:54:42.588726 read(9, "00000101\n", 4097) = 9
134156 12:54:42.588760 close(9)         = 0
134156 12:54:42.588791 openat(-1, "/sys/devices/system/cpu/cpu0/topology/core_id", O_RDONLY) = 9
134156 12:54:42.588828 read(9, "0\n", 10) = 2
134156 12:54:42.588861 close(9)         = 0
134156 12:54:42.588892 openat(-1, "/sys/devices/system/cpu/cpu0/topology/cluster_cpus", O_RDONLY) = -1 ENOENT (No such file or directory)
134156 12:54:42.588928 openat(-1, "/sys/devices/system/cpu/cpu0/topology/die_cpus", O_RDONLY) = 9
134156 12:54:42.588963 read(9, "0000ffff\n", 4097) = 9
134156 12:54:42.588996 close(9)         = 0
134156 12:54:42.589026 openat(-1, "/sys/devices/system/cpu/cpu0/topology/package_cpus", O_RDONLY) = 9
134156 12:54:42.589061 read(9, "0000ffff\n", 4097) = 9
134156 12:54:42.589094 close(9)         = 0
134156 12:54:42.589123 openat(-1, "/sys/devices/system/cpu/cpu0/topology/physical_package_id", O_RDONLY) = 9
134156 12:54:42.589158 read(9, "0\n", 10) = 2
134156 12:54:42.589192 close(9)         = 0
134156 12:54:42.589223 openat(-1, "/sys/devices/system/cpu/cpu0/cache/index0/shared_cpu_map", O_RDONLY) = 9
134156 12:54:42.589260 read(9, "00000101\n", 4097) = 9
134156 12:54:42.589293 close(9)         = 0
134156 12:54:42.589325 openat(-1, "/sys/devices/system/cpu/cpu0/cache/index0/level", O_RDONLY) = 9
134156 12:54:42.589361 read(9, "1\n", 10) = 2
134156 12:54:42.589394 close(9)         = 0
134156 12:54:42.589425 openat(-1, "/sys/devices/system/cpu/cpu0/cache/index0/type", O_RDONLY) = 9
134156 12:54:42.589460 read(9, "Data\n", 19) = 5
134156 12:54:42.589493 close(9)         = 0
134156 12:54:42.589523 openat(-1, "/sys/devices/system/cpu/cpu0/cache/index0/id", O_RDONLY) = 9
134156 12:54:42.589558 read(9, "0\n", 10) = 2
134156 12:54:42.589591 close(9)         = 0
134156 12:54:42.589621 openat(-1, "/sys/devices/system/cpu/cpu0/cache/index0/size", O_RDONLY) = 9
134156 12:54:42.589657 read(9, "32K\n", 10) = 4
134156 12:54:42.589689 close(9)         = 0
134156 12:54:42.589719 openat(-1, "/sys/devices/system/cpu/cpu0/cache/index0/coherency_line_size", O_RDONLY) = 9
134156 12:54:42.589755 read(9, "64\n", 10) = 3
134156 12:54:42.589788 close(9)         = 0
134156 12:54:42.589819 openat(-1, "/sys/devices/system/cpu/cpu0/cache/index0/number_of_sets", O_RDONLY) = 9
134156 12:54:42.589854 read(9, "64\n", 10) = 3
134156 12:54:42.589887 close(9)         = 0
134156 12:54:42.589916 openat(-1, "/sys/devices/system/cpu/cpu0/cache/index0/physical_line_partition", O_RDONLY) = 9
134156 12:54:42.589952 read(9, "1\n", 10) = 2
134156 12:54:42.589985 close(9)         = 0
134156 12:54:42.590016 openat(-1, "/sys/devices/system/cpu/cpu0/cache/index1/shared_cpu_map", O_RDONLY) = 9
134156 12:54:42.590052 read(9, "00000101\n", 4097) = 9
134156 12:54:42.590084 close(9)         = 0
134156 12:54:42.590116 openat(-1, "/sys/devices/system/cpu/cpu0/cache/index1/level", O_RDONLY) = 9
134156 12:54:42.590151 read(9, "1\n", 10) = 2
134156 12:54:42.590184 close(9)         = 0
134156 12:54:42.590214 openat(-1, "/sys/devices/system/cpu/cpu0/cache/index1/type", O_RDONLY) = 9
134156 12:54:42.590249 read(9, "Instruction\n", 19) = 12
134156 12:54:42.590282 close(9)         = 0
134156 12:54:42.590312 openat(-1, "/sys/devices/system/cpu/cpu0/cache/index1/id", O_RDONLY) = 9
134156 12:54:42.590348 read(9, "0\n", 10) = 2
134156 12:54:42.590379 close(9)         = 0
134156 12:54:42.590410 openat(-1, "/sys/devices/system/cpu/cpu0/cache/index2/shared_cpu_map", O_RDONLY) = 9
134156 12:54:42.590446 read(9, "00000101\n", 4097) = 9
134156 12:54:42.590479 close(9)         = 0
134156 12:54:42.590509 openat(-1, "/sys/devices/system/cpu/cpu0/cache/index2/level", O_RDONLY) = 9
134156 12:54:42.590545 read(9, "2\n", 10) = 2
134156 12:54:42.590578 close(9)         = 0
134156 12:54:42.590607 openat(-1, "/sys/devices/system/cpu/cpu0/cache/index2/type", O_RDONLY) = 9
134156 12:54:42.590645 read(9, "Unified\n", 19) = 8
134156 12:54:42.590678 close(9)         = 0
134156 12:54:42.590706 openat(-1, "/sys/devices/system/cpu/cpu0/cache/index2/id", O_RDONLY) = 9
134156 12:54:42.590743 read(9, "0\n", 10) = 2
134156 12:54:42.590775 close(9)         = 0
134156 12:54:42.590805 openat(-1, "/sys/devices/system/cpu/cpu0/cache/index2/size", O_RDONLY) = 9
134156 12:54:42.590841 read(9, "1024K\n", 10) = 6
134156 12:54:42.590874 close(9)         = 0
134156 12:54:42.590905 openat(-1, "/sys/devices/system/cpu/cpu0/cache/index2/coherency_line_size", O_RDONLY) = 9
134156 12:54:42.590940 read(9, "64\n", 10) = 3
134156 12:54:42.590973 close(9)         = 0
134156 12:54:42.591003 openat(-1, "/sys/devices/system/cpu/cpu0/cache/index2/number_of_sets", O_RDONLY) = 9
134156 12:54:42.591039 read(9, "2048\n", 10) = 5
134156 12:54:42.591072 close(9)         = 0
134156 12:54:42.591101 openat(-1, "/sys/devices/system/cpu/cpu0/cache/index2/physical_line_partition", O_RDONLY) = 9
134156 12:54:42.591136 read(9, "1\n", 10) = 2
134156 12:54:42.591169 close(9)         = 0
134156 12:54:42.591201 openat(-1, "/sys/devices/system/cpu/cpu0/cache/index3/shared_cpu_map", O_RDONLY) = 9
134156 12:54:42.591236 read(9, "0000ffff\n", 4097) = 9
134156 12:54:42.591269 close(9)         = 0
134156 12:54:42.591299 openat(-1, "/sys/devices/system/cpu/cpu0/cache/index3/level", O_RDONLY) = 9
134156 12:54:42.591334 read(9, "3\n", 10) = 2
134156 12:54:42.591367 close(9)         = 0
134156 12:54:42.591396 openat(-1, "/sys/devices/system/cpu/cpu0/cache/index3/type", O_RDONLY) = 9
134156 12:54:42.591432 read(9, "Unified\n", 19) = 8
134156 12:54:42.591465 close(9)         = 0
134156 12:54:42.591495 openat(-1, "/sys/devices/system/cpu/cpu0/cache/index3/id", O_RDONLY) = 9
134156 12:54:42.591532 read(9, "0\n", 10) = 2
134156 12:54:42.591570 close(9)         = 0
134156 12:54:42.591600 openat(-1, "/sys/devices/system/cpu/cpu0/cache/index3/size", O_RDONLY) = 9
134156 12:54:42.591637 read(9, "98304K\n", 10) = 7
134156 12:54:42.591670 close(9)         = 0
134156 12:54:42.591702 openat(-1, "/sys/devices/system/cpu/cpu0/cache/index3/coherency_line_size", O_RDONLY) = 9
134156 12:54:42.591738 read(9, "64\n", 10) = 3
134156 12:54:42.591771 close(9)         = 0
134156 12:54:42.591801 openat(-1, "/sys/devices/system/cpu/cpu0/cache/index3/number_of_sets", O_RDONLY) = 9
134156 12:54:42.591836 read(9, "98304\n", 10) = 6
134156 12:54:42.591869 close(9)         = 0
134156 12:54:42.591899 openat(-1, "/sys/devices/system/cpu/cpu0/cache/index3/physical_line_partition", O_RDONLY) = 9
134156 12:54:42.591935 read(9, "1\n", 10) = 2
134156 12:54:42.591967 close(9)         = 0
134156 12:54:42.591997 openat(-1, "/sys/devices/system/cpu/cpu0/cache/index4/shared_cpu_map", O_RDONLY) = -1 ENOENT (No such file or directory)
134156 12:54:42.592032 openat(-1, "/sys/devices/system/cpu/cpu0/cache/index5/shared_cpu_map", O_RDONLY) = -1 ENOENT (No such file or directory)
134156 12:54:42.592066 openat(-1, "/sys/devices/system/cpu/cpu0/cache/index6/shared_cpu_map", O_RDONLY) = -1 ENOENT (No such file or directory)
134156 12:54:42.592100 openat(-1, "/sys/devices/system/cpu/cpu0/cache/index7/shared_cpu_map", O_RDONLY) = -1 ENOENT (No such file or directory)
134156 12:54:42.592134 openat(-1, "/sys/devices/system/cpu/cpu0/cache/index8/shared_cpu_map", O_RDONLY) = -1 ENOENT (No such file or directory)
134156 12:54:42.592169 openat(-1, "/sys/devices/system/cpu/cpu0/cache/index9/shared_cpu_map", O_RDONLY) = -1 ENOENT (No such file or directory)
134156 12:54:42.592204 openat(-1, "/sys/devices/system/cpu/cpu1/topology/core_cpus", O_RDONLY) = 9
134156 12:54:42.592240 read(9, "00000202\n", 4097) = 9
134156 12:54:42.592272 close(9)         = 0
134156 12:54:42.592302 openat(-1, "/sys/devices/system/cpu/cpu1/topology/core_id", O_RDONLY) = 9
134156 12:54:42.592338 read(9, "1\n", 10) = 2
134156 12:54:42.592370 close(9)         = 0
134156 12:54:42.592401 openat(-1, "/sys/devices/system/cpu/cpu1/topology/cluster_cpus", O_RDONLY) = -1 ENOENT (No such file or directory)
134156 12:54:42.592435 openat(-1, "/sys/devices/system/cpu/cpu1/topology/die_cpus", O_RDONLY) = 9
134156 12:54:42.592473 read(9, "0000ffff\n", 4097) = 9
134156 12:54:42.592506 close(9)         = 0
134156 12:54:42.592536 openat(-1, "/sys/devices/system/cpu/cpu1/cache/index0/shared_cpu_map", O_RDONLY) = 9
134156 12:54:42.592574 read(9, "00000202\n", 4097) = 9
134156 12:54:42.592606 close(9)         = 0
134156 12:54:42.592636 openat(-1, "/sys/devices/system/cpu/cpu1/cache/index0/level", O_RDONLY) = 9
134156 12:54:42.592672 read(9, "1\n", 10) = 2
134156 12:54:42.592705 close(9)         = 0
134156 12:54:42.592734 openat(-1, "/sys/devices/system/cpu/cpu1/cache/index0/type", O_RDONLY) = 9
134156 12:54:42.592769 read(9, "Data\n", 19) = 5
134156 12:54:42.592803 close(9)         = 0
134156 12:54:42.592833 openat(-1, "/sys/devices/system/cpu/cpu1/cache/index0/id", O_RDONLY) = 9
134156 12:54:42.592869 read(9, "1\n", 10) = 2
134156 12:54:42.592902 close(9)         = 0
134156 12:54:42.592932 openat(-1, "/sys/devices/system/cpu/cpu1/cache/index0/size", O_RDONLY) = 9
134156 12:54:42.592967 read(9, "32K\n", 10) = 4
134156 12:54:42.593000 close(9)         = 0
134156 12:54:42.593030 openat(-1, "/sys/devices/system/cpu/cpu1/cache/index0/coherency_line_size", O_RDONLY) = 9
134156 12:54:42.593066 read(9, "64\n", 10) = 3
134156 12:54:42.593100 close(9)         = 0
134156 12:54:42.593129 openat(-1, "/sys/devices/system/cpu/cpu1/cache/index0/number_of_sets", O_RDONLY) = 9
134156 12:54:42.593164 read(9, "64\n", 10) = 3
134156 12:54:42.593197 close(9)         = 0
134156 12:54:42.593227 openat(-1, "/sys/devices/system/cpu/cpu1/cache/index0/physical_line_partition", O_RDONLY) = 9
134156 12:54:42.593264 read(9, "1\n", 10) = 2
134156 12:54:42.593296 close(9)         = 0
134156 12:54:42.593327 openat(-1, "/sys/devices/system/cpu/cpu1/cache/index1/shared_cpu_map", O_RDONLY) = 9
134156 12:54:42.593363 read(9, "00000202\n", 4097) = 9
134156 12:54:42.593395 close(9)         = 0
134156 12:54:42.593426 openat(-1, "/sys/devices/system/cpu/cpu1/cache/index1/level", O_RDONLY) = 9
134156 12:54:42.593462 read(9, "1\n", 10) = 2
134156 12:54:42.593495 close(9)         = 0
134156 12:54:42.593524 openat(-1, "/sys/devices/system/cpu/cpu1/cache/index1/type", O_RDONLY) = 9
134156 12:54:42.593560 read(9, "Instruction\n", 19) = 12
134156 12:54:42.593593 close(9)         = 0
134156 12:54:42.593621 openat(-1, "/sys/devices/system/cpu/cpu1/cache/index1/id", O_RDONLY) = 9
134156 12:54:42.593657 read(9, "1\n", 10) = 2
134156 12:54:42.593690 close(9)         = 0
134156 12:54:42.593720 openat(-1, "/sys/devices/system/cpu/cpu1/cache/index2/shared_cpu_map", O_RDONLY) = 9
134156 12:54:42.593756 read(9, "00000202\n", 4097) = 9
134156 12:54:42.593789 close(9)         = 0
134156 12:54:42.593819 openat(-1, "/sys/devices/system/cpu/cpu1/cache/index2/level", O_RDONLY) = 9
134156 12:54:42.593855 read(9, "2\n", 10) = 2
134156 12:54:42.593888 close(9)         = 0
134156 12:54:42.593918 openat(-1, "/sys/devices/system/cpu/cpu1/cache/index2/type", O_RDONLY) = 9
134156 12:54:42.593953 read(9, "Unified\n", 19) = 8
134156 12:54:42.593986 close(9)         = 0
134156 12:54:42.594016 openat(-1, "/sys/devices/system/cpu/cpu1/cache/index2/id", O_RDONLY) = 9
134156 12:54:42.594052 read(9, "1\n", 10) = 2
134156 12:54:42.594085 close(9)         = 0
134156 12:54:42.594115 openat(-1, "/sys/devices/system/cpu/cpu1/cache/index2/size", O_RDONLY) = 9
134156 12:54:42.594150 read(9, "1024K\n", 10) = 6
134156 12:54:42.594183 close(9)         = 0
134156 12:54:42.594213 openat(-1, "/sys/devices/system/cpu/cpu1/cache/index2/coherency_line_size", O_RDONLY) = 9
134156 12:54:42.594250 read(9, "64\n", 10) = 3
134156 12:54:42.594283 close(9)         = 0
134156 12:54:42.594312 openat(-1, "/sys/devices/system/cpu/cpu1/cache/index2/number_of_sets", O_RDONLY) = 9
134156 12:54:42.594348 read(9, "2048\n", 10) = 5
134156 12:54:42.594381 close(9)         = 0
134156 12:54:42.594410 openat(-1, "/sys/devices/system/cpu/cpu1/cache/index2/physical_line_partition", O_RDONLY) = 9
134156 12:54:42.594446 read(9, "1\n", 10) = 2
134156 12:54:42.594479 close(9)         = 0
134156 12:54:42.594510 openat(-1, "/sys/devices/system/cpu/cpu1/cache/index3/shared_cpu_map", O_RDONLY) = 9
134156 12:54:42.594548 read(9, "0000ffff\n", 4097) = 9
134156 12:54:42.594581 close(9)         = 0
134156 12:54:42.594612 openat(-1, "/sys/devices/system/cpu/cpu1/cache/index4/shared_cpu_map", O_RDONLY) = -1 ENOENT (No such file or directory)
134156 12:54:42.594646 openat(-1, "/sys/devices/system/cpu/cpu1/cache/index5/shared_cpu_map", O_RDONLY) = -1 ENOENT (No such file or directory)
134156 12:54:42.594681 openat(-1, "/sys/devices/system/cpu/cpu1/cache/index6/shared_cpu_map", O_RDONLY) = -1 ENOENT (No such file or directory)
134156 12:54:42.594715 openat(-1, "/sys/devices/system/cpu/cpu1/cache/index7/shared_cpu_map", O_RDONLY) = -1 ENOENT (No such file or directory)
134156 12:54:42.594750 openat(-1, "/sys/devices/system/cpu/cpu1/cache/index8/shared_cpu_map", O_RDONLY) = -1 ENOENT (No such file or directory)
134156 12:54:42.594785 openat(-1, "/sys/devices/system/cpu/cpu1/cache/index9/shared_cpu_map", O_RDONLY) = -1 ENOENT (No such file or directory)
134156 12:54:42.594819 openat(-1, "/sys/devices/system/cpu/cpu2/topology/core_cpus", O_RDONLY) = 9
134156 12:54:42.594855 read(9, "00000404\n", 4097) = 9
134156 12:54:42.594887 close(9)         = 0
134156 12:54:42.594918 openat(-1, "/sys/devices/system/cpu/cpu2/topology/core_id", O_RDONLY) = 9
134156 12:54:42.594954 read(9, "2\n", 10) = 2
134156 12:54:42.594986 close(9)         = 0
134156 12:54:42.595017 openat(-1, "/sys/devices/system/cpu/cpu2/topology/cluster_cpus", O_RDONLY) = -1 ENOENT (No such file or directory)
134156 12:54:42.595052 openat(-1, "/sys/devices/system/cpu/cpu2/topology/die_cpus", O_RDONLY) = 9
134156 12:54:42.595088 read(9, "0000ffff\n", 4097) = 9
134156 12:54:42.595121 close(9)         = 0
134156 12:54:42.595151 openat(-1, "/sys/devices/system/cpu/cpu2/cache/index0/shared_cpu_map", O_RDONLY) = 9
134156 12:54:42.595188 read(9, "00000404\n", 4097) = 9
134156 12:54:42.595221 close(9)         = 0
134156 12:54:42.595252 openat(-1, "/sys/devices/system/cpu/cpu2/cache/index0/level", O_RDONLY) = 9
134156 12:54:42.595287 read(9, "1\n", 10) = 2
134156 12:54:42.595320 close(9)         = 0
134156 12:54:42.595350 openat(-1, "/sys/devices/system/cpu/cpu2/cache/index0/type", O_RDONLY) = 9
134156 12:54:42.595386 read(9, "Data\n", 19) = 5
134156 12:54:42.595419 close(9)         = 0
134156 12:54:42.595448 openat(-1, "/sys/devices/system/cpu/cpu2/cache/index0/id", O_RDONLY) = 9
134156 12:54:42.595484 read(9, "2\n", 10) = 2
134156 12:54:42.595517 close(9)         = 0
134156 12:54:42.595551 openat(-1, "/sys/devices/system/cpu/cpu2/cache/index0/size", O_RDONLY) = 9
134156 12:54:42.595586 read(9, "32K\n", 10) = 4
134156 12:54:42.595620 close(9)         = 0
134156 12:54:42.595648 openat(-1, "/sys/devices/system/cpu/cpu2/cache/index0/coherency_line_size", O_RDONLY) = 9
134156 12:54:42.595684 read(9, "64\n", 10) = 3
134156 12:54:42.595717 close(9)         = 0
134156 12:54:42.595746 openat(-1, "/sys/devices/system/cpu/cpu2/cache/index0/number_of_sets", O_RDONLY) = 9
134156 12:54:42.595782 read(9, "64\n", 10) = 3
134156 12:54:42.595815 close(9)         = 0
134156 12:54:42.595846 openat(-1, "/sys/devices/system/cpu/cpu2/cache/index0/physical_line_partition", O_RDONLY) = 9
134156 12:54:42.595881 read(9, "1\n", 10) = 2
134156 12:54:42.595914 close(9)         = 0
134156 12:54:42.595945 openat(-1, "/sys/devices/system/cpu/cpu2/cache/index1/shared_cpu_map", O_RDONLY) = 9
134156 12:54:42.595981 read(9, "00000404\n", 4097) = 9
134156 12:54:42.596014 close(9)         = 0
134156 12:54:42.596046 openat(-1, "/sys/devices/system/cpu/cpu2/cache/index1/level", O_RDONLY) = 9
134156 12:54:42.596081 read(9, "1\n", 10) = 2
134156 12:54:42.596114 close(9)         = 0
134156 12:54:42.596143 openat(-1, "/sys/devices/system/cpu/cpu2/cache/index1/type", O_RDONLY) = 9
134156 12:54:42.596179 read(9, "Instruction\n", 19) = 12
134156 12:54:42.596212 close(9)         = 0
134156 12:54:42.596242 openat(-1, "/sys/devices/system/cpu/cpu2/cache/index1/id", O_RDONLY) = 9
134156 12:54:42.596277 read(9, "2\n", 10) = 2
134156 12:54:42.596312 close(9)         = 0
134156 12:54:42.596342 openat(-1, "/sys/devices/system/cpu/cpu2/cache/index2/shared_cpu_map", O_RDONLY) = 9
134156 12:54:42.596378 read(9, "00000404\n", 4097) = 9
134156 12:54:42.596411 close(9)         = 0
134156 12:54:42.596442 openat(-1, "/sys/devices/system/cpu/cpu2/cache/index2/level", O_RDONLY) = 9
134156 12:54:42.596477 read(9, "2\n", 10) = 2
134156 12:54:42.596510 close(9)         = 0
134156 12:54:42.596539 openat(-1, "/sys/devices/system/cpu/cpu2/cache/index2/type", O_RDONLY) = 9
134156 12:54:42.596575 read(9, "Unified\n", 19) = 8
134156 12:54:42.596607 close(9)         = 0
134156 12:54:42.596637 openat(-1, "/sys/devices/system/cpu/cpu2/cache/index2/id", O_RDONLY) = 9
134156 12:54:42.596673 read(9, "2\n", 10) = 2
134156 12:54:42.596706 close(9)         = 0
134156 12:54:42.596735 openat(-1, "/sys/devices/system/cpu/cpu2/cache/index2/size", O_RDONLY) = 9
134156 12:54:42.596770 read(9, "1024K\n", 10) = 6
134156 12:54:42.596803 close(9)         = 0
134156 12:54:42.596833 openat(-1, "/sys/devices/system/cpu/cpu2/cache/index2/coherency_line_size", O_RDONLY) = 9
134156 12:54:42.596869 read(9, "64\n", 10) = 3
134156 12:54:42.596902 close(9)         = 0
134156 12:54:42.596932 openat(-1, "/sys/devices/system/cpu/cpu2/cache/index2/number_of_sets", O_RDONLY) = 9
134156 12:54:42.596968 read(9, "2048\n", 10) = 5
134156 12:54:42.597001 close(9)         = 0
134156 12:54:42.597030 openat(-1, "/sys/devices/system/cpu/cpu2/cache/index2/physical_line_partition", O_RDONLY) = 9
134156 12:54:42.597066 read(9, "1\n", 10) = 2
134156 12:54:42.597099 close(9)         = 0
134156 12:54:42.597130 openat(-1, "/sys/devices/system/cpu/cpu2/cache/index3/shared_cpu_map", O_RDONLY) = 9
134156 12:54:42.597166 read(9, "0000ffff\n", 4097) = 9
134156 12:54:42.597198 close(9)         = 0
134156 12:54:42.597229 openat(-1, "/sys/devices/system/cpu/cpu2/cache/index4/shared_cpu_map", O_RDONLY) = -1 ENOENT (No such file or directory)
134156 12:54:42.597264 openat(-1, "/sys/devices/system/cpu/cpu2/cache/index5/shared_cpu_map", O_RDONLY) = -1 ENOENT (No such file or directory)
134156 12:54:42.597298 openat(-1, "/sys/devices/system/cpu/cpu2/cache/index6/shared_cpu_map", O_RDONLY) = -1 ENOENT (No such file or directory)
134156 12:54:42.597332 openat(-1, "/sys/devices/system/cpu/cpu2/cache/index7/shared_cpu_map", O_RDONLY) = -1 ENOENT (No such file or directory)
134156 12:54:42.597366 openat(-1, "/sys/devices/system/cpu/cpu2/cache/index8/shared_cpu_map", O_RDONLY) = -1 ENOENT (No such file or directory)
134156 12:54:42.597401 openat(-1, "/sys/devices/system/cpu/cpu2/cache/index9/shared_cpu_map", O_RDONLY) = -1 ENOENT (No such file or directory)
134156 12:54:42.597436 openat(-1, "/sys/devices/system/cpu/cpu3/topology/core_cpus", O_RDONLY) = 9
134156 12:54:42.597471 read(9, "00000808\n", 4097) = 9
134156 12:54:42.597504 close(9)         = 0
134156 12:54:42.597533 openat(-1, "/sys/devices/system/cpu/cpu3/topology/core_id", O_RDONLY) = 9
134156 12:54:42.597569 read(9, "3\n", 10) = 2
134156 12:54:42.597601 close(9)         = 0
134156 12:54:42.597632 openat(-1, "/sys/devices/system/cpu/cpu3/topology/cluster_cpus", O_RDONLY) = -1 ENOENT (No such file or directory)
134156 12:54:42.597666 openat(-1, "/sys/devices/system/cpu/cpu3/topology/die_cpus", O_RDONLY) = 9
134156 12:54:42.597701 read(9, "0000ffff\n", 4097) = 9
134156 12:54:42.597734 close(9)         = 0
134156 12:54:42.597764 openat(-1, "/sys/devices/system/cpu/cpu3/cache/index0/shared_cpu_map", O_RDONLY) = 9
134156 12:54:42.597801 read(9, "00000808\n", 4097) = 9
134156 12:54:42.597833 close(9)         = 0
134156 12:54:42.597863 openat(-1, "/sys/devices/system/cpu/cpu3/cache/index0/level", O_RDONLY) = 9
134156 12:54:42.597899 read(9, "1\n", 10) = 2
134156 12:54:42.597932 close(9)         = 0
134156 12:54:42.597963 openat(-1, "/sys/devices/system/cpu/cpu3/cache/index0/type", O_RDONLY) = 9
134156 12:54:42.597999 read(9, "Data\n", 19) = 5
134156 12:54:42.598032 close(9)         = 0
134156 12:54:42.598061 openat(-1, "/sys/devices/system/cpu/cpu3/cache/index0/id", O_RDONLY) = 9
134156 12:54:42.598099 read(9, "3\n", 10) = 2
134156 12:54:42.598132 close(9)         = 0
134156 12:54:42.598161 openat(-1, "/sys/devices/system/cpu/cpu3/cache/index0/size", O_RDONLY) = 9
134156 12:54:42.598198 read(9, "32K\n", 10) = 4
134156 12:54:42.598231 close(9)         = 0
134156 12:54:42.598261 openat(-1, "/sys/devices/system/cpu/cpu3/cache/index0/coherency_line_size", O_RDONLY) = 9
134156 12:54:42.598297 read(9, "64\n", 10) = 3
134156 12:54:42.598329 close(9)         = 0
134156 12:54:42.598359 openat(-1, "/sys/devices/system/cpu/cpu3/cache/index0/number_of_sets", O_RDONLY) = 9
134156 12:54:42.598394 read(9, "64\n", 10) = 3
134156 12:54:42.598427 close(9)         = 0
134156 12:54:42.598457 openat(-1, "/sys/devices/system/cpu/cpu3/cache/index0/physical_line_partition", O_RDONLY) = 9
134156 12:54:42.598493 read(9, "1\n", 10) = 2
134156 12:54:42.598526 close(9)         = 0
134156 12:54:42.598556 openat(-1, "/sys/devices/system/cpu/cpu3/cache/index1/shared_cpu_map", O_RDONLY) = 9
134156 12:54:42.598592 read(9, "00000808\n", 4097) = 9
134156 12:54:42.598625 close(9)         = 0
134156 12:54:42.598655 openat(-1, "/sys/devices/system/cpu/cpu3/cache/index1/level", O_RDONLY) = 9
134156 12:54:42.598691 read(9, "1\n", 10) = 2
134156 12:54:42.598724 close(9)         = 0
134156 12:54:42.598754 openat(-1, "/sys/devices/system/cpu/cpu3/cache/index1/type", O_RDONLY) = 9
134156 12:54:42.598789 read(9, "Instruction\n", 19) = 12
134156 12:54:42.598822 close(9)         = 0
134156 12:54:42.598853 openat(-1, "/sys/devices/system/cpu/cpu3/cache/index1/id", O_RDONLY) = 9
134156 12:54:42.598888 read(9, "3\n", 10) = 2
134156 12:54:42.598921 close(9)         = 0
134156 12:54:42.598951 openat(-1, "/sys/devices/system/cpu/cpu3/cache/index2/shared_cpu_map", O_RDONLY) = 9
134156 12:54:42.598987 read(9, "00000808\n", 4097) = 9
134156 12:54:42.599019 close(9)         = 0
134156 12:54:42.599051 openat(-1, "/sys/devices/system/cpu/cpu3/cache/index2/level", O_RDONLY) = 9
134156 12:54:42.599086 read(9, "2\n", 10) = 2
134156 12:54:42.599119 close(9)         = 0
134156 12:54:42.599149 openat(-1, "/sys/devices/system/cpu/cpu3/cache/index2/type", O_RDONLY) = 9
134156 12:54:42.599184 read(9, "Unified\n", 19) = 8
134156 12:54:42.599217 close(9)         = 0
134156 12:54:42.599247 openat(-1, "/sys/devices/system/cpu/cpu3/cache/index2/id", O_RDONLY) = 9
134156 12:54:42.599283 read(9, "3\n", 10) = 2
134156 12:54:42.599315 close(9)         = 0
134156 12:54:42.599345 openat(-1, "/sys/devices/system/cpu/cpu3/cache/index2/size", O_RDONLY) = 9
134156 12:54:42.599380 read(9, "1024K\n", 10) = 6
134156 12:54:42.599413 close(9)         = 0
134156 12:54:42.599443 openat(-1, "/sys/devices/system/cpu/cpu3/cache/index2/coherency_line_size", O_RDONLY) = 9
134156 12:54:42.599479 read(9, "64\n", 10) = 3
134156 12:54:42.599512 close(9)         = 0
134156 12:54:42.599548 openat(-1, "/sys/devices/system/cpu/cpu3/cache/index2/number_of_sets", O_RDONLY) = 9
134156 12:54:42.599583 read(9, "2048\n", 10) = 5
134156 12:54:42.599616 close(9)         = 0
134156 12:54:42.599646 openat(-1, "/sys/devices/system/cpu/cpu3/cache/index2/physical_line_partition", O_RDONLY) = 9
134156 12:54:42.599682 read(9, "1\n", 10) = 2
134156 12:54:42.599715 close(9)         = 0
134156 12:54:42.599746 openat(-1, "/sys/devices/system/cpu/cpu3/cache/index3/shared_cpu_map", O_RDONLY) = 9
134156 12:54:42.599784 read(9, "0000ffff\n", 4097) = 9
134156 12:54:42.599817 close(9)         = 0
134156 12:54:42.599848 openat(-1, "/sys/devices/system/cpu/cpu3/cache/index4/shared_cpu_map", O_RDONLY) = -1 ENOENT (No such file or directory)
134156 12:54:42.599883 openat(-1, "/sys/devices/system/cpu/cpu3/cache/index5/shared_cpu_map", O_RDONLY) = -1 ENOENT (No such file or directory)
134156 12:54:42.599918 openat(-1, "/sys/devices/system/cpu/cpu3/cache/index6/shared_cpu_map", O_RDONLY) = -1 ENOENT (No such file or directory)
134156 12:54:42.599952 openat(-1, "/sys/devices/system/cpu/cpu3/cache/index7/shared_cpu_map", O_RDONLY) = -1 ENOENT (No such file or directory)
134156 12:54:42.599987 openat(-1, "/sys/devices/system/cpu/cpu3/cache/index8/shared_cpu_map", O_RDONLY) = -1 ENOENT (No such file or directory)
134156 12:54:42.600060 openat(-1, "/sys/devices/system/cpu/cpu3/cache/index9/shared_cpu_map", O_RDONLY) = -1 ENOENT (No such file or directory)
134156 12:54:42.600096 openat(-1, "/sys/devices/system/cpu/cpu4/topology/core_cpus", O_RDONLY) = 9
134156 12:54:42.600132 read(9, "00001010\n", 4097) = 9
134156 12:54:42.600165 close(9)         = 0
134156 12:54:42.600195 openat(-1, "/sys/devices/system/cpu/cpu4/topology/core_id", O_RDONLY) = 9
134156 12:54:42.600230 read(9, "4\n", 10) = 2
134156 12:54:42.600263 close(9)         = 0
134156 12:54:42.600293 openat(-1, "/sys/devices/system/cpu/cpu4/topology/cluster_cpus", O_RDONLY) = -1 ENOENT (No such file or directory)
134156 12:54:42.600328 openat(-1, "/sys/devices/system/cpu/cpu4/topology/die_cpus", O_RDONLY) = 9
134156 12:54:42.600363 read(9, "0000ffff\n", 4097) = 9
134156 12:54:42.600396 close(9)         = 0
134156 12:54:42.600425 openat(-1, "/sys/devices/system/cpu/cpu4/cache/index0/shared_cpu_map", O_RDONLY) = 9
134156 12:54:42.600462 read(9, "00001010\n", 4097) = 9
134156 12:54:42.600495 close(9)         = 0
134156 12:54:42.600525 openat(-1, "/sys/devices/system/cpu/cpu4/cache/index0/level", O_RDONLY) = 9
134156 12:54:42.600560 read(9, "1\n", 10) = 2
134156 12:54:42.600593 close(9)         = 0
134156 12:54:42.600623 openat(-1, "/sys/devices/system/cpu/cpu4/cache/index0/type", O_RDONLY) = 9
134156 12:54:42.600659 read(9, "Data\n", 19) = 5
134156 12:54:42.600692 close(9)         = 0
134156 12:54:42.600721 openat(-1, "/sys/devices/system/cpu/cpu4/cache/index0/id", O_RDONLY) = 9
134156 12:54:42.600756 read(9, "4\n", 10) = 2
134156 12:54:42.600789 close(9)         = 0
134156 12:54:42.600819 openat(-1, "/sys/devices/system/cpu/cpu4/cache/index0/size", O_RDONLY) = 9
134156 12:54:42.600856 read(9, "32K\n", 10) = 4
134156 12:54:42.600888 close(9)         = 0
134156 12:54:42.600918 openat(-1, "/sys/devices/system/cpu/cpu4/cache/index0/coherency_line_size", O_RDONLY) = 9
134156 12:54:42.600953 read(9, "64\n", 10) = 3
134156 12:54:42.600986 close(9)         = 0
134156 12:54:42.601015 openat(-1, "/sys/devices/system/cpu/cpu4/cache/index0/number_of_sets", O_RDONLY) = 9
134156 12:54:42.601051 read(9, "64\n", 10) = 3
134156 12:54:42.601084 close(9)         = 0
134156 12:54:42.601113 openat(-1, "/sys/devices/system/cpu/cpu4/cache/index0/physical_line_partition", O_RDONLY) = 9
134156 12:54:42.601149 read(9, "1\n", 10) = 2
134156 12:54:42.601182 close(9)         = 0
134156 12:54:42.601214 openat(-1, "/sys/devices/system/cpu/cpu4/cache/index1/shared_cpu_map", O_RDONLY) = 9
134156 12:54:42.601250 read(9, "00001010\n", 4097) = 9
134156 12:54:42.601282 close(9)         = 0
134156 12:54:42.601313 openat(-1, "/sys/devices/system/cpu/cpu4/cache/index1/level", O_RDONLY) = 9
134156 12:54:42.601348 read(9, "1\n", 10) = 2
134156 12:54:42.601381 close(9)         = 0
134156 12:54:42.601411 openat(-1, "/sys/devices/system/cpu/cpu4/cache/index1/type", O_RDONLY) = 9
134156 12:54:42.601447 read(9, "Instruction\n", 19) = 12
134156 12:54:42.601480 close(9)         = 0
134156 12:54:42.601509 openat(-1, "/sys/devices/system/cpu/cpu4/cache/index1/id", O_RDONLY) = 9
134156 12:54:42.601544 read(9, "4\n", 10) = 2
134156 12:54:42.601577 close(9)         = 0
134156 12:54:42.601607 openat(-1, "/sys/devices/system/cpu/cpu4/cache/index2/shared_cpu_map", O_RDONLY) = 9
134156 12:54:42.601643 read(9, "00001010\n", 4097) = 9
134156 12:54:42.601678 close(9)         = 0
134156 12:54:42.601708 openat(-1, "/sys/devices/system/cpu/cpu4/cache/index2/level", O_RDONLY) = 9
134156 12:54:42.601744 read(9, "2\n", 10) = 2
134156 12:54:42.601777 close(9)         = 0
134156 12:54:42.601806 openat(-1, "/sys/devices/system/cpu/cpu4/cache/index2/type", O_RDONLY) = 9
134156 12:54:42.601842 read(9, "Unified\n", 19) = 8
134156 12:54:42.601875 close(9)         = 0
134156 12:54:42.601905 openat(-1, "/sys/devices/system/cpu/cpu4/cache/index2/id", O_RDONLY) = 9
134156 12:54:42.601941 read(9, "4\n", 10) = 2
134156 12:54:42.601974 close(9)         = 0
134156 12:54:42.602004 openat(-1, "/sys/devices/system/cpu/cpu4/cache/index2/size", O_RDONLY) = 9
134156 12:54:42.602042 read(9, "1024K\n", 10) = 6
134156 12:54:42.602075 close(9)         = 0
134156 12:54:42.602105 openat(-1, "/sys/devices/system/cpu/cpu4/cache/index2/coherency_line_size", O_RDONLY) = 9
134156 12:54:42.602140 read(9, "64\n", 10) = 3
134156 12:54:42.602173 close(9)         = 0
134156 12:54:42.602203 openat(-1, "/sys/devices/system/cpu/cpu4/cache/index2/number_of_sets", O_RDONLY) = 9
134156 12:54:42.602239 read(9, "2048\n", 10) = 5
134156 12:54:42.602271 close(9)         = 0
134156 12:54:42.602301 openat(-1, "/sys/devices/system/cpu/cpu4/cache/index2/physical_line_partition", O_RDONLY) = 9
134156 12:54:42.602337 read(9, "1\n", 10) = 2
134156 12:54:42.602369 close(9)         = 0
134156 12:54:42.602401 openat(-1, "/sys/devices/system/cpu/cpu4/cache/index3/shared_cpu_map", O_RDONLY) = 9
134156 12:54:42.602436 read(9, "0000ffff\n", 4097) = 9
134156 12:54:42.602469 close(9)         = 0
134156 12:54:42.602500 openat(-1, "/sys/devices/system/cpu/cpu4/cache/index4/shared_cpu_map", O_RDONLY) = -1 ENOENT (No such file or directory)
134156 12:54:42.602534 openat(-1, "/sys/devices/system/cpu/cpu4/cache/index5/shared_cpu_map", O_RDONLY) = -1 ENOENT (No such file or directory)
134156 12:54:42.602569 openat(-1, "/sys/devices/system/cpu/cpu4/cache/index6/shared_cpu_map", O_RDONLY) = -1 ENOENT (No such file or directory)
134156 12:54:42.602603 openat(-1, "/sys/devices/system/cpu/cpu4/cache/index7/shared_cpu_map", O_RDONLY) = -1 ENOENT (No such file or directory)
134156 12:54:42.602637 openat(-1, "/sys/devices/system/cpu/cpu4/cache/index8/shared_cpu_map", O_RDONLY) = -1 ENOENT (No such file or directory)
134156 12:54:42.602672 openat(-1, "/sys/devices/system/cpu/cpu4/cache/index9/shared_cpu_map", O_RDONLY) = -1 ENOENT (No such file or directory)
134156 12:54:42.602706 openat(-1, "/sys/devices/system/cpu/cpu5/topology/core_cpus", O_RDONLY) = 9
134156 12:54:42.602742 read(9, "00002020\n", 4097) = 9
134156 12:54:42.602775 close(9)         = 0
134156 12:54:42.602805 openat(-1, "/sys/devices/system/cpu/cpu5/topology/core_id", O_RDONLY) = 9
134156 12:54:42.602840 read(9, "5\n", 10) = 2
134156 12:54:42.602873 close(9)         = 0
134156 12:54:42.602904 openat(-1, "/sys/devices/system/cpu/cpu5/topology/cluster_cpus", O_RDONLY) = -1 ENOENT (No such file or directory)
134156 12:54:42.602939 openat(-1, "/sys/devices/system/cpu/cpu5/topology/die_cpus", O_RDONLY) = 9
134156 12:54:42.602975 read(9, "0000ffff\n", 4097) = 9
134156 12:54:42.603007 close(9)         = 0
134156 12:54:42.603036 openat(-1, "/sys/devices/system/cpu/cpu5/cache/index0/shared_cpu_map", O_RDONLY) = 9
134156 12:54:42.603072 read(9, "00002020\n", 4097) = 9
134156 12:54:42.603105 close(9)         = 0
134156 12:54:42.603136 openat(-1, "/sys/devices/system/cpu/cpu5/cache/index0/level", O_RDONLY) = 9
134156 12:54:42.603172 read(9, "1\n", 10) = 2
134156 12:54:42.603205 close(9)         = 0
134156 12:54:42.603234 openat(-1, "/sys/devices/system/cpu/cpu5/cache/index0/type", O_RDONLY) = 9
134156 12:54:42.603269 read(9, "Data\n", 19) = 5
134156 12:54:42.603302 close(9)         = 0
134156 12:54:42.603332 openat(-1, "/sys/devices/system/cpu/cpu5/cache/index0/id", O_RDONLY) = 9
134156 12:54:42.603368 read(9, "5\n", 10) = 2
134156 12:54:42.603401 close(9)         = 0
134156 12:54:42.603430 openat(-1, "/sys/devices/system/cpu/cpu5/cache/index0/size", O_RDONLY) = 9
134156 12:54:42.603465 read(9, "32K\n", 10) = 4
134156 12:54:42.603498 close(9)         = 0
134156 12:54:42.603528 openat(-1, "/sys/devices/system/cpu/cpu5/cache/index0/coherency_line_size", O_RDONLY) = 9
134156 12:54:42.603571 read(9, "64\n", 10) = 3
134156 12:54:42.603604 close(9)         = 0
134156 12:54:42.603634 openat(-1, "/sys/devices/system/cpu/cpu5/cache/index0/number_of_sets", O_RDONLY) = 9
134156 12:54:42.603670 read(9, "64\n", 10) = 3
134156 12:54:42.603703 close(9)         = 0
134156 12:54:42.603732 openat(-1, "/sys/devices/system/cpu/cpu5/cache/index0/physical_line_partition", O_RDONLY) = 9
134156 12:54:42.603768 read(9, "1\n", 10) = 2
134156 12:54:42.603802 close(9)         = 0
134156 12:54:42.603834 openat(-1, "/sys/devices/system/cpu/cpu5/cache/index1/shared_cpu_map", O_RDONLY) = 9
134156 12:54:42.603870 read(9, "00002020\n", 4097) = 9
134156 12:54:42.603902 close(9)         = 0
134156 12:54:42.603933 openat(-1, "/sys/devices/system/cpu/cpu5/cache/index1/level", O_RDONLY) = 9
134156 12:54:42.603968 read(9, "1\n", 10) = 2
134156 12:54:42.604001 close(9)         = 0
134156 12:54:42.604031 openat(-1, "/sys/devices/system/cpu/cpu5/cache/index1/type", O_RDONLY) = 9
134156 12:54:42.604067 read(9, "Instruction\n", 19) = 12
134156 12:54:42.604100 close(9)         = 0
134156 12:54:42.604129 openat(-1, "/sys/devices/system/cpu/cpu5/cache/index1/id", O_RDONLY) = 9
134156 12:54:42.604165 read(9, "5\n", 10) = 2
134156 12:54:42.604197 close(9)         = 0
134156 12:54:42.604227 openat(-1, "/sys/devices/system/cpu/cpu5/cache/index2/shared_cpu_map", O_RDONLY) = 9
134156 12:54:42.604264 read(9, "00002020\n", 4097) = 9
134156 12:54:42.604296 close(9)         = 0
134156 12:54:42.604327 openat(-1, "/sys/devices/system/cpu/cpu5/cache/index2/level", O_RDONLY) = 9
134156 12:54:42.604362 read(9, "2\n", 10) = 2
134156 12:54:42.604395 close(9)         = 0
134156 12:54:42.604425 openat(-1, "/sys/devices/system/cpu/cpu5/cache/index2/type", O_RDONLY) = 9
134156 12:54:42.604461 read(9, "Unified\n", 19) = 8
134156 12:54:42.604494 close(9)         = 0
134156 12:54:42.604523 openat(-1, "/sys/devices/system/cpu/cpu5/cache/index2/id", O_RDONLY) = 9
134156 12:54:42.604559 read(9, "5\n", 10) = 2
134156 12:54:42.604592 close(9)         = 0
134156 12:54:42.604622 openat(-1, "/sys/devices/system/cpu/cpu5/cache/index2/size", O_RDONLY) = 9
134156 12:54:42.604658 read(9, "1024K\n", 10) = 6
134156 12:54:42.604691 close(9)         = 0
134156 12:54:42.604720 openat(-1, "/sys/devices/system/cpu/cpu5/cache/index2/coherency_line_size", O_RDONLY) = 9
134156 12:54:42.604755 read(9, "64\n", 10) = 3
134156 12:54:42.604788 close(9)         = 0
134156 12:54:42.604818 openat(-1, "/sys/devices/system/cpu/cpu5/cache/index2/number_of_sets", O_RDONLY) = 9
134156 12:54:42.604854 read(9, "2048\n", 10) = 5
134156 12:54:42.604887 close(9)         = 0
134156 12:54:42.604917 openat(-1, "/sys/devices/system/cpu/cpu5/cache/index2/physical_line_partition", O_RDONLY) = 9
134156 12:54:42.604952 read(9, "1\n", 10) = 2
134156 12:54:42.604985 close(9)         = 0
134156 12:54:42.605016 openat(-1, "/sys/devices/system/cpu/cpu5/cache/index3/shared_cpu_map", O_RDONLY) = 9
134156 12:54:42.605052 read(9, "0000ffff\n", 4097) = 9
134156 12:54:42.605085 close(9)         = 0
134156 12:54:42.605116 openat(-1, "/sys/devices/system/cpu/cpu5/cache/index4/shared_cpu_map", O_RDONLY) = -1 ENOENT (No such file or directory)
134156 12:54:42.605150 openat(-1, "/sys/devices/system/cpu/cpu5/cache/index5/shared_cpu_map", O_RDONLY) = -1 ENOENT (No such file or directory)
134156 12:54:42.605185 openat(-1, "/sys/devices/system/cpu/cpu5/cache/index6/shared_cpu_map", O_RDONLY) = -1 ENOENT (No such file or directory)
134156 12:54:42.605219 openat(-1, "/sys/devices/system/cpu/cpu5/cache/index7/shared_cpu_map", O_RDONLY) = -1 ENOENT (No such file or directory)
134156 12:54:42.605253 openat(-1, "/sys/devices/system/cpu/cpu5/cache/index8/shared_cpu_map", O_RDONLY) = -1 ENOENT (No such file or directory)
134156 12:54:42.605288 openat(-1, "/sys/devices/system/cpu/cpu5/cache/index9/shared_cpu_map", O_RDONLY) = -1 ENOENT (No such file or directory)
134156 12:54:42.605322 openat(-1, "/sys/devices/system/cpu/cpu6/topology/core_cpus", O_RDONLY) = 9
134156 12:54:42.605358 read(9, "00004040\n", 4097) = 9
134156 12:54:42.605391 close(9)         = 0
134156 12:54:42.605421 openat(-1, "/sys/devices/system/cpu/cpu6/topology/core_id", O_RDONLY) = 9
134156 12:54:42.605456 read(9, "6\n", 10) = 2
134156 12:54:42.605489 close(9)         = 0
134156 12:54:42.605519 openat(-1, "/sys/devices/system/cpu/cpu6/topology/cluster_cpus", O_RDONLY) = -1 ENOENT (No such file or directory)
134156 12:54:42.605553 openat(-1, "/sys/devices/system/cpu/cpu6/topology/die_cpus", O_RDONLY) = 9
134156 12:54:42.605591 read(9, "0000ffff\n", 4097) = 9
134156 12:54:42.605624 close(9)         = 0
134156 12:54:42.605653 openat(-1, "/sys/devices/system/cpu/cpu6/cache/index0/shared_cpu_map", O_RDONLY) = 9
134156 12:54:42.605692 read(9, "00004040\n", 4097) = 9
134156 12:54:42.605725 close(9)         = 0
134156 12:54:42.605755 openat(-1, "/sys/devices/system/cpu/cpu6/cache/index0/level", O_RDONLY) = 9
134156 12:54:42.605790 read(9, "1\n", 10) = 2
134156 12:54:42.605823 close(9)         = 0
134156 12:54:42.605852 openat(-1, "/sys/devices/system/cpu/cpu6/cache/index0/type", O_RDONLY) = 9
134156 12:54:42.605888 read(9, "Data\n", 19) = 5
134156 12:54:42.605921 close(9)         = 0
134156 12:54:42.605950 openat(-1, "/sys/devices/system/cpu/cpu6/cache/index0/id", O_RDONLY) = 9
134156 12:54:42.605986 read(9, "6\n", 10) = 2
134156 12:54:42.606019 close(9)         = 0
134156 12:54:42.606048 openat(-1, "/sys/devices/system/cpu/cpu6/cache/index0/size", O_RDONLY) = 9
134156 12:54:42.606085 read(9, "32K\n", 10) = 4
134156 12:54:42.606117 close(9)         = 0
134156 12:54:42.606147 openat(-1, "/sys/devices/system/cpu/cpu6/cache/index0/coherency_line_size", O_RDONLY) = 9
134156 12:54:42.606183 read(9, "64\n", 10) = 3
134156 12:54:42.606216 close(9)         = 0
134156 12:54:42.606245 openat(-1, "/sys/devices/system/cpu/cpu6/cache/index0/number_of_sets", O_RDONLY) = 9
134156 12:54:42.606282 read(9, "64\n", 10) = 3
134156 12:54:42.606314 close(9)         = 0
134156 12:54:42.606344 openat(-1, "/sys/devices/system/cpu/cpu6/cache/index0/physical_line_partition", O_RDONLY) = 9
134156 12:54:42.606380 read(9, "1\n", 10) = 2
134156 12:54:42.606413 close(9)         = 0
134156 12:54:42.606444 openat(-1, "/sys/devices/system/cpu/cpu6/cache/index1/shared_cpu_map", O_RDONLY) = 9
134156 12:54:42.606479 read(9, "00004040\n", 4097) = 9
134156 12:54:42.606512 close(9)         = 0
134156 12:54:42.606544 openat(-1, "/sys/devices/system/cpu/cpu6/cache/index1/level", O_RDONLY) = 9
134156 12:54:42.606579 read(9, "1\n", 10) = 2
134156 12:54:42.606612 close(9)         = 0
134156 12:54:42.606642 openat(-1, "/sys/devices/system/cpu/cpu6/cache/index1/type", O_RDONLY) = 9
134156 12:54:42.606677 read(9, "Instruction\n", 19) = 12
134156 12:54:42.606710 close(9)         = 0
134156 12:54:42.606740 openat(-1, "/sys/devices/system/cpu/cpu6/cache/index1/id", O_RDONLY) = 9
134156 12:54:42.606776 read(9, "6\n", 10) = 2
134156 12:54:42.606808 close(9)         = 0
134156 12:54:42.606839 openat(-1, "/sys/devices/system/cpu/cpu6/cache/index2/shared_cpu_map", O_RDONLY) = 9
134156 12:54:42.606875 read(9, "00004040\n", 4097) = 9
134156 12:54:42.606908 close(9)         = 0
134156 12:54:42.606939 openat(-1, "/sys/devices/system/cpu/cpu6/cache/index2/level", O_RDONLY) = 9
134156 12:54:42.606974 read(9, "2\n", 10) = 2
134156 12:54:42.607007 close(9)         = 0
134156 12:54:42.607037 openat(-1, "/sys/devices/system/cpu/cpu6/cache/index2/type", O_RDONLY) = 9
134156 12:54:42.607073 read(9, "Unified\n", 19) = 8
134156 12:54:42.607106 close(9)         = 0
134156 12:54:42.607135 openat(-1, "/sys/devices/system/cpu/cpu6/cache/index2/id", O_RDONLY) = 9
134156 12:54:42.607171 read(9, "6\n", 10) = 2
134156 12:54:42.607204 close(9)         = 0
134156 12:54:42.607234 openat(-1, "/sys/devices/system/cpu/cpu6/cache/index2/size", O_RDONLY) = 9
134156 12:54:42.607269 read(9, "1024K\n", 10) = 6
134156 12:54:42.607302 close(9)         = 0
134156 12:54:42.607332 openat(-1, "/sys/devices/system/cpu/cpu6/cache/index2/coherency_line_size", O_RDONLY) = 9
134156 12:54:42.607368 read(9, "64\n", 10) = 3
134156 12:54:42.607401 close(9)         = 0
134156 12:54:42.607429 openat(-1, "/sys/devices/system/cpu/cpu6/cache/index2/number_of_sets", O_RDONLY) = 9
134156 12:54:42.607465 read(9, "2048\n", 10) = 5
134156 12:54:42.607498 close(9)         = 0
134156 12:54:42.607527 openat(-1, "/sys/devices/system/cpu/cpu6/cache/index2/physical_line_partition", O_RDONLY) = 9
134156 12:54:42.607568 read(9, "1\n", 10) = 2
134156 12:54:42.607601 close(9)         = 0
134156 12:54:42.607631 openat(-1, "/sys/devices/system/cpu/cpu6/cache/index3/shared_cpu_map", O_RDONLY) = 9
134156 12:54:42.607670 read(9, "0000ffff\n", 4097) = 9
134156 12:54:42.607703 close(9)         = 0
134156 12:54:42.607734 openat(-1, "/sys/devices/system/cpu/cpu6/cache/index4/shared_cpu_map", O_RDONLY) = -1 ENOENT (No such file or directory)
134156 12:54:42.607768 openat(-1, "/sys/devices/system/cpu/cpu6/cache/index5/shared_cpu_map", O_RDONLY) = -1 ENOENT (No such file or directory)
134156 12:54:42.607803 openat(-1, "/sys/devices/system/cpu/cpu6/cache/index6/shared_cpu_map", O_RDONLY) = -1 ENOENT (No such file or directory)
134156 12:54:42.607837 openat(-1, "/sys/devices/system/cpu/cpu6/cache/index7/shared_cpu_map", O_RDONLY) = -1 ENOENT (No such file or directory)
134156 12:54:42.607871 openat(-1, "/sys/devices/system/cpu/cpu6/cache/index8/shared_cpu_map", O_RDONLY) = -1 ENOENT (No such file or directory)
134156 12:54:42.607906 openat(-1, "/sys/devices/system/cpu/cpu6/cache/index9/shared_cpu_map", O_RDONLY) = -1 ENOENT (No such file or directory)
134156 12:54:42.607940 openat(-1, "/sys/devices/system/cpu/cpu7/topology/core_cpus", O_RDONLY) = 9
134156 12:54:42.607976 read(9, "00008080\n", 4097) = 9
134156 12:54:42.608009 close(9)         = 0
134156 12:54:42.608039 openat(-1, "/sys/devices/system/cpu/cpu7/topology/core_id", O_RDONLY) = 9
134156 12:54:42.608074 read(9, "7\n", 10) = 2
134156 12:54:42.608107 close(9)         = 0
134156 12:54:42.608138 openat(-1, "/sys/devices/system/cpu/cpu7/topology/cluster_cpus", O_RDONLY) = -1 ENOENT (No such file or directory)
134156 12:54:42.608172 openat(-1, "/sys/devices/system/cpu/cpu7/topology/die_cpus", O_RDONLY) = 9
134156 12:54:42.608208 read(9, "0000ffff\n", 4097) = 9
134156 12:54:42.608240 close(9)         = 0
134156 12:54:42.608269 openat(-1, "/sys/devices/system/cpu/cpu7/cache/index0/shared_cpu_map", O_RDONLY) = 9
134156 12:54:42.608305 read(9, "00008080\n", 4097) = 9
134156 12:54:42.608338 close(9)         = 0
134156 12:54:42.608368 openat(-1, "/sys/devices/system/cpu/cpu7/cache/index0/level", O_RDONLY) = 9
134156 12:54:42.608404 read(9, "1\n", 10) = 2
134156 12:54:42.608437 close(9)         = 0
134156 12:54:42.608466 openat(-1, "/sys/devices/system/cpu/cpu7/cache/index0/type", O_RDONLY) = 9
134156 12:54:42.608502 read(9, "Data\n", 19) = 5
134156 12:54:42.608535 close(9)         = 0
134156 12:54:42.608565 openat(-1, "/sys/devices/system/cpu/cpu7/cache/index0/id", O_RDONLY) = 9
134156 12:54:42.608601 read(9, "7\n", 10) = 2
134156 12:54:42.608634 close(9)         = 0
134156 12:54:42.608665 openat(-1, "/sys/devices/system/cpu/cpu7/cache/index0/size", O_RDONLY) = 9
134156 12:54:42.608700 read(9, "32K\n", 10) = 4
134156 12:54:42.608733 close(9)         = 0
134156 12:54:42.608763 openat(-1, "/sys/devices/system/cpu/cpu7/cache/index0/coherency_line_size", O_RDONLY) = 9
134156 12:54:42.608799 read(9, "64\n", 10) = 3
134156 12:54:42.608832 close(9)         = 0
134156 12:54:42.608862 openat(-1, "/sys/devices/system/cpu/cpu7/cache/index0/number_of_sets", O_RDONLY) = 9
134156 12:54:42.608898 read(9, "64\n", 10) = 3
134156 12:54:42.608931 close(9)         = 0
134156 12:54:42.608960 openat(-1, "/sys/devices/system/cpu/cpu7/cache/index0/physical_line_partition", O_RDONLY) = 9
134156 12:54:42.608996 read(9, "1\n", 10) = 2
134156 12:54:42.609029 close(9)         = 0
134156 12:54:42.609060 openat(-1, "/sys/devices/system/cpu/cpu7/cache/index1/shared_cpu_map", O_RDONLY) = 9
134156 12:54:42.609095 read(9, "00008080\n", 4097) = 9
134156 12:54:42.609128 close(9)         = 0
134156 12:54:42.609159 openat(-1, "/sys/devices/system/cpu/cpu7/cache/index1/level", O_RDONLY) = 9
134156 12:54:42.609195 read(9, "1\n", 10) = 2
134156 12:54:42.609228 close(9)         = 0
134156 12:54:42.609258 openat(-1, "/sys/devices/system/cpu/cpu7/cache/index1/type", O_RDONLY) = 9
134156 12:54:42.609294 read(9, "Instruction\n", 19) = 12
134156 12:54:42.609327 close(9)         = 0
134156 12:54:42.609357 openat(-1, "/sys/devices/system/cpu/cpu7/cache/index1/id", O_RDONLY) = 9
134156 12:54:42.609393 read(9, "7\n", 10) = 2
134156 12:54:42.609426 close(9)         = 0
134156 12:54:42.609458 openat(-1, "/sys/devices/system/cpu/cpu7/cache/index2/shared_cpu_map", O_RDONLY) = 9
134156 12:54:42.609494 read(9, "00008080\n", 4097) = 9
134156 12:54:42.609526 close(9)         = 0
134156 12:54:42.609558 openat(-1, "/sys/devices/system/cpu/cpu7/cache/index2/level", O_RDONLY) = 9
134156 12:54:42.609593 read(9, "2\n", 10) = 2
134156 12:54:42.609626 close(9)         = 0
134156 12:54:42.609656 openat(-1, "/sys/devices/system/cpu/cpu7/cache/index2/type", O_RDONLY) = 9
134156 12:54:42.609691 read(9, "Unified\n", 19) = 8
134156 12:54:42.609723 close(9)         = 0
134156 12:54:42.609753 openat(-1, "/sys/devices/system/cpu/cpu7/cache/index2/id", O_RDONLY) = 9
134156 12:54:42.609789 read(9, "7\n", 10) = 2
134156 12:54:42.609822 close(9)         = 0
134156 12:54:42.609851 openat(-1, "/sys/devices/system/cpu/cpu7/cache/index2/size", O_RDONLY) = 9
134156 12:54:42.609886 read(9, "1024K\n", 10) = 6
134156 12:54:42.609919 close(9)         = 0
134156 12:54:42.609949 openat(-1, "/sys/devices/system/cpu/cpu7/cache/index2/coherency_line_size", O_RDONLY) = 9
134156 12:54:42.609985 read(9, "64\n", 10) = 3
134156 12:54:42.610018 close(9)         = 0
134156 12:54:42.610047 openat(-1, "/sys/devices/system/cpu/cpu7/cache/index2/number_of_sets", O_RDONLY) = 9
134156 12:54:42.610083 read(9, "2048\n", 10) = 5
134156 12:54:42.610115 close(9)         = 0
134156 12:54:42.610145 openat(-1, "/sys/devices/system/cpu/cpu7/cache/index2/physical_line_partition", O_RDONLY) = 9
134156 12:54:42.610182 read(9, "1\n", 10) = 2
134156 12:54:42.610214 close(9)         = 0
134156 12:54:42.610245 openat(-1, "/sys/devices/system/cpu/cpu7/cache/index3/shared_cpu_map", O_RDONLY) = 9
134156 12:54:42.610282 read(9, "0000ffff\n", 4097) = 9
134156 12:54:42.610315 close(9)         = 0
134156 12:54:42.610346 openat(-1, "/sys/devices/system/cpu/cpu7/cache/index4/shared_cpu_map", O_RDONLY) = -1 ENOENT (No such file or directory)
134156 12:54:42.610380 openat(-1, "/sys/devices/system/cpu/cpu7/cache/index5/shared_cpu_map", O_RDONLY) = -1 ENOENT (No such file or directory)
134156 12:54:42.610415 openat(-1, "/sys/devices/system/cpu/cpu7/cache/index6/shared_cpu_map", O_RDONLY) = -1 ENOENT (No such file or directory)
134156 12:54:42.610449 openat(-1, "/sys/devices/system/cpu/cpu7/cache/index7/shared_cpu_map", O_RDONLY) = -1 ENOENT (No such file or directory)
134156 12:54:42.610483 openat(-1, "/sys/devices/system/cpu/cpu7/cache/index8/shared_cpu_map", O_RDONLY) = -1 ENOENT (No such file or directory)
134156 12:54:42.610518 openat(-1, "/sys/devices/system/cpu/cpu7/cache/index9/shared_cpu_map", O_RDONLY) = -1 ENOENT (No such file or directory)
134156 12:54:42.610553 openat(-1, "/sys/devices/system/cpu/cpu8/topology/core_cpus", O_RDONLY) = 9
134156 12:54:42.610589 read(9, "00000101\n", 4097) = 9
134156 12:54:42.610622 close(9)         = 0
134156 12:54:42.610651 openat(-1, "/sys/devices/system/cpu/cpu8/cache/index0/shared_cpu_map", O_RDONLY) = 9
134156 12:54:42.610688 read(9, "00000101\n", 4097) = 9
134156 12:54:42.610721 close(9)         = 0
134156 12:54:42.610752 openat(-1, "/sys/devices/system/cpu/cpu8/cache/index1/shared_cpu_map", O_RDONLY) = 9
134156 12:54:42.610788 read(9, "00000101\n", 4097) = 9
134156 12:54:42.610821 close(9)         = 0
134156 12:54:42.610853 openat(-1, "/sys/devices/system/cpu/cpu8/cache/index2/shared_cpu_map", O_RDONLY) = 9
134156 12:54:42.610888 read(9, "00000101\n", 4097) = 9
134156 12:54:42.610921 close(9)         = 0
134156 12:54:42.610952 openat(-1, "/sys/devices/system/cpu/cpu8/cache/index3/shared_cpu_map", O_RDONLY) = 9
134156 12:54:42.610988 read(9, "0000ffff\n", 4097) = 9
134156 12:54:42.611021 close(9)         = 0
134156 12:54:42.611052 openat(-1, "/sys/devices/system/cpu/cpu8/cache/index4/shared_cpu_map", O_RDONLY) = -1 ENOENT (No such file or directory)
134156 12:54:42.611087 openat(-1, "/sys/devices/system/cpu/cpu8/cache/index5/shared_cpu_map", O_RDONLY) = -1 ENOENT (No such file or directory)
134156 12:54:42.611121 openat(-1, "/sys/devices/system/cpu/cpu8/cache/index6/shared_cpu_map", O_RDONLY) = -1 ENOENT (No such file or directory)
134156 12:54:42.611157 openat(-1, "/sys/devices/system/cpu/cpu8/cache/index7/shared_cpu_map", O_RDONLY) = -1 ENOENT (No such file or directory)
134156 12:54:42.611191 openat(-1, "/sys/devices/system/cpu/cpu8/cache/index8/shared_cpu_map", O_RDONLY) = -1 ENOENT (No such file or directory)
134156 12:54:42.611225 openat(-1, "/sys/devices/system/cpu/cpu8/cache/index9/shared_cpu_map", O_RDONLY) = -1 ENOENT (No such file or directory)
134156 12:54:42.611260 openat(-1, "/sys/devices/system/cpu/cpu9/topology/core_cpus", O_RDONLY) = 9
134156 12:54:42.611296 read(9, "00000202\n", 4097) = 9
134156 12:54:42.611329 close(9)         = 0
134156 12:54:42.611359 openat(-1, "/sys/devices/system/cpu/cpu9/cache/index0/shared_cpu_map", O_RDONLY) = 9
134156 12:54:42.611396 read(9, "00000202\n", 4097) = 9
134156 12:54:42.611428 close(9)         = 0
134156 12:54:42.611460 openat(-1, "/sys/devices/system/cpu/cpu9/cache/index1/shared_cpu_map", O_RDONLY) = 9
134156 12:54:42.611495 read(9, "00000202\n", 4097) = 9
134156 12:54:42.611529 close(9)         = 0
134156 12:54:42.611572 openat(-1, "/sys/devices/system/cpu/cpu9/cache/index2/shared_cpu_map", O_RDONLY) = 9
134156 12:54:42.611608 read(9, "00000202\n", 4097) = 9
134156 12:54:42.611640 close(9)         = 0
134156 12:54:42.611669 openat(-1, "/sys/devices/system/cpu/cpu9/cache/index3/shared_cpu_map", O_RDONLY) = 9
134156 12:54:42.611706 read(9, "0000ffff\n", 4097) = 9
134156 12:54:42.611740 close(9)         = 0
134156 12:54:42.611770 openat(-1, "/sys/devices/system/cpu/cpu9/cache/index4/shared_cpu_map", O_RDONLY) = -1 ENOENT (No such file or directory)
134156 12:54:42.611805 openat(-1, "/sys/devices/system/cpu/cpu9/cache/index5/shared_cpu_map", O_RDONLY) = -1 ENOENT (No such file or directory)
134156 12:54:42.611841 openat(-1, "/sys/devices/system/cpu/cpu9/cache/index6/shared_cpu_map", O_RDONLY) = -1 ENOENT (No such file or directory)
134156 12:54:42.611875 openat(-1, "/sys/devices/system/cpu/cpu9/cache/index7/shared_cpu_map", O_RDONLY) = -1 ENOENT (No such file or directory)
134156 12:54:42.611909 openat(-1, "/sys/devices/system/cpu/cpu9/cache/index8/shared_cpu_map", O_RDONLY) = -1 ENOENT (No such file or directory)
134156 12:54:42.611944 openat(-1, "/sys/devices/system/cpu/cpu9/cache/index9/shared_cpu_map", O_RDONLY) = -1 ENOENT (No such file or directory)
134156 12:54:42.611979 openat(-1, "/sys/devices/system/cpu/cpu10/topology/core_cpus", O_RDONLY) = 9
134156 12:54:42.612015 read(9, "00000404\n", 4097) = 9
134156 12:54:42.612048 close(9)         = 0
134156 12:54:42.612079 openat(-1, "/sys/devices/system/cpu/cpu10/cache/index0/shared_cpu_map", O_RDONLY) = 9
134156 12:54:42.612115 read(9, "00000404\n", 4097) = 9
134156 12:54:42.612148 close(9)         = 0
134156 12:54:42.612178 openat(-1, "/sys/devices/system/cpu/cpu10/cache/index1/shared_cpu_map", O_RDONLY) = 9
134156 12:54:42.612214 read(9, "00000404\n", 4097) = 9
134156 12:54:42.612248 close(9)         = 0
134156 12:54:42.612277 openat(-1, "/sys/devices/system/cpu/cpu10/cache/index2/shared_cpu_map", O_RDONLY) = 9
134156 12:54:42.612313 read(9, "00000404\n", 4097) = 9
134156 12:54:42.612346 close(9)         = 0
134156 12:54:42.612376 openat(-1, "/sys/devices/system/cpu/cpu10/cache/index3/shared_cpu_map", O_RDONLY) = 9
134156 12:54:42.612413 read(9, "0000ffff\n", 4097) = 9
134156 12:54:42.612446 close(9)         = 0
134156 12:54:42.612475 openat(-1, "/sys/devices/system/cpu/cpu10/cache/index4/shared_cpu_map", O_RDONLY) = -1 ENOENT (No such file or directory)
134156 12:54:42.612510 openat(-1, "/sys/devices/system/cpu/cpu10/cache/index5/shared_cpu_map", O_RDONLY) = -1 ENOENT (No such file or directory)
134156 12:54:42.612545 openat(-1, "/sys/devices/system/cpu/cpu10/cache/index6/shared_cpu_map", O_RDONLY) = -1 ENOENT (No such file or directory)
134156 12:54:42.612579 openat(-1, "/sys/devices/system/cpu/cpu10/cache/index7/shared_cpu_map", O_RDONLY) = -1 ENOENT (No such file or directory)
134156 12:54:42.612614 openat(-1, "/sys/devices/system/cpu/cpu10/cache/index8/shared_cpu_map", O_RDONLY) = -1 ENOENT (No such file or directory)
134156 12:54:42.612649 openat(-1, "/sys/devices/system/cpu/cpu10/cache/index9/shared_cpu_map", O_RDONLY) = -1 ENOENT (No such file or directory)
134156 12:54:42.612686 openat(-1, "/sys/devices/system/cpu/cpu11/topology/core_cpus", O_RDONLY) = 9
134156 12:54:42.612722 read(9, "00000808\n", 4097) = 9
134156 12:54:42.612755 close(9)         = 0
134156 12:54:42.612786 openat(-1, "/sys/devices/system/cpu/cpu11/cache/index0/shared_cpu_map", O_RDONLY) = 9
134156 12:54:42.612822 read(9, "00000808\n", 4097) = 9
134156 12:54:42.612856 close(9)         = 0
134156 12:54:42.612885 openat(-1, "/sys/devices/system/cpu/cpu11/cache/index1/shared_cpu_map", O_RDONLY) = 9
134156 12:54:42.612921 read(9, "00000808\n", 4097) = 9
134156 12:54:42.612954 close(9)         = 0
134156 12:54:42.612983 openat(-1, "/sys/devices/system/cpu/cpu11/cache/index2/shared_cpu_map", O_RDONLY) = 9
134156 12:54:42.613020 read(9, "00000808\n", 4097) = 9
134156 12:54:42.613053 close(9)         = 0
134156 12:54:42.613082 openat(-1, "/sys/devices/system/cpu/cpu11/cache/index3/shared_cpu_map", O_RDONLY) = 9
134156 12:54:42.613119 read(9, "0000ffff\n", 4097) = 9
134156 12:54:42.613152 close(9)         = 0
134156 12:54:42.613181 openat(-1, "/sys/devices/system/cpu/cpu11/cache/index4/shared_cpu_map", O_RDONLY) = -1 ENOENT (No such file or directory)
134156 12:54:42.613216 openat(-1, "/sys/devices/system/cpu/cpu11/cache/index5/shared_cpu_map", O_RDONLY) = -1 ENOENT (No such file or directory)
134156 12:54:42.613252 openat(-1, "/sys/devices/system/cpu/cpu11/cache/index6/shared_cpu_map", O_RDONLY) = -1 ENOENT (No such file or directory)
134156 12:54:42.613286 openat(-1, "/sys/devices/system/cpu/cpu11/cache/index7/shared_cpu_map", O_RDONLY) = -1 ENOENT (No such file or directory)
134156 12:54:42.613321 openat(-1, "/sys/devices/system/cpu/cpu11/cache/index8/shared_cpu_map", O_RDONLY) = -1 ENOENT (No such file or directory)
134156 12:54:42.613356 openat(-1, "/sys/devices/system/cpu/cpu11/cache/index9/shared_cpu_map", O_RDONLY) = -1 ENOENT (No such file or directory)
134156 12:54:42.613391 openat(-1, "/sys/devices/system/cpu/cpu12/topology/core_cpus", O_RDONLY) = 9
134156 12:54:42.613427 read(9, "00001010\n", 4097) = 9
134156 12:54:42.613460 close(9)         = 0
134156 12:54:42.613491 openat(-1, "/sys/devices/system/cpu/cpu12/cache/index0/shared_cpu_map", O_RDONLY) = 9
134156 12:54:42.613527 read(9, "00001010\n", 4097) = 9
134156 12:54:42.613561 close(9)         = 0
134156 12:54:42.613590 openat(-1, "/sys/devices/system/cpu/cpu12/cache/index1/shared_cpu_map", O_RDONLY) = 9
134156 12:54:42.613626 read(9, "00001010\n", 4097) = 9
134156 12:54:42.613660 close(9)         = 0
134156 12:54:42.613689 openat(-1, "/sys/devices/system/cpu/cpu12/cache/index2/shared_cpu_map", O_RDONLY) = 9
134156 12:54:42.613725 read(9, "00001010\n", 4097) = 9
134156 12:54:42.613758 close(9)         = 0
134156 12:54:42.613787 openat(-1, "/sys/devices/system/cpu/cpu12/cache/index3/shared_cpu_map", O_RDONLY) = 9
134156 12:54:42.613824 read(9, "0000ffff\n", 4097) = 9
134156 12:54:42.613857 close(9)         = 0
134156 12:54:42.613886 openat(-1, "/sys/devices/system/cpu/cpu12/cache/index4/shared_cpu_map", O_RDONLY) = -1 ENOENT (No such file or directory)
134156 12:54:42.613921 openat(-1, "/sys/devices/system/cpu/cpu12/cache/index5/shared_cpu_map", O_RDONLY) = -1 ENOENT (No such file or directory)
134156 12:54:42.613956 openat(-1, "/sys/devices/system/cpu/cpu12/cache/index6/shared_cpu_map", O_RDONLY) = -1 ENOENT (No such file or directory)
134156 12:54:42.613990 openat(-1, "/sys/devices/system/cpu/cpu12/cache/index7/shared_cpu_map", O_RDONLY) = -1 ENOENT (No such file or directory)
134156 12:54:42.614025 openat(-1, "/sys/devices/system/cpu/cpu12/cache/index8/shared_cpu_map", O_RDONLY) = -1 ENOENT (No such file or directory)
134156 12:54:42.614060 openat(-1, "/sys/devices/system/cpu/cpu12/cache/index9/shared_cpu_map", O_RDONLY) = -1 ENOENT (No such file or directory)
134156 12:54:42.614095 openat(-1, "/sys/devices/system/cpu/cpu13/topology/core_cpus", O_RDONLY) = 9
134156 12:54:42.614131 read(9, "00002020\n", 4097) = 9
134156 12:54:42.614166 close(9)         = 0
134156 12:54:42.614197 openat(-1, "/sys/devices/system/cpu/cpu13/cache/index0/shared_cpu_map", O_RDONLY) = 9
134156 12:54:42.614233 read(9, "00002020\n", 4097) = 9
134156 12:54:42.614266 close(9)         = 0
134156 12:54:42.614296 openat(-1, "/sys/devices/system/cpu/cpu13/cache/index1/shared_cpu_map", O_RDONLY) = 9
134156 12:54:42.614332 read(9, "00002020\n", 4097) = 9
134156 12:54:42.614366 close(9)         = 0
134156 12:54:42.614395 openat(-1, "/sys/devices/system/cpu/cpu13/cache/index2/shared_cpu_map", O_RDONLY) = 9
134156 12:54:42.614431 read(9, "00002020\n", 4097) = 9
134156 12:54:42.614464 close(9)         = 0
134156 12:54:42.614493 openat(-1, "/sys/devices/system/cpu/cpu13/cache/index3/shared_cpu_map", O_RDONLY) = 9
134156 12:54:42.614530 read(9, "0000ffff\n", 4097) = 9
134156 12:54:42.614563 close(9)         = 0
134156 12:54:42.614592 openat(-1, "/sys/devices/system/cpu/cpu13/cache/index4/shared_cpu_map", O_RDONLY) = -1 ENOENT (No such file or directory)
134156 12:54:42.614627 openat(-1, "/sys/devices/system/cpu/cpu13/cache/index5/shared_cpu_map", O_RDONLY) = -1 ENOENT (No such file or directory)
134156 12:54:42.614662 openat(-1, "/sys/devices/system/cpu/cpu13/cache/index6/shared_cpu_map", O_RDONLY) = -1 ENOENT (No such file or directory)
134156 12:54:42.614696 openat(-1, "/sys/devices/system/cpu/cpu13/cache/index7/shared_cpu_map", O_RDONLY) = -1 ENOENT (No such file or directory)
134156 12:54:42.614731 openat(-1, "/sys/devices/system/cpu/cpu13/cache/index8/shared_cpu_map", O_RDONLY) = -1 ENOENT (No such file or directory)
134156 12:54:42.614766 openat(-1, "/sys/devices/system/cpu/cpu13/cache/index9/shared_cpu_map", O_RDONLY) = -1 ENOENT (No such file or directory)
134156 12:54:42.614801 openat(-1, "/sys/devices/system/cpu/cpu14/topology/core_cpus", O_RDONLY) = 9
134156 12:54:42.614836 read(9, "00004040\n", 4097) = 9
134156 12:54:42.614869 close(9)         = 0
134156 12:54:42.614900 openat(-1, "/sys/devices/system/cpu/cpu14/cache/index0/shared_cpu_map", O_RDONLY) = 9
134156 12:54:42.614936 read(9, "00004040\n", 4097) = 9
134156 12:54:42.614969 close(9)         = 0
134156 12:54:42.614998 openat(-1, "/sys/devices/system/cpu/cpu14/cache/index1/shared_cpu_map", O_RDONLY) = 9
134156 12:54:42.615035 read(9, "00004040\n", 4097) = 9
134156 12:54:42.615068 close(9)         = 0
134156 12:54:42.615097 openat(-1, "/sys/devices/system/cpu/cpu14/cache/index2/shared_cpu_map", O_RDONLY) = 9
134156 12:54:42.615134 read(9, "00004040\n", 4097) = 9
134156 12:54:42.615167 close(9)         = 0
134156 12:54:42.615196 openat(-1, "/sys/devices/system/cpu/cpu14/cache/index3/shared_cpu_map", O_RDONLY) = 9
134156 12:54:42.615232 read(9, "0000ffff\n", 4097) = 9
134156 12:54:42.615265 close(9)         = 0
134156 12:54:42.615294 openat(-1, "/sys/devices/system/cpu/cpu14/cache/index4/shared_cpu_map", O_RDONLY) = -1 ENOENT (No such file or directory)
134156 12:54:42.615329 openat(-1, "/sys/devices/system/cpu/cpu14/cache/index5/shared_cpu_map", O_RDONLY) = -1 ENOENT (No such file or directory)
134156 12:54:42.615364 openat(-1, "/sys/devices/system/cpu/cpu14/cache/index6/shared_cpu_map", O_RDONLY) = -1 ENOENT (No such file or directory)
134156 12:54:42.615399 openat(-1, "/sys/devices/system/cpu/cpu14/cache/index7/shared_cpu_map", O_RDONLY) = -1 ENOENT (No such file or directory)
134156 12:54:42.615433 openat(-1, "/sys/devices/system/cpu/cpu14/cache/index8/shared_cpu_map", O_RDONLY) = -1 ENOENT (No such file or directory)
134156 12:54:42.615468 openat(-1, "/sys/devices/system/cpu/cpu14/cache/index9/shared_cpu_map", O_RDONLY) = -1 ENOENT (No such file or directory)
134156 12:54:42.615503 openat(-1, "/sys/devices/system/cpu/cpu15/topology/core_cpus", O_RDONLY) = 9
134156 12:54:42.615544 read(9, "00008080\n", 4097) = 9
134156 12:54:42.615579 close(9)         = 0
134156 12:54:42.615609 openat(-1, "/sys/devices/system/cpu/cpu15/cache/index0/shared_cpu_map", O_RDONLY) = 9
134156 12:54:42.615646 read(9, "00008080\n", 4097) = 9
134156 12:54:42.615679 close(9)         = 0
134156 12:54:42.615708 openat(-1, "/sys/devices/system/cpu/cpu15/cache/index1/shared_cpu_map", O_RDONLY) = 9
134156 12:54:42.615747 read(9, "00008080\n", 4097) = 9
134156 12:54:42.615780 close(9)         = 0
134156 12:54:42.615809 openat(-1, "/sys/devices/system/cpu/cpu15/cache/index2/shared_cpu_map", O_RDONLY) = 9
134156 12:54:42.615845 read(9, "00008080\n", 4097) = 9
134156 12:54:42.615879 close(9)         = 0
134156 12:54:42.615908 openat(-1, "/sys/devices/system/cpu/cpu15/cache/index3/shared_cpu_map", O_RDONLY) = 9
134156 12:54:42.615944 read(9, "0000ffff\n", 4097) = 9
134156 12:54:42.615977 close(9)         = 0
134156 12:54:42.616008 openat(-1, "/sys/devices/system/cpu/cpu15/cache/index4/shared_cpu_map", O_RDONLY) = -1 ENOENT (No such file or directory)
134156 12:54:42.616044 openat(-1, "/sys/devices/system/cpu/cpu15/cache/index5/shared_cpu_map", O_RDONLY) = -1 ENOENT (No such file or directory)
134156 12:54:42.616078 openat(-1, "/sys/devices/system/cpu/cpu15/cache/index6/shared_cpu_map", O_RDONLY) = -1 ENOENT (No such file or directory)
134156 12:54:42.616113 openat(-1, "/sys/devices/system/cpu/cpu15/cache/index7/shared_cpu_map", O_RDONLY) = -1 ENOENT (No such file or directory)
134156 12:54:42.616147 openat(-1, "/sys/devices/system/cpu/cpu15/cache/index8/shared_cpu_map", O_RDONLY) = -1 ENOENT (No such file or directory)
134156 12:54:42.616182 openat(-1, "/sys/devices/system/cpu/cpu15/cache/index9/shared_cpu_map", O_RDONLY) = -1 ENOENT (No such file or directory)
134156 12:54:42.616219 openat(-1, "/sys/devices/system/cpu/cpu0/cpufreq/cpuinfo_max_freq", O_RDONLY) = 9
134156 12:54:42.616256 read(9, "5050225\n", 10) = 8
134156 12:54:42.616290 close(9)         = 0
134156 12:54:42.616322 openat(-1, "/sys/devices/system/cpu/cpu0/cpufreq/base_frequency", O_RDONLY) = -1 ENOENT (No such file or directory)
134156 12:54:42.616358 openat(-1, "/sys/devices/system/cpu/cpu0/cpu_capacity", O_RDONLY) = -1 ENOENT (No such file or directory)
134156 12:54:42.616393 openat(-1, "/sys/devices/system/cpu/cpu1/cpufreq/cpuinfo_max_freq", O_RDONLY) = 9
134156 12:54:42.616429 read(9, "5050225\n", 10) = 8
134156 12:54:42.616462 close(9)         = 0
134156 12:54:42.616491 openat(-1, "/sys/devices/system/cpu/cpu1/cpufreq/base_frequency", O_RDONLY) = -1 ENOENT (No such file or directory)
134156 12:54:42.616527 openat(-1, "/sys/devices/system/cpu/cpu1/cpu_capacity", O_RDONLY) = -1 ENOENT (No such file or directory)
134156 12:54:42.616562 openat(-1, "/sys/devices/system/cpu/cpu2/cpufreq/cpuinfo_max_freq", O_RDONLY) = 9
134156 12:54:42.616599 read(9, "5050225\n", 10) = 8
134156 12:54:42.616631 close(9)         = 0
134156 12:54:42.616660 openat(-1, "/sys/devices/system/cpu/cpu2/cpufreq/base_frequency", O_RDONLY) = -1 ENOENT (No such file or directory)
134156 12:54:42.616695 openat(-1, "/sys/devices/system/cpu/cpu2/cpu_capacity", O_RDONLY) = -1 ENOENT (No such file or directory)
134156 12:54:42.616730 openat(-1, "/sys/devices/system/cpu/cpu3/cpufreq/cpuinfo_max_freq", O_RDONLY) = 9
134156 12:54:42.616767 read(9, "5050225\n", 10) = 8
134156 12:54:42.616801 close(9)         = 0
134156 12:54:42.616830 openat(-1, "/sys/devices/system/cpu/cpu3/cpufreq/base_frequency", O_RDONLY) = -1 ENOENT (No such file or directory)
134156 12:54:42.616865 openat(-1, "/sys/devices/system/cpu/cpu3/cpu_capacity", O_RDONLY) = -1 ENOENT (No such file or directory)
134156 12:54:42.616900 openat(-1, "/sys/devices/system/cpu/cpu4/cpufreq/cpuinfo_max_freq", O_RDONLY) = 9
134156 12:54:42.616937 read(9, "5050225\n", 10) = 8
134156 12:54:42.616970 close(9)         = 0
134156 12:54:42.616999 openat(-1, "/sys/devices/system/cpu/cpu4/cpufreq/base_frequency", O_RDONLY) = -1 ENOENT (No such file or directory)
134156 12:54:42.617035 openat(-1, "/sys/devices/system/cpu/cpu4/cpu_capacity", O_RDONLY) = -1 ENOENT (No such file or directory)
134156 12:54:42.617070 openat(-1, "/sys/devices/system/cpu/cpu5/cpufreq/cpuinfo_max_freq", O_RDONLY) = 9
134156 12:54:42.617106 read(9, "5050225\n", 10) = 8
134156 12:54:42.617138 close(9)         = 0
134156 12:54:42.617167 openat(-1, "/sys/devices/system/cpu/cpu5/cpufreq/base_frequency", O_RDONLY) = -1 ENOENT (No such file or directory)
134156 12:54:42.617205 openat(-1, "/sys/devices/system/cpu/cpu5/cpu_capacity", O_RDONLY) = -1 ENOENT (No such file or directory)
134156 12:54:42.617240 openat(-1, "/sys/devices/system/cpu/cpu6/cpufreq/cpuinfo_max_freq", O_RDONLY) = 9
134156 12:54:42.617278 read(9, "5050225\n", 10) = 8
134156 12:54:42.617311 close(9)         = 0
134156 12:54:42.617340 openat(-1, "/sys/devices/system/cpu/cpu6/cpufreq/base_frequency", O_RDONLY) = -1 ENOENT (No such file or directory)
134156 12:54:42.617375 openat(-1, "/sys/devices/system/cpu/cpu6/cpu_capacity", O_RDONLY) = -1 ENOENT (No such file or directory)
134156 12:54:42.617410 openat(-1, "/sys/devices/system/cpu/cpu7/cpufreq/cpuinfo_max_freq", O_RDONLY) = 9
134156 12:54:42.617447 read(9, "5050225\n", 10) = 8
134156 12:54:42.617478 close(9)         = 0
134156 12:54:42.617507 openat(-1, "/sys/devices/system/cpu/cpu7/cpufreq/base_frequency", O_RDONLY) = -1 ENOENT (No such file or directory)
134156 12:54:42.617543 openat(-1, "/sys/devices/system/cpu/cpu7/cpu_capacity", O_RDONLY) = -1 ENOENT (No such file or directory)
134156 12:54:42.617578 openat(-1, "/sys/devices/system/cpu/cpu8/cpufreq/cpuinfo_max_freq", O_RDONLY) = 9
134156 12:54:42.617615 read(9, "5050225\n", 10) = 8
134156 12:54:42.617647 close(9)         = 0
134156 12:54:42.617676 openat(-1, "/sys/devices/system/cpu/cpu8/cpufreq/base_frequency", O_RDONLY) = -1 ENOENT (No such file or directory)
134156 12:54:42.617712 openat(-1, "/sys/devices/system/cpu/cpu8/cpu_capacity", O_RDONLY) = -1 ENOENT (No such file or directory)
134156 12:54:42.617747 openat(-1, "/sys/devices/system/cpu/cpu9/cpufreq/cpuinfo_max_freq", O_RDONLY) = 9
134156 12:54:42.617785 read(9, "5050225\n", 10) = 8
134156 12:54:42.617816 close(9)         = 0
134156 12:54:42.617845 openat(-1, "/sys/devices/system/cpu/cpu9/cpufreq/base_frequency", O_RDONLY) = -1 ENOENT (No such file or directory)
134156 12:54:42.617881 openat(-1, "/sys/devices/system/cpu/cpu9/cpu_capacity", O_RDONLY) = -1 ENOENT (No such file or directory)
134156 12:54:42.617916 openat(-1, "/sys/devices/system/cpu/cpu10/cpufreq/cpuinfo_max_freq", O_RDONLY) = 9
134156 12:54:42.617954 read(9, "5050225\n", 10) = 8
134156 12:54:42.617987 close(9)         = 0
134156 12:54:42.618016 openat(-1, "/sys/devices/system/cpu/cpu10/cpufreq/base_frequency", O_RDONLY) = -1 ENOENT (No such file or directory)
134156 12:54:42.618052 openat(-1, "/sys/devices/system/cpu/cpu10/cpu_capacity", O_RDONLY) = -1 ENOENT (No such file or directory)
134156 12:54:42.618087 openat(-1, "/sys/devices/system/cpu/cpu11/cpufreq/cpuinfo_max_freq", O_RDONLY) = 9
134156 12:54:42.618124 read(9, "5050225\n", 10) = 8
134156 12:54:42.618156 close(9)         = 0
134156 12:54:42.618185 openat(-1, "/sys/devices/system/cpu/cpu11/cpufreq/base_frequency", O_RDONLY) = -1 ENOENT (No such file or directory)
134156 12:54:42.618220 openat(-1, "/sys/devices/system/cpu/cpu11/cpu_capacity", O_RDONLY) = -1 ENOENT (No such file or directory)
134156 12:54:42.618255 openat(-1, "/sys/devices/system/cpu/cpu12/cpufreq/cpuinfo_max_freq", O_RDONLY) = 9
134156 12:54:42.618291 read(9, "5050225\n", 10) = 8
134156 12:54:42.618323 close(9)         = 0
134156 12:54:42.618352 openat(-1, "/sys/devices/system/cpu/cpu12/cpufreq/base_frequency", O_RDONLY) = -1 ENOENT (No such file or directory)
134156 12:54:42.618388 openat(-1, "/sys/devices/system/cpu/cpu12/cpu_capacity", O_RDONLY) = -1 ENOENT (No such file or directory)
134156 12:54:42.618423 openat(-1, "/sys/devices/system/cpu/cpu13/cpufreq/cpuinfo_max_freq", O_RDONLY) = 9
134156 12:54:42.618460 read(9, "5050225\n", 10) = 8
134156 12:54:42.618492 close(9)         = 0
134156 12:54:42.618520 openat(-1, "/sys/devices/system/cpu/cpu13/cpufreq/base_frequency", O_RDONLY) = -1 ENOENT (No such file or directory)
134156 12:54:42.618556 openat(-1, "/sys/devices/system/cpu/cpu13/cpu_capacity", O_RDONLY) = -1 ENOENT (No such file or directory)
134156 12:54:42.618591 openat(-1, "/sys/devices/system/cpu/cpu14/cpufreq/cpuinfo_max_freq", O_RDONLY) = 9
134156 12:54:42.618629 read(9, "5050225\n", 10) = 8
134156 12:54:42.618661 close(9)         = 0
134156 12:54:42.618692 openat(-1, "/sys/devices/system/cpu/cpu14/cpufreq/base_frequency", O_RDONLY) = -1 ENOENT (No such file or directory)
134156 12:54:42.618728 openat(-1, "/sys/devices/system/cpu/cpu14/cpu_capacity", O_RDONLY) = -1 ENOENT (No such file or directory)
134156 12:54:42.618762 openat(-1, "/sys/devices/system/cpu/cpu15/cpufreq/cpuinfo_max_freq", O_RDONLY) = 9
134156 12:54:42.618799 read(9, "5050225\n", 10) = 8
134156 12:54:42.618831 close(9)         = 0
134156 12:54:42.618859 openat(-1, "/sys/devices/system/cpu/cpu15/cpufreq/base_frequency", O_RDONLY) = -1 ENOENT (No such file or directory)
134156 12:54:42.618895 openat(-1, "/sys/devices/system/cpu/cpu15/cpu_capacity", O_RDONLY) = -1 ENOENT (No such file or directory)
134156 12:54:42.618934 openat(-1, "/sys/devices/cpu_atom/cpus", O_RDONLY) = -1 ENOENT (No such file or directory)
134156 12:54:42.618969 openat(-1, "/sys/devices/cpu_core/cpus", O_RDONLY) = -1 ENOENT (No such file or directory)
134156 12:54:42.619002 newfstatat(-1, "/sys/kernel/mm/hugepages", {st_mode=S_IFDIR|0755, st_size=0, ...}, 0) = 0
134156 12:54:42.619043 openat(-1, "/proc/meminfo", O_RDONLY) = 9
134156 12:54:42.619078 read(9, "MemTotal:       64963600 kB\nMemF"..., 4095) = 1419
134156 12:54:42.619118 close(9)         = 0
134156 12:54:42.619149 openat(-1, "/sys/kernel/mm/hugepages", O_RDONLY|O_DIRECTORY) = 9
134156 12:54:42.619184 fstat(9, {st_mode=S_IFDIR|0755, st_size=0, ...}) = 0
134156 12:54:42.619218 fcntl(9, F_GETFL) = 0x18000 (flags O_RDONLY|O_LARGEFILE|O_DIRECTORY)
134156 12:54:42.619247 fcntl(9, F_SETFD, FD_CLOEXEC) = 0
134156 12:54:42.619276 getdents64(9, 0x5614160bf8c0 /* 4 entries */, 32768) = 128
134156 12:54:42.619310 openat(-1, "/sys/kernel/mm/hugepages/hugepages-2048kB/nr_hugepages", O_RDONLY) = 10
134156 12:54:42.619346 read(10, "0\n", 63) = 2
134156 12:54:42.619378 close(10)        = 0
134156 12:54:42.619407 openat(-1, "/sys/kernel/mm/hugepages/hugepages-1048576kB/nr_hugepages", O_RDONLY) = 10
134156 12:54:42.619444 read(10, "0\n", 63) = 2
134156 12:54:42.619477 close(10)        = 0
134156 12:54:42.619506 getdents64(9, 0x5614160bf8c0 /* 0 entries */, 32768) = 0
134156 12:54:42.619538 close(9)         = 0
134156 12:54:42.619569 faccessat2(-1, "/sys/devices/system/node", R_OK|X_OK, 0) = 0
134156 12:54:42.619604 openat(-1, "/sys/devices/system/node/online", O_RDONLY) = 9
134156 12:54:42.619640 read(9, "0\n", 4097) = 2
134156 12:54:42.619673 close(9)         = 0
134156 12:54:42.619703 openat(-1, "/sys/devices/system/node/node0/cpumap", O_RDONLY) = 9
134156 12:54:42.619740 read(9, "0000ffff\n", 4097) = 9
134156 12:54:42.619772 close(9)         = 0
134156 12:54:42.619803 newfstatat(-1, "/sys/devices/system/node/node0/hugepages", {st_mode=S_IFDIR|0755, st_size=0, ...}, 0) = 0
134156 12:54:42.619841 openat(-1, "/sys/devices/system/node/node0/meminfo", O_RDONLY) = 9
134156 12:54:42.619877 read(9, "Node 0 MemTotal:       64963600 "..., 4095) = 1208
134156 12:54:42.619915 close(9)         = 0
134156 12:54:42.619944 openat(-1, "/sys/devices/system/node/node0/hugepages", O_RDONLY|O_DIRECTORY) = 9
134156 12:54:42.619979 fstat(9, {st_mode=S_IFDIR|0755, st_size=0, ...}) = 0
134156 12:54:42.620012 fcntl(9, F_GETFL) = 0x18000 (flags O_RDONLY|O_LARGEFILE|O_DIRECTORY)
134156 12:54:42.620041 fcntl(9, F_SETFD, FD_CLOEXEC) = 0
134156 12:54:42.620070 getdents64(9, 0x5614160bf8c0 /* 4 entries */, 32768) = 128
134156 12:54:42.620103 openat(-1, "/sys/devices/system/node/node0/hugepages/hugepages-2048kB/nr_hugepages", O_RDONLY) = 10
134156 12:54:42.620139 read(10, "0\n", 63) = 2
134156 12:54:42.620172 close(10)        = 0
134156 12:54:42.620203 openat(-1, "/sys/devices/system/node/node0/hugepages/hugepages-1048576kB/nr_hugepages", O_RDONLY) = 10
134156 12:54:42.620240 read(10, "0\n", 63) = 2
134156 12:54:42.620273 close(10)        = 0
134156 12:54:42.620302 getdents64(9, 0x5614160bf8c0 /* 0 entries */, 32768) = 0
134156 12:54:42.620330 close(9)         = 0
134156 12:54:42.620359 openat(-1, "/proc/driver/nvidia/gpus", O_RDONLY|O_DIRECTORY) = 9
134156 12:54:42.620394 fstat(9, {st_mode=S_IFDIR|0555, st_size=0, ...}) = 0
134156 12:54:42.620430 fcntl(9, F_GETFL) = 0x18000 (flags O_RDONLY|O_LARGEFILE|O_DIRECTORY)
134156 12:54:42.620459 fcntl(9, F_SETFD, FD_CLOEXEC) = 0
134156 12:54:42.620488 getdents64(9, 0x5614160bf8c0 /* 4 entries */, 32768) = 112
134156 12:54:42.620522 openat(-1, "/proc/driver/nvidia/gpus/./numa_status", O_RDONLY) = -1 ENOENT (No such file or directory)
134156 12:54:42.620556 openat(-1, "/proc/driver/nvidia/gpus/../numa_status", O_RDONLY) = -1 ENOENT (No such file or directory)
134156 12:54:42.620591 openat(-1, "/proc/driver/nvidia/gpus/0000:01:00.0/numa_status", O_RDONLY) = -1 ENOENT (No such file or directory)
134156 12:54:42.620626 openat(-1, "/proc/driver/nvidia/gpus/0000:03:00.0/numa_status", O_RDONLY) = -1 ENOENT (No such file or directory)
134156 12:54:42.620661 getdents64(9, 0x5614160bf8c0 /* 0 entries */, 32768) = 0
134156 12:54:42.620690 close(9)         = 0
134156 12:54:42.620719 openat(-1, "/sys/bus/dax/devices/", O_RDONLY|O_DIRECTORY) = 9
134156 12:54:42.620754 fstat(9, {st_mode=S_IFDIR|0755, st_size=0, ...}) = 0
134156 12:54:42.620786 fcntl(9, F_GETFL) = 0x18000 (flags O_RDONLY|O_LARGEFILE|O_DIRECTORY)
134156 12:54:42.620815 fcntl(9, F_SETFD, FD_CLOEXEC) = 0
134156 12:54:42.620844 getdents64(9, 0x5614160bf8c0 /* 2 entries */, 32768) = 48
134156 12:54:42.620876 newfstatat(-1, "/sys/bus/dax/drivers/kmem/.", 0x7ffc4fe5ff00, 0) = -1 ENOENT (No such file or directory)
134156 12:54:42.620911 newfstatat(-1, "/sys/bus/dax/drivers/kmem/..", 0x7ffc4fe5ff00, 0) = -1 ENOENT (No such file or directory)
134156 12:54:42.620945 getdents64(9, 0x5614160bf8c0 /* 0 entries */, 32768) = 0
134156 12:54:42.620974 close(9)         = 0
134156 12:54:42.621002 openat(-1, "/sys/devices/system/node/node0/access1/initiators", O_RDONLY|O_DIRECTORY) = -1 ENOENT (No such file or directory)
134156 12:54:42.621036 openat(-1, "/sys/devices/system/node/node0/access0/initiators", O_RDONLY|O_DIRECTORY) = -1 ENOENT (No such file or directory)
134156 12:54:42.621070 faccessat2(-1, "/sys/devices/system/node/node0/access1/initiators", X_OK, 0) = -1 ENOENT (No such file or directory)
134156 12:54:42.621105 openat(-1, "/sys/devices/system/node/node0/access0/initiators/read_bandwidth", O_RDONLY) = -1 ENOENT (No such file or directory)
134156 12:54:42.621139 openat(-1, "/sys/devices/system/node/node0/access0/initiators/write_bandwidth", O_RDONLY) = -1 ENOENT (No such file or directory)
134156 12:54:42.621173 openat(-1, "/sys/devices/system/node/node0/access0/initiators/read_latency", O_RDONLY) = -1 ENOENT (No such file or directory)
134156 12:54:42.621207 openat(-1, "/sys/devices/system/node/node0/access0/initiators/write_latency", O_RDONLY) = -1 ENOENT (No such file or directory)
134156 12:54:42.621242 openat(-1, "/sys/devices/virtual/dmi/id", O_RDONLY|O_DIRECTORY) = 9
134156 12:54:42.621277 fstat(9, {st_mode=S_IFDIR|0755, st_size=0, ...}) = 0
134156 12:54:42.621310 fcntl(9, F_GETFL) = 0x18000 (flags O_RDONLY|O_LARGEFILE|O_DIRECTORY)
134156 12:54:42.621339 fcntl(9, F_SETFD, FD_CLOEXEC) = 0
134156 12:54:42.621368 close(9)         = 0
134156 12:54:42.621398 openat(-1, "/sys/devices/virtual/dmi/id/product_name", O_RDONLY) = 9
134156 12:54:42.621434 read(9, "System Product Name\n", 63) = 20
134156 12:54:42.621466 close(9)         = 0
134156 12:54:42.621495 openat(-1, "/sys/devices/virtual/dmi/id/product_version", O_RDONLY) = 9
134156 12:54:42.621531 read(9, "System Version\n", 63) = 15
134156 12:54:42.621565 close(9)         = 0
134156 12:54:42.621594 openat(-1, "/sys/devices/virtual/dmi/id/product_serial", O_RDONLY) = 9
134156 12:54:42.621630 read(9, "System Serial Number\n", 63) = 21
134156 12:54:42.621663 close(9)         = 0
134156 12:54:42.621692 openat(-1, "/sys/devices/virtual/dmi/id/product_uuid", O_RDONLY) = 9
134156 12:54:42.621727 read(9, "f1912ca5-ca44-ff0c-4633-107c613d"..., 63) = 37
134156 12:54:42.621759 close(9)         = 0
134156 12:54:42.621788 openat(-1, "/sys/devices/virtual/dmi/id/board_vendor", O_RDONLY) = 9
134156 12:54:42.621825 read(9, "ASUSTeK COMPUTER INC.\n", 63) = 22
134156 12:54:42.621860 close(9)         = 0
134156 12:54:42.621889 openat(-1, "/sys/devices/virtual/dmi/id/board_name", O_RDONLY) = 9
134156 12:54:42.621925 read(9, "ROG CROSSHAIR X670E HERO\n", 63) = 25
134156 12:54:42.621958 close(9)         = 0
134156 12:54:42.621987 openat(-1, "/sys/devices/virtual/dmi/id/board_version", O_RDONLY) = 9
134156 12:54:42.622023 read(9, "Rev 1.xx\n", 63) = 9
134156 12:54:42.622056 close(9)         = 0
134156 12:54:42.622085 openat(-1, "/sys/devices/virtual/dmi/id/board_serial", O_RDONLY) = 9
134156 12:54:42.622121 read(9, "231129830900818\n", 63) = 16
134156 12:54:42.622154 close(9)         = 0
134156 12:54:42.622184 openat(-1, "/sys/devices/virtual/dmi/id/board_asset_tag", O_RDONLY) = 9
134156 12:54:42.622219 read(9, "Default string\n", 63) = 15
134156 12:54:42.622252 close(9)         = 0
134156 12:54:42.622281 openat(-1, "/sys/devices/virtual/dmi/id/chassis_vendor", O_RDONLY) = 9
134156 12:54:42.622317 read(9, "Default string\n", 63) = 15
134156 12:54:42.622350 close(9)         = 0
134156 12:54:42.622379 openat(-1, "/sys/devices/virtual/dmi/id/chassis_type", O_RDONLY) = 9
134156 12:54:42.622414 read(9, "3\n", 63) = 2
134156 12:54:42.622447 close(9)         = 0
134156 12:54:42.622476 openat(-1, "/sys/devices/virtual/dmi/id/chassis_version", O_RDONLY) = 9
134156 12:54:42.622512 read(9, "Default string\n", 63) = 15
134156 12:54:42.622545 close(9)         = 0
134156 12:54:42.622574 openat(-1, "/sys/devices/virtual/dmi/id/chassis_serial", O_RDONLY) = 9
134156 12:54:42.622609 read(9, "Default string\n", 63) = 15
134156 12:54:42.622641 close(9)         = 0
134156 12:54:42.622670 openat(-1, "/sys/devices/virtual/dmi/id/chassis_asset_tag", O_RDONLY) = 9
134156 12:54:42.622706 read(9, "Default string\n", 63) = 15
134156 12:54:42.622737 close(9)         = 0
134156 12:54:42.622766 openat(-1, "/sys/devices/virtual/dmi/id/bios_vendor", O_RDONLY) = 9
134156 12:54:42.622802 read(9, "American Megatrends Inc.\n", 63) = 25
134156 12:54:42.622835 close(9)         = 0
134156 12:54:42.622864 openat(-1, "/sys/devices/virtual/dmi/id/bios_version", O_RDONLY) = 9
134156 12:54:42.622900 read(9, "2806\n", 63) = 5
134156 12:54:42.622933 close(9)         = 0
134156 12:54:42.622962 openat(-1, "/sys/devices/virtual/dmi/id/bios_date", O_RDONLY) = 9
134156 12:54:42.622998 read(9, "02/13/2025\n", 63) = 11
134156 12:54:42.623031 close(9)         = 0
134156 12:54:42.623060 openat(-1, "/sys/devices/virtual/dmi/id/sys_vendor", O_RDONLY) = 9
134156 12:54:42.623096 read(9, "ASUS\n", 63) = 5
134156 12:54:42.623128 close(9)         = 0
134156 12:54:42.623160 openat(AT_FDCWD, "/sys/devices/system/cpu/possible", O_RDONLY|O_CLOEXEC) = 9
134156 12:54:42.623195 read(9, "0-31\n", 1024) = 5
134156 12:54:42.623229 close(9)         = 0
134156 12:54:42.623265 openat(-1, "/sys/devices/system/cpu/possible", O_RDONLY) = 9
134156 12:54:42.623302 read(9, "0-31\n", 4097) = 5
134156 12:54:42.623335 close(9)         = 0
134156 12:54:42.623366 sched_getaffinity(0, 8, [0 1 2 3 4 5 6 7 8 9 10 11 12 13 14 15]) = 8
134156 12:54:42.623405 sched_getaffinity(0, 8, [0 1 2 3 4 5 6 7 8 9 10 11 12 13 14 15]) = 8
134156 12:54:42.623438 sched_setaffinity(0, 8, [0]) = 0
134156 12:54:42.623511 sched_setaffinity(0, 8, [1]) = 0
134156 12:54:42.623609 sched_setaffinity(0, 8, [2]) = 0
134156 12:54:42.623682 sched_setaffinity(0, 8, [3]) = 0
134156 12:54:42.623748 sched_setaffinity(0, 8, [4]) = 0
134156 12:54:42.623828 sched_setaffinity(0, 8, [5]) = 0
134156 12:54:42.623903 sched_setaffinity(0, 8, [6]) = 0
134156 12:54:42.623956 sched_setaffinity(0, 8, [7]) = 0
134156 12:54:42.624032 sched_setaffinity(0, 8, [8]) = 0
134156 12:54:42.624108 sched_setaffinity(0, 8, [9]) = 0
134156 12:54:42.624168 sched_setaffinity(0, 8, [10]) = 0
134156 12:54:42.624243 sched_setaffinity(0, 8, [11]) = 0
134156 12:54:42.624332 sched_setaffinity(0, 8, [12]) = 0
134156 12:54:42.624404 sched_setaffinity(0, 8, [13]) = 0
134156 12:54:42.624485 sched_setaffinity(0, 8, [14]) = 0
134156 12:54:42.624542 sched_setaffinity(0, 8, [15]) = 0
134156 12:54:42.624611 sched_setaffinity(0, 8, [16]) = -1 EINVAL (Invalid argument)
134156 12:54:42.624663 sched_setaffinity(0, 8, [17]) = -1 EINVAL (Invalid argument)
134156 12:54:42.624703 sched_setaffinity(0, 8, [18]) = -1 EINVAL (Invalid argument)
134156 12:54:42.624742 sched_setaffinity(0, 8, [19]) = -1 EINVAL (Invalid argument)
134156 12:54:42.624779 sched_setaffinity(0, 8, [20]) = -1 EINVAL (Invalid argument)
134156 12:54:42.624817 sched_setaffinity(0, 8, [21]) = -1 EINVAL (Invalid argument)
134156 12:54:42.624855 sched_setaffinity(0, 8, [22]) = -1 EINVAL (Invalid argument)
134156 12:54:42.624892 sched_setaffinity(0, 8, [23]) = -1 EINVAL (Invalid argument)
134156 12:54:42.624929 sched_setaffinity(0, 8, [24]) = -1 EINVAL (Invalid argument)
134156 12:54:42.624967 sched_setaffinity(0, 8, [25]) = -1 EINVAL (Invalid argument)
134156 12:54:42.625004 sched_setaffinity(0, 8, [26]) = -1 EINVAL (Invalid argument)
134156 12:54:42.625041 sched_setaffinity(0, 8, [27]) = -1 EINVAL (Invalid argument)
134156 12:54:42.625079 sched_setaffinity(0, 8, [28]) = -1 EINVAL (Invalid argument)
134156 12:54:42.625116 sched_setaffinity(0, 8, [29]) = -1 EINVAL (Invalid argument)
134156 12:54:42.625153 sched_setaffinity(0, 8, [30]) = -1 EINVAL (Invalid argument)
134156 12:54:42.625191 sched_setaffinity(0, 8, [31]) = -1 EINVAL (Invalid argument)
134156 12:54:42.625228 sched_setaffinity(0, 8, [0 1 2 3 4 5 6 7 8 9 10 11 12 13 14 15]) = 0
134156 12:54:42.625295 openat(-1, "/sys/bus/pci/devices/", O_RDONLY|O_DIRECTORY) = 9
134156 12:54:42.625343 fstat(9, {st_mode=S_IFDIR|0755, st_size=0, ...}) = 0
134156 12:54:42.625385 fcntl(9, F_GETFL) = 0x18000 (flags O_RDONLY|O_LARGEFILE|O_DIRECTORY)
134156 12:54:42.625419 fcntl(9, F_SETFD, FD_CLOEXEC) = 0
134156 12:54:42.625456 getdents64(9, 0x5614160c27c0 /* 64 entries */, 32768) = 2032
134156 12:54:42.625518 openat(-1, "/sys/bus/pci/devices/0000:6a:00.0/config", O_RDONLY) = 10
134156 12:54:42.625571 read(10, "\"\20\367C\6\4\20\0\0010\3\f\20\0\0\0\4\0\320\200\0\0\0\0\0\0\0\0\0\0\0\0"..., 256) = 64
134156 12:54:42.625628 close(10)        = 0
134156 12:54:42.625663 openat(-1, "/sys/bus/pci/devices/0000:6a:00.0/class", O_RDONLY) = 10
134156 12:54:42.625709 read(10, "0x0c0330\n", 15) = 9
134156 12:54:42.625749 close(10)        = 0
134156 12:54:42.625784 openat(-1, "/sys/bus/pci/devices/0000:03:00.0/config", O_RDONLY) = 10
134156 12:54:42.625830 read(10, "\336\20\204&\7\4\20\0\241\0\0\3\0\0\200\0\0\0\0\331\f\0\0\0\340\0\0\0\f\0\0\0"..., 256) = 64
134156 12:54:42.625884 close(10)        = 0
134156 12:54:42.625919 openat(-1, "/sys/bus/pci/devices/0000:03:00.0/class", O_RDONLY) = 10
134156 12:54:42.625963 read(10, "0x030000\n", 15) = 9
134156 12:54:42.626001 close(10)        = 0
134156 12:54:42.626035 openat(-1, "/sys/bus/pci/devices/0000:03:00.0/vendor", O_RDONLY) = 10
134156 12:54:42.626079 read(10, "0x10de\n", 15) = 7
134156 12:54:42.626117 close(10)        = 0
134156 12:54:42.626151 openat(-1, "/sys/bus/pci/devices/0000:03:00.0/device", O_RDONLY) = 10
134156 12:54:42.626196 read(10, "0x2684\n", 15) = 7
134156 12:54:42.626233 close(10)        = 0
134156 12:54:42.626268 openat(-1, "/sys/bus/pci/devices/0000:03:00.0/subsystem_vendor", O_RDONLY) = 10
134156 12:54:42.626312 read(10, "0x10de\n", 15) = 7
134156 12:54:42.626349 close(10)        = 0
134156 12:54:42.626383 openat(-1, "/sys/bus/pci/devices/0000:03:00.0/subsystem_device", O_RDONLY) = 10
134156 12:54:42.626428 read(10, "0x16f4\n", 15) = 7
134156 12:54:42.626471 close(10)        = 0
134156 12:54:42.626505 openat(-1, "/sys/bus/pci/devices/0000:03:00.0/current_link_speed", O_RDONLY) = 10
134156 12:54:42.626548 read(10, "2.5 GT/s PCIe\n", 15) = 14
134156 12:54:42.626586 close(10)        = 0
134156 12:54:42.626619 openat(-1, "/sys/bus/pci/devices/0000:03:00.0/current_link_width", O_RDONLY) = 10
134156 12:54:42.626662 read(10, "8\n", 15) = 2
134156 12:54:42.626699 close(10)        = 0
134156 12:54:42.626733 openat(-1, "/sys/bus/pci/devices/0000:08:04.0/config", O_RDONLY) = 10
134156 12:54:42.626778 read(10, "\"\20\365C\7\4\20\0\1\0\4\6\20\0\1\0\0\0\0\0\0\0\0\0\10\rf\0\361\1\0\0"..., 256) = 64
134156 12:54:42.626836 close(10)        = 0
134156 12:54:42.626871 openat(-1, "/sys/bus/pci/devices/0000:08:04.0/class", O_RDONLY) = 10
134156 12:54:42.626916 read(10, "0x060400\n", 15) = 9
134156 12:54:42.626952 close(10)        = 0
134156 12:54:42.626985 openat(-1, "/sys/bus/pci/devices/0000:08:04.0/vendor", O_RDONLY) = 10
134156 12:54:42.627029 read(10, "0x1022\n", 15) = 7
134156 12:54:42.627065 close(10)        = 0
134156 12:54:42.627098 openat(-1, "/sys/bus/pci/devices/0000:08:04.0/device", O_RDONLY) = 10
134156 12:54:42.627142 read(10, "0x43f5\n", 15) = 7
134156 12:54:42.627178 close(10)        = 0
134156 12:54:42.627211 openat(-1, "/sys/bus/pci/devices/0000:08:04.0/subsystem_vendor", O_RDONLY) = 10
134156 12:54:42.627255 read(10, "0x1b21\n", 15) = 7
134156 12:54:42.627291 close(10)        = 0
134156 12:54:42.627324 openat(-1, "/sys/bus/pci/devices/0000:08:04.0/subsystem_device", O_RDONLY) = 10
134156 12:54:42.627368 read(10, "0x3328\n", 15) = 7
134156 12:54:42.627403 close(10)        = 0
134156 12:54:42.627436 openat(-1, "/sys/bus/pci/devices/0000:08:04.0/current_link_speed", O_RDONLY) = 10
134156 12:54:42.627481 read(10, "8.0 GT/s PCIe\n", 15) = 14
134156 12:54:42.627522 close(10)        = 0
134156 12:54:42.627570 openat(-1, "/sys/bus/pci/devices/0000:08:04.0/current_link_width", O_RDONLY) = 10
134156 12:54:42.627616 read(10, "4\n", 15) = 2
134156 12:54:42.627658 close(10)        = 0
134156 12:54:42.627692 openat(-1, "/sys/bus/pci/devices/0000:3b:00.0/config", O_RDONLY) = 10
134156 12:54:42.627739 read(10, "\206\2008\21\2\4\20\0\0000\3\f\20\0\0\0\4\0`\200\0\0\0\0\0\0\0\0\0\0\0\0"..., 256) = 64
134156 12:54:42.716284 close(10)        = 0
134156 12:54:42.716359 openat(-1, "/sys/bus/pci/devices/0000:3b:00.0/class", O_RDONLY) = 10
134156 12:54:42.716439 read(10, "0x0c0330\n", 15) = 9
134156 12:54:42.716484 close(10)        = 0
134156 12:54:42.716524 openat(-1, "/sys/bus/pci/devices/0000:0c:00.0/config", O_RDONLY) = 10
134156 12:54:42.716573 read(10, "!\33\22\6\7\4\20\0\2\1\6\1\20\0\0\0Q\320\0\0A\320\0\0001\320\0\0!\320\0\0"..., 256) = 64
134156 12:54:42.716646 close(10)        = 0
134156 12:54:42.716679 openat(-1, "/sys/bus/pci/devices/0000:0c:00.0/class", O_RDONLY) = 10
134156 12:54:42.716724 read(10, "0x010601\n", 15) = 9
134156 12:54:42.716761 close(10)        = 0
134156 12:54:42.716795 openat(-1, "/sys/bus/pci/devices/0000:0c:00.0/vendor", O_RDONLY) = 10
134156 12:54:42.716840 read(10, "0x1b21\n", 15) = 7
134156 12:54:42.716876 close(10)        = 0
134156 12:54:42.716909 openat(-1, "/sys/bus/pci/devices/0000:0c:00.0/device", O_RDONLY) = 10
134156 12:54:42.716954 read(10, "0x0612\n", 15) = 7
134156 12:54:42.716990 close(10)        = 0
134156 12:54:42.717023 openat(-1, "/sys/bus/pci/devices/0000:0c:00.0/subsystem_vendor", O_RDONLY) = 10
134156 12:54:42.717068 read(10, "0x1043\n", 15) = 7
134156 12:54:42.717104 close(10)        = 0
134156 12:54:42.717137 openat(-1, "/sys/bus/pci/devices/0000:0c:00.0/subsystem_device", O_RDONLY) = 10
134156 12:54:42.717182 read(10, "0x858d\n", 15) = 7
134156 12:54:42.717218 close(10)        = 0
134156 12:54:42.717251 openat(-1, "/sys/bus/pci/devices/0000:0c:00.0/current_link_speed", O_RDONLY) = 10
134156 12:54:42.717295 read(10, "5.0 GT/s PCIe\n", 15) = 14
134156 12:54:42.717339 close(10)        = 0
134156 12:54:42.717373 openat(-1, "/sys/bus/pci/devices/0000:0c:00.0/current_link_width", O_RDONLY) = 10
134156 12:54:42.717418 read(10, "1\n", 15) = 2
134156 12:54:42.717461 close(10)        = 0
134156 12:54:42.717495 openat(-1, "/sys/bus/pci/devices/0000:6c:00.3/config", O_RDONLY) = 10
134156 12:54:42.717540 read(10, "\"\20\266\25\3\4\20\0\0000\3\f\20\0\200\0\4\0000\334\0\0\0\0\0\0\0\0\0\0\0\0"..., 256) = 64
134156 12:54:42.717594 close(10)        = 0
134156 12:54:42.717626 openat(-1, "/sys/bus/pci/devices/0000:6c:00.3/class", O_RDONLY) = 10
134156 12:54:42.717669 read(10, "0x0c0330\n", 15) = 9
134156 12:54:42.717706 close(10)        = 0
134156 12:54:42.717739 openat(-1, "/sys/bus/pci/devices/0000:00:08.0/config", O_RDONLY) = 10
134156 12:54:42.717782 read(10, "\"\20\332\24\0\0\0\0\0\0\0\6\0\0\200\0\0\0\0\0\0\0\0\0\0\0\0\0\0\0\0\0"..., 256) = 64
134156 12:54:42.717832 close(10)        = 0
134156 12:54:42.717865 openat(-1, "/sys/bus/pci/devices/0000:00:08.0/class", O_RDONLY) = 10
134156 12:54:42.717907 read(10, "0x060000\n", 15) = 9
134156 12:54:42.717943 close(10)        = 0
134156 12:54:42.717976 openat(-1, "/sys/bus/pci/devices/0000:00:08.0/vendor", O_RDONLY) = 10
134156 12:54:42.718018 read(10, "0x1022\n", 15) = 7
134156 12:54:42.718054 close(10)        = 0
134156 12:54:42.718087 openat(-1, "/sys/bus/pci/devices/0000:00:08.0/device", O_RDONLY) = 10
134156 12:54:42.718129 read(10, "0x14da\n", 15) = 7
134156 12:54:42.718165 close(10)        = 0
134156 12:54:42.718199 openat(-1, "/sys/bus/pci/devices/0000:00:08.0/subsystem_vendor", O_RDONLY) = 10
134156 12:54:42.718241 read(10, "0x0000\n", 15) = 7
134156 12:54:42.718277 close(10)        = 0
134156 12:54:42.718310 openat(-1, "/sys/bus/pci/devices/0000:00:08.0/subsystem_device", O_RDONLY) = 10
134156 12:54:42.718353 read(10, "0x0000\n", 15) = 7
134156 12:54:42.718388 close(10)        = 0
134156 12:54:42.718422 openat(-1, "/sys/bus/pci/devices/0000:00:08.0/current_link_speed", O_RDONLY) = -1 ENOENT (No such file or directory)
134156 12:54:42.718465 openat(-1, "/sys/bus/pci/devices/0000:00:08.0/current_link_width", O_RDONLY) = -1 ENOENT (No such file or directory)
134156 12:54:42.718507 openat(-1, "/sys/bus/pci/devices/0000:00:18.3/config", O_RDONLY) = 10
134156 12:54:42.718551 read(10, "\"\20\343\24\0\0\0\0\0\0\0\6\0\0\200\0\0\0\0\0\0\0\0\0\0\0\0\0\0\0\0\0"..., 256) = 64
134156 12:54:42.718591 close(10)        = 0
134156 12:54:42.718624 openat(-1, "/sys/bus/pci/devices/0000:00:18.3/class", O_RDONLY) = 10
134156 12:54:42.718666 read(10, "0x060000\n", 15) = 9
134156 12:54:42.718707 close(10)        = 0
134156 12:54:42.718742 openat(-1, "/sys/bus/pci/devices/0000:00:18.3/vendor", O_RDONLY) = 10
134156 12:54:42.718786 read(10, "0x1022\n", 15) = 7
134156 12:54:42.718823 close(10)        = 0
134156 12:54:42.718857 openat(-1, "/sys/bus/pci/devices/0000:00:18.3/device", O_RDONLY) = 10
134156 12:54:42.718901 read(10, "0x14e3\n", 15) = 7
134156 12:54:42.718938 close(10)        = 0
134156 12:54:42.718973 openat(-1, "/sys/bus/pci/devices/0000:00:18.3/subsystem_vendor", O_RDONLY) = 10
134156 12:54:42.719017 read(10, "0x0000\n", 15) = 7
134156 12:54:42.719054 close(10)        = 0
134156 12:54:42.719088 openat(-1, "/sys/bus/pci/devices/0000:00:18.3/subsystem_device", O_RDONLY) = 10
134156 12:54:42.719132 read(10, "0x0000\n", 15) = 7
134156 12:54:42.719169 close(10)        = 0
134156 12:54:42.719203 openat(-1, "/sys/bus/pci/devices/0000:00:18.3/current_link_speed", O_RDONLY) = -1 ENOENT (No such file or directory)
134156 12:54:42.719246 openat(-1, "/sys/bus/pci/devices/0000:00:18.3/current_link_width", O_RDONLY) = -1 ENOENT (No such file or directory)
134156 12:54:42.719289 openat(-1, "/sys/bus/pci/devices/0000:09:00.0/config", O_RDONLY) = 10
134156 12:54:42.719337 read(10, "\206\200%'\6\4\20\0\32\0\200\2\20\0\0\0\4\0\0\200\0\0\0\0\0\0\0\0\0\0\0\0"..., 256) = 64
134156 12:54:42.719412 close(10)        = 0
134156 12:54:42.719446 openat(-1, "/sys/bus/pci/devices/0000:09:00.0/class", O_RDONLY) = 10
134156 12:54:42.719493 read(10, "0x028000\n", 15) = 9
134156 12:54:42.719540 close(10)        = 0
134156 12:54:42.719578 openat(-1, "/sys/bus/pci/devices/0000:09:00.0/vendor", O_RDONLY) = 10
134156 12:54:42.719625 read(10, "0x8086\n", 15) = 7
134156 12:54:42.719668 close(10)        = 0
134156 12:54:42.719701 openat(-1, "/sys/bus/pci/devices/0000:09:00.0/device", O_RDONLY) = 10
134156 12:54:42.719745 read(10, "0x2725\n", 15) = 7
134156 12:54:42.719781 close(10)        = 0
134156 12:54:42.719815 openat(-1, "/sys/bus/pci/devices/0000:09:00.0/subsystem_vendor", O_RDONLY) = 10
134156 12:54:42.719859 read(10, "0x8086\n", 15) = 7
134156 12:54:42.719895 close(10)        = 0
134156 12:54:42.719928 openat(-1, "/sys/bus/pci/devices/0000:09:00.0/subsystem_device", O_RDONLY) = 10
134156 12:54:42.719972 read(10, "0x0024\n", 15) = 7
134156 12:54:42.720008 close(10)        = 0
134156 12:54:42.720041 openat(-1, "/sys/bus/pci/devices/0000:09:00.0/current_link_speed", O_RDONLY) = 10
134156 12:54:42.720088 read(10, "5.0 GT/s PCIe\n", 15) = 14
134156 12:54:42.720131 close(10)        = 0
134156 12:54:42.720164 openat(-1, "/sys/bus/pci/devices/0000:09:00.0/current_link_width", O_RDONLY) = 10
134156 12:54:42.720208 read(10, "1\n", 15) = 2
134156 12:54:42.720251 close(10)        = 0
134156 12:54:42.720285 openat(-1, "/sys/bus/pci/devices/0000:00:01.2/config", O_RDONLY) = 10
134156 12:54:42.720329 read(10, "\"\20\333\24\7\4\20\0\0\0\4\6\20\0\201\0\0\0\0\0\0\0\0\0\0\2\2\0\361\1\0 "..., 256) = 64
134156 12:54:42.720374 close(10)        = 0
134156 12:54:42.720407 openat(-1, "/sys/bus/pci/devices/0000:00:01.2/class", O_RDONLY) = 10
134156 12:54:42.720449 read(10, "0x060400\n", 15) = 9
134156 12:54:42.720485 close(10)        = 0
134156 12:54:42.720518 openat(-1, "/sys/bus/pci/devices/0000:00:01.2/vendor", O_RDONLY) = 10
134156 12:54:42.720560 read(10, "0x1022\n", 15) = 7
134156 12:54:42.720596 close(10)        = 0
134156 12:54:42.720629 openat(-1, "/sys/bus/pci/devices/0000:00:01.2/device", O_RDONLY) = 10
134156 12:54:42.720671 read(10, "0x14db\n", 15) = 7
134156 12:54:42.720707 close(10)        = 0
134156 12:54:42.720740 openat(-1, "/sys/bus/pci/devices/0000:00:01.2/subsystem_vendor", O_RDONLY) = 10
134156 12:54:42.720782 read(10, "0x1043\n", 15) = 7
134156 12:54:42.720818 close(10)        = 0
134156 12:54:42.720851 openat(-1, "/sys/bus/pci/devices/0000:00:01.2/subsystem_device", O_RDONLY) = 10
134156 12:54:42.720894 read(10, "0x8877\n", 15) = 7
134156 12:54:42.720929 close(10)        = 0
134156 12:54:42.720962 openat(-1, "/sys/bus/pci/devices/0000:00:01.2/current_link_speed", O_RDONLY) = 10
134156 12:54:42.721005 read(10, "16.0 GT/s PCIe\n", 15) = 15
134156 12:54:42.721042 close(10)        = 0
134156 12:54:42.721075 openat(-1, "/sys/bus/pci/devices/0000:00:01.2/current_link_width", O_RDONLY) = 10
134156 12:54:42.721118 read(10, "4\n", 15) = 2
134156 12:54:42.721154 close(10)        = 0
134156 12:54:42.721188 openat(-1, "/sys/bus/pci/devices/0000:0e:02.0/config", O_RDONLY) = 10
134156 12:54:42.721233 read(10, "\206\2006\21\6\4\20\0\2\0\4\6 \0\1\0\0\0\0\0\0\0\0\0\16;;\0\361\1\0\0"..., 256) = 64
134156 12:54:42.721312 close(10)        = 0
134156 12:54:42.721346 openat(-1, "/sys/bus/pci/devices/0000:0e:02.0/class", O_RDONLY) = 10
134156 12:54:42.721391 read(10, "0x060400\n", 15) = 9
134156 12:54:42.721427 close(10)        = 0
134156 12:54:42.721460 openat(-1, "/sys/bus/pci/devices/0000:0e:02.0/vendor", O_RDONLY) = 10
134156 12:54:42.721505 read(10, "0x8086\n", 15) = 7
134156 12:54:42.721541 close(10)        = 0
134156 12:54:42.721574 openat(-1, "/sys/bus/pci/devices/0000:0e:02.0/device", O_RDONLY) = 10
134156 12:54:42.721618 read(10, "0x1136\n", 15) = 7
134156 12:54:42.721654 close(10)        = 0
134156 12:54:42.721687 openat(-1, "/sys/bus/pci/devices/0000:0e:02.0/subsystem_vendor", O_RDONLY) = 10
134156 12:54:42.721731 read(10, "0x87f6\n", 15) = 7
134156 12:54:42.721767 close(10)        = 0
134156 12:54:42.721800 openat(-1, "/sys/bus/pci/devices/0000:0e:02.0/subsystem_device", O_RDONLY) = 10
134156 12:54:42.721845 read(10, "0x1043\n", 15) = 7
134156 12:54:42.721880 close(10)        = 0
134156 12:54:42.721914 openat(-1, "/sys/bus/pci/devices/0000:0e:02.0/current_link_speed", O_RDONLY) = 10
134156 12:54:42.721959 read(10, "Unknown\n", 15) = 8
134156 12:54:42.722008 close(10)        = 0
134156 12:54:42.722042 openat(-1, "/sys/bus/pci/devices/0000:0e:02.0/current_link_width", O_RDONLY) = 10
134156 12:54:42.722087 read(10, "4\n", 15) = 2
134156 12:54:42.722134 close(10)        = 0
134156 12:54:42.722167 openat(-1, "/sys/bus/pci/devices/0000:08:0c.0/config", O_RDONLY) = 10
134156 12:54:42.722212 read(10, "\"\20\365C\7\4\20\0\1\0\4\6\20\0\1\0\0\0\0\0\0\0\0\0\10hh\0\360\0\0\0"..., 256) = 64
134156 12:54:42.722271 close(10)        = 0
134156 12:54:42.722303 openat(-1, "/sys/bus/pci/devices/0000:08:0c.0/class", O_RDONLY) = 10
134156 12:54:42.722347 read(10, "0x060400\n", 15) = 9
134156 12:54:42.722383 close(10)        = 0
134156 12:54:42.722424 openat(-1, "/sys/bus/pci/devices/0000:08:0c.0/vendor", O_RDONLY) = 10
134156 12:54:42.722474 read(10, "0x1022\n", 15) = 7
134156 12:54:42.722510 close(10)        = 0
134156 12:54:42.722543 openat(-1, "/sys/bus/pci/devices/0000:08:0c.0/device", O_RDONLY) = 10
134156 12:54:42.722587 read(10, "0x43f5\n", 15) = 7
134156 12:54:42.722623 close(10)        = 0
134156 12:54:42.722655 openat(-1, "/sys/bus/pci/devices/0000:08:0c.0/subsystem_vendor", O_RDONLY) = 10
134156 12:54:42.722699 read(10, "0x1b21\n", 15) = 7
134156 12:54:42.722735 close(10)        = 0
134156 12:54:42.722768 openat(-1, "/sys/bus/pci/devices/0000:08:0c.0/subsystem_device", O_RDONLY) = 10
134156 12:54:42.722812 read(10, "0x3328\n", 15) = 7
134156 12:54:42.722847 close(10)        = 0
134156 12:54:42.722880 openat(-1, "/sys/bus/pci/devices/0000:08:0c.0/current_link_speed", O_RDONLY) = 10
134156 12:54:42.722924 read(10, "2.5 GT/s PCIe\n", 15) = 14
134156 12:54:42.722967 close(10)        = 0
134156 12:54:42.722999 openat(-1, "/sys/bus/pci/devices/0000:08:0c.0/current_link_width", O_RDONLY) = 10
134156 12:54:42.723044 read(10, "1\n", 15) = 2
134156 12:54:42.723085 close(10)        = 0
134156 12:54:42.723119 openat(-1, "/sys/bus/pci/devices/0000:6c:00.1/config", O_RDONLY) = 10
134156 12:54:42.723163 read(10, "\2\20@\26\6\4\20\0\0\0\3\4\20\0\200\0\0\0X\334\0\0\0\0\0\0\0\0\0\0\0\0"..., 256) = 64
134156 12:54:42.723220 close(10)        = 0
134156 12:54:42.723253 openat(-1, "/sys/bus/pci/devices/0000:6c:00.1/class", O_RDONLY) = 10
134156 12:54:42.723296 read(10, "0x040300\n", 15) = 9
134156 12:54:42.723331 close(10)        = 0
134156 12:54:42.723365 openat(-1, "/sys/bus/pci/devices/0000:00:18.1/config", O_RDONLY) = 10
134156 12:54:42.723409 read(10, "\"\20\341\24\0\0\0\0\0\0\0\6\0\0\200\0\0\0\0\0\0\0\0\0\0\0\0\0\0\0\0\0"..., 256) = 64
134156 12:54:42.723450 close(10)        = 0
134156 12:54:42.723482 openat(-1, "/sys/bus/pci/devices/0000:00:18.1/class", O_RDONLY) = 10
134156 12:54:42.723525 read(10, "0x060000\n", 15) = 9
134156 12:54:42.723566 close(10)        = 0
134156 12:54:42.723600 openat(-1, "/sys/bus/pci/devices/0000:00:18.1/vendor", O_RDONLY) = 10
134156 12:54:42.723642 read(10, "0x1022\n", 15) = 7
134156 12:54:42.723678 close(10)        = 0
134156 12:54:42.723711 openat(-1, "/sys/bus/pci/devices/0000:00:18.1/device", O_RDONLY) = 10
134156 12:54:42.723754 read(10, "0x14e1\n", 15) = 7
134156 12:54:42.723789 close(10)        = 0
134156 12:54:42.723822 openat(-1, "/sys/bus/pci/devices/0000:00:18.1/subsystem_vendor", O_RDONLY) = 10
134156 12:54:42.723865 read(10, "0x0000\n", 15) = 7
134156 12:54:42.723901 close(10)        = 0
134156 12:54:42.723934 openat(-1, "/sys/bus/pci/devices/0000:00:18.1/subsystem_device", O_RDONLY) = 10
134156 12:54:42.723976 read(10, "0x0000\n", 15) = 7
134156 12:54:42.724012 close(10)        = 0
134156 12:54:42.724045 openat(-1, "/sys/bus/pci/devices/0000:00:18.1/current_link_speed", O_RDONLY) = -1 ENOENT (No such file or directory)
134156 12:54:42.724087 openat(-1, "/sys/bus/pci/devices/0000:00:18.1/current_link_width", O_RDONLY) = -1 ENOENT (No such file or directory)
134156 12:54:42.724128 openat(-1, "/sys/bus/pci/devices/0000:02:00.0/config", O_RDONLY) = 10
134156 12:54:42.724172 read(10, "M\24\f\250\6\4\21\0\0\2\10\1\20\0\0\0\4\0p\334\0\0\0\0\0\0\0\0\0\0\0\0"..., 256) = 64
134156 12:54:42.724366 close(10)        = 0
134156 12:54:42.724400 openat(-1, "/sys/bus/pci/devices/0000:02:00.0/class", O_RDONLY) = 10
134156 12:54:42.724443 read(10, "0x010802\n", 15) = 9
134156 12:54:42.724479 close(10)        = 0
134156 12:54:42.724512 openat(-1, "/sys/bus/pci/devices/0000:02:00.0/vendor", O_RDONLY) = 10
134156 12:54:42.724555 read(10, "0x144d\n", 15) = 7
134156 12:54:42.724591 close(10)        = 0
134156 12:54:42.724624 openat(-1, "/sys/bus/pci/devices/0000:02:00.0/device", O_RDONLY) = 10
134156 12:54:42.724666 read(10, "0xa80c\n", 15) = 7
134156 12:54:42.724702 close(10)        = 0
134156 12:54:42.724735 openat(-1, "/sys/bus/pci/devices/0000:02:00.0/subsystem_vendor", O_RDONLY) = 10
134156 12:54:42.724778 read(10, "0x144d\n", 15) = 7
134156 12:54:42.724814 close(10)        = 0
134156 12:54:42.724849 openat(-1, "/sys/bus/pci/devices/0000:02:00.0/subsystem_device", O_RDONLY) = 10
134156 12:54:42.724892 read(10, "0xa801\n", 15) = 7
134156 12:54:42.724927 close(10)        = 0
134156 12:54:42.724960 openat(-1, "/sys/bus/pci/devices/0000:02:00.0/current_link_speed", O_RDONLY) = 10
134156 12:54:42.725003 read(10, "16.0 GT/s PCIe\n", 15) = 15
134156 12:54:42.725182 close(10)        = 0
134156 12:54:42.725215 openat(-1, "/sys/bus/pci/devices/0000:02:00.0/current_link_width", O_RDONLY) = 10
134156 12:54:42.725258 read(10, "4\n", 15) = 2
134156 12:54:42.725438 close(10)        = 0
134156 12:54:42.725472 openat(-1, "/sys/bus/pci/devices/0000:00:01.0/config", O_RDONLY) = 10
134156 12:54:42.725515 read(10, "\"\20\332\24\0\0\0\0\0\0\0\6\0\0\200\0\0\0\0\0\0\0\0\0\0\0\0\0\0\0\0\0"..., 256) = 64
134156 12:54:42.725558 close(10)        = 0
134156 12:54:42.725591 openat(-1, "/sys/bus/pci/devices/0000:00:01.0/class", O_RDONLY) = 10
134156 12:54:42.725633 read(10, "0x060000\n", 15) = 9
134156 12:54:42.725669 close(10)        = 0
134156 12:54:42.725702 openat(-1, "/sys/bus/pci/devices/0000:00:01.0/vendor", O_RDONLY) = 10
134156 12:54:42.725745 read(10, "0x1022\n", 15) = 7
134156 12:54:42.725780 close(10)        = 0
134156 12:54:42.725813 openat(-1, "/sys/bus/pci/devices/0000:00:01.0/device", O_RDONLY) = 10
134156 12:54:42.725856 read(10, "0x14da\n", 15) = 7
134156 12:54:42.725891 close(10)        = 0
134156 12:54:42.725924 openat(-1, "/sys/bus/pci/devices/0000:00:01.0/subsystem_vendor", O_RDONLY) = 10
134156 12:54:42.725967 read(10, "0x0000\n", 15) = 7
134156 12:54:42.726002 close(10)        = 0
134156 12:54:42.726035 openat(-1, "/sys/bus/pci/devices/0000:00:01.0/subsystem_device", O_RDONLY) = 10
134156 12:54:42.726078 read(10, "0x0000\n", 15) = 7
134156 12:54:42.726114 close(10)        = 0
134156 12:54:42.726147 openat(-1, "/sys/bus/pci/devices/0000:00:01.0/current_link_speed", O_RDONLY) = -1 ENOENT (No such file or directory)
134156 12:54:42.726188 openat(-1, "/sys/bus/pci/devices/0000:00:01.0/current_link_width", O_RDONLY) = -1 ENOENT (No such file or directory)
134156 12:54:42.726229 openat(-1, "/sys/bus/pci/devices/0000:08:00.0/config", O_RDONLY) = 10
134156 12:54:42.726273 read(10, "\"\20\365C\7\4\20\0\1\0\4\6\20\0\1\0\0\0\0\0\0\0\0\0\10\t\t\0\361\1\0\0"..., 256) = 64
134156 12:54:42.726332 close(10)        = 0
134156 12:54:42.726365 openat(-1, "/sys/bus/pci/devices/0000:08:00.0/class", O_RDONLY) = 10
134156 12:54:42.726409 read(10, "0x060400\n", 15) = 9
134156 12:54:42.726445 close(10)        = 0
134156 12:54:42.726478 openat(-1, "/sys/bus/pci/devices/0000:08:00.0/vendor", O_RDONLY) = 10
134156 12:54:42.726522 read(10, "0x1022\n", 15) = 7
134156 12:54:42.726558 close(10)        = 0
134156 12:54:42.726591 openat(-1, "/sys/bus/pci/devices/0000:08:00.0/device", O_RDONLY) = 10
134156 12:54:42.726635 read(10, "0x43f5\n", 15) = 7
134156 12:54:42.726671 close(10)        = 0
134156 12:54:42.726704 openat(-1, "/sys/bus/pci/devices/0000:08:00.0/subsystem_vendor", O_RDONLY) = 10
134156 12:54:42.726748 read(10, "0x1b21\n", 15) = 7
134156 12:54:42.726784 close(10)        = 0
134156 12:54:42.726817 openat(-1, "/sys/bus/pci/devices/0000:08:00.0/subsystem_device", O_RDONLY) = 10
134156 12:54:42.726861 read(10, "0x3328\n", 15) = 7
134156 12:54:42.726897 close(10)        = 0
134156 12:54:42.726930 openat(-1, "/sys/bus/pci/devices/0000:08:00.0/current_link_speed", O_RDONLY) = 10
134156 12:54:42.726974 read(10, "5.0 GT/s PCIe\n", 15) = 14
134156 12:54:42.727015 close(10)        = 0
134156 12:54:42.727048 openat(-1, "/sys/bus/pci/devices/0000:08:00.0/current_link_width", O_RDONLY) = 10
134156 12:54:42.727093 read(10, "1\n", 15) = 2
134156 12:54:42.727134 close(10)        = 0
134156 12:54:42.727168 openat(-1, "/sys/bus/pci/devices/0000:00:04.0/config", O_RDONLY) = 10
134156 12:54:42.727211 read(10, "\"\20\332\24\0\0\0\0\0\0\0\6\0\0\200\0\0\0\0\0\0\0\0\0\0\0\0\0\0\0\0\0"..., 256) = 64
134156 12:54:42.727254 close(10)        = 0
134156 12:54:42.727286 openat(-1, "/sys/bus/pci/devices/0000:00:04.0/class", O_RDONLY) = 10
134156 12:54:42.727329 read(10, "0x060000\n", 15) = 9
134156 12:54:42.727366 close(10)        = 0
134156 12:54:42.727399 openat(-1, "/sys/bus/pci/devices/0000:00:04.0/vendor", O_RDONLY) = 10
134156 12:54:42.727442 read(10, "0x1022\n", 15) = 7
134156 12:54:42.727478 close(10)        = 0
134156 12:54:42.727511 openat(-1, "/sys/bus/pci/devices/0000:00:04.0/device", O_RDONLY) = 10
134156 12:54:42.727564 read(10, "0x14da\n", 15) = 7
134156 12:54:42.727601 close(10)        = 0
134156 12:54:42.727634 openat(-1, "/sys/bus/pci/devices/0000:00:04.0/subsystem_vendor", O_RDONLY) = 10
134156 12:54:42.727676 read(10, "0x0000\n", 15) = 7
134156 12:54:42.727712 close(10)        = 0
134156 12:54:42.727745 openat(-1, "/sys/bus/pci/devices/0000:00:04.0/subsystem_device", O_RDONLY) = 10
134156 12:54:42.727788 read(10, "0x0000\n", 15) = 7
134156 12:54:42.727823 close(10)        = 0
134156 12:54:42.727856 openat(-1, "/sys/bus/pci/devices/0000:00:04.0/current_link_speed", O_RDONLY) = -1 ENOENT (No such file or directory)
134156 12:54:42.727898 openat(-1, "/sys/bus/pci/devices/0000:00:04.0/current_link_width", O_RDONLY) = -1 ENOENT (No such file or directory)
134156 12:54:42.727939 openat(-1, "/sys/bus/pci/devices/0000:05:08.0/config", O_RDONLY) = 10
134156 12:54:42.727983 read(10, "\"\20\365C\7\4\20\0\1\0\4\6\20\0\1\0\0\0\0\0\0\0\0\0\5\7i\0\321\321\0\0"..., 256) = 64
134156 12:54:42.728035 close(10)        = 0
134156 12:54:42.728068 openat(-1, "/sys/bus/pci/devices/0000:05:08.0/class", O_RDONLY) = 10
134156 12:54:42.728111 read(10, "0x060400\n", 15) = 9
134156 12:54:42.728146 close(10)        = 0
134156 12:54:42.728179 openat(-1, "/sys/bus/pci/devices/0000:05:08.0/vendor", O_RDONLY) = 10
134156 12:54:42.728223 read(10, "0x1022\n", 15) = 7
134156 12:54:42.728258 close(10)        = 0
134156 12:54:42.728291 openat(-1, "/sys/bus/pci/devices/0000:05:08.0/device", O_RDONLY) = 10
134156 12:54:42.728334 read(10, "0x43f5\n", 15) = 7
134156 12:54:42.728370 close(10)        = 0
134156 12:54:42.728403 openat(-1, "/sys/bus/pci/devices/0000:05:08.0/subsystem_vendor", O_RDONLY) = 10
134156 12:54:42.728446 read(10, "0x1b21\n", 15) = 7
134156 12:54:42.728482 close(10)        = 0
134156 12:54:42.728515 openat(-1, "/sys/bus/pci/devices/0000:05:08.0/subsystem_device", O_RDONLY) = 10
134156 12:54:42.728559 read(10, "0x3328\n", 15) = 7
134156 12:54:42.728595 close(10)        = 0
134156 12:54:42.728628 openat(-1, "/sys/bus/pci/devices/0000:05:08.0/current_link_speed", O_RDONLY) = 10
134156 12:54:42.728671 read(10, "16.0 GT/s PCIe\n", 15) = 15
134156 12:54:42.728712 close(10)        = 0
134156 12:54:42.728745 openat(-1, "/sys/bus/pci/devices/0000:05:08.0/current_link_width", O_RDONLY) = 10
134156 12:54:42.728788 read(10, "4\n", 15) = 2
134156 12:54:42.728829 close(10)        = 0
134156 12:54:42.728863 openat(-1, "/sys/bus/pci/devices/0000:00:14.3/config", O_RDONLY) = 10
134156 12:54:42.728906 read(10, "\"\20\16y\17\0 \2Q\0\1\6\0\0\200\0\0\0\0\0\0\0\0\0\0\0\0\0\0\0\0\0"..., 256) = 64
134156 12:54:42.728962 close(10)        = 0
134156 12:54:42.728994 openat(-1, "/sys/bus/pci/devices/0000:00:14.3/class", O_RDONLY) = 10
134156 12:54:42.729037 read(10, "0x060100\n", 15) = 9
134156 12:54:42.729073 close(10)        = 0
134156 12:54:42.729106 openat(-1, "/sys/bus/pci/devices/0000:00:14.3/vendor", O_RDONLY) = 10
134156 12:54:42.729148 read(10, "0x1022\n", 15) = 7
134156 12:54:42.729184 close(10)        = 0
134156 12:54:42.729217 openat(-1, "/sys/bus/pci/devices/0000:00:14.3/device", O_RDONLY) = 10
134156 12:54:42.729259 read(10, "0x790e\n", 15) = 7
134156 12:54:42.729295 close(10)        = 0
134156 12:54:42.729328 openat(-1, "/sys/bus/pci/devices/0000:00:14.3/subsystem_vendor", O_RDONLY) = 10
134156 12:54:42.729370 read(10, "0x1043\n", 15) = 7
134156 12:54:42.729406 close(10)        = 0
134156 12:54:42.729439 openat(-1, "/sys/bus/pci/devices/0000:00:14.3/subsystem_device", O_RDONLY) = 10
134156 12:54:42.729481 read(10, "0x8877\n", 15) = 7
134156 12:54:42.729517 close(10)        = 0
134156 12:54:42.729550 openat(-1, "/sys/bus/pci/devices/0000:00:14.3/current_link_speed", O_RDONLY) = -1 ENOENT (No such file or directory)
134156 12:54:42.729594 openat(-1, "/sys/bus/pci/devices/0000:00:14.3/current_link_width", O_RDONLY) = -1 ENOENT (No such file or directory)
134156 12:54:42.729636 openat(-1, "/sys/bus/pci/devices/0000:05:0d.0/config", O_RDONLY) = 10
134156 12:54:42.729680 read(10, "\"\20\365C\7\4\20\0\1\0\4\6\20\0\1\0\0\0\0\0\0\0\0\0\5kk\0\360\0\0\0"..., 256) = 64
134156 12:54:42.729732 close(10)        = 0
134156 12:54:42.729764 openat(-1, "/sys/bus/pci/devices/0000:05:0d.0/class", O_RDONLY) = 10
134156 12:54:42.729808 read(10, "0x060400\n", 15) = 9
134156 12:54:42.729843 close(10)        = 0
134156 12:54:42.729876 openat(-1, "/sys/bus/pci/devices/0000:05:0d.0/vendor", O_RDONLY) = 10
134156 12:54:42.729919 read(10, "0x1022\n", 15) = 7
134156 12:54:42.729955 close(10)        = 0
134156 12:54:42.729988 openat(-1, "/sys/bus/pci/devices/0000:05:0d.0/device", O_RDONLY) = 10
134156 12:54:42.730031 read(10, "0x43f5\n", 15) = 7
134156 12:54:42.730067 close(10)        = 0
134156 12:54:42.730100 openat(-1, "/sys/bus/pci/devices/0000:05:0d.0/subsystem_vendor", O_RDONLY) = 10
134156 12:54:42.730143 read(10, "0x1b21\n", 15) = 7
134156 12:54:42.730179 close(10)        = 0
134156 12:54:42.730212 openat(-1, "/sys/bus/pci/devices/0000:05:0d.0/subsystem_device", O_RDONLY) = 10
134156 12:54:42.730255 read(10, "0x3328\n", 15) = 7
134156 12:54:42.730291 close(10)        = 0
134156 12:54:42.730324 openat(-1, "/sys/bus/pci/devices/0000:05:0d.0/current_link_speed", O_RDONLY) = 10
134156 12:54:42.730367 read(10, "2.5 GT/s PCIe\n", 15) = 14
134156 12:54:42.730408 close(10)        = 0
134156 12:54:42.730441 openat(-1, "/sys/bus/pci/devices/0000:05:0d.0/current_link_width", O_RDONLY) = 10
134156 12:54:42.730484 read(10, "1\n", 15) = 2
134156 12:54:42.730525 close(10)        = 0
134156 12:54:42.730558 openat(-1, "/sys/bus/pci/devices/0000:08:03.0/config", O_RDONLY) = 10
134156 12:54:42.730602 read(10, "\"\20\365C\7\4\20\0\1\0\4\6\20\0\1\0\0\0\0\0\0\0\0\0\10\f\f\0\321\321\0\0"..., 256) = 64
134156 12:54:42.730661 close(10)        = 0
134156 12:54:42.730693 openat(-1, "/sys/bus/pci/devices/0000:08:03.0/class", O_RDONLY) = 10
134156 12:54:42.730737 read(10, "0x060400\n", 15) = 9
134156 12:54:42.730774 close(10)        = 0
134156 12:54:42.730807 openat(-1, "/sys/bus/pci/devices/0000:08:03.0/vendor", O_RDONLY) = 10
134156 12:54:42.730850 read(10, "0x1022\n", 15) = 7
134156 12:54:42.730886 close(10)        = 0
134156 12:54:42.730919 openat(-1, "/sys/bus/pci/devices/0000:08:03.0/device", O_RDONLY) = 10
134156 12:54:42.730963 read(10, "0x43f5\n", 15) = 7
134156 12:54:42.730998 close(10)        = 0
134156 12:54:42.731031 openat(-1, "/sys/bus/pci/devices/0000:08:03.0/subsystem_vendor", O_RDONLY) = 10
134156 12:54:42.731075 read(10, "0x1b21\n", 15) = 7
134156 12:54:42.731111 close(10)        = 0
134156 12:54:42.731144 openat(-1, "/sys/bus/pci/devices/0000:08:03.0/subsystem_device", O_RDONLY) = 10
134156 12:54:42.731188 read(10, "0x3328\n", 15) = 7
134156 12:54:42.731224 close(10)        = 0
134156 12:54:42.731257 openat(-1, "/sys/bus/pci/devices/0000:08:03.0/current_link_speed", O_RDONLY) = 10
134156 12:54:42.731301 read(10, "5.0 GT/s PCIe\n", 15) = 14
134156 12:54:42.731342 close(10)        = 0
134156 12:54:42.731375 openat(-1, "/sys/bus/pci/devices/0000:08:03.0/current_link_width", O_RDONLY) = 10
134156 12:54:42.731419 read(10, "1\n", 15) = 2
134156 12:54:42.731461 close(10)        = 0
134156 12:54:42.731494 openat(-1, "/sys/bus/pci/devices/0000:01:00.0/config", O_RDONLY) = 10
134156 12:54:42.731550 read(10, "\336\20\204&\7\4\20\0\241\0\0\3\0\0\200\0\0\0\0\333\f\0\0\0\360\0\0\0\f\0\0\0"..., 256) = 64
134156 12:54:42.731600 close(10)        = 0
134156 12:54:42.731633 openat(-1, "/sys/bus/pci/devices/0000:01:00.0/class", O_RDONLY) = 10
134156 12:54:42.731676 read(10, "0x030000\n", 15) = 9
134156 12:54:42.731712 close(10)        = 0
134156 12:54:42.731752 openat(-1, "/sys/bus/pci/devices/0000:01:00.0/vendor", O_RDONLY) = 10
134156 12:54:42.731797 read(10, "0x10de\n", 15) = 7
134156 12:54:42.731834 close(10)        = 0
134156 12:54:42.731868 openat(-1, "/sys/bus/pci/devices/0000:01:00.0/device", O_RDONLY) = 10
134156 12:54:42.731915 read(10, "0x2684\n", 15) = 7
134156 12:54:42.731952 close(10)        = 0
134156 12:54:42.731986 openat(-1, "/sys/bus/pci/devices/0000:01:00.0/subsystem_vendor", O_RDONLY) = 10
134156 12:54:42.732031 read(10, "0x1043\n", 15) = 7
134156 12:54:42.732068 close(10)        = 0
134156 12:54:42.732102 openat(-1, "/sys/bus/pci/devices/0000:01:00.0/subsystem_device", O_RDONLY) = 10
134156 12:54:42.732146 read(10, "0x88ef\n", 15) = 7
134156 12:54:42.732183 close(10)        = 0
134156 12:54:42.732217 openat(-1, "/sys/bus/pci/devices/0000:01:00.0/current_link_speed", O_RDONLY) = 10
134156 12:54:42.732261 read(10, "16.0 GT/s PCIe\n", 15) = 15
134156 12:54:42.732299 close(10)        = 0
134156 12:54:42.732333 openat(-1, "/sys/bus/pci/devices/0000:01:00.0/current_link_width", O_RDONLY) = 10
134156 12:54:42.732378 read(10, "8\n", 15) = 2
134156 12:54:42.732415 close(10)        = 0
134156 12:54:42.732450 openat(-1, "/sys/bus/pci/devices/0000:00:02.1/config", O_RDONLY) = 10
134156 12:54:42.732494 read(10, "\"\20\333\24\7\4\20\0\0\0\4\6\20\0\201\0\0\0\0\0\0\0\0\0\0\4k\0\321\321\0 "..., 256) = 64
134156 12:54:42.732540 close(10)        = 0
134156 12:54:42.732574 openat(-1, "/sys/bus/pci/devices/0000:00:02.1/class", O_RDONLY) = 10
134156 12:54:42.732618 read(10, "0x060400\n", 15) = 9
134156 12:54:42.732655 close(10)        = 0
134156 12:54:42.732689 openat(-1, "/sys/bus/pci/devices/0000:00:02.1/vendor", O_RDONLY) = 10
134156 12:54:42.732733 read(10, "0x1022\n", 15) = 7
134156 12:54:42.732770 close(10)        = 0
134156 12:54:42.732804 openat(-1, "/sys/bus/pci/devices/0000:00:02.1/device", O_RDONLY) = 10
134156 12:54:42.732848 read(10, "0x14db\n", 15) = 7
134156 12:54:42.732885 close(10)        = 0
134156 12:54:42.732919 openat(-1, "/sys/bus/pci/devices/0000:00:02.1/subsystem_vendor", O_RDONLY) = 10
134156 12:54:42.732963 read(10, "0x1043\n", 15) = 7
134156 12:54:42.733000 close(10)        = 0
134156 12:54:42.733034 openat(-1, "/sys/bus/pci/devices/0000:00:02.1/subsystem_device", O_RDONLY) = 10
134156 12:54:42.733078 read(10, "0x8877\n", 15) = 7
134156 12:54:42.733115 close(10)        = 0
134156 12:54:42.733149 openat(-1, "/sys/bus/pci/devices/0000:00:02.1/current_link_speed", O_RDONLY) = 10
134156 12:54:42.733193 read(10, "16.0 GT/s PCIe\n", 15) = 15
134156 12:54:42.733231 close(10)        = 0
134156 12:54:42.733265 openat(-1, "/sys/bus/pci/devices/0000:00:02.1/current_link_width", O_RDONLY) = 10
134156 12:54:42.733309 read(10, "4\n", 15) = 2
134156 12:54:42.733347 close(10)        = 0
134156 12:54:42.733381 openat(-1, "/sys/bus/pci/devices/0000:0a:00.0/config", O_RDONLY) = 10
134156 12:54:42.733428 read(10, "\206\200\363\25\6\4\20\0\3\0\0\2\20\0\0\0\0\0\20\200\0\0\0\0\0\0\0\0\0\0 \200"..., 256) = 64
134156 12:54:42.733501 close(10)        = 0
134156 12:54:42.733534 openat(-1, "/sys/bus/pci/devices/0000:0a:00.0/class", O_RDONLY) = 10
134156 12:54:42.733580 read(10, "0x020000\n", 15) = 9
134156 12:54:42.733617 close(10)        = 0
134156 12:54:42.733652 openat(-1, "/sys/bus/pci/devices/0000:0a:00.0/vendor", O_RDONLY) = 10
134156 12:54:42.733703 read(10, "0x8086\n", 15) = 7
134156 12:54:42.733739 close(10)        = 0
134156 12:54:42.733772 openat(-1, "/sys/bus/pci/devices/0000:0a:00.0/device", O_RDONLY) = 10
134156 12:54:42.733816 read(10, "0x15f3\n", 15) = 7
134156 12:54:42.733852 close(10)        = 0
134156 12:54:42.733885 openat(-1, "/sys/bus/pci/devices/0000:0a:00.0/subsystem_vendor", O_RDONLY) = 10
134156 12:54:42.733929 read(10, "0x1043\n", 15) = 7
134156 12:54:42.733965 close(10)        = 0
134156 12:54:42.733998 openat(-1, "/sys/bus/pci/devices/0000:0a:00.0/subsystem_device", O_RDONLY) = 10
134156 12:54:42.734043 read(10, "0x87d2\n", 15) = 7
134156 12:54:42.734078 close(10)        = 0
134156 12:54:42.734111 openat(-1, "/sys/bus/pci/devices/0000:0a:00.0/current_link_speed", O_RDONLY) = 10
134156 12:54:42.734155 read(10, "5.0 GT/s PCIe\n", 15) = 14
134156 12:54:42.734198 close(10)        = 0
134156 12:54:42.734231 openat(-1, "/sys/bus/pci/devices/0000:0a:00.0/current_link_width", O_RDONLY) = 10
134156 12:54:42.734277 read(10, "1\n", 15) = 2
134156 12:54:42.734319 close(10)        = 0
134156 12:54:42.734353 openat(-1, "/sys/bus/pci/devices/0000:07:00.0/config", O_RDONLY) = 10
134156 12:54:42.734397 read(10, "\"\20\364C\7\4\20\0\1\0\4\6\20\0\1\0\0\0\0\0\0\0\0\0\7\10i\0\321\321\0\0"..., 256) = 64
134156 12:54:42.734455 close(10)        = 0
134156 12:54:42.734488 openat(-1, "/sys/bus/pci/devices/0000:07:00.0/class", O_RDONLY) = 10
134156 12:54:42.734532 read(10, "0x060400\n", 15) = 9
134156 12:54:42.734567 close(10)        = 0
134156 12:54:42.734603 openat(-1, "/sys/bus/pci/devices/0000:07:00.0/vendor", O_RDONLY) = 10
134156 12:54:42.734646 read(10, "0x1022\n", 15) = 7
134156 12:54:42.734682 close(10)        = 0
134156 12:54:42.734715 openat(-1, "/sys/bus/pci/devices/0000:07:00.0/device", O_RDONLY) = 10
134156 12:54:42.734758 read(10, "0x43f4\n", 15) = 7
134156 12:54:42.734794 close(10)        = 0
134156 12:54:42.734827 openat(-1, "/sys/bus/pci/devices/0000:07:00.0/subsystem_vendor", O_RDONLY) = 10
134156 12:54:42.734870 read(10, "0x1b21\n", 15) = 7
134156 12:54:42.734906 close(10)        = 0
134156 12:54:42.734938 openat(-1, "/sys/bus/pci/devices/0000:07:00.0/subsystem_device", O_RDONLY) = 10
134156 12:54:42.734982 read(10, "0x3328\n", 15) = 7
134156 12:54:42.735018 close(10)        = 0
134156 12:54:42.735051 openat(-1, "/sys/bus/pci/devices/0000:07:00.0/current_link_speed", O_RDONLY) = 10
134156 12:54:42.735095 read(10, "16.0 GT/s PCIe\n", 15) = 15
134156 12:54:42.735137 close(10)        = 0
134156 12:54:42.735170 openat(-1, "/sys/bus/pci/devices/0000:07:00.0/current_link_width", O_RDONLY) = 10
134156 12:54:42.735213 read(10, "4\n", 15) = 2
134156 12:54:42.735255 close(10)        = 0
134156 12:54:42.735288 openat(-1, "/sys/bus/pci/devices/0000:00:00.2/config", O_RDONLY) = 10
134156 12:54:42.735332 read(10, "\"\20\331\24\4\4\20\0\0\0\6\10\0\0\200\0\0\0\0\0\0\0\0\0\0\0\0\0\0\0\0\0"..., 256) = 64
134156 12:54:42.735374 close(10)        = 0
134156 12:54:42.735407 openat(-1, "/sys/bus/pci/devices/0000:00:00.2/class", O_RDONLY) = 10
134156 12:54:42.735449 read(10, "0x080600\n", 15) = 9
134156 12:54:42.735485 close(10)        = 0
134156 12:54:42.735518 openat(-1, "/sys/bus/pci/devices/0000:00:08.3/config", O_RDONLY) = 10
134156 12:54:42.735572 read(10, "\"\20\335\24\7\4\20\0\0\0\4\6\20\0\201\0\0\0\0\0\0\0\0\0\0mm\0\361\1\0\0"..., 256) = 64
134156 12:54:42.735620 close(10)        = 0
134156 12:54:42.735653 openat(-1, "/sys/bus/pci/devices/0000:00:08.3/class", O_RDONLY) = 10
134156 12:54:42.735695 read(10, "0x060400\n", 15) = 9
134156 12:54:42.735731 close(10)        = 0
134156 12:54:42.735764 openat(-1, "/sys/bus/pci/devices/0000:00:08.3/vendor", O_RDONLY) = 10
134156 12:54:42.735806 read(10, "0x1022\n", 15) = 7
134156 12:54:42.735842 close(10)        = 0
134156 12:54:42.735875 openat(-1, "/sys/bus/pci/devices/0000:00:08.3/device", O_RDONLY) = 10
134156 12:54:42.735917 read(10, "0x14dd\n", 15) = 7
134156 12:54:42.735953 close(10)        = 0
134156 12:54:42.735986 openat(-1, "/sys/bus/pci/devices/0000:00:08.3/subsystem_vendor", O_RDONLY) = 10
134156 12:54:42.736029 read(10, "0x1043\n", 15) = 7
134156 12:54:42.736064 close(10)        = 0
134156 12:54:42.736097 openat(-1, "/sys/bus/pci/devices/0000:00:08.3/subsystem_device", O_RDONLY) = 10
134156 12:54:42.736139 read(10, "0x8877\n", 15) = 7
134156 12:54:42.736176 close(10)        = 0
134156 12:54:42.736209 openat(-1, "/sys/bus/pci/devices/0000:00:08.3/current_link_speed", O_RDONLY) = 10
134156 12:54:42.736252 read(10, "16.0 GT/s PCIe\n", 15) = 15
134156 12:54:42.736293 close(10)        = 0
134156 12:54:42.736326 openat(-1, "/sys/bus/pci/devices/0000:00:08.3/current_link_width", O_RDONLY) = 10
134156 12:54:42.736369 read(10, "16\n", 15) = 3
134156 12:54:42.736405 close(10)        = 0
134156 12:54:42.736439 openat(-1, "/sys/bus/pci/devices/0000:0e:01.0/config", O_RDONLY) = 10
134156 12:54:42.736485 read(10, "\206\2006\21\7\4\20\0\2\0\4\6 \0\1\0\0\0\0\0\0\0\0\0\16\20:\0\361\1\0\0"..., 256) = 64
134156 12:54:42.736553 close(10)        = 0
134156 12:54:42.736588 openat(-1, "/sys/bus/pci/devices/0000:0e:01.0/class", O_RDONLY) = 10
134156 12:54:42.736632 read(10, "0x060400\n", 15) = 9
134156 12:54:42.736668 close(10)        = 0
134156 12:54:42.736701 openat(-1, "/sys/bus/pci/devices/0000:0e:01.0/vendor", O_RDONLY) = 10
134156 12:54:42.736752 read(10, "0x8086\n", 15) = 7
134156 12:54:42.736789 close(10)        = 0
134156 12:54:42.736823 openat(-1, "/sys/bus/pci/devices/0000:0e:01.0/device", O_RDONLY) = 10
134156 12:54:42.736869 read(10, "0x1136\n", 15) = 7
134156 12:54:42.736906 close(10)        = 0
134156 12:54:42.736940 openat(-1, "/sys/bus/pci/devices/0000:0e:01.0/subsystem_vendor", O_RDONLY) = 10
134156 12:54:42.736986 read(10, "0x87f6\n", 15) = 7
134156 12:54:42.737023 close(10)        = 0
134156 12:54:42.737057 openat(-1, "/sys/bus/pci/devices/0000:0e:01.0/subsystem_device", O_RDONLY) = 10
134156 12:54:42.737103 read(10, "0x1043\n", 15) = 7
134156 12:54:42.737140 close(10)        = 0
134156 12:54:42.737174 openat(-1, "/sys/bus/pci/devices/0000:0e:01.0/current_link_speed", O_RDONLY) = 10
134156 12:54:42.737221 read(10, "2.5 GT/s PCIe\n", 15) = 14
134156 12:54:42.737264 close(10)        = 0
134156 12:54:42.737298 openat(-1, "/sys/bus/pci/devices/0000:0e:01.0/current_link_width", O_RDONLY) = 10
134156 12:54:42.737344 read(10, "4\n", 15) = 2
134156 12:54:42.737388 close(10)        = 0
134156 12:54:42.737423 openat(-1, "/sys/bus/pci/devices/0000:00:18.6/config", O_RDONLY) = 10
134156 12:54:42.737467 read(10, "\"\20\346\24\0\0\0\0\0\0\0\6\0\0\200\0\0\0\0\0\0\0\0\0\0\0\0\0\0\0\0\0"..., 256) = 64
134156 12:54:42.737509 close(10)        = 0
134156 12:54:42.737543 openat(-1, "/sys/bus/pci/devices/0000:00:18.6/class", O_RDONLY) = 10
134156 12:54:42.737586 read(10, "0x060000\n", 15) = 9
134156 12:54:42.737623 close(10)        = 0
134156 12:54:42.737658 openat(-1, "/sys/bus/pci/devices/0000:00:18.6/vendor", O_RDONLY) = 10
134156 12:54:42.737707 read(10, "0x1022\n", 15) = 7
134156 12:54:42.737743 close(10)        = 0
134156 12:54:42.737776 openat(-1, "/sys/bus/pci/devices/0000:00:18.6/device", O_RDONLY) = 10
134156 12:54:42.737818 read(10, "0x14e6\n", 15) = 7
134156 12:54:42.737854 close(10)        = 0
134156 12:54:42.737887 openat(-1, "/sys/bus/pci/devices/0000:00:18.6/subsystem_vendor", O_RDONLY) = 10
134156 12:54:42.737929 read(10, "0x0000\n", 15) = 7
134156 12:54:42.737965 close(10)        = 0
134156 12:54:42.737998 openat(-1, "/sys/bus/pci/devices/0000:00:18.6/subsystem_device", O_RDONLY) = 10
134156 12:54:42.738041 read(10, "0x0000\n", 15) = 7
134156 12:54:42.738076 close(10)        = 0
134156 12:54:42.738110 openat(-1, "/sys/bus/pci/devices/0000:00:18.6/current_link_speed", O_RDONLY) = -1 ENOENT (No such file or directory)
134156 12:54:42.738151 openat(-1, "/sys/bus/pci/devices/0000:00:18.6/current_link_width", O_RDONLY) = -1 ENOENT (No such file or directory)
134156 12:54:42.738192 openat(-1, "/sys/bus/pci/devices/0000:03:00.1/config", O_RDONLY) = 10
134156 12:54:42.738236 read(10, "\336\20\272\"\6\0\20\0\241\0\3\4\20\0\200\0\0\0\10\332\0\0\0\0\0\0\0\0\0\0\0\0"..., 256) = 64
134156 12:54:42.738293 close(10)        = 0
134156 12:54:42.738326 openat(-1, "/sys/bus/pci/devices/0000:03:00.1/class", O_RDONLY) = 10
134156 12:54:42.738369 read(10, "0x040300\n", 15) = 9
134156 12:54:42.738404 close(10)        = 0
134156 12:54:42.738438 openat(-1, "/sys/bus/pci/devices/0000:00:00.0/config", O_RDONLY) = 10
134156 12:54:42.738481 read(10, "\"\20\330\24\0\0\0\0\0\0\0\6\0\0\200\0\0\0\0\0\0\0\0\0\0\0\0\0\0\0\0\0"..., 256) = 64
134156 12:54:42.738524 close(10)        = 0
134156 12:54:42.738556 openat(-1, "/sys/bus/pci/devices/0000:00:00.0/class", O_RDONLY) = 10
134156 12:54:42.738598 read(10, "0x060000\n", 15) = 9
134156 12:54:42.738634 close(10)        = 0
134156 12:54:42.738667 openat(-1, "/sys/bus/pci/devices/0000:00:00.0/vendor", O_RDONLY) = 10
134156 12:54:42.738710 read(10, "0x1022\n", 15) = 7
134156 12:54:42.738745 close(10)        = 0
134156 12:54:42.738778 openat(-1, "/sys/bus/pci/devices/0000:00:00.0/device", O_RDONLY) = 10
134156 12:54:42.738820 read(10, "0x14d8\n", 15) = 7
134156 12:54:42.738858 close(10)        = 0
134156 12:54:42.738891 openat(-1, "/sys/bus/pci/devices/0000:00:00.0/subsystem_vendor", O_RDONLY) = 10
134156 12:54:42.738933 read(10, "0x1043\n", 15) = 7
134156 12:54:42.738969 close(10)        = 0
134156 12:54:42.739002 openat(-1, "/sys/bus/pci/devices/0000:00:00.0/subsystem_device", O_RDONLY) = 10
134156 12:54:42.739044 read(10, "0x8877\n", 15) = 7
134156 12:54:42.739080 close(10)        = 0
134156 12:54:42.739113 openat(-1, "/sys/bus/pci/devices/0000:00:00.0/current_link_speed", O_RDONLY) = -1 ENOENT (No such file or directory)
134156 12:54:42.739155 openat(-1, "/sys/bus/pci/devices/0000:00:00.0/current_link_width", O_RDONLY) = -1 ENOENT (No such file or directory)
134156 12:54:42.739196 openat(-1, "/sys/bus/pci/devices/0000:6c:00.4/config", O_RDONLY) = 10
134156 12:54:42.739240 read(10, "\"\20\267\25\3\4\20\0\0000\3\f\20\0\200\0\4\0 \334\0\0\0\0\0\0\0\0\0\0\0\0"..., 256) = 64
134156 12:54:42.739292 close(10)        = 0
134156 12:54:42.739325 openat(-1, "/sys/bus/pci/devices/0000:6c:00.4/class", O_RDONLY) = 10
134156 12:54:42.739367 read(10, "0x0c0330\n", 15) = 9
134156 12:54:42.739403 close(10)        = 0
134156 12:54:42.739436 openat(-1, "/sys/bus/pci/devices/0000:00:08.1/config", O_RDONLY) = 10
134156 12:54:42.739479 read(10, "\"\20\335\24\7\4\20\0\0\0\4\6\20\0\201\0\0\0\0\0\0\0\0\0\0ll\0\301\301\0\0"..., 256) = 64
134156 12:54:42.739527 close(10)        = 0
134156 12:54:42.739572 openat(-1, "/sys/bus/pci/devices/0000:00:08.1/class", O_RDONLY) = 10
134156 12:54:42.739616 read(10, "0x060400\n", 15) = 9
134156 12:54:42.739652 close(10)        = 0
134156 12:54:42.739685 openat(-1, "/sys/bus/pci/devices/0000:00:08.1/vendor", O_RDONLY) = 10
134156 12:54:42.739728 read(10, "0x1022\n", 15) = 7
134156 12:54:42.739764 close(10)        = 0
134156 12:54:42.739796 openat(-1, "/sys/bus/pci/devices/0000:00:08.1/device", O_RDONLY) = 10
134156 12:54:42.739839 read(10, "0x14dd\n", 15) = 7
134156 12:54:42.739874 close(10)        = 0
134156 12:54:42.739907 openat(-1, "/sys/bus/pci/devices/0000:00:08.1/subsystem_vendor", O_RDONLY) = 10
134156 12:54:42.739951 read(10, "0x1043\n", 15) = 7
134156 12:54:42.739986 close(10)        = 0
134156 12:54:42.740020 openat(-1, "/sys/bus/pci/devices/0000:00:08.1/subsystem_device", O_RDONLY) = 10
134156 12:54:42.740063 read(10, "0x8877\n", 15) = 7
134156 12:54:42.740098 close(10)        = 0
134156 12:54:42.740131 openat(-1, "/sys/bus/pci/devices/0000:00:08.1/current_link_speed", O_RDONLY) = 10
134156 12:54:42.740173 read(10, "16.0 GT/s PCIe\n", 15) = 15
134156 12:54:42.740215 close(10)        = 0
134156 12:54:42.740247 openat(-1, "/sys/bus/pci/devices/0000:00:08.1/current_link_width", O_RDONLY) = 10
134156 12:54:42.740290 read(10, "16\n", 15) = 3
134156 12:54:42.740326 close(10)        = 0
134156 12:54:42.740360 openat(-1, "/sys/bus/pci/devices/0000:00:18.4/config", O_RDONLY) = 10
134156 12:54:42.740403 read(10, "\"\20\344\24\0\0\0\0\0\0\0\6\0\0\200\0\0\0\0\0\0\0\0\0\0\0\0\0\0\0\0\0"..., 256) = 64
134156 12:54:42.740443 close(10)        = 0
134156 12:54:42.740476 openat(-1, "/sys/bus/pci/devices/0000:00:18.4/class", O_RDONLY) = 10
134156 12:54:42.740518 read(10, "0x060000\n", 15) = 9
134156 12:54:42.740554 close(10)        = 0
134156 12:54:42.740587 openat(-1, "/sys/bus/pci/devices/0000:00:18.4/vendor", O_RDONLY) = 10
134156 12:54:42.740629 read(10, "0x1022\n", 15) = 7
134156 12:54:42.740665 close(10)        = 0
134156 12:54:42.740698 openat(-1, "/sys/bus/pci/devices/0000:00:18.4/device", O_RDONLY) = 10
134156 12:54:42.740741 read(10, "0x14e4\n", 15) = 7
134156 12:54:42.740783 close(10)        = 0
134156 12:54:42.740817 openat(-1, "/sys/bus/pci/devices/0000:00:18.4/subsystem_vendor", O_RDONLY) = 10
134156 12:54:42.740861 read(10, "0x0000\n", 15) = 7
134156 12:54:42.740898 close(10)        = 0
134156 12:54:42.740932 openat(-1, "/sys/bus/pci/devices/0000:00:18.4/subsystem_device", O_RDONLY) = 10
134156 12:54:42.740976 read(10, "0x0000\n", 15) = 7
134156 12:54:42.741013 close(10)        = 0
134156 12:54:42.741047 openat(-1, "/sys/bus/pci/devices/0000:00:18.4/current_link_speed", O_RDONLY) = -1 ENOENT (No such file or directory)
134156 12:54:42.741092 openat(-1, "/sys/bus/pci/devices/0000:00:18.4/current_link_width", O_RDONLY) = -1 ENOENT (No such file or directory)
134156 12:54:42.741135 openat(-1, "/sys/bus/pci/devices/0000:00:01.3/config", O_RDONLY) = 10
134156 12:54:42.741179 read(10, "\"\20\333\24\7\4\20\0\0\0\4\6\20\0\201\0\0\0\0\0\0\0\0\0\0\3\3\0\341\341\0 "..., 256) = 64
134156 12:54:42.741225 close(10)        = 0
134156 12:54:42.741260 openat(-1, "/sys/bus/pci/devices/0000:00:01.3/class", O_RDONLY) = 10
134156 12:54:42.741303 read(10, "0x060400\n", 15) = 9
134156 12:54:42.741340 close(10)        = 0
134156 12:54:42.741374 openat(-1, "/sys/bus/pci/devices/0000:00:01.3/vendor", O_RDONLY) = 10
134156 12:54:42.741418 read(10, "0x1022\n", 15) = 7
134156 12:54:42.741455 close(10)        = 0
134156 12:54:42.741489 openat(-1, "/sys/bus/pci/devices/0000:00:01.3/device", O_RDONLY) = 10
134156 12:54:42.741533 read(10, "0x14db\n", 15) = 7
134156 12:54:42.741570 close(10)        = 0
134156 12:54:42.741604 openat(-1, "/sys/bus/pci/devices/0000:00:01.3/subsystem_vendor", O_RDONLY) = 10
134156 12:54:42.741647 read(10, "0x1043\n", 15) = 7
134156 12:54:42.741690 close(10)        = 0
134156 12:54:42.741723 openat(-1, "/sys/bus/pci/devices/0000:00:01.3/subsystem_device", O_RDONLY) = 10
134156 12:54:42.741765 read(10, "0x8877\n", 15) = 7
134156 12:54:42.741801 close(10)        = 0
134156 12:54:42.741834 openat(-1, "/sys/bus/pci/devices/0000:00:01.3/current_link_speed", O_RDONLY) = 10
134156 12:54:42.741876 read(10, "2.5 GT/s PCIe\n", 15) = 14
134156 12:54:42.741913 close(10)        = 0
134156 12:54:42.741946 openat(-1, "/sys/bus/pci/devices/0000:00:01.3/current_link_width", O_RDONLY) = 10
134156 12:54:42.741988 read(10, "8\n", 15) = 2
134156 12:54:42.742025 close(10)        = 0
134156 12:54:42.742058 openat(-1, "/sys/bus/pci/devices/0000:6d:00.0/config", O_RDONLY) = 10
134156 12:54:42.742102 read(10, "\"\20\270\25\3\4\20\0\0000\3\f\20\0\0\0\4\0`\334\0\0\0\0\0\0\0\0\0\0\0\0"..., 256) = 64
134156 12:54:42.759647 close(10)        = 0
134156 12:54:42.759689 openat(-1, "/sys/bus/pci/devices/0000:6d:00.0/class", O_RDONLY) = 10
134156 12:54:42.759743 read(10, "0x0c0330\n", 15) = 9
134156 12:54:42.759783 close(10)        = 0
134156 12:54:42.759818 openat(-1, "/sys/bus/pci/devices/0000:0f:00.0/config", O_RDONLY) = 10
134156 12:54:42.759864 read(10, "\206\2007\21\7\4\20\0\0@\3\f\20\0\0\0\f\0\20e\370\0\0\0\f\0\24e\370\0\0\0"..., 256) = 64
134156 12:54:42.779801 close(10)        = 0
134156 12:54:42.779841 openat(-1, "/sys/bus/pci/devices/0000:0f:00.0/class", O_RDONLY) = 10
134156 12:54:42.779897 read(10, "0x0c0340\n", 15) = 9
134156 12:54:42.779937 close(10)        = 0
134156 12:54:42.779971 openat(-1, "/sys/bus/pci/devices/0000:00:03.0/config", O_RDONLY) = 10
134156 12:54:42.780014 read(10, "\"\20\332\24\0\0\0\0\0\0\0\6\0\0\200\0\0\0\0\0\0\0\0\0\0\0\0\0\0\0\0\0"..., 256) = 64
134156 12:54:42.780056 close(10)        = 0
134156 12:54:42.780088 openat(-1, "/sys/bus/pci/devices/0000:00:03.0/class", O_RDONLY) = 10
134156 12:54:42.780129 read(10, "0x060000\n", 15) = 9
134156 12:54:42.780164 close(10)        = 0
134156 12:54:42.780197 openat(-1, "/sys/bus/pci/devices/0000:00:03.0/vendor", O_RDONLY) = 10
134156 12:54:42.780238 read(10, "0x1022\n", 15) = 7
134156 12:54:42.780272 close(10)        = 0
134156 12:54:42.780304 openat(-1, "/sys/bus/pci/devices/0000:00:03.0/device", O_RDONLY) = 10
134156 12:54:42.780346 read(10, "0x14da\n", 15) = 7
134156 12:54:42.780380 close(10)        = 0
134156 12:54:42.780413 openat(-1, "/sys/bus/pci/devices/0000:00:03.0/subsystem_vendor", O_RDONLY) = 10
134156 12:54:42.780454 read(10, "0x0000\n", 15) = 7
134156 12:54:42.780488 close(10)        = 0
134156 12:54:42.780520 openat(-1, "/sys/bus/pci/devices/0000:00:03.0/subsystem_device", O_RDONLY) = 10
134156 12:54:42.780561 read(10, "0x0000\n", 15) = 7
134156 12:54:42.780596 close(10)        = 0
134156 12:54:42.780628 openat(-1, "/sys/bus/pci/devices/0000:00:03.0/current_link_speed", O_RDONLY) = -1 ENOENT (No such file or directory)
134156 12:54:42.780673 openat(-1, "/sys/bus/pci/devices/0000:00:03.0/current_link_width", O_RDONLY) = -1 ENOENT (No such file or directory)
134156 12:54:42.780714 openat(-1, "/sys/bus/pci/devices/0000:05:0c.0/config", O_RDONLY) = 10
134156 12:54:42.780757 read(10, "\"\20\365C\7\4\20\0\1\0\4\6\20\0\1\0\0\0\0\0\0\0\0\0\5jj\0\360\0\0\0"..., 256) = 64
134156 12:54:42.780808 close(10)        = 0
134156 12:54:42.780840 openat(-1, "/sys/bus/pci/devices/0000:05:0c.0/class", O_RDONLY) = 10
134156 12:54:42.780882 read(10, "0x060400\n", 15) = 9
134156 12:54:42.780916 close(10)        = 0
134156 12:54:42.780948 openat(-1, "/sys/bus/pci/devices/0000:05:0c.0/vendor", O_RDONLY) = 10
134156 12:54:42.780990 read(10, "0x1022\n", 15) = 7
134156 12:54:42.781024 close(10)        = 0
134156 12:54:42.781056 openat(-1, "/sys/bus/pci/devices/0000:05:0c.0/device", O_RDONLY) = 10
134156 12:54:42.781098 read(10, "0x43f5\n", 15) = 7
134156 12:54:42.781133 close(10)        = 0
134156 12:54:42.781165 openat(-1, "/sys/bus/pci/devices/0000:05:0c.0/subsystem_vendor", O_RDONLY) = 10
134156 12:54:42.781206 read(10, "0x1b21\n", 15) = 7
134156 12:54:42.781241 close(10)        = 0
134156 12:54:42.781273 openat(-1, "/sys/bus/pci/devices/0000:05:0c.0/subsystem_device", O_RDONLY) = 10
134156 12:54:42.781315 read(10, "0x3328\n", 15) = 7
134156 12:54:42.781349 close(10)        = 0
134156 12:54:42.781381 openat(-1, "/sys/bus/pci/devices/0000:05:0c.0/current_link_speed", O_RDONLY) = 10
134156 12:54:42.781423 read(10, "2.5 GT/s PCIe\n", 15) = 14
134156 12:54:42.781463 close(10)        = 0
134156 12:54:42.781495 openat(-1, "/sys/bus/pci/devices/0000:05:0c.0/current_link_width", O_RDONLY) = 10
134156 12:54:42.781537 read(10, "1\n", 15) = 2
134156 12:54:42.781577 close(10)        = 0
134156 12:54:42.781610 openat(-1, "/sys/bus/pci/devices/0000:6c:00.2/config", O_RDONLY) = 10
134156 12:54:42.781653 read(10, "\"\20I\26\6\4\20\0\0\0\200\20\20\0\200\0\0\0\0\0\0\0\0\0\0\0@\334\0\0\0\0"..., 256) = 64
134156 12:54:42.781704 close(10)        = 0
134156 12:54:42.781736 openat(-1, "/sys/bus/pci/devices/0000:6c:00.2/class", O_RDONLY) = 10
134156 12:54:42.781777 read(10, "0x108000\n", 15) = 9
134156 12:54:42.781812 close(10)        = 0
134156 12:54:42.781844 openat(-1, "/sys/bus/pci/devices/0000:00:18.2/config", O_RDONLY) = 10
134156 12:54:42.781887 read(10, "\"\20\342\24\0\0\0\0\0\0\0\6\0\0\200\0\0\0\0\0\0\0\0\0\0\0\0\0\0\0\0\0"..., 256) = 64
134156 12:54:42.781926 close(10)        = 0
134156 12:54:42.781958 openat(-1, "/sys/bus/pci/devices/0000:00:18.2/class", O_RDONLY) = 10
134156 12:54:42.781999 read(10, "0x060000\n", 15) = 9
134156 12:54:42.782033 close(10)        = 0
134156 12:54:42.782065 openat(-1, "/sys/bus/pci/devices/0000:00:18.2/vendor", O_RDONLY) = 10
134156 12:54:42.782106 read(10, "0x1022\n", 15) = 7
134156 12:54:42.782141 close(10)        = 0
134156 12:54:42.782173 openat(-1, "/sys/bus/pci/devices/0000:00:18.2/device", O_RDONLY) = 10
134156 12:54:42.782214 read(10, "0x14e2\n", 15) = 7
134156 12:54:42.782248 close(10)        = 0
134156 12:54:42.782280 openat(-1, "/sys/bus/pci/devices/0000:00:18.2/subsystem_vendor", O_RDONLY) = 10
134156 12:54:42.782321 read(10, "0x0000\n", 15) = 7
134156 12:54:42.782355 close(10)        = 0
134156 12:54:42.782387 openat(-1, "/sys/bus/pci/devices/0000:00:18.2/subsystem_device", O_RDONLY) = 10
134156 12:54:42.782428 read(10, "0x0000\n", 15) = 7
134156 12:54:42.782462 close(10)        = 0
134156 12:54:42.782494 openat(-1, "/sys/bus/pci/devices/0000:00:18.2/current_link_speed", O_RDONLY) = -1 ENOENT (No such file or directory)
134156 12:54:42.782533 openat(-1, "/sys/bus/pci/devices/0000:00:18.2/current_link_width", O_RDONLY) = -1 ENOENT (No such file or directory)
134156 12:54:42.782574 openat(-1, "/sys/bus/pci/devices/0000:08:02.0/config", O_RDONLY) = 10
134156 12:54:42.782617 read(10, "\"\20\365C\7\4\20\0\1\0\4\6\20\0\1\0\0\0\0\0\0\0\0\0\10\v\v\0\361\1\0\0"..., 256) = 64
134156 12:54:42.782675 close(10)        = 0
134156 12:54:42.782707 openat(-1, "/sys/bus/pci/devices/0000:08:02.0/class", O_RDONLY) = 10
134156 12:54:42.782751 read(10, "0x060400\n", 15) = 9
134156 12:54:42.782786 close(10)        = 0
134156 12:54:42.782817 openat(-1, "/sys/bus/pci/devices/0000:08:02.0/vendor", O_RDONLY) = 10
134156 12:54:42.782860 read(10, "0x1022\n", 15) = 7
134156 12:54:42.782894 close(10)        = 0
134156 12:54:42.782926 openat(-1, "/sys/bus/pci/devices/0000:08:02.0/device", O_RDONLY) = 10
134156 12:54:42.782968 read(10, "0x43f5\n", 15) = 7
134156 12:54:42.783003 close(10)        = 0
134156 12:54:42.783035 openat(-1, "/sys/bus/pci/devices/0000:08:02.0/subsystem_vendor", O_RDONLY) = 10
134156 12:54:42.783077 read(10, "0x1b21\n", 15) = 7
134156 12:54:42.783112 close(10)        = 0
134156 12:54:42.783143 openat(-1, "/sys/bus/pci/devices/0000:08:02.0/subsystem_device", O_RDONLY) = 10
134156 12:54:42.783186 read(10, "0x3328\n", 15) = 7
134156 12:54:42.783220 close(10)        = 0
134156 12:54:42.783252 openat(-1, "/sys/bus/pci/devices/0000:08:02.0/current_link_speed", O_RDONLY) = 10
134156 12:54:42.783295 read(10, "2.5 GT/s PCIe\n", 15) = 14
134156 12:54:42.783335 close(10)        = 0
134156 12:54:42.783367 openat(-1, "/sys/bus/pci/devices/0000:08:02.0/current_link_width", O_RDONLY) = 10
134156 12:54:42.783410 read(10, "1\n", 15) = 2
134156 12:54:42.783450 close(10)        = 0
134156 12:54:42.783483 openat(-1, "/sys/bus/pci/devices/0000:00:01.1/config", O_RDONLY) = 10
134156 12:54:42.783525 read(10, "\"\20\333\24\7\4\20\0\0\0\4\6\20\0\201\0\0\0\0\0\0\0\0\0\0\1\1\0\361\361\0 "..., 256) = 64
134156 12:54:42.783580 close(10)        = 0
134156 12:54:42.783612 openat(-1, "/sys/bus/pci/devices/0000:00:01.1/class", O_RDONLY) = 10
134156 12:54:42.783653 read(10, "0x060400\n", 15) = 9
134156 12:54:42.783688 close(10)        = 0
134156 12:54:42.783720 openat(-1, "/sys/bus/pci/devices/0000:00:01.1/vendor", O_RDONLY) = 10
134156 12:54:42.783761 read(10, "0x1022\n", 15) = 7
134156 12:54:42.783796 close(10)        = 0
134156 12:54:42.783828 openat(-1, "/sys/bus/pci/devices/0000:00:01.1/device", O_RDONLY) = 10
134156 12:54:42.783869 read(10, "0x14db\n", 15) = 7
134156 12:54:42.783904 close(10)        = 0
134156 12:54:42.783936 openat(-1, "/sys/bus/pci/devices/0000:00:01.1/subsystem_vendor", O_RDONLY) = 10
134156 12:54:42.783976 read(10, "0x1043\n", 15) = 7
134156 12:54:42.784011 close(10)        = 0
134156 12:54:42.784043 openat(-1, "/sys/bus/pci/devices/0000:00:01.1/subsystem_device", O_RDONLY) = 10
134156 12:54:42.784084 read(10, "0x8877\n", 15) = 7
134156 12:54:42.784118 close(10)        = 0
134156 12:54:42.784150 openat(-1, "/sys/bus/pci/devices/0000:00:01.1/current_link_speed", O_RDONLY) = 10
134156 12:54:42.784191 read(10, "16.0 GT/s PCIe\n", 15) = 15
134156 12:54:42.784227 close(10)        = 0
134156 12:54:42.784260 openat(-1, "/sys/bus/pci/devices/0000:00:01.1/current_link_width", O_RDONLY) = 10
134156 12:54:42.784301 read(10, "8\n", 15) = 2
134156 12:54:42.784336 close(10)        = 0
134156 12:54:42.784369 openat(-1, "/sys/bus/pci/devices/0000:6c:00.0/config", O_RDONLY) = 10
134156 12:54:42.784411 read(10, "\2\20N\26\6\0\20\10\313\0\0\3\20\0\200\0\f\0\0p\370\0\0\0\f\0\0\200\370\0\0\0"..., 256) = 64
134156 12:54:42.784462 close(10)        = 0
134156 12:54:42.784494 openat(-1, "/sys/bus/pci/devices/0000:6c:00.0/class", O_RDONLY) = 10
134156 12:54:42.784535 read(10, "0x030000\n", 15) = 9
134156 12:54:42.784570 close(10)        = 0
134156 12:54:42.784606 openat(-1, "/sys/bus/pci/devices/0000:6c:00.0/vendor", O_RDONLY) = 10
134156 12:54:42.784648 read(10, "0x1002\n", 15) = 7
134156 12:54:42.784682 close(10)        = 0
134156 12:54:42.784714 openat(-1, "/sys/bus/pci/devices/0000:6c:00.0/device", O_RDONLY) = 10
134156 12:54:42.784755 read(10, "0x164e\n", 15) = 7
134156 12:54:42.784790 close(10)        = 0
134156 12:54:42.784821 openat(-1, "/sys/bus/pci/devices/0000:6c:00.0/subsystem_vendor", O_RDONLY) = 10
134156 12:54:42.784863 read(10, "0x1043\n", 15) = 7
134156 12:54:42.784897 close(10)        = 0
134156 12:54:42.784929 openat(-1, "/sys/bus/pci/devices/0000:6c:00.0/subsystem_device", O_RDONLY) = 10
134156 12:54:42.784970 read(10, "0x8877\n", 15) = 7
134156 12:54:42.785007 close(10)        = 0
134156 12:54:42.785039 openat(-1, "/sys/bus/pci/devices/0000:6c:00.0/current_link_speed", O_RDONLY) = 10
134156 12:54:42.785080 read(10, "16.0 GT/s PCIe\n", 15) = 15
134156 12:54:42.785124 close(10)        = 0
134156 12:54:42.785156 openat(-1, "/sys/bus/pci/devices/0000:6c:00.0/current_link_width", O_RDONLY) = 10
134156 12:54:42.785197 read(10, "16\n", 15) = 3
134156 12:54:42.785237 close(10)        = 0
134156 12:54:42.785269 openat(-1, "/sys/bus/pci/devices/0000:05:00.0/config", O_RDONLY) = 10
134156 12:54:42.785312 read(10, "\"\20\365C\7\4\20\0\1\0\4\6\20\0\1\0\0\0\0\0\0\0\0\0\5\6\6\0\361\1\0\0"..., 256) = 64
134156 12:54:42.785363 close(10)        = 0
134156 12:54:42.785394 openat(-1, "/sys/bus/pci/devices/0000:05:00.0/class", O_RDONLY) = 10
134156 12:54:42.785436 read(10, "0x060400\n", 15) = 9
134156 12:54:42.785470 close(10)        = 0
134156 12:54:42.785502 openat(-1, "/sys/bus/pci/devices/0000:05:00.0/vendor", O_RDONLY) = 10
134156 12:54:42.785544 read(10, "0x1022\n", 15) = 7
134156 12:54:42.785578 close(10)        = 0
134156 12:54:42.785610 openat(-1, "/sys/bus/pci/devices/0000:05:00.0/device", O_RDONLY) = 10
134156 12:54:42.785652 read(10, "0x43f5\n", 15) = 7
134156 12:54:42.785686 close(10)        = 0
134156 12:54:42.785718 openat(-1, "/sys/bus/pci/devices/0000:05:00.0/subsystem_vendor", O_RDONLY) = 10
134156 12:54:42.785759 read(10, "0x1b21\n", 15) = 7
134156 12:54:42.785794 close(10)        = 0
134156 12:54:42.785826 openat(-1, "/sys/bus/pci/devices/0000:05:00.0/subsystem_device", O_RDONLY) = 10
134156 12:54:42.785867 read(10, "0x3328\n", 15) = 7
134156 12:54:42.785902 close(10)        = 0
134156 12:54:42.785933 openat(-1, "/sys/bus/pci/devices/0000:05:00.0/current_link_speed", O_RDONLY) = 10
134156 12:54:42.785975 read(10, "2.5 GT/s PCIe\n", 15) = 14
134156 12:54:42.786015 close(10)        = 0
134156 12:54:42.786047 openat(-1, "/sys/bus/pci/devices/0000:05:00.0/current_link_width", O_RDONLY) = 10
134156 12:54:42.786088 read(10, "1\n", 15) = 2
134156 12:54:42.786128 close(10)        = 0
134156 12:54:42.786160 openat(-1, "/sys/bus/pci/devices/0000:00:18.0/config", O_RDONLY) = 10
134156 12:54:42.786202 read(10, "\"\20\340\24\0\0\0\0\0\0\0\6\0\0\200\0\0\0\0\0\0\0\0\0\0\0\0\0\0\0\0\0"..., 256) = 64
134156 12:54:42.786241 close(10)        = 0
134156 12:54:42.786273 openat(-1, "/sys/bus/pci/devices/0000:00:18.0/class", O_RDONLY) = 10
134156 12:54:42.786314 read(10, "0x060000\n", 15) = 9
134156 12:54:42.786348 close(10)        = 0
134156 12:54:42.786380 openat(-1, "/sys/bus/pci/devices/0000:00:18.0/vendor", O_RDONLY) = 10
134156 12:54:42.786422 read(10, "0x1022\n", 15) = 7
134156 12:54:42.786456 close(10)        = 0
134156 12:54:42.786488 openat(-1, "/sys/bus/pci/devices/0000:00:18.0/device", O_RDONLY) = 10
134156 12:54:42.786529 read(10, "0x14e0\n", 15) = 7
134156 12:54:42.786563 close(10)        = 0
134156 12:54:42.786595 openat(-1, "/sys/bus/pci/devices/0000:00:18.0/subsystem_vendor", O_RDONLY) = 10
134156 12:54:42.786636 read(10, "0x0000\n", 15) = 7
134156 12:54:42.786672 close(10)        = 0
134156 12:54:42.786704 openat(-1, "/sys/bus/pci/devices/0000:00:18.0/subsystem_device", O_RDONLY) = 10
134156 12:54:42.786744 read(10, "0x0000\n", 15) = 7
134156 12:54:42.786779 close(10)        = 0
134156 12:54:42.786811 openat(-1, "/sys/bus/pci/devices/0000:00:18.0/current_link_speed", O_RDONLY) = -1 ENOENT (No such file or directory)
134156 12:54:42.786850 openat(-1, "/sys/bus/pci/devices/0000:00:18.0/current_link_width", O_RDONLY) = -1 ENOENT (No such file or directory)
134156 12:54:42.786890 openat(-1, "/sys/bus/pci/devices/0000:0e:00.0/config", O_RDONLY) = 10
134156 12:54:42.786935 read(10, "\206\2006\21\6\4\20\0\2\0\4\6 \0\1\0\0\0\0\0\0\0\0\0\16\17\17\0\361\1\0\0"..., 256) = 64
134156 12:54:42.787008 close(10)        = 0
134156 12:54:42.787040 openat(-1, "/sys/bus/pci/devices/0000:0e:00.0/class", O_RDONLY) = 10
134156 12:54:42.787083 read(10, "0x060400\n", 15) = 9
134156 12:54:42.787118 close(10)        = 0
134156 12:54:42.787150 openat(-1, "/sys/bus/pci/devices/0000:0e:00.0/vendor", O_RDONLY) = 10
134156 12:54:42.787195 read(10, "0x8086\n", 15) = 7
134156 12:54:42.787230 close(10)        = 0
134156 12:54:42.787261 openat(-1, "/sys/bus/pci/devices/0000:0e:00.0/device", O_RDONLY) = 10
134156 12:54:42.787305 read(10, "0x1136\n", 15) = 7
134156 12:54:42.787339 close(10)        = 0
134156 12:54:42.787371 openat(-1, "/sys/bus/pci/devices/0000:0e:00.0/subsystem_vendor", O_RDONLY) = 10
134156 12:54:42.787414 read(10, "0x87f6\n", 15) = 7
134156 12:54:42.787449 close(10)        = 0
134156 12:54:42.787481 openat(-1, "/sys/bus/pci/devices/0000:0e:00.0/subsystem_device", O_RDONLY) = 10
134156 12:54:42.787524 read(10, "0x1043\n", 15) = 7
134156 12:54:42.787568 close(10)        = 0
134156 12:54:42.787601 openat(-1, "/sys/bus/pci/devices/0000:0e:00.0/current_link_speed", O_RDONLY) = 10
134156 12:54:42.787644 read(10, "2.5 GT/s PCIe\n", 15) = 14
134156 12:54:42.787690 close(10)        = 0
134156 12:54:42.787722 openat(-1, "/sys/bus/pci/devices/0000:0e:00.0/current_link_width", O_RDONLY) = 10
134156 12:54:42.787765 read(10, "4\n", 15) = 2
134156 12:54:42.787810 close(10)        = 0
134156 12:54:42.787842 openat(-1, "/sys/bus/pci/devices/0000:69:00.0/config", O_RDONLY) = 10
134156 12:54:42.787886 read(10, "\"\20\366C\6\4\20\0\1\1\6\1\20\0\0\0\0\0\0\0\0\0\0\0\0\0\0\0\0\0\0\0"..., 256) = 64
134156 12:54:42.787943 close(10)        = 0
134156 12:54:42.787975 openat(-1, "/sys/bus/pci/devices/0000:69:00.0/class", O_RDONLY) = 10
134156 12:54:42.788018 read(10, "0x010601\n", 15) = 9
134156 12:54:42.788052 close(10)        = 0
134156 12:54:42.788084 openat(-1, "/sys/bus/pci/devices/0000:69:00.0/vendor", O_RDONLY) = 10
134156 12:54:42.788127 read(10, "0x1022\n", 15) = 7
134156 12:54:42.788161 close(10)        = 0
134156 12:54:42.788193 openat(-1, "/sys/bus/pci/devices/0000:69:00.0/device", O_RDONLY) = 10
134156 12:54:42.788236 read(10, "0x43f6\n", 15) = 7
134156 12:54:42.788270 close(10)        = 0
134156 12:54:42.788302 openat(-1, "/sys/bus/pci/devices/0000:69:00.0/subsystem_vendor", O_RDONLY) = 10
134156 12:54:42.788345 read(10, "0x1b21\n", 15) = 7
134156 12:54:42.788379 close(10)        = 0
134156 12:54:42.788411 openat(-1, "/sys/bus/pci/devices/0000:69:00.0/subsystem_device", O_RDONLY) = 10
134156 12:54:42.788455 read(10, "0x1062\n", 15) = 7
134156 12:54:42.788489 close(10)        = 0
134156 12:54:42.788521 openat(-1, "/sys/bus/pci/devices/0000:69:00.0/current_link_speed", O_RDONLY) = 10
134156 12:54:42.788563 read(10, "2.5 GT/s PCIe\n", 15) = 14
134156 12:54:42.788604 close(10)        = 0
134156 12:54:42.788635 openat(-1, "/sys/bus/pci/devices/0000:69:00.0/current_link_width", O_RDONLY) = 10
134156 12:54:42.788678 read(10, "1\n", 15) = 2
134156 12:54:42.788719 close(10)        = 0
134156 12:54:42.788751 openat(-1, "/sys/bus/pci/devices/0000:01:00.1/config", O_RDONLY) = 10
134156 12:54:42.788793 read(10, "\336\20\272\"\6\0\20\0\241\0\3\4\20\0\200\0\0\0\10\334\0\0\0\0\0\0\0\0\0\0\0\0"..., 256) = 64
134156 12:54:42.788841 close(10)        = 0
134156 12:54:42.788872 openat(-1, "/sys/bus/pci/devices/0000:01:00.1/class", O_RDONLY) = 10
134156 12:54:42.788914 read(10, "0x040300\n", 15) = 9
134156 12:54:42.788948 close(10)        = 0
134156 12:54:42.788980 openat(-1, "/sys/bus/pci/devices/0000:08:08.0/config", O_RDONLY) = 10
134156 12:54:42.789024 read(10, "\"\20\365C\7\4\20\0\1\0\4\6\20\0\1\0\0\0\0\0\0\0\0\0\10gg\0\361\1\0\0"..., 256) = 64
134156 12:54:42.789081 close(10)        = 0
134156 12:54:42.789112 openat(-1, "/sys/bus/pci/devices/0000:08:08.0/class", O_RDONLY) = 10
134156 12:54:42.789155 read(10, "0x060400\n", 15) = 9
134156 12:54:42.789190 close(10)        = 0
134156 12:54:42.789222 openat(-1, "/sys/bus/pci/devices/0000:08:08.0/vendor", O_RDONLY) = 10
134156 12:54:42.789264 read(10, "0x1022\n", 15) = 7
134156 12:54:42.789298 close(10)        = 0
134156 12:54:42.789330 openat(-1, "/sys/bus/pci/devices/0000:08:08.0/device", O_RDONLY) = 10
134156 12:54:42.789372 read(10, "0x43f5\n", 15) = 7
134156 12:54:42.789407 close(10)        = 0
134156 12:54:42.789439 openat(-1, "/sys/bus/pci/devices/0000:08:08.0/subsystem_vendor", O_RDONLY) = 10
134156 12:54:42.789483 read(10, "0x1b21\n", 15) = 7
134156 12:54:42.789518 close(10)        = 0
134156 12:54:42.789550 openat(-1, "/sys/bus/pci/devices/0000:08:08.0/subsystem_device", O_RDONLY) = 10
134156 12:54:42.789592 read(10, "0x3328\n", 15) = 7
134156 12:54:42.789627 close(10)        = 0
134156 12:54:42.789658 openat(-1, "/sys/bus/pci/devices/0000:08:08.0/current_link_speed", O_RDONLY) = 10
134156 12:54:42.789701 read(10, "2.5 GT/s PCIe\n", 15) = 14
134156 12:54:42.789742 close(10)        = 0
134156 12:54:42.789774 openat(-1, "/sys/bus/pci/devices/0000:08:08.0/current_link_width", O_RDONLY) = 10
134156 12:54:42.789816 read(10, "1\n", 15) = 2
134156 12:54:42.789856 close(10)        = 0
134156 12:54:42.789889 openat(-1, "/sys/bus/pci/devices/0000:0e:03.0/config", O_RDONLY) = 10
134156 12:54:42.789934 read(10, "\206\2006\21\7\4\20\0\2\0\4\6 \0\1\0\0\0\0\0\0\0\0\0\16<f\0\361\1\0\0"..., 256) = 64
134156 12:54:42.790000 close(10)        = 0
134156 12:54:42.790032 openat(-1, "/sys/bus/pci/devices/0000:0e:03.0/class", O_RDONLY) = 10
134156 12:54:42.790075 read(10, "0x060400\n", 15) = 9
134156 12:54:42.790110 close(10)        = 0
134156 12:54:42.790142 openat(-1, "/sys/bus/pci/devices/0000:0e:03.0/vendor", O_RDONLY) = 10
134156 12:54:42.790185 read(10, "0x8086\n", 15) = 7
134156 12:54:42.790220 close(10)        = 0
134156 12:54:42.790251 openat(-1, "/sys/bus/pci/devices/0000:0e:03.0/device", O_RDONLY) = 10
134156 12:54:42.790295 read(10, "0x1136\n", 15) = 7
134156 12:54:42.790329 close(10)        = 0
134156 12:54:42.790360 openat(-1, "/sys/bus/pci/devices/0000:0e:03.0/subsystem_vendor", O_RDONLY) = 10
134156 12:54:42.790404 read(10, "0x87f6\n", 15) = 7
134156 12:54:42.790438 close(10)        = 0
134156 12:54:42.790470 openat(-1, "/sys/bus/pci/devices/0000:0e:03.0/subsystem_device", O_RDONLY) = 10
134156 12:54:42.790513 read(10, "0x1043\n", 15) = 7
134156 12:54:42.790548 close(10)        = 0
134156 12:54:42.790580 openat(-1, "/sys/bus/pci/devices/0000:0e:03.0/current_link_speed", O_RDONLY) = 10
134156 12:54:42.790623 read(10, "2.5 GT/s PCIe\n", 15) = 14
134156 12:54:42.790664 close(10)        = 0
134156 12:54:42.790696 openat(-1, "/sys/bus/pci/devices/0000:0e:03.0/current_link_width", O_RDONLY) = 10
134156 12:54:42.790739 read(10, "4\n", 15) = 2
134156 12:54:42.790780 close(10)        = 0
134156 12:54:42.790812 openat(-1, "/sys/bus/pci/devices/0000:08:0d.0/config", O_RDONLY) = 10
134156 12:54:42.790855 read(10, "\"\20\365C\7\4\20\0\1\0\4\6\20\0\1\0\0\0\0\0\0\0\0\0\10ii\0\360\0\0\0"..., 256) = 64
134156 12:54:42.790912 close(10)        = 0
134156 12:54:42.790943 openat(-1, "/sys/bus/pci/devices/0000:08:0d.0/class", O_RDONLY) = 10
134156 12:54:42.790985 read(10, "0x060400\n", 15) = 9
134156 12:54:42.791020 close(10)        = 0
134156 12:54:42.791052 openat(-1, "/sys/bus/pci/devices/0000:08:0d.0/vendor", O_RDONLY) = 10
134156 12:54:42.791094 read(10, "0x1022\n", 15) = 7
134156 12:54:42.791128 close(10)        = 0
134156 12:54:42.791160 openat(-1, "/sys/bus/pci/devices/0000:08:0d.0/device", O_RDONLY) = 10
134156 12:54:42.791202 read(10, "0x43f5\n", 15) = 7
134156 12:54:42.791236 close(10)        = 0
134156 12:54:42.791268 openat(-1, "/sys/bus/pci/devices/0000:08:0d.0/subsystem_vendor", O_RDONLY) = 10
134156 12:54:42.791310 read(10, "0x1b21\n", 15) = 7
134156 12:54:42.791345 close(10)        = 0
134156 12:54:42.791377 openat(-1, "/sys/bus/pci/devices/0000:08:0d.0/subsystem_device", O_RDONLY) = 10
134156 12:54:42.791419 read(10, "0x3328\n", 15) = 7
134156 12:54:42.791453 close(10)        = 0
134156 12:54:42.791485 openat(-1, "/sys/bus/pci/devices/0000:08:0d.0/current_link_speed", O_RDONLY) = 10
134156 12:54:42.791527 read(10, "2.5 GT/s PCIe\n", 15) = 14
134156 12:54:42.791574 close(10)        = 0
134156 12:54:42.791606 openat(-1, "/sys/bus/pci/devices/0000:08:0d.0/current_link_width", O_RDONLY) = 10
134156 12:54:42.791649 read(10, "1\n", 15) = 2
134156 12:54:42.791689 close(10)        = 0
134156 12:54:42.791722 openat(-1, "/sys/bus/pci/devices/0000:6b:00.0/config", O_RDONLY) = 10
134156 12:54:42.791765 read(10, "\"\20\366C\6\4\20\0\1\1\6\1\20\0\0\0\0\0\0\0\0\0\0\0\0\0\0\0\0\0\0\0"..., 256) = 64
134156 12:54:42.791818 close(10)        = 0
134156 12:54:42.791850 openat(-1, "/sys/bus/pci/devices/0000:6b:00.0/class", O_RDONLY) = 10
134156 12:54:42.791892 read(10, "0x010601\n", 15) = 9
134156 12:54:42.791926 close(10)        = 0
134156 12:54:42.791958 openat(-1, "/sys/bus/pci/devices/0000:6b:00.0/vendor", O_RDONLY) = 10
134156 12:54:42.792000 read(10, "0x1022\n", 15) = 7
134156 12:54:42.792035 close(10)        = 0
134156 12:54:42.792066 openat(-1, "/sys/bus/pci/devices/0000:6b:00.0/device", O_RDONLY) = 10
134156 12:54:42.792108 read(10, "0x43f6\n", 15) = 7
134156 12:54:42.792143 close(10)        = 0
134156 12:54:42.792174 openat(-1, "/sys/bus/pci/devices/0000:6b:00.0/subsystem_vendor", O_RDONLY) = 10
134156 12:54:42.792216 read(10, "0x1b21\n", 15) = 7
134156 12:54:42.792251 close(10)        = 0
134156 12:54:42.792284 openat(-1, "/sys/bus/pci/devices/0000:6b:00.0/subsystem_device", O_RDONLY) = 10
134156 12:54:42.792326 read(10, "0x1062\n", 15) = 7
134156 12:54:42.792360 close(10)        = 0
134156 12:54:42.792392 openat(-1, "/sys/bus/pci/devices/0000:6b:00.0/current_link_speed", O_RDONLY) = 10
134156 12:54:42.792434 read(10, "2.5 GT/s PCIe\n", 15) = 14
134156 12:54:42.792474 close(10)        = 0
134156 12:54:42.792506 openat(-1, "/sys/bus/pci/devices/0000:6b:00.0/current_link_width", O_RDONLY) = 10
134156 12:54:42.792548 read(10, "1\n", 15) = 2
134156 12:54:42.792587 close(10)        = 0
134156 12:54:42.792620 openat(-1, "/sys/bus/pci/devices/0000:04:00.0/config", O_RDONLY) = 10
134156 12:54:42.792661 read(10, "\"\20\364C\7\4\20\0\1\0\4\6\20\0\1\0\0\0\0\0\0\0\0\0\4\5k\0\321\321\0\0"..., 256) = 64
134156 12:54:42.792712 close(10)        = 0
134156 12:54:42.792743 openat(-1, "/sys/bus/pci/devices/0000:04:00.0/class", O_RDONLY) = 10
134156 12:54:42.792784 read(10, "0x060400\n", 15) = 9
134156 12:54:42.792819 close(10)        = 0
134156 12:54:42.792851 openat(-1, "/sys/bus/pci/devices/0000:04:00.0/vendor", O_RDONLY) = 10
134156 12:54:42.792892 read(10, "0x1022\n", 15) = 7
134156 12:54:42.792927 close(10)        = 0
134156 12:54:42.792959 openat(-1, "/sys/bus/pci/devices/0000:04:00.0/device", O_RDONLY) = 10
134156 12:54:42.793000 read(10, "0x43f4\n", 15) = 7
134156 12:54:42.793034 close(10)        = 0
134156 12:54:42.793066 openat(-1, "/sys/bus/pci/devices/0000:04:00.0/subsystem_vendor", O_RDONLY) = 10
134156 12:54:42.793110 read(10, "0x1b21\n", 15) = 7
134156 12:54:42.793145 close(10)        = 0
134156 12:54:42.793177 openat(-1, "/sys/bus/pci/devices/0000:04:00.0/subsystem_device", O_RDONLY) = 10
134156 12:54:42.793219 read(10, "0x3328\n", 15) = 7
134156 12:54:42.793253 close(10)        = 0
134156 12:54:42.793285 openat(-1, "/sys/bus/pci/devices/0000:04:00.0/current_link_speed", O_RDONLY) = 10
134156 12:54:42.793327 read(10, "16.0 GT/s PCIe\n", 15) = 15
134156 12:54:42.793366 close(10)        = 0
134156 12:54:42.793398 openat(-1, "/sys/bus/pci/devices/0000:04:00.0/current_link_width", O_RDONLY) = 10
134156 12:54:42.793439 read(10, "4\n", 15) = 2
134156 12:54:42.793479 close(10)        = 0
134156 12:54:42.793512 openat(-1, "/sys/bus/pci/devices/0000:0d:00.0/config", O_RDONLY) = 10
134156 12:54:42.793555 read(10, "\206\2006\21\7\4\20\0\2\0\4\6 \0\1\0\0\0\0\0\0\0\0\0\r\16f\0\361\1\0\0"..., 256) = 64
134156 12:54:42.793621 close(10)        = 0
134156 12:54:42.793652 openat(-1, "/sys/bus/pci/devices/0000:0d:00.0/class", O_RDONLY) = 10
134156 12:54:42.793696 read(10, "0x060400\n", 15) = 9
134156 12:54:42.793730 close(10)        = 0
134156 12:54:42.793762 openat(-1, "/sys/bus/pci/devices/0000:0d:00.0/vendor", O_RDONLY) = 10
134156 12:54:42.793805 read(10, "0x8086\n", 15) = 7
134156 12:54:42.793839 close(10)        = 0
134156 12:54:42.793871 openat(-1, "/sys/bus/pci/devices/0000:0d:00.0/device", O_RDONLY) = 10
134156 12:54:42.793913 read(10, "0x1136\n", 15) = 7
134156 12:54:42.793948 close(10)        = 0
134156 12:54:42.793979 openat(-1, "/sys/bus/pci/devices/0000:0d:00.0/subsystem_vendor", O_RDONLY) = 10
134156 12:54:42.794022 read(10, "0x87f6\n", 15) = 7
134156 12:54:42.794059 close(10)        = 0
134156 12:54:42.794091 openat(-1, "/sys/bus/pci/devices/0000:0d:00.0/subsystem_device", O_RDONLY) = 10
134156 12:54:42.794134 read(10, "0x1043\n", 15) = 7
134156 12:54:42.794168 close(10)        = 0
134156 12:54:42.794200 openat(-1, "/sys/bus/pci/devices/0000:0d:00.0/current_link_speed", O_RDONLY) = 10
134156 12:54:42.794243 read(10, "8.0 GT/s PCIe\n", 15) = 14
134156 12:54:42.794284 close(10)        = 0
134156 12:54:42.794315 openat(-1, "/sys/bus/pci/devices/0000:0d:00.0/current_link_width", O_RDONLY) = 10
134156 12:54:42.794358 read(10, "4\n", 15) = 2
134156 12:54:42.794399 close(10)        = 0
134156 12:54:42.794431 openat(-1, "/sys/bus/pci/devices/0000:00:02.0/config", O_RDONLY) = 10
134156 12:54:42.794473 read(10, "\"\20\332\24\0\0\0\0\0\0\0\6\0\0\200\0\0\0\0\0\0\0\0\0\0\0\0\0\0\0\0\0"..., 256) = 64
134156 12:54:42.794514 close(10)        = 0
134156 12:54:42.794546 openat(-1, "/sys/bus/pci/devices/0000:00:02.0/class", O_RDONLY) = 10
134156 12:54:42.794587 read(10, "0x060000\n", 15) = 9
134156 12:54:42.794621 close(10)        = 0
134156 12:54:42.794653 openat(-1, "/sys/bus/pci/devices/0000:00:02.0/vendor", O_RDONLY) = 10
134156 12:54:42.794694 read(10, "0x1022\n", 15) = 7
134156 12:54:42.794728 close(10)        = 0
134156 12:54:42.794760 openat(-1, "/sys/bus/pci/devices/0000:00:02.0/device", O_RDONLY) = 10
134156 12:54:42.794801 read(10, "0x14da\n", 15) = 7
134156 12:54:42.794836 close(10)        = 0
134156 12:54:42.794868 openat(-1, "/sys/bus/pci/devices/0000:00:02.0/subsystem_vendor", O_RDONLY) = 10
134156 12:54:42.794908 read(10, "0x0000\n", 15) = 7
134156 12:54:42.794943 close(10)        = 0
134156 12:54:42.794975 openat(-1, "/sys/bus/pci/devices/0000:00:02.0/subsystem_device", O_RDONLY) = 10
134156 12:54:42.795015 read(10, "0x0000\n", 15) = 7
134156 12:54:42.795050 close(10)        = 0
134156 12:54:42.795082 openat(-1, "/sys/bus/pci/devices/0000:00:02.0/current_link_speed", O_RDONLY) = -1 ENOENT (No such file or directory)
134156 12:54:42.795121 openat(-1, "/sys/bus/pci/devices/0000:00:02.0/current_link_width", O_RDONLY) = -1 ENOENT (No such file or directory)
134156 12:54:42.795161 openat(-1, "/sys/bus/pci/devices/0000:00:18.7/config", O_RDONLY) = 10
134156 12:54:42.795203 read(10, "\"\20\347\24\0\0\0\0\0\0\0\6\0\0\200\0\0\0\0\0\0\0\0\0\0\0\0\0\0\0\0\0"..., 256) = 64
134156 12:54:42.795243 close(10)        = 0
134156 12:54:42.795274 openat(-1, "/sys/bus/pci/devices/0000:00:18.7/class", O_RDONLY) = 10
134156 12:54:42.795315 read(10, "0x060000\n", 15) = 9
134156 12:54:42.795349 close(10)        = 0
134156 12:54:42.795381 openat(-1, "/sys/bus/pci/devices/0000:00:18.7/vendor", O_RDONLY) = 10
134156 12:54:42.795422 read(10, "0x1022\n", 15) = 7
134156 12:54:42.795457 close(10)        = 0
134156 12:54:42.795488 openat(-1, "/sys/bus/pci/devices/0000:00:18.7/device", O_RDONLY) = 10
134156 12:54:42.795535 read(10, "0x14e7\n", 15) = 7
134156 12:54:42.795579 close(10)        = 0
134156 12:54:42.795612 openat(-1, "/sys/bus/pci/devices/0000:00:18.7/subsystem_vendor", O_RDONLY) = 10
134156 12:54:42.795653 read(10, "0x0000\n", 15) = 7
134156 12:54:42.795688 close(10)        = 0
134156 12:54:42.795719 openat(-1, "/sys/bus/pci/devices/0000:00:18.7/subsystem_device", O_RDONLY) = 10
134156 12:54:42.795760 read(10, "0x0000\n", 15) = 7
134156 12:54:42.795795 close(10)        = 0
134156 12:54:42.795827 openat(-1, "/sys/bus/pci/devices/0000:00:18.7/current_link_speed", O_RDONLY) = -1 ENOENT (No such file or directory)
134156 12:54:42.795866 openat(-1, "/sys/bus/pci/devices/0000:00:18.7/current_link_width", O_RDONLY) = -1 ENOENT (No such file or directory)
134156 12:54:42.795907 openat(-1, "/sys/bus/pci/devices/0000:68:00.0/config", O_RDONLY) = 10
134156 12:54:42.795951 read(10, "\"\20\367C\6\4\20\0\0010\3\f\20\0\0\0\4\0\260\200\0\0\0\0\0\0\0\0\0\0\0\0"..., 256) = 64
134156 12:54:42.796008 close(10)        = 0
134156 12:54:42.796039 openat(-1, "/sys/bus/pci/devices/0000:68:00.0/class", O_RDONLY) = 10
134156 12:54:42.796082 read(10, "0x0c0330\n", 15) = 9
134156 12:54:42.796116 close(10)        = 0
134156 12:54:42.796152 openat(-1, "/sys/bus/pci/devices/0000:08:01.0/config", O_RDONLY) = 10
134156 12:54:42.796195 read(10, "\"\20\365C\7\4\20\0\1\0\4\6\20\0\1\0\0\0\0\0\0\0\0\0\10\n\n\0\361\1\0\0"..., 256) = 64
134156 12:54:42.796252 close(10)        = 0
134156 12:54:42.796284 openat(-1, "/sys/bus/pci/devices/0000:08:01.0/class", O_RDONLY) = 10
134156 12:54:42.796326 read(10, "0x060400\n", 15) = 9
134156 12:54:42.796361 close(10)        = 0
134156 12:54:42.796393 openat(-1, "/sys/bus/pci/devices/0000:08:01.0/vendor", O_RDONLY) = 10
134156 12:54:42.796435 read(10, "0x1022\n", 15) = 7
134156 12:54:42.796470 close(10)        = 0
134156 12:54:42.796502 openat(-1, "/sys/bus/pci/devices/0000:08:01.0/device", O_RDONLY) = 10
134156 12:54:42.796544 read(10, "0x43f5\n", 15) = 7
134156 12:54:42.796578 close(10)        = 0
134156 12:54:42.796610 openat(-1, "/sys/bus/pci/devices/0000:08:01.0/subsystem_vendor", O_RDONLY) = 10
134156 12:54:42.796653 read(10, "0x1b21\n", 15) = 7
134156 12:54:42.796687 close(10)        = 0
134156 12:54:42.796719 openat(-1, "/sys/bus/pci/devices/0000:08:01.0/subsystem_device", O_RDONLY) = 10
134156 12:54:42.796761 read(10, "0x3328\n", 15) = 7
134156 12:54:42.796796 close(10)        = 0
134156 12:54:42.796828 openat(-1, "/sys/bus/pci/devices/0000:08:01.0/current_link_speed", O_RDONLY) = 10
134156 12:54:42.796870 read(10, "5.0 GT/s PCIe\n", 15) = 14
134156 12:54:42.796911 close(10)        = 0
134156 12:54:42.796942 openat(-1, "/sys/bus/pci/devices/0000:08:01.0/current_link_width", O_RDONLY) = 10
134156 12:54:42.796985 read(10, "1\n", 15) = 2
134156 12:54:42.797025 close(10)        = 0
134156 12:54:42.797058 openat(-1, "/sys/bus/pci/devices/0000:00:14.0/config", O_RDONLY) = 10
134156 12:54:42.797100 read(10, "\"\20\vy\3\4 \2q\0\5\f\0\0\200\0\0\0\0\0\0\0\0\0\0\0\0\0\0\0\0\0"..., 256) = 64
134156 12:54:42.797153 close(10)        = 0
134156 12:54:42.797185 openat(-1, "/sys/bus/pci/devices/0000:00:14.0/class", O_RDONLY) = 10
134156 12:54:42.797225 read(10, "0x0c0500\n", 15) = 9
134156 12:54:42.797260 close(10)        = 0
134156 12:54:42.797292 openat(-1, "/sys/bus/pci/devices/0000:00:18.5/config", O_RDONLY) = 10
134156 12:54:42.797333 read(10, "\"\20\345\24\0\0\0\0\0\0\0\6\0\0\200\0\0\0\0\0\0\0\0\0\0\0\0\0\0\0\0\0"..., 256) = 64
134156 12:54:42.797373 close(10)        = 0
134156 12:54:42.797404 openat(-1, "/sys/bus/pci/devices/0000:00:18.5/class", O_RDONLY) = 10
134156 12:54:42.797445 read(10, "0x060000\n", 15) = 9
134156 12:54:42.797479 close(10)        = 0
134156 12:54:42.797514 openat(-1, "/sys/bus/pci/devices/0000:00:18.5/vendor", O_RDONLY) = 10
134156 12:54:42.797554 read(10, "0x1022\n", 15) = 7
134156 12:54:42.797589 close(10)        = 0
134156 12:54:42.797621 openat(-1, "/sys/bus/pci/devices/0000:00:18.5/device", O_RDONLY) = 10
134156 12:54:42.797661 read(10, "0x14e5\n", 15) = 7
134156 12:54:42.797696 close(10)        = 0
134156 12:54:42.797727 openat(-1, "/sys/bus/pci/devices/0000:00:18.5/subsystem_vendor", O_RDONLY) = 10
134156 12:54:42.797768 read(10, "0x0000\n", 15) = 7
134156 12:54:42.797803 close(10)        = 0
134156 12:54:42.797835 openat(-1, "/sys/bus/pci/devices/0000:00:18.5/subsystem_device", O_RDONLY) = 10
134156 12:54:42.797876 read(10, "0x0000\n", 15) = 7
134156 12:54:42.797910 close(10)        = 0
134156 12:54:42.797942 openat(-1, "/sys/bus/pci/devices/0000:00:18.5/current_link_speed", O_RDONLY) = -1 ENOENT (No such file or directory)
134156 12:54:42.797982 openat(-1, "/sys/bus/pci/devices/0000:00:18.5/current_link_width", O_RDONLY) = -1 ENOENT (No such file or directory)
134156 12:54:42.798021 getdents64(9, 0x5614160c27c0 /* 0 entries */, 32768) = 0
134156 12:54:42.798055 close(9)         = 0
134156 12:54:42.798090 openat(-1, "/sys/bus/pci/devices/0000:00:00.0/local_cpus", O_RDONLY) = 9
134156 12:54:42.798134 read(9, "0000ffff\n", 4097) = 9
134156 12:54:42.798173 close(9)         = 0
134156 12:54:42.798208 openat(-1, "/sys/class/block", O_RDONLY|O_DIRECTORY) = 9
134156 12:54:42.798248 fstat(9, {st_mode=S_IFDIR|0755, st_size=0, ...}) = 0
134156 12:54:42.798288 fcntl(9, F_GETFL) = 0x18000 (flags O_RDONLY|O_LARGEFILE|O_DIRECTORY)
134156 12:54:42.798322 fcntl(9, F_SETFD, FD_CLOEXEC) = 0
134156 12:54:42.798356 getdents64(9, 0x5614160ce0e0 /* 16 entries */, 32768) = 496
134156 12:54:42.798397 newfstatat(-1, "/sys/class/block/loop1/partition", 0x7ffc4fe600a0, 0) = -1 ENOENT (No such file or directory)
134156 12:54:42.798444 readlinkat(-1, "/sys/class/block/loop1", "../../devices/virtual/block/loop"..., 255) = 33
134156 12:54:42.798485 newfstatat(-1, "/sys/class/block/nvme0n1/partition", 0x7ffc4fe600a0, 0) = -1 ENOENT (No such file or directory)
134156 12:54:42.798527 readlinkat(-1, "/sys/class/block/nvme0n1", "../../devices/pci0000:00/0000:00"..., 255) = 69
134156 12:54:42.798569 openat(-1, "/sys/class/block/nvme0n1/size", O_RDONLY) = 10
134156 12:54:42.798611 read(10, "3907029168\n", 127) = 11
134156 12:54:42.798647 close(10)        = 0
134156 12:54:42.798680 openat(-1, "/sys/class/block/nvme0n1/queue/hw_sector_size", O_RDONLY) = 10
134156 12:54:42.798722 read(10, "512\n", 127) = 4
134156 12:54:42.798758 close(10)        = 0
134156 12:54:42.798790 openat(-1, "/sys/class/block/nvme0n1/device/devtype", O_RDONLY) = -1 ENOENT (No such file or directory)
134156 12:54:42.798832 openat(-1, "/sys/class/block/nvme0n1/dev", O_RDONLY) = 10
134156 12:54:42.798874 read(10, "259:0\n", 127) = 6
134156 12:54:42.798909 close(10)        = 0
134156 12:54:42.798960 access("/sys/bus/block/devices/nvme0n1", F_OK) = -1 ENOENT (No such file or directory)
134156 12:54:42.799000 access("/sys/class/block/nvme0n1", F_OK) = 0
134156 12:54:42.799041 openat(AT_FDCWD, "/", O_RDONLY|O_CLOEXEC|O_PATH|O_DIRECTORY) = 10
134156 12:54:42.799078 statx(10, ".", AT_STATX_SYNC_AS_STAT, STATX_TYPE|STATX_INO|STATX_MNT_ID, {stx_mask=STATX_BASIC_STATS|STATX_MNT_ID, stx_attributes=STATX_ATTR_MOUNT_ROOT, stx_mode=S_IFDIR|0755, stx_size=4096, ...}) = 0
134156 12:54:42.799121 statx(10, "..", AT_STATX_SYNC_AS_STAT, STATX_TYPE|STATX_INO|STATX_MNT_ID, {stx_mask=STATX_BASIC_STATS|STATX_MNT_ID, stx_attributes=STATX_ATTR_MOUNT_ROOT, stx_mode=S_IFDIR|0755, stx_size=4096, ...}) = 0
134156 12:54:42.799161 openat(10, "/", O_RDONLY|O_CLOEXEC|O_PATH|O_DIRECTORY) = 11
134156 12:54:42.799196 fstat(11, {st_mode=S_IFDIR|0755, st_size=4096, ...}) = 0
134156 12:54:42.799231 openat(AT_FDCWD, "/", O_RDONLY|O_CLOEXEC|O_PATH|O_DIRECTORY) = 12
134156 12:54:42.799266 openat(11, "sys", O_RDONLY|O_NOFOLLOW|O_CLOEXEC|O_PATH) = 13
134156 12:54:42.799301 fstat(13, {st_mode=S_IFDIR|0555, st_size=0, ...}) = 0
134156 12:54:42.799336 close(11)        = 0
134156 12:54:42.799368 openat(13, "class", O_RDONLY|O_NOFOLLOW|O_CLOEXEC|O_PATH) = 11
134156 12:54:42.799403 fstat(11, {st_mode=S_IFDIR|0755, st_size=0, ...}) = 0
134156 12:54:42.799438 close(13)        = 0
134156 12:54:42.799468 openat(11, "block", O_RDONLY|O_NOFOLLOW|O_CLOEXEC|O_PATH) = 13
134156 12:54:42.799503 fstat(13, {st_mode=S_IFDIR|0755, st_size=0, ...}) = 0
134156 12:54:42.799544 close(11)        = 0
134156 12:54:42.799579 openat(13, "nvme0n1", O_RDONLY|O_NOFOLLOW|O_CLOEXEC|O_PATH) = 11
134156 12:54:42.799614 fstat(11, {st_mode=S_IFLNK|0777, st_size=0, ...}) = 0
134156 12:54:42.799651 readlinkat(13, "nvme0n1", "../../devices/pci0000:00/0000:00"..., 4096) = 69
134156 12:54:42.799690 close(11)        = 0
134156 12:54:42.799722 openat(13, "..", O_RDONLY|O_NOFOLLOW|O_CLOEXEC|O_PATH|O_DIRECTORY) = 11
134156 12:54:42.799757 fstat(11, {st_mode=S_IFDIR|0755, st_size=0, ...}) = 0
134156 12:54:42.799793 close(13)        = 0
134156 12:54:42.799824 openat(11, "..", O_RDONLY|O_NOFOLLOW|O_CLOEXEC|O_PATH|O_DIRECTORY) = 13
134156 12:54:42.799858 fstat(13, {st_mode=S_IFDIR|0555, st_size=0, ...}) = 0
134156 12:54:42.799892 close(11)        = 0
134156 12:54:42.799922 openat(13, "devices", O_RDONLY|O_NOFOLLOW|O_CLOEXEC|O_PATH) = 11
134156 12:54:42.799956 fstat(11, {st_mode=S_IFDIR|0755, st_size=0, ...}) = 0
134156 12:54:42.799991 close(13)        = 0
134156 12:54:42.800022 openat(11, "pci0000:00", O_RDONLY|O_NOFOLLOW|O_CLOEXEC|O_PATH) = 13
134156 12:54:42.800057 fstat(13, {st_mode=S_IFDIR|0755, st_size=0, ...}) = 0
134156 12:54:42.800091 close(11)        = 0
134156 12:54:42.800123 openat(13, "0000:00:01.2", O_RDONLY|O_NOFOLLOW|O_CLOEXEC|O_PATH) = 11
134156 12:54:42.800158 fstat(11, {st_mode=S_IFDIR|0755, st_size=0, ...}) = 0
134156 12:54:42.800192 close(13)        = 0
134156 12:54:42.800223 openat(11, "0000:02:00.0", O_RDONLY|O_NOFOLLOW|O_CLOEXEC|O_PATH) = 13
134156 12:54:42.800258 fstat(13, {st_mode=S_IFDIR|0755, st_size=0, ...}) = 0
134156 12:54:42.800292 close(11)        = 0
134156 12:54:42.800323 openat(13, "nvme", O_RDONLY|O_NOFOLLOW|O_CLOEXEC|O_PATH) = 11
134156 12:54:42.800357 fstat(11, {st_mode=S_IFDIR|0755, st_size=0, ...}) = 0
134156 12:54:42.800392 close(13)        = 0
134156 12:54:42.800422 openat(11, "nvme0", O_RDONLY|O_NOFOLLOW|O_CLOEXEC|O_PATH) = 13
134156 12:54:42.800457 fstat(13, {st_mode=S_IFDIR|0755, st_size=0, ...}) = 0
134156 12:54:42.800491 close(11)        = 0
134156 12:54:42.800521 openat(13, "nvme0n1", O_RDONLY|O_NOFOLLOW|O_CLOEXEC|O_PATH) = 11
134156 12:54:42.800556 fstat(11, {st_mode=S_IFDIR|0755, st_size=0, ...}) = 0
134156 12:54:42.800592 close(13)        = 0
134156 12:54:42.800622 close(12)        = 0
134156 12:54:42.800652 close(10)        = 0
134156 12:54:42.800682 faccessat2(11, "uevent", F_OK, 0) = 0
134156 12:54:42.800719 openat(AT_FDCWD, "/proc/self/fd/11", O_RDONLY|O_NOCTTY|O_CLOEXEC|O_PATH) = 10
134156 12:54:42.800767 fstatfs(10, {f_type=SYSFS_MAGIC, f_bsize=4096, f_blocks=0, f_bfree=0, f_bavail=0, f_files=0, f_ffree=0, f_fsid={val=[0, 0]}, f_namelen=255, f_frsize=4096, f_flags=ST_VALID|ST_RDONLY|ST_NOSUID|ST_NODEV|ST_NOEXEC|ST_RELATIME}) = 0
134156 12:54:42.800805 close(10)        = 0
134156 12:54:42.800836 close(11)        = 0
134156 12:54:42.800868 getrandom("\x02\x82\x60\xd6\x4f\x49\xd2\x2e\xb2\xd0\xa4\x8f\xd3\xd3\x06\xef", 16, GRND_INSECURE) = 16
134156 12:54:42.800903 futex(0x7fd91a2c48e0, FUTEX_WAKE_PRIVATE, 2147483647) = 0
134156 12:54:42.800937 openat(AT_FDCWD, "/sys/devices/pci0000:00/0000:00:01.2/0000:02:00.0/nvme/nvme0/nvme0n1/uevent", O_RDONLY|O_NOCTTY|O_CLOEXEC) = 10
134156 12:54:42.800978 fstat(10, {st_mode=S_IFREG|0644, st_size=4096, ...}) = 0
134156 12:54:42.801015 read(10, "MAJOR=259\nMINOR=0\nDEVNAME=nvme0n"..., 4104) = 57
134156 12:54:42.801054 close(10)        = 0
134156 12:54:42.801088 getrandom("\x6e\xda\x2c\x5e\xe6\xec\xfd\x87\xa6\xe8\xc4\xe5\x99\xc9\x4f\x0e", 16, GRND_INSECURE) = 16
134156 12:54:42.801125 getrandom("\xb2\xf5\x53\xa1\x3e\x30\x72\x20\x58\x30\xe7\x79\x19\x06\xfa\xd5", 16, GRND_INSECURE) = 16
134156 12:54:42.801161 readlinkat(AT_FDCWD, "/sys/devices/pci0000:00/0000:00:01.2/0000:02:00.0/nvme/nvme0/nvme0n1/subsystem", "../../../../../../../class/block", 4096) = 32
134156 12:54:42.801205 openat(AT_FDCWD, "/run/udev/data/b259:0", O_RDONLY|O_CLOEXEC) = -1 ENOENT (No such file or directory)
134156 12:54:42.801243 openat(AT_FDCWD, "/run/udev/data/b259:0", O_RDONLY|O_CLOEXEC) = -1 ENOENT (No such file or directory)
134156 12:54:42.801279 openat(AT_FDCWD, "/run/udev/data/b259:0", O_RDONLY|O_CLOEXEC) = -1 ENOENT (No such file or directory)
134156 12:54:42.801315 openat(AT_FDCWD, "/run/udev/data/b259:0", O_RDONLY|O_CLOEXEC) = -1 ENOENT (No such file or directory)
134156 12:54:42.801350 openat(AT_FDCWD, "/run/udev/data/b259:0", O_RDONLY|O_CLOEXEC) = -1 ENOENT (No such file or directory)
134156 12:54:42.801393 newfstatat(-1, "/sys/class/block/loop8/partition", 0x7ffc4fe600a0, 0) = -1 ENOENT (No such file or directory)
134156 12:54:42.801434 readlinkat(-1, "/sys/class/block/loop8", "../../devices/virtual/block/loop"..., 255) = 33
134156 12:54:42.801473 newfstatat(-1, "/sys/class/block/loop6/partition", 0x7ffc4fe600a0, 0) = -1 ENOENT (No such file or directory)
134156 12:54:42.801512 readlinkat(-1, "/sys/class/block/loop6", "../../devices/virtual/block/loop"..., 255) = 33
134156 12:54:42.801551 newfstatat(-1, "/sys/class/block/nvme0n1p3/partition", {st_mode=S_IFREG|0444, st_size=4096, ...}, 0) = 0
134156 12:54:42.801598 newfstatat(-1, "/sys/class/block/loop4/partition", 0x7ffc4fe600a0, 0) = -1 ENOENT (No such file or directory)
134156 12:54:42.801637 readlinkat(-1, "/sys/class/block/loop4", "../../devices/virtual/block/loop"..., 255) = 33
134156 12:54:42.801678 newfstatat(-1, "/sys/class/block/nvme0n1p1/partition", {st_mode=S_IFREG|0444, st_size=4096, ...}, 0) = 0
134156 12:54:42.801724 newfstatat(-1, "/sys/class/block/loop2/partition", 0x7ffc4fe600a0, 0) = -1 ENOENT (No such file or directory)
134156 12:54:42.801763 readlinkat(-1, "/sys/class/block/loop2", "../../devices/virtual/block/loop"..., 255) = 33
134156 12:54:42.801802 newfstatat(-1, "/sys/class/block/loop0/partition", 0x7ffc4fe600a0, 0) = -1 ENOENT (No such file or directory)
134156 12:54:42.801841 readlinkat(-1, "/sys/class/block/loop0", "../../devices/virtual/block/loop"..., 255) = 33
134156 12:54:42.801880 newfstatat(-1, "/sys/class/block/loop9/partition", 0x7ffc4fe600a0, 0) = -1 ENOENT (No such file or directory)
134156 12:54:42.801919 readlinkat(-1, "/sys/class/block/loop9", "../../devices/virtual/block/loop"..., 255) = 33
134156 12:54:42.801958 newfstatat(-1, "/sys/class/block/loop7/partition", 0x7ffc4fe600a0, 0) = -1 ENOENT (No such file or directory)
134156 12:54:42.801997 readlinkat(-1, "/sys/class/block/loop7", "../../devices/virtual/block/loop"..., 255) = 33
134156 12:54:42.802036 newfstatat(-1, "/sys/class/block/loop5/partition", 0x7ffc4fe600a0, 0) = -1 ENOENT (No such file or directory)
134156 12:54:42.802075 readlinkat(-1, "/sys/class/block/loop5", "../../devices/virtual/block/loop"..., 255) = 33
134156 12:54:42.802114 newfstatat(-1, "/sys/class/block/nvme0n1p2/partition", {st_mode=S_IFREG|0444, st_size=4096, ...}, 0) = 0
134156 12:54:42.802160 newfstatat(-1, "/sys/class/block/loop3/partition", 0x7ffc4fe600a0, 0) = -1 ENOENT (No such file or directory)
134156 12:54:42.802200 readlinkat(-1, "/sys/class/block/loop3", "../../devices/virtual/block/loop"..., 255) = 33
134156 12:54:42.802238 getdents64(9, 0x5614160ce0e0 /* 0 entries */, 32768) = 0
134156 12:54:42.802270 close(9)         = 0
134156 12:54:42.802302 openat(-1, "/sys/bus/dax/devices", O_RDONLY|O_DIRECTORY) = 9
134156 12:54:42.802341 fstat(9, {st_mode=S_IFDIR|0755, st_size=0, ...}) = 0
134156 12:54:42.802378 fcntl(9, F_GETFL) = 0x18000 (flags O_RDONLY|O_LARGEFILE|O_DIRECTORY)
134156 12:54:42.802409 fcntl(9, F_SETFD, FD_CLOEXEC) = 0
134156 12:54:42.802439 getdents64(9, 0x5614160ce0e0 /* 2 entries */, 32768) = 48
134156 12:54:42.802473 getdents64(9, 0x5614160ce0e0 /* 0 entries */, 32768) = 0
134156 12:54:42.802503 close(9)         = 0
134156 12:54:42.802532 openat(-1, "/sys/class/net", O_RDONLY|O_DIRECTORY) = 9
134156 12:54:42.802569 fstat(9, {st_mode=S_IFDIR|0755, st_size=0, ...}) = 0
134156 12:54:42.802605 fcntl(9, F_GETFL) = 0x18000 (flags O_RDONLY|O_LARGEFILE|O_DIRECTORY)
134156 12:54:42.802636 fcntl(9, F_SETFD, FD_CLOEXEC) = 0
134156 12:54:42.802665 getdents64(9, 0x5614160ce0e0 /* 4 entries */, 32768) = 96
134156 12:54:42.802702 readlinkat(-1, "/sys/class/net/lo", "../../devices/virtual/net/lo", 255) = 28
134156 12:54:42.802741 readlinkat(-1, "/sys/class/net/eth0", "../../devices/virtual/net/eth0", 255) = 30
134156 12:54:42.802780 getdents64(9, 0x5614160ce0e0 /* 0 entries */, 32768) = 0
134156 12:54:42.802811 close(9)         = 0
134156 12:54:42.802842 openat(-1, "/sys/class/infiniband", O_RDONLY|O_DIRECTORY) = 9
134156 12:54:42.802880 fstat(9, {st_mode=S_IFDIR|0755, st_size=0, ...}) = 0
134156 12:54:42.802914 fcntl(9, F_GETFL) = 0x18000 (flags O_RDONLY|O_LARGEFILE|O_DIRECTORY)
134156 12:54:42.802944 fcntl(9, F_SETFD, FD_CLOEXEC) = 0
134156 12:54:42.802974 getdents64(9, 0x5614160ce0e0 /* 2 entries */, 32768) = 48
134156 12:54:42.803008 getdents64(9, 0x5614160ce0e0 /* 0 entries */, 32768) = 0
134156 12:54:42.803038 close(9)         = 0
134156 12:54:42.803067 openat(-1, "/sys/class/ve", O_RDONLY|O_DIRECTORY) = -1 ENOENT (No such file or directory)
134156 12:54:42.803104 openat(-1, "/sys/class/bxi", O_RDONLY|O_DIRECTORY) = -1 ENOENT (No such file or directory)
134156 12:54:42.803141 openat(-1, "/sys/bus/cxl/devices", O_RDONLY|O_DIRECTORY) = -1 ENOENT (No such file or directory)
134156 12:54:42.803200 socket(AF_UNIX, SOCK_STREAM|SOCK_CLOEXEC, 0) = 9
134156 12:54:42.803241 connect(9, {sa_family=AF_UNIX, sun_path=@"/tmp/.X11-unix/X0"}, 20) = -1 ECONNREFUSED (Connection refused)
134156 12:54:42.803286 close(9)         = 0
134156 12:54:42.803323 socket(AF_UNIX, SOCK_STREAM|SOCK_CLOEXEC, 0) = 9
134156 12:54:42.803356 getsockopt(9, SOL_SOCKET, SO_SNDBUF, [212992], [4]) = 0
134156 12:54:42.803396 connect(9, {sa_family=AF_UNIX, sun_path="/tmp/.X11-unix/X0"}, 110) = -1 ENOENT (No such file or directory)
134156 12:54:42.803435 close(9)         = 0
134156 12:54:42.803472 socket(AF_UNIX, SOCK_STREAM|SOCK_CLOEXEC|SOCK_NONBLOCK, 0) = 9
134156 12:54:42.803506 connect(9, {sa_family=AF_UNIX, sun_path="/var/run/nscd/socket"}, 110) = -1 ENOENT (No such file or directory)
134156 12:54:42.803556 close(9)         = 0
134156 12:54:42.803589 socket(AF_UNIX, SOCK_STREAM|SOCK_CLOEXEC|SOCK_NONBLOCK, 0) = 9
134156 12:54:42.803622 connect(9, {sa_family=AF_UNIX, sun_path="/var/run/nscd/socket"}, 110) = -1 ENOENT (No such file or directory)
134156 12:54:42.803661 close(9)         = 0
134156 12:54:42.803695 newfstatat(AT_FDCWD, "/etc/nsswitch.conf", {st_mode=S_IFREG|0644, st_size=494, ...}, 0) = 0
134156 12:54:42.803736 newfstatat(AT_FDCWD, "/", {st_mode=S_IFDIR|0755, st_size=4096, ...}, 0) = 0
134156 12:54:42.803776 openat(AT_FDCWD, "/etc/nsswitch.conf", O_RDONLY|O_CLOEXEC) = 9
134156 12:54:42.803815 fstat(9, {st_mode=S_IFREG|0644, st_size=494, ...}) = 0
134156 12:54:42.803854 read(9, "# /etc/nsswitch.conf\n#\n# Example"..., 4096) = 494
134156 12:54:42.803898 read(9, "", 4096) = 0
134156 12:54:42.803931 fstat(9, {st_mode=S_IFREG|0644, st_size=494, ...}) = 0
134156 12:54:42.803967 close(9)         = 0
134156 12:54:42.804001 newfstatat(AT_FDCWD, "/etc/resolv.conf", {st_mode=S_IFREG|0644, st_size=274, ...}, 0) = 0
134156 12:54:42.804041 openat(AT_FDCWD, "/etc/host.conf", O_RDONLY|O_CLOEXEC) = 9
134156 12:54:42.804080 fstat(9, {st_mode=S_IFREG|0644, st_size=92, ...}) = 0
134156 12:54:42.804116 read(9, "# The \"order\" line is only used "..., 4096) = 92
134156 12:54:42.804153 read(9, "", 4096) = 0
134156 12:54:42.804185 close(9)         = 0
134156 12:54:42.804217 futex(0x7fd91a63e66c, FUTEX_WAKE_PRIVATE, 2147483647) = 0
134156 12:54:42.804246 openat(AT_FDCWD, "/etc/resolv.conf", O_RDONLY|O_CLOEXEC) = 9
134156 12:54:42.804283 fstat(9, {st_mode=S_IFREG|0644, st_size=274, ...}) = 0
134156 12:54:42.804320 read(9, "# Generated by Docker Engine.\n# "..., 4096) = 274
134156 12:54:42.804356 read(9, "", 4096) = 0
134156 12:54:42.804388 fstat(9, {st_mode=S_IFREG|0644, st_size=274, ...}) = 0
134156 12:54:42.804422 close(9)         = 0
134156 12:54:42.804462 openat(AT_FDCWD, "/etc/hosts", O_RDONLY|O_CLOEXEC) = 9
134156 12:54:42.804499 fstat(9, {st_mode=S_IFREG|0644, st_size=172, ...}) = 0
134156 12:54:42.804534 lseek(9, 0, SEEK_SET) = 0
134156 12:54:42.804566 read(9, "127.0.0.1\tlocalhost\n::1\tlocalhos"..., 4096) = 172
134156 12:54:42.804604 read(9, "", 4096) = 0
134156 12:54:42.804634 close(9)         = 0
134156 12:54:42.804665 openat(AT_FDCWD, "/etc/gai.conf", O_RDONLY|O_CLOEXEC) = 9
134156 12:54:42.804704 fstat(9, {st_mode=S_IFREG|0644, st_size=2584, ...}) = 0
134156 12:54:42.804739 fstat(9, {st_mode=S_IFREG|0644, st_size=2584, ...}) = 0
134156 12:54:42.804774 read(9, "# Configuration for getaddrinfo("..., 4096) = 2584
134156 12:54:42.804811 read(9, "", 4096) = 0
134156 12:54:42.804842 close(9)         = 0
134156 12:54:42.804873 futex(0x7fd91a643ec4, FUTEX_WAKE_PRIVATE, 2147483647) = 0
134156 12:54:42.804904 socket(AF_NETLINK, SOCK_RAW|SOCK_CLOEXEC, NETLINK_ROUTE) = 9
134156 12:54:42.804939 bind(9, {sa_family=AF_NETLINK, nl_pid=0, nl_groups=00000000}, 12) = 0
134156 12:54:42.804976 getsockname(9, {sa_family=AF_NETLINK, nl_pid=134156, nl_groups=00000000}, [12]) = 0
134156 12:54:42.805014 sendto(9, [{nlmsg_len=20, nlmsg_type=RTM_GETADDR, nlmsg_flags=NLM_F_REQUEST|NLM_F_DUMP, nlmsg_seq=1789822482, nlmsg_pid=0}, {ifa_family=AF_UNSPEC, ...}], 20, 0, {sa_family=AF_NETLINK, nl_pid=0, nl_groups=00000000}, 12) = 20
134156 12:54:42.805150 recvmsg(9, {msg_name={sa_family=AF_NETLINK, nl_pid=0, nl_groups=00000000}, msg_namelen=12, msg_iov=[{iov_base=[[{nlmsg_len=76, nlmsg_type=RTM_NEWADDR, nlmsg_flags=NLM_F_MULTI, nlmsg_seq=1789822482, nlmsg_pid=134156}, {ifa_family=AF_INET, ifa_prefixlen=8, ifa_flags=IFA_F_PERMANENT, ifa_scope=RT_SCOPE_HOST, ifa_index=if_nametoindex("lo")}, [[{nla_len=8, nla_type=IFA_ADDRESS}, inet_addr("127.0.0.1")], [{nla_len=8, nla_type=IFA_LOCAL}, inet_addr("127.0.0.1")], [{nla_len=7, nla_type=IFA_LABEL}, "lo"], [{nla_len=8, nla_type=IFA_FLAGS}, IFA_F_PERMANENT], [{nla_len=20, nla_type=IFA_CACHEINFO}, {ifa_prefered=4294967295, ifa_valid=4294967295, cstamp=21214368, tstamp=21214368}]]], [{nlmsg_len=88, nlmsg_type=RTM_NEWADDR, nlmsg_flags=NLM_F_MULTI, nlmsg_seq=1789822482, nlmsg_pid=134156}, {ifa_family=AF_INET, ifa_prefixlen=16, ifa_flags=IFA_F_PERMANENT, ifa_scope=RT_SCOPE_UNIVERSE, ifa_index=if_nametoindex("eth0")}, [[{nla_len=8, nla_type=IFA_ADDRESS}, inet_addr("172.17.0.3")], [{nla_len=8, nla_type=IFA_LOCAL}, inet_addr("172.17.0.3")], [{nla_len=8, nla_type=IFA_BROADCAST}, inet_addr("172.17.255.255")], [{nla_len=9, nla_type=IFA_LABEL}, "eth0"], [{nla_len=8, nla_type=IFA_FLAGS}, IFA_F_PERMANENT], [{nla_len=20, nla_type=IFA_CACHEINFO}, {ifa_prefered=4294967295, ifa_valid=4294967295, cstamp=21214393, tstamp=21214393}]]]], iov_len=4096}], msg_iovlen=1, msg_controllen=0, msg_flags=0}, 0) = 164
134156 12:54:42.805241 recvmsg(9, {msg_name={sa_family=AF_NETLINK, nl_pid=0, nl_groups=00000000}, msg_namelen=12, msg_iov=[{iov_base=[{nlmsg_len=72, nlmsg_type=RTM_NEWADDR, nlmsg_flags=NLM_F_MULTI, nlmsg_seq=1789822482, nlmsg_pid=134156}, {ifa_family=AF_INET6, ifa_prefixlen=128, ifa_flags=IFA_F_PERMANENT, ifa_scope=RT_SCOPE_HOST, ifa_index=if_nametoindex("lo")}, [[{nla_len=20, nla_type=IFA_ADDRESS}, inet_pton(AF_INET6, "::1")], [{nla_len=20, nla_type=IFA_CACHEINFO}, {ifa_prefered=4294967295, ifa_valid=4294967295, cstamp=21214368, tstamp=21214368}], [{nla_len=8, nla_type=IFA_FLAGS}, IFA_F_PERMANENT]]], iov_len=4096}], msg_iovlen=1, msg_controllen=0, msg_flags=0}, 0) = 72
134156 12:54:42.805302 recvmsg(9, {msg_name={sa_family=AF_NETLINK, nl_pid=0, nl_groups=00000000}, msg_namelen=12, msg_iov=[{iov_base=[{nlmsg_len=20, nlmsg_type=NLMSG_DONE, nlmsg_flags=NLM_F_MULTI, nlmsg_seq=1789822482, nlmsg_pid=134156}, 0], iov_len=4096}], msg_iovlen=1, msg_controllen=0, msg_flags=0}, 0) = 20
134156 12:54:42.805349 close(9)         = 0
134156 12:54:42.805383 socket(AF_INET, SOCK_DGRAM|SOCK_CLOEXEC, IPPROTO_IP) = 9
134156 12:54:42.805419 connect(9, {sa_family=AF_INET, sin_port=htons(6000), sin_addr=inet_addr("127.0.0.1")}, 16) = 0
134156 12:54:42.805461 getsockname(9, {sa_family=AF_INET, sin_port=htons(46379), sin_addr=inet_addr("127.0.0.1")}, [28 => 16]) = 0
134156 12:54:42.805498 close(9)         = 0
134156 12:54:42.805532 socket(AF_INET6, SOCK_DGRAM|SOCK_CLOEXEC, IPPROTO_IP) = 9
134156 12:54:42.805567 connect(9, {sa_family=AF_INET6, sin6_port=htons(6000), sin6_flowinfo=htonl(0), inet_pton(AF_INET6, "::1", &sin6_addr), sin6_scope_id=0}, 28) = 0
134156 12:54:42.805609 getsockname(9, {sa_family=AF_INET6, sin6_port=htons(39332), sin6_flowinfo=htonl(0), inet_pton(AF_INET6, "::1", &sin6_addr), sin6_scope_id=0}, [28]) = 0
134156 12:54:42.805647 close(9)         = 0
134156 12:54:42.805681 socket(AF_INET6, SOCK_STREAM|SOCK_CLOEXEC, IPPROTO_TCP) = 9
134156 12:54:42.805717 setsockopt(9, SOL_TCP, TCP_NODELAY, [1], 4) = 0
134156 12:54:42.805752 setsockopt(9, SOL_SOCKET, SO_KEEPALIVE, [1], 4) = 0
134156 12:54:42.805787 connect(9, {sa_family=AF_INET6, sin6_port=htons(6000), sin6_flowinfo=htonl(0), inet_pton(AF_INET6, "::1", &sin6_addr), sin6_scope_id=0}, 28) = -1 ECONNREFUSED (Connection refused)
134156 12:54:42.805852 close(9)         = 0
134156 12:54:42.805887 socket(AF_INET, SOCK_STREAM|SOCK_CLOEXEC, IPPROTO_TCP) = 9
134156 12:54:42.805921 setsockopt(9, SOL_TCP, TCP_NODELAY, [1], 4) = 0
134156 12:54:42.805955 setsockopt(9, SOL_SOCKET, SO_KEEPALIVE, [1], 4) = 0
134156 12:54:42.805988 connect(9, {sa_family=AF_INET, sin_port=htons(6000), sin_addr=inet_addr("127.0.0.1")}, 16) = -1 ECONNREFUSED (Connection refused)
134156 12:54:42.806040 close(9)         = 0
134156 12:54:42.806079 socket(AF_UNIX, SOCK_STREAM|SOCK_CLOEXEC, 0) = 9
134156 12:54:42.806115 connect(9, {sa_family=AF_UNIX, sun_path=@"/tmp/.X11-unix/X1"}, 20) = -1 ECONNREFUSED (Connection refused)
134156 12:54:42.806153 close(9)         = 0
134156 12:54:42.806186 socket(AF_UNIX, SOCK_STREAM|SOCK_CLOEXEC, 0) = 9
134156 12:54:42.806219 getsockopt(9, SOL_SOCKET, SO_SNDBUF, [212992], [4]) = 0
134156 12:54:42.806257 connect(9, {sa_family=AF_UNIX, sun_path="/tmp/.X11-unix/X1"}, 110) = -1 ENOENT (No such file or directory)
134156 12:54:42.806295 close(9)         = 0
134156 12:54:42.806329 newfstatat(AT_FDCWD, "/etc/nsswitch.conf", {st_mode=S_IFREG|0644, st_size=494, ...}, 0) = 0
134156 12:54:42.806370 newfstatat(AT_FDCWD, "/etc/resolv.conf", {st_mode=S_IFREG|0644, st_size=274, ...}, 0) = 0
134156 12:54:42.806410 openat(AT_FDCWD, "/etc/hosts", O_RDONLY|O_CLOEXEC) = 9
134156 12:54:42.806447 fstat(9, {st_mode=S_IFREG|0644, st_size=172, ...}) = 0
134156 12:54:42.806482 lseek(9, 0, SEEK_SET) = 0
134156 12:54:42.806514 read(9, "127.0.0.1\tlocalhost\n::1\tlocalhos"..., 4096) = 172
134156 12:54:42.806551 read(9, "", 4096) = 0
134156 12:54:42.806582 close(9)         = 0
134156 12:54:42.806613 socket(AF_NETLINK, SOCK_RAW|SOCK_CLOEXEC, NETLINK_ROUTE) = 9
134156 12:54:42.806646 bind(9, {sa_family=AF_NETLINK, nl_pid=0, nl_groups=00000000}, 12) = 0
134156 12:54:42.806681 getsockname(9, {sa_family=AF_NETLINK, nl_pid=134156, nl_groups=00000000}, [12]) = 0
134156 12:54:42.806717 sendto(9, [{nlmsg_len=20, nlmsg_type=RTM_GETADDR, nlmsg_flags=NLM_F_REQUEST|NLM_F_DUMP, nlmsg_seq=1789822482, nlmsg_pid=0}, {ifa_family=AF_UNSPEC, ...}], 20, 0, {sa_family=AF_NETLINK, nl_pid=0, nl_groups=00000000}, 12) = 20
134156 12:54:42.806799 recvmsg(9, {msg_name={sa_family=AF_NETLINK, nl_pid=0, nl_groups=00000000}, msg_namelen=12, msg_iov=[{iov_base=[[{nlmsg_len=76, nlmsg_type=RTM_NEWADDR, nlmsg_flags=NLM_F_MULTI, nlmsg_seq=1789822482, nlmsg_pid=134156}, {ifa_family=AF_INET, ifa_prefixlen=8, ifa_flags=IFA_F_PERMANENT, ifa_scope=RT_SCOPE_HOST, ifa_index=if_nametoindex("lo")}, [[{nla_len=8, nla_type=IFA_ADDRESS}, inet_addr("127.0.0.1")], [{nla_len=8, nla_type=IFA_LOCAL}, inet_addr("127.0.0.1")], [{nla_len=7, nla_type=IFA_LABEL}, "lo"], [{nla_len=8, nla_type=IFA_FLAGS}, IFA_F_PERMANENT], [{nla_len=20, nla_type=IFA_CACHEINFO}, {ifa_prefered=4294967295, ifa_valid=4294967295, cstamp=21214368, tstamp=21214368}]]], [{nlmsg_len=88, nlmsg_type=RTM_NEWADDR, nlmsg_flags=NLM_F_MULTI, nlmsg_seq=1789822482, nlmsg_pid=134156}, {ifa_family=AF_INET, ifa_prefixlen=16, ifa_flags=IFA_F_PERMANENT, ifa_scope=RT_SCOPE_UNIVERSE, ifa_index=if_nametoindex("eth0")}, [[{nla_len=8, nla_type=IFA_ADDRESS}, inet_addr("172.17.0.3")], [{nla_len=8, nla_type=IFA_LOCAL}, inet_addr("172.17.0.3")], [{nla_len=8, nla_type=IFA_BROADCAST}, inet_addr("172.17.255.255")], [{nla_len=9, nla_type=IFA_LABEL}, "eth0"], [{nla_len=8, nla_type=IFA_FLAGS}, IFA_F_PERMANENT], [{nla_len=20, nla_type=IFA_CACHEINFO}, {ifa_prefered=4294967295, ifa_valid=4294967295, cstamp=21214393, tstamp=21214393}]]]], iov_len=4096}], msg_iovlen=1, msg_controllen=0, msg_flags=0}, 0) = 164
134156 12:54:42.806873 recvmsg(9, {msg_name={sa_family=AF_NETLINK, nl_pid=0, nl_groups=00000000}, msg_namelen=12, msg_iov=[{iov_base=[{nlmsg_len=72, nlmsg_type=RTM_NEWADDR, nlmsg_flags=NLM_F_MULTI, nlmsg_seq=1789822482, nlmsg_pid=134156}, {ifa_family=AF_INET6, ifa_prefixlen=128, ifa_flags=IFA_F_PERMANENT, ifa_scope=RT_SCOPE_HOST, ifa_index=if_nametoindex("lo")}, [[{nla_len=20, nla_type=IFA_ADDRESS}, inet_pton(AF_INET6, "::1")], [{nla_len=20, nla_type=IFA_CACHEINFO}, {ifa_prefered=4294967295, ifa_valid=4294967295, cstamp=21214368, tstamp=21214368}], [{nla_len=8, nla_type=IFA_FLAGS}, IFA_F_PERMANENT]]], iov_len=4096}], msg_iovlen=1, msg_controllen=0, msg_flags=0}, 0) = 72
134156 12:54:42.806931 recvmsg(9, {msg_name={sa_family=AF_NETLINK, nl_pid=0, nl_groups=00000000}, msg_namelen=12, msg_iov=[{iov_base=[{nlmsg_len=20, nlmsg_type=NLMSG_DONE, nlmsg_flags=NLM_F_MULTI, nlmsg_seq=1789822482, nlmsg_pid=134156}, 0], iov_len=4096}], msg_iovlen=1, msg_controllen=0, msg_flags=0}, 0) = 20
134156 12:54:42.806982 close(9)         = 0
134156 12:54:42.807015 socket(AF_INET, SOCK_DGRAM|SOCK_CLOEXEC, IPPROTO_IP) = 9
134156 12:54:42.807049 connect(9, {sa_family=AF_INET, sin_port=htons(6001), sin_addr=inet_addr("127.0.0.1")}, 16) = 0
134156 12:54:42.807085 getsockname(9, {sa_family=AF_INET, sin_port=htons(42672), sin_addr=inet_addr("127.0.0.1")}, [28 => 16]) = 0
134156 12:54:42.807121 close(9)         = 0
134156 12:54:42.807153 socket(AF_INET6, SOCK_DGRAM|SOCK_CLOEXEC, IPPROTO_IP) = 9
134156 12:54:42.807187 connect(9, {sa_family=AF_INET6, sin6_port=htons(6001), sin6_flowinfo=htonl(0), inet_pton(AF_INET6, "::1", &sin6_addr), sin6_scope_id=0}, 28) = 0
134156 12:54:42.807224 getsockname(9, {sa_family=AF_INET6, sin6_port=htons(41155), sin6_flowinfo=htonl(0), inet_pton(AF_INET6, "::1", &sin6_addr), sin6_scope_id=0}, [28]) = 0
134156 12:54:42.807260 close(9)         = 0
134156 12:54:42.807292 socket(AF_INET6, SOCK_STREAM|SOCK_CLOEXEC, IPPROTO_TCP) = 9
134156 12:54:42.807326 setsockopt(9, SOL_TCP, TCP_NODELAY, [1], 4) = 0
134156 12:54:42.807360 setsockopt(9, SOL_SOCKET, SO_KEEPALIVE, [1], 4) = 0
134156 12:54:42.807393 connect(9, {sa_family=AF_INET6, sin6_port=htons(6001), sin6_flowinfo=htonl(0), inet_pton(AF_INET6, "::1", &sin6_addr), sin6_scope_id=0}, 28) = -1 ECONNREFUSED (Connection refused)
134156 12:54:42.807440 close(9)         = 0
134156 12:54:42.807474 socket(AF_INET, SOCK_STREAM|SOCK_CLOEXEC, IPPROTO_TCP) = 9
134156 12:54:42.807507 setsockopt(9, SOL_TCP, TCP_NODELAY, [1], 4) = 0
134156 12:54:42.807553 setsockopt(9, SOL_SOCKET, SO_KEEPALIVE, [1], 4) = 0
134156 12:54:42.807587 connect(9, {sa_family=AF_INET, sin_port=htons(6001), sin_addr=inet_addr("127.0.0.1")}, 16) = -1 ECONNREFUSED (Connection refused)
134156 12:54:42.807632 close(9)         = 0
134156 12:54:42.807669 socket(AF_UNIX, SOCK_STREAM|SOCK_CLOEXEC, 0) = 9
134156 12:54:42.807703 connect(9, {sa_family=AF_UNIX, sun_path=@"/tmp/.X11-unix/X2"}, 20) = -1 ECONNREFUSED (Connection refused)
134156 12:54:42.807739 close(9)         = 0
134156 12:54:42.807772 socket(AF_UNIX, SOCK_STREAM|SOCK_CLOEXEC, 0) = 9
134156 12:54:42.807805 getsockopt(9, SOL_SOCKET, SO_SNDBUF, [212992], [4]) = 0
134156 12:54:42.807842 connect(9, {sa_family=AF_UNIX, sun_path="/tmp/.X11-unix/X2"}, 110) = -1 ENOENT (No such file or directory)
134156 12:54:42.807880 close(9)         = 0
134156 12:54:42.807914 newfstatat(AT_FDCWD, "/etc/nsswitch.conf", {st_mode=S_IFREG|0644, st_size=494, ...}, 0) = 0
134156 12:54:42.807955 newfstatat(AT_FDCWD, "/etc/resolv.conf", {st_mode=S_IFREG|0644, st_size=274, ...}, 0) = 0
134156 12:54:42.807995 openat(AT_FDCWD, "/etc/hosts", O_RDONLY|O_CLOEXEC) = 9
134156 12:54:42.808032 fstat(9, {st_mode=S_IFREG|0644, st_size=172, ...}) = 0
134156 12:54:42.808073 lseek(9, 0, SEEK_SET) = 0
134156 12:54:42.808104 read(9, "127.0.0.1\tlocalhost\n::1\tlocalhos"..., 4096) = 172
134156 12:54:42.808141 read(9, "", 4096) = 0
134156 12:54:42.808172 close(9)         = 0
134156 12:54:42.808205 socket(AF_NETLINK, SOCK_RAW|SOCK_CLOEXEC, NETLINK_ROUTE) = 9
134156 12:54:42.808237 bind(9, {sa_family=AF_NETLINK, nl_pid=0, nl_groups=00000000}, 12) = 0
134156 12:54:42.808272 getsockname(9, {sa_family=AF_NETLINK, nl_pid=134156, nl_groups=00000000}, [12]) = 0
134156 12:54:42.808308 sendto(9, [{nlmsg_len=20, nlmsg_type=RTM_GETADDR, nlmsg_flags=NLM_F_REQUEST|NLM_F_DUMP, nlmsg_seq=1789822482, nlmsg_pid=0}, {ifa_family=AF_UNSPEC, ...}], 20, 0, {sa_family=AF_NETLINK, nl_pid=0, nl_groups=00000000}, 12) = 20
134156 12:54:42.808392 recvmsg(9, {msg_name={sa_family=AF_NETLINK, nl_pid=0, nl_groups=00000000}, msg_namelen=12, msg_iov=[{iov_base=[[{nlmsg_len=76, nlmsg_type=RTM_NEWADDR, nlmsg_flags=NLM_F_MULTI, nlmsg_seq=1789822482, nlmsg_pid=134156}, {ifa_family=AF_INET, ifa_prefixlen=8, ifa_flags=IFA_F_PERMANENT, ifa_scope=RT_SCOPE_HOST, ifa_index=if_nametoindex("lo")}, [[{nla_len=8, nla_type=IFA_ADDRESS}, inet_addr("127.0.0.1")], [{nla_len=8, nla_type=IFA_LOCAL}, inet_addr("127.0.0.1")], [{nla_len=7, nla_type=IFA_LABEL}, "lo"], [{nla_len=8, nla_type=IFA_FLAGS}, IFA_F_PERMANENT], [{nla_len=20, nla_type=IFA_CACHEINFO}, {ifa_prefered=4294967295, ifa_valid=4294967295, cstamp=21214368, tstamp=21214368}]]], [{nlmsg_len=88, nlmsg_type=RTM_NEWADDR, nlmsg_flags=NLM_F_MULTI, nlmsg_seq=1789822482, nlmsg_pid=134156}, {ifa_family=AF_INET, ifa_prefixlen=16, ifa_flags=IFA_F_PERMANENT, ifa_scope=RT_SCOPE_UNIVERSE, ifa_index=if_nametoindex("eth0")}, [[{nla_len=8, nla_type=IFA_ADDRESS}, inet_addr("172.17.0.3")], [{nla_len=8, nla_type=IFA_LOCAL}, inet_addr("172.17.0.3")], [{nla_len=8, nla_type=IFA_BROADCAST}, inet_addr("172.17.255.255")], [{nla_len=9, nla_type=IFA_LABEL}, "eth0"], [{nla_len=8, nla_type=IFA_FLAGS}, IFA_F_PERMANENT], [{nla_len=20, nla_type=IFA_CACHEINFO}, {ifa_prefered=4294967295, ifa_valid=4294967295, cstamp=21214393, tstamp=21214393}]]]], iov_len=4096}], msg_iovlen=1, msg_controllen=0, msg_flags=0}, 0) = 164
134156 12:54:42.808469 recvmsg(9, {msg_name={sa_family=AF_NETLINK, nl_pid=0, nl_groups=00000000}, msg_namelen=12, msg_iov=[{iov_base=[{nlmsg_len=72, nlmsg_type=RTM_NEWADDR, nlmsg_flags=NLM_F_MULTI, nlmsg_seq=1789822482, nlmsg_pid=134156}, {ifa_family=AF_INET6, ifa_prefixlen=128, ifa_flags=IFA_F_PERMANENT, ifa_scope=RT_SCOPE_HOST, ifa_index=if_nametoindex("lo")}, [[{nla_len=20, nla_type=IFA_ADDRESS}, inet_pton(AF_INET6, "::1")], [{nla_len=20, nla_type=IFA_CACHEINFO}, {ifa_prefered=4294967295, ifa_valid=4294967295, cstamp=21214368, tstamp=21214368}], [{nla_len=8, nla_type=IFA_FLAGS}, IFA_F_PERMANENT]]], iov_len=4096}], msg_iovlen=1, msg_controllen=0, msg_flags=0}, 0) = 72
134156 12:54:42.808528 recvmsg(9, {msg_name={sa_family=AF_NETLINK, nl_pid=0, nl_groups=00000000}, msg_namelen=12, msg_iov=[{iov_base=[{nlmsg_len=20, nlmsg_type=NLMSG_DONE, nlmsg_flags=NLM_F_MULTI, nlmsg_seq=1789822482, nlmsg_pid=134156}, 0], iov_len=4096}], msg_iovlen=1, msg_controllen=0, msg_flags=0}, 0) = 20
134156 12:54:42.808574 close(9)         = 0
134156 12:54:42.808607 socket(AF_INET, SOCK_DGRAM|SOCK_CLOEXEC, IPPROTO_IP) = 9
134156 12:54:42.808641 connect(9, {sa_family=AF_INET, sin_port=htons(6002), sin_addr=inet_addr("127.0.0.1")}, 16) = 0
134156 12:54:42.808677 getsockname(9, {sa_family=AF_INET, sin_port=htons(37957), sin_addr=inet_addr("127.0.0.1")}, [28 => 16]) = 0
134156 12:54:42.808713 close(9)         = 0
134156 12:54:42.808746 socket(AF_INET6, SOCK_DGRAM|SOCK_CLOEXEC, IPPROTO_IP) = 9
134156 12:54:42.808779 connect(9, {sa_family=AF_INET6, sin6_port=htons(6002), sin6_flowinfo=htonl(0), inet_pton(AF_INET6, "::1", &sin6_addr), sin6_scope_id=0}, 28) = 0
134156 12:54:42.808816 getsockname(9, {sa_family=AF_INET6, sin6_port=htons(49371), sin6_flowinfo=htonl(0), inet_pton(AF_INET6, "::1", &sin6_addr), sin6_scope_id=0}, [28]) = 0
134156 12:54:42.808852 close(9)         = 0
134156 12:54:42.808884 socket(AF_INET6, SOCK_STREAM|SOCK_CLOEXEC, IPPROTO_TCP) = 9
134156 12:54:42.808918 setsockopt(9, SOL_TCP, TCP_NODELAY, [1], 4) = 0
134156 12:54:42.808951 setsockopt(9, SOL_SOCKET, SO_KEEPALIVE, [1], 4) = 0
134156 12:54:42.808985 connect(9, {sa_family=AF_INET6, sin6_port=htons(6002), sin6_flowinfo=htonl(0), inet_pton(AF_INET6, "::1", &sin6_addr), sin6_scope_id=0}, 28) = -1 ECONNREFUSED (Connection refused)
134156 12:54:42.809032 close(9)         = 0
134156 12:54:42.809066 socket(AF_INET, SOCK_STREAM|SOCK_CLOEXEC, IPPROTO_TCP) = 9
134156 12:54:42.809099 setsockopt(9, SOL_TCP, TCP_NODELAY, [1], 4) = 0
134156 12:54:42.809132 setsockopt(9, SOL_SOCKET, SO_KEEPALIVE, [1], 4) = 0
134156 12:54:42.809165 connect(9, {sa_family=AF_INET, sin_port=htons(6002), sin_addr=inet_addr("127.0.0.1")}, 16) = -1 ECONNREFUSED (Connection refused)
134156 12:54:42.809209 close(9)         = 0
134156 12:54:42.809245 socket(AF_UNIX, SOCK_STREAM|SOCK_CLOEXEC, 0) = 9
134156 12:54:42.809279 connect(9, {sa_family=AF_UNIX, sun_path=@"/tmp/.X11-unix/X3"}, 20) = -1 ECONNREFUSED (Connection refused)
134156 12:54:42.809316 close(9)         = 0
134156 12:54:42.809348 socket(AF_UNIX, SOCK_STREAM|SOCK_CLOEXEC, 0) = 9
134156 12:54:42.809382 getsockopt(9, SOL_SOCKET, SO_SNDBUF, [212992], [4]) = 0
134156 12:54:42.809419 connect(9, {sa_family=AF_UNIX, sun_path="/tmp/.X11-unix/X3"}, 110) = -1 ENOENT (No such file or directory)
134156 12:54:42.809458 close(9)         = 0
134156 12:54:42.809491 newfstatat(AT_FDCWD, "/etc/nsswitch.conf", {st_mode=S_IFREG|0644, st_size=494, ...}, 0) = 0
134156 12:54:42.809532 newfstatat(AT_FDCWD, "/etc/resolv.conf", {st_mode=S_IFREG|0644, st_size=274, ...}, 0) = 0
134156 12:54:42.809572 openat(AT_FDCWD, "/etc/hosts", O_RDONLY|O_CLOEXEC) = 9
134156 12:54:42.809609 fstat(9, {st_mode=S_IFREG|0644, st_size=172, ...}) = 0
134156 12:54:42.809644 lseek(9, 0, SEEK_SET) = 0
134156 12:54:42.809676 read(9, "127.0.0.1\tlocalhost\n::1\tlocalhos"..., 4096) = 172
134156 12:54:42.809713 read(9, "", 4096) = 0
134156 12:54:42.809743 close(9)         = 0
134156 12:54:42.809774 socket(AF_NETLINK, SOCK_RAW|SOCK_CLOEXEC, NETLINK_ROUTE) = 9
134156 12:54:42.809807 bind(9, {sa_family=AF_NETLINK, nl_pid=0, nl_groups=00000000}, 12) = 0
134156 12:54:42.809841 getsockname(9, {sa_family=AF_NETLINK, nl_pid=134156, nl_groups=00000000}, [12]) = 0
134156 12:54:42.809876 sendto(9, [{nlmsg_len=20, nlmsg_type=RTM_GETADDR, nlmsg_flags=NLM_F_REQUEST|NLM_F_DUMP, nlmsg_seq=1789822482, nlmsg_pid=0}, {ifa_family=AF_UNSPEC, ...}], 20, 0, {sa_family=AF_NETLINK, nl_pid=0, nl_groups=00000000}, 12) = 20
134156 12:54:42.809955 recvmsg(9, {msg_name={sa_family=AF_NETLINK, nl_pid=0, nl_groups=00000000}, msg_namelen=12, msg_iov=[{iov_base=[[{nlmsg_len=76, nlmsg_type=RTM_NEWADDR, nlmsg_flags=NLM_F_MULTI, nlmsg_seq=1789822482, nlmsg_pid=134156}, {ifa_family=AF_INET, ifa_prefixlen=8, ifa_flags=IFA_F_PERMANENT, ifa_scope=RT_SCOPE_HOST, ifa_index=if_nametoindex("lo")}, [[{nla_len=8, nla_type=IFA_ADDRESS}, inet_addr("127.0.0.1")], [{nla_len=8, nla_type=IFA_LOCAL}, inet_addr("127.0.0.1")], [{nla_len=7, nla_type=IFA_LABEL}, "lo"], [{nla_len=8, nla_type=IFA_FLAGS}, IFA_F_PERMANENT], [{nla_len=20, nla_type=IFA_CACHEINFO}, {ifa_prefered=4294967295, ifa_valid=4294967295, cstamp=21214368, tstamp=21214368}]]], [{nlmsg_len=88, nlmsg_type=RTM_NEWADDR, nlmsg_flags=NLM_F_MULTI, nlmsg_seq=1789822482, nlmsg_pid=134156}, {ifa_family=AF_INET, ifa_prefixlen=16, ifa_flags=IFA_F_PERMANENT, ifa_scope=RT_SCOPE_UNIVERSE, ifa_index=if_nametoindex("eth0")}, [[{nla_len=8, nla_type=IFA_ADDRESS}, inet_addr("172.17.0.3")], [{nla_len=8, nla_type=IFA_LOCAL}, inet_addr("172.17.0.3")], [{nla_len=8, nla_type=IFA_BROADCAST}, inet_addr("172.17.255.255")], [{nla_len=9, nla_type=IFA_LABEL}, "eth0"], [{nla_len=8, nla_type=IFA_FLAGS}, IFA_F_PERMANENT], [{nla_len=20, nla_type=IFA_CACHEINFO}, {ifa_prefered=4294967295, ifa_valid=4294967295, cstamp=21214393, tstamp=21214393}]]]], iov_len=4096}], msg_iovlen=1, msg_controllen=0, msg_flags=0}, 0) = 164
134156 12:54:42.810028 recvmsg(9, {msg_name={sa_family=AF_NETLINK, nl_pid=0, nl_groups=00000000}, msg_namelen=12, msg_iov=[{iov_base=[{nlmsg_len=72, nlmsg_type=RTM_NEWADDR, nlmsg_flags=NLM_F_MULTI, nlmsg_seq=1789822482, nlmsg_pid=134156}, {ifa_family=AF_INET6, ifa_prefixlen=128, ifa_flags=IFA_F_PERMANENT, ifa_scope=RT_SCOPE_HOST, ifa_index=if_nametoindex("lo")}, [[{nla_len=20, nla_type=IFA_ADDRESS}, inet_pton(AF_INET6, "::1")], [{nla_len=20, nla_type=IFA_CACHEINFO}, {ifa_prefered=4294967295, ifa_valid=4294967295, cstamp=21214368, tstamp=21214368}], [{nla_len=8, nla_type=IFA_FLAGS}, IFA_F_PERMANENT]]], iov_len=4096}], msg_iovlen=1, msg_controllen=0, msg_flags=0}, 0) = 72
134156 12:54:42.810086 recvmsg(9, {msg_name={sa_family=AF_NETLINK, nl_pid=0, nl_groups=00000000}, msg_namelen=12, msg_iov=[{iov_base=[{nlmsg_len=20, nlmsg_type=NLMSG_DONE, nlmsg_flags=NLM_F_MULTI, nlmsg_seq=1789822482, nlmsg_pid=134156}, 0], iov_len=4096}], msg_iovlen=1, msg_controllen=0, msg_flags=0}, 0) = 20
134156 12:54:42.810133 close(9)         = 0
134156 12:54:42.810165 socket(AF_INET, SOCK_DGRAM|SOCK_CLOEXEC, IPPROTO_IP) = 9
134156 12:54:42.810199 connect(9, {sa_family=AF_INET, sin_port=htons(6003), sin_addr=inet_addr("127.0.0.1")}, 16) = 0
134156 12:54:42.810235 getsockname(9, {sa_family=AF_INET, sin_port=htons(33967), sin_addr=inet_addr("127.0.0.1")}, [28 => 16]) = 0
134156 12:54:42.810271 close(9)         = 0
134156 12:54:42.810304 socket(AF_INET6, SOCK_DGRAM|SOCK_CLOEXEC, IPPROTO_IP) = 9
134156 12:54:42.810339 connect(9, {sa_family=AF_INET6, sin6_port=htons(6003), sin6_flowinfo=htonl(0), inet_pton(AF_INET6, "::1", &sin6_addr), sin6_scope_id=0}, 28) = 0
134156 12:54:42.810375 getsockname(9, {sa_family=AF_INET6, sin6_port=htons(50660), sin6_flowinfo=htonl(0), inet_pton(AF_INET6, "::1", &sin6_addr), sin6_scope_id=0}, [28]) = 0
134156 12:54:42.810412 close(9)         = 0
134156 12:54:42.810443 socket(AF_INET6, SOCK_STREAM|SOCK_CLOEXEC, IPPROTO_TCP) = 9
134156 12:54:42.810477 setsockopt(9, SOL_TCP, TCP_NODELAY, [1], 4) = 0
134156 12:54:42.810510 setsockopt(9, SOL_SOCKET, SO_KEEPALIVE, [1], 4) = 0
134156 12:54:42.810544 connect(9, {sa_family=AF_INET6, sin6_port=htons(6003), sin6_flowinfo=htonl(0), inet_pton(AF_INET6, "::1", &sin6_addr), sin6_scope_id=0}, 28) = -1 ECONNREFUSED (Connection refused)
134156 12:54:42.810592 close(9)         = 0
134156 12:54:42.810625 socket(AF_INET, SOCK_STREAM|SOCK_CLOEXEC, IPPROTO_TCP) = 9
134156 12:54:42.810659 setsockopt(9, SOL_TCP, TCP_NODELAY, [1], 4) = 0
134156 12:54:42.810692 setsockopt(9, SOL_SOCKET, SO_KEEPALIVE, [1], 4) = 0
134156 12:54:42.810725 connect(9, {sa_family=AF_INET, sin_port=htons(6003), sin_addr=inet_addr("127.0.0.1")}, 16) = -1 ECONNREFUSED (Connection refused)
134156 12:54:42.810769 close(9)         = 0
134156 12:54:42.810804 socket(AF_UNIX, SOCK_STREAM|SOCK_CLOEXEC, 0) = 9
134156 12:54:42.810838 connect(9, {sa_family=AF_UNIX, sun_path=@"/tmp/.X11-unix/X4"}, 20) = -1 ECONNREFUSED (Connection refused)
134156 12:54:42.810874 close(9)         = 0
134156 12:54:42.810907 socket(AF_UNIX, SOCK_STREAM|SOCK_CLOEXEC, 0) = 9
134156 12:54:42.810940 getsockopt(9, SOL_SOCKET, SO_SNDBUF, [212992], [4]) = 0
134156 12:54:42.810976 connect(9, {sa_family=AF_UNIX, sun_path="/tmp/.X11-unix/X4"}, 110) = -1 ENOENT (No such file or directory)
134156 12:54:42.811013 close(9)         = 0
134156 12:54:42.811047 newfstatat(AT_FDCWD, "/etc/nsswitch.conf", {st_mode=S_IFREG|0644, st_size=494, ...}, 0) = 0
134156 12:54:42.811087 newfstatat(AT_FDCWD, "/etc/resolv.conf", {st_mode=S_IFREG|0644, st_size=274, ...}, 0) = 0
134156 12:54:42.811127 openat(AT_FDCWD, "/etc/hosts", O_RDONLY|O_CLOEXEC) = 9
134156 12:54:42.811164 fstat(9, {st_mode=S_IFREG|0644, st_size=172, ...}) = 0
134156 12:54:42.811198 lseek(9, 0, SEEK_SET) = 0
134156 12:54:42.811229 read(9, "127.0.0.1\tlocalhost\n::1\tlocalhos"..., 4096) = 172
134156 12:54:42.811265 read(9, "", 4096) = 0
134156 12:54:42.811296 close(9)         = 0
134156 12:54:42.811327 socket(AF_NETLINK, SOCK_RAW|SOCK_CLOEXEC, NETLINK_ROUTE) = 9
134156 12:54:42.811359 bind(9, {sa_family=AF_NETLINK, nl_pid=0, nl_groups=00000000}, 12) = 0
134156 12:54:42.811394 getsockname(9, {sa_family=AF_NETLINK, nl_pid=134156, nl_groups=00000000}, [12]) = 0
134156 12:54:42.811429 sendto(9, [{nlmsg_len=20, nlmsg_type=RTM_GETADDR, nlmsg_flags=NLM_F_REQUEST|NLM_F_DUMP, nlmsg_seq=1789822482, nlmsg_pid=0}, {ifa_family=AF_UNSPEC, ...}], 20, 0, {sa_family=AF_NETLINK, nl_pid=0, nl_groups=00000000}, 12) = 20
134156 12:54:42.811508 recvmsg(9, {msg_name={sa_family=AF_NETLINK, nl_pid=0, nl_groups=00000000}, msg_namelen=12, msg_iov=[{iov_base=[[{nlmsg_len=76, nlmsg_type=RTM_NEWADDR, nlmsg_flags=NLM_F_MULTI, nlmsg_seq=1789822482, nlmsg_pid=134156}, {ifa_family=AF_INET, ifa_prefixlen=8, ifa_flags=IFA_F_PERMANENT, ifa_scope=RT_SCOPE_HOST, ifa_index=if_nametoindex("lo")}, [[{nla_len=8, nla_type=IFA_ADDRESS}, inet_addr("127.0.0.1")], [{nla_len=8, nla_type=IFA_LOCAL}, inet_addr("127.0.0.1")], [{nla_len=7, nla_type=IFA_LABEL}, "lo"], [{nla_len=8, nla_type=IFA_FLAGS}, IFA_F_PERMANENT], [{nla_len=20, nla_type=IFA_CACHEINFO}, {ifa_prefered=4294967295, ifa_valid=4294967295, cstamp=21214368, tstamp=21214368}]]], [{nlmsg_len=88, nlmsg_type=RTM_NEWADDR, nlmsg_flags=NLM_F_MULTI, nlmsg_seq=1789822482, nlmsg_pid=134156}, {ifa_family=AF_INET, ifa_prefixlen=16, ifa_flags=IFA_F_PERMANENT, ifa_scope=RT_SCOPE_UNIVERSE, ifa_index=if_nametoindex("eth0")}, [[{nla_len=8, nla_type=IFA_ADDRESS}, inet_addr("172.17.0.3")], [{nla_len=8, nla_type=IFA_LOCAL}, inet_addr("172.17.0.3")], [{nla_len=8, nla_type=IFA_BROADCAST}, inet_addr("172.17.255.255")], [{nla_len=9, nla_type=IFA_LABEL}, "eth0"], [{nla_len=8, nla_type=IFA_FLAGS}, IFA_F_PERMANENT], [{nla_len=20, nla_type=IFA_CACHEINFO}, {ifa_prefered=4294967295, ifa_valid=4294967295, cstamp=21214393, tstamp=21214393}]]]], iov_len=4096}], msg_iovlen=1, msg_controllen=0, msg_flags=0}, 0) = 164
134156 12:54:42.811598 recvmsg(9, {msg_name={sa_family=AF_NETLINK, nl_pid=0, nl_groups=00000000}, msg_namelen=12, msg_iov=[{iov_base=[{nlmsg_len=72, nlmsg_type=RTM_NEWADDR, nlmsg_flags=NLM_F_MULTI, nlmsg_seq=1789822482, nlmsg_pid=134156}, {ifa_family=AF_INET6, ifa_prefixlen=128, ifa_flags=IFA_F_PERMANENT, ifa_scope=RT_SCOPE_HOST, ifa_index=if_nametoindex("lo")}, [[{nla_len=20, nla_type=IFA_ADDRESS}, inet_pton(AF_INET6, "::1")], [{nla_len=20, nla_type=IFA_CACHEINFO}, {ifa_prefered=4294967295, ifa_valid=4294967295, cstamp=21214368, tstamp=21214368}], [{nla_len=8, nla_type=IFA_FLAGS}, IFA_F_PERMANENT]]], iov_len=4096}], msg_iovlen=1, msg_controllen=0, msg_flags=0}, 0) = 72
134156 12:54:42.811659 recvmsg(9, {msg_name={sa_family=AF_NETLINK, nl_pid=0, nl_groups=00000000}, msg_namelen=12, msg_iov=[{iov_base=[{nlmsg_len=20, nlmsg_type=NLMSG_DONE, nlmsg_flags=NLM_F_MULTI, nlmsg_seq=1789822482, nlmsg_pid=134156}, 0], iov_len=4096}], msg_iovlen=1, msg_controllen=0, msg_flags=0}, 0) = 20
134156 12:54:42.811706 close(9)         = 0
134156 12:54:42.811739 socket(AF_INET, SOCK_DGRAM|SOCK_CLOEXEC, IPPROTO_IP) = 9
134156 12:54:42.811771 connect(9, {sa_family=AF_INET, sin_port=htons(6004), sin_addr=inet_addr("127.0.0.1")}, 16) = 0
134156 12:54:42.811808 getsockname(9, {sa_family=AF_INET, sin_port=htons(48622), sin_addr=inet_addr("127.0.0.1")}, [28 => 16]) = 0
134156 12:54:42.811844 close(9)         = 0
134156 12:54:42.811876 socket(AF_INET6, SOCK_DGRAM|SOCK_CLOEXEC, IPPROTO_IP) = 9
134156 12:54:42.811910 connect(9, {sa_family=AF_INET6, sin6_port=htons(6004), sin6_flowinfo=htonl(0), inet_pton(AF_INET6, "::1", &sin6_addr), sin6_scope_id=0}, 28) = 0
134156 12:54:42.811947 getsockname(9, {sa_family=AF_INET6, sin6_port=htons(46348), sin6_flowinfo=htonl(0), inet_pton(AF_INET6, "::1", &sin6_addr), sin6_scope_id=0}, [28]) = 0
134156 12:54:42.811984 close(9)         = 0
134156 12:54:42.812015 socket(AF_INET6, SOCK_STREAM|SOCK_CLOEXEC, IPPROTO_TCP) = 9
134156 12:54:42.812049 setsockopt(9, SOL_TCP, TCP_NODELAY, [1], 4) = 0
134156 12:54:42.812083 setsockopt(9, SOL_SOCKET, SO_KEEPALIVE, [1], 4) = 0
134156 12:54:42.812116 connect(9, {sa_family=AF_INET6, sin6_port=htons(6004), sin6_flowinfo=htonl(0), inet_pton(AF_INET6, "::1", &sin6_addr), sin6_scope_id=0}, 28) = -1 ECONNREFUSED (Connection refused)
134156 12:54:42.812163 close(9)         = 0
134156 12:54:42.812196 socket(AF_INET, SOCK_STREAM|SOCK_CLOEXEC, IPPROTO_TCP) = 9
134156 12:54:42.812230 setsockopt(9, SOL_TCP, TCP_NODELAY, [1], 4) = 0
134156 12:54:42.812263 setsockopt(9, SOL_SOCKET, SO_KEEPALIVE, [1], 4) = 0
134156 12:54:42.812296 connect(9, {sa_family=AF_INET, sin_port=htons(6004), sin_addr=inet_addr("127.0.0.1")}, 16) = -1 ECONNREFUSED (Connection refused)
134156 12:54:42.812340 close(9)         = 0
134156 12:54:42.812376 socket(AF_UNIX, SOCK_STREAM|SOCK_CLOEXEC, 0) = 9
134156 12:54:42.812409 connect(9, {sa_family=AF_UNIX, sun_path=@"/tmp/.X11-unix/X5"}, 20) = -1 ECONNREFUSED (Connection refused)
134156 12:54:42.812445 close(9)         = 0
134156 12:54:42.812478 socket(AF_UNIX, SOCK_STREAM|SOCK_CLOEXEC, 0) = 9
134156 12:54:42.812511 getsockopt(9, SOL_SOCKET, SO_SNDBUF, [212992], [4]) = 0
134156 12:54:42.812548 connect(9, {sa_family=AF_UNIX, sun_path="/tmp/.X11-unix/X5"}, 110) = -1 ENOENT (No such file or directory)
134156 12:54:42.812585 close(9)         = 0
134156 12:54:42.812618 newfstatat(AT_FDCWD, "/etc/nsswitch.conf", {st_mode=S_IFREG|0644, st_size=494, ...}, 0) = 0
134156 12:54:42.812659 newfstatat(AT_FDCWD, "/etc/resolv.conf", {st_mode=S_IFREG|0644, st_size=274, ...}, 0) = 0
134156 12:54:42.812699 openat(AT_FDCWD, "/etc/hosts", O_RDONLY|O_CLOEXEC) = 9
134156 12:54:42.812736 fstat(9, {st_mode=S_IFREG|0644, st_size=172, ...}) = 0
134156 12:54:42.812771 lseek(9, 0, SEEK_SET) = 0
134156 12:54:42.812806 read(9, "127.0.0.1\tlocalhost\n::1\tlocalhos"..., 4096) = 172
134156 12:54:42.812843 read(9, "", 4096) = 0
134156 12:54:42.812874 close(9)         = 0
134156 12:54:42.812904 socket(AF_NETLINK, SOCK_RAW|SOCK_CLOEXEC, NETLINK_ROUTE) = 9
134156 12:54:42.812937 bind(9, {sa_family=AF_NETLINK, nl_pid=0, nl_groups=00000000}, 12) = 0
134156 12:54:42.812971 getsockname(9, {sa_family=AF_NETLINK, nl_pid=134156, nl_groups=00000000}, [12]) = 0
134156 12:54:42.813007 sendto(9, [{nlmsg_len=20, nlmsg_type=RTM_GETADDR, nlmsg_flags=NLM_F_REQUEST|NLM_F_DUMP, nlmsg_seq=1789822482, nlmsg_pid=0}, {ifa_family=AF_UNSPEC, ...}], 20, 0, {sa_family=AF_NETLINK, nl_pid=0, nl_groups=00000000}, 12) = 20
134156 12:54:42.813087 recvmsg(9, {msg_name={sa_family=AF_NETLINK, nl_pid=0, nl_groups=00000000}, msg_namelen=12, msg_iov=[{iov_base=[[{nlmsg_len=76, nlmsg_type=RTM_NEWADDR, nlmsg_flags=NLM_F_MULTI, nlmsg_seq=1789822482, nlmsg_pid=134156}, {ifa_family=AF_INET, ifa_prefixlen=8, ifa_flags=IFA_F_PERMANENT, ifa_scope=RT_SCOPE_HOST, ifa_index=if_nametoindex("lo")}, [[{nla_len=8, nla_type=IFA_ADDRESS}, inet_addr("127.0.0.1")], [{nla_len=8, nla_type=IFA_LOCAL}, inet_addr("127.0.0.1")], [{nla_len=7, nla_type=IFA_LABEL}, "lo"], [{nla_len=8, nla_type=IFA_FLAGS}, IFA_F_PERMANENT], [{nla_len=20, nla_type=IFA_CACHEINFO}, {ifa_prefered=4294967295, ifa_valid=4294967295, cstamp=21214368, tstamp=21214368}]]], [{nlmsg_len=88, nlmsg_type=RTM_NEWADDR, nlmsg_flags=NLM_F_MULTI, nlmsg_seq=1789822482, nlmsg_pid=134156}, {ifa_family=AF_INET, ifa_prefixlen=16, ifa_flags=IFA_F_PERMANENT, ifa_scope=RT_SCOPE_UNIVERSE, ifa_index=if_nametoindex("eth0")}, [[{nla_len=8, nla_type=IFA_ADDRESS}, inet_addr("172.17.0.3")], [{nla_len=8, nla_type=IFA_LOCAL}, inet_addr("172.17.0.3")], [{nla_len=8, nla_type=IFA_BROADCAST}, inet_addr("172.17.255.255")], [{nla_len=9, nla_type=IFA_LABEL}, "eth0"], [{nla_len=8, nla_type=IFA_FLAGS}, IFA_F_PERMANENT], [{nla_len=20, nla_type=IFA_CACHEINFO}, {ifa_prefered=4294967295, ifa_valid=4294967295, cstamp=21214393, tstamp=21214393}]]]], iov_len=4096}], msg_iovlen=1, msg_controllen=0, msg_flags=0}, 0) = 164
134156 12:54:42.813159 recvmsg(9, {msg_name={sa_family=AF_NETLINK, nl_pid=0, nl_groups=00000000}, msg_namelen=12, msg_iov=[{iov_base=[{nlmsg_len=72, nlmsg_type=RTM_NEWADDR, nlmsg_flags=NLM_F_MULTI, nlmsg_seq=1789822482, nlmsg_pid=134156}, {ifa_family=AF_INET6, ifa_prefixlen=128, ifa_flags=IFA_F_PERMANENT, ifa_scope=RT_SCOPE_HOST, ifa_index=if_nametoindex("lo")}, [[{nla_len=20, nla_type=IFA_ADDRESS}, inet_pton(AF_INET6, "::1")], [{nla_len=20, nla_type=IFA_CACHEINFO}, {ifa_prefered=4294967295, ifa_valid=4294967295, cstamp=21214368, tstamp=21214368}], [{nla_len=8, nla_type=IFA_FLAGS}, IFA_F_PERMANENT]]], iov_len=4096}], msg_iovlen=1, msg_controllen=0, msg_flags=0}, 0) = 72
134156 12:54:42.813217 recvmsg(9, {msg_name={sa_family=AF_NETLINK, nl_pid=0, nl_groups=00000000}, msg_namelen=12, msg_iov=[{iov_base=[{nlmsg_len=20, nlmsg_type=NLMSG_DONE, nlmsg_flags=NLM_F_MULTI, nlmsg_seq=1789822482, nlmsg_pid=134156}, 0], iov_len=4096}], msg_iovlen=1, msg_controllen=0, msg_flags=0}, 0) = 20
134156 12:54:42.813264 close(9)         = 0
134156 12:54:42.813297 socket(AF_INET, SOCK_DGRAM|SOCK_CLOEXEC, IPPROTO_IP) = 9
134156 12:54:42.813330 connect(9, {sa_family=AF_INET, sin_port=htons(6005), sin_addr=inet_addr("127.0.0.1")}, 16) = 0
134156 12:54:42.813367 getsockname(9, {sa_family=AF_INET, sin_port=htons(51821), sin_addr=inet_addr("127.0.0.1")}, [28 => 16]) = 0
134156 12:54:42.813403 close(9)         = 0
134156 12:54:42.813435 socket(AF_INET6, SOCK_DGRAM|SOCK_CLOEXEC, IPPROTO_IP) = 9
134156 12:54:42.813467 connect(9, {sa_family=AF_INET6, sin6_port=htons(6005), sin6_flowinfo=htonl(0), inet_pton(AF_INET6, "::1", &sin6_addr), sin6_scope_id=0}, 28) = 0
134156 12:54:42.813504 getsockname(9, {sa_family=AF_INET6, sin6_port=htons(42362), sin6_flowinfo=htonl(0), inet_pton(AF_INET6, "::1", &sin6_addr), sin6_scope_id=0}, [28]) = 0
134156 12:54:42.813540 close(9)         = 0
134156 12:54:42.813572 socket(AF_INET6, SOCK_STREAM|SOCK_CLOEXEC, IPPROTO_TCP) = 9
134156 12:54:42.813608 setsockopt(9, SOL_TCP, TCP_NODELAY, [1], 4) = 0
134156 12:54:42.813642 setsockopt(9, SOL_SOCKET, SO_KEEPALIVE, [1], 4) = 0
134156 12:54:42.813675 connect(9, {sa_family=AF_INET6, sin6_port=htons(6005), sin6_flowinfo=htonl(0), inet_pton(AF_INET6, "::1", &sin6_addr), sin6_scope_id=0}, 28) = -1 ECONNREFUSED (Connection refused)
134156 12:54:42.813720 close(9)         = 0
134156 12:54:42.813754 socket(AF_INET, SOCK_STREAM|SOCK_CLOEXEC, IPPROTO_TCP) = 9
134156 12:54:42.813787 setsockopt(9, SOL_TCP, TCP_NODELAY, [1], 4) = 0
134156 12:54:42.813821 setsockopt(9, SOL_SOCKET, SO_KEEPALIVE, [1], 4) = 0
134156 12:54:42.813853 connect(9, {sa_family=AF_INET, sin_port=htons(6005), sin_addr=inet_addr("127.0.0.1")}, 16) = -1 ECONNREFUSED (Connection refused)
134156 12:54:42.813897 close(9)         = 0
134156 12:54:42.813933 socket(AF_UNIX, SOCK_STREAM|SOCK_CLOEXEC, 0) = 9
134156 12:54:42.813966 connect(9, {sa_family=AF_UNIX, sun_path=@"/tmp/.X11-unix/X6"}, 20) = -1 ECONNREFUSED (Connection refused)
134156 12:54:42.814002 close(9)         = 0
134156 12:54:42.814035 socket(AF_UNIX, SOCK_STREAM|SOCK_CLOEXEC, 0) = 9
134156 12:54:42.814068 getsockopt(9, SOL_SOCKET, SO_SNDBUF, [212992], [4]) = 0
134156 12:54:42.814104 connect(9, {sa_family=AF_UNIX, sun_path="/tmp/.X11-unix/X6"}, 110) = -1 ENOENT (No such file or directory)
134156 12:54:42.814141 close(9)         = 0
134156 12:54:42.814174 newfstatat(AT_FDCWD, "/etc/nsswitch.conf", {st_mode=S_IFREG|0644, st_size=494, ...}, 0) = 0
134156 12:54:42.814215 newfstatat(AT_FDCWD, "/etc/resolv.conf", {st_mode=S_IFREG|0644, st_size=274, ...}, 0) = 0
134156 12:54:42.814254 openat(AT_FDCWD, "/etc/hosts", O_RDONLY|O_CLOEXEC) = 9
134156 12:54:42.814291 fstat(9, {st_mode=S_IFREG|0644, st_size=172, ...}) = 0
134156 12:54:42.814325 lseek(9, 0, SEEK_SET) = 0
134156 12:54:42.814357 read(9, "127.0.0.1\tlocalhost\n::1\tlocalhos"..., 4096) = 172
134156 12:54:42.814393 read(9, "", 4096) = 0
134156 12:54:42.814424 close(9)         = 0
134156 12:54:42.814454 socket(AF_NETLINK, SOCK_RAW|SOCK_CLOEXEC, NETLINK_ROUTE) = 9
134156 12:54:42.814487 bind(9, {sa_family=AF_NETLINK, nl_pid=0, nl_groups=00000000}, 12) = 0
134156 12:54:42.814521 getsockname(9, {sa_family=AF_NETLINK, nl_pid=134156, nl_groups=00000000}, [12]) = 0
134156 12:54:42.814557 sendto(9, [{nlmsg_len=20, nlmsg_type=RTM_GETADDR, nlmsg_flags=NLM_F_REQUEST|NLM_F_DUMP, nlmsg_seq=1789822482, nlmsg_pid=0}, {ifa_family=AF_UNSPEC, ...}], 20, 0, {sa_family=AF_NETLINK, nl_pid=0, nl_groups=00000000}, 12) = 20
134156 12:54:42.814636 recvmsg(9, {msg_name={sa_family=AF_NETLINK, nl_pid=0, nl_groups=00000000}, msg_namelen=12, msg_iov=[{iov_base=[[{nlmsg_len=76, nlmsg_type=RTM_NEWADDR, nlmsg_flags=NLM_F_MULTI, nlmsg_seq=1789822482, nlmsg_pid=134156}, {ifa_family=AF_INET, ifa_prefixlen=8, ifa_flags=IFA_F_PERMANENT, ifa_scope=RT_SCOPE_HOST, ifa_index=if_nametoindex("lo")}, [[{nla_len=8, nla_type=IFA_ADDRESS}, inet_addr("127.0.0.1")], [{nla_len=8, nla_type=IFA_LOCAL}, inet_addr("127.0.0.1")], [{nla_len=7, nla_type=IFA_LABEL}, "lo"], [{nla_len=8, nla_type=IFA_FLAGS}, IFA_F_PERMANENT], [{nla_len=20, nla_type=IFA_CACHEINFO}, {ifa_prefered=4294967295, ifa_valid=4294967295, cstamp=21214368, tstamp=21214368}]]], [{nlmsg_len=88, nlmsg_type=RTM_NEWADDR, nlmsg_flags=NLM_F_MULTI, nlmsg_seq=1789822482, nlmsg_pid=134156}, {ifa_family=AF_INET, ifa_prefixlen=16, ifa_flags=IFA_F_PERMANENT, ifa_scope=RT_SCOPE_UNIVERSE, ifa_index=if_nametoindex("eth0")}, [[{nla_len=8, nla_type=IFA_ADDRESS}, inet_addr("172.17.0.3")], [{nla_len=8, nla_type=IFA_LOCAL}, inet_addr("172.17.0.3")], [{nla_len=8, nla_type=IFA_BROADCAST}, inet_addr("172.17.255.255")], [{nla_len=9, nla_type=IFA_LABEL}, "eth0"], [{nla_len=8, nla_type=IFA_FLAGS}, IFA_F_PERMANENT], [{nla_len=20, nla_type=IFA_CACHEINFO}, {ifa_prefered=4294967295, ifa_valid=4294967295, cstamp=21214393, tstamp=21214393}]]]], iov_len=4096}], msg_iovlen=1, msg_controllen=0, msg_flags=0}, 0) = 164
134156 12:54:42.814709 recvmsg(9, {msg_name={sa_family=AF_NETLINK, nl_pid=0, nl_groups=00000000}, msg_namelen=12, msg_iov=[{iov_base=[{nlmsg_len=72, nlmsg_type=RTM_NEWADDR, nlmsg_flags=NLM_F_MULTI, nlmsg_seq=1789822482, nlmsg_pid=134156}, {ifa_family=AF_INET6, ifa_prefixlen=128, ifa_flags=IFA_F_PERMANENT, ifa_scope=RT_SCOPE_HOST, ifa_index=if_nametoindex("lo")}, [[{nla_len=20, nla_type=IFA_ADDRESS}, inet_pton(AF_INET6, "::1")], [{nla_len=20, nla_type=IFA_CACHEINFO}, {ifa_prefered=4294967295, ifa_valid=4294967295, cstamp=21214368, tstamp=21214368}], [{nla_len=8, nla_type=IFA_FLAGS}, IFA_F_PERMANENT]]], iov_len=4096}], msg_iovlen=1, msg_controllen=0, msg_flags=0}, 0) = 72
134156 12:54:42.814769 recvmsg(9, {msg_name={sa_family=AF_NETLINK, nl_pid=0, nl_groups=00000000}, msg_namelen=12, msg_iov=[{iov_base=[{nlmsg_len=20, nlmsg_type=NLMSG_DONE, nlmsg_flags=NLM_F_MULTI, nlmsg_seq=1789822482, nlmsg_pid=134156}, 0], iov_len=4096}], msg_iovlen=1, msg_controllen=0, msg_flags=0}, 0) = 20
134156 12:54:42.814816 close(9)         = 0
134156 12:54:42.814849 socket(AF_INET, SOCK_DGRAM|SOCK_CLOEXEC, IPPROTO_IP) = 9
134156 12:54:42.814881 connect(9, {sa_family=AF_INET, sin_port=htons(6006), sin_addr=inet_addr("127.0.0.1")}, 16) = 0
134156 12:54:42.814917 getsockname(9, {sa_family=AF_INET, sin_port=htons(55174), sin_addr=inet_addr("127.0.0.1")}, [28 => 16]) = 0
134156 12:54:42.814953 close(9)         = 0
134156 12:54:42.814985 socket(AF_INET6, SOCK_DGRAM|SOCK_CLOEXEC, IPPROTO_IP) = 9
134156 12:54:42.815019 connect(9, {sa_family=AF_INET6, sin6_port=htons(6006), sin6_flowinfo=htonl(0), inet_pton(AF_INET6, "::1", &sin6_addr), sin6_scope_id=0}, 28) = 0
134156 12:54:42.815055 getsockname(9, {sa_family=AF_INET6, sin6_port=htons(48201), sin6_flowinfo=htonl(0), inet_pton(AF_INET6, "::1", &sin6_addr), sin6_scope_id=0}, [28]) = 0
134156 12:54:42.815092 close(9)         = 0
134156 12:54:42.815124 socket(AF_INET6, SOCK_STREAM|SOCK_CLOEXEC, IPPROTO_TCP) = 9
134156 12:54:42.815157 setsockopt(9, SOL_TCP, TCP_NODELAY, [1], 4) = 0
134156 12:54:42.815190 setsockopt(9, SOL_SOCKET, SO_KEEPALIVE, [1], 4) = 0
134156 12:54:42.815224 connect(9, {sa_family=AF_INET6, sin6_port=htons(6006), sin6_flowinfo=htonl(0), inet_pton(AF_INET6, "::1", &sin6_addr), sin6_scope_id=0}, 28) = 0
134156 12:54:42.815289 getpeername(9, {sa_family=AF_INET6, sin6_port=htons(6006), sin6_flowinfo=htonl(0), inet_pton(AF_INET6, "::1", &sin6_addr), sin6_scope_id=0}, [124 => 28]) = 0
134156 12:54:42.815329 uname({sysname="Linux", nodename="f7c62a262077", ...}) = 0
134156 12:54:42.815373 access("/root/.Xauthority", R_OK) = -1 ENOENT (No such file or directory)
134156 12:54:42.815423 fcntl(9, F_GETFL) = 0x2 (flags O_RDWR)
134156 12:54:42.815454 fcntl(9, F_SETFL, O_RDWR|O_NONBLOCK) = 0
134156 12:54:42.815486 fcntl(9, F_SETFD, FD_CLOEXEC) = 0
134156 12:54:42.815517 poll([{fd=9, events=POLLIN|POLLOUT}], 1, -1) = 1 ([{fd=9, revents=POLLOUT}])
134156 12:54:42.815570 writev(9, [{iov_base="l\0\v\0\0\0\0\0\0\0\0\0", iov_len=12}, {iov_base="", iov_len=0}], 2) = 12
134156 12:54:42.815625 recvfrom(9, 0x5614160c2dd0, 8, 0, NULL, NULL) = -1 EAGAIN (Resource temporarily unavailable)
134156 12:54:42.815658 poll([{fd=9, events=POLLIN}], 1, -1