time,kBT,vx,vy,vz,maxv,num_particles,simulation_time_per_step
1e-05,1.01357,-3.65253e-09,-6.40284e-10,7.71252e-10,4.25468,4096,18.2761
0.00201,1.05449,2.96479e-06,7.58737e-08,7.54662e-08,4.34492,4096,0.010949
0.00401,1.06286,1.0263e-05,8.65693e-08,2.91038e-09,4.85108,4096,0.00977817
0.00601,1.06031,5.71969e-06,5.36966e-08,-5.35874e-08,4.39435,4096,0.00848109
0.00801,1.05138,3.34014e-06,3.10683e-08,-6.40866e-08,4.37766,4096,0.00977147
0.01001,1.06254,3.35618e-06,4.01487e-08,-1.12079e-07,4.71982,4096,0.00965036
0.01201,1.07712,3.37814e-06,1.78406e-08,-1.08106e-07,4.78943,4096,0.00886155
0.01401,1.03979,3.35359e-06,2.50729e-08,-8.14616e-08,4.37864,4096,0.00925136
0.01601,1.06843,-1.75889e-06,-7.83621e-09,-9.53296e-08,4.51788,4096,0.0118417
0.01801,1.04482,-1.15096e-05,-9.03965e-08,-1.56346e-07,4.42944,4096,0.00918826
0.02001,1.06199,-1.15302e-05,-1.11701e-07,-1.0994e-07,4.61529,4096,0.00837267
0.02201,1.02593,-1.84737e-05,-1.10493e-07,-6.57747e-08,4.5514,4096,0.0100219
0.02401,1.10935,-2.82478e-05,-1.01252e-07,-5.3551e-08,4.69049,4096,0.00872507
0.02601,1.04775,-3.80258e-05,-8.14034e-08,-8.31351e-08,4.06733,4096,0.00837183
0.02801,1.04865,-4.78213e-05,-1.10536e-07,-8.48813e-08,4.49257,4096,0.0117425
0.03001,1.04089,-5.7607e-05,-1.46669e-07,-1.35784e-07,4.63296,4096,0.0099599
0.03201,1.03485,-6.73749e-05,-1.24084e-07,-2.05371e-07,4.07659,4096,0.0104374
0.03401,1.05114,-7.71654e-05,-9.19244e-08,-1.57088e-07,4.59985,4096,0.0101357
0.03601,1.03516,-8.69232e-05,-1.02897e-07,-1.97178e-07,4.56181,4096,0.00923342
0.03801,1.04692,-9.66409e-05,1.234e-08,-1.93191e-07,4.53342,4096,0.0112997
0.04001,1.13925,-0.000108407,-3.03698e-08,-2.35625e-07,4.99452,4096,0.00926311
0.04201,1.06678,-0.000118345,-7.87695e-08,-1.94894e-07,4.38041,4096,0.0104293
0.04401,1.06861,-0.000135491,-9.43255e-08,-1.78581e-07,5.03175,4096,0.0100038
0.04601,1.09717,-0.000145638,-9.54969e-08,-2.21393e-07,4.41119,4096,0.00862144
0.04801,1.02843,-0.000155442,-8.61764e-08,-2.41285e-07,5.09585,4096,0.00915006
0.05001,1.10464,-0.000170351,-1.25743e-07,-2.75584e-07,5.16779,4096,0.00943615
0.05201,1.09291,-0.000186857,-1.3251e-07,-2.8449e-07,4.66687,4096,0.00922791
0.05401,1.08429,-0.000203873,-1.2244e-07,-2.74536e-07,4.46433,4096,0.0111961
0.05601,1.04522,-0.000223479,-9.23319e-08,-3.05445e-07,5.12465,4096,0.00930154
0.05801,1.03249,-0.000242999,-5.6345e-08,-2.7864e-07,4.39909,4096,0.0083774
0.06001,1.02451,-0.000250282,-2.76341e-08,-2.81725e-07,4.71167,4096,0.0100502
0.06201,1.05312,-0.000245478,1.09867e-09,-3.49697e-07,4.79788,4096,0.00973955
0.06401,1.04142,-0.000237542,3.10392e-08,-3.55882e-07,4.3449,4096,0.010332
0.06601,1.07618,-0.000231906,-2.23808e-08,-3.35305e-07,5.07171,4096,0.00837488
0.06801,1.0519,-0.000222115,-5.18485e-08,-3.08632e-07,4.65195,4096,0.0138867
0.07001,1.05595,-0.000212356,-8.80464e-08,-3.78306e-07,4.53655,4096,0.0104131
0.07201,1.03055,-0.000202404,-1.47425e-07,-4.05453e-07,4.62909,4096,0.00912695
0.07401,1.05098,-0.000196525,-1.09794e-07,-3.92043e-07,4.22869,4096,0.0134035
0.07601,1.0805,-0.000193441,-5.30126e-08,-3.73788e-07,4.42634,4096,0.00838172
0.07801,1.06709,-0.000191513,-3.66417e-08,-3.47922e-07,4.46439,4096,0.00882381
0.08001,1.07791,-0.000182262,-7.00384e-08,-3.69808e-07,4.80662,4096,0.0090081
0.08201,1.05525,-0.000176356,-1.08732e-07,-4.02397e-07,4.23662,4096,0.0141044
0.08401,1.03608,-0.000166681,-1.4712e-07,-3.80445e-07,4.38321,4096,0.00968635
0.08601,1.05089,-0.000158164,-1.43918e-07,-3.60407e-07,4.92283,4096,0.010171
0.08801,1.04225,-0.000158165,-1.21741e-07,-3.47689e-07,4.59313,4096,0.0084897
0.09001,1.08889,-0.000158175,-1.23866e-07,-3.21961e-07,4.65754,4096,0.00970609
0.09201,1.03074,-0.000158172,-1.73648e-07,-4.40414e-07,4.94135,4096,0.009586
0.09401,1.08508,-0.000161801,-1.71058e-07,-4.45041e-07,4.393,4096,0.0111586
0.09601,1.06803,-0.000168579,-1.42354e-07,-4.22442e-07,4.8452,4096,0.00853343
0.09801,1.05846,-0.000177059,-1.6563e-07,-4.72719e-07,4.26348,4096,0.00895232
0.10001,1.06704,-0.000181166,-1.70287e-07,-5.63261e-07,5.19536,4096,0.0136307
0.10201,1.02021,-0.000175468,-1.54207e-07,-4.88566e-07,4.27293,4096,0.00954914
0.10401,1.0326,-0.000171369,-1.81812e-07,-5.18427e-07,4.54332,4096,0.0119754
0.10601,1.01485,-0.000174778,-2.08849e-07,-4.84026e-07,4.13456,4096,0.00941725
0.10801,1.05077,-0.000181978,-1.69792e-07,-4.78045e-07,4.45011,4096,0.010394
0.11001,1.03918,-0.000191744,-1.50612e-07,-4.13318e-07,4.5425,4096,0.00962091
0.11201,1.02895,-0.000201528,-1.3625e-07,-3.80925e-07,4.57808,4096,0.00997411
0.11401,1.06865,-0.000211291,-1.23138e-07,-4.47661e-07,4.59022,4096,0.0114912
0.11601,1.05678,-0.000221019,-7.07587e-08,-4.82789e-07,4.6689,4096,0.00952242
0.11801,1.02687,-0.000230774,-6.4596e-08,-5.16477e-07,4.65318,4096,0.0118258
0.12001,1.04909,-0.00024055,-5.0175e-08,-5.04937e-07,5.03447,4096,0.0096945
0.12201,1.04416,-0.000250347,-8.25239e-08,-5.33306e-07,4.33455,4096,0.0109012
0.12401,1.08173,-0.000260126,-1.11482e-07,-5.06494e-07,4.5802,4096,0.00995602
0.12601,1.06318,-0.000269963,-1.15921e-07,-5.38814e-07,4.30071,4096,0.0101752
0.12801,1.07064,-0.000279764,-2.08864e-07,-6.5213e-07,4.64197,4096,0.0106376
0.13001,1.04661,-0.000289561,-1.81652e-07,-6.11442e-07,4.46286,4096,0.00983747
0.13201,1.05134,-0.000299349,-1.68511e-07,-5.36907e-07,5.06127,4096,0.00994927
0.13401,1.04511,-0.000309113,-1.38767e-07,-5.56e-07,4.6718,4096,0.00981867
0.13601,1.00306,-0.000318862,-1.71189e-07,-5.65939e-07,4.93991,4096,0.0118428
0.13801,1.06432,-0.000328691,-2.04367e-07,-5.22457e-07,4.58955,4096,0.0105602
0.14001,1.0195,-0.000334893,-1.67056e-07,-4.89541e-07,4.71246,4096,0.0098257
0.14201,1.03631,-0.000326857,-2.01791e-07,-4.95449e-07,4.42201,4096,0.00991192
0.14401,1.07055,-0.000326893,-2.23547e-07,-5.38719e-07,4.36034,4096,0.0140602
0.14601,1.06488,-0.000326892,-2.27825e-07,-5.09433e-07,4.53453,4096,0.00976561
0.14801,1.0709,-0.000326967,-2.58398e-07,-5.38974e-07,4.37215,4096,0.00932556
0.15001,1.05094,-0.000327001,-1.91445e-07,-5.4561e-07,4.67213,4096,0.00931139
0.15201,1.04635,-0.000326999,-2.05298e-07,-5.70973e-07,4.65063,4096,0.0106372
0.15401,1.04581,-0.000329851,-1.83762e-07,-6.09405e-07,5.13851,4096,0.0128976
0.15601,1.03661,-0.000331311,-1.98881e-07,-5.33837e-07,4.64592,4096,0.0112799
0.15801,1.06891,-0.000331216,-2.12865e-07,-4.77499e-07,4.37074,4096,0.0142386
0.16001,1.07007,-0.000327742,-1.49943e-07,-5.2125e-07,4.51669,4096,0.0110013
0.16201,1.04604,-0.000319386,-1.75118e-07,-4.90632e-07,4.69177,4096,0.0141777
0.16401,1.04418,-0.0003129,-1.84358e-07,-5.07367e-07,4.51775,4096,0.0107136
0.16601,1.05753,-0.000310162,-2.18351e-07,-5.25077e-07,4.6116,4096,0.0132987
0.16801,1.05615,-0.000310122,-2.84228e-07,-5.05126e-07,5.04069,4096,0.0103659
0.17001,1.07254,-0.000310138,-3.68251e-07,-4.72195e-07,4.67158,4096,0.0103791
0.17201,1.04567,-0.000310077,-4.06755e-07,-4.31959e-07,4.49419,4096,0.0147599
0.17401,1.04404,-0.00031013,-3.78204e-07,-4.08254e-07,4.78645,4096,0.0114515
0.17601,1.07034,-0.000310147,-3.4782e-07,-3.43221e-07,4.27761,4096,0.0143624
0.17801,1.06612,-0.000316864,-3.18076e-07,-3.57177e-07,5.41571,4096,0.0152014
0.18001,1.05228,-0.000316848,-2.82977e-07,-3.79368e-07,4.54068,4096,0.011505
0.18201,1.04538,-0.000316859,-2.83384e-07,-2.9974e-07,4.78465,4096,0.01251
0.18401,1.05024,-0.000318502,-3.27098e-07,-3.49362e-07,4.46789,4096,0.0179115
0.18601,1.04434,-0.000321912,-4.1505e-07,-2.65267e-07,4.52087,4096,0.0130151
0.18801,1.04869,-0.00033118,-4.73723e-07,-2.67697e-07,4.79781,4096,0.0173752
0.19001,1.04559,-0.000338714,-5.63101e-07,-2.32962e-07,5.08004,4096,0.0109772
0.19201,1.02213,-0.000341309,-5.57091e-07,-2.59301e-07,4.47324,4096,0.0155296
0.19401,1.01807,-0.0003514,-5.78657e-07,-2.65187e-07,4.19803,4096,0.0143938
0.19601,1.05024,-0.000367023,-5.50397e-07,-2.68294e-07,4.47083,4096,0.0137888
0.19801,1.00975,-0.000384885,-6.07222e-07,-2.39779e-07,4.58916,4096,0.0170116
0.20001,1.09975,-0.000404436,-6.24539e-07,-1.88753e-07,4.77725,4096,0.0158688
0.20201,1.05638,-0.000422653,-6.39498e-07,-9.41291e-08,5.20601,4096,0.0133829
0.20401,1.03956,-0.000428751,-6.14178e-07,-6.85395e-08,4.50103,4096,0.0128218
0.20601,1.05961,-0.000436307,-5.88247e-07,-1.59926e-08,4.50512,4096,0.0121047
0.20801,1.06443,-0.000455312,-5.44635e-07,-3.30911e-08,4.28104,4096,0.0112917
0.21001,1.0486,-0.000474844,-5.64978e-07,-5.02041e-08,4.52792,4096,0.0127152
0.21201,1.07113,-0.000486872,-5.7272e-07,-7.08387e-08,4.57526,4096,0.0125735
0.21401,1.03204,-0.000496594,-5.01401e-07,-1.19326e-08,4.47043,4096,0.0101647
0.21601,1.02209,-0.000508442,-5.13173e-07,1.44792e-08,4.58127,4096,0.0106842
0.21801,1.09739,-0.000518695,-5.00324e-07,1.8772e-09,4.62413,4096,0.0104863
0.22001,1.00976,-0.000537526,-4.88493e-07,-3.11265e-08,4.31429,4096,0.0154766
0.22201,1.00604,-0.000553296,-4.59651e-07,-5.58211e-08,4.16675,4096,0.0130924
0.22401,1.06298,-0.00055335,-4.65618e-07,-5.58794e-09,4.66219,4096,0.0149079
0.22601,1.03113,-0.000553844,-4.7285e-07,-4.25207e-08,4.73252,4096,0.012292
0.22801,1.07786,-0.000562737,-4.53176e-07,-5.9692e-08,4.54607,4096,0.01122
0.23001,1.01205,-0.000561307,-4.65356e-07,-4.73519e-08,4.29951,4096,0.0155682
0.23201,1.05356,-0.000568854,-4.47137e-07,-4.72355e-08,4.20993,4096,0.0124165
0.23401,1.04802,-0.000578009,-4.72501e-07,-9.5315e-09,5.60063,4096,0.0137322
0.23601,1.07201,-0.000586259,-4.45289e-07,2.21771e-08,4.84463,4096,0.01324
0.23801,0.993463,-0.000596144,-3.73038e-07,1.07262e-07,4.98467,4096,0.00992478
0.24001,1.11326,-0.000605927,-3.72034e-07,6.21658e-08,4.40522,4096,0.0107362
0.24201,1.14943,-0.000614821,-3.65253e-07,9.71486e-08,4.93506,4096,0.0115248
0.24401,1.09192,-0.000617852,-3.10974e-07,9.84583e-08,5.13889,4096,0.0105998
0.24601,1.10786,-0.000621442,-2.96044e-07,9.45729e-08,5.10584,4096,0.0107544
0.24801,1.07069,-0.000618848,-2.58762e-07,1.54738e-07,4.23532,4096,0.0107395
0.25001,1.06673,-0.000627958,-2.46117e-07,1.20825e-07,5.3215,4096,0.0106212
0.25201,1.05377,-0.000637686,-2.991e-07,1.0847e-07,4.29067,4096,0.0111277
0.25401,1.05899,-0.000647503,-2.53232e-07,1.66299e-07,4.61326,4096,0.0101748
0.25601,1.04612,-0.000657234,-2.28552e-07,1.6515e-07,4.57842,4096,0.0173233
0.25801,1.05603,-0.000666935,-2.50657e-07,1.94064e-07,5.18855,4096,0.0127645
0.26001,1.07623,-0.000679007,-2.38055e-07,1.30618e-07,4.63555,4096,0.0110793
0.26201,1.08289,-0.000698604,-2.38957e-07,1.37079e-07,4.31062,4096,0.0127341
0.26401,1.08985,-0.000718129,-2.77068e-07,1.38767e-07,4.62721,4096,0.0102528
0.26601,1.08083,-0.000734309,-2.48008e-07,1.45781e-07,4.58666,4096,0.0110188
0.26801,1.04864,-0.000750675,-2.28873e-07,1.30356e-07,4.62011,4096,0.0118702
0.27001,1.0177,-0.000760436,-2.32438e-07,1.19209e-07,4.72651,4096,0.0128993
0.27201,1.02895,-0.000770212,-2.47659e-07,1.1368e-07,4.36737,4096,0.0125027
0.27401,1.02876,-0.000771655,-2.62429e-07,7.85512e-08,4.35934,4096,0.0100373
0.27601,1.0725,-0.000771606,-3.24275e-07,5.04224e-08,4.81842,4096,0.0118557
0.27801,1.08152,-0.00077058,-2.77942e-07,4.02651e-08,5.14206,4096,0.0112332
0.28001,1.06428,-0.000773277,-2.35334e-07,5.74219e-08,5.23977,4096,0.00999133
0.28201,1.01659,-0.000773288,-2.67406e-07,6.4807e-08,4.24659,4096,0.0105206
0.28401,1.03947,-0.000768163,-2.39132e-07,1.01325e-07,4.52469,4096,0.0110392
0.28601,1.06896,-0.000773985,-2.27185e-07,6.36937e-08,4.8449,4096,0.013524
0.28801,1.08194,-0.000780537,-2.35043e-07,1.28013e-07,5.27342,4096,0.010536
0.29001,1.04171,-0.000790295,-2.03989e-07,4.05416e-08,4.35917,4096,0.0108012
0.29201,1.06659,-0.000800107,-1.77737e-07,6.04923e-08,4.23139,4096,0.0122961
0.29401,1.05241,-0.000809903,-1.81695e-07,4.5562e-08,4.62464,4096,0.0118397
0.29601,1.07314,-0.000819644,-1.97178e-07,4.64934e-08,4.50929,4096,0.0141441
0.29801,1.09291,-0.000828073,-2.04556e-07,7.67322e-08,5.5753,4096,0.0143706
0.30001,1.05499,-0.000828091,-1.91474e-07,5.54537e-08,4.495,4096,0.0142376
0.30201,1.0418,-0.000828066,-1.45272e-07,4.93019e-08,4.5269,4096,0.0121916
0.30401,1.05678,-0.000828097,-1.18423e-07,1.17288e-08,4.70524,4096,0.0122478
0.30601,1.02657,-0.000829674,-1.39684e-07,1.18598e-08,5.06907,4096,0.0178243
0.30801,1.05952,-0.000833496,-1.09605e-07,6.0274e-08,4.83824,4096,0.0118124
0.31001,1.05846,-0.000843164,-1.32306e-07,5.71599e-08,4.4598,4096,0.0176042
0.31201,1.06776,-0.00085295,-5.76838e-08,6.33445e-08,4.73529,4096,0.0153253
0.31401,1.05918,-0.000862716,-1.02533e-07,1.35231e-07,4.38489,4096,0.0112917
0.31601,1.0511,-0.000872512,-7.52043e-08,1.46341e-07,4.4845,4096,0.0109576
0.31801,1.03874,-0.000882246,-8.37754e-08,1.30734e-07,4.34729,4096,0.0115224
0.32001,1.07533,-0.000892003,-5.08153e-08,6.67642e-08,4.66274,4096,0.0147208
0.32201,1.07019,-0.000901854,-5.1703e-08,7.63102e-08,4.48715,4096,0.0110507
0.32401,1.07101,-0.000911682,-5.00149e-08,1.08499e-07,4.51751,4096,0.0127634
0.32601,1.04362,-0.000921407,-4.61296e-09,1.05487e-07,4.7929,4096,0.0140315
0.32801,1.0701,-0.000931174,-3.3906e-08,1.03668e-07,4.28281,4096,0.0111152
0.33001,1.02781,-0.000940969,-3.41679e-08,1.53508e-07,4.21056,4096,0.0135986
0.33201,1.09413,-0.000950712,-1.77533e-08,1.99929e-07,4.93687,4096,0.0105761
0.33401,1.04749,-0.000960541,1.01718e-08,2.49172e-07,4.95606,4096,0.0107582
0.33601,1.00613,-0.000970242,-5.61704e-09,2.79237e-07,4.32576,4096,0.0109817
0.33801,1.03578,-0.000979989,6.93108e-08,3.62386e-07,4.96898,4096,0.0123886
0.34001,1.04708,-0.000989747,3.06463e-08,3.44327e-07,4.60942,4096,0.0125374
0.34201,1.05744,-0.000999508,5.7451e-08,3.32046e-07,4.04858,4096,0.0101804
0.34401,1.06757,-0.00100933,7.53498e-08,3.28153e-07,4.2533,4096,0.0133393
0.34601,1.03506,-0.00101911,1.42725e-07,3.77535e-07,4.26926,4096,0.0152175
0.34801,1.06891,-0.00102883,1.67114e-07,3.46045e-07,4.34565,4096,0.0114886
0.35001,1.05637,-0.00103865,1.49783e-07,2.62531e-07,4.37751,4096,0.0127615
0.35201,0.957663,-0.00104844,1.93788e-07,2.56347e-07,4.38696,4096,0.0142833
0.35401,1.06834,-0.00105828,2.12312e-07,1.4875e-07,4.40186,4096,0.0113617
0.35601,1.03019,-0.00106802,2.51588e-07,2.00132e-07,4.53048,4096,0.01193
0.35801,1.0574,-0.00107785,2.59475e-07,2.36891e-07,4.73968,4096,0.0110253
0.36001,1.02913,-0.0010876,2.37356e-07,1.45141e-07,4.64689,4096,0.0108084
0.36201,1.06357,-0.00109733,2.60145e-07,1.03624e-07,4.70711,4096,0.0129305
0.36401,1.02742,-0.00110713,2.42428e-07,1.07757e-07,4.53081,4096,0.0110225
0.36601,1.03706,-0.00111687,2.19297e-07,1.19122e-07,4.30267,4096,0.0108459
0.36801,1.01985,-0.00112664,2.33151e-07,9.1517e-08,4.56245,4096,0.0107771
0.37001,1.09218,-0.00114422,2.61498e-07,9.31759e-08,4.66149,4096,0.0131962
0.37201,1.01113,-0.00116376,2.7896e-07,9.59844e-08,4.82882,4096,0.0156764
0.37401,1.05778,-0.00118334,2.1491e-07,6.69679e-08,4.24264,4096,0.0106452
0.37601,1.05376,-0.00120293,2.30604e-07,1.29687e-07,4.70697,4096,0.0100741
0.37801,1.07531,-0.00122242,3.03582e-07,1.52795e-07,4.36666,4096,0.0130773
0.38001,1.05971,-0.00124196,3.24639e-07,2.55241e-07,4.63681,4096,0.0140307
0.38201,1.05721,-0.00126153,4.2333e-07,2.65005e-07,4.56595,4096,0.0103373
0.38401,1.03898,-0.00128104,4.91011e-07,2.6924e-07,4.24932,4096,0.0142129
0.38601,1.0322,-0.00130056,4.86441e-07,1.64131e-07,4.52588,4096,0.010963
0.38801,1.02846,-0.00131835,4.14264e-07,1.20694e-07,4.81744,4096,0.0117721
0.39001,0.945934,-0.00132872,3.91694e-07,1.15222e-07,4.09347,4096,0.0151724
0.39201,1.06083,-0.00134827,4.23257e-07,1.91052e-07,4.47487,4096,0.0117841
0.39401,1.07953,-0.00137117,4.58866e-07,1.52359e-07,4.66062,4096,0.0149999
0.39601,1.03033,-0.00139075,4.40792e-07,1.54061e-07,4.82544,4096,0.0149679
0.39801,1.08014,-0.00141789,3.97849e-07,1.11235e-07,4.461,4096,0.0101985
0.40001,1.04114,-0.00144028,4.10611e-07,8.2473e-08,4.51082,4096,0.0118775
0.40201,1.03013,-0.00146952,3.54601e-07,7.77945e-08,4.65715,4096,0.0129004
0.40401,1.10999,-0.00149445,3.96016e-07,3.84025e-08,5.12344,4096,0.0100896
0.40601,1.03106,-0.00151576,4.17727e-07,1.49201e-07,4.55899,4096,0.0132104
0.40801,1.04153,-0.00153045,4.65618e-07,1.28966e-07,4.28336,4096,0.0123958
0.41001,1.01685,-0.00154702,4.05154e-07,9.43546e-08,4.20484,4096,0.0132565
0.41201,1.08281,-0.00156732,3.9216e-07,1.11395e-07,4.78173,4096,0.0145106
0.41401,1.05067,-0.00158979,3.93207e-07,1.10958e-07,4.1755,4096,0.0113691
0.41601,0.9417,-0.00161913,3.52389e-07,1.32059e-07,3.99572,4096,0.0101349
0.41801,1.05531,-0.00164841,3.18971e-07,1.38054e-07,4.92923,4096,0.0172551
0.42001,1.08596,-0.00167769,2.87473e-07,1.81346e-07,4.74801,4096,0.0121418
0.42201,1.06523,-0.00170701,3.08879e-07,9.35106e-08,4.52381,4096,0.0158596
0.42401,1.06909,-0.00173627,3.39729e-07,1.10071e-07,4.41135,4096,0.0110792
0.42601,1.0568,-0.00176554,3.59491e-07,1.33979e-07,5.15493,4096,0.0121427
0.42801,1.01359,-0.00179482,3.31631e-07,1.29803e-07,4.41337,4096,0.0101834
0.43001,1.07332,-0.00182409,3.29179e-07,1.26573e-07,4.6564,4096,0.0131787
0.43201,1.05573,-0.0018534,3.16068e-07,1.72156e-07,5.32154,4096,0.0102021
0.43401,1.04725,-0.0018827,3.22318e-07,1.31186e-07,4.58531,4096,0.0132446
0.43601,1.0495,-0.00190591,3.43527e-07,1.69297e-07,5.37601,4096,0.0152709
0.43801,1.06223,-0.00192819,3.38157e-07,1.76879e-07,4.92975,4096,0.011552
0.44001,1.03629,-0.00194547,2.86207e-07,2.05604e-07,4.41363,4096,0.0137585
0.44201,1.05289,-0.0019565,2.34009e-07,1.97731e-07,4.99335,4096,0.0105355
0.44401,1.05893,-0.00196627,2.27301e-07,3.05023e-07,4.50045,4096,0.0129133
0.44601,1.07741,-0.00197983,1.7877e-07,2.89452e-07,4.48831,4096,0.0113052
0.44801,1.0331,-0.00199937,2.07132e-07,3.33224e-07,4.51845,4096,0.0105971
0.45001,1.06444,-0.00201886,1.7877e-07,3.92378e-07,4.32955,4096,0.0103574
0.45201,1.01181,-0.00203844,1.92638e-07,4.3631e-07,4.152,4096,0.0136329
0.45401,0.996926,-0.00205801,1.51158e-07,4.53889e-07,4.26503,4096,0.0105114
0.45601,1.00148,-0.00207749,1.3072e-07,3.97209e-07,4.79089,4096,0.0116402
0.45801,1.09283,-0.00210557,1.33674e-07,3.48635e-07,4.45362,4096,0.0129963
0.46001,1.01923,-0.00212928,1.68919e-07,3.2103e-07,4.56305,4096,0.0116759
0.46201,0.994477,-0.00215742,1.18598e-07,3.07293e-07,4.33894,4096,0.0142096
0.46401,1.06005,-0.00218666,9.5315e-08,2.44094e-07,4.75057,4096,0.0105793
0.46601,1.05021,-0.00221193,1.50365e-07,1.96989e-07,4.91008,4096,0.0115104
0.46801,1.04563,-0.00222202,1.43249e-07,2.29455e-07,4.46771,4096,0.0133165
0.47001,1.03738,-0.00222645,1.24477e-07,2.18322e-07,4.29183,4096,0.0175568
0.47201,1.05157,-0.00224511,1.32393e-07,2.63164e-07,4.35544,4096,0.0116846
0.47401,1.08569,-0.00225454,1.28028e-07,2.59519e-07,4.59361,4096,0.010466
0.47601,1.06047,-0.00225677,1.43016e-07,2.19967e-07,4.64508,4096,0.0125456
0.47801,1.04537,-0.00227059,1.4223e-07,2.56885e-07,4.7187,4096,0.0131657
0.48001,1.05635,-0.00228364,1.82976e-07,1.54323e-07,5.48464,4096,0.0132814
0.48201,1.03759,-0.00230263,1.74245e-07,1.05283e-07,4.36668,4096,0.0135671
0.48401,1.08495,-0.00232212,1.4306e-07,1.32277e-07,4.23234,4096,0.0112211
0.48601,1.0462,-0.00234167,1.42332e-07,2.0297e-07,5.13235,4096,0.0196464
0.48801,1.02905,-0.00236079,1.50903e-07,1.7132e-07,4.30655,4096,0.0123338
0.49001,1.02269,-0.00237816,1.58892e-07,1.60377e-07,5.11936,4096,0.0129231
0.49201,1.06276,-0.00239765,1.44442e-07,2.17085e-07,4.40672,4096,0.0144662
0.49401,1.02877,-0.00241562,1.34271e-07,2.57845e-07,4.88138,4096,0.014823
0.49601,1.04951,-0.00242534,1.26485e-07,2.15106e-07,4.55342,4096,0.011443
0.49801,1.08147,-0.0024351,9.32341e-08,1.34925e-07,4.39338,4096,0.0170853
0.50001,1.09084,-0.00244867,4.14293e-08,1.17085e-07,4.67985,4096,0.0109814
0.50201,1.04683,-0.002455,7.18137e-08,1.37865e-07,4.3842,4096,0.0155105
0.50401,1.06566,-0.00245876,3.32366e-08,1.36162e-07,5.16781,4096,0.0139878
0.50601,1.05479,-0.00246182,7.64412e-08,1.45228e-07,4.53796,4096,0.0120597
0.50801,1.03711,-0.00246127,7.13626e-08,1.40004e-07,5.37828,4096,0.014682
0.51001,1.06127,-0.00245154,5.03787e-08,1.32575e-07,4.72965,4096,0.0146522
0.51201,1.04795,-0.0024418,6.51198e-08,1.57059e-07,4.58821,4096,0.0160481
0.51401,1.03803,-0.00243205,4.85015e-08,1.10042e-07,4.45039,4096,0.0179462
0.51601,1.07165,-0.00242229,7.7227e-08,1.04075e-07,4.51982,4096,0.0105828
0.51801,1.11955,-0.00241255,1.17783e-07,1.25918e-07,5.66961,4096,0.00988479
0.52001,1.08545,-0.00240284,9.08767e-08,5.24888e-08,4.5273,4096,0.0109836
0.52201,1.05298,-0.00239311,1.48051e-07,3.80533e-08,4.35011,4096,0.010403
0.52401,1.06249,-0.00238338,1.40695e-07,1.77533e-08,4.4308,4096,0.0128292
0.52601,1.0336,-0.00237637,1.37952e-07,4.53729e-08,4.54066,4096,0.00967519
0.52801,1.02563,-0.00237765,1.07524e-07,4.73519e-08,4.65414,4096,0.0102036
0.53001,1.03276,-0.00237141,1.71392e-07,3.58268e-08,4.32973,4096,0.0131476
0.53201,1.03015,-0.00236787,1.22192e-07,8.57108e-09,4.40301,4096,0.0108727
0.53401,1.04479,-0.00236045,1.47222e-07,2.59606e-08,4.76719,4096,0.0144426
0.53601,1.06111,-0.00235075,1.11555e-07,2.02563e-08,4.23276,4096,0.011628
0.53801,1.05809,-0.00234098,4.80213e-09,-7.61065e-09,4.82345,4096,0.0120198
0.54001,1.05618,-0.00233123,-1.19326e-08,2.31521e-08,5.07135,4096,0.0147975
0.54201,1.0244,-0.00232145,-2.15223e-08,-2.75468e-08,4.89201,4096,0.0140162
0.54401,1.0333,-0.00231308,2.89583e-08,5.77711e-08,4.6493,4096,0.0144366
0.54601,1.04693,-0.00230999,1.75205e-08,3.27418e-08,4.59132,4096,0.0101281
0.54801,1.02302,-0.0023002,4.78321e-08,1.59926e-08,4.29652,4096,0.0149486
0.55001,1.06779,-0.00229043,5.51227e-08,1.04628e-08,4.27076,4096,0.0120054
0.55201,1.03498,-0.00228062,1.38083e-07,6.76664e-08,4.71603,4096,0.0106087
0.55401,1.05688,-0.0022708,2.24332e-07,1.26427e-07,4.5043,4096,0.0110348
0.55601,1.06882,-0.00226105,2.61876e-07,1.3753e-07,4.38426,4096,0.0108872
0.55801,1.04137,-0.00225127,2.72965e-07,1.49477e-07,4.73568,4096,0.0115437
0.56001,1.02867,-0.00224149,2.34912e-07,1.37326e-07,4.59176,4096,0.0154234
0.56201,1.06806,-0.00223177,2.61061e-07,1.23269e-07,4.41569,4096,0.0121202
0.56401,1.02916,-0.00222201,2.55081e-07,1.73037e-07,4.16327,4096,0.0120986
0.56601,1.03853,-0.00221228,2.51152e-07,1.52577e-07,4.40557,4096,0.0127735
0.56801,1.0881,-0.00220251,1.96145e-07,1.37981e-07,4.7796,4096,0.0102571
0.57001,1.06415,-0.00219279,2.05793e-07,9.55624e-08,4.75767,4096,0.0113979
0.57201,1.07894,-0.00218306,1.87647e-07,7.16973e-08,4.43287,4096,0.0125368
0.57401,1.02181,-0.00217324,1.9632e-07,4.82833e-08,4.376,4096,0.0111957
0.57601,1.05329,-0.00216346,2.40208e-07,6.73317e-08,4.81433,4096,0.010896
0.57801,1.0512,-0.00215369,2.33398e-07,4.88944e-08,4.41092,4096,0.0129292
0.58001,1.06419,-0.00214389,2.87808e-07,8.88249e-08,4.58068,4096,0.00994239
0.58201,1.03263,-0.00213755,2.60363e-07,6.96455e-08,4.21432,4096,0.0128108
0.58401,1.0343,-0.00212777,2.04687e-07,-2.04309e-08,4.82312,4096,0.0134824
0.58601,1.03402,-0.002118,2.16154e-07,-3.21015e-08,4.25362,4096,0.0103861
0.58801,1.07781,-0.00210827,1.01645e-07,1.88011e-08,4.51217,4096,0.0146478
0.59001,0.97523,-0.00209856,1.7861e-07,-9.8953e-09,4.17816,4096,0.0106688
0.59201,1.08024,-0.00208882,1.89117e-07,-3.60596e-08,4.38816,4096,0.013706
0.59401,1.04388,-0.00207902,1.3972e-07,6.25732e-10,4.77605,4096,0.0121033
0.59601,1.0625,-0.00206728,1.21974e-07,-8.33825e-09,4.30312,4096,0.0154546
0.59801,1.0566,-0.00204772,7.15809e-08,2.72703e-08,4.39428,4096,0.0127183
0.60001,1.01502,-0.00202843,1.40542e-07,6.73172e-08,4.31895,4096,0.0112129
0.60201,1.04429,-0.00201267,1.25394e-07,7.18283e-08,4.55692,4096,0.0112169
0.60401,1.05288,-0.00199314,1.13083e-07,1.32495e-07,5.42632,4096,0.0120773
0.60601,1.03486,-0.00197359,1.1173e-07,1.55196e-07,4.5116,4096,0.0104459
0.60801,1.06543,-0.00195421,1.41532e-07,1.82379e-07,5.39705,4096,0.0108035
0.61001,1.05096,-0.00194155,1.56782e-07,2.10493e-07,5.05295,4096,0.0112412
0.61201,1.04927,-0.00192329,1.36002e-07,2.69356e-07,4.66811,4096,0.0153069
0.61401,1.00934,-0.00190374,1.61221e-07,2.92537e-07,4.22284,4096,0.0173609
0.61601,1.05625,-0.00188415,8.78499e-08,2.93148e-07,4.64453,4096,0.0110142
0.61801,1.06547,-0.00187082,3.34985e-08,1.99914e-07,4.46098,4096,0.0119615
0.62001,1.08615,-0.00185794,-3.52738e-08,2.46975e-07,5.57804,4096,0.0108527
0.62201,1.07081,-0.00183377,9.83709e-09,2.22528e-07,4.62792,4096,0.0109408
0.62401,1.04824,-0.00180643,1.65892e-08,3.42101e-07,4.51646,4096,0.012715
0.62601,1.05569,-0.0017735,3.28873e-09,3.70419e-07,4.36716,4096,0.0103934
0.62801,1.03861,-0.00174817,2.61934e-09,3.42654e-07,4.44003,4096,0.0101177
0.63001,1.04125,-0.00172865,-6.56291e-09,3.94852e-07,4.14758,4096,0.0104844
0.63201,1.07689,-0.0017167,-1.18162e-08,4.69619e-07,5.11799,4096,0.0148365
0.63401,1.06724,-0.00170707,8.94943e-10,4.49596e-07,4.62452,4096,0.0147958
0.63601,1.09931,-0.00169375,-4.4558e-08,4.08647e-07,4.26117,4096,0.0116063
0.63801,1.08892,-0.00166882,-5.25906e-08,4.14759e-07,4.35919,4096,0.0173544
0.64001,1.01973,-0.00165092,-4.61296e-09,3.58414e-07,4.61204,4096,0.0111482
0.64201,1.04305,-0.00162911,3.60887e-09,3.90064e-07,4.39375,4096,0.0157405
0.64401,1.08161,-0.00159981,3.20142e-09,2.92945e-07,4.77287,4096,0.0174479
0.64601,1.07636,-0.00157616,3.7704e-08,3.32584e-07,4.67998,4096,0.0146031
0.64801,1.05884,-0.0015566,5.4788e-08,3.48387e-07,4.5814,4096,0.00994195
0.65001,1.10481,-0.0015378,2.75613e-08,2.9066e-07,4.9939,4096,0.0107398
0.65201,1.07389,-0.00151848,2.88564e-08,3.01719e-07,4.65539,4096,0.0179676
0.65401,1.03113,-0.00150859,3.21597e-08,3.22034e-07,4.89033,4096,0.0121292
0.65601,1.05221,-0.00149888,1.26165e-08,3.33122e-07,4.45607,4096,0.0126196
0.65801,1.11857,-0.00148895,-8.61473e-09,2.7749e-07,4.54924,4096,0.0158951
0.66001,1.0672,-0.00146944,2.16824e-08,3.03742e-07,4.93984,4096,0.0146323
0.66201,1.07455,-0.00145383,-1.17434e-08,3.05081e-07,4.47698,4096,0.0114538
0.66401,1.06546,-0.00144406,1.11613e-08,2.85378e-07,4.28853,4096,0.0124858
0.66601,1.05492,-0.00142897,-1.34387e-08,3.26152e-07,4.55421,4096,0.0111368
0.66801,1.06933,-0.00141921,-8.99599e-08,2.66344e-07,5.44696,4096,0.0184053
0.67001,1.02944,-0.00140946,-9.48494e-08,2.75882e-07,4.10712,4096,0.0148409
0.67201,0.993942,-0.00140317,-8.79227e-08,2.48838e-07,4.67247,4096,0.0161626
0.67401,1.02506,-0.0014032,-8.23638e-08,2.26879e-07,4.4939,4096,0.0111772
0.67601,1.05528,-0.00139653,-1.14087e-07,2.11541e-07,4.75125,4096,0.0118051
0.67801,1.06396,-0.00138678,-6.60948e-08,2.42188e-07,4.42108,4096,0.0118917
0.68001,1.04616,-0.001377,-5.94009e-08,2.13418e-07,4.28069,4096,0.0120598
0.68201,1.06742,-0.00137598,-9.83127e-08,1.79993e-07,4.5907,4096,0.0119598
0.68401,1.07675,-0.00137143,-7.43603e-08,1.80917e-07,4.55773,4096,0.014008
0.68601,1.04001,-0.00136171,-5.86442e-08,1.86876e-07,4.46141,4096,0.0149085
0.68801,1.02085,-0.0013584,-5.13974e-08,2.10261e-07,4.17236,4096,0.012759
0.69001,1.0041,-0.00135842,-3.79951e-08,2.33893e-07,5.24517,4096,0.011217
0.69201,1.05753,-0.00135352,-1.49012e-08,2.38317e-07,5.92806,4096,0.0145113
0.69401,1.10121,-0.00134563,5.48462e-08,2.26733e-07,4.37693,4096,0.0137218
0.69601,1.07956,-0.00133591,5.98957e-08,1.86614e-07,4.29957,4096,0.0113443
0.69801,1.03169,-0.00132545,7.16536e-08,2.28145e-07,4.39983,4096,0.0127097
0.70001,0.982882,-0.00130592,3.74421e-08,2.3497e-07,4.20992,4096,0.0132521
0.70201,0.952194,-0.00128638,3.91738e-08,2.53378e-07,4.19361,4096,0.0140119
0.70401,1.08863,-0.00126687,5.12664e-08,1.79658e-07,4.1958,4096,0.0137841
0.70601,1.04047,-0.00125613,1.04512e-07,1.98619e-07,4.59891,4096,0.00991773
0.70801,1.0258,-0.00124031,1.17259e-07,2.41314e-07,5.53881,4096,0.013554
0.71001,1.07626,-0.00122986,4.52128e-08,2.35974e-07,4.4316,4096,0.0108964
0.71201,1.05366,-0.00121634,4.35539e-08,1.61599e-07,5.03737,4096,0.011135
0.71401,1.04606,-0.00119686,2.59606e-08,1.89175e-07,4.55404,4096,0.0110084
0.71601,1.08369,-0.00118143,3.02825e-08,1.77999e-07,4.32395,4096,0.0141431
0.71801,1.03826,-0.00116641,1.16415e-10,1.76529e-07,5.8211,4096,0.0130428
0.72001,1.05514,-0.00117119,5.75092e-08,1.56899e-07,4.82763,4096,0.0160542
0.72201,1.05039,-0.00117499,2.58005e-08,1.44093e-07,4.57052,4096,0.0137872
0.72401,1.01472,-0.00118345,3.18541e-08,8.44884e-08,4.44411,4096,0.0145611
0.72601,1.03133,-0.00118594,2.26719e-08,1.07495e-07,4.64826,4096,0.0163933
0.72801,1.02961,-0.00118594,5.59958e-08,1.31171e-07,4.71088,4096,0.0106309
0.73001,1.06227,-0.00118586,6.11471e-08,1.33849e-07,4.56362,4096,0.0141134
0.73201,1.04085,-0.00118583,6.16565e-08,1.56928e-07,4.40586,4096,0.013566
0.73401,1.03264,-0.00118579,9.66102e-08,1.12079e-07,4.65896,4096,0.0125044
0.73601,1.07145,-0.00117966,1.4533e-07,1.13316e-07,4.7622,4096,0.0172165
0.73801,1.05389,-0.00117491,1.33412e-07,6.10307e-08,4.57291,4096,0.0125019
0.74001,1.05395,-0.00117427,1.20053e-07,1.81317e-08,4.96283,4096,0.0145939
0.74201,1.05737,-0.00116452,1.92798e-07,1.4143e-07,4.45882,4096,0.011133
0.74401,1.0607,-0.00115475,2.30139e-07,6.71134e-08,4.57962,4096,0.0109955
0.74601,1.06329,-0.00114496,2.20287e-07,8.70787e-08,4.28505,4096,0.0108471
0.74801,0.948492,-0.0011352,2.3804e-07,1.10696e-07,4.11121,4096,0.0114597
0.75001,1.06413,-0.00112549,1.97761e-07,1.21654e-08,4.38477,4096,0.0130424
0.75201,1.04367,-0.00111578,1.90892e-07,-5.26343e-08,4.42592,4096,0.0120049
0.75401,1.05219,-0.00110594,1.52373e-07,-1.17492e-07,4.34037,4096,0.0115246
0.75601,1.05749,-0.00109616,1.06607e-07,-1.47324e-07,4.40528,4096,0.0138631
0.75801,1.05834,-0.00108636,1.234e-07,-1.88273e-07,4.43247,4096,0.0123522
0.76001,1.05626,-0.00107663,1.60231e-07,-1.99652e-07,4.0853,4096,0.0120772
0.76201,1.07647,-0.00106419,2.53596e-07,-1.65237e-07,4.46323,4096,0.0121146
0.76401,1.07353,-0.00104537,2.29891e-07,-2.40994e-07,4.72252,4096,0.0138504
0.76601,1.05119,-0.00103249,2.69414e-07,-2.6889e-07,4.52555,4096,0.0101192
0.76801,1.05939,-0.00102269,2.54091e-07,-2.7247e-07,4.35654,4096,0.0133642
0.77001,1.07489,-0.0010129,2.46451e-07,-2.39626e-07,4.41604,4096,0.0110188
0.77201,1.05374,-0.0010032,3.20113e-07,-2.2538e-07,4.27673,4096,0.0139874
0.77401,1.02856,-0.000993497,3.09694e-07,-2.3302e-07,4.38478,4096,0.0153416
0.77601,1.0693,-0.000983772,3.37546e-07,-2.01995e-07,4.58513,4096,0.0148508
0.77801,1.06664,-0.000973997,3.61324e-07,-2.015e-07,4.59805,4096,0.0101542
0.78001,1.03066,-0.000964234,2.71248e-07,-2.10974e-07,4.91332,4096,0.014321
0.78201,1.05006,-0.00094685,2.45549e-07,-2.07277e-07,4.36486,4096,0.0116047
0.78401,1.06211,-0.000934043,2.56085e-07,-2.54266e-07,4.27747,4096,0.010869
0.78601,1.11395,-0.000914432,2.61702e-07,-2.33791e-07,4.60448,4096,0.0106098
0.78801,1.02099,-0.000894566,3.21132e-07,-1.72666e-07,4.88328,4096,0.017805
0.79001,1.05132,-0.000867397,3.50556e-07,-9.63482e-08,4.27306,4096,0.0117099
0.79201,1.04498,-0.000844394,3.34487e-07,-5.8033e-08,4.86344,4096,0.00997169
0.79401,1.07112,-0.000817246,2.79717e-07,-6.51926e-08,5.87517,4096,0.0145413
0.79601,1.05023,-0.000797719,2.46044e-07,-9.82982e-08,4.43393,4096,0.0101623
0.79801,1.03239,-0.000778218,2.57962e-07,-1.09372e-07,4.68124,4096,0.0105127
0.80001,1.06849,-0.000758671,2.46655e-07,-1.07961e-07,4.38622,4096,0.0122882
0.80201,1.04229,-0.000739109,2.84228e-07,-1.45883e-07,5.32037,4096,0.0118986
0.80401,1.04734,-0.000719697,2.59432e-07,-1.41692e-07,4.32379,4096,0.012909
0.80601,1.04484,-0.000703085,2.01384e-07,-1.18263e-07,4.99955,4096,0.0109314
0.80801,1.05629,-0.000684753,1.61628e-07,-1.18991e-07,4.47822,4096,0.012048
0.81001,1.07564,-0.000665225,2.39044e-07,-1.33092e-07,4.43969,4096,0.0112894
0.81201,1.0678,-0.000648268,2.36148e-07,-8.82574e-08,4.45949,4096,0.0123698
0.81401,1.08156,-0.000637787,2.22572e-07,-1.09561e-07,4.8846,4096,0.011899
0.81601,1.05877,-0.000622081,1.60915e-07,-1.12581e-07,5.31656,4096,0.0121231
0.81801,1.07071,-0.00060587,1.42769e-07,-9.43692e-08,4.58006,4096,0.0114801
0.82001,1.04181,-0.000588492,1.45563e-07,-1.43249e-07,4.38387,4096,0.0125855
0.82201,1.04278,-0.000568993,1.86679e-07,-1.31913e-07,4.54179,4096,0.0130794
0.82401,1.01014,-0.000549472,2.44065e-07,-1.63898e-07,4.27172,4096,0.0158483
0.82601,1.05873,-0.000530021,2.63666e-07,-1.53013e-07,4.84535,4096,0.0150206
0.82801,1.05237,-0.000520264,2.49856e-07,-1.16735e-07,4.47261,4096,0.0123946
0.83001,1.06891,-0.000508531,2.50046e-07,-1.29978e-07,4.31118,4096,0.0125093
0.83201,1.04982,-0.000502423,2.49682e-07,-1.24215e-07,4.7463,4096,0.0149491
0.83401,1.04599,-0.000482958,2.66038e-07,-1.21086e-07,4.5452,4096,0.0103531
0.83601,1.05758,-0.000454949,2.64219e-07,-1.50249e-07,4.54669,4096,0.0144157
0.83801,1.04732,-0.000429388,2.22426e-07,-1.35726e-07,4.28809,4096,0.0105805
0.84001,1.05911,-0.000417383,2.17493e-07,-1.49113e-07,4.81735,4096,0.0108165
0.84201,1.02061,-0.000404979,2.10493e-07,-1.71072e-07,4.47923,4096,0.0122755
0.84401,1.05386,-0.000395206,2.55546e-07,-1.75372e-07,4.22409,4096,0.0104554
0.84601,1.03221,-0.000385043,1.68686e-07,-2.04105e-07,4.1941,4096,0.0101052
0.84801,1.05433,-0.000369528,1.34198e-07,-1.6483e-07,4.83393,4096,0.0143163
0.85001,1.06431,-0.000358018,7.89005e-08,-1.91227e-07,4.41121,4096,0.0135196
0.85201,1.04845,-0.000345415,2.48547e-08,-1.2909e-07,4.38577,4096,0.0116578
0.85401,1.05016,-0.000325913,-2.25991e-08,-1.54017e-07,4.4095,4096,0.0110844
0.85601,1.06169,-0.000310088,-3.94357e-08,-1.52519e-07,4.67042,4096,0.0144836
0.85801,1.00978,-0.000293485,-8.44011e-10,-1.81753e-07,4.71215,4096,0.0114081
0.86001,1.07257,-0.000269473,-3.77622e-08,-1.1269e-07,4.71358,4096,0.0128891
0.86201,1.05496,-0.000247504,-8.79663e-08,-1.06869e-07,4.83373,4096,0.0121536
0.86401,1.03046,-0.000227932,-7.50588e-08,-8.85047e-08,4.46259,4096,0.0105772
0.86601,1.0491,-0.000208458,-1.04148e-07,-7.78236e-08,4.52966,4096,0.0123446
0.86801,1.03065,-0.000188918,-1.15571e-07,-4.37431e-08,5.03733,4096,0.0118086
0.87001,1.06392,-0.000169432,-1.42347e-07,2.9846e-08,4.86238,4096,0.0141466
0.87201,1.04875,-0.00014995,-1.27009e-07,6.29516e-08,4.69808,4096,0.0143411
0.87401,1.06152,-0.000138185,-1.29003e-07,6.03904e-08,4.28567,4096,0.0140599
0.87601,1.07234,-0.000128422,-1.04192e-07,7.59028e-08,4.66062,4096,0.0112104
0.87801,1.04424,-0.000118598,-7.42002e-08,1.00117e-08,5.0214,4096,0.0105059
0.88001,1.03519,-0.000108831,-3.87518e-08,-2.40252e-08,4.44072,4096,0.0117605
0.88201,1.05659,-9.90848e-05,-8.65548e-08,-5.8033e-08,4.38505,4096,0.0198788
0.88401,1.02838,-8.93299e-05,-7.47095e-08,-6.32426e-08,4.35968,4096,0.0125272
0.88601,1.06027,-7.96061e-05,-7.85367e-08,5.55447e-08,4.44897,4096,0.015831
0.88801,1.0564,-6.98339e-05,-1.13345e-07,7.15954e-08,4.45868,4096,0.0113392
0.89001,1.07137,-6.00382e-05,-1.25423e-07,4.05416e-08,4.56491,4096,0.0115177
0.89201,1.04973,-5.02607e-05,-1.70156e-07,1.0174e-07,4.54481,4096,0.0127827
0.89401,1.09277,-4.04876e-05,-1.74186e-07,7.04022e-08,5.00758,4096,0.0123812
0.89601,1.07595,-3.07472e-05,-1.71247e-07,8.78063e-08,4.55863,4096,0.0127744
0.89801,1.06373,-2.09729e-05,-1.57102e-07,7.87986e-08,4.74661,4096,0.0129733
0.90001,1.05013,-1.37157e-05,-1.54963e-07,8.30478e-08,4.4005,4096,0.0109687
0.90201,1.0617,-3.97996e-06,-1.99521e-07,3.29164e-08,4.46401,4096,0.0111329
0.90401,1.06887,4.54059e-06,-2.62284e-07,5.37548e-08,4.30621,4096,0.0106974
0.90601,1.04123,5.82178e-07,-2.50729e-07,1.10711e-07,4.49216,4096,0.0121785
0.90801,1.03607,-1.95984e-06,-2.48634e-07,9.28558e-08,4.5204,4096,0.0128659
0.91001,1.03304,1.17897e-06,-2.92668e-07,4.79631e-08,4.34687,4096,0.0102151
0.91201,1.03472,5.7218e-06,-2.70898e-07,4.84579e-08,5.26242,4096,0.0107283
0.91401,1.0619,1.52055e-05,-2.25366e-07,-2.92493e-08,4.43275,4096,0.0119002
0.91601,1.04092,1.5147e-05,-1.8139e-07,-7.74016e-08,5.08651,4096,0.0156409
0.91801,1.04798,1.73203e-05,-1.91583e-07,-1.18976e-07,4.97388,4096,0.0107967
0.92001,1.06123,1.73784e-05,-1.56564e-07,-1.2583e-07,4.51419,4096,0.0151169
0.92201,1.07847,3.41222e-05,-1.92202e-07,-1.92493e-07,4.55937,4096,0.010182
0.92401,1.07182,5.27617e-05,-2.22135e-07,-1.27795e-07,4.36887,4096,0.0106906
0.92601,1.03571,6.25373e-05,-1.82481e-07,-1.61279e-07,4.68747,4096,0.0108976
0.92801,1.06212,7.23141e-05,-1.9087e-07,-7.67905e-08,4.34394,4096,0.00999935
0.93001,1.07691,9.12386e-05,-1.78843e-07,-8.0734e-08,4.30583,4096,0.0112348
0.93201,1.02224,0.000110789,-2.04411e-07,-5.82368e-08,4.22178,4096,0.0107594
0.93401,1.03569,0.000131426,-1.31491e-07,4.9331e-09,4.64566,4096,0.0119176
0.93601,1.07345,0.000160734,-1.71669e-07,-1.50758e-08,4.42282,4096,0.010738
0.93801,1.08374,0.000186719,-1.48502e-07,-4.79777e-08,5.1152,4096,0.0161006
0.94001,1.03821,0.000211461,-7.48551e-08,-4.34084e-08,4.60633,4096,0.0106925
0.94201,1.0538,0.000234205,-2.33849e-08,-2.93076e-08,4.7209,4096,0.0116246
0.94401,1.06542,0.000251979,2.67464e-08,-9.19681e-09,4.18289,4096,0.0114203
0.94601,1.02183,0.000271184,-9.03674e-09,-2.00234e-08,4.93993,4096,0.0101182
0.94801,1.1006,0.000276991,4.58967e-08,1.38243e-09,5.4259,4096,0.0128924
0.95001,1.06344,0.000285291,-1.09285e-08,6.68952e-08,4.66014,4096,0.0118199
0.95201,1.05072,0.000292039,-1.65892e-09,1.03028e-07,4.51913,4096,0.0111366
0.95401,1.09491,0.0003018,-1.10507e-07,7.80929e-08,4.54543,4096,0.01402
0.95601,1.07506,0.000319098,-8.89268e-08,2.55204e-08,4.54207,4096,0.0120357
0.95801,1.02038,0.000330544,-6.7259e-08,4.81959e-08,4.84799,4096,0.0138416
0.96001,1.03746,0.000341562,-5.60831e-08,1.00408e-07,4.02516,4096,0.0129658
0.96201,1.0331,0.000354476,-9.02801e-08,1.67522e-07,4.96233,4096,0.01599
0.96401,1.03584,0.000364847,-1.51922e-07,1.65019e-07,4.54459,4096,0.0114354
0.96601,1.08806,0.000375658,-1.91256e-07,1.79745e-07,5.08646,4096,0.0146303
0.96801,1.04678,0.00038545,-2.71641e-07,1.64728e-07,4.66481,4096,0.0156693
0.97001,1.10157,0.000399428,-2.42144e-07,1.523e-07,4.61113,4096,0.0116709
0.97201,1.04209,0.000421813,-2.6729e-07,1.07117e-07,4.56489,4096,0.0106605
0.97401,1.04361,0.000445058,-2.86978e-07,1.22833e-07,4.79758,4096,0.0138698
0.97601,1.02161,0.000464636,-2.663e-07,9.32487e-08,4.20893,4096,0.0117919
0.97801,1.08595,0.000484159,-2.7167e-07,1.53639e-07,4.28969,4096,0.0149275
0.98001,1.04655,0.000503701,-2.75206e-07,1.33005e-07,4.77862,4096,0.01102
0.98201,1.03569,0.000523193,-2.93483e-07,1.26849e-07,5.04632,4096,0.0111572
0.98401,1.02329,0.000542667,-2.87138e-07,1.65033e-07,4.56899,4096,0.0113949
0.98601,1.03631,0.000562156,-2.76894e-07,1.78785e-07,4.28521,4096,0.0136316
0.98801,1.0647,0.000581693,-2.32307e-07,1.69923e-07,4.63459,4096,0.0112055
0.99001,1.05764,0.000601224,-2.16343e-07,1.52198e-07,4.61185,4096,0.0108709
0.99201,1.05087,0.000620743,-2.67246e-07,8.27713e-08,4.6356,4096,0.00969425
0.99401,1.05828,0.000640273,-2.39321e-07,9.1517e-08,4.61487,4096,0.00974046
0.99601,1.04368,0.00065976,-2.10755e-07,5.6214e-08,4.82286,4096,0.013211
0.99801,1.05055,0.000679579,-1.57117e-07,5.34928e-08,4.31,4096,0.0108872
1.00001,1.04011,0.000700169,-1.62167e-07,9.02364e-08,4.82272,4096,0.0133491
1.00201,1.07862,0.000724882,-2.35712e-07,4.26662e-08,4.63149,4096,0.010312
1.00401,1.04504,0.00074444,-1.61264e-07,8.82719e-08,4.50464,4096,0.0147485
1.00601,1.04384,0.000770496,-1.88709e-07,1.22353e-07,5.25408,4096,0.0116578
1.00801,1.04691,0.000793699,-1.70214e-07,1.07568e-07,4.33736,4096,0.00984337
1.01001,1.04071,0.000822931,-1.47018e-07,8.93051e-08,5.24053,4096,0.0123089
1.01201,1.02938,0.000850845,-1.49666e-07,1.08324e-07,4.24501,4096,0.0143538
1.01401,1.04863,0.000874278,-1.40775e-07,1.04454e-07,4.34821,4096,0.0127552
1.01601,1.06305,0.000885544,-1.97397e-07,1.50671e-07,4.51109,4096,0.0142464
1.01801,1.07741,0.000896026,-2.43104e-07,1.63607e-07,4.39253,4096,0.011642
1.02001,1.02951,0.000916986,-2.35174e-07,1.83602e-07,4.80021,4096,0.0157561
1.02201,1.04582,0.00093137,-1.29505e-07,1.84373e-07,4.27233,4096,0.0144303
1.02401,1.07434,0.000951037,-1.73124e-07,1.77315e-07,4.7151,4096,0.0180753
1.02601,1.0538,0.000971141,-2.22382e-07,8.07486e-08,4.63636,4096,0.0113994
1.02801,1.0599,0.00100006,-2.41824e-07,6.31408e-08,4.78219,4096,0.0106086
1.03001,1.0175,0.00102937,-2.9432e-07,1.11322e-07,4.98495,4096,0.010101
1.03201,1.02393,0.00106622,-2.54309e-07,1.01223e-07,4.50996,4096,0.0134214
1.03401,1.05308,0.00110529,-2.11643e-07,1.33427e-07,4.53217,4096,0.013761
1.03601,1.03444,0.00114148,-9.77161e-08,1.67776e-07,3.98665,4096,0.0110938
1.03801,1.03394,0.00117287,-1.20257e-07,2.71291e-07,4.46693,4096,0.0146041
1.04001,1.03062,0.00121382,-7.15663e-08,2.7717e-07,5.38757,4096,0.011355
1.04201,1.06219,0.00125245,-2.49565e-08,2.41562e-07,4.41524,4096,0.0111917
1.04401,1.05081,0.00129751,-3.51574e-08,2.37967e-07,4.48938,4096,0.0127261
1.04601,1.06781,0.00133649,-2.34286e-09,2.38404e-07,4.93919,4096,0.0146206
1.04801,1.01001,0.00136747,-2.87546e-08,2.27126e-07,4.21689,4096,0.0110631
1.05001,1.0547,0.00139672,-2.81725e-08,2.18904e-07,4.96724,4096,0.0134588
1.05201,1.05803,0.00142225,-7.25704e-08,1.88302e-07,4.61014,4096,0.0145652
1.05401,1.04961,0.00145158,-1.24244e-07,2.01893e-07,4.31938,4096,0.0112734
1.05601,1.04793,0.00146781,-1.4159e-07,1.77562e-07,4.42913,4096,0.01084
1.05801,1.0646,0.00149863,-1.07553e-07,1.70447e-07,4.34892,4096,0.0115188
1.06001,1.03468,0.00152184,-4.25935e-08,1.82001e-07,4.62429,4096,0.016012
1.06201,1.0119,0.00153831,-4.84506e-08,1.5652e-07,4.56651,4096,0.0113904
1.06401,1.05643,0.00154808,-4.22006e-09,1.20082e-07,4.93345,4096,0.0137629
1.06601,1.07354,0.0015519,-1.69312e-08,3.23926e-08,4.52309,4096,0.0157774
1.06801,1.03831,0.00155749,7.47968e-09,6.57965e-08,4.55426,4096,0.0144714
1.07001,1.04308,0.00156719,9.32778e-09,8.83592e-08,4.42969,4096,0.0202335
1.07201,1.05837,0.00157702,2.28465e-09,1.16255e-07,4.25252,4096,0.0144309
1.07401,1.0206,0.00159427,2.12458e-08,1.1643e-07,4.19278,4096,0.0121789
1.07601,1.06118,0.0016056,2.53931e-08,1.56608e-07,4.63693,4096,0.0105702
1.07801,1.02828,0.00161533,4.1764e-09,1.59183e-07,4.31735,4096,0.0141051
1.08001,1.05958,0.00162183,1.24419e-08,1.79993e-07,4.64652,4096,0.0107808
1.08201,1.0438,0.00164321,4.51546e-08,1.4792e-07,4.55404,4096,0.0107645
1.08401,1.0717,0.00166278,5.00295e-08,1.34605e-07,4.63843,4096,0.0113476
1.08601,1.06093,0.00168091,5.8033e-08,1.56899e-07,4.65418,4096,0.0134401
1.08801,1.06956,0.0016979,5.04369e-08,1.84475e-07,5.00538,4096,0.0140794
1.09001,1.0423,0.0017135,7.43603e-09,1.24914e-07,4.38868,4096,0.0102396
1.09201,1.09733,0.00173305,4.46744e-09,1.3096e-07,4.62035,4096,0.0129497
1.09401,1.06042,0.00174611,7.24103e-08,4.71773e-08,4.85255,4096,0.01621
1.09601,1.0014,0.00175651,2.89001e-08,-1.85464e-08,4.20597,4096,0.0149332
1.09801,1.06858,0.00175047,5.50499e-08,-3.60305e-08,4.36444,4096,0.0104709
1.10001,1.05682,0.0017465,5.52391e-08,-1.06767e-07,4.43282,4096,0.0108374
1.10201,1.06363,0.00175482,3.49246e-08,-9.87493e-08,4.10598,4096,0.0137015
1.10401,1.07617,0.00176773,6.73172e-08,-9.54024e-08,4.90639,4096,0.0102253
1.10601,1.08229,0.00178455,2.44036e-08,-1.47469e-07,4.36123,4096,0.0115986
1.10801,1.07294,0.00180176,9.61882e-09,-1.78989e-07,4.36258,4096,0.0126417
1.11001,1.07239,0.00181887,8.51287e-09,-1.61919e-07,4.85134,4096,0.0107683
1.11201,1.03372,0.00183598,7.9337e-08,-9.71559e-08,4.47526,4096,0.0107613
1.11401,1.08866,0.00185205,8.9276e-08,-2.16271e-07,4.50355,4096,0.0113943
1.11601,1.07364,0.00187635,1.01834e-07,-1.98372e-07,4.19556,4096,0.0102936
1.11801,1.0567,0.00190564,1.09692e-07,-1.88142e-07,4.53949,4096,0.0148124
1.12001,1.05162,0.00193495,8.62201e-08,-1.74638e-07,4.40488,4096,0.0154128
1.12201,1.0324,0.00196419,6.89033e-08,-2.13913e-07,4.45205,4096,0.0108966
1.12401,1.03779,0.00199193,1.0668e-07,-2.48692e-07,4.73094,4096,0.0150782
1.12601,1.07233,0.00202118,1.76122e-07,-2.45229e-07,4.40683,4096,0.0135625
1.12801,1.0547,0.00205052,1.70214e-07,-2.41795e-07,4.78078,4096,0.0157868
1.13001,1.0488,0.00207981,1.65513e-07,-2.40776e-07,4.66131,4096,0.0162119
1.13201,1.0693,0.0021091,1.10667e-07,-2.11017e-07,4.33568,4096,0.0117389
1.13401,1.00638,0.00213837,5.72909e-08,-1.51515e-07,4.78707,4096,0.0148757
1.13601,1.06067,0.00216766,-1.89029e-08,-1.36773e-07,4.38368,4096,0.0147399
1.13801,1.03708,0.0021954,-1.85246e-08,-1.92784e-07,4.27511,4096,0.0117233
1.14001,1.02185,0.00221699,-1.45956e-08,-2.32336e-07,4.7268,4096,0.0154962
1.14201,1.05686,0.00223688,-5.20376e-08,-1.9162e-07,4.96565,4096,0.0115294
1.14401,1.02744,0.00225641,-3.84462e-08,-1.38505e-07,4.4098,4096,0.0101566
1.14601,1.06164,0.00227175,1.34023e-08,-1.77213e-07,4.33497,4096,0.0118459
1.14801,1.05972,0.00229507,-1.71276e-08,-1.95898e-07,4.32621,4096,0.0130254
1.15001,1.08196,0.00232433,1.25583e-08,-1.6985e-07,4.58327,4096,0.0104008
1.15201,1.02825,0.00234429,6.63858e-08,-2.08325e-07,4.61993,4096,0.0108394
1.15401,1.02686,0.00236788,9.27539e-08,-1.92347e-07,4.32412,4096,0.0127128
1.15601,1.02844,0.00239242,1.78748e-07,-1.64997e-07,4.54033,4096,0.0152447
1.15801,1.05034,0.00241459,2.12662e-07,-9.42382e-08,4.49214,4096,0.0103123
1.16001,1.07675,0.0024423,2.77418e-07,-6.4887e-08,4.57276,4096,0.0130745
1.16201,1.06686,0.00246184,2.57874e-07,-1.30749e-07,4.44143,4096,0.0112072
1.16401,1.05368,0.00248139,2.93483e-07,-1.08746e-07,4.11653,4096,0.0130029
1.16601,1.08408,0.00250559,3.08166e-07,-1.1838e-07,4.73012,4096,0.0116447
1.16801,1.05851,0.00254461,3.29455e-07,-1.48415e-07,4.66785,4096,0.0156056
1.17001,1.04916,0.00258373,4.14322e-07,-1.55938e-07,4.57012,4096,0.0159435
1.17201,1.08644,0.00262276,4.11121e-07,-1.13607e-07,4.38175,4096,0.0113967
1.17401,1.03716,0.00265657,3.52258e-07,-1.39931e-07,4.59747,4096,0.0137694
1.17601,1.05486,0.00268595,3.53415e-07,-1.02082e-07,4.97773,4096,0.0109922
1.17801,1.06991,0.00271612,3.28379e-07,-7.53644e-08,4.23154,4096,0.0158124
1.18001,1.06579,0.00274541,2.55066e-07,-8.17236e-08,4.61683,4096,0.0112206
1.18201,1.08746,0.00278327,2.78058e-07,-9.40927e-08,5.10876,4096,0.0152837
1.18401,1.03376,0.0028194,2.51894e-07,-9.40781e-08,4.70143,4096,0.0125882
1.18601,1.05755,0.00285483,2.46466e-07,-1.02344e-07,4.37578,4096,0.011266
1.18801,1.06818,0.00289387,2.08587e-07,-5.82077e-08,5.23759,4096,0.0101511
1.19001,1.03812,0.00293295,2.14204e-07,-9.04984e-08,4.93252,4096,0.0164875
1.19201,1.05041,0.00297834,1.78203e-07,-1.03792e-07,4.87444,4096,0.0109255
1.19401,1.02517,0.00302637,1.59576e-07,-1.39757e-07,4.89775,4096,0.0162528
1.19601,1.03515,0.00307076,1.67493e-07,-1.28697e-07,4.71097,4096,0.0108437
1.19801,1.04493,0.00310789,1.50598e-07,-1.39902e-07,4.91181,4096,0.0105705
1.20001,1.07406,0.00315537,1.44748e-07,-9.74978e-08,4.88144,4096,0.0106965
1.20201,1.00908,0.00320895,1.31899e-07,-1.15484e-07,4.28197,4096,0.0123959
1.20401,1.05502,0.00325064,1.13592e-07,-1.31768e-07,4.20734,4096,0.0129924
1.20601,1.05499,0.00328806,1.51616e-07,-1.34649e-07,4.4553,4096,0.0106821
1.20801,1.07751,0.00331751,1.7212e-07,-1.26704e-07,4.67913,4096,0.0139796
1.21001,1.04434,0.00334667,1.44006e-07,-2.08842e-07,4.34685,4096,0.0152512
1.21201,1.07385,0.0033797,2.01675e-07,-2.80837e-07,4.71871,4096,0.0132285
1.21401,1.06452,0.0034131,2.02592e-07,-2.66169e-07,4.27427,4096,0.0144534
1.21601,1.05287,0.00343923,2.405e-07,-2.06266e-07,4.21823,4096,0.0111159
1.21801,1.04532,0.00347594,2.27999e-07,-2.40456e-07,4.51235,4096,0.0122317
1.22001,1.06681,0.00352266,2.39437e-07,-2.36789e-07,5.03315,4096,0.010228
1.22201,1.05999,0.00357131,2.74682e-07,-2.49362e-07,4.74279,4096,0.0103026
1.22401,1.01607,0.00361786,3.2995e-07,-3.04324e-07,4.73333,4096,0.0140577
1.22601,1.05151,0.00365366,4.06406e-07,-2.70855e-07,4.36567,4096,0.0111913
1.22801,1.02931,0.00368631,3.87954e-07,-1.87982e-07,4.67113,4096,0.0115738
1.23001,0.996929,0.00371759,3.85306e-07,-1.5847e-07,4.11378,4096,0.014385
1.23201,1.05138,0.00375521,4.05067e-07,-1.80575e-07,4.13823,4096,0.0120073
1.23401,1.06403,0.00378392,4.36899e-07,-1.84285e-07,4.5782,4096,0.0115196
1.23601,1.05255,0.00381325,4.49902e-07,-1.59605e-07,4.86335,4096,0.0115925
1.23801,1.05846,0.00384257,4.65414e-07,-1.43649e-07,4.32946,4096,0.0133264
1.24001,1.04285,0.00387183,4.58254e-07,-1.24564e-07,4.38698,4096,0.0111033
1.24201,1.02014,0.00390112,4.21234e-07,-9.43255e-08,4.27305,4096,0.0204635
1.24401,1.0443,0.00393156,3.5017e-07,-7.90606e-08,4.68239,4096,0.0111393
1.24601,1.06355,0.00396089,3.09476e-07,-7.96936e-08,4.45562,4096,0.010832
1.24801,0.997291,0.0039815,3.25803e-07,-4.49072e-08,4.54287,4096,0.0127129
1.25001,1.04542,0.00400987,3.07489e-07,-1.37545e-07,4.85901,4096,0.0112468
1.25201,1.05603,0.0040392,3.25759e-07,-7.78673e-08,4.70398,4096,0.0139253
1.25401,1.02575,0.00406003,3.34039e-07,-1.38651e-07,4.50232,4096,0.0107224
1.25601,1.05303,0.0040935,3.21583e-07,-1.89844e-07,4.49768,4096,0.0146504
1.25801,1.06258,0.00413256,3.55009e-07,-1.06855e-07,4.91246,4096,0.0137604
1.26001,1.0454,0.00416252,3.06769e-07,-1.30007e-07,4.60199,4096,0.0142616
1.26201,0.979087,0.00419269,2.58362e-07,-1.00161e-07,4.05733,4096,0.011661
1.26401,1.0381,0.00422527,2.22994e-07,-6.34318e-08,4.21979,4096,0.0114273
1.26601,1.06411,0.00425454,2.00482e-07,-1.12341e-08,4.63697,4096,0.0100622
1.26801,1.02904,0.00428386,1.82539e-07,-1.53523e-09,4.43376,4096,0.0102098
1.27001,1.06825,0.00430725,2.01471e-07,-3.49246e-08,4.96292,4096,0.0108597
1.27201,1.06109,0.00432678,1.95854e-07,1.98779e-08,4.92589,4096,0.014127
1.27401,1.01792,0.00435113,1.44457e-07,8.90577e-08,4.31944,4096,0.0117867
1.27601,1.08188,0.00437379,1.60289e-07,5.64469e-08,4.4223,4096,0.0135409
1.27801,1.08382,0.00439754,1.03173e-07,-1.05938e-08,4.729,4096,0.0133101
1.28001,1.02376,0.00442681,1.36381e-07,-5.00004e-08,5.71166,4096,0.0166193
1.28201,1.05493,0.00445533,1.48546e-07,-4.303e-08,4.60201,4096,0.0120036
1.28401,1.05027,0.00448309,2.02243e-07,-5.09608e-08,4.57333,4096,0.0181493
1.28601,1.0874,0.00451242,1.87763e-07,-6.20348e-08,4.63027,4096,0.0148558
1.28801,1.03357,0.00454178,1.06666e-07,-1.19122e-07,4.54626,4096,0.0137829
1.29001,1.06875,0.00457106,-4.42378e-09,-5.63159e-08,4.99986,4096,0.0108132
1.29201,1.02948,0.00460713,5.79894e-08,-9.03819e-08,4.22095,4096,0.0115141
1.29401,1.04856,0.00464308,5.48607e-09,-5.24451e-08,4.50564,4096,0.0108471
1.29601,1.08687,0.00467444,-3.7835e-10,-3.55358e-08,4.84064,4096,0.0126646
1.29801,1.0305,0.00470611,-5.7451e-08,-9.012e-08,4.4813,4096,0.0131133
1.30001,1.02487,0.00473544,-8.1287e-08,-1.39888e-07,4.24361,4096,0.016314
1.30201,1.03212,0.0047647,-1.40339e-07,-1.31244e-07,4.47975,4096,0.0107919
1.30401,1.07465,0.004794,-1.37035e-07,-1.24885e-07,4.79506,4096,0.0113688
1.30601,1.05173,0.00483011,-1.36701e-07,-1.66445e-07,4.46025,4096,0.0114587
1.30801,1.01582,0.00487898,-1.29345e-07,-1.97979e-07,4.40727,4096,0.0105087
1.31001,1.08569,0.00492784,-1.5831e-07,-1.7765e-07,4.70487,4096,0.015141
1.31201,1.01512,0.00497787,-1.81491e-07,-2.19574e-07,4.49221,4096,0.0114662
1.31401,1.04005,0.0050276,-1.31957e-07,-1.62021e-07,4.09515,4096,0.0110088
1.31601,1.02022,0.0050809,-5.98229e-08,-1.55313e-07,4.30091,4096,0.0173434
1.31801,1.05066,0.00513723,-3.8759e-08,-1.30298e-07,4.40462,4096,0.00986743
1.32001,1.03552,0.00518608,-2.38506e-08,-1.55022e-07,4.80063,4096,0.0124188
1.32201,1.04297,0.00523493,-2.92493e-09,-9.76725e-08,5.0655,4096,0.0104418
1.32401,1.06978,0.00528384,3.44298e-08,-9.99717e-08,4.49459,4096,0.0141509
1.32601,1.07226,0.00533275,4.5402e-08,-8.80682e-08,4.69407,4096,0.0124835
1.32801,1.01271,0.0053816,4.46307e-08,-1.50481e-07,4.61486,4096,0.0108906
1.33001,1.0765,0.00542545,5.56611e-08,-1.37137e-07,4.71476,4096,0.0131488
1.33201,1.0422,0.00546779,1.77388e-08,-2.02883e-07,4.64691,4096,0.0126633
1.33401,1.0401,0.00551663,3.51429e-08,-2.07714e-07,4.65713,4096,0.0113519
1.33601,1.05449,0.0055655,1.57161e-08,-1.84205e-07,4.67761,4096,0.0124161
1.33801,1.01595,0.005613,-5.4526e-08,-1.79702e-07,4.72995,4096,0.0115303
1.34001,1.04214,0.00565724,-3.48082e-08,-1.69792e-07,4.3825,4096,0.011741
1.34201,1.09038,0.00570608,-9.24047e-09,-1.38563e-07,4.19408,4096,0.0122089
1.34401,1.04834,0.00575488,7.34872e-09,-4.66825e-08,4.37088,4096,0.0117767
1.34601,1.05105,0.00580366,5.42204e-08,-1.25394e-07,4.30888,4096,0.0111697
1.34801,1.06999,0.00585239,5.18921e-08,-1.61628e-07,5.27181,4096,0.0155025
1.35001,1.01709,0.00590126,5.56465e-08,-2.58879e-07,4.31578,4096,0.0101022
1.35201,1.06476,0.00594954,1.22818e-08,-2.40805e-07,4.38956,4096,0.0112789
1.35401,1.0552,0.00599357,4.22442e-08,-2.56914e-07,4.52269,4096,0.0135617
1.35601,1.06653,0.00604237,-4.34229e-08,-2.80561e-07,4.43695,4096,0.0115315
1.35801,1.04531,0.00609116,-2.36178e-08,-3.42116e-07,4.60578,4096,0.0116413
1.36001,1.09538,0.00613995,-2.43163e-08,-2.76428e-07,4.86277,4096,0.0151011
1.36201,1.08166,0.00618878,7.04022e-08,-3.42989e-07,4.7065,4096,0.0126774
1.36401,1.02798,0.0062375,1.04264e-07,-3.05692e-07,5.05822,4096,0.0138232
1.36601,1.10143,0.00628634,8.9989e-08,-3.70987e-07,4.88836,4096,0.0115064
1.36801,1.0339,0.00633516,5.18048e-08,-3.73489e-07,4.46316,4096,0.0158015
1.37001,1.06501,0.00638399,5.81203e-08,-3.76705e-07,4.74525,4096,0.012478
1.37201,1.05172,0.00643163,8.84611e-08,-2.92115e-07,4.97061,4096,0.0129401
1.37401,1.04749,0.0064707,1.09256e-07,-2.68134e-07,4.37652,4096,0.0158871
1.37601,1.06642,0.00651241,1.07131e-07,-3.38448e-07,5.06416,4096,0.012209
1.37801,1.08554,0.00655304,1.52599e-07,-4.14118e-07,4.91931,4096,0.010639
1.38001,1.04075,0.0065929,1.83747e-07,-4.33291e-07,4.92069,4096,0.0175109
1.38201,1.05201,0.00663532,2.0006e-07,-3.91083e-07,4.70333,4096,0.0145134
1.38401,1.04797,0.00667437,1.7944e-07,-4.29689e-07,5.15046,4096,0.0154979
1.38601,1.0777,0.00671338,2.38171e-07,-4.40676e-07,4.8192,4096,0.0132859
1.38801,1.04061,0.00675241,3.0041e-07,-4.99989e-07,4.70331,4096,0.0118911
1.39001,1.03828,0.00679525,3.42159e-07,-4.94168e-07,4.92007,4096,0.0115759
1.39201,1.0781,0.00684411,3.81144e-07,-4.98258e-07,4.26182,4096,0.0152106
1.39401,1.02584,0.00689291,3.48635e-07,-4.55882e-07,4.53216,4096,0.0119184
1.39601,1.04915,0.00694772,3.71598e-07,-4.82571e-07,4.17789,4096,0.0104209
1.39801,1.05702,0.00699654,3.43309e-07,-5.03613e-07,4.45501,4096,0.0113948
1.40001,1.03712,0.00704544,2.84184e-07,-4.63624e-07,4.57378,4096,0.012049
1.40201,1.04667,0.00709676,3.12502e-07,-4.95871e-07,4.3114,4096,0.0116245
1.40401,1.06072,0.0071318,2.08107e-07,-4.86951e-07,4.80856,4096,0.0105234
1.40601,1.06423,0.00716179,2.73183e-07,-3.569e-07,4.64825,4096,0.0136959
1.40801,1.05104,0.00719985,3.01647e-07,-3.48315e-07,4.70215,4096,0.0162895
1.41001,1.05193,0.00723383,3.01574e-07,-3.30641e-07,4.97894,4096,0.0113374
1.41201,1.03398,0.00726316,3.28262e-07,-3.38361e-07,4.36611,4096,0.0101751
1.41401,1.05941,0.00729206,3.34854e-07,-3.05256e-07,5.5139,4096,0.0122094
1.41601,1.03788,0.00732138,3.61804e-07,-3.09679e-07,4.44168,4096,0.0118995
1.41801,1.02048,0.0073507,3.66621e-07,-3.2175e-07,5.49329,4096,0.0158828
1.42001,1.03816,0.00738437,4.34549e-07,-4.4523e-07,5.21101,4096,0.015111
1.42201,1.07101,0.00742235,4.04907e-07,-4.38798e-07,5.11493,4096,0.0102092
1.42401,1.03687,0.0074515,4.50687e-07,-4.48286e-07,4.46138,4096,0.0144431
1.42601,1.07879,0.00747105,4.1673e-07,-4.48068e-07,4.69686,4096,0.0116008
1.42801,1.04926,0.00749777,4.17844e-07,-4.89177e-07,4.22701,4096,0.0145094
1.43001,1.0554,0.00752265,4.49319e-07,-5.62795e-07,4.19142,4096,0.0104635
1.43201,1.03933,0.00755201,4.0466e-07,-5.72385e-07,4.58769,4096,0.0113148
1.43401,1.03904,0.0075873,4.49392e-07,-6.19417e-07,4.34908,4096,0.0135717
1.43601,1.06302,0.00762293,3.71176e-07,-6.34405e-07,4.40352,4096,0.0105268
1.43801,1.05364,0.00765623,3.74479e-07,-6.23477e-07,4.68408,4096,0.0108151
1.44001,1.04379,0.00768408,3.88784e-07,-6.01562e-07,4.45968,4096,0.0123989
1.44201,1.03868,0.00771237,4.39715e-07,-6.04647e-07,5.06249,4096,0.0165077
1.44401,1.06448,0.00773869,4.91724e-07,-5.60467e-07,4.53036,4096,0.0113898
1.44601,1.05169,0.00776266,5.48287e-07,-6.02886e-07,4.40447,4096,0.0108634
1.44801,1.03151,0.00778052,5.53147e-07,-6.38029e-07,4.35777,4096,0.0127368
1.45001,1.05474,0.00779838,5.66914e-07,-6.7646e-07,4.56587,4096,0.0121298
1.45201,1.02804,0.00781722,5.19882e-07,-6.7777e-07,4.81114,4096,0.0182831
1.45401,1.07715,0.00783376,5.59812e-07,-6.9922e-07,4.28549,4096,0.0110658
1.45601,1.07068,0.00785281,5.78177e-07,-6.8525e-07,4.96888,4096,0.0110218
1.45801,1.07417,0.00787101,6.29982e-07,-7.21309e-07,4.92708,4096,0.0112754
1.46001,1.11557,0.00788629,5.47021e-07,-6.99423e-07,4.33859,4096,0.0124629
1.46201,1.02472,0.00790602,5.88421e-07,-6.52493e-07,4.54256,4096,0.0136825
1.46401,1.01592,0.00791575,6.18398e-07,-6.43937e-07,5.21094,4096,0.0165477
1.46601,1.03984,0.00792903,6.30149e-07,-6.67627e-07,4.60197,4096,0.0103536
1.46801,1.04757,0.00795263,6.30942e-07,-6.91536e-07,4.59848,4096,0.0116921
1.47001,1.06634,0.00797074,6.53643e-07,-7.43763e-07,4.13308,4096,0.0133792
1.47201,1.08547,0.00800897,6.5616e-07,-7.92788e-07,4.77084,4096,0.0122838
1.47401,1.00194,0.00803828,6.66245e-07,-8.19884e-07,4.77082,4096,0.0126536
1.47601,1.04855,0.00806512,7.05142e-07,-8.61619e-07,4.93713,4096,0.0152847
1.47801,1.05307,0.008091,6.15299e-07,-7.75181e-07,4.64942,4096,0.0134736
1.48001,1.06867,0.00812031,6.09143e-07,-7.47081e-07,4.4833,4096,0.0111549
1.48201,1.06257,0.00814955,6.52071e-07,-6.78003e-07,4.49038,4096,0.0110225
1.48401,1.05974,0.00817885,6.44213e-07,-6.49947e-07,4.91167,4096,0.0113975
1.48601,1.01641,0.00821148,6.65736e-07,-6.56699e-07,4.62909,4096,0.0129061
1.48801,1.06819,0.00823728,6.60366e-07,-6.71542e-07,4.42669,4096,0.0133152
1.49001,1.04987,0.00825682,6.8426e-07,-6.67322e-07,4.67822,4096,0.0136141
1.49201,1.02372,0.00827634,7.18996e-07,-5.86093e-07,4.49192,4096,0.0120538
1.49401,1.06305,0.00829588,6.9871e-07,-5.68674e-07,4.17366,4096,0.0147034
1.49601,1.07089,0.00831544,7.06466e-07,-5.44998e-07,4.68732,4096,0.0116624
1.49801,1.02162,0.00833489,6.25529e-07,-4.68717e-07,4.92409,4096,0.0108771
1.50001,1.0562,0.00835833,6.31742e-07,-4.49509e-07,4.49314,4096,0.0125735
1.50201,1.03352,0.00839741,6.49859e-07,-4.63056e-07,4.39662,4096,0.0116636
1.50401,1.09365,0.00842875,6.18849e-07,-4.53729e-07,4.55663,4096,0.0111605
1.50601,1.05977,0.00845798,6.31699e-07,-4.23694e-07,5.24727,4096,0.0114953
1.50801,1.10472,0.00848919,6.58911e-07,-5.123e-07,4.58497,4096,0.0118534
1.51001,1.0483,0.00852624,6.63757e-07,-4.65079e-07,4.68381,4096,0.0116214
1.51201,1.06723,0.00856493,6.32848e-07,-4.30904e-07,4.14511,4096,0.00983899
1.51401,1.05956,0.0086091,5.88756e-07,-4.30722e-07,4.62726,4096,0.0123757
1.51601,1.04179,0.00864889,6.17889e-07,-3.71045e-07,4.95714,4096,0.0157548
1.51801,1.05709,0.00869599,5.45886e-07,-4.20143e-07,4.51757,4096,0.0121985
1.52001,1.00657,0.00874489,5.44416e-07,-4.29616e-07,4.75039,4096,0.0130037
1.52201,1.07172,0.00879614,5.38275e-07,-3.76771e-07,4.61266,4096,0.0121982
1.52401,1.07314,0.0088547,6.42453e-07,-3.4098e-07,4.73605,4096,0.0161352
1.52601,1.01923,0.00891411,7.18224e-07,-2.98751e-07,4.56749,4096,0.0106745
1.52801,1.0125,0.00897897,8.00166e-07,-3.24078e-07,4.42761,4096,0.013638
1.53001,1.04882,0.00904734,7.43814e-07,-3.0527e-07,4.43214,4096,0.0099146
1.53201,1.01565,0.00910784,7.00529e-07,-3.2119e-07,4.37975,4096,0.0107485
1.53401,1.04946,0.00916384,6.11588e-07,-3.36091e-07,4.70251,4096,0.0124377
1.53601,1.0448,0.00920933,6.05374e-07,-3.37081e-07,4.30887,4096,0.0173006
1.53801,1.04647,0.0092484,5.86137e-07,-2.91941e-07,4.35145,4096,0.0148965
1.54001,1.10798,0.00928746,5.77609e-07,-3.33719e-07,4.76813,4096,0.0122965
1.54201,1.06499,0.00933524,6.43733e-07,-3.24493e-07,4.28377,4096,0.0136145
1.54401,1.04547,0.00938408,6.87491e-07,-2.81347e-07,5.01796,4096,0.0115804
1.54601,1.07654,0.00943289,7.14121e-07,-1.89175e-07,5.30579,4096,0.0146856
1.54801,1.07718,0.00947736,7.62579e-07,-2.0818e-07,4.52098,4096,0.0147186
1.55001,1.07388,0.0095164,7.26257e-07,-3.12808e-07,4.43626,4096,0.00995348
1.55201,0.995731,0.00955542,7.2566e-07,-3.08442e-07,4.37041,4096,0.0144742
1.55401,1.04597,0.00959444,7.32354e-07,-2.34082e-07,4.73363,4096,0.0121945
1.55601,1.03966,0.0096335,6.61021e-07,-2.60639e-07,4.57585,4096,0.0145482
1.55801,1.06927,0.00967254,6.86006e-07,-2.34781e-07,4.51917,4096,0.0109043
1.56001,1.04095,0.00971163,7.06932e-07,-2.57991e-07,4.67968,4096,0.0133795
1.56201,1.0293,0.00975163,7.38561e-07,-2.90398e-07,4.76612,4096,0.0139576
1.56401,1.04203,0.00979247,7.26053e-07,-3.68149e-07,4.27698,4096,0.0156795
1.56601,1.07726,0.0098348,7.30739e-07,-3.9475e-07,4.42075,4096,0.0106942
1.56801,1.03476,0.00987795,7.88474e-07,-4.44357e-07,4.49,4096,0.0103557
1.57001,1.0389,0.00991706,7.82384e-07,-4.18135e-07,4.50545,4096,0.0137752
1.57201,1.0546,0.00995991,8.23675e-07,-4.64555e-07,4.49112,4096,0.0148823
1.57401,1.0549,0.0100088,7.4906e-07,-5.14847e-07,4.57635,4096,0.0105885
1.57601,1.02927,0.0100551,7.57675e-07,-5.66666e-07,4.66384,4096,0.0145297
1.57801,1.0777,0.0101027,7.57849e-07,-5.76365e-07,4.54198,4096,0.0135872
1.58001,1.09038,0.0101418,7.52203e-07,-4.91986e-07,4.65985,4096,0.0147139
1.58201,1.04775,0.0101752,7.14994e-07,-4.89192e-07,4.61952,4096,0.01151
1.58401,1.03123,0.0102045,6.72837e-07,-5.06188e-07,4.69665,4096,0.0144058
1.58601,1.04415,0.0102259,7.15649e-07,-4.87664e-07,4.62731,4096,0.00982862
1.58801,1.05591,0.0102551,6.88131e-07,-4.91345e-07,4.54464,4096,0.0099205
1.59001,1.06505,0.0102909,7.06626e-07,-5.81102e-07,4.78932,4096,0.0106551
1.59201,1.11211,0.0103287,7.46164e-07,-5.84179e-07,4.71124,4096,0.0116887
1.59401,1.07907,0.0103621,7.63001e-07,-6.40968e-07,4.89743,4096,0.0121883
1.59601,1.0633,0.0103965,7.68661e-07,-6.06145e-07,4.50844,4096,0.0119182
1.59801,1.07491,0.0104265,7.3023e-07,-5.7857e-07,4.57604,4096,0.010873
1.60001,1.06136,0.0104609,7.07689e-07,-5.0402e-07,4.42621,4096,0.012774
1.60201,1.05204,0.0105001,6.74612e-07,-4.75135e-07,4.63998,4096,0.0099691
1.60401,1.08234,0.0105392,6.33343e-07,-4.3014e-07,4.66795,4096,0.0103086
1.60601,1.04428,0.0105783,6.18675e-07,-4.12314e-07,4.49184,4096,0.011139
1.60801,1.07327,0.0106173,5.95712e-07,-4.20012e-07,4.6973,4096,0.0168543
1.61001,1.06863,0.0106564,5.3196e-07,-4.57672e-07,4.78146,4096,0.0110543
1.61201,1.0779,0.0106954,5.66666e-07,-4.37867e-07,4.41379,4096,0.0135694
1.61401,1.05975,0.0107314,5.60598e-07,-4.21176e-07,4.38269,4096,0.0115362
1.61601,1.05958,0.0107609,5.01896e-07,-4.18731e-07,4.03133,4096,0.0123753
1.61801,1.04282,0.0108018,4.67044e-07,-4.11819e-07,5.10144,4096,0.0120718
1.62001,1.04952,0.0108318,4.22646e-07,-2.91751e-07,4.68315,4096,0.0129533
1.62201,1.06175,0.0108611,5.25441e-07,-3.04688e-07,5.06411,4096,0.0155122
1.62401,1.03258,0.0108904,4.99742e-07,-3.19917e-07,4.48788,4096,0.0153347
1.62601,1.04179,0.0109197,5.72923e-07,-3.8727e-07,4.06285,4096,0.0120505
1.62801,1.03471,0.0109536,5.62082e-07,-3.19793e-07,4.25935,4096,0.012782
1.63001,1.01709,0.0109897,5.71439e-07,-3.04251e-07,4.14449,4096,0.0190316
1.63201,1.04503,0.011014,5.54253e-07,-2.9942e-07,4.63381,4096,0.0107259
1.63401,1.06395,0.0110339,5.26124e-07,-2.49129e-07,5.02965,4096,0.0142306
1.63601,1.04635,0.0110534,5.40691e-07,-2.15994e-07,5.26922,4096,0.0103803
1.63801,1.04733,0.0110729,5.4593e-07,-1.52257e-07,4.70259,4096,0.014245
1.64001,1.04813,0.0110924,5.27813e-07,-1.68118e-07,4.66838,4096,0.0121508
1.64201,1.02027,0.0111156,5.2301e-07,-2.25686e-07,4.60217,4096,0.0115869
1.64401,1.05053,0.0111352,5.31087e-07,-2.06623e-07,5.17804,4096,0.0111122
1.64601,1.05998,0.0111547,6.3263e-07,-1.65121e-07,4.64524,4096,0.00995021
1.64801,1.03364,0.0111743,7.12229e-07,-1.25467e-07,4.31267,4096,0.0139638
1.65001,1.01039,0.0111939,7.30113e-07,-3.80242e-08,4.36413,4096,0.0146698
1.65201,1.05664,0.0112134,7.47619e-07,-3.93047e-08,4.1526,4096,0.0114519
1.65401,1.05493,0.0112329,7.91355e-07,-6.30534e-08,4.42764,4096,0.011811
1.65601,1.03675,0.0112526,7.3004e-07,-5.22559e-08,4.46342,4096,0.0151567
1.65801,1.09319,0.0112721,7.02435e-07,-3.21015e-08,4.80779,4096,0.0107827
1.66001,1.03738,0.0112917,7.06787e-07,-8.41101e-09,4.2612,4096,0.0113072
1.66201,1.0689,0.0113112,6.67715e-07,-1.58907e-08,4.50363,4096,0.017692
1.66401,1.08665,0.0113271,7.16449e-07,-7.76199e-08,4.55487,4096,0.0135714
1.66601,1.06725,0.0113451,7.09784e-07,-6.1118e-10,5.03869,4096,0.0134703
1.66801,1.08371,0.0113646,7.03643e-07,4.16185e-09,5.90579,4096,0.0134361
1.67001,1.02922,0.0113842,6.8661e-07,3.52302e-08,4.59613,4096,0.0110637
1.67201,1.10019,0.0114036,7.0472e-07,7.83184e-08,4.57442,4096,0.0107898
1.67401,1.02416,0.0114232,7.4791e-07,6.98346e-08,4.28505,4096,0.0155058
1.67601,1.05687,0.0114496,7.29677e-07,5.31873e-08,4.39103,4096,0.0149483
1.67801,1.05564,0.0114692,6.92657e-07,7.51461e-08,4.3417,4096,0.0124644
1.68001,1.0542,0.0114985,7.45626e-07,5.78584e-08,4.75639,4096,0.0114486
1.68201,1.10638,0.0115278,6.77042e-07,9.41873e-08,4.27155,4096,0.012538
1.68401,1.06281,0.011557,6.98259e-07,4.44852e-08,4.17032,4096,0.015929
1.68601,1.06754,0.0115863,6.69912e-07,9.58826e-08,4.62096,4096,0.0115779
1.68801,1.0614,0.011624,7.26948e-07,8.51724e-08,4.77595,4096,0.0115949
1.69001,1.04366,0.011663,7.51592e-07,8.75443e-08,4.17941,4096,0.012862
1.69201,1.06229,0.0117021,8.14325e-07,1.09314e-07,4.20858,4096,0.0130066
1.69401,1.05316,0.0117411,7.33446e-07,1.26485e-07,4.93779,4096,0.0127128
1.69601,1.05246,0.0117802,6.93442e-07,1.45417e-07,4.41688,4096,0.0101404
1.69801,1.07201,0.0118193,6.94927e-07,1.13563e-07,4.76447,4096,0.0117199
1.70001,1.06076,0.011855,7.15328e-07,1.16983e-07,5.29043,4096,0.0102577
1.70201,1.06813,0.0118923,6.48637e-07,1.11948e-07,5.08988,4096,0.0118648
1.70401,1.0337,0.0119412,6.57135e-07,9.66829e-08,4.16831,4096,0.0112087
1.70601,1.02447,0.0119901,7.12127e-07,1.33237e-07,5.47149,4096,0.0129159
1.70801,1.02489,0.0120389,6.69825e-07,1.65433e-07,4.28153,4096,0.0122774
1.71001,1.05496,0.0120777,6.3148e-07,2.15223e-07,4.7941,4096,0.0138273
1.71201,1.07931,0.012107,6.51271e-07,2.31012e-07,4.55682,4096,0.01324
1.71401,1.05018,0.0121363,5.83183e-07,2.10362e-07,4.35486,4096,0.0139848
1.71601,1.08003,0.0121656,5.04398e-07,2.05779e-07,4.83332,4096,0.0196836
1.71801,1.05897,0.012195,4.40516e-07,2.06783e-07,4.57895,4096,0.0104467
1.72001,1.04204,0.0122243,4.60175e-07,1.96218e-07,5.05328,4096,0.0128071
1.72201,1.03161,0.0122598,4.22908e-07,2.17377e-07,4.52805,4096,0.0116322
1.72401,1.11384,0.0122967,4.88726e-07,2.71335e-07,4.5254,4096,0.0128248
1.72601,1.05057,0.0123345,5.39105e-07,3.23038e-07,4.42366,4096,0.0164168
1.72801,1.0033,0.0123705,5.29835e-07,2.49405e-07,4.55227,4096,0.0156278
1.73001,1.04986,0.0123998,5.03627e-07,2.18512e-07,4.87358,4096,0.0127433
1.73201,1.07258,0.0124342,5.26401e-07,1.99332e-07,4.52256,4096,0.0108357
1.73401,1.05215,0.0124715,5.6695e-07,1.78654e-07,4.86342,4096,0.013006
1.73601,1.02117,0.0125003,6.021e-07,2.05138e-07,4.21425,4096,0.0131699
1.73801,1.06584,0.0125296,6.55971e-07,1.59605e-07,4.75214,4096,0.0100876
1.74001,1.02856,0.0125589,5.19984e-07,1.03333e-07,4.51451,4096,0.0111869
1.74201,1.03644,0.0125882,5.35205e-07,1.22003e-07,4.65387,4096,0.0130062
1.74401,1.03609,0.0126174,5.8992e-07,1.81302e-07,5.73122,4096,0.0109593
1.74601,1.05706,0.0126475,5.99626e-07,1.73415e-07,4.39354,4096,0.0126437
1.74801,1.05895,0.0126866,6.16448e-07,1.4549e-07,4.66132,4096,0.0114313
1.75001,1.03582,0.0127209,6.13058e-07,1.67463e-07,4.36457,4096,0.0140339
1.75201,1.0486,0.0127584,6.25645e-07,1.75889e-07,4.78776,4096,0.011504
1.75401,1.08782,0.0127913,5.83415e-07,2.09533e-07,4.42392,4096,0.0117528
1.75601,1.08804,0.012825,5.85889e-07,1.5572e-07,4.24412,4096,0.0147247
1.75801,1.04105,0.0128617,5.8829e-07,1.8836e-07,4.42834,4096,0.0134375
1.76001,1.04366,0.0129008,6.02726e-07,2.02752e-07,4.70377,4096,0.0135561
1.76201,1.051,0.0129398,6.45407e-07,1.9963e-07,4.20013,4096,0.0108425
1.76401,1.07922,0.0129736,6.79793e-07,1.86847e-07,4.89864,4096,0.0105009
1.76601,1.09193,0.0130209,6.1591e-07,1.34431e-07,5.29109,4096,0.0154007
1.76801,1.0204,0.0130698,6.41056e-07,1.76326e-07,4.31336,4096,0.0151848
1.77001,1.04003,0.0131059,6.12577e-07,1.51995e-07,4.05363,4096,0.010541
1.77201,1.05571,0.0131439,5.2221e-07,1.50118e-07,4.7889,4096,0.0126118
1.77401,1.06708,0.0131733,5.46221e-07,1.21545e-07,4.79495,4096,0.0135957
1.77601,1.08105,0.0132072,5.08415e-07,1.13752e-07,4.39969,4096,0.0112704
1.77801,1.03017,0.0132392,5.27187e-07,1.42827e-07,4.73689,4096,0.0129823
1.78001,1.0868,0.0132782,5.58881e-07,1.7976e-07,4.64984,4096,0.0102378
1.78201,1.05068,0.0133219,5.27223e-07,2.07816e-07,4.67236,4096,0.0110128
1.78401,1.05514,0.0133689,5.42801e-07,2.49536e-07,4.63873,4096,0.0102632
1.78601,1.02307,0.0134015,5.89527e-07,2.38731e-07,4.51204,4096,0.0115038
1.78801,1.0628,0.0134322,6.23229e-07,2.13739e-07,5.22117,4096,0.0101469
1.79001,1.06161,0.0134664,5.20828e-07,1.79571e-07,4.35132,4096,0.0144425
1.79201,1.0452,0.0134957,4.72122e-07,1.80706e-07,4.41683,4096,0.013691
1.79401,1.03247,0.013525,4.74829e-07,1.20737e-07,4.45787,4096,0.00981079
1.79601,1.01618,0.0135618,4.66534e-07,1.59896e-07,4.60754,4096,0.0106872
1.79801,1.0378,0.0136009,4.20056e-07,1.3005e-07,4.24674,4096,0.0117083
1.80001,1.07851,0.0136474,4.28612e-07,9.57662e-08,4.24931,4096,0.0139832
1.80201,1.04538,0.0136963,4.60539e-07,1.1173e-07,4.62147,4096,0.0144384
1.80401,0.956802,0.0137451,5.07076e-07,1.01805e-07,4.06139,4096,0.0112795
1.80601,1.05706,0.013794,5.43718e-07,9.51259e-08,4.49482,4096,0.0116639
1.80801,1.01052,0.0138428,5.50586e-07,1.01834e-07,4.36985,4096,0.0149678
1.81001,1.06584,0.0138916,5.12096e-07,4.18077e-08,4.38596,4096,0.0126146
1.81201,1.0536,0.0139379,4.49654e-07,9.05129e-09,4.72597,4096,0.0109972
1.81401,1.03067,0.013977,4.78816e-07,1.03319e-08,4.849,4096,0.0108018
1.81601,1.07413,0.014016,5.61413e-07,-5.32018e-08,4.30052,4096,0.0112428
1.81801,1.0889,0.0140459,6.20552e-07,-4.3714e-08,6.0225,4096,0.0152051
1.82001,1.05167,0.0140752,6.22858e-07,-3.40515e-08,4.69797,4096,0.0138901
1.82201,1.05012,0.0141106,6.11049e-07,1.77242e-08,4.50584,4096,0.0146935
1.82401,1.01533,0.0141497,5.72487e-07,-1.97324e-08,5.08355,4096,0.0162118
1.82601,1.08772,0.0141887,6.19388e-07,-5.69416e-08,4.8074,4096,0.0118106
1.82801,1.00596,0.0142278,6.86719e-07,6.89761e-09,4.36571,4096,0.0121402
1.83001,1.08071,0.014267,6.88597e-07,6.42176e-08,4.06184,4096,0.0136362
1.83201,1.06326,0.0143061,7.06365e-07,1.23822e-07,4.55341,4096,0.0126868
1.83401,1.05032,0.0143452,7.12782e-07,1.00961e-07,4.43349,4096,0.0115314
1.83601,1.03007,0.0143842,6.68835e-07,7.38946e-08,4.22598,4096,0.0148562
1.83801,1.0315,0.0144233,7.2924e-07,3.80824e-08,5.41357,4096,0.0111903
1.84001,1.04289,0.0144624,7.0341e-07,3.88391e-08,4.33466,4096,0.0113508
1.84201,1.04152,0.014495,6.4401e-07,2.08383e-08,4.1637,4096,0.0158603
1.84401,1.06094,0.0145244,6.55898e-07,3.96249e-08,4.26896,4096,0.0151133
1.84601,1.01397,0.0145537,6.80651e-07,4.77521e-08,4.45779,4096,0.0120856
1.84801,1.06128,0.014583,7.85469e-07,5.26634e-08,4.42602,4096,0.0129624
1.85001,1.10663,0.0146123,8.43327e-07,1.9354e-08,4.33784,4096,0.0141383
1.85201,1.01809,0.0146493,8.37579e-07,-7.50733e-08,4.35713,4096,0.0114513
1.85401,1.03262,0.0146884,9.00953e-07,-1.09954e-07,4.72791,4096,0.0141937
1.85601,1.06145,0.0147275,9.7038e-07,-1.59489e-07,4.23448,4096,0.0115923
1.85801,1.08003,0.0147665,9.06759e-07,-1.97659e-07,4.50727,4096,0.0106657
1.86001,0.995707,0.0148056,9.28521e-07,-1.50147e-07,4.29231,4096,0.012919
1.86201,1.07573,0.0148446,9.63439e-07,-1.87356e-07,4.34538,4096,0.0111799
1.86401,1.05117,0.0148927,9.84102e-07,-1.50525e-07,5.04114,4096,0.0100528
1.86601,1.09672,0.0149416,1.06476e-06,-2.00336e-07,4.69867,4096,0.0122705
1.86801,1.05098,0.0149951,1.0154e-06,-1.94443e-07,4.37623,4096,0.012246
1.87001,1.07953,0.0150469,1.05318e-06,-2.36469e-07,4.71385,4096,0.0114263
1.87201,1.06428,0.0150958,1.00484e-06,-2.19879e-07,4.70077,4096,0.0163741
1.87401,1.08205,0.015149,1.0067e-06,-2.06273e-07,4.86397,4096,0.012708
1.87601,1.054,0.0152076,1.01871e-06,-1.52635e-07,4.37474,4096,0.0128998
1.87801,1.02849,0.0152661,1.01703e-06,-1.22804e-07,4.46998,4096,0.0155494
1.88001,1.08612,0.015323,9.32981e-07,-1.39305e-07,4.70022,4096,0.0109755
1.88201,1.06862,0.0153722,8.63845e-07,-1.20155e-07,4.4727,4096,0.013012
1.88401,1.03996,0.0154211,9.05507e-07,-7.52916e-08,4.47221,4096,0.0163954
1.88601,1.06519,0.0154682,8.50036e-07,-9.65811e-08,4.91275,4096,0.0138416
1.88801,1.07582,0.0155165,8.27e-07,-6.47124e-08,4.36349,4096,0.0115731
1.89001,1.0572,0.0155653,8.79329e-07,-5.44751e-08,4.6719,4096,0.013414
1.89201,1.03679,0.0156142,8.40642e-07,-2.09839e-08,4.47182,4096,0.0116751
1.89401,1.02598,0.0156541,9.35353e-07,-1.58179e-08,4.99288,4096,0.010622
1.89601,1.07236,0.0156931,9.76695e-07,3.92902e-10,4.49631,4096,0.0120727
1.89801,1.05849,0.0157321,9.68212e-07,-1.75933e-08,4.61963,4096,0.0145084
1.90001,1.06232,0.0157712,9.17527e-07,-5.38275e-08,4.25829,4096,0.0157129
1.90201,1.05944,0.0158102,8.94521e-07,-2.5495e-08,4.33114,4096,0.0142719
1.90401,1.09491,0.0158469,9.2978e-07,4.85306e-08,4.34519,4096,0.0110282
1.90601,1.05228,0.0158872,8.66872e-07,3.87372e-08,4.45678,4096,0.0142019
1.90801,1.06216,0.0159318,9.0852e-07,8.73115e-08,4.94796,4096,0.0148679
1.91001,1.08068,0.0159713,9.64224e-07,5.01168e-08,4.60937,4096,0.0127171
1.91201,1.02835,0.0160139,9.63773e-07,1.15542e-08,5.14429,4096,0.0128223
1.91401,1.03995,0.0160626,9.53893e-07,-1.1074e-08,4.47337,4096,0.0116395
1.91601,1.02118,0.0161101,8.86634e-07,-9.58971e-08,4.16821,4096,0.0131651
1.91801,1.03565,0.0161491,9.44507e-07,-8.52742e-08,4.43116,4096,0.0126949
1.92001,1.05012,0.0161748,8.91407e-07,-1.29367e-08,4.76634,4096,0.0100503
1.92201,0.982808,0.0161956,7.52858e-07,1.0521e-08,4.29694,4096,0.0118255
1.92401,1.04513,0.0162245,7.42963e-07,2.57132e-08,4.48766,4096,0.0100726
1.92601,1.01674,0.0162539,6.72386e-07,4.6537e-08,4.35083,4096,0.00969191
1.92801,1.06038,0.0162811,5.81815e-07,8.92323e-08,4.37466,4096,0.0138159
1.93001,1.01787,0.0163104,5.51008e-07,1.71727e-07,4.30125,4096,0.0117259
1.93201,1.09158,0.0163398,5.56305e-07,1.91794e-07,4.52593,4096,0.0114953
1.93401,1.05253,0.0163691,6.05243e-07,2.02475e-07,4.80316,4096,0.0102118
1.93601,1.05885,0.0163983,6.1735e-07,2.30706e-07,4.28732,4096,0.0102895
1.93801,1.06233,0.0164276,6.45028e-07,2.86484e-07,4.38503,4096,0.011205
1.94001,1.01136,0.0164568,6.54094e-07,2.88986e-07,4.47005,4096,0.016354
1.94201,1.06222,0.0164862,5.92612e-07,1.74463e-07,4.88951,4096,0.0115889
1.94401,1.10588,0.0165166,6.21221e-07,1.92013e-07,4.76542,4096,0.0133047
1.94601,1.0499,0.0165545,6.5651e-07,2.65791e-07,4.23133,4096,0.0120338
1.94801,1.07594,0.0165935,6.87854e-07,1.89742e-07,4.92236,4096,0.0119543
1.95001,1.09187,0.0166326,6.55738e-07,1.96262e-07,4.96858,4096,0.01507
1.95201,1.04,0.0166716,7.00158e-07,2.20374e-07,4.32518,4096,0.0105427
1.95401,1.04101,0.0167116,7.17613e-07,2.34984e-07,4.46666,4096,0.0110862
1.95601,1.00376,0.0167574,7.03032e-07,2.00736e-07,4.69313,4096,0.0158009
1.95801,1.07953,0.0168016,7.3394e-07,1.796e-07,4.34889,4096,0.013914
1.96001,1.06141,0.016841,7.70044e-07,1.94166e-07,4.43894,4096,0.0154923
1.96201,1.06898,0.0168678,7.59843e-07,2.63055e-07,4.8317,4096,0.0117823
1.96401,1.02089,0.0169024,7.71674e-07,2.42682e-07,4.24255,4096,0.0146976
1.96601,1.02201,0.0169317,7.38895e-07,3.53888e-07,4.37719,4096,0.0110305
1.96801,1.03897,0.0169611,7.39965e-07,3.13885e-07,4.31476,4096,0.0109964
1.97001,1.04877,0.0169904,7.46921e-07,3.58094e-07,4.74869,4096,0.0119078
1.97201,1.04189,0.01702,7.23085e-07,3.54979e-07,4.19713,4096,0.0105867
1.97401,1.0277,0.0170549,6.73375e-07,3.25046e-07,4.45544,4096,0.0130074
1.97601,1.03764,0.0170923,5.67801e-07,2.61687e-07,4.68057,4096,0.0109903
1.97801,0.999049,0.0171192,5.95726e-07,2.30531e-07,4.31944,4096,0.0107719
1.98001,1.09066,0.0171485,5.90066e-07,2.49594e-07,4.43113,4096,0.0128536
1.98201,1.07641,0.0171778,5.96192e-07,2.56077e-07,4.86478,4096,0.010784
1.98401,1.00489,0.0172097,5.83386e-07,2.5201e-07,4.37164,4096,0.0120557
1.98601,1.07855,0.0172489,5.15822e-07,3.10378e-07,5.33622,4096,0.015339
1.98801,1.07387,0.0172948,5.95712e-07,3.897e-07,5.0645,4096,0.013531
1.99001,1.05469,0.0173433,5.90167e-07,3.91505e-07,4.20057,4096,0.0104524
1.99201,1.04557,0.0173901,6.3928e-07,3.55139e-07,4.86925,4096,0.0114402
1.99401,1.05377,0.0174343,5.94911e-07,3.35276e-07,5.10018,4096,0.0105423
1.99601,1.02205,0.017479,5.66259e-07,3.71816e-07,4.57857,4096,0.0115044
1.99801,1.0335,0.017518,5.37373e-07,3.17275e-07,4.37276,4096,0.0176352
2.00001,0.995346,0.0175571,4.95056e-07,3.26851e-07,4.74508,4096,0.0136317
2.00201,1.02422,0.0175962,5.0704e-07,3.3094e-07,4.5698,4096,0.0105181
2.00401,1.17408,0.0176432,4.89163e-07,2.73227e-07,4.90862,4096,0.011498
2.00601,1.05435,0.0176908,4.9478e-07,2.56012e-07,4.32485,4096,0.0133248
2.00801,1.04277,0.0177455,5.18543e-07,3.00613e-07,4.53935,4096,0.0141846
2.01001,1.06283,0.0178041,5.60452e-07,2.86673e-07,4.3565,4096,0.0110003
2.01201,1.08693,0.0178627,5.44431e-07,3.25788e-07,4.93061,4096,0.0141735
2.01401,1.09399,0.0179213,5.79457e-07,3.1988e-07,4.46825,4096,0.0159859
2.01601,1.05934,0.0179799,5.55418e-07,3.25672e-07,5.00729,4096,0.0102395
2.01801,0.982604,0.0180385,4.83415e-07,3.66097e-07,4.89143,4096,0.0124564
2.02001,1.06768,0.0180952,4.31435e-07,3.91039e-07,4.50577,4096,0.0114754
2.02201,1.04354,0.018144,4.62183e-07,4.05387e-07,4.77082,4096,0.0101168
2.02401,1.03353,0.0181929,4.96366e-07,3.96336e-07,4.63265,4096,0.0131949
2.02601,1.05917,0.0182417,5.30781e-07,4.05169e-07,4.74339,4096,0.011386
2.02801,1.07587,0.0182906,5.54923e-07,4.21103e-07,4.81398,4096,0.0118117
2.03001,1.04482,0.0183394,5.568e-07,4.78467e-07,4.20275,4096,0.0112831
2.03201,1.03635,0.0183882,5.42947e-07,4.71948e-07,4.27859,4096,0.0140048
2.03401,1.06768,0.0184407,5.17553e-07,4.33327e-07,4.49062,4096,0.0132689
2.03601,1.04034,0.0184983,5.91688e-07,4.54078e-07,4.34088,4096,0.0121784
2.03801,1.02407,0.0185568,5.98622e-07,4.34724e-07,4.72813,4096,0.0119795
2.04001,1.07551,0.0186198,5.55068e-07,4.51619e-07,4.33284,4096,0.0127225
2.04201,1.08438,0.0186882,5.62286e-07,4.48148e-07,4.52943,4096,0.0168747
2.04401,1.04162,0.0187566,6.10278e-07,4.40006e-07,4.64905,4096,0.0153285
2.04601,1.0607,0.0188164,5.81145e-07,4.73316e-07,4.43514,4096,0.0128421
2.04801,1.07404,0.0188755,5.35787e-07,5.3586e-07,4.48352,4096,0.0203104
2.05001,1.10181,0.018925,5.88232e-07,5.59172e-07,4.22515,4096,0.01919
2.05201,1.08454,0.0189795,6.19766e-07,5.36471e-07,4.87155,4096,0.0693877
2.05401,1.05275,0.019041,6.38262e-07,4.75411e-07,4.39802,4096,0.0109504
2.05601,1.07058,0.0191,6.58038e-07,4.43732e-07,4.79294,4096,0.0104285
2.05801,1.06624,0.0191489,5.529e-07,4.43397e-07,4.29141,4096,0.0111005
2.06001,1.0779,0.0191886,5.73636e-07,4.85496e-07,4.97455,4096,0.0112395
2.06201,1.02104,0.0192277,5.91666e-07,4.6927e-07,4.53,4096,0.0148953
2.06401,1.08894,0.0192667,5.94751e-07,4.63653e-07,4.82042,4096,0.0175457
2.06601,1.01262,0.0193033,6.02013e-07,4.38056e-07,4.52077,4096,0.0117823
2.06801,1.04589,0.019331,6.32193e-07,4.08429e-07,4.3085,4096,0.0138806
2.07001,1.07335,0.0193506,5.62388e-07,3.5626e-07,4.49651,4096,0.0109062
2.07201,1.0627,0.019371,5.30272e-07,3.80809e-07,4.83775,4096,0.0160168
2.07401,1.06536,0.0193905,4.91433e-07,4.14482e-07,4.46442,4096,0.0172413
2.07601,1.09305,0.0194142,4.34913e-07,4.34404e-07,4.60983,4096,0.016863
2.07801,1.05956,0.0194405,4.09433e-07,4.05809e-07,4.74586,4096,0.013371
2.08001,1.03935,0.019463,4.15443e-07,4.07861e-07,4.44909,4096,0.0108389
2.08201,1.00272,0.0194899,4.54369e-07,3.678e-07,4.48547,4096,0.0117038
2.08401,1.02971,0.0195086,4.52026e-07,3.42654e-07,4.52773,4096,0.0157851
2.08601,1.03125,0.0195226,5.41113e-07,3.17887e-07,4.29369,4096,0.01277
2.08801,1.0302,0.0195433,5.11238e-07,3.32046e-07,4.79119,4096,0.0118956
2.09001,1.0378,0.0195726,5.00033e-07,2.82002e-07,4.28923,4096,0.0105265
2.09201,1.09442,0.0195969,5.41739e-07,3.02054e-07,5.10729,4096,0.00962617
2.09401,1.06829,0.0196235,4.61092e-07,2.65376e-07,4.38369,4096,0.013266
2.09601,1.06716,0.01965,4.28219e-07,3.21343e-07,4.35652,4096,0.0141575
2.09801,1.04377,0.0196747,4.68979e-07,3.27738e-07,4.3318,4096,0.0127514
2.10001,1.08804,0.0196969,5.17481e-07,3.14234e-07,4.68846,4096,0.0106524
2.10201,1.03776,0.0197261,5.17306e-07,2.55182e-07,4.71047,4096,0.0104946
2.10401,1.04269,0.0197554,5.67452e-07,1.42172e-07,4.56859,4096,0.0116605
2.10601,1.07411,0.0197847,4.96613e-07,8.86357e-08,4.50283,4096,0.0155609
2.10801,1.06854,0.0198064,4.60815e-07,9.89021e-08,4.38449,4096,0.0137631
2.11001,1.06252,0.0198259,3.62808e-07,1.29745e-07,4.15831,4096,0.0154306
2.11201,1.0443,0.0198455,2.97514e-07,1.55138e-07,4.65085,4096,0.0118669
2.11401,1.06348,0.0198617,3.50454e-07,1.88214e-07,4.78738,4096,0.0167794
2.11601,1.01308,0.0198716,3.48096e-07,2.2896e-07,4.46177,4096,0.011368
2.11801,1.08053,0.0198812,3.52302e-07,2.24951e-07,4.21691,4096,0.0153605
2.12001,1.06901,0.019891,4.09491e-07,2.17013e-07,4.44346,4096,0.0107045
2.12201,1.04629,0.0199007,4.4101e-07,2.30328e-07,4.23227,4096,0.0106792
2.12401,1.04876,0.0199176,4.45361e-07,2.7653e-07,4.56339,4096,0.0113927
2.12601,1.02501,0.0199319,4.10197e-07,2.72223e-07,4.38878,4096,0.0110376
2.12801,1.03802,0.0199417,3.50468e-07,2.63914e-07,4.74027,4096,0.0130737
2.13001,1.02827,0.0199514,3.40995e-07,2.64277e-07,4.58942,4096,0.0117074
2.13201,1.05019,0.0199612,3.23445e-07,3.17581e-07,4.62447,4096,0.0105643
2.13401,1.0976,0.019963,3.04295e-07,2.6339e-07,5.21858,4096,0.0198222
2.13601,1.07925,0.0199648,2.90849e-07,2.44385e-07,4.50542,4096,0.0107557
2.13801,1.11206,0.0199693,2.8772e-07,2.73008e-07,5.10417,4096,0.0136481
2.14001,1.05948,0.0199707,2.47761e-07,2.413e-07,4.51874,4096,0.0118686
2.14201,1.01444,0.019985,2.0639e-07,2.15136e-07,4.34929,4096,0.0111722
2.14401,1.05549,0.02,1.70345e-07,2.27577e-07,4.38982,4096,0.0121731
2.14601,1.05468,0.0200097,1.69632e-07,2.31259e-07,4.57754,4096,0.0132099
2.14801,1.04207,0.0200195,2.2116e-07,2.06652e-07,4.18587,4096,0.0108767
2.15001,1.05264,0.0200293,2.19166e-07,2.56987e-07,4.23466,4096,0.0171725
2.15201,1.08237,0.0200391,2.1045e-07,2.84301e-07,4.18614,4096,0.0108085
2.15401,1.06245,0.0200489,2.10843e-07,2.26093e-07,4.74816,4096,0.0137264
2.15601,1.05615,0.0200586,2.44247e-07,2.61105e-07,4.56434,4096,0.0105925
2.15801,1.0771,0.0200647,1.60857e-07,3.53364e-07,4.66844,4096,0.0120554
2.16001,1.07729,0.0200586,1.11642e-07,3.53451e-07,4.57817,4096,0.0110705
2.16201,1.03342,0.0200542,1.09445e-07,2.93629e-07,4.71652,4096,0.014046
2.16401,1.05339,0.0200543,5.82804e-08,3.17857e-07,4.38843,4096,0.0134118
2.16601,1.08071,0.0200461,9.37871e-08,2.51894e-07,4.47943,4096,0.0134782
2.16801,1.0655,0.0200421,3.94502e-08,2.91271e-07,4.61343,4096,0.0126002
2.17001,1.03115,0.0200422,2.11003e-08,2.77156e-07,4.1463,4096,0.0129755
2.17201,1.04704,0.0200422,7.66449e-08,1.97091e-07,4.56224,4096,0.0111621
2.17401,1.04519,0.0200455,9.87784e-08,2.44938e-07,4.58996,4096,0.023355
2.17601,1.05883,0.0200487,1.16095e-07,2.49012e-07,5.08419,4096,0.013253
2.17801,1.05319,0.0200545,1.05945e-07,2.12451e-07,4.91118,4096,0.0139423
2.18001,1.06729,0.0200489,1.11104e-07,2.08121e-07,5.07281,4096,0.0115403
2.18201,0.998715,0.0200566,8.01956e-08,1.83791e-07,4.35427,4096,0.0137337
2.18401,1.0397,0.0200609,1.33208e-07,1.64728e-07,5.1108,4096,0.0118101
2.18601,1.03623,0.0200668,1.57277e-07,1.10565e-07,4.22129,4096,0.0111451
2.18801,1.06562,0.0200668,8.48377e-08,1.43584e-07,4.18666,4096,0.0115217
2.19001,1.0662,0.0200669,1.07291e-07,1.62283e-07,4.62072,4096,0.0141616
2.19201,1.03061,0.0200667,1.80124e-07,1.90274e-07,4.53335,4096,0.0136837
2.19401,1.04674,0.0200667,1.31826e-07,2.26428e-07,4.52932,4096,0.0122049
2.19601,1.05613,0.0200667,1.43773e-07,1.62981e-07,5.20898,4096,0.0146948
2.19801,1.01882,0.0200667,1.45417e-07,1.2439e-07,4.63376,4096,0.0124023
2.20001,1.05078,0.0200667,1.64e-07,1.25001e-08,4.45329,4096,0.0112419
2.20201,1.04671,0.0200668,1.50278e-07,7.1057e-08,4.26763,4096,0.0144738
2.20401,1.07607,0.0200668,1.73808e-07,7.17118e-08,4.52964,4096,0.0116329
2.20601,1.07993,0.0200668,2.04032e-07,8.31933e-08,4.62453,4096,0.0142056
2.20801,1.08568,0.0200667,1.98983e-07,8.86939e-08,4.80843,4096,0.0149455
2.21001,1.07129,0.0200667,2.75126e-07,7.00966e-08,4.55326,4096,0.015445
2.21201,1.08434,0.0200668,3.49508e-07,1.24943e-07,4.44979,4096,0.0143455
2.21401,1.11045,0.0200667,3.04062e-07,1.51835e-07,4.57284,4096,0.0152695
2.21601,1.0287,0.0200668,3.04164e-07,2.02184e-07,4.79066,4096,0.0161779
2.21801,1.04093,0.0200668,2.50206e-07,1.61453e-07,4.31141,4096,0.0175777
2.22001,1.09647,0.0200667,2.64117e-07,1.558e-07,5.54068,4096,0.0178668
2.22201,1.0817,0.0200667,2.35945e-07,1.51194e-07,4.44694,4096,0.0183772
2.22401,1.00702,0.0200668,2.41052e-07,1.88491e-07,4.4858,4096,0.0120996
2.22601,1.04758,0.0200668,2.88856e-07,1.40455e-07,4.42256,4096,0.0169951
2.22801,1.02766,0.0200669,1.97004e-07,1.63491e-07,4.17362,4096,0.0114264
2.23001,1.05927,0.0200669,2.08878e-07,1.59576e-07,5.03888,4096,0.0124497
2.23201,1.06108,0.0200669,1.5815e-07,2.05757e-07,4.60293,4096,0.0129764
2.23401,1.03075,0.0200668,1.42594e-07,1.36264e-07,4.3709,4096,0.0144685
2.23601,1.0702,0.0200668,1.27286e-07,1.0166e-07,4.6002,4096,0.0208074
2.23801,1.02505,0.0200669,1.54425e-07,1.49477e-07,4.14019,4096,0.017414
2.24001,1.02267,0.0200669,1.98226e-07,1.41838e-07,4.29389,4096,0.0182049
2.24201,1.09634,0.0200668,2.02897e-07,1.3761e-07,4.4792,4096,0.0127983
2.24401,1.06332,0.0200668,1.96058e-07,2.07758e-07,4.96369,4096,0.0148735
2.24601,1.05061,0.0200668,2.30997e-07,1.86585e-07,4.49301,4096,0.0108123
2.24801,1.07407,0.0200668,2.84985e-07,2.09649e-07,4.52425,4096,0.0166853
2.25001,1.03245,0.0200597,3.09621e-07,2.1208e-07,4.92558,4096,0.0109494
2.25201,1.05442,0.0200505,3.1486e-07,1.85406e-07,4.22679,4096,0.0186631
2.25401,1.04468,0.0200408,4.00003e-07,1.11118e-07,4.80868,4096,0.0230228
2.25601,1.04975,0.020031,3.89315e-07,1.34256e-07,4.79762,4096,0.0134778
2.25801,1.04411,0.0200297,3.87241e-07,5.42059e-08,4.20962,4096,0.0144966
2.26001,1.04044,0.0200297,3.55561e-07,1.09038e-07,4.17678,4096,0.0108958
2.26201,1.08541,0.0200319,3.48256e-07,8.76462e-08,4.80523,4096,0.0128641
2.26401,1.01723,0.0200416,3.68716e-07,1.47382e-07,4.55962,4096,0.0111195
2.26601,1.0708,0.0200513,3.57264e-07,1.63651e-07,4.54046,4096,0.0125056
2.26801,1.01215,0.0200611,3.45084e-07,1.63433e-07,4.37519,4096,0.0121401
2.27001,1.03959,0.0200709,2.97317e-07,1.70417e-07,4.36898,4096,0.0136999
2.27201,1.03962,0.0200843,3.05226e-07,1.11817e-07,4.31675,4096,0.0139155
2.27401,1.03519,0.0200901,2.87473e-07,1.46509e-07,4.41611,4096,0.0116561
2.27601,1.03093,0.0200999,2.92202e-07,1.43948e-07,4.80068,4096,0.0110944
2.27801,1.05788,0.0201097,3.59898e-07,9.93896e-08,4.4535,4096,0.0139566
2.28001,1.02761,0.0201195,3.30256e-07,1.11802e-07,4.12161,4096,0.0100091
2.28201,1.05675,0.0201293,3.60327e-07,1.26267e-07,4.30542,4096,0.0112366
2.28401,1.05663,0.020147,3.18832e-07,9.7818e-08,4.28618,4096,0.0123906
2.28601,1.05092,0.0201678,3.07809e-07,4.8225e-08,4.91217,4096,0.0173393
2.28801,1.06474,0.0201912,3.15704e-07,5.18485e-08,4.56696,4096,0.0116506
2.29001,1.0786,0.0202142,3.1096e-07,4.87635e-08,4.69067,4096,0.0120933
2.29201,1.00424,0.0202329,3.2875e-07,5.47152e-09,4.68749,4096,0.0112009
2.29401,1.074,0.0202525,3.54004e-07,-5.82077e-10,4.52173,4096,0.012311
2.29601,1.04775,0.020272,3.94764e-07,1.6691e-08,4.32915,4096,0.010929
2.29801,1.06596,0.0202911,4.57701e-07,-3.89846e-08,4.91324,4096,0.0130149
2.30001,1.06546,0.0203009,3.93571e-07,-8.94215e-08,5.12197,4096,0.0127759
2.30201,1.06733,0.0203069,4.26124e-07,-9.5315e-08,4.97342,4096,0.0117893
2.30401,1.06415,0.0203072,5.09375e-07,-1.22782e-07,4.32023,4096,0.0147791
2.30601,1.11916,0.0203072,5.81582e-07,-8.43283e-08,4.74371,4096,0.0120048
2.30801,1.02312,0.0203119,5.97764e-07,-7.19156e-08,4.5084,4096,0.0157575
2.31001,1.06241,0.0203211,6.4318e-07,-5.50353e-08,4.30115,4096,0.0115345
2.31201,1.06136,0.0203406,5.73622e-07,-7.28905e-08,4.37012,4096,0.0110659
2.31401,1.08073,0.0203699,5.18121e-07,-1.00161e-07,4.71138,4096,0.0112337
2.31601,1.00666,0.0203973,5.12809e-07,-6.9369e-08,4.09315,4096,0.0147575
2.31801,1.06713,0.0204154,5.41942e-07,-6.59784e-08,4.40929,4096,0.0120336
2.32001,1.0408,0.0204326,5.05504e-07,-4.12256e-08,4.79704,4096,0.014166
2.32201,1.02892,0.020452,4.8097e-07,1.20781e-08,5.02883,4096,0.0103063
2.32401,1.03977,0.0204618,4.83546e-07,9.79344e-09,4.56522,4096,0.0137931
2.32601,1.05933,0.0204715,4.37969e-07,1.21508e-08,4.7375,4096,0.0177565
2.32801,1.03567,0.0204813,3.7477e-07,-2.8158e-08,4.43488,4096,0.017138
2.33001,1.05081,0.0204956,3.99508e-07,-5.50499e-08,4.4687,4096,0.0104958
2.33201,1.03783,0.0205055,4.14409e-07,-7.4433e-08,4.31557,4096,0.0150632
2.33401,1.02352,0.0205124,5.01284e-07,-1.11992e-07,4.2212,4096,0.0104291
2.33601,1.06792,0.0205221,4.85932e-07,-7.36763e-08,4.41676,4096,0.0131865
2.33801,1.02635,0.0205327,5.21643e-07,-5.1441e-08,4.05571,4096,0.0114588
2.34001,1.06253,0.0205487,4.67509e-07,-1.08819e-07,4.46034,4096,0.0109689
2.34201,1.05335,0.0205634,4.93761e-07,-5.98957e-08,4.17998,4096,0.0150966
2.34401,1.01325,0.0205731,5.17502e-07,-8.87667e-10,4.60016,4096,0.0152069
2.34601,1.02172,0.0205879,4.44299e-07,-3.95521e-08,4.38788,4096,0.0145963
2.34801,1.06356,0.0206075,5.21002e-07,-2.28611e-08,4.70283,4096,0.0135516
2.35001,1.05138,0.0206296,5.25062e-07,-2.9002e-08,4.72154,4096,0.0142382
2.35201,1.06169,0.0206589,5.36238e-07,-7.34144e-09,4.62036,4096,0.0131357
2.35401,1.06987,0.0206791,5.2806e-07,-1.33878e-08,4.41185,4096,0.0125316
2.35601,1.04857,0.0207013,4.50673e-07,-1.91503e-08,4.29495,4096,0.0140602
2.35801,1.03441,0.0207306,4.48403e-07,-9.13496e-08,4.51215,4096,0.0142623
2.36001,1.08243,0.0207513,4.17262e-07,-7.16827e-08,5.09433,4096,0.0131724
2.36201,1.029,0.0207645,4.57207e-07,-3.69764e-08,4.14056,4096,0.0110016
2.36401,1.05294,0.0207815,5.1067e-07,2.94385e-08,4.72984,4096,0.0110844
2.36601,1.07507,0.0207976,5.50775e-07,2.38797e-08,5.10322,4096,0.0114358
2.36801,1.06183,0.0208209,5.94911e-07,-1.75351e-08,4.44143,4096,0.0107044
2.37001,1.0749,0.0208446,5.81102e-07,-5.93718e-09,4.26303,4096,0.0163042
2.37201,1.03193,0.0208599,5.56502e-07,-1.25729e-08,4.30056,4096,0.0115089
2.37401,1.0468,0.0208751,5.81291e-07,3.9654e-08,4.4887,4096,0.0137334
2.37601,1.04159,0.0208946,6.23579e-07,1.29512e-09,4.76542,4096,0.0150454
2.37801,1.06671,0.0209155,6.33794e-07,2.84781e-08,4.49109,4096,0.0101457
2.38001,1.01423,0.0209433,6.55942e-07,7.40984e-08,4.53647,4096,0.0123525
2.38201,1.04116,0.0209725,6.44126e-07,5.51663e-08,5.08522,4096,0.0115365
2.38401,1.03781,0.0210041,5.77798e-07,8.03557e-08,4.36817,4096,0.0121969
2.38601,1.03799,0.0210411,5.09564e-07,6.94126e-08,4.75007,4096,0.0176505
2.38801,1.08223,0.0210687,4.5968e-07,3.95812e-08,5.21589,4096,0.0125314
2.39001,1.06936,0.0210883,4.60699e-07,1.21072e-08,4.99307,4096,0.0106998
2.39201,1.07484,0.0211039,4.80592e-07,9.07021e-08,5.12175,4096,0.0164851
2.39401,1.05022,0.0211196,4.70376e-07,8.44593e-08,4.23853,4096,0.0143936
2.39601,1.00872,0.0211421,3.91345e-07,1.33645e-07,4.4311,4096,0.0133559
2.39801,1.04964,0.0211691,4.2528e-07,9.14733e-08,4.42714,4096,0.0107856
2.40001,1.08837,0.021189,4.63639e-07,1.54309e-07,4.56637,4096,0.0114218
2.40201,1.06348,0.0212053,4.61514e-07,1.79731e-07,4.55654,4096,0.0127472
2.40401,1.07022,0.0212271,4.07963e-07,1.60202e-07,5.04955,4096,0.0123998
2.40601,1.0422,0.0212571,4.22806e-07,1.6189e-07,4.42712,4096,0.0150273
2.40801,1.02578,0.021287,3.88522e-07,1.70883e-07,4.39685,4096,0.0134942
2.41001,1.04085,0.0213065,4.0092e-07,1.87516e-07,5.03202,4096,0.0119752
2.41201,1.07813,0.0213236,3.88696e-07,1.86716e-07,4.5193,4096,0.0121721
2.41401,1.06547,0.0213357,4.05787e-07,1.156e-07,4.16979,4096,0.011317
2.41601,1.09046,0.0213485,3.76982e-07,8.96107e-08,4.52447,4096,0.0100813
2.41801,1.08251,0.0213752,3.73417e-07,1.34562e-07,4.43594,4096,0.0117837
2.42001,1.07859,0.0214009,3.61964e-07,1.7682e-07,4.60852,4096,0.0129995
2.42201,1.05518,0.0214285,3.40224e-07,2.19938e-07,5.65422,4096,0.0128724
2.42401,1.02122,0.0214512,3.80096e-07,1.6985e-07,4.06952,4096,0.0133278
2.42601,1.10159,0.0214688,3.88711e-07,1.88258e-07,5.19059,4096,0.0102088
2.42801,1.09033,0.0214718,3.62255e-07,1.45126e-07,4.53984,4096,0.0135011
2.43001,1.06048,0.0214782,3.60458e-07,1.16313e-07,5.0044,4096,0.0113079
2.43201,1.05794,0.0214803,3.30925e-07,1.40033e-07,4.56364,4096,0.013257
2.43401,1.04972,0.0214804,3.86077e-07,1.14393e-07,4.29057,4096,0.0129691
2.43601,1.05611,0.0214803,4.21845e-07,1.63185e-07,5.30534,4096,0.011971
2.43801,1.07082,0.0214803,3.88754e-07,1.72804e-07,4.39557,4096,0.0117919
2.44001,1.06342,0.0214803,3.52971e-07,1.97891e-07,4.41384,4096,0.011236
2.44201,1.06295,0.0214877,3.94488e-07,2.1045e-07,4.37745,4096,0.0139934
2.44401,1.10475,0.0214974,3.66606e-07,2.79149e-07,4.89349,4096,0.0134953
2.44601,1.06157,0.0215057,4.15836e-07,2.34548e-07,4.60464,4096,0.0125127
2.44801,1.05058,0.0215139,3.70885e-07,1.91867e-07,4.29119,4096,0.0107014
2.45001,1.04512,0.0215236,3.3532e-07,1.78014e-07,4.04427,4096,0.0130515
2.45201,1.04608,0.0215335,4.5434e-07,1.3836e-07,4.86982,4096,0.0147305
2.45401,1.05361,0.0215433,5.24175e-07,1.28886e-07,4.54814,4096,0.0107725
2.45601,1.0471,0.021554,4.90109e-07,1.22986e-07,4.73094,4096,0.0124225
2.45801,1.05057,0.0215668,4.25352e-07,1.59751e-07,4.70584,4096,0.0129496
2.46001,1.05406,0.0215766,4.68048e-07,1.7132e-07,4.48535,4096,0.0111739
2.46201,1.03119,0.0215863,5.78279e-07,2.04556e-07,4.61585,4096,0.0101837
2.46401,1.04098,0.0215961,5.73025e-07,2.36381e-07,4.45281,4096,0.0110387
2.46601,1.07037,0.0216093,5.67103e-07,2.04906e-07,4.81788,4096,0.0116766
2.46801,1.10167,0.0216315,6.04297e-07,2.69472e-07,4.5784,4096,0.0150296
2.47001,1.03701,0.0216608,6.7697e-07,2.34053e-07,4.47664,4096,0.0108547
2.47201,1.11606,0.02169,7.31292e-07,2.44501e-07,4.76266,4096,0.0118803
2.47401,1.10168,0.0217194,7.18486e-07,2.55706e-07,4.80122,4096,0.0114517
2.47601,1.03172,0.0217487,7.20815e-07,2.38215e-07,4.31816,4096,0.015303
2.47801,1.00249,0.0217796,7.4417e-07,2.68745e-07,4.83276,4096,0.0101472
2.48001,1.06553,0.0218121,7.35163e-07,1.80953e-07,4.97939,4096,0.0117151
2.48201,1.05986,0.0218435,6.716e-07,2.62036e-07,4.83433,4096,0.0141244
2.48401,1.03924,0.0218759,6.97648e-07,2.23386e-07,4.48218,4096,0.0163576
2.48601,1.06586,0.0219052,7.56729e-07,2.15718e-07,4.38358,4096,0.0118513
2.48801,0.918996,0.021939,7.77029e-07,3.32293e-07,4.53651,4096,0.0116039
2.49001,1.03266,0.0219728,7.31758e-07,3.25963e-07,4.56667,4096,0.0125884
2.49201,1.04313,0.0220096,7.13801e-07,3.05175e-07,4.72527,4096,0.0111909
2.49401,1.05734,0.0220527,7.169e-07,2.98183e-07,4.30884,4096,0.0143169
2.49601,1.058,0.0221014,7.69694e-07,3.32948e-07,4.48279,4096,0.0122226
2.49801,1.05664,0.0221502,6.78658e-07,2.5599e-07,4.82924,4096,0.0140127
2.50001,1.06,0.0221991,7.2924e-07,2.13156e-07,4.71223,4096,0.0165178
2.50201,1.03672,0.0222479,7.29226e-07,1.48793e-07,4.36019,4096,0.0128009
2.50401,1.03509,0.0222968,7.39703e-07,1.51835e-07,4.68246,4096,0.0156826
2.50601,1.03196,0.0223456,8.0993e-07,1.39902e-07,4.80525,4096,0.0118289
2.50801,1.0593,0.0223866,8.25545e-07,8.59145e-08,4.52898,4096,0.0131768
2.51001,1.05826,0.0224256,8.00064e-07,9.9506e-08,4.42562,4096,0.0140952
2.51201,1.02062,0.0224647,8.03586e-07,8.29314e-08,4.65621,4096,0.0112098
2.51401,1.06482,0.0225038,7.88888e-07,1.72731e-07,4.36204,4096,0.0135828
2.51601,1.07594,0.0225428,7.78185e-07,1.94414e-07,4.27672,4096,0.0109418
2.51801,1.02039,0.0225819,7.92061e-07,1.21334e-07,4.32681,4096,0.0143234
2.52001,1.06264,0.022621,7.95939e-07,1.64931e-07,5.10671,4096,0.0116177
2.52201,1.06625,0.0226601,7.83722e-07,1.80415e-07,4.26601,4096,0.0111378
2.52401,1.05512,0.0226992,8.2342e-07,1.46189e-07,4.38988,4096,0.0119511
2.52601,1.0589,0.0227382,8.37696e-07,1.09867e-07,4.42065,4096,0.0100809
2.52801,1.0566,0.0227773,8.21761e-07,1.31011e-07,4.81626,4096,0.0109936
2.53001,1.0289,0.0228164,8.10658e-07,1.66547e-07,4.20367,4096,0.0143596
2.53201,1.06979,0.0228554,8.20553e-07,1.20213e-07,4.81791,4096,0.0120183
2.53401,1.06769,0.0228945,8.24904e-07,1.47273e-07,4.25366,4096,0.0110494
2.53601,1.02272,0.0229303,9.00727e-07,1.76558e-07,4.71874,4096,0.0136429
2.53801,1.05383,0.022965,8.71543e-07,1.74085e-07,4.44081,4096,0.0136832
2.54001,1.06594,0.0229942,9.24687e-07,1.96218e-07,5.60568,4096,0.0127359
2.54201,1.0623,0.0230317,9.5545e-07,2.19836e-07,4.4573,4096,0.01309
2.54401,1.03588,0.0230799,1.02315e-06,2.6272e-07,4.48179,4096,0.011729
2.54601,1.05877,0.0231131,9.8256e-07,2.77199e-07,4.60628,4096,0.0114129
2.54801,1.07614,0.0231516,8.97649e-07,2.61309e-07,4.45985,4096,0.0125805
2.55001,1.06387,0.0231907,9.21718e-07,2.27752e-07,4.51728,4096,0.0149484
2.55201,1.03285,0.0232346,9.32632e-07,2.0978e-07,4.52747,4096,0.012986
2.55401,1.05126,0.0232834,9.56992e-07,2.45564e-07,4.41225,4096,0.012124
2.55601,1.07262,0.0233417,8.79678e-07,1.96625e-07,4.57583,4096,0.0129615
2.55801,1.09189,0.0234003,9.53878e-07,1.81491e-07,4.57208,4096,0.0132523
2.56001,1.03802,0.0234589,1.00334e-06,1.99187e-07,4.72686,4096,0.0174772
2.56201,1.05703,0.0235128,9.7591e-07,1.75511e-07,4.81268,4096,0.0130654
2.56401,1.03113,0.0235695,9.67178e-07,1.6627e-07,4.63235,4096,0.0138895
2.56601,1.00706,0.0236267,9.86867e-07,1.5249e-07,4.44445,4096,0.0121949
2.56801,1.06771,0.0236811,9.45161e-07,1.20272e-07,5.0068,4096,0.0156262
2.57001,1.05242,0.0237397,8.07398e-07,1.53799e-07,4.53258,4096,0.0118721
2.57201,1.05219,0.0237982,8.09741e-07,1.34576e-07,4.8423,4096,0.014701
2.57401,1.04213,0.0238504,7.55754e-07,5.01459e-08,5.06357,4096,0.0127363
2.57601,1.09832,0.0239042,8.24744e-07,2.15077e-08,4.49611,4096,0.0125718
2.57801,1.05307,0.0239531,8.54008e-07,2.90456e-08,4.48581,4096,0.00999666
2.58001,1.04131,0.0240018,8.9583e-07,1.03464e-08,4.75213,4096,0.0119628
2.58201,1.01675,0.0240507,8.36459e-07,4.2477e-08,4.70847,4096,0.0121491
2.58401,1.01879,0.0240995,8.35855e-07,7.91915e-08,4.43485,4096,0.0109548
2.58601,1.02663,0.0241527,8.54518e-07,1.36672e-07,4.39525,4096,0.0101377
2.58801,1.05695,0.0242025,8.76302e-07,1.22294e-07,5.24081,4096,0.0123081
2.59001,1.05633,0.0242608,9.28208e-07,9.00036e-08,4.91091,4096,0.0110846
2.59201,1.0611,0.0243096,9.34189e-07,8.01228e-08,5.16443,4096,0.010515
2.59401,1.05596,0.0243585,9.35892e-07,6.23113e-08,4.41626,4096,0.0148568
2.59601,1.05933,0.0244073,9.4909e-07,8.60455e-08,4.15604,4096,0.0195608
2.59801,1.04171,0.024464,9.27699e-07,4.7221e-08,4.53459,4096,0.0105671
2.60001,1.05013,0.0245226,9.32894e-07,5.7189e-09,4.3364,4096,0.0117532
2.60201,1.08265,0.0245812,9.41334e-07,2.41853e-08,4.90281,4096,0.0100551
2.60401,1.02915,0.0246384,8.74978e-07,4.64788e-08,5.16053,4096,0.0107788
2.60601,1.06637,0.0247015,9.02044e-07,6.62258e-08,4.737,4096,0.0153833
2.60801,1.10435,0.0247672,9.80886e-07,8.50123e-08,4.75449,4096,0.0138333
2.61001,1.04653,0.0248392,9.56861e-07,9.58025e-08,4.85634,4096,0.0121636
2.61201,1.0703,0.0249149,9.67761e-07,1.11089e-07,4.67522,4096,0.0167486
2.61401,1.0831,0.024993,9.1824e-07,7.23958e-08,5.83916,4096,0.0138808
2.61601,1.07854,0.0250646,8.63336e-07,8.66858e-08,5.23643,4096,0.0113169
2.61801,1.07829,0.0251329,9.37362e-07,1.43162e-07,4.933,4096,0.0120734
2.62001,1.06295,0.0252029,9.18633e-07,1.9258e-07,5.24974,4096,0.0188875
2.62201,1.08586,0.025281,9.3269e-07,1.47513e-07,4.72774,4096,0.0134335
2.62401,1.07376,0.0253513,9.42571e-07,1.7228e-07,4.82902,4096,0.0170156
2.62601,1.06049,0.0254256,9.88977e-07,1.68395e-07,4.37298,4096,0.0158584
2.62801,1.05698,0.0255017,9.63279e-07,1.99667e-07,4.44025,4096,0.0120071
2.63001,1.06287,0.0255693,9.69776e-07,2.14743e-07,5.06137,4096,0.0156465
2.63201,1.04454,0.0256401,9.89821e-07,2.1809e-07,4.42624,4096,0.0112785
2.63401,1.01702,0.025718,1.02789e-06,2.11003e-07,4.43675,4096,0.0146705
2.63601,0.997609,0.0257936,1.04483e-06,1.85217e-07,4.80678,4096,0.011186
2.63801,1.06638,0.025863,1.00405e-06,1.59547e-07,4.08322,4096,0.011276
2.64001,1.08132,0.0259313,1.01418e-06,1.58456e-07,4.80292,4096,0.0106378
2.64201,1.05094,0.0259997,1.04736e-06,1.64611e-07,4.78865,4096,0.0163701
2.64401,1.08755,0.0260679,1.02937e-06,1.40717e-07,5.35889,4096,0.013322
2.64601,1.08821,0.0261363,1.07905e-06,1.77679e-07,5.05994,4096,0.0152585
2.64801,1.07381,0.0262046,9.56934e-07,2.20636e-07,4.66771,4096,0.0113388
2.65001,1.03192,0.026273,9.31526e-07,2.41387e-07,4.12284,4096,0.0124136
2.65201,1.04212,0.0263413,9.19041e-07,2.80357e-07,5.30215,4096,0.0133636
2.65401,1.01127,0.0264097,1.01102e-06,2.45942e-07,4.55534,4096,0.0114603
2.65601,1.03792,0.0264864,1.03287e-06,2.62909e-07,4.32295,4096,0.0153022
2.65801,1.00363,0.0265543,9.92586e-07,2.95833e-07,4.98633,4096,0.0112267
2.66001,1.0519,0.0266128,9.91917e-07,2.7346e-07,4.95192,4096,0.017566
2.66201,1.05957,0.0266739,9.6357e-07,2.43454e-07,4.57368,4096,0.0116663
2.66401,1.07394,0.0267382,1.00851e-06,2.20272e-07,5.32403,4096,0.0167168
2.66601,1.0398,0.0267951,1.00143e-06,1.80531e-07,4.55366,4096,0.0135077
2.66801,1.06722,0.0268536,9.738e-07,2.0102e-07,4.72359,4096,0.0148965
2.67001,1.0683,0.0269122,9.15417e-07,1.98736e-07,5.05412,4096,0.0121251
2.67201,1.04649,0.0269708,9.19375e-07,2.48649e-07,4.76154,4096,0.0110167
2.67401,1.04462,0.0270293,9.30915e-07,2.0591e-07,5.1244,4096,0.0120149
2.67601,1.05584,0.0270879,9.38584e-07,2.31521e-07,4.73978,4096,0.0107699
2.67801,1.04714,0.0271474,9.62609e-07,2.32612e-07,4.69517,4096,0.0167126
2.68001,1.06007,0.0272082,9.02975e-07,2.58166e-07,4.97961,4096,0.0107355
2.68201,1.06179,0.0272668,9.82225e-07,2.70549e-07,4.81107,4096,0.0109234
2.68401,1.00952,0.0273254,9.90767e-07,2.78029e-07,4.25179,4096,0.0144865
2.68601,1.03861,0.027384,9.61838e-07,2.53145e-07,4.83525,4096,0.0141308
2.68801,1.11948,0.0274426,9.28005e-07,1.70839e-07,6.24593,4096,0.011594
2.69001,1.00521,0.0275013,9.48639e-07,2.2196e-07,4.81738,4096,0.0107899
2.69201,1.03942,0.0275598,9.97388e-07,1.28086e-07,4.4259,4096,0.0132477
2.69401,1.01713,0.0276184,9.82749e-07,1.72222e-07,4.61403,4096,0.0129778
2.69601,1.04622,0.027677,9.89428e-07,1.12021e-07,4.57207,4096,0.0112802
2.69801,1.09179,0.0277356,9.83346e-07,7.14208e-08,4.41453,4096,0.0116434
2.70001,1.02223,0.0277942,9.77234e-07,8.02684e-08,4.30548,4096,0.0148313
2.70201,1.03448,0.0278529,9.74978e-07,8.98581e-08,4.37381,4096,0.0119719
2.70401,1.03568,0.0279115,9.22024e-07,-3.24508e-09,4.23688,4096,0.0153377
2.70601,1.09957,0.0279701,9.04256e-07,1.35915e-08,4.93687,4096,0.0189275
2.70801,1.00684,0.0280287,8.8838e-07,-4.95202e-08,4.3067,4096,0.0152688
2.71001,1.06699,0.0280873,8.50559e-07,-6.3068e-08,4.43941,4096,0.017057
2.71201,1.08719,0.028145,9.06584e-07,-9.46311e-08,4.72677,4096,0.0127042
2.71401,1.04502,0.0281978,8.54881e-07,-1.47062e-07,5.46833,4096,0.0134811
2.71601,1.02252,0.0282521,8.69128e-07,-5.71017e-08,4.46477,4096,0.0148883
2.71801,1.0359,0.0283009,9.40359e-07,-6.58329e-08,4.53462,4096,0.0165317
2.72001,1.03956,0.02835,9.25924e-07,-2.39816e-08,4.75909,4096,0.0115091
2.72201,1.05715,0.0284011,8.46572e-07,-1.21698e-07,4.1822,4096,0.0143349
2.72401,1.04546,0.0284499,8.59945e-07,-7.55535e-08,4.7121,4096,0.0161861
2.72601,1.04889,0.0285049,8.94768e-07,-1.88593e-08,4.62963,4096,0.0153597
2.72801,1.04412,0.0285635,9.40679e-07,3.75003e-08,4.65895,4096,0.0144783
2.73001,1.05371,0.0286206,8.91698e-07,7.43312e-08,4.74873,4096,0.0113135
2.73201,1.06736,0.0286699,8.43e-07,7.85367e-08,4.32662,4096,0.0111471
2.73401,1.04105,0.0287187,8.13583e-07,1.47294e-07,4.6532,4096,0.0139308
2.73601,1.04695,0.0287676,8.27684e-07,1.61352e-07,4.34142,4096,0.0151527
2.73801,1.06888,0.0288243,8.22081e-07,1.57452e-07,4.23768,4096,0.00998462
2.74001,1.02044,0.0288829,8.55522e-07,1.20199e-07,4.17726,4096,0.0152239
2.74201,1.0343,0.0289415,8.16406e-07,6.18675e-08,4.76209,4096,0.0156731
2.74401,1.05137,0.029,8.59131e-07,8.9407e-08,4.13045,4096,0.0139744
2.74601,1.0568,0.0290574,9.47111e-07,1.523e-07,5.40899,4096,0.0127153
2.74801,1.07035,0.0290948,1.08169e-06,1.21829e-07,4.38395,4096,0.0145449
2.75001,1.12047,0.0291241,1.15881e-06,1.02154e-07,4.79681,4096,0.0108255
2.75201,1.04235,0.0291534,1.17492e-06,8.86794e-08,4.57436,4096,0.0132289
2.75401,1.03249,0.029191,1.1721e-06,1.36555e-07,4.64569,4096,0.0113743
2.75601,1.04877,0.02923,1.14944e-06,1.44224e-07,4.3527,4096,0.0112772
2.75801,1.02513,0.0292622,1.16431e-06,1.15106e-07,4.95813,4096,0.0119157
2.76001,1.03751,0.0292915,1.14678e-06,1.23575e-07,4.73345,4096,0.0107792
2.76201,1.04335,0.0293207,1.15944e-06,1.08703e-07,4.3589,4096,0.0115267
2.76401,1.01471,0.0293541,1.1385e-06,6.93108e-08,4.20579,4096,0.0145866
2.76601,1.03272,0.0293853,1.15785e-06,6.0405e-08,5.48254,4096,0.0101732
2.76801,1.05578,0.0294145,1.17268e-06,1.38185e-07,4.38608,4096,0.0110983
2.77001,1.08113,0.0294439,1.12035e-06,1.83034e-07,4.88586,4096,0.0152935
2.77201,1.03988,0.0294729,1.20213e-06,1.75365e-07,4.38175,4096,0.0127811
2.77401,1.05827,0.0294966,1.26351e-06,1.81899e-07,4.90109,4096,0.0129701
2.77601,1.0579,0.0295248,1.24132e-06,1.36948e-07,5.04915,4096,0.013361
2.77801,1.04344,0.0295472,1.29464e-06,1.45592e-07,4.56835,4096,0.011814
2.78001,1.04178,0.0295691,1.26484e-06,1.54192e-07,4.26412,4096,0.0122839
2.78201,1.04523,0.0295886,1.24719e-06,8.27131e-08,4.36976,4096,0.0157241
2.78401,1.043,0.0296081,1.27323e-06,3.6307e-08,4.74408,4096,0.0122353
2.78601,1.0368,0.0296276,1.21734e-06,4.6959e-08,5.4269,4096,0.016294
2.78801,1.0267,0.0296472,1.25912e-06,6.41157e-08,4.6135,4096,0.0127619
2.79001,1.06236,0.0296667,1.25769e-06,5.89644e-08,4.52946,4096,0.0112008
2.79201,1.02245,0.0296874,1.26848e-06,2.60334e-08,4.73611,4096,0.0128583
2.79401,1.05495,0.0297167,1.27609e-06,-2.08383e-08,4.76552,4096,0.0109848
2.79601,1.03469,0.0297486,1.38073e-06,-7.28032e-08,4.90543,4096,0.0141605
2.79801,1.10148,0.0297861,1.42424e-06,-1.2407e-07,4.91519,4096,0.0103524
2.80001,1.04986,0.0298153,1.43742e-06,-1.12166e-07,4.66475,4096,0.0149869
2.80201,1.02527,0.0298446,1.47695e-06,-7.22648e-08,5.15787,4096,0.0122189
2.80401,1.11974,0.0298746,1.4626e-06,-5.41331e-08,4.52591,4096,0.0142572
2.80601,1.02697,0.0299221,1.52437e-06,-5.29399e-08,4.42523,4096,0.0140511
2.80801,1.05128,0.0299646,1.56208e-06,-3.3062e-08,4.24839,4096,0.0153442
2.81001,1.05147,0.0300036,1.58319e-06,-3.70637e-08,4.2421,4096,0.0105787
2.81201,1.04502,0.0300427,1.6009e-06,-5.70581e-08,5.5153,4096,0.0111295
2.81401,1.08317,0.0300818,1.57057e-06,-3.23198e-08,4.69679,4096,0.0108289
2.81601,1.0232,0.0301209,1.61066e-06,-7.05768e-09,4.74418,4096,0.0154522
2.81801,1.00538,0.0301599,1.62616e-06,3.64817e-08,4.46772,4096,0.0114811
2.82001,1.05605,0.0302008,1.62917e-06,1.11992e-07,4.89241,4096,0.0137173
2.82201,1.01638,0.0302491,1.60305e-06,1.156e-07,4.18352,4096,0.0116657
2.82401,1.06284,0.0302979,1.62065e-06,1.39058e-07,4.55715,4096,0.0110591
2.82601,1.03294,0.0303468,1.65196e-06,1.2113e-07,4.49017,4096,0.0114366
2.82801,1.08018,0.0303905,1.63703e-06,1.60682e-07,4.54076,4096,0.0107091
2.83001,1.06399,0.0304295,1.6305e-06,9.15607e-08,4.90165,4096,0.0111869
2.83201,1.06629,0.0304693,1.6394e-06,1.69646e-07,4.50244,4096,0.0128157
2.83401,1.05658,0.0305179,1.70149e-06,2.78145e-07,4.26983,4096,0.013083
2.83601,1.06302,0.0305602,1.75546e-06,3.07584e-07,4.94699,4096,0.0124864
2.83801,1.06549,0.0306077,1.77691e-06,3.1841e-07,4.5609,4096,0.0119202
2.84001,1.08991,0.0306565,1.78706e-06,3.27942e-07,5.04917,4096,0.0148833
2.84201,1.0504,0.0307053,1.71323e-06,3.83807e-07,4.53584,4096,0.0110927
2.84401,1.06572,0.0307542,1.73859e-06,3.85073e-07,4.16707,4096,0.0121345
2.84601,1.04995,0.030803,1.75938e-06,3.553e-07,4.41873,4096,0.0110412
2.84801,1.03893,0.0308519,1.74141e-06,4.37241e-07,4.58665,4096,0.0137667
2.85001,1.02744,0.0309007,1.78102e-06,4.70834e-07,4.47734,4096,0.0126794
2.85201,1.01272,0.0309496,1.79742e-06,4.51444e-07,4.69639,4096,0.0114816
2.85401,1.02818,0.0309984,1.86416e-06,4.75848e-07,5.49961,4096,0.0108246
2.85601,1.03715,0.0310472,1.92136e-06,4.80839e-07,4.66558,4096,0.0108034
2.85801,1.07457,0.0310987,1.93986e-06,5.28918e-07,5.47777,4096,0.0137174
2.86001,1.0234,0.0311572,1.91312e-06,5.70944e-07,4.38547,4096,0.0140594
2.86201,1.07641,0.0312158,1.8884e-06,6.01765e-07,4.84839,4096,0.0109623
2.86401,1.07386,0.0312745,1.89742e-06,5.771e-07,4.423,4096,0.00995762
2.86601,1.02272,0.0313331,1.87794e-06,5.49786e-07,4.67943,4096,0.0137224
2.86801,1.04132,0.0313917,1.85295e-06,5.72749e-07,4.43728,4096,0.0103512
2.87001,1.04954,0.0314503,1.78438e-06,5.65677e-07,4.43404,4096,0.0105568
2.87201,1.06041,0.0315089,1.70842e-06,6.25761e-07,4.94308,4096,0.0153079
2.87401,1.08095,0.0315675,1.67324e-06,6.15983e-07,4.7918,4096,0.0192842
2.87601,1.0457,0.0316261,1.63626e-06,5.78293e-07,4.22594,4096,0.013816
2.87801,1.01001,0.0316846,1.69623e-06,6.17612e-07,4.25905,4096,0.0143019
2.88001,1.04851,0.0317487,1.74147e-06,5.87243e-07,4.22876,4096,0.0110634
2.88201,1.08659,0.0318171,1.71999e-06,5.82615e-07,4.73323,4096,0.0112057
2.88401,1.09699,0.0318853,1.72231e-06,5.61129e-07,5.17708,4096,0.0115346
2.88601,1.05394,0.0319518,1.77501e-06,5.50208e-07,4.4903,4096,0.0117213
2.88801,1.06122,0.0320202,1.7932e-06,5.53875e-07,4.5184,4096,0.0101459
2.89001,1.01929,0.0320886,1.76577e-06,5.72065e-07,5.14184,4096,0.0123072
2.89201,1.05242,0.032157,1.73328e-06,5.72778e-07,4.10113,4096,0.0123091
2.89401,1.07709,0.0322253,1.79549e-06,5.42495e-07,4.69617,4096,0.0111468
2.89601,1.04419,0.0322936,1.77743e-06,5.5015e-07,4.39984,4096,0.0113675
2.89801,1.03816,0.0323619,1.72198e-06,5.91084e-07,4.9721,4096,0.0110529
2.90001,1.06899,0.0324302,1.62558e-06,6.08692e-07,4.57273,4096,0.0118256
2.90201,1.03806,0.0324986,1.55224e-06,5.81014e-07,4.6844,4096,0.0111409
2.90401,1.04103,0.032567,1.55446e-06,5.84972e-07,4.4131,4096,0.00983397
2.90601,1.06639,0.0326353,1.55586e-06,5.98826e-07,4.36826,4096,0.0118843
2.90801,1.03651,0.0327037,1.5347e-06,6.94374e-07,4.14721,4096,0.0134891
2.91001,1.08697,0.0327721,1.46631e-06,6.90561e-07,4.6474,4096,0.012845
2.91201,1.07641,0.0328405,1.45438e-06,7.21979e-07,4.72762,4096,0.0176521
2.91401,1.06053,0.0329089,1.47894e-06,6.26707e-07,4.88593,4096,0.0118883
2.91601,1.0201,0.0329773,1.53786e-06,6.3685e-07,4.6417,4096,0.013347
2.91801,1.10525,0.0330456,1.57078e-06,6.07004e-07,4.72024,4096,0.0150417
2.92001,1.04997,0.033114,1.59138e-06,5.98317e-07,4.4837,4096,0.0111584
2.92201,1.03883,0.0331823,1.58985e-06,5.93544e-07,4.70822,4096,0.0129488
2.92401,1.0227,0.0332507,1.57364e-06,6.08488e-07,4.87113,4096,0.0110072
2.92601,1.04534,0.033319,1.58889e-06,5.52536e-07,4.69448,4096,0.0108277
2.92801,1.02747,0.0333873,1.59816e-06,5.81465e-07,4.53875,4096,0.014697
2.93001,1.06012,0.0334556,1.61842e-06,6.01081e-07,5.1901,4096,0.0118097
2.93201,1.08811,0.0335239,1.66231e-06,5.80614e-07,4.88304,4096,0.0131781
2.93401,1.04974,0.0335922,1.65784e-06,5.10976e-07,4.94634,4096,0.0102738
2.93601,1.0622,0.0336606,1.60745e-06,5.17684e-07,4.34888,4096,0.010584
2.93801,1.04233,0.0337336,1.68508e-06,6.08197e-07,4.75593,4096,0.0106315
2.94001,1.07179,0.0338117,1.65123e-06,5.99568e-07,4.44853,4096,0.0125655
2.94201,1.03253,0.0338899,1.71734e-06,5.57258e-07,4.50972,4096,0.0109341
2.94401,1.03173,0.033968,1.73703e-06,5.95843e-07,5.14589,4096,0.0107478
2.94601,1.07901,0.0340461,1.69573e-06,5.63727e-07,4.98397,4096,0.0106237
2.94801,1.02705,0.0341242,1.7319e-06,6.28817e-07,4.10363,4096,0.0141087
2.95001,1.04653,0.0342023,1.78917e-06,7.19752e-07,4.26247,4096,0.0140968
2.95201,1.04716,0.0342805,1.83217e-06,6.77217e-07,4.80313,4096,0.010688
2.95401,1.03703,0.0343587,1.77801e-06,5.75063e-07,4.54721,4096,0.0131664
2.95601,1.04196,0.0344368,1.77456e-06,5.51023e-07,4.20216,4096,0.013011
2.95801,1.02852,0.0345148,1.80227e-06,5.49087e-07,4.58785,4096,0.0128887
2.96001,1.05237,0.034593,1.80096e-06,4.97515e-07,4.40446,4096,0.0140728
2.96201,1.10132,0.0346711,1.78863e-06,4.37838e-07,4.58461,4096,0.0127568
2.96401,1.04693,0.0347492,1.80346e-06,3.56624e-07,5.02009,4096,0.0115947
2.96601,1.07407,0.0348363,1.81902e-06,3.65326e-07,4.94476,4096,0.0103932
2.96801,1.04083,0.0349197,1.85306e-06,4.09709e-07,4.33836,4096,0.0165689
2.97001,1.05881,0.0349978,1.86257e-06,4.57076e-07,4.23878,4096,0.014185
2.97201,1.06397,0.035076,1.81409e-06,4.86718e-07,4.74817,4096,0.0115642
2.97401,1.05674,0.0351541,1.90028e-06,5.02099e-07,4.55157,4096,0.0110111
2.97601,1.03701,0.0352329,1.90738e-06,4.29529e-07,4.58531,4096,0.0106313
2.97801,0.999857,0.0353136,1.8507e-06,4.74414e-07,4.27368,4096,0.0131714
2.98001,1.05235,0.0353917,1.87742e-06,4.19022e-07,4.45296,4096,0.0138025
2.98201,1.04173,0.0354732,1.9181e-06,3.70084e-07,4.36296,4096,0.0136485
2.98401,1.03854,0.0355612,1.84092e-06,3.68294e-07,4.70685,4096,0.0104905
2.98601,1.07917,0.035649,1.81745e-06,3.63958e-07,4.58194,4096,0.0139478
2.98801,1.0382,0.035737,1.79181e-06,3.2362e-07,4.86112,4096,0.0112572
2.99001,1.04249,0.0358249,1.75764e-06,2.98634e-07,5.01946,4096,0.0130694
2.99201,1.03994,0.0359127,1.79015e-06,3.70244e-07,4.09794,4096,0.0122908
2.99401,1.06107,0.0360006,1.79684e-06,3.14059e-07,4.51603,4096,0.0171212
2.99601,1.05737,0.0360885,1.78405e-06,3.47078e-07,4.48182,4096,0.00996661
2.99801,1.02076,0.0361764,1.79801e-06,3.84782e-07,4.83797,4096,0.0108926
3.00001,1.08574,0.0362642,1.82005e-06,4.16636e-07,4.34831,4096,0.0123214
3.00201,1.06522,0.0363521,1.8367e-06,4.83487e-07,4.45012,4096,0.0147751
3.00401,1.03332,0.03644,1.87574e-06,4.9542e-07,4.30702,4096,0.010968
3.00601,1.05213,0.0365279,1.89646e-06,4.34302e-07,4.56663,4096,0.0096525
3.00801,1.0741,0.0366158,1.88831e-06,4.34564e-07,5.14604,4096,0.0128205
3.01001,1.05597,0.0367036,1.84787e-06,3.99421e-07,4.49766,4096,0.0126886
3.01201,1.04457,0.0367916,1.87442e-06,4.13638e-07,4.05541,4096,0.0110317
3.01401,1.04132,0.03688,1.84856e-06,4.20347e-07,4.73092,4096,0.0101862
3.01601,1.02764,0.0369761,1.83316e-06,3.72747e-07,4.7376,4096,0.0138456
3.01801,1.03991,0.0370654,1.87062e-06,4.06792e-07,4.79931,4096,0.0107088
3.02001,1.0914,0.0371532,1.8436e-06,3.23053e-07,4.54866,4096,0.0114309
3.02201,1.04393,0.0372428,1.82891e-06,3.26094e-07,4.61918,4096,0.0110076
3.02401,1.05137,0.0373361,1.81141e-06,2.81398e-07,4.46457,4096,0.0130292
3.02601,1.05104,0.0374337,1.84822e-06,3.30343e-07,4.54872,4096,0.0103937
3.02801,1.03293,0.0375313,1.95166e-06,4.08865e-07,4.32873,4096,0.0104011
3.03001,1.03497,0.0376289,1.86048e-06,4.61339e-07,4.57209,4096,0.020944
3.03201,1.04493,0.0377265,1.83011e-06,4.21496e-07,4.41672,4096,0.0112415
3.03401,1.05331,0.0378242,1.80361e-06,4.64977e-07,4.20449,4096,0.00974516
