<?xml version='1.0' encoding='utf-8'?>
<VTKFile type="PolyData" version="0.1" byte_order="LittleEndian">
  <PolyData>
    <Piece NumberOfPoints="754" NumberOfVerts="0" NumberOfLines="1" NumberOfStrips="0" NumberOfPolys="0">
      <PointData>
        <DataArray type="Float64" Name="particle_id" format="ascii">1 1 1 1 1 1 1 1 1 1 1 1 1 1 1 1 1 1 1 1 1 1 1 1 1 1 1 1 1 1 1 1 1 1 1 1 1 1 1 1 1 1 1 1 1 1 1 1 1 1 1 1 1 1 1 1 1 1 1 1 1 1 1 1 1 1 1 1 1 1 1 1 1 1 1 1 1 1 1 1 1 1 1 1 1 1 1 1 1 1 1 1 1 1 1 1 1 1 1 1 1 1 1 1 1 1 1 1 1 1 1 1 1 1 1 1 1 1 1 1 1 1 1 1 1 1 1 1 1 1 1 1 1 1 1 1 1 1 1 1 1 1 1 1 1 1 1 1 1 1 1 1 1 1 1 1 1 1 1 1 1 1 1 1 1 1 1 1 1 1 1 1 1 1 1 1 1 1 1 1 1 1 1 1 1 1 1 1 1 1 1 1 1 1 1 1 1 1 1 1 1 1 1 1 1 1 1 1 1 1 1 1 1 1 1 1 1 1 1 1 1 1 1 1 1 1 1 1 1 1 1 1 1 1 1 1 1 1 1 1 1 1 1 1 1 1 1 1 1 1 1 1 1 1 1 1 1 1 1 1 1 1 1 1 1 1 1 1 1 1 1 1 1 1 1 1 1 1 1 1 1 1 1 1 1 1 1 1 1 1 1 1 1 1 1 1 1 1 1 1 1 1 1 1 1 1 1 1 1 1 1 1 1 1 1 1 1 1 1 1 1 1 1 1 1 1 1 1 1 1 1 1 1 1 1 1 1 1 1 1 1 1 1 1 1 1 1 1 1 1 1 1 1 1 1 1 1 1 1 1 1 1 1 1 1 1 1 1 1 1 1 1 1 1 1 1 1 1 1 1 1 1 1 1 1 1 1 1 1 1 1 1 1 1 1 1 1 1 1 1 1 1 1 1 1 1 1 1 1 1 1 1 1 1 1 1 1 1 1 1 1 1 1 1 1 1 1 1 1 1 1 1 1 1 1 1 1 1 1 1 1 1 1 1 1 1 1 1 1 1 1 1 1 1 1 1 1 1 1 1 1 1 1 1 1 1 1 1 1 1 1 1 1 1 1 1 1 1 1 1 1 1 1 1 1 1 1 1 1 1 1 1 1 1 1 1 1 1 1 1 1 1 1 1 1 1 1 1 1 1 1 1 1 1 1 1 1 1 1 1 1 1 1 1 1 1 1 1 1 1 1 1 1 1 1 1 1 1 1 1 1 1 1 1 1 1 1 1 1 1 1 1 1 1 1 1 1 1 1 1 1 1 1 1 1 1 1 1 1 1 1 1 1 1 1 1 1 1 1 1 1 1 1 1 1 1 1 1 1 1 1 1 1 1 1 1 1 1 1 1 1 1 1 1 1 1 1 1 1 1 1 1 1 1 1 1 1 1 1 1 1 1 1 1 1 1 1 1 1 1 1 1 1 1 1 1 1 1 1 1 1 1 1 1 1 1 1 1 1 1 1 1 1 1 1 1 1 1 1 1 1 1 1 1 1 1 1 1 1 1 1 1 1 1 1 1 1 1 1 1 1 1 1 1 1 1 1 1 1 1 1 1 1 1 1 1 1 1 1 1 1 1 1 1 1 1 1 1 1 1 1 1 1 1 1 1 1 1 1 1 1 1 1 1 1 1 1 1 1 1 1 1 1 1 1 1 1 1 1 1 1 1 1 1 1 1 1 1 1 1 1 1 1 1</DataArray>
        <DataArray type="Float64" Name="time_s" format="ascii">0 0.00023166997682314683 0.00046333995364629366 0.00069500993046944055 0.00092667990729258733 0.0011583498841157341 0.0013900198609388811 0.0016216898377620279 0.0018533598145851747 0.0020850297914083217 0.0023166997682314682 0.0025483697450546152 0.0027800397218777622 0.0030117096987009088 0.0032433796755240558 0.0034750496523472023 0.0037067196291703493 0.0039383896059934963 0.0041700595828166433 0.0044017295596397894 0.0046333995364629364 0.0048650695132860834 0.0050967394901092304 0.0053284094669323774 0.0055600794437555244 0.0057917494205786705 0.0060234193974018175 0.0062550893742249645 0.0064867593510481115 0.0067184293278712585 0.0069500993046944046 0.0071817692815175516 0.0074134392583406986 0.0076451092351638456 0.0078767792119869926 0.0081084491888101396 0.0083401191656332866 0.0085717891424564336 0.0088034591192795789 0.0090351290961027259 0.0092667990729258728 0.0094984690497490198 0.0097301390265721668 0.0099618090033953138 0.010193478980218461 0.010425148957041608 0.010656818933864755 0.010888488910687902 0.011120158887511049 0.011351828864334194 0.011583498841157341 0.011815168817980488 0.012046838794803635 0.012278508771626782 0.012510178748449929 0.012741848725273076 0.012973518702096223 0.01320518867891937 0.013436858655742517 0.013668528632565662 0.013900198609388809 0.014131868586211956 0.014363538563035103 0.01459520853985825 0.014826878516681397 0.015058548493504544 0.015290218470327691 0.015521888447150838 0.015753558423973985 0.015985228400797132 0.016216898377620279 0.016448568354443426 0.016680238331266573 0.01691190830808972 0.017143578284912867 0.017375248261736011 0.017606918238559158 0.017838588215382305 0.018070258192205452 0.018301928169028599 0.018533598145851746 0.018765268122674893 0.01899693809949804 0.019228608076321187 0.019460278053144334 0.019691948029967481 0.019923618006790628 0.020155287983613775 0.020386957960436922 0.020618627937260069 0.020850297914083216 0.021081967890906363 0.02131363786772951 0.021545307844552657 0.021776977821375804 0.022008647798198951 0.022240317775022098 0.022471987751845241 0.022703657728668388 0.022935327705491535 0.023166997682314682 0.023398667659137829 0.023630337635960976 0.023862007612784123 0.02409367758960727 0.024325347566430417 0.024557017543253564 0.024788687520076711 0.025020357496899858 0.025252027473723005 0.025483697450546152 0.025715367427369299 0.025947037404192446 0.026178707381015593 0.02641037735783874 0.026642047334661887 0.026873717311485034 0.027105387288308181 0.027337057265131325 0.027568727241954472 0.027800397218777619 0.028032067195600766 0.028263737172423913 0.02849540714924706 0.028727077126070207 0.028958747102893354 0.029190417079716501 0.029422087056539648 0.029653757033362795 0.029885427010185941 0.030117096987009088 0.030348766963832235 0.030580436940655382 0.030812106917478529 0.031043776894301676 0.031275446871124823 0.03150711684794797 0.031738786824771117 0.031970456801594264 0.032202126778417411 0.032433796755240558 0.032665466732063705 0.032897136708886852 0.033128806685709999 0.033360476662533146 0.033592146639356293 0.03382381661617944 0.034055486593002587 0.034287156569825734 0.034518826546648881 0.034750496523472021 0.034982166500295168 0.035213836477118315 0.035445506453941462 0.035677176430764609 0.035908846407587756 0.036140516384410903 0.03637218636123405 0.036603856338057197 0.036835526314880344 0.037067196291703491 0.037298866268526638 0.037530536245349785 0.037762206222172932 0.037993876198996079 0.038225546175819226 0.038457216152642373 0.03868888612946552 0.038920556106288667 0.039152226083111814 0.039383896059934961 0.039615566036758108 0.039847236013581255 0.040078905990404402 0.040310575967227549 0.040542245944050696 0.040773915920873843 0.04100558589769699 0.041237255874520137 0.041468925851343284 0.041700595828166431 0.041932265804989578 0.042163935781812725 0.042395605758635872 0.042627275735459019 0.042858945712282166 0.043090615689105313 0.04332228566592846 0.043553955642751607 0.043785625619574754 0.044017295596397901 0.044248965573221048 0.044480635550044195 0.044712305526867335 0.044943975503690482 0.045175645480513629 0.045407315457336776 0.045638985434159923 0.04587065541098307 0.046102325387806217 0.046333995364629364 0.046565665341452511 0.046797335318275658 0.047029005295098805 0.047260675271921952 0.047492345248745099 0.047724015225568246 0.047955685202391393 0.04818735517921454 0.048419025156037687 0.048650695132860834 0.048882365109683981 0.049114035086507128 0.049345705063330275 0.049577375040153422 0.049809045016976569 0.050040714993799716 0.050272384970622863 0.05050405494744601 0.050735724924269157 0.050967394901092304 0.051199064877915451 0.051430734854738598 0.051662404831561745 0.051894074808384892 0.052125744785208039 0.052357414762031186 0.052589084738854333 0.05282075471567748 0.053052424692500627 0.053284094669323774 0.053515764646146921 0.053747434622970068 0.053979104599793215 0.054210774576616362 0.054442444553439502 0.054674114530262649 0.054905784507085796 0.055137454483908943 0.05536912446073209 0.055600794437555237 0.055832464414378384 0.056064134391201531 0.056295804368024678 0.056527474344847825 0.056759144321670972 0.056990814298494119 0.057222484275317266 0.057454154252140413 0.05768582422896356 0.057917494205786707 0.058149164182609854 0.058380834159433001 0.058612504136256148 0.058844174113079295 0.059075844089902442 0.059307514066725589 0.059539184043548736 0.059770854020371883 0.06000252399719503 0.060234193974018177 0.060465863950841324 0.060697533927664471 0.060929203904487618 0.061160873881310765 0.061392543858133912 0.061624213834957059 0.061855883811780206 0.062087553788603353 0.0623192237654265 0.062550893742249647 0.062782563719072787 0.063014233695895941 0.063245903672719081 0.063477573649542235 0.063709243626365375 0.063940913603188529 0.064172583580011669 0.064404253556834823 0.064635923533657963 0.064867593510481117 0.065099263487304257 0.065330933464127411 0.065562603440950551 0.065794273417773705 0.066025943394596845 0.066257613371419999 0.066489283348243139 0.066720953325066293 0.066952623301889433 0.067184293278712587 0.067415963255535727 0.067647633232358881 0.067879303209182021 0.068110973186005175 0.068342643162828315 0.068574313139651469 0.068805983116474609 0.069037653093297763 0.069269323070120903 0.069500993046944043 0.069732663023767197 0.069964333000590337 0.070196002977413491 0.070427672954236631 0.070659342931059785 0.070891012907882925 0.071122682884706079 0.071354352861529219 0.071586022838352373 0.071817692815175513 0.072049362791998667 0.072281032768821807 0.072512702745644961 0.072744372722468101 0.072976042699291255 0.073207712676114395 0.073439382652937549 0.073671052629760689 0.073902722606583843 0.074134392583406983 0.074366062560230137 0.074597732537053277 0.074829402513876431 0.075061072490699571 0.075292742467522725 0.075524412444345865 0.075756082421169019 0.075987752397992159 0.076219422374815313 0.076451092351638453 0.076682762328461607 0.076914432305284747 0.077146102282107901 0.077377772258931041 0.077609442235754195 0.077841112212577335 0.078072782189400489 0.078304452166223629 0.078536122143046783 0.078767792119869923 0.078999462096693077 0.079231132073516217 0.079462802050339357 0.079694472027162511 0.079926142003985651 0.080157811980808805 0.080389481957631945 0.080621151934455099 0.080852821911278239 0.081084491888101393 0.081316161864924533 0.081547831841747687 0.081779501818570827 0.082011171795393981 0.082242841772217121 0.082474511749040275 0.082706181725863415 0.082937851702686569 0.083169521679509709 0.083401191656332863 0.083632861633156003 0.083864531609979157 0.084096201586802297 0.084327871563625451 0.084559541540448591 0.084791211517271745 0.085022881494094885 0.085254551470918039 0.085486221447741179 0.085717891424564333 0.085949561401387473 0.086181231378210627 0.086412901355033767 0.086644571331856921 0.086876241308680061 0.087107911285503214 0.087339581262326355 0.087571251239149508 0.087802921215972649 0.088034591192795802 0.088266261169618943 0.088497931146442096 0.088729601123265237 0.08896127110008839 0.089192941076911531 0.089424611053734671 0.089656281030557824 0.089887951007380965 0.090119620984204118 0.090351290961027259 0.090582960937850412 0.090814630914673553 0.091046300891496706 0.091277970868319847 0.091509640845143 0.091741310821966141 0.091972980798789294 0.092204650775612434 0.092436320752435588 0.092667990729258728 0.092899660706081882 0.093131330682905022 0.093363000659728176 0.093594670636551316 0.09382634061337447 0.09405801059019761 0.094289680567020764 0.094521350543843904 0.094753020520667058 0.094984690497490198 0.095216360474313352 0.095448030451136492 0.095679700427959646 0.095911370404782786 0.09614304038160594 0.09637471035842908 0.096606380335252234 0.096838050312075374 0.097069720288898528 0.097301390265721668 0.097533060242544822 0.097764730219367962 0.097996400196191116 0.098228070173014256 0.09845974014983741 0.09869141012666055 0.09892308010348369 0.099154750080306844 0.099386420057129984 0.099618090033953138 0.099849760010776278 0.10008142998759943 0.10031309996442257 0.10054476994124573 0.10077643991806887 0.10100810989489202 0.10123977987171516 0.10147144984853831 0.10170311982536145 0.10193478980218461 0.10216645977900775 0.1023981297558309 0.10262979973265404 0.1028614697094772 0.10309313968630034 0.10332480966312349 0.10355647963994663 0.10378814961676978 0.10401981959359292 0.10425148957041608 0.10448315954723922 0.10471482952406237 0.10494649950088551 0.10517816947770867 0.10540983945453181 0.10564150943135496 0.1058731794081781 0.10610484938500125 0.10633651936182439 0.10656818933864755 0.10679985931547069 0.10703152929229384 0.10726319926911698 0.10749486924594014 0.10772653922276328 0.10795820919958643 0.10818987917640957 0.10842154915323272 0.10865321913005586 0.108884889106879 0.10911655908370216 0.1093482290605253 0.10957989903734845 0.10981156901417159 0.11004323899099475 0.11027490896781789 0.11050657894464104 0.11073824892146418 0.11096991889828733 0.11120158887511047 0.11143325885193363 0.11166492882875677 0.11189659880557992 0.11212826878240306 0.11235993875922622 0.11259160873604936 0.11282327871287251 0.11305494868969565 0.1132866186665188 0.11351828864334194 0.1137499586201651 0.11398162859698824 0.11421329857381139 0.11444496855063453 0.11467663852745769 0.11490830850428083 0.11513997848110398 0.11537164845792712 0.11560331843475027 0.11583498841157341 0.11606665838839657 0.11629832836521971 0.11652999834204286 0.116761668318866 0.11699333829568916 0.1172250082725123 0.11745667824933545 0.11768834822615859 0.11792001820298174 0.11815168817980488 0.11838335815662804 0.11861502813345118 0.11884669811027432 0.11907836808709747 0.11931003806392061 0.11954170804074377 0.11977337801756691 0.12000504799439006 0.1202367179712132 0.12046838794803635 0.12070005792485949 0.12093172790168265 0.12116339787850579 0.12139506785532894 0.12162673783215208 0.12185840780897524 0.12209007778579838 0.12232174776262153 0.12255341773944467 0.12278508771626782 0.12301675769309096 0.12324842766991412 0.12348009764673726 0.12371176762356041 0.12394343760038355 0.12417510757720671 0.12440677755402985 0.124638447530853 0.12487011750767614 0.12510178748449929 0.12533345746132243 0.12556512743814557 0.12579679741496874 0.12602846739179188 0.12626013736861502 0.12649180734543816 0.12672347732226133 0.12695514729908447 0.12718681727590761 0.12741848725273075 0.12765015722955392 0.12788182720637706 0.1281134971832002 0.12834516716002334 0.12857683713684648 0.12880850711366965 0.12904017709049279 0.12927184706731593 0.12950351704413907 0.12973518702096223 0.12996685699778537 0.13019852697460851 0.13043019695143165 0.13066186692825482 0.13089353690507796 0.1311252068819011 0.13135687685872424 0.13158854683554741 0.13182021681237055 0.13205188678919369 0.13228355676601683 0.13251522674284 0.13274689671966314 0.13297856669648628 0.13321023667330942 0.13344190665013259 0.13367357662695573 0.13390524660377887 0.13413691658060201 0.13436858655742517 0.13460025653424831 0.13483192651107145 0.13506359648789459 0.13529526646471776 0.1355269364415409 0.13575860641836404 0.13599027639518718 0.13622194637201035 0.13645361634883349 0.13668528632565663 0.13691695630247977 0.13714862627930294 0.13738029625612608 0.13761196623294922 0.13784363620977236 0.13807530618659553 0.13830697616341867 0.13853864614024181 0.13877031611706495 0.13900198609388809 0.13923365607071125 0.13946532604753439 0.13969699602435753 0.13992866600118067 0.14016033597800384 0.14039200595482698 0.14062367593165012 0.14085534590847326 0.14108701588529643 0.14131868586211957 0.14155035583894271 0.14178202581576585 0.14201369579258902 0.14224536576941216 0.1424770357462353 0.14270870572305844 0.14294037569988161 0.14317204567670475 0.14340371565352789 0.14363538563035103 0.14386705560717419 0.14409872558399733 0.14433039556082047 0.14456206553764361 0.14479373551446678 0.14502540549128992 0.14525707546811306 0.1454887454449362 0.14572041542175937 0.14595208539858251 0.14618375537540565 0.14641542535222879 0.14664709532905196 0.1468787653058751 0.14711043528269824 0.14734210525952138 0.14757377523634455 0.14780544521316769 0.14803711518999083 0.14826878516681397 0.14850045514363711 0.14873212512046027 0.14896379509728341 0.14919546507410655 0.14942713505092969 0.14965880502775286 0.149890475004576 0.15012214498139914 0.15035381495822228 0.15058548493504545 0.15081715491186859 0.15104882488869173 0.15128049486551487 0.15151216484233804 0.15174383481916118 0.15197550479598432 0.15220717477280746 0.15243884474963063 0.15267051472645377 0.15290218470327691 0.15313385468010005 0.15336552465692321 0.15359719463374635 0.15382886461056949 0.15406053458739263 0.1542922045642158 0.15452387454103894 0.15475554451786208 0.15498721449468522 0.15521888447150839 0.15545055444833153 0.15568222442515467 0.15591389440197781 0.15614556437880098 0.15637723435562412 0.15660890433244726 0.1568405743092704 0.15707224428609357 0.15730391426291671 0.15753558423973985 0.15776725421656299 0.15799892419338615 0.15823059417020929 0.15846226414703243 0.15869393412385557 0.15892560410067871 0.15915727407750188 0.15938894405432502 0.15962061403114816 0.1598522840079713 0.16008395398479447 0.16031562396161761 0.16054729393844075 0.16077896391526389 0.16101063389208706 0.1612423038689102 0.16147397384573334 0.16170564382255648 0.16193731379937965 0.16216898377620279 0.16240065375302593 0.16263232372984907 0.16286399370667223 0.16309566368349537 0.16332733366031851 0.16355900363714165 0.16379067361396482 0.16402234359078796 0.1642540135676111 0.16448568354443424 0.16471735352125741 0.16494902349808055 0.16518069347490369 0.16541236345172683 0.16564403342855 0.16587570340537314 0.16610737338219628 0.16633904335901942 0.16657071333584259 0.16680238331266573 0.16703405328948887 0.16726572326631201 0.16749739324313517 0.16772906321995831 0.16796073319678145 0.16819240317360459 0.16842407315042773 0.1686557431272509 0.16888741310407404 0.16911908308089718 0.16935075305772032 0.16958242303454349 0.16981409301136663 0.17004576298818977 0.17027743296501291 0.17050910294183608 0.17074077291865922 0.17097244289548236 0.1712041128723055 0.17143578284912867 0.17166745282595181 0.17189912280277495 0.17213079277959809 0.17236246275642125 0.17259413273324439 0.17282580271006753 0.17305747268689067 0.17328914266371384 0.17352081264053698 0.17375248261736012 0.17398415259418326 0.17421582257100643 0.17433165755941799</DataArray>
        <DataArray type="Float64" Name="diameter_um" format="ascii">1.9429000435380954 1.9429000435380954 1.9429000435380954 1.9429000435380954 1.9429000435380954 1.9429000435380954 1.9429000435380954 1.9429000435380954 1.9429000435380954 1.9429000435380954 1.9429000435380954 1.9429000435380954 1.9429000435380954 1.9429000435380954 1.9429000435380954 1.9429000435380954 1.9429000435380954 1.9429000435380954 1.9429000435380954 1.9429000435380954 1.9429000435380954 1.9429000435380954 1.9429000435380954 1.9429000435380954 1.9429000435380954 1.9429000435380954 1.9429000435380954 1.9429000435380954 1.9429000435380954 1.9429000435380954 1.9429000435380954 1.9429000435380954 1.9429000435380954 1.9429000435380954 1.9429000435380954 1.9429000435380954 1.9429000435380954 1.9429000435380954 1.9429000435380954 1.9429000435380954 1.9429000435380954 1.9429000435380954 1.9429000435380954 1.9429000435380954 1.9429000435380954 1.9429000435380954 1.9429000435380954 1.9429000435380954 1.9429000435380954 1.9429000435380954 1.9429000435380954 1.9429000435380954 1.9429000435380954 1.9429000435380954 1.9429000435380954 1.9429000435380954 1.9429000435380954 1.9429000435380954 1.9429000435380954 1.9429000435380954 1.9429000435380954 1.9429000435380954 1.9429000435380954 1.9429000435380954 1.9429000435380954 1.9429000435380954 1.9429000435380954 1.9429000435380954 1.9429000435380954 1.9429000435380954 1.9429000435380954 1.9429000435380954 1.9429000435380954 1.9429000435380954 1.9429000435380954 1.9429000435380954 1.9429000435380954 1.9429000435380954 1.9429000435380954 1.9429000435380954 1.9429000435380954 1.9429000435380954 1.9429000435380954 1.9429000435380954 1.9429000435380954 1.9429000435380954 1.9429000435380954 1.9429000435380954 1.9429000435380954 1.9429000435380954 1.9429000435380954 1.9429000435380954 1.9429000435380954 1.9429000435380954 1.9429000435380954 1.9429000435380954 1.9429000435380954 1.9429000435380954 1.9429000435380954 1.9429000435380954 1.9429000435380954 1.9429000435380954 1.9429000435380954 1.9429000435380954 1.9429000435380954 1.9429000435380954 1.9429000435380954 1.9429000435380954 1.9429000435380954 1.9429000435380954 1.9429000435380954 1.9429000435380954 1.9429000435380954 1.9429000435380954 1.9429000435380954 1.9429000435380954 1.9429000435380954 1.9429000435380954 1.9429000435380954 1.9429000435380954 1.9429000435380954 1.9429000435380954 1.9429000435380954 1.9429000435380954 1.9429000435380954 1.9429000435380954 1.9429000435380954 1.9429000435380954 1.9429000435380954 1.9429000435380954 1.9429000435380954 1.9429000435380954 1.9429000435380954 1.9429000435380954 1.9429000435380954 1.9429000435380954 1.9429000435380954 1.9429000435380954 1.9429000435380954 1.9429000435380954 1.9429000435380954 1.9429000435380954 1.9429000435380954 1.9429000435380954 1.9429000435380954 1.9429000435380954 1.9429000435380954 1.9429000435380954 1.9429000435380954 1.9429000435380954 1.9429000435380954 1.9429000435380954 1.9429000435380954 1.9429000435380954 1.9429000435380954 1.9429000435380954 1.9429000435380954 1.9429000435380954 1.9429000435380954 1.9429000435380954 1.9429000435380954 1.9429000435380954 1.9429000435380954 1.9429000435380954 1.9429000435380954 1.9429000435380954 1.9429000435380954 1.9429000435380954 1.9429000435380954 1.9429000435380954 1.9429000435380954 1.9429000435380954 1.9429000435380954 1.9429000435380954 1.9429000435380954 1.9429000435380954 1.9429000435380954 1.9429000435380954 1.9429000435380954 1.9429000435380954 1.9429000435380954 1.9429000435380954 1.9429000435380954 1.9429000435380954 1.9429000435380954 1.9429000435380954 1.9429000435380954 1.9429000435380954 1.9429000435380954 1.9429000435380954 1.9429000435380954 1.9429000435380954 1.9429000435380954 1.9429000435380954 1.9429000435380954 1.9429000435380954 1.9429000435380954 1.9429000435380954 1.9429000435380954 1.9429000435380954 1.9429000435380954 1.9429000435380954 1.9429000435380954 1.9429000435380954 1.9429000435380954 1.9429000435380954 1.9429000435380954 1.9429000435380954 1.9429000435380954 1.9429000435380954 1.9429000435380954 1.9429000435380954 1.9429000435380954 1.9429000435380954 1.9429000435380954 1.9429000435380954 1.9429000435380954 1.9429000435380954 1.9429000435380954 1.9429000435380954 1.9429000435380954 1.9429000435380954 1.9429000435380954 1.9429000435380954 1.9429000435380954 1.9429000435380954 1.9429000435380954 1.9429000435380954 1.9429000435380954 1.9429000435380954 1.9429000435380954 1.9429000435380954 1.9429000435380954 1.9429000435380954 1.9429000435380954 1.9429000435380954 1.9429000435380954 1.9429000435380954 1.9429000435380954 1.9429000435380954 1.9429000435380954 1.9429000435380954 1.9429000435380954 1.9429000435380954 1.9429000435380954 1.9429000435380954 1.9429000435380954 1.9429000435380954 1.9429000435380954 1.9429000435380954 1.9429000435380954 1.9429000435380954 1.9429000435380954 1.9429000435380954 1.9429000435380954 1.9429000435380954 1.9429000435380954 1.9429000435380954 1.9429000435380954 1.9429000435380954 1.9429000435380954 1.9429000435380954 1.9429000435380954 1.9429000435380954 1.9429000435380954 1.9429000435380954 1.9429000435380954 1.9429000435380954 1.9429000435380954 1.9429000435380954 1.9429000435380954 1.9429000435380954 1.9429000435380954 1.9429000435380954 1.9429000435380954 1.9429000435380954 1.9429000435380954 1.9429000435380954 1.9429000435380954 1.9429000435380954 1.9429000435380954 1.9429000435380954 1.9429000435380954 1.9429000435380954 1.9429000435380954 1.9429000435380954 1.9429000435380954 1.9429000435380954 1.9429000435380954 1.9429000435380954 1.9429000435380954 1.9429000435380954 1.9429000435380954 1.9429000435380954 1.9429000435380954 1.9429000435380954 1.9429000435380954 1.9429000435380954 1.9429000435380954 1.9429000435380954 1.9429000435380954 1.9429000435380954 1.9429000435380954 1.9429000435380954 1.9429000435380954 1.9429000435380954 1.9429000435380954 1.9429000435380954 1.9429000435380954 1.9429000435380954 1.9429000435380954 1.9429000435380954 1.9429000435380954 1.9429000435380954 1.9429000435380954 1.9429000435380954 1.9429000435380954 1.9429000435380954 1.9429000435380954 1.9429000435380954 1.9429000435380954 1.9429000435380954 1.9429000435380954 1.9429000435380954 1.9429000435380954 1.9429000435380954 1.9429000435380954 1.9429000435380954 1.9429000435380954 1.9429000435380954 1.9429000435380954 1.9429000435380954 1.9429000435380954 1.9429000435380954 1.9429000435380954 1.9429000435380954 1.9429000435380954 1.9429000435380954 1.9429000435380954 1.9429000435380954 1.9429000435380954 1.9429000435380954 1.9429000435380954 1.9429000435380954 1.9429000435380954 1.9429000435380954 1.9429000435380954 1.9429000435380954 1.9429000435380954 1.9429000435380954 1.9429000435380954 1.9429000435380954 1.9429000435380954 1.9429000435380954 1.9429000435380954 1.9429000435380954 1.9429000435380954 1.9429000435380954 1.9429000435380954 1.9429000435380954 1.9429000435380954 1.9429000435380954 1.9429000435380954 1.9429000435380954 1.9429000435380954 1.9429000435380954 1.9429000435380954 1.9429000435380954 1.9429000435380954 1.9429000435380954 1.9429000435380954 1.9429000435380954 1.9429000435380954 1.9429000435380954 1.9429000435380954 1.9429000435380954 1.9429000435380954 1.9429000435380954 1.9429000435380954 1.9429000435380954 1.9429000435380954 1.9429000435380954 1.9429000435380954 1.9429000435380954 1.9429000435380954 1.9429000435380954 1.9429000435380954 1.9429000435380954 1.9429000435380954 1.9429000435380954 1.9429000435380954 1.9429000435380954 1.9429000435380954 1.9429000435380954 1.9429000435380954 1.9429000435380954 1.9429000435380954 1.9429000435380954 1.9429000435380954 1.9429000435380954 1.9429000435380954 1.9429000435380954 1.9429000435380954 1.9429000435380954 1.9429000435380954 1.9429000435380954 1.9429000435380954 1.9429000435380954 1.9429000435380954 1.9429000435380954 1.9429000435380954 1.9429000435380954 1.9429000435380954 1.9429000435380954 1.9429000435380954 1.9429000435380954 1.9429000435380954 1.9429000435380954 1.9429000435380954 1.9429000435380954 1.9429000435380954 1.9429000435380954 1.9429000435380954 1.9429000435380954 1.9429000435380954 1.9429000435380954 1.9429000435380954 1.9429000435380954 1.9429000435380954 1.9429000435380954 1.9429000435380954 1.9429000435380954 1.9429000435380954 1.9429000435380954 1.9429000435380954 1.9429000435380954 1.9429000435380954 1.9429000435380954 1.9429000435380954 1.9429000435380954 1.9429000435380954 1.9429000435380954 1.9429000435380954 1.9429000435380954 1.9429000435380954 1.9429000435380954 1.9429000435380954 1.9429000435380954 1.9429000435380954 1.9429000435380954 1.9429000435380954 1.9429000435380954 1.9429000435380954 1.9429000435380954 1.9429000435380954 1.9429000435380954 1.9429000435380954 1.9429000435380954 1.9429000435380954 1.9429000435380954 1.9429000435380954 1.9429000435380954 1.9429000435380954 1.9429000435380954 1.9429000435380954 1.9429000435380954 1.9429000435380954 1.9429000435380954 1.9429000435380954 1.9429000435380954 1.9429000435380954 1.9429000435380954 1.9429000435380954 1.9429000435380954 1.9429000435380954 1.9429000435380954 1.9429000435380954 1.9429000435380954 1.9429000435380954 1.9429000435380954 1.9429000435380954 1.9429000435380954 1.9429000435380954 1.9429000435380954 1.9429000435380954 1.9429000435380954 1.9429000435380954 1.9429000435380954 1.9429000435380954 1.9429000435380954 1.9429000435380954 1.9429000435380954 1.9429000435380954 1.9429000435380954 1.9429000435380954 1.9429000435380954 1.9429000435380954 1.9429000435380954 1.9429000435380954 1.9429000435380954 1.9429000435380954 1.9429000435380954 1.9429000435380954 1.9429000435380954 1.9429000435380954 1.9429000435380954 1.9429000435380954 1.9429000435380954 1.9429000435380954 1.9429000435380954 1.9429000435380954 1.9429000435380954 1.9429000435380954 1.9429000435380954 1.9429000435380954 1.9429000435380954 1.9429000435380954 1.9429000435380954 1.9429000435380954 1.9429000435380954 1.9429000435380954 1.9429000435380954 1.9429000435380954 1.9429000435380954 1.9429000435380954 1.9429000435380954 1.9429000435380954 1.9429000435380954 1.9429000435380954 1.9429000435380954 1.9429000435380954 1.9429000435380954 1.9429000435380954 1.9429000435380954 1.9429000435380954 1.9429000435380954 1.9429000435380954 1.9429000435380954 1.9429000435380954 1.9429000435380954 1.9429000435380954 1.9429000435380954 1.9429000435380954 1.9429000435380954 1.9429000435380954 1.9429000435380954 1.9429000435380954 1.9429000435380954 1.9429000435380954 1.9429000435380954 1.9429000435380954 1.9429000435380954 1.9429000435380954 1.9429000435380954 1.9429000435380954 1.9429000435380954 1.9429000435380954 1.9429000435380954 1.9429000435380954 1.9429000435380954 1.9429000435380954 1.9429000435380954 1.9429000435380954 1.9429000435380954 1.9429000435380954 1.9429000435380954 1.9429000435380954 1.9429000435380954 1.9429000435380954 1.9429000435380954 1.9429000435380954 1.9429000435380954 1.9429000435380954 1.9429000435380954 1.9429000435380954 1.9429000435380954 1.9429000435380954 1.9429000435380954 1.9429000435380954 1.9429000435380954 1.9429000435380954 1.9429000435380954 1.9429000435380954 1.9429000435380954 1.9429000435380954 1.9429000435380954 1.9429000435380954 1.9429000435380954 1.9429000435380954 1.9429000435380954 1.9429000435380954 1.9429000435380954 1.9429000435380954 1.9429000435380954 1.9429000435380954 1.9429000435380954 1.9429000435380954 1.9429000435380954 1.9429000435380954 1.9429000435380954 1.9429000435380954 1.9429000435380954 1.9429000435380954 1.9429000435380954 1.9429000435380954 1.9429000435380954 1.9429000435380954 1.9429000435380954 1.9429000435380954 1.9429000435380954 1.9429000435380954 1.9429000435380954 1.9429000435380954 1.9429000435380954 1.9429000435380954 1.9429000435380954 1.9429000435380954 1.9429000435380954 1.9429000435380954 1.9429000435380954 1.9429000435380954 1.9429000435380954 1.9429000435380954 1.9429000435380954 1.9429000435380954 1.9429000435380954 1.9429000435380954 1.9429000435380954 1.9429000435380954 1.9429000435380954 1.9429000435380954 1.9429000435380954 1.9429000435380954 1.9429000435380954 1.9429000435380954 1.9429000435380954 1.9429000435380954 1.9429000435380954 1.9429000435380954 1.9429000435380954 1.9429000435380954 1.9429000435380954 1.9429000435380954 1.9429000435380954 1.9429000435380954 1.9429000435380954 1.9429000435380954 1.9429000435380954 1.9429000435380954 1.9429000435380954 1.9429000435380954 1.9429000435380954 1.9429000435380954 1.9429000435380954 1.9429000435380954 1.9429000435380954 1.9429000435380954 1.9429000435380954 1.9429000435380954 1.9429000435380954 1.9429000435380954 1.9429000435380954 1.9429000435380954 1.9429000435380954 1.9429000435380954 1.9429000435380954 1.9429000435380954 1.9429000435380954 1.9429000435380954 1.9429000435380954 1.9429000435380954 1.9429000435380954 1.9429000435380954 1.9429000435380954 1.9429000435380954 1.9429000435380954 1.9429000435380954 1.9429000435380954 1.9429000435380954 1.9429000435380954 1.9429000435380954 1.9429000435380954 1.9429000435380954 1.9429000435380954 1.9429000435380954 1.9429000435380954 1.9429000435380954 1.9429000435380954 1.9429000435380954 1.9429000435380954 1.9429000435380954 1.9429000435380954 1.9429000435380954 1.9429000435380954 1.9429000435380954 1.9429000435380954 1.9429000435380954 1.9429000435380954 1.9429000435380954 1.9429000435380954 1.9429000435380954 1.9429000435380954 1.9429000435380954 1.9429000435380954 1.9429000435380954 1.9429000435380954 1.9429000435380954 1.9429000435380954 1.9429000435380954 1.9429000435380954 1.9429000435380954 1.9429000435380954 1.9429000435380954 1.9429000435380954 1.9429000435380954 1.9429000435380954 1.9429000435380954 1.9429000435380954 1.9429000435380954 1.9429000435380954 1.9429000435380954 1.9429000435380954 1.9429000435380954 1.9429000435380954 1.9429000435380954 1.9429000435380954 1.9429000435380954 1.9429000435380954 1.9429000435380954 1.9429000435380954 1.9429000435380954 1.9429000435380954 1.9429000435380954 1.9429000435380954 1.9429000435380954 1.9429000435380954 1.9429000435380954 1.9429000435380954 1.9429000435380954 1.9429000435380954 1.9429000435380954 1.9429000435380954 1.9429000435380954 1.9429000435380954 1.9429000435380954 1.9429000435380954 1.9429000435380954 1.9429000435380954 1.9429000435380954 1.9429000435380954 1.9429000435380954 1.9429000435380954 1.9429000435380954 1.9429000435380954</DataArray>
        <DataArray type="Float64" Name="speed_m_s" format="ascii">0.00011314972628372822 0.00011259515983384553 0.00011206705193000501 0.00011156487256935231 0.00011108811828630765 0.00011063631112034161 0.00011015123388004802 0.00010964115073839017 0.00010909447221436148 0.00010857075531905941 0.00010806954773287761 0.00010759041785195141 0.00010713295401773165 0.00010669676378875723 0.00010628147325234209 0.00010585661640186877 0.00010540052728144968 0.00010493111668325839 0.00010448148238274858 0.00010405126701698582 0.00010364012912998573 0.00010317490866183122 0.00010271411681477566 0.00010227210264264399 0.0001018485305111532 0.00010144307953495903 0.00010105544307454125 0.00010067557253610893 0.00010027274552690173 9.9886216049058701e-05 9.9515719817034698e-05 9.916100378922903e-05 9.8821825818728933e-05 9.8497954321370628e-05 9.8189167960315677e-05 9.7848564027148448e-05 9.7494693175818176e-05 9.7155681252757657e-05 9.6831307231004873e-05 9.650457381245733e-05 9.6163309594375399e-05 9.583557818055475e-05 9.5521185068396178e-05 9.5219943793552707e-05 9.4931675706385962e-05 9.4625995873885834e-05 9.4317052219215455e-05 9.402127108625357e-05 9.3738471363800018e-05 9.3468479724578997e-05 9.3157134656849313e-05 9.2847390744016123e-05 9.2512065609950982e-05 9.2185640771516521e-05 9.1871134519839415e-05 9.1568377895523848e-05 9.1277208523342691e-05 9.099747043185002e-05 9.0729013881122873e-05 9.0471695198300736e-05 9.0225376620603164e-05 8.9989926145523711e-05 8.9765217387924385e-05 8.9551129443753632e-05 8.93475467601341e-05 8.9099293721862081e-05 8.8821212118855394e-05 8.8553245991614411e-05 8.8295268261144941e-05 8.8047156723456471e-05 8.7808793929075718e-05 8.758006706780297e-05 8.7360867858516134e-05 8.7151092443830117e-05 8.6950641289438869e-05 8.6751649509633492e-05 8.6531731375206751e-05 8.6321283583145033e-05 8.6115829415292305e-05 8.5889275883857782e-05 8.5671690023724059e-05 8.5444232891914755e-05 8.5193827770216991e-05 8.4952296759076564e-05 8.4719534830443875e-05 8.4495440881252902e-05 8.4279917640464358e-05 8.4072871580010019e-05 8.3874212829493114e-05 8.3683855094514759e-05 8.350171557849522e-05 8.3327714907868361e-05 8.3161777060536263e-05 8.2977707683290822e-05 8.2795697345420513e-05 8.2621389116269961e-05 8.245471163001603e-05 8.2295596487011027e-05 8.2115698456790935e-05 8.192644814058218e-05 8.1744670501047149e-05 8.1570294149332868e-05 8.1403250519212762e-05 8.1243473810328328e-05 8.1090900933821725e-05 8.094547146027603e-05 8.0782058138897979e-05 8.0618240643139807e-05 8.0433497251369617e-05 8.0254583649002291e-05 8.0082698740830939e-05 7.9917777419174108e-05 7.9759757138017477e-05 7.9608577862506165e-05 7.9464182020520235e-05 7.9320929958458852e-05 7.9149223267867164e-05 7.8984206258362428e-05 7.8825818884239841e-05 7.8674003431673863e-05 7.8528704473618239e-05 7.8389868826537432e-05 7.8257445508917063e-05 7.811573153024913e-05 7.7968565765146967e-05 7.7827596854576124e-05 7.7692775779672531e-05 7.7564055524395606e-05 7.7441391040369959e-05 7.7324739213175284e-05 7.7214058830045039e-05 7.7109310548929288e-05 7.7010456868891375e-05 7.6917462101796507e-05 7.6800895067589839e-05 7.6682349218944258e-05 7.6542724244476172e-05 7.6406352089654158e-05 7.6275870592753593e-05 7.613236999287047e-05 7.5987744121444844e-05 7.5848831591308763e-05 7.5715587753259165e-05 7.5587969695093746e-05 7.5465936211122363e-05 7.5349447772879823e-05 7.5238466500999926e-05 7.5132956138222387e-05 7.5032882023500443e-05 7.4938211067178797e-05 7.484891172721552e-05 7.4764953986417536e-05 7.4686309330669894e-05 7.4596664264061889e-05 7.4494416934648382e-05 7.4385358611406304e-05 7.426901433077107e-05 7.4157786740655657e-05 7.4051642715949837e-05 7.3950550505993447e-05 7.3854479713538873e-05 7.3763401274551637e-05 7.367728743883633e-05 7.359611175146025e-05 7.3518988470150116e-05 7.3420194621530858e-05 7.3326417984165599e-05 7.323762961865832e-05 7.3153801908954708e-05 7.3074908543390205e-05 7.3000924496537456e-05 7.2931826011835899e-05 7.2845645019601151e-05 7.2761887885083358e-05 7.2652190175084917e-05 7.2547240747938127e-05 7.2447010316761232e-05 7.2351470776144927e-05 7.2260595184526531e-05 7.2174357747249634e-05 7.209273380029524e-05 7.2015699794665067e-05 7.1943233281404392e-05 7.187531289724945e-05 7.1811918350884427e-05 7.1753030409794992e-05 7.169863088770669e-05 7.1648702632594986e-05 7.160064569890307e-05 7.1536811314227674e-05 7.1477360703226599e-05 7.1422276466931618e-05 7.1363271942433254e-05 7.1290701450279484e-05 7.1222559132518297e-05 7.115329047017004e-05 7.1064888595886078e-05 7.0980850741278939e-05 7.0901153816372716e-05 7.0825775710073243e-05 7.0754695277017973e-05 7.0687892324954672e-05 7.0625347602635419e-05 7.0567042788217079e-05 7.0512960478155565e-05 7.0460556158529399e-05 7.0392618394016888e-05 7.0328831062438629e-05 7.026917622052026e-05 7.0213636795925114e-05 7.0162196577130791e-05 7.011484020374554e-05 7.0071553157258118e-05 7.0032321752211405e-05 6.9997133127791059e-05 6.9965975239825635e-05 6.9938836853185632e-05 6.9915707534579872e-05 6.9896577645739655e-05 6.9844160658117985e-05 6.978075092236567e-05 6.9721367488083196e-05 6.9665992723060268e-05 6.9593082137980102e-05 6.9523756432120478e-05 6.9458377721463277e-05 6.939692760450609e-05 6.9339388468165968e-05 6.9285743478210567e-05 6.9235976570081946e-05 6.9190072440102358e-05 6.9148016537056131e-05 6.910979505413973e-05 6.9075394921274243e-05 6.9044803797771654e-05 6.9018010065351244e-05 6.8995002821497999e-05 6.8975771873158579e-05 6.8960307730768863e-05 6.8948601602608026e-05 6.892414373829387e-05 6.8898225972242617e-05 6.8876011585136749e-05 6.8857490664016912e-05 6.8833250744988598e-05 6.8774416933331653e-05 6.871729169651365e-05 6.8663876153742307e-05 6.861415390025451e-05 6.8568109230511759e-05 6.852572713026206e-05 6.8486993268933162e-05 6.8451893992347435e-05 6.8420416315755875e-05 6.8392547917182212e-05 6.8368277131074077e-05 6.834759294225381e-05 6.8319511994745246e-05 6.8284455166058909e-05 6.8252940512092899e-05 6.822495594821939e-05 6.8200490021347098e-05 6.8179531904071419e-05 6.8162071389104035e-05 6.814809888397635e-05 6.8137605406015726e-05 6.8130582577587083e-05 6.8127022621597758e-05 6.8126918357260739e-05 6.8106160138722542e-05 6.8087838535791246e-05 6.8073005452796916e-05 6.8061651247343214e-05 6.8047120781262332e-05 6.8015207020663475e-05 6.7970563894595678e-05 6.79293443453502e-05 6.7891534489501585e-05 6.7857121050190363e-05 6.7826091350872786e-05 6.7798433309337389e-05 6.7774135431983613e-05 6.7753186808355772e-05 6.7735577105931417e-05 6.7721296565157019e-05 6.771033599472888e-05 6.7702686767114135e-05 6.7698340814309366e-05 6.7697290623832494e-05 6.7699529234945409e-05 6.7705050235103244e-05 6.7713847756628495e-05 6.7694044710413017e-05 6.7662916227905683e-05 6.7635093262422062e-05 6.761056409644345e-05 6.7589317586274139e-05 6.757134315677423e-05 6.755663079633696e-05 6.7545171052108138e-05 6.7536955025442069e-05 6.7531974367591251e-05 6.7530221275626402e-05 6.7531688488583705e-05 6.7536369283834657e-05 6.7544257473677892e-05 6.7542106723320785e-05 6.7536484358353134e-05 6.7534041572023365e-05 6.7518559198046781e-05 6.7501060887952059e-05 6.7486718419205592e-05 6.7475523101789492e-05 6.746746676191907e-05 6.7462541738325029e-05 6.7444157317212642e-05 6.7420465160029149e-05 6.7399933484054496e-05 6.7382552143706041e-05 6.7368311522928679e-05 6.7357202530889208e-05 6.734921659788677e-05 6.734434567147564e-05 6.7342582212798541e-05 6.7343919193126584e-05 6.7348350090603188e-05 6.7343948022952535e-05 6.7333150692073973e-05 6.7325424246202374e-05 6.732076089043013e-05 6.7319153329262356e-05 6.7320594763297639e-05 6.7325078886104121e-05 6.7332599881291138e-05 6.7343152419770797e-05 6.73567316572104e-05 6.7373333231670848e-05 6.7379407992345779e-05 6.7376942594061127e-05 6.7377517392890605e-05 6.7381125565926862e-05 6.7387760787029563e-05 6.7397417223886047e-05 6.7401597092021091e-05 6.7395083092645599e-05 6.7375067439656125e-05 6.7358066697138373e-05 6.7344071884327874e-05 6.7333074510186108e-05 6.7325066569844672e-05 6.7320040541238389e-05 6.7317989381928021e-05 6.731890652610888e-05 6.7322785881802414e-05 6.7329621828229376e-05 6.7339409213362902e-05 6.7352143351658507e-05 6.73678200219602e-05 6.7386435465579118e-05 6.7382875324481774e-05 6.7376267004785062e-05 6.735690611849615e-05 6.7340497308652106e-05 6.732703169447124e-05 6.7316500879315391e-05 6.7308896947170806e-05 6.7304212459317546e-05 6.730244045118529e-05 6.73035744293919e-05 6.7307608368964605e-05 6.7314536710739328e-05 6.7324354358937777e-05 6.7337056678919231e-05 6.7352639495106556e-05 6.7371099089083241e-05 6.7392432197861356e-05 6.7416636012317227e-05 6.7439994775555674e-05 6.7448272963223146e-05 6.745941124808663e-05 6.7450074931905109e-05 6.7441546295697813e-05 6.743589824447314e-05 6.7433123888146584e-05 6.7433216808329959e-05 6.7436171055552748e-05 6.7441981146663433e-05 6.7450642062408408e-05 6.746214924518713e-05 6.747649859698125e-05 6.749368647745611e-05 6.7513709702233317e-05 6.7536565541332798e-05 6.7556307122181502e-05 6.7568413774652007e-05 6.7564218012213119e-05 6.7562884121588184e-05 6.7564406567361096e-05 6.7568780276509882e-05 6.7576000636190026e-05 6.7579238699699937e-05 6.7566609318017249e-05 6.7556855995935282e-05 6.7549971867950727e-05 6.7545950543849948e-05 6.7544786105971038e-05 6.7546473106645108e-05 6.7551006565815807e-05 6.7558381968835297e-05 6.7568595264434194e-05 6.7581642862865306e-05 6.7595545814454159e-05 6.7592614736050597e-05 6.7592538707767237e-05 6.7595312913743981e-05 6.7600933007385682e-05 6.7609395109361864e-05 6.7620695805780648e-05 6.7634832146536977e-05 6.7651801643831591e-05 6.7671602270862681e-05 6.7669917744480893e-05 6.766980213461301e-05 6.7672550863278859e-05 6.7678159708556098e-05 6.7686624924966771e-05 6.7697943241682839e-05 6.7712111860909429e-05 6.7727332768038043e-05 6.7725648226183783e-05 6.7726851121953198e-05 6.7730937439194119e-05 6.7737903646810502e-05 6.7747746697023495e-05 6.776046402381441e-05 6.7776053541549798e-05 6.7794513643787315e-05 6.7815843202261161e-05 6.7840041566045799e-05 6.7867108560897962e-05 6.7897044488775352e-05 6.790607516523204e-05 6.7916108184570804e-05 6.7929048785580454e-05 6.7944895107317855e-05 6.7961276474501098e-05 6.7961477326999509e-05 6.7964634650064329e-05 6.7970745347901361e-05 6.7979806834845362e-05 6.7991817033953155e-05 6.8006774375792913e-05 6.8024677797428018e-05 6.804552674159563e-05 6.8069321156077252e-05 6.8096061493263233e-05 6.8125748709907863e-05 6.8158384267076702e-05 6.8193970130284797e-05 6.8232508769826392e-05 6.8269274706762756e-05 6.8284416828796697e-05 6.8291878498199208e-05 6.8285089918209801e-05 6.8281382302106929e-05 6.8280752005072623e-05 6.8283195930281422e-05 6.8288711527298581e-05 6.8297296790692947e-05 6.8308950258864229e-05 6.8323671013084536e-05 6.8341458676751313e-05 6.8362313414853322e-05 6.8386235933646378e-05 6.8413227480540722e-05 6.8443289844198483e-05 6.8476425354840745e-05 6.8512636884765491e-05 6.8551927849075053e-05 6.85871776121519e-05 6.8593216073932738e-05 6.8594482187711337e-05 6.8598932074466053e-05 6.8606564066022257e-05 6.8617377077037655e-05 6.8631370604221533e-05 6.86485447257876e-05 6.8668900101140595e-05 6.8692437970795277e-05 6.8719160156528749e-05 6.8749069061764732e-05 6.8782167672190171e-05 6.8818459556605407e-05 6.8857948868006162e-05 6.89006403449002e-05 6.8946539312857678e-05 6.8983860922907115e-05 6.9014609945260735e-05 6.9048628118655687e-05 6.9074357590647749e-05 6.9088583503959221e-05 6.9106118290564137e-05 6.9126963232897336e-05 6.9151120239283823e-05 6.9178591844444202e-05 6.9209381210257948e-05 6.9243492126784881e-05 6.9280929013545726e-05 6.9321696921061858e-05 6.936580153265581e-05 6.9413249166512355e-05 6.9464046778003533e-05 6.9518201962276581e-05 6.9556528720886662e-05 6.9595406844420024e-05 6.9637702163900277e-05 6.9683421049793721e-05 6.9732570538510007e-05 6.9773228850367338e-05 6.9802181399393587e-05 6.9834593325494824e-05 6.98704693289971e-05 6.9909814790247219e-05 6.9952635771694714e-05 6.9998939020264042e-05 7.0048731970018618e-05 7.0102022745119414e-05 7.0158820163078404e-05 7.0219133738310682e-05 7.0275031119448287e-05 7.031959043582953e-05 7.0367721348784428e-05 7.041943201206698e-05 7.0474731303105112e-05 7.0533628826675e-05 7.0596134918893223e-05 7.0662260651532458e-05 7.0711516888550443e-05 7.0756728369135498e-05 7.08055763298835e-05 7.0858069361448461e-05 7.0914216801552655e-05 7.0974028738965636e-05 7.1037516017816941e-05 7.1104690242246838e-05 7.1175126875537808e-05 7.1225717341380208e-05 7.1280044048691339e-05 7.1338117034464951e-05 7.1399947122417778e-05 7.1465545927733217e-05 7.1534925862167244e-05 7.1608100139518107e-05 7.1685082781464493e-05 7.1765888623776154e-05 7.1840800922391874e-05 7.1899646473499011e-05 7.1962323325826968e-05 7.2028843604143744e-05 7.2099220256990329e-05 7.2173467062524793e-05 7.2251598634750667e-05 7.2310141214215387e-05 7.2370522810858638e-05 7.2434831819116806e-05 7.250308103859228e-05 7.257528413179756e-05 7.2651455630447738e-05 7.2731610942167575e-05 7.2815766357615279e-05 7.2903939058030951e-05 7.2996147123214101e-05 7.3092409539937361e-05 7.3184345288724814e-05 7.3257274177169012e-05 7.333425661973337e-05 7.3415308580448751e-05 7.3498239862132862e-05 7.3560008199022997e-05 7.3623541659583502e-05 7.3687272022299923e-05 7.3755144779929691e-05 7.3827174126707719e-05 7.3903375198316996e-05 7.398376407911511e-05 7.406835780982449e-05 7.4157174395694285e-05 7.4250232815141652e-05 7.4347553028875662e-05 7.4449155989516949e-05 7.4555063651714874e-05 7.4646649712526282e-05 7.4727488367884806e-05 7.4797336450343926e-05 7.4857233284640552e-05 7.4921468643109437e-05 7.4990056525359397e-05 7.5063011950342946e-05 7.5140350963771299e-05 7.5222090646047979e-05 7.5308249120726562e-05 7.5398845563502258e-05 7.5493900211742569e-05 7.55934343745644e-05 7.5697470443470709e-05 7.5806031903549747e-05 7.5919143345252365e-05 7.603683047675105e-05 7.6145352645939519e-05 7.6204280204449898e-05 7.626780395186372e-05 7.633593846408702e-05 7.6408699442483279e-05 7.6486103721910386e-05 7.6568169279351444e-05 7.6654915243149269e-05 7.6746361902850014e-05 7.6842530719667697e-05 7.6943444337576036e-05 7.7049126595039831e-05 7.7159602537394434e-05 7.7274898429884842e-05 7.739504177137843e-05 7.7512232127982186e-05 7.7608603807449643e-05 7.7704671340237687e-05 7.7771684125630913e-05 7.7843645661068454e-05 7.7920573615312028e-05 7.8002486937583845e-05 7.8089405867721285e-05 7.8181351947050566e-05 7.8278348029983899e-05 7.8380418296355864e-05 7.8487588264506385e-05 7.8599884805125229e-05 7.871733615587077e-05 7.8839971936775185e-05 7.894926432392869e-05 7.9047199139413188e-05 7.9150483301734001e-05 7.9259143770797237e-05 7.9355639107549857e-05 7.9432476279661917e-05 7.9514697431392231e-05 7.9602324308040832e-05 7.9695380138556228e-05 7.9793889648708272e-05 7.9897879075146292e-05 8.0007376180357028e-05 8.012241026853631e-05 8.0243012202390788e-05 8.036495329548543e-05 8.0460190319432237e-05 8.0561210665178529e-05 8.0668042488842869e-05 8.0780715645803748e-05 8.0899261708621123e-05 8.1023713986044359e-05 8.1108181481773792e-05 8.1198228319848519e-05 8.1294183977306234e-05 8.1396075899295412e-05 8.1503933278603672e-05 8.1617787073306637e-05 8.1737670025541296e-05 8.1863372532132772e-05 8.195750944948069e-05 8.2057932799914273e-05 8.2164672602098916e-05 8.2277760834778614e-05 8.2397231457148333e-05 8.2523120430559089e-05 8.2655465741577819e-05 8.2794307426428017e-05 8.2896868215805945e-05 8.2998642656209831e-05 8.3106908230729109e-05 8.3221698341019013e-05 8.3343048448050318e-05 8.3462882838038224e-05 8.3558227064046915e-05 8.3660417135407144e-05 8.3769485783535065e-05 8.3885468007395656e-05 8.4008401097128017e-05 8.4138324659302521e-05 8.4275280643847004e-05 8.4419313372670891e-05 8.4570469570020412e-05 8.4728798394603067e-05 8.4841498562431543e-05 8.4959925604378433e-05 8.508549765633307e-05 8.5188488932769066e-05 8.5287696527121311e-05 8.5394350244976023e-05 8.5508486444192038e-05 8.5630144095816745e-05 8.5759364811816095e-05 8.5896192874807494e-05 8.6040675269829334e-05 8.6192861718188807e-05 8.6352804713431418e-05 8.6520559559478835e-05 8.6696184410981356e-05 8.6860353654604982e-05 8.6968006397089142e-05 8.7065620653527725e-05 8.7171274055525285e-05 8.7285004498096315e-05 8.7406852835892858e-05 8.7536862913589565e-05 8.7675081598647235e-05 8.782155881649877e-05 8.7976347588203092e-05 8.8139504070620792e-05 8.8311087599162464e-05 8.8491160733169264e-05 8.8679789303987156e-05 8.8841325628808597e-05 8.900172100892033e-05 8.9113546484427018e-05 8.9227874144140473e-05 8.9350942832178639e-05 8.9482798722996862e-05 8.9623491392901662e-05 8.9773073858978662e-05 8.9931602620930889e-05 9.009913770589014e-05 9.0275742716260942e-05 9.0461484880666597e-05 9.063990033167946e-05 9.0795336900410171e-05 9.0960261402264279e-05 9.1134738558708113e-05 9.1318837078698168e-05 9.1466338540291972e-05 9.1600713198001298e-05 9.1744595006719101e-05 9.1898040260884789e-05 9.2061109170265857e-05 9.2233865910182664e-05 9.2416378675311029e-05 9.2595471145537396e-05 9.2745232103168981e-05 9.2905126980997378e-05 9.3075220678582761e-05 9.325558252027369e-05 9.3446286316871158e-05 9.3647410431599561e-05 9.3859037850494247e-05 9.4034882486823608e-05 9.4112627862602739e-05</DataArray>
        <DataArray type="Float64" Name="fluid_speed_m_s" format="ascii">0.00011314972628372822 0.00011259515983384553 0.00011206705193000501 0.00011156487256935231 0.00011108811828630765 0.00011063631112034161 0.00011015123388004802 0.00010964115073839017 0.00010909447221436148 0.00010857075531905941 0.00010806954773287761 0.00010759041785195141 0.00010713295401773165 0.00010669676378875723 0.00010628147325234209 0.00010585661640186877 0.00010540052728144968 0.00010493111668325839 0.00010448148238274858 0.00010405126701698582 0.00010364012912998573 0.00010317490866183122 0.00010271411681477566 0.00010227210264264399 0.0001018485305111532 0.00010144307953495903 0.00010105544307454125 0.00010067557253610893 0.00010027274552690173 9.9886216049058701e-05 9.9515719817034698e-05 9.916100378922903e-05 9.8821825818728933e-05 9.8497954321370628e-05 9.8189167960315677e-05 9.7848564027148448e-05 9.7494693175818176e-05 9.7155681252757657e-05 9.6831307231004873e-05 9.650457381245733e-05 9.6163309594375399e-05 9.583557818055475e-05 9.5521185068396178e-05 9.5219943793552707e-05 9.4931675706385962e-05 9.4625995873885834e-05 9.4317052219215455e-05 9.402127108625357e-05 9.3738471363800018e-05 9.3468479724578997e-05 9.3157134656849313e-05 9.2847390744016123e-05 9.2512065609950982e-05 9.2185640771516521e-05 9.1871134519839415e-05 9.1568377895523848e-05 9.1277208523342691e-05 9.099747043185002e-05 9.0729013881122873e-05 9.0471695198300736e-05 9.0225376620603164e-05 8.9989926145523711e-05 8.9765217387924385e-05 8.9551129443753632e-05 8.93475467601341e-05 8.9099293721862081e-05 8.8821212118855394e-05 8.8553245991614411e-05 8.8295268261144941e-05 8.8047156723456471e-05 8.7808793929075718e-05 8.758006706780297e-05 8.7360867858516134e-05 8.7151092443830117e-05 8.6950641289438869e-05 8.6751649509633492e-05 8.6531731375206751e-05 8.6321283583145033e-05 8.6115829415292305e-05 8.5889275883857782e-05 8.5671690023724059e-05 8.5444232891914755e-05 8.5193827770216991e-05 8.4952296759076564e-05 8.4719534830443875e-05 8.4495440881252902e-05 8.4279917640464358e-05 8.4072871580010019e-05 8.3874212829493114e-05 8.3683855094514759e-05 8.350171557849522e-05 8.3327714907868361e-05 8.3161777060536263e-05 8.2977707683290822e-05 8.2795697345420513e-05 8.2621389116269961e-05 8.245471163001603e-05 8.2295596487011027e-05 8.2115698456790935e-05 8.192644814058218e-05 8.1744670501047149e-05 8.1570294149332868e-05 8.1403250519212762e-05 8.1243473810328328e-05 8.1090900933821725e-05 8.094547146027603e-05 8.0782058138897979e-05 8.0618240643139807e-05 8.0433497251369617e-05 8.0254583649002291e-05 8.0082698740830939e-05 7.9917777419174108e-05 7.9759757138017477e-05 7.9608577862506165e-05 7.9464182020520235e-05 7.9320929958458852e-05 7.9149223267867164e-05 7.8984206258362428e-05 7.8825818884239841e-05 7.8674003431673863e-05 7.8528704473618239e-05 7.8389868826537432e-05 7.8257445508917063e-05 7.811573153024913e-05 7.7968565765146967e-05 7.7827596854576124e-05 7.7692775779672531e-05 7.7564055524395606e-05 7.7441391040369959e-05 7.7324739213175284e-05 7.7214058830045039e-05 7.7109310548929288e-05 7.7010456868891375e-05 7.6917462101796507e-05 7.6800895067589839e-05 7.6682349218944258e-05 7.6542724244476172e-05 7.6406352089654158e-05 7.6275870592753593e-05 7.613236999287047e-05 7.5987744121444844e-05 7.5848831591308763e-05 7.5715587753259165e-05 7.5587969695093746e-05 7.5465936211122363e-05 7.5349447772879823e-05 7.5238466500999926e-05 7.5132956138222387e-05 7.5032882023500443e-05 7.4938211067178797e-05 7.484891172721552e-05 7.4764953986417536e-05 7.4686309330669894e-05 7.4596664264061889e-05 7.4494416934648382e-05 7.4385358611406304e-05 7.426901433077107e-05 7.4157786740655657e-05 7.4051642715949837e-05 7.3950550505993447e-05 7.3854479713538873e-05 7.3763401274551637e-05 7.367728743883633e-05 7.359611175146025e-05 7.3518988470150116e-05 7.3420194621530858e-05 7.3326417984165599e-05 7.323762961865832e-05 7.3153801908954708e-05 7.3074908543390205e-05 7.3000924496537456e-05 7.2931826011835899e-05 7.2845645019601151e-05 7.2761887885083358e-05 7.2652190175084917e-05 7.2547240747938127e-05 7.2447010316761232e-05 7.2351470776144927e-05 7.2260595184526531e-05 7.2174357747249634e-05 7.209273380029524e-05 7.2015699794665067e-05 7.1943233281404392e-05 7.187531289724945e-05 7.1811918350884427e-05 7.1753030409794992e-05 7.169863088770669e-05 7.1648702632594986e-05 7.160064569890307e-05 7.1536811314227674e-05 7.1477360703226599e-05 7.1422276466931618e-05 7.1363271942433254e-05 7.1290701450279484e-05 7.1222559132518297e-05 7.115329047017004e-05 7.1064888595886078e-05 7.0980850741278939e-05 7.0901153816372716e-05 7.0825775710073243e-05 7.0754695277017973e-05 7.0687892324954672e-05 7.0625347602635419e-05 7.0567042788217079e-05 7.0512960478155565e-05 7.0460556158529399e-05 7.0392618394016888e-05 7.0328831062438629e-05 7.026917622052026e-05 7.0213636795925114e-05 7.0162196577130791e-05 7.011484020374554e-05 7.0071553157258118e-05 7.0032321752211405e-05 6.9997133127791059e-05 6.9965975239825635e-05 6.9938836853185632e-05 6.9915707534579872e-05 6.9896577645739655e-05 6.9844160658117985e-05 6.978075092236567e-05 6.9721367488083196e-05 6.9665992723060268e-05 6.9593082137980102e-05 6.9523756432120478e-05 6.9458377721463277e-05 6.939692760450609e-05 6.9339388468165968e-05 6.9285743478210567e-05 6.9235976570081946e-05 6.9190072440102358e-05 6.9148016537056131e-05 6.910979505413973e-05 6.9075394921274243e-05 6.9044803797771654e-05 6.9018010065351244e-05 6.8995002821497999e-05 6.8975771873158579e-05 6.8960307730768863e-05 6.8948601602608026e-05 6.892414373829387e-05 6.8898225972242617e-05 6.8876011585136749e-05 6.8857490664016912e-05 6.8833250744988598e-05 6.8774416933331653e-05 6.871729169651365e-05 6.8663876153742307e-05 6.861415390025451e-05 6.8568109230511759e-05 6.852572713026206e-05 6.8486993268933162e-05 6.8451893992347435e-05 6.8420416315755875e-05 6.8392547917182212e-05 6.8368277131074077e-05 6.834759294225381e-05 6.8319511994745246e-05 6.8284455166058909e-05 6.8252940512092899e-05 6.822495594821939e-05 6.8200490021347098e-05 6.8179531904071419e-05 6.8162071389104035e-05 6.814809888397635e-05 6.8137605406015726e-05 6.8130582577587083e-05 6.8127022621597758e-05 6.8126918357260739e-05 6.8106160138722542e-05 6.8087838535791246e-05 6.8073005452796916e-05 6.8061651247343214e-05 6.8047120781262332e-05 6.8015207020663475e-05 6.7970563894595678e-05 6.79293443453502e-05 6.7891534489501585e-05 6.7857121050190363e-05 6.7826091350872786e-05 6.7798433309337389e-05 6.7774135431983613e-05 6.7753186808355772e-05 6.7735577105931417e-05 6.7721296565157019e-05 6.771033599472888e-05 6.7702686767114135e-05 6.7698340814309366e-05 6.7697290623832494e-05 6.7699529234945409e-05 6.7705050235103244e-05 6.7713847756628495e-05 6.7694044710413017e-05 6.7662916227905683e-05 6.7635093262422062e-05 6.761056409644345e-05 6.7589317586274139e-05 6.757134315677423e-05 6.755663079633696e-05 6.7545171052108138e-05 6.7536955025442069e-05 6.7531974367591251e-05 6.7530221275626402e-05 6.7531688488583705e-05 6.7536369283834657e-05 6.7544257473677892e-05 6.7542106723320785e-05 6.7536484358353134e-05 6.7534041572023365e-05 6.7518559198046781e-05 6.7501060887952059e-05 6.7486718419205592e-05 6.7475523101789492e-05 6.746746676191907e-05 6.7462541738325029e-05 6.7444157317212642e-05 6.7420465160029149e-05 6.7399933484054496e-05 6.7382552143706041e-05 6.7368311522928679e-05 6.7357202530889208e-05 6.734921659788677e-05 6.734434567147564e-05 6.7342582212798541e-05 6.7343919193126584e-05 6.7348350090603188e-05 6.7343948022952535e-05 6.7333150692073973e-05 6.7325424246202374e-05 6.732076089043013e-05 6.7319153329262356e-05 6.7320594763297639e-05 6.7325078886104121e-05 6.7332599881291138e-05 6.7343152419770797e-05 6.73567316572104e-05 6.7373333231670848e-05 6.7379407992345779e-05 6.7376942594061127e-05 6.7377517392890605e-05 6.7381125565926862e-05 6.7387760787029563e-05 6.7397417223886047e-05 6.7401597092021091e-05 6.7395083092645599e-05 6.7375067439656125e-05 6.7358066697138373e-05 6.7344071884327874e-05 6.7333074510186108e-05 6.7325066569844672e-05 6.7320040541238389e-05 6.7317989381928021e-05 6.731890652610888e-05 6.7322785881802414e-05 6.7329621828229376e-05 6.7339409213362902e-05 6.7352143351658507e-05 6.73678200219602e-05 6.7386435465579118e-05 6.7382875324481774e-05 6.7376267004785062e-05 6.735690611849615e-05 6.7340497308652106e-05 6.732703169447124e-05 6.7316500879315391e-05 6.7308896947170806e-05 6.7304212459317546e-05 6.730244045118529e-05 6.73035744293919e-05 6.7307608368964605e-05 6.7314536710739328e-05 6.7324354358937777e-05 6.7337056678919231e-05 6.7352639495106556e-05 6.7371099089083241e-05 6.7392432197861356e-05 6.7416636012317227e-05 6.7439994775555674e-05 6.7448272963223146e-05 6.745941124808663e-05 6.7450074931905109e-05 6.7441546295697813e-05 6.743589824447314e-05 6.7433123888146584e-05 6.7433216808329959e-05 6.7436171055552748e-05 6.7441981146663433e-05 6.7450642062408408e-05 6.746214924518713e-05 6.747649859698125e-05 6.749368647745611e-05 6.7513709702233317e-05 6.7536565541332798e-05 6.7556307122181502e-05 6.7568413774652007e-05 6.7564218012213119e-05 6.7562884121588184e-05 6.7564406567361096e-05 6.7568780276509882e-05 6.7576000636190026e-05 6.7579238699699937e-05 6.7566609318017249e-05 6.7556855995935282e-05 6.7549971867950727e-05 6.7545950543849948e-05 6.7544786105971038e-05 6.7546473106645108e-05 6.7551006565815807e-05 6.7558381968835297e-05 6.7568595264434194e-05 6.7581642862865306e-05 6.7595545814454159e-05 6.7592614736050597e-05 6.7592538707767237e-05 6.7595312913743981e-05 6.7600933007385682e-05 6.7609395109361864e-05 6.7620695805780648e-05 6.7634832146536977e-05 6.7651801643831591e-05 6.7671602270862681e-05 6.7669917744480893e-05 6.766980213461301e-05 6.7672550863278859e-05 6.7678159708556098e-05 6.7686624924966771e-05 6.7697943241682839e-05 6.7712111860909429e-05 6.7727332768038043e-05 6.7725648226183783e-05 6.7726851121953198e-05 6.7730937439194119e-05 6.7737903646810502e-05 6.7747746697023495e-05 6.776046402381441e-05 6.7776053541549798e-05 6.7794513643787315e-05 6.7815843202261161e-05 6.7840041566045799e-05 6.7867108560897962e-05 6.7897044488775352e-05 6.790607516523204e-05 6.7916108184570804e-05 6.7929048785580454e-05 6.7944895107317855e-05 6.7961276474501098e-05 6.7961477326999509e-05 6.7964634650064329e-05 6.7970745347901361e-05 6.7979806834845362e-05 6.7991817033953155e-05 6.8006774375792913e-05 6.8024677797428018e-05 6.804552674159563e-05 6.8069321156077252e-05 6.8096061493263233e-05 6.8125748709907863e-05 6.8158384267076702e-05 6.8193970130284797e-05 6.8232508769826392e-05 6.8269274706762756e-05 6.8284416828796697e-05 6.8291878498199208e-05 6.8285089918209801e-05 6.8281382302106929e-05 6.8280752005072623e-05 6.8283195930281422e-05 6.8288711527298581e-05 6.8297296790692947e-05 6.8308950258864229e-05 6.8323671013084536e-05 6.8341458676751313e-05 6.8362313414853322e-05 6.8386235933646378e-05 6.8413227480540722e-05 6.8443289844198483e-05 6.8476425354840745e-05 6.8512636884765491e-05 6.8551927849075053e-05 6.85871776121519e-05 6.8593216073932738e-05 6.8594482187711337e-05 6.8598932074466053e-05 6.8606564066022257e-05 6.8617377077037655e-05 6.8631370604221533e-05 6.86485447257876e-05 6.8668900101140595e-05 6.8692437970795277e-05 6.8719160156528749e-05 6.8749069061764732e-05 6.8782167672190171e-05 6.8818459556605407e-05 6.8857948868006162e-05 6.89006403449002e-05 6.8946539312857678e-05 6.8983860922907115e-05 6.9014609945260735e-05 6.9048628118655687e-05 6.9074357590647749e-05 6.9088583503959221e-05 6.9106118290564137e-05 6.9126963232897336e-05 6.9151120239283823e-05 6.9178591844444202e-05 6.9209381210257948e-05 6.9243492126784881e-05 6.9280929013545726e-05 6.9321696921061858e-05 6.936580153265581e-05 6.9413249166512355e-05 6.9464046778003533e-05 6.9518201962276581e-05 6.9556528720886662e-05 6.9595406844420024e-05 6.9637702163900277e-05 6.9683421049793721e-05 6.9732570538510007e-05 6.9773228850367338e-05 6.9802181399393587e-05 6.9834593325494824e-05 6.98704693289971e-05 6.9909814790247219e-05 6.9952635771694714e-05 6.9998939020264042e-05 7.0048731970018618e-05 7.0102022745119414e-05 7.0158820163078404e-05 7.0219133738310682e-05 7.0275031119448287e-05 7.031959043582953e-05 7.0367721348784428e-05 7.041943201206698e-05 7.0474731303105112e-05 7.0533628826675e-05 7.0596134918893223e-05 7.0662260651532458e-05 7.0711516888550443e-05 7.0756728369135498e-05 7.08055763298835e-05 7.0858069361448461e-05 7.0914216801552655e-05 7.0974028738965636e-05 7.1037516017816941e-05 7.1104690242246838e-05 7.1175126875537808e-05 7.1225717341380208e-05 7.1280044048691339e-05 7.1338117034464951e-05 7.1399947122417778e-05 7.1465545927733217e-05 7.1534925862167244e-05 7.1608100139518107e-05 7.1685082781464493e-05 7.1765888623776154e-05 7.1840800922391874e-05 7.1899646473499011e-05 7.1962323325826968e-05 7.2028843604143744e-05 7.2099220256990329e-05 7.2173467062524793e-05 7.2251598634750667e-05 7.2310141214215387e-05 7.2370522810858638e-05 7.2434831819116806e-05 7.250308103859228e-05 7.257528413179756e-05 7.2651455630447738e-05 7.2731610942167575e-05 7.2815766357615279e-05 7.2903939058030951e-05 7.2996147123214101e-05 7.3092409539937361e-05 7.3184345288724814e-05 7.3257274177169012e-05 7.333425661973337e-05 7.3415308580448751e-05 7.3498239862132862e-05 7.3560008199022997e-05 7.3623541659583502e-05 7.3687272022299923e-05 7.3755144779929691e-05 7.3827174126707719e-05 7.3903375198316996e-05 7.398376407911511e-05 7.406835780982449e-05 7.4157174395694285e-05 7.4250232815141652e-05 7.4347553028875662e-05 7.4449155989516949e-05 7.4555063651714874e-05 7.4646649712526282e-05 7.4727488367884806e-05 7.4797336450343926e-05 7.4857233284640552e-05 7.4921468643109437e-05 7.4990056525359397e-05 7.5063011950342946e-05 7.5140350963771299e-05 7.5222090646047979e-05 7.5308249120726562e-05 7.5398845563502258e-05 7.5493900211742569e-05 7.55934343745644e-05 7.5697470443470709e-05 7.5806031903549747e-05 7.5919143345252365e-05 7.603683047675105e-05 7.6145352645939519e-05 7.6204280204449898e-05 7.626780395186372e-05 7.633593846408702e-05 7.6408699442483279e-05 7.6486103721910386e-05 7.6568169279351444e-05 7.6654915243149269e-05 7.6746361902850014e-05 7.6842530719667697e-05 7.6943444337576036e-05 7.7049126595039831e-05 7.7159602537394434e-05 7.7274898429884842e-05 7.739504177137843e-05 7.7512232127982186e-05 7.7608603807449643e-05 7.7704671340237687e-05 7.7771684125630913e-05 7.7843645661068454e-05 7.7920573615312028e-05 7.8002486937583845e-05 7.8089405867721285e-05 7.8181351947050566e-05 7.8278348029983899e-05 7.8380418296355864e-05 7.8487588264506385e-05 7.8599884805125229e-05 7.871733615587077e-05 7.8839971936775185e-05 7.894926432392869e-05 7.9047199139413188e-05 7.9150483301734001e-05 7.9259143770797237e-05 7.9355639107549857e-05 7.9432476279661917e-05 7.9514697431392231e-05 7.9602324308040832e-05 7.9695380138556228e-05 7.9793889648708272e-05 7.9897879075146292e-05 8.0007376180357028e-05 8.012241026853631e-05 8.0243012202390788e-05 8.036495329548543e-05 8.0460190319432237e-05 8.0561210665178529e-05 8.0668042488842869e-05 8.0780715645803748e-05 8.0899261708621123e-05 8.1023713986044359e-05 8.1108181481773792e-05 8.1198228319848519e-05 8.1294183977306234e-05 8.1396075899295412e-05 8.1503933278603672e-05 8.1617787073306637e-05 8.1737670025541296e-05 8.1863372532132772e-05 8.195750944948069e-05 8.2057932799914273e-05 8.2164672602098916e-05 8.2277760834778614e-05 8.2397231457148333e-05 8.2523120430559089e-05 8.2655465741577819e-05 8.2794307426428017e-05 8.2896868215805945e-05 8.2998642656209831e-05 8.3106908230729109e-05 8.3221698341019013e-05 8.3343048448050318e-05 8.3462882838038224e-05 8.3558227064046915e-05 8.3660417135407144e-05 8.3769485783535065e-05 8.3885468007395656e-05 8.4008401097128017e-05 8.4138324659302521e-05 8.4275280643847004e-05 8.4419313372670891e-05 8.4570469570020412e-05 8.4728798394603067e-05 8.4841498562431543e-05 8.4959925604378433e-05 8.508549765633307e-05 8.5188488932769066e-05 8.5287696527121311e-05 8.5394350244976023e-05 8.5508486444192038e-05 8.5630144095816745e-05 8.5759364811816095e-05 8.5896192874807494e-05 8.6040675269829334e-05 8.6192861718188807e-05 8.6352804713431418e-05 8.6520559559478835e-05 8.6696184410981356e-05 8.6860353654604982e-05 8.6968006397089142e-05 8.7065620653527725e-05 8.7171274055525285e-05 8.7285004498096315e-05 8.7406852835892858e-05 8.7536862913589565e-05 8.7675081598647235e-05 8.782155881649877e-05 8.7976347588203092e-05 8.8139504070620792e-05 8.8311087599162464e-05 8.8491160733169264e-05 8.8679789303987156e-05 8.8841325628808597e-05 8.900172100892033e-05 8.9113546484427018e-05 8.9227874144140473e-05 8.9350942832178639e-05 8.9482798722996862e-05 8.9623491392901662e-05 8.9773073858978662e-05 8.9931602620930889e-05 9.009913770589014e-05 9.0275742716260942e-05 9.0461484880666597e-05 9.063990033167946e-05 9.0795336900410171e-05 9.0960261402264279e-05 9.1134738558708113e-05 9.1318837078698168e-05 9.1466338540291972e-05 9.1600713198001298e-05 9.1744595006719101e-05 9.1898040260884789e-05 9.2061109170265857e-05 9.2233865910182664e-05 9.2416378675311029e-05 9.2595471145537396e-05 9.2745232103168981e-05 9.2905126980997378e-05 9.3075220678582761e-05 9.325558252027369e-05 9.3446286316871158e-05 9.3647410431599561e-05 9.3859037850494247e-05 9.4034882486823608e-05 9.4112627862602739e-05</DataArray>
        <DataArray type="Float64" Name="center_wall_distance_um" format="ascii">1.9765709992536717 1.9804142734401935 1.9844288919932562 1.988660049253719 1.9931033277022316 1.9977047772033325 2.0023078332511286 2.0069007706750672 2.0114795285323885 2.0160438454748228 2.020084222089169 2.0233146456368512 2.0267746622196925 2.0304600832964215 2.0343668800261869 2.0384909292582831 2.0428266805607445 2.0473684524174187 2.0521117001179441 2.0569684041325496 2.0618064541399859 2.0666231548035734 2.0710008112332012 2.0749576197923991 2.078902076539817 2.0828347073267697 2.0868012620453862 2.0909477810374857 2.0952816257654643 2.0997989506870227 2.1044963478887668 2.1093705316865372 2.1144183361584958 2.119636712729152 2.1248480022203831 2.1290167733802163 2.1331657086482108 2.1372951046414186 2.1414055320604191 2.1454974636996385 2.1495703831587414 2.1535980064648985 2.1575648441692792 2.1615140790693572 2.1654461484675833 2.1693611425458927 2.1732582611575313 2.1771378306909139 2.1810002631954588 2.1847330976086732 2.1876392049262399 2.1905281271828154 2.1933997849243729 2.1962539690148519 2.1990909454110064 2.2019109730596713 2.2047143041007913 2.2075011840418992 2.2102718519258273 2.2130265404918004 2.2157654763304824 2.2184437939370847 2.2207827091837422 2.2230014896807706 2.225206732186038 2.2273981532993603 2.2295734986249403 2.2317324560301306 2.2339208408741134 2.2361507710543616 2.238364491336021 2.2405621378922604 2.2427438421533163 2.2449097308938084 2.2470599263163948 2.2491945329892009 2.2513132229414325 2.2534158986722699 2.2555026686603759 2.2575732481635042 2.2596274853231759 2.2616653043147448 2.2636850073923127 2.26569583187002 2.2677976083979043 2.2697242998243308 2.2711896677072398 2.2726966809125004 2.2743644943759409 2.2762007531314641 2.2782038609571296 2.2803722579429553 2.28270442030857 2.2851987278776309 2.287824676619473 2.2900036089072708 2.2919126958125013 2.2938034560140541 2.2956755464846692 2.2975558166041679 2.2989786713233551 2.298932797492629 2.29893644864929 2.2990061150318359 2.29914135326641 2.2993417386135109 2.2996068864156687 2.2999364078272846 2.3003298077212433 2.3007865398866323 2.3013060783802137 2.3018879160612276 2.3025315643462467 2.3032365529660086 2.3040024297322002 2.3048287561384986 2.3057142232520418 2.3066548963314784 2.3074637535578661 2.3076361099140739 2.3079343680505797 2.3083575467076294 2.308904691080226 2.3095748473956075 2.3103669290993887 2.3112798884666304 2.3123127130296419 2.3134644163022444 2.3147340375965806 2.316120641847383 2.3175861348293787 2.3190368609398715 2.32046830515656 2.321880424819867 2.3232727230250791 2.3246442076404943 2.325994657837545 2.3273238060677648 2.3286316445135258 2.3299180538196653 2.3311827328360217 2.3324256404431525 2.3336467472559854 2.3348460213197488 2.3360234281149967 2.3371811254506398 2.338352235853657 2.3395468432792148 2.340734188940345 2.3418994242180786 2.3430425053824644 2.3441633861164641 2.3452620175140093 2.3463382274991416 2.34699081404779 2.3473254310147382 2.347639068247275 2.3479316303142448 2.3482030250089814 2.3484582540820473 2.3487629726628079 2.3491370321307303 2.3495801070185873 2.3500918872140044 2.3506720778561845 2.3513202381215987 2.352035896864892 2.3528187114483194 2.3536683552477413 2.3545845175338429 2.3555669033585485 2.3566041298567368 2.3576292415590938 2.3586309113211721 2.3596086481065779 2.3605620249166996 2.3614910166392709 2.3623955959154239 2.3632757331428103 2.3637889680042745 2.3629949796399305 2.362292091992928 2.3616799486183808 2.3611582097077717 2.360726551980906 2.3603846685823955 2.3601322689829773 2.3599646632398423 2.3598002967207372 2.3596084562228934 2.3593890083554117 2.3591419072198563 2.3588671099611251 2.3585646538022913 2.3582345209567062 2.3578766661160788 2.3574911305917077 2.3570779319123054 2.3566370469337872 2.3561684501036306 2.355672113464971 2.3551480066590038 2.3545960969276738 2.3540163491144104 2.3534100041764758 2.3528096928391244 2.3522295078482429 2.3516692079767618 2.3511285816331502 2.3499385736987488 2.3484948906370433 2.3470227691006036 2.345522106901349 2.3439927997087322 2.3424767832298019 2.3410310688129483 2.3396558589788423 2.3383510454095657 2.3371165331164621 2.335952436691942 2.3348591725422203 2.3338365400123879 2.3328843141804563 2.3320023416288023 2.3311904285313139 2.330448301528425 2.3297757005775703 2.3291723788734369 2.328638102766436 2.3281726516842229 2.3277758180560988 2.3274474072405207 2.3271872374554117 2.3269951397113116 2.3268709577474582 2.3268145479705513 2.3268257793962923 2.3269045335936576 2.3270507046317528 2.3272641990294334 2.327544885609897 2.3273024123634571 2.3266645318664825 2.3260948749795962 2.3255933902159582 2.3251601000641657 2.3247949736690336 2.3244978247121706 2.3242684792261308 2.3241067755434899 2.3240125642209568 2.323985707965941 2.3240260815659126 2.3241335718200831 2.3243080774738072 2.3245495091552932 2.3248577893148763 2.3252328450756359 2.3256745479681071 2.326182763887469 2.3267573732432743 2.327398267986772 2.3281053515501751 2.3288591517384738 2.3295888494766164 2.3302879864258723 2.3309566062549503 2.3315947502718344 2.3322024574376563 2.3327795821762431 2.3333259543441693 2.3338416231872707 2.3343266355078249 2.3347810340061441 2.3352048401424335 2.3355981124825029 2.3359609140061726 2.3362933020326246 2.3365953314337982 2.3368670546534527 2.337108521725364 2.3373197802904842 2.3375008756141598 2.3376518506018038 2.3377727458146125 2.3378635994841765 2.3379244475267384 2.337955323556582 2.3379562588989748 2.3379272826022603 2.3378935344679936 2.337847077486328 2.3377708826738974 2.3376649939270315 2.3375294252198935 2.3373642106314865 2.3371693819780242 2.3369449688270398 2.3366909985106625 2.3364074961385577 2.3360944846099434 2.3357519846251837 2.3353800146969061 2.3349785911600929 2.3345477281822848 2.3340874377724243 2.3335977767821214 2.3330789186665606 2.3325308974438563 2.3319538670924937 2.3313481640884004 2.3307138196879942 2.3300508494961396 2.3293780271064697 2.3287688513705689 2.3282308325924239 2.3277640291112567 2.3273684252346736 2.3270440106039119 2.3267907845130162 2.3266087558526554 2.3264979430557129 2.3264583740448939 2.3264900861819102 2.326593126218488 2.3267675502491931 2.3270134658383479 2.3273311163711008 2.3277205225203885 2.3281816846074164 2.3287146120814883 2.3293193234739 2.3299958463537149 2.3307442172849697 2.3315644817861112 2.3324566942907574 2.3334209181103995 2.3344571524889703 2.3355650622950601 2.3367445911192584 2.337995741262298 2.3393137308532097 2.3406281329860827 2.3419156921285076 2.3431765409750831 2.3444106211779707 2.3456179004411886 2.3467984906473354 2.34795250173917 2.3490800417445517 2.3501812168010203 2.3512561311799223 2.3523048873096437 2.3533275857989704 2.3543243254593937 2.3552952033274561 2.3562403146860764 2.3571597530859125 2.3580536103661824 2.3589217843056538 2.3597641846268025 2.360043793377105 2.3595338602819593 2.3588981003373997 2.3582386155806683 2.3575554377866101 2.3568485972246651 2.3561181226692978 2.3553640414102217 2.3545940592951418 2.353877715906938 2.3532317096768227 2.3526561272413047 2.3521510636484102 2.3517166223210504 2.3513529150217116 2.3510600618187958 2.3508381982788165 2.3506878440521644 2.3506092765660926 2.3506025389576339 2.3506676153360284 2.3508044885397967 2.3510131494430482 2.3512935969358799 2.3516458378850436 2.3520698870963117 2.3525657672783908 2.3531335090087584 2.3537731507011079 2.3544811327269737 2.3551918150360902 2.3558807799121695 2.3565480946352166 2.3571937127745679 2.3578179335063574 2.3584209931362849 2.3590029792229985 2.3595639778842297 2.3601040738160988 2.3606233437608419 2.3611217436367951 2.3615993116785154 2.3620561346531916 2.3624922978534886 2.3629078851176035 2.363302978848993 2.3636776600359775 2.3640320082706134 2.364366101767474 2.3646800173817137 2.3649738306271844 2.3652563166139875 2.3655778919700223 2.3659469627049088 2.3663636365095995 2.3668280278558376 2.3673402579796221 2.3679004548662479 2.368508753236656 2.3691652945351063 2.3698667301465393 2.3705650269522707 2.3712447082001189 2.3719058603190279 2.3725485684313008 2.3731729163719839 2.3737789867086461 2.3742163093395421 2.3745416912997999 2.3748489282160183 2.3751380910224085 2.3754092493966077 2.375640211496914 2.375506396649091 2.3754301816063714 2.3754116815547142 2.3754510190119138 2.375548323815762 2.3757037331135575 2.3759173913531844 2.3761894589830099 2.3765200555596819 2.3769092641695941 2.3773571750967131 2.3778638858237198 2.3784297022394676 2.3790548096511897 2.3797392527495425 2.3804830836098105 2.3808774806929045 2.3808892611483756 2.3808486244452349 2.3807921894319093 2.3807199949221682 2.3806320786780586 2.3805284774204689 2.3804092268399004 2.3802743616067419 2.3801239153813509 2.3799579233507395 2.3797765296420561 2.379602198190987 2.3794894961941222 2.3794410832795427 2.3794570243097488 2.3795373917287552 2.3796822655459264 2.3798673367083265 2.3800398415233452 2.380198009793443 2.380341885202244 2.3804715104491674 2.380586927261223 2.3804715323409953 2.3797202730785836 2.3789540600162198 2.3781728991476321 2.3773813060418751 2.3766371969199733 2.3759589966811783 2.3753473025664755 2.3748022129860047 2.3743238124670203 2.37391219368949 2.3735674574758545 2.3732897127827823 2.3730790766949195 2.3729356744204644 2.3728590130560079 2.3727999586194932 2.3727275543594613 2.3726418283442539 2.3725428078030126 2.3724305191340571 2.3723049879126696 2.3721663095274583 2.3720148646141892 2.3715237163368865 2.3705825581310047 2.369648590295288 2.3687681597576282 2.3679433897781648 2.3671744177015532 2.3664613890321822 2.3658044574455537 2.3652037848015182 2.3646595411593516 2.3641719047948309 2.3637410622190216 2.3633672081992301 2.3630505457816104 2.362791286315816 2.3625898592376142 2.3624468093554092 2.3623603367124955 2.362283141870023 2.3621950441692556 2.3620960709982439 2.3619863683912601 2.3618659744943433 2.3617348987939875 2.3615931501878902 2.3612631858128657 2.3596907761905563 2.3581083298660919 2.3565157709764617 2.3549133395210626 2.3533609551837573 2.3519035858890023 2.3505424047277161 2.3492779736740053 2.3481106380140195 2.3470407528274522 2.3452358771567461 2.3425572356149824 2.3397535298921541 2.3369436561156918 2.3341279855055044 2.3313063853835745 2.3284786945654554 2.3256447513058012 2.3228043932646116 2.3199574574737039 2.3171037803022636 2.3142431974225883 2.3113763288527931 2.3085188927238036 2.3057357919394703 2.3030346990759947 2.3004159175411281 2.2978797624379865 2.2954265605952138 2.2930566505989849 2.2907703828277288 2.2885681502791408 2.2864507348694225 2.2843791172943972 2.2823016518252115 2.2802179889632126 2.2781280069337022 2.276031583367542 2.2739290960062459 2.2718211213512318 2.2697075435853309 2.2675882463936476 2.265463112941192 2.2633320258461889 2.2611948671538342 2.2590515183089859 2.2569018601293318 2.2547457727778211 2.2525831357351453 2.2504138539480136 2.2482383187909223 2.2460566055728068 2.2438685908869385 2.2416741506905913 2.2394738222871386 2.2372679765190084 2.2350566299005146 2.2328396994992752 2.2306312773120887 2.2284833109529005 2.2264009158775866 2.2243844725708595 2.2224343730120037 2.2205510207378008 2.2187348309084722 2.2169862303759063 2.2153056577543442 2.2136936517287564 2.2121510667661179 2.2106676000773486 2.2086692214161086 2.206666487911042 2.2046963245282112 2.2028499199638993 2.2011320660203286 2.1995434010642123 2.1980845739733508 2.1967562440249333 2.1955590807884939 2.1944937640238908 2.1935609835843262 2.1927614393249555 2.1920958410174554 2.1915649082703128 2.1906038958018041 2.1895814051809843 2.1886358876466812 2.1877522601559343 2.1868707848339839 2.1859853722995828 2.1850959770370397 2.1842025531255289 2.183305054227433 2.1824034335766007 2.1814976439661931 2.1805876377366595 2.1796733667632728 2.1787547824436468 2.1778318356848225 2.1769044864300033 2.1759729261549108 2.1750372155776656 2.1740975473480137 2.1731539995250801 2.1722065061884543 2.1712550009066081 2.1702994167193097 2.1693396861201149 2.1683757410382523 2.1674075128207151 2.1664349322136469 2.1654603640845878 2.1645775147191908 2.1638349885528778 2.1632335765408035 2.1627740927691392 2.162457164715478 2.1622834089011693 2.162250039698884 2.1622587843281433 2.1622641723213625 2.1622661725234802 2.1622647533442962 2.1622598827490247 2.1622515282488175 2.1622396568908058 2.1622242352481815 2.1622052294097092 2.1621826049691544 2.1621562729695398 2.1621261688165303 2.1604339270241137 2.1587186813911381 2.1569974003069778 2.1552699389281416 2.1535365273330869 2.1517973848017209 2.1500523334374639 2.1483011941775207 2.146543786739866 2.1447799295684256 2.143009439777845 2.1412321330972044 2.1393506567630793 2.1373604179878174 2.1353633309686266 2.1333591926448654 2.1313477984845637 2.1293289424183715 2.1273024167728289 2.1252680122024903 2.1232258472715047 2.1211762740770617 2.1191190540974496 2.1170539425833796 2.1147853293848882 2.1117775634253375 2.1087609531614726 2.1057356220566383 2.1027012484064125 2.0996575084668683 2.0966040763454017 2.0935406238899685 2.0904668205769181 2.0873823333973429 2.0842868267414771 2.0811799622817113 2.0780641314400077 2.0750415113251588 2.0721702172063661 2.0694516715302944 2.0668826164124257 2.0643503138821635 2.0618081649962123 2.0592558494440332 2.0566930446521163 2.0541194256674364 2.0515346650390689 2.0489384326983857 2.0463303958371726 2.0437102187840392 2.0410775628784505 2.0384321629698414 2.0357749764242983 2.0331069695660764 2.0304278967367608 2.0277950964753662 2.0252893232963518 2.0229117207307867 2.0206629229739601 2.0185435925912514 2.0165544206797779 2.0146961189270112 2.0128956759182937 2.0110824247768595 2.0092560693671042 2.0074165980052689 2.0055643493101951 2.0036994934750774 2.0018223833537476 1.9999327156693805 1.9980301846204414 1.9961144817840109 1.9941852959905895 1.9922448148091265 1.9904180717789679 1.9887759421062947 1.9873198769839047 1.9860513953570704 1.9849453743443857 1.9838502722368667 1.9827420806248297 1.9816205808373495 1.9804857140000183 1.9793377857895016 1.9781766039853359 1.9759583905731049 1.9735685148145605 1.9711601933873915 1.9687330427738909 1.9662867164690696 1.9638217244725662 1.9613380631917796 1.9588353647868422 1.9563656429497591 1.9540797277267363 1.9518402857863084 1.9495810263418625 1.9473019304075436 1.9461553239654636</DataArray>
        <DataArray type="Float64" Name="surface_wall_gap_um" format="ascii">1.0051209774846241 1.0089642516711457 1.0129788702242084 1.0172100274846712 1.021653305933184 1.0262547554342849 1.0308578114820808 1.0354507489060196 1.0400295067633409 1.0445938237057752 1.0486342003201212 1.0518646238678035 1.0553246404506447 1.0590100615273736 1.0629168582571393 1.0670409074892355 1.0713766587916971 1.0759184306483709 1.0806616783488965 1.0855183823635017 1.0903564323709383 1.0951731330345258 1.0995507894641534 1.1035075980233513 1.1074520547707694 1.1113846855577219 1.1153512402763386 1.1194977592684379 1.1238316039964167 1.1283489289179753 1.1330463261197192 1.1379205099174894 1.1429683143894482 1.1481866909601044 1.1533979804513352 1.1575667516111685 1.1617156868791632 1.1658450828723708 1.1699555102913712 1.1740474419305909 1.1781203613896938 1.1821479846958507 1.1861148224002316 1.1900640573003094 1.1939961266985359 1.1979111207768449 1.2018082393884837 1.2056878089218661 1.2095502414264112 1.2132830758396256 1.216189183157192 1.2190781054137676 1.2219497631553253 1.2248039472458041 1.227640923641959 1.2304609512906235 1.2332642823317437 1.2360511622728518 1.2388218301567795 1.2415765187227528 1.2443154545614346 1.2469937721680369 1.2493326874146944 1.2515514679117228 1.2537567104169902 1.2559481315303129 1.2581234768558924 1.2602824342610828 1.262470819105066 1.2647007492853137 1.2669144695669734 1.2691121161232126 1.2712938203842687 1.2734597091247608 1.2756099045473472 1.2777445112201531 1.2798632011723847 1.2819658769032223 1.2840526468913283 1.2861232263944564 1.2881774635541283 1.2902152825456972 1.2922349856232649 1.2942458101009724 1.2963475866288565 1.2982742780552834 1.299739645938192 1.3012466591434531 1.3029144726068931 1.3047507313624165 1.3067538391880817 1.3089222361739077 1.3112543985395224 1.3137487061085833 1.3163746548504254 1.3185535871382232 1.320462674043454 1.3223534342450065 1.3242255247156216 1.3261057948351203 1.3275286495543073 1.3274827757235812 1.3274864268802422 1.3275560932627883 1.3276913314973624 1.3278917168444631 1.3281568646466213 1.328486386058237 1.3288797859521955 1.3293365181175845 1.3298560566111661 1.3304378942921797 1.3310815425771991 1.331786531196961 1.3325524079631523 1.3333787343694508 1.334264201482994 1.3352048745624308 1.3360137317888183 1.336186088145026 1.3364843462815321 1.3369075249385816 1.3374546693111784 1.3381248256265597 1.3389169073303411 1.3398298666975825 1.3408626912605943 1.3420143945331966 1.343284015827533 1.3446706200783354 1.3461361130603309 1.3475868391708239 1.3490182833875122 1.3504304030508192 1.3518227012560313 1.3531941858714465 1.3545446360684974 1.355873784298717 1.357181622744478 1.3584680320506177 1.3597327110669741 1.3609756186741049 1.3621967254869378 1.363395999550701 1.3645734063459489 1.3657311036815925 1.3669022140846094 1.368096821510167 1.3692841671712972 1.370449402449031 1.3715924836134166 1.3727133643474163 1.3738119957449615 1.3748882057300937 1.3755407922787424 1.3758754092456906 1.3761890464782272 1.376481608545197 1.3767530032399335 1.3770082323129997 1.37731295089376 1.3776870103616827 1.3781300852495395 1.3786418654449566 1.3792220560871367 1.3798702163525509 1.3805858750958444 1.3813686896792716 1.3822183334786935 1.3831344957647951 1.3841168815895009 1.385154108087689 1.3861792197900464 1.3871808895521245 1.3881586263375301 1.3891120031476518 1.390040994870223 1.3909455741463763 1.3918257113737627 1.3923389462352267 1.3915449578708829 1.3908420702238804 1.3902299268493332 1.3897081879387241 1.3892765302118584 1.3889346468133477 1.3886822472139295 1.3885146414707945 1.3883502749516894 1.3881584344538456 1.3879389865863641 1.3876918854508087 1.3874170881920775 1.3871146320332435 1.3867844991876586 1.3864266443470312 1.3860411088226601 1.3856279101432576 1.3851870251647396 1.384718428334583 1.3842220916959231 1.3836979848899562 1.3831460751586262 1.3825663273453626 1.3819599824074282 1.3813596710700766 1.3807794860791953 1.380219186207714 1.3796785598641024 1.378488551929701 1.3770448688679955 1.3755727473315558 1.3740720851323014 1.3725427779396844 1.3710267614607543 1.3695810470439007 1.3682058372097945 1.3669010236405179 1.3656665113474145 1.3645024149228944 1.3634091507731725 1.3623865182433401 1.3614342924114087 1.3605523198597547 1.3597404067622663 1.3589982797593771 1.3583256788085225 1.357722357104389 1.3571880809973884 1.3567226299151753 1.356325796287051 1.3559973854714729 1.3557372156863639 1.3555451179422642 1.3554209359784106 1.3553645262015037 1.3553757576272447 1.3554545118246097 1.3556006828627052 1.3558141772603858 1.3560948638408492 1.3558523905944095 1.3552145100974347 1.3546448532105484 1.3541433684469109 1.3537100782951179 1.353344951899986 1.353047802943123 1.352818457457083 1.3526567537744421 1.3525625424519092 1.3525356861968931 1.352576059796865 1.3526835500510355 1.3528580557047596 1.3530994873862454 1.3534077675458285 1.3537828233065883 1.3542245261990595 1.3547327421184214 1.3553073514742267 1.3559482462177241 1.3566553297811275 1.3574091299694262 1.3581388277075686 1.3588379646568245 1.3595065844859027 1.3601447285027868 1.3607524356686085 1.3613295604071955 1.3618759325751217 1.3623916014182231 1.3628766137387773 1.3633310122370963 1.3637548183733859 1.3641480907134553 1.3645108922371247 1.364843280263577 1.3651453096647503 1.3654170328844049 1.3656584999563162 1.3658697585214365 1.3660508538451122 1.3662018288327562 1.3663227240455647 1.3664135777151289 1.3664744257576906 1.3665053017875344 1.3665062371299272 1.3664772608332127 1.3664435126989458 1.3663970557172804 1.3663208609048501 1.3662149721579837 1.3660794034508459 1.3659141888624389 1.3657193602089763 1.365494947057992 1.3652409767416147 1.3649574743695099 1.3646444628408956 1.3643019628561359 1.3639299929278583 1.3635285693910451 1.3630977064132375 1.3626374160033767 1.3621477550130736 1.3616288968975128 1.361080875674809 1.3605038453234461 1.3598981423193528 1.3592637979189466 1.358600827727092 1.3579280053374219 1.3573188296015211 1.3567808108233761 1.3563140073422091 1.3559184034656258 1.355593988834864 1.3553407627439689 1.3551587340836078 1.3550479212866651 1.355008352275846 1.3550400644128626 1.3551431044494404 1.3553175284801453 1.3555634440693001 1.355881094602053 1.3562705007513409 1.3567316628383685 1.3572645903124405 1.3578693017048522 1.3585458245846675 1.3592941955159219 1.3601144600170634 1.3610066725217098 1.3619708963413519 1.3630071307199227 1.3641150405260123 1.3652945693502108 1.3665457194932504 1.3678637090841621 1.3691781112170351 1.37046567035946 1.3717265192060353 1.3729605994089231 1.374167878672141 1.3753484688782878 1.3765024799701222 1.377630019975504 1.3787311950319727 1.3798061094108744 1.3808548655405961 1.3818775640299226 1.3828743036903461 1.3838451815584083 1.3847902929170286 1.3857097313168649 1.3866035885971348 1.387471762536606 1.3883141628577549 1.3885937716080574 1.3880838385129117 1.3874480785683521 1.3867885938116207 1.3861054160175623 1.3853985754556173 1.3846681009002504 1.3839140196411741 1.3831440375260942 1.3824276941378901 1.3817816879077751 1.3812061054722569 1.3807010418793626 1.3802666005520026 1.379902893252664 1.3796100400497482 1.3793881765097686 1.3792378222831165 1.379159254797045 1.3791525171885863 1.3792175935669806 1.3793544667707491 1.3795631276740008 1.3798435751668321 1.3801958161159957 1.3806198653272643 1.381115745509343 1.3816834872397106 1.3823231289320601 1.3830311109579259 1.3837417932670426 1.3844307581431217 1.385098072866169 1.3857436910055201 1.3863679117373098 1.3869709713672373 1.3875529574539507 1.3881139561151818 1.3886540520470512 1.3891733219917941 1.3896717218677475 1.3901492899094678 1.390606112884144 1.391042276084441 1.3914578633485557 1.3918529570799452 1.3922276382669299 1.3925819865015656 1.3929160799984264 1.3932299956126659 1.3935238088581365 1.3938062948449397 1.3941278702009747 1.3944969409358612 1.3949136147405516 1.3953780060867897 1.3958902362105743 1.3964504330972001 1.3970587314676084 1.3977152727660584 1.3984167083774917 1.3991150051832228 1.3997946864310713 1.4004558385499803 1.4010985466622532 1.4017228946029361 1.4023289649395985 1.4027662875704947 1.403091669530752 1.403398906446971 1.4036880692533606 1.4039592276275599 1.4041901897278664 1.4040563748800432 1.4039801598373236 1.4039616597856666 1.4040009972428662 1.4040983020467142 1.4042537113445097 1.4044673695841368 1.4047394372139623 1.4050700337906346 1.4054592424005463 1.4059071533276652 1.4064138640546722 1.40697968047042 1.4076047878821421 1.4082892309804946 1.4090330618407627 1.4094274589238571 1.4094392393793278 1.4093986026761871 1.4093421676628617 1.4092699731531206 1.409182056909011 1.4090784556514213 1.4089592050708528 1.4088243398376943 1.4086738936123033 1.4085079015816917 1.4083265078730083 1.4081521764219393 1.4080394744250744 1.4079910615104949 1.408007002540701 1.4080873699597074 1.4082322437768788 1.4084173149392789 1.4085898197542976 1.4087479880243952 1.4088918634331964 1.4090214886801196 1.4091369054921754 1.4090215105719475 1.4082702513095358 1.407504038247172 1.4067228773785843 1.4059312842728275 1.4051871751509255 1.4045089749121304 1.4038972807974279 1.4033521912169573 1.4028737906979727 1.4024621719204426 1.4021174357068069 1.4018396910137345 1.4016290549258719 1.4014856526514168 1.4014089912869603 1.4013499368504456 1.4012775325904137 1.401191806575206 1.401092786033965 1.4009804973650095 1.400854966143622 1.4007162877584107 1.4005648428451414 1.4000736945678387 1.3991325363619569 1.3981985685262404 1.3973181379885804 1.3964933680091172 1.3957243959325054 1.3950113672631346 1.3943544356765059 1.3937537630324703 1.3932095193903038 1.3927218830257833 1.3922910404499738 1.3919171864301823 1.3916005240125628 1.3913412645467687 1.3911398374685664 1.3909967875863614 1.3909103149434479 1.3908331201009754 1.390745022400208 1.3906460492291961 1.3905363466222123 1.3904159527252957 1.3902848770249399 1.3901431284188424 1.3898131640438181 1.3882407544215085 1.3866583080970443 1.3850657492074141 1.383463317752015 1.3819109334147095 1.3804535641199545 1.3790923829586683 1.3778279519049577 1.3766606162449719 1.3755907310584046 1.3737858553876983 1.3711072138459348 1.3683035081231065 1.3654936343466439 1.3626779637364566 1.3598563636145267 1.3570286727964076 1.3541947295367533 1.3513543714955638 1.3485074357046563 1.345653758533216 1.3427931756535405 1.3399263070837453 1.3370688709547558 1.3342857701704225 1.3315846773069469 1.3289658957720802 1.3264297406689387 1.3239765388261659 1.3216066288299373 1.319320361058681 1.3171181285100932 1.3150007131003747 1.3129290955253496 1.3108516300561639 1.308767967194165 1.3066779851646546 1.3045815615984941 1.3024790742371983 1.3003710995821842 1.2982575218162831 1.2961382246245998 1.2940130911721441 1.2918820040771413 1.2897448453847864 1.2876014965399383 1.285451838360284 1.2832957510087735 1.2811331139660975 1.2789638321789658 1.2767882970218747 1.2746065838037592 1.2724185691178906 1.2702241289215435 1.268023800518091 1.2658179547499608 1.263606608131467 1.2613896777302276 1.2591812555430408 1.2570332891838527 1.254950894108539 1.2529344508018116 1.2509843512429561 1.2491009989687529 1.2472848091394244 1.2455362086068587 1.2438556359852964 1.2422436299597086 1.2407010449970703 1.2392175783083008 1.2372191996470607 1.2352164661419944 1.2332463027591634 1.2313998981948515 1.2296820442512812 1.2280933792951647 1.2266345522043034 1.2253062222558855 1.2241090590194463 1.223043742254843 1.2221109618152786 1.2213114175559081 1.2206458192484078 1.2201148865012652 1.2191538740327563 1.2181313834119365 1.2171858658776336 1.2163022383868864 1.2154207630649363 1.214535350530535 1.2136459552679919 1.2127525313564813 1.2118550324583857 1.2109534118075531 1.2100476221971452 1.2091376159676117 1.208223344994225 1.2073047606745992 1.2063818139157747 1.2054544646609555 1.204522904385863 1.2035871938086182 1.2026475255789661 1.2017039777560325 1.2007564844194067 1.1998049791375602 1.1988493949502623 1.197889664351067 1.1969257192692047 1.1959574910516675 1.1949849104445993 1.1940103423155402 1.193127492950143 1.19238496678383 1.1917835547717559 1.1913240710000916 1.1910071429464302 1.1908333871321217 1.1908000179298364 1.1908087625590955 1.1908141505523147 1.1908161507544324 1.1908147315752486 1.1908098609799771 1.1908015064797699 1.190789635121758 1.1907742134791339 1.1907552076406613 1.190732583200107 1.190706251200492 1.1906761470474825 1.1889839052550661 1.1872686596220907 1.1855473785379302 1.1838199171590937 1.182086505564039 1.1803473630326733 1.1786023116684161 1.1768511724084731 1.1750937649708182 1.173329907799378 1.1715594180087971 1.1697821113281568 1.1679006349940315 1.1659103962187698 1.163913309199579 1.1619091708758176 1.1598977767155159 1.1578789206493239 1.1558523950037811 1.1538179904334425 1.1517758255024571 1.1497262523080138 1.1476690323284018 1.1456039208143318 1.1433353076158403 1.1403275416562897 1.137310931392425 1.1342856002875907 1.1312512266373647 1.1282074866978209 1.1251540545763541 1.1220906021209209 1.1190167988078703 1.1159323116282953 1.1128368049724293 1.1097299405126637 1.1066141096709601 1.1035914895561112 1.1007201954373185 1.0980016497612466 1.0954325946433778 1.0929002921131157 1.0903581432271645 1.0878058276749853 1.0852430228830685 1.0826694038983888 1.0800846432700213 1.0774884109293383 1.074880374068125 1.0722601970149914 1.0696275411094029 1.0669821412007938 1.0643249546552505 1.0616569477970286 1.058977874967713 1.0563450747063186 1.053839301527304 1.0514616989617391 1.0492129012049123 1.0470935708222038 1.0451043989107303 1.0432460971579633 1.0414456541492461 1.0396324030078119 1.0378060475980566 1.0359665762362211 1.0341143275411473 1.0322494717060295 1.0303723615847 1.0284826939003326 1.0265801628513938 1.0246644600149633 1.0227352742215416 1.0207947930400787 1.0189680500099203 1.0173259203372471 1.0158698552148571 1.0146013735880228 1.0134953525753381 1.0124002504678189 1.0112920588557821 1.0101705590683019 1.0090356922309704 1.007887764020454 1.0067265822162883 1.0045083688040573 1.0021184930455129 0.99971017161834386 0.99728302100484323 0.99483669470002201 0.99237170270351849 0.9898880414227319 0.98738534301779446 0.98491562118071141 0.98262970595768873 0.98039026401726059 0.97813100457281477 0.9758519086384958 0.97470530219641605</DataArray>
      </PointData>
      <CellData />
      <Points>
        <DataArray type="Float64" NumberOfComponents="3" format="ascii">0.00014335840564614811 0.00012636571998308154 0.00012452681226262171 0.00014337840078509906 0.00012637268189662844 0.00012454215750098781 0.00014339827837366091 0.00012637963073269565 0.00012455744811739293 0.00014341804341747193 0.00012638656784569335 0.00012457268723517666 0.00014343770081980158 0.0001263934945730319 0.00012458787791785468 0.00014345725538658226 0.00012640041223631294 0.0001246030231721934 0.00014347670620268627 0.00012640732111145192 0.00012461812305029381 0.00014349604924587396 0.00012641422054962407 0.0001246331752379083 0.0001435152761796489 0.00012642110696627618 0.00012464817037614932 0.00014353438866692729 0.00012642798046134598 0.0001246631086715125 0.00014355339103955568 0.00012643484213775697 0.00012467799288894905 0.00014357228754187062 0.00012644169308546129 0.00012469282574137567 0.00014359108233462229 0.00012644853438228599 0.00012470760989211676 0.00014360977949875003 0.00012645536709475665 0.00012472234795725734 0.00014362838303901766 0.00012646219227890041 0.0001247370425079117 0.00014364689560198191 0.00012646901045734778 0.00012475169506850027 0.00014366531236233661 0.00012647581927782098 0.0001247663015036077 0.00014368362754564842 0.00012648261744894085 0.00012478085871011041 0.00014370184297412362 0.00012648940555608064 0.0001247953679303908 0.00014371996243285775 0.00012649618461313004 0.00012480983145845171 0.00014373798963653847 0.00012650295562299693 0.00012482425154948014 0.000143755923429128 0.0001265097176685779 0.00012483862570542736 0.00014377375838727451 0.00012651646814384622 0.00012485294733942693 0.0001437914979398778 0.00012652320797289964 0.00012486721864135185 0.00014380914559613208 0.00012652993812788208 0.00012488144190630899 0.00014382670480028606 0.00012653665957073596 0.00012489561939048462 0.00014384417893441515 0.00012654337325385535 0.00012490975331290289 0.00014386157114407164 0.0001265500800743227 0.00012492384575570051 0.00014387887817213677 0.00012655677924372754 0.00012493789509838537 0.00014389610001654913 0.0001265634707986434 0.00012495190150153758 0.0001439132397764978 0.00012657015559003478 0.00012496586689052447 0.00014393030049904667 0.00012657683446168951 0.00012497979316131576 0.0001439472851812804 0.00012658350825071502 0.00012499368218177114 0.00014396419677238146 0.00012659017778802477 0.00012500753579288955 0.00014398103817564171 0.0001265968438988155 0.00012502135581002116 0.00014399781005636154 0.00012660350650043744 0.00012503514179244631 0.00014401450641663173 0.0001266101627822051 0.00012504888658675532 0.00014403112930503522 0.00012661681325791324 0.00012506259130042849 0.00014404768147373772 0.00012662345874328449 0.00012507625777726357 0.00014406416509398493 0.00012663009988490877 0.00012508988750585984 0.00014408057628765154 0.00012663673548899315 0.00012510347824312801 0.00014409691598734898 0.0001266433658100514 0.00012511703062351387 0.00014411318674497156 0.00012664999159934525 0.00012513054626618175 0.00014412939107418215 0.00012665661360320956 0.0001251440267679842 0.00014414553145193274 0.00012666323256342824 0.00012515747370439928 0.00014416160870346693 0.00012666984849557636 0.00012517088730492782 0.00014417761943985778 0.00012667645954470301 0.00012518426434177734 0.00014419356570963894 0.00012668306629683745 0.00012519760604330293 0.00014420944997838681 0.00012668966953524821 0.0001252109139880811 0.00014422527467621227 0.00012669627003791893 0.00012522418973388486 0.00014424103876181199 0.00012670286714633035 0.00012523743123081562 0.00014425673806000184 0.00012670945890869484 0.00012525063322238464 0.0001442723715113573 0.0001267160449326356 0.00012526379503874049 0.00014428793692521839 0.0001267226244418698 0.00012527691526621821 0.00014430343655455851 0.00012672919816931178 0.00012528999536457456 0.00014431887261853629 0.00012673576684187749 0.0001253030367724639 0.00014433424730383372 0.0001267423311808452 0.00012531604090829316 0.00014434956276588399 0.00012674889190220065 0.00012532900917100394 0.00014436482113006449 0.00012675544971697583 0.00012534194294083349 0.00014438002449285674 0.00012676200533158152 0.00012535484358005495 0.00014439517492297461 0.00012676855944813458 0.00012536771243369852 0.00014441027446246245 0.00012677511276477981 0.00012538055083025377 0.00014442532512776401 0.00012678166597600692 0.00012539336008235427 0.0001444403289107638 0.00012678821977296284 0.00012540614148744546 0.00014445528777980225 0.00012679477484375999 0.00012541889632843622 0.00014447020060020838 0.00012680133070107011 0.00012543162347925438 0.0001444850582043951 0.00012680788357857475 0.00012544431407104809 0.00014449986092679025 0.00012681443348536891 0.00012545696772045057 0.00014451461063248226 0.00012682098107931507 0.00012546958565586957 0.00014452930916252177 0.00012682752701398606 0.00012548216908972874 0.00014454395833481888 0.00012683407193894109 0.00012549471921905655 0.00014455855994501766 0.00012684061649999721 0.00012550723722606043 0.00014457311576734867 0.0001268471613394968 0.00012551972427868655 0.00014458762755546078 0.00012685370709657111 0.00012553218153116611 0.0001446020970432329 0.0001268602544074 0.00012554461012454841 0.00014461652582098595 0.00012686680384338717 0.00012555701108210568 0.0001446309114117059 0.00012687335395452731 0.00012556938199584104 0.00014464525357084192 0.00012687990440729473 0.00012558172233824002 0.00014465955403203978 0.00012688645586043641 0.00012559403325367177 0.00014467381060380939 0.00012689300745856192 0.0001256063130589146 0.00014468802263865876 0.0001268995589399073 0.00012561856114948414 0.00014470219132987528 0.00012690611073212416 0.00012563077806908806 0.00014471631256802081 0.00012691266094391163 0.00012564295868420784 0.00014473038651855602 0.00012691920955639629 0.00012565510250237287 0.00014474441479842346 0.00012692575719042005 0.00012566721060310257 0.00014475839900521736 0.00012693230446270359 0.00012567928405198513 0.00014477234071789426 0.00012693885198609075 0.00012569132390115897 0.00014478624149746674 0.00012694540036978851 0.00012570333118978205 0.00014480010288768074 0.00012695195021960348 0.00012571530694448978 0.00014481392641567731 0.00012695850213817451 0.00012572725217984193 0.0001448277135926392 0.00012696505672520197 0.00012573916789875887 0.00014484146591442327 0.00012697161457767394 0.00012575105509294779 0.00014485518486217889 0.00012697817629008911 0.00012576291474331901 0.00014486887001225412 0.00012698474170255803 0.00012577474641994982 0.0001448825191194352 0.00012699130992939114 0.00012578654832407152 0.00014489613353870406 0.00012699788151680899 0.00012579832130797197 0.00014490971468890404 0.00012700445703945254 0.00012581006627113747 0.00014492326397564837 0.00012701103706971303 0.00012582178410325078 0.0001449367815028834 0.00012701762157916397 0.00012583347429921362 0.00014495026352519594 0.00012702420875031998 0.00012584513224390376 0.00014496371098280647 0.0001270307989408483 0.0001258567583908349 0.00014497712522758795 0.00012703739270323637 0.00012586835364097269 0.00014499050759847614 0.00012704399058760884 0.00012587991888505948 0.00014500385942197588 0.00012705059314191571 0.00012589145500396047 0.00014501718201265671 0.00012705720091211819 0.00012590296286900228 0.000145030476673639 0.00012706381444237236 0.00012591444334230398 0.00014504374314131208 0.00012707043341296254 0.00012592589593902055 0.00014505697911079262 0.00012707705637441603 0.00012593731841794586 0.00014507018337785429 0.00012708368284812329 0.00012594870974023934 0.00014508335442424178 0.00012709031224808563 0.00012596006862723591 0.00014509649354452439 0.00012709694512253605 0.00012597139590561553 0.00014510960202093184 0.00012710358201713774 0.00012598269239236308 0.0001451226811238419 0.0001271102234751658 0.00012599395889509714 0.00014513573211224156 0.00012711687003768725 0.00012600519621237447 0.00014514875623417939 0.00012712352224373861 0.00012601640513398792 0.00014516175470868841 0.00012713018062122244 0.00012602758642160601 0.00014517472487461243 0.00012713684375481192 0.00012603873673410631 0.00014518766568888346 0.00012714351103574746 0.00012604985448261413 0.00014520057835072192 0.00012715018298104766 0.00012606094046537978 0.00014521346404862179 0.000127156860105682 0.00012607199547158955 0.00014522632396076472 0.00012716354292273464 0.00012608302028165196 0.00014523915925542655 0.00012717023194356583 0.00012609401566747791 0.00014525197109137598 0.00012717692767797139 0.00012610498239275461 0.00014526475984114217 0.00012718363031759822 0.00012611592062572129 0.00014527752302576682 0.00012719033889064949 0.00012612682836855713 0.00014529026134774316 0.00012719705371979099 0.00012613770601488771 0.00014530297592990548 0.00012720377530100622 0.00012614855427448186 0.00014531566788625357 0.00012721050412885804 0.00012615937384944639 0.00014532833832231142 0.00012721724069663474 0.00012617016543446256 0.00014534098833547969 0.00012722398549649443 0.00012618092971701785 0.00014535361901538198 0.00012723073901960811 0.00012619166737763265 0.00014536623144420575 0.00012723750175630151 0.0001262023790900826 0.00014537882669703729 0.00012724427419619582 0.00012621306552161631 0.00014539140584219159 0.00012725105682834755 0.00012622372733316872 0.00014540396818194478 0.00012725784918170402 0.0001262343633740551 0.00014541651099959945 0.00012726464968093018 0.00012624497044807993 0.00014542903327825047 0.00012727145755962396 0.00012625554744522609 0.00014544153327811845 0.00012727827160786671 0.00012626609265528138 0.00014545401205182635 0.00012728509230928677 0.00012627660677192644 0.00014546646942489524 0.00012729191964087677 0.00012628708956496487 0.00014547890326977209 0.00012729875276798326 0.00012629753932569133 0.00014549131445490578 0.00012730559209609899 0.00012630795658789582 0.00014550370400239916 0.00012731243809625256 0.00012631834199948778 0.00014551607292634329 0.00012731929123806549 0.0001263286962011459 0.00014552842223312647 0.00012732615198988257 0.00012633901982652448 0.00014554075292173748 0.000127333020818901 0.00012634931350245514 0.00014555306598406403 0.0001273398981912983 0.00012635957784914444 0.00014556536240518597 0.00012734678457235906 0.0001263698134803676 0.00014557764316366385 0.00012735368042660061 0.00012638002100365782 0.00014558990923182289 0.00012736058621789768 0.00012639020102049239 0.00014560216157603249 0.00012736750240960608 0.00012640035412647471 0.00014561440115698181 0.00012737442946468555 0.00012641048091151306 0.00014562662892995083 0.00012738136784582198 0.00012642058195999571 0.00014563884525200098 0.00012738831766355123 0.00012643065727162845 0.00014565104714429452 0.00012739527704722206 0.00012644070360366566 0.00014566323429493827 0.00012740224579321012 0.00012645072046832466 0.00014567540437181032 0.00012740922295430198 0.00012646070604947266 0.00014568755772747461 0.00012741620872576244 0.00012647066050643755 0.00014569969526848035 0.00012742320354064635 0.00012648058440592553 0.00014571181789547482 0.00012743020783132864 0.00012649047830872511 0.00014572392650344693 0.00012743722202961146 0.00012650034276986792 0.00014573602198196756 0.00012744424656683094 0.00012651017833878672 0.00014574810521542582 0.00012745128187396264 0.0001265199855594699 0.00014576017708326235 0.000127458328381727 0.00012652976497061339 0.00014577223846019914 0.0001274653865206936 0.00012653951710576945 0.0001457842878981659 0.00012747245522630755 0.00012654924053905373 0.00014579632423287724 0.00012747953361868478 0.00012655893408839122 0.00014580834834687791 0.00012748662214042203 0.00012656859829863161 0.00014582036111755847 0.00012749372123359784 0.00012657823370921267 0.00014583236341738915 0.00012750083133988217 0.00012658784085431315 0.00014584435611415065 0.00012750795290064574 0.00012659742026300281 0.00014585634007116164 0.00012751508635706814 0.00012660697245938982 0.00014586831433728689 0.00012752223134538412 0.00012661649666133938 0.00014588027739299327 0.00012752938724700454 0.00012662599167149343 0.00014589222752050515 0.00012753655284343648 0.00012663545565755308 0.00014590416323497478 0.00012754372706107639 0.000126644887025864 0.00014591608536219152 0.00012755091031354431 0.0001266542862949644 0.00014592799472279146 0.00012755810301373342 0.00012666365397797995 0.00014593989213246573 0.00012756530557390684 0.00012667299058276304 0.00014595177840216622 0.00012757251840579318 0.00012668229661202943 0.00014596365433830794 0.0001275797419206818 0.0001266915725634921 0.00014597552074296899 0.00012758697652951709 0.00012670081892999279 0.00014598737841408762 0.00012759422264299231 0.00012671003619963106 0.0001459992281456567 0.00012760148067164298 0.00012671922485589087 0.00014601107072791572 0.00012760875102593957 0.00012672838537776507 0.00014602290694754061 0.00012761603411638002 0.00012673751823987764 0.00014603473758783097 0.00012762333035358132 0.00012674662391260367 0.00014604656342889538 0.00012763064014837148 0.00012675570286218752 0.00014605838524783468 0.00012763796391188054 0.00012676475555085874 0.00014607020131986864 0.00012764530088493802 0.00012677378070999578 0.00014608201083855557 0.00012765265073629663 0.000126782777700787 0.0001460938145680365 0.00012766001387086914 0.00012679174696669362 0.00014610561307048275 0.0001276673905594481 0.00012680068878568121 0.0001461174040955772 0.00012767477917471985 0.00012680960115344085 0.00014612918743925959 0.00012768217947198751 0.00012681848373338313 0.00014614096379235718 0.00012768959181196172 0.00012682733691365847 0.00014615273090315295 0.00012769701452522211 0.00012683615864400236 0.00014616448802804921 0.00012770444697876292 0.00012684494815175015 0.00014617623590993197 0.00012771188956646292 0.00012685370590262895 0.00014618797528772112 0.00012771934268167523 0.00012686243235779924 0.00014619970689654289 0.00012772680671731273 0.00012687112797397026 0.00014621143146790019 0.00012773428206593304 0.00012687979320351306 0.00014622314972984082 0.00012774176911982285 0.00012688842849457185 0.00014623486240712349 0.00012774926827108178 0.00012689703429117304 0.00014624657022138196 0.00012775677991170588 0.00012690561103333284 0.00014625827389128728 0.00012776430443367048 0.00012691415915716273 0.00014626997168072701 0.00012777184100862005 0.0001269226774839647 0.00014628166275761794 0.00012777938925602526 0.00012693116542588566 0.00014629334782973255 0.00012778694956207186 0.0001269396234042538 0.00014630502760173102 0.00012779452231278377 0.0001269480518364909 0.00014631670277531601 0.00012780210789410258 0.00012695645113621065 0.00014632837404938582 0.00012780970669196677 0.00012696482171331542 0.00014634004212018588 0.0001278173190923906 0.00012697316397409123 0.00014635170768145851 0.00012782494548154266 0.00012698147832130126 0.00014636337142459163 0.00012783258624582397 0.00012698976515427806 0.00014637503403876526 0.00012784024177194618 0.00012699802486901404 0.00014638669621109759 0.00012784791244700914 0.00012700625785825082 0.00014639835862678891 0.00012785559865857862 0.0001270144645115671 0.00014641002196926492 0.00012786330079476372 0.00012702264521546511 0.00014642168479121561 0.00012787101772378327 0.00012703079874361233 0.00014643334183334468 0.00012787874557047821 0.00012703892103152129 0.00014644499342799538 0.00012788648446466252 0.0001270470122482387 0.00014645664024570622 0.00012789423478192991 0.00012705507281453784 0.00014646828104760982 0.00012790199588506022 0.00012706310196926741 0.00014647991445471329 0.00012790976706072448 0.00012707109886223416 0.00014649154112890764 0.0001279175486793546 0.00012707906390199586 0.00014650316172887194 0.00012792534111093071 0.00012708699749315778 0.00014651477691021567 0.00012793314472505334 0.00012709490003647155 0.00014652638732561799 0.00012794095989101655 0.00012710277192892684 0.0001465379936249651 0.00012794878697788083 0.0001271106135638416 0.0001465495964554864 0.0001279566263545453 0.00012711842533095057 0.00014656119646188893 0.00012796447838981978 0.00012712620761649263 0.00014657279428649053 0.00012797234345249633 0.00012713396080329666 0.0001465843905693515 0.00012798022191142059 0.0001271416852708659 0.00014659598594840516 0.00012798811413556265 0.00012714938139546123 0.00014660758105958699 0.00012799602049408797 0.00012715704955018313 0.00014661917653696274 0.00012800394135642758 0.00012716469010505218 0.00014663077301285528 0.00012801187709234857 0.00012717230342708871 0.00014664237111797047 0.00012801982807202411 0.00012717988988039102 0.00014665397148152216 0.00012802779466610347 0.00012718744982621275 0.00014666557359647642 0.00012803577660167365 0.0001271949829698467 0.00014667717541558086 0.00012804377273108332 0.00012720248812837911 0.00014668877744852718 0.00012805178335762669 0.00012720996558856514 0.00014670038031473434 0.00012805980884814374 0.00012721741569833784 0.00014671198437920811 0.00012806784938434085 0.00012722483862262805 0.00014672358551123493 0.00012807590181531007 0.00012723223144072852 0.0001467351812043355 0.00012808396416439795 0.00012723959246155542 0.00014674677206894746 0.00012809203678879446 0.00012724692206666653 0.00014675835871279458 0.00012810012004534383 0.00012725422063392076 0.00014676994174101499 0.00012810821429060294 0.0001272614885375909 0.00014678152175628313 0.0001281163198809079 0.00012726872614844586 0.00014679309935893017 0.00012812443717244036 0.00012727593383383122 0.00014680467514706326 0.00012813256652129359 0.00012728311195774893 0.00014681624971668345 0.00012814070828353802 0.0001272902608809353 0.00014682782366180254 0.00012814886281528677 0.0001272973809609381 0.00014683939757455881 0.00012815703047276049 0.00012730447255219219 0.0001468509720453318 0.00012816521161235258 0.00012731153600609431 0.00014686254715650781 0.00012817340628424275 0.00012731857140240306 0.00014687412057630905 0.00012818161307752367 0.00012732557753792812 0.00014688569242291016 0.00012818983206365161 0.00012733255450709272 0.00014689726327903445 0.00012819806359637426 0.0001273395026486565 0.00014690883372552781 0.00012820630802951551 0.00012734642229831348 0.00014692040434146944 0.00012821456571703862 0.0001273533137887619 0.00014693197570428133 0.00012822283701310918 0.00012736017744977327 0.00014694354838983736 0.00012823112227215781 0.00012736701360826038 0.00014695512297257092 0.0001282394218489427 0.00012737382258834397 0.00014696670002558213 0.00012824773609861219 0.0001273806047114189 0.00014697828012074396 0.00012825606537676692 0.00012738736029621885 0.00014698986382880795 0.00012826441003952212 0.00012739408965888057 0.00014700144982883814 0.00012827276900646001 0.00012740079188700788 0.00014701303645353942 0.00012828114093351302 0.00012740746585328567 0.00014702462427483492 0.00012828952617919135 0.00012741411188668192 0.0001470362138631426 0.00012829792510225542 0.00012742073031326475 0.00014704780562490265 0.0001283063379364275 0.00012742732136567059 0.00014705939735336866 0.00012831476291605455 0.00012743388383380875 0.00014707098603509644 0.00012832319798004052 0.00012744041626020096 0.00014708257112584362 0.00012833164276935852 0.00012744691844634304 0.00014709415318196452 0.00012834009763258291 0.00012745339072269254 0.00014710573275771371 0.00012834856291806695 0.00012745983341647268 0.00014711731040535048 0.00012835703897400358 0.0001274662468517414 0.0001471288866752421 0.00012836552614848586 0.00012747263134945918 0.00014714046211596637 0.00012837402478956729 0.00012747898722755555 0.00014715203727441305 0.00012838253524532163 0.00012748531480099505 0.00014716361269588449 0.00012839105786390263 0.00012749161438184157 0.00014717518892419542 0.00012839959299360348 0.00012749788627932216 0.00014718676650177185 0.00012840814098291617 0.00012750413079988955 0.00014719834596974929 0.00012841670218059062 0.00012751034824728399 0.00014720992786807028 0.00012842527693569366 0.00012751653892259393 0.00014722151273558118 0.00012843386559766788 0.00012752270312431599 0.00014723310111012817 0.00012844246851639039 0.00012752884114841388 0.00014724469352865298 0.00012845108604223157 0.00012753495328837676 0.00014725629052728771 0.00012845971852611365 0.00012754103983527644 0.00014726789038479597 0.00012846836474991524 0.00012754710004484024 0.00014727948852707906 0.00012847702127597872 0.00012755313152977617 0.00014729108482171513 0.00012848568793362569 0.00012755913420220338 0.00014730267980534313 0.00012849436507625893 0.00012756510836291795 0.0001473142740128691 0.00012850305305713906 0.00012757105430980198 0.00014732586797756484 0.0001285117522294455 0.00012757697233788562 0.00014733746223116577 0.00012852046294633716 0.00012758286273940834 0.00014734905730396782 0.00012852918556101301 0.00012758872580387906 0.00014736065372492375 0.0001285379204267722 0.00012759456181813528 0.00014737225202173865 0.00012854666789707415 0.00012760037106640163 0.00014738385272096478 0.00012855542832559841 0.00012760615383034728 0.00014739545634809563 0.00012856420206630454 0.00012761191038914257 0.00014740706342765959 0.00012857298947349137 0.00012761764101951485 0.00014741867448331272 0.00012858179090185679 0.00012762334599580351 0.00014743028929916412 0.00012859060612521194 0.00012762902523692576 0.00014744190591969991 0.00012859943354746393 0.00012763467783655417 0.00014745352468434922 0.00012860827337733225 0.00012764030399201027 0.00014746514500113008 0.00012861712517097851 0.00012764590356053346 0.00014747676474721831 0.00012862598739030287 0.00012765147581395681 0.00014748838432422285 0.0001286348603036389 0.00012765702098560311 0.0001475000042455263 0.00012864374426020848 0.00012766253934939773 0.00014751162502330096 0.00012865263960929677 0.00012766803117679368 0.00014752324716859754 0.00012866154670030958 0.00012767349673682474 0.00014753487028517148 0.00012867046515967033 0.0001276789358289687 0.000147546491803878 0.00012867939288014205 0.00012768434713816102 0.00014755811201349556 0.00012868833003526383 0.00012768973082876364 0.00014756973142571926 0.0001286972769774313 0.0001276950871783873 0.00014758135055082915 0.00012870623405887314 0.00012770041646205813 0.00014759296989778076 0.00012871520163171033 0.00012770571895227324 0.00014760458997429505 0.00012872418004801519 0.00012771099491905552 0.00014761621128694767 0.00012873316965987004 0.00012771624463000773 0.00014762783434125752 0.00012874217081942579 0.00012772146835036573 0.00014763945964177484 0.00012875118387896043 0.0001277266663430509 0.0001476510876921689 0.00012876020919093696 0.00012773183886872198 0.00014766271840508866 0.00012876924666403456 0.00012773698599165292 0.00014767434940038055 0.0001287782944827539 0.00012774210702083585 0.00014768598080872557 0.00012878735272128783 0.00012774720209025829 0.00014769761313021302 0.00012879642173257698 0.00012775227145352718 0.00014770924686386574 0.00012880550186957464 0.00012775731536201961 0.00014772088250772646 0.00012881459348530494 0.00012776233406493198 0.0001477325205589435 0.00012882369693292079 0.00012776732780932868 0.00014774416151385589 0.00012883281256576167 0.00012777229684018973 0.0001477558058680782 0.00012884194073741129 0.00012777724140045828 0.00014776745411658476 0.00012885108180175526 0.00012778216173108719 0.00014777910675379359 0.00012886023611303839 0.00012778705807108508 0.00014779076365628577 0.00012886940352616622 0.00012779193037888571 0.00014780242211556767 0.00012887858180346445 0.00012779677745026612 0.00014781408217681886 0.00012888777093624174 0.0001278015993302157 0.00014782574433473217 0.00012889697128043337 0.00012780639626531988 0.0001478374090831403 0.00012890618319204305 0.00012781116850007284 0.00014784907691510116 0.00012891540702720204 0.0001278159162769256 0.00014786074804470442 0.0001289246429228174 0.00012782063975906252 0.00014787242008565694 0.00012893388896615673 0.00012782533838671115 0.00014788409124767208 0.00012894314368666873 0.00012783001156480687 0.00014789576066229703 0.00012895240634280545 0.00012783465899230293 0.00014790742882096744 0.00012896167728901112 0.00012783928091821039 0.00014791909621387827 0.00012897095687945854 0.00012784387758936431 0.00014793076333006788 0.00012898024546810767 0.00012784844925047172 0.00014794243065750166 0.00012898954340876371 0.00012785299614415921 0.00014795409868315488 0.00012899885105513485 0.0001278575185110197 0.00014796576789309531 0.00012900816876089017 0.00012786201658965862 0.00014797743877256514 0.00012901749687971707 0.00012786649061673962 0.00014798911180606268 0.00012902683576537853 0.00012787094082702954 0.00014800078747742343 0.00012903618577177038 0.00012787536745344306 0.00014801246626990099 0.00012904554725297836 0.00012787977072708647 0.00014802414866624738 0.00012905492056333509 0.00012788415087730117 0.00014803583514879344 0.00012906430605747672 0.00012788850813170673 0.00014804752405828616 0.00012907370233487971 0.00012789284187759924 0.00014805921354802602 0.00012908310783991112 0.00012789715145847253 0.0001480709014303674 0.00012909252073693757 0.00012790143649953813 0.00014808258717690292 0.0001291019405519004 0.00012790569700521918 0.00014809427127178136 0.00012911136764175477 0.00012790993320992863 0.00014810595419790685 0.0001291208023630827 0.00012791414534605151 0.00014811763643702208 0.00012913024507215238 0.00012791833364399059 0.00014812931846979087 0.00012913969612497744 0.00012792249833221131 0.00014814100077588025 0.00012914915587737566 0.00012792663963728611 0.00014815268383404207 0.00012915862468502751 0.00012793075778393833 0.00014816436812219408 0.00012916810290353477 0.00012793485299508536 0.00014817605411750057 0.00012917759088847857 0.00012793892549188142 0.00014818774229645269 0.00012918708899547747 0.00012794297549375972 0.00014819943313494835 0.00012919659758024526 0.00012794700321847421 0.00014821112710837171 0.00012920611699864873 0.00012795100888214069 0.00014822282469167247 0.00012921564760676529 0.00012795499269927763 0.00014823452635944474 0.00012922518976094053 0.00012795895488284631 0.00014824623258600578 0.00012923474381784555 0.00012796289564429085 0.00014825794380107961 0.00012924431009711634 0.00012796681518535769 0.00014826965800012346 0.00012925388686788828 0.00012797071325604592 0.00014828137435570464 0.00012926347339373772 0.00012797458982387504 0.00014829309151079389 0.00012927306850803503 0.00012797844447533723 0.00014830480739661106 0.00012928267044677884 0.0001279822765598975 0.00014831652249188722 0.0001292922795700264 0.00012798608629256138 0.00014832823727434379 0.00012930189623755665 0.00012798987388653094 0.00014833995222077569 0.00012931152080892375 0.00012799363955326822 0.00014835166780713291 0.00012932115364351697 0.00012799738350253672 0.00014836338450860103 0.00012933079510061998 0.00012800110594244208 0.000148375102799682 0.00012934044553947026 0.00012800480707947227 0.00014838682315427413 0.00012935010531931815 0.00012800848711853736 0.00014839854604575169 0.00012935977479948586 0.00012801214626300883 0.00014841027194704458 0.00012936945433942622 0.00012801578471475841 0.00014842200133071733 0.00012937914429878144 0.00012801940267419642 0.00014843373466904799 0.0001293888450374418 0.00012802300034030984 0.00014844547221991446 0.00012939855673770642 0.00012802657784179267 0.00014845721265559924 0.0001294082782642807 0.00012803013479944128 0.00014846895370170055 0.00012941800764270793 0.0001280336709458908 0.00014848069437007073 0.00012942774398965051 0.00012803718627036993 0.00014849243513757044 0.00012943748767198866 0.00012804068097666568 0.00014850417648034985 0.0001294472390565058 0.00012804415526697759 0.00014851591887392817 0.00012945699850994816 0.00012804760934195645 0.00014852766263745242 0.00012946676626547854 0.00012805104335507597 0.00014853940519383776 0.00012947654007081189 0.00012805445661173481 0.00014855114584845364 0.00012948631928252701 0.00012805784897166827 0.00014856288508487936 0.00012949610426725823 0.00012806122063886799 0.00014857462338576264 0.00012950589539133923 0.00012806457181564702 0.00014858636123290148 0.00012951569302086403 0.00012806790270267971 0.0001485980991073257 0.0001295254975217474 0.0001280712134990412 0.00014860983748937823 0.0001295353092597853 0.00012807450440224655 0.00014862157685879563 0.00012954512860071496 0.00012807777560828922 0.00014863331769478865 0.00012955495591027491 0.00012808102731167931 0.00014864506047612238 0.00012956479155426488 0.00012808425970548101 0.00014865680568119602 0.0001295746358986054 0.00012808747298135003 0.00014866855151938289 0.00012958448738700938 0.00012809066706667956 0.00014868029690285684 0.00012959434506311149 0.00012809384196868634 0.00014869204231277185 0.00012960420930197542 0.00012809699787472078 0.00014870378822966424 0.00012961408047857344 0.00012810013497067019 0.00014871553513353368 0.00012962395896784842 0.00012810325344099534 0.0001487272835039239 0.0001296338451447756 0.00012810635346876642 0.00014873903382000292 0.00012964373938442424 0.00012810943523569878 0.00014875078656064342 0.00012965364206201906 0.00012811249892218817 0.00014876254220450252 0.0001296635535530018 0.0001281155447073456 0.00014877429927304497 0.0001296734724883657 0.00012811857227633923 0.00014878605585346233 0.00012968339710488515 0.00012812158120649518 0.00014879781243577988 0.00012969332777770467 0.0001281245716801591 0.0001488095695094322 0.00012970326488185977 0.00012812754387823112 0.00014882132756334672 0.00012971320879233639 0.00012813049798021358 0.00014883308708602691 0.00012972315988413357 0.00012813343416424655 0.00014884484856563483 0.00012973311853232592 0.00012813635260714343 0.00014885661249007361 0.00012974308511212604 0.00012813925348442582 0.00014886837709450989 0.00012975305813236503 0.00012814213676728441 0.0001488801412609518 0.0001297630366434504 0.00012814500248304735 0.00014889190548200853 0.00012977302103280426 0.00012814785080243618 0.00014890367024977892 0.00012978301168777874 0.00012815068189483378 0.00014891543605593559 0.00012979300899572158 0.00012815349592831867 0.00014892720339180902 0.00012980301334404137 0.00012815629306969867 0.00014893897274847128 0.00012981302512027256 0.00012815907348454454 0.00014895074461681961 0.00012982304471214061 0.00012816183733722281 0.00014896251948765977 0.00012983307250762701 0.00012816458479092857 0.00014897429785178952 0.00012984310889503414 0.00012816731600771784 0.00014898608020008156 0.00012985315426305042 0.00012817003114853957 0.00014899786702356684 0.00012986320900081511 0.00012817273037326731 0.00014900965698197479 0.00012987327178806967 0.00012817541344638575 0.00014902144810478236 0.00012988334070796007 0.00012817807999701756 0.00014903324089642425 0.00012989341614942128 0.00012818073018672601 0.00014904503586112369 0.00012990349850150796 0.00012818336417585806 0.00014905683350297869 0.00012991358815345576 0.00012818598212359163 0.00014906863194432063 0.00012992368358776579 0.00012818858402198106 0.00014908043017318166 0.00012993378398685286 0.00012819116992080897 0.0001490922286998929 0.00012994388975459529 0.00012819373997409382 0.00014910402803440474 0.00012995400129484861 0.00012819629433465142 0.00014911582868637591 0.00012996411901151545 0.00012819883315412674 0.00014912763116526278 0.00012997424330861567 0.00012820135658302536 0.00014913943598040825 0.00012998437459035622 0.00012820386477074448 0.00014915124364113061 0.00012999451326120115 0.00012820635786560378 0.00014916305465681229 0.00013000465972594133 0.00012820883601487567 0.00014917486953698855 0.00013001481438976447 0.00012821129936481561 0.00014918668879143599 0.00013002497765832492 0.00012821374806069175 0.00014919851293026138 0.00013003514993781374 0.00012821618224681446 0.00014921034246399021 0.00013004533163502873 0.00012821860206656559 0.00014922217790365547 0.00013005552315744463 0.00012822100766242755 0.00014923401969905203 0.00013006572485281068 0.00012822339916473627 0.00014924586548920206 0.00013007593432768722 0.00012822577618577417 0.00014925771303976254 0.00013008614945248304 0.00012822813831278124 0.00014926955991390834 0.00013009636831988369 0.00012823048547031077 0.00014928140536468179 0.00013010659036463134 0.00012823281773490712 0.00014929324992947539 0.00013011681601243628 0.00012823513525032129 0.00014930509414517429 0.00013012704568885505 0.00012823743815915055 0.00014931693854825277 0.00013013727981936647 0.00012823972660286879 0.00014932878367487077 0.00013014751882944756 0.00012824200072185699 0.00014934063006097022 0.00013015776314464925 0.00012824426065543312 0.00014935247824237111 0.00013016801319067216 0.00012824650654188159 0.00014936432875486733 0.00013017826939344218 0.00012824873851848266 0.00014937618213432271 0.00013018853217918627 0.00012825095672154132 0.00014938803891676673 0.00013019880197450792 0.00012825316128641588 0.00014939989963849042 0.000130209079206463 0.00012825535234754643 0.00014941176483614218 0.00013021936430263544 0.00012825753003848278 0.00014942363504682351 0.00013022965769121319 0.00012825969449191242 0.0001494355108081852 0.00013023995980106419 0.00012826184583968804 0.00014944739265852335 0.00013025027106181245 0.0001282639842128547 0.00014945928092879285 0.00013026059174916761 0.00012826610973306135 0.00014947117222857307 0.00013027091909777072 0.00012826822225544206 0.00014948306321903282 0.0001302812498301562 0.00012827032141448009 0.00014949495426956827 0.00013029158419817626 0.00012827240730861099 0.00014950684594003172 0.00013030192264783412 0.00012827448006421589 0.00014951873879008818 0.00013031226562519629 0.00012827653980674298 0.00014953063337931906 0.00013032261357647477 0.00012827858666073457 0.00014954253026732583 0.00013033296694810916 0.0001282806207498539 0.00014955443001383358 0.00013034332618684888 0.00012828264219691188 0.00014956633317879446 0.00013035369173983519 0.00012828465112389324 0.00014957824032249133 0.0001303640640546836 0.00012828664765198258 0.00014959015200564145 0.00013037444357956622 0.00012828863190159033 0.00014960206878950004 0.00013038483076329403 0.00012829060399237812 0.00014961399123596426 0.0001303952260553998 0.00012829256404328437 0.00014962591990767723 0.00013040562990622066 0.00012829451217254926 0.0001496378553681323 0.0001304160427669814 0.00012829644849773986 0.00014964979818177772 0.00013042646508987764 0.0001282983731357748 0.00014966174831048404 0.00013043689688997429 0.00012830028618368702 0.00014967370325741624 0.00013044733640187517 0.00012830218765822528 0.00014968566317601203 0.00013045778379005711 0.00012830407765821564 0.00014969762824048309 0.00013046823910697062 0.00012830595624604282 0.00014970959586032518 0.00013047869950616486 0.00012830782314344311 0.00014972156596228839 0.00013048916476787235 0.00012830967838167541 0.00014973353913166334 0.00013049963536110982 0.00012831152207229751 0.00014974551595405813 0.00013051011175533198 0.00012831335432617557 0.00014975749701551033 0.00013052059442052091 0.00012831517525350777 0.00014976948290259937 0.00013053108382727555 0.0001283169849638481 0.00014978147420255877 0.00013054158044690153 0.00012831878356612969 0.00014979347150338875 0.00013055208475150113 0.00012832057116868816 0.00014980547539396918 0.00013056259721406344 0.0001283223478792847 0.00014981748646417263 0.00013057311830855499 0.00012832411380512898 0.00014982950530497793 0.0001305836485100104 0.00012832586905290203 0.000149841532508584 0.0001305941882946237 0.00012832761372877886 0.00014985356866852425 0.00013060473813983984 0.000128329347938451 0.00014986561282728984 0.0001306152974047849 0.00012833107174905906 0.00014987766296171772 0.00013062586468618771 0.00012833278519962623 0.00014988971966707507 0.00013063644047378567 0.00012833448839169733 0.00014990178354449291 0.00013064702526187911 0.00012833618142643545 0.00014991385519628588 0.00013065761954595862 0.00012833786440453887 0.00014992593481424798 0.00013066822338777832 0.00012833953738631261 0.00014993801976140132 0.00013067883385662121 0.0001283412001578657 0.00014995010998080491 0.00013068945073994203 0.00012834285275617274 0.00014996220608634641 0.00013070007453319272 0.00012834449528276675 0.00014997430869282939 0.00013071070573272565 0.00012834612783871243 0.0001499864184160957 0.00013072134483589179 0.00012834775052462756 0.00014999853587314781 0.00013073199234113928 0.00012834936344070449 0.000150010661682272 0.00013074264874811232 0.0001283509666867311 0.00015002279646316176 0.0001307533145577507 0.00012835256036211221 0.00015003494083704202 0.00013076399027238945 0.00012835414456589066 0.00015004709542679358 0.00013077467639585958 0.00012835571939676807 0.00015005926061762353 0.00013078537325823071 0.00012835728494849059 0.00015007143387036527 0.00013079607905146733 0.00012835884125736595 0.0001500836149194363 0.00013080679363951218 0.00012836038840209751 0.00015009580439434656 0.00013081751754287011 0.00012836192647815338 0.0001501080029260995 0.00013082825128347625 0.00012836345558067645 0.00015012021114732145 0.0001308389953848024 0.00012836497580450453 0.00015013242969239154 0.00013084975037196372 0.00012836648724419072 0.00015014465919757213 0.00013086051677182643 0.00012836798999402347 0.00015015689910473199 0.0001308712938613959 0.00012836948405913008 0.00015016914689413736 0.0001308820788604299 0.00012837096930030446 0.00015018140304307213 0.00013089287211951996 0.00012837244580234393 0.00015019366819705313 0.00013090367416496247 0.00012837391366218089 0.00015020594300320267 0.00013091448552450478 0.00012837537297648207 0.00015021822811038277 0.00013092530672745425 0.00012837682384166877 0.00015023052416932988 0.00013093613830478777 0.00012837826635393726 0.00015024283183279086 0.00013094698078926196 0.00012837970060927917 0.00015025515175565916 0.00013095783471552417 0.00012838112670350148 0.00015026748228583542 0.00013096869887246435 0.00012838254469169747 0.00015027982193325417 0.00013097957217984648 0.00012838395463088298 0.00015029217135572866 0.00013099045518704297 0.00012838535661516035 0.00015030453121290047 0.00013100134844512033 0.00012838675073843331 0.00015031690216637934 0.00013101225250695546 0.00012838813709442693 0.00015032928487988454 0.00013102316792735285 0.00012838951577670752 0.00015034168001938647 0.00013103409526316271 0.00012839088687870249 0.00015035408825324976 0.00013104503507339974 0.00012839225049372034 0.00015036651025237698 0.00013105598791936292 0.00012839360671497072 0.0001503789464452934 0.00013106695411477281 0.00012839495562183537 0.00015039139400617208 0.00013107793065112092 0.00012839629711249907 0.0001504038525399513 0.00013108891699457274 0.00012839763122442257 0.00015041632272515422 0.00013109991370562364 0.00012839895805535483 0.00015042880524253704 0.000131110921346735 0.00012840027770294325 0.00015044130077523663 0.00013112194048245552 0.00012840159026475417 0.00015045381000891882 0.0001311329716795432 0.00012840289583829353 0.00015046633168184145 0.00013114401396164852 0.00012840419448250618 0.00015047886377461781 0.00013115506576021142 0.00012840548624103219 0.00015049140697428001 0.00013116612765674173 0.00012840677121062286 0.00015050396197004159 0.00013117720023472291 0.00012840804948793349 0.00015051652945344149 0.00013118828407973217 0.00012840932116954998 0.00015052911011849692 0.0001311993797795691 0.00012841058635200932 0.00015054170466185737 0.00013121048792438569 0.0001284118451318205 0.00015055431378295975 0.00013122160910681733 0.0001284130976054851 0.00015056693818418486 0.00013123274392211467 0.00012841434386951843 0.00015057957857101526 0.000131243892968277 0.0001284155840204703 0.00015059223565219428 0.00013125505684618674 0.00012841681815494626 0.00015060490995541515 0.00013126623597763844 0.00012841804636181683 0.00015061759857722758 0.00013127742739489461 0.00012841926858632796 0.00015063030083527484 0.00013128863031780633 0.00012842048487141604 0.00015064301744520525 0.00013129984534535413 0.00012842169531955802 0.00015065574912558435 0.00013131107307905204 0.00012842290003327799 0.00015066849375419973 0.00013132231175741997 0.00012842409904156092 0.00015068124992595569 0.00013133356022268776 0.00012842529238512874 0.00015069401754194678 0.00013134481837616128 0.0001284264800659893 0.00015070679711863403 0.00013135608665723421 0.00012842766216283432 0.00015071958938013671 0.00013136736568683446 0.00012842883877968951 0.00015073239505316037 0.00013137865608818392 0.00012843001002056388 0.00015074521486716259 0.00013138995848694019 0.0001284311759894727 0.00015075804955451993 0.00013140127351133916 0.00012843233679046042 0.00015077089985069609 0.00013141260179233896 0.00012843349252762376 0.00015078376649441184 0.00013142394396376526 0.00012843464330513453 0.00015079665022781617 0.00013143530066245769 0.00012843578922726334 0.00015080955179665921 0.00013144667252841817 0.00012843693039840269 0.00015082247195046683 0.00013145806020496017 0.00012843806692309061 0.00015083541058596829 0.00013146946351874145 0.00012843919887747747 0.00015084836422413813 0.00013148087906040491 0.00012844032622743402 0.00015086133237352903 0.00013149230633538532 0.00012844144904070748 0.00015087431191039712 0.00013150374261627275 0.00012844256729427689 0.00015088730298827747 0.00013151518802970971 0.00012844368107690676 0.00015090030636530436 0.0001315266432279698 0.0001284447904979269 0.00015091332280219629 0.00013153810886555611 0.00012844589566666451 0.00015092635306243501 0.00013154958559935466 0.00012844699669246925 0.00015093939791244548 0.00013156107408878931 0.00012844809368473789 0.00015095245812177732 0.00013157257499597758 0.00012844918675293957 0.00015096553446328803 0.00013158408898588815 0.00012845027600664097 0.00015097862771332757 0.0001315956167264996 0.00012845136155553147 0.00015099173865192454 0.00013160715888896056 0.00012845244350944871 0.00015100486806297458 0.00013161871614775168 0.00012845352197840416 0.00015101801673443019 0.00013163028918084898 0.00012845459707260876 0.00015103118545849289 0.00013164187866988931 0.00012845566890249907 0.00015104437503180728 0.00013165348530033713 0.00012845673757876317 0.00015105758602987739 0.00013166510955604259 0.00012845780320376148 0.0001510708115536324 0.00013167674505955906 0.00012845886561167972 0.00015108404873464854 0.00013168838911974804 0.00012845992478481289 0.00015109729838092977 0.00013170004242383666 0.00012846098083585104 0.00015111056130321569 0.00013171170566130946 0.00012846203387749418 0.00015112383831517961 0.00013172337952407714 0.00012846308402247945 0.00015113713023362819 0.00013173506470664625 0.00012846413138360783 0.00015115043787870266 0.00013174676190629039 0.0001284651760737715 0.00015116376207408168 0.00013175847182322258 0.00012846621820598089 0.000151177103647186 0.00013177019516076956 0.00012846725789339203 0.00015119046342938498 0.00013178193262554738 0.00012846829524933403 0.00015120384225620519 0.00013179368492763872 0.00012846933038733672 0.00015121724096754121 0.00013180545278077224 0.00012847036342115829 0.00015123066040786847 0.00013181723690250337 0.0001284713944648135 0.00015124410142645868 0.0001318290380143977 0.00012847242363260165 0.00015125756472220356 0.0001318408567005207 0.00012847345103147347 0.00015127104725222364 0.0001318526901362333 0.00012847447658366978 0.00015128454817647531 0.00013186453751336561 0.00012847550031952623 0.00015129806417248077 0.00013187639566569816 0.00012847652222273081 0.00015131159366629223 0.00013188826303577362 0.00012847754233015894 0.00015132513753944601 0.00013190014035242668 0.00012847856075462469 0.0001513386966768317 0.00013191202834712405 0.00012847957760900677 0.00015135227196692034 0.00013192392775415303 0.00012848059300627699 0.00015136586430199473 0.00013193583931081195 0.00012848160705952895 0.0001513794745783816 0.00013194776375760194 0.00012848261988200659 0.00015139310369668591 0.0001319597018384207 0.00012848363158713311 0.00015140675256202762 0.00013197165430075785 0.00012848464228854006 0.00015142042208428079 0.00013198362189589238 0.00012848565210009613 0.00015143411317831529 0.00013199560537909214 0.00012848666113593666 0.00015144782676424106 0.00013200760550981561 0.00012848766951049315 0.00015146156293444646 0.000132019622289294 0.00012848867729455113 0.00015147531810960071 0.00013203165236202558 0.00012848968436428483 0.00015148909256216492 0.00013204369590386926 0.00012849069079781696 0.00015150288724100679 0.00013205575370956341 0.00012849169670883342 0.000151516702515881 0.00013206782602876298 0.0001284927021908214 0.00015153053395063496 0.00013207990857885769 0.0001284937071676623 0.00015154438130175144 0.00013209200099144626 0.00012849471170700254 0.00015155824554543684 0.00013210410404146164 0.00012849571591884673 0.00015157212766207789 0.00013211621850694368 0.00012849671991332226 0.00015158602863651118 0.0001321283451692526 0.00012849772380070856 0.00015159994945829485 0.00013214048481328435 0.00012849872769146658 0.00015161389112198337 0.00013215263822768795 0.00012849973169626824 0.00015162785462740489 0.00013216480620508508 0.0001285007359260261 0.00015164184097994171 0.00013217698954229179 0.00012850174049192325 0.00015165585119081398 0.00013218918904054285 0.00012850274550544306 0.00015166988240859547 0.0001322014019916743 0.0001285037508717139 0.00015168393325811069 0.00013221362703584849 0.00012850475657249016 0.00015169800478308265 0.00013222586501225941 0.00012850576271791173 0.00015171209803261279 0.00013223811676411668 0.00012850676941833923 0.00015172621406148927 0.00013225038313889197 0.00012850777678438509 0.00015174035393049771 0.00013226266498856819 0.00012850878492694435 0.00015175451487549346 0.00013227495952549727 0.00012850979380708198 0.00015176869404153243 0.00013228726384231291 0.00012851080337830149 0.00015178289251511473 0.00013229957876356317 0.0001285118137465281 0.00015179711138776361 0.00013231190511731278 0.00012851282501785563 0.0001518113517563439 0.00013232424373538432 0.00012851383729857612 0.00015182561472338557 0.00013233659545360254 0.00012851485069520938 0.00015183990139741065 0.00013234896111204131 0.00012851586531453305 0.00015185421289326393 0.00013236134155527297 0.00012851688126361261 0.00015186854701806834 0.00013237373466565871 0.00012851789847482438 0.00015188290168323306 0.00013238613842622585 0.0001285189168839365 0.0001518972780431453 0.00013239855372593158 0.00012851993659688288 0.00015191167725804366 0.00013241098145784204 0.00012852095771982822 0.00015192610049437943 0.00013242342251940903 0.00012852198035919913 0.00015194054892518199 0.00013243587781274979 0.00012852300462171552 0.00015195502373042827 0.00013244834824492982 0.00012852403061442213 0.00015196952609741667 0.00013246083472824886 0.00012852505844472014 0.00015198405419773438 0.00013247333529329116 0.00012852608809350963 0.00015199860390459593 0.00013248584574618714 0.0001285271194420668 0.00015201317638865116 0.00013249836692926997 0.00012852815259162308 0.00015202777286852661 0.00013251089972877444 0.0001285291876454005 0.00015204239456943501 0.00013252344503531676 0.00012853022470689477 0.00015205704258473672 0.00013253600362197278 0.00012853126387258668 0.0001520717136073743 0.00013254857239082838 0.00012853230500627826 0.00015208640675632584 0.00013256115038778418 0.00012853334809806772 0.00015210112330757151 0.00013257373855737434 0.00012853439325147823 0.00015211586454359094 0.00013258633784841219 0.00012853544057030383 0.00015213063175378781 0.00013259894921430264 0.00012853649015864179 0.0001521454262349189 0.0001326115736133575 0.00012853754212092489 0.00015216024929152832 0.00013262421200911471 0.0001285385965619539 0.00015217510223638694 0.000132636865370661 0.00012853965358693064 0.00015218998639093752 0.00013264953467295853 0.00012854071330149078 0.00015220490308574556 0.00013266222089717574 0.00012854177581173707 0.00015221984932478594 0.00013267492093397789 0.00012854284103142269 0.00015223482165082882 0.00013268763120743998 0.00012854390885098319 0.000152249821413935 0.0001327003526662987 0.00012854497937317972 0.00015226484807826616 0.00013271308462539828 0.00012854605259921207 0.00015227989800951274 0.0001327258237257892 0.0001285471283629857 0.00015229497233865062 0.00013273857073953338 0.0001285482067543597 0.00015231007246891483 0.0001327513266727334 0.0001285492878777741 0.000152325199810887 0.00013276409253601485 0.00012855037183800882 0.0001523403557829906 0.00013277686934487867 0.00012855145874021806 0.00015235554181199188 0.00013278965812005706 0.00012855254868996538 0.00015237075933350667 0.00013280245988787364 0.00012855364179325846 0.00015238600979251352 0.0001328152756806076 0.00012855473815658429 0.00015240129464387357 0.00013282810653686251 0.00012855583788694494 0.00015241661535285764 0.00013284095350193996 0.00012855694109189313 0.00015243197339568084 0.00013285381762821817 0.00012855804787956836 0.00015244736974547612 0.00013286669950393219 0.00012855915833351504 0.00015246279734008788 0.00013287959241849818 0.0001285602721357268 0.00015247824977472746 0.00013289249052459028 0.00012856138897526526 0.0001524937279281727 0.00013290539434249651 0.00012856250892587936 0.00015250923332476936 0.00013291830494235608 0.00012856363209641595 0.0001525247674966923 0.00013293122339875282 0.00012856475859611088 0.00015254033198451125 0.00013294415079110819 0.00012856588853462711 0.00015255592833776272 0.00013295708820407819 0.00012856702202209322 0.00015257155811552854 0.00013297003672795458 0.000128568159169142 0.00015258722288702165 0.00013298299745907039 0.00012856930008694936 0.00015260292423217942 0.00013299597150021056 0.00012857044488727361 0.00015261866374226499 0.00013300895996102777 0.00012857159368249516 0.00015263444302047736 0.00013302196395846382 0.00012857274658565628 0.00015265026368257059 0.00013303498461717683 0.00012857390371050166 0.00015266612489160482 0.00013304802098476661 0.00012857506504283361 0.00015268202287107728 0.00013306106963517501 0.00012857623041706516 0.00015269795463485178 0.00013307412768868808 0.00012857739968828079 0.00015271391521322331 0.00013308719050903722 0.00012857857259613271 0.00015272990625878112 0.00013310025924411436 0.00012857974925835686 0.00015274592943316138 0.00013311333504662212 0.00012858092979317699 0.00015276198640763443 0.00013312641907451051 0.00012858211431933996 0.00015277807886375904 0.00013313951249142468 0.00012858330295615982 0.00015279420849404469 0.00013315261646715742 0.00012858449582356171 0.00015281037700262253 0.00013316573217810726 0.00012858569304212663 0.00015282658610592514 0.00013317886080774203 0.00012858689473313649 0.00015284283753337649 0.00013319200354706856 0.00012858810101861926 0.00015285913256574298 0.00013320516120709868 0.00012858931199977982 0.00015287546661550767 0.00013321832968175829 0.00012859052750595733 0.00015289183959423891 0.00013323150865966697 0.00012859174758198102 0.00015290825329320357 0.00013324469940575055 0.00012859297236130607 0.00015292470951698564 0.00013325790319260216 0.00012859420197819268 0.00015294120735074646 0.00013327111904215484 0.00012859543638239261 0.00015295773967490708 0.00013328434084143085 0.00012859667510235943 0.00015297430765970146 0.00013329756931944859 0.00012859791822816255 0.00015299091311043466 0.00013331080572642469 0.00012859916589281643 0.00015300755784422874 0.00013332405131889939 0.00012860041823002118 0.00015302424369077768 0.0001333373073602514 0.00012860167537421453 0.0001530409724931128 0.00013335057512121832 0.0001286029374606245 0.00015305774581113776 0.00013336385563308354 0.00012860420461365023 0.0001530745590682885 0.00013337714483004502 0.00012860547672021707 0.00015309141153496954 0.00013339044187285392 0.00012860675382628223 0.00015310830511695348 0.00013340374811504364 0.00012860803608264845 0.00015312524173362384 0.00013341706491759977 0.00012860932364096696 0.00015314222331882184 0.00013343039364955219 0.0001286106166537997 0.00015315925182170597 0.00013344373568857486 0.00012861191527468202 0.00015317632920762474 0.00013345709242159405 0.00012861321965818611 0.00015319345493186004 0.00013347046327281611 0.0001286145297625085 0.00015320203282856383 0.00013347715153061174 0.00012861518671860014</DataArray>
      </Points>
      <Lines>
        <DataArray type="Int64" Name="connectivity" format="ascii">0 1 2 3 4 5 6 7 8 9 10 11 12 13 14 15 16 17 18 19 20 21 22 23 24 25 26 27 28 29 30 31 32 33 34 35 36 37 38 39 40 41 42 43 44 45 46 47 48 49 50 51 52 53 54 55 56 57 58 59 60 61 62 63 64 65 66 67 68 69 70 71 72 73 74 75 76 77 78 79 80 81 82 83 84 85 86 87 88 89 90 91 92 93 94 95 96 97 98 99 100 101 102 103 104 105 106 107 108 109 110 111 112 113 114 115 116 117 118 119 120 121 122 123 124 125 126 127 128 129 130 131 132 133 134 135 136 137 138 139 140 141 142 143 144 145 146 147 148 149 150 151 152 153 154 155 156 157 158 159 160 161 162 163 164 165 166 167 168 169 170 171 172 173 174 175 176 177 178 179 180 181 182 183 184 185 186 187 188 189 190 191 192 193 194 195 196 197 198 199 200 201 202 203 204 205 206 207 208 209 210 211 212 213 214 215 216 217 218 219 220 221 222 223 224 225 226 227 228 229 230 231 232 233 234 235 236 237 238 239 240 241 242 243 244 245 246 247 248 249 250 251 252 253 254 255 256 257 258 259 260 261 262 263 264 265 266 267 268 269 270 271 272 273 274 275 276 277 278 279 280 281 282 283 284 285 286 287 288 289 290 291 292 293 294 295 296 297 298 299 300 301 302 303 304 305 306 307 308 309 310 311 312 313 314 315 316 317 318 319 320 321 322 323 324 325 326 327 328 329 330 331 332 333 334 335 336 337 338 339 340 341 342 343 344 345 346 347 348 349 350 351 352 353 354 355 356 357 358 359 360 361 362 363 364 365 366 367 368 369 370 371 372 373 374 375 376 377 378 379 380 381 382 383 384 385 386 387 388 389 390 391 392 393 394 395 396 397 398 399 400 401 402 403 404 405 406 407 408 409 410 411 412 413 414 415 416 417 418 419 420 421 422 423 424 425 426 427 428 429 430 431 432 433 434 435 436 437 438 439 440 441 442 443 444 445 446 447 448 449 450 451 452 453 454 455 456 457 458 459 460 461 462 463 464 465 466 467 468 469 470 471 472 473 474 475 476 477 478 479 480 481 482 483 484 485 486 487 488 489 490 491 492 493 494 495 496 497 498 499 500 501 502 503 504 505 506 507 508 509 510 511 512 513 514 515 516 517 518 519 520 521 522 523 524 525 526 527 528 529 530 531 532 533 534 535 536 537 538 539 540 541 542 543 544 545 546 547 548 549 550 551 552 553 554 555 556 557 558 559 560 561 562 563 564 565 566 567 568 569 570 571 572 573 574 575 576 577 578 579 580 581 582 583 584 585 586 587 588 589 590 591 592 593 594 595 596 597 598 599 600 601 602 603 604 605 606 607 608 609 610 611 612 613 614 615 616 617 618 619 620 621 622 623 624 625 626 627 628 629 630 631 632 633 634 635 636 637 638 639 640 641 642 643 644 645 646 647 648 649 650 651 652 653 654 655 656 657 658 659 660 661 662 663 664 665 666 667 668 669 670 671 672 673 674 675 676 677 678 679 680 681 682 683 684 685 686 687 688 689 690 691 692 693 694 695 696 697 698 699 700 701 702 703 704 705 706 707 708 709 710 711 712 713 714 715 716 717 718 719 720 721 722 723 724 725 726 727 728 729 730 731 732 733 734 735 736 737 738 739 740 741 742 743 744 745 746 747 748 749 750 751 752 753</DataArray>
        <DataArray type="Int64" Name="offsets" format="ascii">754</DataArray>
      </Lines>
      <Polys>
        <DataArray type="Int64" Name="connectivity" format="ascii" />
        <DataArray type="Int64" Name="offsets" format="ascii" />
      </Polys>
    </Piece>
  </PolyData>
</VTKFile>