Executing: uname -s
stdout: Linux
=============================================================================================
                         Configuring PETSc to compile on your system
=============================================================================================

================================================================================
================================================================================
Starting configure run at Fri, 18 Sep 2026 21:35:14 +0200
Configure Options: --configModules=PETSc.Configure --optionsModule=config.compilerOptions --prefix=/home/lzy/projects/formal_3D_flow_solver/FEM_SimVascular/external/install/sv1_1/petsc PETSC_ARCH=arch-native-opt --with-cc=/usr/bin/mpicc --with-cxx=/usr/bin/mpicxx --with-fc=0 --with-fortran-bindings=0 --with-debugging=0 --with-shared-libraries=1 --with-scalar-type=real --with-precision=double --with-64-bit-indices=0 --with-blaslapack-lib="[/lib/x86_64-linux-gnu/liblapack.so.3,/lib/x86_64-linux-gnu/libblas.so.3]" --with-x=0 --with-cuda=0 --with-hip=0 --with-opencl=0
Working directory: /home/lzy/projects/formal_3D_flow_solver/FEM_SimVascular/external/dependencies/sv1_1/petsc-3.19.6
Machine platform:
uname_result(system='Linux', node='localhost', release='6.6.87.2-microsoft-standard-WSL2', version='#1 SMP PREEMPT_DYNAMIC Thu Jun  5 18:30:46 UTC 2025', machine='x86_64')
Python version:
3.12.3 (main, Aug 31 2026, 10:18:26) [GCC 13.3.0]
================================================================================
  Environmental variables
SHELL=/bin/bash
COLORTERM=
WSL2_GUI_APPS_ENABLED=1
CONDA_EXE=/home/lzy/miniconda3/bin/conda
_CE_M=
WSL_DISTRO_NAME=Ubuntu
CODEX_VERSION=0.154.0-alpha.6.1
ELECTRON_RUN_AS_NODE=1
GH_PAGER=cat
NAME=localhost
PWD=/home/lzy/projects/formal_3D_flow_solver/FEM_SimVascular
LOGNAME=lzy
CONDA_PREFIX=/home/lzy/miniconda3
VSCODE_ESM_ENTRYPOINT=vs/workbench/api/node/extensionHostProcess
HOME=/home/lzy
CODEX_SESSION_ID=01a0b053-3f7f-7c22-be3d-07e998af9fd4
LANG=C.UTF-8
WSL_INTEROP=/run/WSL/3279_interop
LS_COLORS=rs=0:di=01;34:ln=01;36:mh=00:pi=40;33:so=01;35:do=01;35:bd=40;33;01:cd=40;33;01:or=40;31;01:mi=00:su=37;41:sg=30;43:ca=00:tw=30;42:ow=34;42:st=37;44:ex=01;32:*.tar=01;31:*.tgz=01;31:*.arc=01;31:*.arj=01;31:*.taz=01;31:*.lha=01;31:*.lz4=01;31:*.lzh=01;31:*.lzma=01;31:*.tlz=01;31:*.txz=01;31:*.tzo=01;31:*.t7z=01;31:*.zip=01;31:*.z=01;31:*.dz=01;31:*.gz=01;31:*.lrz=01;31:*.lz=01;31:*.lzo=01;31:*.xz=01;31:*.zst=01;31:*.tzst=01;31:*.bz2=01;31:*.bz=01;31:*.tbz=01;31:*.tbz2=01;31:*.tz=01;31:*.deb=01;31:*.rpm=01;31:*.jar=01;31:*.war=01;31:*.ear=01;31:*.sar=01;31:*.rar=01;31:*.alz=01;31:*.ace=01;31:*.zoo=01;31:*.cpio=01;31:*.7z=01;31:*.rz=01;31:*.cab=01;31:*.wim=01;31:*.swm=01;31:*.dwm=01;31:*.esd=01;31:*.avif=01;35:*.jpg=01;35:*.jpeg=01;35:*.mjpg=01;35:*.mjpeg=01;35:*.gif=01;35:*.bmp=01;35:*.pbm=01;35:*.pgm=01;35:*.ppm=01;35:*.tga=01;35:*.xbm=01;35:*.xpm=01;35:*.tif=01;35:*.tiff=01;35:*.png=01;35:*.svg=01;35:*.svgz=01;35:*.mng=01;35:*.pcx=01;35:*.mov=01;35:*.mpg=01;35:*.mpeg=01;35:*.m2v=01;35:*.mkv=01;35:*.webm=01;35:*.webp=01;35:*.ogm=01;35:*.mp4=01;35:*.m4v=01;35:*.mp4v=01;35:*.vob=01;35:*.qt=01;35:*.nuv=01;35:*.wmv=01;35:*.asf=01;35:*.rm=01;35:*.rmvb=01;35:*.flc=01;35:*.avi=01;35:*.fli=01;35:*.flv=01;35:*.gl=01;35:*.dl=01;35:*.xcf=01;35:*.xwd=01;35:*.yuv=01;35:*.cgm=01;35:*.emf=01;35:*.ogv=01;35:*.ogx=01;35:*.aac=00;36:*.au=00;36:*.flac=00;36:*.m4a=00;36:*.mid=00;36:*.midi=00;36:*.mka=00;36:*.mp3=00;36:*.mpc=00;36:*.ogg=00;36:*.ra=00;36:*.wav=00;36:*.oga=00;36:*.opus=00;36:*.spx=00;36:*.xspf=00;36:*~=00;90:*#=00;90:*.bak=00;90:*.crdownload=00;90:*.dpkg-dist=00;90:*.dpkg-new=00;90:*.dpkg-old=00;90:*.dpkg-tmp=00;90:*.old=00;90:*.orig=00;90:*.part=00;90:*.rej=00;90:*.rpmnew=00;90:*.rpmorig=00;90:*.rpmsave=00;90:*.swp=00;90:*.tmp=00;90:*.ucf-dist=00;90:*.ucf-new=00;90:*.ucf-old=00;90:
WAYLAND_DISPLAY=wayland-0
CONDA_PROMPT_MODIFIER=(base) 
_CONDA_EXE=/home/lzy/miniconda3/bin/conda
LESSCLOSE=/usr/bin/lesspipe %s %s
CODEX_PERMISSION_PROFILE=:danger-full-access
_CONDA_ROOT=/home/lzy/miniconda3
VSCODE_HANDLES_SIGPIPE=true
TERM=dumb
_CE_CONDA=
CODEX_THREAD_ID=01a0b053-3f7f-7c22-be3d-07e998af9fd4
LESSOPEN=| /usr/bin/lesspipe %s
USER=lzy
GIT_PAGER=cat
CONDA_SHLVL=1
DISPLAY=:0
SHLVL=0
PAGER=cat
VSCODE_CWD=/mnt/d/Microsoft VS Code
VSCODE_RECONNECTION_GRACE_TIME=10800000
NO_COLOR=1
CONDA_PYTHON_EXE=/home/lzy/miniconda3/bin/python
CODEX_CI=1
LC_CTYPE=C.UTF-8
XDG_RUNTIME_DIR=/run/user/1000/
CONDA_DEFAULT_ENV=base
DEBUGINFOD_URLS=https://debuginfod.ubuntu.com 
WSLENV=VSCODE_WSL_EXT_LOCATION/up
VSCODE_WSL_EXT_LOCATION=/mnt/c/Users/lzy/.vscode/extensions/ms-vscode-remote.remote-wsl-0.104.3
LC_ALL=C.UTF-8
CODEX_INTERNAL_ORIGINATOR_OVERRIDE=codex_vscode
XDG_DATA_DIRS=/usr/local/share:/usr/share:/var/lib/snapd/desktop
PATH=/usr/bin:/bin
APPLICATION_INSIGHTS_NO_STATSBEAT=true
DBUS_SESSION_BUS_ADDRESS=unix:path=/run/user/1000/bus
VSCODE_NLS_CONFIG={"userLocale":"en","osLocale":"en","resolvedLanguage":"en","defaultMessagesFile":"/home/lzy/.vscode-server/bin/7debcd0e2acdea1c52de81bf9ee1620444407dda/out/nls.messages.json","locale":"en","availableLanguages":{}}
RUST_LOG=warn
HOSTTYPE=x86_64
DEBUG=release
PULSE_SERVER=unix:/mnt/wslg/PulseServer
VSCODE_HANDLES_UNCAUGHT_ERRORS=true
VSCODE_IPC_HOOK_CLI=/run/user/1000/vscode-ipc-371af6fd-8807-4a87-87d8-2194a69d7f8a.sock
_=.venv/bin/python
LD_LIBRARY_PATH=/home/lzy/projects/formal_3D_flow_solver/FEM_SimVascular/external/install/sv1_1/petsc/lib:/home/lzy/projects/formal_3D_flow_solver/FEM_SimVascular/external/install/vtk/lib
PKG_CONFIG_PATH=
OMP_NUM_THREADS=1
CMAKE_BUILD_PARALLEL_LEVEL=4
    Files in path provided by default path
      /usr/bin: cpp-13 x86_64-linux-gnu-elfedit systemd-tty-ask-password-agent gcc-nm sqfstar which.debianutils byobu-launcher-uninstall cloud-init ua getkeycodes cs2cs gunzip getopt tput dpkg-genbuildinfo setlogcons python3-config python3 lesspipe run-one-constantly scriptlive ssh-keyscan rmiregistry x86_64-linux-gnu-python3.12-config uclampset pvdataserver troff kbdinfo bzless systemd-cgtop pybabel-python3 mpirun systemd-ac-power xlogo git-upload-pack mawk vdir viewres hostname lsb_release ld.gold autoreconf xclock lslogins gdk-pixbuf-csource run-this-one gpg as manifest fakeroot-sysv bzgrep znew byobu-enable-prompt transset pinentry-curses sync nice update-mime-database x11perf x86_64-linux-gnu-readelf h5pfc gie hexdump mpicxx hostnamectl getconf session-migration dpkg-buildpackage lessfile infotocap tee h5stat xzmore vtkWrapPython-pv5.11 byobu-ugraph setkeycodes byobu-layout cftp3 psfaddtable geqn pkgconf catman ubuntu-security-status mv select-editor lspgpot caf lto-dump taskset prtstat head register-python-argcomplete gdb-add-index dbus-uuidgen b2sum id byobu-export gtk-update-icon-cache sudoedit join oshCC apt-sortpkgs dir true yes grotty unicode_start gcov-tool systemd-escape memusagestat col8 networkd-dispatcher systemd-id128 gcc cpp-12 jsonpointer expand lcf fc-query streamzip ping4 dirmngr dirmngr-client faked-sysv ipcmk x86_64-linux-gnu-gprofng proj rgrep ckeygen3 ompi_info xsubpp xgc fallocate dbus-monitor x86_64-linux-gnu-c++filt gfortran x86_64-linux-gnu-gcov-tool-12 shred pygmentize sleep x86_64-linux-gnu-lto-dump x86_64-linux-gnu-strip pydoc3 h5repart x86_64-linux-gnu-gp-collect-app manpath x86_64-linux-gnu-objdump snapctl infocmp gcore dumpkeys dpkg-gencontrol tkconch3 x86_64-linux-gnu-gcc-12 atobm nstat pip3.12 x86_64-linux-gnu-size locale-check ptx whoami systemd-confext landscape-manager pslog envsubst runcon pyserial-miniterm growpart apt-ftparchive vcs-run mktemp nc.openbsd stdbuf h5dump zipgrep f2py localedef sum systemd-sysusers journalctl gpgparsemail sotruss sha256sum profile2mat editres eqn x86_64-linux-gnu-gcc-nm mesg colrm byobu-reconnect-sockets systemd-cat fmt lsblk uniq h5debug setmetamode fusermount byobu-launcher col1 localectl bzegrep ssh-add write systemd-mount ccache opal_wrapper lsipc xmag rpcgen sdiff debian-distro-info tempfile x86_64-linux-gnu-gcov-dump-12 vtkWrapJava-pv5.11 pager ico byobu-shell screendump keep-one-running rm apt-cache gsettings gcc-ar h5clear free ps gio setfont pod2usage x86_64-linux-gnu-gcov-tool add-apt-repository wdctl debconf-set-selections h5cc h5import pwd gapplication apt-key tmux eatmydata mpif90.openmpi namei xzless uuidgen pgrep fgconsole unzip rvim env keytool column expiry x86_64-linux-gnu-gcov-dump-13 landscape-monitor sha224sum oshrun jsondiff autom4te g++-12 systemd-detect-virt byobu-silent base32 fakeroot-tcp pkill orte-server ginstall-info lastb passwd byobu-select-profile deallocvt cmp gdbus xzegrep bzip2 objdump markdown-it shmemfort linux64 landscape-broker opalc++ fc-conflist egrep psfstriptable ifnames apropos perlivp bashbug sftp docker-credential-desktop.exe run-one-until-failure paste landscape-config addr2line ln xman smTestDriver-pv5.11 x86_64-linux-gnu-ar gpgsm uname info xditview dash x86_64-linux-gnu-pkgconf x86_64-linux-gnu-ld.gold nisdomainname python-argcomplete-check-easy-install-script ucf rmdir aggregate_profile vtkProbeOpenGLVersion-pv5.11 mpiexec.openmpi who oclock zcat colcrt byobu-launch arch prlimit pkmon byobu-select-session run-parts stat curl zfgrep echo df systemd-hwdb gpgsplit sudo uptime dpkg-maintscript-helper utmpdump printenv python3.12 scalar zcmp lslocks rtstat ls bmtoa byobu-tmux make-first-existing-target xfontsel nm lzmainfo [ unattended-upgrades man-recode iconv pydoc3.12 ssh-keygen ionice size ptardiff mtrace byobu-ulevel xzcat fc-cat bc pbget look oshfort caf.openmpi gawk mpif77.openmpi aa-exec lsns x86_64-linux-gnu-gcc-ar-12 x86_64-linux-gnu-gfortran-13 rbash renice orte-info gpgtar hostid ompi-clean pyhtmlizer3 h5copy lastlog xconsole shmemCC ld.bfd cafrun encguess gcov-12 isympy3 h5repack tar cafrun.openmpi automake-1.16 apt-add-repository unlzma loadkeys fold mandb pstree.x11 mpifort.openmpi pvrenderserver twistd3 rdma rview pstree tail landscape-sysinfo x86_64-linux-gnu-gcc-nm-13 time chfn dh_numpy3 x86_64-linux-gnu-gcc-ranlib xwud vim.tiny dpkg-mergechangelogs lzcmp make gzip lzegrep bzip2recover dpkg-scansources libtoolize gfortran-13 xmessage gh col5 pastebinit bzcat m4 h5perf_serial faillog splain byobu-status-detail shmemc++ pip tac cut gtbl gcc-12 pybabel expr pkaction gcc-nm-13 sensible-browser editor projinfo jpackage unsquashfs fgrep which lto-dump-12 enc2xs xxd cmake nano conch3 captoinfo sudoreplay byobu-keybindings prove c89 resizepart dpkg-vendor pkcheck netcat gcov-13 x86_64-linux-gnu-g++-12 fc-cache pod2html mpicc cpack numfmt byobu-ctrl-a byobu-screen apport-cli gpg-agent diff ld more pwdx readelf fc-match gcc-nm-12 gp-display-html unlink autoheader pl2pm varlinkctl lzmore x86_64-linux-gnu-addr2line zless perlthanks systemd-analyze choom zegrep ar nc hub-tool projsync oem-getlogs bzmore listres vimtutor xedit gzexe ptar rev ucfr lnstat toe vimdiff x86_64-linux-gnu-gcc-nm-12 elfedit x86_64-linux-gnu-lto-dump-12 ninja tclsh false shmemcc groups sqfscat gawkbug mpijavac dpkg-gensymbols python3.12-config du kmod x86_64-linux-gnu-dwp ping6 pbputs link mpic++ jexec pygettext3.12 pidwait dbus-launch mpicxx.openmpi watch piconv run-one codepage cpan x86_64-linux-gnu-as git-receive-pack chattr tzselect mpijavac.pl unzipsfx xargs debconf-escape shmemrun zdump pvpython xcalc basename systemd-ask-password dbus-send networkctl chmod systemd-cgls xdg-user-dirs-update gcc-ar-13 curl-config od xcutsel nohup glib-compile-schemas autoconf ptargrep x86_64-linux-gnu-gcov-dump slogin gcc-ranlib-12 col3 deb-systemd-invoke cvtsudoers faked-tcp apport-unpack dirname xload sed mount apt-config debconf-show xeyes lesskey gdbtui update-alternatives perl dpkg-query x86_64-linux-gnu-ld loadunimap awk factor chardetect helpztags ldd gpgconf x86_64-linux-gnu-gp-display-text pkg-config systemd-machine-id-setup pro gcov-dump mk_modmap ex systemd-repart cct x86_64-linux-gnu-gcov-13 h5pfc.openmpi systemd-path byobu-select-backend tclsh8.6 jsonpatch lzgrep json-patch-jsondiff lsmod tr vim cloud-id x86_64-linux-gnu-python3-config landscape-package-changer pvpython3.12 ranlib appres apport-bug oshcxx reset vmstat h5fc truncate setpriv broadwayd gpg-wks-client systemd-sysext systemd-run su xcursorgen psfgettable chage invgeod pod2man x86_64-linux-gnu-gcc-ar-13 dmesg pbput setterm apt-mark orted aa-features-abi vtkWrapPythonInit-pv5.11 setupcon x86_64-linux-gnu-gcc-ranlib-12 lsmem pinky cp h5pcc gtk-encode-symbolic-svg ubuntu-distro-info mpif77 sha384sum x86_64-linux-gnu-gcc-ranlib-13 g++-13 byobu-launcher-install ec2metadata autoupdate gcov-dump-13 unattended-upgrade byobu-status objcopy savelog gpasswd infobrowser gtk-launch hardlink apt-extracttemplates loginctl preconv shmemcxx x86_64-linux-gnu-g++ perlbug x86_64-linux-gnu-pkg-config byobu-enable gcc-ranlib-13 mpiCC.openmpi instmodsh pldd whiptail dpkg-name git-shell cpp ucfq ubuntu-bug gmake pvbatch c99-gcc ld.so gp-display-text gettext test watchgnupg newgrp libnetcfg h5c++.openmpi landscape-release-upgrader umount h5diff lsof mpic++.openmpi delpart scriptreplay install-info c++filt tload xmore psfxtable date man unxz dbus-daemon xlsfonts tic dh_installxmlcatalogs x86_64-linux-gnu-objcopy readlink zdiff byobu md5sum touch lzless rendercheck podchecker x86_64 perl5.38.2 chvt less ctstat getent oshcc debconf-apt-progress mknod activate-global-python-argcomplete bzcmp rsync whatis distro-info lexgrog pkttyagent f2py3 tset systemd-cryptenroll c99 x86_64-linux-gnu-gold twist3 mkfifo addpart unshare gdk-pixbuf-thumbnailer java lzcat ckbcomp mpifort dbus-cleanup-sockets x86_64-linux-gnu-gp-archive tty col9 h5redeploy sensible-editor vigpg xz partx snice isympy dnsdomainname ip xwd users do-release-upgrade ssh-agent systemd-umount corelist sg dpkg-distaddfile showkey pkcon fc-validate memusage gcov systemd-notify wifi-status x86_64-linux-gnu-cpp-13 linux32 snapfuse pidof bitmap mkdir automat-visualize3 xlsatoms gettext.sh openssl debconf-communicate byobu-quiet dh_autotools-dev_updateconfig pr w dpkg-trigger dh_autotools-dev_restoreconfig perldoc dpkg-split base64 seq pico ischroot soelim scp gp-collect-app timeout tbl x86_64-linux-gnu-gp-display-html dpkg-architecture dpkg-buildtree pmap oshc++ X11 gcov-dump-12 ul run-one-until-success gdb git-upload-archive json_pp dpkg-buildflags zforce comm oshmem_info groff routel lzfgrep sensible-pager gprofng flock pinentry vi ctest clear ypdomainname neqn pvserver grops uuidparse orterun logname vtkWrapHierarchy-pv5.11 nawk tsort xkill py3compile x86_64-linux-gnu-gprof dpkg-checkbuilddeps gcc-ar-12 xwininfo unexpand patch automake xzgrep lto-dump-13 cc x86_64-linux-gnu-g++-13 c89-gcc xev h5c++ dwp funzip setsid ssh col6 docker landscape-package-reporter bzdiff sha512sum apt gcov-tool-12 zgrep gpg-connect-agent xzcmp lessecho gresource gpgv locale h5pcc.openmpi xauth pvbatch3.12 fc-list grog debconf-copydb ompi-server cpan5.38-x86_64-linux-gnu x86_64-linux-gnu-gcov-tool-13 pygettext3 col2 xbiff x86_64-linux-gnu-gp-display-src apport-collect chown split openvt h2xs kill systemctl mesa-overlay-control.py gtk-builder-tool wslpath c_rehash invproj gdk-pixbuf-pixdata stty x86_64-linux-gnu-strings geod dpkg-buildapi grep gprof mountpoint xprop tabs chgrp chsh x86_64-linux-gnu-lto-dump-13 find debconf gcc-ranlib basenc strip ubuntu-advantage gmsh resolvectl pod2text splitfont f2py3.12 orte-clean logger git h5unjam zipinfo lsattr dpkg chrt realpath uncompress dpkg-divert pdb3.12 systemd-inhibit chcon pipx aclocal rsync-ssl unicode_stop col7 gold bash x86_64-linux-gnu-cpp showconsolefont xzdiff x11perfcomp nsenter pdb3 lzma dpkg-parsechangelog pathchk wget gcov-tool-13 systemd-creds ssh-argv0 setarch x86_64-linux-gnu-gcov ipcs clear_console f77 hwe-support-status systemd-firstboot g++ byobu-config kernel-install xdriinfo eject ctail dbus-run-session domainname printf mpif90 xzfgrep systemd-tmpfiles nroff script mapscrn vtkParseJava-pv5.11 docker-compose nl h5ls last mksquashfs appstreamcli crontab xdpyinfo sensible-terminal apt-cdrom slabtop systemd-socket-activate mpiCC killall lshw dpkg-deb byobu-disable-prompt red dd mpicc.openmpi chardet mpiexec vim.basic cloud-init-per setleds py3clean i386 dpkg-genchanges x86_64-linux-gnu-cpp-12 x86_64-linux-gnu-nm gp-display-src systemd-cryptsetup view landscape-client skill dpkg-statoverride xclipboard xvinfo x86_64-linux-gnu-gcc-13 autoscan whereis bzfgrep wc cat file fc-scan mpirun.openmpi wslinfo vtkprotoc-pv5.11 trial3 opalcc col zipdetails strings fakeroot gencat md5sum.textutils bzexe migrate-pubring-from-classic-gpg ss ortecc busctl snap ping fuser shuf bunzip2 peekfd resizecons systemd-delta ssh-copy-id systemd-stdio-bridge lscpu x86_64-linux-gnu-gfortran x86_64-linux-gnu-gcc-ar f95 gio-querymodules timedatectl xfd apt-get top ngettext sh zmore x86_64-linux-gnu-gcc deb-systemd-helper pip3 xdg-user-dir nproc x86_64-linux-gnu-ld.bfd fusermount3 install perl5.38-x86_64-linux-gnu gtk-query-settings rnano shasum sprof py3versions login sort dpkg-scanpackages rrsync xlsclients x86_64-linux-gnu-gcov-12 dpkg-realpath h5jam c++ x86_64-linux-gnu-ranlib fc-pattern dbus-update-activation-environment byobu-prompt dpkg-shlibdeps h2ph paraview gcc-13 aclocal-1.16 dircolors dpkg-source aa-enabled lzdiff systemd sha1sum hd pic byobu-janitor jsonschema purge-old-kernels dh_bash-completion csplit kbxutil cksum gpic rename.ul h5mkgrp NF mcookie pyserial-ports kbd_mode wall vtkProcessXML-pv5.11 diff3 ed gp-archive byobu-disable mailmail3 col4 udevadm ipcrm findmnt
      /bin: cpp-13 x86_64-linux-gnu-elfedit systemd-tty-ask-password-agent gcc-nm sqfstar which.debianutils byobu-launcher-uninstall cloud-init ua getkeycodes cs2cs gunzip getopt tput dpkg-genbuildinfo setlogcons python3-config python3 lesspipe run-one-constantly scriptlive ssh-keyscan rmiregistry x86_64-linux-gnu-python3.12-config uclampset pvdataserver troff kbdinfo bzless systemd-cgtop pybabel-python3 mpirun systemd-ac-power xlogo git-upload-pack mawk vdir viewres hostname lsb_release ld.gold autoreconf xclock lslogins gdk-pixbuf-csource run-this-one gpg as manifest fakeroot-sysv bzgrep znew byobu-enable-prompt transset pinentry-curses sync nice update-mime-database x11perf x86_64-linux-gnu-readelf h5pfc gie hexdump mpicxx hostnamectl getconf session-migration dpkg-buildpackage lessfile infotocap tee h5stat xzmore vtkWrapPython-pv5.11 byobu-ugraph setkeycodes byobu-layout cftp3 psfaddtable geqn pkgconf catman ubuntu-security-status mv select-editor lspgpot caf lto-dump taskset prtstat head register-python-argcomplete gdb-add-index dbus-uuidgen b2sum id byobu-export gtk-update-icon-cache sudoedit join oshCC apt-sortpkgs dir true yes grotty unicode_start gcov-tool systemd-escape memusagestat col8 networkd-dispatcher systemd-id128 gcc cpp-12 jsonpointer expand lcf fc-query streamzip ping4 dirmngr dirmngr-client faked-sysv ipcmk x86_64-linux-gnu-gprofng proj rgrep ckeygen3 ompi_info xsubpp xgc fallocate dbus-monitor x86_64-linux-gnu-c++filt gfortran x86_64-linux-gnu-gcov-tool-12 shred pygmentize sleep x86_64-linux-gnu-lto-dump x86_64-linux-gnu-strip pydoc3 h5repart x86_64-linux-gnu-gp-collect-app manpath x86_64-linux-gnu-objdump snapctl infocmp gcore dumpkeys dpkg-gencontrol tkconch3 x86_64-linux-gnu-gcc-12 atobm nstat pip3.12 x86_64-linux-gnu-size locale-check ptx whoami systemd-confext landscape-manager pslog envsubst runcon pyserial-miniterm growpart apt-ftparchive vcs-run mktemp nc.openbsd stdbuf h5dump zipgrep f2py localedef sum systemd-sysusers journalctl gpgparsemail sotruss sha256sum profile2mat editres eqn x86_64-linux-gnu-gcc-nm mesg colrm byobu-reconnect-sockets systemd-cat fmt lsblk uniq h5debug setmetamode fusermount byobu-launcher col1 localectl bzegrep ssh-add write systemd-mount ccache opal_wrapper lsipc xmag rpcgen sdiff debian-distro-info tempfile x86_64-linux-gnu-gcov-dump-12 vtkWrapJava-pv5.11 pager ico byobu-shell screendump keep-one-running rm apt-cache gsettings gcc-ar h5clear free ps gio setfont pod2usage x86_64-linux-gnu-gcov-tool add-apt-repository wdctl debconf-set-selections h5cc h5import pwd gapplication apt-key tmux eatmydata mpif90.openmpi namei xzless uuidgen pgrep fgconsole unzip rvim env keytool column expiry x86_64-linux-gnu-gcov-dump-13 landscape-monitor sha224sum oshrun jsondiff autom4te g++-12 systemd-detect-virt byobu-silent base32 fakeroot-tcp pkill orte-server ginstall-info lastb passwd byobu-select-profile deallocvt cmp gdbus xzegrep bzip2 objdump markdown-it shmemfort linux64 landscape-broker opalc++ fc-conflist egrep psfstriptable ifnames apropos perlivp bashbug sftp docker-credential-desktop.exe run-one-until-failure paste landscape-config addr2line ln xman smTestDriver-pv5.11 x86_64-linux-gnu-ar gpgsm uname info xditview dash x86_64-linux-gnu-pkgconf x86_64-linux-gnu-ld.gold nisdomainname python-argcomplete-check-easy-install-script ucf rmdir aggregate_profile vtkProbeOpenGLVersion-pv5.11 mpiexec.openmpi who oclock zcat colcrt byobu-launch arch prlimit pkmon byobu-select-session run-parts stat curl zfgrep echo df systemd-hwdb gpgsplit sudo uptime dpkg-maintscript-helper utmpdump printenv python3.12 scalar zcmp lslocks rtstat ls bmtoa byobu-tmux make-first-existing-target xfontsel nm lzmainfo [ unattended-upgrades man-recode iconv pydoc3.12 ssh-keygen ionice size ptardiff mtrace byobu-ulevel xzcat fc-cat bc pbget look oshfort caf.openmpi gawk mpif77.openmpi aa-exec lsns x86_64-linux-gnu-gcc-ar-12 x86_64-linux-gnu-gfortran-13 rbash renice orte-info gpgtar hostid ompi-clean pyhtmlizer3 h5copy lastlog xconsole shmemCC ld.bfd cafrun encguess gcov-12 isympy3 h5repack tar cafrun.openmpi automake-1.16 apt-add-repository unlzma loadkeys fold mandb pstree.x11 mpifort.openmpi pvrenderserver twistd3 rdma rview pstree tail landscape-sysinfo x86_64-linux-gnu-gcc-nm-13 time chfn dh_numpy3 x86_64-linux-gnu-gcc-ranlib xwud vim.tiny dpkg-mergechangelogs lzcmp make gzip lzegrep bzip2recover dpkg-scansources libtoolize gfortran-13 xmessage gh col5 pastebinit bzcat m4 h5perf_serial faillog splain byobu-status-detail shmemc++ pip tac cut gtbl gcc-12 pybabel expr pkaction gcc-nm-13 sensible-browser editor projinfo jpackage unsquashfs fgrep which lto-dump-12 enc2xs xxd cmake nano conch3 captoinfo sudoreplay byobu-keybindings prove c89 resizepart dpkg-vendor pkcheck netcat gcov-13 x86_64-linux-gnu-g++-12 fc-cache pod2html mpicc cpack numfmt byobu-ctrl-a byobu-screen apport-cli gpg-agent diff ld more pwdx readelf fc-match gcc-nm-12 gp-display-html unlink autoheader pl2pm varlinkctl lzmore x86_64-linux-gnu-addr2line zless perlthanks systemd-analyze choom zegrep ar nc hub-tool projsync oem-getlogs bzmore listres vimtutor xedit gzexe ptar rev ucfr lnstat toe vimdiff x86_64-linux-gnu-gcc-nm-12 elfedit x86_64-linux-gnu-lto-dump-12 ninja tclsh false shmemcc groups sqfscat gawkbug mpijavac dpkg-gensymbols python3.12-config du kmod x86_64-linux-gnu-dwp ping6 pbputs link mpic++ jexec pygettext3.12 pidwait dbus-launch mpicxx.openmpi watch piconv run-one codepage cpan x86_64-linux-gnu-as git-receive-pack chattr tzselect mpijavac.pl unzipsfx xargs debconf-escape shmemrun zdump pvpython xcalc basename systemd-ask-password dbus-send networkctl chmod systemd-cgls xdg-user-dirs-update gcc-ar-13 curl-config od xcutsel nohup glib-compile-schemas autoconf ptargrep x86_64-linux-gnu-gcov-dump slogin gcc-ranlib-12 col3 deb-systemd-invoke cvtsudoers faked-tcp apport-unpack dirname xload sed mount apt-config debconf-show xeyes lesskey gdbtui update-alternatives perl dpkg-query x86_64-linux-gnu-ld loadunimap awk factor chardetect helpztags ldd gpgconf x86_64-linux-gnu-gp-display-text pkg-config systemd-machine-id-setup pro gcov-dump mk_modmap ex systemd-repart cct x86_64-linux-gnu-gcov-13 h5pfc.openmpi systemd-path byobu-select-backend tclsh8.6 jsonpatch lzgrep json-patch-jsondiff lsmod tr vim cloud-id x86_64-linux-gnu-python3-config landscape-package-changer pvpython3.12 ranlib appres apport-bug oshcxx reset vmstat h5fc truncate setpriv broadwayd gpg-wks-client systemd-sysext systemd-run su xcursorgen psfgettable chage invgeod pod2man x86_64-linux-gnu-gcc-ar-13 dmesg pbput setterm apt-mark orted aa-features-abi vtkWrapPythonInit-pv5.11 setupcon x86_64-linux-gnu-gcc-ranlib-12 lsmem pinky cp h5pcc gtk-encode-symbolic-svg ubuntu-distro-info mpif77 sha384sum x86_64-linux-gnu-gcc-ranlib-13 g++-13 byobu-launcher-install ec2metadata autoupdate gcov-dump-13 unattended-upgrade byobu-status objcopy savelog gpasswd infobrowser gtk-launch hardlink apt-extracttemplates loginctl preconv shmemcxx x86_64-linux-gnu-g++ perlbug x86_64-linux-gnu-pkg-config byobu-enable gcc-ranlib-13 mpiCC.openmpi instmodsh pldd whiptail dpkg-name git-shell cpp ucfq ubuntu-bug gmake pvbatch c99-gcc ld.so gp-display-text gettext test watchgnupg newgrp libnetcfg h5c++.openmpi landscape-release-upgrader umount h5diff lsof mpic++.openmpi delpart scriptreplay install-info c++filt tload xmore psfxtable date man unxz dbus-daemon xlsfonts tic dh_installxmlcatalogs x86_64-linux-gnu-objcopy readlink zdiff byobu md5sum touch lzless rendercheck podchecker x86_64 perl5.38.2 chvt less ctstat getent oshcc debconf-apt-progress mknod activate-global-python-argcomplete bzcmp rsync whatis distro-info lexgrog pkttyagent f2py3 tset systemd-cryptenroll c99 x86_64-linux-gnu-gold twist3 mkfifo addpart unshare gdk-pixbuf-thumbnailer java lzcat ckbcomp mpifort dbus-cleanup-sockets x86_64-linux-gnu-gp-archive tty col9 h5redeploy sensible-editor vigpg xz partx snice isympy dnsdomainname ip xwd users do-release-upgrade ssh-agent systemd-umount corelist sg dpkg-distaddfile showkey pkcon fc-validate memusage gcov systemd-notify wifi-status x86_64-linux-gnu-cpp-13 linux32 snapfuse pidof bitmap mkdir automat-visualize3 xlsatoms gettext.sh openssl debconf-communicate byobu-quiet dh_autotools-dev_updateconfig pr w dpkg-trigger dh_autotools-dev_restoreconfig perldoc dpkg-split base64 seq pico ischroot soelim scp gp-collect-app timeout tbl x86_64-linux-gnu-gp-display-html dpkg-architecture dpkg-buildtree pmap oshc++ X11 gcov-dump-12 ul run-one-until-success gdb git-upload-archive json_pp dpkg-buildflags zforce comm oshmem_info groff routel lzfgrep sensible-pager gprofng flock pinentry vi ctest clear ypdomainname neqn pvserver grops uuidparse orterun logname vtkWrapHierarchy-pv5.11 nawk tsort xkill py3compile x86_64-linux-gnu-gprof dpkg-checkbuilddeps gcc-ar-12 xwininfo unexpand patch automake xzgrep lto-dump-13 cc x86_64-linux-gnu-g++-13 c89-gcc xev h5c++ dwp funzip setsid ssh col6 docker landscape-package-reporter bzdiff sha512sum apt gcov-tool-12 zgrep gpg-connect-agent xzcmp lessecho gresource gpgv locale h5pcc.openmpi xauth pvbatch3.12 fc-list grog debconf-copydb ompi-server cpan5.38-x86_64-linux-gnu x86_64-linux-gnu-gcov-tool-13 pygettext3 col2 xbiff x86_64-linux-gnu-gp-display-src apport-collect chown split openvt h2xs kill systemctl mesa-overlay-control.py gtk-builder-tool wslpath c_rehash invproj gdk-pixbuf-pixdata stty x86_64-linux-gnu-strings geod dpkg-buildapi grep gprof mountpoint xprop tabs chgrp chsh x86_64-linux-gnu-lto-dump-13 find debconf gcc-ranlib basenc strip ubuntu-advantage gmsh resolvectl pod2text splitfont f2py3.12 orte-clean logger git h5unjam zipinfo lsattr dpkg chrt realpath uncompress dpkg-divert pdb3.12 systemd-inhibit chcon pipx aclocal rsync-ssl unicode_stop col7 gold bash x86_64-linux-gnu-cpp showconsolefont xzdiff x11perfcomp nsenter pdb3 lzma dpkg-parsechangelog pathchk wget gcov-tool-13 systemd-creds ssh-argv0 setarch x86_64-linux-gnu-gcov ipcs clear_console f77 hwe-support-status systemd-firstboot g++ byobu-config kernel-install xdriinfo eject ctail dbus-run-session domainname printf mpif90 xzfgrep systemd-tmpfiles nroff script mapscrn vtkParseJava-pv5.11 docker-compose nl h5ls last mksquashfs appstreamcli crontab xdpyinfo sensible-terminal apt-cdrom slabtop systemd-socket-activate mpiCC killall lshw dpkg-deb byobu-disable-prompt red dd mpicc.openmpi chardet mpiexec vim.basic cloud-init-per setleds py3clean i386 dpkg-genchanges x86_64-linux-gnu-cpp-12 x86_64-linux-gnu-nm gp-display-src systemd-cryptsetup view landscape-client skill dpkg-statoverride xclipboard xvinfo x86_64-linux-gnu-gcc-13 autoscan whereis bzfgrep wc cat file fc-scan mpirun.openmpi wslinfo vtkprotoc-pv5.11 trial3 opalcc col zipdetails strings fakeroot gencat md5sum.textutils bzexe migrate-pubring-from-classic-gpg ss ortecc busctl snap ping fuser shuf bunzip2 peekfd resizecons systemd-delta ssh-copy-id systemd-stdio-bridge lscpu x86_64-linux-gnu-gfortran x86_64-linux-gnu-gcc-ar f95 gio-querymodules timedatectl xfd apt-get top ngettext sh zmore x86_64-linux-gnu-gcc deb-systemd-helper pip3 xdg-user-dir nproc x86_64-linux-gnu-ld.bfd fusermount3 install perl5.38-x86_64-linux-gnu gtk-query-settings rnano shasum sprof py3versions login sort dpkg-scanpackages rrsync xlsclients x86_64-linux-gnu-gcov-12 dpkg-realpath h5jam c++ x86_64-linux-gnu-ranlib fc-pattern dbus-update-activation-environment byobu-prompt dpkg-shlibdeps h2ph paraview gcc-13 aclocal-1.16 dircolors dpkg-source aa-enabled lzdiff systemd sha1sum hd pic byobu-janitor jsonschema purge-old-kernels dh_bash-completion csplit kbxutil cksum gpic rename.ul h5mkgrp NF mcookie pyserial-ports kbd_mode wall vtkProcessXML-pv5.11 diff3 ed gp-archive byobu-disable mailmail3 col4 udevadm ipcrm findmnt
=============================================================================================
TESTING: configureExternalPackagesDir from config.framework(/home/lzy/projects/formal_3D_flow_solver/FEM_SimVascular/external/dependencies/sv1_1/petsc-3.19.6/config/BuildSystem/config/framework.py:1070)
  Set alternative directory external packages are built in
    serialEvaluation: initial cxxDialectRanges ('c++11', 'c++20')
    serialEvaluation: new cxxDialectRanges ('c++11', 'c++20')
    child config.utilities.macosFirewall took 0.000002 seconds
=============================================================================================
TESTING: configureDebuggers from config.utilities.debuggers(/home/lzy/projects/formal_3D_flow_solver/FEM_SimVascular/external/dependencies/sv1_1/petsc-3.19.6/config/BuildSystem/config/utilities/debuggers.py:20)
  Find a default debugger and determine its arguments
    Checking for program /usr/bin/gdb...found
              Defined make macro "GDB" to "/usr/bin/gdb"
            Defined "USE_DEBUGGER" to ""gdb""
            Defined make macro "DSYMUTIL" to "true"
    child config.utilities.debuggers took 0.000996 seconds
=============================================================================================
TESTING: configureDirectories from PETSc.options.petscdir(/home/lzy/projects/formal_3D_flow_solver/FEM_SimVascular/external/dependencies/sv1_1/petsc-3.19.6/config/PETSc/options/petscdir.py:22)
  Checks PETSC_DIR and sets if not set
          PETSC_VERSION_RELEASE of 1 indicates the code is from a release branch or a branch created from a release branch.
          Version Information:
          #define PETSC_VERSION_RELEASE    1
          #define PETSC_VERSION_MAJOR      3
          #define PETSC_VERSION_MINOR      19
          #define PETSC_VERSION_SUBMINOR   6
          #define PETSC_VERSION_DATE       "Sep 28, 2023"
          #define PETSC_VERSION_GIT        "v3.19.6"
          #define PETSC_VERSION_DATE_GIT   "2023-09-28 16:13:49 -0500"
          #define PETSC_VERSION_EQ(MAJOR,MINOR,SUBMINOR) \
          #define PETSC_VERSION_ PETSC_VERSION_EQ
          #define PETSC_VERSION_LT(MAJOR,MINOR,SUBMINOR)          \
          #define PETSC_VERSION_LE(MAJOR,MINOR,SUBMINOR) \
          #define PETSC_VERSION_GT(MAJOR,MINOR,SUBMINOR) \
          #define PETSC_VERSION_GE(MAJOR,MINOR,SUBMINOR) \
    child PETSc.options.petscdir took 0.001094 seconds
=============================================================================================
TESTING: getDatafilespath from PETSc.options.dataFilesPath(/home/lzy/projects/formal_3D_flow_solver/FEM_SimVascular/external/dependencies/sv1_1/petsc-3.19.6/config/PETSc/options/dataFilesPath.py:29)
  Checks what DATAFILESPATH should be
    child PETSc.options.dataFilesPath took 0.000317 seconds
=============================================================================================
TESTING: configureGit from config.sourceControl(/home/lzy/projects/formal_3D_flow_solver/FEM_SimVascular/external/dependencies/sv1_1/petsc-3.19.6/config/BuildSystem/config/sourceControl.py:24)
  Find the Git executable
    Checking for program /usr/bin/git...found
              Defined make macro "GIT" to "git"
Executing: git --version
stdout: git version 2.43.0
=============================================================================================
TESTING: configureMercurial from config.sourceControl(/home/lzy/projects/formal_3D_flow_solver/FEM_SimVascular/external/dependencies/sv1_1/petsc-3.19.6/config/BuildSystem/config/sourceControl.py:35)
  Find the Mercurial executable
    Checking for program /usr/bin/hg...not found
    Checking for program /bin/hg...not found
    Checking for program /home/lzy/projects/formal_3D_flow_solver/FEM_SimVascular/external/dependencies/sv1_1/petsc-3.19.6/lib/petsc/bin/win32fe/hg...not found
    child config.sourceControl took 0.002035 seconds
=============================================================================================
TESTING: configureInstallationMethod from PETSc.options.petscclone(/home/lzy/projects/formal_3D_flow_solver/FEM_SimVascular/external/dependencies/sv1_1/petsc-3.19.6/config/PETSc/options/petscclone.py:20)
  Determine if PETSc was obtained via git or a tarball
          This is a tarball installation
    child PETSc.options.petscclone took 0.000157 seconds
=============================================================================================
TESTING: setNativeArchitecture from PETSc.options.arch(/home/lzy/projects/formal_3D_flow_solver/FEM_SimVascular/external/dependencies/sv1_1/petsc-3.19.6/config/PETSc/options/arch.py:29)
  Forms the arch as GNU's configure would form it
=============================================================================================
TESTING: configureArchitecture from PETSc.options.arch(/home/lzy/projects/formal_3D_flow_solver/FEM_SimVascular/external/dependencies/sv1_1/petsc-3.19.6/config/PETSc/options/arch.py:42)
  Checks if PETSC_ARCH is set and sets it if not set
        No previous hashfile found
          Setting hashfile: arch-native-opt/lib/petsc/conf/configure-hash
          Deleting configure hash file: arch-native-opt/lib/petsc/conf/configure-hash
          Unable to delete configure hash file: arch-native-opt/lib/petsc/conf/configure-hash
    child PETSc.options.arch took 0.004233 seconds
=============================================================================================
TESTING: setInstallDir from PETSc.options.installDir(/home/lzy/projects/formal_3D_flow_solver/FEM_SimVascular/external/dependencies/sv1_1/petsc-3.19.6/config/PETSc/options/installDir.py:31)
  Set installDir to either prefix or if that is not set to PETSC_DIR/PETSC_ARCH
            Defined make macro "PREFIXDIR" to "/home/lzy/projects/formal_3D_flow_solver/FEM_SimVascular/external/install/sv1_1/petsc"
=============================================================================================
TESTING: saveReconfigure from PETSc.options.installDir(/home/lzy/projects/formal_3D_flow_solver/FEM_SimVascular/external/dependencies/sv1_1/petsc-3.19.6/config/PETSc/options/installDir.py:76)
  Save the configure options in a script in PETSC_ARCH/lib/petsc/conf so the same configure may be easily re-run
=============================================================================================
TESTING: cleanConfDir from PETSc.options.installDir(/home/lzy/projects/formal_3D_flow_solver/FEM_SimVascular/external/dependencies/sv1_1/petsc-3.19.6/config/PETSc/options/installDir.py:68)
  Remove all the files from configuration directory for this PETSC_ARCH, from --with-clean option
=============================================================================================
TESTING: configureInstallDir from PETSc.options.installDir(/home/lzy/projects/formal_3D_flow_solver/FEM_SimVascular/external/dependencies/sv1_1/petsc-3.19.6/config/PETSc/options/installDir.py:52)
  Makes  installDir subdirectories if it does not exist for both prefix install location and PETSc work install location
          Changed persistence directory to /home/lzy/projects/formal_3D_flow_solver/FEM_SimVascular/external/dependencies/sv1_1/petsc-3.19.6/arch-native-opt/lib/petsc/conf
=============================================================================================
TESTING: restoreReconfigure from PETSc.options.installDir(/home/lzy/projects/formal_3D_flow_solver/FEM_SimVascular/external/dependencies/sv1_1/petsc-3.19.6/config/PETSc/options/installDir.py:90)
  If --with-clean was requested but restoring the reconfigure file was requested then restore it
    child PETSc.options.installDir took 0.002092 seconds
=============================================================================================
TESTING: setExternalPackagesDir from PETSc.options.externalpackagesdir(/home/lzy/projects/formal_3D_flow_solver/FEM_SimVascular/external/dependencies/sv1_1/petsc-3.19.6/config/PETSc/options/externalpackagesdir.py:15)
  Set location where external packages will be downloaded to
=============================================================================================
TESTING: cleanExternalpackagesDir from PETSc.options.externalpackagesdir(/home/lzy/projects/formal_3D_flow_solver/FEM_SimVascular/external/dependencies/sv1_1/petsc-3.19.6/config/PETSc/options/externalpackagesdir.py:23)
  Remove all downloaded external packages, from --with-clean
    child PETSc.options.externalpackagesdir took 0.000057 seconds
=============================================================================================
TESTING: configureCLanguage from PETSc.options.languages(/home/lzy/projects/formal_3D_flow_solver/FEM_SimVascular/external/dependencies/sv1_1/petsc-3.19.6/config/PETSc/options/languages.py:28)
  Choose whether to compile the PETSc library using a C or C++ compiler
          C language is C
            Defined "CLANGUAGE_C" to "1"
            Defined make macro "CLANGUAGE" to "C"
    child PETSc.options.languages took 0.000175 seconds
=============================================================================================
TESTING: resetEnvCompilers from config.setCompilers(/home/lzy/projects/formal_3D_flow_solver/FEM_SimVascular/external/dependencies/sv1_1/petsc-3.19.6/config/BuildSystem/config/setCompilers.py:2696)
  Remove compilers from the shell environment so they do not interfere with testing
=============================================================================================
TESTING: checkEnvCompilers from config.setCompilers(/home/lzy/projects/formal_3D_flow_solver/FEM_SimVascular/external/dependencies/sv1_1/petsc-3.19.6/config/BuildSystem/config/setCompilers.py:2713)
  Set configure compilers from the environment, from -with-environment-variables
=============================================================================================
TESTING: checkMPICompilerOverride from config.setCompilers(/home/lzy/projects/formal_3D_flow_solver/FEM_SimVascular/external/dependencies/sv1_1/petsc-3.19.6/config/BuildSystem/config/setCompilers.py:2666)
  Check if --with-mpi-dir is used along with CC CXX or FC compiler options.
    This usually prevents mpi compilers from being used - so issue a warning
=============================================================================================
TESTING: requireMpiLdPath from config.setCompilers(/home/lzy/projects/formal_3D_flow_solver/FEM_SimVascular/external/dependencies/sv1_1/petsc-3.19.6/config/BuildSystem/config/setCompilers.py:2687)
  OpenMPI wrappers require LD_LIBRARY_PATH set
=============================================================================================
TESTING: checkInitialFlags from config.setCompilers(/home/lzy/projects/formal_3D_flow_solver/FEM_SimVascular/external/dependencies/sv1_1/petsc-3.19.6/config/BuildSystem/config/setCompilers.py:725)
  Initialize the compiler and linker flags
          Initialized CFLAGS to 
          Initialized CFLAGS to 
          Initialized LDFLAGS to 
          Initialized CUDAFLAGS to 
          Initialized CUDAFLAGS to 
          Initialized LDFLAGS to 
          Initialized HIPFLAGS to 
          Initialized HIPFLAGS to 
          Initialized LDFLAGS to 
          Initialized SYCLFLAGS to 
          Initialized SYCLFLAGS to 
          Initialized SYCLC_LINKER_FLAGS to 
          Initialized CXXFLAGS to 
          Initialized CXX_CXXFLAGS to 
          Initialized LDFLAGS to 
          Initialized FFLAGS to 
          Initialized FFLAGS to 
          Initialized LDFLAGS to 
          Initialized CPPFLAGS to 
          Initialized FPPFLAGS to 
          Initialized CUDAPPFLAGS to 
          Initialized CXXPPFLAGS to 
          Initialized HIPPPFLAGS to 
          Initialized SYCLPPFLAGS to 
          Initialized CC_LINKER_FLAGS to []
          Initialized CXX_LINKER_FLAGS to []
          Initialized FC_LINKER_FLAGS to []
          Initialized CUDAC_LINKER_FLAGS to []
          Initialized HIPC_LINKER_FLAGS to []
          Initialized sharedLibraryFlags to []
          Initialized dynamicLibraryFlags to []
=============================================================================================
TESTING: checkCCompiler from config.setCompilers(/home/lzy/projects/formal_3D_flow_solver/FEM_SimVascular/external/dependencies/sv1_1/petsc-3.19.6/config/BuildSystem/config/setCompilers.py:1419)
    Checking for program /usr/bin/mpicc...found
              Defined make macro "CC" to "/usr/bin/mpicc"
Executing: /usr/bin/mpicc -c -o /tmp/petsc-oye27d1b/config.setCompilers/conftest.o -I/tmp/petsc-oye27d1b/config.setCompilers   /tmp/petsc-oye27d1b/config.setCompilers/conftest.c 
Successful compile:
Source:
#include "confdefs.h"
#include "conffix.h"

int main() {
;
  return 0;
}

Executing: /usr/bin/mpicc -c -o /tmp/petsc-oye27d1b/config.setCompilers/conftest.o -I/tmp/petsc-oye27d1b/config.setCompilers   /tmp/petsc-oye27d1b/config.setCompilers/conftest.c 
Successful compile:
Source:
#include "confdefs.h"
#include "conffix.h"

int main() {
;
  return 0;
}

Executing: /usr/bin/mpicc  -o /tmp/petsc-oye27d1b/config.setCompilers/conftest    /tmp/petsc-oye27d1b/config.setCompilers/conftest.o 
Executing: /usr/bin/mpicc -c -o /tmp/petsc-oye27d1b/config.setCompilers/conftest.o -I/tmp/petsc-oye27d1b/config.setCompilers   /tmp/petsc-oye27d1b/config.setCompilers/conftest.c 
Successful compile:
Source:
#include "confdefs.h"
#include "conffix.h"

int main() {
;
  return 0;
}

Executing: /usr/bin/mpicc  -o /tmp/petsc-oye27d1b/config.setCompilers/conftest    /tmp/petsc-oye27d1b/config.setCompilers/conftest.o  -lpetsc-ufod4vtr9mqHvKIQiVAm
Possible ERROR while running linker: exit code 1
stderr:
/usr/bin/ld: cannot find -lpetsc-ufod4vtr9mqHvKIQiVAm: No such file or directory
collect2: error: ld returned 1 exit status
Linker output before filtering:

/usr/bin/ld: cannot find -lpetsc-ufod4vtr9mqHvKIQiVAm: No such file or directory
collect2: error: ld returned 1 exit status
Linker output after filtering:
/usr/bin/ld: cannot find -lpetsc-ufod4vtr9mqHvKIQiVAm: No such file or directory
collect2: error: ld returned 1 exit status
======== Checking running linked program
Executing: /usr/bin/mpicc -c -o /tmp/petsc-oye27d1b/config.setCompilers/conftest.o -I/tmp/petsc-oye27d1b/config.setCompilers   /tmp/petsc-oye27d1b/config.setCompilers/conftest.c 
Successful compile:
Source:
#include "confdefs.h"
#include "conffix.h"

int main() {
;
  return 0;
}

Executing: /usr/bin/mpicc  -o /tmp/petsc-oye27d1b/config.setCompilers/conftest    /tmp/petsc-oye27d1b/config.setCompilers/conftest.o 
Testing executable /tmp/petsc-oye27d1b/config.setCompilers/conftest to see if it can be run
Executing: /tmp/petsc-oye27d1b/config.setCompilers/conftest
Running Executable with threads to time it out at 60
Executing: /tmp/petsc-oye27d1b/config.setCompilers/conftest
Executing: /usr/bin/mpicc --version
stdout:
gcc (Ubuntu 13.3.0-6ubuntu2~24.04.1) 13.3.0
Copyright (C) 2023 Free Software Foundation, Inc.
This is free software; see the source for copying conditions.  There is NO
warranty; not even for MERCHANTABILITY or FITNESS FOR A PARTICULAR PURPOSE.
Executing: /usr/bin/mpicc -v | head -n 20
          Since MPI c compiler starts with mpi, force searches for other compilers to only look for MPI compilers

=============================================================================================
TESTING: checkCPreprocessor from config.setCompilers(/home/lzy/projects/formal_3D_flow_solver/FEM_SimVascular/external/dependencies/sv1_1/petsc-3.19.6/config/BuildSystem/config/setCompilers.py:1462)
  Locate a functional C preprocessor
    Checking for program /usr/bin/mpicc...found
              Defined make macro "CPP" to "/usr/bin/mpicc -E"
Preprocessing source:
#include "confdefs.h"
#include "conffix.h"
#include <stdlib.h>

Executing: /usr/bin/mpicc -E  -I/tmp/petsc-oye27d1b/config.setCompilers  /tmp/petsc-oye27d1b/config.setCompilers/conftest.c 
Preprocess output before filtering:
Preprocess output after filtering:
=============================================================================================
TESTING: checkCxxCompiler from config.setCompilers(/home/lzy/projects/formal_3D_flow_solver/FEM_SimVascular/external/dependencies/sv1_1/petsc-3.19.6/config/BuildSystem/config/setCompilers.py:1744)
  Locate a functional Cxx compiler
    Checking for program /usr/bin/mpicxx...found
              Defined make macro "CXX" to "/usr/bin/mpicxx"
Executing: /usr/bin/mpicxx -c -o /tmp/petsc-oye27d1b/config.setCompilers/conftest.o -I/tmp/petsc-oye27d1b/config.setCompilers    /tmp/petsc-oye27d1b/config.setCompilers/conftest.cc 
Successful compile:
Source:
#include "confdefs.h"
#include "conffix.h"

int main() {
;
  return 0;
}

Executing: /usr/bin/mpicxx -c -o /tmp/petsc-oye27d1b/config.setCompilers/conftest.o -I/tmp/petsc-oye27d1b/config.setCompilers    /tmp/petsc-oye27d1b/config.setCompilers/conftest.cc 
Successful compile:
Source:
#include "confdefs.h"
#include "conffix.h"

int main() {
;
  return 0;
}

Executing: /usr/bin/mpicxx  -o /tmp/petsc-oye27d1b/config.setCompilers/conftest    /tmp/petsc-oye27d1b/config.setCompilers/conftest.o 
Executing: /usr/bin/mpicxx -c -o /tmp/petsc-oye27d1b/config.setCompilers/conftest.o -I/tmp/petsc-oye27d1b/config.setCompilers    /tmp/petsc-oye27d1b/config.setCompilers/conftest.cc 
Successful compile:
Source:
#include "confdefs.h"
#include "conffix.h"

int main() {
;
  return 0;
}

Executing: /usr/bin/mpicxx  -o /tmp/petsc-oye27d1b/config.setCompilers/conftest    /tmp/petsc-oye27d1b/config.setCompilers/conftest.o  -lpetsc-ufod4vtr9mqHvKIQiVAm
Possible ERROR while running linker: exit code 1
stderr:
/usr/bin/ld: cannot find -lpetsc-ufod4vtr9mqHvKIQiVAm: No such file or directory
collect2: error: ld returned 1 exit status
Linker output before filtering:

/usr/bin/ld: cannot find -lpetsc-ufod4vtr9mqHvKIQiVAm: No such file or directory
collect2: error: ld returned 1 exit status
Linker output after filtering:
/usr/bin/ld: cannot find -lpetsc-ufod4vtr9mqHvKIQiVAm: No such file or directory
collect2: error: ld returned 1 exit status
======== Checking running linked program
Executing: /usr/bin/mpicxx -c -o /tmp/petsc-oye27d1b/config.setCompilers/conftest.o -I/tmp/petsc-oye27d1b/config.setCompilers    /tmp/petsc-oye27d1b/config.setCompilers/conftest.cc 
Successful compile:
Source:
#include "confdefs.h"
#include "conffix.h"

int main() {
;
  return 0;
}

Executing: /usr/bin/mpicxx  -o /tmp/petsc-oye27d1b/config.setCompilers/conftest    /tmp/petsc-oye27d1b/config.setCompilers/conftest.o 
Testing executable /tmp/petsc-oye27d1b/config.setCompilers/conftest to see if it can be run
Executing: /tmp/petsc-oye27d1b/config.setCompilers/conftest
Running Executable with threads to time it out at 60
Executing: /tmp/petsc-oye27d1b/config.setCompilers/conftest
Executing: /usr/bin/mpicxx --version
stdout:
g++ (Ubuntu 13.3.0-6ubuntu2~24.04.1) 13.3.0
Copyright (C) 2023 Free Software Foundation, Inc.
This is free software; see the source for copying conditions.  There is NO
warranty; not even for MERCHANTABILITY or FITNESS FOR A PARTICULAR PURPOSE.
=============================================================================================
TESTING: checkDeviceHostCompiler from config.setCompilers(/home/lzy/projects/formal_3D_flow_solver/FEM_SimVascular/external/dependencies/sv1_1/petsc-3.19.6/config/BuildSystem/config/setCompilers.py:751)
  Set the host compiler (HC) of the device compiler (DC) to the HC unless the DC already explicitly sets its HC. This may be needed if the default HC used by the DC is ancient and PETSc uses a different HC (e.g., through --with-cxx=...).
Executing: /usr/bin/mpicxx --help | head -n 20 
stdout:
Usage: g++ [options] file...
Options:
  -pass-exit-codes         Exit with highest error code from a phase.
  --help                   Display this information.
  --target-help            Display target specific command line options (including assembler and linker options).
  --help={common|optimizers|params|target|warnings|[^]{joined|separate|undocumented}}[,...].
                           Display specific types of command line options.
  (Use '-v --help' to display command line options of sub-processes).
  --version                Display compiler version information.
  -dumpspecs               Display all of the built in spec strings.
  -dumpversion             Display the version of the compiler.
  -dumpmachine             Display the compiler's target processor.
  -foffload=<targets>      Specify offloading targets.
  -print-search-dirs       Display the directories in the compiler's search path.
  -print-libgcc-file-name  Display the name of the compiler's companion library.
  -print-file-name=<lib>   Display the full path to library <lib>.
  -print-prog-name=<prog>  Display the full path to compiler component <prog>.
  -print-multiarch         Display the target's normalized GNU triplet, used as
                           a component in the library path.
  -print-multi-directory   Display the root directory for versions of libgcc.
Detected GNU compiler
=============================================================================================
TESTING: checkCxxDialect from config.setCompilers(/home/lzy/projects/formal_3D_flow_solver/FEM_SimVascular/external/dependencies/sv1_1/petsc-3.19.6/config/BuildSystem/config/setCompilers.py:773)
  Determine the CXX dialect supported by the compiler (language) [and corresponding compiler
    option - if any].

    isGNUish indicates if the compiler is gnu compliant (i.e. clang).
    -with-<lang>-dialect can take options:
      auto: use highest supported dialect configure can determine
      [[c|gnu][xx|++]]23: not yet supported
      [[c|gnu][xx|++]]20: gnu++20 or c++20
      [[c|gnu][xx|++]]17: gnu++17 or c++17
      [[c|gnu][xx|++]]14: gnu++14 or c++14
      [[c|gnu][xx|++]]11: gnu++11 or c++11
      0: disable CxxDialect check and use compiler default

    On return this function sets the following values:
    - if needed, appends the relevant CXX dialect flag to <lang> compiler flags
    - self.cxxDialectRange = (minSupportedDialect,maxSupportedDialect) (e.g. ('c++11','c++14'))
    - self.addDefine('HAVE_{LANG}_DIALECT_CXX{DIALECT_NUM}',1) for every supported dialect
    - self.lang+'dialect' = 'c++'+maxDialectNumber (e.g. 'c++14') but ONLY if the user
      specifically requests a dialect version, otherwise this is not set

    Raises a config.base.ConfigureSetupError if:
    - The user has set both the --with-dialect=[...] configure options and -std=[...] in their
      compiler flags
    - The combination of specifically requested packages cannot all be compiled with the same flag
    - An unknown C++ dialect is provided

    The config.base.ConfigureSetupErrors are NOT meant to be caught, as they are fatal errors
    on part of the user

    Raises a RuntimeError (which may be caught) if:
    - The compiler does not support at minimum -std=c++11
    
Executing: /usr/bin/mpicxx --version
stdout:
g++ (Ubuntu 13.3.0-6ubuntu2~24.04.1) 13.3.0
Copyright (C) 2023 Free Software Foundation, Inc.
This is free software; see the source for copying conditions.  There is NO
warranty; not even for MERCHANTABILITY or FITNESS FOR A PARTICULAR PURPOSE.
Did not detect MSVC
          checkCxxDialect: checking C++ dialect version for language "CXX" using compiler "/usr/bin/mpicxx"
          checkCxxDialect: PETSc believes compiler (/usr/bin/mpicxx) IS gnu-ish
          checkCxxDialect: PETSc believes that we have NOT processed /usr/bin/mpicxx before
          checkCxxDialect: configure option after sanitization: --with-cxx-dialect=AUTO
          checkCxxDialect: dialect AUTO has been NOT explicitly selected for CXX
          checkCxxDialect: Have potential flag pool:
	   - -std=gnu++20
	   - -std=c++20
	   - -std=gnu++17
	   - -std=c++17
	   - -std=gnu++14
	   - -std=c++14
	   - -std=gnu++11
	   - -std=c++11
          checkCxxDialect: checking CXX 20 for cxx with -std=gnu++20
Executing: /usr/bin/mpicxx -c -o /tmp/petsc-oye27d1b/config.setCompilers/conftest.o -I/tmp/petsc-oye27d1b/config.setCompilers   -std=gnu++20   /tmp/petsc-oye27d1b/config.setCompilers/conftest.cc 
Successful compile:
Source:
#include "confdefs.h"
#include "conffix.h"

// c++11 includes
#include <memory>
#include <random>
#include <complex>
#include <iostream>
#include <algorithm>

template<class T> void ignore(const T&) { } // silence unused variable warnings
class valClass
{
public:
  int i;
  valClass() { i = 3; }
  valClass(int x) : i(x) { }
};

class MoveSemantics
{
  std::unique_ptr<valClass> _member;

public:
  MoveSemantics(int val = 4) : _member(new valClass(val)) { }
  MoveSemantics& operator=(MoveSemantics &&other) noexcept = default;
};

template<typename T> constexpr T Cubed( T x ) { return x*x*x; }
auto trailing(int x) -> int { return x+2; }
enum class Shapes : int {SQUARE,CIRCLE};
template<class ... Types> struct Tuple { };
using PetscErrorCode = int;


// c++14 includes
#include <type_traits>

template<class T> constexpr T pi = T(3.1415926535897932385L);  // variable template


// c++17 includes
#include <string_view>
#include <any>
#include <optional>
#include <variant>

[[nodiscard]] int nodiscardFunc() { return 0; }
struct S2
{
  // static inline member variables since c++17
  static inline int var = 8675309;
  void f(int i);
};
void S2::f(int i)
{
  // until c++17: Error: invalid syntax
  // since c++17: OK: captures the enclosing S2 by copy
  auto lmbd = [=, *this] { std::cout << i << " " << this->var << std::endl; };
  lmbd();
}


// c++20 includes
#include <compare>
#include <concepts>

consteval int sqr_cpp20(int n)
{
  return n*n;
}
constexpr auto r = sqr_cpp20(10);
static_assert(r == 100);

const char *g_cpp20() { return "dynamic initialization"; }
constexpr const char *f_cpp20(bool p) { return p ? "constant initializer" : g_cpp20(); }
constinit const char *cinit_c = f_cpp20(true); // OK

// Declaration of the concept "Hashable", which is satisfied by any type 'T'
// such that for values 'a' of type 'T', the expression std::hash<T>{}(a)
// compiles and its result is convertible to std::size_t
template <typename T>
concept Hashable = requires(T a)
{
  { std::hash<T>{}(a) } -> std::convertible_to<std::size_t>;
};

struct meow {};

// Constrained C++20 function template:
template <Hashable T>
void f_concept(T) {}

void abbrev_f1(auto); // same as template<class T> void abbrev_f1(T)
void abbrev_f4(const std::destructible auto*, std::floating_point auto&); // same as template<C3 T, C4 U> void abbrev_f4(const T*, U&);

template<>
void abbrev_f4<int>(const int*, const double&); // specialization of abbrev_f4<int, const double> (since C++20)

int main() {

// c++11 body
valClass cls = valClass(); // value initialization
int i = cls.i;             // i is not declared const
const int& rci = i;        // but rci is
const_cast<int&>(rci) = 4;

constexpr int big_value = 1234;
decltype(big_value) ierr = big_value;
auto ret = trailing(ierr);
MoveSemantics bob;
MoveSemantics alice;
alice = std::move(bob);ignore(alice);
Tuple<> t0;ignore(t0);
Tuple<long> t1;ignore(t1);
Tuple<int,float> t2;ignore(t2);
std::random_device rd;
std::mt19937 mt(rd());
std::normal_distribution<double> dist(0,1);
const double x = dist(mt);
std::cout << x << ret << std::endl;
std::vector<std::unique_ptr<double>> vector;
std::sort(vector.begin(), vector.end(), [](std::unique_ptr<double> &a, std::unique_ptr<double> &b) { return *a < *b; });


// c++14 body
auto ptr = std::make_unique<int>();
*ptr = 1;
std::cout << pi<double> << std::endl;
constexpr const std::complex<double> const_i(0.0,1.0);
auto lambda = [](auto x, auto y) { return x + y; };
std::cout << lambda(3,4) << std::real(const_i) << std::endl;


// c++17 body
std::variant<int,float> v,w;
v = 42;               // v contains int
int ivar = std::get<int>(v);
w = std::get<0>(v);   // same effect as the previous line
w = v;                // same effect as the previous line
S2 foo;
foo.f(ivar);
if constexpr (std::is_arithmetic_v<int>) std::cout << "c++17" << std::endl;
typedef std::integral_constant<Shapes,Shapes::SQUARE> squareShape;
// static_assert with no message since c++17
static_assert(std::is_same_v<squareShape,squareShape>);
auto val = nodiscardFunc();ignore(val);


// c++20 body
ignore(cinit_c);

using std::operator""s;
f_concept("abc"s);
;
  return 0;
}

              Output from compiling with  -std=gnu++20 


Added Cxx compiler flag -std=gnu++20
          checkCxxDialect: success using -std=gnu++20 for Cxx dialect C++20, set new cxxDialectRange: ('c++11', 'c++20')
            Defined "HAVE_CXX_DIALECT_CXX11" to "1"
            Defined "HAVE_CXX_DIALECT_CXX14" to "1"
            Defined "HAVE_CXX_DIALECT_CXX17" to "1"
            Defined "HAVE_CXX_DIALECT_CXX20" to "1"
=============================================================================================
TESTING: checkCxxPreprocessor from config.setCompilers(/home/lzy/projects/formal_3D_flow_solver/FEM_SimVascular/external/dependencies/sv1_1/petsc-3.19.6/config/BuildSystem/config/setCompilers.py:1780)
  Locate a functional Cxx preprocessor
    Checking for program /usr/bin/mpicxx...found
              Defined make macro "CXXPP" to "/usr/bin/mpicxx -E"
Preprocessing source:
#include "confdefs.h"
#include "conffix.h"
#include <cstdlib>

Executing: /usr/bin/mpicxx -E  -I/tmp/petsc-oye27d1b/config.setCompilers  /tmp/petsc-oye27d1b/config.setCompilers/conftest.cc 
Preprocess output before filtering:
Preprocess output after filtering:
=============================================================================================
TESTING: checkCUDACompiler from config.setCompilers(/home/lzy/projects/formal_3D_flow_solver/FEM_SimVascular/external/dependencies/sv1_1/petsc-3.19.6/config/BuildSystem/config/setCompilers.py:1499)
  Locate a functional CUDA compiler
    Checking for program /usr/bin/nvcc...not found
    Checking for program /bin/nvcc...not found
    Checking for program /home/lzy/projects/formal_3D_flow_solver/FEM_SimVascular/external/dependencies/sv1_1/petsc-3.19.6/lib/petsc/bin/win32fe/nvcc...not found
    Checking for program /Developer/NVIDIA/CUDA-6.5/bin/nvcc...not found
    Checking for program /home/lzy/projects/formal_3D_flow_solver/FEM_SimVascular/external/dependencies/sv1_1/petsc-3.19.6/lib/petsc/bin/win32fe/nvcc...not found
  Unable to find programs: ['nvcc'] in listing of the specific search path: ['/Developer/NVIDIA/CUDA-6.5/bin']
      Warning accessing /Developer/NVIDIA/CUDA-6.5/bin gives errors: [Errno 2] No such file or directory: '/Developer/NVIDIA/CUDA-6.5/bin'
    Checking for program /usr/local/cuda/bin/nvcc...found
              Defined make macro "CUDAC" to "/usr/local/cuda/bin/nvcc"
Executing: /usr/local/cuda/bin/nvcc -c -o /tmp/petsc-oye27d1b/config.setCompilers/conftest.o -I/tmp/petsc-oye27d1b/config.setCompilers   /tmp/petsc-oye27d1b/config.setCompilers/conftest.cu 
Successful compile:
Source:
#include "confdefs.h"
#include "conffix.h"

int main() {
;
  return 0;
}

Executing: /usr/local/cuda/bin/nvcc --version
stdout:
nvcc: NVIDIA (R) Cuda compiler driver
Copyright (c) 2005-2024 NVIDIA Corporation
Built on Tue_Oct_29_23:50:19_PDT_2024
Cuda compilation tools, release 12.6, V12.6.85
Build cuda_12.6.r12.6/compiler.35059454_0
=============================================================================================
TESTING: checkDeviceHostCompiler from config.setCompilers(/home/lzy/projects/formal_3D_flow_solver/FEM_SimVascular/external/dependencies/sv1_1/petsc-3.19.6/config/BuildSystem/config/setCompilers.py:751)
  Set the host compiler (HC) of the device compiler (DC) to the HC unless the DC already explicitly sets its HC. This may be needed if the default HC used by the DC is ancient and PETSc uses a different HC (e.g., through --with-cxx=...).
          checkDeviceHostCompiler: checking CUDA accepts host compiler /usr/bin/mpicxx
Executing: /usr/local/cuda/bin/nvcc -c -o /tmp/petsc-oye27d1b/config.setCompilers/conftest.o -I/tmp/petsc-oye27d1b/config.setCompilers  -ccbin /usr/bin/mpicxx   /tmp/petsc-oye27d1b/config.setCompilers/conftest.cu 
Successful compile:
Source:
#include "confdefs.h"
#include "conffix.h"

int main() {
;
  return 0;
}

              Output from compiling with  -ccbin /usr/bin/mpicxx 


Added CUDA compiler flag -ccbin /usr/bin/mpicxx
Executing: /usr/local/cuda/bin/nvcc --help | head -n 20 
stdout:
Usage  : nvcc [options] <inputfile>
Options for specifying the compilation phase
============================================
More exactly, this option specifies up to which stage the input files must be compiled,
according to the following compilation trajectories for different input file types:
        .c/.cc/.cpp/.cxx : preprocess, compile, link
        .o               : link
        .i/.ii           : compile, link
        .cu              : preprocess, cuda frontend, PTX assemble,
                           merge with host C code, compile, link
        .gpu             : cicc compile into cubin
        .ptx             : PTX assemble into cubin.
--cuda                                          (-cuda)                         
        Compile all .cu input files to .cu.cpp.ii output.
--cubin                                         (-cubin)                        
        Compile all .cu/.gpu/.ptx input files to device-only .cubin files.  This
Executing: /usr/local/cuda/bin/nvcc --help
stdout:
Usage  : nvcc [options] <inputfile>
Options for specifying the compilation phase
============================================
More exactly, this option specifies up to which stage the input files must be compiled,
according to the following compilation trajectories for different input file types:
        .c/.cc/.cpp/.cxx : preprocess, compile, link
        .o               : link
        .i/.ii           : compile, link
        .cu              : preprocess, cuda frontend, PTX assemble,
                           merge with host C code, compile, link
        .gpu             : cicc compile into cubin
        .ptx             : PTX assemble into cubin.
--cuda                                          (-cuda)                         
        Compile all .cu input files to .cu.cpp.ii output.
--cubin                                         (-cubin)                        
        Compile all .cu/.gpu/.ptx input files to device-only .cubin files.  This
        step discards the host code for each .cu input file.
--fatbin                                        (-fatbin)                       
        Compile all .cu/.gpu/.ptx/.cubin input files to device-only .fatbin files.
        This step discards the host code for each .cu input file.
--ptx                                           (-ptx)                          
        Compile all .cu input files to device-only .ptx files.  This step discards
        the host code for each of these input file.
--optix-ir                                      (-optix-ir)                     
        Compile CUDA source to OptiX IR (.optixir) output. The OptiX IR is only intended
        for consumption by OptiX through appropriate APIs. This feature is not supported
        with link-time-optimization (-dlto), the lto_NN -arch target, or with -gencode.
--preprocess                                    (-E)                            
        Preprocess all .c/.cc/.cpp/.cxx/.cu input files.
--generate-dependencies                         (-M)                            
        Generate a dependency file that can be included in a make file for the .c/.cc/.cpp/.cxx/.cu
        input file. If -MF is specified, multiple source files are not supported,
        and the output is written to the specified file, otherwise it is written
        to stdout.
--generate-nonsystem-dependencies               (-MM)                           
        Same as --generate-dependencies but skip header files found in system directories
        (Linux only).
--generate-dependencies-with-compile            (-MD)                           
        Generate a dependency file and compile the input file. The dependency file
        can be included in a make file for the .c/.cc/.cpp/.cxx/.cu input file. 
        This option cannot be specified together with -E. 
        The dependency file name is computed as follows:
        - If -MF is specified, then the specified file is used as the dependency
        file name 
        - If -o is specified, the dependency file name is computed from the specified
        file name by replacing the suffix with '.d'.
        - Otherwise, the dependency file name is computed by replacing the input
        file names's suffix with '.d'
        If the dependency file name is computed based on either -MF or -o, then multiple
        input files are not supported.
--generate-nonsystem-dependencies-with-compile  (-MMD)                          
        Same as --generate-dependencies-with-compile, but skip header files found
        in system directories (Linux only).
--dependency-output                             (-MF)                           
        Specify the output file for the dependency file generated with -M/-MM/-MD/-MMD.
        
--generate-dependency-targets                   (-MP)                           
        Add an empty target for each dependency.
--compile                                       (-c)                            
        Compile each .c/.cc/.cpp/.cxx/.cu input file into an object file.
--device-c                                      (-dc)                           
        Compile each .c/.cc/.cpp/.cxx/.cu input file into an object file that contains
        relocatable device code.  It is equivalent to '--relocatable-device-code=true
        --compile'.
--device-w                                      (-dw)                           
        Compile each .c/.cc/.cpp/.cxx/.cu input file into an object file that contains
        executable device code.  It is equivalent to '--relocatable-device-code=false
        --compile'.
--device-link                                   (-dlink)                        
        Link object files with relocatable device code and .ptx/.cubin/.fatbin files
        into an object file with executable device code, which can be passed to the
        host linker.
--link                                          (-link)                         
        This option specifies the default behavior: compile and link all inputs.
--lib                                           (-lib)                          
        Compile all inputs into object files (if necessary) and add the results to
        the specified output library file.
--run                                           (-run)                          
        This option compiles and links all inputs into an executable, and executes
        it.  Or, when the input is a single executable, it is executed without any
        compilation or linking. This step is intended for developers who do not want
        to be bothered with setting the necessary environment variables; these are
        set temporarily by nvcc).
File and path specifications.
=============================
--output-file <file>                            (-o)                            
        Specify name and location of the output file.  Only a single input file is
        allowed when this option is present in nvcc non-linking/archiving mode.
--pre-include <file>,...                        (-include)                      
        Specify header files that must be preincluded during preprocessing.
--objdir-as-tempdir                             (-objtemp)                      
        Create intermediate files in the same directory as the object file instead
        of in the temporary directory. This option will take effect only if -c, -dc
        or -dw is also used.
--library <library>,...                         (-l)                            
        Specify libraries to be used in the linking stage without the library file
        extension.  The libraries are searched for on the library search paths that
        have been specified using option '--library-path'.
--define-macro <def>,...                        (-D)                            
        Specify macro definitions to define for use during preprocessing or compilation.
--undefine-macro <def>,...                      (-U)                            
        Undefine macro definitions during preprocessing or compilation.
--include-path <path>,...                       (-I)                            
        Specify include search paths.
--system-include <path>,...                     (-isystem)                      
        Specify system include search paths.
--library-path <path>,...                       (-L)                            
        Specify library search paths.
--output-directory <directory>                  (-odir)                         
        Specify the directory of the output file.  This option is intended for letting
        the dependency generation step (see '--generate-dependencies') generate a
        rule that defines the target object file in the proper directory.
--compiler-bindir <path>                        (-ccbin)                        
        Specify the directory in which the host compiler executable resides.  The
        host compiler executable name can be also specified to ensure that the correct
        host compiler is selected.  In addition, driver prefix options ('--input-drive-prefix',
        '--dependency-drive-prefix', or '--drive-prefix') may need to be specified,
        if nvcc is executed in a Cygwin shell or a MinGW shell on Windows.
--allow-unsupported-compiler                    (-allow-unsupported-compiler)   
        Disable nvcc check for supported host compiler versions. Using an unsupported
        host compiler may cause compilation failure or incorrect run time execution.
        Use at your own risk. This option has no effect on MacOS.
--archiver-binary <path>                        (-arbin)                        
        Specify the path of the executable for the archiving tool used to createstatic
        libraries with '--lib'. If unspecified, a platform-specific defaultis used.
--cudart {none|shared|static}                   (-cudart)                       
        Specify the type of CUDA runtime library to be used: no CUDA runtime library,
        shared/dynamic CUDA runtime library, or static CUDA runtime library.
        Allowed values for this option:  'none','shared','static'.
        Default value:  'static'.
--cudadevrt {none|static}                       (-cudadevrt)                    
        Specify the type of CUDA device runtime library to be used: no CUDA device
        runtime library, or static CUDA device runtime library.
        Allowed values for this option:  'none','static'.
        Default value:  'static'.
--libdevice-directory <directory>               (-ldir)                         
        Specify the directory that contains the libdevice library files when option
        '--dont-use-profile' is used.  Libdevice library files are located in the
        'nvvm/libdevice' directory in the CUDA toolkit.
--target-directory <string>                     (-target-dir)                   
        Specify the subfolder name in the targets directory where the default include
        and library paths are located. 
--use-local-env                                 (-use-local-env)                
        By default nvcc assumes that the MSVC environment needs to be initialized.
        This is done by executing the appropriate command file available for the
        MSVC installation detected or specified. Initializing the environment for
        each nvcc invocation can add noticeable overheads. If the environment used
        to invoke nvcc has already been configured, this option can be used to skip
        this step.
Options for specifying behavior of compiler/linker.
===================================================
--profile                                       (-pg)                           
        Instrument generated code/executable for use by gprof (Linux only).
--debug                                         (-g)                            
        Generate debug information for host code.
--device-debug                                  (-G)                            
        Generate debug information for device code. If --dopt is not specified, then
        turns off all optimizations. Don't use for profiling; use -lineinfo instead.
--generate-line-info                            (-lineinfo)                     
        Generate line-number information for device code.
--optimization-info <kind>,...                  (-opt-info)                     
        Provide optimization reports for the specified kind of optimization. The
        following tags are supported:
                inline: Emit remarks related to function inlining. Inlining passmay
        be invoked multiple times by the compiler and a function notinlined in an
        earlier pass may be inlined in a subsequent pass.
        Allowed values for this option:  'inline'.
--optimize <level>                              (-O)                            
        Specify optimization level for host code.
--dopt <kind>                                   (-dopt)                         
        Enable device code optimization. When specified along with '-G', enables
        limited debug information generation for optimized device code (currently,
        only line number information). When '-G' is not specified, '-dopt=on' is
        implicit.
        Allowed values for this option:  'on'.
--dlink-time-opt                                (-dlto)                         
        Perform link-time optimization of device code. Link-time optimization must
        be specified at both compile and link time; at compile time it stores high-level
        intermediate code, then at link time it links together and optimizes the
        intermediate code.If that intermediate is not found at link time then nothing
        happens. Intermediate code is also stored at compile time with the --gpu-code='lto_NN'
        target. The options -dlto -arch=sm_NN will add a lto_NN target; if you want
        to only add a lto_NN target and not the compute_NN that -arch=sm_NN usually
        generates, use -arch=lto_NN. The options '-dlto -dlink -ptx -o <file.ptx>'
        will cause nvlink to generate <file.ptx>. If -o is not used, the file generated
        will be a_dlink.dlto.ptx.
--lto                                           (-lto)                          
        Alias for -dlto.
--gen-opt-lto                                   (-gen-opt-lto)                  
        Run the optimizer passes before generating the LTO IR.
--ftemplate-backtrace-limit <limit>             (-ftemplate-backtrace-limit)    
        Set the maximum number of template instantiation notes for a single warning
        or error to <limit>. A value of 0 is allowed, and indicates that no limit
        should be enforced. This value is also passed to the host compiler if it
        provides an equivalent flag.
--ftemplate-depth <limit>                       (-ftemplate-depth)              
        Set the maximum instantiation depth for template classes to <limit>. This
        value is also passed to the host compiler if it provides an equivalent flag.
--no-exceptions                                 (-noeh)                         
        Disable exception handling for host code.
--shared                                        (-shared)                       
        Generate a shared library during linking.  Use option '--linker-options'
        when other linker options are required for more control.
--x {c|c++|cu}                                  (-x)                            
        Explicitly specify the language for the input files, rather than letting
        the compiler choose a default based on the file name suffix.
        Allowed values for this option:  'c','c++','cu'.
--std {c++03|c++11|c++14|c++17|c++20}           (-std)                          
        Select a particular C++ dialect.  Note that this flag also turns on the corresponding
        dialect flag for the host compiler.
        Allowed values for this option:  'c++03','c++11','c++14','c++17','c++20'.
--no-host-device-initializer-list               (-nohdinitlist)                 
        Do not implicitly consider member functions of std::initializer_list as __host__
        __device__ functions.
--no-host-device-move-forward                   (-nohdmoveforward)              
        Do not implicitly consider std::move and std::forward as __host__ __device__
        function templates.
--expt-relaxed-constexpr                        (-expt-relaxed-constexpr)       
        Experimental flag: Allow host code to invoke __device__ constexpr functions,
        and device code to invoke __host__ constexpr functions.Note that the behavior
        of this flag may change in future compiler releases.
--extended-lambda                               (-extended-lambda)              
        Allow __host__, __device__ annotations in lambda declaration. 
--expt-extended-lambda                          (-expt-extended-lambda)         
        Alias for -extended-lambda.
--machine {64}                                  (-m)                            
        Specify 64 bit architecture.
        Allowed values for this option:  64.
        Default value:  64.
--m64                                           (-m64)                          
        Equivalent to --machine=64.
Options for passing specific phase options
==========================================
These allow for passing options directly to the intended compilation phase.  Using
these, users have the ability to pass options to the lower level compilation tools,
without the need for nvcc to know about each and every such option.
--compiler-options <options>,...                (-Xcompiler)                    
        Specify options directly to the compiler/preprocessor.
--linker-options <options>,...                  (-Xlinker)                      
        Specify options directly to the host linker.
--archive-options <options>,...                 (-Xarchive)                     
        Specify options directly to library manager.
--ptxas-options <options>,...                   (-Xptxas)                       
        Specify options directly to ptxas, the PTX optimizing assembler.
--nvlink-options <options>,...                  (-Xnvlink)                      
        Specify options directly to nvlink.
Miscellaneous options for guiding the compiler driver.
======================================================
--forward-unknown-to-host-compiler              (-forward-unknown-to-host-compiler)
        Forward unknown options to the host compiler. An 'unknown option' is a command
        line argument that starts with '-' followed by another character, and is
        not a recognized nvcc flag or an argument for a recognized nvcc flag.
        Note: If the unknown option is followed by a separate command line argument,
        the argument will not be forwarded, unless it begins with the '-' character.
        E.g.
        'nvcc -forward-unknown-to-host-compiler -foo=bar a.cu' will forward '-foo=bar'
        to host compiler.
        'nvcc -forward-unknown-to-host-compiler -foo bar a.cu' will report an error
        for 'bar' argument.
        'nvcc -forward-unknown-to-host-compiler -foo -bar a.cu' will forward '-foo'
        and '-bar' to host compiler.
        Note: On Windows, also see option '-forward-slash-prefix-opts' for forwarding
        options that begin with '/'.
--forward-unknown-to-host-linker                (-forward-unknown-to-host-linker)
        Forward unknown options to the host linker. An 'unknown option' is a command
        line argument that starts with '-' followed by another character, and is
        not a recognized nvcc flag or an argument for a recognized nvcc flag.
        Note: If the unknown option is followed by a separate command line argument,
        the argument will not be forwarded, unless it begins with the '-' character.
        E.g.
        'nvcc -forward-unknown-to-host-linker -foo=bar a.cu' will forward '-foo=bar'
        to host linker.
        'nvcc -forward-unknown-to-host-linker -foo bar a.cu' will report an error
        for 'bar' argument.
        'nvcc -forward-unknown-to-host-linker -foo -bar a.cu' will forward '-foo'
        and '-bar' to host linker.
        Note: On Windows, also see option '-forward-slash-prefix-opts' for forwarding
        options that begin with '/'.
--forward-unknown-opts                          (-forward-unknown-opts)         
        Implies the combination of options: -forward-unknown-to-host-linker
        and -forward-unknown-to-host-compiler.
        E.g.
        'nvcc -forward-unknown-opts -foo=bar a.cu' will forward '-foo=bar' to the
        host linker and compiler.
        'nvcc -forward-unknown-opts -foo bar a.cu' will report an error for 'bar'
        argument.
        'nvcc -forward-unknown-opts -foo -bar a.cu' will forward '-foo' and '-bar'
        to the host linker and compiler.
        Note: On Windows, also see option '-forward-slash-prefix-opts' for forwarding
        options that begin with '/'.
--dont-use-profile                              (-noprof)                       
        Nvcc uses the nvcc.profiles file for compilation.  When specifying this option,
        the profile file is not used.
--dryrun                                        (-dryrun)                       
        Do not execute the compilation commands generated by nvcc.  Instead, list
        them.
--verbose                                       (-v)                            
        List the compilation commands generated by this compiler driver, but do not
        suppress their execution.
--threads <number>                              (-t)                            
        Specify the maximum number of threads to be created in parallel when compiling
        for multiple architectures. If <number> is 1 or if compiling for one architecture,
        this option is ignored. If <number> is 0, the number of threads will be the
        number of CPUs on the machine.
--split-compile <number>                        (-split-compile)                
        Specify the maximum amount of concurrent threads to to be utilized when running
        compiler optimizations. If <number> is 1, this option is ignored. If <number>
        is 0, the number of threads will be the number of CPUs on the machine.
        This option will have minimal (if any) impact on performance of the compiled
        binary.
--split-compile-extended <number>               (-split-compile-extended)       
        Specify the maximum amount of concurrent threads to be utilized when running
        compiler optimizations in LTO mode. If <number> is 1, this option is ignored.
        If <number> is 0, the number of threads will be the number of CPUs on the
        machine.
        This option is a more aggressive form of split compilation, and can potentially
        impact performance of the compiled binary. It is available in LTO mode only.
--fdevice-syntax-only                           (-fdevice-syntax-only)          
        Ends device compilation after front-end syntax checking. This option does
        not generate valid device code.
--keep                                          (-keep)                         
        Keep all intermediate files that are generated during internal compilation
        steps.
--keep-dir <directory>                          (-keep-dir)                     
        Keep all intermediate files that are generated during internal compilation
        steps in this directory.
--save-temps                                    (-save-temps)                   
        This option is an alias of '--keep'.
--clean-targets                                 (-clean)                        
        This option reverses the behavior of nvcc.  When specified, none of the compilation
        phases will be executed.  Instead, all of the non-temporary files that nvcc
        would otherwise create will be deleted.
--time <file name>                              (-time)                         
        Generate a comma separated value table with the time taken by each compilation
        phase, and append it at the end of the file given as the option argument.
        If the file is empty, the column headings are generated in the first row
        of the table. If the file name is '-', the timing data is generated in stdout.
--run-args <arguments>,...                      (-run-args)                     
        Used in combination with option --run to specify command line arguments for
        the executable.
--input-drive-prefix <prefix>                   (-idp)                          
        On Windows, all command line arguments that refer to file names must be converted
        to the Windows native format before they are passed to pure Windows executables.
        This option specifies how the current development environment represents
        absolute paths.  Use '/cygwin/' as <prefix> for Cygwin build environments,
        and '/' as <prefix> for MinGW.
--dependency-drive-prefix <prefix>              (-ddp)                          
        On Windows, when generating dependency files (see --generate-dependencies),
        all file names must be converted appropriately for the instance of 'make'
        that is used.  Some instances of 'make' have trouble with the colon in absolute
        paths in the native Windows format, which depends on the environment in which
        the 'make' instance has been compiled.  Use '/cygwin/' as <prefix> for a
        Cygwin make, and '/' as <prefix> for MinGW.  Or leave these file names in
        the native Windows format by specifying nothing.
--drive-prefix <prefix>                         (-dp)                           
        Specifies <prefix> as both --input-drive-prefix and --dependency-drive-prefix.
--dependency-target-name <target>               (-MT)                           
        Specify the target name of the generated rule when generating a dependency
        file (see '--generate-dependencies').
--no-align-double                               --no-align-double               
        Specifies that '-malign-double' should not be passed as a compiler argument
        on 32-bit platforms.  WARNING: this makes the ABI incompatible with the cuda's
        kernel ABI for certain 64-bit types.
--no-device-link                                (-nodlink)                      
        Skip the device link step when linking object files.
Options for steering GPU code generation.
=========================================
--gpu-architecture <arch>                       (-arch)                         
        Specify the name of the class of NVIDIA 'virtual' GPU architecture for which
        the CUDA input files must be compiled.
        With the exception as described for the shorthand below, the architecture
        specified with this option must be a 'virtual' architecture (such as compute_50).
        Normally, this option alone does not trigger assembly of the generated PTX
        for a 'real' architecture (that is the role of nvcc option '--gpu-code',
        see below); rather, its purpose is to control preprocessing and compilation
        of the input to PTX.
        For convenience, in case of simple nvcc compilations, the following shorthand
        is supported.  If no value for option '--gpu-code' is specified, then the
        value of this option defaults to the value of '--gpu-architecture'.  In this
        situation, as only exception to the description above, the value specified
        for '--gpu-architecture' may be a 'real' architecture (such as a sm_50),
        in which case nvcc uses the specified 'real' architecture and its closest
        'virtual' architecture as effective architecture values.  For example, 'nvcc
        --gpu-architecture=sm_50' is equivalent to 'nvcc --gpu-architecture=compute_50
        --gpu-code=sm_50,compute_50'.
        -arch=all         build for all supported architectures (sm_*), and add PTX
        for the highest major architecture to the generated code.
        -arch=all-major   build for just supported major versions (sm_*0), plus the
        earliest supported, and add PTX for the highest major architecture to the
        generated code.
        -arch=native      build for all architectures (sm_*) on the current system
        Note: -arch=native, -arch=all, -arch=all-major cannot be used with the -code
        option, but can be used with -gencode options.
        Allowed values for this option:  'all','all-major','compute_50','compute_52',
        'compute_53','compute_60','compute_61','compute_62','compute_70','compute_72',
        'compute_75','compute_80','compute_86','compute_87','compute_89','compute_90',
        'compute_90a','lto_50','lto_52','lto_53','lto_60','lto_61','lto_62','lto_70',
        'lto_72','lto_75','lto_80','lto_86','lto_87','lto_89','lto_90','lto_90a',
        'native','sm_50','sm_52','sm_53','sm_60','sm_61','sm_62','sm_70','sm_72',
        'sm_75','sm_80','sm_86','sm_87','sm_89','sm_90','sm_90a'.
--gpu-code <code>,...                           (-code)                         
        Specify the name of the NVIDIA GPU to assemble and optimize PTX for.
        nvcc embeds a compiled code image in the resulting executable for each specified
        <code> architecture, which is a true binary load image for each 'real' architecture
        (such as sm_50), and PTX code for the 'virtual' architecture (such as compute_50).
        During runtime, such embedded PTX code is dynamically compiled by the CUDA
        runtime system if no binary load image is found for the 'current' GPU.
        Architectures specified for options '--gpu-architecture' and '--gpu-code'
        may be 'virtual' as well as 'real', but the <code> architectures must be
        compatible with the <arch> architecture.  When the '--gpu-code' option is
        used, the value for the '--gpu-architecture' option must be a 'virtual' PTX
        architecture.
        For instance, '--gpu-architecture=compute_60' is not compatible with '--gpu-code=sm_52',
        because the earlier compilation stages will assume the availability of 'compute_60'
        features that are not present on 'sm_52'.
        Allowed values for this option:  'compute_50','compute_52','compute_53',
        'compute_60','compute_61','compute_62','compute_70','compute_72','compute_75',
        'compute_80','compute_86','compute_87','compute_89','compute_90','compute_90a',
        'lto_50','lto_52','lto_53','lto_60','lto_61','lto_62','lto_70','lto_72',
        'lto_75','lto_80','lto_86','lto_87','lto_89','lto_90','lto_90a','sm_50',
        'sm_52','sm_53','sm_60','sm_61','sm_62','sm_70','sm_72','sm_75','sm_80',
        'sm_86','sm_87','sm_89','sm_90','sm_90a'.
--generate-code <specification>,...             (-gencode)                      
        This option provides a generalization of the '--gpu-architecture=<arch> --gpu-code=<code>,
        ...' option combination for specifying nvcc behavior with respect to code
        generation.  Where use of the previous options generates code for different
        'real' architectures with the PTX for the same 'virtual' architecture, option
        '--generate-code' allows multiple PTX generations for different 'virtual'
        architectures.  In fact, '--gpu-architecture=<arch> --gpu-code=<code>,
        ...' is equivalent to '--generate-code arch=<arch>,code=<code>,...'.
        '--generate-code' options may be repeated for different virtual architectures.
        Allowed keywords for this option:  'arch','code'.
--relocatable-device-code {true|false}          (-rdc)                          
        Enable (disable) the generation of relocatable device code.  If disabled,
        executable device code is generated.  Relocatable device code must be linked
        before it can be executed.
        Default value:  false.
--entries entry,...                             (-e)                            
        Specify the global entry functions for which code must be generated.  By
        default, code will be generated for all entry functions.
--maxrregcount <amount>                         (-maxrregcount)                 
        Specify the maximum amount of registers that GPU functions can use.
        Until a function-specific limit, a higher value will generally increase the
        performance of individual GPU threads that execute this function.  However,
        because thread registers are allocated from a global register pool on each
        GPU, a higher value of this option will also reduce the maximum thread block
        size, thereby reducing the amount of thread parallelism.  Hence, a good maxrregcount
        value is the result of a trade-off.
        If this option is not specified, then no maximum is assumed.
        Value less than the minimum registers required by ABI will be bumped up by
        the compiler to ABI minimum limit.
        User program may not be able to make use of all registers as some registers
        are reserved by compiler.
--use_fast_math                                 (-use_fast_math)                
        Make use of fast math library.  '--use_fast_math' implies '--ftz=true --prec-div=false
        --prec-sqrt=false --fmad=true'.
--ftz {true|false}                              (-ftz)                          
        This option controls single-precision denormals support. '--ftz=true' flushes
        denormal values to zero and '--ftz=false' preserves denormal values. '--use_fast_math'
        implies '--ftz=true'.
        Default value:  false.
--prec-div {true|false}                         (-prec-div)                     
        This option controls single-precision floating-point division and reciprocals.
        '--prec-div=true' enables the IEEE round-to-nearest mode and '--prec-div=false'
        enables the fast approximation mode.  '--use_fast_math' implies '--prec-div=false'.
        Default value:  true.
--prec-sqrt {true|false}                        (-prec-sqrt)                    
        This option controls single-precision floating-point squre root.  '--prec-sqrt=true'
        enables the IEEE round-to-nearest mode and '--prec-sqrt=false' enables the
        fast approximation mode.  '--use_fast_math' implies '--prec-sqrt=false'.
        Default value:  true.
--fmad {true|false}                             (-fmad)                         
        This option enables (disables) the contraction of floating-point multiplies
        and adds/subtracts into floating-point multiply-add operations (FMAD, FFMA,
        or DFMA).  '--use_fast_math' implies '--fmad=true'.
        Default value:  true.
--extra-device-vectorization                    (-extra-device-vectorization)   
        This option enables more aggressive device code vectorization.
Options for steering cuda compilation.
======================================
--default-stream {legacy|null|per-thread}       (-default-stream)               
        Specify the stream that CUDA commands from the compiled program will be sent
        to by default.
                
        legacy
                The CUDA legacy stream (per context, implicitly synchronizes with
                other streams).
                
        per-thread
                A normal CUDA stream (per thread, does not implicitly
                synchronize with other streams).
                
        'null' is a deprecated alias for 'legacy'.
                
        Allowed values for this option:  'legacy','null','per-thread'.
        Default value:  'legacy'.
Generic tool options.
=====================
--disable-warnings                              (-w)                            
        Inhibit all warning messages.
--keep-device-functions                         (-keep-device-functions)        
        In whole program compilation mode, preserve user defined external linkage
        __device__ function definitions up to PTX.
--source-in-ptx                                 (-src-in-ptx)                   
        Interleave source in PTX. May only be used in conjunction with --device-debug
        or --generate-line-info.
--restrict                                      (-restrict)                     
        Programmer assertion that all kernel pointer parameters are restrict pointers.
--Wreorder                                      (-Wreorder)                     
        Generate warnings when member initializers are reordered.
--Wdefault-stream-launch                        (-Wdefault-stream-launch)       
        Generate warning when an explicit stream argument is not provided in the
        <<<...>>> kernel launch syntax.
--Wmissing-launch-bounds                        (-Wmissing-launch-bounds)       
        Generate warning when a __global__ function does not have an explicit __launch_bounds__
        annotation.
--Wext-lambda-captures-this                     (-Wext-lambda-captures-this)    
        Generate warning when an extended lambda implicitly captures 'this'.
--Wno-deprecated-declarations                   (-Wno-deprecated-declarations)  
        Suppress warning on use of deprecated entity.
--Wno-deprecated-gpu-targets                    (-Wno-deprecated-gpu-targets)   
        Suppress warnings about deprecated GPU target architectures.
--Werror <kind>,...                             (-Werror)                       
        Make warnings of the specified kinds into errors.  The following is the list
        of warning kinds accepted by this option:
                
        cross-execution-space-call
                Be more strict about unsupported cross execution space calls.
                The compiler will generate an error instead of a warning for a
                call from a __host__ __device__ to a __host__ function.
        reorder
                Generate errors when member initializers are reordered.
        deprecated-declarations
                Generate error on use of a deprecated entity.
        default-stream-launch
                Generate error when an explicit stream argument is not provided in
        the <<<...>>> kernel launch syntax.
        missing-launch-bounds
                Generate error when a __global__ function does not have an explicit
        __launch_bounds__ annotation.
        ext-lambda-captures-this
                Generate error when an extended lambda implicitly captures 'this'
        Allowed values for this option:  'all-warnings','cross-execution-space-call',
        'default-stream-launch','deprecated-declarations','ext-lambda-captures-this',
        'missing-launch-bounds','reorder'.
--resource-usage                                (-res-usage)                    
        Show resource usage such as registers and memory of the GPU code.
        This option implies '--nvlink-options --verbose' when '--relocatable-device-code=true'
        is set.  Otherwise, it implies '--ptxas-options --verbose'.
--extensible-whole-program                      (-ewp)                          
        Do extensible whole program compilation of device code.
--no-compress                                   (-no-compress)                  
        Do not compress device code in fatbinary.
--qpp-config                                    (-qpp-config)                   
        Specify the configuration ([[compiler/]version,][target]) for the q++ host
        compiler. The argument will be forwarded to the q++ compiler with its -V
        flag.
--compile-as-tools-patch                        (-astoolspatch)                 
        Compile patch code for CUDA tools. Implies --keep-device-functions.
--list-gpu-code                                 (-code-ls)                      
        List the non-accelerated gpu architectures (sm_XX) supported by the compiler
        and exit. If both --list-gpu-code and --list-gpu-arch are set, the list is
        displayed using the same format as the --generate-code value.
--list-gpu-arch                                 (-arch-ls)                      
        List the non-accelerated virtual device architectures (compute_XX) supported
        by the compiler and exit. If both --list-gpu-code and --list-gpu-arch are
        set, the list is displayed using the same format as the --generate-code value.
--display-error-number                          (-err-no)                       
        This option displays a diagnostic number for any message generated by the
        CUDA frontend compiler (note: not the host compiler).
--no-display-error-number                       (-no-err-no)                    
        This option disables the display of a diagnostic number for any message generated
        by the CUDA frontend compiler (note: not the host compiler).
--diag-error <error-number>,...                 (-diag-error)                   
        Emit error for specified diagnostic message(s) generated by the CUDA frontend
        compiler (note: does not affect diagnostics generated by the host compiler/preprocessor).
--diag-suppress <error-number>,...              (-diag-suppress)                
        Suppress specified diagnostic message(s) generated by the CUDA frontend compiler
        (note: does not affect diagnostics generated by the host compiler/preprocessor).
--diag-warn <error-number>,...                  (-diag-warn)                    
        Emit warning for specified diagnostic message(s) generated by the CUDA frontend
        compiler (note: does not affect diagnostics generated by the host compiler/preprocessor).
--host-linker-script {use-lcs|gen-lcs}          (-hls)                          
        Use the host linker script (GNU/Linux only) to enable support for certain
        CUDA specific requirements, while building executable files or shared libraries.
                
        use-lcs
                Prepares a host linker script to enable host linker support 
                for relocatable device object files that are larger in size,
                that would otherwise, in certain cases cause the host
                linker to fail with relocation truncation error.
        gen-lcs
                Generates a host linker script that can be passed to host 
                linker manually, in the case where host linker is invoked 
                separately outside of nvcc. This option can be combined 
                with -shared or -r option to generate linker scripts that 
                can be used while generating host shared libraries or host 
                relocatable links respectively.
                
                The file generated using this option must be provided as 
                the last input file to the host linker.
                
                Default Output Filename: The output is generated to stdout 
                by default. Use the option -o filename to specify the 
                output filename.
                
        A linker script may already be in use and passed 
        to the host linker using the host linker option --script 
        (or -T), then the generated host linker script must augment 
        the existing linker script. In such cases, the option -aug-hls 
        must be used to generate linker script that contains only the 
        augmentation parts. Otherwise, the host linker behaviour is 
        undefined.
                
        A host linker option, such as -z with a non-default argument, 
        that can modify the default linker script internally, is 
        incompatible with this option and the behavior of any such 
        usage is undefined.
                
        Allowed values for this option:  'gen-lcs','use-lcs'.
--augment-host-linker-script                    (-aug-hls)                      
        Enables generation of host linker script that augments an existing host linker
        script (GNU/Linux only). See option --host-linker-script for more details.
--host-relocatable-link                         (-r)                            
        When used in combination with -hls=gen-lcs, controls the behaviour of -hls=gen-lcs
        and sets it to generate host linker script that can be used in host relocatable
        link (ld -r linkage). See option -hls=gen-lcs for more information.
                
        This option currently is effective only when used with -hls=gen-lcs; in all
        other cases, this option is ignored currently.
--brief-diagnostics {true|false}                (-brief-diag)                   
        This option disables or enables showing preprocessed source line and column
        info in a diagnostic.
        The --brief-diagnostics=true will not show the source line and column info.
        Default value:  false.
--jump-table-density <number>                   (-jtd)                          
        This option sets the case-density threshold for jump table generation for
        switch statements. It ranges from 0 to 101 inclusively. When the case-density
        percentage reaches this threshold, switch statements will be converted to
        jump tables.
        Default value:  101.
--relocatable-ptx                               (-reloc-ptx)                    
        Insert PTX from relocatable fatbins within objects into the result fatbin.
--device-stack-protector {true|false}           (-device-stack-protector)       
        Enable (disable) the generation of stack canaries in device code.  
        Default value:  false.
--help                                          (-h)                            
        Print this help information on this tool.
--version                                       (-V)                            
        Print version information on this tool.
--options-file <file>,...                       (-optf)                         
        Include command line options from specified file.
Executing: /usr/local/cuda/bin/nvcc --help | head -n 500
=============================================================================================
TESTING: checkCxxDialect from config.setCompilers(/home/lzy/projects/formal_3D_flow_solver/FEM_SimVascular/external/dependencies/sv1_1/petsc-3.19.6/config/BuildSystem/config/setCompilers.py:773)
  Determine the CXX dialect supported by the compiler (language) [and corresponding compiler
    option - if any].

    isGNUish indicates if the compiler is gnu compliant (i.e. clang).
    -with-<lang>-dialect can take options:
      auto: use highest supported dialect configure can determine
      [[c|gnu][xx|++]]23: not yet supported
      [[c|gnu][xx|++]]20: gnu++20 or c++20
      [[c|gnu][xx|++]]17: gnu++17 or c++17
      [[c|gnu][xx|++]]14: gnu++14 or c++14
      [[c|gnu][xx|++]]11: gnu++11 or c++11
      0: disable CxxDialect check and use compiler default

    On return this function sets the following values:
    - if needed, appends the relevant CXX dialect flag to <lang> compiler flags
    - self.cxxDialectRange = (minSupportedDialect,maxSupportedDialect) (e.g. ('c++11','c++14'))
    - self.addDefine('HAVE_{LANG}_DIALECT_CXX{DIALECT_NUM}',1) for every supported dialect
    - self.lang+'dialect' = 'c++'+maxDialectNumber (e.g. 'c++14') but ONLY if the user
      specifically requests a dialect version, otherwise this is not set

    Raises a config.base.ConfigureSetupError if:
    - The user has set both the --with-dialect=[...] configure options and -std=[...] in their
      compiler flags
    - The combination of specifically requested packages cannot all be compiled with the same flag
    - An unknown C++ dialect is provided

    The config.base.ConfigureSetupErrors are NOT meant to be caught, as they are fatal errors
    on part of the user

    Raises a RuntimeError (which may be caught) if:
    - The compiler does not support at minimum -std=c++11
    
Executing: /usr/local/cuda/bin/nvcc --version
stdout:
nvcc: NVIDIA (R) Cuda compiler driver
Copyright (c) 2005-2024 NVIDIA Corporation
Built on Tue_Oct_29_23:50:19_PDT_2024
Cuda compilation tools, release 12.6, V12.6.85
Build cuda_12.6.r12.6/compiler.35059454_0
Did not detect MSVC
          checkCxxDialect: checking C++ dialect version for language "CUDA" using compiler "/usr/local/cuda/bin/nvcc"
          checkCxxDialect: PETSc believes compiler (/usr/local/cuda/bin/nvcc) is NOT gnu-ish
          checkCxxDialect: PETSc believes that we have NOT processed /usr/local/cuda/bin/nvcc before
          checkCxxDialect: configure option after sanitization: --with-cuda-dialect=AUTO
          checkCxxDialect: dialect AUTO has been NOT explicitly selected for CUDA
          checkCxxDialect: Have potential flag pool:
	   - -std=c++20
	   - -std=c++17
	   - -std=c++14
	   - -std=c++11
          checkCxxDialect: checking CXX 20 for cuda with -std=c++20
Executing: /usr/local/cuda/bin/nvcc -c -o /tmp/petsc-oye27d1b/config.setCompilers/conftest.o -I/tmp/petsc-oye27d1b/config.setCompilers  -ccbin /usr/bin/mpicxx -std=c++20   /tmp/petsc-oye27d1b/config.setCompilers/conftest.cu 
Successful compile:
Source:
#include "confdefs.h"
#include "conffix.h"

// c++11 includes
#include <memory>
#include <random>
#include <complex>
#include <iostream>
#include <algorithm>

template<class T> void ignore(const T&) { } // silence unused variable warnings
class valClass
{
public:
  int i;
  valClass() { i = 3; }
  valClass(int x) : i(x) { }
};

class MoveSemantics
{
  std::unique_ptr<valClass> _member;

public:
  MoveSemantics(int val = 4) : _member(new valClass(val)) { }
  MoveSemantics& operator=(MoveSemantics &&other) noexcept = default;
};

template<typename T> constexpr T Cubed( T x ) { return x*x*x; }
auto trailing(int x) -> int { return x+2; }
enum class Shapes : int {SQUARE,CIRCLE};
template<class ... Types> struct Tuple { };
using PetscErrorCode = int;


// c++14 includes
#include <type_traits>

template<class T> constexpr T pi = T(3.1415926535897932385L);  // variable template


// c++17 includes
#include <string_view>
#include <any>
#include <optional>
#include <variant>

[[nodiscard]] int nodiscardFunc() { return 0; }
struct S2
{
  // static inline member variables since c++17
  static inline int var = 8675309;
  void f(int i);
};
void S2::f(int i)
{
  // until c++17: Error: invalid syntax
  // since c++17: OK: captures the enclosing S2 by copy
  auto lmbd = [=, *this] { std::cout << i << " " << this->var << std::endl; };
  lmbd();
}


// c++20 includes
#include <compare>
#include <concepts>

consteval int sqr_cpp20(int n)
{
  return n*n;
}
constexpr auto r = sqr_cpp20(10);
static_assert(r == 100);

const char *g_cpp20() { return "dynamic initialization"; }
constexpr const char *f_cpp20(bool p) { return p ? "constant initializer" : g_cpp20(); }
constinit const char *cinit_c = f_cpp20(true); // OK

// Declaration of the concept "Hashable", which is satisfied by any type 'T'
// such that for values 'a' of type 'T', the expression std::hash<T>{}(a)
// compiles and its result is convertible to std::size_t
template <typename T>
concept Hashable = requires(T a)
{
  { std::hash<T>{}(a) } -> std::convertible_to<std::size_t>;
};

struct meow {};

// Constrained C++20 function template:
template <Hashable T>
void f_concept(T) {}

void abbrev_f1(auto); // same as template<class T> void abbrev_f1(T)
void abbrev_f4(const std::destructible auto*, std::floating_point auto&); // same as template<C3 T, C4 U> void abbrev_f4(const T*, U&);

template<>
void abbrev_f4<int>(const int*, const double&); // specialization of abbrev_f4<int, const double> (since C++20)

int main() {

// c++11 body
valClass cls = valClass(); // value initialization
int i = cls.i;             // i is not declared const
const int& rci = i;        // but rci is
const_cast<int&>(rci) = 4;

constexpr int big_value = 1234;
decltype(big_value) ierr = big_value;
auto ret = trailing(ierr);
MoveSemantics bob;
MoveSemantics alice;
alice = std::move(bob);ignore(alice);
Tuple<> t0;ignore(t0);
Tuple<long> t1;ignore(t1);
Tuple<int,float> t2;ignore(t2);
std::random_device rd;
std::mt19937 mt(rd());
std::normal_distribution<double> dist(0,1);
const double x = dist(mt);
std::cout << x << ret << std::endl;
std::vector<std::unique_ptr<double>> vector;
std::sort(vector.begin(), vector.end(), [](std::unique_ptr<double> &a, std::unique_ptr<double> &b) { return *a < *b; });


// c++14 body
auto ptr = std::make_unique<int>();
*ptr = 1;
std::cout << pi<double> << std::endl;
constexpr const std::complex<double> const_i(0.0,1.0);
auto lambda = [](auto x, auto y) { return x + y; };
std::cout << lambda(3,4) << std::real(const_i) << std::endl;


// c++17 body
std::variant<int,float> v,w;
v = 42;               // v contains int
int ivar = std::get<int>(v);
w = std::get<0>(v);   // same effect as the previous line
w = v;                // same effect as the previous line
S2 foo;
foo.f(ivar);
if constexpr (std::is_arithmetic_v<int>) std::cout << "c++17" << std::endl;
typedef std::integral_constant<Shapes,Shapes::SQUARE> squareShape;
// static_assert with no message since c++17
static_assert(std::is_same_v<squareShape,squareShape>);
auto val = nodiscardFunc();ignore(val);


// c++20 body
ignore(cinit_c);

using std::operator""s;
f_concept("abc"s);
;
  return 0;
}

              Output from compiling with  -ccbin /usr/bin/mpicxx -std=c++20 


Added CUDA compiler flag -std=c++20
          checkCxxDialect: success using -std=c++20 for CUDA dialect C++20, set new cxxDialectRange: ('c++11', 'c++20')
            Defined "HAVE_CUDA_DIALECT_CXX11" to "1"
            Defined "HAVE_CUDA_DIALECT_CXX14" to "1"
            Defined "HAVE_CUDA_DIALECT_CXX17" to "1"
            Defined "HAVE_CUDA_DIALECT_CXX20" to "1"
=============================================================================================
TESTING: checkCUDAPreprocessor from config.setCompilers(/home/lzy/projects/formal_3D_flow_solver/FEM_SimVascular/external/dependencies/sv1_1/petsc-3.19.6/config/BuildSystem/config/setCompilers.py:1527)
  Locate a functional CUDA preprocessor
    Checking for program /usr/local/cuda/bin/nvcc...found
              Defined make macro "CUDAPP" to "/usr/local/cuda/bin/nvcc -E"
Preprocessing source:
#include "confdefs.h"
#include "conffix.h"
#include <stdlib.h>
__global__ void testFunction() {return;};

Executing: /usr/local/cuda/bin/nvcc -E  -I/tmp/petsc-oye27d1b/config.setCompilers  /tmp/petsc-oye27d1b/config.setCompilers/conftest.cu 
Preprocess output before filtering:
Preprocess output after filtering:
=============================================================================================
TESTING: checkHIPCompiler from config.setCompilers(/home/lzy/projects/formal_3D_flow_solver/FEM_SimVascular/external/dependencies/sv1_1/petsc-3.19.6/config/BuildSystem/config/setCompilers.py:1561)
  Locate a functional HIP compiler
    Checking for program /usr/bin/hipcc...not found
    Checking for program /bin/hipcc...not found
    Checking for program /home/lzy/projects/formal_3D_flow_solver/FEM_SimVascular/external/dependencies/sv1_1/petsc-3.19.6/lib/petsc/bin/win32fe/hipcc...not found
    Checking for program /usr/bin/opt/rocm/bin/hipcc...not found
    Checking for program /bin/opt/rocm/bin/hipcc...not found
    Checking for program /home/lzy/projects/formal_3D_flow_solver/FEM_SimVascular/external/dependencies/sv1_1/petsc-3.19.6/lib/petsc/bin/win32fe/opt/rocm/bin/hipcc...not found
=============================================================================================
TESTING: checkDeviceHostCompiler from config.setCompilers(/home/lzy/projects/formal_3D_flow_solver/FEM_SimVascular/external/dependencies/sv1_1/petsc-3.19.6/config/BuildSystem/config/setCompilers.py:751)
  Set the host compiler (HC) of the device compiler (DC) to the HC unless the DC already explicitly sets its HC. This may be needed if the default HC used by the DC is ancient and PETSc uses a different HC (e.g., through --with-cxx=...).
=============================================================================================
TESTING: checkSYCLCompiler from config.setCompilers(/home/lzy/projects/formal_3D_flow_solver/FEM_SimVascular/external/dependencies/sv1_1/petsc-3.19.6/config/BuildSystem/config/setCompilers.py:1620)
  Locate a functional SYCL compiler
=============================================================================================
TESTING: checkDeviceHostCompiler from config.setCompilers(/home/lzy/projects/formal_3D_flow_solver/FEM_SimVascular/external/dependencies/sv1_1/petsc-3.19.6/config/BuildSystem/config/setCompilers.py:751)
  Set the host compiler (HC) of the device compiler (DC) to the HC unless the DC already explicitly sets its HC. This may be needed if the default HC used by the DC is ancient and PETSc uses a different HC (e.g., through --with-cxx=...).
=============================================================================================
TESTING: checkFortranCompiler from config.setCompilers(/home/lzy/projects/formal_3D_flow_solver/FEM_SimVascular/external/dependencies/sv1_1/petsc-3.19.6/config/BuildSystem/config/setCompilers.py:1873)
  Locate a functional Fortran compiler
=============================================================================================
TESTING: checkLargeFileIO from config.setCompilers(/home/lzy/projects/formal_3D_flow_solver/FEM_SimVascular/external/dependencies/sv1_1/petsc-3.19.6/config/BuildSystem/config/setCompilers.py:2100)
  check for large file support with 64-bit offset
=============================================================================================
TESTING: checkArchiver from config.setCompilers(/home/lzy/projects/formal_3D_flow_solver/FEM_SimVascular/external/dependencies/sv1_1/petsc-3.19.6/config/BuildSystem/config/setCompilers.py:2193)
  Check that the archiver exists and can make a library usable by the compiler
Detected Non-Windows compiler
Executing: ar -V
stdout:
GNU ar (GNU Binutils for Ubuntu) 2.42
Copyright (C) 2024 Free Software Foundation, Inc.
This program is free software; you may redistribute it under the terms of
the GNU General Public License version 3 or (at your option) any later version.
This program has absolutely no warranty.
Executing: ar -V
stdout:
GNU ar (GNU Binutils for Ubuntu) 2.42
Copyright (C) 2024 Free Software Foundation, Inc.
This program is free software; you may redistribute it under the terms of
the GNU General Public License version 3 or (at your option) any later version.
This program has absolutely no warranty.
                Defined make macro "FAST_AR_FLAGS" to "Scq"
Executing: /usr/bin/mpicc -c -o /tmp/petsc-oye27d1b/config.setCompilers/conftest.o -I/tmp/petsc-oye27d1b/config.setCompilers   /tmp/petsc-oye27d1b/config.setCompilers/conftest.c 
Successful compile:
Source:
#include "confdefs.h"
#include "conffix.h"
int foo(int a) {
  return a+1;
}


    Checking for program /usr/bin/ar...found
              Defined make macro "AR" to "/usr/bin/ar"
    Checking for program /usr/bin/ranlib...found
              Defined make macro "RANLIB" to "/usr/bin/ranlib -c"
Executing: /usr/bin/ar cr /tmp/petsc-oye27d1b/config.setCompilers/libconf1.a /tmp/petsc-oye27d1b/config.setCompilers/conf1.o
Executing: /usr/bin/ranlib -c /tmp/petsc-oye27d1b/config.setCompilers/libconf1.a
Possible ERROR while running ranlib:exit code 0
stderr:
/usr/bin/ranlib: invalid option -- 'c'
          Ranlib is not functional with your archiver.  Try --with-ranlib=true if ranlib is unnecessary.
Executing: ar -V
stdout:
GNU ar (GNU Binutils for Ubuntu) 2.42
Copyright (C) 2024 Free Software Foundation, Inc.
This program is free software; you may redistribute it under the terms of
the GNU General Public License version 3 or (at your option) any later version.
This program has absolutely no warranty.
Executing: ar -V
stdout:
GNU ar (GNU Binutils for Ubuntu) 2.42
Copyright (C) 2024 Free Software Foundation, Inc.
This program is free software; you may redistribute it under the terms of
the GNU General Public License version 3 or (at your option) any later version.
This program has absolutely no warranty.
                Defined make macro "FAST_AR_FLAGS" to "Scq"
Executing: /usr/bin/mpicc -c -o /tmp/petsc-oye27d1b/config.setCompilers/conftest.o -I/tmp/petsc-oye27d1b/config.setCompilers   /tmp/petsc-oye27d1b/config.setCompilers/conftest.c 
Successful compile:
Source:
#include "confdefs.h"
#include "conffix.h"
int foo(int a) {
  return a+1;
}


    Checking for program /usr/bin/ar...found
              Defined make macro "AR" to "/usr/bin/ar"
    Checking for program /usr/bin/ranlib...found
              Defined make macro "RANLIB" to "/usr/bin/ranlib"
Executing: /usr/bin/ar cr /tmp/petsc-oye27d1b/config.setCompilers/libconf1.a /tmp/petsc-oye27d1b/config.setCompilers/conf1.o
Executing: /usr/bin/ranlib /tmp/petsc-oye27d1b/config.setCompilers/libconf1.a
Executing: /usr/bin/mpicc -c -o /tmp/petsc-oye27d1b/config.setCompilers/conftest.o -I/tmp/petsc-oye27d1b/config.setCompilers   /tmp/petsc-oye27d1b/config.setCompilers/conftest.c 
Successful compile:
Source:
#include "confdefs.h"
#include "conffix.h"
extern int foo(int);

int main() {
  int b = foo(1);  (void)b;
  return 0;
}

Executing: /usr/bin/mpicc  -o /tmp/petsc-oye27d1b/config.setCompilers/conftest    /tmp/petsc-oye27d1b/config.setCompilers/conftest.o -L/tmp/petsc-oye27d1b/config.setCompilers -lconf1 
            Defined make macro "AR_FLAGS" to "cr"
            Defined make macro "AR_LIB_SUFFIX" to "a"
=============================================================================================
TESTING: checkArchiverRecipeArgfile from config.setCompilers(/home/lzy/projects/formal_3D_flow_solver/FEM_SimVascular/external/dependencies/sv1_1/petsc-3.19.6/config/BuildSystem/config/setCompilers.py:2265)
  Checks if AR handles @ notation
Executing: /usr/bin/ar cr checkRecipeArgfile.a @checkRecipeArgfile.args
            Defined make macro "AR_ARGFILE" to "yes"
=============================================================================================
TESTING: checkSharedLinker from config.setCompilers(/home/lzy/projects/formal_3D_flow_solver/FEM_SimVascular/external/dependencies/sv1_1/petsc-3.19.6/config/BuildSystem/config/setCompilers.py:2347)
  Check that the linker can produce shared libraries
          Checking shared linker /usr/bin/mpicc using flags ['-qmkshrobj']
    Checking for program /usr/bin/mpicc...found
              Defined make macro "LD_SHARED" to "/usr/bin/mpicc"
Executing: /usr/bin/mpicc --help | head -n 20 
stdout:
Usage: gcc [options] file...
Options:
  -pass-exit-codes         Exit with highest error code from a phase.
  --help                   Display this information.
  --target-help            Display target specific command line options (including assembler and linker options).
  --help={common|optimizers|params|target|warnings|[^]{joined|separate|undocumented}}[,...].
                           Display specific types of command line options.
  (Use '-v --help' to display command line options of sub-processes).
  --version                Display compiler version information.
  -dumpspecs               Display all of the built in spec strings.
  -dumpversion             Display the version of the compiler.
  -dumpmachine             Display the compiler's target processor.
  -foffload=<targets>      Specify offloading targets.
  -print-search-dirs       Display the directories in the compiler's search path.
  -print-libgcc-file-name  Display the name of the compiler's companion library.
  -print-file-name=<lib>   Display the full path to library <lib>.
  -print-prog-name=<prog>  Display the full path to compiler component <prog>.
  -print-multiarch         Display the target's normalized GNU triplet, used as
                           a component in the library path.
  -print-multi-directory   Display the root directory for versions of libgcc.
Detected GNU compiler
Executing: /usr/bin/mpicc -show
stdout: gcc -I/usr/lib/x86_64-linux-gnu/openmpi/include -I/usr/lib/x86_64-linux-gnu/openmpi/include/openmpi -L/usr/lib/x86_64-linux-gnu/openmpi/lib -lmpi
          Trying C compiler flag -fPIC
Executing: /usr/bin/mpicc -c -o /tmp/petsc-oye27d1b/config.setCompilers/conftest.o -I/tmp/petsc-oye27d1b/config.setCompilers  -fPIC   /tmp/petsc-oye27d1b/config.setCompilers/conftest.c 
Successful compile:
Source:
#include "confdefs.h"
#include "conffix.h"

int main() {
;
  return 0;
}

              Output from compiling with  -fPIC 


Added C compiler flag -fPIC
Executing: /usr/bin/mpicc -c -o /tmp/petsc-oye27d1b/config.setCompilers/conftest.o -I/tmp/petsc-oye27d1b/config.setCompilers  -fPIC  /tmp/petsc-oye27d1b/config.setCompilers/conftest.c 
Successful compile:
Source:
#include "confdefs.h"
#include "conffix.h"

int main() {
;
  return 0;
}

Executing: /usr/bin/mpicc  -o /tmp/petsc-oye27d1b/config.setCompilers/conftest  -qmkshrobj   -fPIC /tmp/petsc-oye27d1b/config.setCompilers/conftest.o 
Possible ERROR while running linker: exit code 1
stderr:
gcc: error: unrecognized command-line option ‘-qmkshrobj’
            Rejecting linker flag -qmkshrobj due to nonzero status from link
Linker output before filtering:

gcc: error: unrecognized command-line option ‘-qmkshrobj’
Linker output after filtering:
gcc: error: unrecognized command-line option ‘-qmkshrobj’
            Rejecting C linker flag -qmkshrobj due to 
gcc: error: unrecognized command-line option ‘-qmkshrobj’
Executing: /usr/bin/mpicc -c -o /tmp/petsc-oye27d1b/config.setCompilers/conftest.o -I/tmp/petsc-oye27d1b/config.setCompilers  -fPIC  /tmp/petsc-oye27d1b/config.setCompilers/conftest.c 
Successful compile:
Source:
#include "confdefs.h"
#include "conffix.h"
#include <stdio.h>
int (*fprintf_ptr)(FILE*,const char*,...) = fprintf;
int  foo(void){
  fprintf_ptr(stdout,"hello");
  return 0;
}
void bar(void){foo();}

Executing: /usr/bin/mpicc  -o /tmp/petsc-oye27d1b/config.setCompilers/libconftest.so    -fPIC /tmp/petsc-oye27d1b/config.setCompilers/conftest.o 
Possible ERROR while running linker: exit code 1
stderr:
/usr/bin/ld: /usr/lib/gcc/x86_64-linux-gnu/13/../../../x86_64-linux-gnu/Scrt1.o: in function `_start':
(.text+0x1b): undefined reference to `main'
collect2: error: ld returned 1 exit status
Linker output before filtering:

/usr/bin/ld: /usr/lib/gcc/x86_64-linux-gnu/13/../../../x86_64-linux-gnu/Scrt1.o: in function `_start':
(.text+0x1b): undefined reference to `main'
collect2: error: ld returned 1 exit status
Linker output after filtering:
/usr/bin/ld: /usr/lib/gcc/x86_64-linux-gnu/13/../../../x86_64-linux-gnu/Scrt1.o: in function `_start':
(.text+0x1b): undefined reference to `main'
collect2: error: ld returned 1 exit status
          Rejected C compiler flag -fPIC because it was not compatible with shared linker /usr/bin/mpicc using flags ['-qmkshrobj']
          Trying C compiler flag 
Executing: /usr/bin/mpicc -c -o /tmp/petsc-oye27d1b/config.setCompilers/conftest.o -I/tmp/petsc-oye27d1b/config.setCompilers     /tmp/petsc-oye27d1b/config.setCompilers/conftest.c 
Successful compile:
Source:
#include "confdefs.h"
#include "conffix.h"

int main() {
;
  return 0;
}

              Output from compiling with   


Executing: /usr/bin/mpicc -c -o /tmp/petsc-oye27d1b/config.setCompilers/conftest.o -I/tmp/petsc-oye27d1b/config.setCompilers   /tmp/petsc-oye27d1b/config.setCompilers/conftest.c 
Successful compile:
Source:
#include "confdefs.h"
#include "conffix.h"

int main() {
;
  return 0;
}

Executing: /usr/bin/mpicc  -o /tmp/petsc-oye27d1b/config.setCompilers/conftest  -qmkshrobj   /tmp/petsc-oye27d1b/config.setCompilers/conftest.o 
Possible ERROR while running linker: exit code 1
stderr:
gcc: error: unrecognized command-line option ‘-qmkshrobj’
            Rejecting linker flag -qmkshrobj due to nonzero status from link
Linker output before filtering:

gcc: error: unrecognized command-line option ‘-qmkshrobj’
Linker output after filtering:
gcc: error: unrecognized command-line option ‘-qmkshrobj’
            Rejecting C linker flag -qmkshrobj due to 
gcc: error: unrecognized command-line option ‘-qmkshrobj’
Executing: /usr/bin/mpicc -c -o /tmp/petsc-oye27d1b/config.setCompilers/conftest.o -I/tmp/petsc-oye27d1b/config.setCompilers   /tmp/petsc-oye27d1b/config.setCompilers/conftest.c 
Successful compile:
Source:
#include "confdefs.h"
#include "conffix.h"
#include <stdio.h>
int (*fprintf_ptr)(FILE*,const char*,...) = fprintf;
int  foo(void){
  fprintf_ptr(stdout,"hello");
  return 0;
}
void bar(void){foo();}

Executing: /usr/bin/mpicc  -o /tmp/petsc-oye27d1b/config.setCompilers/libconftest.so    /tmp/petsc-oye27d1b/config.setCompilers/conftest.o 
Possible ERROR while running linker: exit code 1
stderr:
/usr/bin/ld: /usr/lib/gcc/x86_64-linux-gnu/13/../../../x86_64-linux-gnu/Scrt1.o: in function `_start':
(.text+0x1b): undefined reference to `main'
collect2: error: ld returned 1 exit status
Linker output before filtering:

/usr/bin/ld: /usr/lib/gcc/x86_64-linux-gnu/13/../../../x86_64-linux-gnu/Scrt1.o: in function `_start':
(.text+0x1b): undefined reference to `main'
collect2: error: ld returned 1 exit status
Linker output after filtering:
/usr/bin/ld: /usr/lib/gcc/x86_64-linux-gnu/13/../../../x86_64-linux-gnu/Scrt1.o: in function `_start':
(.text+0x1b): undefined reference to `main'
collect2: error: ld returned 1 exit status
          Rejected C compiler flag  because it was not compatible with shared linker /usr/bin/mpicc using flags ['-qmkshrobj']
            Deleting "LD_SHARED"
          Checking shared linker /usr/bin/mpicc using flags ['-shared']
    Checking for program /usr/bin/mpicc...found
              Defined make macro "LD_SHARED" to "/usr/bin/mpicc"
Executing: /usr/bin/mpicc --help | head -n 20 
stdout:
Usage: gcc [options] file...
Options:
  -pass-exit-codes         Exit with highest error code from a phase.
  --help                   Display this information.
  --target-help            Display target specific command line options (including assembler and linker options).
  --help={common|optimizers|params|target|warnings|[^]{joined|separate|undocumented}}[,...].
                           Display specific types of command line options.
  (Use '-v --help' to display command line options of sub-processes).
  --version                Display compiler version information.
  -dumpspecs               Display all of the built in spec strings.
  -dumpversion             Display the version of the compiler.
  -dumpmachine             Display the compiler's target processor.
  -foffload=<targets>      Specify offloading targets.
  -print-search-dirs       Display the directories in the compiler's search path.
  -print-libgcc-file-name  Display the name of the compiler's companion library.
  -print-file-name=<lib>   Display the full path to library <lib>.
  -print-prog-name=<prog>  Display the full path to compiler component <prog>.
  -print-multiarch         Display the target's normalized GNU triplet, used as
                           a component in the library path.
  -print-multi-directory   Display the root directory for versions of libgcc.
Detected GNU compiler
Executing: /usr/bin/mpicc -show
stdout: gcc -I/usr/lib/x86_64-linux-gnu/openmpi/include -I/usr/lib/x86_64-linux-gnu/openmpi/include/openmpi -L/usr/lib/x86_64-linux-gnu/openmpi/lib -lmpi
          Trying C compiler flag -fPIC
Executing: /usr/bin/mpicc -c -o /tmp/petsc-oye27d1b/config.setCompilers/conftest.o -I/tmp/petsc-oye27d1b/config.setCompilers  -fPIC   /tmp/petsc-oye27d1b/config.setCompilers/conftest.c 
Successful compile:
Source:
#include "confdefs.h"
#include "conffix.h"

int main() {
;
  return 0;
}

              Output from compiling with  -fPIC 


Added C compiler flag -fPIC
Executing: /usr/bin/mpicc -c -o /tmp/petsc-oye27d1b/config.setCompilers/conftest.o -I/tmp/petsc-oye27d1b/config.setCompilers  -fPIC  /tmp/petsc-oye27d1b/config.setCompilers/conftest.c 
Successful compile:
Source:
#include "confdefs.h"
#include "conffix.h"

int main() {
;
  return 0;
}

Executing: /usr/bin/mpicc  -o /tmp/petsc-oye27d1b/config.setCompilers/conftest  -shared   -fPIC /tmp/petsc-oye27d1b/config.setCompilers/conftest.o 
            Valid C linker flag -shared
Executing: /usr/bin/mpicc -c -o /tmp/petsc-oye27d1b/config.setCompilers/conftest.o -I/tmp/petsc-oye27d1b/config.setCompilers  -fPIC  /tmp/petsc-oye27d1b/config.setCompilers/conftest.c 
Successful compile:
Source:
#include "confdefs.h"
#include "conffix.h"
#include <stdio.h>
int (*fprintf_ptr)(FILE*,const char*,...) = fprintf;
int  foo(void){
  fprintf_ptr(stdout,"hello");
  return 0;
}
void bar(void){foo();}

Executing: /usr/bin/mpicc  -o /tmp/petsc-oye27d1b/config.setCompilers/libconftest.so  -shared  -fPIC /tmp/petsc-oye27d1b/config.setCompilers/conftest.o 
Executing: /usr/bin/mpicc -c -o /tmp/petsc-oye27d1b/config.setCompilers/conftest.o -I/tmp/petsc-oye27d1b/config.setCompilers  -fPIC  /tmp/petsc-oye27d1b/config.setCompilers/conftest.c 
Successful compile:
Source:
#include "confdefs.h"
#include "conffix.h"
int foo(void);

int main() {
int ret = foo();
if (ret) {}
;
  return 0;
}

Executing: /usr/bin/mpicc  -o /tmp/petsc-oye27d1b/config.setCompilers/conftest    -fPIC /tmp/petsc-oye27d1b/config.setCompilers/conftest.o  -L/tmp/petsc-oye27d1b/config.setCompilers -lconftest
          Using shared linker /usr/bin/mpicc with flags ['-shared'] and library extension so
=============================================================================================
TESTING: checkPIC from config.setCompilers(/home/lzy/projects/formal_3D_flow_solver/FEM_SimVascular/external/dependencies/sv1_1/petsc-3.19.6/config/BuildSystem/config/setCompilers.py:2050)
  Determine the PIC option for each compiler
Executing: /usr/bin/mpicxx --help | head -n 20 
stdout:
Usage: g++ [options] file...
Options:
  -pass-exit-codes         Exit with highest error code from a phase.
  --help                   Display this information.
  --target-help            Display target specific command line options (including assembler and linker options).
  --help={common|optimizers|params|target|warnings|[^]{joined|separate|undocumented}}[,...].
                           Display specific types of command line options.
  (Use '-v --help' to display command line options of sub-processes).
  --version                Display compiler version information.
  -dumpspecs               Display all of the built in spec strings.
  -dumpversion             Display the version of the compiler.
  -dumpmachine             Display the compiler's target processor.
  -foffload=<targets>      Specify offloading targets.
  -print-search-dirs       Display the directories in the compiler's search path.
  -print-libgcc-file-name  Display the name of the compiler's companion library.
  -print-file-name=<lib>   Display the full path to library <lib>.
  -print-prog-name=<prog>  Display the full path to compiler component <prog>.
  -print-multiarch         Display the target's normalized GNU triplet, used as
                           a component in the library path.
  -print-multi-directory   Display the root directory for versions of libgcc.
Detected GNU compiler
Executing: /usr/bin/mpicxx -show
stdout: g++ -I/usr/lib/x86_64-linux-gnu/openmpi/include -I/usr/lib/x86_64-linux-gnu/openmpi/include/openmpi -L/usr/lib/x86_64-linux-gnu/openmpi/lib -lmpi_cxx -lmpi
          Trying Cxx compiler flag -fPIC for PIC code
Executing: /usr/bin/mpicxx -c -o /tmp/petsc-oye27d1b/config.setCompilers/conftest.o -I/tmp/petsc-oye27d1b/config.setCompilers   -std=gnu++20 -fPIC   /tmp/petsc-oye27d1b/config.setCompilers/conftest.cc 
Successful compile:
Source:
#include "confdefs.h"
#include "conffix.h"

int main() {
;
  return 0;
}

              Output from compiling with  -std=gnu++20 -fPIC 


Added Cxx compiler flag -fPIC
Executing: /usr/bin/mpicxx -c -o /tmp/petsc-oye27d1b/config.setCompilers/conftest.o -I/tmp/petsc-oye27d1b/config.setCompilers   -std=gnu++20 -fPIC  /tmp/petsc-oye27d1b/config.setCompilers/conftest.cc 
Successful compile:
Source:
#include "confdefs.h"
#include "conffix.h"
#include <stdio.h>
int (*fprintf_ptr)(FILE*,const char*,...) = fprintf;
int  foo(void){
  fprintf_ptr(stdout,"hello");
  return 0;
}
void bar(void){foo();}

Executing: /usr/bin/mpicc  -o /tmp/petsc-oye27d1b/config.setCompilers/libconftest.so  -shared  -fPIC /tmp/petsc-oye27d1b/config.setCompilers/conftest.o 
          Accepted Cxx compiler flag -fPIC for PIC code
          Trying CUDA compiler flag -Xcompiler -fPIC for PIC code
Executing: /usr/local/cuda/bin/nvcc -c -o /tmp/petsc-oye27d1b/config.setCompilers/conftest.o -I/tmp/petsc-oye27d1b/config.setCompilers  -ccbin /usr/bin/mpicxx -std=c++20 -Xcompiler -fPIC   /tmp/petsc-oye27d1b/config.setCompilers/conftest.cu 
Successful compile:
Source:
#include "confdefs.h"
#include "conffix.h"

int main() {
;
  return 0;
}

              Output from compiling with  -ccbin /usr/bin/mpicxx -std=c++20 -Xcompiler -fPIC 


Added CUDA compiler flag -Xcompiler -fPIC
Executing: /usr/local/cuda/bin/nvcc -c -o /tmp/petsc-oye27d1b/config.setCompilers/conftest.o -I/tmp/petsc-oye27d1b/config.setCompilers  -ccbin /usr/bin/mpicxx -std=c++20 -Xcompiler -fPIC  /tmp/petsc-oye27d1b/config.setCompilers/conftest.cu 
Successful compile:
Source:
#include "confdefs.h"
#include "conffix.h"
#include <stdio.h>
int (*fprintf_ptr)(FILE*,const char*,...) = fprintf;
int  foo(void){
  fprintf_ptr(stdout,"hello");
  return 0;
}
void bar(void){foo();}

Executing: /usr/bin/mpicc  -o /tmp/petsc-oye27d1b/config.setCompilers/libconftest.so  -shared  -fPIC /tmp/petsc-oye27d1b/config.setCompilers/conftest.o 
          Accepted CUDA compiler flag -Xcompiler -fPIC for PIC code
=============================================================================================
TESTING: checkSharedLinkerPaths from config.setCompilers(/home/lzy/projects/formal_3D_flow_solver/FEM_SimVascular/external/dependencies/sv1_1/petsc-3.19.6/config/BuildSystem/config/setCompilers.py:2461)
  Determine the shared linker path options
       - IRIX: -rpath
       - Linux, OSF: -Wl,-rpath,
       - Solaris: -R
       - FreeBSD: -Wl,-R,
Executing: /usr/bin/mpicc -V
          Trying C linker flag -Wl,-rpath,
Executing: /usr/bin/mpicc -c -o /tmp/petsc-oye27d1b/config.setCompilers/conftest.o -I/tmp/petsc-oye27d1b/config.setCompilers  -fPIC  /tmp/petsc-oye27d1b/config.setCompilers/conftest.c 
Successful compile:
Source:
#include "confdefs.h"
#include "conffix.h"

int main() {
;
  return 0;
}

Executing: /usr/bin/mpicc  -o /tmp/petsc-oye27d1b/config.setCompilers/conftest  -Wl,-rpath,/home/lzy/projects/formal_3D_flow_solver/FEM_SimVascular/external/dependencies/sv1_1/petsc-3.19.6   -fPIC /tmp/petsc-oye27d1b/config.setCompilers/conftest.o 
            Valid C linker flag -Wl,-rpath,/home/lzy/projects/formal_3D_flow_solver/FEM_SimVascular/external/dependencies/sv1_1/petsc-3.19.6
Executing: /usr/bin/mpicc -V
          Trying Cxx linker flag -Wl,-rpath,
Executing: /usr/bin/mpicxx -c -o /tmp/petsc-oye27d1b/config.setCompilers/conftest.o -I/tmp/petsc-oye27d1b/config.setCompilers   -std=gnu++20 -fPIC  /tmp/petsc-oye27d1b/config.setCompilers/conftest.cc 
Successful compile:
Source:
#include "confdefs.h"
#include "conffix.h"

int main() {
;
  return 0;
}

Executing: /usr/bin/mpicxx  -o /tmp/petsc-oye27d1b/config.setCompilers/conftest  -Wl,-rpath,/home/lzy/projects/formal_3D_flow_solver/FEM_SimVascular/external/dependencies/sv1_1/petsc-3.19.6   /tmp/petsc-oye27d1b/config.setCompilers/conftest.o 
            Valid Cxx linker flag -Wl,-rpath,/home/lzy/projects/formal_3D_flow_solver/FEM_SimVascular/external/dependencies/sv1_1/petsc-3.19.6
Executing: /usr/bin/mpicc -V
          Trying CUDA linker flag -Wl,-rpath,
Executing: /usr/local/cuda/bin/nvcc -c -o /tmp/petsc-oye27d1b/config.setCompilers/conftest.o -I/tmp/petsc-oye27d1b/config.setCompilers  -ccbin /usr/bin/mpicxx -std=c++20 -Xcompiler -fPIC  /tmp/petsc-oye27d1b/config.setCompilers/conftest.cu 
Successful compile:
Source:
#include "confdefs.h"
#include "conffix.h"

int main() {
;
  return 0;
}

Executing: /usr/local/cuda/bin/nvcc  -o /tmp/petsc-oye27d1b/config.setCompilers/conftest   -ccbin /usr/bin/mpicxx -std=c++20 -Xcompiler -fPIC /tmp/petsc-oye27d1b/config.setCompilers/conftest.o 
            Valid CUDA linker flag -Wl,-rpath,/home/lzy/projects/formal_3D_flow_solver/FEM_SimVascular/external/dependencies/sv1_1/petsc-3.19.6
=============================================================================================
TESTING: checkLibC from config.setCompilers(/home/lzy/projects/formal_3D_flow_solver/FEM_SimVascular/external/dependencies/sv1_1/petsc-3.19.6/config/BuildSystem/config/setCompilers.py:2500)
  Test whether we need to explicitly include libc in shared linking
       - Mac OSX requires an explicit reference to libc for shared linking
Executing: /usr/bin/mpicc -c -o /tmp/petsc-oye27d1b/config.setCompilers/conftest.o -I/tmp/petsc-oye27d1b/config.setCompilers  -fPIC  /tmp/petsc-oye27d1b/config.setCompilers/conftest.c 
Successful compile:
Source:
#include "confdefs.h"
#include "conffix.h"
#include <stdlib.h> 
int foo(void) {void *chunk = malloc(31); free(chunk); return 0;}

Executing: /usr/bin/mpicc  -o /tmp/petsc-oye27d1b/config.setCompilers/libconftest.so  -shared  -fPIC /tmp/petsc-oye27d1b/config.setCompilers/conftest.o 
          Shared linking does not require an explicit libc reference
=============================================================================================
TESTING: checkDynamicLinker from config.setCompilers(/home/lzy/projects/formal_3D_flow_solver/FEM_SimVascular/external/dependencies/sv1_1/petsc-3.19.6/config/BuildSystem/config/setCompilers.py:2546)
  Check that the linker can dynamically load shared libraries
Checking for header: dlfcn.h
Preprocessing source:
#include "confdefs.h"
#include "conffix.h"
#include <dlfcn.h>

Executing: /usr/bin/mpicc -E  -I/tmp/petsc-oye27d1b/config.setCompilers -I/tmp/petsc-oye27d1b/config.headers  /tmp/petsc-oye27d1b/config.headers/conftest.c 
Preprocess output before filtering:
Preprocess output after filtering:
              Defined "HAVE_DLFCN_H" to "1"
            Checking for functions [dlopen dlsym dlclose] in library [''] []
Executing: /usr/bin/mpicc -c -o /tmp/petsc-oye27d1b/config.libraries/conftest.o -I/tmp/petsc-oye27d1b/config.setCompilers -I/tmp/petsc-oye27d1b/config.libraries  -fPIC  /tmp/petsc-oye27d1b/config.libraries/conftest.c 
Successful compile:
Source:
#include "confdefs.h"
#include "conffix.h"
/* Override any gcc2 internal prototype to avoid an error. */
char dlopen();
static void _check_dlopen() { dlopen(); }
char dlsym();
static void _check_dlsym() { dlsym(); }
char dlclose();
static void _check_dlclose() { dlclose(); }

int main() {
_check_dlopen();
_check_dlsym();
_check_dlclose();;
  return 0;
}

Executing: /usr/bin/mpicc  -o /tmp/petsc-oye27d1b/config.libraries/conftest    -fPIC /tmp/petsc-oye27d1b/config.libraries/conftest.o   
          Checking dynamic linker /usr/bin/mpicc using flags ['-shared']
    Checking for program /usr/bin/mpicc...found
              Defined make macro "DYNAMICLINKER" to "/usr/bin/mpicc"
Executing: /usr/bin/mpicc -c -o /tmp/petsc-oye27d1b/config.setCompilers/conftest.o -I/tmp/petsc-oye27d1b/config.libraries -I/tmp/petsc-oye27d1b/config.setCompilers  -fPIC  /tmp/petsc-oye27d1b/config.setCompilers/conftest.c 
Successful compile:
Source:
#include "confdefs.h"
#include "conffix.h"

int main() {
;
  return 0;
}

Executing: /usr/bin/mpicc  -o /tmp/petsc-oye27d1b/config.setCompilers/conftest  -shared   -fPIC /tmp/petsc-oye27d1b/config.setCompilers/conftest.o 
            Valid C linker flag -shared
Executing: /usr/bin/mpicc -c -o /tmp/petsc-oye27d1b/config.setCompilers/conftest.o -I/tmp/petsc-oye27d1b/config.libraries -I/tmp/petsc-oye27d1b/config.setCompilers  -fPIC  /tmp/petsc-oye27d1b/config.setCompilers/conftest.c 
Successful compile:
Source:
#include "confdefs.h"
#include "conffix.h"
#include <stdio.h>
int foo(void) {printf("test");return 0;}

Executing: /usr/bin/mpicc  -o /tmp/petsc-oye27d1b/config.setCompilers/libconftest.so  -shared  -fPIC /tmp/petsc-oye27d1b/config.setCompilers/conftest.o 
Executing: /usr/bin/mpicc -c -o /tmp/petsc-oye27d1b/config.setCompilers/conftest.o -I/tmp/petsc-oye27d1b/config.libraries -I/tmp/petsc-oye27d1b/config.setCompilers  -fPIC  /tmp/petsc-oye27d1b/config.setCompilers/conftest.c 
Successful compile:
Source:
#include "confdefs.h"
#include "conffix.h"
#include <dlfcn.h>
#include <stdio.h>

int main() {

void *handle = dlopen("/tmp/petsc-oye27d1b/config.setCompilers/libconftest.so", 0);
int (*foo)(void) = (int (*)(void)) dlsym(handle, "foo");

if (!foo) {
  printf("Could not load symbol\n");
  return -1;
}
if ((*foo)()) {
  printf("Invalid return from foo()\n");
  return -1;
}
if (dlclose(handle)) {
  printf("Could not close library\n");
  return -1;
}
;
  return 0;
}

Executing: /usr/bin/mpicc  -o /tmp/petsc-oye27d1b/config.setCompilers/conftest    -fPIC /tmp/petsc-oye27d1b/config.setCompilers/conftest.o 
          Using dynamic linker /usr/bin/mpicc with flags ['-shared'] and library extension so
=============================================================================================
TESTING: checkPragma from config.setCompilers(/home/lzy/projects/formal_3D_flow_solver/FEM_SimVascular/external/dependencies/sv1_1/petsc-3.19.6/config/BuildSystem/config/setCompilers.py:2008)
  Check for all available applicable languages whether they complain (including warnings!) about potentially unknown pragmas
Executing: /usr/bin/mpicc -c -o /tmp/petsc-oye27d1b/config.setCompilers/conftest.o -I/tmp/petsc-oye27d1b/config.libraries -I/tmp/petsc-oye27d1b/config.setCompilers  -fPIC -Wunknown-pragmas   /tmp/petsc-oye27d1b/config.setCompilers/conftest.c 
Successful compile:
Source:
#include "confdefs.h"
#include "conffix.h"

int main() {
;
  return 0;
}

                  Output from compiling with  -fPIC -Wunknown-pragmas 


Added C compiler flag -Wunknown-pragmas
Executing: /usr/bin/mpicc -c -o /tmp/petsc-oye27d1b/config.setCompilers/conftest.o -I/tmp/petsc-oye27d1b/config.libraries -I/tmp/petsc-oye27d1b/config.setCompilers  -fPIC -Wunknown-pragmas  /tmp/petsc-oye27d1b/config.setCompilers/conftest.c 
Successful compile:
Source:
#include "confdefs.h"
#include "conffix.h"
#pragma GCC poison TEST

int main() {
;
  return 0;
}

Executing: /usr/bin/mpicxx -c -o /tmp/petsc-oye27d1b/config.setCompilers/conftest.o -I/tmp/petsc-oye27d1b/config.setCompilers  -Wunknown-pragmas   -std=gnu++20 -fPIC  /tmp/petsc-oye27d1b/config.setCompilers/conftest.cc 
Successful compile:
Source:
#include "confdefs.h"
#include "conffix.h"

int main() {
;
  return 0;
}

                  Output from compiling with  -Wunknown-pragmas 


Added Cxx compiler flag -Wunknown-pragmas
Executing: /usr/bin/mpicxx -c -o /tmp/petsc-oye27d1b/config.setCompilers/conftest.o -I/tmp/petsc-oye27d1b/config.setCompilers  -Wunknown-pragmas  -std=gnu++20 -fPIC  /tmp/petsc-oye27d1b/config.setCompilers/conftest.cc 
Successful compile:
Source:
#include "confdefs.h"
#include "conffix.h"
#pragma GCC poison TEST

int main() {
;
  return 0;
}

Executing: /usr/local/cuda/bin/nvcc -c -o /tmp/petsc-oye27d1b/config.setCompilers/conftest.o -I/tmp/petsc-oye27d1b/config.setCompilers  -ccbin /usr/bin/mpicxx -std=c++20 -Xcompiler -fPIC -Wunknown-pragmas   /tmp/petsc-oye27d1b/config.setCompilers/conftest.cu 
Possible ERROR while running compiler: exit code 1
stderr:
nvcc fatal   : Unknown option '-Wunknown-pragmas'
Source:
#include "confdefs.h"
#include "conffix.h"

int main() {
;
  return 0;
}

                  Output from compiling with  -ccbin /usr/bin/mpicxx -std=c++20 -Xcompiler -fPIC -Wunknown-pragmas 

nvcc fatal   : Unknown option '-Wunknown-pragmas'

PETSc Error: No output file produced
                  Rejecting compiler flag -Wunknown-pragmas  due to nonzero status from link
=============================================================================================
TESTING: checkAtFileOption from config.setCompilers(/home/lzy/projects/formal_3D_flow_solver/FEM_SimVascular/external/dependencies/sv1_1/petsc-3.19.6/config/BuildSystem/config/setCompilers.py:2738)
  Check if linker supports @file option
Executing: /usr/bin/mpicc -c -o /tmp/petsc-oye27d1b/config.setCompilers/conftest.o -I/tmp/petsc-oye27d1b/config.libraries -I/tmp/petsc-oye27d1b/config.setCompilers  -fPIC  /tmp/petsc-oye27d1b/config.setCompilers/conftest.c 
Successful compile:
Source:
#include "confdefs.h"
#include "conffix.h"

int main() {
;
  return 0;
}

Executing: /usr/bin/mpicc  -o /tmp/petsc-oye27d1b/config.setCompilers/conftest  @/tmp/petsc-oye27d1b/config.setCompilers/optfile   -fPIC /tmp/petsc-oye27d1b/config.setCompilers/conftest.o 
            Valid C linker flag @/tmp/petsc-oye27d1b/config.setCompilers/optfile
            Defined make macro "PCC_AT_FILE" to "1"
=============================================================================================
TESTING: output from config.setCompilers(/home/lzy/projects/formal_3D_flow_solver/FEM_SimVascular/external/dependencies/sv1_1/petsc-3.19.6/config/BuildSystem/config/setCompilers.py:2595)
  Output module data as defines and substitutions
            Substituting "CC" with "/usr/bin/mpicc"
            Substituting "CFLAGS" with " -fPIC"
            Defined make macro "CC_LINKER_SLFLAG" to "-Wl,-rpath,"
            Substituting "CPP" with "/usr/bin/mpicc -E"
            Substituting "CPPFLAGS" with ""
            Substituting "CUDAC" with "/usr/local/cuda/bin/nvcc"
            Substituting "CUDAFLAGS" with " -ccbin /usr/bin/mpicxx -std=c++20 -Xcompiler -fPIC"
            Substituting "CUDAPP" with "/usr/local/cuda/bin/nvcc -E"
            Substituting "CUDAPPFLAGS" with ""
            Substituting "CXX" with "/usr/bin/mpicxx"
            Substituting "CXX_CXXFLAGS" with " -std=gnu++20 -fPIC"
            Substituting "CXXFLAGS" with ""
            Substituting "CXX_LINKER_SLFLAG" with "-Wl,-rpath,"
            Substituting "CXXPP" with "/usr/bin/mpicxx -E"
            Substituting "CXXPPFLAGS" with ""
            Substituting "FC" with ""
            Substituting "LDFLAGS" with ""
            Substituting "LIBS" with ""
            Substituting "SHARED_LIBRARY_FLAG" with "-shared"
    child config.setCompilers took 7.016994 seconds
=============================================================================================
TESTING: configureIndexSize from PETSc.options.indexTypes(/home/lzy/projects/formal_3D_flow_solver/FEM_SimVascular/external/dependencies/sv1_1/petsc-3.19.6/config/PETSc/options/indexTypes.py:38)
  Determine the size of PETSc indices (32 or 64-bit), from -with-64-bit-indices
            Defined make macro "PETSC_INDEX_SIZE" to "32"
    child PETSc.options.indexTypes took 0.001661 seconds
=============================================================================================
TESTING: configureCompilerFlags from config.compilerFlags(/home/lzy/projects/formal_3D_flow_solver/FEM_SimVascular/external/dependencies/sv1_1/petsc-3.19.6/config/BuildSystem/config/compilerFlags.py:82)
  Get the default compiler flags
Executing: /usr/bin/mpicc --version
stdout:
gcc (Ubuntu 13.3.0-6ubuntu2~24.04.1) 13.3.0
Copyright (C) 2023 Free Software Foundation, Inc.
This is free software; see the source for copying conditions.  There is NO
warranty; not even for MERCHANTABILITY or FITNESS FOR A PARTICULAR PURPOSE.
getCompilerVersion: /usr/bin/mpicc gcc (Ubuntu 13.3.0-6ubuntu2~24.04.1) 13.3.0
              Defined make macro "C_VERSION" to "gcc (Ubuntu 13.3.0-6ubuntu2~24.04.1) 13.3.0"
Executing: /usr/bin/mpicc -show
stdout: gcc -I/usr/lib/x86_64-linux-gnu/openmpi/include -I/usr/lib/x86_64-linux-gnu/openmpi/include/openmpi -L/usr/lib/x86_64-linux-gnu/openmpi/lib -lmpi
                Defined make macro "MPICC_SHOW" to "gcc -I/usr/lib/x86_64-linux-gnu/openmpi/include -I/usr/lib/x86_64-linux-gnu/openmpi/include/openmpi -L/usr/lib/x86_64-linux-gnu/openmpi/lib -lmpi"
Executing: /usr/bin/mpicc --help | head -n 20 
stdout:
Usage: gcc [options] file...
Options:
  -pass-exit-codes         Exit with highest error code from a phase.
  --help                   Display this information.
  --target-help            Display target specific command line options (including assembler and linker options).
  --help={common|optimizers|params|target|warnings|[^]{joined|separate|undocumented}}[,...].
                           Display specific types of command line options.
  (Use '-v --help' to display command line options of sub-processes).
  --version                Display compiler version information.
  -dumpspecs               Display all of the built in spec strings.
  -dumpversion             Display the version of the compiler.
  -dumpmachine             Display the compiler's target processor.
  -foffload=<targets>      Specify offloading targets.
  -print-search-dirs       Display the directories in the compiler's search path.
  -print-libgcc-file-name  Display the name of the compiler's companion library.
  -print-file-name=<lib>   Display the full path to library <lib>.
  -print-prog-name=<prog>  Display the full path to compiler component <prog>.
  -print-multiarch         Display the target's normalized GNU triplet, used as
                           a component in the library path.
  -print-multi-directory   Display the root directory for versions of libgcc.
Detected GNU compiler
Executing: /usr/bin/mpicc --version
stdout:
gcc (Ubuntu 13.3.0-6ubuntu2~24.04.1) 13.3.0
Copyright (C) 2023 Free Software Foundation, Inc.
This is free software; see the source for copying conditions.  There is NO
warranty; not even for MERCHANTABILITY or FITNESS FOR A PARTICULAR PURPOSE.
Detected Gcc110plus compiler
Executing: /usr/bin/mpicc --help | head -n 500
          Trying C compiler flag -Wall
Executing: /usr/bin/mpicc -c -o /tmp/petsc-oye27d1b/config.setCompilers/conftest.o -I/tmp/petsc-oye27d1b/config.libraries -I/tmp/petsc-oye27d1b/config.setCompilers  -fPIC -Wall   /tmp/petsc-oye27d1b/config.setCompilers/conftest.c 
Successful compile:
Source:
#include "confdefs.h"
#include "conffix.h"

int main() {
;
  return 0;
}

              Output from compiling with  -fPIC -Wall 


Added C compiler flag -Wall
          Trying C compiler flag -Wwrite-strings
Executing: /usr/bin/mpicc -c -o /tmp/petsc-oye27d1b/config.setCompilers/conftest.o -I/tmp/petsc-oye27d1b/config.libraries -I/tmp/petsc-oye27d1b/config.setCompilers  -fPIC -Wall -Wwrite-strings   /tmp/petsc-oye27d1b/config.setCompilers/conftest.c 
Successful compile:
Source:
#include "confdefs.h"
#include "conffix.h"

int main() {
;
  return 0;
}

              Output from compiling with  -fPIC -Wall -Wwrite-strings 


Added C compiler flag -Wwrite-strings
          Trying C compiler flag -Wno-unknown-pragmas
Executing: /usr/bin/mpicc -c -o /tmp/petsc-oye27d1b/config.setCompilers/conftest.o -I/tmp/petsc-oye27d1b/config.libraries -I/tmp/petsc-oye27d1b/config.setCompilers  -fPIC -Wall -Wwrite-strings -Wno-unknown-pragmas   /tmp/petsc-oye27d1b/config.setCompilers/conftest.c 
Successful compile:
Source:
#include "confdefs.h"
#include "conffix.h"

int main() {
;
  return 0;
}

              Output from compiling with  -fPIC -Wall -Wwrite-strings -Wno-unknown-pragmas 


Added C compiler flag -Wno-unknown-pragmas
          Trying C compiler flag -Wno-lto-type-mismatch
Executing: /usr/bin/mpicc -c -o /tmp/petsc-oye27d1b/config.setCompilers/conftest.o -I/tmp/petsc-oye27d1b/config.libraries -I/tmp/petsc-oye27d1b/config.setCompilers  -fPIC -Wall -Wwrite-strings -Wno-unknown-pragmas -Wno-lto-type-mismatch   /tmp/petsc-oye27d1b/config.setCompilers/conftest.c 
Successful compile:
Source:
#include "confdefs.h"
#include "conffix.h"

int main() {
;
  return 0;
}

              Output from compiling with  -fPIC -Wall -Wwrite-strings -Wno-unknown-pragmas -Wno-lto-type-mismatch 


Added C compiler flag -Wno-lto-type-mismatch
          Trying C compiler flag -Wno-stringop-overflow
Executing: /usr/bin/mpicc -c -o /tmp/petsc-oye27d1b/config.setCompilers/conftest.o -I/tmp/petsc-oye27d1b/config.libraries -I/tmp/petsc-oye27d1b/config.setCompilers  -fPIC -Wall -Wwrite-strings -Wno-unknown-pragmas -Wno-lto-type-mismatch -Wno-stringop-overflow   /tmp/petsc-oye27d1b/config.setCompilers/conftest.c 
Successful compile:
Source:
#include "confdefs.h"
#include "conffix.h"

int main() {
;
  return 0;
}

              Output from compiling with  -fPIC -Wall -Wwrite-strings -Wno-unknown-pragmas -Wno-lto-type-mismatch -Wno-stringop-overflow 


Added C compiler flag -Wno-stringop-overflow
          Trying C compiler flag -fstack-protector
Executing: /usr/bin/mpicc -c -o /tmp/petsc-oye27d1b/config.setCompilers/conftest.o -I/tmp/petsc-oye27d1b/config.libraries -I/tmp/petsc-oye27d1b/config.setCompilers  -fPIC -Wall -Wwrite-strings -Wno-unknown-pragmas -Wno-lto-type-mismatch -Wno-stringop-overflow -fstack-protector   /tmp/petsc-oye27d1b/config.setCompilers/conftest.c 
Successful compile:
Source:
#include "confdefs.h"
#include "conffix.h"

int main() {
;
  return 0;
}

              Output from compiling with  -fPIC -Wall -Wwrite-strings -Wno-unknown-pragmas -Wno-lto-type-mismatch -Wno-stringop-overflow -fstack-protector 


Added C compiler flag -fstack-protector
          Trying C compiler flag -mfp16-format=ieee
Executing: /usr/bin/mpicc -c -o /tmp/petsc-oye27d1b/config.setCompilers/conftest.o -I/tmp/petsc-oye27d1b/config.libraries -I/tmp/petsc-oye27d1b/config.setCompilers  -fPIC -Wall -Wwrite-strings -Wno-unknown-pragmas -Wno-lto-type-mismatch -Wno-stringop-overflow -fstack-protector -mfp16-format=ieee   /tmp/petsc-oye27d1b/config.setCompilers/conftest.c 
Possible ERROR while running compiler: exit code 1
stderr:
gcc: error: unrecognized command-line option ‘-mfp16-format=ieee’
Source:
#include "confdefs.h"
#include "conffix.h"

int main() {
;
  return 0;
}

              Output from compiling with  -fPIC -Wall -Wwrite-strings -Wno-unknown-pragmas -Wno-lto-type-mismatch -Wno-stringop-overflow -fstack-protector -mfp16-format=ieee 

gcc: error: unrecognized command-line option ‘-mfp16-format=ieee’

PETSc Error: No output file produced
              Rejecting compiler flag -mfp16-format=ieee  due to nonzero status from link
          Rejected C compiler flag -mfp16-format=ieee
          Trying C compiler flag -fvisibility=hidden
Executing: /usr/bin/mpicc -c -o /tmp/petsc-oye27d1b/config.setCompilers/conftest.o -I/tmp/petsc-oye27d1b/config.libraries -I/tmp/petsc-oye27d1b/config.setCompilers  -fPIC -Wall -Wwrite-strings -Wno-unknown-pragmas -Wno-lto-type-mismatch -Wno-stringop-overflow -fstack-protector -fvisibility=hidden   /tmp/petsc-oye27d1b/config.setCompilers/conftest.c 
Successful compile:
Source:
#include "confdefs.h"
#include "conffix.h"

int main() {
;
  return 0;
}

              Output from compiling with  -fPIC -Wall -Wwrite-strings -Wno-unknown-pragmas -Wno-lto-type-mismatch -Wno-stringop-overflow -fstack-protector -fvisibility=hidden 


Added C compiler flag -fvisibility=hidden
Executing: /usr/bin/mpicc -show
stdout: gcc -I/usr/lib/x86_64-linux-gnu/openmpi/include -I/usr/lib/x86_64-linux-gnu/openmpi/include/openmpi -L/usr/lib/x86_64-linux-gnu/openmpi/lib -lmpi
                Defined make macro "MPICC_SHOW" to "gcc -I/usr/lib/x86_64-linux-gnu/openmpi/include -I/usr/lib/x86_64-linux-gnu/openmpi/include/openmpi -L/usr/lib/x86_64-linux-gnu/openmpi/lib -lmpi"
Executing: /usr/bin/mpicc --help | head -n 20 
stdout:
Usage: gcc [options] file...
Options:
  -pass-exit-codes         Exit with highest error code from a phase.
  --help                   Display this information.
  --target-help            Display target specific command line options (including assembler and linker options).
  --help={common|optimizers|params|target|warnings|[^]{joined|separate|undocumented}}[,...].
                           Display specific types of command line options.
  (Use '-v --help' to display command line options of sub-processes).
  --version                Display compiler version information.
  -dumpspecs               Display all of the built in spec strings.
  -dumpversion             Display the version of the compiler.
  -dumpmachine             Display the compiler's target processor.
  -foffload=<targets>      Specify offloading targets.
  -print-search-dirs       Display the directories in the compiler's search path.
  -print-libgcc-file-name  Display the name of the compiler's companion library.
  -print-file-name=<lib>   Display the full path to library <lib>.
  -print-prog-name=<prog>  Display the full path to compiler component <prog>.
  -print-multiarch         Display the target's normalized GNU triplet, used as
                           a component in the library path.
  -print-multi-directory   Display the root directory for versions of libgcc.
Detected GNU compiler
Executing: /usr/bin/mpicc --help | head -n 500
=============================================================================================
                                     ***** WARNING *****
  Using default optimization C flags "-g -O". You might consider manually setting optimal
  optimization flags for your system with COPTFLAGS="optimization flags" see
  config/examples/arch-*-opt.py for examples
=============================================================================================
          Trying C compiler flag -g
Executing: /usr/bin/mpicc -c -o /tmp/petsc-oye27d1b/config.setCompilers/conftest.o -I/tmp/petsc-oye27d1b/config.libraries -I/tmp/petsc-oye27d1b/config.setCompilers  -fPIC -Wall -Wwrite-strings -Wno-unknown-pragmas -Wno-lto-type-mismatch -Wno-stringop-overflow -fstack-protector -fvisibility=hidden -g   /tmp/petsc-oye27d1b/config.setCompilers/conftest.c 
Successful compile:
Source:
#include "confdefs.h"
#include "conffix.h"

int main() {
;
  return 0;
}

              Output from compiling with  -fPIC -Wall -Wwrite-strings -Wno-unknown-pragmas -Wno-lto-type-mismatch -Wno-stringop-overflow -fstack-protector -fvisibility=hidden -g 


Added C compiler flag -g
          Trying C compiler flag -O
Executing: /usr/bin/mpicc -c -o /tmp/petsc-oye27d1b/config.setCompilers/conftest.o -I/tmp/petsc-oye27d1b/config.libraries -I/tmp/petsc-oye27d1b/config.setCompilers  -fPIC -Wall -Wwrite-strings -Wno-unknown-pragmas -Wno-lto-type-mismatch -Wno-stringop-overflow -fstack-protector -fvisibility=hidden -g -O   /tmp/petsc-oye27d1b/config.setCompilers/conftest.c 
Successful compile:
Source:
#include "confdefs.h"
#include "conffix.h"

int main() {
;
  return 0;
}

              Output from compiling with  -fPIC -Wall -Wwrite-strings -Wno-unknown-pragmas -Wno-lto-type-mismatch -Wno-stringop-overflow -fstack-protector -fvisibility=hidden -g -O 


Added C compiler flag -O
Executing: /usr/bin/mpicxx --version
stdout:
g++ (Ubuntu 13.3.0-6ubuntu2~24.04.1) 13.3.0
Copyright (C) 2023 Free Software Foundation, Inc.
This is free software; see the source for copying conditions.  There is NO
warranty; not even for MERCHANTABILITY or FITNESS FOR A PARTICULAR PURPOSE.
getCompilerVersion: /usr/bin/mpicxx g++ (Ubuntu 13.3.0-6ubuntu2~24.04.1) 13.3.0
              Defined make macro "Cxx_VERSION" to "g++ (Ubuntu 13.3.0-6ubuntu2~24.04.1) 13.3.0"
Executing: /usr/bin/mpicxx -show
stdout: g++ -I/usr/lib/x86_64-linux-gnu/openmpi/include -I/usr/lib/x86_64-linux-gnu/openmpi/include/openmpi -L/usr/lib/x86_64-linux-gnu/openmpi/lib -lmpi_cxx -lmpi
                Defined make macro "MPICXX_SHOW" to "g++ -I/usr/lib/x86_64-linux-gnu/openmpi/include -I/usr/lib/x86_64-linux-gnu/openmpi/include/openmpi -L/usr/lib/x86_64-linux-gnu/openmpi/lib -lmpi_cxx -lmpi"
Executing: /usr/bin/mpicxx --help | head -n 20 
stdout:
Usage: g++ [options] file...
Options:
  -pass-exit-codes         Exit with highest error code from a phase.
  --help                   Display this information.
  --target-help            Display target specific command line options (including assembler and linker options).
  --help={common|optimizers|params|target|warnings|[^]{joined|separate|undocumented}}[,...].
                           Display specific types of command line options.
  (Use '-v --help' to display command line options of sub-processes).
  --version                Display compiler version information.
  -dumpspecs               Display all of the built in spec strings.
  -dumpversion             Display the version of the compiler.
  -dumpmachine             Display the compiler's target processor.
  -foffload=<targets>      Specify offloading targets.
  -print-search-dirs       Display the directories in the compiler's search path.
  -print-libgcc-file-name  Display the name of the compiler's companion library.
  -print-file-name=<lib>   Display the full path to library <lib>.
  -print-prog-name=<prog>  Display the full path to compiler component <prog>.
  -print-multiarch         Display the target's normalized GNU triplet, used as
                           a component in the library path.
  -print-multi-directory   Display the root directory for versions of libgcc.
Detected GNU compiler
Executing: /usr/bin/mpicxx --help | head -n 20 
stdout:
Usage: g++ [options] file...
Options:
  -pass-exit-codes         Exit with highest error code from a phase.
  --help                   Display this information.
  --target-help            Display target specific command line options (including assembler and linker options).
  --help={common|optimizers|params|target|warnings|[^]{joined|separate|undocumented}}[,...].
                           Display specific types of command line options.
  (Use '-v --help' to display command line options of sub-processes).
  --version                Display compiler version information.
  -dumpspecs               Display all of the built in spec strings.
  -dumpversion             Display the version of the compiler.
  -dumpmachine             Display the compiler's target processor.
  -foffload=<targets>      Specify offloading targets.
  -print-search-dirs       Display the directories in the compiler's search path.
  -print-libgcc-file-name  Display the name of the compiler's companion library.
  -print-file-name=<lib>   Display the full path to library <lib>.
  -print-prog-name=<prog>  Display the full path to compiler component <prog>.
  -print-multiarch         Display the target's normalized GNU triplet, used as
                           a component in the library path.
  -print-multi-directory   Display the root directory for versions of libgcc.
Detected GNU compiler
Executing: /usr/bin/mpicxx --version
stdout:
g++ (Ubuntu 13.3.0-6ubuntu2~24.04.1) 13.3.0
Copyright (C) 2023 Free Software Foundation, Inc.
This is free software; see the source for copying conditions.  There is NO
warranty; not even for MERCHANTABILITY or FITNESS FOR A PARTICULAR PURPOSE.
          Trying Cxx compiler flag -Wall
Executing: /usr/bin/mpicxx -c -o /tmp/petsc-oye27d1b/config.setCompilers/conftest.o -I/tmp/petsc-oye27d1b/config.setCompilers  -Wall   -std=gnu++20 -fPIC  /tmp/petsc-oye27d1b/config.setCompilers/conftest.cc 
Successful compile:
Source:
#include "confdefs.h"
#include "conffix.h"

int main() {
;
  return 0;
}

              Output from compiling with  -Wall 


Added Cxx compiler flag -Wall
          Trying Cxx compiler flag -Wwrite-strings
Executing: /usr/bin/mpicxx -c -o /tmp/petsc-oye27d1b/config.setCompilers/conftest.o -I/tmp/petsc-oye27d1b/config.setCompilers  -Wall -Wwrite-strings   -std=gnu++20 -fPIC  /tmp/petsc-oye27d1b/config.setCompilers/conftest.cc 
Successful compile:
Source:
#include "confdefs.h"
#include "conffix.h"

int main() {
;
  return 0;
}

              Output from compiling with  -Wall -Wwrite-strings 


Added Cxx compiler flag -Wwrite-strings
          Trying Cxx compiler flag -Wno-strict-aliasing
Executing: /usr/bin/mpicxx -c -o /tmp/petsc-oye27d1b/config.setCompilers/conftest.o -I/tmp/petsc-oye27d1b/config.setCompilers  -Wall -Wwrite-strings -Wno-strict-aliasing   -std=gnu++20 -fPIC  /tmp/petsc-oye27d1b/config.setCompilers/conftest.cc 
Successful compile:
Source:
#include "confdefs.h"
#include "conffix.h"

int main() {
;
  return 0;
}

              Output from compiling with  -Wall -Wwrite-strings -Wno-strict-aliasing 


Added Cxx compiler flag -Wno-strict-aliasing
          Trying Cxx compiler flag -Wno-unknown-pragmas
Executing: /usr/bin/mpicxx -c -o /tmp/petsc-oye27d1b/config.setCompilers/conftest.o -I/tmp/petsc-oye27d1b/config.setCompilers  -Wall -Wwrite-strings -Wno-strict-aliasing -Wno-unknown-pragmas   -std=gnu++20 -fPIC  /tmp/petsc-oye27d1b/config.setCompilers/conftest.cc 
Successful compile:
Source:
#include "confdefs.h"
#include "conffix.h"

int main() {
;
  return 0;
}

              Output from compiling with  -Wall -Wwrite-strings -Wno-strict-aliasing -Wno-unknown-pragmas 


Added Cxx compiler flag -Wno-unknown-pragmas
          Trying Cxx compiler flag -Wno-lto-type-mismatch
Executing: /usr/bin/mpicxx -c -o /tmp/petsc-oye27d1b/config.setCompilers/conftest.o -I/tmp/petsc-oye27d1b/config.setCompilers  -Wall -Wwrite-strings -Wno-strict-aliasing -Wno-unknown-pragmas -Wno-lto-type-mismatch   -std=gnu++20 -fPIC  /tmp/petsc-oye27d1b/config.setCompilers/conftest.cc 
Successful compile:
Source:
#include "confdefs.h"
#include "conffix.h"

int main() {
;
  return 0;
}

              Output from compiling with  -Wall -Wwrite-strings -Wno-strict-aliasing -Wno-unknown-pragmas -Wno-lto-type-mismatch 


Added Cxx compiler flag -Wno-lto-type-mismatch
          Trying Cxx compiler flag -Wno-psabi
Executing: /usr/bin/mpicxx -c -o /tmp/petsc-oye27d1b/config.setCompilers/conftest.o -I/tmp/petsc-oye27d1b/config.setCompilers  -Wall -Wwrite-strings -Wno-strict-aliasing -Wno-unknown-pragmas -Wno-lto-type-mismatch -Wno-psabi   -std=gnu++20 -fPIC  /tmp/petsc-oye27d1b/config.setCompilers/conftest.cc 
Successful compile:
Source:
#include "confdefs.h"
#include "conffix.h"

int main() {
;
  return 0;
}

              Output from compiling with  -Wall -Wwrite-strings -Wno-strict-aliasing -Wno-unknown-pragmas -Wno-lto-type-mismatch -Wno-psabi 


Added Cxx compiler flag -Wno-psabi
          Trying Cxx compiler flag -fstack-protector
Executing: /usr/bin/mpicxx -c -o /tmp/petsc-oye27d1b/config.setCompilers/conftest.o -I/tmp/petsc-oye27d1b/config.setCompilers  -Wall -Wwrite-strings -Wno-strict-aliasing -Wno-unknown-pragmas -Wno-lto-type-mismatch -Wno-psabi -fstack-protector   -std=gnu++20 -fPIC  /tmp/petsc-oye27d1b/config.setCompilers/conftest.cc 
Successful compile:
Source:
#include "confdefs.h"
#include "conffix.h"

int main() {
;
  return 0;
}

              Output from compiling with  -Wall -Wwrite-strings -Wno-strict-aliasing -Wno-unknown-pragmas -Wno-lto-type-mismatch -Wno-psabi -fstack-protector 


Added Cxx compiler flag -fstack-protector
          Trying Cxx compiler flag -fvisibility=hidden
Executing: /usr/bin/mpicxx -c -o /tmp/petsc-oye27d1b/config.setCompilers/conftest.o -I/tmp/petsc-oye27d1b/config.setCompilers  -Wall -Wwrite-strings -Wno-strict-aliasing -Wno-unknown-pragmas -Wno-lto-type-mismatch -Wno-psabi -fstack-protector -fvisibility=hidden   -std=gnu++20 -fPIC  /tmp/petsc-oye27d1b/config.setCompilers/conftest.cc 
Successful compile:
Source:
#include "confdefs.h"
#include "conffix.h"

int main() {
;
  return 0;
}

              Output from compiling with  -Wall -Wwrite-strings -Wno-strict-aliasing -Wno-unknown-pragmas -Wno-lto-type-mismatch -Wno-psabi -fstack-protector -fvisibility=hidden 


Added Cxx compiler flag -fvisibility=hidden
Executing: /usr/bin/mpicxx -show
stdout: g++ -I/usr/lib/x86_64-linux-gnu/openmpi/include -I/usr/lib/x86_64-linux-gnu/openmpi/include/openmpi -L/usr/lib/x86_64-linux-gnu/openmpi/lib -lmpi_cxx -lmpi
                Defined make macro "MPICXX_SHOW" to "g++ -I/usr/lib/x86_64-linux-gnu/openmpi/include -I/usr/lib/x86_64-linux-gnu/openmpi/include/openmpi -L/usr/lib/x86_64-linux-gnu/openmpi/lib -lmpi_cxx -lmpi"
Executing: /usr/bin/mpicxx --help | head -n 20 
stdout:
Usage: g++ [options] file...
Options:
  -pass-exit-codes         Exit with highest error code from a phase.
  --help                   Display this information.
  --target-help            Display target specific command line options (including assembler and linker options).
  --help={common|optimizers|params|target|warnings|[^]{joined|separate|undocumented}}[,...].
                           Display specific types of command line options.
  (Use '-v --help' to display command line options of sub-processes).
  --version                Display compiler version information.
  -dumpspecs               Display all of the built in spec strings.
  -dumpversion             Display the version of the compiler.
  -dumpmachine             Display the compiler's target processor.
  -foffload=<targets>      Specify offloading targets.
  -print-search-dirs       Display the directories in the compiler's search path.
  -print-libgcc-file-name  Display the name of the compiler's companion library.
  -print-file-name=<lib>   Display the full path to library <lib>.
  -print-prog-name=<prog>  Display the full path to compiler component <prog>.
  -print-multiarch         Display the target's normalized GNU triplet, used as
                           a component in the library path.
  -print-multi-directory   Display the root directory for versions of libgcc.
Detected GNU compiler
Executing: /usr/bin/mpicxx --help | head -n 500
=============================================================================================
                                     ***** WARNING *****
  Using default Cxx optimization flags "-g -O". You might consider manually setting optimal
  optimization flags for your system with CXXOPTFLAGS="optimization flags" see
  config/examples/arch-*-opt.py for examples
=============================================================================================
          Trying Cxx compiler flag -g
Executing: /usr/bin/mpicxx -c -o /tmp/petsc-oye27d1b/config.setCompilers/conftest.o -I/tmp/petsc-oye27d1b/config.setCompilers  -Wall -Wwrite-strings -Wno-strict-aliasing -Wno-unknown-pragmas -Wno-lto-type-mismatch -Wno-psabi -fstack-protector -fvisibility=hidden -g   -std=gnu++20 -fPIC  /tmp/petsc-oye27d1b/config.setCompilers/conftest.cc 
Successful compile:
Source:
#include "confdefs.h"
#include "conffix.h"

int main() {
;
  return 0;
}

              Output from compiling with  -Wall -Wwrite-strings -Wno-strict-aliasing -Wno-unknown-pragmas -Wno-lto-type-mismatch -Wno-psabi -fstack-protector -fvisibility=hidden -g 


Added Cxx compiler flag -g
          Trying Cxx compiler flag -O
Executing: /usr/bin/mpicxx -c -o /tmp/petsc-oye27d1b/config.setCompilers/conftest.o -I/tmp/petsc-oye27d1b/config.setCompilers  -Wall -Wwrite-strings -Wno-strict-aliasing -Wno-unknown-pragmas -Wno-lto-type-mismatch -Wno-psabi -fstack-protector -fvisibility=hidden -g -O   -std=gnu++20 -fPIC  /tmp/petsc-oye27d1b/config.setCompilers/conftest.cc 
Successful compile:
Source:
#include "confdefs.h"
#include "conffix.h"

int main() {
;
  return 0;
}

              Output from compiling with  -Wall -Wwrite-strings -Wno-strict-aliasing -Wno-unknown-pragmas -Wno-lto-type-mismatch -Wno-psabi -fstack-protector -fvisibility=hidden -g -O 


Added Cxx compiler flag -O
Executing: /usr/local/cuda/bin/nvcc --version
stdout:
nvcc: NVIDIA (R) Cuda compiler driver
Copyright (c) 2005-2024 NVIDIA Corporation
Built on Tue_Oct_29_23:50:19_PDT_2024
Cuda compilation tools, release 12.6, V12.6.85
Build cuda_12.6.r12.6/compiler.35059454_0
getCompilerVersion: /usr/local/cuda/bin/nvcc Cuda compilation tools, release 12.6, V12.6.85
              Defined make macro "CUDA_VERSION" to "Cuda compilation tools, release 12.6, V12.6.85"
Executing: /usr/local/cuda/bin/nvcc --help | head -n 20 
stdout:
Usage  : nvcc [options] <inputfile>
Options for specifying the compilation phase
============================================
More exactly, this option specifies up to which stage the input files must be compiled,
according to the following compilation trajectories for different input file types:
        .c/.cc/.cpp/.cxx : preprocess, compile, link
        .o               : link
        .i/.ii           : compile, link
        .cu              : preprocess, cuda frontend, PTX assemble,
                           merge with host C code, compile, link
        .gpu             : cicc compile into cubin
        .ptx             : PTX assemble into cubin.
--cuda                                          (-cuda)                         
        Compile all .cu input files to .cu.cpp.ii output.
--cubin                                         (-cubin)                        
        Compile all .cu/.gpu/.ptx input files to device-only .cubin files.  This
Executing: /usr/local/cuda/bin/nvcc --help
stdout:
Usage  : nvcc [options] <inputfile>
Options for specifying the compilation phase
============================================
More exactly, this option specifies up to which stage the input files must be compiled,
according to the following compilation trajectories for different input file types:
        .c/.cc/.cpp/.cxx : preprocess, compile, link
        .o               : link
        .i/.ii           : compile, link
        .cu              : preprocess, cuda frontend, PTX assemble,
                           merge with host C code, compile, link
        .gpu             : cicc compile into cubin
        .ptx             : PTX assemble into cubin.
--cuda                                          (-cuda)                         
        Compile all .cu input files to .cu.cpp.ii output.
--cubin                                         (-cubin)                        
        Compile all .cu/.gpu/.ptx input files to device-only .cubin files.  This
        step discards the host code for each .cu input file.
--fatbin                                        (-fatbin)                       
        Compile all .cu/.gpu/.ptx/.cubin input files to device-only .fatbin files.
        This step discards the host code for each .cu input file.
--ptx                                           (-ptx)                          
        Compile all .cu input files to device-only .ptx files.  This step discards
        the host code for each of these input file.
--optix-ir                                      (-optix-ir)                     
        Compile CUDA source to OptiX IR (.optixir) output. The OptiX IR is only intended
        for consumption by OptiX through appropriate APIs. This feature is not supported
        with link-time-optimization (-dlto), the lto_NN -arch target, or with -gencode.
--preprocess                                    (-E)                            
        Preprocess all .c/.cc/.cpp/.cxx/.cu input files.
--generate-dependencies                         (-M)                            
        Generate a dependency file that can be included in a make file for the .c/.cc/.cpp/.cxx/.cu
        input file. If -MF is specified, multiple source files are not supported,
        and the output is written to the specified file, otherwise it is written
        to stdout.
--generate-nonsystem-dependencies               (-MM)                           
        Same as --generate-dependencies but skip header files found in system directories
        (Linux only).
--generate-dependencies-with-compile            (-MD)                           
        Generate a dependency file and compile the input file. The dependency file
        can be included in a make file for the .c/.cc/.cpp/.cxx/.cu input file. 
        This option cannot be specified together with -E. 
        The dependency file name is computed as follows:
        - If -MF is specified, then the specified file is used as the dependency
        file name 
        - If -o is specified, the dependency file name is computed from the specified
        file name by replacing the suffix with '.d'.
        - Otherwise, the dependency file name is computed by replacing the input
        file names's suffix with '.d'
        If the dependency file name is computed based on either -MF or -o, then multiple
        input files are not supported.
--generate-nonsystem-dependencies-with-compile  (-MMD)                          
        Same as --generate-dependencies-with-compile, but skip header files found
        in system directories (Linux only).
--dependency-output                             (-MF)                           
        Specify the output file for the dependency file generated with -M/-MM/-MD/-MMD.
        
--generate-dependency-targets                   (-MP)                           
        Add an empty target for each dependency.
--compile                                       (-c)                            
        Compile each .c/.cc/.cpp/.cxx/.cu input file into an object file.
--device-c                                      (-dc)                           
        Compile each .c/.cc/.cpp/.cxx/.cu input file into an object file that contains
        relocatable device code.  It is equivalent to '--relocatable-device-code=true
        --compile'.
--device-w                                      (-dw)                           
        Compile each .c/.cc/.cpp/.cxx/.cu input file into an object file that contains
        executable device code.  It is equivalent to '--relocatable-device-code=false
        --compile'.
--device-link                                   (-dlink)                        
        Link object files with relocatable device code and .ptx/.cubin/.fatbin files
        into an object file with executable device code, which can be passed to the
        host linker.
--link                                          (-link)                         
        This option specifies the default behavior: compile and link all inputs.
--lib                                           (-lib)                          
        Compile all inputs into object files (if necessary) and add the results to
        the specified output library file.
--run                                           (-run)                          
        This option compiles and links all inputs into an executable, and executes
        it.  Or, when the input is a single executable, it is executed without any
        compilation or linking. This step is intended for developers who do not want
        to be bothered with setting the necessary environment variables; these are
        set temporarily by nvcc).
File and path specifications.
=============================
--output-file <file>                            (-o)                            
        Specify name and location of the output file.  Only a single input file is
        allowed when this option is present in nvcc non-linking/archiving mode.
--pre-include <file>,...                        (-include)                      
        Specify header files that must be preincluded during preprocessing.
--objdir-as-tempdir                             (-objtemp)                      
        Create intermediate files in the same directory as the object file instead
        of in the temporary directory. This option will take effect only if -c, -dc
        or -dw is also used.
--library <library>,...                         (-l)                            
        Specify libraries to be used in the linking stage without the library file
        extension.  The libraries are searched for on the library search paths that
        have been specified using option '--library-path'.
--define-macro <def>,...                        (-D)                            
        Specify macro definitions to define for use during preprocessing or compilation.
--undefine-macro <def>,...                      (-U)                            
        Undefine macro definitions during preprocessing or compilation.
--include-path <path>,...                       (-I)                            
        Specify include search paths.
--system-include <path>,...                     (-isystem)                      
        Specify system include search paths.
--library-path <path>,...                       (-L)                            
        Specify library search paths.
--output-directory <directory>                  (-odir)                         
        Specify the directory of the output file.  This option is intended for letting
        the dependency generation step (see '--generate-dependencies') generate a
        rule that defines the target object file in the proper directory.
--compiler-bindir <path>                        (-ccbin)                        
        Specify the directory in which the host compiler executable resides.  The
        host compiler executable name can be also specified to ensure that the correct
        host compiler is selected.  In addition, driver prefix options ('--input-drive-prefix',
        '--dependency-drive-prefix', or '--drive-prefix') may need to be specified,
        if nvcc is executed in a Cygwin shell or a MinGW shell on Windows.
--allow-unsupported-compiler                    (-allow-unsupported-compiler)   
        Disable nvcc check for supported host compiler versions. Using an unsupported
        host compiler may cause compilation failure or incorrect run time execution.
        Use at your own risk. This option has no effect on MacOS.
--archiver-binary <path>                        (-arbin)                        
        Specify the path of the executable for the archiving tool used to createstatic
        libraries with '--lib'. If unspecified, a platform-specific defaultis used.
--cudart {none|shared|static}                   (-cudart)                       
        Specify the type of CUDA runtime library to be used: no CUDA runtime library,
        shared/dynamic CUDA runtime library, or static CUDA runtime library.
        Allowed values for this option:  'none','shared','static'.
        Default value:  'static'.
--cudadevrt {none|static}                       (-cudadevrt)                    
        Specify the type of CUDA device runtime library to be used: no CUDA device
        runtime library, or static CUDA device runtime library.
        Allowed values for this option:  'none','static'.
        Default value:  'static'.
--libdevice-directory <directory>               (-ldir)                         
        Specify the directory that contains the libdevice library files when option
        '--dont-use-profile' is used.  Libdevice library files are located in the
        'nvvm/libdevice' directory in the CUDA toolkit.
--target-directory <string>                     (-target-dir)                   
        Specify the subfolder name in the targets directory where the default include
        and library paths are located. 
--use-local-env                                 (-use-local-env)                
        By default nvcc assumes that the MSVC environment needs to be initialized.
        This is done by executing the appropriate command file available for the
        MSVC installation detected or specified. Initializing the environment for
        each nvcc invocation can add noticeable overheads. If the environment used
        to invoke nvcc has already been configured, this option can be used to skip
        this step.
Options for specifying behavior of compiler/linker.
===================================================
--profile                                       (-pg)                           
        Instrument generated code/executable for use by gprof (Linux only).
--debug                                         (-g)                            
        Generate debug information for host code.
--device-debug                                  (-G)                            
        Generate debug information for device code. If --dopt is not specified, then
        turns off all optimizations. Don't use for profiling; use -lineinfo instead.
--generate-line-info                            (-lineinfo)                     
        Generate line-number information for device code.
--optimization-info <kind>,...                  (-opt-info)                     
        Provide optimization reports for the specified kind of optimization. The
        following tags are supported:
                inline: Emit remarks related to function inlining. Inlining passmay
        be invoked multiple times by the compiler and a function notinlined in an
        earlier pass may be inlined in a subsequent pass.
        Allowed values for this option:  'inline'.
--optimize <level>                              (-O)                            
        Specify optimization level for host code.
--dopt <kind>                                   (-dopt)                         
        Enable device code optimization. When specified along with '-G', enables
        limited debug information generation for optimized device code (currently,
        only line number information). When '-G' is not specified, '-dopt=on' is
        implicit.
        Allowed values for this option:  'on'.
--dlink-time-opt                                (-dlto)                         
        Perform link-time optimization of device code. Link-time optimization must
        be specified at both compile and link time; at compile time it stores high-level
        intermediate code, then at link time it links together and optimizes the
        intermediate code.If that intermediate is not found at link time then nothing
        happens. Intermediate code is also stored at compile time with the --gpu-code='lto_NN'
        target. The options -dlto -arch=sm_NN will add a lto_NN target; if you want
        to only add a lto_NN target and not the compute_NN that -arch=sm_NN usually
        generates, use -arch=lto_NN. The options '-dlto -dlink -ptx -o <file.ptx>'
        will cause nvlink to generate <file.ptx>. If -o is not used, the file generated
        will be a_dlink.dlto.ptx.
--lto                                           (-lto)                          
        Alias for -dlto.
--gen-opt-lto                                   (-gen-opt-lto)                  
        Run the optimizer passes before generating the LTO IR.
--ftemplate-backtrace-limit <limit>             (-ftemplate-backtrace-limit)    
        Set the maximum number of template instantiation notes for a single warning
        or error to <limit>. A value of 0 is allowed, and indicates that no limit
        should be enforced. This value is also passed to the host compiler if it
        provides an equivalent flag.
--ftemplate-depth <limit>                       (-ftemplate-depth)              
        Set the maximum instantiation depth for template classes to <limit>. This
        value is also passed to the host compiler if it provides an equivalent flag.
--no-exceptions                                 (-noeh)                         
        Disable exception handling for host code.
--shared                                        (-shared)                       
        Generate a shared library during linking.  Use option '--linker-options'
        when other linker options are required for more control.
--x {c|c++|cu}                                  (-x)                            
        Explicitly specify the language for the input files, rather than letting
        the compiler choose a default based on the file name suffix.
        Allowed values for this option:  'c','c++','cu'.
--std {c++03|c++11|c++14|c++17|c++20}           (-std)                          
        Select a particular C++ dialect.  Note that this flag also turns on the corresponding
        dialect flag for the host compiler.
        Allowed values for this option:  'c++03','c++11','c++14','c++17','c++20'.
--no-host-device-initializer-list               (-nohdinitlist)                 
        Do not implicitly consider member functions of std::initializer_list as __host__
        __device__ functions.
--no-host-device-move-forward                   (-nohdmoveforward)              
        Do not implicitly consider std::move and std::forward as __host__ __device__
        function templates.
--expt-relaxed-constexpr                        (-expt-relaxed-constexpr)       
        Experimental flag: Allow host code to invoke __device__ constexpr functions,
        and device code to invoke __host__ constexpr functions.Note that the behavior
        of this flag may change in future compiler releases.
--extended-lambda                               (-extended-lambda)              
        Allow __host__, __device__ annotations in lambda declaration. 
--expt-extended-lambda                          (-expt-extended-lambda)         
        Alias for -extended-lambda.
--machine {64}                                  (-m)                            
        Specify 64 bit architecture.
        Allowed values for this option:  64.
        Default value:  64.
--m64                                           (-m64)                          
        Equivalent to --machine=64.
Options for passing specific phase options
==========================================
These allow for passing options directly to the intended compilation phase.  Using
these, users have the ability to pass options to the lower level compilation tools,
without the need for nvcc to know about each and every such option.
--compiler-options <options>,...                (-Xcompiler)                    
        Specify options directly to the compiler/preprocessor.
--linker-options <options>,...                  (-Xlinker)                      
        Specify options directly to the host linker.
--archive-options <options>,...                 (-Xarchive)                     
        Specify options directly to library manager.
--ptxas-options <options>,...                   (-Xptxas)                       
        Specify options directly to ptxas, the PTX optimizing assembler.
--nvlink-options <options>,...                  (-Xnvlink)                      
        Specify options directly to nvlink.
Miscellaneous options for guiding the compiler driver.
======================================================
--forward-unknown-to-host-compiler              (-forward-unknown-to-host-compiler)
        Forward unknown options to the host compiler. An 'unknown option' is a command
        line argument that starts with '-' followed by another character, and is
        not a recognized nvcc flag or an argument for a recognized nvcc flag.
        Note: If the unknown option is followed by a separate command line argument,
        the argument will not be forwarded, unless it begins with the '-' character.
        E.g.
        'nvcc -forward-unknown-to-host-compiler -foo=bar a.cu' will forward '-foo=bar'
        to host compiler.
        'nvcc -forward-unknown-to-host-compiler -foo bar a.cu' will report an error
        for 'bar' argument.
        'nvcc -forward-unknown-to-host-compiler -foo -bar a.cu' will forward '-foo'
        and '-bar' to host compiler.
        Note: On Windows, also see option '-forward-slash-prefix-opts' for forwarding
        options that begin with '/'.
--forward-unknown-to-host-linker                (-forward-unknown-to-host-linker)
        Forward unknown options to the host linker. An 'unknown option' is a command
        line argument that starts with '-' followed by another character, and is
        not a recognized nvcc flag or an argument for a recognized nvcc flag.
        Note: If the unknown option is followed by a separate command line argument,
        the argument will not be forwarded, unless it begins with the '-' character.
        E.g.
        'nvcc -forward-unknown-to-host-linker -foo=bar a.cu' will forward '-foo=bar'
        to host linker.
        'nvcc -forward-unknown-to-host-linker -foo bar a.cu' will report an error
        for 'bar' argument.
        'nvcc -forward-unknown-to-host-linker -foo -bar a.cu' will forward '-foo'
        and '-bar' to host linker.
        Note: On Windows, also see option '-forward-slash-prefix-opts' for forwarding
        options that begin with '/'.
--forward-unknown-opts                          (-forward-unknown-opts)         
        Implies the combination of options: -forward-unknown-to-host-linker
        and -forward-unknown-to-host-compiler.
        E.g.
        'nvcc -forward-unknown-opts -foo=bar a.cu' will forward '-foo=bar' to the
        host linker and compiler.
        'nvcc -forward-unknown-opts -foo bar a.cu' will report an error for 'bar'
        argument.
        'nvcc -forward-unknown-opts -foo -bar a.cu' will forward '-foo' and '-bar'
        to the host linker and compiler.
        Note: On Windows, also see option '-forward-slash-prefix-opts' for forwarding
        options that begin with '/'.
--dont-use-profile                              (-noprof)                       
        Nvcc uses the nvcc.profiles file for compilation.  When specifying this option,
        the profile file is not used.
--dryrun                                        (-dryrun)                       
        Do not execute the compilation commands generated by nvcc.  Instead, list
        them.
--verbose                                       (-v)                            
        List the compilation commands generated by this compiler driver, but do not
        suppress their execution.
--threads <number>                              (-t)                            
        Specify the maximum number of threads to be created in parallel when compiling
        for multiple architectures. If <number> is 1 or if compiling for one architecture,
        this option is ignored. If <number> is 0, the number of threads will be the
        number of CPUs on the machine.
--split-compile <number>                        (-split-compile)                
        Specify the maximum amount of concurrent threads to to be utilized when running
        compiler optimizations. If <number> is 1, this option is ignored. If <number>
        is 0, the number of threads will be the number of CPUs on the machine.
        This option will have minimal (if any) impact on performance of the compiled
        binary.
--split-compile-extended <number>               (-split-compile-extended)       
        Specify the maximum amount of concurrent threads to be utilized when running
        compiler optimizations in LTO mode. If <number> is 1, this option is ignored.
        If <number> is 0, the number of threads will be the number of CPUs on the
        machine.
        This option is a more aggressive form of split compilation, and can potentially
        impact performance of the compiled binary. It is available in LTO mode only.
--fdevice-syntax-only                           (-fdevice-syntax-only)          
        Ends device compilation after front-end syntax checking. This option does
        not generate valid device code.
--keep                                          (-keep)                         
        Keep all intermediate files that are generated during internal compilation
        steps.
--keep-dir <directory>                          (-keep-dir)                     
        Keep all intermediate files that are generated during internal compilation
        steps in this directory.
--save-temps                                    (-save-temps)                   
        This option is an alias of '--keep'.
--clean-targets                                 (-clean)                        
        This option reverses the behavior of nvcc.  When specified, none of the compilation
        phases will be executed.  Instead, all of the non-temporary files that nvcc
        would otherwise create will be deleted.
--time <file name>                              (-time)                         
        Generate a comma separated value table with the time taken by each compilation
        phase, and append it at the end of the file given as the option argument.
        If the file is empty, the column headings are generated in the first row
        of the table. If the file name is '-', the timing data is generated in stdout.
--run-args <arguments>,...                      (-run-args)                     
        Used in combination with option --run to specify command line arguments for
        the executable.
--input-drive-prefix <prefix>                   (-idp)                          
        On Windows, all command line arguments that refer to file names must be converted
        to the Windows native format before they are passed to pure Windows executables.
        This option specifies how the current development environment represents
        absolute paths.  Use '/cygwin/' as <prefix> for Cygwin build environments,
        and '/' as <prefix> for MinGW.
--dependency-drive-prefix <prefix>              (-ddp)                          
        On Windows, when generating dependency files (see --generate-dependencies),
        all file names must be converted appropriately for the instance of 'make'
        that is used.  Some instances of 'make' have trouble with the colon in absolute
        paths in the native Windows format, which depends on the environment in which
        the 'make' instance has been compiled.  Use '/cygwin/' as <prefix> for a
        Cygwin make, and '/' as <prefix> for MinGW.  Or leave these file names in
        the native Windows format by specifying nothing.
--drive-prefix <prefix>                         (-dp)                           
        Specifies <prefix> as both --input-drive-prefix and --dependency-drive-prefix.
--dependency-target-name <target>               (-MT)                           
        Specify the target name of the generated rule when generating a dependency
        file (see '--generate-dependencies').
--no-align-double                               --no-align-double               
        Specifies that '-malign-double' should not be passed as a compiler argument
        on 32-bit platforms.  WARNING: this makes the ABI incompatible with the cuda's
        kernel ABI for certain 64-bit types.
--no-device-link                                (-nodlink)                      
        Skip the device link step when linking object files.
Options for steering GPU code generation.
=========================================
--gpu-architecture <arch>                       (-arch)                         
        Specify the name of the class of NVIDIA 'virtual' GPU architecture for which
        the CUDA input files must be compiled.
        With the exception as described for the shorthand below, the architecture
        specified with this option must be a 'virtual' architecture (such as compute_50).
        Normally, this option alone does not trigger assembly of the generated PTX
        for a 'real' architecture (that is the role of nvcc option '--gpu-code',
        see below); rather, its purpose is to control preprocessing and compilation
        of the input to PTX.
        For convenience, in case of simple nvcc compilations, the following shorthand
        is supported.  If no value for option '--gpu-code' is specified, then the
        value of this option defaults to the value of '--gpu-architecture'.  In this
        situation, as only exception to the description above, the value specified
        for '--gpu-architecture' may be a 'real' architecture (such as a sm_50),
        in which case nvcc uses the specified 'real' architecture and its closest
        'virtual' architecture as effective architecture values.  For example, 'nvcc
        --gpu-architecture=sm_50' is equivalent to 'nvcc --gpu-architecture=compute_50
        --gpu-code=sm_50,compute_50'.
        -arch=all         build for all supported architectures (sm_*), and add PTX
        for the highest major architecture to the generated code.
        -arch=all-major   build for just supported major versions (sm_*0), plus the
        earliest supported, and add PTX for the highest major architecture to the
        generated code.
        -arch=native      build for all architectures (sm_*) on the current system
        Note: -arch=native, -arch=all, -arch=all-major cannot be used with the -code
        option, but can be used with -gencode options.
        Allowed values for this option:  'all','all-major','compute_50','compute_52',
        'compute_53','compute_60','compute_61','compute_62','compute_70','compute_72',
        'compute_75','compute_80','compute_86','compute_87','compute_89','compute_90',
        'compute_90a','lto_50','lto_52','lto_53','lto_60','lto_61','lto_62','lto_70',
        'lto_72','lto_75','lto_80','lto_86','lto_87','lto_89','lto_90','lto_90a',
        'native','sm_50','sm_52','sm_53','sm_60','sm_61','sm_62','sm_70','sm_72',
        'sm_75','sm_80','sm_86','sm_87','sm_89','sm_90','sm_90a'.
--gpu-code <code>,...                           (-code)                         
        Specify the name of the NVIDIA GPU to assemble and optimize PTX for.
        nvcc embeds a compiled code image in the resulting executable for each specified
        <code> architecture, which is a true binary load image for each 'real' architecture
        (such as sm_50), and PTX code for the 'virtual' architecture (such as compute_50).
        During runtime, such embedded PTX code is dynamically compiled by the CUDA
        runtime system if no binary load image is found for the 'current' GPU.
        Architectures specified for options '--gpu-architecture' and '--gpu-code'
        may be 'virtual' as well as 'real', but the <code> architectures must be
        compatible with the <arch> architecture.  When the '--gpu-code' option is
        used, the value for the '--gpu-architecture' option must be a 'virtual' PTX
        architecture.
        For instance, '--gpu-architecture=compute_60' is not compatible with '--gpu-code=sm_52',
        because the earlier compilation stages will assume the availability of 'compute_60'
        features that are not present on 'sm_52'.
        Allowed values for this option:  'compute_50','compute_52','compute_53',
        'compute_60','compute_61','compute_62','compute_70','compute_72','compute_75',
        'compute_80','compute_86','compute_87','compute_89','compute_90','compute_90a',
        'lto_50','lto_52','lto_53','lto_60','lto_61','lto_62','lto_70','lto_72',
        'lto_75','lto_80','lto_86','lto_87','lto_89','lto_90','lto_90a','sm_50',
        'sm_52','sm_53','sm_60','sm_61','sm_62','sm_70','sm_72','sm_75','sm_80',
        'sm_86','sm_87','sm_89','sm_90','sm_90a'.
--generate-code <specification>,...             (-gencode)                      
        This option provides a generalization of the '--gpu-architecture=<arch> --gpu-code=<code>,
        ...' option combination for specifying nvcc behavior with respect to code
        generation.  Where use of the previous options generates code for different
        'real' architectures with the PTX for the same 'virtual' architecture, option
        '--generate-code' allows multiple PTX generations for different 'virtual'
        architectures.  In fact, '--gpu-architecture=<arch> --gpu-code=<code>,
        ...' is equivalent to '--generate-code arch=<arch>,code=<code>,...'.
        '--generate-code' options may be repeated for different virtual architectures.
        Allowed keywords for this option:  'arch','code'.
--relocatable-device-code {true|false}          (-rdc)                          
        Enable (disable) the generation of relocatable device code.  If disabled,
        executable device code is generated.  Relocatable device code must be linked
        before it can be executed.
        Default value:  false.
--entries entry,...                             (-e)                            
        Specify the global entry functions for which code must be generated.  By
        default, code will be generated for all entry functions.
--maxrregcount <amount>                         (-maxrregcount)                 
        Specify the maximum amount of registers that GPU functions can use.
        Until a function-specific limit, a higher value will generally increase the
        performance of individual GPU threads that execute this function.  However,
        because thread registers are allocated from a global register pool on each
        GPU, a higher value of this option will also reduce the maximum thread block
        size, thereby reducing the amount of thread parallelism.  Hence, a good maxrregcount
        value is the result of a trade-off.
        If this option is not specified, then no maximum is assumed.
        Value less than the minimum registers required by ABI will be bumped up by
        the compiler to ABI minimum limit.
        User program may not be able to make use of all registers as some registers
        are reserved by compiler.
--use_fast_math                                 (-use_fast_math)                
        Make use of fast math library.  '--use_fast_math' implies '--ftz=true --prec-div=false
        --prec-sqrt=false --fmad=true'.
--ftz {true|false}                              (-ftz)                          
        This option controls single-precision denormals support. '--ftz=true' flushes
        denormal values to zero and '--ftz=false' preserves denormal values. '--use_fast_math'
        implies '--ftz=true'.
        Default value:  false.
--prec-div {true|false}                         (-prec-div)                     
        This option controls single-precision floating-point division and reciprocals.
        '--prec-div=true' enables the IEEE round-to-nearest mode and '--prec-div=false'
        enables the fast approximation mode.  '--use_fast_math' implies '--prec-div=false'.
        Default value:  true.
--prec-sqrt {true|false}                        (-prec-sqrt)                    
        This option controls single-precision floating-point squre root.  '--prec-sqrt=true'
        enables the IEEE round-to-nearest mode and '--prec-sqrt=false' enables the
        fast approximation mode.  '--use_fast_math' implies '--prec-sqrt=false'.
        Default value:  true.
--fmad {true|false}                             (-fmad)                         
        This option enables (disables) the contraction of floating-point multiplies
        and adds/subtracts into floating-point multiply-add operations (FMAD, FFMA,
        or DFMA).  '--use_fast_math' implies '--fmad=true'.
        Default value:  true.
--extra-device-vectorization                    (-extra-device-vectorization)   
        This option enables more aggressive device code vectorization.
Options for steering cuda compilation.
======================================
--default-stream {legacy|null|per-thread}       (-default-stream)               
        Specify the stream that CUDA commands from the compiled program will be sent
        to by default.
                
        legacy
                The CUDA legacy stream (per context, implicitly synchronizes with
                other streams).
                
        per-thread
                A normal CUDA stream (per thread, does not implicitly
                synchronize with other streams).
                
        'null' is a deprecated alias for 'legacy'.
                
        Allowed values for this option:  'legacy','null','per-thread'.
        Default value:  'legacy'.
Generic tool options.
=====================
--disable-warnings                              (-w)                            
        Inhibit all warning messages.
--keep-device-functions                         (-keep-device-functions)        
        In whole program compilation mode, preserve user defined external linkage
        __device__ function definitions up to PTX.
--source-in-ptx                                 (-src-in-ptx)                   
        Interleave source in PTX. May only be used in conjunction with --device-debug
        or --generate-line-info.
--restrict                                      (-restrict)                     
        Programmer assertion that all kernel pointer parameters are restrict pointers.
--Wreorder                                      (-Wreorder)                     
        Generate warnings when member initializers are reordered.
--Wdefault-stream-launch                        (-Wdefault-stream-launch)       
        Generate warning when an explicit stream argument is not provided in the
        <<<...>>> kernel launch syntax.
--Wmissing-launch-bounds                        (-Wmissing-launch-bounds)       
        Generate warning when a __global__ function does not have an explicit __launch_bounds__
        annotation.
--Wext-lambda-captures-this                     (-Wext-lambda-captures-this)    
        Generate warning when an extended lambda implicitly captures 'this'.
--Wno-deprecated-declarations                   (-Wno-deprecated-declarations)  
        Suppress warning on use of deprecated entity.
--Wno-deprecated-gpu-targets                    (-Wno-deprecated-gpu-targets)   
        Suppress warnings about deprecated GPU target architectures.
--Werror <kind>,...                             (-Werror)                       
        Make warnings of the specified kinds into errors.  The following is the list
        of warning kinds accepted by this option:
                
        cross-execution-space-call
                Be more strict about unsupported cross execution space calls.
                The compiler will generate an error instead of a warning for a
                call from a __host__ __device__ to a __host__ function.
        reorder
                Generate errors when member initializers are reordered.
        deprecated-declarations
                Generate error on use of a deprecated entity.
        default-stream-launch
                Generate error when an explicit stream argument is not provided in
        the <<<...>>> kernel launch syntax.
        missing-launch-bounds
                Generate error when a __global__ function does not have an explicit
        __launch_bounds__ annotation.
        ext-lambda-captures-this
                Generate error when an extended lambda implicitly captures 'this'
        Allowed values for this option:  'all-warnings','cross-execution-space-call',
        'default-stream-launch','deprecated-declarations','ext-lambda-captures-this',
        'missing-launch-bounds','reorder'.
--resource-usage                                (-res-usage)                    
        Show resource usage such as registers and memory of the GPU code.
        This option implies '--nvlink-options --verbose' when '--relocatable-device-code=true'
        is set.  Otherwise, it implies '--ptxas-options --verbose'.
--extensible-whole-program                      (-ewp)                          
        Do extensible whole program compilation of device code.
--no-compress                                   (-no-compress)                  
        Do not compress device code in fatbinary.
--qpp-config                                    (-qpp-config)                   
        Specify the configuration ([[compiler/]version,][target]) for the q++ host
        compiler. The argument will be forwarded to the q++ compiler with its -V
        flag.
--compile-as-tools-patch                        (-astoolspatch)                 
        Compile patch code for CUDA tools. Implies --keep-device-functions.
--list-gpu-code                                 (-code-ls)                      
        List the non-accelerated gpu architectures (sm_XX) supported by the compiler
        and exit. If both --list-gpu-code and --list-gpu-arch are set, the list is
        displayed using the same format as the --generate-code value.
--list-gpu-arch                                 (-arch-ls)                      
        List the non-accelerated virtual device architectures (compute_XX) supported
        by the compiler and exit. If both --list-gpu-code and --list-gpu-arch are
        set, the list is displayed using the same format as the --generate-code value.
--display-error-number                          (-err-no)                       
        This option displays a diagnostic number for any message generated by the
        CUDA frontend compiler (note: not the host compiler).
--no-display-error-number                       (-no-err-no)                    
        This option disables the display of a diagnostic number for any message generated
        by the CUDA frontend compiler (note: not the host compiler).
--diag-error <error-number>,...                 (-diag-error)                   
        Emit error for specified diagnostic message(s) generated by the CUDA frontend
        compiler (note: does not affect diagnostics generated by the host compiler/preprocessor).
--diag-suppress <error-number>,...              (-diag-suppress)                
        Suppress specified diagnostic message(s) generated by the CUDA frontend compiler
        (note: does not affect diagnostics generated by the host compiler/preprocessor).
--diag-warn <error-number>,...                  (-diag-warn)                    
        Emit warning for specified diagnostic message(s) generated by the CUDA frontend
        compiler (note: does not affect diagnostics generated by the host compiler/preprocessor).
--host-linker-script {use-lcs|gen-lcs}          (-hls)                          
        Use the host linker script (GNU/Linux only) to enable support for certain
        CUDA specific requirements, while building executable files or shared libraries.
                
        use-lcs
                Prepares a host linker script to enable host linker support 
                for relocatable device object files that are larger in size,
                that would otherwise, in certain cases cause the host
                linker to fail with relocation truncation error.
        gen-lcs
                Generates a host linker script that can be passed to host 
                linker manually, in the case where host linker is invoked 
                separately outside of nvcc. This option can be combined 
                with -shared or -r option to generate linker scripts that 
                can be used while generating host shared libraries or host 
                relocatable links respectively.
                
                The file generated using this option must be provided as 
                the last input file to the host linker.
                
                Default Output Filename: The output is generated to stdout 
                by default. Use the option -o filename to specify the 
                output filename.
                
        A linker script may already be in use and passed 
        to the host linker using the host linker option --script 
        (or -T), then the generated host linker script must augment 
        the existing linker script. In such cases, the option -aug-hls 
        must be used to generate linker script that contains only the 
        augmentation parts. Otherwise, the host linker behaviour is 
        undefined.
                
        A host linker option, such as -z with a non-default argument, 
        that can modify the default linker script internally, is 
        incompatible with this option and the behavior of any such 
        usage is undefined.
                
        Allowed values for this option:  'gen-lcs','use-lcs'.
--augment-host-linker-script                    (-aug-hls)                      
        Enables generation of host linker script that augments an existing host linker
        script (GNU/Linux only). See option --host-linker-script for more details.
--host-relocatable-link                         (-r)                            
        When used in combination with -hls=gen-lcs, controls the behaviour of -hls=gen-lcs
        and sets it to generate host linker script that can be used in host relocatable
        link (ld -r linkage). See option -hls=gen-lcs for more information.
                
        This option currently is effective only when used with -hls=gen-lcs; in all
        other cases, this option is ignored currently.
--brief-diagnostics {true|false}                (-brief-diag)                   
        This option disables or enables showing preprocessed source line and column
        info in a diagnostic.
        The --brief-diagnostics=true will not show the source line and column info.
        Default value:  false.
--jump-table-density <number>                   (-jtd)                          
        This option sets the case-density threshold for jump table generation for
        switch statements. It ranges from 0 to 101 inclusively. When the case-density
        percentage reaches this threshold, switch statements will be converted to
        jump tables.
        Default value:  101.
--relocatable-ptx                               (-reloc-ptx)                    
        Insert PTX from relocatable fatbins within objects into the result fatbin.
--device-stack-protector {true|false}           (-device-stack-protector)       
        Enable (disable) the generation of stack canaries in device code.  
        Default value:  false.
--help                                          (-h)                            
        Print this help information on this tool.
--version                                       (-V)                            
        Print version information on this tool.
--options-file <file>,...                       (-optf)                         
        Include command line options from specified file.
Executing: /usr/local/cuda/bin/nvcc --help | head -n 500
Executing: /usr/local/cuda/bin/nvcc --help | head -n 20
stdout:
Usage  : nvcc [options] <inputfile>
Options for specifying the compilation phase
============================================
More exactly, this option specifies up to which stage the input files must be compiled,
according to the following compilation trajectories for different input file types:
        .c/.cc/.cpp/.cxx : preprocess, compile, link
        .o               : link
        .i/.ii           : compile, link
        .cu              : preprocess, cuda frontend, PTX assemble,
                           merge with host C code, compile, link
        .gpu             : cicc compile into cubin
        .ptx             : PTX assemble into cubin.
--cuda                                          (-cuda)                         
        Compile all .cu input files to .cu.cpp.ii output.
--cubin                                         (-cubin)                        
        Compile all .cu/.gpu/.ptx input files to device-only .cubin files.  This
Executing: /usr/local/cuda/bin/nvcc --version
stdout:
nvcc: NVIDIA (R) Cuda compiler driver
Copyright (c) 2005-2024 NVIDIA Corporation
Built on Tue_Oct_29_23:50:19_PDT_2024
Cuda compilation tools, release 12.6, V12.6.85
Build cuda_12.6.r12.6/compiler.35059454_0
Detected NVCC compiler
Executing: /usr/local/cuda/bin/nvcc --help | head -n 20 
stdout:
Usage  : nvcc [options] <inputfile>
Options for specifying the compilation phase
============================================
More exactly, this option specifies up to which stage the input files must be compiled,
according to the following compilation trajectories for different input file types:
        .c/.cc/.cpp/.cxx : preprocess, compile, link
        .o               : link
        .i/.ii           : compile, link
        .cu              : preprocess, cuda frontend, PTX assemble,
                           merge with host C code, compile, link
        .gpu             : cicc compile into cubin
        .ptx             : PTX assemble into cubin.
--cuda                                          (-cuda)                         
        Compile all .cu input files to .cu.cpp.ii output.
--cubin                                         (-cubin)                        
        Compile all .cu/.gpu/.ptx input files to device-only .cubin files.  This
Executing: /usr/local/cuda/bin/nvcc --help
stdout:
Usage  : nvcc [options] <inputfile>
Options for specifying the compilation phase
============================================
More exactly, this option specifies up to which stage the input files must be compiled,
according to the following compilation trajectories for different input file types:
        .c/.cc/.cpp/.cxx : preprocess, compile, link
        .o               : link
        .i/.ii           : compile, link
        .cu              : preprocess, cuda frontend, PTX assemble,
                           merge with host C code, compile, link
        .gpu             : cicc compile into cubin
        .ptx             : PTX assemble into cubin.
--cuda                                          (-cuda)                         
        Compile all .cu input files to .cu.cpp.ii output.
--cubin                                         (-cubin)                        
        Compile all .cu/.gpu/.ptx input files to device-only .cubin files.  This
        step discards the host code for each .cu input file.
--fatbin                                        (-fatbin)                       
        Compile all .cu/.gpu/.ptx/.cubin input files to device-only .fatbin files.
        This step discards the host code for each .cu input file.
--ptx                                           (-ptx)                          
        Compile all .cu input files to device-only .ptx files.  This step discards
        the host code for each of these input file.
--optix-ir                                      (-optix-ir)                     
        Compile CUDA source to OptiX IR (.optixir) output. The OptiX IR is only intended
        for consumption by OptiX through appropriate APIs. This feature is not supported
        with link-time-optimization (-dlto), the lto_NN -arch target, or with -gencode.
--preprocess                                    (-E)                            
        Preprocess all .c/.cc/.cpp/.cxx/.cu input files.
--generate-dependencies                         (-M)                            
        Generate a dependency file that can be included in a make file for the .c/.cc/.cpp/.cxx/.cu
        input file. If -MF is specified, multiple source files are not supported,
        and the output is written to the specified file, otherwise it is written
        to stdout.
--generate-nonsystem-dependencies               (-MM)                           
        Same as --generate-dependencies but skip header files found in system directories
        (Linux only).
--generate-dependencies-with-compile            (-MD)                           
        Generate a dependency file and compile the input file. The dependency file
        can be included in a make file for the .c/.cc/.cpp/.cxx/.cu input file. 
        This option cannot be specified together with -E. 
        The dependency file name is computed as follows:
        - If -MF is specified, then the specified file is used as the dependency
        file name 
        - If -o is specified, the dependency file name is computed from the specified
        file name by replacing the suffix with '.d'.
        - Otherwise, the dependency file name is computed by replacing the input
        file names's suffix with '.d'
        If the dependency file name is computed based on either -MF or -o, then multiple
        input files are not supported.
--generate-nonsystem-dependencies-with-compile  (-MMD)                          
        Same as --generate-dependencies-with-compile, but skip header files found
        in system directories (Linux only).
--dependency-output                             (-MF)                           
        Specify the output file for the dependency file generated with -M/-MM/-MD/-MMD.
        
--generate-dependency-targets                   (-MP)                           
        Add an empty target for each dependency.
--compile                                       (-c)                            
        Compile each .c/.cc/.cpp/.cxx/.cu input file into an object file.
--device-c                                      (-dc)                           
        Compile each .c/.cc/.cpp/.cxx/.cu input file into an object file that contains
        relocatable device code.  It is equivalent to '--relocatable-device-code=true
        --compile'.
--device-w                                      (-dw)                           
        Compile each .c/.cc/.cpp/.cxx/.cu input file into an object file that contains
        executable device code.  It is equivalent to '--relocatable-device-code=false
        --compile'.
--device-link                                   (-dlink)                        
        Link object files with relocatable device code and .ptx/.cubin/.fatbin files
        into an object file with executable device code, which can be passed to the
        host linker.
--link                                          (-link)                         
        This option specifies the default behavior: compile and link all inputs.
--lib                                           (-lib)                          
        Compile all inputs into object files (if necessary) and add the results to
        the specified output library file.
--run                                           (-run)                          
        This option compiles and links all inputs into an executable, and executes
        it.  Or, when the input is a single executable, it is executed without any
        compilation or linking. This step is intended for developers who do not want
        to be bothered with setting the necessary environment variables; these are
        set temporarily by nvcc).
File and path specifications.
=============================
--output-file <file>                            (-o)                            
        Specify name and location of the output file.  Only a single input file is
        allowed when this option is present in nvcc non-linking/archiving mode.
--pre-include <file>,...                        (-include)                      
        Specify header files that must be preincluded during preprocessing.
--objdir-as-tempdir                             (-objtemp)                      
        Create intermediate files in the same directory as the object file instead
        of in the temporary directory. This option will take effect only if -c, -dc
        or -dw is also used.
--library <library>,...                         (-l)                            
        Specify libraries to be used in the linking stage without the library file
        extension.  The libraries are searched for on the library search paths that
        have been specified using option '--library-path'.
--define-macro <def>,...                        (-D)                            
        Specify macro definitions to define for use during preprocessing or compilation.
--undefine-macro <def>,...                      (-U)                            
        Undefine macro definitions during preprocessing or compilation.
--include-path <path>,...                       (-I)                            
        Specify include search paths.
--system-include <path>,...                     (-isystem)                      
        Specify system include search paths.
--library-path <path>,...                       (-L)                            
        Specify library search paths.
--output-directory <directory>                  (-odir)                         
        Specify the directory of the output file.  This option is intended for letting
        the dependency generation step (see '--generate-dependencies') generate a
        rule that defines the target object file in the proper directory.
--compiler-bindir <path>                        (-ccbin)                        
        Specify the directory in which the host compiler executable resides.  The
        host compiler executable name can be also specified to ensure that the correct
        host compiler is selected.  In addition, driver prefix options ('--input-drive-prefix',
        '--dependency-drive-prefix', or '--drive-prefix') may need to be specified,
        if nvcc is executed in a Cygwin shell or a MinGW shell on Windows.
--allow-unsupported-compiler                    (-allow-unsupported-compiler)   
        Disable nvcc check for supported host compiler versions. Using an unsupported
        host compiler may cause compilation failure or incorrect run time execution.
        Use at your own risk. This option has no effect on MacOS.
--archiver-binary <path>                        (-arbin)                        
        Specify the path of the executable for the archiving tool used to createstatic
        libraries with '--lib'. If unspecified, a platform-specific defaultis used.
--cudart {none|shared|static}                   (-cudart)                       
        Specify the type of CUDA runtime library to be used: no CUDA runtime library,
        shared/dynamic CUDA runtime library, or static CUDA runtime library.
        Allowed values for this option:  'none','shared','static'.
        Default value:  'static'.
--cudadevrt {none|static}                       (-cudadevrt)                    
        Specify the type of CUDA device runtime library to be used: no CUDA device
        runtime library, or static CUDA device runtime library.
        Allowed values for this option:  'none','static'.
        Default value:  'static'.
--libdevice-directory <directory>               (-ldir)                         
        Specify the directory that contains the libdevice library files when option
        '--dont-use-profile' is used.  Libdevice library files are located in the
        'nvvm/libdevice' directory in the CUDA toolkit.
--target-directory <string>                     (-target-dir)                   
        Specify the subfolder name in the targets directory where the default include
        and library paths are located. 
--use-local-env                                 (-use-local-env)                
        By default nvcc assumes that the MSVC environment needs to be initialized.
        This is done by executing the appropriate command file available for the
        MSVC installation detected or specified. Initializing the environment for
        each nvcc invocation can add noticeable overheads. If the environment used
        to invoke nvcc has already been configured, this option can be used to skip
        this step.
Options for specifying behavior of compiler/linker.
===================================================
--profile                                       (-pg)                           
        Instrument generated code/executable for use by gprof (Linux only).
--debug                                         (-g)                            
        Generate debug information for host code.
--device-debug                                  (-G)                            
        Generate debug information for device code. If --dopt is not specified, then
        turns off all optimizations. Don't use for profiling; use -lineinfo instead.
--generate-line-info                            (-lineinfo)                     
        Generate line-number information for device code.
--optimization-info <kind>,...                  (-opt-info)                     
        Provide optimization reports for the specified kind of optimization. The
        following tags are supported:
                inline: Emit remarks related to function inlining. Inlining passmay
        be invoked multiple times by the compiler and a function notinlined in an
        earlier pass may be inlined in a subsequent pass.
        Allowed values for this option:  'inline'.
--optimize <level>                              (-O)                            
        Specify optimization level for host code.
--dopt <kind>                                   (-dopt)                         
        Enable device code optimization. When specified along with '-G', enables
        limited debug information generation for optimized device code (currently,
        only line number information). When '-G' is not specified, '-dopt=on' is
        implicit.
        Allowed values for this option:  'on'.
--dlink-time-opt                                (-dlto)                         
        Perform link-time optimization of device code. Link-time optimization must
        be specified at both compile and link time; at compile time it stores high-level
        intermediate code, then at link time it links together and optimizes the
        intermediate code.If that intermediate is not found at link time then nothing
        happens. Intermediate code is also stored at compile time with the --gpu-code='lto_NN'
        target. The options -dlto -arch=sm_NN will add a lto_NN target; if you want
        to only add a lto_NN target and not the compute_NN that -arch=sm_NN usually
        generates, use -arch=lto_NN. The options '-dlto -dlink -ptx -o <file.ptx>'
        will cause nvlink to generate <file.ptx>. If -o is not used, the file generated
        will be a_dlink.dlto.ptx.
--lto                                           (-lto)                          
        Alias for -dlto.
--gen-opt-lto                                   (-gen-opt-lto)                  
        Run the optimizer passes before generating the LTO IR.
--ftemplate-backtrace-limit <limit>             (-ftemplate-backtrace-limit)    
        Set the maximum number of template instantiation notes for a single warning
        or error to <limit>. A value of 0 is allowed, and indicates that no limit
        should be enforced. This value is also passed to the host compiler if it
        provides an equivalent flag.
--ftemplate-depth <limit>                       (-ftemplate-depth)              
        Set the maximum instantiation depth for template classes to <limit>. This
        value is also passed to the host compiler if it provides an equivalent flag.
--no-exceptions                                 (-noeh)                         
        Disable exception handling for host code.
--shared                                        (-shared)                       
        Generate a shared library during linking.  Use option '--linker-options'
        when other linker options are required for more control.
--x {c|c++|cu}                                  (-x)                            
        Explicitly specify the language for the input files, rather than letting
        the compiler choose a default based on the file name suffix.
        Allowed values for this option:  'c','c++','cu'.
--std {c++03|c++11|c++14|c++17|c++20}           (-std)                          
        Select a particular C++ dialect.  Note that this flag also turns on the corresponding
        dialect flag for the host compiler.
        Allowed values for this option:  'c++03','c++11','c++14','c++17','c++20'.
--no-host-device-initializer-list               (-nohdinitlist)                 
        Do not implicitly consider member functions of std::initializer_list as __host__
        __device__ functions.
--no-host-device-move-forward                   (-nohdmoveforward)              
        Do not implicitly consider std::move and std::forward as __host__ __device__
        function templates.
--expt-relaxed-constexpr                        (-expt-relaxed-constexpr)       
        Experimental flag: Allow host code to invoke __device__ constexpr functions,
        and device code to invoke __host__ constexpr functions.Note that the behavior
        of this flag may change in future compiler releases.
--extended-lambda                               (-extended-lambda)              
        Allow __host__, __device__ annotations in lambda declaration. 
--expt-extended-lambda                          (-expt-extended-lambda)         
        Alias for -extended-lambda.
--machine {64}                                  (-m)                            
        Specify 64 bit architecture.
        Allowed values for this option:  64.
        Default value:  64.
--m64                                           (-m64)                          
        Equivalent to --machine=64.
Options for passing specific phase options
==========================================
These allow for passing options directly to the intended compilation phase.  Using
these, users have the ability to pass options to the lower level compilation tools,
without the need for nvcc to know about each and every such option.
--compiler-options <options>,...                (-Xcompiler)                    
        Specify options directly to the compiler/preprocessor.
--linker-options <options>,...                  (-Xlinker)                      
        Specify options directly to the host linker.
--archive-options <options>,...                 (-Xarchive)                     
        Specify options directly to library manager.
--ptxas-options <options>,...                   (-Xptxas)                       
        Specify options directly to ptxas, the PTX optimizing assembler.
--nvlink-options <options>,...                  (-Xnvlink)                      
        Specify options directly to nvlink.
Miscellaneous options for guiding the compiler driver.
======================================================
--forward-unknown-to-host-compiler              (-forward-unknown-to-host-compiler)
        Forward unknown options to the host compiler. An 'unknown option' is a command
        line argument that starts with '-' followed by another character, and is
        not a recognized nvcc flag or an argument for a recognized nvcc flag.
        Note: If the unknown option is followed by a separate command line argument,
        the argument will not be forwarded, unless it begins with the '-' character.
        E.g.
        'nvcc -forward-unknown-to-host-compiler -foo=bar a.cu' will forward '-foo=bar'
        to host compiler.
        'nvcc -forward-unknown-to-host-compiler -foo bar a.cu' will report an error
        for 'bar' argument.
        'nvcc -forward-unknown-to-host-compiler -foo -bar a.cu' will forward '-foo'
        and '-bar' to host compiler.
        Note: On Windows, also see option '-forward-slash-prefix-opts' for forwarding
        options that begin with '/'.
--forward-unknown-to-host-linker                (-forward-unknown-to-host-linker)
        Forward unknown options to the host linker. An 'unknown option' is a command
        line argument that starts with '-' followed by another character, and is
        not a recognized nvcc flag or an argument for a recognized nvcc flag.
        Note: If the unknown option is followed by a separate command line argument,
        the argument will not be forwarded, unless it begins with the '-' character.
        E.g.
        'nvcc -forward-unknown-to-host-linker -foo=bar a.cu' will forward '-foo=bar'
        to host linker.
        'nvcc -forward-unknown-to-host-linker -foo bar a.cu' will report an error
        for 'bar' argument.
        'nvcc -forward-unknown-to-host-linker -foo -bar a.cu' will forward '-foo'
        and '-bar' to host linker.
        Note: On Windows, also see option '-forward-slash-prefix-opts' for forwarding
        options that begin with '/'.
--forward-unknown-opts                          (-forward-unknown-opts)         
        Implies the combination of options: -forward-unknown-to-host-linker
        and -forward-unknown-to-host-compiler.
        E.g.
        'nvcc -forward-unknown-opts -foo=bar a.cu' will forward '-foo=bar' to the
        host linker and compiler.
        'nvcc -forward-unknown-opts -foo bar a.cu' will report an error for 'bar'
        argument.
        'nvcc -forward-unknown-opts -foo -bar a.cu' will forward '-foo' and '-bar'
        to the host linker and compiler.
        Note: On Windows, also see option '-forward-slash-prefix-opts' for forwarding
        options that begin with '/'.
--dont-use-profile                              (-noprof)                       
        Nvcc uses the nvcc.profiles file for compilation.  When specifying this option,
        the profile file is not used.
--dryrun                                        (-dryrun)                       
        Do not execute the compilation commands generated by nvcc.  Instead, list
        them.
--verbose                                       (-v)                            
        List the compilation commands generated by this compiler driver, but do not
        suppress their execution.
--threads <number>                              (-t)                            
        Specify the maximum number of threads to be created in parallel when compiling
        for multiple architectures. If <number> is 1 or if compiling for one architecture,
        this option is ignored. If <number> is 0, the number of threads will be the
        number of CPUs on the machine.
--split-compile <number>                        (-split-compile)                
        Specify the maximum amount of concurrent threads to to be utilized when running
        compiler optimizations. If <number> is 1, this option is ignored. If <number>
        is 0, the number of threads will be the number of CPUs on the machine.
        This option will have minimal (if any) impact on performance of the compiled
        binary.
--split-compile-extended <number>               (-split-compile-extended)       
        Specify the maximum amount of concurrent threads to be utilized when running
        compiler optimizations in LTO mode. If <number> is 1, this option is ignored.
        If <number> is 0, the number of threads will be the number of CPUs on the
        machine.
        This option is a more aggressive form of split compilation, and can potentially
        impact performance of the compiled binary. It is available in LTO mode only.
--fdevice-syntax-only                           (-fdevice-syntax-only)          
        Ends device compilation after front-end syntax checking. This option does
        not generate valid device code.
--keep                                          (-keep)                         
        Keep all intermediate files that are generated during internal compilation
        steps.
--keep-dir <directory>                          (-keep-dir)                     
        Keep all intermediate files that are generated during internal compilation
        steps in this directory.
--save-temps                                    (-save-temps)                   
        This option is an alias of '--keep'.
--clean-targets                                 (-clean)                        
        This option reverses the behavior of nvcc.  When specified, none of the compilation
        phases will be executed.  Instead, all of the non-temporary files that nvcc
        would otherwise create will be deleted.
--time <file name>                              (-time)                         
        Generate a comma separated value table with the time taken by each compilation
        phase, and append it at the end of the file given as the option argument.
        If the file is empty, the column headings are generated in the first row
        of the table. If the file name is '-', the timing data is generated in stdout.
--run-args <arguments>,...                      (-run-args)                     
        Used in combination with option --run to specify command line arguments for
        the executable.
--input-drive-prefix <prefix>                   (-idp)                          
        On Windows, all command line arguments that refer to file names must be converted
        to the Windows native format before they are passed to pure Windows executables.
        This option specifies how the current development environment represents
        absolute paths.  Use '/cygwin/' as <prefix> for Cygwin build environments,
        and '/' as <prefix> for MinGW.
--dependency-drive-prefix <prefix>              (-ddp)                          
        On Windows, when generating dependency files (see --generate-dependencies),
        all file names must be converted appropriately for the instance of 'make'
        that is used.  Some instances of 'make' have trouble with the colon in absolute
        paths in the native Windows format, which depends on the environment in which
        the 'make' instance has been compiled.  Use '/cygwin/' as <prefix> for a
        Cygwin make, and '/' as <prefix> for MinGW.  Or leave these file names in
        the native Windows format by specifying nothing.
--drive-prefix <prefix>                         (-dp)                           
        Specifies <prefix> as both --input-drive-prefix and --dependency-drive-prefix.
--dependency-target-name <target>               (-MT)                           
        Specify the target name of the generated rule when generating a dependency
        file (see '--generate-dependencies').
--no-align-double                               --no-align-double               
        Specifies that '-malign-double' should not be passed as a compiler argument
        on 32-bit platforms.  WARNING: this makes the ABI incompatible with the cuda's
        kernel ABI for certain 64-bit types.
--no-device-link                                (-nodlink)                      
        Skip the device link step when linking object files.
Options for steering GPU code generation.
=========================================
--gpu-architecture <arch>                       (-arch)                         
        Specify the name of the class of NVIDIA 'virtual' GPU architecture for which
        the CUDA input files must be compiled.
        With the exception as described for the shorthand below, the architecture
        specified with this option must be a 'virtual' architecture (such as compute_50).
        Normally, this option alone does not trigger assembly of the generated PTX
        for a 'real' architecture (that is the role of nvcc option '--gpu-code',
        see below); rather, its purpose is to control preprocessing and compilation
        of the input to PTX.
        For convenience, in case of simple nvcc compilations, the following shorthand
        is supported.  If no value for option '--gpu-code' is specified, then the
        value of this option defaults to the value of '--gpu-architecture'.  In this
        situation, as only exception to the description above, the value specified
        for '--gpu-architecture' may be a 'real' architecture (such as a sm_50),
        in which case nvcc uses the specified 'real' architecture and its closest
        'virtual' architecture as effective architecture values.  For example, 'nvcc
        --gpu-architecture=sm_50' is equivalent to 'nvcc --gpu-architecture=compute_50
        --gpu-code=sm_50,compute_50'.
        -arch=all         build for all supported architectures (sm_*), and add PTX
        for the highest major architecture to the generated code.
        -arch=all-major   build for just supported major versions (sm_*0), plus the
        earliest supported, and add PTX for the highest major architecture to the
        generated code.
        -arch=native      build for all architectures (sm_*) on the current system
        Note: -arch=native, -arch=all, -arch=all-major cannot be used with the -code
        option, but can be used with -gencode options.
        Allowed values for this option:  'all','all-major','compute_50','compute_52',
        'compute_53','compute_60','compute_61','compute_62','compute_70','compute_72',
        'compute_75','compute_80','compute_86','compute_87','compute_89','compute_90',
        'compute_90a','lto_50','lto_52','lto_53','lto_60','lto_61','lto_62','lto_70',
        'lto_72','lto_75','lto_80','lto_86','lto_87','lto_89','lto_90','lto_90a',
        'native','sm_50','sm_52','sm_53','sm_60','sm_61','sm_62','sm_70','sm_72',
        'sm_75','sm_80','sm_86','sm_87','sm_89','sm_90','sm_90a'.
--gpu-code <code>,...                           (-code)                         
        Specify the name of the NVIDIA GPU to assemble and optimize PTX for.
        nvcc embeds a compiled code image in the resulting executable for each specified
        <code> architecture, which is a true binary load image for each 'real' architecture
        (such as sm_50), and PTX code for the 'virtual' architecture (such as compute_50).
        During runtime, such embedded PTX code is dynamically compiled by the CUDA
        runtime system if no binary load image is found for the 'current' GPU.
        Architectures specified for options '--gpu-architecture' and '--gpu-code'
        may be 'virtual' as well as 'real', but the <code> architectures must be
        compatible with the <arch> architecture.  When the '--gpu-code' option is
        used, the value for the '--gpu-architecture' option must be a 'virtual' PTX
        architecture.
        For instance, '--gpu-architecture=compute_60' is not compatible with '--gpu-code=sm_52',
        because the earlier compilation stages will assume the availability of 'compute_60'
        features that are not present on 'sm_52'.
        Allowed values for this option:  'compute_50','compute_52','compute_53',
        'compute_60','compute_61','compute_62','compute_70','compute_72','compute_75',
        'compute_80','compute_86','compute_87','compute_89','compute_90','compute_90a',
        'lto_50','lto_52','lto_53','lto_60','lto_61','lto_62','lto_70','lto_72',
        'lto_75','lto_80','lto_86','lto_87','lto_89','lto_90','lto_90a','sm_50',
        'sm_52','sm_53','sm_60','sm_61','sm_62','sm_70','sm_72','sm_75','sm_80',
        'sm_86','sm_87','sm_89','sm_90','sm_90a'.
--generate-code <specification>,...             (-gencode)                      
        This option provides a generalization of the '--gpu-architecture=<arch> --gpu-code=<code>,
        ...' option combination for specifying nvcc behavior with respect to code
        generation.  Where use of the previous options generates code for different
        'real' architectures with the PTX for the same 'virtual' architecture, option
        '--generate-code' allows multiple PTX generations for different 'virtual'
        architectures.  In fact, '--gpu-architecture=<arch> --gpu-code=<code>,
        ...' is equivalent to '--generate-code arch=<arch>,code=<code>,...'.
        '--generate-code' options may be repeated for different virtual architectures.
        Allowed keywords for this option:  'arch','code'.
--relocatable-device-code {true|false}          (-rdc)                          
        Enable (disable) the generation of relocatable device code.  If disabled,
        executable device code is generated.  Relocatable device code must be linked
        before it can be executed.
        Default value:  false.
--entries entry,...                             (-e)                            
        Specify the global entry functions for which code must be generated.  By
        default, code will be generated for all entry functions.
--maxrregcount <amount>                         (-maxrregcount)                 
        Specify the maximum amount of registers that GPU functions can use.
        Until a function-specific limit, a higher value will generally increase the
        performance of individual GPU threads that execute this function.  However,
        because thread registers are allocated from a global register pool on each
        GPU, a higher value of this option will also reduce the maximum thread block
        size, thereby reducing the amount of thread parallelism.  Hence, a good maxrregcount
        value is the result of a trade-off.
        If this option is not specified, then no maximum is assumed.
        Value less than the minimum registers required by ABI will be bumped up by
        the compiler to ABI minimum limit.
        User program may not be able to make use of all registers as some registers
        are reserved by compiler.
--use_fast_math                                 (-use_fast_math)                
        Make use of fast math library.  '--use_fast_math' implies '--ftz=true --prec-div=false
        --prec-sqrt=false --fmad=true'.
--ftz {true|false}                              (-ftz)                          
        This option controls single-precision denormals support. '--ftz=true' flushes
        denormal values to zero and '--ftz=false' preserves denormal values. '--use_fast_math'
        implies '--ftz=true'.
        Default value:  false.
--prec-div {true|false}                         (-prec-div)                     
        This option controls single-precision floating-point division and reciprocals.
        '--prec-div=true' enables the IEEE round-to-nearest mode and '--prec-div=false'
        enables the fast approximation mode.  '--use_fast_math' implies '--prec-div=false'.
        Default value:  true.
--prec-sqrt {true|false}                        (-prec-sqrt)                    
        This option controls single-precision floating-point squre root.  '--prec-sqrt=true'
        enables the IEEE round-to-nearest mode and '--prec-sqrt=false' enables the
        fast approximation mode.  '--use_fast_math' implies '--prec-sqrt=false'.
        Default value:  true.
--fmad {true|false}                             (-fmad)                         
        This option enables (disables) the contraction of floating-point multiplies
        and adds/subtracts into floating-point multiply-add operations (FMAD, FFMA,
        or DFMA).  '--use_fast_math' implies '--fmad=true'.
        Default value:  true.
--extra-device-vectorization                    (-extra-device-vectorization)   
        This option enables more aggressive device code vectorization.
Options for steering cuda compilation.
======================================
--default-stream {legacy|null|per-thread}       (-default-stream)               
        Specify the stream that CUDA commands from the compiled program will be sent
        to by default.
                
        legacy
                The CUDA legacy stream (per context, implicitly synchronizes with
                other streams).
                
        per-thread
                A normal CUDA stream (per thread, does not implicitly
                synchronize with other streams).
                
        'null' is a deprecated alias for 'legacy'.
                
        Allowed values for this option:  'legacy','null','per-thread'.
        Default value:  'legacy'.
Generic tool options.
=====================
--disable-warnings                              (-w)                            
        Inhibit all warning messages.
--keep-device-functions                         (-keep-device-functions)        
        In whole program compilation mode, preserve user defined external linkage
        __device__ function definitions up to PTX.
--source-in-ptx                                 (-src-in-ptx)                   
        Interleave source in PTX. May only be used in conjunction with --device-debug
        or --generate-line-info.
--restrict                                      (-restrict)                     
        Programmer assertion that all kernel pointer parameters are restrict pointers.
--Wreorder                                      (-Wreorder)                     
        Generate warnings when member initializers are reordered.
--Wdefault-stream-launch                        (-Wdefault-stream-launch)       
        Generate warning when an explicit stream argument is not provided in the
        <<<...>>> kernel launch syntax.
--Wmissing-launch-bounds                        (-Wmissing-launch-bounds)       
        Generate warning when a __global__ function does not have an explicit __launch_bounds__
        annotation.
--Wext-lambda-captures-this                     (-Wext-lambda-captures-this)    
        Generate warning when an extended lambda implicitly captures 'this'.
--Wno-deprecated-declarations                   (-Wno-deprecated-declarations)  
        Suppress warning on use of deprecated entity.
--Wno-deprecated-gpu-targets                    (-Wno-deprecated-gpu-targets)   
        Suppress warnings about deprecated GPU target architectures.
--Werror <kind>,...                             (-Werror)                       
        Make warnings of the specified kinds into errors.  The following is the list
        of warning kinds accepted by this option:
                
        cross-execution-space-call
                Be more strict about unsupported cross execution space calls.
                The compiler will generate an error instead of a warning for a
                call from a __host__ __device__ to a __host__ function.
        reorder
                Generate errors when member initializers are reordered.
        deprecated-declarations
                Generate error on use of a deprecated entity.
        default-stream-launch
                Generate error when an explicit stream argument is not provided in
        the <<<...>>> kernel launch syntax.
        missing-launch-bounds
                Generate error when a __global__ function does not have an explicit
        __launch_bounds__ annotation.
        ext-lambda-captures-this
                Generate error when an extended lambda implicitly captures 'this'
        Allowed values for this option:  'all-warnings','cross-execution-space-call',
        'default-stream-launch','deprecated-declarations','ext-lambda-captures-this',
        'missing-launch-bounds','reorder'.
--resource-usage                                (-res-usage)                    
        Show resource usage such as registers and memory of the GPU code.
        This option implies '--nvlink-options --verbose' when '--relocatable-device-code=true'
        is set.  Otherwise, it implies '--ptxas-options --verbose'.
--extensible-whole-program                      (-ewp)                          
        Do extensible whole program compilation of device code.
--no-compress                                   (-no-compress)                  
        Do not compress device code in fatbinary.
--qpp-config                                    (-qpp-config)                   
        Specify the configuration ([[compiler/]version,][target]) for the q++ host
        compiler. The argument will be forwarded to the q++ compiler with its -V
        flag.
--compile-as-tools-patch                        (-astoolspatch)                 
        Compile patch code for CUDA tools. Implies --keep-device-functions.
--list-gpu-code                                 (-code-ls)                      
        List the non-accelerated gpu architectures (sm_XX) supported by the compiler
        and exit. If both --list-gpu-code and --list-gpu-arch are set, the list is
        displayed using the same format as the --generate-code value.
--list-gpu-arch                                 (-arch-ls)                      
        List the non-accelerated virtual device architectures (compute_XX) supported
        by the compiler and exit. If both --list-gpu-code and --list-gpu-arch are
        set, the list is displayed using the same format as the --generate-code value.
--display-error-number                          (-err-no)                       
        This option displays a diagnostic number for any message generated by the
        CUDA frontend compiler (note: not the host compiler).
--no-display-error-number                       (-no-err-no)                    
        This option disables the display of a diagnostic number for any message generated
        by the CUDA frontend compiler (note: not the host compiler).
--diag-error <error-number>,...                 (-diag-error)                   
        Emit error for specified diagnostic message(s) generated by the CUDA frontend
        compiler (note: does not affect diagnostics generated by the host compiler/preprocessor).
--diag-suppress <error-number>,...              (-diag-suppress)                
        Suppress specified diagnostic message(s) generated by the CUDA frontend compiler
        (note: does not affect diagnostics generated by the host compiler/preprocessor).
--diag-warn <error-number>,...                  (-diag-warn)                    
        Emit warning for specified diagnostic message(s) generated by the CUDA frontend
        compiler (note: does not affect diagnostics generated by the host compiler/preprocessor).
--host-linker-script {use-lcs|gen-lcs}          (-hls)                          
        Use the host linker script (GNU/Linux only) to enable support for certain
        CUDA specific requirements, while building executable files or shared libraries.
                
        use-lcs
                Prepares a host linker script to enable host linker support 
                for relocatable device object files that are larger in size,
                that would otherwise, in certain cases cause the host
                linker to fail with relocation truncation error.
        gen-lcs
                Generates a host linker script that can be passed to host 
                linker manually, in the case where host linker is invoked 
                separately outside of nvcc. This option can be combined 
                with -shared or -r option to generate linker scripts that 
                can be used while generating host shared libraries or host 
                relocatable links respectively.
                
                The file generated using this option must be provided as 
                the last input file to the host linker.
                
                Default Output Filename: The output is generated to stdout 
                by default. Use the option -o filename to specify the 
                output filename.
                
        A linker script may already be in use and passed 
        to the host linker using the host linker option --script 
        (or -T), then the generated host linker script must augment 
        the existing linker script. In such cases, the option -aug-hls 
        must be used to generate linker script that contains only the 
        augmentation parts. Otherwise, the host linker behaviour is 
        undefined.
                
        A host linker option, such as -z with a non-default argument, 
        that can modify the default linker script internally, is 
        incompatible with this option and the behavior of any such 
        usage is undefined.
                
        Allowed values for this option:  'gen-lcs','use-lcs'.
--augment-host-linker-script                    (-aug-hls)                      
        Enables generation of host linker script that augments an existing host linker
        script (GNU/Linux only). See option --host-linker-script for more details.
--host-relocatable-link                         (-r)                            
        When used in combination with -hls=gen-lcs, controls the behaviour of -hls=gen-lcs
        and sets it to generate host linker script that can be used in host relocatable
        link (ld -r linkage). See option -hls=gen-lcs for more information.
                
        This option currently is effective only when used with -hls=gen-lcs; in all
        other cases, this option is ignored currently.
--brief-diagnostics {true|false}                (-brief-diag)                   
        This option disables or enables showing preprocessed source line and column
        info in a diagnostic.
        The --brief-diagnostics=true will not show the source line and column info.
        Default value:  false.
--jump-table-density <number>                   (-jtd)                          
        This option sets the case-density threshold for jump table generation for
        switch statements. It ranges from 0 to 101 inclusively. When the case-density
        percentage reaches this threshold, switch statements will be converted to
        jump tables.
        Default value:  101.
--relocatable-ptx                               (-reloc-ptx)                    
        Insert PTX from relocatable fatbins within objects into the result fatbin.
--device-stack-protector {true|false}           (-device-stack-protector)       
        Enable (disable) the generation of stack canaries in device code.  
        Default value:  false.
--help                                          (-h)                            
        Print this help information on this tool.
--version                                       (-V)                            
        Print version information on this tool.
--options-file <file>,...                       (-optf)                         
        Include command line options from specified file.
Executing: /usr/local/cuda/bin/nvcc --help | head -n 500
Executing: /usr/local/cuda/bin/nvcc --help | head -n 20
stdout:
Usage  : nvcc [options] <inputfile>
Options for specifying the compilation phase
============================================
More exactly, this option specifies up to which stage the input files must be compiled,
according to the following compilation trajectories for different input file types:
        .c/.cc/.cpp/.cxx : preprocess, compile, link
        .o               : link
        .i/.ii           : compile, link
        .cu              : preprocess, cuda frontend, PTX assemble,
                           merge with host C code, compile, link
        .gpu             : cicc compile into cubin
        .ptx             : PTX assemble into cubin.
--cuda                                          (-cuda)                         
        Compile all .cu input files to .cu.cpp.ii output.
--cubin                                         (-cubin)                        
        Compile all .cu/.gpu/.ptx input files to device-only .cubin files.  This
Executing: /usr/local/cuda/bin/nvcc --version
stdout:
nvcc: NVIDIA (R) Cuda compiler driver
Copyright (c) 2005-2024 NVIDIA Corporation
Built on Tue_Oct_29_23:50:19_PDT_2024
Cuda compilation tools, release 12.6, V12.6.85
Build cuda_12.6.r12.6/compiler.35059454_0
Detected NVCC compiler
=============================================================================================
                                     ***** WARNING *****
  Using default optimization CUDA flags "-O3". You might consider manually setting optimal
  optimization flags for your system with CUDAOPTFLAGS="optimization flags" see
  config/examples/arch-*-opt.py for examples
=============================================================================================
          Trying CUDA compiler flag -O3
Executing: /usr/local/cuda/bin/nvcc -c -o /tmp/petsc-oye27d1b/config.setCompilers/conftest.o -I/tmp/petsc-oye27d1b/config.setCompilers  -ccbin /usr/bin/mpicxx -std=c++20 -Xcompiler -fPIC -O3   /tmp/petsc-oye27d1b/config.setCompilers/conftest.cu 
Successful compile:
Source:
#include "confdefs.h"
#include "conffix.h"

int main() {
;
  return 0;
}

              Output from compiling with  -ccbin /usr/bin/mpicxx -std=c++20 -Xcompiler -fPIC -O3 


Added CUDA compiler flag -O3
=============================================================================================
TESTING: checkIntelHardwareSupport from config.compilerFlags(/home/lzy/projects/formal_3D_flow_solver/FEM_SimVascular/external/dependencies/sv1_1/petsc-3.19.6/config/BuildSystem/config/compilerFlags.py:168)
  Use Linux/MacOS commands to determine what operations the hardware supports
Executing: lscpu
stdout:
Architecture:                         x86_64
CPU op-mode(s):                       32-bit, 64-bit
Address sizes:                        39 bits physical, 48 bits virtual
Byte Order:                           Little Endian
CPU(s):                               24
On-line CPU(s) list:                  0-23
Vendor ID:                            GenuineIntel
Model name:                           13th Gen Intel(R) Core(TM) i7-13700HX
CPU family:                           6
Model:                                191
Thread(s) per core:                   2
Core(s) per socket:                   12
Socket(s):                            1
Stepping:                             2
BogoMIPS:                             4607.99
Flags:                                fpu vme de pse tsc msr pae mce cx8 apic sep mtrr pge mca cmov pat pse36 clflush mmx fxsr sse sse2 ss ht syscall nx pdpe1gb rdtscp lm constant_tsc rep_good nopl xtopology tsc_reliable nonstop_tsc cpuid tsc_known_freq pni pclmulqdq vmx ssse3 fma cx16 pcid sse4_1 sse4_2 x2apic movbe popcnt tsc_deadline_timer aes xsave avx f16c rdrand hypervisor lahf_lm abm 3dnowprefetch ssbd ibrs ibpb stibp ibrs_enhanced tpr_shadow ept vpid ept_ad fsgsbase tsc_adjust bmi1 avx2 smep bmi2 erms invpcid rdseed adx smap clflushopt clwb sha_ni xsaveopt xsavec xgetbv1 xsaves avx_vnni vnmi umip waitpkg gfni vaes vpclmulqdq rdpid movdiri movdir64b fsrm md_clear serialize flush_l1d arch_capabilities
Virtualization:                       VT-x
Hypervisor vendor:                    Microsoft
Virtualization type:                  full
L1d cache:                            576 KiB (12 instances)
L1i cache:                            384 KiB (12 instances)
L2 cache:                             15 MiB (12 instances)
L3 cache:                             30 MiB (1 instance)
NUMA node(s):                         1
NUMA node0 CPU(s):                    0-23
Vulnerability Gather data sampling:   Not affected
Vulnerability Itlb multihit:          Not affected
Vulnerability L1tf:                   Not affected
Vulnerability Mds:                    Not affected
Vulnerability Meltdown:               Not affected
Vulnerability Mmio stale data:        Not affected
Vulnerability Reg file data sampling: Mitigation; Clear Register File
Vulnerability Retbleed:               Mitigation; Enhanced IBRS
Vulnerability Spec rstack overflow:   Not affected
Vulnerability Spec store bypass:      Mitigation; Speculative Store Bypass disabled via prctl
Vulnerability Spectre v1:             Mitigation; usercopy/swapgs barriers and __user pointer sanitization
Vulnerability Spectre v2:             Mitigation; Enhanced / Automatic IBRS; IBPB conditional; RSB filling; PBRSB-eIBRS SW sequence; BHI BHI_DIS_S
Vulnerability Srbds:                  Not affected
Vulnerability Tsx async abort:        Not affected
=============================================================================================
TESTING: checkCompilerMacros from config.compilerFlags(/home/lzy/projects/formal_3D_flow_solver/FEM_SimVascular/external/dependencies/sv1_1/petsc-3.19.6/config/BuildSystem/config/compilerFlags.py:159)
  Save the list of CPP macros defined by the C and C++ compiler, does not work for all compilers
Executing: /usr/bin/mpicc -c -I/tmp/petsc-oye27d1b/config.libraries -I/tmp/petsc-oye27d1b/config.setCompilers -I/tmp/petsc-oye27d1b/config.compilerFlags  -fPIC -Wall -Wwrite-strings -Wno-unknown-pragmas -Wno-lto-type-mismatch -Wno-stringop-overflow -fstack-protector -fvisibility=hidden -g -O  /tmp/petsc-oye27d1b/config.compilerFlags/conftest.c  -E -dM 
stdout:
#define __DBL_MIN_EXP__ (-1021)
#define __UINT_LEAST16_MAX__ 0xffff
#define __FLT16_HAS_QUIET_NAN__ 1
#define __ATOMIC_ACQUIRE 2
#define __FLT128_MAX_10_EXP__ 4932
#define __FLT_MIN__ 1.17549435082228750796873653722224568e-38F
#define __GCC_IEC_559_COMPLEX 2
#define __UINT_LEAST8_TYPE__ unsigned char
#define __SIZEOF_FLOAT80__ 16
#define __BFLT16_DENORM_MIN__ 9.18354961579912115600575419704879436e-41BF16
#define __INTMAX_C(c) c ## L
#define __CHAR_BIT__ 8
#define __UINT8_MAX__ 0xff
#define __SCHAR_WIDTH__ 8
#define __WINT_MAX__ 0xffffffffU
#define __FLT32_MIN_EXP__ (-125)
#define __BFLT16_NORM_MAX__ 3.38953138925153547590470800371487867e+38BF16
#define __BFLT16_MIN_10_EXP__ (-37)
#define __ORDER_LITTLE_ENDIAN__ 1234
#define __WCHAR_MAX__ 0x7fffffff
#define __GCC_HAVE_SYNC_COMPARE_AND_SWAP_2 1
#define __GCC_HAVE_SYNC_COMPARE_AND_SWAP_4 1
#define __GCC_HAVE_SYNC_COMPARE_AND_SWAP_8 1
#define __GCC_ATOMIC_CHAR_LOCK_FREE 2
#define __GCC_IEC_559 2
#define __FLT32X_DECIMAL_DIG__ 17
#define __FLT_EVAL_METHOD__ 0
#define __FLT64_DECIMAL_DIG__ 17
#define __CET__ 3
#define __GCC_ATOMIC_CHAR32_T_LOCK_FREE 2
#define __UINT_FAST64_MAX__ 0xffffffffffffffffUL
#define __SIG_ATOMIC_TYPE__ int
#define __DBL_MIN_10_EXP__ (-307)
#define __FINITE_MATH_ONLY__ 0
#define __FLT32X_MAX_EXP__ 1024
#define __GCC_HAVE_SYNC_COMPARE_AND_SWAP_1 1
#define __FLT32_HAS_DENORM__ 1
#define __UINT_FAST8_MAX__ 0xff
#define __FLT32_MAX_10_EXP__ 38
#define __DEC64_MAX_EXP__ 385
#define __INT8_C(c) c
#define __INT_LEAST8_WIDTH__ 8
#define __UINT_LEAST64_MAX__ 0xffffffffffffffffUL
#define __SHRT_MAX__ 0x7fff
#define __LDBL_MAX__ 1.18973149535723176502126385303097021e+4932L
#define __FLT64X_MAX_10_EXP__ 4932
#define __BFLT16_MAX_10_EXP__ 38
#define __BFLT16_MAX_EXP__ 128
#define __LDBL_IS_IEC_60559__ 1
#define __FLT64X_HAS_QUIET_NAN__ 1
#define __UINT_LEAST8_MAX__ 0xff
#define __GCC_ATOMIC_BOOL_LOCK_FREE 2
#define __FLT128_DENORM_MIN__ 6.47517511943802511092443895822764655e-4966F128
#define __UINTMAX_TYPE__ long unsigned int
#define __BFLT16_DECIMAL_DIG__ 4
#define __linux 1
#define __DEC32_EPSILON__ 1E-6DF
#define __FLT_EVAL_METHOD_TS_18661_3__ 0
#define __OPTIMIZE__ 1
#define __UINT32_MAX__ 0xffffffffU
#define __DBL_DENORM_MIN__ ((double)4.94065645841246544176568792868221372e-324L)
#define __FLT128_MIN_EXP__ (-16381)
#define __WINT_MIN__ 0U
#define __FLT128_MIN_10_EXP__ (-4931)
#define __FLT32X_IS_IEC_60559__ 1
#define __INT_LEAST16_WIDTH__ 16
#define __SCHAR_MAX__ 0x7f
#define __FLT128_MANT_DIG__ 113
#define __WCHAR_MIN__ (-__WCHAR_MAX__ - 1)
#define __INT64_C(c) c ## L
#define __GCC_ATOMIC_POINTER_LOCK_FREE 2
#define __ATOMIC_SEQ_CST 5
#define _FORTIFY_SOURCE 3
#define __unix 1
#define __INT_LEAST64_MAX__ 0x7fffffffffffffffL
#define __FLT32X_MANT_DIG__ 53
#define __FLT64X_EPSILON__ 1.08420217248550443400745280086994171e-19F64x
#define __STDC_HOSTED__ 1
#define __DEC64_MIN_EXP__ (-382)
#define __DBL_DIG__ 15
#define __FLT_EPSILON__ 1.19209289550781250000000000000000000e-7F
#define __SHRT_WIDTH__ 16
#define __FLT32_IS_IEC_60559__ 1
#define __LDBL_MIN__ 3.36210314311209350626267781732175260e-4932L
#define __STDC_UTF_16__ 1
#define __DBL_IS_IEC_60559__ 1
#define __DEC32_MAX__ 9.999999E96DF
#define __FLT64X_DENORM_MIN__ 3.64519953188247460252840593361941982e-4951F64x
#define __FLT32X_HAS_INFINITY__ 1
#define __unix__ 1
#define __INT_WIDTH__ 32
#define __STDC_IEC_559__ 1
#define __STDC_ISO_10646__ 201706L
#define __DECIMAL_DIG__ 21
#define __STDC_IEC_559_COMPLEX__ 1
#define __FLT64_EPSILON__ 2.22044604925031308084726333618164062e-16F64
#define __gnu_linux__ 1
#define __FLT128_IS_IEC_60559__ 1
#define __FLT64X_MIN_10_EXP__ (-4931)
#define __LDBL_HAS_QUIET_NAN__ 1
#define __FLT16_MIN_EXP__ (-13)
#define __FLT64_MANT_DIG__ 53
#define __FLT64X_MANT_DIG__ 64
#define __BFLT16_DIG__ 2
#define __GNUC__ 13
#define __MMX__ 1
#define __FLT_HAS_DENORM__ 1
#define __SIZEOF_LONG_DOUBLE__ 16
#define __BIGGEST_ALIGNMENT__ 16
#define __FLT64_MAX_10_EXP__ 308
#define __BFLT16_IS_IEC_60559__ 0
#define __FLT16_MAX_10_EXP__ 4
#define __DBL_MAX__ ((double)1.79769313486231570814527423731704357e+308L)
#define __INT_FAST32_MAX__ 0x7fffffffffffffffL
#define __DBL_HAS_INFINITY__ 1
#define __INT64_MAX__ 0x7fffffffffffffffL
#define __SIZEOF_FLOAT__ 4
#define __HAVE_SPECULATION_SAFE_VALUE 1
#define __DEC32_MIN_EXP__ (-94)
#define __INTPTR_WIDTH__ 64
#define __UINT_LEAST32_MAX__ 0xffffffffU
#define __FLT32X_HAS_DENORM__ 1
#define __INT_FAST16_TYPE__ long int
#define __MMX_WITH_SSE__ 1
#define __LDBL_HAS_DENORM__ 1
#define __SEG_GS 1
#define __BFLT16_EPSILON__ 7.81250000000000000000000000000000000e-3BF16
#define __FLT128_HAS_INFINITY__ 1
#define __DEC32_MIN__ 1E-95DF
#define __DBL_MAX_EXP__ 1024
#define __WCHAR_WIDTH__ 32
#define __FLT32_MAX__ 3.40282346638528859811704183484516925e+38F32
#define __DEC128_EPSILON__ 1E-33DL
#define __FLT16_DECIMAL_DIG__ 5
#define __SSE2_MATH__ 1
#define __ATOMIC_HLE_RELEASE 131072
#define __PTRDIFF_MAX__ 0x7fffffffffffffffL
#define __amd64 1
#define __ATOMIC_HLE_ACQUIRE 65536
#define __LONG_LONG_MAX__ 0x7fffffffffffffffLL
#define __SIZEOF_SIZE_T__ 8
#define __BFLT16_HAS_INFINITY__ 1
#define __FLT64X_MIN_EXP__ (-16381)
#define __SIZEOF_WINT_T__ 4
#define __LONG_LONG_WIDTH__ 64
#define __FLT32_MAX_EXP__ 128
#define __GXX_ABI_VERSION 1018
#define __FLT_MIN_EXP__ (-125)
#define __GCC_HAVE_DWARF2_CFI_ASM 1
#define __INT16_MAX__ 0x7fff
#define __x86_64 1
#define __INT_FAST64_TYPE__ long int
#define __BFLT16_MAX__ 3.38953138925153547590470800371487867e+38BF16
#define __BFLT16_HAS_DENORM__ 1
#define __FLT64_DENORM_MIN__ 4.94065645841246544176568792868221372e-324F64
#define __FLT16_DENORM_MIN__ 5.96046447753906250000000000000000000e-8F16
#define __FLT128_EPSILON__ 1.92592994438723585305597794258492732e-34F128
#define __FLT64X_NORM_MAX__ 1.18973149535723176502126385303097021e+4932F64x
#define __SIZEOF_POINTER__ 8
#define __SIZE_TYPE__ long unsigned int
#define __LP64__ 1
#define __DBL_HAS_QUIET_NAN__ 1
#define __FLT32X_EPSILON__ 2.22044604925031308084726333618164062e-16F32x
#define __LDBL_MAX_EXP__ 16384
#define __DECIMAL_BID_FORMAT__ 1
#define __FLT64_MIN_EXP__ (-1021)
#define __FLT64_MIN_10_EXP__ (-307)
#define __FLT16_MIN_10_EXP__ (-4)
#define __FLT64X_DECIMAL_DIG__ 21
#define __DEC128_MIN__ 1E-6143DL
#define __REGISTER_PREFIX__ 
#define __UINT16_MAX__ 0xffff
#define __DBL_HAS_DENORM__ 1
#define __FLT32_MIN__ 1.17549435082228750796873653722224568e-38F32
#define __UINT8_TYPE__ unsigned char
#define __FLT_DIG__ 6
#define __DEC_EVAL_METHOD__ 2
#define __FLT_MANT_DIG__ 24
#define __LDBL_DECIMAL_DIG__ 21
#define __VERSION__ "13.3.0"
#define __UINT64_C(c) c ## UL
#define _STDC_PREDEF_H 1
#define __INT_LEAST32_MAX__ 0x7fffffff
#define __GCC_ATOMIC_INT_LOCK_FREE 2
#define __FLT128_MAX_EXP__ 16384
#define __FLT32_MANT_DIG__ 24
#define __FLOAT_WORD_ORDER__ __ORDER_LITTLE_ENDIAN__
#define __FLT32X_MIN_EXP__ (-1021)
#define __STDC_IEC_60559_COMPLEX__ 201404L
#define __BFLT16_MIN__ 1.17549435082228750796873653722224568e-38BF16
#define __FLT128_HAS_DENORM__ 1
#define __FLT32_DECIMAL_DIG__ 9
#define __FLT128_DIG__ 33
#define __INT32_C(c) c
#define __DEC64_EPSILON__ 1E-15DD
#define __ORDER_PDP_ENDIAN__ 3412
#define __DEC128_MIN_EXP__ (-6142)
#define __DEC128_MAX__ 9.999999999999999999999999999999999E6144DL
#define __INT_FAST32_TYPE__ long int
#define __UINT_LEAST16_TYPE__ short unsigned int
#define __DEC128_MAX_EXP__ 6145
#define unix 1
#define __UINT64_MAX__ 0xffffffffffffffffUL
#define __FLT_IS_IEC_60559__ 1
#define __GNUC_WIDE_EXECUTION_CHARSET_NAME "UTF-32LE"
#define __FLT64X_DIG__ 18
#define __INT8_TYPE__ signed char
#define __ELF__ 1
#define __GCC_ASM_FLAG_OUTPUTS__ 1
#define __UINT32_TYPE__ unsigned int
#define __BFLT16_HAS_QUIET_NAN__ 1
#define __FLT_RADIX__ 2
#define __INT_LEAST16_TYPE__ short int
#define __LDBL_EPSILON__ 1.08420217248550443400745280086994171e-19L
#define __UINTMAX_C(c) c ## UL
#define __FLT16_DIG__ 3
#define __SSE_MATH__ 1
#define __k8 1
#define __FLT32X_MIN__ 2.22507385850720138309023271733240406e-308F32x
#define __SIG_ATOMIC_MAX__ 0x7fffffff
#define __GCC_ATOMIC_WCHAR_T_LOCK_FREE 2
#define __USER_LABEL_PREFIX__ 
#define __STDC_IEC_60559_BFP__ 201404L
#define __SIZEOF_PTRDIFF_T__ 8
#define __FLT64X_HAS_INFINITY__ 1
#define __FLT32_HAS_INFINITY__ 1
#define __SIZEOF_LONG__ 8
#define __LDBL_DIG__ 18
#define __FLT64_IS_IEC_60559__ 1
#define __x86_64__ 1
#define __FLT16_IS_IEC_60559__ 1
#define __FLT16_MAX_EXP__ 16
#define __DEC32_SUBNORMAL_MIN__ 0.000001E-95DF
#define __INT_FAST16_MAX__ 0x7fffffffffffffffL
#define __GCC_CONSTRUCTIVE_SIZE 64
#define __FLT64_DIG__ 15
#define __UINT_FAST32_MAX__ 0xffffffffffffffffUL
#define __UINT_LEAST64_TYPE__ long unsigned int
#define __FLT16_EPSILON__ 9.76562500000000000000000000000000000e-4F16
#define __FLT_HAS_QUIET_NAN__ 1
#define __FLT_MAX_10_EXP__ 38
#define __LONG_MAX__ 0x7fffffffffffffffL
#define __FLT64X_HAS_DENORM__ 1
#define __DEC128_SUBNORMAL_MIN__ 0.000000000000000000000000000000001E-6143DL
#define __FLT_HAS_INFINITY__ 1
#define __GNUC_EXECUTION_CHARSET_NAME "UTF-8"
#define __UINT_FAST16_TYPE__ long unsigned int
#define __DEC64_MAX__ 9.999999999999999E384DD
#define __INT_FAST32_WIDTH__ 64
#define __CHAR16_TYPE__ short unsigned int
#define __PRAGMA_REDEFINE_EXTNAME 1
#define __SIZE_WIDTH__ 64
#define __SEG_FS 1
#define __INT_LEAST16_MAX__ 0x7fff
#define __FLT16_NORM_MAX__ 6.55040000000000000000000000000000000e+4F16
#define __DEC64_MANT_DIG__ 16
#define __FLT32_DENORM_MIN__ 1.40129846432481707092372958328991613e-45F32
#define __SIG_ATOMIC_WIDTH__ 32
#define __INT_LEAST64_TYPE__ long int
#define __INT16_TYPE__ short int
#define __INT_LEAST8_TYPE__ signed char
#define __FLT16_MAX__ 6.55040000000000000000000000000000000e+4F16
#define __FLT128_MIN__ 3.36210314311209350626267781732175260e-4932F128
#define __STDC_VERSION__ 201710L
#define __SIZEOF_INT__ 4
#define __DEC32_MAX_EXP__ 97
#define __INT_FAST8_MAX__ 0x7f
#define __FLT128_MAX__ 1.18973149535723176508575932662800702e+4932F128
#define __INTPTR_MAX__ 0x7fffffffffffffffL
#define linux 1
#define __FLT64_HAS_QUIET_NAN__ 1
#define __FLT32_MIN_10_EXP__ (-37)
#define __FLT32X_DIG__ 15
#define __UINT16_C(c) c
#define __PTRDIFF_WIDTH__ 64
#define __LDBL_MANT_DIG__ 64
#define __INT_FAST16_WIDTH__ 64
#define __FLT64_HAS_INFINITY__ 1
#define __FLT64X_MAX__ 1.18973149535723176502126385303097021e+4932F64x
#define __FLT16_HAS_INFINITY__ 1
#define __SIG_ATOMIC_MIN__ (-__SIG_ATOMIC_MAX__ - 1)
#define __code_model_small__ 1
#define __GCC_ATOMIC_LONG_LOCK_FREE 2
#define __DEC32_MANT_DIG__ 7
#define __FLT16_MANT_DIG__ 11
#define __k8__ 1
#define __INTPTR_TYPE__ long int
#define __UINT16_TYPE__ short unsigned int
#define __WCHAR_TYPE__ int
#define __pic__ 2
#define __UINTPTR_MAX__ 0xffffffffffffffffUL
#define __INT_FAST64_WIDTH__ 64
#define __LDBL_HAS_INFINITY__ 1
#define __INT_FAST64_MAX__ 0x7fffffffffffffffL
#define __GCC_ATOMIC_TEST_AND_SET_TRUEVAL 1
#define __FLT_NORM_MAX__ 3.40282346638528859811704183484516925e+38F
#define __FLT64X_MAX_EXP__ 16384
#define __UINT_FAST64_TYPE__ long unsigned int
#define __BFLT16_MIN_EXP__ (-125)
#define __INT_MAX__ 0x7fffffff
#define __linux__ 1
#define __INT64_TYPE__ long int
#define __FLT_MAX_EXP__ 128
#define __ORDER_BIG_ENDIAN__ 4321
#define __DBL_MANT_DIG__ 53
#define __SIZEOF_FLOAT128__ 16
#define __BFLT16_MANT_DIG__ 8
#define __GCC_ATOMIC_CHAR16_T_LOCK_FREE 2
#define __DEC64_MIN__ 1E-383DD
#define __WINT_TYPE__ unsigned int
#define __UINT_LEAST32_TYPE__ unsigned int
#define __SIZEOF_SHORT__ 2
#define __FLT32_NORM_MAX__ 3.40282346638528859811704183484516925e+38F32
#define __SSE__ 1
#define __LDBL_MIN_EXP__ (-16381)
#define __FLT64_MAX__ 1.79769313486231570814527423731704357e+308F64
#define __amd64__ 1
#define __WINT_WIDTH__ 32
#define __INT_LEAST8_MAX__ 0x7f
#define __INT_LEAST64_WIDTH__ 64
#define __FLT32X_MAX_10_EXP__ 308
#define __SSP__ 1
#define __SIZEOF_INT128__ 16
#define __FLT16_MIN__ 6.10351562500000000000000000000000000e-5F16
#define __FLT64X_IS_IEC_60559__ 1
#define __LDBL_MAX_10_EXP__ 4932
#define __ATOMIC_RELAXED 0
#define __DBL_EPSILON__ ((double)2.22044604925031308084726333618164062e-16L)
#define __INT_LEAST32_TYPE__ int
#define _LP64 1
#define __UINT8_C(c) c
#define __FLT64_MAX_EXP__ 1024
#define __SIZEOF_WCHAR_T__ 4
#define __UINT64_TYPE__ long unsigned int
#define __GNUC_PATCHLEVEL__ 0
#define __FLT128_NORM_MAX__ 1.18973149535723176508575932662800702e+4932F128
#define __FLT64_NORM_MAX__ 1.79769313486231570814527423731704357e+308F64
#define __FLT128_HAS_QUIET_NAN__ 1
#define __INTMAX_MAX__ 0x7fffffffffffffffL
#define __INT_FAST8_TYPE__ signed char
#define __FLT64X_MIN__ 3.36210314311209350626267781732175260e-4932F64x
#define __GNUC_STDC_INLINE__ 1
#define __FLT64_HAS_DENORM__ 1
#define __FLT32_EPSILON__ 1.19209289550781250000000000000000000e-7F32
#define __FLT16_HAS_DENORM__ 1
#define __DBL_DECIMAL_DIG__ 17
#define __STDC_UTF_32__ 1
#define __INT_FAST8_WIDTH__ 8
#define __FXSR__ 1
#define __FLT32X_MAX__ 1.79769313486231570814527423731704357e+308F32x
#define __DBL_NORM_MAX__ ((double)1.79769313486231570814527423731704357e+308L)
#define __BYTE_ORDER__ __ORDER_LITTLE_ENDIAN__
#define __GCC_DESTRUCTIVE_SIZE 64
#define __INTMAX_WIDTH__ 64
#define __FLT32_DIG__ 6
#define __UINT32_C(c) c ## U
#define __FLT_DENORM_MIN__ 1.40129846432481707092372958328991613e-45F
#define __INT8_MAX__ 0x7f
#define __LONG_WIDTH__ 64
#define __DBL_MIN__ ((double)2.22507385850720138309023271733240406e-308L)
#define __PIC__ 2
#define __INT32_MAX__ 0x7fffffff
#define __UINT_FAST32_TYPE__ long unsigned int
#define __FLT32X_NORM_MAX__ 1.79769313486231570814527423731704357e+308F32x
#define __CHAR32_TYPE__ unsigned int
#define __FLT_MAX__ 3.40282346638528859811704183484516925e+38F
#define __SSE2__ 1
#define __INT32_TYPE__ int
#define __SIZEOF_DOUBLE__ 8
#define __FLT_MIN_10_EXP__ (-37)
#define __FLT64_MIN__ 2.22507385850720138309023271733240406e-308F64
#define __INT_LEAST32_WIDTH__ 32
#define __INTMAX_TYPE__ long int
#define __FLT32X_HAS_QUIET_NAN__ 1
#define __ATOMIC_CONSUME 1
#define __GNUC_MINOR__ 3
#define __UINTMAX_MAX__ 0xffffffffffffffffUL
#define __FLT32X_DENORM_MIN__ 4.94065645841246544176568792868221372e-324F32x
#define __DBL_MAX_10_EXP__ 308
#define __LDBL_DENORM_MIN__ 3.64519953188247460252840593361941982e-4951L
#define __INT16_C(c) c
#define __STDC__ 1
#define __PTRDIFF_TYPE__ long int
#define __FLT32X_MIN_10_EXP__ (-307)
#define __UINTPTR_TYPE__ long unsigned int
#define __DEC64_SUBNORMAL_MIN__ 0.000000000000001E-383DD
#define __DEC128_MANT_DIG__ 34
#define __LDBL_MIN_10_EXP__ (-4931)
#define __SIZEOF_LONG_LONG__ 8
#define __FLT128_DECIMAL_DIG__ 36
#define __GCC_ATOMIC_LLONG_LOCK_FREE 2
#define __FLT32_HAS_QUIET_NAN__ 1
#define __FLT_DECIMAL_DIG__ 9
#define __UINT_FAST16_MAX__ 0xffffffffffffffffUL
#define __LDBL_NORM_MAX__ 1.18973149535723176502126385303097021e+4932L
#define __GCC_ATOMIC_SHORT_LOCK_FREE 2
#define __SIZE_MAX__ 0xffffffffffffffffUL
#define __UINT_FAST8_TYPE__ unsigned char
#define __ATOMIC_ACQ_REL 4
#define __ATOMIC_RELEASE 3
Executing: /usr/bin/mpicxx -c -I/tmp/petsc-oye27d1b/config.setCompilers -I/tmp/petsc-oye27d1b/config.compilerFlags  -Wall -Wwrite-strings -Wno-strict-aliasing -Wno-unknown-pragmas -Wno-lto-type-mismatch -Wno-psabi -fstack-protector -fvisibility=hidden -g -O  -std=gnu++20 -fPIC  /tmp/petsc-oye27d1b/config.compilerFlags/conftest.cc  -E -dM 
stdout:
#define __DBL_MIN_EXP__ (-1021)
#define __cpp_nontype_template_parameter_auto 201606L
#define __UINT_LEAST16_MAX__ 0xffff
#define __FLT16_HAS_QUIET_NAN__ 1
#define __ATOMIC_ACQUIRE 2
#define __FLT128_MAX_10_EXP__ 4932
#define __FLT_MIN__ 1.17549435082228750796873653722224568e-38F
#define __GCC_IEC_559_COMPLEX 2
#define __cpp_aggregate_nsdmi 201304L
#define __UINT_LEAST8_TYPE__ unsigned char
#define __SIZEOF_FLOAT80__ 16
#define __BFLT16_DENORM_MIN__ 9.18354961579912115600575419704879436e-41BF16
#define __cpp_impl_three_way_comparison 201907L
#define __INTMAX_C(c) c ## L
#define __CHAR_BIT__ 8
#define __cpp_designated_initializers 201707L
#define __UINT8_MAX__ 0xff
#define __SCHAR_WIDTH__ 8
#define __WINT_MAX__ 0xffffffffU
#define __FLT32_MIN_EXP__ (-125)
#define __cpp_static_assert 201411L
#define __BFLT16_MIN_10_EXP__ (-37)
#define __ORDER_LITTLE_ENDIAN__ 1234
#define __WCHAR_MAX__ 0x7fffffff
#define __GCC_HAVE_SYNC_COMPARE_AND_SWAP_2 1
#define __GCC_HAVE_SYNC_COMPARE_AND_SWAP_4 1
#define __GCC_HAVE_SYNC_COMPARE_AND_SWAP_8 1
#define __GCC_ATOMIC_CHAR_LOCK_FREE 2
#define __GCC_IEC_559 2
#define __FLT32X_DECIMAL_DIG__ 17
#define __FLT_EVAL_METHOD__ 0
#define __cpp_binary_literals 201304L
#define __FLT64_DECIMAL_DIG__ 17
#define __CET__ 3
#define __cpp_noexcept_function_type 201510L
#define __GCC_ATOMIC_CHAR32_T_LOCK_FREE 2
#define __cpp_variadic_templates 200704L
#define __UINT_FAST64_MAX__ 0xffffffffffffffffUL
#define __SIG_ATOMIC_TYPE__ int
#define __DBL_MIN_10_EXP__ (-307)
#define __FINITE_MATH_ONLY__ 0
#define __cpp_variable_templates 201304L
#define __FLT32X_MAX_EXP__ 1024
#define __GCC_HAVE_SYNC_COMPARE_AND_SWAP_1 1
#define __FLT32_HAS_DENORM__ 1
#define __UINT_FAST8_MAX__ 0xff
#define __cpp_rvalue_reference 200610L
#define __cpp_nested_namespace_definitions 201411L
#define __DEC64_MAX_EXP__ 385
#define __INT8_C(c) c
#define __LDBL_HAS_INFINITY__ 1
#define __INT_LEAST8_WIDTH__ 8
#define __cpp_variadic_using 201611L
#define __UINT_LEAST64_MAX__ 0xffffffffffffffffUL
#define __INT_LEAST8_MAX__ 0x7f
#define __cpp_attributes 200809L
#define __cpp_capture_star_this 201603L
#define __SHRT_MAX__ 0x7fff
#define __LDBL_MAX__ 1.18973149535723176502126385303097021e+4932L
#define __cpp_impl_coroutine 201902L
#define __FLT64X_MAX_10_EXP__ 4932
#define __cpp_if_constexpr 201606L
#define __BFLT16_MAX_10_EXP__ 38
#define __BFLT16_MAX_EXP__ 128
#define __LDBL_IS_IEC_60559__ 1
#define __FLT64X_HAS_QUIET_NAN__ 1
#define __UINT_LEAST8_MAX__ 0xff
#define __GCC_ATOMIC_BOOL_LOCK_FREE 2
#define __FLT128_DENORM_MIN__ 6.47517511943802511092443895822764655e-4966F128
#define __UINTMAX_TYPE__ long unsigned int
#define __cpp_nsdmi 200809L
#define __BFLT16_DECIMAL_DIG__ 4
#define __linux 1
#define __DEC32_EPSILON__ 1E-6DF
#define __FLT_EVAL_METHOD_TS_18661_3__ 0
#define __OPTIMIZE__ 1
#define __UINT32_MAX__ 0xffffffffU
#define __GXX_EXPERIMENTAL_CXX0X__ 1
#define __DBL_DENORM_MIN__ double(4.94065645841246544176568792868221372e-324L)
#define __FLT128_MIN_EXP__ (-16381)
#define __WINT_MIN__ 0U
#define __FLT128_MIN_10_EXP__ (-4931)
#define __FLT32X_IS_IEC_60559__ 1
#define __INT_LEAST16_WIDTH__ 16
#define __SCHAR_MAX__ 0x7f
#define __FLT128_MANT_DIG__ 113
#define __WCHAR_MIN__ (-__WCHAR_MAX__ - 1)
#define __INT64_C(c) c ## L
#define __cpp_impl_destroying_delete 201806L
#define __GCC_ATOMIC_POINTER_LOCK_FREE 2
#define __ATOMIC_SEQ_CST 5
#define _FORTIFY_SOURCE 3
#define __unix 1
#define __INT_LEAST64_MAX__ 0x7fffffffffffffffL
#define __FLT32X_MANT_DIG__ 53
#define __GCC_ATOMIC_CHAR16_T_LOCK_FREE 2
#define __cpp_aligned_new 201606L
#define __FLT32_MAX_10_EXP__ 38
#define __FLT64X_EPSILON__ 1.08420217248550443400745280086994171e-19F64x
#define __STDC_HOSTED__ 1
#define __DEC64_MIN_EXP__ (-382)
#define __cpp_decltype_auto 201304L
#define __DBL_DIG__ 15
#define __FLT_EPSILON__ 1.19209289550781250000000000000000000e-7F
#define __cpp_char8_t 202207L
#define __GXX_WEAK__ 1
#define __SHRT_WIDTH__ 16
#define __FLT32_IS_IEC_60559__ 1
#define __LDBL_MIN__ 3.36210314311209350626267781732175260e-4932L
#define __DBL_IS_IEC_60559__ 1
#define __DEC32_MAX__ 9.999999E96DF
#define __CHAR8_TYPE__ unsigned char
#define __cpp_threadsafe_static_init 200806L
#define __cpp_enumerator_attributes 201411L
#define __FLT64X_DENORM_MIN__ 3.64519953188247460252840593361941982e-4951F64x
#define __FLT32X_HAS_INFINITY__ 1
#define __unix__ 1
#define __INT_WIDTH__ 32
#define __STDC_IEC_559__ 1
#define __STDC_ISO_10646__ 201706L
#define __GCC_ATOMIC_CHAR8_T_LOCK_FREE 2
#define __DECIMAL_DIG__ 21
#define __STDC_IEC_559_COMPLEX__ 1
#define __FLT64_EPSILON__ 2.22044604925031308084726333618164062e-16F64
#define __gnu_linux__ 1
#define __INT16_MAX__ 0x7fff
#define __FLT64_MIN_EXP__ (-1021)
#define __cpp_using_enum 201907L
#define __FLT64X_MIN_10_EXP__ (-4931)
#define __LDBL_HAS_QUIET_NAN__ 1
#define __cpp_return_type_deduction 201304L
#define __FLT16_MIN_EXP__ (-13)
#define __FLT64_MANT_DIG__ 53
#define __cpp_consteval 201811L
#define __FLT64X_MANT_DIG__ 64
#define __BFLT16_DIG__ 2
#define __GNUC__ 13
#define __GXX_RTTI 1
#define __MMX__ 1
#define __FLT_HAS_DENORM__ 1
#define __SIZEOF_LONG_DOUBLE__ 16
#define __BIGGEST_ALIGNMENT__ 16
#define __STDC_UTF_16__ 1
#define __FLT64_MAX_10_EXP__ 308
#define __BFLT16_IS_IEC_60559__ 0
#define __FLT16_MAX_10_EXP__ 4
#define __cpp_delegating_constructors 200604L
#define __DBL_MAX__ double(1.79769313486231570814527423731704357e+308L)
#define __cpp_raw_strings 200710L
#define __INT_FAST32_MAX__ 0x7fffffffffffffffL
#define __DBL_HAS_INFINITY__ 1
#define __INT64_MAX__ 0x7fffffffffffffffL
#define __SIZEOF_FLOAT__ 4
#define __HAVE_SPECULATION_SAFE_VALUE 1
#define __cpp_fold_expressions 201603L
#define __DEC32_MIN_EXP__ (-94)
#define __INTPTR_WIDTH__ 64
#define __UINT_LEAST32_MAX__ 0xffffffffU
#define __FLT32X_HAS_DENORM__ 1
#define __INT_FAST16_TYPE__ long int
#define __MMX_WITH_SSE__ 1
#define __LDBL_HAS_DENORM__ 1
#define __SEG_GS 1
#define __BFLT16_EPSILON__ 7.81250000000000000000000000000000000e-3BF16
#define __cplusplus 202002L
#define __cpp_ref_qualifiers 200710L
#define __DEC32_MIN__ 1E-95DF
#define __DEPRECATED 1
#define __cpp_rvalue_references 200610L
#define __DBL_MAX_EXP__ 1024
#define __WCHAR_WIDTH__ 32
#define __FLT32_MAX__ 3.40282346638528859811704183484516925e+38F32
#define __DEC128_EPSILON__ 1E-33DL
#define __FLT16_DECIMAL_DIG__ 5
#define __SSE2_MATH__ 1
#define __ATOMIC_HLE_RELEASE 131072
#define __PTRDIFF_MAX__ 0x7fffffffffffffffL
#define __amd64 1
#define __ATOMIC_HLE_ACQUIRE 65536
#define __GNUG__ 13
#define __LONG_LONG_MAX__ 0x7fffffffffffffffLL
#define __SIZEOF_SIZE_T__ 8
#define __BFLT16_HAS_INFINITY__ 1
#define __FLT64X_MIN_EXP__ (-16381)
#define __SIZEOF_WINT_T__ 4
#define __FLT32X_DIG__ 15
#define __LONG_LONG_WIDTH__ 64
#define __cpp_initializer_lists 200806L
#define __FLT32_MAX_EXP__ 128
#define __cpp_hex_float 201603L
#define __GXX_ABI_VERSION 1018
#define __FLT_MIN_EXP__ (-125)
#define __GCC_HAVE_DWARF2_CFI_ASM 1
#define __x86_64 1
#define __cpp_lambdas 200907L
#define __INT_FAST64_TYPE__ long int
#define __BFLT16_MAX__ 3.38953138925153547590470800371487867e+38BF16
#define __FLT64_DENORM_MIN__ 4.94065645841246544176568792868221372e-324F64
#define __cpp_template_auto 201606L
#define __FLT16_DENORM_MIN__ 5.96046447753906250000000000000000000e-8F16
#define __FLT128_EPSILON__ 1.92592994438723585305597794258492732e-34F128
#define __FLT64X_NORM_MAX__ 1.18973149535723176502126385303097021e+4932F64x
#define __SIZEOF_POINTER__ 8
#define __SIZE_TYPE__ long unsigned int
#define __LP64__ 1
#define __DBL_HAS_QUIET_NAN__ 1
#define __FLT32X_EPSILON__ 2.22044604925031308084726333618164062e-16F32x
#define __LDBL_MAX_EXP__ 16384
#define __DECIMAL_BID_FORMAT__ 1
#define __FLT64_MIN_10_EXP__ (-307)
#define __FLT16_MIN_10_EXP__ (-4)
#define __FLT64X_DECIMAL_DIG__ 21
#define __DEC128_MIN__ 1E-6143DL
#define __REGISTER_PREFIX__ 
#define __UINT16_MAX__ 0xffff
#define __FLT128_HAS_INFINITY__ 1
#define __FLT32_MIN__ 1.17549435082228750796873653722224568e-38F32
#define __UINT8_TYPE__ unsigned char
#define __FLT_DIG__ 6
#define __DEC_EVAL_METHOD__ 2
#define __FLT_MANT_DIG__ 24
#define __LDBL_DECIMAL_DIG__ 21
#define __VERSION__ "13.3.0"
#define __UINT64_C(c) c ## UL
#define __cpp_unicode_characters 201411L
#define _STDC_PREDEF_H 1
#define __INT_LEAST32_MAX__ 0x7fffffff
#define __GCC_ATOMIC_INT_LOCK_FREE 2
#define __FLT128_MAX_EXP__ 16384
#define __cpp_conditional_explicit 201806L
#define __FLT32_MANT_DIG__ 24
#define __FLOAT_WORD_ORDER__ __ORDER_LITTLE_ENDIAN__
#define __FLT32X_MIN_EXP__ (-1021)
#define __cpp_aggregate_paren_init 201902L
#define __STDC_IEC_60559_COMPLEX__ 201404L
#define __cpp_aggregate_bases 201603L
#define __BFLT16_MIN__ 1.17549435082228750796873653722224568e-38BF16
#define __FLT128_HAS_DENORM__ 1
#define __FLT32_DECIMAL_DIG__ 9
#define __FLT128_DIG__ 33
#define __INT32_C(c) c
#define __DEC64_EPSILON__ 1E-15DD
#define __ORDER_PDP_ENDIAN__ 3412
#define __DEC128_MIN_EXP__ (-6142)
#define __DEC128_MAX__ 9.999999999999999999999999999999999E6144DL
#define __cpp_constinit 201907L
#define __INT_FAST32_TYPE__ long int
#define __UINT_LEAST16_TYPE__ short unsigned int
#define __DEC128_MAX_EXP__ 6145
#define unix 1
#define __DBL_HAS_DENORM__ 1
#define __cpp_rtti 199711L
#define __UINT64_MAX__ 0xffffffffffffffffUL
#define __FLT_IS_IEC_60559__ 1
#define __GNUC_WIDE_EXECUTION_CHARSET_NAME "UTF-32LE"
#define __FLT64X_DIG__ 18
#define __INT8_TYPE__ signed char
#define __cpp_digit_separators 201309L
#define __ELF__ 1
#define __GCC_ASM_FLAG_OUTPUTS__ 1
#define __UINT32_TYPE__ unsigned int
#define __BFLT16_HAS_QUIET_NAN__ 1
#define __FLT_RADIX__ 2
#define __INT_LEAST16_TYPE__ short int
#define __LDBL_EPSILON__ 1.08420217248550443400745280086994171e-19L
#define __UINTMAX_C(c) c ## UL
#define __FLT16_DIG__ 3
#define __k8 1
#define __FLT32X_MIN__ 2.22507385850720138309023271733240406e-308F32x
#define __SIG_ATOMIC_MAX__ 0x7fffffff
#define __cpp_constexpr 202002L
#define __GCC_ATOMIC_WCHAR_T_LOCK_FREE 2
#define __USER_LABEL_PREFIX__ 
#define __STDC_IEC_60559_BFP__ 201404L
#define __SIZEOF_PTRDIFF_T__ 8
#define __FLT64X_HAS_INFINITY__ 1
#define __SIZEOF_LONG__ 8
#define __LDBL_DIG__ 18
#define __FLT64_IS_IEC_60559__ 1
#define __x86_64__ 1
#define __FLT16_IS_IEC_60559__ 1
#define __FLT16_MAX_EXP__ 16
#define __DEC32_SUBNORMAL_MIN__ 0.000001E-95DF
#define __INT_FAST16_MAX__ 0x7fffffffffffffffL
#define __GCC_CONSTRUCTIVE_SIZE 64
#define __FLT64_DIG__ 15
#define __UINT_FAST32_MAX__ 0xffffffffffffffffUL
#define __UINT_LEAST64_TYPE__ long unsigned int
#define __FLT16_EPSILON__ 9.76562500000000000000000000000000000e-4F16
#define __FLT_HAS_QUIET_NAN__ 1
#define __FLT_MAX_10_EXP__ 38
#define __LONG_MAX__ 0x7fffffffffffffffL
#define __FLT64X_HAS_DENORM__ 1
#define __DEC128_SUBNORMAL_MIN__ 0.000000000000000000000000000000001E-6143DL
#define __FLT_HAS_INFINITY__ 1
#define __GNUC_EXECUTION_CHARSET_NAME "UTF-8"
#define __cpp_unicode_literals 200710L
#define __UINT_FAST16_TYPE__ long unsigned int
#define __DEC64_MAX__ 9.999999999999999E384DD
#define __INT_FAST32_WIDTH__ 64
#define __CHAR16_TYPE__ short unsigned int
#define __PRAGMA_REDEFINE_EXTNAME 1
#define __SIZE_WIDTH__ 64
#define __SEG_FS 1
#define __INT_LEAST16_MAX__ 0x7fff
#define __FLT16_NORM_MAX__ 6.55040000000000000000000000000000000e+4F16
#define __DEC64_MANT_DIG__ 16
#define __FLT32_DENORM_MIN__ 1.40129846432481707092372958328991613e-45F32
#define __SIG_ATOMIC_WIDTH__ 32
#define __INT_LEAST64_TYPE__ long int
#define __INT16_TYPE__ short int
#define __INT_LEAST8_TYPE__ signed char
#define __FLT16_MAX__ 6.55040000000000000000000000000000000e+4F16
#define __FLT128_MIN__ 3.36210314311209350626267781732175260e-4932F128
#define __cpp_structured_bindings 201606L
#define __SIZEOF_INT__ 4
#define __DEC32_MAX_EXP__ 97
#define __INT_FAST8_MAX__ 0x7f
#define __FLT128_MAX__ 1.18973149535723176508575932662800702e+4932F128
#define __INTPTR_MAX__ 0x7fffffffffffffffL
#define __cpp_sized_deallocation 201309L
#define __cpp_guaranteed_copy_elision 201606L
#define linux 1
#define __FLT64_HAS_QUIET_NAN__ 1
#define __FLT32_MIN_10_EXP__ (-37)
#define __EXCEPTIONS 1
#define __UINT16_C(c) c
#define __PTRDIFF_WIDTH__ 64
#define __LDBL_MANT_DIG__ 64
#define __cpp_range_based_for 201603L
#define __INT_FAST16_WIDTH__ 64
#define __FLT64_HAS_INFINITY__ 1
#define __FLT64X_MAX__ 1.18973149535723176502126385303097021e+4932F64x
#define __FLT16_HAS_INFINITY__ 1
#define __STDCPP_DEFAULT_NEW_ALIGNMENT__ 16
#define __SIG_ATOMIC_MIN__ (-__SIG_ATOMIC_MAX__ - 1)
#define __code_model_small__ 1
#define __GCC_ATOMIC_LONG_LOCK_FREE 2
#define __cpp_nontype_template_args 201911L
#define __DEC32_MANT_DIG__ 7
#define __k8__ 1
#define __INTPTR_TYPE__ long int
#define __UINT16_TYPE__ short unsigned int
#define __WCHAR_TYPE__ int
#define __pic__ 2
#define __UINTPTR_MAX__ 0xffffffffffffffffUL
#define __INT_FAST64_WIDTH__ 64
#define __cpp_nontype_template_parameter_class 201806L
#define __cpp_concepts 202002L
#define __cpp_decltype 200707L
#define __INT_FAST64_MAX__ 0x7fffffffffffffffL
#define __GCC_ATOMIC_TEST_AND_SET_TRUEVAL 1
#define __FLT_NORM_MAX__ 3.40282346638528859811704183484516925e+38F
#define __FLT32_HAS_INFINITY__ 1
#define __FLT64X_MAX_EXP__ 16384
#define __UINT_FAST64_TYPE__ long unsigned int
#define __cpp_constexpr_in_decltype 201711L
#define __cpp_inline_variables 201606L
#define __BFLT16_MIN_EXP__ (-125)
#define __INT_MAX__ 0x7fffffff
#define __linux__ 1
#define __INT64_TYPE__ long int
#define __FLT_MAX_EXP__ 128
#define __ORDER_BIG_ENDIAN__ 4321
#define __DBL_MANT_DIG__ 53
#define __cpp_inheriting_constructors 201511L
#define __SIZEOF_FLOAT128__ 16
#define __BFLT16_MANT_DIG__ 8
#define __DEC64_MIN__ 1E-383DD
#define __WINT_TYPE__ unsigned int
#define __UINT_LEAST32_TYPE__ unsigned int
#define __SIZEOF_SHORT__ 2
#define __FLT32_NORM_MAX__ 3.40282346638528859811704183484516925e+38F32
#define __SSE__ 1
#define __LDBL_MIN_EXP__ (-16381)
#define __FLT64_MAX__ 1.79769313486231570814527423731704357e+308F64
#define __amd64__ 1
#define __WINT_WIDTH__ 32
#define __INT_LEAST64_WIDTH__ 64
#define __FLT32X_MAX_10_EXP__ 308
#define __SSP__ 1
#define __cpp_namespace_attributes 201411L
#define __SIZEOF_INT128__ 16
#define __FLT16_MIN__ 6.10351562500000000000000000000000000e-5F16
#define __FLT64X_IS_IEC_60559__ 1
#define __LDBL_MAX_10_EXP__ 4932
#define __ATOMIC_RELAXED 0
#define __DBL_EPSILON__ double(2.22044604925031308084726333618164062e-16L)
#define __INT_LEAST32_TYPE__ int
#define _LP64 1
#define __UINT8_C(c) c
#define __FLT64_MAX_EXP__ 1024
#define __SIZEOF_WCHAR_T__ 4
#define __GNUC_PATCHLEVEL__ 0
#define __FLT128_NORM_MAX__ 1.18973149535723176508575932662800702e+4932F128
#define __FLT64_NORM_MAX__ 1.79769313486231570814527423731704357e+308F64
#define __FLT128_HAS_QUIET_NAN__ 1
#define __INTMAX_MAX__ 0x7fffffffffffffffL
#define __INT_FAST8_TYPE__ signed char
#define __FLT64X_MIN__ 3.36210314311209350626267781732175260e-4932F64x
#define __STDCPP_THREADS__ 1
#define __BFLT16_HAS_DENORM__ 1
#define __GNUC_STDC_INLINE__ 1
#define __FLT64_HAS_DENORM__ 1
#define __FLT32_EPSILON__ 1.19209289550781250000000000000000000e-7F32
#define __FLT16_HAS_DENORM__ 1
#define __DBL_DECIMAL_DIG__ 17
#define __STDC_UTF_32__ 1
#define __INT_FAST8_WIDTH__ 8
#define __FXSR__ 1
#define __FLT32X_MAX__ 1.79769313486231570814527423731704357e+308F32x
#define __DBL_NORM_MAX__ double(1.79769313486231570814527423731704357e+308L)
#define __BYTE_ORDER__ __ORDER_LITTLE_ENDIAN__
#define __GCC_DESTRUCTIVE_SIZE 64
#define __INTMAX_WIDTH__ 64
#define __cpp_runtime_arrays 198712L
#define __FLT32_DIG__ 6
#define __UINT64_TYPE__ long unsigned int
#define __UINT32_C(c) c ## U
#define __cpp_alias_templates 200704L
#define __cpp_constexpr_dynamic_alloc 201907L
#define __FLT_DENORM_MIN__ 1.40129846432481707092372958328991613e-45F
#define __FLT128_IS_IEC_60559__ 1
#define __INT8_MAX__ 0x7f
#define __LONG_WIDTH__ 64
#define __DBL_MIN__ double(2.22507385850720138309023271733240406e-308L)
#define __PIC__ 2
#define __INT32_MAX__ 0x7fffffff
#define __UINT_FAST32_TYPE__ long unsigned int
#define __FLT16_MANT_DIG__ 11
#define __FLT32X_NORM_MAX__ 1.79769313486231570814527423731704357e+308F32x
#define __CHAR32_TYPE__ unsigned int
#define __FLT_MAX__ 3.40282346638528859811704183484516925e+38F
#define __SSE2__ 1
#define __cpp_deduction_guides 201907L
#define __BFLT16_NORM_MAX__ 3.38953138925153547590470800371487867e+38BF16
#define __INT32_TYPE__ int
#define __SIZEOF_DOUBLE__ 8
#define __cpp_exceptions 199711L
#define __FLT_MIN_10_EXP__ (-37)
#define __FLT64_MIN__ 2.22507385850720138309023271733240406e-308F64
#define __INT_LEAST32_WIDTH__ 32
#define __INTMAX_TYPE__ long int
#define __GLIBCXX_BITSIZE_INT_N_0 128
#define __FLT32X_HAS_QUIET_NAN__ 1
#define __ATOMIC_CONSUME 1
#define __GNUC_MINOR__ 3
#define __GLIBCXX_TYPE_INT_N_0 __int128
#define __UINTMAX_MAX__ 0xffffffffffffffffUL
#define __FLT32X_DENORM_MIN__ 4.94065645841246544176568792868221372e-324F32x
#define __cpp_template_template_args 201611L
#define __DBL_MAX_10_EXP__ 308
#define __LDBL_DENORM_MIN__ 3.64519953188247460252840593361941982e-4951L
#define __INT16_C(c) c
#define __STDC__ 1
#define __PTRDIFF_TYPE__ long int
#define __FLT32X_MIN_10_EXP__ (-307)
#define __UINTPTR_TYPE__ long unsigned int
#define __DEC64_SUBNORMAL_MIN__ 0.000000000000001E-383DD
#define __DEC128_MANT_DIG__ 34
#define __LDBL_MIN_10_EXP__ (-4931)
#define __cpp_generic_lambdas 201707L
#define __SSE_MATH__ 1
#define __SIZEOF_LONG_LONG__ 8
#define __cpp_user_defined_literals 200809L
#define __FLT128_DECIMAL_DIG__ 36
#define __GCC_ATOMIC_LLONG_LOCK_FREE 2
#define __FLT32_HAS_QUIET_NAN__ 1
#define __FLT_DECIMAL_DIG__ 9
#define __UINT_FAST16_MAX__ 0xffffffffffffffffUL
#define __LDBL_NORM_MAX__ 1.18973149535723176502126385303097021e+4932L
#define __GCC_ATOMIC_SHORT_LOCK_FREE 2
#define __SIZE_MAX__ 0xffffffffffffffffUL
#define __UINT_FAST8_TYPE__ unsigned char
#define _GNU_SOURCE 1
#define __cpp_init_captures 201803L
#define __ATOMIC_ACQ_REL 4
#define __ATOMIC_RELEASE 3
    child config.compilerFlags took 0.932700 seconds
Executing: /usr/bin/mpicc --help | head -n 20 
stdout:
Usage: gcc [options] file...
Options:
  -pass-exit-codes         Exit with highest error code from a phase.
  --help                   Display this information.
  --target-help            Display target specific command line options (including assembler and linker options).
  --help={common|optimizers|params|target|warnings|[^]{joined|separate|undocumented}}[,...].
                           Display specific types of command line options.
  (Use '-v --help' to display command line options of sub-processes).
  --version                Display compiler version information.
  -dumpspecs               Display all of the built in spec strings.
  -dumpversion             Display the version of the compiler.
  -dumpmachine             Display the compiler's target processor.
  -foffload=<targets>      Specify offloading targets.
  -print-search-dirs       Display the directories in the compiler's search path.
  -print-libgcc-file-name  Display the name of the compiler's companion library.
  -print-file-name=<lib>   Display the full path to library <lib>.
  -print-prog-name=<prog>  Display the full path to compiler component <prog>.
  -print-multiarch         Display the target's normalized GNU triplet, used as
                           a component in the library path.
  -print-multi-directory   Display the root directory for versions of libgcc.
Detected GNU compiler
=============================================================================================
TESTING: checkC99Flag from config.compilers(/home/lzy/projects/formal_3D_flow_solver/FEM_SimVascular/external/dependencies/sv1_1/petsc-3.19.6/config/BuildSystem/config/compilers.py:1385)
  Check for -std=c99 or equivalent flag
Executing: /usr/bin/mpicc -c -o /tmp/petsc-oye27d1b/config.setCompilers/conftest.o -I/tmp/petsc-oye27d1b/config.libraries -I/tmp/petsc-oye27d1b/config.compilerFlags -I/tmp/petsc-oye27d1b/config.setCompilers  -fPIC -Wall -Wwrite-strings -Wno-unknown-pragmas -Wno-lto-type-mismatch -Wno-stringop-overflow -fstack-protector -fvisibility=hidden -g -O   /tmp/petsc-oye27d1b/config.setCompilers/conftest.c 
Successful compile:
Source:
#include "confdefs.h"
#include "conffix.h"
#include <float.h>

int main() {

    float x[2],y;
    float *restrict z = &y;
    y = FLT_ROUNDS;
    // c++ comment
    int j = 2;
    for (int i=0; i<2; i++){
      x[i] = i*j*(*z);
    }
    (void)x;
  return 0;
}

            Output from compiling with  -fPIC -Wall -Wwrite-strings -Wno-unknown-pragmas -Wno-lto-type-mismatch -Wno-stringop-overflow -fstack-protector -fvisibility=hidden -g -O 

          Accepted C99 compile flag: 
=============================================================================================
TESTING: checkCFormatting from config.compilers(/home/lzy/projects/formal_3D_flow_solver/FEM_SimVascular/external/dependencies/sv1_1/petsc-3.19.6/config/BuildSystem/config/compilers.py:364)
  Activate format string checking if using the GNU compilers
=============================================================================================
TESTING: checkDynamicLoadFlag from config.compilers(/home/lzy/projects/formal_3D_flow_solver/FEM_SimVascular/external/dependencies/sv1_1/petsc-3.19.6/config/BuildSystem/config/compilers.py:375)
  Checks that dlopen() takes RTLD_XXX, and defines PETSC_HAVE_RTLD_XXX if it does
Executing: /usr/bin/mpicc -c -o /tmp/petsc-oye27d1b/config.compilers/conftest.o -I/tmp/petsc-oye27d1b/config.libraries -I/tmp/petsc-oye27d1b/config.compilerFlags -I/tmp/petsc-oye27d1b/config.setCompilers -I/tmp/petsc-oye27d1b/config.compilers  -fPIC -Wall -Wwrite-strings -Wno-unknown-pragmas -Wno-lto-type-mismatch -Wno-stringop-overflow -fstack-protector -fvisibility=hidden -g -O  /tmp/petsc-oye27d1b/config.compilers/conftest.c 
Successful compile:
Source:
#include "confdefs.h"
#include "conffix.h"
#include <dlfcn.h>
char *libname;

int main() {
dlopen(libname, RTLD_LAZY);dlopen(libname, RTLD_NOW);dlopen(libname, RTLD_LOCAL);dlopen(libname, RTLD_GLOBAL);
  return 0;
}

Executing: /usr/bin/mpicc  -o /tmp/petsc-oye27d1b/config.compilers/conftest    -fPIC -Wall -Wwrite-strings -Wno-unknown-pragmas -Wno-lto-type-mismatch -Wno-stringop-overflow -fstack-protector -fvisibility=hidden -g -O /tmp/petsc-oye27d1b/config.compilers/conftest.o 
            Defined "HAVE_RTLD_LAZY" to "1"
            Defined "HAVE_RTLD_NOW" to "1"
            Defined "HAVE_RTLD_LOCAL" to "1"
            Defined "HAVE_RTLD_GLOBAL" to "1"
=============================================================================================
TESTING: checkStdAtomic from config.compilers(/home/lzy/projects/formal_3D_flow_solver/FEM_SimVascular/external/dependencies/sv1_1/petsc-3.19.6/config/BuildSystem/config/compilers.py:1418)
Executing: /usr/bin/mpicc -c -o /tmp/petsc-oye27d1b/config.compilers/conftest.o -I/tmp/petsc-oye27d1b/config.libraries -I/tmp/petsc-oye27d1b/config.compilerFlags -I/tmp/petsc-oye27d1b/config.setCompilers -I/tmp/petsc-oye27d1b/config.compilers  -fPIC -Wall -Wwrite-strings -Wno-unknown-pragmas -Wno-lto-type-mismatch -Wno-stringop-overflow -fstack-protector -fvisibility=hidden -g -O  /tmp/petsc-oye27d1b/config.compilers/conftest.c 
Successful compile:
Source:
#include "confdefs.h"
#include "conffix.h"

    #if defined(__cplusplus)
    #include <atomic>
    using namespace std;
    #else
    #include <stdatomic.h>
    #endif
    double dcount = 0;
    atomic_flag cat = ATOMIC_FLAG_INIT;
    

int main() {

    do {} while (atomic_flag_test_and_set(&cat));
    dcount++;
    atomic_flag_clear(&cat);
    ;
  return 0;
}

            Defined "HAVE_STDATOMIC_H" to "1"
=============================================================================================
TESTING: checkCLibraries from config.compilers(/home/lzy/projects/formal_3D_flow_solver/FEM_SimVascular/external/dependencies/sv1_1/petsc-3.19.6/config/BuildSystem/config/compilers.py:167)
  Determines the libraries needed to link using the C++ or Fortran compiler C source code compiled with C. Result is stored in clibs
Executing: /usr/bin/mpicc -c -o /tmp/petsc-oye27d1b/config.compilers/conftest.o -I/tmp/petsc-oye27d1b/config.libraries -I/tmp/petsc-oye27d1b/config.compilerFlags -I/tmp/petsc-oye27d1b/config.setCompilers -I/tmp/petsc-oye27d1b/config.compilers  -fPIC -Wall -Wwrite-strings -Wno-unknown-pragmas -Wno-lto-type-mismatch -Wno-stringop-overflow -fstack-protector -fvisibility=hidden -g -O  /tmp/petsc-oye27d1b/config.compilers/conftest.c 
Successful compile:
Source:
#include "confdefs.h"
#include "conffix.h"
#include <stdio.h>
void asub(void)
{char s[16];printf("testing %s",s);}

Executing: /usr/bin/mpicxx -c -o /tmp/petsc-oye27d1b/config.compilers/conftest.o -I/tmp/petsc-oye27d1b/config.setCompilers -I/tmp/petsc-oye27d1b/config.compilerFlags -I/tmp/petsc-oye27d1b/config.compilers  -Wall -Wwrite-strings -Wno-strict-aliasing -Wno-unknown-pragmas -Wno-lto-type-mismatch -Wno-psabi -fstack-protector -fvisibility=hidden -g -O  -std=gnu++20 -fPIC  /tmp/petsc-oye27d1b/config.compilers/conftest.cc 
Successful compile:
Source:
#include "confdefs.h"
#include "conffix.h"
 int main(int argc,char **args)
{return 0;}
 
Executing: /usr/bin/mpicxx  -o /tmp/petsc-oye27d1b/config.compilers/conftest    -Wall -Wwrite-strings -Wno-strict-aliasing -Wno-unknown-pragmas -Wno-lto-type-mismatch -Wno-psabi -fstack-protector -fvisibility=hidden -g -O /tmp/petsc-oye27d1b/config.compilers/conftest.o /tmp/petsc-oye27d1b/config.compilers/confc.o 
          C libraries are not needed when using C++ linker
=============================================================================================
TESTING: checkDependencyGenerationFlag from config.compilers(/home/lzy/projects/formal_3D_flow_solver/FEM_SimVascular/external/dependencies/sv1_1/petsc-3.19.6/config/BuildSystem/config/compilers.py:1336)
  Check if -MMD works for dependency generation, and add it if it does
          Trying C compiler flag -MMD -MP
Executing: /usr/bin/mpicc -c -o /tmp/petsc-oye27d1b/config.setCompilers/conftest.o -I/tmp/petsc-oye27d1b/config.libraries -I/tmp/petsc-oye27d1b/config.compilerFlags -I/tmp/petsc-oye27d1b/config.setCompilers -I/tmp/petsc-oye27d1b/config.compilers  -fPIC -Wall -Wwrite-strings -Wno-unknown-pragmas -Wno-lto-type-mismatch -Wno-stringop-overflow -fstack-protector -fvisibility=hidden -g -O -MMD -MP  /tmp/petsc-oye27d1b/config.setCompilers/conftest.c 
Successful compile:
Source:
#include "confdefs.h"
#include "conffix.h"

int main() {
;
  return 0;
}

            Output from compiling with  -fPIC -Wall -Wwrite-strings -Wno-unknown-pragmas -Wno-lto-type-mismatch -Wno-stringop-overflow -fstack-protector -fvisibility=hidden -g -O -MMD -MP


            Defined make macro "C_DEPFLAGS" to "-MMD -MP"
          Trying Cxx compiler flag -MMD -MP
Executing: /usr/bin/mpicxx -c -o /tmp/petsc-oye27d1b/config.setCompilers/conftest.o -I/tmp/petsc-oye27d1b/config.compilerFlags -I/tmp/petsc-oye27d1b/config.compilers -I/tmp/petsc-oye27d1b/config.setCompilers  -Wall -Wwrite-strings -Wno-strict-aliasing -Wno-unknown-pragmas -Wno-lto-type-mismatch -Wno-psabi -fstack-protector -fvisibility=hidden -g -O  -std=gnu++20 -fPIC -MMD -MP  /tmp/petsc-oye27d1b/config.setCompilers/conftest.cc 
Successful compile:
Source:
#include "confdefs.h"
#include "conffix.h"

int main() {
;
  return 0;
}

            Output from compiling with  -std=gnu++20 -fPIC -MMD -MP


            Defined make macro "CXX_DEPFLAGS" to "-MMD -MP"
          Trying CUDA compiler flag -MMD -MP
Executing: /usr/local/cuda/bin/nvcc -c -o /tmp/petsc-oye27d1b/config.setCompilers/conftest.o -I/tmp/petsc-oye27d1b/config.setCompilers  -ccbin /usr/bin/mpicxx -std=c++20 -Xcompiler -fPIC -O3 -MMD -MP  /tmp/petsc-oye27d1b/config.setCompilers/conftest.cu 
Successful compile:
Source:
#include "confdefs.h"
#include "conffix.h"

int main() {
;
  return 0;
}

            Output from compiling with  -ccbin /usr/bin/mpicxx -std=c++20 -Xcompiler -fPIC -O3 -MMD -MP


            Defined make macro "CUDA_DEPFLAGS" to "-MMD -MP"
Executing: /usr/bin/mpicxx --help | head -n 20 
stdout:
Usage: g++ [options] file...
Options:
  -pass-exit-codes         Exit with highest error code from a phase.
  --help                   Display this information.
  --target-help            Display target specific command line options (including assembler and linker options).
  --help={common|optimizers|params|target|warnings|[^]{joined|separate|undocumented}}[,...].
                           Display specific types of command line options.
  (Use '-v --help' to display command line options of sub-processes).
  --version                Display compiler version information.
  -dumpspecs               Display all of the built in spec strings.
  -dumpversion             Display the version of the compiler.
  -dumpmachine             Display the compiler's target processor.
  -foffload=<targets>      Specify offloading targets.
  -print-search-dirs       Display the directories in the compiler's search path.
  -print-libgcc-file-name  Display the name of the compiler's companion library.
  -print-file-name=<lib>   Display the full path to library <lib>.
  -print-prog-name=<prog>  Display the full path to compiler component <prog>.
  -print-multiarch         Display the target's normalized GNU triplet, used as
                           a component in the library path.
  -print-multi-directory   Display the root directory for versions of libgcc.
Detected GNU compiler
=============================================================================================
TESTING: checkCxxRestrict from config.compilers(/home/lzy/projects/formal_3D_flow_solver/FEM_SimVascular/external/dependencies/sv1_1/petsc-3.19.6/config/BuildSystem/config/compilers.py:122)
  Check for the CXX restrict keyword equivalent to C99 restrict
Executing: /usr/bin/mpicxx -c -o /tmp/petsc-oye27d1b/config.compilers/conftest.o -I/tmp/petsc-oye27d1b/config.compilerFlags -I/tmp/petsc-oye27d1b/config.setCompilers -I/tmp/petsc-oye27d1b/config.compilers  -Wall -Wwrite-strings -Wno-strict-aliasing -Wno-unknown-pragmas -Wno-lto-type-mismatch -Wno-psabi -fstack-protector -fvisibility=hidden -g -O  -std=gnu++20 -fPIC  /tmp/petsc-oye27d1b/config.compilers/conftest.cc 
Successful compile:
Source:
#include "confdefs.h"
#include "conffix.h"

int main() {
float * __restrict x;
(void)x;
  return 0;
}

          compilers: Set Cxx restrict keyword to : __restrict
            Defined "CXX_RESTRICT" to "__restrict"
Executing: /usr/bin/mpicxx --help | head -n 500
=============================================================================================
TESTING: checkCxxOptionalExtensions from config.compilers(/home/lzy/projects/formal_3D_flow_solver/FEM_SimVascular/external/dependencies/sv1_1/petsc-3.19.6/config/BuildSystem/config/compilers.py:394)
  Check whether the C++ compiler (IBM xlC, OSF5) need special flag for .c files which contain C++
Executing: /usr/bin/mpicxx -c -o /tmp/petsc-oye27d1b/config.setCompilers/conftest.o -I/tmp/petsc-oye27d1b/config.compilerFlags -I/tmp/petsc-oye27d1b/config.setCompilers -I/tmp/petsc-oye27d1b/config.compilers  -Wall -Wwrite-strings -Wno-strict-aliasing -Wno-unknown-pragmas -Wno-lto-type-mismatch -Wno-psabi -fstack-protector -fvisibility=hidden -g -O    -std=gnu++20 -fPIC  /tmp/petsc-oye27d1b/config.setCompilers/conftest.c 
Successful compile:
Source:
#include "confdefs.h"
#include "conffix.h"

int main() {
class somename { public: int i; };
somename b;
b.i = 0;
(void)b.i;
  return 0;
}

              Output from compiling with  -Wall -Wwrite-strings -Wno-strict-aliasing -Wno-unknown-pragmas -Wno-lto-type-mismatch -Wno-psabi -fstack-protector -fvisibility=hidden -g -O  


=============================================================================================
TESTING: checkCxxComplexFix from config.compilers(/home/lzy/projects/formal_3D_flow_solver/FEM_SimVascular/external/dependencies/sv1_1/petsc-3.19.6/config/BuildSystem/config/compilers.py:421)
  Determine if the CXX compiler supports utilities provided by petsccxxcomplexfix.h
Executing: /usr/bin/mpicxx -c -o /tmp/petsc-oye27d1b/config.compilers/conftest.o -I/tmp/petsc-oye27d1b/config.compilerFlags -I/tmp/petsc-oye27d1b/config.setCompilers -I/tmp/petsc-oye27d1b/config.compilers  -Wall -Wwrite-strings -Wno-strict-aliasing -Wno-unknown-pragmas -Wno-lto-type-mismatch -Wno-psabi -fstack-protector -fvisibility=hidden -g -O  -std=gnu++20 -fPIC  /tmp/petsc-oye27d1b/config.compilers/conftest.cc 
Successful compile:
Source:
#include "confdefs.h"
#include "conffix.h"

      #include <iostream>
      #include <complex>
      #define Type         int
      #define PetscReal    double
      #define PetscComplex std::complex<double>
      /* The two lines, from petsccxxcomplexfix.h, can cause the combination "C++14 + GCC-4.x libstdc++ library" to fail, complaining imag()
         is not marked const. If the compiler can compile these two lines, it should be able to compile other lines.
      */
      static inline PetscComplex operator-(const Type& lhs, const PetscComplex& rhs) { return PetscReal(lhs) - const_cast<PetscComplex&>(rhs); }
      static inline PetscComplex operator/(const Type& lhs, const PetscComplex& rhs) { return PetscReal(lhs) / const_cast<PetscComplex&>(rhs); }
      

int main() {

      Type x = 2;
      PetscComplex y(1.0,1.0),z,w;
      z = x - y;
      w = x / y;
      std::cout << z << w;
      ;
  return 0;
}

          the CXX compiler supports petsccxxcomplexfix.h
            Defined "HAVE_CXX_COMPLEX_FIX" to "1"
=============================================================================================
TESTING: checkStdAtomic from config.compilers(/home/lzy/projects/formal_3D_flow_solver/FEM_SimVascular/external/dependencies/sv1_1/petsc-3.19.6/config/BuildSystem/config/compilers.py:1418)
Executing: /usr/bin/mpicc -c -o /tmp/petsc-oye27d1b/config.compilers/conftest.o -I/tmp/petsc-oye27d1b/config.libraries -I/tmp/petsc-oye27d1b/config.compilerFlags -I/tmp/petsc-oye27d1b/config.setCompilers -I/tmp/petsc-oye27d1b/config.compilers  -fPIC -Wall -Wwrite-strings -Wno-unknown-pragmas -Wno-lto-type-mismatch -Wno-stringop-overflow -fstack-protector -fvisibility=hidden -g -O  /tmp/petsc-oye27d1b/config.compilers/conftest.c 
Successful compile:
Source:
#include "confdefs.h"
#include "conffix.h"

    #if defined(__cplusplus)
    #include <atomic>
    using namespace std;
    #else
    #include <stdatomic.h>
    #endif
    double dcount = 0;
    atomic_flag cat = ATOMIC_FLAG_INIT;
    

int main() {

    do {} while (atomic_flag_test_and_set(&cat));
    dcount++;
    atomic_flag_clear(&cat);
    ;
  return 0;
}

            Defined "HAVE_CXX_ATOMIC" to "1"
=============================================================================================
TESTING: checkCxxLibraries from config.compilers(/home/lzy/projects/formal_3D_flow_solver/FEM_SimVascular/external/dependencies/sv1_1/petsc-3.19.6/config/BuildSystem/config/compilers.py:450)
  Determines the libraries needed to link using the C or Fortran compiler C++ source code compiled with C++. Result is stored in cxxlibs
Executing: /usr/bin/mpicxx -c -o /tmp/petsc-oye27d1b/config.compilers/conftest.o -I/tmp/petsc-oye27d1b/config.compilerFlags -I/tmp/petsc-oye27d1b/config.setCompilers -I/tmp/petsc-oye27d1b/config.compilers  -Wall -Wwrite-strings -Wno-strict-aliasing -Wno-unknown-pragmas -Wno-lto-type-mismatch -Wno-psabi -fstack-protector -fvisibility=hidden -g -O  -std=gnu++20 -fPIC  /tmp/petsc-oye27d1b/config.compilers/conftest.cc 
Successful compile:
Source:
#include "confdefs.h"
#include "conffix.h"
#include <iostream>
#include <vector>
void asub(void)
{std::vector<int> v;
try  { throw 20;  }  catch (int e)  { std::cout << "An exception occurred";  }}

Executing: /usr/bin/mpicc -c -o /tmp/petsc-oye27d1b/config.compilers/conftest.o -I/tmp/petsc-oye27d1b/config.libraries -I/tmp/petsc-oye27d1b/config.compilerFlags -I/tmp/petsc-oye27d1b/config.setCompilers -I/tmp/petsc-oye27d1b/config.compilers  -fPIC -Wall -Wwrite-strings -Wno-unknown-pragmas -Wno-lto-type-mismatch -Wno-stringop-overflow -fstack-protector -fvisibility=hidden -g -O  /tmp/petsc-oye27d1b/config.compilers/conftest.c 
Successful compile:
Source:
#include "confdefs.h"
#include "conffix.h"
 int main(int argc,char **args)
{return 0;}
 
Executing: /usr/bin/mpicc  -o /tmp/petsc-oye27d1b/config.compilers/conftest    -fPIC -Wall -Wwrite-strings -Wno-unknown-pragmas -Wno-lto-type-mismatch -Wno-stringop-overflow -fstack-protector -fvisibility=hidden -g -O /tmp/petsc-oye27d1b/config.compilers/conftest.o /tmp/petsc-oye27d1b/config.compilers/confc.o 
Possible ERROR while running linker: exit code 1
stderr:
/usr/bin/ld: /tmp/petsc-oye27d1b/config.compilers/confc.o: in function `asub()':
/tmp/petsc-oye27d1b/config.compilers/conftest.cc:7:(.text+0x20): undefined reference to `__cxa_allocate_exception'
/usr/bin/ld: /tmp/petsc-oye27d1b/config.compilers/conftest.cc:7:(.text+0x35): undefined reference to `typeinfo for int'
/usr/bin/ld: /tmp/petsc-oye27d1b/config.compilers/conftest.cc:7:(.text+0x3a): undefined reference to `__cxa_throw'
/usr/bin/ld: /tmp/petsc-oye27d1b/config.compilers/conftest.cc:7:(.text+0x4f): undefined reference to `__cxa_begin_catch'
/usr/bin/ld: /tmp/petsc-oye27d1b/config.compilers/conftest.cc:7:(.text+0x5d): undefined reference to `std::cout'
/usr/bin/ld: /tmp/petsc-oye27d1b/config.compilers/conftest.cc:7:(.text+0x62): undefined reference to `std::basic_ostream<char, std::char_traits<char> >& std::operator<< <std::char_traits<char> >(std::basic_ostream<char, std::char_traits<char> >&, char const*)'
/usr/bin/ld: /tmp/petsc-oye27d1b/config.compilers/conftest.cc:7:(.text+0x67): undefined reference to `__cxa_end_catch'
/usr/bin/ld: /tmp/petsc-oye27d1b/config.compilers/conftest.cc:7:(.text+0x83): undefined reference to `__cxa_end_catch'
/usr/bin/ld: /tmp/petsc-oye27d1b/config.compilers/confc.o: in function `std::__new_allocator<int>::deallocate(int*, unsigned long)':
/usr/include/c++/13/bits/new_allocator.h:172:(.text._ZNSt6vectorIiSaIiEED2Ev[_ZNSt6vectorIiSaIiEED5Ev]+0x1b): undefined reference to `operator delete(void*, unsigned long)'
/usr/bin/ld: /tmp/petsc-oye27d1b/config.compilers/confc.o:(.data.rel.local.DW.ref._ZTIi[DW.ref._ZTIi]+0x0): undefined reference to `typeinfo for int'
/usr/bin/ld: /tmp/petsc-oye27d1b/config.compilers/confc.o:(.data.rel.local.DW.ref.__gxx_personality_v0[DW.ref.__gxx_personality_v0]+0x0): undefined reference to `__gxx_personality_v0'
collect2: error: ld returned 1 exit status
Linker output before filtering:

/usr/bin/ld: /tmp/petsc-oye27d1b/config.compilers/confc.o: in function `asub()':
/tmp/petsc-oye27d1b/config.compilers/conftest.cc:7:(.text+0x20): undefined reference to `__cxa_allocate_exception'
/usr/bin/ld: /tmp/petsc-oye27d1b/config.compilers/conftest.cc:7:(.text+0x35): undefined reference to `typeinfo for int'
/usr/bin/ld: /tmp/petsc-oye27d1b/config.compilers/conftest.cc:7:(.text+0x3a): undefined reference to `__cxa_throw'
/usr/bin/ld: /tmp/petsc-oye27d1b/config.compilers/conftest.cc:7:(.text+0x4f): undefined reference to `__cxa_begin_catch'
/usr/bin/ld: /tmp/petsc-oye27d1b/config.compilers/conftest.cc:7:(.text+0x5d): undefined reference to `std::cout'
/usr/bin/ld: /tmp/petsc-oye27d1b/config.compilers/conftest.cc:7:(.text+0x62): undefined reference to `std::basic_ostream<char, std::char_traits<char> >& std::operator<< <std::char_traits<char> >(std::basic_ostream<char, std::char_traits<char> >&, char const*)'
/usr/bin/ld: /tmp/petsc-oye27d1b/config.compilers/conftest.cc:7:(.text+0x67): undefined reference to `__cxa_end_catch'
/usr/bin/ld: /tmp/petsc-oye27d1b/config.compilers/conftest.cc:7:(.text+0x83): undefined reference to `__cxa_end_catch'
/usr/bin/ld: /tmp/petsc-oye27d1b/config.compilers/confc.o: in function `std::__new_allocator<int>::deallocate(int*, unsigned long)':
/usr/include/c++/13/bits/new_allocator.h:172:(.text._ZNSt6vectorIiSaIiEED2Ev[_ZNSt6vectorIiSaIiEED5Ev]+0x1b): undefined reference to `operator delete(void*, unsigned long)'
/usr/bin/ld: /tmp/petsc-oye27d1b/config.compilers/confc.o:(.data.rel.local.DW.ref._ZTIi[DW.ref._ZTIi]+0x0): undefined reference to `typeinfo for int'
/usr/bin/ld: /tmp/petsc-oye27d1b/config.compilers/confc.o:(.data.rel.local.DW.ref.__gxx_personality_v0[DW.ref.__gxx_personality_v0]+0x0): undefined reference to `__gxx_personality_v0'
collect2: error: ld returned 1 exit status
Linker output after filtering:
/usr/bin/ld: /tmp/petsc-oye27d1b/config.compilers/confc.o: in function `asub()':
/tmp/petsc-oye27d1b/config.compilers/conftest.cc:7:(.text+0x20): undefined reference to `__cxa_allocate_exception'
/usr/bin/ld: /tmp/petsc-oye27d1b/config.compilers/conftest.cc:7:(.text+0x35): undefined reference to `typeinfo for int'
/usr/bin/ld: /tmp/petsc-oye27d1b/config.compilers/conftest.cc:7:(.text+0x3a): undefined reference to `__cxa_throw'
/usr/bin/ld: /tmp/petsc-oye27d1b/config.compilers/conftest.cc:7:(.text+0x4f): undefined reference to `__cxa_begin_catch'
/usr/bin/ld: /tmp/petsc-oye27d1b/config.compilers/conftest.cc:7:(.text+0x5d): undefined reference to `std::cout'
/usr/bin/ld: /tmp/petsc-oye27d1b/config.compilers/conftest.cc:7:(.text+0x62): undefined reference to `std::basic_ostream<char, std::char_traits<char> >& std::operator<< <std::char_traits<char> >(std::basic_ostream<char, std::char_traits<char> >&, char const*)'
/usr/bin/ld: /tmp/petsc-oye27d1b/config.compilers/conftest.cc:7:(.text+0x67): undefined reference to `__cxa_end_catch'
/usr/bin/ld: /tmp/petsc-oye27d1b/config.compilers/conftest.cc:7:(.text+0x83): undefined reference to `__cxa_end_catch'
/usr/bin/ld: /tmp/petsc-oye27d1b/config.compilers/confc.o: in function `std::__new_allocator<int>::deallocate(int*, unsigned long)':
/usr/include/c++/13/bits/new_allocator.h:172:(.text._ZNSt6vectorIiSaIiEED2Ev[_ZNSt6vectorIiSaIiEED5Ev]+0x1b): undefined reference to `operator delete(void*, unsigned long)'
/usr/bin/ld: /tmp/petsc-oye27d1b/config.compilers/confc.o:(.data.rel.local.DW.ref._ZTIi[DW.ref._ZTIi]+0x0): undefined reference to `typeinfo for int'
/usr/bin/ld: /tmp/petsc-oye27d1b/config.compilers/confc.o:(.data.rel.local.DW.ref.__gxx_personality_v0[DW.ref.__gxx_personality_v0]+0x0): undefined reference to `__gxx_personality_v0'
collect2: error: ld returned 1 exit status
Executing: /usr/bin/mpicc --version
stdout:
gcc (Ubuntu 13.3.0-6ubuntu2~24.04.1) 13.3.0
Copyright (C) 2023 Free Software Foundation, Inc.
This is free software; see the source for copying conditions.  There is NO
warranty; not even for MERCHANTABILITY or FITNESS FOR A PARTICULAR PURPOSE.
Executing: /usr/bin/mpicxx -c -o /tmp/petsc-oye27d1b/config.compilers/conftest.o -I/tmp/petsc-oye27d1b/config.compilerFlags -I/tmp/petsc-oye27d1b/config.setCompilers -I/tmp/petsc-oye27d1b/config.compilers  -Wall -Wwrite-strings -Wno-strict-aliasing -Wno-unknown-pragmas -Wno-lto-type-mismatch -Wno-psabi -fstack-protector -fvisibility=hidden -g -O  -std=gnu++20 -fPIC  /tmp/petsc-oye27d1b/config.compilers/conftest.cc 
Successful compile:
Source:
#include "confdefs.h"
#include "conffix.h"
#include <iostream>
#include <vector>
void asub(void)
{std::vector<int> v;
try  { throw 20;  }  catch (int e)  { std::cout << "An exception occurred";  }}

Executing: /usr/bin/mpicc -c -o /tmp/petsc-oye27d1b/config.compilers/conftest.o -I/tmp/petsc-oye27d1b/config.libraries -I/tmp/petsc-oye27d1b/config.compilerFlags -I/tmp/petsc-oye27d1b/config.setCompilers -I/tmp/petsc-oye27d1b/config.compilers  -fPIC -Wall -Wwrite-strings -Wno-unknown-pragmas -Wno-lto-type-mismatch -Wno-stringop-overflow -fstack-protector -fvisibility=hidden -g -O  /tmp/petsc-oye27d1b/config.compilers/conftest.c 
Successful compile:
Source:
#include "confdefs.h"
#include "conffix.h"
 int main(int argc,char **args)
{return 0;}
 
Executing: /usr/bin/mpicc  -o /tmp/petsc-oye27d1b/config.compilers/conftest    -fPIC -Wall -Wwrite-strings -Wno-unknown-pragmas -Wno-lto-type-mismatch -Wno-stringop-overflow -fstack-protector -fvisibility=hidden -g -O /tmp/petsc-oye27d1b/config.compilers/conftest.o /tmp/petsc-oye27d1b/config.compilers/confc.o -lstdc++ 
          compilers: C++ requires -lstdc++ to link with C compiler
Executing: /usr/bin/mpicxx -V
=============================================================================================
TESTING: setupFrameworkCompilers from config.compilers(/home/lzy/projects/formal_3D_flow_solver/FEM_SimVascular/external/dependencies/sv1_1/petsc-3.19.6/config/BuildSystem/config/compilers.py:1480)
  Sets the selected compilers into the framework
    child config.compilers took 1.735215 seconds
    child config.compilersFortran took 0.000010 seconds
=============================================================================================
TESTING: checkStdC from config.headers(/home/lzy/projects/formal_3D_flow_solver/FEM_SimVascular/external/dependencies/sv1_1/petsc-3.19.6/config/BuildSystem/config/headers.py:107)
  Determine if C standard headers support everything PETSc needs
Executing: /usr/bin/mpicc -c -o /tmp/petsc-oye27d1b/config.headers/conftest.o -I/tmp/petsc-oye27d1b/config.libraries -I/tmp/petsc-oye27d1b/config.compilerFlags -I/tmp/petsc-oye27d1b/config.setCompilers -I/tmp/petsc-oye27d1b/config.compilers -I/tmp/petsc-oye27d1b/config.headers  -fPIC -Wall -Wwrite-strings -Wno-unknown-pragmas -Wno-lto-type-mismatch -Wno-stringop-overflow -fstack-protector -fvisibility=hidden -g -O  /tmp/petsc-oye27d1b/config.headers/conftest.c 
Successful compile:
Source:
#include "confdefs.h"
#include "conffix.h"

#include <stdlib.h>
#include <stdarg.h>
#include <string.h>
#include <float.h>

int main() {
;
  return 0;
}

Preprocessing source:
#include "confdefs.h"
#include "conffix.h"
#include <string.h>

Executing: /usr/bin/mpicc -E  -I/tmp/petsc-oye27d1b/config.setCompilers -I/tmp/petsc-oye27d1b/config.headers  /tmp/petsc-oye27d1b/config.headers/conftest.c 
Preprocessing source:
#include "confdefs.h"
#include "conffix.h"
#include <stdlib.h>

Executing: /usr/bin/mpicc -E  -I/tmp/petsc-oye27d1b/config.setCompilers -I/tmp/petsc-oye27d1b/config.headers  /tmp/petsc-oye27d1b/config.headers/conftest.c 
======== Checking running linked program
Executing: /usr/bin/mpicc -c -o /tmp/petsc-oye27d1b/config.headers/conftest.o -I/tmp/petsc-oye27d1b/config.libraries -I/tmp/petsc-oye27d1b/config.compilerFlags -I/tmp/petsc-oye27d1b/config.setCompilers -I/tmp/petsc-oye27d1b/config.compilers -I/tmp/petsc-oye27d1b/config.headers  -fPIC -Wall -Wwrite-strings -Wno-unknown-pragmas -Wno-lto-type-mismatch -Wno-stringop-overflow -fstack-protector -fvisibility=hidden -g -O  /tmp/petsc-oye27d1b/config.headers/conftest.c 
Successful compile:
Source:
#include "confdefs.h"
#include "conffix.h"

#include <stdlib.h>
#include <ctype.h>
#define ISLOWER(c) ('a' <= (c) && (c) <= 'z')
#define TOUPPER(c) (ISLOWER(c) ? 'A' + ((c) - 'a') : (c))
#define XOR(e, f) (((e) && !(f)) || (!(e) && (f)))

int main() {

        int i;

        for(i = 0; i < 256; i++) if (XOR(islower(i), ISLOWER(i)) || toupper(i) != TOUPPER(i)) exit(2);
        exit(0);
      ;
  return 0;
}

Executing: /usr/bin/mpicc  -o /tmp/petsc-oye27d1b/config.headers/conftest    -fPIC -Wall -Wwrite-strings -Wno-unknown-pragmas -Wno-lto-type-mismatch -Wno-stringop-overflow -fstack-protector -fvisibility=hidden -g -O /tmp/petsc-oye27d1b/config.headers/conftest.o 
Testing executable /tmp/petsc-oye27d1b/config.headers/conftest to see if it can be run
Executing: /tmp/petsc-oye27d1b/config.headers/conftest
Running Executable with threads to time it out at 60
Executing: /tmp/petsc-oye27d1b/config.headers/conftest
=============================================================================================
TESTING: checkSysWait from config.headers(/home/lzy/projects/formal_3D_flow_solver/FEM_SimVascular/external/dependencies/sv1_1/petsc-3.19.6/config/BuildSystem/config/headers.py:141)
  Check for POSIX.1 compatible sys/wait.h, and defines HAVE_SYS_WAIT_H if found
Executing: /usr/bin/mpicc -c -o /tmp/petsc-oye27d1b/config.headers/conftest.o -I/tmp/petsc-oye27d1b/config.libraries -I/tmp/petsc-oye27d1b/config.compilerFlags -I/tmp/petsc-oye27d1b/config.setCompilers -I/tmp/petsc-oye27d1b/config.compilers -I/tmp/petsc-oye27d1b/config.headers  -fPIC -Wall -Wwrite-strings -Wno-unknown-pragmas -Wno-lto-type-mismatch -Wno-stringop-overflow -fstack-protector -fvisibility=hidden -g -O  /tmp/petsc-oye27d1b/config.headers/conftest.c 
Successful compile:
Source:
#include "confdefs.h"
#include "conffix.h"

#include <sys/types.h>
#include <sys/wait.h>
#ifndef WEXITSTATUS
#define WEXITSTATUS(stat_val) ((unsigned)(stat_val) >> 8)
#endif
#ifndef WIFEXITED
#define WIFEXITED(stat_val) (((stat_val) & 255) == 0)
#endif

int main() {

    int s;
    wait (&s);
    s = WIFEXITED (s) ? WEXITSTATUS (s) : 1;
    ;
  return 0;
}

            Defined "HAVE_SYS_WAIT_H" to "1"
=============================================================================================
TESTING: checkTime from config.headers(/home/lzy/projects/formal_3D_flow_solver/FEM_SimVascular/external/dependencies/sv1_1/petsc-3.19.6/config/BuildSystem/config/headers.py:163)
  Checks if you can safely include both <sys/time.h> and <time.h>, and if so defines TIME_WITH_SYS_TIME
Checking for header: time.h
Preprocessing source:
#include "confdefs.h"
#include "conffix.h"
#include <time.h>

Executing: /usr/bin/mpicc -E  -I/tmp/petsc-oye27d1b/config.setCompilers -I/tmp/petsc-oye27d1b/config.headers  /tmp/petsc-oye27d1b/config.headers/conftest.c 
Preprocess output before filtering:
Preprocess output after filtering:
              Defined "HAVE_TIME_H" to "1"
Checking for header: sys/time.h
Preprocessing source:
#include "confdefs.h"
#include "conffix.h"
#include <sys/time.h>

Executing: /usr/bin/mpicc -E  -I/tmp/petsc-oye27d1b/config.setCompilers -I/tmp/petsc-oye27d1b/config.headers  /tmp/petsc-oye27d1b/config.headers/conftest.c 
Preprocess output before filtering:
Preprocess output after filtering:
              Defined "HAVE_SYS_TIME_H" to "1"
=============================================================================================
TESTING: checkMath from config.headers(/home/lzy/projects/formal_3D_flow_solver/FEM_SimVascular/external/dependencies/sv1_1/petsc-3.19.6/config/BuildSystem/config/headers.py:169)
  Checks for the math headers and defines
Checking for header: math.h
Preprocessing source:
#include "confdefs.h"
#include "conffix.h"
#include <math.h>

Executing: /usr/bin/mpicc -E  -I/tmp/petsc-oye27d1b/config.setCompilers -I/tmp/petsc-oye27d1b/config.headers  /tmp/petsc-oye27d1b/config.headers/conftest.c 
Preprocess output before filtering:
Preprocess output after filtering:
Executing: /usr/bin/mpicc -c -o /tmp/petsc-oye27d1b/config.headers/conftest.o -I/tmp/petsc-oye27d1b/config.libraries -I/tmp/petsc-oye27d1b/config.compilerFlags -I/tmp/petsc-oye27d1b/config.setCompilers -I/tmp/petsc-oye27d1b/config.compilers -I/tmp/petsc-oye27d1b/config.headers  -fPIC -Wall -Wwrite-strings -Wno-unknown-pragmas -Wno-lto-type-mismatch -Wno-stringop-overflow -fstack-protector -fvisibility=hidden -g -O  /tmp/petsc-oye27d1b/config.headers/conftest.c 
Successful compile:
Source:
#include "confdefs.h"
#include "conffix.h"
#include <math.h>

int main() {
double pi = M_PI;
(void)pi;
  return 0;
}

          Found math #defines, like M_PI
=============================================================================================
TESTING: check from config.headers(/home/lzy/projects/formal_3D_flow_solver/FEM_SimVascular/external/dependencies/sv1_1/petsc-3.19.6/config/BuildSystem/config/headers.py:77)
  Checks for "header", and defines HAVE_"header" if found
Checking for header: setjmp.h
Preprocessing source:
#include "confdefs.h"
#include "conffix.h"
#include <setjmp.h>

Executing: /usr/bin/mpicc -E  -I/tmp/petsc-oye27d1b/config.setCompilers -I/tmp/petsc-oye27d1b/config.headers  /tmp/petsc-oye27d1b/config.headers/conftest.c 
Preprocess output before filtering:
Preprocess output after filtering:
            Defined "HAVE_SETJMP_H" to "1"
=============================================================================================
TESTING: check from config.headers(/home/lzy/projects/formal_3D_flow_solver/FEM_SimVascular/external/dependencies/sv1_1/petsc-3.19.6/config/BuildSystem/config/headers.py:77)
  Checks for "header", and defines HAVE_"header" if found
Checking for header: dos.h
Preprocessing source:
#include "confdefs.h"
#include "conffix.h"
#include <dos.h>

Executing: /usr/bin/mpicc -E  -I/tmp/petsc-oye27d1b/config.setCompilers -I/tmp/petsc-oye27d1b/config.headers  /tmp/petsc-oye27d1b/config.headers/conftest.c 
Possible ERROR while running preprocessor: exit code 1
stdout:
# 0 "/tmp/petsc-oye27d1b/config.headers/conftest.c"
# 0 "<built-in>"
# 0 "<command-line>"
# 1 "/usr/include/stdc-predef.h" 1 3 4
# 0 "<command-line>" 2
# 1 "/tmp/petsc-oye27d1b/config.headers/conftest.c"
# 1 "/tmp/petsc-oye27d1b/config.headers/confdefs.h" 1
# 2 "/tmp/petsc-oye27d1b/config.headers/conftest.c" 2
# 1 "/tmp/petsc-oye27d1b/config.headers/conffix.h" 1
# 3 "/tmp/petsc-oye27d1b/config.headers/conftest.c" 2
stderr:
/tmp/petsc-oye27d1b/config.headers/conftest.c:3:10: fatal error: dos.h: No such file or directory
    3 | #include <dos.h>
      |          ^~~~~~~
compilation terminated.
Source:
#include "confdefs.h"
#include "conffix.h"
#include <dos.h>

Preprocess output before filtering:
/tmp/petsc-oye27d1b/config.headers/conftest.c:3:10: fatal error: dos.h: No such file or directory
    3 | #include <dos.h>
      |          ^~~~~~~
compilation terminated.
Preprocess output after filtering:
/tmp/petsc-oye27d1b/config.headers/conftest.c:3:10: fatal error: dos.h: No such file or directory
    3 | #include <dos.h>
      |          ^~~~~~~
compilation terminated.
=============================================================================================
TESTING: check from config.headers(/home/lzy/projects/formal_3D_flow_solver/FEM_SimVascular/external/dependencies/sv1_1/petsc-3.19.6/config/BuildSystem/config/headers.py:77)
  Checks for "header", and defines HAVE_"header" if found
Checking for header: fcntl.h
Preprocessing source:
#include "confdefs.h"
#include "conffix.h"
#include <fcntl.h>

Executing: /usr/bin/mpicc -E  -I/tmp/petsc-oye27d1b/config.setCompilers -I/tmp/petsc-oye27d1b/config.headers  /tmp/petsc-oye27d1b/config.headers/conftest.c 
Preprocess output before filtering:
Preprocess output after filtering:
            Defined "HAVE_FCNTL_H" to "1"
=============================================================================================
TESTING: check from config.headers(/home/lzy/projects/formal_3D_flow_solver/FEM_SimVascular/external/dependencies/sv1_1/petsc-3.19.6/config/BuildSystem/config/headers.py:77)
  Checks for "header", and defines HAVE_"header" if found
Checking for header: float.h
Preprocessing source:
#include "confdefs.h"
#include "conffix.h"
#include <float.h>

Executing: /usr/bin/mpicc -E  -I/tmp/petsc-oye27d1b/config.setCompilers -I/tmp/petsc-oye27d1b/config.headers  /tmp/petsc-oye27d1b/config.headers/conftest.c 
Preprocess output before filtering:
Preprocess output after filtering:
            Defined "HAVE_FLOAT_H" to "1"
=============================================================================================
TESTING: check from config.headers(/home/lzy/projects/formal_3D_flow_solver/FEM_SimVascular/external/dependencies/sv1_1/petsc-3.19.6/config/BuildSystem/config/headers.py:77)
  Checks for "header", and defines HAVE_"header" if found
Checking for header: io.h
Preprocessing source:
#include "confdefs.h"
#include "conffix.h"
#include <io.h>

Executing: /usr/bin/mpicc -E  -I/tmp/petsc-oye27d1b/config.setCompilers -I/tmp/petsc-oye27d1b/config.headers  /tmp/petsc-oye27d1b/config.headers/conftest.c 
Possible ERROR while running preprocessor: exit code 1
stdout:
# 0 "/tmp/petsc-oye27d1b/config.headers/conftest.c"
# 0 "<built-in>"
# 0 "<command-line>"
# 1 "/usr/include/stdc-predef.h" 1 3 4
# 0 "<command-line>" 2
# 1 "/tmp/petsc-oye27d1b/config.headers/conftest.c"
# 1 "/tmp/petsc-oye27d1b/config.headers/confdefs.h" 1
# 2 "/tmp/petsc-oye27d1b/config.headers/conftest.c" 2
# 1 "/tmp/petsc-oye27d1b/config.headers/conffix.h" 1
# 3 "/tmp/petsc-oye27d1b/config.headers/conftest.c" 2
stderr:
/tmp/petsc-oye27d1b/config.headers/conftest.c:3:10: fatal error: io.h: No such file or directory
    3 | #include <io.h>
      |          ^~~~~~
compilation terminated.
Source:
#include "confdefs.h"
#include "conffix.h"
#include <io.h>

Preprocess output before filtering:
/tmp/petsc-oye27d1b/config.headers/conftest.c:3:10: fatal error: io.h: No such file or directory
    3 | #include <io.h>
      |          ^~~~~~
compilation terminated.
Preprocess output after filtering:
/tmp/petsc-oye27d1b/config.headers/conftest.c:3:10: fatal error: io.h: No such file or directory
    3 | #include <io.h>
      |          ^~~~~~
compilation terminated.
=============================================================================================
TESTING: check from config.headers(/home/lzy/projects/formal_3D_flow_solver/FEM_SimVascular/external/dependencies/sv1_1/petsc-3.19.6/config/BuildSystem/config/headers.py:77)
  Checks for "header", and defines HAVE_"header" if found
Checking for header: malloc.h
Preprocessing source:
#include "confdefs.h"
#include "conffix.h"
#include <malloc.h>

Executing: /usr/bin/mpicc -E  -I/tmp/petsc-oye27d1b/config.setCompilers -I/tmp/petsc-oye27d1b/config.headers  /tmp/petsc-oye27d1b/config.headers/conftest.c 
Preprocess output before filtering:
Preprocess output after filtering:
            Defined "HAVE_MALLOC_H" to "1"
=============================================================================================
TESTING: check from config.headers(/home/lzy/projects/formal_3D_flow_solver/FEM_SimVascular/external/dependencies/sv1_1/petsc-3.19.6/config/BuildSystem/config/headers.py:77)
  Checks for "header", and defines HAVE_"header" if found
Checking for header: pwd.h
Preprocessing source:
#include "confdefs.h"
#include "conffix.h"
#include <pwd.h>

Executing: /usr/bin/mpicc -E  -I/tmp/petsc-oye27d1b/config.setCompilers -I/tmp/petsc-oye27d1b/config.headers  /tmp/petsc-oye27d1b/config.headers/conftest.c 
Preprocess output before filtering:
Preprocess output after filtering:
            Defined "HAVE_PWD_H" to "1"
=============================================================================================
TESTING: check from config.headers(/home/lzy/projects/formal_3D_flow_solver/FEM_SimVascular/external/dependencies/sv1_1/petsc-3.19.6/config/BuildSystem/config/headers.py:77)
  Checks for "header", and defines HAVE_"header" if found
Checking for header: strings.h
Preprocessing source:
#include "confdefs.h"
#include "conffix.h"
#include <strings.h>

Executing: /usr/bin/mpicc -E  -I/tmp/petsc-oye27d1b/config.setCompilers -I/tmp/petsc-oye27d1b/config.headers  /tmp/petsc-oye27d1b/config.headers/conftest.c 
Preprocess output before filtering:
Preprocess output after filtering:
            Defined "HAVE_STRINGS_H" to "1"
=============================================================================================
TESTING: check from config.headers(/home/lzy/projects/formal_3D_flow_solver/FEM_SimVascular/external/dependencies/sv1_1/petsc-3.19.6/config/BuildSystem/config/headers.py:77)
  Checks for "header", and defines HAVE_"header" if found
Checking for header: unistd.h
Preprocessing source:
#include "confdefs.h"
#include "conffix.h"
#include <unistd.h>

Executing: /usr/bin/mpicc -E  -I/tmp/petsc-oye27d1b/config.setCompilers -I/tmp/petsc-oye27d1b/config.headers  /tmp/petsc-oye27d1b/config.headers/conftest.c 
Preprocess output before filtering:
Preprocess output after filtering:
            Defined "HAVE_UNISTD_H" to "1"
=============================================================================================
TESTING: check from config.headers(/home/lzy/projects/formal_3D_flow_solver/FEM_SimVascular/external/dependencies/sv1_1/petsc-3.19.6/config/BuildSystem/config/headers.py:77)
  Checks for "header", and defines HAVE_"header" if found
Checking for header: machine/endian.h
Preprocessing source:
#include "confdefs.h"
#include "conffix.h"
#include <machine/endian.h>

Executing: /usr/bin/mpicc -E  -I/tmp/petsc-oye27d1b/config.setCompilers -I/tmp/petsc-oye27d1b/config.headers  /tmp/petsc-oye27d1b/config.headers/conftest.c 
Possible ERROR while running preprocessor: exit code 1
stdout:
# 0 "/tmp/petsc-oye27d1b/config.headers/conftest.c"
# 0 "<built-in>"
# 0 "<command-line>"
# 1 "/usr/include/stdc-predef.h" 1 3 4
# 0 "<command-line>" 2
# 1 "/tmp/petsc-oye27d1b/config.headers/conftest.c"
# 1 "/tmp/petsc-oye27d1b/config.headers/confdefs.h" 1
# 2 "/tmp/petsc-oye27d1b/config.headers/conftest.c" 2
# 1 "/tmp/petsc-oye27d1b/config.headers/conffix.h" 1
# 3 "/tmp/petsc-oye27d1b/config.headers/conftest.c" 2
stderr:
/tmp/petsc-oye27d1b/config.headers/conftest.c:3:10: fatal error: machine/endian.h: No such file or directory
    3 | #include <machine/endian.h>
      |          ^~~~~~~~~~~~~~~~~~
compilation terminated.
Source:
#include "confdefs.h"
#include "conffix.h"
#include <machine/endian.h>

Preprocess output before filtering:
/tmp/petsc-oye27d1b/config.headers/conftest.c:3:10: fatal error: machine/endian.h: No such file or directory
    3 | #include <machine/endian.h>
      |          ^~~~~~~~~~~~~~~~~~
compilation terminated.
Preprocess output after filtering:
/tmp/petsc-oye27d1b/config.headers/conftest.c:3:10: fatal error: machine/endian.h: No such file or directory
    3 | #include <machine/endian.h>
      |          ^~~~~~~~~~~~~~~~~~
compilation terminated.
=============================================================================================
TESTING: check from config.headers(/home/lzy/projects/formal_3D_flow_solver/FEM_SimVascular/external/dependencies/sv1_1/petsc-3.19.6/config/BuildSystem/config/headers.py:77)
  Checks for "header", and defines HAVE_"header" if found
Checking for header: sys/param.h
Preprocessing source:
#include "confdefs.h"
#include "conffix.h"
#include <sys/param.h>

Executing: /usr/bin/mpicc -E  -I/tmp/petsc-oye27d1b/config.setCompilers -I/tmp/petsc-oye27d1b/config.headers  /tmp/petsc-oye27d1b/config.headers/conftest.c 
Preprocess output before filtering:
Preprocess output after filtering:
            Defined "HAVE_SYS_PARAM_H" to "1"
=============================================================================================
TESTING: check from config.headers(/home/lzy/projects/formal_3D_flow_solver/FEM_SimVascular/external/dependencies/sv1_1/petsc-3.19.6/config/BuildSystem/config/headers.py:77)
  Checks for "header", and defines HAVE_"header" if found
Checking for header: sys/procfs.h
Preprocessing source:
#include "confdefs.h"
#include "conffix.h"
#include <sys/procfs.h>

Executing: /usr/bin/mpicc -E  -I/tmp/petsc-oye27d1b/config.setCompilers -I/tmp/petsc-oye27d1b/config.headers  /tmp/petsc-oye27d1b/config.headers/conftest.c 
Preprocess output before filtering:
Preprocess output after filtering:
            Defined "HAVE_SYS_PROCFS_H" to "1"
=============================================================================================
TESTING: check from config.headers(/home/lzy/projects/formal_3D_flow_solver/FEM_SimVascular/external/dependencies/sv1_1/petsc-3.19.6/config/BuildSystem/config/headers.py:77)
  Checks for "header", and defines HAVE_"header" if found
Checking for header: sys/resource.h
Preprocessing source:
#include "confdefs.h"
#include "conffix.h"
#include <sys/resource.h>

Executing: /usr/bin/mpicc -E  -I/tmp/petsc-oye27d1b/config.setCompilers -I/tmp/petsc-oye27d1b/config.headers  /tmp/petsc-oye27d1b/config.headers/conftest.c 
Preprocess output before filtering:
Preprocess output after filtering:
            Defined "HAVE_SYS_RESOURCE_H" to "1"
=============================================================================================
TESTING: check from config.headers(/home/lzy/projects/formal_3D_flow_solver/FEM_SimVascular/external/dependencies/sv1_1/petsc-3.19.6/config/BuildSystem/config/headers.py:77)
  Checks for "header", and defines HAVE_"header" if found
Checking for header: sys/systeminfo.h
Preprocessing source:
#include "confdefs.h"
#include "conffix.h"
#include <sys/systeminfo.h>

Executing: /usr/bin/mpicc -E  -I/tmp/petsc-oye27d1b/config.setCompilers -I/tmp/petsc-oye27d1b/config.headers  /tmp/petsc-oye27d1b/config.headers/conftest.c 
Possible ERROR while running preprocessor: exit code 1
stdout:
# 0 "/tmp/petsc-oye27d1b/config.headers/conftest.c"
# 0 "<built-in>"
# 0 "<command-line>"
# 1 "/usr/include/stdc-predef.h" 1 3 4
# 0 "<command-line>" 2
# 1 "/tmp/petsc-oye27d1b/config.headers/conftest.c"
# 1 "/tmp/petsc-oye27d1b/config.headers/confdefs.h" 1
# 2 "/tmp/petsc-oye27d1b/config.headers/conftest.c" 2
# 1 "/tmp/petsc-oye27d1b/config.headers/conffix.h" 1
# 3 "/tmp/petsc-oye27d1b/config.headers/conftest.c" 2
stderr:
/tmp/petsc-oye27d1b/config.headers/conftest.c:3:10: fatal error: sys/systeminfo.h: No such file or directory
    3 | #include <sys/systeminfo.h>
      |          ^~~~~~~~~~~~~~~~~~
compilation terminated.
Source:
#include "confdefs.h"
#include "conffix.h"
#include <sys/systeminfo.h>

Preprocess output before filtering:
/tmp/petsc-oye27d1b/config.headers/conftest.c:3:10: fatal error: sys/systeminfo.h: No such file or directory
    3 | #include <sys/systeminfo.h>
      |          ^~~~~~~~~~~~~~~~~~
compilation terminated.
Preprocess output after filtering:
/tmp/petsc-oye27d1b/config.headers/conftest.c:3:10: fatal error: sys/systeminfo.h: No such file or directory
    3 | #include <sys/systeminfo.h>
      |          ^~~~~~~~~~~~~~~~~~
compilation terminated.
=============================================================================================
TESTING: check from config.headers(/home/lzy/projects/formal_3D_flow_solver/FEM_SimVascular/external/dependencies/sv1_1/petsc-3.19.6/config/BuildSystem/config/headers.py:77)
  Checks for "header", and defines HAVE_"header" if found
Checking for header: sys/times.h
Preprocessing source:
#include "confdefs.h"
#include "conffix.h"
#include <sys/times.h>

Executing: /usr/bin/mpicc -E  -I/tmp/petsc-oye27d1b/config.setCompilers -I/tmp/petsc-oye27d1b/config.headers  /tmp/petsc-oye27d1b/config.headers/conftest.c 
Preprocess output before filtering:
Preprocess output after filtering:
            Defined "HAVE_SYS_TIMES_H" to "1"
=============================================================================================
TESTING: check from config.headers(/home/lzy/projects/formal_3D_flow_solver/FEM_SimVascular/external/dependencies/sv1_1/petsc-3.19.6/config/BuildSystem/config/headers.py:77)
  Checks for "header", and defines HAVE_"header" if found
Checking for header: sys/utsname.h
Preprocessing source:
#include "confdefs.h"
#include "conffix.h"
#include <sys/utsname.h>

Executing: /usr/bin/mpicc -E  -I/tmp/petsc-oye27d1b/config.setCompilers -I/tmp/petsc-oye27d1b/config.headers  /tmp/petsc-oye27d1b/config.headers/conftest.c 
Preprocess output before filtering:
Preprocess output after filtering:
            Defined "HAVE_SYS_UTSNAME_H" to "1"
=============================================================================================
TESTING: check from config.headers(/home/lzy/projects/formal_3D_flow_solver/FEM_SimVascular/external/dependencies/sv1_1/petsc-3.19.6/config/BuildSystem/config/headers.py:77)
  Checks for "header", and defines HAVE_"header" if found
Checking for header: sys/socket.h
Preprocessing source:
#include "confdefs.h"
#include "conffix.h"
#include <sys/socket.h>

Executing: /usr/bin/mpicc -E  -I/tmp/petsc-oye27d1b/config.setCompilers -I/tmp/petsc-oye27d1b/config.headers  /tmp/petsc-oye27d1b/config.headers/conftest.c 
Preprocess output before filtering:
Preprocess output after filtering:
            Defined "HAVE_SYS_SOCKET_H" to "1"
=============================================================================================
TESTING: check from config.headers(/home/lzy/projects/formal_3D_flow_solver/FEM_SimVascular/external/dependencies/sv1_1/petsc-3.19.6/config/BuildSystem/config/headers.py:77)
  Checks for "header", and defines HAVE_"header" if found
Checking for header: sys/wait.h
Preprocessing source:
#include "confdefs.h"
#include "conffix.h"
#include <sys/wait.h>

Executing: /usr/bin/mpicc -E  -I/tmp/petsc-oye27d1b/config.setCompilers -I/tmp/petsc-oye27d1b/config.headers  /tmp/petsc-oye27d1b/config.headers/conftest.c 
Preprocess output before filtering:
Preprocess output after filtering:
            Defined "HAVE_SYS_WAIT_H" to "1"
=============================================================================================
TESTING: check from config.headers(/home/lzy/projects/formal_3D_flow_solver/FEM_SimVascular/external/dependencies/sv1_1/petsc-3.19.6/config/BuildSystem/config/headers.py:77)
  Checks for "header", and defines HAVE_"header" if found
Checking for header: netinet/in.h
Preprocessing source:
#include "confdefs.h"
#include "conffix.h"
#include <netinet/in.h>

Executing: /usr/bin/mpicc -E  -I/tmp/petsc-oye27d1b/config.setCompilers -I/tmp/petsc-oye27d1b/config.headers  /tmp/petsc-oye27d1b/config.headers/conftest.c 
Preprocess output before filtering:
Preprocess output after filtering:
            Defined "HAVE_NETINET_IN_H" to "1"
=============================================================================================
TESTING: check from config.headers(/home/lzy/projects/formal_3D_flow_solver/FEM_SimVascular/external/dependencies/sv1_1/petsc-3.19.6/config/BuildSystem/config/headers.py:77)
  Checks for "header", and defines HAVE_"header" if found
Checking for header: netdb.h
Preprocessing source:
#include "confdefs.h"
#include "conffix.h"
#include <netdb.h>

Executing: /usr/bin/mpicc -E  -I/tmp/petsc-oye27d1b/config.setCompilers -I/tmp/petsc-oye27d1b/config.headers  /tmp/petsc-oye27d1b/config.headers/conftest.c 
Preprocess output before filtering:
Preprocess output after filtering:
            Defined "HAVE_NETDB_H" to "1"
=============================================================================================
TESTING: check from config.headers(/home/lzy/projects/formal_3D_flow_solver/FEM_SimVascular/external/dependencies/sv1_1/petsc-3.19.6/config/BuildSystem/config/headers.py:77)
  Checks for "header", and defines HAVE_"header" if found
Checking for header: direct.h
Preprocessing source:
#include "confdefs.h"
#include "conffix.h"
#include <direct.h>

Executing: /usr/bin/mpicc -E  -I/tmp/petsc-oye27d1b/config.setCompilers -I/tmp/petsc-oye27d1b/config.headers  /tmp/petsc-oye27d1b/config.headers/conftest.c 
Possible ERROR while running preprocessor: exit code 1
stdout:
# 0 "/tmp/petsc-oye27d1b/config.headers/conftest.c"
# 0 "<built-in>"
# 0 "<command-line>"
# 1 "/usr/include/stdc-predef.h" 1 3 4
# 0 "<command-line>" 2
# 1 "/tmp/petsc-oye27d1b/config.headers/conftest.c"
# 1 "/tmp/petsc-oye27d1b/config.headers/confdefs.h" 1
# 2 "/tmp/petsc-oye27d1b/config.headers/conftest.c" 2
# 1 "/tmp/petsc-oye27d1b/config.headers/conffix.h" 1
# 3 "/tmp/petsc-oye27d1b/config.headers/conftest.c" 2
stderr:
/tmp/petsc-oye27d1b/config.headers/conftest.c:3:10: fatal error: direct.h: No such file or directory
    3 | #include <direct.h>
      |          ^~~~~~~~~~
compilation terminated.
Source:
#include "confdefs.h"
#include "conffix.h"
#include <direct.h>

Preprocess output before filtering:
/tmp/petsc-oye27d1b/config.headers/conftest.c:3:10: fatal error: direct.h: No such file or directory
    3 | #include <direct.h>
      |          ^~~~~~~~~~
compilation terminated.
Preprocess output after filtering:
/tmp/petsc-oye27d1b/config.headers/conftest.c:3:10: fatal error: direct.h: No such file or directory
    3 | #include <direct.h>
      |          ^~~~~~~~~~
compilation terminated.
=============================================================================================
TESTING: check from config.headers(/home/lzy/projects/formal_3D_flow_solver/FEM_SimVascular/external/dependencies/sv1_1/petsc-3.19.6/config/BuildSystem/config/headers.py:77)
  Checks for "header", and defines HAVE_"header" if found
Checking for header: time.h
Preprocessing source:
#include "confdefs.h"
#include "conffix.h"
#include <time.h>

Executing: /usr/bin/mpicc -E  -I/tmp/petsc-oye27d1b/config.setCompilers -I/tmp/petsc-oye27d1b/config.headers  /tmp/petsc-oye27d1b/config.headers/conftest.c 
Preprocess output before filtering:
Preprocess output after filtering:
            Defined "HAVE_TIME_H" to "1"
=============================================================================================
TESTING: check from config.headers(/home/lzy/projects/formal_3D_flow_solver/FEM_SimVascular/external/dependencies/sv1_1/petsc-3.19.6/config/BuildSystem/config/headers.py:77)
  Checks for "header", and defines HAVE_"header" if found
Checking for header: Ws2tcpip.h
Preprocessing source:
#include "confdefs.h"
#include "conffix.h"
#include <Ws2tcpip.h>

Executing: /usr/bin/mpicc -E  -I/tmp/petsc-oye27d1b/config.setCompilers -I/tmp/petsc-oye27d1b/config.headers  /tmp/petsc-oye27d1b/config.headers/conftest.c 
Possible ERROR while running preprocessor: exit code 1
stdout:
# 0 "/tmp/petsc-oye27d1b/config.headers/conftest.c"
# 0 "<built-in>"
# 0 "<command-line>"
# 1 "/usr/include/stdc-predef.h" 1 3 4
# 0 "<command-line>" 2
# 1 "/tmp/petsc-oye27d1b/config.headers/conftest.c"
# 1 "/tmp/petsc-oye27d1b/config.headers/confdefs.h" 1
# 2 "/tmp/petsc-oye27d1b/config.headers/conftest.c" 2
# 1 "/tmp/petsc-oye27d1b/config.headers/conffix.h" 1
# 3 "/tmp/petsc-oye27d1b/config.headers/conftest.c" 2
stderr:
/tmp/petsc-oye27d1b/config.headers/conftest.c:3:10: fatal error: Ws2tcpip.h: No such file or directory
    3 | #include <Ws2tcpip.h>
      |          ^~~~~~~~~~~~
compilation terminated.
Source:
#include "confdefs.h"
#include "conffix.h"
#include <Ws2tcpip.h>

Preprocess output before filtering:
/tmp/petsc-oye27d1b/config.headers/conftest.c:3:10: fatal error: Ws2tcpip.h: No such file or directory
    3 | #include <Ws2tcpip.h>
      |          ^~~~~~~~~~~~
compilation terminated.
Preprocess output after filtering:
/tmp/petsc-oye27d1b/config.headers/conftest.c:3:10: fatal error: Ws2tcpip.h: No such file or directory
    3 | #include <Ws2tcpip.h>
      |          ^~~~~~~~~~~~
compilation terminated.
=============================================================================================
TESTING: check from config.headers(/home/lzy/projects/formal_3D_flow_solver/FEM_SimVascular/external/dependencies/sv1_1/petsc-3.19.6/config/BuildSystem/config/headers.py:77)
  Checks for "header", and defines HAVE_"header" if found
Checking for header: sys/types.h
Preprocessing source:
#include "confdefs.h"
#include "conffix.h"
#include <sys/types.h>

Executing: /usr/bin/mpicc -E  -I/tmp/petsc-oye27d1b/config.setCompilers -I/tmp/petsc-oye27d1b/config.headers  /tmp/petsc-oye27d1b/config.headers/conftest.c 
Preprocess output before filtering:
Preprocess output after filtering:
            Defined "HAVE_SYS_TYPES_H" to "1"
=============================================================================================
TESTING: check from config.headers(/home/lzy/projects/formal_3D_flow_solver/FEM_SimVascular/external/dependencies/sv1_1/petsc-3.19.6/config/BuildSystem/config/headers.py:77)
  Checks for "header", and defines HAVE_"header" if found
Checking for header: WindowsX.h
Preprocessing source:
#include "confdefs.h"
#include "conffix.h"
#include <WindowsX.h>

Executing: /usr/bin/mpicc -E  -I/tmp/petsc-oye27d1b/config.setCompilers -I/tmp/petsc-oye27d1b/config.headers  /tmp/petsc-oye27d1b/config.headers/conftest.c 
Possible ERROR while running preprocessor: exit code 1
stdout:
# 0 "/tmp/petsc-oye27d1b/config.headers/conftest.c"
# 0 "<built-in>"
# 0 "<command-line>"
# 1 "/usr/include/stdc-predef.h" 1 3 4
# 0 "<command-line>" 2
# 1 "/tmp/petsc-oye27d1b/config.headers/conftest.c"
# 1 "/tmp/petsc-oye27d1b/config.headers/confdefs.h" 1
# 2 "/tmp/petsc-oye27d1b/config.headers/conftest.c" 2
# 1 "/tmp/petsc-oye27d1b/config.headers/conffix.h" 1
# 3 "/tmp/petsc-oye27d1b/config.headers/conftest.c" 2
stderr:
/tmp/petsc-oye27d1b/config.headers/conftest.c:3:10: fatal error: WindowsX.h: No such file or directory
    3 | #include <WindowsX.h>
      |          ^~~~~~~~~~~~
compilation terminated.
Source:
#include "confdefs.h"
#include "conffix.h"
#include <WindowsX.h>

Preprocess output before filtering:
/tmp/petsc-oye27d1b/config.headers/conftest.c:3:10: fatal error: WindowsX.h: No such file or directory
    3 | #include <WindowsX.h>
      |          ^~~~~~~~~~~~
compilation terminated.
Preprocess output after filtering:
/tmp/petsc-oye27d1b/config.headers/conftest.c:3:10: fatal error: WindowsX.h: No such file or directory
    3 | #include <WindowsX.h>
      |          ^~~~~~~~~~~~
compilation terminated.
=============================================================================================
TESTING: check from config.headers(/home/lzy/projects/formal_3D_flow_solver/FEM_SimVascular/external/dependencies/sv1_1/petsc-3.19.6/config/BuildSystem/config/headers.py:77)
  Checks for "header", and defines HAVE_"header" if found
Checking for header: float.h
Preprocessing source:
#include "confdefs.h"
#include "conffix.h"
#include <float.h>

Executing: /usr/bin/mpicc -E  -I/tmp/petsc-oye27d1b/config.setCompilers -I/tmp/petsc-oye27d1b/config.headers  /tmp/petsc-oye27d1b/config.headers/conftest.c 
Preprocess output before filtering:
Preprocess output after filtering:
            Defined "HAVE_FLOAT_H" to "1"
=============================================================================================
TESTING: check from config.headers(/home/lzy/projects/formal_3D_flow_solver/FEM_SimVascular/external/dependencies/sv1_1/petsc-3.19.6/config/BuildSystem/config/headers.py:77)
  Checks for "header", and defines HAVE_"header" if found
Checking for header: ieeefp.h
Preprocessing source:
#include "confdefs.h"
#include "conffix.h"
#include <ieeefp.h>

Executing: /usr/bin/mpicc -E  -I/tmp/petsc-oye27d1b/config.setCompilers -I/tmp/petsc-oye27d1b/config.headers  /tmp/petsc-oye27d1b/config.headers/conftest.c 
Possible ERROR while running preprocessor: exit code 1
stdout:
# 0 "/tmp/petsc-oye27d1b/config.headers/conftest.c"
# 0 "<built-in>"
# 0 "<command-line>"
# 1 "/usr/include/stdc-predef.h" 1 3 4
# 0 "<command-line>" 2
# 1 "/tmp/petsc-oye27d1b/config.headers/conftest.c"
# 1 "/tmp/petsc-oye27d1b/config.headers/confdefs.h" 1
# 2 "/tmp/petsc-oye27d1b/config.headers/conftest.c" 2
# 1 "/tmp/petsc-oye27d1b/config.headers/conffix.h" 1
# 3 "/tmp/petsc-oye27d1b/config.headers/conftest.c" 2
stderr:
/tmp/petsc-oye27d1b/config.headers/conftest.c:3:10: fatal error: ieeefp.h: No such file or directory
    3 | #include <ieeefp.h>
      |          ^~~~~~~~~~
compilation terminated.
Source:
#include "confdefs.h"
#include "conffix.h"
#include <ieeefp.h>

Preprocess output before filtering:
/tmp/petsc-oye27d1b/config.headers/conftest.c:3:10: fatal error: ieeefp.h: No such file or directory
    3 | #include <ieeefp.h>
      |          ^~~~~~~~~~
compilation terminated.
Preprocess output after filtering:
/tmp/petsc-oye27d1b/config.headers/conftest.c:3:10: fatal error: ieeefp.h: No such file or directory
    3 | #include <ieeefp.h>
      |          ^~~~~~~~~~
compilation terminated.
=============================================================================================
TESTING: check from config.headers(/home/lzy/projects/formal_3D_flow_solver/FEM_SimVascular/external/dependencies/sv1_1/petsc-3.19.6/config/BuildSystem/config/headers.py:77)
  Checks for "header", and defines HAVE_"header" if found
Checking for header: stdint.h
Preprocessing source:
#include "confdefs.h"
#include "conffix.h"
#include <stdint.h>

Executing: /usr/bin/mpicc -E  -I/tmp/petsc-oye27d1b/config.setCompilers -I/tmp/petsc-oye27d1b/config.headers  /tmp/petsc-oye27d1b/config.headers/conftest.c 
Preprocess output before filtering:
Preprocess output after filtering:
            Defined "HAVE_STDINT_H" to "1"
=============================================================================================
TESTING: check from config.headers(/home/lzy/projects/formal_3D_flow_solver/FEM_SimVascular/external/dependencies/sv1_1/petsc-3.19.6/config/BuildSystem/config/headers.py:77)
  Checks for "header", and defines HAVE_"header" if found
Checking for header: inttypes.h
Preprocessing source:
#include "confdefs.h"
#include "conffix.h"
#include <inttypes.h>

Executing: /usr/bin/mpicc -E  -I/tmp/petsc-oye27d1b/config.setCompilers -I/tmp/petsc-oye27d1b/config.headers  /tmp/petsc-oye27d1b/config.headers/conftest.c 
Preprocess output before filtering:
Preprocess output after filtering:
            Defined "HAVE_INTTYPES_H" to "1"
=============================================================================================
TESTING: check from config.headers(/home/lzy/projects/formal_3D_flow_solver/FEM_SimVascular/external/dependencies/sv1_1/petsc-3.19.6/config/BuildSystem/config/headers.py:77)
  Checks for "header", and defines HAVE_"header" if found
Checking for header: immintrin.h
Preprocessing source:
#include "confdefs.h"
#include "conffix.h"
#include <immintrin.h>

Executing: /usr/bin/mpicc -E  -I/tmp/petsc-oye27d1b/config.setCompilers -I/tmp/petsc-oye27d1b/config.headers  /tmp/petsc-oye27d1b/config.headers/conftest.c 
Preprocess output before filtering:
Preprocess output after filtering:
            Defined "HAVE_IMMINTRIN_H" to "1"
=============================================================================================
TESTING: check from config.headers(/home/lzy/projects/formal_3D_flow_solver/FEM_SimVascular/external/dependencies/sv1_1/petsc-3.19.6/config/BuildSystem/config/headers.py:77)
  Checks for "header", and defines HAVE_"header" if found
Checking for header: setjmp.h
Preprocessing source:
#include "confdefs.h"
#include "conffix.h"
#include <setjmp.h>

Executing: /usr/bin/mpicc -E  -I/tmp/petsc-oye27d1b/config.setCompilers -I/tmp/petsc-oye27d1b/config.headers  /tmp/petsc-oye27d1b/config.headers/conftest.c 
Preprocess output before filtering:
Preprocess output after filtering:
            Defined "HAVE_SETJMP_H" to "1"
=============================================================================================
TESTING: check from config.headers(/home/lzy/projects/formal_3D_flow_solver/FEM_SimVascular/external/dependencies/sv1_1/petsc-3.19.6/config/BuildSystem/config/headers.py:77)
  Checks for "header", and defines HAVE_"header" if found
Checking for header: dos.h
Preprocessing source:
#include "confdefs.h"
#include "conffix.h"
#include <dos.h>

Executing: /usr/bin/mpicc -E  -I/tmp/petsc-oye27d1b/config.setCompilers -I/tmp/petsc-oye27d1b/config.headers  /tmp/petsc-oye27d1b/config.headers/conftest.c 
Possible ERROR while running preprocessor: exit code 1
stdout:
# 0 "/tmp/petsc-oye27d1b/config.headers/conftest.c"
# 0 "<built-in>"
# 0 "<command-line>"
# 1 "/usr/include/stdc-predef.h" 1 3 4
# 0 "<command-line>" 2
# 1 "/tmp/petsc-oye27d1b/config.headers/conftest.c"
# 1 "/tmp/petsc-oye27d1b/config.headers/confdefs.h" 1
# 2 "/tmp/petsc-oye27d1b/config.headers/conftest.c" 2
# 1 "/tmp/petsc-oye27d1b/config.headers/conffix.h" 1
# 3 "/tmp/petsc-oye27d1b/config.headers/conftest.c" 2
stderr:
/tmp/petsc-oye27d1b/config.headers/conftest.c:3:10: fatal error: dos.h: No such file or directory
    3 | #include <dos.h>
      |          ^~~~~~~
compilation terminated.
Source:
#include "confdefs.h"
#include "conffix.h"
#include <dos.h>

Preprocess output before filtering:
/tmp/petsc-oye27d1b/config.headers/conftest.c:3:10: fatal error: dos.h: No such file or directory
    3 | #include <dos.h>
      |          ^~~~~~~
compilation terminated.
Preprocess output after filtering:
/tmp/petsc-oye27d1b/config.headers/conftest.c:3:10: fatal error: dos.h: No such file or directory
    3 | #include <dos.h>
      |          ^~~~~~~
compilation terminated.
=============================================================================================
TESTING: check from config.headers(/home/lzy/projects/formal_3D_flow_solver/FEM_SimVascular/external/dependencies/sv1_1/petsc-3.19.6/config/BuildSystem/config/headers.py:77)
  Checks for "header", and defines HAVE_"header" if found
Checking for header: fcntl.h
Preprocessing source:
#include "confdefs.h"
#include "conffix.h"
#include <fcntl.h>

Executing: /usr/bin/mpicc -E  -I/tmp/petsc-oye27d1b/config.setCompilers -I/tmp/petsc-oye27d1b/config.headers  /tmp/petsc-oye27d1b/config.headers/conftest.c 
Preprocess output before filtering:
Preprocess output after filtering:
            Defined "HAVE_FCNTL_H" to "1"
=============================================================================================
TESTING: check from config.headers(/home/lzy/projects/formal_3D_flow_solver/FEM_SimVascular/external/dependencies/sv1_1/petsc-3.19.6/config/BuildSystem/config/headers.py:77)
  Checks for "header", and defines HAVE_"header" if found
Checking for header: float.h
Preprocessing source:
#include "confdefs.h"
#include "conffix.h"
#include <float.h>

Executing: /usr/bin/mpicc -E  -I/tmp/petsc-oye27d1b/config.setCompilers -I/tmp/petsc-oye27d1b/config.headers  /tmp/petsc-oye27d1b/config.headers/conftest.c 
Preprocess output before filtering:
Preprocess output after filtering:
            Defined "HAVE_FLOAT_H" to "1"
=============================================================================================
TESTING: check from config.headers(/home/lzy/projects/formal_3D_flow_solver/FEM_SimVascular/external/dependencies/sv1_1/petsc-3.19.6/config/BuildSystem/config/headers.py:77)
  Checks for "header", and defines HAVE_"header" if found
Checking for header: io.h
Preprocessing source:
#include "confdefs.h"
#include "conffix.h"
#include <io.h>

Executing: /usr/bin/mpicc -E  -I/tmp/petsc-oye27d1b/config.setCompilers -I/tmp/petsc-oye27d1b/config.headers  /tmp/petsc-oye27d1b/config.headers/conftest.c 
Possible ERROR while running preprocessor: exit code 1
stdout:
# 0 "/tmp/petsc-oye27d1b/config.headers/conftest.c"
# 0 "<built-in>"
# 0 "<command-line>"
# 1 "/usr/include/stdc-predef.h" 1 3 4
# 0 "<command-line>" 2
# 1 "/tmp/petsc-oye27d1b/config.headers/conftest.c"
# 1 "/tmp/petsc-oye27d1b/config.headers/confdefs.h" 1
# 2 "/tmp/petsc-oye27d1b/config.headers/conftest.c" 2
# 1 "/tmp/petsc-oye27d1b/config.headers/conffix.h" 1
# 3 "/tmp/petsc-oye27d1b/config.headers/conftest.c" 2
stderr:
/tmp/petsc-oye27d1b/config.headers/conftest.c:3:10: fatal error: io.h: No such file or directory
    3 | #include <io.h>
      |          ^~~~~~
compilation terminated.
Source:
#include "confdefs.h"
#include "conffix.h"
#include <io.h>

Preprocess output before filtering:
/tmp/petsc-oye27d1b/config.headers/conftest.c:3:10: fatal error: io.h: No such file or directory
    3 | #include <io.h>
      |          ^~~~~~
compilation terminated.
Preprocess output after filtering:
/tmp/petsc-oye27d1b/config.headers/conftest.c:3:10: fatal error: io.h: No such file or directory
    3 | #include <io.h>
      |          ^~~~~~
compilation terminated.
=============================================================================================
TESTING: check from config.headers(/home/lzy/projects/formal_3D_flow_solver/FEM_SimVascular/external/dependencies/sv1_1/petsc-3.19.6/config/BuildSystem/config/headers.py:77)
  Checks for "header", and defines HAVE_"header" if found
Checking for header: malloc.h
Preprocessing source:
#include "confdefs.h"
#include "conffix.h"
#include <malloc.h>

Executing: /usr/bin/mpicc -E  -I/tmp/petsc-oye27d1b/config.setCompilers -I/tmp/petsc-oye27d1b/config.headers  /tmp/petsc-oye27d1b/config.headers/conftest.c 
Preprocess output before filtering:
Preprocess output after filtering:
            Defined "HAVE_MALLOC_H" to "1"
=============================================================================================
TESTING: check from config.headers(/home/lzy/projects/formal_3D_flow_solver/FEM_SimVascular/external/dependencies/sv1_1/petsc-3.19.6/config/BuildSystem/config/headers.py:77)
  Checks for "header", and defines HAVE_"header" if found
Checking for header: pwd.h
Preprocessing source:
#include "confdefs.h"
#include "conffix.h"
#include <pwd.h>

Executing: /usr/bin/mpicc -E  -I/tmp/petsc-oye27d1b/config.setCompilers -I/tmp/petsc-oye27d1b/config.headers  /tmp/petsc-oye27d1b/config.headers/conftest.c 
Preprocess output before filtering:
Preprocess output after filtering:
            Defined "HAVE_PWD_H" to "1"
=============================================================================================
TESTING: check from config.headers(/home/lzy/projects/formal_3D_flow_solver/FEM_SimVascular/external/dependencies/sv1_1/petsc-3.19.6/config/BuildSystem/config/headers.py:77)
  Checks for "header", and defines HAVE_"header" if found
Checking for header: strings.h
Preprocessing source:
#include "confdefs.h"
#include "conffix.h"
#include <strings.h>

Executing: /usr/bin/mpicc -E  -I/tmp/petsc-oye27d1b/config.setCompilers -I/tmp/petsc-oye27d1b/config.headers  /tmp/petsc-oye27d1b/config.headers/conftest.c 
Preprocess output before filtering:
Preprocess output after filtering:
            Defined "HAVE_STRINGS_H" to "1"
=============================================================================================
TESTING: check from config.headers(/home/lzy/projects/formal_3D_flow_solver/FEM_SimVascular/external/dependencies/sv1_1/petsc-3.19.6/config/BuildSystem/config/headers.py:77)
  Checks for "header", and defines HAVE_"header" if found
Checking for header: unistd.h
Preprocessing source:
#include "confdefs.h"
#include "conffix.h"
#include <unistd.h>

Executing: /usr/bin/mpicc -E  -I/tmp/petsc-oye27d1b/config.setCompilers -I/tmp/petsc-oye27d1b/config.headers  /tmp/petsc-oye27d1b/config.headers/conftest.c 
Preprocess output before filtering:
Preprocess output after filtering:
            Defined "HAVE_UNISTD_H" to "1"
=============================================================================================
TESTING: check from config.headers(/home/lzy/projects/formal_3D_flow_solver/FEM_SimVascular/external/dependencies/sv1_1/petsc-3.19.6/config/BuildSystem/config/headers.py:77)
  Checks for "header", and defines HAVE_"header" if found
Checking for header: machine/endian.h
Preprocessing source:
#include "confdefs.h"
#include "conffix.h"
#include <machine/endian.h>

Executing: /usr/bin/mpicc -E  -I/tmp/petsc-oye27d1b/config.setCompilers -I/tmp/petsc-oye27d1b/config.headers  /tmp/petsc-oye27d1b/config.headers/conftest.c 
Possible ERROR while running preprocessor: exit code 1
stdout:
# 0 "/tmp/petsc-oye27d1b/config.headers/conftest.c"
# 0 "<built-in>"
# 0 "<command-line>"
# 1 "/usr/include/stdc-predef.h" 1 3 4
# 0 "<command-line>" 2
# 1 "/tmp/petsc-oye27d1b/config.headers/conftest.c"
# 1 "/tmp/petsc-oye27d1b/config.headers/confdefs.h" 1
# 2 "/tmp/petsc-oye27d1b/config.headers/conftest.c" 2
# 1 "/tmp/petsc-oye27d1b/config.headers/conffix.h" 1
# 3 "/tmp/petsc-oye27d1b/config.headers/conftest.c" 2
stderr:
/tmp/petsc-oye27d1b/config.headers/conftest.c:3:10: fatal error: machine/endian.h: No such file or directory
    3 | #include <machine/endian.h>
      |          ^~~~~~~~~~~~~~~~~~
compilation terminated.
Source:
#include "confdefs.h"
#include "conffix.h"
#include <machine/endian.h>

Preprocess output before filtering:
/tmp/petsc-oye27d1b/config.headers/conftest.c:3:10: fatal error: machine/endian.h: No such file or directory
    3 | #include <machine/endian.h>
      |          ^~~~~~~~~~~~~~~~~~
compilation terminated.
Preprocess output after filtering:
/tmp/petsc-oye27d1b/config.headers/conftest.c:3:10: fatal error: machine/endian.h: No such file or directory
    3 | #include <machine/endian.h>
      |          ^~~~~~~~~~~~~~~~~~
compilation terminated.
=============================================================================================
TESTING: check from config.headers(/home/lzy/projects/formal_3D_flow_solver/FEM_SimVascular/external/dependencies/sv1_1/petsc-3.19.6/config/BuildSystem/config/headers.py:77)
  Checks for "header", and defines HAVE_"header" if found
Checking for header: sys/param.h
Preprocessing source:
#include "confdefs.h"
#include "conffix.h"
#include <sys/param.h>

Executing: /usr/bin/mpicc -E  -I/tmp/petsc-oye27d1b/config.setCompilers -I/tmp/petsc-oye27d1b/config.headers  /tmp/petsc-oye27d1b/config.headers/conftest.c 
Preprocess output before filtering:
Preprocess output after filtering:
            Defined "HAVE_SYS_PARAM_H" to "1"
=============================================================================================
TESTING: check from config.headers(/home/lzy/projects/formal_3D_flow_solver/FEM_SimVascular/external/dependencies/sv1_1/petsc-3.19.6/config/BuildSystem/config/headers.py:77)
  Checks for "header", and defines HAVE_"header" if found
Checking for header: sys/procfs.h
Preprocessing source:
#include "confdefs.h"
#include "conffix.h"
#include <sys/procfs.h>

Executing: /usr/bin/mpicc -E  -I/tmp/petsc-oye27d1b/config.setCompilers -I/tmp/petsc-oye27d1b/config.headers  /tmp/petsc-oye27d1b/config.headers/conftest.c 
Preprocess output before filtering:
Preprocess output after filtering:
            Defined "HAVE_SYS_PROCFS_H" to "1"
=============================================================================================
TESTING: check from config.headers(/home/lzy/projects/formal_3D_flow_solver/FEM_SimVascular/external/dependencies/sv1_1/petsc-3.19.6/config/BuildSystem/config/headers.py:77)
  Checks for "header", and defines HAVE_"header" if found
Checking for header: sys/resource.h
Preprocessing source:
#include "confdefs.h"
#include "conffix.h"
#include <sys/resource.h>

Executing: /usr/bin/mpicc -E  -I/tmp/petsc-oye27d1b/config.setCompilers -I/tmp/petsc-oye27d1b/config.headers  /tmp/petsc-oye27d1b/config.headers/conftest.c 
Preprocess output before filtering:
Preprocess output after filtering:
            Defined "HAVE_SYS_RESOURCE_H" to "1"
=============================================================================================
TESTING: check from config.headers(/home/lzy/projects/formal_3D_flow_solver/FEM_SimVascular/external/dependencies/sv1_1/petsc-3.19.6/config/BuildSystem/config/headers.py:77)
  Checks for "header", and defines HAVE_"header" if found
Checking for header: sys/systeminfo.h
Preprocessing source:
#include "confdefs.h"
#include "conffix.h"
#include <sys/systeminfo.h>

Executing: /usr/bin/mpicc -E  -I/tmp/petsc-oye27d1b/config.setCompilers -I/tmp/petsc-oye27d1b/config.headers  /tmp/petsc-oye27d1b/config.headers/conftest.c 
Possible ERROR while running preprocessor: exit code 1
stdout:
# 0 "/tmp/petsc-oye27d1b/config.headers/conftest.c"
# 0 "<built-in>"
# 0 "<command-line>"
# 1 "/usr/include/stdc-predef.h" 1 3 4
# 0 "<command-line>" 2
# 1 "/tmp/petsc-oye27d1b/config.headers/conftest.c"
# 1 "/tmp/petsc-oye27d1b/config.headers/confdefs.h" 1
# 2 "/tmp/petsc-oye27d1b/config.headers/conftest.c" 2
# 1 "/tmp/petsc-oye27d1b/config.headers/conffix.h" 1
# 3 "/tmp/petsc-oye27d1b/config.headers/conftest.c" 2
stderr:
/tmp/petsc-oye27d1b/config.headers/conftest.c:3:10: fatal error: sys/systeminfo.h: No such file or directory
    3 | #include <sys/systeminfo.h>
      |          ^~~~~~~~~~~~~~~~~~
compilation terminated.
Source:
#include "confdefs.h"
#include "conffix.h"
#include <sys/systeminfo.h>

Preprocess output before filtering:
/tmp/petsc-oye27d1b/config.headers/conftest.c:3:10: fatal error: sys/systeminfo.h: No such file or directory
    3 | #include <sys/systeminfo.h>
      |          ^~~~~~~~~~~~~~~~~~
compilation terminated.
Preprocess output after filtering:
/tmp/petsc-oye27d1b/config.headers/conftest.c:3:10: fatal error: sys/systeminfo.h: No such file or directory
    3 | #include <sys/systeminfo.h>
      |          ^~~~~~~~~~~~~~~~~~
compilation terminated.
=============================================================================================
TESTING: check from config.headers(/home/lzy/projects/formal_3D_flow_solver/FEM_SimVascular/external/dependencies/sv1_1/petsc-3.19.6/config/BuildSystem/config/headers.py:77)
  Checks for "header", and defines HAVE_"header" if found
Checking for header: sys/times.h
Preprocessing source:
#include "confdefs.h"
#include "conffix.h"
#include <sys/times.h>

Executing: /usr/bin/mpicc -E  -I/tmp/petsc-oye27d1b/config.setCompilers -I/tmp/petsc-oye27d1b/config.headers  /tmp/petsc-oye27d1b/config.headers/conftest.c 
Preprocess output before filtering:
Preprocess output after filtering:
            Defined "HAVE_SYS_TIMES_H" to "1"
=============================================================================================
TESTING: check from config.headers(/home/lzy/projects/formal_3D_flow_solver/FEM_SimVascular/external/dependencies/sv1_1/petsc-3.19.6/config/BuildSystem/config/headers.py:77)
  Checks for "header", and defines HAVE_"header" if found
Checking for header: sys/utsname.h
Preprocessing source:
#include "confdefs.h"
#include "conffix.h"
#include <sys/utsname.h>

Executing: /usr/bin/mpicc -E  -I/tmp/petsc-oye27d1b/config.setCompilers -I/tmp/petsc-oye27d1b/config.headers  /tmp/petsc-oye27d1b/config.headers/conftest.c 
Preprocess output before filtering:
Preprocess output after filtering:
            Defined "HAVE_SYS_UTSNAME_H" to "1"
=============================================================================================
TESTING: check from config.headers(/home/lzy/projects/formal_3D_flow_solver/FEM_SimVascular/external/dependencies/sv1_1/petsc-3.19.6/config/BuildSystem/config/headers.py:77)
  Checks for "header", and defines HAVE_"header" if found
Checking for header: sys/socket.h
Preprocessing source:
#include "confdefs.h"
#include "conffix.h"
#include <sys/socket.h>

Executing: /usr/bin/mpicc -E  -I/tmp/petsc-oye27d1b/config.setCompilers -I/tmp/petsc-oye27d1b/config.headers  /tmp/petsc-oye27d1b/config.headers/conftest.c 
Preprocess output before filtering:
Preprocess output after filtering:
            Defined "HAVE_SYS_SOCKET_H" to "1"
=============================================================================================
TESTING: check from config.headers(/home/lzy/projects/formal_3D_flow_solver/FEM_SimVascular/external/dependencies/sv1_1/petsc-3.19.6/config/BuildSystem/config/headers.py:77)
  Checks for "header", and defines HAVE_"header" if found
Checking for header: sys/wait.h
Preprocessing source:
#include "confdefs.h"
#include "conffix.h"
#include <sys/wait.h>

Executing: /usr/bin/mpicc -E  -I/tmp/petsc-oye27d1b/config.setCompilers -I/tmp/petsc-oye27d1b/config.headers  /tmp/petsc-oye27d1b/config.headers/conftest.c 
Preprocess output before filtering:
Preprocess output after filtering:
            Defined "HAVE_SYS_WAIT_H" to "1"
=============================================================================================
TESTING: check from config.headers(/home/lzy/projects/formal_3D_flow_solver/FEM_SimVascular/external/dependencies/sv1_1/petsc-3.19.6/config/BuildSystem/config/headers.py:77)
  Checks for "header", and defines HAVE_"header" if found
Checking for header: netinet/in.h
Preprocessing source:
#include "confdefs.h"
#include "conffix.h"
#include <netinet/in.h>

Executing: /usr/bin/mpicc -E  -I/tmp/petsc-oye27d1b/config.setCompilers -I/tmp/petsc-oye27d1b/config.headers  /tmp/petsc-oye27d1b/config.headers/conftest.c 
Preprocess output before filtering:
Preprocess output after filtering:
            Defined "HAVE_NETINET_IN_H" to "1"
=============================================================================================
TESTING: check from config.headers(/home/lzy/projects/formal_3D_flow_solver/FEM_SimVascular/external/dependencies/sv1_1/petsc-3.19.6/config/BuildSystem/config/headers.py:77)
  Checks for "header", and defines HAVE_"header" if found
Checking for header: netdb.h
Preprocessing source:
#include "confdefs.h"
#include "conffix.h"
#include <netdb.h>

Executing: /usr/bin/mpicc -E  -I/tmp/petsc-oye27d1b/config.setCompilers -I/tmp/petsc-oye27d1b/config.headers  /tmp/petsc-oye27d1b/config.headers/conftest.c 
Preprocess output before filtering:
Preprocess output after filtering:
            Defined "HAVE_NETDB_H" to "1"
=============================================================================================
TESTING: check from config.headers(/home/lzy/projects/formal_3D_flow_solver/FEM_SimVascular/external/dependencies/sv1_1/petsc-3.19.6/config/BuildSystem/config/headers.py:77)
  Checks for "header", and defines HAVE_"header" if found
Checking for header: direct.h
Preprocessing source:
#include "confdefs.h"
#include "conffix.h"
#include <direct.h>

Executing: /usr/bin/mpicc -E  -I/tmp/petsc-oye27d1b/config.setCompilers -I/tmp/petsc-oye27d1b/config.headers  /tmp/petsc-oye27d1b/config.headers/conftest.c 
Possible ERROR while running preprocessor: exit code 1
stdout:
# 0 "/tmp/petsc-oye27d1b/config.headers/conftest.c"
# 0 "<built-in>"
# 0 "<command-line>"
# 1 "/usr/include/stdc-predef.h" 1 3 4
# 0 "<command-line>" 2
# 1 "/tmp/petsc-oye27d1b/config.headers/conftest.c"
# 1 "/tmp/petsc-oye27d1b/config.headers/confdefs.h" 1
# 2 "/tmp/petsc-oye27d1b/config.headers/conftest.c" 2
# 1 "/tmp/petsc-oye27d1b/config.headers/conffix.h" 1
# 3 "/tmp/petsc-oye27d1b/config.headers/conftest.c" 2
stderr:
/tmp/petsc-oye27d1b/config.headers/conftest.c:3:10: fatal error: direct.h: No such file or directory
    3 | #include <direct.h>
      |          ^~~~~~~~~~
compilation terminated.
Source:
#include "confdefs.h"
#include "conffix.h"
#include <direct.h>

Preprocess output before filtering:
/tmp/petsc-oye27d1b/config.headers/conftest.c:3:10: fatal error: direct.h: No such file or directory
    3 | #include <direct.h>
      |          ^~~~~~~~~~
compilation terminated.
Preprocess output after filtering:
/tmp/petsc-oye27d1b/config.headers/conftest.c:3:10: fatal error: direct.h: No such file or directory
    3 | #include <direct.h>
      |          ^~~~~~~~~~
compilation terminated.
=============================================================================================
TESTING: check from config.headers(/home/lzy/projects/formal_3D_flow_solver/FEM_SimVascular/external/dependencies/sv1_1/petsc-3.19.6/config/BuildSystem/config/headers.py:77)
  Checks for "header", and defines HAVE_"header" if found
Checking for header: time.h
Preprocessing source:
#include "confdefs.h"
#include "conffix.h"
#include <time.h>

Executing: /usr/bin/mpicc -E  -I/tmp/petsc-oye27d1b/config.setCompilers -I/tmp/petsc-oye27d1b/config.headers  /tmp/petsc-oye27d1b/config.headers/conftest.c 
Preprocess output before filtering:
Preprocess output after filtering:
            Defined "HAVE_TIME_H" to "1"
=============================================================================================
TESTING: check from config.headers(/home/lzy/projects/formal_3D_flow_solver/FEM_SimVascular/external/dependencies/sv1_1/petsc-3.19.6/config/BuildSystem/config/headers.py:77)
  Checks for "header", and defines HAVE_"header" if found
Checking for header: Ws2tcpip.h
Preprocessing source:
#include "confdefs.h"
#include "conffix.h"
#include <Ws2tcpip.h>

Executing: /usr/bin/mpicc -E  -I/tmp/petsc-oye27d1b/config.setCompilers -I/tmp/petsc-oye27d1b/config.headers  /tmp/petsc-oye27d1b/config.headers/conftest.c 
Possible ERROR while running preprocessor: exit code 1
stdout:
# 0 "/tmp/petsc-oye27d1b/config.headers/conftest.c"
# 0 "<built-in>"
# 0 "<command-line>"
# 1 "/usr/include/stdc-predef.h" 1 3 4
# 0 "<command-line>" 2
# 1 "/tmp/petsc-oye27d1b/config.headers/conftest.c"
# 1 "/tmp/petsc-oye27d1b/config.headers/confdefs.h" 1
# 2 "/tmp/petsc-oye27d1b/config.headers/conftest.c" 2
# 1 "/tmp/petsc-oye27d1b/config.headers/conffix.h" 1
# 3 "/tmp/petsc-oye27d1b/config.headers/conftest.c" 2
stderr:
/tmp/petsc-oye27d1b/config.headers/conftest.c:3:10: fatal error: Ws2tcpip.h: No such file or directory
    3 | #include <Ws2tcpip.h>
      |          ^~~~~~~~~~~~
compilation terminated.
Source:
#include "confdefs.h"
#include "conffix.h"
#include <Ws2tcpip.h>

Preprocess output before filtering:
/tmp/petsc-oye27d1b/config.headers/conftest.c:3:10: fatal error: Ws2tcpip.h: No such file or directory
    3 | #include <Ws2tcpip.h>
      |          ^~~~~~~~~~~~
compilation terminated.
Preprocess output after filtering:
/tmp/petsc-oye27d1b/config.headers/conftest.c:3:10: fatal error: Ws2tcpip.h: No such file or directory
    3 | #include <Ws2tcpip.h>
      |          ^~~~~~~~~~~~
compilation terminated.
=============================================================================================
TESTING: check from config.headers(/home/lzy/projects/formal_3D_flow_solver/FEM_SimVascular/external/dependencies/sv1_1/petsc-3.19.6/config/BuildSystem/config/headers.py:77)
  Checks for "header", and defines HAVE_"header" if found
Checking for header: sys/types.h
Preprocessing source:
#include "confdefs.h"
#include "conffix.h"
#include <sys/types.h>

Executing: /usr/bin/mpicc -E  -I/tmp/petsc-oye27d1b/config.setCompilers -I/tmp/petsc-oye27d1b/config.headers  /tmp/petsc-oye27d1b/config.headers/conftest.c 
Preprocess output before filtering:
Preprocess output after filtering:
            Defined "HAVE_SYS_TYPES_H" to "1"
=============================================================================================
TESTING: check from config.headers(/home/lzy/projects/formal_3D_flow_solver/FEM_SimVascular/external/dependencies/sv1_1/petsc-3.19.6/config/BuildSystem/config/headers.py:77)
  Checks for "header", and defines HAVE_"header" if found
Checking for header: WindowsX.h
Preprocessing source:
#include "confdefs.h"
#include "conffix.h"
#include <WindowsX.h>

Executing: /usr/bin/mpicc -E  -I/tmp/petsc-oye27d1b/config.setCompilers -I/tmp/petsc-oye27d1b/config.headers  /tmp/petsc-oye27d1b/config.headers/conftest.c 
Possible ERROR while running preprocessor: exit code 1
stdout:
# 0 "/tmp/petsc-oye27d1b/config.headers/conftest.c"
# 0 "<built-in>"
# 0 "<command-line>"
# 1 "/usr/include/stdc-predef.h" 1 3 4
# 0 "<command-line>" 2
# 1 "/tmp/petsc-oye27d1b/config.headers/conftest.c"
# 1 "/tmp/petsc-oye27d1b/config.headers/confdefs.h" 1
# 2 "/tmp/petsc-oye27d1b/config.headers/conftest.c" 2
# 1 "/tmp/petsc-oye27d1b/config.headers/conffix.h" 1
# 3 "/tmp/petsc-oye27d1b/config.headers/conftest.c" 2
stderr:
/tmp/petsc-oye27d1b/config.headers/conftest.c:3:10: fatal error: WindowsX.h: No such file or directory
    3 | #include <WindowsX.h>
      |          ^~~~~~~~~~~~
compilation terminated.
Source:
#include "confdefs.h"
#include "conffix.h"
#include <WindowsX.h>

Preprocess output before filtering:
/tmp/petsc-oye27d1b/config.headers/conftest.c:3:10: fatal error: WindowsX.h: No such file or directory
    3 | #include <WindowsX.h>
      |          ^~~~~~~~~~~~
compilation terminated.
Preprocess output after filtering:
/tmp/petsc-oye27d1b/config.headers/conftest.c:3:10: fatal error: WindowsX.h: No such file or directory
    3 | #include <WindowsX.h>
      |          ^~~~~~~~~~~~
compilation terminated.
=============================================================================================
TESTING: check from config.headers(/home/lzy/projects/formal_3D_flow_solver/FEM_SimVascular/external/dependencies/sv1_1/petsc-3.19.6/config/BuildSystem/config/headers.py:77)
  Checks for "header", and defines HAVE_"header" if found
Checking for header: float.h
Preprocessing source:
#include "confdefs.h"
#include "conffix.h"
#include <float.h>

Executing: /usr/bin/mpicc -E  -I/tmp/petsc-oye27d1b/config.setCompilers -I/tmp/petsc-oye27d1b/config.headers  /tmp/petsc-oye27d1b/config.headers/conftest.c 
Preprocess output before filtering:
Preprocess output after filtering:
            Defined "HAVE_FLOAT_H" to "1"
=============================================================================================
TESTING: check from config.headers(/home/lzy/projects/formal_3D_flow_solver/FEM_SimVascular/external/dependencies/sv1_1/petsc-3.19.6/config/BuildSystem/config/headers.py:77)
  Checks for "header", and defines HAVE_"header" if found
Checking for header: ieeefp.h
Preprocessing source:
#include "confdefs.h"
#include "conffix.h"
#include <ieeefp.h>

Executing: /usr/bin/mpicc -E  -I/tmp/petsc-oye27d1b/config.setCompilers -I/tmp/petsc-oye27d1b/config.headers  /tmp/petsc-oye27d1b/config.headers/conftest.c 
Possible ERROR while running preprocessor: exit code 1
stdout:
# 0 "/tmp/petsc-oye27d1b/config.headers/conftest.c"
# 0 "<built-in>"
# 0 "<command-line>"
# 1 "/usr/include/stdc-predef.h" 1 3 4
# 0 "<command-line>" 2
# 1 "/tmp/petsc-oye27d1b/config.headers/conftest.c"
# 1 "/tmp/petsc-oye27d1b/config.headers/confdefs.h" 1
# 2 "/tmp/petsc-oye27d1b/config.headers/conftest.c" 2
# 1 "/tmp/petsc-oye27d1b/config.headers/conffix.h" 1
# 3 "/tmp/petsc-oye27d1b/config.headers/conftest.c" 2
stderr:
/tmp/petsc-oye27d1b/config.headers/conftest.c:3:10: fatal error: ieeefp.h: No such file or directory
    3 | #include <ieeefp.h>
      |          ^~~~~~~~~~
compilation terminated.
Source:
#include "confdefs.h"
#include "conffix.h"
#include <ieeefp.h>

Preprocess output before filtering:
/tmp/petsc-oye27d1b/config.headers/conftest.c:3:10: fatal error: ieeefp.h: No such file or directory
    3 | #include <ieeefp.h>
      |          ^~~~~~~~~~
compilation terminated.
Preprocess output after filtering:
/tmp/petsc-oye27d1b/config.headers/conftest.c:3:10: fatal error: ieeefp.h: No such file or directory
    3 | #include <ieeefp.h>
      |          ^~~~~~~~~~
compilation terminated.
=============================================================================================
TESTING: check from config.headers(/home/lzy/projects/formal_3D_flow_solver/FEM_SimVascular/external/dependencies/sv1_1/petsc-3.19.6/config/BuildSystem/config/headers.py:77)
  Checks for "header", and defines HAVE_"header" if found
Checking for header: stdint.h
Preprocessing source:
#include "confdefs.h"
#include "conffix.h"
#include <stdint.h>

Executing: /usr/bin/mpicc -E  -I/tmp/petsc-oye27d1b/config.setCompilers -I/tmp/petsc-oye27d1b/config.headers  /tmp/petsc-oye27d1b/config.headers/conftest.c 
Preprocess output before filtering:
Preprocess output after filtering:
            Defined "HAVE_STDINT_H" to "1"
=============================================================================================
TESTING: check from config.headers(/home/lzy/projects/formal_3D_flow_solver/FEM_SimVascular/external/dependencies/sv1_1/petsc-3.19.6/config/BuildSystem/config/headers.py:77)
  Checks for "header", and defines HAVE_"header" if found
Checking for header: inttypes.h
Preprocessing source:
#include "confdefs.h"
#include "conffix.h"
#include <inttypes.h>

Executing: /usr/bin/mpicc -E  -I/tmp/petsc-oye27d1b/config.setCompilers -I/tmp/petsc-oye27d1b/config.headers  /tmp/petsc-oye27d1b/config.headers/conftest.c 
Preprocess output before filtering:
Preprocess output after filtering:
            Defined "HAVE_INTTYPES_H" to "1"
=============================================================================================
TESTING: check from config.headers(/home/lzy/projects/formal_3D_flow_solver/FEM_SimVascular/external/dependencies/sv1_1/petsc-3.19.6/config/BuildSystem/config/headers.py:77)
  Checks for "header", and defines HAVE_"header" if found
Checking for header: immintrin.h
Preprocessing source:
#include "confdefs.h"
#include "conffix.h"
#include <immintrin.h>

Executing: /usr/bin/mpicc -E  -I/tmp/petsc-oye27d1b/config.setCompilers -I/tmp/petsc-oye27d1b/config.headers  /tmp/petsc-oye27d1b/config.headers/conftest.c 
Preprocess output before filtering:
Preprocess output after filtering:
            Defined "HAVE_IMMINTRIN_H" to "1"
=============================================================================================
TESTING: checkRecursiveMacros from config.headers(/home/lzy/projects/formal_3D_flow_solver/FEM_SimVascular/external/dependencies/sv1_1/petsc-3.19.6/config/BuildSystem/config/headers.py:184)
  Checks that the preprocessor allows recursive macros, and if not defines HAVE_BROKEN_RECURSIVE_MACRO
Executing: /usr/bin/mpicc -c -o /tmp/petsc-oye27d1b/config.headers/conftest.o -I/tmp/petsc-oye27d1b/config.libraries -I/tmp/petsc-oye27d1b/config.compilerFlags -I/tmp/petsc-oye27d1b/config.setCompilers -I/tmp/petsc-oye27d1b/config.compilers -I/tmp/petsc-oye27d1b/config.headers  -fPIC -Wall -Wwrite-strings -Wno-unknown-pragmas -Wno-lto-type-mismatch -Wno-stringop-overflow -fstack-protector -fvisibility=hidden -g -O  /tmp/petsc-oye27d1b/config.headers/conftest.c 
Successful compile:
Source:
#include "confdefs.h"
#include "conffix.h"
void a(int i, int j) {}
#define a(b) a(b,__LINE__)

int main() {
a(0);
;
  return 0;
}

    child config.headers took 0.755201 seconds
=============================================================================================
TESTING: configureL1CacheLineSize from config.utilities.cacheDetails(/home/lzy/projects/formal_3D_flow_solver/FEM_SimVascular/external/dependencies/sv1_1/petsc-3.19.6/config/BuildSystem/config/utilities/cacheDetails.py:127)
  
    Try to determine the size (in bytes) of an L1 cacheline. On success defines the
    variable PETSC_LEVEL1_DCACHE_LINESIZE to the determined value.
    
Executing: /usr/bin/mpicc -c -o /tmp/petsc-oye27d1b/config.utilities.cacheDetails/conftest.o -I/tmp/petsc-oye27d1b/config.libraries -I/tmp/petsc-oye27d1b/config.compilerFlags -I/tmp/petsc-oye27d1b/config.setCompilers -I/tmp/petsc-oye27d1b/config.compilers -I/tmp/petsc-oye27d1b/config.headers -I/tmp/petsc-oye27d1b/config.utilities.cacheDetails  -fPIC -Wall -Wwrite-strings -Wno-unknown-pragmas -Wno-lto-type-mismatch -Wno-stringop-overflow -fstack-protector -fvisibility=hidden -g -O  /tmp/petsc-oye27d1b/config.utilities.cacheDetails/conftest.c 
Successful compile:
Source:
#include "confdefs.h"
#include "conffix.h"
#include <unistd.h>
long getconf_level1_dcache_linesize() {
  long val = sysconf(_SC_LEVEL1_DCACHE_LINESIZE);
  return val >= 0 ? val : 32;
}

int main() {
getconf_level1_dcache_linesize();;
  return 0;
}

======== Checking running linked program
Executing: /usr/bin/mpicc -c -o /tmp/petsc-oye27d1b/config.utilities.cacheDetails/conftest.o -I/tmp/petsc-oye27d1b/config.libraries -I/tmp/petsc-oye27d1b/config.compilerFlags -I/tmp/petsc-oye27d1b/config.setCompilers -I/tmp/petsc-oye27d1b/config.compilers -I/tmp/petsc-oye27d1b/config.headers -I/tmp/petsc-oye27d1b/config.utilities.cacheDetails  -fPIC -Wall -Wwrite-strings -Wno-unknown-pragmas -Wno-lto-type-mismatch -Wno-stringop-overflow -fstack-protector -fvisibility=hidden -g -O  /tmp/petsc-oye27d1b/config.utilities.cacheDetails/conftest.c 
Successful compile:
Source:
#include "confdefs.h"
#include "conffix.h"
#include <stdio.h>
#include <unistd.h>
long getconf_level1_dcache_linesize() {
  long val = sysconf(_SC_LEVEL1_DCACHE_LINESIZE);
  return val >= 0 ? val : 32;
}

int main() {
  FILE *output = fopen("conftestval", "w");
  if (!output) return 1;
  fprintf(output, "%ld", (long)getconf_level1_dcache_linesize());
  fclose(output);;
  return 0;
}

Executing: /usr/bin/mpicc  -o /tmp/petsc-oye27d1b/config.utilities.cacheDetails/conftest    -fPIC -Wall -Wwrite-strings -Wno-unknown-pragmas -Wno-lto-type-mismatch -Wno-stringop-overflow -fstack-protector -fvisibility=hidden -g -O /tmp/petsc-oye27d1b/config.utilities.cacheDetails/conftest.o 
Testing executable /tmp/petsc-oye27d1b/config.utilities.cacheDetails/conftest to see if it can be run
Executing: /tmp/petsc-oye27d1b/config.utilities.cacheDetails/conftest
Running Executable with threads to time it out at 60
Executing: /tmp/petsc-oye27d1b/config.utilities.cacheDetails/conftest
            Defined "LEVEL1_DCACHE_LINESIZE" to "64"
    child config.utilities.cacheDetails took 0.064761 seconds
=============================================================================================
TESTING: check_struct_sigaction from config.types(/home/lzy/projects/formal_3D_flow_solver/FEM_SimVascular/external/dependencies/sv1_1/petsc-3.19.6/config/BuildSystem/config/types.py:42)
  Checks if "struct sigaction" exists in signal.h. This check is for C89 check.
Checking for type: struct sigaction
Executing: /usr/bin/mpicc -c -o /tmp/petsc-oye27d1b/config.types/conftest.o -I/tmp/petsc-oye27d1b/config.libraries -I/tmp/petsc-oye27d1b/config.compilerFlags -I/tmp/petsc-oye27d1b/config.setCompilers -I/tmp/petsc-oye27d1b/config.compilers -I/tmp/petsc-oye27d1b/config.headers -I/tmp/petsc-oye27d1b/config.utilities.cacheDetails -I/tmp/petsc-oye27d1b/config.types  -fPIC -Wall -Wwrite-strings -Wno-unknown-pragmas -Wno-lto-type-mismatch -Wno-stringop-overflow -fstack-protector -fvisibility=hidden -g -O  /tmp/petsc-oye27d1b/config.types/conftest.c 
Successful compile:
Source:
#include "confdefs.h"
#include "conffix.h"

#include <sys/types.h>
#include <stdlib.h>
#include <stddef.h>
#include<signal.h>
    

int main() {
struct sigaction a;
(void)a;
  return 0;
}

struct sigaction found
            Defined "HAVE_STRUCT_SIGACTION" to "1"
=============================================================================================
TESTING: check__int64 from config.types(/home/lzy/projects/formal_3D_flow_solver/FEM_SimVascular/external/dependencies/sv1_1/petsc-3.19.6/config/BuildSystem/config/types.py:48)
  Checks if __int64 exists. This is primarily for windows.
Checking for type: __int64
Executing: /usr/bin/mpicc -c -o /tmp/petsc-oye27d1b/config.types/conftest.o -I/tmp/petsc-oye27d1b/config.libraries -I/tmp/petsc-oye27d1b/config.compilerFlags -I/tmp/petsc-oye27d1b/config.setCompilers -I/tmp/petsc-oye27d1b/config.compilers -I/tmp/petsc-oye27d1b/config.headers -I/tmp/petsc-oye27d1b/config.utilities.cacheDetails -I/tmp/petsc-oye27d1b/config.types  -fPIC -Wall -Wwrite-strings -Wno-unknown-pragmas -Wno-lto-type-mismatch -Wno-stringop-overflow -fstack-protector -fvisibility=hidden -g -O  /tmp/petsc-oye27d1b/config.types/conftest.c 
Possible ERROR while running compiler: exit code 1
stderr:
/tmp/petsc-oye27d1b/config.types/conftest.c: In function ‘main’:
/tmp/petsc-oye27d1b/config.types/conftest.c:11:1: error: unknown type name ‘__int64’; did you mean ‘__int64_t’?
   11 | __int64 a;
      | ^~~~~~~
      | __int64_t
Source:
#include "confdefs.h"
#include "conffix.h"

#include <sys/types.h>
#include <stdlib.h>
#include <stddef.h>

    

int main() {
__int64 a;
(void)a;
  return 0;
}

__int64 found
=============================================================================================
TESTING: checkSizeTypes from config.types(/home/lzy/projects/formal_3D_flow_solver/FEM_SimVascular/external/dependencies/sv1_1/petsc-3.19.6/config/BuildSystem/config/types.py:54)
  Checks for types associated with sizes, such as size_t.
Checking for type: size_t
Executing: /usr/bin/mpicc -c -o /tmp/petsc-oye27d1b/config.types/conftest.o -I/tmp/petsc-oye27d1b/config.libraries -I/tmp/petsc-oye27d1b/config.compilerFlags -I/tmp/petsc-oye27d1b/config.setCompilers -I/tmp/petsc-oye27d1b/config.compilers -I/tmp/petsc-oye27d1b/config.headers -I/tmp/petsc-oye27d1b/config.utilities.cacheDetails -I/tmp/petsc-oye27d1b/config.types  -fPIC -Wall -Wwrite-strings -Wno-unknown-pragmas -Wno-lto-type-mismatch -Wno-stringop-overflow -fstack-protector -fvisibility=hidden -g -O  /tmp/petsc-oye27d1b/config.types/conftest.c 
Successful compile:
Source:
#include "confdefs.h"
#include "conffix.h"

#include <sys/types.h>
#include <stdlib.h>
#include <stddef.h>

    

int main() {
size_t a;
(void)a;
  return 0;
}

size_t found
=============================================================================================
TESTING: checkFileTypes from config.types(/home/lzy/projects/formal_3D_flow_solver/FEM_SimVascular/external/dependencies/sv1_1/petsc-3.19.6/config/BuildSystem/config/types.py:64)
  Checks for types associated with files, such as mode_t, off_t, etc.
Checking for type: mode_t
Executing: /usr/bin/mpicc -c -o /tmp/petsc-oye27d1b/config.types/conftest.o -I/tmp/petsc-oye27d1b/config.libraries -I/tmp/petsc-oye27d1b/config.compilerFlags -I/tmp/petsc-oye27d1b/config.setCompilers -I/tmp/petsc-oye27d1b/config.compilers -I/tmp/petsc-oye27d1b/config.headers -I/tmp/petsc-oye27d1b/config.utilities.cacheDetails -I/tmp/petsc-oye27d1b/config.types  -fPIC -Wall -Wwrite-strings -Wno-unknown-pragmas -Wno-lto-type-mismatch -Wno-stringop-overflow -fstack-protector -fvisibility=hidden -g -O  /tmp/petsc-oye27d1b/config.types/conftest.c 
Successful compile:
Source:
#include "confdefs.h"
#include "conffix.h"

#include <sys/types.h>
#include <stdlib.h>
#include <stddef.h>

    

int main() {
mode_t a;
(void)a;
  return 0;
}

mode_t found
Checking for type: off_t
Executing: /usr/bin/mpicc -c -o /tmp/petsc-oye27d1b/config.types/conftest.o -I/tmp/petsc-oye27d1b/config.libraries -I/tmp/petsc-oye27d1b/config.compilerFlags -I/tmp/petsc-oye27d1b/config.setCompilers -I/tmp/petsc-oye27d1b/config.compilers -I/tmp/petsc-oye27d1b/config.headers -I/tmp/petsc-oye27d1b/config.utilities.cacheDetails -I/tmp/petsc-oye27d1b/config.types  -fPIC -Wall -Wwrite-strings -Wno-unknown-pragmas -Wno-lto-type-mismatch -Wno-stringop-overflow -fstack-protector -fvisibility=hidden -g -O  /tmp/petsc-oye27d1b/config.types/conftest.c 
Successful compile:
Source:
#include "confdefs.h"
#include "conffix.h"

#include <sys/types.h>
#include <stdlib.h>
#include <stddef.h>

    

int main() {
off_t a;
(void)a;
  return 0;
}

off_t found
=============================================================================================
TESTING: checkIntegerTypes from config.types(/home/lzy/projects/formal_3D_flow_solver/FEM_SimVascular/external/dependencies/sv1_1/petsc-3.19.6/config/BuildSystem/config/types.py:59)
  Checks for types associated with integers, such as int32_t.
Checking for type: int32_t
Executing: /usr/bin/mpicc -c -o /tmp/petsc-oye27d1b/config.types/conftest.o -I/tmp/petsc-oye27d1b/config.libraries -I/tmp/petsc-oye27d1b/config.compilerFlags -I/tmp/petsc-oye27d1b/config.setCompilers -I/tmp/petsc-oye27d1b/config.compilers -I/tmp/petsc-oye27d1b/config.headers -I/tmp/petsc-oye27d1b/config.utilities.cacheDetails -I/tmp/petsc-oye27d1b/config.types  -fPIC -Wall -Wwrite-strings -Wno-unknown-pragmas -Wno-lto-type-mismatch -Wno-stringop-overflow -fstack-protector -fvisibility=hidden -g -O  /tmp/petsc-oye27d1b/config.types/conftest.c 
Successful compile:
Source:
#include "confdefs.h"
#include "conffix.h"

#include <sys/types.h>
#include <stdlib.h>
#include <stddef.h>

    

int main() {
int32_t a;
(void)a;
  return 0;
}

int32_t found
=============================================================================================
TESTING: checkPID from config.types(/home/lzy/projects/formal_3D_flow_solver/FEM_SimVascular/external/dependencies/sv1_1/petsc-3.19.6/config/BuildSystem/config/types.py:70)
  Checks for pid_t, and defines it if necessary
Checking for type: pid_t
Executing: /usr/bin/mpicc -c -o /tmp/petsc-oye27d1b/config.types/conftest.o -I/tmp/petsc-oye27d1b/config.libraries -I/tmp/petsc-oye27d1b/config.compilerFlags -I/tmp/petsc-oye27d1b/config.setCompilers -I/tmp/petsc-oye27d1b/config.compilers -I/tmp/petsc-oye27d1b/config.headers -I/tmp/petsc-oye27d1b/config.utilities.cacheDetails -I/tmp/petsc-oye27d1b/config.types  -fPIC -Wall -Wwrite-strings -Wno-unknown-pragmas -Wno-lto-type-mismatch -Wno-stringop-overflow -fstack-protector -fvisibility=hidden -g -O  /tmp/petsc-oye27d1b/config.types/conftest.c 
Successful compile:
Source:
#include "confdefs.h"
#include "conffix.h"

#include <sys/types.h>
#include <stdlib.h>
#include <stddef.h>

    

int main() {
pid_t a;
(void)a;
  return 0;
}

pid_t found
=============================================================================================
TESTING: checkC99Complex from config.types(/home/lzy/projects/formal_3D_flow_solver/FEM_SimVascular/external/dependencies/sv1_1/petsc-3.19.6/config/BuildSystem/config/types.py:74)
  Check for complex numbers in in C99 std
       Note that since PETSc source code uses _Complex we test specifically for that, not complex
Executing: /usr/bin/mpicc -c -o /tmp/petsc-oye27d1b/config.types/conftest.o -I/tmp/petsc-oye27d1b/config.libraries -I/tmp/petsc-oye27d1b/config.compilerFlags -I/tmp/petsc-oye27d1b/config.setCompilers -I/tmp/petsc-oye27d1b/config.compilers -I/tmp/petsc-oye27d1b/config.headers -I/tmp/petsc-oye27d1b/config.utilities.cacheDetails -I/tmp/petsc-oye27d1b/config.types  -fPIC -Wall -Wwrite-strings -Wno-unknown-pragmas -Wno-lto-type-mismatch -Wno-stringop-overflow -fstack-protector -fvisibility=hidden -g -O  /tmp/petsc-oye27d1b/config.types/conftest.c 
Successful compile:
Source:
#include "confdefs.h"
#include "conffix.h"
#include <complex.h>

int main() {
double _Complex x;
 x = I;
(void)x;
  return 0;
}

Executing: /usr/bin/mpicc -c -o /tmp/petsc-oye27d1b/config.types/conftest.o -I/tmp/petsc-oye27d1b/config.libraries -I/tmp/petsc-oye27d1b/config.compilerFlags -I/tmp/petsc-oye27d1b/config.setCompilers -I/tmp/petsc-oye27d1b/config.compilers -I/tmp/petsc-oye27d1b/config.headers -I/tmp/petsc-oye27d1b/config.utilities.cacheDetails -I/tmp/petsc-oye27d1b/config.types  -fPIC -Wall -Wwrite-strings -Wno-unknown-pragmas -Wno-lto-type-mismatch -Wno-stringop-overflow -fstack-protector -fvisibility=hidden -g -O  /tmp/petsc-oye27d1b/config.types/conftest.c 
Successful compile:
Source:
#include "confdefs.h"
#include "conffix.h"
#include <complex.h>

int main() {
double _Complex x;
 x = I;
(void)x;
  return 0;
}

Executing: /usr/bin/mpicc  -o /tmp/petsc-oye27d1b/config.types/conftest    -fPIC -Wall -Wwrite-strings -Wno-unknown-pragmas -Wno-lto-type-mismatch -Wno-stringop-overflow -fstack-protector -fvisibility=hidden -g -O /tmp/petsc-oye27d1b/config.types/conftest.o 
Executing: /usr/bin/mpicc -c -o /tmp/petsc-oye27d1b/config.types/conftest.o -I/tmp/petsc-oye27d1b/config.libraries -I/tmp/petsc-oye27d1b/config.compilerFlags -I/tmp/petsc-oye27d1b/config.setCompilers -I/tmp/petsc-oye27d1b/config.compilers -I/tmp/petsc-oye27d1b/config.headers -I/tmp/petsc-oye27d1b/config.utilities.cacheDetails -I/tmp/petsc-oye27d1b/config.types  -fPIC -Wall -Wwrite-strings -Wno-unknown-pragmas -Wno-lto-type-mismatch -Wno-stringop-overflow -fstack-protector -fvisibility=hidden -g -O  /tmp/petsc-oye27d1b/config.types/conftest.c 
Successful compile:
Source:
#include "confdefs.h"
#include "conffix.h"
#define _GNU_SOURCE
#include <complex.h>

int main() {
double _Complex x;
 x = I;
(void)x;
  return 0;
}

            Defined "HAVE_C99_COMPLEX" to "1"
=============================================================================================
TESTING: checkCxxComplex from config.types(/home/lzy/projects/formal_3D_flow_solver/FEM_SimVascular/external/dependencies/sv1_1/petsc-3.19.6/config/BuildSystem/config/types.py:88)
  Check for complex numbers in namespace std
Executing: /usr/bin/mpicxx -c -o /tmp/petsc-oye27d1b/config.types/conftest.o -I/tmp/petsc-oye27d1b/config.compilerFlags -I/tmp/petsc-oye27d1b/config.setCompilers -I/tmp/petsc-oye27d1b/config.compilers -I/tmp/petsc-oye27d1b/config.types  -Wall -Wwrite-strings -Wno-strict-aliasing -Wno-unknown-pragmas -Wno-lto-type-mismatch -Wno-psabi -fstack-protector -fvisibility=hidden -g -O  -std=gnu++20 -fPIC  /tmp/petsc-oye27d1b/config.types/conftest.cc 
Successful compile:
Source:
#include "confdefs.h"
#include "conffix.h"
#include <complex>

int main() {
std::complex<double> x;
(void)x;
  return 0;
}

Executing: /usr/bin/mpicxx  -o /tmp/petsc-oye27d1b/config.types/conftest    -Wall -Wwrite-strings -Wno-strict-aliasing -Wno-unknown-pragmas -Wno-lto-type-mismatch -Wno-psabi -fstack-protector -fvisibility=hidden -g -O /tmp/petsc-oye27d1b/config.types/conftest.o 
            Defined "HAVE_CXX_COMPLEX" to "1"
=============================================================================================
TESTING: checkSizeof from config.types(/home/lzy/projects/formal_3D_flow_solver/FEM_SimVascular/external/dependencies/sv1_1/petsc-3.19.6/config/BuildSystem/config/types.py:99)
  Determines the size of type "typeName", and defines SIZEOF_"typeName" to be the size
Checking for size of type: void *
Executing: /usr/bin/mpicc -c -o /tmp/petsc-oye27d1b/config.types/conftest.o -I/tmp/petsc-oye27d1b/config.libraries -I/tmp/petsc-oye27d1b/config.compilerFlags -I/tmp/petsc-oye27d1b/config.setCompilers -I/tmp/petsc-oye27d1b/config.compilers -I/tmp/petsc-oye27d1b/config.headers -I/tmp/petsc-oye27d1b/config.utilities.cacheDetails -I/tmp/petsc-oye27d1b/config.types  -fPIC -Wall -Wwrite-strings -Wno-unknown-pragmas -Wno-lto-type-mismatch -Wno-stringop-overflow -fstack-protector -fvisibility=hidden -g -O  /tmp/petsc-oye27d1b/config.types/conftest.c 
Successful compile:
Source:
#include "confdefs.h"
#include "conffix.h"

#include <sys/types.h>
#include <stdlib.h>
#include <stdio.h>
#include <stddef.h>
char assert_sizeof[(sizeof(void *)==8)*2-1];

            Defined "SIZEOF_VOID_P" to "8"
=============================================================================================
TESTING: checkSizeof from config.types(/home/lzy/projects/formal_3D_flow_solver/FEM_SimVascular/external/dependencies/sv1_1/petsc-3.19.6/config/BuildSystem/config/types.py:99)
  Determines the size of type "typeName", and defines SIZEOF_"typeName" to be the size
Checking for size of type: int
Executing: /usr/bin/mpicc -c -o /tmp/petsc-oye27d1b/config.types/conftest.o -I/tmp/petsc-oye27d1b/config.libraries -I/tmp/petsc-oye27d1b/config.compilerFlags -I/tmp/petsc-oye27d1b/config.setCompilers -I/tmp/petsc-oye27d1b/config.compilers -I/tmp/petsc-oye27d1b/config.headers -I/tmp/petsc-oye27d1b/config.utilities.cacheDetails -I/tmp/petsc-oye27d1b/config.types  -fPIC -Wall -Wwrite-strings -Wno-unknown-pragmas -Wno-lto-type-mismatch -Wno-stringop-overflow -fstack-protector -fvisibility=hidden -g -O  /tmp/petsc-oye27d1b/config.types/conftest.c 
Successful compile:
Source:
#include "confdefs.h"
#include "conffix.h"

#include <sys/types.h>
#include <stdlib.h>
#include <stdio.h>
#include <stddef.h>
char assert_sizeof[(sizeof(int)==4)*2-1];

            Defined "SIZEOF_INT" to "4"
=============================================================================================
TESTING: checkSizeof from config.types(/home/lzy/projects/formal_3D_flow_solver/FEM_SimVascular/external/dependencies/sv1_1/petsc-3.19.6/config/BuildSystem/config/types.py:99)
  Determines the size of type "typeName", and defines SIZEOF_"typeName" to be the size
Checking for size of type: long
Executing: /usr/bin/mpicc -c -o /tmp/petsc-oye27d1b/config.types/conftest.o -I/tmp/petsc-oye27d1b/config.libraries -I/tmp/petsc-oye27d1b/config.compilerFlags -I/tmp/petsc-oye27d1b/config.setCompilers -I/tmp/petsc-oye27d1b/config.compilers -I/tmp/petsc-oye27d1b/config.headers -I/tmp/petsc-oye27d1b/config.utilities.cacheDetails -I/tmp/petsc-oye27d1b/config.types  -fPIC -Wall -Wwrite-strings -Wno-unknown-pragmas -Wno-lto-type-mismatch -Wno-stringop-overflow -fstack-protector -fvisibility=hidden -g -O  /tmp/petsc-oye27d1b/config.types/conftest.c 
Successful compile:
Source:
#include "confdefs.h"
#include "conffix.h"

#include <sys/types.h>
#include <stdlib.h>
#include <stdio.h>
#include <stddef.h>
char assert_sizeof[(sizeof(long)==8)*2-1];

            Defined "SIZEOF_LONG" to "8"
=============================================================================================
TESTING: checkSizeof from config.types(/home/lzy/projects/formal_3D_flow_solver/FEM_SimVascular/external/dependencies/sv1_1/petsc-3.19.6/config/BuildSystem/config/types.py:99)
  Determines the size of type "typeName", and defines SIZEOF_"typeName" to be the size
Checking for size of type: long long
Executing: /usr/bin/mpicc -c -o /tmp/petsc-oye27d1b/config.types/conftest.o -I/tmp/petsc-oye27d1b/config.libraries -I/tmp/petsc-oye27d1b/config.compilerFlags -I/tmp/petsc-oye27d1b/config.setCompilers -I/tmp/petsc-oye27d1b/config.compilers -I/tmp/petsc-oye27d1b/config.headers -I/tmp/petsc-oye27d1b/config.utilities.cacheDetails -I/tmp/petsc-oye27d1b/config.types  -fPIC -Wall -Wwrite-strings -Wno-unknown-pragmas -Wno-lto-type-mismatch -Wno-stringop-overflow -fstack-protector -fvisibility=hidden -g -O  /tmp/petsc-oye27d1b/config.types/conftest.c 
Successful compile:
Source:
#include "confdefs.h"
#include "conffix.h"

#include <sys/types.h>
#include <stdlib.h>
#include <stdio.h>
#include <stddef.h>
char assert_sizeof[(sizeof(long long)==8)*2-1];

            Defined "SIZEOF_LONG_LONG" to "8"
=============================================================================================
TESTING: checkSizeof from config.types(/home/lzy/projects/formal_3D_flow_solver/FEM_SimVascular/external/dependencies/sv1_1/petsc-3.19.6/config/BuildSystem/config/types.py:99)
  Determines the size of type "typeName", and defines SIZEOF_"typeName" to be the size
Checking for size of type: size_t
Executing: /usr/bin/mpicc -c -o /tmp/petsc-oye27d1b/config.types/conftest.o -I/tmp/petsc-oye27d1b/config.libraries -I/tmp/petsc-oye27d1b/config.compilerFlags -I/tmp/petsc-oye27d1b/config.setCompilers -I/tmp/petsc-oye27d1b/config.compilers -I/tmp/petsc-oye27d1b/config.headers -I/tmp/petsc-oye27d1b/config.utilities.cacheDetails -I/tmp/petsc-oye27d1b/config.types  -fPIC -Wall -Wwrite-strings -Wno-unknown-pragmas -Wno-lto-type-mismatch -Wno-stringop-overflow -fstack-protector -fvisibility=hidden -g -O  /tmp/petsc-oye27d1b/config.types/conftest.c 
Successful compile:
Source:
#include "confdefs.h"
#include "conffix.h"

#include <sys/types.h>
#include <stdlib.h>
#include <stdio.h>
#include <stddef.h>
char assert_sizeof[(sizeof(size_t)==8)*2-1];

            Defined "SIZEOF_SIZE_T" to "8"
        Defined "USING_64BIT_PTR" to "1"
=============================================================================================
TESTING: checkVisibility from config.types(/home/lzy/projects/formal_3D_flow_solver/FEM_SimVascular/external/dependencies/sv1_1/petsc-3.19.6/config/BuildSystem/config/types.py:133)
Executing: /usr/bin/mpicc -c -o /tmp/petsc-oye27d1b/config.types/conftest.o -I/tmp/petsc-oye27d1b/config.libraries -I/tmp/petsc-oye27d1b/config.compilerFlags -I/tmp/petsc-oye27d1b/config.setCompilers -I/tmp/petsc-oye27d1b/config.compilers -I/tmp/petsc-oye27d1b/config.headers -I/tmp/petsc-oye27d1b/config.utilities.cacheDetails -I/tmp/petsc-oye27d1b/config.types  -fPIC -Wall -Wwrite-strings -Wno-unknown-pragmas -Wno-lto-type-mismatch -Wno-stringop-overflow -fstack-protector -fvisibility=hidden -g -O  /tmp/petsc-oye27d1b/config.types/conftest.c 
Successful compile:
Source:
#include "confdefs.h"
#include "conffix.h"

int main() {
__attribute__((visibility ("default"))) int foo(void);;
  return 0;
}

            Defined "USE_VISIBILITY_C" to "1"
Executing: /usr/bin/mpicxx -c -o /tmp/petsc-oye27d1b/config.types/conftest.o -I/tmp/petsc-oye27d1b/config.compilerFlags -I/tmp/petsc-oye27d1b/config.setCompilers -I/tmp/petsc-oye27d1b/config.compilers -I/tmp/petsc-oye27d1b/config.types  -Wall -Wwrite-strings -Wno-strict-aliasing -Wno-unknown-pragmas -Wno-lto-type-mismatch -Wno-psabi -fstack-protector -fvisibility=hidden -g -O  -std=gnu++20 -fPIC  /tmp/petsc-oye27d1b/config.types/conftest.cc 
Successful compile:
Source:
#include "confdefs.h"
#include "conffix.h"

int main() {
__attribute__((visibility ("default"))) int foo(void);;
  return 0;
}

            Defined "USE_VISIBILITY_CXX" to "1"
=============================================================================================
TESTING: checkMaxPathLen from config.types(/home/lzy/projects/formal_3D_flow_solver/FEM_SimVascular/external/dependencies/sv1_1/petsc-3.19.6/config/BuildSystem/config/types.py:155)
  Sets PETSC_MAX_PATH_LEN depending on values available on the system
Determining PETSC_MAX_PATH_LEN
Executing: /usr/bin/mpicc -c -o /tmp/petsc-oye27d1b/config.types/conftest.o -I/tmp/petsc-oye27d1b/config.libraries -I/tmp/petsc-oye27d1b/config.compilerFlags -I/tmp/petsc-oye27d1b/config.setCompilers -I/tmp/petsc-oye27d1b/config.compilers -I/tmp/petsc-oye27d1b/config.headers -I/tmp/petsc-oye27d1b/config.utilities.cacheDetails -I/tmp/petsc-oye27d1b/config.types  -fPIC -Wall -Wwrite-strings -Wno-unknown-pragmas -Wno-lto-type-mismatch -Wno-stringop-overflow -fstack-protector -fvisibility=hidden -g -O  /tmp/petsc-oye27d1b/config.types/conftest.c 
Successful compile:
Source:
#include "confdefs.h"
#include "conffix.h"

#include <sys/param.h>
#include <sys/types.h>
#if defined(MAXPATHLEN)
#  define PETSC_MAX_PATH_LEN MAXPATHLEN
#elif defined(MAX_PATH)
#  define PETSC_MAX_PATH_LEN MAX_PATH
#elif defined(_MAX_PATH)
#  define PETSC_MAX_PATH_LEN _MAX_PATH
#else
#  define PETSC_MAX_PATH_LEN 4096
#endif
#define xstr(s) str(s)
#define str(s) #s
char petsc_max_path_len[] = xstr(PETSC_MAX_PATH_LEN);

int main() {
;
  return 0;
}

Preprocessing source:
#include "confdefs.h"
#include "conffix.h"

#include <sys/param.h>
#include <sys/types.h>
#if defined(MAXPATHLEN)
#  define PETSC_MAX_PATH_LEN MAXPATHLEN
#elif defined(MAX_PATH)
#  define PETSC_MAX_PATH_LEN MAX_PATH
#elif defined(_MAX_PATH)
#  define PETSC_MAX_PATH_LEN _MAX_PATH
#else
#  define PETSC_MAX_PATH_LEN 4096
#endif
#define xstr(s) str(s)
#define str(s) #s
char petsc_max_path_len[] = xstr(PETSC_MAX_PATH_LEN);

Executing: /usr/bin/mpicc -E  -I/tmp/petsc-oye27d1b/config.setCompilers -I/tmp/petsc-oye27d1b/config.headers -I/tmp/petsc-oye27d1b/config.types  /tmp/petsc-oye27d1b/config.types/conftest.c 
            Defined "MAX_PATH_LEN" to "4096"
    child config.types took 0.658575 seconds
=============================================================================================
TESTING: configureMemAlign from PETSc.options.memAlign(/home/lzy/projects/formal_3D_flow_solver/FEM_SimVascular/external/dependencies/sv1_1/petsc-3.19.6/config/PETSc/options/memAlign.py:28)
  Choose memory alignment
            Defined "MEMALIGN" to "16"
          Memory alignment is 16
    child PETSc.options.memAlign took 0.000731 seconds
=============================================================================================
TESTING: check from config.libraries(/home/lzy/projects/formal_3D_flow_solver/FEM_SimVascular/external/dependencies/sv1_1/petsc-3.19.6/config/BuildSystem/config/libraries.py:168)
  Checks that the library "libName" contains "funcs", and if it does defines HAVE_LIB"libName"
       - libDir may be a list of directories
       - libName may be a list of library names
            Checking for functions [handle_sigfpes] in library ['fpe'] []
Executing: /usr/bin/mpicc -c -o /tmp/petsc-oye27d1b/config.libraries/conftest.o -I/tmp/petsc-oye27d1b/config.compilerFlags -I/tmp/petsc-oye27d1b/config.setCompilers -I/tmp/petsc-oye27d1b/config.compilers -I/tmp/petsc-oye27d1b/config.headers -I/tmp/petsc-oye27d1b/config.utilities.cacheDetails -I/tmp/petsc-oye27d1b/config.libraries -I/tmp/petsc-oye27d1b/config.types  -fPIC -Wall -Wwrite-strings -Wno-unknown-pragmas -Wno-lto-type-mismatch -Wno-stringop-overflow -fstack-protector -fvisibility=hidden -g -O  /tmp/petsc-oye27d1b/config.libraries/conftest.c 
Successful compile:
Source:
#include "confdefs.h"
#include "conffix.h"
/* Override any gcc2 internal prototype to avoid an error. */
char handle_sigfpes();
static void _check_handle_sigfpes() { handle_sigfpes(); }

int main() {
_check_handle_sigfpes();;
  return 0;
}

Executing: /usr/bin/mpicc  -o /tmp/petsc-oye27d1b/config.libraries/conftest    -fPIC -Wall -Wwrite-strings -Wno-unknown-pragmas -Wno-lto-type-mismatch -Wno-stringop-overflow -fstack-protector -fvisibility=hidden -g -O /tmp/petsc-oye27d1b/config.libraries/conftest.o  -lfpe 
Possible ERROR while running linker: exit code 1
stderr:
/usr/bin/ld: cannot find -lfpe: No such file or directory
collect2: error: ld returned 1 exit status
Linker output before filtering:

/usr/bin/ld: cannot find -lfpe: No such file or directory
collect2: error: ld returned 1 exit status
Linker output after filtering:
/usr/bin/ld: cannot find -lfpe: No such file or directory
collect2: error: ld returned 1 exit status
=============================================================================================
TESTING: check from config.libraries(/home/lzy/projects/formal_3D_flow_solver/FEM_SimVascular/external/dependencies/sv1_1/petsc-3.19.6/config/BuildSystem/config/libraries.py:168)
  Checks that the library "libName" contains "funcs", and if it does defines HAVE_LIB"libName"
       - libDir may be a list of directories
       - libName may be a list of library names
            Checking for functions [socket] in library ['socket', 'nsl'] []
Executing: /usr/bin/mpicc -c -o /tmp/petsc-oye27d1b/config.libraries/conftest.o -I/tmp/petsc-oye27d1b/config.compilerFlags -I/tmp/petsc-oye27d1b/config.setCompilers -I/tmp/petsc-oye27d1b/config.compilers -I/tmp/petsc-oye27d1b/config.headers -I/tmp/petsc-oye27d1b/config.utilities.cacheDetails -I/tmp/petsc-oye27d1b/config.libraries -I/tmp/petsc-oye27d1b/config.types  -fPIC -Wall -Wwrite-strings -Wno-unknown-pragmas -Wno-lto-type-mismatch -Wno-stringop-overflow -fstack-protector -fvisibility=hidden -g -O  /tmp/petsc-oye27d1b/config.libraries/conftest.c 
Successful compile:
Source:
#include "confdefs.h"
#include "conffix.h"
/* Override any gcc2 internal prototype to avoid an error. */
char socket();
static void _check_socket() { socket(); }

int main() {
_check_socket();;
  return 0;
}

Executing: /usr/bin/mpicc  -o /tmp/petsc-oye27d1b/config.libraries/conftest    -fPIC -Wall -Wwrite-strings -Wno-unknown-pragmas -Wno-lto-type-mismatch -Wno-stringop-overflow -fstack-protector -fvisibility=hidden -g -O /tmp/petsc-oye27d1b/config.libraries/conftest.o  -lsocket -lnsl 
Possible ERROR while running linker: exit code 1
stderr:
/usr/bin/ld: cannot find -lsocket: No such file or directory
/usr/bin/ld: cannot find -lnsl: No such file or directory
collect2: error: ld returned 1 exit status
Linker output before filtering:

/usr/bin/ld: cannot find -lsocket: No such file or directory
/usr/bin/ld: cannot find -lnsl: No such file or directory
collect2: error: ld returned 1 exit status
Linker output after filtering:
/usr/bin/ld: cannot find -lsocket: No such file or directory
/usr/bin/ld: cannot find -lnsl: No such file or directory
collect2: error: ld returned 1 exit status
=============================================================================================
TESTING: check from config.libraries(/home/lzy/projects/formal_3D_flow_solver/FEM_SimVascular/external/dependencies/sv1_1/petsc-3.19.6/config/BuildSystem/config/libraries.py:168)
  Checks that the library "libName" contains "funcs", and if it does defines HAVE_LIB"libName"
       - libDir may be a list of directories
       - libName may be a list of library names
            Checking for functions [handle_sigfpes] in library ['fpe'] []
Executing: /usr/bin/mpicc -c -o /tmp/petsc-oye27d1b/config.libraries/conftest.o -I/tmp/petsc-oye27d1b/config.compilerFlags -I/tmp/petsc-oye27d1b/config.setCompilers -I/tmp/petsc-oye27d1b/config.compilers -I/tmp/petsc-oye27d1b/config.headers -I/tmp/petsc-oye27d1b/config.utilities.cacheDetails -I/tmp/petsc-oye27d1b/config.libraries -I/tmp/petsc-oye27d1b/config.types  -fPIC -Wall -Wwrite-strings -Wno-unknown-pragmas -Wno-lto-type-mismatch -Wno-stringop-overflow -fstack-protector -fvisibility=hidden -g -O  /tmp/petsc-oye27d1b/config.libraries/conftest.c 
Successful compile:
Source:
#include "confdefs.h"
#include "conffix.h"
/* Override any gcc2 internal prototype to avoid an error. */
char handle_sigfpes();
static void _check_handle_sigfpes() { handle_sigfpes(); }

int main() {
_check_handle_sigfpes();;
  return 0;
}

Executing: /usr/bin/mpicc  -o /tmp/petsc-oye27d1b/config.libraries/conftest    -fPIC -Wall -Wwrite-strings -Wno-unknown-pragmas -Wno-lto-type-mismatch -Wno-stringop-overflow -fstack-protector -fvisibility=hidden -g -O /tmp/petsc-oye27d1b/config.libraries/conftest.o  -lfpe 
Possible ERROR while running linker: exit code 1
stderr:
/usr/bin/ld: cannot find -lfpe: No such file or directory
collect2: error: ld returned 1 exit status
Linker output before filtering:

/usr/bin/ld: cannot find -lfpe: No such file or directory
collect2: error: ld returned 1 exit status
Linker output after filtering:
/usr/bin/ld: cannot find -lfpe: No such file or directory
collect2: error: ld returned 1 exit status
=============================================================================================
TESTING: check from config.libraries(/home/lzy/projects/formal_3D_flow_solver/FEM_SimVascular/external/dependencies/sv1_1/petsc-3.19.6/config/BuildSystem/config/libraries.py:168)
  Checks that the library "libName" contains "funcs", and if it does defines HAVE_LIB"libName"
       - libDir may be a list of directories
       - libName may be a list of library names
            Checking for functions [socket] in library ['socket', 'nsl'] []
Executing: /usr/bin/mpicc -c -o /tmp/petsc-oye27d1b/config.libraries/conftest.o -I/tmp/petsc-oye27d1b/config.compilerFlags -I/tmp/petsc-oye27d1b/config.setCompilers -I/tmp/petsc-oye27d1b/config.compilers -I/tmp/petsc-oye27d1b/config.headers -I/tmp/petsc-oye27d1b/config.utilities.cacheDetails -I/tmp/petsc-oye27d1b/config.libraries -I/tmp/petsc-oye27d1b/config.types  -fPIC -Wall -Wwrite-strings -Wno-unknown-pragmas -Wno-lto-type-mismatch -Wno-stringop-overflow -fstack-protector -fvisibility=hidden -g -O  /tmp/petsc-oye27d1b/config.libraries/conftest.c 
Successful compile:
Source:
#include "confdefs.h"
#include "conffix.h"
/* Override any gcc2 internal prototype to avoid an error. */
char socket();
static void _check_socket() { socket(); }

int main() {
_check_socket();;
  return 0;
}

Executing: /usr/bin/mpicc  -o /tmp/petsc-oye27d1b/config.libraries/conftest    -fPIC -Wall -Wwrite-strings -Wno-unknown-pragmas -Wno-lto-type-mismatch -Wno-stringop-overflow -fstack-protector -fvisibility=hidden -g -O /tmp/petsc-oye27d1b/config.libraries/conftest.o  -lsocket -lnsl 
Possible ERROR while running linker: exit code 1
stderr:
/usr/bin/ld: cannot find -lsocket: No such file or directory
/usr/bin/ld: cannot find -lnsl: No such file or directory
collect2: error: ld returned 1 exit status
Linker output before filtering:

/usr/bin/ld: cannot find -lsocket: No such file or directory
/usr/bin/ld: cannot find -lnsl: No such file or directory
collect2: error: ld returned 1 exit status
Linker output after filtering:
/usr/bin/ld: cannot find -lsocket: No such file or directory
/usr/bin/ld: cannot find -lnsl: No such file or directory
collect2: error: ld returned 1 exit status
=============================================================================================
TESTING: checkMath from config.libraries(/home/lzy/projects/formal_3D_flow_solver/FEM_SimVascular/external/dependencies/sv1_1/petsc-3.19.6/config/BuildSystem/config/libraries.py:297)
  Check for sin() in libm, the math library
            Checking for functions [sin floor log10 pow] in library [''] []
Executing: /usr/bin/mpicc -c -o /tmp/petsc-oye27d1b/config.libraries/conftest.o -I/tmp/petsc-oye27d1b/config.compilerFlags -I/tmp/petsc-oye27d1b/config.setCompilers -I/tmp/petsc-oye27d1b/config.compilers -I/tmp/petsc-oye27d1b/config.headers -I/tmp/petsc-oye27d1b/config.utilities.cacheDetails -I/tmp/petsc-oye27d1b/config.libraries -I/tmp/petsc-oye27d1b/config.types  -fPIC -Wall -Wwrite-strings -Wno-unknown-pragmas -Wno-lto-type-mismatch -Wno-stringop-overflow -fstack-protector -fvisibility=hidden -g -O  /tmp/petsc-oye27d1b/config.libraries/conftest.c 
Successful compile:
Source:
#include "confdefs.h"
#include "conffix.h"
/* Override any gcc2 internal prototype to avoid an error. */
#include <stdio.h>
double sin(double);
static void _check_sin() { double x,y; int s = scanf("%lf",&x); y = sin(x); printf("%f %d",y,s);
; }
#include <stdio.h>
double floor(double);
static void _check_floor() { double x,y; int s = scanf("%lf",&x); y = floor(x); printf("%f %d",y,s);
; }
#include <stdio.h>
double log10(double);
static void _check_log10() { double x,y; int s = scanf("%lf",&x); y = log10(x); printf("%f %d",y,s);
; }
#include <stdio.h>
double pow(double, double);
static void _check_pow() { double x,y; int s = scanf("%lf",&x); y = pow(x,x); printf("%f %d",y,s);
; }

int main() {
_check_sin();
_check_floor();
_check_log10();
_check_pow();;
  return 0;
}

Executing: /usr/bin/mpicc  -o /tmp/petsc-oye27d1b/config.libraries/conftest    -fPIC -Wall -Wwrite-strings -Wno-unknown-pragmas -Wno-lto-type-mismatch -Wno-stringop-overflow -fstack-protector -fvisibility=hidden -g -O /tmp/petsc-oye27d1b/config.libraries/conftest.o   
Possible ERROR while running linker: exit code 1
stderr:
/usr/bin/ld: /tmp/petsc-oye27d1b/config.libraries/conftest.o: in function `_check_sin':
/tmp/petsc-oye27d1b/config.libraries/conftest.c:6:(.text+0x33): undefined reference to `sin'
/usr/bin/ld: /tmp/petsc-oye27d1b/config.libraries/conftest.o: in function `_check_log10':
/tmp/petsc-oye27d1b/config.libraries/conftest.c:14:(.text+0xfe): undefined reference to `log10'
/usr/bin/ld: /tmp/petsc-oye27d1b/config.libraries/conftest.o: in function `_check_pow':
/tmp/petsc-oye27d1b/config.libraries/conftest.c:18:(.text+0x133): undefined reference to `pow'
collect2: error: ld returned 1 exit status
Linker output before filtering:

/usr/bin/ld: /tmp/petsc-oye27d1b/config.libraries/conftest.o: in function `_check_sin':
/tmp/petsc-oye27d1b/config.libraries/conftest.c:6:(.text+0x33): undefined reference to `sin'
/usr/bin/ld: /tmp/petsc-oye27d1b/config.libraries/conftest.o: in function `_check_log10':
/tmp/petsc-oye27d1b/config.libraries/conftest.c:14:(.text+0xfe): undefined reference to `log10'
/usr/bin/ld: /tmp/petsc-oye27d1b/config.libraries/conftest.o: in function `_check_pow':
/tmp/petsc-oye27d1b/config.libraries/conftest.c:18:(.text+0x133): undefined reference to `pow'
collect2: error: ld returned 1 exit status
Linker output after filtering:
/usr/bin/ld: /tmp/petsc-oye27d1b/config.libraries/conftest.o: in function `_check_sin':
/tmp/petsc-oye27d1b/config.libraries/conftest.c:6:(.text+0x33): undefined reference to `sin'
/usr/bin/ld: /tmp/petsc-oye27d1b/config.libraries/conftest.o: in function `_check_log10':
/tmp/petsc-oye27d1b/config.libraries/conftest.c:14:(.text+0xfe): undefined reference to `log10'
/usr/bin/ld: /tmp/petsc-oye27d1b/config.libraries/conftest.o: in function `_check_pow':
/tmp/petsc-oye27d1b/config.libraries/conftest.c:18:(.text+0x133): undefined reference to `pow'
collect2: error: ld returned 1 exit status
            Checking for functions [sin floor log10 pow] in library ['m'] []
Executing: /usr/bin/mpicc -c -o /tmp/petsc-oye27d1b/config.libraries/conftest.o -I/tmp/petsc-oye27d1b/config.compilerFlags -I/tmp/petsc-oye27d1b/config.setCompilers -I/tmp/petsc-oye27d1b/config.compilers -I/tmp/petsc-oye27d1b/config.headers -I/tmp/petsc-oye27d1b/config.utilities.cacheDetails -I/tmp/petsc-oye27d1b/config.libraries -I/tmp/petsc-oye27d1b/config.types  -fPIC -Wall -Wwrite-strings -Wno-unknown-pragmas -Wno-lto-type-mismatch -Wno-stringop-overflow -fstack-protector -fvisibility=hidden -g -O  /tmp/petsc-oye27d1b/config.libraries/conftest.c 
Successful compile:
Source:
#include "confdefs.h"
#include "conffix.h"
/* Override any gcc2 internal prototype to avoid an error. */
#include <stdio.h>
double sin(double);
static void _check_sin() { double x,y; int s = scanf("%lf",&x); y = sin(x); printf("%f %d",y,s);
; }
#include <stdio.h>
double floor(double);
static void _check_floor() { double x,y; int s = scanf("%lf",&x); y = floor(x); printf("%f %d",y,s);
; }
#include <stdio.h>
double log10(double);
static void _check_log10() { double x,y; int s = scanf("%lf",&x); y = log10(x); printf("%f %d",y,s);
; }
#include <stdio.h>
double pow(double, double);
static void _check_pow() { double x,y; int s = scanf("%lf",&x); y = pow(x,x); printf("%f %d",y,s);
; }

int main() {
_check_sin();
_check_floor();
_check_log10();
_check_pow();;
  return 0;
}

Executing: /usr/bin/mpicc  -o /tmp/petsc-oye27d1b/config.libraries/conftest    -fPIC -Wall -Wwrite-strings -Wno-unknown-pragmas -Wno-lto-type-mismatch -Wno-stringop-overflow -fstack-protector -fvisibility=hidden -g -O /tmp/petsc-oye27d1b/config.libraries/conftest.o  -lm 
          CheckMath: using math library ['libm.a']
=============================================================================================
TESTING: checkMathErf from config.libraries(/home/lzy/projects/formal_3D_flow_solver/FEM_SimVascular/external/dependencies/sv1_1/petsc-3.19.6/config/BuildSystem/config/libraries.py:318)
  Check for erf() in libm, the math library
            Checking for functions [erf] in library ['libm.a'] []
Executing: /usr/bin/mpicc -c -o /tmp/petsc-oye27d1b/config.libraries/conftest.o -I/tmp/petsc-oye27d1b/config.compilerFlags -I/tmp/petsc-oye27d1b/config.setCompilers -I/tmp/petsc-oye27d1b/config.compilers -I/tmp/petsc-oye27d1b/config.headers -I/tmp/petsc-oye27d1b/config.utilities.cacheDetails -I/tmp/petsc-oye27d1b/config.libraries -I/tmp/petsc-oye27d1b/config.types  -fPIC -Wall -Wwrite-strings -Wno-unknown-pragmas -Wno-lto-type-mismatch -Wno-stringop-overflow -fstack-protector -fvisibility=hidden -g -O  /tmp/petsc-oye27d1b/config.libraries/conftest.c 
Successful compile:
Source:
#include "confdefs.h"
#include "conffix.h"
/* Override any gcc2 internal prototype to avoid an error. */
#include <math.h>
static void _check_erf() { double (*checkErf)(double) = erf;double x = 0,y; y = (*checkErf)(x); (void)y; }

int main() {
_check_erf();;
  return 0;
}

Executing: /usr/bin/mpicc  -o /tmp/petsc-oye27d1b/config.libraries/conftest    -fPIC -Wall -Wwrite-strings -Wno-unknown-pragmas -Wno-lto-type-mismatch -Wno-stringop-overflow -fstack-protector -fvisibility=hidden -g -O /tmp/petsc-oye27d1b/config.libraries/conftest.o  -lm 
          erf() found
            Defined "HAVE_ERF" to "1"
=============================================================================================
TESTING: checkMathTgamma from config.libraries(/home/lzy/projects/formal_3D_flow_solver/FEM_SimVascular/external/dependencies/sv1_1/petsc-3.19.6/config/BuildSystem/config/libraries.py:327)
  Check for tgamma() in libm, the math library
            Checking for functions [tgamma] in library ['libm.a'] []
Executing: /usr/bin/mpicc -c -o /tmp/petsc-oye27d1b/config.libraries/conftest.o -I/tmp/petsc-oye27d1b/config.compilerFlags -I/tmp/petsc-oye27d1b/config.setCompilers -I/tmp/petsc-oye27d1b/config.compilers -I/tmp/petsc-oye27d1b/config.headers -I/tmp/petsc-oye27d1b/config.utilities.cacheDetails -I/tmp/petsc-oye27d1b/config.libraries -I/tmp/petsc-oye27d1b/config.types  -fPIC -Wall -Wwrite-strings -Wno-unknown-pragmas -Wno-lto-type-mismatch -Wno-stringop-overflow -fstack-protector -fvisibility=hidden -g -O  /tmp/petsc-oye27d1b/config.libraries/conftest.c 
Successful compile:
Source:
#include "confdefs.h"
#include "conffix.h"
/* Override any gcc2 internal prototype to avoid an error. */
#include <math.h>
static void _check_tgamma() { double (*checkTgamma)(double) = tgamma;double x = 0,y; y = (*checkTgamma)(x); (void)y; }

int main() {
_check_tgamma();;
  return 0;
}

Executing: /usr/bin/mpicc  -o /tmp/petsc-oye27d1b/config.libraries/conftest    -fPIC -Wall -Wwrite-strings -Wno-unknown-pragmas -Wno-lto-type-mismatch -Wno-stringop-overflow -fstack-protector -fvisibility=hidden -g -O /tmp/petsc-oye27d1b/config.libraries/conftest.o  -lm 
          tgamma() found
            Defined "HAVE_TGAMMA" to "1"
=============================================================================================
TESTING: checkMathLgamma from config.libraries(/home/lzy/projects/formal_3D_flow_solver/FEM_SimVascular/external/dependencies/sv1_1/petsc-3.19.6/config/BuildSystem/config/libraries.py:336)
  Check for lgamma() in libm, the math library
            Checking for functions [lgamma] in library ['libm.a'] []
Executing: /usr/bin/mpicc -c -o /tmp/petsc-oye27d1b/config.libraries/conftest.o -I/tmp/petsc-oye27d1b/config.compilerFlags -I/tmp/petsc-oye27d1b/config.setCompilers -I/tmp/petsc-oye27d1b/config.compilers -I/tmp/petsc-oye27d1b/config.headers -I/tmp/petsc-oye27d1b/config.utilities.cacheDetails -I/tmp/petsc-oye27d1b/config.libraries -I/tmp/petsc-oye27d1b/config.types  -fPIC -Wall -Wwrite-strings -Wno-unknown-pragmas -Wno-lto-type-mismatch -Wno-stringop-overflow -fstack-protector -fvisibility=hidden -g -O  /tmp/petsc-oye27d1b/config.libraries/conftest.c 
Successful compile:
Source:
#include "confdefs.h"
#include "conffix.h"
/* Override any gcc2 internal prototype to avoid an error. */
#include <math.h>
#include <stdlib.h>
static void _check_lgamma() { double (*checkLgamma)(double) = lgamma;double x = 1,y; y = (*checkLgamma)(x);if (y != 0.) abort(); }

int main() {
_check_lgamma();;
  return 0;
}

Executing: /usr/bin/mpicc  -o /tmp/petsc-oye27d1b/config.libraries/conftest    -fPIC -Wall -Wwrite-strings -Wno-unknown-pragmas -Wno-lto-type-mismatch -Wno-stringop-overflow -fstack-protector -fvisibility=hidden -g -O /tmp/petsc-oye27d1b/config.libraries/conftest.o  -lm 
          lgamma() found
            Defined "HAVE_LGAMMA" to "1"
=============================================================================================
TESTING: checkMathFenv from config.libraries(/home/lzy/projects/formal_3D_flow_solver/FEM_SimVascular/external/dependencies/sv1_1/petsc-3.19.6/config/BuildSystem/config/libraries.py:349)
  Checks if <fenv.h> can be used with FE_DFL_ENV
            Checking for functions [fesetenv] in library ['libm.a'] []
Executing: /usr/bin/mpicc -c -o /tmp/petsc-oye27d1b/config.libraries/conftest.o -I/tmp/petsc-oye27d1b/config.compilerFlags -I/tmp/petsc-oye27d1b/config.setCompilers -I/tmp/petsc-oye27d1b/config.compilers -I/tmp/petsc-oye27d1b/config.headers -I/tmp/petsc-oye27d1b/config.utilities.cacheDetails -I/tmp/petsc-oye27d1b/config.libraries -I/tmp/petsc-oye27d1b/config.types  -fPIC -Wall -Wwrite-strings -Wno-unknown-pragmas -Wno-lto-type-mismatch -Wno-stringop-overflow -fstack-protector -fvisibility=hidden -g -O  /tmp/petsc-oye27d1b/config.libraries/conftest.c 
Successful compile:
Source:
#include "confdefs.h"
#include "conffix.h"
/* Override any gcc2 internal prototype to avoid an error. */
#include <fenv.h>
static void _check_fesetenv() { fesetenv(FE_DFL_ENV);; }

int main() {
_check_fesetenv();;
  return 0;
}

Executing: /usr/bin/mpicc  -o /tmp/petsc-oye27d1b/config.libraries/conftest    -fPIC -Wall -Wwrite-strings -Wno-unknown-pragmas -Wno-lto-type-mismatch -Wno-stringop-overflow -fstack-protector -fvisibility=hidden -g -O /tmp/petsc-oye27d1b/config.libraries/conftest.o  -lm 
            Defined "HAVE_FENV_H" to "1"
            Checking for functions [feclearexcept] in library ['libm.a'] []
Executing: /usr/bin/mpicc -c -o /tmp/petsc-oye27d1b/config.libraries/conftest.o -I/tmp/petsc-oye27d1b/config.compilerFlags -I/tmp/petsc-oye27d1b/config.setCompilers -I/tmp/petsc-oye27d1b/config.compilers -I/tmp/petsc-oye27d1b/config.headers -I/tmp/petsc-oye27d1b/config.utilities.cacheDetails -I/tmp/petsc-oye27d1b/config.libraries -I/tmp/petsc-oye27d1b/config.types  -fPIC -Wall -Wwrite-strings -Wno-unknown-pragmas -Wno-lto-type-mismatch -Wno-stringop-overflow -fstack-protector -fvisibility=hidden -g -O  /tmp/petsc-oye27d1b/config.libraries/conftest.c 
Successful compile:
Source:
#include "confdefs.h"
#include "conffix.h"
/* Override any gcc2 internal prototype to avoid an error. */
#include <fenv.h>
static void _check_feclearexcept() { feclearexcept(FE_INEXACT);; }

int main() {
_check_feclearexcept();;
  return 0;
}

Executing: /usr/bin/mpicc  -o /tmp/petsc-oye27d1b/config.libraries/conftest    -fPIC -Wall -Wwrite-strings -Wno-unknown-pragmas -Wno-lto-type-mismatch -Wno-stringop-overflow -fstack-protector -fvisibility=hidden -g -O /tmp/petsc-oye27d1b/config.libraries/conftest.o  -lm 
            Defined "HAVE_FE_VALUES" to "1"
=============================================================================================
TESTING: checkMathLog2 from config.libraries(/home/lzy/projects/formal_3D_flow_solver/FEM_SimVascular/external/dependencies/sv1_1/petsc-3.19.6/config/BuildSystem/config/libraries.py:361)
  Check for log2() in libm, the math library
            Checking for functions [log2] in library ['libm.a'] []
Executing: /usr/bin/mpicc -c -o /tmp/petsc-oye27d1b/config.libraries/conftest.o -I/tmp/petsc-oye27d1b/config.compilerFlags -I/tmp/petsc-oye27d1b/config.setCompilers -I/tmp/petsc-oye27d1b/config.compilers -I/tmp/petsc-oye27d1b/config.headers -I/tmp/petsc-oye27d1b/config.utilities.cacheDetails -I/tmp/petsc-oye27d1b/config.libraries -I/tmp/petsc-oye27d1b/config.types  -fPIC -Wall -Wwrite-strings -Wno-unknown-pragmas -Wno-lto-type-mismatch -Wno-stringop-overflow -fstack-protector -fvisibility=hidden -g -O  /tmp/petsc-oye27d1b/config.libraries/conftest.c 
Successful compile:
Source:
#include "confdefs.h"
#include "conffix.h"
/* Override any gcc2 internal prototype to avoid an error. */
#include <math.h>
static void _check_log2() { double (*checkLog2)(double) = log2; double x = 2.5, y = (*checkLog2)(x); (void)y; }

int main() {
_check_log2();;
  return 0;
}

Executing: /usr/bin/mpicc  -o /tmp/petsc-oye27d1b/config.libraries/conftest    -fPIC -Wall -Wwrite-strings -Wno-unknown-pragmas -Wno-lto-type-mismatch -Wno-stringop-overflow -fstack-protector -fvisibility=hidden -g -O /tmp/petsc-oye27d1b/config.libraries/conftest.o  -lm 
          log2() found
            Defined "HAVE_LOG2" to "1"
=============================================================================================
TESTING: checkRealtime from config.libraries(/home/lzy/projects/formal_3D_flow_solver/FEM_SimVascular/external/dependencies/sv1_1/petsc-3.19.6/config/BuildSystem/config/libraries.py:370)
  Check for presence of clock_gettime() in realtime library (POSIX Realtime extensions)
            Checking for functions [clock_gettime] in library [''] []
Executing: /usr/bin/mpicc -c -o /tmp/petsc-oye27d1b/config.libraries/conftest.o -I/tmp/petsc-oye27d1b/config.compilerFlags -I/tmp/petsc-oye27d1b/config.setCompilers -I/tmp/petsc-oye27d1b/config.compilers -I/tmp/petsc-oye27d1b/config.headers -I/tmp/petsc-oye27d1b/config.utilities.cacheDetails -I/tmp/petsc-oye27d1b/config.libraries -I/tmp/petsc-oye27d1b/config.types  -fPIC -Wall -Wwrite-strings -Wno-unknown-pragmas -Wno-lto-type-mismatch -Wno-stringop-overflow -fstack-protector -fvisibility=hidden -g -O  /tmp/petsc-oye27d1b/config.libraries/conftest.c 
Successful compile:
Source:
#include "confdefs.h"
#include "conffix.h"
/* Override any gcc2 internal prototype to avoid an error. */
#include <time.h>
static void _check_clock_gettime() { struct timespec tp; clock_gettime(CLOCK_REALTIME,&tp);; }

int main() {
_check_clock_gettime();;
  return 0;
}

Executing: /usr/bin/mpicc  -o /tmp/petsc-oye27d1b/config.libraries/conftest    -fPIC -Wall -Wwrite-strings -Wno-unknown-pragmas -Wno-lto-type-mismatch -Wno-stringop-overflow -fstack-protector -fvisibility=hidden -g -O /tmp/petsc-oye27d1b/config.libraries/conftest.o   
          realtime functions are linked in by default
=============================================================================================
TESTING: checkDynamic from config.libraries(/home/lzy/projects/formal_3D_flow_solver/FEM_SimVascular/external/dependencies/sv1_1/petsc-3.19.6/config/BuildSystem/config/libraries.py:386)
  Check for the header and libraries necessary for dynamic library manipulation
            Checking for functions [dlopen] in library ['dl'] []
Executing: /usr/bin/mpicc -c -o /tmp/petsc-oye27d1b/config.libraries/conftest.o -I/tmp/petsc-oye27d1b/config.compilerFlags -I/tmp/petsc-oye27d1b/config.setCompilers -I/tmp/petsc-oye27d1b/config.compilers -I/tmp/petsc-oye27d1b/config.headers -I/tmp/petsc-oye27d1b/config.utilities.cacheDetails -I/tmp/petsc-oye27d1b/config.libraries -I/tmp/petsc-oye27d1b/config.types  -fPIC -Wall -Wwrite-strings -Wno-unknown-pragmas -Wno-lto-type-mismatch -Wno-stringop-overflow -fstack-protector -fvisibility=hidden -g -O  /tmp/petsc-oye27d1b/config.libraries/conftest.c 
Successful compile:
Source:
#include "confdefs.h"
#include "conffix.h"
/* Override any gcc2 internal prototype to avoid an error. */
char dlopen();
static void _check_dlopen() { dlopen(); }

int main() {
_check_dlopen();;
  return 0;
}

Executing: /usr/bin/mpicc  -o /tmp/petsc-oye27d1b/config.libraries/conftest    -fPIC -Wall -Wwrite-strings -Wno-unknown-pragmas -Wno-lto-type-mismatch -Wno-stringop-overflow -fstack-protector -fvisibility=hidden -g -O /tmp/petsc-oye27d1b/config.libraries/conftest.o  -ldl 
Checking for header: dlfcn.h
Preprocessing source:
#include "confdefs.h"
#include "conffix.h"
#include <dlfcn.h>

Executing: /usr/bin/mpicc -E  -I/tmp/petsc-oye27d1b/config.setCompilers -I/tmp/petsc-oye27d1b/config.types -I/tmp/petsc-oye27d1b/config.headers  /tmp/petsc-oye27d1b/config.headers/conftest.c 
Preprocess output before filtering:
Preprocess output after filtering:
              Defined "HAVE_DLFCN_H" to "1"
=============================================================================================
TESTING: checkExecutableExportFlag from config.libraries(/home/lzy/projects/formal_3D_flow_solver/FEM_SimVascular/external/dependencies/sv1_1/petsc-3.19.6/config/BuildSystem/config/libraries.py:612)
  Checks for the flag that allows executables to export symbols to dlsym()
======== Checking running linked program
Executing: /usr/bin/mpicc -c -o /tmp/petsc-oye27d1b/config.libraries/conftest.o -I/tmp/petsc-oye27d1b/config.compilerFlags -I/tmp/petsc-oye27d1b/config.setCompilers -I/tmp/petsc-oye27d1b/config.compilers -I/tmp/petsc-oye27d1b/config.headers -I/tmp/petsc-oye27d1b/config.utilities.cacheDetails -I/tmp/petsc-oye27d1b/config.libraries -I/tmp/petsc-oye27d1b/config.types  -fPIC -Wall -Wwrite-strings -Wno-unknown-pragmas -Wno-lto-type-mismatch -Wno-stringop-overflow -fstack-protector -fvisibility=hidden -g -O   /tmp/petsc-oye27d1b/config.libraries/conftest.c 
Successful compile:
Source:
#include "confdefs.h"
#include "conffix.h"

#include <stdio.h>
#include <stdlib.h>
#ifdef PETSC_HAVE_DLFCN_H
#include <dlfcn.h>
#endif

#define PETSC_DLLEXPORT __attribute__((visibility ("default")))

extern PETSC_DLLEXPORT int foo() {
  return 42;
}
    

int main() {

  void *lib;
  int (*foo)();

  lib = dlopen(NULL, RTLD_LAZY);
  if (!lib) {
    fprintf(stderr, "Could not open executable: %s\n", dlerror());
    exit(1);
  }
  foo = (int (*)(void)) dlsym(lib, "foo");
  if (!foo) {
    fprintf(stderr, "Could not find function in executable\n");
    exit(1);
  }
  if ((*foo)() != 42) {
    fprintf(stderr, "Could not run function\n");
    exit(1);
  }
  ;
  return 0;
}

Executing: /usr/bin/mpicc  -o /tmp/petsc-oye27d1b/config.libraries/conftest    -fPIC -Wall -Wwrite-strings -Wno-unknown-pragmas -Wno-lto-type-mismatch -Wno-stringop-overflow -fstack-protector -fvisibility=hidden -g -O  /tmp/petsc-oye27d1b/config.libraries/conftest.o 
Testing executable /tmp/petsc-oye27d1b/config.libraries/conftest to see if it can be run
Executing: /tmp/petsc-oye27d1b/config.libraries/conftest
Running Executable with threads to time it out at 60
Executing: /tmp/petsc-oye27d1b/config.libraries/conftest
ERROR while running executable: Could not execute "['/tmp/petsc-oye27d1b/config.libraries/conftest']":
Could not find function in executable

            Executable does not export symbols for dlopen()
======== Checking running linked program
Executing: /usr/bin/mpicc -c -o /tmp/petsc-oye27d1b/config.libraries/conftest.o -I/tmp/petsc-oye27d1b/config.compilerFlags -I/tmp/petsc-oye27d1b/config.setCompilers -I/tmp/petsc-oye27d1b/config.compilers -I/tmp/petsc-oye27d1b/config.headers -I/tmp/petsc-oye27d1b/config.utilities.cacheDetails -I/tmp/petsc-oye27d1b/config.libraries -I/tmp/petsc-oye27d1b/config.types  -fPIC -Wall -Wwrite-strings -Wno-unknown-pragmas -Wno-lto-type-mismatch -Wno-stringop-overflow -fstack-protector -fvisibility=hidden -g -O -Wl,-export_dynamic  /tmp/petsc-oye27d1b/config.libraries/conftest.c 
Successful compile:
Source:
#include "confdefs.h"
#include "conffix.h"

#include <stdio.h>
#include <stdlib.h>
#ifdef PETSC_HAVE_DLFCN_H
#include <dlfcn.h>
#endif

#define PETSC_DLLEXPORT __attribute__((visibility ("default")))

extern PETSC_DLLEXPORT int foo() {
  return 42;
}
    

int main() {

  void *lib;
  int (*foo)();

  lib = dlopen(NULL, RTLD_LAZY);
  if (!lib) {
    fprintf(stderr, "Could not open executable: %s\n", dlerror());
    exit(1);
  }
  foo = (int (*)(void)) dlsym(lib, "foo");
  if (!foo) {
    fprintf(stderr, "Could not find function in executable\n");
    exit(1);
  }
  if ((*foo)() != 42) {
    fprintf(stderr, "Could not run function\n");
    exit(1);
  }
  ;
  return 0;
}

Executing: /usr/bin/mpicc  -o /tmp/petsc-oye27d1b/config.libraries/conftest    -fPIC -Wall -Wwrite-strings -Wno-unknown-pragmas -Wno-lto-type-mismatch -Wno-stringop-overflow -fstack-protector -fvisibility=hidden -g -O -Wl,-export_dynamic /tmp/petsc-oye27d1b/config.libraries/conftest.o 
Possible ERROR while running linker:exit code 0
stderr:
/usr/bin/ld: warning: cannot find entry symbol xport_dynamic; defaulting to 0000000000001100
Linker output before filtering:

/usr/bin/ld: warning: cannot find entry symbol xport_dynamic; defaulting to 0000000000001100
Linker output after filtering:
/usr/bin/ld: warning: cannot find entry symbol xport_dynamic; defaulting to 0000000000001100
            Executable does not export symbols for dlopen()
======== Checking running linked program
Executing: /usr/bin/mpicc -c -o /tmp/petsc-oye27d1b/config.libraries/conftest.o -I/tmp/petsc-oye27d1b/config.compilerFlags -I/tmp/petsc-oye27d1b/config.setCompilers -I/tmp/petsc-oye27d1b/config.compilers -I/tmp/petsc-oye27d1b/config.headers -I/tmp/petsc-oye27d1b/config.utilities.cacheDetails -I/tmp/petsc-oye27d1b/config.libraries -I/tmp/petsc-oye27d1b/config.types  -fPIC -Wall -Wwrite-strings -Wno-unknown-pragmas -Wno-lto-type-mismatch -Wno-stringop-overflow -fstack-protector -fvisibility=hidden -g -O -Wl,-export-dynamic  /tmp/petsc-oye27d1b/config.libraries/conftest.c 
Successful compile:
Source:
#include "confdefs.h"
#include "conffix.h"

#include <stdio.h>
#include <stdlib.h>
#ifdef PETSC_HAVE_DLFCN_H
#include <dlfcn.h>
#endif

#define PETSC_DLLEXPORT __attribute__((visibility ("default")))

extern PETSC_DLLEXPORT int foo() {
  return 42;
}
    

int main() {

  void *lib;
  int (*foo)();

  lib = dlopen(NULL, RTLD_LAZY);
  if (!lib) {
    fprintf(stderr, "Could not open executable: %s\n", dlerror());
    exit(1);
  }
  foo = (int (*)(void)) dlsym(lib, "foo");
  if (!foo) {
    fprintf(stderr, "Could not find function in executable\n");
    exit(1);
  }
  if ((*foo)() != 42) {
    fprintf(stderr, "Could not run function\n");
    exit(1);
  }
  ;
  return 0;
}

Executing: /usr/bin/mpicc  -o /tmp/petsc-oye27d1b/config.libraries/conftest    -fPIC -Wall -Wwrite-strings -Wno-unknown-pragmas -Wno-lto-type-mismatch -Wno-stringop-overflow -fstack-protector -fvisibility=hidden -g -O -Wl,-export-dynamic /tmp/petsc-oye27d1b/config.libraries/conftest.o 
Testing executable /tmp/petsc-oye27d1b/config.libraries/conftest to see if it can be run
Executing: /tmp/petsc-oye27d1b/config.libraries/conftest
Running Executable with threads to time it out at 60
Executing: /tmp/petsc-oye27d1b/config.libraries/conftest
            Executable exports symbols for dlopen()
            Defined "HAVE_EXECUTABLE_EXPORT" to "1"
            Defined make macro "EXEFLAGS" to "-Wl,-export-dynamic"
    child config.libraries took 0.551875 seconds
=============================================================================================
TESTING: configureLibraryOptions from PETSc.options.libraryOptions(/home/lzy/projects/formal_3D_flow_solver/FEM_SimVascular/external/dependencies/sv1_1/petsc-3.19.6/config/PETSc/options/libraryOptions.py:38)
  Sets PETSC_USE_DEBUG, PETSC_USE_INFO, PETSC_USE_LOG, PETSC_USE_CTABLE, PETSC_USE_DMLANDAU_2D, PETSC_USE_FORTRAN_KERNELS, and PETSC_USE_AVX512_KERNELS
            Defined "USE_LOG" to "1"
Executing: /usr/bin/mpicc -qversion
            Defined "USE_MALLOC_COALESCED" to "1"
            Defined "USE_INFO" to "1"
            Defined "USE_CTABLE" to "1"
            Defined "USE_DMLANDAU_2D" to "1"
            **********Checking if running on BGL/IBM detected
              Checking for functions [bgl_perfctr_void] in library [''] []
Executing: /usr/bin/mpicc -c -o /tmp/petsc-oye27d1b/config.libraries/conftest.o -I/tmp/petsc-oye27d1b/config.compilerFlags -I/tmp/petsc-oye27d1b/config.setCompilers -I/tmp/petsc-oye27d1b/config.compilers -I/tmp/petsc-oye27d1b/config.headers -I/tmp/petsc-oye27d1b/config.utilities.cacheDetails -I/tmp/petsc-oye27d1b/config.libraries -I/tmp/petsc-oye27d1b/config.types  -fPIC -Wall -Wwrite-strings -Wno-unknown-pragmas -Wno-lto-type-mismatch -Wno-stringop-overflow -fstack-protector -fvisibility=hidden -g -O  /tmp/petsc-oye27d1b/config.libraries/conftest.c 
Successful compile:
Source:
#include "confdefs.h"
#include "conffix.h"
/* Override any gcc2 internal prototype to avoid an error. */
char bgl_perfctr_void();
static void _check_bgl_perfctr_void() { bgl_perfctr_void(); }

int main() {
_check_bgl_perfctr_void();;
  return 0;
}

Executing: /usr/bin/mpicc  -o /tmp/petsc-oye27d1b/config.libraries/conftest    -fPIC -Wall -Wwrite-strings -Wno-unknown-pragmas -Wno-lto-type-mismatch -Wno-stringop-overflow -fstack-protector -fvisibility=hidden -g -O /tmp/petsc-oye27d1b/config.libraries/conftest.o   
Possible ERROR while running linker: exit code 1
stderr:
/usr/bin/ld: /tmp/petsc-oye27d1b/config.libraries/conftest.o: in function `_check_bgl_perfctr_void':
/tmp/petsc-oye27d1b/config.libraries/conftest.c:5:(.text+0xe): undefined reference to `bgl_perfctr_void'
collect2: error: ld returned 1 exit status
Linker output before filtering:

/usr/bin/ld: /tmp/petsc-oye27d1b/config.libraries/conftest.o: in function `_check_bgl_perfctr_void':
/tmp/petsc-oye27d1b/config.libraries/conftest.c:5:(.text+0xe): undefined reference to `bgl_perfctr_void'
collect2: error: ld returned 1 exit status
Linker output after filtering:
/usr/bin/ld: /tmp/petsc-oye27d1b/config.libraries/conftest.o: in function `_check_bgl_perfctr_void':
/tmp/petsc-oye27d1b/config.libraries/conftest.c:5:(.text+0xe): undefined reference to `bgl_perfctr_void'
collect2: error: ld returned 1 exit status
              Checking for functions [ADIOI_BGL_Open] in library [''] []
Executing: /usr/bin/mpicc -c -o /tmp/petsc-oye27d1b/config.libraries/conftest.o -I/tmp/petsc-oye27d1b/config.compilerFlags -I/tmp/petsc-oye27d1b/config.setCompilers -I/tmp/petsc-oye27d1b/config.compilers -I/tmp/petsc-oye27d1b/config.headers -I/tmp/petsc-oye27d1b/config.utilities.cacheDetails -I/tmp/petsc-oye27d1b/config.libraries -I/tmp/petsc-oye27d1b/config.types  -fPIC -Wall -Wwrite-strings -Wno-unknown-pragmas -Wno-lto-type-mismatch -Wno-stringop-overflow -fstack-protector -fvisibility=hidden -g -O  /tmp/petsc-oye27d1b/config.libraries/conftest.c 
Successful compile:
Source:
#include "confdefs.h"
#include "conffix.h"
/* Override any gcc2 internal prototype to avoid an error. */
char ADIOI_BGL_Open();
static void _check_ADIOI_BGL_Open() { ADIOI_BGL_Open(); }

int main() {
_check_ADIOI_BGL_Open();;
  return 0;
}

Executing: /usr/bin/mpicc  -o /tmp/petsc-oye27d1b/config.libraries/conftest    -fPIC -Wall -Wwrite-strings -Wno-unknown-pragmas -Wno-lto-type-mismatch -Wno-stringop-overflow -fstack-protector -fvisibility=hidden -g -O /tmp/petsc-oye27d1b/config.libraries/conftest.o   
Possible ERROR while running linker: exit code 1
stderr:
/usr/bin/ld: /tmp/petsc-oye27d1b/config.libraries/conftest.o: in function `_check_ADIOI_BGL_Open':
/tmp/petsc-oye27d1b/config.libraries/conftest.c:5:(.text+0xe): undefined reference to `ADIOI_BGL_Open'
collect2: error: ld returned 1 exit status
Linker output before filtering:

/usr/bin/ld: /tmp/petsc-oye27d1b/config.libraries/conftest.o: in function `_check_ADIOI_BGL_Open':
/tmp/petsc-oye27d1b/config.libraries/conftest.c:5:(.text+0xe): undefined reference to `ADIOI_BGL_Open'
collect2: error: ld returned 1 exit status
Linker output after filtering:
/usr/bin/ld: /tmp/petsc-oye27d1b/config.libraries/conftest.o: in function `_check_ADIOI_BGL_Open':
/tmp/petsc-oye27d1b/config.libraries/conftest.c:5:(.text+0xe): undefined reference to `ADIOI_BGL_Open'
collect2: error: ld returned 1 exit status
            *********BGL/IBM test failure
            Defined "USE_BACKWARD_LOOP" to "1"
            Defined "USE_AVX512_KERNELS" to "1"
=============================================================================================
TESTING: configureISColorValueType from PETSc.options.libraryOptions(/home/lzy/projects/formal_3D_flow_solver/FEM_SimVascular/external/dependencies/sv1_1/petsc-3.19.6/config/PETSc/options/libraryOptions.py:93)
  Sets PETSC_IS_COLORING_VALUE_TYPE, PETSC_MPIU_IS_COLORING_VALUE_TYPE, and PETSC_IS_COLORING_MAX as required by ISColoring
            Defined "MPIU_IS_COLORING_VALUE_TYPE" to "MPI_UNSIGNED_SHORT"
            Defined "IS_COLORING_MAX" to "USHRT_MAX"
            Defined "IS_COLORING_VALUE_TYPE" to "short"
            Defined "IS_COLORING_VALUE_TYPE_F" to "integer2"
    child PETSc.options.libraryOptions took 0.062769 seconds
    child config.atomics took 0.000002 seconds
=============================================================================================
TESTING: checkVSNPrintf from config.functions(/home/lzy/projects/formal_3D_flow_solver/FEM_SimVascular/external/dependencies/sv1_1/petsc-3.19.6/config/BuildSystem/config/functions.py:106)
  Checks whether vsnprintf requires a char * last argument, and if it does defines HAVE_VSNPRINTF_CHAR
Executing: /usr/bin/mpicc -c -o /tmp/petsc-oye27d1b/config.functions/conftest.o -I/tmp/petsc-oye27d1b/config.compilerFlags -I/tmp/petsc-oye27d1b/config.setCompilers -I/tmp/petsc-oye27d1b/config.compilers -I/tmp/petsc-oye27d1b/config.headers -I/tmp/petsc-oye27d1b/config.utilities.cacheDetails -I/tmp/petsc-oye27d1b/config.libraries -I/tmp/petsc-oye27d1b/config.types -I/tmp/petsc-oye27d1b/config.functions  -fPIC -Wall -Wwrite-strings -Wno-unknown-pragmas -Wno-lto-type-mismatch -Wno-stringop-overflow -fstack-protector -fvisibility=hidden -g -O  /tmp/petsc-oye27d1b/config.functions/conftest.c 
Successful compile:
Source:
#include "confdefs.h"
#include "conffix.h"
#include <stdio.h>
#include <stdarg.h>

int main() {
va_list Argp = { 0 };char str[6];
vsnprintf(str,5, "%d", Argp );
  return 0;
}

Executing: /usr/bin/mpicc  -o /tmp/petsc-oye27d1b/config.functions/conftest    -fPIC -Wall -Wwrite-strings -Wno-unknown-pragmas -Wno-lto-type-mismatch -Wno-stringop-overflow -fstack-protector -fvisibility=hidden -g -O /tmp/petsc-oye27d1b/config.functions/conftest.o 
            Defined "HAVE_VSNPRINTF" to "1"
=============================================================================================
TESTING: checkNanosleep from config.functions(/home/lzy/projects/formal_3D_flow_solver/FEM_SimVascular/external/dependencies/sv1_1/petsc-3.19.6/config/BuildSystem/config/functions.py:136)
  Check for functional nanosleep() - as time.h behaves differently for different compiler flags - like -std=c89
Executing: /usr/bin/mpicc -c -o /tmp/petsc-oye27d1b/config.functions/conftest.o -I/tmp/petsc-oye27d1b/config.compilerFlags -I/tmp/petsc-oye27d1b/config.setCompilers -I/tmp/petsc-oye27d1b/config.compilers -I/tmp/petsc-oye27d1b/config.headers -I/tmp/petsc-oye27d1b/config.utilities.cacheDetails -I/tmp/petsc-oye27d1b/config.libraries -I/tmp/petsc-oye27d1b/config.types -I/tmp/petsc-oye27d1b/config.functions  -fPIC -Wall -Wwrite-strings -Wno-unknown-pragmas -Wno-lto-type-mismatch -Wno-stringop-overflow -fstack-protector -fvisibility=hidden -g -O  /tmp/petsc-oye27d1b/config.functions/conftest.c 
Successful compile:
Source:
#include "confdefs.h"
#include "conffix.h"
#include <time.h>

int main() {
struct timespec tp;
 tp.tv_sec = 0;
 tp.tv_nsec = (long)(1e9);
 nanosleep(&tp,0);
  return 0;
}

Executing: /usr/bin/mpicc  -o /tmp/petsc-oye27d1b/config.functions/conftest    -fPIC -Wall -Wwrite-strings -Wno-unknown-pragmas -Wno-lto-type-mismatch -Wno-stringop-overflow -fstack-protector -fvisibility=hidden -g -O /tmp/petsc-oye27d1b/config.functions/conftest.o 
            Defined "HAVE_NANOSLEEP" to "1"
=============================================================================================
TESTING: checkMemmove from config.functions(/home/lzy/projects/formal_3D_flow_solver/FEM_SimVascular/external/dependencies/sv1_1/petsc-3.19.6/config/BuildSystem/config/functions.py:142)
  Check for functional memmove() - as MS VC requires correct includes to for this test
Executing: /usr/bin/mpicc -c -o /tmp/petsc-oye27d1b/config.functions/conftest.o -I/tmp/petsc-oye27d1b/config.compilerFlags -I/tmp/petsc-oye27d1b/config.setCompilers -I/tmp/petsc-oye27d1b/config.compilers -I/tmp/petsc-oye27d1b/config.headers -I/tmp/petsc-oye27d1b/config.utilities.cacheDetails -I/tmp/petsc-oye27d1b/config.libraries -I/tmp/petsc-oye27d1b/config.types -I/tmp/petsc-oye27d1b/config.functions  -fPIC -Wall -Wwrite-strings -Wno-unknown-pragmas -Wno-lto-type-mismatch -Wno-stringop-overflow -fstack-protector -fvisibility=hidden -g -O  /tmp/petsc-oye27d1b/config.functions/conftest.c 
Successful compile:
Source:
#include "confdefs.h"
#include "conffix.h"
#include <string.h>

int main() {
 char c1[1], c2[1] = "c";
 size_t n=1;
 memmove(c1,c2,n);
  return 0;
}

Executing: /usr/bin/mpicc  -o /tmp/petsc-oye27d1b/config.functions/conftest    -fPIC -Wall -Wwrite-strings -Wno-unknown-pragmas -Wno-lto-type-mismatch -Wno-stringop-overflow -fstack-protector -fvisibility=hidden -g -O /tmp/petsc-oye27d1b/config.functions/conftest.o 
            Defined "HAVE_MEMMOVE" to "1"
=============================================================================================
TESTING: checkSignalHandlerType from config.functions(/home/lzy/projects/formal_3D_flow_solver/FEM_SimVascular/external/dependencies/sv1_1/petsc-3.19.6/config/BuildSystem/config/functions.py:112)
  Checks the type of C++ signals handlers, and defines SIGNAL_CAST to the correct value
Executing: /usr/bin/mpicxx -c -o /tmp/petsc-oye27d1b/config.functions/conftest.o -I/tmp/petsc-oye27d1b/config.compilerFlags -I/tmp/petsc-oye27d1b/config.setCompilers -I/tmp/petsc-oye27d1b/config.compilers -I/tmp/petsc-oye27d1b/config.types -I/tmp/petsc-oye27d1b/config.functions  -Wall -Wwrite-strings -Wno-strict-aliasing -Wno-unknown-pragmas -Wno-lto-type-mismatch -Wno-psabi -fstack-protector -fvisibility=hidden -g -O  -std=gnu++20 -fPIC  /tmp/petsc-oye27d1b/config.functions/conftest.cc 
Successful compile:
Source:
#include "confdefs.h"
#include "conffix.h"
#include <signal.h>
static void myhandler(int sig) {}

int main() {
signal(SIGFPE,myhandler);
  return 0;
}

Executing: /usr/bin/mpicxx  -o /tmp/petsc-oye27d1b/config.functions/conftest    -Wall -Wwrite-strings -Wno-strict-aliasing -Wno-unknown-pragmas -Wno-lto-type-mismatch -Wno-psabi -fstack-protector -fvisibility=hidden -g -O /tmp/petsc-oye27d1b/config.functions/conftest.o 
            Defined "SIGNAL_CAST" to " "
=============================================================================================
TESTING: checkFreeReturnType from config.functions(/home/lzy/projects/formal_3D_flow_solver/FEM_SimVascular/external/dependencies/sv1_1/petsc-3.19.6/config/BuildSystem/config/functions.py:122)
  Checks whether free returns void or int, and defines HAVE_FREE_RETURN_INT
Executing: /usr/bin/mpicc -c -o /tmp/petsc-oye27d1b/config.functions/conftest.o -I/tmp/petsc-oye27d1b/config.compilerFlags -I/tmp/petsc-oye27d1b/config.setCompilers -I/tmp/petsc-oye27d1b/config.compilers -I/tmp/petsc-oye27d1b/config.headers -I/tmp/petsc-oye27d1b/config.utilities.cacheDetails -I/tmp/petsc-oye27d1b/config.libraries -I/tmp/petsc-oye27d1b/config.types -I/tmp/petsc-oye27d1b/config.functions  -fPIC -Wall -Wwrite-strings -Wno-unknown-pragmas -Wno-lto-type-mismatch -Wno-stringop-overflow -fstack-protector -fvisibility=hidden -g -O  /tmp/petsc-oye27d1b/config.functions/conftest.c 
Possible ERROR while running compiler: exit code 1
stderr:
/tmp/petsc-oye27d1b/config.functions/conftest.c: In function ‘main’:
/tmp/petsc-oye27d1b/config.functions/conftest.c:6:25: error: void value not ignored as it ought to be
    6 | int ierr; void *p; ierr = free(p); return ierr;
      |                         ^
Source:
#include "confdefs.h"
#include "conffix.h"
#include <stdlib.h>

int main() {
int ierr; void *p; ierr = free(p); return ierr;
  return 0;
}

              Compile failed inside link

=============================================================================================
TESTING: checkVariableArgumentLists from config.functions(/home/lzy/projects/formal_3D_flow_solver/FEM_SimVascular/external/dependencies/sv1_1/petsc-3.19.6/config/BuildSystem/config/functions.py:128)
  Checks whether the variable argument list functionality is working
Executing: /usr/bin/mpicc -c -o /tmp/petsc-oye27d1b/config.functions/conftest.o -I/tmp/petsc-oye27d1b/config.compilerFlags -I/tmp/petsc-oye27d1b/config.setCompilers -I/tmp/petsc-oye27d1b/config.compilers -I/tmp/petsc-oye27d1b/config.headers -I/tmp/petsc-oye27d1b/config.utilities.cacheDetails -I/tmp/petsc-oye27d1b/config.libraries -I/tmp/petsc-oye27d1b/config.types -I/tmp/petsc-oye27d1b/config.functions  -fPIC -Wall -Wwrite-strings -Wno-unknown-pragmas -Wno-lto-type-mismatch -Wno-stringop-overflow -fstack-protector -fvisibility=hidden -g -O  /tmp/petsc-oye27d1b/config.functions/conftest.c 
Successful compile:
Source:
#include "confdefs.h"
#include "conffix.h"
#include <stdarg.h>

int main() {
  va_list l1, l2;
  va_copy(l1, l2);
  return 0;
}

Executing: /usr/bin/mpicc  -o /tmp/petsc-oye27d1b/config.functions/conftest    -fPIC -Wall -Wwrite-strings -Wno-unknown-pragmas -Wno-lto-type-mismatch -Wno-stringop-overflow -fstack-protector -fvisibility=hidden -g -O /tmp/petsc-oye27d1b/config.functions/conftest.o 
            Defined "HAVE_VA_COPY" to "1"
=============================================================================================
TESTING: checkClassify from config.functions(/home/lzy/projects/formal_3D_flow_solver/FEM_SimVascular/external/dependencies/sv1_1/petsc-3.19.6/config/BuildSystem/config/functions.py:85)
  Recursive decompose to rapidly classify functions as found or missing
    To confirm that a function is missing, we require a compile/link
    failure with only that function in a compilation unit.  In contrast,
    we can confirm that many functions are present by compiling them all
    together in a large compilation unit.  We optimistically compile
    everything together, then trim all functions that were named in the
    error message and bisect the result.  The trimming is only an
    optimization to increase the likelihood of a big-batch compile
    succeeding; we do not rely on the compiler naming missing functions.
    
Checking for functions [uname _getcwd rand getwd _snprintf PXFGETARG realpath getcwd dlclose usleep popen _mkdir sleep fpresetsticky lseek dlerror _lseek _access access posix_memalign clock __gcov_dump getdomainname dlsym gethostbyname snprintf drand48 fork socket getpagesize fpsetsticky bzero readlink time stricmp strcasecmp dlopen getrusage sbreak _set_output_format gethostname _sleep]
Executing: /usr/bin/mpicc -c -o /tmp/petsc-oye27d1b/config.functions/conftest.o -I/tmp/petsc-oye27d1b/config.compilerFlags -I/tmp/petsc-oye27d1b/config.setCompilers -I/tmp/petsc-oye27d1b/config.compilers -I/tmp/petsc-oye27d1b/config.headers -I/tmp/petsc-oye27d1b/config.utilities.cacheDetails -I/tmp/petsc-oye27d1b/config.libraries -I/tmp/petsc-oye27d1b/config.types -I/tmp/petsc-oye27d1b/config.functions  -fPIC -Wall -Wwrite-strings -Wno-unknown-pragmas -Wno-lto-type-mismatch -Wno-stringop-overflow -fstack-protector -fvisibility=hidden -g -O  /tmp/petsc-oye27d1b/config.functions/conftest.c 
Possible ERROR while running compiler:exit code 0
stderr:
/tmp/petsc-oye27d1b/config.functions/conftest.c:32:6: warning: conflicting types for built-in function ‘posix_memalign’; expected ‘int(void **, long unsigned int,  long unsigned int)’ [-Wbuiltin-declaration-mismatch]
   32 | char posix_memalign();
      |      ^~~~~~~~~~~~~~
/tmp/petsc-oye27d1b/config.functions/conftest.c:38:6: warning: conflicting types for built-in function ‘snprintf’; expected ‘int(char *, long unsigned int,  const char *, ...)’ [-Wbuiltin-declaration-mismatch]
   38 | char snprintf();
      |      ^~~~~~~~
/tmp/petsc-oye27d1b/config.functions/conftest.c:6:1: note: ‘snprintf’ is declared in header ‘<stdio.h>’
    5 | #include <assert.h>
  +++ |+#include <stdio.h>
    6 | /* Override any gcc2 internal prototype to avoid an error. */
/tmp/petsc-oye27d1b/config.functions/conftest.c:40:6: warning: conflicting types for built-in function ‘fork’; expected ‘int(void)’ [-Wbuiltin-declaration-mismatch]
   40 | char fork();
      |      ^~~~
/tmp/petsc-oye27d1b/config.functions/conftest.c:44:6: warning: conflicting types for built-in function ‘bzero’; expected ‘void(void *, long unsigned int)’ [-Wbuiltin-declaration-mismatch]
   44 | char bzero();
      |      ^~~~~
/tmp/petsc-oye27d1b/config.functions/conftest.c:48:6: warning: conflicting types for built-in function ‘strcasecmp’; expected ‘int(const char *, const char *)’ [-Wbuiltin-declaration-mismatch]
   48 | char strcasecmp();
      |      ^~~~~~~~~~
Source:
#include "confdefs.h"
#include "conffix.h"

/* System header to define __stub macros and hopefully no other prototypes since they would conflict with our 'char funcname()' declaration below. */
#include <assert.h>
/* Override any gcc2 internal prototype to avoid an error. */
#ifdef __cplusplus
extern "C" {
#endif

/* We use char because int might match the return type of a gcc2
builtin and then its argument prototype would still apply. */
char uname();
char _getcwd();
char rand();
char getwd();
char _snprintf();
char PXFGETARG();
char realpath();
char getcwd();
char dlclose();
char usleep();
char popen();
char _mkdir();
char sleep();
char fpresetsticky();
char lseek();
char dlerror();
char _lseek();
char _access();
char access();
char posix_memalign();
char clock();
char __gcov_dump();
char getdomainname();
char dlsym();
char gethostbyname();
char snprintf();
char drand48();
char fork();
char socket();
char getpagesize();
char fpsetsticky();
char bzero();
char readlink();
char time();
char stricmp();
char strcasecmp();
char dlopen();
char getrusage();
char sbreak();
char _set_output_format();
char gethostname();
char _sleep();

#ifdef __cplusplus
}
#endif

int main() {

#if defined (__stub_uname) || defined (__stub___uname)
uname_will_always_fail_with_ENOSYS();
#else
uname();
#endif

#if defined (__stub__getcwd) || defined (__stub____getcwd)
_getcwd_will_always_fail_with_ENOSYS();
#else
_getcwd();
#endif

#if defined (__stub_rand) || defined (__stub___rand)
rand_will_always_fail_with_ENOSYS();
#else
rand();
#endif

#if defined (__stub_getwd) || defined (__stub___getwd)
getwd_will_always_fail_with_ENOSYS();
#else
getwd();
#endif

#if defined (__stub__snprintf) || defined (__stub____snprintf)
_snprintf_will_always_fail_with_ENOSYS();
#else
_snprintf();
#endif

#if defined (__stub_PXFGETARG) || defined (__stub___PXFGETARG)
PXFGETARG_will_always_fail_with_ENOSYS();
#else
PXFGETARG();
#endif

#if defined (__stub_realpath) || defined (__stub___realpath)
realpath_will_always_fail_with_ENOSYS();
#else
realpath();
#endif

#if defined (__stub_getcwd) || defined (__stub___getcwd)
getcwd_will_always_fail_with_ENOSYS();
#else
getcwd();
#endif

#if defined (__stub_dlclose) || defined (__stub___dlclose)
dlclose_will_always_fail_with_ENOSYS();
#else
dlclose();
#endif

#if defined (__stub_usleep) || defined (__stub___usleep)
usleep_will_always_fail_with_ENOSYS();
#else
usleep();
#endif

#if defined (__stub_popen) || defined (__stub___popen)
popen_will_always_fail_with_ENOSYS();
#else
popen();
#endif

#if defined (__stub__mkdir) || defined (__stub____mkdir)
_mkdir_will_always_fail_with_ENOSYS();
#else
_mkdir();
#endif

#if defined (__stub_sleep) || defined (__stub___sleep)
sleep_will_always_fail_with_ENOSYS();
#else
sleep();
#endif

#if defined (__stub_fpresetsticky) || defined (__stub___fpresetsticky)
fpresetsticky_will_always_fail_with_ENOSYS();
#else
fpresetsticky();
#endif

#if defined (__stub_lseek) || defined (__stub___lseek)
lseek_will_always_fail_with_ENOSYS();
#else
lseek();
#endif

#if defined (__stub_dlerror) || defined (__stub___dlerror)
dlerror_will_always_fail_with_ENOSYS();
#else
dlerror();
#endif

#if defined (__stub__lseek) || defined (__stub____lseek)
_lseek_will_always_fail_with_ENOSYS();
#else
_lseek();
#endif

#if defined (__stub__access) || defined (__stub____access)
_access_will_always_fail_with_ENOSYS();
#else
_access();
#endif

#if defined (__stub_access) || defined (__stub___access)
access_will_always_fail_with_ENOSYS();
#else
access();
#endif

#if defined (__stub_posix_memalign) || defined (__stub___posix_memalign)
posix_memalign_will_always_fail_with_ENOSYS();
#else
posix_memalign();
#endif

#if defined (__stub_clock) || defined (__stub___clock)
clock_will_always_fail_with_ENOSYS();
#else
clock();
#endif

#if defined (__stub___gcov_dump) || defined (__stub_____gcov_dump)
__gcov_dump_will_always_fail_with_ENOSYS();
#else
__gcov_dump();
#endif

#if defined (__stub_getdomainname) || defined (__stub___getdomainname)
getdomainname_will_always_fail_with_ENOSYS();
#else
getdomainname();
#endif

#if defined (__stub_dlsym) || defined (__stub___dlsym)
dlsym_will_always_fail_with_ENOSYS();
#else
dlsym();
#endif

#if defined (__stub_gethostbyname) || defined (__stub___gethostbyname)
gethostbyname_will_always_fail_with_ENOSYS();
#else
gethostbyname();
#endif

#if defined (__stub_snprintf) || defined (__stub___snprintf)
snprintf_will_always_fail_with_ENOSYS();
#else
snprintf();
#endif

#if defined (__stub_drand48) || defined (__stub___drand48)
drand48_will_always_fail_with_ENOSYS();
#else
drand48();
#endif

#if defined (__stub_fork) || defined (__stub___fork)
fork_will_always_fail_with_ENOSYS();
#else
fork();
#endif

#if defined (__stub_socket) || defined (__stub___socket)
socket_will_always_fail_with_ENOSYS();
#else
socket();
#endif

#if defined (__stub_getpagesize) || defined (__stub___getpagesize)
getpagesize_will_always_fail_with_ENOSYS();
#else
getpagesize();
#endif

#if defined (__stub_fpsetsticky) || defined (__stub___fpsetsticky)
fpsetsticky_will_always_fail_with_ENOSYS();
#else
fpsetsticky();
#endif

#if defined (__stub_bzero) || defined (__stub___bzero)
bzero_will_always_fail_with_ENOSYS();
#else
bzero();
#endif

#if defined (__stub_readlink) || defined (__stub___readlink)
readlink_will_always_fail_with_ENOSYS();
#else
readlink();
#endif

#if defined (__stub_time) || defined (__stub___time)
time_will_always_fail_with_ENOSYS();
#else
time();
#endif

#if defined (__stub_stricmp) || defined (__stub___stricmp)
stricmp_will_always_fail_with_ENOSYS();
#else
stricmp();
#endif

#if defined (__stub_strcasecmp) || defined (__stub___strcasecmp)
strcasecmp_will_always_fail_with_ENOSYS();
#else
strcasecmp();
#endif

#if defined (__stub_dlopen) || defined (__stub___dlopen)
dlopen_will_always_fail_with_ENOSYS();
#else
dlopen();
#endif

#if defined (__stub_getrusage) || defined (__stub___getrusage)
getrusage_will_always_fail_with_ENOSYS();
#else
getrusage();
#endif

#if defined (__stub_sbreak) || defined (__stub___sbreak)
sbreak_will_always_fail_with_ENOSYS();
#else
sbreak();
#endif

#if defined (__stub__set_output_format) || defined (__stub____set_output_format)
_set_output_format_will_always_fail_with_ENOSYS();
#else
_set_output_format();
#endif

#if defined (__stub_gethostname) || defined (__stub___gethostname)
gethostname_will_always_fail_with_ENOSYS();
#else
gethostname();
#endif

#if defined (__stub__sleep) || defined (__stub____sleep)
_sleep_will_always_fail_with_ENOSYS();
#else
_sleep();
#endif
;
  return 0;
}

Executing: /usr/bin/mpicc  -o /tmp/petsc-oye27d1b/config.functions/conftest    -fPIC -Wall -Wwrite-strings -Wno-unknown-pragmas -Wno-lto-type-mismatch -Wno-stringop-overflow -fstack-protector -fvisibility=hidden -g -O /tmp/petsc-oye27d1b/config.functions/conftest.o 
Possible ERROR while running linker: exit code 1
stderr:
/usr/bin/ld: /tmp/petsc-oye27d1b/config.functions/conftest.o: in function `main':
/tmp/petsc-oye27d1b/config.functions/conftest.c:83:(.text+0x2c): warning: the `getwd' function is dangerous and should not be used.
/usr/bin/ld: /tmp/petsc-oye27d1b/config.functions/conftest.c:71:(.text+0x18): undefined reference to `_getcwd'
/usr/bin/ld: /tmp/petsc-oye27d1b/config.functions/conftest.c:89:(.text+0x36): undefined reference to `_snprintf'
/usr/bin/ld: /tmp/petsc-oye27d1b/config.functions/conftest.c:95:(.text+0x40): undefined reference to `PXFGETARG'
/usr/bin/ld: /tmp/petsc-oye27d1b/config.functions/conftest.c:131:(.text+0x7c): undefined reference to `_mkdir'
/usr/bin/ld: /tmp/petsc-oye27d1b/config.functions/conftest.c:143:(.text+0x90): undefined reference to `fpresetsticky'
/usr/bin/ld: /tmp/petsc-oye27d1b/config.functions/conftest.c:161:(.text+0xae): undefined reference to `_lseek'
/usr/bin/ld: /tmp/petsc-oye27d1b/config.functions/conftest.c:167:(.text+0xb8): undefined reference to `_access'
/usr/bin/ld: /tmp/petsc-oye27d1b/config.functions/conftest.c:191:(.text+0xe0): undefined reference to `__gcov_dump'
/usr/bin/ld: /tmp/petsc-oye27d1b/config.functions/conftest.c:245:(.text+0x13a): undefined reference to `fpsetsticky'
/usr/bin/ld: /tmp/petsc-oye27d1b/config.functions/conftest.c:269:(.text+0x162): undefined reference to `stricmp'
/usr/bin/ld: /tmp/petsc-oye27d1b/config.functions/conftest.c:293:(.text+0x18a): undefined reference to `sbreak'
/usr/bin/ld: /tmp/petsc-oye27d1b/config.functions/conftest.c:299:(.text+0x194): undefined reference to `_set_output_format'
/usr/bin/ld: /tmp/petsc-oye27d1b/config.functions/conftest.c:311:(.text+0x1a8): undefined reference to `_sleep'
collect2: error: ld returned 1 exit status
Linker output before filtering:

/usr/bin/ld: /tmp/petsc-oye27d1b/config.functions/conftest.o: in function `main':
/tmp/petsc-oye27d1b/config.functions/conftest.c:83:(.text+0x2c): warning: the `getwd' function is dangerous and should not be used.
/usr/bin/ld: /tmp/petsc-oye27d1b/config.functions/conftest.c:71:(.text+0x18): undefined reference to `_getcwd'
/usr/bin/ld: /tmp/petsc-oye27d1b/config.functions/conftest.c:89:(.text+0x36): undefined reference to `_snprintf'
/usr/bin/ld: /tmp/petsc-oye27d1b/config.functions/conftest.c:95:(.text+0x40): undefined reference to `PXFGETARG'
/usr/bin/ld: /tmp/petsc-oye27d1b/config.functions/conftest.c:131:(.text+0x7c): undefined reference to `_mkdir'
/usr/bin/ld: /tmp/petsc-oye27d1b/config.functions/conftest.c:143:(.text+0x90): undefined reference to `fpresetsticky'
/usr/bin/ld: /tmp/petsc-oye27d1b/config.functions/conftest.c:161:(.text+0xae): undefined reference to `_lseek'
/usr/bin/ld: /tmp/petsc-oye27d1b/config.functions/conftest.c:167:(.text+0xb8): undefined reference to `_access'
/usr/bin/ld: /tmp/petsc-oye27d1b/config.functions/conftest.c:191:(.text+0xe0): undefined reference to `__gcov_dump'
/usr/bin/ld: /tmp/petsc-oye27d1b/config.functions/conftest.c:245:(.text+0x13a): undefined reference to `fpsetsticky'
/usr/bin/ld: /tmp/petsc-oye27d1b/config.functions/conftest.c:269:(.text+0x162): undefined reference to `stricmp'
/usr/bin/ld: /tmp/petsc-oye27d1b/config.functions/conftest.c:293:(.text+0x18a): undefined reference to `sbreak'
/usr/bin/ld: /tmp/petsc-oye27d1b/config.functions/conftest.c:299:(.text+0x194): undefined reference to `_set_output_format'
/usr/bin/ld: /tmp/petsc-oye27d1b/config.functions/conftest.c:311:(.text+0x1a8): undefined reference to `_sleep'
collect2: error: ld returned 1 exit status
Linker output after filtering:
/usr/bin/ld: /tmp/petsc-oye27d1b/config.functions/conftest.o: in function `main':
/tmp/petsc-oye27d1b/config.functions/conftest.c:83:(.text+0x2c): warning: the `getwd' function is dangerous and should not be used.
/usr/bin/ld: /tmp/petsc-oye27d1b/config.functions/conftest.c:71:(.text+0x18): undefined reference to `_getcwd'
/usr/bin/ld: /tmp/petsc-oye27d1b/config.functions/conftest.c:89:(.text+0x36): undefined reference to `_snprintf'
/usr/bin/ld: /tmp/petsc-oye27d1b/config.functions/conftest.c:95:(.text+0x40): undefined reference to `PXFGETARG'
/usr/bin/ld: /tmp/petsc-oye27d1b/config.functions/conftest.c:131:(.text+0x7c): undefined reference to `_mkdir'
/usr/bin/ld: /tmp/petsc-oye27d1b/config.functions/conftest.c:143:(.text+0x90): undefined reference to `fpresetsticky'
/usr/bin/ld: /tmp/petsc-oye27d1b/config.functions/conftest.c:161:(.text+0xae): undefined reference to `_lseek'
/usr/bin/ld: /tmp/petsc-oye27d1b/config.functions/conftest.c:167:(.text+0xb8): undefined reference to `_access'
/usr/bin/ld: /tmp/petsc-oye27d1b/config.functions/conftest.c:191:(.text+0xe0): undefined reference to `__gcov_dump'
/usr/bin/ld: /tmp/petsc-oye27d1b/config.functions/conftest.c:245:(.text+0x13a): undefined reference to `fpsetsticky'
/usr/bin/ld: /tmp/petsc-oye27d1b/config.functions/conftest.c:269:(.text+0x162): undefined reference to `stricmp'
/usr/bin/ld: /tmp/petsc-oye27d1b/config.functions/conftest.c:293:(.text+0x18a): undefined reference to `sbreak'
/usr/bin/ld: /tmp/petsc-oye27d1b/config.functions/conftest.c:299:(.text+0x194): undefined reference to `_set_output_format'
/usr/bin/ld: /tmp/petsc-oye27d1b/config.functions/conftest.c:311:(.text+0x1a8): undefined reference to `_sleep'
collect2: error: ld returned 1 exit status
Checking for functions [uname rand realpath dlclose usleep popen dlerror posix_memalign clock getdomainname dlsym]
Executing: /usr/bin/mpicc -c -o /tmp/petsc-oye27d1b/config.functions/conftest.o -I/tmp/petsc-oye27d1b/config.compilerFlags -I/tmp/petsc-oye27d1b/config.setCompilers -I/tmp/petsc-oye27d1b/config.compilers -I/tmp/petsc-oye27d1b/config.headers -I/tmp/petsc-oye27d1b/config.utilities.cacheDetails -I/tmp/petsc-oye27d1b/config.libraries -I/tmp/petsc-oye27d1b/config.types -I/tmp/petsc-oye27d1b/config.functions  -fPIC -Wall -Wwrite-strings -Wno-unknown-pragmas -Wno-lto-type-mismatch -Wno-stringop-overflow -fstack-protector -fvisibility=hidden -g -O  /tmp/petsc-oye27d1b/config.functions/conftest.c 
Possible ERROR while running compiler:exit code 0
stderr:
/tmp/petsc-oye27d1b/config.functions/conftest.c:20:6: warning: conflicting types for built-in function ‘posix_memalign’; expected ‘int(void **, long unsigned int,  long unsigned int)’ [-Wbuiltin-declaration-mismatch]
   20 | char posix_memalign();
      |      ^~~~~~~~~~~~~~
Source:
#include "confdefs.h"
#include "conffix.h"

/* System header to define __stub macros and hopefully no other prototypes since they would conflict with our 'char funcname()' declaration below. */
#include <assert.h>
/* Override any gcc2 internal prototype to avoid an error. */
#ifdef __cplusplus
extern "C" {
#endif

/* We use char because int might match the return type of a gcc2
builtin and then its argument prototype would still apply. */
char uname();
char rand();
char realpath();
char dlclose();
char usleep();
char popen();
char dlerror();
char posix_memalign();
char clock();
char getdomainname();
char dlsym();

#ifdef __cplusplus
}
#endif

int main() {

#if defined (__stub_uname) || defined (__stub___uname)
uname_will_always_fail_with_ENOSYS();
#else
uname();
#endif

#if defined (__stub_rand) || defined (__stub___rand)
rand_will_always_fail_with_ENOSYS();
#else
rand();
#endif

#if defined (__stub_realpath) || defined (__stub___realpath)
realpath_will_always_fail_with_ENOSYS();
#else
realpath();
#endif

#if defined (__stub_dlclose) || defined (__stub___dlclose)
dlclose_will_always_fail_with_ENOSYS();
#else
dlclose();
#endif

#if defined (__stub_usleep) || defined (__stub___usleep)
usleep_will_always_fail_with_ENOSYS();
#else
usleep();
#endif

#if defined (__stub_popen) || defined (__stub___popen)
popen_will_always_fail_with_ENOSYS();
#else
popen();
#endif

#if defined (__stub_dlerror) || defined (__stub___dlerror)
dlerror_will_always_fail_with_ENOSYS();
#else
dlerror();
#endif

#if defined (__stub_posix_memalign) || defined (__stub___posix_memalign)
posix_memalign_will_always_fail_with_ENOSYS();
#else
posix_memalign();
#endif

#if defined (__stub_clock) || defined (__stub___clock)
clock_will_always_fail_with_ENOSYS();
#else
clock();
#endif

#if defined (__stub_getdomainname) || defined (__stub___getdomainname)
getdomainname_will_always_fail_with_ENOSYS();
#else
getdomainname();
#endif

#if defined (__stub_dlsym) || defined (__stub___dlsym)
dlsym_will_always_fail_with_ENOSYS();
#else
dlsym();
#endif
;
  return 0;
}

Executing: /usr/bin/mpicc  -o /tmp/petsc-oye27d1b/config.functions/conftest    -fPIC -Wall -Wwrite-strings -Wno-unknown-pragmas -Wno-lto-type-mismatch -Wno-stringop-overflow -fstack-protector -fvisibility=hidden -g -O /tmp/petsc-oye27d1b/config.functions/conftest.o 
                    Defined "HAVE_UNAME" to "1"
                    Defined "HAVE_RAND" to "1"
                    Defined "HAVE_REALPATH" to "1"
                    Defined "HAVE_DLCLOSE" to "1"
                    Defined "HAVE_USLEEP" to "1"
                    Defined "HAVE_POPEN" to "1"
                    Defined "HAVE_DLERROR" to "1"
                    Defined "HAVE_POSIX_MEMALIGN" to "1"
                    Defined "HAVE_CLOCK" to "1"
                    Defined "HAVE_GETDOMAINNAME" to "1"
                    Defined "HAVE_DLSYM" to "1"
Checking for functions [gethostbyname drand48 fork socket getpagesize bzero readlink time strcasecmp dlopen getrusage gethostname]
Executing: /usr/bin/mpicc -c -o /tmp/petsc-oye27d1b/config.functions/conftest.o -I/tmp/petsc-oye27d1b/config.compilerFlags -I/tmp/petsc-oye27d1b/config.setCompilers -I/tmp/petsc-oye27d1b/config.compilers -I/tmp/petsc-oye27d1b/config.headers -I/tmp/petsc-oye27d1b/config.utilities.cacheDetails -I/tmp/petsc-oye27d1b/config.libraries -I/tmp/petsc-oye27d1b/config.types -I/tmp/petsc-oye27d1b/config.functions  -fPIC -Wall -Wwrite-strings -Wno-unknown-pragmas -Wno-lto-type-mismatch -Wno-stringop-overflow -fstack-protector -fvisibility=hidden -g -O  /tmp/petsc-oye27d1b/config.functions/conftest.c 
Possible ERROR while running compiler:exit code 0
stderr:
/tmp/petsc-oye27d1b/config.functions/conftest.c:15:6: warning: conflicting types for built-in function ‘fork’; expected ‘int(void)’ [-Wbuiltin-declaration-mismatch]
   15 | char fork();
      |      ^~~~
/tmp/petsc-oye27d1b/config.functions/conftest.c:18:6: warning: conflicting types for built-in function ‘bzero’; expected ‘void(void *, long unsigned int)’ [-Wbuiltin-declaration-mismatch]
   18 | char bzero();
      |      ^~~~~
/tmp/petsc-oye27d1b/config.functions/conftest.c:21:6: warning: conflicting types for built-in function ‘strcasecmp’; expected ‘int(const char *, const char *)’ [-Wbuiltin-declaration-mismatch]
   21 | char strcasecmp();
      |      ^~~~~~~~~~
Source:
#include "confdefs.h"
#include "conffix.h"

/* System header to define __stub macros and hopefully no other prototypes since they would conflict with our 'char funcname()' declaration below. */
#include <assert.h>
/* Override any gcc2 internal prototype to avoid an error. */
#ifdef __cplusplus
extern "C" {
#endif

/* We use char because int might match the return type of a gcc2
builtin and then its argument prototype would still apply. */
char gethostbyname();
char drand48();
char fork();
char socket();
char getpagesize();
char bzero();
char readlink();
char time();
char strcasecmp();
char dlopen();
char getrusage();
char gethostname();

#ifdef __cplusplus
}
#endif

int main() {

#if defined (__stub_gethostbyname) || defined (__stub___gethostbyname)
gethostbyname_will_always_fail_with_ENOSYS();
#else
gethostbyname();
#endif

#if defined (__stub_drand48) || defined (__stub___drand48)
drand48_will_always_fail_with_ENOSYS();
#else
drand48();
#endif

#if defined (__stub_fork) || defined (__stub___fork)
fork_will_always_fail_with_ENOSYS();
#else
fork();
#endif

#if defined (__stub_socket) || defined (__stub___socket)
socket_will_always_fail_with_ENOSYS();
#else
socket();
#endif

#if defined (__stub_getpagesize) || defined (__stub___getpagesize)
getpagesize_will_always_fail_with_ENOSYS();
#else
getpagesize();
#endif

#if defined (__stub_bzero) || defined (__stub___bzero)
bzero_will_always_fail_with_ENOSYS();
#else
bzero();
#endif

#if defined (__stub_readlink) || defined (__stub___readlink)
readlink_will_always_fail_with_ENOSYS();
#else
readlink();
#endif

#if defined (__stub_time) || defined (__stub___time)
time_will_always_fail_with_ENOSYS();
#else
time();
#endif

#if defined (__stub_strcasecmp) || defined (__stub___strcasecmp)
strcasecmp_will_always_fail_with_ENOSYS();
#else
strcasecmp();
#endif

#if defined (__stub_dlopen) || defined (__stub___dlopen)
dlopen_will_always_fail_with_ENOSYS();
#else
dlopen();
#endif

#if defined (__stub_getrusage) || defined (__stub___getrusage)
getrusage_will_always_fail_with_ENOSYS();
#else
getrusage();
#endif

#if defined (__stub_gethostname) || defined (__stub___gethostname)
gethostname_will_always_fail_with_ENOSYS();
#else
gethostname();
#endif
;
  return 0;
}

Executing: /usr/bin/mpicc  -o /tmp/petsc-oye27d1b/config.functions/conftest    -fPIC -Wall -Wwrite-strings -Wno-unknown-pragmas -Wno-lto-type-mismatch -Wno-stringop-overflow -fstack-protector -fvisibility=hidden -g -O /tmp/petsc-oye27d1b/config.functions/conftest.o 
                    Defined "HAVE_GETHOSTBYNAME" to "1"
                    Defined "HAVE_DRAND48" to "1"
                    Defined "HAVE_FORK" to "1"
                    Defined "HAVE_SOCKET" to "1"
                    Defined "HAVE_GETPAGESIZE" to "1"
                    Defined "HAVE_BZERO" to "1"
                    Defined "HAVE_READLINK" to "1"
                    Defined "HAVE_TIME" to "1"
                    Defined "HAVE_STRCASECMP" to "1"
                    Defined "HAVE_DLOPEN" to "1"
                    Defined "HAVE_GETRUSAGE" to "1"
                    Defined "HAVE_GETHOSTNAME" to "1"
Checking for functions [_getcwd]
Executing: /usr/bin/mpicc -c -o /tmp/petsc-oye27d1b/config.functions/conftest.o -I/tmp/petsc-oye27d1b/config.compilerFlags -I/tmp/petsc-oye27d1b/config.setCompilers -I/tmp/petsc-oye27d1b/config.compilers -I/tmp/petsc-oye27d1b/config.headers -I/tmp/petsc-oye27d1b/config.utilities.cacheDetails -I/tmp/petsc-oye27d1b/config.libraries -I/tmp/petsc-oye27d1b/config.types -I/tmp/petsc-oye27d1b/config.functions  -fPIC -Wall -Wwrite-strings -Wno-unknown-pragmas -Wno-lto-type-mismatch -Wno-stringop-overflow -fstack-protector -fvisibility=hidden -g -O  /tmp/petsc-oye27d1b/config.functions/conftest.c 
Successful compile:
Source:
#include "confdefs.h"
#include "conffix.h"

/* System header to define __stub macros and hopefully no other prototypes since they would conflict with our 'char funcname()' declaration below. */
#include <assert.h>
/* Override any gcc2 internal prototype to avoid an error. */
#ifdef __cplusplus
extern "C" {
#endif

/* We use char because int might match the return type of a gcc2
builtin and then its argument prototype would still apply. */
char _getcwd();

#ifdef __cplusplus
}
#endif

int main() {

#if defined (__stub__getcwd) || defined (__stub____getcwd)
_getcwd_will_always_fail_with_ENOSYS();
#else
_getcwd();
#endif
;
  return 0;
}

Executing: /usr/bin/mpicc  -o /tmp/petsc-oye27d1b/config.functions/conftest    -fPIC -Wall -Wwrite-strings -Wno-unknown-pragmas -Wno-lto-type-mismatch -Wno-stringop-overflow -fstack-protector -fvisibility=hidden -g -O /tmp/petsc-oye27d1b/config.functions/conftest.o 
Possible ERROR while running linker: exit code 1
stderr:
/usr/bin/ld: /tmp/petsc-oye27d1b/config.functions/conftest.o: in function `main':
/tmp/petsc-oye27d1b/config.functions/conftest.c:24:(.text+0xe): undefined reference to `_getcwd'
collect2: error: ld returned 1 exit status
Linker output before filtering:

/usr/bin/ld: /tmp/petsc-oye27d1b/config.functions/conftest.o: in function `main':
/tmp/petsc-oye27d1b/config.functions/conftest.c:24:(.text+0xe): undefined reference to `_getcwd'
collect2: error: ld returned 1 exit status
Linker output after filtering:
/usr/bin/ld: /tmp/petsc-oye27d1b/config.functions/conftest.o: in function `main':
/tmp/petsc-oye27d1b/config.functions/conftest.c:24:(.text+0xe): undefined reference to `_getcwd'
collect2: error: ld returned 1 exit status
Checking for functions [getwd]
Executing: /usr/bin/mpicc -c -o /tmp/petsc-oye27d1b/config.functions/conftest.o -I/tmp/petsc-oye27d1b/config.compilerFlags -I/tmp/petsc-oye27d1b/config.setCompilers -I/tmp/petsc-oye27d1b/config.compilers -I/tmp/petsc-oye27d1b/config.headers -I/tmp/petsc-oye27d1b/config.utilities.cacheDetails -I/tmp/petsc-oye27d1b/config.libraries -I/tmp/petsc-oye27d1b/config.types -I/tmp/petsc-oye27d1b/config.functions  -fPIC -Wall -Wwrite-strings -Wno-unknown-pragmas -Wno-lto-type-mismatch -Wno-stringop-overflow -fstack-protector -fvisibility=hidden -g -O  /tmp/petsc-oye27d1b/config.functions/conftest.c 
Successful compile:
Source:
#include "confdefs.h"
#include "conffix.h"

/* System header to define __stub macros and hopefully no other prototypes since they would conflict with our 'char funcname()' declaration below. */
#include <assert.h>
/* Override any gcc2 internal prototype to avoid an error. */
#ifdef __cplusplus
extern "C" {
#endif

/* We use char because int might match the return type of a gcc2
builtin and then its argument prototype would still apply. */
char getwd();

#ifdef __cplusplus
}
#endif

int main() {

#if defined (__stub_getwd) || defined (__stub___getwd)
getwd_will_always_fail_with_ENOSYS();
#else
getwd();
#endif
;
  return 0;
}

Executing: /usr/bin/mpicc  -o /tmp/petsc-oye27d1b/config.functions/conftest    -fPIC -Wall -Wwrite-strings -Wno-unknown-pragmas -Wno-lto-type-mismatch -Wno-stringop-overflow -fstack-protector -fvisibility=hidden -g -O /tmp/petsc-oye27d1b/config.functions/conftest.o 
Possible ERROR while running linker:exit code 0
stderr:
/usr/bin/ld: /tmp/petsc-oye27d1b/config.functions/conftest.o: in function `main':
/tmp/petsc-oye27d1b/config.functions/conftest.c:24:(.text+0xe): warning: the `getwd' function is dangerous and should not be used.
Linker output before filtering:

/usr/bin/ld: /tmp/petsc-oye27d1b/config.functions/conftest.o: in function `main':
/tmp/petsc-oye27d1b/config.functions/conftest.c:24:(.text+0xe): warning: the `getwd' function is dangerous and should not be used.
Linker output after filtering:
/usr/bin/ld: /tmp/petsc-oye27d1b/config.functions/conftest.o: in function `main':
/tmp/petsc-oye27d1b/config.functions/conftest.c:24:(.text+0xe): warning: the `getwd' function is dangerous and should not be used.
Checking for functions [_snprintf]
Executing: /usr/bin/mpicc -c -o /tmp/petsc-oye27d1b/config.functions/conftest.o -I/tmp/petsc-oye27d1b/config.compilerFlags -I/tmp/petsc-oye27d1b/config.setCompilers -I/tmp/petsc-oye27d1b/config.compilers -I/tmp/petsc-oye27d1b/config.headers -I/tmp/petsc-oye27d1b/config.utilities.cacheDetails -I/tmp/petsc-oye27d1b/config.libraries -I/tmp/petsc-oye27d1b/config.types -I/tmp/petsc-oye27d1b/config.functions  -fPIC -Wall -Wwrite-strings -Wno-unknown-pragmas -Wno-lto-type-mismatch -Wno-stringop-overflow -fstack-protector -fvisibility=hidden -g -O  /tmp/petsc-oye27d1b/config.functions/conftest.c 
Successful compile:
Source:
#include "confdefs.h"
#include "conffix.h"

/* System header to define __stub macros and hopefully no other prototypes since they would conflict with our 'char funcname()' declaration below. */
#include <assert.h>
/* Override any gcc2 internal prototype to avoid an error. */
#ifdef __cplusplus
extern "C" {
#endif

/* We use char because int might match the return type of a gcc2
builtin and then its argument prototype would still apply. */
char _snprintf();

#ifdef __cplusplus
}
#endif

int main() {

#if defined (__stub__snprintf) || defined (__stub____snprintf)
_snprintf_will_always_fail_with_ENOSYS();
#else
_snprintf();
#endif
;
  return 0;
}

Executing: /usr/bin/mpicc  -o /tmp/petsc-oye27d1b/config.functions/conftest    -fPIC -Wall -Wwrite-strings -Wno-unknown-pragmas -Wno-lto-type-mismatch -Wno-stringop-overflow -fstack-protector -fvisibility=hidden -g -O /tmp/petsc-oye27d1b/config.functions/conftest.o 
Possible ERROR while running linker: exit code 1
stderr:
/usr/bin/ld: /tmp/petsc-oye27d1b/config.functions/conftest.o: in function `main':
/tmp/petsc-oye27d1b/config.functions/conftest.c:24:(.text+0xe): undefined reference to `_snprintf'
collect2: error: ld returned 1 exit status
Linker output before filtering:

/usr/bin/ld: /tmp/petsc-oye27d1b/config.functions/conftest.o: in function `main':
/tmp/petsc-oye27d1b/config.functions/conftest.c:24:(.text+0xe): undefined reference to `_snprintf'
collect2: error: ld returned 1 exit status
Linker output after filtering:
/usr/bin/ld: /tmp/petsc-oye27d1b/config.functions/conftest.o: in function `main':
/tmp/petsc-oye27d1b/config.functions/conftest.c:24:(.text+0xe): undefined reference to `_snprintf'
collect2: error: ld returned 1 exit status
Checking for functions [PXFGETARG]
Executing: /usr/bin/mpicc -c -o /tmp/petsc-oye27d1b/config.functions/conftest.o -I/tmp/petsc-oye27d1b/config.compilerFlags -I/tmp/petsc-oye27d1b/config.setCompilers -I/tmp/petsc-oye27d1b/config.compilers -I/tmp/petsc-oye27d1b/config.headers -I/tmp/petsc-oye27d1b/config.utilities.cacheDetails -I/tmp/petsc-oye27d1b/config.libraries -I/tmp/petsc-oye27d1b/config.types -I/tmp/petsc-oye27d1b/config.functions  -fPIC -Wall -Wwrite-strings -Wno-unknown-pragmas -Wno-lto-type-mismatch -Wno-stringop-overflow -fstack-protector -fvisibility=hidden -g -O  /tmp/petsc-oye27d1b/config.functions/conftest.c 
Successful compile:
Source:
#include "confdefs.h"
#include "conffix.h"

/* System header to define __stub macros and hopefully no other prototypes since they would conflict with our 'char funcname()' declaration below. */
#include <assert.h>
/* Override any gcc2 internal prototype to avoid an error. */
#ifdef __cplusplus
extern "C" {
#endif

/* We use char because int might match the return type of a gcc2
builtin and then its argument prototype would still apply. */
char PXFGETARG();

#ifdef __cplusplus
}
#endif

int main() {

#if defined (__stub_PXFGETARG) || defined (__stub___PXFGETARG)
PXFGETARG_will_always_fail_with_ENOSYS();
#else
PXFGETARG();
#endif
;
  return 0;
}

Executing: /usr/bin/mpicc  -o /tmp/petsc-oye27d1b/config.functions/conftest    -fPIC -Wall -Wwrite-strings -Wno-unknown-pragmas -Wno-lto-type-mismatch -Wno-stringop-overflow -fstack-protector -fvisibility=hidden -g -O /tmp/petsc-oye27d1b/config.functions/conftest.o 
Possible ERROR while running linker: exit code 1
stderr:
/usr/bin/ld: /tmp/petsc-oye27d1b/config.functions/conftest.o: in function `main':
/tmp/petsc-oye27d1b/config.functions/conftest.c:24:(.text+0xe): undefined reference to `PXFGETARG'
collect2: error: ld returned 1 exit status
Linker output before filtering:

/usr/bin/ld: /tmp/petsc-oye27d1b/config.functions/conftest.o: in function `main':
/tmp/petsc-oye27d1b/config.functions/conftest.c:24:(.text+0xe): undefined reference to `PXFGETARG'
collect2: error: ld returned 1 exit status
Linker output after filtering:
/usr/bin/ld: /tmp/petsc-oye27d1b/config.functions/conftest.o: in function `main':
/tmp/petsc-oye27d1b/config.functions/conftest.c:24:(.text+0xe): undefined reference to `PXFGETARG'
collect2: error: ld returned 1 exit status
Checking for functions [getcwd]
Executing: /usr/bin/mpicc -c -o /tmp/petsc-oye27d1b/config.functions/conftest.o -I/tmp/petsc-oye27d1b/config.compilerFlags -I/tmp/petsc-oye27d1b/config.setCompilers -I/tmp/petsc-oye27d1b/config.compilers -I/tmp/petsc-oye27d1b/config.headers -I/tmp/petsc-oye27d1b/config.utilities.cacheDetails -I/tmp/petsc-oye27d1b/config.libraries -I/tmp/petsc-oye27d1b/config.types -I/tmp/petsc-oye27d1b/config.functions  -fPIC -Wall -Wwrite-strings -Wno-unknown-pragmas -Wno-lto-type-mismatch -Wno-stringop-overflow -fstack-protector -fvisibility=hidden -g -O  /tmp/petsc-oye27d1b/config.functions/conftest.c 
Successful compile:
Source:
#include "confdefs.h"
#include "conffix.h"

/* System header to define __stub macros and hopefully no other prototypes since they would conflict with our 'char funcname()' declaration below. */
#include <assert.h>
/* Override any gcc2 internal prototype to avoid an error. */
#ifdef __cplusplus
extern "C" {
#endif

/* We use char because int might match the return type of a gcc2
builtin and then its argument prototype would still apply. */
char getcwd();

#ifdef __cplusplus
}
#endif

int main() {

#if defined (__stub_getcwd) || defined (__stub___getcwd)
getcwd_will_always_fail_with_ENOSYS();
#else
getcwd();
#endif
;
  return 0;
}

Executing: /usr/bin/mpicc  -o /tmp/petsc-oye27d1b/config.functions/conftest    -fPIC -Wall -Wwrite-strings -Wno-unknown-pragmas -Wno-lto-type-mismatch -Wno-stringop-overflow -fstack-protector -fvisibility=hidden -g -O /tmp/petsc-oye27d1b/config.functions/conftest.o 
                    Defined "HAVE_GETCWD" to "1"
Checking for functions [_mkdir]
Executing: /usr/bin/mpicc -c -o /tmp/petsc-oye27d1b/config.functions/conftest.o -I/tmp/petsc-oye27d1b/config.compilerFlags -I/tmp/petsc-oye27d1b/config.setCompilers -I/tmp/petsc-oye27d1b/config.compilers -I/tmp/petsc-oye27d1b/config.headers -I/tmp/petsc-oye27d1b/config.utilities.cacheDetails -I/tmp/petsc-oye27d1b/config.libraries -I/tmp/petsc-oye27d1b/config.types -I/tmp/petsc-oye27d1b/config.functions  -fPIC -Wall -Wwrite-strings -Wno-unknown-pragmas -Wno-lto-type-mismatch -Wno-stringop-overflow -fstack-protector -fvisibility=hidden -g -O  /tmp/petsc-oye27d1b/config.functions/conftest.c 
Successful compile:
Source:
#include "confdefs.h"
#include "conffix.h"

/* System header to define __stub macros and hopefully no other prototypes since they would conflict with our 'char funcname()' declaration below. */
#include <assert.h>
/* Override any gcc2 internal prototype to avoid an error. */
#ifdef __cplusplus
extern "C" {
#endif

/* We use char because int might match the return type of a gcc2
builtin and then its argument prototype would still apply. */
char _mkdir();

#ifdef __cplusplus
}
#endif

int main() {

#if defined (__stub__mkdir) || defined (__stub____mkdir)
_mkdir_will_always_fail_with_ENOSYS();
#else
_mkdir();
#endif
;
  return 0;
}

Executing: /usr/bin/mpicc  -o /tmp/petsc-oye27d1b/config.functions/conftest    -fPIC -Wall -Wwrite-strings -Wno-unknown-pragmas -Wno-lto-type-mismatch -Wno-stringop-overflow -fstack-protector -fvisibility=hidden -g -O /tmp/petsc-oye27d1b/config.functions/conftest.o 
Possible ERROR while running linker: exit code 1
stderr:
/usr/bin/ld: /tmp/petsc-oye27d1b/config.functions/conftest.o: in function `main':
/tmp/petsc-oye27d1b/config.functions/conftest.c:24:(.text+0xe): undefined reference to `_mkdir'
collect2: error: ld returned 1 exit status
Linker output before filtering:

/usr/bin/ld: /tmp/petsc-oye27d1b/config.functions/conftest.o: in function `main':
/tmp/petsc-oye27d1b/config.functions/conftest.c:24:(.text+0xe): undefined reference to `_mkdir'
collect2: error: ld returned 1 exit status
Linker output after filtering:
/usr/bin/ld: /tmp/petsc-oye27d1b/config.functions/conftest.o: in function `main':
/tmp/petsc-oye27d1b/config.functions/conftest.c:24:(.text+0xe): undefined reference to `_mkdir'
collect2: error: ld returned 1 exit status
Checking for functions [sleep]
Executing: /usr/bin/mpicc -c -o /tmp/petsc-oye27d1b/config.functions/conftest.o -I/tmp/petsc-oye27d1b/config.compilerFlags -I/tmp/petsc-oye27d1b/config.setCompilers -I/tmp/petsc-oye27d1b/config.compilers -I/tmp/petsc-oye27d1b/config.headers -I/tmp/petsc-oye27d1b/config.utilities.cacheDetails -I/tmp/petsc-oye27d1b/config.libraries -I/tmp/petsc-oye27d1b/config.types -I/tmp/petsc-oye27d1b/config.functions  -fPIC -Wall -Wwrite-strings -Wno-unknown-pragmas -Wno-lto-type-mismatch -Wno-stringop-overflow -fstack-protector -fvisibility=hidden -g -O  /tmp/petsc-oye27d1b/config.functions/conftest.c 
Successful compile:
Source:
#include "confdefs.h"
#include "conffix.h"

/* System header to define __stub macros and hopefully no other prototypes since they would conflict with our 'char funcname()' declaration below. */
#include <assert.h>
/* Override any gcc2 internal prototype to avoid an error. */
#ifdef __cplusplus
extern "C" {
#endif

/* We use char because int might match the return type of a gcc2
builtin and then its argument prototype would still apply. */
char sleep();

#ifdef __cplusplus
}
#endif

int main() {

#if defined (__stub_sleep) || defined (__stub___sleep)
sleep_will_always_fail_with_ENOSYS();
#else
sleep();
#endif
;
  return 0;
}

Executing: /usr/bin/mpicc  -o /tmp/petsc-oye27d1b/config.functions/conftest    -fPIC -Wall -Wwrite-strings -Wno-unknown-pragmas -Wno-lto-type-mismatch -Wno-stringop-overflow -fstack-protector -fvisibility=hidden -g -O /tmp/petsc-oye27d1b/config.functions/conftest.o 
                    Defined "HAVE_SLEEP" to "1"
Checking for functions [fpresetsticky]
Executing: /usr/bin/mpicc -c -o /tmp/petsc-oye27d1b/config.functions/conftest.o -I/tmp/petsc-oye27d1b/config.compilerFlags -I/tmp/petsc-oye27d1b/config.setCompilers -I/tmp/petsc-oye27d1b/config.compilers -I/tmp/petsc-oye27d1b/config.headers -I/tmp/petsc-oye27d1b/config.utilities.cacheDetails -I/tmp/petsc-oye27d1b/config.libraries -I/tmp/petsc-oye27d1b/config.types -I/tmp/petsc-oye27d1b/config.functions  -fPIC -Wall -Wwrite-strings -Wno-unknown-pragmas -Wno-lto-type-mismatch -Wno-stringop-overflow -fstack-protector -fvisibility=hidden -g -O  /tmp/petsc-oye27d1b/config.functions/conftest.c 
Successful compile:
Source:
#include "confdefs.h"
#include "conffix.h"

/* System header to define __stub macros and hopefully no other prototypes since they would conflict with our 'char funcname()' declaration below. */
#include <assert.h>
/* Override any gcc2 internal prototype to avoid an error. */
#ifdef __cplusplus
extern "C" {
#endif

/* We use char because int might match the return type of a gcc2
builtin and then its argument prototype would still apply. */
char fpresetsticky();

#ifdef __cplusplus
}
#endif

int main() {

#if defined (__stub_fpresetsticky) || defined (__stub___fpresetsticky)
fpresetsticky_will_always_fail_with_ENOSYS();
#else
fpresetsticky();
#endif
;
  return 0;
}

Executing: /usr/bin/mpicc  -o /tmp/petsc-oye27d1b/config.functions/conftest    -fPIC -Wall -Wwrite-strings -Wno-unknown-pragmas -Wno-lto-type-mismatch -Wno-stringop-overflow -fstack-protector -fvisibility=hidden -g -O /tmp/petsc-oye27d1b/config.functions/conftest.o 
Possible ERROR while running linker: exit code 1
stderr:
/usr/bin/ld: /tmp/petsc-oye27d1b/config.functions/conftest.o: in function `main':
/tmp/petsc-oye27d1b/config.functions/conftest.c:24:(.text+0xe): undefined reference to `fpresetsticky'
collect2: error: ld returned 1 exit status
Linker output before filtering:

/usr/bin/ld: /tmp/petsc-oye27d1b/config.functions/conftest.o: in function `main':
/tmp/petsc-oye27d1b/config.functions/conftest.c:24:(.text+0xe): undefined reference to `fpresetsticky'
collect2: error: ld returned 1 exit status
Linker output after filtering:
/usr/bin/ld: /tmp/petsc-oye27d1b/config.functions/conftest.o: in function `main':
/tmp/petsc-oye27d1b/config.functions/conftest.c:24:(.text+0xe): undefined reference to `fpresetsticky'
collect2: error: ld returned 1 exit status
Checking for functions [lseek]
Executing: /usr/bin/mpicc -c -o /tmp/petsc-oye27d1b/config.functions/conftest.o -I/tmp/petsc-oye27d1b/config.compilerFlags -I/tmp/petsc-oye27d1b/config.setCompilers -I/tmp/petsc-oye27d1b/config.compilers -I/tmp/petsc-oye27d1b/config.headers -I/tmp/petsc-oye27d1b/config.utilities.cacheDetails -I/tmp/petsc-oye27d1b/config.libraries -I/tmp/petsc-oye27d1b/config.types -I/tmp/petsc-oye27d1b/config.functions  -fPIC -Wall -Wwrite-strings -Wno-unknown-pragmas -Wno-lto-type-mismatch -Wno-stringop-overflow -fstack-protector -fvisibility=hidden -g -O  /tmp/petsc-oye27d1b/config.functions/conftest.c 
Successful compile:
Source:
#include "confdefs.h"
#include "conffix.h"

/* System header to define __stub macros and hopefully no other prototypes since they would conflict with our 'char funcname()' declaration below. */
#include <assert.h>
/* Override any gcc2 internal prototype to avoid an error. */
#ifdef __cplusplus
extern "C" {
#endif

/* We use char because int might match the return type of a gcc2
builtin and then its argument prototype would still apply. */
char lseek();

#ifdef __cplusplus
}
#endif

int main() {

#if defined (__stub_lseek) || defined (__stub___lseek)
lseek_will_always_fail_with_ENOSYS();
#else
lseek();
#endif
;
  return 0;
}

Executing: /usr/bin/mpicc  -o /tmp/petsc-oye27d1b/config.functions/conftest    -fPIC -Wall -Wwrite-strings -Wno-unknown-pragmas -Wno-lto-type-mismatch -Wno-stringop-overflow -fstack-protector -fvisibility=hidden -g -O /tmp/petsc-oye27d1b/config.functions/conftest.o 
                    Defined "HAVE_LSEEK" to "1"
Checking for functions [_lseek]
Executing: /usr/bin/mpicc -c -o /tmp/petsc-oye27d1b/config.functions/conftest.o -I/tmp/petsc-oye27d1b/config.compilerFlags -I/tmp/petsc-oye27d1b/config.setCompilers -I/tmp/petsc-oye27d1b/config.compilers -I/tmp/petsc-oye27d1b/config.headers -I/tmp/petsc-oye27d1b/config.utilities.cacheDetails -I/tmp/petsc-oye27d1b/config.libraries -I/tmp/petsc-oye27d1b/config.types -I/tmp/petsc-oye27d1b/config.functions  -fPIC -Wall -Wwrite-strings -Wno-unknown-pragmas -Wno-lto-type-mismatch -Wno-stringop-overflow -fstack-protector -fvisibility=hidden -g -O  /tmp/petsc-oye27d1b/config.functions/conftest.c 
Successful compile:
Source:
#include "confdefs.h"
#include "conffix.h"

/* System header to define __stub macros and hopefully no other prototypes since they would conflict with our 'char funcname()' declaration below. */
#include <assert.h>
/* Override any gcc2 internal prototype to avoid an error. */
#ifdef __cplusplus
extern "C" {
#endif

/* We use char because int might match the return type of a gcc2
builtin and then its argument prototype would still apply. */
char _lseek();

#ifdef __cplusplus
}
#endif

int main() {

#if defined (__stub__lseek) || defined (__stub____lseek)
_lseek_will_always_fail_with_ENOSYS();
#else
_lseek();
#endif
;
  return 0;
}

Executing: /usr/bin/mpicc  -o /tmp/petsc-oye27d1b/config.functions/conftest    -fPIC -Wall -Wwrite-strings -Wno-unknown-pragmas -Wno-lto-type-mismatch -Wno-stringop-overflow -fstack-protector -fvisibility=hidden -g -O /tmp/petsc-oye27d1b/config.functions/conftest.o 
Possible ERROR while running linker: exit code 1
stderr:
/usr/bin/ld: /tmp/petsc-oye27d1b/config.functions/conftest.o: in function `main':
/tmp/petsc-oye27d1b/config.functions/conftest.c:24:(.text+0xe): undefined reference to `_lseek'
collect2: error: ld returned 1 exit status
Linker output before filtering:

/usr/bin/ld: /tmp/petsc-oye27d1b/config.functions/conftest.o: in function `main':
/tmp/petsc-oye27d1b/config.functions/conftest.c:24:(.text+0xe): undefined reference to `_lseek'
collect2: error: ld returned 1 exit status
Linker output after filtering:
/usr/bin/ld: /tmp/petsc-oye27d1b/config.functions/conftest.o: in function `main':
/tmp/petsc-oye27d1b/config.functions/conftest.c:24:(.text+0xe): undefined reference to `_lseek'
collect2: error: ld returned 1 exit status
Checking for functions [_access]
Executing: /usr/bin/mpicc -c -o /tmp/petsc-oye27d1b/config.functions/conftest.o -I/tmp/petsc-oye27d1b/config.compilerFlags -I/tmp/petsc-oye27d1b/config.setCompilers -I/tmp/petsc-oye27d1b/config.compilers -I/tmp/petsc-oye27d1b/config.headers -I/tmp/petsc-oye27d1b/config.utilities.cacheDetails -I/tmp/petsc-oye27d1b/config.libraries -I/tmp/petsc-oye27d1b/config.types -I/tmp/petsc-oye27d1b/config.functions  -fPIC -Wall -Wwrite-strings -Wno-unknown-pragmas -Wno-lto-type-mismatch -Wno-stringop-overflow -fstack-protector -fvisibility=hidden -g -O  /tmp/petsc-oye27d1b/config.functions/conftest.c 
Successful compile:
Source:
#include "confdefs.h"
#include "conffix.h"

/* System header to define __stub macros and hopefully no other prototypes since they would conflict with our 'char funcname()' declaration below. */
#include <assert.h>
/* Override any gcc2 internal prototype to avoid an error. */
#ifdef __cplusplus
extern "C" {
#endif

/* We use char because int might match the return type of a gcc2
builtin and then its argument prototype would still apply. */
char _access();

#ifdef __cplusplus
}
#endif

int main() {

#if defined (__stub__access) || defined (__stub____access)
_access_will_always_fail_with_ENOSYS();
#else
_access();
#endif
;
  return 0;
}

Executing: /usr/bin/mpicc  -o /tmp/petsc-oye27d1b/config.functions/conftest    -fPIC -Wall -Wwrite-strings -Wno-unknown-pragmas -Wno-lto-type-mismatch -Wno-stringop-overflow -fstack-protector -fvisibility=hidden -g -O /tmp/petsc-oye27d1b/config.functions/conftest.o 
Possible ERROR while running linker: exit code 1
stderr:
/usr/bin/ld: /tmp/petsc-oye27d1b/config.functions/conftest.o: in function `main':
/tmp/petsc-oye27d1b/config.functions/conftest.c:24:(.text+0xe): undefined reference to `_access'
collect2: error: ld returned 1 exit status
Linker output before filtering:

/usr/bin/ld: /tmp/petsc-oye27d1b/config.functions/conftest.o: in function `main':
/tmp/petsc-oye27d1b/config.functions/conftest.c:24:(.text+0xe): undefined reference to `_access'
collect2: error: ld returned 1 exit status
Linker output after filtering:
/usr/bin/ld: /tmp/petsc-oye27d1b/config.functions/conftest.o: in function `main':
/tmp/petsc-oye27d1b/config.functions/conftest.c:24:(.text+0xe): undefined reference to `_access'
collect2: error: ld returned 1 exit status
Checking for functions [access]
Executing: /usr/bin/mpicc -c -o /tmp/petsc-oye27d1b/config.functions/conftest.o -I/tmp/petsc-oye27d1b/config.compilerFlags -I/tmp/petsc-oye27d1b/config.setCompilers -I/tmp/petsc-oye27d1b/config.compilers -I/tmp/petsc-oye27d1b/config.headers -I/tmp/petsc-oye27d1b/config.utilities.cacheDetails -I/tmp/petsc-oye27d1b/config.libraries -I/tmp/petsc-oye27d1b/config.types -I/tmp/petsc-oye27d1b/config.functions  -fPIC -Wall -Wwrite-strings -Wno-unknown-pragmas -Wno-lto-type-mismatch -Wno-stringop-overflow -fstack-protector -fvisibility=hidden -g -O  /tmp/petsc-oye27d1b/config.functions/conftest.c 
Successful compile:
Source:
#include "confdefs.h"
#include "conffix.h"

/* System header to define __stub macros and hopefully no other prototypes since they would conflict with our 'char funcname()' declaration below. */
#include <assert.h>
/* Override any gcc2 internal prototype to avoid an error. */
#ifdef __cplusplus
extern "C" {
#endif

/* We use char because int might match the return type of a gcc2
builtin and then its argument prototype would still apply. */
char access();

#ifdef __cplusplus
}
#endif

int main() {

#if defined (__stub_access) || defined (__stub___access)
access_will_always_fail_with_ENOSYS();
#else
access();
#endif
;
  return 0;
}

Executing: /usr/bin/mpicc  -o /tmp/petsc-oye27d1b/config.functions/conftest    -fPIC -Wall -Wwrite-strings -Wno-unknown-pragmas -Wno-lto-type-mismatch -Wno-stringop-overflow -fstack-protector -fvisibility=hidden -g -O /tmp/petsc-oye27d1b/config.functions/conftest.o 
                    Defined "HAVE_ACCESS" to "1"
Checking for functions [__gcov_dump]
Executing: /usr/bin/mpicc -c -o /tmp/petsc-oye27d1b/config.functions/conftest.o -I/tmp/petsc-oye27d1b/config.compilerFlags -I/tmp/petsc-oye27d1b/config.setCompilers -I/tmp/petsc-oye27d1b/config.compilers -I/tmp/petsc-oye27d1b/config.headers -I/tmp/petsc-oye27d1b/config.utilities.cacheDetails -I/tmp/petsc-oye27d1b/config.libraries -I/tmp/petsc-oye27d1b/config.types -I/tmp/petsc-oye27d1b/config.functions  -fPIC -Wall -Wwrite-strings -Wno-unknown-pragmas -Wno-lto-type-mismatch -Wno-stringop-overflow -fstack-protector -fvisibility=hidden -g -O  /tmp/petsc-oye27d1b/config.functions/conftest.c 
Successful compile:
Source:
#include "confdefs.h"
#include "conffix.h"

/* System header to define __stub macros and hopefully no other prototypes since they would conflict with our 'char funcname()' declaration below. */
#include <assert.h>
/* Override any gcc2 internal prototype to avoid an error. */
#ifdef __cplusplus
extern "C" {
#endif

/* We use char because int might match the return type of a gcc2
builtin and then its argument prototype would still apply. */
char __gcov_dump();

#ifdef __cplusplus
}
#endif

int main() {

#if defined (__stub___gcov_dump) || defined (__stub_____gcov_dump)
__gcov_dump_will_always_fail_with_ENOSYS();
#else
__gcov_dump();
#endif
;
  return 0;
}

Executing: /usr/bin/mpicc  -o /tmp/petsc-oye27d1b/config.functions/conftest    -fPIC -Wall -Wwrite-strings -Wno-unknown-pragmas -Wno-lto-type-mismatch -Wno-stringop-overflow -fstack-protector -fvisibility=hidden -g -O /tmp/petsc-oye27d1b/config.functions/conftest.o 
Possible ERROR while running linker: exit code 1
stderr:
/usr/bin/ld: /tmp/petsc-oye27d1b/config.functions/conftest.o: in function `main':
/tmp/petsc-oye27d1b/config.functions/conftest.c:24:(.text+0xe): undefined reference to `__gcov_dump'
collect2: error: ld returned 1 exit status
Linker output before filtering:

/usr/bin/ld: /tmp/petsc-oye27d1b/config.functions/conftest.o: in function `main':
/tmp/petsc-oye27d1b/config.functions/conftest.c:24:(.text+0xe): undefined reference to `__gcov_dump'
collect2: error: ld returned 1 exit status
Linker output after filtering:
/usr/bin/ld: /tmp/petsc-oye27d1b/config.functions/conftest.o: in function `main':
/tmp/petsc-oye27d1b/config.functions/conftest.c:24:(.text+0xe): undefined reference to `__gcov_dump'
collect2: error: ld returned 1 exit status
Checking for functions [snprintf]
Executing: /usr/bin/mpicc -c -o /tmp/petsc-oye27d1b/config.functions/conftest.o -I/tmp/petsc-oye27d1b/config.compilerFlags -I/tmp/petsc-oye27d1b/config.setCompilers -I/tmp/petsc-oye27d1b/config.compilers -I/tmp/petsc-oye27d1b/config.headers -I/tmp/petsc-oye27d1b/config.utilities.cacheDetails -I/tmp/petsc-oye27d1b/config.libraries -I/tmp/petsc-oye27d1b/config.types -I/tmp/petsc-oye27d1b/config.functions  -fPIC -Wall -Wwrite-strings -Wno-unknown-pragmas -Wno-lto-type-mismatch -Wno-stringop-overflow -fstack-protector -fvisibility=hidden -g -O  /tmp/petsc-oye27d1b/config.functions/conftest.c 
Possible ERROR while running compiler:exit code 0
stderr:
/tmp/petsc-oye27d1b/config.functions/conftest.c:13:6: warning: conflicting types for built-in function ‘snprintf’; expected ‘int(char *, long unsigned int,  const char *, ...)’ [-Wbuiltin-declaration-mismatch]
   13 | char snprintf();
      |      ^~~~~~~~
/tmp/petsc-oye27d1b/config.functions/conftest.c:6:1: note: ‘snprintf’ is declared in header ‘<stdio.h>’
    5 | #include <assert.h>
  +++ |+#include <stdio.h>
    6 | /* Override any gcc2 internal prototype to avoid an error. */
Source:
#include "confdefs.h"
#include "conffix.h"

/* System header to define __stub macros and hopefully no other prototypes since they would conflict with our 'char funcname()' declaration below. */
#include <assert.h>
/* Override any gcc2 internal prototype to avoid an error. */
#ifdef __cplusplus
extern "C" {
#endif

/* We use char because int might match the return type of a gcc2
builtin and then its argument prototype would still apply. */
char snprintf();

#ifdef __cplusplus
}
#endif

int main() {

#if defined (__stub_snprintf) || defined (__stub___snprintf)
snprintf_will_always_fail_with_ENOSYS();
#else
snprintf();
#endif
;
  return 0;
}

Executing: /usr/bin/mpicc  -o /tmp/petsc-oye27d1b/config.functions/conftest    -fPIC -Wall -Wwrite-strings -Wno-unknown-pragmas -Wno-lto-type-mismatch -Wno-stringop-overflow -fstack-protector -fvisibility=hidden -g -O /tmp/petsc-oye27d1b/config.functions/conftest.o 
                    Defined "HAVE_SNPRINTF" to "1"
Checking for functions [fpsetsticky]
Executing: /usr/bin/mpicc -c -o /tmp/petsc-oye27d1b/config.functions/conftest.o -I/tmp/petsc-oye27d1b/config.compilerFlags -I/tmp/petsc-oye27d1b/config.setCompilers -I/tmp/petsc-oye27d1b/config.compilers -I/tmp/petsc-oye27d1b/config.headers -I/tmp/petsc-oye27d1b/config.utilities.cacheDetails -I/tmp/petsc-oye27d1b/config.libraries -I/tmp/petsc-oye27d1b/config.types -I/tmp/petsc-oye27d1b/config.functions  -fPIC -Wall -Wwrite-strings -Wno-unknown-pragmas -Wno-lto-type-mismatch -Wno-stringop-overflow -fstack-protector -fvisibility=hidden -g -O  /tmp/petsc-oye27d1b/config.functions/conftest.c 
Successful compile:
Source:
#include "confdefs.h"
#include "conffix.h"

/* System header to define __stub macros and hopefully no other prototypes since they would conflict with our 'char funcname()' declaration below. */
#include <assert.h>
/* Override any gcc2 internal prototype to avoid an error. */
#ifdef __cplusplus
extern "C" {
#endif

/* We use char because int might match the return type of a gcc2
builtin and then its argument prototype would still apply. */
char fpsetsticky();

#ifdef __cplusplus
}
#endif

int main() {

#if defined (__stub_fpsetsticky) || defined (__stub___fpsetsticky)
fpsetsticky_will_always_fail_with_ENOSYS();
#else
fpsetsticky();
#endif
;
  return 0;
}

Executing: /usr/bin/mpicc  -o /tmp/petsc-oye27d1b/config.functions/conftest    -fPIC -Wall -Wwrite-strings -Wno-unknown-pragmas -Wno-lto-type-mismatch -Wno-stringop-overflow -fstack-protector -fvisibility=hidden -g -O /tmp/petsc-oye27d1b/config.functions/conftest.o 
Possible ERROR while running linker: exit code 1
stderr:
/usr/bin/ld: /tmp/petsc-oye27d1b/config.functions/conftest.o: in function `main':
/tmp/petsc-oye27d1b/config.functions/conftest.c:24:(.text+0xe): undefined reference to `fpsetsticky'
collect2: error: ld returned 1 exit status
Linker output before filtering:

/usr/bin/ld: /tmp/petsc-oye27d1b/config.functions/conftest.o: in function `main':
/tmp/petsc-oye27d1b/config.functions/conftest.c:24:(.text+0xe): undefined reference to `fpsetsticky'
collect2: error: ld returned 1 exit status
Linker output after filtering:
/usr/bin/ld: /tmp/petsc-oye27d1b/config.functions/conftest.o: in function `main':
/tmp/petsc-oye27d1b/config.functions/conftest.c:24:(.text+0xe): undefined reference to `fpsetsticky'
collect2: error: ld returned 1 exit status
Checking for functions [stricmp]
Executing: /usr/bin/mpicc -c -o /tmp/petsc-oye27d1b/config.functions/conftest.o -I/tmp/petsc-oye27d1b/config.compilerFlags -I/tmp/petsc-oye27d1b/config.setCompilers -I/tmp/petsc-oye27d1b/config.compilers -I/tmp/petsc-oye27d1b/config.headers -I/tmp/petsc-oye27d1b/config.utilities.cacheDetails -I/tmp/petsc-oye27d1b/config.libraries -I/tmp/petsc-oye27d1b/config.types -I/tmp/petsc-oye27d1b/config.functions  -fPIC -Wall -Wwrite-strings -Wno-unknown-pragmas -Wno-lto-type-mismatch -Wno-stringop-overflow -fstack-protector -fvisibility=hidden -g -O  /tmp/petsc-oye27d1b/config.functions/conftest.c 
Successful compile:
Source:
#include "confdefs.h"
#include "conffix.h"

/* System header to define __stub macros and hopefully no other prototypes since they would conflict with our 'char funcname()' declaration below. */
#include <assert.h>
/* Override any gcc2 internal prototype to avoid an error. */
#ifdef __cplusplus
extern "C" {
#endif

/* We use char because int might match the return type of a gcc2
builtin and then its argument prototype would still apply. */
char stricmp();

#ifdef __cplusplus
}
#endif

int main() {

#if defined (__stub_stricmp) || defined (__stub___stricmp)
stricmp_will_always_fail_with_ENOSYS();
#else
stricmp();
#endif
;
  return 0;
}

Executing: /usr/bin/mpicc  -o /tmp/petsc-oye27d1b/config.functions/conftest    -fPIC -Wall -Wwrite-strings -Wno-unknown-pragmas -Wno-lto-type-mismatch -Wno-stringop-overflow -fstack-protector -fvisibility=hidden -g -O /tmp/petsc-oye27d1b/config.functions/conftest.o 
Possible ERROR while running linker: exit code 1
stderr:
/usr/bin/ld: /tmp/petsc-oye27d1b/config.functions/conftest.o: in function `main':
/tmp/petsc-oye27d1b/config.functions/conftest.c:24:(.text+0xe): undefined reference to `stricmp'
collect2: error: ld returned 1 exit status
Linker output before filtering:

/usr/bin/ld: /tmp/petsc-oye27d1b/config.functions/conftest.o: in function `main':
/tmp/petsc-oye27d1b/config.functions/conftest.c:24:(.text+0xe): undefined reference to `stricmp'
collect2: error: ld returned 1 exit status
Linker output after filtering:
/usr/bin/ld: /tmp/petsc-oye27d1b/config.functions/conftest.o: in function `main':
/tmp/petsc-oye27d1b/config.functions/conftest.c:24:(.text+0xe): undefined reference to `stricmp'
collect2: error: ld returned 1 exit status
Checking for functions [sbreak]
Executing: /usr/bin/mpicc -c -o /tmp/petsc-oye27d1b/config.functions/conftest.o -I/tmp/petsc-oye27d1b/config.compilerFlags -I/tmp/petsc-oye27d1b/config.setCompilers -I/tmp/petsc-oye27d1b/config.compilers -I/tmp/petsc-oye27d1b/config.headers -I/tmp/petsc-oye27d1b/config.utilities.cacheDetails -I/tmp/petsc-oye27d1b/config.libraries -I/tmp/petsc-oye27d1b/config.types -I/tmp/petsc-oye27d1b/config.functions  -fPIC -Wall -Wwrite-strings -Wno-unknown-pragmas -Wno-lto-type-mismatch -Wno-stringop-overflow -fstack-protector -fvisibility=hidden -g -O  /tmp/petsc-oye27d1b/config.functions/conftest.c 
Successful compile:
Source:
#include "confdefs.h"
#include "conffix.h"

/* System header to define __stub macros and hopefully no other prototypes since they would conflict with our 'char funcname()' declaration below. */
#include <assert.h>
/* Override any gcc2 internal prototype to avoid an error. */
#ifdef __cplusplus
extern "C" {
#endif

/* We use char because int might match the return type of a gcc2
builtin and then its argument prototype would still apply. */
char sbreak();

#ifdef __cplusplus
}
#endif

int main() {

#if defined (__stub_sbreak) || defined (__stub___sbreak)
sbreak_will_always_fail_with_ENOSYS();
#else
sbreak();
#endif
;
  return 0;
}

Executing: /usr/bin/mpicc  -o /tmp/petsc-oye27d1b/config.functions/conftest    -fPIC -Wall -Wwrite-strings -Wno-unknown-pragmas -Wno-lto-type-mismatch -Wno-stringop-overflow -fstack-protector -fvisibility=hidden -g -O /tmp/petsc-oye27d1b/config.functions/conftest.o 
Possible ERROR while running linker: exit code 1
stderr:
/usr/bin/ld: /tmp/petsc-oye27d1b/config.functions/conftest.o: in function `main':
/tmp/petsc-oye27d1b/config.functions/conftest.c:24:(.text+0xe): undefined reference to `sbreak'
collect2: error: ld returned 1 exit status
Linker output before filtering:

/usr/bin/ld: /tmp/petsc-oye27d1b/config.functions/conftest.o: in function `main':
/tmp/petsc-oye27d1b/config.functions/conftest.c:24:(.text+0xe): undefined reference to `sbreak'
collect2: error: ld returned 1 exit status
Linker output after filtering:
/usr/bin/ld: /tmp/petsc-oye27d1b/config.functions/conftest.o: in function `main':
/tmp/petsc-oye27d1b/config.functions/conftest.c:24:(.text+0xe): undefined reference to `sbreak'
collect2: error: ld returned 1 exit status
Checking for functions [_set_output_format]
Executing: /usr/bin/mpicc -c -o /tmp/petsc-oye27d1b/config.functions/conftest.o -I/tmp/petsc-oye27d1b/config.compilerFlags -I/tmp/petsc-oye27d1b/config.setCompilers -I/tmp/petsc-oye27d1b/config.compilers -I/tmp/petsc-oye27d1b/config.headers -I/tmp/petsc-oye27d1b/config.utilities.cacheDetails -I/tmp/petsc-oye27d1b/config.libraries -I/tmp/petsc-oye27d1b/config.types -I/tmp/petsc-oye27d1b/config.functions  -fPIC -Wall -Wwrite-strings -Wno-unknown-pragmas -Wno-lto-type-mismatch -Wno-stringop-overflow -fstack-protector -fvisibility=hidden -g -O  /tmp/petsc-oye27d1b/config.functions/conftest.c 
Successful compile:
Source:
#include "confdefs.h"
#include "conffix.h"

/* System header to define __stub macros and hopefully no other prototypes since they would conflict with our 'char funcname()' declaration below. */
#include <assert.h>
/* Override any gcc2 internal prototype to avoid an error. */
#ifdef __cplusplus
extern "C" {
#endif

/* We use char because int might match the return type of a gcc2
builtin and then its argument prototype would still apply. */
char _set_output_format();

#ifdef __cplusplus
}
#endif

int main() {

#if defined (__stub__set_output_format) || defined (__stub____set_output_format)
_set_output_format_will_always_fail_with_ENOSYS();
#else
_set_output_format();
#endif
;
  return 0;
}

Executing: /usr/bin/mpicc  -o /tmp/petsc-oye27d1b/config.functions/conftest    -fPIC -Wall -Wwrite-strings -Wno-unknown-pragmas -Wno-lto-type-mismatch -Wno-stringop-overflow -fstack-protector -fvisibility=hidden -g -O /tmp/petsc-oye27d1b/config.functions/conftest.o 
Possible ERROR while running linker: exit code 1
stderr:
/usr/bin/ld: /tmp/petsc-oye27d1b/config.functions/conftest.o: in function `main':
/tmp/petsc-oye27d1b/config.functions/conftest.c:24:(.text+0xe): undefined reference to `_set_output_format'
collect2: error: ld returned 1 exit status
Linker output before filtering:

/usr/bin/ld: /tmp/petsc-oye27d1b/config.functions/conftest.o: in function `main':
/tmp/petsc-oye27d1b/config.functions/conftest.c:24:(.text+0xe): undefined reference to `_set_output_format'
collect2: error: ld returned 1 exit status
Linker output after filtering:
/usr/bin/ld: /tmp/petsc-oye27d1b/config.functions/conftest.o: in function `main':
/tmp/petsc-oye27d1b/config.functions/conftest.c:24:(.text+0xe): undefined reference to `_set_output_format'
collect2: error: ld returned 1 exit status
Checking for functions [_sleep]
Executing: /usr/bin/mpicc -c -o /tmp/petsc-oye27d1b/config.functions/conftest.o -I/tmp/petsc-oye27d1b/config.compilerFlags -I/tmp/petsc-oye27d1b/config.setCompilers -I/tmp/petsc-oye27d1b/config.compilers -I/tmp/petsc-oye27d1b/config.headers -I/tmp/petsc-oye27d1b/config.utilities.cacheDetails -I/tmp/petsc-oye27d1b/config.libraries -I/tmp/petsc-oye27d1b/config.types -I/tmp/petsc-oye27d1b/config.functions  -fPIC -Wall -Wwrite-strings -Wno-unknown-pragmas -Wno-lto-type-mismatch -Wno-stringop-overflow -fstack-protector -fvisibility=hidden -g -O  /tmp/petsc-oye27d1b/config.functions/conftest.c 
Successful compile:
Source:
#include "confdefs.h"
#include "conffix.h"

/* System header to define __stub macros and hopefully no other prototypes since they would conflict with our 'char funcname()' declaration below. */
#include <assert.h>
/* Override any gcc2 internal prototype to avoid an error. */
#ifdef __cplusplus
extern "C" {
#endif

/* We use char because int might match the return type of a gcc2
builtin and then its argument prototype would still apply. */
char _sleep();

#ifdef __cplusplus
}
#endif

int main() {

#if defined (__stub__sleep) || defined (__stub____sleep)
_sleep_will_always_fail_with_ENOSYS();
#else
_sleep();
#endif
;
  return 0;
}

Executing: /usr/bin/mpicc  -o /tmp/petsc-oye27d1b/config.functions/conftest    -fPIC -Wall -Wwrite-strings -Wno-unknown-pragmas -Wno-lto-type-mismatch -Wno-stringop-overflow -fstack-protector -fvisibility=hidden -g -O /tmp/petsc-oye27d1b/config.functions/conftest.o 
Possible ERROR while running linker: exit code 1
stderr:
/usr/bin/ld: /tmp/petsc-oye27d1b/config.functions/conftest.o: in function `main':
/tmp/petsc-oye27d1b/config.functions/conftest.c:24:(.text+0xe): undefined reference to `_sleep'
collect2: error: ld returned 1 exit status
Linker output before filtering:

/usr/bin/ld: /tmp/petsc-oye27d1b/config.functions/conftest.o: in function `main':
/tmp/petsc-oye27d1b/config.functions/conftest.c:24:(.text+0xe): undefined reference to `_sleep'
collect2: error: ld returned 1 exit status
Linker output after filtering:
/usr/bin/ld: /tmp/petsc-oye27d1b/config.functions/conftest.o: in function `main':
/tmp/petsc-oye27d1b/config.functions/conftest.c:24:(.text+0xe): undefined reference to `_sleep'
collect2: error: ld returned 1 exit status
Executing: /usr/bin/mpicc -v
=============================================================================================
TESTING: checkMmap from config.functions(/home/lzy/projects/formal_3D_flow_solver/FEM_SimVascular/external/dependencies/sv1_1/petsc-3.19.6/config/BuildSystem/config/functions.py:148)
  Check for functional mmap() to allocate shared memory and define HAVE_MMAP
Executing: /usr/bin/mpicc -c -o /tmp/petsc-oye27d1b/config.functions/conftest.o -I/tmp/petsc-oye27d1b/config.compilerFlags -I/tmp/petsc-oye27d1b/config.setCompilers -I/tmp/petsc-oye27d1b/config.compilers -I/tmp/petsc-oye27d1b/config.headers -I/tmp/petsc-oye27d1b/config.utilities.cacheDetails -I/tmp/petsc-oye27d1b/config.libraries -I/tmp/petsc-oye27d1b/config.types -I/tmp/petsc-oye27d1b/config.functions  -fPIC -Wall -Wwrite-strings -Wno-unknown-pragmas -Wno-lto-type-mismatch -Wno-stringop-overflow -fstack-protector -fvisibility=hidden -g -O  /tmp/petsc-oye27d1b/config.functions/conftest.c 
Successful compile:
Source:
#include "confdefs.h"
#include "conffix.h"
#include <sys/mman.h>
#include <sys/types.h>
#include <sys/stat.h>
#include <fcntl.h>

int main() {
int fd;
 fd=open("/tmp/file",O_RDWR);
 mmap((void*)0,100,PROT_READ|PROT_WRITE,MAP_SHARED,fd,0);
  return 0;
}

Executing: /usr/bin/mpicc  -o /tmp/petsc-oye27d1b/config.functions/conftest    -fPIC -Wall -Wwrite-strings -Wno-unknown-pragmas -Wno-lto-type-mismatch -Wno-stringop-overflow -fstack-protector -fvisibility=hidden -g -O /tmp/petsc-oye27d1b/config.functions/conftest.o 
            Defined "HAVE_MMAP" to "1"
=============================================================================================
TESTING: checkMkstemp from config.functions(/home/lzy/projects/formal_3D_flow_solver/FEM_SimVascular/external/dependencies/sv1_1/petsc-3.19.6/config/BuildSystem/config/functions.py:154)
  Check for mkstemp() to avoid using tmpnam as it is often deprecated
Executing: /usr/bin/mpicc -c -o /tmp/petsc-oye27d1b/config.functions/conftest.o -I/tmp/petsc-oye27d1b/config.compilerFlags -I/tmp/petsc-oye27d1b/config.setCompilers -I/tmp/petsc-oye27d1b/config.compilers -I/tmp/petsc-oye27d1b/config.headers -I/tmp/petsc-oye27d1b/config.utilities.cacheDetails -I/tmp/petsc-oye27d1b/config.libraries -I/tmp/petsc-oye27d1b/config.types -I/tmp/petsc-oye27d1b/config.functions  -fPIC -Wall -Wwrite-strings -Wno-unknown-pragmas -Wno-lto-type-mismatch -Wno-stringop-overflow -fstack-protector -fvisibility=hidden -g -O  /tmp/petsc-oye27d1b/config.functions/conftest.c 
Possible ERROR while running compiler:exit code 0
stderr:
/tmp/petsc-oye27d1b/config.functions/conftest.c: In function ‘main’:
/tmp/petsc-oye27d1b/config.functions/conftest.c:10:2: warning: ignoring return value of ‘mkstemp’ declared with attribute ‘warn_unused_result’ [-Wunused-result]
   10 |  mkstemp(filename);
      |  ^~~~~~~~~~~~~~~~~
Source:
#include "confdefs.h"
#include "conffix.h"
#define _XOPEN_SOURCE 600
#include <stdlib.h>
#include <string.h>

int main() {
char filename[100];
 strcpy(filename, "/tmp/fileXXXXXX");
 mkstemp(filename);
  return 0;
}

Executing: /usr/bin/mpicc  -o /tmp/petsc-oye27d1b/config.functions/conftest    -fPIC -Wall -Wwrite-strings -Wno-unknown-pragmas -Wno-lto-type-mismatch -Wno-stringop-overflow -fstack-protector -fvisibility=hidden -g -O /tmp/petsc-oye27d1b/config.functions/conftest.o 
            Defined "HAVE_MKSTEMP" to "1"
=============================================================================================
TESTING: checkTmpnam_s from config.functions(/home/lzy/projects/formal_3D_flow_solver/FEM_SimVascular/external/dependencies/sv1_1/petsc-3.19.6/config/BuildSystem/config/functions.py:159)
  Check for tmpnam_s() to avoid using tmpnam as it is often deprecated
Executing: /usr/bin/mpicc -c -o /tmp/petsc-oye27d1b/config.functions/conftest.o -I/tmp/petsc-oye27d1b/config.compilerFlags -I/tmp/petsc-oye27d1b/config.setCompilers -I/tmp/petsc-oye27d1b/config.compilers -I/tmp/petsc-oye27d1b/config.headers -I/tmp/petsc-oye27d1b/config.utilities.cacheDetails -I/tmp/petsc-oye27d1b/config.libraries -I/tmp/petsc-oye27d1b/config.types -I/tmp/petsc-oye27d1b/config.functions  -fPIC -Wall -Wwrite-strings -Wno-unknown-pragmas -Wno-lto-type-mismatch -Wno-stringop-overflow -fstack-protector -fvisibility=hidden -g -O  /tmp/petsc-oye27d1b/config.functions/conftest.c 
Possible ERROR while running compiler:exit code 0
stderr:
/tmp/petsc-oye27d1b/config.functions/conftest.c: In function ‘main’:
/tmp/petsc-oye27d1b/config.functions/conftest.c:7:2: warning: implicit declaration of function ‘tmpnam_s’; did you mean ‘tmpnam_r’? [-Wimplicit-function-declaration]
    7 |  tmpnam_s(filename, sizeof(filename));
      |  ^~~~~~~~
      |  tmpnam_r
Source:
#include "confdefs.h"
#include "conffix.h"
#include <stdio.h>

int main() {
char filename[L_tmpnam];
 tmpnam_s(filename, sizeof(filename));
  return 0;
}

Executing: /usr/bin/mpicc  -o /tmp/petsc-oye27d1b/config.functions/conftest    -fPIC -Wall -Wwrite-strings -Wno-unknown-pragmas -Wno-lto-type-mismatch -Wno-stringop-overflow -fstack-protector -fvisibility=hidden -g -O /tmp/petsc-oye27d1b/config.functions/conftest.o 
Possible ERROR while running linker: exit code 1
stderr:
/usr/bin/ld: /tmp/petsc-oye27d1b/config.functions/conftest.o: in function `main':
/tmp/petsc-oye27d1b/config.functions/conftest.c:7:(.text+0x21): undefined reference to `tmpnam_s'
collect2: error: ld returned 1 exit status
Linker output before filtering:

/usr/bin/ld: /tmp/petsc-oye27d1b/config.functions/conftest.o: in function `main':
/tmp/petsc-oye27d1b/config.functions/conftest.c:7:(.text+0x21): undefined reference to `tmpnam_s'
collect2: error: ld returned 1 exit status
Linker output after filtering:
/usr/bin/ld: /tmp/petsc-oye27d1b/config.functions/conftest.o: in function `main':
/tmp/petsc-oye27d1b/config.functions/conftest.c:7:(.text+0x21): undefined reference to `tmpnam_s'
collect2: error: ld returned 1 exit status
    child config.functions took 0.927022 seconds
=============================================================================================
TESTING: configureMemorySize from config.utilities.getResidentSetSize(/home/lzy/projects/formal_3D_flow_solver/FEM_SimVascular/external/dependencies/sv1_1/petsc-3.19.6/config/BuildSystem/config/utilities/getResidentSetSize.py:31)
  Try to determine how to measure the memory usage
            Defined "USE_PROC_FOR_SIZE" to "1"
          Using /proc for PetscMemoryGetCurrentUsage()
    child config.utilities.getResidentSetSize took 0.000636 seconds
    child config.utilities.fortranCommandLine took 0.000004 seconds
=============================================================================================
TESTING: configureFPTrap from config.utilities.FPTrap(/home/lzy/projects/formal_3D_flow_solver/FEM_SimVascular/external/dependencies/sv1_1/petsc-3.19.6/config/BuildSystem/config/utilities/FPTrap.py:26)
  Checking the handling of floating point traps
Checking for header: sigfpe.h
Preprocessing source:
#include "confdefs.h"
#include "conffix.h"
#include <sigfpe.h>

Executing: /usr/bin/mpicc -E  -I/tmp/petsc-oye27d1b/config.setCompilers -I/tmp/petsc-oye27d1b/config.types -I/tmp/petsc-oye27d1b/config.headers  /tmp/petsc-oye27d1b/config.headers/conftest.c 
Possible ERROR while running preprocessor: exit code 1
stdout:
# 0 "/tmp/petsc-oye27d1b/config.headers/conftest.c"
# 0 "<built-in>"
# 0 "<command-line>"
# 1 "/usr/include/stdc-predef.h" 1 3 4
# 0 "<command-line>" 2
# 1 "/tmp/petsc-oye27d1b/config.headers/conftest.c"
# 1 "/tmp/petsc-oye27d1b/config.headers/confdefs.h" 1
# 2 "/tmp/petsc-oye27d1b/config.headers/conftest.c" 2
# 1 "/tmp/petsc-oye27d1b/config.headers/conffix.h" 1
# 3 "/tmp/petsc-oye27d1b/config.headers/conftest.c" 2
stderr:
/tmp/petsc-oye27d1b/config.headers/conftest.c:3:10: fatal error: sigfpe.h: No such file or directory
    3 | #include <sigfpe.h>
      |          ^~~~~~~~~~
compilation terminated.
Source:
#include "confdefs.h"
#include "conffix.h"
#include <sigfpe.h>

Preprocess output before filtering:
/tmp/petsc-oye27d1b/config.headers/conftest.c:3:10: fatal error: sigfpe.h: No such file or directory
    3 | #include <sigfpe.h>
      |          ^~~~~~~~~~
compilation terminated.
Preprocess output after filtering:
/tmp/petsc-oye27d1b/config.headers/conftest.c:3:10: fatal error: sigfpe.h: No such file or directory
    3 | #include <sigfpe.h>
      |          ^~~~~~~~~~
compilation terminated.
Checking for header: fpxcp.h
Preprocessing source:
#include "confdefs.h"
#include "conffix.h"
#include <fpxcp.h>

Executing: /usr/bin/mpicc -E  -I/tmp/petsc-oye27d1b/config.setCompilers -I/tmp/petsc-oye27d1b/config.types -I/tmp/petsc-oye27d1b/config.headers  /tmp/petsc-oye27d1b/config.headers/conftest.c 
Possible ERROR while running preprocessor: exit code 1
stdout:
# 0 "/tmp/petsc-oye27d1b/config.headers/conftest.c"
# 0 "<built-in>"
# 0 "<command-line>"
# 1 "/usr/include/stdc-predef.h" 1 3 4
# 0 "<command-line>" 2
# 1 "/tmp/petsc-oye27d1b/config.headers/conftest.c"
# 1 "/tmp/petsc-oye27d1b/config.headers/confdefs.h" 1
# 2 "/tmp/petsc-oye27d1b/config.headers/conftest.c" 2
# 1 "/tmp/petsc-oye27d1b/config.headers/conffix.h" 1
# 3 "/tmp/petsc-oye27d1b/config.headers/conftest.c" 2
stderr:
/tmp/petsc-oye27d1b/config.headers/conftest.c:3:10: fatal error: fpxcp.h: No such file or directory
    3 | #include <fpxcp.h>
      |          ^~~~~~~~~
compilation terminated.
Source:
#include "confdefs.h"
#include "conffix.h"
#include <fpxcp.h>

Preprocess output before filtering:
/tmp/petsc-oye27d1b/config.headers/conftest.c:3:10: fatal error: fpxcp.h: No such file or directory
    3 | #include <fpxcp.h>
      |          ^~~~~~~~~
compilation terminated.
Preprocess output after filtering:
/tmp/petsc-oye27d1b/config.headers/conftest.c:3:10: fatal error: fpxcp.h: No such file or directory
    3 | #include <fpxcp.h>
      |          ^~~~~~~~~
compilation terminated.
Checking for header: floatingpoint.h
Preprocessing source:
#include "confdefs.h"
#include "conffix.h"
#include <floatingpoint.h>

Executing: /usr/bin/mpicc -E  -I/tmp/petsc-oye27d1b/config.setCompilers -I/tmp/petsc-oye27d1b/config.types -I/tmp/petsc-oye27d1b/config.headers  /tmp/petsc-oye27d1b/config.headers/conftest.c 
Possible ERROR while running preprocessor: exit code 1
stdout:
# 0 "/tmp/petsc-oye27d1b/config.headers/conftest.c"
# 0 "<built-in>"
# 0 "<command-line>"
# 1 "/usr/include/stdc-predef.h" 1 3 4
# 0 "<command-line>" 2
# 1 "/tmp/petsc-oye27d1b/config.headers/conftest.c"
# 1 "/tmp/petsc-oye27d1b/config.headers/confdefs.h" 1
# 2 "/tmp/petsc-oye27d1b/config.headers/conftest.c" 2
# 1 "/tmp/petsc-oye27d1b/config.headers/conffix.h" 1
# 3 "/tmp/petsc-oye27d1b/config.headers/conftest.c" 2
stderr:
/tmp/petsc-oye27d1b/config.headers/conftest.c:3:10: fatal error: floatingpoint.h: No such file or directory
    3 | #include <floatingpoint.h>
      |          ^~~~~~~~~~~~~~~~~
compilation terminated.
Source:
#include "confdefs.h"
#include "conffix.h"
#include <floatingpoint.h>

Preprocess output before filtering:
/tmp/petsc-oye27d1b/config.headers/conftest.c:3:10: fatal error: floatingpoint.h: No such file or directory
    3 | #include <floatingpoint.h>
      |          ^~~~~~~~~~~~~~~~~
compilation terminated.
Preprocess output after filtering:
/tmp/petsc-oye27d1b/config.headers/conftest.c:3:10: fatal error: floatingpoint.h: No such file or directory
    3 | #include <floatingpoint.h>
      |          ^~~~~~~~~~~~~~~~~
compilation terminated.
    child config.utilities.FPTrap took 0.023819 seconds
=============================================================================================
TESTING: configureFeatureTestMacros from config.utilities.featureTestMacros(/home/lzy/projects/formal_3D_flow_solver/FEM_SimVascular/external/dependencies/sv1_1/petsc-3.19.6/config/BuildSystem/config/utilities/featureTestMacros.py:13)
  Checks if certain feature test macros are support
Executing: /usr/bin/mpicc -c -o /tmp/petsc-oye27d1b/config.utilities.featureTestMacros/conftest.o -I/tmp/petsc-oye27d1b/config.compilerFlags -I/tmp/petsc-oye27d1b/config.setCompilers -I/tmp/petsc-oye27d1b/config.compilers -I/tmp/petsc-oye27d1b/config.headers -I/tmp/petsc-oye27d1b/config.utilities.cacheDetails -I/tmp/petsc-oye27d1b/config.libraries -I/tmp/petsc-oye27d1b/config.types -I/tmp/petsc-oye27d1b/config.functions -I/tmp/petsc-oye27d1b/config.utilities.featureTestMacros  -fPIC -Wall -Wwrite-strings -Wno-unknown-pragmas -Wno-lto-type-mismatch -Wno-stringop-overflow -fstack-protector -fvisibility=hidden -g -O  /tmp/petsc-oye27d1b/config.utilities.featureTestMacros/conftest.c 
Possible ERROR while running compiler: exit code 1
stderr:
/tmp/petsc-oye27d1b/config.utilities.featureTestMacros/conftest.c:4:10: fatal error: sysctl.h: No such file or directory
    4 | #include <sysctl.h>
      |          ^~~~~~~~~~
compilation terminated.
Source:
#include "confdefs.h"
#include "conffix.h"
#define _POSIX_C_SOURCE 200112L
#include <sysctl.h>

int main() {
;
  return 0;
}

Executing: /usr/bin/mpicc -c -o /tmp/petsc-oye27d1b/config.utilities.featureTestMacros/conftest.o -I/tmp/petsc-oye27d1b/config.compilerFlags -I/tmp/petsc-oye27d1b/config.setCompilers -I/tmp/petsc-oye27d1b/config.compilers -I/tmp/petsc-oye27d1b/config.headers -I/tmp/petsc-oye27d1b/config.utilities.cacheDetails -I/tmp/petsc-oye27d1b/config.libraries -I/tmp/petsc-oye27d1b/config.types -I/tmp/petsc-oye27d1b/config.functions -I/tmp/petsc-oye27d1b/config.utilities.featureTestMacros  -fPIC -Wall -Wwrite-strings -Wno-unknown-pragmas -Wno-lto-type-mismatch -Wno-stringop-overflow -fstack-protector -fvisibility=hidden -g -O  /tmp/petsc-oye27d1b/config.utilities.featureTestMacros/conftest.c 
Possible ERROR while running compiler:exit code 0
stderr:
In file included from /usr/include/x86_64-linux-gnu/bits/libc-header-start.h:33,
                 from /usr/include/stdlib.h:26,
                 from /tmp/petsc-oye27d1b/config.utilities.featureTestMacros/conftest.c:4:
/usr/include/features.h:196:3: warning: #warning "_BSD_SOURCE and _SVID_SOURCE are deprecated, use _DEFAULT_SOURCE" [-Wcpp]
  196 | # warning "_BSD_SOURCE and _SVID_SOURCE are deprecated, use _DEFAULT_SOURCE"
      |   ^~~~~~~
Source:
#include "confdefs.h"
#include "conffix.h"
#define _BSD_SOURCE
#include<stdlib.h>

int main() {
;
  return 0;
}

            Defined "_BSD_SOURCE" to "1"
Executing: /usr/bin/mpicc -c -o /tmp/petsc-oye27d1b/config.utilities.featureTestMacros/conftest.o -I/tmp/petsc-oye27d1b/config.compilerFlags -I/tmp/petsc-oye27d1b/config.setCompilers -I/tmp/petsc-oye27d1b/config.compilers -I/tmp/petsc-oye27d1b/config.headers -I/tmp/petsc-oye27d1b/config.utilities.cacheDetails -I/tmp/petsc-oye27d1b/config.libraries -I/tmp/petsc-oye27d1b/config.types -I/tmp/petsc-oye27d1b/config.functions -I/tmp/petsc-oye27d1b/config.utilities.featureTestMacros  -fPIC -Wall -Wwrite-strings -Wno-unknown-pragmas -Wno-lto-type-mismatch -Wno-stringop-overflow -fstack-protector -fvisibility=hidden -g -O  /tmp/petsc-oye27d1b/config.utilities.featureTestMacros/conftest.c 
Successful compile:
Source:
#include "confdefs.h"
#include "conffix.h"
#define _DEFAULT_SOURCE
#include<stdlib.h>

int main() {
;
  return 0;
}

            Defined "_DEFAULT_SOURCE" to "1"
Executing: /usr/bin/mpicc -c -o /tmp/petsc-oye27d1b/config.utilities.featureTestMacros/conftest.o -I/tmp/petsc-oye27d1b/config.compilerFlags -I/tmp/petsc-oye27d1b/config.setCompilers -I/tmp/petsc-oye27d1b/config.compilers -I/tmp/petsc-oye27d1b/config.headers -I/tmp/petsc-oye27d1b/config.utilities.cacheDetails -I/tmp/petsc-oye27d1b/config.libraries -I/tmp/petsc-oye27d1b/config.types -I/tmp/petsc-oye27d1b/config.functions -I/tmp/petsc-oye27d1b/config.utilities.featureTestMacros  -fPIC -Wall -Wwrite-strings -Wno-unknown-pragmas -Wno-lto-type-mismatch -Wno-stringop-overflow -fstack-protector -fvisibility=hidden -g -O  /tmp/petsc-oye27d1b/config.utilities.featureTestMacros/conftest.c 
Successful compile:
Source:
#include "confdefs.h"
#include "conffix.h"
#define _GNU_SOURCE
#include <sched.h>

int main() {
cpu_set_t mset;
CPU_ZERO(&mset);
  return 0;
}

            Defined "_GNU_SOURCE" to "1"
Executing: /usr/bin/mpicc -c -o /tmp/petsc-oye27d1b/config.utilities.featureTestMacros/conftest.o -I/tmp/petsc-oye27d1b/config.compilerFlags -I/tmp/petsc-oye27d1b/config.setCompilers -I/tmp/petsc-oye27d1b/config.compilers -I/tmp/petsc-oye27d1b/config.headers -I/tmp/petsc-oye27d1b/config.utilities.cacheDetails -I/tmp/petsc-oye27d1b/config.libraries -I/tmp/petsc-oye27d1b/config.types -I/tmp/petsc-oye27d1b/config.functions -I/tmp/petsc-oye27d1b/config.utilities.featureTestMacros  -fPIC -Wall -Wwrite-strings -Wno-unknown-pragmas -Wno-lto-type-mismatch -Wno-stringop-overflow -fstack-protector -fvisibility=hidden -g -O  /tmp/petsc-oye27d1b/config.utilities.featureTestMacros/conftest.c 
Successful compile:
Source:
#include "confdefs.h"
#include "conffix.h"
#define _GNU_SOURCE
#include <stdlib.h>
#include <dlfcn.h>

int main() {
Dl_info info;
if (dladdr(*(void **)&exit, &info) == 0) return 1;
;
  return 0;
}

            Defined "_GNU_SOURCE" to "1"
    child config.utilities.featureTestMacros took 0.081322 seconds
=============================================================================================
TESTING: configureMissingUtypeTypedefs from config.utilities.missing(/home/lzy/projects/formal_3D_flow_solver/FEM_SimVascular/external/dependencies/sv1_1/petsc-3.19.6/config/BuildSystem/config/utilities/missing.py:54)
   Checks if u_short is undefined 
Executing: /usr/bin/mpicc -c -o /tmp/petsc-oye27d1b/config.utilities.missing/conftest.o -I/tmp/petsc-oye27d1b/config.compilerFlags -I/tmp/petsc-oye27d1b/config.setCompilers -I/tmp/petsc-oye27d1b/config.compilers -I/tmp/petsc-oye27d1b/config.headers -I/tmp/petsc-oye27d1b/config.utilities.cacheDetails -I/tmp/petsc-oye27d1b/config.libraries -I/tmp/petsc-oye27d1b/config.types -I/tmp/petsc-oye27d1b/config.functions -I/tmp/petsc-oye27d1b/config.utilities.featureTestMacros -I/tmp/petsc-oye27d1b/config.utilities.missing  -fPIC -Wall -Wwrite-strings -Wno-unknown-pragmas -Wno-lto-type-mismatch -Wno-stringop-overflow -fstack-protector -fvisibility=hidden -g -O  /tmp/petsc-oye27d1b/config.utilities.missing/conftest.c 
Successful compile:
Source:
#include "confdefs.h"
#include "conffix.h"
#include <sys/types.h>

int main() {
u_short foo;
(void)foo;
  return 0;
}

=============================================================================================
TESTING: configureMissingFunctions from config.utilities.missing(/home/lzy/projects/formal_3D_flow_solver/FEM_SimVascular/external/dependencies/sv1_1/petsc-3.19.6/config/BuildSystem/config/utilities/missing.py:60)
  Checks for SOCKETS and getline
Executing: /usr/bin/mpicc -c -o /tmp/petsc-oye27d1b/config.utilities.missing/conftest.o -I/tmp/petsc-oye27d1b/config.compilerFlags -I/tmp/petsc-oye27d1b/config.setCompilers -I/tmp/petsc-oye27d1b/config.compilers -I/tmp/petsc-oye27d1b/config.headers -I/tmp/petsc-oye27d1b/config.utilities.cacheDetails -I/tmp/petsc-oye27d1b/config.libraries -I/tmp/petsc-oye27d1b/config.types -I/tmp/petsc-oye27d1b/config.functions -I/tmp/petsc-oye27d1b/config.utilities.featureTestMacros -I/tmp/petsc-oye27d1b/config.utilities.missing  -fPIC -Wall -Wwrite-strings -Wno-unknown-pragmas -Wno-lto-type-mismatch -Wno-stringop-overflow -fstack-protector -fvisibility=hidden -g -O  /tmp/petsc-oye27d1b/config.utilities.missing/conftest.c 
Possible ERROR while running compiler:exit code 0
stderr:
/tmp/petsc-oye27d1b/config.utilities.missing/conftest.c: In function ‘main’:
/tmp/petsc-oye27d1b/config.utilities.missing/conftest.c:9:1: warning: ignoring return value of ‘getline’ declared with attribute ‘warn_unused_result’ [-Wunused-result]
    9 | getline(&lineptr, &n, stream);
      | ^~~~~~~~~~~~~~~~~~~~~~~~~~~~~
Source:
#include "confdefs.h"
#include "conffix.h"
#include <stdio.h>
char *lineptr;
size_t n;
FILE *stream;

int main() {
getline(&lineptr, &n, stream);
;
  return 0;
}

Executing: /usr/bin/mpicc  -o /tmp/petsc-oye27d1b/config.utilities.missing/conftest    -fPIC -Wall -Wwrite-strings -Wno-unknown-pragmas -Wno-lto-type-mismatch -Wno-stringop-overflow -fstack-protector -fvisibility=hidden -g -O /tmp/petsc-oye27d1b/config.utilities.missing/conftest.o 
=============================================================================================
TESTING: configureMissingSignals from config.utilities.missing(/home/lzy/projects/formal_3D_flow_solver/FEM_SimVascular/external/dependencies/sv1_1/petsc-3.19.6/config/BuildSystem/config/utilities/missing.py:80)
  Check for missing signals, and define MISSING_<signal name> if necessary
Executing: /usr/bin/mpicc -c -o /tmp/petsc-oye27d1b/config.utilities.missing/conftest.o -I/tmp/petsc-oye27d1b/config.compilerFlags -I/tmp/petsc-oye27d1b/config.setCompilers -I/tmp/petsc-oye27d1b/config.compilers -I/tmp/petsc-oye27d1b/config.headers -I/tmp/petsc-oye27d1b/config.utilities.cacheDetails -I/tmp/petsc-oye27d1b/config.libraries -I/tmp/petsc-oye27d1b/config.types -I/tmp/petsc-oye27d1b/config.functions -I/tmp/petsc-oye27d1b/config.utilities.featureTestMacros -I/tmp/petsc-oye27d1b/config.utilities.missing  -fPIC -Wall -Wwrite-strings -Wno-unknown-pragmas -Wno-lto-type-mismatch -Wno-stringop-overflow -fstack-protector -fvisibility=hidden -g -O  /tmp/petsc-oye27d1b/config.utilities.missing/conftest.c 
Successful compile:
Source:
#include "confdefs.h"
#include "conffix.h"
#include <signal.h>

int main() {
int i=SIGABRT;
(void)i;
  return 0;
}

Executing: /usr/bin/mpicc -c -o /tmp/petsc-oye27d1b/config.utilities.missing/conftest.o -I/tmp/petsc-oye27d1b/config.compilerFlags -I/tmp/petsc-oye27d1b/config.setCompilers -I/tmp/petsc-oye27d1b/config.compilers -I/tmp/petsc-oye27d1b/config.headers -I/tmp/petsc-oye27d1b/config.utilities.cacheDetails -I/tmp/petsc-oye27d1b/config.libraries -I/tmp/petsc-oye27d1b/config.types -I/tmp/petsc-oye27d1b/config.functions -I/tmp/petsc-oye27d1b/config.utilities.featureTestMacros -I/tmp/petsc-oye27d1b/config.utilities.missing  -fPIC -Wall -Wwrite-strings -Wno-unknown-pragmas -Wno-lto-type-mismatch -Wno-stringop-overflow -fstack-protector -fvisibility=hidden -g -O  /tmp/petsc-oye27d1b/config.utilities.missing/conftest.c 
Successful compile:
Source:
#include "confdefs.h"
#include "conffix.h"
#include <signal.h>

int main() {
int i=SIGALRM;
(void)i;
  return 0;
}

Executing: /usr/bin/mpicc -c -o /tmp/petsc-oye27d1b/config.utilities.missing/conftest.o -I/tmp/petsc-oye27d1b/config.compilerFlags -I/tmp/petsc-oye27d1b/config.setCompilers -I/tmp/petsc-oye27d1b/config.compilers -I/tmp/petsc-oye27d1b/config.headers -I/tmp/petsc-oye27d1b/config.utilities.cacheDetails -I/tmp/petsc-oye27d1b/config.libraries -I/tmp/petsc-oye27d1b/config.types -I/tmp/petsc-oye27d1b/config.functions -I/tmp/petsc-oye27d1b/config.utilities.featureTestMacros -I/tmp/petsc-oye27d1b/config.utilities.missing  -fPIC -Wall -Wwrite-strings -Wno-unknown-pragmas -Wno-lto-type-mismatch -Wno-stringop-overflow -fstack-protector -fvisibility=hidden -g -O  /tmp/petsc-oye27d1b/config.utilities.missing/conftest.c 
Successful compile:
Source:
#include "confdefs.h"
#include "conffix.h"
#include <signal.h>

int main() {
int i=SIGBUS;
(void)i;
  return 0;
}

Executing: /usr/bin/mpicc -c -o /tmp/petsc-oye27d1b/config.utilities.missing/conftest.o -I/tmp/petsc-oye27d1b/config.compilerFlags -I/tmp/petsc-oye27d1b/config.setCompilers -I/tmp/petsc-oye27d1b/config.compilers -I/tmp/petsc-oye27d1b/config.headers -I/tmp/petsc-oye27d1b/config.utilities.cacheDetails -I/tmp/petsc-oye27d1b/config.libraries -I/tmp/petsc-oye27d1b/config.types -I/tmp/petsc-oye27d1b/config.functions -I/tmp/petsc-oye27d1b/config.utilities.featureTestMacros -I/tmp/petsc-oye27d1b/config.utilities.missing  -fPIC -Wall -Wwrite-strings -Wno-unknown-pragmas -Wno-lto-type-mismatch -Wno-stringop-overflow -fstack-protector -fvisibility=hidden -g -O  /tmp/petsc-oye27d1b/config.utilities.missing/conftest.c 
Successful compile:
Source:
#include "confdefs.h"
#include "conffix.h"
#include <signal.h>

int main() {
int i=SIGCHLD;
(void)i;
  return 0;
}

Executing: /usr/bin/mpicc -c -o /tmp/petsc-oye27d1b/config.utilities.missing/conftest.o -I/tmp/petsc-oye27d1b/config.compilerFlags -I/tmp/petsc-oye27d1b/config.setCompilers -I/tmp/petsc-oye27d1b/config.compilers -I/tmp/petsc-oye27d1b/config.headers -I/tmp/petsc-oye27d1b/config.utilities.cacheDetails -I/tmp/petsc-oye27d1b/config.libraries -I/tmp/petsc-oye27d1b/config.types -I/tmp/petsc-oye27d1b/config.functions -I/tmp/petsc-oye27d1b/config.utilities.featureTestMacros -I/tmp/petsc-oye27d1b/config.utilities.missing  -fPIC -Wall -Wwrite-strings -Wno-unknown-pragmas -Wno-lto-type-mismatch -Wno-stringop-overflow -fstack-protector -fvisibility=hidden -g -O  /tmp/petsc-oye27d1b/config.utilities.missing/conftest.c 
Successful compile:
Source:
#include "confdefs.h"
#include "conffix.h"
#include <signal.h>

int main() {
int i=SIGCONT;
(void)i;
  return 0;
}

Executing: /usr/bin/mpicc -c -o /tmp/petsc-oye27d1b/config.utilities.missing/conftest.o -I/tmp/petsc-oye27d1b/config.compilerFlags -I/tmp/petsc-oye27d1b/config.setCompilers -I/tmp/petsc-oye27d1b/config.compilers -I/tmp/petsc-oye27d1b/config.headers -I/tmp/petsc-oye27d1b/config.utilities.cacheDetails -I/tmp/petsc-oye27d1b/config.libraries -I/tmp/petsc-oye27d1b/config.types -I/tmp/petsc-oye27d1b/config.functions -I/tmp/petsc-oye27d1b/config.utilities.featureTestMacros -I/tmp/petsc-oye27d1b/config.utilities.missing  -fPIC -Wall -Wwrite-strings -Wno-unknown-pragmas -Wno-lto-type-mismatch -Wno-stringop-overflow -fstack-protector -fvisibility=hidden -g -O  /tmp/petsc-oye27d1b/config.utilities.missing/conftest.c 
Successful compile:
Source:
#include "confdefs.h"
#include "conffix.h"
#include <signal.h>

int main() {
int i=SIGFPE;
(void)i;
  return 0;
}

Executing: /usr/bin/mpicc -c -o /tmp/petsc-oye27d1b/config.utilities.missing/conftest.o -I/tmp/petsc-oye27d1b/config.compilerFlags -I/tmp/petsc-oye27d1b/config.setCompilers -I/tmp/petsc-oye27d1b/config.compilers -I/tmp/petsc-oye27d1b/config.headers -I/tmp/petsc-oye27d1b/config.utilities.cacheDetails -I/tmp/petsc-oye27d1b/config.libraries -I/tmp/petsc-oye27d1b/config.types -I/tmp/petsc-oye27d1b/config.functions -I/tmp/petsc-oye27d1b/config.utilities.featureTestMacros -I/tmp/petsc-oye27d1b/config.utilities.missing  -fPIC -Wall -Wwrite-strings -Wno-unknown-pragmas -Wno-lto-type-mismatch -Wno-stringop-overflow -fstack-protector -fvisibility=hidden -g -O  /tmp/petsc-oye27d1b/config.utilities.missing/conftest.c 
Successful compile:
Source:
#include "confdefs.h"
#include "conffix.h"
#include <signal.h>

int main() {
int i=SIGHUP;
(void)i;
  return 0;
}

Executing: /usr/bin/mpicc -c -o /tmp/petsc-oye27d1b/config.utilities.missing/conftest.o -I/tmp/petsc-oye27d1b/config.compilerFlags -I/tmp/petsc-oye27d1b/config.setCompilers -I/tmp/petsc-oye27d1b/config.compilers -I/tmp/petsc-oye27d1b/config.headers -I/tmp/petsc-oye27d1b/config.utilities.cacheDetails -I/tmp/petsc-oye27d1b/config.libraries -I/tmp/petsc-oye27d1b/config.types -I/tmp/petsc-oye27d1b/config.functions -I/tmp/petsc-oye27d1b/config.utilities.featureTestMacros -I/tmp/petsc-oye27d1b/config.utilities.missing  -fPIC -Wall -Wwrite-strings -Wno-unknown-pragmas -Wno-lto-type-mismatch -Wno-stringop-overflow -fstack-protector -fvisibility=hidden -g -O  /tmp/petsc-oye27d1b/config.utilities.missing/conftest.c 
Successful compile:
Source:
#include "confdefs.h"
#include "conffix.h"
#include <signal.h>

int main() {
int i=SIGILL;
(void)i;
  return 0;
}

Executing: /usr/bin/mpicc -c -o /tmp/petsc-oye27d1b/config.utilities.missing/conftest.o -I/tmp/petsc-oye27d1b/config.compilerFlags -I/tmp/petsc-oye27d1b/config.setCompilers -I/tmp/petsc-oye27d1b/config.compilers -I/tmp/petsc-oye27d1b/config.headers -I/tmp/petsc-oye27d1b/config.utilities.cacheDetails -I/tmp/petsc-oye27d1b/config.libraries -I/tmp/petsc-oye27d1b/config.types -I/tmp/petsc-oye27d1b/config.functions -I/tmp/petsc-oye27d1b/config.utilities.featureTestMacros -I/tmp/petsc-oye27d1b/config.utilities.missing  -fPIC -Wall -Wwrite-strings -Wno-unknown-pragmas -Wno-lto-type-mismatch -Wno-stringop-overflow -fstack-protector -fvisibility=hidden -g -O  /tmp/petsc-oye27d1b/config.utilities.missing/conftest.c 
Successful compile:
Source:
#include "confdefs.h"
#include "conffix.h"
#include <signal.h>

int main() {
int i=SIGINT;
(void)i;
  return 0;
}

Executing: /usr/bin/mpicc -c -o /tmp/petsc-oye27d1b/config.utilities.missing/conftest.o -I/tmp/petsc-oye27d1b/config.compilerFlags -I/tmp/petsc-oye27d1b/config.setCompilers -I/tmp/petsc-oye27d1b/config.compilers -I/tmp/petsc-oye27d1b/config.headers -I/tmp/petsc-oye27d1b/config.utilities.cacheDetails -I/tmp/petsc-oye27d1b/config.libraries -I/tmp/petsc-oye27d1b/config.types -I/tmp/petsc-oye27d1b/config.functions -I/tmp/petsc-oye27d1b/config.utilities.featureTestMacros -I/tmp/petsc-oye27d1b/config.utilities.missing  -fPIC -Wall -Wwrite-strings -Wno-unknown-pragmas -Wno-lto-type-mismatch -Wno-stringop-overflow -fstack-protector -fvisibility=hidden -g -O  /tmp/petsc-oye27d1b/config.utilities.missing/conftest.c 
Successful compile:
Source:
#include "confdefs.h"
#include "conffix.h"
#include <signal.h>

int main() {
int i=SIGKILL;
(void)i;
  return 0;
}

Executing: /usr/bin/mpicc -c -o /tmp/petsc-oye27d1b/config.utilities.missing/conftest.o -I/tmp/petsc-oye27d1b/config.compilerFlags -I/tmp/petsc-oye27d1b/config.setCompilers -I/tmp/petsc-oye27d1b/config.compilers -I/tmp/petsc-oye27d1b/config.headers -I/tmp/petsc-oye27d1b/config.utilities.cacheDetails -I/tmp/petsc-oye27d1b/config.libraries -I/tmp/petsc-oye27d1b/config.types -I/tmp/petsc-oye27d1b/config.functions -I/tmp/petsc-oye27d1b/config.utilities.featureTestMacros -I/tmp/petsc-oye27d1b/config.utilities.missing  -fPIC -Wall -Wwrite-strings -Wno-unknown-pragmas -Wno-lto-type-mismatch -Wno-stringop-overflow -fstack-protector -fvisibility=hidden -g -O  /tmp/petsc-oye27d1b/config.utilities.missing/conftest.c 
Successful compile:
Source:
#include "confdefs.h"
#include "conffix.h"
#include <signal.h>

int main() {
int i=SIGPIPE;
(void)i;
  return 0;
}

Executing: /usr/bin/mpicc -c -o /tmp/petsc-oye27d1b/config.utilities.missing/conftest.o -I/tmp/petsc-oye27d1b/config.compilerFlags -I/tmp/petsc-oye27d1b/config.setCompilers -I/tmp/petsc-oye27d1b/config.compilers -I/tmp/petsc-oye27d1b/config.headers -I/tmp/petsc-oye27d1b/config.utilities.cacheDetails -I/tmp/petsc-oye27d1b/config.libraries -I/tmp/petsc-oye27d1b/config.types -I/tmp/petsc-oye27d1b/config.functions -I/tmp/petsc-oye27d1b/config.utilities.featureTestMacros -I/tmp/petsc-oye27d1b/config.utilities.missing  -fPIC -Wall -Wwrite-strings -Wno-unknown-pragmas -Wno-lto-type-mismatch -Wno-stringop-overflow -fstack-protector -fvisibility=hidden -g -O  /tmp/petsc-oye27d1b/config.utilities.missing/conftest.c 
Successful compile:
Source:
#include "confdefs.h"
#include "conffix.h"
#include <signal.h>

int main() {
int i=SIGQUIT;
(void)i;
  return 0;
}

Executing: /usr/bin/mpicc -c -o /tmp/petsc-oye27d1b/config.utilities.missing/conftest.o -I/tmp/petsc-oye27d1b/config.compilerFlags -I/tmp/petsc-oye27d1b/config.setCompilers -I/tmp/petsc-oye27d1b/config.compilers -I/tmp/petsc-oye27d1b/config.headers -I/tmp/petsc-oye27d1b/config.utilities.cacheDetails -I/tmp/petsc-oye27d1b/config.libraries -I/tmp/petsc-oye27d1b/config.types -I/tmp/petsc-oye27d1b/config.functions -I/tmp/petsc-oye27d1b/config.utilities.featureTestMacros -I/tmp/petsc-oye27d1b/config.utilities.missing  -fPIC -Wall -Wwrite-strings -Wno-unknown-pragmas -Wno-lto-type-mismatch -Wno-stringop-overflow -fstack-protector -fvisibility=hidden -g -O  /tmp/petsc-oye27d1b/config.utilities.missing/conftest.c 
Successful compile:
Source:
#include "confdefs.h"
#include "conffix.h"
#include <signal.h>

int main() {
int i=SIGSEGV;
(void)i;
  return 0;
}

Executing: /usr/bin/mpicc -c -o /tmp/petsc-oye27d1b/config.utilities.missing/conftest.o -I/tmp/petsc-oye27d1b/config.compilerFlags -I/tmp/petsc-oye27d1b/config.setCompilers -I/tmp/petsc-oye27d1b/config.compilers -I/tmp/petsc-oye27d1b/config.headers -I/tmp/petsc-oye27d1b/config.utilities.cacheDetails -I/tmp/petsc-oye27d1b/config.libraries -I/tmp/petsc-oye27d1b/config.types -I/tmp/petsc-oye27d1b/config.functions -I/tmp/petsc-oye27d1b/config.utilities.featureTestMacros -I/tmp/petsc-oye27d1b/config.utilities.missing  -fPIC -Wall -Wwrite-strings -Wno-unknown-pragmas -Wno-lto-type-mismatch -Wno-stringop-overflow -fstack-protector -fvisibility=hidden -g -O  /tmp/petsc-oye27d1b/config.utilities.missing/conftest.c 
Successful compile:
Source:
#include "confdefs.h"
#include "conffix.h"
#include <signal.h>

int main() {
int i=SIGSTOP;
(void)i;
  return 0;
}

Executing: /usr/bin/mpicc -c -o /tmp/petsc-oye27d1b/config.utilities.missing/conftest.o -I/tmp/petsc-oye27d1b/config.compilerFlags -I/tmp/petsc-oye27d1b/config.setCompilers -I/tmp/petsc-oye27d1b/config.compilers -I/tmp/petsc-oye27d1b/config.headers -I/tmp/petsc-oye27d1b/config.utilities.cacheDetails -I/tmp/petsc-oye27d1b/config.libraries -I/tmp/petsc-oye27d1b/config.types -I/tmp/petsc-oye27d1b/config.functions -I/tmp/petsc-oye27d1b/config.utilities.featureTestMacros -I/tmp/petsc-oye27d1b/config.utilities.missing  -fPIC -Wall -Wwrite-strings -Wno-unknown-pragmas -Wno-lto-type-mismatch -Wno-stringop-overflow -fstack-protector -fvisibility=hidden -g -O  /tmp/petsc-oye27d1b/config.utilities.missing/conftest.c 
Successful compile:
Source:
#include "confdefs.h"
#include "conffix.h"
#include <signal.h>

int main() {
int i=SIGSYS;
(void)i;
  return 0;
}

Executing: /usr/bin/mpicc -c -o /tmp/petsc-oye27d1b/config.utilities.missing/conftest.o -I/tmp/petsc-oye27d1b/config.compilerFlags -I/tmp/petsc-oye27d1b/config.setCompilers -I/tmp/petsc-oye27d1b/config.compilers -I/tmp/petsc-oye27d1b/config.headers -I/tmp/petsc-oye27d1b/config.utilities.cacheDetails -I/tmp/petsc-oye27d1b/config.libraries -I/tmp/petsc-oye27d1b/config.types -I/tmp/petsc-oye27d1b/config.functions -I/tmp/petsc-oye27d1b/config.utilities.featureTestMacros -I/tmp/petsc-oye27d1b/config.utilities.missing  -fPIC -Wall -Wwrite-strings -Wno-unknown-pragmas -Wno-lto-type-mismatch -Wno-stringop-overflow -fstack-protector -fvisibility=hidden -g -O  /tmp/petsc-oye27d1b/config.utilities.missing/conftest.c 
Successful compile:
Source:
#include "confdefs.h"
#include "conffix.h"
#include <signal.h>

int main() {
int i=SIGTERM;
(void)i;
  return 0;
}

Executing: /usr/bin/mpicc -c -o /tmp/petsc-oye27d1b/config.utilities.missing/conftest.o -I/tmp/petsc-oye27d1b/config.compilerFlags -I/tmp/petsc-oye27d1b/config.setCompilers -I/tmp/petsc-oye27d1b/config.compilers -I/tmp/petsc-oye27d1b/config.headers -I/tmp/petsc-oye27d1b/config.utilities.cacheDetails -I/tmp/petsc-oye27d1b/config.libraries -I/tmp/petsc-oye27d1b/config.types -I/tmp/petsc-oye27d1b/config.functions -I/tmp/petsc-oye27d1b/config.utilities.featureTestMacros -I/tmp/petsc-oye27d1b/config.utilities.missing  -fPIC -Wall -Wwrite-strings -Wno-unknown-pragmas -Wno-lto-type-mismatch -Wno-stringop-overflow -fstack-protector -fvisibility=hidden -g -O  /tmp/petsc-oye27d1b/config.utilities.missing/conftest.c 
Successful compile:
Source:
#include "confdefs.h"
#include "conffix.h"
#include <signal.h>

int main() {
int i=SIGTRAP;
(void)i;
  return 0;
}

Executing: /usr/bin/mpicc -c -o /tmp/petsc-oye27d1b/config.utilities.missing/conftest.o -I/tmp/petsc-oye27d1b/config.compilerFlags -I/tmp/petsc-oye27d1b/config.setCompilers -I/tmp/petsc-oye27d1b/config.compilers -I/tmp/petsc-oye27d1b/config.headers -I/tmp/petsc-oye27d1b/config.utilities.cacheDetails -I/tmp/petsc-oye27d1b/config.libraries -I/tmp/petsc-oye27d1b/config.types -I/tmp/petsc-oye27d1b/config.functions -I/tmp/petsc-oye27d1b/config.utilities.featureTestMacros -I/tmp/petsc-oye27d1b/config.utilities.missing  -fPIC -Wall -Wwrite-strings -Wno-unknown-pragmas -Wno-lto-type-mismatch -Wno-stringop-overflow -fstack-protector -fvisibility=hidden -g -O  /tmp/petsc-oye27d1b/config.utilities.missing/conftest.c 
Successful compile:
Source:
#include "confdefs.h"
#include "conffix.h"
#include <signal.h>

int main() {
int i=SIGTSTP;
(void)i;
  return 0;
}

Executing: /usr/bin/mpicc -c -o /tmp/petsc-oye27d1b/config.utilities.missing/conftest.o -I/tmp/petsc-oye27d1b/config.compilerFlags -I/tmp/petsc-oye27d1b/config.setCompilers -I/tmp/petsc-oye27d1b/config.compilers -I/tmp/petsc-oye27d1b/config.headers -I/tmp/petsc-oye27d1b/config.utilities.cacheDetails -I/tmp/petsc-oye27d1b/config.libraries -I/tmp/petsc-oye27d1b/config.types -I/tmp/petsc-oye27d1b/config.functions -I/tmp/petsc-oye27d1b/config.utilities.featureTestMacros -I/tmp/petsc-oye27d1b/config.utilities.missing  -fPIC -Wall -Wwrite-strings -Wno-unknown-pragmas -Wno-lto-type-mismatch -Wno-stringop-overflow -fstack-protector -fvisibility=hidden -g -O  /tmp/petsc-oye27d1b/config.utilities.missing/conftest.c 
Successful compile:
Source:
#include "confdefs.h"
#include "conffix.h"
#include <signal.h>

int main() {
int i=SIGURG;
(void)i;
  return 0;
}

Executing: /usr/bin/mpicc -c -o /tmp/petsc-oye27d1b/config.utilities.missing/conftest.o -I/tmp/petsc-oye27d1b/config.compilerFlags -I/tmp/petsc-oye27d1b/config.setCompilers -I/tmp/petsc-oye27d1b/config.compilers -I/tmp/petsc-oye27d1b/config.headers -I/tmp/petsc-oye27d1b/config.utilities.cacheDetails -I/tmp/petsc-oye27d1b/config.libraries -I/tmp/petsc-oye27d1b/config.types -I/tmp/petsc-oye27d1b/config.functions -I/tmp/petsc-oye27d1b/config.utilities.featureTestMacros -I/tmp/petsc-oye27d1b/config.utilities.missing  -fPIC -Wall -Wwrite-strings -Wno-unknown-pragmas -Wno-lto-type-mismatch -Wno-stringop-overflow -fstack-protector -fvisibility=hidden -g -O  /tmp/petsc-oye27d1b/config.utilities.missing/conftest.c 
Successful compile:
Source:
#include "confdefs.h"
#include "conffix.h"
#include <signal.h>

int main() {
int i=SIGUSR1;
(void)i;
  return 0;
}

Executing: /usr/bin/mpicc -c -o /tmp/petsc-oye27d1b/config.utilities.missing/conftest.o -I/tmp/petsc-oye27d1b/config.compilerFlags -I/tmp/petsc-oye27d1b/config.setCompilers -I/tmp/petsc-oye27d1b/config.compilers -I/tmp/petsc-oye27d1b/config.headers -I/tmp/petsc-oye27d1b/config.utilities.cacheDetails -I/tmp/petsc-oye27d1b/config.libraries -I/tmp/petsc-oye27d1b/config.types -I/tmp/petsc-oye27d1b/config.functions -I/tmp/petsc-oye27d1b/config.utilities.featureTestMacros -I/tmp/petsc-oye27d1b/config.utilities.missing  -fPIC -Wall -Wwrite-strings -Wno-unknown-pragmas -Wno-lto-type-mismatch -Wno-stringop-overflow -fstack-protector -fvisibility=hidden -g -O  /tmp/petsc-oye27d1b/config.utilities.missing/conftest.c 
Successful compile:
Source:
#include "confdefs.h"
#include "conffix.h"
#include <signal.h>

int main() {
int i=SIGUSR2;
(void)i;
  return 0;
}

=============================================================================================
TESTING: configureMissingGetdomainnamePrototype from config.utilities.missing(/home/lzy/projects/formal_3D_flow_solver/FEM_SimVascular/external/dependencies/sv1_1/petsc-3.19.6/config/BuildSystem/config/utilities/missing.py:97)
  Check for missing function prototype for getdomainname()
Executing: /usr/bin/mpicc -c -o /tmp/petsc-oye27d1b/config.utilities.missing/conftest.o -I/tmp/petsc-oye27d1b/config.compilerFlags -I/tmp/petsc-oye27d1b/config.setCompilers -I/tmp/petsc-oye27d1b/config.compilers -I/tmp/petsc-oye27d1b/config.headers -I/tmp/petsc-oye27d1b/config.utilities.cacheDetails -I/tmp/petsc-oye27d1b/config.libraries -I/tmp/petsc-oye27d1b/config.types -I/tmp/petsc-oye27d1b/config.functions -I/tmp/petsc-oye27d1b/config.utilities.featureTestMacros -I/tmp/petsc-oye27d1b/config.utilities.missing  -fPIC -Wall -Wwrite-strings -Wno-unknown-pragmas -Wno-lto-type-mismatch -Wno-stringop-overflow -fstack-protector -fvisibility=hidden -g -O  /tmp/petsc-oye27d1b/config.utilities.missing/conftest.c 
Successful compile:
Source:
#include "confdefs.h"
#include "conffix.h"

#if !defined(_BSD_SOURCE)
#define _BSD_SOURCE
#endif

#if !defined(_DEFAULT_SOURCE)
#define _DEFAULT_SOURCE
#endif

#if !defined(_GNU_SOURCE)
#define _GNU_SOURCE
#endif

#ifdef PETSC_HAVE_UNISTD_H
#include <unistd.h>
#endif
#ifdef PETSC_HAVE_NETDB_H
#include <netdb.h>
#endif

int main() {

int (*getdomainname_ptr)(char*,size_t) = getdomainname;
char test[10];
if (getdomainname_ptr(test,10)) return 1;
;
  return 0;
}

Executing: /usr/bin/mpicxx -c -o /tmp/petsc-oye27d1b/config.utilities.missing/conftest.o -I/tmp/petsc-oye27d1b/config.compilerFlags -I/tmp/petsc-oye27d1b/config.setCompilers -I/tmp/petsc-oye27d1b/config.compilers -I/tmp/petsc-oye27d1b/config.types -I/tmp/petsc-oye27d1b/config.functions -I/tmp/petsc-oye27d1b/config.utilities.missing  -Wall -Wwrite-strings -Wno-strict-aliasing -Wno-unknown-pragmas -Wno-lto-type-mismatch -Wno-psabi -fstack-protector -fvisibility=hidden -g -O  -std=gnu++20 -fPIC  /tmp/petsc-oye27d1b/config.utilities.missing/conftest.cc 
Successful compile:
Source:
#include "confdefs.h"
#include "conffix.h"

#if !defined(_BSD_SOURCE)
#define _BSD_SOURCE
#endif

#if !defined(_DEFAULT_SOURCE)
#define _DEFAULT_SOURCE
#endif

#if !defined(_GNU_SOURCE)
#define _GNU_SOURCE
#endif

#ifdef PETSC_HAVE_UNISTD_H
#include <unistd.h>
#endif
#ifdef PETSC_HAVE_NETDB_H
#include <netdb.h>
#endif

int main() {

int (*getdomainname_ptr)(char*,size_t) = getdomainname;
char test[10];
if (getdomainname_ptr(test,10)) return 1;
;
  return 0;
}

Executing: /usr/bin/mpicxx  -o /tmp/petsc-oye27d1b/config.utilities.missing/conftest    -Wall -Wwrite-strings -Wno-strict-aliasing -Wno-unknown-pragmas -Wno-lto-type-mismatch -Wno-psabi -fstack-protector -fvisibility=hidden -g -O /tmp/petsc-oye27d1b/config.utilities.missing/conftest.o 
=============================================================================================
TESTING: configureMissingSrandPrototype from config.utilities.missing(/home/lzy/projects/formal_3D_flow_solver/FEM_SimVascular/external/dependencies/sv1_1/petsc-3.19.6/config/BuildSystem/config/utilities/missing.py:123)
  Checks for missing random number generator prototypes
Executing: /usr/bin/mpicc -c -o /tmp/petsc-oye27d1b/config.utilities.missing/conftest.o -I/tmp/petsc-oye27d1b/config.compilerFlags -I/tmp/petsc-oye27d1b/config.setCompilers -I/tmp/petsc-oye27d1b/config.compilers -I/tmp/petsc-oye27d1b/config.headers -I/tmp/petsc-oye27d1b/config.utilities.cacheDetails -I/tmp/petsc-oye27d1b/config.libraries -I/tmp/petsc-oye27d1b/config.types -I/tmp/petsc-oye27d1b/config.functions -I/tmp/petsc-oye27d1b/config.utilities.featureTestMacros -I/tmp/petsc-oye27d1b/config.utilities.missing  -fPIC -Wall -Wwrite-strings -Wno-unknown-pragmas -Wno-lto-type-mismatch -Wno-stringop-overflow -fstack-protector -fvisibility=hidden -g -O  /tmp/petsc-oye27d1b/config.utilities.missing/conftest.c 
Successful compile:
Source:
#include "confdefs.h"
#include "conffix.h"

#if !defined(_BSD_SOURCE)
#define _BSD_SOURCE
#endif

#if !defined(_DEFAULT_SOURCE)
#define _DEFAULT_SOURCE
#endif

#if !defined(_GNU_SOURCE)
#define _GNU_SOURCE
#endif

#include <stdlib.h>

int main() {

double (*drand48_ptr)(void) = drand48;
void (*srand48_ptr)(long int) = srand48;
long int seed=10;
srand48_ptr(seed);
if (drand48_ptr() > 0.5) return 1;
;
  return 0;
}

Executing: /usr/bin/mpicxx -c -o /tmp/petsc-oye27d1b/config.utilities.missing/conftest.o -I/tmp/petsc-oye27d1b/config.compilerFlags -I/tmp/petsc-oye27d1b/config.setCompilers -I/tmp/petsc-oye27d1b/config.compilers -I/tmp/petsc-oye27d1b/config.types -I/tmp/petsc-oye27d1b/config.functions -I/tmp/petsc-oye27d1b/config.utilities.missing  -Wall -Wwrite-strings -Wno-strict-aliasing -Wno-unknown-pragmas -Wno-lto-type-mismatch -Wno-psabi -fstack-protector -fvisibility=hidden -g -O  -std=gnu++20 -fPIC  /tmp/petsc-oye27d1b/config.utilities.missing/conftest.cc 
Successful compile:
Source:
#include "confdefs.h"
#include "conffix.h"

#if !defined(_BSD_SOURCE)
#define _BSD_SOURCE
#endif

#if !defined(_DEFAULT_SOURCE)
#define _DEFAULT_SOURCE
#endif

#if !defined(_GNU_SOURCE)
#define _GNU_SOURCE
#endif

#include <stdlib.h>

int main() {

double (*drand48_ptr)(void) = drand48;
void (*srand48_ptr)(long int) = srand48;
long int seed=10;
srand48_ptr(seed);
if (drand48_ptr() > 0.5) return 1;
;
  return 0;
}

Executing: /usr/bin/mpicxx  -o /tmp/petsc-oye27d1b/config.utilities.missing/conftest    -Wall -Wwrite-strings -Wno-strict-aliasing -Wno-unknown-pragmas -Wno-lto-type-mismatch -Wno-psabi -fstack-protector -fvisibility=hidden -g -O /tmp/petsc-oye27d1b/config.utilities.missing/conftest.o 
    child config.utilities.missing took 0.517121 seconds
=============================================================================================
TESTING: checkSharedDynamicPicOptions from PETSc.options.sharedLibraries(/home/lzy/projects/formal_3D_flow_solver/FEM_SimVascular/external/dependencies/sv1_1/petsc-3.19.6/config/PETSc/options/sharedLibraries.py:33)
  if user specified out-dated 'with-shared' or 'with-dynamic' - flag an error
=============================================================================================
TESTING: configureSharedLibraries from PETSc.options.sharedLibraries(/home/lzy/projects/formal_3D_flow_solver/FEM_SimVascular/external/dependencies/sv1_1/petsc-3.19.6/config/PETSc/options/sharedLibraries.py:48)
  Checks whether shared libraries should be used, for which you must
      - Specify --with-shared-libraries
      - Have found a working shared linker
    Defines PETSC_USE_SHARED_LIBRARIES if they are used
            Defined make rule "shared_arch" with dependencies "shared_linux" and code []
            Defined make macro "SONAME_FUNCTION" to "$(1).$(SL_LINKER_SUFFIX).$(2)"
            Defined make macro "SL_LINKER_FUNCTION" to " -shared  -fPIC -Wall -Wwrite-strings -Wno-unknown-pragmas -Wno-lto-type-mismatch -Wno-stringop-overflow -fstack-protector -fvisibility=hidden -g -O -Wl,-soname,$(call SONAME_FUNCTION,$(notdir $(1)),$(2))"
Executing: /usr/bin/mpicc -v
            Defined make macro "BUILDSHAREDLIB" to "yes"
            Defined "USE_SHARED_LIBRARIES" to "1"
=============================================================================================
TESTING: configureDynamicLibraries from PETSc.options.sharedLibraries(/home/lzy/projects/formal_3D_flow_solver/FEM_SimVascular/external/dependencies/sv1_1/petsc-3.19.6/config/PETSc/options/sharedLibraries.py:92)
  Checks whether dynamic loading is available (with dlfcn.h and libdl)
            Defined "HAVE_DYNAMIC_LIBRARIES" to "1"
=============================================================================================
TESTING: configureSerializedFunctions from PETSc.options.sharedLibraries(/home/lzy/projects/formal_3D_flow_solver/FEM_SimVascular/external/dependencies/sv1_1/petsc-3.19.6/config/PETSc/options/sharedLibraries.py:98)
  
    Defines PETSC_SERIALIZE_FUNCTIONS if they are used
    Requires shared libraries
=============================================================================================
TESTING: checkSymbolResolution from PETSc.options.sharedLibraries(/home/lzy/projects/formal_3D_flow_solver/FEM_SimVascular/external/dependencies/sv1_1/petsc-3.19.6/config/PETSc/options/sharedLibraries.py:107)
  Checks that dladdr() works
Executing: /usr/bin/mpicc -c -o /tmp/petsc-oye27d1b/PETSc.options.sharedLibraries/conftest.o -I/tmp/petsc-oye27d1b/config.compilerFlags -I/tmp/petsc-oye27d1b/config.setCompilers -I/tmp/petsc-oye27d1b/config.compilers -I/tmp/petsc-oye27d1b/config.headers -I/tmp/petsc-oye27d1b/config.utilities.cacheDetails -I/tmp/petsc-oye27d1b/config.libraries -I/tmp/petsc-oye27d1b/config.types -I/tmp/petsc-oye27d1b/config.functions -I/tmp/petsc-oye27d1b/config.utilities.featureTestMacros -I/tmp/petsc-oye27d1b/config.utilities.missing -I/tmp/petsc-oye27d1b/PETSc.options.sharedLibraries  -fPIC -Wall -Wwrite-strings -Wno-unknown-pragmas -Wno-lto-type-mismatch -Wno-stringop-overflow -fstack-protector -fvisibility=hidden -g -O  /tmp/petsc-oye27d1b/PETSc.options.sharedLibraries/conftest.c 
Successful compile:
Source:
#include "confdefs.h"
#include "conffix.h"
#define _GNU_SOURCE
#include<stdlib.h>
#include <dlfcn.h>

int main() {
Dl_info info;
if (dladdr(*(void **)&exit, &info) == 0) return 1;
;
  return 0;
}

            Defined "HAVE_DLADDR" to "1"
Checking for header: cxxabi.h
Preprocessing source:
#include "confdefs.h"
#include "conffix.h"
#include <cxxabi.h>

Executing: /usr/bin/mpicc -E  -I/tmp/petsc-oye27d1b/config.setCompilers -I/tmp/petsc-oye27d1b/config.types -I/tmp/petsc-oye27d1b/config.headers  /tmp/petsc-oye27d1b/config.headers/conftest.c 
Possible ERROR while running preprocessor: exit code 1
stdout:
# 0 "/tmp/petsc-oye27d1b/config.headers/conftest.c"
# 0 "<built-in>"
# 0 "<command-line>"
# 1 "/usr/include/stdc-predef.h" 1 3 4
# 0 "<command-line>" 2
# 1 "/tmp/petsc-oye27d1b/config.headers/conftest.c"
# 1 "/tmp/petsc-oye27d1b/config.headers/confdefs.h" 1
# 2 "/tmp/petsc-oye27d1b/config.headers/conftest.c" 2
# 1 "/tmp/petsc-oye27d1b/config.headers/conffix.h" 1
# 3 "/tmp/petsc-oye27d1b/config.headers/conftest.c" 2
stderr:
/tmp/petsc-oye27d1b/config.headers/conftest.c:3:10: fatal error: cxxabi.h: No such file or directory
    3 | #include <cxxabi.h>
      |          ^~~~~~~~~~
compilation terminated.
Source:
#include "confdefs.h"
#include "conffix.h"
#include <cxxabi.h>

Preprocess output before filtering:
/tmp/petsc-oye27d1b/config.headers/conftest.c:3:10: fatal error: cxxabi.h: No such file or directory
    3 | #include <cxxabi.h>
      |          ^~~~~~~~~~
compilation terminated.
Preprocess output after filtering:
/tmp/petsc-oye27d1b/config.headers/conftest.c:3:10: fatal error: cxxabi.h: No such file or directory
    3 | #include <cxxabi.h>
      |          ^~~~~~~~~~
compilation terminated.
    child PETSc.options.sharedLibraries took 0.035114 seconds
=============================================================================================
TESTING: configureScalarType from PETSc.options.scalarTypes(/home/lzy/projects/formal_3D_flow_solver/FEM_SimVascular/external/dependencies/sv1_1/petsc-3.19.6/config/PETSc/options/scalarTypes.py:42)
  Choose between real and complex numbers
          Scalar type is real
Executing: /usr/bin/mpicc -c -o /tmp/petsc-oye27d1b/PETSc.options.scalarTypes/conftest.o -I/tmp/petsc-oye27d1b/config.compilerFlags -I/tmp/petsc-oye27d1b/config.setCompilers -I/tmp/petsc-oye27d1b/config.compilers -I/tmp/petsc-oye27d1b/config.headers -I/tmp/petsc-oye27d1b/config.utilities.cacheDetails -I/tmp/petsc-oye27d1b/config.libraries -I/tmp/petsc-oye27d1b/config.types -I/tmp/petsc-oye27d1b/config.functions -I/tmp/petsc-oye27d1b/config.utilities.featureTestMacros -I/tmp/petsc-oye27d1b/config.utilities.missing -I/tmp/petsc-oye27d1b/PETSc.options.sharedLibraries -I/tmp/petsc-oye27d1b/PETSc.options.scalarTypes  -fPIC -Wall -Wwrite-strings -Wno-unknown-pragmas -Wno-lto-type-mismatch -Wno-stringop-overflow -fstack-protector -fvisibility=hidden -g -O  /tmp/petsc-oye27d1b/PETSc.options.scalarTypes/conftest.c 
Successful compile:
Source:
#include "confdefs.h"
#include "conffix.h"
#include <math.h>

int main() {
double b = 2.0; int a = isnormal(b);(void)a;
  return 0;
}

Executing: /usr/bin/mpicc  -o /tmp/petsc-oye27d1b/PETSc.options.scalarTypes/conftest    -fPIC -Wall -Wwrite-strings -Wno-unknown-pragmas -Wno-lto-type-mismatch -Wno-stringop-overflow -fstack-protector -fvisibility=hidden -g -O /tmp/petsc-oye27d1b/PETSc.options.scalarTypes/conftest.o 
            Defined "HAVE_ISNORMAL" to "1"
Executing: /usr/bin/mpicc -c -o /tmp/petsc-oye27d1b/PETSc.options.scalarTypes/conftest.o -I/tmp/petsc-oye27d1b/config.compilerFlags -I/tmp/petsc-oye27d1b/config.setCompilers -I/tmp/petsc-oye27d1b/config.compilers -I/tmp/petsc-oye27d1b/config.headers -I/tmp/petsc-oye27d1b/config.utilities.cacheDetails -I/tmp/petsc-oye27d1b/config.libraries -I/tmp/petsc-oye27d1b/config.types -I/tmp/petsc-oye27d1b/config.functions -I/tmp/petsc-oye27d1b/config.utilities.featureTestMacros -I/tmp/petsc-oye27d1b/config.utilities.missing -I/tmp/petsc-oye27d1b/PETSc.options.sharedLibraries -I/tmp/petsc-oye27d1b/PETSc.options.scalarTypes  -fPIC -Wall -Wwrite-strings -Wno-unknown-pragmas -Wno-lto-type-mismatch -Wno-stringop-overflow -fstack-protector -fvisibility=hidden -g -O  /tmp/petsc-oye27d1b/PETSc.options.scalarTypes/conftest.c 
Successful compile:
Source:
#include "confdefs.h"
#include "conffix.h"
#include <math.h>

int main() {
double b = 2.0; int a = isnan(b);(void)a;
  return 0;
}

Executing: /usr/bin/mpicc  -o /tmp/petsc-oye27d1b/PETSc.options.scalarTypes/conftest    -fPIC -Wall -Wwrite-strings -Wno-unknown-pragmas -Wno-lto-type-mismatch -Wno-stringop-overflow -fstack-protector -fvisibility=hidden -g -O /tmp/petsc-oye27d1b/PETSc.options.scalarTypes/conftest.o 
            Defined "HAVE_ISNAN" to "1"
Executing: /usr/bin/mpicc -c -o /tmp/petsc-oye27d1b/PETSc.options.scalarTypes/conftest.o -I/tmp/petsc-oye27d1b/config.compilerFlags -I/tmp/petsc-oye27d1b/config.setCompilers -I/tmp/petsc-oye27d1b/config.compilers -I/tmp/petsc-oye27d1b/config.headers -I/tmp/petsc-oye27d1b/config.utilities.cacheDetails -I/tmp/petsc-oye27d1b/config.libraries -I/tmp/petsc-oye27d1b/config.types -I/tmp/petsc-oye27d1b/config.functions -I/tmp/petsc-oye27d1b/config.utilities.featureTestMacros -I/tmp/petsc-oye27d1b/config.utilities.missing -I/tmp/petsc-oye27d1b/PETSc.options.sharedLibraries -I/tmp/petsc-oye27d1b/PETSc.options.scalarTypes  -fPIC -Wall -Wwrite-strings -Wno-unknown-pragmas -Wno-lto-type-mismatch -Wno-stringop-overflow -fstack-protector -fvisibility=hidden -g -O  /tmp/petsc-oye27d1b/PETSc.options.scalarTypes/conftest.c 
Successful compile:
Source:
#include "confdefs.h"
#include "conffix.h"
#include <math.h>

int main() {
double b = 2.0; int a = isinf(b);(void)a;
  return 0;
}

Executing: /usr/bin/mpicc  -o /tmp/petsc-oye27d1b/PETSc.options.scalarTypes/conftest    -fPIC -Wall -Wwrite-strings -Wno-unknown-pragmas -Wno-lto-type-mismatch -Wno-stringop-overflow -fstack-protector -fvisibility=hidden -g -O /tmp/petsc-oye27d1b/PETSc.options.scalarTypes/conftest.o 
            Defined "HAVE_ISINF" to "1"
=============================================================================================
TESTING: configurePrecision from PETSc.options.scalarTypes(/home/lzy/projects/formal_3D_flow_solver/FEM_SimVascular/external/dependencies/sv1_1/petsc-3.19.6/config/PETSc/options/scalarTypes.py:83)
  Set the default real number precision for PETSc objects
Checking C compiler works with __float128
            Checking for functions [logq] in library ['quadmath'] []
Executing: /usr/bin/mpicc -c -o /tmp/petsc-oye27d1b/config.libraries/conftest.o -I/tmp/petsc-oye27d1b/config.compilerFlags -I/tmp/petsc-oye27d1b/config.setCompilers -I/tmp/petsc-oye27d1b/config.compilers -I/tmp/petsc-oye27d1b/config.headers -I/tmp/petsc-oye27d1b/config.utilities.cacheDetails -I/tmp/petsc-oye27d1b/config.types -I/tmp/petsc-oye27d1b/config.functions -I/tmp/petsc-oye27d1b/config.utilities.featureTestMacros -I/tmp/petsc-oye27d1b/config.utilities.missing -I/tmp/petsc-oye27d1b/PETSc.options.sharedLibraries -I/tmp/petsc-oye27d1b/config.libraries -I/tmp/petsc-oye27d1b/PETSc.options.scalarTypes  -fPIC -Wall -Wwrite-strings -Wno-unknown-pragmas -Wno-lto-type-mismatch -Wno-stringop-overflow -fstack-protector -fvisibility=hidden -g -O  /tmp/petsc-oye27d1b/config.libraries/conftest.c 
Successful compile:
Source:
#include "confdefs.h"
#include "conffix.h"
/* Override any gcc2 internal prototype to avoid an error. */
#include <quadmath.h>
static void _check_logq() { __float128 f = 0.0; logq(f); }

int main() {
_check_logq();;
  return 0;
}

Executing: /usr/bin/mpicc  -o /tmp/petsc-oye27d1b/config.libraries/conftest    -fPIC -Wall -Wwrite-strings -Wno-unknown-pragmas -Wno-lto-type-mismatch -Wno-stringop-overflow -fstack-protector -fvisibility=hidden -g -O /tmp/petsc-oye27d1b/config.libraries/conftest.o  -lquadmath 
C compiler works with quadmath library
Executing: /usr/bin/mpicxx --help | head -n 20 
stdout:
Usage: g++ [options] file...
Options:
  -pass-exit-codes         Exit with highest error code from a phase.
  --help                   Display this information.
  --target-help            Display target specific command line options (including assembler and linker options).
  --help={common|optimizers|params|target|warnings|[^]{joined|separate|undocumented}}[,...].
                           Display specific types of command line options.
  (Use '-v --help' to display command line options of sub-processes).
  --version                Display compiler version information.
  -dumpspecs               Display all of the built in spec strings.
  -dumpversion             Display the version of the compiler.
  -dumpmachine             Display the compiler's target processor.
  -foffload=<targets>      Specify offloading targets.
  -print-search-dirs       Display the directories in the compiler's search path.
  -print-libgcc-file-name  Display the name of the compiler's companion library.
  -print-file-name=<lib>   Display the full path to library <lib>.
  -print-prog-name=<prog>  Display the full path to compiler component <prog>.
  -print-multiarch         Display the target's normalized GNU triplet, used as
                           a component in the library path.
  -print-multi-directory   Display the root directory for versions of libgcc.
Detected GNU compiler
Checking C++ compiler works with quadmath library
            Checking for functions [logq] in library ['quadmath'] []
Executing: /usr/bin/mpicxx -c -o /tmp/petsc-oye27d1b/config.libraries/conftest.o -I/tmp/petsc-oye27d1b/config.compilerFlags -I/tmp/petsc-oye27d1b/config.setCompilers -I/tmp/petsc-oye27d1b/config.compilers -I/tmp/petsc-oye27d1b/config.types -I/tmp/petsc-oye27d1b/config.functions -I/tmp/petsc-oye27d1b/config.utilities.missing -I/tmp/petsc-oye27d1b/config.libraries  -Wall -Wwrite-strings -Wno-strict-aliasing -Wno-unknown-pragmas -Wno-lto-type-mismatch -Wno-psabi -fstack-protector -fvisibility=hidden -g -O  -std=gnu++20 -fPIC  -Wno-error /tmp/petsc-oye27d1b/config.libraries/conftest.cc 
Successful compile:
Source:
#include "confdefs.h"
#include "conffix.h"
/* Override any gcc2 internal prototype to avoid an error. */

#ifdef __cplusplus
extern "C" {
#endif
#include <quadmath.h>
static void _check_logq() { __float128 f = FLT128_EPSILON; logq(f); }
#ifdef __cplusplus
}
#endif

int main() {
_check_logq();;
  return 0;
}

Executing: /usr/bin/mpicxx  -o /tmp/petsc-oye27d1b/config.libraries/conftest    -Wall -Wwrite-strings -Wno-strict-aliasing -Wno-unknown-pragmas -Wno-lto-type-mismatch -Wno-psabi -fstack-protector -fvisibility=hidden -g -O /tmp/petsc-oye27d1b/config.libraries/conftest.o  -lquadmath 
C++ compiler works with quadmath library
              Checking for functions [logq] in library ['quadmath'] []
Executing: /usr/bin/mpicc -c -o /tmp/petsc-oye27d1b/config.libraries/conftest.o -I/tmp/petsc-oye27d1b/config.compilerFlags -I/tmp/petsc-oye27d1b/config.setCompilers -I/tmp/petsc-oye27d1b/config.compilers -I/tmp/petsc-oye27d1b/config.headers -I/tmp/petsc-oye27d1b/config.utilities.cacheDetails -I/tmp/petsc-oye27d1b/config.types -I/tmp/petsc-oye27d1b/config.functions -I/tmp/petsc-oye27d1b/config.utilities.featureTestMacros -I/tmp/petsc-oye27d1b/config.utilities.missing -I/tmp/petsc-oye27d1b/PETSc.options.sharedLibraries -I/tmp/petsc-oye27d1b/config.libraries -I/tmp/petsc-oye27d1b/PETSc.options.scalarTypes  -fPIC -Wall -Wwrite-strings -Wno-unknown-pragmas -Wno-lto-type-mismatch -Wno-stringop-overflow -fstack-protector -fvisibility=hidden -g -O  /tmp/petsc-oye27d1b/config.libraries/conftest.c 
Successful compile:
Source:
#include "confdefs.h"
#include "conffix.h"
/* Override any gcc2 internal prototype to avoid an error. */
#include <quadmath.h>
static void _check_logq() { __float128 f = 0.0; logq(f); }

int main() {
_check_logq();;
  return 0;
}

Executing: /usr/bin/mpicc  -o /tmp/petsc-oye27d1b/config.libraries/conftest    -fPIC -Wall -Wwrite-strings -Wno-unknown-pragmas -Wno-lto-type-mismatch -Wno-stringop-overflow -fstack-protector -fvisibility=hidden -g -O /tmp/petsc-oye27d1b/config.libraries/conftest.o  -lquadmath 
            Adding ['quadmath'] to LIBS
            Defined "HAVE_REAL___FLOAT128" to "1"
Checking C compiler works with __fp16
            Checking for functions [] in library [''] []
Executing: /usr/bin/mpicc -c -o /tmp/petsc-oye27d1b/config.libraries/conftest.o -I/tmp/petsc-oye27d1b/config.compilerFlags -I/tmp/petsc-oye27d1b/config.setCompilers -I/tmp/petsc-oye27d1b/config.compilers -I/tmp/petsc-oye27d1b/config.headers -I/tmp/petsc-oye27d1b/config.utilities.cacheDetails -I/tmp/petsc-oye27d1b/config.types -I/tmp/petsc-oye27d1b/config.functions -I/tmp/petsc-oye27d1b/config.utilities.featureTestMacros -I/tmp/petsc-oye27d1b/config.utilities.missing -I/tmp/petsc-oye27d1b/PETSc.options.sharedLibraries -I/tmp/petsc-oye27d1b/config.libraries -I/tmp/petsc-oye27d1b/PETSc.options.scalarTypes  -fPIC -Wall -Wwrite-strings -Wno-unknown-pragmas -Wno-lto-type-mismatch -Wno-stringop-overflow -fstack-protector -fvisibility=hidden -g -O  /tmp/petsc-oye27d1b/config.libraries/conftest.c 
Possible ERROR while running compiler: exit code 1
stderr:
/tmp/petsc-oye27d1b/config.libraries/conftest.c:4:8: error: unknown type name ‘__fp16’
    4 | static __fp16 ret___fp16(__fp16 f) { return f; }
      |        ^~~~~~
/tmp/petsc-oye27d1b/config.libraries/conftest.c:4:26: error: unknown type name ‘__fp16’; did you mean ‘__bf16’?
    4 | static __fp16 ret___fp16(__fp16 f) { return f; }
      |                          ^~~~~~
      |                          __bf16
/tmp/petsc-oye27d1b/config.libraries/conftest.c: In function ‘_check_’:
/tmp/petsc-oye27d1b/config.libraries/conftest.c:5:25: error: unknown type name ‘__fp16’; did you mean ‘__bf16’?
    5 | static void _check_() { __fp16 f = 1.0, g; g = ret___fp16(f); (void)g; }
      |                         ^~~~~~
      |                         __bf16
/tmp/petsc-oye27d1b/config.libraries/conftest.c:5:48: warning: implicit declaration of function ‘ret___fp16’ [-Wimplicit-function-declaration]
    5 | static void _check_() { __fp16 f = 1.0, g; g = ret___fp16(f); (void)g; }
      |                                                ^~~~~~~~~~
Source:
#include "confdefs.h"
#include "conffix.h"
/* Override any gcc2 internal prototype to avoid an error. */
static __fp16 ret___fp16(__fp16 f) { return f; }
static void _check_() { __fp16 f = 1.0, g; g = ret___fp16(f); (void)g; }

int main() {
_check_();;
  return 0;
}

                Compile failed inside link

            Defined "USE_REAL_DOUBLE" to "1"
            Defined make macro "PETSC_SCALAR_SIZE" to "64"
          Precision is double
    child PETSc.options.scalarTypes took 0.237417 seconds
=============================================================================================
TESTING: configureMkdir from config.programs(/home/lzy/projects/formal_3D_flow_solver/FEM_SimVascular/external/dependencies/sv1_1/petsc-3.19.6/config/BuildSystem/config/programs.py:23)
  Make sure we can have mkdir automatically make intermediate directories
    Checking for program /usr/bin/mkdir...found
Executing: /usr/bin/mkdir -p .conftest/tmp
          Adding -p flag to /usr/bin/mkdir -p to automatically create directories
            Defined make macro "MKDIR" to "/usr/bin/mkdir -p"
=============================================================================================
TESTING: configureAutoreconf from config.programs(/home/lzy/projects/formal_3D_flow_solver/FEM_SimVascular/external/dependencies/sv1_1/petsc-3.19.6/config/BuildSystem/config/programs.py:45)
  Check for autoreconf
    Checking for program /usr/bin/autoreconf...found
Executing: ['/usr/bin/autoreconf']
          autoreconf test successful!
    Checking for program /usr/bin/libtoolize...found
=============================================================================================
TESTING: configurePrograms from config.programs(/home/lzy/projects/formal_3D_flow_solver/FEM_SimVascular/external/dependencies/sv1_1/petsc-3.19.6/config/BuildSystem/config/programs.py:74)
  Check for the programs needed to build and run PETSc
    Checking for program /usr/bin/bash...found
              Defined make macro "SHELL" to "/usr/bin/bash"
    Checking for program /usr/bin/sed...found
              Defined make macro "SED" to "/usr/bin/sed"
Executing: /usr/bin/sed -i s/sed/sd/g "/tmp/petsc-oye27d1b/config.programs/sed1"
          Adding SEDINPLACE cmd: /usr/bin/sed -i
            Defined make macro "SEDINPLACE" to "/usr/bin/sed -i"
    Checking for program /usr/bin/mv...found
              Defined make macro "MV" to "/usr/bin/mv"
    Checking for program /usr/bin/cp...found
              Defined make macro "CP" to "/usr/bin/cp"
    Checking for program /usr/bin/grep...found
              Defined make macro "GREP" to "/usr/bin/grep"
    Checking for program /usr/bin/rm...found
              Defined make macro "RM" to "/usr/bin/rm -f"
    Checking for program /usr/bin/diff...found
Executing: "/usr/bin/diff" -w "/tmp/petsc-oye27d1b/config.programs/diff1" "/tmp/petsc-oye27d1b/config.programs/diff2"
            Defined make macro "DIFF" to "/usr/bin/diff -w"
    Checking for program /usr/ucb/ps...not found
    Checking for program /usr/usb/ps...not found
    Checking for program /home/lzy/projects/formal_3D_flow_solver/FEM_SimVascular/external/dependencies/sv1_1/petsc-3.19.6/lib/petsc/bin/win32fe/ps...not found
  Unable to find programs: ['ps'] in listing of the specific search path: ['/usr/ucb', '/usr/usb']
      Warning accessing /usr/ucb gives errors: [Errno 2] No such file or directory: '/usr/ucb'
      Warning accessing /usr/usb gives errors: [Errno 2] No such file or directory: '/usr/usb'
            Defined make macro "PYTHON" to "/usr/bin/python3"
    Checking for program /usr/bin/m4...found
              Defined make macro "M4" to "/usr/bin/m4"
    child config.programs took 1.417180 seconds
=============================================================================================
TESTING: consistencyChecks from config.packages.make(/home/lzy/projects/formal_3D_flow_solver/FEM_SimVascular/external/dependencies/sv1_1/petsc-3.19.6/config/BuildSystem/config/package.py:1042)
  Checks run on the system and currently installed packages that need to be correct for the package now being configured
=============================================================================================
TESTING: alternateConfigureLibrary from config.packages.make(/home/lzy/projects/formal_3D_flow_solver/FEM_SimVascular/external/dependencies/sv1_1/petsc-3.19.6/config/BuildSystem/config/package.py:1038)
  Called if --with-packagename=0; does nothing by default
=============================================================================================
TESTING: configureMake from config.packages.make(/home/lzy/projects/formal_3D_flow_solver/FEM_SimVascular/external/dependencies/sv1_1/petsc-3.19.6/config/BuildSystem/config/packages/make.py:98)
  Check Guesses for GNU make
Executing: gmake --version
stdout:
GNU Make 4.3
Built for x86_64-pc-linux-gnu
Copyright (C) 1988-2020 Free Software Foundation, Inc.
License GPLv3+: GNU GPL version 3 or later <http://gnu.org/licenses/gpl.html>
This is free software: you are free to change and redistribute it.
There is NO WARRANTY, to the extent permitted by law.
    Checking for program /usr/bin/gmake...found
              Defined make macro "MAKE" to "/usr/bin/gmake"
    Checking for program /usr/bin/make...found
              Defined make macro "MAKE_USER" to "make"
=============================================================================================
TESTING: setupGNUMake from config.packages.make(/home/lzy/projects/formal_3D_flow_solver/FEM_SimVascular/external/dependencies/sv1_1/petsc-3.19.6/config/BuildSystem/config/packages/make.py:152)
  Setup other GNU make stuff
            Defined make rule "libc" with dependencies "${LIBNAME}(${OBJSC})" and code []
            Defined make rule "libcxx" with dependencies "${LIBNAME}(${OBJSCXX})" and code []
            Defined make rule "libcu" with dependencies "${LIBNAME}(${OBJSCU})" and code []
            Defined make rule "libf" with dependencies "${OBJSF}" and code -${AR} ${AR_FLAGS} ${LIBNAME} ${OBJSF}
            Defined make macro "OMAKE_PRINTDIR" to "/usr/bin/gmake --print-directory"
            Defined make macro "OMAKE" to "/usr/bin/gmake --no-print-directory"
            Defined "OMAKE" to ""/usr/bin/gmake --no-print-directory""
            Defined make macro "MAKE_PAR_OUT_FLG" to "--output-sync=recurse"
=============================================================================================
TESTING: configureMakeNP from config.packages.make(/home/lzy/projects/formal_3D_flow_solver/FEM_SimVascular/external/dependencies/sv1_1/petsc-3.19.6/config/BuildSystem/config/packages/make.py:200)
  check no of cores on the build machine [perhaps to do make '-j ncores']
          module multiprocessing found 24 cores: using make_np = 18
            Defined make macro "MAKE_NP" to "18"
            Defined make macro "MAKE_TEST_NP" to "12"
            Defined make macro "MAKE_LOAD" to "36.0"
            Defined make macro "NPMAX" to "24"
    child config.packages.make took 0.008300 seconds
=============================================================================================
TESTING: locateBison from config.packages.bison(/home/lzy/projects/formal_3D_flow_solver/FEM_SimVascular/external/dependencies/sv1_1/petsc-3.19.6/config/BuildSystem/config/packages/bison.py:31)
Looking for default Bison executable
    Checking for program /usr/bin/bison...not found
    Checking for program /bin/bison...not found
    Checking for program /home/lzy/projects/formal_3D_flow_solver/FEM_SimVascular/external/dependencies/sv1_1/petsc-3.19.6/lib/petsc/bin/win32fe/bison...not found
    child config.packages.bison took 0.000383 seconds
=============================================================================================
TESTING: consistencyChecks from config.packages.sycl(/home/lzy/projects/formal_3D_flow_solver/FEM_SimVascular/external/dependencies/sv1_1/petsc-3.19.6/config/BuildSystem/config/package.py:1042)
  Checks run on the system and currently installed packages that need to be correct for the package now being configured
=============================================================================================
TESTING: alternateConfigureLibrary from config.packages.sycl(/home/lzy/projects/formal_3D_flow_solver/FEM_SimVascular/external/dependencies/sv1_1/petsc-3.19.6/config/BuildSystem/config/package.py:1038)
  Called if --with-packagename=0; does nothing by default
    child config.packages.sycl took 0.000137 seconds
        Defined "PYTHON_EXE" to ""/usr/bin/python3""
        Defined make macro "PYTHON_EXE" to ""/usr/bin/python3""
Executing: ['/usr/bin/python3', '-c', 'import sysconfig;print(sysconfig.get_python_version())']
stdout: 3.12
Executing: ['/usr/bin/python3', '-c', 'import cython;print(cython.__version__)']
      Python being used /usr/bin/python3 does not have the Cython package
Executing: /usr/bin/python3 -c "import numpy"
    child config.packages.python took 0.306694 seconds
=============================================================================================
TESTING: consistencyChecks from config.packages.X(/home/lzy/projects/formal_3D_flow_solver/FEM_SimVascular/external/dependencies/sv1_1/petsc-3.19.6/config/BuildSystem/config/package.py:1042)
  Checks run on the system and currently installed packages that need to be correct for the package now being configured
=============================================================================================
TESTING: alternateConfigureLibrary from config.packages.X(/home/lzy/projects/formal_3D_flow_solver/FEM_SimVascular/external/dependencies/sv1_1/petsc-3.19.6/config/BuildSystem/config/package.py:1038)
  Called if --with-packagename=0; does nothing by default
    child config.packages.X took 0.000280 seconds
=============================================================================================
TESTING: consistencyChecks from config.packages.hwloc(/home/lzy/projects/formal_3D_flow_solver/FEM_SimVascular/external/dependencies/sv1_1/petsc-3.19.6/config/BuildSystem/config/package.py:1042)
  Checks run on the system and currently installed packages that need to be correct for the package now being configured
=============================================================================================
TESTING: alternateConfigureLibrary from config.packages.hwloc(/home/lzy/projects/formal_3D_flow_solver/FEM_SimVascular/external/dependencies/sv1_1/petsc-3.19.6/config/BuildSystem/config/package.py:1038)
  Called if --with-packagename=0; does nothing by default
    child config.packages.hwloc took 0.000175 seconds
=============================================================================================
TESTING: consistencyChecks from config.packages.hip(/home/lzy/projects/formal_3D_flow_solver/FEM_SimVascular/external/dependencies/sv1_1/petsc-3.19.6/config/BuildSystem/config/package.py:1042)
  Checks run on the system and currently installed packages that need to be correct for the package now being configured
=============================================================================================
TESTING: alternateConfigureLibrary from config.packages.hip(/home/lzy/projects/formal_3D_flow_solver/FEM_SimVascular/external/dependencies/sv1_1/petsc-3.19.6/config/BuildSystem/config/package.py:1038)
  Called if --with-packagename=0; does nothing by default
    child config.packages.hip took 0.000141 seconds
=============================================================================================
TESTING: consistencyChecks from config.packages.thrust(/home/lzy/projects/formal_3D_flow_solver/FEM_SimVascular/external/dependencies/sv1_1/petsc-3.19.6/config/BuildSystem/config/package.py:1042)
  Checks run on the system and currently installed packages that need to be correct for the package now being configured
=============================================================================================
TESTING: alternateConfigureLibrary from config.packages.thrust(/home/lzy/projects/formal_3D_flow_solver/FEM_SimVascular/external/dependencies/sv1_1/petsc-3.19.6/config/BuildSystem/config/package.py:1038)
  Called if --with-packagename=0; does nothing by default
    child config.packages.thrust took 0.000151 seconds
=============================================================================================
TESTING: consistencyChecks from config.packages.cuda(/home/lzy/projects/formal_3D_flow_solver/FEM_SimVascular/external/dependencies/sv1_1/petsc-3.19.6/config/BuildSystem/config/package.py:1042)
  Checks run on the system and currently installed packages that need to be correct for the package now being configured
=============================================================================================
TESTING: alternateConfigureLibrary from config.packages.cuda(/home/lzy/projects/formal_3D_flow_solver/FEM_SimVascular/external/dependencies/sv1_1/petsc-3.19.6/config/BuildSystem/config/package.py:1038)
  Called if --with-packagename=0; does nothing by default
=============================================================================================
TESTING: checkKnownBadCUDAHostCompilerCombo from config.packages.cuda(/home/lzy/projects/formal_3D_flow_solver/FEM_SimVascular/external/dependencies/sv1_1/petsc-3.19.6/config/BuildSystem/config/packages/cuda.py:462)
  
    Check for nvcc + host compiler combinations that are unable to compile or have some other known
    defect and prints a warning to the user. Has no other effect.

    For example:
    1. CUDA 11.5 + gcc 11.3.0 produces

    /usr/include/c++/11/bits/std_function.h:435:145: error: parameter packs not expanded with '...':
  435 |         function(_Functor&& __f)
      |         ^

    
    child config.packages.cuda took 0.000180 seconds
=============================================================================================
TESTING: consistencyChecks from config.packages.OpenMPI(/home/lzy/projects/formal_3D_flow_solver/FEM_SimVascular/external/dependencies/sv1_1/petsc-3.19.6/config/BuildSystem/config/package.py:1042)
  Checks run on the system and currently installed packages that need to be correct for the package now being configured
=============================================================================================
TESTING: alternateConfigureLibrary from config.packages.OpenMPI(/home/lzy/projects/formal_3D_flow_solver/FEM_SimVascular/external/dependencies/sv1_1/petsc-3.19.6/config/BuildSystem/config/package.py:1038)
  Called if --with-packagename=0; does nothing by default
    child config.packages.OpenMPI took 0.000149 seconds
=============================================================================================
TESTING: consistencyChecks from config.packages.MPICH(/home/lzy/projects/formal_3D_flow_solver/FEM_SimVascular/external/dependencies/sv1_1/petsc-3.19.6/config/BuildSystem/config/package.py:1042)
  Checks run on the system and currently installed packages that need to be correct for the package now being configured
=============================================================================================
TESTING: alternateConfigureLibrary from config.packages.MPICH(/home/lzy/projects/formal_3D_flow_solver/FEM_SimVascular/external/dependencies/sv1_1/petsc-3.19.6/config/BuildSystem/config/package.py:1038)
  Called if --with-packagename=0; does nothing by default
    child config.packages.MPICH took 0.000248 seconds
=============================================================================================
TESTING: consistencyChecks from config.packages.MPI(/home/lzy/projects/formal_3D_flow_solver/FEM_SimVascular/external/dependencies/sv1_1/petsc-3.19.6/config/BuildSystem/config/package.py:1042)
  Checks run on the system and currently installed packages that need to be correct for the package now being configured
=============================================================================================
TESTING: checkDependencies from config.packages.MPI(/home/lzy/projects/formal_3D_flow_solver/FEM_SimVascular/external/dependencies/sv1_1/petsc-3.19.6/config/BuildSystem/config/package.py:936)
  Loop over declared dependencies of package and error if any are missing
=============================================================================================
TESTING: configureLibrary from config.packages.MPI(/home/lzy/projects/formal_3D_flow_solver/FEM_SimVascular/external/dependencies/sv1_1/petsc-3.19.6/config/BuildSystem/config/packages/MPI.py:916)
  Calls the regular package configureLibrary and then does an additional test needed by MPI
==================================================================================
            Checking for a functional MPI
            Checking for library in Compiler specific search MPI: []
=============================================================================================
TESTING: check from config.libraries(/home/lzy/projects/formal_3D_flow_solver/FEM_SimVascular/external/dependencies/sv1_1/petsc-3.19.6/config/BuildSystem/config/libraries.py:168)
  Checks that the library "libName" contains "funcs", and if it does defines HAVE_LIB"libName"
       - libDir may be a list of directories
       - libName may be a list of library names
                Checking for functions [MPI_Init MPI_Comm_create] in library [] []
Executing: /usr/bin/mpicc -c -o /tmp/petsc-oye27d1b/config.libraries/conftest.o -I/tmp/petsc-oye27d1b/config.compilerFlags -I/tmp/petsc-oye27d1b/config.setCompilers -I/tmp/petsc-oye27d1b/config.compilers -I/tmp/petsc-oye27d1b/config.headers -I/tmp/petsc-oye27d1b/config.utilities.cacheDetails -I/tmp/petsc-oye27d1b/config.types -I/tmp/petsc-oye27d1b/config.functions -I/tmp/petsc-oye27d1b/config.utilities.featureTestMacros -I/tmp/petsc-oye27d1b/config.utilities.missing -I/tmp/petsc-oye27d1b/PETSc.options.sharedLibraries -I/tmp/petsc-oye27d1b/config.libraries -I/tmp/petsc-oye27d1b/PETSc.options.scalarTypes  -fPIC -Wall -Wwrite-strings -Wno-unknown-pragmas -Wno-lto-type-mismatch -Wno-stringop-overflow -fstack-protector -fvisibility=hidden -g -O  /tmp/petsc-oye27d1b/config.libraries/conftest.c 
Successful compile:
Source:
#include "confdefs.h"
#include "conffix.h"
/* Override any gcc2 internal prototype to avoid an error. */
char MPI_Init();
static void _check_MPI_Init() { MPI_Init(); }
char MPI_Comm_create();
static void _check_MPI_Comm_create() { MPI_Comm_create(); }

int main() {
_check_MPI_Init();
_check_MPI_Comm_create();;
  return 0;
}

Executing: /usr/bin/mpicc  -o /tmp/petsc-oye27d1b/config.libraries/conftest    -fPIC -Wall -Wwrite-strings -Wno-unknown-pragmas -Wno-lto-type-mismatch -Wno-stringop-overflow -fstack-protector -fvisibility=hidden -g -O /tmp/petsc-oye27d1b/config.libraries/conftest.o -lquadmath 
            Checking for optional headers [] in Compiler specific search MPI: []
=============================================================================================
TESTING: checkInclude from config.headers(/home/lzy/projects/formal_3D_flow_solver/FEM_SimVascular/external/dependencies/sv1_1/petsc-3.19.6/config/BuildSystem/config/headers.py:86)
  Checks if a particular include file can be found along particular include paths
Checking for header files [] in []
Found header files [] in []
            Checking for headers ['mpi.h'] in Compiler specific search MPI: []
=============================================================================================
TESTING: checkInclude from config.headers(/home/lzy/projects/formal_3D_flow_solver/FEM_SimVascular/external/dependencies/sv1_1/petsc-3.19.6/config/BuildSystem/config/headers.py:86)
  Checks if a particular include file can be found along particular include paths
Checking for header files ['mpi.h'] in []
                  Checking include with compiler flags var CPPFLAGS []
Preprocessing source:
#include "confdefs.h"
#include "conffix.h"
#include <mpi.h>

Executing: /usr/bin/mpicc -E  -I/tmp/petsc-oye27d1b/config.setCompilers -I/tmp/petsc-oye27d1b/config.types -I/tmp/petsc-oye27d1b/config.headers   /tmp/petsc-oye27d1b/config.headers/conftest.c 
Preprocess output before filtering:
Preprocess output after filtering:
Found header files ['mpi.h'] in []
            Defined "HAVE_MPI_F90MODULE_VISIBILITY" to "1"
=============================================================================================
TESTING: checkMPIDistro from config.packages.MPI(/home/lzy/projects/formal_3D_flow_solver/FEM_SimVascular/external/dependencies/sv1_1/petsc-3.19.6/config/BuildSystem/config/packages/MPI.py:717)
  Determine if MPICH_NUMVERSION, OMPI_MAJOR_VERSION or MSMPI_VER exist in mpi.h
       Used for consistency checking of MPI installation at compile time
Executing: /usr/bin/mpicc -c -o /tmp/petsc-oye27d1b/config.packages.MPI/conftest.o -I/tmp/petsc-oye27d1b/config.compilerFlags -I/tmp/petsc-oye27d1b/config.setCompilers -I/tmp/petsc-oye27d1b/config.compilers -I/tmp/petsc-oye27d1b/config.headers -I/tmp/petsc-oye27d1b/config.utilities.cacheDetails -I/tmp/petsc-oye27d1b/config.types -I/tmp/petsc-oye27d1b/config.functions -I/tmp/petsc-oye27d1b/config.utilities.featureTestMacros -I/tmp/petsc-oye27d1b/config.utilities.missing -I/tmp/petsc-oye27d1b/PETSc.options.sharedLibraries -I/tmp/petsc-oye27d1b/config.libraries -I/tmp/petsc-oye27d1b/PETSc.options.scalarTypes -I/tmp/petsc-oye27d1b/config.packages.MPI  -fPIC -Wall -Wwrite-strings -Wno-unknown-pragmas -Wno-lto-type-mismatch -Wno-stringop-overflow -fstack-protector -fvisibility=hidden -g -O   /tmp/petsc-oye27d1b/config.packages.MPI/conftest.c 
Possible ERROR while running compiler: exit code 1
stderr:
/tmp/petsc-oye27d1b/config.packages.MPI/conftest.c:4:25: error: ‘I_MPI_VERSION’ undeclared here (not in a function); did you mean ‘MPI_VERSION’?
    4 | const char *mpich_ver = I_MPI_VERSION;
      |                         ^~~~~~~~~~~~~
      |                         MPI_VERSION
Source:
#include "confdefs.h"
#include "conffix.h"
#include <mpi.h>
const char *mpich_ver = I_MPI_VERSION;

int main() {
;
  return 0;
}

Executing: /usr/bin/mpicc -c -o /tmp/petsc-oye27d1b/config.packages.MPI/conftest.o -I/tmp/petsc-oye27d1b/config.compilerFlags -I/tmp/petsc-oye27d1b/config.setCompilers -I/tmp/petsc-oye27d1b/config.compilers -I/tmp/petsc-oye27d1b/config.headers -I/tmp/petsc-oye27d1b/config.utilities.cacheDetails -I/tmp/petsc-oye27d1b/config.types -I/tmp/petsc-oye27d1b/config.functions -I/tmp/petsc-oye27d1b/config.utilities.featureTestMacros -I/tmp/petsc-oye27d1b/config.utilities.missing -I/tmp/petsc-oye27d1b/PETSc.options.sharedLibraries -I/tmp/petsc-oye27d1b/config.libraries -I/tmp/petsc-oye27d1b/PETSc.options.scalarTypes -I/tmp/petsc-oye27d1b/config.packages.MPI  -fPIC -Wall -Wwrite-strings -Wno-unknown-pragmas -Wno-lto-type-mismatch -Wno-stringop-overflow -fstack-protector -fvisibility=hidden -g -O   /tmp/petsc-oye27d1b/config.packages.MPI/conftest.c 
Possible ERROR while running compiler: exit code 1
stderr:
/tmp/petsc-oye27d1b/config.packages.MPI/conftest.c:4:17: error: ‘I_MPI_NUMVERSION’ undeclared here (not in a function); did you mean ‘MPI_SUBVERSION’?
    4 | int mpich_ver = I_MPI_NUMVERSION;
      |                 ^~~~~~~~~~~~~~~~
      |                 MPI_SUBVERSION
Source:
#include "confdefs.h"
#include "conffix.h"
#include <mpi.h>
int mpich_ver = I_MPI_NUMVERSION;

int main() {
;
  return 0;
}

Executing: /usr/bin/mpicc -c -o /tmp/petsc-oye27d1b/config.packages.MPI/conftest.o -I/tmp/petsc-oye27d1b/config.compilerFlags -I/tmp/petsc-oye27d1b/config.setCompilers -I/tmp/petsc-oye27d1b/config.compilers -I/tmp/petsc-oye27d1b/config.headers -I/tmp/petsc-oye27d1b/config.utilities.cacheDetails -I/tmp/petsc-oye27d1b/config.types -I/tmp/petsc-oye27d1b/config.functions -I/tmp/petsc-oye27d1b/config.utilities.featureTestMacros -I/tmp/petsc-oye27d1b/config.utilities.missing -I/tmp/petsc-oye27d1b/PETSc.options.sharedLibraries -I/tmp/petsc-oye27d1b/config.libraries -I/tmp/petsc-oye27d1b/PETSc.options.scalarTypes -I/tmp/petsc-oye27d1b/config.packages.MPI  -fPIC -Wall -Wwrite-strings -Wno-unknown-pragmas -Wno-lto-type-mismatch -Wno-stringop-overflow -fstack-protector -fvisibility=hidden -g -O   /tmp/petsc-oye27d1b/config.packages.MPI/conftest.c 
Possible ERROR while running compiler: exit code 1
stderr:
/tmp/petsc-oye27d1b/config.packages.MPI/conftest.c:4:17: error: ‘MVAPICH2_NUMVERSION’ undeclared here (not in a function); did you mean ‘MPI_SUBVERSION’?
    4 | int mpich_ver = MVAPICH2_NUMVERSION;
      |                 ^~~~~~~~~~~~~~~~~~~
      |                 MPI_SUBVERSION
Source:
#include "confdefs.h"
#include "conffix.h"
#include <mpi.h>
int mpich_ver = MVAPICH2_NUMVERSION;

int main() {
;
  return 0;
}

Executing: /usr/bin/mpicc -c -o /tmp/petsc-oye27d1b/config.packages.MPI/conftest.o -I/tmp/petsc-oye27d1b/config.compilerFlags -I/tmp/petsc-oye27d1b/config.setCompilers -I/tmp/petsc-oye27d1b/config.compilers -I/tmp/petsc-oye27d1b/config.headers -I/tmp/petsc-oye27d1b/config.utilities.cacheDetails -I/tmp/petsc-oye27d1b/config.types -I/tmp/petsc-oye27d1b/config.functions -I/tmp/petsc-oye27d1b/config.utilities.featureTestMacros -I/tmp/petsc-oye27d1b/config.utilities.missing -I/tmp/petsc-oye27d1b/PETSc.options.sharedLibraries -I/tmp/petsc-oye27d1b/config.libraries -I/tmp/petsc-oye27d1b/PETSc.options.scalarTypes -I/tmp/petsc-oye27d1b/config.packages.MPI  -fPIC -Wall -Wwrite-strings -Wno-unknown-pragmas -Wno-lto-type-mismatch -Wno-stringop-overflow -fstack-protector -fvisibility=hidden -g -O   /tmp/petsc-oye27d1b/config.packages.MPI/conftest.c 
Possible ERROR while running compiler: exit code 1
stderr:
/tmp/petsc-oye27d1b/config.packages.MPI/conftest.c:4:17: error: ‘MPICH_NUMVERSION’ undeclared here (not in a function); did you mean ‘MPI_SUBVERSION’?
    4 | int mpich_ver = MPICH_NUMVERSION;
      |                 ^~~~~~~~~~~~~~~~
      |                 MPI_SUBVERSION
Source:
#include "confdefs.h"
#include "conffix.h"
#include <mpi.h>
int mpich_ver = MPICH_NUMVERSION;

int main() {
;
  return 0;
}

Executing: /usr/bin/mpicc -c -o /tmp/petsc-oye27d1b/config.packages.MPI/conftest.o -I/tmp/petsc-oye27d1b/config.compilerFlags -I/tmp/petsc-oye27d1b/config.setCompilers -I/tmp/petsc-oye27d1b/config.compilers -I/tmp/petsc-oye27d1b/config.headers -I/tmp/petsc-oye27d1b/config.utilities.cacheDetails -I/tmp/petsc-oye27d1b/config.types -I/tmp/petsc-oye27d1b/config.functions -I/tmp/petsc-oye27d1b/config.utilities.featureTestMacros -I/tmp/petsc-oye27d1b/config.utilities.missing -I/tmp/petsc-oye27d1b/PETSc.options.sharedLibraries -I/tmp/petsc-oye27d1b/config.libraries -I/tmp/petsc-oye27d1b/PETSc.options.scalarTypes -I/tmp/petsc-oye27d1b/config.packages.MPI  -fPIC -Wall -Wwrite-strings -Wno-unknown-pragmas -Wno-lto-type-mismatch -Wno-stringop-overflow -fstack-protector -fvisibility=hidden -g -O   /tmp/petsc-oye27d1b/config.packages.MPI/conftest.c 
Possible ERROR while running compiler: exit code 1
stderr:
/tmp/petsc-oye27d1b/config.packages.MPI/conftest.c:4:1: error: unknown type name ‘MPI_NEC_Function’; did you mean ‘MPI_User_function’?
    4 | MPI_NEC_Function f = MPI_NEC_FUNCTION_NULL;
      | ^~~~~~~~~~~~~~~~
      | MPI_User_function
/tmp/petsc-oye27d1b/config.packages.MPI/conftest.c:4:22: error: ‘MPI_NEC_FUNCTION_NULL’ undeclared here (not in a function)
    4 | MPI_NEC_Function f = MPI_NEC_FUNCTION_NULL;
      |                      ^~~~~~~~~~~~~~~~~~~~~
Source:
#include "confdefs.h"
#include "conffix.h"
#include <mpi.h>
MPI_NEC_Function f = MPI_NEC_FUNCTION_NULL;

int main() {
;
  return 0;
}

Executing: /usr/bin/mpicc -c -o /tmp/petsc-oye27d1b/config.packages.MPI/conftest.o -I/tmp/petsc-oye27d1b/config.compilerFlags -I/tmp/petsc-oye27d1b/config.setCompilers -I/tmp/petsc-oye27d1b/config.compilers -I/tmp/petsc-oye27d1b/config.headers -I/tmp/petsc-oye27d1b/config.utilities.cacheDetails -I/tmp/petsc-oye27d1b/config.types -I/tmp/petsc-oye27d1b/config.functions -I/tmp/petsc-oye27d1b/config.utilities.featureTestMacros -I/tmp/petsc-oye27d1b/config.utilities.missing -I/tmp/petsc-oye27d1b/PETSc.options.sharedLibraries -I/tmp/petsc-oye27d1b/config.libraries -I/tmp/petsc-oye27d1b/PETSc.options.scalarTypes -I/tmp/petsc-oye27d1b/config.packages.MPI  -fPIC -Wall -Wwrite-strings -Wno-unknown-pragmas -Wno-lto-type-mismatch -Wno-stringop-overflow -fstack-protector -fvisibility=hidden -g -O   /tmp/petsc-oye27d1b/config.packages.MPI/conftest.c 
Successful compile:
Source:
#include "confdefs.h"
#include "conffix.h"
#include <mpi.h>
int ompi_major = OMPI_MAJOR_VERSION;
int ompi_minor = OMPI_MINOR_VERSION;
int ompi_release = OMPI_RELEASE_VERSION;

int main() {
;
  return 0;
}

Preprocessing source:
#include "confdefs.h"
#include "conffix.h"
#include <mpi.h>
int ompi_major = OMPI_MAJOR_VERSION;
int ompi_minor = OMPI_MINOR_VERSION;
int ompi_release = OMPI_RELEASE_VERSION;

Executing: /usr/bin/mpicc -E  -I/tmp/petsc-oye27d1b/config.setCompilers -I/tmp/petsc-oye27d1b/config.types -I/tmp/petsc-oye27d1b/config.headers -I/tmp/petsc-oye27d1b/config.packages.MPI   /tmp/petsc-oye27d1b/config.packages.MPI/conftest.c 
                Defined "HAVE_OMPI_MAJOR_VERSION" to "4"
                Defined "HAVE_OMPI_MINOR_VERSION" to "1"
                Defined "HAVE_OMPI_RELEASE_VERSION" to "6"
=============================================================================================
TESTING: configureMPI2 from config.packages.MPI(/home/lzy/projects/formal_3D_flow_solver/FEM_SimVascular/external/dependencies/sv1_1/petsc-3.19.6/config/BuildSystem/config/packages/MPI.py:396)
  Check for functions added to the interface in MPI-2
Executing: /usr/bin/mpicc -c -o /tmp/petsc-oye27d1b/config.packages.MPI/conftest.o -I/tmp/petsc-oye27d1b/config.compilerFlags -I/tmp/petsc-oye27d1b/config.setCompilers -I/tmp/petsc-oye27d1b/config.compilers -I/tmp/petsc-oye27d1b/config.headers -I/tmp/petsc-oye27d1b/config.utilities.cacheDetails -I/tmp/petsc-oye27d1b/config.types -I/tmp/petsc-oye27d1b/config.functions -I/tmp/petsc-oye27d1b/config.utilities.featureTestMacros -I/tmp/petsc-oye27d1b/config.utilities.missing -I/tmp/petsc-oye27d1b/PETSc.options.sharedLibraries -I/tmp/petsc-oye27d1b/config.libraries -I/tmp/petsc-oye27d1b/PETSc.options.scalarTypes -I/tmp/petsc-oye27d1b/config.packages.MPI  -fPIC -Wall -Wwrite-strings -Wno-unknown-pragmas -Wno-lto-type-mismatch -Wno-stringop-overflow -fstack-protector -fvisibility=hidden -g -O   /tmp/petsc-oye27d1b/config.packages.MPI/conftest.c 
Successful compile:
Source:
#include "confdefs.h"
#include "conffix.h"
#include <mpi.h>

int main() {

      int a,b,c,d,flag,sendbuf[1]={1},recvbuf[1]={2};
      MPI_Datatype newtype;
      if (MPI_Allreduce(MPI_IN_PLACE,0,1,MPI_INT,MPI_SUM,MPI_COMM_SELF)) return 0;
      if (MPI_Finalized(&flag)) return 0;
      if (MPI_Type_dup(MPI_INT,&newtype)) return 0;
      if (MPI_Exscan(sendbuf,recvbuf,1,MPI_INT,MPI_SUM,MPI_COMM_WORLD)) return 0;
      if (MPI_Reduce_scatter(sendbuf,recvbuf,sendbuf,MPI_INT,MPI_SUM,MPI_COMM_WORLD)) return 0;
      if (MPI_Type_get_envelope(MPI_INT,&a,&b,&c,&d)) return 0;
    ;
  return 0;
}

Executing: /usr/bin/mpicc  -o /tmp/petsc-oye27d1b/config.packages.MPI/conftest    -fPIC -Wall -Wwrite-strings -Wno-unknown-pragmas -Wno-lto-type-mismatch -Wno-stringop-overflow -fstack-protector -fvisibility=hidden -g -O /tmp/petsc-oye27d1b/config.packages.MPI/conftest.o  -lquadmath 
Executing: /usr/bin/mpicc -c -o /tmp/petsc-oye27d1b/config.packages.MPI/conftest.o -I/tmp/petsc-oye27d1b/config.compilerFlags -I/tmp/petsc-oye27d1b/config.setCompilers -I/tmp/petsc-oye27d1b/config.compilers -I/tmp/petsc-oye27d1b/config.headers -I/tmp/petsc-oye27d1b/config.utilities.cacheDetails -I/tmp/petsc-oye27d1b/config.types -I/tmp/petsc-oye27d1b/config.functions -I/tmp/petsc-oye27d1b/config.utilities.featureTestMacros -I/tmp/petsc-oye27d1b/config.utilities.missing -I/tmp/petsc-oye27d1b/PETSc.options.sharedLibraries -I/tmp/petsc-oye27d1b/config.libraries -I/tmp/petsc-oye27d1b/PETSc.options.scalarTypes -I/tmp/petsc-oye27d1b/config.packages.MPI  -fPIC -Wall -Wwrite-strings -Wno-unknown-pragmas -Wno-lto-type-mismatch -Wno-stringop-overflow -fstack-protector -fvisibility=hidden -g -O   /tmp/petsc-oye27d1b/config.packages.MPI/conftest.c 
Successful compile:
Source:
#include "confdefs.h"
#include "conffix.h"
#include <mpi.h>

int main() {
int count=2; int blocklens[2]={0,1}; MPI_Aint indices[2]={0,1}; MPI_Datatype old_types[2]={MPI_INT,MPI_DOUBLE}; MPI_Datatype *newtype = 0;
                                              if (MPI_Type_create_struct(count, blocklens, indices, old_types, newtype)) { }
;
  return 0;
}

Executing: /usr/bin/mpicc  -o /tmp/petsc-oye27d1b/config.packages.MPI/conftest    -fPIC -Wall -Wwrite-strings -Wno-unknown-pragmas -Wno-lto-type-mismatch -Wno-stringop-overflow -fstack-protector -fvisibility=hidden -g -O /tmp/petsc-oye27d1b/config.packages.MPI/conftest.o  -lquadmath 
Executing: /usr/bin/mpicc -c -o /tmp/petsc-oye27d1b/config.packages.MPI/conftest.o -I/tmp/petsc-oye27d1b/config.compilerFlags -I/tmp/petsc-oye27d1b/config.setCompilers -I/tmp/petsc-oye27d1b/config.compilers -I/tmp/petsc-oye27d1b/config.headers -I/tmp/petsc-oye27d1b/config.utilities.cacheDetails -I/tmp/petsc-oye27d1b/config.types -I/tmp/petsc-oye27d1b/config.functions -I/tmp/petsc-oye27d1b/config.utilities.featureTestMacros -I/tmp/petsc-oye27d1b/config.utilities.missing -I/tmp/petsc-oye27d1b/PETSc.options.sharedLibraries -I/tmp/petsc-oye27d1b/config.libraries -I/tmp/petsc-oye27d1b/PETSc.options.scalarTypes -I/tmp/petsc-oye27d1b/config.packages.MPI  -fPIC -Wall -Wwrite-strings -Wno-unknown-pragmas -Wno-lto-type-mismatch -Wno-stringop-overflow -fstack-protector -fvisibility=hidden -g -O   /tmp/petsc-oye27d1b/config.packages.MPI/conftest.c 
Successful compile:
Source:
#include "confdefs.h"
#include "conffix.h"
#include <mpi.h>

int main() {
MPI_Comm_errhandler_fn * p_err_fun = 0; MPI_Errhandler * p_errhandler = 0; if (MPI_Comm_create_errhandler(p_err_fun,p_errhandler)) { }
;
  return 0;
}

Executing: /usr/bin/mpicc  -o /tmp/petsc-oye27d1b/config.packages.MPI/conftest    -fPIC -Wall -Wwrite-strings -Wno-unknown-pragmas -Wno-lto-type-mismatch -Wno-stringop-overflow -fstack-protector -fvisibility=hidden -g -O /tmp/petsc-oye27d1b/config.packages.MPI/conftest.o  -lquadmath 
Executing: /usr/bin/mpicc -c -o /tmp/petsc-oye27d1b/config.packages.MPI/conftest.o -I/tmp/petsc-oye27d1b/config.compilerFlags -I/tmp/petsc-oye27d1b/config.setCompilers -I/tmp/petsc-oye27d1b/config.compilers -I/tmp/petsc-oye27d1b/config.headers -I/tmp/petsc-oye27d1b/config.utilities.cacheDetails -I/tmp/petsc-oye27d1b/config.types -I/tmp/petsc-oye27d1b/config.functions -I/tmp/petsc-oye27d1b/config.utilities.featureTestMacros -I/tmp/petsc-oye27d1b/config.utilities.missing -I/tmp/petsc-oye27d1b/PETSc.options.sharedLibraries -I/tmp/petsc-oye27d1b/config.libraries -I/tmp/petsc-oye27d1b/PETSc.options.scalarTypes -I/tmp/petsc-oye27d1b/config.packages.MPI  -fPIC -Wall -Wwrite-strings -Wno-unknown-pragmas -Wno-lto-type-mismatch -Wno-stringop-overflow -fstack-protector -fvisibility=hidden -g -O   /tmp/petsc-oye27d1b/config.packages.MPI/conftest.c 
Successful compile:
Source:
#include "confdefs.h"
#include "conffix.h"
#include <mpi.h>

int main() {
if (MPI_Comm_set_errhandler(MPI_COMM_WORLD,MPI_ERRORS_RETURN)) { }
;
  return 0;
}

Executing: /usr/bin/mpicc  -o /tmp/petsc-oye27d1b/config.packages.MPI/conftest    -fPIC -Wall -Wwrite-strings -Wno-unknown-pragmas -Wno-lto-type-mismatch -Wno-stringop-overflow -fstack-protector -fvisibility=hidden -g -O /tmp/petsc-oye27d1b/config.packages.MPI/conftest.o  -lquadmath 
Executing: /usr/bin/mpicc -c -o /tmp/petsc-oye27d1b/config.packages.MPI/conftest.o -I/tmp/petsc-oye27d1b/config.compilerFlags -I/tmp/petsc-oye27d1b/config.setCompilers -I/tmp/petsc-oye27d1b/config.compilers -I/tmp/petsc-oye27d1b/config.headers -I/tmp/petsc-oye27d1b/config.utilities.cacheDetails -I/tmp/petsc-oye27d1b/config.types -I/tmp/petsc-oye27d1b/config.functions -I/tmp/petsc-oye27d1b/config.utilities.featureTestMacros -I/tmp/petsc-oye27d1b/config.utilities.missing -I/tmp/petsc-oye27d1b/PETSc.options.sharedLibraries -I/tmp/petsc-oye27d1b/config.libraries -I/tmp/petsc-oye27d1b/PETSc.options.scalarTypes -I/tmp/petsc-oye27d1b/config.packages.MPI  -fPIC -Wall -Wwrite-strings -Wno-unknown-pragmas -Wno-lto-type-mismatch -Wno-stringop-overflow -fstack-protector -fvisibility=hidden -g -O   /tmp/petsc-oye27d1b/config.packages.MPI/conftest.c 
Successful compile:
Source:
#include "confdefs.h"
#include "conffix.h"
#include <mpi.h>

int main() {
if (MPI_Reduce_local(0, 0, 0, MPI_INT, MPI_SUM)) { }
;
  return 0;
}

Executing: /usr/bin/mpicc  -o /tmp/petsc-oye27d1b/config.packages.MPI/conftest    -fPIC -Wall -Wwrite-strings -Wno-unknown-pragmas -Wno-lto-type-mismatch -Wno-stringop-overflow -fstack-protector -fvisibility=hidden -g -O /tmp/petsc-oye27d1b/config.packages.MPI/conftest.o  -lquadmath 
                Defined "HAVE_MPI_REDUCE_LOCAL" to "1"
Executing: /usr/bin/mpicc -c -o /tmp/petsc-oye27d1b/config.packages.MPI/conftest.o -I/tmp/petsc-oye27d1b/config.compilerFlags -I/tmp/petsc-oye27d1b/config.setCompilers -I/tmp/petsc-oye27d1b/config.compilers -I/tmp/petsc-oye27d1b/config.headers -I/tmp/petsc-oye27d1b/config.utilities.cacheDetails -I/tmp/petsc-oye27d1b/config.types -I/tmp/petsc-oye27d1b/config.functions -I/tmp/petsc-oye27d1b/config.utilities.featureTestMacros -I/tmp/petsc-oye27d1b/config.utilities.missing -I/tmp/petsc-oye27d1b/PETSc.options.sharedLibraries -I/tmp/petsc-oye27d1b/config.libraries -I/tmp/petsc-oye27d1b/PETSc.options.scalarTypes -I/tmp/petsc-oye27d1b/config.packages.MPI  -fPIC -Wall -Wwrite-strings -Wno-unknown-pragmas -Wno-lto-type-mismatch -Wno-stringop-overflow -fstack-protector -fvisibility=hidden -g -O   /tmp/petsc-oye27d1b/config.packages.MPI/conftest.c 
Successful compile:
Source:
#include "confdefs.h"
#include "conffix.h"
#include <mpi.h>

int main() {
char version[MPI_MAX_LIBRARY_VERSION_STRING];int verlen;if (MPI_Get_library_version(version,&verlen)) { }
;
  return 0;
}

Executing: /usr/bin/mpicc  -o /tmp/petsc-oye27d1b/config.packages.MPI/conftest    -fPIC -Wall -Wwrite-strings -Wno-unknown-pragmas -Wno-lto-type-mismatch -Wno-stringop-overflow -fstack-protector -fvisibility=hidden -g -O /tmp/petsc-oye27d1b/config.packages.MPI/conftest.o  -lquadmath 
                Defined "HAVE_MPI_GET_LIBRARY_VERSION" to "1"
Executing: /usr/bin/mpicc -c -o /tmp/petsc-oye27d1b/config.packages.MPI/conftest.o -I/tmp/petsc-oye27d1b/config.compilerFlags -I/tmp/petsc-oye27d1b/config.setCompilers -I/tmp/petsc-oye27d1b/config.compilers -I/tmp/petsc-oye27d1b/config.headers -I/tmp/petsc-oye27d1b/config.utilities.cacheDetails -I/tmp/petsc-oye27d1b/config.types -I/tmp/petsc-oye27d1b/config.functions -I/tmp/petsc-oye27d1b/config.utilities.featureTestMacros -I/tmp/petsc-oye27d1b/config.utilities.missing -I/tmp/petsc-oye27d1b/PETSc.options.sharedLibraries -I/tmp/petsc-oye27d1b/config.libraries -I/tmp/petsc-oye27d1b/PETSc.options.scalarTypes -I/tmp/petsc-oye27d1b/config.packages.MPI  -fPIC -Wall -Wwrite-strings -Wno-unknown-pragmas -Wno-lto-type-mismatch -Wno-stringop-overflow -fstack-protector -fvisibility=hidden -g -O   /tmp/petsc-oye27d1b/config.packages.MPI/conftest.c 
Successful compile:
Source:
#include "confdefs.h"
#include "conffix.h"
#include <mpi.h>

int main() {
int base[100]; MPI_Win win = 0; if (MPI_Win_create(base,100,4,MPI_INFO_NULL,MPI_COMM_WORLD,&win)) { };
  return 0;
}

Executing: /usr/bin/mpicc  -o /tmp/petsc-oye27d1b/config.packages.MPI/conftest    -fPIC -Wall -Wwrite-strings -Wno-unknown-pragmas -Wno-lto-type-mismatch -Wno-stringop-overflow -fstack-protector -fvisibility=hidden -g -O /tmp/petsc-oye27d1b/config.packages.MPI/conftest.o  -lquadmath 
                Defined "HAVE_MPI_WIN_CREATE" to "1"
Executing: /usr/bin/mpicc -c -o /tmp/petsc-oye27d1b/config.packages.MPI/conftest.o -I/tmp/petsc-oye27d1b/config.compilerFlags -I/tmp/petsc-oye27d1b/config.setCompilers -I/tmp/petsc-oye27d1b/config.compilers -I/tmp/petsc-oye27d1b/config.headers -I/tmp/petsc-oye27d1b/config.utilities.cacheDetails -I/tmp/petsc-oye27d1b/config.types -I/tmp/petsc-oye27d1b/config.functions -I/tmp/petsc-oye27d1b/config.utilities.featureTestMacros -I/tmp/petsc-oye27d1b/config.utilities.missing -I/tmp/petsc-oye27d1b/PETSc.options.sharedLibraries -I/tmp/petsc-oye27d1b/config.libraries -I/tmp/petsc-oye27d1b/PETSc.options.scalarTypes -I/tmp/petsc-oye27d1b/config.packages.MPI  -fPIC -Wall -Wwrite-strings -Wno-unknown-pragmas -Wno-lto-type-mismatch -Wno-stringop-overflow -fstack-protector -fvisibility=hidden -g -O   /tmp/petsc-oye27d1b/config.packages.MPI/conftest.c 
Successful compile:
Source:
#include "confdefs.h"
#include "conffix.h"
#include <mpi.h>

int main() {
int ptr[1] = {0}; MPI_Win win = 0; if (MPI_Accumulate(ptr,1,MPI_INT,0,0,1,MPI_INT,MPI_REPLACE,win)) { };
  return 0;
}

Executing: /usr/bin/mpicc  -o /tmp/petsc-oye27d1b/config.packages.MPI/conftest    -fPIC -Wall -Wwrite-strings -Wno-unknown-pragmas -Wno-lto-type-mismatch -Wno-stringop-overflow -fstack-protector -fvisibility=hidden -g -O /tmp/petsc-oye27d1b/config.packages.MPI/conftest.o  -lquadmath 
                Defined "HAVE_MPI_ONE_SIDED" to "1"
Executing: /usr/bin/mpicc -c -o /tmp/petsc-oye27d1b/config.packages.MPI/conftest.o -I/tmp/petsc-oye27d1b/config.compilerFlags -I/tmp/petsc-oye27d1b/config.setCompilers -I/tmp/petsc-oye27d1b/config.compilers -I/tmp/petsc-oye27d1b/config.headers -I/tmp/petsc-oye27d1b/config.utilities.cacheDetails -I/tmp/petsc-oye27d1b/config.types -I/tmp/petsc-oye27d1b/config.functions -I/tmp/petsc-oye27d1b/config.utilities.featureTestMacros -I/tmp/petsc-oye27d1b/config.utilities.missing -I/tmp/petsc-oye27d1b/PETSc.options.sharedLibraries -I/tmp/petsc-oye27d1b/config.libraries -I/tmp/petsc-oye27d1b/PETSc.options.scalarTypes -I/tmp/petsc-oye27d1b/config.packages.MPI  -fPIC -Wall -Wwrite-strings -Wno-unknown-pragmas -Wno-lto-type-mismatch -Wno-stringop-overflow -fstack-protector -fvisibility=hidden -g -O   /tmp/petsc-oye27d1b/config.packages.MPI/conftest.c 
Successful compile:
Source:
#include "confdefs.h"
#include "conffix.h"
#include <mpi.h>

int main() {
int provided; if (MPI_Init_thread(0,0,MPI_THREAD_FUNNELED,&provided)) return 0;;
  return 0;
}

Executing: /usr/bin/mpicc  -o /tmp/petsc-oye27d1b/config.packages.MPI/conftest    -fPIC -Wall -Wwrite-strings -Wno-unknown-pragmas -Wno-lto-type-mismatch -Wno-stringop-overflow -fstack-protector -fvisibility=hidden -g -O /tmp/petsc-oye27d1b/config.packages.MPI/conftest.o  -lquadmath 
                Defined "HAVE_MPI_INIT_THREAD" to "1"
Executing: /usr/bin/mpicc -c -o /tmp/petsc-oye27d1b/config.packages.MPI/conftest.o -I/tmp/petsc-oye27d1b/config.compilerFlags -I/tmp/petsc-oye27d1b/config.setCompilers -I/tmp/petsc-oye27d1b/config.compilers -I/tmp/petsc-oye27d1b/config.headers -I/tmp/petsc-oye27d1b/config.utilities.cacheDetails -I/tmp/petsc-oye27d1b/config.types -I/tmp/petsc-oye27d1b/config.functions -I/tmp/petsc-oye27d1b/config.utilities.featureTestMacros -I/tmp/petsc-oye27d1b/config.utilities.missing -I/tmp/petsc-oye27d1b/PETSc.options.sharedLibraries -I/tmp/petsc-oye27d1b/config.libraries -I/tmp/petsc-oye27d1b/PETSc.options.scalarTypes -I/tmp/petsc-oye27d1b/config.packages.MPI  -fPIC -Wall -Wwrite-strings -Wno-unknown-pragmas -Wno-lto-type-mismatch -Wno-stringop-overflow -fstack-protector -fvisibility=hidden -g -O   /tmp/petsc-oye27d1b/config.packages.MPI/conftest.c 
Successful compile:
Source:
#include "confdefs.h"
#include "conffix.h"
#include <mpi.h>

int main() {

     int sendbuf[2] = {1,2};
     int recvbuf[1];
     if (MPI_Reduce_scatter_block(sendbuf,recvbuf,1,MPI_INT,MPI_SUM,MPI_COMM_WORLD)) return 0;
    ;
  return 0;
}

Executing: /usr/bin/mpicc  -o /tmp/petsc-oye27d1b/config.packages.MPI/conftest    -fPIC -Wall -Wwrite-strings -Wno-unknown-pragmas -Wno-lto-type-mismatch -Wno-stringop-overflow -fstack-protector -fvisibility=hidden -g -O /tmp/petsc-oye27d1b/config.packages.MPI/conftest.o  -lquadmath 
                Defined "HAVE_MPI_REDUCE_SCATTER_BLOCK" to "1"
=============================================================================================
TESTING: configureMPI3 from config.packages.MPI(/home/lzy/projects/formal_3D_flow_solver/FEM_SimVascular/external/dependencies/sv1_1/petsc-3.19.6/config/BuildSystem/config/packages/MPI.py:464)
  Check for functions added to the interface in MPI-3
Executing: /usr/bin/mpicc -c -o /tmp/petsc-oye27d1b/config.packages.MPI/conftest.o -I/tmp/petsc-oye27d1b/config.compilerFlags -I/tmp/petsc-oye27d1b/config.setCompilers -I/tmp/petsc-oye27d1b/config.compilers -I/tmp/petsc-oye27d1b/config.headers -I/tmp/petsc-oye27d1b/config.utilities.cacheDetails -I/tmp/petsc-oye27d1b/config.types -I/tmp/petsc-oye27d1b/config.functions -I/tmp/petsc-oye27d1b/config.utilities.featureTestMacros -I/tmp/petsc-oye27d1b/config.utilities.missing -I/tmp/petsc-oye27d1b/PETSc.options.sharedLibraries -I/tmp/petsc-oye27d1b/config.libraries -I/tmp/petsc-oye27d1b/PETSc.options.scalarTypes -I/tmp/petsc-oye27d1b/config.packages.MPI  -fPIC -Wall -Wwrite-strings -Wno-unknown-pragmas -Wno-lto-type-mismatch -Wno-stringop-overflow -fstack-protector -fvisibility=hidden -g -O   /tmp/petsc-oye27d1b/config.packages.MPI/conftest.c 
Successful compile:
Source:
#include "confdefs.h"
#include "conffix.h"
#include <mpi.h>

int main() {
MPI_Comm scomm; MPI_Aint size=128; int disp_unit=8,*baseptr; MPI_Win win;
                       if (MPI_Comm_split_type(MPI_COMM_WORLD, MPI_COMM_TYPE_SHARED, 0, MPI_INFO_NULL, &scomm)) { }
                       if (MPI_Win_allocate_shared(size,disp_unit,MPI_INFO_NULL,MPI_COMM_WORLD,&baseptr,&win)) { }
                       if (MPI_Win_shared_query(win,0,&size,&disp_unit,&baseptr)) { }
;
  return 0;
}

Executing: /usr/bin/mpicc  -o /tmp/petsc-oye27d1b/config.packages.MPI/conftest    -fPIC -Wall -Wwrite-strings -Wno-unknown-pragmas -Wno-lto-type-mismatch -Wno-stringop-overflow -fstack-protector -fvisibility=hidden -g -O /tmp/petsc-oye27d1b/config.packages.MPI/conftest.o  -lquadmath 
                Defined "HAVE_MPI_PROCESS_SHARED_MEMORY" to "1"
Executing: /usr/bin/mpicc -c -o /tmp/petsc-oye27d1b/config.packages.MPI/conftest.o -I/tmp/petsc-oye27d1b/config.compilerFlags -I/tmp/petsc-oye27d1b/config.setCompilers -I/tmp/petsc-oye27d1b/config.compilers -I/tmp/petsc-oye27d1b/config.headers -I/tmp/petsc-oye27d1b/config.utilities.cacheDetails -I/tmp/petsc-oye27d1b/config.types -I/tmp/petsc-oye27d1b/config.functions -I/tmp/petsc-oye27d1b/config.utilities.featureTestMacros -I/tmp/petsc-oye27d1b/config.utilities.missing -I/tmp/petsc-oye27d1b/PETSc.options.sharedLibraries -I/tmp/petsc-oye27d1b/config.libraries -I/tmp/petsc-oye27d1b/PETSc.options.scalarTypes -I/tmp/petsc-oye27d1b/config.packages.MPI  -fPIC -Wall -Wwrite-strings -Wno-unknown-pragmas -Wno-lto-type-mismatch -Wno-stringop-overflow -fstack-protector -fvisibility=hidden -g -O   /tmp/petsc-oye27d1b/config.packages.MPI/conftest.c 
Successful compile:
Source:
#include "confdefs.h"
#include "conffix.h"
#include <mpi.h>

int main() {

                        int send=0,recv,counts[2]={1,1},displs[2]={1,2}; MPI_Request req;
                        if (MPI_Iscatter(&send,1,MPI_INT,&recv,1,MPI_INT,0,MPI_COMM_WORLD,&req)) return 0;
                        if (MPI_Iscatterv(&send,counts,displs,MPI_INT,&recv,1,MPI_INT,0,MPI_COMM_WORLD,&req)) return 0;
                        if (MPI_Igather(&send,1,MPI_INT,&recv,1,MPI_INT,0,MPI_COMM_WORLD,&req)) return 0;
                        if (MPI_Igatherv(&send,1,MPI_INT,&recv,counts,displs,MPI_INT,0,MPI_COMM_WORLD,&req)) return 0;
                        if (MPI_Iallgather(&send,1,MPI_INT,&recv,1,MPI_INT,MPI_COMM_WORLD,&req)) return 0;
                        if (MPI_Iallgatherv(&send,1,MPI_INT,&recv,counts,displs,MPI_INT,MPI_COMM_WORLD,&req)) return 0;
                        if (MPI_Ialltoall(&send,1,MPI_INT,&recv,1,MPI_INT,MPI_COMM_WORLD,&req)) return 0;
                        if (MPI_Iallreduce(&send,&recv,1,MPI_INT,MPI_SUM,MPI_COMM_WORLD,&req)) return 0;
                        if (MPI_Ibarrier(MPI_COMM_WORLD,&req)) return 0;
                      ;
  return 0;
}

Executing: /usr/bin/mpicc  -o /tmp/petsc-oye27d1b/config.packages.MPI/conftest    -fPIC -Wall -Wwrite-strings -Wno-unknown-pragmas -Wno-lto-type-mismatch -Wno-stringop-overflow -fstack-protector -fvisibility=hidden -g -O /tmp/petsc-oye27d1b/config.packages.MPI/conftest.o  -lquadmath 
                Defined "HAVE_MPI_NONBLOCKING_COLLECTIVES" to "1"
Executing: /usr/bin/mpicc -c -o /tmp/petsc-oye27d1b/config.packages.MPI/conftest.o -I/tmp/petsc-oye27d1b/config.compilerFlags -I/tmp/petsc-oye27d1b/config.setCompilers -I/tmp/petsc-oye27d1b/config.compilers -I/tmp/petsc-oye27d1b/config.headers -I/tmp/petsc-oye27d1b/config.utilities.cacheDetails -I/tmp/petsc-oye27d1b/config.types -I/tmp/petsc-oye27d1b/config.functions -I/tmp/petsc-oye27d1b/config.utilities.featureTestMacros -I/tmp/petsc-oye27d1b/config.utilities.missing -I/tmp/petsc-oye27d1b/PETSc.options.sharedLibraries -I/tmp/petsc-oye27d1b/config.libraries -I/tmp/petsc-oye27d1b/PETSc.options.scalarTypes -I/tmp/petsc-oye27d1b/config.packages.MPI  -fPIC -Wall -Wwrite-strings -Wno-unknown-pragmas -Wno-lto-type-mismatch -Wno-stringop-overflow -fstack-protector -fvisibility=hidden -g -O   /tmp/petsc-oye27d1b/config.packages.MPI/conftest.c 
Possible ERROR while running compiler:exit code 0
stderr:
/tmp/petsc-oye27d1b/config.packages.MPI/conftest.c: In function ‘main’:
/tmp/petsc-oye27d1b/config.packages.MPI/conftest.c:8:28: warning: ‘MPI_Dist_graph_create_adjacent’ reading 4 bytes from a region of size 0 [-Wstringop-overread]
    8 |                        if (MPI_Dist_graph_create_adjacent(MPI_COMM_WORLD,0,0,MPI_WEIGHTS_EMPTY,0,0,MPI_WEIGHTS_EMPTY,MPI_INFO_NULL,0,&distcomm)) { }
      |                            ^~~~~~~~~~~~~~~~~~~~~~~~~~~~~~~~~~~~~~~~~~~~~~~~~~~~~~~~~~~~~~~~~~~~~~~~~~~~~~~~~~~~~~~~~~~~~~~~~~~~~~~~~~~~~~~~~~~~
/tmp/petsc-oye27d1b/config.packages.MPI/conftest.c:8:28: note: referencing argument 4 of type ‘const int[0]’
/tmp/petsc-oye27d1b/config.packages.MPI/conftest.c:8:28: note: referencing argument 6 of type ‘const int[0]’
/tmp/petsc-oye27d1b/config.packages.MPI/conftest.c:8:28: warning: ‘MPI_Dist_graph_create_adjacent’ reading 4 bytes from a region of size 0 [-Wstringop-overread]
/tmp/petsc-oye27d1b/config.packages.MPI/conftest.c:8:28: note: referencing argument 7 of type ‘const int[0]’
In file included from /tmp/petsc-oye27d1b/config.packages.MPI/conftest.c:3:
/usr/lib/x86_64-linux-gnu/openmpi/include/mpi.h:1422:20: note: in a call to function ‘MPI_Dist_graph_create_adjacent’
 1422 | OMPI_DECLSPEC  int MPI_Dist_graph_create_adjacent(MPI_Comm comm_old,
      |                    ^~~~~~~~~~~~~~~~~~~~~~~~~~~~~~
Source:
#include "confdefs.h"
#include "conffix.h"
#include <mpi.h>

int main() {
MPI_Comm distcomm; 
                       MPI_Request req; 
                       if (MPI_Dist_graph_create_adjacent(MPI_COMM_WORLD,0,0,MPI_WEIGHTS_EMPTY,0,0,MPI_WEIGHTS_EMPTY,MPI_INFO_NULL,0,&distcomm)) { }
                       if (MPI_Neighbor_alltoallv(0,0,0,MPI_INT,0,0,0,MPI_INT,distcomm)) { }
                       if (MPI_Ineighbor_alltoallv(0,0,0,MPI_INT,0,0,0,MPI_INT,distcomm,&req)) { }
;
  return 0;
}

Executing: /usr/bin/mpicc  -o /tmp/petsc-oye27d1b/config.packages.MPI/conftest    -fPIC -Wall -Wwrite-strings -Wno-unknown-pragmas -Wno-lto-type-mismatch -Wno-stringop-overflow -fstack-protector -fvisibility=hidden -g -O /tmp/petsc-oye27d1b/config.packages.MPI/conftest.o  -lquadmath 
                Defined "HAVE_MPI_NEIGHBORHOOD_COLLECTIVES" to "1"
Executing: /usr/bin/mpicc -c -o /tmp/petsc-oye27d1b/config.packages.MPI/conftest.o -I/tmp/petsc-oye27d1b/config.compilerFlags -I/tmp/petsc-oye27d1b/config.setCompilers -I/tmp/petsc-oye27d1b/config.compilers -I/tmp/petsc-oye27d1b/config.headers -I/tmp/petsc-oye27d1b/config.utilities.cacheDetails -I/tmp/petsc-oye27d1b/config.types -I/tmp/petsc-oye27d1b/config.functions -I/tmp/petsc-oye27d1b/config.utilities.featureTestMacros -I/tmp/petsc-oye27d1b/config.utilities.missing -I/tmp/petsc-oye27d1b/PETSc.options.sharedLibraries -I/tmp/petsc-oye27d1b/config.libraries -I/tmp/petsc-oye27d1b/PETSc.options.scalarTypes -I/tmp/petsc-oye27d1b/config.packages.MPI  -fPIC -Wall -Wwrite-strings -Wno-unknown-pragmas -Wno-lto-type-mismatch -Wno-stringop-overflow -fstack-protector -fvisibility=hidden -g -O   /tmp/petsc-oye27d1b/config.packages.MPI/conftest.c 
Possible ERROR while running compiler: exit code 1
stderr:
/tmp/petsc-oye27d1b/config.packages.MPI/conftest.c:7:3: error: #error This OpenMPI is not CUDA-aware
    7 |  #error This OpenMPI is not CUDA-aware
      |   ^~~~~
Source:
#include "confdefs.h"
#include "conffix.h"
#include<mpi.h>
 #include <mpi-ext.h>
 #if defined(MPIX_CUDA_AWARE_SUPPORT) && MPIX_CUDA_AWARE_SUPPORT
 #else
 #error This OpenMPI is not CUDA-aware
 #endif

int main() {
;
  return 0;
}

Executing: /usr/bin/mpicc -c -o /tmp/petsc-oye27d1b/config.packages.MPI/conftest.o -I/tmp/petsc-oye27d1b/config.compilerFlags -I/tmp/petsc-oye27d1b/config.setCompilers -I/tmp/petsc-oye27d1b/config.compilers -I/tmp/petsc-oye27d1b/config.headers -I/tmp/petsc-oye27d1b/config.utilities.cacheDetails -I/tmp/petsc-oye27d1b/config.types -I/tmp/petsc-oye27d1b/config.functions -I/tmp/petsc-oye27d1b/config.utilities.featureTestMacros -I/tmp/petsc-oye27d1b/config.utilities.missing -I/tmp/petsc-oye27d1b/PETSc.options.sharedLibraries -I/tmp/petsc-oye27d1b/config.libraries -I/tmp/petsc-oye27d1b/PETSc.options.scalarTypes -I/tmp/petsc-oye27d1b/config.packages.MPI  -fPIC -Wall -Wwrite-strings -Wno-unknown-pragmas -Wno-lto-type-mismatch -Wno-stringop-overflow -fstack-protector -fvisibility=hidden -g -O   /tmp/petsc-oye27d1b/config.packages.MPI/conftest.c 
Successful compile:
Source:
#include "confdefs.h"
#include "conffix.h"
#include <mpi.h>

int main() {
int ptr[1] = {0}; MPI_Win win = 0; if (MPI_Get_accumulate(ptr,1,MPI_INT,ptr,1,MPI_INT,0,0,1,MPI_INT,MPI_SUM,win)) { }
;
  return 0;
}

Executing: /usr/bin/mpicc  -o /tmp/petsc-oye27d1b/config.packages.MPI/conftest    -fPIC -Wall -Wwrite-strings -Wno-unknown-pragmas -Wno-lto-type-mismatch -Wno-stringop-overflow -fstack-protector -fvisibility=hidden -g -O /tmp/petsc-oye27d1b/config.packages.MPI/conftest.o  -lquadmath 
                Defined "HAVE_MPI_GET_ACCUMULATE" to "1"
Executing: /usr/bin/mpicc -c -o /tmp/petsc-oye27d1b/config.packages.MPI/conftest.o -I/tmp/petsc-oye27d1b/config.compilerFlags -I/tmp/petsc-oye27d1b/config.setCompilers -I/tmp/petsc-oye27d1b/config.compilers -I/tmp/petsc-oye27d1b/config.headers -I/tmp/petsc-oye27d1b/config.utilities.cacheDetails -I/tmp/petsc-oye27d1b/config.types -I/tmp/petsc-oye27d1b/config.functions -I/tmp/petsc-oye27d1b/config.utilities.featureTestMacros -I/tmp/petsc-oye27d1b/config.utilities.missing -I/tmp/petsc-oye27d1b/PETSc.options.sharedLibraries -I/tmp/petsc-oye27d1b/config.libraries -I/tmp/petsc-oye27d1b/PETSc.options.scalarTypes -I/tmp/petsc-oye27d1b/config.packages.MPI  -fPIC -Wall -Wwrite-strings -Wno-unknown-pragmas -Wno-lto-type-mismatch -Wno-stringop-overflow -fstack-protector -fvisibility=hidden -g -O   /tmp/petsc-oye27d1b/config.packages.MPI/conftest.c 
Successful compile:
Source:
#include "confdefs.h"
#include "conffix.h"
#include <mpi.h>

int main() {
int ptr[1]; MPI_Win win = 0; MPI_Request req; if (MPI_Rget(ptr,1,MPI_INT,0,1,1,MPI_INT,win,&req)) { }
;
  return 0;
}

Executing: /usr/bin/mpicc  -o /tmp/petsc-oye27d1b/config.packages.MPI/conftest    -fPIC -Wall -Wwrite-strings -Wno-unknown-pragmas -Wno-lto-type-mismatch -Wno-stringop-overflow -fstack-protector -fvisibility=hidden -g -O /tmp/petsc-oye27d1b/config.packages.MPI/conftest.o  -lquadmath 
                Defined "HAVE_MPI_RGET" to "1"
=============================================================================================
TESTING: configureMPI4 from config.packages.MPI(/home/lzy/projects/formal_3D_flow_solver/FEM_SimVascular/external/dependencies/sv1_1/petsc-3.19.6/config/BuildSystem/config/packages/MPI.py:533)
  Check for functions added to the interface in MPI-4
Executing: /usr/bin/mpicc -c -o /tmp/petsc-oye27d1b/config.packages.MPI/conftest.o -I/tmp/petsc-oye27d1b/config.compilerFlags -I/tmp/petsc-oye27d1b/config.setCompilers -I/tmp/petsc-oye27d1b/config.compilers -I/tmp/petsc-oye27d1b/config.headers -I/tmp/petsc-oye27d1b/config.utilities.cacheDetails -I/tmp/petsc-oye27d1b/config.types -I/tmp/petsc-oye27d1b/config.functions -I/tmp/petsc-oye27d1b/config.utilities.featureTestMacros -I/tmp/petsc-oye27d1b/config.utilities.missing -I/tmp/petsc-oye27d1b/PETSc.options.sharedLibraries -I/tmp/petsc-oye27d1b/config.libraries -I/tmp/petsc-oye27d1b/PETSc.options.scalarTypes -I/tmp/petsc-oye27d1b/config.packages.MPI  -fPIC -Wall -Wwrite-strings -Wno-unknown-pragmas -Wno-lto-type-mismatch -Wno-stringop-overflow -fstack-protector -fvisibility=hidden -g -O   /tmp/petsc-oye27d1b/config.packages.MPI/conftest.c 
Possible ERROR while running compiler:exit code 0
stderr:
/tmp/petsc-oye27d1b/config.packages.MPI/conftest.c: In function ‘main’:
/tmp/petsc-oye27d1b/config.packages.MPI/conftest.c:11:11: warning: implicit declaration of function ‘MPI_Send_c’; did you mean ‘MPI_Send’? [-Wimplicit-function-declaration]
   11 |       if (MPI_Send_c(buf,count,MPI_INT,dest,tag,MPI_COMM_WORLD)) return 1;
      |           ^~~~~~~~~~
      |           MPI_Send
/tmp/petsc-oye27d1b/config.packages.MPI/conftest.c:12:11: warning: implicit declaration of function ‘MPI_Send_init_c’; did you mean ‘MPI_Send_init’? [-Wimplicit-function-declaration]
   12 |       if (MPI_Send_init_c(buf,count,MPI_INT,dest,tag,MPI_COMM_WORLD,&req)) return 1;
      |           ^~~~~~~~~~~~~~~
      |           MPI_Send_init
/tmp/petsc-oye27d1b/config.packages.MPI/conftest.c:13:11: warning: implicit declaration of function ‘MPI_Isend_c’; did you mean ‘MPI_Isend’? [-Wimplicit-function-declaration]
   13 |       if (MPI_Isend_c(buf,count,MPI_INT,dest,tag,MPI_COMM_WORLD,&req)) return 1;
      |           ^~~~~~~~~~~
      |           MPI_Isend
/tmp/petsc-oye27d1b/config.packages.MPI/conftest.c:14:11: warning: implicit declaration of function ‘MPI_Recv_c’; did you mean ‘MPI_Recv’? [-Wimplicit-function-declaration]
   14 |       if (MPI_Recv_c(buf,count,MPI_INT,source,tag,MPI_COMM_WORLD,&stat)) return 1;
      |           ^~~~~~~~~~
      |           MPI_Recv
/tmp/petsc-oye27d1b/config.packages.MPI/conftest.c:15:11: warning: implicit declaration of function ‘MPI_Recv_init_c’; did you mean ‘MPI_Recv_init’? [-Wimplicit-function-declaration]
   15 |       if (MPI_Recv_init_c(buf,count,MPI_INT,source,tag,MPI_COMM_WORLD,&req)) return 1;
      |           ^~~~~~~~~~~~~~~
      |           MPI_Recv_init
/tmp/petsc-oye27d1b/config.packages.MPI/conftest.c:16:11: warning: implicit declaration of function ‘MPI_Irecv_c’; did you mean ‘MPI_Irecv’? [-Wimplicit-function-declaration]
   16 |       if (MPI_Irecv_c(buf,count,MPI_INT,source,tag,MPI_COMM_WORLD,&req)) return 1;
      |           ^~~~~~~~~~~
      |           MPI_Irecv
/tmp/petsc-oye27d1b/config.packages.MPI/conftest.c:17:11: warning: implicit declaration of function ‘MPI_Neighbor_alltoallv_c’; did you mean ‘MPI_Neighbor_alltoallv’? [-Wimplicit-function-declaration]
   17 |       if (MPI_Neighbor_alltoallv_c(0,0,0,MPI_INT,0,0,0,MPI_INT,MPI_COMM_WORLD)) return 1;
      |           ^~~~~~~~~~~~~~~~~~~~~~~~
      |           MPI_Neighbor_alltoallv
/tmp/petsc-oye27d1b/config.packages.MPI/conftest.c:18:11: warning: implicit declaration of function ‘MPI_Ineighbor_alltoallv_c’; did you mean ‘MPI_Ineighbor_alltoallv’? [-Wimplicit-function-declaration]
   18 |       if (MPI_Ineighbor_alltoallv_c(0,0,0,MPI_INT,0,0,0,MPI_INT,MPI_COMM_WORLD,&req)) return 1;
      |           ^~~~~~~~~~~~~~~~~~~~~~~~~
      |           MPI_Ineighbor_alltoallv
/tmp/petsc-oye27d1b/config.packages.MPI/conftest.c:19:9: warning: implicit declaration of function ‘MPI_Reduce_local_c’; did you mean ‘MPI_Reduce_local’? [-Wimplicit-function-declaration]
   19 |     if (MPI_Reduce_local_c(0,0,0,MPI_INT,MPI_SUM)) return 1;
      |         ^~~~~~~~~~~~~~~~~~
      |         MPI_Reduce_local
Source:
#include "confdefs.h"
#include "conffix.h"
#include <mpi.h>

int main() {

      int         buf[1]={0},dest=1,source=1,tag=0;
      MPI_Count   count=1;
      MPI_Request req;
      MPI_Status  stat;
      if (MPI_Send_c(buf,count,MPI_INT,dest,tag,MPI_COMM_WORLD)) return 1;
      if (MPI_Send_init_c(buf,count,MPI_INT,dest,tag,MPI_COMM_WORLD,&req)) return 1;
      if (MPI_Isend_c(buf,count,MPI_INT,dest,tag,MPI_COMM_WORLD,&req)) return 1;
      if (MPI_Recv_c(buf,count,MPI_INT,source,tag,MPI_COMM_WORLD,&stat)) return 1;
      if (MPI_Recv_init_c(buf,count,MPI_INT,source,tag,MPI_COMM_WORLD,&req)) return 1;
      if (MPI_Irecv_c(buf,count,MPI_INT,source,tag,MPI_COMM_WORLD,&req)) return 1;
      if (MPI_Neighbor_alltoallv_c(0,0,0,MPI_INT,0,0,0,MPI_INT,MPI_COMM_WORLD)) return 1;
      if (MPI_Ineighbor_alltoallv_c(0,0,0,MPI_INT,0,0,0,MPI_INT,MPI_COMM_WORLD,&req)) return 1;
    if (MPI_Reduce_local_c(0,0,0,MPI_INT,MPI_SUM)) return 1;
;
  return 0;
}

Executing: /usr/bin/mpicc  -o /tmp/petsc-oye27d1b/config.packages.MPI/conftest    -fPIC -Wall -Wwrite-strings -Wno-unknown-pragmas -Wno-lto-type-mismatch -Wno-stringop-overflow -fstack-protector -fvisibility=hidden -g -O /tmp/petsc-oye27d1b/config.packages.MPI/conftest.o  -lquadmath 
Possible ERROR while running linker: exit code 1
stderr:
/usr/bin/ld: /tmp/petsc-oye27d1b/config.packages.MPI/conftest.o: in function `main':
/tmp/petsc-oye27d1b/config.packages.MPI/conftest.c:11:(.text+0x39): undefined reference to `MPI_Send_c'
/usr/bin/ld: /tmp/petsc-oye27d1b/config.packages.MPI/conftest.c:12:(.text+0x80): undefined reference to `MPI_Send_init_c'
/usr/bin/ld: /tmp/petsc-oye27d1b/config.packages.MPI/conftest.c:13:(.text+0xc6): undefined reference to `MPI_Isend_c'
/usr/bin/ld: /tmp/petsc-oye27d1b/config.packages.MPI/conftest.c:14:(.text+0x110): undefined reference to `MPI_Recv_c'
/usr/bin/ld: /tmp/petsc-oye27d1b/config.packages.MPI/conftest.c:15:(.text+0x15a): undefined reference to `MPI_Recv_init_c'
/usr/bin/ld: /tmp/petsc-oye27d1b/config.packages.MPI/conftest.c:16:(.text+0x1a4): undefined reference to `MPI_Irecv_c'
/usr/bin/ld: /tmp/petsc-oye27d1b/config.packages.MPI/conftest.c:17:(.text+0x1eb): undefined reference to `MPI_Neighbor_alltoallv_c'
/usr/bin/ld: /tmp/petsc-oye27d1b/config.packages.MPI/conftest.c:18:(.text+0x234): undefined reference to `MPI_Ineighbor_alltoallv_c'
/usr/bin/ld: /tmp/petsc-oye27d1b/config.packages.MPI/conftest.c:19:(.text+0x269): undefined reference to `MPI_Reduce_local_c'
collect2: error: ld returned 1 exit status
Linker output before filtering:

/usr/bin/ld: /tmp/petsc-oye27d1b/config.packages.MPI/conftest.o: in function `main':
/tmp/petsc-oye27d1b/config.packages.MPI/conftest.c:11:(.text+0x39): undefined reference to `MPI_Send_c'
/usr/bin/ld: /tmp/petsc-oye27d1b/config.packages.MPI/conftest.c:12:(.text+0x80): undefined reference to `MPI_Send_init_c'
/usr/bin/ld: /tmp/petsc-oye27d1b/config.packages.MPI/conftest.c:13:(.text+0xc6): undefined reference to `MPI_Isend_c'
/usr/bin/ld: /tmp/petsc-oye27d1b/config.packages.MPI/conftest.c:14:(.text+0x110): undefined reference to `MPI_Recv_c'
/usr/bin/ld: /tmp/petsc-oye27d1b/config.packages.MPI/conftest.c:15:(.text+0x15a): undefined reference to `MPI_Recv_init_c'
/usr/bin/ld: /tmp/petsc-oye27d1b/config.packages.MPI/conftest.c:16:(.text+0x1a4): undefined reference to `MPI_Irecv_c'
/usr/bin/ld: /tmp/petsc-oye27d1b/config.packages.MPI/conftest.c:17:(.text+0x1eb): undefined reference to `MPI_Neighbor_alltoallv_c'
/usr/bin/ld: /tmp/petsc-oye27d1b/config.packages.MPI/conftest.c:18:(.text+0x234): undefined reference to `MPI_Ineighbor_alltoallv_c'
/usr/bin/ld: /tmp/petsc-oye27d1b/config.packages.MPI/conftest.c:19:(.text+0x269): undefined reference to `MPI_Reduce_local_c'
collect2: error: ld returned 1 exit status
Linker output after filtering:
/usr/bin/ld: /tmp/petsc-oye27d1b/config.packages.MPI/conftest.o: in function `main':
/tmp/petsc-oye27d1b/config.packages.MPI/conftest.c:11:(.text+0x39): undefined reference to `MPI_Send_c'
/usr/bin/ld: /tmp/petsc-oye27d1b/config.packages.MPI/conftest.c:12:(.text+0x80): undefined reference to `MPI_Send_init_c'
/usr/bin/ld: /tmp/petsc-oye27d1b/config.packages.MPI/conftest.c:13:(.text+0xc6): undefined reference to `MPI_Isend_c'
/usr/bin/ld: /tmp/petsc-oye27d1b/config.packages.MPI/conftest.c:14:(.text+0x110): undefined reference to `MPI_Recv_c'
/usr/bin/ld: /tmp/petsc-oye27d1b/config.packages.MPI/conftest.c:15:(.text+0x15a): undefined reference to `MPI_Recv_init_c'
/usr/bin/ld: /tmp/petsc-oye27d1b/config.packages.MPI/conftest.c:16:(.text+0x1a4): undefined reference to `MPI_Irecv_c'
/usr/bin/ld: /tmp/petsc-oye27d1b/config.packages.MPI/conftest.c:17:(.text+0x1eb): undefined reference to `MPI_Neighbor_alltoallv_c'
/usr/bin/ld: /tmp/petsc-oye27d1b/config.packages.MPI/conftest.c:18:(.text+0x234): undefined reference to `MPI_Ineighbor_alltoallv_c'
/usr/bin/ld: /tmp/petsc-oye27d1b/config.packages.MPI/conftest.c:19:(.text+0x269): undefined reference to `MPI_Reduce_local_c'
collect2: error: ld returned 1 exit status
=============================================================================================
TESTING: configureMPIX from config.packages.MPI(/home/lzy/projects/formal_3D_flow_solver/FEM_SimVascular/external/dependencies/sv1_1/petsc-3.19.6/config/BuildSystem/config/packages/MPI.py:563)
  Check for experimental functions added by MPICH or OpenMPI as MPIX
=============================================================================================
TESTING: configureMPIEXEC from config.packages.MPI(/home/lzy/projects/formal_3D_flow_solver/FEM_SimVascular/external/dependencies/sv1_1/petsc-3.19.6/config/BuildSystem/config/packages/MPI.py:205)
  Checking for location of mpiexec
    Checking for program /usr/bin/mpiexec...found
Running Executable with threads to time it out at 60
Executing: /usr/bin/mpiexec -help all
stdout:
mpiexec (OpenRTE) 4.1.6
Usage: mpiexec [OPTION]...  [PROGRAM]...
Start the given program using Open RTE
   -allow-run-as-root|--allow-run-as-root 
                         Allow execution as root (STRONGLY DISCOURAGED)
   -am <arg0>            Aggregate MCA parameter set file list
   --app <arg0>          Provide an appfile; ignore all other command line
                         options
   --bind-to <arg0>      Policy for binding processes. Allowed values: none,
                         hwthread, core, l1cache, l2cache, l3cache, socket,
                         numa, board, cpu-list ("none" is the default when
                         oversubscribed, "core" is the default when np<=2,
                         and "socket" is the default when np>2). Allowed
                         qualifiers: overload-allowed, if-supported,
                         ordered
   -bind-to-core|--bind-to-core 
                         Bind processes to cores
   -bind-to-socket|--bind-to-socket 
                         Bind processes to sockets
   -bycore|--bycore      Whether to map and rank processes round-robin by
                         core
   -bynode|--bynode      Whether to map and rank processes round-robin by
                         node
   -byslot|--byslot      Whether to map and rank processes round-robin by
                         slot
-c|-np|--np <arg0>       Number of processes to run
   -cf|--cartofile <arg0>  
                         Provide a cartography file
   -continuous|--continuous 
                         Job is to run until explicitly terminated
   -cpu-list|--cpu-list <arg0>  
                         List of processor IDs to bind processes to
                         [default=NULL]
   -cpu-set|--cpu-set <arg0>  
                         Comma-separated list of ranges specifying logical
                         cpus allocated to this job [default: none]
   -cpus-per-proc|--cpus-per-proc <arg0>  
                         Number of cpus to use for each process [default=1]
   -cpus-per-rank|--cpus-per-rank <arg0>  
                         Synonym for cpus-per-proc
-d|-debug-devel|--debug-devel 
                         Enable debugging of OpenRTE
   -debug|--debug        Invoke the user-level debugger indicated by the
                         orte_base_user_debugger MCA parameter
   -debug-daemons|--debug-daemons 
                         Enable debugging of any OpenRTE daemons used by
                         this application
   -debug-daemons-file|--debug-daemons-file 
                         Enable debugging of any OpenRTE daemons used by
                         this application, storing output in files
   -debugger|--debugger <arg0>  
                         Sequence of debuggers to search for when "--debug"
                         is used
   -default-hostfile|--default-hostfile <arg0>  
                         Provide a default hostfile
   -disable-recovery|--disable-recovery 
                         Disable recovery (resets all recovery options to
                         off)
   -display-allocation|--display-allocation 
                         Display the allocation being used by this job
   -display-devel-allocation|--display-devel-allocation 
                         Display a detailed list (mostly intended for
                         developers) of the allocation being used by this
                         job
   -display-devel-map|--display-devel-map 
                         Display a detailed process map (mostly intended for
                         developers) just before launch
   -display-diffable-map|--display-diffable-map 
                         Display a diffable process map (mostly intended for
                         developers) just before launch
   -display-map|--display-map 
                         Display the process map just before launch
   -display-topo|--display-topo 
                         Display the topology as part of the process map
                         (mostly intended for developers) just before
                         launch
   -do-not-launch|--do-not-launch 
                         Perform all necessary operations to prepare to
                         launch the application, but do not actually launch
                         it
   -do-not-resolve|--do-not-resolve 
                         Do not attempt to resolve interfaces
   -dvm|--dvm            Create a persistent distributed virtual machine
                         (DVM)
   -enable-instant-on-support|--enable-instant-on-support 
                         Enable PMIx-based instant on launch support
                         (experimental)
   -enable-recovery|--enable-recovery 
                         Enable recovery from process failure [Default =
                         disabled]
   -fwd-mpirun-port|--fwd-mpirun-port 
                         Forward mpirun port to compute node daemons so all
                         will use it
   -get-stack-traces|--get-stack-traces 
                         Get stack traces of all application procs on
                         timeout
   -gmca|--gmca <arg0> <arg1>  
                         Pass global MCA parameters that are applicable to
                         all contexts (arg0 is the parameter name; arg1 is
                         the parameter value)
-h|--help <arg0>         This help message
-H|-host|--host <arg0>   List of hosts to invoke processes on
   -hnp|--hnp <arg0>     Specify the URI of the HNP, or the name of the file
                         (specified as file:filename) that contains that
                         info
   -hostfile|--hostfile <arg0>  
                         Provide a hostfile
   -index-argv-by-rank|--index-argv-by-rank 
                         Uniquely index argv[0] for each process using its
                         rank
   -launch-agent|--launch-agent <arg0>  
                         Command used to start processes on remote nodes
                         (default: orted)
   -leave-session-attached|--leave-session-attached 
                         Enable debugging of OpenRTE
   -machinefile|--machinefile <arg0>  
                         Provide a hostfile
   --map-by <arg0>       Mapping Policy [slot | hwthread | core | socket
                         (default) | numa | board | node]
   -max-restarts|--max-restarts <arg0>  
                         Max number of times to restart a failed process
   -max-vm-size|--max-vm-size <arg0>  
                         Number of processes to run
   -mca|--mca <arg0> <arg1>  
                         Pass context-specific MCA parameters; they are
                         considered global if --gmca is not used and only
                         one context is specified (arg0 is the parameter
                         name; arg1 is the parameter value)
   -merge-stderr-to-stdout|--merge-stderr-to-stdout 
                         Merge stderr to stdout for each process
   -N <arg0>             Launch n processes per node on all allocated nodes
                         (synonym for 'map-by node')
   -n|--n <arg0>         Number of processes to run
   -nolocal|--nolocal    Do not run any MPI applications on the local node
   -nooversubscribe|--nooversubscribe 
                         Nodes are not to be oversubscribed, even if the
                         system supports such operation
   --noprefix            Disable automatic --prefix behavior
   -novm|--novm          Execute without creating an allocation-spanning
                         virtual machine (only start daemons on nodes
                         hosting application procs)
   -npernode|--npernode <arg0>  
                         Launch n processes per node on all allocated nodes
   -npersocket|--npersocket <arg0>  
                         Launch n processes per socket on all allocated
                         nodes
   -ompi-server|--ompi-server <arg0>  
                         Specify the URI of the publish/lookup server, or
                         the name of the file (specified as file:filename)
                         that contains that info
   -output-filename|--output-filename <arg0>  
                         Redirect output from application processes into
                         filename/job/rank/std[out,err,diag]. A relative
                         path value will be converted to an absolute path
   -output-proctable|--output-proctable 
                         Output the debugger proctable after launch
   -oversubscribe|--oversubscribe 
                         Nodes are allowed to be oversubscribed, even on a
                         managed system, and overloading of processing
                         elements
   -path|--path <arg0>   PATH to be used to look for executables to start
                         processes
   -pernode|--pernode    Launch one process per available node
   -personality|--personality <arg0>  
                         Comma-separated list of programming model,
                         languages, and containers being used
                         (default="ompi")
   --ppr <arg0>          Comma-separated list of number of processes on a
                         given resource type [default: none]
   --prefix <arg0>       Prefix where Open MPI is installed on remote nodes
   --preload-files <arg0>  
                         Preload the comma separated list of files to the
                         remote machines current working directory before
                         starting the remote process.
-q|--quiet               Suppress helpful messages
   --rank-by <arg0>      Ranking Policy [slot (default) | hwthread | core |
                         socket | numa | board | node]
   -report-bindings|--report-bindings 
                         Whether to report process bindings to stderr
   -report-child-jobs-separately|--report-child-jobs-separately 
                         Return the exit status of the primary job only
   -report-events|--report-events <arg0>  
                         Report events to a tool listening at the specified
                         URI
   -report-pid|--report-pid <arg0>  
                         Printout pid on stdout [-], stderr [+], or a file
                         [anything else]
   -report-state-on-timeout|--report-state-on-timeout 
                         Report all job and process states upon timeout
   -report-uri|--report-uri <arg0>  
                         Printout URI on stdout [-], stderr [+], or a file
                         [anything else]
   -rf|--rankfile <arg0>  
                         Provide a rankfile file
-s|--preload-binary      Preload the binary on the remote machine before
                         starting the remote process.
   -set-cwd-to-session-dir|--set-cwd-to-session-dir 
                         Set the working directory of the started processes
                         to their session directory
   -show-progress|--show-progress 
                         Output a brief periodic report on launch progress
   -stdin|--stdin <arg0>  
                         Specify procs to receive stdin [rank, all, none]
                         (default: 0, indicating rank 0)
   -tag-output|--tag-output 
                         Tag all output with [job,rank]
   -timeout|--timeout <arg0>  
                         Timeout the job after the specified number of
                         seconds
   -timestamp-output|--timestamp-output 
                         Timestamp all application process output
   -tune <arg0>          Application profile options file list
   -tv|--tv              Deprecated backwards compatibility flag; synonym
                         for "--debug"
   -use-hwthread-cpus|--use-hwthread-cpus 
                         Use hardware threads as independent cpus
   -use-regexp|--use-regexp 
                         Use regular expressions for launch
-v|--verbose             Be verbose
-V|--version             Print version and exit
   -wd|--wd <arg0>       Synonym for --wdir
   -wdir|--wdir <arg0>   Set the working directory of the started processes
-x <arg0>                Export an environment variable, optionally
                         specifying a value (e.g., "-x foo" exports the
                         environment variable foo and takes its value from
                         the current environment; "-x foo=bar" exports the
                         environment variable name foo and sets its value to
                         "bar" in the started processes)
   -xml|--xml            Provide all output in XML format
   -xml-file|--xml-file <arg0>  
                         Provide all output in XML format to the specified
                         file
   -xterm|--xterm <arg0>  
                         Create a new xterm window and display output from
                         the specified ranks there
For additional mpirun arguments, run 'mpirun --help <category>'
The following categories exist: general (Defaults to this option), debug,
    output, input, mapping, ranking, binding, devel (arguments useful to OMPI
    Developers), compatibility (arguments supported for backwards compatibility),
    launch (arguments to modify launch options), and dvm (Distributed Virtual
    Machine arguments).
Report bugs to http://www.open-mpi.org/community/help/
    Checking for program /usr/bin/mpiexec...found
Running Executable with threads to time it out at 120
Executing: /usr/bin/mpiexec -n 1 printenv
stdout:
OMPI_MCA_pmix=^s1,s2,cray,isolated
PMIX_MCA_mca_base_component_show_load_errors=1
OMPI_COMMAND=printenv
OMPI_MCA_orte_precondition_transports=8d8b98a32d1709fa-d25e68bdac938fcd
LESSOPEN=| /usr/bin/lesspipe %s
VSCODE_CWD=/mnt/d/Microsoft VS Code
VSCODE_ESM_ENTRYPOINT=vs/workbench/api/node/extensionHostProcess
CONDA_PROMPT_MODIFIER=(base) 
CODEX_CI=1
CMAKE_BUILD_PARALLEL_LEVEL=4
USER=lzy
CODEX_INTERNAL_ORIGINATOR_OVERRIDE=codex_vscode
VSCODE_NLS_CONFIG={"userLocale":"en","osLocale":"en","resolvedLanguage":"en","defaultMessagesFile":"/home/lzy/.vscode-server/bin/7debcd0e2acdea1c52de81bf9ee1620444407dda/out/nls.messages.json","locale":"en","availableLanguages":{}}
VSCODE_WSL_EXT_LOCATION=/mnt/c/Users/lzy/.vscode/extensions/ms-vscode-remote.remote-wsl-0.104.3
VSCODE_HANDLES_UNCAUGHT_ERRORS=true
DEBUG=release
SHLVL=0
LD_LIBRARY_PATH=/usr/lib:/usr/lib:/home/lzy/projects/formal_3D_flow_solver/FEM_SimVascular/external/install/sv1_1/petsc/lib:/home/lzy/projects/formal_3D_flow_solver/FEM_SimVascular/external/install/vtk/lib
HOME=/home/lzy
CONDA_SHLVL=1
VSCODE_RECONNECTION_GRACE_TIME=10800000
VSCODE_IPC_HOOK_CLI=/run/user/1000/vscode-ipc-371af6fd-8807-4a87-87d8-2194a69d7f8a.sock
PAGER=cat
LC_CTYPE=C.UTF-8
NO_COLOR=1
DBUS_SESSION_BUS_ADDRESS=unix:path=/run/user/1000/bus
COLORTERM=
_CE_M=
WSL_DISTRO_NAME=Ubuntu
_CONDA_ROOT=/home/lzy/miniconda3
DEBUGINFOD_URLS=https://debuginfod.ubuntu.com 
WAYLAND_DISPLAY=wayland-0
CODEX_PERMISSION_PROFILE=:danger-full-access
APPLICATION_INSIGHTS_NO_STATSBEAT=true
LOGNAME=lzy
NAME=localhost
WSL_INTEROP=/run/WSL/3279_interop
VSCODE_HANDLES_SIGPIPE=true
PULSE_SERVER=unix:/mnt/wslg/PulseServer
_=.venv/bin/python
RUST_LOG=warn
PKG_CONFIG_PATH=
TERM=dumb
COLUMNS=80
_CE_CONDA=
PATH=/usr/bin:/usr/bin:/usr/bin:/bin
CODEX_VERSION=0.154.0-alpha.6.1
CODEX_SESSION_ID=01a0b053-3f7f-7c22-be3d-07e998af9fd4
XDG_RUNTIME_DIR=/run/user/1000/
DISPLAY=:0
LANG=C.UTF-8
GH_PAGER=cat
LS_COLORS=rs=0:di=01;34:ln=01;36:mh=00:pi=40;33:so=01;35:do=01;35:bd=40;33;01:cd=40;33;01:or=40;31;01:mi=00:su=37;41:sg=30;43:ca=00:tw=30;42:ow=34;42:st=37;44:ex=01;32:*.tar=01;31:*.tgz=01;31:*.arc=01;31:*.arj=01;31:*.taz=01;31:*.lha=01;31:*.lz4=01;31:*.lzh=01;31:*.lzma=01;31:*.tlz=01;31:*.txz=01;31:*.tzo=01;31:*.t7z=01;31:*.zip=01;31:*.z=01;31:*.dz=01;31:*.gz=01;31:*.lrz=01;31:*.lz=01;31:*.lzo=01;31:*.xz=01;31:*.zst=01;31:*.tzst=01;31:*.bz2=01;31:*.bz=01;31:*.tbz=01;31:*.tbz2=01;31:*.tz=01;31:*.deb=01;31:*.rpm=01;31:*.jar=01;31:*.war=01;31:*.ear=01;31:*.sar=01;31:*.rar=01;31:*.alz=01;31:*.ace=01;31:*.zoo=01;31:*.cpio=01;31:*.7z=01;31:*.rz=01;31:*.cab=01;31:*.wim=01;31:*.swm=01;31:*.dwm=01;31:*.esd=01;31:*.avif=01;35:*.jpg=01;35:*.jpeg=01;35:*.mjpg=01;35:*.mjpeg=01;35:*.gif=01;35:*.bmp=01;35:*.pbm=01;35:*.pgm=01;35:*.ppm=01;35:*.tga=01;35:*.xbm=01;35:*.xpm=01;35:*.tif=01;35:*.tiff=01;35:*.png=01;35:*.svg=01;35:*.svgz=01;35:*.mng=01;35:*.pcx=01;35:*.mov=01;35:*.mpg=01;35:*.mpeg=01;35:*.m2v=01;35:*.mkv=01;35:*.webm=01;35:*.webp=01;35:*.ogm=01;35:*.mp4=01;35:*.m4v=01;35:*.mp4v=01;35:*.vob=01;35:*.qt=01;35:*.nuv=01;35:*.wmv=01;35:*.asf=01;35:*.rm=01;35:*.rmvb=01;35:*.flc=01;35:*.avi=01;35:*.fli=01;35:*.flv=01;35:*.gl=01;35:*.dl=01;35:*.xcf=01;35:*.xwd=01;35:*.yuv=01;35:*.cgm=01;35:*.emf=01;35:*.ogv=01;35:*.ogx=01;35:*.aac=00;36:*.au=00;36:*.flac=00;36:*.m4a=00;36:*.mid=00;36:*.midi=00;36:*.mka=00;36:*.mp3=00;36:*.mpc=00;36:*.ogg=00;36:*.ra=00;36:*.wav=00;36:*.oga=00;36:*.opus=00;36:*.spx=00;36:*.xspf=00;36:*~=00;90:*#=00;90:*.bak=00;90:*.crdownload=00;90:*.dpkg-dist=00;90:*.dpkg-new=00;90:*.dpkg-old=00;90:*.dpkg-tmp=00;90:*.old=00;90:*.orig=00;90:*.part=00;90:*.rej=00;90:*.rpmnew=00;90:*.rpmorig=00;90:*.rpmsave=00;90:*.swp=00;90:*.tmp=00;90:*.ucf-dist=00;90:*.ucf-new=00;90:*.ucf-old=00;90:
CONDA_PYTHON_EXE=/home/lzy/miniconda3/bin/python
SHELL=/bin/bash
ELECTRON_RUN_AS_NODE=1
LESSCLOSE=/usr/bin/lesspipe %s %s
CONDA_DEFAULT_ENV=base
CODEX_THREAD_ID=01a0b053-3f7f-7c22-be3d-07e998af9fd4
_CONDA_EXE=/home/lzy/miniconda3/bin/conda
GIT_PAGER=cat
PWD=/home/lzy/projects/formal_3D_flow_solver/FEM_SimVascular/external/dependencies/sv1_1/petsc-3.19.6
LC_ALL=C.UTF-8
CONDA_EXE=/home/lzy/miniconda3/bin/conda
XDG_DATA_DIRS=/usr/local/share:/usr/share:/var/lib/snapd/desktop
OMP_NUM_THREADS=1
LINES=24
CONDA_PREFIX=/home/lzy/miniconda3
WSL2_GUI_APPS_ENABLED=1
HOSTTYPE=x86_64
WSLENV=VSCODE_WSL_EXT_LOCATION/up
IPATH_NO_BACKTRACE=1
HFI_NO_BACKTRACE=1
OMPI_MCA_orte_local_daemon_uri=388431872.0;tcp://192.168.1.246,169.254.83.107:45809;tcp6://[2001:8e0:21ba:8801:54f8:c978:b935:604d,2001:8e0:21ba:8801:592:82d:4121:8af7]:48583
OMPI_MCA_orte_hnp_uri=388431872.0;tcp://192.168.1.246,169.254.83.107:45809;tcp6://[2001:8e0:21ba:8801:54f8:c978:b935:604d,2001:8e0:21ba:8801:592:82d:4121:8af7]:48583
OMPI_MCA_mpi_oversubscribe=0
OMPI_MCA_orte_app_num=0
OMPI_UNIVERSE_SIZE=12
OMPI_MCA_orte_num_nodes=1
OMPI_MCA_shmem_RUNTIME_QUERY_hint=mmap
OMPI_MCA_orte_bound_at_launch=1
OMPI_MCA_ess=^singleton
OMPI_MCA_orte_ess_num_procs=1
OMPI_COMM_WORLD_SIZE=1
OMPI_COMM_WORLD_LOCAL_SIZE=1
OMPI_MCA_orte_tmpdir_base=/tmp
OMPI_MCA_orte_top_session_dir=/tmp/ompi.localhost.1000
OMPI_MCA_orte_jobfam_session_dir=/tmp/ompi.localhost.1000/pid.313260
OMPI_NUM_APP_CTX=1
OMPI_FIRST_RANKS=0
OMPI_APP_CTX_NUM_PROCS=1
OMPI_MCA_initial_wdir=/home/lzy/projects/formal_3D_flow_solver/FEM_SimVascular/external/dependencies/sv1_1/petsc-3.19.6
OMPI_MCA_orte_launch=1
PMIX_NAMESPACE=388431873
PMIX_RANK=0
PMIX_SERVER_URI41=388431872.0;tcp4://127.0.0.1:45999
PMIX_SERVER_URI4=388431872.0;tcp4://127.0.0.1:45999
PMIX_SERVER_URI3=388431872.0;tcp4://127.0.0.1:45999
PMIX_SERVER_URI2=388431872.0;tcp4://127.0.0.1:45999
PMIX_SERVER_URI21=388431872.0;tcp4://127.0.0.1:45999
PMIX_SECURITY_MODE=native
PMIX_BFROP_BUFFER_TYPE=PMIX_BFROP_BUFFER_NON_DESC
PMIX_GDS_MODULE=shmem,hash
PMIX_SERVER_TMPDIR=/tmp/ompi.localhost.1000/pid.313260
PMIX_SYSTEM_TMPDIR=/tmp
PMIX_HOSTNAME=localhost
PMIX_VERSION=5.0.1a1
OMPI_MCA_ess_base_jobid=388431873
OMPI_MCA_ess_base_vpid=0
OMPI_COMM_WORLD_RANK=0
OMPI_COMM_WORLD_LOCAL_RANK=0
OMPI_COMM_WORLD_NODE_RANK=0
OMPI_MCA_orte_ess_node_rank=0
PMIX_ID=388431873.0
OMPI_FILE_LOCATION=/tmp/ompi.localhost.1000/pid.313260/0/0
                Defined "HAVE_MPIEXEC_ENVIRONMENTAL_VARIABLE" to "OMP"
                Defined make macro "MPIEXEC" to "/usr/bin/mpiexec --oversubscribe"
    Checking for program /usr/libexec/ApplicationFirewall/socketfilterfw...not found
    Checking for program /home/lzy/projects/formal_3D_flow_solver/FEM_SimVascular/external/dependencies/sv1_1/petsc-3.19.6/lib/petsc/bin/win32fe/socketfilterfw...not found
  Unable to find programs: ['socketfilterfw'] in listing of the specific search path: ['/usr/libexec/ApplicationFirewall']
      Warning accessing /usr/libexec/ApplicationFirewall gives errors: [Errno 2] No such file or directory: '/usr/libexec/ApplicationFirewall'
    Checking for program /usr/bin/hostname...found
                  Defined make macro "HOSTNAME" to "hostname"
Running Executable with threads to time it out at 60
Executing: hostname
stdout: localhost
              Return code from hostname: 0

              Hostname works, running network checks
    Checking for program /sbin/ping...not found
    Checking for program /usr/bin/ping...found
                  Defined make macro "PING" to "ping"
Running Executable with threads to time it out at 60
Executing: ping -c 2 localhost
stdout:
PING localhost (127.0.0.1) 56(84) bytes of data.
64 bytes from localhost (127.0.0.1): icmp_seq=1 ttl=64 time=0.910 ms
64 bytes from localhost (127.0.0.1): icmp_seq=2 ttl=64 time=0.021 ms
--- localhost ping statistics ---
2 packets transmitted, 2 received, 0% packet loss, time 1011ms
rtt min/avg/max/mdev = 0.021/0.465/0.910/0.444 ms
              Return code from ping: 0

=============================================================================================
======== Checking running linked program
Executing: /usr/bin/mpicc -c -o /tmp/petsc-oye27d1b/config.packages.MPI/conftest.o -I/tmp/petsc-oye27d1b/config.compilerFlags -I/tmp/petsc-oye27d1b/config.setCompilers -I/tmp/petsc-oye27d1b/config.compilers -I/tmp/petsc-oye27d1b/config.headers -I/tmp/petsc-oye27d1b/config.utilities.cacheDetails -I/tmp/petsc-oye27d1b/config.types -I/tmp/petsc-oye27d1b/config.functions -I/tmp/petsc-oye27d1b/config.utilities.featureTestMacros -I/tmp/petsc-oye27d1b/config.utilities.missing -I/tmp/petsc-oye27d1b/PETSc.options.sharedLibraries -I/tmp/petsc-oye27d1b/config.libraries -I/tmp/petsc-oye27d1b/PETSc.options.scalarTypes -I/tmp/petsc-oye27d1b/config.packages.MPI  -fPIC -Wall -Wwrite-strings -Wno-unknown-pragmas -Wno-lto-type-mismatch -Wno-stringop-overflow -fstack-protector -fvisibility=hidden -g -O  /tmp/petsc-oye27d1b/config.packages.MPI/conftest.c 
Successful compile:
Source:
#include "confdefs.h"
#include "conffix.h"
#include <mpi.h>

int main() {
MPI_Init(0,0);
MPI_Finalize();
;
  return 0;
}

Executing: /usr/bin/mpicc  -o /tmp/petsc-oye27d1b/config.packages.MPI/conftest    -fPIC -Wall -Wwrite-strings -Wno-unknown-pragmas -Wno-lto-type-mismatch -Wno-stringop-overflow -fstack-protector -fvisibility=hidden -g -O /tmp/petsc-oye27d1b/config.packages.MPI/conftest.o -lquadmath 
Testing executable /tmp/petsc-oye27d1b/config.packages.MPI/conftest to see if it can be run
Executing: /usr/bin/mpiexec --oversubscribe -n 1 /tmp/petsc-oye27d1b/config.packages.MPI/conftest
Running Executable with threads to time it out at 120
Executing: /usr/bin/mpiexec --oversubscribe -n 1 /tmp/petsc-oye27d1b/config.packages.MPI/conftest
=============================================================================================
TESTING: configureMPIEXEC_TAIL from config.packages.MPI(/home/lzy/projects/formal_3D_flow_solver/FEM_SimVascular/external/dependencies/sv1_1/petsc-3.19.6/config/BuildSystem/config/packages/MPI.py:194)
  Checking for location of mpiexec_tail
                Defined make macro "MPIEXEC_TAIL" to ""
=============================================================================================
TESTING: configureMPITypes from config.packages.MPI(/home/lzy/projects/formal_3D_flow_solver/FEM_SimVascular/external/dependencies/sv1_1/petsc-3.19.6/config/BuildSystem/config/packages/MPI.py:599)
  Checking for MPI Datatype handles
Executing: /usr/bin/mpicc -c -o /tmp/petsc-oye27d1b/config.packages.MPI/conftest.o -I/tmp/petsc-oye27d1b/config.compilerFlags -I/tmp/petsc-oye27d1b/config.setCompilers -I/tmp/petsc-oye27d1b/config.compilers -I/tmp/petsc-oye27d1b/config.headers -I/tmp/petsc-oye27d1b/config.utilities.cacheDetails -I/tmp/petsc-oye27d1b/config.types -I/tmp/petsc-oye27d1b/config.functions -I/tmp/petsc-oye27d1b/config.utilities.featureTestMacros -I/tmp/petsc-oye27d1b/config.utilities.missing -I/tmp/petsc-oye27d1b/PETSc.options.sharedLibraries -I/tmp/petsc-oye27d1b/config.libraries -I/tmp/petsc-oye27d1b/PETSc.options.scalarTypes -I/tmp/petsc-oye27d1b/config.packages.MPI  -fPIC -Wall -Wwrite-strings -Wno-unknown-pragmas -Wno-lto-type-mismatch -Wno-stringop-overflow -fstack-protector -fvisibility=hidden -g -O   /tmp/petsc-oye27d1b/config.packages.MPI/conftest.c 
Successful compile:
Source:
#include "confdefs.h"
#include "conffix.h"
#include <stdlib.h>
#include <mpi.h>

int main() {
int size;
int ierr;
MPI_Init(0,0);
ierr = MPI_Type_size(MPI_LONG_DOUBLE, &size);
if(ierr || (size == 0)) exit(1);
MPI_Finalize();
;
  return 0;
}

                Defined "HAVE_MPI_LONG_DOUBLE" to "1"
Executing: /usr/bin/mpicc -c -o /tmp/petsc-oye27d1b/config.packages.MPI/conftest.o -I/tmp/petsc-oye27d1b/config.compilerFlags -I/tmp/petsc-oye27d1b/config.setCompilers -I/tmp/petsc-oye27d1b/config.compilers -I/tmp/petsc-oye27d1b/config.headers -I/tmp/petsc-oye27d1b/config.utilities.cacheDetails -I/tmp/petsc-oye27d1b/config.types -I/tmp/petsc-oye27d1b/config.functions -I/tmp/petsc-oye27d1b/config.utilities.featureTestMacros -I/tmp/petsc-oye27d1b/config.utilities.missing -I/tmp/petsc-oye27d1b/PETSc.options.sharedLibraries -I/tmp/petsc-oye27d1b/config.libraries -I/tmp/petsc-oye27d1b/PETSc.options.scalarTypes -I/tmp/petsc-oye27d1b/config.packages.MPI  -fPIC -Wall -Wwrite-strings -Wno-unknown-pragmas -Wno-lto-type-mismatch -Wno-stringop-overflow -fstack-protector -fvisibility=hidden -g -O   /tmp/petsc-oye27d1b/config.packages.MPI/conftest.c 
Successful compile:
Source:
#include "confdefs.h"
#include "conffix.h"
#include <stdlib.h>
#include <mpi.h>

int main() {
int size;
int ierr;
MPI_Init(0,0);
ierr = MPI_Type_size(MPI_INT64_T, &size);
if(ierr || (size == 0)) exit(1);
MPI_Finalize();
;
  return 0;
}

                Defined "HAVE_MPI_INT64_T" to "1"
=============================================================================================
TESTING: SGIMPICheck from config.packages.MPI(/home/lzy/projects/formal_3D_flow_solver/FEM_SimVascular/external/dependencies/sv1_1/petsc-3.19.6/config/BuildSystem/config/packages/MPI.py:645)
  Returns true if SGI MPI is used
                Checking for functions [MPI_SGI_barrier] in library [] []
Executing: /usr/bin/mpicc -c -o /tmp/petsc-oye27d1b/config.libraries/conftest.o -I/tmp/petsc-oye27d1b/config.compilerFlags -I/tmp/petsc-oye27d1b/config.setCompilers -I/tmp/petsc-oye27d1b/config.compilers -I/tmp/petsc-oye27d1b/config.headers -I/tmp/petsc-oye27d1b/config.utilities.cacheDetails -I/tmp/petsc-oye27d1b/config.types -I/tmp/petsc-oye27d1b/config.functions -I/tmp/petsc-oye27d1b/config.utilities.featureTestMacros -I/tmp/petsc-oye27d1b/config.utilities.missing -I/tmp/petsc-oye27d1b/PETSc.options.sharedLibraries -I/tmp/petsc-oye27d1b/PETSc.options.scalarTypes -I/tmp/petsc-oye27d1b/config.libraries -I/tmp/petsc-oye27d1b/config.packages.MPI  -fPIC -Wall -Wwrite-strings -Wno-unknown-pragmas -Wno-lto-type-mismatch -Wno-stringop-overflow -fstack-protector -fvisibility=hidden -g -O  /tmp/petsc-oye27d1b/config.libraries/conftest.c 
Successful compile:
Source:
#include "confdefs.h"
#include "conffix.h"
/* Override any gcc2 internal prototype to avoid an error. */
char MPI_SGI_barrier();
static void _check_MPI_SGI_barrier() { MPI_SGI_barrier(); }

int main() {
_check_MPI_SGI_barrier();;
  return 0;
}

Executing: /usr/bin/mpicc  -o /tmp/petsc-oye27d1b/config.libraries/conftest    -fPIC -Wall -Wwrite-strings -Wno-unknown-pragmas -Wno-lto-type-mismatch -Wno-stringop-overflow -fstack-protector -fvisibility=hidden -g -O /tmp/petsc-oye27d1b/config.libraries/conftest.o -lquadmath 
Possible ERROR while running linker: exit code 1
stderr:
/usr/bin/ld: /tmp/petsc-oye27d1b/config.libraries/conftest.o: in function `_check_MPI_SGI_barrier':
/tmp/petsc-oye27d1b/config.libraries/conftest.c:5:(.text+0xe): undefined reference to `MPI_SGI_barrier'
collect2: error: ld returned 1 exit status
Linker output before filtering:

/usr/bin/ld: /tmp/petsc-oye27d1b/config.libraries/conftest.o: in function `_check_MPI_SGI_barrier':
/tmp/petsc-oye27d1b/config.libraries/conftest.c:5:(.text+0xe): undefined reference to `MPI_SGI_barrier'
collect2: error: ld returned 1 exit status
Linker output after filtering:
/usr/bin/ld: /tmp/petsc-oye27d1b/config.libraries/conftest.o: in function `_check_MPI_SGI_barrier':
/tmp/petsc-oye27d1b/config.libraries/conftest.c:5:(.text+0xe): undefined reference to `MPI_SGI_barrier'
collect2: error: ld returned 1 exit status
              SGI MPI test failure
=============================================================================================
TESTING: CxxMPICheck from config.packages.MPI(/home/lzy/projects/formal_3D_flow_solver/FEM_SimVascular/external/dependencies/sv1_1/petsc-3.19.6/config/BuildSystem/config/packages/MPI.py:655)
  Make sure C++ can compile and link
Checking for header mpi.h
Checking for C++ MPI_Finalize()
                Checking for functions [MPI_Finalize] in library [] []
Executing: /usr/bin/mpicxx -c -o /tmp/petsc-oye27d1b/config.libraries/conftest.o -I/tmp/petsc-oye27d1b/config.compilerFlags -I/tmp/petsc-oye27d1b/config.setCompilers -I/tmp/petsc-oye27d1b/config.compilers -I/tmp/petsc-oye27d1b/config.types -I/tmp/petsc-oye27d1b/config.functions -I/tmp/petsc-oye27d1b/config.utilities.missing -I/tmp/petsc-oye27d1b/config.libraries  -Wall -Wwrite-strings -Wno-strict-aliasing -Wno-unknown-pragmas -Wno-lto-type-mismatch -Wno-psabi -fstack-protector -fvisibility=hidden -g -O  -std=gnu++20 -fPIC   /tmp/petsc-oye27d1b/config.libraries/conftest.cc 
Successful compile:
Source:
#include "confdefs.h"
#include "conffix.h"
/* Override any gcc2 internal prototype to avoid an error. */
#include <mpi.h>
static void _check_MPI_Finalize() { int ierr;
ierr = MPI_Finalize();
(void)ierr; }

int main() {
_check_MPI_Finalize();;
  return 0;
}

Executing: /usr/bin/mpicxx  -o /tmp/petsc-oye27d1b/config.libraries/conftest    -Wall -Wwrite-strings -Wno-strict-aliasing -Wno-unknown-pragmas -Wno-lto-type-mismatch -Wno-psabi -fstack-protector -fvisibility=hidden -g -O /tmp/petsc-oye27d1b/config.libraries/conftest.o -lquadmath 
=============================================================================================
TESTING: FortranMPICheck from config.packages.MPI(/home/lzy/projects/formal_3D_flow_solver/FEM_SimVascular/external/dependencies/sv1_1/petsc-3.19.6/config/BuildSystem/config/packages/MPI.py:671)
  Make sure fortran include [mpif.h] and library symbols are found
=============================================================================================
TESTING: configureIO from config.packages.MPI(/home/lzy/projects/formal_3D_flow_solver/FEM_SimVascular/external/dependencies/sv1_1/petsc-3.19.6/config/BuildSystem/config/packages/MPI.py:693)
  Check for the functions in MPI/IO
       - Define HAVE_MPIIO if they are present
       - Some older MPI 1 implementations are missing these
Executing: /usr/bin/mpicc -c -o /tmp/petsc-oye27d1b/config.packages.MPI/conftest.o -I/tmp/petsc-oye27d1b/config.compilerFlags -I/tmp/petsc-oye27d1b/config.setCompilers -I/tmp/petsc-oye27d1b/config.compilers -I/tmp/petsc-oye27d1b/config.headers -I/tmp/petsc-oye27d1b/config.utilities.cacheDetails -I/tmp/petsc-oye27d1b/config.types -I/tmp/petsc-oye27d1b/config.functions -I/tmp/petsc-oye27d1b/config.utilities.featureTestMacros -I/tmp/petsc-oye27d1b/config.utilities.missing -I/tmp/petsc-oye27d1b/PETSc.options.sharedLibraries -I/tmp/petsc-oye27d1b/PETSc.options.scalarTypes -I/tmp/petsc-oye27d1b/config.libraries -I/tmp/petsc-oye27d1b/config.packages.MPI  -fPIC -Wall -Wwrite-strings -Wno-unknown-pragmas -Wno-lto-type-mismatch -Wno-stringop-overflow -fstack-protector -fvisibility=hidden -g -O   /tmp/petsc-oye27d1b/config.packages.MPI/conftest.c 
Successful compile:
Source:
#include "confdefs.h"
#include "conffix.h"
#include <mpi.h>

int main() {
MPI_Aint lb, extent;
if (MPI_Type_get_extent(MPI_INT, &lb, &extent)) { }

                                                 MPI_File fh = 0;
void *buf = 0;
MPI_Status status;
if (MPI_File_write_all(fh, buf, 1, MPI_INT, &status)) { }

                                                 if (MPI_File_read_all(fh, buf, 1, MPI_INT, &status)) { }

                                                 MPI_Offset disp = 0;
MPI_Info info = 0;
if (MPI_File_set_view(fh, disp, MPI_INT, MPI_INT, "", info)) { }

                                                 if (MPI_File_open(MPI_COMM_SELF, "", 0, info, &fh)) { }

                                                 if (MPI_File_close(&fh)) { }
;
  return 0;
}

Executing: /usr/bin/mpicc  -o /tmp/petsc-oye27d1b/config.packages.MPI/conftest    -fPIC -Wall -Wwrite-strings -Wno-unknown-pragmas -Wno-lto-type-mismatch -Wno-stringop-overflow -fstack-protector -fvisibility=hidden -g -O /tmp/petsc-oye27d1b/config.packages.MPI/conftest.o  -lquadmath 
                Defined "HAVE_MPIIO" to "1"
=============================================================================================
TESTING: findMPIIncludeAndLib from config.packages.MPI(/home/lzy/projects/formal_3D_flow_solver/FEM_SimVascular/external/dependencies/sv1_1/petsc-3.19.6/config/BuildSystem/config/packages/MPI.py:806)
  Find MPI include paths and libraries from "mpicc -show" or Cray "cc --cray-print-opts=cflags/libs" and save.
=============================================================================================
TESTING: PetscArchMPICheck from config.packages.MPI(/home/lzy/projects/formal_3D_flow_solver/FEM_SimVascular/external/dependencies/sv1_1/petsc-3.19.6/config/BuildSystem/config/packages/MPI.py:890)
  Check that previously configured for MPI include files are not in the PETSC_ARCH directory
Executing: /usr/bin/mpicc -c -o /tmp/petsc-oye27d1b/config.packages.MPI/conftest.o -I/tmp/petsc-oye27d1b/config.compilerFlags -I/tmp/petsc-oye27d1b/config.setCompilers -I/tmp/petsc-oye27d1b/config.compilers -I/tmp/petsc-oye27d1b/config.headers -I/tmp/petsc-oye27d1b/config.utilities.cacheDetails -I/tmp/petsc-oye27d1b/config.types -I/tmp/petsc-oye27d1b/config.functions -I/tmp/petsc-oye27d1b/config.utilities.featureTestMacros -I/tmp/petsc-oye27d1b/config.utilities.missing -I/tmp/petsc-oye27d1b/PETSc.options.sharedLibraries -I/tmp/petsc-oye27d1b/PETSc.options.scalarTypes -I/tmp/petsc-oye27d1b/config.libraries -I/tmp/petsc-oye27d1b/config.packages.MPI  -fPIC -Wall -Wwrite-strings -Wno-unknown-pragmas -Wno-lto-type-mismatch -Wno-stringop-overflow -fstack-protector -fvisibility=hidden -g -O   /tmp/petsc-oye27d1b/config.packages.MPI/conftest.c 
Successful compile:
Source:
#include "confdefs.h"
#include "conffix.h"
#include <mpi.h>

int main() {
int combiner = MPI_COMBINER_DUP;(void)combiner;
  return 0;
}

            Defined "HAVE_MPI_COMBINER_DUP" to "1"
Executing: /usr/bin/mpicc -c -o /tmp/petsc-oye27d1b/config.packages.MPI/conftest.o -I/tmp/petsc-oye27d1b/config.compilerFlags -I/tmp/petsc-oye27d1b/config.setCompilers -I/tmp/petsc-oye27d1b/config.compilers -I/tmp/petsc-oye27d1b/config.headers -I/tmp/petsc-oye27d1b/config.utilities.cacheDetails -I/tmp/petsc-oye27d1b/config.types -I/tmp/petsc-oye27d1b/config.functions -I/tmp/petsc-oye27d1b/config.utilities.featureTestMacros -I/tmp/petsc-oye27d1b/config.utilities.missing -I/tmp/petsc-oye27d1b/PETSc.options.sharedLibraries -I/tmp/petsc-oye27d1b/PETSc.options.scalarTypes -I/tmp/petsc-oye27d1b/config.libraries -I/tmp/petsc-oye27d1b/config.packages.MPI  -fPIC -Wall -Wwrite-strings -Wno-unknown-pragmas -Wno-lto-type-mismatch -Wno-stringop-overflow -fstack-protector -fvisibility=hidden -g -O   /tmp/petsc-oye27d1b/config.packages.MPI/conftest.c 
Successful compile:
Source:
#include "confdefs.h"
#include "conffix.h"
#include <mpi.h>

int main() {
int combiner = MPI_COMBINER_CONTIGUOUS;(void)combiner;
  return 0;
}

            Defined "HAVE_MPI_COMBINER_CONTIGUOUS" to "1"
Executing: /usr/bin/mpicc -c -o /tmp/petsc-oye27d1b/config.packages.MPI/conftest.o -I/tmp/petsc-oye27d1b/config.compilerFlags -I/tmp/petsc-oye27d1b/config.setCompilers -I/tmp/petsc-oye27d1b/config.compilers -I/tmp/petsc-oye27d1b/config.headers -I/tmp/petsc-oye27d1b/config.utilities.cacheDetails -I/tmp/petsc-oye27d1b/config.types -I/tmp/petsc-oye27d1b/config.functions -I/tmp/petsc-oye27d1b/config.utilities.featureTestMacros -I/tmp/petsc-oye27d1b/config.utilities.missing -I/tmp/petsc-oye27d1b/PETSc.options.sharedLibraries -I/tmp/petsc-oye27d1b/PETSc.options.scalarTypes -I/tmp/petsc-oye27d1b/config.libraries -I/tmp/petsc-oye27d1b/config.packages.MPI  -fPIC -Wall -Wwrite-strings -Wno-unknown-pragmas -Wno-lto-type-mismatch -Wno-stringop-overflow -fstack-protector -fvisibility=hidden -g -O   /tmp/petsc-oye27d1b/config.packages.MPI/conftest.c 
Successful compile:
Source:
#include "confdefs.h"
#include "conffix.h"
#include <mpi.h>

int main() {
int combiner = MPI_COMBINER_NAMED;(void)combiner;
  return 0;
}

            Defined "HAVE_MPI_COMBINER_NAMED" to "1"
=============================================================================================
TESTING: checkVersion from config.packages.MPI(/home/lzy/projects/formal_3D_flow_solver/FEM_SimVascular/external/dependencies/sv1_1/petsc-3.19.6/config/BuildSystem/config/package.py:1109)
  Uses self.version, self.minversion, self.maxversion, self.versionname, and self.versioninclude to determine if package has required version
Preprocessing source:
#include "confdefs.h"
#include "conffix.h"

#include "mpi.h"

#define  PetscXstr_(s) PetscStr_(s)
#define  PetscStr_(s)  #s
char     *ver = "petscpkgver(" PetscXstr_(MPI_VERSION) ")";

Executing: /usr/bin/mpicc -E  -I/tmp/petsc-oye27d1b/config.setCompilers -I/tmp/petsc-oye27d1b/config.types -I/tmp/petsc-oye27d1b/config.headers -I/tmp/petsc-oye27d1b/config.packages.MPI   /tmp/petsc-oye27d1b/config.packages.MPI/conftest.c 
Found version string: char*ver=petscpkgver(3)
For mpi need 2 <= 3 <= 
=============================================================================================
TESTING: checkSharedLibrary from config.packages.MPI(/home/lzy/projects/formal_3D_flow_solver/FEM_SimVascular/external/dependencies/sv1_1/petsc-3.19.6/config/BuildSystem/config/package.py:1034)
  By default we don't care about checking if the library is shared
    child config.packages.MPI took 3.558781 seconds
=============================================================================================
TESTING: consistencyChecks from config.packages.zstd(/home/lzy/projects/formal_3D_flow_solver/FEM_SimVascular/external/dependencies/sv1_1/petsc-3.19.6/config/BuildSystem/config/package.py:1042)
  Checks run on the system and currently installed packages that need to be correct for the package now being configured
=============================================================================================
TESTING: alternateConfigureLibrary from config.packages.zstd(/home/lzy/projects/formal_3D_flow_solver/FEM_SimVascular/external/dependencies/sv1_1/petsc-3.19.6/config/BuildSystem/config/package.py:1038)
  Called if --with-packagename=0; does nothing by default
    child config.packages.zstd took 0.000289 seconds
=============================================================================================
TESTING: consistencyChecks from config.packages.yaml(/home/lzy/projects/formal_3D_flow_solver/FEM_SimVascular/external/dependencies/sv1_1/petsc-3.19.6/config/BuildSystem/config/package.py:1042)
  Checks run on the system and currently installed packages that need to be correct for the package now being configured
=============================================================================================
TESTING: alternateConfigureLibrary from config.packages.yaml(/home/lzy/projects/formal_3D_flow_solver/FEM_SimVascular/external/dependencies/sv1_1/petsc-3.19.6/config/BuildSystem/config/package.py:1038)
  Called if --with-packagename=0; does nothing by default
    child config.packages.yaml took 0.000171 seconds
=============================================================================================
TESTING: consistencyChecks from config.packages.sprng(/home/lzy/projects/formal_3D_flow_solver/FEM_SimVascular/external/dependencies/sv1_1/petsc-3.19.6/config/BuildSystem/config/package.py:1042)
  Checks run on the system and currently installed packages that need to be correct for the package now being configured
=============================================================================================
TESTING: alternateConfigureLibrary from config.packages.sprng(/home/lzy/projects/formal_3D_flow_solver/FEM_SimVascular/external/dependencies/sv1_1/petsc-3.19.6/config/BuildSystem/config/package.py:1038)
  Called if --with-packagename=0; does nothing by default
    child config.packages.sprng took 0.000174 seconds
      Not a clone of PETSc or no Fortran compiler or fortran-bindings disabled, don't need Sowing

    child config.packages.sowing took 0.001778 seconds
=============================================================================================
TESTING: consistencyChecks from config.packages.revolve(/home/lzy/projects/formal_3D_flow_solver/FEM_SimVascular/external/dependencies/sv1_1/petsc-3.19.6/config/BuildSystem/config/package.py:1042)
  Checks run on the system and currently installed packages that need to be correct for the package now being configured
=============================================================================================
TESTING: alternateConfigureLibrary from config.packages.revolve(/home/lzy/projects/formal_3D_flow_solver/FEM_SimVascular/external/dependencies/sv1_1/petsc-3.19.6/config/BuildSystem/config/package.py:1038)
  Called if --with-packagename=0; does nothing by default
    child config.packages.revolve took 0.000201 seconds
=============================================================================================
TESTING: consistencyChecks from config.packages.radau5(/home/lzy/projects/formal_3D_flow_solver/FEM_SimVascular/external/dependencies/sv1_1/petsc-3.19.6/config/BuildSystem/config/package.py:1042)
  Checks run on the system and currently installed packages that need to be correct for the package now being configured
=============================================================================================
TESTING: alternateConfigureLibrary from config.packages.radau5(/home/lzy/projects/formal_3D_flow_solver/FEM_SimVascular/external/dependencies/sv1_1/petsc-3.19.6/config/BuildSystem/config/package.py:1038)
  Called if --with-packagename=0; does nothing by default
    child config.packages.radau5 took 0.000147 seconds
=============================================================================================
TESTING: consistencyChecks from config.packages.petsc4py(/home/lzy/projects/formal_3D_flow_solver/FEM_SimVascular/external/dependencies/sv1_1/petsc-3.19.6/config/BuildSystem/config/package.py:1042)
  Checks run on the system and currently installed packages that need to be correct for the package now being configured
=============================================================================================
TESTING: alternateConfigureLibrary from config.packages.petsc4py(/home/lzy/projects/formal_3D_flow_solver/FEM_SimVascular/external/dependencies/sv1_1/petsc-3.19.6/config/BuildSystem/config/packages/petsc4py.py:131)
  Adds rules for building petsc4py to PETSc makefiles
            Defined make rule "petsc4py-build" with dependencies "" and code []
            Defined make rule "petsc4py-install" with dependencies "" and code []
            Defined make rule "petsc4pytest" with dependencies "" and code []
    child config.packages.petsc4py took 0.000516 seconds
=============================================================================================
TESTING: consistencyChecks from config.packages.pami(/home/lzy/projects/formal_3D_flow_solver/FEM_SimVascular/external/dependencies/sv1_1/petsc-3.19.6/config/BuildSystem/config/package.py:1042)
  Checks run on the system and currently installed packages that need to be correct for the package now being configured
=============================================================================================
TESTING: alternateConfigureLibrary from config.packages.pami(/home/lzy/projects/formal_3D_flow_solver/FEM_SimVascular/external/dependencies/sv1_1/petsc-3.19.6/config/BuildSystem/config/package.py:1038)
  Called if --with-packagename=0; does nothing by default
    child config.packages.pami took 0.000160 seconds
=============================================================================================
TESTING: consistencyChecks from config.packages.opengles(/home/lzy/projects/formal_3D_flow_solver/FEM_SimVascular/external/dependencies/sv1_1/petsc-3.19.6/config/BuildSystem/config/package.py:1042)
  Checks run on the system and currently installed packages that need to be correct for the package now being configured
=============================================================================================
TESTING: alternateConfigureLibrary from config.packages.opengles(/home/lzy/projects/formal_3D_flow_solver/FEM_SimVascular/external/dependencies/sv1_1/petsc-3.19.6/config/BuildSystem/config/package.py:1038)
  Called if --with-packagename=0; does nothing by default
    child config.packages.opengles took 0.000133 seconds
=============================================================================================
TESTING: consistencyChecks from config.packages.opencl(/home/lzy/projects/formal_3D_flow_solver/FEM_SimVascular/external/dependencies/sv1_1/petsc-3.19.6/config/BuildSystem/config/package.py:1042)
  Checks run on the system and currently installed packages that need to be correct for the package now being configured
=============================================================================================
TESTING: alternateConfigureLibrary from config.packages.opencl(/home/lzy/projects/formal_3D_flow_solver/FEM_SimVascular/external/dependencies/sv1_1/petsc-3.19.6/config/BuildSystem/config/package.py:1038)
  Called if --with-packagename=0; does nothing by default
    child config.packages.opencl took 0.000153 seconds
=============================================================================================
TESTING: consistencyChecks from config.packages.mpi4py(/home/lzy/projects/formal_3D_flow_solver/FEM_SimVascular/external/dependencies/sv1_1/petsc-3.19.6/config/BuildSystem/config/package.py:1042)
  Checks run on the system and currently installed packages that need to be correct for the package now being configured
=============================================================================================
TESTING: alternateConfigureLibrary from config.packages.mpi4py(/home/lzy/projects/formal_3D_flow_solver/FEM_SimVascular/external/dependencies/sv1_1/petsc-3.19.6/config/BuildSystem/config/package.py:1038)
  Called if --with-packagename=0; does nothing by default
    child config.packages.mpi4py took 0.000135 seconds
=============================================================================================
TESTING: consistencyChecks from config.packages.mpe(/home/lzy/projects/formal_3D_flow_solver/FEM_SimVascular/external/dependencies/sv1_1/petsc-3.19.6/config/BuildSystem/config/package.py:1042)
  Checks run on the system and currently installed packages that need to be correct for the package now being configured
=============================================================================================
TESTING: alternateConfigureLibrary from config.packages.mpe(/home/lzy/projects/formal_3D_flow_solver/FEM_SimVascular/external/dependencies/sv1_1/petsc-3.19.6/config/BuildSystem/config/package.py:1038)
  Called if --with-packagename=0; does nothing by default
    child config.packages.mpe took 0.000136 seconds
=============================================================================================
TESTING: consistencyChecks from config.packages.memkind(/home/lzy/projects/formal_3D_flow_solver/FEM_SimVascular/external/dependencies/sv1_1/petsc-3.19.6/config/BuildSystem/config/package.py:1042)
  Checks run on the system and currently installed packages that need to be correct for the package now being configured
=============================================================================================
TESTING: alternateConfigureLibrary from config.packages.memkind(/home/lzy/projects/formal_3D_flow_solver/FEM_SimVascular/external/dependencies/sv1_1/petsc-3.19.6/config/BuildSystem/config/package.py:1038)
  Called if --with-packagename=0; does nothing by default
    child config.packages.memkind took 0.000122 seconds
=============================================================================================
TESTING: consistencyChecks from config.packages.libmesh(/home/lzy/projects/formal_3D_flow_solver/FEM_SimVascular/external/dependencies/sv1_1/petsc-3.19.6/config/BuildSystem/config/package.py:1042)
  Checks run on the system and currently installed packages that need to be correct for the package now being configured
=============================================================================================
TESTING: alternateConfigureLibrary from config.packages.libmesh(/home/lzy/projects/formal_3D_flow_solver/FEM_SimVascular/external/dependencies/sv1_1/petsc-3.19.6/config/BuildSystem/config/packages/libmesh.py:69)
            Defined make rule "libmesh-build" with dependencies "" and code []
            Defined make rule "libmesh-install" with dependencies "" and code []
    child config.packages.libmesh took 0.000793 seconds
=============================================================================================
TESTING: consistencyChecks from config.packages.moose(/home/lzy/projects/formal_3D_flow_solver/FEM_SimVascular/external/dependencies/sv1_1/petsc-3.19.6/config/BuildSystem/config/package.py:1042)
  Checks run on the system and currently installed packages that need to be correct for the package now being configured
=============================================================================================
TESTING: alternateConfigureLibrary from config.packages.moose(/home/lzy/projects/formal_3D_flow_solver/FEM_SimVascular/external/dependencies/sv1_1/petsc-3.19.6/config/BuildSystem/config/package.py:1038)
  Called if --with-packagename=0; does nothing by default
    child config.packages.moose took 0.000268 seconds
=============================================================================================
TESTING: consistencyChecks from config.packages.libjpeg(/home/lzy/projects/formal_3D_flow_solver/FEM_SimVascular/external/dependencies/sv1_1/petsc-3.19.6/config/BuildSystem/config/package.py:1042)
  Checks run on the system and currently installed packages that need to be correct for the package now being configured
=============================================================================================
TESTING: alternateConfigureLibrary from config.packages.libjpeg(/home/lzy/projects/formal_3D_flow_solver/FEM_SimVascular/external/dependencies/sv1_1/petsc-3.19.6/config/BuildSystem/config/package.py:1038)
  Called if --with-packagename=0; does nothing by default
    child config.packages.libjpeg took 0.000242 seconds
=============================================================================================
TESTING: consistencyChecks from config.packages.gsl(/home/lzy/projects/formal_3D_flow_solver/FEM_SimVascular/external/dependencies/sv1_1/petsc-3.19.6/config/BuildSystem/config/package.py:1042)
  Checks run on the system and currently installed packages that need to be correct for the package now being configured
=============================================================================================
TESTING: alternateConfigureLibrary from config.packages.gsl(/home/lzy/projects/formal_3D_flow_solver/FEM_SimVascular/external/dependencies/sv1_1/petsc-3.19.6/config/BuildSystem/config/package.py:1038)
  Called if --with-packagename=0; does nothing by default
    child config.packages.gsl took 0.000176 seconds
=============================================================================================
TESTING: consistencyChecks from config.packages.ssl(/home/lzy/projects/formal_3D_flow_solver/FEM_SimVascular/external/dependencies/sv1_1/petsc-3.19.6/config/BuildSystem/config/packages/ssl.py:58)
=============================================================================================
TESTING: alternateConfigureLibrary from config.packages.ssl(/home/lzy/projects/formal_3D_flow_solver/FEM_SimVascular/external/dependencies/sv1_1/petsc-3.19.6/config/BuildSystem/config/package.py:1038)
  Called if --with-packagename=0; does nothing by default
    child config.packages.ssl took 0.000345 seconds
    child config.packages.gmsh took 0.000030 seconds
=============================================================================================
TESTING: consistencyChecks from config.packages.gmp(/home/lzy/projects/formal_3D_flow_solver/FEM_SimVascular/external/dependencies/sv1_1/petsc-3.19.6/config/BuildSystem/config/package.py:1042)
  Checks run on the system and currently installed packages that need to be correct for the package now being configured
=============================================================================================
TESTING: alternateConfigureLibrary from config.packages.gmp(/home/lzy/projects/formal_3D_flow_solver/FEM_SimVascular/external/dependencies/sv1_1/petsc-3.19.6/config/BuildSystem/config/package.py:1038)
  Called if --with-packagename=0; does nothing by default
    child config.packages.gmp took 0.000200 seconds
=============================================================================================
TESTING: consistencyChecks from config.packages.mpfr(/home/lzy/projects/formal_3D_flow_solver/FEM_SimVascular/external/dependencies/sv1_1/petsc-3.19.6/config/BuildSystem/config/package.py:1042)
  Checks run on the system and currently installed packages that need to be correct for the package now being configured
=============================================================================================
TESTING: alternateConfigureLibrary from config.packages.mpfr(/home/lzy/projects/formal_3D_flow_solver/FEM_SimVascular/external/dependencies/sv1_1/petsc-3.19.6/config/BuildSystem/config/package.py:1038)
  Called if --with-packagename=0; does nothing by default
    child config.packages.mpfr took 0.000231 seconds
=============================================================================================
TESTING: consistencyChecks from config.packages.giflib(/home/lzy/projects/formal_3D_flow_solver/FEM_SimVascular/external/dependencies/sv1_1/petsc-3.19.6/config/BuildSystem/config/package.py:1042)
  Checks run on the system and currently installed packages that need to be correct for the package now being configured
=============================================================================================
TESTING: alternateConfigureLibrary from config.packages.giflib(/home/lzy/projects/formal_3D_flow_solver/FEM_SimVascular/external/dependencies/sv1_1/petsc-3.19.6/config/BuildSystem/config/package.py:1038)
  Called if --with-packagename=0; does nothing by default
    child config.packages.giflib took 0.000148 seconds
=============================================================================================
TESTING: consistencyChecks from config.packages.cub(/home/lzy/projects/formal_3D_flow_solver/FEM_SimVascular/external/dependencies/sv1_1/petsc-3.19.6/config/BuildSystem/config/package.py:1042)
  Checks run on the system and currently installed packages that need to be correct for the package now being configured
=============================================================================================
TESTING: alternateConfigureLibrary from config.packages.cub(/home/lzy/projects/formal_3D_flow_solver/FEM_SimVascular/external/dependencies/sv1_1/petsc-3.19.6/config/BuildSystem/config/package.py:1038)
  Called if --with-packagename=0; does nothing by default
    child config.packages.cub took 0.000124 seconds
=============================================================================================
TESTING: consistencyChecks from config.packages.ctetgen(/home/lzy/projects/formal_3D_flow_solver/FEM_SimVascular/external/dependencies/sv1_1/petsc-3.19.6/config/BuildSystem/config/package.py:1042)
  Checks run on the system and currently installed packages that need to be correct for the package now being configured
=============================================================================================
TESTING: alternateConfigureLibrary from config.packages.ctetgen(/home/lzy/projects/formal_3D_flow_solver/FEM_SimVascular/external/dependencies/sv1_1/petsc-3.19.6/config/BuildSystem/config/package.py:1038)
  Called if --with-packagename=0; does nothing by default
    child config.packages.ctetgen took 0.000120 seconds
=============================================================================================
TESTING: consistencyChecks from config.packages.concurrencykit(/home/lzy/projects/formal_3D_flow_solver/FEM_SimVascular/external/dependencies/sv1_1/petsc-3.19.6/config/BuildSystem/config/package.py:1042)
  Checks run on the system and currently installed packages that need to be correct for the package now being configured
=============================================================================================
TESTING: alternateConfigureLibrary from config.packages.concurrencykit(/home/lzy/projects/formal_3D_flow_solver/FEM_SimVascular/external/dependencies/sv1_1/petsc-3.19.6/config/BuildSystem/config/package.py:1038)
  Called if --with-packagename=0; does nothing by default
    child config.packages.concurrencykit took 0.000134 seconds
=============================================================================================
TESTING: consistencyChecks from config.packages.cams(/home/lzy/projects/formal_3D_flow_solver/FEM_SimVascular/external/dependencies/sv1_1/petsc-3.19.6/config/BuildSystem/config/package.py:1042)
  Checks run on the system and currently installed packages that need to be correct for the package now being configured
=============================================================================================
TESTING: alternateConfigureLibrary from config.packages.cams(/home/lzy/projects/formal_3D_flow_solver/FEM_SimVascular/external/dependencies/sv1_1/petsc-3.19.6/config/BuildSystem/config/package.py:1038)
  Called if --with-packagename=0; does nothing by default
    child config.packages.cams took 0.000132 seconds
=============================================================================================
TESTING: locateC2html from config.packages.c2html(/home/lzy/projects/formal_3D_flow_solver/FEM_SimVascular/external/dependencies/sv1_1/petsc-3.19.6/config/BuildSystem/config/packages/c2html.py:33)
  Determine location of c2html executable
Looking for default C2html executable
    Checking for program /usr/bin/c2html...not found
    Checking for program /bin/c2html...not found
    Checking for program /home/lzy/projects/formal_3D_flow_solver/FEM_SimVascular/external/dependencies/sv1_1/petsc-3.19.6/lib/petsc/bin/win32fe/c2html...not found
    child config.packages.c2html took 0.000205 seconds
=============================================================================================
TESTING: consistencyChecks from config.packages.boost(/home/lzy/projects/formal_3D_flow_solver/FEM_SimVascular/external/dependencies/sv1_1/petsc-3.19.6/config/BuildSystem/config/package.py:1042)
  Checks run on the system and currently installed packages that need to be correct for the package now being configured
=============================================================================================
TESTING: alternateConfigureLibrary from config.packages.boost(/home/lzy/projects/formal_3D_flow_solver/FEM_SimVascular/external/dependencies/sv1_1/petsc-3.19.6/config/BuildSystem/config/package.py:1038)
  Called if --with-packagename=0; does nothing by default
    child config.packages.boost took 0.000136 seconds
=============================================================================================
TESTING: consistencyChecks from config.packages.silo(/home/lzy/projects/formal_3D_flow_solver/FEM_SimVascular/external/dependencies/sv1_1/petsc-3.19.6/config/BuildSystem/config/package.py:1042)
  Checks run on the system and currently installed packages that need to be correct for the package now being configured
=============================================================================================
TESTING: alternateConfigureLibrary from config.packages.silo(/home/lzy/projects/formal_3D_flow_solver/FEM_SimVascular/external/dependencies/sv1_1/petsc-3.19.6/config/BuildSystem/config/package.py:1038)
  Called if --with-packagename=0; does nothing by default
    child config.packages.silo took 0.000132 seconds
=============================================================================================
TESTING: consistencyChecks from config.packages.Random123(/home/lzy/projects/formal_3D_flow_solver/FEM_SimVascular/external/dependencies/sv1_1/petsc-3.19.6/config/BuildSystem/config/package.py:1042)
  Checks run on the system and currently installed packages that need to be correct for the package now being configured
=============================================================================================
TESTING: alternateConfigureLibrary from config.packages.Random123(/home/lzy/projects/formal_3D_flow_solver/FEM_SimVascular/external/dependencies/sv1_1/petsc-3.19.6/config/BuildSystem/config/package.py:1038)
  Called if --with-packagename=0; does nothing by default
    child config.packages.Random123 took 0.000135 seconds
=============================================================================================
TESTING: consistencyChecks from config.packages.PARTY(/home/lzy/projects/formal_3D_flow_solver/FEM_SimVascular/external/dependencies/sv1_1/petsc-3.19.6/config/BuildSystem/config/package.py:1042)
  Checks run on the system and currently installed packages that need to be correct for the package now being configured
=============================================================================================
TESTING: alternateConfigureLibrary from config.packages.PARTY(/home/lzy/projects/formal_3D_flow_solver/FEM_SimVascular/external/dependencies/sv1_1/petsc-3.19.6/config/BuildSystem/config/package.py:1038)
  Called if --with-packagename=0; does nothing by default
    child config.packages.PARTY took 0.000123 seconds
=============================================================================================
TESTING: consistencyChecks from config.packages.NVSHMEM(/home/lzy/projects/formal_3D_flow_solver/FEM_SimVascular/external/dependencies/sv1_1/petsc-3.19.6/config/BuildSystem/config/package.py:1042)
  Checks run on the system and currently installed packages that need to be correct for the package now being configured
=============================================================================================
TESTING: alternateConfigureLibrary from config.packages.NVSHMEM(/home/lzy/projects/formal_3D_flow_solver/FEM_SimVascular/external/dependencies/sv1_1/petsc-3.19.6/config/BuildSystem/config/package.py:1038)
  Called if --with-packagename=0; does nothing by default
    child config.packages.NVSHMEM took 0.000187 seconds
=============================================================================================
TESTING: consistencyChecks from config.packages.MatlabEngine(/home/lzy/projects/formal_3D_flow_solver/FEM_SimVascular/external/dependencies/sv1_1/petsc-3.19.6/config/BuildSystem/config/package.py:1042)
  Checks run on the system and currently installed packages that need to be correct for the package now being configured
=============================================================================================
TESTING: alternateConfigureLibrary from config.packages.MatlabEngine(/home/lzy/projects/formal_3D_flow_solver/FEM_SimVascular/external/dependencies/sv1_1/petsc-3.19.6/config/BuildSystem/config/package.py:1038)
  Called if --with-packagename=0; does nothing by default
    child config.packages.MatlabEngine took 0.000158 seconds
=============================================================================================
TESTING: consistencyChecks from config.packages.Matlab(/home/lzy/projects/formal_3D_flow_solver/FEM_SimVascular/external/dependencies/sv1_1/petsc-3.19.6/config/BuildSystem/config/package.py:1042)
  Checks run on the system and currently installed packages that need to be correct for the package now being configured
=============================================================================================
TESTING: alternateConfigureLibrary from config.packages.Matlab(/home/lzy/projects/formal_3D_flow_solver/FEM_SimVascular/external/dependencies/sv1_1/petsc-3.19.6/config/BuildSystem/config/package.py:1038)
  Called if --with-packagename=0; does nothing by default
    child config.packages.Matlab took 0.000100 seconds
=============================================================================================
TESTING: consistencyChecks from config.packages.Mathematica(/home/lzy/projects/formal_3D_flow_solver/FEM_SimVascular/external/dependencies/sv1_1/petsc-3.19.6/config/BuildSystem/config/package.py:1042)
  Checks run on the system and currently installed packages that need to be correct for the package now being configured
=============================================================================================
TESTING: alternateConfigureLibrary from config.packages.Mathematica(/home/lzy/projects/formal_3D_flow_solver/FEM_SimVascular/external/dependencies/sv1_1/petsc-3.19.6/config/BuildSystem/config/package.py:1038)
  Called if --with-packagename=0; does nothing by default
    child config.packages.Mathematica took 0.000106 seconds
=============================================================================================
TESTING: consistencyChecks from config.packages.regex(/home/lzy/projects/formal_3D_flow_solver/FEM_SimVascular/external/dependencies/sv1_1/petsc-3.19.6/config/BuildSystem/config/package.py:1042)
  Checks run on the system and currently installed packages that need to be correct for the package now being configured
=============================================================================================
TESTING: checkDependencies from config.packages.regex(/home/lzy/projects/formal_3D_flow_solver/FEM_SimVascular/external/dependencies/sv1_1/petsc-3.19.6/config/BuildSystem/config/package.py:936)
  Loop over declared dependencies of package and error if any are missing
=============================================================================================
TESTING: configureLibrary from config.packages.regex(/home/lzy/projects/formal_3D_flow_solver/FEM_SimVascular/external/dependencies/sv1_1/petsc-3.19.6/config/BuildSystem/config/package.py:962)
  Find an installation and check if it can work with PETSc
==================================================================================
          Checking for a functional regex
          Checking for library in Compiler specific search REGEX: []
=============================================================================================
TESTING: check from config.libraries(/home/lzy/projects/formal_3D_flow_solver/FEM_SimVascular/external/dependencies/sv1_1/petsc-3.19.6/config/BuildSystem/config/libraries.py:168)
  Checks that the library "libName" contains "funcs", and if it does defines HAVE_LIB"libName"
       - libDir may be a list of directories
       - libName may be a list of library names
              Checking for functions [regexec regcomp regfree] in library [] []
Executing: /usr/bin/mpicc -c -o /tmp/petsc-oye27d1b/config.libraries/conftest.o -I/tmp/petsc-oye27d1b/config.compilerFlags -I/tmp/petsc-oye27d1b/config.setCompilers -I/tmp/petsc-oye27d1b/config.compilers -I/tmp/petsc-oye27d1b/config.headers -I/tmp/petsc-oye27d1b/config.utilities.cacheDetails -I/tmp/petsc-oye27d1b/config.types -I/tmp/petsc-oye27d1b/config.functions -I/tmp/petsc-oye27d1b/config.utilities.featureTestMacros -I/tmp/petsc-oye27d1b/config.utilities.missing -I/tmp/petsc-oye27d1b/PETSc.options.sharedLibraries -I/tmp/petsc-oye27d1b/PETSc.options.scalarTypes -I/tmp/petsc-oye27d1b/config.libraries -I/tmp/petsc-oye27d1b/config.packages.MPI  -fPIC -Wall -Wwrite-strings -Wno-unknown-pragmas -Wno-lto-type-mismatch -Wno-stringop-overflow -fstack-protector -fvisibility=hidden -g -O  /tmp/petsc-oye27d1b/config.libraries/conftest.c 
Successful compile:
Source:
#include "confdefs.h"
#include "conffix.h"
/* Override any gcc2 internal prototype to avoid an error. */
char regexec();
static void _check_regexec() { regexec(); }
char regcomp();
static void _check_regcomp() { regcomp(); }
char regfree();
static void _check_regfree() { regfree(); }

int main() {
_check_regexec();
_check_regcomp();
_check_regfree();;
  return 0;
}

Executing: /usr/bin/mpicc  -o /tmp/petsc-oye27d1b/config.libraries/conftest    -fPIC -Wall -Wwrite-strings -Wno-unknown-pragmas -Wno-lto-type-mismatch -Wno-stringop-overflow -fstack-protector -fvisibility=hidden -g -O /tmp/petsc-oye27d1b/config.libraries/conftest.o -lquadmath 
          Checking for optional headers [] in Compiler specific search REGEX: []
=============================================================================================
TESTING: checkInclude from config.headers(/home/lzy/projects/formal_3D_flow_solver/FEM_SimVascular/external/dependencies/sv1_1/petsc-3.19.6/config/BuildSystem/config/headers.py:86)
  Checks if a particular include file can be found along particular include paths
Checking for header files [] in []
Found header files [] in []
          Checking for headers ['regex.h'] in Compiler specific search REGEX: []
=============================================================================================
TESTING: checkInclude from config.headers(/home/lzy/projects/formal_3D_flow_solver/FEM_SimVascular/external/dependencies/sv1_1/petsc-3.19.6/config/BuildSystem/config/headers.py:86)
  Checks if a particular include file can be found along particular include paths
Checking for header files ['regex.h'] in []
                Checking include with compiler flags var CPPFLAGS []
Preprocessing source:
#include "confdefs.h"
#include "conffix.h"
#include <regex.h>

Executing: /usr/bin/mpicc -E  -I/tmp/petsc-oye27d1b/config.setCompilers -I/tmp/petsc-oye27d1b/config.types -I/tmp/petsc-oye27d1b/config.headers -I/tmp/petsc-oye27d1b/config.packages.MPI   /tmp/petsc-oye27d1b/config.headers/conftest.c 
Preprocess output before filtering:
Preprocess output after filtering:
Found header files ['regex.h'] in []
=============================================================================================
TESTING: checkVersion from config.packages.regex(/home/lzy/projects/formal_3D_flow_solver/FEM_SimVascular/external/dependencies/sv1_1/petsc-3.19.6/config/BuildSystem/config/package.py:1109)
  Uses self.version, self.minversion, self.maxversion, self.versionname, and self.versioninclude to determine if package has required version
=============================================================================================
TESTING: checkSharedLibrary from config.packages.regex(/home/lzy/projects/formal_3D_flow_solver/FEM_SimVascular/external/dependencies/sv1_1/petsc-3.19.6/config/BuildSystem/config/package.py:1034)
  By default we don't care about checking if the library is shared
    child config.packages.regex took 0.040323 seconds
=============================================================================================
TESTING: consistencyChecks from config.packages.libceed(/home/lzy/projects/formal_3D_flow_solver/FEM_SimVascular/external/dependencies/sv1_1/petsc-3.19.6/config/BuildSystem/config/package.py:1042)
  Checks run on the system and currently installed packages that need to be correct for the package now being configured
=============================================================================================
TESTING: alternateConfigureLibrary from config.packages.libceed(/home/lzy/projects/formal_3D_flow_solver/FEM_SimVascular/external/dependencies/sv1_1/petsc-3.19.6/config/BuildSystem/config/package.py:1038)
  Called if --with-packagename=0; does nothing by default
    child config.packages.libceed took 0.000210 seconds
=============================================================================================
TESTING: consistencyChecks from config.packages.opengl(/home/lzy/projects/formal_3D_flow_solver/FEM_SimVascular/external/dependencies/sv1_1/petsc-3.19.6/config/BuildSystem/config/package.py:1042)
  Checks run on the system and currently installed packages that need to be correct for the package now being configured
=============================================================================================
TESTING: alternateConfigureLibrary from config.packages.opengl(/home/lzy/projects/formal_3D_flow_solver/FEM_SimVascular/external/dependencies/sv1_1/petsc-3.19.6/config/BuildSystem/config/package.py:1038)
  Called if --with-packagename=0; does nothing by default
    child config.packages.opengl took 0.000143 seconds
=============================================================================================
TESTING: consistencyChecks from config.packages.glut(/home/lzy/projects/formal_3D_flow_solver/FEM_SimVascular/external/dependencies/sv1_1/petsc-3.19.6/config/BuildSystem/config/package.py:1042)
  Checks run on the system and currently installed packages that need to be correct for the package now being configured
=============================================================================================
TESTING: alternateConfigureLibrary from config.packages.glut(/home/lzy/projects/formal_3D_flow_solver/FEM_SimVascular/external/dependencies/sv1_1/petsc-3.19.6/config/BuildSystem/config/package.py:1038)
  Called if --with-packagename=0; does nothing by default
    child config.packages.glut took 0.000132 seconds
=============================================================================================
TESTING: consistencyChecks from config.packages.GLVis(/home/lzy/projects/formal_3D_flow_solver/FEM_SimVascular/external/dependencies/sv1_1/petsc-3.19.6/config/BuildSystem/config/package.py:1042)
  Checks run on the system and currently installed packages that need to be correct for the package now being configured
=============================================================================================
TESTING: alternateConfigureLibrary from config.packages.GLVis(/home/lzy/projects/formal_3D_flow_solver/FEM_SimVascular/external/dependencies/sv1_1/petsc-3.19.6/config/BuildSystem/config/package.py:1038)
  Called if --with-packagename=0; does nothing by default
    child config.packages.GLVis took 0.000147 seconds
=============================================================================================
TESTING: consistencyChecks from config.packages.CoDiPack(/home/lzy/projects/formal_3D_flow_solver/FEM_SimVascular/external/dependencies/sv1_1/petsc-3.19.6/config/BuildSystem/config/package.py:1042)
  Checks run on the system and currently installed packages that need to be correct for the package now being configured
=============================================================================================
TESTING: alternateConfigureLibrary from config.packages.CoDiPack(/home/lzy/projects/formal_3D_flow_solver/FEM_SimVascular/external/dependencies/sv1_1/petsc-3.19.6/config/BuildSystem/config/package.py:1038)
  Called if --with-packagename=0; does nothing by default
    child config.packages.CoDiPack took 0.000143 seconds
=============================================================================================
TESTING: consistencyChecks from config.packages.adblaslapack(/home/lzy/projects/formal_3D_flow_solver/FEM_SimVascular/external/dependencies/sv1_1/petsc-3.19.6/config/BuildSystem/config/package.py:1042)
  Checks run on the system and currently installed packages that need to be correct for the package now being configured
=============================================================================================
TESTING: alternateConfigureLibrary from config.packages.adblaslapack(/home/lzy/projects/formal_3D_flow_solver/FEM_SimVascular/external/dependencies/sv1_1/petsc-3.19.6/config/BuildSystem/config/package.py:1038)
  Called if --with-packagename=0; does nothing by default
    child config.packages.adblaslapack took 0.000138 seconds
    child config.packages.cxxlibs took 0.000004 seconds
=============================================================================================
TESTING: locateCMake from config.packages.cmake(/home/lzy/projects/formal_3D_flow_solver/FEM_SimVascular/external/dependencies/sv1_1/petsc-3.19.6/config/BuildSystem/config/packages/cmake.py:54)
Looking for default CMake executable
    Checking for program /usr/bin/cmake...found
              Defined make macro "CMAKE" to "/usr/bin/cmake"
Looking for default CTest executable
    Checking for program /usr/bin/ctest...found
              Defined make macro "CTEST" to "/usr/bin/ctest"
Executing: /usr/bin/cmake --version
stdout:
cmake version 3.28.3
CMake suite maintained and supported by Kitware (kitware.com/cmake).
CMake version found 3.28.3
    child config.packages.cmake took 0.046455 seconds
=============================================================================================
TESTING: consistencyChecks from config.packages.unittestcpp(/home/lzy/projects/formal_3D_flow_solver/FEM_SimVascular/external/dependencies/sv1_1/petsc-3.19.6/config/BuildSystem/config/package.py:1042)
  Checks run on the system and currently installed packages that need to be correct for the package now being configured
=============================================================================================
TESTING: alternateConfigureLibrary from config.packages.unittestcpp(/home/lzy/projects/formal_3D_flow_solver/FEM_SimVascular/external/dependencies/sv1_1/petsc-3.19.6/config/BuildSystem/config/package.py:1038)
  Called if --with-packagename=0; does nothing by default
    child config.packages.unittestcpp took 0.000419 seconds
=============================================================================================
TESTING: consistencyChecks from config.packages.googletest(/home/lzy/projects/formal_3D_flow_solver/FEM_SimVascular/external/dependencies/sv1_1/petsc-3.19.6/config/BuildSystem/config/package.py:1042)
  Checks run on the system and currently installed packages that need to be correct for the package now being configured
=============================================================================================
TESTING: alternateConfigureLibrary from config.packages.googletest(/home/lzy/projects/formal_3D_flow_solver/FEM_SimVascular/external/dependencies/sv1_1/petsc-3.19.6/config/BuildSystem/config/package.py:1038)
  Called if --with-packagename=0; does nothing by default
    child config.packages.googletest took 0.000160 seconds
=============================================================================================
TESTING: consistencyChecks from config.packages.opencascade(/home/lzy/projects/formal_3D_flow_solver/FEM_SimVascular/external/dependencies/sv1_1/petsc-3.19.6/config/BuildSystem/config/package.py:1042)
  Checks run on the system and currently installed packages that need to be correct for the package now being configured
=============================================================================================
TESTING: alternateConfigureLibrary from config.packages.opencascade(/home/lzy/projects/formal_3D_flow_solver/FEM_SimVascular/external/dependencies/sv1_1/petsc-3.19.6/config/BuildSystem/config/package.py:1038)
  Called if --with-packagename=0; does nothing by default
    child config.packages.opencascade took 0.000154 seconds
=============================================================================================
TESTING: consistencyChecks from config.packages.amgx(/home/lzy/projects/formal_3D_flow_solver/FEM_SimVascular/external/dependencies/sv1_1/petsc-3.19.6/config/BuildSystem/config/package.py:1042)
  Checks run on the system and currently installed packages that need to be correct for the package now being configured
=============================================================================================
TESTING: alternateConfigureLibrary from config.packages.amgx(/home/lzy/projects/formal_3D_flow_solver/FEM_SimVascular/external/dependencies/sv1_1/petsc-3.19.6/config/BuildSystem/config/package.py:1038)
  Called if --with-packagename=0; does nothing by default
    child config.packages.amgx took 0.000144 seconds
=============================================================================================
TESTING: consistencyChecks from config.packages.eigen(/home/lzy/projects/formal_3D_flow_solver/FEM_SimVascular/external/dependencies/sv1_1/petsc-3.19.6/config/BuildSystem/config/package.py:1042)
  Checks run on the system and currently installed packages that need to be correct for the package now being configured
=============================================================================================
TESTING: alternateConfigureLibrary from config.packages.eigen(/home/lzy/projects/formal_3D_flow_solver/FEM_SimVascular/external/dependencies/sv1_1/petsc-3.19.6/config/BuildSystem/config/package.py:1038)
  Called if --with-packagename=0; does nothing by default
    child config.packages.eigen took 0.000139 seconds
=============================================================================================
TESTING: consistencyChecks from config.packages.grid(/home/lzy/projects/formal_3D_flow_solver/FEM_SimVascular/external/dependencies/sv1_1/petsc-3.19.6/config/BuildSystem/config/package.py:1042)
  Checks run on the system and currently installed packages that need to be correct for the package now being configured
=============================================================================================
TESTING: alternateConfigureLibrary from config.packages.grid(/home/lzy/projects/formal_3D_flow_solver/FEM_SimVascular/external/dependencies/sv1_1/petsc-3.19.6/config/BuildSystem/config/package.py:1038)
  Called if --with-packagename=0; does nothing by default
    child config.packages.grid took 0.000141 seconds
=============================================================================================
TESTING: consistencyChecks from config.packages.szlib(/home/lzy/projects/formal_3D_flow_solver/FEM_SimVascular/external/dependencies/sv1_1/petsc-3.19.6/config/BuildSystem/config/package.py:1042)
  Checks run on the system and currently installed packages that need to be correct for the package now being configured
=============================================================================================
TESTING: alternateConfigureLibrary from config.packages.szlib(/home/lzy/projects/formal_3D_flow_solver/FEM_SimVascular/external/dependencies/sv1_1/petsc-3.19.6/config/BuildSystem/config/package.py:1038)
  Called if --with-packagename=0; does nothing by default
    child config.packages.szlib took 0.000139 seconds
=============================================================================================
TESTING: consistencyChecks from config.packages.zlib(/home/lzy/projects/formal_3D_flow_solver/FEM_SimVascular/external/dependencies/sv1_1/petsc-3.19.6/config/BuildSystem/config/package.py:1042)
  Checks run on the system and currently installed packages that need to be correct for the package now being configured
=============================================================================================
TESTING: alternateConfigureLibrary from config.packages.zlib(/home/lzy/projects/formal_3D_flow_solver/FEM_SimVascular/external/dependencies/sv1_1/petsc-3.19.6/config/BuildSystem/config/package.py:1038)
  Called if --with-packagename=0; does nothing by default
    child config.packages.zlib took 0.000142 seconds
    child config.packages.mathlib took 0.000005 seconds
=============================================================================================
TESTING: consistencyChecks from config.packages.tetgen(/home/lzy/projects/formal_3D_flow_solver/FEM_SimVascular/external/dependencies/sv1_1/petsc-3.19.6/config/BuildSystem/config/package.py:1042)
  Checks run on the system and currently installed packages that need to be correct for the package now being configured
=============================================================================================
TESTING: alternateConfigureLibrary from config.packages.tetgen(/home/lzy/projects/formal_3D_flow_solver/FEM_SimVascular/external/dependencies/sv1_1/petsc-3.19.6/config/BuildSystem/config/package.py:1038)
  Called if --with-packagename=0; does nothing by default
    child config.packages.tetgen took 0.000191 seconds
=============================================================================================
TESTING: consistencyChecks from config.packages.tchem(/home/lzy/projects/formal_3D_flow_solver/FEM_SimVascular/external/dependencies/sv1_1/petsc-3.19.6/config/BuildSystem/config/package.py:1042)
  Checks run on the system and currently installed packages that need to be correct for the package now being configured
=============================================================================================
TESTING: alternateConfigureLibrary from config.packages.tchem(/home/lzy/projects/formal_3D_flow_solver/FEM_SimVascular/external/dependencies/sv1_1/petsc-3.19.6/config/BuildSystem/config/package.py:1038)
  Called if --with-packagename=0; does nothing by default
    child config.packages.tchem took 0.000135 seconds
=============================================================================================
TESTING: consistencyChecks from config.packages.saws(/home/lzy/projects/formal_3D_flow_solver/FEM_SimVascular/external/dependencies/sv1_1/petsc-3.19.6/config/BuildSystem/config/package.py:1042)
  Checks run on the system and currently installed packages that need to be correct for the package now being configured
=============================================================================================
TESTING: alternateConfigureLibrary from config.packages.saws(/home/lzy/projects/formal_3D_flow_solver/FEM_SimVascular/external/dependencies/sv1_1/petsc-3.19.6/config/BuildSystem/config/package.py:1038)
  Called if --with-packagename=0; does nothing by default
    child config.packages.saws took 0.000146 seconds
=============================================================================================
TESTING: consistencyChecks from config.packages.muparser(/home/lzy/projects/formal_3D_flow_solver/FEM_SimVascular/external/dependencies/sv1_1/petsc-3.19.6/config/BuildSystem/config/package.py:1042)
  Checks run on the system and currently installed packages that need to be correct for the package now being configured
=============================================================================================
TESTING: alternateConfigureLibrary from config.packages.muparser(/home/lzy/projects/formal_3D_flow_solver/FEM_SimVascular/external/dependencies/sv1_1/petsc-3.19.6/config/BuildSystem/config/package.py:1038)
  Called if --with-packagename=0; does nothing by default
    child config.packages.muparser took 0.000138 seconds
=============================================================================================
TESTING: consistencyChecks from config.packages.libpng(/home/lzy/projects/formal_3D_flow_solver/FEM_SimVascular/external/dependencies/sv1_1/petsc-3.19.6/config/BuildSystem/config/package.py:1042)
  Checks run on the system and currently installed packages that need to be correct for the package now being configured
=============================================================================================
TESTING: alternateConfigureLibrary from config.packages.libpng(/home/lzy/projects/formal_3D_flow_solver/FEM_SimVascular/external/dependencies/sv1_1/petsc-3.19.6/config/BuildSystem/config/package.py:1038)
  Called if --with-packagename=0; does nothing by default
    child config.packages.libpng took 0.000136 seconds
=============================================================================================
TESTING: consistencyChecks from config.packages.hcephes(/home/lzy/projects/formal_3D_flow_solver/FEM_SimVascular/external/dependencies/sv1_1/petsc-3.19.6/config/BuildSystem/config/package.py:1042)
  Checks run on the system and currently installed packages that need to be correct for the package now being configured
=============================================================================================
TESTING: alternateConfigureLibrary from config.packages.hcephes(/home/lzy/projects/formal_3D_flow_solver/FEM_SimVascular/external/dependencies/sv1_1/petsc-3.19.6/config/BuildSystem/config/package.py:1038)
  Called if --with-packagename=0; does nothing by default
    child config.packages.hcephes took 0.000142 seconds
=============================================================================================
TESTING: consistencyChecks from config.packages.combblas(/home/lzy/projects/formal_3D_flow_solver/FEM_SimVascular/external/dependencies/sv1_1/petsc-3.19.6/config/BuildSystem/config/package.py:1042)
  Checks run on the system and currently installed packages that need to be correct for the package now being configured
=============================================================================================
TESTING: alternateConfigureLibrary from config.packages.combblas(/home/lzy/projects/formal_3D_flow_solver/FEM_SimVascular/external/dependencies/sv1_1/petsc-3.19.6/config/BuildSystem/config/package.py:1038)
  Called if --with-packagename=0; does nothing by default
    child config.packages.combblas took 0.000160 seconds
=============================================================================================
TESTING: consistencyChecks from config.packages.Triangle(/home/lzy/projects/formal_3D_flow_solver/FEM_SimVascular/external/dependencies/sv1_1/petsc-3.19.6/config/BuildSystem/config/package.py:1042)
  Checks run on the system and currently installed packages that need to be correct for the package now being configured
=============================================================================================
TESTING: alternateConfigureLibrary from config.packages.Triangle(/home/lzy/projects/formal_3D_flow_solver/FEM_SimVascular/external/dependencies/sv1_1/petsc-3.19.6/config/BuildSystem/config/package.py:1038)
  Called if --with-packagename=0; does nothing by default
    child config.packages.Triangle took 0.000210 seconds
=============================================================================================
TESTING: consistencyChecks from config.packages.metis(/home/lzy/projects/formal_3D_flow_solver/FEM_SimVascular/external/dependencies/sv1_1/petsc-3.19.6/config/BuildSystem/config/package.py:1042)
  Checks run on the system and currently installed packages that need to be correct for the package now being configured
=============================================================================================
TESTING: alternateConfigureLibrary from config.packages.metis(/home/lzy/projects/formal_3D_flow_solver/FEM_SimVascular/external/dependencies/sv1_1/petsc-3.19.6/config/BuildSystem/config/package.py:1038)
  Called if --with-packagename=0; does nothing by default
    child config.packages.metis took 0.000154 seconds
=============================================================================================
TESTING: consistencyChecks from config.packages.pragmatic(/home/lzy/projects/formal_3D_flow_solver/FEM_SimVascular/external/dependencies/sv1_1/petsc-3.19.6/config/BuildSystem/config/package.py:1042)
  Checks run on the system and currently installed packages that need to be correct for the package now being configured
=============================================================================================
TESTING: alternateConfigureLibrary from config.packages.pragmatic(/home/lzy/projects/formal_3D_flow_solver/FEM_SimVascular/external/dependencies/sv1_1/petsc-3.19.6/config/BuildSystem/config/package.py:1038)
  Called if --with-packagename=0; does nothing by default
    child config.packages.pragmatic took 0.000140 seconds
=============================================================================================
TESTING: consistencyChecks from config.packages.parmetis(/home/lzy/projects/formal_3D_flow_solver/FEM_SimVascular/external/dependencies/sv1_1/petsc-3.19.6/config/BuildSystem/config/package.py:1042)
  Checks run on the system and currently installed packages that need to be correct for the package now being configured
=============================================================================================
TESTING: alternateConfigureLibrary from config.packages.parmetis(/home/lzy/projects/formal_3D_flow_solver/FEM_SimVascular/external/dependencies/sv1_1/petsc-3.19.6/config/BuildSystem/config/package.py:1038)
  Called if --with-packagename=0; does nothing by default
    child config.packages.parmetis took 0.000140 seconds
=============================================================================================
TESTING: consistencyChecks from config.packages.KS(/home/lzy/projects/formal_3D_flow_solver/FEM_SimVascular/external/dependencies/sv1_1/petsc-3.19.6/config/BuildSystem/config/package.py:1042)
  Checks run on the system and currently installed packages that need to be correct for the package now being configured
=============================================================================================
TESTING: alternateConfigureLibrary from config.packages.KS(/home/lzy/projects/formal_3D_flow_solver/FEM_SimVascular/external/dependencies/sv1_1/petsc-3.19.6/config/BuildSystem/config/package.py:1038)
  Called if --with-packagename=0; does nothing by default
    child config.packages.KS took 0.000170 seconds
=============================================================================================
TESTING: consistencyChecks from config.packages.Chaco(/home/lzy/projects/formal_3D_flow_solver/FEM_SimVascular/external/dependencies/sv1_1/petsc-3.19.6/config/BuildSystem/config/package.py:1042)
  Checks run on the system and currently installed packages that need to be correct for the package now being configured
=============================================================================================
TESTING: alternateConfigureLibrary from config.packages.Chaco(/home/lzy/projects/formal_3D_flow_solver/FEM_SimVascular/external/dependencies/sv1_1/petsc-3.19.6/config/BuildSystem/config/package.py:1038)
  Called if --with-packagename=0; does nothing by default
    child config.packages.Chaco took 0.000144 seconds
=============================================================================================
TESTING: consistencyChecks from config.packages.hdf5(/home/lzy/projects/formal_3D_flow_solver/FEM_SimVascular/external/dependencies/sv1_1/petsc-3.19.6/config/BuildSystem/config/package.py:1042)
  Checks run on the system and currently installed packages that need to be correct for the package now being configured
=============================================================================================
TESTING: alternateConfigureLibrary from config.packages.hdf5(/home/lzy/projects/formal_3D_flow_solver/FEM_SimVascular/external/dependencies/sv1_1/petsc-3.19.6/config/BuildSystem/config/package.py:1038)
  Called if --with-packagename=0; does nothing by default
    child config.packages.hdf5 took 0.000136 seconds
=============================================================================================
TESTING: consistencyChecks from config.packages.med(/home/lzy/projects/formal_3D_flow_solver/FEM_SimVascular/external/dependencies/sv1_1/petsc-3.19.6/config/BuildSystem/config/package.py:1042)
  Checks run on the system and currently installed packages that need to be correct for the package now being configured
=============================================================================================
TESTING: alternateConfigureLibrary from config.packages.med(/home/lzy/projects/formal_3D_flow_solver/FEM_SimVascular/external/dependencies/sv1_1/petsc-3.19.6/config/BuildSystem/config/package.py:1038)
  Called if --with-packagename=0; does nothing by default
    child config.packages.med took 0.000130 seconds
=============================================================================================
TESTING: consistencyChecks from config.packages.cgns(/home/lzy/projects/formal_3D_flow_solver/FEM_SimVascular/external/dependencies/sv1_1/petsc-3.19.6/config/BuildSystem/config/package.py:1042)
  Checks run on the system and currently installed packages that need to be correct for the package now being configured
=============================================================================================
TESTING: alternateConfigureLibrary from config.packages.cgns(/home/lzy/projects/formal_3D_flow_solver/FEM_SimVascular/external/dependencies/sv1_1/petsc-3.19.6/config/BuildSystem/config/package.py:1038)
  Called if --with-packagename=0; does nothing by default
    child config.packages.cgns took 0.000122 seconds
=============================================================================================
TESTING: consistencyChecks from config.packages.ascem-io(/home/lzy/projects/formal_3D_flow_solver/FEM_SimVascular/external/dependencies/sv1_1/petsc-3.19.6/config/BuildSystem/config/package.py:1042)
  Checks run on the system and currently installed packages that need to be correct for the package now being configured
=============================================================================================
TESTING: alternateConfigureLibrary from config.packages.ascem-io(/home/lzy/projects/formal_3D_flow_solver/FEM_SimVascular/external/dependencies/sv1_1/petsc-3.19.6/config/BuildSystem/config/package.py:1038)
  Called if --with-packagename=0; does nothing by default
    child config.packages.ascem-io took 0.000139 seconds
=============================================================================================
TESTING: consistencyChecks from config.packages.pflotran(/home/lzy/projects/formal_3D_flow_solver/FEM_SimVascular/external/dependencies/sv1_1/petsc-3.19.6/config/BuildSystem/config/package.py:1042)
  Checks run on the system and currently installed packages that need to be correct for the package now being configured
=============================================================================================
TESTING: alternateConfigureLibrary from config.packages.pflotran(/home/lzy/projects/formal_3D_flow_solver/FEM_SimVascular/external/dependencies/sv1_1/petsc-3.19.6/config/BuildSystem/config/package.py:1038)
  Called if --with-packagename=0; does nothing by default
    child config.packages.pflotran took 0.000162 seconds
=============================================================================================
TESTING: consistencyChecks from config.packages.alquimia(/home/lzy/projects/formal_3D_flow_solver/FEM_SimVascular/external/dependencies/sv1_1/petsc-3.19.6/config/BuildSystem/config/package.py:1042)
  Checks run on the system and currently installed packages that need to be correct for the package now being configured
=============================================================================================
TESTING: alternateConfigureLibrary from config.packages.alquimia(/home/lzy/projects/formal_3D_flow_solver/FEM_SimVascular/external/dependencies/sv1_1/petsc-3.19.6/config/BuildSystem/config/package.py:1038)
  Called if --with-packagename=0; does nothing by default
    child config.packages.alquimia took 0.000151 seconds
=============================================================================================
TESTING: consistencyChecks from config.packages.SAMRAI(/home/lzy/projects/formal_3D_flow_solver/FEM_SimVascular/external/dependencies/sv1_1/petsc-3.19.6/config/BuildSystem/config/package.py:1042)
  Checks run on the system and currently installed packages that need to be correct for the package now being configured
=============================================================================================
TESTING: alternateConfigureLibrary from config.packages.SAMRAI(/home/lzy/projects/formal_3D_flow_solver/FEM_SimVascular/external/dependencies/sv1_1/petsc-3.19.6/config/BuildSystem/config/package.py:1038)
  Called if --with-packagename=0; does nothing by default
    child config.packages.SAMRAI took 0.000160 seconds
    child config.packages.flibs took 0.000005 seconds
=============================================================================================
TESTING: consistencyChecks from config.packages.pnetcdf(/home/lzy/projects/formal_3D_flow_solver/FEM_SimVascular/external/dependencies/sv1_1/petsc-3.19.6/config/BuildSystem/config/package.py:1042)
  Checks run on the system and currently installed packages that need to be correct for the package now being configured
=============================================================================================
TESTING: alternateConfigureLibrary from config.packages.pnetcdf(/home/lzy/projects/formal_3D_flow_solver/FEM_SimVascular/external/dependencies/sv1_1/petsc-3.19.6/config/BuildSystem/config/package.py:1038)
  Called if --with-packagename=0; does nothing by default
    child config.packages.pnetcdf took 0.000143 seconds
=============================================================================================
TESTING: consistencyChecks from config.packages.netcdf(/home/lzy/projects/formal_3D_flow_solver/FEM_SimVascular/external/dependencies/sv1_1/petsc-3.19.6/config/BuildSystem/config/package.py:1042)
  Checks run on the system and currently installed packages that need to be correct for the package now being configured
=============================================================================================
TESTING: alternateConfigureLibrary from config.packages.netcdf(/home/lzy/projects/formal_3D_flow_solver/FEM_SimVascular/external/dependencies/sv1_1/petsc-3.19.6/config/BuildSystem/config/package.py:1038)
  Called if --with-packagename=0; does nothing by default
    child config.packages.netcdf took 0.000153 seconds
=============================================================================================
TESTING: consistencyChecks from config.packages.exodusii(/home/lzy/projects/formal_3D_flow_solver/FEM_SimVascular/external/dependencies/sv1_1/petsc-3.19.6/config/BuildSystem/config/package.py:1042)
  Checks run on the system and currently installed packages that need to be correct for the package now being configured
=============================================================================================
TESTING: alternateConfigureLibrary from config.packages.exodusii(/home/lzy/projects/formal_3D_flow_solver/FEM_SimVascular/external/dependencies/sv1_1/petsc-3.19.6/config/BuildSystem/config/package.py:1038)
  Called if --with-packagename=0; does nothing by default
    child config.packages.exodusii took 0.000170 seconds
=============================================================================================
TESTING: consistencyChecks from config.packages.fblaslapack(/home/lzy/projects/formal_3D_flow_solver/FEM_SimVascular/external/dependencies/sv1_1/petsc-3.19.6/config/BuildSystem/config/package.py:1042)
  Checks run on the system and currently installed packages that need to be correct for the package now being configured
=============================================================================================
TESTING: alternateConfigureLibrary from config.packages.fblaslapack(/home/lzy/projects/formal_3D_flow_solver/FEM_SimVascular/external/dependencies/sv1_1/petsc-3.19.6/config/BuildSystem/config/package.py:1038)
  Called if --with-packagename=0; does nothing by default
    child config.packages.fblaslapack took 0.000168 seconds
=============================================================================================
TESTING: consistencyChecks from config.packages.pthread(/home/lzy/projects/formal_3D_flow_solver/FEM_SimVascular/external/dependencies/sv1_1/petsc-3.19.6/config/BuildSystem/config/package.py:1042)
  Checks run on the system and currently installed packages that need to be correct for the package now being configured
=============================================================================================
TESTING: checkDependencies from config.packages.pthread(/home/lzy/projects/formal_3D_flow_solver/FEM_SimVascular/external/dependencies/sv1_1/petsc-3.19.6/config/BuildSystem/config/package.py:936)
  Loop over declared dependencies of package and error if any are missing
=============================================================================================
TESTING: configureLibrary from config.packages.pthread(/home/lzy/projects/formal_3D_flow_solver/FEM_SimVascular/external/dependencies/sv1_1/petsc-3.19.6/config/BuildSystem/config/packages/pthread.py:19)
   Checks for pthread_barrier_t 
==================================================================================
            Checking for a functional pthread
            Checking for library in Compiler specific search PTHREAD: []
=============================================================================================
TESTING: check from config.libraries(/home/lzy/projects/formal_3D_flow_solver/FEM_SimVascular/external/dependencies/sv1_1/petsc-3.19.6/config/BuildSystem/config/libraries.py:168)
  Checks that the library "libName" contains "funcs", and if it does defines HAVE_LIB"libName"
       - libDir may be a list of directories
       - libName may be a list of library names
                Checking for functions [pthread_create] in library [] []
Executing: /usr/bin/mpicc -c -o /tmp/petsc-oye27d1b/config.libraries/conftest.o -I/tmp/petsc-oye27d1b/config.compilerFlags -I/tmp/petsc-oye27d1b/config.setCompilers -I/tmp/petsc-oye27d1b/config.compilers -I/tmp/petsc-oye27d1b/config.headers -I/tmp/petsc-oye27d1b/config.utilities.cacheDetails -I/tmp/petsc-oye27d1b/config.types -I/tmp/petsc-oye27d1b/config.functions -I/tmp/petsc-oye27d1b/config.utilities.featureTestMacros -I/tmp/petsc-oye27d1b/config.utilities.missing -I/tmp/petsc-oye27d1b/PETSc.options.sharedLibraries -I/tmp/petsc-oye27d1b/PETSc.options.scalarTypes -I/tmp/petsc-oye27d1b/config.libraries -I/tmp/petsc-oye27d1b/config.packages.MPI  -fPIC -Wall -Wwrite-strings -Wno-unknown-pragmas -Wno-lto-type-mismatch -Wno-stringop-overflow -fstack-protector -fvisibility=hidden -g -O  /tmp/petsc-oye27d1b/config.libraries/conftest.c 
Successful compile:
Source:
#include "confdefs.h"
#include "conffix.h"
/* Override any gcc2 internal prototype to avoid an error. */
char pthread_create();
static void _check_pthread_create() { pthread_create(); }

int main() {
_check_pthread_create();;
  return 0;
}

Executing: /usr/bin/mpicc  -o /tmp/petsc-oye27d1b/config.libraries/conftest    -fPIC -Wall -Wwrite-strings -Wno-unknown-pragmas -Wno-lto-type-mismatch -Wno-stringop-overflow -fstack-protector -fvisibility=hidden -g -O /tmp/petsc-oye27d1b/config.libraries/conftest.o -lquadmath 
            Checking for optional headers [] in Compiler specific search PTHREAD: []
=============================================================================================
TESTING: checkInclude from config.headers(/home/lzy/projects/formal_3D_flow_solver/FEM_SimVascular/external/dependencies/sv1_1/petsc-3.19.6/config/BuildSystem/config/headers.py:86)
  Checks if a particular include file can be found along particular include paths
Checking for header files [] in []
Found header files [] in []
            Checking for headers ['pthread.h'] in Compiler specific search PTHREAD: []
=============================================================================================
TESTING: checkInclude from config.headers(/home/lzy/projects/formal_3D_flow_solver/FEM_SimVascular/external/dependencies/sv1_1/petsc-3.19.6/config/BuildSystem/config/headers.py:86)
  Checks if a particular include file can be found along particular include paths
Checking for header files ['pthread.h'] in []
                  Checking include with compiler flags var CPPFLAGS []
Preprocessing source:
#include "confdefs.h"
#include "conffix.h"
#include <pthread.h>

Executing: /usr/bin/mpicc -E  -I/tmp/petsc-oye27d1b/config.setCompilers -I/tmp/petsc-oye27d1b/config.types -I/tmp/petsc-oye27d1b/config.headers -I/tmp/petsc-oye27d1b/config.packages.MPI   /tmp/petsc-oye27d1b/config.headers/conftest.c 
Preprocess output before filtering:
Preprocess output after filtering:
Found header files ['pthread.h'] in []
Executing: /usr/bin/mpicc -c -o /tmp/petsc-oye27d1b/config.packages.pthread/conftest.o -I/tmp/petsc-oye27d1b/config.compilerFlags -I/tmp/petsc-oye27d1b/config.setCompilers -I/tmp/petsc-oye27d1b/config.compilers -I/tmp/petsc-oye27d1b/config.headers -I/tmp/petsc-oye27d1b/config.utilities.cacheDetails -I/tmp/petsc-oye27d1b/config.types -I/tmp/petsc-oye27d1b/config.functions -I/tmp/petsc-oye27d1b/config.utilities.featureTestMacros -I/tmp/petsc-oye27d1b/config.utilities.missing -I/tmp/petsc-oye27d1b/PETSc.options.sharedLibraries -I/tmp/petsc-oye27d1b/PETSc.options.scalarTypes -I/tmp/petsc-oye27d1b/config.libraries -I/tmp/petsc-oye27d1b/config.packages.MPI -I/tmp/petsc-oye27d1b/config.packages.pthread  -fPIC -Wall -Wwrite-strings -Wno-unknown-pragmas -Wno-lto-type-mismatch -Wno-stringop-overflow -fstack-protector -fvisibility=hidden -g -O  /tmp/petsc-oye27d1b/config.packages.pthread/conftest.c 
Successful compile:
Source:
#include "confdefs.h"
#include "conffix.h"
#include <pthread.h>

int main() {
pthread_barrier_t *a;
(void)a;
  return 0;
}

=============================================================================================
TESTING: checkVersion from config.packages.pthread(/home/lzy/projects/formal_3D_flow_solver/FEM_SimVascular/external/dependencies/sv1_1/petsc-3.19.6/config/BuildSystem/config/package.py:1109)
  Uses self.version, self.minversion, self.maxversion, self.versionname, and self.versioninclude to determine if package has required version
=============================================================================================
TESTING: checkSharedLibrary from config.packages.pthread(/home/lzy/projects/formal_3D_flow_solver/FEM_SimVascular/external/dependencies/sv1_1/petsc-3.19.6/config/BuildSystem/config/package.py:1034)
  By default we don't care about checking if the library is shared
    child config.packages.pthread took 0.060998 seconds
=============================================================================================
TESTING: consistencyChecks from config.packages.egads(/home/lzy/projects/formal_3D_flow_solver/FEM_SimVascular/external/dependencies/sv1_1/petsc-3.19.6/config/BuildSystem/config/package.py:1042)
  Checks run on the system and currently installed packages that need to be correct for the package now being configured
=============================================================================================
TESTING: alternateConfigureLibrary from config.packages.egads(/home/lzy/projects/formal_3D_flow_solver/FEM_SimVascular/external/dependencies/sv1_1/petsc-3.19.6/config/BuildSystem/config/package.py:1038)
  Called if --with-packagename=0; does nothing by default
    child config.packages.egads took 0.000242 seconds
=============================================================================================
TESTING: consistencyChecks from config.packages.PTScotch(/home/lzy/projects/formal_3D_flow_solver/FEM_SimVascular/external/dependencies/sv1_1/petsc-3.19.6/config/BuildSystem/config/package.py:1042)
  Checks run on the system and currently installed packages that need to be correct for the package now being configured
=============================================================================================
TESTING: alternateConfigureLibrary from config.packages.PTScotch(/home/lzy/projects/formal_3D_flow_solver/FEM_SimVascular/external/dependencies/sv1_1/petsc-3.19.6/config/BuildSystem/config/package.py:1038)
  Called if --with-packagename=0; does nothing by default
    child config.packages.PTScotch took 0.000177 seconds
=============================================================================================
TESTING: consistencyChecks from config.packages.mmg(/home/lzy/projects/formal_3D_flow_solver/FEM_SimVascular/external/dependencies/sv1_1/petsc-3.19.6/config/BuildSystem/config/package.py:1042)
  Checks run on the system and currently installed packages that need to be correct for the package now being configured
=============================================================================================
TESTING: alternateConfigureLibrary from config.packages.mmg(/home/lzy/projects/formal_3D_flow_solver/FEM_SimVascular/external/dependencies/sv1_1/petsc-3.19.6/config/BuildSystem/config/package.py:1038)
  Called if --with-packagename=0; does nothing by default
    child config.packages.mmg took 0.000160 seconds
=============================================================================================
TESTING: consistencyChecks from config.packages.parmmg(/home/lzy/projects/formal_3D_flow_solver/FEM_SimVascular/external/dependencies/sv1_1/petsc-3.19.6/config/BuildSystem/config/package.py:1042)
  Checks run on the system and currently installed packages that need to be correct for the package now being configured
=============================================================================================
TESTING: alternateConfigureLibrary from config.packages.parmmg(/home/lzy/projects/formal_3D_flow_solver/FEM_SimVascular/external/dependencies/sv1_1/petsc-3.19.6/config/BuildSystem/config/package.py:1038)
  Called if --with-packagename=0; does nothing by default
    child config.packages.parmmg took 0.000184 seconds
=============================================================================================
TESTING: consistencyChecks from config.packages.Zoltan(/home/lzy/projects/formal_3D_flow_solver/FEM_SimVascular/external/dependencies/sv1_1/petsc-3.19.6/config/BuildSystem/config/package.py:1042)
  Checks run on the system and currently installed packages that need to be correct for the package now being configured
=============================================================================================
TESTING: alternateConfigureLibrary from config.packages.Zoltan(/home/lzy/projects/formal_3D_flow_solver/FEM_SimVascular/external/dependencies/sv1_1/petsc-3.19.6/config/BuildSystem/config/package.py:1038)
  Called if --with-packagename=0; does nothing by default
    child config.packages.Zoltan took 0.000145 seconds
=============================================================================================
TESTING: consistencyChecks from config.packages.ADIOS(/home/lzy/projects/formal_3D_flow_solver/FEM_SimVascular/external/dependencies/sv1_1/petsc-3.19.6/config/BuildSystem/config/package.py:1042)
  Checks run on the system and currently installed packages that need to be correct for the package now being configured
=============================================================================================
TESTING: alternateConfigureLibrary from config.packages.ADIOS(/home/lzy/projects/formal_3D_flow_solver/FEM_SimVascular/external/dependencies/sv1_1/petsc-3.19.6/config/BuildSystem/config/package.py:1038)
  Called if --with-packagename=0; does nothing by default
    child config.packages.ADIOS took 0.000155 seconds
=============================================================================================
TESTING: consistencyChecks from config.packages.openmp(/home/lzy/projects/formal_3D_flow_solver/FEM_SimVascular/external/dependencies/sv1_1/petsc-3.19.6/config/BuildSystem/config/package.py:1042)
  Checks run on the system and currently installed packages that need to be correct for the package now being configured
=============================================================================================
TESTING: alternateConfigureLibrary from config.packages.openmp(/home/lzy/projects/formal_3D_flow_solver/FEM_SimVascular/external/dependencies/sv1_1/petsc-3.19.6/config/BuildSystem/config/package.py:1038)
  Called if --with-packagename=0; does nothing by default
    child config.packages.openmp took 0.000153 seconds
=============================================================================================
TESTING: consistencyChecks from config.packages.viennacl(/home/lzy/projects/formal_3D_flow_solver/FEM_SimVascular/external/dependencies/sv1_1/petsc-3.19.6/config/BuildSystem/config/package.py:1042)
  Checks run on the system and currently installed packages that need to be correct for the package now being configured
=============================================================================================
TESTING: alternateConfigureLibrary from config.packages.viennacl(/home/lzy/projects/formal_3D_flow_solver/FEM_SimVascular/external/dependencies/sv1_1/petsc-3.19.6/config/BuildSystem/config/package.py:1038)
  Called if --with-packagename=0; does nothing by default
    child config.packages.viennacl took 0.000153 seconds
=============================================================================================
TESTING: consistencyChecks from config.packages.ColPack(/home/lzy/projects/formal_3D_flow_solver/FEM_SimVascular/external/dependencies/sv1_1/petsc-3.19.6/config/BuildSystem/config/package.py:1042)
  Checks run on the system and currently installed packages that need to be correct for the package now being configured
=============================================================================================
TESTING: alternateConfigureLibrary from config.packages.ColPack(/home/lzy/projects/formal_3D_flow_solver/FEM_SimVascular/external/dependencies/sv1_1/petsc-3.19.6/config/BuildSystem/config/package.py:1038)
  Called if --with-packagename=0; does nothing by default
    child config.packages.ColPack took 0.000156 seconds
=============================================================================================
TESTING: consistencyChecks from config.packages.ADOLC(/home/lzy/projects/formal_3D_flow_solver/FEM_SimVascular/external/dependencies/sv1_1/petsc-3.19.6/config/BuildSystem/config/package.py:1042)
  Checks run on the system and currently installed packages that need to be correct for the package now being configured
=============================================================================================
TESTING: alternateConfigureLibrary from config.packages.ADOLC(/home/lzy/projects/formal_3D_flow_solver/FEM_SimVascular/external/dependencies/sv1_1/petsc-3.19.6/config/BuildSystem/config/package.py:1038)
  Called if --with-packagename=0; does nothing by default
    child config.packages.ADOLC took 0.000145 seconds
=============================================================================================
TESTING: consistencyChecks from config.packages.openblas(/home/lzy/projects/formal_3D_flow_solver/FEM_SimVascular/external/dependencies/sv1_1/petsc-3.19.6/config/BuildSystem/config/package.py:1042)
  Checks run on the system and currently installed packages that need to be correct for the package now being configured
=============================================================================================
TESTING: alternateConfigureLibrary from config.packages.openblas(/home/lzy/projects/formal_3D_flow_solver/FEM_SimVascular/external/dependencies/sv1_1/petsc-3.19.6/config/BuildSystem/config/package.py:1038)
  Called if --with-packagename=0; does nothing by default
    child config.packages.openblas took 0.000155 seconds
=============================================================================================
TESTING: consistencyChecks from config.packages.blis(/home/lzy/projects/formal_3D_flow_solver/FEM_SimVascular/external/dependencies/sv1_1/petsc-3.19.6/config/BuildSystem/config/package.py:1042)
  Checks run on the system and currently installed packages that need to be correct for the package now being configured
=============================================================================================
TESTING: alternateConfigureLibrary from config.packages.blis(/home/lzy/projects/formal_3D_flow_solver/FEM_SimVascular/external/dependencies/sv1_1/petsc-3.19.6/config/BuildSystem/config/package.py:1038)
  Called if --with-packagename=0; does nothing by default
    child config.packages.blis took 0.000135 seconds
=============================================================================================
TESTING: consistencyChecks from config.packages.f2cblaslapack(/home/lzy/projects/formal_3D_flow_solver/FEM_SimVascular/external/dependencies/sv1_1/petsc-3.19.6/config/BuildSystem/config/package.py:1042)
  Checks run on the system and currently installed packages that need to be correct for the package now being configured
=============================================================================================
TESTING: alternateConfigureLibrary from config.packages.f2cblaslapack(/home/lzy/projects/formal_3D_flow_solver/FEM_SimVascular/external/dependencies/sv1_1/petsc-3.19.6/config/BuildSystem/config/package.py:1038)
  Called if --with-packagename=0; does nothing by default
    child config.packages.f2cblaslapack took 0.000164 seconds
=============================================================================================
TESTING: consistencyChecks from config.packages.BlasLapack(/home/lzy/projects/formal_3D_flow_solver/FEM_SimVascular/external/dependencies/sv1_1/petsc-3.19.6/config/BuildSystem/config/package.py:1042)
  Checks run on the system and currently installed packages that need to be correct for the package now being configured
=============================================================================================
TESTING: checkDependencies from config.packages.BlasLapack(/home/lzy/projects/formal_3D_flow_solver/FEM_SimVascular/external/dependencies/sv1_1/petsc-3.19.6/config/BuildSystem/config/package.py:936)
  Loop over declared dependencies of package and error if any are missing
=============================================================================================
TESTING: configureLibrary from config.packages.BlasLapack(/home/lzy/projects/formal_3D_flow_solver/FEM_SimVascular/external/dependencies/sv1_1/petsc-3.19.6/config/BuildSystem/config/packages/BlasLapack.py:497)
================================================================================
Checking for BLAS and LAPACK in User specified BLAS/LAPACK library
=============================================================================================
TESTING: checkLib from config.packages.BlasLapack(/home/lzy/projects/formal_3D_flow_solver/FEM_SimVascular/external/dependencies/sv1_1/petsc-3.19.6/config/BuildSystem/config/packages/BlasLapack.py:111)
  Checking for BLAS and LAPACK symbols
              Checking for Fortran name mangling unchanged on BLAS/LAPACK
                  Checking for functions [ddot] in library ['/lib/x86_64-linux-gnu/liblapack.so.3', '/lib/x86_64-linux-gnu/libblas.so.3'] ['libm.a']
                  Checking directory of requested libraries:/lib/x86_64-linux-gnu for first library:liblapack.so.
                  Files in directory:['libbabeltrace-ctf.so.1.0.0', 'libgdbm.so.6', 'dri', 'libucs_signal.so.0', 'avahi', 'libImath-3_1.so.29', 'libQt5WaylandClient.so.5.15.13', 'libbdplus.so.0.2.0', 'libxcb-cursor.so.0', 'libopen-rte.so.40', 'libvtkPVVTKExtensionsIOSPCTH-pv5.11.so', 'libicutu.so.74.2', 'libevent_extra.a', 'libswscale.so.7.5.100', 'libldap.so.2.0.200', 'libmpi_mpifh.so.40', 'libvtkPVVTKExtensionsIOExodus-pv5.11.so.5.11', 'libvtkPVVTKExtensionsIOGeneral-pv5.11.so.1', 'libdw-0.190.so', 'libvtkWrappingPythonCore3.12-pv5.11.so.5.11', 'libhdf5_serial.settings', 'libgcc_s.so.1', 'libQt5XcbQpa.so.5.15', 'libGL.so.1.7.0', 'libx264.so.164', 'libmfhdfalt.so.0', 'libsz.so.2.0.1', 'libhwy_contrib.so.1.0.7', 'libTKMesh.so.7', 'libvtkCommonSystem-pv5.11.so', 'libvtkIOParallelExodus-pv5.11.so.5.11', 'libacl.so.1', 'libvtkIOExport-pv5.11.so.1', 'libOpenGL.so.0', 'libgssapi_krb5.so.2', 'libTKHLR.so.7.6.3', 'libmpi.so', 'gdk-pixbuf-2.0', 'libsframe.so.1', 'libTKShHealing.so.7', 'libe2p.so.2.3', 'libz.so.1', 'libvtkIOInfovis-pv5.11.so.1', 'libpam_misc.so.0', 'libTKXDEIGES.so.7.6.3', 'libplc4.so', 'libcaf_openmpi.so.3', 'libmpi_usempi_ignore_tkr-gfortranso.40', 'libvtkPVAdaptorsCam-pv5.11.so.1', 'libOpenEXRCore-3_1.so.30', 'libpamc.so.0.82.1', 'libpsm2.so.2.2', 'libaacs.so.0.7.2', 'libreadline.so.8.2', 'libvtkPVVTKExtensionsIOGeneral-pv5.11.so.5.11', 'libEGL_mesa.so.0.0.0', 'libharfbuzz.so.0.60830.0', 'libQt5Core.so.5.15', 'libvtkIOExodus-pv5.11.so.5.11', 'libvtkFiltersProgrammable-pv5.11.so', 'libpq.so.5.16', 'libXtst.so.6.1.0', 'libvtkViewsCore-pv5.11.so.1', 'libX11-xcb.so.1', 'libvtkPythonInterpreter-pv5.11.so.5.11', 'libexslt.so.0.8.21', 'libvtkm_cont_testing-pv5.11.so.1', 'libBrokenLocale.a', 'libproc2.so.0.0.2', 'libpsx.so.2.66', 'libopcodes-2.42-system.so', 'libgl2ps.so.1.4.2', 'libvtkAcceleratorsVTKmDataModel-pv5.11.so', 'libksba.so.8.14.6', 'libpoppler.so.134', 'libvtkPVPythonCatalyst-pv5.11.so.5.11', 'libTKOpenGlTest.so.7', 'libarpack.so.2.1.0', 'hwloc', 'libTKBRep.so.7.6.3', 'libXss.so.1.0.0', 'libpython3.12.so.1.0', 'libevent_core-2.1.so.7', 'libvtkFiltersAMR-pv5.11.so', 'libz.so.1.3', 'libsodium.so.23.3.0', 'libvtkRemotingExport-pv5.11.so.1', 'libvtkm_io-pv5.11.so', 'libvtkViewsCore-pv5.11.so', 'libLLVM-17.so.1', 'libjson-c.so.5', 'libvtkFiltersTexture-pv5.11.so', 'libvtkFiltersGeneric-pv5.11.so', 'libswresample.so.4.12.100', 'libvtkFiltersCore-pv5.11.so.1', 'libvulkan_gfxstream.so', 'libpackagekit-glib2.so.18.1.3', 'libvtkIOXML-pv5.11.so', 'libSM.so.6.0.1', 'libTKHLR.so.7', 'libmemusage.so', 'libtiff.so', 'libcc1.so.0', 'libsz.a', 'libdeflate.so.0', 'libbrotlicommon.so.1', 'libbsd.so.0.12.1', 'libvtkIOCONVERGECFD-pv5.11.so', 'libarpack.so.2', 'libTKBinXCAF.so.7.6.3', 'libTKBool.so.7', 'libvtkCommonMisc-pv5.11.so.5.11', 'libgio-2.0.so.0', 'libgraphite2.so.2.0.0', 'libfmt.so.9.1.0', 'libTKTObjDRAW.so.7', 'libmca_common_monitoring.so', 'libompitrace.so', 'libfmt.so.9', 'libcrypt.so.1.1.0', 'libdfalt.so.0.0.0', 'libvtkRenderingGL2PSOpenGL2-pv5.11.so.1', 'libopenmpt.so.0', 'libcc1.so.0.0.0', 'libm.so', 'libvtkm_worklet-pv5.11.so.1', 'libhsa-runtime64.so.1', 'libpmix.so.2.13.1', 'libfreeblpriv3.chk', 'libvtkIOVPIC-pv5.11.so', 'libxcb-randr.so.0', 'libubsan.so.1', 'libmcheck.a', 'libopen-rte.so', 'libvtkIOAsynchronous-pv5.11.so.5.11', 'libvtkm_io-pv5.11.so.1', 'libspeex.so.1.5.2', 'libnettle.so.8.8', 'libQt5Network.so.5.15', 'libTKVCAF.so.7', 'libresolv.a', 'libTKV3d.so.7.6.3', 'libhdf5_hl_cpp.so.100', 'libdebconfclient.so.0', 'libelf-0.190.so', 'libmpfr.so.6', 'libvorbis.so.0.4.9', 'libvtkjsoncpp-pv5.11.so', 'libnss_dns.so.2', 'rsocket', 'libmca_common_monitoring.so.50', 'libxcb.so.1', 'libxcb-randr.so.0.1.0', 'libhdf5_openmpihl_fortran.so', 'libTKSTEPAttr.so.7.6.3', 'libvtkIOADIOS2-pv5.11.so.1', 'libXcomposite.so.1.0.0', 'libvtkCommonTransforms-pv5.11.so.1', 'libadios2_mpi_evpath.so.4.5.0', 'libvtkRemotingServerManager-pv5.11.so.1', 'libTKG2d.so.7', 'libvtkRemotingViews-pv5.11.so.5.11', 'libbsd.so.0', 'libmbedcrypto.so.7', 'libvtkRenderingVolume-pv5.11.so.1', 'libavformat.so.60', 'libkmlbase.so.1', 'libsasl2.so.2.0.25', 'libstemmer.so.0d', 'libfmt.so', 'libpolkit-agent-1.so.0.0.0', 'libexpatw.a', 'libXdmcp.so.6', 'libmpi_usempif08-gfortran.so.40', 'libvtkIOParallelNetCDF-pv5.11.so.5.11', 'libvtkUtilitiesPythonInitializer-pv5.11.so.1', 'libgstcontroller-1.0.so.0.2402.0', 'libvtkh5part-pv5.11.so', 'libhsakmt.so.1.0.6', 'libvtkIOXML-pv5.11.so.1', 'libjxl_threads.so.0.7', 'libatspi.so.0', 'libTKXCAF.so.7', 'grcrt1.o', 'libyaml-0.so.2', 'libvtkAcceleratorsVTKmFilters-pv5.11.so.5.11', 'libmunge.so.2', 'glib-2.0', 'libhwy_contrib.so.1', 'libjxl.so.0.7.0', 'Scrt1.o', 'libzvbi-chains.so.0', 'libvtkPVVTKExtensionsMisc-pv5.11.so.5.11', 'libmca_common_ucx.so', 'libfyut.so.0.0.0', 'libblosc.so.1.21.5', 'libvtkogg-pv5.11.so.5.11', 'libmca_common_verbs.so.40.30.0', 'libnuma.so.1.0.0', 'libvtkIceTCore-pv5.11.so.5.11', 'libQt5Svg.so.5.15.13', 'libutil.so.1', 'librsvg-2.so.2.50.0', 'vdpau', 'libQt5Widgets.so.5', 'libevent-2.1.so.7.0.1', 'libvtkFiltersGeneral-pv5.11.so.1', 'libinput.so.10.13.0', 'libmpi++.so', 'libgd.so.3.0.11', 'libfreexl.so.1.2.0', 'libvtkFiltersParallel-pv5.11.so.5.11', 'libTKSTEPBase.so.7', 'libvtkPVVTKExtensionsFiltersGeneralMPI-pv5.11.so.5.11', 'libgfortran.so.5', 'libvtkIOIOSS-pv5.11.so.5.11', 'libvtkqttesting-pv5.11.so', 'libvtkPVVTKExtensionsIOImage-pv5.11.so.5.11', 'libseccomp.so.2.5.5', 'libdrm_amdgpu.so.1.125.0', 'libraw.so.23', 'libwebpmux.so.3', 'libdrop_ambient.so.0', 'gbm', 'libfabric.so.1', 'libamdhip64.so.5.7.31921', 'libglut.so.3.12', 'libvtkh5part-pv5.11.so.1', 'libvtkFiltersGeometry-pv5.11.so', 'libvulkan_asahi.so', 'libanl.so.1', 'libvtkIOFFMPEG-pv5.11.so.1', 'libdatrie.so.1', 'krb5', 'libtiffxx.a', 'libTKViewerTest.so.7', 'open-corarrys', 'libvtkRemotingViewsPython-pv5.11.so.5.11', 'libgif.so.7.2.0', 'libvtkxdmf3-pv5.11.so', 'libXrandr.so.2', 'libssh-gcrypt.so.4.9.6', 'libvtkFiltersProgrammable-pv5.11.so.1', 'libnl-3.so.200.26.0', 'libQt5XcbQpa.so.5.15.13', 'librav1e.so.0.7.1', 'libmagic.so.1.0.0', 'perl5', 'libacl.so.1.1.2302', 'tc', 'libvtkvpic-pv5.11.so.5.11', 'libTKXmlL.so.7.6.3', 'libvtkFiltersStatistics-pv5.11.so.1', 'libTKPrim.so.7.6.3', 'libvtkioss-pv5.11.so.1', 'libvtkRenderingGL2PSOpenGL2-pv5.11.so', 'libtheora.so.0', 'libpqComponents-pv5.11.so.1', 'libvtkPVVTKExtensionsFiltersRendering-pv5.11.so', 'libvtkFiltersFlowPaths-pv5.11.so.1', 'libvtkIOVPIC-pv5.11.so.1', 'libanl.a', 'libhdf5_openmpi_hl.so', 'libgdk-3.so.0', 'libvtkIOMPIImage-pv5.11.so.5.11', 'libxkbfile.so.1.0.2', 'libmpi_usempif08.so.40', 'libmpi_usempi_ignore_tkr-gfortran.so.40.30.0', 'libvtkWrappingTools-pv5.11.so', 'gconv', 'ld-linux-x86-64.so.2', 'libvtkInteractionWidgets-pv5.11.so', 'libQt5EglFSDeviceIntegration.so.5.15', 'libvtkPVPythonCatalyst-pv5.11.so', 'libvtklibharu-pv5.11.so.1', 'libvtkIOH5part-pv5.11.so.5.11', 'libmvec.a', 'libvtkIceTMPI-pv5.11.so', 'libhiredis_ssl.so.1', 'libnssutil3.so', 'libpsl.so.5', 'libgthread-2.0.so.0', 'libcom_err.so.2.1', 'libxcb-image.so.0.0.0', 'libicuio.so.74.2', 'liblzma.so', 'libgsm.so.1', 'libmlx5.so.1.24.50.0', 'libcurl.a', 'libgstcontroller-1.0.so.0', 'libwebp.so', 'libstemmer.so.0d.0.0', 'libwayland-client.so.0.22.0', 'libvtkAcceleratorsVTKmDataModel-pv5.11.so.5.11', 'libIlmThread-3_1.so.30.5.1', 'libTKMesh.so.7.6.3', 'libmpi_cxx.so.40.30.1', 'libnpth.so.0.1.2', 'libhdf5_serialhl_fortran.a', 'libavahi-common.so.3', 'libvtkFiltersParallelStatistics-pv5.11.so.1', 'libvtkPVVTKExtensionsIOSPCTH-pv5.11.so.1', 'libvtkRenderingSceneGraph-pv5.11.so.5.11', 'libzstd.so.1', 'libpango-1.0.so.0', 'libXxf86vm.so.1', 'libwebpdemux.a', 'libvtkIOParallelLSDyna-pv5.11.so', 'libexpatw.so.1.9.1', 'libvtkRenderingVolume-pv5.11.so', 'libfreebl3.chk', 'libnspr4.so', 'libedit.so.2', 'libvtkjsoncpp-pv5.11.so.5.11', 'libinfinipath.so.4.0', 'libthread_db.so.1', 'libdrm_amdgpu.so.1', 'libwebpdecoder.so.3.1.8', 'libvtkkissfft-pv5.11.so', 'libTKSTEPBase.so.7.6.3', 'libvtkImagingMath-pv5.11.so.1', 'libwebpmux.a', 'libcairo-gobject.so.2', 'libfreeimage-3.18.0.so', 'libtiff.so.6.0.1', 'libsnappy.so.1', 'libvtkImagingCore-pv5.11.so.5.11', 'libctf.so.0', 'libpqWidgets-pv5.11.so', 'libdconf.so.1', 'libpolkit-gobject-1.so.0.0.0', 'libbabeltrace-lttng-live.so.1.0.0', 'libvtkprotobuf-pv5.11.so.1', 'libvtkImagingHybrid-pv5.11.so', 'libvtkDomainsChemistryOpenGL2-pv5.11.so.1', 'libXmu.so.6', 'libadios2_mpi_ffs.so.2', 'libwebpdemux.so', 'libfontconfig.so.1.12.1', 'libevent_core.so', 'libgdk_pixbuf-2.0.so.0.4200.10', 'libmca_common_monitoring.so.50.20.0', 'libvtkIOXML-pv5.11.so.5.11', 'libtbbmalloc_proxy.so.2', 'libnl-route-3.a', 'libvtkCommonMath-pv5.11.so', 'libvtkPVVTKExtensionsFiltersRendering-pv5.11.so.5.11', 'libvtkCommonColor-pv5.11.so.1', 'libvtkIONetCDF-pv5.11.so.1', 'libvtkCommonMisc-pv5.11.so.1', 'libvtkPVVTKExtensionsFiltersMaterialInterface-pv5.11.so.5.11', 'libkmod.so.2', 'libvtkexodusII-pv5.11.so.1', 'libvtksys-pv5.11.so.5.11', 'libhdf5_serial_fortran.so.102', 'libgstbase-1.0.so.0', 'libvtkIOAsynchronous-pv5.11.so', 'libkrb5.so.3', 'libvpx.so.9.0', 'libxerces-c-3.2.so', 'libLLVM-20.so', 'libvtkPVVTKExtensionsFiltersPython-pv5.11.so.5.11', 'libzstd.so.1.5.5', 'libmpi_mpifh.so.40.30.0', 'libvtkPVVTKExtensionsIOCGNSWriter-pv5.11.so.5.11', 'libTKBO.so.7.6.3', 'libmlx4.so.1', 'libuct.so.0.0.0', 'libTKStdL.so.7', 'libvtkAcceleratorsVTKmFilters-pv5.11.so', 'librttopo.so.1', 'libvtkPVVTKExtensionsFiltersPython-pv5.11.so', 'libatm.so.1', 'libsharpyuv.so.0', 'libicutu.so.74', 'libxkbcommon.so.0.0.0', 'libvtkRenderingCore-pv5.11.so', 'libogdi.so.4', 'libgtk-3.so.0.2409.32', 'libmlx4.so', 'libformw.so.6', 'libTKGeomAlgo.so.7', 'libhdf5_serial_cpp.a', 'libvtkChartsCore-pv5.11.so', 'libvtkIceTGL-pv5.11.so.5.11', 'libkeyutils.so.1', 'libTKRWMesh.so.7', 'libyaml-cpp.so.0.8.0', 'libQt5EglFSDeviceIntegration.so.5', 'gio', 'libvtkFiltersParallelMPI-pv5.11.so', 'libTKTopAlgo.so.7.6.3', 'libpcre2-8.so.0.11.2', 'libitm.so.1.0.0', 'libeatmydata.so.1', 'libbpf.so.1', 'libvtkRemotingAnimation-pv5.11.so.1', 'libcolord.so.2', 'libmca_common_ompio.so.41', 'ucx', 'libzmq.so.5', 'libvtkPVVTKExtensionsIOImage-pv5.11.so.1', 'libTKMeshVS.so.7.6.3', 'libjsoncpp.so.1.9.5', 'liblcms2.so.2', 'libvtkImagingFourier-pv5.11.so.5.11', 'libQt5Gui.so.5.15', 'libirdma-rdmav34.a', 'libompitrace.so.40', 'libalglib.so.4.0', 'adios2', 'libtheora.so.0.3.10', 'libhdf5_cpp.so.103', 'libkrb5.so.3.3', 'libm-2.39.a', 'libGLEW.so.2.2', 'libhdf5_openmpi.so', 'libEGL.so.1.1.0', 'libvtkInteractionStyle-pv5.11.so', 'libQt5Quick.so.5.15', 'libformw.so.6.4', 'libvtkFiltersExtraction-pv5.11.so.5.11', 'libvtkParallelMPI4Py-pv5.11.so.5.11', 'libucs_signal.so.0.0.0', 'libmpi_mpifh-gfortran.so.40', 'libsmartcols.so.1.1.0', 'libTKXSBase.so.7.6.3', 'libjpeg.so', 'libvtkIOParallel-pv5.11.so.1', 'libadios2_mpi_atl.so.2.2.1', 'libvtkRenderingHyperTreeGrid-pv5.11.so.1', 'libvtkPVVTKExtensionsFiltersParallelDIY2-pv5.11.so', 'libjson-c.so.5.3.0', 'libQt5DBus.so.5', 'libQt5Widgets.so.5.15', 'libidn2.so.0', 'libTKBinTObj.so.7.6.3', 'libcolordprivate.so.2', 'libvtkIOCONVERGECFD-pv5.11.so.1', 'libvtkm_filter_density_estimate-pv5.11.so.1', 'libvtkPVVTKExtensionsIOEnSight-pv5.11.so', 'libXmuu.so.1.0.0', 'libmagic.so.1', 'libvtkm_filter_zfp-pv5.11.so.1', 'libcurl.so.4', 'libpam_misc.so.0.82.1', 'libtheoradec.so.1', 'libTKXMesh.so.7', 'libvtkCommonDataModel-pv5.11.so.5.11', 'libpangoft2-1.0.so.0', 'libvtkImagingCore-pv5.11.so.1', 'libavutil.so.58', 'libvtkRenderingVolumeOpenGL2-pv5.11.so.5.11', 'libjpeg.so.8', 'libxmlb.so.2', 'libvtkFiltersParallelStatistics-pv5.11.so', 'libvtkRenderingSceneGraph-pv5.11.so', 'libidn2.so.0.4.0', 'libnss3.so', 'libvtkPVVTKExtensionsIOGeneral-pv5.11.so', 'libxcb-sync.so.1.0.0', 'libLerc.so', 'libwebpdecoder.so.3', 'libQt5Gui.so.5', 'libadios2_mpi_perfstubs.so.0.1', 'libunwind-x86_64.so.8', 'libsoxr.so.0.1.2', 'libcodec2.so.1.2', 'libvtkRenderingContextOpenGL2-pv5.11.so', 'libattr.so.1', 'libgmp.so.10', 'libvtkCommonCore-pv5.11.so.5.11', 'libigdgmm.so.12', 'libapparmor.so.1.17.1', 'libvtkm_filter_field_transform-pv5.11.so', 'libgnutls.so.30', 'libvtkCommonSystem-pv5.11.so.1', 'libTKTopAlgo.so.7', 'libvtkPVVTKExtensionsInteractionStyle-pv5.11.so.1', 'ossl-modules', 'libaudit.so.1', 'libubsan.so.1.0.0', 'libQt5Quick.so.5', 'libfyut.so.0', 'libvtkpugixml-pv5.11.so.1', 'libaec.so', 'libde265.so.0', 'libvtkIOChemistry-pv5.11.so', 'libc.so', 'libXi.so.6.1.0', 'gdalplugins', 'libvtkFiltersParallelDIY2-pv5.11.so', 'libatk-bridge-2.0.so.0', 'libvtkIOADIOS2-pv5.11.so', 'libOpenEXRUtil-3_1.so.30.5.1', 'libhdf5_openmpi_hl_cpp.so', 'liblz4.so.1', 'libvoro++.so.1', 'libvtkIOParallelLSDyna-pv5.11.so.1', 'libvtkImagingCore-pv5.11.so', 'libappstream.so.1.0.2', 'libEGL.so.1', 'libvtkRenderingLICOpenGL2-pv5.11.so.1', 'libvtkAcceleratorsVTKmCore-pv5.11.so.1', 'libQt5WaylandCompositor.so.5', 'libvtkRemotingViewsPython-pv5.11.so.1', 'libGLX_indirect.so.0', 'libmana.a', 'libvtkImagingGeneral-pv5.11.so.5.11', 'libvtkPVVTKExtensionsMisc-pv5.11.so', 'libvtkFiltersHybrid-pv5.11.so', 'libImath-3_1.so.29.8.0', 'libatk-1.0.so.0.25209.1', 'libicuio.so.74', 'libtbb.so.12', 'libraqm.so.0.10.1', 'libcurl-gnutls.so.4', 'libmca_common_ucx.so.40', 'libpopt.so.0.0.2', 'libitm.so.1', 'libvtkCommonTransforms-pv5.11.so', 'librabbitmq.so.4', 'libk5crypto.so.3', 'libvtkParallelCore-pv5.11.so', 'libproj.so.25.9.4.0', 'libvtkIOAMR-pv5.11.so', 'libvtkIOLSDyna-pv5.11.so.1', 'libwebpmux.so', 'libnl-route-3.so.200.26.0', 'libmd.so.0', 'libhdf5_openmpi_cpp.so.103.4.2', 'libdrm_intel.so.1.125.0', 'librt.so.1', 'libmpi_mpifh.so', 'libvtkPVVTKExtensionsFiltersGeneral-pv5.11.so', 'libhdf5_serial_cpp.so', 'libminizip.so.1', 'libLLVM.so.20.1', 'libX11-xcb.so.1.0.0', 'libvtkImagingMath-pv5.11.so', 'bfd-plugins', 'libQt5EglFSDeviceIntegration.so.5.15.13', 'libvtkPVClientWeb-pv5.11.so', 'libmnl.so.0.2.0', 'libvtkm_filter_core-pv5.11.so', 'libgssapi_krb5.so.2.2', 'libfreeimage.so.3', 'libvtkIOEnSight-pv5.11.so.1', 'librist.so.4', 'libva-drm.so.2', 'libvtkIOExodus-pv5.11.so.1', 'libucm.so.0', 'libtcl8.6.so.0', 'libbluray.so.2', 'libTKMath.so.7', 'libvtkIOParallel-pv5.11.so.5.11', 'libvtkIOExportGL2PS-pv5.11.so.5.11', 'libvtkPVAdaptorsCam-pv5.11.so', 'libvtkPVVTKExtensionsFiltersStatistics-pv5.11.so.1', 'libvtkParallelCore-pv5.11.so.5.11', 'libopenmpt.so.0.4.4', 'libTKXMesh.so.7.6.3', 'perl-base', 'libplds4.so', 'libvtkPVAdaptorsCTH-pv5.11.so.1', 'libthai.so.0.3.1', 'libgdbm_compat.so.4.0.0', 'libvtkFiltersFlowPaths-pv5.11.so', 'libvorbisenc.so.2', 'libXxf86dga.so.1.0.0', 'libTKService.so.7', 'libavahi-client.so.3', 'libspeex.so.1', 'libasound.so.2', 'libQt5Widgets.so.5.15.13', 'libhdf5_openmpi_hl.so.100', 'libyaml-0.so.2.0.9', 'libgirepository-1.0.so.1.0.0', 'libTKSTL.so.7', 'libtiffxx.so', 'libbabeltrace.so.1.0.0', 'libfdisk.so.1.1.0', 'libsz.so.2', 'libvtkDomainsChemistryOpenGL2-pv5.11.so.5.11', 'libvtkIOXdmf2-pv5.11.so.1', 'libdouble-conversion.so.3.1', 'libQt5Help.so.5.15.13', 'libicudata.so.74', 'libva.so.2', 'libTKG2d.so.7.6.3', 'libblosc.so.1', 'libxshmfence.so.1', 'blas', 'libvtkFiltersParallelFlowPaths-pv5.11.so.5.11', 'libvtkRenderingAnnotation-pv5.11.so', 'libexslt.so.0', 'libmca_common_ofi.so.10', 'libvtkRenderingGL2PSOpenGL2-pv5.11.so.5.11', 'libminizip.so.1.0.0', 'libTKFillet.so.7', 'libpqPython-pv5.11.so.5.11', 'libvtkPVVTKExtensionsFiltersGeneralMPI-pv5.11.so.1', 'libvtkm_filter_field_conversion-pv5.11.so', 'libbpf.so.1.3.0', 'libmpi_cxx.so', 'libwayland-egl.so.1.22.0', 'libblkid.so.1', 'libchromaprint.so.1.5.1', 'libcolordprivate.so.2.0.5', 'libstdc++.so.6', 'libvtkRenderingVtkJS-pv5.11.so.1', 'libvtkmetaio-pv5.11.so', 'libvtkRenderingLabel-pv5.11.so.5.11', 'libadios2_mpi_evpath.so.4', 'libvtkIOADIOS2-pv5.11.so.5.11', 'libvtkIOGeometry-pv5.11.so.5.11', 'libresolv.so', 'libmlx5.a', 'librtmp.so.1', 'libvtkFiltersParallelDIY2-pv5.11.so.5.11', 'libvtkIOExport-pv5.11.so', 'libsource-highlight.so.4.0.1', 'libjxrglue.so.0', 'libvtkWrappingTools-pv5.11.so.1', 'libvtkIOMovie-pv5.11.so', 'libmpi_java.so', 'libvtkAcceleratorsVTKmFilters-pv5.11.so.1', 'libvtkRemotingLive-pv5.11.so', 'libvtkvpic-pv5.11.so', 'libkrb5support.so.0.1', 'libss.so.2', 'libvtkkissfft-pv5.11.so.5.11', 'libpqCore-pv5.11.so.5.11', 'libhdf5_openmpi_fortran.a', 'libnuma.so', 'libgme.so.0.6.3', 'libhdf5_serial.so', 'libvtkImagingHybrid-pv5.11.so.1', 'libperl.so.5.38', 'libTKernel.so.7.6.3', 'libvtkFiltersModeling-pv5.11.so', 'libsigsegv.so.2.0.7', 'libvtkogg-pv5.11.so.1', 'libgcrypt.so.20', 'libhdf5_openmpi_cpp.so.103', 'libhwy_test.so.1.0.7', 'libvtkm_filter_connected_components-pv5.11.so', 'libtasn1.so.6', 'libcap-ng.so.0', 'libQt5Qml.so.5', 'liblcms2.so.2.0.14', 'libunwind-coredump.so.0', 'libhwasan.so.0.0.0', 'libpsm_infinipath.so.1', 'libvtkIOChemistry-pv5.11.so.5.11', 'libvtkm_cont-pv5.11.so', 'libQt5QmlModels.so.5', 'libicutest.so.74.2', 'libexpat.so.1', 'libjansson.so.4.14.0', 'libQt5XcbQpa.so.5', 'libvulkan_nouveau.so', 'libvtkIOLegacy-pv5.11.so', 'libvtkPVVTKExtensionsCore-pv5.11.so', 'libhdf5_openmpihl_fortran.so.100', 'libvpx.so.9.0.0', 'libjpeg.a', 'gawk', 'libvtkPVVTKExtensionsExtraction-pv5.11.so.5.11', 'libvtkIOParallelXML-pv5.11.so.1', 'libvtkRemotingServerManagerPython-pv5.11.so.5.11', 'libwebpdemux.so.2', 'hdf5', 'libvtkRenderingCore-pv5.11.so.5.11', 'libvtksqlite-pv5.11.so.5.11', 'libTKMeshVS.so.7', 'libbz2.a', 'libmenuw.so.6', 'libTKOpenGlTest.so.7.6.3', 'libvtkIOCGNSReader-pv5.11.so', 'libGLX.so.0.0.0', 'libibverbs.so.1', 'libTKBRep.so.7', 'libGLX_mesa.so.0', 'libudev.so.1', 'libTKLCAF.so.7.6.3', 'libvtkCommonMath-pv5.11.so.5.11', 'libxcb-xinerama.so.0', 'libfltk_images.so.1.3', 'libvtkPVVTKExtensionsFiltersParallelDIY2-pv5.11.so.1', 'libvtkpugixml-pv5.11.so.5.11', 'libvtkRenderingHyperTreeGrid-pv5.11.so', 'libvtkWrappingPythonCore3.12-pv5.11.so.1', 'libgbm.so.1.0.0', 'libvtkFiltersCore-pv5.11.so', 'libvtkm_filter_core-pv5.11.so.1', 'libzstd.a', 'libvtkFiltersModeling-pv5.11.so.5.11', 'libxcb-shm.so.0.0.0', 'libpcsclite.so.1', 'libvtkm_filter_clean_grid-pv5.11.so', 'libhdf5_openmpihl_fortran.a', 'libmana.so', 'libTKGeomAlgo.so.7.6.3', 'libgstreamer-1.0.so.0.2402.0', 'libhdf5_openmpi.so.103.4.0', 'libxcb-shape.so.0.0.0', 'libvtkIOParallelLSDyna-pv5.11.so.5.11', 'libvtkRemotingViews-pv5.11.so', 'libnewt.so.0.52.24', 'libgstcheck-1.0.so.0', 'libpqApplicationComponents-pv5.11.so.5.11', 'libvtkogg-pv5.11.so', 'libXmuu.so.1', 'libvtkPVVTKExtensionsFiltersGeneralMPI-pv5.11.so', 'libvtkRemotingLive-pv5.11.so.1', 'libvtkRemotingMisc-pv5.11.so', 'libxcb-util.so.1.0.0', 'libmlx4.a', 'libmenuw.so.6.4', 'libvtkPVInSitu-pv5.11.so.5.11', 'libestr.so.0.0.0', 'crt1.o', 'libvtkRemotingCore-pv5.11.so.5.11', 'libamdhip64.so.5', 'libxcb-icccm.so.4.0.0', 'libpqWidgets-pv5.11.so.5.11', 'libffi.so.8', 'libvtkPVVTKExtensionsIOEnSight-pv5.11.so.5.11', 'libe2p.so.2', 'libswresample.so.4', 'libvtkPVVTKExtensionsIOCore-pv5.11.so.1', 'libvtkPVVTKExtensionsPoints-pv5.11.so.1', 'libshine.so.3.0.1', 'libdb-5.3.so', 'libVkLayer_MESA_device_select.so', 'libmpc.so.3.3.1', 'libvtkFiltersProgrammable-pv5.11.so.5.11', 'libvtkTestingRendering-pv5.11.so.1', 'liboshmem.so.40', 'libtinfo.so.6', 'libalglib.so.4.0.0', 'libhdf5_serial.so.103', 'libexpat.so.1.9.1', 'libhiredis.so.1', 'libqedr-rdmav34.a', 'libvtkRenderingMatplotlib-pv5.11.so', 'libefa.so', 'libvtkIOH5Rage-pv5.11.so.1', 'libTKBinTObj.so.7', 'libTKBinXCAF.so.7', 'libTKXml.so.7.6.3', 'libvpf.so.4.1', 'libvtkRenderingFreeType-pv5.11.so.5.11', 'libvtkIOOggTheora-pv5.11.so.5.11', 'libefa.so.1', 'libpango-1.0.so.0.5200.1', 'libvtkPVAdaptorsPhasta-pv5.11.so', 'libfontconfig.so.1', 'libkmldom.so.1', 'libvtkRemotingExport-pv5.11.so.5.11', 'libudfread.so.0.1.0', 'libvtkPVVTKExtensionsAMR-pv5.11.so.5.11', 'libvtkRemotingViewsPython-pv5.11.so', 'libvtkxdmf2-pv5.11.so', 'libvtkRemotingViews-pv5.11.so.1', 'libvtkIOPIO-pv5.11.so.1', 'libvtkRemotingSettings-pv5.11.so.5.11', 'libnssdbm3.so', 'libswscale.so.7', 'libxvidcore.so.4', 'libTKViewerTest.so.7.6.3', 'libvtkImagingFourier-pv5.11.so', 'libinfinipath.so.4', 'libxxhash.so.0', 'libltdl.a', 'libLerc.a', 'libdbus-1.so.3.32.4', 'libgobject-2.0.so.0', 'libsharpyuv.so.0.0.1', 'libTKXDEIGES.so.7', 'libTKTObj.so.7.6.3', 'libvtkm_filter_connected_components-pv5.11.so.1', 'libltdl.so.7.3.2', 'libICE.so.6', 'libTKOffset.so.7.6.3', 'libmount.so.1', 'libudev.so.1.7.8', 'libp11-kit.so.0.3.1', 'libvtkIOVeraOut-pv5.11.so.5.11', 'libasan.so.8.0.0', 'libvdpau.so.1', 'libvtkFiltersSources-pv5.11.so.5.11', 'libgudev-1.0.so.0.3.0', 'libqhull_r.so.8.0.2', 'libbnxt_re-rdmav34.a', 'libgeos.so.3.12.1', 'utempter', 'libvtkIOVideo-pv5.11.so', 'libvtkRenderingVolumeOpenGL2-pv5.11.so.1', 'libpthread.a', 'libvorbisfile.so.3', 'engines-3', 'libmpi_usempi_ignore_tkr-gfortran.so.40', 'libvtkPVAdaptorsParticle-pv5.11.so.5.11', 'libQt5OpenGL.so.5.15.13', 'libvtkParallelMPI-pv5.11.so.1', 'libTKCAF.so.7', 'libhdf5_openmpi_fortran.so.102.1.3', 'libXtst.so.6', 'libXxf86dga.so.1', 'libpangoft2-1.0.so.0.5200.1', 'libTKFeat.so.7.6.3', 'libOpenCL.so.1.0.0', 'libvtkFiltersParallel-pv5.11.so', 'libvtkcgns-pv5.11.so.5.11', 'cmake', 'libpcsclite.so.1.0.0', 'libvtkIOXdmf2-pv5.11.so.5.11', 'libdw.so.1', 'libproc2.so.0', 'libvtkRenderingParallel-pv5.11.so.5.11', 'libTKBinL.so.7.6.3', 'libBrokenLocale.so.1', 'libcaf_openmpi.so', 'libdebuginfod-0.190.so', 'libamd_comgr.so.2.6.0', 'libvtkIOOggTheora-pv5.11.so.1', 'libvtkm_filter_field_transform-pv5.11.so.1', 'libraw_r.so.23', 'libvtkFiltersPoints-pv5.11.so.1', 'libvtkcgns-pv5.11.so', 'libltdl.so.7', 'libgmsh.so.4.12.1', 'libmca_common_ompio.so', 'libmlx5.so', 'libpoppler.so.134.0.0', 'libvtkm_cont-pv5.11.so.1', 'libX11.so.6', 'libvtkIOInfovis-pv5.11.so.5.11', 'libvtkFiltersParallelMPI-pv5.11.so.5.11', 'libqhull_r.so.8.0', 'libbluray.so.2.4.3', 'libvtkIOExportGL2PS-pv5.11.so', 'libTKMath.so.7.6.3', 'libxmlb.so.2.0.0', 'libpqApplicationComponents-pv5.11.so.1', 'libhwy.so.1.0.7', 'libselinux.so.1', 'libvtkIOH5Rage-pv5.11.so.5.11', 'libvtkIOOggTheora-pv5.11.so', 'libvtkPVVTKExtensionsIOEnSight-pv5.11.so.1', 'libvtkIOIOSS-pv5.11.so', 'libLerc.so.4', 'libvtkIOParallelNetCDF-pv5.11.so.1', 'libevent_pthreads.so', 'libmount.so.1.1.0', 'libvtkRemotingServerManagerPython-pv5.11.so', 'libmca_common_verbs.so.40', 'libopen-pal.so', 'libhdf5_openmpi_hl.so.100.1.7', 'libipt.so.2', 'libQt5EglFsKmsSupport.so.5', 'libsmime3.so', 'libfygm.so.0.0.0', 'libssl3.so', 'libspatialite.so.8', 'libvtkPVVTKExtensionsFiltersRendering-pv5.11.so.1', 'libvtkxdmf3-pv5.11.so.1', 'libOpenEXRCore-3_1.so.30.5.1', 'libapparmor.so.1', 'libnorm.so.1', 'libvtkCommonExecutionModel-pv5.11.so.5.11', 'security', 'libgstbase-1.0.so.0.2402.0', 'libdl.so.2', 'libvtkIOInfovis-pv5.11.so', 'openmpi', 'libvtkFiltersParallelVerdict-pv5.11.so.1', 'libxml2.so.2.9.14', 'libxvidcore.so.4.3', 'libxcb-shm.so.0', 'libvtkIOOMF-pv5.11.so.1', 'libvtkFiltersGeneral-pv5.11.so.5.11', 'libvtkxdmf2-pv5.11.so.1', 'libvtkInteractionWidgets-pv5.11.so.5.11', 'libvtkm_filter_density_estimate-pv5.11.so', 'libpthread.so.0', 'libGLU.so.1.3.1', 'libvtkPVVTKExtensionsFiltersGeneral-pv5.11.so.5.11', 'libvtkqttesting-pv5.11.so.1', 'libpixman-1.so.0', 'libvtkIOMovie-pv5.11.so.5.11', 'libvtkViewsCore-pv5.11.so.5.11', 'libvtkRenderingHyperTreeGrid-pv5.11.so.5.11', 'libvtkImagingMath-pv5.11.so.5.11', 'libQt5Core.so.5', 'libmlx5.so.1', 'libpng16.so.16.43.0', 'libhwloc.so', 'libbz2.so.1.0', 'liblzma.so.5.4.5', 'libvtkIOCore-pv5.11.so.1', 'libvtkRenderingLabel-pv5.11.so.1', 'libbabeltrace-ctf-metadata.so.1.0.0', 'libvtkUtilitiesPythonInitializer-pv5.11.so', 'libicuuc.so.74', 'libsystemd.so.0.38.0', 'libc.a', 'libvtkInfovisCore-pv5.11.so.1', 'libhdf5_serial_hl_cpp.so', 'libvulkan.so.1.3.275', 'libTKXSDRAW.so.7', 'libvtkDICOMParser-pv5.11.so.1', 'libTKXSBase.so.7', 'libvtkIOParallelXML-pv5.11.so.5.11', 'libvtkFiltersImaging-pv5.11.so.5.11', 'libvtkIOExodus-pv5.11.so', 'libvtkm_filter_field_conversion-pv5.11.so.1', 'libvtkRemotingCore-pv5.11.so', 'libQt5EglFsKmsSupport.so.5.15', 'libvtkm_filter_vector_analysis-pv5.11.so', 'libhogweed.so.6.8', 'libssh-gcrypt.so.4', 'libcjson.so.1', 'libgeos_c.so.1', 'libtheoraenc.so.1.1.2', 'libvtkm_filter_extra-pv5.11.so', 'libvtkImagingColor-pv5.11.so.1', 'libspatialite.so.8.1.0', 'libvtkRenderingContextOpenGL2-pv5.11.so.5.11', 'libvtkWebCore-pv5.11.so.1', 'libvtkm_filter_image_processing-pv5.11.so', 'libpkgconf.so.3.0.0', 'libvtkPVVTKExtensionsIOCGNSWriter-pv5.11.so', 'libogg.so.0', 'libvulkan_lvp.so', 'libvtkCommonCore-pv5.11.so.1', 'libaom.so.3', 'libpqComponents-pv5.11.so.5.11', 'libvtkRenderingVolumeAMR-pv5.11.so', 'libicudata.so.74.2', 'libvtkInteractionStyle-pv5.11.so.1', 'libvtkIOAsynchronous-pv5.11.so.1', 'libgpg-error.so.0.34.0', 'libvtkIOMotionFX-pv5.11.so.5.11', 'libBrokenLocale.so', 'libxcb-render.so.0.0.0', 'libkmlbase.so.1.3.0', 'libtinfo.so.6.4', 'libXcursor.so.1.0.2', 'libpciaccess.so.0', 'libvtkfmt-pv5.11.so', 'libXdmcp.so.6.0.0', 'libvtkRemotingAnimation-pv5.11.so', 'libvtkFiltersStatistics-pv5.11.so.5.11', 'libadios2_mpi_core_mpi.so.2', 'libXNVCtrl.so.0.0.0', 'libexpat.a', 'libinput.so.10', 'libmetis.so.5', 'liberdma-rdmav34.a', 'libhdf5_openmpi_fortran.so', 'libXt.so.6.0.0', 'libXft.so.2', 'libefa.a', 'qt-default', 'libvtkPVVTKExtensionsFiltersGeneral-pv5.11.so.1', 'libjxrglue.so.1.2', 'libvtkm_filter_zfp-pv5.11.so', 'libvoro++.so.1.0.0', 'libavahi-common.so.3.5.4', 'libctf-nobfd.so.0.0.0', 'libvtkxdmf2-pv5.11.so.5.11', 'libXNVCtrl.so.0', 'libvtkFiltersTexture-pv5.11.so.5.11', 'liboshmem.so.40.30.3', 'libnl-route-3.so.200', 'libQt5WaylandClient.so.5.15', 'libvtkRenderingFreeType-pv5.11.so.1', 'libefa.so.1.3.50.0', 'libvtkIOImage-pv5.11.so', 'libctf.so.0.0.0', 'libvtkPVCatalyst-pv5.11.so.5.11', 'libevent_core-2.1.so.7.0.1', 'libm.so.6', 'libheif', 'libpsx.so.2', 'libmca_common_ucx.so.40.30.2', 'libavahi-client.so.3.2.9', 'libcrypto.a', 'libnl-3.so', 'libtwolame.so.0.0.0', 'libxcb-present.so.0.0.0', 'libTKBool.so.7.6.3', 'libpgm-5.3.so.0', 'libopen-pal.so.40', 'libevent_openssl-2.1.so.7', 'libXinerama.so.1.0.0', 'libdrop_ambient.so.0.0.0', 'libvtkParallelDIY-pv5.11.so.1', 'libTKVCAF.so.7.6.3', 'libsensors.so.5.0.0', 'libgdk_pixbuf-2.0.so.0', 'libvtkIOCityGML-pv5.11.so.1', 'libelf.so.1', 'libvtkDomainsChemistry-pv5.11.so', 'libvtkRenderingCore-pv5.11.so.1', 'libfastjson.so.4', 'libvtkFiltersVerdict-pv5.11.so.1', 'libmpi_usempi_ignore_tkr.so', 'libxml2.so.2', 'libvtkPVAdaptorsCam-pv5.11.so.5.11', 'libxslt.so.1', 'libpangocairo-1.0.so.0.5200.1', 'libsqlite3.so.0.8.6', 'libeatmydata.so.1.3.0', 'libvtkFiltersPython-pv5.11.so.5.11', 'libvtkprotobuf-pv5.11.so', 'libopenjp2.so.7', 'libvpx.so.9', 'libpanelw.so.6', 'librdmacm.so.1', 'libbabeltrace-ctf-text.so.1', 'libQt5WaylandClient.so.5', 'libvtkIOOMF-pv5.11.so.5.11', 'libhwasan.so.0', 'libhwloc.a', 'libatk-1.0.so.0', 'libopus.so.0', 'libwacom.so.9.0.0', 'libisl.so.23', 'libvtkRenderingMatplotlib-pv5.11.so.1', 'libvtklibprotoc-pv5.11.so.5.11', 'libhogweed.so.6', 'libQt5EglFsKmsSupport.so.5.15.13', 'libc_nonshared.a', 'libvtkCommonCore-pv5.11.so', 'libblkid.so.1.1.0', 'libaec.so.0', 'libthread_db.so', 'libpkgconf.so.3', 'libvorbis.so.0', 'libctf-nobfd.so.0', 'libmpi_usempi_ignore_tkr.so.40', 'libvtkIOChemistry-pv5.11.so.1', 'libvtkFiltersPython-pv5.11.so.1', 'libvtkjsoncpp-pv5.11.so.1', 'libmpi_java.so.40', 'libhns-rdmav34.a', 'libXv.so.1.0.0', 'libssl.so.3', 'libGLdispatch.so.0', 'libpciaccess.so.0.11.1', 'libvtkCommonDataModel-pv5.11.so', 'libQt5WaylandCompositor.so.5.15.13', 'libdfalt.so.0', 'libpixman-1.so.0.42.2', 'libssl.a', 'libvtkRemotingClientServerStream-pv5.11.so.5.11', 'libraqm.so.0', 'libfyba.so.0.0.0', 'libvtkIOCONVERGECFD-pv5.11.so.5.11', 'libsrt-gnutls.so.1.5.3', 'libTKXDEDRAW.so.7', 'libvtkIceTMPI-pv5.11.so.5.11', 'libstdc++.so.6.0.33', 'libvtkm_source-pv5.11.so', 'libvtkPVVTKExtensionsFiltersParallelDIY2-pv5.11.so.5.11', 'libvtkIOPIO-pv5.11.so', 'libvtkCommonDataModel-pv5.11.so.1', 'libgmodule-2.0.so.0.8000.0', 'libpam.so.0', 'libsodium.so.23', 'libTKXmlL.so.7', 'libTKIGES.so.7.6.3', 'libhiredis_ssl.so.1.1.0', 'libfdisk.so.1', 'libpackagekit-glib2.so.18', 'libdeflate.so', 'libTKQADraw.so.7', 'libresolv.so.2', 'libatomic.so.1', 'libvtkIOGDAL-pv5.11.so.5.11', 'libvtkWebCore-pv5.11.so', 'libvtkWebGLExporter-pv5.11.so.5.11', 'libvtkIOCGNSReader-pv5.11.so.5.11', 'libvtkIOH5part-pv5.11.so.1', 'libvtkIOXMLParser-pv5.11.so', 'libadios2_mpi_atl.so.2', 'libvtksys-pv5.11.so.1', 'liblz4.so.1.9.4', 'libmpi.so.40', 'libvtksqlite-pv5.11.so.1', 'libvtkWebGLExporter-pv5.11.so.1', 'libquadmath.so.0.0.0', 'perl', 'libxcb-render-util.so.0.0.0', 'libvtkRenderingAnnotation-pv5.11.so.1', 'libproj.so.25', 'libmthca-rdmav34.a', 'libEGL_mesa.so.0', 'libmpi_usempif08.so.40.30.0', 'awk', 'libwebpdemux.so.2.0.14', 'libsqlite3.so.0', 'libvtkRenderingContextOpenGL2-pv5.11.so.1', 'libvtkPVVTKExtensionsExtractionPython-pv5.11.so', 'libSvtAv1Enc.so.1.7.0', 'libnss_compat.so.2', 'libmunge.so.2.0.0', 'libmvec.so.1', 'libgraphite2.so.3', 'libvmw_pvrdma-rdmav34.a', 'libmp3lame.so.0', 'libmvec.so', 'libavcodec.so.60.31.102', 'libvtkWrappingPythonCore3.12-pv5.11.so', 'libvtkFiltersHyperTree-pv5.11.so.5.11', 'libvtkCommonColor-pv5.11.so.5.11', 'libfreebl3.so', 'libvtkmetaio-pv5.11.so.5.11', 'libestr.so.0', 'libvpf.so.4', 'libopen-pal.so.40.30.3', 'libvtkIOCore-pv5.11.so.5.11', 'libTKXml.so.7', 'libhdf5_serial_hl.so.100.1.7', 'libevdev.so.2', 'libvtkPVVTKExtensionsFiltersMaterialInterface-pv5.11.so.1', 'libvtkIceTGL-pv5.11.so.1', 'libgfortran.so.5.0.0', 'libTKernel.so.7', 'libunwind-ptrace.so.0.0.0', 'libvtkm_worklet-pv5.11.so', 'libvtkFiltersParallelFlowPaths-pv5.11.so', 'libvulkan_intel_hasvk.so', 'libgd.so.3', 'libvtkPVAdaptorsCTH-pv5.11.so.5.11', 'libglib-2.0.so.0.8000.0', 'libtheoraenc.so.1', 'libvtkCommonComputationalGeometry-pv5.11.so.5.11', 'libutempter.so.0', 'libpanelw.so.6.4', 'lapack', 'liblzo2.so.2.0.0', 'libevent.a', 'libmfhdfalt.so.0.0.0', 'libTKXmlTObj.so.7.6.3', 'libhdf5_openmpi_cpp.so', 'libmpg123.so.0.48.2', 'libvtkm_source-pv5.11.so.1', 'librt.a', 'libQt5Network.so.5', 'gstreamer-1.0', 'libevent-2.1.so.7', 'libpgm-5.3.so.0.0.128', 'libmd4c.so.0', 'libmca_common_ompio.so.41.29.4', 'libgraphite2.so.3.2.1', 'libvtkRenderingParallel-pv5.11.so', 'libbz2.so.1.0.4', 'libdouble-conversion.so.3', 'libvtkRenderingVolumeAMR-pv5.11.so.1', 'libvtkImagingGeneral-pv5.11.so.1', 'libvtkGUISupportQt-pv5.11.so.5.11', 'libvtkPVVTKExtensionsPoints-pv5.11.so', 'libTKSTEPAttr.so.7', 'libpqComponents-pv5.11.so', 'libvtkIceTGL-pv5.11.so', 'libTKSTEP209.so.7.6.3', 'libssh.so.4.9.6', 'libwebp.so.7', 'libwayland-client.so.0', 'libTKGeomBase.so.7', 'libatk-bridge-2.0.so.0.0.0', 'libnpth.so.0', 'libtiff.so.6', 'libopenjp2.so.2.5.0', 'libvdpau.so.1.0.0', 'libcurl.so', 'libmpi_mpifh-gfortran.so', 'libvtkDICOMParser-pv5.11.so', 'libvtkCommonMisc-pv5.11.so', 'libcurl-gnutls.so.4.8.0', 'libapt-pkg.so.6.0.0', 'libigdgmm.so.12.3.0', 'libpopt.so.0', 'libfido2.so.1', 'libaacs.so.0', 'libxcb-cursor.so.0.0.0', 'libfyba.so.0', 'libvtkCommonSystem-pv5.11.so.5.11', 'libvtkWebGLExporter-pv5.11.so', 'libdrm_intel.so.1', 'libvtkViewsContext2D-pv5.11.so.1', 'libcurl-gnutls.so.3', 'libvtkInfovisCore-pv5.11.so.5.11', 'libpng16.so.16', 'libnewt.so.0.52', 'libfreexl.so.1', 'libXpm.so.4', 'libTKSTEP209.so.7', 'libevent_extra-2.1.so.7.0.1', 'libdconf.so.1.0.0', 'libhistory.so.8', 'libgif.so.7', 'libvtkPVVTKExtensionsFiltersPython-pv5.11.so.1', 'libTKStd.so.7', 'libucp.so.0', 'libvtkioss-pv5.11.so', 'libvtkPVVTKExtensionsFiltersMaterialInterface-pv5.11.so', 'libgmsh.so.4.12', 'libvtkFiltersHybrid-pv5.11.so.1', 'libvtkAcceleratorsVTKmCore-pv5.11.so.5.11', 'libvtksys-pv5.11.so', 'libibverbs.so.1.14.50.0', 'libvtkIOHDF-pv5.11.so', 'libgstnet-1.0.so.0.2402.0', 'libpam.so.0.85.1', 'libvtkIOGDAL-pv5.11.so.1', 'libpcre2-8.so.0', 'libcrypt.so.1', 'libvpl.so.2.9', 'libmtdev.so.1.0.0', 'libOpenEXR-3_1.so.30.5.1', 'libvtkDomainsChemistryOpenGL2-pv5.11.so', 'libvtkmetaio-pv5.11.so.1', 'libvtkm_filter_entity_extraction-pv5.11.so', 'libkmlengine.so.1.3.0', 'libxcb-xkb.so.1.0.0', 'libxcb-xfixes.so.0', 'libTKXmlTObj.so.7', 'libTKG3d.so.7.6.3', 'libXft.so.2.3.6', 'libbrotlienc.so.1', 'libvtkFiltersPoints-pv5.11.so', 'libxcb-damage.so.0', 'libvtkRemotingExport-pv5.11.so', 'libtheoradec.so.1.1.4', 'libvtkPVVTKExtensionsIOCore-pv5.11.so.5.11', 'libodbcinst.so.2.0.0', 'libvtkIOAMR-pv5.11.so.1', 'libvtkFiltersSources-pv5.11.so.1', 'libzmq.so.5.2.5', 'libQt5OpenGL.so.5.15', 'libwayland-cursor.so.0', 'libnetplan.so.1', 'libvtkPythonInterpreter-pv5.11.so', 'libhdf5_serial_hl.so', 'libOpenEXRUtil-3_1.so.30', 'libgpm.so.2', 'libmca_common_ofi.so.10.0.2', 'libmpi_usempif08.so', 'libmca_common_ofi.so', 'libvtkIOCityGML-pv5.11.so.5.11', 'libvtkPVVTKExtensionsIOExodus-pv5.11.so.1', 'libfltk_gl.so.1.3', 'libgbm.so.1', 'libnettle.so.8', 'libOpenGL.so.0.0.0', 'libXdamage.so.1.1.0', 'libvtkloguru-pv5.11.so.5.11', 'libvtklibproj-pv5.11.so.1', 'libvtkioss-pv5.11.so.5.11', 'libvtkFiltersImaging-pv5.11.so', 'libvtkPVInSitu-pv5.11.so.1', 'libva-x11.so.2.2000.0', 'libyaml-cpp.so.0.8', 'libXrandr.so.2.2.0', 'libheif.so.1.17.6', 'libduktape.so.207', 'libodbc.so.2.0.0', 'paraview-5.11', 'libuv.so.1', 'libvtkRenderingVolume-pv5.11.so.5.11', 'libTKIGES.so.7', 'libxcb-shape.so.0', 'libpqCore-pv5.11.so.1', 'libvtkPVAdaptorsCTH-pv5.11.so', 'libvtkFiltersParallelStatistics-pv5.11.so.5.11', 'libTKTopTest.so.7', 'libTKOpenGl.so.7.6.3', 'libvorbisenc.so.2.0.12', 'libadios2_mpi_core_mpi.so.2.9.2', 'libvtkChartsCore-pv5.11.so.5.11', 'libnl-route-3.so', 'libxcb-xinput.so.0.1.0', 'libVkLayer_INTEL_nullhw.so', 'libgl2ps.so.1.4', 'libatm.so.1.0.0', 'libvtkIONetCDF-pv5.11.so.5.11', 'libvtkIOEnSight-pv5.11.so.5.11', 'libexpatw.so', 'libhwloc.so.15', 'libSM.so.6', 'libsuperlu.so.6', 'libvtkFiltersParallelGeometry-pv5.11.so.1', 'libncursesw.so.6', 'libshine.so.3', 'libisl.so.23.3.0', 'libgmp.so.10.5.0', 'libpugixml.so.1', 'libxxhash.so.0.8.2', 'libmpi.so.40.30.6', 'libvtkIOHDF-pv5.11.so.1', 'libTKRWMesh.so.7.6.3', 'libvtkIOXdmf3-pv5.11.so.5.11', 'libbfd-2.42-system.so', 'libfido2.so.1.14.0', 'libgio-2.0.so.0.8000.0', 'libmpi_cxx.so.40', 'libgomp.so.1.0.0', 'libunistring.so.5', 'libepoxy.so.0', 'libGLX_mesa.so.0.0.0', 'libTKGeomBase.so.7.6.3', 'libXau.so.6.0.0', 'libvtkmdiympi_nompi.so', 'libcap-ng.so.0.0.0', 'libvtkPVVTKExtensionsIOParallelCGNSWriter-pv5.11.so', 'libgme.so.0', 'libvtkfmt-pv5.11.so.5.11', 'liblbfgsb.so.0', 'libvtkParallelMPI-pv5.11.so.5.11', 'libvtkRenderingLabel-pv5.11.so', 'libmca_common_sm.so.40', 'libhdf5_serial_hl_cpp.so.100.1.8', 'libcryptsetup.so.12.10.0', 'libvtkPVAdaptorsPagosa-pv5.11.so.5.11', 'libvtkPVCatalyst-pv5.11.so.1', 'libXext.so.6.4.0', 'libvtkFiltersParallelVerdict-pv5.11.so.5.11', 'libgthread-2.0.so.0.8000.0', 'libxcb-icccm.so.4', 'libadios2_mpi_cxx11_mpi.so.2', 'libblas.so.3', 'libvtkIOLSDyna-pv5.11.so.5.11', 'libvtkRenderingContext2D-pv5.11.so.5.11', 'libadios2_mpi_dill.so.2', 'libbrotlidec.so.1.1.0', 'libvtkRenderingUI-pv5.11.so.1', 'libpthread_nonshared.a', 'libxtables.so.12.7.0', 'libTKSTEP.so.7.6.3', 'cryptsetup', 'libaom.so.3.8.2', 'libvtkverdict-pv5.11.so.1', 'libgdbm_compat.so.4', 'libmd4c.so.0.4.8', 'libvtkFiltersStatistics-pv5.11.so', 'libwayland-server.so.0.22.0', 'libmana.so.1', 'libXi.so.6', 'libvtkFiltersCore-pv5.11.so.5.11', 'libnghttp2.so.14.26.0', 'libTKXmlXCAF.so.7.6.3', 'libcfitsio.so.10.4.3.1', 'libxkbcommon-x11.so.0', 'libpsl.so.5.3.4', 'libutempter.so.1.2.1', 'libhdf5_openmpi.a', 'libevent_pthreads.a', 'libvtkPVPythonCatalyst-pv5.11.so.1', 'packagekit-backend', 'libfabric.so.1.20.0', 'libXfixes.so.3', 'libvtkRenderingVtkJS-pv5.11.so.5.11', 'libraw_r.so.23.0.0', 'libxcb-dri3.so.0', 'libk5crypto.so.3.1', 'libTKBinL.so.7', 'libvtkPVVTKExtensionsExtraction-pv5.11.so', 'libtiff.a', 'libvtkDomainsChemistry-pv5.11.so.1', 'libkmldom.so.1.3.0', 'libcups.so.2', 'sasl2', 'libQt5DBus.so.5.15.13', 'libvtkexodusII-pv5.11.so', 'libmysqlclient.so.21.2.46', 'libhdf5_openmpi_hl.a', 'libtasn1.so.6.6.3', 'libpamc.so.0', 'libquadmath.so.0', 'libc.so.6', 'libvtkIOParallelXML-pv5.11.so', 'libcxgb4-rdmav34.a', 'libvtkPVVTKExtensionsMisc-pv5.11.so.1', 'libhdf5_serial.so.103.4.0', 'libvtkPVClientWeb-pv5.11.so.5.11', 'libz.a', 'libargon2.so.1', 'libadios2_mpi_ffs.so.2.0.0', 'libhwy_test.so.1', 'libvtkPVVTKExtensionsPoints-pv5.11.so.5.11', 'libQt5WaylandCompositor.so.5.15', 'rcrt1.o', 'libTKXDEDRAW.so.7.6.3', 'libvtkIOXdmf3-pv5.11.so', 'libevent_extra-2.1.so.7', 'libvtkPVVTKExtensionsIOParallelCGNSWriter-pv5.11.so.1', 'libTKTopTest.so.7.6.3', 'libfreetype.so.6', 'libattr.so.1.1.2502', 'libxcb-keysyms.so.1.0.0', 'libvtkIOLSDyna-pv5.11.so', 'libwayland-egl.so.1', 'libvtkm_filter_image_processing-pv5.11.so.1', 'libfribidi.so.0.4.0', 'libtbbbind_2_5.so.3', 'libvtkCommonTransforms-pv5.11.so.5.11', 'libvtkRenderingOpenGL2-pv5.11.so.1', 'libvtkPVVTKExtensionsAMR-pv5.11.so.1', 'libGLdispatch.so.0.0.0', 'libipathverbs-rdmav34.a', 'libhfi1verbs-rdmav34.a', 'libmca_common_sm.so.40.30.0', 'libvulkan_radeon.so', 'libevent_core.a', 'libTKVRML.so.7.6.3', 'libvtkIOXdmf3-pv5.11.so.1', 'libfastjson.so.4.3.0', 'libvtkRenderingUI-pv5.11.so.5.11', 'libvtkFiltersExtraction-pv5.11.so', 'libvtkRenderingMatplotlib-pv5.11.so.5.11', 'libamd_comgr.so.2', 'liburiparser.so.1.0.30', 'libpmix.so.2', 'libadios2_mpi_dill.so.2.4.1', 'libGLX.so.0', 'librhash.so.0', 'libXpm.so.4.11.0', 'libunwind-coredump.so.0.0.0', 'gstreamer1.0', 'ldscripts', 'libvtkIOGeometry-pv5.11.so.1', 'libvtkqttesting-pv5.11.so.5.11', 'liblber.so.2', 'libvtkDICOMParser-pv5.11.so.5.11', 'libnssdbm3.chk', 'libvtkPVVTKExtensionsIOAMR-pv5.11.so.5.11', 'libhdf5_openmpi_cpp.a', 'libmpi_java.so.40.30.0', 'libhistory.so.8.2', 'libzstd.so', 'libodbcinst.so.2', 'vtk', 'libvtkm_filter_contour-pv5.11.so.1', 'libvtkIOVeraOut-pv5.11.so', 'libfltk.so.1.3', 'libmca_common_verbs.so', 'libharfbuzz.so.0', 'libde265.so.0.1.8', 'libTKOpenGl.so.7', 'libnss_files.so.2', 'libdebuginfod.so.1', 'libgtk-3-0t64', 'libcjson.so.1.7.17', 'libthai.so.0', 'girepository-1.0', 'libjsoncpp.so.25', 'librdmacm.so.1.3.50.0', 'libvtkcgns-pv5.11.so.1', 'libvtkPVInSitu-pv5.11.so', 'libvtkGUISupportQt-pv5.11.so.1', 'libhdf5_serial.a', 'libuuid.so.1', 'libxcb-render.so.0', 'libhdf5_serial_cpp.so.103', 'libTKCDF.so.7.6.3', 'libbz2.so.1', 'libvtklibprotoc-pv5.11.so', 'libTKFeat.so.7', 'libICE.so.6.3.0', 'libcrypto.so', 'liboshmem.so', 'libvtkvpic-pv5.11.so.1', 'libvtkFiltersGeneric-pv5.11.so.5.11', 'libvtkFiltersHybrid-pv5.11.so.5.11', 'libhdf5_openmpi_hl_cpp.a', 'libvtkPVVTKExtensionsAMR-pv5.11.so', 'libvtkRenderingAnnotation-pv5.11.so.5.11', 'libvtkPVAdaptorsParticle-pv5.11.so.1', 'libbabeltrace-ctf-text.so.1.0.0', 'libmpg123.so.0', 'libTKBin.so.7.6.3', 'libvtkIOXdmf2-pv5.11.so', 'libbdplus.so.0', 'libvtkParallelCore-pv5.11.so.1', 'libXfixes.so.3.1.0', 'libvtkIOMotionFX-pv5.11.so.1', 'libvtkxdmfcore-pv5.11.so', 'libvtkRemotingSettings-pv5.11.so', 'libvtkPVVTKExtensionsFiltersStatistics-pv5.11.so', 'libvtkIOTecplotTable-pv5.11.so.5.11', 'libcrypto.so.3', 'libTKStd.so.7.6.3', 'libXau.so.6', 'libhwloc.so.15.7.0', 'libvtkFiltersVerdict-pv5.11.so.5.11', 'libvtkIOTRUCHAS-pv5.11.so', 'libvtkFiltersParallelVerdict-pv5.11.so', 'libmpfr.so.6.2.1', 'libvtkIOHDF-pv5.11.so.5.11', 'libp11-kit.so.0', 'libsiw-rdmav34.a', 'libQt5OpenGL.so.5', 'libltdl.so', 'libvtkRemotingServerManager-pv5.11.so.5.11', 'libTKG3d.so.7', 'libtbbmalloc.so.2.11', 'libvtkIOOMF-pv5.11.so', 'libdav1d.so.7', 'pmix2', 'libXrender.so.1.3.0', 'libvtkCommonExecutionModel-pv5.11.so.1', 'libgeotiff.so.5', 'libxcb-keysyms.so.1', 'libgallium-25.2.8-0ubuntu0.24.04.2.so', 'libxcb-xinput.so.0', 'libvtkTestingRendering-pv5.11.so', 'libucp.so.0.0.0', 'libvtkPVVTKExtensionsIOImage-pv5.11.so', 'libvtkIceTMPI-pv5.11.so.1', 'libvtkFiltersTexture-pv5.11.so.1', 'libjxl.so.0.7', 'libvtkPVAdaptorsPagosa-pv5.11.so', 'libvtkIOMotionFX-pv5.11.so', 'libmpi_usempi_ignore_tkr.so.40.30.0', 'libvtkIOImport-pv5.11.so.5.11', 'libhdf5_openmpi.settings', 'libgdk-3.so.0.2409.32', 'libcairo-gobject.so.2.11800.0', 'audit', 'libcrypt.a', 'gprofng', 'libvtkIOSegY-pv5.11.so', 'libvtkFiltersGeometry-pv5.11.so.1', 'libfuse3.so.3.14.0', 'libva.so.2.2000.0', 'libuv.so.1.0.0', 'libperl.so.5.38.2', 'libjansson.so.4', 'libXaw.so.7', 'libtiffxx.so.6.0.1', 'libtk8.6.so', 'libbabeltrace-ctf-metadata.so.1', 'libvtkWrappingTools-pv5.11.so.5.11', 'libbrotlicommon.so.1.1.0', 'libvtkRemotingClientServerStream-pv5.11.so.1', 'libhdf5_serialhl_fortran.so', 'libvtkIOMPIImage-pv5.11.so.1', 'libglib-2.0.so.0', 'libbabeltrace-dummy.so.1', 'libvtkIOParallelNetCDF-pv5.11.so', 'libvtkChartsCore-pv5.11.so.1', 'libsz.so', 'libvtkPVAdaptorsPhasta-pv5.11.so.5.11', 'libQt5Sql.so.5.15', 'libvtkIOVeraOut-pv5.11.so.1', 'libatspi.so.0.0.1', 'libvtkIOEnSight-pv5.11.so', 'libvtkIOVPIC-pv5.11.so.5.11', 'libsoftokn3.chk', 'libmtdev.so.1', 'libvtkFiltersPython-pv5.11.so', 'libvtkPVAdaptorsNPIC-pv5.11.so.1', 'libvtkIOMovie-pv5.11.so.1', 'libksba.so.8', 'libffi.so.8.1.4', 'libraw.so.23.0.0', 'libgdbm.so.6.0.0', 'libpqApplicationComponents-pv5.11.so', 'libvtkParallelDIY-pv5.11.so', 'libhdf5_serial_fortran.a', 'libTKTObjDRAW.so.7.6.3', 'libpython3.12.so.1', 'libvtkPVAdaptorsNPIC-pv5.11.so.5.11', 'libjbig.so.0', 'libnetcdf.so.19', 'libvtkm_filter_mesh_info-pv5.11.so.1', 'libmana.so.1.0.50.0', 'libtsan.so.2.0.0', 'libtbb.so.12.11', 'libassuan.so.0', 'libucs.so.0.0.0', 'libQt5Quick.so.5.15.13', 'libxcb-xfixes.so.0.0.0', 'libwayland-cursor.so.0.22.0', 'libmnl.so.0', 'libmca_common_sm.so', 'Mcrt1.o', 'libvtkIOCGNSReader-pv5.11.so.1', 'libvtkFiltersParallelGeometry-pv5.11.so', 'libedit.so.2.0.72', 'liblzma.so.5', 'libTKBO.so.7', 'libcurl.so.4.8.0', 'libsigsegv.so.2', 'librttopo.so.1.1.0', 'libvtklibproj-pv5.11.so.5.11', 'libpq.so.5', 'libvtkm_filter_geometry_refinement-pv5.11.so', 'libbrotlidec.so.1', 'libhdf5_openmpihl_fortran.so.100.0.9', 'vpl', 'libTKShHealing.so.7.6.3', 'libvtkRemotingMisc-pv5.11.so.1', 'qt5', 'libcolord.so.2.0.5', 'libvtkm_filter_entity_extraction-pv5.11.so.1', 'libvtkPVVTKExtensionsIOCGNSWriter-pv5.11.so.1', 'libTKVRML.so.7', 'libvtkverdict-pv5.11.so.5.11', 'libipt.so.2.0.6', 'libwebpdecoder.so', 'libvtkpugixml-pv5.11.so', 'libbabeltrace-ctf.so.1', 'libhwy.so.1', 'libTKCAF.so.7.6.3', 'libmpi_usempif08-gfortran.so', 'libogdi.so.4.1', 'libxcb-sync.so.1', 'libvtkIOFFMPEG-pv5.11.so', 'libXmu.so.6.2.0', 'libfreeblpriv3.so', 'libadios2_mpi_core.so.2', 'libvtkPVVTKExtensionsCore-pv5.11.so.5.11', 'libvtkFiltersParallelDIY2-pv5.11.so.1', 'libpcre2-16.so.0.11.2', 'libvtkCommonMath-pv5.11.so.1', 'libzvbi.so.0.13.2', 'libvtkImagingHybrid-pv5.11.so.5.11', 'liblsan.so.0', 'libvtkRemotingApplication-pv5.11.so.1', 'libvtkRenderingLICOpenGL2-pv5.11.so', 'libpqCore-pv5.11.so', 'libvtkIOImport-pv5.11.so', 'libsharpyuv.so', 'libpipeline.so.1.5.7', 'libgsm.so.1.0.19', 'libmpc.so.3', 'libsframe.so.1.0.0', 'libTKSTL.so.7.6.3', 'libpqPython-pv5.11.so', 'libfygm.so.0', 'libhdf5_openmpi_fortran.so.102', 'libvtkIOXMLParser-pv5.11.so.1', 'libvtkloguru-pv5.11.so.1', 'libkrb5support.so.0', 'libvtkPythonInterpreter-pv5.11.so.1', 'libpqWidgets-pv5.11.so.1', 'libvtkImagingColor-pv5.11.so.5.11', 'libibverbs', 'libgudev-1.0.so.0', 'libbrotlienc.so.1.1.0', 'libvtkIOCore-pv5.11.so', 'libunwind-x86_64.so.8.0.1', 'libvtkIOTRUCHAS-pv5.11.so.5.11', 'libvtkParallelMPI-pv5.11.so', 'libfribidi.so.0', 'libvtkPVVTKExtensionsExtractionPython-pv5.11.so.1', 'libgstcheck-1.0.so.0.2402.0', 'libvtkPVVTKExtensionsExtractionPython-pv5.11.so.5.11', 'libTKCDF.so.7', 'librabbitmq.so.4.5.0', 'libXdamage.so.1', 'libarchive.so.13', 'libevent.so', 'libvtkPVCatalyst-pv5.11.so', 'libvtkIOPLY-pv5.11.so', 'libvtkDomainsChemistry-pv5.11.so.5.11', 'libapt-private.so.0.0', 'libXss.so.1', 'libtbbmalloc_proxy.so.2.11', 'libutil.a', 'gtk-3.0', 'libodbc.so.2', 'libibverbs.so', 'libvtkFiltersAMR-pv5.11.so.5.11', 'libvorbisfile.so.3.3.8', 'libvtkIOTecplotTable-pv5.11.so.1', 'libvtkRenderingOpenGL2-pv5.11.so', 'libvtkPVVTKExtensionsIOExodus-pv5.11.so', 'libpmix.so', 'libpolkit-agent-1.so.0', 'libvtkInfovisCore-pv5.11.so', 'libcbor.so.0.10', 'libvtkImagingColor-pv5.11.so', 'libzvbi-chains.so.0.0.0', 'libLLVM-17.so', 'libuct.so.0', 'libvtkm_filter_extra-pv5.11.so.1', 'ogdi', 'libvtkfmt-pv5.11.so.1', 'libvtkRenderingFreeType-pv5.11.so', 'libcryptsetup.so.12', 'liburiparser.so.1', 'libX11.so.6.4.0', 'libva-x11.so.2', 'libvtkParallelMPI4Py-pv5.11.so', 'libunwind.so.8.0.1', 'libhsakmt.so.1', 'libhdf5_serial_hl_cpp.a', 'libvtkPVAdaptorsNPIC-pv5.11.so', 'libvtkFiltersModeling-pv5.11.so.1', 'libvtkprotobuf-pv5.11.so.5.11', 'libreadline.so.8', 'libvtkPVVTKExtensionsIOSPCTH-pv5.11.so.5.11', 'libQt5Sql.so.5', 'libbz2.so', 'libopus.so.0.9.0', 'libxcb-image.so.0', 'libxcb.so.1.1.0', 'libvtkIOExport-pv5.11.so.5.11', 'libvtkPVAdaptorsPhasta-pv5.11.so.1', 'libvtkIOGDAL-pv5.11.so', 'libxslt.so.1.1.39', 'libvtkIOParallelExodus-pv5.11.so.1', 'libvtkAcceleratorsVTKmCore-pv5.11.so', 'libpipeline.so.1', 'libvtkFiltersParallelGeometry-pv5.11.so.5.11', 'libvtkRemotingApplication-pv5.11.so', 'libvtkImagingSources-pv5.11.so.5.11', 'libtwolame.so.0', 'libicuuc.so.74.2', 'libvtkm_cont_testing-pv5.11.so', 'libvtkRemotingClientServerStream-pv5.11.so', 'libnssckbi.so', 'libvtkCommonColor-pv5.11.so', 'libXinerama.so.1', 'libXext.so.6', 'libvtkRenderingSceneGraph-pv5.11.so.1', 'libvtkloguru-pv5.11.so', 'libxkbcommon.so.0', 'libvtkm_filter_geometry_refinement-pv5.11.so.1', 'libXrender.so.1', 'libvpl.so.2', 'libvtkFiltersParallel-pv5.11.so.1', 'libvtkImagingFourier-pv5.11.so.1', 'librxe-rdmav34.a', 'libevent_openssl.so', 'libvtklibharu-pv5.11.so', 'libadios2_mpi_perfstubs.so.0', 'libgpg-error.so.0', 'libgirepository-1.0.so.1', 'libdevmapper.so.1.02.1', 'libucs.so.0', 'libhdf5_serial_hl.a', 'libvtkFiltersAMR-pv5.11.so.1', 'libtk8.6.so.0', 'libaudit.so.1.0.0', 'libvtkRemotingMisc-pv5.11.so.5.11', 'libsemanage.so.2', 'libsrt-gnutls.so.1.5', 'libQt5Svg.so.5', 'liblzf.so.1.5', 'libunistring.so.5.0.0', 'libTKPrim.so.7', 'libxcb-render-util.so.0', 'libvtkRenderingParallel-pv5.11.so.1', 'libvtkPVVTKExtensionsCore-pv5.11.so.1', 'libjbig.a', 'libgprofng.so.0.0.0', 'libogg.so.0.8.5', 'libTKDCAF.so.7', 'liblzo2.so.2', 'libevent_pthreads-2.1.so.7', 'libseccomp.so.2', 'libss.so.2.0', 'libc_malloc_debug.so', 'libTKFillet.so.7.6.3', 'libvtkRemotingSettings-pv5.11.so.1', 'liblzma.a', 'libtbbmalloc.so.2', 'libjbig.so', 'libevent_openssl-2.1.so.7.0.1', 'crtn.o', 'libvtkIOParallel-pv5.11.so', 'libvtkFiltersPoints-pv5.11.so.5.11', 'libgmodule-2.0.so.0', 'libcap.so.2.66', 'libvtkGUISupportQt-pv5.11.so', 'libssl.so', 'libvtkIOXMLParser-pv5.11.so.5.11', 'libxcb-present.so.0', 'libicutest.so.74', 'libudfread.so.0', 'libvtksqlite-pv5.11.so', 'libvtkRenderingLICOpenGL2-pv5.11.so.5.11', 'libfuse3.so.3', 'libvtkIOImage-pv5.11.so.1', 'libvtkIOPIO-pv5.11.so.5.11', 'libpsm2.so.2', 'libQt5Network.so.5.15.13', 'libmbedcrypto.so.2.28.8', 'libvtkh5part-pv5.11.so.5.11', 'libuchardet.so.0', 'libhdf5_serialhl_fortran.so.100.0.9', 'libkmlengine.so.1', 'libhiredis.so.1.1.0', 'libvtkPVAdaptorsParticle-pv5.11.so', 'libvtkInteractionWidgets-pv5.11.so.1', 'libTKOffset.so.7', 'libvtkRenderingContext2D-pv5.11.so.1', 'libtbbbind_2_5.so.3.11', 'libQt5QmlModels.so.5.15', 'libvtkRemotingAnimation-pv5.11.so.5.11', 'libnl-3.so.200', 'libnss_systemd.so.2', 'libvtkCommonComputationalGeometry-pv5.11.so', 'libdeflate.a', 'libopen-rte.so.40.30.3', 'libg.a', 'libexpat.so', 'libvtkFiltersGeneral-pv5.11.so', 'libvtkIOImport-pv5.11.so.1', 'libeatmydata.so', 'libunwind-ptrace.so.0', 'libcrypt.so', 'libvtklibharu-pv5.11.so.5.11', 'libgnutls.so.30.37.1', 'libTKStdL.so.7.6.3', 'libOpenCL.so.1', 'libvtkexodusII-pv5.11.so.5.11', 'librsvg-2.so.2', 'libwebp.so.7.1.8', 'libvtkIOVideo-pv5.11.so.1', 'libapt-pkg.so.6.0', 'libGL.so.1', 'libexpatw.so.1', 'libIlmThread-3_1.so.30', 'libTKTObj.so.7', 'libxcb-xkb.so.1', 'libarchive.so.13.7.2', 'libgstnet-1.0.so.0', 'libTKXDESTEP.so.7', 'libjpegxr.so.0', 'libvtklibproj-pv5.11.so', 'dhcpcd', 'libXv.so.1', 'libxcb-glx.so.0', 'libvtkm_filter_mesh_info-pv5.11.so', 'libTKXmlXCAF.so.7', 'libvtkFiltersGeometry-pv5.11.so.5.11', 'librist.so.4.3.1', 'libtsan.so.2', 'libpolkit-gobject-1.so.0', 'libvtkIOFFMPEG-pv5.11.so.5.11', 'libepoxy.so.0.0.0', 'libTKDCAF.so.7.6.3', 'libTKService.so.7.6.3', 'libsensors.so.5', 'libdebconfclient.so.0.0.0', 'libc_malloc_debug.so.0', 'libvtkFiltersHyperTree-pv5.11.so.1', 'libTKSTEP.so.7', 'libvtkTestingRendering-pv5.11.so.5.11', 'libwayland-server.so.0', 'libicui18n.so.74', 'gcrt1.o', 'libQt5Qml.so.5.15', 'libcairo.so.2', 'libgdal.so.34', 'libvtkm_filter_vector_analysis-pv5.11.so.1', 'libSvtAv1Enc.so.1', 'libvulkan.so.1', 'libmpi_mpifh-gfortran.so.40.30.0', 'libvtkParallelMPI4Py-pv5.11.so.1', 'libuchardet.so.0.0.8', 'libbabeltrace.so.1', 'libTKXCAF.so.7.6.3', 'libpython3.12.a', 'libvulkan_virtio.so', 'libXxf86vm.so.1.0.0', 'libkeyutils.so.1.10', 'libhdf5_serial_hl.so.100', 'libvtkFiltersFlowPaths-pv5.11.so.5.11', 'pkgconfig', 'libnghttp2.so.14', 'libnss_hesiod.so.2', 'libvtkInteractionStyle-pv5.11.so.5.11', 'libvtkPVVTKExtensionsExtraction-pv5.11.so.1', 'libsource-highlight.so.4', 'libhsa-runtime64.so.1.11.0', 'open-coarrays', 'libhdf5_serial_cpp.so.103.4.2', 'libsoxr.so.0', 'libxkbfile.so.1', 'libadios2_mpi_cxx11.so.2', 'libdbus-1.so.3', 'libompitrace.so.40.30.1', 'libvtkRemotingLive-pv5.11.so.5.11', 'libXaw7.so.7', 'libdatrie.so.1.4.0', 'libvtkAcceleratorsVTKmDataModel-pv5.11.so.1', 'libavformat.so.60.16.100', 'libimagequant.so.0', 'libvtkIOGeometry-pv5.11.so', 'libunwind.so.8', 'libxcb-util.so.1', 'libvtkIOPLY-pv5.11.so.1', 'libgeotiff.so.5.2.1', 'libvtkRenderingVolumeOpenGL2-pv5.11.so', 'libvtkImagingSources-pv5.11.so.1', 'libaec.so.0.1.2', 'libpython3.12.so', 'libnsl.so.1', 'libTKLCAF.so.7', 'libcjson_utils.so.1.7.17', 'libasound.so.2.0.0', 'libTKBin.so.7', 'libvtkImagingGeneral-pv5.11.so', 'libVkLayer_MESA_overlay.so', 'libtirpc.so.3.0.0', 'libTKV3d.so.7', 'libcap.so.2', 'libQt5DBus.so.5.15', 'libwebpdecoder.a', 'libtiffxx.so.6', 'libmetis.so.5.1.0', 'libvtkxdmfcore-pv5.11.so.5.11', 'libgeos_c.so.1.18.1', 'libvtkCommonExecutionModel-pv5.11.so', 'libext2fs.so.2.4', 'libvtkIOMPIImage-pv5.11.so', 'libvtkFiltersVerdict-pv5.11.so', 'libvtkIOH5part-pv5.11.so', 'libnss_compat.so', 'libvtkRemotingApplication-pv5.11.so.5.11', 'libxtables.so.12', 'libmysqlclient.so.21', 'libvtkIOVideo-pv5.11.so.5.11', 'libvtkm_filter_contour-pv5.11.so', 'libvtkIOH5Rage-pv5.11.so', 'libvtkPVVTKExtensionsInteractionStyle-pv5.11.so', 'libmd.so.0.1.0', 'libxcb-glx.so.0.0.0', 'libQt5Gui.so.5.15.13', 'libdl.a', 'libsmartcols.so.1', 'libhdf5_serial_fortran.so', 'liblzf.so.1', 'libdrm.so.2', 'libvtkIceTCore-pv5.11.so', 'libvtkPVVTKExtensionsIOAMR-pv5.11.so', 'libQt5Help.so.5', 'libslang.so.2.3.3', 'libsepol.so.2', 'libQt5QmlModels.so.5.15.13', 'libTKDraw.so.7.6.3', 'libvtkverdict-pv5.11.so', 'libhdf5_serial_hl_cpp.so.100', 'libvtkPVAdaptorsPagosa-pv5.11.so.1', 'libxcb-damage.so.0.0.0', 'libxshmfence.so.1.0.0', 'libvtkFiltersParallelMPI-pv5.11.so.1', 'libldap.so.2', 'libvtkImagingSources-pv5.11.so', 'liblapack.so.3', 'libcfitsio.so.10', 'libtcl8.6.so', 'libpugixml.so.1.14', 'libXcursor.so.1', 'libnss_hesiod.so', 'libgcrypt.so.20.4.3', 'libIex-3_1.so.30.5.1', 'libext2fs.so.2', 'libXcomposite.so.1', 'libslang.so.2', 'libglut.so.3.12.0', 'libbabeltrace-lttng-live.so.1', 'libvtkFiltersSources-pv5.11.so', 'libvtkRenderingUI-pv5.11.so', 'libTKDraw.so.7', 'libsnappy.so.1.1.10', 'libsuperlu.so.6.0.1', 'libcairo.so.2.11800.0', 'liblber.so.2.0.200', 'libvtkPVVTKExtensionsIOParallelCGNSWriter-pv5.11.so.5.11', 'libva-drm.so.2.2000.0', 'libmp3lame.so.0.0.0', 'libtic.so.6.4', 'libhdf5_openmpi.so.103', 'libxkbcommon-x11.so.0.0.0', 'libvtkWebCore-pv5.11.so.5.11', 'libssh.so.4', 'libtic.so.6', 'libevent_extra.so', 'libkmod.so.2.4.1', 'libgtk-3.so.0', 'libvtkxdmfcore-pv5.11.so.1', 'libvtkIOPLY-pv5.11.so.5.11', 'libncursesw.so.6.4', 'libvtkRemotingServerManagerPython-pv5.11.so.1', 'libvtkFiltersParallelFlowPaths-pv5.11.so.1', 'libhdf5_serialhl_fortran.so.100', 'libvulkan_intel.so', 'libgprofng.so.0', 'libGLU.so.1', 'libvtkFiltersGeneric-pv5.11.so.1', 'libtirpc.so.3', 'libadios2_mpi_core.so.2.9.2', 'libmlx4.so.1.0.50.0', 'libhdf5_openmpi_hl_cpp.so.100.1.8', 'libsasl2.so.2', 'libvtkIOParallelExodus-pv5.11.so', 'libvtkRenderingVtkJS-pv5.11.so', 'libhdf5_serial_fortran.so.102.1.3', 'rsyslog', 'libvtkIOLegacy-pv5.11.so.5.11', 'libvtkxdmf3-pv5.11.so.5.11', 'libvtkIOLegacy-pv5.11.so.1', 'libsystemd.so.0', 'libOpenEXR-3_1.so.30', 'libvtkIOExportGL2PS-pv5.11.so.1', 'libTKQADraw.so.7.6.3', 'libavutil.so.58.29.100', 'libvtkIOSegY-pv5.11.so.5.11', 'libasan.so.8', 'libvtkPVVTKExtensionsIOAMR-pv5.11.so.1', 'libapt-private.so.0.0.0', 'jni', 'libvtkIOCityGML-pv5.11.so', 'libassuan.so.0.8.6', 'libgstreamer-1.0.so.0', 'libQt5Sql.so.5.15.13', 'libwacom.so.9', 'libxcb-xinerama.so.0.0.0', 'libevent_pthreads-2.1.so.7.0.1', 'libvtkIONetCDF-pv5.11.so', 'libXt.so.6', 'libvtkIOIOSS-pv5.11.so.1', 'libvtkRenderingVolumeAMR-pv5.11.so.5.11', 'libvtkCommonComputationalGeometry-pv5.11.so.1', 'libuuid.so.1.3.0', 'libwebp.a', 'libvtkViewsContext2D-pv5.11.so', 'libheif.so.1', 'libpangocairo-1.0.so.0', 'libvtkViewsContext2D-pv5.11.so.5.11', 'libsoftokn3.so', 'libnuma.so.1', 'libvtklibprotoc-pv5.11.so.1', 'libvtkIOTecplotTable-pv5.11.so', 'libpqPython-pv5.11.so.1', 'libvtkPVVTKExtensionsFiltersStatistics-pv5.11.so.5.11', 'libTKXSDRAW.so.7.6.3', 'systemd', 'libgobject-2.0.so.0.8000.0', 'libocrdma-rdmav34.a', 'libvtkRenderingOpenGL2-pv5.11.so.5.11', 'libcom_err.so.2', 'libdav1d.so.7.0.0', 'libXaw7.so.7.0.0', 'libvtkIOAMR-pv5.11.so.5.11', 'liblsan.so.0.0.0', 'libfreetype.so.6.20.1', 'libcjson_utils.so.1', 'libvtkIOSegY-pv5.11.so.1', 'libhdf5_openmpi_hl_cpp.so.100', 'libGLEW.so.2.2.0', 'libvtkRemotingCore-pv5.11.so.1', 'libz.so', 'libvtkm_filter_clean_grid-pv5.11.so.1', 'crti.o', 'libQt5Svg.so.5.15', 'libxcb-dri3.so.0.1.0', 'libadios2_mpi_cxx11_mpi.so.2.9.2', 'libsharpyuv.a', 'libvtkPVClientWeb-pv5.11.so.1', 'libvtkPVVTKExtensionsInteractionStyle-pv5.11.so.5.11', 'libmpi_usempif08-gfortran.so.40.30.0', 'libm.a', 'libvtkParallelDIY-pv5.11.so.5.11', 'fortran', 'libvtkUtilitiesPythonInitializer-pv5.11.so.5.11', 'libevent_openssl.a', 'libanl.so', 'libgdal.so.34.3.8.4', 'e2fsprogs', 'libadios2_mpi_cxx11.so.2.9.2', 'libvtkFiltersImaging-pv5.11.so.1', 'libx265.so.199', 'libbabeltrace-dummy.so.1.0.0', 'libicui18n.so.74.2', 'libvtkFiltersExtraction-pv5.11.so.1', 'libdrm.so.2.125.0', 'libibverbs.a', 'libvtkFiltersHyperTree-pv5.11.so', 'libpcprofile.so', 'libjpegxr.so.1.2', 'libevdev.so.2.3.0', 'libTKXDESTEP.so.7.6.3', 'libwebpmux.so.3.0.13', 'libatomic.so.1.2.0', 'librav1e.so.0', 'libvtkPVVTKExtensionsIOCore-pv5.11.so', 'libvtkIOTRUCHAS-pv5.11.so.1', 'libaec.a', 'libmpi_usempi_ignore_tkr-gfortran.so', 'libQt5Help.so.5.15', 'libvtkIOImage-pv5.11.so.5.11', 'libfakeroot', 'libchromaprint.so.1', 'libvtkIceTCore-pv5.11.so.1', 'libcbor.so.0.10.2', 'libnuma.a', 'libucm.so.0.0.0', 'libjpeg.so.8.2.2', 'libvtkRenderingContext2D-pv5.11.so', 'libzvbi.so.0', 'libQt5Core.so.5.15.13', 'libjxl_threads.so.0.7.0', 'libgomp.so.1', 'libIex-3_1.so.30', 'libnl-3.a', 'libQt5Qml.so.5.15.13', 'libavcodec.so.60', 'libvtkRemotingServerManager-pv5.11.so', 'libappstream.so.5', 'libvtkkissfft-pv5.11.so.1', 'libpcre2-16.so.0']
Executing: /usr/bin/mpicc -c -o /tmp/petsc-oye27d1b/config.libraries/conftest.o -I/tmp/petsc-oye27d1b/config.compilerFlags -I/tmp/petsc-oye27d1b/config.setCompilers -I/tmp/petsc-oye27d1b/config.compilers -I/tmp/petsc-oye27d1b/config.headers -I/tmp/petsc-oye27d1b/config.utilities.cacheDetails -I/tmp/petsc-oye27d1b/config.types -I/tmp/petsc-oye27d1b/config.functions -I/tmp/petsc-oye27d1b/config.utilities.featureTestMacros -I/tmp/petsc-oye27d1b/config.utilities.missing -I/tmp/petsc-oye27d1b/PETSc.options.sharedLibraries -I/tmp/petsc-oye27d1b/PETSc.options.scalarTypes -I/tmp/petsc-oye27d1b/config.packages.MPI -I/tmp/petsc-oye27d1b/config.packages.pthread -I/tmp/petsc-oye27d1b/config.libraries  -fPIC -Wall -Wwrite-strings -Wno-unknown-pragmas -Wno-lto-type-mismatch -Wno-stringop-overflow -fstack-protector -fvisibility=hidden -g -O  /tmp/petsc-oye27d1b/config.libraries/conftest.c 
Successful compile:
Source:
#include "confdefs.h"
#include "conffix.h"
/* Override any gcc2 internal prototype to avoid an error. */
char ddot();
static void _check_ddot() { ddot(); }

int main() {
_check_ddot();;
  return 0;
}

Executing: /usr/bin/mpicc  -o /tmp/petsc-oye27d1b/config.libraries/conftest    -fPIC -Wall -Wwrite-strings -Wno-unknown-pragmas -Wno-lto-type-mismatch -Wno-stringop-overflow -fstack-protector -fvisibility=hidden -g -O /tmp/petsc-oye27d1b/config.libraries/conftest.o  -Wl,-rpath,/lib/x86_64-linux-gnu -L/lib/x86_64-linux-gnu -llapack.so -Wl,-rpath,/lib/x86_64-linux-gnu -L/lib/x86_64-linux-gnu -lblas.so -lm -lquadmath 
Possible ERROR while running linker: exit code 1
stderr:
/usr/bin/ld: cannot find -llapack.so: No such file or directory
/usr/bin/ld: cannot find -lblas.so: No such file or directory
collect2: error: ld returned 1 exit status
Linker output before filtering:

/usr/bin/ld: cannot find -llapack.so: No such file or directory
/usr/bin/ld: cannot find -lblas.so: No such file or directory
collect2: error: ld returned 1 exit status
Linker output after filtering:
/usr/bin/ld: cannot find -llapack.so: No such file or directory
/usr/bin/ld: cannot find -lblas.so: No such file or directory
collect2: error: ld returned 1 exit status
              Checking for underscore name mangling on BLAS/LAPACK
                  Checking for functions [ddot_] in library ['/lib/x86_64-linux-gnu/liblapack.so.3', '/lib/x86_64-linux-gnu/libblas.so.3'] ['libm.a']
                  Checking directory of requested libraries:/lib/x86_64-linux-gnu for first library:liblapack.so.
                  Files in directory:['libbabeltrace-ctf.so.1.0.0', 'libgdbm.so.6', 'dri', 'libucs_signal.so.0', 'avahi', 'libImath-3_1.so.29', 'libQt5WaylandClient.so.5.15.13', 'libbdplus.so.0.2.0', 'libxcb-cursor.so.0', 'libopen-rte.so.40', 'libvtkPVVTKExtensionsIOSPCTH-pv5.11.so', 'libicutu.so.74.2', 'libevent_extra.a', 'libswscale.so.7.5.100', 'libldap.so.2.0.200', 'libmpi_mpifh.so.40', 'libvtkPVVTKExtensionsIOExodus-pv5.11.so.5.11', 'libvtkPVVTKExtensionsIOGeneral-pv5.11.so.1', 'libdw-0.190.so', 'libvtkWrappingPythonCore3.12-pv5.11.so.5.11', 'libhdf5_serial.settings', 'libgcc_s.so.1', 'libQt5XcbQpa.so.5.15', 'libGL.so.1.7.0', 'libx264.so.164', 'libmfhdfalt.so.0', 'libsz.so.2.0.1', 'libhwy_contrib.so.1.0.7', 'libTKMesh.so.7', 'libvtkCommonSystem-pv5.11.so', 'libvtkIOParallelExodus-pv5.11.so.5.11', 'libacl.so.1', 'libvtkIOExport-pv5.11.so.1', 'libOpenGL.so.0', 'libgssapi_krb5.so.2', 'libTKHLR.so.7.6.3', 'libmpi.so', 'gdk-pixbuf-2.0', 'libsframe.so.1', 'libTKShHealing.so.7', 'libe2p.so.2.3', 'libz.so.1', 'libvtkIOInfovis-pv5.11.so.1', 'libpam_misc.so.0', 'libTKXDEIGES.so.7.6.3', 'libplc4.so', 'libcaf_openmpi.so.3', 'libmpi_usempi_ignore_tkr-gfortranso.40', 'libvtkPVAdaptorsCam-pv5.11.so.1', 'libOpenEXRCore-3_1.so.30', 'libpamc.so.0.82.1', 'libpsm2.so.2.2', 'libaacs.so.0.7.2', 'libreadline.so.8.2', 'libvtkPVVTKExtensionsIOGeneral-pv5.11.so.5.11', 'libEGL_mesa.so.0.0.0', 'libharfbuzz.so.0.60830.0', 'libQt5Core.so.5.15', 'libvtkIOExodus-pv5.11.so.5.11', 'libvtkFiltersProgrammable-pv5.11.so', 'libpq.so.5.16', 'libXtst.so.6.1.0', 'libvtkViewsCore-pv5.11.so.1', 'libX11-xcb.so.1', 'libvtkPythonInterpreter-pv5.11.so.5.11', 'libexslt.so.0.8.21', 'libvtkm_cont_testing-pv5.11.so.1', 'libBrokenLocale.a', 'libproc2.so.0.0.2', 'libpsx.so.2.66', 'libopcodes-2.42-system.so', 'libgl2ps.so.1.4.2', 'libvtkAcceleratorsVTKmDataModel-pv5.11.so', 'libksba.so.8.14.6', 'libpoppler.so.134', 'libvtkPVPythonCatalyst-pv5.11.so.5.11', 'libTKOpenGlTest.so.7', 'libarpack.so.2.1.0', 'hwloc', 'libTKBRep.so.7.6.3', 'libXss.so.1.0.0', 'libpython3.12.so.1.0', 'libevent_core-2.1.so.7', 'libvtkFiltersAMR-pv5.11.so', 'libz.so.1.3', 'libsodium.so.23.3.0', 'libvtkRemotingExport-pv5.11.so.1', 'libvtkm_io-pv5.11.so', 'libvtkViewsCore-pv5.11.so', 'libLLVM-17.so.1', 'libjson-c.so.5', 'libvtkFiltersTexture-pv5.11.so', 'libvtkFiltersGeneric-pv5.11.so', 'libswresample.so.4.12.100', 'libvtkFiltersCore-pv5.11.so.1', 'libvulkan_gfxstream.so', 'libpackagekit-glib2.so.18.1.3', 'libvtkIOXML-pv5.11.so', 'libSM.so.6.0.1', 'libTKHLR.so.7', 'libmemusage.so', 'libtiff.so', 'libcc1.so.0', 'libsz.a', 'libdeflate.so.0', 'libbrotlicommon.so.1', 'libbsd.so.0.12.1', 'libvtkIOCONVERGECFD-pv5.11.so', 'libarpack.so.2', 'libTKBinXCAF.so.7.6.3', 'libTKBool.so.7', 'libvtkCommonMisc-pv5.11.so.5.11', 'libgio-2.0.so.0', 'libgraphite2.so.2.0.0', 'libfmt.so.9.1.0', 'libTKTObjDRAW.so.7', 'libmca_common_monitoring.so', 'libompitrace.so', 'libfmt.so.9', 'libcrypt.so.1.1.0', 'libdfalt.so.0.0.0', 'libvtkRenderingGL2PSOpenGL2-pv5.11.so.1', 'libopenmpt.so.0', 'libcc1.so.0.0.0', 'libm.so', 'libvtkm_worklet-pv5.11.so.1', 'libhsa-runtime64.so.1', 'libpmix.so.2.13.1', 'libfreeblpriv3.chk', 'libvtkIOVPIC-pv5.11.so', 'libxcb-randr.so.0', 'libubsan.so.1', 'libmcheck.a', 'libopen-rte.so', 'libvtkIOAsynchronous-pv5.11.so.5.11', 'libvtkm_io-pv5.11.so.1', 'libspeex.so.1.5.2', 'libnettle.so.8.8', 'libQt5Network.so.5.15', 'libTKVCAF.so.7', 'libresolv.a', 'libTKV3d.so.7.6.3', 'libhdf5_hl_cpp.so.100', 'libdebconfclient.so.0', 'libelf-0.190.so', 'libmpfr.so.6', 'libvorbis.so.0.4.9', 'libvtkjsoncpp-pv5.11.so', 'libnss_dns.so.2', 'rsocket', 'libmca_common_monitoring.so.50', 'libxcb.so.1', 'libxcb-randr.so.0.1.0', 'libhdf5_openmpihl_fortran.so', 'libTKSTEPAttr.so.7.6.3', 'libvtkIOADIOS2-pv5.11.so.1', 'libXcomposite.so.1.0.0', 'libvtkCommonTransforms-pv5.11.so.1', 'libadios2_mpi_evpath.so.4.5.0', 'libvtkRemotingServerManager-pv5.11.so.1', 'libTKG2d.so.7', 'libvtkRemotingViews-pv5.11.so.5.11', 'libbsd.so.0', 'libmbedcrypto.so.7', 'libvtkRenderingVolume-pv5.11.so.1', 'libavformat.so.60', 'libkmlbase.so.1', 'libsasl2.so.2.0.25', 'libstemmer.so.0d', 'libfmt.so', 'libpolkit-agent-1.so.0.0.0', 'libexpatw.a', 'libXdmcp.so.6', 'libmpi_usempif08-gfortran.so.40', 'libvtkIOParallelNetCDF-pv5.11.so.5.11', 'libvtkUtilitiesPythonInitializer-pv5.11.so.1', 'libgstcontroller-1.0.so.0.2402.0', 'libvtkh5part-pv5.11.so', 'libhsakmt.so.1.0.6', 'libvtkIOXML-pv5.11.so.1', 'libjxl_threads.so.0.7', 'libatspi.so.0', 'libTKXCAF.so.7', 'grcrt1.o', 'libyaml-0.so.2', 'libvtkAcceleratorsVTKmFilters-pv5.11.so.5.11', 'libmunge.so.2', 'glib-2.0', 'libhwy_contrib.so.1', 'libjxl.so.0.7.0', 'Scrt1.o', 'libzvbi-chains.so.0', 'libvtkPVVTKExtensionsMisc-pv5.11.so.5.11', 'libmca_common_ucx.so', 'libfyut.so.0.0.0', 'libblosc.so.1.21.5', 'libvtkogg-pv5.11.so.5.11', 'libmca_common_verbs.so.40.30.0', 'libnuma.so.1.0.0', 'libvtkIceTCore-pv5.11.so.5.11', 'libQt5Svg.so.5.15.13', 'libutil.so.1', 'librsvg-2.so.2.50.0', 'vdpau', 'libQt5Widgets.so.5', 'libevent-2.1.so.7.0.1', 'libvtkFiltersGeneral-pv5.11.so.1', 'libinput.so.10.13.0', 'libmpi++.so', 'libgd.so.3.0.11', 'libfreexl.so.1.2.0', 'libvtkFiltersParallel-pv5.11.so.5.11', 'libTKSTEPBase.so.7', 'libvtkPVVTKExtensionsFiltersGeneralMPI-pv5.11.so.5.11', 'libgfortran.so.5', 'libvtkIOIOSS-pv5.11.so.5.11', 'libvtkqttesting-pv5.11.so', 'libvtkPVVTKExtensionsIOImage-pv5.11.so.5.11', 'libseccomp.so.2.5.5', 'libdrm_amdgpu.so.1.125.0', 'libraw.so.23', 'libwebpmux.so.3', 'libdrop_ambient.so.0', 'gbm', 'libfabric.so.1', 'libamdhip64.so.5.7.31921', 'libglut.so.3.12', 'libvtkh5part-pv5.11.so.1', 'libvtkFiltersGeometry-pv5.11.so', 'libvulkan_asahi.so', 'libanl.so.1', 'libvtkIOFFMPEG-pv5.11.so.1', 'libdatrie.so.1', 'krb5', 'libtiffxx.a', 'libTKViewerTest.so.7', 'open-corarrys', 'libvtkRemotingViewsPython-pv5.11.so.5.11', 'libgif.so.7.2.0', 'libvtkxdmf3-pv5.11.so', 'libXrandr.so.2', 'libssh-gcrypt.so.4.9.6', 'libvtkFiltersProgrammable-pv5.11.so.1', 'libnl-3.so.200.26.0', 'libQt5XcbQpa.so.5.15.13', 'librav1e.so.0.7.1', 'libmagic.so.1.0.0', 'perl5', 'libacl.so.1.1.2302', 'tc', 'libvtkvpic-pv5.11.so.5.11', 'libTKXmlL.so.7.6.3', 'libvtkFiltersStatistics-pv5.11.so.1', 'libTKPrim.so.7.6.3', 'libvtkioss-pv5.11.so.1', 'libvtkRenderingGL2PSOpenGL2-pv5.11.so', 'libtheora.so.0', 'libpqComponents-pv5.11.so.1', 'libvtkPVVTKExtensionsFiltersRendering-pv5.11.so', 'libvtkFiltersFlowPaths-pv5.11.so.1', 'libvtkIOVPIC-pv5.11.so.1', 'libanl.a', 'libhdf5_openmpi_hl.so', 'libgdk-3.so.0', 'libvtkIOMPIImage-pv5.11.so.5.11', 'libxkbfile.so.1.0.2', 'libmpi_usempif08.so.40', 'libmpi_usempi_ignore_tkr-gfortran.so.40.30.0', 'libvtkWrappingTools-pv5.11.so', 'gconv', 'ld-linux-x86-64.so.2', 'libvtkInteractionWidgets-pv5.11.so', 'libQt5EglFSDeviceIntegration.so.5.15', 'libvtkPVPythonCatalyst-pv5.11.so', 'libvtklibharu-pv5.11.so.1', 'libvtkIOH5part-pv5.11.so.5.11', 'libmvec.a', 'libvtkIceTMPI-pv5.11.so', 'libhiredis_ssl.so.1', 'libnssutil3.so', 'libpsl.so.5', 'libgthread-2.0.so.0', 'libcom_err.so.2.1', 'libxcb-image.so.0.0.0', 'libicuio.so.74.2', 'liblzma.so', 'libgsm.so.1', 'libmlx5.so.1.24.50.0', 'libcurl.a', 'libgstcontroller-1.0.so.0', 'libwebp.so', 'libstemmer.so.0d.0.0', 'libwayland-client.so.0.22.0', 'libvtkAcceleratorsVTKmDataModel-pv5.11.so.5.11', 'libIlmThread-3_1.so.30.5.1', 'libTKMesh.so.7.6.3', 'libmpi_cxx.so.40.30.1', 'libnpth.so.0.1.2', 'libhdf5_serialhl_fortran.a', 'libavahi-common.so.3', 'libvtkFiltersParallelStatistics-pv5.11.so.1', 'libvtkPVVTKExtensionsIOSPCTH-pv5.11.so.1', 'libvtkRenderingSceneGraph-pv5.11.so.5.11', 'libzstd.so.1', 'libpango-1.0.so.0', 'libXxf86vm.so.1', 'libwebpdemux.a', 'libvtkIOParallelLSDyna-pv5.11.so', 'libexpatw.so.1.9.1', 'libvtkRenderingVolume-pv5.11.so', 'libfreebl3.chk', 'libnspr4.so', 'libedit.so.2', 'libvtkjsoncpp-pv5.11.so.5.11', 'libinfinipath.so.4.0', 'libthread_db.so.1', 'libdrm_amdgpu.so.1', 'libwebpdecoder.so.3.1.8', 'libvtkkissfft-pv5.11.so', 'libTKSTEPBase.so.7.6.3', 'libvtkImagingMath-pv5.11.so.1', 'libwebpmux.a', 'libcairo-gobject.so.2', 'libfreeimage-3.18.0.so', 'libtiff.so.6.0.1', 'libsnappy.so.1', 'libvtkImagingCore-pv5.11.so.5.11', 'libctf.so.0', 'libpqWidgets-pv5.11.so', 'libdconf.so.1', 'libpolkit-gobject-1.so.0.0.0', 'libbabeltrace-lttng-live.so.1.0.0', 'libvtkprotobuf-pv5.11.so.1', 'libvtkImagingHybrid-pv5.11.so', 'libvtkDomainsChemistryOpenGL2-pv5.11.so.1', 'libXmu.so.6', 'libadios2_mpi_ffs.so.2', 'libwebpdemux.so', 'libfontconfig.so.1.12.1', 'libevent_core.so', 'libgdk_pixbuf-2.0.so.0.4200.10', 'libmca_common_monitoring.so.50.20.0', 'libvtkIOXML-pv5.11.so.5.11', 'libtbbmalloc_proxy.so.2', 'libnl-route-3.a', 'libvtkCommonMath-pv5.11.so', 'libvtkPVVTKExtensionsFiltersRendering-pv5.11.so.5.11', 'libvtkCommonColor-pv5.11.so.1', 'libvtkIONetCDF-pv5.11.so.1', 'libvtkCommonMisc-pv5.11.so.1', 'libvtkPVVTKExtensionsFiltersMaterialInterface-pv5.11.so.5.11', 'libkmod.so.2', 'libvtkexodusII-pv5.11.so.1', 'libvtksys-pv5.11.so.5.11', 'libhdf5_serial_fortran.so.102', 'libgstbase-1.0.so.0', 'libvtkIOAsynchronous-pv5.11.so', 'libkrb5.so.3', 'libvpx.so.9.0', 'libxerces-c-3.2.so', 'libLLVM-20.so', 'libvtkPVVTKExtensionsFiltersPython-pv5.11.so.5.11', 'libzstd.so.1.5.5', 'libmpi_mpifh.so.40.30.0', 'libvtkPVVTKExtensionsIOCGNSWriter-pv5.11.so.5.11', 'libTKBO.so.7.6.3', 'libmlx4.so.1', 'libuct.so.0.0.0', 'libTKStdL.so.7', 'libvtkAcceleratorsVTKmFilters-pv5.11.so', 'librttopo.so.1', 'libvtkPVVTKExtensionsFiltersPython-pv5.11.so', 'libatm.so.1', 'libsharpyuv.so.0', 'libicutu.so.74', 'libxkbcommon.so.0.0.0', 'libvtkRenderingCore-pv5.11.so', 'libogdi.so.4', 'libgtk-3.so.0.2409.32', 'libmlx4.so', 'libformw.so.6', 'libTKGeomAlgo.so.7', 'libhdf5_serial_cpp.a', 'libvtkChartsCore-pv5.11.so', 'libvtkIceTGL-pv5.11.so.5.11', 'libkeyutils.so.1', 'libTKRWMesh.so.7', 'libyaml-cpp.so.0.8.0', 'libQt5EglFSDeviceIntegration.so.5', 'gio', 'libvtkFiltersParallelMPI-pv5.11.so', 'libTKTopAlgo.so.7.6.3', 'libpcre2-8.so.0.11.2', 'libitm.so.1.0.0', 'libeatmydata.so.1', 'libbpf.so.1', 'libvtkRemotingAnimation-pv5.11.so.1', 'libcolord.so.2', 'libmca_common_ompio.so.41', 'ucx', 'libzmq.so.5', 'libvtkPVVTKExtensionsIOImage-pv5.11.so.1', 'libTKMeshVS.so.7.6.3', 'libjsoncpp.so.1.9.5', 'liblcms2.so.2', 'libvtkImagingFourier-pv5.11.so.5.11', 'libQt5Gui.so.5.15', 'libirdma-rdmav34.a', 'libompitrace.so.40', 'libalglib.so.4.0', 'adios2', 'libtheora.so.0.3.10', 'libhdf5_cpp.so.103', 'libkrb5.so.3.3', 'libm-2.39.a', 'libGLEW.so.2.2', 'libhdf5_openmpi.so', 'libEGL.so.1.1.0', 'libvtkInteractionStyle-pv5.11.so', 'libQt5Quick.so.5.15', 'libformw.so.6.4', 'libvtkFiltersExtraction-pv5.11.so.5.11', 'libvtkParallelMPI4Py-pv5.11.so.5.11', 'libucs_signal.so.0.0.0', 'libmpi_mpifh-gfortran.so.40', 'libsmartcols.so.1.1.0', 'libTKXSBase.so.7.6.3', 'libjpeg.so', 'libvtkIOParallel-pv5.11.so.1', 'libadios2_mpi_atl.so.2.2.1', 'libvtkRenderingHyperTreeGrid-pv5.11.so.1', 'libvtkPVVTKExtensionsFiltersParallelDIY2-pv5.11.so', 'libjson-c.so.5.3.0', 'libQt5DBus.so.5', 'libQt5Widgets.so.5.15', 'libidn2.so.0', 'libTKBinTObj.so.7.6.3', 'libcolordprivate.so.2', 'libvtkIOCONVERGECFD-pv5.11.so.1', 'libvtkm_filter_density_estimate-pv5.11.so.1', 'libvtkPVVTKExtensionsIOEnSight-pv5.11.so', 'libXmuu.so.1.0.0', 'libmagic.so.1', 'libvtkm_filter_zfp-pv5.11.so.1', 'libcurl.so.4', 'libpam_misc.so.0.82.1', 'libtheoradec.so.1', 'libTKXMesh.so.7', 'libvtkCommonDataModel-pv5.11.so.5.11', 'libpangoft2-1.0.so.0', 'libvtkImagingCore-pv5.11.so.1', 'libavutil.so.58', 'libvtkRenderingVolumeOpenGL2-pv5.11.so.5.11', 'libjpeg.so.8', 'libxmlb.so.2', 'libvtkFiltersParallelStatistics-pv5.11.so', 'libvtkRenderingSceneGraph-pv5.11.so', 'libidn2.so.0.4.0', 'libnss3.so', 'libvtkPVVTKExtensionsIOGeneral-pv5.11.so', 'libxcb-sync.so.1.0.0', 'libLerc.so', 'libwebpdecoder.so.3', 'libQt5Gui.so.5', 'libadios2_mpi_perfstubs.so.0.1', 'libunwind-x86_64.so.8', 'libsoxr.so.0.1.2', 'libcodec2.so.1.2', 'libvtkRenderingContextOpenGL2-pv5.11.so', 'libattr.so.1', 'libgmp.so.10', 'libvtkCommonCore-pv5.11.so.5.11', 'libigdgmm.so.12', 'libapparmor.so.1.17.1', 'libvtkm_filter_field_transform-pv5.11.so', 'libgnutls.so.30', 'libvtkCommonSystem-pv5.11.so.1', 'libTKTopAlgo.so.7', 'libvtkPVVTKExtensionsInteractionStyle-pv5.11.so.1', 'ossl-modules', 'libaudit.so.1', 'libubsan.so.1.0.0', 'libQt5Quick.so.5', 'libfyut.so.0', 'libvtkpugixml-pv5.11.so.1', 'libaec.so', 'libde265.so.0', 'libvtkIOChemistry-pv5.11.so', 'libc.so', 'libXi.so.6.1.0', 'gdalplugins', 'libvtkFiltersParallelDIY2-pv5.11.so', 'libatk-bridge-2.0.so.0', 'libvtkIOADIOS2-pv5.11.so', 'libOpenEXRUtil-3_1.so.30.5.1', 'libhdf5_openmpi_hl_cpp.so', 'liblz4.so.1', 'libvoro++.so.1', 'libvtkIOParallelLSDyna-pv5.11.so.1', 'libvtkImagingCore-pv5.11.so', 'libappstream.so.1.0.2', 'libEGL.so.1', 'libvtkRenderingLICOpenGL2-pv5.11.so.1', 'libvtkAcceleratorsVTKmCore-pv5.11.so.1', 'libQt5WaylandCompositor.so.5', 'libvtkRemotingViewsPython-pv5.11.so.1', 'libGLX_indirect.so.0', 'libmana.a', 'libvtkImagingGeneral-pv5.11.so.5.11', 'libvtkPVVTKExtensionsMisc-pv5.11.so', 'libvtkFiltersHybrid-pv5.11.so', 'libImath-3_1.so.29.8.0', 'libatk-1.0.so.0.25209.1', 'libicuio.so.74', 'libtbb.so.12', 'libraqm.so.0.10.1', 'libcurl-gnutls.so.4', 'libmca_common_ucx.so.40', 'libpopt.so.0.0.2', 'libitm.so.1', 'libvtkCommonTransforms-pv5.11.so', 'librabbitmq.so.4', 'libk5crypto.so.3', 'libvtkParallelCore-pv5.11.so', 'libproj.so.25.9.4.0', 'libvtkIOAMR-pv5.11.so', 'libvtkIOLSDyna-pv5.11.so.1', 'libwebpmux.so', 'libnl-route-3.so.200.26.0', 'libmd.so.0', 'libhdf5_openmpi_cpp.so.103.4.2', 'libdrm_intel.so.1.125.0', 'librt.so.1', 'libmpi_mpifh.so', 'libvtkPVVTKExtensionsFiltersGeneral-pv5.11.so', 'libhdf5_serial_cpp.so', 'libminizip.so.1', 'libLLVM.so.20.1', 'libX11-xcb.so.1.0.0', 'libvtkImagingMath-pv5.11.so', 'bfd-plugins', 'libQt5EglFSDeviceIntegration.so.5.15.13', 'libvtkPVClientWeb-pv5.11.so', 'libmnl.so.0.2.0', 'libvtkm_filter_core-pv5.11.so', 'libgssapi_krb5.so.2.2', 'libfreeimage.so.3', 'libvtkIOEnSight-pv5.11.so.1', 'librist.so.4', 'libva-drm.so.2', 'libvtkIOExodus-pv5.11.so.1', 'libucm.so.0', 'libtcl8.6.so.0', 'libbluray.so.2', 'libTKMath.so.7', 'libvtkIOParallel-pv5.11.so.5.11', 'libvtkIOExportGL2PS-pv5.11.so.5.11', 'libvtkPVAdaptorsCam-pv5.11.so', 'libvtkPVVTKExtensionsFiltersStatistics-pv5.11.so.1', 'libvtkParallelCore-pv5.11.so.5.11', 'libopenmpt.so.0.4.4', 'libTKXMesh.so.7.6.3', 'perl-base', 'libplds4.so', 'libvtkPVAdaptorsCTH-pv5.11.so.1', 'libthai.so.0.3.1', 'libgdbm_compat.so.4.0.0', 'libvtkFiltersFlowPaths-pv5.11.so', 'libvorbisenc.so.2', 'libXxf86dga.so.1.0.0', 'libTKService.so.7', 'libavahi-client.so.3', 'libspeex.so.1', 'libasound.so.2', 'libQt5Widgets.so.5.15.13', 'libhdf5_openmpi_hl.so.100', 'libyaml-0.so.2.0.9', 'libgirepository-1.0.so.1.0.0', 'libTKSTL.so.7', 'libtiffxx.so', 'libbabeltrace.so.1.0.0', 'libfdisk.so.1.1.0', 'libsz.so.2', 'libvtkDomainsChemistryOpenGL2-pv5.11.so.5.11', 'libvtkIOXdmf2-pv5.11.so.1', 'libdouble-conversion.so.3.1', 'libQt5Help.so.5.15.13', 'libicudata.so.74', 'libva.so.2', 'libTKG2d.so.7.6.3', 'libblosc.so.1', 'libxshmfence.so.1', 'blas', 'libvtkFiltersParallelFlowPaths-pv5.11.so.5.11', 'libvtkRenderingAnnotation-pv5.11.so', 'libexslt.so.0', 'libmca_common_ofi.so.10', 'libvtkRenderingGL2PSOpenGL2-pv5.11.so.5.11', 'libminizip.so.1.0.0', 'libTKFillet.so.7', 'libpqPython-pv5.11.so.5.11', 'libvtkPVVTKExtensionsFiltersGeneralMPI-pv5.11.so.1', 'libvtkm_filter_field_conversion-pv5.11.so', 'libbpf.so.1.3.0', 'libmpi_cxx.so', 'libwayland-egl.so.1.22.0', 'libblkid.so.1', 'libchromaprint.so.1.5.1', 'libcolordprivate.so.2.0.5', 'libstdc++.so.6', 'libvtkRenderingVtkJS-pv5.11.so.1', 'libvtkmetaio-pv5.11.so', 'libvtkRenderingLabel-pv5.11.so.5.11', 'libadios2_mpi_evpath.so.4', 'libvtkIOADIOS2-pv5.11.so.5.11', 'libvtkIOGeometry-pv5.11.so.5.11', 'libresolv.so', 'libmlx5.a', 'librtmp.so.1', 'libvtkFiltersParallelDIY2-pv5.11.so.5.11', 'libvtkIOExport-pv5.11.so', 'libsource-highlight.so.4.0.1', 'libjxrglue.so.0', 'libvtkWrappingTools-pv5.11.so.1', 'libvtkIOMovie-pv5.11.so', 'libmpi_java.so', 'libvtkAcceleratorsVTKmFilters-pv5.11.so.1', 'libvtkRemotingLive-pv5.11.so', 'libvtkvpic-pv5.11.so', 'libkrb5support.so.0.1', 'libss.so.2', 'libvtkkissfft-pv5.11.so.5.11', 'libpqCore-pv5.11.so.5.11', 'libhdf5_openmpi_fortran.a', 'libnuma.so', 'libgme.so.0.6.3', 'libhdf5_serial.so', 'libvtkImagingHybrid-pv5.11.so.1', 'libperl.so.5.38', 'libTKernel.so.7.6.3', 'libvtkFiltersModeling-pv5.11.so', 'libsigsegv.so.2.0.7', 'libvtkogg-pv5.11.so.1', 'libgcrypt.so.20', 'libhdf5_openmpi_cpp.so.103', 'libhwy_test.so.1.0.7', 'libvtkm_filter_connected_components-pv5.11.so', 'libtasn1.so.6', 'libcap-ng.so.0', 'libQt5Qml.so.5', 'liblcms2.so.2.0.14', 'libunwind-coredump.so.0', 'libhwasan.so.0.0.0', 'libpsm_infinipath.so.1', 'libvtkIOChemistry-pv5.11.so.5.11', 'libvtkm_cont-pv5.11.so', 'libQt5QmlModels.so.5', 'libicutest.so.74.2', 'libexpat.so.1', 'libjansson.so.4.14.0', 'libQt5XcbQpa.so.5', 'libvulkan_nouveau.so', 'libvtkIOLegacy-pv5.11.so', 'libvtkPVVTKExtensionsCore-pv5.11.so', 'libhdf5_openmpihl_fortran.so.100', 'libvpx.so.9.0.0', 'libjpeg.a', 'gawk', 'libvtkPVVTKExtensionsExtraction-pv5.11.so.5.11', 'libvtkIOParallelXML-pv5.11.so.1', 'libvtkRemotingServerManagerPython-pv5.11.so.5.11', 'libwebpdemux.so.2', 'hdf5', 'libvtkRenderingCore-pv5.11.so.5.11', 'libvtksqlite-pv5.11.so.5.11', 'libTKMeshVS.so.7', 'libbz2.a', 'libmenuw.so.6', 'libTKOpenGlTest.so.7.6.3', 'libvtkIOCGNSReader-pv5.11.so', 'libGLX.so.0.0.0', 'libibverbs.so.1', 'libTKBRep.so.7', 'libGLX_mesa.so.0', 'libudev.so.1', 'libTKLCAF.so.7.6.3', 'libvtkCommonMath-pv5.11.so.5.11', 'libxcb-xinerama.so.0', 'libfltk_images.so.1.3', 'libvtkPVVTKExtensionsFiltersParallelDIY2-pv5.11.so.1', 'libvtkpugixml-pv5.11.so.5.11', 'libvtkRenderingHyperTreeGrid-pv5.11.so', 'libvtkWrappingPythonCore3.12-pv5.11.so.1', 'libgbm.so.1.0.0', 'libvtkFiltersCore-pv5.11.so', 'libvtkm_filter_core-pv5.11.so.1', 'libzstd.a', 'libvtkFiltersModeling-pv5.11.so.5.11', 'libxcb-shm.so.0.0.0', 'libpcsclite.so.1', 'libvtkm_filter_clean_grid-pv5.11.so', 'libhdf5_openmpihl_fortran.a', 'libmana.so', 'libTKGeomAlgo.so.7.6.3', 'libgstreamer-1.0.so.0.2402.0', 'libhdf5_openmpi.so.103.4.0', 'libxcb-shape.so.0.0.0', 'libvtkIOParallelLSDyna-pv5.11.so.5.11', 'libvtkRemotingViews-pv5.11.so', 'libnewt.so.0.52.24', 'libgstcheck-1.0.so.0', 'libpqApplicationComponents-pv5.11.so.5.11', 'libvtkogg-pv5.11.so', 'libXmuu.so.1', 'libvtkPVVTKExtensionsFiltersGeneralMPI-pv5.11.so', 'libvtkRemotingLive-pv5.11.so.1', 'libvtkRemotingMisc-pv5.11.so', 'libxcb-util.so.1.0.0', 'libmlx4.a', 'libmenuw.so.6.4', 'libvtkPVInSitu-pv5.11.so.5.11', 'libestr.so.0.0.0', 'crt1.o', 'libvtkRemotingCore-pv5.11.so.5.11', 'libamdhip64.so.5', 'libxcb-icccm.so.4.0.0', 'libpqWidgets-pv5.11.so.5.11', 'libffi.so.8', 'libvtkPVVTKExtensionsIOEnSight-pv5.11.so.5.11', 'libe2p.so.2', 'libswresample.so.4', 'libvtkPVVTKExtensionsIOCore-pv5.11.so.1', 'libvtkPVVTKExtensionsPoints-pv5.11.so.1', 'libshine.so.3.0.1', 'libdb-5.3.so', 'libVkLayer_MESA_device_select.so', 'libmpc.so.3.3.1', 'libvtkFiltersProgrammable-pv5.11.so.5.11', 'libvtkTestingRendering-pv5.11.so.1', 'liboshmem.so.40', 'libtinfo.so.6', 'libalglib.so.4.0.0', 'libhdf5_serial.so.103', 'libexpat.so.1.9.1', 'libhiredis.so.1', 'libqedr-rdmav34.a', 'libvtkRenderingMatplotlib-pv5.11.so', 'libefa.so', 'libvtkIOH5Rage-pv5.11.so.1', 'libTKBinTObj.so.7', 'libTKBinXCAF.so.7', 'libTKXml.so.7.6.3', 'libvpf.so.4.1', 'libvtkRenderingFreeType-pv5.11.so.5.11', 'libvtkIOOggTheora-pv5.11.so.5.11', 'libefa.so.1', 'libpango-1.0.so.0.5200.1', 'libvtkPVAdaptorsPhasta-pv5.11.so', 'libfontconfig.so.1', 'libkmldom.so.1', 'libvtkRemotingExport-pv5.11.so.5.11', 'libudfread.so.0.1.0', 'libvtkPVVTKExtensionsAMR-pv5.11.so.5.11', 'libvtkRemotingViewsPython-pv5.11.so', 'libvtkxdmf2-pv5.11.so', 'libvtkRemotingViews-pv5.11.so.1', 'libvtkIOPIO-pv5.11.so.1', 'libvtkRemotingSettings-pv5.11.so.5.11', 'libnssdbm3.so', 'libswscale.so.7', 'libxvidcore.so.4', 'libTKViewerTest.so.7.6.3', 'libvtkImagingFourier-pv5.11.so', 'libinfinipath.so.4', 'libxxhash.so.0', 'libltdl.a', 'libLerc.a', 'libdbus-1.so.3.32.4', 'libgobject-2.0.so.0', 'libsharpyuv.so.0.0.1', 'libTKXDEIGES.so.7', 'libTKTObj.so.7.6.3', 'libvtkm_filter_connected_components-pv5.11.so.1', 'libltdl.so.7.3.2', 'libICE.so.6', 'libTKOffset.so.7.6.3', 'libmount.so.1', 'libudev.so.1.7.8', 'libp11-kit.so.0.3.1', 'libvtkIOVeraOut-pv5.11.so.5.11', 'libasan.so.8.0.0', 'libvdpau.so.1', 'libvtkFiltersSources-pv5.11.so.5.11', 'libgudev-1.0.so.0.3.0', 'libqhull_r.so.8.0.2', 'libbnxt_re-rdmav34.a', 'libgeos.so.3.12.1', 'utempter', 'libvtkIOVideo-pv5.11.so', 'libvtkRenderingVolumeOpenGL2-pv5.11.so.1', 'libpthread.a', 'libvorbisfile.so.3', 'engines-3', 'libmpi_usempi_ignore_tkr-gfortran.so.40', 'libvtkPVAdaptorsParticle-pv5.11.so.5.11', 'libQt5OpenGL.so.5.15.13', 'libvtkParallelMPI-pv5.11.so.1', 'libTKCAF.so.7', 'libhdf5_openmpi_fortran.so.102.1.3', 'libXtst.so.6', 'libXxf86dga.so.1', 'libpangoft2-1.0.so.0.5200.1', 'libTKFeat.so.7.6.3', 'libOpenCL.so.1.0.0', 'libvtkFiltersParallel-pv5.11.so', 'libvtkcgns-pv5.11.so.5.11', 'cmake', 'libpcsclite.so.1.0.0', 'libvtkIOXdmf2-pv5.11.so.5.11', 'libdw.so.1', 'libproc2.so.0', 'libvtkRenderingParallel-pv5.11.so.5.11', 'libTKBinL.so.7.6.3', 'libBrokenLocale.so.1', 'libcaf_openmpi.so', 'libdebuginfod-0.190.so', 'libamd_comgr.so.2.6.0', 'libvtkIOOggTheora-pv5.11.so.1', 'libvtkm_filter_field_transform-pv5.11.so.1', 'libraw_r.so.23', 'libvtkFiltersPoints-pv5.11.so.1', 'libvtkcgns-pv5.11.so', 'libltdl.so.7', 'libgmsh.so.4.12.1', 'libmca_common_ompio.so', 'libmlx5.so', 'libpoppler.so.134.0.0', 'libvtkm_cont-pv5.11.so.1', 'libX11.so.6', 'libvtkIOInfovis-pv5.11.so.5.11', 'libvtkFiltersParallelMPI-pv5.11.so.5.11', 'libqhull_r.so.8.0', 'libbluray.so.2.4.3', 'libvtkIOExportGL2PS-pv5.11.so', 'libTKMath.so.7.6.3', 'libxmlb.so.2.0.0', 'libpqApplicationComponents-pv5.11.so.1', 'libhwy.so.1.0.7', 'libselinux.so.1', 'libvtkIOH5Rage-pv5.11.so.5.11', 'libvtkIOOggTheora-pv5.11.so', 'libvtkPVVTKExtensionsIOEnSight-pv5.11.so.1', 'libvtkIOIOSS-pv5.11.so', 'libLerc.so.4', 'libvtkIOParallelNetCDF-pv5.11.so.1', 'libevent_pthreads.so', 'libmount.so.1.1.0', 'libvtkRemotingServerManagerPython-pv5.11.so', 'libmca_common_verbs.so.40', 'libopen-pal.so', 'libhdf5_openmpi_hl.so.100.1.7', 'libipt.so.2', 'libQt5EglFsKmsSupport.so.5', 'libsmime3.so', 'libfygm.so.0.0.0', 'libssl3.so', 'libspatialite.so.8', 'libvtkPVVTKExtensionsFiltersRendering-pv5.11.so.1', 'libvtkxdmf3-pv5.11.so.1', 'libOpenEXRCore-3_1.so.30.5.1', 'libapparmor.so.1', 'libnorm.so.1', 'libvtkCommonExecutionModel-pv5.11.so.5.11', 'security', 'libgstbase-1.0.so.0.2402.0', 'libdl.so.2', 'libvtkIOInfovis-pv5.11.so', 'openmpi', 'libvtkFiltersParallelVerdict-pv5.11.so.1', 'libxml2.so.2.9.14', 'libxvidcore.so.4.3', 'libxcb-shm.so.0', 'libvtkIOOMF-pv5.11.so.1', 'libvtkFiltersGeneral-pv5.11.so.5.11', 'libvtkxdmf2-pv5.11.so.1', 'libvtkInteractionWidgets-pv5.11.so.5.11', 'libvtkm_filter_density_estimate-pv5.11.so', 'libpthread.so.0', 'libGLU.so.1.3.1', 'libvtkPVVTKExtensionsFiltersGeneral-pv5.11.so.5.11', 'libvtkqttesting-pv5.11.so.1', 'libpixman-1.so.0', 'libvtkIOMovie-pv5.11.so.5.11', 'libvtkViewsCore-pv5.11.so.5.11', 'libvtkRenderingHyperTreeGrid-pv5.11.so.5.11', 'libvtkImagingMath-pv5.11.so.5.11', 'libQt5Core.so.5', 'libmlx5.so.1', 'libpng16.so.16.43.0', 'libhwloc.so', 'libbz2.so.1.0', 'liblzma.so.5.4.5', 'libvtkIOCore-pv5.11.so.1', 'libvtkRenderingLabel-pv5.11.so.1', 'libbabeltrace-ctf-metadata.so.1.0.0', 'libvtkUtilitiesPythonInitializer-pv5.11.so', 'libicuuc.so.74', 'libsystemd.so.0.38.0', 'libc.a', 'libvtkInfovisCore-pv5.11.so.1', 'libhdf5_serial_hl_cpp.so', 'libvulkan.so.1.3.275', 'libTKXSDRAW.so.7', 'libvtkDICOMParser-pv5.11.so.1', 'libTKXSBase.so.7', 'libvtkIOParallelXML-pv5.11.so.5.11', 'libvtkFiltersImaging-pv5.11.so.5.11', 'libvtkIOExodus-pv5.11.so', 'libvtkm_filter_field_conversion-pv5.11.so.1', 'libvtkRemotingCore-pv5.11.so', 'libQt5EglFsKmsSupport.so.5.15', 'libvtkm_filter_vector_analysis-pv5.11.so', 'libhogweed.so.6.8', 'libssh-gcrypt.so.4', 'libcjson.so.1', 'libgeos_c.so.1', 'libtheoraenc.so.1.1.2', 'libvtkm_filter_extra-pv5.11.so', 'libvtkImagingColor-pv5.11.so.1', 'libspatialite.so.8.1.0', 'libvtkRenderingContextOpenGL2-pv5.11.so.5.11', 'libvtkWebCore-pv5.11.so.1', 'libvtkm_filter_image_processing-pv5.11.so', 'libpkgconf.so.3.0.0', 'libvtkPVVTKExtensionsIOCGNSWriter-pv5.11.so', 'libogg.so.0', 'libvulkan_lvp.so', 'libvtkCommonCore-pv5.11.so.1', 'libaom.so.3', 'libpqComponents-pv5.11.so.5.11', 'libvtkRenderingVolumeAMR-pv5.11.so', 'libicudata.so.74.2', 'libvtkInteractionStyle-pv5.11.so.1', 'libvtkIOAsynchronous-pv5.11.so.1', 'libgpg-error.so.0.34.0', 'libvtkIOMotionFX-pv5.11.so.5.11', 'libBrokenLocale.so', 'libxcb-render.so.0.0.0', 'libkmlbase.so.1.3.0', 'libtinfo.so.6.4', 'libXcursor.so.1.0.2', 'libpciaccess.so.0', 'libvtkfmt-pv5.11.so', 'libXdmcp.so.6.0.0', 'libvtkRemotingAnimation-pv5.11.so', 'libvtkFiltersStatistics-pv5.11.so.5.11', 'libadios2_mpi_core_mpi.so.2', 'libXNVCtrl.so.0.0.0', 'libexpat.a', 'libinput.so.10', 'libmetis.so.5', 'liberdma-rdmav34.a', 'libhdf5_openmpi_fortran.so', 'libXt.so.6.0.0', 'libXft.so.2', 'libefa.a', 'qt-default', 'libvtkPVVTKExtensionsFiltersGeneral-pv5.11.so.1', 'libjxrglue.so.1.2', 'libvtkm_filter_zfp-pv5.11.so', 'libvoro++.so.1.0.0', 'libavahi-common.so.3.5.4', 'libctf-nobfd.so.0.0.0', 'libvtkxdmf2-pv5.11.so.5.11', 'libXNVCtrl.so.0', 'libvtkFiltersTexture-pv5.11.so.5.11', 'liboshmem.so.40.30.3', 'libnl-route-3.so.200', 'libQt5WaylandClient.so.5.15', 'libvtkRenderingFreeType-pv5.11.so.1', 'libefa.so.1.3.50.0', 'libvtkIOImage-pv5.11.so', 'libctf.so.0.0.0', 'libvtkPVCatalyst-pv5.11.so.5.11', 'libevent_core-2.1.so.7.0.1', 'libm.so.6', 'libheif', 'libpsx.so.2', 'libmca_common_ucx.so.40.30.2', 'libavahi-client.so.3.2.9', 'libcrypto.a', 'libnl-3.so', 'libtwolame.so.0.0.0', 'libxcb-present.so.0.0.0', 'libTKBool.so.7.6.3', 'libpgm-5.3.so.0', 'libopen-pal.so.40', 'libevent_openssl-2.1.so.7', 'libXinerama.so.1.0.0', 'libdrop_ambient.so.0.0.0', 'libvtkParallelDIY-pv5.11.so.1', 'libTKVCAF.so.7.6.3', 'libsensors.so.5.0.0', 'libgdk_pixbuf-2.0.so.0', 'libvtkIOCityGML-pv5.11.so.1', 'libelf.so.1', 'libvtkDomainsChemistry-pv5.11.so', 'libvtkRenderingCore-pv5.11.so.1', 'libfastjson.so.4', 'libvtkFiltersVerdict-pv5.11.so.1', 'libmpi_usempi_ignore_tkr.so', 'libxml2.so.2', 'libvtkPVAdaptorsCam-pv5.11.so.5.11', 'libxslt.so.1', 'libpangocairo-1.0.so.0.5200.1', 'libsqlite3.so.0.8.6', 'libeatmydata.so.1.3.0', 'libvtkFiltersPython-pv5.11.so.5.11', 'libvtkprotobuf-pv5.11.so', 'libopenjp2.so.7', 'libvpx.so.9', 'libpanelw.so.6', 'librdmacm.so.1', 'libbabeltrace-ctf-text.so.1', 'libQt5WaylandClient.so.5', 'libvtkIOOMF-pv5.11.so.5.11', 'libhwasan.so.0', 'libhwloc.a', 'libatk-1.0.so.0', 'libopus.so.0', 'libwacom.so.9.0.0', 'libisl.so.23', 'libvtkRenderingMatplotlib-pv5.11.so.1', 'libvtklibprotoc-pv5.11.so.5.11', 'libhogweed.so.6', 'libQt5EglFsKmsSupport.so.5.15.13', 'libc_nonshared.a', 'libvtkCommonCore-pv5.11.so', 'libblkid.so.1.1.0', 'libaec.so.0', 'libthread_db.so', 'libpkgconf.so.3', 'libvorbis.so.0', 'libctf-nobfd.so.0', 'libmpi_usempi_ignore_tkr.so.40', 'libvtkIOChemistry-pv5.11.so.1', 'libvtkFiltersPython-pv5.11.so.1', 'libvtkjsoncpp-pv5.11.so.1', 'libmpi_java.so.40', 'libhns-rdmav34.a', 'libXv.so.1.0.0', 'libssl.so.3', 'libGLdispatch.so.0', 'libpciaccess.so.0.11.1', 'libvtkCommonDataModel-pv5.11.so', 'libQt5WaylandCompositor.so.5.15.13', 'libdfalt.so.0', 'libpixman-1.so.0.42.2', 'libssl.a', 'libvtkRemotingClientServerStream-pv5.11.so.5.11', 'libraqm.so.0', 'libfyba.so.0.0.0', 'libvtkIOCONVERGECFD-pv5.11.so.5.11', 'libsrt-gnutls.so.1.5.3', 'libTKXDEDRAW.so.7', 'libvtkIceTMPI-pv5.11.so.5.11', 'libstdc++.so.6.0.33', 'libvtkm_source-pv5.11.so', 'libvtkPVVTKExtensionsFiltersParallelDIY2-pv5.11.so.5.11', 'libvtkIOPIO-pv5.11.so', 'libvtkCommonDataModel-pv5.11.so.1', 'libgmodule-2.0.so.0.8000.0', 'libpam.so.0', 'libsodium.so.23', 'libTKXmlL.so.7', 'libTKIGES.so.7.6.3', 'libhiredis_ssl.so.1.1.0', 'libfdisk.so.1', 'libpackagekit-glib2.so.18', 'libdeflate.so', 'libTKQADraw.so.7', 'libresolv.so.2', 'libatomic.so.1', 'libvtkIOGDAL-pv5.11.so.5.11', 'libvtkWebCore-pv5.11.so', 'libvtkWebGLExporter-pv5.11.so.5.11', 'libvtkIOCGNSReader-pv5.11.so.5.11', 'libvtkIOH5part-pv5.11.so.1', 'libvtkIOXMLParser-pv5.11.so', 'libadios2_mpi_atl.so.2', 'libvtksys-pv5.11.so.1', 'liblz4.so.1.9.4', 'libmpi.so.40', 'libvtksqlite-pv5.11.so.1', 'libvtkWebGLExporter-pv5.11.so.1', 'libquadmath.so.0.0.0', 'perl', 'libxcb-render-util.so.0.0.0', 'libvtkRenderingAnnotation-pv5.11.so.1', 'libproj.so.25', 'libmthca-rdmav34.a', 'libEGL_mesa.so.0', 'libmpi_usempif08.so.40.30.0', 'awk', 'libwebpdemux.so.2.0.14', 'libsqlite3.so.0', 'libvtkRenderingContextOpenGL2-pv5.11.so.1', 'libvtkPVVTKExtensionsExtractionPython-pv5.11.so', 'libSvtAv1Enc.so.1.7.0', 'libnss_compat.so.2', 'libmunge.so.2.0.0', 'libmvec.so.1', 'libgraphite2.so.3', 'libvmw_pvrdma-rdmav34.a', 'libmp3lame.so.0', 'libmvec.so', 'libavcodec.so.60.31.102', 'libvtkWrappingPythonCore3.12-pv5.11.so', 'libvtkFiltersHyperTree-pv5.11.so.5.11', 'libvtkCommonColor-pv5.11.so.5.11', 'libfreebl3.so', 'libvtkmetaio-pv5.11.so.5.11', 'libestr.so.0', 'libvpf.so.4', 'libopen-pal.so.40.30.3', 'libvtkIOCore-pv5.11.so.5.11', 'libTKXml.so.7', 'libhdf5_serial_hl.so.100.1.7', 'libevdev.so.2', 'libvtkPVVTKExtensionsFiltersMaterialInterface-pv5.11.so.1', 'libvtkIceTGL-pv5.11.so.1', 'libgfortran.so.5.0.0', 'libTKernel.so.7', 'libunwind-ptrace.so.0.0.0', 'libvtkm_worklet-pv5.11.so', 'libvtkFiltersParallelFlowPaths-pv5.11.so', 'libvulkan_intel_hasvk.so', 'libgd.so.3', 'libvtkPVAdaptorsCTH-pv5.11.so.5.11', 'libglib-2.0.so.0.8000.0', 'libtheoraenc.so.1', 'libvtkCommonComputationalGeometry-pv5.11.so.5.11', 'libutempter.so.0', 'libpanelw.so.6.4', 'lapack', 'liblzo2.so.2.0.0', 'libevent.a', 'libmfhdfalt.so.0.0.0', 'libTKXmlTObj.so.7.6.3', 'libhdf5_openmpi_cpp.so', 'libmpg123.so.0.48.2', 'libvtkm_source-pv5.11.so.1', 'librt.a', 'libQt5Network.so.5', 'gstreamer-1.0', 'libevent-2.1.so.7', 'libpgm-5.3.so.0.0.128', 'libmd4c.so.0', 'libmca_common_ompio.so.41.29.4', 'libgraphite2.so.3.2.1', 'libvtkRenderingParallel-pv5.11.so', 'libbz2.so.1.0.4', 'libdouble-conversion.so.3', 'libvtkRenderingVolumeAMR-pv5.11.so.1', 'libvtkImagingGeneral-pv5.11.so.1', 'libvtkGUISupportQt-pv5.11.so.5.11', 'libvtkPVVTKExtensionsPoints-pv5.11.so', 'libTKSTEPAttr.so.7', 'libpqComponents-pv5.11.so', 'libvtkIceTGL-pv5.11.so', 'libTKSTEP209.so.7.6.3', 'libssh.so.4.9.6', 'libwebp.so.7', 'libwayland-client.so.0', 'libTKGeomBase.so.7', 'libatk-bridge-2.0.so.0.0.0', 'libnpth.so.0', 'libtiff.so.6', 'libopenjp2.so.2.5.0', 'libvdpau.so.1.0.0', 'libcurl.so', 'libmpi_mpifh-gfortran.so', 'libvtkDICOMParser-pv5.11.so', 'libvtkCommonMisc-pv5.11.so', 'libcurl-gnutls.so.4.8.0', 'libapt-pkg.so.6.0.0', 'libigdgmm.so.12.3.0', 'libpopt.so.0', 'libfido2.so.1', 'libaacs.so.0', 'libxcb-cursor.so.0.0.0', 'libfyba.so.0', 'libvtkCommonSystem-pv5.11.so.5.11', 'libvtkWebGLExporter-pv5.11.so', 'libdrm_intel.so.1', 'libvtkViewsContext2D-pv5.11.so.1', 'libcurl-gnutls.so.3', 'libvtkInfovisCore-pv5.11.so.5.11', 'libpng16.so.16', 'libnewt.so.0.52', 'libfreexl.so.1', 'libXpm.so.4', 'libTKSTEP209.so.7', 'libevent_extra-2.1.so.7.0.1', 'libdconf.so.1.0.0', 'libhistory.so.8', 'libgif.so.7', 'libvtkPVVTKExtensionsFiltersPython-pv5.11.so.1', 'libTKStd.so.7', 'libucp.so.0', 'libvtkioss-pv5.11.so', 'libvtkPVVTKExtensionsFiltersMaterialInterface-pv5.11.so', 'libgmsh.so.4.12', 'libvtkFiltersHybrid-pv5.11.so.1', 'libvtkAcceleratorsVTKmCore-pv5.11.so.5.11', 'libvtksys-pv5.11.so', 'libibverbs.so.1.14.50.0', 'libvtkIOHDF-pv5.11.so', 'libgstnet-1.0.so.0.2402.0', 'libpam.so.0.85.1', 'libvtkIOGDAL-pv5.11.so.1', 'libpcre2-8.so.0', 'libcrypt.so.1', 'libvpl.so.2.9', 'libmtdev.so.1.0.0', 'libOpenEXR-3_1.so.30.5.1', 'libvtkDomainsChemistryOpenGL2-pv5.11.so', 'libvtkmetaio-pv5.11.so.1', 'libvtkm_filter_entity_extraction-pv5.11.so', 'libkmlengine.so.1.3.0', 'libxcb-xkb.so.1.0.0', 'libxcb-xfixes.so.0', 'libTKXmlTObj.so.7', 'libTKG3d.so.7.6.3', 'libXft.so.2.3.6', 'libbrotlienc.so.1', 'libvtkFiltersPoints-pv5.11.so', 'libxcb-damage.so.0', 'libvtkRemotingExport-pv5.11.so', 'libtheoradec.so.1.1.4', 'libvtkPVVTKExtensionsIOCore-pv5.11.so.5.11', 'libodbcinst.so.2.0.0', 'libvtkIOAMR-pv5.11.so.1', 'libvtkFiltersSources-pv5.11.so.1', 'libzmq.so.5.2.5', 'libQt5OpenGL.so.5.15', 'libwayland-cursor.so.0', 'libnetplan.so.1', 'libvtkPythonInterpreter-pv5.11.so', 'libhdf5_serial_hl.so', 'libOpenEXRUtil-3_1.so.30', 'libgpm.so.2', 'libmca_common_ofi.so.10.0.2', 'libmpi_usempif08.so', 'libmca_common_ofi.so', 'libvtkIOCityGML-pv5.11.so.5.11', 'libvtkPVVTKExtensionsIOExodus-pv5.11.so.1', 'libfltk_gl.so.1.3', 'libgbm.so.1', 'libnettle.so.8', 'libOpenGL.so.0.0.0', 'libXdamage.so.1.1.0', 'libvtkloguru-pv5.11.so.5.11', 'libvtklibproj-pv5.11.so.1', 'libvtkioss-pv5.11.so.5.11', 'libvtkFiltersImaging-pv5.11.so', 'libvtkPVInSitu-pv5.11.so.1', 'libva-x11.so.2.2000.0', 'libyaml-cpp.so.0.8', 'libXrandr.so.2.2.0', 'libheif.so.1.17.6', 'libduktape.so.207', 'libodbc.so.2.0.0', 'paraview-5.11', 'libuv.so.1', 'libvtkRenderingVolume-pv5.11.so.5.11', 'libTKIGES.so.7', 'libxcb-shape.so.0', 'libpqCore-pv5.11.so.1', 'libvtkPVAdaptorsCTH-pv5.11.so', 'libvtkFiltersParallelStatistics-pv5.11.so.5.11', 'libTKTopTest.so.7', 'libTKOpenGl.so.7.6.3', 'libvorbisenc.so.2.0.12', 'libadios2_mpi_core_mpi.so.2.9.2', 'libvtkChartsCore-pv5.11.so.5.11', 'libnl-route-3.so', 'libxcb-xinput.so.0.1.0', 'libVkLayer_INTEL_nullhw.so', 'libgl2ps.so.1.4', 'libatm.so.1.0.0', 'libvtkIONetCDF-pv5.11.so.5.11', 'libvtkIOEnSight-pv5.11.so.5.11', 'libexpatw.so', 'libhwloc.so.15', 'libSM.so.6', 'libsuperlu.so.6', 'libvtkFiltersParallelGeometry-pv5.11.so.1', 'libncursesw.so.6', 'libshine.so.3', 'libisl.so.23.3.0', 'libgmp.so.10.5.0', 'libpugixml.so.1', 'libxxhash.so.0.8.2', 'libmpi.so.40.30.6', 'libvtkIOHDF-pv5.11.so.1', 'libTKRWMesh.so.7.6.3', 'libvtkIOXdmf3-pv5.11.so.5.11', 'libbfd-2.42-system.so', 'libfido2.so.1.14.0', 'libgio-2.0.so.0.8000.0', 'libmpi_cxx.so.40', 'libgomp.so.1.0.0', 'libunistring.so.5', 'libepoxy.so.0', 'libGLX_mesa.so.0.0.0', 'libTKGeomBase.so.7.6.3', 'libXau.so.6.0.0', 'libvtkmdiympi_nompi.so', 'libcap-ng.so.0.0.0', 'libvtkPVVTKExtensionsIOParallelCGNSWriter-pv5.11.so', 'libgme.so.0', 'libvtkfmt-pv5.11.so.5.11', 'liblbfgsb.so.0', 'libvtkParallelMPI-pv5.11.so.5.11', 'libvtkRenderingLabel-pv5.11.so', 'libmca_common_sm.so.40', 'libhdf5_serial_hl_cpp.so.100.1.8', 'libcryptsetup.so.12.10.0', 'libvtkPVAdaptorsPagosa-pv5.11.so.5.11', 'libvtkPVCatalyst-pv5.11.so.1', 'libXext.so.6.4.0', 'libvtkFiltersParallelVerdict-pv5.11.so.5.11', 'libgthread-2.0.so.0.8000.0', 'libxcb-icccm.so.4', 'libadios2_mpi_cxx11_mpi.so.2', 'libblas.so.3', 'libvtkIOLSDyna-pv5.11.so.5.11', 'libvtkRenderingContext2D-pv5.11.so.5.11', 'libadios2_mpi_dill.so.2', 'libbrotlidec.so.1.1.0', 'libvtkRenderingUI-pv5.11.so.1', 'libpthread_nonshared.a', 'libxtables.so.12.7.0', 'libTKSTEP.so.7.6.3', 'cryptsetup', 'libaom.so.3.8.2', 'libvtkverdict-pv5.11.so.1', 'libgdbm_compat.so.4', 'libmd4c.so.0.4.8', 'libvtkFiltersStatistics-pv5.11.so', 'libwayland-server.so.0.22.0', 'libmana.so.1', 'libXi.so.6', 'libvtkFiltersCore-pv5.11.so.5.11', 'libnghttp2.so.14.26.0', 'libTKXmlXCAF.so.7.6.3', 'libcfitsio.so.10.4.3.1', 'libxkbcommon-x11.so.0', 'libpsl.so.5.3.4', 'libutempter.so.1.2.1', 'libhdf5_openmpi.a', 'libevent_pthreads.a', 'libvtkPVPythonCatalyst-pv5.11.so.1', 'packagekit-backend', 'libfabric.so.1.20.0', 'libXfixes.so.3', 'libvtkRenderingVtkJS-pv5.11.so.5.11', 'libraw_r.so.23.0.0', 'libxcb-dri3.so.0', 'libk5crypto.so.3.1', 'libTKBinL.so.7', 'libvtkPVVTKExtensionsExtraction-pv5.11.so', 'libtiff.a', 'libvtkDomainsChemistry-pv5.11.so.1', 'libkmldom.so.1.3.0', 'libcups.so.2', 'sasl2', 'libQt5DBus.so.5.15.13', 'libvtkexodusII-pv5.11.so', 'libmysqlclient.so.21.2.46', 'libhdf5_openmpi_hl.a', 'libtasn1.so.6.6.3', 'libpamc.so.0', 'libquadmath.so.0', 'libc.so.6', 'libvtkIOParallelXML-pv5.11.so', 'libcxgb4-rdmav34.a', 'libvtkPVVTKExtensionsMisc-pv5.11.so.1', 'libhdf5_serial.so.103.4.0', 'libvtkPVClientWeb-pv5.11.so.5.11', 'libz.a', 'libargon2.so.1', 'libadios2_mpi_ffs.so.2.0.0', 'libhwy_test.so.1', 'libvtkPVVTKExtensionsPoints-pv5.11.so.5.11', 'libQt5WaylandCompositor.so.5.15', 'rcrt1.o', 'libTKXDEDRAW.so.7.6.3', 'libvtkIOXdmf3-pv5.11.so', 'libevent_extra-2.1.so.7', 'libvtkPVVTKExtensionsIOParallelCGNSWriter-pv5.11.so.1', 'libTKTopTest.so.7.6.3', 'libfreetype.so.6', 'libattr.so.1.1.2502', 'libxcb-keysyms.so.1.0.0', 'libvtkIOLSDyna-pv5.11.so', 'libwayland-egl.so.1', 'libvtkm_filter_image_processing-pv5.11.so.1', 'libfribidi.so.0.4.0', 'libtbbbind_2_5.so.3', 'libvtkCommonTransforms-pv5.11.so.5.11', 'libvtkRenderingOpenGL2-pv5.11.so.1', 'libvtkPVVTKExtensionsAMR-pv5.11.so.1', 'libGLdispatch.so.0.0.0', 'libipathverbs-rdmav34.a', 'libhfi1verbs-rdmav34.a', 'libmca_common_sm.so.40.30.0', 'libvulkan_radeon.so', 'libevent_core.a', 'libTKVRML.so.7.6.3', 'libvtkIOXdmf3-pv5.11.so.1', 'libfastjson.so.4.3.0', 'libvtkRenderingUI-pv5.11.so.5.11', 'libvtkFiltersExtraction-pv5.11.so', 'libvtkRenderingMatplotlib-pv5.11.so.5.11', 'libamd_comgr.so.2', 'liburiparser.so.1.0.30', 'libpmix.so.2', 'libadios2_mpi_dill.so.2.4.1', 'libGLX.so.0', 'librhash.so.0', 'libXpm.so.4.11.0', 'libunwind-coredump.so.0.0.0', 'gstreamer1.0', 'ldscripts', 'libvtkIOGeometry-pv5.11.so.1', 'libvtkqttesting-pv5.11.so.5.11', 'liblber.so.2', 'libvtkDICOMParser-pv5.11.so.5.11', 'libnssdbm3.chk', 'libvtkPVVTKExtensionsIOAMR-pv5.11.so.5.11', 'libhdf5_openmpi_cpp.a', 'libmpi_java.so.40.30.0', 'libhistory.so.8.2', 'libzstd.so', 'libodbcinst.so.2', 'vtk', 'libvtkm_filter_contour-pv5.11.so.1', 'libvtkIOVeraOut-pv5.11.so', 'libfltk.so.1.3', 'libmca_common_verbs.so', 'libharfbuzz.so.0', 'libde265.so.0.1.8', 'libTKOpenGl.so.7', 'libnss_files.so.2', 'libdebuginfod.so.1', 'libgtk-3-0t64', 'libcjson.so.1.7.17', 'libthai.so.0', 'girepository-1.0', 'libjsoncpp.so.25', 'librdmacm.so.1.3.50.0', 'libvtkcgns-pv5.11.so.1', 'libvtkPVInSitu-pv5.11.so', 'libvtkGUISupportQt-pv5.11.so.1', 'libhdf5_serial.a', 'libuuid.so.1', 'libxcb-render.so.0', 'libhdf5_serial_cpp.so.103', 'libTKCDF.so.7.6.3', 'libbz2.so.1', 'libvtklibprotoc-pv5.11.so', 'libTKFeat.so.7', 'libICE.so.6.3.0', 'libcrypto.so', 'liboshmem.so', 'libvtkvpic-pv5.11.so.1', 'libvtkFiltersGeneric-pv5.11.so.5.11', 'libvtkFiltersHybrid-pv5.11.so.5.11', 'libhdf5_openmpi_hl_cpp.a', 'libvtkPVVTKExtensionsAMR-pv5.11.so', 'libvtkRenderingAnnotation-pv5.11.so.5.11', 'libvtkPVAdaptorsParticle-pv5.11.so.1', 'libbabeltrace-ctf-text.so.1.0.0', 'libmpg123.so.0', 'libTKBin.so.7.6.3', 'libvtkIOXdmf2-pv5.11.so', 'libbdplus.so.0', 'libvtkParallelCore-pv5.11.so.1', 'libXfixes.so.3.1.0', 'libvtkIOMotionFX-pv5.11.so.1', 'libvtkxdmfcore-pv5.11.so', 'libvtkRemotingSettings-pv5.11.so', 'libvtkPVVTKExtensionsFiltersStatistics-pv5.11.so', 'libvtkIOTecplotTable-pv5.11.so.5.11', 'libcrypto.so.3', 'libTKStd.so.7.6.3', 'libXau.so.6', 'libhwloc.so.15.7.0', 'libvtkFiltersVerdict-pv5.11.so.5.11', 'libvtkIOTRUCHAS-pv5.11.so', 'libvtkFiltersParallelVerdict-pv5.11.so', 'libmpfr.so.6.2.1', 'libvtkIOHDF-pv5.11.so.5.11', 'libp11-kit.so.0', 'libsiw-rdmav34.a', 'libQt5OpenGL.so.5', 'libltdl.so', 'libvtkRemotingServerManager-pv5.11.so.5.11', 'libTKG3d.so.7', 'libtbbmalloc.so.2.11', 'libvtkIOOMF-pv5.11.so', 'libdav1d.so.7', 'pmix2', 'libXrender.so.1.3.0', 'libvtkCommonExecutionModel-pv5.11.so.1', 'libgeotiff.so.5', 'libxcb-keysyms.so.1', 'libgallium-25.2.8-0ubuntu0.24.04.2.so', 'libxcb-xinput.so.0', 'libvtkTestingRendering-pv5.11.so', 'libucp.so.0.0.0', 'libvtkPVVTKExtensionsIOImage-pv5.11.so', 'libvtkIceTMPI-pv5.11.so.1', 'libvtkFiltersTexture-pv5.11.so.1', 'libjxl.so.0.7', 'libvtkPVAdaptorsPagosa-pv5.11.so', 'libvtkIOMotionFX-pv5.11.so', 'libmpi_usempi_ignore_tkr.so.40.30.0', 'libvtkIOImport-pv5.11.so.5.11', 'libhdf5_openmpi.settings', 'libgdk-3.so.0.2409.32', 'libcairo-gobject.so.2.11800.0', 'audit', 'libcrypt.a', 'gprofng', 'libvtkIOSegY-pv5.11.so', 'libvtkFiltersGeometry-pv5.11.so.1', 'libfuse3.so.3.14.0', 'libva.so.2.2000.0', 'libuv.so.1.0.0', 'libperl.so.5.38.2', 'libjansson.so.4', 'libXaw.so.7', 'libtiffxx.so.6.0.1', 'libtk8.6.so', 'libbabeltrace-ctf-metadata.so.1', 'libvtkWrappingTools-pv5.11.so.5.11', 'libbrotlicommon.so.1.1.0', 'libvtkRemotingClientServerStream-pv5.11.so.1', 'libhdf5_serialhl_fortran.so', 'libvtkIOMPIImage-pv5.11.so.1', 'libglib-2.0.so.0', 'libbabeltrace-dummy.so.1', 'libvtkIOParallelNetCDF-pv5.11.so', 'libvtkChartsCore-pv5.11.so.1', 'libsz.so', 'libvtkPVAdaptorsPhasta-pv5.11.so.5.11', 'libQt5Sql.so.5.15', 'libvtkIOVeraOut-pv5.11.so.1', 'libatspi.so.0.0.1', 'libvtkIOEnSight-pv5.11.so', 'libvtkIOVPIC-pv5.11.so.5.11', 'libsoftokn3.chk', 'libmtdev.so.1', 'libvtkFiltersPython-pv5.11.so', 'libvtkPVAdaptorsNPIC-pv5.11.so.1', 'libvtkIOMovie-pv5.11.so.1', 'libksba.so.8', 'libffi.so.8.1.4', 'libraw.so.23.0.0', 'libgdbm.so.6.0.0', 'libpqApplicationComponents-pv5.11.so', 'libvtkParallelDIY-pv5.11.so', 'libhdf5_serial_fortran.a', 'libTKTObjDRAW.so.7.6.3', 'libpython3.12.so.1', 'libvtkPVAdaptorsNPIC-pv5.11.so.5.11', 'libjbig.so.0', 'libnetcdf.so.19', 'libvtkm_filter_mesh_info-pv5.11.so.1', 'libmana.so.1.0.50.0', 'libtsan.so.2.0.0', 'libtbb.so.12.11', 'libassuan.so.0', 'libucs.so.0.0.0', 'libQt5Quick.so.5.15.13', 'libxcb-xfixes.so.0.0.0', 'libwayland-cursor.so.0.22.0', 'libmnl.so.0', 'libmca_common_sm.so', 'Mcrt1.o', 'libvtkIOCGNSReader-pv5.11.so.1', 'libvtkFiltersParallelGeometry-pv5.11.so', 'libedit.so.2.0.72', 'liblzma.so.5', 'libTKBO.so.7', 'libcurl.so.4.8.0', 'libsigsegv.so.2', 'librttopo.so.1.1.0', 'libvtklibproj-pv5.11.so.5.11', 'libpq.so.5', 'libvtkm_filter_geometry_refinement-pv5.11.so', 'libbrotlidec.so.1', 'libhdf5_openmpihl_fortran.so.100.0.9', 'vpl', 'libTKShHealing.so.7.6.3', 'libvtkRemotingMisc-pv5.11.so.1', 'qt5', 'libcolord.so.2.0.5', 'libvtkm_filter_entity_extraction-pv5.11.so.1', 'libvtkPVVTKExtensionsIOCGNSWriter-pv5.11.so.1', 'libTKVRML.so.7', 'libvtkverdict-pv5.11.so.5.11', 'libipt.so.2.0.6', 'libwebpdecoder.so', 'libvtkpugixml-pv5.11.so', 'libbabeltrace-ctf.so.1', 'libhwy.so.1', 'libTKCAF.so.7.6.3', 'libmpi_usempif08-gfortran.so', 'libogdi.so.4.1', 'libxcb-sync.so.1', 'libvtkIOFFMPEG-pv5.11.so', 'libXmu.so.6.2.0', 'libfreeblpriv3.so', 'libadios2_mpi_core.so.2', 'libvtkPVVTKExtensionsCore-pv5.11.so.5.11', 'libvtkFiltersParallelDIY2-pv5.11.so.1', 'libpcre2-16.so.0.11.2', 'libvtkCommonMath-pv5.11.so.1', 'libzvbi.so.0.13.2', 'libvtkImagingHybrid-pv5.11.so.5.11', 'liblsan.so.0', 'libvtkRemotingApplication-pv5.11.so.1', 'libvtkRenderingLICOpenGL2-pv5.11.so', 'libpqCore-pv5.11.so', 'libvtkIOImport-pv5.11.so', 'libsharpyuv.so', 'libpipeline.so.1.5.7', 'libgsm.so.1.0.19', 'libmpc.so.3', 'libsframe.so.1.0.0', 'libTKSTL.so.7.6.3', 'libpqPython-pv5.11.so', 'libfygm.so.0', 'libhdf5_openmpi_fortran.so.102', 'libvtkIOXMLParser-pv5.11.so.1', 'libvtkloguru-pv5.11.so.1', 'libkrb5support.so.0', 'libvtkPythonInterpreter-pv5.11.so.1', 'libpqWidgets-pv5.11.so.1', 'libvtkImagingColor-pv5.11.so.5.11', 'libibverbs', 'libgudev-1.0.so.0', 'libbrotlienc.so.1.1.0', 'libvtkIOCore-pv5.11.so', 'libunwind-x86_64.so.8.0.1', 'libvtkIOTRUCHAS-pv5.11.so.5.11', 'libvtkParallelMPI-pv5.11.so', 'libfribidi.so.0', 'libvtkPVVTKExtensionsExtractionPython-pv5.11.so.1', 'libgstcheck-1.0.so.0.2402.0', 'libvtkPVVTKExtensionsExtractionPython-pv5.11.so.5.11', 'libTKCDF.so.7', 'librabbitmq.so.4.5.0', 'libXdamage.so.1', 'libarchive.so.13', 'libevent.so', 'libvtkPVCatalyst-pv5.11.so', 'libvtkIOPLY-pv5.11.so', 'libvtkDomainsChemistry-pv5.11.so.5.11', 'libapt-private.so.0.0', 'libXss.so.1', 'libtbbmalloc_proxy.so.2.11', 'libutil.a', 'gtk-3.0', 'libodbc.so.2', 'libibverbs.so', 'libvtkFiltersAMR-pv5.11.so.5.11', 'libvorbisfile.so.3.3.8', 'libvtkIOTecplotTable-pv5.11.so.1', 'libvtkRenderingOpenGL2-pv5.11.so', 'libvtkPVVTKExtensionsIOExodus-pv5.11.so', 'libpmix.so', 'libpolkit-agent-1.so.0', 'libvtkInfovisCore-pv5.11.so', 'libcbor.so.0.10', 'libvtkImagingColor-pv5.11.so', 'libzvbi-chains.so.0.0.0', 'libLLVM-17.so', 'libuct.so.0', 'libvtkm_filter_extra-pv5.11.so.1', 'ogdi', 'libvtkfmt-pv5.11.so.1', 'libvtkRenderingFreeType-pv5.11.so', 'libcryptsetup.so.12', 'liburiparser.so.1', 'libX11.so.6.4.0', 'libva-x11.so.2', 'libvtkParallelMPI4Py-pv5.11.so', 'libunwind.so.8.0.1', 'libhsakmt.so.1', 'libhdf5_serial_hl_cpp.a', 'libvtkPVAdaptorsNPIC-pv5.11.so', 'libvtkFiltersModeling-pv5.11.so.1', 'libvtkprotobuf-pv5.11.so.5.11', 'libreadline.so.8', 'libvtkPVVTKExtensionsIOSPCTH-pv5.11.so.5.11', 'libQt5Sql.so.5', 'libbz2.so', 'libopus.so.0.9.0', 'libxcb-image.so.0', 'libxcb.so.1.1.0', 'libvtkIOExport-pv5.11.so.5.11', 'libvtkPVAdaptorsPhasta-pv5.11.so.1', 'libvtkIOGDAL-pv5.11.so', 'libxslt.so.1.1.39', 'libvtkIOParallelExodus-pv5.11.so.1', 'libvtkAcceleratorsVTKmCore-pv5.11.so', 'libpipeline.so.1', 'libvtkFiltersParallelGeometry-pv5.11.so.5.11', 'libvtkRemotingApplication-pv5.11.so', 'libvtkImagingSources-pv5.11.so.5.11', 'libtwolame.so.0', 'libicuuc.so.74.2', 'libvtkm_cont_testing-pv5.11.so', 'libvtkRemotingClientServerStream-pv5.11.so', 'libnssckbi.so', 'libvtkCommonColor-pv5.11.so', 'libXinerama.so.1', 'libXext.so.6', 'libvtkRenderingSceneGraph-pv5.11.so.1', 'libvtkloguru-pv5.11.so', 'libxkbcommon.so.0', 'libvtkm_filter_geometry_refinement-pv5.11.so.1', 'libXrender.so.1', 'libvpl.so.2', 'libvtkFiltersParallel-pv5.11.so.1', 'libvtkImagingFourier-pv5.11.so.1', 'librxe-rdmav34.a', 'libevent_openssl.so', 'libvtklibharu-pv5.11.so', 'libadios2_mpi_perfstubs.so.0', 'libgpg-error.so.0', 'libgirepository-1.0.so.1', 'libdevmapper.so.1.02.1', 'libucs.so.0', 'libhdf5_serial_hl.a', 'libvtkFiltersAMR-pv5.11.so.1', 'libtk8.6.so.0', 'libaudit.so.1.0.0', 'libvtkRemotingMisc-pv5.11.so.5.11', 'libsemanage.so.2', 'libsrt-gnutls.so.1.5', 'libQt5Svg.so.5', 'liblzf.so.1.5', 'libunistring.so.5.0.0', 'libTKPrim.so.7', 'libxcb-render-util.so.0', 'libvtkRenderingParallel-pv5.11.so.1', 'libvtkPVVTKExtensionsCore-pv5.11.so.1', 'libjbig.a', 'libgprofng.so.0.0.0', 'libogg.so.0.8.5', 'libTKDCAF.so.7', 'liblzo2.so.2', 'libevent_pthreads-2.1.so.7', 'libseccomp.so.2', 'libss.so.2.0', 'libc_malloc_debug.so', 'libTKFillet.so.7.6.3', 'libvtkRemotingSettings-pv5.11.so.1', 'liblzma.a', 'libtbbmalloc.so.2', 'libjbig.so', 'libevent_openssl-2.1.so.7.0.1', 'crtn.o', 'libvtkIOParallel-pv5.11.so', 'libvtkFiltersPoints-pv5.11.so.5.11', 'libgmodule-2.0.so.0', 'libcap.so.2.66', 'libvtkGUISupportQt-pv5.11.so', 'libssl.so', 'libvtkIOXMLParser-pv5.11.so.5.11', 'libxcb-present.so.0', 'libicutest.so.74', 'libudfread.so.0', 'libvtksqlite-pv5.11.so', 'libvtkRenderingLICOpenGL2-pv5.11.so.5.11', 'libfuse3.so.3', 'libvtkIOImage-pv5.11.so.1', 'libvtkIOPIO-pv5.11.so.5.11', 'libpsm2.so.2', 'libQt5Network.so.5.15.13', 'libmbedcrypto.so.2.28.8', 'libvtkh5part-pv5.11.so.5.11', 'libuchardet.so.0', 'libhdf5_serialhl_fortran.so.100.0.9', 'libkmlengine.so.1', 'libhiredis.so.1.1.0', 'libvtkPVAdaptorsParticle-pv5.11.so', 'libvtkInteractionWidgets-pv5.11.so.1', 'libTKOffset.so.7', 'libvtkRenderingContext2D-pv5.11.so.1', 'libtbbbind_2_5.so.3.11', 'libQt5QmlModels.so.5.15', 'libvtkRemotingAnimation-pv5.11.so.5.11', 'libnl-3.so.200', 'libnss_systemd.so.2', 'libvtkCommonComputationalGeometry-pv5.11.so', 'libdeflate.a', 'libopen-rte.so.40.30.3', 'libg.a', 'libexpat.so', 'libvtkFiltersGeneral-pv5.11.so', 'libvtkIOImport-pv5.11.so.1', 'libeatmydata.so', 'libunwind-ptrace.so.0', 'libcrypt.so', 'libvtklibharu-pv5.11.so.5.11', 'libgnutls.so.30.37.1', 'libTKStdL.so.7.6.3', 'libOpenCL.so.1', 'libvtkexodusII-pv5.11.so.5.11', 'librsvg-2.so.2', 'libwebp.so.7.1.8', 'libvtkIOVideo-pv5.11.so.1', 'libapt-pkg.so.6.0', 'libGL.so.1', 'libexpatw.so.1', 'libIlmThread-3_1.so.30', 'libTKTObj.so.7', 'libxcb-xkb.so.1', 'libarchive.so.13.7.2', 'libgstnet-1.0.so.0', 'libTKXDESTEP.so.7', 'libjpegxr.so.0', 'libvtklibproj-pv5.11.so', 'dhcpcd', 'libXv.so.1', 'libxcb-glx.so.0', 'libvtkm_filter_mesh_info-pv5.11.so', 'libTKXmlXCAF.so.7', 'libvtkFiltersGeometry-pv5.11.so.5.11', 'librist.so.4.3.1', 'libtsan.so.2', 'libpolkit-gobject-1.so.0', 'libvtkIOFFMPEG-pv5.11.so.5.11', 'libepoxy.so.0.0.0', 'libTKDCAF.so.7.6.3', 'libTKService.so.7.6.3', 'libsensors.so.5', 'libdebconfclient.so.0.0.0', 'libc_malloc_debug.so.0', 'libvtkFiltersHyperTree-pv5.11.so.1', 'libTKSTEP.so.7', 'libvtkTestingRendering-pv5.11.so.5.11', 'libwayland-server.so.0', 'libicui18n.so.74', 'gcrt1.o', 'libQt5Qml.so.5.15', 'libcairo.so.2', 'libgdal.so.34', 'libvtkm_filter_vector_analysis-pv5.11.so.1', 'libSvtAv1Enc.so.1', 'libvulkan.so.1', 'libmpi_mpifh-gfortran.so.40.30.0', 'libvtkParallelMPI4Py-pv5.11.so.1', 'libuchardet.so.0.0.8', 'libbabeltrace.so.1', 'libTKXCAF.so.7.6.3', 'libpython3.12.a', 'libvulkan_virtio.so', 'libXxf86vm.so.1.0.0', 'libkeyutils.so.1.10', 'libhdf5_serial_hl.so.100', 'libvtkFiltersFlowPaths-pv5.11.so.5.11', 'pkgconfig', 'libnghttp2.so.14', 'libnss_hesiod.so.2', 'libvtkInteractionStyle-pv5.11.so.5.11', 'libvtkPVVTKExtensionsExtraction-pv5.11.so.1', 'libsource-highlight.so.4', 'libhsa-runtime64.so.1.11.0', 'open-coarrays', 'libhdf5_serial_cpp.so.103.4.2', 'libsoxr.so.0', 'libxkbfile.so.1', 'libadios2_mpi_cxx11.so.2', 'libdbus-1.so.3', 'libompitrace.so.40.30.1', 'libvtkRemotingLive-pv5.11.so.5.11', 'libXaw7.so.7', 'libdatrie.so.1.4.0', 'libvtkAcceleratorsVTKmDataModel-pv5.11.so.1', 'libavformat.so.60.16.100', 'libimagequant.so.0', 'libvtkIOGeometry-pv5.11.so', 'libunwind.so.8', 'libxcb-util.so.1', 'libvtkIOPLY-pv5.11.so.1', 'libgeotiff.so.5.2.1', 'libvtkRenderingVolumeOpenGL2-pv5.11.so', 'libvtkImagingSources-pv5.11.so.1', 'libaec.so.0.1.2', 'libpython3.12.so', 'libnsl.so.1', 'libTKLCAF.so.7', 'libcjson_utils.so.1.7.17', 'libasound.so.2.0.0', 'libTKBin.so.7', 'libvtkImagingGeneral-pv5.11.so', 'libVkLayer_MESA_overlay.so', 'libtirpc.so.3.0.0', 'libTKV3d.so.7', 'libcap.so.2', 'libQt5DBus.so.5.15', 'libwebpdecoder.a', 'libtiffxx.so.6', 'libmetis.so.5.1.0', 'libvtkxdmfcore-pv5.11.so.5.11', 'libgeos_c.so.1.18.1', 'libvtkCommonExecutionModel-pv5.11.so', 'libext2fs.so.2.4', 'libvtkIOMPIImage-pv5.11.so', 'libvtkFiltersVerdict-pv5.11.so', 'libvtkIOH5part-pv5.11.so', 'libnss_compat.so', 'libvtkRemotingApplication-pv5.11.so.5.11', 'libxtables.so.12', 'libmysqlclient.so.21', 'libvtkIOVideo-pv5.11.so.5.11', 'libvtkm_filter_contour-pv5.11.so', 'libvtkIOH5Rage-pv5.11.so', 'libvtkPVVTKExtensionsInteractionStyle-pv5.11.so', 'libmd.so.0.1.0', 'libxcb-glx.so.0.0.0', 'libQt5Gui.so.5.15.13', 'libdl.a', 'libsmartcols.so.1', 'libhdf5_serial_fortran.so', 'liblzf.so.1', 'libdrm.so.2', 'libvtkIceTCore-pv5.11.so', 'libvtkPVVTKExtensionsIOAMR-pv5.11.so', 'libQt5Help.so.5', 'libslang.so.2.3.3', 'libsepol.so.2', 'libQt5QmlModels.so.5.15.13', 'libTKDraw.so.7.6.3', 'libvtkverdict-pv5.11.so', 'libhdf5_serial_hl_cpp.so.100', 'libvtkPVAdaptorsPagosa-pv5.11.so.1', 'libxcb-damage.so.0.0.0', 'libxshmfence.so.1.0.0', 'libvtkFiltersParallelMPI-pv5.11.so.1', 'libldap.so.2', 'libvtkImagingSources-pv5.11.so', 'liblapack.so.3', 'libcfitsio.so.10', 'libtcl8.6.so', 'libpugixml.so.1.14', 'libXcursor.so.1', 'libnss_hesiod.so', 'libgcrypt.so.20.4.3', 'libIex-3_1.so.30.5.1', 'libext2fs.so.2', 'libXcomposite.so.1', 'libslang.so.2', 'libglut.so.3.12.0', 'libbabeltrace-lttng-live.so.1', 'libvtkFiltersSources-pv5.11.so', 'libvtkRenderingUI-pv5.11.so', 'libTKDraw.so.7', 'libsnappy.so.1.1.10', 'libsuperlu.so.6.0.1', 'libcairo.so.2.11800.0', 'liblber.so.2.0.200', 'libvtkPVVTKExtensionsIOParallelCGNSWriter-pv5.11.so.5.11', 'libva-drm.so.2.2000.0', 'libmp3lame.so.0.0.0', 'libtic.so.6.4', 'libhdf5_openmpi.so.103', 'libxkbcommon-x11.so.0.0.0', 'libvtkWebCore-pv5.11.so.5.11', 'libssh.so.4', 'libtic.so.6', 'libevent_extra.so', 'libkmod.so.2.4.1', 'libgtk-3.so.0', 'libvtkxdmfcore-pv5.11.so.1', 'libvtkIOPLY-pv5.11.so.5.11', 'libncursesw.so.6.4', 'libvtkRemotingServerManagerPython-pv5.11.so.1', 'libvtkFiltersParallelFlowPaths-pv5.11.so.1', 'libhdf5_serialhl_fortran.so.100', 'libvulkan_intel.so', 'libgprofng.so.0', 'libGLU.so.1', 'libvtkFiltersGeneric-pv5.11.so.1', 'libtirpc.so.3', 'libadios2_mpi_core.so.2.9.2', 'libmlx4.so.1.0.50.0', 'libhdf5_openmpi_hl_cpp.so.100.1.8', 'libsasl2.so.2', 'libvtkIOParallelExodus-pv5.11.so', 'libvtkRenderingVtkJS-pv5.11.so', 'libhdf5_serial_fortran.so.102.1.3', 'rsyslog', 'libvtkIOLegacy-pv5.11.so.5.11', 'libvtkxdmf3-pv5.11.so.5.11', 'libvtkIOLegacy-pv5.11.so.1', 'libsystemd.so.0', 'libOpenEXR-3_1.so.30', 'libvtkIOExportGL2PS-pv5.11.so.1', 'libTKQADraw.so.7.6.3', 'libavutil.so.58.29.100', 'libvtkIOSegY-pv5.11.so.5.11', 'libasan.so.8', 'libvtkPVVTKExtensionsIOAMR-pv5.11.so.1', 'libapt-private.so.0.0.0', 'jni', 'libvtkIOCityGML-pv5.11.so', 'libassuan.so.0.8.6', 'libgstreamer-1.0.so.0', 'libQt5Sql.so.5.15.13', 'libwacom.so.9', 'libxcb-xinerama.so.0.0.0', 'libevent_pthreads-2.1.so.7.0.1', 'libvtkIONetCDF-pv5.11.so', 'libXt.so.6', 'libvtkIOIOSS-pv5.11.so.1', 'libvtkRenderingVolumeAMR-pv5.11.so.5.11', 'libvtkCommonComputationalGeometry-pv5.11.so.1', 'libuuid.so.1.3.0', 'libwebp.a', 'libvtkViewsContext2D-pv5.11.so', 'libheif.so.1', 'libpangocairo-1.0.so.0', 'libvtkViewsContext2D-pv5.11.so.5.11', 'libsoftokn3.so', 'libnuma.so.1', 'libvtklibprotoc-pv5.11.so.1', 'libvtkIOTecplotTable-pv5.11.so', 'libpqPython-pv5.11.so.1', 'libvtkPVVTKExtensionsFiltersStatistics-pv5.11.so.5.11', 'libTKXSDRAW.so.7.6.3', 'systemd', 'libgobject-2.0.so.0.8000.0', 'libocrdma-rdmav34.a', 'libvtkRenderingOpenGL2-pv5.11.so.5.11', 'libcom_err.so.2', 'libdav1d.so.7.0.0', 'libXaw7.so.7.0.0', 'libvtkIOAMR-pv5.11.so.5.11', 'liblsan.so.0.0.0', 'libfreetype.so.6.20.1', 'libcjson_utils.so.1', 'libvtkIOSegY-pv5.11.so.1', 'libhdf5_openmpi_hl_cpp.so.100', 'libGLEW.so.2.2.0', 'libvtkRemotingCore-pv5.11.so.1', 'libz.so', 'libvtkm_filter_clean_grid-pv5.11.so.1', 'crti.o', 'libQt5Svg.so.5.15', 'libxcb-dri3.so.0.1.0', 'libadios2_mpi_cxx11_mpi.so.2.9.2', 'libsharpyuv.a', 'libvtkPVClientWeb-pv5.11.so.1', 'libvtkPVVTKExtensionsInteractionStyle-pv5.11.so.5.11', 'libmpi_usempif08-gfortran.so.40.30.0', 'libm.a', 'libvtkParallelDIY-pv5.11.so.5.11', 'fortran', 'libvtkUtilitiesPythonInitializer-pv5.11.so.5.11', 'libevent_openssl.a', 'libanl.so', 'libgdal.so.34.3.8.4', 'e2fsprogs', 'libadios2_mpi_cxx11.so.2.9.2', 'libvtkFiltersImaging-pv5.11.so.1', 'libx265.so.199', 'libbabeltrace-dummy.so.1.0.0', 'libicui18n.so.74.2', 'libvtkFiltersExtraction-pv5.11.so.1', 'libdrm.so.2.125.0', 'libibverbs.a', 'libvtkFiltersHyperTree-pv5.11.so', 'libpcprofile.so', 'libjpegxr.so.1.2', 'libevdev.so.2.3.0', 'libTKXDESTEP.so.7.6.3', 'libwebpmux.so.3.0.13', 'libatomic.so.1.2.0', 'librav1e.so.0', 'libvtkPVVTKExtensionsIOCore-pv5.11.so', 'libvtkIOTRUCHAS-pv5.11.so.1', 'libaec.a', 'libmpi_usempi_ignore_tkr-gfortran.so', 'libQt5Help.so.5.15', 'libvtkIOImage-pv5.11.so.5.11', 'libfakeroot', 'libchromaprint.so.1', 'libvtkIceTCore-pv5.11.so.1', 'libcbor.so.0.10.2', 'libnuma.a', 'libucm.so.0.0.0', 'libjpeg.so.8.2.2', 'libvtkRenderingContext2D-pv5.11.so', 'libzvbi.so.0', 'libQt5Core.so.5.15.13', 'libjxl_threads.so.0.7.0', 'libgomp.so.1', 'libIex-3_1.so.30', 'libnl-3.a', 'libQt5Qml.so.5.15.13', 'libavcodec.so.60', 'libvtkRemotingServerManager-pv5.11.so', 'libappstream.so.5', 'libvtkkissfft-pv5.11.so.1', 'libpcre2-16.so.0']
Executing: /usr/bin/mpicc -c -o /tmp/petsc-oye27d1b/config.libraries/conftest.o -I/tmp/petsc-oye27d1b/config.compilerFlags -I/tmp/petsc-oye27d1b/config.setCompilers -I/tmp/petsc-oye27d1b/config.compilers -I/tmp/petsc-oye27d1b/config.headers -I/tmp/petsc-oye27d1b/config.utilities.cacheDetails -I/tmp/petsc-oye27d1b/config.types -I/tmp/petsc-oye27d1b/config.functions -I/tmp/petsc-oye27d1b/config.utilities.featureTestMacros -I/tmp/petsc-oye27d1b/config.utilities.missing -I/tmp/petsc-oye27d1b/PETSc.options.sharedLibraries -I/tmp/petsc-oye27d1b/PETSc.options.scalarTypes -I/tmp/petsc-oye27d1b/config.packages.MPI -I/tmp/petsc-oye27d1b/config.packages.pthread -I/tmp/petsc-oye27d1b/config.libraries  -fPIC -Wall -Wwrite-strings -Wno-unknown-pragmas -Wno-lto-type-mismatch -Wno-stringop-overflow -fstack-protector -fvisibility=hidden -g -O  /tmp/petsc-oye27d1b/config.libraries/conftest.c 
Successful compile:
Source:
#include "confdefs.h"
#include "conffix.h"
/* Override any gcc2 internal prototype to avoid an error. */
char ddot_();
static void _check_ddot_() { ddot_(); }

int main() {
_check_ddot_();;
  return 0;
}

Executing: /usr/bin/mpicc  -o /tmp/petsc-oye27d1b/config.libraries/conftest    -fPIC -Wall -Wwrite-strings -Wno-unknown-pragmas -Wno-lto-type-mismatch -Wno-stringop-overflow -fstack-protector -fvisibility=hidden -g -O /tmp/petsc-oye27d1b/config.libraries/conftest.o  -Wl,-rpath,/lib/x86_64-linux-gnu -L/lib/x86_64-linux-gnu -llapack.so -Wl,-rpath,/lib/x86_64-linux-gnu -L/lib/x86_64-linux-gnu -lblas.so -lm -lquadmath 
Possible ERROR while running linker: exit code 1
stderr:
/usr/bin/ld: cannot find -llapack.so: No such file or directory
/usr/bin/ld: cannot find -lblas.so: No such file or directory
collect2: error: ld returned 1 exit status
Linker output before filtering:

/usr/bin/ld: cannot find -llapack.so: No such file or directory
/usr/bin/ld: cannot find -lblas.so: No such file or directory
collect2: error: ld returned 1 exit status
Linker output after filtering:
/usr/bin/ld: cannot find -llapack.so: No such file or directory
/usr/bin/ld: cannot find -lblas.so: No such file or directory
collect2: error: ld returned 1 exit status
              Unknown name mangling in BLAS/LAPACK
**** Configure header /tmp/petsc-oye27d1b/confdefs.h ****
#if !defined(INCLUDED_UNKNOWN)
#define INCLUDED_UNKNOWN

#define PETSC_CLANGUAGE_C 1
#define PETSC_CXX_RESTRICT __restrict
#define PETSC_HAVE_ACCESS 1
#define PETSC_HAVE_BZERO 1
#define PETSC_HAVE_C99_COMPLEX 1
#define PETSC_HAVE_CLOCK 1
#define PETSC_HAVE_CUDA_DIALECT_CXX11 1
#define PETSC_HAVE_CUDA_DIALECT_CXX14 1
#define PETSC_HAVE_CUDA_DIALECT_CXX17 1
#define PETSC_HAVE_CUDA_DIALECT_CXX20 1
#define PETSC_HAVE_CXX_ATOMIC 1
#define PETSC_HAVE_CXX_COMPLEX 1
#define PETSC_HAVE_CXX_COMPLEX_FIX 1
#define PETSC_HAVE_CXX_DIALECT_CXX11 1
#define PETSC_HAVE_CXX_DIALECT_CXX14 1
#define PETSC_HAVE_CXX_DIALECT_CXX17 1
#define PETSC_HAVE_CXX_DIALECT_CXX20 1
#define PETSC_HAVE_DLADDR 1
#define PETSC_HAVE_DLCLOSE 1
#define PETSC_HAVE_DLERROR 1
#define PETSC_HAVE_DLFCN_H 1
#define PETSC_HAVE_DLOPEN 1
#define PETSC_HAVE_DLSYM 1
#define PETSC_HAVE_DRAND48 1
#define PETSC_HAVE_DYNAMIC_LIBRARIES 1
#define PETSC_HAVE_ERF 1
#define PETSC_HAVE_EXECUTABLE_EXPORT 1
#define PETSC_HAVE_FCNTL_H 1
#define PETSC_HAVE_FENV_H 1
#define PETSC_HAVE_FE_VALUES 1
#define PETSC_HAVE_FLOAT_H 1
#define PETSC_HAVE_FORK 1
#define PETSC_HAVE_GETCWD 1
#define PETSC_HAVE_GETDOMAINNAME 1
#define PETSC_HAVE_GETHOSTBYNAME 1
#define PETSC_HAVE_GETHOSTNAME 1
#define PETSC_HAVE_GETPAGESIZE 1
#define PETSC_HAVE_GETRUSAGE 1
#define PETSC_HAVE_IMMINTRIN_H 1
#define PETSC_HAVE_INTTYPES_H 1
#define PETSC_HAVE_ISINF 1
#define PETSC_HAVE_ISNAN 1
#define PETSC_HAVE_ISNORMAL 1
#define PETSC_HAVE_LGAMMA 1
#define PETSC_HAVE_LOG2 1
#define PETSC_HAVE_LSEEK 1
#define PETSC_HAVE_MALLOC_H 1
#define PETSC_HAVE_MEMMOVE 1
#define PETSC_HAVE_MKSTEMP 1
#define PETSC_HAVE_MMAP 1
#define PETSC_HAVE_MPIEXEC_ENVIRONMENTAL_VARIABLE OMP
#define PETSC_HAVE_MPIIO 1
#define PETSC_HAVE_MPI_COMBINER_CONTIGUOUS 1
#define PETSC_HAVE_MPI_COMBINER_DUP 1
#define PETSC_HAVE_MPI_COMBINER_NAMED 1
#define PETSC_HAVE_MPI_F90MODULE_VISIBILITY 1
#define PETSC_HAVE_MPI_GET_ACCUMULATE 1
#define PETSC_HAVE_MPI_GET_LIBRARY_VERSION 1
#define PETSC_HAVE_MPI_INIT_THREAD 1
#define PETSC_HAVE_MPI_INT64_T 1
#define PETSC_HAVE_MPI_LONG_DOUBLE 1
#define PETSC_HAVE_MPI_NEIGHBORHOOD_COLLECTIVES 1
#define PETSC_HAVE_MPI_NONBLOCKING_COLLECTIVES 1
#define PETSC_HAVE_MPI_ONE_SIDED 1
#define PETSC_HAVE_MPI_PROCESS_SHARED_MEMORY 1
#define PETSC_HAVE_MPI_REDUCE_LOCAL 1
#define PETSC_HAVE_MPI_REDUCE_SCATTER_BLOCK 1
#define PETSC_HAVE_MPI_RGET 1
#define PETSC_HAVE_MPI_WIN_CREATE 1
#define PETSC_HAVE_NANOSLEEP 1
#define PETSC_HAVE_NETDB_H 1
#define PETSC_HAVE_NETINET_IN_H 1
#define PETSC_HAVE_OMPI_MAJOR_VERSION 4
#define PETSC_HAVE_OMPI_MINOR_VERSION 1
#define PETSC_HAVE_OMPI_RELEASE_VERSION 6
#define PETSC_HAVE_POPEN 1
#define PETSC_HAVE_POSIX_MEMALIGN 1
#define PETSC_HAVE_PWD_H 1
#define PETSC_HAVE_RAND 1
#define PETSC_HAVE_READLINK 1
#define PETSC_HAVE_REALPATH 1
#define PETSC_HAVE_REAL___FLOAT128 1
#define PETSC_HAVE_RTLD_GLOBAL 1
#define PETSC_HAVE_RTLD_LAZY 1
#define PETSC_HAVE_RTLD_LOCAL 1
#define PETSC_HAVE_RTLD_NOW 1
#define PETSC_HAVE_SETJMP_H 1
#define PETSC_HAVE_SLEEP 1
#define PETSC_HAVE_SNPRINTF 1
#define PETSC_HAVE_SOCKET 1
#define PETSC_HAVE_STDATOMIC_H 1
#define PETSC_HAVE_STDINT_H 1
#define PETSC_HAVE_STRCASECMP 1
#define PETSC_HAVE_STRINGS_H 1
#define PETSC_HAVE_STRUCT_SIGACTION 1
#define PETSC_HAVE_SYS_PARAM_H 1
#define PETSC_HAVE_SYS_PROCFS_H 1
#define PETSC_HAVE_SYS_RESOURCE_H 1
#define PETSC_HAVE_SYS_SOCKET_H 1
#define PETSC_HAVE_SYS_TIMES_H 1
#define PETSC_HAVE_SYS_TIME_H 1
#define PETSC_HAVE_SYS_TYPES_H 1
#define PETSC_HAVE_SYS_UTSNAME_H 1
#define PETSC_HAVE_SYS_WAIT_H 1
#define PETSC_HAVE_TGAMMA 1
#define PETSC_HAVE_TIME 1
#define PETSC_HAVE_TIME_H 1
#define PETSC_HAVE_UNAME 1
#define PETSC_HAVE_UNISTD_H 1
#define PETSC_HAVE_USLEEP 1
#define PETSC_HAVE_VA_COPY 1
#define PETSC_HAVE_VSNPRINTF 1
#define PETSC_IS_COLORING_MAX USHRT_MAX
#define PETSC_IS_COLORING_VALUE_TYPE short
#define PETSC_IS_COLORING_VALUE_TYPE_F integer2
#define PETSC_LEVEL1_DCACHE_LINESIZE 64
#define PETSC_MAX_PATH_LEN 4096
#define PETSC_MEMALIGN 16
#define PETSC_MPIU_IS_COLORING_VALUE_TYPE MPI_UNSIGNED_SHORT
#define PETSC_OMAKE "/usr/bin/gmake --no-print-directory"
#define PETSC_PYTHON_EXE "/usr/bin/python3"
#define PETSC_SIGNAL_CAST  
#define PETSC_SIZEOF_INT 4
#define PETSC_SIZEOF_LONG 8
#define PETSC_SIZEOF_LONG_LONG 8
#define PETSC_SIZEOF_SIZE_T 8
#define PETSC_SIZEOF_VOID_P 8
#define PETSC_USE_AVX512_KERNELS 1
#define PETSC_USE_BACKWARD_LOOP 1
#define PETSC_USE_CTABLE 1
#define PETSC_USE_DEBUGGER "gdb"
#define PETSC_USE_DMLANDAU_2D 1
#define PETSC_USE_INFO 1
#define PETSC_USE_LOG 1
#define PETSC_USE_MALLOC_COALESCED 1
#define PETSC_USE_PROC_FOR_SIZE 1
#define PETSC_USE_REAL_DOUBLE 1
#define PETSC_USE_SHARED_LIBRARIES 1
#define PETSC_USE_VISIBILITY_C 1
#define PETSC_USE_VISIBILITY_CXX 1
#define PETSC_USING_64BIT_PTR 1
#define PETSC__BSD_SOURCE 1
#define PETSC__DEFAULT_SOURCE 1
#define PETSC__GNU_SOURCE 1
#endif
**** C specific Configure header /tmp/petsc-oye27d1b/conffix.h ****
#if !defined(INCLUDED_UNKNOWN)
#define INCLUDED_UNKNOWN

#if defined(__cplusplus)
extern "C" {
}
#else
#endif
#endif
*********************************************************************************************
           UNABLE to CONFIGURE with GIVEN OPTIONS (see configure.log for details):
---------------------------------------------------------------------------------------------
  You set a value for --with-blaslapack-lib=<lib>, but
  ['/lib/x86_64-linux-gnu/liblapack.so.3', '/lib/x86_64-linux-gnu/libblas.so.3'] cannot be
  used
*********************************************************************************************
  File "/home/lzy/projects/formal_3D_flow_solver/FEM_SimVascular/external/dependencies/sv1_1/petsc-3.19.6/config/configure.py", line 462, in petsc_configure
    framework.configure(out = sys.stdout)
  File "/home/lzy/projects/formal_3D_flow_solver/FEM_SimVascular/external/dependencies/sv1_1/petsc-3.19.6/config/BuildSystem/config/framework.py", line 1438, in configure
    self.processChildren()
  File "/home/lzy/projects/formal_3D_flow_solver/FEM_SimVascular/external/dependencies/sv1_1/petsc-3.19.6/config/BuildSystem/config/framework.py", line 1426, in processChildren
    self.serialEvaluation(self.childGraph)
  File "/home/lzy/projects/formal_3D_flow_solver/FEM_SimVascular/external/dependencies/sv1_1/petsc-3.19.6/config/BuildSystem/config/framework.py", line 1401, in serialEvaluation
    child.configure()
  File "/home/lzy/projects/formal_3D_flow_solver/FEM_SimVascular/external/dependencies/sv1_1/petsc-3.19.6/config/BuildSystem/config/package.py", line 1273, in configure
    self.executeTest(self.configureLibrary)
  File "/home/lzy/projects/formal_3D_flow_solver/FEM_SimVascular/external/dependencies/sv1_1/petsc-3.19.6/config/BuildSystem/config/base.py", line 138, in executeTest
    ret = test(*args,**kargs)
          ^^^^^^^^^^^^^^^^^^^
  File "/home/lzy/projects/formal_3D_flow_solver/FEM_SimVascular/external/dependencies/sv1_1/petsc-3.19.6/config/BuildSystem/config/packages/BlasLapack.py", line 500, in configureLibrary
    for (name, self.blasLibrary, self.lapackLibrary, self.known64, self.usesopenmp) in self.generateGuesses():
  File "/home/lzy/projects/formal_3D_flow_solver/FEM_SimVascular/external/dependencies/sv1_1/petsc-3.19.6/config/BuildSystem/config/packages/BlasLapack.py", line 207, in generateGuesses
    raise RuntimeError('You set a value for --with-blaslapack-lib=<lib>, but '+str(self.argDB['with-blaslapack-lib'])+' cannot be used\n')
================================================================================
Finishing configure run at Fri, 18 Sep 2026 21:35:33 +0200
================================================================================
