iteration,time_s,rho_min,rho_max,rho_mean,u_max_m_s,Mach_max,mean_speed_m_s,total_mass,control_volume_mass,relative_mass_drift,BOUNDARY_PROFILE_Q_TARGET,Qin_2dx,Qin_2dx_dx2,Qin_4dx,Qin_4dx_dx2,Qin_6dx,Qin_6dx_dx2,Qout01_2dx,Qout01_2dx_dx2,Qout01_4dx,Qout01_4dx_dx2,Qout01_6dx,Qout01_6dx_dx2,Qout02_2dx,Qout02_2dx_dx2,Qout02_4dx,Qout02_4dx_dx2,Qout02_6dx,Qout02_6dx_dx2,Qout03_2dx,Qout03_2dx_dx2,Qout03_4dx,Qout03_4dx_dx2,Qout03_6dx,Qout03_6dx_dx2,mass_outward_g0,mass_outward_g1,mass_outward_g2,mass_outward_g3,mass_outward_g4,mass_outward_g5,mass_outward_g6,mass_outward_g7,mass_outward_g8,mass_outward_g9,mass_outward_g10,mass_outward_g11,mass_outward_g12,mass_outward_g13,mass_outward_g14,mass_outward_g15,mass_outward_g16,mass_outward_g17,mass_outward_g18,mass_outward_g19,mass_outward_g20,mass_outward_g21,mass_outward_g22,mass_outward_g23,instantaneous_flow_closure,control_volume_mass_balance,ghost_rho_min,ghost_rho_max,ghost_Mach_max
0,0,1,1,1,0,0,0,1.5410660249870046e-12,1.5229218438986982e-12,0,0,-0,-0,-0,-0,-0,-0,0,0,0,0,0,0,0,0,0,0,0,0,0,0,0,0,0,0,0,0,0,0,0,0,0,0,0,0,0,0,0,0,0,0,0,0,0,0,0,0,0,0,0,,1,1,0
1,2.0366810646671923e-09,1,1,1,0,0,0,1.5410660249870046e-12,1.5229218438986982e-12,0,2.7369132390905706e-16,-0,-0,-0,-0,-0,-0,0,0,0,0,0,0,0,0,0,0,0,0,0,0,0,0,0,0,0,0,0,0,0,0,0,0,0,0,0,0,0,0,0,0,0,0,0,0,0,0,0,0,0,0,0.99999959596239174,1.000003898771286,7.0217500940891098e-07
2,4.0733621293343846e-09,0.99999986532079721,1.0000012995904286,1.0000000006423702,7.9543866198702657e-05,1.4037162728107312e-06,6.5672948909185292e-08,1.5410660259769396e-12,1.5229218438986982e-12,6.4237031140707358e-10,5.4738264781811412e-16,-2.1896832073602023e-21,-2.2028201549349643e-21,-0,-0,-0,-0,-4.3392218639844541e-19,-4.3168237477898434e-19,2.371917401360604e-21,2.382306301703148e-21,0,0,-1.9439621837943553e-18,-1.9346197340029074e-18,3.476248847630152e-20,3.506080303919852e-20,0,0,2.9689379726479582e-20,2.9603984562864012e-20,-4.020231383534535e-22,-4.0275735068896527e-22,0,0,2.3123055054139698e-18,2.3261781222001756e-18,0,0,0,0,-4.5822182984361527e-16,-4.5585658877369708e-16,2.5047447758369961e-18,2.5157154545987767e-18,0,0,-2.0528240966548666e-15,-2.0429584695027643e-15,3.670918783097439e-17,3.7024208009393681e-17,0,0,3.1351985022243216e-17,3.1261807729934462e-17,-4.2453643410124687e-19,-4.2531176232754666e-19,0,0,13421098.708819216,0.97857957462166045,0.99999919192478337,1.0000077975425721,1.7543973427780241e-06
3,6.1100431940015769e-09,0.99999963818779214,1.0000034690954096,1.0000000022294027,0.00019359726445555508,3.4164247160057894e-06,1.9638650276668556e-07,1.5410660284226613e-12,1.5229218438985033e-12,2.2294026681759636e-09,8.2107397172717104e-16,8.817889899246012e-17,8.8177603671733225e-17,-2.091988221161916e-19,-2.0917171769699125e-19,2.2178523466028433e-22,2.221781079419307e-22,-8.1035820791894384e-18,-8.0988157478351839e-18,1.6858398083857203e-20,1.6882254378085056e-20,5.9385431780859781e-23,5.9751452649198557e-23,-7.327422224417312e-17,-7.3252474037448975e-17,2.6587870102341397e-19,2.6656400265686633e-19,3.9704275076109096e-24,3.5646374323071983e-24,1.0048858483014863e-17,1.0048859975803595e-17,-3.0295217020828662e-20,-3.0326640318042061e-20,3.9159354178174624e-23,3.9004109762941272e-23,-9.3116929123553354e-14,-9.3115561264888659e-14,2.2091395590489537e-16,2.2088533363815257e-16,-2.3420520780125999e-19,-2.3462008198667913e-19,-8.5573828610933672e-15,-8.5523496149526237e-15,1.7802468378934437e-17,1.7827660625649122e-17,6.2711015960466593e-20,6.3097533997430417e-20,-7.7377593955010542e-14,-7.735462783697492e-14,2.8076790828628405e-16,2.8149158681167653e-16,4.1927714552521143e-21,3.7642571359467492e-21,1.0611594293823508e-14,1.0611595870243529e-14,-3.1991749179261265e-17,-3.2024932181146533e-17,4.1352278012168027e-20,4.1188339909681624e-20,2.2067079514732311,0.90467606078338814,0.99999878788717511,1.0000116963138581,4.2130930202909042e-06
4,8.1467242586687691e-09,0.99999934935299384,1.0000060854556667,1.0000000048686777,0.00033497527167922452,5.911332480001986e-06,4.0119455414575977e-07,1.5410660324899584e-12,1.5229218438974421e-12,4.8686777473593403e-09,1.0947652956362282e-15,2.0506189624883283e-16,2.0505845899001527e-16,-3.9317305987342345e-19,-3.9303835686231005e-19,4.9554443619000148e-21,4.9609904862331483e-21,-2.7167142520618164e-17,-2.7162575039212222e-17,-3.7770281818555627e-19,-3.7740995819610637e-19,2.137116819820675e-21,2.1367355019215897e-21,-2.4625500570451338e-16,-2.4623834085624948e-16,-1.5256431129428559e-18,-1.5248588246003877e-18,2.6226151218788709e-20,2.6275373477439826e-20,3.2361093428714546e-17,3.2361897435990428e-17,-2.6921219169284604e-20,-2.6931813308574182e-20,-2.724478449017829e-22,-2.6980187047481481e-22,-2.165454435231501e-13,-2.1654181377748568e-13,4.1519075273912904e-16,4.1504850635666364e-16,-5.2329492460449714e-18,-5.2388059533404725e-18,-2.8688504903261463e-14,-2.8683681641761984e-14,-3.9885417643899653e-16,-3.9854491628929697e-16,2.256795361680666e-18,2.2563926899790842e-18,-2.6004548775522799e-13,-2.6002788960616486e-13,-1.6110791383621136e-15,-1.6102509298622502e-15,2.7694815679711293e-17,2.7746794384834789e-17,3.4173311618185653e-14,3.4174160649991633e-14,-2.8428807420540204e-17,-2.8439994831445817e-17,-2.8770492423468196e-19,-2.8491077523969689e-19,3.9094593381324736,1.2291594609552132,0.99999838384956674,1.0000155950851441,7.138246373774688e-06
5,1.0183405323335961e-08,0.9999990187261415,1.0000090317256971,1.0000000086794936,0.00049494893323551907,8.7343990805961314e-06,6.8136045061598592e-07,1.5410660383626774e-12,1.5229218439122375e-12,8.6794937105969923e-09,1.3684566195452852e-15,3.7281585939778341e-16,3.728099308762057e-16,3.6007850528044123e-17,3.6007877114915471e-17,-1.5521384399326988e-19,-1.5529217723886454e-19,-5.7565613154238925e-17,-5.7562934903738379e-17,-3.5691622822742739e-18,-3.5685245272900979e-18,4.0993235077375916e-21,4.0784165837023844e-21,-5.1986137709484092e-16,-5.1986180841105733e-16,-2.9820349573741674e-17,-2.9820937519664091e-17,1.6982351083298449e-19,1.6998940847997249e-19,6.6954580888222482e-17,6.6956993242621312e-17,3.9496394706059974e-18,3.9500186804820251e-18,-2.5331136699891167e-20,-2.5308497673015825e-20,-3.9369383244818278e-13,-3.9368757192723615e-13,-3.8024292210310919e-14,-3.8024320285991989e-14,1.6390581913844881e-16,1.6398853904577538e-16,-6.0789299367077709e-14,-6.0786471132089505e-14,-3.7690354081685074e-15,-3.7683619388882102e-15,4.3288856237250679e-18,4.3068079119434646e-18,-5.4897460412745461e-13,-5.4897505942293662e-13,-3.1490291930501378e-14,-3.1490912801817655e-14,1.7933362727320026e-16,1.7950881518833763e-16,7.0704023395196549e-14,7.0706570841464582e-14,4.1708192400260359e-15,4.1712196856600068e-15,-2.6749680358582566e-17,-2.6725773546198277e-17,1.8175959395988155,1.3572773007418688,0.99999797981195848,1.0000194938564304,1.0337917448162072e-05
6,1.2220086388003154e-08,0.99999865869342197,1.0000122016506114,1.0000000137228717,0.00066976683670286858,1.1819423075567304e-05,1.0395135134986944e-06,1.541066046134856e-12,1.5229218440771976e-12,1.37228717412673e-08,1.6421479434543421e-15,5.5673086481359445e-16,5.5672227469595347e-16,9.636995016858459e-17,9.6369800762826289e-17,-3.3549163771598502e-19,-3.3582966396032128e-19,-9.8094289454896842e-17,-9.8094981665948259e-17,-1.2318963435306891e-17,-1.2318207030534227e-17,-2.290163799114751e-19,-2.2908106550726695e-19,-8.8413170120304327e-16,-8.8415900165331563e-16,-1.0877497036935256e-16,-1.0877660634966317e-16,-9.1150213885954852e-19,-9.1191212378269209e-19,1.1251661343565354e-16,1.1252112347183795e-16,1.429190384723848e-17,1.4293220464474232e-17,-3.9492487563539268e-20,-3.9452201372307688e-20,-5.8790847225978802e-13,-5.8789940108874266e-13,-1.0176668540175044e-13,-1.0176652762885858e-13,3.5427916915985057e-16,3.5463612487449547e-16,-1.0358760646987328e-13,-1.035883374414812e-13,-1.3008825891386991e-14,-1.3008027127839561e-14,-2.4184129734161188e-16,-2.419096053307109e-16,-9.3364613158876131e-13,-9.3367496058814876e-13,-1.1486640938726252e-13,-1.148681369865363e-13,-9.6254626319886777e-16,-9.6297920727324574e-16,1.1881750190605038e-13,1.1882226450357764e-13,1.5092249867887297e-14,1.5093640215687442e-14,-4.1704066885177704e-17,-4.1661524667155183e-17,2.1082503391418905,0.6670772383120569,0.99999757577435022,1.0000233926277164,1.3700777863720728e-05
7,1.4256767452670347e-08,0.99999827862967083,1.000015526812267,1.000000020053889,0.00085632730172817645,1.5111668890788103e-05,1.4753730117286795e-06,1.5410660558913715e-12,1.522921844583852e-12,2.0053888970415869e-08,1.915839267363399e-15,7.6845001496537117e-16,7.6843895535685386e-16,1.9850013103462125e-16,1.9849950138240519e-16,1.475292950989408e-17,1.4752128899607503e-17,-1.469656377128483e-16,-1.4697046445476938e-16,-2.8424577487486469e-17,-2.8424126609586199e-17,-1.6571130608879045e-18,-1.6571830519992763e-18,-1.3229610388914723e-15,-1.3230186898004176e-15,-2.5395958077647265e-16,-2.5396170254857665e-16,-1.2741164909156903e-17,-1.2742323723195116e-17,1.6722965395452488e-16,1.6723661975071347e-16,3.309578648447755e-17,3.3098640625708276e-17,1.5412138199110724e-18,1.5412545602214363e-18,-8.1148455143629088e-13,-8.1147287247438244e-13,-2.096162188854918e-13,-2.0961555397108695e-13,-1.5579093918369106e-14,-1.557824847390637e-14,-1.5519580003310854e-13,-1.5520089707002113e-13,-3.0016356732433578e-14,-3.0015880605036339e-14,-1.7499114006882656e-15,-1.749985311302102e-15,-1.3970540297128626e-12,-1.3971149087641009e-12,-2.6818155562876228e-13,-2.6818379623556833e-13,-1.3454670679480767e-14,-1.345589438722121e-14,1.7659441800432009e-13,1.7660177388263832e-13,3.4949147117623661e-14,3.4952161090667716e-14,1.627521787412847e-15,1.6275648091808258e-15,2.25585998598662,0.39882256509890768,0.99999717173674185,1.0000272913990025,1.7135181440609534e-05
8,1.6293448517337538e-08,0.99999788444015081,1.0000189577198617,1.000000027698722,0.0010526632446470425,1.85764232607152e-05,1.9892129811996545e-06,1.5410660676725639e-12,1.5229218456642644e-12,2.7698721951441765e-08,2.1895305912724565e-15,9.8703776321598926e-16,9.8702453206770894e-16,3.2384761761031629e-16,3.2384643338336243e-16,4.488788210972062e-17,4.488624068355463e-17,-2.0249616739311481e-16,-2.0250563940248752e-16,-5.2586503963461122e-17,-5.2586850779639548e-17,-5.7766279599502968e-18,-5.7763825890569932e-18,-1.82161585945524e-15,-1.8217046130555872e-15,-4.715721622851768e-16,-4.7157406999063498e-16,-4.8949292153499544e-17,-4.8950139694605478e-17,2.2936033100693133e-16,2.293698368386026e-16,6.0824103029255702e-17,6.0829075407164628e-17,6.2718366146506295e-18,6.271873366623141e-18,-1.042314155155971e-12,-1.0423001830355435e-12,-3.4198331282976377e-13,-3.4198206228186075e-13,-4.7401607416903547e-14,-4.7399874070886166e-14,-2.1383612322688833e-13,-2.1384612566935641e-13,-5.5531358734400428e-14,-5.5531724971616737e-14,-6.1001192371534486e-15,-6.0998601254913961e-15,-1.9236404498213645e-12,-1.9237341734113624e-12,-4.9798107070206282e-13,-4.9798308527702968e-13,-5.1690460907383449e-14,-5.1691355911964449e-14,2.4220432159373248e-13,2.4221435974645345e-13,6.423024064458004e-14,6.4235491475184702e-14,6.6230593494543923e-15,6.6230981595363038e-15,2.4307178377236349,0.25573581586186112,0.99999676769913359,1.0000311901702885,2.0584511015639341e-05
9,1.833012958200473e-08,0.99999748082261608,1.0000226171125621,1.0000000366795321,0.0012569986035063062,2.2182343893550205e-05,2.5797458240095709e-06,1.5410660815125854e-12,1.5229218475438637e-12,3.6679532162027574e-08,2.4632219151815132e-15,1.2211681082321576e-15,1.2211531653837116e-15,4.8116772148991095e-16,4.8116571349357679e-16,1.0275447913485769e-16,1.0275172024971084e-16,-2.6316444579899082e-16,-2.6317873936440185e-16,-8.4629515426313901e-17,-8.4631109427132284e-17,-1.4135515218490596e-17,-1.4134491883563535e-17,-2.3663003862299755e-15,-2.3664181520107156e-15,-7.5989322607993393e-16,-7.5989459049506778e-16,-1.2331364323119602e-16,-1.2331170879760718e-16,2.9724059875505099e-16,2.9725264403777218e-16,9.7411746991367924e-17,9.7419334848532393e-17,1.603760571173849e-17,1.6037668363666775e-17,-1.2895570787009902e-12,-1.2895412990092878e-12,-5.081136342987851e-13,-5.0811151384586749e-13,-1.0850875139247906e-13,-1.0850583800985339e-13,-2.7790195109490766e-13,-2.7791704510666097e-13,-8.9368796855429448e-14,-8.9370480119361386e-14,-1.4927104786235614e-14,-1.492602414453901e-14,-2.4988377092811209e-12,-2.4989620699875962e-12,-8.024495940551369e-13,-8.0245103495023583e-13,-1.3021926374039901e-13,-1.3021722098280512e-13,3.1388574776420351e-13,3.1389846757269861e-13,1.0286677236097279e-13,1.0287478513673144e-13,1.6935710830481586e-14,1.6935776990907985e-14,2.5527038933565396,0.17525338004486776,0.99999636366152522,1.0000350889415746,2.4006377637395523e-05
10,2.0366810646671921e-08,0.99999707053198339,1.0000266064828791,1.0000000470028465,0.0014681351124560119,2.5908284906485082e-05,3.2461323252782287e-06,1.5410660974214944e-12,1.522921850431907e-12,4.7002846540918381e-08,2.7369132390905703e-15,1.4575130713715348e-15,1.457496885331663e-15,6.5361670404014064e-16,6.53613813041567e-16,1.8228587773914516e-16,1.822816701231543e-16,-3.2772118766682624e-16,-3.2774034964565272e-16,-1.2385030267700481e-16,-1.238535116280515e-16,-2.7923502367697442e-17,-2.7921065078672474e-17,-2.9458703133846308e-15,-2.9460142409250675e-15,-1.1128055419516577e-15,-1.1128065962739126e-15,-2.4631895547236322e-16,-2.463107952592343e-16,3.6954897254034225e-16,3.6956340104188786e-16,1.4200907363313409e-16,1.4201968051755226e-16,3.1970040917411938e-17,3.1970213029428352e-17,-1.539138975036357e-12,-1.5391218825166931e-12,-6.9022023231651994e-13,-6.9021717940683041e-13,-1.924939585557254e-13,-1.924895153134117e-13,-3.4607404486939299e-13,-3.4609427993520999e-13,-1.3078598296920687e-13,-1.3078937162068238e-13,-2.9487221445238085e-14,-2.9484647667897448e-14,-3.1108779546879037e-12,-3.1110299426363282e-12,-1.1751278543316462e-12,-1.1751289678161117e-12,-2.6011305328946494e-13,-2.6010443611256281e-13,3.9024320167309743e-13,3.9025843815474249e-13,1.4996151047468037e-13,1.4997271134133493e-13,3.3760359861291619e-14,3.376054161153965e-14,2.6747533596208437,0.12536264334221858,0.99999595962391696,1.0000389877128606,2.7377311722096892e-05
11,2.2403491711339116e-08,0.99999665587005437,1.000030669249611,1.000000058673975,0.0016850180928097414,2.9735634309614615e-05,3.9865771937277875e-06,1.5410661154074742e-12,1.5229218545056853e-12,5.8673975146637876e-08,2.7369132390905703e-15,1.7031201804561499e-15,1.7031032230972644e-15,8.4739701636341401e-16,8.4739296582145152e-16,2.904068376037531e-16,2.9040109089731434e-16,-3.951397860678735e-16,-3.95163715234168e-16,-1.6930370956548756e-16,-1.6930878148797826e-16,-4.7815319713812133e-17,-4.7810841298832478e-17,-3.5509540728437752e-15,-3.5511205746589067e-15,-1.5217399315908741e-15,-1.521741242201338e-15,-4.2383669054772245e-16,-4.2381842651399466e-16,4.4510898498842922e-16,4.4512560697451766e-16,1.9365244545764011e-16,1.9366635461861367e-16,5.4879949773571092e-17,5.4880362645544695e-17,-1.798502075358719e-12,-1.7984841683080323e-12,-8.9485295123194361e-13,-8.9484867383567443e-13,-3.0666980792265314e-13,-3.0666373940089625e-13,-4.1726831255127988e-13,-4.1729358178007735e-13,-1.7878483903619959e-13,-1.7879019498631485e-13,-5.0492986615863784e-14,-5.0488257409115931e-14,-3.7498652097290347e-12,-3.7500410366917983e-12,-1.6069673612393207e-12,-1.6069687454249132e-12,-4.4757227164356414e-13,-4.4755298482959436e-13,4.7003432861403988e-13,4.7005188140808548e-13,2.044968463185579e-13,2.0451153438602033e-13,5.7953216713139103e-14,5.7953652705814811e-14,2.7670479914181709,0.09340121453019512,0.99999595962391696,1.0000389877128606,3.0682064193399696e-05
12,2.4440172776006307e-08,0.99999637278411546,1.0000337750509027,1.0000000710469883,0.0018293330700837307,3.2282370993292605e-05,4.7349065008971236e-06,1.5410661344751043e-12,1.5229218599134412e-12,7.1046988234161355e-08,2.7369132390905703e-15,1.9489237147818045e-15,1.9489064235042e-15,1.0493791893114245e-15,1.0493738668836389e-15,4.1773025503796954e-16,4.177229165038747e-16,-4.6417669197216665e-16,-4.6420746897425084e-16,-2.1998722995672058e-16,-2.1999432936969854e-16,-7.3974411086344486e-17,-7.396727891493942e-17,-4.1722736994301328e-15,-4.1724687743327767e-15,-1.9777256516827092e-15,-1.9777284490584545e-15,-6.5736074110955196e-16,-6.5732866292870214e-16,5.2302930638052312e-16,5.2304793523226093e-16,2.5118139028366607e-16,2.5119877793510461e-16,8.4834973686008387e-17,8.483580160826354e-17,-2.0580729645110021e-12,-2.0580547048248835e-12,-1.1081470887854159e-12,-1.1081414682669611e-12,-4.4112355008082674e-13,-4.4111580058884187e-13,-4.9017156852476677e-13,-4.9020406909128389e-13,-2.3230672521331402e-13,-2.3231422219519964e-13,-7.8117000359633871e-14,-7.8109468785124799e-14,-4.4060021645257335e-12,-4.4062081656886106e-12,-2.0884955557686745e-12,-2.0884985100582248e-12,-6.9417474399873435e-13,-6.9414086942169823e-13,5.5231788074370953e-13,5.5233755277924966e-13,2.6524731407551812e-13,2.6526567542392367e-13,8.9585706937586066e-14,8.9586581223155412e-14,2.8549362434307732,0.071990352014198344,0.99999595962391696,1.0000389877128606,3.2700678649173711e-05
13,2.6476853840673499e-08,0.9999961802604046,1.0000361002021929,1.0000000838164596,0.0019421485467105899,3.4273233745304567e-05,5.4883953414526059e-06,1.5410661541537028e-12,1.5229218667732908e-12,8.3816459613577192e-08,2.7369132390905703e-15,2.1125252614945247e-15,2.112509254189562e-15,1.2653771379196568e-15,1.2653701902730526e-15,5.6819322295301401e-16,5.6818449398489337e-16,-5.2738538646618627e-16,-5.2742307872339294e-16,-2.749592935222217e-16,-2.7496847418858964e-16,-1.0617576576381011e-16,-1.0616548501311691e-16,-4.7364531588339706e-15,-4.7366766384905084e-15,-2.472193033664671e-15,-2.472198344399791e-15,-9.4489872140278901e-16,-9.4484962177797832e-16,5.9259057648395458e-16,5.9261076572408925e-16,3.1357997028366217e-16,3.1360093346733407e-16,1.2163436786715832e-16,1.2163581090076667e-16,-2.2308381850965815e-12,-2.230821281278869e-12,-1.3362421864339054e-12,-1.336234849670854e-12,-6.0001279979610249e-13,-6.0000358200526166e-13,-5.5692026376831483e-13,-5.5696006687793358e-13,-2.9035734921034682e-13,-2.9036704399886879e-13,-1.1212165572704569e-13,-1.1211079925090477e-13,-5.0018014615783483e-12,-5.0020374597764724e-12,-2.6106633588835337e-12,-2.6106689673814073e-12,-9.9781686679194767e-13,-9.9776501750384761e-13,6.2577424872474205e-13,6.2579556852082956e-13,3.3114007692738897e-13,3.3116221403073487e-13,1.2844583915870591e-13,1.2844736300145398e-13,2.9231992454867211,0.057323920440955897,0.99999595962391696,1.0000389877128606,3.4360836987442526e-05
14,2.8513534905340694e-08,0.99999604819283516,1.0000378324725139,1.0000000968663467,0.0020312566546177848,3.5845730872817135e-05,6.237065540962281e-06,1.5410661742644406e-12,1.5229218751794273e-12,9.6866346795464019e-08,2.7369132390905703e-15,2.2468394195228052e-15,2.2468258506920545e-15,1.4852683168770638e-15,1.4852594813795587e-15,7.3225619855361957e-16,7.3224629828904559e-16,-5.8010712999665947e-16,-5.801487758055386e-16,-3.3294618206352061e-16,-3.3295769074683223e-16,-1.4393573917566721e-16,-1.4392191682311315e-16,-5.2066496643678412e-15,-5.2068813858921524e-15,-2.9951437182499169e-15,-2.9951522306118174e-15,-1.2822182531998372e-15,-1.282149723584095e-15,6.5096320789065215e-16,6.5098393175119978e-16,3.7978901429193111e-16,3.7981348424207863e-16,1.64668649403796e-16,1.6467091668366694e-16,-2.3726756751580532e-12,-2.372661346373795e-12,-1.568448835131481e-12,-1.5684395047821149e-12,-7.7326382851091143e-13,-7.7325337382998331e-13,-6.1259473309351944e-13,-6.1263871118226106e-13,-3.5159166872193621e-13,-3.5160382190143744e-13,-1.5199622904671094e-13,-1.5198163263578264e-13,-5.4983542380943655e-12,-5.4985989411304592e-12,-3.1629128708872079e-12,-3.1629218604199044e-12,-1.3540296563985771e-12,-1.3539572889071896e-12,6.8741542119039616e-13,6.8743730553747125e-13,4.0105664483797862e-13,4.0108248507726338e-13,1.7388999390111531e-13,1.7389238814716787e-13,2.9850291375100664,0.046627350297184782,0.99999595962391696,1.0000389877128606,3.5830701912983697e-05
15,3.0550215970007882e-08,0.99999595739032532,1.0000391097722741,1.0000001100700202,0.0021060433611879512,3.7165497210805068e-05,6.9774811462216106e-06,1.5410661946121733e-12,1.5229218851869045e-12,1.1007002032763868e-07,2.7369132390905703e-15,2.3344570770472745e-15,2.3344464955149997e-15,1.6777511324457631e-15,1.6777402602243064e-15,9.1327147132785611e-16,9.1326089265624969e-16,-6.2200700270245363e-16,-6.2205066108726253e-16,-3.9082662340856522e-16,-3.9084046248524882e-16,-1.8663324571244636e-16,-1.8661560441716229e-16,-5.5802602065733764e-15,-5.5804858531808852e-15,-3.5153062215251342e-15,-3.5153172226265201e-15,-1.6638721921479246e-15,-1.6637825863228573e-15,6.9768248127618424e-16,6.9770264465982108e-16,4.4503484584004937e-16,4.4506236575513508e-16,2.1329641593430848e-16,2.1329969804017945e-16,-2.4652012640190545e-12,-2.4651900898386779e-12,-1.7717123403254012e-12,-1.7717008591799007e-12,-9.6441669757118301e-13,-9.6440552649138177e-13,-6.5684127907384824e-13,-6.5688738246431865e-13,-4.1271361671096696e-13,-4.1272823079321141e-13,-1.9708485911505565e-13,-1.970662298956877e-13,-5.8929099502748273e-12,-5.8931482391869908e-12,-3.7122210505228051e-12,-3.7122326682481889e-12,-1.7570613547045198e-12,-1.7569667305129555e-12,7.3675067609210717e-13,7.3677196857101902e-13,4.6995602221888709e-13,4.699850832098436e-13,2.2524084450124394e-13,2.2524431040231013e-13,3.0629388543747784,0.033059033064284107,0.99999595962391696,1.0000389877128606,3.7163952033869995e-05
16,3.2586897034675077e-08,0.99999589582214288,1.0000400335334223,1.0000001233556983,0.0021730054595867419,3.8347182131036785e-05,7.7053812552449274e-06,1.5410662150862802e-12,1.5229218967162097e-12,1.2335569829881202e-07,2.7369132390905703e-15,2.405084133802187e-15,2.4050768759151356e-15,1.8478851852326941e-15,1.8478721191566696e-15,1.1028409332492207e-15,1.1028302179683104e-15,-6.5398611152277244e-16,-6.5403005754429206e-16,-4.4521872801158793e-16,-4.452345743761829e-16,-2.3336537974924126e-16,-2.3334374904549297e-16,-5.8644760058406253e-15,-5.8646840620311115e-15,-4.0028250960566544e-15,-4.0028395269637393e-15,-2.0825271541905519e-15,-2.0824147872313769e-15,7.3374945552055466e-16,7.3376827566860271e-16,5.0620257599718325e-16,5.0623246412272622e-16,2.6668459683643938e-16,2.666890869060344e-16,-2.5397845511918131e-12,-2.5397768868081726e-12,-1.951375561692103e-12,-1.9513617638215217e-12,-1.1646030208890534e-12,-1.1645917055489777e-12,-6.9061145933681111e-13,-6.9065786648496096e-13,-4.7015190557351071e-13,-4.7016863936071545e-13,-2.464340822633866e-13,-2.4641124022168712e-13,-6.1930615561200387e-12,-6.1932812699503321e-12,-4.2270595226257809e-12,-4.2270747622987984e-12,-2.1991683027218374e-12,-2.1990496424265849e-12,7.7483714366247802e-13,7.7485701768347034e-13,5.3454889935219606e-13,5.3458046116130036e-13,2.8161866290485695e-13,2.8162340441370969e-13,3.1331635101423712,0.022293370455053068,0.99999595029691035,1.0000394137251918,3.834600558898565e-05
17,3.4623578099342271e-08,0.99999581819889438,1.0000406894208722,1.000000136658882,0.0022314707455154373,3.937892319637088e-05,8.4192550414330395e-06,1.5410662355873648e-12,1.5229219096165197e-12,1.3665888212591201e-07,2.7369132390905703e-15,2.4510102731687007e-15,2.4510062260432447e-15,1.9826810542720339e-15,1.9826657282712953e-15,1.2889153349844591e-15,1.288905147796686e-15,-6.7759419357481062e-16,-6.7763742847922623e-16,-4.9380858575996078e-16,-4.9382588684004669e-16,-2.825175845910615e-16,-2.8249195786533028e-16,-6.0732371437822896e-15,-6.0734227503944015e-15,-4.437360096764132e-15,-4.4373788633087837e-15,-2.5227147694939535e-15,-2.5225790458386986e-15,7.6068276378930348e-16,7.606996251878537e-16,5.6060629387936336e-16,5.6063778598984765e-16,3.2252615731022249e-16,3.2253203723584792e-16,-2.5882834141383664e-12,-2.5882791403529563e-12,-2.0937215060509826e-12,-2.0937053216871765e-12,-1.3610987487962557e-12,-1.3610879911219788e-12,-7.1554179390375747e-13,-7.155874501193074e-13,-5.2146303054797035e-13,-5.2148130052397233e-13,-2.9833892891833498e-13,-2.9831186706812284e-13,-6.4135295824043447e-12,-6.4137255894263068e-12,-4.6859477155299659e-12,-4.6859675337153703e-12,-2.6640160831345333e-12,-2.6638727576764825e-12,8.032785034640526e-13,8.0329630904772931e-13,5.9199897140133945e-13,5.9203222700671434e-13,3.4058721853698729e-13,3.405934277311008e-13,3.2043698754409271,0.014069110242859768,0.9999958424133828,1.0000402459129027,3.9377894344383787e-05
18,3.666025916400946e-08,0.99999574980414563,1.0000411433118954,1.0000001499416373,0.0022826352897078899,4.0281827552245158e-05,9.1173082392226958e-06,1.5410662560569677e-12,1.522921923685356e-12,1.4994163740921352e-07,2.7369132390905703e-15,2.4892091365514376e-15,2.4892080740415226e-15,2.0947157554157686e-15,2.0946980096622719e-15,1.4649470800171729e-15,1.4649381759141482e-15,-6.9433255411829087e-16,-6.94374350896505e-16,-5.3546697226168034e-16,-5.3548510871037733e-16,-3.3198233542495207e-16,-3.3195307079141833e-16,-6.2196401190093984e-15,-6.2198015768526551e-15,-4.8088031248988024e-15,-4.8088271008769871e-15,-2.9652423487269891e-15,-2.9650843694175221e-15,7.8003452855782466e-16,7.8004910349712382e-16,6.0729906161965095e-16,6.0733139997093974e-16,3.7855097315971652e-16,3.7855837959764847e-16,-2.6286221440188301e-12,-2.6286210220246846e-12,-2.2120315073999443e-12,-2.2120127677649319e-12,-1.5469895644492295e-12,-1.5469801617130116e-12,-7.3321766323325274e-13,-7.3326180078955437e-13,-5.6545451610462143e-13,-5.6547366823819847e-13,-3.5057385116137722e-13,-3.5054294766943304e-13,-6.568144087310073e-12,-6.5683145928505666e-12,-5.0782102828997358e-12,-5.0782356023541369e-12,-3.1313370667262352e-12,-3.1311702386695958e-12,8.2371379536531986e-13,8.2372918645237071e-13,6.4130628689864333e-13,6.4134043612373971e-13,3.9974926243832255e-13,3.9975708362586193e-13,3.2613908466070693,0.0089429308443259425,0.99999576334447238,1.000040879323254,4.0280869998028575e-05
19,3.8696940228676654e-08,0.99999570070991195,1.0000414481489539,1.0000001631714039,0.002327299352716273,4.1070017453627314e-05,9.7991920396188861e-06,1.5410662764449115e-12,1.5229219387180659e-12,1.6317140401937253e-07,2.7369132390905703e-15,2.5142819384458241e-15,2.5142834009141353e-15,2.1795440938203595e-15,2.1795238491553474e-15,1.6216115949603789e-15,1.6216046675577252e-15,-7.0558054568145613e-16,-7.0562052982320475e-16,-5.7001537228057645e-16,-5.7003375718958957e-16,-3.7966188041391896e-16,-3.7962953534909275e-16,-6.3162172808726636e-15,-6.3163559860781487e-15,-5.1156530597083751e-15,-5.1156825310935599e-15,-3.3912947161366112e-15,-3.3911173030458967e-15,7.9328345246017447e-16,7.9329553917210814e-16,6.4594913285537339e-16,6.4598164259585882e-16,4.3226783450030377e-16,4.322768371056417e-16,-2.6550996091036821e-12,-2.6551011535227697e-12,-2.3016113776845839e-12,-2.3015899991866081e-12,-1.71242862137053e-12,-1.712421306032111e-12,-7.4509566811560614e-13,-7.4513789152638421e-13,-6.0193783946459265e-13,-6.0195725397881672e-13,-4.0092361728707993e-13,-4.0088946084753786e-13,-6.6701396131399703e-12,-6.6702860913522363e-12,-5.4022611691102401e-12,-5.4022922918515113e-12,-3.58126195407386e-12,-3.5810746032234861e-12,8.3770452457978502e-13,8.3771728810480397e-13,6.8212053322991115e-13,6.8215486343335716e-13,4.5647408387605743e-13,4.56483590611988e-13,3.3122814139996741,0.0058677509775609043,0.99999570706871099,1.0000413525658509,4.1069034855811945e-05
20,4.0733621293343842e-08,0.99999566631448877,1.0000416965495138,1.0000001763296094,0.0023657155009478323,4.1747949957896619e-05,1.0464366028664057e-05,1.5410662967225748e-12,1.5229219545189253e-12,1.7632960939736071e-07,2.7369132390905703e-15,2.5363303759707173e-15,2.5363339077479753e-15,2.2491421783550449e-15,2.2491192753636375e-15,1.7594377712240885e-15,1.7594334653094272e-15,-7.124798862517788e-16,-7.1251783390164183e-16,-5.9786490590602048e-16,-5.9788304789345365e-16,-4.2388074516653639e-16,-4.238460992422095e-16,-6.373171144464335e-15,-6.3732895201140771e-15,-5.3614097609957576e-15,-5.3614443359780595e-15,-3.7859411984473142e-15,-3.7857483651663604e-15,8.0164890221048619e-16,8.0165847461610288e-16,6.7709392591983559e-16,6.7712603314140618e-16,4.8199278892602037e-16,4.8200337068482882e-16,-2.6783832812973551e-12,-2.6783870109396774e-12,-2.3751079481018438e-12,-2.375083762397076e-12,-1.8579743738555735e-12,-1.8579698268135797e-12,-7.5238146784557141e-13,-7.5242154071704254e-13,-6.3134713713701594e-13,-6.3136629513042393e-13,-4.4761891796186757e-13,-4.4758233180261363e-13,-6.7302904420353802e-12,-6.7304154516297588e-12,-5.6617956970208758e-12,-5.6618322093135779e-12,-3.9980232698869351e-12,-3.9978196345672758e-12,8.4653833709625286e-13,8.465484455207696e-13,7.1500923072014645e-13,7.1504313585731921e-13,5.0898343820596723e-13,5.0899461252292344e-13,3.348531271973731,0.004428713469462468,0.99999566817908225,1.0000416965495138,4.1746876507811274e-05
21,4.2770302358011037e-08,0.99999564254775886,1.0000419379094343,1.0000001894002204,0.0023980694810258412,4.231890294894492e-05,1.1113117866473778e-05,1.5410663168652495e-12,1.5229219709187152e-12,1.894002204975904e-07,2.7369132390905703e-15,2.5510611187238833e-15,2.5510662017711167e-15,2.3011125763211337e-15,2.3010869824366456e-15,1.8748399008279769e-15,1.874838634711793e-15,-7.1597437412184781e-16,-7.1601022824342432e-16,-6.1972047773672784e-16,-6.1973800584431137e-16,-4.6354181034302572e-16,-4.6350565302661742e-16,-6.3991605472840548e-15,-6.3992618806469869e-15,-5.5525039128729986e-15,-5.5525427417034232e-15,-4.1394426674163097e-15,-4.1392389754395754e-15,8.0618688346062093e-16,8.0619398691116105e-16,7.0143485981213924e-16,7.0146612507809934e-16,5.2645762175474685e-16,5.2646969052498467e-16,-2.6939393874614288e-12,-2.6939447552722558e-12,-2.4299895134281717e-12,-2.4299624861246152e-12,-1.979840243638397e-12,-1.9798389066317416e-12,-7.5607171844144811e-13,-7.5610958054165557e-13,-6.5442678575919641e-13,-6.5444529549771703e-13,-4.8950118613735925e-13,-4.8946300393687013e-13,-6.7577407372012709e-12,-6.7578477495561508e-12,-5.8636044512945776e-12,-5.8636454558029642e-12,-4.3713357598847241e-12,-4.3711206570739759e-12,8.5133036919863005e-13,8.5133787041413398e-13,7.4071308074257876e-13,7.4074609677067762e-13,5.5593810075547547e-13,5.5595084535106508e-13,3.3774541007219749,0.0039337996451513091,0.99999564254775886,1.0000419379094343,4.2317663248816825e-05
22,4.4806983422678232e-08,0.99999562670744724,1.0000420983085867,1.0000002023748875,0.0024244898035208832,4.2785144261965266e-05,1.174554822959642e-05,1.5410663368600681e-12,1.5229219877724816e-12,2.0237488755083198e-07,2.7369132390905703e-15,2.564860099136051e-15,2.5648662877425089e-15,2.3445176170988087e-15,2.344489256631624e-15,1.9725907310143511e-15,1.9725927845773621e-15,-7.1681280614798125e-16,-7.1684658684356076e-16,-6.363898455177868e-16,-6.364065005036558e-16,-4.9811685960346927e-16,-4.9807998779194155e-16,-6.4010049404823533e-15,-6.4010924069478187e-15,-5.6962173056701994e-15,-5.6962591263213903e-15,-4.4469828550225163e-15,-4.446772757703815e-15,8.0770617718672466e-16,8.0771095740533491e-16,7.1993599815561604e-16,7.1996610446707619e-16,5.651948083678062e-16,5.6520820403191827e-16,-2.7085115222570354e-12,-2.7085180575597926e-12,-2.4758259582057505e-12,-2.47579600937286e-12,-2.0830662420569963e-12,-2.0830684106432209e-12,-7.56957153823519e-13,-7.5699282637958459e-13,-6.72029777479508e-13,-6.7204736520183405e-13,-5.2601261734018676e-13,-5.25973680623315e-13,-6.7596922194330805e-12,-6.7597845878178505e-12,-6.0153769950758019e-12,-6.0154211590762317e-12,-4.6961127859912761e-12,-4.6958909185243312e-12,8.5293468878474181e-13,8.5293973667496988e-13,7.6025013428683609e-13,7.6028192645726037e-13,5.9684437406766739e-13,5.9685851985767774e-13,3.3939556316824326,0.0040841957131967444,0.99999562670744724,1.0000420983085867,4.2783685765201623e-05
23,4.684366448734542e-08,0.99999561808646287,1.00004219647071,1.0000002152460974,0.0024451869111173042,4.3150387593998385e-05,1.2362238747259712e-05,1.5410663566954522e-12,1.5229220049622489e-12,2.1524609737662743e-07,2.7369132390905703e-15,2.5742797367838123e-15,2.5742866106329564e-15,2.3770953032810878e-15,2.3770642416236442e-15,2.0519400097289044e-15,2.0519454152327461e-15,-7.1559471192213848e-16,-7.1562651498206149e-16,-6.486639761986309e-16,-6.4867960697512567e-16,-5.2751856357893354e-16,-5.2748164932830825e-16,-6.3842667068010899e-15,-6.3843434070324276e-15,-5.7998909129460897e-15,-5.7999344101336791e-15,-4.7077224037322132e-15,-4.7075098537496064e-15,8.0689087815934969e-16,8.0689351340969166e-16,7.3347004697145023e-16,7.3349880350371941e-16,5.9807335905430828e-16,5.980878782787138e-16,-2.7184590237047736e-12,-2.7184662826385619e-12,-2.5102286053776788e-12,-2.5101958040685455e-12,-2.166860074661551e-12,-2.1668657829115524e-12,-7.5567088105094286e-13,-7.5570446521707945e-13,-6.8499137490205672e-13,-6.8500788105815157e-13,-5.5706098562057559e-13,-5.5702200408042746e-13,-6.7420190952133892e-12,-6.7421000940141226e-12,-6.1248655259295973e-12,-6.1249114604477593e-12,-4.9714674801269953e-12,-4.9712430221566073e-12,8.5207369555003441e-13,8.5207647836124986e-13,7.7454196713291903e-13,7.7457233393661925e-13,6.3156393974581751e-13,6.3157927201020637e-13,3.4042304211719148,0.0045469637605597213,0.99999561808646287,1.00004219647071,4.3148665568593221e-05
24,4.8880345552012615e-08,0.9999956145874771,1.0000422474853767,1.0000002280107931,0.0024604563788148282,4.3419848978118565e-05,1.296357054051219e-05,1.5410663763666915e-12,1.5229220223912574e-12,2.2801079335951647e-07,2.7369132390905703e-15,2.5836238090641223e-15,2.5836310332318712e-15,2.405271751872448e-15,2.4052380213963777e-15,2.1184903292577491e-15,2.1184990085399468e-15,-7.1278984163987283e-16,-7.1281979536266584e-16,-6.5726621033327107e-16,-6.572807422576334e-16,-5.519661747353684e-16,-5.5192979282087234e-16,-6.3532780251396719e-15,-6.3533465522051388e-15,-5.8702037736540044e-15,-5.8702475951766827e-15,-4.9235260712195984e-15,-4.9233142519124086e-15,8.0424597205181759e-16,8.0424668913216486e-16,7.4291271136166531e-16,7.4294002574661444e-16,6.2542120547581062e-16,6.2543661734181523e-16,-2.7283267135120236e-12,-2.7283343423910721e-12,-2.5399834855156057e-12,-2.5399478659131599e-12,-2.2371381013959085e-12,-2.2371472667723201e-12,-7.5270895946449468e-13,-7.5274059072392818e-13,-6.9407542792835164e-13,-6.9409077369439059e-13,-5.8287781755191682e-13,-5.8283939815328387e-13,-6.7092964158342577e-12,-6.7093687834154167e-12,-6.1991233025351186e-12,-6.1991695796019603e-12,-5.1993686887637873e-12,-5.1991450020293613e-12,8.4928065100172518e-13,8.4928140823248909e-13,7.8451332108793043e-13,7.8454216498557681e-13,6.604430977688116e-13,6.6045937265794476e-13,3.4049495730045751,0.0051830382823595733,0.9999956145874771,1.0000422474853767,4.3417840178194481e-05
25,5.091702661667981e-08,0.99999561467747777,1.0000422641047888,1.0000002406659652,0.0024706811590259909,4.360028640282795e-05,1.3550199211953273e-05,1.541066395869147e-12,1.5229220399825444e-12,2.4066596527382979e-07,2.7369132390905703e-15,2.5901414548050481e-15,2.5901487463947084e-15,2.4267259725204432e-15,2.426689727667732e-15,2.1720222450836805e-15,2.1720339478514158e-15,-7.0877124857253603e-16,-7.0879950700537267e-16,-6.6282741914216015e-16,-6.6284084737386734e-16,-5.7185332457611605e-16,-5.7181789436197726e-16,-6.3115110256193691e-15,-6.3115735971562884e-15,-5.9130811738873054e-15,-5.9131241837575868e-15,-5.0979229793221421e-15,-5.0977142837952175e-15,8.0020315740343533e-16,8.0020218414601061e-16,7.489854250526403e-16,7.4901129111373146e-16,6.4766649438241329e-16,6.4768256353652875e-16,-2.7352096663027292e-12,-2.7352173663826107e-12,-2.5626396228671256e-12,-2.5626013480616363e-12,-2.2936685823280745e-12,-2.2936809405224761e-12,-7.4846533589320012e-13,-7.4849517691995672e-13,-6.9994813908982841e-13,-6.9996231935356427e-13,-6.0387878581752872e-13,-6.0384137141102555e-13,-6.6651909725062055e-12,-6.6652570507748696e-12,-6.2444076461743703e-12,-6.2444530661441037e-12,-5.3835429811826532e-12,-5.3833225929279915e-12,8.4501142591206454e-13,8.4501039815266717e-13,7.9092602723221996e-13,7.9095334170234144e-13,6.8393397339754321e-13,6.8395094237883794e-13,3.4011459200417562,0.0058570165082742062,0.99999561467747777,1.0000422641047888,4.3597977332268334e-05
26,5.2953707681346998e-08,0.99999561711576135,1.0000422562752469,1.0000002532113805,0.0024763246372623547,4.3699877265256596e-05,1.4122581283005609e-05,1.5410664152024602e-12,1.5229220576740311e-12,2.5321138051538975e-07,2.7369132390905703e-15,2.5969033260361193e-15,2.5969104704113134e-15,2.4460362363913736e-15,2.4459975918386434e-15,2.2173729865586415e-15,2.2173874274624668e-15,-7.0383099741323029e-16,-7.0385771950414213e-16,-6.658881555463975e-16,-6.6590051271116193e-16,-5.8765861136610191e-16,-5.8762444115805526e-16,-6.2616590169200238e-15,-6.2617173033416306e-15,-5.9335606687118635e-15,-5.9336018965111929e-15,-5.2352319577059216e-15,-5.2350280069705585e-15,7.9507432057760359e-16,7.9507189580696396e-16,7.5234041209462444e-16,7.5236488040503252e-16,6.6541055973235448e-16,6.6542705974958506e-16,-2.7423505133331464e-12,-2.7423580579534617e-12,-2.5830317085822548e-12,-2.5829908996717363e-12,-2.3415596630885759e-12,-2.341574912772193e-12,-7.4324843273357689e-13,-7.4327665137715477e-13,-7.0318033476116554e-13,-7.0319338397500586e-13,-6.2056928943136923e-13,-6.2053320558968471e-13,-6.612547076047699e-12,-6.6126086290267698e-12,-6.2660384297434629e-12,-6.2660819678126614e-12,-5.5285509770813412e-12,-5.5283355992007211e-12,8.395953701806507e-13,8.3959280962910941e-13,7.9446883127010869e-13,7.9449466971853696e-13,7.0267157580427459e-13,7.0268899977374352e-13,3.3904422694856926,0.0065160333304094065,0.99999561711576135,1.0000422562752469,4.3697268465577492e-05
27,5.4990388746014193e-08,0.99999562002343201,1.0000422320374613,1.0000002656465419,0.0024788550582636256,4.3744531784910859e-05,1.4681336068151144e-05,1.5410664343658649e-12,1.522922075416716e-12,2.6564654190095718e-07,2.7369132390905703e-15,2.6017172886256731e-15,2.6017241202797601e-15,2.4609758132594159e-15,2.4609349765030698e-15,2.2540197731589193e-15,2.2540365828983496e-15,-6.9820146031276789e-16,-6.9822680392055162e-16,-6.6690407647274198e-16,-6.6691543074448317e-16,-5.9987926702943148e-16,-5.9984653729679388e-16,-6.2058655237089029e-15,-6.2059208140195945e-15,-5.9359163717790575e-15,-5.9359551391145482e-15,-5.3400188988767691e-15,-5.3398206878350209e-15,7.8913494402117248e-16,7.8913128545250396e-16,7.534959251370606e-16,7.535190880144674e-16,6.792071971187703e-16,6.7922392471308547e-16,-2.7474343468203648e-12,-2.7474415612024953e-12,-2.5988083030440519e-12,-2.5987651791451094e-12,-2.3802592854769353e-12,-2.3802770366676777e-12,-7.3730363668330665e-13,-7.3733039964305771e-13,-7.0425319096490406e-13,-7.0426518112043661e-13,-6.334744055267135e-13,-6.3343984282694296e-13,-6.5536284316893047e-12,-6.5536868206221982e-12,-6.268529317528894e-12,-6.2685702572827646e-12,-5.6392142790014367e-12,-5.6390049621952976e-12,8.333233914782299e-13,8.3331952804108727e-13,7.9568900545130971e-13,7.9571346536577251e-13,7.1724071273925855e-13,7.1725837702767624e-13,3.3768313737986952,0.0071173722399952436,0.99999562101327044,1.0000422320374613,4.3724533809328707e-05
28,5.7027069810681387e-08,0.999995623580751,1.0000421972800841,1.0000002779727828,0.0024840448493660965,4.3836116398171028e-05,1.5226907358876468e-05,1.5410664533614162e-12,1.5229220931713934e-12,2.7797278294045367e-07,2.7369132390905703e-15,2.6068764482231529e-15,2.6068828452293477e-15,2.4749173421875922e-15,2.4748744722617517e-15,2.285725362108513e-15,2.2857441984445694e-15,-6.9206519794846042e-16,-6.9208931151776384e-16,-6.6625904316623877e-16,-6.662694724888368e-16,-6.0899685746768403e-16,-6.089656644690905e-16,-6.1457943032135504e-15,-6.1458474607941541e-15,-5.9237021568719441e-15,-5.9237379850081882e-15,-5.416721643660182e-15,-5.416529648945669e-15,7.8258069080508803e-16,7.8257600478603432e-16,7.528997919317545e-16,7.5292176120723417e-16,6.8963754378610789e-16,6.8965432440307269e-16,-2.7528827029114308e-12,-2.7528894582982122e-12,-2.613530939441028e-12,-2.6134856684939712e-12,-2.4137409493185541e-12,-2.4137608406109698e-12,-7.3082373321267245e-13,-7.3084919724663805e-13,-7.0357206726225598e-13,-7.035830806682837e-13,-6.4310266853507338e-13,-6.4306972862754055e-13,-6.490192081864823e-12,-6.490248218520222e-12,-6.2556333790676623e-12,-6.2556712149366823e-12,-5.7202193197472889e-12,-5.7200165674020736e-12,8.2640210872885956e-13,8.2639716030851711e-13,7.9505945364922736e-13,7.9508265312336189e-13,7.2825506396910704e-13,7.2827278424779097e-13,3.3584874163704468,0.0076447173673449883,0.99999562566901856,1.0000421972800841,4.3689083563688231e-05
29,5.9063750875348575e-08,0.99999562754716187,1.0000421564481283,1.0000002901910379,0.0024873702214017286,4.3894799475353944e-05,1.575984786915656e-05,1.541066472190554e-12,1.5229221109072782e-12,2.9019103798192774e-07,2.7369132390905703e-15,2.6106246930568078e-15,2.6106305717391498e-15,2.4858464266839402e-15,2.4858017488717786e-15,2.3116067781786057e-15,2.3116272750148824e-15,-6.8556803646262688e-16,-6.8559105576932582e-16,-6.6427487963961999e-16,-6.6428447502865675e-16,-6.1545615818945126e-16,-6.1542651536610952e-16,-6.0827675046365904e-15,-6.0828191285673717e-15,-5.8998915144744619e-15,-5.8999241670473961e-15,-5.4694727644506006e-15,-5.469287101230062e-15,7.755922465416287e-16,7.7558670851541658e-16,7.5090472981980511e-16,7.509256263630949e-16,6.9718833968178061e-16,6.9720503144058618e-16,-2.7568411154132316e-12,-2.7568473234412294e-12,-2.6250724016250739e-12,-2.6250252215299671e-12,-2.4410722286879023e-12,-2.4410938734824744e-12,-7.239627158916337e-13,-7.239870243796183e-13,-7.0147681166994802e-13,-7.0148694443912316e-13,-6.4992376257922029e-13,-6.4989245965871677e-13,-6.4236343102137425e-12,-6.4236888272487218e-12,-6.2304907789868858e-12,-6.2305252613562667e-12,-5.7759301995490893e-12,-5.7757341333234044e-12,8.1902232479907913e-13,8.1901647666291168e-13,7.9295264349681082e-13,7.9297471016891062e-13,7.3622862551743722e-13,7.3624625196093754e-13,3.3385441682529962,0.0080951630632843594,0.99999563062130659,1.0000421564481283,4.3599815228387428e-05
30,6.1100431940015764e-08,0.99999563163475058,1.0000421124816841,1.0000003023034791,0.0024871546607241036,4.3890995460721254e-05,1.628056661173013e-05,1.5410664908566256e-12,1.5229221286000164e-12,3.0230347922078652e-07,2.7369132390905703e-15,2.6147339544039614e-15,2.6147392542985485e-15,2.4963468874004996e-15,2.4963005729191568e-15,2.3345329473913497e-15,2.3345547969682194e-15,-6.7882458609807724e-16,-6.7884663282267546e-16,-6.6122225985045259e-16,-6.6123110690141767e-16,-6.1965893407053774e-16,-6.1963080593844207e-16,-6.0178122665022912e-15,-6.0178626961608189e-15,-5.8669437079995363e-15,-5.866973092780469e-15,-5.5020006937657693e-15,-5.5018212108726558e-15,7.6829495536012408e-16,7.6828872116193555e-16,7.478090963986336e-16,7.4782903769220206e-16,7.023234300779093e-16,7.0233992235273417e-16,-2.7611807564605376e-12,-2.7611863532790423e-12,-2.6361612236878066e-12,-2.6361123152508048e-12,-2.4652827314113559e-12,-2.4653058047123673e-12,-7.1684161410309433e-13,-7.1686489554020074e-13,-6.9825325754285193e-13,-6.9826260006423613e-13,-6.5436195273212563e-13,-6.5433224932816797e-13,-6.3550398518084202e-12,-6.3550931076229305e-12,-6.1956986383940942e-12,-6.195729669862532e-12,-5.8102842618760217e-12,-5.8100947221648233e-12,8.1131640226492539e-13,8.1130981897425248e-13,7.8968363901112014e-13,7.8970469694248887e-13,7.4165121642817932e-13,7.4166863221619454e-13,3.3155262999007991,0.0084646916313662387,0.99999563554146664,1.0000421124816841,4.3465201875392648e-05
31,6.3137113004682958e-08,0.99999563571496419,1.0000420674020174,1.0000003143118155,0.0024839053949292037,4.3833655435789673e-05,1.678955311794363e-05,1.5410665093622649e-12,1.5229221462307251e-12,3.1431181560975094e-07,2.7369132390905703e-15,2.6177831354421592e-15,2.6177878248673016e-15,2.504657069451558e-15,2.5046093347456184e-15,2.3534230914863474e-15,2.3534459914211964e-15,-6.7192619315754145e-16,-6.719473739408916e-16,-6.5732796751855238e-16,-6.5733615315299041e-16,-6.2196163425814865e-16,-6.2193494349507992e-16,-5.9517420451579019e-15,-5.9517914892560617e-15,-5.8269054578021514e-15,-5.826931632887783e-15,-5.5176141790092169e-15,-5.5174405703395122e-15,7.6081009652135712e-16,7.6080329167393795e-16,7.4384939046860621e-16,7.4386848611361085e-16,7.0541783227413919e-16,7.0543404302820289e-16,-2.7644009375516329e-12,-2.7644058897046156e-12,-2.6449370851263125e-12,-2.6448866769143724e-12,-2.485231148793449e-12,-2.4852553312830595e-12,-7.0955689035574845e-13,-7.0957925735513538e-13,-6.9414088995858446e-13,-6.9414953402160845e-13,-6.5679365072571705e-13,-6.5676546518640015e-13,-6.2852677802475969e-12,-6.2853199952535509e-12,-6.1534184161429807e-12,-6.153446058060169e-12,-5.8267756683865471e-12,-5.8265923319596301e-12,8.0341241123687661e-13,8.0340522534318885e-13,7.8550218154715896e-13,7.8552234647634126e-13,7.4491885348771432e-13,7.4493597198988243e-13,3.2918842283303329,0.0087648027591950388,0.99999564026716681,1.0000420674020174,4.3292613894696442e-05
32,6.5173794069350153e-08,0.99999563969309879,1.0000420223370947,1.0000003262185937,0.0024780356448273816,4.3730071537633676e-05,1.7287179695059921e-05,1.5410665277113963e-12,1.5229221637848065e-12,3.2621859386971511e-07,2.7369132390905703e-15,2.6211752629216463e-15,2.6211793198363921e-15,2.5128249609389705e-15,2.5127759660208634e-15,2.3705096058905376e-15,2.3705333195739655e-15,-6.649438668536629e-16,-6.6496427503120673e-16,-6.5278184679304178e-16,-6.5278944657648311e-16,-6.2267809388939334e-16,-6.2265274286115785e-16,-5.8851843219292303e-15,-5.8852328671233389e-15,-5.7814607479307119e-15,-5.7814838430571629e-15,-5.5192077986675173e-15,-5.5190396599733774e-15,7.532182035039296e-16,7.5321093520414142e-16,7.3922274855762572e-16,7.3924109584423062e-16,7.0681589763871958e-16,7.0683176891625142e-16,-2.7679832651376996e-12,-2.7679875493502238e-12,-2.6535626766643611e-12,-2.6535109376519017e-12,-2.5032749071163488e-12,-2.5032999489334908e-12,-7.0218353105118429e-13,-7.0220508217548655e-13,-6.8934018564070627e-13,-6.8934821104282519e-13,-6.5755026790413312e-13,-6.575234971279436e-13,-6.2149807680560497e-12,-6.2150320337687748e-12,-6.105428505862118e-12,-6.1054528952325187e-12,-5.8284612177361897e-12,-5.8282836577151156e-12,7.9539539448038886e-13,7.953877191830854e-13,7.8061644608087271e-13,7.8063582074604973e-13,7.463951702508685e-13,7.4641193026622583e-13,3.2663814371049797,0.0089937188715786352,0.99999564471924784,1.0000420223370947,4.3088517777587981e-05
33,6.7210475134017348e-08,0.99999564356922221,1.0000419779674075,1.0000003380258649,0.0024703678180455144,4.3594756852225833e-05,1.7773878823436177e-05,1.5410665459071807e-12,1.5229221812512381e-12,3.3802586497982447e-07,2.7369132390905703e-15,2.6237451478329819e-15,2.6237485723884239e-15,2.5193336489758515e-15,2.5192835836006873e-15,2.3846668892623538e-15,2.3846911947981233e-15,-6.5793332268465865e-16,-6.5795303859806698e-16,-6.4774147952419143e-16,-6.4774856585544174e-16,-6.2208223281951631e-16,-6.2205811081167244e-16,-5.8186287597643143e-15,-5.8186764569572664e-15,-5.7319967545578007e-15,-5.7320169704496564e-15,-5.5092933020666801e-15,-5.5091301945211011e-15,7.456007237023882e-16,7.4559307520222725e-16,7.3408744556356157e-16,7.341051291237905e-16,7.0679386838257707e-16,7.0680936149001621e-16,-2.7706972911195961e-12,-2.7707009075519684e-12,-2.6604361267885068e-12,-2.6603832573586208e-12,-2.5182253631776944e-12,-2.5182510299983894e-12,-6.9478037231272325e-13,-6.9480119240308996e-13,-6.8401755216604963e-13,-6.8402503536066398e-13,-6.569210650375915e-13,-6.5689559211011246e-13,-6.144695942268699e-12,-6.1447463124465373e-12,-6.0531938582348825e-12,-6.0532152070305909e-12,-5.8179934367868648e-12,-5.8178211897725109e-12,7.8735135984999802e-13,7.8734328306278371e-13,7.751935698350687e-13,7.7521224360739845e-13,7.4637187712636728e-13,7.4638823779477983e-13,3.2409301724737718,0.0091671146267058041,0.99999564891658577,1.0000419779674075,4.285810889289225e-05
34,6.9247156198684543e-08,0.9999956473434819,1.0000419345452511,1.0000003497362457,0.0024648209882219625,4.3496871551222473e-05,1.8249984007289328e-05,1.5410665639536506e-12,1.5229221986218587e-12,3.4973624576983801e-07,2.7369132390905703e-15,2.6266230192712364e-15,2.6266258127087151e-15,2.5258484763915862e-15,2.5257974746320952e-15,2.3976927151143754e-15,2.3977174511441393e-15,-6.5093662626756971e-16,-6.5095571985808058e-16,-6.4233664088100934e-16,-6.4234327426776166e-16,-6.2041186547974962e-16,-6.2038885896451062e-16,-5.7524438078855965e-15,-5.7524906683630406e-15,-5.679638393115844e-15,-5.6796559499680113e-15,-5.4900306777529578e-15,-5.4898721528839073e-15,7.3800733117190279e-16,7.3799937296568735e-16,7.2857275204091058e-16,7.2858984407862575e-16,7.056018281729189e-16,7.0561691938278258e-16,-2.7737365459589411e-12,-2.7737394959229778e-12,-2.6673160503244242e-12,-2.6672621920593534e-12,-2.5319809792454771e-12,-2.5320071006740764e-12,-6.8739183587981694e-13,-6.8741199879450779e-13,-6.7831003310472925e-13,-6.783170379881664e-13,-6.5515717550331233e-13,-6.5513288053913763e-13,-6.0748024197814554e-12,-6.0748519063449608e-12,-5.9979024633621677e-12,-5.9979210041167969e-12,-5.7976533860713678e-12,-5.7974859784754396e-12,7.7933276270128484e-13,7.7932435886584837e-13,7.6937006157426597e-13,7.6938811070084616e-13,7.4511306113822574e-13,7.4512899740364909e-13,3.2144646974020574,0.0092820286936853725,0.9999956529076961,1.0000419345452511,4.2605682465868753e-05
35,7.1283837263351724e-08,0.99999565106261312,1.000041892190821,1.0000003613518615,0.0024571081621792465,4.3360762760653086e-05,1.8715872742250067e-05,1.5410665818540816e-12,1.5229222158907989e-12,3.6135186165223794e-07,2.7369132390905703e-15,2.6288401977239137e-15,2.6288423787737184e-15,2.5310682977044698e-15,2.5310165133256894e-15,2.4085087188051585e-15,2.4085337379249742e-15,-6.4398568223999729e-16,-6.4400421376142235e-16,-6.3667270407073542e-16,-6.3667894123531113e-16,-6.1787177654363966e-16,-6.1784977508417522e-16,-5.6869069626456364e-15,-5.6869530071461893e-15,-5.6252933273311303e-15,-5.6253084674778572e-15,-5.4632640949874757e-15,-5.4631097247617764e-15,7.3049071698942283e-16,7.3048250340593233e-16,7.2278382515889718e-16,7.2280038678594634e-16,7.0344122235476245e-16,7.0345589866495127e-16,-2.7760780971222368e-12,-2.7760804003982716e-12,-2.672828427932354e-12,-2.6727737432096734e-12,-2.5434029942483728e-12,-2.5434294146250975e-12,-6.8005161340607209e-13,-6.8007118277338399e-13,-6.7232890340816173e-13,-6.7233548987940801e-13,-6.5247485316416498e-13,-6.5245161954186149e-13,-6.0055932641811088e-12,-6.0056418890329762e-12,-5.9405128814323711e-12,-5.9405288700597398e-12,-5.7693886122297473e-12,-5.7692255920451417e-12,7.7139524435392314e-13,7.7138657084117736e-13,7.6325696641308874e-13,7.6327445542781709e-13,7.4283144735357548e-13,7.4284694548591118e-13,3.188475993028983,0.0093544631652568416,0.99999565677842617,1.000041892190821,4.2334501693701737e-05
36,7.3320518328018919e-08,0.99999565475020824,1.0000418508700215,1.0000003728752294,0.0024475211434839524,4.3191579958842724e-05,1.9171837378894012e-05,1.5410665996123521e-12,1.5229222330540561e-12,3.7287522933870337e-07,2.7369132390905703e-15,2.6313195022636017e-15,2.6313210853455717e-15,2.5363716402078589e-15,2.536319175165981e-15,2.4186094888736141e-15,2.4186346937076782e-15,-6.3710331238497603e-16,-6.3712133466367728e-16,-6.3083402773638079e-16,-6.3083991531984496e-16,-6.1463689369513949e-16,-6.1461579184401688e-16,-5.6222160936567103e-15,-5.6222613371506168e-15,-5.5696790570817231e-15,-5.5696920157077609e-15,-5.4305540346367287e-15,-5.430403417608297e-15,7.2307786116681363e-16,7.2306943966520145e-16,7.1680355882664058e-16,7.1681964213298685e-16,7.0049273115564866e-16,7.0050698763482221e-16,-2.7786964489053681e-12,-2.7786981207218679e-12,-2.6784289956445901e-12,-2.6783735921313298e-12,-2.5540697053764866e-12,-2.5540963218715941e-12,-6.7278380496610448e-13,-6.7280283657090345e-13,-6.6616324650828718e-13,-6.6616946382048446e-13,-6.4905882279235429e-13,-6.4903653915923752e-13,-5.9372774468394266e-12,-5.937325225790618e-12,-5.88178284808527e-12,-5.8817965329486958e-12,-5.7348470767870929e-12,-5.7346880200810705e-12,7.6356729536863666e-13,7.6355840229521498e-13,7.5694181957940795e-13,7.5695880348914259e-13,7.397178329367532e-13,7.3973288772860757e-13,3.1620291912513521,0.0093797040268473915,0.99999566060149481,1.0000418508700215,4.2047226692840517e-05
37,7.5357199392686114e-08,0.99999565844672544,1.0000418105685924,1.0000003843083953,0.0024363016491213852,4.2993588742648844e-05,1.961820341352575e-05,1.541066617231616e-12,1.522922250109011e-12,3.8430839548390778e-07,2.7369132390905703e-15,2.6332461593621036e-15,2.6332471729796196e-15,2.5406393386216607e-15,2.5405863094203774e-15,2.4270036278790993e-15,2.427028929884236e-15,-6.3030586295660831e-16,-6.3032342206543105e-16,-6.2488693091520925e-16,-6.2489251260320581e-16,-6.1085505346854205e-16,-6.1083475581849707e-16,-5.5585102898183983e-15,-5.558554766173819e-15,-5.5133574056924974e-15,-5.5133684163398307e-15,-5.3932089747985195e-15,-5.3930617471348586e-15,7.1579979654711869e-16,7.1579120478410605e-16,7.1070026093790517e-16,7.1071591030876932e-16,6.9690278063898072e-16,6.9691661761066694e-16,-2.7807311947714647e-12,-2.7807322652291113e-12,-2.6829359069034934e-12,-2.6828799076290104e-12,-2.5629341899146624e-12,-2.5629609090257364e-12,-6.6560567240812816e-13,-6.6562421490355831e-13,-6.598830958825338e-13,-6.5988899016788825e-13,-6.4506520078179933e-13,-6.4504376638758833e-13,-5.8700018614601101e-12,-5.870048830278072e-12,-5.8223056941317994e-12,-5.8223173218598356e-12,-5.6954106153497473e-12,-5.6952551379084965e-12,7.558816860932926e-13,7.5587261322453679e-13,7.5049675354414563e-13,7.5051327921952552e-13,7.3592684276539392e-13,7.3594145455847313e-13,3.1362906545461642,0.0093736246020303393,0.99999566444732513,1.0000418105685924,4.1745885869637026e-05
38,7.7393880457353309e-08,0.99999566216008007,1.0000417712372707,1.0000003956536916,0.0024294423142940413,4.2872541572352297e-05,2.0055224417471972e-05,1.5410666347154666e-12,1.5229222670542111e-12,3.9565369176454498e-07,2.7369132390905703e-15,2.6353836376056442e-15,2.635384102837176e-15,2.5450268974842528e-15,2.5449733751810122e-15,2.4349611180803605e-15,2.4349864669535983e-15,-6.2360398135781864e-16,-6.23621118125606e-16,-6.1888262120623403e-16,-6.1888793285382449e-16,-6.0664976425440836e-16,-6.0663018212622728e-16,-5.4958786130573921e-15,-5.4959223557745541e-15,-5.4567578841105691e-15,-5.4567671633251081e-15,-5.3523147691191369e-15,-5.3521706023381437e-15,7.0866656604211727e-16,7.0865783889617361e-16,7.0452469915666993e-16,7.0453995354053259e-16,6.9280094187871442e-16,6.9281436390846343e-16,-2.7829885639816279e-12,-2.7829890553403074e-12,-2.6875693844807214e-12,-2.6875128644826976e-12,-2.5713375598061595e-12,-2.5713643284126905e-12,-6.585284595341483e-13,-6.5854655603564035e-13,-6.5354252721149686e-13,-6.5354813633308576e-13,-6.4062441287424215e-13,-6.4060373407345223e-13,-5.8038605687727996e-12,-5.803906762836092e-12,-5.7625350190755016e-12,-5.7625448183478064e-12,-5.6522259607323099e-12,-5.6520737156715929e-12,7.4834902162229549e-13,7.483398057897057e-13,7.4397537841301383e-13,7.4399148698352233e-13,7.31595302938914e-13,7.3160947655446286e-13,3.1104357723957476,0.0093301245092634877,0.99999566835257703,1.0000417712372707,4.1432251870791102e-05
39,7.9430561522020503e-08,0.99999566590240263,1.000041732886453,1.0000004069130246,0.0024218657217025979,4.2738836903201582e-05,2.0483181816508728e-05,1.5410666520668421e-12,1.5229222838889635e-12,4.0691302474860348e-07,2.7369132390905703e-15,2.6370415011771371e-15,2.6370414509801168e-15,2.5485665996403865e-15,2.5485126682701637e-15,2.4415852206603984e-15,2.4416105686868086e-15,-6.1700459643477423e-16,-6.1702134699047698e-16,-6.1285988685283467e-16,-6.12864962298269e-16,-6.0212290266745247e-16,-6.0210395920197799e-16,-5.4343752338748381e-15,-5.4344182885680959e-15,-5.4002054006601112e-15,-5.4002131536692039e-15,-5.3087626862555102e-15,-5.3086212891762679e-15,7.0169314305572598e-16,7.0168430946597727e-16,6.9831959057969942e-16,6.9833448405801708e-16,6.8829264752717715e-16,6.8830566178692203e-16,-2.7847394516290484e-12,-2.7847393986926949e-12,-2.6913075123747467e-12,-2.6912505603951777e-12,-2.5783328529386367e-12,-2.578359620653143e-12,-6.5155948330634799e-13,-6.515771719662295e-13,-6.4718250123293502e-13,-6.4718786092408661e-13,-6.3584404152268752e-13,-6.3582403715182251e-13,-5.7389107806925357e-12,-5.7389562481725176e-12,-5.7028139539779264e-12,-5.7028221415212955e-12,-5.6062343528229111e-12,-5.6060850326484455e-12,7.4098511365340649e-13,7.4097578541660278e-13,7.3742280296465763e-13,7.3743853042020143e-13,7.2683454950183062e-13,7.2684829251344425e-13,3.0853862314930987,0.0092646519854524424,0.99999567233702924,1.000041732886453,4.1107812544025192e-05
40,8.1467242586687685e-08,0.99999566965561171,1.000041695519488,1.0000004180885083,0.0024125104457368277,4.2573743681846438e-05,2.0902298522967936e-05,1.5410666692890002e-12,1.5229223006132539e-12,4.1808850831664018e-07,2.7369132390905703e-15,2.6388608358334863e-15,2.6388602943901916e-15,2.5522369959372732e-15,2.5521827016213276e-15,2.4479678136454842e-15,2.4479931405642974e-15,-6.1051142569500458e-16,-6.1052782225328718e-16,-6.0684757215150012e-16,-6.0685243923338186e-16,-5.9735738954508323e-16,-5.9733901365261112e-16,-5.3740260607860157e-15,-5.3740684681213361e-15,-5.343939729901442e-15,-5.3439461428921868e-15,-5.2632763684952041e-15,-5.2631374827766084e-15,6.9487762786002359e-16,6.9486871583473743e-16,6.9211382371245586e-16,6.9212838732260842e-16,6.8346930373936563e-16,6.8348192002960276e-16,-2.7866608499217194e-12,-2.7866602782275173e-12,-2.6951836491108858e-12,-2.6951263138545248e-12,-2.5850731022956711e-12,-2.5850998477224675e-12,-6.4470266947744658e-13,-6.4471998431453947e-13,-6.4083347779009716e-13,-6.4083861744848476e-13,-6.30811651751067e-13,-6.3079224673918129e-13,-5.6751798617121444e-12,-5.6752246455541098e-12,-5.6433957217994095e-12,-5.6434024942333182e-12,-5.5582000075332343e-12,-5.5580533394295434e-12,7.3378795595731314e-13,7.3377854489289612e-13,7.3086953309851413e-13,7.3088491221447609e-13,7.2174110662937393e-13,7.2175442938638365e-13,3.060417385498055,0.0091715624704135582,0.99999567638698028,1.000041695519488,4.0774036783390522e-05
41,8.350392365135488e-08,0.9999956734050186,1.0000416591838688,1.0000004291818911,0.0024015780654731145,4.2380819188606513e-05,2.1312823613000631e-05,1.5410666863846355e-12,1.5229223172274425e-12,4.2918189112789198e-07,2.7369132390905703e-15,2.6402547035525659e-15,2.640253705639195e-15,2.5551973740781394e-15,2.5551427761839822e-15,2.4532998449356915e-15,2.4533251276492454e-15,-6.0412640928726089e-16,-6.0414248064691844e-16,-6.0086680089491973e-16,-6.0087148601183221e-16,-5.9241987483137575e-16,-5.9240200684339247e-16,-5.3148393692080912e-15,-5.314881173052296e-15,-5.288136708777618e-15,-5.2881419533326782e-15,-5.216436879910614e-15,-5.216300278634675e-15,6.8822403148842022e-16,6.8821506472775096e-16,6.8593298283760016e-16,6.8594724434527349e-16,6.7840554587422367e-16,6.7841777560296198e-16,-2.7881329483821541e-12,-2.7881318946543296e-12,-2.6983099967558914e-12,-2.6982523409154306e-12,-2.5907039437370211e-12,-2.5907306424846919e-12,-6.3796006688599522e-13,-6.3797703831194864e-13,-6.3451776380449899e-13,-6.3452271130713443e-13,-6.2559762640286017e-13,-6.2557875773981603e-13,-5.6126765538349316e-12,-5.6127207003644134e-12,-5.5844660219391083e-12,-5.5844715604605442e-12,-5.5087365686823506e-12,-5.5085923130173847e-12,7.2676178407078771e-13,7.2675231520605739e-13,7.2434258551528544e-13,7.2435764561215038e-13,7.1639378865232965e-13,7.1640670320157993e-13,3.036269518597206,0.0090648520331814125,0.99999568047556686,1.0000416591838688,4.0432302007626096e-05
42,8.5540604716022074e-08,0.99999567711463,1.0000416239089933,1.0000004401950875,0.0023892525653409244,4.2163310209814029e-05,2.1714959900663312e-05,1.5410667033566985e-12,1.5229223337322742e-12,4.4019508761302385e-07,2.7369132390905703e-15,2.6417701201999407e-15,2.6417686915101198e-15,2.5582848933430775e-15,2.5582300206091108e-15,2.4585252648284281e-15,2.4585504991524967e-15,-5.9784993247295238e-16,-5.9786570427123854e-16,-5.9493283816431463e-16,-5.9493736297589665e-16,-5.8736328461471988e-16,-5.8734586900240218e-16,-5.2568100117759187e-15,-5.256851247086261e-15,-5.2329226208113752e-15,-5.2329268503238678e-15,-5.1687066346390221e-15,-5.1685721185196811e-15,6.8172316918860527e-16,6.8171417068638435e-16,6.7979188189693231e-16,6.7980586712696676e-16,6.7316433591020219e-16,6.7317619252889245e-16,-2.7897334007024694e-12,-2.7897318920737461e-12,-2.7015706032043253e-12,-2.701512657127862e-12,-2.596222197540984e-12,-2.5962488451908419e-12,-6.3133208239188576e-13,-6.3134873747974953e-13,-6.2825147934476083e-13,-6.2825625756431421e-13,-6.2025785582733029e-13,-6.2023946487450483e-13,-5.5513954232057206e-12,-5.5514389693392515e-12,-5.5261582211384492e-12,-5.5261626877354931e-12,-5.4583323775489829e-12,-5.458190323870503e-12,7.1989689886238222e-13,7.1988739647874412e-13,7.1785760353286645e-13,7.1787237188156787e-13,7.1085908292434325e-13,7.1087160347057166e-13,3.0123105094645841,0.008939013153274224,0.99999568455473342,1.0000416239089933,4.0084049915596678e-05
43,8.7577285780689269e-08,0.99999568075663026,1.0000415897379731,1.0000004511296867,0.0023757006178137807,4.1924158026481515e-05,2.2108935646734084e-05,1.5410667202076378e-12,1.5229223501286253e-12,4.5112968681894127e-07,2.7369132390905703e-15,2.6429076749096685e-15,2.6429058507785629e-15,2.5607670791599193e-15,2.5607119741969824e-15,2.4629121799840777e-15,2.4629373552586953e-15,-5.9168177933299331e-16,-5.9169727460355433e-16,-5.890566827534021e-16,-5.8906106772944646e-16,-5.8222927019700355e-16,-5.8221226180073973e-16,-5.1999261092157792e-15,-5.1999668092700171e-15,-5.1783887309826844e-15,-5.1783920837121567e-15,-5.1204505594434228e-15,-5.1203179546115191e-15,6.7537271587524933e-16,6.7536370465671063e-16,6.7370547128040958e-16,6.7371920336436897e-16,6.6779748779122071e-16,6.6780898594005131e-16,-2.7909348256288003e-12,-2.7909328994132957e-12,-2.7041919701759202e-12,-2.7041337788609106e-12,-2.6008549796399572e-12,-2.6008815649349392e-12,-6.2481848799943866e-13,-6.2483485107283715e-13,-6.2204623924078313e-13,-6.2205086979343822e-13,-6.1483632411363491e-13,-6.1481836318232259e-13,-5.4913239262400297e-12,-5.491366907120412e-12,-5.468568703487232e-12,-5.4685722441667252e-12,-5.4073728219272383e-12,-5.407232786624047e-12,7.131908450027818e-13,7.1318132919080965e-13,7.1143037459824624e-13,7.1144487562564918e-13,7.0519170457145437e-13,7.0520384657467362e-13,2.989146136682888,0.0088084846778439113,0.99999568857499488,1.0000415897379731,3.9730676019464936e-05
44,8.9613966845356464e-08,0.99999568429222774,1.0000415566790888,1.0000004619874254,0.0023610807353981189,4.1666159920101078e-05,2.2494942486698757e-05,1.5410667369401297e-12,1.5229223664176056e-12,4.619874253487773e-07,2.7369132390905703e-15,2.6441410862473423e-15,2.6441388928863488e-15,2.5633677623707594e-15,2.5633124432394252e-15,2.467279776971379e-15,2.4673048955288145e-15,-5.8562110227878303e-16,-5.8563634136749852e-16,-5.8324625692839597e-16,-5.8325051866935127e-16,-5.7705037725634523e-16,-5.7703373353215562e-16,-5.1441708909254048e-15,-5.1442110800124236e-15,-5.1246002615199674e-15,-5.1246028594167162e-15,-5.0719555246549898e-15,-5.0718246801808491e-15,6.6916026044046992e-16,6.6915125439470122e-16,6.6768032935286217e-16,6.6769382976657419e-16,6.6234723710409636e-16,6.6235839308344929e-16,-2.7922374742450769e-12,-2.7922351581219869e-12,-2.7069384696421606e-12,-2.7068800521606348e-12,-2.6054673586631949e-12,-2.6054938840660928e-12,-6.1841838866365105e-13,-6.1843448120792303e-13,-6.1591040948233707e-13,-6.1591490989822592e-13,-6.0936739974344251e-13,-6.0934982390705614e-13,-5.4324443535905405e-12,-5.4324867948678962e-12,-5.4117663497530187e-12,-5.4117690932987675e-12,-5.3561608565942719e-12,-5.3560226802799677e-12,7.0663051638332397e-13,7.066210060338352e-13,7.05067845372807e-13,7.050821017573172e-13,6.9943625406876396e-13,6.9944803474214792e-13,2.9662282810461993,0.008667411674622252,0.99999569248059594,1.0000415566790888,3.9373608327662384e-05
45,9.1650647910023659e-08,0.99999568769622948,1.0000415247321477,1.0000004727697653,0.0023460969242691775,4.1401739537794337e-05,2.2873196074672411e-05,1.5410667535564277e-12,1.5229223826003506e-12,4.7276976539825786e-07,2.7369132390905703e-15,2.6450447870787325e-15,2.6450422592043203e-15,2.5654477931311738e-15,2.5653922919076235e-15,2.4709644037754499e-15,2.4709894597718615e-15,-5.7966700304111929e-16,-5.7968200427881805e-16,-5.775073715172336e-16,-5.7751152555843642e-16,-5.7185198867699058e-16,-5.7183567625399216e-16,-5.0895262797260053e-15,-5.0895659800477658e-15,-5.0716050149535161e-15,-5.0716069656734468e-15,-5.0234463862535929e-15,-5.0233171717846253e-15,6.6308090614140753e-16,6.6307191919302793e-16,6.6172546292505525e-16,6.6173875054193296e-16,6.5684900271377243e-16,6.5685983359442057e-16,-2.7931919446601465e-12,-2.7931892752899859e-12,-2.7091351546447754e-12,-2.7090765448693396e-12,-2.6093585135343102e-12,-2.609384972873954e-12,-6.121308358194575e-13,-6.1214667719202647e-13,-6.0985012636279919e-13,-6.0985451304731705e-13,-6.038778872354424e-13,-6.0386066125422358e-13,-5.3747376159534524e-12,-5.3747795410740891e-12,-5.3558016440997066e-12,-5.3558037042004619e-12,-5.3049339450043456e-12,-5.3047974900228188e-12,7.0021074204786902e-13,7.0020125186522039e-13,6.9877952697250396e-13,6.9879355864436862e-13,6.9363013349864669e-13,6.9364157086888762e-13,2.9440609693555686,0.0085289982444397387,0.99999569622582418,1.0000415247321477,3.9014186272592101e-05
46,9.368732897469084e-08,0.99999569094062657,1.0000414938566273,1.0000004834782994,0.0023323506829631998,4.1159158638306969e-05,2.3243882111098041e-05,1.5410667700589858e-12,1.5229223986781501e-12,4.8347829955249276e-07,2.7369132390905703e-15,2.6460335677906363e-15,2.6460307307673368e-15,2.5676393836097468e-15,2.5675837123731696e-15,2.474680649741333e-15,2.4747056467408081e-15,-5.7381833458388379e-16,-5.7383311399813396e-16,-5.7184434096573579e-16,-5.7184839967291096e-16,-5.6665391951688978e-16,-5.6663790634099062e-16,-5.0359729919486173e-15,-5.0360122195810927e-15,-5.0194378282337907e-15,-5.0194392254531512e-15,-4.9750999386386169e-15,-4.9749722428028576e-15,6.5712204662414711e-16,6.5711309124109108e-16,6.5584317318153632e-16,6.5585626523218726e-16,6.513304051639959e-16,6.5134092916808117e-16,-2.7942362591916102e-12,-2.7942332633590943e-12,-2.7114496468424395e-12,-2.7113908575286913e-12,-2.6132830570560458e-12,-2.613309454096099e-12,-6.0595461820272178e-13,-6.0597022532877927e-13,-6.0386994598523003e-13,-6.0387423199662597e-13,-5.9838871144459569e-13,-5.9837180146932362e-13,-5.3181833498737845e-12,-5.3182247758147021e-12,-5.300711378136395e-12,-5.3007128537179256e-12,-5.2538787945018609e-12,-5.2537439432412034e-12,6.939182097323694e-13,6.9390875288263821e-13,6.9256784942024647e-13,6.9258167457493511e-13,6.8780250998273409e-13,6.8781362329236009e-13,2.9221698450034843,0.0083878122796548597,0.99999569977003833,1.0000414938566273,3.865370268165643e-05
47,9.5724010039358035e-08,0.99999569401407074,1.000041463998401,1.0000004941143898,0.002317683022511537,4.0900317389521936e-05,2.3607207909910191e-05,1.5410667864499033e-12,1.5229224146522778e-12,4.9411438988912822e-07,2.7369132390905703e-15,2.6467431520497023e-15,2.6467400382989695e-15,2.569383891485332e-15,2.5693280757759554e-15,2.477826853171981e-15,2.4778517864176307e-15,-5.6807404166013809e-16,-5.680886137626115e-16,-5.662604642791441e-16,-5.6626443910867331e-16,-5.6147173362680962e-16,-5.614559955780322e-16,-4.9834921286730678e-15,-4.9835308995857871e-15,-4.9681248707097065e-15,-4.968125795454513e-15,-4.927055502530299e-15,-4.9269292303328606e-15,6.5127876571894054e-16,6.5126985065564908e-16,6.5003945678200405e-16,6.50052367952375e-16,6.4581546550903748e-16,6.4582570107414246e-16,-2.7949857393011086e-12,-2.7949824512429759e-12,-2.7132920155287578e-12,-2.7132330736472708e-12,-2.6166056299697674e-12,-2.6166319596868729e-12,-5.9988862147974933e-13,-5.9990400968367912e-13,-5.9797335214115726e-13,-5.9797754957742475e-13,-5.9291630792312632e-13,-5.9289968848302363e-13,-5.2627615982078843e-12,-5.2628025418338028e-12,-5.2465231899570806e-12,-5.2465241665861447e-12,-5.2031425379884031e-12,-5.2030091901316303e-12,6.8774772798165529e-13,6.877383137095094e-13,6.8643914515581593e-13,6.8645277930160874e-13,6.819787496149164e-13,6.8198955833396771e-13,2.9009794115986538,0.0082557611136280587,0.99999570308930097,1.000041463998401,3.8293299695888014e-05
48,9.776069110402523e-08,0.99999569690665502,1.0000414350722577,1.0000005046795211,0.0023022389348211197,4.0627774473948795e-05,2.3963355221731069e-05,1.5410668027314681e-12,1.5229224305241354e-12,5.0467952114356229e-07,2.7369132390905703e-15,2.6475388641251657e-15,2.6475354963110455e-15,2.5712380766714408e-15,2.5711821252246922e-15,2.4810309810141452e-15,2.4810558532781494e-15,-5.6243289565730102e-16,-5.6244727302780612e-16,-5.6075825371634195e-16,-5.6076215360868422e-16,-5.5631774770282861e-16,-5.5630226086688445e-16,-4.9320644175150857e-15,-4.9321027451306221e-15,-4.9176851493547344e-15,-4.9176856712422907e-15,-4.8794236476622179e-15,-4.8792987192373763e-15,6.455400372932666e-16,6.4553116996601326e-16,6.4431458113689685e-16,6.4432732457124044e-16,6.403217665839401e-16,6.4033173267537441e-16,-2.7958261705379079e-12,-2.7958226141871051e-12,-2.7152502039308361e-12,-2.715191118706146e-12,-2.619989370787628e-12,-2.6200156361092342e-12,-5.9393154824247764e-13,-5.9394673080860629e-13,-5.9216299781405577e-13,-5.9216711611634543e-13,-5.8747368320792674e-13,-5.8745732904943449e-13,-5.2084520094364106e-12,-5.2084924849220439e-12,-5.1932571538290829e-12,-5.1932577050245417e-12,-5.1528419457193181e-12,-5.1527100169261463e-12,6.8168765324730626e-13,6.8167828938428704e-13,6.803936965613481e-13,6.8040715357855185e-13,6.7617741977021185e-13,6.7618794392600397e-13,2.8800782649392511,0.008126959888144842,0.99999570616987399,1.0000414350722577,3.793400540935926e-05
49,9.9797372168692425e-08,0.99999569962473411,1.0000414069886783,1.0000005151749929,0.0022861472755762949,4.0343803817027747e-05,2.4312524549711183e-05,1.5410668189056832e-12,1.5229224462951093e-12,5.1517499301620817e-07,2.7369132390905703e-15,2.6481061762606958e-15,2.6481025825934572e-15,2.5727121053805824e-15,2.5726560393084571e-15,2.4837488507479312e-15,2.4837736572895215e-15,-5.568937129068833e-16,-5.5690790705963969e-16,-5.5533962648881555e-16,-5.5534345970386057e-16,-5.5120178959834963e-16,-5.5118653676859856e-16,-4.881670857998324e-15,-4.8817087577161329e-15,-4.8681322969588158e-15,-4.8681324750950238e-15,-4.8322921814690585e-15,-4.8321685292110871e-15,6.3990220882306026e-16,6.3989339357367392e-16,6.3867297197492051e-16,6.3868555852016512e-16,6.3486552595624735e-16,6.348752411534692e-16,-2.7964254090613829e-12,-2.7964216142076942e-12,-2.7168069434338886e-12,-2.716747737160358e-12,-2.6228596183258284e-12,-2.6228858142456241e-12,-5.8808214854437799e-13,-5.8809713763177501e-13,-5.864409076145476e-13,-5.8644495550534217e-13,-5.8207121560372873e-13,-5.8205510855657865e-13,-5.155234519185347e-12,-5.1552745427934788e-12,-5.1409276686222406e-12,-5.1409278568024542e-12,-5.1030697497656351e-12,-5.1029391686431202e-12,6.7573412848191465e-13,6.7572481961296872e-13,6.7443617718587184e-13,6.7444946852878756e-13,6.7041564610974908e-13,6.7042590532211728e-13,2.8598268113504655,0.0080108667161898021,0.99999570901533519,1.0000414069886783,3.7576662906164377e-05
50,1.0183405323335962e-07,0.9999957021763749,1.0000413796450045,1.0000005256022182,0.0022695305862555238,4.0050567916957959e-05,2.4654893828294645e-05,1.5410668349747258e-12,1.5229224619666983e-12,5.2560221829897488e-07,2.7369132390905703e-15,2.6487671556991358e-15,2.6487633543534522e-15,2.574298972072173e-15,2.5742427978952162e-15,2.4865371374787845e-15,2.4865618802177903e-15,-5.5145510068454814e-16,-5.5146912156086388e-16,-5.5000594119803751e-16,-5.5000971409919114e-16,-5.4613174704028524e-16,-5.4611671030076435e-16,-4.8322918419341646e-15,-4.8323293291314952e-15,-4.8194746927098849e-15,-4.8194745774674127e-15,-4.7857309219138819e-15,-4.7856084894287814e-15,6.3435645766901726e-16,6.3434769801129474e-16,6.3311379854581406e-16,6.3312623780916483e-16,6.2945744579927283e-16,6.2946692860244723e-16,-2.7971235605294689e-12,-2.7971195463650746e-12,-2.7184828402605254e-12,-2.7184235198237413e-12,-2.6258042260768635e-12,-2.6258303546221634e-12,-5.8233895167479297e-13,-5.8235375778152135e-13,-5.8080851625817937e-13,-5.8081250045726736e-13,-5.7671723463061104e-13,-5.7670135577549199e-13,-5.1030884212845863e-12,-5.1031280092543125e-12,-5.089543585127212e-12,-5.0895434634878117e-12,-5.0538996843759989e-12,-5.0537703913707638e-12,6.6987783701602112e-13,6.6986858685170199e-13,6.6856570975625069e-13,6.6857884557002444e-13,6.6470473006225517e-13,6.6471474386731618e-13,2.8398666536970203,0.0079012998825190774,0.99999571163856449,1.0000413796450045,3.7221977059635735e-05
51,1.038707342980268e-07,0.9999957045824811,1.000041352948857,1.0000005359624564,0.0022524941402640537,3.97499245410206e-05,2.4990656850903167e-05,1.5410668509405369e-12,1.5229224775403889e-12,5.3596245646158097e-07,2.7369132390905703e-15,2.6492468649775273e-15,2.6492428784814671e-15,2.5755668713868336e-15,2.575510606682297e-15,2.4889050662232962e-15,2.488929740749608e-15,-5.4611563244788635e-16,-5.4612948931222053e-16,-5.4475807030822043e-16,-5.4476178883480578e-16,-5.4111394425235926e-16,-5.4109911127448636e-16,-4.7839075609352598e-15,-4.7839446538035798e-15,-4.7717162153519929e-15,-4.7717158489655416e-15,-4.7397946358563728e-15,-4.7396733751028739e-15,6.2890066471400371e-16,6.2889196196119527e-16,6.2764035119240873e-16,6.2765265092190158e-16,6.2410830004007414e-16,6.241175680456552e-16,-2.7976302886254255e-12,-2.7976260789397654e-12,-2.7198219041126926e-12,-2.7197624880743294e-12,-2.6283049313767919e-12,-2.6283309878905085e-12,-5.7670045121042031e-13,-5.767150841197881e-13,-5.7526674509626731e-13,-5.752706718755995e-13,-5.7141841874002405e-13,-5.7140275505791394e-13,-5.0519927980813285e-12,-5.0520319696236432e-12,-5.0391090013683027e-12,-5.0391086145108493e-12,-5.0053895890101148e-12,-5.0052615333895902e-12,6.6411654107089157e-13,6.6410735099797874e-13,6.6278576885272461e-13,6.6279875731927418e-13,6.5905604882389938e-13,6.5906583580343364e-13,2.8205056085160263,0.0078055912997489927,0.99999571406546861,1.000041352948857,3.6870478042168551e-05
52,1.05907415362694e-07,0.99999570686311368,1.0000413268118307,1.0000005462570742,0.0022351349500394475,3.9443585674611641e-05,2.5319986895900321e-05,1.5410668668052229e-12,1.5229224930177779e-12,5.4625707443032312e-07,2.7369132390905703e-15,2.6498285671455792e-15,2.6498244081558898e-15,2.5769535024548298e-15,2.5768971518346111e-15,2.4913502348578154e-15,2.4913748429901966e-15,-5.4087364545803491e-16,-5.4088734631605279e-16,-5.3959638659432417e-16,-5.3960005532622645e-16,-5.3615342358460231e-16,-5.36138780658766e-16,-4.7364973965816377e-15,-4.7365341140886358e-15,-4.724856072945635e-15,-4.7248554915072253e-15,-4.6945254910802679e-15,-4.6944053616903322e-15,6.2352804262704699e-16,6.2351939793033628e-16,6.2225088931314388e-16,6.2226305645150793e-16,6.1882392513567663e-16,6.1883299538310398e-16,-2.7982447213951371e-12,-2.7982403295536327e-12,-2.7212863488245638e-12,-2.7212268420547795e-12,-2.6308872015583193e-12,-2.6309131879610409e-12,-5.7116489130227216e-13,-5.7117935946830211e-13,-5.6981598780420607e-13,-5.6981986200015351e-13,-5.6618009271613851e-13,-5.6616462972964479e-13,-5.0019258764019693e-12,-5.0019646515475738e-12,-4.9896230827686065e-12,-4.9896224688076352e-12,-4.9575839977357153e-12,-4.957457136870342e-12,6.5844307325078899e-13,6.5843394448491666e-13,6.5709451639537714e-13,6.5710736484617957e-13,6.534757656398488e-13,6.5348534378746215e-13,2.801430086264503,0.0077162865455289728,0.99999571632636997,1.0000413268118307,3.6522578487723599e-05
53,1.0794409642736119e-07,0.99999570904617074,1.0000413011664595,1.0000005564873138,0.0022175332841481619,3.9132967822840957e-05,2.5643070193085656e-05,1.5410668825706971e-12,1.5229225084004486e-12,5.5648731372180868e-07,2.7369132390905703e-15,2.6502685692757466e-15,2.6502642541869509e-15,2.5780754508951567e-15,2.5780190287336169e-15,2.4934307896897018e-15,2.4934553280561092e-15,-5.3572741018088867e-16,-5.3574096266115356e-16,-5.3452082196934185e-16,-5.345244452769835e-16,-5.3125412260878298e-16,-5.3123966068404258e-16,-4.6900403962063828e-15,-4.6900767595185973e-15,-4.6788893897647087e-15,-4.6788886235295586e-15,-4.6499544881874711e-15,-4.6498354549863163e-15,6.182376909233738e-16,6.182291040936038e-16,6.1694755562552069e-16,6.1695959576407869e-16,6.13611106115431e-16,6.1361999438582081e-16,-2.7987095169261522e-12,-2.7987049602413811e-12,-2.7224712852999796e-12,-2.7224117029782792e-12,-2.6330844351195225e-12,-2.6331103478502845e-12,-5.6573044556392136e-13,-5.6574475704240357e-13,-5.6445617250263562e-13,-5.644599987303855e-13,-5.6100641468879977e-13,-5.6099114284009897e-13,-4.9528655299776e-12,-4.9529039310794292e-12,-4.9410806818875684e-12,-4.9410798727737857e-12,-4.9105156513141802e-12,-4.9103899480584403e-12,6.5285648264472758e-13,6.5284741498614324e-13,6.5149421507050656e-13,6.5150692940996022e-13,6.4797104543985266e-13,6.4798043142034294e-13,2.7829046293088711,0.0076388106137148803,0.99999571845792612,1.0000413011664595,3.6178561323370074e-05
54,1.0998077749202839e-07,0.9999957111551302,1.0000412759585673,1.000000566654508,0.002199761391433166,3.8819345966186813e-05,2.5960073679892722e-05,1.5410668982390147e-12,1.5229225236900783e-12,5.6665450797700406e-07,2.7369132390905703e-15,2.6508151463453542e-15,2.6508106824153458e-15,2.5793215688929319e-15,2.5792650779363268e-15,2.4955943545846324e-15,2.4956188256736256e-15,-5.3067498620479619e-16,-5.3068839691627936e-16,-5.2953087496274741e-16,-5.2953445626566514e-16,-5.2641904300024772e-16,-5.2640475123980976e-16,-4.6445149916118031e-15,-4.6445510220605046e-15,-4.6338072517429148e-15,-4.6338063270600765e-15,-4.6061029422095875e-15,-4.6059849750801284e-15,6.1302433897656801e-16,6.1301581023932099e-16,6.117276634307483e-16,6.1173958178622153e-16,6.0847207635859018e-16,6.0848079757666173e-16,-2.7992868555642425e-12,-2.7992821417005384e-12,-2.7237873446211386e-12,-2.7237276896475661e-12,-2.6353693264395519e-12,-2.6353951681263144e-12,-5.6039506491967989e-13,-5.6040922668971925e-13,-5.5918676965432592e-13,-5.5919055152492127e-13,-5.5590055447272975e-13,-5.5588546231812939e-13,-4.9047889823890977e-12,-4.9048270319737208e-12,-4.8934723863876977e-12,-4.8934714099466378e-12,-4.8642070617969044e-12,-4.8640824843464182e-12,6.4735120348875969e-13,6.4734219717566622e-13,6.4598202771924489e-13,6.4599461345621392e-13,6.4254424662886624e-13,6.4255345620267784e-13,2.7646541316011661,0.0075653340566051545,0.99999572049514784,1.0000412759585673,3.5838638133971369e-05
55,1.1201745855669558e-07,0.99999571321649861,1.0000412511570709,1.000000576759881,0.002181877237676494,3.8503743030933724e-05,2.6271174269968451e-05,1.541066913812062e-12,1.5229225388883203e-12,5.7675988115253949e-07,2.7369132390905703e-15,2.6512495469262034e-15,2.6512449451353602e-15,2.580348632592533e-15,2.5802920842452112e-15,2.4974428774278087e-15,2.4974672794093049e-15,-5.2571439191415207e-16,-5.2572766728618891e-16,-5.2462569389663454e-16,-5.2462923653508521e-16,-5.2165035240085423e-16,-5.2163622391835536e-16,-4.5998995489762942e-15,-4.5999352686066362e-15,-4.5895974334256663e-15,-4.5895963727084121e-15,-4.5629834747189581e-15,-4.5628665466869307e-15,6.078878225644032e-16,6.0787935145385393e-16,6.0659218187092974e-16,6.0660398275091369e-16,6.0341056900304979e-16,6.0341913666155091e-16,-2.7997457338078228e-12,-2.7997408743605692e-12,-2.7248720792398167e-12,-2.7248123636575461e-12,-2.6373215288548127e-12,-2.6373472975649672e-12,-5.5515665678074341e-13,-5.5517067563174337e-13,-5.5400687989831114e-13,-5.5401062093907506e-13,-5.5086480113493692e-13,-5.5084988140241222e-13,-4.8576733877925059e-12,-4.8577111091405931e-12,-4.8467852867178909e-12,-4.8467841666186406e-12,-4.8186715602126463e-12,-4.8185480800817296e-12,6.4192706236160708e-13,6.4191811690210161e-13,6.4055897773629778e-13,6.4057143941957075e-13,6.3719931135107204e-13,6.3720835876650024e-13,2.7469077195675125,0.007500119371675551,0.99999572247302371,1.0000412511570709,3.5502946745760991e-05
56,1.1405413962136277e-07,0.99999571524948627,1.0000412267442336,1.000000586804743,0.0021639327356460427,3.8187075125394572e-05,2.6576530188251305e-05,1.5410669292918574e-12,1.5229225539969119e-12,5.8680474303926261e-07,2.7369132390905703e-15,2.6517888961214481e-15,2.6517841595182717e-15,2.5815020034443035e-15,2.581445398708872e-15,2.4993804892253152e-15,2.4994048256513158e-15,-5.2084350444924853e-16,-5.2085665004929114e-16,-5.1980411663275574e-16,-5.1980762326748799e-16,-5.1694952567388821e-16,-5.1693555162901649e-16,-4.5561722780017621e-15,-4.5562077078183243e-15,-4.5462447177507621e-15,-4.5462435411376033e-15,-4.520601298048231e-15,-4.5204853856571553e-15,6.0282387142184358e-16,6.028154582244251e-16,6.0153755091448943e-16,6.0154923856895477e-16,5.9842610361707226e-16,5.9843453022609879e-16,-2.8003154375187219e-12,-2.8003104357072949e-12,-2.7260901937516859e-12,-2.7260304186195764e-12,-2.6393678080390172e-12,-2.639393507523457e-12,-5.500129794024198e-13,-5.5002686121363674e-13,-5.4891527602308817e-13,-5.4891897904379022e-13,-5.4590071216032769e-13,-5.458859555144775e-13,-4.8114957349905863e-12,-4.8115331502839713e-12,-4.8010033138334064e-12,-4.8010020713428655e-12,-4.7739146527579975e-12,-4.7737922451758173e-12,6.3657954987765819e-13,6.3657066557420954e-13,6.3522130572908012e-13,6.3523364784660764e-13,6.3193573224132385e-13,6.3194463070898044e-13,2.7294239080629676,0.0074344310379869235,0.99999572442015872,1.0000412267442336,3.5171600098735311e-05
57,1.1609082068602996e-07,0.999995717273091,1.0000412027200143,1.0000005967902978,0.0021459689668734796,3.7870067218284976e-05,2.6876306823879683e-05,1.5410669446802568e-12,1.5229225690175431e-12,5.9679029793711268e-07,2.7369132390905703e-15,2.6522350628312032e-15,2.6522301985890663e-15,2.5824720542089941e-15,2.5824154018927833e-15,2.5010474554334285e-15,2.5010717260901706e-15,-5.1606021951703787e-16,-5.160732408407452e-16,-5.1506476971368033e-16,-5.1506824297330671e-16,-5.1231742700449771e-16,-5.1230360198840793e-16,-4.5133117286810968e-15,-4.5133468888674589e-15,-4.5037317206841633e-15,-4.5037304456599983e-15,-4.4789552373399095e-15,-4.4788403192213903e-15,5.9783267926867516e-16,5.9782432393415892e-16,5.965637380587196e-16,5.965753161256187e-16,5.9352010190362107e-16,5.9352839852472006e-16,-2.8007867384614746e-12,-2.8007816018611647e-12,-2.7271147189904969e-12,-2.7270548936092359e-12,-2.6411282810977314e-12,-2.6411539111306883e-12,-5.4496181064528059e-13,-5.4497556122014311e-13,-5.4391050766039196e-13,-5.4391417543684379e-13,-5.4100920015050676e-13,-5.4099460087957545e-13,-4.7662333720604953e-12,-4.7662705026138277e-12,-4.7561081100776332e-12,-4.7561067636603609e-12,-4.7299351001531996e-12,-4.7298137425541048e-12,6.3130887060288994e-13,6.3130004740245898e-13,6.2996897736433514e-13,6.2998120375778791e-13,6.2675501058530983e-13,6.2676377178616038e-13,2.7124029455155694,0.0073725994683803307,0.99999572636109024,1.0000412027200143,3.4844681700627663e-05
58,1.1812750175069715e-07,0.99999571929787978,1.0000411790916546,1.0000006067178209,0.0021280234484774849,3.7553381376870688e-05,2.7170651349264041e-05,1.5410669599792251e-12,1.5229225839519653e-12,6.0671782091011658e-07,2.7369132390905703e-15,2.6527781081925185e-15,2.6527731169762774e-15,2.5835655247141881e-15,2.5835088244081605e-15,2.5028090454645376e-15,2.5028332549099991e-15,-5.1136237409493876e-16,-5.1137527587138956e-16,-5.104061195235538e-16,-5.104095615206866e-16,-5.0775444847596984e-16,-5.0774076512384219e-16,-4.4712967150536833e-15,-4.471331623742094e-15,-4.4620393275242172e-15,-4.4620379702378074e-15,-4.4380390425766272e-15,-4.4379251001088715e-15,5.9291063883768701e-16,5.929023421377536e-16,5.9166659467959668e-16,5.916780669015878e-16,5.8869014780080566e-16,5.8869832452493967e-16,-2.8013603427944098e-12,-2.8013550721074488e-12,-2.7282695749137436e-12,-2.7282096988515284e-12,-2.6429886756993924e-12,-2.6430142410941273e-12,-5.4000086635026384e-13,-5.4001449068271201e-13,-5.3899095531168866e-13,-5.3899459007482375e-13,-5.3619067916136779e-13,-5.3617622948807459e-13,-4.7218639258638731e-12,-4.7219007908254841e-12,-4.7120794899845108e-12,-4.7120780566941578e-12,-4.6867263032477317e-12,-4.6866059759664564e-12,6.2611121527738708e-13,6.2610245399484719e-13,6.2479761170472214e-13,6.2480972632632836e-13,6.2165459501033316e-13,6.2166322960040107e-13,2.6956329578104299,0.0073062635464206729,0.99999572831194394,1.0000411790916546,3.4522278804301063e-05
59,1.2016418281536433e-07,0.99999572133306391,1.0000411558753639,1.000000616588496,0.0021101261056243495,3.7237545692692838e-05,2.7459715899328692e-05,1.5410669751905873e-12,1.5229225988018741e-12,6.1658849607734389e-07,2.7369132390905703e-15,2.6532378533026799e-15,2.6532327404409676e-15,2.584501386773201e-15,2.5844446452468695e-15,2.5043384981746649e-15,2.5043626474962843e-15,-5.0674788329259575e-16,-5.0676067022918446e-16,-5.0582656203187486e-16,-5.0582997484337145e-16,-5.0326058060280748e-16,-5.0324703458879115e-16,-4.4301066457167286e-15,-4.4301413192353954e-15,-4.4211474529147165e-15,-4.4211460275264663e-15,-4.3978424591023797e-15,-4.3977294752385546e-15,5.8805811614509854e-16,5.8804987860449962e-16,5.8684545812139144e-16,5.8685682777442037e-16,5.8393607202964069e-16,5.8394413759769601e-16,-2.8018459800039668e-12,-2.8018405808577151e-12,-2.7292579932848287e-12,-2.7291980736904037e-12,-2.6446039292581849e-12,-2.6446294311629866e-12,-5.3512794486566075e-13,-5.3514144792671754e-13,-5.3415492511853908e-13,-5.3415852906153342e-13,-5.3144513918714072e-13,-5.3143083454337524e-13,-4.6783656511069029e-12,-4.6784022677200703e-12,-4.6688962429321087e-12,-4.6688947377224444e-12,-4.644277433595906e-12,-4.64415811863037e-12,6.2098697041434861e-13,6.2097827160385314e-13,6.1970650898521799e-13,6.1971851529438066e-13,6.1663430674336137e-13,6.1664282395299008e-13,2.6792904732173248,0.00723899250498265,0.99999573028371103,1.0000411558753639,3.4204470533479767e-05
60,1.2220086388003153e-07,0.99999572338014442,1.0000411330872148,1.0000006264035552,0.0020923052531530597,3.6923059839731903e-05,2.7743635247360867e-05,1.5410669903162415e-12,1.5229226135689916e-12,6.2640355525810134e-07,2.7369132390905703e-15,2.6537815256620291e-15,2.6537762913292308e-15,2.5855524503043239e-15,2.5854956662456132e-15,2.505965818808265e-15,2.5059899131897038e-15,-5.0221466828149539e-16,-5.0222734438348663e-16,-5.0132446035393587e-16,-5.0132784564235967e-16,-4.9883554101748211e-16,-4.9882212614486565e-16,-4.3897213594286198e-15,-4.389755811665704e-15,-4.3810354125642428e-15,-4.3810339322758836e-15,-4.3583524626733083e-15,-4.358240422619977e-15,5.8327201780598055e-16,5.8326384064028135e-16,5.820960174085272e-16,5.8210728790527315e-16,5.792542928840956e-16,5.7926225517274413e-16,-2.8024202438137014e-12,-2.8024147163925236e-12,-2.730368063901109e-12,-2.7303080993890209e-12,-2.6463225303388828e-12,-2.6463479742276895e-12,-5.3034085094067856e-13,-5.3035423695992142e-13,-5.2940068852717893e-13,-5.2940426340569631e-13,-5.267722820549063e-13,-5.2675811589691815e-13,-4.6357172567563103e-12,-4.6357536396874642e-12,-4.6265365257423471e-12,-4.626534962554962e-12,-4.6025747377846561e-12,-4.6024564195125413e-12,6.1593286941411468e-13,6.1592423435929456e-13,6.1469111683283951e-13,6.147030184333305e-13,6.1169036350805539e-13,6.1169877165498683e-13,2.6631895651559896,0.0071642827145645968,0.99999573227967475,1.0000411330872148,3.389134573207298e-05
61,1.2423754494469872e-07,0.99999572543987914,1.0000411107445499,1.00000063616414,0.0020745838800329463,3.6610329505967227e-05,2.8022547854061952e-05,1.541067005357947e-12,1.5229226282549679e-12,6.3616413998196115e-07,2.7369132390905703e-15,2.6542453837828339e-15,2.6542400332253575e-15,2.5864627096660023e-15,2.5864058884661259e-15,2.5073925162364829e-15,2.5074165575396634e-15,-4.9776076300627366e-16,-4.9777333228413235e-16,-4.9689820591529379e-16,-4.969015652911845e-16,-4.9447882304776245e-16,-4.9446553583177705e-16,-4.3501212661990792e-15,-4.3501555089951936e-15,-4.3416824892150672e-15,-4.3416809654898185e-15,-4.3195541962182819e-15,-4.3194430863204799e-15,5.7855284113394415e-16,5.7854472523659237e-16,5.7741742854832908e-16,5.7742860287402307e-16,5.7464377489837412e-16,5.7465164060386166e-16,-2.8029102218113479e-12,-2.8029045716556671e-12,-2.7313294426170058e-12,-2.7312694388805208e-12,-2.6478292698283174e-12,-2.6478546576673287e-12,-5.2563750841334836e-13,-5.2565078162584144e-13,-5.2472654687894875e-13,-5.2473009439372704e-13,-5.2217157272334762e-13,-5.2215754137120745e-13,-4.5938980550554138e-12,-4.593934216808785e-12,-4.5849784604065517e-12,-4.5849768513470587e-12,-4.5616025267513854e-12,-4.5614851907526477e-12,6.1094943744146012e-13,6.1094086708579037e-13,6.0975054399737195e-13,6.0976234404158304e-13,6.0682167185257231e-13,6.0682997800802355e-13,2.6474868362329063,0.0070860601388562164,0.99999573429931621,1.0000411107445499,3.3582985157379757e-05
62,1.2627422600936592e-07,0.99999572750725607,1.000041088859432,1.0000006458714377,0.0020569843383044352,3.629974913944833e-05,2.8296576275687087e-05,1.5410670203175338e-12,1.5229226428614722e-12,6.4587143777515275e-07,2.7369132390905703e-15,2.6547779101548342e-15,2.6547724445216591e-15,2.5874756328422501e-15,2.5874187728434956e-15,2.5089165593670006e-15,2.5089405529018339e-15,-4.9338423923339934e-16,-4.9339670505577995e-16,-4.9254623007770869e-16,-4.9254956481641212e-16,-4.9018980084227411e-16,-4.9017663603936282e-16,-4.3112870967192115e-15,-4.3113211397157385e-15,-4.3030681376211263e-15,-4.3030665810483754e-15,-4.2814319393255242e-15,-4.2813217476081615e-15,5.738979594534033e-16,5.7388990618849119e-16,5.7280564230196547e-16,5.7281672353966109e-16,5.7010050192758709e-16,5.7010827704155548e-16,-2.8034727128956322e-12,-2.8034669412189618e-12,-2.7323992339735452e-12,-2.7323391892621863e-12,-2.6494388057538277e-12,-2.6494641431503236e-12,-5.2101588106171229e-13,-5.210290450247754e-13,-5.2013084368777426e-13,-5.2013436518559354e-13,-5.1764235029639758e-13,-5.1762844821289699e-13,-4.5528876969260671e-12,-4.5529236476833038e-12,-4.5442003505807779e-12,-4.5441987068319884e-12,-4.5213441996507567e-12,-4.5212278332794168e-12,6.0603390074105611e-13,6.0602539652502188e-13,6.0488051450295205e-13,6.0489221624657335e-13,6.0202399074375997e-13,6.0203220123487743e-13,2.6320187412772902,0.0069978173891015001,0.99999573633684591,1.000041088859432,3.3279469273260914e-05
63,1.2831090707403311e-07,0.99999572957801475,1.0000410674409581,1.0000006555265371,0.0020395248417944701,3.5991640160876702e-05,2.8565846368700204e-05,1.5410670351966796e-12,1.5229226573900757e-12,6.5552653722522715e-07,2.7369132390905703e-15,2.6552308983700609e-15,2.6552253239818673e-15,2.588357779840623e-15,2.5883008856729675e-15,2.510263991392214e-15,2.5102879392568914e-15,-4.8908328482595268e-16,-4.8909565059292757e-16,-4.8826703329468614e-16,-4.8827034461525861e-16,-4.8596774732641135e-16,-4.859547021050688e-16,-4.2731999181876758e-15,-4.2732337693027901e-15,-4.2651723191850611e-15,-4.2651707387218612e-15,-4.2439697428201449e-15,-4.2438604578569988e-15,5.6930800463402804e-16,5.6930001491982599e-16,5.6826001329923717e-16,5.6827100410101863e-16,5.6562322514741584e-16,5.6563091468434245e-16,-2.803951209866924e-12,-2.8039453233440964e-12,-2.7333309233764494e-12,-2.7332708425795956e-12,-2.6508618374971163e-12,-2.6508871266668135e-12,-5.1647405526249613e-13,-5.1648711356661325e-13,-5.1561199542879537e-13,-5.1561549219697567e-13,-5.1318384698541381e-13,-5.131700711804736e-13,-4.5126661886873433e-12,-4.5127019368104459e-12,-4.5041810349923067e-12,-4.5041793660133042e-12,-4.4817829140309174e-12,-4.4816675052205331e-12,6.0118692656850178e-13,6.0117848946178989e-13,6.0008034684614854e-13,6.0009195308979023e-13,5.9729600143048589e-13,5.9730412155254208e-13,2.616924588933069,0.0069051910457742912,0.99999573838512656,1.0000410674409581,3.2980859509506522e-05
64,1.3034758813870031e-07,0.99999573164435307,1.0000410464913625,1.0000006651305642,0.0020222231137699137,3.5686315334005127e-05,2.8830469995880258e-05,1.5410670499971191e-12,1.5229226718423568e-12,6.6513056413640387e-07,2.7369132390905703e-15,2.6557377130007137e-15,2.6557320327240415e-15,2.5893276659234542e-15,2.5892707360434317e-15,2.5117039988391816e-15,2.5117279060326168e-15,-4.8485612713325064e-16,-4.8486839567102996e-16,-4.8405917400929806e-16,-4.8406246287202283e-16,-4.8181190967774981e-16,-4.8179897955631262e-16,-4.2358408702899321e-15,-4.2358745358471229e-15,-4.2279755356455049e-15,-4.2279739394247074e-15,-4.2071520248025727e-15,-4.2070436361104447e-15,5.6478077355322805e-16,5.6477284857337146e-16,5.6377704867203471e-16,5.6378795173809991e-16,5.6120809157604957e-16,5.6121570002553776e-16,-2.804486547014363e-12,-2.8044805486725521e-12,-2.7343552651086245e-12,-2.7342951465963911e-12,-2.6523826286852269e-12,-2.65240787490697e-12,-5.1201015909019223e-13,-5.120231147198607e-13,-5.111684798146036e-13,-5.1117195286721081e-13,-5.0879526781180857e-13,-5.0878161355277898e-13,-4.4732136132395869e-12,-4.4732491654064062e-12,-4.4648999230207471e-12,-4.4648982374000952e-12,-4.442902215295112e-12,-4.442787752975299e-12,5.9640618843796758e-13,5.9639781969048377e-13,5.9534635257663004e-13,5.9535786617166327e-13,5.9263363518275666e-13,5.9264166967675363e-13,2.6020597607538942,0.0068024756042634931,0.99999574043457118,1.0000410464913625,3.2687202645679914e-05
65,1.323842692033675e-07,0.99999573370067518,1.0000410260092405,1.0000006746845449,0.0020050932135908493,3.5384022765362436e-05,2.9090562496281556e-05,1.5410670647204344e-12,1.5229226862197892e-12,6.7468454498109023e-07,2.7369132390905703e-15,2.6561649304254931e-15,2.6561591520332392e-15,2.5901727046885088e-15,2.5901157434118881e-15,2.5129844643266209e-15,2.5130083327787429e-15,-4.8070109122479984e-16,-4.8071326542245659e-16,-4.7992127533547166e-16,-4.7992454265739697e-16,-4.7772149764567729e-16,-4.7770868027007892e-16,-4.1991911564725249e-15,-4.1992246416306366e-15,-4.1914589771378926e-15,-4.191457371822455e-15,-4.170963854535889e-15,-4.1708563514778228e-15,5.6031700089475606e-16,5.6030914130230965e-16,5.5935651416836796e-16,5.5936733177228651e-16,5.5685411913205383e-16,5.5686165021467364e-16,-2.8049378278991294e-12,-2.8049317259466061e-12,-2.7352477661367662e-12,-2.7351876144666845e-12,-2.6537349413019263e-12,-2.6537601466137333e-12,-5.0762242381241905e-13,-5.0763527981850281e-13,-5.0679884285071983e-13,-5.0680229315615968e-13,-5.0447577827279469e-13,-5.0446224307376888e-13,-4.4345101208436278e-12,-4.4345454825019778e-12,-4.4263371510506146e-12,-4.426335455824781e-12,-4.4046863365062396e-12,-4.4045728094441429e-12,5.9169246217471626e-13,5.9168416247609581e-13,5.906782843287639e-13,5.9068970767609695e-13,5.8803585492994658e-13,5.8804380772481059e-13,2.5875480931683676,0.0066957635044383665,0.999995742476535,1.0000410260092405,3.2398516054050306e-05
66,1.344209502680347e-07,0.99999573573958978,1.0000410059875562,1.0000006841895328,0.001988148486689221,3.5084997962736766e-05,2.9346227241918377e-05,1.5410670793682483e-12,1.5229227005238423e-12,6.841895328337487e-07,2.7369132390905703e-15,2.6566337244087954e-15,2.6566278524557661e-15,2.5910904610772613e-15,2.5910334672354886e-15,2.5143491763227695e-15,2.5143730104513394e-15,-4.7661652795370366e-16,-4.7662861019925588e-16,-4.758520033693094e-16,-4.7585524988387334e-16,-4.7369573346941368e-16,-4.7368302493612493e-16,-4.1632318499398352e-15,-4.1632651589066841e-15,-4.1556044452106597e-15,-4.155602836792633e-15,-4.1353911964597525e-15,-4.1352845685813153e-15,5.5591481422757108e-16,5.5590702081120868e-16,5.5499557787501831e-16,5.5500631231552625e-16,5.5255799727954504e-16,5.5256545436643973e-16,-2.8054330132242469e-12,-2.8054268124709807e-12,-2.7362170570110913e-12,-2.7361568709491408e-12,-2.6551762183835122e-12,-2.6552013874505754e-12,-5.0330910792445458e-13,-5.0332186682871974e-13,-5.0250167593222254e-13,-5.0250510426500821e-13,-5.0022455705500251e-13,-5.0021113679384897e-13,-4.396535724236796e-12,-4.3965708998304646e-12,-4.3884735011618775e-12,-4.3884718026587915e-12,-4.3671204560713663e-12,-4.3670078532268323e-12,5.8704377049976967e-13,5.8703554068286199e-13,5.8607315161522872e-13,5.8608448714231146e-13,5.8349916476163762e-13,5.8350703941726765e-13,2.5732607301599724,0.0065804458260233694,0.99999574450206041,1.0000410059875562,3.2114793513372609e-05
67,1.3645763133270189e-07,0.99999573775673267,1.0000409864171209,1.0000006936464845,0.0019713988672621081,3.4789416235611613e-05,2.9597571434761466e-05,1.5410670939420351e-12,1.5229227147558791e-12,6.936464844510556e-07,2.7369132390905703e-15,2.657024544474682e-15,2.6570185878489627e-15,2.5918878529831769e-15,2.5918308307916282e-15,2.5155660372937621e-15,2.515589838649108e-15,-4.7260086224262641e-16,-4.7261285501778978e-16,-4.7185006527035186e-16,-4.7185329168989701e-16,-4.6973381976231971e-16,-4.6972121803304273e-16,-4.1279439412309968e-15,-4.1279770775477922e-15,-4.1203943974119405e-15,-4.1203927906945267e-15,-4.1004209135921092e-15,-4.1003151496617021e-15,5.5157496092702634e-16,5.5156723393526922e-16,5.5069443893726884e-16,5.5070509212170257e-16,5.483192567057383e-16,5.4832664259155864e-16,-2.8058458566983848e-12,-2.8058395665301849e-12,-2.7370592413594083e-12,-2.7369990253570783e-12,-2.6564613629770531e-12,-2.656486497436489e-12,-4.990685481393919e-13,-4.9908121256253657e-13,-4.9827561381740888e-13,-4.982790209297739e-13,-4.9604076212014518e-13,-4.9602745464441315e-13,-4.3592703488647371e-12,-4.3593053421332689e-12,-4.3512904481986938e-12,-4.3512887514908063e-12,-4.3301907013232084e-12,-4.3300790108354633e-12,5.8246090263829614e-13,5.8245274296550832e-13,5.8153116473272578e-13,5.8154241445369826e-13,5.7902306908615152e-13,5.7903086855370465e-13,2.5593074442219148,0.0064629157793192667,0.99999574650446699,1.0000409864171209,3.1835996804228897e-05
68,1.3849431239736909e-07,0.99999573974685996,1.0000409672854962,1.0000007030563669,0.0019548534102760383,3.4497437377626269e-05,2.9844692146677786e-05,1.5410671084432853e-12,1.5229227289172445e-12,7.0305636694221128e-07,2.7369132390905703e-15,2.6574485025402754e-15,2.6574424668469644e-15,2.5927449109103671e-15,2.5926878596112639e-15,2.5168568278929717e-15,2.5168806002286019e-15,-4.6865253197224315e-16,-4.6866443732577218e-16,-4.6791418922148646e-16,-4.6791739614051429e-16,-4.6583497395386967e-16,-4.6582247554290245e-16,-4.0933082608139622e-15,-4.0933412275364822e-15,-4.08581183659327e-15,-4.0858102359661952e-15,-4.0660407720289991e-15,-4.0659358604220003e-15,5.4729576052498931e-16,5.4728810029666171e-16,5.464508551705523e-16,5.4646142904364395e-16,5.4413526380249205e-16,5.4414258108670701e-16,-2.8062936936139777e-12,-2.8062873199498223e-12,-2.7379644331713723e-12,-2.7379041864284225e-12,-2.6578245776129516e-12,-2.6578496814285333e-12,-4.9489909485396666e-13,-4.9491166695948831e-13,-4.9411931346524771e-13,-4.9412269998499348e-13,-4.9192356707569165e-13,-4.9191036870446395e-13,-4.3226937511266428e-12,-4.3227285652971133e-12,-4.3147700428527538e-12,-4.3147683525757771e-12,-4.2938841532564916e-12,-4.2937733628497428e-12,5.7794208402102441e-13,5.7793399485018033e-13,5.770499559413419e-13,5.7706112190982762e-13,5.7460478682242016e-13,5.7461251384691858e-13,2.5455724756343909,0.0063401657981586061,0.9999957484777583,1.0000409672854962,3.1562064555483924e-05
69,1.4053099346203628e-07,0.99999574170781103,1.0000409485800188,1.0000007124200592,0.0019385181302245418,3.4209167526976487e-05,3.008769053564377e-05,1.5410671228733532e-12,1.5229227430091876e-12,7.1242005909235081e-07,2.7369132390905703e-15,2.6577987228193232e-15,2.6577926172520185e-15,2.5934867504430949e-15,2.5934296741475195e-15,2.5180082106644962e-15,2.5180319551167404e-15,-4.6477003356149681e-16,-4.6478185365759016e-16,-4.6404312439066685e-16,-4.6404631240187131e-16,-4.6199838761973834e-16,-4.6198599067851659e-16,-4.0593056119523551e-15,-4.0593384117635148e-15,-4.0518403278152449e-15,-4.0518387368252618e-15,-4.032239291732929e-15,-4.0321352196914806e-15,5.4307785163492945e-16,5.4307025802326516e-16,5.4226533517524366e-16,5.4227583135238721e-16,5.4000608091331938e-16,5.4001333178222065e-16,-2.8066636622299358e-12,-2.8066572147782687e-12,-2.7387479529327639e-12,-2.7386876797905048e-12,-2.6590405760509611e-12,-2.6590656504226212e-12,-4.9079916028145677e-13,-4.9081164235475698e-13,-4.9003145399480022e-13,-4.9003482054780763e-13,-4.8787211822713727e-13,-4.8785902700832732e-13,-4.2867856586778602e-12,-4.2868202965835343e-12,-4.278894929500473e-12,-4.2788932493999673e-12,-4.2581886889400432e-12,-4.258078785141564e-12,5.734879890189452e-13,5.7347997019504472e-13,5.7263006231767957e-13,5.7264114623953064e-13,5.702443838018418e-13,5.7025204069199263e-13,2.5321528503478099,0.0062180414661117504,0.99999575041845423,1.0000409485800188,3.1292909541892341e-05
70,1.4256767452670345e-07,0.99999574363671262,1.0000409302868216,1.0000007217384399,0.0019223982573364187,3.3924698981882461e-05,3.0326659108784336e-05,1.5410671372335933e-12,1.5229227570329332e-12,7.2173843994869851e-07,2.7369132390905703e-15,2.6581776313681019e-15,2.6581714616326586e-15,2.5942785585636798e-15,2.5942214567836527e-15,2.5192231166952875e-15,2.5192468364148838e-15,-4.6095187411049334e-16,-4.6096361073591004e-16,-4.6023562916787112e-16,-4.6023879879449203e-16,-4.5822325567895255e-16,-4.582109570250607e-16,-4.0259168033279063e-15,-4.0259494386583148e-15,-4.0184639086469177e-15,-4.0184623307035801e-15,-3.9990056455716893e-15,-3.9989023996976524e-15,5.3891960260667634e-16,5.3891207556632436e-16,5.3813604639250952e-16,5.3814646656025626e-16,5.3592968230261593e-16,5.3593686886952708e-16,-2.8070639254661807e-12,-2.8070574102522943e-12,-2.7395842396912814e-12,-2.7395239396343815e-12,-2.6603236554393226e-12,-2.6603487036943014e-12,-4.8676716791428095e-13,-4.8677956184218908e-13,-4.8601072426328851e-13,-4.8601407140211108e-13,-4.838855654101216e-13,-4.8387257798308825e-13,-4.2515258048729163e-12,-4.2515602690805791e-12,-4.2436482514640933e-12,-4.2436465851406782e-12,-4.2230928748840957e-12,-4.2229838435450957e-12,5.6909689461278855e-13,5.6908894608795375e-13,5.6826954868212519e-13,5.6828055233833669e-13,5.6593972085076224e-13,5.6594730983823567e-13,2.5189438614502402,0.006094558487896742,0.99999575232375482,1.0000409302868216,3.1028429406171125e-05
71,1.4460435559137064e-07,0.99999574553329063,1.0000409123930241,1.0000007310123022,0.0019065243747869486,3.3644571445816819e-05,3.0561694489398486e-05,1.5410671515252273e-12,1.5229227709896126e-12,7.3101230220008275e-07,2.7369132390905703e-15,2.6584895590035003e-15,2.6584833336433686e-15,2.5949621806424758e-15,2.5949050572390274e-15,2.5203059223845349e-15,2.5203296181748509e-15,-4.5719661668184014e-16,-4.5720827174735758e-16,-4.5649047679487782e-16,-4.5649362856698741e-16,-4.5450873657824383e-16,-4.5449653447973344e-16,-3.9931228446428227e-15,-3.9931553176528655e-15,-3.985667119850154e-15,-3.9856655578297702e-15,-3.966329476480841e-15,-3.9662270422343147e-15,5.3482143898250415e-16,5.3481397806565289e-16,5.3406361649466983e-16,5.3407396207975989e-16,5.3190652059802967e-16,5.3191364468919722e-16,-2.8073934558124332e-12,-2.8073868818582046e-12,-2.7403062806713881e-12,-2.7402459577771104e-12,-2.6614672354337884e-12,-2.6614922584204566e-12,-4.8280160034130312e-13,-4.8281390814160017e-13,-4.820558288110735e-13,-4.820591570954641e-13,-4.7996301994485021e-13,-4.7995013448064765e-13,-4.2168941353242785e-12,-4.2169284281153369e-12,-4.2090136834078242e-12,-4.209012033899049e-12,-4.188585773949042e-12,-4.1884775997149456e-12,5.647692501702024e-13,5.6476137147153134e-13,5.6396907784883481e-13,5.6398000274604272e-13,5.6169127593627084e-13,5.6169879894958203e-13,2.506031189704188,0.005975928771225849,0.99999575419285958,1.0000409123930241,3.0768507112475561e-05
72,1.4664103665603784e-07,0.99999574739631381,1.0000408948855375,1.0000007402424382,0.0018913336960093004,3.3376500455377924e-05,3.0792885726239327e-05,1.5410671657494766e-12,1.5229227848803387e-12,7.4024243840428705e-07,2.7369132390905703e-15,2.6588290223383194e-15,2.6588227462286331e-15,2.595689895474207e-15,2.5956327500036542e-15,2.5214434050507159e-15,2.5214670795959136e-15,-4.5350284380863175e-16,-4.5351441888907543e-16,-4.5280645197245568e-16,-4.5280958637940044e-16,-4.5085398264616458e-16,-4.5084187416511597e-16,-3.9609050426000311e-15,-3.9609373552693365e-15,-3.9534349542317449e-15,-3.9534334110728226e-15,-3.9342007918261536e-15,-3.9340991541237364e-15,5.3078167683797492e-16,5.3077428172663623e-16,5.3004641788961846e-16,5.3005669042338104e-16,5.2793499192422844e-16,5.2794205537768854e-16,-2.8077520637154716e-12,-2.8077454361689438e-12,-2.7410748837146254e-12,-2.7410145375143755e-12,-2.6626685545979904e-12,-2.6626935551507901e-12,-4.7890096071203927e-13,-4.7891318404774823e-13,-4.7816548427880308e-13,-4.7816879422551271e-13,-4.7610358669006216e-13,-4.7609080008623489e-13,-4.1828709092595131e-12,-4.182905032724633e-12,-4.1749753773215e-12,-4.1749737477304213e-12,-4.1546568337844535e-12,-4.154549500726809e-12,5.6050327747012747e-13,5.6049546826182661e-13,5.597269310812777e-13,5.5973777883654822e-13,5.5749735536567505e-13,5.5750481434578391e-13,2.4933197509737348,0.0058602367228088315,0.99999575602511948,1.0000408948855375,3.051302120155185e-05
73,1.4867771772070503e-07,0.99999574922649437,1.0000408777524461,1.0000007494295582,0.001876301003576434,3.3111217461218942e-05,3.1020325760494248e-05,1.5410671799074348e-12,1.5229227987061388e-12,7.4942955816785879e-07,2.7369132390905703e-15,2.6591099404833457e-15,2.6591036207238338e-15,2.5963185840410573e-15,2.5962614199283594e-15,2.5224565492382059e-15,2.5224802031329515e-15,-4.4986920086529768e-16,-4.4988069765722698e-16,-4.4918236031347804e-16,-4.4918547784857933e-16,-4.4725810565491818e-16,-4.4724608915609754e-16,-3.9292452082035663e-15,-3.9292773622518006e-15,-3.9217529059059331e-15,-3.9217513842076042e-15,-3.9026098185412287e-15,-3.9025089614507426e-15,5.2680048021697413e-16,5.2679315026795451e-16,5.2608502031576726e-16,5.2609522112621755e-16,5.2401573220044295e-16,5.2402273665317476e-16,-2.8080488469504287e-12,-2.8080421733089091e-12,-2.7417389137369858e-12,-2.741678547847582e-12,-2.6637385708692318e-12,-2.6637635496161672e-12,-4.7506381853651721e-13,-4.750759591992197e-13,-4.743384293899528e-13,-4.743417215199346e-13,-4.7230632767621578e-13,-4.7229363820595329e-13,-4.1494369184394694e-12,-4.1494708743945512e-12,-4.1415180145455239e-12,-4.141516407617055e-12,-4.1212957338513618e-12,-4.1211892251453157e-12,5.5629914973914667e-13,5.5629140934200704e-13,5.5554371001560523e-13,5.555544820313198e-13,5.5335863066055767e-13,5.5336602733609772e-13,2.4808853849974377,0.0057535124330794288,0.99999575782112904,1.0000408777524461,3.0261846634428028e-05
74,1.5071439878537223e-07,0.99999575102329485,1.0000408609816516,1.0000007585743687,0.0018614340957305629,3.2848860079475692e-05,3.1244100657811744e-05,1.5410671940001917e-12,1.5229228124680218e-12,7.5857436873854244e-07,2.7369132390905703e-15,2.659419308166964e-15,2.6594129481552419e-15,2.5969888837188767e-15,2.5969317003531508e-15,2.523518075668304e-15,2.5235417112744881e-15,-4.4629436646994399e-16,-4.4630578636583724e-16,-4.4561702936413134e-16,-4.456201304928377e-16,-4.4372020999047756e-16,-4.4370828276880423e-16,-3.8981257571111859e-15,-3.8981577541012735e-15,-3.8906069457812288e-15,-3.8906054482740263e-15,-3.8715469398249984e-15,-3.8714468472148777e-15,5.22876079507506e-16,5.2286881422530415e-16,5.2217784099935259e-16,5.2218797153519371e-16,5.2014735153377315e-16,5.2015429868141485e-16,-2.8083756727622403e-12,-2.8083689566135254e-12,-2.7424468851106025e-12,-2.7423864988869223e-12,-2.664859678885871e-12,-2.6648846383211235e-12,-4.7128877843003063e-13,-4.7130083789018408e-13,-4.7057342602929313e-13,-4.7057670083405444e-13,-4.6857029713329377e-13,-4.6855770194002314e-13,-4.1165735931370947e-12,-4.1166073832327047e-12,-4.1086267798901001e-12,-4.1086251985077255e-12,-4.0884923185785737e-12,-4.0883866171886909e-12,5.5215499827116736e-13,5.5214732616194783e-13,5.5141774324406748e-13,5.5142844105005937e-13,5.4927363409313186e-13,5.4928097025469708e-13,2.4686416865536636,0.0056544705507190849,0.99999575958107811,1.0000408609816516,3.0014862641981696e-05
75,1.5275107985003942e-07,0.99999575278759878,1.0000408445617319,1.0000007676775029,0.0018467397261319653,3.2589547492472185e-05,3.1464299928287558e-05,1.5410672080287225e-12,1.5229228261669244e-12,7.6767750293074563e-07,2.7369132390905703e-15,2.6596790282388941e-15,2.6596726332087379e-15,2.5975708515841916e-15,2.5975136518181804e-15,2.5244642702873383e-15,2.5244878881010348e-15,-4.4277709071686606e-16,-4.4278843522414716e-16,-4.4210931767645618e-16,-4.4211240285825907e-16,-4.4023936372149796e-16,-4.4022752425520231e-16,-3.8675298781915427e-15,-3.8675617194456767e-15,-3.8599835728291118e-15,-3.8599821019591018e-15,-3.8410026084291163e-15,-3.8409032637818985e-15,5.1900839575024707e-16,5.1900119436870384e-16,5.1832528105554909e-16,5.1833534259443484e-16,5.1633048205966441e-16,5.1633737344501593e-16,-2.8086500697984086e-12,-2.8086433166693735e-12,-2.7430615767997547e-12,-2.7430011732543139e-12,-2.6658589949698985e-12,-2.665883935617266e-12,-4.6757452048689196e-13,-4.6758650033634296e-13,-4.6686926882357676e-13,-4.6687252678834818e-13,-4.6489451093957268e-13,-4.6488200841629745e-13,-4.0842631801451523e-12,-4.0842968057775626e-12,-4.0762874157844134e-12,-4.0762858625313285e-12,-4.0562365058006675e-12,-4.056131594284012e-12,5.4807073968335951e-13,5.4806313505298284e-13,5.4734945433876181e-13,5.4736007928422441e-13,5.4524303319047549e-13,5.4525031046726009e-13,2.4566561705688974,0.0055684442308571273,0.99999576130581957,1.0000408445617319,2.9771952232102522e-05
76,1.5478776091470662e-07,0.9999957545189323,1.000040828480663,1.0000007767395958,0.0018322228765376605,3.2333367613629381e-05,3.1681006598895072e-05,1.5410672219940059e-12,1.5229228398037757e-12,7.7673959578663428e-07,2.7369132390905703e-15,2.6599687902022236e-15,2.6599623618525033e-15,2.598194261232337e-15,2.5981370441639902e-15,2.5254552879659477e-15,2.5254788901350506e-15,-4.3931616793602902e-16,-4.393274382867155e-16,-4.3865811569077986e-16,-4.3866118536127374e-16,-4.3681463298464808e-16,-4.3680287881514699e-16,-3.8374415929330393e-15,-3.8374732796753552e-15,-3.8298697937243181e-15,-3.8298683520146817e-15,-3.810967328364559e-15,-3.8108687154045442e-15,5.1519560372239349e-16,5.1518846562299775e-16,5.1452572140065526e-16,5.1453571533460507e-16,5.1256378900208405e-16,5.1257062624020802e-16,-2.808956190907533e-12,-2.8089494025921838e-12,-2.7437200309225235e-12,-2.7436596091027149e-12,-2.6669056441089529e-12,-2.6669305682366976e-12,-4.6391977151436256e-13,-4.6393167305412979e-13,-4.6322478607351911e-13,-4.6322802765828758e-13,-4.6127798293276252e-13,-4.6126557048320559e-13,-4.0524888055190059e-12,-4.0525222679809035e-12,-4.044486200785831e-12,-4.0444846783265008e-12,-4.0245182674506862e-12,-4.0244141286196719e-12,5.4404444654602356e-13,5.4403690874136128e-13,5.4333713355056412e-13,5.4334768710546552e-13,5.4126541842977645e-13,5.412726385272754e-13,2.4448504655821619,0.0054936360302718845,0.99999576299552217,1.000040828480663,2.9533006957678618e-05
77,1.5682444197937381e-07,0.99999575621798542,1.0000408127264944,1.0000007857612183,0.0018178879148018617,3.2080397522781719e-05,3.1894306544585956e-05,1.541067235896922e-12,1.5229228533794401e-12,7.8576121839860607e-07,2.7369132390905703e-15,2.660217049567816e-15,2.6602105912842847e-15,2.598740465645685e-15,2.598683233522942e-15,2.5263412039261837e-15,2.5263647909132787e-15,-4.3591046732172752e-16,-4.3592166485765383e-16,-4.3526235100498855e-16,-4.3526540558279501e-16,-4.3344505644729074e-16,-4.3343338619502892e-16,-3.8078458561577872e-15,-3.8078773894496121e-15,-3.8002531577233391e-15,-3.8002517473608807e-15,-3.781431613582249e-15,-3.7813337161282529e-15,5.1143745005046762e-16,5.1143037437856559e-16,5.1077936535337902e-16,5.1078929291265984e-16,5.0884778434255226e-16,5.0885456891310808e-16,-2.8092184843931391e-12,-2.8092116644668199e-12,-2.7442969550197336e-12,-2.7442365172994724e-12,-2.6678413042257507e-12,-2.667866212322297e-12,-4.6032333737671082e-13,-4.6033516202377598e-13,-4.5963884531823992e-13,-4.59642070965074e-13,-4.5771969794264927e-13,-4.5770737411000069e-13,-4.0212345809398939e-12,-4.0212678813521932e-12,-4.0132099864212947e-12,-4.0132084970651623e-12,-3.9933275859367419e-12,-3.9932242027034183e-12,5.4007585129691569e-13,5.4006837941545135e-13,5.3938099558119667e-13,5.393914790446925e-13,5.3734133045814124e-13,5.3734849493888327e-13,2.433285159720441,0.0054351009748349836,0.99999576465078599,1.0000408127264944,2.9297924779416698e-05
78,1.5886112304404101e-07,0.99999575788421557,1.0000407972863639,1.000000794742943,0.0018037378961263265,3.1830691135292245e-05,3.2104279356157689e-05,1.5410672497383527e-12,1.5229228668947797e-12,7.9474294303846018e-07,2.7369132390905703e-15,2.6604964207694257e-15,2.6604899327549985e-15,2.5993288865912482e-15,2.5992716382147338e-15,2.5272705975034533e-15,2.5272941712982333e-15,-4.3255890530303369e-16,-4.3257003112074449e-16,-4.319209864396602e-16,-4.3192402632112137e-16,-4.3012967838505565e-16,-4.3011808985258879e-16,-3.7787285561595751e-15,-3.7787599370762913e-15,-3.7711217243550306e-15,-3.7711203474767656e-15,-3.7523859962876791e-15,-3.7522887987984484e-15,5.0773212076057904e-16,5.0772510680010975e-16,5.070845529682215e-16,5.0709441547498106e-16,5.0518110865193675e-16,5.0518784209609368e-16,-2.8095136317671693e-12,-2.8095067804441594e-12,-2.7449184596008999e-12,-2.7448580047136271e-12,-2.6688228764667952e-12,-2.6688477706333041e-12,-4.5678407381832214e-13,-4.5679582273063862e-13,-4.5611035129213363e-13,-4.5611356141957105e-13,-4.5421864672125061e-13,-4.5420640918499841e-13,-3.9904856038651167e-12,-3.9905187433633098e-12,-3.9824461630760684e-12,-3.9824447090798505e-12,-3.9626544629326199e-12,-3.9625518188851042e-12,5.361630383863061e-13,5.3615563167187202e-13,5.3547928753348057e-13,5.3548970230175668e-13,5.3346933372130877e-13,5.3347644421274367e-13,2.4218893872538527,0.0053909123810894286,0.99999576627157472,1.0000407972863639,2.9066612307860003e-05
79,1.608978041087082e-07,0.99999575951821573,1.0000407821472141,1.0000008036852954,0.0017897755532454813,3.1584296675920024e-05,3.2311006844041307e-05,1.5410672635191082e-12,1.5229228803506127e-12,8.0368529545716014e-07,2.7369132390905703e-15,2.660740772935098e-15,2.6607342571200291e-15,2.5998504439022201e-15,2.5997931809948071e-15,2.5281057140113703e-15,2.5281292750586641e-15,-4.2926046813117354e-16,-4.292715234364162e-16,-4.2863302048168466e-16,-4.2863604603844192e-16,-4.2686752441567113e-16,-4.2685601638471533e-16,-3.750076545664726e-15,-3.7501077752434189e-15,-3.7424640743649273e-15,-3.7424627326747859e-15,-3.7238210091169488e-15,-3.7237244965260661e-15,5.0407927478326868e-16,5.040723216098673e-16,5.0344132475334046e-16,5.0345112336465153e-16,5.0156411719452659e-16,5.015708009152407e-16,-2.8097717981621871e-12,-2.8097649174808611e-12,-2.7454693549040457e-12,-2.7454088846691725e-12,-2.6697048905073668e-12,-2.6697297712135642e-12,-4.5330091031610355e-13,-4.533125847669488e-13,-4.5263824639340683e-13,-4.5264144139390103e-13,-4.5077380031775381e-13,-4.5076164779138741e-13,-3.9602279902277909e-12,-3.9602609699071884e-12,-3.9521826715573807e-12,-3.9521812547205531e-12,-3.9324889005637544e-12,-3.9323869797913535e-12,5.3230564764625817e-13,5.3229830512273892e-13,5.3163205218339563e-13,5.3164239947831168e-13,5.2964980337556187e-13,5.2965686135922443e-13,2.4107179813729362,0.0053643473651828182,0.99999576785834388,1.0000407821472141,2.8838981740727776e-05
80,1.6293448517337537e-07,0.99999576111961053,1.0000407672951777,1.0000008125888082,0.0017760025954212668,3.1341244308132281e-05,3.2514564680446636e-05,1.5410672772400092e-12,1.5229228937477586e-12,8.1258880821998908e-07,2.7369132390905703e-15,2.6610160117111501e-15,2.6610094673102655e-15,2.6004146660070483e-15,2.6003573871708072e-15,2.528984221694872e-15,2.5290077718361708e-15,-4.2601418344182442e-16,-4.2602516922736786e-16,-4.2539748244383905e-16,-4.2540049402821066e-16,-4.2365763161993874e-16,-4.2364620215273681e-16,-3.7218775898588579e-15,-3.7219086692835281e-15,-3.7142692628895971e-15,-3.7142679579071771e-15,-3.695727201785908e-15,-3.6956313599330094e-15,5.0047717953613353e-16,5.0047028635944545e-16,4.9984802383562719e-16,4.9985775977400329e-16,4.9799541682207753e-16,4.980020522601875e-16,-2.8100625805609153e-12,-2.8100556696921926e-12,-2.7460653040110868e-12,-2.7460048169523899e-12,-2.6706327253278061e-12,-2.6706575945183323e-12,-4.4987282004916893e-13,-4.4988442108691435e-13,-4.4922150557260773e-13,-4.4922468581821682e-13,-4.4738414188645147e-13,-4.4737207232369401e-13,-3.9304488195541468e-12,-3.9304816406650137e-12,-3.9224079536497487e-12,-3.9224065755770846e-12,-3.9028209189947276e-12,-3.9027197065436929e-12,5.285018494768454e-13,5.2849457030962503e-13,5.2783753987937432e-13,5.2784782099190742e-13,5.2588126826099318e-13,5.2588827525840317e-13,2.3997070425259412,0.0053533461495960701,0.99999576941115664,1.0000407672951777,2.8614951755962074e-05
81,1.6497116623804256e-07,0.99999576268922885,1.0000407527163884,1.0000008214539744,0.0017624205421077669,3.110156084584348e-05,3.2715030224674347e-05,1.5410672909018159e-12,1.5229229070870026e-12,8.2145397457884834e-07,2.7369132390905703e-15,2.6612606274798344e-15,2.6612540555770704e-15,2.6009206059758556e-15,2.6008633125701739e-15,2.529778956702285e-15,2.5298024963456817e-15,-4.2281913632135231e-16,-4.2283005369207168e-16,-4.2221342936366484e-16,-4.2221642730018832e-16,-4.2049902466658489e-16,-4.2048767270401913e-16,-3.6941203457181775e-15,-3.694151276257797e-15,-3.6865268116739409e-15,-3.6865255444056813e-15,-3.6680951320094211e-15,-3.6679999474323032e-15,4.9692548031147719e-16,4.9691864616625408e-16,4.963045926190793e-16,4.9631426693863809e-16,4.9447522683605223e-16,4.9448181528324945e-16,-2.8103210241921352e-12,-2.8103140842807297e-12,-2.7465997059568288e-12,-2.7465392035098861e-12,-2.6714720946571994e-12,-2.6714969527629512e-12,-4.4649883686487261e-13,-4.4651036565626943e-13,-4.4585913305785441e-13,-4.458622988912803e-13,-4.4404864147454704e-13,-4.4403665375696445e-13,-3.9011361131380917e-12,-3.9011687770205552e-12,-3.8931109438983692e-12,-3.8931096056526776e-12,-3.8736405468433123e-12,-3.873540028497167e-12,5.2475126930863649e-13,5.2474405247841816e-13,5.2409568980056881e-13,5.2410590584386173e-13,5.2216395995884909e-13,5.2217091733400786e-13,2.3889065433672299,0.0053602859580199023,0.9999957709307411,1.0000407527163884,2.8394444539616455e-05
82,1.6700784730270976e-07,0.99999576422719394,1.0000407383966661,1.0000008302812982,0.0017490300320597246,3.0865257561204051e-05,3.2912474916658353e-05,1.5410673045053043e-12,1.5229229203691334e-12,8.3028129813816266e-07,2.7369132390905703e-15,2.6615343669032347e-15,2.6615277663563376e-15,2.6014684586226484e-15,2.6014111492102567e-15,2.5306172032059759e-15,2.5306407340287607e-15,-4.1967444134507905e-16,-4.1968529122489803e-16,-4.1907994000643139e-16,-4.1908292460522848e-16,-4.173907428032848e-16,-4.173794666442707e-16,-3.6667942793073878e-15,-3.66682506248024e-15,-3.6592266559152474e-15,-3.6592254270923598e-15,-3.6409153827500552e-15,-3.640820843000119e-15,4.9342257381772989e-16,4.9341579788026439e-16,4.9280943354220972e-16,4.9281904734322204e-16,4.9100215097875511e-16,4.9100869373966879e-16,-2.810610222112182e-12,-2.8106032519519047e-12,-2.7471783674714664e-12,-2.7471178481185055e-12,-2.6723574118461588e-12,-2.6723822606383998e-12,-4.4317802575109121e-13,-4.4318948327180068e-13,-4.4255015602196135e-13,-4.4255330777069684e-13,-4.4076628452479009e-13,-4.4075437685603165e-13,-3.8722787467060422e-12,-3.8723112549635134e-12,-3.8642810134759147e-12,-3.8642797158294537e-12,-3.8449378393966265e-12,-3.8448380020092331e-12,5.2105221407248665e-13,5.2104505870943834e-13,5.2040481492864381e-13,5.204149670645734e-13,5.1849640402629497e-13,5.1850331315690596e-13,2.378258940828295,0.0053829150451296858,0.99999577241768245,1.0000407383966661,2.8177386419166628e-05
83,1.6904452836737695e-07,0.99999576573486204,1.0000407243223495,1.0000008390712567,0.0017358315423537838,3.0632342873219516e-05,3.3106971537426874e-05,1.541067318051211e-12,1.5229229335949193e-12,8.3907125681761429e-07,2.7369132390905703e-15,2.661779880020611e-15,2.6617732517026889e-15,2.6019643500156409e-15,2.6019070257836748e-15,2.5313809905902131e-15,2.5314045129317795e-15,-4.1657925465196861e-16,-4.1659003807988788e-16,-4.1599611062151695e-16,-4.1599908216528427e-16,-4.1433181677488876e-16,-4.1432061549633292e-16,-3.639889618597082e-15,-3.6399202560806702e-15,-3.6323591297523938e-15,-3.6323579395676996e-15,-3.614178558659813e-15,-3.6140846520535277e-15,4.899681351417796e-16,4.8996141645555193e-16,4.8936245136047048e-16,4.893720055802804e-16,4.8757631564431151e-16,4.8758281386595704e-16,-2.8108696121994684e-12,-2.8108626127123591e-12,-2.7477021567641008e-12,-2.7476416217588187e-12,-2.6731640987973443e-12,-2.6731889386344484e-12,-4.3990949558715703e-13,-4.3992088293437188e-13,-4.392936201011226e-13,-4.3929675806370356e-13,-4.3753604750102569e-13,-4.3752421890630225e-13,-3.8438664005902134e-12,-3.843898754994102e-12,-3.8359079548579715e-12,-3.8359066980143591e-12,-3.8167028748530237e-12,-3.8166037060862667e-12,5.174043406618808e-13,5.1739724575591977e-13,5.1676481468601749e-13,5.1677490390442439e-13,5.1487873393501948e-13,5.1488559603231876e-13,2.3678099736424314,0.0054221674262868759,0.99999577387334027,1.0000407243223495,2.7963705680368473e-05
84,1.7108120943204415e-07,0.99999576721303729,1.0000407104801288,1.0000008478243456,0.0017228247399536222,3.0402810904774184e-05,3.3298587307499954e-05,1.5410673315402989e-12,1.5229229467651404e-12,8.478243457037287e-07,2.7369132390905703e-15,2.6620514629717937e-15,2.6620448059531993e-15,2.602499873411259e-15,2.6024425330463671e-15,2.5321877636676946e-15,2.5322112790215915e-15,-4.1353274829992205e-16,-4.1354346616208128e-16,-4.1296104998450363e-16,-4.129640087470311e-16,-4.1132129353822562e-16,-4.1131016563586699e-16,-3.6133972625379537e-15,-3.6134277562953716e-15,-3.605914917954898e-15,-3.6059137663024925e-15,-3.5878753059802412e-15,-3.5877820218181932e-15,4.8656070596149368e-16,4.8655404372874271e-16,4.8596214785098386e-16,4.8597164346629198e-16,4.8419635789759322e-16,4.8420281272276657e-16,-2.81115653172644e-12,-2.8111495019308685e-12,-2.7482677972655642e-12,-2.7482072452210526e-12,-2.6740161784422145e-12,-2.6740410109013721e-12,-4.3669237206291074e-13,-4.3670369017240266e-13,-4.3608858415935588e-13,-4.360917086248895e-13,-4.343569239870899e-13,-4.3434517287789535e-13,-3.8158894637073181e-12,-3.81592166633074e-12,-3.8079819308040687e-12,-3.8079807146515764e-12,-3.7889257753354364e-12,-3.7888272638902864e-12,5.1380610909463715e-13,5.1379907380333922e-13,5.131741069552808e-13,5.1318413428754545e-13,5.1130951043055354e-13,5.1131632670133461e-13,2.3575077778803526,0.0054748566806790671,0.99999577529904804,1.0000407104801288,2.7753333503962124e-05
85,1.7311789049671134e-07,0.99999576866367001,1.00004069685778,1.000000856541033,0.0017100091323053641,3.0176652963734715e-05,3.3487390650215531e-05,1.5410673449732898e-12,1.5229229598805501e-12,8.5654103314993167e-07,2.7369132390905703e-15,2.6622957183394903e-15,2.6622890337791043e-15,2.6029875374988922e-15,2.6029301821821063e-15,2.5329276252963001e-15,2.5329511339083041e-15,-4.1053412076506761e-16,-4.1054477406233438e-16,-4.0997387616054364e-16,-4.0997682238982452e-16,-4.083582149202091e-16,-4.0834715957086907e-16,-3.5873087281375023e-15,-3.5873390802938394e-15,-3.5798850455504829e-15,-3.5798839318257138e-15,-3.5619963181930934e-15,-3.5619036464884163e-15,4.8320000204921425e-16,4.831933953835812e-16,4.8260842537511682e-16,4.8261786321598251e-16,4.8086234727326595e-16,4.8086875968819207e-16,-2.8114145925063061e-12,-2.8114075336261135e-12,-2.7487828973071729e-12,-2.7487223294706888e-12,-2.6747975983645913e-12,-2.674822423705354e-12,-4.3352580876600158e-13,-4.3353705869468848e-13,-4.3293411687054145e-13,-4.3293722810092077e-13,-4.3122790214967012e-13,-4.3121622765672293e-13,-3.7883389776693116e-12,-3.7883710307565087e-12,-3.7804934634027697e-12,-3.7804922873027141e-12,-3.7615967128562303e-12,-3.7614988481863284e-12,5.102572192276136e-13,5.1025024261497745e-13,5.096325886302899e-13,5.0964255495296474e-13,5.0778880694080094e-13,5.0779557842650581e-13,2.3473942713171372,0.0055424153717701834,0.99999577669686646,1.00004069685778,2.7546202704048225e-05
86,1.7515457156137854e-07,0.99999577008816976,1.0000406834440005,1.0000008652218113,0.0016973834880555467,2.9953847320318844e-05,3.3673444921163166e-05,1.5410673583509421e-12,1.522922972941922e-12,8.6522181135976731e-07,2.7369132390905703e-15,2.6625622805371011e-15,2.6625555680904411e-15,2.603511224646297e-15,2.6034538533064113e-15,2.5337088354528789e-15,2.533732338625902e-15,-4.0758257500715693e-16,-4.0759316460905789e-16,-4.0703371403591115e-16,-4.070366479753817e-16,-4.0544164104888991e-16,-4.0543065689840382e-16,-3.5616160662909673e-15,-3.5616462792218349e-15,-3.5542608415500211e-15,-3.5542597648897255e-15,-3.5365323636137437e-15,-3.5364402952421928e-15,4.7988469823939751e-16,4.7987814643005085e-16,4.7929989650428028e-16,4.7930927744432311e-16,4.7757297461327696e-16,4.7757934559504102e-16,-2.8116962089991758e-12,-2.8116891206705864e-12,-2.7493360375635138e-12,-2.7492754528038179e-12,-2.6756226822419418e-12,-2.6756475018401719e-12,-4.3040896401882335e-13,-4.3042014668492858e-13,-4.2982929411173228e-13,-4.2983239236402654e-13,-4.2814798948152267e-13,-4.2813639017482555e-13,-3.7612065478969817e-12,-3.7612384539565747e-12,-3.7534333957623057e-12,-3.753432258803288e-12,-3.7347059384550172e-12,-3.7346087109247779e-12,5.0675627169114247e-13,5.0674935300653199e-13,5.0613879459146555e-13,5.0614870082708173e-13,5.0431524099913463e-13,5.0432196873156942e-13,2.3374225646193256,0.0056206377758501978,0.9999957780687756,1.0000406834440005,2.7342248959565881e-05
87,1.7719125262604573e-07,0.99999577148889174,1.0000406702289562,1.0000008738671506,0.0016849464491162551,2.9734370008252397e-05,3.3856814704911121e-05,1.541067371673981e-12,1.5229229859500074e-12,8.738671507833751e-07,2.7369132390905703e-15,2.6628016398016475e-15,2.6627949011714832e-15,2.6039894302666409e-15,2.6039320441801165e-15,2.534428759067117e-15,2.5344522569467994e-15,-4.0467732894719668e-16,-4.0468785583260129e-16,-4.0413969410701207e-16,-4.0414261597551172e-16,-4.0257063139724615e-16,-4.0255971768377519e-16,-3.5363118142999464e-15,-3.5363418904838706e-15,-3.5290339373960405e-15,-3.5290328965295168e-15,-3.5114743034201517e-15,-3.5113828298461332e-15,4.7661453931928792e-16,4.7660804160194933e-16,4.7603646742616635e-16,4.7604579221552846e-16,4.7432826832872074e-16,4.7433459871051309e-16,-2.8119490984247083e-12,-2.8119419824459424e-12,-2.7498411484056738e-12,-2.7497805480707385e-12,-2.6763830464744182e-12,-2.6764078604839051e-12,-4.2734101194293925e-13,-4.2735212838015211e-13,-4.2677319768430781e-13,-4.267762831896101e-13,-4.2511619278362806e-13,-4.2510466785867128e-13,-3.7344842934774742e-12,-3.7345160551270083e-12,-3.7267928903715601e-12,-3.7267917912116583e-12,-3.7082438012358427e-12,-3.7081472018314903e-12,5.0330299698141327e-13,5.0329613541774777e-13,5.0269262577278062e-13,5.0270247271348425e-13,5.0088884260655683e-13,5.008955274655596e-13,2.3276310279504036,0.0057104113801280439,0.99999577941729023,1.0000406702289562,2.7141410156691905e-05
88,1.7922793369071293e-07,0.9999957728675567,1.0000406572040381,1.0000008824775459,0.0016726960273907379,2.951818594345039e-05,3.4037560088322773e-05,1.5410673849431685e-12,1.5229229989055745e-12,8.8247754598310221e-07,2.7369132390905703e-15,2.6630595359887488e-15,2.6630527715313613e-15,2.6044992975330258e-15,2.6044418959157092e-15,2.5351872560443964e-15,2.5352107497552029e-15,-4.0181759770722901e-16,-4.0182806273817054e-16,-4.0129095269662376e-16,-4.0129386271081771e-16,-3.9974426736167944e-16,-3.9973342283736664e-16,-3.5113889239262517e-15,-3.5114188660075095e-15,-3.5041962431234426e-15,-3.5041952366056373e-15,-3.4868131283648063e-15,-3.4867222417477375e-15,4.7338830697298806e-16,4.7338186276387503e-16,4.7281684808596266e-16,4.7282611752763335e-16,4.711269730013909e-16,4.7113326361421912e-16,-2.8122215625610878e-12,-2.8122144193083398e-12,-2.7503796938572143e-12,-2.7503190771189873e-12,-2.6771841441853598e-12,-2.6772089537935386e-12,-4.243211237041937e-13,-4.2433217482282554e-13,-4.2376491554230043e-13,-4.237679885294115e-13,-4.2213154200812174e-13,-4.2212009014716968e-13,-3.7081647711863296e-12,-3.7081963912182098e-12,-3.7005634039242899e-12,-3.7005623410374907e-12,-3.6822007871355807e-12,-3.6821048075770954e-12,4.9989610856131095e-13,4.9988930350213126e-13,4.9929271988058782e-13,4.9930250837432738e-13,4.9750828604501171e-13,4.975149289081305e-13,2.3179770679859732,0.0058077642639117093,0.99999578074467088,1.0000406572040381,2.6943627577556775e-05
89,1.8126461475538012e-07,0.99999577422657504,1.0000406443622001,1.0000008910534712,0.0016606301855929299,2.9305259173780508e-05,3.4215742505551269e-05,1.5410673981592357e-12,1.5229230118093701e-12,8.9105347134042627e-07,2.7369132390905703e-15,2.6632903077511199e-15,2.663283519713927e-15,2.6049650881410685e-15,2.6049076723867125e-15,2.5358884159483711e-15,2.5359119055488648e-15,-3.9900260458340477e-16,-3.9901300872139216e-16,-3.984866325306192e-16,-3.9848953088275683e-16,-3.969616355905782e-16,-3.9695085952223213e-16,-3.4868407219008341e-15,-3.486870532535401e-15,-3.4797399526756308e-15,-3.479738978773359e-15,-3.462539986980521e-15,-3.4624496799145081e-15,4.7020575506159522e-16,4.7019936374037545e-16,4.6964093526987238e-16,4.6965015006675254e-16,4.6796907433980325e-16,4.6797532589263922e-16,-2.8124653825918752e-12,-2.8124582144384696e-12,-2.750871693530373e-12,-2.7508110618607084e-12,-2.6779246930366674e-12,-2.6779494983053941e-12,-4.2134847910033283e-13,-4.2135946591574144e-13,-4.2080354240140743e-13,-4.2080660307334474e-13,-4.1919307265319077e-13,-4.1918169308198482e-13,-3.6822409337833357e-12,-3.6822724150024031e-12,-3.6747366929332541e-12,-3.6747356644892265e-12,-3.656567548709777e-12,-3.6564721811762912e-12,4.9653534650882179e-13,4.9652859729905538e-13,4.959389679206634e-13,4.9594869870971303e-13,4.9417355622136648e-13,4.9418015783726812e-13,2.3084957128422716,0.0059134221928705145,0.99999578205345308,1.0000406443622001,2.6748845383908637e-05
90,1.8330129582004732e-07,0.99999577556759756,1.000040631697628,1.0000008995954239,0.0016487463976359363,2.9095545121207388e-05,3.439141947636337e-05,1.5410674113229486e-12,1.5229230246621572e-12,8.9959542390754186e-07,2.7369132390905703e-15,2.6635364526920168e-15,2.6635296420099282e-15,2.6054581518389021e-15,2.6054007214198269e-15,2.5366245728958663e-15,2.5366480593601907e-15,-3.9623156706471813e-16,-3.9624191116347197e-16,-3.9572588478623676e-16,-3.95728771667149e-16,-3.9422184940040471e-16,-3.9421114061187029e-16,-3.462660849199477e-15,-3.4626905311087398e-15,-3.4556575276128326e-15,-3.4556565845218143e-15,-3.4386462267048959e-15,-3.4385564922993274e-15,4.670657449215103e-16,4.6705940603506129e-16,4.6650751138538787e-16,4.6651667230099844e-16,4.6485335900029111e-16,4.6485957221450424e-16,-2.8127254364466094e-12,-2.8127182443798259e-12,-2.7513924935291166e-12,-2.7513318463707499e-12,-2.6787021988342965e-12,-2.6787270007922731e-12,-4.1842225179670327e-13,-4.1843317521042011e-13,-4.1788818190197504e-13,-4.1789123046025169e-13,-4.1629984837852695e-13,-4.1628853985504742e-13,-3.6567060658855289e-12,-3.6567374111656593e-12,-3.6493047965261397e-12,-3.6493038006195239e-12,-3.631334948562243e-12,-3.6312401857770727e-12,4.9321950839930332e-13,4.9321281456045226e-13,4.9263008411918545e-13,4.9263975800981824e-13,4.9088337184794321e-13,4.9088993297839096e-13,2.2991480590945881,0.0060234844365245959,0.99999578334572037,1.000040631697628,2.6557011418156551e-05
91,1.8533797688471449e-07,0.99999577689272789,1.0000406192059061,1.0000009081038872,0.0016370421895518519,2.8889000127443179e-05,3.4564650019497493e-05,1.5410674244350525e-12,1.5229230374646841e-12,9.0810388737009395e-07,2.7369132390905703e-15,2.6637560529290966e-15,2.66374922219016e-15,2.6059083452821961e-15,2.6058509016619865e-15,2.5373061959124664e-15,2.5373296792380596e-15,-3.9350370806385757e-16,-3.9351399306428353e-16,-3.9300787043270523e-16,-3.9301074600853206e-16,-3.9152403363567154e-16,-3.9151339139967473e-16,-3.4388432278019877e-15,-3.4388727836284972e-15,-3.4319417036882955e-15,-3.4319407894407542e-15,-3.4151234245518244e-15,-3.4150342561939128e-15,4.6396802305024398e-16,4.6396173610505108e-16,4.6341644619425662e-16,4.6342555391005665e-16,4.6177976337289118e-16,4.6178593887353453e-16,-2.8129574584380217e-12,-2.8129502451908274e-12,-2.7518680217817259e-12,-2.7518073606802538e-12,-2.679422115987847e-12,-2.6794469146323566e-12,-4.1554162118610556e-13,-4.1555248219173316e-13,-4.1501794802469281e-13,-4.1502098464475998e-13,-4.134509450174056e-13,-4.1343970677364717e-13,-3.6315537488639013e-12,-3.631584960995786e-12,-3.6242600433908638e-12,-3.6242590779436454e-12,-3.6064940917363892e-12,-3.6063999267161756e-12,4.8994832653483685e-13,4.8994168754575787e-13,4.8936593094424553e-13,4.893755486560654e-13,4.8763766575147634e-13,4.8764418705652883e-13,2.2899659859536317,0.0061379725255407839,0.99999578462359939,1.0000406192059061,2.6368076503421937e-05
92,1.8737465794938168e-07,0.99999577820322139,1.0000406068836387,1.0000009165793573,0.001625514742304977,2.8685574444764082e-05,3.473548979662976e-05,1.5410674374963114e-12,1.5229230502177035e-12,9.1657935733878641e-07,2.7369132390905703e-15,2.6639888422931705e-15,2.6639819927303781e-15,2.6063820449153623e-15,2.6063245877368544e-15,2.5380189792993329e-15,2.5380424603452024e-15,-3.908182448564909e-16,-3.9082847159777925e-16,-3.9033176283877316e-16,-3.9033462727437694e-16,-3.8886734417318072e-16,-3.8885676736178133e-16,-3.4153820083881323e-15,-3.4154114407533252e-15,-3.4085854756721557e-15,-3.4085845883312577e-15,-3.3919634237866441e-15,-3.3918748152076329e-15,4.6091151120719311e-16,4.609052758465713e-16,4.6036657281418451e-16,4.6037562807423522e-16,4.587471063462246e-16,4.5875324478695176e-16,-2.8132034079207654e-12,-2.8131961747951859e-12,-2.7523683725225999e-12,-2.7523076971007993e-12,-2.6801749385746687e-12,-2.6801997348128675e-12,-4.1270576070860295e-13,-4.12716560192331e-13,-4.1219196784416252e-13,-4.1219499270010902e-13,-4.1064547117324921e-13,-4.106343020181035e-13,-3.606777805608703e-12,-3.606808887360573e-12,-3.5995950357501124e-12,-3.5995940987168837e-12,-3.5820363644467779e-12,-3.5819427905714864e-12,4.8672066229732141e-13,4.8671407778134865e-13,4.8614527617196185e-13,4.8615483849071425e-13,4.8443519068163123e-13,4.8444167285153978e-13,2.2809137755570896,0.0062543622655064721,0.99999578588862614,1.0000406068836387,2.6181994722645303e-05
93,1.8941133901404888e-07,0.99999577950062368,1.0000405947285131,1.000000925022319,0.0016141613803823862,2.8485220858202931e-05,3.4903996122594276e-05,1.5410674505074728e-12,1.5229230629219547e-12,9.2502231907179917e-07,2.7369132390905703e-15,2.6641964285129136e-15,2.6641895627437628e-15,2.6068144794378027e-15,2.6067570101457171e-15,2.5386795170196269e-15,2.5387029957505178e-15,-3.8817440003805243e-16,-3.8818456943423857e-16,-3.8769674875572295e-16,-3.8769960219153541e-16,-3.8625095335849971e-16,-3.8624044123775068e-16,-3.392271541622718e-15,-3.3923008530023342e-15,-3.38558209983313e-15,-3.3855812374120332e-15,-3.3691583573183391e-15,-3.3690703023821932e-15,4.5789594133407201e-16,4.5788975714142443e-16,4.5735772458513688e-16,4.5736672806183243e-16,4.5575527567726598e-16,4.5576137763907567e-16,-2.8134227422771085e-12,-2.8134154920371993e-12,-2.7528251465921452e-12,-2.7527644583756644e-12,-2.6808725889703967e-12,-2.6808973827650006e-12,-4.0991384942196162e-13,-4.0992458834901154e-13,-4.0940938256697207e-13,-4.0941239580709891e-13,-4.0788255284050261e-13,-4.0787145199892061e-13,-3.5823722702054567e-12,-3.5824032241918575e-12,-3.5753026519827049e-12,-3.5753017412653347e-12,-3.5579534587835431e-12,-3.5578604695733303e-12,4.8353623261812172e-13,4.8352970213533443e-13,4.8296794380942093e-13,4.8297745144514801e-13,4.8127582810913106e-13,4.8128227175743872e-13,2.272020372051502,0.0063726179562314843,0.99999578714224091,1.0000405947285131,2.5998722475376336e-05
94,1.9144802007871607e-07,0.99999578078561946,1.0000405827389243,1.0000009334332689,0.0016029791985656995,2.8287888099164029e-05,3.5070223475774217e-05,1.5410674634693022e-12,1.522923075578182e-12,9.3343326909714866e-07,2.7369132390905703e-15,2.6644160737026428e-15,2.6644091929264302e-15,2.6072676821242205e-15,2.6072102004236072e-15,2.5393676757881719e-15,2.5393911529800528e-15,-3.8557139249873991e-16,-3.8558150536746839e-16,-3.8510203043791002e-16,-3.8510487301368097e-16,-3.8367406691222486e-16,-3.8366361838876289e-16,-3.369506332987479e-15,-3.3695355257788064e-15,-3.3629250753604129e-15,-3.3629242359907117e-15,-3.3467006712025025e-15,-3.3466131639647837e-15,4.5492028685326822e-16,4.5491415350915265e-16,4.5438877609072592e-16,4.5439772851475365e-16,4.5280312408052415e-16,4.5280919018540145e-16,-2.8136548106976552e-12,-2.8136475446098961e-12,-2.7533038517821426e-12,-2.7532431504595448e-12,-2.6815994072463674e-12,-2.6816241994168276e-12,-4.0716506247119877e-13,-4.0717574170500622e-13,-4.0666934977100305e-13,-4.0667235154288204e-13,-4.0516135125772321e-13,-4.0515031757510816e-13,-3.5583313402359465e-12,-3.5583621689885334e-12,-3.55137602700503e-12,-3.5513751406304628e-12,-3.5342373975337285e-12,-3.5341449867110641e-12,4.8039395343521716e-13,4.8038747664828429e-13,4.7983274542087006e-13,4.7984219914517029e-13,4.781583665040332e-13,4.781647722875442e-13,2.263252849827897,0.0064903082120103565,0.99999578838525649,1.0000405827389243,2.5818218350369001e-05
95,1.9348470114338326e-07,0.99999578205911266,1.0000405709139948,1.0000009418126916,0.0015919654918586895,2.8093528432386265e-05,3.5234228145124207e-05,1.5410674763825457e-12,1.5229230881871166e-12,9.4181269175570258e-07,2.7369132390905703e-15,2.6646125814889762e-15,2.6646056880430717e-15,2.6076819248630595e-15,2.6076244320849668e-15,2.5400059177057381e-15,2.5400293933125319e-15,-3.8300844766039605e-16,-3.8301850488335768e-16,-3.8254682558480271e-16,-3.8254965741730266e-16,-3.8113590927319825e-16,-3.8112552360186988e-16,-3.3470810189689783e-15,-3.3471100953883602e-15,-3.3406081402934622e-15,-3.3406073221499443e-15,-3.3245831333274326e-15,-3.3244961678514377e-15,4.5198426703954339e-16,4.5197818413937842e-16,4.5145952856763205e-16,4.5146843060200067e-16,4.4989050436822981e-16,4.4989653518264399e-16,-2.8138624454531918e-12,-2.8138551659858242e-12,-2.7537414145740305e-12,-2.7536807015508817e-12,-2.6822735125661454e-12,-2.6822983030638195e-12,-4.0445858189875821e-13,-4.0446920237040235e-13,-4.0397104334422756e-13,-4.03974033771173e-13,-4.0248104742998631e-13,-4.024700801194562e-13,-3.5346493516315121e-12,-3.5346800574908378e-12,-3.5278085479730461e-12,-3.5278076840137483e-12,-3.5108805433549871e-12,-3.5107887046504767e-12,4.7729352830387962e-13,4.7728710478556662e-13,4.7673947111274614e-13,4.7674887162575511e-13,4.7508265043597542e-13,4.7508901895287896e-13,2.2546374640697193,0.006607553340654224,0.99999578961836,1.0000405709139948,2.5640442099729623e-05
96,1.9552138220805046e-07,0.99999578332121009,1.0000405592532404,1.0000009501610787,0.0015811173972816333,2.7902091334662545e-05,3.539606408131193e-05,1.5410674892479615e-12,1.5229231007494912e-12,9.5016107885787134e-07,2.7369132390905703e-15,2.6648208786185823e-15,2.6648139733874619e-15,2.608115322224127e-15,2.6080578180391383e-15,2.5406689538806802e-15,2.5406924286171081e-15,-3.8048478984881352e-16,-3.8049479221706534e-16,-3.8003036852369969e-16,-3.800331897306078e-16,-3.7863573767752265e-16,-3.7862541379321344e-16,-3.3249903299963136e-15,-3.3250192921548874e-15,-3.318625248502072e-15,-3.318624449944481e-15,-3.3027988389647547e-15,-3.3027124093775808e-15,4.4908690634627173e-16,4.4908087354420644e-16,4.4856890280108268e-16,4.4857775515893032e-16,4.4701631752508409e-16,4.4702231366173642e-16,-2.8140825295558215e-12,-2.8140752376427922e-12,-2.7541992045592867e-12,-2.7541384794877159e-12,-2.6829738006187372e-12,-2.6829985901983417e-12,-4.01793588589675e-13,-4.0180415113450208e-13,-4.013136547336579e-13,-4.0131663393993776e-13,-3.998408569963767e-13,-3.9982995493316047e-13,-3.5113207395338037e-12,-3.5113513247292522e-12,-3.5045938299721991e-12,-3.5045929866960332e-12,-3.487875604637686e-12,-3.4877843318494177e-12,4.7423392705074233e-13,4.7422755643582967e-13,4.7368698123829916e-13,4.7369632929308686e-13,4.7204751934856612e-13,4.720538512458687e-13,2.2461437907021331,0.0067224575191464535,0.99999579084167012,1.0000405592532404,2.5465354365329169e-05
97,1.9755806327271765e-07,0.9999957845722427,1.0000405477565846,1.0000009584789069,0.001570432268360725,2.7713530103481101e-05,3.5555787221851916e-05,1.5410675020662836e-12,1.5229231132660194e-12,9.5847890688184615e-07,2.7369132390905703e-15,2.6650085624260444e-15,2.6650016472474073e-15,2.6085127512367676e-15,2.6084552367918785e-15,2.5412847932909877e-15,2.5413082671105293e-15,-3.7799965161869174e-16,-3.7800959997858891e-16,-3.775519090519826e-16,-3.7755471973071644e-16,-3.7617282728849608e-16,-3.7616256443579634e-16,-3.3032290735946952e-15,-3.3032579234146222e-15,-3.296970559981141e-15,-3.2969697794810305e-15,-3.2813412024053438e-15,-3.2812553027423787e-15,4.4622791873580409e-16,4.4622193558042169e-16,4.4571668384153279e-16,4.4572548716932171e-16,4.4418040537064677e-16,4.4418636739551704e-16,-2.8142808454499582e-12,-2.8142735430319314e-12,-2.7546190112830999e-12,-2.7545582753743458e-12,-2.6836242481109605e-12,-2.6836490367233869e-12,-3.9916927211871504e-13,-3.991797776304875e-13,-3.9869639172277903e-13,-3.9869935981126299e-13,-3.9724001452715865e-13,-3.97229176913549e-13,-3.4883400205035747e-12,-3.4883704870649978e-12,-3.4817257057678879e-12,-3.4817248815607655e-12,-3.465215626672249e-12,-3.4651249135013697e-12,4.7121484762128992e-13,4.7120852943308186e-13,4.7067504881157889e-13,4.7068434509080863e-13,4.6905280620359197e-13,4.690591020789754e-13,2.2377956686854321,0.0068359838402125648,0.99999579205523448,1.0000405477565846,2.5292915807104987e-05
98,1.9959474433738485e-07,0.99999578581185966,1.0000405364240774,1.0000009667666632,0.0015599073326072607,2.7527795812536284e-05,3.5713451663222538e-05,1.5410675148382633e-12,1.5229231257374254e-12,9.6676666318252108e-07,2.7369132390905703e-15,2.6652082640825241e-15,2.6652013393653237e-15,2.6089286568358219e-15,2.6088711317068342e-15,2.5419234925135198e-15,2.54194696607883e-15,-3.7555226718303805e-16,-3.7556216229650484e-16,-3.7511071283047283e-16,-3.7511351308175776e-16,-3.7374648278270443e-16,-3.7373627992330183e-16,-3.2817921073399362e-15,-3.2818208466345801e-15,-3.2756384153011717e-15,-3.2756376515579243e-15,-3.2602039452119832e-15,-3.2601185694743888e-15,4.4340638291542589e-16,4.4340044898601366e-16,4.4290185235447219e-16,4.4291060734035952e-16,4.4138173831091461e-16,4.4138766683388712e-16,-2.8144918519921808e-12,-2.8144845395009908e-12,-2.7550583291626717e-12,-2.7549975819687992e-12,-2.6842988354985977e-12,-2.6843236238435883e-12,-3.9658482381182712e-13,-3.9659527309513719e-13,-3.9611847884691109e-13,-3.9612143592396997e-13,-3.9467778575873506e-13,-3.946670114982641e-13,-3.4657017639591489e-12,-3.4657321138016438e-12,-3.459198198823564e-12,-3.4591973923119646e-12,-3.4428939792430379e-12,-3.4428038193546503e-12,4.6823531713414797e-13,4.68229050928375e-13,4.6770259741931433e-13,4.677118426496767e-13,4.6609742375357415e-13,4.6610368425107377e-13,2.2295649662063717,0.0069454041311208968,0.99999579325865007,1.0000405364240774,2.5123086934948416e-05
99,2.0163142540205204e-07,0.99999578703998004,1.0000405252559159,1.0000009750248118,0.0015495400208015912,2.7344843122625943e-05,3.5869113701000863e-05,1.5410675275646157e-12,1.5229231381644015e-12,9.7502481191989418e-07,2.7369132390905703e-15,2.6653899589724476e-15,2.6653830259733536e-15,2.6093120119419864e-15,2.6092544770640573e-15,2.5425182006311815e-15,2.5425416738944081e-15,-3.7314188085453515e-16,-3.7315172353162037e-16,-3.7270605954536044e-16,-3.7270884945311213e-16,-3.7135602365537294e-16,-3.7134588002804066e-16,-3.2606743309328294e-15,-3.2607029613369431e-15,-3.2546233232887444e-15,-3.2546225751560173e-15,-3.239381073698398e-15,-3.2392962157264016e-15,4.4062201621194859e-16,4.4061613097386659e-16,4.4012419777663343e-16,4.4013290504359658e-16,4.3862017288020949e-16,4.3862606846579048e-16,-2.8146838428650123e-12,-2.8146765216276681e-12,-2.7554632730412374e-12,-2.7554025155498004e-12,-2.6849269674865806e-12,-2.6849517555135917e-12,-3.9403944566024583e-13,-3.9404983957051136e-13,-3.9357915545221221e-13,-3.9358210160646414e-13,-3.9215345207603843e-13,-3.92142740364852e-13,-3.4434005838061531e-12,-3.4434308186559897e-12,-3.4370055102899188e-12,-3.4370047202632547e-12,-3.4209043328448357e-12,-3.4208147197339911e-12,4.6529503708765825e-13,4.6528882229974912e-13,4.6476940470752637e-13,4.6477859954687765e-13,4.6318122049923128e-13,4.631874462149641e-13,2.2214733885678113,0.0070532317718850273,0.99999579445153663,1.0000405252559159,2.4955827560919915e-05
100,2.0366810646671924e-07,0.99999578825597302,1.0000405142522149,1.0000009832538264,0.0015393276459121999,2.7164624615513499e-05,3.6022828302078146e-05,1.5410675402460702e-12,1.5229231505476523e-12,9.832538262960418e-07,2.7369132390905703e-15,2.6655839931833349e-15,2.6655770518203411e-15,2.6097137267576275e-15,2.6096561815982967e-15,2.5431346591741537e-15,2.5431581327450084e-15,-3.707677413848054e-16,-3.7077753235722124e-16,-3.7033724300132389e-16,-3.7034002265536642e-16,-3.6900079403926074e-16,-3.6899070863426915e-16,-3.2398706701053577e-15,-3.2398991931553097e-15,-3.2339199360707094e-15,-3.2339192026482128e-15,-3.2188668549493433e-15,-3.2187825084848334e-15,4.3787395502831289e-16,4.3786811796467546e-16,4.3738277540224374e-16,4.3739143560906568e-16,4.3589476717060393e-16,4.3590063041918415e-16,-2.8148888638522409e-12,-2.8148815337821752e-12,-2.7558876046260069e-12,-2.7558268362747034e-12,-2.6855780678052647e-12,-2.6856028561582173e-12,-3.9153234434272559e-13,-3.9154268365263646e-13,-3.9107767579400641e-13,-3.910806111203022e-13,-3.8966632088131712e-13,-3.8965567065313741e-13,-3.421431121440959e-12,-3.4214612429206965e-12,-3.4151419926494589e-12,-3.4151412181570965e-12,-3.3992406333581103e-12,-3.3991515604160637e-12,4.6239309552681746e-13,4.6238693161093262e-13,4.6187447307060919e-13,4.6188361821462847e-13,4.6030320178935494e-13,4.6030939335732936e-13,2.2134949405367892,0.0071566420856172906,0.99999579563319574,1.0000405142522149,2.479109686779079e-05
101,2.0570478753138643e-07,0.9999957894595316,1.0000405034130333,1.000000991454163,0.0015292676990891882,2.6987096017346083e-05,3.6174652886900396e-05,1.5410675528833305e-12,1.5229231628878608e-12,9.9145416300141943e-07,2.7369132390905703e-15,2.6657623490625178e-15,2.6657554000696144e-15,2.6100863498123225e-15,2.6100287951122042e-15,2.5437106826876814e-15,2.5437341565089983e-15,-3.6842910963563138e-16,-3.6843884967678691e-16,-3.6800356918395023e-16,-3.6800633866073034e-16,-3.666801488213181e-16,-3.6667012087827186e-16,-3.2193760777984065e-15,-3.2194044948724035e-15,-3.2135230373856835e-15,-3.2135223179438244e-15,-3.1986557863296406e-15,-3.1985719449179619e-15,4.3516192734883581e-16,4.3515613783467997e-16,4.3467739652895864e-16,4.3468601027324869e-16,4.3320541046488242e-16,4.3321124192809198e-16,-2.8150773280068947e-12,-2.8150699898791791e-12,-2.7562812146408621e-12,-2.7562204362118067e-12,-2.6861864679389454e-12,-2.6862112565574222e-12,-3.8906273932639583e-13,-3.8907302485267123e-13,-3.8861330699066863e-13,-3.8861623156973319e-13,-3.872157109332723e-13,-3.8720512138511989e-13,-3.3997880469938153e-12,-3.3998180565588185e-12,-3.3936021373722919e-12,-3.3936013776436571e-12,-3.3778970698485804e-12,-3.3778085302590577e-12,4.5952920520420168e-13,4.5952309150038863e-13,4.590176032396021e-13,4.5902669931937003e-13,4.5746325070694146e-13,4.5746940870967873e-13,2.2056494645347455,0.0072571102389315202,0.99999579680304362,1.0000405034130333,2.4628853215606418e-05
102,2.077414685960536e-07,0.99999579064991739,1.0000404927381874,1.0000009996262775,0.0015193575554845809,2.6812211007244507e-05,3.6324644074343833e-05,1.5410675654770986e-12,1.5229231751857042e-12,9.9962627754708128e-07,2.7369132390905703e-15,2.6659531252297349e-15,2.6659461681443674e-15,2.6104773486184741e-15,2.6104197837652417e-15,2.5443079169693326e-15,2.5443313915925163e-15,-3.6612525372637895e-16,-3.6613494353666346e-16,-3.6570435655262017e-16,-3.6570711593659282e-16,-3.6439346250007327e-16,-3.6438349104179286e-16,-3.1991855277925588e-15,-3.1992138401885881e-15,-3.1934275207973888e-15,-3.1934268148465134e-15,-3.1787425662513633e-15,-3.1786592233113707e-15,4.3248512916542317e-16,4.324793865950692e-16,4.3200720004303173e-16,4.3201576795585283e-16,4.3055125577927643e-16,4.3055705603410265e-16,-2.8152789077660501e-12,-2.8152715610922667e-12,-2.756694229285061e-12,-2.7566334401316344e-12,-2.6868172664960208e-12,-2.6868420559623205e-12,-3.8662985774238524e-13,-3.8664009022464656e-13,-3.8618532933293272e-13,-3.8618824325395527e-13,-3.8480096170047398e-13,-3.8479043180043969e-13,-3.3784660526022149e-12,-3.3784959516232562e-12,-3.3723805519074576e-12,-3.3723798064254729e-12,-3.3568680436953955e-12,-3.3567800305084923e-12,4.5670251709045658e-13,4.56696452959117e-13,4.5619788588167768e-13,4.5620693356358659e-13,4.5466047284029314e-13,4.5466659788708519e-13,2.1979129713429328,0.0073539150665885939,0.99999579796029048,1.0000404927381874,2.4469054430927602e-05
103,2.097781496607208e-07,0.99999579182675569,1.0000404822272833,1.0000010077706063,0.0015095947460001501,2.6639926012856466e-05,3.6472861219378417e-05,1.5410675780280469e-12,1.5229231874418382e-12,1.0077706063115692e-06,2.7369132390905703e-15,2.666130025227299e-15,2.6661230604222112e-15,2.610842376945389e-15,2.6107848025366624e-15,2.5448683431919712e-15,2.5448918185414264e-15,-3.6385545600774884e-16,-3.6386509632299727e-16,-3.6343893444963826e-16,-3.6344168381465582e-16,-3.6214011668295761e-16,-3.6213020095788224e-16,-3.1792940228610661e-15,-3.1793222317448528e-15,-3.1736283807021877e-15,-3.173627687914753e-15,-3.1591220625008176e-15,-3.1590392112536947e-15,4.2984330424986763e-16,4.2983760792696148e-16,4.2937202819702714e-16,4.29380550854846e-16,4.2793222950211914e-16,4.2793799907204938e-16,-2.8154658337828869e-12,-2.8154584789566267e-12,-2.7570798184524007e-12,-2.7570190192057292e-12,-2.6874091949703498e-12,-2.6874339852046217e-12,-3.8423294175016031e-13,-3.8424312196544973e-13,-3.8379303460389786e-13,-3.8379593794486678e-13,-3.8242142015848665e-13,-3.8241094911292591e-13,-3.3574598610203116e-12,-3.3574896507283752e-12,-3.3514719501859977e-12,-3.3514712186047766e-12,-3.3361481351422903e-12,-3.336060641199374e-12,4.5391276060961074e-13,4.5390674531539909e-13,4.5341515441605398e-13,4.5342415430884962e-13,4.5189479045562931e-13,4.5190088309928482e-13,2.1903036791484571,0.00744855225407261,0.99999579910432734,1.0000404822272833,2.4311657872503867e-05
104,2.1181483072538799e-07,0.99999579298933206,1.000040471879569,1.0000010158875974,0.0014999766918308653,2.6470195525825899e-05,3.6619363392930489e-05,1.5410675905368662e-12,1.5229231996569321e-12,1.0158875974674393e-06,2.7369132390905703e-15,2.6663189980595202e-15,2.6663120248776096e-15,2.6112255702533991e-15,2.6111679856515539e-15,2.5454496683480768e-15,2.5454731449127715e-15,-3.616190088649839e-16,-3.6162860035231349e-16,-3.6120664386996496e-16,-3.6120938329909738e-16,-3.599195085870967e-16,-3.5990964765588294e-16,-3.1596965948557058e-15,-3.1597247013356831e-15,-3.1541206948037026e-15,-3.1541200150637309e-15,-3.1397892841066906e-15,-3.1397069176532489e-15,4.2723570846189498e-16,4.2723005772081857e-16,4.2677110323526188e-16,4.2677958124826069e-16,4.2534757243664948e-16,4.2535331186066437e-16,-2.815665508483165e-12,-2.8156581448105688e-12,-2.757484589670641e-12,-2.7574237796573604e-12,-2.6880231925670543e-12,-2.68804798408568e-12,-3.8187124410567805e-13,-3.8188137275847036e-13,-3.8143572689188524e-13,-3.8143861974051874e-13,-3.8007644976673456e-13,-3.8006603658369159e-13,-3.3367642257090651e-12,-3.3367939072747762e-12,-3.3308711341130082e-12,-3.3308704163100862e-12,-3.3157320735890464e-12,-3.3156450916043962e-12,4.5115914995242094e-13,4.5115318279243897e-13,4.5066858753560742e-13,4.5067754028364214e-13,4.4916540184390157e-13,4.4917146265357643e-13,2.1827994757031601,0.0075380433240740518,0.99999580023441792,1.000040471879569,2.4156620825949945e-05
105,2.1385151179005519e-07,0.9999957941373131,1.0000404616939778,1.0000010239776636,0.001490500956360905,2.6302976547019837e-05,3.676421267287437e-05,1.5410676030041924e-12,1.5229232118316077e-12,1.0239776636741593e-06,2.7369132390905703e-15,2.6664952831083986e-15,2.666488301766749e-15,2.6115853112982741e-15,2.6115277170248534e-15,2.5459975692153406e-15,2.5460210468961504e-15,-3.5941522097635121e-16,-3.5942476433216117e-16,-3.590068363789632e-16,-3.5900956594650526e-16,-3.5773104020390714e-16,-3.5772123333232975e-16,-3.1403883161176925e-15,-3.1404163211997381e-15,-3.1348996182932653e-15,-3.1348989516169202e-15,-3.1207393537349211e-15,-3.1206574650084189e-15,4.2466210480825394e-16,4.2465649891604223e-16,4.2420429769162835e-16,4.2421273162310862e-16,4.2279723823492919e-16,4.2280294799524229e-16,-2.8158517843852108e-12,-2.8158444120955325e-12,-2.7578645946773363e-12,-2.7578037744482289e-12,-2.6886018933852026e-12,-2.6886266860834755e-12,-3.795440347703766e-13,-3.7955411259607693e-13,-3.7911272144755926e-13,-3.7911560388231272e-13,-3.77765419026266e-13,-3.7775506293039941e-13,-3.3163739428867841e-12,-3.3164035173723328e-12,-3.3105729874215703e-12,-3.3105722834140325e-12,-3.2956147084388508e-12,-3.2955282309497688e-12,4.4844143485491912e-13,4.4843551505516338e-13,4.479580506364529e-13,4.4796695683457145e-13,4.4647225806161991e-13,4.4647828754653426e-13,2.1754171474699353,0.0076268959668010904,0.99999580135004107,1.0000404616939778,2.4003900676396783e-05
106,2.1588819285472238e-07,0.99999579527009053,1.0000404516690213,1.0000010320412331,0.0014811650062608469,2.6138224370593512e-05,3.6907471310698e-05,1.5410676154306854e-12,1.5229232239665071e-12,1.0320412331855051e-06,2.7369132390905703e-15,2.6666828438132965e-15,2.6666758536598205e-15,2.6119625705605104e-15,2.6119049660127156e-15,2.5465659648012459e-15,2.5465894440260699e-15,-3.5724341355887931e-16,-3.5725290941443215e-16,-3.568388753494391e-16,-3.5684159513916089e-16,-3.5557412671042983e-16,-3.5556437300258713e-16,-3.1213643018633789e-15,-3.1213922065225714e-15,-3.1159603702662415e-15,-3.1159597168350126e-15,-3.1019674848281934e-15,-3.1018860666770728e-15,4.2212180834167821e-16,4.2211624661124015e-16,4.2167090818756864e-16,4.2167929863556489e-16,4.2028053610553871e-16,4.2028621669287579e-16,-2.8160499671433516e-12,-2.8160425855479932e-12,-2.7582630987578193e-12,-2.7582022676763741e-12,-2.6892022364919019e-12,-2.6892270308217062e-12,-3.7725059694665253e-13,-3.7726062461187297e-13,-3.7682334599025755e-13,-3.7682621809959603e-13,-3.7548771036215558e-13,-3.754774104073879e-13,-3.2962838540481884e-12,-3.2963133224832739e-12,-3.2905724613280482e-12,-3.290571771307538e-12,-3.2757909849567903e-12,-3.2757050044110282e-12,4.4575889201541435e-13,4.4575301885032313e-13,4.4528280095338134e-13,4.4529166123310091e-13,4.4381462963541201e-13,4.4382062831376558e-13,2.1681363170427668,0.0077113570303588,0.99999580245059616,1.0000404516690213,2.3853455272941718e-05
107,2.1792487391938958e-07,0.99999579638743563,1.0000404418028523,1.0000010400787078,0.0014719664442289894,2.5975896691193039e-05,3.7049204760878863e-05,1.5410676278169646e-12,1.5229232360622373e-12,1.0400787079152866e-06,2.7369132390905703e-15,2.6668583601733707e-15,2.6668513614586658e-15,2.6123181954195771e-15,2.6122605811049613e-15,2.5471038276652352e-15,2.5471273083131343e-15,-3.5510292583369306e-16,-3.5511237484385374e-16,-3.547021352838456e-16,-3.5470484537174606e-16,-3.534481872535556e-16,-3.5343848600051653e-16,-3.1026197209631419e-15,-3.1026475261040255e-15,-3.0972982304288544e-15,-3.0972975905107698e-15,-3.0834689608617629e-15,-3.0833880060216086e-15,4.1961460372911973e-16,4.196090854292169e-16,4.1917082912768522e-16,4.1917917665024548e-16,4.1779742728685775e-16,4.1780307913499518e-16,-2.8162354305857434e-12,-2.8162280399493465e-12,-2.7586387563223524e-12,-2.7585779149245089e-12,-2.6897703363714328e-12,-2.6897951322050296e-12,-3.7499023284928721e-13,-3.7500021104557045e-13,-3.7456693999223575e-13,-3.7456980185641677e-13,-3.7324271039161071e-13,-3.732324658293099e-13,-3.2764888573474674e-12,-3.2765182206873929e-12,-3.2708645710542223e-12,-3.2708638953038047e-12,-3.2562559223632828e-12,-3.2561704310893879e-12,4.4311129404301945e-13,4.4310546674040921e-13,4.4264272697787056e-13,4.4265154192849358e-13,4.4119247563285696e-13,4.4119844396271491e-13,2.1609724810334208,0.0077944218502138517,0.99999580353570816,1.0000404418028523,2.370524307506786e-05
108,2.1996155498405677e-07,0.99999579748888967,1.0000404320932017,1.0000010480904939,0.0014629027922768523,2.5815949779579189e-05,3.71894789801614e-05,1.5410676401636557e-12,1.5229232481194079e-12,1.0480904938396965e-06,2.7369132390905703e-15,2.667044023254359e-15,2.6670370154891354e-15,2.612690224064255e-15,2.6126325994622701e-15,2.5476614737603136e-15,2.5476849562060988e-15,-3.5299311149405628e-16,-3.5300251425199312e-16,-3.5259600330426058e-16,-3.5259870377538277e-16,-3.5135265322780228e-16,-3.5134300358191761e-16,-3.0841497970415865e-15,-3.084177503565955e-15,-3.0789085284390384e-15,-3.0789079024101544e-15,-3.0652391194447936e-15,-3.0651586206231261e-15,4.1713986396826882e-16,4.1713438842675654e-16,4.1670341691328369e-16,4.1671172210312877e-16,4.1534726372639199e-16,4.1535288727439525e-16,-2.8164316087269017e-12,-2.8164242085327802e-12,-2.7590317361320537e-12,-2.7589708838681662e-12,-2.6903593272364895e-12,-2.6903841249696928e-12,-3.7276225997568137e-13,-3.7277218932941836e-13,-3.7234285625209212e-13,-3.7234570796091603e-13,-3.7102981866534513e-13,-3.7101962860038738e-13,-3.2569839087603059e-12,-3.2570131679573591e-12,-3.251444384571278e-12,-3.2514437234880696e-12,-3.2370045970446762e-12,-3.2369195873416027e-12,4.4049797882572132e-13,4.4049219667580026e-13,4.4003714907203768e-13,4.4004591931947098e-13,4.3860511171268717e-13,4.3861105015770936e-13,2.1539068378876709,0.0078743624997223097,0.99999580460495008,1.0000404320932017,2.3559223395378669e-05
109,2.2199823604872397e-07,0.99999579857436049,1.0000404225374655,1.0000010560769781,0.0014539717046180172,2.5658342239491952e-05,3.7328363174762737e-05,1.5410676524713554e-12,1.5229232601386049e-12,1.0560769781955491e-06,2.7369132390905703e-15,2.6672179200340764e-15,2.6672109036293822e-15,2.6130418066371889e-15,2.6129841722831407e-15,2.5481908660613839e-15,2.548214350170366e-15,-3.5091334331011356e-16,-3.5092270042799535e-16,-3.5051987863511813e-16,-3.5052256956720661e-16,-3.4928696038798561e-16,-3.4927736167193617e-16,-3.0659498158811711e-15,-3.0659774246521895e-15,-3.0607866421949368e-15,-3.0607860304642562e-15,-3.0472733389979685e-15,-3.0471932888599389e-15,4.1469739683620982e-16,4.1469196335524205e-16,4.1426857547767558e-16,4.1427683889221365e-16,4.1292999159365847e-16,4.1293558722682813e-16,-2.8166153611814288e-12,-2.8166079518636614e-12,-2.7594031243406986e-12,-2.7593422617760279e-12,-2.6909184814819564e-12,-2.6909432809725564e-12,-3.7056601596849597e-13,-3.7057589712613456e-13,-3.701504603485414e-13,-3.7015330198411031e-13,-3.6884843933852371e-13,-3.6883830305566466e-13,-3.237764029902609e-12,-3.2377931858683074e-12,-3.2323070207925283e-12,-3.2323063748085278e-12,-3.2180321284846144e-12,-3.2179475926065469e-12,4.3791874337686505e-13,4.3791300564271788e-13,4.3746596578967422e-13,4.3747469192254506e-13,4.3605248102980023e-13,4.3605838999685679e-13,2.1469536911884957,0.0079528338133709967,0.99999580565811885,1.0000404225374655,2.3415356451224669e-05
110,2.2403491711339116e-07,0.99999579964355878,1.0000404131326857,1.0000010640385459,0.0014451707688874786,2.5503031499754238e-05,3.7465927180637444e-05,1.5410676647406571e-12,1.5229232721204066e-12,1.0640385459918996e-06,2.7369132390905703e-15,2.6674007008726204e-15,2.6673936755838516e-15,2.6134083312982062e-15,2.6133506867767731e-15,2.5487389530104363e-15,2.5487624391173317e-15,-3.4886300966044386e-16,-3.4887232169269549e-16,-3.4847317407239581e-16,-3.4847585555146678e-16,-3.4725055677225207e-16,-3.4724100818962631e-16,-3.0480151232511351e-15,-3.0480426351550972e-15,-3.0429279891748877e-15,-3.0429273921993434e-15,-3.029567029638692e-15,-3.0294874208901017e-15,4.1228663106299427e-16,4.1228123901163508e-16,4.1186570475366478e-16,4.1187392698284484e-16,4.105449806391141e-16,4.1055054874829585e-16,-2.8168084949661976e-12,-2.8168010762665324e-12,-2.7597902912539274e-12,-2.7597294179498969e-12,-2.691497377196781e-12,-2.6915221787981968e-12,-3.684008549529427e-13,-3.684106884999634e-13,-3.6798913219187527e-13,-3.6799196384502168e-13,-3.6669798953753037e-13,-3.6668790619574871e-13,-3.2188243057378735e-12,-3.218853359408188e-12,-3.213447640428551e-12,-3.2134470100262393e-12,-3.1993336696388538e-12,-3.1992495998828852e-12,4.3537298443763232e-13,4.3536729045298717e-13,4.3492854346204306e-13,4.3493722610332835e-13,4.3353391804280608e-13,4.3353979794463301e-13,2.1400956455256801,0.0080292979517075265,0.99999580669497679,1.0000404131326857,2.3273603463490833e-05
111,2.2607159817805835e-07,0.99999580069654437,1.0000404038756583,1.0000010719755688,0.001436497699131912,2.5349977219984892e-05,3.7602243912326219e-05,1.5410676769721334e-12,1.5229232840653749e-12,1.0719755688712538e-06,2.7369132390905703e-15,2.6675718515174013e-15,2.6675648179594557e-15,2.6137551617978098e-15,2.6136975076863671e-15,2.5492604764518948e-15,2.5492839644200334e-15,-3.468415182794109e-16,-3.4685078579635519e-16,-3.4645531538827637e-16,-3.4645798749333258e-16,-3.4524289576446276e-16,-3.4523339667341579e-16,-3.0303411279957218e-15,-3.0303685439075135e-15,-3.025328025717001e-15,-3.0253274439334378e-15,-3.0121156264426551e-15,-3.0120364518235516e-15,4.0990739728921342e-16,4.0990204602242373e-16,4.0949470569937096e-16,4.0950288729988115e-16,4.0819214287488996e-16,4.081976838029709e-16,-2.8169893468119087e-12,-2.8169819193796525e-12,-2.7601566606169564e-12,-2.7600957771833423e-12,-2.6920482212870449e-12,-2.6920730248549493e-12,-3.6626615149402865e-13,-3.662759380326919e-13,-3.6585826539529731e-13,-3.6586108714945065e-13,-3.6457789203382201e-13,-3.6456786095532998e-13,-3.2001598878387619e-12,-3.2001888401376149e-12,-3.1948614452266093e-12,-3.1948608308672802e-12,-3.180904399819343e-12,-3.1808207885187426e-12,4.3286052316519176e-13,4.3285487224889286e-13,4.3242477750121012e-13,4.3243341723877385e-13,4.3104932983656657e-13,4.3105518103525028e-13,2.1333458767302313,0.0081045268422134317,0.99999580771550411,1.0000404038756583,2.3133926613352129e-05
112,2.2810827924272555e-07,0.99999580173320513,1.0000403947629488,1.0000010798884176,0.0014279501522901665,2.5199138052016894e-05,3.7737386784857142e-05,1.5410676891663558e-12,1.5229232959740663e-12,1.0798884176898499e-06,2.7369132390905703e-15,2.667750698654019e-15,2.6677436568253243e-15,2.6141153363089881e-15,2.6140576722932756e-15,2.549799296506183e-15,2.5498227866445426e-15,-3.4484829279400243e-16,-3.4485751631303719e-16,-3.4446574257165084e-16,-3.4446840538913394e-16,-3.432634434208332e-16,-3.4325399307669827e-16,-3.0129232964459492e-15,-3.0129506172829754e-15,-3.0079822399628494e-15,-3.0079816738008144e-15,-2.9949145859769016e-15,-2.994835838339073e-15,4.0755917580070704e-16,4.075538647417853e-16,4.0715500709765392e-16,4.0716314865462851e-16,4.058708471826183e-16,4.0587636128067734e-16,-2.8171783259228219e-12,-2.8171708897563127e-12,-2.7605371211241453e-12,-2.7604762272290335e-12,-2.6926173305399977e-12,-2.6926421364006848e-12,-3.6416129693942586e-13,-3.6417103701610247e-13,-3.6375726858491021e-13,-3.6376008053134863e-13,-3.6248758298088767e-13,-3.6247760337931565e-13,-3.1817659884858395e-12,-3.1817948403820547e-12,-3.1765436705192149e-12,-3.1765430726565625e-12,-3.1627395210333519e-12,-3.1626563606393688e-12,4.3038081074347166e-13,4.3037520228652748e-13,4.2995406470403958e-13,4.2996266215577552e-13,4.2859804995224844e-13,4.2860387281852043e-13,2.1266882277640686,0.0081776892952817003,0.99999580871965832,1.0000403947629488,2.2996289030689859e-05
113,2.3014496030739272e-07,0.99999580275375799,1.0000403857910096,1.0000010877774452,0.0014195259027388438,2.5050474720115596e-05,3.7871431861696175e-05,1.5410677013238683e-12,1.5229233078470134e-12,1.0877774453508146e-06,2.7369132390905703e-15,2.6679181109507838e-15,2.6679110616348959e-15,2.6144563766140387e-15,2.6143987033022588e-15,2.550312795329501e-15,2.5503362875107358e-15,-3.4288277570577892e-16,-3.4289195575870436e-16,-3.4250390901643356e-16,-3.4250656262604823e-16,-3.4131167215546215e-16,-3.413022699529179e-16,-2.9957571519123354e-15,-2.9957843785986619e-15,-2.9908861520922692e-15,-2.990885601916108e-15,-2.9779593847628381e-15,-2.9778810570662835e-15,4.0524181709366615e-16,4.0523654565674054e-16,4.0484649678229677e-16,4.0485459884764217e-16,4.0358096008883709e-16,4.0358644766723902e-16,-2.8173552294075233e-12,-2.8173477853342322e-12,-2.7608973754207944e-12,-2.7608364717064788e-12,-2.6931597000511697e-12,-2.693184508070154e-12,-3.6208570256843464e-13,-3.6209539674471503e-13,-3.6168556454255572e-13,-3.6168836676545236e-13,-3.6042650524616116e-13,-3.6041657648228644e-13,-3.1636378801320297e-12,-3.1636666326014377e-12,-3.1584895854721841e-12,-3.1584890044909336e-12,-3.1448342563603905e-12,-3.1447515394385866e-12,4.2793368929710828e-13,4.2792812268083664e-13,4.2751628662338692e-13,4.275248423721191e-13,4.261799374421405e-13,4.2618573230375437e-13,2.1201347976282321,0.0082505670297094887,0.99999580970760604,1.0000403857910096,2.2860654697714436e-05
114,2.3218164137205991e-07,0.9999958037582658,1.0000403769562132,1.0000010956430079,0.0014112226731012639,2.4903947035252507e-05,3.8004455298586692e-05,1.5410677134452196e-12,1.5229233196847499e-12,1.0956430079023455e-06,2.7369132390905703e-15,2.6680922678782741e-15,2.668085211247296e-15,2.614809253085458e-15,2.614751570238594e-15,2.5508420438304363e-15,2.5508655383497578e-15,-3.4094442496797941e-16,-3.4095356203933343e-16,-3.4056928244856169e-16,-3.4057192693670823e-16,-3.3938706731882406e-16,-3.3937771256291962e-16,-2.9788382669054166e-15,-2.9788654004162601e-15,-2.9740353089747551e-15,-2.9740347750981369e-15,-2.9612455200788231e-15,-2.961167605460335e-15,4.0295484586002492e-16,4.0294961352362457e-16,4.0256862096145253e-16,4.0257668411036076e-16,4.0132183985409233e-16,4.0132730123516221e-16,-2.8175392549988468e-12,-2.8175318032004759e-12,-2.7612701285792736e-12,-2.7612092147933615e-12,-2.6937187011661167e-12,-2.693743511655164e-12,-3.600387959773902e-13,-3.6004844476494488e-13,-3.5964259118475444e-13,-3.5964538377534277e-13,-3.5839411535791952e-13,-3.5838423669787346e-13,-3.145770887187211e-12,-3.1457995412596816e-12,-3.1406944874364842e-12,-3.140693923667903e-12,-3.1271838507998483e-12,-3.1271015701024643e-12,4.255186569027158e-13,4.2551313157644418e-13,4.2511085845718625e-13,4.2511937311030938e-13,4.2379431463160129e-13,4.2380008182892098e-13,2.1136705161287312,0.008321491463473529,0.99999581067949828,1.0000403769562132,2.2726988382984089e-05
115,2.3421832243672711e-07,0.99999580474709615,1.0000403682549643,1.0000011034854461,0.001403038292929634,2.4759516695380822e-05,3.8136535207272275e-05,1.5410677255309348e-12,1.522923331487788e-12,1.1034854461914655e-06,2.7369132390905703e-15,2.6682553754453259e-15,2.6682483123630528e-15,2.6151435867603588e-15,2.6150858949891015e-15,2.5513469666734127e-15,2.5513704634202218e-15,-3.3903271635686917e-16,-3.3904181094545157e-16,-3.3866134388079222e-16,-3.386639793274336e-16,-3.3748912130592225e-16,-3.3747981342630892e-16,-2.9621622607194285e-15,-2.9621893020426282e-15,-2.957425285665889e-15,-2.9574247683051491e-15,-2.9447685122237257e-15,-2.9446910039920629e-15,4.0069812594713424e-16,4.0069293218058714e-16,4.0032124747641808e-16,4.0032927225001961e-16,3.9909330508589097e-16,3.9909874055869594e-16,-2.8177116120485729e-12,-2.817704153437307e-12,-2.7616233000747637e-12,-2.7615623768621233e-12,-2.6942520138870988e-12,-2.6942768267293829e-12,-3.5802002358382644e-13,-3.5802962750939065e-13,-3.576278004589563e-13,-3.5763058350167897e-13,-3.5638987728349487e-13,-3.5638004812498413e-13,-3.1281603834667466e-12,-3.1281889401854508e-12,-3.1231537035285564e-12,-3.1231531572011108e-12,-3.1097835736613089e-12,-3.109701722122181e-12,4.2313556978370194e-13,4.2313008518704911e-13,4.2273764064632436e-13,4.2274611477526854e-13,4.2144098997060707e-13,4.2144672980889498e-13,2.1073064579438787,0.0083919921597752009,0.9999958116356803,1.0000403682549643,2.2595255540301189e-05
116,2.362550035013943e-07,0.99999580572047242,1.0000403596837324,1.0000011113050997,0.001394970543848338,2.4617144552668028e-05,3.8267749124099624e-05,1.5410677375815372e-12,1.5229233432566365e-12,1.1113050997547517e-06,2.7369132390905703e-15,2.6684245889070104e-15,2.6684175196138235e-15,2.6154885158275641e-15,2.6154308149314727e-15,2.5518661342567929e-15,2.5518896335191138e-15,-3.3714714017461184e-16,-3.3715619273811025e-16,-3.3677958825208864e-16,-3.3678221474318743e-16,-3.3561733936113873e-16,-3.3560807770842158e-16,-2.9457247912437836e-15,-2.9457517414148089e-15,-2.9410516820341753e-15,-2.9410511813267758e-15,-2.9285239083004467e-15,-2.9284467999933253e-15,3.9847121595937001e-16,3.9846606028913913e-16,3.9810383201487746e-16,3.9811181897250117e-16,3.9689470231548082e-16,3.9690011218480405e-16,-2.8178904167055454e-12,-2.8178829515352022e-12,-2.7619876601706439e-12,-2.7619267273196219e-12,-2.6948003689892788e-12,-2.6948251844889707e-12,-3.5602884714468248e-13,-3.5603840669157243e-13,-3.5564065901873963e-13,-3.5564343260437608e-13,-3.5441326855919549e-13,-3.5440348821645905e-13,-3.110801783543803e-12,-3.1108302440021919e-12,-3.1058625870679966e-12,-3.1058620583268421e-12,-3.0926287225599658e-12,-3.0925472933546885e-12,4.2078396182807107e-13,4.2077851746098321e-13,4.2039605839904351e-13,4.2040449259445673e-13,4.191192733984067e-13,4.1912498619950576e-13,2.1010285156462305,0.0084610772731313257,0.99999581257647963,1.0000403596837324,2.2465422235272332e-05
117,2.382916845660615e-07,0.99999580667889176,1.0000403512391431,1.0000011191022997,0.0013870173050993711,2.447679318194655e-05,3.8398175626043379e-05,1.5410677495975372e-12,1.5229233549917915e-12,1.1191022997419261e-06,2.7369132390905703e-15,2.6685833687314393e-15,2.6685762940645012e-15,2.6158156732061508e-15,2.6157579637647548e-15,2.5523619235703746e-15,2.5523854252558245e-15,-3.3528720317837544e-16,-3.3529621418941952e-16,-3.3492352321637774e-16,-3.3492614083173161e-16,-3.3377123403608881e-16,-3.3376201807140662e-16,-2.9295215524647013e-15,-2.9295484125253034e-15,-2.9249101257844823e-15,-2.9249096417543262e-15,-2.9125072870197949e-15,-2.9124305723945642e-15,3.9627398322633895e-16,3.962688651668949e-16,3.9591621854987291e-16,3.9592416821619101e-16,3.9472580727201848e-16,3.9473119181613963e-16,-2.8180582030406355e-12,-2.8180507321952925e-12,-2.7623332529054907e-12,-2.7622723110281002e-12,-2.6953240361485442e-12,-2.695348854208062e-12,-3.540647457934486e-13,-3.540742614607648e-13,-3.5368064694473665e-13,-3.5368341115755212e-13,-3.524637744378035e-13,-3.5245404234180103e-13,-3.0936905401111978e-12,-3.0937189054094632e-12,-3.0888165207704435e-12,-3.0888160096408356e-12,-3.0757146284895215e-12,-3.0756336150256687e-12,4.1846369293645219e-13,4.1845828828620244e-13,4.1808594695139604e-13,4.1809434176733493e-13,4.1682892808555669e-13,4.1683461414333428e-13,2.0948468043012918,0.008529174577038048,0.99999581350239486,1.0000403512391431,2.2337455069819382e-05
118,2.4032836563072867e-07,0.99999580762270601,1.0000403429179934,1.0000011268773692,0.0013791764129375101,2.4338424399450312e-05,3.8527891847447068e-05,1.5410677615794327e-12,1.5229233666937353e-12,1.1268773693089897e-06,2.7369132390905703e-15,2.668747916936066e-15,2.6687408370980855e-15,2.6161525391006836e-15,2.6160948209165528e-15,2.5528706560085108e-15,2.5528941603981507e-15,-3.3345242549323152e-16,-3.3346139538947749e-16,-3.3309266957874746e-16,-3.3309527840343782e-16,-3.3195033029579665e-16,-3.3194115940979968e-16,-2.9135482674530944e-15,-2.9135750384782128e-15,-2.9089962711271253e-15,-2.9089958037074271e-15,-2.8967142643006169e-15,-2.8966379373779676e-15,3.9410600705753885e-16,3.9410092617194844e-16,3.9375786712117578e-16,3.9376578003497159e-16,3.9258596000608633e-16,3.9259131952194624e-16,-2.8182320805715774e-12,-2.8182246042652796e-12,-2.7626890976906492e-12,-2.7626281465783848e-12,-2.695861371164169e-12,-2.6958861920803474e-12,-3.5212721278018233e-13,-3.5213668503009489e-13,-3.5174725820526001e-13,-3.5175001313509957e-13,-3.505408932806995e-13,-3.5053120878795411e-13,-3.0768221365762911e-12,-3.0768504078496552e-12,-3.0720109153419527e-12,-3.0720104217533575e-12,-3.0590366617359912e-12,-3.058956057699212e-12,4.1617431886132759e-13,4.1616895346652733e-13,4.1580673610736031e-13,4.1581509211277226e-13,4.1456925712769441e-13,4.145749167557167e-13,2.0887480875116808,0.008596685524732927,0.99999581441389351,1.0000403429179934,2.2211321123595828e-05
119,2.4236504669539589e-07,0.99999580855250358,1.0000403347173157,1.0000011346306268,0.0013714457950493872,2.4202001634917692e-05,3.8656974900920894e-05,1.5410677735277146e-12,1.5229233783629459e-12,1.1346306268943379e-06,2.7369132390905703e-15,2.6689028342923132e-15,2.6688957500021615e-15,2.6164726327696015e-15,2.6164149063635707e-15,2.5533570532412672e-15,2.5533805602565123e-15,-3.3164234223600067e-16,-3.3165127147097344e-16,-3.3128656001309996e-16,-3.3128916012619571e-16,-3.3015416033577331e-16,-3.3014503401648733e-16,-2.89780068714314e-15,-2.8978273701984865e-15,-2.8933058032656081e-15,-2.8933053522752761e-15,-2.8811404994548017e-15,-2.8810645545027079e-15,3.9196714618247361e-16,3.9196210201816157e-16,3.9162859612947095e-16,3.9163647279518631e-16,3.9047490307860444e-16,3.904802378421159e-16,-2.8183957875385881e-12,-2.8183883065304313e-12,-2.7630272305552273e-12,-2.7629662707581029e-12,-2.6963751197139494e-12,-2.6963999434037985e-12,-3.502157571862931e-13,-3.5022518649772605e-13,-3.4983999930213013e-13,-3.4984274503249328e-13,-3.4864413108468033e-13,-3.4863449365454861e-13,-3.0601920857709511e-12,-3.0602202641447511e-12,-3.0554412142180921e-12,-3.0554407379793231e-12,-3.0425902384090699e-12,-3.0425100377461797e-12,4.13915690421604e-13,4.1391036380432409e-13,4.1355823409859636e-13,4.1356655182617039e-13,4.1233998866977231e-13,4.1234562215940927e-13,2.0827416009127044,0.0086630531764477527,0.99999581531158144,1.0000403347173157,2.2086987909884281e-05
120,2.4440172776006305e-07,0.99999580946871769,1.0000403266343683,1.0000011423623871,0.0013638233433962614,2.4067487687638871e-05,3.8785499480356078e-05,1.5410677854428678e-12,1.5229233899998922e-12,1.1423623872671168e-06,2.7369132390905703e-15,2.6690634015118722e-15,2.6690563128573492e-15,2.6168018901705635e-15,2.6167441553231778e-15,2.5538553860209238e-15,2.5538788959308162e-15,-3.2985650068538162e-16,-3.2986538968325589e-16,-3.2950473938330036e-16,-3.295073308683549e-16,-3.2838226811037236e-16,-3.2837318578244038e-16,-2.8822745854574121e-15,-2.8823011816204372e-15,-2.8778344387967793e-15,-2.8778340039674147e-15,-2.8657817015041517e-15,-2.8657061330678056e-15,3.8985698625756512e-16,3.898519784022856e-16,3.8952786679322917e-16,3.8953570772665763e-16,3.8839197862863087e-16,3.8839728893615496e-16,-2.8185654605489705e-12,-2.8185579749317327e-12,-2.7633750401677575e-12,-2.7633140714540461e-12,-2.6969014720960362e-12,-2.696926298843655e-12,-3.483299009361883e-13,-3.4833928775707228e-13,-3.4795838960982461e-13,-3.4796112622894311e-13,-3.4677300626392415e-13,-3.4676341528882533e-13,-3.0437959248035015e-12,-3.0438240114155958e-12,-3.0391028939865245e-12,-3.0391024348141034e-12,-3.0263708271128558e-12,-3.0262910240633333e-12,4.1168737007203034e-13,4.1168208179694825e-13,4.1133987197369003e-13,4.1134815196810042e-13,4.1014042801276774e-13,4.1014603567696876e-13,2.0768149174652213,0.0087281316691939122,0.9999958161960103,1.0000403266343683,2.1964423331592717e-05
121,2.4643840882473028e-07,0.99999581037197516,1.0000403186666693,1.0000011500729582,0.001356307038496098,2.3934846919670535e-05,3.8913539148367835e-05,1.541067797325367e-12,1.522923401605037e-12,1.1500729583821533e-06,2.7369132390905703e-15,2.6692152295223925e-15,2.6692081370507833e-15,2.6171155588712586e-15,2.6170578160304929e-15,2.554332583720536e-15,2.5543560964519796e-15,-3.2809446168456356e-16,-3.2810331088606823e-16,-3.2774676346698791e-16,-3.2774934640156224e-16,-3.2663420454483902e-16,-3.2662516571828071e-16,-2.8669657600178441e-15,-2.8669922703364859e-15,-2.8625779312227443e-15,-2.8625775121843414e-15,-2.8506336356473042e-15,-2.8505584385252855e-15,3.8777536501561931e-16,3.8777039303816216e-16,3.8745547164940404e-16,3.874632773333263e-16,3.8633690745225582e-16,3.8634219358306464e-16,-2.8187259045763639e-12,-2.8187184149279151e-12,-2.7637063876684008e-12,-2.7636454105111521e-12,-2.6974055053437909e-12,-2.6974303350720059e-12,-3.4646918027842959e-13,-3.4647852507417485e-13,-3.4610196002780371e-13,-3.4610468761757959e-13,-3.4492704459389602e-13,-3.4491749955641135e-13,-3.0276292158095614e-12,-3.0276572117666612e-12,-3.0229914702075751e-12,-3.0229910277107682e-12,-3.0103739557750395e-12,-3.0102945448460524e-12,4.0948918645900758e-13,4.0948393607076588e-13,4.0915143065220852e-13,4.0915967342327825e-13,4.0797028031797449e-13,4.0797586245164783e-13,2.0709764853674186,0.008791637454724369,0.99999581706782981,1.0000403186666693,2.1843595658018265e-05
122,2.4847508988939744e-07,0.9999958112627324,1.0000403108119651,1.0000011577626404,0.0013488948341688473,2.3804043221927598e-05,3.9041164070394302e-05,1.5410678091756748e-12,1.5229234131788274e-12,1.1577626404626417e-06,2.7369132390905703e-15,2.6693726897527494e-15,2.669365593404628e-15,2.6174380979001273e-15,2.6173803468150923e-15,2.554821009485048e-15,2.5548445252873157e-15,-3.26355797070015e-16,-3.2636460689127913e-16,-3.2601219922123064e-16,-3.2601477368650574e-16,-3.2490953160253782e-16,-3.2490053573010755e-16,-2.8518700296860187e-15,-2.8518964551968124e-15,-2.8475320724640756e-15,-2.8475316687748052e-15,-2.8356921292652373e-15,-2.83561729852604e-15,3.8572186101184106e-16,3.8571692451413514e-16,3.8541087126044021e-16,3.8541864218742635e-16,3.8430904293425447e-16,3.8431430518849224e-16,-2.8188922960147791e-12,-2.8188848022723844e-12,-2.7640471020728012e-12,-2.7639861162071133e-12,-2.6979213953031957e-12,-2.6979462282751991e-12,-3.4463314307053102e-13,-3.4464244628056944e-13,-3.4427025326104728e-13,-3.4427297190721279e-13,-3.4310578350635441e-13,-3.4309628382858394e-13,-3.0116875433543795e-12,-3.0117154497510532e-12,-3.0071024990122238e-12,-3.0071020727244867e-12,-2.994595217988882e-12,-2.9945161939725678e-12,4.0732069453838574e-13,4.0731548161662473e-13,4.0699234048989865e-13,4.070005465577781e-13,4.0582886276171572e-13,4.0583441968182156e-13,2.0652146473537161,0.0088543779294043574,0.99999581792760772,1.0000403108119651,2.1724473484944161e-05
123,2.5051177095406467e-07,0.99999581214159672,1.0000403030682377,1.0000011654317305,0.0013415847719128249,2.3675042032591325e-05,3.9168442230999672e-05,1.541067820994249e-12,1.5229234247217106e-12,1.1654317305867067e-06,2.7369132390905703e-15,2.6695222757016082e-15,2.6695151758462802e-15,2.6177463090017118e-15,2.6176885500491192e-15,2.555289636027772e-15,2.5553131548238812e-15,-3.2464009088932438e-16,-3.2464886176316e-16,-3.2430062355451282e-16,-3.2430318962561384e-16,-3.2320781791393724e-16,-3.2319886452304914e-16,-2.8369832372490563e-15,-2.8370095789391091e-15,-2.8326926987478598e-15,-2.8326923098870168e-15,-2.8209530776925456e-15,-2.8208786086434744e-15,3.836962803748198e-16,3.8369137893738629e-16,3.8339383300843742e-16,3.834015696400576e-16,3.8230809487673047e-16,3.8231333353989645e-16,-2.8190503718410223e-12,-2.8190428743946655e-12,-2.7643726857485119e-12,-2.7643116915721594e-12,-2.6984163767972701e-12,-2.6984412129317877e-12,-3.4282135006499746e-13,-3.4283061214638586e-13,-3.4246282252327746e-13,-3.4246553230516121e-13,-3.413087674735357e-13,-3.4129931265643374e-13,-2.9959665172691702e-12,-2.995994335147864e-12,-2.9914315833201663e-12,-2.9914311726915629e-12,-2.9790302791077796e-12,-2.9789516370484738e-12,4.0518168958258094e-13,4.0517651368433044e-13,4.0486235584282065e-13,4.0487052569492281e-13,4.0371586889561777e-13,4.037214009036289e-13,2.059537159791339,0.0089152729629332697,0.9999958187759691,1.0000403030682377,2.1607025719089556e-05
124,2.5254845201873183e-07,0.99999581300898976,1.0000402954336594,1.0000011730805245,0.0013343748756955815,2.3547808480476323e-05,3.9295437341772188e-05,1.5410678327815455e-12,1.5229234362341288e-12,1.1730805245220263e-06,2.7369132390905703e-15,2.6696774608594132e-15,2.6696703573035576e-15,2.6180632164813739e-15,2.6180054493846575e-15,2.5557690167053318e-15,2.5557925387174936e-15,-3.2294693705909475e-16,-3.2295566939741491e-16,-3.2261162356348689e-16,-3.2261418131831414e-16,-3.2152864246843848e-16,-3.2151973103471231e-16,-2.8223012491620801e-15,-2.8223275079867026e-15,-2.8180556925405142e-15,-2.8180553179394089e-15,-2.8064124490665651e-15,-2.8063383372583952e-15,3.8169818398619916e-16,3.8169331721679059e-16,3.8140381605389544e-16,3.8141151886063305e-16,3.8033343578585099e-16,3.8033865116348408e-16,-2.8192143602166149e-12,-2.819206858862152e-12,-2.7647074526298971e-12,-2.7646464498508719e-12,-2.6989227145197205e-12,-2.698947554051385e-12,-3.4103337243606149e-13,-3.4104259382377883e-13,-3.4067923178695657e-13,-3.406819327868241e-13,-3.3953555190675213e-13,-3.3952614139656697e-13,-2.9804617723791984e-12,-2.9804895027487402e-12,-2.9759743748806598e-12,-2.9759739793106512e-12,-2.9636748813661743e-12,-2.9635966165654021e-12,4.0307170788417355e-13,4.0306656859521873e-13,4.0276090558620398e-13,4.0276903971935816e-13,4.0163063608806044e-13,4.0163614350663865e-13,2.053933106992925,0.0089737510639505986,0.99999581961342987,1.0000402954336594,2.1491221534476966e-05
125,2.5458513308339905e-07,0.99999581386544623,1.0000402879065839,1.0000011807093059,0.0013272632564387146,2.3422309228881471e-05,3.9422210041109407e-05,1.5410678445380014e-12,1.5229234477165089e-12,1.180709305980175e-06,2.7369132390905703e-15,2.669825512340947e-15,2.669818405310528e-15,2.6183670064929391e-15,2.6183092315722296e-15,2.5562299882754705e-15,2.5562535134154461e-15,-3.2127594040935512e-16,-3.2128463464022684e-16,-3.2094479536690845e-16,-3.2094734487725956e-16,-3.1987159065432878e-16,-3.1986272071867688e-16,-2.8078199598891149e-15,-2.8078461367387835e-15,-2.8036169882124346e-15,-2.8036166272521417e-15,-2.7920662886886855e-15,-2.7919925298788871e-15,3.7972733927765347e-16,3.7972250676112643e-16,3.7944056423727968e-16,3.7944823366080454e-16,3.7838477323140923e-16,3.7838996561543287e-16,-2.819370815065098e-12,-2.8193633100411633e-12,-2.7650283670368815e-12,-2.7649673559932149e-12,-2.6994096117468059e-12,-2.6994344545824692e-12,-3.3926879288257747e-13,-3.3927797402866952e-13,-3.389190545519279e-13,-3.3892174684559625e-13,-3.3778569897456075e-13,-3.3777633228649285e-13,-2.9651689730877941e-12,-2.9651966168885696e-12,-2.960726580254801e-12,-2.960726199089814e-12,-2.9485248484852796e-12,-2.9484469564627592e-12,4.0099050385176816e-13,4.0098540073372416e-13,4.0068771921619128e-13,4.0069581809679965e-13,3.9957285553332465e-13,3.9957833867073224e-13,2.0484096433138683,0.009030836840248066,0.99999582044052859,1.0000402879065839,2.137703035880026e-05
126,2.5662181414806622e-07,0.99999581471130505,1.0000402804854953,1.0000011883183586,0.0013202480152119461,2.3298510767248886e-05,3.9548816008698514e-05,1.5410678562640542e-12,1.5229234591692764e-12,1.1883183588037716e-06,2.7369132390905703e-15,2.6699790306697293e-15,2.6699719198848523e-15,2.6186793074808428e-15,2.6186215244502827e-15,2.5567013646476352e-15,2.556724893106409e-15,-3.1962671453464723e-16,-3.1963537106788165e-16,-3.1929974432119513e-16,-3.1930228566092765e-16,-3.1823625762792519e-16,-3.1822742868449695e-16,-2.7935352934088168e-15,-2.7935613891277712e-15,-2.7893725738622162e-15,-2.7893722259039721e-15,-2.7779107222037197e-15,-2.7778373123519906e-15,3.7778328311406116e-16,3.7777848445784053e-16,3.7750353563616063e-16,3.7751117212637983e-16,3.7646150449837877e-16,3.7646667419882856e-16,-2.8195330426864446e-12,-2.8195255336974867e-12,-2.7653582688622585e-12,-2.7652972492521172e-12,-2.6999074963018291e-12,-2.6999323426431444e-12,-3.3752720335877251e-13,-3.3753634469598887e-13,-3.3718187407304189e-13,-3.3718455773850327e-13,-3.3605878116059617e-13,-3.3604945776047129e-13,-2.9500838149665949e-12,-2.9501113730901698e-12,-2.9456839627418299e-12,-2.9456835953073067e-12,-2.9335760890305647e-12,-2.9334985655195622e-12,3.9893758841630562e-13,3.9893252105461469e-13,3.9864222446441396e-13,3.9865028856757648e-13,3.9754189076610101e-13,3.9754734994974276e-13,2.0429565677420127,0.0090854610748564903,0.99999582125767561,1.0000402804854953,2.126442182734227e-05
127,2.5865849521273344e-07,0.99999581554699002,1.0000402731689915,1.0000011959079596,0.0013133273380920914,2.3176381085146922e-05,3.9675307189064112e-05,1.54106786796013e-12,1.5229234705928493e-12,1.1959079594969371e-06,2.7369132390905703e-15,2.6701259758056374e-15,2.6701188614084436e-15,2.6189795426177512e-15,2.6189217517626518e-15,2.557155669743361e-15,2.5571792014182264e-15,-3.1799888267598633e-16,-3.180075019363416e-16,-3.1767608391959196e-16,-3.1767861715652959e-16,-3.1662224473688816e-16,-3.1661345633705085e-16,-2.7794432087721596e-15,-2.7794692241311387e-15,-2.7753184964022312e-15,-2.7753181607876309e-15,-2.7639419582273595e-15,-2.7638688934556114e-15,3.7586574159058222e-16,3.7586097637858855e-16,3.7559245308349483e-16,3.7560005706346559e-16,3.7456334114046554e-16,3.7456848845364913e-16,-2.8196883286567336e-12,-2.8196808158528369e-12,-2.76567542873312e-12,-2.7656144008577617e-12,-2.7003873531270493e-12,-2.7004122028655878e-12,-3.3580820600557018e-13,-3.3581730798246894e-13,-3.3546728219767421e-13,-3.3546995730655714e-13,-3.343543774865714e-13,-3.3434509690063465e-13,-2.9352020306244075e-12,-2.9352295038846982e-12,-2.9308423477497434e-12,-2.9308419933503569e-12,-2.9188245991864692e-12,-2.918747440091596e-12,3.9691267233518197e-13,3.9690764029046307e-13,3.9662412864314524e-13,3.9663215841560421e-13,3.9553743718766776e-13,3.9554287273043768e-13,2.037580509133035,0.0091376511469762837,0.9999958220652797,1.0000402731689915,2.1153365775218296e-05
128,2.6069517627740061e-07,0.99999581637272839,1.0000402659557368,1.0000012034783834,0.0013064994066568636,2.3055888092747944e-05,3.9801730130063723e-05,1.541067879626653e-12,1.5229234819876413e-12,1.203478383384391e-06,2.7369132390905703e-15,2.6702781204753396e-15,2.670271002161731e-15,2.6192879964698277e-15,2.6192301975152744e-15,2.5576200402626563e-15,2.557643575313743e-15,-3.1639207574305917e-16,-3.164006581387426e-16,-3.1607343599292413e-16,-3.1607596119644945e-16,-3.1502916259859377e-16,-3.1502041425172447e-16,-2.7655397029033754e-15,-2.7655656386196927e-15,-2.7614508630382881e-15,-2.7614505391174791e-15,-2.7501562897581715e-15,-2.750083566340339e-15,3.7397422590705881e-16,3.7396949374222083e-16,3.7370677493608767e-16,3.7371434683626636e-16,3.7268970842774899e-16,3.7269483366533088e-16,-2.8198491051149325e-12,-2.8198415881749624e-12,-2.7660012673948522e-12,-2.7659402309640307e-12,-2.7008778388986958e-12,-2.7009026922035068e-12,-3.3411141106206998e-13,-3.3412047410971664e-13,-3.337748795777215e-13,-3.337775462032867e-13,-3.3267207676306653e-13,-3.3266283847320731e-13,-2.9205193926653199e-12,-2.920546781819875e-12,-2.9161976243577547e-12,-2.9161972823073063e-12,-2.9042664642476166e-12,-2.9041896656340276e-12,3.9491523943716604e-13,3.9491024229011373e-13,3.9463285977888774e-13,3.946408556752145e-13,3.9355888788489915e-13,3.9356430011591242e-13,2.0322719486132192,0.0091867458575472499,0.99999582286361399,1.0000402659557368,2.1043832197896371e-05
129,2.6273185734206778e-07,0.99999581718881503,1.0000402588444455,1.0000012110298977,0.0012997624839186483,2.2937001137307809e-05,3.9928127252441746e-05,1.5410678912640353e-12,1.5229234933540575e-12,1.2110298977971318e-06,2.7369132390905703e-15,2.6704240664018151e-15,2.6704169442942253e-15,2.6195852150833149e-15,2.6195274083017512e-15,2.558068529127891e-15,2.55809206743959e-15,-3.1480593305939071e-16,-3.14814479011816e-16,-3.1449142968157772e-16,-3.1449394691530822e-16,-3.1345662787163601e-16,-3.1344791913746804e-16,-2.7518208169576673e-15,-2.7518466736735203e-15,-2.7477658457140485e-15,-2.7477655328463298e-15,-2.7365500951631647e-15,-2.7364777094851249e-15,3.7210842265747314e-16,3.7210372311939869e-16,3.7184620639917277e-16,3.7185374662471848e-16,3.7084032558202948e-16,3.7084542904097054e-16,-2.8200033353468998e-12,-2.8199958144001697e-12,-2.7663152412430027e-12,-2.7662541965443858e-12,-2.7013515532027226e-12,-2.7013764099517452e-12,-3.3243643765241278e-13,-3.3244546221581764e-13,-3.3210427458401005e-13,-3.3210693279343641e-13,-3.3101147418019824e-13,-3.3100227772150197e-13,-2.9060317204025226e-12,-2.906059026129451e-12,-2.9017457500097955e-12,-2.9017454196316306e-12,-2.8898978596595349e-12,-2.889821417710617e-12,3.9294495876656304e-13,3.9293999607324629e-13,3.9266810656913551e-13,3.9267606901717212e-13,3.9160594635657401e-13,3.9161133558942518e-13,2.0270370490355996,0.0092328852422963632,0.99999582365293904,1.0000402588444455,2.0935791258653182e-05
130,2.64768538406735e-07,0.99999581799535764,1.0000402518338418,1.000001218562766,0.0012931148315653038,2.2819689542708318e-05,4.0054535412344336e-05,1.5410679028726828e-12,1.5229235046924954e-12,1.2185627661348196e-06,2.7369132390905703e-15,2.6705748224862315e-15,2.6705676963140975e-15,2.6198902120846939e-15,2.6198323972295471e-15,2.5585266655670604e-15,2.5585502072734479e-15,-3.1324010055510216e-16,-3.1324861047003164e-16,-3.1292970163623374e-16,-3.1293221096505933e-16,-3.1190426606844768e-16,-3.1189559646927449e-16,-2.7382826399996749e-15,-2.7383084183037096e-15,-2.7342596822760633e-15,-2.734259379854404e-15,-2.7231198381015415e-15,-2.7230477866489074e-15,3.7026782001529848e-16,3.7026315270010369e-16,3.7001020833935233e-16,3.7001771730178057e-16,3.6901464678365031e-16,3.690197287730149e-16,-2.8201626448850458e-12,-2.8201551196458348e-12,-2.7666374288988776e-12,-2.7665763756720956e-12,-2.7018354552104344e-12,-2.7018603155452401e-12,-3.3078291187732914e-13,-3.3079189838498366e-13,-3.3045508351826407e-13,-3.3045773338008801e-13,-3.2937217427778513e-13,-3.2936301914579083e-13,-2.891734883742899e-12,-2.8917621066639259e-12,-2.8874827517448496e-12,-2.8874824323978913e-12,-2.8757150509381971e-12,-2.8756389619426389e-12,3.9100128983640959e-13,3.9099636117033041e-13,3.9072929969075778e-13,3.9073722912505578e-13,3.8967803621874286e-13,3.8968340277978938e-13,2.0218669329058128,0.0092759117461009254,0.99999582443338431,1.0000402518338418,2.0829213266424272e-05
131,2.6680521947140217e-07,0.99999581879252597,1.0000402449226484,1.0000012260772451,0.0012865547879940412,2.2703923986526705e-05,4.0180987220906191e-05,1.5410679144529908e-12,1.5229235160033427e-12,1.226077244982795e-06,2.7369132390905703e-15,2.6707196052111128e-15,2.6707124751283484e-15,2.6201845773304532e-15,2.620126754677533e-15,2.5589699027476821e-15,2.5589934477257692e-15,-3.1169423141687945e-16,-3.1170270571113491e-16,-3.1138789507885952e-16,-3.1139039656237008e-16,-3.1037170864290586e-16,-3.1036307774567033e-16,-2.7249213157929924e-15,-2.7249470162034676e-15,-2.7209286804186466e-15,-2.7209283878690714e-15,-2.7098620672738701e-15,-2.7097903465949353e-15,3.6845207062989269e-16,3.6844743511132195e-16,3.6819847230429961e-16,3.6820595039098132e-16,3.6721240036526278e-16,3.6721746117795367e-16,-2.8203156462089284e-12,-2.8203081168397759e-12,-2.7669483890339906e-12,-2.7668873275703226e-12,-2.7023036231827561e-12,-2.7023284869735066e-12,-3.2915046750052655e-13,-3.2915941639259337e-13,-3.2882692962152969e-13,-3.2882957119866522e-13,-3.2775378786983012e-13,-3.2774467360722182e-13,-2.877624810357048e-12,-2.8776519510194071e-12,-2.8734047303626977e-12,-2.8734044214408668e-12,-2.861714393405074e-12,-2.8616386537177075e-12,3.8908386584564488e-13,3.8907897075667227e-13,3.8881611341894604e-13,3.8882401024857643e-13,3.8777487059126694e-13,3.8778021478982179e-13,2.0167673400732378,0.0093161184616873359,0.99999582520506825,1.0000402449226484,2.0724068706396878e-05
132,2.6884190053606939e-07,0.99999581958031947,1.0000402381095561,1.0000012335735891,0.0012800806920752225,2.258967515468992e-05,4.030750981474699e-05,1.541067926005352e-12,1.5229235272869853e-12,1.2335735890917745e-06,2.7369132390905703e-15,2.6708687350094795e-15,2.6708616008173462e-15,2.62048614620639e-15,2.6204283155473426e-15,2.5594222480707236e-15,2.5594457964364327e-15,-3.1016798446693142e-16,-3.1017642354199749e-16,-3.0986566002541625e-16,-3.0986815372441974e-16,-3.0885859556253051e-16,-3.0885000290112959e-16,-2.7117330469767658e-15,-2.7117586699639735e-15,-2.7077692186953798e-15,-2.7077689354967441e-15,-2.696773415361729e-15,-2.696702022056481e-15,3.6666064553382677e-16,3.6665604140062155e-16,3.6641046442473017e-16,3.6641791202823774e-16,3.6543306841528449e-16,3.6543810835288734e-16,-2.8204732378222432e-12,-2.820465704113286e-12,-2.7672669560356619e-12,-2.7672058861150855e-12,-2.7027814092263955e-12,-2.7028062765954421e-12,-3.2753874423684084e-13,-3.2754765593729166e-13,-3.2721944330932309e-13,-3.272220766659903e-13,-3.2615593476077507e-13,-3.2614686087535536e-13,-2.8636974900898174e-12,-2.8637245489901729e-12,-2.8595078614922769e-12,-2.8595075624452001e-12,-2.8478923310673827e-12,-2.8478169370977504e-12,3.8719212820660483e-13,3.8718726626045609e-13,3.8692798398948471e-13,3.869358486290072e-13,3.8589590256106347e-13,3.859012247156032e-13,2.0117299868706326,0.0093525742250399734,0.99999582596799275,1.0000402381095561,2.0620328241335915e-05
133,2.7087858160073656e-07,0.99999582035880319,1.000040231393218,1.0000012410520471,0.0012736909543731205,2.2476914998312469e-05,4.0434126214366432e-05,1.5410679375301497e-12,1.5229235385438027e-12,1.2410520471844222e-06,2.7369132390905703e-15,2.6710120301807127e-15,2.6710048920916494e-15,2.6207775021427454e-15,2.6207196637640835e-15,2.5598604585044622e-15,2.559884010134992e-15,-3.0866102476621681e-16,-3.0866942903224669e-16,-3.083626524552711e-16,-3.0836513842584557e-16,-3.0736457268584433e-16,-3.0735601783411992e-16,-2.6987141019336043e-15,-2.6987396479068458e-15,-2.6947777501525728e-15,-2.6947774758335077e-15,-2.6838505980750105e-15,-2.6837795287637458e-15,3.6489317149129487e-16,3.6488859831151152e-16,3.6464586676412523e-16,3.6465328425387679e-16,3.6367638799091237e-16,3.636814073373265e-16,-2.8206246677302735e-12,-2.8206171299058161e-12,-2.7675747378001821e-12,-2.7675136597252492e-12,-2.7032442684294525e-12,-2.7032691392471516e-12,-3.2594738838926192e-13,-3.2595626333122177e-13,-3.256322612945557e-13,-3.2563488648996854e-13,-3.2457824097599298e-13,-3.2456920701773043e-13,-2.8499489822132199e-12,-2.8499759597838063e-12,-2.8457883994285515e-12,-2.8457881097584693e-12,-2.8342453956119738e-12,-2.8341703437909764e-12,3.8532568278362574e-13,3.8532085352416892e-13,3.8506457566236472e-13,3.8507240850186989e-13,3.8404085446114356e-13,3.8404615487146187e-13,2.0067602204637702,0.0093851425786153075,0.99999582672215903,1.000040231393218,2.0517962766860854e-05
134,2.7291526266540378e-07,0.99999582112789476,1.0000402247722278,1.000001248512862,0.0012673839872542631,2.2365615500313379e-05,4.0560854274619765e-05,1.5410679490277581e-12,1.5229235497741597e-12,1.2485128620863949e-06,2.7369132390905703e-15,2.6711591992233309e-15,2.6711520571224339e-15,2.6210754066408453e-15,2.6210175603730667e-15,2.5603071215485818e-15,2.5603306765503221e-15,-3.0717302219914878e-16,-3.0718139205088604e-16,-3.0687853457661365e-16,-3.0688101287615465e-16,-3.0588929411897249e-16,-3.0588077662199255e-16,-2.6858608190821115e-15,-2.68588628841248e-15,-2.6819508033216199e-15,-2.681950537474977e-15,-2.6710904126394123e-15,-2.6710196639557981e-15,3.6314911020023371e-16,3.6314456755633673e-16,3.6290415357927752e-16,3.6291154132880167e-16,3.6194186660200525e-16,3.6194686564659701e-16,-2.8207801882278141e-12,-2.8207726461665674e-12,-2.7678894346810847e-12,-2.7678283482728111e-12,-2.7037160534670292e-12,-2.7037409278457146e-12,-3.2437605135437014e-13,-3.243848899546857e-13,-3.2406502686779766e-13,-3.2406764396257068e-13,-3.2302034125034871e-13,-3.2301134673883728e-13,-2.8363754199592735e-12,-2.8364023165920056e-12,-2.8322426781806342e-12,-2.8322423974575831e-12,-2.8207702048081e-12,-2.8206954915807511e-12,3.8348396113174236e-13,3.8347916411806107e-13,3.8322533325452348e-13,3.8323313468846244e-13,3.8220920622342989e-13,3.822144851950989e-13,2.0018503007070394,0.0094146947382585978,0.99999582746747273,1.0000402247722278,2.0416943434791013e-05
135,2.7495194373007095e-07,0.99999582188758551,1.0000402182451209,1.0000012559562714,0.0012611582702025288,2.2255749828036345e-05,4.0687708060486774e-05,1.5410679604985435e-12,1.5229235609784192e-12,1.2559562715126099e-06,2.7369132390905703e-15,2.6713006523817388e-15,2.6712935065405316e-15,2.6213634039580124e-15,2.621305550096628e-15,2.560740229354617e-15,2.5607637876123081e-15,-3.0570365207274574e-16,-3.0571198791114487e-16,-3.0541297411746553e-16,-3.0541544479927836e-16,-3.044324198582523e-16,-3.0442393929718765e-16,-2.6731696134516902e-15,-2.6731950064618617e-15,-2.6692849856389333e-15,-2.6692847279157204e-15,-2.6584897366166911e-15,-2.658419305183676e-15,3.6142807176873204e-16,3.614235592248113e-16,3.6118500143589948e-16,3.611923597965495e-16,3.6022924830339298e-16,3.6023422731652901e-16,-2.8209296724205928e-12,-2.8209221264092626e-12,-2.7681936692177832e-12,-2.7681325747882423e-12,-2.7041735237924118e-12,-2.7041984016103555e-12,-3.2282439025503629e-13,-3.228331929371217e-13,-3.2251738914858629e-13,-3.2251999819901412e-13,-3.2148187653880013e-13,-3.214729210317536e-13,-2.8229730174635309e-12,-2.8229998334991579e-12,-2.8188671150831506e-12,-2.8188668429385476e-12,-2.8074634612614507e-12,-2.8073890830614636e-12,3.8166655152654628e-13,3.8166178629832385e-13,3.8140991522037392e-13,3.8141768561976872e-13,3.8040068757045547e-13,3.8040594538898293e-13,1.9970052051441403,0.0094404640524980519,0.99999582820385402,1.0000402182451209,2.0317241727309988e-05
136,2.7698862479473817e-07,0.99999582263774456,1.0000402118103604,1.0000012633825093,0.0012550122859473281,2.2147291206099202e-05,4.0814696943038253e-05,1.5410679719428661e-12,1.5229235721569356e-12,1.2633825092466465e-06,2.7369132390905703e-15,2.6714455543210243e-15,2.6714384046958825e-15,2.6216572863377024e-15,2.6215994247447952e-15,2.5611810615872167e-15,2.5612046232049547e-15,-3.0425259391851764e-16,-3.0426089612885175e-16,-3.0396564464435846e-16,-3.0396810776323207e-16,-3.0299361795068354e-16,-3.0298517388203909e-16,-2.6606369806898761e-15,-2.6606622976765484e-15,-2.6567769844238171e-15,-2.6567767345421352e-15,-2.646045526338718e-15,-2.6459754087670736e-15,3.5972951700039399e-16,3.5972503413509146e-16,3.5948789533610216e-16,3.5949522466249399e-16,3.585380625732911e-16,3.5854302182813614e-16,-2.8210827983093498e-12,-2.8210752483018778e-12,-2.7685041182160048e-12,-2.7684430156195513e-12,-2.7046391509911522e-12,-2.7046640323583376e-12,-3.2129206667521592e-13,-3.2130083384591579e-13,-3.2098900342194841e-13,-3.2099160448588134e-13,-3.1996249629783161e-13,-3.1995357932691606e-13,-2.8097380739968042e-12,-2.8097648097486344e-12,-2.8056582118291708e-12,-2.8056579479653877e-12,-2.7943219507605866e-12,-2.7942479040088853e-12,3.798728845786936e-13,3.798681506909726e-13,3.7961777772391972e-13,3.7962551746325311e-13,3.7861480163271355e-13,3.7862003858656103e-13,1.9922176888978,0.0094625643520530114,0.99999582893115113,1.0000402118103604,2.0218829494324416e-05
137,2.7902530585940534e-07,0.99999582337832438,1.0000402054663424,1.000001270791798,0.0012489445804951369,2.2040213975774656e-05,4.0941826966677157e-05,1.5410679833610692e-12,1.5229235833100464e-12,1.2707917979332918e-06,2.7369132390905703e-15,2.6715848915610782e-15,2.6715777384618513e-15,2.6219415310757115e-15,2.6218836620474148e-15,2.561608795314724e-15,2.5616323601898391e-15,-3.0281953211498455e-16,-3.0282780108640783e-16,-3.0253622497477447e-16,-3.0253868058203052e-16,-3.0157256237372774e-16,-3.0156415438699735e-16,-2.6482595029596391e-15,-2.6482847441852894e-15,-2.6444235700326449e-15,-2.6444233277686946e-15,-2.6337548157932014e-15,-2.6336850086656348e-15,3.5805304857684007e-16,3.5804859495312971e-16,3.5781250987928287e-16,3.5781981050495696e-16,3.5686805795959206e-16,3.5687299770951704e-16,-2.8212300475526409e-12,-2.8212224938762185e-12,-2.768804389512697e-12,-2.7687432790620583e-12,-2.7050909457992197e-12,-2.7051158306071626e-12,-3.1977874731732803e-13,-3.1978747938759533e-13,-3.1947953051793602e-13,-3.1948212364956856e-13,-3.1846185624651548e-13,-3.1845297737823678e-13,-2.7966669801929198e-12,-2.7966936359381775e-12,-2.7926125578009223e-12,-2.792612301981595e-12,-2.7813425411002509e-12,-2.7812688221880218e-12,3.781025407214841e-13,3.7809783771277059e-13,3.778485771431992e-13,3.778562865746811e-13,3.7685128287744598e-13,3.7685649923416568e-13,1.9874923809097604,0.0094823573754152114,0.99999582964924294,1.0000402054663424,2.0121679035994225e-05
138,2.8106198692407256e-07,0.99999582410917986,1.000040199211389,1.0000012781843644,0.0012429537047688214,2.1934492565095313e-05,4.1069100055141963e-05,1.541067994753502e-12,1.5229235944380965e-12,1.2781843642797162e-06,2.7369132390905703e-15,2.671727338205643e-15,2.6717201816309332e-15,2.6222310552500029e-15,2.622173178668092e-15,2.5620435149605556e-15,2.5620670831991299e-15,-3.0140415490336968e-16,-3.0141239100908046e-16,-3.0112439954503763e-16,-3.0112684769363094e-16,-3.0016893500979459e-16,-3.00160562673686e-16,-2.6360338522680237e-15,-2.6360590179825169e-15,-2.6322215966824696e-15,-2.6322213618746358e-15,-2.621614715194879e-15,-2.6215452150704577e-15,3.5639813445342419e-16,3.5639370964942497e-16,3.5615834300184984e-16,3.5616561526303766e-16,3.5521878207637928e-16,3.5522370257557096e-16,-2.8213805801126371e-12,-2.8213730227658133e-12,-2.7691102357279629e-12,-2.76904911729831e-12,-2.7055501176124923e-12,-2.7055750059732273e-12,-3.1828410296282179e-13,-3.1829280032675522e-13,-3.179886372001172e-13,-3.1799122245537346e-13,-3.1697962045157844e-13,-3.1697077923049166e-13,-2.7837562215641649e-12,-2.7837827975666795e-12,-2.7797268309398447e-12,-2.779726582994287e-12,-2.7685221805724509e-12,-2.7684487858660033e-12,3.7635495811782592e-13,3.7635028554261125e-13,3.7610178330083989e-13,3.7610946277954004e-13,3.751096535865938e-13,3.751148496146099e-13,1.9828224892943114,0.0094977917760673564,0.9999958303579588,1.000040199211389,2.0025763143264804e-05
139,2.8309866798873973e-07,0.9999958248302584,1.0000401930437581,1.0000012855604219,0.001237038269733474,2.1830102461663211e-05,4.119651534503826e-05,1.541068006120494e-12,1.5229236055414108e-12,1.2855604220196738e-06,2.7369132390905703e-15,2.6718644308028939e-15,2.6718572710689713e-15,2.6225112361743755e-15,2.6224533523245676e-15,2.5624655394989909e-15,2.5624891110125445e-15,-3.000061550427763e-16,-3.0001435865780713e-16,-2.9972985792960238e-16,-2.9973229866958665e-16,-2.9878242372928876e-16,-2.9877408664293218e-16,-2.6239567953327249e-15,-2.623981885766302e-15,-2.6201680051629847e-15,-2.6201677777001365e-15,-2.6096224100212712e-15,-2.6095532134274292e-15,3.5476437826403261e-16,3.5475998184502065e-16,3.5452507032623803e-16,3.545323145393243e-16,3.5358998529643465e-16,3.5359488677916301e-16,-2.8215254584830326e-12,-2.8215178977997689e-12,-2.7694062151262898e-12,-2.7693450890193487e-12,-2.7059958830297912e-12,-2.7060207748498537e-12,-3.1680780916404798e-13,-3.1681647221768248e-13,-3.1651599565795061e-13,-3.1651857308968881e-13,-3.1551545930309093e-13,-3.1550665530587211e-13,-2.7710023836403381e-12,-2.7710288801432749e-12,-2.7669978006103553e-12,-2.766997560421195e-12,-2.7558578969483691e-12,-2.755784822780513e-12,3.7462971820664723e-13,3.7462507560586863e-13,3.7437705365524886e-13,3.7438470351525528e-13,3.7338965015452731e-13,3.7339482610121862e-13,1.9782123170265697,0.0095107485011745579,0.99999583105717382,1.0000401930437581,1.9931055177656453e-05
140,2.851353490534069e-07,0.99999582554143096,1.0000401869616411,1.0000012929201847,0.0012311968929391757,2.1727019269286159e-05,4.1324068469972286e-05,1.5410680174623745e-12,1.5229236166203141e-12,1.292920184886919e-06,2.7369132390905703e-15,2.6720043894077915e-15,2.6719972265210691e-15,2.6227961920976133e-15,2.6227383008688794e-15,2.5628938615940641e-15,2.5629174364912121e-15,-2.9862522902138492e-16,-2.9863340050470316e-16,-2.9835229524138359e-16,-2.9835472862456071e-16,-2.9741272418038509e-16,-2.9740442192570152e-16,-2.6120251959008946e-15,-2.6120502112842891e-15,-2.6082598232798339e-15,-2.6082596031015652e-15,-2.5977751597211967e-15,-2.5977062631635046e-15,3.5315126208565002e-16,3.5314689363274879e-16,3.5291220447279982e-16,3.5291942095651054e-16,3.5198122976565139e-16,3.5198611246583915e-16,-2.821673363144843e-12,-2.8216657991319297e-12,-2.7697072367541153e-12,-2.7696461028526283e-12,-2.7064482985354746e-12,-2.7064731939295987e-12,-3.1534954541127624e-13,-3.1535817453368166e-13,-3.150612839295225e-13,-3.1506385359243831e-13,-3.1406905140447316e-13,-3.1406028418963146e-13,-2.7584021544176991e-12,-2.7584285716647039e-12,-2.7544223280681749e-12,-2.754422095571657e-12,-2.7433467961144328e-12,-2.7432740387949413e-12,3.7292627406326368e-13,3.7292166099459166e-13,3.7267387353529026e-13,3.7268149411318615e-13,3.7169081020876935e-13,3.7169596632117363e-13,1.9736554909384953,0.0095202314228479308,0.99999583174673323,1.0000401869616411,1.9837529105337773e-05
141,2.8717203011807412e-07,0.9999958262426677,1.0000401809631767,1.0000013002638535,0.0012254282489995345,2.1625219598776084e-05,4.145175283972839e-05,1.5410680287794527e-12,1.522923627675111e-12,1.3002638535107449e-06,2.7369132390905703e-15,2.672139263579479e-15,2.6721320978308572e-15,2.623072156522447e-15,2.6230142581802715e-15,2.5633098968882114e-15,2.5633334750927546e-15,-2.9726107773831126e-16,-2.9726921744907641e-16,-2.9699141173337522e-16,-2.9699383780910762e-16,-2.9605953803788087e-16,-2.960512702250079e-16,-2.6002360183201453e-15,-2.6002609588784504e-15,-2.5964941679032075e-15,-2.5964939549865371e-15,-2.5860702968302782e-15,-2.5860016967909283e-15,3.5155839752713083e-16,3.515540566112745e-16,3.5131942460254236e-16,3.5132661365704147e-16,3.5039226544170945e-16,3.5039712957393451e-16,-2.8218158983362355e-12,-2.8218083313008398e-12,-2.769998763019802e-12,-2.7699376216041187e-12,-2.7068877388203102e-12,-2.7069126377080506e-12,-3.1390899585274098e-13,-3.1391759142319492e-13,-3.1362418548086376e-13,-3.1362674742709286e-13,-3.1264008172327667e-13,-3.1263135087911808e-13,-2.7459523281301534e-12,-2.7459786663589272e-12,-2.7419973686238159e-12,-2.7419971437956419e-12,-2.7309860611385076e-12,-2.7309136169524751e-12,3.7124421554816727e-13,3.712396315585072e-13,3.7099190413613051e-13,3.7099949574888139e-13,3.7001286970539921e-13,3.7001800621009892e-13,1.9691560137652986,0.0095283027033255946,0.99999583242653933,1.0000401809631767,1.9745159565897792e-05
142,2.8920871118274129e-07,0.99999582693388012,1.0000401750464538,1.0000013075916314,0.0012197310204570973,2.1524680200867469e-05,4.1579558977056607e-05,1.5410680400720423e-12,1.5229236387061117e-12,1.3075916314034266e-06,2.7369132390905703e-15,2.6722768414042291e-15,2.6722696727786852e-15,2.6233525052704589e-15,2.6232945997015846e-15,2.5637316338092086e-15,2.5637552154297298e-15,-2.9591340588169439e-16,-2.9592151416319095e-16,-2.9564691320817636e-16,-2.9564933202761624e-16,-2.9472257460518065e-16,-2.9471434083025014e-16,-2.588586328630595e-15,-2.5886111946013462e-15,-2.5848682448061769e-15,-2.5848680391631918e-15,-2.574505225704845e-15,-2.5744369186566865e-15,3.4998528632512831e-16,3.4998097253366325e-16,3.4974625943996511e-16,3.4975342136755387e-16,3.4882266616172363e-16,3.4882751193982459e-16,-2.8219612883738426e-12,-2.8219537183000994e-12,-2.7702949189575853e-12,-2.7702337699081271e-12,-2.7073331998833039e-12,-2.7073581023792683e-12,-3.1248584863790242e-13,-3.1249441101891008e-13,-3.1220438963840984e-13,-3.122069439219645e-13,-3.1122824328289233e-13,-3.112195483829285e-13,-2.7336498064024075e-12,-2.7336760658638304e-12,-2.7297199714719271e-12,-2.7297197543248691e-12,-2.718772950932797e-12,-2.7187008161554636e-12,3.6958301649723949e-13,3.6957846115083217e-13,3.6933064779258516e-13,3.6933821075942387e-13,3.6835537861786309e-13,3.6836049574067491e-13,1.9647079046715736,0.0095332334269064949,0.99999583309648077,1.0000401750464538,1.9653921894044478e-05
143,2.9124539224740851e-07,0.99999582761508243,1.0000401692095271,1.0000013149037139,0.0012141039438767561,2.1425378779630971e-05,4.1707475728435777e-05,1.5410680513404443e-12,1.5229236497136138e-12,1.3149037139524728e-06,2.7369132390905703e-15,2.6724096412143165e-15,2.672402469954802e-15,2.6236242730307372e-15,2.623566360474727e-15,2.5641415315476844e-15,2.5641651165158665e-15,-2.9458192262196065e-16,-2.9458999981651334e-16,-2.9431851067470577e-16,-2.9432092228694021e-16,-2.9340154919369443e-16,-2.9339334907906707e-16,-2.5770732967051584e-15,-2.5770980883322589e-15,-2.5733793498699627e-15,-2.573379151533838e-15,-2.5630774215816226e-15,-2.5630094039914113e-15,3.484315535155241e-16,3.4842726642784635e-16,3.481923938671988e-16,3.4819952895285391e-16,3.4727218012059156e-16,3.4727700774023629e-16,-2.8221016325248378e-12,-2.8220940596693141e-12,-2.7705820130369663e-12,-2.770520856606727e-12,-2.7077661584128502e-12,-2.7077910644449079e-12,-3.1107979664952922e-13,-3.1108832620258943e-13,-3.1080159122648375e-13,-3.1080413789919933e-13,-3.0983323545117697e-13,-3.0982457609661814e-13,-2.7214916005104032e-12,-2.7215177814620196e-12,-2.7175872809640461e-12,-2.7175870715331793e-12,-2.706704799261077e-12,-2.706632970161198e-12,3.6794228094987733e-13,3.6793775380256004e-13,3.6768977174135221e-13,3.6769730636321191e-13,3.6671807104078626e-13,3.6672316898833701e-13,1.9603148943911115,0.0095360677167334422,0.99999583375651135,1.0000401692095271,1.9563792173313446e-05
144,2.9328207331207568e-07,0.99999582828624312,1.0000401634504241,1.0000013222002895,0.0012085457645704745,2.1327293193497435e-05,4.1835489635572242e-05,1.5410680625849489e-12,1.5229236606979031e-12,1.3222002894689845e-06,2.7369132390905703e-15,2.6725450320085082e-15,2.6725378580617355e-15,2.6239001323210448e-15,2.6238422126580799e-15,2.5645566433254745e-15,2.5645802317452154e-15,-2.9326634112381065e-16,-2.9327438755840118e-16,-2.9300592074442097e-16,-2.930083252002911e-16,-2.9209618453616044e-16,-2.9208801769294378e-16,-2.5656941960359863e-15,-2.5657189135857337e-15,-2.562024868167096e-15,-2.5620246771886584e-15,-2.5517844292029687e-15,-2.5517166975478059e-15,3.4689672449313717e-16,3.4689246370530822e-16,3.4665737393846072e-16,3.4666448246912662e-16,3.4574039112618897e-16,3.4574520078256478e-16,-2.8222447125443319e-12,-2.8222371368507467e-12,-2.7708734275952685e-12,-2.770812263657704e-12,-2.7082046228201432e-12,-2.7082295324980245e-12,-3.0969053698836236e-13,-3.0969903405876935e-13,-3.0941549098571252e-13,-3.0941803010128083e-13,-3.0845476543293727e-13,-3.0844614121311588e-13,-2.7094748311557078e-12,-2.709500933878778e-12,-2.7055965356407097e-12,-2.7055963339796558e-12,-2.6947790132868578e-12,-2.6947074861441376e-12,3.6632150772491954e-13,3.6631700835013937e-13,3.6606879661740052e-13,3.6607630319729624e-13,3.6510050747674835e-13,3.6510558645515716e-13,1.9559713740912092,0.0095376107838708174,0.9999958344065828,1.0000401634504241,1.9474747243534346e-05
145,2.953187543767429e-07,0.99999582894743388,1.0000401577671625,1.0000013294815409,0.0012030552786348578,2.1230402197097897e-05,4.1963586070582091e-05,1.5410680738058381e-12,1.5229236716592599e-12,1.3294815408912327e-06,2.7369132390905703e-15,2.6726759550040246e-15,2.6726687785565056e-15,2.6241678567433607e-15,2.6241099301867557e-15,2.564960409808637e-15,2.5649840016139011e-15,-2.9196637923210475e-16,-2.9197439523211225e-16,-2.9170886531960746e-16,-2.9171126266816792e-16,-2.9080620926939975e-16,-2.9079807533304599e-16,-2.5544464044452132e-15,-2.5544710481998191e-15,-2.550802274237956e-15,-2.5508020906722617e-15,-2.5406238617006302e-15,-2.5405564124738696e-15,3.4538044158966908e-16,3.4537620669157475e-16,3.4514089222715935e-16,3.4514797447361226e-16,3.4422704539836225e-16,3.4423183727016004e-16,-2.8223830742703408e-12,-2.8223754959356785e-12,-2.7711562514022528e-12,-2.7710950801826248e-12,-2.7086311062426846e-12,-2.7086560194966446e-12,-3.0831777169741039e-13,-3.0832623662876814e-13,-3.0804579524385131e-13,-3.0804832685407534e-13,-3.0709254666770953e-13,-3.0708395719765808e-13,-2.6975967292162049e-12,-2.6976227540086747e-12,-2.6937450685233684e-12,-2.6937448746903228e-12,-2.6829930723947989e-12,-2.6829218435061139e-12,3.6472031912608987e-13,3.6471584709076985e-13,3.6446739777941868e-13,3.6447487660328474e-13,3.6350241993477169e-13,3.6350748013272329e-13,1.9516808312825253,0.0095379742285071484,0.99999583504671641,1.0000401577671625,1.9386764739058771e-05
146,2.9735543544141007e-07,0.99999582959869004,1.0000401521577595,1.0000013367476532,0.0011976312912093359,2.1134684704642774e-05,4.2091748631301618e-05,1.541068085003397e-12,1.5229236825979644e-12,1.3367476532542029e-06,2.7369132390905703e-15,2.672809370015344e-15,2.6728021909733486e-15,2.6244394433201674e-15,2.6243815097444666e-15,2.5653690013554424e-15,2.565392596640566e-15,-2.9068175908511428e-16,-2.9068974496146177e-16,-2.9042707195956816e-16,-2.9042946225153974e-16,-2.8953135916555669e-16,-2.8952325776254565e-16,-2.5433274026150028e-15,-2.5433519728860372e-15,-2.539709130375987e-15,-2.5397089542788796e-15,-2.5295933990201901e-15,-2.5295262287484578e-15,3.438822563688354e-16,3.4387804696696914e-16,3.4364251322720496e-16,3.4364956946200668e-16,3.4273173622309682e-16,3.4273651048922043e-16,-2.822524067354691e-12,-2.8225164862799623e-12,-2.7714431534649162e-12,-2.7713819748307751e-12,-2.7090626847787003e-12,-2.709087601708367e-12,-3.0696120735353611e-13,-3.0696964047417772e-13,-3.0669221630248697e-13,-3.0669474046092459e-13,-3.0574630012995502e-13,-3.0573774501523427e-13,-2.6858546341938223e-12,-2.6858805813847747e-12,-2.6820303053036658e-12,-2.6820301193575786e-12,-2.6713445265268619e-12,-2.6712735922242129e-12,3.6313824160650432e-13,3.631337964951e-13,3.6288511533465273e-13,3.6289256669031235e-13,3.6192337892631806e-13,3.6192842053274562e-13,1.9474380121199126,0.009536395168816705,0.99999583567693884,1.0000401521577595,1.9299823082925268e-05
147,2.9939211650607729e-07,0.99999583024014671,1.0000401466202491,1.0000013439987974,0.0011922726548470536,2.1040120467055668e-05,4.2219960199542419e-05,1.5410680961778891e-12,1.5229236935142796e-12,1.343998797571107e-06,2.7369132390905703e-15,2.6729385992302077e-15,2.672931417729463e-15,2.6247033412373078e-15,2.6246454008340774e-15,2.5657667719428714e-15,2.5657903706390367e-15,-2.8941220777448903e-16,-2.8942016383630059e-16,-2.8916027358410807e-16,-2.8916265686860999e-16,-2.8827137570259088e-16,-2.8826330648188603e-16,-2.5323347734802147e-15,-2.5323592706015026e-15,-2.5287430859956844e-15,-2.5287429174121769e-15,-2.5186907865680817e-15,-2.5186238918179871e-15,3.4240183085259911e-16,3.4239764654863915e-16,3.4216193900112669e-16,3.4216896948172641e-16,3.4125420875066506e-16,3.4125896557549024e-16,-2.8226606399444968e-12,-2.8226530562730018e-12,-2.771721935977638e-12,-2.7716607501312503e-12,-2.7094828360330318e-12,-2.7095077565657483e-12,-3.0562055576439084e-13,-3.0562895740075099e-13,-3.0535447212391317e-13,-3.0535698888243524e-13,-3.0441575281948712e-13,-3.0440723168940328e-13,-2.6742459935731661e-12,-2.6742718635151513e-12,-2.6704497636760506e-12,-2.6704495856644704e-12,-2.6598309947536738e-12,-2.6597603514112975e-12,3.6157491826274473e-13,3.6157049965462481e-13,3.6132163466228598e-13,3.6132905882160612e-13,3.6036311533097402e-13,3.6036813851945153e-13,1.9432461877430991,0.0095346928458466176,0.99999583629734723,1.0000401466202491,1.9213901511140641e-05
148,3.0142879757074446e-07,0.99999583087190791,1.0000401411526929,1.000001351235152,0.0011869782310784235,2.0946689393682686e-05,4.2348202354746696e-05,1.5410681073295892e-12,1.5229237044084765e-12,1.3512351520626111e-06,2.7369132390905703e-15,2.6730702055560154e-15,2.673063021472778e-15,2.6249708956027019e-15,2.6249129482459514e-15,2.5661690496590956e-15,2.5661926518472779e-15,-2.8815745702980838e-16,-2.881653835729239e-16,-2.8790820880039106e-16,-2.8791058512805985e-16,-2.8702600712934047e-16,-2.8701796973275429e-16,-2.5214661996430442e-15,-2.5214906239817275e-15,-2.5179018751740281e-15,-2.5179017141357637e-15,-2.5079138334084505e-15,-2.5078472108022388e-15,3.4093874394003581e-16,3.4093458435195063e-16,3.4069875346506302e-16,3.4070575845050801e-16,3.3979406633436828e-16,3.3979880588347623e-16,-2.8227997225533697e-12,-2.8227921361544744e-12,-2.772004579518908e-12,-2.771943386327265e-12,-2.7099077466584771e-12,-2.7099326708797171e-12,-3.0429553363529613e-13,-3.0430390409978808e-13,-3.040322866762953e-13,-3.0403479608837437e-13,-3.0310063888619295e-13,-3.0309215136249824e-13,-2.6627683600913537e-12,-2.6627941531720347e-12,-2.6590010507415509e-12,-2.6590008806978571e-12,-2.6484501633704301e-12,-2.6483798074213069e-12,3.6002990441395179e-13,3.6002551190570447e-13,3.5977651637938995e-13,3.5978391361592818e-13,3.5882121029128632e-13,3.5882621523666968e-13,1.9391004428425702,0.0095310080261609125,0.99999583690804705,1.0000401411526929,1.9128980055498911e-05
149,3.0346547863541168e-07,0.99999583149417148,1.0000401357531954,1.0000013584568759,0.0011817469255138444,2.0854372171752567e-05,4.2476456357900387e-05,1.5410681184587427e-12,1.5229237152808001e-12,1.3584568760789571e-06,2.7369132390905703e-15,2.6731978582615014e-15,2.6731906716964365e-15,2.6252311730856827e-15,2.6251732189525393e-15,2.566561032698243e-15,2.5665846383035234e-15,-2.8691724383581903e-16,-2.8692514115445839e-16,-2.8667062161241588e-16,-2.8667299103240178e-16,-2.8579500711943934e-16,-2.8578700120940729e-16,-2.5107194616276374e-15,-2.5107438135760035e-15,-2.5071833152116175e-15,-2.5071831617276887e-15,-2.4972604106759499e-15,-2.4971940568973532e-15,3.3949267844081463e-16,3.3948854318286584e-16,3.3925266974716796e-16,3.3925964948239171e-16,3.3835105483068035e-16,3.3835577725718226e-16,-2.8229346298501228e-12,-2.8229270408301022e-12,-2.7722795383533783e-12,-2.7722183380035191e-12,-2.7103217857636691e-12,-2.7103467135943109e-12,-3.0298586322105112e-13,-3.0299420282436741e-13,-3.027253896268695e-13,-3.0272789174440943e-13,-3.0180069820856255e-13,-3.0179224393478717e-13,-2.6514193898947922e-12,-2.6514451065284882e-12,-2.6476818614882306e-12,-2.6476816994220532e-12,-2.6371997842206925e-12,-2.6371297121627291e-12,3.585028651084634e-13,3.5849849829274711e-13,3.5824945755043102e-13,3.5825682812282483e-13,3.5729739543261094e-13,3.5730238229658801e-13,1.9350038549906978,0.009528508616036822,0.99999583750921162,1.0000401357531954,1.9045039555780649e-05
150,3.0550215970007884e-07,0.99999583210710563,1.0000401304199147,1.0000013656641396,0.0011765776525201348,2.076314964301924e-05,4.2604702581397121e-05,1.5410681295656118e-12,1.5229237261315084e-12,1.3656641397160452e-06,2.7369132390905703e-15,2.6733277411901963e-15,2.6733205520072855e-15,2.6254948923239833e-15,2.6254369312947326e-15,2.5669572419167726e-15,2.5669808510049938e-15,-2.8569131016153423e-16,-2.8569917853799781e-16,-2.8544726170537186e-16,-2.8544962426816299e-16,-2.8457813569369955e-16,-2.8457016092690558e-16,-2.500092434368135e-15,-2.5001167143524461e-15,-2.4965853035480966e-15,-2.4965851576041418e-15,-2.4867284495724393e-15,-2.4866623613795521e-15,3.3806324060759124e-16,3.3805912930995992e-16,3.3782329195404878e-16,3.3783024668544946e-16,3.3692478899516612e-16,3.3692949445448733e-16,-2.8230718920529886e-12,-2.8230643002682363e-12,-2.7725581315006668e-12,-2.7724969238661583e-12,-2.7107402875569054e-12,-2.7107652190664972e-12,-3.0169127203985737e-13,-3.0169958108011109e-13,-3.0143351664223532e-13,-3.0143601151854692e-13,-3.0051567736771892e-13,-3.0050725598132067e-13,-2.6401968388305331e-12,-2.6402224794673598e-12,-2.63648997553398e-12,-2.6364898214301677e-12,-2.6260776725810637e-12,-2.6260078809906852e-12,3.5699338455070243e-13,3.5698904303698185e-13,3.5674004011354447e-13,3.5674738428199875e-13,3.5579126393826848e-13,3.5579623288496353e-13,1.9309518294800045,0.0095246352055156133,0.99999583810102177,1.0000401304199147,1.8962061632936075e-05
151,3.0753884076474601e-07,0.99999583271096359,1.0000401251510747,1.0000013728570993,0.0011714693674094413,2.0673003371801733e-05,4.2732921423051733e-05,1.5410681406504377e-12,1.5229237369608435e-12,1.372857099441136e-06,2.7369132390905703e-15,2.6734538464072622e-15,2.6734466546918902e-15,2.6257516890932819e-15,2.6256937213385443e-15,2.5673436551912729e-15,2.5673672676803409e-15,-2.8447940351980373e-16,-2.844872432351748e-16,-2.8423788415695899e-16,-2.8424023991160056e-16,-2.8337515796110544e-16,-2.8336721401299549e-16,-2.4895830845335094e-15,-2.489607293005009e-15,-2.4861058156609984e-15,-2.4861056772130231e-15,-2.4763159395897579e-15,-2.4762501138187269e-15,3.3665013405666394e-16,3.3664604634678143e-16,3.364103455323558e-16,3.3641727549317459e-16,3.3551501764857725e-16,3.3551970628567967e-16,-2.8232051647078186e-12,-2.8231975702484651e-12,-2.7728294142088886e-12,-2.772768199469929e-12,-2.7111484445012322e-12,-2.7111733796030719e-12,-3.0041149346422968e-13,-3.0041977223824782e-13,-3.0015640908349336e-13,-3.0015889677037546e-13,-2.9924532831791235e-13,-2.9923693947616154e-13,-2.6290985596211794e-12,-2.6291241247376541e-12,-2.6254232549075246e-12,-2.625423108719609e-12,-2.6150817052843811e-12,-2.615012190820443e-12,3.5550114976071843e-13,3.5549683315556926e-13,3.5524797414149171e-13,3.5525529215230651e-13,3.543025505639086e-13,3.5430750174639714e-13,1.9269472678606872,0.0095211534647372531,0.99999583868371944,1.0000401251510747,1.888002869056447e-05
152,3.0957552182941323e-07,0.99999583330596709,1.0000401199449731,1.0000013800359155,0.0011664210340240164,2.0583915072950474e-05,4.2861092751385167e-05,1.5410681517134672e-12,1.5229237477690479e-12,1.3800359155217842e-06,2.7369132390905703e-15,2.6735820026654462e-15,2.6735748082880102e-15,2.6260116864926372e-15,2.6259537119051887e-15,2.5677340211760891e-15,2.5677576371174358e-15,-2.8328127671722329e-16,-2.832890880421293e-16,-2.8304224967962199e-16,-2.8304459867628496e-16,-2.8218584492542658e-16,-2.8217793146674354e-16,-2.4791894662915085e-15,-2.4792136037330851e-15,-2.4757429014993912e-15,-2.4757427704747643e-15,-2.4660209263615211e-15,-2.4659553599357662e-15,3.3525299149421899e-16,3.3524892701512731e-16,3.3501345522036205e-16,3.3502036064528384e-16,3.3412136860927317e-16,3.341260405724622e-16,-2.8233406030534034e-12,-2.8233330057826221e-12,-2.7731040766026228e-12,-2.7730428546459884e-12,-2.711560775351676e-12,-2.7115857141000756e-12,-2.9914626645690101e-13,-2.9915451525046361e-13,-2.9889381426205892e-13,-2.9889629481248795e-13,-2.9798940923830768e-13,-2.9798105259350623e-13,-2.6181224973914084e-12,-2.618147987497563e-12,-2.6144796402823482e-12,-2.6144795019336172e-12,-2.6042098184510832e-12,-2.6041405778646595e-12,3.540257728777614e-13,3.5402148080423703e-13,3.5377286335937811e-13,3.5378015546038388e-13,3.5283086228711869e-13,3.5283579586201559e-13,1.9229858756629896,0.0095173629768229122,0.99999583925754998,1.0000401199449731,1.8798923879570363e-05
153,3.116122028940804e-07,0.99999583389241198,1.0000401147999913,1.0000013872007403,0.0011614316542941992,2.0495867133459061e-05,4.2989196754323417e-05,1.5410681627549354e-12,1.5229237585563565e-12,1.3872007403628678e-06,2.7369132390905703e-15,2.6737065092060435e-15,2.6736993122543923e-15,2.6262650524326964e-15,2.6262070711827816e-15,2.5681150415647432e-15,2.5681386608702763e-15,-2.8209668834307586e-16,-2.8210447154744693e-16,-2.81860124331955e-16,-2.818624666193828e-16,-2.8100997232009353e-16,-2.8100208903851207e-16,-2.4689097179136177e-15,-2.4689337848303907e-15,-2.4654946828758955e-15,-2.4654945591699358e-15,-2.4558415097549102e-15,-2.4557761996857361e-15,3.3387153652933423e-16,3.3386749492230938e-16,3.3363235961211678e-16,3.3363924072367365e-16,3.3274359598743771e-16,3.3274825141640829e-16,-2.8234721870174701e-12,-2.8234645870280426e-12,-2.7733717358711143e-12,-2.7733105068765854e-12,-2.7119632369307426e-12,-2.7119881792326628e-12,-2.9789533608713781e-13,-2.9790355518529284e-13,-2.9764548513489456e-13,-2.976479586003465e-13,-2.9674768330259931e-13,-2.9673935852492989e-13,-2.6072666860829206e-12,-2.6072921017121115e-12,-2.6036571482225421e-12,-2.6036570176024601e-12,-2.5934600054743529e-12,-2.5933910356092718e-12,3.5256696203417468e-13,3.525626941134647e-13,3.5231443172356976e-13,3.5232169814975477e-13,3.5137593944918229e-13,3.513808555640051e-13,1.9190703906141973,0.0095138772642128899,0.99999583982280993,1.0000401147999913,1.8718731089838292e-05
154,3.1364888395874762e-07,0.9999958344705584,1.0000401097145983,1.0000013943517245,0.0011565002385002243,2.0408842087672296e-05,4.3117213399044618e-05,1.5410681737750741e-12,1.5229237693229982e-12,1.3943517245346402e-06,2.7369132390905703e-15,2.6738328680701727e-15,2.6738256684352959e-15,2.6265213515193592e-15,2.6264633635161284e-15,2.5684997313437499e-15,2.5685233540530143e-15,-2.8092540251956163e-16,-2.8093315786429344e-16,-2.8069127972041596e-16,-2.8069361534824735e-16,-2.7984732132482473e-16,-2.7983946790407144e-16,-2.4587420570129094e-15,-2.4587660539371001e-15,-2.4553593495632754e-15,-2.4553592330423962e-15,-2.4457758416360348e-15,-2.4457107850279548e-15,3.3250542675465009e-16,3.3250140767637793e-16,3.3226670410759161e-16,3.322735611298284e-16,3.3138134225665143e-16,3.3138598129532408e-16,-2.8236057268279608e-12,-2.8235981240047352e-12,-2.7736424923641501e-12,-2.7735812562358015e-12,-2.71236957323231e-12,-2.7123945191295308e-12,-2.9665845326699687e-13,-2.9666664294525219e-13,-2.9641118051753149e-13,-2.964136469504223e-13,-2.955199194357824e-13,-2.955116261912615e-13,-2.5965292434251662e-12,-2.5965545851394173e-12,-2.5929538670608021e-12,-2.5929537440283016e-12,-2.582830314660067e-12,-2.5827616124585843e-12,3.5112435564921057e-13,3.5112011151877193e-13,3.508723047778541e-13,3.5087954576580382e-13,3.4993740450355504e-13,3.4994230331028133e-13,1.9151967958629337,0.0095110058514073243,0.99999584037979183,1.0000401097145983,1.8639434907251497e-05
155,3.1568556502341479e-07,0.99999583504072798,1.000040104687357,1.0000014014890173,0.0011516258324163547,2.032282309630063e-05,4.3245123219076981e-05,1.5410681847741135e-12,1.5229237800692028e-12,1.4014890172969089e-06,2.7369132390905703e-15,2.673955675921082e-15,2.6739484737045644e-15,2.6267712570548817e-15,2.6267132624713524e-15,2.5688754705581653e-15,2.5688990965799111e-15,-2.7976718930978962e-16,-2.7977491705562707e-16,-2.7953549270966111e-16,-2.7953782172609974e-16,-2.7869767749990203e-16,-2.7868985363887911e-16,-2.4486847766305318e-15,-2.4487087041118067e-15,-2.4453351563283732e-15,-2.445335046829098e-15,-2.4358221238862789e-15,-2.4357573179342893e-15,3.3115440438478351e-16,3.3115040749121065e-16,3.3091624080239125e-16,3.3092307394822733e-16,3.3003436886553924e-16,3.3003899165077839e-16,-2.8237355164938688e-12,-2.8237279109441449e-12,-2.7739064969704884e-12,-2.7738452538910281e-12,-2.7127664574258669e-12,-2.712791406822022e-12,-2.9543537518214983e-13,-2.9544353571585278e-13,-2.9519066477816941e-13,-2.9519312422940312e-13,-2.9430589118874028e-13,-2.9429762915940366e-13,-2.5859083668027356e-12,-2.5859336351825596e-12,-2.5823679537660815e-12,-2.5823678381485439e-12,-2.5723188471322159e-12,-2.5722504096321704e-12,3.4969768150257866e-13,3.4969346079909343e-13,3.4944622073617246e-13,3.494534365107392e-13,3.4851500554088787e-13,3.4851988718405164e-13,1.9113676730724272,0.0095080629087589425,0.99999584092882721,1.000040104687357,1.8561020596592514e-05
156,3.1772224608808201e-07,0.99999583560320049,1.0000400997169241,1.0000014086127644,0.0011468074900060463,2.0237793464569774e-05,4.3372906787104942e-05,1.5410681957522785e-12,1.5229237907951906e-12,1.4086127646333662e-06,2.7369132390905703e-15,2.6740801377742592e-15,2.6740729328942146e-15,2.6270238163432112e-15,2.6269658151054132e-15,2.5692545834796801e-15,2.5692782128452297e-15,-2.7862182445203355e-16,-2.7862952485199139e-16,-2.7839254558535975e-16,-2.7839486803928458e-16,-2.7756083143398042e-16,-2.7755303682819155e-16,-2.4387362401369377e-15,-2.4387600987461046e-15,-2.4354204188275184e-15,-2.4354203161614072e-15,-2.4259786061318319e-15,-2.4259140481228401e-15,3.2981814992075379e-16,3.2981417488314723e-16,3.2958063535721777e-16,3.2958744484126256e-16,3.2870233418121703e-16,3.2870694085475059e-16,-2.8238670525808702e-12,-2.8238594442181579e-12,-2.774173303763057e-12,-2.7741120536543819e-12,-2.7131669041024366e-12,-2.713191857030588e-12,-2.9422586501127014e-13,-2.9423399666760555e-13,-2.9398370800962061e-13,-2.939861605308133e-13,-2.9310537742232896e-13,-2.9309714628663205e-13,-2.5754023278708117e-12,-2.5754275235190012e-12,-2.5718976296091366e-12,-2.5718975212075297e-12,-2.5619237544351459e-12,-2.5618555787713765e-12,3.4828660220467491e-13,3.4828240458100522e-13,3.4803582653757065e-13,3.4804301732537216e-13,3.4710838179815917e-13,3.4711324642742383e-13,1.9075792591688363,0.0095059786391689868,0.99999584147023446,1.0000400997169241,1.8483474052210314e-05
157,3.1975892715274918e-07,0.99999583615830456,1.000040094802054,1.0000014157231074,0.0011420442983302078,2.0153737081778562e-05,4.3500545443047283e-05,1.5410682067097864e-12,1.5229238015011794e-12,1.4157231075480097e-06,2.7369132390905703e-15,2.6742011402381158e-15,2.6741939328128885e-15,2.6272701882949771e-15,2.6272121805784957e-15,2.5696250926518593e-15,2.5696487252702295e-15,-2.7748908968037907e-16,-2.7749676298778668e-16,-2.7726222576232529e-16,-2.7726454170116894e-16,-2.7643657777928761e-16,-2.7642881213774655e-16,-2.4288948769930431e-15,-2.4289186673125196e-15,-2.4256135104210345e-15,-2.4256134143756787e-15,-2.4162435837308847e-15,-2.4161792710379929e-15,3.2849642247500861e-16,3.2849246896491257e-16,3.2825965326867656e-16,3.282664392954669e-16,3.2738500855083638e-16,3.2738959924857474e-16,-2.8239949352835223e-12,-2.8239873242328033e-12,-2.7744335764386149e-12,-2.7743723194861511e-12,-2.7135582649169105e-12,-2.7135832212810057e-12,-2.9302969226463009e-13,-2.9303779531111657e-13,-2.9279008572108984e-13,-2.9279253136233168e-13,-2.9191816128855399e-13,-2.9190996073921091e-13,-2.5650094680788513e-12,-2.5650345916104631e-12,-2.5615411767984e-12,-2.5615410753884564e-12,-2.5516432364080473e-12,-2.5515753198065058e-12,3.4689086337925315e-13,3.4688668848855384e-13,3.4664087454739501e-13,3.4664804056442893e-13,3.457172907628249e-13,3.4572213852170628e-13,1.9038339846027563,0.0095046223871741668,0.99999584200435754,1.000040094802054,1.8406781773829235e-05
158,3.217956082174164e-07,0.99999583670632064,1.0000400899415942,1.0000014228201934,0.0011373353524459083,2.007063797833463e-05,4.3628020777525347e-05,1.5410682176468644e-12,1.5229238121873941e-12,1.4228201934660217e-06,2.7369132390905703e-15,2.6743236189541461e-15,2.6743164089273262e-15,2.6275189447402813e-15,2.6274609304855633e-15,2.5699986775847254e-15,2.5700223134828093e-15,-2.7636877243214235e-16,-2.7637641889373255e-16,-2.7614432591001204e-16,-2.76146635381692e-16,-2.7532471584548548e-16,-2.7531697887423086e-16,-2.4191591774981294e-15,-2.4191829001248691e-15,-2.4159128579951803e-15,-2.4159127683402964e-15,-2.4066153955102389e-15,-2.4065513255908215e-15,3.2718892330570628e-16,3.2718499100994515e-16,3.2695297967694137e-16,3.2695974245291722e-16,3.2608206697475421e-16,3.2608664183779096e-16,-2.8241243767054679e-12,-2.8241167629071684e-12,-2.7746963669639192e-12,-2.774635103104803e-12,-2.7139528735841154e-12,-2.7139778334125069e-12,-2.9184663247513712e-13,-2.91854707172323e-13,-2.9160957897070419e-13,-2.9161201778259401e-13,-2.9074403085768479e-13,-2.9073586058427173e-13,-2.5547281931240766e-12,-2.5547532451695157e-12,-2.5512969340680314e-12,-2.5512968394065136e-12,-2.541475538794751e-12,-2.5414078785703257e-12,3.4551014955615964e-13,3.4550599706771139e-13,3.4526103227491911e-13,3.4526817373918102e-13,3.4434138923650027e-13,3.4434622027399923e-13,1.900128316472341,0.009502402480733408,0.9999958425315173,1.0000400899415942,1.8330930812921043e-05
159,3.2383228928208357e-07,0.99999583724756513,1.0000400851344859,1.0000014299041582,0.0011326797782461554,1.998848072880962e-05,4.3755315302716028e-05,1.5410682285637219e-12,1.5229238228540394e-12,1.4299041582806602e-06,2.7369132390905703e-15,2.6744427420019823e-15,2.674435529504321e-15,2.6277617132479715e-15,2.6277036926303078e-15,2.5703639743823411e-15,2.5703876134725819e-15,-2.7526066607998705e-16,-2.752682859431478e-16,-2.7503864365766469e-16,-2.7504094670866006e-16,-2.7422504873247908e-16,-2.7421734014952033e-16,-2.4095276884130181e-15,-2.4095513439493757e-15,-2.4063169386889232e-15,-2.4063168551787608e-15,-2.3970924217648669e-15,-2.3970285921525542e-15,3.2589542661714456e-16,3.2589151522373918e-16,3.2566039300741449e-16,3.2566713272996242e-16,3.2479328969753924e-16,3.2479784886202467e-16,-2.8242502742780575e-12,-2.8242426578702491e-12,-2.7749528339439179e-12,-2.7748915633632153e-12,-2.7143387296851599e-12,-2.7143636928854174e-12,-2.9067646744344885e-13,-2.9068451405257884e-13,-2.9044197405414245e-13,-2.904444060857643e-13,-2.8958277820249825e-13,-2.8957463790723342e-13,-2.5445569683295183e-12,-2.5445819495249026e-12,-2.5411632932210379e-12,-2.5411632050484839e-12,-2.5314189511312296e-12,-2.531351544679341e-12,3.441442222960736e-13,3.4414009188043211e-13,3.4389606573825365e-13,3.4390318285817982e-13,3.4298044515828027e-13,3.4298525961816467e-13,1.8964645376568341,0.0095019405941790033,0.99999584305204769,1.0000400851344859,1.8255908743902797e-05
160,3.2586897034675074e-07,0.99999583778230117,1.0000400803797573,1.00000143697514,0.0011280767093662376,1.9907250044403749e-05,4.3882411944030866e-05,1.5410682394605717e-12,1.5229238335013273e-12,1.436975140112941e-06,2.7369132390905703e-15,2.6745631986841682e-15,2.6745559836770532e-15,2.6280066288949527e-15,2.6279486018646793e-15,2.5707320638758435e-15,2.5707557061837583e-15,-2.7416456960794478e-16,-2.7417216311438186e-16,-2.7394498168456204e-16,-2.7394727836169179e-16,-2.7313738387902561e-16,-2.7312970339973848e-16,-2.3999990077326601e-15,-2.4000225967890488e-15,-2.3968242757655499e-15,-2.3968241981455278e-15,-2.3876730820426072e-15,-2.387609490342823e-15,3.246156522958663e-16,3.2461176150797856e-16,3.2438159681977053e-16,3.2438831368838379e-16,3.235183685796568e-16,3.2352291218694577e-16,-2.8243775799680027e-12,-2.8243699609099444e-12,-2.7752115681284559e-12,-2.7751502907737407e-12,-2.7147275347224437e-12,-2.714752501321502e-12,-2.8951898489584816e-13,-2.8952700367216414e-13,-2.8928706259994082e-13,-2.8928948790073471e-13,-2.8843419997761525e-13,-2.8842608935993315e-13,-2.53449431312358e-12,-2.5345192241134619e-12,-2.5311386947697666e-12,-2.5311386128173054e-12,-2.5214718044061516e-12,-2.5214046491980686e-12,3.4279278580033679e-13,3.4278867714403911e-13,3.4254566189758003e-13,3.4255275488384449e-13,3.4163413313398568e-13,3.416389311655226e-13,1.8928393234749834,0.0095016182689487225,0.99999584356625004,1.0000400803797573,1.8181703608953416e-05
161,3.2790565141141796e-07,0.99999583831081684,1.0000400756765213,1.0000014440332772,0.0011235253081276859,1.9826931142545419e-05,4.4009294655453945e-05,1.541068250337627e-12,1.5229238441294668e-12,1.4440332772149246e-06,2.7369132390905703e-15,2.674680426949326e-15,2.6746732095669236e-15,2.6282457700707502e-15,2.6281877367986066e-15,2.5710921701519178e-15,2.5711158155955626e-15,-2.7308028775955544e-16,-2.7308785515181861e-16,-2.7286314742228644e-16,-2.7286543777096491e-16,-2.7206153228553273e-16,-2.7205387963589469e-16,-2.390571780351205e-15,-2.3905953035375646e-15,-2.3874334353785665e-15,-2.3874333633884234e-15,-2.3783558331987271e-15,-2.3782924770793192e-15,3.2334938790352886e-16,3.2334551742624238e-16,3.2311638174242919e-16,3.2312307594848282e-16,3.2225709424078297e-16,3.2226162242777874e-16,-2.8245014761912624e-12,-2.8244938546246206e-12,-2.7754642041939676e-12,-2.7754029202455578e-12,-2.7151079091928274e-12,-2.7151328791041515e-12,-2.8837397864068661e-13,-2.8838196984032053e-13,-2.8814464125508461e-13,-2.8814705987301237e-13,-2.8729809659876914e-13,-2.8729001536930197e-13,-2.5245387964622424e-12,-2.5245636378908121e-12,-2.5212216245205097e-12,-2.5212215485132965e-12,-2.5116324690064727e-12,-2.5115655625793575e-12,3.4145561573493791e-13,3.4145152852655635e-13,3.4120959965735032e-13,3.4121666871203227e-13,3.4030223205877847e-13,3.4030701380654256e-13,1.8892548131050577,0.0095014826783483015,0.9999958440744281,1.0000400756765213,1.8108303887573868e-05
162,3.2994233247608513e-07,0.9999958388333432,1.0000400710239674,1.0000014510787025,0.0011190247442946395,1.9747509372003245e-05,4.4135947917557656e-05,1.5410682611950927e-12,1.522923854738661e-12,1.451078702596887e-06,2.7369132390905703e-15,2.6747988869719726e-15,2.6747916671829954e-15,2.6284868678758086e-15,2.6284288283169678e-15,2.5714548183893309e-15,2.5714784669947705e-15,-2.7200763068418457e-16,-2.720151721998377e-16,-2.7179295311265673e-16,-2.7179523717854521e-16,-2.7099730902110566e-16,-2.7098968392476143e-16,-2.381244693027813e-15,-2.3812681509562324e-15,-2.3781430226112048e-15,-2.3781429559913582e-15,-2.3691391672724951e-15,-2.3690760444578531e-15,3.2209636998493089e-16,3.2209251953815725e-16,3.2186446853613715e-16,3.2187114027326934e-16,3.2100917519139404e-16,3.210136880999079e-16,-2.8246266729524319e-12,-2.824619048844135e-12,-2.7757189062859506e-12,-2.7756576156965132e-12,-2.7154909678226919e-12,-2.715515941073811e-12,-2.8724124819489007e-13,-2.872492120687111e-13,-2.8701451174619303e-13,-2.8701692372946927e-13,-2.8617427277825389e-13,-2.8616622064517031e-13,-2.5146890315126982e-12,-2.5147138040263526e-12,-2.5114106093910005e-12,-2.5114105390549109e-12,-2.5018993524750465e-12,-2.5018326924257434e-12,3.4013243389226799e-13,3.4012836783602586e-13,3.3988758414200194e-13,3.3989462946959625e-13,3.3898443412082364e-13,3.3898919973456463e-13,1.885707870805966,0.0095019991516810034,0.99999584457684576,1.0000400710239674,1.8035698442804714e-05
163,3.3197901354075235e-07,0.99999583935012792,1.0000400664213565,1.0000014581115508,0.00111457421429939,1.9668970552160641e-05,4.4262357299702057e-05,1.5410682720331762e-12,1.5229238653291127e-12,1.4581115508416399e-06,2.7369132390905703e-15,2.6749142712236001e-15,2.6749070491556203e-15,2.6287224304237905e-15,2.6286643847402569e-15,2.57180979514826e-15,2.5718334468400827e-15,-2.7094641401092156e-16,-2.7095392988839864e-16,-2.707342155082824e-16,-2.7073649333571528e-16,-2.699445325257092e-16,-2.6993693471571767e-16,-2.3720164702592217e-15,-2.3720398635363934e-15,-2.368951678400809e-15,-2.3689516168955942e-15,-2.3600216096428351e-15,-2.3599587179039915e-15,3.2085639790210746e-16,3.2085256720810353e-16,3.2062565917338326e-16,3.2063230862792197e-16,3.1977441248820472e-16,3.1977891025577428e-16,-2.8247486214462973e-12,-2.8247409949310902e-12,-2.7759677628742131e-12,-2.7759064658148354e-12,-2.7158659250869144e-12,-2.715890901598185e-12,-2.8612059886199071e-13,-2.8612853566178847e-13,-2.8589648056328864e-13,-2.8589888595872981e-13,-2.8506253678800121e-13,-2.8505451346940949e-13,-2.5049436712947476e-12,-2.5049683755341481e-12,-2.5017042141626178e-12,-2.5017041492276416e-12,-2.4922708975628294e-12,-2.4922044815375081e-12,3.3882302839945927e-13,3.3881898320207151e-13,3.3857940623527076e-13,3.3858642803252504e-13,3.3768052923676082e-13,3.3768527886172091e-13,1.8822004970535593,0.00950277507895253,0.99999584507376105,1.0000400664213565,1.796387649205012e-05
164,3.3401569460541952e-07,0.99999583986135976,1.0000400618680121,1.0000014651319524,0.0011101729217196073,1.9591300628496024e-05,4.4388508963730044e-05,1.5410682828520786e-12,1.5229238759010206e-12,1.4651319524696118e-06,2.7369132390905703e-15,2.6750308224310108e-15,2.675023598050337e-15,2.6289598104351065e-15,2.6289017585826448e-15,2.5721671074499699e-15,2.5721907622554164e-15,-2.6989645847194956e-16,-2.6990394894518814e-16,-2.6968675590194633e-16,-2.6968902753545158e-16,-2.6890302507581761e-16,-2.6889545428321216e-16,-2.3628858695885873e-15,-2.3629091988184336e-15,-2.3598580758535972e-15,-2.3598580192170291e-15,-2.3510017170430238e-15,-2.3509390541915663e-15,3.1962922311874174e-16,3.1962541191403478e-16,3.193996903478943e-16,3.1940631770850892e-16,3.1855253076239887e-16,3.1855701353089328e-16,-2.8248718020498457e-12,-2.8248641730921311e-12,-2.776218538530121e-12,-2.7761572349540828e-12,-2.716243348531124e-12,-2.7162683283313418e-12,-2.8501184133441473e-13,-2.850197513072249e-13,-2.8479035899084094e-13,-2.8479275784546835e-13,-2.8396270095131251e-13,-2.8395470616318401e-13,-2.4953014037265529e-12,-2.4953260403294676e-12,-2.4921010375884603e-12,-2.4921009777948405e-12,-2.4827455801324776e-12,-2.4826794058200995e-12,3.3752713680318242e-13,3.3752311218641372e-13,3.3728478788676332e-13,3.3729178635291919e-13,3.363902266181566e-13,3.3639496040414327e-13,1.8787297288600648,0.0095040569141820689,0.99999584556538834,1.0000400618680121,1.7892827557286574e-05
165,3.3605237567008674e-07,0.99999584036723943,1.0000400573633144,1.0000014721400403,0.0011058200949562674,1.9514485984546442e-05,4.4514390176593286e-05,1.5410682936520046e-12,1.5229238864545854e-12,1.4721400402289897e-06,2.7369132390905703e-15,2.6751444692890587e-15,2.6751372427089306e-15,2.629191920777077e-15,2.629133862906081e-15,2.5725170767172149e-15,2.5725407345671509e-15,-2.6885758991551234e-16,-2.6886505521920213e-16,-2.6865039982730145e-16,-2.6865266531018903e-16,-2.6787261215368249e-16,-2.6786506811790538e-16,-2.3538516778275069e-15,-2.3538749436047007e-15,-2.350860917432447e-15,-2.3508608654306861e-15,-2.3420780758638914e-15,-2.3420156397425286e-15,3.1841465546255271e-16,3.1841086348612605e-16,3.181863744822136e-16,3.181929799309197e-16,3.1734334127960401e-16,3.1734780918651551e-16,-2.8249919154122727e-12,-2.8249842841316495e-12,-2.7764637491478907e-12,-2.7764024392140026e-12,-2.7166130174510364e-12,-2.71663800046716e-12,-2.8391479170716857e-13,-2.8392267510082591e-13,-2.8369596279169389e-13,-2.8369835515124596e-13,-2.828745809768022e-13,-2.8286661444398031e-13,-2.4857609476352011e-12,-2.4857855172296082e-12,-2.482599709423682e-12,-2.482599654524502e-12,-2.4733219073663476e-12,-2.4732559724887592e-12,3.3624455828228946e-13,3.3624055397050819e-13,3.3600353101541549e-13,3.3601050634268264e-13,3.3511332696220996e-13,3.3511804505442265e-13,1.8752974343909294,0.0095050889992332448,0.99999584605193126,1.0000400573633144,1.7822541439441482e-05
166,3.3808905673475391e-07,0.99999584086790916,1.0000400529066915,1.0000014791359404,0.0011015149693154472,1.9438513125703775e-05,4.4639988820624561e-05,1.5410683044331489e-12,1.522923896989998e-12,1.4791359405778195e-06,2.7369132390905703e-15,2.6752592447084494e-15,2.6752520158864792e-15,2.6294257546938583e-15,2.6293676907580326e-15,2.5728692226575155e-15,2.5728928835800683e-15,-2.6782963891619536e-16,-2.6783707928083211e-16,-2.6762497706373516e-16,-2.6762723643950093e-16,-2.6685312286962188e-16,-2.6684560532841891e-16,-2.3449127068294232e-15,-2.3449359097422505e-15,-2.3419589316359422e-15,-2.3419588840521455e-15,-2.3332493003508517e-15,-2.3331870888279535e-15,3.172124598247211e-16,3.1720868682898981e-16,3.1698546296522291e-16,3.1699204668638008e-16,3.1614658406363822e-16,3.1615103725002598e-16,-2.8251132203420358e-12,-2.8251055866937458e-12,-2.7767107796875027e-12,-2.7766494633468952e-12,-2.7169849847831322e-12,-2.7170099710448657e-12,-2.8282927106629398e-13,-2.8283712812420472e-13,-2.826131122122011e-13,-2.8261549812260928e-13,-2.8179799640433193e-13,-2.8179005784988301e-13,-2.4763210482929774e-12,-2.4763455515001804e-12,-2.4731988869183185e-12,-2.4731988366845426e-12,-2.4639984158624959e-12,-2.4639327181686343e-12,3.349750445628269e-13,3.3497106029458638e-13,3.3473537308886821e-13,3.3474232547192893e-13,3.3384955573505567e-13,3.338542582824515e-13,1.8719008101452859,0.0095070684087903441,0.99999584653354889,1.0000400529066915,1.7753008174382013e-05
167,3.4012573779942113e-07,0.9999958413635206,1.0000400484976115,1.0000014861197815,0.0010972568032903746,1.936336896654519e-05,4.4765293861481958e-05,1.541068315195709e-12,1.5229239075074514e-12,1.4861197815466824e-06,2.7369132390905703e-15,2.6753712940741346e-15,2.6753640631057132e-15,2.6296546019550273e-15,2.6295965320921982e-15,2.5732143711902391e-15,2.5732380351215918e-15,-2.6681244074174441e-16,-2.6681985639834203e-16,-2.6661032133911766e-16,-2.6661257465017543e-16,-2.6584438938563221e-16,-2.6583689808433764e-16,-2.3360677901707846e-15,-2.3360909307956738e-15,-2.3331508705313967e-15,-2.3331508271670442e-15,-2.3245140310957026e-15,-2.3244520420572898e-15,3.1602245538457897e-16,3.1601870112421859e-16,3.1579677780634078e-16,3.158033399781922e-16,3.149620801856678e-16,3.1496651878789737e-16,-2.8252316463154599e-12,-2.8252240104002192e-12,-2.7769525440563394e-12,-2.7768912214545607e-12,-2.7173495625774974e-12,-2.7173745520174175e-12,-2.8175510545383165e-13,-2.8176293641994601e-13,-2.8154163166833999e-13,-2.815440111743922e-13,-2.8073276999635221e-13,-2.8072485915134798e-13,-2.4669804739127449e-12,-2.4670049113414224e-12,-2.4638972522121076e-12,-2.463897206434113e-12,-2.4547736700420512e-12,-2.4547082072994161e-12,3.337184046989113e-13,3.3371444021514825e-13,3.3348012614975518e-13,3.334870557768284e-13,3.3259872398851218e-13,3.3260341113508986e-13,1.8685415994808408,0.0095092258679217324,0.99999584701038824,1.0000400484976115,1.7684218012230426e-05
168,3.421624188640883e-07,0.9999958418541709,1.0000400441355755,1.0000014930916923,0.0010930448621321693,1.9289040540904873e-05,4.4890294867361192e-05,1.541068325939884e-12,1.5229239180071417e-12,1.4930916924766054e-06,2.7369132390905703e-15,2.6754844461450851e-15,2.6754772129775633e-15,2.629885110369248e-15,2.629827034530409e-15,2.5735615792836327e-15,2.5735852462518226e-15,-2.6580583496093185e-16,-2.658132261364726e-16,-2.6560627031373355e-16,-2.6560851760269856e-16,-2.6484624729137621e-16,-2.6483878197400431e-16,-2.3273157794759622e-15,-2.3273388583806341e-15,-2.3244355068622955e-15,-2.3244354675406129e-15,-2.3158709334521296e-15,-2.3158091647975919e-15,3.1484441919848039e-16,3.1484068344054217e-16,3.1462008393034889e-16,3.146266247333918e-16,3.1378958423631213e-16,3.1379400839342909e-16,-2.825351236554162e-12,-2.8253435983163892e-12,-2.7771960624303743e-12,-2.7771347335157047e-12,-2.7177163151126218e-12,-2.717741307760386e-12,-2.8069212545372775e-13,-2.8069993056773747e-13,-2.8048134972872228e-13,-2.8048372287541917e-13,-2.7967872813494111e-13,-2.7967084472905746e-13,-2.4577380117667646e-12,-2.4577623840164569e-12,-2.4546935092798157e-12,-2.4546934677709188e-12,-2.4456462604756964e-12,-2.4455810304660623e-12,3.324744032629547e-13,3.3247045831767638e-13,3.3223754195956484e-13,3.3224444902125702e-13,3.3136057257119021e-13,3.3136524446378039e-13,1.8652171474236761,0.0095107274682932671,0.99999584748255421,1.0000400441355755,1.7616161379976831e-05
169,3.4419909992875552e-07,0.99999584233996641,1.0000400398201097,1.0000015000517948,0.0010888784328626636,1.9215515266806295e-05,4.5014982438216764e-05,1.5410683366658611e-12,1.5229239284892506e-12,1.5000517947148948e-06,2.7369132390905703e-15,2.6755950442282357e-15,2.6755878089403304e-15,2.6301109179072852e-15,2.6300528362185843e-15,2.573902144999086e-15,2.5739258149443959e-15,-2.6480966537840491e-16,-2.6481703230006692e-16,-2.6461266528643144e-16,-2.6461490659497561e-16,-2.638585350698583e-16,-2.6385109548735574e-16,-2.318655541630757e-15,-2.3186785593696496e-15,-2.3158116319812413e-15,-2.3158115965473895e-15,-2.3073186962472775e-15,-2.3072571458834146e-15,3.1367817887680701e-16,3.1367446139014692e-16,3.1345521213851582e-16,3.1346173174755612e-16,3.1262892660413693e-16,3.1263333645008269e-16,-2.8254681295423406e-12,-2.8254604890651516e-12,-2.7774346164217203e-12,-2.7773732813273418e-12,-2.7180760530264037e-12,-2.7181010488189417e-12,-2.7964016612302741e-13,-2.7964794562483596e-13,-2.7943209880430639e-13,-2.7943446563565622e-13,-2.78635700257556e-13,-2.7862784402779113e-13,-2.448592465244101e-12,-2.448616772900361e-12,-2.4455863817483339e-12,-2.4455863443450559e-12,-2.4366148025232729e-12,-2.4365498030360603e-12,3.3124285821223295e-13,3.3123893256135239e-13,3.3100744184509484e-13,3.31014326526001e-13,3.3013492237403497e-13,3.3013957915408029e-13,1.8619290805168507,0.0095134813204676219,0.99999584795014096,1.0000400398201097,1.7548828866207192e-05
170,3.4623578099342269e-07,0.9999958428209641,1.0000400355507584,1.0000015070002168,0.0010847568092154205,1.9142780680715342e-05,4.5139347737277595e-05,1.5410683473738385e-12,1.5229239389539715e-12,1.5070002169473545e-06,2.7369132390905703e-15,2.6757067186546187e-15,2.6756994811861507e-15,2.6303383385969466e-15,2.6302802510078106e-15,2.5742446824453514e-15,2.5742683553948555e-15,-2.6382377964976338e-16,-2.638311225407484e-16,-2.6362935116030269e-16,-2.6363158653033392e-16,-2.6288109442413883e-16,-2.6287368032653901e-16,-2.310085955710329e-15,-2.3101089128280334e-15,-2.3072780534227095e-15,-2.3072780217455999e-15,-2.2988560304403216e-15,-2.2987946962788752e-15,3.1252352257427017e-16,3.1251982313889986e-16,3.1230193983574044e-16,3.1230843842769675e-16,3.1147987559842353e-16,3.1148427126891211e-16,-2.8255861589592995e-12,-2.8255785161791157e-12,-2.7776748737298712e-12,-2.7776135324024001e-12,-2.7184378729328101e-12,-2.7184628718986815e-12,-2.7859906658539805e-13,-2.7860682071071168e-13,-2.7839371511214102e-13,-2.7839607567239531e-13,-2.7760351920204795e-13,-2.7759568988443837e-13,-2.4395426506064371e-12,-2.4395668942443631e-12,-2.4365746103333799e-12,-2.4365745768972633e-12,-2.427677934916986e-12,-2.427613163747002e-12,3.3002354583897498e-13,3.3001963925018421e-13,3.2978959074678106e-13,3.2979645323372598e-13,3.2892152873252034e-13,3.2892617054333388e-13,1.8586748828487358,0.0095152105353901728,0.99999584841320566,1.0000400355507584,1.7482211190370069e-05
171,3.4827246205808986e-07,0.99999584329723235,1.0000400313270787,1.0000015139370779,0.0010806793054835581,1.9070824681913831e-05,4.5263382887986389e-05,1.5410683580639995e-12,1.5229239494014851e-12,1.5139370780314436e-06,2.7369132390905703e-15,2.6758159943161922e-15,2.6758087547339809e-15,2.630561331368667e-15,2.6305032379957721e-15,2.5745809291874953e-15,2.5746046050845284e-15,-2.6284802919643264e-16,-2.6285534827978723e-16,-2.6265617615272459e-16,-2.6265840562533852e-16,-2.6191376977412083e-16,-2.6190638091788839e-16,-2.3016059107634137e-15,-2.3016288077910689e-15,-2.2988335932637527e-15,-2.2988335652351532e-15,-2.2904816680739123e-15,-2.2904205480277047e-15,3.1138028557288508e-16,3.1137660396999424e-16,3.1116010590787827e-16,3.111665836543204e-16,3.1034227041815625e-16,3.1034665204337296e-16,-2.8257016550451665e-12,-2.8256940100326048e-12,-2.7779104549043963e-12,-2.7778491074670077e-12,-2.7187930495911314e-12,-2.7188180516705175e-12,-2.7756866994123993e-13,-2.7757639892558917e-13,-2.7736603836918032e-13,-2.7736839270174041e-13,-2.7658202067526356e-13,-2.7657421801263317e-13,-2.4305873946479384e-12,-2.4306115748283729e-12,-2.4276569511083413e-12,-2.4276569215250736e-12,-2.418834318654146e-12,-2.4187697735972407e-12,3.2881629220166374e-13,3.2881240444390724e-13,3.285838185287122e-13,3.2859065900287393e-13,3.2772022184135824e-13,3.277248488204137e-13,1.855456071931904,0.0095176128823799971,0.99999584887179838,1.0000400313270787,1.7416299192711171e-05
172,3.5030914312275708e-07,0.99999584376879691,1.0000400271486334,1.0000015208625017,0.0010766452427136814,1.8999635288862825e-05,4.5387080521504447e-05,1.5410683687365346e-12,1.522923959831977e-12,1.5208625016732709e-06,2.7369132390905703e-15,2.6759263103439232e-15,2.6759190685858008e-15,2.6307858881019938e-15,2.6307277888952777e-15,2.5749190738297329e-15,2.5749427526997773e-15,-2.6188226883528993e-16,-2.6188956433007208e-16,-2.6169299174456192e-16,-2.6169521536111825e-16,-2.6095640853195752e-16,-2.6094904467308007e-16,-2.2932143033626526e-15,-2.2932371408212554e-15,-2.2904770861747541e-15,-2.2904770617094571e-15,-2.2821943611903246e-15,-2.282133453172784e-15,3.1024826622362471e-16,3.1024460224428502e-16,3.1002949930084946e-16,3.1003595637528116e-16,3.0921589227462029e-16,3.092202599856749e-16,-2.8258182495696815e-12,-2.8258106022590807e-12,-2.7781476874524881e-12,-2.7780863338523704e-12,-2.7191502302778819e-12,-2.7191752354976981e-12,-2.7654882287656224e-13,-2.7655652695127736e-13,-2.7634891173863054e-13,-2.7635125988717257e-13,-2.7557104354387815e-13,-2.7556326727854783e-13,-2.4217255321084738e-12,-2.4217496493816619e-12,-2.4188321734458356e-12,-2.4188321476254485e-12,-2.410082635852533e-12,-2.4100183147052256e-12,3.2762088435974823e-13,3.2761701521238446e-13,3.2738990231859743e-13,3.2739672096319405e-13,3.2653077066048224e-13,3.2653538294623548e-13,1.8522702621900109,0.0095195427757362103,0.99999584932593855,1.0000400271486334,1.7351083809692243e-05
173,3.5234582418742424e-07,0.99999584423569798,1.0000400230149871,1.0000015277766079,0.0010726539614792033,1.8929200864614382e-05,4.5510434147581935e-05,1.5410683793916288e-12,1.5229239702456266e-12,1.5277766079096964e-06,2.7369132390905703e-15,2.6760343602291726e-15,2.6760271163566932e-15,2.6310062647849029e-15,2.6309481598542905e-15,2.5752512624989338e-15,2.5752749442877513e-15,-2.6092635668262202e-16,-2.6093362880736756e-16,-2.6073965239392467e-16,-2.6074187019508987e-16,-2.600088606211414e-16,-2.6000152152165333e-16,-2.2849100359687858e-15,-2.284932814366419e-15,-2.28220737821463e-15,-2.2822073572485566e-15,-2.2739928810345236e-15,-2.2739321829580918e-15,3.0912730685797101e-16,3.0912366029372843e-16,3.0890996637847313e-16,3.0891640294932058e-16,3.081005886986394e-16,3.0810494262078463e-16,-2.8259324508160565e-12,-2.8259248012724131e-12,-2.7783805056202835e-12,-2.7783191459735135e-12,-2.7195011211988027e-12,-2.7195261295017564e-12,-2.7553937556156607e-13,-2.7554705495741961e-13,-2.7534218152768779e-13,-2.7534452353515114e-13,-2.7457042932655275e-13,-2.7456267920723252e-13,-2.4129559039460157e-12,-2.4129799588485187e-12,-2.4100990587451423e-12,-2.4100990366199843e-12,-2.4014215889087461e-12,-2.4013574894664684e-12,3.2643715581590673e-13,3.2643330505881826e-13,3.2620767987722188e-13,3.2621447687011995e-13,3.2535301418300018e-13,3.2535761190771816e-13,1.8491188691307523,0.009521602660315218,0.99999584977564415,1.0000400230149871,1.7286556068545217e-05
174,3.5438250525209147e-07,0.99999584469794012,1.0000400189257006,1.0000015346795146,0.0010687048092192142,1.8859509893379638e-05,4.5633437721348529e-05,1.5410683900294637e-12,1.5229239806426109e-12,1.5346795145498219e-06,2.7369132390905703e-15,2.676143401221228e-15,2.6761361551765305e-15,2.6312281444073737e-15,2.631170033705632e-15,2.5755852752210863e-15,2.575608959952499e-15,-2.5998015380288919e-16,-2.5998740277212017e-16,-2.5979601547012553e-16,-2.5979822749683368e-16,-2.5907097870041305e-16,-2.5906366412231522e-16,-2.276692015097571e-15,-2.2767147349329131e-15,-2.2740233253545173e-15,-2.2740233078437458e-15,-2.265876017237258e-15,-2.26581552701468e-15,3.0801721526720487e-16,3.0801358591820663e-16,3.0780130681578071e-16,3.0780772305320807e-16,3.0699615305653453e-16,3.0700049331525478e-16,-2.8260476984848438e-12,-2.8260400466470488e-12,-2.7786149107240287e-12,-2.778553544980713e-12,-2.7198539381672361e-12,-2.7198789495784603e-12,-2.745401812797351e-13,-2.7454783622326903e-13,-2.743456971177843e-13,-2.7434803302740062e-13,-2.7358002243037948e-13,-2.7357229820574037e-13,-2.404277355400884e-12,-2.4043013484592607e-12,-2.4014563988734964e-12,-2.4014563803971435e-12,-2.392849899635556e-12,-2.392786019694132e-12,3.2526490359851377e-13,3.2526107102065686e-13,3.2503693966219337e-13,3.2504371518307065e-13,3.2418673420451334e-13,3.2419131750070576e-13,1.8459996290098299,0.0095237916631926052,0.99999585022090942,1.0000400189257006,1.722270706809905e-05
175,3.5641918631675863e-07,0.9999958451555464,1.0000400148803301,1.0000015415713424,0.0010647971520237481,1.8790551188504274e-05,4.5756085993464059e-05,1.5410684006502253e-12,1.5229239910231121e-12,1.5415713422857307e-06,2.7369132390905703e-15,2.6762502858172583e-15,2.6762430376627484e-15,2.6314460604371312e-15,2.6313879440699814e-15,2.5759136390682399e-15,2.5759373266902831e-15,-2.5904352410779232e-16,-2.5905075013516984e-16,-2.5886194097086051e-16,-2.5886414726343883e-16,-2.5814261769927367e-16,-2.5813532741032766e-16,-2.2685591502516964e-15,-2.2685818120114466e-15,-2.2659237927002832e-15,-2.2659237786181433e-15,-2.2578425772792826e-15,-2.2577822928239412e-15,3.069178403368907e-16,3.0691422800310262e-16,3.0670337396077759e-16,3.0670977003010633e-16,3.059024407947434e-16,3.0590676750946871e-16,-2.8261606687713426e-12,-2.8261530147053234e-12,-2.778845130031999e-12,-2.7787837583038098e-12,-2.7202007896718149e-12,-2.7202258041364661e-12,-2.735510963212606e-13,-2.7355872703809363e-13,-2.7335931066594112e-13,-2.7336164052029309e-13,-2.7259966966038474e-13,-2.7259197108518431e-13,-2.3956887348676915e-12,-2.3957126665960663e-12,-2.3929029953446862e-12,-2.392902980488993e-12,-2.3843663086960611e-12,-2.3843026460519588e-12,3.241039681313388e-13,3.2410015352147875e-13,3.2387752680956348e-13,3.2388428103301047e-13,3.2303177807698152e-13,3.2303634707076192e-13,1.8429138613397618,0.0095249691750587673,0.99999585066173291,1.0000400148803301,1.7159527977237481e-05
176,3.5845586738142586e-07,0.99999584560851129,1.0000400108784213,1.000001548452204,0.0010609303630258547,1.8722313687622564e-05,4.5878374098549932e-05,1.5410684112540874e-12,1.5229240013872984e-12,1.5484522039468295e-06,2.7369132390905703e-15,2.6763581005291745e-15,2.6763508502162812e-15,2.631665402487783e-15,2.6316072804124743e-15,2.5762437434693822e-15,2.5762674340044627e-15,-2.5811633402624362e-16,-2.5812353732139104e-16,-2.5793729144222435e-16,-2.5793949204125594e-16,-2.5722363499275683e-16,-2.5721636876112612e-16,-2.2605103526805411e-15,-2.2605329568431312e-15,-2.2579076534749935e-15,-2.2579076428103884e-15,-2.2498913859516839e-15,-2.2498313051805386e-15,3.0582899868319074e-16,3.0582540317199878e-16,3.0561597754351062e-16,3.0562235361157187e-16,3.0481925678392549e-16,3.0482357007382943e-16,-2.8262746210754578e-12,-2.8262669647298722e-12,-2.7790768550514556e-12,-2.7790154772932159e-12,-2.7205494790508281e-12,-2.7205744965925609e-12,-2.7257197963450854e-13,-2.7257958634601024e-13,-2.7238287702030074e-13,-2.7238520086224246e-13,-2.7162922040409231e-13,-2.7162154723350595e-13,-2.387188892585799e-12,-2.3872127634892521e-12,-2.3844376582446301e-12,-2.384437646997881e-12,-2.3759695750336965e-12,-2.375906127487141e-12,3.2295415576179524e-13,3.2295035891652581e-13,3.227292403950035e-13,3.2273597349718867e-13,3.2188793974454462e-13,3.2189249456176441e-13,1.8398594157465153,0.0095269515209190653,0.99999585109809697,1.0000400108784213,1.7097010020349316e-05
177,3.6049254844609302e-07,0.99999584605685099,1.0000400069195108,1.0000015553222152,0.0010571038332875841,1.8654786644763138e-05,4.6000297888694973e-05,1.5410684218412286e-12,1.5229240117353437e-12,1.5553222153765508e-06,2.7369132390905703e-15,2.6764638499527352e-15,2.6764565975489476e-15,2.6318809662060905e-15,2.6318228385258337e-15,2.5765684730063768e-15,2.5765921664050772e-15,-2.57198452401997e-16,-2.5720563317337353e-16,-2.570219316995337e-16,-2.5702412664503366e-16,-2.563138899509863e-16,-2.5630664755037358e-16,-2.2525445348532148e-15,-2.2525670818863983e-15,-2.2499737886553158e-15,-2.2499737814092514e-15,-2.2420212850946991e-15,-2.2419614059299735e-15,3.0475054537757592e-16,3.0474696649561014e-16,3.0453897752677793e-16,3.0454533375576361e-16,3.0374646405492403e-16,3.0375076403312683e-16,-2.8263863922104914e-12,-2.826378733656647e-12,-2.7793045899150317e-12,-2.7792432062357742e-12,-2.7208924923277031e-12,-2.7209175128943182e-12,-2.7160269271793392e-13,-2.7161027564423794e-13,-2.7141625342530844e-13,-2.7141857129710014e-13,-2.7066852615584031e-13,-2.7066087815089996e-13,-2.3787766800824935e-12,-2.3788004906550864e-12,-2.3760592058474102e-12,-2.3760591982107132e-12,-2.3676584755964295e-12,-2.367595240953241e-12,3.2181531344593248e-13,3.2181153416106763e-13,3.2159193253975905e-13,3.2159864469195893e-13,3.2075507456826748e-13,3.2075961532837746e-13,1.8368375208104328,0.0095285296075508907,0.99999585152999326,1.0000400069195108,1.7035144478991036e-05
178,3.6252922951076025e-07,0.99999584650055973,1.000040003003122,1.0000015621814915,0.0010533169611722313,1.8587959442800192e-05,4.6121853544654045e-05,1.541068432411826e-12,1.5229240220674204e-12,1.5621814915010151e-06,2.7369132390905703e-15,2.6765704619564744e-15,2.6765632074248891e-15,2.6320978652331395e-15,2.6320397319103948e-15,2.5768948461390113e-15,2.5769185424228225e-15,-2.5628975018488387e-16,-2.5629690863692547e-16,-2.5611572873539467e-16,-2.5611791806759078e-16,-2.5541324407015816e-16,-2.5540602527506965e-16,-2.2446606097765362e-15,-2.2446831001408715e-15,-2.2421210863958255e-15,-2.2421210825792719e-15,-2.2342311333516059e-15,-2.2341714537248149e-15,3.0368230538838853e-16,3.0367874294869996e-16,3.0347219316770846e-16,3.0347852972111358e-16,3.026838784436125e-16,3.0268816522272603e-16,-2.8264990740470322e-12,-2.8264914132459428e-12,-2.7795337346995834e-12,-2.7794723450596575e-12,-2.7212372410927009e-12,-2.7212622647068982e-12,-2.7064309929402217e-13,-2.706506586510093e-13,-2.7045929942464084e-13,-2.7046161136876121e-13,-2.6971744065511729e-13,-2.6970981757770131e-13,-2.3704509494530288e-12,-2.3704747001810673e-12,-2.3677664640071902e-12,-2.3677664599920349e-12,-2.3594318050768457e-12,-2.3593687811526243e-12,3.2068725635104028e-13,3.2068349442915325e-13,3.2046541238005858e-13,3.2047210375491762e-13,3.1963298807151575e-13,3.1963751489343707e-13,1.8338461312376426,0.0095294667889817587,0.99999585195740426,1.000040003003122,1.6973922681229999e-05
179,3.6456591057542741e-07,0.99999584693965649,1.0000399991287676,1.0000015690301423,0.0010495691624234547,1.852182177132046e-05,4.6243037895381255e-05,1.5410684429660492e-12,1.5229240323836925e-12,1.5690301423976923e-06,2.7369132390905703e-15,2.6766750878784344e-15,2.6766678312928114e-15,2.6323111454654589e-15,2.6322530066015584e-15,2.5772160856564384e-15,2.5772397847787731e-15,-2.5539010032865156e-16,-2.5539723666438299e-16,-2.5521855144537698e-16,-2.552207352039377e-16,-2.5452156053737284e-16,-2.5451436512768076e-16,-2.2368574909737627e-15,-2.236879925120587e-15,-2.2343484420659364e-15,-2.2343484416962497e-15,-2.2265198062033215e-15,-2.2264603240579366e-15,3.0262413973635196e-16,3.026205935508153e-16,3.0241549080567608e-16,3.0242180784253012e-16,3.0163137032974345e-16,3.0163564401654856e-16,-2.826609658360043e-12,-2.8266019953896338e-12,-2.7797590578045784e-12,-2.7796976623109911e-12,-2.7215765685201492e-12,-2.7216015951327382e-12,-2.6969306520139764e-13,-2.6970060120346569e-13,-2.6951187657151538e-13,-2.6951418262985128e-13,-2.6877581942701053e-13,-2.6876822104465996e-13,-2.3622105533379531e-12,-2.3622342446981012e-12,-2.3595582661972509e-12,-2.3595582658220239e-12,-2.3512883759486102e-12,-2.3512255605715957e-12,3.195698377155606e-13,3.1956609295799121e-13,3.1934953877078876e-13,3.1935620953624539e-13,3.1852154337577294e-13,3.1852605637226128e-13,1.8308863891236131,0.0095308793514237277,0.9999958523803264,1.0000399991287676,1.6913336005883028e-05
180,3.6660259164009463e-07,0.99999584737414338,1.0000399952959476,1.0000015758682808,0.001045859860461053,1.8456363455372062e-05,4.636384805190667e-05,1.5410684535040721e-12,1.5229240426843301e-12,1.5758682808959891e-06,2.7369132390905703e-15,2.6767805088638407e-15,2.6767732501984562e-15,2.632525662805569e-15,2.632467518367945e-15,2.5775388600382703e-15,2.577562562020167e-15,-2.5449937750233928e-16,-2.5450649192079363e-16,-2.54330270527244e-16,-2.5433244875195942e-16,-2.5363870432616473e-16,-2.536315320829082e-16,-2.2291340923208387e-15,-2.2291564706952444e-15,-2.2266547581011116e-15,-2.2266547611997335e-15,-2.2188861960406278e-15,-2.2188269093365502e-15,3.0157588141454373e-16,3.0157235130065242e-16,3.0136869884434657e-16,3.0137499652476197e-16,3.005887660895624e-16,3.0059302679030914e-16,-2.8267210820784904e-12,-2.8267134169115571e-12,-2.7799856871316369e-12,-2.7799242857500136e-12,-2.7219175166168116e-12,-2.7219425462499887e-12,-2.6875245809004731e-13,-2.6875997094737252e-13,-2.6857384832226692e-13,-2.6857614853684215e-13,-2.6784351988308836e-13,-2.6783594596458306e-13,-2.3540543447502968e-12,-2.3540779772126108e-12,-2.3514334533528504e-12,-2.3514334566402257e-12,-2.3432270185427654e-12,-2.3431644095585385e-12,3.1846288118085457e-13,3.1845915339488151e-13,3.1824413050688437e-13,3.1825078083201805e-13,3.1742055713499944e-13,3.1742505641825493e-13,1.8279563464772157,0.0095312942256022461,0.99999585279875169,1.0000399952959476,1.6853375875100548e-05
181,3.686392727047618e-07,0.99999584780404938,1.0000399915041513,1.0000015826960156,0.0010421884957464104,1.839157462073718e-05,4.6484281714310365e-05,1.5410684640260623e-12,1.522924052969494e-12,1.5826960157629295e-06,2.7369132390905703e-15,2.6768840180018917e-15,2.6768767573352121e-15,2.6327367034594967e-15,2.6326785535472971e-15,2.5778567143026823e-15,2.5778804191005218e-15,-2.5361745798888085e-16,-2.5362455068749439e-16,-2.5345075821395804e-16,-2.5345293094402612e-16,-2.5276454178112497e-16,-2.52757392490547e-16,-2.2214893284918816e-15,-2.221511651530963e-15,-2.219038944430179e-15,-2.2190389510194024e-15,-2.2113292125235961e-15,-2.2112701192401653e-15,3.0053739728896588e-16,3.0053388306282501e-16,3.0033168989007892e-16,3.0033796836987834e-16,2.9955594330951503e-16,2.9956019112503102e-16,-2.8268304866682693e-12,-2.8268228193877228e-12,-2.7802086448498939e-12,-2.7801472376848983e-12,-2.7222532688345741e-12,-2.7222783014422906e-12,-2.678211473142303e-13,-2.678286372353122e-13,-2.6764507975441612e-13,-2.6764737416662288e-13,-2.6692040088276425e-13,-2.6691285120237573e-13,-2.3459811775459342e-12,-2.3460047515719447e-12,-2.3433908743224715e-12,-2.3433908812959732e-12,-2.3352465814271806e-12,-2.3351841767018831e-12,3.1736624615796617e-13,3.1736253514939738e-13,3.1714905306114748e-13,3.1715568311049471e-13,3.1632990008091912e-13,3.1633438575742013e-13,1.8250570632071852,0.0095319337767303895,0.99999585321269013,1.0000399915041513,1.6794033760631296e-05
182,3.7067595376942897e-07,0.99999584822939058,1.0000399877528583,1.0000015895134546,0.0010385545169562087,1.8327445538173947e-05,4.6604336827197091e-05,1.5410684745321859e-12,1.5229240632393477e-12,1.5895134547171803e-06,2.7369132390905703e-15,2.6769882604562287e-15,2.6769809977707128e-15,2.6329488833321608e-15,2.6328907279166932e-15,2.5781759883914467e-15,2.5781996960259637e-15,-2.5274421941507519e-16,-2.5275129058735174e-16,-2.5257988816835646e-16,-2.5258205544298457e-16,-2.5189894068876501e-16,-2.5189181413859969e-16,-2.2139221152720003e-15,-2.2139443834073709e-15,-2.2114999187430884e-15,-2.2114999288439912e-15,-2.2038477830038286e-15,-2.2037888811442045e-15,2.9950852819176207e-16,2.9950502967454549e-16,2.9930430125046717e-16,2.9931056068635728e-16,2.9853273858545574e-16,2.9853697361624535e-16,-2.8269406654600513e-12,-2.8269329960473135e-12,-2.780432805420368e-12,-2.7803713924417609e-12,-2.7225905202399507e-12,-2.7226155558440963e-12,-2.6689900364733965e-13,-2.6690647083651614e-13,-2.6672543745543116e-13,-2.6672772610666988e-13,-2.6600632280812647e-13,-2.659987971416994e-13,-2.3379899067539165e-12,-2.3380134227994706e-12,-2.335429386150485e-12,-2.3354293968323659e-12,-2.3273459318525385e-12,-2.3272837292774373e-12,3.1627976456627804e-13,3.1627607014626966e-13,3.1606413463102167e-13,3.1607074457008168e-13,3.1524939965936138e-13,3.1525387183523778e-13,1.8221866817715497,0.009531960406882636,0.99999585362215127,1.0000399877528583,1.6735301179081486e-05
183,3.7271263483409619e-07,0.99999584865021074,1.000039984041539,1.0000015963207021,0.0010349573897233571,1.8263966777668254e-05,4.6724011874595838e-05,1.5410684850226037e-12,1.5229240734940432e-12,1.5963207022012938e-06,2.7369132390905703e-15,2.677090665531438e-15,2.6770834009067521e-15,2.6331577195762787e-15,2.6330995587536359e-15,2.5784905356621341e-15,2.5785142460924988e-15,-2.518795406512523e-16,-2.5188659048896035e-16,-2.5171753522728047e-16,-2.5171969708500969e-16,-2.510417698889986e-16,-2.5103466587203071e-16,-2.2064313704311638e-15,-2.2064535840872358e-15,-2.2040366073030467e-15,-2.2040366209327003e-15,-2.1964408532426913e-15,-2.1963821408366872e-15,2.9848914685606211e-16,2.9848566386753543e-16,2.9828641180386542e-16,2.9829265234843865e-16,2.9751903664694221e-16,2.9752325898867771e-16,-2.8270489037647739e-12,-2.8270412323039833e-12,-2.7806534348946075e-12,-2.7805920162038344e-12,-2.7229227798947939e-12,-2.7229478184522372e-12,-2.6598589917594244e-13,-2.6599334383572085e-13,-2.658147892525402e-13,-2.658170721835111e-13,-2.6510114715365819e-13,-2.6509364528237331e-13,-2.3300793894993551e-12,-2.3301028480125875e-12,-2.3275478549348502e-12,-2.3275478693431191e-12,-2.319523956510754e-12,-2.3194619540052346e-12,3.1520330201249317e-13,3.1519962399071782e-13,3.1498924731251702e-13,3.1499583730241722e-13,3.1417893414515594e-13,3.1418339292144045e-13,1.8193461845018672,0.0095328836031998224,0.99999585402716407,1.000039984041539,1.6677169699748987e-05
184,3.7474931589876336e-07,0.9999958490665436,1.0000399803696582,1.0000016031178658,0.0010313965886481066,1.8201129067453303e-05,4.6843305555332418e-05,1.5410684954974818e-12,1.5229240837337454e-12,1.6031178659339365e-06,2.7369132390905703e-15,2.6771937513542242e-15,2.6771864847766193e-15,2.6333676041898135e-15,2.6333094379338789e-15,2.578806388265063e-15,2.5788301015115286e-15,-2.5102330155856864e-16,-2.5103033024961684e-16,-2.5086357529709532e-16,-2.5086573177632721e-16,-2.5019289933368676e-16,-2.5018581764445768e-16,-2.1990160144744659e-15,-2.1990381740706488e-15,-2.1966479456252155e-15,-2.1966479627951443e-15,-2.1891073882174397e-15,-2.1890488633252595e-15,2.9747910189678767e-16,2.974756342614768e-16,2.9727786763667248e-16,2.9728408944326001e-16,2.9651468407209975e-16,2.9651889382048569e-16,-2.827157860760416e-12,-2.8271501872370513e-12,-2.7808751712849414e-12,-2.7808137468544271e-12,-2.7232564178337961e-12,-2.7232814593659384e-12,-2.6508170703291968e-13,-2.6508912936173391e-13,-2.6491300410238639e-13,-2.6491528135364501e-13,-2.6420473658806764e-13,-2.6419725829496128e-13,-2.3222484857956574e-12,-2.322271887219559e-12,-2.3197451565438223e-12,-2.3197451746906689e-12,-2.3117795623861284e-12,-2.3117177579017176e-12,3.141366986345859e-13,3.1413303682574423e-13,3.1392422857346488e-13,3.1393079877612682e-13,3.1311834152537028e-13,3.1312278700312237e-13,1.8165337987239285,0.0095322331922055928,0.99999585442775929,1.0000399803696582,1.6619630942103611e-05
185,3.7678599696343058e-07,0.99999584947844955,1.0000399767366746,1.0000016099050479,0.0010278716054950387,1.8138923438662459e-05,4.6962217065785358e-05,1.5410685059569775e-12,1.5229240939586051e-12,1.6099050479988575e-06,2.7369132390905703e-15,2.6772950769217638e-15,2.6772878084678126e-15,2.6335742754240675e-15,2.6335161038268326e-15,2.5791176948289813e-15,2.5791414108529177e-15,-2.5017538289045794e-16,-2.5018239062090913e-16,-2.5001788511378417e-16,-2.5002003625215375e-16,-2.4935219973351435e-16,-2.4934514017146443e-16,-2.1916749719099299e-15,-2.1916970778589584e-15,-2.1893328796724392e-15,-2.1893329003865484e-15,-2.1818463732313762e-15,-2.1817880339457898e-15,2.9647827204577818e-16,2.9647481958699861e-16,2.9627855399509619e-16,2.9628475721308782e-16,2.9551957272573743e-16,2.9552376997237304e-16,-2.8272649587148395e-12,-2.8272572832097949e-12,-2.7810935141256181e-12,-2.7810320840525228e-12,-2.7235852549285685e-12,-2.7236102993946412e-12,-2.6418630129340351e-13,-2.6419370148773777e-13,-2.6401995183770067e-13,-2.6402222344898924e-13,-2.6331695458138207e-13,-2.6330949965466298e-13,-2.3144960598833991e-12,-2.3145194046537946e-12,-2.3120201778786077e-12,-2.312020199768182e-12,-2.3041116779279081e-12,-2.3040500694505023e-12,3.1307982637386527e-13,3.1307618059137877e-13,3.1286895723430076e-13,3.1287550780747785e-13,3.1206750760963999e-13,3.1207193988558592e-13,1.8137504344532078,0.0095319346831053992,0.9999958548239879,1.0000399767366746,1.6562676584865277e-05
186,3.7882267802809775e-07,0.99999584988598067,1.0000399731420444,1.0000016166823495,0.0010243819420011895,1.8077341098413705e-05,4.7080745793222917e-05,1.5410685164012467e-12,1.5229241041687735e-12,1.6166823495624936e-06,2.7369132390905703e-15,2.6773970403487442e-15,2.6773897700041683e-15,2.6337819151237072e-15,2.633723738160407e-15,2.5794301987529428e-15,2.5794539175735899e-15,-2.4933566605686251e-16,-2.4934265300900194e-16,-2.491803421455947e-16,-2.491824879804357e-16,-2.4851954261704588e-16,-2.485125049835956e-16,-2.1844071724030234e-15,-2.1844292251128691e-15,-2.1820903669430798e-15,-2.1820903911968399e-15,-2.1746568151330969e-15,-2.1745986595822348e-15,2.9548651375293676e-16,2.9548307629866617e-16,2.9528832570858555e-16,2.952945104880104e-16,2.9453355898825446e-16,2.945377438252283e-16,-2.8273727300717104e-12,-2.827365052569882e-12,-2.781312879504282e-12,-2.7812514437624593e-12,-2.7239153562887522e-12,-2.7239404037090492e-12,-2.6329955672580535e-13,-2.6330693497815211e-13,-2.6313550306448683e-13,-2.6313776907522547e-13,-2.6243766546731815e-13,-2.624302336972813e-13,-2.3068209814495646e-12,-2.3068442699973029e-12,-2.3043718180222469e-12,-2.3043718436497042e-12,-2.2965192543376192e-12,-2.2964578398904777e-12,3.1203253364201199e-13,3.1202890370423015e-13,3.1182327999549074e-13,3.1182981109761093e-13,3.1102628073619787e-13,3.1103069990759143e-13,1.810994399769718,0.0095316003350446373,0.99999585521590328,1.0000399731420444,1.6506298365410928e-05
187,3.8085935909276497e-07,0.99999585028921412,1.0000399695852225,1.000001623449871,0.0010209271175979245,1.8016373566078121e-05,4.7198891586155705e-05,1.541068526830444e-12,1.5229241143644006e-12,1.6234498710050135e-06,2.7369132390905703e-15,2.6774973228678292e-15,2.6774900507024286e-15,2.6339864718048785e-15,2.6339282895626927e-15,2.5797383307264619e-15,2.579762052306636e-15,-2.4850403302921371e-16,-2.4851099938337498e-16,-2.4835082437475553e-16,-2.4835296494250894e-16,-2.4769480002183534e-16,-2.4768778412314215e-16,-2.17721155241127e-15,-2.1772335522834737e-15,-2.1749193780518429e-15,-2.1749194058309261e-15,-2.16753774384339e-15,-2.1674797701918323e-15,2.9450371196670589e-16,2.9450028934408789e-16,2.9430707454891196e-16,2.9431324103606645e-16,2.935565418822246e-16,2.9356071439830157e-16,-2.8274787261810258e-12,-2.8274710467561394e-12,-2.7815289889974324e-12,-2.7814675476789309e-12,-2.7242408406454857e-12,-2.7242658909807228e-12,-2.6242134869146563e-13,-2.6242870519225706e-13,-2.6225952893151308e-13,-2.6226178938018603e-13,-2.6156673411708045e-13,-2.6155932529903292e-13,-2.2992221273536677e-12,-2.2992453601027374e-12,-2.2967989899088548e-12,-2.2967990192591027e-12,-2.2890012671816274e-12,-2.2889400448264665e-12,3.1099469894505372e-13,3.1099108466944125e-13,3.1078708256843715e-13,3.1079359435399148e-13,3.0999455427325092e-13,3.0999896043382592e-13,1.8082665384453791,0.0095310517865047455,0.99999585560357751,1.0000399695852225,1.645048808995278e-05
188,3.8289604015743214e-07,0.9999958506882185,1.0000399660656634,1.0000016302077088,0.0010175066629725059,1.7956012559660396e-05,4.7316654463758739e-05,1.5410685372447184e-12,1.522924124545631e-12,1.6302077089062932e-06,2.7369132390905703e-15,2.6775982080115174e-15,2.6775909340071204e-15,2.6341919284772132e-15,2.6341337409319585e-15,2.5800475621322203e-15,2.5800712864893827e-15,-2.4768036612258417e-16,-2.4768731205539245e-16,-2.4752921021408028e-16,-2.4753134555070775e-16,-2.4687784456617583e-16,-2.4687085021055082e-16,-2.170087056718217e-15,-2.1701090041496125e-15,-2.167818898226703e-15,-2.1678189295069193e-15,-2.1604882140047716e-15,-2.1604304204551225e-15,2.9352973110608195e-16,2.9352632314700767e-16,2.933346641118269e-16,2.9334081245358954e-16,2.92588387442288e-16,2.9259254772726759e-16,-2.827585358486076e-12,-2.8275776771189425e-12,-2.7817460487202818e-12,-2.7816846017995873e-12,-2.7245674858556455e-12,-2.7245925391242665e-12,-2.6155155291461882e-13,-2.6155888785037239e-13,-2.6139190104224863e-13,-2.61394155966833e-13,-2.6070402601514725e-13,-2.6069663994666113e-13,-2.2916983832477063e-12,-2.2917215606172399e-12,-2.2893006219045758e-12,-2.2893006549520879e-12,-2.2815567181330313e-12,-2.2814956859717897e-12,3.0996617911000531e-13,3.0996258031903397e-13,3.097602209107851e-13,3.0976671353487729e-13,3.0897218675388702e-13,3.0897657999846201e-13,1.8055652366817709,0.0095308366573881517,0.99999585598708451,1.0000399660656634,1.6395237634782272e-05
189,3.8493272122209936e-07,0.99999585108308509,1.000039962582824,1.0000016369559637,0.0010141201273701176,1.7896250124658171e-05,4.7434034873636009e-05,1.5410685476442247e-12,1.5229241347126149e-12,1.6369559637775457e-06,2.7369132390905703e-15,2.6776974912890896e-15,2.677690215506449e-15,2.6343944321850053e-15,2.6343362394188896e-15,2.5803525919011206e-15,2.5803763189986135e-15,-2.468645479073449e-16,-2.4687147359336751e-16,-2.467153783164303e-16,-2.4671750845687186e-16,-2.4606854919245393e-16,-2.4606157619279068e-16,-2.1630326404166683e-15,-2.1630545357978041e-15,-2.1607879292761619e-15,-2.1607879640228807e-15,-2.1535073069336403e-15,-2.1534496917264627e-15,2.9256446261311506e-16,2.9256106914914623e-16,2.9237099288565568e-16,2.9237712322543092e-16,2.9162900187959078e-16,2.916331500207038e-16,-2.8276902990144121e-12,-2.82768261576914e-12,-2.781959989897543e-12,-2.7818985374614586e-12,-2.7248896939165809e-12,-2.7249147500798563e-12,-2.6069004538908766e-13,-2.606973589441496e-13,-2.6053249125365648e-13,-2.6053474069104703e-13,-2.5984940698823195e-13,-2.5984204347172188e-13,-2.2842486456705804e-12,-2.2842717680730079e-12,-2.2818756598849427e-12,-2.2818756965931192e-12,-2.2741846370332385e-12,-2.2741237932078332e-12,3.089468595001028e-13,3.0894327601590711e-13,3.0874258782660546e-13,3.0874906144066016e-13,3.0795907913741051e-13,3.079634595581052e-13,1.8028912788707248,0.009529641422996225,0.99999585636651489,1.000039962582824,1.6340538957620079e-05
190,3.8696940228676653e-07,0.9999958514738958,1.0000399591361635,1.0000016436947305,0.001010767072859943,1.7837078532875145e-05,4.755103341569408e-05,1.5410685580291092e-12,1.5229241448654938e-12,1.6436947304950668e-06,2.7369132390905703e-15,2.6777973460915898e-15,2.6777900685070445e-15,2.6345977764067838e-15,2.6345395783960317e-15,2.5806586337481017e-15,2.5806823636009098e-15,-2.4605646101194874e-16,-2.4606336662208842e-16,-2.4590920751235487e-16,-2.4591133249089856e-16,-2.4526678726214979e-16,-2.452598354336216e-16,-2.1560472708069634e-15,-2.1560691145237928e-15,-2.1538254914934054e-15,-2.1538255296621614e-15,-2.1465941326974535e-15,-2.1465366941114052e-15,2.9160777906347052e-16,2.9160439993113791e-16,2.9141593328721061e-16,2.9142204576899057e-16,2.9067826074707917e-16,2.9068239683309875e-16,-2.8277958428984211e-12,-2.8277881577500661e-12,-2.7821748184971354e-12,-2.7821133605205767e-12,-2.7252129705847958e-12,-2.7252380296585874e-12,-2.5983670217003846e-13,-2.5984399452487907e-13,-2.5968117161033788e-13,-2.596834155967441e-13,-2.5900274330561925e-13,-2.5899540214590843e-13,-2.2768718240526561e-12,-2.2768948918955344e-12,-2.2745230692458336e-12,-2.2745231095677413e-12,-2.2668840840854086e-12,-2.2668234267780706e-12,3.0793660555577818e-13,3.0793303720573269e-13,3.077340485885417e-13,3.077405033446269e-13,3.0695510000821166e-13,3.0695946769877167e-13,1.8002431280398319,0.0095286131436926463,0.99999585674195901,1.0000399591361635,1.6286384100828054e-05
191,3.8900608335143375e-07,0.99999585186075202,1.0000399557251456,1.0000016504241007,0.0010074470812579299,1.7778490404587549e-05,4.766765108733421e-05,1.5410685683995133e-12,1.5229241550044071e-12,1.6504241009211262e-06,2.7369132390905703e-15,2.6778956743565096e-15,2.677888395021271e-15,2.6347982945950348e-15,2.6347400914172678e-15,2.5809606404666877e-15,2.5809843730379586e-15,-2.4525598804602782e-16,-2.4526287374900869e-16,-2.4511057665355787e-16,-2.4511269650333401e-16,-2.4447243235768788e-16,-2.4446550151988833e-16,-2.1491299297198142e-15,-2.1491517221522688e-15,-2.1469306260073717e-15,-2.1469306675440159e-15,-2.1397478324771977e-15,-2.139690568827816e-15,2.906595787013614e-16,2.9065621373742725e-16,2.9046939072187604e-16,2.9047548548645326e-16,2.8973607746826705e-16,2.8974020158613019e-16,-2.8278997745551283e-12,-2.8278920875577738e-12,-2.7823866625931716e-12,-2.7823251991580949e-12,-2.7255319859398711e-12,-2.7255570478852181e-12,-2.589913992927588e-13,-2.5899867062555196e-13,-2.5883781417923348e-13,-2.5884005274964389e-13,-2.5816390146990986e-13,-2.5815658247648795e-13,-2.2695668431687949e-12,-2.2695898568533684e-12,-2.2672418373861498e-12,-2.2672418812646025e-12,-2.2596541523494179e-12,-2.2595936797812806e-12,3.0693530982333292e-13,3.0693175643506853e-13,3.0673450330506019e-13,3.0674093935184696e-13,3.0596015794183303e-13,3.0596451299406934e-13,1.797621516702121,0.0095277314444971884,0.99999585711352068,1.0000399557251456,1.6232765204210451e-05
192,3.9104276441610092e-07,0.99999585224374399,1.0000399523492378,1.000001657144169,0.0010041597490412992,1.7720478618800168e-05,4.7783889020463962e-05,1.5410685787555819e-12,1.5229241651294928e-12,1.657144169014707e-06,2.7369132390905703e-15,2.6779945434567758e-15,2.6779872623418977e-15,2.6349995987241848e-15,2.6349413903563738e-15,2.5812635804453244e-15,2.5812873157471131e-15,-2.4446301142828038e-16,-2.4446987738916645e-16,-2.4431936457851399e-16,-2.443214793318447e-16,-2.4368535840878109e-16,-2.436784483836868e-16,-2.1422796157717472e-15,-2.1423013572954056e-15,-2.140102397085806e-15,-2.1401024419275778e-15,-2.132967581042819e-15,-2.1329104906813018e-15,2.8971974247296327e-16,2.897163915194466e-16,2.8953124649240499e-16,2.895373236812282e-16,2.8880233697795858e-16,2.8880644921658628e-16,-2.8280042771605187e-12,-2.8279965882835999e-12,-2.7825993364829951e-12,-2.7825378675650736e-12,-2.7258519866704841e-12,-2.7258770515001567e-12,-2.5815401259090642e-13,-2.5816126307596272e-13,-2.5800229101331654e-13,-2.5800452420185613e-13,-2.5733274835044287e-13,-2.5732545133531722e-13,-2.2623326455202556e-12,-2.2623556054431497e-12,-2.2600309761400162e-12,-2.2600310235087103e-12,-2.2524939703558883e-12,-2.2524336807857843e-12,3.0594284658241811e-13,3.0593930798909605e-13,3.0574382663232381e-13,3.0575024411918304e-13,3.0497413142987263e-13,3.0497847393767685e-13,1.7950249845146919,0.0095269131708310313,0.99999585748130093,1.0000399523492378,1.6179674510512615e-05
193,3.9307944548076809e-07,0.99999585262297808,1.0000399490079128,1.0000016638550258,0.001000904693916931,1.7663036429159074e-05,4.7899748714360655e-05,1.5410685890974552e-12,1.52292417524089e-12,1.6638550257207667e-06,2.7369132390905703e-15,2.6780919545975833e-15,2.6780846717459277e-15,2.6351981968672723e-15,2.635139983383286e-15,2.5815626458410717e-15,2.5815863838358666e-15,-2.4367741332736187e-16,-2.4368425970889368e-16,-2.4353544999592404e-16,-2.435375596838605e-16,-2.4290543955658175e-16,-2.428985501704281e-16,-2.1354953470248073e-15,-2.1355170380098445e-15,-2.1333398948580659e-15,-2.1333399429343564e-15,-2.1262525894815173e-15,-2.1261956707923726e-15,2.8878817573961093e-16,2.8878483863935254e-16,2.8860141311392699e-16,2.8860747286556789e-16,2.8787695992037047e-16,2.8788106036746109e-16,-2.8281072399595014e-12,-2.8280995492482768e-12,-2.7828091526423241e-12,-2.7827476783195658e-12,-2.726167895627238e-12,-2.7261929633016129e-12,-2.5732441763409931e-13,-2.5733164744327441e-13,-2.5717447402851541e-13,-2.5717670186797934e-13,-2.5650915103983934e-13,-2.5650187581951611e-13,-2.255168194143313e-12,-2.2551911006954445e-12,-2.2528895246520593e-12,-2.2528895754364806e-12,-2.2454027049873785e-12,-2.2453425967092704e-12,3.0495911589499171e-13,3.0495559193065525e-13,3.047619261866633e-13,3.0476832525991991e-13,3.0399693667291795e-13,3.040012667289019e-13,1.7924542200365068,0.0095256221165924589,0.99999585784541067,1.0000399490079128,1.6127104380103221e-05
194,3.9511612654543531e-07,0.99999585299854776,1.0000399457006481,1.0000016705567609,0.00099768155031933377,1.7606157384504003e-05,4.8015231784808408e-05,1.5410685994252717e-12,1.5229241853387319e-12,1.6705567609359055e-06,2.7369132390905703e-15,2.6781898734812225e-15,2.6781825888602017e-15,2.6353975270419833e-15,2.6353393084201795e-15,2.5818625707091016e-15,2.5818863114059565e-15,-2.4289907552087715e-16,-2.4290590248211064e-16,-2.4275871148472621e-16,-2.4276081613736898e-16,-2.4213255031643685e-16,-2.4212568139791077e-16,-2.1287761635963401e-15,-2.128797804409244e-15,-2.1266422379966769e-15,-2.1266422892304364e-15,-2.1196021080098222e-15,-2.1195453594085617e-15,2.8786476803401982e-16,2.8786144463537917e-16,2.8767978083511745e-16,2.8768582328889503e-16,2.8695984046834708e-16,2.8696392921391048e-16,-2.8282107387625783e-12,-2.8282030461826311e-12,-2.7830197416679339e-12,-2.7829582619175076e-12,-2.7264847120400098e-12,-2.7265097825686462e-12,-2.5650248957900244e-13,-2.5650969888025697e-13,-2.563542350037303e-13,-2.5635645752590383e-13,-2.5569297702587139e-13,-2.5568572341944066e-13,-2.2480724753653751e-12,-2.2480953289337501e-12,-2.2458165522093831e-12,-2.2458166063280939e-12,-2.2383795644479802e-12,-2.2383196357886282e-12,3.0398400110805616e-13,3.0398049161257233e-13,3.0378868607110629e-13,3.037950668778896e-13,3.0302846191789638e-13,3.0303277961710878e-13,1.7899078401970141,0.0095245611041261703,0.99999585820595527,1.0000399457006481,1.6075047299187121e-05
195,3.9715280761010248e-07,0.99999585337055885,1.000039942426926,1.0000016772494609,0.00099448997563278191,1.754983543867084e-05,4.8130340185071791e-05,1.5410686097391642e-12,1.5229241954231484e-12,1.677249460887475e-06,2.7369132390905703e-15,2.6782863944852791e-15,2.6782791081316484e-15,2.6355942611461292e-15,2.6355360374575748e-15,2.5821587725655168e-15,2.5821825159262702e-15,-2.4212787936165966e-16,-2.421346870591576e-16,-2.419890274227781e-16,-2.4199112706887081e-16,-2.4136656550519613e-16,-2.4135971688708603e-16,-2.1221211306537307e-15,-2.1221427216566719e-15,-2.1200085767844398e-15,-2.1200086310932466e-15,-2.1130154289894205e-15,-2.1129588489192236e-15,2.8694943213431432e-16,2.8694612228701502e-16,2.8676626945388979e-16,2.8677229474659777e-16,2.8605090647505069e-16,2.8605498360834555e-16,-2.8283127612059192e-12,-2.8283050667960486e-12,-2.78322758903671e-12,-2.7831661039336747e-12,-2.7267975967415323e-12,-2.7268226700840998e-12,-2.556881031337157e-13,-2.556952920923842e-13,-2.5554144550552178e-13,-2.5554366274075811e-13,-2.5488409411469467e-13,-2.5487686194558303e-13,-2.2410445019674694e-12,-2.2410673029345318e-12,-2.2388111614802661e-12,-2.2388112188462833e-12,-2.2314238014482539e-12,-2.2313640507635404e-12,3.0301741011566372e-13,3.0301391493034482e-13,3.0282402159257302e-13,3.028303842773312e-13,3.0206863097802066e-13,3.0207293641472119e-13,1.7873864977422136,0.0095239516588993042,0.99999585856304607,1.000039942426926,1.6023495896852504e-05
196,3.991894886747697e-07,0.99999585373910271,1.0000399391862334,1.0000016839332158,0.00099132964619736102,1.7494064880010021e-05,4.8245075966386966e-05,1.5410686200392719e-12,1.5229242054942778e-12,1.6839332158652096e-06,2.7369132390905703e-15,2.67838338649894e-15,2.6783760983787641e-15,2.6357916709370089e-15,2.6357334421621566e-15,2.5824557614907023e-15,2.5824795075216422e-15,-2.4136370567491346e-16,-2.413704942614931e-16,-2.412262760266478e-16,-2.4122837069387586e-16,-2.4060736044209891e-16,-2.4060053195969068e-16,-2.1155293413732455e-15,-2.1155508829259325e-15,-2.113438096135588e-15,-2.1134381534333193e-15,-2.1064918899793406e-15,-2.1064354769078767e-15,2.8604206635755944e-16,2.8603876991706669e-16,2.8586077820908629e-16,2.8586678647840253e-16,2.8515006119498809e-16,2.851541268077821e-16,-2.8284152808641712e-12,-2.8284075845885378e-12,-2.7834361497723895e-12,-2.783374659296121e-12,-2.7271113124415481e-12,-2.7271363886047243e-12,-2.5488113244916836e-13,-2.5488830122662233e-13,-2.5473597693012396e-13,-2.5473818890765945e-13,-2.5408237064299821e-13,-2.5407515973726239e-13,-2.2340833163089482e-12,-2.2341060650546369e-12,-2.2318724917048976e-12,-2.2318725522272514e-12,-2.2245347164281821e-12,-2.2244751420999892e-12,3.0205923554106348e-13,3.0205575451327493e-13,3.0186782634767595e-13,3.0187417105580189e-13,3.0111734169042853e-13,3.0112163496152439e-13,1.784888888133447,0.0095220445220211888,0.99999585891678633,1.0000399391862334,1.5972442956425854e-05
197,4.0122616973943687e-07,0.99999585410427994,1.0000399359780605,1.0000016906081077,0.00098820026317566383,1.7438840434916537e-05,4.8359441487611709e-05,1.5410686303257212e-12,1.5229242155522423e-12,1.6906081079030333e-06,2.7369132390905703e-15,2.6784790321400746e-15,2.6784717422865989e-15,2.6359865827462874e-15,2.6359283489543039e-15,2.582749167417477e-15,2.5827729160801464e-15,-2.406064347580416e-16,-2.4061320438384377e-16,-2.4047033532955471e-16,-2.4047242504419312e-16,-2.3985481093689836e-16,-2.3984800242942323e-16,-2.1089999202616937e-15,-2.1090214127212154e-15,-2.1069300189583929e-15,-2.1069300791563548e-15,-2.1000308769252625e-15,-2.099974629340691e-15,2.851425911648406e-16,2.8513930798840855e-16,2.8496323432549968e-16,2.8496922570693993e-16,2.8425723965301984e-16,2.8426129383664939e-16,-2.8285163785564147e-12,-2.8285086804501615e-12,-2.7836420724360596e-12,-2.7835805766595328e-12,-2.7274212442876418e-12,-2.7274463232307826e-12,-2.5408145111892373e-13,-2.5408859987371347e-13,-2.5393770048015675e-13,-2.5393990722773861e-13,-2.5328767546544782e-13,-2.5328048565331932e-13,-2.2271879938352983e-12,-2.227210690736667e-12,-2.2249997222461737e-12,-2.2249997858312073e-12,-2.2177116609254556e-12,-2.2176522613571434e-12,3.0110939339148664e-13,3.0110592637049781e-13,3.0092002348609445e-13,3.0092635036068621e-13,3.0017452544161449e-13,3.0017880664355537e-13,1.7824156365066586,0.0095213124987854041,0.99999585926728196,1.0000399359780605,1.5921881435309065e-05
198,4.0326285080410409e-07,0.99999585446617512,1.000039932801901,1.0000016972742236,0.00098510154898045674,1.7384157204788695e-05,4.8473439186478548e-05,1.5410686405986457e-12,1.522924225597172e-12,1.697274223621431e-06,2.7369132390905703e-15,2.6785751088522223e-15,2.6785678172325068e-15,2.6361821102361918e-15,2.6361238714100924e-15,2.5830432867398352e-15,2.5830670380384363e-15,-2.398559463232809e-16,-2.3986269713461237e-16,-2.3972108326474309e-16,-2.3972316805194892e-16,-2.3910879352716541e-16,-2.3910200483637695e-16,-2.102532026448302e-15,-2.1025534701713102e-15,-2.1004836094530168e-15,-2.1004836724615914e-15,-2.0936318273200823e-15,-2.0935757437272747e-15,2.8425091381992726e-16,2.8424764377066935e-16,2.840735460506476e-16,2.8407952068077095e-16,2.833723540082548e-16,2.8337639685661292e-16,-2.8286179312895128e-12,-2.8286102313178558e-12,-2.783848645101012e-12,-2.7837871440063537e-12,-2.7277319293340399e-12,-2.7277570110616092e-12,-2.5328893211860913e-13,-2.5329606100523353e-13,-2.5314648725266374e-13,-2.5314868879685591e-13,-2.5249987820528965e-13,-2.5249270931965641e-13,-2.220357646554394e-12,-2.2203802919880821e-12,-2.2181920760725304e-12,-2.2181921426255943e-12,-2.2109540409129184e-12,-2.2108948145256535e-12,3.0016778573785872e-13,3.0016433257911297e-13,2.9998051611756984e-13,2.9998682530283621e-13,2.9924008947194546e-13,2.9924435870387913e-13,1.7799655185744701,0.009492201910332506,0.99999585961462845,1.000039932801901,1.5871804479792865e-05
199,4.0529953186877126e-07,0.9999958548248794,1.0000399296572506,1.0000017039316442,0.00098203325275998525,1.7330010762827724e-05,4.8587071778564904e-05,1.5410686508581706e-12,1.5229242356291929e-12,1.7039316443991043e-06,2.7369132390905703e-15,2.678669883557826e-15,2.6786625902039619e-15,2.6363752262669581e-15,2.6363169824744357e-15,2.5833339502783458e-15,2.5833577041747689e-15,-2.3911211953898403e-16,-2.391188516792867e-16,-2.3897839769495616e-16,-2.3898047757845587e-16,-2.3836918552168852e-16,-2.3836241649313181e-16,-2.0961248573101012e-15,-2.0961462526530065e-15,-2.0940981766941464e-15,-2.0940982424239197e-15,-2.087294233418711e-15,-2.0872383123349422e-15,2.8336696268398505e-16,2.8336370562711337e-16,2.8319164814113597e-16,2.8319760615468646e-16,2.8249534638417982e-16,2.8249937799088104e-16,-2.82871810890934e-12,-2.8287104071061392e-12,-2.7840526710644608e-12,-2.7839911647231432e-12,-2.7280389648683938e-12,-2.7280640493401372e-12,-2.5250344784950303e-13,-2.5251055701944303e-13,-2.5236220827024053e-13,-2.5236440463609945e-13,-2.5171884930017522e-13,-2.5171170117793409e-13,-2.2135914268651264e-12,-2.213614021207529e-12,-2.2114488235411191e-12,-2.2114488929677842e-12,-2.204261320193611e-12,-2.2042022654215691e-12,2.992343369298689e-13,2.992308974910371e-13,2.9904923534534479e-13,2.9905552698357399e-13,2.9831397266404714e-13,2.983182300248333e-13,1.7775391400375704,0.0094612298427168701,0.99999585995892126,1.0000399296572506,1.5822205447943897e-05
200,4.0733621293343848e-07,0.9999958551804673,1.0000399265436071,1.0000017105804537,0.00097899514715061469,1.7276397096731357e-05,4.8700342038837491e-05,1.541068661104425e-12,1.5229242456484304e-12,1.710580453842512e-06,2.7369132390905703e-15,2.6787650479009055e-15,2.678757752782677e-15,2.6365688950224147e-15,2.6365106462492431e-15,2.5836252512504986e-15,2.5836490077477184e-15,-2.3837483302441706e-16,-2.3838154663320867e-16,-2.382421565411627e-16,-2.3824423154354498e-16,-2.3763586526914899e-16,-2.3762911575090061e-16,-2.0897776520615632e-15,-2.0897989993831565e-15,-2.0877730781144961e-15,-2.0877731464776949e-15,-2.0810176453433301e-15,-2.080961885294228e-15,2.8249065407930743e-16,2.8248740988587791e-16,2.8231745783363189e-16,2.8232339936657329e-16,2.8162613763223957e-16,2.8163015809337237e-16,-2.8288186978173322e-12,-2.8288109941506994e-12,-2.7842572805485863e-12,-2.7841957689456169e-12,-2.7283466733879303e-12,-2.7283717606069598e-12,-2.5172487013305497e-13,-2.5173195973363924e-13,-2.515847346169653e-13,-2.5158692582834478e-13,-2.5094446028589134e-13,-2.5093733276660951e-13,-2.2068885313481557e-12,-2.2069110749781445e-12,-2.2047692860767203e-12,-2.2047693582843291e-12,-2.1976330236799594e-12,-2.1975741389660995e-12,2.9830895860420865e-13,2.9830553274911765e-13,2.9812609377167263e-13,2.9813236800644149e-13,2.9739609143735956e-13,2.9740033702846355e-13,1.7751353589433332,0.009430296144547717,0.99999586030024412,1.0000399265436071,1.5773077927985401e-05
