port,property_row,cell_index_zero_based,tree_id,normal_index_one_based,incoming_pdf_index_one_based,outgoing_storage_pdf_index_one_based,old_outgoing_pdf,replacement_incoming_equilibrium_pdf,domain_mass_delta_lattice,signed_port_mass_flow_kg_s
inlet,61526,183797,87650694,9,9,8,0.028130654601915547,0.028135738816969163,5.084215053616226e-06,1.759291341740027e-15
inlet,61526,183797,87650694,9,12,13,0.028132257553039344,0.028135729599093436,3.4720460540919873e-06,1.2014323738611348e-15
inlet,61527,183798,87650695,9,9,8,0.02813126267533689,0.028135737749374983,4.475074038091942e-06,1.5485102274068779e-15
inlet,61527,183798,87650695,9,12,13,0.028131597983350486,0.02813573366002622,4.135676675735139e-06,1.4310685309587645e-15
inlet,61528,183799,87650696,7,7,10,0.028135217510616057,0.028136607262954756,1.3897523386992294e-06,4.808961129402815e-16
inlet,61528,183799,87650696,7,11,14,0.02813528525191422,0.028136718812156975,1.4335602427535676e-06,4.960549654848365e-16
inlet,61540,183823,87650736,9,9,8,0.028129936045634803,0.028135728661314165,5.7926156793626504e-06,2.0044192669391125e-15
inlet,61540,183823,87650736,9,12,13,0.028133460262772053,0.02813575350708652,2.2932443144683956e-06,7.935315135950442e-16
inlet,61543,183826,87650743,3,7,10,0.02813548758792471,0.02813608533985602,5.977519313103696e-07,2.0684014861148174e-16
inlet,61543,183826,87650743,3,9,8,0.02812982095254623,0.028136056475309593,6.235522763364115e-06,2.1576784406487062e-15
inlet,61544,183827,87650744,3,7,10,0.028135852655529897,0.028136480516062885,6.278605329881892e-07,2.1725863045874577e-16
inlet,61544,183827,87650744,3,9,8,0.028129653655731515,0.028136456361589752,6.802705858236641e-06,2.3539408523420937e-15
inlet,61547,183832,87650749,3,7,10,0.028135690291286024,0.02813631194088273,6.21649596705548e-07,2.1510945967998852e-16
inlet,61547,183832,87650749,3,9,8,0.028130393886955606,0.028136254241320546,5.8603543649400625e-06,2.0278588897285593e-15
inlet,61548,183833,87650750,7,7,10,0.0281354727415363,0.02813708995583362,1.6172142973218395e-06,5.5960479267942e-16
inlet,61548,183833,87650750,7,11,14,0.02813512416311616,0.028137657319156694,2.5331560405336684e-06,8.765481873583486e-16
inlet,61549,183834,87650751,3,3,6,0.05626110180722403,0.05627591210488934,1.4810297665306116e-05,5.124808485949689e-15
inlet,61549,183834,87650751,3,7,10,0.02813575367191122,0.02813738709866328,1.6334267520581869e-06,5.652147896888346e-16
inlet,61549,183834,87650751,3,11,14,0.028135254198001343,0.028137900159486227,2.645961484883802e-06,9.15582264291261e-16
inlet,61550,183835,87650752,3,3,6,0.056260122760034295,0.05627548297802704,1.5360217992747838e-05,5.3150974608479746e-15
inlet,61550,183835,87650752,3,7,10,0.02813506754468862,0.028137527768389996,2.4602237013761352e-06,8.513114042050803e-16
inlet,61550,183835,87650752,3,11,14,0.028134642930071355,0.028138045733791153,3.4028037197986194e-06,1.177472443386214e-15
inlet,61550,183835,87650752,3,12,13,0.028132211911318435,0.028137437247525272,5.2253362068377385e-06,1.8081235056789592e-15
inlet,61551,183840,87650757,3,3,6,0.056260933933955995,0.05627576577369237,1.4831839736377528e-05,5.1322626905258955e-15
inlet,61551,183840,87650757,3,7,10,0.02813566042773055,0.02813730406725936,1.6436395288109418e-06,5.687487176456125e-16
inlet,61551,183840,87650757,3,11,14,0.028134664446310752,0.028138199907500414,3.5354611896618038e-06,1.2233759182955693e-15
inlet,61552,183841,87650758,3,3,6,0.05626077440065212,0.05627633038824295,1.555598759082899e-05,5.382839630533563e-15
inlet,61552,183841,87650758,3,7,10,0.0281358432349227,0.028137506377029272,1.6631421065720076e-06,5.754971961884804e-16
inlet,61552,183841,87650758,3,11,14,0.02813417483584953,0.028138469995395456,4.2951595459264635e-06,1.486254401289698e-15
inlet,61552,183841,87650758,3,12,13,0.028133567372991608,0.028137860396148826,4.293023157218162e-06,1.4855151465340534e-15
inlet,61553,183842,87650759,3,3,6,0.056259687215985614,0.05627707743915306,1.739022316744887e-05,6.017540313850187e-15
inlet,61553,183842,87650759,3,7,10,0.028135428753335395,0.02813828658670231,2.857833366915613e-06,9.888963085804791e-16
inlet,61553,183842,87650759,3,9,8,0.02812951627622431,0.028138790854709734,9.274578485422846e-06,3.2092831352771467e-15
inlet,61553,183842,87650759,3,11,14,0.028134109324849152,0.028138399418836325,4.290093987172755e-06,1.4845015655889076e-15
inlet,61553,183842,87650759,3,12,13,0.028132600415570554,0.02813867802100628,6.0776054357260245e-06,2.1030342951327114e-15
inlet,61554,183843,87650760,3,3,6,0.05625951994418259,0.056277368206059476,1.7848261876889093e-05,6.1760354851208836e-15
inlet,61554,183843,87650760,3,7,10,0.02813554478614797,0.028138367701227674,2.8229150797025315e-06,9.768135308626734e-16
inlet,61554,183843,87650760,3,9,8,0.028129428120343018,0.028139000508389155,9.572388046136249e-06,3.3123342013955702e-15
inlet,61554,183843,87650760,3,11,14,0.028133571732224288,0.028138648378264332,5.076646040044069e-06,1.7566722353681328e-15
inlet,61554,183843,87650760,3,12,13,0.028133111424011915,0.028138719827840494,5.608403828578912e-06,1.9406764254754674e-15
inlet,61570,183877,87650798,9,9,8,0.02813195058761917,0.028135731118508787,3.7805308896153578e-06,1.3081774061760736e-15
inlet,61570,183877,87650798,9,12,13,0.028130913630062246,0.028135748388614386,4.8347585521399394e-06,1.6729718885776675e-15
inlet,61571,183878,87650799,9,9,8,0.0281325764277024,0.02813631407283319,3.737645130789252e-06,1.2933376436186155e-15
inlet,61571,183878,87650799,9,12,13,0.028130221514150427,0.028136303129000218,6.0816148497906675e-06,2.104421673002253e-15
inlet,61572,183879,87650800,7,7,10,0.028135377935302727,0.028136904632268447,1.5266969657194707e-06,5.282830731836657e-16
inlet,61572,183879,87650800,7,11,14,0.028135207078828266,0.02813656665725296,1.3595784246929477e-06,4.704550310627747e-16
inlet,61574,183884,87650805,7,7,10,0.02813527708110653,0.02813670634418255,1.4292630760200098e-06,4.945680165362501e-16
inlet,61574,183884,87650805,7,11,14,0.028135239137557114,0.02813662884616158,1.389708604464246e-06,4.808809795794514e-16
inlet,61575,183885,87650806,3,3,6,0.0562604227943104,0.05627577949251683,1.5356698206431263e-05,5.313879508907267e-15
inlet,61575,183885,87650806,3,7,10,0.028135151832500753,0.0281377590239418,2.607191441048734e-06,9.021666629214087e-16
inlet,61575,183885,87650806,3,11,14,0.028135161000665744,0.028137768188849586,2.60718818384173e-06,9.021655358298085e-16
inlet,61576,183886,87650807,3,3,6,0.05626031992540349,0.05627591588365418,1.5595958250687325e-05,5.396670681161996e-15
inlet,61576,183886,87650807,3,7,10,0.028135211103468942,0.028137884329696463,2.673226227521003e-06,9.250166853671909e-16
inlet,61576,183886,87650807,3,11,14,0.02813517940770157,0.02813768357324989,2.5041655483185044e-06,8.66516605017896e-16
inlet,61577,183887,87650808,3,3,6,0.05625918225882644,0.05627615504184696,1.6972783020520466e-05,5.873093466413339e-15
inlet,61577,183887,87650808,3,7,10,0.028134683608486345,0.02813840718347954,3.7235749931960327e-06,1.2884689527816228e-15
inlet,61577,183887,87650808,3,9,8,0.028130811334514495,0.028137747862229286,6.9365277147910576e-06,2.400247240071367e-15
inlet,61577,183887,87650808,3,11,14,0.02813456011837519,0.028137885433219996,3.325314844804944e-06,1.1506589617730424e-15
inlet,61577,183887,87650808,3,12,13,0.028130299441849256,0.028138269609938156,7.970168088899943e-06,2.7579179014154946e-15
inlet,61580,183892,87650813,3,11,14,0.02813612849017149,0.028136851256412482,7.227662409924063e-07,2.5009886019190163e-16
inlet,61580,183892,87650813,3,12,13,0.02812996383476744,0.02813685640970312,6.892574935680323e-06,2.3850382563994575e-15
inlet,61581,183893,87650814,3,3,6,0.056261078980503414,0.05627614365096119,1.5064670457774765e-05,5.212829123677439e-15
inlet,61581,183893,87650814,3,7,10,0.02813530324060884,0.028138060124053867,2.7568834450285296e-06,9.539645990338978e-16
inlet,61581,183893,87650814,3,11,14,0.028135771846458584,0.028137366270369134,1.5944239105496194e-06,5.517186333213977e-16
inlet,61582,183894,87650815,3,11,14,0.0281356083004351,0.02813620222602864,5.93925593539435e-07,2.0551612064649818e-16
inlet,61582,183894,87650815,3,12,13,0.028129989847426633,0.028136162309320544,6.172461893910741e-06,2.1358574829468854e-15
inlet,61583,183895,87650816,3,3,6,0.05626084369569423,0.05627575459917739,1.4910903483163207e-05,5.159621125151243e-15
inlet,61583,183895,87650816,3,7,10,0.028134684858903344,0.02813815479153458,3.4699326312351286e-06,1.2007010659809022e-15
inlet,61583,183895,87650816,3,9,8,0.028132719415131787,0.028137599810379128,4.880395247340574e-06,1.6887635578688789e-15
inlet,61583,183895,87650816,3,11,14,0.02813570196762502,0.02813728689997756,1.5849323525378434e-06,5.484342687432582e-16
inlet,61584,183900,87650821,3,3,6,0.05625993942780845,0.05627574530661456,1.5805878806111895e-05,5.469309507749204e-15
inlet,61584,183900,87650821,3,7,10,0.028134637416469415,0.028138167366296426,3.5299498270108254e-06,1.2214688210365422e-15
inlet,61584,183900,87650821,3,9,8,0.028131745111558745,0.02813757794340462,5.832831845874187e-06,2.0183352702543927e-15
inlet,61584,183900,87650821,3,11,14,0.02813522329910497,0.028137565525552896,2.3422264479253108e-06,8.104808051537112e-16
inlet,61584,183900,87650821,3,12,13,0.028129980632662463,0.028138179784413738,8.199151751275141e-06,2.8371531364258773e-15
inlet,61585,183901,87650822,3,3,6,0.056258586354368964,0.056278653952274986,2.0067597906021917e-05,6.943992508828597e-15
inlet,61585,183901,87650822,3,7,10,0.028134149461724687,0.028139079710110246,4.930248385558861e-06,1.7060142432748037e-15
inlet,61585,183901,87650822,3,9,8,0.028131049009953203,0.02813957424433722,8.525234384017949e-06,2.949987535920482e-15
inlet,61585,183901,87650822,3,11,14,0.028134923899909146,0.02813894542844478,4.0215285356352826e-06,1.3915698409081598e-15
inlet,61585,183901,87650822,3,12,13,0.028130035062034178,0.028139708529003035,9.673466968857652e-06,3.3473105491111713e-15
inlet,61586,183902,87650823,3,3,6,0.05625955299784174,0.056277336127167656,1.7783129325918412e-05,6.153497663297895e-15
inlet,61586,183902,87650823,3,7,10,0.028134089938369355,0.028138465997916022,4.376059546666589e-06,1.5142482350178036e-15
inlet,61586,183902,87650823,3,9,8,0.02813211206905604,0.02813887013070252,6.7580616464821275e-06,2.3384926121771427e-15
inlet,61586,183902,87650823,3,11,14,0.028135537003808907,0.0281384173859505,2.8803821415929187e-06,9.966988628859691e-16
inlet,61586,183902,87650823,3,12,13,0.0281297686879924,0.02813891874345012,9.150055457721185e-06,3.1661944220396984e-15
inlet,61587,183903,87650824,3,3,6,0.05625822971419496,0.05627920358475867,2.0973870563711916e-05,7.25759010907088e-15
inlet,61587,183903,87650824,3,7,10,0.028133531453802624,0.028139396659725938,5.865205923313854e-06,2.029537674860767e-15
inlet,61587,183903,87650824,3,9,8,0.028131422347749964,0.028139806926527892,8.38457877792853e-06,2.901316465292912e-15
inlet,61587,183903,87650824,3,11,14,0.028134916768411813,0.028139108925534773,4.19215712296056e-06,1.4506124646306126e-15
inlet,61587,183903,87650824,3,12,13,0.028129889308031057,0.028140094667855338,1.0205359824280724e-05,3.5313614764246453e-15
inlet,61588,183940,87650861,3,3,6,0.05625992691633812,0.05627545535209441,1.5528435756292924e-05,5.3733058670249015e-15
inlet,61588,183940,87650861,3,7,10,0.028135184191921098,0.028137547956607847,2.363764686749703e-06,8.179336836571748e-16
inlet,61588,183940,87650861,3,9,8,0.02813041630111202,0.02813790739663436,7.491095522341867e-06,2.5921443828835986e-15
inlet,61588,183940,87650861,3,11,14,0.0281345992833602,0.028137986330805415,3.3870474452149524e-06,1.1720202984315258e-15
inlet,61588,183940,87650861,3,12,13,0.028131225680976868,0.028137469023666446,6.24334268957763e-06,2.1603843703419627e-15
inlet,61589,183941,87650862,3,3,6,0.056258828132586106,0.056276981390488055,1.8153257901949715e-05,6.281573284072293e-15
inlet,61589,183941,87650862,3,7,10,0.028134782963338274,0.028138798759629238,4.015796290963297e-06,1.3895863118257332e-15
inlet,61589,183941,87650862,3,9,8,0.028129775824197033,0.02813818263423113,8.406810034097822e-06,2.9090091486436725e-15
inlet,61589,183941,87650862,3,11,14,0.02813402370474897,0.02813828853109408,4.264826345110745e-06,1.4757582013847787e-15
inlet,61589,183941,87650862,3,12,13,0.028131475842237536,0.028138692860846286,7.217018608750292e-06,2.4973055265473526e-15
inlet,61590,183942,87650863,3,3,6,0.05625850924146039,0.056278556546627376,2.0047305166984164e-05,6.9369706107159444e-15
inlet,61590,183942,87650863,3,7,10,0.028134917001933994,0.028138998980757262,4.081978823268495e-06,1.4124874587739033e-15
inlet,61590,183942,87650863,3,9,8,0.0281305490685564,0.028139557568641827,9.00850008542578e-06,3.11721200523989e-15
inlet,61590,183942,87650863,3,11,14,0.0281341906352896,0.02813904348925328,4.852853963680653e-06,1.6792334452807337e-15
inlet,61590,183942,87650863,3,12,13,0.028130451796413894,0.02813951305933279,9.061262918896168e-06,3.135469532726675e-15
inlet,61591,183943,87650864,3,3,6,0.05625743256342607,0.05627987920680365,2.2446643377575792e-05,7.767213803674023e-15
inlet,61591,183943,87650864,3,7,10,0.028134179496223075,0.02813954426137326,5.364765150183554e-06,1.856370114099227e-15
inlet,61591,183943,87650864,3,9,8,0.02812985584347693,0.028140334950983777,1.0479107506847912e-05,3.626086408923184e-15
inlet,61591,183943,87650864,3,11,14,0.028133538311285507,0.028139706213245477,6.167901959969885e-06,2.1342796086405364e-15
inlet,61591,183943,87650864,3,12,13,0.028130731004736013,0.02814017299549358,9.441990757568658e-06,3.2672128172007436e-15
inlet,61592,183948,87650869,3,3,6,0.056258359077264494,0.056278947880297144,2.058880303264926e-05,7.124345160491867e-15
inlet,61592,183948,87650869,3,7,10,0.028134887154526087,0.02813899495160815,4.107797082063269e-06,1.4214213529301198e-15
inlet,61592,183948,87650869,3,9,8,0.028129556422318885,0.028139952936841257,1.0396514522371947e-05,3.597506751897527e-15
inlet,61592,183948,87650869,3,11,14,0.02813356958738715,0.028139397146247188,5.8275588600380235e-06,2.016510658543666e-15
inlet,61592,183948,87650869,3,12,13,0.028131884918904792,0.028139550734259503,7.66581535471128e-06,2.652602700455973e-15
inlet,61593,183949,87650870,3,3,6,0.05625819581807079,0.05627918118594885,2.098536787806249e-05,7.261568525675394e-15
inlet,61593,183949,87650870,3,7,10,0.028134922075337875,0.028139073915833524,4.1518404956496224e-06,1.4366616988568787e-15
inlet,61593,183949,87650870,3,9,8,0.028129485700740052,0.02814010727960089,1.0621578860836589e-05,3.6753857829415944e-15
inlet,61593,183949,87650870,3,11,14,0.028132940221760733,0.02813952836275751,6.588140996775099e-06,2.2796949561653677e-15
inlet,61593,183949,87650870,3,12,13,0.028132389642591776,0.02813965282332894,7.263180737165226e-06,2.5132790115357424e-15
inlet,61594,183950,87650871,3,3,6,0.056257093552045626,0.05628010364712272,2.3010095077095893e-05,7.9621850403351e-15
inlet,61594,183950,87650871,3,7,10,0.02813423681730637,0.028139653098615016,5.416281308647658e-06,1.874196254533854e-15
inlet,61594,183950,87650871,3,9,8,0.028129771326812845,0.0281404505541565,1.0679227343653869e-05,3.6953338920627365e-15
inlet,61594,183950,87650871,3,11,14,0.028132888689780915,0.028139887131907897,6.998442126981974e-06,2.421671489074943e-15
inlet,61594,183950,87650871,3,12,13,0.02813117171418888,0.028140216516178543,9.0448019896619e-06,3.1297735560668667e-15
inlet,61595,183951,87650872,3,3,6,0.0562569683503132,0.05628016839663948,2.3200046326277146e-05,8.027913886285388e-15
inlet,61595,183951,87650872,3,7,10,0.028134269921319628,0.02813964079725095,5.3708759313216e-06,1.858484628185288e-15
inlet,61595,183951,87650872,3,9,8,0.028129716561933117,0.028140527606374106,1.0811044440988543e-05,3.740946572798821e-15
inlet,61595,183951,87650872,3,11,14,0.02813227890260228,0.028140036225492625,7.757322890343532e-06,2.684267060331404e-15
inlet,61595,183951,87650872,3,12,13,0.028131663463561076,0.02814013217122863,8.468707667554087e-06,2.9304275917003544e-15
inlet,61596,183956,87650877,3,3,6,0.056257993478004205,0.056279436652906856,2.1443174902650852e-05,7.419983527018268e-15
inlet,61596,183956,87650877,3,7,10,0.02813426933866746,0.02813940898825663,5.139649589171874e-06,1.778473358513111e-15
inlet,61596,183956,87650877,3,9,8,0.02813088281944512,0.028140027668050273,9.144848605154021e-06,3.164392694429335e-15
inlet,61596,183956,87650877,3,11,14,0.02813426810192018,0.028139340408887294,5.072306967113249e-06,1.7551707856147553e-15
inlet,61596,183956,87650877,3,12,13,0.02813028557172125,0.028140096249094287,9.81067737303512e-06,3.394789476245533e-15
inlet,61597,183957,87650878,3,3,6,0.056256936119498016,0.05628031724432406,2.3381124826041266e-05,8.090572494045046e-15
inlet,61597,183957,87650878,3,7,10,0.02813346627476996,0.028139822010562532,6.355735792572259e-06,2.1992757647626425e-15
inlet,61597,183957,87650878,3,9,8,0.028130180681825434,0.02814049523778743,1.0314555961996041e-05,3.5691466246939676e-15
inlet,61597,183957,87650878,3,11,14,0.02813357343871626,0.028139886996585137,6.31355786887694e-06,2.1846809344521172e-15
inlet,61597,183957,87650878,3,12,13,0.02813062317504514,0.028140430250360393,9.807075315254599e-06,3.3935430559035745e-15
inlet,61598,183958,87650879,3,3,6,0.056257639078994795,0.05627966481958969,2.2025740594892873e-05,7.621568780110029e-15
inlet,61598,183958,87650879,3,7,10,0.028133546265526763,0.028139630669660447,6.084404133684801e-06,2.1053868491312826e-15
inlet,61598,183958,87650879,3,9,8,0.028131297036859584,0.028140034151375348,8.737114515763172e-06,3.023304434858692e-15
inlet,61598,183958,87650879,3,11,14,0.02813424388864228,0.028139428687426745,5.184798784464012e-06,1.7940963381719852e-15
inlet,61598,183958,87650879,3,12,13,0.028130164560865256,0.02814023613795431,1.0071577089054012e-05,3.4850686258515275e-15
inlet,61599,183959,87650880,3,3,6,0.05625659683543807,0.05628042597310387,2.3829137665798417e-05,8.24559841282724e-15
inlet,61599,183959,87650880,3,7,10,0.028132778461372528,0.028139998948257923,7.2204868853953386e-06,2.4985056545923e-15
inlet,61599,183959,87650880,3,9,8,0.028130571599369863,0.028140427026473666,9.8554271038033e-06,3.4102742291632242e-15
inlet,61599,183959,87650880,3,11,14,0.0281335299808667,0.028139940023188457,6.410042321755571e-06,2.2180674574004665e-15
inlet,61599,183959,87650880,3,12,13,0.02813052638321699,0.02814048595256274,9.959569345751457e-06,3.4463105774759244e-15
inlet,61600,183964,87650885,3,3,6,0.05625661564358464,0.0562804674465236,2.3851802938956723e-05,8.25344127911143e-15
inlet,61600,183964,87650885,3,7,10,0.028133480504211744,0.02813989455581443,6.414051602687126e-06,2.219454789201955e-15
inlet,61600,183964,87650885,3,9,8,0.028130108389564843,0.028140572894796417,1.0464505231573551e-05,3.6210335824418145e-15
inlet,61600,183964,87650885,3,11,14,0.028132890551529947,0.028140050511612745,7.159960082797623e-06,2.4775615602472685e-15
inlet,61600,183964,87650885,3,12,13,0.028131078998515444,0.02814041693610349,9.337937588047018e-06,3.2312072906269172e-15
inlet,61601,183965,87650886,3,3,6,0.05625647415259484,0.056280539150733375,2.4064998138534355e-05,8.327213231076895e-15
inlet,61601,183965,87650886,3,7,10,0.028133507633287314,0.028139927532386696,6.419899099382315e-06,2.2214781989511904e-15
inlet,61601,183965,87650886,3,9,8,0.02813005891924472,0.02814061162250351,1.0552703258788487e-05,3.651552752854841e-15
inlet,61601,183965,87650886,3,11,14,0.028132225329258742,0.028140210755772496,7.985426513753419e-06,2.763197775388217e-15
inlet,61601,183965,87650886,3,12,13,0.02813162497522064,0.028140328395083798,8.703419863156925e-06,3.01164507152178e-15
inlet,61602,183966,87650887,3,3,6,0.05625627025786421,0.05628070537893989,2.4435121075673527e-05,8.455286900624998e-15
inlet,61602,183966,87650887,3,7,10,0.028132805255508667,0.028140139230623158,7.3339751144908816e-06,2.5377759955852894e-15
inlet,61602,183966,87650887,3,9,8,0.028130527874795107,0.028140566149935646,1.0038275140539232e-05,3.4735451499428024e-15
inlet,61602,183966,87650887,3,11,14,0.028132829538278586,0.028140180372220047,7.350833941460744e-06,2.5436096568303766e-15
inlet,61602,183966,87650887,3,12,13,0.028130994726800716,0.02814052500777484,9.53028097412309e-06,3.297763887898291e-15
inlet,61603,183967,87650888,3,3,6,0.05625612866303216,0.056280812929080735,2.4684266048576042e-05,8.541498555530053e-15
inlet,61603,183967,87650888,3,7,10,0.028132817454867245,0.028140176446350317,7.358991483071703e-06,2.5464324116066204e-15
inlet,61603,183967,87650888,3,9,8,0.028130484388839402,0.028140636484610255,1.0152095770852437e-05,3.512930511755731e-15
inlet,61603,183967,87650888,3,11,14,0.028132148717589865,0.028140327127696606,8.17841010674128e-06,2.829975903508494e-15
inlet,61603,183967,87650888,3,12,13,0.028131545379073697,0.028140485801607766,8.940422534069181e-06,3.0936551246977617e-15
inlet,61794,184800,87657837,3,11,14,0.028135683636006853,0.02813629368810846,6.100521016058624e-07,2.1109637752284473e-16
inlet,61794,184800,87657837,3,12,13,0.028129869180279807,0.02813625149215569,6.38231187588198e-06,2.2084718889963917e-15
inlet,61795,184801,87657838,3,3,6,0.05626061477274346,0.056277118355036106,1.6503582292645702e-05,5.710735901010776e-15
inlet,61795,184801,87657838,3,7,10,0.02813418030022735,0.028138454670768562,4.2743705412108535e-06,1.479060780324835e-15
inlet,61795,184801,87657838,3,9,8,0.02813319468252566,0.02813866368465564,5.469002129977751e-06,1.892439244556372e-15
inlet,61795,184801,87657838,3,11,14,0.028136074073130755,0.028137943333977296,1.869260846540377e-06,6.468204802692344e-16
inlet,61796,184802,87657839,3,11,14,0.028136011930933527,0.02813667545609851,6.63525164982387e-07,2.295996659208686e-16
inlet,61796,184802,87657839,3,12,13,0.028129733620465176,0.028136643047124897,6.90942665972083e-06,2.3908694598173316e-15
inlet,61797,184803,87657840,3,3,6,0.05626052585644398,0.056277330719060194,1.6804862616216776e-05,5.814987955478501e-15
inlet,61797,184803,87657840,3,7,10,0.028133684581796138,0.028138667824068396,4.983242272257882e-06,1.7243517221287768e-15
inlet,61797,184803,87657840,3,9,8,0.028133685802579186,0.028138662894992016,4.977092412830619e-06,1.7222236857791724e-15
inlet,61797,184803,87657840,3,11,14,0.02813612676272782,0.028137976163795184,1.8494010673650307e-06,6.39948399292407e-16
inlet,61798,184808,87657845,3,3,6,0.056259385395660104,0.0562774178127045,1.8032417044393234e-05,6.239758712464755e-15
inlet,61798,184808,87657845,3,7,10,0.028133535547089514,0.028138598144884674,5.062597795160717e-06,1.7518111200672868e-15
inlet,61798,184808,87657845,3,9,8,0.028132552423233995,0.028138819668255755,6.267245021760598e-06,2.1686552962594216e-15
inlet,61798,184808,87657845,3,11,14,0.028135555467254093,0.0281384392343408,2.8837670867087883e-06,9.97870155715209e-16
inlet,61798,184808,87657845,3,12,13,0.028129698661940275,0.028138978580947854,9.279919007579296e-06,3.2111311165861847e-15
inlet,61799,184809,87657846,3,3,6,0.05625804382216581,0.05627923628235013,2.1192460184324413e-05,7.333228692978592e-15
inlet,61799,184809,87657846,3,7,10,0.02813289485008732,0.028139531516134308,6.636666046989231e-06,2.2964860831729677e-15
inlet,61799,184809,87657846,3,9,8,0.02813188637941698,0.02813970476648246,7.818387065480076e-06,2.7053971017390362e-15
inlet,61799,184809,87657846,3,11,14,0.028134931902432457,0.028139101081745273,4.169179312816379e-06,1.4426614511481969e-15
inlet,61799,184809,87657846,3,12,13,0.028129826363600337,0.02814013521010444,1.0308846504103464e-05,3.567170980522642e-15
inlet,61800,184810,87657847,3,3,6,0.056259307897804575,0.056277501917928914,1.819402012433885e-05,6.295678239146583e-15
inlet,61800,184810,87657847,3,7,10,0.02813300956928045,0.02813877916667367,5.7695973932209155e-06,1.996454247544025e-15
inlet,61800,184810,87657847,3,9,8,0.028133029190908557,0.02813872275128353,5.693560374973178e-06,1.970143152036799e-15
inlet,61800,184810,87657847,3,11,14,0.028135592055183643,0.02813839856825955,2.806513075905709e-06,9.711379441766986e-16
inlet,61800,184810,87657847,3,12,13,0.028129656016154986,0.028139103354082,9.447337927011995e-06,3.269063098670995e-15
inlet,61801,184811,87657848,3,3,6,0.05625797189361233,0.056279217911178306,2.1246017565978992e-05,7.351761158037117e-15
inlet,61801,184811,87657848,3,7,10,0.028132357918936746,0.028139620588319512,7.26266938276543e-06,2.5131020675318725e-15
inlet,61801,184811,87657848,3,9,8,0.028132387286768406,0.02813959732286361,7.2100360952037645e-06,2.4948893668262464e-15
inlet,61801,184811,87657848,3,11,14,0.02813499269457226,0.02813909349455202,4.100799979762926e-06,1.4190001450613637e-15
inlet,61801,184811,87657848,3,12,13,0.028129791312139937,0.028140124426067236,1.0333113927299409e-05,3.575568238912529e-15
inlet,61804,184816,87657853,3,11,14,0.028135808673698318,0.028136445740595047,6.370668967289883e-07,2.204443092404836e-16
inlet,61804,184816,87657853,3,12,13,0.028129795958767002,0.02813638699822931,6.5910394623086566e-06,2.2806979124258216e-15
inlet,61805,184817,87657854,3,3,6,0.05626059444399571,0.056277200563765374,1.660611976966181e-05,5.746216952385658e-15
inlet,61805,184817,87657854,3,7,10,0.028133186549720506,0.02813872043375985,5.533884039343739e-06,1.9148903368448374e-15
inlet,61805,184817,87657854,3,9,8,0.028134184692327743,0.028138480130518524,4.295438190780182e-06,1.4863508207907219e-15
inlet,61805,184817,87657854,3,11,14,0.02813608198824154,0.02813794872793124,1.8667396896980548e-06,6.459480841653932e-16
inlet,61806,184818,87657855,3,11,14,0.028135974097198882,0.02813663419065125,6.600934523669222e-07,2.284121901300023e-16
inlet,61806,184818,87657855,3,12,13,0.02812990605575833,0.028136612504106817,6.706448348485494e-06,2.3206328585423037e-15
inlet,61807,184819,87657856,3,3,6,0.05626082804489117,0.05627587955256981,1.5051507678637277e-05,5.208274406159472e-15
inlet,61807,184819,87657856,3,7,10,0.028132710813672863,0.028137643723486438,4.932909813574332e-06,1.7069351774239114e-15
inlet,61807,184819,87657856,3,9,8,0.028134715435099197,0.028138235832198034,3.520397098836364e-06,1.2181632897421151e-15
inlet,61807,184819,87657856,3,11,14,0.02813572863842431,0.028137291912815852,1.563274391543773e-06,5.409399627678432e-16
inlet,61808,184824,87657861,3,3,6,0.05625935576885941,0.056277562211242964,1.820644238355318e-05,6.299976714496297e-15
inlet,61808,184824,87657861,3,7,10,0.028132534886668885,0.028138914251627695,6.379364958810502e-06,2.2074521670463947e-15
inlet,61808,184824,87657861,3,9,8,0.028133564890974294,0.028138647960245202,5.083069270907931e-06,1.7588948664578132e-15
inlet,61808,184824,87657861,3,11,14,0.028135609554296538,0.02813844304432642,2.833490029881952e-06,9.804727817192543e-16
inlet,61808,184824,87657861,3,12,13,0.028129680557974848,0.028139119170977587,9.438613002739349e-06,3.2660440124269375e-15
inlet,61809,184825,87657862,3,3,6,0.05625802799951748,0.05627920742792819,2.1179428410712797e-05,7.328719307313222e-15
inlet,61809,184825,87657862,3,7,10,0.028131852180263265,0.02813971718735182,7.865007088554699e-06,2.7215290320531498e-15
inlet,61809,184825,87657862,3,9,8,0.02813295595016123,0.02813949024103389,6.534290872661774e-06,2.261061193410424e-15
inlet,61809,184825,87657862,3,11,14,0.02813497825467548,0.028139094730142023,4.1164754665430625e-06,1.4244243350059334e-15
inlet,61809,184825,87657862,3,12,13,0.028129819054747787,0.028140112706991356,1.0293652243569679e-05,3.5619133093345956e-15
inlet,61810,184826,87657863,3,3,6,0.0562595380356421,0.05627741612314131,1.7878087499215156e-05,6.186356047600421e-15
inlet,61810,184826,87657863,3,7,10,0.028132093717082127,0.02813891362716805,6.819910085924946e-06,2.359894032625416e-15
inlet,61810,184826,87657863,3,9,8,0.028134124218940255,0.028138502497474835,4.378278534580143e-06,1.51501607158305e-15
inlet,61810,184826,87657863,3,11,14,0.02813554755387518,0.02813839781278166,2.850258906481745e-06,9.862753174305909e-16
inlet,61810,184826,87657863,3,12,13,0.028129766383924254,0.028139018313780004,9.251929855749741e-06,3.201446028139472e-15
inlet,61811,184827,87657864,3,3,6,0.05625820682401537,0.05627908893578015,2.0882111764784772e-05,7.225838804537417e-15
inlet,61811,184827,87657864,3,7,10,0.028131409538095314,0.02813974713744718,8.3375993518639e-06,2.8850601707334138e-15
inlet,61811,184827,87657864,3,9,8,0.02813356352411186,0.02813934179979243,5.778275680570072e-06,1.9994571960097168e-15
inlet,61811,184827,87657864,3,11,14,0.028134951218806933,0.028139044027381276,4.092808574343576e-06,1.4162348784047937e-15
inlet,61811,184827,87657864,3,12,13,0.028129897609619623,0.028140044917297668,1.0147307678044781e-05,3.5112736876184503e-15
inlet,61812,184864,87657901,3,3,6,0.056257452050972545,0.05627977210286951,2.2320051896965176e-05,7.723409343511012e-15
inlet,61812,184864,87657901,3,7,10,0.02813292064269508,0.02813978021141255,6.859568717470371e-06,2.3736171120717702e-15
inlet,61812,184864,87657901,3,9,8,0.028131793775374076,0.028139991891854975,8.19811648089877e-06,2.8367949017347205e-15
inlet,61812,184864,87657901,3,11,14,0.0281342630977187,0.028139468749642228,5.205651923526761e-06,1.8013121515501193e-15
inlet,61812,184864,87657901,3,12,13,0.028130117062051634,0.028140303359414764,1.0186297363129482e-05,3.524765291467484e-15
inlet,61813,184865,87657902,3,3,6,0.05625640416798089,0.05628054222464187,2.41380566609814e-05,8.352493677443928e-15
inlet,61813,184865,87657902,3,7,10,0.028132155444604193,0.028140168424996448,8.012980392255176e-06,2.77273224617049e-15
inlet,61813,184865,87657902,3,9,8,0.028131035363414502,0.02814037380002008,9.338436605579176e-06,3.231379965703491e-15
inlet,61813,184865,87657902,3,11,14,0.02813351612391534,0.0281399911336674,6.475009752059113e-06,2.2405481425057954e-15
inlet,61813,184865,87657902,3,12,13,0.028130482709229583,0.02814055109375963,1.0068384530045188e-05,3.483963904402299e-15
inlet,61814,184866,87657903,3,3,6,0.05625737849988575,0.0562797869561383,2.2408456252551168e-05,7.753999909746781e-15
inlet,61814,184866,87657903,3,7,10,0.02813231223454482,0.028139899501142943,7.587266598121922e-06,2.625422467929457e-15
inlet,61814,184866,87657903,3,9,8,0.028132338535483047,0.028139887454996654,7.5489195136072e-06,2.6121532232070606e-15
inlet,61814,184866,87657903,3,11,14,0.028134289315117196,0.02813946674442192,5.177429304722286e-06,1.7915462765073972e-15
inlet,61814,184866,87657903,3,12,13,0.02813007915078404,0.028140320218186736,1.0241067402695647e-05,3.5437173726401676e-15
inlet,61815,184867,87657904,3,3,6,0.05625633919955279,0.056280589229025665,2.4250029472872026e-05,8.391239638500265e-15
inlet,61815,184867,87657904,3,7,10,0.028131575068175343,0.028140281334609794,8.706266434451576e-06,3.012630070814594e-15
inlet,61815,184867,87657904,3,9,8,0.028131551390180393,0.028140307894422133,8.756504241740765e-06,3.0300138632898965e-15
inlet,61815,184867,87657904,3,11,14,0.02813353750936666,0.028139983236838768,6.445727472107615e-06,2.230415592831596e-15
inlet,61815,184867,87657904,3,12,13,0.028130450214087194,0.028140605995631778,1.0155781544583797e-05,3.514205900334855e-15
inlet,61816,184872,87657909,3,3,6,0.05625608235830007,0.056280847263176545,2.476490487647587e-05,8.569402015599335e-15
inlet,61816,184872,87657909,3,7,10,0.02813213947675708,0.02814031961995346,8.180143196381828e-06,2.8305756046554602e-15
inlet,61816,184872,87657909,3,9,8,0.028130996391449677,0.028140527643607464,9.531252157787828e-06,3.2980999466594952e-15
inlet,61816,184872,87657909,3,11,14,0.028132808984269488,0.028140235968597962,7.426984328474245e-06,2.5699599813406897e-15
inlet,61816,184872,87657909,3,12,13,0.028130965355682876,0.028140611295829857,9.645940146980198e-06,3.33778544073477e-15
inlet,61817,184873,87657910,3,3,6,0.05625593868673744,0.056280962341001585,2.502365426414188e-05,8.658937086913358e-15
inlet,61817,184873,87657910,3,7,10,0.028132129305724094,0.028140359488153344,8.230182429250221e-06,2.8478906844080487e-15
inlet,61817,184873,87657910,3,9,8,0.028130958903079283,0.02814060285337431,9.643950295026849e-06,3.3370968921041645e-15
inlet,61817,184873,87657910,3,11,14,0.028132118184188377,0.02814043010432677,8.311920138392992e-06,2.8761743904417384e-15
inlet,61817,184873,87657910,3,12,13,0.02813152299954169,0.028140532236767463,9.009237225771072e-06,3.1174670779725426e-15
inlet,61818,184874,87657911,3,3,6,0.05625601490531198,0.05628091087476309,2.489596945111361e-05,8.614754300846399e-15
inlet,61818,184874,87657911,3,7,10,0.028131545460917926,0.028140450987263765,8.905526345838466e-06,3.0815799938925922e-15
inlet,61818,184874,87657911,3,9,8,0.028131547775081492,0.028140459887500028,8.912112418536094e-06,3.0838589731550387e-15
inlet,61818,184874,87657911,3,11,14,0.02813282376223917,0.02814026671358475,7.442951345582038e-06,2.5754850495478605e-15
inlet,61818,184874,87657911,3,12,13,0.028130925806099116,0.02814064416244379,9.718356344674828e-06,3.3628436234163386e-15
inlet,61819,184875,87657912,3,3,6,0.05625587523326129,0.05628102827801436,2.5153044753069287e-05,8.703710088148147e-15
inlet,61819,184875,87657912,3,7,10,0.028131535377992387,0.028140503174799235,8.967796806848283e-06,3.103127446497456e-15
inlet,61819,184875,87657912,3,9,8,0.028131518390651773,0.028140525103219394,9.006712567621866e-06,3.1165934703112003e-15
inlet,61819,184875,87657912,3,11,14,0.02813212823072076,0.02814042992407003,8.301693349269113e-06,2.8726356137830595e-15
inlet,61819,184875,87657912,3,12,13,0.02813149870600933,0.028140598354196297,9.099648186967901e-06,3.148751990108358e-15
inlet,61820,184880,87657917,3,3,6,0.056257450615986,0.05627974537532444,2.229475933843844e-05,7.714657357460602e-15
inlet,61820,184880,87657917,3,7,10,0.028131778979503006,0.028139997979521665,8.219000018658967e-06,2.8440212339765644e-15
inlet,61820,184880,87657917,3,9,8,0.0281329576492939,0.02813974739636054,6.7897470666412885e-06,2.3494567206496505e-15
inlet,61820,184880,87657917,3,11,14,0.028134292750102954,0.028139449277697813,5.156527594859378e-06,1.7843136561713982e-15
inlet,61820,184880,87657917,3,12,13,0.028130104634395626,0.028140296103996588,1.0191469600961955e-05,3.526555041338434e-15
inlet,61821,184881,87657918,3,3,6,0.05625640968824335,0.05628053828531064,2.4128597067289703e-05,8.349220373482023e-15
inlet,61821,184881,87657918,3,7,10,0.028131049891552243,0.028140339799392965,9.289907840721867e-06,3.2145875533176154e-15
inlet,61821,184881,87657918,3,9,8,0.028132142246530555,0.028140198486095065,8.056239564509932e-06,2.7877012210065373e-15
inlet,61821,184881,87657918,3,11,14,0.02813354306510024,0.028139976157065233,6.433091964991311e-06,2.2260433272933007e-15
inlet,61821,184881,87657918,3,12,13,0.028130469205765365,0.02814056213129537,1.0092925530006541e-05,3.4924558285822062e-15
inlet,61822,184882,87657919,3,3,6,0.05625765265445165,0.0562796202040928,2.1967549641149775e-05,7.60143295973103e-15
inlet,61822,184882,87657919,3,7,10,0.028131278617171806,0.02814004925170324,8.770634531432564e-06,3.034903368562373e-15
inlet,61822,184882,87657919,3,9,8,0.0281335960394118,0.028139570954421666,5.974915009865356e-06,2.0675003188569103e-15
inlet,61822,184882,87657919,3,11,14,0.02813429096495367,0.02813942086752036,5.129902566691075e-06,1.775100595544318e-15
inlet,61822,184882,87657919,3,12,13,0.028130176639041125,0.02814019934195562,1.0022702914495862e-05,3.4681566913192367e-15
inlet,61823,184883,87657920,3,3,6,0.05625661777306691,0.056280412941921654,2.3795168854742754e-05,8.233844182420145e-15
inlet,61823,184883,87657920,3,7,10,0.028130590271647493,0.028140399334209285,9.809062561792065e-06,3.3942307029819134e-15
inlet,61823,184883,87657920,3,9,8,0.028132767325065495,0.028140013609033954,7.246283968458805e-06,2.507432221308518e-15
inlet,61823,184883,87657920,3,11,14,0.028133561053188434,0.028139920203684627,6.359150496192817e-06,2.2004573549296403e-15
inlet,61823,184883,87657920,3,12,13,0.028130533990053615,0.028140492741148722,9.958751095107132e-06,3.446027438140009e-15
inlet,61824,184888,87657925,3,3,6,0.05625608881880153,0.0562808473435164,2.4758524714868502e-05,8.567194287767926e-15
inlet,61824,184888,87657925,3,7,10,0.028130993590480876,0.028140526333203613,9.532742722737075e-06,3.2986157269681282e-15
inlet,61824,184888,87657925,3,9,8,0.028132138302262855,0.02814032101068724,8.182708424384066e-06,2.8314632507062927e-15
inlet,61824,184888,87657925,3,11,14,0.028132829742143588,0.02814021752048466,7.387778341073209e-06,2.55639353038383e-15
inlet,61824,184888,87657925,3,12,13,0.028130949681839698,0.028140629824541692,9.680142701994077e-06,3.349620553582427e-15
inlet,61825,184889,87657926,3,3,6,0.05625594262961528,0.05628096357823619,2.5020948620911587e-05,8.658000852969927e-15
inlet,61825,184889,87657926,3,7,10,0.028130974968056596,0.028140578767696975,9.603799640378607e-06,3.323203557864181e-15
inlet,61825,184889,87657926,3,9,8,0.028132114019441185,0.028140384810873376,8.27079143219181e-06,2.8619426209446468e-15
inlet,61825,184889,87657926,3,11,14,0.02813214062666547,0.028140408437785938,8.267811120468704e-06,2.8609113434406755e-15
inlet,61825,184889,87657926,3,12,13,0.028131504370915786,0.02814055514064143,9.050769725644364e-06,3.131838572226298e-15
inlet,61826,184890,87657927,3,3,6,0.05625628945002739,0.05628070154641679,2.4412096389397897e-05,8.447319666591066e-15
inlet,61826,184890,87657927,3,7,10,0.028130526849509094,0.028140558049032302,1.0031199523207607e-05,3.4710967735114906e-15
inlet,61826,184890,87657927,3,9,8,0.02813281072043781,0.028140143498910947,7.332778473135432e-06,2.5373619216813315e-15
inlet,61826,184890,87657927,3,11,14,0.028132858848602588,0.028140163728256888,7.3048796543004335e-06,2.5277080911679517e-15
inlet,61826,184890,87657927,3,12,13,0.028131000213984736,0.028140537819402952,9.537605418215994e-06,3.3002983658737142e-15
inlet,61827,184891,87657928,3,3,6,0.05625614886620099,0.05628080445200795,2.4655585806956926e-05,8.53157432922817e-15
inlet,61827,184891,87657928,3,7,10,0.028130500489623903,0.028140605364381774,1.0104874757870669e-05,3.4965906208559687e-15
inlet,61827,184891,87657928,3,9,8,0.028132793736998417,0.028140199089092304,7.405352093887291e-06,2.562474577475987e-15
inlet,61827,184891,87657928,3,11,14,0.02813217044590744,0.028140317650310446,8.147204403004954e-06,2.8191777913481568e-15
inlet,61827,184891,87657928,3,12,13,0.028131556906139752,0.02814048680195164,8.929895811887745e-06,3.0900125621791815e-15
inlet,61845,184922,87657965,3,11,14,0.028135629320676887,0.028136243832642325,6.145119654382691e-07,2.1263962456156152e-16
inlet,61845,184922,87657965,3,12,13,0.028130062217609775,0.028136217668399164,6.1554507893892e-06,2.129971129088408e-15
inlet,61846,184923,87657966,3,3,6,0.0562610638050681,0.05627598003692865,1.4916231860548357e-05,5.161464904004097e-15
inlet,61846,184923,87657966,3,9,8,0.028135276406924748,0.028137982022643993,2.7056157192451025e-06,9.362244237796405e-16
inlet,61846,184923,87657966,3,11,14,0.028135707417883835,0.028137381368420013,1.6739505361781926e-06,5.79237237949783e-16
inlet,61847,184924,87657967,7,7,10,0.02813265656154295,0.028135737329429932,3.080767886982222e-06,1.0660383583938894e-15
inlet,61847,184924,87657967,7,12,13,0.028130605476583106,0.02813574632967172,5.140853088614339e-06,1.778889805521467e-15
inlet,61848,184925,87657968,9,9,8,0.028135312694720166,0.028136734015616453,1.4213208962866875e-06,4.918197834477543e-16
inlet,61848,184925,87657968,9,11,14,0.028135194436148963,0.02813655177083183,1.357334682868666e-06,4.696786288998192e-16
inlet,61849,184930,87657973,3,3,6,0.056259918571383884,0.05627565530486492,1.573673348103516e-05,5.445383145381275e-15
inlet,61849,184930,87657973,3,7,10,0.028131730670307106,0.028137581556807997,5.850886500891744e-06,2.0245827239744904e-15
inlet,61849,184930,87657973,3,9,8,0.028134646232887327,0.028138073750209127,3.427517321800272e-06,1.186024093063934e-15
inlet,61849,184930,87657973,3,11,14,0.02813514820660176,0.028137591166580888,2.4429599791292445e-06,8.453376370148909e-16
inlet,61849,184930,87657973,3,12,13,0.02812996700219632,0.028138064140271434,8.09713807511589e-06,2.8018533359033977e-15
inlet,61850,184931,87657974,3,3,6,0.05625853361865795,0.056278473597339944,1.9939978681993153e-05,6.8998324185283866e-15
inlet,61850,184931,87657974,3,7,10,0.0281310172336824,0.02813942383605081,8.406602368407623e-06,2.9089372900682794e-15
inlet,61850,184931,87657974,3,9,8,0.02813420633970678,0.02813904976253215,4.8434228253728395e-06,1.6759699877375898e-15
inlet,61850,184931,87657974,3,11,14,0.028134820623700475,0.02813883815439385,4.017530693376653e-06,1.3901864672315789e-15
inlet,61850,184931,87657974,3,12,13,0.028130014565042195,0.028139635448592916,9.62088355072055e-06,3.329115104726516e-15
inlet,61851,184932,87657975,3,3,6,0.056260532650839384,0.05627572117022366,1.5188519384277954e-05,5.255684577623252e-15
inlet,61851,184932,87657975,3,9,8,0.028135198997918602,0.028137736801384334,2.5378034657318194e-06,8.781563362714588e-16
inlet,61851,184932,87657975,3,11,14,0.028135144205482958,0.028137725913035785,2.5817075528268563e-06,8.933484710412815e-16
inlet,61852,184933,87657976,3,3,6,0.05625934234753362,0.05627602941065267,1.668706311905299e-05,5.774225786050957e-15
inlet,61852,184933,87657976,3,7,10,0.028130779156985076,0.028138168350748317,7.389193763241569e-06,2.5568833090299816e-15
inlet,61852,184933,87657976,3,9,8,0.028134587220114374,0.028137861060743247,3.27384062887362e-06,1.132847334716389e-15
inlet,61852,184933,87657976,3,11,14,0.028134651624782236,0.02813833210975734,3.6804849751041757e-06,1.273558510374096e-15
inlet,61852,184933,87657976,3,12,13,0.028130727545254225,0.028137697304475365,6.9697592211398485e-06,2.4117463408717596e-15
inlet,61854,184935,87657982,7,7,10,0.028131967477533312,0.028135762273125364,3.7947955920519805e-06,1.3131134223013943e-15
inlet,61854,184935,87657982,7,12,13,0.02813085723401843,0.02813575844769075,4.90121367232102e-06,1.6959673591303364e-15
inlet,61858,184940,87657989,9,9,8,0.028135708775678468,0.028137391638536034,1.6828628575660254e-06,5.823211692326004e-16
inlet,61858,184940,87657989,9,11,14,0.028135684340427635,0.02813733832064787,1.6539802202356069e-06,5.723269079265447e-16
inlet,61859,184941,87657990,3,3,6,0.05626031511287245,0.05627594310178906,1.562798891660555e-05,5.407754255052133e-15
inlet,61859,184941,87657990,3,9,8,0.028135218919361715,0.028137728810324298,2.5098909625827226e-06,8.684977705737766e-16
inlet,61859,184941,87657990,3,11,14,0.02813522382535926,0.028137803031940127,2.579206580866078e-06,8.924830595136155e-16
inlet,61860,184942,87657991,7,7,10,0.02813121428321945,0.02813576265438128,4.548371161830489e-06,1.5738732369978972e-15
inlet,61860,184942,87657991,7,12,13,0.028131563445057316,0.02813576743149398,4.203986436662754e-06,1.454705762997328e-15
inlet,61861,184943,87657992,9,9,8,0.028135282682198913,0.028136635953191522,1.3532709926093733e-06,4.682724698343009e-16
inlet,61861,184943,87657992,9,11,14,0.028135354684905935,0.028136824446119146,1.4697612132109905e-06,5.0858159018829615e-16
inlet,61862,184980,87658029,3,3,6,0.05625797205628413,0.05627940855275636,2.143649647222412e-05,7.417672589203431e-15
inlet,61862,184980,87658029,3,7,10,0.0281308608983511,0.02814004269865534,9.181800304240012e-06,3.177179093820196e-15
inlet,61862,184980,87658029,3,9,8,0.028134309392750245,0.02813936585817038,5.056465420136269e-06,1.749689133846987e-15
inlet,61862,184980,87658029,3,11,14,0.02813423147633677,0.028139312632435347,5.081156098575568e-06,1.7582328512825918e-15
inlet,61862,184980,87658029,3,12,13,0.0281302660887791,0.028140095925771085,9.82983699198553e-06,3.4014192807237125e-15
inlet,61863,184981,87658030,3,3,6,0.05625693778978318,0.056280303940597354,2.336615081417054e-05,8.085391035519497e-15
inlet,61863,184981,87658030,3,7,10,0.028130192795242686,0.028140478043294892,1.0285248052206014e-05,3.559005206324692e-15
inlet,61863,184981,87658030,3,9,8,0.028133449123168376,0.028139825901080138,6.376777911761694e-06,2.206556970949132e-15
inlet,61863,184981,87658030,3,11,14,0.028133546816350788,0.028139874947918447,6.328131567659434e-06,2.1897238726077195e-15
inlet,61863,184981,87658030,3,12,13,0.02813059145290024,0.02814042899540558,9.837542505337915e-06,3.4040856201254794e-15
inlet,61864,184982,87658031,3,3,6,0.0562587212024035,0.05627856820941102,1.9847007007516015e-05,6.867661422571328e-15
inlet,61864,184982,87658031,3,7,10,0.0281305368284656,0.028139586475051225,9.049646585625876e-06,3.131449931995849e-15
inlet,61864,184982,87658031,3,9,8,0.028134969335123678,0.02813898173760842,4.012402484741134e-06,1.3884119527871736e-15
inlet,61864,184982,87658031,3,11,14,0.028134148473553843,0.028139036775106853,4.888301553009761e-06,1.691499377452092e-15
inlet,61864,184982,87658031,3,12,13,0.028130923376227635,0.02813953143647778,8.608060250145377e-06,2.978647777002625e-15
inlet,61865,184983,87658032,3,3,6,0.056257678299603694,0.05627975512668044,2.2076827076743244e-05,7.639246239511632e-15
inlet,61865,184983,87658032,3,7,10,0.02812988977935082,0.028140243948333622,1.0354168982800588e-05,3.582853921452006e-15
inlet,61865,184983,87658032,3,9,8,0.02813414092168879,0.028139511183116365,5.3702614275751015e-06,1.8582719914047267e-15
inlet,61865,184983,87658032,3,11,14,0.02813355459946395,0.02813969400653163,6.1394070676804025e-06,2.1244195187820153e-15
inlet,61865,184983,87658032,3,12,13,0.02813126845703256,0.028140061121345962,8.79266431340342e-06,3.042526335780131e-15
inlet,61866,184988,87658037,3,3,6,0.05625661880545867,0.05628043854838136,2.3819742922689957e-05,8.24234754911784e-15
inlet,61866,184988,87658037,3,7,10,0.028130106265384473,0.028140539930289452,1.0433664904978962e-05,3.610361901763063e-15
inlet,61866,184988,87658037,3,9,8,0.028133492327304478,0.028139898621745082,6.40629444060431e-06,2.216770577785865e-15
inlet,61866,184988,87658037,3,11,14,0.028132858404041745,0.028140006354596663,7.147950554918514e-06,2.473405902354498e-15
inlet,61866,184988,87658037,3,12,13,0.028131058733357663,0.02814043219539546,9.373462037796931e-06,3.2434998188158354e-15
inlet,61867,184989,87658038,3,3,6,0.05625649809014813,0.05628049187328317,2.3993783135042857e-05,8.302570697721531e-15
inlet,61867,184989,87658038,3,7,10,0.028130074527778406,0.028140542636774936,1.046810899653014e-05,3.622280593518044e-15
inlet,61867,184989,87658038,3,9,8,0.028133488982763164,0.028139949239635937,6.4602568727728515e-06,2.23544320250614e-15
inlet,61867,184989,87658038,3,11,14,0.028132201464470413,0.02814014995718579,7.948492715376121e-06,2.7504175701810166e-15
inlet,61867,184989,87658038,3,12,13,0.028131575065094408,0.028140341916424675,8.766851330267028e-06,3.0335942671604065e-15
inlet,61868,184990,87658039,3,3,6,0.056257384309053686,0.0562798631688014,2.247885974771685e-05,7.778361636811242e-15
inlet,61868,184990,87658039,3,7,10,0.02812979654757717,0.028140342803087953,1.0546255510782837e-05,3.6493216380966266e-15
inlet,61868,184990,87658039,3,9,8,0.028134223839792166,0.028139520371721665,5.296531929498832e-06,1.8327593672870355e-15
inlet,61868,184990,87658039,3,11,14,0.02813290061725772,0.028139874353047035,6.9737357893152885e-06,2.4131223530756326e-15
inlet,61868,184990,87658039,3,12,13,0.028131765186351725,0.028139988815870754,8.22362951902883e-06,2.845623180359908e-15
inlet,61869,184991,87658040,3,3,6,0.05625728287467105,0.05627991906261055,2.2636187939503727e-05,7.83280192360151e-15
inlet,61869,184991,87658040,3,7,10,0.028129761863331125,0.028140388934776977,1.0627071445851871e-05,3.677286382573839e-15
inlet,61869,184991,87658040,3,9,8,0.028134229106125376,0.028139530134384926,5.301028259550172e-06,1.834315232734407e-15
inlet,61869,184991,87658040,3,11,14,0.028132303418168622,0.028140004074475658,7.700656307035869e-06,2.6646587179761265e-15
inlet,61869,184991,87658040,3,12,13,0.02813228779881549,0.028139914988205405,7.627189389916578e-06,2.639236954767985e-15
inlet,61870,184996,87658045,3,3,6,0.05625989046148634,0.05627569164315504,1.5801181668696762e-05,5.4676841569136746e-15
inlet,61870,184996,87658045,3,7,10,0.028130399455908194,0.028138118999990892,7.719544082698815e-06,2.6711944564997976e-15
inlet,61870,184996,87658045,3,9,8,0.028135249927891955,0.028137572645816063,2.3227179241080975e-06,8.03730269096559e-16
inlet,61870,184996,87658045,3,11,14,0.028134650099884136,0.028138042754182552,3.392654298415426e-06,1.173960438293034e-15
inlet,61870,184996,87658045,3,12,13,0.028131218460269496,0.028137648890350666,6.4304300811703075e-06,2.225122235421768e-15
inlet,61871,184997,87658046,3,3,6,0.05625883986411408,0.056276941709088125,1.8101844974048598e-05,6.263782864517635e-15
inlet,61871,184997,87658046,3,7,10,0.02812981384369101,0.02813812085365522,8.307009964209078e-06,2.8744753224760646e-15
inlet,61871,184997,87658046,3,9,8,0.028134748071011045,0.028138820859785977,4.072788774931585e-06,1.4093074256126786e-15
inlet,61871,184997,87658046,3,11,14,0.02813404706215515,0.028138224835999454,4.1777738443021795e-06,1.4456354175657908e-15
inlet,61871,184997,87658046,3,12,13,0.02813147247633909,0.02813871687523942,7.244398900329435e-06,2.5067799310329066e-15
inlet,61872,184998,87658047,3,3,6,0.05626102153776729,0.056276155776049136,1.5134238281845624e-05,5.236901683406104e-15
inlet,61872,184998,87658047,3,9,8,0.028135824453806663,0.028137402634480186,1.5781806735233606e-06,5.460979847137424e-16
inlet,61872,184998,87658047,3,11,14,0.02813528244705859,0.02813797883952965,2.696392471062542e-06,9.330329024731692e-16
inlet,61873,184999,87658048,3,3,6,0.056260085165217175,0.056275493150701864,1.5407985484688913e-05,5.331626449905744e-15
inlet,61873,184999,87658048,3,9,8,0.02813501496121013,0.02813756741495101,2.5524537408810888e-06,8.832257721533825e-16
inlet,61873,184999,87658048,3,11,14,0.02813461744584861,0.028137999111448053,3.381665599443834e-06,1.170158017908798e-15
inlet,61873,184999,87658048,3,12,13,0.028132150358534228,0.028137494041520113,5.343682985884529e-06,1.8490750511002627e-15
inlet,61874,185004,87658053,3,3,6,0.05625836058020303,0.05627890445151282,2.0543871309786077e-05,7.108797432834981e-15
inlet,61874,185004,87658053,3,7,10,0.02812958130849179,0.028139934310101703,1.035300160991473e-05,3.5824499753189235e-15
inlet,61874,185004,87658053,3,9,8,0.028134859761179885,0.02813897014966883,4.110388488944017e-06,1.4223180576603774e-15
inlet,61874,185004,87658053,3,11,14,0.02813359614866519,0.028139337710172813,5.7415615076217286e-06,1.9867529878072677e-15
inlet,61874,185004,87658053,3,12,13,0.028131877525786105,0.02813956674180598,7.689216019873824e-06,2.660700034494221e-15
inlet,61875,185005,87658054,3,3,6,0.05625822840225403,0.05627915951540243,2.093111314840218e-05,7.242794757230659e-15
inlet,61875,185005,87658054,3,7,10,0.028129524690371964,0.02814010051420208,1.0575823830117487e-05,3.659553166001461e-15
inlet,61875,185005,87658054,3,9,8,0.028134881346796384,0.02813905901083594,4.177664039557022e-06,1.4455974218210396e-15
inlet,61875,185005,87658054,3,11,14,0.028132966864839987,0.02813951189252081,6.545027680823073e-06,2.264776451997423e-15
inlet,61875,185005,87658054,3,12,13,0.028132401934696957,0.028139647623045265,7.245688348308382e-06,2.5072261188202177e-15
inlet,61876,185006,87658055,3,3,6,0.0562596580992526,0.05627708921995297,1.7431120700364677e-05,6.031692090436846e-15
inlet,61876,185006,87658055,3,7,10,0.028129528433051856,0.028138785595161617,9.25716210976174e-06,3.2032565454138243e-15
inlet,61876,185006,87658055,3,9,8,0.028135434270010997,0.028138303626854953,2.8693568439562556e-06,9.928837782627307e-16
inlet,61876,185006,87658055,3,11,14,0.02813409111805339,0.028138356315820026,4.265197766636225e-06,1.4758867244049545e-15
inlet,61876,185006,87658055,3,12,13,0.028132556745989547,0.028138732905392816,6.176159403268461e-06,2.137136932405738e-15
inlet,61877,185007,87658056,3,3,6,0.056259529178486915,0.05627722368781377,1.7694509326857122e-05,6.122832477933117e-15
inlet,61877,185007,87658056,3,7,10,0.028129471543673942,0.028138827343150114,9.35579947617185e-06,3.237388041203704e-15
inlet,61877,185007,87658056,3,9,8,0.028135489057803414,0.02813839634631384,2.907288510427264e-06,1.0060092758462272e-15
inlet,61877,185007,87658056,3,11,14,0.028133548364977445,0.028138528001549014,4.979636571568469e-06,1.7231040412307632e-15
inlet,61877,185007,87658056,3,12,13,0.028133029626233666,0.02813869568651454,5.6660602808754346e-06,1.9606272922761494e-15
inlet,61905,185043,87658870,7,7,10,0.028130537995878644,0.028136306133523976,5.768137645332377e-06,1.9959491308653743e-15
inlet,61905,185043,87658870,7,12,13,0.028132209640833867,0.02813629849630132,4.088855467453134e-06,1.4148669845112456e-15
inlet,61919,185061,87658925,3,7,10,0.02813028588783517,0.028136922007861758,6.636120026586728e-06,2.2962971436894078e-15
inlet,61919,185061,87658925,3,9,8,0.028136239119108855,0.02813694681487249,7.076957636333037e-07,2.448840217056932e-16
inlet,61920,185062,87658926,9,9,8,0.02813512308800565,0.028136527500538997,1.4044125333477486e-06,4.859689812673241e-16
inlet,61920,185062,87658926,9,11,14,0.028134953481895934,0.02813696911100285,2.0156291069169108e-06,6.974683011167873e-16
inlet,61921,185063,87658928,7,7,10,0.02812998608284277,0.028135703926599587,5.717843756816721e-06,1.9785459325987907e-15
inlet,61921,185063,87658928,7,12,13,0.028133413754013167,0.028135730888884197,2.3171348710292194e-06,8.017983647930305e-16
inlet,61924,185068,87658933,3,3,6,0.05626088047058438,0.05627637923400621,1.5498763421828432e-05,5.3630383467563664e-15
inlet,61924,185068,87658933,3,9,8,0.02813582581251653,0.028137628267559153,1.802455042623774e-06,6.23703662595508e-16
inlet,61924,185068,87658933,3,11,14,0.028134749095216488,0.028138184305879513,3.435210663024768e-06,1.1886862205433136e-15
inlet,61925,185069,87658934,3,3,6,0.056260788229628884,0.05627642336063778,1.563513100889813e-05,5.410225633819501e-15
inlet,61925,185069,87658934,3,9,8,0.028135857939650507,0.028137670360849142,1.812421198635339e-06,6.271522523574823e-16
inlet,61925,185069,87658934,3,11,14,0.028134226915848735,0.02813830920367111,4.082287822376046e-06,1.4125943817598092e-15
inlet,61925,185069,87658934,3,12,13,0.028133653305101577,0.02813811415730464,4.4608522030628595e-06,1.5435890446940177e-15
inlet,61926,185070,87658935,3,7,10,0.02812981732892568,0.02813597137071544,6.154041789760423e-06,2.1294835728341423e-15
inlet,61926,185070,87658935,3,9,8,0.028135421564317815,0.02813603539594305,6.138316252339571e-07,2.124042063862362e-16
inlet,61927,185071,87658936,3,7,10,0.028129759713862376,0.02813585882995759,6.099116095212298e-06,2.1104776303555995e-15
inlet,61927,185071,87658936,3,9,8,0.02813532647314034,0.028135932260724743,6.057875844012184e-07,2.0962072629336037e-16
inlet,61928,185072,87763042,9,4,1,0.05626965800307208,0.05627062516097832,9.671579062411895e-07,3.346657276692713e-16
inlet,61928,185072,87763042,9,5,2,0.05626912913448193,0.05627063689223745,1.5077577555228094e-06,5.217295367641782e-16
inlet,61928,185072,87763042,9,9,8,0.028131028472643337,0.028135526442621402,4.497969978065758e-06,1.5564329113476925e-15
inlet,61928,185072,87763042,9,12,13,0.02813254347105319,0.02813552057694848,2.977105895290294e-06,1.0301681911157722e-15
inlet,61928,185072,87763042,9,15,18,0.028135236385043505,0.028135415211582398,1.7882653889286781e-07,6.187936155922217e-17
inlet,61928,185072,87763042,9,16,17,0.028134846592887595,0.02813535461166118,5.080187735866104e-07,1.757897768656767e-16
inlet,61928,185072,87763042,9,18,15,0.0281351034020755,0.028135282280622762,1.788785472627008e-07,6.189735801959615e-17
inlet,61929,185073,87763043,18,4,1,0.05626932225697163,0.05627063521723903,1.312960267403629e-06,4.543237463664991e-16
inlet,61929,185073,87763043,18,5,2,0.056269257863921514,0.05627062517678278,1.3673128612667895e-06,4.731313787691761e-16
inlet,61929,185073,87763043,18,9,8,0.028131616607933223,0.028135514754428964,3.898146495741328e-06,1.3488759437730916e-15
inlet,61929,185073,87763043,18,12,13,0.02813191552873245,0.02813551977469317,3.6042459607178723e-06,1.2471775181268823e-15
inlet,61929,185073,87763043,18,15,18,0.028135237668133223,0.028135416041223844,1.7837309062088136e-07,6.172245481739084e-17
inlet,61929,185073,87763043,18,18,15,0.028135099623233743,0.028135281451012985,1.818277792428602e-07,6.291788099762927e-17
inlet,61930,185074,87763044,15,1,4,0.05627006756476487,0.05626999585004514,-7.171471972516885e-08,-2.4815450203677758e-17
inlet,61930,185074,87763044,15,2,5,0.056270133940717025,0.05626981324646076,-3.206942562616888e-07,-1.1096985914977269e-16
inlet,61930,185074,87763044,15,7,10,0.028134801283069485,0.02813559466722805,7.933841585650026e-07,2.7453478385898056e-16
inlet,61930,185074,87763044,15,11,14,0.028134849459551227,0.02813568597125304,8.365117018134527e-07,2.894582110994452e-16
inlet,61930,185074,87763044,15,15,18,0.02813586336978768,0.028134555812163557,-1.3075576241229625e-06,-4.524542692798787e-16
inlet,61930,185074,87763044,15,18,15,0.028134410691709764,0.02813614169338835,1.7310016785856974e-06,5.989786493211433e-16
inlet,61931,185075,87763084,9,4,1,0.05626951687370928,0.05627060858765319,1.091713943912609e-06,3.7776586334919563e-16
inlet,61931,185075,87763084,9,5,2,0.05626912689248974,0.05627064293207528,1.516039585543194e-06,5.245952990686784e-16
inlet,61931,185075,87763084,9,7,10,0.02813522735835323,0.028135604907825157,3.775494719256145e-07,1.3064347397437815e-16
inlet,61931,185075,87763084,9,9,8,0.02813037181177421,0.02813555034749595,5.178535721739319e-06,1.7919291300763145e-15
inlet,61931,185075,87763084,9,12,13,0.02813363180090936,0.028135533175145208,1.9013742358492403e-06,6.579326789408515e-16
inlet,61931,185075,87763084,9,15,18,0.028135242646696035,0.02813542047817683,1.7783148079444921e-07,6.153504152582173e-17
inlet,61931,185075,87763084,9,16,17,0.028134481115886775,0.028135365918205268,8.848023184925002e-07,3.0616821705214535e-16
inlet,61931,185075,87763084,9,18,15,0.028135128742270997,0.02813527701394024,1.4827166924455404e-07,5.130645757042658e-17
inlet,61932,185076,87763091,11,2,5,0.05627059702663012,0.05627064488144146,4.7854811342784576e-08,1.6559204197328657e-17
inlet,61932,185076,87763091,11,5,2,0.056270168297328144,0.05627075010145428,5.818041261332341e-07,2.013217283102131e-16
inlet,61932,185076,87763091,11,7,10,0.02813524608395238,0.02813561636155666,3.702776042793787e-07,1.2812718903100178e-16
inlet,61932,185076,87763091,11,9,8,0.02813022808910956,0.028135668972112667,5.44088300310705e-06,1.882709180835773e-15
inlet,61932,185076,87763091,11,11,14,0.028134822172167794,0.028135537074462817,7.149022950223016e-07,2.4737769833875065e-16
inlet,61932,185076,87763091,11,15,18,0.0281353867725986,0.028135216849562977,-1.6992303562488043e-07,-5.879848161112023e-17
inlet,61932,185076,87763091,11,16,17,0.02813465022365482,0.028135269459371948,6.192357171266871e-07,2.1427418473620493e-16
inlet,61932,185076,87763091,11,18,15,0.02813499588984162,0.028135480642478623,4.847526370033162e-07,1.6773899376246846e-16
inlet,61933,185077,87763092,3,2,5,0.05627074848946918,0.056270604708498595,-1.437809705878701e-07,-4.975254075499834e-17
inlet,61933,185077,87763092,3,3,6,0.05626294671980839,0.056272494249843395,9.547530035007579e-06,3.303732581816076e-15
inlet,61933,185077,87763092,3,5,2,0.0562702315186097,0.056270790257302694,5.58738692993388e-07,1.933403946355975e-16
inlet,61933,185077,87763092,3,7,10,0.028135746287521666,0.02813620073627776,4.544487560952104e-07,1.5725293942752616e-16
inlet,61933,185077,87763092,3,9,8,0.02813003172973962,0.028136293513642115,6.26178390249546e-06,2.1667655847232166e-15
inlet,61933,185077,87763092,3,15,18,0.028135266406916555,0.02813542412865479,1.5772173823577762e-07,5.4576465699465196e-17
inlet,61933,185077,87763092,3,16,17,0.028135007922027118,0.02813551690345837,5.08981431251998e-07,1.761228853746434e-16
inlet,61933,185077,87763092,3,17,16,0.028135482083003822,0.02813518058037087,-3.0150263295378177e-07,-1.0432898020120775e-16
inlet,61933,185077,87763092,3,18,15,0.02813522359703379,0.02813527335437137,4.975733758003087e-08,1.721753550340509e-17
inlet,61934,185078,87763097,3,2,5,0.056270597409216416,0.056270626997150505,2.9587934088914913e-08,1.0238315199821956e-17
inlet,61934,185078,87763097,3,5,2,0.05627015932770873,0.056270767982873365,6.086551646369842e-07,2.1061299531174884e-16
inlet,61934,185078,87763097,3,7,10,0.02813534473215793,0.028135760295676507,4.1556351857569007e-07,1.4379747757782754e-16
inlet,61934,185078,87763097,3,9,8,0.02813085887274225,0.02813583078965737,4.971916915119667e-06,1.7204328078922119e-15
inlet,61934,185078,87763097,3,11,14,0.028134877657101584,0.028135653358452074,7.757013504895716e-07,2.684160003660145e-16
inlet,61934,185078,87763097,3,15,18,0.028135417535762076,0.02813517131681846,-2.462189436155948e-07,-8.519916075681978e-17
inlet,61934,185078,87763097,3,18,15,0.028134960833557293,0.028135526174268233,5.653407109396102e-07,1.9562489143369022e-16
inlet,61935,185079,87763098,7,1,4,0.056269891447127456,0.05627048251550797,5.910683805177008e-07,2.0452743899601047e-16
inlet,61935,185079,87763098,7,2,5,0.056270329894008736,0.05626964804561136,-6.818483973755618e-07,-2.3594005549173746e-16
inlet,61935,185079,87763098,7,3,6,0.056262034210569946,0.05627304386385514,1.1009653285196097e-05,3.809671207048669e-15
inlet,61935,185079,87763098,7,7,10,0.02813506649715095,0.02813599719641276,9.306992618113297e-07,3.220499400205154e-16
inlet,61935,185079,87763098,7,11,14,0.02813477459203527,0.028136414448758876,1.6398567236064476e-06,5.67439753258077e-16
inlet,61935,185079,87763098,7,15,18,0.028135774035426976,0.028134716546123036,-1.057489303939868e-06,-3.659231084414569e-16
inlet,61935,185079,87763098,7,17,16,0.028135130040713253,0.028134931499898902,-1.9854081435149995e-07,-6.870109387331469e-17
inlet,61935,185079,87763098,7,18,15,0.02813463676663483,0.02813598094096453,1.3441743297003261e-06,4.651247508401503e-16
inlet,61936,185080,87763146,18,4,1,0.05626917361271491,0.05627065051909243,1.4769063775149638e-06,5.110540319640131e-16
inlet,61936,185080,87763146,18,5,2,0.05626944047104046,0.05627061077724918,1.170306208719829e-06,4.0496115102781917e-16
inlet,61936,185080,87763146,18,9,8,0.028132270132427528,0.02813551076891118,3.240636483652082e-06,1.1213577016890486e-15
inlet,61936,185080,87763146,18,12,13,0.02813126993287087,0.02813553063997785,4.260707106979594e-06,1.4743328210847178e-15
inlet,61936,185080,87763146,18,15,18,0.02813523755616775,0.028135415590039577,1.7803387182546704e-07,6.160507491047611e-17
inlet,61936,185080,87763146,18,18,15,0.028135099723767293,0.02813528190217774,1.8217841044748662e-07,6.303920994141664e-17
inlet,61937,185081,87763147,12,3,6,0.05626294628479765,0.056272389761519506,9.443476721854305e-06,3.267727005541383e-15
inlet,61937,185081,87763147,12,4,1,0.056268981387751625,0.05627068447863158,1.7030908799550715e-06,5.893206734381238e-16
inlet,61937,185081,87763147,12,5,2,0.05626932692661561,0.05627064828977141,1.321363155795674e-06,4.572313985090296e-16
inlet,61937,185081,87763147,12,7,10,0.02813576627063558,0.028136219478683985,4.532080484058454e-07,1.5682361724651857e-16
inlet,61937,185081,87763147,12,9,8,0.02813284860490557,0.028136170282857018,3.3216779514490258e-06,1.1494004872741426e-15
inlet,61937,185081,87763147,12,12,13,0.02813060157242317,0.028136188377831262,5.586805408092782e-06,1.9332027223067782e-15
inlet,61937,185081,87763147,12,15,18,0.02813538107344579,0.02813537984197334,-1.2314724483208916e-09,-4.2612650981027403e-19
inlet,61937,185081,87763147,12,17,16,0.02813482180000487,0.02813536683649462,5.450364897498228e-07,1.8859902015105037e-16
inlet,61937,185081,87763147,12,18,15,0.028135126489301485,0.028135317642158465,1.9115285698062534e-07,6.614463839323436e-17
inlet,61938,185082,87763148,7,1,4,0.05627057796715401,0.056269547968619195,-1.029998534816945e-06,-3.5641047540259025e-16
inlet,61938,185082,87763148,7,2,5,0.05627010368190748,0.056270057815281126,-4.5866626351143136e-08,-1.587123238561617e-17
inlet,61938,185082,87763148,7,7,10,0.02813493725780435,0.0281358107594374,8.735016330495282e-07,3.0225783996425893e-16
inlet,61938,185082,87763148,7,11,14,0.028134886706537753,0.028135555829022288,6.691224845346844e-07,2.315365068533356e-16
inlet,61938,185082,87763148,7,12,13,0.0281306520553408,0.02813670538430761,6.053328966811045e-06,2.0946339066519433e-15
inlet,61938,185082,87763148,7,15,18,0.0281360661918471,0.02813445415837435,-1.6120334727469376e-06,-5.578120715373007e-16
inlet,61938,185082,87763148,7,18,15,0.028134275043669027,0.028136243350289424,1.9683066203972366e-06,6.810932973205855e-16
inlet,61939,185083,87763153,15,1,4,0.056270121079461194,0.05626985695327328,-2.6412618791410436e-07,-9.139560593401258e-17
inlet,61939,185083,87763153,15,2,5,0.056270079000300496,0.05626993891585994,-1.4008444055441105e-07,-4.8473430171798104e-17
inlet,61939,185083,87763153,15,7,10,0.028134837530284666,0.028135661675081164,8.241447964976722e-07,2.851788898636733e-16
inlet,61939,185083,87763153,15,11,14,0.028134817428073867,0.028135620692779542,8.032647056746556e-07,2.7795375036577757e-16
inlet,61939,185083,87763153,15,15,18,0.02813586839373656,0.028134549198675533,-1.319195061025985e-06,-4.564811725024265e-16
inlet,61939,185083,87763153,15,18,15,0.028134403041106343,0.028136148307159537,1.7452660531942776e-06,6.039145520081002e-16
inlet,61940,185084,87763161,3,1,4,0.05627082631122129,0.056270587977910576,-2.3833331071199115e-07,-8.247049457233517e-17
inlet,61940,185084,87763161,3,3,6,0.05626278289061983,0.05627288641006135,1.0103519441514996e-05,3.4961216406289898e-15
inlet,61940,185084,87763161,3,4,1,0.0562702445645393,0.05627080697718316,5.624126438591448e-07,1.9461169214759142e-16
inlet,61940,185084,87763161,3,9,8,0.028133151760111916,0.02813672190788751,3.570147775595195e-06,1.2353785204010275e-15
inlet,61940,185084,87763161,3,11,14,0.028135917282889777,0.028136388453136065,4.7117024628770543e-07,1.6303907801655443e-16
inlet,61940,185084,87763161,3,12,13,0.02813042374558304,0.02813649795703182,6.0742114487769006e-06,2.101859873557187e-15
inlet,61940,185084,87763161,3,15,18,0.0281357095043911,0.028135015300242164,-6.942041489363393e-07,-2.4021551719277344e-16
inlet,61940,185084,87763161,3,17,16,0.02813464952475505,0.028135124798793824,4.752740387740928e-07,1.6445911365892246e-16
inlet,61940,185084,87763161,3,18,15,0.028134825940359685,0.028135682181149868,8.56240790183399e-07,2.9628506912642483e-16
inlet,61941,185085,87763163,3,1,4,0.056270607121218355,0.056270631587193407,2.4465975051457534e-08,8.465963304333856e-18
inlet,61941,185085,87763163,3,4,1,0.05627018183009851,0.05627076339023418,5.815601356665145e-07,2.0123730026949491e-16
inlet,61941,185085,87763163,3,9,8,0.0281334050177167,0.028136099264816417,2.69424709971669e-06,9.322905394547343e-16
inlet,61941,185085,87763163,3,11,14,0.028135415345349878,0.028135845108156154,4.297628062761849e-07,1.4871085823677279e-16
inlet,61941,185085,87763163,3,12,13,0.02813037111527653,0.02813591101091634,5.539895639811165e-06,1.916970531435509e-15
inlet,61941,185085,87763163,3,15,18,0.02813554454923946,0.028135094594456813,-4.499547826483652e-07,-1.5569788943619643e-16
inlet,61941,185085,87763163,3,16,17,0.028135062574119386,0.028135536994475678,4.744203562917493e-07,1.6416371384126252e-16
inlet,61941,185085,87763163,3,17,16,0.028135331901291808,0.028135160495459076,-1.714058327322021e-07,-5.931157401279052e-17
inlet,61941,185085,87763163,3,18,15,0.028134849930947194,0.028135602896514178,7.529655669837043e-07,2.605487353806166e-16
inlet,61942,185086,87770185,3,1,4,0.056270602496487965,0.05627062892530811,2.6428820146251475e-08,9.145166749513011e-18
inlet,61942,185086,87770185,3,4,1,0.056270168145512556,0.05627076605339241,5.979078798526438e-07,2.0689411149804076e-16
inlet,61942,185086,87770185,3,7,10,0.028134317887159237,0.02813587433061841,1.5564434591719412e-06,5.385762546927436e-16
inlet,61942,185086,87770185,3,11,14,0.028135404857733665,0.028135839400853877,4.345431202125438e-07,1.5036499065059618e-16
inlet,61942,185086,87770185,3,12,13,0.02813029461250241,0.028135907966175253,5.613353672842547e-06,1.9423892204820005e-15
inlet,61942,185086,87770185,3,15,18,0.028135291179199905,0.028135315109765927,2.3930566021845845e-08,8.2806956749846e-18
inlet,61942,185086,87770185,3,16,17,0.02813531131730898,0.028135313815542205,2.4982332244571914e-09,8.6446384251758e-19
inlet,61942,185086,87770185,3,17,16,0.028135074004063024,0.028135383673809654,3.096697466301035e-07,1.0715504719999445e-16
inlet,61942,185086,87770185,3,18,15,0.028135094141470446,0.028135382379582775,2.882381123295308e-07,9.973905706843654e-17
inlet,61943,185087,87770187,3,1,4,0.0562707929067617,0.05627059814637639,-1.947603853122426e-07,-6.739295171042614e-17
inlet,61943,185087,87770187,3,3,6,0.056262606269019015,0.05627286263980061,1.0256370781593083e-05,3.549012802064317e-15
inlet,61943,185087,87770187,3,4,1,0.0562702605126583,0.05627079680947814,5.362968198419082e-07,1.8557483147364112e-16
inlet,61943,185087,87770187,3,7,10,0.028134111084824928,0.028136696610278636,2.5855254537077155e-06,8.946695795885172e-16
inlet,61943,185087,87770187,3,11,14,0.028135903759285343,0.02813638165225772,4.778929723753267e-07,1.653653434624721e-16
inlet,61943,185087,87770187,3,12,13,0.028130143480994668,0.028136480987630566,6.337506635898521e-06,2.1929679282204964e-15
inlet,61943,185087,87770187,3,15,18,0.028135134031255313,0.02813556435289114,4.3032163582826244e-07,1.4890423007138453e-16
inlet,61943,185087,87770187,3,16,17,0.02813565887795563,0.028135033795986475,-6.250819691543119e-07,-2.162971637930241e-16
inlet,61943,185087,87770187,3,17,16,0.02813486783659353,0.028135663685378582,7.958487850505402e-07,2.7538761875894125e-16
inlet,61943,185087,87770187,3,18,15,0.028135392678514018,0.028135133126600785,-2.595519132328472e-07,-8.981276930011519e-17
inlet,61944,185088,87770201,3,1,4,0.05627080246816887,0.056270611722486874,-1.9074568199939357e-07,-6.600374360190472e-17
inlet,61944,185088,87770201,3,3,6,0.05626265116223381,0.05627262306404826,9.971901814453954e-06,3.4505779826076473e-15
inlet,61944,185088,87770201,3,4,1,0.0562703018424274,0.05627078324081066,4.813983832605007e-07,1.6657832107150172e-16
inlet,61944,185088,87770201,3,7,10,0.02813374646730083,0.02813631110383,2.5646365291696893e-06,8.8744138335951e-16
inlet,61944,185088,87770201,3,9,8,0.028134395049840225,0.02813631196021826,1.9169103780344865e-06,6.633086514641037e-16
inlet,61944,185088,87770201,3,11,14,0.028135844168887557,0.02813626865100854,4.244821209843652e-07,1.468835822827896e-16
inlet,61944,185088,87770201,3,12,13,0.028130175890686206,0.02813635441310507,6.1785224188641574e-06,2.1379546068813582e-15
inlet,61944,185088,87770201,3,15,18,0.028135391637849606,0.028135305433064618,-8.62047849874148e-08,-2.982944864557794e-17
inlet,61944,185088,87770201,3,16,17,0.02813541083034216,0.028135306289422263,-1.0454091989645087e-07,-3.617430287504249e-17
inlet,61944,185088,87770201,3,17,16,0.02813514132538596,0.028135391192225207,2.498668392469927e-07,8.646144237398403e-17
inlet,61944,185088,87770201,3,18,15,0.0281351605170643,0.028135392048585464,2.3153152116373032e-07,8.01168707908073e-17
inlet,61945,185089,87770203,3,1,4,0.05627078583272098,0.05627059355187946,-1.922808415197319e-07,-6.653495497354016e-17
inlet,61945,185089,87770203,3,3,6,0.05626274958350428,0.05627265183649615,9.902252991869642e-06,3.426477394956892e-15
inlet,61945,185089,87770203,3,4,1,0.0562702576516342,0.056270801409942214,5.437583080122876e-07,1.8815673082215656e-16
inlet,61945,185089,87770203,3,9,8,0.02813484293595222,0.028136515929385767,1.6729934335484031e-06,5.789060516502287e-16
inlet,61945,185089,87770203,3,11,14,0.028135824598985094,0.028136273951975616,4.4935299052181743e-07,1.5548965125850375e-16
inlet,61945,185089,87770203,3,12,13,0.028130287156679486,0.028136377884616523,6.090727937037299e-06,2.1075750753112517e-15
inlet,61945,185089,87770203,3,15,18,0.02813557265847416,0.028135106773035077,-4.6588543908474e-07,-1.6121037575732774e-16
inlet,61945,185089,87770203,3,16,17,0.028135213175415626,0.028135486780127516,2.7360471189022406e-07,9.467546034375119e-17
inlet,61945,185089,87770203,3,17,16,0.028135308566564224,0.0281352107013646,-9.786519962473594e-08,-3.3864302855363354e-17
inlet,61945,185089,87770203,3,18,15,0.028134949086238772,0.028135590709860745,6.416236219726479e-07,2.2202107324108513e-16
inlet,61946,185090,87770313,9,1,4,0.056270608209850415,0.05627062139208635,1.318223593477219e-08,4.561450155088096e-18
inlet,61946,185090,87770313,9,4,1,0.05627014864332556,0.05627077358832625,6.249450006934332e-07,2.1624976858554876e-16
inlet,61946,185090,87770313,9,9,8,0.02813490086579811,0.02813569996795684,7.991021587286373e-07,2.765133839130431e-16
inlet,61946,185090,87770313,9,11,14,0.02813533936290452,0.028135752925071155,4.1356216663387957e-07,1.431049496052947e-16
inlet,61946,185090,87770313,9,12,13,0.0281305277135412,0.02813582902438721,5.301310846007878e-06,1.834413016148974e-15
inlet,61946,185090,87770313,9,16,17,0.028135382144778794,0.028135219690850036,-1.6245392875716136e-07,-5.621394596415486e-17
inlet,61946,185090,87770313,9,17,16,0.028134996282307152,0.02813547779989677,4.81517589617092e-07,1.6661957005660953e-16
inlet,61946,185090,87770313,9,18,15,0.028134674104215253,0.028135295788723848,6.216845085948997e-07,2.1512154024385384e-16
inlet,61947,185091,87770315,12,2,5,0.05626939934653911,0.056270626510018226,1.2271634791186092e-06,4.2463547685249075e-16
inlet,61947,185091,87770315,12,4,1,0.056269144739701196,0.0562706348454271,1.4901057259070205e-06,5.156214035440644e-16
inlet,61947,185091,87770315,12,7,10,0.028132908759534055,0.028135519329033732,2.610569499676696e-06,9.033355728186872e-16
inlet,61947,185091,87770315,12,12,13,0.028130973153446093,0.028135523496768698,4.550343322605455e-06,1.5745556639486315e-15
inlet,61947,185091,87770315,12,16,17,0.028135234632014193,0.028135415560482577,1.809284683844392e-07,6.260669238934498e-17
inlet,61947,185091,87770315,12,17,16,0.02813510429093584,0.028135281931733484,1.776407976446237e-07,6.146905942023296e-17
inlet,61947,185091,87770315,12,18,15,0.02813483867601922,0.028135352913738393,5.142377191742764e-07,1.7794171910489242e-16
inlet,61948,185092,87770316,16,1,4,0.05627014110520799,0.05626982269886031,-3.184063476838195e-07,-1.1017817396153989e-16
inlet,61948,185092,87770316,16,5,2,0.05627010450578464,0.05627002990831267,-7.459747197041677e-08,-2.5812969193721076e-17
inlet,61948,185092,87770316,16,9,8,0.02813486711814742,0.028135673698997533,8.065808501135641e-07,2.7910123609126463e-16
inlet,61948,185092,87770316,16,11,14,0.0281347978645292,0.028135570091845582,7.722273163805748e-07,2.6721388006535565e-16
inlet,61948,185092,87770316,16,16,17,0.028135848719907732,0.02813457756684598,-1.2711530617513789e-06,-4.398571956500746e-16
inlet,61948,185092,87770316,16,17,16,0.028134435948902983,0.028136119938151412,1.6839892484285524e-06,5.827109343528719e-16
inlet,61949,185093,87770330,7,2,5,0.05626940422604156,0.056270643752866285,1.2395268247228364e-06,4.289135663209891e-16
inlet,61949,185093,87770330,7,4,1,0.056269307927126776,0.0562706138832147,1.305956087924165e-06,4.519000895808859e-16
inlet,61949,185093,87770330,7,7,10,0.02813229306814926,0.02813554299534576,3.2499271965004406e-06,1.1245725677992234e-15
inlet,61949,185093,87770330,7,11,14,0.02813522968885136,0.02813561166988564,3.819810342822749e-07,1.3217692785117834e-16
inlet,61949,185093,87770330,7,12,13,0.028131222836887106,0.028135528060402593,4.305223515486956e-06,1.4897368374818327e-15
inlet,61949,185093,87770330,7,16,17,0.028135252642842848,0.02813541742005502,1.6477721217350583e-07,5.70178719105752e-17
inlet,61949,185093,87770330,7,17,16,0.02813512106985659,0.028135280072091144,1.5900223455586615e-07,5.501955594354514e-17
inlet,61950,185094,87770337,9,1,4,0.0562702826010463,0.0562697904107969,-4.921902494042785e-07,-1.7031263137658244e-16
inlet,61950,185094,87770337,9,3,6,0.05626225502972138,0.056273713570625813,1.145854090443127e-05,3.964999825843625e-15
inlet,61950,185094,87770337,9,5,2,0.05627028435323549,0.05626985008447321,-4.3426876228380706e-07,-1.5027005455456677e-16
inlet,61950,185094,87770337,9,9,8,0.028135324139033108,0.0281364330742998,1.108935266693617e-06,3.8372495904881365e-16
inlet,61950,185094,87770337,9,11,14,0.0281353095248734,0.028136403235862407,1.0937109890078733e-06,3.784569010232736e-16
inlet,61950,185094,87770337,9,16,17,0.028136022216199298,0.02813447152392431,-1.5506922749868035e-06,-5.365861719690657e-16
inlet,61950,185094,87770337,9,17,16,0.028134411740686198,0.028136225964507076,1.8142238208777861e-06,6.277760138762461e-16
inlet,61951,185095,87770339,12,2,5,0.056269359559943985,0.056270629700066147,1.2701401221615338e-06,4.395066880827654e-16
inlet,61951,185095,87770339,12,4,1,0.05626936998295004,0.05627062825053936,1.2582675893227369e-06,4.3539843459475384e-16
inlet,61951,185095,87770339,12,7,10,0.028131586366433863,0.02813553940980339,3.953043369527703e-06,1.367871913401141e-15
inlet,61951,185095,87770339,12,9,8,0.028135225078669255,0.028135607202280977,3.8212361172171305e-07,1.3222626393395333e-16
inlet,61951,185095,87770339,12,12,13,0.028131883430216695,0.02813553868503421,3.6552548175160238e-06,1.2648281169254553e-15
inlet,61951,185095,87770339,12,16,17,0.02813525288080289,0.02813541726276513,1.6438196224002888e-07,5.688110354447418e-17
inlet,61951,185095,87770339,12,17,16,0.028135120063960725,0.028135280229363544,1.6016540281896252e-07,5.542204715067783e-17
inlet,61952,185096,87770340,11,1,4,0.056270168656662976,0.05626994827293755,-2.2038372542859674e-07,-7.625939814075538e-17
inlet,61952,185096,87770340,11,5,2,0.05627054448246637,0.056269630583005895,-9.138994604765416e-07,-3.1623670342065455e-16
inlet,61952,185096,87770340,11,7,10,0.028131016672402982,0.028136673846306935,5.657173903952928e-06,1.957552338558744e-15
inlet,61952,185096,87770340,11,9,8,0.028134923701853946,0.028135606909051078,6.832071971323017e-07,2.3641024108026616e-16
inlet,61952,185096,87770340,11,11,14,0.028134934493646003,0.02813576575848627,8.312648402675205e-07,2.8764263917895736e-16
inlet,61952,185096,87770340,11,16,17,0.02813607410715928,0.028134440695010036,-1.6334121492427023e-06,-5.652097366754243e-16
inlet,61952,185096,87770340,11,17,16,0.028134264697495286,0.02813625681442594,1.992116930655402e-06,6.8933238088404335e-16
inlet,61953,185097,87771218,7,2,5,0.05626906503531336,0.0562706785377743,1.613502460938443e-06,5.583203856387264e-16
inlet,61953,185097,87771218,7,3,6,0.05626311081244163,0.05627233846015545,9.22764771381368e-06,3.1930436766227654e-15
inlet,61953,185097,87771218,7,4,1,0.05626919593806157,0.056270657484828145,1.4615467665776705e-06,5.057391445626127e-16
inlet,61953,185097,87771218,7,7,10,0.02813092022236039,0.028136159756385726,5.239534025335002e-06,1.813036377949393e-15
inlet,61953,185097,87771218,7,11,14,0.028135746265481924,0.028136189230563973,4.429650820488018e-07,1.5327924277855348e-16
inlet,61953,185097,87771218,7,12,13,0.02813250233954331,0.028136149229605677,3.6468900623670697e-06,1.2619336600320823e-15
inlet,61953,185097,87771218,7,15,18,0.02813488656277823,0.028135359268783435,4.7270600520357697e-07,1.6357049679707417e-16
inlet,61953,185097,87771218,7,16,17,0.028135383083992802,0.028135378215631553,-4.8683612488553685e-09,-1.6845994324103232e-18
inlet,61953,185097,87771218,7,17,16,0.02813512445492186,0.028135319269005074,1.9481408321253557e-07,6.741153279916035e-17
inlet,61954,185098,87771273,3,2,5,0.05627026301401224,0.056270803088187826,5.400741755895444e-07,1.8688191018518413e-16
inlet,61954,185098,87771273,3,3,6,0.05626286682885739,0.056273033944297945,1.0167115440558316e-05,3.51812776926563e-15
inlet,61954,185098,87771273,3,5,2,0.056270821597011036,0.05627059186296876,-2.2973404227577543e-07,-7.949488902740997e-17
inlet,61954,185098,87771273,3,7,10,0.028130722001084914,0.028136569780695866,5.847779610951981e-06,2.023507646600083e-15
inlet,61954,185098,87771273,3,9,8,0.028135976536493103,0.028136464163701178,4.876272080740762e-07,1.6873368182004927e-16
inlet,61954,185098,87771273,3,12,13,0.02813274156202581,0.028136793579599497,4.052017573686478e-06,1.402119965184138e-15
inlet,61954,185098,87771273,3,16,17,0.028135714891798076,0.02813501933875665,-6.955530414270994e-07,-2.4068227456926255e-16
inlet,61954,185098,87771273,3,17,16,0.028134827421097693,0.028135678140579073,8.507194813808794e-07,2.943745301997842e-16
inlet,61955,185099,87771274,9,1,4,0.056270372089140694,0.05626975456273858,-6.175264021107685e-07,-2.1368271032450142e-16
inlet,61955,185099,87771274,9,5,2,0.05627016390979861,0.05626973469134542,-4.292184531892729e-07,-1.4852249569456036e-16
inlet,61955,185099,87771274,9,9,8,0.02813480278894901,0.028135646151768976,8.433628199654153e-07,2.918289040616583e-16
inlet,61955,185099,87771274,9,11,14,0.028134612430765534,0.028135656087740595,1.043656975060342e-06,3.611367065726882e-16
inlet,61955,185099,87771274,9,12,13,0.028133047910260986,0.02813659903902523,3.5511287642432665e-06,1.2287973703813987e-15
inlet,61955,185099,87771274,9,16,17,0.02813607287907528,0.028134395895097752,-1.6769839775269968e-06,-5.802868999023849e-16
inlet,61955,185099,87771274,9,17,16,0.02813424516133677,0.02813630161719487,2.056455858101547e-06,7.11595585095347e-16
inlet,61955,185099,87771274,9,18,15,0.028134952892675567,0.028135338804147942,3.859114723753221e-07,1.3353697765895052e-16
inlet,61956,185100,87771276,7,2,5,0.05626905924114424,0.056270615154746115,1.5559136018750142e-06,5.383929081298993e-16
inlet,61956,185100,87771276,7,4,1,0.05626859617457476,0.056270646836208346,2.050661633584694e-06,7.095906091222424e-16
inlet,61956,185100,87771276,7,7,10,0.028130417901901527,0.028135503536830055,5.085634928528315e-06,1.7597826611694475e-15
inlet,61956,185100,87771276,7,12,13,0.028133563622743704,0.028135519377671503,1.9557549277987585e-06,6.767500341265987e-16
inlet,61956,185100,87771276,7,15,18,0.0281346009848277,0.028135332905306846,7.319204791446376e-07,2.532665019520573e-16
inlet,61956,185100,87771276,7,16,17,0.028135232936514556,0.02813541524279953,1.8230628497442614e-07,6.308345837420348e-17
inlet,61956,185100,87771276,7,17,16,0.028135081814999893,0.02813528224946207,2.0043446217685168e-07,6.935635298181297e-17
inlet,61957,185101,87771283,7,2,5,0.056270138339883424,0.05627074535572777,6.070158443463591e-07,2.1004574118043823e-16
inlet,61957,185101,87771283,7,5,2,0.05627053761089726,0.05627064962722245,1.1201632518775817e-07,3.876101796602598e-17
inlet,61957,185101,87771283,7,7,10,0.028130220442348367,0.028135657887246656,5.437444898288846e-06,1.8815194931504812e-15
inlet,61957,185101,87771283,7,9,8,0.028135200545451905,0.028135610022508795,4.0947705689034497e-07,1.4169137875393064e-16
inlet,61957,185101,87771283,7,15,18,0.028134974935269536,0.028135255810512697,2.808752431610051e-07,9.719128286102206e-17
inlet,61957,185101,87771283,7,16,17,0.02813539121309473,0.028135207946458855,-1.8326663587392433e-07,-6.341576867278491e-17
inlet,61957,185101,87771283,7,17,16,0.028134946763866693,0.028135489545700505,5.427818338121781e-07,1.8781884137657473e-16
inlet,61958,185102,87771284,3,2,5,0.05627016370328386,0.056270723528320805,5.598250369456825e-07,1.937163023203175e-16
inlet,61958,185102,87771284,3,5,2,0.05627050513001969,0.0562706714563359,1.6632631621299465e-07,5.755390850528785e-17
inlet,61958,185102,87771284,3,7,10,0.028130171401932608,0.02813550880083818,5.33739890557286e-06,1.8469005702872893e-15
inlet,61958,185102,87771284,3,9,8,0.0281351056567443,0.02813548276470966,3.7710796536166713e-07,1.304906994227349e-16
inlet,61958,185102,87771284,3,15,18,0.028135074390217545,0.028135385347156486,3.1095693894117593e-07,1.0760045445837024e-16
inlet,61958,185102,87771284,3,16,17,0.02813524510399513,0.02813535931114221,1.1420714707971458e-07,3.9519108240565404e-17
inlet,61958,185102,87771284,3,17,16,0.02813508931311898,0.028135338181184084,2.4886806510374115e-07,8.611583647729277e-17
inlet,61958,185102,87771284,3,18,15,0.028135260026077233,0.02813531214521345,5.211913621863684e-08,1.8034788875265806e-17
inlet,64635,194704,89448303,3,7,10,0.028135360512218714,0.028135934298016425,5.737857977118621e-07,1.9854714548509948e-16
inlet,64635,194704,89448303,3,9,8,0.02812974983053991,0.02813587055086358,6.1207203236705865e-06,2.117953343257359e-15
inlet,64636,194705,89448304,3,7,10,0.028135978348482995,0.02813661932054589,6.409720628951232e-07,2.2179561420136454e-16
inlet,64636,194705,89448304,3,9,8,0.02812970245004882,0.02813661319774337,6.910747694550967e-06,2.391326577605287e-15
inlet,64638,194707,89448311,9,9,8,0.028130069297062875,0.028135748196500936,5.678899438060769e-06,1.9650700268641235e-15
inlet,64638,194707,89448311,9,11,14,0.028133415376621784,0.02813574112092739,2.3257443056041993e-06,8.047774881277656e-16
inlet,64639,194712,89448317,3,3,6,0.056260807484368736,0.05627596091510662,1.515343073788672e-05,5.243542850505401e-15
inlet,64639,194712,89448317,3,7,10,0.02813572990678664,0.028137414227805642,1.6843210190013724e-06,5.828257369507265e-16
inlet,64639,194712,89448317,3,11,14,0.028133515229638008,0.028137588381374586,4.073151736578434e-06,1.4094330212603747e-15
inlet,64639,194712,89448317,3,12,13,0.028134197699082958,0.0281383725391948,4.174840111843825e-06,1.444620257888528e-15
inlet,64640,194713,89448318,3,3,6,0.056260866884305136,0.056276438014686195,1.5571130381059062e-05,5.388079491448298e-15
inlet,64640,194713,89448318,3,7,10,0.028135834799566356,0.028137535677465846,1.700877899489528e-06,5.885549156305934e-16
inlet,64640,194713,89448318,3,12,13,0.028134719582443474,0.02813827996170689,3.5603792634154863e-06,1.231998321350002e-15
inlet,64641,194714,89448319,3,3,6,0.05625952110574597,0.05627717805480796,1.76569490619935e-05,6.1098354964775364e-15
inlet,64641,194714,89448319,3,7,10,0.02813548271340205,0.028138348584828353,2.8658714263038454e-06,9.916777189136338e-16
inlet,64641,194714,89448319,3,9,8,0.028129445810270985,0.028138829472033958,9.383661762972506e-06,3.2470292305343175e-15
inlet,64641,194714,89448319,3,11,14,0.028133024627125074,0.028138681633596133,5.6570064710589896e-06,1.95749440174106e-15
inlet,64641,194714,89448319,3,12,13,0.028133617679185707,0.028138496421516557,4.878742330849395e-06,1.6881915990432029e-15
inlet,64642,194715,89448320,3,3,6,0.05625962663376753,0.056277125894738315,1.749926097078386e-05,6.055270673661217e-15
inlet,64642,194715,89448320,3,7,10,0.02813547212681478,0.028138219282188157,2.7471553733782184e-06,9.505983936224948e-16
inlet,64642,194715,89448320,3,9,8,0.02812950159649194,0.028138906616747023,9.405020255082858e-06,3.2544199112679422e-15
inlet,64642,194715,89448320,3,11,14,0.028132553295871443,0.028138755972251843,6.202676380399896e-06,2.1463126041238866e-15
inlet,64642,194715,89448320,3,12,13,0.02813420511698588,0.028138369923810417,4.164806824535211e-06,1.4411484386784651e-15
inlet,64645,194720,89448325,7,7,10,0.028135162887778953,0.02813652951656359,1.366628784638113e-06,4.728946676786291e-16
inlet,64645,194720,89448325,7,12,13,0.02813491990102696,0.028136990483655422,2.070582628462686e-06,7.164838725735536e-16
inlet,64646,194721,89448326,3,7,10,0.02813572223498367,0.028136361223178242,6.389881945720322e-07,2.2110913608681588e-16
inlet,64646,194721,89448326,3,9,8,0.028130380899547995,0.02813629652770569,5.915628157694697e-06,2.0469852846573486e-15
inlet,64647,194722,89448327,3,3,6,0.056260016521839415,0.056276533740676433,1.6517218837018566e-05,5.715454555551042e-15
inlet,64647,194722,89448327,3,7,10,0.028135250336774498,0.028138077710608174,2.8273738336762055e-06,9.783563938568842e-16
inlet,64647,194722,89448327,3,11,14,0.028132157160283715,0.028138496295180834,6.33913489711882e-06,2.193531355580817e-15
inlet,64647,194722,89448327,3,12,13,0.028134732175368046,0.028138037447366013,3.3052719979678735e-06,1.1437235338785833e-15
inlet,64648,194723,89448328,3,3,6,0.056260989455500544,0.05627615969107102,1.51702355704747e-05,5.2493578280702066e-15
inlet,64648,194723,89448328,3,7,10,0.028135840091965802,0.028137495274821265,1.655182855463122e-06,5.727430558905326e-16
inlet,64648,194723,89448328,3,12,13,0.028135386593888843,0.028137875905803696,2.4893119148529375e-06,8.613768010415152e-16
inlet,64658,194733,89448381,9,9,8,0.028130488011267905,0.02813631495741052,5.826946142616085e-06,2.0162986398851354e-15
inlet,64658,194733,89448381,9,11,14,0.02813221532976094,0.028136327576242154,4.112246481214471e-06,1.4229609788743621e-15
inlet,64659,194734,89448383,7,7,10,0.028135783963054363,0.028137436685860547,1.6527228061842536e-06,5.718918048417619e-16
inlet,64659,194734,89448383,7,12,13,0.028135872296575784,0.028137533362680447,1.6610661046634334e-06,5.747788370819763e-16
inlet,64660,194735,89448384,9,9,8,0.02813111900359253,0.02813636076442946,5.241760836931231e-06,1.813806921744181e-15
inlet,64660,194735,89448384,9,11,14,0.028131438573100333,0.028136341774320263,4.903201219930153e-06,1.6966551103885287e-15
inlet,64661,194772,89448429,3,3,6,0.05625819086542308,0.05627920119739068,2.1010331967601104e-05,7.270206851575567e-15
inlet,64661,194772,89448429,3,7,10,0.02813490537212489,0.028139106915752703,4.201543627811721e-06,1.4538604776551802e-15
inlet,64661,194772,89448429,3,9,8,0.028129491048511125,0.028140094290298026,1.0603241786900919e-05,3.669040603780668e-15
inlet,64661,194772,89448429,3,11,14,0.02813238512645455,0.028139684034062477,7.298907607925648e-06,2.525641583483121e-15
inlet,64661,194772,89448429,3,12,13,0.028132964871714683,0.02813951716357556,6.552291860875692e-06,2.2672900768021648e-15
inlet,64662,194773,89448430,3,3,6,0.056258343988822,0.05627887833266396,2.0534343841964453e-05,7.105500642382467e-15
inlet,64662,194773,89448430,3,7,10,0.02813492232940712,0.028138937217954563,4.0148885474440565e-06,1.3892722052631508e-15
inlet,64662,194773,89448430,3,9,8,0.028129557381401264,0.02813994112366197,1.0383742260706985e-05,3.593087165171819e-15
inlet,64662,194773,89448430,3,11,14,0.028131860453429938,0.02813955016429667,7.689710866731758e-06,2.6608712663920598e-15
inlet,64662,194773,89448430,3,12,13,0.02813359741466281,0.028139328168805076,5.730754142264927e-06,1.983013314308264e-15
inlet,64663,194774,89448431,3,3,6,0.05625697134944731,0.05628018116212784,2.320981268053024e-05,8.031293338628894e-15
inlet,64663,194774,89448431,3,7,10,0.028134225915877678,0.02813964209518551,5.416179307833613e-06,1.87416095918401e-15
inlet,64663,194774,89448431,3,9,8,0.02812972100684689,0.028140539074089036,1.0818067242145124e-05,3.743376673244857e-15
inlet,64663,194774,89448431,3,11,14,0.028131708308479414,0.02814011852435246,8.410215873045496e-06,2.910187671367203e-15
inlet,64663,194774,89448431,3,12,13,0.028132239533249937,0.028140062637803134,7.823104553196514e-06,2.7070294943909542e-15
inlet,64664,194775,89448432,3,3,6,0.05625711302216779,0.05628007155340493,2.295853123713415e-05,7.944342400668029e-15
inlet,64664,194775,89448432,3,7,10,0.028134285228020285,0.028139615174351235,5.329946330949464e-06,1.8443217552941497e-15
inlet,64664,194775,89448432,3,9,8,0.028129771177610785,0.02814045638533939,1.0685207728605012e-05,3.6974032851458106e-15
inlet,64664,194775,89448432,3,11,14,0.028131198871941477,0.02814018187656443,8.983004622951929e-06,3.108389808320426e-15
inlet,64664,194775,89448432,3,12,13,0.02813285533809707,0.02813988967759891,7.034339501839348e-06,2.43409306056863e-15
inlet,64665,194780,89448437,3,3,6,0.056258875179112655,0.05627689782628984,1.8022647177186324e-05,6.2363780445335585e-15
inlet,64665,194780,89448437,3,7,10,0.02813477445083529,0.028138780740170698,4.0062893354071705e-06,1.38629661923409e-15
inlet,64665,194780,89448437,3,9,8,0.02812993602961955,0.02813811709003179,8.181060412240648e-06,2.830892988932465e-15
inlet,64665,194780,89448437,3,11,14,0.028131463291906467,0.02813868851773508,7.225225828612347e-06,2.5001454714927972e-15
inlet,64665,194780,89448437,3,12,13,0.028134051833462126,0.0281382093105948,4.157477132674808e-06,1.4386121448176346e-15
inlet,64666,194781,89448438,3,3,6,0.056259906301120224,0.05627562283658345,1.5716535463228265e-05,5.438394023663714e-15
inlet,64666,194781,89448438,3,7,10,0.028135217647427553,0.028137600891702114,2.3832442745605475e-06,8.246742069857283e-16
inlet,64666,194781,89448438,3,9,8,0.028130403832727975,0.028138021946456367,7.61811372839219e-06,2.636096502884648e-15
inlet,64666,194781,89448438,3,11,14,0.028131203345489103,0.028137643987855003,6.440642365899973e-06,2.228655993123757e-15
inlet,64666,194781,89448438,3,12,13,0.028134635906473447,0.028137978849724642,3.342943251195829e-06,1.156758920646753e-15
inlet,64667,194782,89448439,3,3,6,0.05625751973295039,0.056279898337190964,2.2378604240577693e-05,7.743670215655439e-15
inlet,64667,194782,89448439,3,7,10,0.028134174189188354,0.02813956530269989,5.391113511537399e-06,1.8654874396863674e-15
inlet,64667,194782,89448439,3,9,8,0.028130037624127163,0.028140333039726732,1.0295415599569091e-05,3.562523483552141e-15
inlet,64667,194782,89448439,3,11,14,0.028130766857662894,0.028140208944450205,9.442086787311843e-06,3.2672460463804603e-15
inlet,64667,194782,89448439,3,12,13,0.02813350429489947,0.028139689395138487,6.185100239017305e-06,2.1402307305151774e-15
inlet,64668,194783,89448440,3,3,6,0.05625854291312683,0.05627880733403619,2.0264420909354985e-05,7.012099188417779e-15
inlet,64668,194783,89448440,3,7,10,0.028134954380349707,0.028139084741696598,4.1303613468914036e-06,1.4292292672937404e-15
inlet,64668,194783,89448440,3,9,8,0.02813053736790913,0.028139722595953733,9.185228044602395e-06,3.1783651950920105e-15
inlet,64668,194783,89448440,3,11,14,0.02813047287672249,0.028139725505331555,9.252628609065366e-06,3.2016878178051777e-15
inlet,64668,194783,89448440,3,12,13,0.028134117861050773,0.02813908183238502,4.963971334245865e-06,1.7176833979068035e-15
inlet,64669,194788,89448445,3,3,6,0.05625648001881591,0.05628054636594126,2.40663471253455e-05,8.327680021091074e-15
inlet,64669,194788,89448445,3,7,10,0.028133488583892505,0.028139952622011105,6.464038118599719e-06,2.2367516273021103e-15
inlet,64669,194788,89448445,3,9,8,0.02813006149990403,0.02814059374758122,1.0532247677191853e-05,3.6444745063185114e-15
inlet,64669,194788,89448445,3,11,14,0.02813164456001102,0.02814032538780911,8.680827798087515e-06,3.003827537438447e-15
inlet,64669,194788,89448445,3,12,13,0.028132194530920435,0.028140220978228967,8.026447308531748e-06,2.777392204287026e-15
inlet,64670,194789,89448446,3,3,6,0.05625662643550468,0.05628045456944897,2.382813394428973e-05,8.245251094993292e-15
inlet,64670,194789,89448446,3,7,10,0.02813350061896247,0.028139850547498218,6.349928535747534e-06,2.1972662792190022e-15
inlet,64670,194789,89448446,3,9,8,0.028130104595201905,0.028140604026993643,1.04994317917384e-05,3.6331192228497824e-15
inlet,64670,194789,89448446,3,11,14,0.0281310981886309,0.028140385280864672,9.287092233772887e-06,3.213613268619811e-15
inlet,64670,194789,89448446,3,12,13,0.0281328523180331,0.02814006928947122,7.2169714381217775e-06,2.497289204090994e-15
inlet,64671,194790,89448447,3,3,6,0.05625612766206033,0.05628081664007104,2.4688978010709017e-05,8.543129036163884e-15
inlet,64671,194790,89448447,3,7,10,0.028132781982456095,0.028140186689783516,7.404707327421378e-06,2.562251468884206e-15
inlet,64671,194790,89448447,3,9,8,0.02813048367853046,0.028140629952032755,1.0146273502296271e-05,3.5109158317014592e-15
inlet,64671,194790,89448447,3,11,14,0.028131550109451873,0.028140472954412535,8.922844960661952e-06,3.0875727555654524e-15
inlet,64671,194790,89448447,3,12,13,0.028132139092441714,0.028140343685806937,8.204593365222779e-06,2.8390360985355077e-15
inlet,64672,194791,89448448,3,3,6,0.05625629094278074,0.05628068963338357,2.439869060282679e-05,8.442680861191402e-15
inlet,64672,194791,89448448,3,7,10,0.02813283298341479,0.028140107520651575,7.274537236784395e-06,2.5172087020074833e-15
inlet,64672,194791,89448448,3,9,8,0.028130527954633427,0.028140582114732682,1.0054160099255693e-05,3.479041823478256e-15
inlet,64672,194791,89448448,3,11,14,0.028131001359770216,0.02814050906784254,9.507708072325344e-06,3.289952984883385e-15
inlet,64672,194791,89448448,3,12,13,0.028132814259844395,0.028140180566499567,7.3663066551717116e-06,2.5489636811936002e-15
inlet,64673,194796,89448453,3,3,6,0.05625701446719588,0.05628026228975952,2.3247822563639275e-05,8.044445901521904e-15
inlet,64673,194796,89448453,3,7,10,0.028133464252954286,0.028139801526483155,6.337273528868315e-06,2.1928872661761854e-15
inlet,64673,194796,89448453,3,9,8,0.028130393298885534,0.028140460767136725,1.0067468251190315e-05,3.483646844356845e-15
inlet,64673,194796,89448453,3,11,14,0.02813064867751014,0.028140384706090166,9.736028580027006e-06,3.3689587484290317e-15
inlet,64673,194796,89448453,3,12,13,0.028133546763459458,0.0281398775859537,6.330822494241689e-06,2.1906550141482516e-15
inlet,64674,194797,89448454,3,3,6,0.05625799072483412,0.05627943137226113,2.144064742701235e-05,7.419108944420878e-15
inlet,64674,194797,89448454,3,7,10,0.028134270044360914,0.02813936376427334,5.093719912425965e-06,1.7625803087943498e-15
inlet,64674,194797,89448454,3,9,8,0.028130884666513443,0.02814006761238838,9.182945874937343e-06,3.177575495740239e-15
inlet,64674,194797,89448454,3,11,14,0.028130308307645173,0.028140073300466577,9.764992821403862e-06,3.3789812471898042e-15
inlet,64674,194797,89448454,3,12,13,0.028134229029509728,0.028139358076338543,5.129046828814682e-06,1.7748044844984909e-15
inlet,64675,194798,89448455,3,3,6,0.05625670110894088,0.05628033832992647,2.3637220985583962e-05,8.179189468619298e-15
inlet,64675,194798,89448455,3,7,10,0.028132764954947338,0.028139968611873376,7.203656926038637e-06,2.492681982409704e-15
inlet,64675,194798,89448455,3,9,8,0.028130805696909254,0.028140369719482177,9.564022572922798e-06,3.309439496030282e-15
inlet,64675,194798,89448455,3,11,14,0.028130542945101505,0.028140416278173076,9.873333071570844e-06,3.4164702326223054e-15
inlet,64675,194798,89448455,3,12,13,0.028133499408366413,0.02813992205392302,6.422645556607154e-06,2.2224285557644184e-15
inlet,64676,194799,89448456,3,3,6,0.05625764163642208,0.056279641855376386,2.200021895430726e-05,7.612737524776458e-15
inlet,64676,194799,89448456,3,7,10,0.028133555473704115,0.028139597685164778,6.042211460662722e-06,2.090786915110039e-15
inlet,64676,194799,89448456,3,9,8,0.028131302957251168,0.028140044171982403,8.741214731235875e-06,3.0247232327467287e-15
inlet,64676,194799,89448456,3,11,14,0.028130185906727508,0.028140193623717266,1.0007716989758608e-05,3.462971110583531e-15
inlet,64676,194799,89448456,3,12,13,0.028134241353824557,0.02813944823659443,5.206882769871746e-06,1.801738061409342e-15
inlet,64690,194834,89448493,3,3,6,0.056260310354658366,0.05627599392852402,1.568357386565189e-05,5.426988319417433e-15
inlet,64690,194834,89448493,3,7,10,0.02813526710203846,0.02813769391281617,2.426810777712146e-06,8.397495275565962e-16
inlet,64690,194834,89448493,3,12,13,0.028135240132301634,0.02813782006513939,2.5799328377575093e-06,8.927343662438581e-16
inlet,64691,194835,89448494,7,7,10,0.028135793849024385,0.02813739339383891,1.5995448145247892e-06,5.534906201335981e-16
inlet,64691,194835,89448494,7,12,13,0.028135752037585223,0.028137463526056557,1.7114884713342882e-06,5.922264926548815e-16
inlet,64692,194836,89448495,3,3,6,0.05625917702738018,0.05627639978927315,1.7222761892969618e-05,5.959593675645229e-15
inlet,64692,194836,89448495,3,7,10,0.02813463552333701,0.028137904090977613,3.268567640601905e-06,1.1310227221628885e-15
inlet,64692,194836,89448495,3,9,8,0.028130768809176296,0.028138495701404895,7.726892228599597e-06,2.673737136013697e-15
inlet,64692,194836,89448495,3,11,14,0.028130349007437647,0.0281379060340081,7.557026570452485e-06,2.6149585087357996e-15
inlet,64692,194836,89448495,3,12,13,0.028134661121404447,0.028138493758333695,3.832636929247679e-06,1.326207663238529e-15
inlet,64693,194837,89448496,3,3,6,0.0562603287565187,0.05627602177629147,1.5693019772770878e-05,5.430256887413489e-15
inlet,64693,194837,89448496,3,7,10,0.028135312389786754,0.02813779439428702,2.4820045002663105e-06,8.588482157875115e-16
inlet,64693,194837,89448496,3,12,13,0.028135145645115642,0.028137867611728432,2.7219666127904774e-06,9.41882324781218e-16
inlet,64697,194841,89448501,9,9,8,0.028131936334201788,0.02813577839698242,3.842062780631816e-06,1.32946929134705e-15
inlet,64697,194841,89448501,9,11,14,0.028130847068229367,0.02813575471360006,4.907645370692826e-06,1.6981929202324684e-15
inlet,64698,194842,89448503,7,7,10,0.028135310418172334,0.028136765547013286,1.4551288409526963e-06,5.035183492451688e-16
inlet,64698,194842,89448503,7,12,13,0.028135168218635615,0.028136595421999706,1.4272033640912174e-06,4.938552942527531e-16
inlet,64699,194843,89448504,9,9,8,0.0281328380870863,0.02813573647590389,2.8983888175904138e-06,1.0029297144219164e-15
inlet,64699,194843,89448504,9,11,14,0.02813033279747397,0.028135734530555092,5.401733081122212e-06,1.869162130199366e-15
inlet,64700,194848,89448509,3,3,6,0.056258549177238826,0.05627860825181653,2.0059074577701008e-05,6.941043180847847e-15
inlet,64700,194848,89448509,3,7,10,0.02813425545432471,0.028139077201044575,4.8217467198651e-06,1.6684694032146583e-15
inlet,64700,194848,89448509,3,9,8,0.02813104718925799,0.028139531052601707,8.483863343716064e-06,2.9356719115351374e-15
inlet,64700,194848,89448509,3,11,14,0.02813005900270428,0.028139729282348855,9.670279644574675e-06,3.3462076390345467e-15
inlet,64700,194848,89448509,3,12,13,0.02813484379632019,0.02813887897589036,4.035179570170688e-06,1.396293509480529e-15
inlet,64701,194849,89448510,3,3,6,0.056259830923894236,0.05627670384221649,1.6872918322252684e-05,5.838537276882562e-15
inlet,64701,194849,89448510,3,7,10,0.028134715095936465,0.02813810326744721,3.3881715107465793e-06,1.1724092589173598e-15
inlet,64701,194849,89448510,3,9,8,0.028131709608493427,0.02813860057696637,6.890968472943182e-06,2.3844823719700074e-15
inlet,64701,194849,89448510,3,11,14,0.028129965976336355,0.028138564444561365,8.598468225009398e-06,2.97532864777746e-15
inlet,64701,194849,89448510,3,12,13,0.028135361697454873,0.028138139399260083,2.7777018052101143e-06,9.611683778730003e-16
inlet,64702,194850,89448511,3,3,6,0.05625821954885207,0.05627908967381657,2.0870124964496306e-05,7.221691011074654e-15
inlet,64702,194850,89448511,3,7,10,0.02813358710550719,0.028139304036190766,5.716930683574706e-06,1.97822998179181e-15
inlet,64702,194850,89448511,3,9,8,0.028131429265696783,0.02813978563968613,8.356373989347465e-06,2.891556760043823e-15
inlet,64702,194850,89448511,3,11,14,0.028129910367868244,0.028140014177480865,1.010380961262089e-05,3.496222048559976e-15
inlet,64702,194850,89448511,3,12,13,0.028134886853153726,0.028139075504162555,4.1886510088288975e-06,1.4493992436771443e-15
inlet,64703,194851,89448512,3,3,6,0.05625952954742962,0.05627717442623951,1.764487880989013e-05,6.105658826176587e-15
inlet,64703,194851,89448512,3,7,10,0.028134165704760704,0.028138353507146767,4.187802386063089e-06,1.4491055946736017e-15
inlet,64703,194851,89448512,3,9,8,0.028132095393331377,0.028138820921033585,6.725527702207412e-06,2.327234888837047e-15
inlet,64703,194851,89448512,3,11,14,0.02812979924064084,0.028138773019922212,8.973779281370997e-06,3.105197562635149e-15
inlet,64703,194851,89448512,3,12,13,0.028135474994547202,0.02813840140754409,2.9264129968870067e-06,1.0126269234258508e-15
inlet,64706,194856,89448517,3,3,6,0.056261066023265256,0.05627597862172426,1.4912598459003445e-05,5.160207637776839e-15
inlet,64706,194856,89448517,3,7,10,0.028135246586052466,0.028137942311692428,2.695725639961788e-06,9.328021588540288e-16
inlet,64706,194856,89448517,3,12,13,0.028135708422614415,0.028137456610896134,1.7481882817194094e-06,6.049257309784298e-16
inlet,64707,194857,89448518,3,11,14,0.028130090579658346,0.028136069878979732,5.979299321386827e-06,2.06901742252343e-15
inlet,64707,194857,89448518,3,12,13,0.028135519440791432,0.028136133303182067,6.138623906346008e-07,2.1241485214028219e-16
inlet,64708,194858,89448519,3,3,6,0.056260826755635096,0.05627565722639209,1.4830470756996283e-05,5.131788982481085e-15
inlet,64708,194858,89448519,3,7,10,0.028134663483942862,0.028138101951606632,3.4384676637702616e-06,1.1898132407718368e-15
inlet,64708,194858,89448519,3,9,8,0.02813266253863416,0.028137555277440496,4.892738806334951e-06,1.6930348005751878e-15
inlet,64708,194858,89448519,3,12,13,0.028135647867870747,0.028137313053808552,1.6651859378047362e-06,5.76204423273448e-16
inlet,64709,194859,89448520,3,11,14,0.02812999657799165,0.028135929943031567,5.933365039918065e-06,2.0531227794320513e-15
inlet,64709,194859,89448520,3,12,13,0.028135384359224323,0.02813600582304453,6.214638202071965e-07,2.1504517542340183e-16
inlet,64890,195672,89455469,3,3,6,0.0562559363952607,0.0562809646764336,2.502828117290079e-05,8.660538136521356e-15
inlet,64890,195672,89455469,3,7,10,0.028132108561843863,0.028140363554406893,8.254992563030972e-06,2.8564757369850125e-15
inlet,64890,195672,89455469,3,9,8,0.028130962552339364,0.028140601122528024,9.63857018865949e-06,3.335235213467459e-15
inlet,64890,195672,89455469,3,11,14,0.028131511262968333,0.02814053616241044,9.024899442107437e-06,3.1228866759443923e-15
inlet,64890,195672,89455469,3,12,13,0.02813213517758743,0.028140428514126098,8.293336538667956e-06,2.869743905942196e-15
inlet,64891,195673,89455470,3,3,6,0.056256095602046786,0.056280818453308984,2.4722851262197476e-05,8.554850200086295e-15
inlet,64891,195673,89455470,3,7,10,0.028132155372853823,0.02814027432197972,8.118949125897335e-06,2.809400615550185e-15
inlet,64891,195673,89455470,3,9,8,0.028131000677091435,0.028140544131975885,9.543454884450298e-06,3.3023224571427276e-15
inlet,64891,195673,89455470,3,11,14,0.028130952548041314,0.028140591414581712,9.638866540397778e-06,3.3353377600831667e-15
inlet,64891,195673,89455470,3,12,13,0.028132823828167983,0.02814022703990658,7.403211738594984e-06,2.5617339501629617e-15
inlet,64892,195674,89455471,3,3,6,0.056255871186048224,0.056281025724734056,2.5154538685831507e-05,8.704227033821373e-15
inlet,64892,195674,89455471,3,7,10,0.02813151360139831,0.02814050976347463,8.996162076318343e-06,3.1129426829614023e-15
inlet,64892,195674,89455471,3,9,8,0.02813151593303454,0.028140515961259775,9.000028225233242e-06,3.1142804867797172e-15
inlet,64892,195674,89455471,3,11,14,0.028131518675280152,0.02814057087815245,9.052202872297799e-06,3.1323344840774376e-15
inlet,64892,195674,89455471,3,12,13,0.028132100297650377,0.028140454846701198,8.354549050820781e-06,2.890925276419439e-15
inlet,64893,195675,89455472,3,3,6,0.05625603173477691,0.05628087489442115,2.4843159644238888e-05,8.596480519148755e-15
inlet,64893,195675,89455472,3,7,10,0.028131570603604047,0.02814041135904094,8.840755436893138e-06,3.059167311088568e-15
inlet,64893,195675,89455472,3,9,8,0.02813155284028012,0.0281404635354044,8.910695124278445e-06,3.0833685467096806e-15
inlet,64893,195675,89455472,3,11,14,0.028130949535431347,0.028140580275339507,9.630739908159103e-06,3.3325257008794873e-15
inlet,64893,195675,89455472,3,12,13,0.028132800465131013,0.028140294619806445,7.494154675432435e-06,2.59320294187226e-15
inlet,64894,195680,89455477,3,3,6,0.056256527039859235,0.05628043797327758,2.3910933418344604e-05,8.273902203624458e-15
inlet,64894,195680,89455477,3,7,10,0.02813215854104197,0.028140160886705103,8.002345663133542e-06,2.769052310001753e-15
inlet,64894,195680,89455477,3,9,8,0.028131300469102775,0.028140277086692415,8.976617589639968e-06,3.106179702672526e-15
inlet,64894,195680,89455477,3,11,14,0.02813048478194384,0.02814049941927421,1.0014637330368198e-05,3.4653657565982942e-15
inlet,64894,195680,89455477,3,12,13,0.028133520681966544,0.028139938556797525,6.417874830980108e-06,2.2207777411940335e-15
inlet,64895,195681,89455478,3,3,6,0.056257457914451775,0.05627973831667486,2.2280402223087692e-05,7.709689363687213e-15
inlet,64895,195681,89455478,3,7,10,0.02813291295418315,0.02813973643440145,6.823480218302175e-06,2.3611294058175193e-15
inlet,64895,195681,89455478,3,9,8,0.02813179961703651,0.0281400018828993,8.202265862788938e-06,2.8382307126821253e-15
inlet,64895,195681,89455478,3,11,14,0.028130121597895547,0.028140266591941077,1.0144994045530042e-05,3.5104731011742848e-15
inlet,64895,195681,89455478,3,12,13,0.02813425706574437,0.028139471730345953,5.214664601582014e-06,1.8044308092585925e-15
inlet,64896,195682,89455479,3,3,6,0.056256488937829335,0.05628046369445973,2.397475663039328e-05,8.295986954795518e-15
inlet,64896,195682,89455479,3,7,10,0.02813156931824597,0.028140255552780737,8.686234534767412e-06,3.0056984309643306e-15
inlet,64896,195682,89455479,3,9,8,0.028131841043273605,0.028140208141698955,8.367098425349911e-06,2.895267737491704e-15
inlet,64896,195682,89455479,3,11,14,0.02813048483718555,0.02814050300849143,1.001817130587973e-05,3.466588618427268e-15
inlet,64896,195682,89455479,3,12,13,0.028133493986520382,0.02813996068858074,6.466702060357876e-06,2.237673431281801e-15
inlet,64897,195683,89455480,3,3,6,0.05625740018623027,0.056279786119058275,2.238593282800211e-05,7.746206127348197e-15
inlet,64897,195683,89455480,3,7,10,0.02813231443174203,0.028139903956059253,7.5895243172238724e-06,2.6262037066509223e-15
inlet,64897,195683,89455480,3,9,8,0.02813234172277407,0.028139882163003234,7.540440229162476e-06,2.6092191357323102e-15
inlet,64897,195683,89455480,3,11,14,0.028130116312980718,0.028140286850572894,1.0170537592175954e-05,3.5193119366636533e-15
inlet,64897,195683,89455480,3,12,13,0.028134218504909082,0.028139499273995137,5.280769086055126e-06,1.8273049493091825e-15
inlet,64898,195688,89455485,3,3,6,0.056255936808192346,0.05628096501358632,2.502820539397599e-05,8.660511914733944e-15
inlet,64898,195688,89455485,3,7,10,0.02813095816796543,0.028140588308937727,9.630140972296392e-06,3.3323184510549985e-15
inlet,64898,195688,89455485,3,9,8,0.02813211490588548,0.028140376705046304,8.261799160823313e-06,2.8588310245636244e-15
inlet,64898,195688,89455485,3,11,14,0.028131527814932313,0.028140520897336305,8.993082403992159e-06,3.111877023699999e-15
inlet,64898,195688,89455485,3,12,13,0.0281321199599863,0.02814044411630237,8.324156316071724e-06,2.880408475982804e-15
inlet,64899,195689,89455486,3,3,6,0.056256106991632006,0.056280806778220296,2.4699786588290584e-05,8.546869129129119e-15
inlet,64899,195689,89455486,3,7,10,0.02813101361410042,0.028140491545840668,9.477931740248247e-06,3.2796494783126404e-15
inlet,64899,195689,89455486,3,9,8,0.028132138838995967,0.02814031523265574,8.176393659773545e-06,2.829278152202933e-15
inlet,64899,195689,89455486,3,11,14,0.02813096768789021,0.028140568054126007,9.600366235797131e-06,3.3220154966021804e-15
inlet,64899,195689,89455486,3,12,13,0.02813279988450836,0.028140238725057647,7.438840549288395e-06,2.5740625903775076e-15
inlet,64900,195690,89455487,3,3,6,0.05625614731061468,0.0562808015358536,2.4654225238923688e-05,8.531103531762783e-15
inlet,64900,195690,89455487,3,7,10,0.028130485410650958,0.02814060668498536,1.012127433440077e-05,3.5022653676346456e-15
inlet,64900,195690,89455487,3,9,8,0.028132790253594317,0.028140194852374754,7.404598780437477e-06,2.562213908362683e-15
inlet,64900,195690,89455487,3,11,14,0.02813157390965262,0.0281404594693675,8.885559714878755e-06,3.074670938984273e-15
inlet,64900,195690,89455487,3,12,13,0.028132144647895624,0.02814034206660853,8.19741871290608e-06,2.836553453020388e-15
inlet,64901,195691,89455488,3,3,6,0.05625630891560869,0.05628066888292907,2.435996732037815e-05,8.429281440667839e-15
inlet,64901,195691,89455488,3,7,10,0.028130547552139083,0.028140537290804946,9.98973866586303e-06,3.4567500697276777e-15
inlet,64901,195691,89455488,3,9,8,0.0281328134101394,0.02814013159358609,7.3181834466876095e-06,2.5323116035119895e-15
inlet,64901,195691,89455488,3,11,14,0.028131022911342857,0.028140481223222345,9.458311879487896e-06,3.2728604163241476e-15
inlet,64901,195691,89455488,3,12,13,0.028132827513561373,0.028140187660472216,7.360146910842524e-06,2.546832224370592e-15
inlet,64902,195696,89455493,3,3,6,0.056256581550472,0.056280402245849355,2.3820695377353707e-05,8.242677127081334e-15
inlet,64902,195696,89455493,3,7,10,0.028131059470970665,0.028140326192100232,9.266721129566613e-06,3.206564253801626e-15
inlet,64902,195696,89455493,3,9,8,0.02813246381729002,0.02814007605430489,7.612237014870127e-06,2.6340629832344716e-15
inlet,64902,195696,89455493,3,11,14,0.028130506722117855,0.028140438727631823,9.932005513968445e-06,3.4367726625589425e-15
inlet,64902,195696,89455493,3,12,13,0.028133496435901652,0.028139963520223403,6.467084321750555e-06,2.2378057052220903e-15
inlet,64903,195697,89455494,3,3,6,0.056257465214489474,0.056279743156960785,2.227794247131043e-05,7.708838215582947e-15
inlet,64903,195697,89455494,3,7,10,0.028131770724849264,0.02813998695825336,8.216233404096523e-06,2.8430639021181927e-15
inlet,64903,195697,89455494,3,9,8,0.028132966750244955,0.02813975619918043,6.7894489354757e-06,2.3493535582985717e-15
inlet,64903,195697,89455494,3,11,14,0.028130142173466384,0.02814024381469424,1.0101641227857477e-05,3.4954717222068215e-15
inlet,64903,195697,89455494,3,12,13,0.028134239263326987,0.028139499347189664,5.260083862677206e-06,1.8201472398089027e-15
inlet,64904,195698,89455495,3,3,6,0.05625681982854472,0.05628026997106592,2.345014252120442e-05,8.114454692623768e-15
inlet,64904,195698,89455495,3,7,10,0.028130599707043423,0.02814040029454082,9.800587497398733e-06,3.391298075771884e-15
inlet,64904,195698,89455495,3,9,8,0.02813309966201259,0.02813986967902602,6.7700170134320226e-06,2.342629528759244e-15
inlet,64904,195698,89455495,3,11,14,0.028130563535292048,0.028140384719397633,9.821184105585079e-06,3.3984251217503336e-15
inlet,64904,195698,89455495,3,12,13,0.028133512745053962,0.028139885253884195,6.372508830232437e-06,2.205079740326037e-15
inlet,64905,195699,89455496,3,3,6,0.056257664142077536,0.05627959064347224,2.1926501394702036e-05,7.587229031728858e-15
inlet,64905,195699,89455496,3,7,10,0.02813128039176107,0.028140015348532308,8.73495677123845e-06,3.022557790348183e-15
inlet,64905,195699,89455496,3,9,8,0.028133601100567267,0.02813957529666005,5.9741960927832405e-06,2.0672515519214722e-15
inlet,64905,195699,89455496,3,11,14,0.028130211257729843,0.028140147592884066,9.936335154222403e-06,3.438270848322391e-15
inlet,64905,195699,89455496,3,12,13,0.028134223561704634,0.028139443054997364,5.219493292730332e-06,1.8061016816429405e-15
inlet,64914,195736,89455533,3,3,6,0.05625803494391366,0.056279195406181565,2.1160462267903746e-05,7.322156451399716e-15
inlet,64914,195736,89455533,3,7,10,0.02813297578729657,0.0281394702287,6.494441403430418e-06,2.24727207838434e-15
inlet,64914,195736,89455533,3,9,8,0.028131896332809346,0.028139725178058947,7.828845249600869e-06,2.7090159480270087e-15
inlet,64914,195736,89455533,3,11,14,0.028129838611240066,0.028140073612016692,1.0235000776626091e-05,3.5416181375359887e-15
inlet,64914,195736,89455533,3,12,13,0.028134957001251265,0.0281391218022123,4.164800961034554e-06,1.4411464097308637e-15
inlet,64915,195737,89455534,3,3,6,0.056259358467771275,0.056277388887702305,1.8030419931029662e-05,6.239067651167789e-15
inlet,64915,195737,89455534,3,7,10,0.028133598150209896,0.028138555420070606,4.957269860710045e-06,1.715364486483086e-15
inlet,64915,195737,89455534,3,9,8,0.02813254266289741,0.028138833468318494,6.290805421083068e-06,2.1768079031218077e-15
inlet,64915,195737,89455534,3,11,14,0.028129704894463738,0.028138982500923983,9.277606460245114e-06,3.210330905647134e-15
inlet,64915,195737,89455534,3,12,13,0.028135552166843873,0.0281384063897268,2.854222882927443e-06,9.876469725172139e-16
inlet,64916,195738,89455535,3,3,6,0.056257996586389594,0.05627924704837945,2.125046198985653e-05,7.353299062387015e-15
inlet,64916,195738,89455535,3,7,10,0.02813240102703369,0.0281395954390488,7.194412015111562e-06,2.4894829651420153e-15
inlet,64916,195738,89455535,3,9,8,0.028132403483874607,0.028139651609358676,7.248125484068946e-06,2.5080694411024164e-15
inlet,64916,195738,89455535,3,11,14,0.02812983124351034,0.028140072851245646,1.0241607735304165e-05,3.543904343975919e-15
inlet,64916,195738,89455535,3,12,13,0.02813492557163507,0.028139174204307348,4.248632672277514e-06,1.470154703478802e-15
inlet,64917,195739,89455536,3,3,6,0.056259331756017834,0.05627730811275034,1.7976356732507526e-05,6.2203601582581185e-15
inlet,64917,195739,89455536,3,7,10,0.02813307352652429,0.028138606306249623,5.532779725331977e-06,1.914508210979002e-15
inlet,64917,195739,89455536,3,9,8,0.02813301542571872,0.028138701806581748,5.686380863026419e-06,1.967658824943501e-15
inlet,64917,195739,89455536,3,11,14,0.02812970829641346,0.028138872395243535,9.164098830075074e-06,3.1710538512987844e-15
inlet,64917,195739,89455536,3,12,13,0.028135511577441857,0.028138435719200786,2.924141758928883e-06,1.0118410067735022e-15
inlet,64920,195744,89455541,3,3,6,0.05626057676324968,0.056277206487806174,1.6629724556495307e-05,5.754384918662036e-15
inlet,64920,195744,89455541,3,7,10,0.028134165556648747,0.0281384622112139,4.296654565152935e-06,1.4867717229122356e-15
inlet,64920,195744,89455541,3,9,8,0.028133160736163527,0.02813874427729906,5.583541135532194e-06,1.932073185811496e-15
inlet,64920,195744,89455541,3,12,13,0.028136075257008907,0.02813798709699481,1.9118399859040236e-06,6.615541432695682e-16
inlet,64921,195745,89455542,3,11,14,0.0281298037146371,0.028136359108689415,6.555394052313451e-06,2.268363528353548e-15
inlet,64921,195745,89455542,3,12,13,0.02813576865434675,0.028136426522251862,6.578679051134906e-07,2.2764208383585356e-16
inlet,64922,195746,89455543,3,3,6,0.0562605641904102,0.05627711704240031,1.6552851990106476e-05,5.727784698364704e-15
inlet,64922,195746,89455543,3,7,10,0.02813365361179258,0.02813852736229677,4.873750504189034e-06,1.686464276864572e-15
inlet,64922,195746,89455543,3,9,8,0.02813362078471569,0.028138589680138028,4.968895422337999e-06,1.7193872805032517e-15
inlet,64922,195746,89455543,3,12,13,0.028136041128903947,0.02813803791815087,1.996789246921926e-06,6.90949142855534e-16
inlet,64923,195747,89455544,3,11,14,0.028129882906225534,0.02813577242481138,5.889518585846382e-06,2.0379505874219105e-15
inlet,64923,195747,89455544,3,12,13,0.02813529359622458,0.028135879189898547,5.855936739684875e-07,2.0263302585080966e-16
inlet,64924,195752,89455549,3,3,6,0.056258063644628875,0.056279221110435484,2.1157465806609377e-05,7.321119585658308e-15
inlet,64924,195752,89455549,3,7,10,0.028131908647168424,0.028139694218585275,7.785571416851073e-06,2.6940419002186903e-15
inlet,64924,195752,89455549,3,9,8,0.028132972543164297,0.0281395268920989,6.554348934602328e-06,2.2680018861883584e-15
inlet,64924,195752,89455549,3,11,14,0.028129856079532386,0.028140083712139885,1.0227632607499176e-05,3.539068529383549e-15
inlet,64924,195752,89455549,3,12,13,0.028134888895104966,0.028139137406250198,4.248511145232142e-06,1.47011265146557e-15
inlet,64925,195753,89455550,3,3,6,0.056259409153261705,0.056277328670900635,1.7919517638929905e-05,6.200692122160327e-15
inlet,64925,195753,89455550,3,7,10,0.028132583409236106,0.02813873634066038,6.152931424273367e-06,2.1290993529758274e-15
inlet,64925,195753,89455550,3,9,8,0.028133547297616114,0.028138592330424494,5.045032808379674e-06,1.7457331062862433e-15
inlet,64925,195753,89455550,3,11,14,0.02812973420384486,0.02813884434136498,9.110137520119965e-06,3.1523816148981134e-15
inlet,64925,195753,89455550,3,12,13,0.028135503213594645,0.028138484330687025,2.9811170923800534e-06,1.0315561859656374e-15
inlet,64926,195754,89455551,3,3,6,0.056258273699044986,0.056278859787183576,2.0586088138589698e-05,7.123405725483245e-15
inlet,64926,195754,89455551,3,7,10,0.028131446435387994,0.028139509678291468,8.063242903474238e-06,2.7901245869486233e-15
inlet,64926,195754,89455551,3,9,8,0.02813359308240605,0.02813935010911828,5.7570267122317165e-06,1.992104413795678e-15
inlet,64926,195754,89455551,3,11,14,0.02812994309287278,0.028139880236544235,9.937143671454735e-06,3.438550619604976e-15
inlet,64926,195754,89455551,3,12,13,0.028134851694421332,0.028138979557845466,4.127863424133876e-06,1.4283649108821194e-15
inlet,64927,195755,89455552,3,3,6,0.05625960135119716,0.056277135336011135,1.7533984813973558e-05,6.0672861678980556e-15
inlet,64927,195755,89455552,3,7,10,0.02813215390079643,0.028138745684293632,6.591783497201381e-06,2.2809553708792738e-15
inlet,64927,195755,89455552,3,9,8,0.028134081011439944,0.02813838965284356,4.308641403615726e-06,1.4909195295844623e-15
inlet,64927,195755,89455552,3,11,14,0.028129826048116525,0.028138762424366134,8.936376249608913e-06,3.0922549885622722e-15
inlet,64927,195755,89455552,3,12,13,0.028135434212093628,0.0281383729129928,2.9387008991729746e-06,1.0168789072368964e-15
inlet,64930,195760,89455557,3,3,6,0.056260690010343464,0.05627599799591344,1.530798556997892e-05,5.297023471418652e-15
inlet,64930,195760,89455557,3,7,10,0.028133100131187323,0.02813767738810682,4.577256919498229e-06,1.583868578034526e-15
inlet,64930,195760,89455557,3,9,8,0.028134113624211338,0.028138320611482238,4.206987270900103e-06,1.4557441419085445e-15
inlet,64930,195760,89455557,3,12,13,0.028135739699902868,0.02813747963344328,1.7399335404122418e-06,6.020693421835313e-16
inlet,64931,195761,89455558,3,11,14,0.028129939610594512,0.028135930392499026,5.990781904514214e-06,2.072990741681606e-15
inlet,64931,195761,89455558,3,12,13,0.028135406238046525,0.028136006636420564,6.003983740385244e-07,2.0775589740042053e-16
inlet,64932,195762,89455559,3,3,6,0.05626089222254582,0.056275624163888566,1.4731941342743804e-05,5.0976948413849464e-15
inlet,64932,195762,89455559,3,9,8,0.02813462344882629,0.028138151474310816,3.5280254845268533e-06,1.220802940652866e-15
inlet,64932,195762,89455559,3,12,13,0.02813562212410005,0.028137284897955556,1.6627738555069493e-06,5.753697702429782e-16
inlet,64933,195763,89455560,3,11,14,0.02813001588747424,0.028136116161624945,6.100274150704077e-06,2.110878352390064e-15
inlet,64933,195763,89455560,3,12,13,0.028135509065349507,0.02813615843738905,6.493720395434055e-07,2.247022587929678e-16
inlet,64934,195800,89455597,3,3,6,0.056256501831864494,0.056280495910670636,2.3994078806141572e-05,8.302673008815473e-15
inlet,64934,195800,89455597,3,7,10,0.028130061420856233,0.028140555657615317,1.0494236759084341e-05,3.631321585284896e-15
inlet,64934,195800,89455597,3,9,8,0.028133487598612242,0.028139940256419298,6.452657807055895e-06,2.232813697188176e-15
inlet,64934,195800,89455597,3,11,14,0.028131628182748145,0.028140244808097393,8.616625349247564e-06,2.981611558930163e-15
inlet,64934,195800,89455597,3,12,13,0.02813216232011652,0.0281402511025736,8.088782457081611e-06,2.798962040726547e-15
inlet,64935,195801,89455598,3,3,6,0.056256670890805875,0.05628039766692544,2.372677611956614e-05,8.210178238795562e-15
inlet,64935,195801,89455598,3,7,10,0.028130125454945414,0.02814051016265006,1.0384707704647056e-05,3.5934212378156375e-15
inlet,64935,195801,89455598,3,9,8,0.028133492661356924,0.02813988750771914,6.3948463622162666e-06,2.212809198305404e-15
inlet,64935,195801,89455598,3,11,14,0.02813108947871784,0.028140310673139678,9.221194421836498e-06,3.1908106434836375e-15
inlet,64935,195801,89455598,3,12,13,0.028132801173048016,0.02814008699423019,7.28582118217358e-06,2.5211132865332185e-15
inlet,64936,195802,89455599,3,3,6,0.05625731338128796,0.05627990329502037,2.2589913732405653e-05,7.816789656017427e-15
inlet,64936,195802,89455599,3,7,10,0.028129750542058587,0.028140378651664927,1.0628109606340003e-05,3.6776456173306e-15
inlet,64936,195802,89455599,3,9,8,0.028134224384085926,0.02813952464983377,5.300265747843619e-06,1.8340513807475873e-15
inlet,64936,195802,89455599,3,11,14,0.02813172687383954,0.02814008487153638,8.357997696838843e-06,2.892118611676961e-15
inlet,64936,195802,89455599,3,12,13,0.028132925277177263,0.02813981842411462,6.8931469373555154e-06,2.3852361861848844e-15
inlet,64937,195803,89455600,3,3,6,0.0562575007717611,0.05627978289137608,2.2282119614976115e-05,7.710283632939755e-15
inlet,64937,195803,89455600,3,7,10,0.02812982185981425,0.028140280528108626,1.0458668294376083e-05,3.61901382659642e-15
inlet,64937,195803,89455600,3,9,8,0.02813423784998293,0.028139502368646246,5.264518663315038e-06,1.8216818142283955e-15
inlet,64937,195803,89455600,3,11,14,0.02813123397520033,0.028140155490518994,8.921515318664752e-06,3.0871126594387903e-15
inlet,64937,195803,89455600,3,12,13,0.028133561206315476,0.02813962740333427,6.066197018792657e-06,2.099086639708585e-15
inlet,64938,195808,89455605,3,3,6,0.056257203531622876,0.056280220140532175,2.3016608909298686e-05,7.964439022213338e-15
inlet,64938,195808,89455605,3,7,10,0.02813020853927304,0.028140477895383542,1.0269356110502448e-05,3.553506116465651e-15
inlet,64938,195808,89455605,3,9,8,0.028133520913171402,0.028139742249955673,6.2213367842713085e-06,2.152769665168344e-15
inlet,64938,195808,89455605,3,11,14,0.028130646631625088,0.028140350540500368,9.703908875280387e-06,3.3578443644259828e-15
inlet,64938,195808,89455605,3,12,13,0.028133479257014444,0.02813986960208636,6.390345071917436e-06,2.2112516164631965e-15
inlet,64939,195809,89455606,3,3,6,0.056258070847237676,0.056279394904260795,2.1324057023118514e-05,7.378765157634262e-15
inlet,64939,195809,89455606,3,7,10,0.028130864586913558,0.028140021833727,9.157246813440434e-06,3.1686828474345387e-15
inlet,64939,195809,89455606,3,9,8,0.028134311837928205,0.028139373074272493,5.061236344288539e-06,1.7513400171130708e-15
inlet,64939,195809,89455606,3,11,14,0.028130319174427952,0.028140017180877556,9.698006449603697e-06,3.3558019475968834e-15
inlet,64939,195809,89455606,3,12,13,0.02813413488092615,0.028139377727015455,5.242846089305309e-06,1.8141824517100033e-15
inlet,64940,195810,89455607,3,3,6,0.05625810929650031,0.05627958739815455,2.1478101654238968e-05,7.432069233664443e-15
inlet,64940,195810,89455607,3,7,10,0.02812992362165006,0.028140218962982556,1.0295341332497432e-05,3.562497784911393e-15
inlet,64940,195810,89455607,3,9,8,0.028134183559518577,0.02813936844159771,5.184882079133785e-06,1.79412516063323e-15
inlet,64940,195810,89455607,3,11,14,0.028130804796087053,0.028140127572603285,9.322776516232367e-06,3.225961103734008e-15
inlet,64940,195810,89455607,3,12,13,0.028134274796757147,0.028139459829511954,5.185032754807112e-06,1.7941772989485253e-15
inlet,64941,195811,89455608,3,3,6,0.05625898933817485,0.05627829208292618,1.930274475132887e-05,6.67933031052191e-15
inlet,64941,195811,89455608,3,7,10,0.028130570268338564,0.028139454252383237,8.883984044673332e-06,3.074125709697037e-15
inlet,64941,195811,89455608,3,9,8,0.02813492937704723,0.02813883783391832,3.908456871089955e-06,1.3524436437798068e-15
inlet,64941,195811,89455608,3,11,14,0.028130531235579227,0.028139523658975995,8.992423396768368e-06,3.1116489873776305e-15
inlet,64941,195811,89455608,3,12,13,0.028134853852643322,0.028138768429016938,3.9145763736161965e-06,1.3545611757285226e-15
inlet,64942,195816,89455613,3,3,6,0.0562582135686143,0.05627916037976402,2.0946811149717692e-05,7.248226737881706e-15
inlet,64942,195816,89455613,3,7,10,0.028129520033008767,0.028140075682587064,1.05556495782963e-05,3.652572268029835e-15
inlet,64942,195816,89455613,3,9,8,0.028134903424073647,0.02813908470590033,4.181281826682454e-06,1.4468492849894758e-15
inlet,64942,195816,89455613,3,11,14,0.028132410445282932,0.028139631199540088,7.220754257155487e-06,2.498598173263854e-15
inlet,64942,195816,89455613,3,12,13,0.028132950958101165,0.028139529180316394,6.578222215228996e-06,2.276262759393467e-15
inlet,64943,195817,89455614,3,3,6,0.05625838569824965,0.0562789050262158,2.0519327966150858e-05,7.1003046976734194e-15
inlet,64943,195817,89455614,3,7,10,0.0281296041916512,0.028139919541434175,1.0315349782973743e-05,3.5694213106303875e-15
inlet,64943,195817,89455614,3,9,8,0.028134876365702333,0.028138985492531608,4.109126829274917e-06,1.4218814854641461e-15
inlet,64943,195817,89455614,3,11,14,0.028131887931172855,0.02813954187627029,7.653945097434167e-06,2.648495234380753e-15
inlet,64943,195817,89455614,3,12,13,0.028133570123172382,0.02813936315022926,5.793027056878036e-06,2.0045616159336718e-15
inlet,64944,195818,89455615,3,3,6,0.056259542052843906,0.056277226451916164,1.7684399072258328e-05,6.119334025725476e-15
inlet,64944,195818,89455615,3,7,10,0.028129462627031306,0.028138863782122832,9.401155091525587e-06,3.2530824484130067e-15
inlet,64944,195818,89455615,3,9,8,0.02813546901875523,0.028138362672024086,2.893653268856017e-06,1.001291072114509e-15
inlet,64944,195818,89455615,3,11,14,0.0281330240273907,0.028138702420384874,5.678392994173942e-06,1.964894782045449e-15
inlet,64944,195818,89455615,3,12,13,0.028133552561399166,0.028138524031813977,4.971470414810719e-06,1.7202783053545866e-15
inlet,64945,195819,89455616,3,3,6,0.0562596876685319,0.05627695218989968,1.7264521367778285e-05,5.97404371005403e-15
inlet,64945,195819,89455616,3,7,10,0.028129561611448056,0.028138702969489452,9.141358041395847e-06,3.1631848543728486e-15
inlet,64945,195819,89455616,3,9,8,0.0281354078761806,0.028138249222239255,2.8413460586539097e-06,9.831912039836972e-16
inlet,64945,195819,89455616,3,11,14,0.02813254465189239,0.028138586863209823,6.0422113174335434e-06,2.0907868655484346e-15
inlet,64945,195819,89455616,3,12,13,0.028134090107703225,0.028138365327125856,4.2752194226308715e-06,1.4793545188305145e-15
inlet,64946,195824,89455621,3,3,6,0.05625909325326943,0.056277199757873736,1.8106504604306628e-05,6.265395236748592e-15
inlet,64946,195824,89455621,3,7,10,0.02812983383367799,0.028138444651532573,8.610817854581843e-06,2.9796019910863835e-15
inlet,64946,195824,89455621,3,9,8,0.028134778198524855,0.028138755107197384,3.976908672528867e-06,1.3761300261078578e-15
inlet,64946,195824,89455621,3,11,14,0.028131486796566952,0.02813880093851482,7.314141947867975e-06,2.5309131233521115e-15
inlet,64946,195824,89455621,3,12,13,0.028134037084049678,0.028138398820795378,4.361736745700506e-06,1.509292115053686e-15
inlet,64947,195825,89455622,3,3,6,0.05625990403339014,0.056275633659443845,1.5729626053707924e-05,5.442923761734638e-15
inlet,64947,195825,89455622,3,7,10,0.028130441944718632,0.028138085466208825,7.643521490192928e-06,2.6448883527331784e-15
inlet,64947,195825,89455622,3,9,8,0.028135226890857408,0.0281375481957995,2.321304942091984e-06,8.032413348164847e-16
inlet,64947,195825,89455622,3,11,14,0.02813123736157814,0.028137553584966113,6.3162233879740515e-06,2.1856032842385323e-15
inlet,64947,195825,89455622,3,12,13,0.028134615052797827,0.028138080076940346,3.465024142518952e-06,1.1990025812377645e-15
inlet,64948,195826,89455623,3,3,6,0.056260489944797515,0.056274626998262585,1.4137053465070049e-05,4.891845741482467e-15
inlet,64948,195826,89455623,3,9,8,0.028135722493460618,0.028137427490539154,1.704997078535997e-06,5.899802754855773e-16
inlet,64948,195826,89455623,3,11,14,0.02813216586843552,0.028137047184885796,4.881316450277423e-06,1.689082321794813e-15
inlet,64948,195826,89455623,3,12,13,0.028134511292326587,0.028137579815897262,3.0685235706748304e-06,1.0618014566424973e-15
inlet,64949,195827,89455624,3,3,6,0.056261017930861607,0.056276076043647844,1.5058112786237032e-05,5.2105599720706234e-15
inlet,64949,195827,89455624,3,9,8,0.02813579213192338,0.028137377687440526,1.5855555171445657e-06,5.486499024419755e-16
inlet,64949,195827,89455624,3,12,13,0.02813525659414429,0.02813792217863206,2.665584487769601e-06,9.223724135496743e-16
inlet,64964,195856,89455661,3,3,6,0.05625878188999038,0.05627690421786412,1.8122327873737465e-05,6.270870563935606e-15
inlet,64964,195856,89455661,3,7,10,0.028131105239370444,0.028138672161747962,7.566922377518631e-06,2.6183827556465623e-15
inlet,64964,195856,89455661,3,9,8,0.028134060683147402,0.02813823205783684,4.171374689436458e-06,1.4434211174956728e-15
inlet,64964,195856,89455661,3,11,14,0.02813017681304685,0.028138080798610444,7.903985563596089e-06,2.73501675689e-15
inlet,64964,195856,89455661,3,12,13,0.02813473861608716,0.028138823424152942,4.084808065782375e-06,1.4134664617873207e-15
inlet,64965,195857,89455662,3,3,6,0.056260093500816205,0.05627540727923311,1.531377841690329e-05,5.299027970703319e-15
inlet,64965,195857,89455662,3,7,10,0.0281318137961876,0.02813740624793312,5.592451745518173e-06,1.9351565248977935e-15
inlet,64965,195857,89455662,3,9,8,0.028134608926167762,0.028138001034442944,3.3921082751818543e-06,1.1737714978298392e-15
inlet,64965,195857,89455662,3,12,13,0.028135031610364427,0.028137587549117656,2.5559387532292366e-06,8.844316912550131e-16
inlet,64966,195858,89455663,3,3,6,0.0562596542093386,0.05627653053220171,1.687632286311025e-05,5.839715350427869e-15
inlet,64966,195858,89455663,3,7,10,0.02813085239151412,0.02813846575538475,7.613363870628137e-06,2.634452909222564e-15
inlet,64966,195858,89455663,3,9,8,0.028134652779689674,0.028138064778245334,3.411998555660073e-06,1.1806541331749395e-15
inlet,64966,195858,89455663,3,11,14,0.02813037609726223,0.02813846981567823,8.093718415997514e-06,2.8006700309850934e-15
inlet,64966,195858,89455663,3,12,13,0.028135357894198625,0.028138060718010293,2.7028238116684478e-06,9.352583397775381e-16
inlet,64967,195859,89455664,3,3,6,0.05626093795399727,0.056276070191084646,1.5132237087378542e-05,5.2362092099245645e-15
inlet,64967,195859,89455664,3,9,8,0.028135255419215823,0.02813794689543489,2.691476219066763e-06,9.313317314017695e-16
inlet,64967,195859,89455664,3,12,13,0.028135772013913134,0.028137493988664622,1.721974751487526e-06,5.958550610152088e-16
inlet,64971,195863,89455669,9,9,8,0.0281348148841638,0.028136958810942744,2.1439267789448435e-06,7.418631548324266e-16
inlet,64971,195863,89455669,9,12,13,0.028135058607418828,0.028136468720582102,1.4101131632741903e-06,4.879415706968212e-16
inlet,64972,195864,89455670,7,7,10,0.028132843914191283,0.028135725186328446,2.8812721371632155e-06,9.970068281243585e-16
inlet,64972,195864,89455670,7,11,14,0.02813020420199713,0.028135688028882236,5.483826885106097e-06,1.8975690557594135e-15
inlet,64973,195865,89455671,3,11,14,0.02813036768181073,0.028136234294603036,5.866612792306686e-06,2.030024493850906e-15
inlet,64973,195865,89455671,3,12,13,0.02813565708035629,0.028136305929460655,6.488491043656064e-07,2.2452130749155915e-16
inlet,64977,195870,89455677,3,3,6,0.05626034209629261,0.05627593938427516,1.559728798254667e-05,5.3971308083836635e-15
inlet,64977,195870,89455677,3,9,8,0.028135219599956095,0.02813776274812599,2.5431481698937053e-06,8.800057646801726e-16
inlet,64977,195870,89455677,3,12,13,0.02813517889554908,0.028137853185089132,2.6742895400527766e-06,9.253846234876257e-16
inlet,64978,195871,89455678,9,9,8,0.028135271030077773,0.028136689014190513,1.4179841127393011e-06,4.906651559699094e-16
inlet,64978,195871,89455678,9,12,13,0.02813523555076423,0.028136673826184837,1.4382754206059e-06,4.976865588542933e-16
inlet,64979,195872,89455679,9,9,8,0.02813526740934847,0.028136609042465496,1.3416331170260087e-06,4.642454148151592e-16
inlet,64979,195872,89455679,9,12,13,0.02813535353871694,0.0281368472036668,1.493664949860779e-06,5.168530020935214e-16
inlet,64980,195873,89455680,7,7,10,0.028131338389323794,0.02813574422650856,4.405837184764949e-06,1.5245521935111902e-15
inlet,64980,195873,89455680,7,11,14,0.02813157064200303,0.02813573363855631,4.162996553282866e-06,1.4405220303721946e-15
inlet,64982,195875,89455685,7,7,10,0.028132017764700618,0.02813572466319405,3.7068984934315874e-06,1.2826983822340119e-15
inlet,64982,195875,89455685,7,11,14,0.028130919725321217,0.0281357182180762,4.798492754982953e-06,1.6604228318861717e-15
inlet,65022,195923,89456493,3,3,6,0.056260781134795546,0.05627632484427263,1.5543709477081058e-05,5.3785910338511175e-15
inlet,65022,195923,89456493,3,9,8,0.028135814891694293,0.028137636872542022,1.8219808477284993e-06,6.304601784979605e-16
inlet,65022,195923,89456493,3,11,14,0.02813363854497153,0.028138005432123088,4.366887151559251e-06,1.51107431040502e-15
inlet,65022,195923,89456493,3,12,13,0.02813422554910204,0.028138319413025345,4.093863923304575e-06,1.416600060890196e-15
inlet,65023,195924,89456494,3,3,6,0.056260919555244926,0.05627625822948794,1.5338674243012274e-05,5.307642675403477e-15
inlet,65023,195924,89456494,3,9,8,0.028135776025429778,0.028137584666736583,1.8086413068052476e-06,6.258442960851245e-16
inlet,65023,195924,89456494,3,12,13,0.028134744317923628,0.028138114295501233,3.3699775776052654e-06,1.1661136107769563e-15
inlet,65024,195925,89456495,3,7,10,0.028129770575571728,0.02813572941412092,5.958838549192241e-06,2.0619373798840755e-15
inlet,65024,195925,89456495,3,9,8,0.02813524684513999,0.028135822982346816,5.761372068278925e-07,1.993608037696322e-16
inlet,65025,195926,89456496,3,7,10,0.02812985869873171,0.02813570250527127,5.843806539562735e-06,2.0221328443894164e-15
inlet,65025,195926,89456496,3,9,8,0.028135215516631035,0.028135789257729603,5.737410985681701e-07,1.9853167823683182e-16
inlet,65028,195929,89456501,9,9,8,0.028135534719182734,0.028136189372503964,6.546533212296868e-07,2.2652974111737424e-16
inlet,65028,195929,89456501,9,12,13,0.02813462774317873,0.02813612871969468,1.5009765159494648e-06,5.193830238921146e-16
inlet,65029,195930,89456502,3,7,10,0.02813030055136718,0.028136899380871484,6.598829504302073e-06,2.283393501280007e-15
inlet,65029,195930,89456502,3,9,8,0.028136193424222997,0.028136892040762383,6.986165393858823e-07,2.4174233701302e-16
inlet,65033,195934,89456557,7,7,10,0.0281305983286517,0.028136303891397783,5.705562746084053e-06,1.974296333472485e-15
inlet,65033,195934,89456557,7,11,14,0.02813221537377747,0.028136296026633836,4.080652856366246e-06,1.4120286343406407e-15
inlet,65034,195935,89560651,3,2,5,0.056270599173774714,0.05627066021056437,6.10367896572428e-08,2.11205652080389e-17
inlet,65034,195935,89560651,3,5,2,0.05627022803007015,0.05627073477352155,5.067434513950086e-07,1.7534847702569098e-16
inlet,65034,195935,89560651,3,7,10,0.02813521946075824,0.028135545003915668,3.2554315742769346e-07,1.1264772480815737e-16
inlet,65034,195935,89560651,3,9,8,0.028130151389659075,0.028135582285679014,5.430896019939513e-06,1.8792533842513514e-15
inlet,65034,195935,89560651,3,11,14,0.028134179708400896,0.02813554268346644,1.3629750655434758e-06,4.716303709680142e-16
inlet,65034,195935,89560651,3,12,13,0.028134532702260594,0.02813558460613151,1.0519038709175255e-06,3.6399038060590104e-16
inlet,65034,195935,89560651,3,15,18,0.028135310256618962,0.028135309144131447,-1.112487515303462e-09,-3.849541439194582e-19
inlet,65034,195935,89560651,3,16,17,0.028135124684993962,0.02813534642558226,2.217405882971868e-07,7.672891350772261e-17
inlet,65034,195935,89560651,3,17,16,0.028135288917180458,0.028135351066448544,6.214926808606469e-08,2.1505516207762415e-17
inlet,65034,195935,89560651,3,18,15,0.02813510334510089,0.02813538834795491,2.850028540182792e-07,9.861956037617348e-17
inlet,65035,195936,89560652,3,2,5,0.05627078885151708,0.056270581399729624,-2.074517874567361e-07,-7.17845586097974e-17
inlet,65035,195936,89560652,3,3,6,0.05626298634618012,0.056272719923210084,9.733577029963358e-06,3.368110438364384e-15
inlet,65035,195936,89560652,3,5,2,0.05627020869229005,0.05627081356128915,6.048689991031142e-07,2.0930286814917057e-16
inlet,65035,195936,89560652,3,7,10,0.02813582729247819,0.02813630191918902,4.7462671082937335e-07,1.6423511871842495e-16
inlet,65035,195936,89560652,3,9,8,0.028130100241657446,0.028136418004140802,6.317762483356443e-06,2.1861358575368288e-15
inlet,65035,195936,89560652,3,16,17,0.028135043836520022,0.0281354670676135,4.232310934770833e-07,1.4645068913436263e-16
inlet,65035,195936,89560652,3,17,16,0.02813545493614514,0.028135230413273798,-2.2452287134350213e-07,-7.769166713282175e-17
inlet,65035,195936,89560652,3,18,15,0.028134872878065945,0.02813534649380483,4.736157388843254e-07,1.6388529201540225e-16
inlet,65036,195937,89560659,9,1,4,0.05626947406838735,0.05627063087594973,1.1568075623802354e-06,4.002902133550379e-16
inlet,65036,195937,89560659,9,5,2,0.056269039431540435,0.05627063074093705,1.5913093966146707e-06,5.506409178153263e-16
inlet,65036,195937,89560659,9,9,8,0.0281304965003395,0.028135516383173555,5.019882834054329e-06,1.7370304586584464e-15
inlet,65036,195937,89560659,9,11,14,0.028133620817443365,0.028135516450680374,1.895633237009725e-06,6.559461206531342e-16
inlet,65036,195937,89560659,9,12,13,0.028135198829458485,0.028135583067328027,3.842378695426141e-07,1.3295786073686034e-16
inlet,65036,195937,89560659,9,16,17,0.02813512282247148,0.028135282062441896,1.5923997041811244e-07,5.510181970297709e-17
inlet,65036,195937,89560659,9,17,16,0.028135245571895392,0.028135415429798163,1.6985790277090906e-07,5.877594368444989e-17
inlet,65036,195937,89560659,9,18,15,0.028134627454682593,0.028135348678534587,7.212238519946346e-07,2.4956514720361156e-16
inlet,65037,195938,89560673,7,2,5,0.05627017580976941,0.05626970039813926,-4.754116301533551e-07,-1.6450672441489588e-16
inlet,65037,195938,89560673,7,4,1,0.056270098251739495,0.05626995498900647,-1.432627330238967e-07,-4.957321496927762e-17
inlet,65037,195938,89560673,7,7,10,0.028134741967413758,0.02813551675900462,7.747915908608294e-07,2.681011961689001e-16
inlet,65037,195938,89560673,7,12,13,0.028134529755504196,0.028135644057454078,1.1143019498817408e-06,3.855819928617348e-16
inlet,65037,195938,89560673,7,15,18,0.028135140975085078,0.028135221444259468,8.046917438983558e-08,2.784475485164876e-17
inlet,65037,195938,89560673,7,16,17,0.028134339546034098,0.028136218550856587,1.8790048224893996e-06,6.501921890463928e-16
inlet,65037,195938,89560673,7,17,16,0.028135927469849647,0.028134478958778464,-1.4485110711830174e-06,-5.012284018423453e-16
inlet,65038,195939,89560674,3,2,5,0.056270600973304205,0.05627064408805012,4.3114745912342656e-08,1.4918998977227605e-17
inlet,65038,195939,89560674,3,5,2,0.056270184530243836,0.05627075088995761,5.663597137731124e-07,1.9597749706568722e-16
inlet,65038,195939,89560674,3,7,10,0.02813538301079545,0.02813580158228617,4.1857149071788946e-07,1.4483832641883056e-16
inlet,65038,195939,89560674,3,9,8,0.028130814527596065,0.028135854984150076,5.040456554011169e-06,1.7441495846210094e-15
inlet,65038,195939,89560674,3,11,14,0.028132740513401984,0.028136100164157334,3.359650755350302e-06,1.1625402196459256e-15
inlet,65038,195939,89560674,3,16,17,0.028134802197779987,0.028135647321554904,8.451237749167173e-07,2.9243824744433373e-16
inlet,65038,195939,89560674,3,17,16,0.028135590559745433,0.028135050170592136,-5.403891532966554e-07,-1.8699090194637393e-16
inlet,65039,195940,89560729,9,1,4,0.05626924503051187,0.056270686466304926,1.4414357930522814e-06,4.987801427847444e-16
inlet,65039,195940,89560729,9,3,6,0.05626310035367263,0.056272354981917225,9.254628244595442e-06,3.2023797518476205e-15
inlet,65039,195940,89560729,9,5,2,0.05626921247323778,0.05627065070369007,1.4382304522886358e-06,4.976709984638728e-16
inlet,65039,195940,89560729,9,7,10,0.028135763852179453,0.028136200882043657,4.3702986420382506e-07,1.5122547887283873e-16
inlet,65039,195940,89560729,9,9,8,0.028130868810989498,0.028136154099893017,5.285288903519869e-06,1.828868942108093e-15
inlet,65039,195940,89560729,9,11,14,0.02813250691776091,0.028136171981727146,3.665063966235005e-06,1.2682223774414161e-15
inlet,65039,195940,89560729,9,16,17,0.028135128234996205,0.028135319842780424,1.9160778421886682e-07,6.630205690187723e-17
inlet,65039,195940,89560729,9,17,16,0.028135384207565773,0.028135377641692577,-6.565873195835126e-09,-2.2719896272246846e-18
inlet,65039,195940,89560729,9,18,15,0.028134936546213622,0.028135330860910725,3.9431469710249356e-07,1.3644474618355162e-16
inlet,65040,195941,89560731,3,2,5,0.0562707970632573,0.05626956803614809,-1.2290271092091354e-06,-4.252803489218059e-16
inlet,65040,195941,89560731,3,3,6,0.05626208866067315,0.056274120218882985,1.2031558209835147e-05,4.163281049873913e-15
inlet,65040,195941,89560731,3,4,1,0.05627072976478618,0.05626970564963899,-1.0241151471857002e-06,-3.5437464630987965e-16
inlet,65040,195941,89560731,3,7,10,0.02813550281001888,0.028136495367567824,9.925575489427851e-07,3.434547680652759e-16
inlet,65040,195941,89560731,3,9,8,0.028130859536301154,0.02813762486264969,6.765326348537326e-06,2.341006417610479e-15
inlet,65040,195941,89560731,3,11,14,0.028131859738113395,0.028137556049125132,5.696311011736677e-06,1.9710949550961232e-15
inlet,65040,195941,89560731,3,12,13,0.02813557075585067,0.028136564178498528,9.934226478588992e-07,3.4375411831242676e-16
inlet,65040,195941,89560731,3,16,17,0.028134166357192132,0.028136409363932267,2.2430067401352227e-06,7.761478017295304e-16
inlet,65040,195941,89560731,3,17,16,0.02813641571628752,0.028134288127247963,-2.1275890395577868e-06,-7.362098055653043e-16
inlet,65041,195942,89560732,3,1,4,0.05626942467414868,0.0562706395775595,1.214903410817758e-06,4.2039312443754177e-16
inlet,65041,195942,89560732,3,3,6,0.05626323610170123,0.05627239248447885,9.156382777618377e-06,3.1683838650499098e-15
inlet,65041,195942,89560732,3,5,2,0.05626928059099309,0.05627068747655699,1.4068855638954547e-06,4.868247242255894e-16
inlet,65041,195942,89560732,3,7,10,0.028135789662325012,0.028136201246146315,4.1158382130257465e-07,1.4242038261203564e-16
inlet,65041,195942,89560732,3,9,8,0.028131485934204194,0.02813619123833342,4.705304129225957e-06,1.6281767642603884e-15
inlet,65041,195942,89560732,3,11,14,0.028131759914245547,0.02813616728811327,4.4073738677229135e-06,1.5250839320380693e-15
inlet,65041,195942,89560732,3,12,13,0.02813580490531861,0.028136225196395373,4.2029107676436195e-07,1.4543335491605831e-16
inlet,65041,195942,89560732,3,16,17,0.028135149557672205,0.028135314785029616,1.6522735741056338e-07,5.717363570296585e-17
inlet,65041,195942,89560732,3,17,16,0.028135392702126047,0.02813538269907892,-1.0003047126727616e-08,-3.461355197505327e-18
inlet,65042,195943,89560842,12,2,5,0.056270723973935045,0.05626964705061095,-1.0769233240934262e-06,-3.7264786398991424e-16
inlet,65042,195943,89560842,12,3,6,0.056262159422941514,0.05627392261447608,1.1763191534563955e-05,4.0704181077604885e-15
inlet,65042,195943,89560842,12,4,1,0.0562703376331301,0.05626979176699079,-5.458661393106801e-07,-1.888861038549658e-16
inlet,65042,195943,89560842,12,7,10,0.028135477408384763,0.028136436074400643,9.586660158801552e-07,3.317272781682914e-16
inlet,65042,195943,89560842,12,9,8,0.028131590780735613,0.028137486549879576,5.895769143962615e-06,2.040113468546915e-15
inlet,65042,195943,89560842,12,12,13,0.028135390925910345,0.028136508436737734,1.117510827389201e-06,3.866923610023514e-16
inlet,65042,195943,89560842,12,16,17,0.02813428153437127,0.02813632680086968,2.045266498409276e-06,7.077237300658817e-16
inlet,65042,195943,89560842,12,17,16,0.02813622424557984,0.02813437068921285,-1.85355636699025e-06,-6.413862579541456e-16
inlet,65043,195944,89560849,9,1,4,0.05626936955975692,0.05627059110567198,1.2215459150588526e-06,4.22691630711488e-16
inlet,65043,195944,89560849,9,5,2,0.05626935019572145,0.05627066990911411,1.3197133926640126e-06,4.566605308405997e-16
inlet,65043,195944,89560849,9,9,8,0.02813225023802389,0.02813556011783489,3.3098798110017813e-06,1.1453179757913314e-15
inlet,65043,195944,89560849,9,11,14,0.02813121474394527,0.028135520715798504,4.305971853232893e-06,1.4899957848519264e-15
inlet,65043,195944,89560849,9,12,13,0.028135239198314194,0.028135627103029127,3.8790471493244105e-07,1.3422669954044979e-16
inlet,65043,195944,89560849,9,16,17,0.028135118312118974,0.028135281761443795,1.6344932482134644e-07,5.65583829438765e-17
inlet,65043,195944,89560849,9,17,16,0.028135254311527837,0.028135415730666323,1.614191384863295e-07,5.585587740395568e-17
inlet,65044,195945,89560851,17,2,5,0.056270124427930675,0.05626998828865493,-1.361392757415203e-07,-4.710828447598033e-17
inlet,65044,195945,89560851,17,4,1,0.056270097263790016,0.056269793803500265,-3.034602897508676e-07,-1.0500638833931591e-16
inlet,65044,195945,89560851,17,7,10,0.028134855962348496,0.02813567433874098,8.183763924828058e-07,2.8318284856093674e-16
inlet,65044,195945,89560851,17,12,13,0.028134747914136365,0.028135577093812696,8.291796763301718e-07,2.8692110973490347e-16
inlet,65044,195945,89560851,17,16,17,0.02813439765684784,0.028136155196138393,1.7575392905547216e-06,6.081614613137936e-16
inlet,65044,195945,89560851,17,17,16,0.028135875458640228,0.028134542310173784,-1.3331484664431958e-06,-4.613094704952164e-16
inlet,65045,195946,89560852,11,1,4,0.05626909755946234,0.05627060630291016,1.5087434478214257e-06,5.220706159491238e-16
inlet,65045,195946,89560852,11,5,2,0.056268943757614556,0.0562706635379218,1.7197803072466211e-06,5.950957172989729e-16
inlet,65045,195946,89560852,11,9,8,0.028133086280585917,0.02813552059326314,2.4343126772234658e-06,8.423454104446501e-16
inlet,65045,195946,89560852,11,11,14,0.028130726642269146,0.028135491975565263,4.765333296116725e-06,1.6489486616819342e-15
inlet,65045,195946,89560852,11,15,18,0.028134885094523752,0.02813532012854521,4.350340214592796e-07,1.5053485724827625e-16
inlet,65045,195946,89560852,11,16,17,0.028135085732576247,0.02813528617437519,2.004417989434626e-07,6.935889172375028e-17
inlet,65045,195946,89560852,11,17,16,0.028135238298387023,0.02813541131790057,1.7301951354617429e-07,5.986995611394377e-17
inlet,65046,195947,89560866,7,1,4,0.05627012925790088,0.0562707588681913,6.29610290417415e-07,2.1786409916196136e-16
inlet,65046,195947,89560866,7,4,1,0.05627055109612502,0.056270636113020064,8.501689504475385e-08,2.941840299368778e-17
inlet,65046,195947,89560866,7,11,14,0.028130535273578307,0.028135777858689048,5.242585110740161e-06,1.814092145276227e-15
inlet,65046,195947,89560866,7,12,13,0.028135278929840548,0.028135716480234267,4.375503937191494e-07,1.5140559774266878e-16
inlet,65046,195947,89560866,7,15,18,0.028134775879389305,0.02813527752894691,5.016495576055935e-07,1.7358583655022815e-16
inlet,65046,195947,89560866,7,16,17,0.028134962421871995,0.02813548133961349,5.18917741495345e-07,1.7956114760305355e-16
inlet,65046,195947,89560866,7,17,16,0.028135377756287314,0.028135216151583597,-1.616047037161783e-07,-5.592008855528548e-17
inlet,65047,195948,89560868,3,1,4,0.056270196896144015,0.0562707242906962,5.273945521827583e-07,1.8249437908336405e-16
inlet,65047,195948,89560868,3,4,1,0.056270528036977484,0.05627067069370149,1.42656724003154e-07,4.9363517619349303e-17
inlet,65047,195948,89560868,3,7,10,0.028134422772156057,0.028135579403698634,1.1566315425773355e-06,4.002293052085588e-16
inlet,65047,195948,89560868,3,11,14,0.028130412598304164,0.028135534597306684,5.121999002519889e-06,1.7723657246018777e-15
inlet,65047,195948,89560868,3,12,13,0.028135147271029455,0.028135507798645074,3.605276156191939e-07,1.2475339967491894e-16
inlet,65047,195948,89560868,3,15,18,0.02813504475577313,0.028135420350745004,3.7559497187422686e-07,1.2996715816523648e-16
inlet,65047,195948,89560868,3,16,17,0.028135152140477324,0.028135303940071604,1.5179959427999434e-07,5.252722575267399e-17
inlet,65047,195948,89560868,3,17,16,0.028135210325996036,0.02813539355219221,1.832261961737247e-07,6.340177532008966e-17
inlet,65047,195948,89560868,3,18,15,0.028135317711087883,0.02813527714162969,-4.056945819216895e-08,-1.403825286379288e-17
inlet,65048,195949,89567890,3,1,4,0.05627022853281421,0.05627077192646712,5.433936529145034e-07,1.8803054918949785e-16
inlet,65048,195949,89567890,3,3,6,0.056262728390540424,0.05627243801617538,9.709625634957142e-06,3.359822535234271e-15
inlet,65048,195949,89567890,3,4,1,0.05627069722101909,0.05627062304082635,-7.418019274535448e-08,-2.5668578030090434e-17
inlet,65048,195949,89567890,3,11,14,0.02813020777955659,0.0281362562306738,6.048451117211112e-06,2.0929460239646506e-15
inlet,65048,195949,89567890,3,12,13,0.02813570690941044,0.02813618178555082,4.748761403793045e-07,1.6432142884554197e-16
inlet,65048,195949,89567890,3,15,18,0.028135125008012952,0.028135378983457176,2.539754442240638e-07,8.788314328288835e-17
inlet,65048,195949,89567890,3,16,17,0.02813510352480812,0.028135392943011685,2.894182035660664e-07,1.0014740413342225e-16
inlet,65048,195949,89567890,3,17,16,0.02813535935232219,0.02813530454065525,-5.4811666941323445e-08,-1.896648549663951e-17
inlet,65048,195949,89567890,3,18,15,0.02813533786870376,0.028135318500172826,-1.9368530935343076e-08,-6.70209430903924e-18
inlet,65049,195950,89567892,3,1,4,0.05627019247608573,0.056270723842178995,5.313660932648734e-07,1.8386865176173162e-16
inlet,65049,195950,89567892,3,4,1,0.05627053164045844,0.05627067114170784,1.3950124939932085e-07,4.827162848974695e-17
inlet,65049,195950,89567892,3,9,8,0.028134114006911057,0.02813561015861879,1.4961517077333175e-06,5.177134951190965e-16
inlet,65049,195950,89567892,3,11,14,0.028130303425697237,0.02813559388726905,5.290461571813565e-06,1.830658840931574e-15
inlet,65049,195950,89567892,3,12,13,0.028135188957650825,0.028135567536816234,3.7857916540887104e-07,1.309997788927649e-16
inlet,65049,195950,89567892,3,15,18,0.02813513691829053,0.02813533247477006,1.9555647953056754e-07,6.766842425648066e-17
inlet,65049,195950,89567892,3,16,17,0.02813505555787863,0.028135391367439748,3.3580956111667337e-07,1.162002092979674e-16
inlet,65049,195950,89567892,3,17,16,0.028135306501035944,0.02813530612456206,-3.764738833178516e-10,-1.3027128796238687e-19
inlet,65049,195950,89567892,3,18,15,0.02813522513950594,0.028135365017176592,1.3987767065112844e-07,4.840188156562363e-17
inlet,65050,195951,89567906,3,1,4,0.05627015396103774,0.05627073484814461,5.808871068740951e-07,2.010044120626117e-16
inlet,65050,195951,89567906,3,4,1,0.056270510884871394,0.05627066013515311,1.4925028171686172e-07,5.164508692250821e-17
inlet,65050,195951,89567906,3,11,14,0.028130344406481315,0.02813561138131489,5.266974833575272e-06,1.822531723020038e-15
inlet,65050,195951,89567906,3,12,13,0.02813516880203776,0.028135574024495222,4.0522245746063557e-07,1.4021915937290034e-16
inlet,65050,195951,89567906,3,15,18,0.028135197276534078,0.028135224690825838,2.741429176028598e-08,9.4861695709551e-18
inlet,65050,195951,89567906,3,16,17,0.028134956685116192,0.028135510158042883,5.534729266912231e-07,1.9151828110079807e-16
inlet,65050,195951,89567906,3,17,16,0.02813537573859642,0.02813518733451959,-1.8840407682921279e-07,-6.519347777753865e-17
inlet,65050,195951,89567906,3,18,15,0.028135135146887508,0.028135472801357614,3.3765447010614125e-07,1.1683860330318568e-16
inlet,65051,195952,89567908,9,1,4,0.056270132022631106,0.05627073994670562,6.079240745110459e-07,2.103600161369832e-16
inlet,65051,195952,89567908,9,4,1,0.05627053203951965,0.056270655035498565,1.2299597891562986e-07,4.256030842385372e-17
inlet,65051,195952,89567908,9,11,14,0.028130440657108916,0.028135681298915437,5.240641806521229e-06,1.8134197035618855e-15
inlet,65051,195952,89567908,9,12,13,0.02813521630678134,0.02813563884284214,4.225360607998385e-07,1.4621018692145302e-16
inlet,65051,195952,89567908,9,15,18,0.028134906257422813,0.028135541204496024,6.349470732108786e-07,2.197107865389262e-16
inlet,65051,195952,89567908,9,16,17,0.028134613938099372,0.02813519874325169,5.848051523177356e-07,2.0236017364091825e-16
inlet,65051,195952,89567908,9,18,15,0.028135425775368404,0.028135156287906554,-2.694874618493215e-07,-9.325076798271767e-17
inlet,65052,195953,89568017,12,4,1,0.056270087660336476,0.0562698068306707,-2.8082966577885893e-07,-9.717551171583183e-17
inlet,65052,195953,89568017,12,5,2,0.05626974550949287,0.05627056785782134,8.223483284747202e-07,2.845572578899737e-16
inlet,65052,195953,89568017,12,9,8,0.028134435077070908,0.028135651245592922,1.216168522014116e-06,4.208308909660264e-16
inlet,65052,195953,89568017,12,12,13,0.028134569527601266,0.028135270727049844,7.01199448577966e-07,2.426361012873895e-16
inlet,65052,195953,89568017,12,15,18,0.028134672369258307,0.028135858896861852,1.1865276035444294e-06,4.1057424157668723e-16
inlet,65052,195953,89568017,12,17,16,0.028134954781972744,0.02813496822984269,1.3447869946087154e-08,4.653367513274134e-18
inlet,65052,195953,89568017,12,18,15,0.028135584811715984,0.028134838600977326,-7.462107386585481e-07,-2.5821136159487654e-16
inlet,65053,195954,89568018,11,1,4,0.05626907358454152,0.056270618221584384,1.5446370428620626e-06,5.34490879512523e-16
inlet,65053,195954,89568018,11,2,5,0.05626897882608348,0.05627064447963501,1.665653551530255e-06,5.763662316882983e-16
inlet,65053,195954,89568018,11,7,10,0.02813307493260575,0.028135514152337792,2.4392197320415032e-06,8.440433990159e-16
inlet,65053,195954,89568018,11,11,14,0.02813063390967003,0.028135501023222934,4.867113552905339e-06,1.6841676920809188e-15
inlet,65053,195954,89568018,11,15,18,0.028135083206127117,0.028135282604585147,1.9939845802979805e-07,6.899786438392768e-17
inlet,65053,195954,89568018,11,16,17,0.028134382372285088,0.02813533561702421,9.532447391227827e-07,3.298513533382357e-16
inlet,65053,195954,89568018,11,18,15,0.028135231083437583,0.028135414887694114,1.8380425653025112e-07,6.360180159150333e-17
inlet,65054,195955,89568019,3,1,4,0.05627013408600297,0.05627074511635975,6.110303567841147e-07,2.1143488324043577e-16
inlet,65054,195955,89568019,3,4,1,0.056270535842504625,0.05627064986351057,1.1402100594248843e-07,3.945469780795975e-17
inlet,65054,195955,89568019,3,11,14,0.02813081794140141,0.028135805346321516,4.987404920105826e-06,1.7257921234966127e-15
inlet,65054,195955,89568019,3,12,13,0.028135303994039924,0.028135757719164316,4.537251243920404e-07,1.570025410913877e-16
inlet,65054,195955,89568019,3,15,18,0.02813489509746617,0.0281355666414741,6.715440079296808e-07,2.323744267874281e-16
inlet,65054,195955,89568019,3,18,15,0.02813543986850003,0.028135130850128413,-3.0901837161714796e-07,-1.0692965185215145e-16
inlet,65055,195956,89568026,18,4,1,0.05627009498993691,0.05626990603088376,-1.88959053147586e-07,-6.538551627738344e-17
inlet,65055,195956,89568026,18,5,2,0.056270088526022236,0.05626991137637749,-1.771496447450227e-07,-6.129910574309179e-17
inlet,65055,195956,89568026,18,9,8,0.02813482166452501,0.028135637656734238,8.159922092292049e-07,2.8235784943895853e-16
inlet,65055,195956,89568026,18,12,13,0.02813479279441968,0.028135634983922585,8.421895029038506e-07,2.914229010649797e-16
inlet,65055,195956,89568026,18,15,18,0.0281344132487573,0.02813613753804182,1.7242892845215074e-06,5.966559590661201e-16
inlet,65055,195956,89568026,18,18,15,0.028135857044816075,0.028134559967463384,-1.2970773526910229e-06,-4.488277801178629e-16
inlet,65056,195957,89568027,12,4,1,0.05627013115228271,0.05627000275536648,-1.2839691623106608e-07,-4.44291951951891e-17
inlet,65056,195957,89568027,12,5,2,0.05627053091552979,0.05626961210241055,-9.188131192411353e-07,-3.179369771560596e-16
inlet,65056,195957,89568027,12,7,10,0.028131055779626452,0.028136672577012262,5.616797385810113e-06,1.9435808487556644e-15
inlet,65056,195957,89568027,12,9,8,0.028134909562053684,0.028135587158382033,6.775963283488229e-07,2.3446871170624947e-16
inlet,65056,195957,89568027,12,12,13,0.02813492393704928,0.028135782490282864,8.58553233583359e-07,2.970852441011084e-16
inlet,65056,195957,89568027,12,15,18,0.028134281049294767,0.02813623881322769,1.9577639329242114e-06,6.774452103308796e-16
inlet,65056,195957,89568027,12,18,15,0.02813605414604487,0.02813445869536889,-1.5954506759827125e-06,-5.520739250463522e-16
inlet,65057,195958,89568028,15,1,4,0.05626936888496618,0.05627061519437197,1.246309405796009e-06,4.312605433923455e-16
inlet,65057,195958,89568028,15,2,5,0.0562692431665511,0.056270645521939645,1.4023553885425533e-06,4.852571472858108e-16
inlet,65057,195958,89568028,15,7,10,0.028131663095024313,0.028135527516148978,3.864421124665646e-06,1.3372059509217436e-15
inlet,65057,195958,89568028,15,11,14,0.02813189278970306,0.028135512352254793,3.6195625517342067e-06,1.2524775193415919e-15
inlet,65057,195958,89568028,15,15,18,0.028135101075196983,0.028135281612162662,1.8053696567918442e-07,6.247122067692545e-17
inlet,65057,195958,89568028,15,18,15,0.028135238109539468,0.028135415880059828,1.7777052035983232e-07,6.151394738175441e-17
inlet,65058,195959,89568033,11,1,4,0.05626921173925435,0.05627061342593184,1.4016866774907433e-06,4.850257531470561e-16
inlet,65058,195959,89568033,11,2,5,0.05626953177161005,0.05627065373957087,1.1219679608154287e-06,3.882346632383997e-16
inlet,65058,195959,89568033,11,7,10,0.028132320393875858,0.028135516353355094,3.195959479236621e-06,1.1058981142770064e-15
inlet,65058,195959,89568033,11,11,14,0.028131292138478477,0.02813549619639983,4.20405792135245e-06,1.454730498850222e-15
inlet,65058,195959,89568033,11,15,18,0.028135101316934127,0.02813528483671649,1.8351978236380573e-07,6.35033649729303e-17
inlet,65058,195959,89568033,11,16,17,0.028134968345564046,0.028135328589232362,3.602436683160237e-07,1.2465514536688718e-16
inlet,65058,195959,89568033,11,18,15,0.02813523824664883,0.028135412655563775,1.744089149456618e-07,6.035073079136056e-17
inlet,65059,195960,89568843,3,2,5,0.056270158238846416,0.05627073051757964,5.722787332212986e-07,1.9802565583886466e-16
inlet,65059,195960,89568843,3,5,2,0.056270515117649175,0.056270664466781584,1.4934913240838288e-07,5.1679292235203325e-17
inlet,65059,195960,89568843,3,7,10,0.028130166991763503,0.028135551302676993,5.384310913490037e-06,1.8631335361398308e-15
inlet,65059,195960,89568843,3,9,8,0.028135133226138052,0.02813551827705959,3.8505092153640064e-07,1.3323920118331445e-16
inlet,65059,195960,89568843,3,15,18,0.028135072522389785,0.028135380759566432,3.0823717664732464e-07,1.0665933489424788e-16
inlet,65059,195960,89568843,3,16,17,0.028135250962001854,0.02813534773414922,9.677214736492079e-08,3.3486073894455335e-17
inlet,65059,195960,89568843,3,17,16,0.02813508571647364,0.02813534975802174,2.640415480981151e-07,9.136631801171462e-17
inlet,65059,195960,89568843,3,18,15,0.028135264155664322,0.02813531673264091,5.2576976588419866e-08,1.8193215415049055e-17
inlet,65060,195961,89568844,7,2,5,0.056270166123650205,0.056270733843921054,5.677202708498363e-07,1.9644829073979056e-16
inlet,65060,195961,89568844,7,5,2,0.056270510690427905,0.05627066114074931,1.504503214025399e-07,5.2060336750946597e-17
inlet,65060,195961,89568844,7,7,10,0.028130266863191013,0.028135514669661067,5.247806470053823e-06,1.815898892657242e-15
inlet,65060,195961,89568844,7,9,8,0.028135105829699712,0.0281354783178843,3.724881845884598e-07,1.288921163121995e-16
inlet,65060,195961,89568844,7,15,18,0.028135090519259512,0.028135357365228913,2.668459694009362e-07,9.233673213948351e-17
inlet,65060,195961,89568844,7,17,16,0.0281352666964408,0.02813537647869539,1.0978225458910251e-07,3.7987962338047515e-17
inlet,65060,195961,89568844,7,18,15,0.028135247887792376,0.02813534012709717,9.223930479487774e-08,3.191757401731593e-17
inlet,65061,195962,89568849,9,4,1,0.0562703669146052,0.05626980596976401,-5.609448411880713e-07,-1.9410378827189563e-16
inlet,65061,195962,89568849,9,5,2,0.05626974151955674,0.05627058031436264,8.387948058977135e-07,2.902482337883703e-16
inlet,65061,195962,89568849,9,9,8,0.02813502695618254,0.02813568774636906,6.607901865199328e-07,2.286532811047073e-16
inlet,65061,195962,89568849,9,11,14,0.028133048789708674,0.028136192106814718,3.143317106043403e-06,1.0876822696695672e-15
inlet,65061,195962,89568849,9,12,13,0.02813448459203468,0.028135300568598472,8.159765637928695e-07,2.823524356473718e-16
inlet,65061,195962,89568849,9,15,18,0.028134671672668494,0.028135853098528518,1.1814258600237326e-06,4.0880888485808105e-16
inlet,65061,195962,89568849,9,16,17,0.028135040911917042,0.028135735922593264,6.950106762222685e-07,2.404945998940457e-16
inlet,65061,195962,89568849,9,18,15,0.028135661372042976,0.028134844398831824,-8.169732111512618e-07,-2.8269730561252804e-16
inlet,65062,195963,89568850,3,2,5,0.0562702625482324,0.05627081032746429,5.477792318908659e-07,1.895480914335349e-16
inlet,65062,195963,89568850,3,3,6,0.05626286022639285,0.0562730202846183,1.016005822545435e-05,3.515685760558627e-15
inlet,65062,195963,89568850,3,5,2,0.05627081201567629,0.056270584624201155,-2.2739147513550773e-07,-7.868429033245776e-17
inlet,65062,195963,89568850,3,7,10,0.028130733915643597,0.028136566570510675,5.832654867077985e-06,2.018274030267385e-15
inlet,65062,195963,89568850,3,9,8,0.028135963752993286,0.02813645371422078,4.899612274927856e-07,1.695413227462268e-16
inlet,65062,195963,89568850,3,11,14,0.02813276566655261,0.0281367779816533,4.012315100689751e-06,1.3883817152768827e-15
inlet,65062,195963,89568850,3,15,18,0.028134831123171954,0.02813567299255797,8.41869386015992e-07,2.9131213099266465e-16
inlet,65062,195963,89568850,3,18,15,0.02813570616614005,0.02813502448689852,-6.81679241529981e-07,-2.358815224809587e-16
inlet,65063,195964,89568905,7,1,4,0.05626924740152242,0.05627065527321507,1.4078716926504975e-06,4.871659544375872e-16
inlet,65063,195964,89568905,7,2,5,0.056269062884496374,0.05627067841442394,1.615529927563586e-06,5.590219500772219e-16
inlet,65063,195964,89568905,7,3,6,0.05626312785271359,0.056272338309530635,9.210456817045076e-06,3.1870951092386535e-15
inlet,65063,195964,89568905,7,7,10,0.02813096635640766,0.02813615961939591,5.193262988249792e-06,1.7970252072851147e-15
inlet,65063,195964,89568905,7,11,14,0.028132543619036457,0.02813614804845409,3.6044294176341973e-06,1.2472409997383149e-15
inlet,65063,195964,89568905,7,12,13,0.028135749838983065,0.028136190261092375,4.404221093101679e-07,1.5239929771836616e-16
inlet,65063,195964,89568905,7,15,18,0.028135128828509524,0.02813531810152332,1.8927301379673134e-07,6.549415610592406e-17
inlet,65063,195964,89568905,7,17,16,0.028134936501449524,0.028135360312916448,4.2381146692430094e-07,1.4665151580473323e-16
inlet,65063,195964,89568905,7,18,15,0.02813538165593537,0.028135379383116717,-2.27281865203266e-09,-7.864636199883535e-19
outlet_01,75135,220650,135145544,7,7,10,0.027796712229484807,0.027794059880181732,-2.652349303074869e-06,9.177926415309414e-16
outlet_01,75225,220848,135145983,7,7,10,0.027796634578368354,0.027794174751594493,-2.4598267738609736e-06,8.511740553452547e-16
outlet_01,75246,220869,135147240,15,15,18,0.027795001825537832,0.027794711623309973,-2.902022278594707e-07,1.0041870012239088e-16
outlet_01,75260,220884,135147291,7,7,10,0.027796607020391342,0.027794178036418992,-2.4289839723502793e-06,8.40501518271085e-16
outlet_01,75261,220885,135147292,7,7,10,0.02779662728924015,0.027794128885230824,-2.4984040093260773e-06,8.645229392194234e-16
outlet_01,75264,220888,135147295,2,2,5,0.05559019755307036,0.055589434636965154,-7.629161052069566e-07,2.6399192091805165e-16
outlet_01,75264,220888,135147295,2,15,18,0.027794984385993114,0.027794692660807543,-2.917251855708014e-07,1.0094568930107926e-16
outlet_01,75265,220889,135147296,2,2,5,0.055590014534967064,0.0555890459969464,-9.685380206667094e-07,3.351432887743431e-16
outlet_01,75265,220889,135147296,2,7,10,0.027796465821259032,0.02779429836827632,-2.1674529827112043e-06,7.500039290037967e-16
outlet_01,75265,220889,135147296,2,15,18,0.02779487317407609,0.027794521111594906,-3.5206248118549444e-07,1.2182420852961515e-16
outlet_01,75265,220889,135147296,2,17,16,0.027795017298947806,0.02779452488535162,-4.924135961863196e-07,1.703899160814399e-16
outlet_01,75267,220892,135147299,7,7,10,0.027796616318727783,0.027794128741949975,-2.4875767778084756e-06,8.607763914312092e-16
outlet_01,75267,220892,135147299,7,15,18,0.02779510694060523,0.02779440390549428,-7.030351109500732e-07,2.4327129568486273e-16
outlet_01,75268,220893,135147300,2,2,5,0.05559025200211082,0.055588902707886606,-1.3492942242121497e-06,4.668963883476681e-16
outlet_01,75268,220893,135147300,2,7,10,0.02779657132753228,0.02779420015027394,-2.371177258340962e-06,8.204986563979038e-16
outlet_01,75268,220893,135147300,2,15,18,0.02779511544447804,0.02779445262116565,-6.628233123889826e-07,2.293568038118247e-16
outlet_01,75271,220896,135147303,2,2,5,0.05559001886220832,0.05558904755119841,-9.71311009907716e-07,3.361028264632478e-16
outlet_01,75271,220896,135147303,2,7,10,0.027796459126067086,0.027794301156223247,-2.157969843839813e-06,7.467224777014781e-16
outlet_01,75271,220896,135147303,2,15,18,0.027795009753506586,0.027794531090202797,-4.786633037885679e-07,1.6563190130302247e-16
outlet_01,75271,220896,135147303,2,17,16,0.027794873714337524,0.027794516460997534,-3.5725333999078734e-07,1.2362040181727937e-16
outlet_01,75272,220897,135147304,2,2,5,0.05559022557961258,0.0555894499278292,-7.756517833787391e-07,2.683988486546878e-16
outlet_01,75272,220897,135147304,2,8,9,0.02779492020676307,0.027794775835770637,-1.4437099243175266e-07,4.9956706060838776e-17
outlet_01,75272,220897,135147304,2,17,16,0.02779501217186514,0.02779469071902592,-3.2145283922202506e-07,1.1123235167222447e-16
outlet_01,75278,220903,135147739,2,2,5,0.05559041248005355,0.055589368535678224,-1.0439443753271216e-06,3.6123615570999393e-16
outlet_01,75278,220903,135147739,2,17,16,0.027794991533685587,0.027794652013653515,-3.395200320714664e-07,1.174841438592921e-16
outlet_01,75279,220904,135147740,17,17,16,0.027795037364027497,0.027794711727884898,-3.2563614259933926e-07,1.126799004745408e-16
outlet_01,75281,220906,135147743,8,8,9,0.027794970061240296,0.027794818756314597,-1.513049256995913e-07,5.235605554422364e-17
outlet_01,75281,220906,135147743,8,17,16,0.027794906141529786,0.027794728072236853,-1.7806929293248674e-07,6.161733167897183e-17
outlet_01,75307,220963,135152256,7,7,10,0.027796142861693296,0.02779431785176842,-1.82500992487733e-06,6.315083303060966e-16
outlet_01,75307,220963,135152256,7,15,18,0.027794950867931947,0.0277945452383535,-4.056295784468644e-07,1.403600354803348e-16
outlet_01,75308,220966,135152259,7,7,10,0.02779619660392467,0.027794286786791522,-1.909817133147196e-06,6.608541753682949e-16
outlet_01,75309,220967,135152260,7,7,10,0.027796350759486776,0.027794128054990333,-2.2227044964434617e-06,7.691226147206909e-16
outlet_01,75311,220970,135152263,2,2,5,0.05559154780901429,0.055589038831556456,-2.508977457835182e-06,8.681816704529048e-16
outlet_01,75311,220970,135152263,2,7,10,0.02779634150375835,0.02779413653483991,-2.204968918440714e-06,7.629855712455538e-16
outlet_01,75311,220970,135152263,2,15,18,0.027795033992709512,0.027794435024000908,-5.989687086038753e-07,2.0726119015569567e-16
outlet_01,75312,220971,135152264,2,2,5,0.05559172840480947,0.055588504482925474,-3.223921883996339e-06,1.115573947433004e-15
outlet_01,75312,220971,135152264,2,7,10,0.02779649747262639,0.027793779072818124,-2.7183998082651317e-06,9.406481031259684e-16
outlet_01,75312,220971,135152264,2,11,14,0.027794880166057502,0.027794310220135204,-5.699459222976988e-07,1.9721843308834653e-16
outlet_01,75312,220971,135152264,2,15,18,0.027795081568785927,0.027794154248240475,-9.273205454525535e-07,3.2088080252859074e-16
outlet_01,75312,220971,135152264,2,17,16,0.027795607473120973,0.02779435023503049,-1.2572380904823932e-06,4.350421970286698e-16
outlet_01,75313,221022,135152315,7,7,10,0.027796418252334885,0.027794060042822956,-2.3582095119295543e-06,8.160114260697448e-16
outlet_01,75314,221023,135152316,7,7,10,0.027796435967992302,0.02779402868272663,-2.407285265671605e-06,8.329931130631668e-16
outlet_01,75315,221024,135152317,7,7,10,0.02779672658435226,0.02779357162189765,-3.154962454607335e-06,1.0917119105647727e-15
outlet_01,75316,221025,135152318,7,7,10,0.027796732398327355,0.027793617282835102,-3.115115492252629e-06,1.0779236629934168e-15
outlet_01,75317,221026,135152319,7,2,5,0.05559177366424534,0.05558841324515947,-3.360419085871036e-06,1.1628060851174815e-15
outlet_01,75317,221026,135152319,7,3,6,0.05559042710671752,0.05558872509515289,-1.7020115646304568e-06,5.889471978700022e-16
outlet_01,75317,221026,135152319,7,7,10,0.02779654714261684,0.027793687790152833,-2.859352464006787e-06,9.894219618684656e-16
outlet_01,75317,221026,135152319,7,11,14,0.02779499118354557,0.027794238274747838,-7.52908797731211e-07,2.6052909151163477e-16
outlet_01,75317,221026,135152319,7,15,18,0.027795235346341617,0.027794082350448304,-1.1529958933130524e-06,3.9897126120278704e-16
outlet_01,75317,221026,135152319,7,17,16,0.02779551089711304,0.02779433089526682,-1.1800018462175543e-06,4.0831613324680806e-16
outlet_01,75318,221027,135152320,7,2,5,0.055591786754977536,0.055588339827193606,-3.4469277839302426e-06,1.1927406968276047e-15
outlet_01,75318,221027,135152320,7,3,6,0.055590392354163645,0.05558857678603323,-1.8155681304130034e-06,6.282411854122621e-16
outlet_01,75318,221027,135152320,7,7,10,0.027796574697763397,0.027793576929930935,-2.9977678324619172e-06,1.037317842888224e-15
outlet_01,75318,221027,135152320,7,11,14,0.027794977134674454,0.0277942171080572,-7.600266172524961e-07,2.629920711700106e-16
outlet_01,75318,221027,135152320,7,12,13,0.027795112155736816,0.027794359678158864,-7.524775779525761e-07,2.6037987649713614e-16
outlet_01,75318,221027,135152320,7,15,18,0.027795287391797246,0.02779409862894126,-1.1887628559859031e-06,4.113477061578306e-16
outlet_01,75318,221027,135152320,7,17,16,0.02779540808926533,0.027794241198435172,-1.1668908301565306e-06,4.0377932731033077e-16
outlet_01,75319,221030,135152323,7,7,10,0.027796431115329194,0.02779403136280785,-2.3997525213440007e-06,8.303865569408663e-16
outlet_01,75320,221031,135152324,7,7,10,0.027796369189587774,0.027794087660829123,-2.281528758651258e-06,7.894775788783955e-16
outlet_01,75321,221032,135152325,7,7,10,0.02779672387858495,0.027793617227981498,-3.1066506034523045e-06,1.0749945568446494e-15
outlet_01,75322,221033,135152326,7,7,10,0.027796680149233068,0.02779363200974685,-3.048139486216267e-06,1.0547479502665739e-15
outlet_01,75323,221034,135152327,7,2,5,0.05559178096538172,0.05558840112588117,-3.379839500550208e-06,1.1695261327625487e-15
outlet_01,75323,221034,135152327,7,3,6,0.05559040048735295,0.055588604309777086,-1.7961775758620901e-06,6.215314702697652e-16
outlet_01,75323,221034,135152327,7,7,10,0.02779655615992639,0.027793621339784608,-2.9348201417839226e-06,1.0155360484471021e-15
outlet_01,75323,221034,135152327,7,11,14,0.027795121469687045,0.027794347009667607,-7.744600194377338e-07,2.679864624828406e-16
outlet_01,75323,221034,135152327,7,12,13,0.027794983461916316,0.027794257300181868,-7.261617344482552e-07,2.5127380306406853e-16
outlet_01,75323,221034,135152327,7,15,18,0.02779543346782627,0.027794245417555694,-1.1880502705750862e-06,4.111011301711188e-16
outlet_01,75323,221034,135152327,7,17,16,0.027795274119718345,0.027794155708397866,-1.118411320479018e-06,3.870039586982603e-16
outlet_01,75324,221035,135152328,7,2,5,0.055591748931441524,0.05558846345305704,-3.285478384483509e-06,1.1368743482210994e-15
outlet_01,75324,221035,135152328,7,3,6,0.05559042354311248,0.05558874654483134,-1.6769982811373763e-06,5.802918493818288e-16
outlet_01,75324,221035,135152328,7,7,10,0.027796499050841528,0.027793723617916224,-2.775432925303245e-06,9.60383277177316e-16
outlet_01,75324,221035,135152328,7,11,14,0.02779513562417266,0.027794467028060942,-6.68596111717823e-07,2.3135436602540726e-16
outlet_01,75324,221035,135152328,7,12,13,0.027794986509067074,0.02779427951708666,-7.069919804141012e-07,2.446404915420499e-16
outlet_01,75324,221035,135152328,7,15,18,0.027795529042418304,0.027794325481696323,-1.2035607219809674e-06,4.1646821291193194e-16
outlet_01,75324,221035,135152328,7,17,16,0.02779514064228366,0.02779413797167698,-1.002670606681244e-06,3.4695419024355946e-16
outlet_01,75333,221044,135152342,7,7,10,0.027795871032503163,0.02779440761473736,-1.4634177658047476e-06,5.063865665748381e-16
outlet_01,75334,221045,135152343,11,11,14,0.027794950472404913,0.02779481117542883,-1.392969760823093e-07,4.8200943777519575e-17
outlet_01,75335,221046,135152344,3,3,6,0.055590002179418084,0.05558947387685039,-5.283025676927622e-07,1.8280857976293193e-16
outlet_01,75335,221046,135152344,3,7,10,0.027795553175976782,0.027794567179043585,-9.859969331976748e-07,3.411845976741461e-16
outlet_01,75335,221046,135152344,3,11,14,0.0277949916154526,0.02779470740822756,-2.842072250389127e-07,9.834424881679299e-17
outlet_01,75337,221048,135152358,3,3,6,0.05559012743766745,0.055589720436684226,-4.070009832213284e-07,1.4083458278415492e-16
outlet_01,75337,221048,135152358,3,9,8,0.02779501622486729,0.027794918535529883,-9.768933740758601e-08,3.380344923829398e-17
outlet_01,75337,221048,135152358,3,11,14,0.027794971717476732,0.0277948557514762,-1.1596600053148665e-07,4.0127724441190374e-17
outlet_01,75339,221050,135152362,11,11,14,0.027794931660209396,0.02779480009229901,-1.3156791038582138e-07,4.552645455623861e-17
outlet_01,75340,221051,135152364,11,11,14,0.027794958932239076,0.02779483135454853,-1.275776905472481e-07,4.414571846627951e-17
outlet_01,75341,221052,135152365,11,11,14,0.02779496822151601,0.027794845856177523,-1.2236533848686282e-07,4.2342087865836224e-17
outlet_01,75342,221053,135152366,11,1,4,0.055590069147788836,0.055589663055024566,-4.0609276426989416e-07,1.4052031170773263e-16
outlet_01,75342,221053,135152366,11,3,6,0.055590308958824095,0.05558954659707598,-7.62361748112006e-07,2.638000966881373e-16
outlet_01,75342,221053,135152366,11,11,14,0.027794994953977057,0.02779472342935217,-2.715246248882752e-07,9.395568767205987e-17
outlet_01,75342,221053,135152366,11,15,18,0.027794983613341446,0.027794731841058663,-2.5177228278258634e-07,8.712078315304099e-17
outlet_01,75343,221054,135152368,16,1,4,0.05559002337891482,0.055589732024922706,-2.9135399211288604e-07,1.0081724519914134e-16
outlet_01,75343,221054,135152368,16,9,8,0.027795023056715294,0.02779488640938063,-1.3664733466284273e-07,4.728408814517025e-17
outlet_01,75343,221054,135152368,16,16,17,0.027795012746532365,0.027794921309362876,-9.143716948878389e-08,3.164001107317745e-17
outlet_01,75344,221055,135152369,7,3,6,0.05559029350853771,0.05558930443057547,-9.89077962240681e-07,3.422507264003798e-16
outlet_01,75344,221055,135152369,7,7,10,0.027795941971890607,0.027794444445622537,-1.4975262680703982e-06,5.181891343425014e-16
outlet_01,75344,221055,135152369,7,11,14,0.02779494501444551,0.027794628234111225,-3.1678033428350627e-07,1.0961552441454843e-16
outlet_01,75344,221055,135152369,7,15,18,0.027795053030105453,0.027794649643886,-4.033862194517679e-07,1.3958376578779282e-16
outlet_01,75345,221056,135152370,7,2,5,0.05559173148362183,0.05558924288857956,-2.4885950422673386e-06,8.611287415633706e-16
outlet_01,75345,221056,135152370,7,3,6,0.05559021390173724,0.05558917868610649,-1.0352156307527616e-06,3.582157475266286e-16
outlet_01,75345,221056,135152370,7,7,10,0.027796102646035527,0.027794329393957425,-1.7732520781015004e-06,6.135985584456285e-16
outlet_01,75345,221056,135152370,7,11,14,0.02779502135365608,0.02779456733516907,-4.540184870109598e-07,1.571040533818814e-16
outlet_01,75345,221056,135152370,7,12,13,0.027795094451926905,0.027794611350954842,-4.83100972063083e-07,1.671674680110664e-16
outlet_01,75345,221056,135152370,7,15,18,0.027795178285309072,0.027794599436380192,-5.788489288796606e-07,2.0029914116814328e-16
outlet_01,75346,221057,135152371,11,1,4,0.055590082618758654,0.05558970879549142,-3.7382326723706116e-07,1.2935409506790167e-16
outlet_01,75346,221057,135152371,11,3,6,0.05559018124463204,0.05558954660737951,-6.346372525278809e-07,2.1960357926320286e-16
outlet_01,75346,221057,135152371,11,9,8,0.027794969376635226,0.027794831508814417,-1.3786782080901783e-07,4.770641306397011e-17
outlet_01,75346,221057,135152371,11,11,14,0.027795008961891902,0.02779474630459859,-2.6265729331093057e-07,9.088732421696478e-17
outlet_01,75346,221057,135152371,11,15,18,0.027795091506315525,0.02779479619257312,-2.95313742404435e-07,1.0218743790930604e-16
outlet_01,75350,221062,135152397,7,7,10,0.027795950557927097,0.02779437100828179,-1.579549645306516e-06,5.465716901293854e-16
outlet_01,75351,221063,135152398,7,7,10,0.02779596327015493,0.027794319612744176,-1.6436574107533963e-06,5.687549053355906e-16
outlet_01,75352,221064,135152399,3,3,6,0.055590180541189166,0.05558945380244061,-7.267387485548893e-07,2.5147346730154827e-16
outlet_01,75352,221064,135152399,3,7,10,0.027795639354453873,0.02779455693434453,-1.082420109342619e-06,3.745499170294352e-16
outlet_01,75352,221064,135152399,3,11,14,0.0277949818439637,0.027794703106073078,-2.7873789062299315e-07,9.645169459130558e-17
outlet_01,75352,221064,135152399,3,12,13,0.02779509193137815,0.0277947506963879,-3.4123499025040527e-07,1.1807757097514696e-16
outlet_01,75353,221065,135152400,3,3,6,0.05559012908972248,0.05558936955441604,-7.595353064410171e-07,2.628220628506097e-16
outlet_01,75353,221065,135152400,3,7,10,0.027795636999618078,0.02779449527623591,-1.1417233821663098e-06,3.9507063326887878e-16
outlet_01,75353,221065,135152400,3,11,14,0.027794967312893076,0.027794682391809055,-2.849210840212557e-07,9.859126549756185e-17
outlet_01,75353,221065,135152400,3,12,13,0.027795068831461194,0.02779468716260719,-3.816688540041191e-07,1.3206890408455366e-16
outlet_01,75357,221070,135152405,7,7,10,0.02779596149235568,0.02779429155618083,-1.669936174852199e-06,5.778481481790004e-16
outlet_01,75358,221071,135152406,7,7,10,0.02779587955781044,0.027794382582590718,-1.4969752197210862e-06,5.179984550381051e-16
outlet_01,75359,221072,135152407,3,3,6,0.055590130490248114,0.055589363944491516,-7.66545756598902e-07,2.652478894795786e-16
outlet_01,75359,221072,135152407,3,7,10,0.027795641626533356,0.027794490622541086,-1.1510039922696391e-06,3.9828200352538267e-16
outlet_01,75359,221072,135152407,3,11,14,0.027795064165004428,0.027794672442069977,-3.9172293445077777e-07,1.355479183458374e-16
outlet_01,75359,221072,135152407,3,12,13,0.027794972854813346,0.027794691502424803,-2.8135238854323785e-07,9.735638951580769e-17
outlet_01,75360,221073,135152408,3,3,6,0.05559017840695227,0.055589448187840416,-7.302191118510604e-07,2.526777776913514e-16
outlet_01,75360,221073,135152408,3,7,10,0.02779563747818142,0.027794553767846335,-1.0837103350848365e-06,3.7499637394623284e-16
outlet_01,75360,221073,135152408,3,11,14,0.027795088396596952,0.027794738027429006,-3.503691679458687e-07,1.212382712138424e-16
outlet_01,75360,221073,135152408,3,12,13,0.02779498428890036,0.02779471016041839,-2.741284819696155e-07,9.485670054622461e-17
outlet_01,75363,221076,135152413,3,3,6,0.05559007123220401,0.05558964518228227,-4.260499217381697e-07,1.4742608850305262e-16
outlet_01,75363,221076,135152413,3,9,8,0.027794977808191304,0.027794877254210974,-1.0055398032976504e-07,3.4794701857827026e-17
outlet_01,75363,221076,135152413,3,11,14,0.02779503871229104,0.027794824154208562,-2.1455808247791697e-07,7.424355044448021e-17
outlet_01,75363,221076,135152413,3,12,13,0.02779502479901258,0.027794821028073805,-2.0377093877532726e-07,7.05108742461016e-17
outlet_01,75364,221077,135152414,3,3,6,0.05559000298851871,0.05558956712433101,-4.358641877005853e-07,1.5082211973916858e-16
outlet_01,75364,221077,135152414,3,9,8,0.02779494630156085,0.02779484021886567,-1.060826951802818e-07,3.6707803499848525e-17
outlet_01,75364,221077,135152414,3,11,14,0.027795010691279244,0.027794781797011742,-2.2889426750175024e-07,7.920430169517204e-17
outlet_01,75364,221077,135152414,3,12,13,0.027795002021212403,0.027794785327319375,-2.1669389302717001e-07,7.498260513970309e-17
outlet_01,75367,221080,135152421,3,3,6,0.05559000333791961,0.0555895668222518,-4.365156678065585e-07,1.5104755145235688e-16
outlet_01,75367,221080,135152421,3,9,8,0.027794948059941933,0.027794841818050794,-1.062418911387808e-07,3.6762890090103615e-17
outlet_01,75367,221080,135152421,3,11,14,0.027795001104853757,0.027794781770342628,-2.193345111298206e-07,7.589633843301273e-17
outlet_01,75367,221080,135152421,3,12,13,0.027795012872967897,0.02779478505190928,-2.2782105861540725e-07,7.883293913837406e-17
outlet_01,75368,221081,135152422,3,3,6,0.05559007078230051,0.055589644041086385,-4.267412141226168e-07,1.4766529646214624e-16
outlet_01,75368,221081,135152422,3,9,8,0.027794978846438844,0.027794878705413122,-1.001410257217561e-07,3.465180714178132e-17
outlet_01,75368,221081,135152422,3,11,14,0.02779502229876545,0.027794816496065196,-2.0580270025313818e-07,7.121392483280943e-17
outlet_01,75368,221081,135152422,3,12,13,0.027795039974003725,0.027794827545022285,-2.124289814400826e-07,7.35068174420303e-17
outlet_01,75369,221082,135152425,7,2,5,0.05559176820062014,0.05558918068736712,-2.587513253021756e-06,8.953574179441785e-16
outlet_01,75369,221082,135152425,7,3,6,0.05559016604423959,0.05558911069380147,-1.0553504381158318e-06,3.6518299652925637e-16
outlet_01,75369,221082,135152425,7,7,10,0.02779618152133113,0.02779426429811399,-1.917223217139802e-06,6.634169032047431e-16
outlet_01,75369,221082,135152425,7,11,14,0.027794981945547984,0.02779452202804168,-4.599175063048355e-07,1.5914529150006276e-16
outlet_01,75369,221082,135152425,7,12,13,0.027795087700724058,0.027794588665799737,-4.990349243214065e-07,1.7268109478573027e-16
outlet_01,75369,221082,135152425,7,15,18,0.027795274087429163,0.02779455702478254,-7.170626466213026e-07,2.481252449753811e-16
outlet_01,75369,221082,135152425,7,17,16,0.027795496752112698,0.02779462366262451,-8.730894881896212e-07,3.021152254454137e-16
outlet_01,75370,221083,135152426,7,2,5,0.05559178408083272,0.05558914750600312,-2.6365748296008906e-06,9.123341992127827e-16
outlet_01,75370,221083,135152426,7,3,6,0.05559020996170397,0.055588986534016255,-1.2234276877132189e-06,4.233427806536202e-16
outlet_01,75370,221083,135152426,7,7,10,0.027796198294019126,0.02779418562873994,-2.0126652791850608e-06,6.96442727569629e-16
outlet_01,75370,221083,135152426,7,11,14,0.027795076797319625,0.027794496156399024,-5.806409206013385e-07,2.0091922420695484e-16
outlet_01,75370,221083,135152426,7,12,13,0.02779506951076208,0.02779449037761753,-5.791331445514913e-07,2.0039748833980413e-16
outlet_01,75370,221083,135152426,7,15,18,0.027795437022310864,0.02779457664240083,-8.603799100358189e-07,2.9771732910008727e-16
outlet_01,75370,221083,135152426,7,17,16,0.027795409487356575,0.0277945708636026,-8.386237539750874e-07,2.901890446778998e-16
outlet_01,75371,221084,135152433,7,2,5,0.05559177531510602,0.055589150652401574,-2.6246627044465565e-06,9.082122455926584e-16
outlet_01,75371,221084,135152433,7,3,6,0.055590206719243786,0.055588986434436855,-1.2202848069312044e-06,4.222552493651893e-16
outlet_01,75371,221084,135152433,7,7,10,0.027796191733623632,0.027794187152125074,-2.004581498557534e-06,6.936454963123834e-16
outlet_01,75371,221084,135152433,7,11,14,0.027795070040448015,0.027794472253417447,-5.97787030567204e-07,2.0685229401013204e-16
outlet_01,75371,221084,135152433,7,12,13,0.027794953842097497,0.027794514181035217,-4.396610622792174e-07,1.521359525533626e-16
outlet_01,75371,221084,135152433,7,15,18,0.02779553087615007,0.027794554362337878,-9.765138121939354e-07,3.3790315255457246e-16
outlet_01,75371,221084,135152433,7,17,16,0.027795311651436606,0.027794596290079507,-7.153613570988482e-07,2.47536547625823e-16
outlet_01,75372,221085,135152434,7,2,5,0.05559173433295478,0.05558919835458422,-2.5359783705561356e-06,8.775247984418093e-16
outlet_01,75372,221085,135152434,7,3,6,0.05559014007674983,0.05558904488421561,-1.095192534224243e-06,3.789695602330176e-16
outlet_01,75372,221085,135152434,7,7,10,0.027796132207099474,0.02779424022726009,-1.891979839383634e-06,6.546819351803061e-16
outlet_01,75372,221085,135152434,7,11,14,0.02779506805276524,0.027794504798201773,-5.632545634660924e-07,1.9490302165653705e-16
outlet_01,75372,221085,135152434,7,12,13,0.027794978428011742,0.027794540086025027,-4.383419867151628e-07,1.5167951273040674e-16
outlet_01,75372,221085,135152434,7,15,18,0.027795606031366105,0.027794581533337376,-1.0244980287281436e-06,3.5450713484064185e-16
outlet_01,75372,221085,135152434,7,17,16,0.027795200497917113,0.027794616821258052,-5.836766590605613e-07,2.0196968102885878e-16
outlet_01,75377,221093,135152464,7,7,10,0.027796512516282977,0.027794121878394036,-2.390637888941005e-06,8.272326199612872e-16
outlet_01,75378,221100,135152471,7,7,10,0.027796654649252607,0.02779394293163005,-2.711717622557591e-06,9.383358658710132e-16
outlet_01,75379,221101,135152472,7,7,10,0.027796770975295454,0.02779379834594189,-2.9726293535627113e-06,1.0286191730236535e-15
outlet_01,75381,221103,135152474,7,7,10,0.027796393000831306,0.027794167426179153,-2.2255746521537834e-06,7.7011577493074595e-16
outlet_01,75382,221104,135152475,11,11,14,0.027794935076660456,0.027794813975174734,-1.2110148572136437e-07,4.190475679228257e-17
outlet_01,75382,221104,135152475,11,15,18,0.027794917276859073,0.027794788649273545,-1.2862758552723008e-07,4.450901371019427e-17
outlet_01,75383,221105,135152476,7,2,5,0.05559106446472707,0.05558921293420695,-1.8515305201249888e-06,6.406852540012916e-16
outlet_01,75383,221105,135152476,7,3,6,0.05559026941133997,0.0555891413492968,-1.12806204316529e-06,3.903433990414488e-16
outlet_01,75383,221105,135152476,7,7,10,0.027796229804176686,0.027794295748841517,-1.9340553351690493e-06,6.692413223529731e-16
outlet_01,75383,221105,135152476,7,11,14,0.027794837872610816,0.027794512058644312,-3.258139665042459e-07,1.1274143289458154e-16
outlet_01,75383,221105,135152476,7,15,18,0.027794924882115817,0.027794547851023907,-3.770310919096187e-07,1.3046409889597273e-16
outlet_01,75384,221106,135152477,11,11,14,0.027794928687286297,0.027794795416730942,-1.3327055535528043e-07,4.611562093123212e-17
outlet_01,75384,221106,135152477,11,15,18,0.027794923486973128,0.027794787639093373,-1.3584787975431944e-07,4.700745269921754e-17
outlet_01,75385,221107,135152478,7,2,5,0.05559089962771316,0.05558887682822828,-2.0227994848784348e-06,6.999494675764436e-16
outlet_01,75385,221107,135152478,7,3,6,0.0555905056770415,0.05558897969551978,-1.5259815217202877e-06,5.280355080393929e-16
outlet_01,75385,221107,135152478,7,7,10,0.027796405587589272,0.027794046873189635,-2.3587143996375848e-06,8.161861324037455e-16
outlet_01,75385,221107,135152478,7,11,14,0.027794794264811067,0.027794438408066585,-3.558567444814087e-07,1.2313713776144143e-16
outlet_01,75385,221107,135152478,7,15,18,0.027794774627850814,0.027794386974516024,-3.876533347900446e-07,1.3413971444966593e-16
outlet_01,75386,221108,135152479,1,1,4,0.05558994086622863,0.05558972818158524,-2.1268464339002646e-07,7.359528416702233e-17
outlet_01,75386,221108,135152479,1,11,14,0.02779494661029409,0.027794830165577714,-1.1644471637622944e-07,4.0293374523243986e-17
outlet_01,75386,221108,135152479,1,15,18,0.027794941165485452,0.027794822187108836,-1.189783766161745e-07,4.117009717876499e-17
outlet_01,75387,221109,135152481,7,7,10,0.027796577376981844,0.027793782692402007,-2.7946845798376696e-06,9.670449287359953e-16
outlet_01,75388,221110,135152482,7,7,10,0.02779670464794983,0.02779364703619874,-3.05761175109151e-06,1.0580256388391355e-15
outlet_01,75388,221110,135152482,7,15,18,0.027794999292887108,0.027794087438023588,-9.118548635195234e-07,3.155292113720498e-16
outlet_01,75389,221111,135152483,7,2,5,0.055591253697246046,0.05558860551826208,-2.648178983967464e-06,9.163495856765804e-16
outlet_01,75389,221111,135152483,7,3,6,0.05559033664685636,0.055588907791096376,-1.4288557599814733e-06,4.944270729348501e-16
outlet_01,75389,221111,135152483,7,7,10,0.027796437170793366,0.027793875269694557,-2.5619010988083e-06,8.864948421727241e-16
outlet_01,75389,221111,135152483,7,8,9,0.027795047955316975,0.027794730255142747,-3.1770017422730334e-07,1.0993381670388772e-16
outlet_01,75389,221111,135152483,7,11,14,0.027794869395298055,0.02779436393361003,-5.054616880259544e-07,1.7490494834455605e-16
outlet_01,75389,221111,135152483,7,12,13,0.027795240215571938,0.027794543857777534,-6.963577944031629e-07,2.4096074330595004e-16
outlet_01,75389,221111,135152483,7,15,18,0.027794900845931666,0.027794212797682072,-6.88048249593981e-07,2.3808539085086526e-16
outlet_01,75389,221111,135152483,7,17,16,0.027795527521456562,0.027794392720871194,-1.1348005853686893e-06,3.9267513733917443e-16
outlet_01,75390,221112,135152484,7,1,4,0.05558984426339925,0.05558951844285049,-3.2582054876328925e-07,1.127437105542049e-16
outlet_01,75390,221112,135152484,7,2,5,0.0555914307706391,0.05558842989383222,-3.000876806880104e-06,1.038393641554867e-15
outlet_01,75390,221112,135152484,7,3,6,0.055590447117943656,0.05558874994765648,-1.6971702871751426e-06,5.872719702448377e-16
outlet_01,75390,221112,135152484,7,7,10,0.027796561139138865,0.0277937085401412,-2.8525989976650734e-06,9.870850593699653e-16
outlet_01,75390,221112,135152484,7,8,9,0.027795044332752733,0.02779472136291807,-3.229698346644827e-07,1.1175727772653774e-16
outlet_01,75390,221112,135152484,7,11,14,0.027794967937728732,0.027794252804733504,-7.151329952277685e-07,2.474575275493044e-16
outlet_01,75390,221112,135152484,7,12,13,0.02779515974345101,0.02779449714345998,-6.625999910275793e-07,2.292795279032726e-16
outlet_01,75390,221112,135152484,7,15,18,0.02779493568768247,0.027794092778524775,-8.429091576944714e-07,2.9167192326975057e-16
outlet_01,75390,221112,135152484,7,17,16,0.027795538345036244,0.02779433711584444,-1.20122919180371e-06,4.156614333381731e-16
outlet_01,75391,221113,135152485,7,2,5,0.05559108935170719,0.055588650921332694,-2.4384303744934277e-06,8.437702575603908e-16
outlet_01,75391,221113,135152485,7,3,6,0.05559061416433652,0.05558879073697881,-1.8234273577097393e-06,6.309607144624898e-16
outlet_01,75391,221113,135152485,7,7,10,0.02779657634833758,0.02779383944514494,-2.736903192641915e-06,9.470508307021374e-16
outlet_01,75391,221113,135152485,7,11,14,0.02779484057753373,0.027794319229184662,-5.213483490681958e-07,1.8040221093593574e-16
outlet_01,75391,221113,135152485,7,12,13,0.02779533110875842,0.027794471508002724,-8.596007556940788e-07,2.9744771826088257e-16
outlet_01,75391,221113,135152485,7,15,18,0.027794841093068692,0.027794249321553114,-5.917715155782932e-07,2.0477074487727808e-16
outlet_01,75391,221113,135152485,7,17,16,0.02779545227122741,0.027794401599988153,-1.050671239257589e-06,3.635638529740027e-16
outlet_01,75392,221114,135152486,7,2,5,0.055591275310877486,0.05558848095393213,-2.794356945355625e-06,9.669315573499626e-16
outlet_01,75392,221114,135152486,7,3,6,0.055590760728768396,0.05558869231953451,-2.0684092338837945e-06,7.157318126735482e-16
outlet_01,75392,221114,135152486,7,7,10,0.027796684609407412,0.02779370525628885,-2.9793531185623445e-06,1.0309457979643777e-15
outlet_01,75392,221114,135152486,7,11,14,0.027794955609085882,0.027794238835898002,-7.167731878796046e-07,2.4802508354383466e-16
outlet_01,75392,221114,135152486,7,12,13,0.027795262931966817,0.027794453484050925,-8.09447915892797e-07,2.8009332709221785e-16
outlet_01,75392,221114,135152486,7,15,18,0.02779498211109075,0.02779413315350491,-8.48957585841692e-07,2.937648613454076e-16
outlet_01,75392,221114,135152486,7,17,16,0.02779545851552292,0.027794347800841654,-1.1107146812676383e-06,3.843406900162154e-16
outlet_01,75394,221116,135152490,7,7,10,0.027796523598807056,0.02779423312526912,-2.2904735379365715e-06,7.92572741570075e-16
outlet_01,75395,221117,135152491,11,11,14,0.027794937937782902,0.027794801091639613,-1.3684614328865474e-07,4.735288190986467e-17
outlet_01,75395,221117,135152491,11,15,18,0.02779492420579101,0.02779478162054283,-1.4258524818136498e-07,4.933878483501758e-17
outlet_01,75396,221118,135152492,7,2,5,0.05559052618333467,0.0555889439235262,-1.5822598084663797e-06,5.475094881044061e-16
outlet_01,75396,221118,135152492,7,3,6,0.055590769356671794,0.055589206842917585,-1.5625137542094047e-06,5.406767593701807e-16
outlet_01,75396,221118,135152492,7,7,10,0.027796461324830588,0.027794193991769783,-2.2673330608048714e-06,7.845654404169546e-16
outlet_01,75396,221118,135152492,7,11,14,0.027794926858811287,0.027794543958665326,-3.829001459614012e-07,1.3249496813903534e-16
outlet_01,75396,221118,135152492,7,15,18,0.027794812616925756,0.02779441249925087,-4.001176748848201e-07,1.384527510498083e-16
outlet_01,75397,221119,135152493,15,15,18,0.027794964779716377,0.02779481266935649,-1.5211035988768606e-07,5.2634760000764805e-17
outlet_01,75398,221120,135152494,2,2,5,0.05559037598182069,0.05558940179900064,-9.741828200515723e-07,3.3709655915707123e-16
outlet_01,75398,221120,135152494,2,15,18,0.02779500463501113,0.02779466877158062,-3.3586343050825973e-07,1.1621884972784758e-16
outlet_01,75399,221121,135152495,1,1,4,0.05558996020339178,0.05558973482546072,-2.2537793106097714e-07,7.798754351526441e-17
outlet_01,75399,221121,135152495,1,15,18,0.027794945390542142,0.02779481807781566,-1.2731272648267011e-07,4.4054032929816464e-17
outlet_01,75400,221122,135152497,7,7,10,0.027796666443755957,0.027794075991894842,-2.5904518611147287e-06,8.963742647376785e-16
outlet_01,75401,221123,135152498,7,7,10,0.027796768412607302,0.02779393538554548,-2.8330270618222297e-06,9.803125808445112e-16
outlet_01,75402,221124,135152499,7,2,5,0.05559086793360761,0.05558873817880454,-2.1297548030707603e-06,7.369592248869595e-16
outlet_01,75402,221124,135152499,7,3,6,0.05559089751377927,0.05558904796652229,-1.849547256980999e-06,6.399989852969157e-16
outlet_01,75402,221124,135152499,7,7,10,0.027796613401307357,0.027794011684596803,-2.601716710553398e-06,9.002722414901292e-16
outlet_01,75402,221124,135152499,7,11,14,0.02779496975395717,0.027794439860078186,-5.298938789838337e-07,1.833592213362863e-16
outlet_01,75402,221124,135152499,7,12,13,0.027795426754387065,0.027794608106698714,-8.186476883505212e-07,2.8327672509174594e-16
outlet_01,75402,221124,135152499,7,15,18,0.027794897533096594,0.02779428496668812,-6.125664084727367e-07,2.1196640332913379e-16
outlet_01,75402,221124,135152499,7,17,16,0.027795386291184866,0.027794453212371027,-9.330788138389723e-07,3.2287333659900473e-16
outlet_01,75403,221125,135152500,7,2,5,0.05559088913721352,0.05558856156508095,-2.3275721325738408e-06,8.054099712402968e-16
outlet_01,75403,221125,135152500,7,3,6,0.05559090531563584,0.05558896850548582,-1.9368101500175094e-06,6.701945711553708e-16
outlet_01,75403,221125,135152500,7,7,10,0.02779670656248829,0.027793883650008223,-2.822912480066747e-06,9.76812631310495e-16
outlet_01,75403,221125,135152500,7,11,14,0.02779499591764442,0.02779437564974508,-6.202678993413868e-07,2.1463135083053204e-16
outlet_01,75403,221125,135152500,7,12,13,0.027795357493379958,0.027794592856165104,-7.646372148541192e-07,2.645874766269481e-16
outlet_01,75403,221125,135152500,7,15,18,0.02779503130292809,0.02779417218033769,-8.591225903985256e-07,2.9728225868540906e-16
outlet_01,75403,221125,135152500,7,17,16,0.02779538010642798,0.027794389385167616,-9.907212603632587e-07,3.4281935698119925e-16
outlet_01,75404,221126,135152501,2,2,5,0.0555904038091403,0.055588882679875024,-1.5211292652764219e-06,5.263564813539416e-16
outlet_01,75404,221126,135152501,2,7,10,0.027796577529128827,0.027794170687675507,-2.406841453320152e-06,8.328395406396886e-16
outlet_01,75404,221126,135152501,2,15,18,0.02779480185623856,0.02779438226573599,-4.195905025684843e-07,1.4519093517101284e-16
outlet_01,75404,221126,135152501,2,17,16,0.027795300991328344,0.027794500414264588,-8.005770637566079e-07,2.7702374541786414e-16
outlet_01,75405,221127,135152502,2,2,5,0.05559060733315298,0.05558882199606616,-1.7853370868209373e-06,6.177803349796159e-16
outlet_01,75405,221127,135152502,2,7,10,0.02779665774630493,0.02779410618782105,-2.5515584838806116e-06,8.829159863018868e-16
outlet_01,75405,221127,135152502,2,15,18,0.027794958680119518,0.02779436276406888,-5.959160506371908e-07,2.062048786752712e-16
outlet_01,75405,221127,135152502,2,17,16,0.027795305870762465,0.027794459232080976,-8.466386814884319e-07,2.9296245068653666e-16
outlet_01,75406,221128,135152505,1,1,4,0.05558994702776908,0.05558972639514218,-2.2063262689747676e-07,7.634552553594404e-17
outlet_01,75406,221128,135152505,1,11,14,0.027794944516885085,0.027794821914394714,-1.2260249037179816e-07,4.242414955155255e-17
outlet_01,75406,221128,135152505,1,15,18,0.027794935030127272,0.027794808437791176,-1.2659233609643716e-07,4.3804756186837046e-17
outlet_01,75407,221129,135152507,1,1,4,0.05558998836589202,0.05558980502756551,-1.8333832650652138e-07,6.344057578811772e-17
outlet_01,75407,221129,135152507,1,13,12,0.027795000787824417,0.027794911989482148,-8.879834226954708e-08,3.072689747939876e-17
outlet_01,75407,221129,135152507,1,16,17,0.027795009819926622,0.027794924718863967,-8.510106265513517e-08,2.944752751864144e-17
outlet_01,75408,221130,135152509,1,1,4,0.055589991539212534,0.05558980440487566,-1.871343368736733e-07,6.475410955914414e-17
outlet_01,75408,221130,135152509,1,13,12,0.027795008101330974,0.027794919739616803,-8.836171417128669e-08,3.057581102362747e-17
outlet_01,75408,221130,135152509,1,16,17,0.027795008592473407,0.027794920451046534,-8.814142687246784e-08,3.04995849919942e-17
outlet_01,75409,221137,135152527,7,7,10,0.027796860406711296,0.027793543159981685,-3.317246729611645e-06,1.147867151227256e-15
outlet_01,75410,221138,135152528,7,7,10,0.02779688868319779,0.02779344546654949,-3.4432166482988025e-06,1.1914565322681667e-15
outlet_01,75411,221145,135152535,7,7,10,0.027796880351566355,0.027793447594522673,-3.432757043682344e-06,1.1878371944459651e-15
outlet_01,75412,221146,135152536,7,7,10,0.027796835226275452,0.027793527780775297,-3.3074455001551317e-06,1.1444756310143203e-15
outlet_01,75413,221147,135152537,2,2,5,0.05559165433157029,0.05558824634308628,-3.407988484006863e-06,1.1792665277599736e-15
outlet_01,75413,221147,135152537,2,7,10,0.027796772383397183,0.027793496255481675,-3.2761279155080203e-06,1.1336388046934735e-15
outlet_01,75413,221147,135152537,2,15,18,0.027795151028983188,0.027793977055679715,-1.1739733034726862e-06,4.062300761185179e-16
outlet_01,75414,221148,135152538,2,2,5,0.05559168866068906,0.05558798673935717,-3.70192133188757e-06,1.2809761346267626e-15
outlet_01,75414,221148,135152538,2,7,10,0.027796809783744283,0.027793295753734203,-3.5140300100808264e-06,1.2159600855106692e-15
outlet_01,75414,221148,135152538,2,15,18,0.02779529283522346,0.0277940014236852,-1.2914115382588187e-06,4.468672378966221e-16
outlet_01,75414,221148,135152538,2,17,16,0.027795407527646514,0.027793985315674303,-1.42221197221154e-06,4.92128122521317e-16
outlet_01,75415,221149,135152541,7,2,5,0.05559130145403536,0.05558813903248065,-3.1624215547088053e-06,1.0942929835696123e-15
outlet_01,75415,221149,135152541,7,3,6,0.05559076235464221,0.05558838178271224,-2.3805719299718753e-06,8.237494953739225e-16
outlet_01,75415,221149,135152541,7,7,10,0.02779678346950252,0.02779337903754145,-3.4044319610695983e-06,1.1780358638434702e-15
outlet_01,75415,221149,135152541,7,8,9,0.02779498746567743,0.027794760012093453,-2.274535839778824e-07,7.870578186015338e-17
outlet_01,75415,221149,135152541,7,11,14,0.027795055165600765,0.027794199171539236,-8.559940615285311e-07,2.9619969359024257e-16
outlet_01,75415,221149,135152541,7,12,13,0.027795239712972934,0.027794182611175472,-1.0571017974615737e-06,3.657890195437722e-16
outlet_01,75415,221149,135152541,7,15,18,0.02779510832722822,0.027794077796387276,-1.0305308409432057e-06,3.565946693340448e-16
outlet_01,75415,221149,135152541,7,17,16,0.027795348051870332,0.027794061236095836,-1.2868157744962139e-06,4.452769653941869e-16
outlet_01,75416,221150,135152542,7,2,5,0.055591312837434015,0.05558801232033876,-3.3005170952532525e-06,1.1420781945118506e-15
outlet_01,75416,221150,135152542,7,3,6,0.05559076058519728,0.05558833766037002,-2.4229248272653048e-06,8.384048718125997e-16
outlet_01,75416,221150,135152542,7,7,10,0.02779681346182092,0.02779329362339982,-3.519838421096877e-06,1.217969970439226e-15
outlet_01,75416,221150,135152542,7,8,9,0.02779496379241995,0.027794718715206827,-2.4507721312419517e-07,8.480408766354231e-17
outlet_01,75416,221150,135152542,7,11,14,0.027795174521235314,0.027794138229509453,-1.0362917258616156e-06,3.5858810880323295e-16
outlet_01,75416,221150,135152542,7,12,13,0.027795129700007314,0.027794199430894253,-9.302691130613772e-07,3.219010956141574e-16
outlet_01,75416,221150,135152542,7,15,18,0.027795245749224325,0.02779397555967293,-1.270189551393075e-06,4.395237920837099e-16
outlet_01,75416,221150,135152542,7,17,16,0.027795214985384023,0.02779403676069953,-1.1782246844942168e-06,4.0770118183350866e-16
outlet_01,75417,221151,135152545,2,2,5,0.05559168586111027,0.05558800989440401,-3.6759667062583046e-06,1.2719950534438978e-15
outlet_01,75417,221151,135152545,2,7,10,0.027796798718988477,0.027793335637599857,-3.463081388620226e-06,1.198330329950768e-15
outlet_01,75417,221151,135152545,2,15,18,0.027795431458775777,0.027793975762945004,-1.4556958307723744e-06,5.037145447778313e-16
outlet_01,75417,221151,135152545,2,17,16,0.027795277117484012,0.02779403413148965,-1.2429859943610677e-06,4.3011054306763986e-16
outlet_01,75418,221152,135152546,2,2,5,0.05559153211936012,0.055588274223853804,-3.257895506314501e-06,1.1273298426816474e-15
outlet_01,75418,221152,135152546,2,7,10,0.027796725472621502,0.02779355501897867,-3.1704536428318886e-06,1.09707232766541e-15
outlet_01,75418,221152,135152546,2,15,18,0.027795554469894512,0.027794238903814016,-1.3155660804967106e-06,4.552254360795633e-16
outlet_01,75418,221152,135152546,2,17,16,0.027795132267632375,0.02779403532041259,-1.0969472197842889e-06,3.795767342177351e-16
outlet_01,75419,221153,135152549,7,2,5,0.05559131729649278,0.055588007858213336,-3.3094382794474075e-06,1.145165192592249e-15
outlet_01,75419,221153,135152549,7,3,6,0.05559075687720186,0.05558839429264844,-2.3625845534183676e-06,8.175253220261221e-16
outlet_01,75419,221153,135152549,7,7,10,0.027796802919541806,0.02779331970742621,-3.4832121155944917e-06,1.2052961670161314e-15
outlet_01,75419,221153,135152549,7,8,9,0.027794964935717596,0.027794688167631962,-2.767680856337329e-07,9.577008281328745e-17
outlet_01,75419,221153,135152549,7,11,14,0.02779514125906243,0.0277941655930579,-9.75666004529585e-07,3.376097856006527e-16
outlet_01,75419,221153,135152549,7,12,13,0.027795034218742565,0.027794228699626364,-8.055191162009701e-07,2.78733844220551e-16
outlet_01,75419,221153,135152549,7,15,18,0.027795367054942764,0.0277939723760597,-1.394678883062661e-06,4.826008454804833e-16
outlet_01,75419,221153,135152549,7,17,16,0.02779522582995729,0.027794035482189453,-1.190347767836969e-06,4.1189613333244784e-16
outlet_01,75420,221154,135152550,7,2,5,0.055591291358168995,0.05558819051218581,-3.1008459831852186e-06,1.07298598362926e-15
outlet_01,75420,221154,135152550,7,3,6,0.055590746877944006,0.055588430770255944,-2.3161076880620635e-06,8.014429285887309e-16
outlet_01,75420,221154,135152550,7,7,10,0.02779674883589386,0.027793429269392395,-3.3195665014654208e-06,1.1486698620673997e-15
outlet_01,75420,221154,135152550,7,8,9,0.02779498219735913,0.027794761258752257,-2.209386068714736e-07,7.645140381082456e-17
outlet_01,75420,221154,135152550,7,11,14,0.02779525568785988,0.027794186367216245,-1.069320643636018e-06,3.7001710786302287e-16
outlet_01,75420,221154,135152550,7,12,13,0.02779504550866682,0.027794244403069993,-8.011055968280834e-07,2.7720663375886945e-16
outlet_01,75420,221154,135152550,7,15,18,0.02779536231267872,0.027794066238306603,-1.2960743721174284e-06,4.484807186697436e-16
outlet_01,75420,221154,135152550,7,17,16,0.027795099104617037,0.027794124273909506,-9.74830707531349e-07,3.373207477135293e-16
outlet_01,75421,221155,135152553,7,7,10,0.02779682574130933,0.027793872897034024,-2.9528442753064266e-06,1.021772940811825e-15
outlet_01,75422,221156,135152554,7,7,10,0.027796861927027967,0.027793759619256054,-3.102307771913476e-06,1.073491806499842e-15
outlet_01,75423,221157,135152555,7,2,5,0.05559105790836505,0.055588253736552656,-2.804171812392786e-06,9.70327796576021e-16
outlet_01,75423,221157,135152555,7,3,6,0.055591045842183266,0.055588587787389544,-2.4580547937219643e-06,8.505608969159949e-16
outlet_01,75423,221157,135152555,7,7,10,0.0277968104417536,0.027793539386395703,-3.271055357897956e-06,1.1318835471778585e-15
outlet_01,75423,221157,135152555,7,11,14,0.027795073062738887,0.02779422430387406,-8.487588648263544e-07,2.9369609789657264e-16
outlet_01,75423,221157,135152555,7,12,13,0.027795269176078174,0.027794363483689723,-9.056923884510903e-07,3.133968096311219e-16
outlet_01,75423,221157,135152555,7,15,18,0.027795147932418583,0.02779405727887382,-1.0906535447621768e-06,3.7739893334633965e-16
outlet_01,75423,221157,135152555,7,17,16,0.027795258380106654,0.027794196457853075,-1.0619222535791784e-06,3.6745704235978342e-16
outlet_01,75424,221158,135152556,7,2,5,0.055591062711701666,0.05558823341351653,-2.8292981851391064e-06,9.790222773475399e-16
outlet_01,75424,221158,135152556,7,3,6,0.05559104835332449,0.055588529555959,-2.5187973654930418e-06,8.715796538853466e-16
outlet_01,75424,221158,135152556,7,7,10,0.027796831684935436,0.027793500110468827,-3.331574466608478e-06,1.1528249792064891e-15
outlet_01,75424,221158,135152556,7,11,14,0.027795191439829888,0.027794211733327613,-9.797065022749962e-07,3.390079193587372e-16
outlet_01,75424,221158,135152556,7,12,13,0.02779527369788511,0.02779431782273262,-9.558751524890718e-07,3.307615554858058e-16
outlet_01,75424,221158,135152556,7,15,18,0.02779512323251705,0.027794063662388978,-1.0595701280709247e-06,3.6664313618199236e-16
outlet_01,75424,221158,135152556,7,17,16,0.027795252300765412,0.02779416975122879,-1.0825495366205418e-06,3.7459470276076905e-16
outlet_01,75425,221159,135152557,2,2,5,0.05559053982938334,0.05558851824171527,-2.0215876680718114e-06,6.995301425099024e-16
outlet_01,75425,221159,135152557,2,7,10,0.02779673897900049,0.027793918419451162,-2.8205595493276114e-06,9.759984464985975e-16
outlet_01,75425,221159,135152557,2,15,18,0.027795059073338877,0.027794259106414705,-7.999669241719187e-07,2.76812618768563e-16
outlet_01,75425,221159,135152557,2,17,16,0.02779516094143159,0.027794259135300564,-9.018061310275827e-07,3.1205204766396492e-16
outlet_01,75426,221160,135152558,2,2,5,0.05559064860913877,0.05558850266294816,-2.14594619060704e-06,7.425619320114493e-16
outlet_01,75426,221160,135152558,2,7,10,0.027796755737644094,0.02779389515536342,-2.8605822806754277e-06,9.898475154287009e-16
outlet_01,75426,221160,135152558,2,15,18,0.02779505524657539,0.027794266790795972,-7.884557794192448e-07,2.728294164289037e-16
outlet_01,75426,221160,135152558,2,17,16,0.027795161695879197,0.02779423587216079,-9.258237184082974e-07,3.2036285534672066e-16
outlet_01,75427,221161,135152561,7,7,10,0.027796860174485263,0.027793733458534323,-3.1267159509400233e-06,1.0819377706410524e-15
outlet_01,75428,221162,135152562,7,7,10,0.027796799682790915,0.02779387872826359,-2.9209545273252424e-06,1.0107381287667158e-15
outlet_01,75429,221163,135152563,7,2,5,0.05559106524941219,0.055588251707892736,-2.8135415194516233e-06,9.73569997059167e-16
outlet_01,75429,221163,135152563,7,3,6,0.05559104461578404,0.05558867007099447,-2.3745447895739957e-06,8.21663923499873e-16
outlet_01,75429,221163,135152563,7,7,10,0.02779681811837965,0.027793579512472476,-3.2386059071742856e-06,1.1206550611479907e-15
outlet_01,75429,221163,135152563,7,11,14,0.02779529713140095,0.02779432364999888,-9.734814020688487e-07,3.368538474363959e-16
outlet_01,75429,221163,135152563,7,12,13,0.027795174196728376,0.027794346421000253,-8.277757281224818e-07,2.8643530142428066e-16
outlet_01,75429,221163,135152563,7,15,18,0.027795271202975223,0.0277941144685337,-1.1567344415236436e-06,4.0026491133918173e-16
outlet_01,75429,221163,135152563,7,17,16,0.027795132428168046,0.027794137239363692,-9.951888043542578e-07,3.443652615858082e-16
outlet_01,75430,221164,135152564,7,2,5,0.05559104525580519,0.055588291674053394,-2.7535817517937433e-06,9.528221138597292e-16
outlet_01,75430,221164,135152564,7,3,6,0.05559102649072863,0.055588687007050504,-2.339483678129306e-06,8.095317243017781e-16
outlet_01,75430,221164,135152564,7,7,10,0.027796773923626138,0.027793607962741516,-3.1659608846212883e-06,1.0955176981823753e-15
outlet_01,75430,221164,135152564,7,11,14,0.027795386905346546,0.027794298577429526,-1.0883279170197102e-06,3.7659419619256373e-16
outlet_01,75430,221164,135152564,7,12,13,0.02779508244614197,0.027794388429693596,-6.940164483729139e-07,2.401505671517953e-16
outlet_01,75430,221164,135152564,7,15,18,0.027795269535596943,0.027794100911250487,-1.1686243464557877e-06,4.04379176094044e-16
outlet_01,75430,221164,135152564,7,17,16,0.02779498339818655,0.027794190762875533,-7.926353110150608e-07,2.742756600813664e-16
outlet_01,75431,221165,135152565,2,2,5,0.05559063445855543,0.05558849664324997,-2.1378153054613103e-06,7.397484011740017e-16
outlet_01,75431,221165,135152565,2,7,10,0.02779675299397917,0.02779389454334261,-2.858450636560733e-06,9.891099024451616e-16
outlet_01,75431,221165,135152565,2,11,14,0.027795338565866155,0.027794506351873752,-8.322139924028804e-07,2.8797107436828815e-16
outlet_01,75431,221165,135152565,2,15,18,0.027795164009264434,0.02779422706617276,-9.369430916741917e-07,3.242104929674679e-16
outlet_01,75431,221165,135152565,2,17,16,0.027795040622724122,0.027794269577093456,-7.710456306660174e-07,2.6680498126301246e-16
outlet_01,75432,221166,135152566,7,2,5,0.05559051677961126,0.055588496341104514,-2.0204385067432162e-06,6.991324981234357e-16
outlet_01,75432,221166,135152566,7,3,6,0.05559113239028685,0.05558909604536,-2.0363449268548384e-06,7.04636597947174e-16
outlet_01,75432,221166,135152566,7,7,10,0.027796709237937176,0.027793914806865144,-2.7944310720326437e-06,9.669572074099416e-16
outlet_01,75432,221166,135152566,7,11,14,0.027795422716195183,0.027794523218098815,-8.994980963683563e-07,3.112533982461901e-16
outlet_01,75432,221166,135152566,7,15,18,0.027795156505522892,0.027794223366238668,-9.331392842246156e-07,3.228942611713865e-16
outlet_01,75432,221166,135152566,7,17,16,0.02779504409977698,0.027794272974887974,-7.711248890054923e-07,2.6683240703256165e-16
outlet_01,75433,221167,135152585,1,1,4,0.05558996001182424,0.05558973452652509,-2.2548529914762083e-07,7.802469610287517e-17
outlet_01,75433,221167,135152585,1,11,14,0.027794963521357817,0.027794843713779428,-1.198075783893915e-07,4.1457025934687414e-17
outlet_01,75434,221168,135152589,1,1,4,0.055589972270007296,0.055589798351489236,-1.739185180593683e-07,6.018103871756467e-17
outlet_01,75434,221168,135152589,1,13,12,0.027794989546621785,0.027794904145666894,-8.540095489117938e-08,2.9551299253071194e-17
outlet_01,75434,221168,135152589,1,16,17,0.02779499309835385,0.027794909210234812,-8.388811903806137e-08,2.90278125417899e-17
outlet_01,75455,221217,135152763,7,7,10,0.027796251677209415,0.027794166824265835,-2.084852943579768e-06,7.214218308551427e-16
outlet_01,75456,221218,135152764,7,7,10,0.027796075006634842,0.02779432777169477,-1.7472349400707299e-06,6.0459584609147e-16
outlet_01,75457,221219,135152765,7,7,10,0.027796563345625698,0.027793759864123992,-2.8034815017057013e-06,9.70088928313744e-16
outlet_01,75458,221220,135152766,7,7,10,0.02779640372762745,0.027794039672354942,-2.364055272506549e-06,8.18034235069863e-16
outlet_01,75459,221221,135152767,7,2,5,0.05559159612665035,0.05558858155931773,-3.0145673326209543e-06,1.0431309752722155e-15
outlet_01,75459,221221,135152767,7,3,6,0.05559041959991072,0.05558885701706166,-1.5625828490573035e-06,5.407006682659267e-16
outlet_01,75459,221221,135152767,7,7,10,0.02779641120898206,0.027793837904128947,-2.573304853113745e-06,8.904408841873376e-16
outlet_01,75459,221221,135152767,7,11,14,0.027795232658065785,0.02779450010046604,-7.325575997439715e-07,2.5348696484401445e-16
outlet_01,75459,221221,135152767,7,12,13,0.027794889201944707,0.027794356916780026,-5.322851646810678e-07,1.841866781174031e-16
outlet_01,75459,221221,135152767,7,15,18,0.027795625911368096,0.027794362371239313,-1.2635401287833248e-06,4.3722289184610423e-16
outlet_01,75459,221221,135152767,7,17,16,0.027794997701856693,0.02779421918826282,-7.785135938721821e-07,2.6938912116867873e-16
outlet_01,75460,221222,135152768,7,2,5,0.05559140531248049,0.055589098744721656,-2.306567758833533e-06,7.981418261145882e-16
outlet_01,75460,221222,135152768,7,3,6,0.05559032516109161,0.05558908739934264,-1.2377617489706116e-06,4.283027970172407e-16
outlet_01,75460,221222,135152768,7,7,10,0.0277962004825649,0.027794211680386018,-1.988802178883725e-06,6.881853770633098e-16
outlet_01,75460,221222,135152768,7,11,14,0.027795238137460397,0.027794587765587454,-6.50371872943506e-07,2.250482312243912e-16
outlet_01,75460,221222,135152768,7,12,13,0.027794975884114462,0.02779449963382505,-4.7625028941344905e-07,1.6479692574575895e-16
outlet_01,75460,221222,135152768,7,17,16,0.02779496315636528,0.027794505306505565,-4.5784985971616954e-07,1.5842982358557494e-16
outlet_01,75464,221227,135152773,7,7,10,0.0277961599067968,0.027794265066863322,-1.8948399334792199e-06,6.556716137690092e-16
outlet_01,75466,221229,135152775,7,3,6,0.0555902040113925,0.055589259480874384,-9.445305181182695e-07,3.2683597074690626e-16
outlet_01,75466,221229,135152775,7,7,10,0.02779592992372208,0.02779440118967019,-1.5287340518893577e-06,5.289879662739986e-16
outlet_01,75466,221229,135152775,7,12,13,0.02779490447371956,0.027794591630235132,-3.1284348442697785e-07,1.0825325594374591e-16
outlet_01,75466,221229,135152775,7,17,16,0.02779490845463502,0.027794614733264847,-2.937213701738328e-07,1.01636429218961e-16
outlet_01,75467,221230,135152776,12,12,13,0.02779495354526719,0.027794836012064277,-1.1753320291324476e-07,4.0670023606726323e-17
outlet_01,75472,221235,135152845,7,7,10,0.027795788644523214,0.027794436569500532,-1.3520750226821143e-06,4.678586282646939e-16
outlet_01,75474,221237,135152847,3,3,6,0.05559003970153917,0.055589545703913425,-4.939976257431478e-07,1.709380379557115e-16
outlet_01,75474,221237,135152847,3,7,10,0.027795457965390742,0.027794614615114465,-8.43350276277105e-07,2.918245635681888e-16
outlet_01,75474,221237,135152847,3,12,13,0.027795029843846443,0.027794779188174502,-2.506556719406028e-07,8.673440221406054e-17
outlet_01,75475,221238,135152848,12,12,13,0.027794979810814458,0.02779485344842797,-1.263623864884711e-07,4.372518670559658e-17
outlet_01,75480,221243,135152861,3,3,6,0.05559012718568303,0.05558972075497758,-4.0643070544493787e-07,1.406372495195683e-16
outlet_01,75480,221243,135152861,3,9,8,0.02779501296166423,0.027794913723718395,-9.92379458331083e-08,3.433931433566613e-17
outlet_01,75480,221243,135152861,3,12,13,0.027794973845615564,0.027794858510389157,-1.1533522640758131e-07,3.990945762063348e-17
outlet_01,75481,221244,135152873,7,2,5,0.05559166311743373,0.05558925674868028,-2.4063687534478517e-06,8.326759722650605e-16
outlet_01,75481,221244,135152873,7,3,6,0.0555902087218807,0.0555892067502189,-1.0019716618001051e-06,3.4671233429042335e-16
outlet_01,75481,221244,135152873,7,7,10,0.027796035880400524,0.027794350355792405,-1.6855246081186326e-06,5.832422149892591e-16
outlet_01,75481,221244,135152873,7,11,14,0.02779509469195925,0.02779461725059424,-4.774413650092402e-07,1.652090737294566e-16
outlet_01,75481,221244,135152873,7,12,13,0.027795019801474967,0.027794589499631588,-4.3030184337933264e-07,1.4889738128869796e-16
outlet_01,75481,221244,135152873,7,17,16,0.027795113719585905,0.0277946144988498,-4.992207361040335e-07,1.7274539125173763e-16
outlet_01,75482,221245,135152874,7,3,6,0.05559011831313892,0.05558935990110495,-7.584120339659828e-07,2.6243337678621177e-16
outlet_01,75482,221245,135152874,7,7,10,0.0277958038029376,0.027794494183428383,-1.309619509216181e-06,4.531677435436359e-16
outlet_01,75482,221245,135152874,7,12,13,0.027794952326329864,0.02779466107282332,-2.9125350654510274e-07,1.0078247417008244e-16
outlet_01,75482,221245,135152874,7,17,16,0.027795049341278452,0.027794676750373934,-3.7259090451824406e-07,1.2892766049772036e-16
outlet_01,75483,221246,135152876,12,3,6,0.05559020418422872,0.05558961457481235,-5.896094163668208e-07,2.0402259351416435e-16
outlet_01,75483,221246,135152876,12,4,1,0.05559006872601261,0.05558972489098133,-3.438350312801042e-07,1.1897726338065696e-16
outlet_01,75483,221246,135152876,12,9,8,0.027794986857041612,0.027794861356579915,-1.2550046169651496e-07,4.342693480088201e-17
outlet_01,75483,221246,135152876,12,12,13,0.027795027002538823,0.027794788335963366,-2.3866657545765224e-07,8.258581419893745e-17
outlet_01,75483,221246,135152876,12,17,16,0.02779508584204851,0.027794808376314806,-2.7746573370499017e-07,9.601149003119645e-17
outlet_01,75484,221247,135152881,12,12,13,0.02779493493109058,0.027794813257128955,-1.216739616248519e-07,4.2102850674964435e-17
outlet_01,75486,221249,135152883,12,12,13,0.027794948893488883,0.027794833944117192,-1.1494937169134745e-07,3.9775940282306694e-17
outlet_01,75487,221250,135152885,12,3,6,0.055590276679288515,0.055589559352823434,-7.173264650814359e-07,2.482165340982465e-16
outlet_01,75487,221250,135152885,12,4,1,0.05559003099668723,0.055589667309479424,-3.636872078077724e-07,1.2584671361270013e-16
outlet_01,75487,221250,135152885,12,9,8,0.02779502992698614,0.02779486313105216,-1.6679593397780912e-07,5.771641037801602e-17
outlet_01,75487,221250,135152885,12,12,13,0.027794980861452257,0.027794731934407003,-2.489270452543657e-07,8.61362453835318e-17
outlet_01,75487,221250,135152885,12,17,16,0.02779497823545695,0.027794750200187773,-2.2803526917788974e-07,7.890706243644674e-17
outlet_01,75488,221251,135152886,12,12,13,0.027794964056461716,0.027794854052906524,-1.1000355519194538e-07,3.806453900335328e-17
outlet_01,75489,221252,135152887,18,4,1,0.05558999586003937,0.05558973998258064,-2.5587745872829304e-07,8.854129751394795e-17
outlet_01,75489,221252,135152887,18,9,8,0.027794968003140907,0.027794875684009197,-9.231913171078854e-08,3.19451965314147e-17
outlet_01,75489,221252,135152887,18,18,15,0.027794994157365593,0.027794912011512886,-8.214585270685526e-08,2.8424935983821345e-17
outlet_01,75490,221259,135152975,7,7,10,0.027796734472938036,0.027793716067901403,-3.0184050366331705e-06,1.044458936298579e-15
outlet_01,75491,221260,135152976,7,7,10,0.027796561895424392,0.027793986949570238,-2.5749458541536596e-06,8.910087199084593e-16
outlet_01,75495,221267,135152983,7,7,10,0.02779636850865283,0.027794166902654426,-2.201605998404521e-06,7.618218997563964e-16
outlet_01,75497,221269,135152985,2,2,5,0.055591477686365964,0.05558844364281386,-3.0340435521053477e-06,1.0498703330584977e-15
outlet_01,75497,221269,135152985,2,7,10,0.027796631746340266,0.027793696406330507,-2.93534000975898e-06,1.0157159384041007e-15
outlet_01,75497,221269,135152985,2,15,18,0.027795540217622504,0.027794312949292767,-1.2272683297363807e-06,4.2467175832014623e-16
outlet_01,75497,221269,135152985,2,17,16,0.027794996130473856,0.02779413069381988,-8.65436653976065e-07,2.994671146102701e-16
outlet_01,75498,221270,135152986,2,2,5,0.0555912911910475,0.05558863687637515,-2.6543146723484456e-06,9.184727184179065e-16
outlet_01,75498,221270,135152986,2,7,10,0.027796467160891205,0.027793851010415108,-2.6161504760972842e-06,9.052667585359815e-16
outlet_01,75498,221270,135152986,2,15,18,0.027795612462144167,0.027794392250836103,-1.2202113080644894e-06,4.2222981654646e-16
outlet_01,75498,221270,135152986,2,17,16,0.0277948623106233,0.027794244625735067,-6.176848882342989e-07,2.1373755129050554e-16
outlet_01,75499,221271,135152989,7,2,5,0.055591239867762564,0.05558828512334182,-2.9547444207467244e-06,1.0224304482905428e-15
outlet_01,75499,221271,135152989,7,3,6,0.055590723100146115,0.055588698998179635,-2.024101966480174e-06,7.00400165389292e-16
outlet_01,75499,221271,135152989,7,7,10,0.02779665060964574,0.02779361068283288,-3.0399268128589174e-06,1.0519061182477164e-15
outlet_01,75499,221271,135152989,7,8,9,0.02779502673378523,0.027794674450687628,-3.5228309760299004e-07,1.2190054844621047e-16
outlet_01,75499,221271,135152989,7,11,14,0.02779526085620792,0.027794343947268985,-9.169089389346463e-07,3.172780734922708e-16
outlet_01,75499,221271,135152989,7,12,13,0.02779495264330746,0.02779435505091176,-5.975923956999529e-07,2.067849444914464e-16
outlet_01,75499,221271,135152989,7,15,18,0.02779547406103229,0.027794137009891414,-1.337051140876816e-06,4.626599132416959e-16
outlet_01,75499,221271,135152989,7,17,16,0.027794964644882625,0.027794148113451513,-8.165314311116278e-07,2.825444364300711e-16
outlet_01,75500,221272,135152990,7,2,5,0.055591053061185725,0.055588667239325096,-2.385821860628745e-06,8.255661292991136e-16
outlet_01,75500,221272,135152990,7,3,6,0.05559057825523227,0.055588822404474936,-1.7558507573317561e-06,6.075771780275682e-16
outlet_01,75500,221272,135152990,7,7,10,0.027796486608045637,0.027793863437278868,-2.6231707667689896e-06,9.07695990278735e-16
outlet_01,75500,221272,135152990,7,8,9,0.02779500213110435,0.027794803810000348,-1.9832110400089253e-07,6.862506748311717e-17
outlet_01,75500,221272,135152990,7,11,14,0.02779534226765374,0.027794474386183803,-8.678814699368542e-07,3.003130944727673e-16
outlet_01,75500,221272,135152990,7,12,13,0.027794843299992752,0.027794348018434768,-4.952815579849223e-07,1.7138231713204733e-16
outlet_01,75500,221272,135152990,7,15,18,0.027795556086527024,0.02779439680343251,-1.1592830945136856e-06,4.0114682193721825e-16
outlet_01,75500,221272,135152990,7,17,16,0.027794836735317942,0.02779427043603621,-5.662992817317969e-07,1.9595658576159623e-16
outlet_01,75501,221273,135152993,2,2,5,0.05559107106007526,0.055589155580887034,-1.91547918822893e-06,6.628134167411918e-16
outlet_01,75501,221273,135152993,2,7,10,0.027796227134270008,0.027794230406743784,-1.9967275262239292e-06,6.909277856374684e-16
outlet_01,75501,221273,135152993,2,17,16,0.027794856155722022,0.027794529636975394,-3.2651874662739666e-07,1.1298530801697782e-16
outlet_01,75502,221274,135152994,17,17,16,0.027794913096582694,0.027794786651090763,-1.2644549193113752e-07,4.375394368857088e-17
outlet_01,75503,221275,135152996,4,4,1,0.05558993963464132,0.05558973601720797,-2.0361743334473825e-07,7.045775674967446e-17
outlet_01,75503,221275,135152996,4,12,13,0.027794950469739992,0.027794840388076402,-1.1008166359016691e-07,3.8091566858638545e-17
outlet_01,75503,221275,135152996,4,17,16,0.027794934719350135,0.027794817938298664,-1.167810514714207e-07,4.040975658313983e-17
outlet_01,75504,221276,135152997,7,2,5,0.055590706848598,0.05558889671649172,-1.8101321062821696e-06,6.263601575473877e-16
outlet_01,75504,221276,135152997,7,3,6,0.055590451187521414,0.05558901704390574,-1.434143615676453e-06,4.962568300640124e-16
outlet_01,75504,221276,135152997,7,7,10,0.027796269459501352,0.027794075490942326,-2.1939685590256774e-06,7.5917911599714e-16
outlet_01,75504,221276,135152997,7,8,9,0.02779506888899513,0.027794821230551613,-2.476584435168183e-07,8.569727102280014e-17
outlet_01,75504,221276,135152997,7,12,13,0.027794792322942668,0.02779446247211001,-3.298508326581018e-07,1.141383100127496e-16
outlet_01,75504,221276,135152997,7,17,16,0.027794765708795032,0.027794402308502678,-3.6340029235457094e-07,1.2574743223547558e-16
outlet_01,75505,221277,135152998,12,12,13,0.027794936260495888,0.027794818473452134,-1.1778704375395299e-07,4.0757860173143856e-17
outlet_01,75505,221277,135152998,12,17,16,0.027794924012664445,0.027794801071007763,-1.22941656681419e-07,4.254151129680395e-17
outlet_01,75506,221278,135153000,4,4,1,0.05558995379912132,0.055589769210145315,-1.8458897600714952e-07,6.387333813487203e-17
outlet_01,75506,221278,135153000,4,12,13,0.027794958399072273,0.027794858361739193,-1.0003733308047713e-07,3.4615926368824154e-17
outlet_01,75506,221278,135153000,4,14,11,0.027794995400068162,0.027794910848430904,-8.455163725759607e-08,2.925740980437695e-17
outlet_01,75507,221279,135153001,7,7,10,0.027796716526514595,0.027793975247629374,-2.7412788852210213e-06,9.48564951955341e-16
outlet_01,75508,221280,135153002,7,7,10,0.027796571992351034,0.027794117378777263,-2.4546135737706087e-06,8.493701313009298e-16
outlet_01,75509,221281,135153003,7,2,5,0.0555908428019965,0.055588517524771966,-2.3252772245324627e-06,8.046158640271461e-16
outlet_01,75509,221281,135153003,7,3,6,0.055590861931101083,0.055588702578122116,-2.1593529789670773e-06,7.472010840602162e-16
outlet_01,75509,221281,135153003,7,7,10,0.02779668577358767,0.027793728670339933,-2.9571032477380965e-06,1.0232466733830734e-15
outlet_01,75509,221281,135153003,7,11,14,0.027795366516874788,0.02779443769555499,-9.288213197976292e-07,3.2140011559527926e-16
outlet_01,75509,221281,135153003,7,12,13,0.027794948228025924,0.027794264882835745,-6.83345190179846e-07,2.3645799082554734e-16
outlet_01,75509,221281,135153003,7,15,18,0.027795380830812393,0.027794345168592267,-1.0356622201258825e-06,3.583702808831368e-16
outlet_01,75509,221281,135153003,7,17,16,0.027795008216667083,0.02779417235644832,-8.358602187619191e-07,2.892327783670044e-16
outlet_01,75510,221282,135153004,7,2,5,0.05559067290775025,0.055588778477975845,-1.894429774405848e-06,6.555296863920376e-16
outlet_01,75510,221282,135153004,7,3,6,0.0555908567245266,0.05558911759905185,-1.739125474749248e-06,6.017897271575203e-16
outlet_01,75510,221282,135153004,7,7,10,0.02779652392146291,0.027794066649287956,-2.457272174953562e-06,8.502900872809552e-16
outlet_01,75510,221282,135153004,7,11,14,0.027795442364400392,0.027794619478830423,-8.228855699690674e-07,2.84743159607242e-16
outlet_01,75510,221282,135153004,7,12,13,0.02779491261430929,0.027794498120353898,-4.144939553911431e-07,1.434273765435137e-16
outlet_01,75510,221282,135153004,7,15,18,0.02779547178157123,0.02779444991792224,-1.021863648989485e-06,3.535955602089235e-16
outlet_01,75510,221282,135153004,7,17,16,0.02779489939027626,0.027794328560186075,-5.708300901859087e-07,1.9752438177343722e-16
outlet_01,75511,221283,135153005,7,2,5,0.0555905800681567,0.05558883510893116,-1.7449592255441848e-06,6.038083804117923e-16
outlet_01,75511,221283,135153005,7,3,6,0.05559110046997942,0.055589181742613444,-1.918727365976536e-06,6.6393738394705e-16
outlet_01,75511,221283,135153005,7,7,10,0.0277966090412047,0.027794127035388687,-2.4820058160124336e-06,8.588486710752478e-16
outlet_01,75511,221283,135153005,7,12,13,0.027795066830915295,0.02779455333862334,-5.134922919543261e-07,1.7768377886433885e-16
outlet_01,75511,221283,135153005,7,15,18,0.027795297012287244,0.0277944550869656,-8.419253216436495e-07,2.913314864023778e-16
outlet_01,75511,221283,135153005,7,17,16,0.027794956955982386,0.027794380022016247,-5.769339661391981e-07,1.9963650645786405e-16
outlet_01,75512,221284,135153006,2,2,5,0.055590428851729684,0.0555890377784798,-1.3910732498817469e-06,4.813531879424409e-16
outlet_01,75512,221284,135153006,2,7,10,0.02779646980482342,0.027794280776346613,-2.189028476807381e-06,7.574696989519363e-16
outlet_01,75512,221284,135153006,2,12,13,0.027794997075613684,0.027794615019431316,-3.820561823679458e-07,1.322029313492749e-16
outlet_01,75512,221284,135153006,2,15,18,0.02779530558383627,0.027794547149615816,-7.584342204547401e-07,2.6244105397869136e-16
outlet_01,75512,221284,135153006,2,17,16,0.027794857862486737,0.027794490628892724,-3.6723359401330535e-07,1.270738699151116e-16
outlet_01,75513,221285,135153009,7,7,10,0.02779639708478535,0.02779430794593679,-2.0891388485579088e-06,7.229048828976012e-16
outlet_01,75515,221287,135153011,7,2,5,0.055590507124373356,0.05558904188371132,-1.4652406620380143e-06,5.070173435042671e-16
outlet_01,75515,221287,135153011,7,3,6,0.05559070467187937,0.055589272287390495,-1.4323844888738946e-06,4.956481192757929e-16
outlet_01,75515,221287,135153011,7,7,10,0.027796324561220068,0.027794275692846822,-2.04886837324586e-06,7.089700871037349e-16
outlet_01,75515,221287,135153011,7,12,13,0.027794869884179008,0.027794590999350867,-2.788848281407019e-07,9.650253939231335e-17
outlet_01,75515,221287,135153011,7,17,16,0.02779483474893183,0.027794475797698396,-3.589512334346845e-07,1.2420792402150256e-16
outlet_01,75516,221288,135153012,12,12,13,0.02779493454760683,0.02779480931240998,-1.2523519685170292e-07,4.333514518541052e-17
outlet_01,75516,221288,135153012,12,17,16,0.027794932251539846,0.027794805777469622,-1.2647407022364776e-07,4.3763832637414456e-17
outlet_01,75517,221289,135153013,2,2,5,0.05559035279250199,0.055589403280743376,-9.495117586147406e-07,3.285596297943994e-16
outlet_01,75517,221289,135153013,2,17,16,0.027794993182313883,0.02779467395931365,-3.1922300023148886e-07,1.1046076030794212e-16
outlet_01,75518,221290,135153014,17,17,16,0.027794969974766836,0.027794825338915672,-1.446358511639212e-07,5.0048355149119746e-17
outlet_01,75519,221291,135153016,4,4,1,0.05558996256395058,0.05558974119479555,-2.2136915502762866e-07,7.660038642374275e-17
outlet_01,75519,221291,135153016,4,17,16,0.027794951620255984,0.027794828355628815,-1.232646271685789e-07,4.2653268800313533e-17
outlet_01,75520,221292,135153026,4,4,1,0.055589929484029146,0.05558973210850715,-1.9737552199583508e-07,6.829786766626058e-17
outlet_01,75520,221292,135153026,4,12,13,0.027794943647439133,0.02779483596789953,-1.076795396008634e-07,3.7260359702449935e-17
outlet_01,75520,221292,135153026,4,17,16,0.027794938869811436,0.027794829020774188,-1.0984903724836625e-07,3.801107114697516e-17
outlet_01,75521,221293,135153028,4,4,1,0.05558996153617681,0.05558980324513884,-1.5829103797160293e-07,5.477346053259681e-17
outlet_01,75521,221293,135153028,4,14,11,0.02779498554456045,0.027794908515784037,-7.702877641291295e-08,2.6654273664462382e-17
outlet_01,75521,221293,135153028,4,18,15,0.027794986193392865,0.027794909470923772,-7.672246909312674e-08,2.6548282118092177e-17
outlet_01,75522,221294,135153030,4,4,1,0.05558996984838086,0.05558980417838016,-1.656700007041101e-07,5.732680359724328e-17
outlet_01,75522,221294,135153030,4,14,11,0.02779499118360722,0.02779491108082693,-8.010278029074724e-08,2.7717971472229696e-17
outlet_01,75522,221294,135153030,4,18,15,0.027794997128436024,0.02779491944007724,-7.768835878427249e-08,2.6882509005190516e-17
outlet_01,75523,221295,135153106,4,4,1,0.055589958000679646,0.05558977435452248,-1.8364615716331967e-07,6.354709445491608e-17
outlet_01,75523,221295,135153106,4,18,15,0.027795002187589072,0.027794919785895725,-8.240169334719494e-08,2.851346454106533e-17
outlet_01,75524,221296,135154250,8,8,9,0.027794963276675747,0.027794833029321356,-1.302473543914051e-07,4.5069502459846267e-17
outlet_01,75524,221296,135154250,8,15,18,0.027794931949462878,0.027794787509045633,-1.4444041724487322e-07,4.9980729134476863e-17
outlet_01,75525,221297,135154252,13,1,4,0.05558998962128772,0.055589769321529245,-2.2029975847714933e-07,7.623034304982868e-17
outlet_01,75525,221297,135154252,13,6,3,0.055590021818503366,0.05558983806436765,-1.8375413571303234e-07,6.358445828111144e-17
outlet_01,75525,221297,135154252,13,8,9,0.027795045197264463,0.027794968355343744,-7.684192071880092e-08,2.658961597368034e-17
outlet_01,75525,221297,135154252,13,11,14,0.02779502826083951,0.02779484702564081,-1.812351986991978e-07,6.271283030469932e-17
outlet_01,75525,221297,135154252,13,13,12,0.027794991529988915,0.027794922295939394,-6.923404952119405e-08,2.3957063694542743e-17
outlet_01,75526,221298,135154257,2,2,5,0.05559025819063849,0.05558915221773541,-1.105972903078789e-06,3.8269989213018566e-16
outlet_01,75526,221298,135154257,2,7,10,0.027796436633707202,0.02779436456100736,-2.0720726998414707e-06,7.169994820919601e-16
outlet_01,75526,221298,135154257,2,8,9,0.027794999068984277,0.0277947876583382,-2.1141064607613225e-07,7.315444277457574e-17
outlet_01,75526,221298,135154257,2,15,18,0.027794909437891948,0.027794544896534188,-3.645413577599288e-07,1.261422751889768e-16
outlet_01,75527,221299,135154258,2,2,5,0.05559035969479982,0.05558884742943472,-1.512265365100074e-06,5.232893052668078e-16
outlet_01,75527,221299,135154258,2,7,10,0.02779654328380005,0.027794158450489024,-2.3848333110254583e-06,8.252240614008043e-16
outlet_01,75527,221299,135154258,2,8,9,0.027794922763742808,0.027794688981477394,-2.3378226541442837e-07,8.08956960039359e-17
outlet_01,75527,221299,135154258,2,11,14,0.027795108669655448,0.027794629638352157,-4.790313032909665e-07,1.6575924020027743e-16
outlet_01,75527,221299,135154258,2,15,18,0.02779498966420353,0.027794437226214885,-5.524379886462372e-07,1.9116016140629657e-16
outlet_01,75527,221299,135154258,2,17,16,0.027795162595667118,0.027794410203226406,-7.52392440711569e-07,2.603504164508195e-16
outlet_01,75528,221300,135154261,2,2,5,0.05559016985025145,0.055589490086677795,-6.797635736521812e-07,2.352186437719502e-16
outlet_01,75528,221300,135154261,2,8,9,0.027794890176533645,0.027794765523625926,-1.2465290771812576e-07,4.313365562993568e-17
outlet_01,75528,221300,135154261,2,15,18,0.02779484949565413,0.027794707465903044,-1.420297510851265e-07,4.914656613036641e-17
outlet_01,75529,221301,135154262,2,1,4,0.05559008325464645,0.05558971470577638,-3.685488700680417e-07,1.275289949935541e-16
outlet_01,75529,221301,135154262,2,2,5,0.055590119452763265,0.05558939700614081,-7.224466224559078e-07,2.499882625641476e-16
outlet_01,75529,221301,135154262,2,8,9,0.027794914812514074,0.027794738247632074,-1.765648819998522e-07,6.109676024359942e-17
outlet_01,75529,221301,135154262,2,15,18,0.027794951212212586,0.027794674459293706,-2.7675291888046294e-07,9.576483466044012e-17
outlet_01,75529,221301,135154262,2,17,16,0.027795132620750382,0.027794722546867906,-4.1007388247582544e-07,1.418978983590205e-16
outlet_01,75530,221302,135154313,7,2,5,0.055590316952376685,0.055588796271699964,-1.520680676721231e-06,5.262012562203018e-16
outlet_01,75530,221302,135154313,7,3,6,0.055591087084031626,0.05558919892646712,-1.8881575645085524e-06,6.533593130994996e-16
outlet_01,75530,221302,135154313,7,7,10,0.02779660233220313,0.02779411620882871,-2.4861233744212508e-06,8.602734701408555e-16
outlet_01,75530,221302,135154313,7,8,9,0.02779488635383915,0.027794680065731003,-2.0628810814757315e-07,7.13818905653534e-17
outlet_01,75530,221302,135154313,7,11,14,0.02779518784567835,0.027794621288179337,-5.665574990126876e-07,1.9604593670796022e-16
outlet_01,75530,221302,135154313,7,15,18,0.027794948117407646,0.02779441996063767,-5.281567699751133e-07,1.8275812936703007e-16
outlet_01,75530,221302,135154313,7,17,16,0.027795150607477392,0.027794376311079425,-7.742963979671946e-07,2.679298445323002e-16
outlet_01,75531,221303,135154314,7,2,5,0.055590285967648194,0.05558874212208733,-1.5438455608640655e-06,5.342170029334375e-16
outlet_01,75531,221303,135154314,7,3,6,0.0555910957567122,0.05558917281973741,-1.9229369747908454e-06,6.653940352218343e-16
outlet_01,75531,221303,135154314,7,7,10,0.02779662567051803,0.027794076081375553,-2.5495891424753836e-06,8.822345349378885e-16
outlet_01,75531,221303,135154314,7,8,9,0.027794878857257788,0.02779466604384247,-2.1281341531717568e-07,7.363984312727553e-17
outlet_01,75531,221303,135154314,7,11,14,0.027795248457161213,0.027794582400776483,-6.660563847300793e-07,2.3047554409266014e-16
outlet_01,75531,221303,135154314,7,12,13,0.027795258526140933,0.0277945904189615,-6.681071794342741e-07,2.3118518074821627e-16
outlet_01,75531,221303,135154314,7,15,18,0.027795046397254525,0.02779436705198251,-6.793452720157966e-07,2.350738988232479e-16
outlet_01,75531,221303,135154314,7,17,16,0.02779504196759101,0.0277943750701054,-6.668974856099963e-07,2.307665902974259e-16
outlet_01,75532,221304,135154321,7,1,4,0.05559007048249091,0.0555897798095547,-2.906729362067706e-07,1.0058157936946374e-16
outlet_01,75532,221304,135154321,7,2,5,0.055590286376833394,0.055588748555048445,-1.5378217849484899e-06,5.321325952714688e-16
outlet_01,75532,221304,135154321,7,3,6,0.05559109258512482,0.05558917302468477,-1.9195604400515376e-06,6.642256526358688e-16
outlet_01,75532,221304,135154321,7,7,10,0.02779661769679815,0.02779407940027413,-2.5382965240204614e-06,8.783269492705222e-16
outlet_01,75532,221304,135154321,7,8,9,0.027794879609370327,0.027794669157902827,-2.1045146749928967e-07,7.282253813489661e-17
outlet_01,75532,221304,135154321,7,11,14,0.027795287584119022,0.02779459502205677,-6.925620622509621e-07,2.396473058056654e-16
outlet_01,75532,221304,135154321,7,12,13,0.0277951739437357,0.027794578002630597,-5.959411051026375e-07,2.062135482739541e-16
outlet_01,75532,221304,135154321,7,15,18,0.027795043924113524,0.02779438278717363,-6.61136939892476e-07,2.2877326820194867e-16
outlet_01,75532,221304,135154321,7,17,16,0.027795046085971588,0.027794365767877416,-6.803180941719611e-07,2.3541052455177127e-16
outlet_01,75533,221305,135154762,17,2,5,0.05559036135286101,0.05558945460608607,-9.067467749424019e-07,3.1376165907306136e-16
outlet_01,75533,221305,135154762,17,4,1,0.05559015776836054,0.05558970036757919,-4.574007813548664e-07,1.5827442896428694e-16
outlet_01,75533,221305,135154762,17,8,9,0.02779495686711355,0.027794772708825178,-1.841582883722881e-07,6.372430725812592e-17
outlet_01,75533,221305,135154762,17,17,16,0.027794994890412796,0.02779469609012964,-2.988002831549874e-07,1.0339388588414296e-16
outlet_01,75534,221306,135154765,14,4,1,0.055590005057881184,0.055589790312086045,-2.1474579513930392e-07,7.430850467171696e-17
outlet_01,75534,221306,135154765,14,6,3,0.055590008012880034,0.05558980374925527,-2.0426362476455573e-07,7.068135841836921e-17
outlet_01,75534,221306,135154765,14,8,9,0.027795029889032232,0.027794936105535642,-9.378349659014407e-08,3.245191082776728e-17
outlet_01,75534,221306,135154765,14,14,11,0.027794988362980333,0.02779491563365485,-7.272932548221811e-08,2.5166534314957975e-17
outlet_01,75534,221306,135154765,14,17,16,0.02779502841153489,0.02779492938694275,-9.902459213728676e-08,3.4265487539232714e-17
outlet_01,75535,221307,135154769,8,8,9,0.027794946604158193,0.027794815678519515,-1.3092563867778129e-07,4.5304209225723756e-17
outlet_01,75535,221307,135154769,8,17,16,0.02779492084069374,0.027794778509964764,-1.4233072897704147e-07,4.925071353438398e-17
outlet_01,75536,221308,135154771,14,4,1,0.055589998313516686,0.05558977728050048,-2.210330162094598e-07,7.648407228160068e-17
outlet_01,75536,221308,135154771,14,6,3,0.055589954977479865,0.05558979879440329,-1.561830765758887e-07,5.40440424822009e-17
outlet_01,75536,221308,135154771,14,8,9,0.02779502956059241,0.027794934878684084,-9.468190832750967e-08,3.276278831312084e-17
outlet_01,75536,221308,135154771,14,14,11,0.027794983006537877,0.02779490664042976,-7.636610811767586e-08,2.642497050124803e-17
outlet_02,0,0,20969928,2,2,5,0.05586724482262406,0.05589253993730901,2.5295114684950604e-05,-8.752870558042634e-15
outlet_02,0,0,20969928,2,7,10,0.027933713175082663,0.027926764472356837,-6.948702725825123e-06,2.404460160113486e-15
outlet_02,0,0,20969928,2,8,9,0.02793364218568054,0.027965789082243408,3.214689656286934e-05,-1.1123793189401406e-14
outlet_02,1,1,20970022,9,3,6,0.05586758286733688,0.055866855140695816,-7.277266410657401e-07,2.5181530782610935e-16
outlet_02,1,1,20970022,9,5,2,0.0558696771202849,0.05586655398790646,-3.1231323784422504e-06,1.0806977467629623e-15
outlet_02,1,1,20970022,9,7,10,0.02793375803390405,0.0279333893113046,-3.6872259944961683e-07,1.2758911058535888e-16
outlet_02,1,1,20970022,9,9,8,0.027933824834125626,0.02793346582944362,-3.590046820066417e-07,1.242264188351328e-16
outlet_02,2,2,20970024,3,3,6,0.05586768072598153,0.05586692209515021,-7.586308313212164e-07,2.6250908725254707e-16
outlet_02,2,2,20970024,3,7,10,0.027933795807371428,0.027933405048567703,-3.9075880372413385e-07,1.3521430011336636e-16
outlet_02,2,2,20970024,3,9,8,0.02793388491905412,0.027933517046694757,-3.678723593629474e-07,1.2729490194014943e-16
outlet_02,2,2,20970024,3,12,13,0.02793455417800218,0.027934454608468672,-9.956953350709341e-08,3.445405364502222e-17
outlet_02,2,2,20970024,3,17,16,0.027934598820737296,0.027934176285065837,-4.2253567145850157e-07,1.4621005219763904e-16
outlet_02,3,3,20971684,7,2,5,0.05586786787772476,0.05597166798827852,0.00010380011055375477,-3.591796055892461e-14
outlet_02,3,3,20971684,7,3,6,0.05586777707188209,0.0558273706279924,-4.040644388968867e-05,1.3981845011664484e-14
outlet_02,3,3,20971684,7,7,10,0.027933894592798894,0.027966262842592102,3.236824979320832e-05,-1.120038806540386e-14
outlet_02,3,3,20971684,7,8,9,0.027933912061673345,0.0280054188161043,7.150675443095417e-05,-2.4743487956283427e-14
outlet_02,4,4,20971686,7,2,5,0.05586705622244047,0.05606581680856862,0.00019876058612815217,-6.877714151877139e-14
outlet_02,4,4,20971686,7,7,10,0.027933515822787008,0.028046768480159568,0.00011325265737256035,-3.9188826090839654e-14
outlet_02,4,4,20971686,7,12,13,0.027933665661547015,0.02791249094725646,-2.1174714290556063e-05,7.327088079938258e-15
outlet_02,5,5,20971714,17,2,5,0.055867150748965116,0.055866410928720876,-7.398202442401858e-07,2.5600005830005105e-16
outlet_02,5,5,20971714,17,4,1,0.055866983811252297,0.05574740994941017,-0.00011957386184212326,4.1376152979138865e-14
outlet_02,5,5,20971714,17,8,9,0.02793352991233184,0.027913302247208043,-2.022766512379745e-05,6.9993805810008425e-15
outlet_02,5,5,20971714,17,17,16,0.02793348446594045,0.02787369526195464,-5.9789203985811945e-05,2.068886303834683e-14
outlet_02,6,6,20971717,8,2,5,0.055867036811192775,0.056065389950460676,0.0001983531392679011,-6.863615264912296e-14
outlet_02,6,6,20971717,8,6,3,0.05586706437011344,0.05583840064873908,-2.866372137436124e-05,9.91850980026793e-15
outlet_02,6,6,20971717,8,7,10,0.02793350749592368,0.028046697454717547,0.00011318995879386687,-3.916713049663846e-14
outlet_02,6,6,20971717,8,8,9,0.02793352931527916,0.0280186994618159,8.517014653674007e-05,-2.9471432619719895e-14
outlet_02,8,8,20971720,14,4,1,0.05587092790859776,0.055823642109738995,-4.728579885876494e-05,1.6362308761962342e-14
outlet_02,8,8,20971720,14,6,3,0.05586995695184763,0.05586560384903898,-4.35310280864909e-06,1.5063045131250693e-15
outlet_02,8,8,20971720,14,8,9,0.02793312475587314,0.027952991610388025,1.9866854514886262e-05,-6.874529257134455e-15
outlet_02,8,8,20971720,14,12,13,0.027934576475595274,0.027912252375522494,-2.2324100072780573e-05,7.724810134112268e-15
outlet_02,8,8,20971720,14,14,11,0.027934923239128464,0.0279113897408867,-2.3533498241763012e-05,8.143298279277116e-15
outlet_02,8,8,20971720,14,17,16,0.027933660056382727,0.027931995575420636,-1.6644809620915135e-06,5.759604804710034e-16
outlet_02,9,9,20971812,14,4,1,0.05587450669689624,0.05585798505124065,-1.652164565559e-05,5.716986367935461e-15
outlet_02,9,9,20971812,14,5,2,0.05586862659466688,0.05586491335372594,-3.7132409409432188e-06,1.2848930598538575e-15
outlet_02,9,9,20971812,14,6,3,0.05587071115126171,0.05586407024639222,-6.6409048694870965e-06,2.29795284326101e-15
outlet_02,9,9,20971812,14,10,7,0.027936254430095498,0.027931253214794522,-5.00121530097597e-06,1.7305709306939391e-15
outlet_02,9,9,20971812,14,12,13,0.027932866869971876,0.02793019589027465,-2.670979697225878e-06,9.242393183094466e-16
outlet_02,9,9,20971812,14,14,11,0.02794081430229251,0.02792778921282051,-1.3025089471999096e-05,4.507072752003006e-15
outlet_02,9,9,20971812,14,17,16,0.027933586106760708,0.027929774370729934,-3.811736030773921e-06,1.3189753236675826e-15
outlet_02,9,9,20971812,14,18,15,0.027936850598153207,0.027928210702400428,-8.639895752778765e-06,2.9896638185256965e-15
outlet_02,10,10,20971814,14,4,1,0.055874710758965995,0.05585783419524209,-1.6876563723906834e-05,5.83979869550858e-15
outlet_02,10,10,20971814,14,5,2,0.05586945786379048,0.05586461212215208,-4.8457416383998475e-06,1.6767723667948305e-15
outlet_02,10,10,20971814,14,6,3,0.05587072193594195,0.05586412604752409,-6.595888417858242e-06,2.282375796902561e-15
outlet_02,10,10,20971814,14,10,7,0.027936294057513765,0.02793113051013231,-5.163547381455136e-06,1.7867427134887115e-15
outlet_02,10,10,20971814,14,12,13,0.02793358858088866,0.027930092555399053,-3.4960254896056198e-06,1.2097299798502719e-15
outlet_02,10,10,20971814,14,14,11,0.02793939591561989,0.027927741689320666,-1.1654226299225717e-05,4.03271285865918e-15
outlet_02,10,10,20971814,14,17,16,0.027933703111187515,0.02792984953734613,-3.85357384138571e-06,1.3334524646206048e-15
outlet_02,10,10,20971814,14,18,15,0.027938542804436313,0.027927984689030336,-1.0558115405977231e-05,3.653425518579534e-15
outlet_02,11,11,20971816,4,4,1,0.05587686630000256,0.05585663982800534,-2.0226471997224216e-05,6.998967723317256e-15
outlet_02,11,11,20971816,4,10,7,0.02793590883919118,0.027931318664242064,-4.5901749491164545e-06,1.588338604856763e-15
outlet_02,11,11,20971816,4,12,13,0.027933559332475575,0.027929476421668147,-4.08291080742848e-06,1.4128099533273417e-15
outlet_02,11,11,20971816,4,14,11,0.027940529047642704,0.027927163454234454,-1.3365593408250914e-05,4.624897356304537e-15
outlet_02,11,11,20971816,4,17,16,0.02793435230182202,0.02792908308734395,-5.269214478072909e-06,1.823306707384727e-15
outlet_02,11,11,20971816,4,18,15,0.027938090716672227,0.02792755676151908,-1.0533955153147617e-05,3.645065344360082e-15
outlet_02,12,12,20971828,14,4,1,0.05587456694532105,0.05585857143799428,-1.5995507326768688e-05,5.5349266799223556e-15
outlet_02,12,12,20971828,14,5,2,0.0558698164969972,0.05586456751825829,-5.248978738915666e-06,1.8163045329452875e-15
outlet_02,12,12,20971828,14,6,3,0.05587010515649793,0.05586456734161634,-5.537814881585723e-06,1.9162505265002985e-15
outlet_02,12,12,20971828,14,10,7,0.02793634167268244,0.02793132882787334,-5.012844809099831e-06,1.7345950903203995e-15
outlet_02,12,12,20971828,14,12,13,0.02793362187477396,0.027930240580395903,-3.3812943780568705e-06,1.1700295641425692e-15
outlet_02,12,12,20971828,14,14,11,0.02793785836996856,0.027928330890247197,-9.527479721362087e-06,3.2967945701813008e-15
outlet_02,12,12,20971828,14,17,16,0.02793316937436445,0.02793024049208139,-2.928882283058376e-06,1.0134813707172726e-15
outlet_02,12,12,20971828,14,18,15,0.027939880868234894,0.02792833097855567,-1.1549889679222242e-05,3.996609249692447e-15
outlet_02,13,13,20971830,14,4,1,0.055873586654523716,0.05586299339788552,-1.059325663819305e-05,3.665585441974472e-15
outlet_02,13,13,20971830,14,6,3,0.055870247664139144,0.05586502290187789,-5.224762261252236e-06,1.8079249032420924e-15
outlet_02,13,13,20971830,14,10,7,0.027936038551555548,0.02793244654686444,-3.592004691108791e-06,1.2429416706247504e-15
outlet_02,13,13,20971830,14,12,13,0.02793435133100515,0.02793222393913009,-2.127391875061252e-06,7.36141580718795e-16
outlet_02,13,13,20971830,14,14,11,0.027936447981058907,0.027930769477690954,-5.678503367953502e-06,1.9649329746932203e-15
outlet_02,13,13,20971830,14,17,16,0.027934096385250413,0.027931561600810093,-2.534784440320209e-06,8.771116626667573e-16
outlet_02,13,13,20971830,14,18,15,0.027940651069780012,0.027931431797226243,-9.219272553769031e-06,3.1901456193225026e-15
outlet_02,14,14,20971832,4,4,1,0.05587583009161222,0.055859178186504495,-1.6651905107724352e-05,5.7620600565782665e-15
outlet_02,14,14,20971832,4,10,7,0.027936099780728668,0.027930928678285324,-5.171102443343734e-06,1.7893569921584277e-15
outlet_02,14,14,20971832,4,14,11,0.027937416879435035,0.027928365127852822,-9.051751582212636e-06,3.132178324133165e-15
outlet_02,14,14,20971832,4,17,16,0.02793357709004741,0.027930674880914688,-2.9022091327240984e-06,1.0042516583732505e-15
outlet_02,14,14,20971832,4,18,15,0.027940845820251352,0.027928503347804647,-1.2342472446705277e-05,4.270866728131223e-15
outlet_02,15,15,20971842,4,4,1,0.05587688045738107,0.055857658212491064,-1.9222244890003404e-05,6.6514749370674694e-15
outlet_02,15,15,20971842,4,10,7,0.0279360451432765,0.027930886744460044,-5.158398816457188e-06,1.7849611551305864e-15
outlet_02,15,15,20971842,4,12,13,0.02793439517899654,0.027930201308963017,-4.19387003352395e-06,1.4512051832098952e-15
outlet_02,15,15,20971842,4,14,11,0.02793908531097733,0.02792745697095462,-1.1628340022711015e-05,4.023755428325895e-15
outlet_02,15,15,20971842,4,17,16,0.02793389852123568,0.02792980854350994,-4.089977725739435e-06,1.415255319635835e-15
outlet_02,15,15,20971842,4,18,15,0.027939731531879123,0.027927849703333275,-1.1881828545848294e-05,4.111470082266169e-15
outlet_02,16,16,20971844,4,4,1,0.05587836936467709,0.05585581343641205,-2.2555928265041714e-05,7.805029662026646e-15
outlet_02,16,16,20971844,4,14,11,0.027940245096941492,0.027926520853718977,-1.3724243222514726e-05,4.749000980226229e-15
outlet_02,16,16,20971844,4,18,15,0.02793932304291845,0.02792688869674257,-1.2434346175878297e-05,4.302657801986861e-15
outlet_02,17,17,20971846,4,4,1,0.055878125560478234,0.05585718911378374,-2.093644669449307e-05,7.244640324611174e-15
outlet_02,17,17,20971846,4,14,11,0.027938596971023674,0.027927175257515514,-1.1421713508159848e-05,3.952256438965633e-15
outlet_02,17,17,20971846,4,18,15,0.0279407539132505,0.027927484706317528,-1.326920693297401e-05,4.5915447365535515e-15
outlet_02,18,18,20971847,14,4,1,0.05587957441808031,0.05585555449622089,-2.4019921859415316e-05,8.311615482607232e-15
outlet_02,18,18,20971847,14,5,2,0.055869081550831735,0.055863609120754776,-5.472430076959578e-06,1.8936254173247293e-15
outlet_02,18,18,20971847,14,6,3,0.05586996336397258,0.05586247375548378,-7.4896084888004255e-06,2.5916298245482907e-15
outlet_02,18,18,20971847,14,10,7,0.027935298942414512,0.027929803016213634,-5.495926200877604e-06,1.9017557829637736e-15
outlet_02,18,18,20971847,14,12,13,0.027934733754565275,0.027929778647082883,-4.955107482391974e-06,1.7146162385406934e-15
outlet_02,18,18,20971847,14,14,11,0.02793926768733434,0.0279257759925828,-1.3491694751538441e-05,4.668532214210427e-15
outlet_02,18,18,20971847,14,17,16,0.02793436752024707,0.02792921100562583,-5.156514621240671e-06,1.7843091669090794e-15
outlet_02,18,18,20971847,14,18,15,0.027939916753938764,0.027926343564211992,-1.357318972677185e-05,4.696731927010042e-15
outlet_02,19,19,20971848,14,14,11,0.02793980915948514,0.02792646431996413,-1.3344839521010204e-05,4.617715887042323e-15
outlet_02,19,19,20971848,14,18,15,0.027940452203541882,0.027926992576168933,-1.3459627372949118e-05,4.657435936631774e-15
outlet_02,20,20,20971936,8,2,5,0.05586763777818689,0.05590611878726046,3.8481009073575156e-05,-1.3315586648209939e-14
outlet_02,20,20,20971936,8,6,3,0.055866879674243024,0.05582616212088925,-4.071755335377514e-05,1.408949824441108e-14
outlet_02,20,20,20971936,8,8,9,0.027933442145747066,0.027932901642288076,-5.405034589900382e-07,1.8703045515459965e-16
outlet_02,20,20,20971936,8,13,12,0.027933535953704118,0.02795290345978221,1.936750607809193e-05,-6.701739677602637e-15
outlet_02,23,23,20971940,4,4,1,0.05587134976187785,0.05586518665707769,-6.163104800165076e-06,2.1326196470495052e-15
outlet_02,23,23,20971940,4,14,11,0.027934637568736136,0.027932296091870222,-2.341476865914266e-06,8.102214272304628e-16
outlet_02,23,23,20971940,4,17,16,0.027934297406244764,0.027932849478341883,-1.4479279028811742e-06,5.01026608068205e-16
outlet_02,26,26,20971943,8,6,3,0.05586920575512899,0.055865673883328776,-3.531871800216413e-06,1.2221338815786295e-15
outlet_02,26,26,20971943,8,8,9,0.027933541982510676,0.02793288064446333,-6.613380473460828e-07,2.2884285743020885e-16
outlet_02,26,26,20971943,8,14,11,0.027934638477960117,0.02793249096876471,-2.1475091954055447e-06,7.4310277868691635e-16
outlet_02,26,26,20971943,8,17,16,0.027934291755027894,0.027932936462157436,-1.3552928704585465e-06,4.689721003882005e-16
outlet_02,27,27,20971944,14,14,11,0.02793488792184195,0.027932521080560952,-2.366841280996429e-06,8.189982778104968e-16
outlet_02,34,34,20972050,4,4,1,0.055873979933211124,0.0558628333327895,-1.1146600421625685e-05,3.85705903562317e-15
outlet_02,34,34,20972050,4,14,11,0.027935892137704275,0.027930717263920962,-5.174873783313216e-06,1.790661989229775e-15
outlet_02,34,34,20972050,4,18,15,0.02794140196441557,0.027931268053092977,-1.0133911322592754e-05,3.5066381456696767e-15
outlet_02,35,35,20972051,14,4,1,0.05587649026674192,0.05586099788371618,-1.5492383025741963e-05,5.360830537788134e-15
outlet_02,35,35,20972051,14,5,2,0.05586985625332684,0.05586616110389601,-3.6951494308337662e-06,1.2786328531633627e-15
outlet_02,35,35,20972051,14,6,3,0.05586940041194982,0.05586403242430099,-5.367987648829953e-06,1.8574851955636405e-15
outlet_02,35,35,20972051,14,8,9,0.02793374757046729,0.02793217433915614,-1.5732313111485596e-06,5.44385356455241e-16
outlet_02,35,35,20972051,14,10,7,0.027935536720488027,0.027931858086040064,-3.6786344479629307e-06,1.272918172319369e-15
outlet_02,35,35,20972051,14,12,13,0.027934854381941435,0.027931721348278628,-3.133033662807566e-06,1.0841238889839953e-15
outlet_02,35,35,20972051,14,14,11,0.02793645031271106,0.02792927658894031,-7.173723770750873e-06,2.4823242102908263e-15
outlet_02,35,35,20972051,14,17,16,0.027934226426342225,0.027930657060273673,-3.5693660685523487e-06,1.2351080262504548e-15
outlet_02,35,35,20972051,14,18,15,0.02794103446082597,0.027930340824337718,-1.0693636488253583e-05,3.700319889521307e-15
outlet_02,36,36,20972052,14,14,11,0.027936864049758384,0.027929255290978422,-7.6087587799617e-06,2.6328594093308496e-15
outlet_02,36,36,20972052,14,18,15,0.027941594886493448,0.027930112962203785,-1.1481924289662854e-05,3.973091180505981e-15
outlet_02,37,37,20972053,14,4,1,0.055874239747129115,0.055863143908163555,-1.109583896555938e-05,3.83949404491963e-15
outlet_02,37,37,20972053,14,6,3,0.05586974694693961,0.05586490208625653,-4.844860683077268e-06,1.6764675297540817e-15
outlet_02,37,37,20972053,14,10,7,0.0279352580589086,0.027932417905231047,-2.8401536775538028e-06,9.827786042562367e-16
outlet_02,37,37,20972053,14,14,11,0.027934955526216318,0.027930784325661366,-4.171200554951848e-06,1.4433608617260327e-15
outlet_02,37,37,20972053,14,17,16,0.0279341901921861,0.02793160509097535,-2.5851012107509785e-06,8.945227787642581e-16
outlet_02,38,38,20972054,14,14,11,0.027935282009878756,0.02793089819119092,-4.383818687836438e-06,1.516933131257538e-15
outlet_02,39,39,20972055,4,4,1,0.05587716520998813,0.05586162010590858,-1.5545104079549288e-05,5.379073608254767e-15
outlet_02,39,39,20972055,4,10,7,0.027935321111969193,0.027932324318927344,-2.996793041849105e-06,1.0369805360144894e-15
outlet_02,39,39,20972055,4,12,13,0.027935488390090777,0.027931774158566573,-3.71423152420447e-06,1.2852358314589948e-15
outlet_02,39,39,20972055,4,14,11,0.027935849517563734,0.027929845980622398,-6.003536941336096e-06,2.0774043680934847e-15
outlet_02,39,39,20972055,4,17,16,0.02793368509116219,0.027930760278639295,-2.924812522894088e-06,1.0120731112820433e-15
outlet_02,39,39,20972055,4,18,15,0.02794119445202528,0.027930859827357997,-1.033462466728391e-05,3.576091000390225e-15
outlet_02,41,41,20972064,14,4,1,0.055880090041758014,0.055858054589717404,-2.2035452040609915e-05,7.624929232448414e-15
outlet_02,41,41,20972064,14,5,2,0.055868760111389866,0.05586412425309332,-4.635858296547779e-06,1.604146417223092e-15
outlet_02,41,41,20972064,14,6,3,0.05586639675346242,0.055863037309660524,-3.3594438018993977e-06,1.1624686075267528e-15
outlet_02,41,41,20972064,14,8,9,0.027933077339701514,0.027932695112483474,-3.822272180396824e-07,1.3226211483644876e-16
outlet_02,41,41,20972064,14,10,7,0.027934051699453948,0.027930342246729658,-3.709452724289658e-06,1.2835822229421684e-15
outlet_02,41,41,20972064,14,12,13,0.027935793485363885,0.027930747093696483,-5.046391667401506e-06,1.7462033123822768e-15
outlet_02,41,41,20972064,14,14,11,0.027936365607275488,0.02792730760193123,-9.058005344259046e-06,3.1343423139143853e-15
outlet_02,41,41,20972064,14,17,16,0.027934629828186487,0.0279302036475685,-4.426180617987663e-06,1.5315916333367205e-15
outlet_02,41,41,20972064,14,18,15,0.02794026317443036,0.027927850991701513,-1.2412182728845783e-05,4.294988582637125e-15
outlet_02,42,42,20972065,14,4,1,0.055878530428589646,0.055857889866854075,-2.0640561735570107e-05,7.142255228604263e-15
outlet_02,42,42,20972065,14,6,3,0.05587005836472731,0.055862804333082265,-7.2540316450459e-06,2.5101131504577644e-15
outlet_02,42,42,20972065,14,10,7,0.027935467772789872,0.02793017842312436,-5.289349665513893e-06,1.8302740879057456e-15
outlet_02,42,42,20972065,14,12,13,0.027934901735633025,0.027930781205076555,-4.120530556470103e-06,1.4258275180977944e-15
outlet_02,42,42,20972065,14,14,11,0.027937470941406802,0.02792710878251929,-1.0362158887510659e-05,3.585618668818025e-15
outlet_02,42,42,20972065,14,17,16,0.02793396907472174,0.027930168622793298,-3.8004519284408345e-06,1.3150706848345364e-15
outlet_02,42,42,20972065,14,18,15,0.027941109800376732,0.027927721297681857,-1.3388502694874904e-05,4.632824658587779e-15
outlet_02,43,43,20972066,14,14,11,0.027938045995218874,0.027928397385043584,-9.648610175289757e-06,3.338709350844329e-15
outlet_02,44,44,20972067,4,4,1,0.055880483309745196,0.0558563540707022,-2.4129239042998407e-05,8.349442516387863e-15
outlet_02,44,44,20972067,4,10,7,0.02793478085521834,0.027929784021642288,-4.996833576052101e-06,1.7290547220679948e-15
outlet_02,44,44,20972067,4,14,11,0.02793862238845253,0.0279259802190589,-1.2642169393631275e-05,4.374570886651782e-15
outlet_02,44,44,20972067,4,17,16,0.027934639708045737,0.02792943427458699,-5.205433458745773e-06,1.8012365561644765e-15
outlet_02,44,44,20972067,4,18,15,0.027940828926504194,0.0279269198527199,-1.3909073784294096e-05,4.812957914305189e-15
outlet_02,46,46,20972069,4,4,1,0.05587909860930949,0.05586044576218714,-1.865284712234544e-05,6.454446181972963e-15
outlet_02,46,46,20972069,4,14,11,0.02793690266304825,0.02792880077751811,-8.101885530142211e-06,2.803496098145952e-15
outlet_02,46,46,20972069,4,18,15,0.027941133773160147,0.0279300805936871,-1.1053179473047986e-05,3.824732577313153e-15
outlet_02,47,48,20972071,14,14,11,0.027937944607904795,0.027927116525568143,-1.0828082336652306e-05,3.7468421971983845e-15
outlet_02,47,48,20972071,14,18,15,0.02794099445919896,0.027927366003672138,-1.3628455526822764e-05,4.715855556222924e-15
outlet_02,48,50,20972074,8,2,5,0.05586768100566958,0.0558272830449593,-4.0397960710279734e-05,1.3978909576414955e-14
outlet_02,48,50,20972074,8,4,1,0.05587405085700969,0.055746540848255005,-0.00012751000875468183,4.4122298530183256e-14
outlet_02,48,50,20972074,8,6,3,0.055866817034800516,0.055865667847445434,-1.1491873550817377e-06,3.9765339241392215e-16
outlet_02,48,50,20972074,8,8,9,0.027934341804973912,0.02791326074908871,-2.10810558852019e-05,7.294679454440884e-15
outlet_02,48,50,20972074,8,17,16,0.027934223131496697,0.027853739046777688,-8.048408471900831e-05,2.7849914274045226e-14
outlet_02,52,54,20972081,14,14,11,0.02793473022502607,0.027932019072239488,-2.7111527865809892e-06,9.381404156328428e-16
outlet_02,52,54,20972081,14,17,16,0.027934101480165577,0.02793271680477669,-1.3846753888872854e-06,4.791393355906985e-16
outlet_02,53,56,20972083,4,4,1,0.05587710241060185,0.055864790558752535,-1.231185184931427e-05,4.260271080366365e-15
outlet_02,53,56,20972083,4,14,11,0.027935603787170523,0.02793173112662031,-3.872660550213736e-06,1.340057040003303e-15
outlet_02,56,60,20972087,14,14,11,0.027935073587246825,0.027932110338777492,-2.9632484693335737e-06,1.0253731049033742e-15
outlet_02,57,62,20972090,14,4,1,0.05587859499639387,0.05582176771797318,-5.682727842068469e-05,1.96639476980918e-14
outlet_02,57,62,20972090,14,5,2,0.05587027660081395,0.055825486923980934,-4.4789676833016656e-05,1.54985754577029e-14
outlet_02,57,62,20972090,14,6,3,0.05586828278004183,0.05586412351618366,-4.159263858168061e-06,1.439230405583003e-15
outlet_02,57,62,20972090,14,10,7,0.02793485315775545,0.027911572838565234,-2.3280319190216447e-05,8.055690711816133e-15
outlet_02,57,62,20972090,14,14,11,0.027934908022467064,0.027909713313612153,-2.5194708854911485e-05,8.718127120641731e-15
outlet_02,57,62,20972090,14,17,16,0.027934457668421477,0.027931372272543966,-3.085395877511221e-06,1.0676397823268781e-15
outlet_02,57,62,20972090,14,18,15,0.027940412667828658,0.027890410486266205,-5.000218156245295e-05,1.730225888623012e-14
outlet_02,58,63,20972092,4,4,1,0.055880145378920706,0.055821550752637165,-5.859462628354101e-05,2.0275503220463798e-14
outlet_02,58,63,20972092,4,10,7,0.027934008691842357,0.02795145420752561,1.7445515683250923e-05,-6.0366731875165725e-15
outlet_02,58,63,20972092,4,12,13,0.02793613680369297,0.027892197059056604,-4.393974463636624e-05,1.5204473351701382e-14
outlet_02,58,63,20972092,4,14,11,0.02793584356400202,0.027929366078118877,-6.477485883144007e-06,2.2414049583431917e-15
outlet_02,58,63,20972092,4,17,16,0.027935065191922685,0.02791115993207991,-2.3905259842773446e-05,8.271938975815685e-15
outlet_02,58,63,20972092,4,18,15,0.02794017247875161,0.02791039082585987,-2.978165289174023e-05,1.0305347732661104e-14
outlet_02,59,64,20972093,8,2,5,0.05586744108616605,0.05578716054556389,-8.028054060216228e-05,2.7779481887009463e-14
outlet_02,59,64,20972093,8,4,1,0.05587720156329781,0.055745717793560016,-0.00013148376973779602,4.549733936107114e-14
outlet_02,59,64,20972093,8,6,3,0.05586708329521998,0.05582617366672147,-4.0909628498508877e-05,1.4155962022109308e-14
outlet_02,59,64,20972093,8,8,9,0.02793458562561109,0.02787349051074952,-6.109511486156877e-05,2.1140747483157832e-14
outlet_02,59,64,20972093,8,10,7,0.02793348736101691,0.027952739446020298,1.9252085003387126e-05,-6.6618005138888486e-15
outlet_02,59,64,20972093,8,17,16,0.02793358257240518,0.027833319762767105,-0.0001002628096380756,3.469394804008807e-14
outlet_02,60,65,20972094,14,10,7,0.027933167004162894,0.027952257052870785,1.9090048707891272e-05,-6.6057310815955145e-15
outlet_02,60,65,20972094,14,14,11,0.02793481021117066,0.027912178208956875,-2.2632002213786306e-05,7.831353536596654e-15
outlet_02,60,65,20972094,14,17,16,0.027935276453043473,0.027893182384435656,-4.209406860781681e-05,1.4565813927888342e-14
outlet_02,61,66,20972096,4,4,1,0.05587976481040405,0.055784587751173766,-9.517705923028225e-05,3.2934125419619305e-14
outlet_02,61,66,20972096,4,14,11,0.027934851263701214,0.027891482403884237,-4.3368859816976524e-05,1.5006930031977172e-14
outlet_02,62,67,20972097,14,14,11,0.02793632733508402,0.027929960901979006,-6.366433105014363e-06,2.2029773566427688e-15
outlet_02,62,67,20972097,14,18,15,0.027941569785387883,0.02793080578109628,-1.0764004291601709e-05,3.724669266143283e-15
outlet_02,65,75,20973439,17,17,16,0.027933763261712072,0.02793315865787275,-6.046038393235642e-07,2.0921111488944008e-16
outlet_02,67,77,20973533,12,12,13,0.027933519528928075,0.027932803150749207,-7.163781788679935e-07,2.4788839854394614e-16
outlet_02,67,77,20973533,12,18,15,0.027933980224146247,0.027932497586804748,-1.4826373414995875e-06,5.130371178900896e-16
outlet_02,69,79,20973535,12,12,13,0.027933614168874178,0.027932777840307878,-8.363285662997544e-07,2.893948407029893e-16
outlet_02,71,81,20973545,4,4,1,0.055867898417142764,0.05586604918815641,-1.8492289863558664e-06,6.398888540870395e-16
outlet_02,71,81,20973545,4,12,13,0.02793363794689429,0.027933140954226197,-4.969926680926939e-07,1.7197441269952835e-16
outlet_02,71,81,20973545,4,17,16,0.02793356822397769,0.027933042219625746,-5.260043519431101e-07,1.8201332798322258e-16
outlet_02,73,83,20973547,4,4,1,0.05586778608456455,0.055864065366795106,-3.7207177694467686e-06,1.287480267419087e-15
outlet_02,73,83,20973547,4,12,13,0.027933119198924786,0.027932615277507657,-5.039214171290163e-07,1.743719682828669e-16
outlet_02,73,83,20973547,4,14,11,0.027938098270265894,0.027931450101439215,-6.64816882667979e-06,2.300466390949514e-15
outlet_02,73,83,20973547,4,17,16,0.027933400044599384,0.027932119455184944,-1.280589414440203e-06,4.4312245752589667e-16
outlet_02,73,83,20973547,4,18,15,0.02793499313044863,0.027931945911879738,-3.04721856889123e-06,1.054429285170918e-15
outlet_02,75,85,20973549,4,4,1,0.05586787652786241,0.0558642440387151,-3.6324891473094034e-06,1.2569505102426049e-15
outlet_02,75,85,20973549,4,12,13,0.027933694335505497,0.027932641399691246,-1.0529358142503942e-06,3.6434746403992907e-16
outlet_02,75,85,20973549,4,14,11,0.02793665530007418,0.027931602648681608,-5.052651392570273e-06,1.7483693655832033e-15
outlet_02,75,85,20973549,4,17,16,0.02793355542539081,0.02793217568839822,-1.379736992591224e-06,4.774305019253007e-16
outlet_02,77,87,20973551,4,4,1,0.05586957772639399,0.05586334170691423,-6.236019479757826e-06,2.157850319462159e-15
outlet_02,77,87,20973551,4,12,13,0.02793356341763348,0.027932388561205015,-1.174856428465959e-06,4.065356639305901e-16
outlet_02,77,87,20973551,4,14,11,0.027938166836460013,0.027930953164151368,-7.213672308645225e-06,2.4961476060542923e-15
outlet_02,77,87,20973551,4,17,16,0.027933229869208237,0.027931731417965233,-1.498451243003851e-06,5.185092034927221e-16
outlet_02,77,87,20973551,4,18,15,0.027936344292432337,0.027931610289080325,-4.734003352012406e-06,1.638107558617121e-15
outlet_02,83,93,20973561,4,4,1,0.05586872760187248,0.05586344727520595,-5.280326666530499e-06,1.827151858845682e-15
outlet_02,83,93,20973561,4,12,13,0.027933585084321977,0.02793194127172911,-1.6438125928670833e-06,5.688086030148043e-16
outlet_02,83,93,20973561,4,17,16,0.0279335216751564,0.027932197381517625,-1.3242936387734827e-06,4.582454337682794e-16
outlet_02,83,93,20973561,4,18,15,0.027935065701398046,0.0279312499017237,-3.815799674344866e-06,1.3203814665775282e-15
outlet_02,85,95,20973563,4,4,1,0.05586977148498951,0.05586275034819616,-7.021136793350369e-06,2.4295245262939718e-15
outlet_02,85,95,20973563,4,12,13,0.027933445778458264,0.027931662736486652,-1.7830419716119428e-06,6.169861560802383e-16
outlet_02,85,95,20973563,4,17,16,0.0279338403375463,0.027931781842425667,-2.05849512063469e-06,7.123012312728315e-16
outlet_02,85,95,20973563,4,18,15,0.027934497962994798,0.027930968511691717,-3.5294513030803554e-06,1.2212963167609997e-15
outlet_02,87,97,20973565,4,4,1,0.05587048962669434,0.055860187359439324,-1.0302267255013486e-05,3.564894362433698e-15
outlet_02,87,97,20973565,4,12,13,0.0279327939575901,0.027931007815878626,-1.7861417114725664e-06,6.180587593121892e-16
outlet_02,87,97,20973565,4,14,11,0.027939822929099772,0.02792917957348225,-1.0643355617522693e-05,3.682921195799827e-15
outlet_02,87,97,20973565,4,17,16,0.027933435990519038,0.027930757075760978,-2.6789147580599804e-06,9.269850880446757e-16
outlet_02,87,97,20973565,4,18,15,0.027936514499539083,0.02792943029943674,-7.084200102341898e-06,2.4513463281493755e-15
outlet_02,88,99,20973567,4,4,1,0.05587191287030473,0.0558595203344454,-1.239253585932909e-05,4.2881901748065144e-15
outlet_02,88,99,20973567,4,14,11,0.027940847079765255,0.02792867115703123,-1.2175922734024291e-05,4.2132355177282445e-15
outlet_02,88,99,20973567,4,18,15,0.027936031486634417,0.02792917490693051,-6.856579703905935e-06,2.3725828234689475e-15
outlet_02,103,116,20975195,12,12,13,0.027934056579031235,0.027912802314889688,-2.125426414154724e-05,7.354614721240724e-15
outlet_02,103,116,20975195,12,17,16,0.02793348513854073,0.027932773300216585,-7.118383241432047e-07,2.4631747225033907e-16
outlet_02,107,120,20975199,4,4,1,0.055869621928059596,0.05582487996869616,-4.4741959363436834e-05,1.5482063777886798e-14
outlet_02,107,120,20975199,4,12,13,0.02793411257556518,0.027912693962084283,-2.141861348089677e-05,7.41148453628379e-15
outlet_02,107,120,20975199,4,17,16,0.027934126145983403,0.027932662887387133,-1.4632585962695566e-06,5.063314891278424e-16
outlet_02,114,127,20975227,4,4,1,0.05587053071861191,0.055864617253835194,-5.913464776713395e-06,2.0462366897633186e-15
outlet_02,114,127,20975227,4,14,11,0.02793565361247749,0.027931809326186077,-3.844286291413562e-06,1.3302386929607385e-15
outlet_02,114,127,20975227,4,17,16,0.02793407239079828,0.027932455519183923,-1.616871614356502e-06,5.594862140655096e-16
outlet_02,118,131,20975231,14,14,11,0.027935227653681574,0.02793179216458594,-3.4354890956350692e-06,1.1887825666017307e-15
outlet_02,126,139,20975305,4,4,1,0.05586972492537738,0.05586339439797267,-6.330527404709019e-06,2.1905529042936543e-15
outlet_02,126,139,20975305,4,12,13,0.027933579631194583,0.027932345191367836,-1.2344398267472023e-06,4.271533120045206e-16
outlet_02,126,139,20975305,4,14,11,0.027937052441714422,0.027931049221638207,-6.003220076215149e-06,2.0772947232303343e-15
outlet_02,126,139,20975305,4,17,16,0.02793346442531259,0.027931841301270632,-1.6231240419564696e-06,5.616497420881206e-16
outlet_02,128,141,20975307,4,4,1,0.055870520193409885,0.05586016066833851,-1.0359525071376718e-05,3.584707289210492e-15
outlet_02,128,141,20975307,4,12,13,0.027933497447301288,0.02793103143380338,-2.4660134979072323e-06,8.533148479619195e-16
outlet_02,128,141,20975307,4,14,11,0.02793875248871388,0.02792912926692537,-9.623221788507968e-06,3.3299242053351558e-15
outlet_02,128,141,20975307,4,17,16,0.027933568815163668,0.02793079859162789,-2.770223535779326e-06,9.58580671703603e-16
outlet_02,128,141,20975307,4,18,15,0.027937964983476306,0.02792936209518314,-8.602888293168104e-06,2.976858124316023e-15
outlet_02,129,143,20975309,4,4,1,0.05587106928543309,0.055863190754269904,-7.878531163185709e-06,2.7262087686796445e-15
outlet_02,129,143,20975309,4,12,13,0.02793406039890886,0.02793234533583108,-1.7150630777819365e-06,5.934634140099297e-16
outlet_02,129,143,20975309,4,14,11,0.027936845407091265,0.027930845438575738,-5.9999685155277815e-06,2.0761695854255597e-15
outlet_02,129,143,20975309,4,17,16,0.02793340694561356,0.027931782083593284,-1.6248620202767572e-06,5.622511348653279e-16
outlet_02,129,143,20975309,4,18,15,0.027939131061039724,0.02793140867192471,-7.722389115012718e-06,2.6721789232589802e-15
outlet_02,130,145,20975311,4,4,1,0.05587320761164598,0.05585910002041462,-1.4107591231354855e-05,4.8816509223930196e-15
outlet_02,130,145,20975311,4,14,11,0.02793859579620139,0.02792861524483729,-9.980551364099921e-06,3.4535709869636054e-15
outlet_02,130,145,20975311,4,18,15,0.02793914270774623,0.027928652465634966,-1.0490242111263481e-05,3.629939316979872e-15
outlet_02,137,155,20975321,4,4,1,0.055873182319115,0.0558592364454665,-1.3945873648502083e-05,4.825691774261068e-15
outlet_02,137,155,20975321,4,14,11,0.027939865033172567,0.027928552509519176,-1.1312523653390916e-05,3.9144734647847515e-15
outlet_02,137,155,20975321,4,18,15,0.027937702719933767,0.02792874401923736,-8.95870069640703e-06,3.0999799186737804e-15
outlet_02,138,157,20975323,14,14,11,0.027941249423365892,0.02792752835019734,-1.3721073168552339e-05,4.74790404620002e-15
outlet_02,138,157,20975323,14,18,15,0.027937218618989682,0.027928016321311117,-9.202297678565646e-06,3.1842718018978854e-15
outlet_02,139,159,20975325,14,14,11,0.027939791944898755,0.027927617815509752,-1.2174129389003197e-05,4.212614966407128e-15
outlet_02,139,159,20975325,14,18,15,0.027938962582695726,0.027928061149012133,-1.090143368359317e-05,3.77222396964844e-15
outlet_02,141,171,20975337,4,4,1,0.0558724039792661,0.0558632050482864,-9.198930979698039e-06,3.183106822819391e-15
outlet_02,141,171,20975337,4,14,11,0.027936473997180765,0.027930865378674223,-5.608618506541818e-06,1.940750710508146e-15
outlet_02,141,171,20975337,4,18,15,0.027940128762640504,0.02793150144380157,-8.627318838935055e-06,2.9853118280222047e-15
outlet_02,142,173,20975339,14,14,11,0.027938292999545106,0.027929099695973375,-9.193303571731343e-06,3.1811595703904825e-15
outlet_02,142,173,20975339,14,18,15,0.02794027446406866,0.027929929109192547,-1.0345354876113017e-05,3.579803975409777e-15
outlet_02,143,175,20975341,14,14,11,0.027936726799111272,0.027930774075945748,-5.952723165524032e-06,2.0598212731841343e-15
outlet_02,299,506,24565142,12,3,6,0.05586740189373747,0.055866483964284876,-9.179294525943349e-07,3.1763120191557395e-16
outlet_02,299,506,24565142,12,4,1,0.05586966265979672,0.05586738719226607,-2.2754675306491112e-06,7.873802116679145e-16
outlet_02,299,506,24565142,12,9,8,0.027933926922431348,0.027933551362373066,-3.7556005828137673e-07,1.2995507701190947e-16
outlet_02,299,506,24565142,12,12,13,0.027934033279679128,0.027933696841297546,-3.3643838158112227e-07,1.1641780009358627e-16
outlet_02,300,507,24565143,9,3,6,0.05586780018418011,0.055866951025702834,-8.491584772771232e-07,2.9383437582488117e-16
outlet_02,300,507,24565143,9,5,2,0.05586873738902001,0.05586672512159192,-2.0122674280892427e-06,6.96305059123115e-16
outlet_02,300,507,24565143,9,7,10,0.02793380829387464,0.02793335168297983,-4.5661089480980577e-07,1.580011044599087e-16
outlet_02,300,507,24565143,9,9,8,0.027933991890883088,0.027933599343271942,-3.9254761114576597e-07,1.358332812885783e-16
outlet_02,301,508,24565144,9,9,8,0.027933922646182933,0.02793339346017419,-5.29186008742244e-07,1.831142769399594e-16
outlet_02,301,508,24565144,9,12,13,0.027933533996673553,0.027932849983481528,-6.840131920246573e-07,2.3668913955734753e-16
outlet_02,301,508,24565144,9,18,15,0.02793431498924251,0.027933049496185698,-1.2654930568109513e-06,4.3789866368773804e-16
outlet_02,302,509,24565157,3,3,6,0.05586797777202185,0.055866975627233986,-1.0021447878622025e-06,3.4677224111554103e-16
outlet_02,302,509,24565157,3,9,8,0.027934046975971488,0.027933565932332424,-4.810436390646766e-07,1.664555689090412e-16
outlet_02,303,510,24565158,12,12,13,0.027933441106577174,0.02793258308561419,-8.58020962984235e-07,2.9690106246311194e-16
outlet_02,304,511,24565172,4,4,1,0.05587039803149417,0.05586191822300558,-8.479808488587315e-06,2.934268809690548e-15
outlet_02,304,511,24565172,4,5,2,0.05586914071782806,0.055866213255805215,-2.9274620228433856e-06,1.0129899179614587e-15
outlet_02,304,511,24565172,4,12,13,0.027933240378849016,0.027931281542240474,-1.95883660854268e-06,6.778163883609523e-16
outlet_02,304,511,24565172,4,17,16,0.027934041174242034,0.02793109118054898,-2.949993693053543e-06,1.020786553606813e-15
outlet_02,304,511,24565172,4,18,15,0.027933812315000653,0.027930827043081124,-2.985271919529048e-06,1.0329938811363902e-15
outlet_02,305,512,24565174,14,4,1,0.05587239233206939,0.05585869016376805,-1.3702168301342466e-05,4.741362393486998e-15
outlet_02,305,512,24565174,14,5,2,0.0558688330963939,0.05586554808686341,-3.285009530486216e-06,1.1367121106349079e-15
outlet_02,305,512,24565174,14,6,3,0.05587102823362354,0.05586381932244144,-7.2089111821035945e-06,2.4945001130562016e-15
outlet_02,305,512,24565174,14,10,7,0.027935631183104527,0.027931445090212094,-4.186092892433102e-06,1.4485140584560578e-15
outlet_02,305,512,24565174,14,12,13,0.02793331543902341,0.027930673935179316,-2.6415038440960603e-06,9.140397864928674e-16
outlet_02,305,512,24565174,14,14,11,0.027941824524663882,0.027928016291820186,-1.3808232843696283e-05,4.7780639155628525e-15
outlet_02,305,512,24565174,14,17,16,0.027933532854137043,0.027929809617960898,-3.723236176145228e-06,1.2883517118904275e-15
outlet_02,305,512,24565174,14,18,15,0.02793500985441965,0.027928880553534513,-6.129300885136801e-06,2.1209224756279586e-15
outlet_02,306,513,24565176,4,4,1,0.05587363136481301,0.055858474706637636,-1.5156658175377591e-05,5.244659640958563e-15
outlet_02,306,513,24565176,4,10,7,0.02793522258211178,0.027931401129602705,-3.821452509076423e-06,1.3223375174319155e-15
outlet_02,306,513,24565176,4,12,13,0.027933520465576085,0.02793052228359006,-2.9981819860240566e-06,1.0374611524784634e-15
outlet_02,306,513,24565176,4,14,11,0.027942448992846307,0.02792795248216864,-1.449651067766608e-05,5.0162287495136484e-15
outlet_02,306,513,24565176,4,17,16,0.02793436870908242,0.027929789757292135,-4.578951790283614e-06,1.5844550543079824e-15
outlet_02,306,513,24565176,4,18,15,0.027935250086743926,0.02792868496027268,-6.565126471246713e-06,2.271731238055618e-15
outlet_02,307,514,24565186,4,4,1,0.05587086520297602,0.05586282921500465,-8.035987971367897e-06,2.7806935606114713e-15
outlet_02,307,514,24565186,4,12,13,0.02793356803411845,0.02793174956022953,-1.8184738889183427e-06,6.292466652603253e-16
outlet_02,307,514,24565186,4,18,15,0.02793400353789244,0.027930866703945692,-3.136833946749268e-06,1.085438901540365e-15
outlet_02,308,515,24565187,9,3,6,0.05586805509507803,0.055866634797699,-1.4202973790261586e-06,4.91465615688212e-16
outlet_02,308,515,24565187,9,5,2,0.05586859133756056,0.05586654848436506,-2.042853195501071e-06,7.068886546674913e-16
outlet_02,308,515,24565187,9,9,8,0.027933875771489713,0.027933352905870585,-5.228656191277881e-07,1.8092723201603804e-16
outlet_02,308,515,24565187,9,12,13,0.027934528445971545,0.02793408663760336,-4.418083681852203e-07,1.5287898498780124e-16
outlet_02,309,516,24565188,12,12,13,0.02793292731109774,0.027931982138491095,-9.451726066464494e-07,3.2705815269167946e-16
outlet_02,309,516,24565188,12,18,15,0.0279334805318847,0.027931390180720227,-2.0903511644722317e-06,7.233243806704195e-16
outlet_02,310,517,24565190,4,4,1,0.05587399247214474,0.055859435193242525,-1.45572789022122e-05,5.037256383114801e-15
outlet_02,310,517,24565190,4,14,11,0.027942623482379234,0.027928461771959213,-1.4161710420020068e-05,4.900377789576378e-15
outlet_02,310,517,24565190,4,17,16,0.027935168473271606,0.027930551387593094,-4.6170856785113235e-06,1.5976505267021277e-15
outlet_02,310,517,24565190,4,18,15,0.02793448238988363,0.027928883830543143,-5.598559340486142e-06,1.9372699364731674e-15
outlet_02,311,518,24565192,4,4,1,0.055874034785926355,0.05586165706150271,-1.2377724423646985e-05,4.283064972532521e-15
outlet_02,311,518,24565192,4,18,15,0.027933964484660897,0.02793006591058033,-3.898574080566514e-06,1.3490239009843573e-15
outlet_02,312,519,24565294,9,3,6,0.05586762545584844,0.055866084781399296,-1.5406744491436308e-06,5.331197028911265e-16
outlet_02,312,519,24565294,9,5,2,0.055868813063685546,0.055866820611294374,-1.9924523911724057e-06,6.894484603135789e-16
outlet_02,312,519,24565294,9,9,8,0.02793374104971689,0.02793321395888002,-5.270908368694427e-07,1.8238928444920023e-16
outlet_02,312,519,24565294,9,12,13,0.027934455089600012,0.027933645445557702,-8.096440423099871e-07,2.8016119273204825e-16
outlet_02,312,519,24565294,9,16,17,0.027933670363962798,0.02793280725586553,-8.631080972675009e-07,2.986613639461212e-16
outlet_02,313,520,24565296,9,9,8,0.02793416502942082,0.027933510012949345,-6.550164714756723e-07,2.2665540202604464e-16
outlet_02,314,521,24565297,9,9,8,0.02793397450884337,0.027933360167755914,-6.14341087456366e-07,2.1258049563981333e-16
outlet_02,316,523,24565301,18,5,2,0.05586824291604639,0.05586539500429852,-2.847911747871912e-06,9.854631299490576e-16
outlet_02,316,523,24565301,18,12,13,0.027933423527752257,0.027931430611824397,-1.9929159278606057e-06,6.8960885795087965e-16
outlet_02,316,523,24565301,18,18,15,0.027933212432464077,0.02793086567609742,-2.346756366657099e-06,8.120482932948654e-16
outlet_02,317,524,24565302,18,18,15,0.027933443446079384,0.02793091418880585,-2.529257273533453e-06,8.751990967013627e-16
outlet_02,320,527,24566930,4,4,1,0.05587587174740129,0.055856984082117124,-1.8887665284163246e-05,6.535700329292232e-15
outlet_02,320,527,24566930,4,10,7,0.027935900083499658,0.02793121282896475,-4.687254534906787e-06,1.6219310616941586e-15
outlet_02,320,527,24566930,4,12,13,0.027932846998255396,0.027929872209944705,-2.9747883106903683e-06,1.0293662371312532e-15
outlet_02,320,527,24566930,4,14,11,0.027942087806707226,0.02792711194038576,-1.4975866321466358e-05,5.18210022128631e-15
outlet_02,320,527,24566930,4,17,16,0.027934257388717004,0.027929137404496776,-5.119984220227497e-06,1.7716685493240585e-15
outlet_02,320,527,24566930,4,18,15,0.027937019824831922,0.027927846692535403,-9.173132296518699e-06,3.1741797024149496e-15
outlet_02,321,528,24566932,4,4,1,0.05587618729642686,0.05585774257670753,-1.8444719719332148e-05,6.382427840058082e-15
outlet_02,321,528,24566932,4,14,11,0.027942284914033264,0.027927524671137724,-1.4760242895539566e-05,5.107488029962988e-15
outlet_02,321,528,24566932,4,18,15,0.02793640497135367,0.02792795796093386,-8.447010419809081e-06,2.9229196913273703e-15
outlet_02,322,529,24566934,4,4,1,0.05587817746112699,0.05585596858297422,-2.2208878152768508e-05,7.68493988391274e-15
outlet_02,322,529,24566934,4,14,11,0.027941567653345267,0.027926509335578935,-1.505831776633243e-05,5.2106309013494324e-15
outlet_02,322,529,24566934,4,18,15,0.027937449698959206,0.027927065622315183,-1.038407664402316e-05,3.5932028718574664e-15
outlet_02,323,530,24566935,14,4,1,0.05587801098924519,0.05585570977445388,-2.2301214791312085e-05,7.716891138334904e-15
outlet_02,323,530,24566935,14,5,2,0.055868323306696714,0.05586370350369289,-4.619803003827472e-06,1.5985908029986605e-15
outlet_02,323,530,24566935,14,6,3,0.05587036710877655,0.05586293991284798,-7.42719592856933e-06,2.5700332013385197e-15
outlet_02,323,530,24566935,14,10,7,0.027935258033500936,0.02793008326034942,-5.174773151515183e-06,1.790627167600651e-15
outlet_02,323,530,24566935,14,12,13,0.027933423697606905,0.02792962323760958,-3.8004599973266717e-06,1.315073476911748e-15
outlet_02,323,530,24566935,14,14,11,0.02794181560102627,0.02792608664882812,-1.5728952198149765e-05,5.4426905874419394e-15
outlet_02,323,530,24566935,14,17,16,0.027934796909162115,0.027929241472651217,-5.55543651089771e-06,1.9223481403008555e-15
outlet_02,323,530,24566935,14,18,15,0.02793610355867446,0.027926468370654864,-9.635188019597313e-06,3.3340648812363e-15
outlet_02,324,531,24566936,14,14,11,0.027942309130608398,0.02792675590751416,-1.555322309423901e-05,5.381883031557373e-15
outlet_02,324,531,24566936,14,18,15,0.02793665347181331,0.027927071910063102,-9.58156175020694e-06,3.315508578949048e-15
outlet_02,325,532,24566945,14,4,1,0.055876101686364296,0.055858086465522046,-1.8015220842250435e-05,6.233808309261586e-15
outlet_02,325,532,24566945,14,5,2,0.05586734621697615,0.0558637404984698,-3.605718506348443e-06,1.2476870632092324e-15
outlet_02,325,532,24566945,14,6,3,0.05587092944319616,0.05586325491158239,-7.674531613773017e-06,2.6556187882764065e-15
outlet_02,325,532,24566945,14,8,9,0.027934035112114494,0.027932995801801554,-1.0393103129398285e-06,3.5963263073139392e-16
outlet_02,325,532,24566945,14,10,7,0.02793456437341907,0.027930259176815485,-4.305196603583694e-06,1.489727525153794e-15
outlet_02,325,532,24566945,14,12,13,0.027933950358884956,0.027930654235035404,-3.2961238495519962e-06,1.1405579993503854e-15
outlet_02,325,532,24566945,14,14,11,0.027942344396467853,0.027927432323421028,-1.4912073046824403e-05,5.160025829358492e-15
outlet_02,325,532,24566945,14,17,16,0.0279354501576866,0.027930411452162497,-5.038705524103293e-06,1.7435436756019047e-15
outlet_02,325,532,24566945,14,18,15,0.027935075137575305,0.027927675080394204,-7.400057181101288e-06,2.5606423783810536e-15
outlet_02,326,533,24566946,14,14,11,0.027942838448130194,0.027927679279442518,-1.515916868767564e-05,5.245528353729897e-15
outlet_02,326,533,24566946,14,18,15,0.027935601508575828,0.027928181258633528,-7.420249942300533e-06,2.567629681154249e-15
outlet_02,327,534,24566947,14,4,1,0.05587607412144517,0.055858885487292814,-1.718863415235694e-05,5.947784450830805e-15
outlet_02,327,534,24566947,14,6,3,0.055871386670957125,0.055863619989697855,-7.766681259270547e-06,2.6875053374798886e-15
outlet_02,327,534,24566947,14,10,7,0.027934092187803933,0.027930641985067204,-3.4502027367287746e-06,1.193873929006477e-15
outlet_02,327,534,24566947,14,12,13,0.027933459295750987,0.027930871260244263,-2.588035506723846e-06,8.95538133434493e-16
outlet_02,327,534,24566947,14,14,11,0.027942287340601887,0.027928014300119562,-1.42730404823245e-05,4.938901339941986e-15
outlet_02,327,534,24566947,14,17,16,0.02793559661510084,0.027930610703273295,-4.985911827543044e-06,1.7252754685576658e-15
outlet_02,327,534,24566947,14,18,15,0.027934216587310448,0.02792827483286611,-5.941754444339226e-06,2.0560257657150582e-15
outlet_02,328,535,24566948,14,14,11,0.02794322633772853,0.02792802078211392,-1.520555561461065e-05,5.261579625768173e-15
outlet_02,329,536,24566949,4,4,1,0.05587866764556147,0.055857125205457485,-2.154244010398737e-05,7.454332272577958e-15
outlet_02,329,536,24566949,4,10,7,0.027934758630263245,0.027930104071300452,-4.654558962792488e-06,1.6106174102598017e-15
outlet_02,329,536,24566949,4,12,13,0.02793373923128933,0.027930176765643435,-3.562465645895463e-06,1.2327202724464588e-15
outlet_02,329,536,24566949,4,14,11,0.027941878709612827,0.02792694853311665,-1.4930176496175118e-05,5.166290167385596e-15
outlet_02,329,536,24566949,4,17,16,0.027935675868666132,0.027930082686655255,-5.593182010876774e-06,1.935409218678251e-15
outlet_02,329,536,24566949,4,18,15,0.027935212635256484,0.02792704260154606,-8.170033710425129e-06,2.8270774184211042e-15
outlet_02,331,538,24566951,4,4,1,0.05587853932982363,0.05585835667331643,-2.01826565072033e-05,6.983806245800079e-15
outlet_02,331,538,24566951,4,14,11,0.027942310354857516,0.027927406093160856,-1.4904261696660481e-05,5.1573228672363625e-15
outlet_02,331,538,24566951,4,18,15,0.027934404451407685,0.027927868396116395,-6.536055291290338e-06,2.2616717353296192e-15
outlet_02,332,540,24566961,14,4,1,0.0558791472367456,0.05585497583218843,-2.417140455716893e-05,8.36403305262953e-15
outlet_02,332,540,24566961,14,5,2,0.05586861735208288,0.055863903478655746,-4.713873427132642e-06,1.6311419991005826e-15
outlet_02,332,540,24566961,14,6,3,0.05587023568499827,0.05586219901055604,-8.03667444222722e-06,2.780931100177841e-15
outlet_02,332,540,24566961,14,10,7,0.02793522683531576,0.02792981283884301,-5.413996472750787e-06,1.873405632585673e-15
outlet_02,332,540,24566961,14,12,13,0.02793404583535082,0.027929626638511115,-4.419196839706291e-06,1.5291750359793152e-15
outlet_02,332,540,24566961,14,14,11,0.0279408298983798,0.02792534935748458,-1.5480540895222716e-05,5.356732804417189e-15
outlet_02,332,540,24566961,14,17,16,0.02793486260388545,0.027928774475409906,-6.088128475544019e-06,2.1066755834427753e-15
outlet_02,332,540,24566961,14,18,15,0.027938225847647404,0.027926201416057027,-1.2024431590377388e-05,4.1608150251728155e-15
outlet_02,333,541,24566962,14,14,11,0.027941339180009423,0.027926034147679968,-1.5305032329455265e-05,5.296001561363992e-15
outlet_02,333,541,24566962,14,18,15,0.02793877461618156,0.02792680251635141,-1.1972099830150074e-05,4.142706661994817e-15
outlet_02,334,542,24566963,4,4,1,0.05588005941196643,0.055855240548634395,-2.4818863332033703e-05,8.58807326429269e-15
outlet_02,334,542,24566963,4,10,7,0.02793470324385398,0.02793043397266528,-4.269271188701157e-06,1.4772962509679566e-15
outlet_02,334,542,24566963,4,12,13,0.02793423515634148,0.027929309970626558,-4.925185714921981e-06,1.7042624069493106e-15
outlet_02,334,542,24566963,4,14,11,0.027941578645244432,0.027925930680253404,-1.5647964991028634e-05,5.4146665776828385e-15
outlet_02,334,542,24566963,4,17,16,0.02793568362813234,0.027928734781353055,-6.948846779285256e-06,2.4045100069438196e-15
outlet_02,334,542,24566963,4,18,15,0.027937482917234004,0.027926505811765125,-1.0977105468878978e-05,3.798408683564631e-15
outlet_02,336,544,24566965,4,4,1,0.05588082815380782,0.05585535708651649,-2.5471067291331362e-05,8.813755452504775e-15
outlet_02,336,544,24566965,4,10,7,0.027934626687072164,0.027929484919086457,-5.1417679857064524e-06,1.7792063874354426e-15
outlet_02,336,544,24566965,4,12,13,0.027934956883966813,0.027930122220474397,-4.834663492415958e-06,1.6729389950537736e-15
outlet_02,336,544,24566965,4,14,11,0.02794036552041524,0.027925235079888172,-1.51304405270683e-05,5.235587546016687e-15
outlet_02,336,544,24566965,4,17,16,0.027935214127183673,0.027928988098037476,-6.226029146197409e-06,2.1543933635410215e-15
outlet_02,336,544,24566965,4,18,15,0.02793938896705167,0.0279263690498946,-1.3019917157072042e-05,4.505282975455012e-15
outlet_02,338,546,24566967,4,4,1,0.05588162344265994,0.0558569702461239,-2.4653196536043864e-05,8.530747569622982e-15
outlet_02,338,546,24566967,4,14,11,0.027940552678247927,0.027926483796651802,-1.4068881596124988e-05,4.868256224217658e-15
outlet_02,338,546,24566967,4,18,15,0.02793876099440743,0.02792687843826113,-1.1882556146300405e-05,4.111721853908821e-15
outlet_02,339,548,24566972,14,4,1,0.05587990371981502,0.0558583457131518,-2.155800666322344e-05,7.45971877031574e-15
outlet_02,339,548,24566972,14,5,2,0.055867960338577397,0.055863851838516894,-4.108500060502618e-06,1.4216646046157258e-15
outlet_02,339,548,24566972,14,6,3,0.055869570593523446,0.055861893120831146,-7.67747269229957e-06,2.6566364899142358e-15
outlet_02,339,548,24566972,14,10,7,0.02793294115361373,0.027929633988828775,-3.3071647849540475e-06,1.144378495110832e-15
outlet_02,339,548,24566972,14,12,13,0.027934526722164347,0.027931464749161004,-3.06197300334321e-06,1.0595347633046914e-15
outlet_02,339,548,24566972,14,14,11,0.027940991460724915,0.027926881152077462,-1.4110308647452552e-05,4.882591230102699e-15
outlet_02,339,548,24566972,14,17,16,0.02793613545910903,0.027930485406489007,-5.650052620022328e-06,1.955088160110536e-15
outlet_02,339,548,24566972,14,18,15,0.027935334508134915,0.02792786036835301,-7.47413978190517e-06,2.5862771866638287e-15
outlet_02,340,549,24566974,14,4,1,0.055881125463276275,0.05585738002174093,-2.3745441535348577e-05,8.216637034111993e-15
outlet_02,340,549,24566974,14,5,2,0.05586816194267511,0.055863381381007306,-4.780561667805383e-06,1.6542181363556303e-15
outlet_02,340,549,24566974,14,6,3,0.05586913080089036,0.05586197957183575,-7.1512290546055235e-06,2.4745403618634738e-15
outlet_02,340,549,24566974,14,10,7,0.02793378785469734,0.02792944203014459,-4.345824552748345e-06,1.5037860176534743e-15
outlet_02,340,549,24566974,14,12,13,0.027934895633120984,0.027930938610676203,-3.957022444781022e-06,1.3692487931293729e-15
outlet_02,340,549,24566974,14,14,11,0.027939948126355547,0.02792644159211931,-1.3506534236235046e-05,4.673667122287152e-15
outlet_02,340,549,24566974,14,17,16,0.027936216895828366,0.027930237724964297,-5.979170864069128e-06,2.0689729724275096e-15
outlet_02,340,549,24566974,14,18,15,0.027936359925315082,0.027927142382554955,-9.217542760127373e-06,3.189547058690296e-15
outlet_02,341,550,24566976,4,4,1,0.055881237532647704,0.05585832529251943,-2.2912240128271366e-05,7.928324284564951e-15
outlet_02,341,550,24566976,4,10,7,0.027933252253689065,0.02792995999472221,-3.2922589668533953e-06,1.1392206336809978e-15
outlet_02,341,550,24566976,4,12,13,0.027935148494705696,0.027931249063546076,-3.899431159620076e-06,1.3493204761178279e-15
outlet_02,341,550,24566976,4,14,11,0.027939898161006175,0.02792707638484796,-1.2821776158213755e-05,4.436720229768798e-15
outlet_02,341,550,24566976,4,17,16,0.027936419960221198,0.027930354656827396,-6.065303393802679e-06,2.098777418581813e-15
outlet_02,341,550,24566976,4,18,15,0.027935518763171463,0.02792797068657204,-7.548076599424303e-06,2.61186154954492e-15
outlet_02,342,551,24566977,4,4,1,0.0558805743338151,0.055857171764487686,-2.34025693274173e-05,8.097992936571756e-15
outlet_02,342,551,24566977,4,14,11,0.027941708296177523,0.027926569839246098,-1.5138456931424599e-05,5.238361463057409e-15
outlet_02,342,551,24566977,4,18,15,0.0279366848222869,0.027927076519156276,-9.608303130625995e-06,3.324761900954764e-15
outlet_02,343,553,24566979,14,14,11,0.02794164710325161,0.02792720940410702,-1.4437699144588534e-05,4.995878190017902e-15
outlet_02,343,553,24566979,14,18,15,0.027935845979901626,0.02792789353994751,-7.952439954116847e-06,2.751783433518249e-15
outlet_02,344,555,24566981,14,14,11,0.027941244902869283,0.027926472478581092,-1.4772424288191088e-05,5.111703158236706e-15
outlet_02,344,555,24566981,14,18,15,0.027936872552925835,0.02792698439102985,-9.888161895985764e-06,3.4216014519209062e-15
outlet_02,346,559,24567032,5,5,2,0.05586785497116734,0.05586657121546153,-1.283755705815126e-06,4.442180895836646e-16
outlet_02,346,559,24567032,5,10,7,0.027933912821149952,0.02793326346957201,-6.493515779422421e-07,2.246951784634803e-16
outlet_02,346,559,24567032,5,16,17,0.02793405039310104,0.027933460473874343,-5.899192266969888e-07,2.041297972074972e-16
outlet_02,347,560,24567051,5,5,2,0.055867863413519535,0.055866573734221076,-1.2896792984593008e-06,4.462678308202158e-16
outlet_02,347,560,24567051,5,9,8,0.027933893875294435,0.027933235327943708,-6.58547350727845e-07,2.278771924561443e-16
outlet_02,347,560,24567051,5,16,17,0.02793390925148956,0.02793325789449405,-6.513569955103604e-07,2.2538911326500966e-16
outlet_02,348,561,24567052,5,5,2,0.055867147518613616,0.05586552984658333,-1.6176720302879533e-06,5.597631820543029e-16
outlet_02,348,561,24567052,5,18,15,0.02793320374444213,0.02793223756701421,-9.661774279211277e-07,3.343264526777421e-16
outlet_02,349,562,24567054,18,4,1,0.05587755054443587,0.05585943116429037,-1.811938014550235e-05,6.269850561298591e-15
outlet_02,349,562,24567054,18,5,2,0.05586817142178285,0.05586433079875192,-3.840623030930412e-06,1.3289710946426931e-15
outlet_02,349,562,24567054,18,6,3,0.05586998071847378,0.055863518131500416,-6.4625869733644925e-06,2.2362494874002735e-15
outlet_02,349,562,24567054,18,10,7,0.027933659198262697,0.02793068587714264,-2.9733211200574927e-06,1.0288585450391839e-15
outlet_02,349,562,24567054,18,12,13,0.02793421197149155,0.027931195052976577,-3.016918514973932e-06,1.043944555089911e-15
outlet_02,349,562,24567054,18,14,11,0.02794093158367361,0.027928236189688885,-1.2695393984726855e-05,4.392988196166553e-15
outlet_02,349,562,24567054,18,18,15,0.027933155648842994,0.027928642472060485,-4.513176782509898e-06,1.5616949231060428e-15
outlet_02,350,563,24567055,5,5,2,0.05586758847406438,0.055866046848450576,-1.5416256138045537e-06,5.334488344748389e-16
outlet_02,350,563,24567055,5,9,8,0.027933927599867552,0.02793321255211717,-7.150477503818642e-07,2.4742803026845653e-16
outlet_02,350,563,24567055,5,10,7,0.027933660875181877,0.02793283429761395,-8.265775679264231e-07,2.8602070195578565e-16
outlet_02,351,564,24567056,10,10,7,0.02793401436371889,0.027932306001572666,-1.708362146222303e-06,5.911446901262754e-16
outlet_02,351,564,24567056,10,18,15,0.02793390036431663,0.02793195399751166,-1.9463668049710114e-06,6.735014612334635e-16
outlet_02,352,565,24567057,18,4,1,0.0558758884570193,0.05586202788780758,-1.386056921172385e-05,4.796173873178341e-15
outlet_02,352,565,24567057,18,10,7,0.027934309164062813,0.027932089272366328,-2.2198916964852322e-06,7.681493013261207e-16
outlet_02,352,565,24567057,18,18,15,0.027934061770582542,0.02793032474473083,-3.737025851713316e-06,1.293123354430427e-15
outlet_02,354,567,24567059,18,18,15,0.027933112101640872,0.02793207522475718,-1.0368768836935272e-06,3.5879059101462195e-16
outlet_02,356,569,24567061,14,14,11,0.027942035706010164,0.027927840704195663,-1.4195001814501507e-05,4.911897613472102e-15
outlet_02,356,569,24567061,14,18,15,0.027933439473947684,0.02792843523041286,-5.004243534823677e-06,1.73161879069452e-15
outlet_02,362,576,24567082,4,4,1,0.05587955907421401,0.05585899480811822,-2.0564266095791928e-05,7.11585464226817e-15
outlet_02,362,576,24567082,4,10,7,0.027933715824746325,0.02793053551190333,-3.180312842993027e-06,1.1004839074859048e-15
outlet_02,362,576,24567082,4,12,13,0.02793472890256984,0.027931071194630175,-3.657707939665883e-06,1.2656769709792208e-15
outlet_02,362,576,24567082,4,14,11,0.02794066275403996,0.027927923702175964,-1.273905186399693e-05,4.408095135623008e-15
outlet_02,362,576,24567082,4,18,15,0.027933129422676874,0.027928368283375218,-4.7611393016559755e-06,1.6474974134431616e-15
outlet_02,363,577,24567083,5,5,2,0.05586753777318833,0.055866083928967324,-1.4538442210040858e-06,5.030738321015816e-16
outlet_02,363,577,24567083,5,9,8,0.027933948913410125,0.02793329648468807,-6.524287220546765e-07,2.257599628868775e-16
outlet_02,363,577,24567083,5,10,7,0.027933588861515254,0.02793278744659838,-8.014149168733553e-07,2.773136677988805e-16
outlet_02,363,577,24567083,5,18,15,0.027934296103178467,0.0279328447585802,-1.4513445982661244e-06,5.02208887445595e-16
outlet_02,364,578,24567084,18,18,15,0.027933663890392334,0.027931484524102827,-2.1793662895071286e-06,7.54126291507455e-16
outlet_02,365,579,24567086,4,4,1,0.055880708093628426,0.05586202839274762,-1.8679700880805394e-05,6.463738390161162e-15
outlet_02,365,579,24567086,4,14,11,0.02793968322809928,0.02792962460567304,-1.0058622426239311e-05,3.480585922841383e-15
outlet_02,365,579,24567086,4,18,15,0.027935045671034876,0.027929932066952108,-5.113604082767481e-06,1.7694608298483583e-15
outlet_02,366,580,24567087,5,5,2,0.05586742765044523,0.0558658277513561,-1.599899089127499e-06,5.536132098027156e-16
outlet_02,366,580,24567087,5,10,7,0.027933643496478214,0.027932810560544006,-8.329359342078291e-07,2.8822088794880985e-16
outlet_02,366,580,24567087,5,18,15,0.027934084806367512,0.027932341178904776,-1.7436274627365134e-06,6.033475504209128e-16
outlet_02,367,581,24567088,18,18,15,0.027933707928446506,0.0279314784478082,-2.229480638306358e-06,7.714673636316002e-16
outlet_02,375,596,24567158,10,5,2,0.055868331957902466,0.05568050589051495,-0.00018782606738751428,6.499346912418696e-14
outlet_02,375,596,24567158,10,6,3,0.05586751945247248,0.05604983776264721,0.00018231831017472694,-6.308761945522558e-14
outlet_02,375,596,24567158,10,8,9,0.027933761664939077,0.028118400117800774,0.00018463845286169692,-6.389045861480922e-14
outlet_02,375,596,24567158,10,10,7,0.02793444077988643,0.02793174741679414,-2.6933630922904017e-06,9.319846462942953e-16
outlet_02,375,596,24567158,10,13,12,0.0279337146692085,0.028079750586233035,0.0001460359170245354,-5.053282005087335e-14
outlet_02,375,596,24567158,10,16,17,0.027933667077781298,0.02789472368734728,-3.8943390434018066e-05,1.3475584507354507e-14
outlet_02,376,597,24567160,6,6,3,0.05586888142162297,0.05586615442218757,-2.7269994353970595e-06,9.436238327903995e-16
outlet_02,376,597,24567160,6,10,7,0.027933693825874698,0.02787336434451961,-6.032948135508906e-05,2.0875815259659977e-14
outlet_02,376,597,24567160,6,13,12,0.027934028559730407,0.027953519047260834,1.949048753042623e-05,-6.744294959392392e-15
outlet_02,377,598,24567170,10,5,2,0.05586819897834271,0.055865865228129155,-2.333750213558139e-06,8.0754777309754e-16
outlet_02,377,598,24567170,10,6,3,0.05586707656151513,0.055865942285156955,-1.1342763581723148e-06,3.9249373896047476e-16
outlet_02,377,598,24567170,10,8,9,0.027934181880716717,0.02793326736045402,-9.145202626986704e-07,3.1645151966324195e-16
outlet_02,377,598,24567170,10,10,7,0.02793411355101514,0.027932674927844202,-1.4386231709379027e-06,4.978068909294962e-16
outlet_02,377,598,24567170,10,13,12,0.02793363282966136,0.027973747320288327,4.011449062696695e-05,-1.3880820400808627e-14
outlet_02,377,598,24567170,10,16,17,0.02793360509078542,0.02797370873557148,4.0103644786057546e-05,-1.3877067413611076e-14
outlet_02,378,599,24567172,6,6,3,0.055868760922072845,0.05586575690920737,-3.004012865473471e-06,1.0394788121608146e-15
outlet_02,378,599,24567172,6,10,7,0.027933537719538337,0.02791278430281035,-2.075341672798728e-05,7.181306450658777e-15
outlet_02,381,602,24567180,14,4,1,0.05588176324847348,0.055857368879040616,-2.4394369432863272e-05,8.441185606403234e-15
outlet_02,381,602,24567180,14,5,2,0.055868860431755894,0.0558635755957826,-5.284835973291824e-06,1.8287122146250478e-15
outlet_02,381,602,24567180,14,6,3,0.05586954746401839,0.05586242814982632,-7.11931419207501e-06,2.4634968594288514e-15
outlet_02,381,602,24567180,14,10,7,0.02793394310505177,0.027929763399906292,-4.17970514547672e-06,1.4463037058657212e-15
outlet_02,381,602,24567180,14,12,13,0.027935495832859217,0.027930708759291982,-4.78707356723479e-06,1.6564714494361398e-15
outlet_02,381,602,24567180,14,14,11,0.02793848928731516,0.027926660266488157,-1.182902082700471e-05,4.093197023090106e-15
outlet_02,381,602,24567180,14,17,16,0.027935790435358182,0.027930135058479258,-5.655376878924145e-06,1.9569305138442726e-15
outlet_02,381,602,24567180,14,18,15,0.027938362172975496,0.027927233895915046,-1.1128277060450109e-05,3.850718601489716e-15
outlet_02,382,603,24567182,14,4,1,0.05588145520013032,0.055857962973267186,-2.3492226863132404e-05,8.129017140827855e-15
outlet_02,382,603,24567182,14,6,3,0.05586960765025436,0.055862639775758206,-6.9678744961526595e-06,2.411094169333665e-15
outlet_02,382,603,24567182,14,10,7,0.027934065272308288,0.027929690681883272,-4.374590425015867e-06,1.5137398747354747e-15
outlet_02,382,603,24567182,14,12,13,0.02793596722059122,0.02793090003098873,-5.067189602490918e-06,1.7534000235251007e-15
outlet_02,382,603,24567182,14,14,11,0.027937573737176574,0.027927063074081347,-1.051066309522633e-05,3.637005591694215e-15
outlet_02,382,603,24567182,14,17,16,0.02793540433731572,0.027930610651255783,-4.793686059937491e-06,1.6587595708150549e-15
outlet_02,382,603,24567182,14,18,15,0.02793915105207367,0.02792735241705343,-1.1798635020241616e-05,4.082682619945008e-15
outlet_02,383,604,24567184,4,4,1,0.05588237902050702,0.05585818157587753,-2.4197444629489584e-05,8.373043700937852e-15
outlet_02,383,604,24567184,4,10,7,0.027933393014019408,0.027930190492361052,-3.202521658356161e-06,1.1081688256427152e-15
outlet_02,383,604,24567184,4,12,13,0.02793617649486995,0.027930882408684233,-5.294086185717722e-06,1.8319130663707985e-15
outlet_02,383,604,24567184,4,14,11,0.02793770362410917,0.027927299282133524,-1.0404341975644299e-05,3.600215286179555e-15
outlet_02,383,604,24567184,4,17,16,0.027936087598829012,0.027930347081804627,-5.740517024385716e-06,1.9863915651895515e-15
outlet_02,383,604,24567184,4,18,15,0.027938467492863873,0.02792783455058881,-1.0632942275063534e-05,3.679317866075617e-15
outlet_02,384,605,24567185,4,4,1,0.05588200621135039,0.05585665335334127,-2.5352858009114465e-05,8.77285148512252e-15
outlet_02,384,605,24567185,4,14,11,0.02793891659133897,0.02792614510978034,-1.2771481558628006e-05,4.4193167854505745e-15
outlet_02,384,605,24567185,4,18,15,0.027939650303837375,0.027926621976162556,-1.3028327674819568e-05,4.50819326758403e-15
outlet_02,385,607,24567187,14,14,11,0.027939918994917712,0.027926415479181586,-1.350351573612546e-05,4.672622630452753e-15
outlet_02,385,607,24567187,14,18,15,0.02793896522885623,0.027926682426066878,-1.2282802789351233e-05,4.250219231823431e-15
outlet_02,386,609,24567189,14,14,11,0.027938156976780128,0.027926927542945942,-1.1229433834185343e-05,3.8857218879978616e-15
outlet_02,388,613,24567194,4,4,1,0.05588212871676175,0.055857442523245926,-2.468619351582435e-05,8.542165517176183e-15
outlet_02,388,613,24567194,4,10,7,0.02793307538731111,0.027929820931902567,-3.254455408541884e-06,1.126139465374181e-15
outlet_02,388,613,24567194,4,12,13,0.02793558646531909,0.027930790488947088,-4.795976372002492e-06,1.6595520876821321e-15
outlet_02,388,613,24567194,4,14,11,0.027938848628811526,0.02792665218762047,-1.2196441191054952e-05,4.2203355210560405e-15
outlet_02,388,613,24567194,4,17,16,0.027936450772120047,0.02793006944858647,-6.381323533578148e-06,2.2081298928299295e-15
outlet_02,388,613,24567194,4,18,15,0.02793651582161346,0.02792737313974709,-9.142681866369101e-06,3.1636429376342497e-15
outlet_02,389,614,24567196,4,4,1,0.0558821535086476,0.055858692247060866,-2.346126158673384e-05,8.118302223758438e-15
outlet_02,389,614,24567196,4,14,11,0.027938912629341603,0.02792739843876128,-1.151419058032302e-05,3.9842562876444216e-15
outlet_02,389,614,24567196,4,18,15,0.027935776603233084,0.027928285811572657,-7.490791660427071e-06,2.5920392375209123e-15
outlet_02,390,615,24567198,4,4,1,0.055882489540561214,0.055861461398112884,-2.1028142448330234e-05,7.276369813647108e-15
outlet_02,390,615,24567198,4,14,11,0.027937871343394365,0.027929041710841797,-8.829632552567745e-06,3.0553184585356213e-15
outlet_02,390,615,24567198,4,18,15,0.027937374342194878,0.027929509436043012,-7.864906151865136e-06,2.7214941049223856e-15
outlet_02,391,616,24567199,10,4,1,0.055881248968499844,0.055863442655301986,-1.7806313197858692e-05,6.1615199803601e-15
outlet_02,391,616,24567199,10,5,2,0.05586865883159799,0.05586478567480756,-3.873156790436261e-06,1.3402287540472027e-15
outlet_02,391,616,24567199,10,6,3,0.05586973249005549,0.05586428225947148,-5.450230584007343e-06,1.885943725002508e-15
outlet_02,391,616,24567199,10,10,7,0.027933293991049067,0.027931295286737507,-1.9987043115600456e-06,6.916118128254676e-16
outlet_02,391,616,24567199,10,14,11,0.027936694857716014,0.02793062380337206,-6.071054343952803e-06,2.100767420322336e-15
outlet_02,391,616,24567199,10,18,15,0.027935892953181583,0.02793087549736602,-5.0174558155619e-06,1.7361906372553496e-15
outlet_02,392,617,24567200,14,14,11,0.02793792916848445,0.027929602743512062,-8.326424972386615e-06,2.8811934993089385e-15
outlet_02,392,617,24567200,14,18,15,0.02793621116921374,0.02793016102433794,-6.050144875799357e-06,2.093532115384442e-15
outlet_02,394,626,24567210,4,4,1,0.05588124174321636,0.05586313036880146,-1.811137441490307e-05,6.267080337698863e-15
outlet_02,394,626,24567210,4,14,11,0.027936216822901323,0.027930218668658066,-5.99815424325717e-06,2.0755417926466183e-15
outlet_02,394,626,24567210,4,17,16,0.027935827342048355,0.027932082967059162,-3.744374989192445e-06,1.295666377060261e-15
outlet_02,394,626,24567210,4,18,15,0.027939116679139713,0.02793104741134111,-8.069267798602175e-06,2.792209381891735e-15
outlet_02,395,627,24567212,4,4,1,0.05588217187997643,0.05586223975433378,-1.9932125642656284e-05,6.897115030698407e-15
outlet_02,395,627,24567212,4,14,11,0.02793621427435004,0.027929740722216025,-6.473552134015487e-06,2.2400437628175498e-15
outlet_02,395,627,24567212,4,18,15,0.02793855370152107,0.027930005451749035,-8.5482497720335e-06,2.957951552476734e-15
outlet_02,396,628,24567213,10,5,2,0.055870749520749205,0.055746712635982985,-0.0001240368847662196,4.2920493158605756e-14
outlet_02,396,628,24567213,10,6,3,0.05586627606455784,0.05586472873134716,-1.5473332106788473e-06,5.354238346778584e-16
outlet_02,396,628,24567213,10,8,9,0.027933176824937803,0.027992329830904144,5.915300596634129e-05,-2.0468719386773558e-14
outlet_02,396,628,24567213,10,10,7,0.027934003789291024,0.027872527362856843,-6.147642643418091e-05,2.127269275713374e-14
outlet_02,396,628,24567213,10,14,11,0.027934686534313483,0.02787140508166919,-6.328145264429194e-05,2.1897286121020555e-14
outlet_02,396,628,24567213,10,18,15,0.027938338821821652,0.027812526093435853,-0.00012581272838579904,4.353498846835632e-14
outlet_02,397,629,24567214,14,14,11,0.02793580114877632,0.02791145357478499,-2.4347573991331112e-05,8.424992976026224e-15
outlet_02,397,629,24567214,14,18,15,0.027939045792342698,0.027891929993403366,-4.711579893933171e-05,1.6303483676240868e-14
outlet_02,398,630,24567215,6,6,3,0.05586848630856815,0.055865196884680224,-3.2894238879283e-06,1.1382396110937409e-15
outlet_02,398,630,24567215,6,10,7,0.0279343352635182,0.027912495079826197,-2.1840183692004717e-05,7.557360510159088e-15
outlet_02,398,630,24567215,6,14,11,0.02793467723361591,0.02791170896848301,-2.2968265132899957e-05,7.947710621398583e-15
outlet_02,399,631,24567216,14,14,11,0.027935722956626673,0.027931122068001357,-4.60088862531613e-06,1.5920458590892306e-15
outlet_02,400,640,24567225,10,5,2,0.055870311202820155,0.055865830707061054,-4.480495759101588e-06,1.5503863059615834e-15
outlet_02,400,640,24567225,10,6,3,0.055869448902432166,0.055864803433594144,-4.645468838021527e-06,1.6074719536580962e-15
outlet_02,400,640,24567225,10,10,7,0.027933914731576415,0.027932078350152833,-1.8363814235818066e-06,6.354432109125265e-16
outlet_02,400,640,24567225,10,14,11,0.02793615470591707,0.027931566029930053,-4.5886759870161775e-06,1.587819918881287e-15
outlet_02,400,640,24567225,10,18,15,0.027936809486746168,0.027932079651295884,-4.729835450283798e-06,1.6366653392485389e-15
outlet_02,401,641,24567226,14,14,11,0.027936330173633478,0.02793030632196407,-6.023851669409441e-06,2.0844338750738827e-15
outlet_02,401,641,24567226,14,18,15,0.027937452962887573,0.027930623959569193,-6.829003318380156e-06,2.363040564579351e-15
outlet_02,402,642,24567227,10,10,7,0.02793418242504438,0.02793245896322591,-1.7234618184709671e-06,5.963696309224543e-16
outlet_02,402,642,24567227,10,14,11,0.027936191156853987,0.027931499322790272,-4.691834063715039e-06,1.6235157164140403e-15
outlet_02,404,644,24567229,10,10,7,0.027934629262584828,0.027932960292372744,-1.6689702120840921e-06,5.775138960050754e-16
outlet_02,409,656,24567250,10,5,2,0.05586873052140823,0.055866373535773756,-2.356985634471842e-06,8.155879276551424e-16
outlet_02,409,656,24567250,10,6,3,0.05586816787792025,0.055905315838520826,3.714796060057951e-05,-1.2854311778455377e-14
outlet_02,409,656,24567250,10,9,8,0.02793441123125908,0.027913776454179192,-2.063477707988856e-05,7.140253563736006e-15
outlet_02,409,656,24567250,10,10,7,0.027934204450240478,0.027952610578904757,1.840612866427921e-05,-6.369074174190828e-15
outlet_02,409,656,24567250,10,13,12,0.027933737283599498,0.027972793081189495,3.9055797589997165e-05,-1.3514480764530528e-14
outlet_02,409,656,24567250,10,16,17,0.027933966561989057,0.027953307914047747,1.9341352058690336e-05,-6.6926896001767825e-15
outlet_02,410,657,24567252,10,10,7,0.027933884246116956,0.027933016828915122,-8.674172018337256e-07,3.0015244374390024e-16
outlet_02,411,658,24567254,5,5,2,0.05586873645739209,0.055865863309750685,-2.873147641406504e-06,9.94195508207704e-16
outlet_02,411,658,24567254,5,10,7,0.027933451783227353,0.02793258437231775,-8.674109096031002e-07,3.0015026644283356e-16
outlet_02,414,661,24567305,10,5,2,0.0558680035567052,0.055865110994017406,-2.8925626877965294e-06,1.0009136982632482e-15
outlet_02,414,661,24567305,10,6,3,0.055869603100215465,0.05586408693990067,-5.516160314793239e-06,1.90875739502073e-15
outlet_02,414,661,24567305,10,10,7,0.02793346548311685,0.02793136028459403,-2.1051985228184855e-06,7.284620132667625e-16
outlet_02,414,661,24567305,10,14,11,0.027937894002887206,0.027930409785760366,-7.4842171268393876e-06,2.589764251137604e-15
outlet_02,414,661,24567305,10,18,15,0.027934105049468576,0.027930921782869517,-3.1832665990591535e-06,1.101505995933767e-15
outlet_02,415,662,24567306,14,14,11,0.027938505278252784,0.02793010408213289,-8.40119611989279e-06,2.907066565462192e-15
outlet_02,415,662,24567306,14,18,15,0.027935288804770225,0.027930403914284974,-4.884890485251647e-06,1.6903190454028665e-15
outlet_02,416,663,24567307,10,10,7,0.027933778190158638,0.027932864446620506,-9.137435381320613e-07,3.161827495993203e-16
outlet_02,418,665,24567309,10,10,7,0.027934310998012035,0.027932611294958932,-1.6997030531026858e-06,5.881483834413666e-16
outlet_02,418,665,24567309,10,18,15,0.02793488907336575,0.027932500918678865,-2.388154686883831e-06,8.263733573547871e-16
outlet_02,445,699,24568653,12,12,13,0.0279337169556973,0.027932922256071507,-7.946996257932049e-07,2.7498997508919277e-16
outlet_02,451,705,24568681,4,4,1,0.05587001932081781,0.05586252404651086,-7.495274306948407e-06,2.5935903680553024e-15
outlet_02,451,705,24568681,4,18,15,0.02793471319056888,0.02793092272297565,-3.790467593231539e-06,1.311615804523317e-15
outlet_02,453,707,24568683,18,18,15,0.02793405441161718,0.02793087269612152,-3.181715495660653e-06,1.1009692675006955e-15
outlet_02,455,709,24568685,14,14,11,0.02794219859273692,0.027928039002923566,-1.4159589813354106e-05,4.899643995882107e-15
outlet_02,455,709,24568685,14,18,15,0.027935324195764576,0.027928738749206677,-6.585446557898222e-06,2.278762599265247e-15
outlet_03,56842,168288,85544936,15,15,18,0.027761916974274797,0.027761099048062895,-8.179262119024922e-07,2.8302707253871633e-16
outlet_03,56850,168299,85544964,15,15,18,0.027762504163233788,0.027760920714182655,-1.5834490511325294e-06,5.479210018393133e-16
outlet_03,56853,168302,85544968,15,15,18,0.027762456789408627,0.02776086834999441,-1.5884394142171021e-06,5.496478175766971e-16
outlet_03,56854,168303,85544987,7,7,10,0.02776225227043193,0.02776156788598602,-6.843844459099302e-07,2.3681760456896882e-16
outlet_03,56855,168304,85544991,2,2,5,0.05552467762507277,0.05552350516896699,-1.1724561057857574e-06,4.0570508008153414e-16
outlet_03,56855,168304,85544991,2,7,10,0.02776232800637307,0.027761737546354703,-5.904600183688491e-07,2.0431692739297435e-16
outlet_03,56856,168305,85545019,2,2,5,0.055524739459128544,0.05552357734200744,-1.1621171211034786e-06,4.0212748038480645e-16
outlet_03,56856,168305,85545019,2,7,10,0.027762347580137618,0.027761757896370063,-5.896837675552213e-07,2.0404832126183468e-16
outlet_03,56856,168305,85545019,2,8,9,0.02776239187901566,0.027761819445671493,-5.724333441668727e-07,1.9807915587673053e-16
outlet_03,56857,168306,85545023,2,2,5,0.05552476692630434,0.05552360247533315,-1.1644509711888906e-06,4.029350627165696e-16
outlet_03,56857,168306,85545023,2,7,10,0.027762385543610824,0.02776180437308792,-5.811705229043229e-07,2.011024825342247e-16
outlet_03,56857,168306,85545023,2,8,9,0.027762381382694244,0.027761798102245588,-5.832804486557985e-07,2.0183258031080188e-16
outlet_03,56991,168513,85559012,15,15,18,0.027762512388848665,0.027760929273186075,-1.5831156625900622e-06,5.478056393752923e-16
outlet_03,56993,168515,85559016,15,15,18,0.027761915356421685,0.02776109376954829,-8.215868733951748e-07,2.842937715278822e-16
outlet_03,57001,168523,85559067,2,2,5,0.05552474259723216,0.05552357579337516,-1.1668038569986883e-06,4.037492319815647e-16
outlet_03,57001,168523,85559067,2,7,10,0.027762383210772994,0.027761804821653576,-5.78389119418321e-07,2.001400332634512e-16
outlet_03,57001,168523,85559067,2,8,9,0.02776235938646725,0.027761770971731915,-5.88414735335635e-07,2.0360919794136865e-16
outlet_03,57002,168524,85559071,2,2,5,0.0555247902634716,0.05552350194636823,-1.2883171033734042e-06,4.457964703456674e-16
outlet_03,57002,168524,85559071,2,8,9,0.027762388566719365,0.027761740800621278,-6.477660980871991e-07,2.241465547424014e-16
outlet_03,57003,168525,85559099,8,8,9,0.027762279913703437,0.027761596195587643,-6.837181157938466e-07,2.36587034305594e-16
outlet_03,58265,172539,85600872,7,7,10,0.027762179110827213,0.02776158344099642,-5.956698307940655e-07,2.0611967920325699e-16
outlet_03,58265,172539,85600872,7,11,14,0.027762026978706382,0.027761365926386065,-6.610523203172403e-07,2.287439872835603e-16
outlet_03,58275,172551,85600884,11,11,14,0.027762445654406963,0.02776100818178117,-1.4374726257926351e-06,4.974087677008357e-16
outlet_03,58277,172553,85600886,15,15,18,0.027762474719992426,0.027760938629076807,-1.536090915618682e-06,5.315336624188058e-16
outlet_03,58278,172555,85600888,1,1,4,0.05553336247877077,0.05552004677197153,-1.3315706799237048e-05,4.60763508899654e-15
outlet_03,58278,172555,85600888,1,11,14,0.027762412915726904,0.027759782510049076,-2.6304056778281293e-06,9.101994871313219e-16
outlet_03,58278,172555,85600888,1,15,18,0.027762422293766645,0.027759674193087218,-2.7481006794269347e-06,9.509254979501566e-16
outlet_03,58279,172565,85600898,11,11,14,0.027762301091524937,0.027760874734011884,-1.4263575130527006e-06,4.935626043502271e-16
outlet_03,58279,172565,85600898,11,15,18,0.027762772869630165,0.02776081533397093,-1.957535659236065e-06,6.773662207683083e-16
outlet_03,58280,172566,85600899,15,15,18,0.02776306363762161,0.027759741152888887,-3.322484732722758e-06,1.1496796578628346e-15
outlet_03,58281,172567,85600900,15,1,4,0.055532622216151004,0.055521115617629895,-1.150659852110908e-05,3.981629206787257e-15
outlet_03,58281,172567,85600900,15,2,5,0.05552624442646002,0.05552354002512841,-2.7044013316129822e-06,9.35804209130147e-16
outlet_03,58281,172567,85600900,15,11,14,0.027761969876593774,0.027760411651992497,-1.558224601277275e-06,5.391925834379436e-16
outlet_03,58281,172567,85600900,15,15,18,0.027763153552551947,0.02776066078305954,-2.4927694924070654e-06,8.625732268791763e-16
outlet_03,58282,172569,85600902,1,1,4,0.055533579289756274,0.05551940112886296,-1.4178160893316138e-05,4.906070148167055e-15
outlet_03,58282,172569,85600902,1,11,14,0.02776226877164573,0.027759518311866665,-2.7504597790647956e-06,9.517418173865737e-16
outlet_03,58282,172569,85600902,1,15,18,0.027762871124077014,0.027759313661445233,-3.5574626317813607e-06,1.2309890790723148e-15
outlet_03,58282,172569,85600902,1,16,17,0.027764335311883204,0.027760087472810672,-4.2478390725325665e-06,1.46988009409557e-15
outlet_03,58284,172571,85600904,1,1,4,0.055533810046577654,0.05551859066063006,-1.5219385947597142e-05,5.266365336997915e-15
outlet_03,58284,172571,85600904,1,8,9,0.02776266984483656,0.02776191702468841,-7.528201481470098e-07,2.604984160889217e-16
outlet_03,58284,172571,85600904,1,11,14,0.02776195820705895,0.027759087757753757,-2.870449305192313e-06,9.932618027116407e-16
outlet_03,58284,172571,85600904,1,13,12,0.0277664029340924,0.027759502904428586,-6.900029663813728e-06,2.3876178165718376e-15
outlet_03,58284,172571,85600904,1,15,18,0.02776342475713678,0.027759337751470218,-4.087005666560811e-06,1.414226897760491e-15
outlet_03,58284,172571,85600904,1,16,17,0.02776388648311547,0.027759252909224673,-4.633573890796411e-06,1.6033559441181936e-15
outlet_03,58285,172572,85600925,7,7,10,0.02776219014157851,0.027761564899920644,-6.252416578644837e-07,2.1635242089017995e-16
outlet_03,58286,172573,85600927,3,3,6,0.05552458011967505,0.055523550218843726,-1.029900831325814e-06,3.56376667055738e-16
outlet_03,58286,172573,85600927,3,7,10,0.027762276326612,0.027761755231921877,-5.210946901236524e-07,1.8031443731106267e-16
outlet_03,58287,172574,85600937,7,7,10,0.02776214980147797,0.027761597591729137,-5.522097488337707e-07,1.910811835657296e-16
outlet_03,58288,172575,85600939,3,3,6,0.05552440900755621,0.05552334061202262,-1.0683955335918927e-06,3.6969699196044534e-16
outlet_03,58288,172575,85600939,3,7,10,0.02776213016208446,0.027761562266965686,-5.678951187741699e-07,1.9650879338103551e-16
outlet_03,58289,172576,85600941,2,2,5,0.055524370540829864,0.05552324143471305,-1.129106116812273e-06,3.907046799290402e-16
outlet_03,58289,172576,85600941,2,7,10,0.027762214560304678,0.027761658493118967,-5.560671857106347e-07,1.924159727568258e-16
outlet_03,58290,172577,85600953,7,2,5,0.055525620986166424,0.055523074277062524,-2.5467091038997025e-06,8.812379549591425e-16
outlet_03,58290,172577,85600953,7,3,6,0.05552530786541131,0.05552343750318977,-1.870362221538524e-06,6.472015891479533e-16
outlet_03,58290,172577,85600953,7,7,10,0.027762132065252843,0.027761588848218857,-5.432170339866871e-07,1.8796943372777607e-16
outlet_03,58290,172577,85600953,7,9,8,0.02776266915049107,0.027761848655578767,-8.204949123041816e-07,2.83915920144209e-16
outlet_03,58295,172582,85600981,11,11,14,0.02776200173273618,0.027761252117983425,-7.496147527534525e-07,2.593892528644574e-16
outlet_03,58296,172583,85600982,3,3,6,0.05552488721067478,0.05552344588179167,-1.4413288831061077e-06,4.987431487275172e-16
outlet_03,58296,172583,85600982,3,7,10,0.027762233049236047,0.027761695269144838,-5.377800912087505e-07,1.8608808798337125e-16
outlet_03,58296,172583,85600982,3,11,14,0.02776236818606679,0.02776154011426165,-8.280718051395519e-07,2.865377529781836e-16
outlet_03,58297,172584,85600983,11,11,14,0.027762056373366123,0.027761325357542107,-7.310158240160514e-07,2.529534640655402e-16
outlet_03,58298,172585,85600984,3,3,6,0.055524823523184025,0.055523444957750044,-1.378565433980683e-06,4.770251074055705e-16
outlet_03,58298,172585,85600984,3,7,10,0.027762400052344816,0.027761694336174796,-7.057161700192716e-07,2.4419902276906215e-16
outlet_03,58298,172585,85600984,3,9,8,0.02776242347087586,0.027761750621603777,-6.728492720833867e-07,2.328260874469561e-16
outlet_03,58298,172585,85600984,3,11,14,0.02776238561911011,0.027761643818325053,-7.418007850583386e-07,2.5668538499779975e-16
outlet_03,58303,172590,85600997,11,11,14,0.027762045496265403,0.027761363648868453,-6.818473969501249e-07,2.359397093144435e-16
outlet_03,58304,172591,85600998,3,3,6,0.05552483612739036,0.05552342949539383,-1.4066319965339025e-06,4.86736982291186e-16
outlet_03,58304,172591,85600998,3,7,10,0.027762414372087377,0.027761693999632815,-7.20372454562912e-07,2.4927053808220085e-16
outlet_03,58304,172591,85600998,3,9,8,0.027762245028038743,0.02776173549577652,-5.095322622231113e-07,1.7631348945964422e-16
outlet_03,58305,172592,85600999,11,11,14,0.027762066812494293,0.027761431871055942,-6.34941438350245e-07,2.1970883670765037e-16
outlet_03,58306,172593,85601000,3,3,6,0.05552438060870309,0.0555234321617414,-9.484469616904967e-07,3.2819117802951953e-16
outlet_03,58306,172593,85601000,3,9,8,0.027762214814218467,0.02776175194879622,-4.628654222474382e-07,1.6016535908951483e-16
outlet_03,58307,172602,85601009,1,1,4,0.0555334134644915,0.055519627948952155,-1.3785515539342652e-05,4.7702030449199814e-15
outlet_03,58307,172602,85601009,1,15,18,0.027763540867862674,0.027759445751831178,-4.09511603149601e-06,1.417033327987847e-15
outlet_03,58308,172603,85601011,1,1,4,0.05553319926114146,0.05551944861282659,-1.3750648314873881e-05,4.758137936447675e-15
outlet_03,58308,172603,85601011,1,11,14,0.02776160459140865,0.027759631905233322,-1.9726861753277536e-06,6.826087550635566e-16
outlet_03,58308,172603,85601011,1,15,18,0.027763988009017485,0.027759280386044128,-4.707622973356557e-06,1.6289791540804073e-15
outlet_03,58308,172603,85601011,1,16,17,0.027763321671828992,0.027760168233882034,-3.1534379469587426e-06,1.0911843850611696e-15
outlet_03,58309,172604,85601013,13,13,12,0.027766793073686347,0.027759350378308435,-7.442695377911368e-06,2.5753964770343013e-15
outlet_03,58309,172604,85601013,13,15,18,0.02776414981420531,0.027759039085990853,-5.110728214456628e-06,1.7684656929066843e-15
outlet_03,58310,172605,85601014,15,1,4,0.05553375447624159,0.055520552878223356,-1.3201598018236504e-05,4.5681500183782194e-15
outlet_03,58310,172605,85601014,15,2,5,0.0555260101466391,0.05552428978304617,-1.720363592930263e-06,5.952975516907464e-16
outlet_03,58310,172605,85601014,15,6,3,0.05552494887230479,0.055524169477559886,-7.793947449027949e-07,2.6969402593029377e-16
outlet_03,58310,172605,85601014,15,7,10,0.02776264077984624,0.027761727179593753,-9.136002524882947e-07,3.161331684565448e-16
outlet_03,58310,172605,85601014,15,8,9,0.027762693039888403,0.027762562609737335,-1.3043015106850575e-07,4.513275560864714e-17
outlet_03,58310,172605,85601014,15,11,14,0.027762252226238057,0.027759858755295935,-2.3934709421219447e-06,8.282129415801319e-16
outlet_03,58310,172605,85601014,15,13,12,0.027766361992272538,0.02776069412921234,-5.6678630601970925e-06,1.961251108149045e-15
outlet_03,58310,172605,85601014,15,15,18,0.027764091897627963,0.02776075427894239,-3.337618685574084e-06,1.1549164607786953e-15
outlet_03,58310,172605,85601014,15,16,17,0.02776389504781853,0.027759798607506332,-4.096440312198468e-06,1.417491568945261e-15
outlet_03,58311,172606,85601015,1,1,4,0.055534443598446656,0.05551794188366848,-1.6501714778176246e-05,5.7100896848295095e-15
outlet_03,58311,172606,85601015,1,11,14,0.027761972401257294,0.02775878735547183,-3.185045785464996e-06,1.1021216479481155e-15
outlet_03,58311,172606,85601015,1,13,12,0.027766812720818868,0.02775915452941094,-7.658191407928366e-06,2.6499645855407655e-15
outlet_03,58311,172606,85601015,1,15,18,0.02776463104663779,0.027758709019756328,-5.922026881460818e-06,2.0491994355540375e-15
outlet_03,58312,172615,85601025,1,1,4,0.05553259863301515,0.05551986240235514,-1.2736230660011227e-05,4.407118914182138e-15
outlet_03,58312,172615,85601025,1,11,14,0.02776168020291398,0.027759840520958465,-1.8396819555163701e-06,6.36585294241886e-16
outlet_03,58312,172615,85601025,1,15,18,0.027764491018980656,0.027760071984795794,-4.419034184861836e-06,1.5291187525104762e-15
outlet_03,58312,172615,85601025,1,16,17,0.027762729989969495,0.027759790418273367,-2.9395716961283513e-06,1.0171802291770292e-15
outlet_03,58313,172616,85601027,1,1,4,0.055531495515428644,0.05552045508382307,-1.1040431605574552e-05,3.820321431711491e-15
outlet_03,58313,172616,85601027,1,11,14,0.027761804191075122,0.027760107863396746,-1.6963276783764358e-06,5.869804022548124e-16
outlet_03,58313,172616,85601027,1,16,17,0.027762357159637152,0.027760171757306565,-2.1854023305872827e-06,7.562149432853039e-16
outlet_03,58314,172617,85601029,1,1,4,0.05553398691145549,0.055517890687576565,-1.609622387892251e-05,5.569777636521467e-15
outlet_03,58314,172617,85601029,1,11,14,0.02776190390175437,0.02775876298109471,-3.140920659661789e-06,1.0868530271364216e-15
outlet_03,58314,172617,85601029,1,13,12,0.02776634109828042,0.02775912770768002,-7.213390600398217e-06,2.4960501265270434e-15
outlet_03,58314,172617,85601029,1,15,18,0.027765044697028493,0.027758525483498442,-6.519213530051249e-06,2.2558439793407163e-15
outlet_03,58314,172617,85601029,1,16,17,0.027763129071993818,0.027759365210429328,-3.7638615644902673e-06,1.3024093182694925e-15
outlet_03,58315,172618,85601031,1,1,4,0.05553315108209029,0.05551816481343428,-1.4986268656008717e-05,5.185699741940189e-15
outlet_03,58315,172618,85601031,1,11,14,0.02776190993658466,0.027758927335467882,-2.9826011167764788e-06,1.0320697030462545e-15
outlet_03,58315,172618,85601031,1,13,12,0.027766096065286534,0.027759237478832768,-6.858586453765969e-06,2.373277219283555e-15
outlet_03,58315,172618,85601031,1,15,18,0.027765875742939136,0.02775865201198773,-7.223730951407686e-06,2.499628199014078e-15
outlet_03,58315,172618,85601031,1,16,17,0.02776261186552932,0.0277595128081204,-3.09905740892083e-06,1.0723670831334676e-15
outlet_03,58316,172619,85601037,3,3,6,0.05552458192804009,0.055523851965871146,-7.299621689466074e-07,2.5258886771756807e-16
outlet_03,58316,172619,85601037,3,7,10,0.027762287946678295,0.02776192139493774,-3.6655174055419404e-07,1.2683792810810702e-16
outlet_03,58316,172619,85601037,3,9,8,0.02776229398136361,0.027761930570934155,-3.634104294540641e-07,1.2575093997682418e-16
outlet_03,58316,172619,85601037,3,12,13,0.027762359771820747,0.02776202388885027,-3.358829704751265e-07,1.1622561114414568e-16
outlet_03,58317,172629,85601106,11,11,14,0.027762781660327036,0.027760760684254256,-2.0209760727800397e-06,6.99318512142163e-16
outlet_03,58317,172629,85601106,11,15,18,0.027762292716833534,0.0277606878441256,-1.604872707935967e-06,5.553342315168994e-16
outlet_03,58318,172631,85601108,1,1,4,0.055534044089705054,0.05551936074741675,-1.4683342288303314e-05,5.080878106688979e-15
outlet_03,58318,172631,85601108,1,11,14,0.02776286797850355,0.027759439424849132,-3.4285536544172157e-06,1.1863826953222817e-15
outlet_03,58318,172631,85601108,1,13,12,0.027765620013167652,0.027759921324659178,-5.698688508474353e-06,1.9719176404824613e-15
outlet_03,58318,172631,85601108,1,15,18,0.02776230384225437,0.027759411986383535,-2.8918558708339315e-06,1.000669118333135e-15
outlet_03,58319,172633,85601110,1,1,4,0.05553384456660347,0.055519549415721174,-1.4295150882297214e-05,4.946552203413376e-15
outlet_03,58319,172633,85601110,1,11,14,0.02776290483147735,0.027759538761886984,-3.3660695903658944e-06,1.1647613296398779e-15
outlet_03,58319,172633,85601110,1,15,18,0.027762432177928228,0.02775944721011573,-2.984967812497824e-06,1.0328886509560471e-15
outlet_03,58320,172635,85601112,1,1,4,0.05553474824161857,0.05551737385443083,-1.737438718773382e-05,6.012060588522509e-15
outlet_03,58320,172635,85601112,1,11,14,0.02776329645877636,0.027758857898591147,-4.4385601852131584e-06,1.5358753359741242e-15
outlet_03,58320,172635,85601112,1,13,12,0.027765310500453666,0.027758515956892847,-6.794543560818822e-06,2.351116451913622e-15
outlet_03,58320,172635,85601112,1,15,18,0.0277626738051843,0.027758248919893383,-4.424885290916364e-06,1.5311434112066129e-15
outlet_03,58320,172635,85601112,1,16,17,0.027765379808601883,0.027759124941449668,-6.254867152215293e-06,2.1643721810704303e-15
outlet_03,58321,172645,85601122,1,1,4,0.05553441878780946,0.05551845455759575,-1.5964230213709463e-05,5.524103857988303e-15
outlet_03,58321,172645,85601122,1,11,14,0.027762662731903684,0.027758891630141697,-3.771101761987361e-06,1.3049146443886276e-15
outlet_03,58321,172645,85601122,1,13,12,0.02776611894273796,0.027759562931512934,-6.556011225025693e-06,2.2685770886765387e-15
outlet_03,58321,172645,85601122,1,15,18,0.02776270121573677,0.02775867137982206,-4.029835914708124e-06,1.3944444439533256e-15
outlet_03,58321,172645,85601122,1,16,17,0.02776490571924719,0.027759783188907185,-5.1225303400043165e-06,1.772549583354121e-15
outlet_03,58322,172647,85601124,1,1,4,0.05553480236118928,0.05551626761596088,-1.853474522840043e-05,6.413579374163019e-15
outlet_03,58322,172647,85601124,1,11,14,0.02776248717040177,0.02775847757681122,-4.009593590550975e-06,1.3874399909058412e-15
outlet_03,58322,172647,85601124,1,13,12,0.027766236522453944,0.027757790043407535,-8.446479046408939e-06,2.922735820147209e-15
outlet_03,58322,172647,85601124,1,15,18,0.02776397910317434,0.02775824127175813,-5.737831416212369e-06,1.9854622639784797e-15
outlet_03,58322,172647,85601124,1,16,17,0.027764421405551215,0.027758026344618845,-6.395060932369578e-06,2.2128834460327202e-15
outlet_03,58323,172649,85601126,1,1,4,0.055535230972764665,0.05551528887414709,-1.99420986175744e-05,6.90056598000716e-15
outlet_03,58323,172649,85601126,1,11,14,0.027763120117129402,0.027757849941492992,-5.270175636409857e-06,1.823639297080954e-15
outlet_03,58323,172649,85601126,1,13,12,0.027765382864015302,0.027757438934175763,-7.943929839538538e-06,2.748838677889908e-15
outlet_03,58323,172649,85601126,1,15,18,0.027763261549291433,0.027757732929830775,-5.528619460657552e-06,1.9130686342608898e-15
outlet_03,58323,172649,85601126,1,16,17,0.0277649813085194,0.027757555944598472,-7.42536392092652e-06,2.5693992715873175e-15
outlet_03,58324,172651,85601128,1,1,4,0.055535441216148174,0.05551572635322761,-1.97148629205654e-05,6.82193559359228e-15
outlet_03,58324,172651,85601128,1,11,14,0.02776308049721123,0.02775809791803343,-4.982579177800067e-06,1.7241222715004916e-15
outlet_03,58324,172651,85601128,1,13,12,0.02776591609174637,0.027757628437179584,-8.287654566785374e-06,2.8677777727571085e-15
outlet_03,58324,172651,85601128,1,15,18,0.027763944934400164,0.02775801792982638,-5.927004573785116e-06,2.05092186682723e-15
outlet_03,58324,172651,85601128,1,16,17,0.027764505748367883,0.02775770842426411,-6.797324103774427e-06,2.3520786034149935e-15
outlet_03,58325,172661,85601138,1,1,4,0.055534153000578734,0.05551916661678074,-1.498638379799494e-05,5.1857395845308934e-15
outlet_03,58325,172661,85601138,1,11,14,0.027763332271954606,0.027759297860893845,-4.0344110607618e-06,1.3960275821082907e-15
outlet_03,58325,172661,85601138,1,13,12,0.0277643845874746,0.027759868758822352,-4.515828652247589e-06,1.5626125498035254e-15
outlet_03,58325,172661,85601138,1,15,18,0.02776228078151602,0.027759149743428177,-3.1310380878418753e-06,1.0834333600189712e-15
outlet_03,58326,172663,85601140,1,1,4,0.055535045955346564,0.05551719892208191,-1.784703326465631e-05,6.175610348331685e-15
outlet_03,58326,172663,85601140,1,11,14,0.027763841188746693,0.027758712118910248,-5.129069836445205e-06,1.7748124458307213e-15
outlet_03,58326,172663,85601140,1,13,12,0.027764911202964135,0.027758486803628933,-6.424399335201725e-06,2.2230354159117997e-15
outlet_03,58326,172663,85601140,1,15,18,0.027762664028345263,0.02775812164688681,-4.542381458451372e-06,1.5718006194584451e-15
outlet_03,58326,172663,85601140,1,16,17,0.027765479637261246,0.02775907728342086,-6.402353840386649e-06,2.2154070115772994e-15
outlet_03,58327,172665,85601142,1,1,4,0.055534335532211695,0.0555180886310774,-1.6246901134296665e-05,5.621916499252767e-15
outlet_03,58327,172665,85601142,1,11,14,0.027763842752366628,0.027759053528005177,-4.789224361451128e-06,1.6572156889308828e-15
outlet_03,58327,172665,85601142,1,13,12,0.0277638714577497,0.027759035103075286,-4.836354674415955e-06,1.673524194896527e-15
outlet_03,58327,172665,85601142,1,15,18,0.027762088138426816,0.027758651417085112,-3.436721341704141e-06,1.1892089608075913e-15
outlet_03,58328,172667,85601144,1,1,4,0.05553513770560055,0.055517174750873935,-1.7962954726613578e-05,6.2157226610864755e-15
outlet_03,58328,172667,85601144,1,11,14,0.027764340723704782,0.02775858048259158,-5.7602411132028075e-06,1.9932166932208566e-15
outlet_03,58328,172667,85601144,1,13,12,0.027764442353151036,0.027758594268284066,-5.84808486697036e-06,2.0236132743645433e-15
outlet_03,58328,172667,85601144,1,15,18,0.027762630306108444,0.0277581077480291,-4.522558079343014e-06,1.5649411339997097e-15
outlet_03,58328,172667,85601144,1,16,17,0.027765520690966224,0.027759067011133152,-6.453679833071796e-06,2.2331673489322204e-15
outlet_03,58329,172677,85601154,1,1,4,0.05553556923992355,0.05551515158428324,-2.0417655640314614e-05,7.0651230146305174e-15
outlet_03,58329,172677,85601154,1,11,14,0.027763720690468972,0.027757695634113438,-6.025056355534603e-06,2.0848507327101472e-15
outlet_03,58329,172677,85601154,1,13,12,0.02776490908535159,0.02775745595068729,-7.453134664301558e-06,2.579008784139042e-15
outlet_03,58329,172677,85601154,1,15,18,0.02776325461360756,0.027757554730071902,-5.6998835356592e-06,1.972331155834836e-15
outlet_03,58329,172677,85601154,1,16,17,0.027765058390483027,0.027757596854227323,-7.4615362557033105e-06,2.5819159874839174e-15
outlet_03,58330,172679,85601156,1,1,4,0.055535810480328456,0.05551511793873653,-2.0692541591926794e-05,7.160241822457756e-15
outlet_03,58330,172679,85601156,1,11,14,0.02776368408352574,0.027757723009268858,-5.961074256880666e-06,2.0627110019943577e-15
outlet_03,58330,172679,85601156,1,13,12,0.0277654921076975,0.027757394930437235,-8.097177260264071e-06,2.8018668951433578e-15
outlet_03,58330,172679,85601156,1,15,18,0.02776392225004873,0.02775747264815055,-6.449601898182722e-06,2.2317562607963193e-15
outlet_03,58330,172679,85601156,1,16,17,0.027764576567992975,0.027757645290854466,-6.931277138508274e-06,2.3984303827401893e-15
outlet_03,58331,172681,85601158,1,1,4,0.055535687033784684,0.05551517949346889,-2.0507540315795048e-05,7.0962258160777864e-15
outlet_03,58331,172681,85601158,1,11,14,0.027764305769673252,0.02775761763093634,-6.688138736912069e-06,2.3142971821847825e-15
outlet_03,58331,172681,85601158,1,13,12,0.027764398001113917,0.02775756186256056,-6.836138553355936e-06,2.365509570508839e-15
outlet_03,58331,172681,85601158,1,15,18,0.027763284942775183,0.027757591147183007,-5.6937955921765315e-06,1.9702245442644928e-15
outlet_03,58331,172681,85601158,1,16,17,0.027765073947754126,0.02775758834628595,-7.485601468175396e-06,2.59024327488085e-15
outlet_03,58332,172683,85601160,1,1,4,0.05553594846893139,0.0555150261920408,-2.0922276890586455e-05,7.239737146231783e-15
outlet_03,58332,172683,85601160,1,11,14,0.027764278535400276,0.027757626243922803,-6.652291477473454e-06,2.301892952133458e-15
outlet_03,58332,172683,85601160,1,13,12,0.02776434263448351,0.027757399948579287,-6.942685904221674e-06,2.402378158852698e-15
outlet_03,58332,172683,85601160,1,15,18,0.027763906298196094,0.027757401207400802,-6.5050907952918235e-06,2.2509570883020936e-15
outlet_03,58332,172683,85601160,1,16,17,0.02776458407571357,0.02775762498509108,-6.9590906224895055e-06,2.4080546848272936e-15
outlet_03,58333,172684,85601161,7,2,5,0.055525380130085344,0.05552327413201578,-2.105998069566739e-06,7.287386804920244e-16
outlet_03,58333,172684,85601161,7,3,6,0.05552580879643743,0.05552343467173985,-2.3741246975850228e-06,8.215185590353214e-16
outlet_03,58333,172684,85601161,7,7,10,0.02776223051938017,0.02776168736006466,-5.431593155108549e-07,1.879494613989664e-16
outlet_03,58333,172684,85601161,7,8,9,0.027762619776596643,0.02776158677204223,-1.0330045544133803e-06,3.574506486040264e-16
outlet_03,58334,172693,85601233,15,15,18,0.027764769855268937,0.02775767474239174,-7.095112877195803e-06,2.455122476505094e-15
outlet_03,58335,172694,85601234,15,1,4,0.05553470863879837,0.055518767350079545,-1.594128871882511e-05,5.5161654106781505e-15
outlet_03,58335,172694,85601234,15,2,5,0.055525688322862435,0.05552471824914036,-9.700737220730282e-07,3.3567468765482774e-16
outlet_03,58335,172694,85601234,15,7,10,0.027762875309500834,0.027762431341482208,-4.439680186263395e-07,1.5362628900271376e-16
outlet_03,58335,172694,85601234,15,8,9,0.027762621295891403,0.027762286907846,-3.343880454025061e-07,1.1570832210167284e-16
outlet_03,58335,172694,85601234,15,11,14,0.02776269183477419,0.02775945588421169,-3.2359505625009777e-06,1.1197362320182584e-15
outlet_03,58335,172694,85601234,15,13,12,0.027766213528866303,0.0277593114660557,-6.902062810603543e-06,2.388321346518169e-15
outlet_03,58335,172694,85601234,15,15,18,0.027764644475026558,0.027760075735108948,-4.568739917609754e-06,1.5809214391896969e-15
outlet_03,58335,172694,85601234,15,16,17,0.027763999190441396,0.027758691632225108,-5.307558216288699e-06,1.836574794187036e-15
outlet_03,58336,172695,85601235,1,1,4,0.05553550004364046,0.05551536901785958,-2.0131025780883993e-05,6.965940461441351e-15
outlet_03,58336,172695,85601235,1,11,14,0.027762579349424527,0.027758201067607756,-4.378281816770635e-06,1.5150172073196883e-15
outlet_03,58336,172695,85601235,1,13,12,0.02776663874585624,0.02775716795986596,-9.470785990280811e-06,3.2771768338797488e-15
outlet_03,58336,172695,85601235,1,15,18,0.02776530610302208,0.02775735321001717,-7.952893004911643e-06,2.7519402027210166e-15
outlet_03,58337,172696,85601237,15,15,18,0.02776483377187033,0.027757787478388276,-7.046293482054766e-06,2.4382294972988896e-15
outlet_03,58338,172697,85601238,15,1,4,0.055535294064108696,0.05551802481912579,-1.726924498290927e-05,5.975678222975694e-15
outlet_03,58338,172697,85601238,15,2,5,0.05552512529771516,0.05552483745221996,-2.8784549519628166e-07,9.960319973040898e-17
outlet_03,58338,172697,85601238,15,8,9,0.02776263505021086,0.027762236417005325,-3.986332055352926e-07,1.3793908000203375e-16
outlet_03,58338,172697,85601238,15,11,14,0.02776325838055006,0.027759194697495413,-4.063683054646161e-06,1.4061565724938557e-15
outlet_03,58338,172697,85601238,15,13,12,0.027765893272330866,0.02775883012282753,-7.06314950333492e-06,2.444062187690943e-15
outlet_03,58338,172697,85601238,15,15,18,0.027764667586802298,0.027759764067907294,-4.9035188950039e-06,1.6967650355197113e-15
outlet_03,58338,172697,85601238,15,16,17,0.02776397183028273,0.027758260771573288,-5.7110587094420795e-06,1.97619810211294e-15
outlet_03,58339,172698,85601239,1,1,4,0.055536159642745414,0.055514952843837465,-2.120679890794952e-05,7.338190322661685e-15
outlet_03,58339,172698,85601239,1,13,12,0.027766279756259907,0.027756997978271296,-9.281777988610906e-06,3.2117743799412714e-15
outlet_03,58339,172698,85601239,1,15,18,0.027765373562483115,0.027756992468530937,-8.381093952177648e-06,2.900110610759548e-15
outlet_03,58340,172707,85601249,1,1,4,0.05553502275954442,0.05551552665414732,-1.949610539709462e-05,6.746238910245084e-15
outlet_03,58340,172707,85601249,1,11,14,0.027762513904027963,0.027758161113289128,-4.352790738834655e-06,1.506196527582215e-15
outlet_03,58340,172707,85601249,1,13,12,0.027766089913592543,0.027757365546559443,-8.724367033099978e-06,3.0188934224129482e-15
outlet_03,58340,172707,85601249,1,15,18,0.027765751515212857,0.027757251783196577,-8.499732016279543e-06,2.941162949571772e-15
outlet_03,58340,172707,85601249,1,16,17,0.027763011091076335,0.027758274880379415,-4.736210696919957e-06,1.6388713663520686e-15
outlet_03,58341,172708,85601251,1,1,4,0.055534253372646857,0.05551591331456163,-1.8340058085229705e-05,6.346211766436682e-15
outlet_03,58341,172708,85601251,1,11,14,0.027762444026529963,0.027758298480685707,-4.145545844255749e-06,1.4344835601314845e-15
outlet_03,58341,172708,85601251,1,13,12,0.02776588659592192,0.027757614838085788,-8.271757836131322e-06,2.8622770257771485e-15
outlet_03,58341,172708,85601251,1,15,18,0.027766111618569515,0.027757529922526787,-8.581696042727488e-06,2.9695249682006766e-15
outlet_03,58341,172708,85601251,1,16,17,0.02776235162319684,0.027758383398596192,-3.9682246006471356e-06,1.3731250760198966e-15
outlet_03,58342,172709,85601253,1,1,4,0.05553569190197767,0.05551511883768738,-2.0573064290291265e-05,7.11889908221463e-15
outlet_03,58342,172709,85601253,1,11,14,0.02776317077727895,0.027757851404128064,-5.319373150885348e-06,1.840663116950709e-15
outlet_03,58342,172709,85601253,1,13,12,0.027765706200586535,0.027757267436631167,-8.438763955367218e-06,2.920066166576835e-15
outlet_03,58342,172709,85601253,1,15,18,0.027766377061209012,0.027756986338930673,-9.390722278339314e-06,3.2494723812315356e-15
outlet_03,58342,172709,85601253,1,16,17,0.027763633128452394,0.02775813251059046,-5.5006178619337875e-06,1.903379238814378e-15
outlet_03,58343,172710,85601255,1,1,4,0.05553504308599857,0.05551518120097595,-1.986188502262065e-05,6.872809663328227e-15
outlet_03,58343,172710,85601255,1,11,14,0.02776308270207934,0.027757865199095292,-5.217502984048578e-06,1.805412974970568e-15
outlet_03,58343,172710,85601255,1,13,12,0.0277655095163772,0.027757316004597563,-8.19351177963612e-06,2.835201536588429e-15
outlet_03,58343,172710,85601255,1,15,18,0.02776671642717896,0.027757114858859986,-9.601568318973186e-06,3.3224314535397573e-15
outlet_03,58343,172710,85601255,1,16,17,0.0277629390202488,0.027758066350271112,-4.872669977687427e-06,1.6860903821927788e-15
outlet_03,58345,172720,85601266,1,1,4,0.05553574663945004,0.05551646966847724,-1.927697097280079e-05,6.670411807875935e-15
outlet_03,58345,172720,85601266,1,8,9,0.02776231913036878,0.027761701574173625,-6.175561951538011e-07,2.1369301961356544e-16
outlet_03,58345,172720,85601266,1,11,14,0.02776372826306577,0.027758329698513013,-5.398564552755447e-06,1.868065724075132e-15
outlet_03,58345,172720,85601266,1,13,12,0.02776552455450445,0.027758139970288462,-7.3845842159872555e-06,2.5552882670248076e-15
outlet_03,58345,172720,85601266,1,15,18,0.0277646192081989,0.027758364297624707,-6.254910574193112e-06,2.164387206380889e-15
outlet_03,58345,172720,85601266,1,16,17,0.02776451001940131,0.027758105371456416,-6.404647944893704e-06,2.2162008407434042e-15
outlet_03,58346,172721,85601267,13,13,12,0.027765835470331967,0.027757538220981655,-8.297249350312091e-06,2.8710978564684413e-15
outlet_03,58346,172721,85601267,13,15,18,0.02776602271935547,0.027757431532531924,-8.591186823544983e-06,2.972809063846217e-15
outlet_03,58347,172722,85601268,15,1,4,0.05553538686275832,0.055520566010109886,-1.4820852648436689e-05,5.12846082760676e-15
outlet_03,58347,172722,85601268,15,2,5,0.05552506084965467,0.05552484925912374,-2.1159053092967284e-07,7.321668834483717e-17
outlet_03,58347,172722,85601268,15,6,3,0.055524969308571495,0.05552482044235927,-1.4886621222537366e-07,5.1512187325643034e-17
outlet_03,58347,172722,85601268,15,7,10,0.027762501399259502,0.02776168143151844,-8.199677410634931e-07,2.8373350303761984e-16
outlet_03,58347,172722,85601268,15,8,9,0.027762734157685195,0.027763167847500648,4.336898154523594e-07,-1.5006972153616518e-16
outlet_03,58347,172722,85601268,15,11,14,0.02776387645759608,0.02775953986434405,-4.3365932520279815e-06,1.5005917099267029e-15
outlet_03,58347,172722,85601268,15,13,12,0.027765505065788232,0.027761026165661173,-4.478900127058427e-06,1.5498341692780379e-15
outlet_03,58347,172722,85601268,15,15,18,0.027765228974217033,0.0277610405733251,-4.188400891932953e-06,1.4493126957076313e-15
outlet_03,58347,172722,85601268,15,16,17,0.027764113389480954,0.027759525457459012,-4.587932021942603e-06,1.587562484587361e-15
outlet_03,58348,172724,85601270,1,1,4,0.055535935071858944,0.05551592927360163,-2.000579825731097e-05,6.922607971441176e-15
outlet_03,58348,172724,85601270,1,11,14,0.027764336198750017,0.027758044979782952,-6.2912189670652485e-06,2.1769510024711054e-15
outlet_03,58348,172724,85601270,1,13,12,0.027764705598131545,0.027757884294051252,-6.8213040802928004e-06,2.3603763966080446e-15
outlet_03,58348,172724,85601270,1,15,18,0.027764608736388464,0.02775804020426648,-6.568532121983828e-06,2.272909695652634e-15
outlet_03,58348,172724,85601270,1,16,17,0.027764524123528513,0.027757889069540898,-6.635053987614353e-06,2.295928262138514e-15
outlet_03,58349,172725,85601271,15,15,18,0.027766060611168007,0.02775730187793754,-8.758733230466997e-06,3.0307851604371538e-15
outlet_03,58350,172726,85601272,15,1,4,0.05553561921929271,0.05551880213839714,-1.6817080895570324e-05,5.8192158476606715e-15
outlet_03,58350,172726,85601272,15,2,5,0.05552509186821675,0.05552481088845731,-2.809797594385821e-07,9.722744863691333e-17
outlet_03,58350,172726,85601272,15,7,10,0.02776258270119722,0.027762271408685556,-3.112925116635634e-07,1.0771657271434379e-16
outlet_03,58350,172726,85601272,15,8,9,0.02776273410778047,0.027762539480418853,-1.9462736161601768e-07,6.734692151017954e-17
outlet_03,58350,172726,85601272,15,11,14,0.027764389463475304,0.027759267048160886,-5.1224153144180384e-06,1.7725097810412993e-15
outlet_03,58350,172726,85601272,15,13,12,0.027764521208881697,0.02775953509088336,-4.986117998335288e-06,1.7253468098533996e-15
outlet_03,58350,172726,85601272,15,15,18,0.027765453651396516,0.027760139445578397,-5.314205818118811e-06,1.838875064380118e-15
outlet_03,58350,172726,85601272,15,16,17,0.027764062622900963,0.027758662712460004,-5.3999104409584164e-06,1.8685314418776765e-15
outlet_03,58351,172735,85601281,1,1,4,0.05553604822252424,0.055514779541570976,-2.1268680953263897e-05,7.359603371752384e-15
outlet_03,58351,172735,85601281,1,11,14,0.02776384113962198,0.027757533798233446,-6.307341388536031e-06,2.182529845262434e-15
outlet_03,58351,172735,85601281,1,13,12,0.027765220218500145,0.027757245744084967,-7.974474415178151e-06,2.759408019842049e-15
outlet_03,58351,172735,85601281,1,15,18,0.02776646270880239,0.02775691107496257,-9.551633839820911e-06,3.3051526217239376e-15
outlet_03,58352,172736,85601283,1,1,4,0.05553540716628019,0.05551536560866679,-2.004155761340526e-05,6.9349817842912316e-15
outlet_03,58352,172736,85601283,1,11,14,0.02776376699627614,0.027757850472189347,-5.916524086792968e-06,2.0472953030748978e-15
outlet_03,58352,172736,85601283,1,13,12,0.027765049565403717,0.027757515137490363,-7.534427913354069e-06,2.607138693612142e-15
outlet_03,58352,172736,85601283,1,15,18,0.027766809938741067,0.027757019876826067,-9.790061915000009e-06,3.3876559076524066e-15
outlet_03,58352,172736,85601283,1,16,17,0.027763049906422164,0.027758345747675855,-4.704158746308973e-06,1.6277804273179937e-15
outlet_03,58353,172737,85601285,1,1,4,0.0555361125610378,0.055515067280882714,-2.1045280155083945e-05,7.28229997568611e-15
outlet_03,58353,172737,85601285,1,11,14,0.027764498936280566,0.027757742177444946,-6.756758835619464e-06,2.3380418004301103e-15
outlet_03,58353,172737,85601285,1,13,12,0.0277646403147137,0.027757325105004685,-7.315209709014836e-06,2.5312826008271805e-15
outlet_03,58353,172737,85601285,1,15,18,0.027766483014642296,0.027757051845253688,-9.431169388608024e-06,3.263468298033586e-15
outlet_03,58354,172738,85601287,1,1,4,0.05553554886414479,0.055515178996333514,-2.036986781127348e-05,7.048586988324388e-15
outlet_03,58354,172738,85601287,1,11,14,0.02776434403949848,0.02775761780339803,-6.726236100450256e-06,2.3274800159376903e-15
outlet_03,58354,172738,85601287,1,13,12,0.02776449566675828,0.027757561192964353,-6.934473793927809e-06,2.3995365216707437e-15
outlet_03,58354,172738,85601287,1,15,18,0.027766847184153585,0.027756982659141838,-9.864525011747671e-06,3.413422378977048e-15
outlet_03,58354,172738,85601287,1,16,17,0.02776301311201901,0.02775819635046069,-4.816761558321114e-06,1.66674438736678e-15
outlet_03,58358,172742,85601878,9,9,8,0.02776213895474183,0.027761657269145854,-4.81685595975917e-07,1.6667770531039426e-16
outlet_03,58365,172751,85601905,11,11,14,0.02776232883366788,0.027761073829494148,-1.2550041737328932e-06,4.34269194637127e-16
outlet_03,58365,172751,85601905,11,16,17,0.027762316104302513,0.02776117081603648,-1.1452882660335784e-06,3.9630419031866045e-16
outlet_03,58366,172752,85601906,9,3,6,0.05552503352221447,0.05552348817110609,-1.5453511083771132e-06,5.347379676598212e-16
outlet_03,58366,172752,85601906,9,5,2,0.0555251196244736,0.055523611747951965,-1.5078765216378076e-06,5.217706334124523e-16
outlet_03,58366,172752,85601906,9,7,10,0.02776258831386176,0.02776160525351235,-9.830603494090373e-07,3.401684513508372e-16
outlet_03,58366,172752,85601906,9,9,8,0.02776243951624821,0.027761882918288017,-5.565979601940274e-07,1.9259963669377615e-16
outlet_03,58367,172753,85601907,11,11,14,0.027762070395273335,0.02776149282316649,-5.775721068461415e-07,1.998573223377389e-16
outlet_03,58368,172754,85601908,3,3,6,0.05552446161222157,0.05552340887769834,-1.0527345232283492e-06,3.6427781129146753e-16
outlet_03,58368,172754,85601908,3,9,8,0.02776210746128356,0.0277617232368225,-3.8422446105995656e-07,1.3295322099853366e-16
outlet_03,58369,172755,85601909,1,1,4,0.055531652905908245,0.05552010889762181,-1.1544008286436258e-05,3.994574110876202e-15
outlet_03,58369,172755,85601909,1,11,14,0.02776231069095919,0.0277599040277865,-2.40666317269031e-06,8.327778501790819e-16
outlet_03,58369,172755,85601909,1,15,18,0.02776601473763128,0.027760060263708655,-5.954473922625825e-06,2.0604270878041283e-15
outlet_03,58369,172755,85601909,1,16,17,0.027762216201163536,0.027760048633914368,-2.1675672491686115e-06,7.500434686351946e-16
outlet_03,58370,172756,85601911,1,1,4,0.055529689683069886,0.05552123499251044,-8.45469055944792e-06,2.9255772506610084e-15
outlet_03,58370,172756,85601911,1,11,14,0.027761953020770704,0.027760579602647238,-1.3734181234653642e-06,4.752439831361699e-16
outlet_03,58370,172756,85601911,1,16,17,0.02776195566036483,0.02776062276025913,-1.332900105701501e-06,4.61223530207899e-16
outlet_03,58373,172759,85601925,16,16,17,0.02776208433140391,0.02776153414228047,-5.501891234410694e-07,1.9038198639944315e-16
outlet_03,58374,172760,85601926,5,5,2,0.05552416478982578,0.055523449783354925,-7.15006470856927e-07,2.4741374631114015e-16
outlet_03,58374,172760,85601926,5,9,8,0.02776208197462643,0.027761722779395787,-3.5919523064253944e-07,1.2429235439485638e-16
outlet_03,58375,172769,85602129,1,1,4,0.055532847672850286,0.05551934541439631,-1.350225845397901e-05,4.6721875730110335e-15
outlet_03,58375,172769,85602129,1,11,14,0.02776269823427787,0.02775935603070122,-3.342203576651992e-06,1.156502971005175e-15
outlet_03,58375,172769,85602129,1,13,12,0.027765216393365072,0.02775998938730797,-5.2270060571027455e-06,1.8087013240997477e-15
outlet_03,58375,172769,85602129,1,15,18,0.02776630173783366,0.027759777514848455,-6.524222985204026e-06,2.257577401507988e-15
outlet_03,58375,172769,85602129,1,16,17,0.027762057961881744,0.027759567899943584,-2.4900619381602873e-06,8.616363316665594e-16
outlet_03,58376,172770,85602131,1,1,4,0.055531110136011586,0.055520443372847283,-1.066676316430204e-05,3.6910209110844885e-15
outlet_03,58376,172770,85602131,1,11,14,0.02776226154134698,0.02776011073921491,-2.150802132071944e-06,7.442422338250254e-16
outlet_03,58376,172770,85602131,1,13,12,0.02776489841142292,0.02776033263407581,-4.565777347108335e-06,1.5798963006820852e-15
outlet_03,58376,172770,85602131,1,16,17,0.02776237867552824,0.02776025822453477,-2.120450993473022e-06,7.337398269075494e-16
outlet_03,58377,172771,85602133,1,1,4,0.05553380645668598,0.055516229173894226,-1.757728279175308e-05,6.082268570612942e-15
outlet_03,58377,172771,85602133,1,11,14,0.02776307083895751,0.027758284863681273,-4.785975276234977e-06,1.6560914077136115e-15
outlet_03,58377,172771,85602133,1,13,12,0.027764806974910263,0.02775794431125761,-6.862663652653506e-06,2.374688052740785e-15
outlet_03,58377,172771,85602133,1,15,18,0.027766923323805363,0.027757573681092173,-9.34964271319047e-06,3.235257616016716e-15
outlet_03,58377,172771,85602133,1,16,17,0.027762408109803027,0.02775865550334392,-3.7526064591078545e-06,1.2985147132536077e-15
outlet_03,58378,172772,85602135,1,1,4,0.055532142647810284,0.0555187747896341,-1.3367858176183134e-05,4.625681034133304e-15
outlet_03,58378,172772,85602135,1,11,14,0.02776263973066153,0.027759614458160203,-3.0252725013273085e-06,1.0468352856560888e-15
outlet_03,58378,172772,85602135,1,13,12,0.027764582629371308,0.02775916033333135,-5.422296039957891e-06,1.8762775324903126e-15
outlet_03,58378,172772,85602135,1,15,18,0.027766939957242,0.027759428204536116,-7.511752705881974e-06,2.5992923897565564e-15
outlet_03,58378,172772,85602135,1,16,17,0.02776195227969673,0.02775934658515799,-2.605694538741765e-06,9.016486896963761e-16
outlet_03,58386,172781,85602145,11,11,14,0.02776225995724485,0.027761144805661383,-1.1151515834674497e-06,3.8587599163936833e-16
outlet_03,58386,172781,85602145,11,16,17,0.027762311144395806,0.027761151147780445,-1.1599966153602592e-06,4.0139372161283975e-16
outlet_03,58387,172782,85602146,9,3,6,0.055524947658050355,0.05552347903611552,-1.4686219348344909e-06,5.081873656005337e-16
outlet_03,58387,172782,85602146,9,5,2,0.05552496599465731,0.0555235994353612,-1.3665592961120687e-06,4.728706225584028e-16
outlet_03,58387,172782,85602146,9,9,8,0.027762232308870306,0.027761872194445075,-3.6011442523103954e-07,1.2461042337185064e-16
outlet_03,58387,172782,85602146,9,10,7,0.02776242303151781,0.027761727241105327,-6.957904124839376e-07,2.4076441209504993e-16
outlet_03,58389,172784,85602148,9,9,8,0.027762113510265866,0.027761661552204726,-4.5195806113937365e-07,1.5639108405270236e-16
outlet_03,58390,172785,85602149,1,1,4,0.055529647670191404,0.05552107557436823,-8.572095823174142e-06,2.9662030034606143e-15
outlet_03,58390,172785,85602149,1,11,14,0.027762381898449755,0.027760418497969463,-1.963400480291949e-06,6.793956252674617e-16
outlet_03,58390,172785,85602149,1,16,17,0.027761939063457863,0.027760499418045727,-1.4396454121358426e-06,4.981606171329986e-16
outlet_03,58391,172786,85602151,16,16,17,0.02776209492695366,0.027761529482032813,-5.654449208476742e-07,1.9566095119651438e-16
outlet_03,58392,172787,85602152,5,5,2,0.0555242771905007,0.05552345847169242,-8.187188082833807e-07,2.8330133472780295e-16
outlet_03,58392,172787,85602152,5,9,8,0.027762138058308662,0.02776172847847179,-4.0957983687278654e-07,1.417269437194773e-16
outlet_03,58393,172796,85602161,1,1,4,0.05553423319351006,0.05551580992195716,-1.8423271552894804e-05,6.375006129309914e-15
outlet_03,58393,172796,85602161,1,11,14,0.027763047997514743,0.02775806868456002,-4.979312954723342e-06,1.7229920600679545e-15
outlet_03,58393,172796,85602161,1,13,12,0.0277642918865038,0.02775774123836296,-6.550648140840609e-06,2.2667213002269277e-15
outlet_03,58393,172796,85602161,1,15,18,0.027767033420930357,0.02775736574566866,-9.66767526169518e-06,3.3453064442184043e-15
outlet_03,58393,172796,85602161,1,16,17,0.027762370845564807,0.027758444186764732,-3.926658800074839e-06,1.3587420587226008e-15
outlet_03,58394,172797,85602163,1,1,4,0.05553265521124774,0.0555185052721796,-1.4149939068140716e-05,4.896304547743858e-15
outlet_03,58394,172797,85602163,1,11,14,0.0277631250693507,0.027759401946166818,-3.723123183880378e-06,1.2883126131679821e-15
outlet_03,58394,172797,85602163,1,13,12,0.027764201390514637,0.027759103326815953,-5.098063698683736e-06,1.7640833895006292e-15
outlet_03,58394,172797,85602163,1,15,18,0.02776707145910077,0.02775929908615089,-7.772372949878953e-06,2.68947483363645e-15
outlet_03,58394,172797,85602163,1,16,17,0.027761934681746092,0.027759206186106448,-2.7284956396443627e-06,9.4414156446579e-16
outlet_03,58395,172798,85602165,1,1,4,0.05553444381664907,0.05551581153317387,-1.863228347519924e-05,6.447330541505872e-15
outlet_03,58395,172798,85602165,1,11,14,0.027763671409311935,0.027757942451498284,-5.728957813651292e-06,1.9823917305743818e-15
outlet_03,58395,172798,85602165,1,13,12,0.027764342545584537,0.027757869081724076,-6.4734638604603545e-06,2.2400132175122057e-15
outlet_03,58395,172798,85602165,1,15,18,0.02776708281538861,0.02775733111498165,-9.751700406960412e-06,3.374381671956544e-15
outlet_03,58395,172798,85602165,1,16,17,0.02776242316703212,0.027758480430090673,-3.942736941445202e-06,1.3643055792672386e-15
outlet_03,58396,172799,85602167,1,1,4,0.055532764042383345,0.05551843907906557,-1.432496331777583e-05,4.956868202847036e-15
outlet_03,58396,172799,85602167,1,11,14,0.02776362622214057,0.027759236331428423,-4.389890712146877e-06,1.5190342343154409e-15
outlet_03,58396,172799,85602167,1,13,12,0.027763745584835426,0.027759202747647302,-4.542837188124121e-06,1.5719583156335649e-15
outlet_03,58396,172799,85602167,1,15,18,0.027767117158679296,0.027759265882485947,-7.851276193349133e-06,2.716777729286696e-15
outlet_03,58396,172799,85602167,1,16,17,0.027761901696640712,0.027759173196656998,-2.728499983714605e-06,9.441430676447637e-16
outlet_03,58401,172808,85602177,1,1,4,0.055530395878592105,0.05552068415458889,-9.711724003214073e-06,3.360548633770086e-15
outlet_03,58401,172808,85602177,1,11,14,0.02776272629464783,0.027760174880689378,-2.5514139584507933e-06,8.828659761558448e-16
outlet_03,58401,172808,85602177,1,13,12,0.027763628772102106,0.027760509274906572,-3.1194971955340878e-06,1.0794398641304361e-15
outlet_03,58401,172808,85602177,1,16,17,0.027761817862579505,0.027760292873053673,-1.5249895258320767e-06,5.276922476228356e-16
outlet_03,58402,172809,85602179,16,16,17,0.027762084759232333,0.027761505313093664,-5.79446138668227e-07,2.0050579371905772e-16
outlet_03,58403,172810,85602180,5,5,2,0.05552428723651413,0.05552345952788133,-8.277086328001282e-07,2.86412084424519e-16
outlet_03,58403,172810,85602180,5,9,8,0.027762139596882705,0.02776172426400343,-4.153328792763644e-07,1.4371766944263074e-16
outlet_03,58403,172810,85602180,5,10,7,0.027762147639632355,0.027761735263878994,-4.1237575336069976e-07,1.4269441492546322e-16
outlet_03,58404,172811,85602181,1,1,4,0.055530460333665654,0.05551988818079837,-1.0572152867281692e-05,3.658282902437714e-15
outlet_03,58404,172811,85602181,1,11,14,0.027763101068780605,0.02775996296325775,-3.1381055228540955e-06,1.0858789051216445e-15
outlet_03,58404,172811,85602181,1,13,12,0.02776316232789837,0.027759925217553452,-3.237110344916916e-06,1.1201375516204281e-15
outlet_03,58404,172811,85602181,1,16,17,0.02776159883769609,0.027759909924041887,-1.6889136542040661e-06,5.844149268773254e-16
outlet_03,58405,172812,85602183,16,16,17,0.027762079943665134,0.027761502470887787,-5.774727773466548e-07,1.9982295134308516e-16
outlet_03,58406,172813,85602184,5,5,2,0.055524296026162566,0.0555234617674146,-8.34258747965666e-07,2.886786212992593e-16
outlet_03,58406,172813,85602184,5,9,8,0.02776214935496251,0.027761732922412907,-4.1643254960338494e-07,1.4409818845386326e-16
outlet_03,58406,172813,85602184,5,10,7,0.027762146671200402,0.02776172884500185,-4.1782619855310066e-07,1.4458043291142532e-16
outlet_03,58713,173836,85615186,1,1,4,0.055534224088241387,0.05551920523354235,-1.5018854699039297e-05,5.1969754930169444e-15
outlet_03,58713,173836,85615186,1,11,14,0.027764346948751385,0.02775994056508548,-4.406383665906538e-06,1.5247412924243328e-15
outlet_03,58713,173836,85615186,1,13,12,0.02776340206792324,0.02775926467257134,-4.137395351898332e-06,1.431663244609008e-15
outlet_03,58713,173836,85615186,1,15,18,0.027762302981581506,0.027759169227753424,-3.133753828082203e-06,1.0843730878315911e-15
outlet_03,58714,173838,85615188,1,1,4,0.05553506979189986,0.055517147285828516,-1.792250607134116e-05,6.201726209666668e-15
outlet_03,58714,173838,85615188,1,11,14,0.02776478439835768,0.027758490816885507,-6.2935814721734595e-06,2.1777685003027003e-15
outlet_03,58714,173838,85615188,1,13,12,0.02776394227047317,0.027758656469190176,-5.2858012829955225e-06,1.8290462408190434e-15
outlet_03,58714,173838,85615188,1,15,18,0.02776264347286747,0.027758082775860848,-4.560697006623232e-06,1.5781383500575978e-15
outlet_03,58714,173838,85615188,1,16,17,0.027765507233573378,0.027759064518649006,-6.442714924372039e-06,2.229373160697651e-15
outlet_03,58715,173840,85615190,1,1,4,0.05553401419826234,0.05551956310821715,-1.4451090045185244e-05,5.000511844422654e-15
outlet_03,58715,173840,85615190,1,13,12,0.027762939688949807,0.027759507123831642,-3.4325651181651984e-06,1.1877707824439132e-15
outlet_03,58715,173840,85615190,1,15,18,0.027762456920877556,0.027759485183821868,-2.971737055688234e-06,1.0283104111187642e-15
outlet_03,58716,173842,85615192,1,1,4,0.05553475144544981,0.05551863402894222,-1.6117416507588356e-05,5.57711092351412e-15
outlet_03,58716,173842,85615192,1,11,14,0.027765206434684258,0.027759708206703832,-5.498227980425818e-06,1.9025522679249847e-15
outlet_03,58716,173842,85615192,1,13,12,0.02776342485697981,0.027758925827751572,-4.499029228235973e-06,1.5567994437688324e-15
outlet_03,58716,173842,85615192,1,15,18,0.027762868268082285,0.02775886866874626,-3.9995993360263105e-06,1.3839816782131312e-15
outlet_03,58716,173842,85615192,1,16,17,0.027765410791084612,0.027759765367438006,-5.645423646605946e-06,1.9534863960689475e-15
outlet_03,58717,173852,85615202,1,1,4,0.05553563072264297,0.05551515699472451,-2.0473727918461637e-05,7.0845257095235146e-15
outlet_03,58717,173852,85615202,1,11,14,0.027764816233159902,0.02775752548363306,-7.290749526843443e-06,2.522818642033599e-15
outlet_03,58717,173852,85615202,1,13,12,0.027763780036028963,0.027757631511192718,-6.1485248362448675e-06,2.1275745409677986e-15
outlet_03,58717,173852,85615202,1,15,18,0.027763247254712225,0.027757549507574867,-5.697747137357878e-06,1.9715918977597177e-15
outlet_03,58717,173852,85615202,1,16,17,0.02776506810745717,0.027757607487179925,-7.460620277243563e-06,2.5815990313842124e-15
outlet_03,58718,173854,85615204,1,1,4,0.05553589393536543,0.05551526709102935,-2.0626844336076033e-05,7.137508595759938e-15
outlet_03,58718,173854,85615204,1,11,14,0.027764839409067835,0.027757537209782794,-7.302199285040556e-06,2.5267806027785266e-15
outlet_03,58718,173854,85615204,1,13,12,0.027763776947050983,0.02775772988158095,-6.047065470034252e-06,2.09246654836119e-15
outlet_03,58718,173854,85615204,1,15,18,0.02776394531267309,0.027757547521636568,-6.397791036522743e-06,2.213828144191248e-15
outlet_03,58718,173854,85615204,1,16,17,0.027764585222949736,0.02775771956965942,-6.865653290315937e-06,2.3757225573002874e-15
outlet_03,58719,173856,85615206,1,1,4,0.05553538146120213,0.055515591745465234,-1.9789715736892588e-05,6.847836919614202e-15
outlet_03,58719,173856,85615206,1,11,14,0.02776530230368802,0.027757703793988293,-7.59850969972789e-06,2.629312919277618e-15
outlet_03,58719,173856,85615206,1,13,12,0.027763191938256784,0.02775788795178243,-5.303986474355232e-06,1.835338864040059e-15
outlet_03,58719,173856,85615206,1,15,18,0.02776330878546043,0.027757811001109158,-5.497784351271573e-06,1.9023987588932508e-15
outlet_03,58719,173856,85615206,1,16,17,0.027765049966116107,0.02775778074436432,-7.269221751787791e-06,2.5153693843088697e-15
outlet_03,58720,173858,85615208,1,1,4,0.055535672517832244,0.0555152225702466,-2.044994758564067e-05,7.076296999055049e-15
outlet_03,58720,173858,85615208,1,11,14,0.02776531642874365,0.02775743782462543,-7.878604118220084e-06,2.7262340133160255e-15
outlet_03,58720,173858,85615208,1,13,12,0.027763092699563743,0.027757784746705313,-5.307952858430581e-06,1.8367113522389627e-15
outlet_03,58720,173858,85615208,1,15,18,0.027763897657924582,0.02775753912592425,-6.358532000330652e-06,2.2002433367569757e-15
outlet_03,58720,173858,85615208,1,16,17,0.027764523748040365,0.027757683444509962,-6.840303530403213e-06,2.3669507778497066e-15
outlet_03,58724,173868,85615218,13,13,12,0.027762819786687768,0.027760735057966706,-2.084728721062079e-06,7.21378846127409e-16
outlet_03,58724,173868,85615218,13,15,18,0.02776237500087035,0.027760816519579262,-1.5584812910890422e-06,5.392814058340446e-16
outlet_03,58725,173870,85615220,1,1,4,0.05553424362291102,0.05551913619363849,-1.5107429272527562e-05,5.227624959767054e-15
outlet_03,58725,173870,85615220,1,13,12,0.027762955031610116,0.027759296674482778,-3.658357127338252e-06,1.2659016094414258e-15
outlet_03,58725,173870,85615220,1,15,18,0.027762257257241654,0.02775917380411539,-3.0834531262631526e-06,1.0669675319570889e-15
outlet_03,58728,173874,85615224,13,13,12,0.027762183139895355,0.027760638035231516,-1.5451046638387256e-06,5.346526904364874e-16
outlet_03,58728,173874,85615224,13,15,18,0.027762818844058026,0.027760518147737955,-2.300696320071266e-06,7.961101316899659e-16
outlet_03,58729,173884,85615234,1,1,4,0.05553472715864122,0.055518542802057966,-1.6184356583251458e-05,5.600274203251029e-15
outlet_03,58729,173884,85615234,1,11,14,0.0277656494470407,0.02775966538491345,-5.984062127248335e-06,2.070665496616712e-15
outlet_03,58729,173884,85615234,1,13,12,0.027762745832414636,0.027758877422736687,-3.868409677948437e-06,1.3385861103332719e-15
outlet_03,58729,173884,85615234,1,15,18,0.0277635021587853,0.027758695609272552,-4.806549512747366e-06,1.6632107124199321e-15
outlet_03,58729,173884,85615234,1,16,17,0.02776496046843739,0.027759847204729952,-5.113263707438864e-06,1.769343049746167e-15
outlet_03,58730,173886,85615236,1,1,4,0.05553517173026793,0.05551571112909183,-1.9460601176100878e-05,6.733953381814281e-15
outlet_03,58730,173886,85615236,1,11,14,0.027765746668893816,0.027757649393224462,-8.097275669353976e-06,2.8019009476486102e-15
outlet_03,58730,173886,85615236,1,13,12,0.02776243358899085,0.027758061737398924,-4.371851591924991e-06,1.5127921561019323e-15
outlet_03,58730,173886,85615236,1,15,18,0.027763934407127135,0.027757720638155875,-6.213768971259637e-06,2.15015097422649e-15
outlet_03,58730,173886,85615236,1,16,17,0.027764494973226223,0.027757990491591902,-6.504481634320158e-06,2.2507463002823353e-15
outlet_03,58731,173888,85615238,1,1,4,0.05553393481596238,0.055519432864093485,-1.4501951868896301e-05,5.018111565350337e-15
outlet_03,58731,173888,85615238,1,13,12,0.027762310106151846,0.027759492406137978,-2.817700013868496e-06,9.750089612149168e-16
outlet_03,58731,173888,85615238,1,15,18,0.027762973724826584,0.027759314415987356,-3.6593088392281037e-06,1.266230930382808e-15
outlet_03,58732,173890,85615240,1,1,4,0.05553422747371939,0.05551900187348592,-1.5225600233467751e-05,5.268515666834865e-15
outlet_03,58732,173890,85615240,1,11,14,0.02776597575827297,0.027759732357800188,-6.243400472782934e-06,2.1604043650691166e-15
outlet_03,58732,173890,85615240,1,13,12,0.027762085905161195,0.02775926951761515,-2.8163875460465726e-06,9.745548078694992e-16
outlet_03,58732,173890,85615240,1,15,18,0.027763434407392915,0.027759030533064923,-4.403874327991997e-06,1.523872986025017e-15
outlet_03,58732,173890,85615240,1,16,17,0.02776446293973721,0.027759971348393076,-4.491591344132212e-06,1.554225712137377e-15
outlet_03,58733,173891,85615273,8,2,5,0.05552554768492536,0.055523410902354305,-2.1367825710563726e-06,7.393910440052423e-16
outlet_03,58733,173891,85615273,8,6,3,0.055525435798826114,0.055523530906149345,-1.9048926767697982e-06,6.591501653340675e-16
outlet_03,58733,173891,85615273,8,8,9,0.02776236609475452,0.027761803862673563,-5.622320809577086e-07,1.945492119523624e-16
outlet_03,58734,173892,85615277,8,8,9,0.02776220055842236,0.027761624820570065,-5.757378522958101e-07,1.9922261508894738e-16
outlet_03,58735,173893,85615279,8,2,5,0.05552536321413701,0.05552340494198869,-1.9582721483210608e-06,6.776210681453086e-16
outlet_03,58735,173893,85615279,8,6,3,0.05552539915415255,0.055523515857546016,-1.8832966065321366e-06,6.516772754220438e-16
outlet_03,58735,173893,85615279,8,8,9,0.027762352083810834,0.027761793358173675,-5.587256371591964e-07,1.9333587692424773e-16
outlet_03,58736,173903,85615314,1,1,4,0.05553590332696748,0.05551590524511588,-1.9998081851595184e-05,6.919937862954031e-15
outlet_03,58736,173903,85615314,1,11,14,0.027764848531284442,0.027757869906974028,-6.978624310413628e-06,2.414813928422373e-15
outlet_03,58736,173903,85615314,1,13,12,0.027763811906838895,0.02775803533838837,-5.776568450525238e-06,1.9988664430607242e-15
outlet_03,58736,173903,85615314,1,15,18,0.027764575525383348,0.02775792457289943,-6.650952483918532e-06,2.3014296200865287e-15
outlet_03,58736,173903,85615314,1,16,17,0.02776450292837565,0.0277579806722448,-6.5222561308510285e-06,2.2568968107388722e-15
outlet_03,58737,173904,85615315,15,15,18,0.027766047407425113,0.027757518682203722,-8.528725221390587e-06,2.951195470655803e-15
outlet_03,58738,173905,85615316,15,1,4,0.0555355985282,0.055518156717662755,-1.7441810537248414e-05,6.0353910955489125e-15
outlet_03,58738,173905,85615316,15,2,5,0.0555249670887915,0.05552490628259767,-6.080619383008745e-08,2.104077211552067e-17
outlet_03,58738,173905,85615316,15,8,9,0.027762649386433122,0.027762591050377844,-5.833605527805208e-08,2.0186029874748786e-17
outlet_03,58738,173905,85615316,15,11,14,0.027764876754985245,0.02775894046720202,-5.936287783225858e-06,2.0541341365326666e-15
outlet_03,58738,173905,85615316,15,13,12,0.027763942657473926,0.02775921625114577,-4.726406328155186e-06,1.6354787598440455e-15
outlet_03,58738,173905,85615316,15,15,18,0.027765426698599723,0.02775986442909776,-5.562269501963035e-06,1.9247125607458293e-15
outlet_03,58738,173905,85615316,15,16,17,0.027764019406908383,0.02775829231082606,-5.727096082323163e-06,1.981747515533971e-15
outlet_03,58739,173907,85615318,1,1,4,0.05553568504074549,0.0555154435474602,-2.024149328529179e-05,7.004165540828981e-15
outlet_03,58739,173907,85615318,1,11,14,0.027765337428385828,0.027757450468200832,-7.8869601849961e-06,2.7291254637710157e-15
outlet_03,58739,173907,85615318,1,13,12,0.027763128411531238,0.02775799308191153,-5.135329619706391e-06,1.7769785191333722e-15
outlet_03,58739,173907,85615318,1,15,18,0.02776452598000507,0.027757590570537224,-6.935409467844628e-06,2.3998602929910342e-15
outlet_03,58739,173907,85615318,1,16,17,0.02776398492446152,0.027757852977543226,-6.131946918293274e-06,2.1218380826927753e-15
outlet_03,58741,173909,85615320,1,1,4,0.055535453426306364,0.055516525518761975,-1.8927907544388778e-05,6.5496253618174534e-15
outlet_03,58741,173909,85615320,1,8,9,0.0277623489768147,0.027761966285311072,-3.8269150362882365e-07,1.3242277161600216e-16
outlet_03,58741,173909,85615320,1,11,14,0.0277652921649701,0.027758000035057503,-7.292129912597062e-06,2.5232962970263546e-15
outlet_03,58741,173909,85615320,1,13,12,0.027763223189913568,0.02775852548619142,-4.69770372214795e-06,1.6255467947911532e-15
outlet_03,58741,173909,85615320,1,15,18,0.027765062708161786,0.02775829930905053,-6.7633991112578395e-06,2.3403395355404795e-15
outlet_03,58741,173909,85615320,1,16,17,0.02776398241676558,0.027758226209759578,-5.75620700600174e-06,1.9918207707833428e-15
outlet_03,58742,173918,85615329,1,1,4,0.05553603858503423,0.055515072610386094,-2.0965974648137764e-05,7.254857884773083e-15
outlet_03,58742,173918,85615329,1,13,12,0.02776399951115804,0.02775744307888706,-6.556432270980739e-06,2.268722783242047e-15
outlet_03,58742,173918,85615329,1,15,18,0.02776646520345328,0.027757083770521405,-9.381432931873657e-06,3.2462579879308762e-15
outlet_03,58743,173919,85615331,1,1,4,0.055535516893219165,0.05551506679046863,-2.0450102750535493e-05,7.076350690776017e-15
outlet_03,58743,173919,85615331,1,11,14,0.02776490982165837,0.027757470248479375,-7.439573178995296e-06,2.574316102293597e-15
outlet_03,58743,173919,85615331,1,13,12,0.02776389162444858,0.027757596542132928,-6.295082315650735e-06,2.1782878372912096e-15
outlet_03,58743,173919,85615331,1,15,18,0.027766824740114104,0.027756930237580458,-9.894502533646515e-06,3.423795503277907e-15
outlet_03,58743,173919,85615331,1,16,17,0.02776304494630065,0.027758136565996728,-4.908380303921683e-06,1.6984472292364445e-15
outlet_03,58744,173920,85615333,13,13,12,0.02776339504313263,0.02775808055865412,-5.314484478508713e-06,1.8389714892571286e-15
outlet_03,58744,173920,85615333,13,15,18,0.02776634688335123,0.027757523299113337,-8.823584237892257e-06,3.053225559724597e-15
outlet_03,58745,173921,85615334,15,1,4,0.055534768135940674,0.05552018529255205,-1.4582843388621924e-05,5.046102464392316e-15
outlet_03,58745,173921,85615334,15,2,5,0.0555251289194531,0.055524915093114635,-2.1382633846184218e-07,7.399034500405834e-17
outlet_03,58745,173921,85615334,15,6,3,0.05552528189551277,0.0555247193811101,-5.625144026688567e-07,1.946469037566567e-16
outlet_03,58745,173921,85615334,15,7,10,0.027762520033942563,0.027761764873831182,-7.551601113806039e-07,2.6130811375383933e-16
outlet_03,58745,173921,85615334,15,8,9,0.027762873248127068,0.027763150236565552,2.7698843848428245e-07,-9.584633152779134e-17
outlet_03,58745,173921,85615334,15,11,14,0.02776523280299272,0.027759400032555677,-5.832770437044776e-06,2.018314020952239e-15
outlet_03,58745,173921,85615334,15,13,12,0.02776362372748025,0.027760785277278485,-2.8384502017662905e-06,9.821891503932058e-16
outlet_03,58745,173921,85615334,15,15,18,0.027765955977981857,0.0277608831277313,-5.072850250555788e-06,1.7553587780278397e-15
outlet_03,58745,173921,85615334,15,16,17,0.027763574155273075,0.027759302187330716,-4.271967942358346e-06,1.478229408851694e-15
outlet_03,58746,173922,85615335,1,1,4,0.05553528179862509,0.05551506965653483,-2.0212142090261787e-05,6.994009144464654e-15
outlet_03,58746,173922,85615335,1,11,14,0.02776537630970523,0.02775736317160151,-8.01313810372059e-06,2.7727868190814847e-15
outlet_03,58746,173922,85615335,1,13,12,0.027763206170076438,0.027757706485995036,-5.499684081401723e-06,1.903056122662165e-15
outlet_03,58746,173922,85615335,1,15,18,0.027766742083496207,0.02775702700932083,-9.715074175378063e-06,3.3617078941120056e-15
outlet_03,58747,173932,85615346,1,1,4,0.055535238969280906,0.05551543476805244,-1.9804201228469653e-05,6.852849335423453e-15
outlet_03,58747,173932,85615346,1,11,14,0.027765742575136542,0.02775739752252361,-8.345052612931253e-06,2.887639223256811e-15
outlet_03,58747,173932,85615346,1,13,12,0.027762410879944383,0.027758037249215266,-4.373630729116729e-06,1.51340779108672e-15
outlet_03,58747,173932,85615346,1,15,18,0.027764467550204515,0.027757568910474817,-6.8986397296980084e-06,2.3871368575585806e-15
outlet_03,58747,173932,85615346,1,16,17,0.02776399898206374,0.027757865858371908,-6.133123691832998e-06,2.122245281734868e-15
outlet_03,58748,173934,85615348,1,1,4,0.05553504278355078,0.05551639490971086,-1.864787383992067e-05,6.452725276657657e-15
outlet_03,58748,173934,85615348,1,11,14,0.027765701032191857,0.027757915918887724,-7.785113304133173e-06,2.6938833794382664e-15
outlet_03,58748,173934,85615348,1,13,12,0.027762542183941006,0.027758478993678976,-4.0631902620304194e-06,1.4059860514256073e-15
outlet_03,58748,173934,85615348,1,15,18,0.027765037873643175,0.027758236829227484,-6.801044415690599e-06,2.3533659432449716e-15
outlet_03,58748,173934,85615348,1,16,17,0.027763446257326206,0.02775815808053923,-5.288176786976545e-06,1.829868236651637e-15
outlet_03,58749,173936,85615350,1,1,4,0.0555343950569956,0.05551779937381392,-1.6595683181686027e-05,5.7426055790134715e-15
outlet_03,58749,173936,85615350,1,11,14,0.02776605020381977,0.027759131245846762,-6.918957973008066e-06,2.3941675809166193e-15
outlet_03,58749,173936,85615350,1,13,12,0.027761834424872102,0.027758668129898946,-3.166294973155903e-06,1.0956333028647352e-15
outlet_03,58749,173936,85615350,1,15,18,0.0277639390843163,0.027758856265648606,-5.082818667692668e-06,1.7588081502071874e-15
outlet_03,58749,173936,85615350,1,16,17,0.02776400168876001,0.027758943108233236,-5.058580526774714e-06,1.7504210243662968e-15
outlet_03,58750,173938,85615352,1,1,4,0.055534244559285996,0.05551828707903267,-1.595748025332716e-05,5.5217681686572184e-15
outlet_03,58750,173938,85615352,1,11,14,0.027765963478459943,0.027759343106633524,-6.620371826419197e-06,2.2908477927255812e-15
outlet_03,58750,173938,85615352,1,13,12,0.02776191922080298,0.027758943973833997,-2.9752469689822703e-06,1.0295249466966926e-15
outlet_03,58750,173938,85615352,1,15,18,0.027764425370303873,0.027759126228065575,-5.299142238297805e-06,1.8336626126495686e-15
outlet_03,58750,173938,85615352,1,16,17,0.027763541508548904,0.02775916085097789,-4.3806575710132745e-06,1.5158392897503292e-15
outlet_03,58751,173947,85615361,15,15,18,0.027765759666374283,0.02775805088546813,-7.708780906154344e-06,2.6674700736590606e-15
outlet_03,58752,173948,85615362,15,1,4,0.055534346555456485,0.05551928620089828,-1.5060354558206479e-05,5.211335692604553e-15
outlet_03,58752,173948,85615362,15,2,5,0.055525508518000394,0.05552468109535376,-8.274226466348233e-07,2.863131246088597e-16
outlet_03,58752,173948,85615362,15,7,10,0.0277626315759053,0.02776198612962152,-6.454462837778008e-07,2.233438292113351e-16
outlet_03,58752,173948,85615362,15,8,9,0.027762801002415956,0.027762694970256734,-1.0603215922291853e-07,3.6690316538479244e-17
outlet_03,58752,173948,85615362,15,11,14,0.02776553528356445,0.02775928871683084,-6.246566733609377e-06,2.1614999865561915e-15
outlet_03,58752,173948,85615362,15,13,12,0.027762921458451467,0.027759997488591943,-2.92396985952445e-06,1.0117815244088343e-15
outlet_03,58752,173948,85615362,15,15,18,0.027765441722029754,0.027760316585309166,-5.125136720587897e-06,1.773451469435968e-15
outlet_03,58752,173948,85615362,15,16,17,0.02776299464444362,0.02775896963192952,-4.025012514098647e-06,1.3927754022545561e-15
outlet_03,58753,173949,85615363,1,1,4,0.055534719516811645,0.05551596099726449,-1.875851954715596e-05,6.4910120195839415e-15
outlet_03,58753,173949,85615363,1,11,14,0.027765762003384133,0.027757828880473366,-7.933122910766532e-06,2.7450991554623764e-15
outlet_03,58753,173949,85615363,1,13,12,0.027762542032828567,0.027758132117619405,-4.409915209162285e-06,1.5259633126196424e-15
outlet_03,58753,173949,85615363,1,15,18,0.027766586397441034,0.02775745684616975,-9.129551271285646e-06,3.159099356767074e-15
outlet_03,58754,173950,85615365,15,15,18,0.027765606429170298,0.02775875740000715,-6.8490291631473355e-06,2.3699701092462057e-15
outlet_03,58755,173951,85615366,15,1,4,0.055533643695330114,0.055520233991229476,-1.3409704100637854e-05,4.640160982720045e-15
outlet_03,58755,173951,85615366,15,2,5,0.05552575991167932,0.05552440457486512,-1.355336814203023e-06,4.689873062456172e-16
outlet_03,58755,173951,85615366,15,7,10,0.027762665825159044,0.027762379962997574,-2.858621614698631e-07,9.891690660238965e-17
outlet_03,58755,173951,85615366,15,8,9,0.02776264413326702,0.02776202461300462,-6.195202623994478e-07,2.1437264595970194e-16
outlet_03,58755,173951,85615366,15,11,14,0.027765776979536923,0.027760294657833876,-5.482321703047244e-06,1.897048217491174e-15
outlet_03,58755,173951,85615366,15,13,12,0.027762291080708452,0.027759939334532684,-2.351746175768138e-06,8.137749173407429e-16
outlet_03,58755,173951,85615366,15,15,18,0.027765344869639736,0.027760652227711666,-4.6926419280703124e-06,1.6237952617815246e-15
outlet_03,58755,173951,85615366,15,16,17,0.02776309627096884,0.02775958177383779,-3.5144971310477335e-06,1.2161217234162178e-15
outlet_03,58756,173952,85615367,1,1,4,0.05553382573718137,0.0555192969955551,-1.4528741626274044e-05,5.0273816272389385e-15
outlet_03,58756,173952,85615367,1,11,14,0.02776566453672472,0.02775987416813311,-5.790368591610667e-06,2.0036417069845268e-15
outlet_03,58756,173952,85615367,1,13,12,0.027762216581932758,0.027759422829256683,-2.7937526760751785e-06,9.667224620025082e-16
outlet_03,58756,173952,85615367,1,15,18,0.027765966297608687,0.02775974931290634,-6.2169847023473e-06,2.1512637139120128e-15
outlet_03,58773,173971,85615458,13,13,12,0.027762330711157992,0.027760862399758023,-1.4683113999693076e-06,5.080799111962916e-16
outlet_03,58773,173971,85615458,13,15,18,0.027762775050063426,0.027760721929474888,-2.0531205885375436e-06,7.104414815012934e-16
outlet_03,58774,173973,85615460,1,1,4,0.05553331427138534,0.055519996282072055,-1.3317989313282874e-05,4.608424907514418e-15
outlet_03,58774,173973,85615460,1,13,12,0.027761709823218256,0.02775984171625978,-1.8681069584754184e-06,6.464212002898057e-16
outlet_03,58774,173973,85615460,1,15,18,0.0277629284199603,0.02775966174294969,-3.266677010609065e-06,1.1303685073152156e-15
outlet_03,58778,173977,85615464,13,13,12,0.027762030850906703,0.0277612979232239,-7.329276828019204e-07,2.536150247141632e-16
outlet_03,58779,173978,85615499,8,8,9,0.027762115820163663,0.02776152043340037,-5.953867632940701e-07,2.0602172933358818e-16
outlet_03,58780,173979,85615513,8,2,5,0.05552521657159845,0.05552321968858571,-1.9968830127434223e-06,6.909815886502475e-16
outlet_03,58780,173979,85615513,8,6,3,0.055525450872916125,0.05552344559260621,-2.0052803099135375e-06,6.938873060618062e-16
outlet_03,58780,173979,85615513,8,8,9,0.02776224067529457,0.02776166559873604,-5.750765585295359e-07,1.989937875541e-16
outlet_03,58781,173980,85615517,8,8,9,0.0277622507937436,0.02776160959468569,-6.411990579116567e-07,2.2187416130509521e-16
outlet_03,58782,173981,85615519,6,6,3,0.05552462284375678,0.05552341766471208,-1.2051790446998556e-06,4.1702820125181465e-16
outlet_03,58782,173981,85615519,6,8,9,0.027762286128864985,0.027761671896695626,-6.14232169359602e-07,2.1254280670207665e-16
outlet_03,58787,173991,85615570,1,1,4,0.0555333853232576,0.05551979394284273,-1.3591380414866572e-05,4.703026452266714e-15
outlet_03,58787,173991,85615570,1,13,12,0.027761594400413942,0.027759735987283596,-1.8584131303463203e-06,6.430668441667877e-16
outlet_03,58787,173991,85615570,1,15,18,0.02776337320880929,0.027759523432370436,-3.8497764388543965e-06,1.332138449118902e-15
outlet_03,58787,173991,85615570,1,16,17,0.02776361012861913,0.027760270515499057,-3.3396131200735812e-06,1.155606595108111e-15
outlet_03,58788,173993,85615572,1,1,4,0.0555333081668064,0.055519114401275986,-1.4193765530412517e-05,4.911469821989886e-15
outlet_03,58788,173993,85615572,1,13,12,0.027761390352845694,0.027759400015662242,-1.9903371834516237e-06,6.887165348167401e-16
outlet_03,58788,173993,85615572,1,15,18,0.02776382172085027,0.027759488404448078,-4.333316402191367e-06,1.4994578213155911e-15
outlet_03,58788,173993,85615572,1,16,17,0.027763055466476456,0.027759625996998417,-3.4294694780390156e-06,1.1866995978433989e-15
outlet_03,58790,173995,85615574,13,13,12,0.027761987781086274,0.027761274461553142,-7.133195331320008e-07,2.468300151152289e-16
outlet_03,58792,173997,85615576,13,13,12,0.027761964472626143,0.02776125609709632,-7.083755298245564e-07,2.4511924125523366e-16
outlet_03,58797,174006,85615585,15,15,18,0.027765059266586855,0.027760093884298825,-4.965382288030229e-06,1.7181716303576833e-15
outlet_03,58798,174007,85615586,15,1,4,0.05553276987249691,0.05552042923160041,-1.2340640896502109e-05,4.270232956667897e-15
outlet_03,58798,174007,85615586,15,2,5,0.055526351538373174,0.055523890986070495,-2.4605523026785536e-06,8.514251101400442e-16
outlet_03,58798,174007,85615586,15,8,9,0.027762523882681984,0.027761811301480577,-7.125812014063815e-07,2.4657453012914635e-16
outlet_03,58798,174007,85615586,15,13,12,0.02776174549353927,0.027760080432612185,-1.665060927084211e-06,5.761611658038238e-16
outlet_03,58798,174007,85615586,15,15,18,0.027764745530029243,0.027760493065721523,-4.2524643077204716e-06,1.4714805645976595e-15
outlet_03,58798,174007,85615586,15,16,17,0.027762660248059755,0.02775993616867201,-2.724079387745465e-06,9.426134084679143e-16
outlet_03,58799,174008,85615587,1,1,4,0.05553280437336685,0.055520145140420814,-1.2659232946035659e-05,4.3804753890553554e-15
outlet_03,58799,174008,85615587,1,13,12,0.02776178522141003,0.027759937135748376,-1.8480856616535923e-06,6.394932293488456e-16
outlet_03,58801,174010,85615590,8,8,9,0.02776217425133784,0.027761590136384618,-5.841149532219425e-07,2.0212134399258506e-16
outlet_03,58801,174010,85615590,8,13,12,0.027761973482194512,0.027761303802627566,-6.696795669461353e-07,2.317292741247366e-16
outlet_03,58802,174011,85615591,13,13,12,0.02776197787898179,0.027761242723027862,-7.351559539285624e-07,2.5438607355037677e-16
outlet_03,58803,174012,85615592,6,6,3,0.05552447506977612,0.05552342720687915,-1.047862896966234e-06,3.6259208206625776e-16
outlet_03,58803,174012,85615592,6,13,12,0.02776210315550722,0.027761518495144678,-5.846603625438151e-07,2.023100720238654e-16
outlet_03,58804,174013,85615629,6,6,3,0.055524483525747736,0.055523392037902394,-1.0914878453421872e-06,3.776876264427847e-16
outlet_03,58804,174013,85615629,6,8,9,0.027762195413490086,0.02776163016164016,-5.652518499273118e-07,1.9559414285049571e-16
outlet_03,58804,174013,85615629,6,10,7,0.027762288112380195,0.027761761876418472,-5.262359617230761e-07,1.8209347193391298e-16
outlet_03,58805,174014,85615631,6,6,3,0.05552447947215243,0.05552339166452669,-1.0878076257408997e-06,3.7641415975973365e-16
outlet_03,58805,174014,85615631,6,8,9,0.027762194370770283,0.027761631134344367,-5.632364259156031e-07,1.9489674551849023e-16
outlet_03,58805,174014,85615631,6,10,7,0.027762285101505545,0.027761760530333104,-5.245711724409519e-07,1.815174047654364e-16
outlet_03,58806,174015,85615645,6,6,3,0.05552455507732676,0.055523525986058475,-1.0290912682842102e-06,3.5609653389168676e-16
outlet_03,58806,174015,85615645,6,8,9,0.02776226362838931,0.02776174217380902,-5.214545802899317e-07,1.8043897013409153e-16
outlet_03,58806,174015,85615645,6,10,7,0.02776229144896624,0.02776178381226508,-5.076367011608296e-07,1.7565756831361797e-16
outlet_03,58807,174016,85615647,6,6,3,0.05552432378267017,0.05552355976859326,-7.640140769135662e-07,2.6437185215552747e-16
outlet_03,58807,174016,85615647,6,8,9,0.0277621521302061,0.027761765046866217,-3.8708333988460297e-07,1.3394247906693637e-16
outlet_03,58807,174016,85615647,6,10,7,0.02776217165248301,0.027761794721734973,-3.7693074803751836e-07,1.3042937689788234e-16
outlet_03,58807,174016,85615647,6,14,11,0.027762234139457526,0.027761882583698137,-3.515557593890273e-07,1.2164886754584588e-16
outlet_03,58808,174025,85616209,1,1,4,0.05553444551542677,0.05551558304439851,-1.8862471028259498e-05,6.526982358906317e-15
outlet_03,58808,174025,85616209,1,11,14,0.027764217394095275,0.027757798704486737,-6.418689608538031e-06,2.221059678737584e-15
outlet_03,58808,174025,85616209,1,13,12,0.027763758802198033,0.027757784339913636,-5.974462284397131e-06,2.0673436622269223e-15
outlet_03,58808,174025,85616209,1,15,18,0.02776707630816233,0.027757237634302784,-9.838673859546149e-06,3.404477102712663e-15
outlet_03,58808,174025,85616209,1,16,17,0.027762362255487144,0.027758345421149952,-4.016834337192132e-06,1.3899455070453407e-15
outlet_03,58809,174026,85616211,1,1,4,0.055532708148713514,0.0555185646808059,-1.4143467907616614e-05,4.89406533155001e-15
outlet_03,58809,174026,85616211,1,11,14,0.027764069031299504,0.027759254609244912,-4.814422054591483e-06,1.6659348487040553e-15
outlet_03,58809,174026,85616211,1,13,12,0.02776325387163348,0.02775931007158869,-3.943800044790141e-06,1.3646734450027363e-15
outlet_03,58809,174026,85616211,1,15,18,0.027767107984902045,0.027759334712736405,-7.773272165639833e-06,2.689785989338125e-15
outlet_03,58809,174026,85616211,1,16,17,0.027761946578259544,0.02775922996816831,-2.716610091234306e-06,9.400288071986143e-16
outlet_03,58810,174027,85616213,1,1,4,0.055534194506967116,0.05551624597828994,-1.7948528677175224e-05,6.2107308140452374e-15
outlet_03,58810,174027,85616213,1,11,14,0.027764751167999417,0.0277580913864116,-6.659781587817909e-06,2.3044847556151583e-15
outlet_03,58810,174027,85616213,1,13,12,0.027763165286467384,0.027758154591914323,-5.010694553060635e-06,1.733851037051136e-15
outlet_03,58810,174027,85616213,1,15,18,0.027766962063325285,0.02775755457232939,-9.40749099589619e-06,3.2552748619092383e-15
outlet_03,58810,174027,85616213,1,16,17,0.027762471197903753,0.02775869141760202,-3.7797803017318443e-06,1.3079176801906943e-15
outlet_03,58811,174028,85616215,1,1,4,0.05553242066359709,0.05551964427569801,-1.2776387899079977e-05,4.421014526829677e-15
outlet_03,58811,174028,85616215,1,11,14,0.02776412249604343,0.02776009308294751,-4.029413095921197e-06,1.3942981359346597e-15
outlet_03,58811,174028,85616215,1,13,12,0.02776274970210209,0.02775955119539517,-3.198506706922344e-06,1.1067795316768754e-15
outlet_03,58811,174028,85616215,1,15,18,0.027766975969232163,0.027759886356095612,-7.089613136550266e-06,2.4532194008095395e-15
outlet_03,58811,174028,85616215,1,16,17,0.027762150657481992,0.027759757919750966,-2.39273773102594e-06,8.279592284859247e-16
outlet_03,58817,174037,85616225,1,1,4,0.05553041386327437,0.05552070548861503,-9.708374659342378e-06,3.3593896600422163e-15
outlet_03,58817,174037,85616225,1,11,14,0.02776356995772935,0.02776058273455852,-2.9872231708284736e-06,1.0336690727796305e-15
outlet_03,58817,174037,85616225,1,13,12,0.027762770217388717,0.02776012275596201,-2.647461426707326e-06,9.161012892804502e-16
outlet_03,58817,174037,85616225,1,16,17,0.027761826724684486,0.027760311176166976,-1.515548517509735e-06,5.24425374757775e-16
outlet_03,58818,174038,85616227,16,16,17,0.027762086865933067,0.027761506180191072,-5.806857419944633e-07,2.0093473375720354e-16
outlet_03,58819,174039,85616228,5,5,2,0.05552428694800901,0.05552345918447875,-8.277635302617048e-07,2.8643108059754015e-16
outlet_03,58819,174039,85616228,5,9,8,0.02776215508435497,0.02776174603440808,-4.090499468901998e-07,1.415435858464116e-16
outlet_03,58819,174039,85616228,5,10,7,0.027762131863661426,0.027761713150080417,-4.187135810088116e-07,1.4488749393356557e-16
outlet_03,58820,174040,85616229,1,1,4,0.05553004390993985,0.05552100856143086,-9.035348508990015e-06,3.126502367393696e-15
outlet_03,58820,174040,85616229,1,13,12,0.02776241109111793,0.02776035076852025,-2.0603225976793815e-06,7.129335933008043e-16
outlet_03,58820,174040,85616229,1,16,17,0.02776194339734918,0.02776047501514137,-1.4683822078080666e-06,5.08104412838402e-16
outlet_03,58821,174041,85616231,16,16,17,0.02776210002760528,0.027761526245039064,-5.737825662169294e-07,1.9854602729064937e-16
outlet_03,58822,174042,85616232,5,5,2,0.05552435986155378,0.05552345879989725,-9.010616565316432e-07,3.1179443709457704e-16
outlet_03,58822,174042,85616232,5,10,7,0.027762173634328032,0.027761719827926926,-4.5380640110656567e-07,1.5703066527941704e-16
outlet_03,58825,174051,85616241,1,1,4,0.05553346660027774,0.0555192546633749,-1.4211936902840117e-05,4.917757663444718e-15
outlet_03,58825,174051,85616241,1,11,14,0.027765171910061105,0.02775991316986666,-5.258740194444972e-06,1.8196822901830094e-15
outlet_03,58825,174051,85616241,1,13,12,0.02776280031334065,0.02775934149645168,-3.458816888967514e-06,1.1968546847947803e-15
outlet_03,58825,174051,85616241,1,15,18,0.02776674227507806,0.027759685037548932,-7.057237529129595e-06,2.4420164667837163e-15
outlet_03,58825,174051,85616241,1,16,17,0.027762111438036894,0.027759569625945942,-2.5418120909517783e-06,8.795434411770112e-16
outlet_03,58826,174052,85616243,1,1,4,0.05553173298551232,0.055520288650975816,-1.144433453650201e-05,3.960083995212554e-15
outlet_03,58826,174052,85616243,1,13,12,0.02776235278109971,0.027759969814171614,-2.382966928095309e-06,8.245782367661742e-16
outlet_03,58826,174052,85616243,1,16,17,0.027762403113618217,0.02776017817711823,-2.2249364999872567e-06,7.698949550855105e-16
outlet_03,58827,174053,85616245,1,1,4,0.055532715254334335,0.0555198862693379,-1.2828984996438031e-05,4.439214704636252e-15
outlet_03,58827,174053,85616245,1,13,12,0.027762339710604104,0.02775978986281506,-2.5498477890448235e-06,8.823240344310035e-16
outlet_03,58827,174053,85616245,1,16,17,0.02776232790590827,0.027759920290562273,-2.4076153459957894e-06,8.331073307841507e-16
outlet_03,58828,174054,85616247,13,13,12,0.027762316133844278,0.027761062160236622,-1.2539736076559727e-06,4.339125877750849e-16
outlet_03,58828,174054,85616247,13,16,17,0.027762343144919845,0.02776112951398433,-1.2136309355155472e-06,4.199528097069197e-16
outlet_03,58829,174055,85616248,10,5,2,0.0555250678108216,0.055523636274831825,-1.4315359897765223e-06,4.953545130652492e-16
outlet_03,58829,174055,85616248,10,6,3,0.05552496095415467,0.0555234958549094,-1.465099245270829e-06,5.069684090490046e-16
outlet_03,58829,174055,85616248,10,10,7,0.027762344333749654,0.027761899023725688,-4.453100239665275e-07,1.5409066321793946e-16
outlet_03,58836,174062,85616257,13,13,12,0.0277622995980327,0.02776109657010068,-1.2030279320195125e-06,4.162838515589465e-16
outlet_03,58836,174062,85616257,13,16,17,0.027762340169922916,0.02776114594652942,-1.1942233934976454e-06,4.132372163898618e-16
outlet_03,58837,174063,85616258,10,5,2,0.05552508325168819,0.05552361735010132,-1.465901586866769e-06,5.072460433756351e-16
outlet_03,58837,174063,85616258,10,6,3,0.05552492113560311,0.05552346322258622,-1.4579130168876353e-06,5.044817578666699e-16
outlet_03,58837,174063,85616258,10,10,7,0.027762290484081055,0.027761873245043138,-4.1723903791701655e-07,1.443772576695483e-16
outlet_03,58839,174065,85616260,10,10,7,0.02776211925048129,0.02776165854737776,-4.607031035309961e-07,1.5941713177107887e-16
outlet_03,58841,174067,85616262,10,10,7,0.02776206548344997,0.027761655100610846,-4.1038283912428475e-07,1.420048066528034e-16
outlet_03,58848,174074,85616465,13,13,12,0.027761992170875244,0.027760425785696256,-1.566385178987384e-06,5.420163887958189e-16
outlet_03,58848,174074,85616465,13,16,17,0.02776198033736314,0.027760504320242397,-1.4760171207425787e-06,5.107463223719242e-16
outlet_03,58849,174075,85616466,10,1,4,0.055530883281345846,0.0555218518701508,-9.031411195042915e-06,3.125139938333596e-15
outlet_03,58849,174075,85616466,10,5,2,0.055524818939444345,0.055523681102876116,-1.1378365682296332e-06,3.9372567873142546e-16
outlet_03,58849,174075,85616466,10,6,3,0.055524872265551514,0.0555235396174274,-1.3326481241165977e-06,4.611363369999163e-16
outlet_03,58849,174075,85616466,10,10,7,0.02776223722259322,0.027761943322551847,-2.9390004137319625e-07,1.0169825482837042e-16
outlet_03,58849,174075,85616466,10,16,17,0.02776222681593013,0.027761099443639203,-1.1273722909273254e-06,3.9010472401936573e-16
outlet_03,58851,174077,85616468,10,10,7,0.027762034237699202,0.027761641727855266,-3.925098439362673e-07,1.358202126980541e-16
outlet_03,58851,174077,85616468,10,16,17,0.02776196069052657,0.027761536367960634,-4.2432256593463724e-07,1.468283714361678e-16
outlet_03,58853,174079,85616470,10,10,7,0.027762120689775117,0.027761651606023303,-4.690837518139812e-07,1.623170881668921e-16
outlet_03,58853,174079,85616470,10,13,12,0.027762063083364808,0.027761567209574144,-4.958737906644861e-07,1.715872474535354e-16
