source_model_id,global_edge_id,upstream_global_node_id,downstream_global_node_id
brava__BG001.CNG_vmd_smooth,0,1,2
brava__BG001.CNG_vmd_smooth,1,2,3
brava__BG001.CNG_vmd_smooth,2,3,4
brava__BG001.CNG_vmd_smooth,3,4,5
brava__BG001.CNG_vmd_smooth,4,5,6
brava__BG001.CNG_vmd_smooth,5,6,7
brava__BG001.CNG_vmd_smooth,6,7,8
brava__BG001.CNG_vmd_smooth,7,8,9
brava__BG001.CNG_vmd_smooth,8,9,10
brava__BG001.CNG_vmd_smooth,9,10,11
brava__BG001.CNG_vmd_smooth,10,11,12
brava__BG001.CNG_vmd_smooth,11,12,13
brava__BG001.CNG_vmd_smooth,12,13,14
brava__BG001.CNG_vmd_smooth,13,14,15
brava__BG001.CNG_vmd_smooth,14,15,16
brava__BG001.CNG_vmd_smooth,15,16,17
brava__BG001.CNG_vmd_smooth,16,17,18
brava__BG001.CNG_vmd_smooth,17,18,19
brava__BG001.CNG_vmd_smooth,18,19,20
brava__BG001.CNG_vmd_smooth,19,20,21
brava__BG001.CNG_vmd_smooth,20,21,22
brava__BG001.CNG_vmd_smooth,21,22,23
brava__BG001.CNG_vmd_smooth,22,23,24
brava__BG001.CNG_vmd_smooth,23,24,25
brava__BG001.CNG_vmd_smooth,24,25,26
brava__BG001.CNG_vmd_smooth,25,26,27
brava__BG001.CNG_vmd_smooth,26,27,28
brava__BG001.CNG_vmd_smooth,27,28,29
brava__BG001.CNG_vmd_smooth,28,29,30
brava__BG001.CNG_vmd_smooth,29,30,31
brava__BG001.CNG_vmd_smooth,30,31,32
brava__BG001.CNG_vmd_smooth,31,29,33
brava__BG001.CNG_vmd_smooth,32,33,34
brava__BG001.CNG_vmd_smooth,33,34,35
brava__BG001.CNG_vmd_smooth,34,35,36
brava__BG001.CNG_vmd_smooth,35,36,37
brava__BG001.CNG_vmd_smooth,36,37,38
brava__BG001.CNG_vmd_smooth,37,38,39
brava__BG001.CNG_vmd_smooth,38,39,40
brava__BG001.CNG_vmd_smooth,39,40,41
brava__BG001.CNG_vmd_smooth,40,41,42
brava__BG001.CNG_vmd_smooth,41,42,43
brava__BG001.CNG_vmd_smooth,42,43,44
brava__BG001.CNG_vmd_smooth,43,44,45
brava__BG001.CNG_vmd_smooth,44,45,46
brava__BG001.CNG_vmd_smooth,45,46,47
brava__BG001.CNG_vmd_smooth,46,47,48
brava__BG001.CNG_vmd_smooth,47,48,49
brava__BG001.CNG_vmd_smooth,48,49,50
brava__BG001.CNG_vmd_smooth,49,50,51
brava__BG001.CNG_vmd_smooth,50,8,52
brava__BG001.CNG_vmd_smooth,51,52,53
brava__BG001.CNG_vmd_smooth,52,53,54
brava__BG001.CNG_vmd_smooth,53,54,55
brava__BG001.CNG_vmd_smooth,54,55,56
brava__BG001.CNG_vmd_smooth,55,56,57
brava__BG001.CNG_vmd_smooth,56,57,58
brava__BG001.CNG_vmd_smooth,57,58,59
brava__BG001.CNG_vmd_smooth,58,59,60
brava__BG001.CNG_vmd_smooth,59,60,61
brava__BG001.CNG_vmd_smooth,60,61,62
brava__BG001.CNG_vmd_smooth,61,62,63
brava__BG001.CNG_vmd_smooth,62,63,64
brava__BG001.CNG_vmd_smooth,63,64,65
brava__BG001.CNG_vmd_smooth,64,65,66
brava__BG001.CNG_vmd_smooth,65,66,67
brava__BG001.CNG_vmd_smooth,66,67,68
brava__BG001.CNG_vmd_smooth,67,68,69
brava__BG001.CNG_vmd_smooth,68,69,70
brava__BG001.CNG_vmd_smooth,69,70,71
brava__BG001.CNG_vmd_smooth,70,71,72
brava__BG001.CNG_vmd_smooth,71,72,73
brava__BG001.CNG_vmd_smooth,72,73,74
brava__BG001.CNG_vmd_smooth,73,74,75
brava__BG001.CNG_vmd_smooth,74,75,76
brava__BG001.CNG_vmd_smooth,75,76,77
brava__BG001.CNG_vmd_smooth,76,77,78
brava__BG001.CNG_vmd_smooth,77,78,79
brava__BG001.CNG_vmd_smooth,78,79,80
brava__BG001.CNG_vmd_smooth,79,80,81
brava__BG001.CNG_vmd_smooth,80,81,82
brava__BG001.CNG_vmd_smooth,81,82,83
brava__BG001.CNG_vmd_smooth,82,83,84
brava__BG001.CNG_vmd_smooth,83,84,85
brava__BG001.CNG_vmd_smooth,84,85,86
brava__BG001.CNG_vmd_smooth,85,86,87
brava__BG001.CNG_vmd_smooth,86,87,88
brava__BG001.CNG_vmd_smooth,87,88,89
brava__BG001.CNG_vmd_smooth,88,89,90
brava__BG001.CNG_vmd_smooth,89,90,91
brava__BG001.CNG_vmd_smooth,90,91,92
brava__BG001.CNG_vmd_smooth,91,92,93
brava__BG001.CNG_vmd_smooth,92,93,94
brava__BG001.CNG_vmd_smooth,93,94,95
brava__BG001.CNG_vmd_smooth,94,95,96
brava__BG001.CNG_vmd_smooth,95,96,97
brava__BG001.CNG_vmd_smooth,96,97,98
brava__BG001.CNG_vmd_smooth,97,98,99
brava__BG001.CNG_vmd_smooth,98,73,100
brava__BG001.CNG_vmd_smooth,99,100,101
brava__BG001.CNG_vmd_smooth,100,101,102
brava__BG001.CNG_vmd_smooth,101,102,103
brava__BG001.CNG_vmd_smooth,102,103,104
brava__BG001.CNG_vmd_smooth,103,104,105
brava__BG001.CNG_vmd_smooth,104,63,106
brava__BG001.CNG_vmd_smooth,105,106,107
brava__BG001.CNG_vmd_smooth,106,107,108
brava__BG001.CNG_vmd_smooth,107,108,109
brava__BG001.CNG_vmd_smooth,108,109,110
brava__BG001.CNG_vmd_smooth,109,110,111
brava__BG001.CNG_vmd_smooth,110,111,112
brava__BG001.CNG_vmd_smooth,111,112,113
brava__BG001.CNG_vmd_smooth,112,113,114
brava__BG001.CNG_vmd_smooth,113,114,115
brava__BG001.CNG_vmd_smooth,114,115,116
brava__BG001.CNG_vmd_smooth,115,116,117
brava__BG001.CNG_vmd_smooth,116,117,118
brava__BG001.CNG_vmd_smooth,117,118,119
brava__BG001.CNG_vmd_smooth,118,119,120
brava__BG001.CNG_vmd_smooth,119,120,121
brava__BG001.CNG_vmd_smooth,120,121,122
brava__BG001.CNG_vmd_smooth,121,122,123
brava__BG001.CNG_vmd_smooth,122,123,124
brava__BG001.CNG_vmd_smooth,123,124,125
brava__BG001.CNG_vmd_smooth,124,125,126
brava__BG001.CNG_vmd_smooth,125,126,127
brava__BG001.CNG_vmd_smooth,126,8,128
brava__BG001.CNG_vmd_smooth,127,128,129
brava__BG001.CNG_vmd_smooth,128,129,130
brava__BG001.CNG_vmd_smooth,129,130,131
brava__BG001.CNG_vmd_smooth,130,131,132
brava__BG001.CNG_vmd_smooth,131,132,133
brava__BG001.CNG_vmd_smooth,132,133,134
brava__BG001.CNG_vmd_smooth,133,134,135
brava__BG001.CNG_vmd_smooth,134,135,136
brava__BG001.CNG_vmd_smooth,135,136,137
brava__BG001.CNG_vmd_smooth,136,137,138
brava__BG001.CNG_vmd_smooth,137,138,139
brava__BG001.CNG_vmd_smooth,138,139,140
brava__BG001.CNG_vmd_smooth,139,140,141
brava__BG001.CNG_vmd_smooth,140,141,142
brava__BG001.CNG_vmd_smooth,141,142,143
brava__BG001.CNG_vmd_smooth,142,143,144
brava__BG001.CNG_vmd_smooth,143,144,145
brava__BG001.CNG_vmd_smooth,144,145,146
brava__BG001.CNG_vmd_smooth,145,146,147
brava__BG001.CNG_vmd_smooth,146,147,148
brava__BG001.CNG_vmd_smooth,147,148,149
brava__BG001.CNG_vmd_smooth,148,149,150
brava__BG001.CNG_vmd_smooth,149,150,151
brava__BG001.CNG_vmd_smooth,150,151,152
brava__BG001.CNG_vmd_smooth,151,152,153
brava__BG001.CNG_vmd_smooth,152,153,154
brava__BG001.CNG_vmd_smooth,153,154,155
brava__BG001.CNG_vmd_smooth,154,155,156
brava__BG001.CNG_vmd_smooth,155,156,157
brava__BG001.CNG_vmd_smooth,156,157,158
brava__BG001.CNG_vmd_smooth,157,158,159
brava__BG001.CNG_vmd_smooth,158,159,160
brava__BG001.CNG_vmd_smooth,159,160,161
brava__BG001.CNG_vmd_smooth,160,161,162
brava__BG001.CNG_vmd_smooth,161,162,163
brava__BG001.CNG_vmd_smooth,162,163,164
brava__BG001.CNG_vmd_smooth,163,164,165
brava__BG001.CNG_vmd_smooth,164,165,166
brava__BG001.CNG_vmd_smooth,165,166,167
brava__BG001.CNG_vmd_smooth,166,167,168
brava__BG001.CNG_vmd_smooth,167,168,169
brava__BG001.CNG_vmd_smooth,168,169,170
brava__BG001.CNG_vmd_smooth,169,170,171
brava__BG001.CNG_vmd_smooth,170,171,172
brava__BG001.CNG_vmd_smooth,171,172,173
brava__BG001.CNG_vmd_smooth,172,173,174
brava__BG001.CNG_vmd_smooth,173,174,175
brava__BG001.CNG_vmd_smooth,174,143,176
brava__BG001.CNG_vmd_smooth,175,176,177
brava__BG001.CNG_vmd_smooth,176,177,178
brava__BG001.CNG_vmd_smooth,177,178,179
brava__BG001.CNG_vmd_smooth,178,179,180
brava__BG001.CNG_vmd_smooth,179,180,181
brava__BG001.CNG_vmd_smooth,180,181,182
brava__BG001.CNG_vmd_smooth,181,182,183
brava__BG001.CNG_vmd_smooth,182,183,184
brava__BG001.CNG_vmd_smooth,183,184,185
brava__BG001.CNG_vmd_smooth,184,185,186
brava__BG001.CNG_vmd_smooth,185,186,187
brava__BG001.CNG_vmd_smooth,186,187,188
brava__BG001.CNG_vmd_smooth,187,188,189
brava__BG001.CNG_vmd_smooth,188,189,190
brava__BG001.CNG_vmd_smooth,189,190,191
brava__BG001.CNG_vmd_smooth,190,191,192
brava__BG001.CNG_vmd_smooth,191,192,193
brava__BG001.CNG_vmd_smooth,192,193,194
brava__BG001.CNG_vmd_smooth,193,194,195
brava__BG001.CNG_vmd_smooth,194,195,196
brava__BG001.CNG_vmd_smooth,195,196,197
brava__BG001.CNG_vmd_smooth,196,197,198
brava__BG001.CNG_vmd_smooth,197,198,199
brava__BG001.CNG_vmd_smooth,198,199,200
brava__BG001.CNG_vmd_smooth,199,200,201
brava__BG001.CNG_vmd_smooth,200,201,202
brava__BG001.CNG_vmd_smooth,201,202,203
brava__BG001.CNG_vmd_smooth,202,203,204
brava__BG001.CNG_vmd_smooth,203,204,205
brava__BG001.CNG_vmd_smooth,204,205,206
brava__BG001.CNG_vmd_smooth,205,206,207
brava__BG001.CNG_vmd_smooth,206,207,208
brava__BG001.CNG_vmd_smooth,207,208,209
brava__BG001.CNG_vmd_smooth,208,209,210
brava__BG001.CNG_vmd_smooth,209,210,211
brava__BG001.CNG_vmd_smooth,210,211,212
brava__BG001.CNG_vmd_smooth,211,212,213
brava__BG001.CNG_vmd_smooth,212,213,214
brava__BG001.CNG_vmd_smooth,213,214,215
brava__BG001.CNG_vmd_smooth,214,215,216
brava__BG001.CNG_vmd_smooth,215,216,217
brava__BG001.CNG_vmd_smooth,216,217,218
brava__BG001.CNG_vmd_smooth,217,218,219
brava__BG001.CNG_vmd_smooth,218,219,220
brava__BG001.CNG_vmd_smooth,219,220,221
brava__BG001.CNG_vmd_smooth,220,221,222
brava__BG001.CNG_vmd_smooth,221,222,223
brava__BG001.CNG_vmd_smooth,222,223,224
brava__BG001.CNG_vmd_smooth,223,224,225
brava__BG001.CNG_vmd_smooth,224,225,226
brava__BG001.CNG_vmd_smooth,225,226,227
brava__BG001.CNG_vmd_smooth,226,227,228
brava__BG001.CNG_vmd_smooth,227,228,229
brava__BG001.CNG_vmd_smooth,228,229,230
brava__BG001.CNG_vmd_smooth,229,230,231
brava__BG001.CNG_vmd_smooth,230,231,232
brava__BG001.CNG_vmd_smooth,231,232,233
brava__BG001.CNG_vmd_smooth,232,233,234
brava__BG001.CNG_vmd_smooth,233,234,235
brava__BG001.CNG_vmd_smooth,234,235,236
brava__BG001.CNG_vmd_smooth,235,236,237
brava__BG001.CNG_vmd_smooth,236,237,238
brava__BG001.CNG_vmd_smooth,237,238,239
brava__BG001.CNG_vmd_smooth,238,239,240
brava__BG001.CNG_vmd_smooth,239,240,241
brava__BG001.CNG_vmd_smooth,240,241,242
brava__BG001.CNG_vmd_smooth,241,242,243
brava__BG001.CNG_vmd_smooth,242,243,244
brava__BG001.CNG_vmd_smooth,243,244,245
brava__BG001.CNG_vmd_smooth,244,245,246
brava__BG001.CNG_vmd_smooth,245,246,247
brava__BG001.CNG_vmd_smooth,246,247,248
brava__BG001.CNG_vmd_smooth,247,248,249
brava__BG001.CNG_vmd_smooth,248,249,250
brava__BG001.CNG_vmd_smooth,249,250,251
brava__BG001.CNG_vmd_smooth,250,251,252
brava__BG001.CNG_vmd_smooth,251,252,253
brava__BG001.CNG_vmd_smooth,252,253,254
brava__BG001.CNG_vmd_smooth,253,254,255
brava__BG001.CNG_vmd_smooth,254,255,256
brava__BG001.CNG_vmd_smooth,255,256,257
brava__BG001.CNG_vmd_smooth,256,257,258
brava__BG001.CNG_vmd_smooth,257,258,259
brava__BG001.CNG_vmd_smooth,258,259,260
brava__BG001.CNG_vmd_smooth,259,260,261
brava__BG001.CNG_vmd_smooth,260,261,262
brava__BG001.CNG_vmd_smooth,261,262,263
brava__BG001.CNG_vmd_smooth,262,263,264
brava__BG001.CNG_vmd_smooth,263,264,265
brava__BG001.CNG_vmd_smooth,264,265,266
brava__BG001.CNG_vmd_smooth,265,266,267
brava__BG001.CNG_vmd_smooth,266,267,268
brava__BG001.CNG_vmd_smooth,267,268,269
brava__BG001.CNG_vmd_smooth,268,269,270
brava__BG001.CNG_vmd_smooth,269,270,271
brava__BG001.CNG_vmd_smooth,270,271,272
brava__BG001.CNG_vmd_smooth,271,272,273
brava__BG001.CNG_vmd_smooth,272,273,274
brava__BG001.CNG_vmd_smooth,273,274,275
brava__BG001.CNG_vmd_smooth,274,275,276
brava__BG001.CNG_vmd_smooth,275,276,277
brava__BG001.CNG_vmd_smooth,276,264,278
brava__BG001.CNG_vmd_smooth,277,278,279
brava__BG001.CNG_vmd_smooth,278,279,280
brava__BG001.CNG_vmd_smooth,279,280,281
brava__BG001.CNG_vmd_smooth,280,281,282
brava__BG001.CNG_vmd_smooth,281,282,283
brava__BG001.CNG_vmd_smooth,282,283,284
brava__BG001.CNG_vmd_smooth,283,284,285
brava__BG001.CNG_vmd_smooth,284,285,286
brava__BG001.CNG_vmd_smooth,285,286,287
brava__BG001.CNG_vmd_smooth,286,287,288
brava__BG001.CNG_vmd_smooth,287,288,289
brava__BG001.CNG_vmd_smooth,288,289,290
brava__BG001.CNG_vmd_smooth,289,290,291
brava__BG001.CNG_vmd_smooth,290,244,292
brava__BG001.CNG_vmd_smooth,291,292,293
brava__BG001.CNG_vmd_smooth,292,293,294
brava__BG001.CNG_vmd_smooth,293,294,295
brava__BG001.CNG_vmd_smooth,294,295,296
brava__BG001.CNG_vmd_smooth,295,296,297
brava__BG001.CNG_vmd_smooth,296,297,298
brava__BG001.CNG_vmd_smooth,297,298,299
brava__BG001.CNG_vmd_smooth,298,299,300
brava__BG001.CNG_vmd_smooth,299,300,301
brava__BG001.CNG_vmd_smooth,300,222,302
brava__BG001.CNG_vmd_smooth,301,302,303
brava__BG001.CNG_vmd_smooth,302,303,304
brava__BG001.CNG_vmd_smooth,303,304,305
brava__BG001.CNG_vmd_smooth,304,305,306
brava__BG001.CNG_vmd_smooth,305,306,307
brava__BG001.CNG_vmd_smooth,306,307,308
brava__BG001.CNG_vmd_smooth,307,308,309
brava__BG001.CNG_vmd_smooth,308,309,310
brava__BG001.CNG_vmd_smooth,309,310,311
brava__BG001.CNG_vmd_smooth,310,311,312
brava__BG001.CNG_vmd_smooth,311,312,313
brava__BG001.CNG_vmd_smooth,312,313,314
brava__BG001.CNG_vmd_smooth,313,314,315
brava__BG001.CNG_vmd_smooth,314,315,316
brava__BG001.CNG_vmd_smooth,315,316,317
brava__BG001.CNG_vmd_smooth,316,317,318
brava__BG001.CNG_vmd_smooth,317,318,319
brava__BG001.CNG_vmd_smooth,318,319,320
brava__BG001.CNG_vmd_smooth,319,320,321
brava__BG001.CNG_vmd_smooth,320,321,322
brava__BG001.CNG_vmd_smooth,321,322,323
brava__BG001.CNG_vmd_smooth,322,323,324
brava__BG001.CNG_vmd_smooth,323,324,325
brava__BG001.CNG_vmd_smooth,324,325,326
brava__BG001.CNG_vmd_smooth,325,326,327
brava__BG001.CNG_vmd_smooth,326,327,328
brava__BG001.CNG_vmd_smooth,327,328,329
brava__BG001.CNG_vmd_smooth,328,329,330
brava__BG001.CNG_vmd_smooth,329,330,331
brava__BG001.CNG_vmd_smooth,330,331,332
brava__BG001.CNG_vmd_smooth,331,332,333
brava__BG001.CNG_vmd_smooth,332,333,334
brava__BG001.CNG_vmd_smooth,333,334,335
brava__BG001.CNG_vmd_smooth,334,335,336
brava__BG001.CNG_vmd_smooth,335,336,337
brava__BG001.CNG_vmd_smooth,336,337,338
brava__BG001.CNG_vmd_smooth,337,338,339
brava__BG001.CNG_vmd_smooth,338,339,340
brava__BG001.CNG_vmd_smooth,339,329,341
brava__BG001.CNG_vmd_smooth,340,341,342
brava__BG001.CNG_vmd_smooth,341,342,343
brava__BG001.CNG_vmd_smooth,342,343,344
brava__BG001.CNG_vmd_smooth,343,344,345
brava__BG001.CNG_vmd_smooth,344,345,346
brava__BG001.CNG_vmd_smooth,345,346,347
brava__BG001.CNG_vmd_smooth,346,347,348
brava__BG001.CNG_vmd_smooth,347,348,349
brava__BG001.CNG_vmd_smooth,348,349,350
brava__BG001.CNG_vmd_smooth,349,350,351
brava__BG001.CNG_vmd_smooth,350,351,352
brava__BG001.CNG_vmd_smooth,351,202,353
brava__BG001.CNG_vmd_smooth,352,353,354
brava__BG001.CNG_vmd_smooth,353,354,355
brava__BG001.CNG_vmd_smooth,354,355,356
brava__BG001.CNG_vmd_smooth,355,356,357
brava__BG001.CNG_vmd_smooth,356,357,358
brava__BG001.CNG_vmd_smooth,357,358,359
brava__BG001.CNG_vmd_smooth,358,359,360
brava__BG001.CNG_vmd_smooth,359,360,361
brava__BG001.CNG_vmd_smooth,360,361,362
brava__BG001.CNG_vmd_smooth,361,362,363
brava__BG001.CNG_vmd_smooth,362,363,364
brava__BG001.CNG_vmd_smooth,363,364,365
brava__BG001.CNG_vmd_smooth,364,365,366
brava__BG001.CNG_vmd_smooth,365,366,367
brava__BG001.CNG_vmd_smooth,366,367,368
brava__BG001.CNG_vmd_smooth,367,368,369
brava__BG001.CNG_vmd_smooth,368,369,370
brava__BG001.CNG_vmd_smooth,369,370,371
brava__BG001.CNG_vmd_smooth,370,371,372
brava__BG001.CNG_vmd_smooth,371,372,373
brava__BG001.CNG_vmd_smooth,372,373,374
brava__BG001.CNG_vmd_smooth,373,374,375
brava__BG001.CNG_vmd_smooth,374,375,376
brava__BG001.CNG_vmd_smooth,375,376,377
brava__BG001.CNG_vmd_smooth,376,377,378
brava__BG001.CNG_vmd_smooth,377,378,379
brava__BG001.CNG_vmd_smooth,378,379,380
brava__BG001.CNG_vmd_smooth,379,380,381
brava__BG001.CNG_vmd_smooth,380,381,382
brava__BG001.CNG_vmd_smooth,381,382,383
brava__BG001.CNG_vmd_smooth,382,383,384
brava__BG001.CNG_vmd_smooth,383,384,385
brava__BG001.CNG_vmd_smooth,384,385,386
brava__BG001.CNG_vmd_smooth,385,386,387
brava__BG001.CNG_vmd_smooth,386,387,388
brava__BG001.CNG_vmd_smooth,387,388,389
brava__BG001.CNG_vmd_smooth,388,389,390
brava__BG001.CNG_vmd_smooth,389,390,391
brava__BG001.CNG_vmd_smooth,390,391,392
brava__BG001.CNG_vmd_smooth,391,392,393
brava__BG001.CNG_vmd_smooth,392,393,394
brava__BG001.CNG_vmd_smooth,393,394,395
brava__BG001.CNG_vmd_smooth,394,395,396
brava__BG001.CNG_vmd_smooth,395,396,397
brava__BG001.CNG_vmd_smooth,396,397,398
brava__BG001.CNG_vmd_smooth,397,398,399
brava__BG001.CNG_vmd_smooth,398,399,400
brava__BG001.CNG_vmd_smooth,399,400,401
brava__BG001.CNG_vmd_smooth,400,401,402
brava__BG001.CNG_vmd_smooth,401,402,403
brava__BG001.CNG_vmd_smooth,402,403,404
brava__BG001.CNG_vmd_smooth,403,404,405
brava__BG001.CNG_vmd_smooth,404,405,406
brava__BG001.CNG_vmd_smooth,405,406,407
brava__BG001.CNG_vmd_smooth,406,407,408
brava__BG001.CNG_vmd_smooth,407,408,409
brava__BG001.CNG_vmd_smooth,408,409,410
brava__BG001.CNG_vmd_smooth,409,384,411
brava__BG001.CNG_vmd_smooth,410,411,412
brava__BG001.CNG_vmd_smooth,411,412,413
brava__BG001.CNG_vmd_smooth,412,413,414
brava__BG001.CNG_vmd_smooth,413,414,415
brava__BG001.CNG_vmd_smooth,414,415,416
brava__BG001.CNG_vmd_smooth,415,416,417
brava__BG001.CNG_vmd_smooth,416,417,418
brava__BG001.CNG_vmd_smooth,417,418,419
brava__BG001.CNG_vmd_smooth,418,419,420
brava__BG001.CNG_vmd_smooth,419,420,421
brava__BG001.CNG_vmd_smooth,420,421,422
brava__BG001.CNG_vmd_smooth,421,422,423
brava__BG001.CNG_vmd_smooth,422,423,424
brava__BG001.CNG_vmd_smooth,423,424,425
brava__BG001.CNG_vmd_smooth,424,425,426
brava__BG001.CNG_vmd_smooth,425,426,427
brava__BG001.CNG_vmd_smooth,426,366,428
brava__BG001.CNG_vmd_smooth,427,428,429
brava__BG001.CNG_vmd_smooth,428,429,430
brava__BG001.CNG_vmd_smooth,429,430,431
brava__BG001.CNG_vmd_smooth,430,431,432
brava__BG001.CNG_vmd_smooth,431,432,433
brava__BG001.CNG_vmd_smooth,432,433,434
brava__BG001.CNG_vmd_smooth,433,434,435
brava__BG001.CNG_vmd_smooth,434,435,436
brava__BG001.CNG_vmd_smooth,435,436,437
brava__BG001.CNG_vmd_smooth,436,437,438
brava__BG001.CNG_vmd_smooth,437,438,439
brava__BG001.CNG_vmd_smooth,438,439,440
brava__BG001.CNG_vmd_smooth,439,440,441
brava__BG001.CNG_vmd_smooth,440,441,442
brava__BG001.CNG_vmd_smooth,441,442,443
brava__BG001.CNG_vmd_smooth,442,443,444
brava__BG001.CNG_vmd_smooth,443,444,445
brava__BG001.CNG_vmd_smooth,444,445,446
brava__BG001.CNG_vmd_smooth,445,446,447
brava__BG001.CNG_vmd_smooth,446,447,448
brava__BG001.CNG_vmd_smooth,447,448,449
brava__BG001.CNG_vmd_smooth,448,449,450
brava__BG001.CNG_vmd_smooth,449,450,451
brava__BG001.CNG_vmd_smooth,450,451,452
brava__BG001.CNG_vmd_smooth,451,452,453
brava__BG001.CNG_vmd_smooth,452,453,454
brava__BG001.CNG_vmd_smooth,453,362,455
brava__BG001.CNG_vmd_smooth,454,455,456
brava__BG001.CNG_vmd_smooth,455,456,457
brava__BG001.CNG_vmd_smooth,456,457,458
brava__BG001.CNG_vmd_smooth,457,458,459
brava__BG001.CNG_vmd_smooth,458,459,460
brava__BG001.CNG_vmd_smooth,459,460,461
brava__BG001.CNG_vmd_smooth,460,461,462
brava__BG001.CNG_vmd_smooth,461,462,463
brava__BG001.CNG_vmd_smooth,462,463,464
brava__BG001.CNG_vmd_smooth,463,464,465
brava__BG001.CNG_vmd_smooth,464,465,466
brava__BG001.CNG_vmd_smooth,465,466,467
brava__BG001.CNG_vmd_smooth,466,467,468
brava__BG001.CNG_vmd_smooth,467,355,469
brava__BG001.CNG_vmd_smooth,468,469,470
brava__BG001.CNG_vmd_smooth,469,470,471
brava__BG001.CNG_vmd_smooth,470,471,472
brava__BG001.CNG_vmd_smooth,471,472,473
brava__BG001.CNG_vmd_smooth,472,473,474
brava__BG001.CNG_vmd_smooth,473,474,475
brava__BG001.CNG_vmd_smooth,474,475,476
brava__BG001.CNG_vmd_smooth,475,476,477
brava__BG001.CNG_vmd_smooth,476,477,478
brava__BG001.CNG_vmd_smooth,477,478,479
brava__BG001.CNG_vmd_smooth,478,479,480
brava__BG001.CNG_vmd_smooth,479,480,481
brava__BG001.CNG_vmd_smooth,480,481,482
brava__BG001.CNG_vmd_smooth,481,482,483
brava__BG001.CNG_vmd_smooth,482,483,484
brava__BG001.CNG_vmd_smooth,483,484,485
brava__BG001.CNG_vmd_smooth,484,485,486
brava__BG001.CNG_vmd_smooth,485,486,487
brava__BG001.CNG_vmd_smooth,486,487,488
brava__BG001.CNG_vmd_smooth,487,488,489
brava__BG001.CNG_vmd_smooth,488,489,490
brava__BG001.CNG_vmd_smooth,489,490,491
brava__BG001.CNG_vmd_smooth,490,491,492
brava__BG001.CNG_vmd_smooth,491,492,493
brava__BG001.CNG_vmd_smooth,492,493,494
brava__BG001.CNG_vmd_smooth,493,494,495
brava__BG001.CNG_vmd_smooth,494,495,496
brava__BG001.CNG_vmd_smooth,495,496,497
brava__BG001.CNG_vmd_smooth,496,497,498
brava__BG001.CNG_vmd_smooth,497,498,499
brava__BG001.CNG_vmd_smooth,498,499,500
brava__BG001.CNG_vmd_smooth,499,500,501
brava__BG001.CNG_vmd_smooth,500,501,502
brava__BG001.CNG_vmd_smooth,501,502,503
brava__BG001.CNG_vmd_smooth,502,503,504
brava__BG001.CNG_vmd_smooth,503,504,505
brava__BG001.CNG_vmd_smooth,504,505,506
brava__BG001.CNG_vmd_smooth,505,506,507
brava__BG001.CNG_vmd_smooth,506,507,508
brava__BG001.CNG_vmd_smooth,507,508,509
brava__BG001.CNG_vmd_smooth,508,509,510
brava__BG001.CNG_vmd_smooth,509,510,511
brava__BG001.CNG_vmd_smooth,510,511,512
brava__BG001.CNG_vmd_smooth,511,512,513
brava__BG001.CNG_vmd_smooth,512,513,514
brava__BG001.CNG_vmd_smooth,513,514,515
brava__BG001.CNG_vmd_smooth,514,515,516
brava__BG001.CNG_vmd_smooth,515,516,517
brava__BG001.CNG_vmd_smooth,516,517,518
brava__BG001.CNG_vmd_smooth,517,518,519
brava__BG001.CNG_vmd_smooth,518,519,520
brava__BG001.CNG_vmd_smooth,519,520,521
brava__BG001.CNG_vmd_smooth,520,521,522
brava__BG001.CNG_vmd_smooth,521,522,523
brava__BG001.CNG_vmd_smooth,522,523,524
brava__BG001.CNG_vmd_smooth,523,524,525
brava__BG001.CNG_vmd_smooth,524,525,526
brava__BG001.CNG_vmd_smooth,525,514,527
brava__BG001.CNG_vmd_smooth,526,527,528
brava__BG001.CNG_vmd_smooth,527,528,529
brava__BG001.CNG_vmd_smooth,528,529,530
brava__BG001.CNG_vmd_smooth,529,530,531
brava__BG001.CNG_vmd_smooth,530,531,532
brava__BG001.CNG_vmd_smooth,531,532,533
brava__BG001.CNG_vmd_smooth,532,533,534
brava__BG001.CNG_vmd_smooth,533,534,535
brava__BG001.CNG_vmd_smooth,534,535,536
brava__BG001.CNG_vmd_smooth,535,536,537
brava__BG001.CNG_vmd_smooth,536,537,538
brava__BG001.CNG_vmd_smooth,537,480,539
brava__BG001.CNG_vmd_smooth,538,539,540
brava__BG001.CNG_vmd_smooth,539,540,541
brava__BG001.CNG_vmd_smooth,540,541,542
brava__BG001.CNG_vmd_smooth,541,542,543
brava__BG001.CNG_vmd_smooth,542,543,544
brava__BG001.CNG_vmd_smooth,543,544,545
brava__BG001.CNG_vmd_smooth,544,545,546
brava__BG001.CNG_vmd_smooth,545,546,547
brava__BG001.CNG_vmd_smooth,546,547,548
brava__BG001.CNG_vmd_smooth,547,548,549
brava__BG001.CNG_vmd_smooth,548,549,550
brava__BG001.CNG_vmd_smooth,549,550,551
brava__BG001.CNG_vmd_smooth,550,551,552
brava__BG001.CNG_vmd_smooth,551,552,553
brava__BG001.CNG_vmd_smooth,552,553,554
brava__BG001.CNG_vmd_smooth,553,178,555
brava__BG001.CNG_vmd_smooth,554,555,556
brava__BG001.CNG_vmd_smooth,555,556,557
brava__BG001.CNG_vmd_smooth,556,557,558
brava__BG001.CNG_vmd_smooth,557,558,559
brava__BG001.CNG_vmd_smooth,558,559,560
brava__BG001.CNG_vmd_smooth,559,560,561
brava__BG001.CNG_vmd_smooth,560,561,562
brava__BG001.CNG_vmd_smooth,561,562,563
brava__BG001.CNG_vmd_smooth,562,563,564
brava__BG001.CNG_vmd_smooth,563,564,565
brava__BG001.CNG_vmd_smooth,564,565,566
brava__BG001.CNG_vmd_smooth,565,566,567
brava__BG001.CNG_vmd_smooth,566,567,568
brava__BG001.CNG_vmd_smooth,567,568,569
brava__BG001.CNG_vmd_smooth,568,569,570
brava__BG001.CNG_vmd_smooth,569,570,571
brava__BG001.CNG_vmd_smooth,570,571,572
brava__BG001.CNG_vmd_smooth,571,572,573
brava__BG001.CNG_vmd_smooth,572,573,574
brava__BG001.CNG_vmd_smooth,573,574,575
brava__BG001.CNG_vmd_smooth,574,575,576
brava__BG001.CNG_vmd_smooth,575,576,577
brava__BG001.CNG_vmd_smooth,576,577,578
brava__BG001.CNG_vmd_smooth,577,578,579
brava__BG001.CNG_vmd_smooth,578,579,580
brava__BG001.CNG_vmd_smooth,579,580,581
brava__BG001.CNG_vmd_smooth,580,581,582
brava__BG001.CNG_vmd_smooth,581,582,583
brava__BG001.CNG_vmd_smooth,582,583,584
brava__BG001.CNG_vmd_smooth,583,584,585
brava__BG001.CNG_vmd_smooth,584,585,586
brava__BG001.CNG_vmd_smooth,585,586,587
brava__BG001.CNG_vmd_smooth,586,587,588
brava__BG001.CNG_vmd_smooth,587,588,589
brava__BG001.CNG_vmd_smooth,588,589,590
brava__BG001.CNG_vmd_smooth,589,590,591
brava__BG001.CNG_vmd_smooth,590,591,592
brava__BG001.CNG_vmd_smooth,591,592,593
brava__BG001.CNG_vmd_smooth,592,593,594
brava__BG001.CNG_vmd_smooth,593,594,595
brava__BG001.CNG_vmd_smooth,594,595,596
brava__BG001.CNG_vmd_smooth,595,596,597
brava__BG001.CNG_vmd_smooth,596,597,598
brava__BG001.CNG_vmd_smooth,597,598,599
brava__BG001.CNG_vmd_smooth,598,599,600
brava__BG001.CNG_vmd_smooth,599,600,601
brava__BG001.CNG_vmd_smooth,600,601,602
brava__BG001.CNG_vmd_smooth,601,602,603
brava__BG001.CNG_vmd_smooth,602,603,604
brava__BG001.CNG_vmd_smooth,603,604,605
brava__BG001.CNG_vmd_smooth,604,605,606
brava__BG001.CNG_vmd_smooth,605,606,607
brava__BG001.CNG_vmd_smooth,606,607,608
brava__BG001.CNG_vmd_smooth,607,608,609
brava__BG001.CNG_vmd_smooth,608,609,610
brava__BG001.CNG_vmd_smooth,609,610,611
brava__BG001.CNG_vmd_smooth,610,611,612
brava__BG001.CNG_vmd_smooth,611,612,613
brava__BG001.CNG_vmd_smooth,612,613,614
brava__BG001.CNG_vmd_smooth,613,614,615
brava__BG001.CNG_vmd_smooth,614,615,616
brava__BG001.CNG_vmd_smooth,615,616,617
brava__BG001.CNG_vmd_smooth,616,617,618
brava__BG001.CNG_vmd_smooth,617,618,619
brava__BG001.CNG_vmd_smooth,618,619,620
brava__BG001.CNG_vmd_smooth,619,620,621
brava__BG001.CNG_vmd_smooth,620,621,622
brava__BG001.CNG_vmd_smooth,621,622,623
brava__BG001.CNG_vmd_smooth,622,623,624
brava__BG001.CNG_vmd_smooth,623,624,625
brava__BG001.CNG_vmd_smooth,624,625,626
brava__BG001.CNG_vmd_smooth,625,626,627
brava__BG001.CNG_vmd_smooth,626,627,628
brava__BG001.CNG_vmd_smooth,627,628,629
brava__BG001.CNG_vmd_smooth,628,629,630
brava__BG001.CNG_vmd_smooth,629,630,631
brava__BG001.CNG_vmd_smooth,630,631,632
brava__BG001.CNG_vmd_smooth,631,632,633
brava__BG001.CNG_vmd_smooth,632,633,634
brava__BG001.CNG_vmd_smooth,633,634,635
brava__BG001.CNG_vmd_smooth,634,635,636
brava__BG001.CNG_vmd_smooth,635,636,637
brava__BG001.CNG_vmd_smooth,636,637,638
brava__BG001.CNG_vmd_smooth,637,638,639
brava__BG001.CNG_vmd_smooth,638,598,640
brava__BG001.CNG_vmd_smooth,639,640,641
brava__BG001.CNG_vmd_smooth,640,641,642
brava__BG001.CNG_vmd_smooth,641,642,643
brava__BG001.CNG_vmd_smooth,642,643,644
brava__BG001.CNG_vmd_smooth,643,644,645
brava__BG001.CNG_vmd_smooth,644,645,646
brava__BG001.CNG_vmd_smooth,645,646,647
brava__BG001.CNG_vmd_smooth,646,647,648
brava__BG001.CNG_vmd_smooth,647,648,649
brava__BG001.CNG_vmd_smooth,648,649,650
brava__BG001.CNG_vmd_smooth,649,650,651
brava__BG001.CNG_vmd_smooth,650,651,652
brava__BG001.CNG_vmd_smooth,651,652,653
brava__BG001.CNG_vmd_smooth,652,653,654
brava__BG001.CNG_vmd_smooth,653,654,655
brava__BG001.CNG_vmd_smooth,654,655,656
brava__BG001.CNG_vmd_smooth,655,656,657
brava__BG001.CNG_vmd_smooth,656,657,658
brava__BG001.CNG_vmd_smooth,657,658,659
brava__BG001.CNG_vmd_smooth,658,659,660
brava__BG001.CNG_vmd_smooth,659,660,661
brava__BG001.CNG_vmd_smooth,660,661,662
brava__BG001.CNG_vmd_smooth,661,662,663
brava__BG001.CNG_vmd_smooth,662,663,664
brava__BG001.CNG_vmd_smooth,663,664,665
brava__BG001.CNG_vmd_smooth,664,665,666
brava__BG001.CNG_vmd_smooth,665,666,667
brava__BG001.CNG_vmd_smooth,666,667,668
brava__BG001.CNG_vmd_smooth,667,668,669
brava__BG001.CNG_vmd_smooth,668,669,670
brava__BG001.CNG_vmd_smooth,669,670,671
brava__BG001.CNG_vmd_smooth,670,671,672
brava__BG001.CNG_vmd_smooth,671,662,673
brava__BG001.CNG_vmd_smooth,672,673,674
brava__BG001.CNG_vmd_smooth,673,674,675
brava__BG001.CNG_vmd_smooth,674,675,676
brava__BG001.CNG_vmd_smooth,675,676,677
brava__BG001.CNG_vmd_smooth,676,652,678
brava__BG001.CNG_vmd_smooth,677,678,679
brava__BG001.CNG_vmd_smooth,678,679,680
brava__BG001.CNG_vmd_smooth,679,680,681
brava__BG001.CNG_vmd_smooth,680,681,682
brava__BG001.CNG_vmd_smooth,681,682,683
brava__BG001.CNG_vmd_smooth,682,683,684
brava__BG001.CNG_vmd_smooth,683,684,685
brava__BG001.CNG_vmd_smooth,684,685,686
brava__BG001.CNG_vmd_smooth,685,686,687
brava__BG001.CNG_vmd_smooth,686,687,688
brava__BG001.CNG_vmd_smooth,687,688,689
brava__BG001.CNG_vmd_smooth,688,689,690
brava__BG001.CNG_vmd_smooth,689,690,691
brava__BG001.CNG_vmd_smooth,690,691,692
brava__BG001.CNG_vmd_smooth,691,692,693
brava__BG001.CNG_vmd_smooth,692,693,694
brava__BG001.CNG_vmd_smooth,693,694,695
brava__BG001.CNG_vmd_smooth,694,695,696
brava__BG001.CNG_vmd_smooth,695,696,697
brava__BG001.CNG_vmd_smooth,696,697,698
brava__BG001.CNG_vmd_smooth,697,698,699
brava__BG001.CNG_vmd_smooth,698,699,700
brava__BG001.CNG_vmd_smooth,699,700,701
brava__BG001.CNG_vmd_smooth,700,701,702
brava__BG001.CNG_vmd_smooth,701,702,703
brava__BG001.CNG_vmd_smooth,702,703,704
brava__BG001.CNG_vmd_smooth,703,686,705
brava__BG001.CNG_vmd_smooth,704,705,706
brava__BG001.CNG_vmd_smooth,705,706,707
brava__BG001.CNG_vmd_smooth,706,707,708
brava__BG001.CNG_vmd_smooth,707,708,709
brava__BG001.CNG_vmd_smooth,708,709,710
brava__BG001.CNG_vmd_smooth,709,710,711
brava__BG001.CNG_vmd_smooth,710,711,712
brava__BG001.CNG_vmd_smooth,711,712,713
brava__BG001.CNG_vmd_smooth,712,713,714
brava__BG001.CNG_vmd_smooth,713,714,715
brava__BG001.CNG_vmd_smooth,714,715,716
brava__BG001.CNG_vmd_smooth,715,716,717
brava__BG001.CNG_vmd_smooth,716,717,718
brava__BG001.CNG_vmd_smooth,717,718,719
brava__BG001.CNG_vmd_smooth,718,642,720
brava__BG001.CNG_vmd_smooth,719,720,721
brava__BG001.CNG_vmd_smooth,720,721,722
brava__BG001.CNG_vmd_smooth,721,722,723
brava__BG001.CNG_vmd_smooth,722,723,724
brava__BG001.CNG_vmd_smooth,723,724,725
brava__BG001.CNG_vmd_smooth,724,725,726
brava__BG001.CNG_vmd_smooth,725,726,727
brava__BG001.CNG_vmd_smooth,726,727,728
brava__BG001.CNG_vmd_smooth,727,728,729
brava__BG001.CNG_vmd_smooth,728,729,730
brava__BG001.CNG_vmd_smooth,729,730,731
brava__BG001.CNG_vmd_smooth,730,731,732
brava__BG001.CNG_vmd_smooth,731,732,733
brava__BG001.CNG_vmd_smooth,732,733,734
brava__BG001.CNG_vmd_smooth,733,734,735
brava__BG001.CNG_vmd_smooth,734,735,736
brava__BG001.CNG_vmd_smooth,735,736,737
brava__BG001.CNG_vmd_smooth,736,737,738
brava__BG001.CNG_vmd_smooth,737,738,739
brava__BG001.CNG_vmd_smooth,738,739,740
brava__BG001.CNG_vmd_smooth,739,740,741
brava__BG001.CNG_vmd_smooth,740,741,742
brava__BG001.CNG_vmd_smooth,741,742,743
brava__BG001.CNG_vmd_smooth,742,743,744
brava__BG001.CNG_vmd_smooth,743,575,745
brava__BG001.CNG_vmd_smooth,744,745,746
brava__BG001.CNG_vmd_smooth,745,746,747
brava__BG001.CNG_vmd_smooth,746,747,748
brava__BG001.CNG_vmd_smooth,747,748,749
brava__BG001.CNG_vmd_smooth,748,749,750
brava__BG001.CNG_vmd_smooth,749,750,751
brava__BG001.CNG_vmd_smooth,750,751,752
brava__BG001.CNG_vmd_smooth,751,752,753
brava__BG001.CNG_vmd_smooth,752,753,754
brava__BG001.CNG_vmd_smooth,753,754,755
brava__BG001.CNG_vmd_smooth,754,755,756
brava__BG001.CNG_vmd_smooth,755,756,757
brava__BG001.CNG_vmd_smooth,756,757,758
brava__BG001.CNG_vmd_smooth,757,758,759
brava__BG001.CNG_vmd_smooth,758,759,760
brava__BG001.CNG_vmd_smooth,759,760,761
brava__BG001.CNG_vmd_smooth,760,570,762
brava__BG001.CNG_vmd_smooth,761,762,763
brava__BG001.CNG_vmd_smooth,762,763,764
brava__BG001.CNG_vmd_smooth,763,764,765
brava__BG001.CNG_vmd_smooth,764,765,766
brava__BG001.CNG_vmd_smooth,765,766,767
brava__BG001.CNG_vmd_smooth,766,767,768
brava__BG001.CNG_vmd_smooth,767,768,769
brava__BG001.CNG_vmd_smooth,768,769,770
brava__BG001.CNG_vmd_smooth,769,770,771
brava__BG001.CNG_vmd_smooth,770,771,772
brava__BG001.CNG_vmd_smooth,771,772,773
brava__BG001.CNG_vmd_smooth,772,773,774
brava__BG001.CNG_vmd_smooth,773,774,775
brava__BG001.CNG_vmd_smooth,774,775,776
brava__BG001.CNG_vmd_smooth,775,776,777
brava__BG001.CNG_vmd_smooth,776,777,778
brava__BG001.CNG_vmd_smooth,777,778,779
brava__BG001.CNG_vmd_smooth,778,779,780
brava__BG001.CNG_vmd_smooth,779,780,781
brava__BG001.CNG_vmd_smooth,780,781,782
brava__BG001.CNG_vmd_smooth,781,782,783
brava__BG001.CNG_vmd_smooth,782,783,784
brava__BG001.CNG_vmd_smooth,783,784,785
brava__BG001.CNG_vmd_smooth,784,785,786
brava__BG001.CNG_vmd_smooth,785,786,787
brava__BG001.CNG_vmd_smooth,786,787,788
brava__BG001.CNG_vmd_smooth,787,788,789
brava__BG001.CNG_vmd_smooth,788,789,790
brava__BG001.CNG_vmd_smooth,789,790,791
brava__BG001.CNG_vmd_smooth,790,791,792
brava__BG001.CNG_vmd_smooth,791,792,793
brava__BG001.CNG_vmd_smooth,792,793,794
brava__BG001.CNG_vmd_smooth,793,794,795
brava__BG001.CNG_vmd_smooth,794,795,796
brava__BG001.CNG_vmd_smooth,795,796,797
brava__BG001.CNG_vmd_smooth,796,797,798
brava__BG001.CNG_vmd_smooth,797,798,799
brava__BG001.CNG_vmd_smooth,798,799,800
brava__BG001.CNG_vmd_smooth,799,800,801
brava__BG001.CNG_vmd_smooth,800,801,802
brava__BG001.CNG_vmd_smooth,801,802,803
brava__BG001.CNG_vmd_smooth,802,803,804
brava__BG001.CNG_vmd_smooth,803,804,805
brava__BG001.CNG_vmd_smooth,804,805,806
brava__BG001.CNG_vmd_smooth,805,806,807
brava__BG001.CNG_vmd_smooth,806,807,808
brava__BG001.CNG_vmd_smooth,807,808,809
brava__BG001.CNG_vmd_smooth,808,809,810
brava__BG001.CNG_vmd_smooth,809,810,811
brava__BG001.CNG_vmd_smooth,810,811,812
brava__BG001.CNG_vmd_smooth,811,812,813
brava__BG001.CNG_vmd_smooth,812,813,814
brava__BG001.CNG_vmd_smooth,813,814,815
brava__BG001.CNG_vmd_smooth,814,815,816
brava__BG001.CNG_vmd_smooth,815,816,817
brava__BG001.CNG_vmd_smooth,816,817,818
brava__BG001.CNG_vmd_smooth,817,818,819
brava__BG001.CNG_vmd_smooth,818,819,820
brava__BG001.CNG_vmd_smooth,819,820,821
brava__BG001.CNG_vmd_smooth,820,821,822
brava__BG001.CNG_vmd_smooth,821,822,823
brava__BG001.CNG_vmd_smooth,822,823,824
brava__BG001.CNG_vmd_smooth,823,824,825
brava__BG001.CNG_vmd_smooth,824,825,826
brava__BG001.CNG_vmd_smooth,825,826,827
brava__BG001.CNG_vmd_smooth,826,827,828
brava__BG001.CNG_vmd_smooth,827,828,829
brava__BG001.CNG_vmd_smooth,828,829,830
brava__BG001.CNG_vmd_smooth,829,830,831
brava__BG001.CNG_vmd_smooth,830,831,832
brava__BG001.CNG_vmd_smooth,831,832,833
brava__BG001.CNG_vmd_smooth,832,833,834
brava__BG001.CNG_vmd_smooth,833,834,835
brava__BG001.CNG_vmd_smooth,834,835,836
brava__BG001.CNG_vmd_smooth,835,836,837
brava__BG001.CNG_vmd_smooth,836,837,838
brava__BG001.CNG_vmd_smooth,837,815,839
brava__BG001.CNG_vmd_smooth,838,839,840
brava__BG001.CNG_vmd_smooth,839,840,841
brava__BG001.CNG_vmd_smooth,840,841,842
brava__BG001.CNG_vmd_smooth,841,842,843
brava__BG001.CNG_vmd_smooth,842,843,844
brava__BG001.CNG_vmd_smooth,843,844,845
brava__BG001.CNG_vmd_smooth,844,845,846
brava__BG001.CNG_vmd_smooth,845,846,847
brava__BG001.CNG_vmd_smooth,846,847,848
brava__BG001.CNG_vmd_smooth,847,848,849
brava__BG001.CNG_vmd_smooth,848,849,850
brava__BG001.CNG_vmd_smooth,849,850,851
brava__BG001.CNG_vmd_smooth,850,851,852
brava__BG001.CNG_vmd_smooth,851,852,853
brava__BG001.CNG_vmd_smooth,852,853,854
brava__BG001.CNG_vmd_smooth,853,854,855
brava__BG001.CNG_vmd_smooth,854,855,856
brava__BG001.CNG_vmd_smooth,855,856,857
brava__BG001.CNG_vmd_smooth,856,857,858
brava__BG001.CNG_vmd_smooth,857,858,859
brava__BG001.CNG_vmd_smooth,858,859,860
brava__BG001.CNG_vmd_smooth,859,860,861
brava__BG001.CNG_vmd_smooth,860,781,862
brava__BG001.CNG_vmd_smooth,861,862,863
brava__BG001.CNG_vmd_smooth,862,863,864
brava__BG001.CNG_vmd_smooth,863,864,865
brava__BG001.CNG_vmd_smooth,864,865,866
brava__BG001.CNG_vmd_smooth,865,866,867
brava__BG001.CNG_vmd_smooth,866,867,868
brava__BG001.CNG_vmd_smooth,867,868,869
brava__BG001.CNG_vmd_smooth,868,869,870
brava__BG001.CNG_vmd_smooth,869,870,871
brava__BG001.CNG_vmd_smooth,870,871,872
brava__BG001.CNG_vmd_smooth,871,872,873
brava__BG001.CNG_vmd_smooth,872,873,874
brava__BG001.CNG_vmd_smooth,873,874,875
brava__BG001.CNG_vmd_smooth,874,875,876
brava__BG001.CNG_vmd_smooth,875,876,877
brava__BG001.CNG_vmd_smooth,876,877,878
brava__BG001.CNG_vmd_smooth,877,878,879
brava__BG001.CNG_vmd_smooth,878,879,880
brava__BG001.CNG_vmd_smooth,879,880,881
brava__BG001.CNG_vmd_smooth,880,881,882
brava__BG001.CNG_vmd_smooth,881,882,883
brava__BG001.CNG_vmd_smooth,882,883,884
brava__BG001.CNG_vmd_smooth,883,884,885
brava__BG001.CNG_vmd_smooth,884,885,886
brava__BG001.CNG_vmd_smooth,885,886,887
brava__BG001.CNG_vmd_smooth,886,887,888
brava__BG001.CNG_vmd_smooth,887,888,889
brava__BG001.CNG_vmd_smooth,888,889,890
brava__BG001.CNG_vmd_smooth,889,890,891
brava__BG001.CNG_vmd_smooth,890,891,892
brava__BG001.CNG_vmd_smooth,891,892,893
brava__BG001.CNG_vmd_smooth,892,893,894
brava__BG001.CNG_vmd_smooth,893,894,895
brava__BG001.CNG_vmd_smooth,894,895,896
brava__BG001.CNG_vmd_smooth,895,896,897
brava__BG001.CNG_vmd_smooth,896,897,898
brava__BG001.CNG_vmd_smooth,897,898,899
brava__BG001.CNG_vmd_smooth,898,899,900
brava__BG001.CNG_vmd_smooth,899,900,901
brava__BG001.CNG_vmd_smooth,900,901,902
brava__BG001.CNG_vmd_smooth,901,902,903
brava__BG001.CNG_vmd_smooth,902,903,904
brava__BG001.CNG_vmd_smooth,903,904,905
brava__BG001.CNG_vmd_smooth,904,905,906
brava__BG001.CNG_vmd_smooth,905,906,907
brava__BG001.CNG_vmd_smooth,906,907,908
brava__BG001.CNG_vmd_smooth,907,908,909
brava__BG001.CNG_vmd_smooth,908,909,910
brava__BG001.CNG_vmd_smooth,909,910,911
brava__BG001.CNG_vmd_smooth,910,911,912
brava__BG001.CNG_vmd_smooth,911,912,913
brava__BG001.CNG_vmd_smooth,912,913,914
brava__BG001.CNG_vmd_smooth,913,914,915
brava__BG001.CNG_vmd_smooth,914,915,916
brava__BG001.CNG_vmd_smooth,915,916,917
brava__BG001.CNG_vmd_smooth,916,917,918
brava__BG001.CNG_vmd_smooth,917,918,919
brava__BG001.CNG_vmd_smooth,918,895,920
brava__BG001.CNG_vmd_smooth,919,920,921
brava__BG001.CNG_vmd_smooth,920,921,922
brava__BG001.CNG_vmd_smooth,921,922,923
brava__BG001.CNG_vmd_smooth,922,923,924
brava__BG001.CNG_vmd_smooth,923,924,925
brava__BG001.CNG_vmd_smooth,924,925,926
brava__BG001.CNG_vmd_smooth,925,926,927
brava__BG001.CNG_vmd_smooth,926,927,928
brava__BG001.CNG_vmd_smooth,927,928,929
brava__BG001.CNG_vmd_smooth,928,929,930
brava__BG001.CNG_vmd_smooth,929,930,931
brava__BG001.CNG_vmd_smooth,930,931,932
brava__BG001.CNG_vmd_smooth,931,568,933
brava__BG001.CNG_vmd_smooth,932,933,934
brava__BG001.CNG_vmd_smooth,933,934,935
brava__BG001.CNG_vmd_smooth,934,935,936
brava__BG001.CNG_vmd_smooth,935,936,937
brava__BG001.CNG_vmd_smooth,936,937,938
brava__BG001.CNG_vmd_smooth,937,938,939
brava__BG001.CNG_vmd_smooth,938,939,940
brava__BG001.CNG_vmd_smooth,939,940,941
brava__BG001.CNG_vmd_smooth,940,941,942
brava__BG001.CNG_vmd_smooth,941,942,943
brava__BG001.CNG_vmd_smooth,942,943,944
brava__BG001.CNG_vmd_smooth,943,944,945
brava__BG001.CNG_vmd_smooth,944,945,946
brava__BG001.CNG_vmd_smooth,945,946,947
brava__BG001.CNG_vmd_smooth,946,947,948
brava__BG001.CNG_vmd_smooth,947,948,949
brava__BG001.CNG_vmd_smooth,948,949,950
brava__BG001.CNG_vmd_smooth,949,950,951
brava__BG001.CNG_vmd_smooth,950,951,952
brava__BG001.CNG_vmd_smooth,951,952,953
brava__BG001.CNG_vmd_smooth,952,953,954
brava__BG001.CNG_vmd_smooth,953,954,955
brava__BG001.CNG_vmd_smooth,954,955,956
brava__BG001.CNG_vmd_smooth,955,956,957
brava__BG001.CNG_vmd_smooth,956,957,958
brava__BG001.CNG_vmd_smooth,957,958,959
brava__BG001.CNG_vmd_smooth,958,959,960
brava__BG001.CNG_vmd_smooth,959,960,961
brava__BG001.CNG_vmd_smooth,960,961,962
brava__BG001.CNG_vmd_smooth,961,962,963
brava__BG001.CNG_vmd_smooth,962,963,964
brava__BG001.CNG_vmd_smooth,963,964,965
brava__BG001.CNG_vmd_smooth,964,965,966
brava__BG001.CNG_vmd_smooth,965,966,967
brava__BG001.CNG_vmd_smooth,966,967,968
brava__BG001.CNG_vmd_smooth,967,968,969
brava__BG001.CNG_vmd_smooth,968,969,970
brava__BG001.CNG_vmd_smooth,969,970,971
brava__BG001.CNG_vmd_smooth,970,971,972
brava__BG001.CNG_vmd_smooth,971,972,973
brava__BG001.CNG_vmd_smooth,972,973,974
brava__BG001.CNG_vmd_smooth,973,974,975
brava__BG001.CNG_vmd_smooth,974,975,976
brava__BG001.CNG_vmd_smooth,975,976,977
brava__BG001.CNG_vmd_smooth,976,977,978
brava__BG001.CNG_vmd_smooth,977,978,979
brava__BG001.CNG_vmd_smooth,978,979,980
brava__BG001.CNG_vmd_smooth,979,980,981
brava__BG001.CNG_vmd_smooth,980,981,982
brava__BG001.CNG_vmd_smooth,981,982,983
brava__BG001.CNG_vmd_smooth,982,983,984
brava__BG001.CNG_vmd_smooth,983,984,985
brava__BG001.CNG_vmd_smooth,984,985,986
brava__BG001.CNG_vmd_smooth,985,986,987
brava__BG001.CNG_vmd_smooth,986,987,988
brava__BG001.CNG_vmd_smooth,987,988,989
brava__BG001.CNG_vmd_smooth,988,989,990
brava__BG001.CNG_vmd_smooth,989,990,991
brava__BG001.CNG_vmd_smooth,990,940,992
brava__BG001.CNG_vmd_smooth,991,992,993
brava__BG001.CNG_vmd_smooth,992,993,994
brava__BG001.CNG_vmd_smooth,993,994,995
brava__BG001.CNG_vmd_smooth,994,995,996
brava__BG001.CNG_vmd_smooth,995,996,997
brava__BG001.CNG_vmd_smooth,996,997,998
brava__BG001.CNG_vmd_smooth,997,998,999
brava__BG001.CNG_vmd_smooth,998,999,1000
brava__BG001.CNG_vmd_smooth,999,1000,1001
brava__BG001.CNG_vmd_smooth,1000,1001,1002
brava__BG001.CNG_vmd_smooth,1001,1002,1003
brava__BG001.CNG_vmd_smooth,1002,1003,1004
brava__BG001.CNG_vmd_smooth,1003,1004,1005
brava__BG001.CNG_vmd_smooth,1004,1005,1006
brava__BG001.CNG_vmd_smooth,1005,1006,1007
brava__BG001.CNG_vmd_smooth,1006,1007,1008
brava__BG001.CNG_vmd_smooth,1007,1008,1009
brava__BG001.CNG_vmd_smooth,1008,1009,1010
brava__BG001.CNG_vmd_smooth,1009,1010,1011
brava__BG001.CNG_vmd_smooth,1010,1011,1012
brava__BG001.CNG_vmd_smooth,1011,1012,1013
brava__BG001.CNG_vmd_smooth,1012,1013,1014
brava__BG001.CNG_vmd_smooth,1013,1014,1015
brava__BG001.CNG_vmd_smooth,1014,1015,1016
brava__BG001.CNG_vmd_smooth,1015,1016,1017
brava__BG001.CNG_vmd_smooth,1016,1017,1018
brava__BG001.CNG_vmd_smooth,1017,1018,1019
brava__BG001.CNG_vmd_smooth,1018,1019,1020
brava__BG001.CNG_vmd_smooth,1019,1020,1021
brava__BG001.CNG_vmd_smooth,1020,1021,1022
brava__BG001.CNG_vmd_smooth,1021,1022,1023
brava__BG001.CNG_vmd_smooth,1022,1023,1024
brava__BG001.CNG_vmd_smooth,1023,1024,1025
brava__BG001.CNG_vmd_smooth,1024,1025,1026
brava__BG001.CNG_vmd_smooth,1025,1026,1027
brava__BG001.CNG_vmd_smooth,1026,1027,1028
brava__BG001.CNG_vmd_smooth,1027,1028,1029
brava__BG001.CNG_vmd_smooth,1028,1029,1030
brava__BG001.CNG_vmd_smooth,1029,1030,1031
brava__BG001.CNG_vmd_smooth,1030,1031,1032
brava__BG001.CNG_vmd_smooth,1031,1032,1033
brava__BG001.CNG_vmd_smooth,1032,1033,1034
brava__BG001.CNG_vmd_smooth,1033,1034,1035
brava__BG001.CNG_vmd_smooth,1034,565,1036
brava__BG001.CNG_vmd_smooth,1035,1036,1037
brava__BG001.CNG_vmd_smooth,1036,1037,1038
brava__BG001.CNG_vmd_smooth,1037,1038,1039
brava__BG001.CNG_vmd_smooth,1038,1039,1040
brava__BG001.CNG_vmd_smooth,1039,1040,1041
brava__BG001.CNG_vmd_smooth,1040,1041,1042
brava__BG001.CNG_vmd_smooth,1041,1042,1043
brava__BG001.CNG_vmd_smooth,1042,1043,1044
brava__BG001.CNG_vmd_smooth,1043,1044,1045
brava__BG001.CNG_vmd_smooth,1044,1045,1046
brava__BG001.CNG_vmd_smooth,1045,1046,1047
brava__BG001.CNG_vmd_smooth,1046,1047,1048
brava__BG001.CNG_vmd_smooth,1047,1048,1049
brava__BG001.CNG_vmd_smooth,1048,1049,1050
brava__BG001.CNG_vmd_smooth,1049,1050,1051
brava__BG001.CNG_vmd_smooth,1050,1051,1052
brava__BG001.CNG_vmd_smooth,1051,1052,1053
brava__BG001.CNG_vmd_smooth,1052,1053,1054
brava__BG001.CNG_vmd_smooth,1053,1054,1055
brava__BG001.CNG_vmd_smooth,1054,1055,1056
brava__BG001.CNG_vmd_smooth,1055,1056,1057
brava__BG001.CNG_vmd_smooth,1056,1057,1058
brava__BG001.CNG_vmd_smooth,1057,1058,1059
brava__BG001.CNG_vmd_smooth,1058,1059,1060
brava__BG001.CNG_vmd_smooth,1059,1060,1061
brava__BG001.CNG_vmd_smooth,1060,1061,1062
brava__BG001.CNG_vmd_smooth,1061,1062,1063
brava__BG001.CNG_vmd_smooth,1062,1063,1064
brava__BG001.CNG_vmd_smooth,1063,1064,1065
brava__BG001.CNG_vmd_smooth,1064,1065,1066
brava__BG001.CNG_vmd_smooth,1065,1066,1067
brava__BG001.CNG_vmd_smooth,1066,1067,1068
brava__BG001.CNG_vmd_smooth,1067,1068,1069
brava__BG001.CNG_vmd_smooth,1068,1069,1070
brava__BG001.CNG_vmd_smooth,1069,1070,1071
brava__BG001.CNG_vmd_smooth,1070,1071,1072
brava__BG001.CNG_vmd_smooth,1071,1072,1073
brava__BG001.CNG_vmd_smooth,1072,1073,1074
brava__BG001.CNG_vmd_smooth,1073,1074,1075
brava__BG001.CNG_vmd_smooth,1074,1075,1076
brava__BG001.CNG_vmd_smooth,1075,1076,1077
brava__BG001.CNG_vmd_smooth,1076,1077,1078
brava__BG001.CNG_vmd_smooth,1077,1078,1079
brava__BG001.CNG_vmd_smooth,1078,1079,1080
brava__BG001.CNG_vmd_smooth,1079,1080,1081
brava__BG001.CNG_vmd_smooth,1080,1081,1082
brava__BG001.CNG_vmd_smooth,1081,1082,1083
brava__BG001.CNG_vmd_smooth,1082,1083,1084
brava__BG001.CNG_vmd_smooth,1083,1084,1085
brava__BG001.CNG_vmd_smooth,1084,1085,1086
brava__BG001.CNG_vmd_smooth,1085,1086,1087
brava__BG001.CNG_vmd_smooth,1086,1087,1088
brava__BG001.CNG_vmd_smooth,1087,1088,1089
brava__BG001.CNG_vmd_smooth,1088,1078,1090
brava__BG001.CNG_vmd_smooth,1089,1090,1091
brava__BG001.CNG_vmd_smooth,1090,1091,1092
brava__BG001.CNG_vmd_smooth,1091,1092,1093
brava__BG001.CNG_vmd_smooth,1092,1093,1094
brava__BG001.CNG_vmd_smooth,1093,1094,1095
brava__BG001.CNG_vmd_smooth,1094,1095,1096
brava__BG001.CNG_vmd_smooth,1095,1096,1097
brava__BG001.CNG_vmd_smooth,1096,1097,1098
brava__BG001.CNG_vmd_smooth,1097,1071,1099
brava__BG001.CNG_vmd_smooth,1098,1099,1100
brava__BG001.CNG_vmd_smooth,1099,1100,1101
brava__BG001.CNG_vmd_smooth,1100,1101,1102
brava__BG001.CNG_vmd_smooth,1101,1102,1103
brava__BG001.CNG_vmd_smooth,1102,1103,1104
brava__BG001.CNG_vmd_smooth,1103,1104,1105
brava__BG001.CNG_vmd_smooth,1104,1105,1106
brava__BG001.CNG_vmd_smooth,1105,1106,1107
brava__BG001.CNG_vmd_smooth,1106,1107,1108
brava__BG001.CNG_vmd_smooth,1107,1108,1109
brava__BG001.CNG_vmd_smooth,1108,1109,1110
brava__BG001.CNG_vmd_smooth,1109,1110,1111
brava__BG001.CNG_vmd_smooth,1110,1041,1112
brava__BG001.CNG_vmd_smooth,1111,1112,1113
brava__BG001.CNG_vmd_smooth,1112,1113,1114
brava__BG001.CNG_vmd_smooth,1113,1114,1115
brava__BG001.CNG_vmd_smooth,1114,1115,1116
brava__BG001.CNG_vmd_smooth,1115,1116,1117
brava__BG001.CNG_vmd_smooth,1116,1117,1118
brava__BG001.CNG_vmd_smooth,1117,1118,1119
brava__BG001.CNG_vmd_smooth,1118,1119,1120
brava__BG001.CNG_vmd_smooth,1119,1120,1121
brava__BG001.CNG_vmd_smooth,1120,1121,1122
brava__BG001.CNG_vmd_smooth,1121,1122,1123
brava__BG001.CNG_vmd_smooth,1122,1123,1124
brava__BG001.CNG_vmd_smooth,1123,1124,1125
brava__BG001.CNG_vmd_smooth,1124,1125,1126
brava__BG001.CNG_vmd_smooth,1125,1126,1127
brava__BG001.CNG_vmd_smooth,1126,1127,1128
brava__BG001.CNG_vmd_smooth,1127,1128,1129
brava__BG001.CNG_vmd_smooth,1128,1129,1130
brava__BG001.CNG_vmd_smooth,1129,1130,1131
brava__BG001.CNG_vmd_smooth,1130,1131,1132
brava__BG001.CNG_vmd_smooth,1131,1132,1133
brava__BG001.CNG_vmd_smooth,1132,1133,1134
brava__BG001.CNG_vmd_smooth,1133,1134,1135
brava__BG001.CNG_vmd_smooth,1134,1135,1136
brava__BG001.CNG_vmd_smooth,1135,1136,1137
brava__BG001.CNG_vmd_smooth,1136,1137,1138
brava__BG001.CNG_vmd_smooth,1137,1138,1139
brava__BG001.CNG_vmd_smooth,1138,1139,1140
brava__BG001.CNG_vmd_smooth,1139,1140,1141
brava__BG001.CNG_vmd_smooth,1140,1141,1142
brava__BG001.CNG_vmd_smooth,1141,1142,1143
brava__BG001.CNG_vmd_smooth,1142,1143,1144
brava__BG001.CNG_vmd_smooth,1143,1144,1145
brava__BG001.CNG_vmd_smooth,1144,1145,1146
brava__BG001.CNG_vmd_smooth,1145,1146,1147
brava__BG001.CNG_vmd_smooth,1146,1147,1148
brava__BG001.CNG_vmd_smooth,1147,1148,1149
brava__BG001.CNG_vmd_smooth,1148,1149,1150
brava__BG001.CNG_vmd_smooth,1149,1150,1151
brava__BG001.CNG_vmd_smooth,1150,1151,1152
brava__BG001.CNG_vmd_smooth,1151,1152,1153
brava__BG001.CNG_vmd_smooth,1152,1153,1154
brava__BG001.CNG_vmd_smooth,1153,1154,1155
brava__BG001.CNG_vmd_smooth,1154,1121,1156
brava__BG001.CNG_vmd_smooth,1155,1156,1157
brava__BG001.CNG_vmd_smooth,1156,1157,1158
brava__BG001.CNG_vmd_smooth,1157,1158,1159
brava__BG001.CNG_vmd_smooth,1158,1159,1160
brava__BG001.CNG_vmd_smooth,1159,1116,1161
brava__BG001.CNG_vmd_smooth,1160,1161,1162
brava__BG001.CNG_vmd_smooth,1161,1162,1163
brava__BG001.CNG_vmd_smooth,1162,1163,1164
brava__BG001.CNG_vmd_smooth,1163,1164,1165
brava__BG001.CNG_vmd_smooth,1164,1165,1166
brava__BG001.CNG_vmd_smooth,1165,1166,1167
brava__BG001.CNG_vmd_smooth,1166,1167,1168
brava__BG001.CNG_vmd_smooth,1167,1168,1169
brava__BG001.CNG_vmd_smooth,1168,1169,1170
brava__BG001.CNG_vmd_smooth,1169,1170,1171
brava__BG001.CNG_vmd_smooth,1170,1171,1172
brava__BG001.CNG_vmd_smooth,1171,1172,1173
brava__BG001.CNG_vmd_smooth,1172,1173,1174
brava__BG001.CNG_vmd_smooth,1173,556,1175
brava__BG001.CNG_vmd_smooth,1174,1175,1176
brava__BG001.CNG_vmd_smooth,1175,1176,1177
brava__BG001.CNG_vmd_smooth,1176,1177,1178
brava__BG001.CNG_vmd_smooth,1177,1178,1179
brava__BG001.CNG_vmd_smooth,1178,135,1180
brava__BG001.CNG_vmd_smooth,1179,1180,1181
brava__BG001.CNG_vmd_smooth,1180,1181,1182
brava__BG001.CNG_vmd_smooth,1181,1182,1183
brava__BG001.CNG_vmd_smooth,1182,1183,1184
brava__BG001.CNG_vmd_smooth,1183,1184,1185
brava__BG001.CNG_vmd_smooth,1184,1185,1186
brava__BG001.CNG_vmd_smooth,1185,1186,1187
brava__BG001.CNG_vmd_smooth,1186,1187,1188
brava__BG001.CNG_vmd_smooth,1187,1188,1189
brava__BG001.CNG_vmd_smooth,1188,1189,1190
brava__BG001.CNG_vmd_smooth,1189,1190,1191
brava__BG001.CNG_vmd_smooth,1190,1191,1192
brava__BG001.CNG_vmd_smooth,1191,1192,1193
brava__BG001.CNG_vmd_smooth,1192,1193,1194
brava__BG001.CNG_vmd_smooth,1193,1194,1195
brava__BG001.CNG_vmd_smooth,1194,1195,1196
brava__BG001.CNG_vmd_smooth,1195,1196,1197
brava__BG001.CNG_vmd_smooth,1196,1197,1198
brava__BG001.CNG_vmd_smooth,1197,1198,1199
brava__BG001.CNG_vmd_smooth,1198,1199,1200
brava__BG001.CNG_vmd_smooth,1199,1200,1201
brava__BG001.CNG_vmd_smooth,1200,1201,1202
brava__BG001.CNG_vmd_smooth,1201,1202,1203
brava__BG001.CNG_vmd_smooth,1202,1203,1204
brava__BG001.CNG_vmd_smooth,1203,1204,1205
brava__BG001.CNG_vmd_smooth,1204,1205,1206
brava__BG001.CNG_vmd_smooth,1205,1206,1207
brava__BG001.CNG_vmd_smooth,1206,1207,1208
brava__BG001.CNG_vmd_smooth,1207,1208,1209
brava__BG001.CNG_vmd_smooth,1208,1209,1210
brava__BG001.CNG_vmd_smooth,1209,1210,1211
brava__BG001.CNG_vmd_smooth,1210,1211,1212
brava__BG001.CNG_vmd_smooth,1211,1212,1213
brava__BG001.CNG_vmd_smooth,1212,1213,1214
brava__BG001.CNG_vmd_smooth,1213,1214,1215
brava__BG001.CNG_vmd_smooth,1214,1215,1216
brava__BG001.CNG_vmd_smooth,1215,1216,1217
brava__BG001.CNG_vmd_smooth,1216,1217,1218
brava__BG001.CNG_vmd_smooth,1217,1218,1219
brava__BG001.CNG_vmd_smooth,1218,1219,1220
brava__BG001.CNG_vmd_smooth,1219,1220,1221
brava__BG001.CNG_vmd_smooth,1220,1221,1222
brava__BG001.CNG_vmd_smooth,1221,1222,1223
brava__BG001.CNG_vmd_smooth,1222,1223,1224
brava__BG001.CNG_vmd_smooth,1223,1224,1225
brava__BG001.CNG_vmd_smooth,1224,1225,1226
brava__BG001.CNG_vmd_smooth,1225,1226,1227
brava__BG001.CNG_vmd_smooth,1226,1227,1228
brava__BG001.CNG_vmd_smooth,1227,1228,1229
brava__BG001.CNG_vmd_smooth,1228,1229,1230
brava__BG001.CNG_vmd_smooth,1229,1230,1231
brava__BG001.CNG_vmd_smooth,1230,1231,1232
brava__BG001.CNG_vmd_smooth,1231,1232,1233
brava__BG001.CNG_vmd_smooth,1232,1233,1234
brava__BG001.CNG_vmd_smooth,1233,1234,1235
brava__BG001.CNG_vmd_smooth,1234,1235,1236
brava__BG001.CNG_vmd_smooth,1235,1232,1237
brava__BG001.CNG_vmd_smooth,1236,1237,1238
brava__BG001.CNG_vmd_smooth,1237,1238,1239
brava__BG001.CNG_vmd_smooth,1238,1239,1240
brava__BG001.CNG_vmd_smooth,1239,1240,1241
brava__BG001.CNG_vmd_smooth,1240,1241,1242
brava__BG001.CNG_vmd_smooth,1241,1242,1243
brava__BG001.CNG_vmd_smooth,1242,1243,1244
brava__BG001.CNG_vmd_smooth,1243,1244,1245
brava__BG001.CNG_vmd_smooth,1244,1245,1246
brava__BG001.CNG_vmd_smooth,1245,1246,1247
brava__BG001.CNG_vmd_smooth,1246,1247,1248
brava__BG001.CNG_vmd_smooth,1247,1248,1249
brava__BG001.CNG_vmd_smooth,1248,1249,1250
brava__BG001.CNG_vmd_smooth,1249,1226,1251
brava__BG001.CNG_vmd_smooth,1250,1251,1252
brava__BG001.CNG_vmd_smooth,1251,1252,1253
brava__BG001.CNG_vmd_smooth,1252,1253,1254
brava__BG001.CNG_vmd_smooth,1253,1254,1255
brava__BG001.CNG_vmd_smooth,1254,1255,1256
brava__BG001.CNG_vmd_smooth,1255,1256,1257
brava__BG001.CNG_vmd_smooth,1256,1223,1258
brava__BG001.CNG_vmd_smooth,1257,1258,1259
brava__BG001.CNG_vmd_smooth,1258,1259,1260
brava__BG001.CNG_vmd_smooth,1259,1260,1261
brava__BG001.CNG_vmd_smooth,1260,1261,1262
brava__BG001.CNG_vmd_smooth,1261,1262,1263
brava__BG001.CNG_vmd_smooth,1262,1263,1264
brava__BG001.CNG_vmd_smooth,1263,1264,1265
brava__BG001.CNG_vmd_smooth,1264,1265,1266
brava__BG001.CNG_vmd_smooth,1265,1266,1267
brava__BG001.CNG_vmd_smooth,1266,1267,1268
brava__BG001.CNG_vmd_smooth,1267,1268,1269
brava__BG001.CNG_vmd_smooth,1268,1269,1270
brava__BG001.CNG_vmd_smooth,1269,1270,1271
brava__BG001.CNG_vmd_smooth,1270,1271,1272
brava__BG001.CNG_vmd_smooth,1271,1272,1273
brava__BG001.CNG_vmd_smooth,1272,1273,1274
brava__BG001.CNG_vmd_smooth,1273,1274,1275
brava__BG001.CNG_vmd_smooth,1274,1275,1276
brava__BG001.CNG_vmd_smooth,1275,1276,1277
brava__BG001.CNG_vmd_smooth,1276,1277,1278
brava__BG001.CNG_vmd_smooth,1277,1278,1279
brava__BG001.CNG_vmd_smooth,1278,1279,1280
brava__BG001.CNG_vmd_smooth,1279,1280,1281
brava__BG001.CNG_vmd_smooth,1280,1281,1282
brava__BG001.CNG_vmd_smooth,1281,1282,1283
brava__BG001.CNG_vmd_smooth,1282,1283,1284
brava__BG001.CNG_vmd_smooth,1283,1284,1285
brava__BG001.CNG_vmd_smooth,1284,1285,1286
brava__BG001.CNG_vmd_smooth,1285,1286,1287
brava__BG001.CNG_vmd_smooth,1286,1287,1288
brava__BG001.CNG_vmd_smooth,1287,1288,1289
brava__BG001.CNG_vmd_smooth,1288,1289,1290
brava__BG001.CNG_vmd_smooth,1289,1270,1291
brava__BG001.CNG_vmd_smooth,1290,1291,1292
brava__BG001.CNG_vmd_smooth,1291,1292,1293
brava__BG001.CNG_vmd_smooth,1292,1293,1294
brava__BG001.CNG_vmd_smooth,1293,1294,1295
brava__BG001.CNG_vmd_smooth,1294,1295,1296
brava__BG001.CNG_vmd_smooth,1295,1296,1297
brava__BG001.CNG_vmd_smooth,1296,1297,1298
brava__BG001.CNG_vmd_smooth,1297,1298,1299
brava__BG001.CNG_vmd_smooth,1298,1299,1300
brava__BG001.CNG_vmd_smooth,1299,1300,1301
brava__BG001.CNG_vmd_smooth,1300,1301,1302
brava__BG001.CNG_vmd_smooth,1301,1302,1303
brava__BG001.CNG_vmd_smooth,1302,1217,1304
brava__BG001.CNG_vmd_smooth,1303,1304,1305
brava__BG001.CNG_vmd_smooth,1304,1305,1306
brava__BG001.CNG_vmd_smooth,1305,1306,1307
brava__BG001.CNG_vmd_smooth,1306,1307,1308
brava__BG001.CNG_vmd_smooth,1307,1308,1309
brava__BG001.CNG_vmd_smooth,1308,1309,1310
brava__BG001.CNG_vmd_smooth,1309,1310,1311
brava__BG001.CNG_vmd_smooth,1310,1311,1312
brava__BG001.CNG_vmd_smooth,1311,1312,1313
brava__BG001.CNG_vmd_smooth,1312,1208,1314
brava__BG001.CNG_vmd_smooth,1313,1314,1315
brava__BG001.CNG_vmd_smooth,1314,1315,1316
brava__BG001.CNG_vmd_smooth,1315,1316,1317
brava__BG001.CNG_vmd_smooth,1316,1317,1318
brava__BG001.CNG_vmd_smooth,1317,1318,1319
brava__BG001.CNG_vmd_smooth,1318,1319,1320
brava__BG001.CNG_vmd_smooth,1319,1320,1321
brava__BG001.CNG_vmd_smooth,1320,1321,1322
brava__BG001.CNG_vmd_smooth,1321,1322,1323
brava__BG001.CNG_vmd_smooth,1322,1323,1324
brava__BG001.CNG_vmd_smooth,1323,1324,1325
brava__BG001.CNG_vmd_smooth,1324,1325,1326
brava__BG001.CNG_vmd_smooth,1325,1326,1327
brava__BG001.CNG_vmd_smooth,1326,1327,1328
brava__BG001.CNG_vmd_smooth,1327,1328,1329
brava__BG001.CNG_vmd_smooth,1328,1329,1330
brava__BG001.CNG_vmd_smooth,1329,1330,1331
brava__BG001.CNG_vmd_smooth,1330,1331,1332
brava__BG001.CNG_vmd_smooth,1331,1332,1333
brava__BG001.CNG_vmd_smooth,1332,1333,1334
brava__BG001.CNG_vmd_smooth,1333,1334,1335
brava__BG001.CNG_vmd_smooth,1334,1335,1336
brava__BG001.CNG_vmd_smooth,1335,1336,1337
brava__BG001.CNG_vmd_smooth,1336,1337,1338
brava__BG001.CNG_vmd_smooth,1337,1338,1339
brava__BG001.CNG_vmd_smooth,1338,1339,1340
brava__BG001.CNG_vmd_smooth,1339,1340,1341
brava__BG001.CNG_vmd_smooth,1340,1341,1342
brava__BG001.CNG_vmd_smooth,1341,1342,1343
brava__BG001.CNG_vmd_smooth,1342,1343,1344
brava__BG001.CNG_vmd_smooth,1343,1344,1345
brava__BG001.CNG_vmd_smooth,1344,1345,1346
brava__BG001.CNG_vmd_smooth,1345,1346,1347
brava__BG001.CNG_vmd_smooth,1346,1347,1348
brava__BG001.CNG_vmd_smooth,1347,1348,1349
brava__BG001.CNG_vmd_smooth,1348,1349,1350
brava__BG001.CNG_vmd_smooth,1349,1350,1351
brava__BG001.CNG_vmd_smooth,1350,1351,1352
brava__BG001.CNG_vmd_smooth,1351,1352,1353
brava__BG001.CNG_vmd_smooth,1352,1337,1354
brava__BG001.CNG_vmd_smooth,1353,1354,1355
brava__BG001.CNG_vmd_smooth,1354,1355,1356
brava__BG001.CNG_vmd_smooth,1355,1356,1357
brava__BG001.CNG_vmd_smooth,1356,1357,1358
brava__BG001.CNG_vmd_smooth,1357,1358,1359
brava__BG001.CNG_vmd_smooth,1358,1359,1360
brava__BG001.CNG_vmd_smooth,1359,1360,1361
brava__BG001.CNG_vmd_smooth,1360,1361,1362
brava__BG001.CNG_vmd_smooth,1361,1322,1363
brava__BG001.CNG_vmd_smooth,1362,1363,1364
brava__BG001.CNG_vmd_smooth,1363,1364,1365
brava__BG001.CNG_vmd_smooth,1364,1365,1366
brava__BG001.CNG_vmd_smooth,1365,1366,1367
brava__BG001.CNG_vmd_smooth,1366,1367,1368
brava__BG001.CNG_vmd_smooth,1367,1368,1369
brava__BG001.CNG_vmd_smooth,1368,1369,1370
brava__BG001.CNG_vmd_smooth,1369,1370,1371
brava__BG001.CNG_vmd_smooth,1370,1371,1372
brava__BG001.CNG_vmd_smooth,1371,1372,1373
brava__BG001.CNG_vmd_smooth,1372,1373,1374
brava__BG001.CNG_vmd_smooth,1373,1374,1375
brava__BG001.CNG_vmd_smooth,1374,1375,1376
brava__BG001.CNG_vmd_smooth,1375,1376,1377
brava__BG001.CNG_vmd_smooth,1376,1377,1378
brava__BG001.CNG_vmd_smooth,1377,1378,1379
brava__BG001.CNG_vmd_smooth,1378,1379,1380
brava__BG001.CNG_vmd_smooth,1379,1380,1381
brava__BG001.CNG_vmd_smooth,1380,1381,1382
brava__BG001.CNG_vmd_smooth,1381,1376,1383
brava__BG001.CNG_vmd_smooth,1382,1383,1384
brava__BG001.CNG_vmd_smooth,1383,1384,1385
brava__BG001.CNG_vmd_smooth,1384,1385,1386
brava__BG001.CNG_vmd_smooth,1385,1386,1387
brava__BG001.CNG_vmd_smooth,1386,1191,1388
brava__BG001.CNG_vmd_smooth,1387,1388,1389
brava__BG001.CNG_vmd_smooth,1388,1389,1390
brava__BG001.CNG_vmd_smooth,1389,1390,1391
brava__BG001.CNG_vmd_smooth,1390,1391,1392
brava__BG001.CNG_vmd_smooth,1391,1392,1393
brava__BG001.CNG_vmd_smooth,1392,1393,1394
brava__BG001.CNG_vmd_smooth,1393,1394,1395
brava__BG001.CNG_vmd_smooth,1394,1395,1396
brava__BG001.CNG_vmd_smooth,1395,1396,1397
brava__BG001.CNG_vmd_smooth,1396,1397,1398
brava__BG001.CNG_vmd_smooth,1397,1398,1399
brava__BG001.CNG_vmd_smooth,1398,1399,1400
brava__BG001.CNG_vmd_smooth,1399,1400,1401
brava__BG001.CNG_vmd_smooth,1400,1401,1402
brava__BG001.CNG_vmd_smooth,1401,1402,1403
brava__BG001.CNG_vmd_smooth,1402,1403,1404
brava__BG001.CNG_vmd_smooth,1403,1404,1405
brava__BG001.CNG_vmd_smooth,1404,1405,1406
brava__BG001.CNG_vmd_smooth,1405,8,1407
brava__BG001.CNG_vmd_smooth,1406,1407,1408
brava__BG001.CNG_vmd_smooth,1407,1408,1409
brava__BG001.CNG_vmd_smooth,1408,1409,1410
brava__BG001.CNG_vmd_smooth,1409,1410,1411
brava__BG001.CNG_vmd_smooth,1410,1411,1412
brava__BG001.CNG_vmd_smooth,1411,1412,1413
brava__BG001.CNG_vmd_smooth,1412,1413,1414
brava__BG001.CNG_vmd_smooth,1413,1414,1415
brava__BG001.CNG_vmd_smooth,1414,1415,1416
brava__BG001.CNG_vmd_smooth,1415,1416,1417
brava__BG001.CNG_vmd_smooth,1416,1417,1418
brava__BG001.CNG_vmd_smooth,1417,1418,1419
brava__BG001.CNG_vmd_smooth,1418,1419,1420
brava__BG001.CNG_vmd_smooth,1419,1420,1421
brava__BG001.CNG_vmd_smooth,1420,1421,1422
brava__BG001.CNG_vmd_smooth,1421,1422,1423
brava__BG001.CNG_vmd_smooth,1422,1423,1424
brava__BG001.CNG_vmd_smooth,1423,1424,1425
brava__BG001.CNG_vmd_smooth,1424,1425,1426
brava__BG001.CNG_vmd_smooth,1425,1426,1427
brava__BG001.CNG_vmd_smooth,1426,1427,1428
brava__BG001.CNG_vmd_smooth,1427,1428,1429
brava__BG001.CNG_vmd_smooth,1428,1429,1430
brava__BG001.CNG_vmd_smooth,1429,1430,1431
brava__BG001.CNG_vmd_smooth,1430,1431,1432
brava__BG001.CNG_vmd_smooth,1431,1432,1433
brava__BG001.CNG_vmd_smooth,1432,1433,1434
brava__BG001.CNG_vmd_smooth,1433,1434,1435
brava__BG001.CNG_vmd_smooth,1434,1435,1436
brava__BG001.CNG_vmd_smooth,1435,1436,1437
brava__BG001.CNG_vmd_smooth,1436,1437,1438
brava__BG001.CNG_vmd_smooth,1437,1438,1439
brava__BG001.CNG_vmd_smooth,1438,1439,1440
brava__BG001.CNG_vmd_smooth,1439,1440,1441
brava__BG001.CNG_vmd_smooth,1440,1441,1442
brava__BG001.CNG_vmd_smooth,1441,1442,1443
brava__BG001.CNG_vmd_smooth,1442,1443,1444
brava__BG001.CNG_vmd_smooth,1443,1444,1445
brava__BG001.CNG_vmd_smooth,1444,1445,1446
brava__BG001.CNG_vmd_smooth,1445,1446,1447
brava__BG001.CNG_vmd_smooth,1446,1447,1448
brava__BG001.CNG_vmd_smooth,1447,1448,1449
brava__BG001.CNG_vmd_smooth,1448,1449,1450
brava__BG001.CNG_vmd_smooth,1449,1450,1451
brava__BG001.CNG_vmd_smooth,1450,1451,1452
brava__BG001.CNG_vmd_smooth,1451,1452,1453
brava__BG001.CNG_vmd_smooth,1452,1453,1454
brava__BG001.CNG_vmd_smooth,1453,1454,1455
brava__BG001.CNG_vmd_smooth,1454,1455,1456
brava__BG001.CNG_vmd_smooth,1455,1456,1457
brava__BG001.CNG_vmd_smooth,1456,1457,1458
brava__BG001.CNG_vmd_smooth,1457,1423,1459
brava__BG001.CNG_vmd_smooth,1458,1459,1460
brava__BG001.CNG_vmd_smooth,1459,1460,1461
brava__BG001.CNG_vmd_smooth,1460,1461,1462
brava__BG001.CNG_vmd_smooth,1461,1462,1463
brava__BG001.CNG_vmd_smooth,1462,1463,1464
brava__BG001.CNG_vmd_smooth,1463,1464,1465
brava__BG001.CNG_vmd_smooth,1464,1465,1466
brava__BG001.CNG_vmd_smooth,1465,1466,1467
brava__BG001.CNG_vmd_smooth,1466,1467,1468
brava__BG001.CNG_vmd_smooth,1467,1468,1469
brava__BG001.CNG_vmd_smooth,1468,1469,1470
brava__BG001.CNG_vmd_smooth,1469,1470,1471
brava__BG001.CNG_vmd_smooth,1470,1471,1472
brava__BG001.CNG_vmd_smooth,1471,1472,1473
brava__BG001.CNG_vmd_smooth,1472,1473,1474
brava__BG001.CNG_vmd_smooth,1473,1474,1475
brava__BG001.CNG_vmd_smooth,1474,1475,1476
brava__BG001.CNG_vmd_smooth,1475,1476,1477
brava__BG001.CNG_vmd_smooth,1476,1477,1478
brava__BG001.CNG_vmd_smooth,1477,1478,1479
brava__BG001.CNG_vmd_smooth,1478,1479,1480
brava__BG001.CNG_vmd_smooth,1479,1480,1481
brava__BG001.CNG_vmd_smooth,1480,1481,1482
brava__BG001.CNG_vmd_smooth,1481,1482,1483
brava__BG001.CNG_vmd_smooth,1482,1483,1484
brava__BG001.CNG_vmd_smooth,1483,1484,1485
brava__BG001.CNG_vmd_smooth,1484,1485,1486
brava__BG001.CNG_vmd_smooth,1485,1486,1487
brava__BG001.CNG_vmd_smooth,1486,1487,1488
brava__BG001.CNG_vmd_smooth,1487,1488,1489
brava__BG001.CNG_vmd_smooth,1488,1489,1490
brava__BG001.CNG_vmd_smooth,1489,1490,1491
brava__BG001.CNG_vmd_smooth,1490,1491,1492
brava__BG001.CNG_vmd_smooth,1491,1492,1493
brava__BG001.CNG_vmd_smooth,1492,1493,1494
brava__BG001.CNG_vmd_smooth,1493,1494,1495
brava__BG001.CNG_vmd_smooth,1494,1495,1496
brava__BG001.CNG_vmd_smooth,1495,1496,1497
brava__BG001.CNG_vmd_smooth,1496,1497,1498
brava__BG001.CNG_vmd_smooth,1497,1498,1499
brava__BG001.CNG_vmd_smooth,1498,1499,1500
brava__BG001.CNG_vmd_smooth,1499,1500,1501
brava__BG001.CNG_vmd_smooth,1500,1501,1502
brava__BG001.CNG_vmd_smooth,1501,1502,1503
brava__BG001.CNG_vmd_smooth,1502,1503,1504
brava__BG001.CNG_vmd_smooth,1503,1504,1505
brava__BG001.CNG_vmd_smooth,1504,1505,1506
brava__BG001.CNG_vmd_smooth,1505,1506,1507
brava__BG001.CNG_vmd_smooth,1506,1507,1508
brava__BG001.CNG_vmd_smooth,1507,1508,1509
brava__BG001.CNG_vmd_smooth,1508,1509,1510
brava__BG001.CNG_vmd_smooth,1509,1510,1511
brava__BG001.CNG_vmd_smooth,1510,1511,1512
brava__BG001.CNG_vmd_smooth,1511,1512,1513
brava__BG001.CNG_vmd_smooth,1512,1513,1514
brava__BG001.CNG_vmd_smooth,1513,1514,1515
brava__BG001.CNG_vmd_smooth,1514,1515,1516
brava__BG001.CNG_vmd_smooth,1515,1516,1517
brava__BG001.CNG_vmd_smooth,1516,1517,1518
brava__BG001.CNG_vmd_smooth,1517,1518,1519
brava__BG001.CNG_vmd_smooth,1518,1519,1520
brava__BG001.CNG_vmd_smooth,1519,1520,1521
brava__BG001.CNG_vmd_smooth,1520,1521,1522
brava__BG001.CNG_vmd_smooth,1521,1522,1523
brava__BG001.CNG_vmd_smooth,1522,1523,1524
brava__BG001.CNG_vmd_smooth,1523,1524,1525
brava__BG001.CNG_vmd_smooth,1524,1525,1526
brava__BG001.CNG_vmd_smooth,1525,1526,1527
brava__BG001.CNG_vmd_smooth,1526,1527,1528
brava__BG001.CNG_vmd_smooth,1527,1528,1529
brava__BG001.CNG_vmd_smooth,1528,1529,1530
brava__BG001.CNG_vmd_smooth,1529,1530,1531
brava__BG001.CNG_vmd_smooth,1530,1531,1532
brava__BG001.CNG_vmd_smooth,1531,1532,1533
brava__BG001.CNG_vmd_smooth,1532,1533,1534
brava__BG001.CNG_vmd_smooth,1533,1534,1535
brava__BG001.CNG_vmd_smooth,1534,1535,1536
brava__BG001.CNG_vmd_smooth,1535,1536,1537
brava__BG001.CNG_vmd_smooth,1536,1537,1538
brava__BG001.CNG_vmd_smooth,1537,1538,1539
brava__BG001.CNG_vmd_smooth,1538,1539,1540
brava__BG001.CNG_vmd_smooth,1539,1540,1541
brava__BG001.CNG_vmd_smooth,1540,1541,1542
brava__BG001.CNG_vmd_smooth,1541,1542,1543
brava__BG001.CNG_vmd_smooth,1542,1543,1544
brava__BG001.CNG_vmd_smooth,1543,1544,1545
brava__BG001.CNG_vmd_smooth,1544,1516,1546
brava__BG001.CNG_vmd_smooth,1545,1546,1547
brava__BG001.CNG_vmd_smooth,1546,1547,1548
brava__BG001.CNG_vmd_smooth,1547,1548,1549
brava__BG001.CNG_vmd_smooth,1548,1549,1550
brava__BG001.CNG_vmd_smooth,1549,1550,1551
brava__BG001.CNG_vmd_smooth,1550,1551,1552
brava__BG001.CNG_vmd_smooth,1551,1552,1553
brava__BG001.CNG_vmd_smooth,1552,1553,1554
brava__BG001.CNG_vmd_smooth,1553,1554,1555
brava__BG001.CNG_vmd_smooth,1554,1555,1556
brava__BG001.CNG_vmd_smooth,1555,1556,1557
brava__BG001.CNG_vmd_smooth,1556,1557,1558
brava__BG001.CNG_vmd_smooth,1557,1558,1559
brava__BG001.CNG_vmd_smooth,1558,1559,1560
brava__BG001.CNG_vmd_smooth,1559,1560,1561
brava__BG001.CNG_vmd_smooth,1560,1561,1562
brava__BG001.CNG_vmd_smooth,1561,1562,1563
brava__BG001.CNG_vmd_smooth,1562,1563,1564
brava__BG001.CNG_vmd_smooth,1563,1564,1565
brava__BG001.CNG_vmd_smooth,1564,1565,1566
brava__BG001.CNG_vmd_smooth,1565,1566,1567
brava__BG001.CNG_vmd_smooth,1566,1562,1568
brava__BG001.CNG_vmd_smooth,1567,1568,1569
brava__BG001.CNG_vmd_smooth,1568,1569,1570
brava__BG001.CNG_vmd_smooth,1569,1570,1571
brava__BG001.CNG_vmd_smooth,1570,1571,1572
brava__BG001.CNG_vmd_smooth,1571,1572,1573
brava__BG001.CNG_vmd_smooth,1572,1573,1574
brava__BG001.CNG_vmd_smooth,1573,1574,1575
brava__BG001.CNG_vmd_smooth,1574,1575,1576
brava__BG001.CNG_vmd_smooth,1575,1501,1577
brava__BG001.CNG_vmd_smooth,1576,1577,1578
brava__BG001.CNG_vmd_smooth,1577,1578,1579
brava__BG001.CNG_vmd_smooth,1578,1579,1580
brava__BG001.CNG_vmd_smooth,1579,1580,1581
brava__BG001.CNG_vmd_smooth,1580,1581,1582
brava__BG001.CNG_vmd_smooth,1581,1582,1583
brava__BG001.CNG_vmd_smooth,1582,1583,1584
brava__BG001.CNG_vmd_smooth,1583,1584,1585
brava__BG001.CNG_vmd_smooth,1584,1585,1586
brava__BG001.CNG_vmd_smooth,1585,1586,1587
brava__BG001.CNG_vmd_smooth,1586,1587,1588
brava__BG001.CNG_vmd_smooth,1587,1588,1589
brava__BG001.CNG_vmd_smooth,1588,1589,1590
brava__BG001.CNG_vmd_smooth,1589,1590,1591
brava__BG001.CNG_vmd_smooth,1590,1591,1592
brava__BG001.CNG_vmd_smooth,1591,1592,1593
brava__BG001.CNG_vmd_smooth,1592,1593,1594
brava__BG001.CNG_vmd_smooth,1593,1594,1595
brava__BG001.CNG_vmd_smooth,1594,1595,1596
brava__BG001.CNG_vmd_smooth,1595,1596,1597
brava__BG001.CNG_vmd_smooth,1596,1597,1598
brava__BG001.CNG_vmd_smooth,1597,1598,1599
brava__BG001.CNG_vmd_smooth,1598,1599,1600
brava__BG001.CNG_vmd_smooth,1599,1600,1601
brava__BG001.CNG_vmd_smooth,1600,1601,1602
brava__BG001.CNG_vmd_smooth,1601,1602,1603
brava__BG001.CNG_vmd_smooth,1602,1603,1604
brava__BG001.CNG_vmd_smooth,1603,1604,1605
brava__BG001.CNG_vmd_smooth,1604,1605,1606
brava__BG001.CNG_vmd_smooth,1605,1606,1607
brava__BG001.CNG_vmd_smooth,1606,1607,1608
brava__BG001.CNG_vmd_smooth,1607,1608,1609
brava__BG001.CNG_vmd_smooth,1608,1592,1610
brava__BG001.CNG_vmd_smooth,1609,1610,1611
brava__BG001.CNG_vmd_smooth,1610,1611,1612
brava__BG001.CNG_vmd_smooth,1611,1612,1613
brava__BG001.CNG_vmd_smooth,1612,1613,1614
brava__BG001.CNG_vmd_smooth,1613,1614,1615
brava__BG001.CNG_vmd_smooth,1614,1615,1616
brava__BG001.CNG_vmd_smooth,1615,1616,1617
brava__BG001.CNG_vmd_smooth,1616,1617,1618
brava__BG001.CNG_vmd_smooth,1617,1618,1619
brava__BG001.CNG_vmd_smooth,1618,1619,1620
brava__BG001.CNG_vmd_smooth,1619,1620,1621
brava__BG001.CNG_vmd_smooth,1620,1621,1622
brava__BG001.CNG_vmd_smooth,1621,1582,1623
brava__BG001.CNG_vmd_smooth,1622,1623,1624
brava__BG001.CNG_vmd_smooth,1623,1624,1625
brava__BG001.CNG_vmd_smooth,1624,1625,1626
brava__BG001.CNG_vmd_smooth,1625,1626,1627
brava__BG001.CNG_vmd_smooth,1626,1627,1628
brava__BG001.CNG_vmd_smooth,1627,1628,1629
brava__BG001.CNG_vmd_smooth,1628,1629,1630
brava__BG001.CNG_vmd_smooth,1629,1630,1631
brava__BG001.CNG_vmd_smooth,1630,1631,1632
brava__BG001.CNG_vmd_smooth,1631,1632,1633
brava__BG001.CNG_vmd_smooth,1632,1633,1634
brava__BG001.CNG_vmd_smooth,1633,1634,1635
brava__BG001.CNG_vmd_smooth,1634,1635,1636
brava__BG001.CNG_vmd_smooth,1635,1636,1637
brava__BG001.CNG_vmd_smooth,1636,1637,1638
brava__BG001.CNG_vmd_smooth,1637,1638,1639
brava__BG001.CNG_vmd_smooth,1638,1639,1640
brava__BG001.CNG_vmd_smooth,1639,1640,1641
brava__BG001.CNG_vmd_smooth,1640,1641,1642
brava__BG001.CNG_vmd_smooth,1641,1642,1643
brava__BG001.CNG_vmd_smooth,1642,1643,1644
brava__BG001.CNG_vmd_smooth,1643,1644,1645
brava__BG001.CNG_vmd_smooth,1644,1645,1646
brava__BG001.CNG_vmd_smooth,1645,1646,1647
brava__BG001.CNG_vmd_smooth,1646,1647,1648
brava__BG001.CNG_vmd_smooth,1647,1648,1649
brava__BG001.CNG_vmd_smooth,1648,1649,1650
brava__BG001.CNG_vmd_smooth,1649,1650,1651
brava__BG001.CNG_vmd_smooth,1650,1651,1652
brava__BG001.CNG_vmd_smooth,1651,1652,1653
brava__BG001.CNG_vmd_smooth,1652,1494,1654
brava__BG001.CNG_vmd_smooth,1653,1654,1655
brava__BG001.CNG_vmd_smooth,1654,1655,1656
brava__BG001.CNG_vmd_smooth,1655,1656,1657
brava__BG001.CNG_vmd_smooth,1656,1657,1658
brava__BG001.CNG_vmd_smooth,1657,1658,1659
brava__BG001.CNG_vmd_smooth,1658,1659,1660
brava__BG001.CNG_vmd_smooth,1659,1660,1661
brava__BG001.CNG_vmd_smooth,1660,1661,1662
brava__BG001.CNG_vmd_smooth,1661,1662,1663
brava__BG001.CNG_vmd_smooth,1662,1663,1664
brava__BG001.CNG_vmd_smooth,1663,1664,1665
brava__BG001.CNG_vmd_smooth,1664,1665,1666
brava__BG001.CNG_vmd_smooth,1665,1666,1667
brava__BG001.CNG_vmd_smooth,1666,1667,1668
brava__BG001.CNG_vmd_smooth,1667,1668,1669
brava__BG001.CNG_vmd_smooth,1668,1479,1670
brava__BG001.CNG_vmd_smooth,1669,1670,1671
brava__BG001.CNG_vmd_smooth,1670,1671,1672
brava__BG001.CNG_vmd_smooth,1671,1672,1673
brava__BG001.CNG_vmd_smooth,1672,1673,1674
brava__BG001.CNG_vmd_smooth,1673,1674,1675
brava__BG001.CNG_vmd_smooth,1674,1675,1676
brava__BG001.CNG_vmd_smooth,1675,1676,1677
brava__BG001.CNG_vmd_smooth,1676,1677,1678
brava__BG001.CNG_vmd_smooth,1677,1678,1679
brava__BG001.CNG_vmd_smooth,1678,1679,1680
brava__BG001.CNG_vmd_smooth,1679,1680,1681
brava__BG001.CNG_vmd_smooth,1680,1681,1682
brava__BG001.CNG_vmd_smooth,1681,1682,1683
brava__BG001.CNG_vmd_smooth,1682,1683,1684
brava__BG001.CNG_vmd_smooth,1683,1684,1685
brava__BG001.CNG_vmd_smooth,1684,1685,1686
brava__BG001.CNG_vmd_smooth,1685,1686,1687
brava__BG001.CNG_vmd_smooth,1686,1687,1688
brava__BG001.CNG_vmd_smooth,1687,1688,1689
brava__BG001.CNG_vmd_smooth,1688,1689,1690
brava__BG001.CNG_vmd_smooth,1689,1690,1691
brava__BG001.CNG_vmd_smooth,1690,1691,1692
brava__BG001.CNG_vmd_smooth,1691,1692,1693
brava__BG001.CNG_vmd_smooth,1692,1693,1694
brava__BG001.CNG_vmd_smooth,1693,1694,1695
brava__BG001.CNG_vmd_smooth,1694,1695,1696
brava__BG001.CNG_vmd_smooth,1695,1696,1697
brava__BG001.CNG_vmd_smooth,1696,1697,1698
brava__BG001.CNG_vmd_smooth,1697,1698,1699
brava__BG001.CNG_vmd_smooth,1698,1699,1700
brava__BG001.CNG_vmd_smooth,1699,1700,1701
brava__BG001.CNG_vmd_smooth,1700,1701,1702
brava__BG001.CNG_vmd_smooth,1701,1702,1703
brava__BG001.CNG_vmd_smooth,1702,1703,1704
brava__BG001.CNG_vmd_smooth,1703,1704,1705
brava__BG001.CNG_vmd_smooth,1704,1705,1706
brava__BG001.CNG_vmd_smooth,1705,1706,1707
brava__BG001.CNG_vmd_smooth,1706,1707,1708
brava__BG001.CNG_vmd_smooth,1707,1708,1709
brava__BG001.CNG_vmd_smooth,1708,1709,1710
brava__BG001.CNG_vmd_smooth,1709,1710,1711
brava__BG001.CNG_vmd_smooth,1710,1711,1712
brava__BG001.CNG_vmd_smooth,1711,1712,1713
brava__BG001.CNG_vmd_smooth,1712,1713,1714
brava__BG001.CNG_vmd_smooth,1713,1714,1715
brava__BG001.CNG_vmd_smooth,1714,1715,1716
brava__BG001.CNG_vmd_smooth,1715,1716,1717
brava__BG001.CNG_vmd_smooth,1716,1717,1718
brava__BG001.CNG_vmd_smooth,1717,1718,1719
brava__BG001.CNG_vmd_smooth,1718,1719,1720
brava__BG001.CNG_vmd_smooth,1719,1720,1721
brava__BG001.CNG_vmd_smooth,1720,1721,1722
brava__BG001.CNG_vmd_smooth,1721,1722,1723
brava__BG001.CNG_vmd_smooth,1722,1723,1724
brava__BG001.CNG_vmd_smooth,1723,1724,1725
brava__BG001.CNG_vmd_smooth,1724,1725,1726
brava__BG001.CNG_vmd_smooth,1725,1726,1727
brava__BG001.CNG_vmd_smooth,1726,1727,1728
brava__BG001.CNG_vmd_smooth,1727,1728,1729
brava__BG001.CNG_vmd_smooth,1728,1464,1730
brava__BG001.CNG_vmd_smooth,1729,1730,1731
brava__BG001.CNG_vmd_smooth,1730,1731,1732
brava__BG001.CNG_vmd_smooth,1731,1732,1733
brava__BG001.CNG_vmd_smooth,1732,1733,1734
brava__BG001.CNG_vmd_smooth,1733,1734,1735
brava__BG001.CNG_vmd_smooth,1734,1735,1736
brava__BG001.CNG_vmd_smooth,1735,1736,1737
brava__BG001.CNG_vmd_smooth,1736,1737,1738
brava__BG001.CNG_vmd_smooth,1737,1738,1739
brava__BG001.CNG_vmd_smooth,1738,1739,1740
brava__BG001.CNG_vmd_smooth,1739,1740,1741
brava__BG001.CNG_vmd_smooth,1740,1741,1742
brava__BG001.CNG_vmd_smooth,1741,1742,1743
brava__BG001.CNG_vmd_smooth,1742,1743,1744
brava__BG001.CNG_vmd_smooth,1743,1744,1745
brava__BG001.CNG_vmd_smooth,1744,1745,1746
brava__BG001.CNG_vmd_smooth,1745,1746,1747
brava__BG001.CNG_vmd_smooth,1746,1747,1748
brava__BG001.CNG_vmd_smooth,1747,1748,1749
brava__BG001.CNG_vmd_smooth,1748,1749,1750
brava__BG001.CNG_vmd_smooth,1749,1750,1751
brava__BG001.CNG_vmd_smooth,1750,1751,1752
brava__BG001.CNG_vmd_smooth,1751,1752,1753
brava__BG001.CNG_vmd_smooth,1752,1753,1754
brava__BG001.CNG_vmd_smooth,1753,1754,1755
brava__BG001.CNG_vmd_smooth,1754,1755,1756
brava__BG001.CNG_vmd_smooth,1755,1756,1757
brava__BG001.CNG_vmd_smooth,1756,1757,1758
brava__BG001.CNG_vmd_smooth,1757,1758,1759
brava__BG001.CNG_vmd_smooth,1758,1759,1760
brava__BG001.CNG_vmd_smooth,1759,1760,1761
brava__BG001.CNG_vmd_smooth,1760,1761,1762
brava__BG001.CNG_vmd_smooth,1761,1762,1763
brava__BG001.CNG_vmd_smooth,1762,1763,1764
brava__BG001.CNG_vmd_smooth,1763,1764,1765
brava__BG001.CNG_vmd_smooth,1764,1765,1766
brava__BG001.CNG_vmd_smooth,1765,1766,1767
brava__BG001.CNG_vmd_smooth,1766,1767,1768
brava__BG001.CNG_vmd_smooth,1767,1768,1769
brava__BG001.CNG_vmd_smooth,1768,1769,1770
brava__BG001.CNG_vmd_smooth,1769,1770,1771
brava__BG001.CNG_vmd_smooth,1770,1771,1772
brava__BG001.CNG_vmd_smooth,1771,1772,1773
brava__BG001.CNG_vmd_smooth,1772,1773,1774
brava__BG001.CNG_vmd_smooth,1773,1774,1775
brava__BG001.CNG_vmd_smooth,1774,1775,1776
brava__BG001.CNG_vmd_smooth,1775,1776,1777
brava__BG001.CNG_vmd_smooth,1776,1777,1778
brava__BG001.CNG_vmd_smooth,1777,1778,1779
brava__BG001.CNG_vmd_smooth,1778,1779,1780
brava__BG001.CNG_vmd_smooth,1779,1780,1781
brava__BG001.CNG_vmd_smooth,1780,1781,1782
brava__BG001.CNG_vmd_smooth,1781,1782,1783
brava__BG001.CNG_vmd_smooth,1782,1783,1784
brava__BG001.CNG_vmd_smooth,1783,1462,1785
brava__BG001.CNG_vmd_smooth,1784,1785,1786
brava__BG001.CNG_vmd_smooth,1785,1786,1787
brava__BG001.CNG_vmd_smooth,1786,1787,1788
brava__BG001.CNG_vmd_smooth,1787,1788,1789
brava__BG001.CNG_vmd_smooth,1788,1789,1790
brava__BG001.CNG_vmd_smooth,1789,1790,1791
brava__BG001.CNG_vmd_smooth,1790,1791,1792
brava__BG001.CNG_vmd_smooth,1791,1792,1793
brava__BG001.CNG_vmd_smooth,1792,1793,1794
brava__BG001.CNG_vmd_smooth,1793,1794,1795
brava__BG001.CNG_vmd_smooth,1794,1795,1796
brava__BG001.CNG_vmd_smooth,1795,1796,1797
brava__BG001.CNG_vmd_smooth,1796,1797,1798
brava__BG001.CNG_vmd_smooth,1797,1798,1799
brava__BG001.CNG_vmd_smooth,1798,1799,1800
brava__BG001.CNG_vmd_smooth,1799,1800,1801
brava__BG001.CNG_vmd_smooth,1800,1801,1802
brava__BG001.CNG_vmd_smooth,1801,1802,1803
brava__BG001.CNG_vmd_smooth,1802,1803,1804
brava__BG001.CNG_vmd_smooth,1803,1804,1805
brava__BG001.CNG_vmd_smooth,1804,1805,1806
brava__BG001.CNG_vmd_smooth,1805,1806,1807
brava__BG001.CNG_vmd_smooth,1806,1807,1808
brava__BG001.CNG_vmd_smooth,1807,1808,1809
brava__BG001.CNG_vmd_smooth,1808,1809,1810
brava__BG001.CNG_vmd_smooth,1809,1810,1811
brava__BG001.CNG_vmd_smooth,1810,1811,1812
brava__BG001.CNG_vmd_smooth,1811,1812,1813
brava__BG001.CNG_vmd_smooth,1812,1813,1814
brava__BG001.CNG_vmd_smooth,1813,1814,1815
brava__BG001.CNG_vmd_smooth,1814,1815,1816
brava__BG001.CNG_vmd_smooth,1815,1816,1817
brava__BG001.CNG_vmd_smooth,1816,1817,1818
brava__BG001.CNG_vmd_smooth,1817,1818,1819
brava__BG001.CNG_vmd_smooth,1818,1819,1820
brava__BG001.CNG_vmd_smooth,1819,1820,1821
brava__BG001.CNG_vmd_smooth,1820,1821,1822
brava__BG001.CNG_vmd_smooth,1821,1822,1823
brava__BG001.CNG_vmd_smooth,1822,1823,1824
brava__BG001.CNG_vmd_smooth,1823,1824,1825
brava__BG001.CNG_vmd_smooth,1824,1825,1826
brava__BG001.CNG_vmd_smooth,1825,1826,1827
brava__BG001.CNG_vmd_smooth,1826,1827,1828
brava__BG001.CNG_vmd_smooth,1827,1828,1829
brava__BG001.CNG_vmd_smooth,1828,1829,1830
brava__BG001.CNG_vmd_smooth,1829,1830,1831
brava__BG001.CNG_vmd_smooth,1830,1831,1832
brava__BG001.CNG_vmd_smooth,1831,1832,1833
brava__BG001.CNG_vmd_smooth,1832,1833,1834
brava__BG001.CNG_vmd_smooth,1833,1834,1835
brava__BG001.CNG_vmd_smooth,1834,1835,1836
brava__BG001.CNG_vmd_smooth,1835,1836,1837
brava__BG001.CNG_vmd_smooth,1836,1837,1838
brava__BG001.CNG_vmd_smooth,1837,1838,1839
brava__BG001.CNG_vmd_smooth,1838,1839,1840
brava__BG001.CNG_vmd_smooth,1839,1840,1841
brava__BG001.CNG_vmd_smooth,1840,1841,1842
brava__BG001.CNG_vmd_smooth,1841,1842,1843
brava__BG001.CNG_vmd_smooth,1842,1843,1844
brava__BG001.CNG_vmd_smooth,1843,1844,1845
brava__BG001.CNG_vmd_smooth,1844,1845,1846
brava__BG001.CNG_vmd_smooth,1845,1846,1847
brava__BG001.CNG_vmd_smooth,1846,1847,1848
brava__BG001.CNG_vmd_smooth,1847,1848,1849
brava__BG001.CNG_vmd_smooth,1848,1849,1850
brava__BG001.CNG_vmd_smooth,1849,1850,1851
brava__BG001.CNG_vmd_smooth,1850,1823,1852
brava__BG001.CNG_vmd_smooth,1851,1852,1853
brava__BG001.CNG_vmd_smooth,1852,1853,1854
brava__BG001.CNG_vmd_smooth,1853,1854,1855
brava__BG001.CNG_vmd_smooth,1854,1855,1856
brava__BG001.CNG_vmd_smooth,1855,1856,1857
brava__BG001.CNG_vmd_smooth,1856,1857,1858
brava__BG001.CNG_vmd_smooth,1857,1858,1859
brava__BG001.CNG_vmd_smooth,1858,1859,1860
brava__BG001.CNG_vmd_smooth,1859,1860,1861
brava__BG001.CNG_vmd_smooth,1860,1861,1862
brava__BG001.CNG_vmd_smooth,1861,1862,1863
brava__BG001.CNG_vmd_smooth,1862,1863,1864
brava__BG001.CNG_vmd_smooth,1863,1864,1865
brava__BG001.CNG_vmd_smooth,1864,1865,1866
brava__BG001.CNG_vmd_smooth,1865,1866,1867
brava__BG001.CNG_vmd_smooth,1866,1867,1868
brava__BG001.CNG_vmd_smooth,1867,1868,1869
brava__BG001.CNG_vmd_smooth,1868,1869,1870
brava__BG001.CNG_vmd_smooth,1869,1870,1871
brava__BG001.CNG_vmd_smooth,1870,1871,1872
brava__BG001.CNG_vmd_smooth,1871,1872,1873
brava__BG001.CNG_vmd_smooth,1872,1873,1874
brava__BG001.CNG_vmd_smooth,1873,1874,1875
brava__BG001.CNG_vmd_smooth,1874,1875,1876
brava__BG001.CNG_vmd_smooth,1875,1818,1877
brava__BG001.CNG_vmd_smooth,1876,1877,1878
brava__BG001.CNG_vmd_smooth,1877,1878,1879
brava__BG001.CNG_vmd_smooth,1878,1879,1880
brava__BG001.CNG_vmd_smooth,1879,1880,1881
brava__BG001.CNG_vmd_smooth,1880,1881,1882
brava__BG001.CNG_vmd_smooth,1881,1882,1883
brava__BG001.CNG_vmd_smooth,1882,1883,1884
brava__BG001.CNG_vmd_smooth,1883,1884,1885
brava__BG001.CNG_vmd_smooth,1884,1885,1886
brava__BG001.CNG_vmd_smooth,1885,1886,1887
brava__BG001.CNG_vmd_smooth,1886,1887,1888
brava__BG001.CNG_vmd_smooth,1887,1888,1889
brava__BG001.CNG_vmd_smooth,1888,1889,1890
brava__BG001.CNG_vmd_smooth,1889,1890,1891
brava__BG001.CNG_vmd_smooth,1890,1891,1892
brava__BG001.CNG_vmd_smooth,1891,1892,1893
brava__BG001.CNG_vmd_smooth,1892,1893,1894
brava__BG001.CNG_vmd_smooth,1893,1894,1895
brava__BG001.CNG_vmd_smooth,1894,1895,1896
brava__BG001.CNG_vmd_smooth,1895,1896,1897
brava__BG001.CNG_vmd_smooth,1896,1897,1898
brava__BG001.CNG_vmd_smooth,1897,1898,1899
brava__BG001.CNG_vmd_smooth,1898,1899,1900
brava__BG001.CNG_vmd_smooth,1899,1900,1901
brava__BG001.CNG_vmd_smooth,1900,1901,1902
brava__BG001.CNG_vmd_smooth,1901,1902,1903
brava__BG001.CNG_vmd_smooth,1902,1903,1904
brava__BG001.CNG_vmd_smooth,1903,1904,1905
brava__BG001.CNG_vmd_smooth,1904,1905,1906
brava__BG001.CNG_vmd_smooth,1905,1906,1907
brava__BG001.CNG_vmd_smooth,1906,1907,1908
brava__BG001.CNG_vmd_smooth,1907,1908,1909
brava__BG001.CNG_vmd_smooth,1908,1909,1910
brava__BG001.CNG_vmd_smooth,1909,1910,1911
brava__BG001.CNG_vmd_smooth,1910,1911,1912
brava__BG001.CNG_vmd_smooth,1911,1912,1913
brava__BG001.CNG_vmd_smooth,1912,1913,1914
brava__BG001.CNG_vmd_smooth,1913,1914,1915
brava__BG001.CNG_vmd_smooth,1914,1915,1916
brava__BG001.CNG_vmd_smooth,1915,1910,1917
brava__BG001.CNG_vmd_smooth,1916,1917,1918
brava__BG001.CNG_vmd_smooth,1917,1918,1919
brava__BG001.CNG_vmd_smooth,1918,1899,1920
brava__BG001.CNG_vmd_smooth,1919,1920,1921
brava__BG001.CNG_vmd_smooth,1920,1921,1922
brava__BG001.CNG_vmd_smooth,1921,1922,1923
brava__BG001.CNG_vmd_smooth,1922,1923,1924
brava__BG001.CNG_vmd_smooth,1923,1924,1925
brava__BG001.CNG_vmd_smooth,1924,1925,1926
brava__BG001.CNG_vmd_smooth,1925,1926,1927
brava__BG001.CNG_vmd_smooth,1926,1927,1928
brava__BG001.CNG_vmd_smooth,1927,1928,1929
brava__BG001.CNG_vmd_smooth,1928,1929,1930
brava__BG001.CNG_vmd_smooth,1929,1930,1931
brava__BG001.CNG_vmd_smooth,1930,1931,1932
brava__BG001.CNG_vmd_smooth,1931,1932,1933
brava__BG001.CNG_vmd_smooth,1932,1933,1934
brava__BG001.CNG_vmd_smooth,1933,1934,1935
brava__BG001.CNG_vmd_smooth,1934,1935,1936
brava__BG001.CNG_vmd_smooth,1935,1814,1937
brava__BG001.CNG_vmd_smooth,1936,1937,1938
brava__BG001.CNG_vmd_smooth,1937,1938,1939
brava__BG001.CNG_vmd_smooth,1938,1939,1940
brava__BG001.CNG_vmd_smooth,1939,1940,1941
brava__BG001.CNG_vmd_smooth,1940,1800,1942
brava__BG001.CNG_vmd_smooth,1941,1942,1943
brava__BG001.CNG_vmd_smooth,1942,1943,1944
brava__BG001.CNG_vmd_smooth,1943,1944,1945
brava__BG001.CNG_vmd_smooth,1944,1945,1946
brava__BG001.CNG_vmd_smooth,1945,1946,1947
brava__BG001.CNG_vmd_smooth,1946,1947,1948
brava__BG001.CNG_vmd_smooth,1947,1948,1949
brava__BG001.CNG_vmd_smooth,1948,1949,1950
brava__BG001.CNG_vmd_smooth,1949,1950,1951
brava__BG001.CNG_vmd_smooth,1950,1951,1952
brava__BG001.CNG_vmd_smooth,1951,1952,1953
brava__BG001.CNG_vmd_smooth,1952,1953,1954
brava__BG001.CNG_vmd_smooth,1953,1954,1955
brava__BG001.CNG_vmd_smooth,1954,1955,1956
brava__BG001.CNG_vmd_smooth,1955,1956,1957
brava__BG001.CNG_vmd_smooth,1956,1957,1958
brava__BG001.CNG_vmd_smooth,1957,1958,1959
brava__BG001.CNG_vmd_smooth,1958,1959,1960
brava__BG001.CNG_vmd_smooth,1959,1960,1961
brava__BG001.CNG_vmd_smooth,1960,1961,1962
brava__BG001.CNG_vmd_smooth,1961,1962,1963
brava__BG001.CNG_vmd_smooth,1962,1963,1964
brava__BG001.CNG_vmd_smooth,1963,1964,1965
brava__BG001.CNG_vmd_smooth,1964,1965,1966
brava__BG001.CNG_vmd_smooth,1965,1966,1967
brava__BG001.CNG_vmd_smooth,1966,1967,1968
brava__BG001.CNG_vmd_smooth,1967,1968,1969
brava__BG001.CNG_vmd_smooth,1968,1969,1970
brava__BG001.CNG_vmd_smooth,1969,1970,1971
brava__BG001.CNG_vmd_smooth,1970,1957,1972
brava__BG001.CNG_vmd_smooth,1971,1972,1973
brava__BG001.CNG_vmd_smooth,1972,1973,1974
brava__BG001.CNG_vmd_smooth,1973,1974,1975
brava__BG001.CNG_vmd_smooth,1974,1975,1976
brava__BG001.CNG_vmd_smooth,1975,1976,1977
brava__BG001.CNG_vmd_smooth,1976,1977,1978
brava__BG001.CNG_vmd_smooth,1977,1978,1979
brava__BG001.CNG_vmd_smooth,1978,1979,1980
brava__BG001.CNG_vmd_smooth,1979,1980,1981
brava__BG001.CNG_vmd_smooth,1980,1981,1982
brava__BG001.CNG_vmd_smooth,1981,1982,1983
brava__BG001.CNG_vmd_smooth,1982,1983,1984
brava__BG001.CNG_vmd_smooth,1983,1984,1985
brava__BG001.CNG_vmd_smooth,1984,1985,1986
brava__BG001.CNG_vmd_smooth,1985,1986,1987
brava__BG001.CNG_vmd_smooth,1986,1987,1988
brava__BG001.CNG_vmd_smooth,1987,1988,1989
brava__BG001.CNG_vmd_smooth,1988,1989,1990
brava__BG001.CNG_vmd_smooth,1989,1990,1991
brava__BG001.CNG_vmd_smooth,1990,1991,1992
brava__BG001.CNG_vmd_smooth,1991,1992,1993
brava__BG001.CNG_vmd_smooth,1992,1993,1994
brava__BG001.CNG_vmd_smooth,1993,1994,1995
brava__BG001.CNG_vmd_smooth,1994,1995,1996
brava__BG001.CNG_vmd_smooth,1995,1996,1997
brava__BG001.CNG_vmd_smooth,1996,1951,1998
brava__BG001.CNG_vmd_smooth,1997,1998,1999
brava__BG001.CNG_vmd_smooth,1998,1999,2000
brava__BG001.CNG_vmd_smooth,1999,2000,2001
brava__BG001.CNG_vmd_smooth,2000,2001,2002
brava__BG001.CNG_vmd_smooth,2001,2002,2003
brava__BG001.CNG_vmd_smooth,2002,2003,2004
brava__BG001.CNG_vmd_smooth,2003,2004,2005
brava__BG001.CNG_vmd_smooth,2004,2005,2006
brava__BG001.CNG_vmd_smooth,2005,2006,2007
brava__BG001.CNG_vmd_smooth,2006,2007,2008
brava__BG001.CNG_vmd_smooth,2007,2008,2009
brava__BG001.CNG_vmd_smooth,2008,2009,2010
brava__BG001.CNG_vmd_smooth,2009,2010,2011
brava__BG001.CNG_vmd_smooth,2010,2011,2012
brava__BG001.CNG_vmd_smooth,2011,2012,2013
brava__BG001.CNG_vmd_smooth,2012,2013,2014
brava__BG001.CNG_vmd_smooth,2013,2014,2015
brava__BG001.CNG_vmd_smooth,2014,2015,2016
brava__BG001.CNG_vmd_smooth,2015,2016,2017
brava__BG001.CNG_vmd_smooth,2016,2017,2018
brava__BG001.CNG_vmd_smooth,2017,2018,2019
brava__BG001.CNG_vmd_smooth,2018,2019,2020
brava__BG001.CNG_vmd_smooth,2019,2020,2021
brava__BG001.CNG_vmd_smooth,2020,2021,2022
brava__BG001.CNG_vmd_smooth,2021,2022,2023
brava__BG001.CNG_vmd_smooth,2022,2023,2024
brava__BG001.CNG_vmd_smooth,2023,2024,2025
brava__BG001.CNG_vmd_smooth,2024,2025,2026
brava__BG001.CNG_vmd_smooth,2025,2026,2027
brava__BG001.CNG_vmd_smooth,2026,2027,2028
brava__BG001.CNG_vmd_smooth,2027,2028,2029
brava__BG001.CNG_vmd_smooth,2028,2029,2030
brava__BG001.CNG_vmd_smooth,2029,2030,2031
brava__BG001.CNG_vmd_smooth,2030,2031,2032
brava__BG001.CNG_vmd_smooth,2031,2032,2033
brava__BG001.CNG_vmd_smooth,2032,2033,2034
brava__BG001.CNG_vmd_smooth,2033,2034,2035
brava__BG001.CNG_vmd_smooth,2034,2035,2036
brava__BG001.CNG_vmd_smooth,2035,2036,2037
brava__BG001.CNG_vmd_smooth,2036,2037,2038
brava__BG001.CNG_vmd_smooth,2037,2038,2039
brava__BG001.CNG_vmd_smooth,2038,2039,2040
brava__BG001.CNG_vmd_smooth,2039,1796,2041
brava__BG001.CNG_vmd_smooth,2040,2041,2042
brava__BG001.CNG_vmd_smooth,2041,2042,2043
brava__BG001.CNG_vmd_smooth,2042,2043,2044
brava__BG001.CNG_vmd_smooth,2043,2044,2045
brava__BG001.CNG_vmd_smooth,2044,2045,2046
brava__BG001.CNG_vmd_smooth,2045,2046,2047
brava__BG001.CNG_vmd_smooth,2046,2047,2048
brava__BG001.CNG_vmd_smooth,2047,2048,2049
brava__BG001.CNG_vmd_smooth,2048,2049,2050
brava__BG001.CNG_vmd_smooth,2049,2050,2051
brava__BG001.CNG_vmd_smooth,2050,2051,2052
brava__BG001.CNG_vmd_smooth,2051,2052,2053
brava__BG001.CNG_vmd_smooth,2052,2053,2054
brava__BG001.CNG_vmd_smooth,2053,2054,2055
brava__BG001.CNG_vmd_smooth,2054,2055,2056
brava__BG001.CNG_vmd_smooth,2055,2056,2057
brava__BG001.CNG_vmd_smooth,2056,2057,2058
brava__BG001.CNG_vmd_smooth,2057,2058,2059
brava__BG001.CNG_vmd_smooth,2058,2059,2060
brava__BG001.CNG_vmd_smooth,2059,2060,2061
brava__BG001.CNG_vmd_smooth,2060,2061,2062
brava__BG001.CNG_vmd_smooth,2061,2062,2063
brava__BG001.CNG_vmd_smooth,2062,2063,2064
brava__BG001.CNG_vmd_smooth,2063,2064,2065
brava__BG001.CNG_vmd_smooth,2064,2065,2066
brava__BG001.CNG_vmd_smooth,2065,2066,2067
brava__BG001.CNG_vmd_smooth,2066,2067,2068
brava__BG001.CNG_vmd_smooth,2067,2068,2069
brava__BG001.CNG_vmd_smooth,2068,2069,2070
brava__BG001.CNG_vmd_smooth,2069,2070,2071
brava__BG001.CNG_vmd_smooth,2070,2071,2072
brava__BG001.CNG_vmd_smooth,2071,2072,2073
brava__BG001.CNG_vmd_smooth,2072,2073,2074
brava__BG001.CNG_vmd_smooth,2073,2074,2075
brava__BG001.CNG_vmd_smooth,2074,2075,2076
brava__BG001.CNG_vmd_smooth,2075,2076,2077
brava__BG001.CNG_vmd_smooth,2076,2077,2078
brava__BG001.CNG_vmd_smooth,2077,2078,2079
brava__BG001.CNG_vmd_smooth,2078,2079,2080
brava__BG001.CNG_vmd_smooth,2079,2080,2081
brava__BG001.CNG_vmd_smooth,2080,2081,2082
brava__BG001.CNG_vmd_smooth,2081,2082,2083
brava__BG001.CNG_vmd_smooth,2082,2083,2084
brava__BG001.CNG_vmd_smooth,2083,2084,2085
brava__BG001.CNG_vmd_smooth,2084,2085,2086
brava__BG001.CNG_vmd_smooth,2085,2086,2087
brava__BG001.CNG_vmd_smooth,2086,2087,2088
brava__BG001.CNG_vmd_smooth,2087,2088,2089
brava__BG001.CNG_vmd_smooth,2088,2082,2090
brava__BG001.CNG_vmd_smooth,2089,2090,2091
brava__BG001.CNG_vmd_smooth,2090,2091,2092
brava__BG001.CNG_vmd_smooth,2091,2092,2093
brava__BG001.CNG_vmd_smooth,2092,2093,2094
brava__BG001.CNG_vmd_smooth,2093,2094,2095
brava__BG001.CNG_vmd_smooth,2094,2095,2096
brava__BG001.CNG_vmd_smooth,2095,2096,2097
brava__BG001.CNG_vmd_smooth,2096,2097,2098
brava__BG001.CNG_vmd_smooth,2097,2098,2099
brava__BG001.CNG_vmd_smooth,2098,2099,2100
brava__BG001.CNG_vmd_smooth,2099,2100,2101
brava__BG001.CNG_vmd_smooth,2100,2101,2102
brava__BG001.CNG_vmd_smooth,2101,2102,2103
brava__BG001.CNG_vmd_smooth,2102,2103,2104
brava__BG001.CNG_vmd_smooth,2103,2104,2105
brava__BG001.CNG_vmd_smooth,2104,2105,2106
brava__BG001.CNG_vmd_smooth,2105,2106,2107
brava__BG001.CNG_vmd_smooth,2106,2107,2108
brava__BG001.CNG_vmd_smooth,2107,2108,2109
brava__BG001.CNG_vmd_smooth,2108,2109,2110
brava__BG001.CNG_vmd_smooth,2109,2110,2111
brava__BG001.CNG_vmd_smooth,2110,2111,2112
brava__BG001.CNG_vmd_smooth,2111,2112,2113
brava__BG001.CNG_vmd_smooth,2112,2113,2114
brava__BG001.CNG_vmd_smooth,2113,2114,2115
brava__BG001.CNG_vmd_smooth,2114,2115,2116
brava__BG001.CNG_vmd_smooth,2115,2116,2117
brava__BG001.CNG_vmd_smooth,2116,2117,2118
brava__BG001.CNG_vmd_smooth,2117,2118,2119
brava__BG001.CNG_vmd_smooth,2118,2119,2120
brava__BG001.CNG_vmd_smooth,2119,2120,2121
brava__BG001.CNG_vmd_smooth,2120,2121,2122
brava__BG001.CNG_vmd_smooth,2121,2122,2123
brava__BG001.CNG_vmd_smooth,2122,2123,2124
brava__BG001.CNG_vmd_smooth,2123,2096,2125
brava__BG001.CNG_vmd_smooth,2124,2125,2126
brava__BG001.CNG_vmd_smooth,2125,2126,2127
brava__BG001.CNG_vmd_smooth,2126,2127,2128
brava__BG001.CNG_vmd_smooth,2127,2128,2129
brava__BG001.CNG_vmd_smooth,2128,2129,2130
brava__BG001.CNG_vmd_smooth,2129,2130,2131
brava__BG001.CNG_vmd_smooth,2130,2131,2132
brava__BG001.CNG_vmd_smooth,2131,2132,2133
brava__BG001.CNG_vmd_smooth,2132,2133,2134
brava__BG001.CNG_vmd_smooth,2133,2134,2135
brava__BG001.CNG_vmd_smooth,2134,2135,2136
brava__BG001.CNG_vmd_smooth,2135,2136,2137
brava__BG001.CNG_vmd_smooth,2136,2076,2138
brava__BG001.CNG_vmd_smooth,2137,2138,2139
brava__BG001.CNG_vmd_smooth,2138,2139,2140
brava__BG001.CNG_vmd_smooth,2139,2140,2141
brava__BG001.CNG_vmd_smooth,2140,2141,2142
brava__BG001.CNG_vmd_smooth,2141,2142,2143
brava__BG001.CNG_vmd_smooth,2142,2143,2144
brava__BG001.CNG_vmd_smooth,2143,2144,2145
brava__BG001.CNG_vmd_smooth,2144,2145,2146
brava__BG001.CNG_vmd_smooth,2145,2146,2147
brava__BG001.CNG_vmd_smooth,2146,2147,2148
brava__BG001.CNG_vmd_smooth,2147,2148,2149
brava__BG001.CNG_vmd_smooth,2148,2149,2150
brava__BG001.CNG_vmd_smooth,2149,2150,2151
brava__BG001.CNG_vmd_smooth,2150,2151,2152
brava__BG001.CNG_vmd_smooth,2151,2152,2153
brava__BG001.CNG_vmd_smooth,2152,2140,2154
brava__BG001.CNG_vmd_smooth,2153,2154,2155
brava__BG001.CNG_vmd_smooth,2154,2155,2156
brava__BG001.CNG_vmd_smooth,2155,2156,2157
brava__BG001.CNG_vmd_smooth,2156,2157,2158
brava__BG001.CNG_vmd_smooth,2157,2158,2159
brava__BG001.CNG_vmd_smooth,2158,2159,2160
brava__BG001.CNG_vmd_smooth,2159,2160,2161
brava__BG001.CNG_vmd_smooth,2160,2161,2162
brava__BG001.CNG_vmd_smooth,2161,2162,2163
brava__BG001.CNG_vmd_smooth,2162,2163,2164
brava__BG001.CNG_vmd_smooth,2163,2164,2165
brava__BG001.CNG_vmd_smooth,2164,2165,2166
brava__BG001.CNG_vmd_smooth,2165,2166,2167
brava__BG001.CNG_vmd_smooth,2166,2167,2168
brava__BG001.CNG_vmd_smooth,2167,2168,2169
brava__BG001.CNG_vmd_smooth,2168,2169,2170
brava__BG001.CNG_vmd_smooth,2169,2170,2171
brava__BG001.CNG_vmd_smooth,2170,2168,2172
brava__BG001.CNG_vmd_smooth,2171,2172,2173
brava__BG001.CNG_vmd_smooth,2172,2173,2174
brava__BG001.CNG_vmd_smooth,2173,2174,2175
brava__BG001.CNG_vmd_smooth,2174,2175,2176
brava__BG001.CNG_vmd_smooth,2175,2176,2177
brava__BG001.CNG_vmd_smooth,2176,2177,2178
brava__BG001.CNG_vmd_smooth,2177,2064,2179
brava__BG001.CNG_vmd_smooth,2178,2179,2180
brava__BG001.CNG_vmd_smooth,2179,2180,2181
brava__BG001.CNG_vmd_smooth,2180,2181,2182
brava__BG001.CNG_vmd_smooth,2181,2182,2183
brava__BG001.CNG_vmd_smooth,2182,2183,2184
brava__BG001.CNG_vmd_smooth,2183,2184,2185
brava__BG001.CNG_vmd_smooth,2184,2185,2186
brava__BG001.CNG_vmd_smooth,2185,2186,2187
brava__BG001.CNG_vmd_smooth,2186,2187,2188
brava__BG001.CNG_vmd_smooth,2187,2188,2189
brava__BG001.CNG_vmd_smooth,2188,2189,2190
brava__BG001.CNG_vmd_smooth,2189,2190,2191
brava__BG001.CNG_vmd_smooth,2190,2184,2192
brava__BG001.CNG_vmd_smooth,2191,2192,2193
brava__BG001.CNG_vmd_smooth,2192,2193,2194
brava__BG001.CNG_vmd_smooth,2193,2194,2195
brava__BG001.CNG_vmd_smooth,2194,2195,2196
brava__BG001.CNG_vmd_smooth,2195,2196,2197
brava__BG001.CNG_vmd_smooth,2196,2197,2198
brava__BG001.CNG_vmd_smooth,2197,2198,2199
brava__BG001.CNG_vmd_smooth,2198,2199,2200
brava__BG001.CNG_vmd_smooth,2199,2200,2201
brava__BG001.CNG_vmd_smooth,2200,2201,2202
brava__BG001.CNG_vmd_smooth,2201,2202,2203
brava__BG001.CNG_vmd_smooth,2202,2203,2204
brava__BG001.CNG_vmd_smooth,2203,2204,2205
brava__BG001.CNG_vmd_smooth,2204,2205,2206
brava__BG001.CNG_vmd_smooth,2205,2206,2207
brava__BG001.CNG_vmd_smooth,2206,2207,2208
brava__BG001.CNG_vmd_smooth,2207,2208,2209
brava__BG001.CNG_vmd_smooth,2208,2209,2210
brava__BG001.CNG_vmd_smooth,2209,2210,2211
brava__BG001.CNG_vmd_smooth,2210,2211,2212
brava__BG001.CNG_vmd_smooth,2211,2212,2213
brava__BG001.CNG_vmd_smooth,2212,2213,2214
brava__BG001.CNG_vmd_smooth,2213,2214,2215
brava__BG001.CNG_vmd_smooth,2214,2215,2216
brava__BG001.CNG_vmd_smooth,2215,2216,2217
brava__BG001.CNG_vmd_smooth,2216,2217,2218
brava__BG001.CNG_vmd_smooth,2217,2218,2219
brava__BG001.CNG_vmd_smooth,2218,2219,2220
brava__BG001.CNG_vmd_smooth,2219,2220,2221
brava__BG001.CNG_vmd_smooth,2220,2221,2222
brava__BG001.CNG_vmd_smooth,2221,2222,2223
brava__BG001.CNG_vmd_smooth,2222,2223,2224
brava__BG001.CNG_vmd_smooth,2223,2224,2225
brava__BG001.CNG_vmd_smooth,2224,2225,2226
brava__BG001.CNG_vmd_smooth,2225,2226,2227
brava__BG001.CNG_vmd_smooth,2226,2227,2228
brava__BG001.CNG_vmd_smooth,2227,2228,2229
brava__BG001.CNG_vmd_smooth,2228,2229,2230
brava__BG001.CNG_vmd_smooth,2229,2230,2231
brava__BG001.CNG_vmd_smooth,2230,2231,2232
brava__BG001.CNG_vmd_smooth,2231,2232,2233
brava__BG001.CNG_vmd_smooth,2232,2233,2234
brava__BG001.CNG_vmd_smooth,2233,2234,2235
brava__BG001.CNG_vmd_smooth,2234,2235,2236
brava__BG001.CNG_vmd_smooth,2235,2236,2237
brava__BG001.CNG_vmd_smooth,2236,2237,2238
brava__BG001.CNG_vmd_smooth,2237,2238,2239
brava__BG001.CNG_vmd_smooth,2238,2239,2240
brava__BG001.CNG_vmd_smooth,2239,2240,2241
brava__BG001.CNG_vmd_smooth,2240,2241,2242
brava__BG001.CNG_vmd_smooth,2241,2242,2243
brava__BG001.CNG_vmd_smooth,2242,2243,2244
brava__BG001.CNG_vmd_smooth,2243,2244,2245
brava__BG001.CNG_vmd_smooth,2244,2245,2246
brava__BG001.CNG_vmd_smooth,2245,2246,2247
brava__BG001.CNG_vmd_smooth,2246,2247,2248
brava__BG001.CNG_vmd_smooth,2247,2052,2249
brava__BG001.CNG_vmd_smooth,2248,2249,2250
brava__BG001.CNG_vmd_smooth,2249,2250,2251
brava__BG001.CNG_vmd_smooth,2250,2251,2252
brava__BG001.CNG_vmd_smooth,2251,2252,2253
brava__BG001.CNG_vmd_smooth,2252,2253,2254
brava__BG001.CNG_vmd_smooth,2253,2254,2255
brava__BG001.CNG_vmd_smooth,2254,2255,2256
brava__BG001.CNG_vmd_smooth,2255,2256,2257
brava__BG001.CNG_vmd_smooth,2256,2257,2258
brava__BG001.CNG_vmd_smooth,2257,2258,2259
brava__BG001.CNG_vmd_smooth,2258,2259,2260
brava__BG001.CNG_vmd_smooth,2259,2260,2261
brava__BG001.CNG_vmd_smooth,2260,2261,2262
brava__BG001.CNG_vmd_smooth,2261,2262,2263
brava__BG001.CNG_vmd_smooth,2262,2263,2264
brava__BG001.CNG_vmd_smooth,2263,2264,2265
brava__BG001.CNG_vmd_smooth,2264,2265,2266
brava__BG001.CNG_vmd_smooth,2265,2266,2267
brava__BG001.CNG_vmd_smooth,2266,2267,2268
brava__BG001.CNG_vmd_smooth,2267,2268,2269
brava__BG001.CNG_vmd_smooth,2268,2269,2270
brava__BG001.CNG_vmd_smooth,2269,2270,2271
brava__BG001.CNG_vmd_smooth,2270,2271,2272
brava__BG001.CNG_vmd_smooth,2271,2272,2273
brava__BG001.CNG_vmd_smooth,2272,2273,2274
brava__BG001.CNG_vmd_smooth,2273,2274,2275
brava__BG001.CNG_vmd_smooth,2274,2275,2276
brava__BG001.CNG_vmd_smooth,2275,2276,2277
brava__BG001.CNG_vmd_smooth,2276,2277,2278
brava__BG001.CNG_vmd_smooth,2277,2278,2279
brava__BG001.CNG_vmd_smooth,2278,2279,2280
brava__BG001.CNG_vmd_smooth,2279,2280,2281
brava__BG001.CNG_vmd_smooth,2280,2281,2282
brava__BG001.CNG_vmd_smooth,2281,2282,2283
brava__BG001.CNG_vmd_smooth,2282,2283,2284
brava__BG001.CNG_vmd_smooth,2283,2279,2285
brava__BG001.CNG_vmd_smooth,2284,2285,2286
brava__BG001.CNG_vmd_smooth,2285,2286,2287
brava__BG001.CNG_vmd_smooth,2286,2287,2288
brava__BG001.CNG_vmd_smooth,2287,2288,2289
brava__BG001.CNG_vmd_smooth,2288,2289,2290
brava__BG001.CNG_vmd_smooth,2289,2290,2291
brava__BG001.CNG_vmd_smooth,2290,2291,2292
brava__BG001.CNG_vmd_smooth,2291,2292,2293
brava__BG001.CNG_vmd_smooth,2292,2293,2294
brava__BG001.CNG_vmd_smooth,2293,2294,2295
brava__BG001.CNG_vmd_smooth,2294,2295,2296
brava__BG001.CNG_vmd_smooth,2295,2296,2297
brava__BG001.CNG_vmd_smooth,2296,2297,2298
brava__BG001.CNG_vmd_smooth,2297,2298,2299
brava__BG001.CNG_vmd_smooth,2298,2299,2300
brava__BG001.CNG_vmd_smooth,2299,2300,2301
brava__BG001.CNG_vmd_smooth,2300,2301,2302
brava__BG001.CNG_vmd_smooth,2301,2302,2303
brava__BG001.CNG_vmd_smooth,2302,2303,2304
brava__BG001.CNG_vmd_smooth,2303,2304,2305
brava__BG001.CNG_vmd_smooth,2304,2305,2306
brava__BG001.CNG_vmd_smooth,2305,2306,2307
brava__BG001.CNG_vmd_smooth,2306,2307,2308
brava__BG001.CNG_vmd_smooth,2307,2308,2309
brava__BG001.CNG_vmd_smooth,2308,2309,2310
brava__BG001.CNG_vmd_smooth,2309,2310,2311
brava__BG001.CNG_vmd_smooth,2310,2311,2312
brava__BG001.CNG_vmd_smooth,2311,2312,2313
brava__BG001.CNG_vmd_smooth,2312,2307,2314
brava__BG001.CNG_vmd_smooth,2313,2314,2315
brava__BG001.CNG_vmd_smooth,2314,2315,2316
brava__BG001.CNG_vmd_smooth,2315,2316,2317
brava__BG001.CNG_vmd_smooth,2316,2317,2318
brava__BG001.CNG_vmd_smooth,2317,2318,2319
brava__BG001.CNG_vmd_smooth,2318,2319,2320
brava__BG001.CNG_vmd_smooth,2319,2320,2321
brava__BG001.CNG_vmd_smooth,2320,2321,2322
brava__BG001.CNG_vmd_smooth,2321,2322,2323
brava__BG001.CNG_vmd_smooth,2322,2323,2324
brava__BG001.CNG_vmd_smooth,2323,2324,2325
brava__BG001.CNG_vmd_smooth,2324,2325,2326
brava__BG001.CNG_vmd_smooth,2325,2326,2327
brava__BG001.CNG_vmd_smooth,2326,2327,2328
brava__BG001.CNG_vmd_smooth,2327,2328,2329
brava__BG001.CNG_vmd_smooth,2328,2329,2330
brava__BG001.CNG_vmd_smooth,2329,2330,2331
brava__BG001.CNG_vmd_smooth,2330,2331,2332
brava__BG001.CNG_vmd_smooth,2331,2332,2333
brava__BG001.CNG_vmd_smooth,2332,2333,2334
brava__BG001.CNG_vmd_smooth,2333,2334,2335
brava__BG001.CNG_vmd_smooth,2334,2335,2336
brava__BG001.CNG_vmd_smooth,2335,2336,2337
brava__BG001.CNG_vmd_smooth,2336,2337,2338
brava__BG001.CNG_vmd_smooth,2337,2338,2339
brava__BG001.CNG_vmd_smooth,2338,2339,2340
brava__BG001.CNG_vmd_smooth,2339,2340,2341
brava__BG001.CNG_vmd_smooth,2340,2299,2342
brava__BG001.CNG_vmd_smooth,2341,2342,2343
brava__BG001.CNG_vmd_smooth,2342,2343,2344
brava__BG001.CNG_vmd_smooth,2343,2344,2345
brava__BG001.CNG_vmd_smooth,2344,2345,2346
brava__BG001.CNG_vmd_smooth,2345,2346,2347
brava__BG001.CNG_vmd_smooth,2346,2347,2348
brava__BG001.CNG_vmd_smooth,2347,2348,2349
brava__BG001.CNG_vmd_smooth,2348,2349,2350
brava__BG001.CNG_vmd_smooth,2349,2350,2351
brava__BG001.CNG_vmd_smooth,2350,2351,2352
brava__BG001.CNG_vmd_smooth,2351,2352,2353
brava__BG001.CNG_vmd_smooth,2352,2353,2354
brava__BG001.CNG_vmd_smooth,2353,2354,2355
brava__BG001.CNG_vmd_smooth,2354,2355,2356
brava__BG001.CNG_vmd_smooth,2355,2356,2357
brava__BG001.CNG_vmd_smooth,2356,2357,2358
brava__BG001.CNG_vmd_smooth,2357,2358,2359
brava__BG001.CNG_vmd_smooth,2358,2359,2360
brava__BG001.CNG_vmd_smooth,2359,2360,2361
brava__BG001.CNG_vmd_smooth,2360,2361,2362
brava__BG001.CNG_vmd_smooth,2361,2362,2363
brava__BG001.CNG_vmd_smooth,2362,2363,2364
brava__BG001.CNG_vmd_smooth,2363,2364,2365
brava__BG001.CNG_vmd_smooth,2364,2365,2366
brava__BG001.CNG_vmd_smooth,2365,2366,2367
brava__BG001.CNG_vmd_smooth,2366,2367,2368
brava__BG001.CNG_vmd_smooth,2367,2368,2369
brava__BG001.CNG_vmd_smooth,2368,2369,2370
brava__BG001.CNG_vmd_smooth,2369,2370,2371
brava__BG001.CNG_vmd_smooth,2370,2371,2372
brava__BG001.CNG_vmd_smooth,2371,2372,2373
brava__BG001.CNG_vmd_smooth,2372,2294,2374
brava__BG001.CNG_vmd_smooth,2373,2374,2375
brava__BG001.CNG_vmd_smooth,2374,2375,2376
brava__BG001.CNG_vmd_smooth,2375,2376,2377
brava__BG001.CNG_vmd_smooth,2376,2377,2378
brava__BG001.CNG_vmd_smooth,2377,2378,2379
brava__BG001.CNG_vmd_smooth,2378,2379,2380
brava__BG001.CNG_vmd_smooth,2379,2380,2381
brava__BG001.CNG_vmd_smooth,2380,1793,2382
brava__BG001.CNG_vmd_smooth,2381,2382,2383
brava__BG001.CNG_vmd_smooth,2382,2383,2384
brava__BG001.CNG_vmd_smooth,2383,2384,2385
brava__BG001.CNG_vmd_smooth,2384,2385,2386
brava__BG001.CNG_vmd_smooth,2385,2386,2387
brava__BG001.CNG_vmd_smooth,2386,2387,2388
brava__BG001.CNG_vmd_smooth,2387,2388,2389
brava__BG001.CNG_vmd_smooth,2388,2389,2390
brava__BG001.CNG_vmd_smooth,2389,2390,2391
brava__BG001.CNG_vmd_smooth,2390,2391,2392
brava__BG001.CNG_vmd_smooth,2391,2392,2393
brava__BG001.CNG_vmd_smooth,2392,2393,2394
brava__BG001.CNG_vmd_smooth,2393,2394,2395
brava__BG001.CNG_vmd_smooth,2394,2395,2396
brava__BG001.CNG_vmd_smooth,2395,2396,2397
brava__BG001.CNG_vmd_smooth,2396,2397,2398
brava__BG001.CNG_vmd_smooth,2397,2398,2399
brava__BG001.CNG_vmd_smooth,2398,2399,2400
brava__BG001.CNG_vmd_smooth,2399,2400,2401
brava__BG001.CNG_vmd_smooth,2400,2401,2402
brava__BG001.CNG_vmd_smooth,2401,2402,2403
brava__BG001.CNG_vmd_smooth,2402,2403,2404
brava__BG001.CNG_vmd_smooth,2403,2404,2405
brava__BG001.CNG_vmd_smooth,2404,2405,2406
brava__BG001.CNG_vmd_smooth,2405,2406,2407
brava__BG001.CNG_vmd_smooth,2406,2407,2408
brava__BG001.CNG_vmd_smooth,2407,2408,2409
brava__BG001.CNG_vmd_smooth,2408,2409,2410
brava__BG001.CNG_vmd_smooth,2409,2410,2411
brava__BG001.CNG_vmd_smooth,2410,2411,2412
brava__BG001.CNG_vmd_smooth,2411,2412,2413
brava__BG001.CNG_vmd_smooth,2412,2413,2414
brava__BG001.CNG_vmd_smooth,2413,2414,2415
brava__BG001.CNG_vmd_smooth,2414,2415,2416
brava__BG001.CNG_vmd_smooth,2415,2416,2417
brava__BG001.CNG_vmd_smooth,2416,2417,2418
brava__BG001.CNG_vmd_smooth,2417,2418,2419
brava__BG001.CNG_vmd_smooth,2418,2419,2420
brava__BG001.CNG_vmd_smooth,2419,2420,2421
brava__BG001.CNG_vmd_smooth,2420,2421,2422
brava__BG001.CNG_vmd_smooth,2421,2422,2423
brava__BG001.CNG_vmd_smooth,2422,2423,2424
brava__BG001.CNG_vmd_smooth,2423,2424,2425
brava__BG001.CNG_vmd_smooth,2424,2425,2426
brava__BG001.CNG_vmd_smooth,2425,2426,2427
brava__BG001.CNG_vmd_smooth,2426,2427,2428
brava__BG001.CNG_vmd_smooth,2427,2428,2429
brava__BG001.CNG_vmd_smooth,2428,2429,2430
brava__BG001.CNG_vmd_smooth,2429,2430,2431
brava__BG001.CNG_vmd_smooth,2430,2424,2432
brava__BG001.CNG_vmd_smooth,2431,2432,2433
brava__BG001.CNG_vmd_smooth,2432,2433,2434
brava__BG001.CNG_vmd_smooth,2433,2434,2435
brava__BG001.CNG_vmd_smooth,2434,2435,2436
brava__BG001.CNG_vmd_smooth,2435,2436,2437
brava__BG001.CNG_vmd_smooth,2436,2437,2438
brava__BG001.CNG_vmd_smooth,2437,2438,2439
brava__BG001.CNG_vmd_smooth,2438,2439,2440
brava__BG001.CNG_vmd_smooth,2439,2440,2441
brava__BG001.CNG_vmd_smooth,2440,2441,2442
brava__BG001.CNG_vmd_smooth,2441,2442,2443
brava__BG001.CNG_vmd_smooth,2442,2443,2444
brava__BG001.CNG_vmd_smooth,2443,2444,2445
brava__BG001.CNG_vmd_smooth,2444,2445,2446
brava__BG001.CNG_vmd_smooth,2445,2446,2447
brava__BG001.CNG_vmd_smooth,2446,2447,2448
brava__BG001.CNG_vmd_smooth,2447,2448,2449
brava__BG001.CNG_vmd_smooth,2448,2449,2450
brava__BG001.CNG_vmd_smooth,2449,2450,2451
brava__BG001.CNG_vmd_smooth,2450,2451,2452
brava__BG001.CNG_vmd_smooth,2451,2452,2453
brava__BG001.CNG_vmd_smooth,2452,2453,2454
brava__BG001.CNG_vmd_smooth,2453,2454,2455
brava__BG001.CNG_vmd_smooth,2454,2455,2456
brava__BG001.CNG_vmd_smooth,2455,2456,2457
brava__BG001.CNG_vmd_smooth,2456,2457,2458
brava__BG001.CNG_vmd_smooth,2457,2458,2459
brava__BG001.CNG_vmd_smooth,2458,2459,2460
brava__BG001.CNG_vmd_smooth,2459,2460,2461
brava__BG001.CNG_vmd_smooth,2460,2461,2462
brava__BG001.CNG_vmd_smooth,2461,2462,2463
brava__BG001.CNG_vmd_smooth,2462,2463,2464
brava__BG001.CNG_vmd_smooth,2463,2464,2465
brava__BG001.CNG_vmd_smooth,2464,2465,2466
brava__BG001.CNG_vmd_smooth,2465,2466,2467
brava__BG001.CNG_vmd_smooth,2466,2467,2468
brava__BG001.CNG_vmd_smooth,2467,2468,2469
brava__BG001.CNG_vmd_smooth,2468,2469,2470
brava__BG001.CNG_vmd_smooth,2469,2470,2471
brava__BG001.CNG_vmd_smooth,2470,2471,2472
brava__BG001.CNG_vmd_smooth,2471,2472,2473
brava__BG001.CNG_vmd_smooth,2472,2467,2474
brava__BG001.CNG_vmd_smooth,2473,2474,2475
brava__BG001.CNG_vmd_smooth,2474,2475,2476
brava__BG001.CNG_vmd_smooth,2475,2476,2477
brava__BG001.CNG_vmd_smooth,2476,2389,2478
brava__BG001.CNG_vmd_smooth,2477,2478,2479
brava__BG001.CNG_vmd_smooth,2478,2479,2480
brava__BG001.CNG_vmd_smooth,2479,2480,2481
brava__BG001.CNG_vmd_smooth,2480,2481,2482
brava__BG001.CNG_vmd_smooth,2481,2482,2483
brava__BG001.CNG_vmd_smooth,2482,2483,2484
brava__BG001.CNG_vmd_smooth,2483,2484,2485
brava__BG001.CNG_vmd_smooth,2484,2485,2486
brava__BG001.CNG_vmd_smooth,2485,2486,2487
brava__BG001.CNG_vmd_smooth,2486,2487,2488
brava__BG001.CNG_vmd_smooth,2487,2488,2489
brava__BG001.CNG_vmd_smooth,2488,2489,2490
brava__BG001.CNG_vmd_smooth,2489,2490,2491
brava__BG001.CNG_vmd_smooth,2490,2491,2492
brava__BG001.CNG_vmd_smooth,2491,2492,2493
brava__BG001.CNG_vmd_smooth,2492,2493,2494
brava__BG001.CNG_vmd_smooth,2493,2494,2495
brava__BG001.CNG_vmd_smooth,2494,2495,2496
brava__BG001.CNG_vmd_smooth,2495,2496,2497
brava__BG001.CNG_vmd_smooth,2496,2497,2498
brava__BG001.CNG_vmd_smooth,2497,2498,2499
brava__BG001.CNG_vmd_smooth,2498,2499,2500
brava__BG001.CNG_vmd_smooth,2499,2500,2501
brava__BG001.CNG_vmd_smooth,2500,2501,2502
brava__BG001.CNG_vmd_smooth,2501,2502,2503
brava__BG001.CNG_vmd_smooth,2502,2503,2504
brava__BG001.CNG_vmd_smooth,2503,2504,2505
brava__BG001.CNG_vmd_smooth,2504,2505,2506
brava__BG001.CNG_vmd_smooth,2505,2506,2507
brava__BG001.CNG_vmd_smooth,2506,2507,2508
brava__BG001.CNG_vmd_smooth,2507,2508,2509
brava__BG001.CNG_vmd_smooth,2508,2509,2510
brava__BG001.CNG_vmd_smooth,2509,2510,2511
brava__BG001.CNG_vmd_smooth,2510,2511,2512
brava__BG001.CNG_vmd_smooth,2511,2512,2513
brava__BG001.CNG_vmd_smooth,2512,2513,2514
brava__BG001.CNG_vmd_smooth,2513,2514,2515
brava__BG001.CNG_vmd_smooth,2514,2515,2516
brava__BG001.CNG_vmd_smooth,2515,2516,2517
brava__BG001.CNG_vmd_smooth,2516,2517,2518
brava__BG001.CNG_vmd_smooth,2517,1791,2519
brava__BG001.CNG_vmd_smooth,2518,2519,2520
brava__BG001.CNG_vmd_smooth,2519,2520,2521
brava__BG001.CNG_vmd_smooth,2520,2521,2522
brava__BG001.CNG_vmd_smooth,2521,2522,2523
brava__BG001.CNG_vmd_smooth,2522,2523,2524
brava__BG001.CNG_vmd_smooth,2523,2524,2525
brava__BG001.CNG_vmd_smooth,2524,2525,2526
brava__BG001.CNG_vmd_smooth,2525,2526,2527
brava__BG001.CNG_vmd_smooth,2526,2527,2528
brava__BG001.CNG_vmd_smooth,2527,2528,2529
brava__BG001.CNG_vmd_smooth,2528,2529,2530
brava__BG001.CNG_vmd_smooth,2529,2530,2531
brava__BG001.CNG_vmd_smooth,2530,2531,2532
brava__BG001.CNG_vmd_smooth,2531,2532,2533
brava__BG001.CNG_vmd_smooth,2532,2533,2534
brava__BG001.CNG_vmd_smooth,2533,2534,2535
brava__BG001.CNG_vmd_smooth,2534,2535,2536
brava__BG001.CNG_vmd_smooth,2535,2536,2537
brava__BG001.CNG_vmd_smooth,2536,2537,2538
brava__BG001.CNG_vmd_smooth,2537,2538,2539
brava__BG001.CNG_vmd_smooth,2538,2539,2540
brava__BG001.CNG_vmd_smooth,2539,2540,2541
brava__BG001.CNG_vmd_smooth,2540,2541,2542
brava__BG001.CNG_vmd_smooth,2541,2542,2543
brava__BG001.CNG_vmd_smooth,2542,2543,2544
brava__BG001.CNG_vmd_smooth,2543,2544,2545
brava__BG001.CNG_vmd_smooth,2544,2545,2546
brava__BG001.CNG_vmd_smooth,2545,2546,2547
brava__BG001.CNG_vmd_smooth,2546,2547,2548
brava__BG001.CNG_vmd_smooth,2547,2548,2549
brava__BG001.CNG_vmd_smooth,2548,2549,2550
brava__BG001.CNG_vmd_smooth,2549,2550,2551
brava__BG001.CNG_vmd_smooth,2550,2551,2552
brava__BG001.CNG_vmd_smooth,2551,2552,2553
brava__BG001.CNG_vmd_smooth,2552,2553,2554
brava__BG001.CNG_vmd_smooth,2553,2554,2555
brava__BG001.CNG_vmd_smooth,2554,2555,2556
brava__BG001.CNG_vmd_smooth,2555,2556,2557
brava__BG001.CNG_vmd_smooth,2556,2557,2558
brava__BG001.CNG_vmd_smooth,2557,2558,2559
brava__BG001.CNG_vmd_smooth,2558,2559,2560
brava__BG001.CNG_vmd_smooth,2559,2560,2561
brava__BG001.CNG_vmd_smooth,2560,2561,2562
brava__BG001.CNG_vmd_smooth,2561,2562,2563
brava__BG001.CNG_vmd_smooth,2562,2563,2564
brava__BG001.CNG_vmd_smooth,2563,2564,2565
brava__BG001.CNG_vmd_smooth,2564,2565,2566
brava__BG001.CNG_vmd_smooth,2565,2566,2567
brava__BG001.CNG_vmd_smooth,2566,2567,2568
brava__BG001.CNG_vmd_smooth,2567,2540,2569
brava__BG001.CNG_vmd_smooth,2568,2569,2570
brava__BG001.CNG_vmd_smooth,2569,2570,2571
brava__BG001.CNG_vmd_smooth,2570,2571,2572
brava__BG001.CNG_vmd_smooth,2571,2572,2573
brava__BG001.CNG_vmd_smooth,2572,2573,2574
brava__BG001.CNG_vmd_smooth,2573,2574,2575
brava__BG001.CNG_vmd_smooth,2574,2575,2576
brava__BG001.CNG_vmd_smooth,2575,2576,2577
brava__BG001.CNG_vmd_smooth,2576,2577,2578
brava__BG001.CNG_vmd_smooth,2577,2578,2579
brava__BG001.CNG_vmd_smooth,2578,2579,2580
brava__BG001.CNG_vmd_smooth,2579,1414,2581
brava__BG001.CNG_vmd_smooth,2580,2581,2582
brava__BG001.CNG_vmd_smooth,2581,2582,2583
brava__BG001.CNG_vmd_smooth,2582,2583,2584
brava__BG001.CNG_vmd_smooth,2583,2584,2585
brava__BG001.CNG_vmd_smooth,2584,2585,2586
brava__BG001.CNG_vmd_smooth,2585,2586,2587
brava__BG001.CNG_vmd_smooth,2586,2587,2588
brava__BG001.CNG_vmd_smooth,2587,2588,2589
brava__BG001.CNG_vmd_smooth,2588,2589,2590
brava__BG001.CNG_vmd_smooth,2589,2590,2591
brava__BG001.CNG_vmd_smooth,2590,2591,2592
brava__BG001.CNG_vmd_smooth,2591,2592,2593
brava__BG001.CNG_vmd_smooth,2592,2593,2594
brava__BG001.CNG_vmd_smooth,2593,2594,2595
brava__BG001.CNG_vmd_smooth,2594,2595,2596
brava__BG001.CNG_vmd_smooth,2595,2596,2597
brava__BG001.CNG_vmd_smooth,2596,2597,2598
brava__BG001.CNG_vmd_smooth,2597,2598,2599
brava__BG001.CNG_vmd_smooth,2598,2599,2600
brava__BG001.CNG_vmd_smooth,2599,2600,2601
brava__BG001.CNG_vmd_smooth,2600,2601,2602
brava__BG001.CNG_vmd_smooth,2601,2602,2603
brava__BG001.CNG_vmd_smooth,2602,2603,2604
brava__BG001.CNG_vmd_smooth,2603,2604,2605
brava__BG001.CNG_vmd_smooth,2604,2605,2606
brava__BG001.CNG_vmd_smooth,2605,2606,2607
brava__BG001.CNG_vmd_smooth,2606,2607,2608
brava__BG001.CNG_vmd_smooth,2607,2608,2609
brava__BG001.CNG_vmd_smooth,2608,2609,2610
brava__BG001.CNG_vmd_smooth,2609,2610,2611
brava__BG001.CNG_vmd_smooth,2610,2611,2612
brava__BG001.CNG_vmd_smooth,2611,2612,2613
brava__BG001.CNG_vmd_smooth,2612,2613,2614
brava__BG001.CNG_vmd_smooth,2613,2614,2615
brava__BG001.CNG_vmd_smooth,2614,2615,2616
brava__BG001.CNG_vmd_smooth,2615,2616,2617
brava__BG001.CNG_vmd_smooth,2616,2617,2618
brava__BG001.CNG_vmd_smooth,2617,2618,2619
brava__BG001.CNG_vmd_smooth,2618,2619,2620
brava__BG001.CNG_vmd_smooth,2619,2620,2621
brava__BG001.CNG_vmd_smooth,2620,2621,2622
brava__BG001.CNG_vmd_smooth,2621,2622,2623
brava__BG001.CNG_vmd_smooth,2622,2623,2624
brava__BG001.CNG_vmd_smooth,2623,2624,2625
brava__BG001.CNG_vmd_smooth,2624,2625,2626
brava__BG001.CNG_vmd_smooth,2625,2626,2627
brava__BG001.CNG_vmd_smooth,2626,2627,2628
brava__BG001.CNG_vmd_smooth,2627,2628,2629
brava__BG001.CNG_vmd_smooth,2628,2629,2630
brava__BG001.CNG_vmd_smooth,2629,2617,2631
brava__BG001.CNG_vmd_smooth,2630,2631,2632
brava__BG001.CNG_vmd_smooth,2631,2632,2633
brava__BG001.CNG_vmd_smooth,2632,2633,2634
brava__BG001.CNG_vmd_smooth,2633,2634,2635
brava__BG001.CNG_vmd_smooth,2634,2635,2636
brava__BG001.CNG_vmd_smooth,2635,2636,2637
brava__BG001.CNG_vmd_smooth,2636,2637,2638
brava__BG001.CNG_vmd_smooth,2637,2638,2639
brava__BG001.CNG_vmd_smooth,2638,2639,2640
brava__BG001.CNG_vmd_smooth,2639,2640,2641
brava__BG001.CNG_vmd_smooth,2640,2641,2642
brava__BG001.CNG_vmd_smooth,2641,2642,2643
brava__BG001.CNG_vmd_smooth,2642,2643,2644
brava__BG001.CNG_vmd_smooth,2643,2644,2645
brava__BG001.CNG_vmd_smooth,2644,2645,2646
brava__BG001.CNG_vmd_smooth,2645,2646,2647
brava__BG001.CNG_vmd_smooth,2646,2647,2648
brava__BG001.CNG_vmd_smooth,2647,2648,2649
brava__BG001.CNG_vmd_smooth,2648,2638,2650
brava__BG001.CNG_vmd_smooth,2649,2650,2651
brava__BG001.CNG_vmd_smooth,2650,2651,2652
brava__BG001.CNG_vmd_smooth,2651,2652,2653
brava__BG001.CNG_vmd_smooth,2652,2653,2654
brava__BG001.CNG_vmd_smooth,2653,2654,2655
brava__BG001.CNG_vmd_smooth,2654,2655,2656
brava__BG001.CNG_vmd_smooth,2655,2656,2657
brava__BG001.CNG_vmd_smooth,2656,2612,2658
brava__BG001.CNG_vmd_smooth,2657,2658,2659
brava__BG001.CNG_vmd_smooth,2658,2659,2660
brava__BG001.CNG_vmd_smooth,2659,2660,2661
brava__BG001.CNG_vmd_smooth,2660,2661,2662
brava__BG001.CNG_vmd_smooth,2661,2662,2663
brava__BG001.CNG_vmd_smooth,2662,2663,2664
brava__BG001.CNG_vmd_smooth,2663,2610,2665
brava__BG001.CNG_vmd_smooth,2664,2665,2666
brava__BG001.CNG_vmd_smooth,2665,2666,2667
brava__BG001.CNG_vmd_smooth,2666,2667,2668
brava__BG001.CNG_vmd_smooth,2667,2668,2669
brava__BG001.CNG_vmd_smooth,2668,2669,2670
brava__BG001.CNG_vmd_smooth,2669,2670,2671
brava__BG001.CNG_vmd_smooth,2670,2671,2672
brava__BG001.CNG_vmd_smooth,2671,2672,2673
brava__BG001.CNG_vmd_smooth,2672,2673,2674
brava__BG001.CNG_vmd_smooth,2673,2674,2675
brava__BG001.CNG_vmd_smooth,2674,2675,2676
brava__BG001.CNG_vmd_smooth,2675,2676,2677
brava__BG001.CNG_vmd_smooth,2676,2677,2678
brava__BG001.CNG_vmd_smooth,2677,2678,2679
brava__BG001.CNG_vmd_smooth,2678,2679,2680
brava__BG001.CNG_vmd_smooth,2679,2680,2681
brava__BG001.CNG_vmd_smooth,2680,2681,2682
brava__BG001.CNG_vmd_smooth,2681,2682,2683
brava__BG001.CNG_vmd_smooth,2682,2683,2684
brava__BG001.CNG_vmd_smooth,2683,2684,2685
brava__BG001.CNG_vmd_smooth,2684,2685,2686
brava__BG001.CNG_vmd_smooth,2685,2686,2687
brava__BG001.CNG_vmd_smooth,2686,2687,2688
brava__BG001.CNG_vmd_smooth,2687,2688,2689
brava__BG001.CNG_vmd_smooth,2688,2689,2690
brava__BG001.CNG_vmd_smooth,2689,2690,2691
brava__BG001.CNG_vmd_smooth,2690,2691,2692
brava__BG001.CNG_vmd_smooth,2691,2692,2693
brava__BG001.CNG_vmd_smooth,2692,2693,2694
brava__BG001.CNG_vmd_smooth,2693,2694,2695
brava__BG001.CNG_vmd_smooth,2694,2695,2696
brava__BG001.CNG_vmd_smooth,2695,2686,2697
brava__BG001.CNG_vmd_smooth,2696,2697,2698
brava__BG001.CNG_vmd_smooth,2697,2698,2699
brava__BG001.CNG_vmd_smooth,2698,2699,2700
brava__BG001.CNG_vmd_smooth,2699,2676,2701
brava__BG001.CNG_vmd_smooth,2700,2701,2702
brava__BG001.CNG_vmd_smooth,2701,2702,2703
brava__BG001.CNG_vmd_smooth,2702,2703,2704
brava__BG001.CNG_vmd_smooth,2703,2704,2705
brava__BG001.CNG_vmd_smooth,2704,2705,2706
brava__BG001.CNG_vmd_smooth,2705,2706,2707
brava__BG001.CNG_vmd_smooth,2706,2707,2708
brava__BG001.CNG_vmd_smooth,2707,2708,2709
brava__BG001.CNG_vmd_smooth,2708,2709,2710
brava__BG001.CNG_vmd_smooth,2709,2710,2711
brava__BG001.CNG_vmd_smooth,2710,2711,2712
brava__BG001.CNG_vmd_smooth,2711,2712,2713
brava__BG001.CNG_vmd_smooth,2712,2713,2714
brava__BG001.CNG_vmd_smooth,2713,2714,2715
brava__BG001.CNG_vmd_smooth,2714,2715,2716
brava__BG001.CNG_vmd_smooth,2715,2716,2717
brava__BG001.CNG_vmd_smooth,2716,2717,2718
brava__BG001.CNG_vmd_smooth,2717,2718,2719
brava__BG001.CNG_vmd_smooth,2718,2606,2720
brava__BG001.CNG_vmd_smooth,2719,2720,2721
brava__BG001.CNG_vmd_smooth,2720,2721,2722
brava__BG001.CNG_vmd_smooth,2721,2722,2723
brava__BG001.CNG_vmd_smooth,2722,2723,2724
brava__BG001.CNG_vmd_smooth,2723,2724,2725
brava__BG001.CNG_vmd_smooth,2724,2725,2726
brava__BG001.CNG_vmd_smooth,2725,2726,2727
brava__BG001.CNG_vmd_smooth,2726,2727,2728
brava__BG001.CNG_vmd_smooth,2727,2728,2729
brava__BG001.CNG_vmd_smooth,2728,2729,2730
brava__BG001.CNG_vmd_smooth,2729,2730,2731
brava__BG001.CNG_vmd_smooth,2730,2731,2732
brava__BG001.CNG_vmd_smooth,2731,2732,2733
brava__BG001.CNG_vmd_smooth,2732,2733,2734
brava__BG001.CNG_vmd_smooth,2733,2734,2735
brava__BG001.CNG_vmd_smooth,2734,2735,2736
brava__BG001.CNG_vmd_smooth,2735,2736,2737
brava__BG001.CNG_vmd_smooth,2736,2737,2738
brava__BG001.CNG_vmd_smooth,2737,2738,2739
brava__BG001.CNG_vmd_smooth,2738,2739,2740
brava__BG001.CNG_vmd_smooth,2739,2740,2741
brava__BG001.CNG_vmd_smooth,2740,2741,2742
brava__BG001.CNG_vmd_smooth,2741,2742,2743
brava__BG001.CNG_vmd_smooth,2742,2743,2744
brava__BG001.CNG_vmd_smooth,2743,2744,2745
brava__BG001.CNG_vmd_smooth,2744,2745,2746
brava__BG001.CNG_vmd_smooth,2745,2738,2747
brava__BG001.CNG_vmd_smooth,2746,2747,2748
brava__BG001.CNG_vmd_smooth,2747,2748,2749
brava__BG001.CNG_vmd_smooth,2748,2749,2750
brava__BG001.CNG_vmd_smooth,2749,2750,2751
brava__BG001.CNG_vmd_smooth,2750,2751,2752
brava__BG001.CNG_vmd_smooth,2751,2752,2753
brava__BG001.CNG_vmd_smooth,2752,2753,2754
brava__BG001.CNG_vmd_smooth,2753,2754,2755
brava__BG001.CNG_vmd_smooth,2754,2755,2756
brava__BG001.CNG_vmd_smooth,2755,2756,2757
brava__BG001.CNG_vmd_smooth,2756,2757,2758
brava__BG001.CNG_vmd_smooth,2757,2758,2759
brava__BG001.CNG_vmd_smooth,2758,2759,2760
brava__BG001.CNG_vmd_smooth,2759,2760,2761
brava__BG001.CNG_vmd_smooth,2760,2761,2762
brava__BG001.CNG_vmd_smooth,2761,2762,2763
brava__BG001.CNG_vmd_smooth,2762,2763,2764
brava__BG001.CNG_vmd_smooth,2763,2764,2765
brava__BG001.CNG_vmd_smooth,2764,2765,2766
brava__BG001.CNG_vmd_smooth,2765,2766,2767
brava__BG001.CNG_vmd_smooth,2766,2767,2768
brava__BG001.CNG_vmd_smooth,2767,2768,2769
brava__BG001.CNG_vmd_smooth,2768,2769,2770
brava__BG001.CNG_vmd_smooth,2769,2595,2771
brava__BG001.CNG_vmd_smooth,2770,2771,2772
brava__BG001.CNG_vmd_smooth,2771,2772,2773
brava__BG001.CNG_vmd_smooth,2772,2773,2774
brava__BG001.CNG_vmd_smooth,2773,2774,2775
brava__BG001.CNG_vmd_smooth,2774,2593,2776
brava__BG001.CNG_vmd_smooth,2775,2776,2777
brava__BG001.CNG_vmd_smooth,2776,2777,2778
brava__BG001.CNG_vmd_smooth,2777,2778,2779
brava__BG001.CNG_vmd_smooth,2778,2779,2780
brava__BG001.CNG_vmd_smooth,2779,2780,2781
brava__BG001.CNG_vmd_smooth,2780,2781,2782
brava__BG001.CNG_vmd_smooth,2781,2782,2783
brava__BG001.CNG_vmd_smooth,2782,2783,2784
brava__BG001.CNG_vmd_smooth,2783,2784,2785
brava__BG001.CNG_vmd_smooth,2784,2785,2786
brava__BG001.CNG_vmd_smooth,2785,2786,2787
brava__BG001.CNG_vmd_smooth,2786,2787,2788
brava__BG001.CNG_vmd_smooth,2787,2788,2789
brava__BG001.CNG_vmd_smooth,2788,2789,2790
brava__BG001.CNG_vmd_smooth,2789,2790,2791
brava__BG001.CNG_vmd_smooth,2790,2791,2792
brava__BG001.CNG_vmd_smooth,2791,2792,2793
brava__BG001.CNG_vmd_smooth,2792,2793,2794
brava__BG001.CNG_vmd_smooth,2793,2794,2795
brava__BG001.CNG_vmd_smooth,2794,2795,2796
brava__BG001.CNG_vmd_smooth,2795,2796,2797
brava__BG001.CNG_vmd_smooth,2796,2797,2798
brava__BG001.CNG_vmd_smooth,2797,2798,2799
brava__BG001.CNG_vmd_smooth,2798,2799,2800
brava__BG001.CNG_vmd_smooth,2799,2800,2801
brava__BG001.CNG_vmd_smooth,2800,2801,2802
brava__BG001.CNG_vmd_smooth,2801,2802,2803
brava__BG001.CNG_vmd_smooth,2802,2803,2804
brava__BG001.CNG_vmd_smooth,2803,2804,2805
brava__BG001.CNG_vmd_smooth,2804,2805,2806
brava__BG001.CNG_vmd_smooth,2805,2785,2807
brava__BG001.CNG_vmd_smooth,2806,2807,2808
brava__BG001.CNG_vmd_smooth,2807,2808,2809
brava__BG001.CNG_vmd_smooth,2808,2809,2810
brava__BG001.CNG_vmd_smooth,2809,2810,2811
brava__BG001.CNG_vmd_smooth,2810,2811,2812
brava__BG001.CNG_vmd_smooth,2811,2812,2813
brava__BG001.CNG_vmd_smooth,2812,2813,2814
brava__BG001.CNG_vmd_smooth,2813,2814,2815
brava__BG001.CNG_vmd_smooth,2814,2815,2816
