step,density_time_star,N,global_n_star,global_rho_star,kernel_number_mean,kernel_number_std,kernel_number_min,kernel_number_max,kernel_mass_mean,EOS_model_mean_star
200,0.00019899999999999999,4096,8.0,8.0,10.783571764826775,2.586986104945413,4.649959087371826,23.59952163696289,10.783571764826775,155283.43341350555
400,0.000399,4096,8.0,8.0,10.771758008049801,2.5790705151863675,4.6487202644348145,23.525001525878906,10.771758008049801,155113.31531591713
600,0.0005989999999999999,4096,8.0,8.0,10.758736529853195,2.5706180163903203,4.6476216316223145,23.45343017578125,10.758736529853195,154925.806029886
800,0.000799,4096,8.0,8.0,10.745129710529,2.5617634164225445,4.646032810211182,23.373435974121094,10.745129710529,154729.8678316176
1000,0.0009989999999999999,4096,8.0,8.0,10.731162942713127,2.5528452282769476,4.64456844329834,23.301965713500977,10.731162942713127,154528.74637506902
1200,0.001199,4096,8.0,8.0,10.717023384408094,2.5439474057251705,4.644702434539795,23.234294891357422,10.717023384408094,154325.13673547655
1400,0.0013989999999999999,4096,8.0,8.0,10.702903193887323,2.5351485228299646,4.642773628234863,23.15831756591797,10.702903193887323,154121.80599197745
1600,0.001599,4096,8.0,8.0,10.688611629186198,2.5263023366613337,4.642544746398926,23.082462310791016,10.688611629186198,153916.00746028125
1800,0.0017989999999999998,4096,8.0,8.0,10.674289871240035,2.5173746375656436,4.642284393310547,23.014806747436523,10.674289871240035,153709.7741458565
2000,0.001999,4096,8.0,8.0,10.659919742378406,2.508389483015685,4.642517566680908,22.94078826904297,10.659919742378406,153502.84429024905
2200,0.002199,4096,8.0,8.0,10.645619482849725,2.499517668476355,4.642115592956543,22.865808486938477,10.645619482849725,153296.92055303603
2400,0.002399,4096,8.0,8.0,10.631439067423344,2.4907087592224597,4.641273498535156,22.79290199279785,10.631439067423344,153092.72257089615
2600,0.0025989999999999997,4096,8.0,8.0,10.617252154857852,2.4818076050267184,4.640038967132568,22.72074317932129,10.617252154857852,152888.43102995306
2800,0.002799,4096,8.0,8.0,10.603147166548297,2.4730399126119327,4.638653755187988,22.651771545410156,10.603147166548297,152685.31919829547
3000,0.002999,4096,8.0,8.0,10.589203586103395,2.46434185565964,4.6375579833984375,22.577030181884766,10.589203586103395,152484.53163988888
3200,0.003199,4096,8.0,8.0,10.575218613259494,2.4556529618195544,4.636832237243652,22.50532341003418,10.575218613259494,152283.14803093672
3400,0.0033989999999999997,4096,8.0,8.0,10.561404980253428,2.4471711456117045,4.634450435638428,22.430561065673828,10.561404980253428,152084.23171564937
3600,0.0035989999999999998,4096,8.0,8.0,10.547628886881284,2.438595880120784,4.634710311889648,22.360103607177734,10.547628886881284,151885.8559710905
3800,0.003799,4096,8.0,8.0,10.533946452429518,2.430024880942561,4.634392261505127,22.286479949951172,10.533946452429518,151688.82891498506
4000,0.003999,4096,8.0,8.0,10.52030558977276,2.4214348359303814,4.635005474090576,22.219554901123047,10.52030558977276,151492.40049272776
4200,0.004199,4096,8.0,8.0,10.506770603824407,2.4130417999813574,4.635507106781006,22.14965057373047,10.506770603824407,151297.49669507146
4400,0.004399,4096,8.0,8.0,10.493393264245242,2.4047071160273004,4.637618064880371,22.080236434936523,10.493393264245242,151104.86300513148
4600,0.004599,4096,8.0,8.0,10.480093177873641,2.3963887918739926,4.637014865875244,22.012453079223633,10.480093177873641,150913.34176138043
4800,0.0047989999999999994,4096,8.0,8.0,10.466999013558961,2.388186222539365,4.639036655426025,21.949485778808594,10.466999013558961,150724.78579524904
5000,0.004999,4096,8.0,8.0,10.453948852489702,2.3798989843327742,4.639699459075928,21.88934898376465,10.453948852489702,150536.86347585171
5200,0.005199,4096,8.0,8.0,10.440977430902421,2.371771539196933,4.640441417694092,21.823265075683594,10.440977430902421,150350.07500499487
5400,0.005399,4096,8.0,8.0,10.428109429194592,2.3637768428844406,4.641225814819336,21.755016326904297,10.428109429194592,150164.77578040212
5600,0.005599,4096,8.0,8.0,10.415297910105437,2.3556745946615916,4.6424031257629395,21.69041633605957,10.415297910105437,149980.2899055183
5800,0.0057989999999999995,4096,8.0,8.0,10.402546795317903,2.3475536570913302,4.644282817840576,21.62371063232422,10.402546795317903,149796.6738525778
6000,0.005999,4096,8.0,8.0,10.38985304045491,2.339406441157687,4.646132946014404,21.557958602905273,10.38985304045491,149613.8837825507
6200,0.006199,4096,8.0,8.0,10.377255284111015,2.3314639194471285,4.647406578063965,21.49410057067871,10.377255284111015,149432.47609119862
6400,0.006398999999999999,4096,8.0,8.0,10.364861493231729,2.32365916228364,4.648594856262207,21.432140350341797,10.364861493231729,149254.0055025369
6600,0.006599,4096,8.0,8.0,10.352475918829441,2.3157767405643335,4.650083065032959,21.367136001586914,10.352475918829441,149075.65323114395
6800,0.0067989999999999995,4096,8.0,8.0,10.340153145953082,2.307916402782256,4.650769233703613,21.302513122558594,10.340153145953082,148898.20530172437
7000,0.006999,4096,8.0,8.0,10.328059686231427,2.3003141320248943,4.654160022735596,21.241649627685547,10.328059686231427,148724.05948173255
7200,0.007199,4096,8.0,8.0,10.315998223260976,2.2926515784096946,4.655460834503174,21.18087387084961,10.315998223260976,148550.37441495806
7400,0.007398999999999999,4096,8.0,8.0,10.304071565740742,2.2850257748179517,4.6572041511535645,21.112699508666992,10.304071565740742,148378.63054666668
7600,0.007599,4096,8.0,8.0,10.29224587266799,2.2774214638812604,4.6583991050720215,21.050594329833984,10.29224587266799,148208.34056641906
7800,0.0077989999999999995,4096,8.0,8.0,10.280446353601292,2.2697754516172597,4.661215782165527,20.987775802612305,10.280446353601292,148038.4274918586
8000,0.007999,4096,8.0,8.0,10.268701277091168,2.26208491795322,4.663727283477783,20.922767639160156,10.268701277091168,147869.29839011282
8200,0.008199,4096,8.0,8.0,10.257130127516575,2.254580418690262,4.666046619415283,20.857194900512695,10.257130127516575,147702.67383623868
8400,0.008399,4096,8.0,8.0,10.245669731637463,2.2471874407695647,4.666848659515381,20.80047035217285,10.245669731637463,147537.64413557947
8600,0.008598999999999999,4096,8.0,8.0,10.234323874930851,2.2398320070681534,4.668163776397705,20.742937088012695,10.234323874930851,147374.26379900426
8800,0.008799,4096,8.0,8.0,10.223043501377106,2.2325179555280767,4.670205116271973,20.684354782104492,10.223043501377106,147211.82641983032
9000,0.008999,4096,8.0,8.0,10.21185443282593,2.225236107860772,4.673603534698486,20.62519073486328,10.21185443282593,147050.7038326934
9200,0.009198999999999999,4096,8.0,8.0,10.200620441581123,2.217860382264387,4.677794933319092,20.559673309326172,10.200620441581123,146888.93435876817
9400,0.009399,4096,8.0,8.0,10.189500529319048,2.2105636619714177,4.68212890625,20.494230270385742,10.189500529319048,146728.8076221943
9600,0.009599,4096,8.0,8.0,10.1785698850872,2.2033240243575634,4.686448097229004,20.430465698242188,10.1785698850872,146571.40634525567
9800,0.009799,4096,8.0,8.0,10.167683121864684,2.1961504167292376,4.6892409324646,20.36907196044922,10.167683121864684,146414.63695485145
10000,0.009999,4096,8.0,8.0,10.156924117240123,2.188918753312157,4.693609714508057,20.297542572021484,10.156924117240123,146259.70728825778
10200,0.010199,4096,8.0,8.0,10.146350939874537,2.1819514532977924,4.698663711547852,20.234506607055664,10.146350939874537,146107.45353419334
10400,0.010399,4096,8.0,8.0,10.135827559395693,2.1750540728415038,4.701998233795166,20.173696517944336,10.135827559395693,145955.91685529798
10600,0.010598999999999999,4096,8.0,8.0,10.125315176090226,2.1680892204375035,4.706753253936768,20.115659713745117,10.125315176090226,145804.53853569925
10800,0.010799,4096,8.0,8.0,10.114924007211812,2.1611825036289445,4.708393096923828,20.053482055664062,10.114924007211812,145654.9057038501
11000,0.010999,4096,8.0,8.0,10.104491350823082,2.1541743173927363,4.712303638458252,19.991018295288086,10.104491350823082,145504.67545185238
11200,0.011198999999999999,4096,8.0,8.0,10.094175975304097,2.1472424766017832,4.716118335723877,19.936622619628906,10.094175975304097,145356.134044379
11400,0.011399,4096,8.0,8.0,10.084006339195184,2.1404441023106218,4.722203731536865,19.88257598876953,10.084006339195184,145209.69128441066
11600,0.011599,4096,8.0,8.0,10.073962608585134,2.1338227234792435,4.728341579437256,19.835975646972656,10.073962608585134,145065.06156362593
11800,0.011798999999999999,4096,8.0,8.0,10.063908843440004,2.127118241005757,4.732768535614014,19.785297393798828,10.063908843440004,144920.28734553605
12000,0.011999,4096,8.0,8.0,10.053975454065949,2.1203882180819345,4.737613201141357,19.734317779541016,10.053975454065949,144777.24653854966
12200,0.012199,4096,8.0,8.0,10.043959327973425,2.1135482275659743,4.743043899536133,19.672225952148438,10.043959327973425,144633.01432281733
12400,0.012399,4096,8.0,8.0,10.034148411476053,2.1069591162991563,4.747818470001221,19.62067985534668,10.034148411476053,144491.73712525517
12600,0.012598999999999999,4096,8.0,8.0,10.024396031047218,2.1003239845762764,4.752323627471924,19.565994262695312,10.024396031047218,144351.30284707993
12800,0.012799,4096,8.0,8.0,10.014788576983847,2.0937580339245883,4.7569355964660645,19.51169204711914,10.014788576983847,144212.9555085674
13000,0.012999,4096,8.0,8.0,10.005302386707626,2.0872404158668867,4.7616286277771,19.45574951171875,10.005302386707626,144076.35436858982
13200,0.013198999999999999,4096,8.0,8.0,9.995801580720581,2.08078758457519,4.767256259918213,19.40087890625,9.995801580720581,143939.54276237637
13400,0.013399,4096,8.0,8.0,9.986395804211497,2.074255481408419,4.773273944854736,19.344383239746094,9.986395804211497,143804.09958064556
13600,0.013599,4096,8.0,8.0,9.977084969752468,2.0679377729581025,4.778498649597168,19.294750213623047,9.977084969752468,143670.02356443554
13800,0.013798999999999999,4096,8.0,8.0,9.967797501944005,2.061528792988313,4.783867359161377,19.24077033996582,9.967797501944005,143536.28402799368
14000,0.013999,4096,8.0,8.0,9.958591293194331,2.0552425469729805,4.788383960723877,19.19086265563965,9.958591293194331,143403.71462199837
14200,0.014199,4096,8.0,8.0,9.949470026185736,2.0490274619749256,4.794975757598877,19.139562606811523,9.949470026185736,143272.3683770746
14400,0.014398999999999999,4096,8.0,8.0,9.940374508034438,2.0427996680343985,4.8019185066223145,19.090625762939453,9.940374508034438,143141.3929156959
14600,0.014598999999999999,4096,8.0,8.0,9.931378861307167,2.0366100646702137,4.80843448638916,19.043067932128906,9.931378861307167,143011.8556028232
14800,0.014799,4096,8.0,8.0,9.922517845523544,2.030472059930853,4.814747333526611,18.99504852294922,9.922517845523544,142884.25697553903
15000,0.014999,4096,8.0,8.0,9.913653991534375,2.0243160875699022,4.819389820098877,18.94732666015625,9.913653991534375,142756.617478095
15200,0.015198999999999999,4096,8.0,8.0,9.904844837612472,2.0181162982150664,4.825266361236572,18.89864730834961,9.904844837612472,142629.7656616196
15400,0.015399,4096,8.0,8.0,9.89617568522226,2.0120185876489183,4.831027507781982,18.85354232788086,9.89617568522226,142504.92986720055
15600,0.015599,4096,8.0,8.0,9.887593284016475,2.005974473028747,4.836182117462158,18.805622100830078,9.887593284016475,142381.34328983724
15800,0.015799,4096,8.0,8.0,9.879028657684103,1.9998663179515557,4.840970516204834,18.759830474853516,9.879028657684103,142258.01267065108
16000,0.015999,4096,8.0,8.0,9.870553657412529,1.9938666492999373,4.846524715423584,18.71240997314453,9.870553657412529,142135.97266674042
16200,0.016198999999999998,4096,8.0,8.0,9.862057962920517,1.9878455493016807,4.85090446472168,18.663732528686523,9.862057962920517,142013.63466605544
16400,0.016399,4096,8.0,8.0,9.853672133176588,1.9818906844726079,4.855245590209961,18.62203025817871,9.853672133176588,141892.87871774286
16600,0.016599,4096,8.0,8.0,9.845323108369485,1.975993763200442,4.860538959503174,18.57996368408203,9.845323108369485,141772.65276052058
16800,0.016798999999999998,4096,8.0,8.0,9.837057326105423,1.9701431867094854,4.8658952713012695,18.5341739654541,9.837057326105423,141653.6254959181
17000,0.016999,4096,8.0,8.0,9.828937129233964,1.9643840965726551,4.870591163635254,18.488479614257812,9.828937129233964,141536.69466096908
17200,0.017199,4096,8.0,8.0,9.82080880808644,1.9586329115349794,4.877037525177002,18.441871643066406,9.82080880808644,141419.64683644474
17400,0.017398999999999998,4096,8.0,8.0,9.812743393005803,1.9528752093064545,4.883388996124268,18.395912170410156,9.812743393005803,141303.50485928357
17600,0.017599,4096,8.0,8.0,9.804793178569525,1.9472587066239262,4.888865947723389,18.34738540649414,9.804793178569525,141189.02177140117
17800,0.017799,4096,8.0,8.0,9.796864528558217,1.9415792891562005,4.894537448883057,18.299346923828125,9.796864528558217,141074.84921123832
18000,0.017998999999999998,4096,8.0,8.0,9.788966738502495,1.9359636228114925,4.900542259216309,18.256004333496094,9.788966738502495,140961.12103443593
18200,0.018199,4096,8.0,8.0,9.781111668678932,1.9302424240710365,4.906959056854248,18.210405349731445,9.781111668678932,140848.00802897662
18400,0.018399,4096,8.0,8.0,9.773312828387134,1.9246528053051317,4.914013385772705,18.170459747314453,9.773312828387134,140735.70472877473
18600,0.018598999999999997,4096,8.0,8.0,9.765597245190293,1.9190639714911433,4.921050071716309,18.123180389404297,9.765597245190293,140624.6003307402
18800,0.018799,4096,8.0,8.0,9.757923711673357,1.9134986807921561,4.926229953765869,18.07076072692871,9.757923711673357,140514.10144809633
19000,0.018999,4096,8.0,8.0,9.750367468805052,1.907996123259133,4.932170391082764,18.025848388671875,9.750367468805052,140405.29155079275
19200,0.019199,4096,8.0,8.0,9.742891161702573,1.9025662055826396,4.937282562255859,17.982332229614258,9.742891161702573,140297.63272851706
19400,0.019399,4096,8.0,8.0,9.735426508588716,1.897169256416784,4.942598342895508,17.937999725341797,9.735426508588716,140190.14172367752
19600,0.019599,4096,8.0,8.0,9.727972925174981,1.8917103864349263,4.947829246520996,17.891231536865234,9.727972925174981,140082.81012251973
19800,0.019799,4096,8.0,8.0,9.720535660162568,1.8862468678202187,4.954929351806641,17.848207473754883,9.720535660162568,139975.71350634098
20000,0.019999,4096,8.0,8.0,9.713267259299755,1.88094718524642,4.963289260864258,17.805089950561523,9.713267259299755,139871.04853391647
20200,0.020198999999999998,4096,8.0,8.0,9.70601690118201,1.8756456988585584,4.970818042755127,17.759828567504883,9.70601690118201,139766.64337702096
20400,0.020399,4096,8.0,8.0,9.69883721403312,1.8703942380519145,4.976861476898193,17.715538024902344,9.69883721403312,139663.25588207692
20600,0.020599,4096,8.0,8.0,9.691709002829157,1.865127228138674,4.982373237609863,17.678131103515625,9.691709002829157,139560.60964073986
20800,0.020798999999999998,4096,8.0,8.0,9.684679227299057,1.8599008492058486,4.987496852874756,17.647083282470703,9.684679227299057,139459.38087310642
21000,0.020999,4096,8.0,8.0,9.677601889241487,1.8546114062939023,4.994307518005371,17.609237670898438,9.677601889241487,139357.4672050774
21200,0.021199,4096,8.0,8.0,9.670584912528284,1.8493847649243091,5.001382350921631,17.568998336791992,9.670584912528284,139256.4227404073
21400,0.021398999999999998,4096,8.0,8.0,9.663631123723462,1.8442469881601613,5.007946968078613,17.529186248779297,9.663631123723462,139156.28818161786
21600,0.021599,4096,8.0,8.0,9.6566535216989,1.8389414945303013,5.01406717300415,17.48949432373047,9.6566535216989,139055.81071246415
21800,0.021799,4096,8.0,8.0,9.649751906399615,1.8337973188174548,5.019520282745361,17.453662872314453,9.649751906399615,138956.42745215446
22000,0.021998999999999998,4096,8.0,8.0,9.642875258228742,1.8286718245468099,5.025338172912598,17.416587829589844,9.642875258228742,138857.40371849388
22200,0.022199,4096,8.0,8.0,9.636157052940689,1.8236449952766547,5.031247615814209,17.379257202148438,9.636157052940689,138760.66156234592
22400,0.022399,4096,8.0,8.0,9.629449495812878,1.8185612488919831,5.036231994628906,17.342845916748047,9.629449495812878,138664.07273970544
22600,0.022598999999999998,4096,8.0,8.0,9.622796381707303,1.8134737832296701,5.041803359985352,17.304771423339844,9.622796381707303,138568.26789658517
22800,0.022799,4096,8.0,8.0,9.61621493822895,1.8084924735729984,5.048404693603516,17.273784637451172,9.61621493822895,138473.49511049688
23000,0.022999,4096,8.0,8.0,9.609608713304624,1.8034974707671607,5.054620265960693,17.240577697753906,9.609608713304624,138378.36547158659
23200,0.023198999999999997,4096,8.0,8.0,9.603078209911473,1.798547657141435,5.061010837554932,17.20879554748535,9.603078209911473,138284.3262227252
23400,0.023399,4096,8.0,8.0,9.596630990621634,1.793599071961048,5.068123817443848,17.17808723449707,9.596630990621634,138191.48626495153
23600,0.023599,4096,8.0,8.0,9.590238737058826,1.788747236273071,5.073552131652832,17.151676177978516,9.590238737058826,138099.4378136471
23800,0.023798999999999997,4096,8.0,8.0,9.58387361408677,1.7838459930783248,5.076237678527832,17.12030601501465,9.58387361408677,138007.78004284948
24000,0.023999,4096,8.0,8.0,9.577584629994817,1.7789447597653498,5.079451560974121,17.0947265625,9.577584629994817,137917.21867192537
24200,0.024199,4096,8.0,8.0,9.571339828311466,1.7741582054284735,5.08461856842041,17.063241958618164,9.571339828311466,137827.2935276851
24400,0.024399,4096,8.0,8.0,9.56516901415307,1.76935335978399,5.089860439300537,17.03428077697754,9.56516901415307,137738.43380380422
24600,0.024599,4096,8.0,8.0,9.558953901519999,1.764550507761707,5.096378326416016,16.99930191040039,9.558953901519999,137648.93618188798
24800,0.024798999999999998,4096,8.0,8.0,9.552827349863946,1.7597777011413498,5.102161884307861,16.96879768371582,9.552827349863946,137560.71383804083
25000,0.024999,4096,8.0,8.0,9.546697392011993,1.7549468670624149,5.108208656311035,16.936811447143555,9.546697392011993,137472.4424449727
25200,0.025199,4096,8.0,8.0,9.540624616551213,1.750181744442953,5.1133317947387695,16.903173446655273,9.540624616551213,137384.99447833747
25400,0.025398999999999998,4096,8.0,8.0,9.53457470529247,1.7453981431409278,5.1200361251831055,16.868610382080078,9.53457470529247,137297.87575621158
25600,0.025599,4096,8.0,8.0,9.528604157851078,1.7407525785079683,5.1268839836120605,16.847105026245117,9.528604157851078,137211.89987305552
25800,0.025799,4096,8.0,8.0,9.522633039625362,1.7361243875751435,5.133086681365967,16.813968658447266,9.522633039625362,137125.9157706052
26000,0.025998999999999998,4096,8.0,8.0,9.516805710620247,1.731581446194214,5.139405727386475,16.778623580932617,9.516805710620247,137042.00223293155
26200,0.026199,4096,8.0,8.0,9.510969617287628,1.7269805978487824,5.145472526550293,16.7475643157959,9.510969617287628,136957.96248894185
26400,0.026399,4096,8.0,8.0,9.505103194853291,1.7223024877869169,5.1511359214782715,16.719783782958984,9.505103194853291,136873.4860058874
26600,0.026598999999999998,4096,8.0,8.0,9.499346244032495,1.7177343446788387,5.155389308929443,16.692344665527344,9.499346244032495,136790.58591406792
26800,0.026799,4096,8.0,8.0,9.493588616955094,1.7131153930452012,5.158134937286377,16.659809112548828,9.493588616955094,136707.67608415335
27000,0.026999,4096,8.0,8.0,9.487891332712024,1.7085591458598621,5.163482189178467,16.629547119140625,9.487891332712024,136625.63519105315
27200,0.027198999999999997,4096,8.0,8.0,9.48220603785012,1.7039517366850343,5.169579029083252,16.6024169921875,9.48220603785012,136543.76694504172
27400,0.027399,4096,8.0,8.0,9.476631929748692,1.699431051174214,5.175687313079834,16.56833267211914,9.476631929748692,136463.49978838116
27600,0.027599,4096,8.0,8.0,9.471074966248125,1.694983984697144,5.179903507232666,16.540576934814453,9.471074966248125,136383.479513973
27800,0.027798999999999997,4096,8.0,8.0,9.465597784728743,1.6906089641688828,5.185004234313965,16.510879516601562,9.465597784728743,136304.6081000939
28000,0.027999,4096,8.0,8.0,9.460102125885896,1.6861747144371313,5.191247940063477,16.485246658325195,9.460102125885896,136225.4706127569
28200,0.028199,4096,8.0,8.0,9.45461299479939,1.6817863259575478,5.198430061340332,16.459796905517578,9.45461299479939,136146.42712511122
28400,0.028398999999999997,4096,8.0,8.0,9.449187278398313,1.6773698848729601,5.203502655029297,16.42954444885254,9.449187278398313,136068.2968089357
28600,0.028599,4096,8.0,8.0,9.443868235684931,1.673100633307603,5.2096476554870605,16.404552459716797,9.443868235684931,135991.702593863
28800,0.028798999999999998,4096,8.0,8.0,9.438536642934196,1.6687847046389623,5.217288970947266,16.37579917907715,9.438536642934196,135914.92765825242
29000,0.028998999999999997,4096,8.0,8.0,9.43325468886178,1.6645178787385226,5.22324275970459,16.353483200073242,9.43325468886178,135838.86751960963
29200,0.029199,4096,8.0,8.0,9.427949206670746,1.6601980599036494,5.227885723114014,16.325340270996094,9.427949206670746,135762.46857605875
29400,0.029398999999999998,4096,8.0,8.0,9.422720162780024,1.6559727601570593,5.233487129211426,16.296903610229492,9.422720162780024,135687.17034403235
29600,0.029599,4096,8.0,8.0,9.417513091349974,1.6517441770669863,5.2385053634643555,16.26691436767578,9.417513091349974,135612.18851543963
29800,0.029799,4096,8.0,8.0,9.412368787452579,1.6475045864606497,5.243074417114258,16.233301162719727,9.412368787452579,135538.11053931713
30000,0.029998999999999998,4096,8.0,8.0,9.407255169237033,1.6432925392237008,5.248999118804932,16.20404052734375,9.407255169237033,135464.47443701327
30200,0.030199,4096,8.0,8.0,9.402125497348607,1.6390830878688136,5.2540483474731445,16.17070770263672,9.402125497348607,135390.60716181993
30400,0.030399,4096,8.0,8.0,9.397083944757469,1.6348752389725691,5.259295463562012,16.146434783935547,9.397083944757469,135318.00880450755
30600,0.030598999999999998,4096,8.0,8.0,9.392018412123434,1.6306922630602583,5.265809535980225,16.12250518798828,9.392018412123434,135245.06513457745
30800,0.030799,4096,8.0,8.0,9.38707918615546,1.6265970259764961,5.273569583892822,16.094091415405273,9.38707918615546,135173.94028063864
31000,0.030999,4096,8.0,8.0,9.382096599088982,1.6224204644594329,5.279570579528809,16.066314697265625,9.382096599088982,135102.19102688134
31200,0.031198999999999998,4096,8.0,8.0,9.377161732059903,1.6182750304583313,5.2849531173706055,16.03435516357422,9.377161732059903,135031.1289416626
31400,0.031398999999999996,4096,8.0,8.0,9.372235975577496,1.6141359979024246,5.290613651275635,16.009536743164062,9.372235975577496,134960.19804831594
31600,0.031598999999999995,4096,8.0,8.0,9.3673271976877,1.6099813630550446,5.2969584465026855,15.986197471618652,9.3673271976877,134889.5116467029
31800,0.031799,4096,8.0,8.0,9.362488644081168,1.6058972288570907,5.303181171417236,15.966425895690918,9.362488644081168,134819.83647476882
32000,0.031999,4096,8.0,8.0,9.357661249116063,1.6018558882979639,5.309396743774414,15.94207763671875,9.357661249116063,134750.3219872713
32200,0.032199,4096,8.0,8.0,9.352893073228188,1.597862571958098,5.316697597503662,15.917389869689941,9.352893073228188,134681.6602544859
32400,0.032399,4096,8.0,8.0,9.348117146757431,1.593882769707554,5.323329925537109,15.893909454345703,9.348117146757431,134612.886913307
32600,0.032598999999999996,4096,8.0,8.0,9.343442040961236,1.5899698940677753,5.329726219177246,15.868651390075684,9.343442040961236,134545.5653898418
32800,0.032799,4096,8.0,8.0,9.338812416652218,1.586063033966559,5.336888313293457,15.843119621276855,9.338812416652218,134478.89879979193
33000,0.032999,4096,8.0,8.0,9.334170614252798,1.582038673580924,5.3425822257995605,15.817028999328613,9.334170614252798,134412.0568452403
33200,0.033199,4096,8.0,8.0,9.32961456826888,1.5781841548935482,5.348845481872559,15.793970108032227,9.32961456826888,134346.44978307188
33400,0.033399,4096,8.0,8.0,9.325049587409012,1.5743252285203648,5.356464385986328,15.771867752075195,9.325049587409012,134280.71405868977
33600,0.033599,4096,8.0,8.0,9.32049935113173,1.570416024644527,5.362473487854004,15.746755599975586,9.32049935113173,134215.1906562969
33800,0.033798999999999996,4096,8.0,8.0,9.31597474089358,1.5665396191044956,5.368027687072754,15.722776412963867,9.31597474089358,134150.03626886755
34000,0.033999,4096,8.0,8.0,9.31149995943997,1.562679761319815,5.372562408447266,15.691709518432617,9.31149995943997,134085.59941593558
34200,0.034199,4096,8.0,8.0,9.307015883619897,1.5588391317951982,5.380275726318359,15.661409378051758,9.307015883619897,134021.02872412652
34400,0.034399,4096,8.0,8.0,9.302604524651542,1.5550630681452502,5.38685417175293,15.63056755065918,9.302604524651542,133957.5051549822
34600,0.034599,4096,8.0,8.0,9.298184608342126,1.5512492422625124,5.392133712768555,15.606337547302246,9.298184608342126,133893.85836012661
34800,0.034799,4096,8.0,8.0,9.293814898119308,1.5474135452125417,5.398617744445801,15.580216407775879,9.293814898119308,133830.93453291804
35000,0.034998999999999995,4096,8.0,8.0,9.289499719627202,1.5436488717919319,5.404487609863281,15.55741024017334,9.289499719627202,133768.7959626317
35200,0.035199,4096,8.0,8.0,9.285193116520531,1.5399438890224235,5.408990383148193,15.53042984008789,9.285193116520531,133706.78087789565
35400,0.035399,4096,8.0,8.0,9.280915959272534,1.5362811989666114,5.414308547973633,15.50799560546875,9.280915959272534,133645.18981352448
35600,0.035599,4096,8.0,8.0,9.276757717481814,1.5327011389184086,5.418306827545166,15.486516952514648,9.276757717481814,133585.31113173813
35800,0.035799,4096,8.0,8.0,9.272573190974072,1.529058655174748,5.421982288360596,15.465631484985352,9.272573190974072,133525.05395002663
36000,0.035998999999999996,4096,8.0,8.0,9.268338204245083,1.5253767327933991,5.426486015319824,15.439958572387695,9.268338204245083,133464.0701411292
36200,0.036198999999999995,4096,8.0,8.0,9.264087964780629,1.521611184255264,5.431524276733398,15.414899826049805,9.264087964780629,133402.86669284105
36400,0.036399,4096,8.0,8.0,9.259958795271814,1.5180150488379165,5.435757160186768,15.39311695098877,9.259958795271814,133343.40665191412
36600,0.036599,4096,8.0,8.0,9.2558301523095,1.5143888770884746,5.442406177520752,15.366451263427734,9.2558301523095,133283.9541932568
36800,0.036799,4096,8.0,8.0,9.251714842976071,1.510734402423563,5.449365139007568,15.336889266967773,9.251714842976071,133224.69373885542
37000,0.036999,4096,8.0,8.0,9.2476421414176,1.5071356461944472,5.455130577087402,15.31109619140625,9.2476421414176,133166.04683641344
37200,0.037198999999999996,4096,8.0,8.0,9.243602678063326,1.5036214502100718,5.460255146026611,15.285612106323242,9.243602678063326,133107.8785641119
37400,0.037399,4096,8.0,8.0,9.239611083525233,1.5000595067860478,5.466729640960693,15.260223388671875,9.239611083525233,133050.39960276335
37600,0.037599,4096,8.0,8.0,9.235623430577107,1.4965143038840507,5.472646236419678,15.238147735595703,9.235623430577107,132992.97740031034
37800,0.037799,4096,8.0,8.0,9.231632471666671,1.4928612254524798,5.4776482582092285,15.210253715515137,9.231632471666671,132935.50759200007
38000,0.037999,4096,8.0,8.0,9.227654061862268,1.4892731750646127,5.4828314781188965,15.184977531433105,9.227654061862268,132878.21849081665
38200,0.038199,4096,8.0,8.0,9.22370566171594,1.4856752389158665,5.490168571472168,15.162229537963867,9.22370566171594,132821.36152870953
38400,0.038398999999999996,4096,8.0,8.0,9.219826289103366,1.4821386358540098,5.495936870574951,15.139602661132812,9.219826289103366,132765.49856308848
38600,0.038599,4096,8.0,8.0,9.215945572126657,1.4785778049731457,5.500924587249756,15.115489959716797,9.215945572126657,132709.61623862386
38800,0.038799,4096,8.0,8.0,9.212085668346845,1.4750481428490925,5.507486343383789,15.095198631286621,9.212085668346845,132654.03362419456
39000,0.038999,4096,8.0,8.0,9.20826619071886,1.4715644496409264,5.514102458953857,15.07778263092041,9.20826619071886,132599.03314635158
39200,0.039199,4096,8.0,8.0,9.204464582027867,1.4680846655739628,5.5199360847473145,15.059344291687012,9.204464582027867,132544.2899812013
39400,0.039398999999999997,4096,8.0,8.0,9.200684363837354,1.4646622410278922,5.525950908660889,15.041210174560547,9.200684363837354,132489.8548392579
39600,0.039598999999999995,4096,8.0,8.0,9.19693539221771,1.4612141735104367,5.5318403244018555,15.020120620727539,9.19693539221771,132435.86964793503
39800,0.039799,4096,8.0,8.0,9.193185725831427,1.4578019458503608,5.539317607879639,15.000264167785645,9.193185725831427,132381.87445197254
40000,0.039999,4096,8.0,8.0,9.18948489567265,1.4544088543446847,5.5457916259765625,14.976611137390137,9.18948489567265,132328.58249768615
40200,0.040199,4096,8.0,8.0,9.185775211895816,1.4510347597350723,5.5513153076171875,14.957402229309082,9.185775211895816,132275.16305129975
40400,0.040399,4096,8.0,8.0,9.182059311191551,1.4476273439220246,5.55737829208374,14.929831504821777,9.182059311191551,132221.65408115834
40600,0.040598999999999996,4096,8.0,8.0,9.17837559315376,1.444251075905052,5.565089225769043,14.905637741088867,9.17837559315376,132168.60854141414
40800,0.040798999999999995,4096,8.0,8.0,9.174769012839533,1.44095503533135,5.572247505187988,14.884264945983887,9.174769012839533,132116.67378488928
41000,0.040999,4096,8.0,8.0,9.171185869490728,1.4376563426066347,5.577896595001221,14.860326766967773,9.171185869490728,132065.07652066648
41200,0.041199,4096,8.0,8.0,9.167606106959283,1.4343374407519682,5.583131313323975,14.834207534790039,9.167606106959283,132013.52794021368
41400,0.041399,4096,8.0,8.0,9.16405307489913,1.4310601840144128,5.589598655700684,14.810688018798828,9.16405307489913,131962.36427854747
41600,0.041599,4096,8.0,8.0,9.160551032517105,1.4278147678512807,5.592790603637695,14.790719985961914,9.160551032517105,131911.93486824632
41800,0.041798999999999996,4096,8.0,8.0,9.157052673981525,1.4245301405934476,5.597374439239502,14.772890090942383,9.157052673981525,131861.55850533396
42000,0.041998999999999995,4096,8.0,8.0,9.153560709790327,1.4212341590960174,5.6007890701293945,14.752811431884766,9.153560709790327,131811.2742209807
42200,0.042199,4096,8.0,8.0,9.150066473055631,1.4179205793642147,5.603899002075195,14.726597785949707,9.150066473055631,131760.95721200109
42400,0.042399,4096,8.0,8.0,9.146587354829535,1.4146346592122319,5.609162330627441,14.705899238586426,9.146587354829535,131710.8579095453
42600,0.042599,4096,8.0,8.0,9.143142552580684,1.4113990054926064,5.613705635070801,14.680919647216797,9.143142552580684,131661.25275716186
42800,0.042799,4096,8.0,8.0,9.139680417603813,1.4081294565344098,5.619260311126709,14.656476020812988,9.139680417603813,131611.3980134949
43000,0.042998999999999996,4096,8.0,8.0,9.136245833011344,1.4048782675422669,5.624401092529297,14.634780883789062,9.136245833011344,131561.93999536335
43200,0.043199,4096,8.0,8.0,9.132825852953829,1.401634388265294,5.628945350646973,14.615172386169434,9.132825852953829,131512.69228253514
43400,0.043399,4096,8.0,8.0,9.129475030233152,1.3984718535725709,5.633291244506836,14.598289489746094,9.129475030233152,131464.4404353574
43600,0.043599,4096,8.0,8.0,9.126135767553933,1.395275878523076,5.638413429260254,14.576595306396484,9.126135767553933,131416.35505277663
43800,0.043799,4096,8.0,8.0,9.12281122803688,1.3920526329609229,5.644601821899414,14.556693077087402,9.12281122803688,131368.48168373108
44000,0.043998999999999996,4096,8.0,8.0,9.119516612379812,1.3889185674022724,5.648122787475586,14.536393165588379,9.119516612379812,131321.0392182693
44200,0.044198999999999995,4096,8.0,8.0,9.116222802666016,1.3857843876714182,5.6532182693481445,14.514939308166504,9.116222802666016,131273.60835839063
44400,0.044399,4096,8.0,8.0,9.112948610680178,1.3826908588840832,5.657220840454102,14.494033813476562,9.112948610680178,131226.45999379456
44600,0.044599,4096,8.0,8.0,9.10970854095649,1.379594601689826,5.662834644317627,14.475750923156738,9.10970854095649,131179.80298977345
44800,0.044799,4096,8.0,8.0,9.106517105246894,1.3765201223506485,5.666816711425781,14.45938491821289,9.106517105246894,131133.84631555527
45000,0.044999,4096,8.0,8.0,9.103352332487702,1.3734954005550715,5.6725311279296875,14.443218231201172,9.103352332487702,131088.2735878229
45200,0.045198999999999996,4096,8.0,8.0,9.100154310464859,1.3704218691667345,5.675800800323486,14.427599906921387,9.100154310464859,131042.22207069397
45400,0.045398999999999995,4096,8.0,8.0,9.096980565460399,1.3673649599273319,5.681105136871338,14.40797233581543,9.096980565460399,130996.52014262974
45600,0.045599,4096,8.0,8.0,9.093817687011324,1.364307470304134,5.6866888999938965,14.391875267028809,9.093817687011324,130950.97469296306
45800,0.045799,4096,8.0,8.0,9.090713102836162,1.361295384523084,5.6920576095581055,14.372164726257324,9.090713102836162,130906.26868084073
46000,0.045999,4096,8.0,8.0,9.087603188236244,1.3582697183862615,5.69741678237915,14.354076385498047,9.087603188236244,130861.48591060191
46200,0.046199,4096,8.0,8.0,9.084499871358275,1.3552903420505689,5.702696323394775,14.33610725402832,9.084499871358275,130816.79814755917
46400,0.046398999999999996,4096,8.0,8.0,9.08143417397514,1.3523698637441937,5.707529067993164,14.314037322998047,9.08143417397514,130772.65210524201
46600,0.046598999999999995,4096,8.0,8.0,9.078379477839917,1.3493614210005638,5.713571548461914,14.29148006439209,9.078379477839917,130728.6644808948
46800,0.046799,4096,8.0,8.0,9.075350678525865,1.3464010597718161,5.7212910652160645,14.271994590759277,9.075350678525865,130685.04977077246
47000,0.046999,4096,8.0,8.0,9.072339616832323,1.343464316608595,5.7273101806640625,14.251713752746582,9.072339616832323,130641.69048238546
47200,0.047199,4096,8.0,8.0,9.069343223120086,1.3404900645846147,5.731396675109863,14.235271453857422,9.069343223120086,130598.54241292924
47400,0.047399,4096,8.0,8.0,9.066355927847326,1.3375077521885175,5.736867904663086,14.224233627319336,9.066355927847326,130555.52536100149
47600,0.047598999999999995,4096,8.0,8.0,9.063374335761182,1.3345870432781397,5.743337631225586,14.213091850280762,9.063374335761182,130512.59043496102
47800,0.047799,4096,8.0,8.0,9.060428224387579,1.331687712476747,5.747624397277832,14.200489044189453,9.060428224387579,130470.16643118113
48000,0.047999,4096,8.0,8.0,9.05750190350227,1.3287765067623005,5.752292156219482,14.187032699584961,9.05750190350227,130428.0274104327
48200,0.048199,4096,8.0,8.0,9.054600383038633,1.3258908309163724,5.758216857910156,14.178702354431152,9.054600383038633,130386.24551575631
48400,0.048399,4096,8.0,8.0,9.051742749521509,1.3230751808637846,5.762031078338623,14.167704582214355,9.051742749521509,130345.09559310973
48600,0.048598999999999996,4096,8.0,8.0,9.048829130479135,1.320165227003987,5.765628337860107,14.155436515808105,9.048829130479135,130303.13947889954
48800,0.048798999999999995,4096,8.0,8.0,9.045950504019856,1.317260525568855,5.7696123123168945,14.13902759552002,9.045950504019856,130261.68725788593
49000,0.048999,4096,8.0,8.0,9.043136388529092,1.3144091722755875,5.774133682250977,14.126834869384766,9.043136388529092,130221.16399481893
49200,0.049199,4096,8.0,8.0,9.040285269031301,1.3115547552121434,5.7783942222595215,14.113763809204102,9.040285269031301,130180.10787405074
49400,0.049399,4096,8.0,8.0,9.03747760632541,1.308712733080334,5.7845048904418945,14.103408813476562,9.03747760632541,130139.67753108591
49600,0.049599,4096,8.0,8.0,9.034674247726798,1.3059214847248755,5.789594650268555,14.094259262084961,9.034674247726798,130099.30916726589
49800,0.049798999999999996,4096,8.0,8.0,9.031887079123408,1.3031036361690498,5.793557167053223,14.085180282592773,9.031887079123408,130059.17393937707
50000,0.049998999999999995,4096,8.0,8.0,9.029107223032042,1.3002515094225908,5.796893119812012,14.074426651000977,9.029107223032042,130019.14401166141
50200,0.050199,4096,8.0,8.0,9.026322324294597,1.2974202695720385,5.7999587059021,14.064947128295898,9.026322324294597,129979.0414698422
50400,0.050399,4096,8.0,8.0,9.023557751788758,1.2946387108327257,5.805246353149414,14.054325103759766,9.023557751788758,129939.23162575811
50600,0.050599,4096,8.0,8.0,9.020845601917244,1.2918846064069418,5.80945348739624,14.046279907226562,9.020845601917244,129900.17666760832
50800,0.050799,4096,8.0,8.0,9.018128688680008,1.2891197144964313,5.814089298248291,14.034013748168945,9.018128688680008,129861.05311699212
51000,0.050998999999999996,4096,8.0,8.0,9.01546321855858,1.2864414999301668,5.8190016746521,14.019462585449219,9.01546321855858,129822.67034724355
51200,0.051198999999999995,4096,8.0,8.0,9.012826966005377,1.2837324281402287,5.82387638092041,14.007848739624023,9.012826966005377,129784.70831047744
51400,0.051399,4096,8.0,8.0,9.010152174974792,1.2809255964050954,5.829026699066162,13.995620727539062,9.010152174974792,129746.191319637
51600,0.051599,4096,8.0,8.0,9.007520645507611,1.2782101641330263,5.832935333251953,13.986424446105957,9.007520645507611,129708.2972953096
51800,0.051799,4096,8.0,8.0,9.004891362739727,1.2755918538602455,5.838990211486816,13.973247528076172,9.004891362739727,129670.43562345207
52000,0.051999,4096,8.0,8.0,9.002268157550134,1.2729344023080664,5.8443193435668945,13.963241577148438,9.002268157550134,129632.66146872193
52200,0.052198999999999995,4096,8.0,8.0,8.99968141829595,1.2702665143776657,5.850336074829102,13.949167251586914,8.99968141829595,129595.41242346168
52400,0.052398999999999994,4096,8.0,8.0,8.997117259306833,1.2676039977218212,5.85358190536499,13.93910026550293,8.997117259306833,129558.4885340184
52600,0.052599,4096,8.0,8.0,8.994574347045273,1.2649539701491643,5.858850955963135,13.92647933959961,8.994574347045273,129521.87059745193
52800,0.052799,4096,8.0,8.0,8.991999727673829,1.2622661080181399,5.864441394805908,13.914834976196289,8.991999727673829,129484.79607850313
53000,0.052999,4096,8.0,8.0,8.989459063857794,1.259621204512551,5.87094259262085,13.902915954589844,8.989459063857794,129448.21051955223
53200,0.053198999999999996,4096,8.0,8.0,8.986952773528174,1.256979807132463,5.877064228057861,13.891281127929688,8.986952773528174,129412.1199388057
53400,0.053398999999999995,4096,8.0,8.0,8.984466161578894,1.2543837677946814,5.881946086883545,13.881595611572266,8.984466161578894,129376.31272673607
53600,0.053599,4096,8.0,8.0,8.981975452625193,1.2517770550566196,5.8863654136657715,13.869169235229492,8.981975452625193,129340.44651780277
53800,0.053799,4096,8.0,8.0,8.979532245662995,1.249274910800966,5.891758918762207,13.859210968017578,8.979532245662995,129305.26433754712
54000,0.053999,4096,8.0,8.0,8.977019924088381,1.2466142739792865,5.897166728973389,13.84823989868164,8.977019924088381,129269.08690687269
54200,0.054199,4096,8.0,8.0,8.974527272279374,1.244028793820259,5.90183162689209,13.834951400756836,8.974527272279374,129233.19272082299
54400,0.054398999999999996,4096,8.0,8.0,8.972075987956487,1.2414898058553037,5.90777063369751,13.822359085083008,8.972075987956487,129197.89422657341
54600,0.054598999999999995,4096,8.0,8.0,8.969684710144065,1.238975350259103,5.913944244384766,13.811456680297852,8.969684710144065,129163.45982607454
54800,0.054799,4096,8.0,8.0,8.967287393752486,1.2364087986224161,5.91976261138916,13.801125526428223,8.967287393752486,129128.93847003579
55000,0.054999,4096,8.0,8.0,8.964878621976823,1.2337821491151397,5.923192977905273,13.790678977966309,8.964878621976823,129094.25215646625
55200,0.055199,4096,8.0,8.0,8.962537508341484,1.2312763968776932,5.927238941192627,13.777847290039062,8.962537508341484,129060.54012011737
55400,0.055399,4096,8.0,8.0,8.960175309679471,1.2287361005838682,5.932458400726318,13.767194747924805,8.960175309679471,129026.52445938438
55600,0.055598999999999996,4096,8.0,8.0,8.957825232297182,1.2262187457520257,5.935899257659912,13.754898071289062,8.957825232297182,128992.68334507942
55800,0.055798999999999994,4096,8.0,8.0,8.955480580218136,1.22368725345231,5.938838005065918,13.745941162109375,8.955480580218136,128958.92035514116
56000,0.055999,4096,8.0,8.0,8.953130112378858,1.2211446421924836,5.943192958831787,13.733697891235352,8.953130112378858,128925.07361825556
56200,0.056199,4096,8.0,8.0,8.950791168375872,1.2186207477848832,5.947849750518799,13.722567558288574,8.950791168375872,128891.39282461256
56400,0.056399,4096,8.0,8.0,8.948443329660222,1.2161179413983274,5.952392578125,13.708098411560059,8.948443329660222,128857.5839471072
56600,0.056599,4096,8.0,8.0,8.946151814423501,1.2136375121094254,5.9561262130737305,13.701886177062988,8.946151814423501,128824.58612769842
56800,0.056798999999999995,4096,8.0,8.0,8.943872759351507,1.2111638258581112,5.96245813369751,13.690279960632324,8.943872759351507,128791.7677346617
57000,0.056998999999999994,4096,8.0,8.0,8.941607798682526,1.2087548528538339,5.968327045440674,13.678296089172363,8.941607798682526,128759.15230102837
57200,0.057199,4096,8.0,8.0,8.93932654359378,1.2062547042701557,5.9734320640563965,13.666703224182129,8.93932654359378,128726.30222775042
57400,0.057399,4096,8.0,8.0,8.9370895891916,1.2038117294706188,5.976836204528809,13.656974792480469,8.9370895891916,128694.09008435905
57600,0.057599,4096,8.0,8.0,8.934856976033188,1.2013804088139506,5.981328010559082,13.647104263305664,8.934856976033188,128661.94045487791
57800,0.057798999999999996,4096,8.0,8.0,8.932620085310191,1.1989361808834835,5.985773086547852,13.636985778808594,8.932620085310191,128629.72922846675
58000,0.057998999999999995,4096,8.0,8.0,8.930409073946066,1.196516577861494,5.989058017730713,13.627912521362305,8.930409073946066,128597.89066482335
58200,0.058199,4096,8.0,8.0,8.928204506635666,1.194107721125021,5.994201183319092,13.619821548461914,8.928204506635666,128566.14489555359
58400,0.058399,4096,8.0,8.0,8.926008970127441,1.1917056699557924,5.998161315917969,13.61075210571289,8.926008970127441,128534.52916983515
58600,0.058599,4096,8.0,8.0,8.923826436046511,1.189286545447399,6.003394603729248,13.59970474243164,8.923826436046511,128503.10067906976
58800,0.058799,4096,8.0,8.0,8.921613204991445,1.1868025163909641,6.007607460021973,13.58682918548584,8.921613204991445,128471.2301518768
59000,0.058998999999999996,4096,8.0,8.0,8.91944321594201,1.1843733845871753,6.014523983001709,13.576902389526367,8.91944321594201,128439.98230956495
59200,0.059198999999999995,4096,8.0,8.0,8.917323763249442,1.1820481085417778,6.020013332366943,13.568800926208496,8.917323763249442,128409.46219079196
59400,0.059399,4096,8.0,8.0,8.915182849625126,1.1796979904134601,6.026438236236572,13.557571411132812,8.915182849625126,128378.63303460181
59600,0.059599,4096,8.0,8.0,8.912996000610292,1.1772595703933906,6.031040191650391,13.547489166259766,8.912996000610292,128347.1424087882
59800,0.059799,4096,8.0,8.0,8.910833612899296,1.1748332613801296,6.0358381271362305,13.534051895141602,8.910833612899296,128316.00402574986
60000,0.059999,4096,8.0,8.0,8.908702487125993,1.1724395352063932,6.0410685539245605,13.524760246276855,8.908702487125993,128285.3158146143
60200,0.060198999999999996,4096,8.0,8.0,8.906580326729454,1.1700637170075265,6.046999454498291,13.514359474182129,8.906580326729454,128254.75670490414
60400,0.060398999999999994,4096,8.0,8.0,8.904487553518265,1.1677635181775385,6.051458358764648,13.502238273620605,8.904487553518265,128224.62077066302
60600,0.060599,4096,8.0,8.0,8.902437648037449,1.165510381698896,6.056215763092041,13.495589256286621,8.902437648037449,128195.10213173926
60800,0.060799,4096,8.0,8.0,8.900362956803292,1.1631770557302326,6.060444355010986,13.486371040344238,8.900362956803292,128165.2265779674
61000,0.060999,4096,8.0,8.0,8.898306286660954,1.1608560393804441,6.0645647048950195,13.47811508178711,8.898306286660954,128135.61052791774
61200,0.061198999999999996,4096,8.0,8.0,8.896273994119838,1.1585490169146346,6.070104122161865,13.471183776855469,8.896273994119838,128106.34551532567
61400,0.061398999999999995,4096,8.0,8.0,8.894257784704678,1.156254679421053,6.074507713317871,13.463004112243652,8.894257784704678,128077.31209974736
61600,0.061598999999999994,4096,8.0,8.0,8.892238420201465,1.1539730012758962,6.078041076660156,13.45438289642334,8.892238420201465,128048.2332509011
61800,0.061799,4096,8.0,8.0,8.890269302180968,1.1517646090065226,6.084438800811768,13.444684982299805,8.890269302180968,128019.87795140594
62000,0.061999,4096,8.0,8.0,8.888276826241054,1.1494908659344938,6.090784072875977,13.434457778930664,8.888276826241054,127991.18629787117
62200,0.062199,4096,8.0,8.0,8.88627781078685,1.147190842013774,6.095707893371582,13.425203323364258,8.88627781078685,127962.40047533065
62400,0.062398999999999996,4096,8.0,8.0,8.88431585393846,1.144974650959714,6.099732398986816,13.41409683227539,8.88431585393846,127934.14829671383
62600,0.062599,4096,8.0,8.0,8.882375292247161,1.1427426139897012,6.104538917541504,13.406997680664062,8.882375292247161,127906.20420835912
62800,0.062799,4096,8.0,8.0,8.880403574206866,1.1404870330216146,6.10952091217041,13.397560119628906,8.880403574206866,127877.81146857888
63000,0.062999,4096,8.0,8.0,8.878458499908447,1.1382420458373521,6.114407539367676,13.388521194458008,8.878458499908447,127849.80239868164
63200,0.06319899999999999,4096,8.0,8.0,8.876503840554506,1.1359960991394213,6.117481708526611,13.377107620239258,8.876503840554506,127821.65530398488
63400,0.063399,4096,8.0,8.0,8.874616900808178,1.1338276117154613,6.121216297149658,13.365044593811035,8.874616900808178,127794.48337163776
63600,0.063599,4096,8.0,8.0,8.87273155420553,1.131601158484311,6.127131462097168,13.353209495544434,8.87273155420553,127767.33438055962
63800,0.063799,4096,8.0,8.0,8.870799249969423,1.129347670947842,6.131986141204834,13.342552185058594,8.870799249969423,127739.50919955969
64000,0.063999,4096,8.0,8.0,8.868894847109914,1.1271932562457334,6.136446952819824,13.332205772399902,8.868894847109914,127712.08579838276
64200,0.06419899999999999,4096,8.0,8.0,8.867048244923353,1.1250818718702864,6.141473770141602,13.320235252380371,8.867048244923353,127685.49472689629
64400,0.064399,4096,8.0,8.0,8.865174639271572,1.1229259207239508,6.144968032836914,13.30868911743164,8.865174639271572,127658.51480551064
64600,0.064599,4096,8.0,8.0,8.863302770303562,1.1207272628812717,6.148506164550781,13.300405502319336,8.863302770303562,127631.5598923713
64800,0.064799,4096,8.0,8.0,8.861429478041828,1.118567928668819,6.152093410491943,13.287930488586426,8.861429478041828,127604.58448380232
65000,0.064999,4096,8.0,8.0,8.8595504820114,1.1164169750612714,6.156101226806641,13.279101371765137,8.8595504820114,127577.52694096416
65200,0.065199,4096,8.0,8.0,8.857662572874688,1.1142027704245734,6.16032075881958,13.26974868774414,8.857662572874688,127550.3410493955
65400,0.065399,4096,8.0,8.0,8.855776309384964,1.1119737855551524,6.165167808532715,13.259109497070312,8.855776309384964,127523.17885514349
65600,0.06559899999999999,4096,8.0,8.0,8.85391000797972,1.1098147300826635,6.1688032150268555,13.25015926361084,8.85391000797972,127496.30411490798
65800,0.065799,4096,8.0,8.0,8.852102669305168,1.1077008576673653,6.173277854919434,13.239897727966309,8.852102669305168,127470.27843799442
66000,0.065999,4096,8.0,8.0,8.850328356144018,1.1055782508851226,6.17763614654541,13.22772216796875,8.850328356144018,127444.72832847387
66200,0.066199,4096,8.0,8.0,8.848517915117554,1.103436144796928,6.1818132400512695,13.217835426330566,8.848517915117554,127418.65797769278
66400,0.066399,4096,8.0,8.0,8.846741693560034,1.1013805942738075,6.18609619140625,13.211235046386719,8.846741693560034,127393.08038726449
66600,0.06659899999999999,4096,8.0,8.0,8.845008293166757,1.0993097630217576,6.189400672912598,13.199773788452148,8.845008293166757,127368.1194216013
66800,0.066799,4096,8.0,8.0,8.843285513692535,1.0972548562492457,6.192155838012695,13.192806243896484,8.843285513692535,127343.31139717251
67000,0.066999,4096,8.0,8.0,8.841508983517997,1.0951358565529443,6.194719314575195,13.188433647155762,8.841508983517997,127317.72936265916
67200,0.067199,4096,8.0,8.0,8.839742419077083,1.0930442622189487,6.198907852172852,13.183233261108398,8.839742419077083,127292.29083471
67400,0.067399,4096,8.0,8.0,8.837990322499536,1.0909649516040565,6.20290994644165,13.179339408874512,8.837990322499536,127267.06064399332
67600,0.06759899999999999,4096,8.0,8.0,8.8362448947737,1.0888440436414593,6.206551551818848,13.174728393554688,8.8362448947737,127241.92648474127
67800,0.067799,4096,8.0,8.0,8.834516235394403,1.0867865102305867,6.210602760314941,13.166738510131836,8.834516235394403,127217.03378967941
68000,0.06799899999999999,4096,8.0,8.0,8.832797331735492,1.0847170986615158,6.214640140533447,13.163675308227539,8.832797331735492,127192.28157699108
68200,0.068199,4096,8.0,8.0,8.831075793248601,1.0826327194734318,6.21794319152832,13.158717155456543,8.831075793248601,127167.49142277986
68400,0.068399,4096,8.0,8.0,8.829372629290447,1.0805739858912373,6.219555377960205,13.154994010925293,8.829372629290447,127142.96586178243
68600,0.068599,4096,8.0,8.0,8.827692357590422,1.0785636172550408,6.22255802154541,13.151934623718262,8.827692357590422,127118.76994930208
68800,0.068799,4096,8.0,8.0,8.826016582432203,1.0765445831678444,6.225510120391846,13.148611068725586,8.826016582432203,127094.63878702372
69000,0.06899899999999999,4096,8.0,8.0,8.824342704378068,1.0745491422146871,6.228369235992432,13.145665168762207,8.824342704378068,127070.53494304419
69200,0.069199,4096,8.0,8.0,8.822694132919423,1.0725912338513879,6.230766296386719,13.139474868774414,8.822694132919423,127046.7955140397
69400,0.069399,4096,8.0,8.0,8.82103460514918,1.070652436547173,6.234212398529053,13.132831573486328,8.82103460514918,127022.89831414819
69600,0.069599,4096,8.0,8.0,8.819400114472955,1.0686880022995222,6.238938331604004,13.129514694213867,8.819400114472955,126999.36164841056
69800,0.069799,4096,8.0,8.0,8.817756781121716,1.066680967383762,6.244774341583252,13.12362289428711,8.817756781121716,126975.69764815271
70000,0.06999899999999999,4096,8.0,8.0,8.816123887547292,1.0646969934154775,6.24953556060791,13.118735313415527,8.816123887547292,126952.183980681
70200,0.070199,4096,8.0,8.0,8.814497021725401,1.0627508380435433,6.25287389755249,13.114143371582031,8.814497021725401,126928.75711284578
70400,0.070399,4096,8.0,8.0,8.81285340944305,1.0607471214482316,6.256793975830078,13.107245445251465,8.81285340944305,126905.08909597993
70600,0.070599,4096,8.0,8.0,8.811247787205502,1.0588051304769326,6.261016845703125,13.101373672485352,8.811247787205502,126881.96813575923
70800,0.070799,4096,8.0,8.0,8.809679260943085,1.0569478814669784,6.264074325561523,13.095149993896484,8.809679260943085,126859.38135758042
71000,0.07099899999999999,4096,8.0,8.0,8.808082313393243,1.0549952135737646,6.268232345581055,13.092849731445312,8.808082313393243,126836.3853128627
71200,0.071199,4096,8.0,8.0,8.806497867102735,1.0530524160580899,6.271495819091797,13.089445114135742,8.806497867102735,126813.56928627938
71400,0.07139899999999999,4096,8.0,8.0,8.804903563810512,1.0510631251727738,6.274651050567627,13.08265495300293,8.804903563810512,126790.61131887138
71600,0.071599,4096,8.0,8.0,8.803338238736615,1.049173716798933,6.278859615325928,13.077369689941406,8.803338238736615,126768.07063780725
71800,0.071799,4096,8.0,8.0,8.8017737447517,1.0472761418720276,6.28216028213501,13.07267951965332,8.8017737447517,126745.54192442447
72000,0.071999,4096,8.0,8.0,8.80022788234055,1.045357353376702,6.286947727203369,13.065513610839844,8.80022788234055,126723.28150570393
72200,0.072199,4096,8.0,8.0,8.798672478180379,1.0434530147758823,6.2912821769714355,13.062030792236328,8.798672478180379,126700.88368579745
72400,0.07239899999999999,4096,8.0,8.0,8.797122960095294,1.0415835299547054,6.292606830596924,13.058424949645996,8.797122960095294,126678.57062537223
72600,0.072599,4096,8.0,8.0,8.795570947229862,1.03964807808367,6.295714855194092,13.052530288696289,8.795570947229862,126656.22164011002
72800,0.072799,4096,8.0,8.0,8.794021559646353,1.0377191590226194,6.297891616821289,13.044557571411133,8.794021559646353,126633.91045890749
73000,0.072999,4096,8.0,8.0,8.792501575429924,1.035840987968045,6.30203914642334,13.03742790222168,8.792501575429924,126612.0226861909
73200,0.073199,4096,8.0,8.0,8.790952111477964,1.033939666100216,6.307221412658691,13.033605575561523,8.790952111477964,126589.71040528268
73400,0.07339899999999999,4096,8.0,8.0,8.789422912872396,1.0320422099547482,6.311309337615967,13.032146453857422,8.789422912872396,126567.68994536251
73600,0.073599,4096,8.0,8.0,8.787885287078097,1.0301152095599457,6.3146867752075195,13.029096603393555,8.787885287078097,126545.5481339246
73800,0.073799,4096,8.0,8.0,8.786392983747646,1.0282551468045564,6.316720485687256,13.022804260253906,8.786392983747646,126524.0589659661
74000,0.073999,4096,8.0,8.0,8.784915897296742,1.0264228225353274,6.321389198303223,13.016824722290039,8.784915897296742,126502.78892107308
74200,0.074199,4096,8.0,8.0,8.78341332974378,1.0245765150456632,6.324069499969482,13.01638412475586,8.78341332974378,126481.15194831043
74400,0.07439899999999999,4096,8.0,8.0,8.781920974841341,1.022672824449221,6.3272013664245605,13.013265609741211,8.781920974841341,126459.66203771532
74600,0.074599,4096,8.0,8.0,8.780418765847571,1.020763185803747,6.33019495010376,13.007482528686523,8.780418765847571,126438.03022820503
74800,0.07479899999999999,4096,8.0,8.0,8.7789645526791,1.018893109823351,6.334807395935059,13.001806259155273,8.7789645526791,126417.08955857903
75000,0.074999,4096,8.0,8.0,8.77751098468434,1.0170342804662358,6.338538646697998,12.995162963867188,8.77751098468434,126396.1581794545
75200,0.075199,4096,8.0,8.0,8.776059990632348,1.0151979915334428,6.3422160148620605,12.989140510559082,8.776059990632348,126375.26386510581
75400,0.075399,4096,8.0,8.0,8.774617847055197,1.0133854383899457,6.346196174621582,12.982370376586914,8.774617847055197,126354.49699759483
75600,0.075599,4096,8.0,8.0,8.773174088681117,1.011547785673339,6.35162353515625,12.977371215820312,8.773174088681117,126333.70687700808
75800,0.07579899999999999,4096,8.0,8.0,8.77173041307833,1.009710380160346,6.355783462524414,12.972402572631836,8.77173041307833,126312.91794832796
76000,0.075999,4096,8.0,8.0,8.770316404057667,1.0078872767685372,6.358659267425537,12.969039916992188,8.770316404057667,126292.5562184304
76200,0.076199,4096,8.0,8.0,8.768928406643681,1.0060999358147464,6.362180709838867,12.960801124572754,8.768928406643681,126272.56905566901
76400,0.076399,4096,8.0,8.0,8.767541405861266,1.0043443071377653,6.3664655685424805,12.954967498779297,8.767541405861266,126252.59624440223
76600,0.076599,4096,8.0,8.0,8.766157358069904,1.0026021884481218,6.370818614959717,12.949261665344238,8.766157358069904,126232.66595620662
76800,0.07679899999999999,4096,8.0,8.0,8.76475871738512,1.0008147542377195,6.373907089233398,12.943220138549805,8.76475871738512,126212.52553034574
77000,0.076999,4096,8.0,8.0,8.763362415949814,0.9989652124106422,6.377177715301514,12.939502716064453,8.763362415949814,126192.41878967732
77200,0.07719899999999999,4096,8.0,8.0,8.761976820533164,0.9971544327595545,6.381669521331787,12.933143615722656,8.761976820533164,126172.46621567756
77400,0.077399,4096,8.0,8.0,8.760577623266727,0.9953634525589528,6.384418487548828,12.929882049560547,8.760577623266727,126152.31777504086
77600,0.077599,4096,8.0,8.0,8.759202499990351,0.9935778560318231,6.387151718139648,12.92539119720459,8.759202499990351,126132.51599986106
77800,0.077799,4096,8.0,8.0,8.757852706941776,0.9918223345426668,6.391192436218262,12.918649673461914,8.757852706941776,126113.07897996157
78000,0.077999,4096,8.0,8.0,8.756513044820167,0.9900855266901027,6.3950090408325195,12.911015510559082,8.756513044820167,126093.7878454104
78200,0.07819899999999999,4096,8.0,8.0,8.755184710840695,0.9883862373431931,6.398122787475586,12.905037879943848,8.755184710840695,126074.659836106
78400,0.078399,4096,8.0,8.0,8.753820511745289,0.9866042973186494,6.401320934295654,12.89828872680664,8.753820511745289,126055.01536913216
78600,0.078599,4096,8.0,8.0,8.75245509413071,0.9848137872227859,6.404879093170166,12.892829895019531,8.75245509413071,126035.35335548222
78800,0.078799,4096,8.0,8.0,8.75111599394586,0.9830704315787826,6.4105095863342285,12.891027450561523,8.75111599394586,126016.07031282037
79000,0.078999,4096,8.0,8.0,8.749794462113641,0.981348398533856,6.414825916290283,12.888692855834961,8.749794462113641,125997.04025443643
79200,0.07919899999999999,4096,8.0,8.0,8.748487514443696,0.979687086059439,6.419876575469971,12.884183883666992,8.748487514443696,125978.22020798922
79400,0.079399,4096,8.0,8.0,8.747195475152694,0.9779903344725451,6.422400951385498,12.878989219665527,8.747195475152694,125959.61484219879
79600,0.079599,4096,8.0,8.0,8.74588631093502,0.9762443280699509,6.425534248352051,12.872932434082031,8.74588631093502,125940.7628774643
79800,0.079799,4096,8.0,8.0,8.744601608836092,0.9745771774499,6.428109169006348,12.866994857788086,8.744601608836092,125922.26316723973
80000,0.079999,4096,8.0,8.0,8.743324380950071,0.9728975543672976,6.432651996612549,12.862133026123047,8.743324380950071,125903.87108568102
80200,0.08019899999999999,4096,8.0,8.0,8.74202449992299,0.9711740091249146,6.436425685882568,12.858539581298828,8.74202449992299,125885.15279889107
80400,0.080399,4096,8.0,8.0,8.740755456034094,0.9694849641619577,6.438589096069336,12.855792999267578,8.740755456034094,125866.87856689095
80600,0.08059899999999999,4096,8.0,8.0,8.739490273525007,0.9678140631373773,6.440610885620117,12.849950790405273,8.739490273525007,125848.6599387601
80800,0.080799,4096,8.0,8.0,8.738203131826594,0.9661592611558366,6.445212364196777,12.84535026550293,8.738203131826594,125830.12509830296
81000,0.080999,4096,8.0,8.0,8.73693816922605,0.9645189263864231,6.447856903076172,12.842756271362305,8.73693816922605,125811.90963685513
81200,0.081199,4096,8.0,8.0,8.735688275657594,0.9628710057812274,6.450361728668213,12.838452339172363,8.735688275657594,125793.91116946936
81400,0.081399,4096,8.0,8.0,8.734454034594819,0.9612289899446119,6.454164981842041,12.835708618164062,8.734454034594819,125776.1380981654
81600,0.08159899999999999,4096,8.0,8.0,8.733213406987488,0.9595811621869114,6.457035541534424,12.830923080444336,8.733213406987488,125758.27306061983
81800,0.081799,4096,8.0,8.0,8.731978567084298,0.9579286982319647,6.46197509765625,12.82774543762207,8.731978567084298,125740.49136601388
82000,0.081999,4096,8.0,8.0,8.730717918137088,0.9561997936421371,6.466582298278809,12.825582504272461,8.730717918137088,125722.33802117407
82200,0.082199,4096,8.0,8.0,8.729489230667241,0.9545482682726152,6.47003698348999,12.824466705322266,8.729489230667241,125704.64492160827
82400,0.082399,4096,8.0,8.0,8.728294109925628,0.9529186713949569,6.47376823425293,12.823638916015625,8.728294109925628,125687.43518292904
82600,0.08259899999999999,4096,8.0,8.0,8.72707568469923,0.9513120269101346,6.47719144821167,12.819263458251953,8.72707568469923,125669.88985966891
82800,0.082799,4096,8.0,8.0,8.72587195027154,0.9496957597446507,6.48081111907959,12.817259788513184,8.72587195027154,125652.55608391017
83000,0.08299899999999999,4096,8.0,8.0,8.72463178448379,0.9480315603449487,6.483453750610352,12.811856269836426,8.72463178448379,125634.69769656658
83200,0.083199,4096,8.0,8.0,8.723418752546422,0.946370664864784,6.487887859344482,12.80604362487793,8.723418752546422,125617.23003666848
83400,0.083399,4096,8.0,8.0,8.722223473479971,0.944811490397815,6.491578102111816,12.800949096679688,8.722223473479971,125600.01801811159
83600,0.08359899999999999,4096,8.0,8.0,8.721054286579601,0.9432533939172216,6.494653224945068,12.79876708984375,8.721054286579601,125583.18172674626
83800,0.083799,4096,8.0,8.0,8.719896217575297,0.9417265417367477,6.49603796005249,12.795795440673828,8.719896217575297,125566.50553308427
84000,0.08399899999999999,4096,8.0,8.0,8.718723747762851,0.9401547986681289,6.498222827911377,12.790787696838379,8.718723747762851,125549.62196778506
84200,0.084199,4096,8.0,8.0,8.717547539621592,0.9385627928820932,6.500149726867676,12.785942077636719,8.717547539621592,125532.68457055092
84400,0.084399,4096,8.0,8.0,8.716399330180138,0.937054760606172,6.502874374389648,12.779743194580078,8.716399330180138,125516.15035459399
84600,0.084599,4096,8.0,8.0,8.715215812437236,0.9354396198855909,6.506091117858887,12.772737503051758,8.715215812437236,125499.1076990962
84800,0.084799,4096,8.0,8.0,8.714055957039818,0.9338458701719144,6.510075569152832,12.768959045410156,8.714055957039818,125482.40578137338
85000,0.08499899999999999,4096,8.0,8.0,8.712913486873731,0.9322713414524149,6.512914657592773,12.764877319335938,8.712913486873731,125465.95421098173
85200,0.085199,4096,8.0,8.0,8.711743459338322,0.9306588457303202,6.516645908355713,12.762045860290527,8.711743459338322,125449.10581447184
85400,0.085399,4096,8.0,8.0,8.710577751742676,0.9290600719089517,6.521550178527832,12.759820938110352,8.710577751742676,125432.31962509453
85600,0.085599,4096,8.0,8.0,8.709437831421383,0.9274673818956666,6.525679588317871,12.757076263427734,8.709437831421383,125415.90477246791
85800,0.085799,4096,8.0,8.0,8.708285373286344,0.9258471053987433,6.528355598449707,12.752463340759277,8.708285373286344,125399.30937532336
86000,0.08599899999999999,4096,8.0,8.0,8.707134553813376,0.9242618925023348,6.528349876403809,12.74682903289795,8.707134553813376,125382.73757491261
86200,0.086199,4096,8.0,8.0,8.705993018811569,0.9227037774150665,6.531510353088379,12.743294715881348,8.705993018811569,125366.29947088659
86400,0.08639899999999999,4096,8.0,8.0,8.70485097146593,0.9211355024676078,6.533951282501221,12.738062858581543,8.70485097146593,125349.8539891094
86600,0.086599,4096,8.0,8.0,8.703735306626186,0.9195594525231902,6.537498474121094,12.731569290161133,8.703735306626186,125333.78841541708
86800,0.086799,4096,8.0,8.0,8.70260808779858,0.9179931035782676,6.542224407196045,12.727163314819336,8.70260808779858,125317.55646429956
87000,0.08699899999999999,4096,8.0,8.0,8.70148974948097,0.9164048644683715,6.5440850257873535,12.726237297058105,8.70148974948097,125301.45239252597
87200,0.087199,4096,8.0,8.0,8.700398498564027,0.9148585303689187,6.546511650085449,12.722782135009766,8.700398498564027,125285.73837932199
87400,0.08739899999999999,4096,8.0,8.0,8.699281788198277,0.913327887358317,6.5493879318237305,12.717599868774414,8.699281788198277,125269.6577500552
87600,0.087599,4096,8.0,8.0,8.698157585226,0.9117670073836925,6.552328109741211,12.71230697631836,8.698157585226,125253.46922725439
87800,0.087799,4096,8.0,8.0,8.697073451592587,0.910246580490701,6.553079605102539,12.708698272705078,8.697073451592587,125237.85770293325
88000,0.087999,4096,8.0,8.0,8.695976910297759,0.9087481927978708,6.5540571212768555,12.704231262207031,8.695976910297759,125222.06750828773
88200,0.088199,4096,8.0,8.0,8.694897757843137,0.9072635111634623,6.55904483795166,12.699995994567871,8.694897757843137,125206.52771294117
88400,0.08839899999999999,4096,8.0,8.0,8.693830442731269,0.9057734782419565,6.561405181884766,12.695924758911133,8.693830442731269,125191.15837533027
88600,0.088599,4096,8.0,8.0,8.69277161732316,0.9042965305624199,6.5628509521484375,12.69216537475586,8.69277161732316,125175.9112894535
88800,0.08879899999999999,4096,8.0,8.0,8.691697049071081,0.9027658336127204,6.564578056335449,12.686524391174316,8.691697049071081,125160.43750662357
89000,0.088999,4096,8.0,8.0,8.690618492662907,0.9012767695708385,6.566987037658691,12.68086051940918,8.690618492662907,125144.90629434586
89200,0.089199,4096,8.0,8.0,8.68955164658837,0.8997749146174736,6.570406913757324,12.677242279052734,8.68955164658837,125129.54371087253
89400,0.08939899999999999,4096,8.0,8.0,8.68847887008451,0.8982581361898474,6.57206392288208,12.671590805053711,8.68847887008451,125114.09572921693
89600,0.089599,4096,8.0,8.0,8.687426690245047,0.8967923312040167,6.576467514038086,12.669978141784668,8.687426690245047,125098.94433952868
89800,0.08979899999999999,4096,8.0,8.0,8.68637788738124,0.8953128636081819,6.581287860870361,12.66932487487793,8.68637788738124,125083.84157828987
90000,0.089999,4096,8.0,8.0,8.685340753989294,0.8938558375265467,6.585257053375244,12.671382904052734,8.685340753989294,125068.90685744584
90200,0.090199,4096,8.0,8.0,8.684291628538631,0.8923583931952195,6.589301109313965,12.66876220703125,8.684291628538631,125053.79945095628
90400,0.090399,4096,8.0,8.0,8.683256813557819,0.8908845623450915,6.592259883880615,12.668030738830566,8.683256813557819,125038.89811523259
90600,0.090599,4096,8.0,8.0,8.682217549183406,0.8893923366780632,6.595314025878906,12.664093017578125,8.682217549183406,125023.93270824105
90800,0.09079899999999999,4096,8.0,8.0,8.681184271234088,0.8879035478011365,6.597875595092773,12.655879020690918,8.681184271234088,125009.05350577086
91000,0.090999,4096,8.0,8.0,8.680165842175484,0.8864202729662473,6.599836826324463,12.649410247802734,8.680165842175484,124994.38812732697
91200,0.091199,4096,8.0,8.0,8.679174596443772,0.8850419547219924,6.602057933807373,12.643077850341797,8.679174596443772,124980.11418879032
91400,0.091399,4096,8.0,8.0,8.678168684011325,0.8836204686239834,6.603663444519043,12.639019966125488,8.678168684011325,124965.62904976308
91600,0.091599,4096,8.0,8.0,8.677146816626191,0.8821423343681991,6.603911399841309,12.635383605957031,8.677146816626191,124950.91415941715
91800,0.09179899999999999,4096,8.0,8.0,8.676126041566022,0.8806589375511076,6.604925632476807,12.630147933959961,8.676126041566022,124936.21499855071
92000,0.091999,4096,8.0,8.0,8.675134498160332,0.879246485040605,6.607676029205322,12.623610496520996,8.675134498160332,124921.93677350879
92200,0.09219899999999999,4096,8.0,8.0,8.674120777053759,0.8777805320412561,6.610057830810547,12.618399620056152,8.674120777053759,124907.33918957412
92400,0.092399,4096,8.0,8.0,8.673131911200471,0.8763353151012466,6.613348007202148,12.613542556762695,8.673131911200471,124893.09952128679
92600,0.092599,4096,8.0,8.0,8.672117447364144,0.8748102022085369,6.616469383239746,12.608721733093262,8.672117447364144,124878.49124204367
92800,0.09279899999999999,4096,8.0,8.0,8.671122281812131,0.8733925920382454,6.621231555938721,12.604304313659668,8.671122281812131,124864.16085809469
93000,0.092999,4096,8.0,8.0,8.670130196027458,0.8719791772581857,6.625901699066162,12.598686218261719,8.670130196027458,124849.87482279539
93200,0.09319899999999999,4096,8.0,8.0,8.669151181238703,0.8705476185334635,6.6314496994018555,12.59305191040039,8.669151181238703,124835.77700983733
93400,0.093399,4096,8.0,8.0,8.668188263778575,0.8691539975593885,6.634854793548584,12.590591430664062,8.668188263778575,124821.91099841148
93600,0.093599,4096,8.0,8.0,8.667186678852886,0.867703732186929,6.635712623596191,12.585883140563965,8.667186678852886,124807.48817548156
93800,0.093799,4096,8.0,8.0,8.666237271740101,0.8663011551115577,6.638068675994873,12.580268859863281,8.666237271740101,124793.81671305746
94000,0.093999,4096,8.0,8.0,8.665285516530275,0.8649462093696721,6.638751029968262,12.57297134399414,8.665285516530275,124780.11143803596
94200,0.09419899999999999,4096,8.0,8.0,8.664341673953459,0.8636136993505382,6.639129161834717,12.569742202758789,8.664341673953459,124766.5201049298
94400,0.094399,4096,8.0,8.0,8.663368911715224,0.8622073096507478,6.641177177429199,12.565244674682617,8.663368911715224,124752.51232869923
94600,0.094599,4096,8.0,8.0,8.662425260641612,0.8608145794281691,6.642794609069824,12.561378479003906,8.662425260641612,124738.92375323921
94800,0.094799,4096,8.0,8.0,8.661491029779427,0.8594411308651685,6.644760608673096,12.554569244384766,8.661491029779427,124725.47082882375
95000,0.094999,4096,8.0,8.0,8.660554318106733,0.8580523462310111,6.646766185760498,12.549877166748047,8.660554318106733,124711.98218073696
95200,0.09519899999999999,4096,8.0,8.0,8.659625844215043,0.8567235047678413,6.649353504180908,12.548518180847168,8.659625844215043,124698.61215669662
95400,0.095399,4096,8.0,8.0,8.658672541147098,0.8553246263680553,6.6532979011535645,12.547183990478516,8.658672541147098,124684.88459251821
95600,0.09559899999999999,4096,8.0,8.0,8.657737848116085,0.8539345385125974,6.656656742095947,12.545310020446777,8.657737848116085,124671.42501287162
95800,0.095799,4096,8.0,8.0,8.656801655422896,0.8525488732443941,6.659648895263672,12.539758682250977,8.656801655422896,124657.9438380897
96000,0.095999,4096,8.0,8.0,8.655860550818034,0.8511456624424381,6.666441917419434,12.53420639038086,8.655860550818034,124644.39193177968
96200,0.09619899999999999,4096,8.0,8.0,8.654934504069388,0.8497778124774592,6.670225620269775,12.529373168945312,8.654934504069388,124631.05685859919
96400,0.096399,4096,8.0,8.0,8.654001732938923,0.848387202544319,6.673501014709473,12.524507522583008,8.654001732938923,124617.62495432049
96600,0.09659899999999999,4096,8.0,8.0,8.6530800932087,0.8470587884531494,6.676785469055176,12.521791458129883,8.6530800932087,124604.35334220529
96800,0.096799,4096,8.0,8.0,8.652171016903594,0.8456862872783217,6.681602954864502,12.517162322998047,8.652171016903594,124591.26264341176
97000,0.096999,4096,8.0,8.0,8.651265762280673,0.8443241678818066,6.687273979187012,12.51162338256836,8.651265762280673,124578.22697684169
97200,0.097199,4096,8.0,8.0,8.650353792705573,0.8429551306757654,6.690788745880127,12.506816864013672,8.650353792705573,124565.09461496025
97400,0.097399,4096,8.0,8.0,8.649459743057378,0.8416422640824174,6.693418025970459,12.501913070678711,8.649459743057378,124552.22030002624
97600,0.09759899999999999,4096,8.0,8.0,8.648560430388898,0.8403105108203582,6.697051525115967,12.4966402053833,8.648560430388898,124539.27019760013
97800,0.097799,4096,8.0,8.0,8.647680052556098,0.839020913402056,6.698925971984863,12.4912748336792,8.647680052556098,124526.5927568078
98000,0.09799899999999999,4096,8.0,8.0,8.646789206657559,0.837704688375365,6.701808929443359,12.490175247192383,8.646789206657559,124513.76457586884
98200,0.098199,4096,8.0,8.0,8.645890696556307,0.8363728012138326,6.705266952514648,12.485711097717285,8.645890696556307,124500.82603041083
98400,0.098399,4096,8.0,8.0,8.644996943185106,0.8350474538410021,6.7091474533081055,12.481632232666016,8.644996943185106,124487.95598186553
98600,0.09859899999999999,4096,8.0,8.0,8.644128947868012,0.8337440974403412,6.714938640594482,12.475992202758789,8.644128947868012,124475.45684929937
98800,0.098799,4096,8.0,8.0,8.643273285357282,0.8324639988076166,6.717548370361328,12.469976425170898,8.643273285357282,124463.13530914485
99000,0.09899899999999999,4096,8.0,8.0,8.642426902079023,0.8311927415275983,6.718428611755371,12.463295936584473,8.642426902079023,124450.94738993794
99200,0.099199,4096,8.0,8.0,8.641563266632147,0.8299134515371402,6.72110652923584,12.457640647888184,8.641563266632147,124438.51103950292
99400,0.099399,4096,8.0,8.0,8.640716868685558,0.8286436451602538,6.725030899047852,12.453473091125488,8.640716868685558,124426.32290907204
99600,0.099599,4096,8.0,8.0,8.63986290700268,0.8273476243426974,6.728356838226318,12.448736190795898,8.63986290700268,124414.02586083859
99800,0.099799,4096,8.0,8.0,8.63899859029334,0.8260698985021008,6.729554176330566,12.446399688720703,8.63899859029334,124401.5797002241
100000,0.09999899999999999,4096,8.0,8.0,8.638134245527908,0.8247676823156376,6.731684684753418,12.443940162658691,8.638134245527908,124389.13313560188
100200,0.100199,4096,8.0,8.0,8.637306350516155,0.8234926150451859,6.735623359680176,12.44250774383545,8.637306350516155,124377.21144743264
100400,0.100399,4096,8.0,8.0,8.636438601650298,0.8221610603155614,6.737419605255127,12.435346603393555,8.636438601650298,124364.71586376429
100600,0.100599,4096,8.0,8.0,8.635599503410049,0.8208683865378958,6.740381717681885,12.428337097167969,8.635599503410049,124352.6328491047
100800,0.100799,4096,8.0,8.0,8.634762057568878,0.819604597062676,6.742642402648926,12.426298141479492,8.634762057568878,124340.57362899184
101000,0.10099899999999999,4096,8.0,8.0,8.633934797602706,0.8183692497288054,6.7460126876831055,12.421961784362793,8.633934797602706,124328.66108547896
101200,0.101199,4096,8.0,8.0,8.63308758311905,0.8170742894555073,6.747921466827393,12.41500473022461,8.63308758311905,124316.46119691432
101400,0.10139899999999999,4096,8.0,8.0,8.632245527231134,0.8157984323401049,6.747479438781738,12.410091400146484,8.632245527231134,124304.33559212834
101600,0.101599,4096,8.0,8.0,8.63140868244227,0.8145246552755896,6.750252723693848,12.40571403503418,8.63140868244227,124292.28502716869
101800,0.101799,4096,8.0,8.0,8.630583466263488,0.8132603739995242,6.753392219543457,12.399904251098633,8.630583466263488,124280.40191419423
102000,0.10199899999999999,4096,8.0,8.0,8.629759090021253,0.8120457430781451,6.756030082702637,12.397327423095703,8.629759090021253,124268.53089630604
102200,0.102199,4096,8.0,8.0,8.628956162603572,0.8108124403112302,6.757346153259277,12.392614364624023,8.628956162603572,124256.96874149144
102400,0.10239899999999999,4096,8.0,8.0,8.628125821822323,0.8094926004266766,6.758523941040039,12.389153480529785,8.628125821822323,124245.01183424145
102600,0.102599,4096,8.0,8.0,8.627307369722985,0.8082617085987988,6.761981010437012,12.387317657470703,8.627307369722985,124233.22612401098
102800,0.102799,4096,8.0,8.0,8.626497225370258,0.8070596708365486,6.765539169311523,12.38408374786377,8.626497225370258,124221.56004533172
103000,0.102999,4096,8.0,8.0,8.625704836566001,0.8058878403695342,6.767007827758789,12.383989334106445,8.625704836566001,124210.14964655042
103200,0.103199,4096,8.0,8.0,8.62490391312167,0.8046653397739154,6.7684454917907715,12.377784729003906,8.62490391312167,124198.61634895205
103400,0.10339899999999999,4096,8.0,8.0,8.624096555635333,0.8033792456411668,6.770715713500977,12.374876976013184,8.624096555635333,124186.9904011488
103600,0.103599,4096,8.0,8.0,8.623300041537732,0.8021508422777691,6.772911548614502,12.370275497436523,8.623300041537732,124175.52059814334
103800,0.10379899999999999,4096,8.0,8.0,8.622509789187461,0.800969384924164,6.774596214294434,12.365572929382324,8.622509789187461,124164.14096429944
104000,0.103999,4096,8.0,8.0,8.621724455733784,0.7998352787640698,6.774292469024658,12.363485336303711,8.621724455733784,124152.83216256648
104200,0.104199,4096,8.0,8.0,8.620961113483645,0.7986920544207715,6.7757415771484375,12.36146354675293,8.620961113483645,124141.84003416449
104400,0.10439899999999999,4096,8.0,8.0,8.620174623909406,0.7974667308478187,6.776668071746826,12.359987258911133,8.620174623909406,124130.51458429545
104600,0.104599,4096,8.0,8.0,8.619386579608545,0.796229857219696,6.779420375823975,12.357085227966309,8.619386579608545,124119.16674636304
104800,0.10479899999999999,4096,8.0,8.0,8.618618187261745,0.7950199219306883,6.779354572296143,12.352690696716309,8.618618187261745,124108.10189656913
105000,0.104999,4096,8.0,8.0,8.617822101223283,0.7937676419684585,6.779115200042725,12.347099304199219,8.617822101223283,124096.63825761527
105200,0.105199,4096,8.0,8.0,8.617025766172446,0.7925032504446609,6.778876781463623,12.345340728759766,8.617025766172446,124085.17103288323
105400,0.10539899999999999,4096,8.0,8.0,8.616245029959828,0.7912650374917538,6.777637958526611,12.34188461303711,8.616245029959828,124073.92843142152
105600,0.105599,4096,8.0,8.0,8.615462706191465,0.7900150741384118,6.778325080871582,12.335960388183594,8.615462706191465,124062.6629691571
105800,0.10579899999999999,4096,8.0,8.0,8.614688839064911,0.7888282972168612,6.779317378997803,12.330085754394531,8.614688839064911,124051.51928253472
106000,0.105999,4096,8.0,8.0,8.61395584535785,0.7876744109400021,6.78162145614624,12.327938079833984,8.61395584535785,124040.96417315304
106200,0.106199,4096,8.0,8.0,8.613223338499665,0.7865830036738286,6.782142162322998,12.326794624328613,8.613223338499665,124030.41607439518
106400,0.106399,4096,8.0,8.0,8.612489594845101,0.7854850802756378,6.784643650054932,12.32125473022461,8.612489594845101,124019.85016576946
106600,0.106599,4096,8.0,8.0,8.61173569294624,0.784306278710293,6.786052227020264,12.318872451782227,8.61173569294624,124008.99397842586
106800,0.10679899999999999,4096,8.0,8.0,8.61097822629381,0.7831489088987535,6.787375450134277,12.315756797790527,8.61097822629381,123998.08645863086
107000,0.106999,4096,8.0,8.0,8.610228016390465,0.7819990619745233,6.78881311416626,12.307928085327148,8.610228016390465,123987.2834360227
107200,0.10719899999999999,4096,8.0,8.0,8.609477181918919,0.7808343700493666,6.7894415855407715,12.303438186645508,8.609477181918919,123976.47141963243
107400,0.107399,4096,8.0,8.0,8.608749980921857,0.7796867838114233,6.79150915145874,12.300354957580566,8.608749980921857,123965.99972527474
107600,0.107599,4096,8.0,8.0,8.608010264113545,0.7784906126853969,6.792976379394531,12.296258926391602,8.608010264113545,123955.34780323505
107800,0.10779899999999999,4096,8.0,8.0,8.60728229349479,0.7773416338182617,6.793550968170166,12.290040969848633,8.60728229349479,123944.86502632499
108000,0.107999,4096,8.0,8.0,8.606567404814996,0.7762467662734874,6.794918060302734,12.287363052368164,8.606567404814996,123934.57062933594
108200,0.10819899999999999,4096,8.0,8.0,8.605818600626662,0.7750505837490386,6.7974534034729,12.283655166625977,8.605818600626662,123923.78784902394
108400,0.108399,4096,8.0,8.0,8.605099838227034,0.7739007043843781,6.802485942840576,12.277256965637207,8.605099838227034,123913.43767046928
108600,0.108599,4096,8.0,8.0,8.604353678179905,0.7727130305435855,6.805640697479248,12.270262718200684,8.604353678179905,123902.69296579063
108800,0.10879899999999999,4096,8.0,8.0,8.603638753062114,0.7715970852658661,6.807966232299805,12.263952255249023,8.603638753062114,123892.39804409444
109000,0.108999,4096,8.0,8.0,8.60290262917988,0.7703759873023099,6.812702655792236,12.262723922729492,8.60290262917988,123881.79786019027
109200,0.10919899999999999,4096,8.0,8.0,8.602166386670433,0.7691790766179604,6.814496040344238,12.258302688598633,8.602166386670433,123871.19596805423
109400,0.109399,4096,8.0,8.0,8.60146012273617,0.7680760542506435,6.81709623336792,12.255460739135742,8.60146012273617,123861.02576740086
109600,0.109599,4096,8.0,8.0,8.60073252778966,0.7669118930670568,6.820036888122559,12.250398635864258,8.60073252778966,123850.5484001711
109800,0.109799,4096,8.0,8.0,8.600022464292124,0.7657879168950171,6.823915481567383,12.245361328125,8.600022464292124,123840.32348580658
110000,0.109999,4096,8.0,8.0,8.599317163811065,0.7646462206137813,6.824978351593018,12.24508285522461,8.599317163811065,123830.16715887934
110200,0.11019899999999999,4096,8.0,8.0,8.598633000976406,0.7635767749490756,6.825567722320557,12.24128532409668,8.598633000976406,123820.31521406025
110400,0.110399,4096,8.0,8.0,8.5979403530946,0.762470043034102,6.826127529144287,12.237957000732422,8.5979403530946,123810.34108456224
110600,0.11059899999999999,4096,8.0,8.0,8.597257143701427,0.7614026797538966,6.829959392547607,12.233768463134766,8.597257143701427,123800.50286930054
110800,0.110799,4096,8.0,8.0,8.596569293178618,0.7602995614491442,6.832579612731934,12.229073524475098,8.596569293178618,123790.5978217721
111000,0.110999,4096,8.0,8.0,8.595880124950781,0.7592035034861274,6.833995342254639,12.223785400390625,8.595880124950781,123780.67379929125
111200,0.11119899999999999,4096,8.0,8.0,8.595173741225153,0.7580594847970018,6.8350372314453125,12.219836235046387,8.595173741225153,123770.5018736422
111400,0.111399,4096,8.0,8.0,8.594471269287169,0.7569654541941077,6.837315082550049,12.216583251953125,8.594471269287169,123760.38627773523
111600,0.11159899999999999,4096,8.0,8.0,8.59379805775825,0.7558720009295353,6.8348002433776855,12.215534210205078,8.59379805775825,123750.69203171879
111800,0.111799,4096,8.0,8.0,8.593118642806076,0.7548163521826491,6.83275032043457,12.211061477661133,8.593118642806076,123740.90845640749
112000,0.111999,4096,8.0,8.0,8.592457898776047,0.7537248652888723,6.833532810211182,12.204879760742188,8.592457898776047,123731.39374237508
112200,0.112199,4096,8.0,8.0,8.591789243393578,0.752629992155359,6.835665225982666,12.202569961547852,8.591789243393578,123721.76510486752
112400,0.112399,4096,8.0,8.0,8.591111539397389,0.7515030261916595,6.83645486831665,12.197941780090332,8.591111539397389,123712.0061673224
112600,0.11259899999999999,4096,8.0,8.0,8.590419971966185,0.7503111240916454,6.836962699890137,12.189813613891602,8.590419971966185,123702.04759631306
112800,0.112799,4096,8.0,8.0,8.589748707367107,0.7491829771453046,6.83902645111084,12.183780670166016,8.589748707367107,123692.38138608634
113000,0.11299899999999999,4096,8.0,8.0,8.589069038396701,0.7480581736681349,6.841448783874512,12.179903030395508,8.589069038396701,123682.5941529125
113200,0.113199,4096,8.0,8.0,8.588421756052412,0.7469876915833054,6.8445611000061035,12.176947593688965,8.588421756052412,123673.27328715473
113400,0.113399,4096,8.0,8.0,8.58777111780364,0.7459279129066032,6.846852779388428,12.173173904418945,8.58777111780364,123663.90409637243
113600,0.11359899999999999,4096,8.0,8.0,8.587117670453154,0.7448837260123545,6.848487377166748,12.170999526977539,8.587117670453154,123654.49445452541
113800,0.113799,4096,8.0,8.0,8.586470071226358,0.7438154445308116,6.850592136383057,12.167600631713867,8.586470071226358,123645.16902565956
114000,0.11399899999999999,4096,8.0,8.0,8.585829000454396,0.742719002347184,6.853631973266602,12.159875869750977,8.585829000454396,123635.9376065433
114200,0.114199,4096,8.0,8.0,8.585148917860352,0.7415879193363197,6.8558030128479,12.154224395751953,8.585148917860352,123626.14441718906
114400,0.114399,4096,8.0,8.0,8.584474521456286,0.7404838763617368,6.858985900878906,12.14792251586914,8.584474521456286,123616.43310897052
114600,0.11459899999999999,4096,8.0,8.0,8.583825624315068,0.7394327356066885,6.863053321838379,12.141910552978516,8.583825624315068,123607.08899013698
114800,0.114799,4096,8.0,8.0,8.583173513179645,0.7383035758469413,6.866211414337158,12.135181427001953,8.583173513179645,123597.69858978689
115000,0.11499899999999999,4096,8.0,8.0,8.582532957778312,0.7372184582615497,6.868432521820068,12.129692077636719,8.582532957778312,123588.4745920077
115200,0.115199,4096,8.0,8.0,8.581877070828341,0.7361113842456002,6.870517253875732,12.123184204101562,8.581877070828341,123579.02981992811
115400,0.115399,4096,8.0,8.0,8.581241815467365,0.7350620238147683,6.872060298919678,12.118284225463867,8.581241815467365,123569.88214273006
115600,0.115599,4096,8.0,8.0,8.580623282934539,0.7340500344340535,6.872492790222168,12.115018844604492,8.580623282934539,123560.97527425736
115800,0.115799,4096,8.0,8.0,8.579979947186075,0.7330177037542474,6.874261379241943,12.113978385925293,8.579979947186075,123551.71123947948
116000,0.11599899999999999,4096,8.0,8.0,8.579357373761013,0.7320243426204117,6.875720024108887,12.10901165008545,8.579357373761013,123542.74618215859
116200,0.116199,4096,8.0,8.0,8.57874206348788,0.7309944676967126,6.876089096069336,12.104277610778809,8.57874206348788,123533.88571422547
116400,0.11639899999999999,4096,8.0,8.0,8.57810084510129,0.72992594893911,6.877399444580078,12.100378036499023,8.57810084510129,123524.65216945857
116600,0.116599,4096,8.0,8.0,8.57747646421194,0.728848382217959,6.877946376800537,12.092524528503418,8.57747646421194,123515.66108465195
116800,0.116799,4096,8.0,8.0,8.576854288112372,0.7278065094237532,6.878964900970459,12.08926010131836,8.576854288112372,123506.70174881816
117000,0.11699899999999999,4096,8.0,8.0,8.576228856574744,0.7267716156154791,6.880787372589111,12.088020324707031,8.576228856574744,123497.69553467631
117200,0.117199,4096,8.0,8.0,8.575598229654133,0.7257340304903163,6.883121967315674,12.086437225341797,8.575598229654133,123488.61450701952
117400,0.11739899999999999,4096,8.0,8.0,8.574967101449147,0.7246748510188917,6.8835272789001465,12.080896377563477,8.574967101449147,123479.52626086771
117600,0.117599,4096,8.0,8.0,8.574358979356475,0.7236605255437816,6.883094787597656,12.075199127197266,8.574358979356475,123470.76930273324
117800,0.117799,4096,8.0,8.0,8.573754308512434,0.7226729913354114,6.8837409019470215,12.072444915771484,8.573754308512434,123462.06204257905
118000,0.11799899999999999,4096,8.0,8.0,8.573128959629685,0.7215957445577852,6.8853983879089355,12.067703247070312,8.573128959629685,123453.05701866746
118200,0.118199,4096,8.0,8.0,8.57251138414722,0.7205532971525622,6.886464595794678,12.063542366027832,8.57251138414722,123444.16393171996
118400,0.11839899999999999,4096,8.0,8.0,8.571896930923685,0.7194568726237742,6.88939094543457,12.06112289428711,8.571896930923685,123435.31580530107
118600,0.118599,4096,8.0,8.0,8.57126803661231,0.7183664725873359,6.890902042388916,12.0581693649292,8.57126803661231,123426.25972721726
118800,0.11879899999999999,4096,8.0,8.0,8.570669250562787,0.7173942074226201,6.891808986663818,12.054070472717285,8.570669250562787,123417.63720810413
119000,0.118999,4096,8.0,8.0,8.570064976694994,0.7163854193962402,6.89470100402832,12.050622940063477,8.570064976694994,123408.93566440791
119200,0.119199,4096,8.0,8.0,8.569476406904869,0.7154017481150631,6.896401882171631,12.048690795898438,8.569476406904869,123400.46025943011
119400,0.11939899999999999,4096,8.0,8.0,8.568881675018929,0.7143861960992998,6.896999359130859,12.046365737915039,8.568881675018929,123391.89612027258
119600,0.119599,4096,8.0,8.0,8.568285896093585,0.7133527333920691,6.898800849914551,12.041531562805176,8.568285896093585,123383.31690374762
119800,0.11979899999999999,4096,8.0,8.0,8.567693189135753,0.7123244619944371,6.901263236999512,12.038167953491211,8.567693189135753,123374.78192355484
120000,0.119999,4096,8.0,8.0,8.567080348497257,0.7112829116928006,6.903270721435547,12.035146713256836,8.567080348497257,123365.9570183605
120200,0.120199,4096,8.0,8.0,8.566483247908764,0.7102571365636869,6.903476238250732,12.030862808227539,8.566483247908764,123357.3587698862
120400,0.12039899999999999,4096,8.0,8.0,8.56588315893896,0.7092344362086698,6.904548168182373,12.026734352111816,8.56588315893896,123348.71748872101
120600,0.120599,4096,8.0,8.0,8.565299649140798,0.7082132022698909,6.906129837036133,12.021003723144531,8.565299649140798,123340.31494762748
120800,0.12079899999999999,4096,8.0,8.0,8.564715003711171,0.7072342624441822,6.906601428985596,12.013237953186035,8.564715003711171,123331.89605344087
121000,0.120999,4096,8.0,8.0,8.56412482704036,0.7062481314951369,6.9072265625,12.00757884979248,8.56412482704036,123323.39750938118
121200,0.121199,4096,8.0,8.0,8.56354427523911,0.7052847269301706,6.9084367752075195,12.005518913269043,8.56354427523911,123315.03756344318
121400,0.12139899999999999,4096,8.0,8.0,8.562959159491584,0.7043028922461824,6.908502578735352,12.001688957214355,8.562959159491584,123306.6118966788
121600,0.121599,4096,8.0,8.0,8.562395223067142,0.7033515405927094,6.9071044921875,11.999868392944336,8.562395223067142,123298.49121216685
121800,0.12179899999999999,4096,8.0,8.0,8.561827269964851,0.7023583149611974,6.909850597381592,11.994439125061035,8.561827269964851,123290.31268749386
122000,0.121999,4096,8.0,8.0,8.56124921364244,0.7013144001142254,6.911341667175293,11.989391326904297,8.56124921364244,123281.98867645115
122200,0.12219899999999999,4096,8.0,8.0,8.5606778744841,0.7002764588902592,6.91194486618042,11.983650207519531,8.5606778744841,123273.76139257103
122400,0.122399,4096,8.0,8.0,8.560114464024082,0.6992945871566639,6.914554119110107,11.977360725402832,8.560114464024082,123265.64828194678
122600,0.122599,4096,8.0,8.0,8.559558693086728,0.698346890879464,6.916858196258545,11.972742080688477,8.559558693086728,123257.64518044889
122800,0.12279899999999999,4096,8.0,8.0,8.559017465100624,0.6974376964838706,6.920261859893799,11.968839645385742,8.559017465100624,123249.85149744898
123000,0.122999,4096,8.0,8.0,8.558466179063544,0.6965182173087585,6.921798229217529,11.965021133422852,8.558466179063544,123241.91297851503
123200,0.12319899999999999,4096,8.0,8.0,8.557906642905436,0.6955688610801776,6.921431541442871,11.960074424743652,8.557906642905436,123233.85565783828
123400,0.123399,4096,8.0,8.0,8.557343290303834,0.6945906058143689,6.921460151672363,11.954662322998047,8.557343290303834,123225.7433803752
123600,0.123599,4096,8.0,8.0,8.556790466187522,0.6936191492439451,6.9231085777282715,11.950323104858398,8.556790466187522,123217.78271310031
123800,0.12379899999999999,4096,8.0,8.0,8.556255522882566,0.6926995972885394,6.923938274383545,11.945760726928711,8.556255522882566,123210.07952950895
124000,0.123999,4096,8.0,8.0,8.555722979130223,0.6917777506974992,6.9267897605896,11.943206787109375,8.555722979130223,123202.41089947522
124200,0.12419899999999999,4096,8.0,8.0,8.55517620802857,0.690793548419044,6.929956912994385,11.938737869262695,8.55517620802857,123194.5373956114
124400,0.124399,4096,8.0,8.0,8.554619801347144,0.689779882314253,6.931593418121338,11.936318397521973,8.554619801347144,123186.52513939887
124600,0.12459899999999999,4096,8.0,8.0,8.554058124194853,0.6888134901960451,6.931827545166016,11.931276321411133,8.554058124194853,123178.43698840588
124800,0.124799,4096,8.0,8.0,8.553517150110565,0.6879262662758252,6.932048797607422,11.927145957946777,8.553517150110565,123170.64696159214
125000,0.124999,4096,8.0,8.0,8.55299217090942,0.6869988678632932,6.9345574378967285,11.925580978393555,8.55299217090942,123163.08726109564
125200,0.125199,4096,8.0,8.0,8.552468779496849,0.6860508760752569,6.936259746551514,11.919687271118164,8.552468779496849,123155.55042475462
125400,0.12539899999999998,4096,8.0,8.0,8.551942284917459,0.6851269418729168,6.937215805053711,11.917425155639648,8.551942284917459,123147.96890281141
125600,0.125599,4096,8.0,8.0,8.551411454332992,0.6842121922032581,6.9383392333984375,11.916070938110352,8.551411454332992,123140.32494239509
125800,0.125799,4096,8.0,8.0,8.550872004125267,0.6832244300608669,6.937617301940918,11.913464546203613,8.550872004125267,123132.55685940385
126000,0.125999,4096,8.0,8.0,8.550354082835838,0.6822908575578341,6.939300060272217,11.91073226928711,8.550354082835838,123125.09879283607
126200,0.126199,4096,8.0,8.0,8.549845037050545,0.6814017322453543,6.9395856857299805,11.910289764404297,8.549845037050545,123117.76853352785
126400,0.12639899999999998,4096,8.0,8.0,8.54930019855965,0.6804467788680687,6.940723419189453,11.908646583557129,8.54930019855965,123109.92285925895
126600,0.126599,4096,8.0,8.0,8.548788799555041,0.6795556216863201,6.943650245666504,11.906808853149414,8.548788799555041,123102.55871359259
126800,0.126799,4096,8.0,8.0,8.548277552006766,0.6786466905318023,6.944406986236572,11.905214309692383,8.548277552006766,123095.19674889743
127000,0.126999,4096,8.0,8.0,8.547755551408045,0.6777272195558113,6.944437026977539,11.900028228759766,8.547755551408045,123087.67994027585
127200,0.127199,4096,8.0,8.0,8.547223470406607,0.676795609879359,6.945601940155029,11.897042274475098,8.547223470406607,123080.01797385514
127400,0.12739899999999998,4096,8.0,8.0,8.546713941614144,0.6759084632233123,6.946655750274658,11.896502494812012,8.546713941614144,123072.68075924367
127600,0.127599,4096,8.0,8.0,8.546198429889046,0.6749922507925217,6.94747257232666,11.89416790008545,8.546198429889046,123065.25739040226
127800,0.127799,4096,8.0,8.0,8.545682085794397,0.6740767114367794,6.947456359863281,11.891256332397461,8.545682085794397,123057.82203543931
128000,0.127999,4096,8.0,8.0,8.545181717257947,0.6731738358167926,6.946789264678955,11.88884162902832,8.545181717257947,123050.61672851443
128200,0.128199,4096,8.0,8.0,8.544657146907412,0.6722459226200793,6.947370529174805,11.886390686035156,8.544657146907412,123043.06291546673
128400,0.12839899999999999,4096,8.0,8.0,8.544120811973698,0.6712923618785709,6.947592735290527,11.88294792175293,8.544120811973698,123035.33969242126
128600,0.128599,4096,8.0,8.0,8.543618462397717,0.6703942877763481,6.948163032531738,11.87919807434082,8.543618462397717,123028.10585852712
128800,0.128799,4096,8.0,8.0,8.543103373143822,0.6694560265023133,6.949045181274414,11.875753402709961,8.543103373143822,123020.68857327104
129000,0.128999,4096,8.0,8.0,8.542604853748344,0.6685569579789813,6.950974941253662,11.87126350402832,8.542604853748344,123013.50989397615
129200,0.12919899999999998,4096,8.0,8.0,8.542093482916243,0.6676479254584641,6.952253818511963,11.867799758911133,8.542093482916243,123006.1461539939
129400,0.129399,4096,8.0,8.0,8.541588400374167,0.66674960085002,6.952613353729248,11.864622116088867,8.541588400374167,122998.872965388
129600,0.129599,4096,8.0,8.0,8.541093100327998,0.6659028511478868,6.953313827514648,11.862662315368652,8.541093100327998,122991.74064472318
129800,0.129799,4096,8.0,8.0,8.540598486550152,0.6650351982827701,6.953622817993164,11.860794067382812,8.540598486550152,122984.6182063222
130000,0.129999,4096,8.0,8.0,8.540107499924488,0.6641512318586237,6.953925609588623,11.858406066894531,8.540107499924488,122977.54799891263
130200,0.13019899999999998,4096,8.0,8.0,8.539600477204658,0.6632368172228632,6.955737590789795,11.855615615844727,8.539600477204658,122970.24687174708
130400,0.130399,4096,8.0,8.0,8.539087776443921,0.6623304410017063,6.95844841003418,11.850635528564453,8.539087776443921,122962.86398079246
130600,0.130599,4096,8.0,8.0,8.538573035853915,0.6613949064000963,6.962164402008057,11.846261978149414,8.538573035853915,122955.45171629637
130800,0.130799,4096,8.0,8.0,8.538084823521785,0.6605349086763914,6.964400768280029,11.840384483337402,8.538084823521785,122948.42145871371
131000,0.130999,4096,8.0,8.0,8.537610632833093,0.6596937400300608,6.9658284187316895,11.836943626403809,8.537610632833093,122941.59311279655
131200,0.13119899999999998,4096,8.0,8.0,8.537128463969566,0.6588089466972529,6.965725421905518,11.829754829406738,8.537128463969566,122934.64988116175
131400,0.131399,4096,8.0,8.0,8.536640853853896,0.6579412735005158,6.965254783630371,11.823455810546875,8.536640853853896,122927.6282954961
131600,0.131599,4096,8.0,8.0,8.536148964310996,0.657088014761783,6.966713905334473,11.820781707763672,8.536148964310996,122920.54508607835
131800,0.131799,4096,8.0,8.0,8.535672548692673,0.6562422898592601,6.969372272491455,11.818714141845703,8.535672548692673,122913.6847011745
132000,0.131999,4096,8.0,8.0,8.535196144832298,0.6553643026375688,6.970383644104004,11.81364631652832,8.535196144832298,122906.8244855851
132200,0.13219899999999998,4096,8.0,8.0,8.534712387016043,0.6544571940929121,6.969991683959961,11.806907653808594,8.534712387016043,122899.85837303102
132400,0.132399,4096,8.0,8.0,8.534201235393994,0.6535023875519297,6.970966815948486,11.802590370178223,8.534201235393994,122892.4977896735
132600,0.132599,4096,8.0,8.0,8.533716250909492,0.6526062617895318,6.973908424377441,11.798881530761719,8.533716250909492,122885.51401309669
132800,0.132799,4096,8.0,8.0,8.533204443054274,0.6516255453936262,6.976655006408691,11.794970512390137,8.533204443054274,122878.14397998154
133000,0.132999,4096,8.0,8.0,8.532712514977902,0.6507163901124107,6.97707462310791,11.790102005004883,8.532712514977902,122871.06021568179
133200,0.13319899999999998,4096,8.0,8.0,8.53224368323572,0.6498714125769423,6.9784440994262695,11.785316467285156,8.53224368323572,122864.30903859437
133400,0.133399,4096,8.0,8.0,8.53177649807185,0.6490414287470614,6.978724002838135,11.783919334411621,8.53177649807185,122857.58157223463
133600,0.133599,4096,8.0,8.0,8.531302542076446,0.6481732707459439,6.978853702545166,11.780121803283691,8.531302542076446,122850.75660590082
133800,0.133799,4096,8.0,8.0,8.5308475921629,0.6473065555687814,6.980289936065674,11.77623462677002,8.5308475921629,122844.20532714576
134000,0.133999,4096,8.0,8.0,8.53036975453142,0.6464108814688218,6.981637001037598,11.772594451904297,8.53036975453142,122837.32446525246
134200,0.13419899999999998,4096,8.0,8.0,8.529907079180703,0.6455343111279568,6.982963562011719,11.768477439880371,8.529907079180703,122830.66194020212
134400,0.134399,4096,8.0,8.0,8.529447535402142,0.64470621272079,6.985198974609375,11.763221740722656,8.529447535402142,122824.04450979084
134600,0.134599,4096,8.0,8.0,8.528995438246056,0.6439234001127604,6.98583459854126,11.757927894592285,8.528995438246056,122817.53431074321
134800,0.134799,4096,8.0,8.0,8.528539668419398,0.6431180377530802,6.98695182800293,11.752394676208496,8.528539668419398,122810.97122523934
135000,0.13499899999999998,4096,8.0,8.0,8.528066925820895,0.642240280429177,6.9897236824035645,11.749069213867188,8.528066925820895,122804.16373182088
135200,0.13519899999999999,4096,8.0,8.0,8.527611084282398,0.6414279473927679,6.989373207092285,11.746529579162598,8.527611084282398,122797.59961366653
135400,0.135399,4096,8.0,8.0,8.527157334261574,0.6406095640544972,6.9887309074401855,11.745345115661621,8.527157334261574,122791.06561336666
135600,0.135599,4096,8.0,8.0,8.526696870918386,0.6397475765275807,6.987485885620117,11.740941047668457,8.526696870918386,122784.43494122475
135800,0.135799,4096,8.0,8.0,8.526241696556099,0.6389316480578617,6.987279891967773,11.737488746643066,8.526241696556099,122777.88043040782
136000,0.13599899999999998,4096,8.0,8.0,8.525796479196288,0.638133920591379,6.9896039962768555,11.733301162719727,8.525796479196288,122771.46930042654
136200,0.136199,4096,8.0,8.0,8.525346398120746,0.6372901181456055,6.991189002990723,11.73086929321289,8.525346398120746,122764.98813293874
136400,0.136399,4096,8.0,8.0,8.524891160428524,0.6364719833499828,6.992351531982422,11.725144386291504,8.524891160428524,122758.43271017075
136600,0.136599,4096,8.0,8.0,8.524431301746517,0.6355776666115286,6.994959354400635,11.719621658325195,8.524431301746517,122751.81074514985
136800,0.136799,4096,8.0,8.0,8.523976340540685,0.6347436805083613,6.996067047119141,11.719029426574707,8.523976340540685,122745.25930378586
137000,0.13699899999999998,4096,8.0,8.0,8.52353656257037,0.633901805209843,6.995660781860352,11.716039657592773,8.52353656257037,122738.92650101334
137200,0.137199,4096,8.0,8.0,8.523080488783307,0.6330113891382557,6.998418807983398,11.713926315307617,8.523080488783307,122732.35903847963
137400,0.137399,4096,8.0,8.0,8.522641830611974,0.6321213991355809,7.000985622406006,11.708681106567383,8.522641830611974,122726.04236081243
137600,0.137599,4096,8.0,8.0,8.522187842638232,0.6312996925383739,7.002717971801758,11.70496940612793,8.522187842638232,122719.50493399054
137800,0.137799,4096,8.0,8.0,8.521764489589259,0.6304845223865087,7.002403259277344,11.701554298400879,8.521764489589259,122713.40865008533
138000,0.13799899999999998,4096,8.0,8.0,8.521327755763195,0.6296751610965422,7.000519752502441,11.698368072509766,8.521327755763195,122707.11968299001
138200,0.138199,4096,8.0,8.0,8.520885070669465,0.6288292218777756,7.0011162757873535,11.693835258483887,8.520885070669465,122700.74501764029
138400,0.138399,4096,8.0,8.0,8.520450013689697,0.6280072796064333,7.0004754066467285,11.690662384033203,8.520450013689697,122694.48019713163
138600,0.138599,4096,8.0,8.0,8.51999054197222,0.6271502425851463,6.9989447593688965,11.683467864990234,8.51999054197222,122687.86380439997
138800,0.138799,4096,8.0,8.0,8.519543447997421,0.6263176153051526,6.997261047363281,11.679641723632812,8.519543447997421,122681.42565116286
139000,0.13899899999999998,4096,8.0,8.0,8.519124253070913,0.6255114286382869,6.996738910675049,11.676087379455566,8.519124253070913,122675.38924422115
139200,0.139199,4096,8.0,8.0,8.518699189648032,0.6246525073116069,6.997378349304199,11.671438217163086,8.518699189648032,122669.26833093166
139400,0.139399,4096,8.0,8.0,8.518269435502589,0.6238354506143512,6.997225761413574,11.667458534240723,8.518269435502589,122663.07987123728
139600,0.139599,4096,8.0,8.0,8.517838959465735,0.6230203228091185,6.996253967285156,11.663545608520508,8.517838959465735,122656.88101630658
139800,0.139799,4096,8.0,8.0,8.517420827993192,0.6222346123100878,6.995245933532715,11.659988403320312,8.517420827993192,122650.85992310196
140000,0.13999899999999998,4096,8.0,8.0,8.516981402295642,0.6214056071655304,6.9961090087890625,11.655051231384277,8.516981402295642,122644.53219305724
140200,0.140199,4096,8.0,8.0,8.516564858728088,0.6206245515693974,6.996840953826904,11.652419090270996,8.516564858728088,122638.53396568447
140400,0.140399,4096,8.0,8.0,8.516166341607459,0.6199020868483495,6.996405601501465,11.648536682128906,8.516166341607459,122632.79531914741
140600,0.140599,4096,8.0,8.0,8.51575409702491,0.6190988281340819,6.998198986053467,11.644388198852539,8.51575409702491,122626.8589971587
140800,0.140799,4096,8.0,8.0,8.515338233322836,0.6183141130603291,7.000815391540527,11.641252517700195,8.515338233322836,122620.87055984885
141000,0.14099899999999999,4096,8.0,8.0,8.51491996855475,0.6175652137857179,7.0033793449401855,11.63896369934082,8.51491996855475,122614.8475471884
141200,0.141199,4096,8.0,8.0,8.514509528293274,0.6168421974906764,7.003944396972656,11.633506774902344,8.514509528293274,122608.93720742315
141400,0.141399,4096,8.0,8.0,8.514084691065364,0.616037965165945,7.004166126251221,11.629585266113281,8.514084691065364,122602.81955134124
141600,0.141599,4096,8.0,8.0,8.513656357186846,0.6152336821930636,7.005801677703857,11.628035545349121,8.513656357186846,122596.65154349059
141800,0.14179899999999998,4096,8.0,8.0,8.513239162042737,0.6144474279380762,7.0083441734313965,11.624384880065918,8.513239162042737,122590.64393341541
142000,0.141999,4096,8.0,8.0,8.512827075086534,0.6136621190027874,7.009082317352295,11.617788314819336,8.512827075086534,122584.70988124609
142200,0.142199,4096,8.0,8.0,8.512415352743119,0.6128537572106404,7.00976037979126,11.613470077514648,8.512415352743119,122578.78107950091
142400,0.142399,4096,8.0,8.0,8.512010150239803,0.6121012548595816,7.010432243347168,11.611796379089355,8.512010150239803,122572.94616345316
142600,0.142599,4096,8.0,8.0,8.51159624394495,0.6113218578346454,7.011803150177002,11.609355926513672,8.51159624394495,122566.98591280729
142800,0.14279899999999998,4096,8.0,8.0,8.51118602475617,0.610518044124616,7.010207176208496,11.60635757446289,8.51118602475617,122561.07875648886
143000,0.142999,4096,8.0,8.0,8.510773759102449,0.6096944586700832,7.009564399719238,11.602550506591797,8.510773759102449,122555.14213107526
143200,0.143199,4096,8.0,8.0,8.510343449539505,0.6088771967176678,7.013076305389404,11.59811782836914,8.510343449539505,122548.94567336887
143400,0.143399,4096,8.0,8.0,8.509926511673257,0.6080713240333763,7.015198707580566,11.593326568603516,8.509926511673257,122542.9417680949
143600,0.143599,4096,8.0,8.0,8.50952667905949,0.6072817299654485,7.015390396118164,11.587003707885742,8.50952667905949,122537.18417845666
143800,0.14379899999999998,4096,8.0,8.0,8.50909998419229,0.6064412276923381,7.01497220993042,11.578691482543945,8.50909998419229,122531.03977236897
144000,0.143999,4096,8.0,8.0,8.508678873884492,0.6055885488982072,7.015406608581543,11.571231842041016,8.508678873884492,122524.97578393668
144200,0.144199,4096,8.0,8.0,8.508268264937215,0.6048383542300265,7.019598007202148,11.568222045898438,8.508268264937215,122519.06301509589
144400,0.144399,4096,8.0,8.0,8.507869182154536,0.6040304467622175,7.018832206726074,11.565067291259766,8.507869182154536,122513.31622302532
144600,0.144599,4096,8.0,8.0,8.507456622901373,0.6032236114405012,7.018752574920654,11.562825202941895,8.507456622901373,122507.37536977977
144800,0.14479899999999998,4096,8.0,8.0,8.50705613475293,0.6024327133450487,7.018863201141357,11.561378479003906,8.50705613475293,122501.60834044218
145000,0.144999,4096,8.0,8.0,8.506653630174696,0.6016867818583941,7.01841402053833,11.558547973632812,8.506653630174696,122495.81227451563
145200,0.145199,4096,8.0,8.0,8.506244446733035,0.6009374933162128,7.01799201965332,11.555404663085938,8.506244446733035,122489.9200329557
145400,0.145399,4096,8.0,8.0,8.50586125429254,0.6002277312347265,7.015323162078857,11.55368423461914,8.50586125429254,122484.40206181258
145600,0.145599,4096,8.0,8.0,8.505465824273415,0.5994410977596099,7.016414642333984,11.548482894897461,8.505465824273415,122478.70786953717
145800,0.14579899999999998,4096,8.0,8.0,8.505059716990218,0.598669897032821,7.014508247375488,11.541158676147461,8.505059716990218,122472.85992465913
146000,0.145999,4096,8.0,8.0,8.50467294943519,0.5978966334146548,7.012128829956055,11.537307739257812,8.50467294943519,122467.29047186673
146200,0.146199,4096,8.0,8.0,8.504290511016734,0.5971588404221507,7.011033058166504,11.53598690032959,8.504290511016734,122461.78335864097
146400,0.146399,4096,8.0,8.0,8.503901469521224,0.5964530404387417,7.01080322265625,11.5357666015625,8.503901469521224,122456.18116110563
146600,0.146599,4096,8.0,8.0,8.503493753727525,0.595645771347336,7.009886264801025,11.531736373901367,8.503493753727525,122450.31005367637
146800,0.14679899999999999,4096,8.0,8.0,8.503086737939157,0.5948560152162915,7.0111870765686035,11.52409553527832,8.503086737939157,122444.44902632385
147000,0.146999,4096,8.0,8.0,8.50267903599888,0.5940721623326934,7.013367652893066,11.51951789855957,8.50267903599888,122438.57811838388
147200,0.147199,4096,8.0,8.0,8.502284364774823,0.5933048537346152,7.011906623840332,11.514986038208008,8.502284364774823,122432.89485275745
147400,0.147399,4096,8.0,8.0,8.501893196254969,0.5925250001023611,7.012498378753662,11.511577606201172,8.501893196254969,122427.26202607155
147600,0.14759899999999998,4096,8.0,8.0,8.501518153701909,0.591793971468639,7.0118937492370605,11.508679389953613,8.501518153701909,122421.86141330749
147800,0.14779899999999999,4096,8.0,8.0,8.501139746396802,0.590990588632094,7.014227867126465,11.503734588623047,8.501139746396802,122416.41234811395
148000,0.147999,4096,8.0,8.0,8.50074739009142,0.5901877064566309,7.018446445465088,11.49794864654541,8.50074739009142,122410.76241731644
148200,0.148199,4096,8.0,8.0,8.50036593945697,0.5894427778367398,7.020730972290039,11.495512962341309,8.50036593945697,122405.26952818036
148400,0.148399,4096,8.0,8.0,8.499996338738129,0.5887230683390865,7.021036148071289,11.492205619812012,8.499996338738129,122399.94727782905
148600,0.14859899999999998,4096,8.0,8.0,8.499610080500133,0.5880035823316416,7.021189212799072,11.485081672668457,8.499610080500133,122394.38515920192
148800,0.148799,4096,8.0,8.0,8.499225412495434,0.5872219846314932,7.021596431732178,11.478815078735352,8.499225412495434,122388.84593993425
149000,0.148999,4096,8.0,8.0,8.498847071896307,0.5864832331086809,7.022086143493652,11.475363731384277,8.498847071896307,122383.39783530682
149200,0.149199,4096,8.0,8.0,8.498472205130383,0.5857747967775975,7.022010326385498,11.473478317260742,8.498472205130383,122377.99975387752
149400,0.149399,4096,8.0,8.0,8.498097372241318,0.585036947689912,7.02130651473999,11.467019081115723,8.498097372241318,122372.60216027498
149600,0.14959899999999998,4096,8.0,8.0,8.497733758878894,0.5842769130920777,7.020351409912109,11.46406364440918,8.497733758878894,122367.36612785608
149800,0.149799,4096,8.0,8.0,8.497372285695747,0.5835489319651987,7.0193963050842285,11.461026191711426,8.497372285695747,122362.16091401875
150000,0.149999,4096,8.0,8.0,8.497002903139219,0.5827848473845217,7.019302845001221,11.459716796875,8.497002903139219,122356.84180520475
150200,0.150199,4096,8.0,8.0,8.496627934742719,0.5820279979956813,7.020205974578857,11.4595365524292,8.496627934742719,122351.44226029515
150400,0.150399,4096,8.0,8.0,8.496261480962858,0.5812930947255542,7.019929885864258,11.457035064697266,8.496261480962858,122346.16532586515
150600,0.15059899999999998,4096,8.0,8.0,8.495891486876644,0.5805347929645167,7.019570827484131,11.452686309814453,8.495891486876644,122340.83741102368
150800,0.150799,4096,8.0,8.0,8.495542639750056,0.5798797358652125,7.017533302307129,11.4501314163208,8.495542639750056,122335.8140124008
151000,0.150999,4096,8.0,8.0,8.495181468664669,0.5792156672228979,7.017324447631836,11.443833351135254,8.495181468664669,122330.61314877123
151200,0.151199,4096,8.0,8.0,8.494821712025441,0.5785195614075052,7.015988349914551,11.440869331359863,8.494821712025441,122325.43265316635
151400,0.151399,4096,8.0,8.0,8.49446757521946,0.577810124160885,7.017190456390381,11.440250396728516,8.49446757521946,122320.33308316022
151600,0.15159899999999998,4096,8.0,8.0,8.49410668888595,0.5771237648696566,7.018729209899902,11.438629150390625,8.49410668888595,122315.13631995767
151800,0.151799,4096,8.0,8.0,8.49375006032642,0.5764315171613101,7.0193772315979,11.434690475463867,8.49375006032642,122310.00086870044
152000,0.151999,4096,8.0,8.0,8.493380536441691,0.5757123024599881,7.020302772521973,11.43069076538086,8.493380536441691,122304.67972476035
152200,0.152199,4096,8.0,8.0,8.493021149304695,0.5750486567058277,7.020709037780762,11.426580429077148,8.493021149304695,122299.50454998761
152400,0.152399,4096,8.0,8.0,8.492681013885885,0.5744189844008173,7.018220901489258,11.425418853759766,8.492681013885885,122294.60659995675
152600,0.15259899999999998,4096,8.0,8.0,8.492335341055878,0.5737519927259057,7.017812728881836,11.422924041748047,8.492335341055878,122289.62891120464
152800,0.152799,4096,8.0,8.0,8.491979623446241,0.5730386130754321,7.017291069030762,11.420073509216309,8.491979623446241,122284.50657762587
153000,0.152999,4096,8.0,8.0,8.491621117689647,0.5723044014718968,7.017474174499512,11.418554306030273,8.491621117689647,122279.34409473091
153200,0.153199,4096,8.0,8.0,8.491248504607938,0.5715670244667305,7.018478870391846,11.414113998413086,8.491248504607938,122273.97846635431
153400,0.15339899999999998,4096,8.0,8.0,8.490907648927532,0.5708709233436599,7.017495632171631,11.411487579345703,8.490907648927532,122269.07014455646
153600,0.15359899999999999,4096,8.0,8.0,8.49055914557539,0.5701622321403192,7.017695903778076,11.409926414489746,8.49055914557539,122264.0516962856
153800,0.153799,4096,8.0,8.0,8.49020670040045,0.5694680620213556,7.017722129821777,11.408397674560547,8.49020670040045,122258.97648576647
154000,0.153999,4096,8.0,8.0,8.489856179687195,0.5687636991737032,7.019662857055664,11.40688705444336,8.489856179687195,122253.9289874956
154200,0.154199,4096,8.0,8.0,8.48951791843865,0.5680604002743026,7.019063472747803,11.404342651367188,8.48951791843865,122249.05802551657
154400,0.15439899999999998,4096,8.0,8.0,8.489172266796231,0.5673937733445507,7.0177483558654785,11.402097702026367,8.489172266796231,122244.08064186573
154600,0.154599,4096,8.0,8.0,8.488821754348464,0.566702538154652,7.016628742218018,11.395313262939453,8.488821754348464,122239.03326261789
154800,0.154799,4096,8.0,8.0,8.488462846376933,0.5659781403464881,7.015080451965332,11.391590118408203,8.488462846376933,122233.86498782784
155000,0.154999,4096,8.0,8.0,8.488109169527888,0.5652892753021234,7.014308929443359,11.388856887817383,8.488109169527888,122228.77204120159
155200,0.155199,4096,8.0,8.0,8.487754389527254,0.5646083964432178,7.01237678527832,11.382551193237305,8.487754389527254,122223.66320919245
155400,0.15539899999999998,4096,8.0,8.0,8.487402894999832,0.5638709288397986,7.01062536239624,11.377460479736328,8.487402894999832,122218.60168799758
155600,0.155599,4096,8.0,8.0,8.487054955679923,0.5631454239876271,7.012258529663086,11.374547004699707,8.487054955679923,122213.5913617909
155800,0.155799,4096,8.0,8.0,8.486705736955628,0.5624327122020839,7.01150369644165,11.37044906616211,8.486705736955628,122208.56261216104
156000,0.155999,4096,8.0,8.0,8.486362113500945,0.5617381888999261,7.010456085205078,11.367471694946289,8.486362113500945,122203.61443441361
156200,0.156199,4096,8.0,8.0,8.48603979148902,0.5610998762938145,7.013370513916016,11.366058349609375,8.48603979148902,122198.97299744189
156400,0.15639899999999998,4096,8.0,8.0,8.485692590824328,0.5604399236276608,7.014120101928711,11.361335754394531,8.485692590824328,122193.97330787033
156600,0.156599,4096,8.0,8.0,8.48533031041734,0.5596861814098322,7.01554012298584,11.359188079833984,8.48533031041734,122188.75647000968
156800,0.156799,4096,8.0,8.0,8.48497851495631,0.558962570903812,7.015085697174072,11.354425430297852,8.48497851495631,122183.69061537087
157000,0.156999,4096,8.0,8.0,8.484643077244982,0.558257502024702,7.016516208648682,11.35291862487793,8.484643077244982,122178.86031232774
157200,0.157199,4096,8.0,8.0,8.48432650999166,0.5576149630248096,7.01899528503418,11.350860595703125,8.48432650999166,122174.30174387991
157400,0.15739899999999998,4096,8.0,8.0,8.4839902210515,0.5569135797062044,7.019850730895996,11.347463607788086,8.4839902210515,122169.45918314159
157600,0.157599,4096,8.0,8.0,8.483654760173522,0.556231424131652,7.019939422607422,11.34686279296875,8.483654760173522,122164.62854649872
157800,0.157799,4096,8.0,8.0,8.483312428928912,0.5555034652270225,7.021249771118164,11.341513633728027,8.483312428928912,122159.69897657633
158000,0.157999,4096,8.0,8.0,8.482994288788177,0.5548387023123089,7.021754264831543,11.337371826171875,8.482994288788177,122155.11775854975
158200,0.158199,4096,8.0,8.0,8.482670202036388,0.5541641343017191,7.0225019454956055,11.332027435302734,8.482670202036388,122150.45090932399
158400,0.15839899999999998,4096,8.0,8.0,8.48234526568558,0.5535354100727504,7.024632453918457,11.330936431884766,8.48234526568558,122145.77182587236
158600,0.158599,4096,8.0,8.0,8.482012001797557,0.552863366076299,7.02701473236084,11.328611373901367,8.482012001797557,122140.97282588482
158800,0.158799,4096,8.0,8.0,8.481669748434797,0.5521295180172213,7.030039310455322,11.32606315612793,8.481669748434797,122136.04437746108
159000,0.158999,4096,8.0,8.0,8.481343861436471,0.5514512326998854,7.032675743103027,11.321857452392578,8.481343861436471,122131.35160468519
159200,0.15919899999999998,4096,8.0,8.0,8.481009618495591,0.5507696517410573,7.033231735229492,11.316021919250488,8.481009618495591,122126.53850633651
159400,0.15939899999999999,4096,8.0,8.0,8.480675694299862,0.5500666008854654,7.032558441162109,11.311016082763672,8.480675694299862,122121.72999791801
159600,0.159599,4096,8.0,8.0,8.48035252362024,0.5493622293301323,7.034363746643066,11.308631896972656,8.48035252362024,122117.07634013146
159800,0.159799,4096,8.0,8.0,8.480030830367468,0.5486716443721056,7.035445690155029,11.30677604675293,8.480030830367468,122112.44395729154
160000,0.159999,4096,8.0,8.0,8.47973078279756,0.5480403610640951,7.036465167999268,11.304056167602539,8.47973078279756,122108.12327228487
160200,0.16019899999999998,4096,8.0,8.0,8.479430489707738,0.5474658884381884,7.03915548324585,11.298032760620117,8.479430489707738,122103.79905179143
160400,0.16039899999999999,4096,8.0,8.0,8.479117466369644,0.5468480289455204,7.039659023284912,11.293180465698242,8.479117466369644,122099.29151572287
160600,0.160599,4096,8.0,8.0,8.478793457499705,0.5461992493722427,7.038790225982666,11.290434837341309,8.478793457499705,122094.62578799576
160800,0.160799,4096,8.0,8.0,8.478470152826048,0.5455306994865253,7.041135787963867,11.285699844360352,8.478470152826048,122089.9702006951
161000,0.160999,4096,8.0,8.0,8.478140804800205,0.5448771160367439,7.040821552276611,11.281984329223633,8.478140804800205,122085.22758912295
161200,0.16119899999999998,4096,8.0,8.0,8.477816639700904,0.5442165162538983,7.040835380554199,11.275590896606445,8.477816639700904,122080.55961169302
161400,0.161399,4096,8.0,8.0,8.477500559645705,0.5435686951415156,7.040318489074707,11.272481918334961,8.477500559645705,122076.00805889815
161600,0.161599,4096,8.0,8.0,8.477190390578471,0.5429589730877673,7.038872241973877,11.271860122680664,8.477190390578471,122071.54162432998
161800,0.161799,4096,8.0,8.0,8.476879244321026,0.5423477029353173,7.039303779602051,11.26753044128418,8.476879244321026,122067.06111822277
162000,0.161999,4096,8.0,8.0,8.476555761764757,0.5416400359105286,7.040965557098389,11.263204574584961,8.476555761764757,122062.4029694125
162200,0.16219899999999998,4096,8.0,8.0,8.47624959400855,0.5410014191082143,7.044448375701904,11.258496284484863,8.47624959400855,122057.99415372312
162400,0.162399,4096,8.0,8.0,8.475929787848145,0.5403415335236875,7.043898582458496,11.252058029174805,8.475929787848145,122053.38894501328
162600,0.162599,4096,8.0,8.0,8.475625915802084,0.5397480355741088,7.0457048416137695,11.248922348022461,8.475625915802084,122049.01318755001
162800,0.162799,4096,8.0,8.0,8.47530961141456,0.5391210872515331,7.046498775482178,11.245339393615723,8.47530961141456,122044.45840436965
163000,0.162999,4096,8.0,8.0,8.474993219482712,0.5384697089831898,7.043722629547119,11.240240097045898,8.474993219482712,122039.90236055106
163200,0.16319899999999998,4096,8.0,8.0,8.474678367609158,0.5378272189213451,7.045895576477051,11.235366821289062,8.474678367609158,122035.36849357188
163400,0.163399,4096,8.0,8.0,8.474358810577542,0.537186155573308,7.045097351074219,11.232160568237305,8.474358810577542,122030.7668723166
163600,0.163599,4096,8.0,8.0,8.474060171982273,0.5365616905080065,7.045901298522949,11.229196548461914,8.474060171982273,122026.46647654474
163800,0.163799,4096,8.0,8.0,8.473750252160244,0.5358968625939545,7.045348644256592,11.225454330444336,8.473750252160244,122022.00363110751
164000,0.163999,4096,8.0,8.0,8.473444991512224,0.5352752028556199,7.044474124908447,11.220197677612305,8.473444991512224,122017.60787777603
164200,0.16419899999999998,4096,8.0,8.0,8.473140982561745,0.5346785954841609,7.041847229003906,11.216256141662598,8.473140982561745,122013.23014888912
164400,0.164399,4096,8.0,8.0,8.472830189508386,0.5340161747932615,7.039970874786377,11.214768409729004,8.472830189508386,122008.75472892076
164600,0.164599,4096,8.0,8.0,8.472531297709793,0.5333459994253028,7.041386604309082,11.21051025390625,8.472531297709793,122004.45068702102
164800,0.164799,4096,8.0,8.0,8.472231715801172,0.5326847982336518,7.041152000427246,11.205144882202148,8.472231715801172,122000.13670753688
165000,0.16499899999999998,4096,8.0,8.0,8.471924142097123,0.5319759018198131,7.04146671295166,11.20149040222168,8.471924142097123,121995.70764619857
165200,0.16519899999999998,4096,8.0,8.0,8.471623477176763,0.5313391563871641,7.041406154632568,11.198756217956543,8.471623477176763,121991.37807134539
165400,0.165399,4096,8.0,8.0,8.471333943074569,0.5307160379249539,7.043197154998779,11.192558288574219,8.471333943074569,121987.2087802738
165600,0.165599,4096,8.0,8.0,8.471045976039022,0.5300740455384831,7.045402526855469,11.188928604125977,8.471045976039022,121983.06205496192
165800,0.165799,4096,8.0,8.0,8.470758068142459,0.5294813148728641,7.047352313995361,11.183782577514648,8.470758068142459,121978.9161812514
166000,0.16599899999999998,4096,8.0,8.0,8.470472341985442,0.5289054064478388,7.048951625823975,11.17872428894043,8.470472341985442,121974.80172459036
166200,0.16619899999999999,4096,8.0,8.0,8.47016289352905,0.5282446152289115,7.046885967254639,11.176446914672852,8.47016289352905,121970.34566681832
166400,0.166399,4096,8.0,8.0,8.469861565041356,0.5276053433435475,7.047275066375732,11.172812461853027,8.469861565041356,121966.00653659552
166600,0.166599,4096,8.0,8.0,8.469567510997877,0.5269887400436629,7.048011302947998,11.170495986938477,8.469567510997877,121961.77215836942
166800,0.166799,4096,8.0,8.0,8.469269970082678,0.5263908922971865,7.047301292419434,11.1666841506958,8.469269970082678,121957.48756919056
167000,0.16699899999999998,4096,8.0,8.0,8.468968556146137,0.5257560553286628,7.047388076782227,11.163633346557617,8.468968556146137,121953.14720850438
167200,0.167199,4096,8.0,8.0,8.46867010591086,0.5251344171776651,7.048061370849609,11.159751892089844,8.46867010591086,121948.84952511638
167400,0.167399,4096,8.0,8.0,8.46838463936001,0.5245176167914934,7.0504655838012695,11.155953407287598,8.46838463936001,121944.73880678415
167600,0.167599,4096,8.0,8.0,8.468119275639765,0.5239725653796338,7.050624370574951,11.151342391967773,8.468119275639765,121940.91756921262
167800,0.167799,4096,8.0,8.0,8.467840713448822,0.5234069445417201,7.051092147827148,11.147551536560059,8.467840713448822,121936.90627366304
168000,0.16799899999999998,4096,8.0,8.0,8.467537039658055,0.5227552626959914,7.050837516784668,11.144201278686523,8.467537039658055,121932.53337107599
168200,0.168199,4096,8.0,8.0,8.467252457747236,0.5221771947674273,7.05345344543457,11.141982078552246,8.467252457747236,121928.4353915602
168400,0.168399,4096,8.0,8.0,8.466980914352462,0.5216196406277317,7.0539326667785645,11.13998031616211,8.466980914352462,121924.52516667545
168600,0.168599,4096,8.0,8.0,8.466700181248598,0.5210186206639555,7.05429744720459,11.13694953918457,8.466700181248598,121920.48260997981
168800,0.168799,4096,8.0,8.0,8.466416731011122,0.5203710475577139,7.053236961364746,11.132722854614258,8.466416731011122,121916.40092656016
169000,0.16899899999999998,4096,8.0,8.0,8.46612556988839,0.519767480613998,7.053359508514404,11.131490707397461,8.46612556988839,121912.20820639282
169200,0.169199,4096,8.0,8.0,8.465844739344902,0.5191776631957712,7.053442001342773,11.127443313598633,8.465844739344902,121908.1642465666
169400,0.169399,4096,8.0,8.0,8.465584688587114,0.51860196852708,7.0531816482543945,11.126469612121582,8.465584688587114,121904.41951565444
169600,0.169599,4096,8.0,8.0,8.46530444920063,0.5179475675735267,7.054289817810059,11.123810768127441,8.46530444920063,121900.38406848907
169800,0.169799,4096,8.0,8.0,8.46503198123537,0.5172993177642454,7.055059909820557,11.118569374084473,8.46503198123537,121896.46052978933
170000,0.16999899999999998,4096,8.0,8.0,8.464746653568,0.5166784506045778,7.05485725402832,11.115763664245605,8.464746653568,121892.3518113792
170200,0.170199,4096,8.0,8.0,8.464478299953043,0.5160979588803434,7.0566911697387695,11.115158081054688,8.464478299953043,121888.48751932383
170400,0.170399,4096,8.0,8.0,8.46420659753494,0.5155458833383638,7.055797100067139,11.11126708984375,8.46420659753494,121884.57500450313
170600,0.170599,4096,8.0,8.0,8.463930586352944,0.5149511193388286,7.057285308837891,11.104707717895508,8.463930586352944,121880.6004434824
170800,0.17079899999999998,4096,8.0,8.0,8.463662034831941,0.5143869592920638,7.057178497314453,11.103208541870117,8.463662034831941,121876.73330157995
171000,0.17099899999999998,4096,8.0,8.0,8.463395840255544,0.5138102905566411,7.057442665100098,11.103372573852539,8.463395840255544,121872.90009967983
171200,0.171199,4096,8.0,8.0,8.463131577474996,0.513252973657661,7.056248188018799,11.100584030151367,8.463131577474996,121869.09471563995
171400,0.171399,4096,8.0,8.0,8.462866722373292,0.5126743853960603,7.059169292449951,11.097407341003418,8.462866722373292,121865.2808021754
171600,0.171599,4096,8.0,8.0,8.462573205120862,0.5119949512898788,7.060191631317139,11.096646308898926,8.462573205120862,121861.0541537404
171800,0.17179899999999998,4096,8.0,8.0,8.462294307420962,0.5113882809117225,7.0588483810424805,11.093667984008789,8.462294307420962,121857.03802686185
172000,0.17199899999999999,4096,8.0,8.0,8.462014601915143,0.5107214093010445,7.060040473937988,11.090245246887207,8.462014601915143,121853.01026757807
172200,0.172199,4096,8.0,8.0,8.461730924551375,0.51006313142813,7.057944297790527,11.086631774902344,8.461730924551375,121848.9253135398
172400,0.172399,4096,8.0,8.0,8.461451881332323,0.5094516549459732,7.055944919586182,11.081435203552246,8.461451881332323,121844.90709118545
172600,0.172599,4096,8.0,8.0,8.46117550227791,0.5088397548976716,7.055204391479492,11.076658248901367,8.46117550227791,121840.92723280191
172800,0.17279899999999998,4096,8.0,8.0,8.460898113087751,0.5082344880906668,7.0576171875,11.073556900024414,8.460898113087751,121836.93282846361
173000,0.17299899999999999,4096,8.0,8.0,8.460623097023927,0.5076680178497458,7.059208393096924,11.070455551147461,8.460623097023927,121832.97259714454
173200,0.173199,4096,8.0,8.0,8.460365617182106,0.507138777498185,7.059598922729492,11.06687068939209,8.460365617182106,121829.26488742232
173400,0.173399,4096,8.0,8.0,8.460101415868849,0.5065688856955401,7.061992645263672,11.06564712524414,8.460101415868849,121825.46038851142
173600,0.173599,4096,8.0,8.0,8.459847631631419,0.506051721318304,7.0630035400390625,11.063776016235352,8.459847631631419,121821.80589549243
173800,0.17379899999999998,4096,8.0,8.0,8.459572086343542,0.5054556209155747,7.066403388977051,11.062828063964844,8.459572086343542,121817.838043347
174000,0.173999,4096,8.0,8.0,8.459314938634634,0.5049219180735928,7.067276954650879,11.059623718261719,8.459314938634634,121814.13511633873
174200,0.174199,4096,8.0,8.0,8.459052441292442,0.5043552064746132,7.066238880157471,11.057361602783203,8.459052441292442,121810.35515461117
174400,0.174399,4096,8.0,8.0,8.458788547897711,0.5038110025347572,7.068048477172852,11.051466941833496,8.458788547897711,121806.55508972704
174600,0.174599,4096,8.0,8.0,8.458520440151915,0.5032364030796567,7.068991184234619,11.047319412231445,8.458520440151915,121802.69433818758
174800,0.17479899999999998,4096,8.0,8.0,8.458254825207405,0.5026288303110369,7.070121765136719,11.04550552368164,8.458254825207405,121798.86948298663
175000,0.174999,4096,8.0,8.0,8.457988532492891,0.5020285751057262,7.071531295776367,11.040836334228516,8.457988532492891,121795.03486789763
175200,0.175199,4096,8.0,8.0,8.457733272574842,0.5014595499003448,7.072287559509277,11.038230895996094,8.457733272574842,121791.35912507772
175400,0.175399,4096,8.0,8.0,8.457472784211859,0.5008866240314028,7.073861598968506,11.03223991394043,8.457472784211859,121787.60809265077
175600,0.175599,4096,8.0,8.0,8.45720419823192,0.5003043695654197,7.074941635131836,11.027101516723633,8.45720419823192,121783.74045453966
175800,0.17579899999999998,4096,8.0,8.0,8.456935777678154,0.4997013911397583,7.077389240264893,11.019214630126953,8.456935777678154,121779.87519856542
176000,0.175999,4096,8.0,8.0,8.456680293544196,0.4991501860695797,7.080359935760498,11.016167640686035,8.456680293544196,121776.19622703642
176200,0.176199,4096,8.0,8.0,8.456422028131783,0.49857325357079924,7.0821332931518555,11.01301383972168,8.456422028131783,121772.47720509768
176400,0.176399,4096,8.0,8.0,8.456155701423995,0.4980070741134669,7.082001209259033,11.010220527648926,8.456155701423995,121768.64210050553
176600,0.17659899999999998,4096,8.0,8.0,8.455886662355624,0.49739198794327955,7.082257270812988,11.00745964050293,8.455886662355624,121764.76793792099
176800,0.17679899999999998,4096,8.0,8.0,8.45562398841139,0.4968276901848107,7.083489418029785,11.003450393676758,8.45562398841139,121760.985433124
177000,0.176999,4096,8.0,8.0,8.455359924817458,0.49622036717882195,7.085935115814209,10.999334335327148,8.455359924817458,121757.18291737139
177200,0.177199,4096,8.0,8.0,8.455108521622606,0.49564691509152664,7.089476585388184,10.996272087097168,8.455108521622606,121753.56271136552
177400,0.177399,4096,8.0,8.0,8.454851831076667,0.4950743610349427,7.092438697814941,10.99119758605957,8.454851831076667,121749.866367504
177600,0.17759899999999998,4096,8.0,8.0,8.45458656840492,0.4944365994172446,7.093955039978027,10.986530303955078,8.45458656840492,121746.04658503085
177800,0.17779899999999998,4096,8.0,8.0,8.454339480609633,0.4938628624178696,7.0955915451049805,10.984620094299316,8.454339480609633,121742.48852077872
178000,0.177999,4096,8.0,8.0,8.454088308964856,0.493301148863541,7.096227169036865,10.982789039611816,8.454088308964856,121738.87164909393
178200,0.178199,4096,8.0,8.0,8.45383179129567,0.4927732581166272,7.098085880279541,10.979458808898926,8.45383179129567,121735.17779465765
178400,0.178399,4096,8.0,8.0,8.453573452308774,0.49222701093572313,7.0980939865112305,10.977193832397461,8.453573452308774,121731.45771324635
178600,0.17859899999999998,4096,8.0,8.0,8.453305607661605,0.49158933908383673,7.099089622497559,10.976187705993652,8.453305607661605,121727.60075032711
178800,0.17879899999999999,4096,8.0,8.0,8.453056390746497,0.4910188708282778,7.099414825439453,10.969730377197266,8.453056390746497,121724.01202674955
179000,0.178999,4096,8.0,8.0,8.452809115173295,0.49046466052139975,7.100881576538086,10.9660062789917,8.452809115173295,121720.45125849545
179200,0.179199,4096,8.0,8.0,8.452560311416164,0.4899162624163263,7.103018760681152,10.9623441696167,8.452560311416164,121716.86848439276
179400,0.179399,4096,8.0,8.0,8.452297059004195,0.48935401448547644,7.104723930358887,10.960731506347656,8.452297059004195,121713.07764966041
179600,0.17959899999999998,4096,8.0,8.0,8.452039185678586,0.4888390112605331,7.103689193725586,10.956962585449219,8.452039185678586,121709.36427377164
179800,0.179799,4096,8.0,8.0,8.451777992537245,0.4882862805183636,7.1045966148376465,10.952032089233398,8.451777992537245,121705.60309253633
180000,0.179999,4096,8.0,8.0,8.451529295532964,0.48775311996065496,7.105343341827393,10.951618194580078,8.451529295532964,121702.02185567468
180200,0.180199,4096,8.0,8.0,8.451282229390927,0.48722883194295974,7.106648921966553,10.94837474822998,8.451282229390927,121698.46410322934
180400,0.180399,4096,8.0,8.0,8.451031393371522,0.486671255305994,7.108659744262695,10.947101593017578,8.451031393371522,121694.85206454992
180600,0.18059899999999998,4096,8.0,8.0,8.450791202834807,0.486073745875779,7.110126495361328,10.945916175842285,8.450791202834807,121691.39332082123
180800,0.180799,4096,8.0,8.0,8.450553287751973,0.4855720489340892,7.112409591674805,10.94428825378418,8.450553287751973,121687.9673436284
181000,0.180999,4096,8.0,8.0,8.450298515032046,0.48501929196753035,7.113388538360596,10.940727233886719,8.450298515032046,121684.29861646146
181200,0.181199,4096,8.0,8.0,8.45006393676158,0.48450671920288907,7.113502502441406,10.938064575195312,8.45006393676158,121680.92068936676
181400,0.181399,4096,8.0,8.0,8.449813105748035,0.4839114656030777,7.111917495727539,10.932685852050781,8.449813105748035,121677.3087227717
181600,0.18159899999999998,4096,8.0,8.0,8.44958011887502,0.48336495867625295,7.1117143630981445,10.929906845092773,8.44958011887502,121673.95371180028
181800,0.181799,4096,8.0,8.0,8.44933798618149,0.4828535595463131,7.11347770690918,10.926508903503418,8.44933798618149,121670.46700101346
182000,0.181999,4096,8.0,8.0,8.449088430963457,0.48230509539208877,7.114774227142334,10.921892166137695,8.449088430963457,121666.87340587378
182200,0.182199,4096,8.0,8.0,8.448840124066919,0.4817641684751322,7.115719795227051,10.916200637817383,8.448840124066919,121663.29778656363
182400,0.182399,4096,8.0,8.0,8.448603273136541,0.4812743391433569,7.1166582107543945,10.912653923034668,8.448603273136541,121659.8871331662
182600,0.18259899999999998,4096,8.0,8.0,8.448375607142225,0.4807461002312811,7.118686676025391,10.909586906433105,8.448375607142225,121656.60874284804
182800,0.182799,4096,8.0,8.0,8.448141381843016,0.48018656858299774,7.119687557220459,10.905107498168945,8.448141381843016,121653.23589853942
183000,0.182999,4096,8.0,8.0,8.447894289856777,0.4796277855703814,7.120556354522705,10.901456832885742,8.447894289856777,121649.67777393758
183200,0.183199,4096,8.0,8.0,8.44765714474488,0.47907307084596995,7.120882987976074,10.899004936218262,8.44765714474488,121646.26288432628
183400,0.18339899999999998,4096,8.0,8.0,8.447407449712045,0.4785165009072418,7.121275901794434,10.89826774597168,8.447407449712045,121642.66727585346
183600,0.18359899999999998,4096,8.0,8.0,8.447166956961155,0.47800039588787896,7.120738506317139,10.89805793762207,8.447166956961155,121639.20418024063
183800,0.183799,4096,8.0,8.0,8.44693059148267,0.47747828477286186,7.120048999786377,10.894944190979004,8.44693059148267,121635.80051735044
184000,0.183999,4096,8.0,8.0,8.446699172956869,0.47694767469986693,7.120233058929443,10.891108512878418,8.446699172956869,121632.46809057891
184200,0.184199,4096,8.0,8.0,8.446465334738605,0.47639221417847455,7.119636058807373,10.88723087310791,8.446465334738605,121629.10082023591
184400,0.18439899999999998,4096,8.0,8.0,8.446219442295842,0.4758248500602406,7.119996070861816,10.884551048278809,8.446219442295842,121625.55996906012
184600,0.18459899999999999,4096,8.0,8.0,8.44598841201514,0.47527775238201136,7.120480537414551,10.880419731140137,8.44598841201514,121622.23313301802
184800,0.184799,4096,8.0,8.0,8.445779049070552,0.4748166500313965,7.120816230773926,10.881599426269531,8.445779049070552,121619.21830661595
185000,0.184999,4096,8.0,8.0,8.445549509255216,0.4742962844028855,7.124869346618652,10.881616592407227,8.445549509255216,121615.9129332751
185200,0.185199,4096,8.0,8.0,8.445322252926417,0.4738007281239283,7.128015518188477,10.879796981811523,8.445322252926417,121612.6404421404
185400,0.18539899999999998,4096,8.0,8.0,8.445098919561133,0.4732929415179382,7.127083778381348,10.876938819885254,8.445098919561133,121609.42444168031
185600,0.185599,4096,8.0,8.0,8.444856201065704,0.47272939685288784,7.127322673797607,10.876562118530273,8.444856201065704,121605.92929534614
185800,0.185799,4096,8.0,8.0,8.444629944395274,0.4721788149928423,7.1273417472839355,10.873827934265137,8.444629944395274,121602.67119929194
186000,0.185999,4096,8.0,8.0,8.444399727042764,0.4716307962337623,7.126659870147705,10.870542526245117,8.444399727042764,121599.35606941581
186200,0.186199,4096,8.0,8.0,8.444174003088847,0.4711121639957957,7.125062465667725,10.869683265686035,8.444174003088847,121596.1056444794
186400,0.18639899999999998,4096,8.0,8.0,8.443957795272581,0.47059254904111897,7.124536991119385,10.869039535522461,8.443957795272581,121592.99225192517
186600,0.186599,4096,8.0,8.0,8.443739401176572,0.4700679559740428,7.123434543609619,10.865379333496094,8.443739401176572,121589.84737694263
186800,0.186799,4096,8.0,8.0,8.443512242287397,0.4695508257254468,7.122737884521484,10.863571166992188,8.443512242287397,121586.57628893852
187000,0.186999,4096,8.0,8.0,8.44328477839008,0.469055551289428,7.122586727142334,10.859315872192383,8.44328477839008,121583.30080881715
187200,0.187199,4096,8.0,8.0,8.443060804042034,0.4685709577741377,7.121284484863281,10.859871864318848,8.443060804042034,121580.07557820529
187400,0.18739899999999998,4096,8.0,8.0,8.442850054590963,0.4680699448567675,7.12311315536499,10.858160018920898,8.442850054590963,121577.04078610986
187600,0.187599,4096,8.0,8.0,8.442630240926519,0.46755866472876695,7.1254143714904785,10.85443115234375,8.442630240926519,121573.87546934187
187800,0.187799,4096,8.0,8.0,8.442393444827758,0.4669585370016362,7.125826358795166,10.851024627685547,8.442393444827758,121570.46560551971
188000,0.187999,4096,8.0,8.0,8.442159716971219,0.46640127436690476,7.125733852386475,10.846489906311035,8.442159716971219,121567.09992438555
188200,0.188199,4096,8.0,8.0,8.441926975501701,0.46588598033670436,7.1276140213012695,10.842576026916504,8.441926975501701,121563.7484472245
188400,0.18839899999999998,4096,8.0,8.0,8.441687955753878,0.4653559002464736,7.127634048461914,10.840121269226074,8.441687955753878,121560.30656285584
188600,0.188599,4096,8.0,8.0,8.441467669210397,0.4648328989625177,7.1263275146484375,10.839258193969727,8.441467669210397,121557.13443662971
188800,0.188799,4096,8.0,8.0,8.441258667502552,0.46437009352909825,7.127306938171387,10.838685989379883,8.441258667502552,121554.12481203675
189000,0.188999,4096,8.0,8.0,8.441039145225659,0.4639050054773908,7.128662109375,10.838220596313477,8.441039145225659,121550.96369124949
189200,0.18919899999999998,4096,8.0,8.0,8.440822408068925,0.4633959396870144,7.128645420074463,10.835404396057129,8.440822408068925,121547.84267619252
189400,0.18939899999999998,4096,8.0,8.0,8.440602172282524,0.46285061691868457,7.128150463104248,10.833740234375,8.440602172282524,121544.67128086835
189600,0.189599,4096,8.0,8.0,8.440395609592088,0.4623728177008775,7.128060817718506,10.828155517578125,8.440395609592088,121541.69677812606
189800,0.189799,4096,8.0,8.0,8.440181293757632,0.4618543766729658,7.130519866943359,10.822134017944336,8.440181293757632,121538.6106301099
190000,0.189999,4096,8.0,8.0,8.439965382916853,0.4613565198454247,7.131588459014893,10.8175048828125,8.439965382916853,121535.50151400268
190200,0.19019899999999998,4096,8.0,8.0,8.439753821934573,0.46082438321240704,7.13316535949707,10.81214714050293,8.439753821934573,121532.45503585786
190400,0.19039899999999998,4096,8.0,8.0,8.439520275453106,0.46025721856166646,7.135416030883789,10.805601119995117,8.439520275453106,121529.09196652472
190600,0.190599,4096,8.0,8.0,8.439308042521589,0.45976859095791,7.135992050170898,10.802663803100586,8.439308042521589,121526.03581231087
190800,0.190799,4096,8.0,8.0,8.439088085666299,0.45928720269702794,7.136449813842773,10.800222396850586,8.439088085666299,121522.8684335947
191000,0.190999,4096,8.0,8.0,8.438868464319967,0.4587865184148441,7.137058258056641,10.797618865966797,8.438868464319967,121519.70588620752
191200,0.19119899999999998,4096,8.0,8.0,8.438644919195212,0.45825156932030325,7.136898040771484,10.794402122497559,8.438644919195212,121516.48683641106
191400,0.19139899999999999,4096,8.0,8.0,8.438437317032367,0.4577817970220866,7.136015892028809,10.790401458740234,8.438437317032367,121513.49736526608
191600,0.191599,4096,8.0,8.0,8.438212723471224,0.45725481547492985,7.135945796966553,10.787353515625,8.438212723471224,121510.26321798563
191800,0.191799,4096,8.0,8.0,8.43799704394769,0.45676191116881,7.138241767883301,10.78803825378418,8.43799704394769,121507.15743284672
192000,0.191999,4096,8.0,8.0,8.437789086136036,0.45630364603493884,7.1387939453125,10.785955429077148,8.437789086136036,121504.16284035891
192200,0.19219899999999998,4096,8.0,8.0,8.437574149575084,0.4558132230615867,7.138717174530029,10.781187057495117,8.437574149575084,121501.06775388122
192400,0.192399,4096,8.0,8.0,8.437366709695198,0.45538765310015555,7.13896369934082,10.778055191040039,8.437366709695198,121498.08061961085
192600,0.192599,4096,8.0,8.0,8.437162390793674,0.4549471814126493,7.139009475708008,10.774065017700195,8.437162390793674,121495.1384274289
192800,0.192799,4096,8.0,8.0,8.43695269653108,0.45449710443879415,7.140985488891602,10.770416259765625,8.43695269653108,121492.11883004755
193000,0.192999,4096,8.0,8.0,8.436737424810417,0.4540223133958011,7.141049385070801,10.766668319702148,8.436737424810417,121489.01891727
193200,0.19319899999999998,4096,8.0,8.0,8.436523645184934,0.4535215818446253,7.142747402191162,10.76110553741455,8.436523645184934,121485.94049066305
193400,0.193399,4096,8.0,8.0,8.436311599682085,0.4530419134953754,7.145073413848877,10.759860038757324,8.436311599682085,121482.88703542203
193600,0.193599,4096,8.0,8.0,8.43611060990952,0.4526010053130779,7.143848419189453,10.755828857421875,8.43611060990952,121479.99278269708
193800,0.193799,4096,8.0,8.0,8.435906136059202,0.4521334733128195,7.142908096313477,10.752521514892578,8.435906136059202,121477.04835925251
194000,0.193999,4096,8.0,8.0,8.435702335089445,0.45161636515552545,7.141050338745117,10.74923038482666,8.435702335089445,121474.11362528801
194200,0.19419899999999998,4096,8.0,8.0,8.435495729907416,0.45112870770337143,7.141476631164551,10.747840881347656,8.435495729907416,121471.13851066679
194400,0.194399,4096,8.0,8.0,8.435295781935565,0.450670784433337,7.143124103546143,10.744775772094727,8.435295781935565,121468.25925987214
194600,0.194599,4096,8.0,8.0,8.435085064033046,0.4501391134918567,7.1454925537109375,10.742884635925293,8.435085064033046,121465.22492207587
194800,0.194799,4096,8.0,8.0,8.434873924823478,0.4496269422580837,7.147778511047363,10.74074649810791,8.434873924823478,121462.18451745808
195000,0.19499899999999998,4096,8.0,8.0,8.434674342744984,0.44918253761772375,7.150081157684326,10.738062858581543,8.434674342744984,121459.31053552777
195200,0.19519899999999998,4096,8.0,8.0,8.434473031084053,0.4486925483662475,7.151376247406006,10.73523998260498,8.434473031084053,121456.41164761037
195400,0.195399,4096,8.0,8.0,8.434265540447086,0.44821451795130796,7.153122425079346,10.730727195739746,8.434265540447086,121453.42378243804
195600,0.195599,4096,8.0,8.0,8.434063536231406,0.44776465095977597,7.15473747253418,10.725852966308594,8.434063536231406,121450.51492173225
195800,0.195799,4096,8.0,8.0,8.433858263771981,0.4473025791081433,7.154031276702881,10.72247314453125,8.433858263771981,121447.55899831653
196000,0.19599899999999998,4096,8.0,8.0,8.433663974166848,0.44683710890024864,7.155303001403809,10.71876049041748,8.433663974166848,121444.76122800261
196200,0.19619899999999998,4096,8.0,8.0,8.43345598608721,0.4463597599347014,7.154921531677246,10.716226577758789,8.43345598608721,121441.76619965583
196400,0.196399,4096,8.0,8.0,8.433252976392396,0.4458637637253021,7.155374526977539,10.715154647827148,8.433252976392396,121438.8428600505
196600,0.196599,4096,8.0,8.0,8.433046493330039,0.44532912389149604,7.1553635597229,10.712617874145508,8.433046493330039,121435.86950395256
196800,0.196799,4096,8.0,8.0,8.432841170812026,0.44482987448146444,7.157229900360107,10.711041450500488,8.432841170812026,121432.91285969317
197000,0.19699899999999998,4096,8.0,8.0,8.432631485979073,0.44432486345704797,7.159300327301025,10.707747459411621,8.432631485979073,121429.89339809865
197200,0.19719899999999999,4096,8.0,8.0,8.432422766811214,0.44382704828640174,7.15888786315918,10.70328426361084,8.432422766811214,121426.88784208149
197400,0.197399,4096,8.0,8.0,8.43223064369522,0.44338999293921677,7.159698009490967,10.700740814208984,8.43223064369522,121424.12126921117
197600,0.197599,4096,8.0,8.0,8.432036401121877,0.44294762174976704,7.162181854248047,10.701140403747559,8.432036401121877,121421.32417615503
197800,0.197799,4096,8.0,8.0,8.431829234934412,0.4424125927462255,7.16769552230835,10.700019836425781,8.431829234934412,121418.34098305553
198000,0.19799899999999998,4096,8.0,8.0,8.43162800045684,0.44191259306116554,7.169703483581543,10.69593334197998,8.43162800045684,121415.4432065785
198200,0.198199,4096,8.0,8.0,8.431425134651363,0.4414568150079863,7.171849727630615,10.693724632263184,8.431425134651363,121412.52193897963
198400,0.198399,4096,8.0,8.0,8.431223746272735,0.4409764256308592,7.171941757202148,10.690690994262695,8.431223746272735,121409.62194632739
198600,0.198599,4096,8.0,8.0,8.43102897470817,0.4405046785318055,7.171683311462402,10.690608024597168,8.43102897470817,121406.81723579764
198800,0.198799,4096,8.0,8.0,8.430834249826148,0.44002183824360047,7.172073841094971,10.69072151184082,8.430834249826148,121404.01319749653
199000,0.19899899999999998,4096,8.0,8.0,8.430638098390773,0.43956848717713354,7.172760009765625,10.690878868103027,8.430638098390773,121401.18861682713
199200,0.199199,4096,8.0,8.0,8.43044565373566,0.43913967017141275,7.17155647277832,10.692182540893555,8.43044565373566,121398.4174137935
199400,0.199399,4096,8.0,8.0,8.430249783559702,0.4386656745973018,7.170969486236572,10.689760208129883,8.430249783559702,121395.59688325971
199600,0.199599,4096,8.0,8.0,8.430051186820492,0.43820038815936213,7.17402458190918,10.689135551452637,8.430051186820492,121392.73709021509
199800,0.199799,4096,8.0,8.0,8.429845154983923,0.43772100821648857,7.177441120147705,10.687861442565918,8.429845154983923,121389.77023176849
200000,0.19999899999999998,4096,8.0,8.0,8.429656705353409,0.4372811475301599,7.178656101226807,10.684571266174316,8.429656705353409,121387.05655708909
200200,0.200199,4096,8.0,8.0,8.429470688453875,0.4368562933663101,7.17900276184082,10.682953834533691,8.429470688453875,121384.3779137358
200400,0.200399,4096,8.0,8.0,8.429290973814204,0.4364378542186337,7.179947853088379,10.681425094604492,8.429290973814204,121381.79002292454
200600,0.200599,4096,8.0,8.0,8.429090150631964,0.43595654323606725,7.178733825683594,10.674433708190918,8.429090150631964,121378.89816910028
200800,0.20079899999999998,4096,8.0,8.0,8.428895820514299,0.4355107209748984,7.1773881912231445,10.670931816101074,8.428895820514299,121376.0998154059
201000,0.20099899999999998,4096,8.0,8.0,8.42871219664812,0.43506113063085594,7.176398277282715,10.669249534606934,8.42871219664812,121373.45563173294
201200,0.201199,4096,8.0,8.0,8.428518716711551,0.4346239944728696,7.177147388458252,10.667667388916016,8.428518716711551,121370.66952064633
201400,0.201399,4096,8.0,8.0,8.428320464328863,0.43413868431652547,7.178508758544922,10.663675308227539,8.428320464328863,121367.81468633562
201600,0.201599,4096,8.0,8.0,8.428133244859055,0.43368408605459774,7.1796159744262695,10.661619186401367,8.428133244859055,121365.11872597039
201800,0.20179899999999998,4096,8.0,8.0,8.42794734716881,0.43326775443189763,7.180905342102051,10.65781307220459,8.42794734716881,121362.44179923087
202000,0.20199899999999998,4096,8.0,8.0,8.427749572554603,0.4328122020534232,7.181942939758301,10.653249740600586,8.427749572554603,121359.59384478629
202200,0.202199,4096,8.0,8.0,8.427559416973963,0.43237629619761614,7.183223724365234,10.651087760925293,8.427559416973963,121356.85560442507
202400,0.202399,4096,8.0,8.0,8.427365963929333,0.43190968576502736,7.18508243560791,10.650503158569336,8.427365963929333,121354.06988058239
202600,0.202599,4096,8.0,8.0,8.427166987094097,0.43141820794791824,7.18502140045166,10.649572372436523,8.427166987094097,121351.204614155
202800,0.20279899999999998,4096,8.0,8.0,8.426970335538499,0.4309328036980974,7.185622692108154,10.647186279296875,8.426970335538499,121348.37283175439
203000,0.20299899999999999,4096,8.0,8.0,8.426781364600174,0.430500164501409,7.186709403991699,10.64599609375,8.426781364600174,121345.65165024251
203200,0.203199,4096,8.0,8.0,8.426594815333374,0.43005101887999286,7.189069747924805,10.642105102539062,8.426594815333374,121342.96534080058
203400,0.203399,4096,8.0,8.0,8.426403617719188,0.429592623686659,7.189775466918945,10.639139175415039,8.426403617719188,121340.21209515631
203600,0.203599,4096,8.0,8.0,8.42622146033682,0.42917866970973034,7.191449165344238,10.638679504394531,8.42622146033682,121337.5890288502
203800,0.20379899999999998,4096,8.0,8.0,8.426030220231041,0.4287219700044421,7.193673133850098,10.636573791503906,8.426030220231041,121334.835171327
204000,0.20399899999999999,4096,8.0,8.0,8.425836894311942,0.42824211252913974,7.192706108093262,10.63424301147461,8.425836894311942,121332.05127809197
204200,0.204199,4096,8.0,8.0,8.425648625125177,0.42776406965690045,7.191320896148682,10.627392768859863,8.425648625125177,121329.34020180255
204400,0.204399,4096,8.0,8.0,8.425467126187868,0.4273259439942202,7.192404747009277,10.623161315917969,8.425467126187868,121326.7266171053
204600,0.204599,4096,8.0,8.0,8.425283519551158,0.4268779565123268,7.197186470031738,10.617884635925293,8.425283519551158,121324.08268153667
204800,0.20479899999999998,4096,8.0,8.0,8.42509841430001,0.4264447005899986,7.198731899261475,10.614335060119629,8.42509841430001,121321.41716592014
205000,0.204999,4096,8.0,8.0,8.424924702965654,0.4260456982206684,7.199953079223633,10.61269760131836,8.424924702965654,121318.91572270542
205200,0.205199,4096,8.0,8.0,8.424749637255445,0.4256405748789448,7.200865745544434,10.610079765319824,8.424749637255445,121316.39477647841
205400,0.205399,4096,8.0,8.0,8.42457088129595,0.4252154860165365,7.2036027908325195,10.606083869934082,8.42457088129595,121313.82069066167
205600,0.205599,4096,8.0,8.0,8.424391812761314,0.42478721245054735,7.204679012298584,10.603355407714844,8.424391812761314,121311.24210376292
205800,0.20579899999999998,4096,8.0,8.0,8.42421153082978,0.42430704413115344,7.205135822296143,10.600351333618164,8.42421153082978,121308.64604394883
206000,0.205999,4096,8.0,8.0,8.424021487939171,0.42380118371429143,7.206230640411377,10.597249984741211,8.424021487939171,121305.90942632407
206200,0.206199,4096,8.0,8.0,8.423831142368726,0.42334171453380226,7.20749044418335,10.595026969909668,8.423831142368726,121303.16845010966
206400,0.206399,4096,8.0,8.0,8.423648751922883,0.4229144563381226,7.209379196166992,10.591264724731445,8.423648751922883,121300.54202768952
206600,0.20659899999999998,4096,8.0,8.0,8.423465357394889,0.4224941206639072,7.210432529449463,10.590718269348145,8.423465357394889,121297.9011464864
206800,0.20679899999999998,4096,8.0,8.0,8.423287968849763,0.4220650342462442,7.211077690124512,10.587084770202637,8.423287968849763,121295.34675143659
207000,0.206999,4096,8.0,8.0,8.42310881614685,0.42161084776097124,7.212747097015381,10.584973335266113,8.42310881614685,121292.76695251465
207200,0.207199,4096,8.0,8.0,8.422931675217114,0.4211801335435038,7.2126898765563965,10.582843780517578,8.422931675217114,121290.21612312645
207400,0.207399,4096,8.0,8.0,8.42275770730339,0.4207315161655778,7.213915824890137,10.582021713256836,8.42275770730339,121287.71098516881
207600,0.20759899999999998,4096,8.0,8.0,8.422568986774422,0.42022430742839934,7.214900016784668,10.57765007019043,8.422568986774422,121284.99340955168
207800,0.20779899999999998,4096,8.0,8.0,8.422386550460942,0.4197761891476972,7.21512508392334,10.573539733886719,8.422386550460942,121282.36632663757
208000,0.207999,4096,8.0,8.0,8.422215094557032,0.419374365637845,7.216373443603516,10.568281173706055,8.422215094557032,121279.89736162126
208200,0.208199,4096,8.0,8.0,8.42203539586626,0.41897505418552844,7.218647480010986,10.566898345947266,8.42203539586626,121277.30970047414
208400,0.208399,4096,8.0,8.0,8.421860174974427,0.4185519714807496,7.219568252563477,10.56500244140625,8.421860174974427,121274.78651963174
208600,0.20859899999999998,4096,8.0,8.0,8.421694575808942,0.41812676601471993,7.218451499938965,10.562798500061035,8.421694575808942,121272.40189164877
208800,0.20879899999999998,4096,8.0,8.0,8.421513646957465,0.41762744019524445,7.217993259429932,10.562469482421875,8.421513646957465,121269.79651618749
209000,0.208999,4096,8.0,8.0,8.421337270527147,0.41716339974775074,7.219371318817139,10.56072998046875,8.421337270527147,121267.25669559091
209200,0.209199,4096,8.0,8.0,8.421154556446709,0.41671666483138914,7.2195000648498535,10.555804252624512,8.421154556446709,121264.6256128326
209400,0.209399,4096,8.0,8.0,8.42097686114721,0.4162597274383646,7.217275142669678,10.55275821685791,8.42097686114721,121262.06680051982
209600,0.20959899999999998,4096,8.0,8.0,8.420799113926478,0.41581934504561535,7.218722343444824,10.548783302307129,8.420799113926478,121259.50724054128
209800,0.20979899999999999,4096,8.0,8.0,8.420634700218216,0.4154266246207875,7.216940402984619,10.545306205749512,8.420634700218216,121257.1396831423
210000,0.209999,4096,8.0,8.0,8.420449916273355,0.4149832974009157,7.216867446899414,10.542218208312988,8.420449916273355,121254.47879433632
210200,0.210199,4096,8.0,8.0,8.420271261711605,0.4145802371524991,7.217813014984131,10.5401611328125,8.420271261711605,121251.90616864711
210400,0.210399,4096,8.0,8.0,8.420107951038517,0.4142111606268701,7.215476989746094,10.537168502807617,8.420107951038517,121249.55449495465
210600,0.21059899999999998,4096,8.0,8.0,8.419936236692593,0.4138144502694546,7.215358734130859,10.537307739257812,8.419936236692593,121247.08180837333
210800,0.210799,4096,8.0,8.0,8.419761226628907,0.41340077817243776,7.215747833251953,10.534051895141602,8.419761226628907,121244.56166345626
211000,0.210999,4096,8.0,8.0,8.419591065496206,0.4129933098186874,7.2123003005981445,10.530007362365723,8.419591065496206,121242.11134314537
211200,0.211199,4096,8.0,8.0,8.419424791121855,0.41259529687236907,7.212057590484619,10.528701782226562,8.419424791121855,121239.71699215472
211400,0.211399,4096,8.0,8.0,8.419265633681789,0.4122149291973575,7.212925434112549,10.525264739990234,8.419265633681789,121237.42512501776
211600,0.21159899999999998,4096,8.0,8.0,8.41909785172902,0.41182652728613256,7.214169979095459,10.523374557495117,8.41909785172902,121235.0090648979
211800,0.211799,4096,8.0,8.0,8.418924265424721,0.41144219068849197,7.21682596206665,10.522445678710938,8.418924265424721,121232.50942211598
212000,0.211999,4096,8.0,8.0,8.418755905120634,0.41101751197198233,7.218486309051514,10.521291732788086,8.418755905120634,121230.08503373712
212200,0.212199,4096,8.0,8.0,8.41858593840152,0.4106138477912728,7.2193403244018555,10.519021034240723,8.41858593840152,121227.63751298189
212400,0.21239899999999998,4096,8.0,8.0,8.418413044302724,0.4101276160039068,7.2195143699646,10.514091491699219,8.418413044302724,121225.14783795923
212600,0.21259899999999998,4096,8.0,8.0,8.418238473008387,0.409699404485755,7.221853256225586,10.512460708618164,8.418238473008387,121222.63401132077
212800,0.212799,4096,8.0,8.0,8.418065936071798,0.40927633258213303,7.223081588745117,10.510502815246582,8.418065936071798,121220.1494794339
213000,0.212999,4096,8.0,8.0,8.417893287842162,0.4088516362540996,7.222896099090576,10.505767822265625,8.417893287842162,121217.66334492713
213200,0.213199,4096,8.0,8.0,8.417723997379653,0.4084351747206524,7.223316192626953,10.503059387207031,8.417723997379653,121215.225562267
213400,0.21339899999999998,4096,8.0,8.0,8.417550696176477,0.40798898081049034,7.225984573364258,10.498880386352539,8.417550696176477,121212.73002494127
213600,0.21359899999999998,4096,8.0,8.0,8.417378059355542,0.40752936123416256,7.2271528244018555,10.496879577636719,8.417378059355542,121210.2440547198
213800,0.213799,4096,8.0,8.0,8.417223111260682,0.4070850878016982,7.228853225708008,10.494124412536621,8.417223111260682,121208.01280215383
214000,0.213999,4096,8.0,8.0,8.41705505864229,0.40661503813805516,7.229549407958984,10.491870880126953,8.41705505864229,121205.59284444898
214200,0.214199,4096,8.0,8.0,8.416878682095557,0.40613212924229003,7.230863094329834,10.486810684204102,8.416878682095557,121203.05302217603
214400,0.21439899999999998,4096,8.0,8.0,8.416711753234267,0.40567747773030266,7.23155403137207,10.485116004943848,8.416711753234267,121200.64924657345
214600,0.21459899999999998,4096,8.0,8.0,8.41654400236439,0.40523887046983276,7.23136568069458,10.480997085571289,8.41654400236439,121198.23363404721
214800,0.214799,4096,8.0,8.0,8.416377366986126,0.40481223327395455,7.232410430908203,10.476974487304688,8.416377366986126,121195.83408460021
215000,0.214999,4096,8.0,8.0,8.41621424886398,0.40436863080655067,7.23421573638916,10.474757194519043,8.41621424886398,121193.48518364131
215200,0.215199,4096,8.0,8.0,8.416045538382605,0.40394181211853675,7.233447074890137,10.473052978515625,8.416045538382605,121191.05575270951
215400,0.21539899999999998,4096,8.0,8.0,8.415882457513362,0.4035758706931363,7.231558799743652,10.472424507141113,8.415882457513362,121188.70738819242
215600,0.21559899999999999,4096,8.0,8.0,8.415735849179327,0.40324522636334414,7.232030868530273,10.47126579284668,8.415735849179327,121186.59622818232
215800,0.215799,4096,8.0,8.0,8.41559003724251,0.4029172833138043,7.232105731964111,10.469568252563477,8.41559003724251,121184.49653629214
216000,0.215999,4096,8.0,8.0,8.415443404112011,0.4025336106688546,7.232863903045654,10.469266891479492,8.415443404112011,121182.38501921296
216200,0.216199,4096,8.0,8.0,8.415287352749147,0.40211997731994004,7.232777118682861,10.466629028320312,8.415287352749147,121180.13787958771
216400,0.21639899999999998,4096,8.0,8.0,8.415126235922799,0.4017543307848688,7.233104228973389,10.466204643249512,8.415126235922799,121177.8177972883
216600,0.21659899999999999,4096,8.0,8.0,8.414962695795111,0.40132974606558663,7.233065605163574,10.465107917785645,8.414962695795111,121175.4628194496
216800,0.216799,4096,8.0,8.0,8.414809761801735,0.4009385517104674,7.237494468688965,10.461140632629395,8.414809761801735,121173.26056994498
217000,0.216999,4096,8.0,8.0,8.414650269201957,0.4005308452810143,7.240500450134277,10.457735061645508,8.414650269201957,121170.96387650818
217200,0.217199,4096,8.0,8.0,8.414497726014815,0.40013858846194866,7.243324279785156,10.454399108886719,8.414497726014815,121168.76725461334
217400,0.21739899999999998,4096,8.0,8.0,8.41433801560197,0.39976043667045985,7.24366569519043,10.448938369750977,8.41433801560197,121166.46742466837
217600,0.217599,4096,8.0,8.0,8.41417757992167,0.39934409686313105,7.245536804199219,10.442872047424316,8.41417757992167,121164.15715087205
217800,0.217799,4096,8.0,8.0,8.414021182688884,0.39894813789650746,7.24808406829834,10.437106132507324,8.414021182688884,121161.90503071994
218000,0.217999,4096,8.0,8.0,8.413860194734298,0.39854607401252795,7.250357627868652,10.433629035949707,8.413860194734298,121159.58680417389
218200,0.21819899999999998,4096,8.0,8.0,8.4137079839129,0.39819184563100196,7.251497745513916,10.429515838623047,8.4137079839129,121157.39496834576
218400,0.21839899999999998,4096,8.0,8.0,8.413556602434255,0.39779138035932055,7.251587867736816,10.425588607788086,8.413556602434255,121155.21507505327
218600,0.218599,4096,8.0,8.0,8.41339749400504,0.397380842444089,7.251296043395996,10.42449951171875,8.41339749400504,121152.92391367257
218800,0.218799,4096,8.0,8.0,8.413235894753598,0.3969954230048829,7.252461910247803,10.422569274902344,8.413235894753598,121150.5968844518
219000,0.218999,4096,8.0,8.0,8.413075853488408,0.3965916125554615,7.252955913543701,10.420434951782227,8.413075853488408,121148.29229023308
219200,0.21919899999999998,4096,8.0,8.0,8.412921583745629,0.3962239556014858,7.2530107498168945,10.416654586791992,8.412921583745629,121146.07080593705
219400,0.21939899999999998,4096,8.0,8.0,8.412765497458167,0.3958730218184435,7.254809856414795,10.413700103759766,8.412765497458167,121143.82316339761
219600,0.219599,4096,8.0,8.0,8.41260644479189,0.39550425587062926,7.255425453186035,10.410157203674316,8.41260644479189,121141.53280500323
219800,0.219799,4096,8.0,8.0,8.412449316354468,0.39509976391830864,7.257504940032959,10.406789779663086,8.412449316354468,121139.27015550435
220000,0.219999,4096,8.0,8.0,8.412303832708858,0.3947539167314542,7.258586883544922,10.402761459350586,8.412303832708858,121137.17519100755
220200,0.22019899999999998,4096,8.0,8.0,8.412161087035201,0.3944288941739127,7.259776592254639,10.400299072265625,8.412161087035201,121135.1196533069
220400,0.22039899999999998,4096,8.0,8.0,8.412012798595242,0.3941055910685179,7.258663177490234,10.397215843200684,8.412012798595242,121132.98429977149
220600,0.220599,4096,8.0,8.0,8.411850511329249,0.3936752929515053,7.258214950561523,10.394914627075195,8.411850511329249,121130.64736314118
220800,0.220799,4096,8.0,8.0,8.411697493167594,0.39329226656792676,7.260054588317871,10.391738891601562,8.411697493167594,121128.44390161335
221000,0.220999,4096,8.0,8.0,8.411554660764523,0.3929457809060127,7.259703159332275,10.390759468078613,8.411554660764523,121126.38711500913
221200,0.22119899999999998,4096,8.0,8.0,8.411396827665158,0.39256135458534586,7.259289264678955,10.385448455810547,8.411396827665158,121124.11431837827
221400,0.22139899999999998,4096,8.0,8.0,8.411252283956856,0.39220795088448684,7.2602458000183105,10.382888793945312,8.411252283956856,121122.03288897872
221600,0.221599,4096,8.0,8.0,8.411098772776313,0.3918434100631326,7.260418891906738,10.380352020263672,8.411098772776313,121119.82232797891
221800,0.221799,4096,8.0,8.0,8.410943036084063,0.39143682645589584,7.25954008102417,10.378446578979492,8.410943036084063,121117.57971961051
222000,0.221999,4096,8.0,8.0,8.410785221145488,0.3910710998258732,7.260279655456543,10.377462387084961,8.410785221145488,121115.30718449503
222200,0.22219899999999998,4096,8.0,8.0,8.410625773714855,0.39069602662312886,7.261317253112793,10.375829696655273,8.410625773714855,121113.01114149392
222400,0.22239899999999999,4096,8.0,8.0,8.410469594760798,0.3903023783329617,7.261297702789307,10.374881744384766,8.410469594760798,121110.76216455549
222600,0.222599,4096,8.0,8.0,8.410323526128195,0.3899472109048274,7.261387825012207,10.371467590332031,8.410323526128195,121108.65877624601
222800,0.222799,4096,8.0,8.0,8.410173481097445,0.38958150153881876,7.261074066162109,10.368797302246094,8.410173481097445,121106.4981278032
223000,0.222999,4096,8.0,8.0,8.410022136289626,0.3892039257720295,7.263083457946777,10.36678695678711,8.410022136289626,121104.31876257062
223200,0.22319899999999998,4096,8.0,8.0,8.40988225711044,0.38887220799398853,7.264499187469482,10.365066528320312,8.40988225711044,121102.30450239033
223400,0.223399,4096,8.0,8.0,8.409728749888018,0.3884835783967073,7.265121936798096,10.362556457519531,8.409728749888018,121100.09399838746
223600,0.223599,4096,8.0,8.0,8.409583843080327,0.3880971244121678,7.263401031494141,10.358592987060547,8.409583843080327,121098.00734035671
223800,0.223799,4096,8.0,8.0,8.409440063755028,0.38773355902947754,7.262770175933838,10.353620529174805,8.409440063755028,121095.9369180724
224000,0.223999,4096,8.0,8.0,8.40928898297716,0.3873475494332133,7.262669563293457,10.348581314086914,8.40928898297716,121093.7613548711
224200,0.22419899999999998,4096,8.0,8.0,8.409136212663725,0.38697391620256,7.262755393981934,10.344325065612793,8.409136212663725,121091.56146235764
224400,0.224399,4096,8.0,8.0,8.408983533154242,0.3866077747068898,7.264377593994141,10.342411041259766,8.408983533154242,121089.36287742108
224600,0.224599,4096,8.0,8.0,8.408829937921837,0.38623626664013094,7.264993190765381,10.338387489318848,8.408829937921837,121087.15110607445
224800,0.224799,4096,8.0,8.0,8.408681328757666,0.3858578694795921,7.265675067901611,10.334493637084961,8.408681328757666,121085.01113411039
225000,0.22499899999999998,4096,8.0,8.0,8.408540670527145,0.3855113508192014,7.2648468017578125,10.331991195678711,8.408540670527145,121082.98565559089
225200,0.22519899999999998,4096,8.0,8.0,8.408395626582205,0.3851135117068109,7.265256881713867,10.328767776489258,8.408395626582205,121080.89702278376
225400,0.225399,4096,8.0,8.0,8.40824450540822,0.3847382563297078,7.2666730880737305,10.328648567199707,8.40824450540822,121078.72087787837
225600,0.225599,4096,8.0,8.0,8.408094439422712,0.3843407381657427,7.266304016113281,10.327385902404785,8.408094439422712,121076.55992768705
225800,0.225799,4096,8.0,8.0,8.407940542325377,0.3839256594071517,7.267162322998047,10.324419021606445,8.407940542325377,121074.34380948544
226000,0.22599899999999998,4096,8.0,8.0,8.407795709441416,0.383574291672858,7.268380165100098,10.3220853805542,8.407795709441416,121072.25821595639
226200,0.22619899999999998,4096,8.0,8.0,8.407651735818945,0.38322714888446874,7.26883602142334,10.317249298095703,8.407651735818945,121070.1849957928
226400,0.226399,4096,8.0,8.0,8.407504345523193,0.3828456956586685,7.271498680114746,10.314506530761719,8.407504345523193,121068.06257553399
226600,0.226599,4096,8.0,8.0,8.407362348865718,0.38248094790702886,7.273039817810059,10.313199043273926,8.407362348865718,121066.01782366633
226800,0.226799,4096,8.0,8.0,8.407215368119068,0.3820868446290401,7.274598598480225,10.31174087524414,8.407215368119068,121063.90130091459
227000,0.22699899999999998,4096,8.0,8.0,8.407071676803753,0.38173447420414197,7.274262428283691,10.308899879455566,8.407071676803753,121061.83214597404
227200,0.22719899999999998,4096,8.0,8.0,8.40693392069079,0.3814142343073707,7.275393009185791,10.30733871459961,8.40693392069079,121059.84845794737
227400,0.227399,4096,8.0,8.0,8.406797072850168,0.3810991461029761,7.2774434089660645,10.306418418884277,8.406797072850168,121057.87784904242
227600,0.227599,4096,8.0,8.0,8.406658760271966,0.38074018830551576,7.278056621551514,10.302803993225098,8.406658760271966,121055.88614791632
227800,0.227799,4096,8.0,8.0,8.406514986767434,0.3804082047029303,7.278028964996338,10.299417495727539,8.406514986767434,121053.81580945104
228000,0.22799899999999998,4096,8.0,8.0,8.40637214819435,0.3800415433809095,7.278668403625488,10.295528411865234,8.40637214819435,121051.75893399864
228200,0.22819899999999999,4096,8.0,8.0,8.406232799170539,0.3796932254469712,7.279814720153809,10.291556358337402,8.406232799170539,121049.75230805576
228400,0.228399,4096,8.0,8.0,8.406091078650206,0.37933537141533813,7.279148578643799,10.291363716125488,8.406091078650206,121047.71153256297
228600,0.228599,4096,8.0,8.0,8.405936619383283,0.3789548481988174,7.279506683349609,10.28848648071289,8.405936619383283,121045.48731911927
228800,0.228799,4096,8.0,8.0,8.4057859077584,0.37853723576253845,7.282112121582031,10.284740447998047,8.4057859077584,121043.31707172096
229000,0.22899899999999998,4096,8.0,8.0,8.405639547971077,0.37816269702731964,7.283087253570557,10.28425407409668,8.405639547971077,121041.20949078351
229200,0.22919899999999999,4096,8.0,8.0,8.405499267508276,0.3778241599694099,7.2866010665893555,10.282955169677734,8.405499267508276,121039.18945211917
229400,0.229399,4096,8.0,8.0,8.405363314552233,0.3774615572762741,7.2877397537231445,10.281309127807617,8.405363314552233,121037.23172955215
229600,0.229599,4096,8.0,8.0,8.405225000111386,0.37712797019261723,7.286988258361816,10.2793550491333,8.405225000111386,121035.24000160396
229800,0.229799,4096,8.0,8.0,8.405082779121585,0.3768070770039984,7.287278175354004,10.278409004211426,8.405082779121585,121033.19201935083
230000,0.22999899999999998,4096,8.0,8.0,8.404942305292934,0.3764241227994123,7.289773941040039,10.27791976928711,8.404942305292934,121031.16919621825
230200,0.230199,4096,8.0,8.0,8.404800663236529,0.37608731498577685,7.292389392852783,10.279806137084961,8.404800663236529,121029.12955060601
230400,0.230399,4096,8.0,8.0,8.404668277828023,0.37573087982042314,7.295401573181152,10.277336120605469,8.404668277828023,121027.22320072353
230600,0.230599,4096,8.0,8.0,8.404525114805438,0.37534675666012013,7.2944159507751465,10.274567604064941,8.404525114805438,121025.1616531983
230800,0.23079899999999998,4096,8.0,8.0,8.404382602544501,0.3749996619360969,7.295312404632568,10.273150444030762,8.404382602544501,121023.10947664082
231000,0.23099899999999998,4096,8.0,8.0,8.404243807424791,0.3746274531485437,7.2940168380737305,10.27267074584961,8.404243807424791,121021.11082691699
231200,0.231199,4096,8.0,8.0,8.404116896446794,0.3743325137931679,7.293745040893555,10.272191047668457,8.404116896446794,121019.28330883384
231400,0.231399,4096,8.0,8.0,8.403980699251406,0.3739858111025742,7.294342041015625,10.270524024963379,8.403980699251406,121017.32206922024
231600,0.231599,4096,8.0,8.0,8.403836235171184,0.3735770063592902,7.296541213989258,10.268914222717285,8.403836235171184,121015.24178646505
231800,0.23179899999999998,4096,8.0,8.0,8.403699259273708,0.3731974827351637,7.296949863433838,10.265400886535645,8.403699259273708,121013.2693335414
232000,0.23199899999999998,4096,8.0,8.0,8.403560304199345,0.37279926179384076,7.299844741821289,10.264094352722168,8.403560304199345,121011.26838047057
232200,0.232199,4096,8.0,8.0,8.403425664873794,0.3724527475360044,7.301875114440918,10.260239601135254,8.403425664873794,121009.32957418263
232400,0.232399,4096,8.0,8.0,8.403297874494456,0.3721195095386439,7.301033973693848,10.255739212036133,8.403297874494456,121007.48939272016
232600,0.232599,4096,8.0,8.0,8.403157819295302,0.37177437787753054,7.301629066467285,10.252668380737305,8.403157819295302,121005.47259785235
232800,0.23279899999999998,4096,8.0,8.0,8.403024617000483,0.3714701961469005,7.302373886108398,10.249638557434082,8.403024617000483,121003.55448480695
233000,0.23299899999999998,4096,8.0,8.0,8.40287837490905,0.3711119711155026,7.3039703369140625,10.250251770019531,8.40287837490905,121001.44859869033
233200,0.233199,4096,8.0,8.0,8.402746096835472,0.3707911576801232,7.305274963378906,10.248560905456543,8.402746096835472,120999.54379443079
233400,0.233399,4096,8.0,8.0,8.402612541103736,0.37042326452152674,7.305738925933838,10.244789123535156,8.402612541103736,120997.62059189379
233600,0.233599,4096,8.0,8.0,8.402478429256007,0.37008717222515763,7.3059844970703125,10.242715835571289,8.402478429256007,120995.6893812865
233800,0.23379899999999998,4096,8.0,8.0,8.402342257322744,0.36973400297068687,7.305716514587402,10.239921569824219,8.402342257322744,120993.7285054475
234000,0.23399899999999998,4096,8.0,8.0,8.40221564238891,0.3694397711179497,7.309574127197266,10.238554954528809,8.40221564238891,120991.9052504003
234200,0.234199,4096,8.0,8.0,8.402087997761555,0.3691404212336121,7.311628818511963,10.234830856323242,8.402087997761555,120990.06716776639
234400,0.234399,4096,8.0,8.0,8.401961971772835,0.36885136150378794,7.313320159912109,10.2311429977417,8.401961971772835,120988.25239352882
234600,0.234599,4096,8.0,8.0,8.40182920137886,0.36852341279845485,7.315066337585449,10.22807788848877,8.40182920137886,120986.34049985558
234800,0.23479899999999998,4096,8.0,8.0,8.401704628602602,0.3682041124594709,7.3151140213012695,10.230202674865723,8.401704628602602,120984.54665187746
235000,0.23499899999999999,4096,8.0,8.0,8.401577188051306,0.36787424557134074,7.318841934204102,10.227936744689941,8.401577188051306,120982.7115079388
235200,0.235199,4096,8.0,8.0,8.401449782657437,0.3675639058972778,7.31954288482666,10.226922988891602,8.401449782657437,120980.8768702671
235400,0.235399,4096,8.0,8.0,8.401314877555706,0.36717611271991935,7.3213934898376465,10.22294807434082,8.401314877555706,120978.93423680216
235600,0.235599,4096,8.0,8.0,8.401186613598838,0.3668336650588139,7.323047637939453,10.218635559082031,8.401186613598838,120977.08723582327
235800,0.23579899999999998,4096,8.0,8.0,8.401056342408992,0.36647920259986916,7.327268123626709,10.216387748718262,8.401056342408992,120975.21133068949
236000,0.235999,4096,8.0,8.0,8.400930077419616,0.36613235770104285,7.327910900115967,10.213603019714355,8.400930077419616,120973.39311484247
236200,0.236199,4096,8.0,8.0,8.400789342820644,0.36573491038763534,7.329472064971924,10.208629608154297,8.400789342820644,120971.36653661728
236400,0.236399,4096,8.0,8.0,8.40065126447007,0.3653919686117923,7.331307411193848,10.20649242401123,8.40065126447007,120969.37820836902
236600,0.23659899999999998,4096,8.0,8.0,8.400525648728944,0.3650597307970136,7.331260681152344,10.202695846557617,8.400525648728944,120967.5693416968
236800,0.23679899999999998,4096,8.0,8.0,8.400392737123184,0.36467927032540176,7.331714630126953,10.20063304901123,8.400392737123184,120965.65541457385
237000,0.236999,4096,8.0,8.0,8.40026346722152,0.36432230415448097,7.3341474533081055,10.195788383483887,8.40026346722152,120963.7939279899
237200,0.237199,4096,8.0,8.0,8.40013306227047,0.363968962388877,7.335966110229492,10.190572738647461,8.40013306227047,120961.91609669477
237400,0.237399,4096,8.0,8.0,8.400006993790157,0.3636009711293721,7.337645530700684,10.191640853881836,8.400006993790157,120960.10071057826
237600,0.23759899999999998,4096,8.0,8.0,8.399881125544198,0.3632434897263595,7.340259552001953,10.190608978271484,8.399881125544198,120958.28820783645
237800,0.23779899999999998,4096,8.0,8.0,8.399757722392678,0.36290582563006596,7.341670036315918,10.188180923461914,8.399757722392678,120956.51120245457
238000,0.237999,4096,8.0,8.0,8.399643979617395,0.36256619236824333,7.344152450561523,10.184269905090332,8.399643979617395,120954.87330649048
238200,0.238199,4096,8.0,8.0,8.399509720969945,0.3621981464177698,7.34381628036499,10.182048797607422,8.399509720969945,120952.93998196721
238400,0.238399,4096,8.0,8.0,8.399384435266256,0.3618565720118724,7.344738960266113,10.178743362426758,8.399384435266256,120951.13586783409
238600,0.23859899999999998,4096,8.0,8.0,8.399262904655188,0.3615329728271906,7.346959114074707,10.177694320678711,8.399262904655188,120949.38582703471
238800,0.23879899999999998,4096,8.0,8.0,8.399135052459314,0.3612078710056146,7.3499755859375,10.176029205322266,8.399135052459314,120947.54475541413
239000,0.238999,4096,8.0,8.0,8.39900733041577,0.3608657482837628,7.353122711181641,10.172940254211426,8.39900733041577,120945.7055579871
239200,0.239199,4096,8.0,8.0,8.398874311940745,0.36052282425789195,7.354742050170898,10.168106079101562,8.398874311940745,120943.79009194672
239400,0.239399,4096,8.0,8.0,8.398744212230667,0.3601500849279419,7.354255199432373,10.167292594909668,8.398744212230667,120941.91665612161
239600,0.23959899999999998,4096,8.0,8.0,8.398620060412213,0.35979702064408375,7.352104187011719,10.163084983825684,8.398620060412213,120940.12886993587
239800,0.23979899999999998,4096,8.0,8.0,8.39850095892325,0.3595095556416818,7.351895332336426,10.160722732543945,8.39850095892325,120938.4138084948
240000,0.239999,4096,8.0,8.0,8.398370418231934,0.3591655985811837,7.349499702453613,10.159170150756836,8.398370418231934,120936.53402253985
240200,0.240199,4096,8.0,8.0,8.398240417824127,0.35884136602588246,7.349020004272461,10.15925407409668,8.398240417824127,120934.66201666743
240400,0.240399,4096,8.0,8.0,8.398115156916901,0.35848700986513116,7.350841522216797,10.155223846435547,8.398115156916901,120932.85825960338
240600,0.24059899999999998,4096,8.0,8.0,8.39799778861925,0.3582072179099812,7.352804660797119,10.152580261230469,8.39799778861925,120931.1681561172
240800,0.24079899999999999,4096,8.0,8.0,8.397869736072607,0.35788762912146715,7.353043556213379,10.150824546813965,8.397869736072607,120929.32419944555
241000,0.240999,4096,8.0,8.0,8.397737526684068,0.35749690022773783,7.353003025054932,10.149524688720703,8.397737526684068,120927.42038425058
241200,0.241199,4096,8.0,8.0,8.397607341292314,0.35712501386638107,7.353185176849365,10.149839401245117,8.397607341292314,120925.54571460932
241400,0.241399,4096,8.0,8.0,8.39747859351337,0.3567924500120228,7.352450370788574,10.149383544921875,8.39747859351337,120923.69174659252
241600,0.24159899999999998,4096,8.0,8.0,8.39735145913437,0.35645254030401713,7.352914810180664,10.14504337310791,8.39735145913437,120921.86101153493
241800,0.241799,4096,8.0,8.0,8.397219614125788,0.35611343050591665,7.352016448974609,10.142080307006836,8.397219614125788,120919.96244341135
242000,0.241999,4096,8.0,8.0,8.39709962089546,0.35580785219396094,7.351989269256592,10.139184951782227,8.39709962089546,120918.23454089463
242200,0.242199,4096,8.0,8.0,8.396981750032865,0.35549805860541434,7.353314399719238,10.133846282958984,8.396981750032865,120916.53720047325
242400,0.24239899999999998,4096,8.0,8.0,8.396852829377167,0.3551299001421306,7.350742816925049,10.129152297973633,8.396852829377167,120914.6807430312
242600,0.24259899999999998,4096,8.0,8.0,8.396725515485741,0.35476860570766255,7.350637435913086,10.128320693969727,8.396725515485741,120912.84742299467
242800,0.242799,4096,8.0,8.0,8.396607788512483,0.35445023445181634,7.353228569030762,10.126598358154297,8.396607788512483,120911.15215457976
243000,0.242999,4096,8.0,8.0,8.396489110658877,0.35414492709890855,7.356463432312012,10.124006271362305,8.396489110658877,120909.44319348782
243200,0.243199,4096,8.0,8.0,8.396373168681748,0.3538539079433738,7.357239246368408,10.122431755065918,8.396373168681748,120907.77362901717
243400,0.24339899999999998,4096,8.0,8.0,8.396260495646857,0.3536029585522599,7.360167503356934,10.121313095092773,8.396260495646857,120906.15113731474
243600,0.24359899999999998,4096,8.0,8.0,8.396142302080989,0.35333058857636623,7.359780311584473,10.120802879333496,8.396142302080989,120904.44914996624
243800,0.243799,4096,8.0,8.0,8.39601691486314,0.3530684181854602,7.359332084655762,10.120083808898926,8.39601691486314,120902.6435740292
244000,0.243999,4096,8.0,8.0,8.395895232912153,0.3527294990720184,7.359669208526611,10.118118286132812,8.395895232912153,120900.891353935
244200,0.244199,4096,8.0,8.0,8.395780737278983,0.3524429586445457,7.360095977783203,10.116168022155762,8.395780737278983,120899.24261681736
244400,0.24439899999999998,4096,8.0,8.0,8.395661010988988,0.35214094471930674,7.3591718673706055,10.115585327148438,8.395661010988988,120897.51855824143
244600,0.24459899999999998,4096,8.0,8.0,8.395547568099573,0.3518205005229474,7.360080718994141,10.112754821777344,8.395547568099573,120895.88498063385
244800,0.244799,4096,8.0,8.0,8.395422913716175,0.3514685142949186,7.362375736236572,10.110748291015625,8.395422913716175,120894.08995751292
245000,0.244999,4096,8.0,8.0,8.395301176118664,0.35116792069300345,7.364189147949219,10.110143661499023,8.395301176118664,120892.33693610877
245200,0.245199,4096,8.0,8.0,8.395178976235911,0.35082475873471125,7.366251468658447,10.107843399047852,8.395178976235911,120890.57725779712
245400,0.24539899999999998,4096,8.0,8.0,8.395055747707374,0.3504862720329122,7.368704795837402,10.106990814208984,8.395055747707374,120888.80276698619
245600,0.24559899999999998,4096,8.0,8.0,8.394937993143685,0.350177063903321,7.367941379547119,10.10608196258545,8.394937993143685,120887.10710126907
245800,0.245799,4096,8.0,8.0,8.394827367272228,0.3499259521795499,7.368645191192627,10.105698585510254,8.394827367272228,120885.51408872008
246000,0.245999,4096,8.0,8.0,8.394703803001903,0.3496478509763515,7.370734214782715,10.103120803833008,8.394703803001903,120883.7347632274
246200,0.246199,4096,8.0,8.0,8.394585925736465,0.3493505597973713,7.37089729309082,10.100984573364258,8.394585925736465,120882.03733060509
246400,0.24639899999999998,4096,8.0,8.0,8.394478473695926,0.34906579989034436,7.371249198913574,10.098320007324219,8.394478473695926,120880.49002122134
246600,0.24659899999999998,4096,8.0,8.0,8.394367284607142,0.34874271552737957,7.37165641784668,10.092355728149414,8.394367284607142,120878.88889834285
246800,0.246799,4096,8.0,8.0,8.394241933943704,0.34841509843070934,7.373333930969238,10.090340614318848,8.394241933943704,120877.08384878933
247000,0.246999,4096,8.0,8.0,8.39412132918369,0.34808773307872926,7.373499870300293,10.087923049926758,8.39412132918369,120875.34714024514
247200,0.247199,4096,8.0,8.0,8.393990403274074,0.3477540553565642,7.37248420715332,10.083909034729004,8.393990403274074,120873.46180714667
247400,0.24739899999999998,4096,8.0,8.0,8.393877145485021,0.3474803355711585,7.367140769958496,10.080913543701172,8.393877145485021,120871.8308949843
247600,0.24759899999999999,4096,8.0,8.0,8.393759772880003,0.34717061443668784,7.366591930389404,10.082080841064453,8.393759772880003,120870.14072947204
247800,0.247799,4096,8.0,8.0,8.393632524297573,0.3468618424075487,7.364674091339111,10.081385612487793,8.393632524297573,120868.30834988505
248000,0.247999,4096,8.0,8.0,8.393519517616369,0.3466150414411054,7.362362861633301,10.079368591308594,8.393519517616369,120866.68105367571
248200,0.24819899999999998,4096,8.0,8.0,8.393406227929518,0.34631672529572033,7.362841606140137,10.079132080078125,8.393406227929518,120865.04968218505
248400,0.24839899999999998,4096,8.0,8.0,8.393284171586856,0.3459668208502408,7.363862991333008,10.077335357666016,8.393284171586856,120863.29207085073
248600,0.248599,4096,8.0,8.0,8.393161656334996,0.34560134881776255,7.364971160888672,10.075143814086914,8.393161656334996,120861.52785122395
248800,0.248799,4096,8.0,8.0,8.393039053422399,0.34522527856880025,7.366133689880371,10.071966171264648,8.393039053422399,120859.76236928254
249000,0.248999,4096,8.0,8.0,8.392910419614054,0.34486058498252375,7.365469455718994,10.0693998336792,8.392910419614054,120857.91004244238
249200,0.24919899999999998,4096,8.0,8.0,8.392798731918447,0.3445832132272976,7.367029666900635,10.068851470947266,8.392798731918447,120856.30173962563
249400,0.24939899999999998,4096,8.0,8.0,8.392687674961053,0.3443053825901697,7.3672380447387695,10.068336486816406,8.392687674961053,120854.70251943916
249600,0.249599,4096,8.0,8.0,8.392569550895132,0.3440005740610581,7.367269992828369,10.0667724609375,8.392569550895132,120853.0015328899
249800,0.249799,4096,8.0,8.0,8.392445357283577,0.3436888608542429,7.3696112632751465,10.067012786865234,8.392445357283577,120851.21314488351
250000,0.249999,4096,8.0,8.0,8.39232722343877,0.34337479989924224,7.3725409507751465,10.060973167419434,8.39232722343877,120849.51201751828
250200,0.250199,4096,8.0,8.0,8.392210559919477,0.3430596447902854,7.375990867614746,10.059401512145996,8.392210559919477,120847.83206284046
250400,0.250399,4096,8.0,8.0,8.392107329098508,0.34279804165967426,7.376995086669922,10.054410934448242,8.392107329098508,120846.34553901851
250600,0.250599,4096,8.0,8.0,8.391992851044051,0.3424833022716924,7.376691818237305,10.049398422241211,8.391992851044051,120844.69705503434
250800,0.250799,4096,8.0,8.0,8.391873640939593,0.34212628744377926,7.377010822296143,10.050565719604492,8.391873640939593,120842.98042953014
251000,0.25099899999999997,4096,8.0,8.0,8.391762796090916,0.34179751579704937,7.379902362823486,10.051980972290039,8.391762796090916,120841.38426370919
251200,0.251199,4096,8.0,8.0,8.39165198826231,0.3414899159687518,7.381467819213867,10.051194190979004,8.39165198826231,120839.78863097727
251400,0.251399,4096,8.0,8.0,8.391551973531023,0.34120241758765885,7.382418632507324,10.049904823303223,8.391551973531023,120838.34841884673
251600,0.25159899999999996,4096,8.0,8.0,8.391435162862763,0.3408763564338711,7.381664276123047,10.049501419067383,8.391435162862763,120836.66634522378
251800,0.251799,4096,8.0,8.0,8.391310337348841,0.3404970881994555,7.381383895874023,10.048223495483398,8.391310337348841,120834.86885782331
252000,0.251999,4096,8.0,8.0,8.391197620076127,0.3401877235144528,7.383062362670898,10.047103881835938,8.391197620076127,120833.24572909623
252200,0.252199,4096,8.0,8.0,8.391086575458758,0.3398597896619047,7.382126331329346,10.045463562011719,8.391086575458758,120831.64668660611
252400,0.252399,4096,8.0,8.0,8.39096819178667,0.33957738414200384,7.380948066711426,10.042221069335938,8.39096819178667,120829.94196172804
252600,0.25259899999999996,4096,8.0,8.0,8.390853008953854,0.3392561028708122,7.3817949295043945,10.04284381866455,8.390853008953854,120828.2833289355
252800,0.252799,4096,8.0,8.0,8.390739969909191,0.3389862198433063,7.380955219268799,10.043267250061035,8.390739969909191,120826.65556669235
253000,0.252999,4096,8.0,8.0,8.39062059065327,0.3386481916854789,7.381941795349121,10.041800498962402,8.39062059065327,120824.9365054071
253200,0.253199,4096,8.0,8.0,8.390512713114731,0.3383507232622992,7.382015228271484,10.03843879699707,8.390512713114731,120823.38306885213
253400,0.253399,4096,8.0,8.0,8.39040516410023,0.33807813089768396,7.381368637084961,10.034852027893066,8.39040516410023,120821.83436304331
253600,0.25359899999999996,4096,8.0,8.0,8.390290111885406,0.33780540006017373,7.382194995880127,10.032651901245117,8.390290111885406,120820.17761114985
253800,0.253799,4096,8.0,8.0,8.39017774083186,0.3374830118278018,7.38459587097168,10.028186798095703,8.39017774083186,120818.55946797878
254000,0.253999,4096,8.0,8.0,8.39006403228268,0.3371275661706863,7.387642860412598,10.02491283416748,8.39006403228268,120816.9220648706
254200,0.254199,4096,8.0,8.0,8.389955772901885,0.33682404820724987,7.389150619506836,10.022672653198242,8.389955772901885,120815.36312978715
254400,0.254399,4096,8.0,8.0,8.389846157399006,0.3365274409934087,7.3884358406066895,10.018805503845215,8.389846157399006,120813.78466654569
254600,0.25459899999999996,4096,8.0,8.0,8.389739233884029,0.3362593729573767,7.390998840332031,10.017732620239258,8.389739233884029,120812.24496793002
254800,0.254799,4096,8.0,8.0,8.3896240623435,0.33596786212066115,7.390488147735596,10.015695571899414,8.3896240623435,120810.58649774641
255000,0.254999,4096,8.0,8.0,8.389520455151796,0.3356780709933817,7.390767574310303,10.015523910522461,8.389520455151796,120809.09455418587
255200,0.255199,4096,8.0,8.0,8.389408847666346,0.33538079829288114,7.390032768249512,10.014657020568848,8.389408847666346,120807.48740639538
255400,0.255399,4096,8.0,8.0,8.3892979871016,0.3350755376905513,7.391514301300049,10.0129976272583,8.3892979871016,120805.89101426303
255600,0.25559899999999997,4096,8.0,8.0,8.389193760114722,0.3347931406063317,7.392436981201172,10.009032249450684,8.389193760114722,120804.390145652
255800,0.255799,4096,8.0,8.0,8.389083579997532,0.3344482234042248,7.393568515777588,10.002634048461914,8.389083579997532,120802.80355196446
256000,0.255999,4096,8.0,8.0,8.388968513230793,0.3341122540497495,7.394036769866943,9.998275756835938,8.388968513230793,120801.14659052342
256200,0.256199,4096,8.0,8.0,8.388863850967027,0.3338003699087942,7.39475679397583,9.99377727508545,8.388863850967027,120799.63945392519
256400,0.256399,4096,8.0,8.0,8.388753518345766,0.3335275807997865,7.396605491638184,9.991683959960938,8.388753518345766,120798.05066417903
256600,0.25659899999999997,4096,8.0,8.0,8.388644824386574,0.3332323213419279,7.395277500152588,9.989852905273438,8.388644824386574,120796.48547116667
256800,0.256799,4096,8.0,8.0,8.388544352259487,0.332966284979634,7.392317771911621,9.98810863494873,8.388544352259487,120795.03867253661
257000,0.256999,4096,8.0,8.0,8.388441558927298,0.3326641252663596,7.393324375152588,9.987906455993652,8.388441558927298,120793.55844855309
257200,0.257199,4096,8.0,8.0,8.38834258611314,0.3323595156778147,7.395832538604736,9.984789848327637,8.38834258611314,120792.13324002922
257400,0.257399,4096,8.0,8.0,8.388238630956039,0.33206399685646165,7.398437976837158,9.981941223144531,8.388238630956039,120790.63628576696
257600,0.25759899999999997,4096,8.0,8.0,8.388136576511897,0.33174207039547404,7.39739990234375,9.980077743530273,8.388136576511897,120789.16670177132
257800,0.257799,4096,8.0,8.0,8.388037711614743,0.3314871192326976,7.399905681610107,9.979373931884766,8.388037711614743,120787.7430472523
258000,0.257999,4096,8.0,8.0,8.387933856574818,0.33119374022889153,7.400653839111328,9.976903915405273,8.387933856574818,120786.24753467739
258200,0.258199,4096,8.0,8.0,8.387824808713049,0.3308794261463786,7.401891231536865,9.973541259765625,8.387824808713049,120784.6772454679
258400,0.258399,4096,8.0,8.0,8.387714702636003,0.33054055933446674,7.401918411254883,9.969134330749512,8.387714702636003,120783.09171795845
258600,0.25859899999999997,4096,8.0,8.0,8.387610205681995,0.33022701339278476,7.402928352355957,9.967390060424805,8.387610205681995,120781.58696182072
258800,0.258799,4096,8.0,8.0,8.38750604831148,0.32995636573744114,7.404452323913574,9.964414596557617,8.38750604831148,120780.0870956853
259000,0.258999,4096,8.0,8.0,8.38739471277222,0.32965128134885,7.404844284057617,9.960898399353027,8.38739471277222,120778.48386391997
259200,0.259199,4096,8.0,8.0,8.38728852942586,0.329384814248762,7.4062275886535645,9.957889556884766,8.38728852942586,120776.95482373238
259400,0.259399,4096,8.0,8.0,8.387193453148939,0.3291394361876737,7.405158519744873,9.956645965576172,8.387193453148939,120775.58572534472
259600,0.25959899999999997,4096,8.0,8.0,8.387092668097466,0.32886983567398476,7.403044700622559,9.950827598571777,8.387092668097466,120774.13442060351
259800,0.259799,4096,8.0,8.0,8.38699482230004,0.3285863164131698,7.401500225067139,9.947474479675293,8.38699482230004,120772.72544112056
260000,0.259999,4096,8.0,8.0,8.386896221200004,0.3283011556721647,7.400961875915527,9.947376251220703,8.386896221200004,120771.30558528006
260200,0.260199,4096,8.0,8.0,8.386791097116657,0.32802416000533413,7.399970054626465,9.94830322265625,8.386791097116657,120769.79179847986
260400,0.260399,4096,8.0,8.0,8.386696798726916,0.3277591865714001,7.402083873748779,9.947757720947266,8.386696798726916,120768.4339016676
260600,0.26059899999999997,4096,8.0,8.0,8.38659229897894,0.3274656579171613,7.404294967651367,9.94506549835205,8.38659229897894,120766.92910529673
260800,0.260799,4096,8.0,8.0,8.386493272497319,0.3271825457125636,7.406136512756348,9.943565368652344,8.386493272497319,120765.50312396139
261000,0.260999,4096,8.0,8.0,8.386395697947592,0.3269011204081186,7.407343864440918,9.942547798156738,8.386395697947592,120764.09805044532
261200,0.261199,4096,8.0,8.0,8.386293241288513,0.3266070661926061,7.409317493438721,9.941767692565918,8.386293241288513,120762.62267455459
261400,0.261399,4096,8.0,8.0,8.386190557852387,0.3263373999484303,7.4101996421813965,9.939250946044922,8.386190557852387,120761.14403307438
261600,0.26159899999999997,4096,8.0,8.0,8.386080629425123,0.3260676277951644,7.410706520080566,9.941232681274414,8.386080629425123,120759.56106372178
261800,0.261799,4096,8.0,8.0,8.385977097204886,0.32578326641845273,7.41281795501709,9.942829132080078,8.385977097204886,120758.07019975036
262000,0.261999,4096,8.0,8.0,8.385886070202105,0.3255410147638405,7.417283058166504,9.942544937133789,8.385886070202105,120756.75941091031
262200,0.262199,4096,8.0,8.0,8.385783885489218,0.3252519070984096,7.41806173324585,9.946027755737305,8.385783885489218,120755.28795104474
262400,0.262399,4096,8.0,8.0,8.385686897323467,0.32500578918768935,7.41879940032959,9.946019172668457,8.385686897323467,120753.89132145792
262600,0.26259899999999997,4096,8.0,8.0,8.385587170138024,0.32476475069794947,7.419780731201172,9.945638656616211,8.385587170138024,120752.45524998754
262800,0.262799,4096,8.0,8.0,8.385487221414223,0.32448172961506866,7.422556400299072,9.94559383392334,8.385487221414223,120751.01598836482
263000,0.262999,4096,8.0,8.0,8.38538290001452,0.3241504046487925,7.424002647399902,9.941742897033691,8.38538290001452,120749.51376020908
263200,0.26319899999999996,4096,8.0,8.0,8.385274896281771,0.32383105600898826,7.425775051116943,9.940354347229004,8.385274896281771,120747.95850645751
263400,0.263399,4096,8.0,8.0,8.385171960690059,0.3235139146598281,7.428332328796387,9.93603515625,8.385171960690059,120746.47623393685
263600,0.26359899999999997,4096,8.0,8.0,8.385073562618345,0.32323333172960744,7.430924892425537,9.934981346130371,8.385073562618345,120745.05930170417
263800,0.263799,4096,8.0,8.0,8.384975224966183,0.3229387992135955,7.431034564971924,9.932889938354492,8.384975224966183,120743.64323951304
264000,0.263999,4096,8.0,8.0,8.384874700917862,0.3226496841542253,7.430521011352539,9.932292938232422,8.384874700917862,120742.19569321722
264200,0.26419899999999996,4096,8.0,8.0,8.384776056162082,0.3223671280303631,7.4319748878479,9.930211067199707,8.384776056162082,120740.77520873398
264400,0.264399,4096,8.0,8.0,8.384680102113634,0.3221172679794867,7.432257175445557,9.929544448852539,8.384680102113634,120739.39347043633
264600,0.264599,4096,8.0,8.0,8.384582288912497,0.3218391779842864,7.431661605834961,9.927718162536621,8.384582288912497,120737.98496033996
264800,0.264799,4096,8.0,8.0,8.384487027185969,0.32159113601480094,7.428765296936035,9.925580978393555,8.384487027185969,120736.61319147795
265000,0.264999,4096,8.0,8.0,8.384388425736688,0.32132154642027416,7.428027153015137,9.92581558227539,8.384388425736688,120735.19333060831
265200,0.26519899999999996,4096,8.0,8.0,8.384285236359574,0.32104184592548973,7.427069664001465,9.922569274902344,8.384285236359574,120733.70740357786
265400,0.265399,4096,8.0,8.0,8.384193044155836,0.32080591986793716,7.428834438323975,9.920295715332031,8.384193044155836,120732.37983584404
265600,0.265599,4096,8.0,8.0,8.38409087585751,0.3205397855463382,7.427466869354248,9.915398597717285,8.38409087585751,120730.90861234814
265800,0.265799,4096,8.0,8.0,8.383987772045657,0.32027098943064525,7.427249431610107,9.913789749145508,8.383987772045657,120729.42391745746
266000,0.265999,4096,8.0,8.0,8.383892763406038,0.32002379383061813,7.427736759185791,9.91323471069336,8.383892763406038,120728.05579304695
266200,0.26619899999999996,4096,8.0,8.0,8.383795354748145,0.31976387603324485,7.4283905029296875,9.913236618041992,8.383795354748145,120726.65310837328
266400,0.266399,4096,8.0,8.0,8.383692075731233,0.3194277218882119,7.4301910400390625,9.910762786865234,8.383692075731233,120725.16589052975
266600,0.266599,4096,8.0,8.0,8.383591884630732,0.31911869101505647,7.427614212036133,9.907548904418945,8.383591884630732,120723.72313868254
266800,0.266799,4096,8.0,8.0,8.383499856805429,0.3188476198166186,7.425669193267822,9.906478881835938,8.383499856805429,120722.39793799818
267000,0.266999,4096,8.0,8.0,8.383396684774198,0.31856680651342373,7.426807880401611,9.905501365661621,8.383396684774198,120720.91226074845
267200,0.26719899999999996,4096,8.0,8.0,8.38330393761862,0.3182886225951142,7.4252142906188965,9.902884483337402,8.38330393761862,120719.57670170814
267400,0.267399,4096,8.0,8.0,8.383221096592024,0.31805827578688733,7.423720359802246,9.902543067932129,8.383221096592024,120718.38379092515
267600,0.267599,4096,8.0,8.0,8.383126389235258,0.3177896210083294,7.423635482788086,9.903312683105469,8.383126389235258,120717.02000498772
267800,0.267799,4096,8.0,8.0,8.38303798576817,0.3175194778732966,7.4256591796875,9.899662971496582,8.38303798576817,120715.74699506164
268000,0.267999,4096,8.0,8.0,8.38294745911844,0.3172872925613581,7.427124500274658,9.895373344421387,8.38294745911844,120714.44341130555
268200,0.26819899999999997,4096,8.0,8.0,8.382854307303205,0.31703809876235206,7.4287943840026855,9.89536190032959,8.382854307303205,120713.10202516615
268400,0.268399,4096,8.0,8.0,8.382758527295664,0.3167600316030483,7.4288010597229,9.892173767089844,8.382758527295664,120711.72279305756
268600,0.268599,4096,8.0,8.0,8.382658905233257,0.31649684702476555,7.4287638664245605,9.889219284057617,8.382658905233257,120710.2882353589
268800,0.268799,4096,8.0,8.0,8.382569442037493,0.31622760638789615,7.43034029006958,9.888161659240723,8.382569442037493,120708.9999653399
269000,0.268999,4096,8.0,8.0,8.382473891600966,0.31599023235030926,7.4304094314575195,9.887189865112305,8.382473891600966,120707.62403905392
269200,0.26919899999999997,4096,8.0,8.0,8.382371914107352,0.3156803059829065,7.429198741912842,9.88454532623291,8.382371914107352,120706.15556314588
269400,0.269399,4096,8.0,8.0,8.382274355972186,0.31544573087578903,7.429160118103027,9.881959915161133,8.382274355972186,120704.75072599947
269600,0.269599,4096,8.0,8.0,8.382177090621553,0.31518631020807475,7.430373191833496,9.88233470916748,8.382177090621553,120703.35010495037
269800,0.269799,4096,8.0,8.0,8.38207826553844,0.3149059230118504,7.431913375854492,9.879932403564453,8.38207826553844,120701.92702375352
270000,0.269999,4096,8.0,8.0,8.381978009827435,0.3145980632329641,7.434340953826904,9.878413200378418,8.381978009827435,120700.48334151506
270200,0.27019899999999997,4096,8.0,8.0,8.38187999126967,0.3142916289551267,7.433961868286133,9.876611709594727,8.38187999126967,120699.07187428325
270400,0.270399,4096,8.0,8.0,8.381784099852666,0.3140152188810517,7.433199882507324,9.87423038482666,8.381784099852666,120697.6910378784
270600,0.270599,4096,8.0,8.0,8.381689212983474,0.3137664754682263,7.432142734527588,9.87412166595459,8.381689212983474,120696.32466696203
270800,0.270799,4096,8.0,8.0,8.381595604354516,0.31351272584195494,7.434483528137207,9.874267578125,8.381595604354516,120694.97670270503
271000,0.270999,4096,8.0,8.0,8.381499255192466,0.3132031136698738,7.43545389175415,9.87080192565918,8.381499255192466,120693.58927477151
271200,0.27119899999999997,4096,8.0,8.0,8.381412678281777,0.31294280050532647,7.436827659606934,9.8679780960083,8.381412678281777,120692.34256725758
271400,0.271399,4096,8.0,8.0,8.381324742222205,0.3127171605529513,7.436016082763672,9.869458198547363,8.381324742222205,120691.07628799975
271600,0.271599,4096,8.0,8.0,8.381225768243894,0.31243265608477316,7.437429904937744,9.86977767944336,8.381225768243894,120689.65106271207
271800,0.271799,4096,8.0,8.0,8.381131996284239,0.3121804163210984,7.439056396484375,9.868919372558594,8.381131996284239,120688.30074649304
272000,0.271999,4096,8.0,8.0,8.381042197113857,0.3118973406811374,7.440690040588379,9.86503791809082,8.381042197113857,120687.00763843954
272200,0.27219899999999997,4096,8.0,8.0,8.380952339502983,0.3116639552819141,7.441779136657715,9.864921569824219,8.380952339502983,120685.71368884295
272400,0.272399,4096,8.0,8.0,8.380856111762114,0.3113863570362521,7.4437737464904785,9.861612319946289,8.380856111762114,120684.32800937444
272600,0.272599,4096,8.0,8.0,8.380760520347394,0.31108941274259444,7.445920944213867,9.859411239624023,8.380760520347394,120682.95149300247
272800,0.272799,4096,8.0,8.0,8.380668278085068,0.3108261245372873,7.447349548339844,9.85614013671875,8.380668278085068,120681.62320442498
273000,0.272999,4096,8.0,8.0,8.380572930444032,0.3105586891217162,7.448583126068115,9.850826263427734,8.380572930444032,120680.25019839406
273200,0.27319899999999997,4096,8.0,8.0,8.380482472246513,0.31030047262426735,7.45109748840332,9.847846984863281,8.380482472246513,120678.94760034978
273400,0.273399,4096,8.0,8.0,8.380387823563069,0.3100792210898961,7.452149391174316,9.845840454101562,8.380387823563069,120677.5846593082
273600,0.273599,4096,8.0,8.0,8.380297792842612,0.3098611618119228,7.451187610626221,9.845377922058105,8.380297792842612,120676.28821693361
273800,0.273799,4096,8.0,8.0,8.380205041379668,0.3096293965107581,7.451828479766846,9.842350006103516,8.380205041379668,120674.95259586722
274000,0.273999,4096,8.0,8.0,8.380105457850732,0.3093308316434621,7.451274394989014,9.839123725891113,8.380105457850732,120673.51859305054
274200,0.27419899999999997,4096,8.0,8.0,8.380007858388126,0.30906153144363335,7.451693058013916,9.83735466003418,8.380007858388126,120672.11316078901
274400,0.274399,4096,8.0,8.0,8.379922227817588,0.30880559450653944,7.452938079833984,9.835838317871094,8.379922227817588,120670.88008057326
274600,0.274599,4096,8.0,8.0,8.379837032756768,0.3086059347846075,7.453545570373535,9.834311485290527,8.379837032756768,120669.65327169746
274800,0.27479899999999996,4096,8.0,8.0,8.379755040747114,0.30843135595362614,7.454421043395996,9.830570220947266,8.379755040747114,120668.47258675843
275000,0.274999,4096,8.0,8.0,8.379672496463172,0.30822656945036847,7.454804420471191,9.829119682312012,8.379672496463172,120667.28394906968
275200,0.27519899999999997,4096,8.0,8.0,8.379590540076606,0.3079948215690629,7.457428455352783,9.82844352722168,8.379590540076606,120666.10377710313
275400,0.275399,4096,8.0,8.0,8.379492454696447,0.3076976016527099,7.458643913269043,9.825736999511719,8.379492454696447,120664.69134762883
275600,0.275599,4096,8.0,8.0,8.379399603116326,0.30743740756212823,7.46026086807251,9.825323104858398,8.379399603116326,120663.3542848751
275800,0.27579899999999996,4096,8.0,8.0,8.379308208124712,0.30718053203635215,7.4623517990112305,9.825057983398438,8.379308208124712,120662.03819699585
276000,0.275999,4096,8.0,8.0,8.379217523848638,0.30690947489351733,7.4623236656188965,9.825132369995117,8.379217523848638,120660.73234342039
276200,0.276199,4096,8.0,8.0,8.379122506128624,0.3066637857663336,7.463487148284912,9.825653076171875,8.379122506128624,120659.36408825219
276400,0.276399,4096,8.0,8.0,8.379035018617287,0.3064402764220666,7.46091365814209,9.823389053344727,8.379035018617287,120658.10426808894
276600,0.276599,4096,8.0,8.0,8.378945999429561,0.3061986625261984,7.458827018737793,9.821067810058594,8.378945999429561,120656.82239178568
276800,0.27679899999999996,4096,8.0,8.0,8.37886503781192,0.30596793636214353,7.460832595825195,9.819110870361328,8.37886503781192,120655.65654449165
277000,0.276999,4096,8.0,8.0,8.378771923133172,0.3056883019395571,7.460209846496582,9.820137977600098,8.378771923133172,120654.31569311768
277200,0.277199,4096,8.0,8.0,8.378676831373014,0.30542595043219317,7.460677146911621,9.81792163848877,8.378676831373014,120652.9463717714
277400,0.277399,4096,8.0,8.0,8.378587932791561,0.30518073701748843,7.4617462158203125,9.816696166992188,8.378587932791561,120651.66623219848
277600,0.277599,4096,8.0,8.0,8.378494577016681,0.3049109198159913,7.461808204650879,9.815003395080566,8.378494577016681,120650.32190904021
277800,0.27779899999999996,4096,8.0,8.0,8.378404688322917,0.30466441486789364,7.463414669036865,9.813119888305664,8.378404688322917,120649.02751185
278000,0.277999,4096,8.0,8.0,8.378314701025374,0.3044316324325137,7.464296817779541,9.8138427734375,8.378314701025374,120647.73169476539
278200,0.278199,4096,8.0,8.0,8.378221099963412,0.30416659972851257,7.465476989746094,9.811463356018066,8.378221099963412,120646.38383947313
278400,0.278399,4096,8.0,8.0,8.37813193409238,0.3039405785962237,7.467494487762451,9.809626579284668,8.37813193409238,120645.09985093027
278600,0.278599,4096,8.0,8.0,8.378044936456718,0.30376166474586513,7.466291427612305,9.809818267822266,8.378044936456718,120643.84708497673
278800,0.27879899999999996,4096,8.0,8.0,8.377964586950839,0.3035823502124731,7.4640421867370605,9.807296752929688,8.377964586950839,120642.69005209208
279000,0.278999,4096,8.0,8.0,8.377880647894926,0.3033926459956984,7.462717056274414,9.80505084991455,8.377880647894926,120641.48132968694
279200,0.279199,4096,8.0,8.0,8.377793614636175,0.3031144206042512,7.461191654205322,9.801627159118652,8.377793614636175,120640.22805076092
279400,0.279399,4096,8.0,8.0,8.377702854690142,0.30282137120111974,7.462154388427734,9.799970626831055,8.377702854690142,120638.92110753804
279600,0.279599,4096,8.0,8.0,8.377610944095068,0.3025939538399017,7.461586952209473,9.79786491394043,8.377610944095068,120637.59759496897
279800,0.27979899999999996,4096,8.0,8.0,8.37752353074029,0.3023384358868411,7.462335586547852,9.797611236572266,8.37752353074029,120636.33884266019
280000,0.279999,4096,8.0,8.0,8.377432871842757,0.30210982854901064,7.462055206298828,9.793570518493652,8.377432871842757,120635.0333545357
280200,0.280199,4096,8.0,8.0,8.377346170018427,0.3018978494467109,7.461605072021484,9.793615341186523,8.377346170018427,120633.78484826535
280400,0.280399,4096,8.0,8.0,8.377260063542053,0.30165068007731866,7.462396144866943,9.793539047241211,8.377260063542053,120632.54491500556
280600,0.280599,4096,8.0,8.0,8.377171141910367,0.3013778858973969,7.462506294250488,9.792275428771973,8.377171141910367,120631.26444350928
280800,0.28079899999999997,4096,8.0,8.0,8.377090461901389,0.3011584305054156,7.462776184082031,9.79262638092041,8.377090461901389,120630.10265138
281000,0.280999,4096,8.0,8.0,8.377002460649237,0.3009096173805932,7.460939407348633,9.79235553741455,8.377002460649237,120628.83543334901
281200,0.281199,4096,8.0,8.0,8.37691825372167,0.3006959370005891,7.459856033325195,9.793381690979004,8.37691825372167,120627.62285359204
281400,0.281399,4096,8.0,8.0,8.376838327618316,0.3004731156234997,7.458755016326904,9.792613983154297,8.376838327618316,120626.47191770375
281600,0.281599,4096,8.0,8.0,8.376750262221321,0.30021986115416976,7.458761215209961,9.790289878845215,8.376750262221321,120625.20377598703
281800,0.28179899999999997,4096,8.0,8.0,8.376659624045715,0.2999717748244699,7.459413051605225,9.790895462036133,8.376659624045715,120623.89858625829
282000,0.281999,4096,8.0,8.0,8.376578342402354,0.29976411619474397,7.461311340332031,9.790363311767578,8.376578342402354,120622.7281305939
282200,0.282199,4096,8.0,8.0,8.376500293263234,0.2995643281308827,7.462831974029541,9.789809226989746,8.376500293263234,120621.60422299057
282400,0.282399,4096,8.0,8.0,8.376420601038262,0.2993292577311311,7.463834285736084,9.789624214172363,8.376420601038262,120620.45665495098
282600,0.282599,4096,8.0,8.0,8.376332871383056,0.2990906396443305,7.4628586769104,9.787070274353027,8.376332871383056,120619.193347916
282800,0.28279899999999997,4096,8.0,8.0,8.376252489164472,0.2988663334551358,7.462366104125977,9.784529685974121,8.376252489164472,120618.03584396839
283000,0.282999,4096,8.0,8.0,8.376168399001472,0.29861348827565737,7.463619232177734,9.78479290008545,8.376168399001472,120616.82494562119
283200,0.283199,4096,8.0,8.0,8.376087298151106,0.29832440012345174,7.466573238372803,9.781049728393555,8.376087298151106,120615.65709337592
283400,0.283399,4096,8.0,8.0,8.37599743658211,0.2981124694106206,7.468585014343262,9.783413887023926,8.37599743658211,120614.3630867824
283600,0.283599,4096,8.0,8.0,8.375916785676964,0.29788223054446566,7.469841003417969,9.783541679382324,8.375916785676964,120613.20171374828
283800,0.28379899999999997,4096,8.0,8.0,8.375837545259856,0.29762478440025925,7.471519470214844,9.781015396118164,8.375837545259856,120612.06065174192
284000,0.283999,4096,8.0,8.0,8.375751928659156,0.29739695439022096,7.47258186340332,9.777978897094727,8.375751928659156,120610.82777269185
284200,0.284199,4096,8.0,8.0,8.375671356334351,0.29718085386764714,7.473210334777832,9.774175643920898,8.375671356334351,120609.66753121465
284400,0.284399,4096,8.0,8.0,8.375579796847887,0.2969296167252171,7.475385665893555,9.772113800048828,8.375579796847887,120608.34907460958
284600,0.284599,4096,8.0,8.0,8.37549351376947,0.2966996215255818,7.47727108001709,9.772310256958008,8.37549351376947,120607.10659828037
284800,0.28479899999999997,4096,8.0,8.0,8.375412710476667,0.2964744245296618,7.479907512664795,9.769017219543457,8.375412710476667,120605.943030864
285000,0.284999,4096,8.0,8.0,8.375322619220242,0.2962144128559458,7.481394290924072,9.770720481872559,8.375322619220242,120604.64571677148
285200,0.285199,4096,8.0,8.0,8.375240144203417,0.2959641371559403,7.484198570251465,9.772387504577637,8.375240144203417,120603.4580765292
285400,0.285399,4096,8.0,8.0,8.375163739547133,0.2957692076363483,7.484436511993408,9.773327827453613,8.375163739547133,120602.35784947872
285600,0.285599,4096,8.0,8.0,8.375083477352746,0.29556558659705334,7.484426498413086,9.77426528930664,8.375083477352746,120601.20207387954
285800,0.28579899999999997,4096,8.0,8.0,8.37500209233258,0.2953435139713855,7.484703540802002,9.772507667541504,8.37500209233258,120600.03012958914
286000,0.285999,4096,8.0,8.0,8.37492499500513,0.2951072535150842,7.484904766082764,9.772298812866211,8.37492499500513,120598.91992807388
286200,0.286199,4096,8.0,8.0,8.374848651699722,0.2948892850058126,7.485939025878906,9.773765563964844,8.374848651699722,120597.820584476
286400,0.286399,4096,8.0,8.0,8.374774653697386,0.2946947642015101,7.4849042892456055,9.773757934570312,8.374774653697386,120596.75501324236
286600,0.286599,4096,8.0,8.0,8.374692506738938,0.2944633871124011,7.485009670257568,9.772786140441895,8.374692506738938,120595.57209704071
286800,0.28679899999999997,4096,8.0,8.0,8.374610375845805,0.2942031305300182,7.485638618469238,9.770025253295898,8.374610375845805,120594.38941217959
287000,0.286999,4096,8.0,8.0,8.374525043647736,0.29389202298766565,7.48619270324707,9.769804000854492,8.374525043647736,120593.1606285274
287200,0.287199,4096,8.0,8.0,8.374442811124027,0.29367592569732753,7.485979080200195,9.769876480102539,8.374442811124027,120591.97648018599
287400,0.28739899999999996,4096,8.0,8.0,8.374354016734287,0.29339397546121726,7.486291408538818,9.772726058959961,8.374354016734287,120590.69784097373
287600,0.287599,4096,8.0,8.0,8.37426998023875,0.2931141462722618,7.488200664520264,9.771340370178223,8.37426998023875,120589.48771543801
287800,0.28779899999999997,4096,8.0,8.0,8.374185506021604,0.29282958823393446,7.490468502044678,9.77221393585205,8.374185506021604,120588.2712867111
288000,0.287999,4096,8.0,8.0,8.37410424114205,0.29257118584073266,7.492656230926514,9.772586822509766,8.37410424114205,120587.10107244551
288200,0.288199,4096,8.0,8.0,8.374034195905551,0.29234191493786815,7.492590427398682,9.77263355255127,8.374034195905551,120586.09242103994
288400,0.28839899999999996,4096,8.0,8.0,8.373954859329388,0.2920614442768677,7.4916181564331055,9.772172927856445,8.373954859329388,120584.94997434318
288600,0.288599,4096,8.0,8.0,8.3738740690751,0.29182010481104287,7.491947650909424,9.770662307739258,8.3738740690751,120583.78659468144
288800,0.288799,4096,8.0,8.0,8.37378862593323,0.2915637997301374,7.49200439453125,9.768536567687988,8.37378862593323,120582.55621343851
289000,0.288999,4096,8.0,8.0,8.373708342202008,0.29131534269593895,7.493987083435059,9.767984390258789,8.373708342202008,120581.40012770891
289200,0.289199,4096,8.0,8.0,8.373632817994803,0.29107235748409094,7.497195243835449,9.766779899597168,8.373632817994803,120580.31257912517
289400,0.28939899999999996,4096,8.0,8.0,8.373562908731401,0.2909075642559478,7.498897075653076,9.764803886413574,8.373562908731401,120579.30588573217
289600,0.289599,4096,8.0,8.0,8.373484134324826,0.29066885626890193,7.499563694000244,9.763006210327148,8.373484134324826,120578.1715342775
289800,0.289799,4096,8.0,8.0,8.373403369565494,0.290448472763456,7.501446723937988,9.762388229370117,8.373403369565494,120577.00852174312
290000,0.289999,4096,8.0,8.0,8.373318974743597,0.29023466161004136,7.50394344329834,9.76075267791748,8.373318974743597,120575.7932363078
290200,0.290199,4096,8.0,8.0,8.373238116153516,0.29001239014930114,7.501604080200195,9.760272026062012,8.373238116153516,120574.62887261063
290400,0.29039899999999996,4096,8.0,8.0,8.373163697309792,0.2898136588804206,7.501486301422119,9.755769729614258,8.373163697309792,120573.557241261
290600,0.290599,4096,8.0,8.0,8.373085831408389,0.289556606069817,7.50235652923584,9.75361156463623,8.373085831408389,120572.4359722808
290800,0.290799,4096,8.0,8.0,8.373010272625834,0.28933169532000597,7.5029616355896,9.753222465515137,8.373010272625834,120571.347925812
291000,0.290999,4096,8.0,8.0,8.372934101847932,0.28913218098554805,7.503214359283447,9.752673149108887,8.372934101847932,120570.25106661022
291200,0.291199,4096,8.0,8.0,8.37285016453825,0.2888559176154809,7.504629611968994,9.74820613861084,8.37285016453825,120569.04236935079
291400,0.29139899999999996,4096,8.0,8.0,8.372770772199146,0.2886030043601945,7.505593776702881,9.746805191040039,8.372770772199146,120567.89911966771
291600,0.291599,4096,8.0,8.0,8.372693182434887,0.28840792575494517,7.506138801574707,9.746224403381348,8.372693182434887,120566.78182706237
291800,0.291799,4096,8.0,8.0,8.37261365156155,0.28819454457984717,7.507298469543457,9.746719360351562,8.37261365156155,120565.63658248633
292000,0.291999,4096,8.0,8.0,8.372532605775632,0.2879802203576131,7.507208347320557,9.744522094726562,8.372532605775632,120564.4695231691
292200,0.292199,4096,8.0,8.0,8.372454037540592,0.28777707352230386,7.506191253662109,9.742915153503418,8.372454037540592,120563.33814058453
292400,0.29239899999999996,4096,8.0,8.0,8.372382183675654,0.2876058842868242,7.50814962387085,9.741016387939453,8.372382183675654,120562.30344492942
292600,0.292599,4096,8.0,8.0,8.372305068769492,0.2873705358954209,7.506173133850098,9.739707946777344,8.372305068769492,120561.19299028069
292800,0.292799,4096,8.0,8.0,8.372231857851148,0.28719856142878664,7.506274223327637,9.738753318786621,8.372231857851148,120560.13875305653
293000,0.292999,4096,8.0,8.0,8.372151668765582,0.2869786537527094,7.5070905685424805,9.738224029541016,8.372151668765582,120558.98403022438
293200,0.293199,4096,8.0,8.0,8.372077660402283,0.28676694764141647,7.507059097290039,9.738965034484863,8.372077660402283,120557.91830979288
293400,0.29339899999999997,4096,8.0,8.0,8.372001510462724,0.2865425224273602,7.509897232055664,9.738271713256836,8.372001510462724,120556.82175066322
293600,0.293599,4096,8.0,8.0,8.371925692539662,0.28632127048840794,7.509452819824219,9.735279083251953,8.371925692539662,120555.72997257113
293800,0.293799,4096,8.0,8.0,8.371849231538363,0.28608696849121407,7.509649276733398,9.733184814453125,8.371849231538363,120554.62893415242
294000,0.293999,4096,8.0,8.0,8.371772774262354,0.285853990264882,7.509243965148926,9.730045318603516,8.371772774262354,120553.5279493779
294200,0.294199,4096,8.0,8.0,8.371688548126258,0.28558476577784353,7.507360935211182,9.72983455657959,8.371688548126258,120552.31509301811
294400,0.29439899999999997,4096,8.0,8.0,8.371610044850968,0.28535532368648314,7.508150100708008,9.727400779724121,8.371610044850968,120551.18464585394
294600,0.294599,4096,8.0,8.0,8.37153158057481,0.285169247664105,7.507757186889648,9.724766731262207,8.37153158057481,120550.05476027727
294800,0.294799,4096,8.0,8.0,8.371459270012565,0.28494859782280746,7.506287574768066,9.723795890808105,8.371459270012565,120549.01348818094
295000,0.294999,4096,8.0,8.0,8.371374884969555,0.2846900917426154,7.503291130065918,9.721288681030273,8.371374884969555,120547.79834356159
295200,0.295199,4096,8.0,8.0,8.371294194599614,0.2844113509066326,7.504111289978027,9.724162101745605,8.371294194599614,120546.63640223444
295400,0.29539899999999997,4096,8.0,8.0,8.371214617160149,0.2841361612635066,7.504127025604248,9.725669860839844,8.371214617160149,120545.49048710614
295600,0.295599,4096,8.0,8.0,8.37113997922279,0.2838936787930868,7.504258155822754,9.726170539855957,8.37113997922279,120544.41570080817
295800,0.295799,4096,8.0,8.0,8.371070532943122,0.2836658253557591,7.504668712615967,9.722892761230469,8.371070532943122,120543.41567438096
296000,0.295999,4096,8.0,8.0,8.370991737931035,0.28339919457585194,7.502472877502441,9.722665786743164,8.370991737931035,120542.28102620691
296200,0.296199,4096,8.0,8.0,8.370911468868144,0.2831705457946104,7.501275062561035,9.72024154663086,8.370911468868144,120541.12515170127
296400,0.29639899999999997,4096,8.0,8.0,8.370830661035143,0.2829203904908838,7.499390602111816,9.720446586608887,8.370830661035143,120539.96151890606
296600,0.296599,4096,8.0,8.0,8.370754602598026,0.2827044042004689,7.497295379638672,9.719130516052246,8.370754602598026,120538.86627741158
296800,0.296799,4096,8.0,8.0,8.370678191073239,0.28248959969400056,7.497542858123779,9.720556259155273,8.370678191073239,120537.76595145464
297000,0.296999,4096,8.0,8.0,8.370603378978558,0.2822692421074203,7.498022079467773,9.722517013549805,8.370603378978558,120536.68865729123
297200,0.297199,4096,8.0,8.0,8.37053002929315,0.2820607565362873,7.4980549812316895,9.721344947814941,8.37053002929315,120535.63242182136
297400,0.29739899999999997,4096,8.0,8.0,8.370450562913902,0.2818060292441734,7.500102519989014,9.719598770141602,8.370450562913902,120534.48810596019
297600,0.297599,4096,8.0,8.0,8.370379296597093,0.28160264375378097,7.501077651977539,9.717057228088379,8.370379296597093,120533.46187099814
297800,0.297799,4096,8.0,8.0,8.370299665257335,0.281398674973408,7.502752304077148,9.718534469604492,8.370299665257335,120532.31517970562
298000,0.297999,4096,8.0,8.0,8.370224941405468,0.28119739239847985,7.503757476806641,9.7205228805542,8.370224941405468,120531.23915623873
298200,0.298199,4096,8.0,8.0,8.37015487800818,0.28100735563836055,7.5037055015563965,9.720887184143066,8.37015487800818,120530.23024331778
298400,0.29839899999999997,4096,8.0,8.0,8.370079703861848,0.2808026435888212,7.5042314529418945,9.72215461730957,8.370079703861848,120529.1477356106
298600,0.298599,4096,8.0,8.0,8.37000334833283,0.2805613486347923,7.504575729370117,9.721327781677246,8.37000334833283,120528.04821599275
298800,0.298799,4096,8.0,8.0,8.369933229871094,0.2803334723928432,7.504321098327637,9.719584465026855,8.369933229871094,120527.03851014376
299000,0.29899899999999996,4096,8.0,8.0,8.369856193545274,0.2800882006314293,7.505887031555176,9.717964172363281,8.369856193545274,120525.92918705195
299200,0.299199,4096,8.0,8.0,8.369775423081592,0.2798663381409961,7.507392883300781,9.718751907348633,8.369775423081592,120524.76609237492
299400,0.29939899999999997,4096,8.0,8.0,8.369696533423848,0.27963342736859564,7.506478309631348,9.71702766418457,8.369696533423848,120523.63008130342
299600,0.299599,4096,8.0,8.0,8.369626716710627,0.27943867232929637,7.5051679611206055,9.715409278869629,8.369626716710627,120522.62472063303
299800,0.299799,4096,8.0,8.0,8.36955670977477,0.279255797548286,7.505842208862305,9.716443061828613,8.36955670977477,120521.61662075669
300000,0.29999899999999996,4096,8.0,8.0,8.369485237286426,0.27906025552984076,7.507002353668213,9.719731330871582,8.369485237286426,120520.58741692454
300200,0.300199,4096,8.0,8.0,8.369412506814115,0.2788275072791273,7.507552146911621,9.720101356506348,8.369412506814115,120519.54009812325
300400,0.30039899999999997,4096,8.0,8.0,8.369344421196729,0.2786634048424359,7.507175445556641,9.720200538635254,8.369344421196729,120518.5596652329
300600,0.300599,4096,8.0,8.0,8.36927132785786,0.2784895568233421,7.507025241851807,9.719515800476074,8.36927132785786,120517.50712115318
300800,0.300799,4096,8.0,8.0,8.369195090257563,0.2782690965713961,7.507113456726074,9.718563079833984,8.369195090257563,120516.4092997089
301000,0.30099899999999996,4096,8.0,8.0,8.36911906383466,0.2780364527756306,7.505782127380371,9.718454360961914,8.36911906383466,120515.3145192191
301200,0.301199,4096,8.0,8.0,8.369048577267677,0.2777994375467284,7.506853103637695,9.717143058776855,8.369048577267677,120514.29951265454
301400,0.301399,4096,8.0,8.0,8.368977163918316,0.2775362375520621,7.508305549621582,9.714031219482422,8.368977163918316,120513.27116042376
301600,0.301599,4096,8.0,8.0,8.368907458381727,0.2773274738199258,7.507087230682373,9.711748123168945,8.368907458381727,120512.26740069687
301800,0.301799,4096,8.0,8.0,8.36883896170184,0.2771638283995302,7.506707191467285,9.713048934936523,8.36883896170184,120511.2810485065
302000,0.30199899999999996,4096,8.0,8.0,8.36876778875012,0.2770250263428493,7.505875587463379,9.714229583740234,8.36876778875012,120510.25615800172
302200,0.302199,4096,8.0,8.0,8.368704621563666,0.27688344883821037,7.5051164627075195,9.714714050292969,8.368704621563666,120509.34655051678
302400,0.302399,4096,8.0,8.0,8.368637604522519,0.2766968207219079,7.504610061645508,9.71566104888916,8.368637604522519,120508.38150512427
302600,0.302599,4096,8.0,8.0,8.368563459487632,0.27648795157455336,7.502448081970215,9.71411418914795,8.368563459487632,120507.3138166219
302800,0.302799,4096,8.0,8.0,8.368485869374126,0.2762706748752607,7.4993696212768555,9.712385177612305,8.368485869374126,120506.19651898742
303000,0.30299899999999996,4096,8.0,8.0,8.368414425407536,0.2761031185917022,7.499406814575195,9.710205078125,8.368414425407536,120505.16772586852
303200,0.303199,4096,8.0,8.0,8.368343529407866,0.2758752056217266,7.499608039855957,9.709816932678223,8.368343529407866,120504.14682347327
303400,0.303399,4096,8.0,8.0,8.368280812283047,0.2756861720504914,7.500507354736328,9.708757400512695,8.368280812283047,120503.24369687587
303600,0.303599,4096,8.0,8.0,8.368212934816256,0.2754402691604331,7.500784873962402,9.707655906677246,8.368212934816256,120502.26626135409
303800,0.303799,4096,8.0,8.0,8.368149206158705,0.2752481753124968,7.501831531524658,9.706539154052734,8.368149206158705,120501.34856868535
304000,0.30399899999999996,4096,8.0,8.0,8.368074204889126,0.27503151453569635,7.503178119659424,9.705758094787598,8.368074204889126,120500.26855040342
304200,0.304199,4096,8.0,8.0,8.368002289207652,0.274837106639605,7.505493640899658,9.704230308532715,8.368002289207652,120499.23296459019
304400,0.304399,4096,8.0,8.0,8.367931007524021,0.2746640479007322,7.504486083984375,9.703933715820312,8.367931007524021,120498.2065083459
304600,0.304599,4096,8.0,8.0,8.367859773919918,0.27449887452677174,7.5014238357543945,9.707489013671875,8.367859773919918,120497.18074444681
304800,0.304799,4096,8.0,8.0,8.367784370551817,0.27425534104666627,7.502201557159424,9.710168838500977,8.367784370551817,120496.09493594617
305000,0.30499899999999996,4096,8.0,8.0,8.367710612947121,0.27400962758255265,7.502091407775879,9.708330154418945,8.367710612947121,120495.03282643855
305200,0.305199,4096,8.0,8.0,8.367634468362667,0.2737678247069015,7.5050201416015625,9.708046913146973,8.367634468362667,120493.9363444224
305400,0.305399,4096,8.0,8.0,8.367561407620087,0.2735212955515654,7.5069780349731445,9.707986831665039,8.367561407620087,120492.88426972926
305600,0.305599,4096,8.0,8.0,8.367494608042762,0.2733016366998632,7.508257865905762,9.708219528198242,8.367494608042762,120491.92235581577
305800,0.305799,4096,8.0,8.0,8.367425594246015,0.2731413210620989,7.508664608001709,9.708695411682129,8.367425594246015,120490.92855714262
306000,0.30599899999999997,4096,8.0,8.0,8.367359591182321,0.27299582636900804,7.509303569793701,9.70971393585205,8.367359591182321,120489.97811302543
306200,0.306199,4096,8.0,8.0,8.36729354946874,0.2728543050098844,7.511601448059082,9.71151351928711,8.36729354946874,120489.02711234987
306400,0.306399,4096,8.0,8.0,8.367227676091716,0.27266364248333097,7.514012336730957,9.710073471069336,8.367227676091716,120488.0785357207
306600,0.306599,4096,8.0,8.0,8.36716310470365,0.2725113820782622,7.513479232788086,9.710532188415527,8.36716310470365,120487.14870773256
306800,0.306799,4096,8.0,8.0,8.36709092836827,0.272309039244215,7.514299392700195,9.713058471679688,8.36709092836827,120486.1093685031
307000,0.30699899999999997,4096,8.0,8.0,8.367012857226655,0.27206257967188796,7.515787601470947,9.713525772094727,8.367012857226655,120484.98514406383
307200,0.307199,4096,8.0,8.0,8.366939779021777,0.27185306683926913,7.515524387359619,9.708888053894043,8.366939779021777,120483.93281791359
307400,0.307399,4096,8.0,8.0,8.366870650672354,0.2716782106026627,7.51483678817749,9.708235740661621,8.366870650672354,120482.9373696819
307600,0.307599,4096,8.0,8.0,8.36680024699308,0.27144134930669317,7.517072677612305,9.708882331848145,8.36680024699308,120481.92355670035
307800,0.307799,4096,8.0,8.0,8.366732046590187,0.27121826477004723,7.517454147338867,9.710951805114746,8.366732046590187,120480.94147089869
308000,0.30799899999999997,4096,8.0,8.0,8.366657245671377,0.27100248150151096,7.51936149597168,9.710433006286621,8.366657245671377,120479.86433766782
308200,0.308199,4096,8.0,8.0,8.366595550091006,0.27086311915886596,7.516488075256348,9.70858383178711,8.366595550091006,120478.97592131048
308400,0.308399,4096,8.0,8.0,8.366525322315283,0.2706629659393393,7.514021396636963,9.707866668701172,8.366525322315283,120477.96464134008
308600,0.308599,4096,8.0,8.0,8.366457411786541,0.2704848205906923,7.5154314041137695,9.707928657531738,8.366457411786541,120476.9867297262
308800,0.308799,4096,8.0,8.0,8.366393684991635,0.27030402482576626,7.516592502593994,9.705796241760254,8.366393684991635,120476.06906387955
309000,0.30899899999999997,4096,8.0,8.0,8.366328898235224,0.2701151366251636,7.516295433044434,9.706428527832031,8.366328898235224,120475.13613458723
309200,0.309199,4096,8.0,8.0,8.366264241049066,0.26996090453640864,7.517064094543457,9.707636833190918,8.366264241049066,120474.20507110655
309400,0.309399,4096,8.0,8.0,8.366197394323535,0.26981205301997907,7.516814708709717,9.712377548217773,8.366197394323535,120473.24247825891
309600,0.309599,4096,8.0,8.0,8.366131076822057,0.26959900447712626,7.516826629638672,9.712272644042969,8.366131076822057,120472.28750623763
309800,0.309799,4096,8.0,8.0,8.366072544595227,0.26943618224036603,7.518383026123047,9.712444305419922,8.366072544595227,120471.44464217126
310000,0.30999899999999997,4096,8.0,8.0,8.366010402445681,0.2692274976459878,7.520504951477051,9.708821296691895,8.366010402445681,120470.54979521781
310200,0.310199,4096,8.0,8.0,8.365934860426933,0.26899356998210927,7.521068572998047,9.70713996887207,8.365934860426933,120469.46199014783
310400,0.310399,4096,8.0,8.0,8.365862186183222,0.2687642183097225,7.522311210632324,9.703968048095703,8.365862186183222,120468.41548103839
310600,0.31059899999999996,4096,8.0,8.0,8.365788899944164,0.26853613701851076,7.523961067199707,9.702237129211426,8.365788899944164,120467.36015919596
310800,0.310799,4096,8.0,8.0,8.365722288610414,0.26838719657577426,7.526728630065918,9.700434684753418,8.365722288610414,120466.40095598996
311000,0.31099899999999997,4096,8.0,8.0,8.365657058893703,0.2682025857871291,7.527962684631348,9.700309753417969,8.365657058893703,120465.46164806932
311200,0.311199,4096,8.0,8.0,8.3655841400614,0.2680008140235023,7.528873920440674,9.698637962341309,8.3655841400614,120464.41161688417
311400,0.311399,4096,8.0,8.0,8.365516948630102,0.26778262828854266,7.528952121734619,9.699241638183594,8.365516948630102,120463.44406027347
311600,0.31159899999999996,4096,8.0,8.0,8.36545211263001,0.26755853015921777,7.529038429260254,9.698776245117188,8.36545211263001,120462.51042187214
311800,0.311799,4096,8.0,8.0,8.365396348526701,0.26744244928844585,7.528952121734619,9.699926376342773,8.365396348526701,120461.7074187845
312000,0.31199899999999997,4096,8.0,8.0,8.365333862020634,0.2672966733621382,7.527927398681641,9.699119567871094,8.365333862020634,120460.80761309713
312200,0.312199,4096,8.0,8.0,8.365266043576412,0.26708242763501094,7.52780818939209,9.698234558105469,8.365266043576412,120459.83102750033
312400,0.312399,4096,8.0,8.0,8.36520534590818,0.26689794643046333,7.528807640075684,9.698873519897461,8.36520534590818,120458.95698107779
312600,0.31259899999999996,4096,8.0,8.0,8.36514632392209,0.26673993975438653,7.528903007507324,9.69780445098877,8.36514632392209,120458.1070644781
312800,0.312799,4096,8.0,8.0,8.36508382554166,0.26652513744857587,7.530070781707764,9.697479248046875,8.36508382554166,120457.2070877999
313000,0.31299899999999997,4096,8.0,8.0,8.365015230840072,0.2662858702149515,7.530323028564453,9.69592571258545,8.365015230840072,120456.21932409704
313200,0.313199,4096,8.0,8.0,8.364951539202593,0.2660885026785784,7.53003454208374,9.694918632507324,8.364951539202593,120455.30216451734
313400,0.313399,4096,8.0,8.0,8.364884499576874,0.26592203015344174,7.530120849609375,9.694905281066895,8.364884499576874,120454.33679390699
313600,0.31359899999999996,4096,8.0,8.0,8.364818600122817,0.2657647625259735,7.53104305267334,9.694445610046387,8.364818600122817,120453.38784176856
313800,0.313799,4096,8.0,8.0,8.36474941612687,0.26557628603822064,7.528479099273682,9.693663597106934,8.36474941612687,120452.39159222692
314000,0.313999,4096,8.0,8.0,8.364680891274475,0.2653543181058523,7.526859760284424,9.695951461791992,8.364680891274475,120451.40483435243
314200,0.314199,4096,8.0,8.0,8.364616542006843,0.2651603822319948,7.527470588684082,9.695116996765137,8.364616542006843,120450.47820489854
314400,0.314399,4096,8.0,8.0,8.364549521706067,0.2649579873025933,7.5294647216796875,9.696101188659668,8.364549521706067,120449.51311256737
314600,0.31459899999999996,4096,8.0,8.0,8.364475517417304,0.26469511379997057,7.530095100402832,9.692227363586426,8.364475517417304,120448.44745080918
314800,0.314799,4096,8.0,8.0,8.364402197184972,0.2644640333496386,7.530895233154297,9.692078590393066,8.364402197184972,120447.3916394636
315000,0.314999,4096,8.0,8.0,8.364338827552274,0.2642816292729447,7.531805992126465,9.692832946777344,8.364338827552274,120446.47911675274
315200,0.315199,4096,8.0,8.0,8.364274950698018,0.264108127364096,7.533976078033447,9.691195487976074,8.364274950698018,120445.55929005146
315400,0.315399,4096,8.0,8.0,8.364208131679334,0.263915670406636,7.534881114959717,9.690956115722656,8.364208131679334,120444.5970961824
315600,0.31559899999999996,4096,8.0,8.0,8.364145160419866,0.2637335962328533,7.534880638122559,9.691434860229492,8.364145160419866,120443.69031004608
315800,0.315799,4096,8.0,8.0,8.364083320368081,0.2635445313371,7.533613681793213,9.690711975097656,8.364083320368081,120442.79981330037
316000,0.315999,4096,8.0,8.0,8.364018852938898,0.2633402199327029,7.5339508056640625,9.689419746398926,8.364018852938898,120441.87148232013
316200,0.316199,4096,8.0,8.0,8.36395542009268,0.2631888391527343,7.535667419433594,9.687469482421875,8.36395542009268,120440.95804933459
316400,0.316399,4096,8.0,8.0,8.36389369983226,0.263012319261808,7.5371270179748535,9.685088157653809,8.36389369983226,120440.06927758455
316600,0.31659899999999996,4096,8.0,8.0,8.363824244705029,0.262838542235764,7.539655685424805,9.68464183807373,8.363824244705029,120439.06912375242
316800,0.316799,4096,8.0,8.0,8.363758568186313,0.2626607763291739,7.539370059967041,9.683741569519043,8.363758568186313,120438.1233818829
317000,0.316999,4096,8.0,8.0,8.363689488964155,0.26247734442368165,7.539258003234863,9.681039810180664,8.363689488964155,120437.12864108384
317200,0.317199,4096,8.0,8.0,8.363623225595802,0.2622919700318219,7.538814544677734,9.679464340209961,8.363623225595802,120436.17444857955
317400,0.317399,4096,8.0,8.0,8.363556997734122,0.2620488321829615,7.538414478302002,9.675771713256836,8.363556997734122,120435.22076737136
317600,0.31759899999999996,4096,8.0,8.0,8.363492707838304,0.26182175520870216,7.539568901062012,9.674357414245605,8.363492707838304,120434.29499287158
317800,0.317799,4096,8.0,8.0,8.363430046592839,0.26165006641114247,7.540990829467773,9.672052383422852,8.363430046592839,120433.39267093688
318000,0.317999,4096,8.0,8.0,8.36336530931294,0.26146712713898623,7.5401458740234375,9.668726921081543,8.36336530931294,120432.46045410633
318200,0.318199,4096,8.0,8.0,8.363296705530956,0.26129377804787823,7.539623260498047,9.66784954071045,8.363296705530956,120431.47255964577
318400,0.318399,4096,8.0,8.0,8.363227014080621,0.2610812095676304,7.541466236114502,9.666556358337402,8.363227014080621,120430.46900276095
318600,0.31859899999999997,4096,8.0,8.0,8.363169625052251,0.2609127510432151,7.545125961303711,9.668758392333984,8.363169625052251,120429.64260075241
318800,0.318799,4096,8.0,8.0,8.36310712248087,0.2607415366327901,7.5471601486206055,9.669137001037598,8.36310712248087,120428.74256372452
319000,0.318999,4096,8.0,8.0,8.36304580734577,0.2605526081187131,7.547971725463867,9.668967247009277,8.36304580734577,120427.85962577909
319200,0.319199,4096,8.0,8.0,8.362983436789364,0.2603689736379995,7.548995494842529,9.669902801513672,8.362983436789364,120426.96148976684
319400,0.319399,4096,8.0,8.0,8.36291613325011,0.2601771663590958,7.550168037414551,9.668360710144043,8.36291613325011,120425.99231880158
319600,0.31959899999999997,4096,8.0,8.0,8.362855721265078,0.25994830022148707,7.549264907836914,9.668307304382324,8.362855721265078,120425.12238621712
319800,0.319799,4096,8.0,8.0,8.362793549662456,0.2597440289317335,7.547957897186279,9.667478561401367,8.362793549662456,120424.22711513937
320000,0.319999,4096,8.0,8.0,8.3627336822683,0.2595186448226764,7.5469651222229,9.66798210144043,8.3627336822683,120423.36502466351
320200,0.320199,4096,8.0,8.0,8.36266797571443,0.25927710373511703,7.546936988830566,9.667319297790527,8.36266797571443,120422.4188502878
320400,0.320399,4096,8.0,8.0,8.362607232411392,0.25911488842049973,7.547049522399902,9.669747352600098,8.362607232411392,120421.54414672405
320600,0.32059899999999997,4096,8.0,8.0,8.362547512864694,0.25892296870419035,7.548877716064453,9.671926498413086,8.362547512864694,120420.6841852516
320800,0.320799,4096,8.0,8.0,8.362489390186965,0.2587194901990071,7.5513763427734375,9.671801567077637,8.362489390186965,120419.8472186923
321000,0.320999,4096,8.0,8.0,8.362422032398172,0.25848063073791877,7.552262306213379,9.67263126373291,8.362422032398172,120418.87726653367
321200,0.321199,4096,8.0,8.0,8.362362518440932,0.25826301040873345,7.551419258117676,9.672003746032715,8.362362518440932,120418.02026554942
321400,0.321399,4096,8.0,8.0,8.362298794905655,0.2580750910011187,7.551270961761475,9.669747352600098,8.362298794905655,120417.10264664143
321600,0.32159899999999997,4096,8.0,8.0,8.36223828268703,0.25789189153732484,7.552750587463379,9.668901443481445,8.36223828268703,120416.23127069324
321800,0.321799,4096,8.0,8.0,8.36217384331394,0.25767241239203703,7.552740097045898,9.669907569885254,8.36217384331394,120415.30334372073
322000,0.321999,4096,8.0,8.0,8.362114863703027,0.25745407737903886,7.552682876586914,9.669506072998047,8.362114863703027,120414.4540373236
322200,0.322199,4096,8.0,8.0,8.362056206329726,0.2572520348023344,7.5520524978637695,9.669048309326172,8.362056206329726,120413.60937114805
322400,0.322399,4096,8.0,8.0,8.361995092476718,0.2570299044383477,7.552236080169678,9.668466567993164,8.361995092476718,120412.72933166474
322600,0.32259899999999997,4096,8.0,8.0,8.361934078508057,0.25684530824739044,7.552577495574951,9.666954040527344,8.361934078508057,120411.85073051602
322800,0.322799,4096,8.0,8.0,8.361876006354578,0.2566722038336788,7.552034378051758,9.664204597473145,8.361876006354578,120411.01449150592
323000,0.322999,4096,8.0,8.0,8.361823467421345,0.2564790502221836,7.551068305969238,9.663695335388184,8.361823467421345,120410.25793086737
323200,0.32319899999999996,4096,8.0,8.0,8.361772464355454,0.2563236332703709,7.551219940185547,9.665237426757812,8.361772464355454,120409.52348671854
323400,0.323399,4096,8.0,8.0,8.36171175178606,0.25618739110746713,7.550711631774902,9.663358688354492,8.36171175178606,120408.64922571927
323600,0.32359899999999997,4096,8.0,8.0,8.361657702131197,0.2560697668643139,7.54917049407959,9.66074275970459,8.361657702131197,120407.87091068923
323800,0.323799,4096,8.0,8.0,8.36160270916298,0.25591790984752544,7.550512313842773,9.657132148742676,8.36160270916298,120407.07901194692
324000,0.323999,4096,8.0,8.0,8.361544053652324,0.2557362083139272,7.551474571228027,9.655976295471191,8.361544053652324,120406.23437259346
324200,0.32419899999999996,4096,8.0,8.0,8.361485616653226,0.25558528852135726,7.551794528961182,9.654994010925293,8.361485616653226,120405.39287980646
324400,0.324399,4096,8.0,8.0,8.361421486129984,0.25537787202711043,7.55314826965332,9.652534484863281,8.361421486129984,120404.46940027177
324600,0.32459899999999997,4096,8.0,8.0,8.361362250871025,0.25516333543481234,7.552783012390137,9.650511741638184,8.361362250871025,120403.61641254276
324800,0.324799,4096,8.0,8.0,8.361302526900545,0.2549892984867411,7.551207065582275,9.648736953735352,8.361302526900545,120402.75638736784
325000,0.324999,4096,8.0,8.0,8.36124232027214,0.25481922191991635,7.550838470458984,9.646835327148438,8.36124232027214,120401.88941191882
325200,0.32519899999999996,4096,8.0,8.0,8.361184712150134,0.25468826325866656,7.551141738891602,9.645258903503418,8.361184712150134,120401.05985496193
325400,0.325399,4096,8.0,8.0,8.361127282958478,0.25451193720143395,7.554045677185059,9.642847061157227,8.361127282958478,120400.23287460208
325600,0.32559899999999997,4096,8.0,8.0,8.361068883095868,0.25433118652593917,7.553084850311279,9.640413284301758,8.361068883095868,120399.3919165805
325800,0.325799,4096,8.0,8.0,8.361007493804209,0.25411223559661666,7.552150249481201,9.6385498046875,8.361007493804209,120398.50791078061
326000,0.325999,4096,8.0,8.0,8.360943815205246,0.2539579284043301,7.554164886474609,9.639671325683594,8.360943815205246,120397.59093895555
326200,0.32619899999999996,4096,8.0,8.0,8.360880825086497,0.2537835689198815,7.554444313049316,9.640100479125977,8.360880825086497,120396.68388124555
326400,0.326399,4096,8.0,8.0,8.360825700336136,0.2536432139180863,7.553286075592041,9.641249656677246,8.360825700336136,120395.89008484036
326600,0.326599,4096,8.0,8.0,8.360768500133418,0.25342943304805643,7.553572654724121,9.640472412109375,8.360768500133418,120395.06640192121
326800,0.326799,4096,8.0,8.0,8.360711646149866,0.2532573443985552,7.554394721984863,9.638960838317871,8.360711646149866,120394.24770455807
327000,0.326999,4096,8.0,8.0,8.360652419156395,0.2530714742960848,7.552956581115723,9.636600494384766,8.360652419156395,120393.39483585209
327200,0.32719899999999996,4096,8.0,8.0,8.360593642806634,0.2528864316797337,7.551449775695801,9.63278579711914,8.360593642806634,120392.54845641553
327400,0.327399,4096,8.0,8.0,8.360532648395747,0.25272505262056516,7.552063941955566,9.6326322555542,8.360532648395747,120391.67013689876
327600,0.327599,4096,8.0,8.0,8.360475884750485,0.2525374613449308,7.551843643188477,9.63260269165039,8.360475884750485,120390.85274040699
327800,0.327799,4096,8.0,8.0,8.360416884184815,0.252338346593676,7.550887584686279,9.6299409866333,8.360416884184815,120390.00313226134
328000,0.327999,4096,8.0,8.0,8.36035775509663,0.2521582752632321,7.551599502563477,9.630582809448242,8.36035775509663,120389.15167339146
328200,0.32819899999999996,4096,8.0,8.0,8.36029917479027,0.25197330569191,7.551791191101074,9.632476806640625,8.36029917479027,120388.3081169799
328400,0.328399,4096,8.0,8.0,8.360238764435053,0.25179672952861704,7.551538467407227,9.633539199829102,8.360238764435053,120387.43820786476
328600,0.328599,4096,8.0,8.0,8.360182050615549,0.25162751227643126,7.551600933074951,9.631485939025879,8.360182050615549,120386.6215288639
328800,0.328799,4096,8.0,8.0,8.360120618599467,0.25145186289443366,7.551511764526367,9.629762649536133,8.360120618599467,120385.73690783232
329000,0.328999,4096,8.0,8.0,8.360064897220582,0.2513468937944842,7.549558162689209,9.630919456481934,8.360064897220582,120384.93451997638
329200,0.32919899999999996,4096,8.0,8.0,8.360005620168522,0.25114471150497103,7.5501017570495605,9.630135536193848,8.360005620168522,120384.08093042672
329400,0.329399,4096,8.0,8.0,8.359952676226385,0.2510045061708296,7.551871299743652,9.630517959594727,8.359952676226385,120383.31853765994
329600,0.329599,4096,8.0,8.0,8.359897136804648,0.25082188667436345,7.552406311035156,9.63125991821289,8.359897136804648,120382.51876998693
329800,0.329799,4096,8.0,8.0,8.35984088073019,0.25062900563329593,7.55329704284668,9.632829666137695,8.35984088073019,120381.70868251473
330000,0.329999,4096,8.0,8.0,8.359778478043154,0.2504422556328867,7.554871082305908,9.630195617675781,8.359778478043154,120380.81008382142
330200,0.33019899999999996,4096,8.0,8.0,8.359721489134245,0.2502391379399707,7.553186416625977,9.62977409362793,8.359721489134245,120379.98944353312
330400,0.330399,4096,8.0,8.0,8.359665556810796,0.25004601137949006,7.553384304046631,9.628543853759766,8.359665556810796,120379.18401807547
330600,0.330599,4096,8.0,8.0,8.359602751792409,0.24980436459186714,7.551331520080566,9.627692222595215,8.359602751792409,120378.27962581068
330800,0.330799,4096,8.0,8.0,8.3595451193396,0.2496147006415854,7.552831172943115,9.627873420715332,8.3595451193396,120377.44971849024
331000,0.330999,4096,8.0,8.0,8.359490709961392,0.24944631867328526,7.554621696472168,9.63041877746582,8.359490709961392,120376.66622344404
331200,0.33119899999999997,4096,8.0,8.0,8.359441392007284,0.24929937371752287,7.55549430847168,9.629878997802734,8.359441392007284,120375.95604490489
331400,0.331399,4096,8.0,8.0,8.359384390874766,0.24913008305196271,7.556795120239258,9.630544662475586,8.359384390874766,120375.13522859663
331600,0.331599,4096,8.0,8.0,8.35933056846261,0.24899140658646146,7.556878089904785,9.630847930908203,8.35933056846261,120374.36018586159
331800,0.331799,4096,8.0,8.0,8.35927373659797,0.24880001772002455,7.557551383972168,9.629692077636719,8.35927373659797,120373.54180701077
332000,0.331999,4096,8.0,8.0,8.359217130229808,0.24858556757744604,7.5564446449279785,9.627017974853516,8.359217130229808,120372.72667530924
332200,0.33219899999999997,4096,8.0,8.0,8.359157828614116,0.2483695759614784,7.555785655975342,9.626331329345703,8.359157828614116,120371.87273204327
332400,0.332399,4096,8.0,8.0,8.359105233452283,0.2482102778109378,7.556994438171387,9.627630233764648,8.359105233452283,120371.11536171287
332600,0.332599,4096,8.0,8.0,8.359050259226933,0.248073699787822,7.556634426116943,9.627543449401855,8.359050259226933,120370.32373286784
332800,0.332799,4096,8.0,8.0,8.358995501184836,0.2479267074433731,7.557514190673828,9.626456260681152,8.358995501184836,120369.53521706164
333000,0.332999,4096,8.0,8.0,8.358940492966212,0.24774776971195264,7.556613922119141,9.623675346374512,8.358940492966212,120368.74309871346
333200,0.33319899999999997,4096,8.0,8.0,8.358881022664718,0.2475767787470717,7.5566816329956055,9.622194290161133,8.358881022664718,120367.88672637194
333400,0.333399,4096,8.0,8.0,8.358819888089783,0.24738351859111793,7.558238983154297,9.622118949890137,8.358819888089783,120367.00638849288
333600,0.333599,4096,8.0,8.0,8.3587693561567,0.2472112418526013,7.559384346008301,9.622346878051758,8.3587693561567,120366.27872865647
333800,0.333799,4096,8.0,8.0,8.358715175185353,0.24704212489544125,7.561119079589844,9.622509002685547,8.358715175185353,120365.49852266908
334000,0.333999,4096,8.0,8.0,8.358662017504685,0.24687305674771937,7.560765266418457,9.61976146697998,8.358662017504685,120364.73305206746
334200,0.33419899999999997,4096,8.0,8.0,8.358607459580526,0.24673355823286858,7.5605573654174805,9.619690895080566,8.358607459580526,120363.94741795957
334400,0.334399,4096,8.0,8.0,8.358547041774727,0.24657431785364747,7.560699939727783,9.620196342468262,8.358547041774727,120363.07740155607
334600,0.334599,4096,8.0,8.0,8.358496813452803,0.24642815426206813,7.562551975250244,9.617044448852539,8.358496813452803,120362.35411372036
334800,0.33479899999999996,4096,8.0,8.0,8.358442728524096,0.2462965909187864,7.565634727478027,9.613353729248047,8.358442728524096,120361.57529074699
335000,0.334999,4096,8.0,8.0,8.35838682402391,0.24612322310663662,7.566903591156006,9.612261772155762,8.35838682402391,120360.7702659443
335200,0.33519899999999997,4096,8.0,8.0,8.358332977513783,0.2459055702679758,7.5687665939331055,9.612068176269531,8.358332977513783,120359.99487619847
335400,0.335399,4096,8.0,8.0,8.358276672079228,0.24572550261498127,7.569339752197266,9.612238883972168,8.358276672079228,120359.18407794088
335600,0.335599,4096,8.0,8.0,8.358220653957687,0.2455352084995279,7.570426940917969,9.61119556427002,8.358220653957687,120358.3774169907
335800,0.33579899999999996,4096,8.0,8.0,8.358165950980037,0.24534332305746942,7.573044776916504,9.610711097717285,8.358165950980037,120357.58969411254
336000,0.335999,4096,8.0,8.0,8.358104749582708,0.2451354448120822,7.573556900024414,9.611387252807617,8.358104749582708,120356.708393991
336200,0.33619899999999997,4096,8.0,8.0,8.358049274189398,0.24495734102836406,7.573269844055176,9.610036849975586,8.358049274189398,120355.90954832733
336400,0.336399,4096,8.0,8.0,8.357996137579903,0.2447934994023397,7.572608947753906,9.610733985900879,8.357996137579903,120355.1443811506
336600,0.336599,4096,8.0,8.0,8.357937334687449,0.2445952892410296,7.571953773498535,9.612727165222168,8.357937334687449,120354.29761949927
336800,0.33679899999999996,4096,8.0,8.0,8.357884165481664,0.24441095112362374,7.572177886962891,9.612222671508789,8.357884165481664,120353.53198293597
337000,0.336999,4096,8.0,8.0,8.357831433182582,0.24427025198349062,7.5742998123168945,9.613183975219727,8.357831433182582,120352.77263782918
337200,0.33719899999999997,4096,8.0,8.0,8.357775031705387,0.2440801717859831,7.574239730834961,9.612363815307617,8.357775031705387,120351.96045655757
337400,0.337399,4096,8.0,8.0,8.357714899815619,0.24389858283380303,7.574127197265625,9.610156059265137,8.357714899815619,120351.09455734491
337600,0.337599,4096,8.0,8.0,8.357656504260376,0.24374206041025012,7.575595855712891,9.604955673217773,8.357656504260376,120350.25366134942
337800,0.33779899999999996,4096,8.0,8.0,8.357607144047506,0.24358697969019805,7.576203346252441,9.6041898727417,8.357607144047506,120349.54287428409
338000,0.337999,4096,8.0,8.0,8.357560764881782,0.24343651100394967,7.575693130493164,9.605714797973633,8.357560764881782,120348.87501429766
338200,0.33819899999999997,4096,8.0,8.0,8.357502190978266,0.2432579912928809,7.576144218444824,9.605428695678711,8.357502190978266,120348.03155008703
338400,0.338399,4096,8.0,8.0,8.357454395969398,0.24307872605557937,7.575355529785156,9.60290813446045,8.357454395969398,120347.34330195934
338600,0.338599,4096,8.0,8.0,8.357405487913638,0.24294022176938224,7.575716495513916,9.60026741027832,8.357405487913638,120346.63902595639
338800,0.33879899999999996,4096,8.0,8.0,8.357353762257844,0.24280607416992428,7.574915885925293,9.601004600524902,8.357353762257844,120345.89417651296
339000,0.338999,4096,8.0,8.0,8.357302579912357,0.24269379356577406,7.576756477355957,9.599736213684082,8.357302579912357,120345.15715073794
339200,0.339199,4096,8.0,8.0,8.357251213979907,0.24252690056393764,7.578065395355225,9.598681449890137,8.357251213979907,120344.41748131067
339400,0.339399,4096,8.0,8.0,8.35719555686228,0.24234210262136424,7.579042434692383,9.596839904785156,8.35719555686228,120343.61601881683
339600,0.339599,4096,8.0,8.0,8.357145029120147,0.2421625787814332,7.578390121459961,9.5952730178833,8.357145029120147,120342.88841933012
339800,0.33979899999999996,4096,8.0,8.0,8.357096938416362,0.24199659326299622,7.580287933349609,9.593926429748535,8.357096938416362,120342.19591319561
340000,0.339999,4096,8.0,8.0,8.357043767930008,0.24181701478928677,7.581371307373047,9.594503402709961,8.357043767930008,120341.43025819212
340200,0.340199,4096,8.0,8.0,8.356986175873317,0.24157093942122534,7.584511756896973,9.590620994567871,8.356986175873317,120340.60093257576
340400,0.340399,4096,8.0,8.0,8.356932578491978,0.241351802708942,7.586801052093506,9.589300155639648,8.356932578491978,120339.82913028449
340600,0.340599,4096,8.0,8.0,8.356880278559402,0.24114927836177613,7.587956428527832,9.587292671203613,8.356880278559402,120339.07601125538
340800,0.34079899999999996,4096,8.0,8.0,8.356826651608571,0.2409374879576366,7.588671684265137,9.584782600402832,8.356826651608571,120338.30378316343
341000,0.340999,4096,8.0,8.0,8.356773019419052,0.24073981786582516,7.588306427001953,9.583032608032227,8.356773019419052,120337.53147963434
341200,0.341199,4096,8.0,8.0,8.356719737872481,0.2405401938656042,7.590080738067627,9.58202075958252,8.356719737872481,120336.76422536373
341400,0.341399,4096,8.0,8.0,8.35666992655024,0.24037797793053375,7.591670989990234,9.579668045043945,8.35666992655024,120336.04694232345
341600,0.341599,4096,8.0,8.0,8.356618431280367,0.2402638838905624,7.591151237487793,9.579795837402344,8.356618431280367,120335.30541043729
341800,0.34179899999999996,4096,8.0,8.0,8.35656774463132,0.24010382007173314,7.592116355895996,9.57870101928711,8.35656774463132,120334.57552269101
342000,0.341999,4096,8.0,8.0,8.356515459367074,0.23991339128820402,7.593851089477539,9.57724666595459,8.356515459367074,120333.82261488587
342200,0.342199,4096,8.0,8.0,8.35646318050567,0.23976367304803423,7.59321928024292,9.57676887512207,8.35646318050567,120333.06979928166
342400,0.342399,4096,8.0,8.0,8.356408541323617,0.23961794102073986,7.5945844650268555,9.574666023254395,8.356408541323617,120332.28299506009
342600,0.342599,4096,8.0,8.0,8.356356900185347,0.23941039617823942,7.596188545227051,9.56939697265625,8.356356900185347,120331.53936266899
342800,0.34279899999999996,4096,8.0,8.0,8.356305453577079,0.23921550497242522,7.59702205657959,9.563950538635254,8.356305453577079,120330.79853150994
343000,0.342999,4096,8.0,8.0,8.35625100217294,0.23906403615898944,7.598397254943848,9.559721946716309,8.35625100217294,120330.01443129033
343200,0.343199,4096,8.0,8.0,8.356199108646251,0.23891407191231998,7.599461078643799,9.558762550354004,8.356199108646251,120329.26716450602
343400,0.343399,4096,8.0,8.0,8.356146126054227,0.2388042306674469,7.60111665725708,9.559052467346191,8.356146126054227,120328.50421518087
343600,0.343599,4096,8.0,8.0,8.356091023306362,0.2386301243678868,7.601646900177002,9.55911636352539,8.356091023306362,120327.71073561162
343800,0.34379899999999997,4096,8.0,8.0,8.356040825368837,0.23847950719888084,7.601968288421631,9.558634757995605,8.356040825368837,120326.98788531125
344000,0.343999,4096,8.0,8.0,8.35599054931663,0.23832571495387142,7.603107452392578,9.559233665466309,8.35599054931663,120326.26391015947
344200,0.344199,4096,8.0,8.0,8.355939998640679,0.23813534220713933,7.602758407592773,9.558204650878906,8.355939998640679,120325.53598042578
344400,0.344399,4096,8.0,8.0,8.355888869380578,0.23798105192536587,7.6024346351623535,9.560160636901855,8.355888869380578,120324.79971908033
344600,0.344599,4096,8.0,8.0,8.355834233690985,0.2377551180593273,7.604015350341797,9.559993743896484,8.355834233690985,120324.01296515018
344800,0.34479899999999997,4096,8.0,8.0,8.355781913385727,0.2375750971001466,7.607408046722412,9.558945655822754,8.355781913385727,120323.25955275446
345000,0.344999,4096,8.0,8.0,8.35573137528263,0.23741328449417867,7.609497547149658,9.558473587036133,8.35573137528263,120322.53180406988
345200,0.345199,4096,8.0,8.0,8.3556778478669,0.23722729918806004,7.611418724060059,9.558448791503906,8.3556778478669,120321.76100928336
345400,0.345399,4096,8.0,8.0,8.355619578971528,0.23702137102939108,7.611694812774658,9.557737350463867,8.355619578971528,120320.92193719
345600,0.345599,4096,8.0,8.0,8.35556766553782,0.23685641348332773,7.612893104553223,9.55806827545166,8.35556766553782,120320.1743837446
345800,0.34579899999999997,4096,8.0,8.0,8.355510756839067,0.23669596797271103,7.61213493347168,9.55759048461914,8.355510756839067,120319.35489848256
346000,0.345999,4096,8.0,8.0,8.355458582518622,0.23653295705661395,7.610698223114014,9.555563926696777,8.355458582518622,120318.60358826816
346200,0.346199,4096,8.0,8.0,8.355403733090498,0.23635753038063234,7.611507892608643,9.553634643554688,8.355403733090498,120317.81375650316
346400,0.34639899999999996,4096,8.0,8.0,8.35535499220714,0.23619164138901097,7.612233638763428,9.551726341247559,8.35535499220714,120317.11188778281
346600,0.346599,4096,8.0,8.0,8.355301471543498,0.2360209906550045,7.611957550048828,9.550657272338867,8.355301471543498,120316.34119022638
346800,0.34679899999999997,4096,8.0,8.0,8.355242034653202,0.23577949811216004,7.612879753112793,9.5471830368042,8.355242034653202,120315.4852990061
347000,0.346999,4096,8.0,8.0,8.355184495681897,0.2355724547196149,7.61420202255249,9.547727584838867,8.355184495681897,120314.65673781931
347200,0.347199,4096,8.0,8.0,8.355129855801351,0.23541911109227867,7.614408493041992,9.548258781433105,8.355129855801351,120313.86992353946
347400,0.34739899999999996,4096,8.0,8.0,8.35508423729334,0.2353067169110017,7.61539363861084,9.550704956054688,8.35508423729334,120313.2130170241
347600,0.347599,4096,8.0,8.0,8.355034546577372,0.23515398075262356,7.618042945861816,9.551199913024902,8.355034546577372,120312.49747071415
347800,0.34779899999999997,4096,8.0,8.0,8.35499037464615,0.2350130850026692,7.61812686920166,9.550073623657227,8.35499037464615,120311.86139490455
348000,0.347999,4096,8.0,8.0,8.354936188436113,0.2348183984619203,7.616979598999023,9.549139976501465,8.354936188436113,120311.08111348003
348200,0.348199,4096,8.0,8.0,8.354886740096845,0.23467894192557698,7.617576599121094,9.548267364501953,8.354886740096845,120310.36905739456
348400,0.34839899999999996,4096,8.0,8.0,8.354838828905486,0.23452023352978138,7.616765022277832,9.545207977294922,8.354838828905486,120309.67913623899
348600,0.348599,4096,8.0,8.0,8.354789245524444,0.23438507581433352,7.61552619934082,9.542644500732422,8.354789245524444,120308.96513555199
348800,0.34879899999999997,4096,8.0,8.0,8.354739638976753,0.23422770891489633,7.615898132324219,9.541996002197266,8.354739638976753,120308.25080126524
349000,0.348999,4096,8.0,8.0,8.35469235247001,0.23405596187673894,7.616711616516113,9.540933609008789,8.35469235247001,120307.56987556815
349200,0.349199,4096,8.0,8.0,8.35465039475821,0.23392319834230477,7.6161723136901855,9.539849281311035,8.35465039475821,120306.96568451822
349400,0.34939899999999996,4096,8.0,8.0,8.354603949817829,0.2337974169655386,7.617088317871094,9.540799140930176,8.354603949817829,120306.29687737674
349600,0.349599,4096,8.0,8.0,8.354560390813276,0.23370258685380257,7.616787433624268,9.539231300354004,8.354560390813276,120305.66962771118
349800,0.34979899999999997,4096,8.0,8.0,8.354516717721708,0.2336369507021754,7.615396022796631,9.538467407226562,8.354516717721708,120305.0407351926
350000,0.349999,4096,8.0,8.0,8.35447125765495,0.23353453578605848,7.6161088943481445,9.538723945617676,8.35447125765495,120304.38611023128
350200,0.350199,4096,8.0,8.0,8.354427268030122,0.23340687268908986,7.615298748016357,9.53863525390625,8.354427268030122,120303.75265963376
350400,0.35039899999999996,4096,8.0,8.0,8.354383549420163,0.23325494827764984,7.6152448654174805,9.538042068481445,8.354383549420163,120303.12311165035
350600,0.350599,4096,8.0,8.0,8.354337217868306,0.23311170353852487,7.614730358123779,9.539034843444824,8.354337217868306,120302.4559373036
350800,0.35079899999999997,4096,8.0,8.0,8.354284458328038,0.2329326863874862,7.612879276275635,9.53843879699707,8.354284458328038,120301.69619992375
351000,0.350999,4096,8.0,8.0,8.354236066923477,0.23276682683234956,7.6131696701049805,9.536195755004883,8.354236066923477,120300.99936369807
351200,0.351199,4096,8.0,8.0,8.35419136309065,0.2326139345524472,7.615226745605469,9.535619735717773,8.35419136309065,120300.35562850535
351400,0.35139899999999996,4096,8.0,8.0,8.354148778365925,0.23247277533183452,7.6187896728515625,9.53804874420166,8.354148778365925,120299.74240846932
351600,0.351599,4096,8.0,8.0,8.354111167951487,0.23233270637381767,7.618877410888672,9.535233497619629,8.354111167951487,120299.20081850141
351800,0.351799,4096,8.0,8.0,8.354062793659978,0.23217780769708346,7.619858264923096,9.533778190612793,8.354062793659978,120298.50422870368
352000,0.351999,4096,8.0,8.0,8.354015694116242,0.23205676113313706,7.621187210083008,9.533578872680664,8.354015694116242,120297.82599527389
352200,0.352199,4096,8.0,8.0,8.353966833092272,0.23193950234910943,7.620781898498535,9.536096572875977,8.353966833092272,120297.12239652872
352400,0.35239899999999996,4096,8.0,8.0,8.353918573237024,0.23181200430381932,7.621875286102295,9.537392616271973,8.353918573237024,120296.42745461315
352600,0.352599,4096,8.0,8.0,8.35386845364701,0.2316303084403168,7.622292518615723,9.533418655395508,8.35386845364701,120295.70573251694
352800,0.352799,4096,8.0,8.0,8.35382372024469,0.2314964267089594,7.623777389526367,9.530241966247559,8.35382372024469,120295.06157152355
353000,0.352999,4096,8.0,8.0,8.353771369322203,0.2313524636104221,7.623718738555908,9.529669761657715,8.353771369322203,120294.30771823972
353200,0.353199,4096,8.0,8.0,8.35372090130113,0.23116231405367998,7.625283241271973,9.526008605957031,8.35372090130113,120293.58097873628
353400,0.35339899999999996,4096,8.0,8.0,8.353669326403178,0.23100298932896285,7.625738143920898,9.525029182434082,8.353669326403178,120292.83830020577
353600,0.353599,4096,8.0,8.0,8.353613623185083,0.23080172339366592,7.627285957336426,9.522570610046387,8.353613623185083,120292.0361738652
353800,0.353799,4096,8.0,8.0,8.35356009262614,0.2306527720760753,7.627269268035889,9.522416114807129,8.35356009262614,120291.26533381641
354000,0.353999,4096,8.0,8.0,8.353514288901351,0.2305022295352957,7.626192569732666,9.520594596862793,8.353514288901351,120290.60576017946
354200,0.354199,4096,8.0,8.0,8.3534620978171,0.23032619504553864,7.628662109375,9.517477989196777,8.3534620978171,120289.85420856625
354400,0.35439899999999996,4096,8.0,8.0,8.353413744014688,0.23020910535608546,7.628291606903076,9.515507698059082,8.353413744014688,120289.1579138115
354600,0.354599,4096,8.0,8.0,8.353367870324291,0.2300631490478319,7.626375198364258,9.514123916625977,8.353367870324291,120288.4973326698
354800,0.354799,4096,8.0,8.0,8.3533200888196,0.22991342042959145,7.626678943634033,9.512594223022461,8.3533200888196,120287.80927900225
355000,0.354999,4096,8.0,8.0,8.353270287858322,0.2297957678288658,7.62677001953125,9.512340545654297,8.353270287858322,120287.09214515984
355200,0.355199,4096,8.0,8.0,8.353220038232394,0.22964235917316542,7.624307632446289,9.512718200683594,8.353220038232394,120286.36855054647
355400,0.35539899999999996,4096,8.0,8.0,8.353171070339158,0.22950931850248948,7.621635437011719,9.514364242553711,8.353171070339158,120285.66341288388
355600,0.355599,4096,8.0,8.0,8.353125987807289,0.22941999590139345,7.62074613571167,9.513965606689453,8.353125987807289,120285.01422442496
355800,0.355799,4096,8.0,8.0,8.353079784661531,0.2292829646245693,7.620785713195801,9.512496948242188,8.353079784661531,120284.34889912605
356000,0.355999,4096,8.0,8.0,8.353026300203055,0.22909751950585522,7.622433662414551,9.511310577392578,8.353026300203055,120283.578722924
356200,0.356199,4096,8.0,8.0,8.352971365209669,0.22892681239722976,7.624704837799072,9.509541511535645,8.352971365209669,120282.78765901923
356400,0.35639899999999997,4096,8.0,8.0,8.352918797289021,0.22874646906792548,7.625852108001709,9.50693416595459,8.352918797289021,120282.0306809619
356600,0.356599,4096,8.0,8.0,8.352871258859523,0.22858738370824258,7.6254987716674805,9.505049705505371,8.352871258859523,120281.34612757713
356800,0.356799,4096,8.0,8.0,8.352821021690033,0.22847086338596154,7.625911712646484,9.502384185791016,8.352821021690033,120280.62271233648
357000,0.356999,4096,8.0,8.0,8.352774359169416,0.22834114107620926,7.628457546234131,9.50025463104248,8.352774359169416,120279.95077203959
357200,0.357199,4096,8.0,8.0,8.352730539278127,0.22823616703276262,7.630073547363281,9.499327659606934,8.352730539278127,120279.31976560503
357400,0.35739899999999997,4096,8.0,8.0,8.352689211023971,0.22812745002978566,7.629300117492676,9.495098114013672,8.352689211023971,120278.72463874519
357600,0.357599,4096,8.0,8.0,8.352643895894289,0.22800850658019903,7.626562118530273,9.494384765625,8.352643895894289,120278.07210087776
357800,0.357799,4096,8.0,8.0,8.35260674788151,0.22791208644546995,7.625399589538574,9.4982271194458,8.35260674788151,120277.53716949373
358000,0.35799899999999996,4096,8.0,8.0,8.352561696548946,0.22771945752909137,7.626805305480957,9.496868133544922,8.352561696548946,120276.88843030483
358200,0.358199,4096,8.0,8.0,8.352515033562668,0.22753726716268532,7.62882137298584,9.497581481933594,8.352515033562668,120276.21648330241
358400,0.35839899999999997,4096,8.0,8.0,8.352463704184629,0.22735660380661418,7.628306865692139,9.496458053588867,8.352463704184629,120275.47734025866
358600,0.358599,4096,8.0,8.0,8.352418843540363,0.22728052157855255,7.6288161277771,9.495973587036133,8.352418843540363,120274.83134698123
358800,0.358799,4096,8.0,8.0,8.352374240756035,0.22715731873625578,7.630410194396973,9.494477272033691,8.352374240756035,120274.1890668869
359000,0.35899899999999996,4096,8.0,8.0,8.35232277365867,0.22700699485431117,7.631011962890625,9.493288040161133,8.35232277365867,120273.44794068485
359200,0.359199,4096,8.0,8.0,8.352275126497261,0.22688374921211568,7.632680892944336,9.492101669311523,8.352275126497261,120272.76182156056
359400,0.35939899999999997,4096,8.0,8.0,8.352230203803629,0.22675943662432813,7.633613586425781,9.490228652954102,8.352230203803629,120272.11493477225
359600,0.359599,4096,8.0,8.0,8.352184203453362,0.22661310769517545,7.633517742156982,9.490510940551758,8.352184203453362,120271.45252972841
359800,0.359799,4096,8.0,8.0,8.35213868424762,0.22649154224432994,7.634797096252441,9.490489959716797,8.35213868424762,120270.79705316573
360000,0.35999899999999996,4096,8.0,8.0,8.352094328496605,0.2263342616551025,7.636845111846924,9.490038871765137,8.352094328496605,120270.15833035111
360200,0.360199,4096,8.0,8.0,8.352050812216476,0.22619012696333735,7.635150909423828,9.489252090454102,8.352050812216476,120269.53169591725
360400,0.36039899999999997,4096,8.0,8.0,8.352005859953351,0.22606527106321672,7.6342291831970215,9.487166404724121,8.352005859953351,120268.88438332826
360600,0.360599,4096,8.0,8.0,8.351963131222874,0.22598392792728972,7.635390281677246,9.487181663513184,8.351963131222874,120268.26908960938
360800,0.360799,4096,8.0,8.0,8.351914184284396,0.2258441676439101,7.634779930114746,9.48603343963623,8.351914184284396,120267.56425369531
361000,0.36099899999999996,4096,8.0,8.0,8.351868940400891,0.2256814803227069,7.633704662322998,9.485082626342773,8.351868940400891,120266.91274177283
361200,0.361199,4096,8.0,8.0,8.35182954533957,0.2255815850039087,7.633744716644287,9.485767364501953,8.35182954533957,120266.3454528898
361400,0.36139899999999997,4096,8.0,8.0,8.351785162696615,0.22545356967727018,7.634024620056152,9.486674308776855,8.351785162696615,120265.70634283125
361600,0.361599,4096,8.0,8.0,8.351740666199476,0.2253001224264405,7.635564804077148,9.487783432006836,8.351740666199476,120265.06559327245
361800,0.361799,4096,8.0,8.0,8.351698904647492,0.2251332070503066,7.637223243713379,9.484967231750488,8.351698904647492,120264.46422692388
362000,0.36199899999999996,4096,8.0,8.0,8.351656908984296,0.22501304615924297,7.6385087966918945,9.482763290405273,8.351656908984296,120263.85948937386
362200,0.362199,4096,8.0,8.0,8.351609645411372,0.22487754089615117,7.637392044067383,9.479278564453125,8.351609645411372,120263.17889392376
362400,0.36239899999999997,4096,8.0,8.0,8.35156108008232,0.22474741554482658,7.63918924331665,9.479825019836426,8.35156108008232,120262.4795531854
362600,0.362599,4096,8.0,8.0,8.351516083232127,0.22465369295635626,7.638745307922363,9.479304313659668,8.351516083232127,120261.83159854263
362800,0.362799,4096,8.0,8.0,8.351472672191449,0.22454486346377706,7.6384596824646,9.476484298706055,8.351472672191449,120261.20647955686
363000,0.36299899999999996,4096,8.0,8.0,8.351427634130232,0.22440812980600405,7.637960910797119,9.477302551269531,8.351427634130232,120260.55793147534
363200,0.363199,4096,8.0,8.0,8.351387124159373,0.2242464194922239,7.6406731605529785,9.479432106018066,8.351387124159373,120259.97458789498
363400,0.36339899999999997,4096,8.0,8.0,8.351340086665004,0.22409661897074176,7.642287254333496,9.480748176574707,8.351340086665004,120259.29724797606
363600,0.363599,4096,8.0,8.0,8.351290492108092,0.22393623045799432,7.645225524902344,9.481647491455078,8.351290492108092,120258.58308635652
363800,0.363799,4096,8.0,8.0,8.351243896060623,0.22379528280495972,7.646831512451172,9.482379913330078,8.351243896060623,120257.91210327297
364000,0.36399899999999996,4096,8.0,8.0,8.351198427262716,0.22362247551099348,7.646903991699219,9.481246948242188,8.351198427262716,120257.25735258311
364200,0.364199,4096,8.0,8.0,8.351153490249999,0.22348397629467834,7.64609432220459,9.47774600982666,8.351153490249999,120256.61025959998
364400,0.364399,4096,8.0,8.0,8.351113184704445,0.22332550786207142,7.646859169006348,9.476351737976074,8.351113184704445,120256.02985974401
364600,0.364599,4096,8.0,8.0,8.351068607531488,0.2231729302156516,7.6451826095581055,9.475346565246582,8.351068607531488,120255.38794845343
364800,0.364799,4096,8.0,8.0,8.351024372153915,0.2230347228373191,7.645010948181152,9.473151206970215,8.351024372153915,120254.75095901638
365000,0.36499899999999996,4096,8.0,8.0,8.35097912803758,0.2229043386365328,7.646181583404541,9.471449851989746,8.35097912803758,120254.09944374114
365200,0.365199,4096,8.0,8.0,8.350938311312348,0.2227613585114537,7.647294044494629,9.470598220825195,8.350938311312348,120253.5116828978
365400,0.365399,4096,8.0,8.0,8.350900208810344,0.22265619871396572,7.646434783935547,9.471575736999512,8.350900208810344,120252.96300686896
365600,0.365599,4096,8.0,8.0,8.350861327373423,0.22256092025679292,7.645301818847656,9.470653533935547,8.350861327373423,120252.40311417729
365800,0.365799,4096,8.0,8.0,8.35081478068605,0.2224456321689745,7.645456314086914,9.47411823272705,8.35081478068605,120251.73284187913
366000,0.36599899999999996,4096,8.0,8.0,8.350772131467238,0.22230618504629723,7.646835803985596,9.471105575561523,8.350772131467238,120251.11869312823
366200,0.366199,4096,8.0,8.0,8.350734144682065,0.22216997242571382,7.646915435791016,9.469074249267578,8.350734144682065,120250.57168342173
366400,0.366399,4096,8.0,8.0,8.350682709831744,0.22194501478671633,7.647258758544922,9.46692180633545,8.350682709831744,120249.83102157712
366600,0.366599,4096,8.0,8.0,8.35064103465993,0.22182731606970235,7.6475725173950195,9.467700004577637,8.35064103465993,120249.23089910299
366800,0.366799,4096,8.0,8.0,8.350604866165668,0.2217325233126369,7.6488142013549805,9.469743728637695,8.350604866165668,120248.71007278562
367000,0.36699899999999996,4096,8.0,8.0,8.35056522313971,0.22162082036331338,7.650506973266602,9.467926025390625,8.35056522313971,120248.13921321183
367200,0.367199,4096,8.0,8.0,8.35052185319364,0.22151070418789107,7.6514997482299805,9.469202995300293,8.35052185319364,120247.51468598843
367400,0.367399,4096,8.0,8.0,8.350477040628903,0.22136152931652792,7.651042938232422,9.470987319946289,8.350477040628903,120246.8693850562
367600,0.367599,4096,8.0,8.0,8.350432402687147,0.22120343532525646,7.650228977203369,9.467496871948242,8.350432402687147,120246.22659869492
367800,0.367799,4096,8.0,8.0,8.350389209692366,0.22107279671197766,7.652411937713623,9.465893745422363,8.350389209692366,120245.60461957008
368000,0.36799899999999997,4096,8.0,8.0,8.350346240680665,0.2209472057971278,7.653162479400635,9.465469360351562,8.350346240680665,120244.98586580157
368200,0.368199,4096,8.0,8.0,8.350303616956808,0.22082498458039054,7.652409553527832,9.466230392456055,8.350303616956808,120244.37208417803
368400,0.368399,4096,8.0,8.0,8.350258550373837,0.22066868863263583,7.649964809417725,9.464631080627441,8.350258550373837,120243.72312538326
368600,0.368599,4096,8.0,8.0,8.350211875978857,0.22050695903287268,7.649765491485596,9.464332580566406,8.350211875978857,120243.05101409554
368800,0.368799,4096,8.0,8.0,8.350171576370485,0.22036618571863464,7.651884078979492,9.462116241455078,8.350171576370485,120242.47069973499
369000,0.36899899999999997,4096,8.0,8.0,8.350127529120073,0.22023421735332616,7.65608549118042,9.462297439575195,8.350127529120073,120241.83641932905
369200,0.369199,4096,8.0,8.0,8.350081376847811,0.220073125133668,7.655752182006836,9.461179733276367,8.350081376847811,120241.17182660848
369400,0.369399,4096,8.0,8.0,8.35003576206509,0.2199123258201537,7.651839256286621,9.461307525634766,8.35003576206509,120240.5149737373
369600,0.369599,4096,8.0,8.0,8.349997341167182,0.2197978136111544,7.651288032531738,9.461395263671875,8.349997341167182,120239.96171280742
369800,0.369799,4096,8.0,8.0,8.349954665172845,0.2196694688146557,7.650500297546387,9.463473320007324,8.349954665172845,120239.34717848897
370000,0.36999899999999997,4096,8.0,8.0,8.349911787896417,0.21949728404938865,7.650346755981445,9.46692180633545,8.349911787896417,120238.7297457084
370200,0.370199,4096,8.0,8.0,8.3498728685081,0.2193523994174252,7.653487682342529,9.466695785522461,8.3498728685081,120238.16930651665
370400,0.370399,4096,8.0,8.0,8.349830353981815,0.2192006412279989,7.654972076416016,9.466705322265625,8.349830353981815,120237.55709733814
370600,0.37059899999999996,4096,8.0,8.0,8.349788305582479,0.21903145092104906,7.654914855957031,9.466224670410156,8.349788305582479,120236.95160038769
370800,0.370799,4096,8.0,8.0,8.349744544480927,0.21887223563059108,7.6561102867126465,9.466787338256836,8.349744544480927,120236.32144052535
371000,0.37099899999999997,4096,8.0,8.0,8.349699193495326,0.2187244905290098,7.6562886238098145,9.466187477111816,8.349699193495326,120235.66838633269
371200,0.371199,4096,8.0,8.0,8.349653902463615,0.21857610822958431,7.654457092285156,9.463908195495605,8.349653902463615,120235.01619547606
371400,0.371399,4096,8.0,8.0,8.349610248929821,0.2184139155152098,7.655055522918701,9.465058326721191,8.349610248929821,120234.38758458942
371600,0.37159899999999996,4096,8.0,8.0,8.349564099917188,0.2182395013823865,7.6560516357421875,9.465033531188965,8.349564099917188,120233.72303880751
371800,0.371799,4096,8.0,8.0,8.349524550954811,0.2180720079788788,7.657792568206787,9.463726043701172,8.349524550954811,120233.15353374928
372000,0.37199899999999997,4096,8.0,8.0,8.349480309756473,0.2178561616568876,7.660754203796387,9.462841033935547,8.349480309756473,120232.5164604932
372200,0.372199,4096,8.0,8.0,8.349436415126547,0.21767089291228534,7.661076068878174,9.46192741394043,8.349436415126547,120231.88437782228
372400,0.372399,4096,8.0,8.0,8.34939753508661,0.2175357091602342,7.662041187286377,9.461076736450195,8.34939753508661,120231.32450524718
372600,0.37259899999999996,4096,8.0,8.0,8.349360478343442,0.21743484231360602,7.662903308868408,9.459327697753906,8.349360478343442,120230.79088814557
372800,0.372799,4096,8.0,8.0,8.349315142259002,0.21729240717082626,7.662254810333252,9.459537506103516,8.349315142259002,120230.13804852962
373000,0.37299899999999997,4096,8.0,8.0,8.349276382825337,0.21717434587091214,7.662432670593262,9.461730003356934,8.349276382825337,120229.57991268486
373200,0.373199,4096,8.0,8.0,8.349237547605298,0.21705193290199365,7.6631340980529785,9.46313762664795,8.349237547605298,120229.0206855163
373400,0.373399,4096,8.0,8.0,8.349201268400066,0.21694802841903313,7.66288948059082,9.46224594116211,8.349201268400066,120228.49826496094
373600,0.37359899999999996,4096,8.0,8.0,8.349160716752522,0.21681416117176752,7.662228584289551,9.463533401489258,8.349160716752522,120227.91432123631
373800,0.373799,4096,8.0,8.0,8.349117691977881,0.2166987112782622,7.664095878601074,9.46463394165039,8.349117691977881,120227.29476448148
374000,0.37399899999999997,4096,8.0,8.0,8.349077708553523,0.21659534754457546,7.665097236633301,9.467477798461914,8.349077708553523,120226.71900317073
374200,0.374199,4096,8.0,8.0,8.349035482970066,0.2164576130412507,7.6663594245910645,9.466760635375977,8.349035482970066,120226.11095476896
374400,0.374399,4096,8.0,8.0,8.348995421198197,0.21635579111227696,7.667098045349121,9.466216087341309,8.348995421198197,120225.53406525403
374600,0.37459899999999996,4096,8.0,8.0,8.348951486987062,0.21624677208673185,7.669386863708496,9.46383285522461,8.348951486987062,120224.90141261369
374800,0.374799,4096,8.0,8.0,8.348909876542166,0.21615078554068598,7.671911239624023,9.463022232055664,8.348909876542166,120224.30222220719
375000,0.37499899999999997,4096,8.0,8.0,8.348871496971697,0.21606768892419617,7.670287609100342,9.461752891540527,8.348871496971697,120223.74955639243
375200,0.375199,4096,8.0,8.0,8.348829297581688,0.21590474384621922,7.671206474304199,9.462285041809082,8.348829297581688,120223.1418851763
375400,0.375399,4096,8.0,8.0,8.348789507057518,0.21579729398842123,7.672886848449707,9.460001945495605,8.348789507057518,120222.56890162826
375600,0.37559899999999996,4096,8.0,8.0,8.348745675524697,0.2156556268755632,7.675264358520508,9.45982837677002,8.348745675524697,120221.93772755563
375800,0.375799,4096,8.0,8.0,8.348701069597155,0.21548507808345507,7.676205158233643,9.459334373474121,8.348701069597155,120221.29540219903
376000,0.37599899999999997,4096,8.0,8.0,8.348659196519293,0.21533064882084677,7.676179885864258,9.459410667419434,8.348659196519293,120220.69242987782
376200,0.376199,4096,8.0,8.0,8.348615758237429,0.2151910675898014,7.676477432250977,9.460511207580566,8.348615758237429,120220.06691861898
376400,0.376399,4096,8.0,8.0,8.348570338450372,0.2150470879593981,7.6763715744018555,9.458453178405762,8.348570338450372,120219.41287368536
376600,0.37659899999999996,4096,8.0,8.0,8.348535641445778,0.21494666079148728,7.675045967102051,9.456313133239746,8.348535641445778,120218.91323681921
376800,0.376799,4096,8.0,8.0,8.348492652294226,0.21477600203491207,7.674773216247559,9.455368995666504,8.348492652294226,120218.29419303685
377000,0.376999,4096,8.0,8.0,8.34844876837451,0.21459969614716481,7.676326751708984,9.454882621765137,8.34844876837451,120217.66226459295
377200,0.377199,4096,8.0,8.0,8.348404765943997,0.2144120136612867,7.675660133361816,9.453299522399902,8.348404765943997,120217.02862959355
377400,0.377399,4096,8.0,8.0,8.348363698576577,0.21424224761764876,7.674797534942627,9.450963020324707,8.348363698576577,120216.43725950271
377600,0.37759899999999996,4096,8.0,8.0,8.348321023979224,0.21406299434823814,7.675633430480957,9.448203086853027,8.348321023979224,120215.82274530083
377800,0.377799,4096,8.0,8.0,8.348277245997451,0.21392825456206127,7.6762166023254395,9.448020935058594,8.348277245997451,120215.1923423633
378000,0.377999,4096,8.0,8.0,8.348239851766266,0.21375373360310404,7.6772284507751465,9.446182250976562,8.348239851766266,120214.65386543423
378200,0.378199,4096,8.0,8.0,8.348200526903383,0.21361535894503542,7.679635524749756,9.444524765014648,8.348200526903383,120214.08758740872
378400,0.378399,4096,8.0,8.0,8.348167225834914,0.21351242265945855,7.680149078369141,9.443201065063477,8.348167225834914,120213.60805202276
378600,0.37859899999999996,4096,8.0,8.0,8.34813148737885,0.21338919810673154,7.681329727172852,9.442765235900879,8.34813148737885,120213.09341825545
378800,0.378799,4096,8.0,8.0,8.348098253831267,0.2133082025113455,7.683183670043945,9.441829681396484,8.348098253831267,120212.61485517025
379000,0.378999,4096,8.0,8.0,8.34805599891115,0.21317425133873308,7.684597492218018,9.439513206481934,8.34805599891115,120212.00638432056
379200,0.379199,4096,8.0,8.0,8.348020112840459,0.21310751731732974,7.684309959411621,9.438460350036621,8.348020112840459,120211.4896249026
379400,0.379399,4096,8.0,8.0,8.347980935825035,0.21304252123532375,7.685723781585693,9.43835735321045,8.347980935825035,120210.9254758805
379600,0.37959899999999996,4096,8.0,8.0,8.347946396330371,0.21293348217851385,7.686824798583984,9.436356544494629,8.347946396330371,120210.42810715735
379800,0.379799,4096,8.0,8.0,8.347912861034274,0.21282460232377645,7.6873931884765625,9.43409538269043,8.347912861034274,120209.94519889355
380000,0.379999,4096,8.0,8.0,8.34787182614673,0.21268940921222965,7.685482978820801,9.432463645935059,8.34787182614673,120209.3542965129
380200,0.380199,4096,8.0,8.0,8.347829989390448,0.21256985038620738,7.6861252784729,9.430614471435547,8.347829989390448,120208.75184722245
380400,0.380399,4096,8.0,8.0,8.347785824211314,0.21241294200833788,7.684503555297852,9.431730270385742,8.347785824211314,120208.11586864293
380600,0.38059899999999997,4096,8.0,8.0,8.347744381870143,0.21228232424832283,7.6845245361328125,9.431227684020996,8.347744381870143,120207.51909893006
380800,0.380799,4096,8.0,8.0,8.34770508960355,0.21217573602130443,7.68327522277832,9.427309036254883,8.34770508960355,120206.95329029113
381000,0.380999,4096,8.0,8.0,8.347661918029189,0.21205004035504443,7.683244705200195,9.42581844329834,8.347661918029189,120206.33161962032
381200,0.381199,4096,8.0,8.0,8.347620234941132,0.2119395804211823,7.685873031616211,9.425734519958496,8.347620234941132,120205.7313831523
381400,0.381399,4096,8.0,8.0,8.347581271431409,0.21180062632039162,7.688012599945068,9.424688339233398,8.347581271431409,120205.17030861229
381600,0.38159899999999997,4096,8.0,8.0,8.34754812286701,0.21170566410808786,7.687427043914795,9.42328929901123,8.34754812286701,120204.69296928495
381800,0.381799,4096,8.0,8.0,8.347512440639548,0.21157106500141618,7.688594341278076,9.421180725097656,8.347512440639548,120204.17914520949
382000,0.381999,4096,8.0,8.0,8.347474994137883,0.21149240384079798,7.688577651977539,9.419636726379395,8.347474994137883,120203.63991558552
382200,0.38219899999999996,4096,8.0,8.0,8.347436474170536,0.2113633123734607,7.686215400695801,9.415807723999023,8.347436474170536,120203.08522805572
382400,0.382399,4096,8.0,8.0,8.347401003818959,0.2112427584944907,7.6868085861206055,9.415264129638672,8.347401003818959,120202.57445499301
382600,0.38259899999999997,4096,8.0,8.0,8.34736484347377,0.2111224037669111,7.688509941101074,9.413722038269043,8.34736484347377,120202.05374602228
382800,0.382799,4096,8.0,8.0,8.347325927112252,0.21099476306233103,7.6898322105407715,9.414363861083984,8.347325927112252,120201.49335041642
383000,0.382999,4096,8.0,8.0,8.347287219949067,0.21089218575385307,7.689291954040527,9.4151611328125,8.347287219949067,120200.93596726656
383200,0.38319899999999996,4096,8.0,8.0,8.347244884935208,0.21071203267592922,7.690227031707764,9.414758682250977,8.347244884935208,120200.32634306699
383400,0.383399,4096,8.0,8.0,8.347204712685198,0.21054896191518846,7.690889358520508,9.41219425201416,8.347204712685198,120199.74786266685
383600,0.38359899999999997,4096,8.0,8.0,8.347174366819672,0.21041498747899717,7.690778732299805,9.410192489624023,8.347174366819672,120199.31088220328
383800,0.383799,4096,8.0,8.0,8.347138953278773,0.2102832118062373,7.691218852996826,9.408863067626953,8.347138953278773,120198.80092721432
384000,0.383999,4096,8.0,8.0,8.347098901169375,0.21017618320322332,7.690342903137207,9.409140586853027,8.347098901169375,120198.224176839
384200,0.38419899999999996,4096,8.0,8.0,8.347059039515443,0.21006249866445081,7.688680171966553,9.407971382141113,8.347059039515443,120197.65016902238
384400,0.384399,4096,8.0,8.0,8.347020439687185,0.20994864840233127,7.687824249267578,9.405339241027832,8.347020439687185,120197.09433149546
384600,0.38459899999999997,4096,8.0,8.0,8.346984364441596,0.2098474215618743,7.689593315124512,9.405180931091309,8.346984364441596,120196.57484795898
384800,0.384799,4096,8.0,8.0,8.3469468744006,0.20979794166111057,7.68839168548584,9.405263900756836,8.3469468744006,120196.03499136865
385000,0.384999,4096,8.0,8.0,8.34690736408811,0.2096672758066121,7.688569068908691,9.406693458557129,8.34690736408811,120195.4660428688
385200,0.38519899999999996,4096,8.0,8.0,8.346871737623587,0.20951168937281098,7.688551425933838,9.405040740966797,8.346871737623587,120194.95302177966
385400,0.385399,4096,8.0,8.0,8.34682863461785,0.20934516715930643,7.689724922180176,9.404781341552734,8.34682863461785,120194.33233849704
385600,0.38559899999999997,4096,8.0,8.0,8.346782898763195,0.20917164410988495,7.689095497131348,9.406875610351562,8.346782898763195,120193.67374219
385800,0.385799,4096,8.0,8.0,8.34674295829609,0.20904028820726123,7.688659191131592,9.40758991241455,8.34674295829609,120193.0985994637
386000,0.385999,4096,8.0,8.0,8.346707430668175,0.20893114914792563,7.687132835388184,9.40792465209961,8.346707430668175,120192.58700162172
386200,0.38619899999999996,4096,8.0,8.0,8.346667753299698,0.20882300066491713,7.685171127319336,9.407607078552246,8.346667753299698,120192.01564751565
386400,0.386399,4096,8.0,8.0,8.346624343656003,0.20867580785208673,7.6838836669921875,9.407325744628906,8.346624343656003,120191.39054864645
386600,0.38659899999999997,4096,8.0,8.0,8.346587325213477,0.20853316335305813,7.6833953857421875,9.405252456665039,8.346587325213477,120190.85748307407
386800,0.386799,4096,8.0,8.0,8.346547679160722,0.20838483975166747,7.68555212020874,9.404884338378906,8.346547679160722,120190.28657991439
387000,0.386999,4096,8.0,8.0,8.346509500639513,0.20827612292493886,7.686789512634277,9.404082298278809,8.346509500639513,120189.73680920899
387200,0.38719899999999996,4096,8.0,8.0,8.346471615252085,0.20815949126457078,7.68912410736084,9.403573989868164,8.346471615252085,120189.19125963002
387400,0.387399,4096,8.0,8.0,8.346435288782232,0.20799830404560604,7.691252708435059,9.402473449707031,8.346435288782232,120188.66815846413
387600,0.38759899999999997,4096,8.0,8.0,8.346400154870935,0.20788369917862895,7.692431449890137,9.400029182434082,8.346400154870935,120188.16223014146
387800,0.387799,4096,8.0,8.0,8.346368019119836,0.2077767011111074,7.6926727294921875,9.40086555480957,8.346368019119836,120187.69947532564
388000,0.387999,4096,8.0,8.0,8.346332398010418,0.20760977971505337,7.6903581619262695,9.399374961853027,8.346332398010418,120187.18653135002
388200,0.38819899999999996,4096,8.0,8.0,8.34629030385986,0.20747280625637118,7.691389560699463,9.39708137512207,8.34629030385986,120186.58037558198
388400,0.388399,4096,8.0,8.0,8.346252927090973,0.20734352951234752,7.691011905670166,9.396674156188965,8.346252927090973,120186.04215011
388600,0.38859899999999997,4096,8.0,8.0,8.34621516102925,0.20721559098237086,7.6901535987854,9.396163940429688,8.34621516102925,120185.49831882119
388800,0.388799,4096,8.0,8.0,8.346176435356028,0.20707036554277256,7.689520359039307,9.395525932312012,8.346176435356028,120184.94066912681
389000,0.388999,4096,8.0,8.0,8.346140968147665,0.20698786226838936,7.687792778015137,9.395319938659668,8.346140968147665,120184.42994132638
389200,0.38919899999999996,4096,8.0,8.0,8.34610715310555,0.2068445414490052,7.688815593719482,9.396330833435059,8.34610715310555,120183.94300471991
389400,0.389399,4096,8.0,8.0,8.346071149688214,0.20668995443674995,7.68923282623291,9.396495819091797,8.346071149688214,120183.42455551028
389600,0.389599,4096,8.0,8.0,8.346040291944519,0.2066016440566148,7.688986301422119,9.391508102416992,8.346040291944519,120182.98020400107
389800,0.389799,4096,8.0,8.0,8.346004134160466,0.20648472136607524,7.69276237487793,9.391695976257324,8.346004134160466,120182.45953191072
390000,0.389999,4096,8.0,8.0,8.345965442247689,0.20635288988580225,7.693422317504883,9.3921537399292,8.345965442247689,120181.90236836672
390200,0.39019899999999996,4096,8.0,8.0,8.345930911367759,0.20625188271048112,7.694881439208984,9.39152717590332,8.345930911367759,120181.40512369573
390400,0.390399,4096,8.0,8.0,8.345891626900993,0.20609110379574533,7.6942243576049805,9.390832901000977,8.345891626900993,120180.8394273743
390600,0.390599,4096,8.0,8.0,8.345851484918967,0.20593792813771825,7.693695068359375,9.389019966125488,8.345851484918967,120180.26138283312
390800,0.390799,4096,8.0,8.0,8.345809677033685,0.20577354319112232,7.6926727294921875,9.388893127441406,8.345809677033685,120179.65934928507
391000,0.390999,4096,8.0,8.0,8.345768617815338,0.20563513758496832,7.693423271179199,9.389215469360352,8.345768617815338,120179.06809654087
391200,0.39119899999999996,4096,8.0,8.0,8.345731737674214,0.20551543893359348,7.692191123962402,9.389291763305664,8.345731737674214,120178.53702250868
391400,0.391399,4096,8.0,8.0,8.34569596115034,0.20540507883082,7.694847106933594,9.392012596130371,8.34569596115034,120178.0218405649
391600,0.391599,4096,8.0,8.0,8.345660258433782,0.2052602853819561,7.695239067077637,9.394914627075195,8.345660258433782,120177.50772144645
391800,0.391799,4096,8.0,8.0,8.345624975161627,0.20515315762272837,7.69357442855835,9.397361755371094,8.345624975161627,120176.99964232743
392000,0.391999,4096,8.0,8.0,8.345590670709498,0.20505782581188328,7.69428825378418,9.39656925201416,8.345590670709498,120176.50565821677
392200,0.39219899999999996,4096,8.0,8.0,8.345557862892747,0.20499690621765834,7.69549560546875,9.398526191711426,8.345557862892747,120176.03322565556
392400,0.392399,4096,8.0,8.0,8.345524431206286,0.20492112697777082,7.696197509765625,9.3985013961792,8.345524431206286,120175.55180937052
392600,0.392599,4096,8.0,8.0,8.34548352623824,0.20476087493205472,7.694710731506348,9.397737503051758,8.34548352623824,120174.96277783066
392800,0.392799,4096,8.0,8.0,8.345446843653917,0.20459748112482043,7.69408655166626,9.396987915039062,8.345446843653917,120174.43454861641
393000,0.392999,4096,8.0,8.0,8.345409449189901,0.20445394230077366,7.6949896812438965,9.398015975952148,8.345409449189901,120173.89606833458
393200,0.39319899999999997,4096,8.0,8.0,8.345372915850021,0.2043291254512463,7.694492340087891,9.396461486816406,8.345372915850021,120173.3699882403
393400,0.393399,4096,8.0,8.0,8.345338347251527,0.2042401633127754,7.694639205932617,9.396697044372559,8.345338347251527,120172.87220042199
393600,0.393599,4096,8.0,8.0,8.345300152897835,0.20409580334426922,7.696535110473633,9.3961820602417,8.345300152897835,120172.32220172882
393800,0.39379899999999995,4096,8.0,8.0,8.345263117458671,0.203974997746449,7.6964111328125,9.398749351501465,8.345263117458671,120171.78889140487
394000,0.393999,4096,8.0,8.0,8.34522489621304,0.2038798871464499,7.697847366333008,9.397470474243164,8.34522489621304,120171.23850546777
394200,0.39419899999999997,4096,8.0,8.0,8.345186654245481,0.20375779693217572,7.698154449462891,9.397256851196289,8.345186654245481,120170.68782113492
394400,0.394399,4096,8.0,8.0,8.345154892769642,0.2036757586111886,7.696475028991699,9.396502494812012,8.345154892769642,120170.23045588285
394600,0.394599,4096,8.0,8.0,8.345115639036521,0.20356845101698423,7.695592880249023,9.39268684387207,8.345115639036521,120169.6652021259
394800,0.39479899999999996,4096,8.0,8.0,8.345081588602625,0.20348656613851418,7.6936774253845215,9.388413429260254,8.345081588602625,120169.1748758778
395000,0.394999,4096,8.0,8.0,8.345047180191614,0.20332803703140126,7.6915411949157715,9.386481285095215,8.345047180191614,120168.67939475924
395200,0.39519899999999997,4096,8.0,8.0,8.345009692246094,0.2032165904370459,7.689137935638428,9.386381149291992,8.345009692246094,120168.13956834376
395400,0.395399,4096,8.0,8.0,8.344975733780302,0.2030906699826919,7.689888954162598,9.38510513305664,8.344975733780302,120167.65056643635
395600,0.395599,4096,8.0,8.0,8.34494026878383,0.20292793402921763,7.691371440887451,9.385141372680664,8.34494026878383,120167.13987048715
395800,0.39579899999999996,4096,8.0,8.0,8.344900185824372,0.20276135745054713,7.693177223205566,9.383957862854004,8.344900185824372,120166.56267587095
396000,0.395999,4096,8.0,8.0,8.344866737956181,0.2026144864381829,7.693798065185547,9.381241798400879,8.344866737956181,120166.08102656901
396200,0.39619899999999997,4096,8.0,8.0,8.344833022798412,0.20251780186787652,7.693094253540039,9.380013465881348,8.344833022798412,120165.59552829713
396400,0.396399,4096,8.0,8.0,8.34479843347799,0.20242889014887208,7.69359827041626,9.380026817321777,8.34479843347799,120165.09744208306
396600,0.396599,4096,8.0,8.0,8.344762188615277,0.20226937545168425,7.694463729858398,9.379172325134277,8.344762188615277,120164.57551606
396800,0.39679899999999996,4096,8.0,8.0,8.344725064584054,0.20210991392086164,7.694700241088867,9.377410888671875,8.344725064584054,120164.04093001038
397000,0.396999,4096,8.0,8.0,8.344692405778915,0.20197629643404885,7.6933112144470215,9.376021385192871,8.344692405778915,120163.57064321637
397200,0.39719899999999997,4096,8.0,8.0,8.344656004803255,0.20182003297738296,7.692710876464844,9.375948905944824,8.344656004803255,120163.04646916687
397400,0.397399,4096,8.0,8.0,8.3446214646101,0.20167887304942608,7.6931376457214355,9.376819610595703,8.3446214646101,120162.54909038544
397600,0.397599,4096,8.0,8.0,8.344581755809486,0.201521942314775,7.694747447967529,9.378376007080078,8.344581755809486,120161.9772836566
397800,0.39779899999999996,4096,8.0,8.0,8.344543788465671,0.20136249369891682,7.694799423217773,9.378591537475586,8.344543788465671,120161.43055390567
398000,0.397999,4096,8.0,8.0,8.344511571805924,0.2012650994051253,7.696571350097656,9.377522468566895,8.344511571805924,120160.96663400531
398200,0.39819899999999997,4096,8.0,8.0,8.344481125823222,0.2011865017901812,7.694476127624512,9.378729820251465,8.344481125823222,120160.5282118544
398400,0.398399,4096,8.0,8.0,8.344446636154316,0.2010930838967008,7.694021224975586,9.376605987548828,8.344446636154316,120160.03156062216
398600,0.398599,4096,8.0,8.0,8.34440953831654,0.20099000946935605,7.695595741271973,9.376653671264648,8.34440953831654,120159.49735175818
398800,0.39879899999999996,4096,8.0,8.0,8.344373025698587,0.20084679331647604,7.695737361907959,9.375950813293457,8.344373025698587,120158.97157005966
399000,0.398999,4096,8.0,8.0,8.34433927887585,0.2007449560711498,7.697153091430664,9.372769355773926,8.34433927887585,120158.48561581224
399200,0.39919899999999997,4096,8.0,8.0,8.34430781728588,0.2006614989962308,7.697547912597656,9.375473976135254,8.34430781728588,120158.03256891668
399400,0.399399,4096,8.0,8.0,8.344273803173564,0.20053258575745692,7.699407577514648,9.37682056427002,8.344273803173564,120157.54276569933
399600,0.399599,4096,8.0,8.0,8.344245815067552,0.20044422594313738,7.699908256530762,9.373801231384277,8.344245815067552,120157.13973697275
399800,0.39979899999999996,4096,8.0,8.0,8.344214484561235,0.20033340524290816,7.698552131652832,9.372042655944824,8.344214484561235,120156.68857768178
400000,0.399999,4096,8.0,8.0,8.34417626215145,0.20020307291011194,7.699593544006348,9.370919227600098,8.34417626215145,120156.13817498088
