epsilon,normal_TT,tangential_TT,parallel_RR,TR_scaled
1.000000000000000021e-03,1.002352831055906790e+03,4.642936148790532513e+00,3.146259911592899527e+00,-5.793515129067862146e-01
1.001209800630948558e-03,1.001144250460258490e+03,4.642291311770960327e+00,3.145778047475580319e+00,-5.792125408444480650e-01
1.002421064879463865e-03,9.999371299468958796e+02,4.641646474751215834e+00,3.145296185491793572e+00,-5.790735695554348750e-01
1.003633794516231104e-03,9.987314677518688768e+02,4.641001637731468676e+00,3.144814325644248232e+00,-5.789345990407194220e-01
1.004847991314079120e-03,9.975272621132776294e+02,4.640356800711850305e+00,3.144332467935626152e+00,-5.787956293012663789e-01
1.006063657047978491e-03,9.963245112708360693e+02,4.639711963692214169e+00,3.143850612368407127e+00,-5.786566603379819096e-01
1.007280793495049552e-03,9.951232134665343665e+02,4.639067126672497210e+00,3.143368758945130903e+00,-5.785176921517912740e-01
1.008499402434562178e-03,9.939233669450735533e+02,4.638422289652943675e+00,3.142886907668577479e+00,-5.783787247436878998e-01
1.009719485647938815e-03,9.927249699521167940e+02,4.637777452633182307e+00,3.142405058541066332e+00,-5.782397581145330978e-01
1.010941044918756658e-03,9.915280207366913601e+02,4.637132615613509756e+00,3.141923211565415208e+00,-5.781007922653319531e-01
1.012164082032752195e-03,9.903325175492258268e+02,4.636487778593834541e+00,3.141441366744163854e+00,-5.779618271970099475e-01
1.013388598777819043e-03,9.891384586424206873e+02,4.635842941574152221e+00,3.140959524079914189e+00,-5.778228629105096603e-01
1.014614596944016407e-03,9.879458422712485799e+02,4.635198104554545395e+00,3.140477683575335632e+00,-5.776838994067954314e-01
1.015842078323569075e-03,9.867546666925201180e+02,4.634553267534952781e+00,3.139995845232995908e+00,-5.775449366868007361e-01
1.017071044710868939e-03,9.855649301651043288e+02,4.633908430515282006e+00,3.139514009055442756e+00,-5.774059747514539431e-01
1.018301497902479764e-03,9.843766309503542971e+02,4.633263593495652977e+00,3.139032175045382012e+00,-5.772670136017296061e-01
1.019533439697139143e-03,9.831897673114649479e+02,4.632618756476036381e+00,3.138550343205418702e+00,-5.771280532385730799e-01
1.020766871895757840e-03,9.820043375134733878e+02,4.631973919456273237e+00,3.138068513538054383e+00,-5.769890936629006317e-01
1.022001796301428688e-03,9.808203398243261972e+02,4.631329082436637989e+00,3.137586686046127671e+00,-5.768501348757245628e-01
1.023238214719424848e-03,9.796377725131735588e+02,4.630684245416929912e+00,3.137104860732116141e+00,-5.767111768779553671e-01
1.024476128957203065e-03,9.784566338518603743e+02,4.630039408397268907e+00,3.136623037598746944e+00,-5.765722196705739266e-01
1.025715540824407137e-03,9.772769221142846163e+02,4.629394571377760670e+00,3.136141216648736130e+00,-5.764332632545593471e-01
1.026956452132871383e-03,9.760986355755578643e+02,4.628749734358033940e+00,3.135659397884445809e+00,-5.762943076307888157e-01
1.028198864696618477e-03,9.749217725141145365e+02,4.628104897338389812e+00,3.135177581308747907e+00,-5.761553528002858471e-01
1.029442780331868987e-03,9.737463312098111601e+02,4.627460060318778545e+00,3.134695766924251892e+00,-5.760163987639994598e-01
1.030688200857040075e-03,9.725723099443530373e+02,4.626815223299014512e+00,3.134213954733471308e+00,-5.758774455228501399e-01
1.031935128092748098e-03,9.713997070023401648e+02,4.626170386279366831e+00,3.133732144739259429e+00,-5.757384930778582932e-01
1.033183563861812728e-03,9.702285206697990816e+02,4.625525549259749347e+00,3.133250336944211512e+00,-5.755995414299687196e-01
1.034433509989259557e-03,9.690587492350229013e+02,4.624880712240183378e+00,3.132768531351000085e+00,-5.754605905801495336e-01
1.035684968302318792e-03,9.678903909879469438e+02,4.624235875220451319e+00,3.132286727962130701e+00,-5.753216405293198887e-01
1.036937940630435016e-03,9.667234442213926968e+02,4.623591038200795644e+00,3.131804926780446419e+00,-5.751826912784980816e-01
1.038192428805264148e-03,9.655579072298223764e+02,4.622946201181217241e+00,3.131323127808626428e+00,-5.750437428286532260e-01
1.039448434660678868e-03,9.643937783091383835e+02,4.622301364161377712e+00,3.130841331049083465e+00,-5.749047951806811607e-01
1.040705960032769703e-03,9.632310557587410358e+02,4.621656527141738913e+00,3.130359536504840001e+00,-5.747658483356505865e-01
1.041965006759850440e-03,9.620697378788512424e+02,4.621011690122071691e+00,3.129877744178408250e+00,-5.746269022944842098e-01
1.043225576682454882e-03,9.609098229723634859e+02,4.620366853102495064e+00,3.129395954072558883e+00,-5.744879570581802319e-01
1.044487671643347035e-03,9.597513093438202532e+02,4.619722016082901561e+00,3.128914166189898260e+00,-5.743490126276891150e-01
1.045751293487519155e-03,9.585941952998207398e+02,4.619077179063193483e+00,3.128432380533041623e+00,-5.742100690039643185e-01
1.047016444062195658e-03,9.574384791492271916e+02,4.618432342043385930e+00,3.127950597104693919e+00,-5.740711261879857252e-01
1.048283125216835495e-03,9.562841592035625808e+02,4.617787505023844830e+00,3.127468815907825661e+00,-5.739321841808093794e-01
1.049551338803136717e-03,9.551312337749894823e+02,4.617142668004151851e+00,3.126987036944821607e+00,-5.737932429833230152e-01
1.050821086675033647e-03,9.539797011789414682e+02,4.616497830984575224e+00,3.126505260218587434e+00,-5.736543025965648024e-01
1.052092370688707292e-03,9.528295597321001651e+02,4.615852993964947082e+00,3.126023485731701523e+00,-5.735153630214783194e-01
1.053365192702582524e-03,9.516808077534078620e+02,4.615208156945222129e+00,3.125541713486837736e+00,-5.733764242590365656e-01
1.054639554577333502e-03,9.505334435642623703e+02,4.614563319925592211e+00,3.125059943486858227e+00,-5.732374863102643880e-01
1.055915458175884537e-03,9.493874654875163515e+02,4.613918482905933871e+00,3.124578175734380014e+00,-5.730985491761185768e-01
1.057192905363415081e-03,9.482428718482813110e+02,4.613273645886247998e+00,3.124096410232125809e+00,-5.729596128575851210e-01
1.058471898007358209e-03,9.470996609737225072e+02,4.612628808866552355e+00,3.123614646982830756e+00,-5.728206773556551168e-01
1.059752437977408857e-03,9.459578311930623613e+02,4.611983971846888686e+00,3.123132885989251317e+00,-5.726817426713247672e-01
1.061034527145523175e-03,9.448173808373804832e+02,4.611339134827206365e+00,3.122651127254078673e+00,-5.725428088055729559e-01
1.062318167385921993e-03,9.436783082400100966e+02,4.610694297807586217e+00,3.122169370780105702e+00,-5.724038757594072102e-01
1.063603360575093642e-03,9.425406117359455038e+02,4.610049460787911890e+00,3.121687616569980506e+00,-5.722649435337937573e-01
1.064890108591797424e-03,9.414042896626312995e+02,4.609404623768314835e+00,3.121205864626541260e+00,-5.721260121297537804e-01
1.066178413317062741e-03,9.402693403589780701e+02,4.608759786748616527e+00,3.120724114952396988e+00,-5.719870815482426263e-01
1.067468276634197556e-03,9.391357621665393935e+02,4.608114949729003484e+00,3.120242367550429829e+00,-5.718481517902959110e-01
1.068759700428787091e-03,9.380035534281443006e+02,4.607470112709243892e+00,3.119760622423219942e+00,-5.717092228568597667e-01
1.070052686588698378e-03,9.368727124896491887e+02,4.606825275689693910e+00,3.119278879573779584e+00,-5.715702947490083341e-01
1.071347237004081562e-03,9.357432376976049682e+02,4.606180438669962740e+00,3.118797139004576557e+00,-5.714313674676565480e-01
1.072643353567375108e-03,9.346151274015901436e+02,4.605535601650246669e+00,3.118315400718516983e+00,-5.712924410138462417e-01
1.073941038173303842e-03,9.334883799530402939e+02,4.604890764630666489e+00,3.117833664718449249e+00,-5.711535153886048155e-01
1.075240292718887417e-03,9.323629937048686998e+02,4.604245927611046341e+00,3.117351931007011245e+00,-5.710145905928966092e-01
1.076541119103440088e-03,9.312389670122360030e+02,4.603601090591361356e+00,3.116870199586951440e+00,-5.708756666277202685e-01
1.077843519228573535e-03,9.301162982325490702e+02,4.602956253571728773e+00,3.116388470461127991e+00,-5.707367434941054141e-01
1.079147494998200117e-03,9.289949857248858507e+02,4.602311416552091750e+00,3.115906743632277820e+00,-5.705978211930459176e-01
1.080453048318536554e-03,9.278750278503778190e+02,4.601666579532430745e+00,3.115425019103163162e+00,-5.704588997255445326e-01
1.081760181098102630e-03,9.267564229720215963e+02,4.601021742512660495e+00,3.114943296876500956e+00,-5.703199790925916890e-01
1.083068895247730080e-03,9.256391694554356491e+02,4.600376905493067881e+00,3.114461576955293243e+00,-5.701810592952589740e-01
1.084379192680561725e-03,9.245232656671539644e+02,4.599732068473326940e+00,3.113979859342086876e+00,-5.700421403344869686e-01
1.085691075312054076e-03,9.234087099767109521e+02,4.599087231453706792e+00,3.113498144039872795e+00,-5.699032222113452617e-01
1.087004545059981880e-03,9.222955007549377342e+02,4.598442394434085756e+00,3.113016431051352839e+00,-5.697643049268211746e-01
1.088319603844440514e-03,9.211836363747192991e+02,4.597797557414389225e+00,3.112534720379277253e+00,-5.696253884819137969e-01
1.089636253587845331e-03,9.200731152113686449e+02,4.597152720394815262e+00,3.112053012026593457e+00,-5.694864728776813934e-01
1.090954496214940330e-03,9.189639356413144924e+02,4.596507883375066328e+00,3.111571305995882941e+00,-5.693475581150763132e-01
1.092274333652797297e-03,9.178560960441594716e+02,4.595863046355552761e+00,3.111089602290263212e+00,-5.692086441952054487e-01
1.093595767830819266e-03,9.167495948000648696e+02,4.595218209335866000e+00,3.110607900912244261e+00,-5.690697311190006102e-01
1.094918800680743775e-03,9.156444302921769349e+02,4.594573372316200555e+00,3.110126201864782391e+00,-5.689308188875236150e-01
1.096243434136645904e-03,9.145406009051349656e+02,4.593928535296475602e+00,3.109644505150641614e+00,-5.687919075017801029e-01
1.097569670134937621e-03,9.134381050259999029e+02,4.593283698276894533e+00,3.109162810772792884e+00,-5.686529969628362213e-01
1.098897510614376891e-03,9.123369410431431561e+02,4.592638861257279714e+00,3.108681118733935378e+00,-5.685140872716789584e-01
1.100226957516066157e-03,9.112371073468068516e+02,4.591994024237413541e+00,3.108199429036727857e+00,-5.683751784292857545e-01
1.101558012783455595e-03,9.101386023303847423e+02,4.591349187217779182e+00,3.107717741684371315e+00,-5.682362704367889261e-01
1.102890678362347448e-03,9.090414243880341019e+02,4.590704350198176797e+00,3.107236056679550273e+00,-5.680973632951726859e-01
1.104224956200898630e-03,9.079455719161479692e+02,4.590059513178571748e+00,3.106754374025079368e+00,-5.679584570054595494e-01
1.105560848249619640e-03,9.068510433129869170e+02,4.589414676158895645e+00,3.106272693723750589e+00,-5.678195515686650374e-01
1.106898356461384104e-03,9.057578369790423949e+02,4.588769839139249740e+00,3.105791015778487818e+00,-5.676806469858429738e-01
1.108237482791427043e-03,9.046659513163115207e+02,4.588125002119483042e+00,3.105309340192026646e+00,-5.675417432579938914e-01
1.109578229197348987e-03,9.035753847293831313e+02,4.587480165099836249e+00,3.104827666967402422e+00,-5.674028403862046988e-01
1.110920597639118799e-03,9.024861356243493447e+02,4.586835328080300478e+00,3.104345996107464423e+00,-5.672639383715079031e-01
1.112264590079077575e-03,9.013982024088139724e+02,4.586190491060619046e+00,3.103864327614882068e+00,-5.671250372148857188e-01
1.113610208481936913e-03,9.003115834929669745e+02,4.585545654040929620e+00,3.103382661492622319e+00,-5.669861369174061805e-01
1.114957454814789100e-03,8.992262772886883795e+02,4.584900817021230424e+00,3.102900997743552658e+00,-5.668472374801077907e-01
1.116306331047104946e-03,8.981422822099034420e+02,4.584255980001596065e+00,3.102419336370598746e+00,-5.667083389040479258e-01
1.117656839150737687e-03,8.970595966722285084e+02,4.583611142981967923e+00,3.101937677376590319e+00,-5.665694411902550964e-01
1.119008981099926239e-03,8.959782190931483683e+02,4.582966305962258957e+00,3.101456020764342458e+00,-5.664305443397543716e-01
1.120362758871299097e-03,8.948981478925503552e+02,4.582321468942673448e+00,3.100974366536888294e+00,-5.662916483536336587e-01
1.121718174443872822e-03,8.938193814914802715e+02,4.581676631922970699e+00,3.100492714696934549e+00,-5.661527532328869405e-01
1.123075229799061579e-03,8.927419183133862362e+02,4.581031794903201337e+00,3.100011065247403330e+00,-5.660138589785724816e-01
1.124433926920675184e-03,8.916657567839354215e+02,4.580386957883608723e+00,3.099529418191373065e+00,-5.658749655917904020e-01
1.125794267794923880e-03,8.905908953299599489e+02,4.579742120863989463e+00,3.099047773531584227e+00,-5.657360730735467857e-01
1.127156254410420499e-03,8.895173323803386438e+02,4.579097283844229871e+00,3.098566131270852342e+00,-5.655971814248675900e-01
1.128519888758185022e-03,8.884450663665199954e+02,4.578452446824618605e+00,3.098084491412297581e+00,-5.654582906468674786e-01
1.129885172831642621e-03,8.873740957211205114e+02,4.577807609805010891e+00,3.097602853958713709e+00,-5.653194007405680788e-01
1.131252108626633855e-03,8.863044188789770033e+02,4.577162772785452916e+00,3.097121218913047258e+00,-5.651805117070345386e-01
1.132620698141412283e-03,8.852360342764474126e+02,4.576517935765772371e+00,3.096639586278080891e+00,-5.650416235472845994e-01
1.133990943376649019e-03,8.841689403522808561e+02,4.575873098746096268e+00,3.096157956056827310e+00,-5.649027362624038373e-01
1.135362846335436198e-03,8.831031355469219761e+02,4.575228261726436152e+00,3.095676328252215725e+00,-5.647638498534519602e-01
1.136736409023289367e-03,8.820386183025128730e+02,4.574583424706693435e+00,3.095194702867094083e+00,-5.646249643214686920e-01
1.138111633448148129e-03,8.809753870635807971e+02,4.573938587687069734e+00,3.094713079904543918e+00,-5.644860796675578163e-01
1.139488521620383521e-03,8.799134402758359101e+02,4.573293750667350999e+00,3.094231459367332349e+00,-5.643471958927354093e-01
1.140867075552798662e-03,8.788527763877148118e+02,4.572648913647831215e+00,3.093749841258615962e+00,-5.642083129981289025e-01
1.142247297260630704e-03,8.777933938483265592e+02,4.572004076628079616e+00,3.093268225581006448e+00,-5.640694309847089638e-01
1.143629188761556038e-03,8.767352911098470258e+02,4.571359239608382197e+00,3.092786612337663943e+00,-5.639305498536053562e-01
1.145012752075692027e-03,8.756784666259771939e+02,4.570714402588826886e+00,3.092305001531596709e+00,-5.637916696059027677e-01
1.146397989225597441e-03,8.746229188516105069e+02,4.570069565569077952e+00,3.091823393165503031e+00,-5.636527902425987335e-01
1.147784902236280696e-03,8.735686462446965379e+02,4.569424728549534187e+00,3.091341787242631867e+00,-5.635139117648481077e-01
1.149173493135199420e-03,8.725156472638699370e+02,4.568779891529871406e+00,3.090860183765696600e+00,-5.633750341736528666e-01
1.150563763952263925e-03,8.714639203703115982e+02,4.568135054510177540e+00,3.090378582737725033e+00,-5.632361574701046925e-01
1.151955716719839807e-03,8.704134640270705177e+02,4.567490217490560056e+00,3.089896984161754290e+00,-5.630972816553000415e-01
1.153349353472753582e-03,8.693642766985630033e+02,4.566845380470809346e+00,3.089415388040601673e+00,-5.629584067302697559e-01
1.154744676248289003e-03,8.683163568519107685e+02,4.566200543451250482e+00,3.088933794377473951e+00,-5.628195326961596967e-01
1.156141687086198770e-03,8.672697029549368608e+02,4.565555706431494443e+00,3.088452203175056976e+00,-5.626806595539640687e-01
1.157540388028701489e-03,8.662243134785001075e+02,4.564910869411883176e+00,3.087970614436581940e+00,-5.625417873048355055e-01
1.158940781120487099e-03,8.651801868943310865e+02,4.564266032392158223e+00,3.087489028164837279e+00,-5.624029159497990760e-01
1.160342868408718604e-03,8.641373216768590737e+02,4.563621195372585149e+00,3.087007444363006226e+00,-5.622640454899933138e-01
1.161746651943037492e-03,8.630957163013904392e+02,4.562976358352829109e+00,3.086525863033824812e+00,-5.621251759264295211e-01
1.163152133775560487e-03,8.620553692460914590e+02,4.562331521333194750e+00,3.086044284180514907e+00,-5.619863072602571119e-01
1.164559315960891472e-03,8.610162789903371277e+02,4.561686684313587925e+00,3.085562707805998617e+00,-5.618474394925419002e-01
1.165968200556118019e-03,8.599784440153733840e+02,4.561041847293936691e+00,3.085081133913224249e+00,-5.617085726243549182e-01
1.167378789620816598e-03,8.589418628044790012e+02,4.560397010274293450e+00,3.084599562505229819e+00,-5.615697066567960638e-01
1.168791085217056039e-03,8.579065338426382823e+02,4.559752173254631558e+00,3.084117993585003603e+00,-5.614308415909492478e-01
1.170205089409399705e-03,8.568724556167048831e+02,4.559107336234948349e+00,3.083636427155551640e+00,-5.612919774279039320e-01
1.171620804264906579e-03,8.558396266154001069e+02,4.558462499215261587e+00,3.083154863219903952e+00,-5.611531141687573498e-01
1.173038231853138630e-03,8.548080453293149503e+02,4.557817662195621899e+00,3.082673301781113206e+00,-5.610142518146133961e-01
1.174457374246161466e-03,8.537777102505849598e+02,4.557172825175903164e+00,3.082191742842104620e+00,-5.608753903665396612e-01
1.175878233518546723e-03,8.527486198736982033e+02,4.556527988156312325e+00,3.081710186406058316e+00,-5.607365298256771213e-01
1.177300811747376179e-03,8.517207726943665875e+02,4.555883151136680631e+00,3.081228632475876861e+00,-5.605976701930863726e-01
1.178725111012245445e-03,8.506941672103326937e+02,4.555238314116974330e+00,3.080747081054565850e+00,-5.604588114698600965e-01
1.180151133395263095e-03,8.496688019213669349e+02,4.554593477097295562e+00,3.080265532145235685e+00,-5.603199536571192851e-01
1.181578880981059339e-03,8.486446753289460503e+02,4.553948640077673637e+00,3.079783985750951469e+00,-5.601810967559728294e-01
1.183008355856785812e-03,8.476217859362569698e+02,4.553303803058081911e+00,3.079302441874729457e+00,-5.600422407675165193e-01
1.184439560112118817e-03,8.466001322480360614e+02,4.552658966038324984e+00,3.078820900519475767e+00,-5.599033856928136155e-01
1.185872495839262802e-03,8.455797127715226225e+02,4.552014129018647104e+00,3.078339361688422482e+00,-5.597645315330223026e-01
1.187307165132954912e-03,8.445605260153465679e+02,4.551369291999035838e+00,3.077857825384608947e+00,-5.596256782892455872e-01
1.188743570090462602e-03,8.435425704898477761e+02,4.550724454979416578e+00,3.077376291611041648e+00,-5.594868259625762619e-01
1.190181712811594046e-03,8.425258447072344552e+02,4.550079617959757350e+00,3.076894760370755932e+00,-5.593479745541170001e-01
1.191621595398697055e-03,8.415103471815808689e+02,4.549434780940073253e+00,3.076413231666828452e+00,-5.592091240649820216e-01
1.193063219956662325e-03,8.404960764288285873e+02,4.548789943920422019e+00,3.075931705502370495e+00,-5.590702744962956494e-01
1.194506588592927345e-03,8.394830309666284620e+02,4.548145106900808088e+00,3.075450181880457379e+00,-5.589314258491722143e-01
1.195951703417480515e-03,8.384712093141865807e+02,4.547500269881085799e+00,3.074968660804057397e+00,-5.587925781246960710e-01
1.197398566542859193e-03,8.374606099930425671e+02,4.546855432861459434e+00,3.074487142276399965e+00,-5.586537313240266256e-01
1.198847180084159671e-03,8.364512315261343929e+02,4.546210595841881030e+00,3.074005626300538196e+00,-5.585148854482717695e-01
1.200297546159036308e-03,8.354430724379579942e+02,4.545565758822158742e+00,3.073524112879410630e+00,-5.583760404985088632e-01
1.201749666887705651e-03,8.344361312553389780e+02,4.544920921802454217e+00,3.073042602016231140e+00,-5.582371964758928717e-01
1.203203544392948601e-03,8.334304065066585281e+02,4.544276084782783443e+00,3.072561093714104352e+00,-5.580983533815487840e-01
1.204659180800115833e-03,8.324258967220101795e+02,4.543631247763116221e+00,3.072079587976107362e+00,-5.579595112165934845e-01
1.206116578237125848e-03,8.314226004333514766e+02,4.542986410743480974e+00,3.071598084805365669e+00,-5.578206699821576242e-01
1.207575738834474732e-03,8.304205161743519739e+02,4.542341573723872372e+00,3.071116584204977684e+00,-5.576818296793654151e-01
1.209036664725234847e-03,8.294196424802423735e+02,4.541696736704139425e+00,3.070635086177942341e+00,-5.575429903093113149e-01
1.210499358045059393e-03,8.284199778885731575e+02,4.541051899684493520e+00,3.070153590727530357e+00,-5.574041518731693845e-01
1.211963820932185224e-03,8.274215209381511613e+02,4.540407062664811200e+00,3.069672097856765092e+00,-5.572653143720432967e-01
1.213430055527436966e-03,8.264242701699498639e+02,4.539762225645232796e+00,3.069190607568872409e+00,-5.571264778070939006e-01
1.214898063974226153e-03,8.254282241262020534e+02,4.539117388625569127e+00,3.068709119866839252e+00,-5.569876421794132115e-01
1.216367848418560332e-03,8.244333813513072755e+02,4.538472551605892136e+00,3.068227634753844857e+00,-5.568488074901510876e-01
1.217839411009042630e-03,8.234397403913754943e+02,4.537827714586248895e+00,3.067746152233056467e+00,-5.567099737404522797e-01
1.219312753896875439e-03,8.224472997940807772e+02,4.537182877566555028e+00,3.067264672307548068e+00,-5.565711409314357816e-01
1.220787879235863457e-03,8.214560581091093354e+02,4.536538040546897577e+00,3.066783194980522875e+00,-5.564323090642580016e-01
1.222264789182418666e-03,8.204660138877097779e+02,4.535893203527234796e+00,3.066301720255097507e+00,-5.562934781400499240e-01
1.223743485895557740e-03,8.194771656829946096e+02,4.535248366507605766e+00,3.065820248134442760e+00,-5.561546481599601854e-01
1.225223971536913530e-03,8.184895120497880043e+02,4.534603529488017593e+00,3.065338778621720994e+00,-5.560158191251328708e-01
1.226706248270732248e-03,8.175030515443320382e+02,4.533958692468272211e+00,3.064857311719932920e+00,-5.558769910366684330e-01
1.228190318263878674e-03,8.165177827251750386e+02,4.533313855448528606e+00,3.064375847432363020e+00,-5.557381638957471504e-01
1.229676183685839185e-03,8.155337041525763198e+02,4.532669018428935104e+00,3.063894385762280237e+00,-5.555993377035460812e-01
1.231163846708724797e-03,8.145508143879202407e+02,4.532024181409231467e+00,3.063412926712656414e+00,-5.554605124611572409e-01
1.232653309507275282e-03,8.135691119950395205e+02,4.531379344389624642e+00,3.062931470286818225e+00,-5.553216881697747853e-01
1.234144574258858084e-03,8.125885955388949924e+02,4.530734507369921893e+00,3.062450016487797022e+00,-5.551828648305071612e-01
1.235637643143478294e-03,8.116092635867449872e+02,4.530089670350303521e+00,3.061968565318903046e+00,-5.550440424445450827e-01
1.237132518343777134e-03,8.106311147071243113e+02,4.529444833330647846e+00,3.061487116783228934e+00,-5.549052210130166474e-01
1.238629202045036289e-03,8.096541474705729797e+02,4.528799996311017040e+00,3.061005670884004548e+00,-5.547664005370884777e-01
1.240127696435183117e-03,8.086783604491986353e+02,4.528155159291367582e+00,3.060524227624390026e+00,-5.546275810179078780e-01
1.241628003704787174e-03,8.077037522169688373e+02,4.527510322271740328e+00,3.060042787007606790e+00,-5.544887624566414708e-01
1.243130126047072579e-03,8.067303213492764371e+02,4.526865485251985177e+00,3.059561349036742151e+00,-5.543499448544155772e-01
1.244634065657915624e-03,8.057580664239465023e+02,4.526220648232420096e+00,3.059079913715232468e+00,-5.542111282124588811e-01
1.246139824735848682e-03,8.047869860196565241e+02,4.525575811212789290e+00,3.058598481046094442e+00,-5.540723125318781639e-01
1.247647405482064107e-03,8.038170787172289238e+02,4.524930974193121180e+00,3.058117051032553935e+00,-5.539334978138418242e-01
1.249156810100417701e-03,8.028483430990573879e+02,4.524286137173345601e+00,3.057635623677775527e+00,-5.537946840595002751e-01
1.250668040797432191e-03,8.018807777498182077e+02,4.523641300153776967e+00,3.057154198985208904e+00,-5.536558712700868634e-01
1.252181099782296138e-03,8.009143812550482835e+02,4.522996463134159484e+00,3.056672776957883642e+00,-5.535170594467135885e-01
1.253695989266874564e-03,7.999491522021419314e+02,4.522351626114336831e+00,3.056191357598907032e+00,-5.533782485905157644e-01
1.255212711465707436e-03,7.989850891811970541e+02,4.521706789094819712e+00,3.055709940911889966e+00,-5.532394387027732563e-01
1.256731268596013350e-03,7.980221907826121424e+02,4.521061952075178247e+00,3.055228526899743002e+00,-5.531006297845652009e-01
1.258251662877694953e-03,7.970604555992057385e+02,4.520417115055466617e+00,3.054747115565743520e+00,-5.529618218370762062e-01
1.259773896533336341e-03,7.960998822256509584e+02,4.519772278035840252e+00,3.054265706913245282e+00,-5.528230148615140838e-01
1.261297971788214985e-03,7.951404692577725655e+02,4.519127441016084212e+00,3.053784300945334707e+00,-5.526842088590087076e-01
1.262823890870298478e-03,7.941822152938094632e+02,4.518482603996467617e+00,3.053302897665463700e+00,-5.525454038307950899e-01
1.264351656010250392e-03,7.932251189331540218e+02,4.517837766976902536e+00,3.052821497076811053e+00,-5.524065997780329695e-01
1.265881269441432441e-03,7.922691787767748792e+02,4.517192929957216663e+00,3.052340099182504929e+00,-5.522677967018647660e-01
1.267412733399908608e-03,7.913143934277713925e+02,4.516548092937532566e+00,3.051858703985901755e+00,-5.521289946034990681e-01
1.268946050124449476e-03,7.903607614908166852e+02,4.515903255917900871e+00,3.051377311490298894e+00,-5.519901934841293656e-01
1.270481221856529629e-03,7.894082815720212238e+02,4.515258418898200787e+00,3.050895921698874691e+00,-5.518513933449139541e-01
1.272018250840340012e-03,7.884569522794853356e+02,4.514613581878518467e+00,3.050414534614965589e+00,-5.517125941870578698e-01
1.273557139322784894e-03,7.875067722228839102e+02,4.513968744858871673e+00,3.049933150241858737e+00,-5.515737960117513827e-01
1.275097889553486637e-03,7.865577400136048709e+02,4.513323907839292382e+00,3.049451768582860822e+00,-5.514349988201904251e-01
1.276640503784790904e-03,7.856098542643399014e+02,4.512679070819566540e+00,3.048970389641093348e+00,-5.512962026135194149e-01
1.278184984271764271e-03,7.846631135900400977e+02,4.512034233799872673e+00,3.048489013419976690e+00,-5.511574073929674800e-01
1.279731333272205287e-03,7.837175166070962860e+02,4.511389396780231209e+00,3.048007639922817980e+00,-5.510186131597325510e-01
1.281279553046642521e-03,7.827730619334755602e+02,4.510744559760595962e+00,3.047526269152879053e+00,-5.508798199149992358e-01
1.282829645858339987e-03,7.818297481887238973e+02,4.510099722740856798e+00,3.047044901113377779e+00,-5.507410276599393750e-01
1.284381613973298872e-03,7.808875739945051464e+02,4.509454885721222439e+00,3.046563535807767842e+00,-5.506022363957953081e-01
1.285935459660262530e-03,7.799465379737893045e+02,4.508810048701636930e+00,3.046082173239321289e+00,-5.504634461237539744e-01
1.287491185190719947e-03,7.790066387509915558e+02,4.508165211681911089e+00,3.045600813411204921e+00,-5.503246568449744469e-01
1.289048792838904441e-03,7.780678749527766058e+02,4.507520374662248308e+00,3.045119456326886631e+00,-5.501858685607026178e-01
1.290608284881804508e-03,7.771302452071184916e+02,4.506875537642616614e+00,3.044638101989665113e+00,-5.500470812721353076e-01
1.292169663599161862e-03,7.761937481435696782e+02,4.506230700622928964e+00,3.044156750402793321e+00,-5.499082949804569020e-01
1.293732931273476865e-03,7.752583823936615772e+02,4.505585863603320362e+00,3.043675401569701400e+00,-5.497695096869033016e-01
1.295298090190010474e-03,7.743241465902383425e+02,4.504941026583685115e+00,3.043194055493644967e+00,-5.496307253926597802e-01
1.296865142636790093e-03,7.733910393678564787e+02,4.504296189563972597e+00,3.042712712177916945e+00,-5.494919420989233805e-01
1.298434090904607412e-03,7.724590593630479134e+02,4.503651352544341790e+00,3.042231371625978120e+00,-5.493531598069395505e-01
1.300004937287028810e-03,7.715282052136595894e+02,4.503006515524732301e+00,3.041750033841127632e+00,-5.492143785179068871e-01
1.301577684080394920e-03,7.705984755591185831e+02,4.502361678505033105e+00,3.041268698826628203e+00,-5.490755982330151053e-01
1.303152333583824105e-03,7.696698690408260290e+02,4.501716841485365883e+00,3.040787366585923746e+00,-5.489368189535044351e-01
1.304728888099215920e-03,7.687423843016314322e+02,4.501072004465711096e+00,3.040306037122356031e+00,-5.487980406805881284e-01
1.306307349931256538e-03,7.678160199860946022e+02,4.500427167446106935e+00,3.039824710439309907e+00,-5.486592634154914272e-01
1.307887721387416147e-03,7.668907747400949120e+02,4.499782330426363330e+00,3.039343386540013459e+00,-5.485204871593929443e-01
1.309470004777960441e-03,7.659666472118731235e+02,4.499137493406800914e+00,3.038862065428067361e+00,-5.483817119135823148e-01
1.311054202415949102e-03,7.650436360504701270e+02,4.498492656387154121e+00,3.038380747106649515e+00,-5.482429376792242737e-01
1.312640316617239705e-03,7.641217399070274041e+02,4.497847819367487787e+00,3.037899431579179854e+00,-5.481041644575567195e-01
1.314228349700491839e-03,7.632009574342655469e+02,4.497202982347828559e+00,3.037418118849064541e+00,-5.479653922498107788e-01
1.315818303987171221e-03,7.622812872863581788e+02,4.496558145328081402e+00,3.036936808919614261e+00,-5.478266210571925976e-01
1.317410181801548620e-03,7.613627281194451371e+02,4.495913308308391976e+00,3.036455501794324885e+00,-5.476878508809615020e-01
1.319003985470710259e-03,7.604452785911175852e+02,4.495268471288783374e+00,3.035974197476607461e+00,-5.475490817223518381e-01
1.320599717324556300e-03,7.595289373602925025e+02,4.494623634269067303e+00,3.035492895969718052e+00,-5.474103135825547639e-01
1.322197379695806045e-03,7.586137030881071723e+02,4.493978797249483570e+00,3.035011597277234241e+00,-5.472715464628538085e-01
1.323796974920000763e-03,7.576995744366417966e+02,4.493333960229793256e+00,3.034530301402384111e+00,-5.471327803644319143e-01
1.325398505335508015e-03,7.567865500701949486e+02,4.492689123210177549e+00,3.034049008348712828e+00,-5.469940152885638396e-01
1.327001973283521230e-03,7.558746286542647113e+02,4.492044286190536084e+00,3.033567718119555501e+00,-5.468552512364649454e-01
1.328607381108069677e-03,7.549638088560586766e+02,4.491399449170824454e+00,3.033086430718299198e+00,-5.467164882093642486e-01
1.330214731156017160e-03,7.540540893446177506e+02,4.490754612151167890e+00,3.032605146148454889e+00,-5.465777262085279586e-01
1.331824025777066794e-03,7.531454687903122931e+02,4.490109775131481129e+00,3.032123864413390102e+00,-5.464389652351812066e-01
1.333435267323764472e-03,7.522379458653456368e+02,4.489464938111850323e+00,3.031642585516592714e+00,-5.463002052905837624e-01
1.335048458151503201e-03,7.513315192432520462e+02,4.488820101092163561e+00,3.031161309461417375e+00,-5.461614463759567606e-01
1.336663600618521802e-03,7.504261875995230184e+02,4.488175264072560289e+00,3.030680036251403475e+00,-5.460226884925762914e-01
1.338280697085915969e-03,7.495219496108571775e+02,4.487530427052900173e+00,3.030198765889887902e+00,-5.458839316416599363e-01
1.339899749917636967e-03,7.486188039557849834e+02,4.486885590033209859e+00,3.029717498380337659e+00,-5.457451758244620255e-01
1.341520761480495105e-03,7.477167493145419712e+02,4.486240753013591487e+00,3.029236233726281036e+00,-5.456064210422556515e-01
1.343143734144164715e-03,7.468157843685748958e+02,4.485595915993876304e+00,3.028754971931042927e+00,-5.454676672962563977e-01
1.344768670281188501e-03,7.459159078014054103e+02,4.484951078974233951e+00,3.028273712998212908e+00,-5.453289145877547872e-01
1.346395572266974490e-03,7.450171182977685476e+02,4.484306241954572059e+00,3.027792456931181153e+00,-5.451901629179850550e-01
1.348024442479809487e-03,7.441194145442267427e+02,4.483661404934963457e+00,3.027311203733471068e+00,-5.450514122882202939e-01
1.349655283300855600e-03,7.432227952286789332e+02,4.483016567915302453e+00,3.026829953408473273e+00,-5.449126626996959599e-01
1.351288097114156095e-03,7.423272590408519136e+02,4.482371730895656547e+00,3.026348705959716057e+00,-5.447739141536860341e-01
1.352922886306638000e-03,7.414328046719311942e+02,4.481726893876006201e+00,3.025867461390663316e+00,-5.446351666514477330e-01
1.354559653268117957e-03,7.405394308146859430e+02,4.481082056856331874e+00,3.025386219704783830e+00,-5.444964201942396054e-01
1.356198400391299191e-03,7.396471361635872199e+02,4.480437219836701068e+00,3.024904980905618324e+00,-5.443576747833406282e-01
1.357839130071784080e-03,7.387559194144467938e+02,4.479792382817012530e+00,3.024423744996580066e+00,-5.442189304199942512e-01
1.359481844708071560e-03,7.378657792647798033e+02,4.479147545797255603e+00,3.023942511981159598e+00,-5.440801871054659067e-01
1.361126546701562539e-03,7.369767144140437267e+02,4.478502708777686081e+00,3.023461281863046857e+00,-5.439414448410795355e-01
1.362773238456562938e-03,7.360887235625563108e+02,4.477857871758047281e+00,3.022980054645557413e+00,-5.438027036280502768e-01
1.364421922380288895e-03,7.352018054125787785e+02,4.477213034738348973e+00,3.022498830332208453e+00,-5.436639634676522226e-01
1.366072600882864809e-03,7.343159586680734492e+02,4.476568197718700404e+00,3.022017608926592214e+00,-5.435252243611818912e-01
1.367725276377334404e-03,7.334311820343449426e+02,4.475923360699047393e+00,3.021536390432189023e+00,-5.433864863099036047e-01
1.369379951279660074e-03,7.325474742182811951e+02,4.475278523679348197e+00,3.021055174852488534e+00,-5.432477493150844605e-01
1.371036628008726358e-03,7.316648339285881093e+02,4.474633686659751142e+00,3.020573962191124728e+00,-5.431090133780342999e-01
1.372695308986345139e-03,7.307832598750801480e+02,4.473988849640069709e+00,3.020092752451494444e+00,-5.429702784999927978e-01
1.374355996637258246e-03,7.299027507695085433e+02,4.473344012620396271e+00,3.019611545637195249e+00,-5.428315446822606916e-01
1.376018693389137893e-03,7.290233053250875628e+02,4.472699175600755694e+00,3.019130341751790070e+00,-5.426928119261270611e-01
1.377683401672597299e-03,7.281449222564950787e+02,4.472054338581102684e+00,3.018649140798786767e+00,-5.425540802328658874e-01
1.379350123921188088e-03,7.272676002799920525e+02,4.471409501561418587e+00,3.018167942781716739e+00,-5.424153496037585898e-01
1.381018862571407012e-03,7.263913381135367899e+02,4.470764664541786892e+00,3.017686747704196648e+00,-5.422766200401111236e-01
1.382689620062697682e-03,7.255161344764355817e+02,4.470119827522146316e+00,3.017205555569737019e+00,-5.421378915431989132e-01
1.384362398837457077e-03,7.246419880895764436e+02,4.469474990502459555e+00,3.016724366381871469e+00,-5.419991641143052652e-01
1.386037201341032074e-03,7.237688976755446220e+02,4.468830153482803880e+00,3.016243180144218439e+00,-5.418604377547376894e-01
1.387714030021732674e-03,7.228968619582750534e+02,4.468185316463108236e+00,3.015761996860297778e+00,-5.417217124657756067e-01
1.389392887330829184e-03,7.220258796635140470e+02,4.467540479443505852e+00,3.015280816533782104e+00,-5.415829882487425140e-01
1.391073775722557419e-03,7.211559495181282955e+02,4.466895642423817314e+00,3.014799639168112222e+00,-5.414442651048965160e-01
1.392756697654122609e-03,7.202870702509104603e+02,4.466250805404150981e+00,3.014318464766954531e+00,-5.413055430355592224e-01
1.394441655585703949e-03,7.194192405920045985e+02,4.465605968384474878e+00,3.013837293333870626e+00,-5.411668220420241537e-01
1.396128651980452435e-03,7.185524592732488145e+02,4.464961131364882263e+00,3.013356124872518915e+00,-5.410281021256118095e-01
1.397817689304503867e-03,7.176867250277194898e+02,4.464316294345241687e+00,3.012874959386400153e+00,-5.408893832875987240e-01
1.399508770026975388e-03,7.168220365901888727e+02,4.463671457325547820e+00,3.012393796879107466e+00,-5.407506655292869668e-01
1.401201896619972201e-03,7.159583926971218943e+02,4.463026620305916126e+00,3.011912637354330347e+00,-5.406119488520079175e-01
1.402897071558589304e-03,7.150957920861101229e+02,4.462381783286165415e+00,3.011431480815542017e+00,-5.404732332570306719e-01
1.404594297320918214e-03,7.142342334968911928e+02,4.461736946266572801e+00,3.010950327266564308e+00,-5.403345187457245791e-01
1.406293576388043930e-03,7.133737156701038202e+02,4.461092109246957982e+00,3.010469176710876660e+00,-5.401958053193609555e-01
1.407994911244057077e-03,7.125142373480816786e+02,4.460447272227262339e+00,3.009988029152060207e+00,-5.400570929792408714e-01
1.409698304376052602e-03,7.116557972749609462e+02,4.459802435207649296e+00,3.009506884593857290e+00,-5.399183817267124708e-01
1.411403758274133897e-03,7.107983941960095535e+02,4.459157598187982074e+00,3.009025743039798861e+00,-5.397796715630622799e-01
1.413111275431417138e-03,7.099420268582989593e+02,4.458512761168345939e+00,3.008544604493584185e+00,-5.396409624896268964e-01
1.414820858344036049e-03,7.090866940101444698e+02,4.457867924148622762e+00,3.008063468958761977e+00,-5.395022545076991749e-01
1.416532509511139737e-03,7.082323944017749682e+02,4.457223087128994621e+00,3.007582336439113213e+00,-5.393635476186389166e-01
1.418246231434905488e-03,7.073791267844421782e+02,4.456578250109277661e+00,3.007101206938144866e+00,-5.392248418237282070e-01
1.419962026620535944e-03,7.065268899114198575e+02,4.455933413089674389e+00,3.006620080459663225e+00,-5.390861371243350630e-01
1.421679897576264527e-03,7.056756825370079014e+02,4.455288576070023154e+00,3.006138957007205459e+00,-5.389474335217498968e-01
1.423399846813359123e-03,7.048255034171953639e+02,4.454643739050304418e+00,3.005657836584413101e+00,-5.388087310172950950e-01
1.425121876846127504e-03,7.039763513096595489e+02,4.453998902030638973e+00,3.005176719195046697e+00,-5.386700296123252407e-01
1.426845990191914727e-03,7.031282249734344987e+02,4.453354065011032148e+00,3.004695604842777090e+00,-5.385313293081724906e-01
1.428572189371115275e-03,7.022811231689149736e+02,4.452709227991391572e+00,3.004214493531210728e+00,-5.383926301061473518e-01
1.430300476907171974e-03,7.014350446580735934e+02,4.452064390971682606e+00,3.003733385263998468e+00,-5.382539320075765410e-01
1.432030855326580331e-03,7.005899882046772973e+02,4.451419553952096209e+00,3.003252280044966138e+00,-5.381152350138356244e-01
1.433763327158892216e-03,6.997459525734188901e+02,4.450774716932389019e+00,3.002771177877625153e+00,-5.379765391262102403e-01
1.435497894936721506e-03,6.989029365310019557e+02,4.450129879912721798e+00,3.002290078765780468e+00,-5.378378443460712921e-01
1.437234561195741261e-03,6.980609388453824522e+02,4.449485042893062570e+00,3.001808982713109142e+00,-5.376991506747527128e-01
1.438973328474696953e-03,6.972199582859844895e+02,4.448840205873371367e+00,3.001327889723279796e+00,-5.375604581135873250e-01
1.440714199315403865e-03,6.963799936239165618e+02,4.448195368853754772e+00,3.000846799800078291e+00,-5.374217666639405921e-01
1.442457176262752295e-03,6.955410436314348317e+02,4.447550531834064458e+00,3.000365712947105301e+00,-5.372830763271262411e-01
1.444202261864711238e-03,6.947031070825844381e+02,4.446905694814381249e+00,2.999884629168133365e+00,-5.371443871045074037e-01
1.445949458672334030e-03,6.938661827528798085e+02,4.446260857794785082e+00,2.999403548466941682e+00,-5.370056989974490991e-01
1.447698769239755528e-03,6.930302694190910415e+02,4.445616020775175592e+00,2.998922470847179778e+00,-5.368670120072797092e-01
1.449450196124205332e-03,6.921953658594578656e+02,4.444971183755450639e+00,2.998441396312498508e+00,-5.367283261353281709e-01
1.451203741886004971e-03,6.913614708541139180e+02,4.444326346735827826e+00,2.997960324866792092e+00,-5.365896413829940315e-01
1.452959409088573541e-03,6.905285831841312074e+02,4.443681509716109090e+00,2.997479256513650991e+00,-5.364509577515897965e-01
1.454717200298431606e-03,6.896967016324740598e+02,4.443036672696426770e+00,2.996998191256916577e+00,-5.363122752424996920e-01
1.456477118085205752e-03,6.888658249834696790e+02,4.442391835676827050e+00,2.996517129100366716e+00,-5.361735938570912907e-01
1.458239165021627502e-03,6.880359520227045778e+02,4.441746998657191803e+00,2.996036070047662925e+00,-5.360349135966985257e-01
1.460003343683544596e-03,6.872070815373398318e+02,4.441102161637487278e+00,2.995555014102537772e+00,-5.358962344626753138e-01
1.461769656649919901e-03,6.863792123162140797e+02,4.440457324617844037e+00,2.995073961268848173e+00,-5.357575564564126536e-01
1.463538106502836620e-03,6.855523431494264059e+02,4.439812487598235435e+00,2.994592911550339132e+00,-5.356188795792690138e-01
1.465308695827500889e-03,6.847264728283371369e+02,4.439167650578480284e+00,2.994111864950638857e+00,-5.354802038325711111e-01
1.467081427212248938e-03,6.839016001465017780e+02,4.438522813558965829e+00,2.993630821473814763e+00,-5.353415292177700069e-01
1.468856303248543401e-03,6.830777238979088679e+02,4.437877976539280844e+00,2.993149781123338293e+00,-5.352028557361477867e-01
1.470633326530986114e-03,6.822548428787414423e+02,4.437233139519595859e+00,2.992668743903114326e+00,-5.350641833891098820e-01
1.472412499657317457e-03,6.814329558864428691e+02,4.436588302499917980e+00,2.992187709816940266e+00,-5.349255121780320810e-01
1.474193825228419397e-03,6.806120617199262597e+02,4.435943465480280068e+00,2.991706678868629066e+00,-5.347868421042951681e-01
1.475977305848321340e-03,6.797921591793691505e+02,4.435298628460559556e+00,2.991225651061886648e+00,-5.346481731692488415e-01
1.477762944124203816e-03,6.789732470667236157e+02,4.434653791440890558e+00,2.990744626400614337e+00,-5.345095053742996427e-01
1.479550742666397613e-03,6.781553241852067231e+02,4.434008954421267745e+00,2.990263604888610427e+00,-5.343708387208255806e-01
1.481340704088395920e-03,6.773383893394028519e+02,4.433364117401619175e+00,2.989782586529636355e+00,-5.342321732101921183e-01
1.483132831006851943e-03,6.765224413354662829e+02,4.432719280381975047e+00,2.989301571327523277e+00,-5.340935088437878120e-01
1.484927126041584540e-03,6.757074789809190634e+02,4.432074443362301608e+00,2.988820559286071710e+00,-5.339548456229908924e-01
1.486723591815582342e-03,6.748935010848525735e+02,4.431429606342671690e+00,2.988339550409154111e+00,-5.338161835492021279e-01
1.488522230955008525e-03,6.740805064575243932e+02,4.430784769322940519e+00,2.987858544700493724e+00,-5.336775226237785441e-01
1.490323046089198859e-03,6.732684939110632740e+02,4.430139932303307049e+00,2.987377542164070032e+00,-5.335388628481514406e-01
1.492126039850674712e-03,6.724574622585629413e+02,4.429495095283596307e+00,2.986896542803592958e+00,-5.334002042236750674e-01
1.493931214875140892e-03,6.716474103149878374e+02,4.428850258263981488e+00,2.986415546623031325e+00,-5.332615467517786145e-01
1.495738573801490626e-03,6.708383368963691282e+02,4.428205421244340911e+00,2.985934553626145238e+00,-5.331228904338310981e-01
1.497548119271809898e-03,6.700302408203074265e+02,4.427560584224670137e+00,2.985453563816777844e+00,-5.329842352712269582e-01
1.499359853931382224e-03,6.692231209059696084e+02,4.426915747205069529e+00,2.984972577198865107e+00,-5.328455812653858370e-01
1.501173780428687347e-03,6.684169759735948446e+02,4.426270910185360563e+00,2.984491593776130713e+00,-5.327069284176684238e-01
1.502989901415413380e-03,6.676118048452856328e+02,4.425626073165709329e+00,2.984010613552564806e+00,-5.325682767295117914e-01
1.504808219546455075e-03,6.668076063443153316e+02,4.424981236146082075e+00,2.983529636532016749e+00,-5.324296262023118231e-01
1.506628737479919020e-03,6.660043792953267712e+02,4.424336399126405972e+00,2.983048662718303046e+00,-5.322909768374569639e-01
1.508451457877127552e-03,6.652021225245297273e+02,4.423691562106722763e+00,2.982567692115335234e+00,-5.321523286363623040e-01
1.510276383402624168e-03,6.644008348595017424e+02,4.423046725087032449e+00,2.982086724726999982e+00,-5.320136816004363833e-01
1.512103516724171365e-03,6.636005151292886239e+02,4.422401888067381215e+00,2.981605760557217266e+00,-5.318750357310982890e-01
1.513932860512763861e-03,6.628011621643046283e+02,4.421757051047773501e+00,2.981124799609886189e+00,-5.317363910297602247e-01
1.515764417442625996e-03,6.620027747962377589e+02,4.421112214028101839e+00,2.980643841888825474e+00,-5.315977474978123007e-01
1.517598190191217370e-03,6.612053518584367566e+02,4.420467377008462151e+00,2.980162887398008387e+00,-5.314591051366897023e-01
1.519434181439237178e-03,6.604088921855228591e+02,4.419822539988838450e+00,2.979681936141331811e+00,-5.313204639478058544e-01
1.521272393870627248e-03,6.596133946133923018e+02,4.419177702969104615e+00,2.979200988122614024e+00,-5.311818239325514224e-01
1.523112830172578111e-03,6.588188579796959630e+02,4.418532865949420518e+00,2.978720043345892687e+00,-5.310431850923806874e-01
1.524955493035526832e-03,6.580252811233575585e+02,4.417888028929835897e+00,2.978239101815125078e+00,-5.309045474287261701e-01
1.526800385153169589e-03,6.572326628843853769e+02,4.417243191910142919e+00,2.977758163534084179e+00,-5.307659109429667676e-01
1.528647509222460588e-03,6.564410021046356860e+02,4.416598354890499678e+00,2.977277228506820084e+00,-5.306272756365604248e-01
1.530496867943615747e-03,6.556502976270492127e+02,4.415953517870799594e+00,2.976796296737188818e+00,-5.304886415109122400e-01
1.532348464020120505e-03,6.548605482962224187e+02,4.415308680851154577e+00,2.976315368229215164e+00,-5.303500085674742737e-01
1.534202300158725050e-03,6.540717529580261953e+02,4.414663843831576173e+00,2.975834442986854178e+00,-5.302113768076787137e-01
1.536058379069459717e-03,6.532839104595155959e+02,4.414019006811899182e+00,2.975353521013932578e+00,-5.300727462329228867e-01
1.537916703465631949e-03,6.524970196493986805e+02,4.413374169792175117e+00,2.974872602314443171e+00,-5.299341168446509709e-01
1.539777276063831069e-03,6.517110793779413598e+02,4.412729332772590496e+00,2.974391686892489339e+00,-5.297954886443388967e-01
1.541640099583933268e-03,6.509260884962183127e+02,4.412084495752853996e+00,2.973910774751815644e+00,-5.296568616333607871e-01
1.543505176749105506e-03,6.501420458573305723e+02,4.411439658733202762e+00,2.973429865896567215e+00,-5.295182358132067835e-01
1.545372510285810503e-03,6.493589503154688600e+02,4.410794821713627023e+00,2.972948960330715540e+00,-5.293796111853155129e-01
1.547242102923805001e-03,6.485768007260093100e+02,4.410149984693954472e+00,2.972468058058108653e+00,-5.292409877510917404e-01
1.549113957396152340e-03,6.477955959459784481e+02,4.409505147674232184e+00,2.971987159082766450e+00,-5.291023655119904134e-01
1.550988076439221595e-03,6.470153348339590593e+02,4.408860310654651116e+00,2.971506263408822957e+00,-5.289637444694982316e-01
1.552864462792691476e-03,6.462360162493488360e+02,4.408215473634938597e+00,2.971025371040063146e+00,-5.288251246250037507e-01
1.554743119199557266e-03,6.454576390534722350e+02,4.407570636615274928e+00,2.970544481980625484e+00,-5.286865059799957800e-01
1.556624048406127789e-03,6.446802021087469257e+02,4.406925799595602378e+00,2.970063596234469028e+00,-5.285478885359127244e-01
1.558507253162039283e-03,6.439037042790546366e+02,4.406280962575942262e+00,2.969582713805618557e+00,-5.284092722942120846e-01
1.560392736220252586e-03,6.431281444296470227e+02,4.405636125556315008e+00,2.969101834698098852e+00,-5.282706572563524716e-01
1.562280500337059419e-03,6.423535214271475979e+02,4.404991288536733052e+00,2.968620958915942243e+00,-5.281320434237939399e-01
1.564170548272085862e-03,6.415798341392777502e+02,4.404346451516990335e+00,2.968140086463015859e+00,-5.279934307979494701e-01
1.566062882788296683e-03,6.408070814356760820e+02,4.403701614497339989e+00,2.967659217343534550e+00,-5.278548193803334065e-01
1.567957506652000767e-03,6.400352621869882341e+02,4.403056777477724282e+00,2.967178351561492011e+00,-5.277162091723958115e-01
1.569854422632848941e-03,6.392643752651406430e+02,4.402411940458027750e+00,2.966697489120836639e+00,-5.275776001755747568e-01
1.571753633503847423e-03,6.384944195437025201e+02,4.401767103438364082e+00,2.966216630025697576e+00,-5.274389923913599398e-01
1.573655142041356083e-03,6.377253938974337188e+02,4.401122266418705742e+00,2.965735774280097825e+00,-5.273003858212120809e-01
1.575558951025093218e-03,6.369572972024643605e+02,4.400477429399027862e+00,2.965254921888076822e+00,-5.271617804665955642e-01
1.577465063238141620e-03,6.361901283362966524e+02,4.399832592379324225e+00,2.964774072853683773e+00,-5.270231763289789928e-01
1.579373481466946625e-03,6.354238861779813305e+02,4.399187755359749374e+00,2.964293227181096668e+00,-5.268845734098679401e-01
1.581284208501328691e-03,6.346585696074944281e+02,4.398542918340095476e+00,2.963812384874226158e+00,-5.267459717106918182e-01
1.583197247134482746e-03,6.338941775064510011e+02,4.397898081320393615e+00,2.963331545937168965e+00,-5.266073712329329970e-01
1.585112600162982095e-03,6.331307087579245945e+02,4.397253244300768138e+00,2.962850710374094643e+00,-5.264687719780966058e-01
1.587030270386783834e-03,6.323681622460939025e+02,4.396608407281134667e+00,2.962369878189022199e+00,-5.263301739476436980e-01
1.588950260609232109e-03,6.316065368565090239e+02,4.395963570261431030e+00,2.961889049385990180e+00,-5.261915771430415445e-01
1.590872573637064835e-03,6.308458314762666532e+02,4.395318733241760256e+00,2.961408223969169917e+00,-5.260529815657959407e-01
1.592797212280409576e-03,6.300860449937454177e+02,4.394673896222175635e+00,2.960927401942695880e+00,-5.259143872174036893e-01
1.594724179352799594e-03,6.293271762984320503e+02,4.394029059202530618e+00,2.960446583310560431e+00,-5.257757940993188495e-01
1.596653477671169507e-03,6.285692242813590838e+02,4.393384222182849186e+00,2.959965768076886938e+00,-5.256372022130354482e-01
1.598585110055862450e-03,6.278121878349297731e+02,4.392739385163185517e+00,2.959484956245828968e+00,-5.254986115600552843e-01
1.600519079330634626e-03,6.270560658528291924e+02,4.392094548143543165e+00,2.959004147821505448e+00,-5.253600221418713856e-01
1.602455388322654006e-03,6.263008572299406751e+02,4.391449711123805777e+00,2.958523342807952261e+00,-5.252214339599531323e-01
1.604394039862513770e-03,6.255465608628630889e+02,4.390804874104185629e+00,2.958042541209450427e+00,-5.250828470158404038e-01
1.606335036784229493e-03,6.247931756491331043e+02,4.390160037084553935e+00,2.957561743030039825e+00,-5.249442613110043565e-01
1.608278381925245864e-03,6.240407004877442887e+02,4.389515200064892930e+00,2.957080948273840271e+00,-5.248056768469395728e-01
1.610224078126440157e-03,6.232891342790601357e+02,4.388870363045210610e+00,2.956600156945001334e+00,-5.246670936251491835e-01
1.612172128232126130e-03,6.225384759248134969e+02,4.388225526025555823e+00,2.956119369047705447e+00,-5.245285116471469777e-01
1.614122535090060538e-03,6.217887243279361655e+02,4.387580689005869949e+00,2.955638584586057771e+00,-5.243899309144240961e-01
1.616075301551440956e-03,6.210398783928997091e+02,4.386935851986272006e+00,2.955157803564306462e+00,-5.242513514285134235e-01
1.618030430470918145e-03,6.202919370252045610e+02,4.386291014966629653e+00,2.954677025986514494e+00,-5.241127731908946652e-01
1.619987924706596050e-03,6.195448991318060052e+02,4.385646177946926016e+00,2.954196251856833211e+00,-5.239741962030746159e-01
1.621947787120035052e-03,6.187987636211983045e+02,4.385001340927329849e+00,2.953715481179561397e+00,-5.238356204666017035e-01
1.623910020576260207e-03,6.180535294027363307e+02,4.384356503907619995e+00,2.953234713958711399e+00,-5.236970459829414226e-01
1.625874627943757131e-03,6.173091953874832143e+02,4.383711666887902147e+00,2.952753950198544697e+00,-5.235584727536327643e-01
1.627841612094486738e-03,6.165657604877850417e+02,4.383066829868264236e+00,2.952273189903310335e+00,-5.234199007802120551e-01
1.629810975903883078e-03,6.158232236171053273e+02,4.382421992848616554e+00,2.951792433077135680e+00,-5.232813300641796506e-01
1.631782722250858537e-03,6.150815836903597074e+02,4.381777155828995518e+00,2.951311679724244019e+00,-5.231427606070642167e-01
1.633756854017808608e-03,6.143408396235826103e+02,4.381132318809267012e+00,2.950830929848738293e+00,-5.230041924103598916e-01
1.635733374090615798e-03,6.136009903345097882e+02,4.380487481789636206e+00,2.950350183454977682e+00,-5.228656254756361976e-01
1.637712285358655911e-03,6.128620347417455605e+02,4.379842644769929905e+00,2.949869440547044697e+00,-5.227270598043819438e-01
1.639693590714795014e-03,6.121239717655948880e+02,4.379197807750316862e+00,2.949388701129282531e+00,-5.225884953981621006e-01
1.641677293055404186e-03,6.113868003273164504e+02,4.378552970730657634e+00,2.948907965205810555e+00,-5.224499322584775785e-01
1.643663395280356692e-03,6.106505193497015398e+02,4.377908133711016170e+00,2.948427232780902685e+00,-5.223113703868740298e-01
1.645651900293033845e-03,6.099151277567456191e+02,4.377263296691366712e+00,2.947946503858773326e+00,-5.221728097848797878e-01
1.647642811000329987e-03,6.091806244737280167e+02,4.376618459671671069e+00,2.947465778443632001e+00,-5.220342504540230744e-01
1.649636130312657914e-03,6.084470084273781367e+02,4.375973622652030492e+00,2.946985056539793923e+00,-5.218956923958635308e-01
1.651631861143945624e-03,6.077142785455467902e+02,4.375328785632381035e+00,2.946504338151462399e+00,-5.217571356119269366e-01
1.653630006411652359e-03,6.069824337574515312e+02,4.374683948612729800e+00,2.946023623282894910e+00,-5.216185801037558356e-01
1.655630569036764706e-03,6.062514729935959394e+02,4.374039111593069684e+00,2.945542911938344943e+00,-5.214800258728933269e-01
1.657633551943803098e-03,6.055213951857682559e+02,4.373394274573396245e+00,2.945062204122071314e+00,-5.213414729208825094e-01
1.659638958060826374e-03,6.047921992671239195e+02,4.372749437553761886e+00,2.944581499838383909e+00,-5.212029212492828023e-01
1.661646790319436760e-03,6.040638841719414813e+02,4.372104600534082230e+00,2.944100799091491361e+00,-5.210643708596246482e-01
1.663657051654779005e-03,6.033364488360267615e+02,4.371459763514478070e+00,2.943620101885762175e+00,-5.209258217534844526e-01
1.665669745005552956e-03,6.026098921962301347e+02,4.370814926494860586e+00,2.943139408225414755e+00,-5.207872739323964328e-01
1.667684873314012692e-03,6.018842131906875466e+02,4.370170089475136521e+00,2.942658718114669725e+00,-5.206487273978955832e-01
1.669702439525971296e-03,6.011594107590606200e+02,4.369525252455433773e+00,2.942178031557918683e+00,-5.205101821515656368e-01
1.671722446590806271e-03,6.004354838422161720e+02,4.368880415435810072e+00,2.941697348559498160e+00,-5.203716381949765601e-01
1.673744897461464315e-03,5.997124313820670523e+02,4.368235578416114429e+00,2.941216669123607019e+00,-5.202330955296574633e-01
1.675769795094460236e-03,5.989902523221298907e+02,4.367590741396486287e+00,2.940735993254653291e+00,-5.200945541571996289e-01
1.677797142449890177e-03,5.982689456069683729e+02,4.366945904376861698e+00,2.940255320956909113e+00,-5.199560140791539276e-01
1.679826942491429668e-03,5.975485101824319827e+02,4.366301067357182930e+00,2.939774652234651953e+00,-5.198174752970740053e-01
1.681859198186340344e-03,5.968289449958137993e+02,4.365656230337547683e+00,2.939293987092278737e+00,-5.196789378125484804e-01
1.683893912505472767e-03,5.961102489954552084e+02,4.365011393317849375e+00,2.938813325534039844e+00,-5.195404016271241154e-01
1.685931088423274016e-03,5.953924211312190664e+02,4.364366556298213240e+00,2.938332667564364620e+00,-5.194018667423992985e-01
1.687970728917784430e-03,5.946754603540176731e+02,4.363721719278558453e+00,2.937852013187535860e+00,-5.192633331599308955e-01
1.690012836970651924e-03,5.939593656160499222e+02,4.363076882258827283e+00,2.937371362407856346e+00,-5.191248008812813231e-01
1.692057415567130253e-03,5.932441358711098474e+02,4.362432045239253320e+00,2.936890715229855342e+00,-5.189862699080790565e-01
1.694104467696084431e-03,5.925297700736556408e+02,4.361787208219538137e+00,2.936410071657661991e+00,-5.188477402418378848e-01
1.696153996349995937e-03,5.918162671799738064e+02,4.361142371199882461e+00,2.935929431695792680e+00,-5.187092118841835076e-01
1.698206004524967921e-03,5.911036261473249169e+02,4.360497534180235668e+00,2.935448795348574613e+00,-5.185706848366873345e-01
1.700260495220722815e-03,5.903918459343326504e+02,4.359852697160637724e+00,2.934968162620410936e+00,-5.184321591009428687e-01
1.702317471440617947e-03,5.896809255007513002e+02,4.359207860141008695e+00,2.934487533515623081e+00,-5.182936346785206316e-01
1.704376936191641422e-03,5.889708638075442195e+02,4.358563023121230451e+00,2.934006908038504946e+00,-5.181551115709841504e-01
1.706438892484420360e-03,5.882616598174182627e+02,4.357918186101629843e+00,2.933526286193687049e+00,-5.180165897799933195e-01
1.708503343333223285e-03,5.875533124936762306e+02,4.357273349081929759e+00,2.933045667985358484e+00,-5.178780693070820229e-01
1.710570291755967275e-03,5.868458208013645390e+02,4.356628512062303393e+00,2.932565053418050738e+00,-5.177395501538825107e-01
1.712639740774215581e-03,5.861391837065085610e+02,4.355983675042677028e+00,2.932084442496108778e+00,-5.176010323219744080e-01
1.714711693413191722e-03,5.854334001764186723e+02,4.355338838023006254e+00,2.931603835223912213e+00,-5.174625158129476654e-01
1.716786152701777965e-03,5.847284691796903644e+02,4.354694001003283965e+00,2.931123231605873070e+00,-5.173240006284011150e-01
1.718863121672520311e-03,5.840243896863529471e+02,4.354049163983673587e+00,2.930642631646531271e+00,-5.171854867699717806e-01
1.720942603361633920e-03,5.833211606673438610e+02,4.353404326964031235e+00,2.930162035350204697e+00,-5.170469742392331813e-01
1.723024600809008964e-03,5.826187810950349331e+02,4.352759489944384441e+00,2.929681442721349338e+00,-5.169084630377978051e-01
1.725109117058207589e-03,5.819172499430067091e+02,4.352114652924736760e+00,2.929200853764399870e+00,-5.167699531672739210e-01
1.727196155156479748e-03,5.812165661859751253e+02,4.351469815904987826e+00,2.928720268483729683e+00,-5.166314446292511464e-01
1.729285718154760162e-03,5.805167288002371606e+02,4.350824978885360572e+00,2.928239686883947090e+00,-5.164929374253882655e-01
1.731377809107673962e-03,5.798177367629265291e+02,4.350180141865699568e+00,2.927759108969392621e+00,-5.163544315572670129e-01
1.733472431073542971e-03,5.791195890526097401e+02,4.349535304846040340e+00,2.927278534744549798e+00,-5.162159270265102018e-01
1.735569587114389398e-03,5.784222846491363725e+02,4.348890467826454831e+00,2.926797964213938119e+00,-5.160774238347520804e-01
1.737669280295935613e-03,5.777258225332699340e+02,4.348245630806729878e+00,2.926317397381863472e+00,-5.159389219835655016e-01
1.739771513687617599e-03,5.770302016874994706e+02,4.347600793787099960e+00,2.925836834252979468e+00,-5.158004214746239047e-01
1.741876290362583211e-03,5.763354210951558798e+02,4.346955956767446949e+00,2.925356274831676373e+00,-5.156619223095252336e-01
1.743983613397698251e-03,5.756414797409257744e+02,4.346311119747768181e+00,2.924875719122437712e+00,-5.155234244898942997e-01
1.746093485873550805e-03,5.749483766107795191e+02,4.345666282728113394e+00,2.924395167129793194e+00,-5.153849280173706804e-01
1.748205910874457529e-03,5.742561106918228688e+02,4.345021445708450614e+00,2.923914618858211689e+00,-5.152464328935758564e-01
1.750320891488461482e-03,5.735646809724448758e+02,4.344376608688801156e+00,2.923434074312212694e+00,-5.151079391201470736e-01
1.752438430807346653e-03,5.728740864421719152e+02,4.343731771669107289e+00,2.922953533496261969e+00,-5.149694466987052577e-01
1.754558531926636014e-03,5.721843260919565637e+02,4.343086934649504016e+00,2.922472996414971824e+00,-5.148309556309152990e-01
1.756681197945596934e-03,5.714953989136720338e+02,4.342442097629849229e+00,2.921992463072752066e+00,-5.146924659183836903e-01
1.758806431967247039e-03,5.708073039006184217e+02,4.341797260610189113e+00,2.921511933474165268e+00,-5.145539775627604451e-01
1.760934237098359416e-03,5.701200400472334877e+02,4.341152423590503240e+00,2.921031407623720266e+00,-5.144154905656829202e-01
1.763064616449459788e-03,5.694336063492368112e+02,4.340507586570828913e+00,2.920550885525983187e+00,-5.142770049288025724e-01
1.765197573134843437e-03,5.687480018035563489e+02,4.339862749551205212e+00,2.920070367185520155e+00,-5.141385206537729680e-01
1.767333110272570861e-03,5.680632254081887140e+02,4.339217912531527332e+00,2.919589852606800928e+00,-5.140000377422192512e-01
1.769471230984475145e-03,5.673792761625529693e+02,4.338573075511895638e+00,2.919109341794452916e+00,-5.138615561958131961e-01
1.771611938396165436e-03,5.666961530670653246e+02,4.337928238492211541e+00,2.918628834752952983e+00,-5.137230760161841658e-01
1.773755235637034964e-03,5.660138551235646673e+02,4.337283401472575406e+00,2.918148331486943636e+00,-5.135845972050081532e-01
1.775901125840256920e-03,5.653323813348866906e+02,4.336638564452890421e+00,2.917667832000919503e+00,-5.134461197639195174e-01
1.778049612142800721e-03,5.646517307052895376e+02,4.335993727433269385e+00,2.917187336299533751e+00,-5.133076436946000243e-01
1.780200697685428973e-03,5.639719022399590358e+02,4.335348890413558642e+00,2.916706844387255693e+00,-5.131691689986762617e-01
1.782354385612703977e-03,5.632928949456418195e+02,4.334704053393950929e+00,2.916226356268810438e+00,-5.130306956778507566e-01
1.784510679072992285e-03,5.626147078298744191e+02,4.334059216374243739e+00,2.915745871948636658e+00,-5.128922237337445456e-01
1.786669581218470982e-03,5.619373399017521251e+02,4.333414379354579182e+00,2.915265391431435926e+00,-5.127537531680529392e-01
1.788831095205125742e-03,5.612607901713708998e+02,4.332769542334911073e+00,2.914784914721775255e+00,-5.126152839824339447e-01
1.790995224192765351e-03,5.605850576501055684e+02,4.332124705315274937e+00,2.914304441824285608e+00,-5.124768161785642206e-01
1.793161971345019539e-03,5.599101413504714628e+02,4.331479868295649460e+00,2.913823972743564195e+00,-5.123383497581119883e-01
1.795331339829345924e-03,5.592360402861245348e+02,4.330835031275967140e+00,2.913343507484181139e+00,-5.121998847227355878e-01
1.797503332817033039e-03,5.585627534721369329e+02,4.330190194256374525e+00,2.912863046050862881e+00,-5.120614210741422090e-01
1.799677953483209232e-03,5.578902799244459629e+02,4.329545357236707304e+00,2.912382588448119591e+00,-5.119229588139742049e-01
1.801855205006837454e-03,5.572186186604056957e+02,4.328900520217016989e+00,2.911902134680622201e+00,-5.117844979439227782e-01
1.804035090570732611e-03,5.565477686985099126e+02,4.328255683197311576e+00,2.911421684753018546e+00,-5.116460384656710270e-01
1.806217613361558528e-03,5.558777290585303490e+02,4.327610846177684323e+00,2.910941238670023523e+00,-5.115075803809232546e-01
1.808402776569833798e-03,5.552084987611748375e+02,4.326966009157997561e+00,2.910460796436181941e+00,-5.113691236913351368e-01
1.810590583389937213e-03,5.545400768285652475e+02,4.326321172138324123e+00,2.909980358056209582e+00,-5.112306683986104217e-01
1.812781037020113608e-03,5.538724622839639551e+02,4.325676335118706639e+00,2.909499923534799137e+00,-5.110922145044487497e-01
1.814974140662472136e-03,5.532056541517072219e+02,4.325031498099082050e+00,2.909019492876570911e+00,-5.109537620105277789e-01
1.817169897523001005e-03,5.525396514573407103e+02,4.324386661079416605e+00,2.908539066086171854e+00,-5.108153109185341600e-01
1.819368310811565097e-03,5.518744532276864447e+02,4.323741824059769812e+00,2.908058643168329294e+00,-5.106768612301776367e-01
1.821569383741912908e-03,5.512100584906404492e+02,4.323096987040107031e+00,2.907578224127701283e+00,-5.105384129471483012e-01
1.823773119531680448e-03,5.505464662753081484e+02,4.322452150020425599e+00,2.907097808968972075e+00,-5.103999660711452391e-01
1.825979521402396879e-03,5.498836756120032305e+02,4.321807313000753048e+00,2.906617397696867222e+00,-5.102615206038778606e-01
1.828188592579490590e-03,5.492216855321810272e+02,4.321162475981093820e+00,2.906136990316083857e+00,-5.101230765470505801e-01
1.830400336292286158e-03,5.485604950684391952e+02,4.320517638961422158e+00,2.905656586831314669e+00,-5.099846339023642594e-01
1.832614755774021045e-03,5.479001032546499346e+02,4.319872801941814444e+00,2.905176187247329178e+00,-5.098461926715438519e-01
1.834831854261842130e-03,5.472405091256289325e+02,4.319227964922131235e+00,2.904695791568741914e+00,-5.097077528562696802e-01
1.837051634996812646e-03,5.465817117175985231e+02,4.318583127902463126e+00,2.904215399800346376e+00,-5.095693144582742473e-01
1.839274101223918904e-03,5.459237100678570869e+02,4.317938290882819885e+00,2.903735011946880107e+00,-5.094308774792738470e-01
1.841499256192067040e-03,5.452665032148452156e+02,4.317293453863186414e+00,2.903254628013068661e+00,-5.092924419209819975e-01
1.843727103154099494e-03,5.446100901981458264e+02,4.316648616843532515e+00,2.902774248003628710e+00,-5.091540077851111068e-01
1.845957645366792192e-03,5.439544700584846169e+02,4.316003779823804010e+00,2.902293871923269819e+00,-5.090155750733699191e-01
1.848190886090861264e-03,5.432996418379905208e+02,4.315358942804194520e+00,2.901813499776889849e+00,-5.088771437875234671e-01
1.850426828590967607e-03,5.426456045795437149e+02,4.314714105784491771e+00,2.901333131569090007e+00,-5.087387139292511851e-01
1.852665476135720996e-03,5.419923573275569879e+02,4.314069268764857412e+00,2.900852767304754831e+00,-5.086002855003144418e-01
1.854906831997688542e-03,5.413398991273264755e+02,4.313424431745183085e+00,2.900372406988575236e+00,-5.084618585024198723e-01
1.857150899453390144e-03,5.406882290254844747e+02,4.312779594725543397e+00,2.899892050625382467e+00,-5.083234329373143012e-01
1.859397681783315614e-03,5.400373460696770280e+02,4.312134757705876176e+00,2.899411698219912292e+00,-5.081850088067173532e-01
1.861647182271921426e-03,5.393872493088214242e+02,4.311489920686234711e+00,2.898931349776992850e+00,-5.080465861123768523e-01
1.863899404207637655e-03,5.387379377929131579e+02,4.310845083666603905e+00,2.898451005301407868e+00,-5.079081648560269668e-01
1.866154350882874699e-03,5.380894105730264982e+02,4.310200246646903821e+00,2.897970664797896223e+00,-5.077697450393893197e-01
1.868412025594020243e-03,5.374416667015703979e+02,4.309555409627236600e+00,2.897490328271339344e+00,-5.076313266642283883e-01
1.870672431641455741e-03,5.367947052319681234e+02,4.308910572607573819e+00,2.897009995726528953e+00,-5.074929097322822269e-01
1.872935572329553593e-03,5.361485252188491586e+02,4.308265735587954559e+00,2.896529667168308286e+00,-5.073544942453046547e-01
1.875201450966684086e-03,5.355031257178587794e+02,4.307620898568286449e+00,2.896049342601435317e+00,-5.072160802050241779e-01
1.877470070865219082e-03,5.348585057859125982e+02,4.306976061548609458e+00,2.895569022030765716e+00,-5.070776676131992788e-01
1.879741435341538954e-03,5.342146644810673024e+02,4.306331224528962665e+00,2.895088705461164036e+00,-5.069392564715909932e-01
1.882015547716037358e-03,5.335716008623970765e+02,4.305686387509265245e+00,2.894608392897410898e+00,-5.068008467819368201e-01
1.884292411313119283e-03,5.329293139903068095e+02,4.305041550489631774e+00,2.894128084344437024e+00,-5.066624385460174462e-01
1.886572029461217525e-03,5.322878029261555639e+02,4.304396713469993863e+00,2.893647779807045239e+00,-5.065240317655768099e-01
1.888854405492789443e-03,5.316470667325083923e+02,4.303751876450355951e+00,2.893167479290094768e+00,-5.063856264423767239e-01
1.891139542744324758e-03,5.310071044730095764e+02,4.303107039430667413e+00,2.892687182798413748e+00,-5.062472225781695645e-01
1.893427444556350543e-03,5.303679152125715746e+02,4.302462202411014403e+00,2.892206890336934233e+00,-5.061088201747391269e-01
1.895718114273430141e-03,5.297294980171237739e+02,4.301817365391372050e+00,2.891726601910518557e+00,-5.059704192338468909e-01
1.898011555244178772e-03,5.290918519536767235e+02,4.301172528371667525e+00,2.891246317523988196e+00,-5.058320197572467869e-01
1.900307770821260938e-03,5.284549760905690619e+02,4.300527691352029613e+00,2.890766037182326720e+00,-5.056936217467373762e-01
1.902606764361396922e-03,5.278188694970958750e+02,4.299882854332413018e+00,2.890285760890397793e+00,-5.055552252040836914e-01
1.904908539225368428e-03,5.271835312436338654e+02,4.299238017312736027e+00,2.889805488653036214e+00,-5.054168301310432154e-01
1.907213098778022704e-03,5.265489604018858927e+02,4.298593180293114990e+00,2.889325220475234879e+00,-5.052784365294188396e-01
1.909520446388279693e-03,5.259151560443913240e+02,4.297948343273379379e+00,2.888844956361779737e+00,-5.051400444009545021e-01
1.911830585429129432e-03,5.252821172451979237e+02,4.297303506253754790e+00,2.888364696317755609e+00,-5.050016537474812939e-01
1.914143519277648319e-03,5.246498430791292549e+02,4.296658669234116878e+00,2.887884440347991521e+00,-5.048632645707554767e-01
1.916459251314996505e-03,5.240183326222731921e+02,4.296013832214489625e+00,2.887404188457435517e+00,-5.047248768725699497e-01
1.918777784926424621e-03,5.233875849517389724e+02,4.295368995194797535e+00,2.886923940650965914e+00,-5.045864906546971840e-01
1.921099123501280714e-03,5.227575991458979843e+02,4.294724158175123208e+00,2.886443696933582714e+00,-5.044481059189451777e-01
1.923423270433007428e-03,5.221283742841432058e+02,4.294079321155445328e+00,2.885963457310221525e+00,-5.043097226671032773e-01
1.925750229119158486e-03,5.214999094470089176e+02,4.293434484135778106e+00,2.885483221785844599e+00,-5.041713409009690450e-01
1.928080002961396087e-03,5.208722037161713843e+02,4.292789647116167728e+00,2.885002990365443942e+00,-5.040329606223499237e-01
1.930412595365498061e-03,5.202452561742690023e+02,4.292144810096504948e+00,2.884522763053901873e+00,-5.038945818330221593e-01
1.932748009741362422e-03,5.196190659052010687e+02,4.291499973076840391e+00,2.884042539856231269e+00,-5.037562045347986350e-01
1.935086249503012142e-03,5.189936319939491796e+02,4.290855136057198926e+00,2.883562320777425025e+00,-5.036178287294882372e-01
1.937427318068602735e-03,5.183689535265169752e+02,4.290210299037518382e+00,2.883082105822420527e+00,-5.034794544188840870e-01
1.939771218860419227e-03,5.177450295901683148e+02,4.289565462017897346e+00,2.882601894996279501e+00,-5.033410816048156100e-01
1.942117955304892415e-03,5.171218592730126602e+02,4.288920624998170616e+00,2.882121688303873164e+00,-5.032027102890572756e-01
1.944467530832596916e-03,5.164994416646541140e+02,4.288275787978576226e+00,2.881641485750381371e+00,-5.030643404734735924e-01
1.946819948878257024e-03,5.158777758553671902e+02,4.287630950958909892e+00,2.881161287340658017e+00,-5.029259721598348110e-01
1.949175212880755381e-03,5.152568609367439194e+02,4.286986113939191156e+00,2.880681093079732413e+00,-5.027876053499632514e-01
1.951533326283127773e-03,5.146366960016338226e+02,4.286341276919607424e+00,2.880200902972762211e+00,-5.026492400457172049e-01
1.953894292532582216e-03,5.140172801435594465e+02,4.285696439899905563e+00,2.879720717024584875e+00,-5.025108762488649239e-01
1.956258115080494828e-03,5.133986124575927761e+02,4.285051602880304955e+00,2.879240535240394028e+00,-5.023725139612765789e-01
1.958624797382417862e-03,5.127806920394805275e+02,4.284406765860588884e+00,2.878760357625067101e+00,-5.022341531847315244e-01
1.960994342898082516e-03,5.121635179864581460e+02,4.283761928840954525e+00,2.878280184183793722e+00,-5.020957939211004861e-01
1.963366755091407179e-03,5.115470893965538721e+02,4.283117091821285527e+00,2.877800014921536587e+00,-5.019574361721883538e-01
1.965742037430502197e-03,5.109314053689942625e+02,4.282472254801582778e+00,2.877319849843354316e+00,-5.018190799398278834e-01
1.968120193387667711e-03,5.103164650042030530e+02,4.281827417781955525e+00,2.876839688954388574e+00,-5.016807252258780325e-01
1.970501226439410995e-03,5.097022674035138152e+02,4.281182580762332712e+00,2.876359532259654017e+00,-5.015423720321594558e-01
1.972885140066442129e-03,5.090888116694003429e+02,4.280537743742697465e+00,2.875879379764213262e+00,-5.014040203605085733e-01
1.975271937753683531e-03,5.084760969053622830e+02,4.279892906722972512e+00,2.875399231473088069e+00,-5.012656702127493702e-01
1.977661622990275168e-03,5.078641222162090685e+02,4.279248069703315061e+00,2.874919087391482719e+00,-5.011273215907597889e-01
1.980054199269571519e-03,5.072528867076619576e+02,4.278603232683710900e+00,2.874438947524480259e+00,-5.009889744963827996e-01
1.982449670089160218e-03,5.066423894864113322e+02,4.277958395664022362e+00,2.873958811877073583e+00,-5.008506289314363924e-01
1.984848038950857724e-03,5.060326296604567915e+02,4.277313558644353364e+00,2.873478680454449208e+00,-5.007122848977935137e-01
1.987249309360717558e-03,5.054236063387670583e+02,4.276668721624701242e+00,2.872998553261712384e+00,-5.005739423973057933e-01
1.989653484829034206e-03,5.048153186313930973e+02,4.276023884605058001e+00,2.872518430303978132e+00,-5.004356014318267487e-01
1.992060568870349622e-03,5.042077656494128064e+02,4.275379047585370351e+00,2.872038311586327275e+00,-5.002972620032019035e-01
1.994470565003458873e-03,5.036009465050978520e+02,4.274734210565713788e+00,2.871558197113948108e+00,-5.001589241133070907e-01
1.996883476751408395e-03,5.029948603116912977e+02,4.274089373546051895e+00,2.871078086891948544e+00,-5.000205877639953833e-01
1.999299307641512913e-03,5.023895061835731326e+02,4.273444536526422866e+00,2.870597980925497339e+00,-4.998822529571386730e-01
2.000000000000000042e-03,5.022142016196841041e+02,4.273257652491835756e+00,2.870458839368876802e+00,-4.998421616162727066e-01
2.001718061205352839e-03,5.017848832360953679e+02,4.272799699506752091e+00,2.870117879219689971e+00,-4.997439196945878681e-01
2.004139740978780337e-03,5.011809905858029310e+02,4.272154862487107962e+00,2.869637781779729835e+00,-4.996055879782256293e-01
2.006564350501927572e-03,5.005778273502123739e+02,4.271510025467446958e+00,2.869157688610747936e+00,-4.994672578099129123e-01
2.008991893319203668e-03,4.999753926479777419e+02,4.270865188447807270e+00,2.868677599717937010e+00,-4.993289291915309902e-01
2.011422372979311621e-03,4.993736855986698515e+02,4.270220351428066330e+00,2.868197515106380102e+00,-4.991906021249281622e-01
2.013855793035246138e-03,4.987727053232719072e+02,4.269575514408475492e+00,2.867717434781444918e+00,-4.990522766120365494e-01
2.016292157044299697e-03,4.981724509434089896e+02,4.268930677388836692e+00,2.867237358748166987e+00,-4.989139526546924053e-01
2.018731468568068631e-03,4.975729215819543469e+02,4.268285840369148154e+00,2.866757287011740818e+00,-4.987756302547781129e-01
2.021173731172457889e-03,4.969741163629167318e+02,4.267641003349494255e+00,2.866277219577424429e+00,-4.986373094141954287e-01
2.023618948427689281e-03,4.963760344112776579e+02,4.266996166329864337e+00,2.865797156450417216e+00,-4.984989901348290675e-01
2.026067123908296269e-03,4.957786748529926513e+02,4.266351329310159812e+00,2.865317097635853738e+00,-4.983606724185458137e-01
2.028518261193144791e-03,4.951820368153154845e+02,4.265706492290540552e+00,2.864837043139074169e+00,-4.982223562672717376e-01
2.030972363865427184e-03,4.945861194262570848e+02,4.265061655270850238e+00,2.864356992965180648e+00,-4.980840416828659079e-01
2.033429435512670424e-03,4.939909218151259438e+02,4.264416818251188346e+00,2.863876947119483596e+00,-4.979457286672464567e-01
2.035889479726745235e-03,4.933964431122047927e+02,4.263771981231577080e+00,2.863396905607229481e+00,-4.978074172223148630e-01
2.038352500103860453e-03,4.928026824486961459e+02,4.263127144211896535e+00,2.862916868433573736e+00,-4.976691073499459050e-01
2.040818500244581668e-03,4.922096389569922508e+02,4.262482307192170694e+00,2.862436835603785479e+00,-4.975307990520477786e-01
2.043287483753829063e-03,4.916173117706193807e+02,4.261837470172525677e+00,2.861956807123211544e+00,-4.973924923305520496e-01
2.045759454240883915e-03,4.910257000239719218e+02,4.261192633152889542e+00,2.861476782997060209e+00,-4.972541871873498165e-01
2.048234415319393365e-03,4.904348028525781160e+02,4.260547796133285381e+00,2.860996763230617024e+00,-4.971158836243564361e-01
2.050712370607377360e-03,4.898446193928895127e+02,4.259902959113604837e+00,2.860516747829075168e+00,-4.969775816434595650e-01
2.053193323727234287e-03,4.892551487825440404e+02,4.259258122093894983e+00,2.860036736797751722e+00,-4.968392812465840525e-01
2.055677278305738809e-03,4.886663901602605051e+02,4.258613285074245525e+00,2.859556730142000625e+00,-4.967009824356647951e-01
2.058164237974060076e-03,4.880783426657325208e+02,4.257968448054676891e+00,2.859076727867125634e+00,-4.965626852126249768e-01
2.060654206367756522e-03,4.874910054394725876e+02,4.257323611034961708e+00,2.858596729978263529e+00,-4.964243895793374883e-01
2.063147187126787140e-03,4.869043776233890526e+02,4.256678774015268729e+00,2.858116736480847297e+00,-4.962860955377615957e-01
2.065643183895514955e-03,4.863184583603124906e+02,4.256033936995643252e+00,2.857636747380216669e+00,-4.961478030898319180e-01
2.068142200322706584e-03,4.857332467939461367e+02,4.255389099975944944e+00,2.857156762681589690e+00,-4.960095122374470478e-01
2.070644240061548288e-03,4.851487420692811838e+02,4.254744262956316803e+00,2.856676782390398905e+00,-4.958712229825675277e-01
2.073149306769644668e-03,4.845649433321299284e+02,4.254099425936665568e+00,2.856196806511908992e+00,-4.957329353271068828e-01
2.075657404109025172e-03,4.839818497294364192e+02,4.253454588917010781e+00,2.855716835051468561e+00,-4.955946492730032293e-01
2.078168535746149730e-03,4.833994604091732299e+02,4.252809751897364876e+00,2.855236868014435991e+00,-4.954563648221971817e-01
2.080682705351912659e-03,4.828177745202893902e+02,4.252164914877687885e+00,2.854756905406128809e+00,-4.953180819766196397e-01
2.083199916601653507e-03,4.822367912128653984e+02,4.251520077858049085e+00,2.854276947231960015e+00,-4.951798007382274269e-01
2.085720173175150110e-03,4.816565096378563453e+02,4.250875240838349001e+00,2.853796993497218715e+00,-4.950415211089436718e-01
2.088243478756639411e-03,4.810769289473990966e+02,4.250230403818665792e+00,2.853317044207330788e+00,-4.949032430907313596e-01
2.090769837034813557e-03,4.804980482946582470e+02,4.249585566799074954e+00,2.852837099367737217e+00,-4.947649666855569173e-01
2.093299251702826404e-03,4.799198668335726552e+02,4.248940729779378422e+00,2.852357158983668484e+00,-4.946266918953283742e-01
2.095831726458303058e-03,4.793423837194144994e+02,4.248295892759725412e+00,2.851877223060625965e+00,-4.944884187220316973e-01
2.098367265003334235e-03,4.787655981082809831e+02,4.247651055740043979e+00,2.851397291603955608e+00,-4.943501471676073344e-01
2.100905871044497081e-03,4.781895091574495495e+02,4.247006218720443371e+00,2.850917364619142802e+00,-4.942118772340381438e-01
2.103447548292850400e-03,4.776141160250238045e+02,4.246361381700818782e+00,2.850437442111515729e+00,-4.940736089232615202e-01
2.105992300463942462e-03,4.770394178701865258e+02,4.245716544681131133e+00,2.849957524086465188e+00,-4.939353422372326219e-01
2.108540131277816636e-03,4.764654138532490606e+02,4.245071707661471017e+00,2.849477610549481454e+00,-4.937970771779373047e-01
2.111091044459016599e-03,4.758921031354003048e+02,4.244426870641774485e+00,2.848997701505945113e+00,-4.936588137473287841e-01
2.113645043736595442e-03,4.753194848790071205e+02,4.243782033622160554e+00,2.848517796961380633e+00,-4.935205519474036295e-01
2.116202132844109164e-03,4.747475582472151245e+02,4.243137196602488892e+00,2.848037896921128631e+00,-4.933822917801040098e-01
2.118762315519638791e-03,4.741763224043480136e+02,4.242492359582803907e+00,2.847558001390669169e+00,-4.932440332474152811e-01
2.121325595505784301e-03,4.736057765157567587e+02,4.241847522563171324e+00,2.847078110375507176e+00,-4.931057763513281844e-01
2.123891976549674605e-03,4.730359197476718691e+02,4.241202685543511208e+00,2.846598223881048995e+00,-4.929675210938067043e-01
2.126461462402973179e-03,4.724667512674016052e+02,4.240557848523821782e+00,2.846118341912758254e+00,-4.928292674768318671e-01
2.129034056821876332e-03,4.718982702433310124e+02,4.239913011504182982e+00,2.845638464476174079e+00,-4.926910155024060156e-01
2.131609763567130552e-03,4.713304758447254130e+02,4.239268174484532636e+00,2.845158591576729012e+00,-4.925527651725025158e-01
2.134188586404029905e-03,4.707633672419270852e+02,4.238623337464892060e+00,2.844678723219929761e+00,-4.924145164891162718e-01
2.136770529102424709e-03,4.701969436062086629e+02,4.237978500445199970e+00,2.844198859411227076e+00,-4.922762694542252015e-01
2.139355595436725436e-03,4.696312041099677685e+02,4.237333663425535413e+00,2.843719000156180954e+00,-4.921380240698410846e-01
2.141943789185907915e-03,4.690661479265313574e+02,4.236688826405899277e+00,2.843239145460300321e+00,-4.919997803379606571e-01
2.144535114133523743e-03,4.685017742302065358e+02,4.236043989386266695e+00,2.842759295329085223e+00,-4.918615382605786568e-01
2.147129574067693780e-03,4.679380821962790264e+02,4.235399152366595033e+00,2.842279449768022825e+00,-4.917232978396862131e-01
2.149727172781129396e-03,4.673750710011102569e+02,4.234754315346931364e+00,2.841799608782679787e+00,-4.915850590772982143e-01
2.152327914071127269e-03,4.668127398219927500e+02,4.234109478327245490e+00,2.841319772378569031e+00,-4.914468219754147826e-01
2.154931801739578927e-03,4.662510878372941647e+02,4.233464641307608467e+00,2.840839940561283417e+00,-4.913085865360594107e-01
2.157538839592974649e-03,4.656901142262649387e+02,4.232819804287956345e+00,2.840360113336326542e+00,-4.911703527612302778e-01
2.160149031442412139e-03,4.651298181692310436e+02,4.232174967268322874e+00,2.839880290709280608e+00,-4.910321206529484339e-01
2.162762381103594360e-03,4.645701988474023096e+02,4.231530130248625454e+00,2.839400472685643884e+00,-4.908938902132117810e-01
2.165378892396845143e-03,4.640112554431579497e+02,4.230885293228985766e+00,2.838920659271075841e+00,-4.907556614440649057e-01
2.167998569147109623e-03,4.634529871396668455e+02,4.230240456209290123e+00,2.838440850471071197e+00,-4.906174343475053212e-01
2.170621415183959443e-03,4.628953931212661814e+02,4.229595619189644218e+00,2.837961046291288980e+00,-4.904792089255789467e-01
2.173247434341599692e-03,4.623384725731309572e+02,4.228950782169974332e+00,2.837481246737265650e+00,-4.903409851802956743e-01
2.175876630458875409e-03,4.617822246815100016e+02,4.228305945150319545e+00,2.837001451814623376e+00,-4.902027631136926522e-01
2.178509007379271153e-03,4.612266486336309299e+02,4.227661108130704726e+00,2.836521661528986549e+00,-4.900645427278052524e-01
2.181144568950925747e-03,4.606717436175607645e+02,4.227016271110993095e+00,2.836041875885861874e+00,-4.899263240246383710e-01
2.183783319026632707e-03,4.601175088226262915e+02,4.226371434091372059e+00,2.835562094891006968e+00,-4.897881070062676812e-01
2.186425261463845887e-03,4.595639434388997415e+02,4.225726597071755464e+00,2.835082318549979163e+00,-4.896498916747130670e-01
2.189070400124686847e-03,4.590110466574335533e+02,4.225081760052059821e+00,2.834602546868347783e+00,-4.895116780319971328e-01
2.191718738875950926e-03,4.584588176704455691e+02,4.224436923032420133e+00,2.834122779851848239e+00,-4.893734660801918324e-01
2.194370281589104639e-03,4.579072556709467676e+02,4.223792086012757352e+00,2.833643017506069839e+00,-4.892352558213264313e-01
2.197025032140306061e-03,4.573563598530200807e+02,4.223147248993107006e+00,2.833163259836685821e+00,-4.890970472574562300e-01
2.199682994410399189e-03,4.568061294116363911e+02,4.222502411973405145e+00,2.832683506849305477e+00,-4.889588403906177660e-01
2.202344172284923917e-03,4.562565635428829296e+02,4.221857574953749470e+00,2.832203758549671324e+00,-4.888206352228862128e-01
2.205008569654119937e-03,4.557076614436891759e+02,4.221212737934096459e+00,2.831724014943414858e+00,-4.886824317563067677e-01
2.207676190412936716e-03,4.551594223120092693e+02,4.220567900914457660e+00,2.831244276036228857e+00,-4.885442299929406151e-01
2.210347038461028726e-03,4.546118453466852998e+02,4.219923063894753135e+00,2.830764541833736381e+00,-4.884060299348307321e-01
2.213021117702774088e-03,4.540649297477215782e+02,4.219278226875132987e+00,2.830284812341738121e+00,-4.882678315840721095e-01
2.215698432047273278e-03,4.535186747158278990e+02,4.218633389855434679e+00,2.829805087565815835e+00,-4.881296349426960113e-01
2.218378985408356058e-03,4.529730794529207287e+02,4.217988552835783445e+00,2.829325367511766220e+00,-4.879914400127972063e-01
2.221062781704585820e-03,4.524281431617594080e+02,4.217343715816158856e+00,2.828845652185288717e+00,-4.878532467964419306e-01
2.223749824859270856e-03,4.518838650459924793e+02,4.216698878796456995e+00,2.828365941592023702e+00,-4.877150552956802665e-01
2.226440118800457422e-03,4.513402443104725990e+02,4.216054041776854611e+00,2.827886235737828269e+00,-4.875768655126263562e-01
2.229133667460951422e-03,4.507972801607169231e+02,4.215409204757179396e+00,2.827406534628311263e+00,-4.874386774493217334e-01
2.231830474778314505e-03,4.502549718034459829e+02,4.214764367737552142e+00,2.826926838269296027e+00,-4.873004911078713253e-01
2.234530544694871435e-03,4.497133184461358155e+02,4.214119530717844953e+00,2.826447146666441146e+00,-4.871623064903322642e-01
2.237233881157717034e-03,4.491723192974636163e+02,4.213474693698225693e+00,2.825967459825621919e+00,-4.870241235988255202e-01
2.239940488118723552e-03,4.486319735668190560e+02,4.212829856678569129e+00,2.825487777752507146e+00,-4.868859424354121668e-01
2.242650369534536763e-03,4.480922804646594386e+02,4.212185019658882368e+00,2.825008100452870430e+00,-4.867477630021853074e-01
2.245363529366596785e-03,4.475532392024650221e+02,4.211540182639259555e+00,2.824528427932556429e+00,-4.866095853012570305e-01
2.248079971581133738e-03,4.470148489924733326e+02,4.210895345619557695e+00,2.824048760197240160e+00,-4.864714093346934609e-01
2.250799700149175124e-03,4.464771090481216334e+02,4.210250508599930441e+00,2.823569097252826232e+00,-4.863332351046250057e-01
2.253522719046554493e-03,4.459400185836050809e+02,4.209605671580300523e+00,2.823089439105053611e+00,-4.861950626131369413e-01
2.256249032253916219e-03,4.454035768140545315e+02,4.208960834560579123e+00,2.822609785759655043e+00,-4.860568918623119905e-01
2.258978643756714196e-03,4.448677829557536825e+02,4.208315997540912790e+00,2.822130137222555568e+00,-4.859187228542891646e-01
2.261711557545230487e-03,4.443326362257896562e+02,4.207671160521287312e+00,2.821650493499555434e+00,-4.857805555911726691e-01
2.264447777614572287e-03,4.437981358421409368e+02,4.207026323501613874e+00,2.821170854596417144e+00,-4.856423900750544420e-01
2.267187307964680602e-03,4.432642810238947391e+02,4.206381486482003496e+00,2.820691220519053299e+00,-4.855042263080727172e-01
2.269930152600335010e-03,4.427310709908562671e+02,4.205736649462297194e+00,2.820211591273182883e+00,-4.853660642923088298e-01
2.272676315531162346e-03,4.421985049640251191e+02,4.205091812442636190e+00,2.819731966864759798e+00,-4.852279040299121160e-01
2.275425800771633655e-03,4.416665821652061368e+02,4.204446975423001831e+00,2.819252347299617156e+00,-4.850897455229992716e-01
2.278178612341084149e-03,4.411353018171383837e+02,4.203802138403364808e+00,2.818772732583594287e+00,-4.849515887736879360e-01
2.280934754263708002e-03,4.406046631434541041e+02,4.203157301383639854e+00,2.818293122722496769e+00,-4.848134337840864228e-01
2.283694230568568753e-03,4.400746653689762411e+02,4.202512464364049016e+00,2.817813517722360217e+00,-4.846752805563712130e-01
2.286457045289604084e-03,4.395453077191211264e+02,4.201867627344398670e+00,2.817333917588922709e+00,-4.845371290926320240e-01
2.289223202465632320e-03,4.390165894204107531e+02,4.201222790324700362e+00,2.816854322328080862e+00,-4.843989793950057021e-01
2.291992706140359801e-03,4.384885097003868850e+02,4.200577953305066892e+00,2.816374731945813892e+00,-4.842608314656527413e-01
2.294765560362377853e-03,4.379610677873139366e+02,4.199933116285359702e+00,2.815895146447917163e+00,-4.841226853066830649e-01
2.297541769185183162e-03,4.374342629106028539e+02,4.199288279265696033e+00,2.815415565840391654e+00,-4.839845409202633286e-01
2.300321336667174310e-03,4.369080943004723281e+02,4.198643442246044799e+00,2.814935990129127763e+00,-4.838463983085316555e-01
2.303104266871658715e-03,4.363825611880765223e+02,4.197998605226382907e+00,2.814456419320033653e+00,-4.837082574736297214e-01
2.305890563866862600e-03,4.358576628055878928e+02,4.197353768206792957e+00,2.813976853419101865e+00,-4.835701184177251255e-01
2.308680231725927096e-03,4.353333983859045588e+02,4.196708931187113301e+00,2.813497292432147301e+00,-4.834319811429353408e-01
2.311473274526927753e-03,4.348097671630687273e+02,4.196064094167446079e+00,2.813017736365190924e+00,-4.832938456514367376e-01
2.314269696352871074e-03,4.342867683719734373e+02,4.195419257147802838e+00,2.812538185224197296e+00,-4.831557119453900873e-01
2.317069501291704053e-03,4.337644012483636971e+02,4.194774420128105419e+00,2.812058639015064365e+00,-4.830175800269377318e-01
2.319872693436318516e-03,4.332426650290848329e+02,4.194129583108495929e+00,2.811579097743863276e+00,-4.828794498982728056e-01
2.322679276884558053e-03,4.327215589516686123e+02,4.193484746088820714e+00,2.811099561416459558e+00,-4.827413215615287689e-01
2.325489255739226699e-03,4.322010822547471207e+02,4.192839909069152604e+00,2.810620030038882167e+00,-4.826031950188876540e-01
2.328302634108084159e-03,4.316812341778040718e+02,4.192195072049475613e+00,2.810140503617111207e+00,-4.824650702725176155e-01
2.331119416103867494e-03,4.311620139612991238e+02,4.191550235029848359e+00,2.809660982157183184e+00,-4.823269473246039607e-01
2.333939605844286350e-03,4.306434208465034885e+02,4.190905398010193572e+00,2.809181465665046229e+00,-4.821888261773056850e-01
2.336763207452032497e-03,4.301254540756638676e+02,4.190260560990509475e+00,2.808701954146706647e+00,-4.820507068328012679e-01
2.339590225054787639e-03,4.296081128919616958e+02,4.189615723970817385e+00,2.808222447608200056e+00,-4.819125892932759059e-01
2.342420662785220375e-03,4.290913965395122318e+02,4.188970886951163486e+00,2.807742946055581612e+00,-4.817744735609232332e-01
2.345254524781004851e-03,4.285753042633247674e+02,4.188326049931566430e+00,2.807263449494902474e+00,-4.816363596379339973e-01
2.348091815184819887e-03,4.280598353091811532e+02,4.187681212911877893e+00,2.806783957932085904e+00,-4.814982475264641959e-01
2.350932538144355488e-03,4.275449889239991421e+02,4.187036375892221329e+00,2.806304471373273213e+00,-4.813601372287330538e-01
2.353776697812320212e-03,4.270307643554699553e+02,4.186391538872554996e+00,2.805824989824487581e+00,-4.812220287469254898e-01
2.356624298346445510e-03,4.265171608522189786e+02,4.185746701852865570e+00,2.805345513291779724e+00,-4.810839220832357488e-01
2.359475343909496134e-03,4.260041776638851161e+02,4.185101864833275620e+00,2.804866041781308716e+00,-4.809458172398897169e-01
2.362329838669265797e-03,4.254918140407621650e+02,4.184457027813589747e+00,2.804386575299004480e+00,-4.808077142190468889e-01
2.365187786798596259e-03,4.249800692343169999e+02,4.183812190793947394e+00,2.803907113851055843e+00,-4.806696130229430874e-01
2.368049192475377325e-03,4.244689424967512537e+02,4.183167353774273067e+00,2.803427657443496646e+00,-4.805315136537691156e-01
2.370914059882551182e-03,4.239584330812798498e+02,4.182522516754636044e+00,2.802948206082474858e+00,-4.803934161137506376e-01
2.373782393208124543e-03,4.234485402418933404e+02,4.181877679734938624e+00,2.802468759774024765e+00,-4.802553204050786784e-01
2.376654196645162139e-03,4.229392632336736710e+02,4.181232842715327358e+00,2.801989318524365391e+00,-4.801172265300007735e-01
2.379529474391810142e-03,4.224306013123994035e+02,4.180588005695689446e+00,2.801509882339535906e+00,-4.799791344907108903e-01
2.382408230651290090e-03,4.219225537348229977e+02,4.179943168676004461e+00,2.801030451225647422e+00,-4.798410442894260330e-01
2.385290469631908862e-03,4.214151197586298849e+02,4.179298331656302601e+00,2.800551025188857235e+00,-4.797029559283757516e-01
2.388176195547065186e-03,4.209082986424388082e+02,4.178653494636654919e+00,2.800071604235359501e+00,-4.795648694098018083e-01
2.391065412615254408e-03,4.204020896456839864e+02,4.178008657617031218e+00,2.799592188371284429e+00,-4.794267847359267032e-01
2.393958125060078462e-03,4.198964920286558709e+02,4.177363820597351562e+00,2.799112777602727586e+00,-4.792887019089653866e-01
2.396854337110240242e-03,4.193915050526554182e+02,4.176718983577688782e+00,2.798633371935906666e+00,-4.791506209311671149e-01
2.399754052999568312e-03,4.188871279798000842e+02,4.176074146558013567e+00,2.798153971376974081e+00,-4.790125418047632699e-01
2.402657276967008673e-03,4.183833600731787783e+02,4.175429309538400524e+00,2.797674575932164842e+00,-4.788744645320097693e-01
2.405564013256636467e-03,4.178802005965821991e+02,4.174784472518685341e+00,2.797195185607541212e+00,-4.787363891151131257e-01
2.408474266117663787e-03,4.173776488150025443e+02,4.174139635499100720e+00,2.796715800409472763e+00,-4.785983155563693914e-01
2.411388039804436643e-03,4.168757039939808919e+02,4.173494798479443268e+00,2.796236420344008877e+00,-4.784602438579822481e-01
2.414305338576453602e-03,4.163743654001443701e+02,4.172849961459763612e+00,2.795757045417401443e+00,-4.783221740222139973e-01
2.417226166698366232e-03,4.158736323009756575e+02,4.172205124440078627e+00,2.795277675635873038e+00,-4.781841060513210562e-01
2.420150528439982997e-03,4.153735039648515794e+02,4.171560287420412294e+00,2.794798311005670222e+00,-4.780460399475648936e-01
2.423078428076280537e-03,4.148739796610053077e+02,4.170915450400755731e+00,2.794318951533017348e+00,-4.779079757132019823e-01
2.426009869887404968e-03,4.143750586595634786e+02,4.170270613381108937e+00,2.793839597224154314e+00,-4.777699133504949014e-01
2.428944858158684893e-03,4.138767402315471600e+02,4.169625776361493230e+00,2.793360248085343223e+00,-4.776318528617115033e-01
2.431883397180624462e-03,4.133790236487207039e+02,4.168980939341748737e+00,2.792880904122721386e+00,-4.774937942490855569e-01
2.434825491248926790e-03,4.128819081840436525e+02,4.168336102322124148e+00,2.792401565342738312e+00,-4.773557375149397042e-01
2.437771144664489624e-03,4.123853931110682538e+02,4.167691265302500447e+00,2.791922231751567729e+00,-4.772176826615205369e-01
2.440720361733412710e-03,4.118894777042789315e+02,4.167046428282825232e+00,2.791442903355454419e+00,-4.770796296910926881e-01
2.443673146767009509e-03,4.113941612391285503e+02,4.166401591263166893e+00,2.790963580160732427e+00,-4.769415786059491014e-01
2.446629504081800251e-03,4.108994429918520268e+02,4.165756754243473026e+00,2.790484262173655861e+00,-4.768035294083585174e-01
2.449589437999535792e-03,4.104053222396523779e+02,4.165111917223812021e+00,2.790004949400577416e+00,-4.766654821006200415e-01
2.452552952847192845e-03,4.099117982605516204e+02,4.164467080204185656e+00,2.789525641847800497e+00,-4.765274366850195675e-01
2.455520052956982214e-03,4.094188703333924195e+02,4.163822243184517546e+00,2.789046339521589868e+00,-4.763893931638308321e-01
2.458490742666356171e-03,4.089265377379839492e+02,4.163177406164869865e+00,2.788567042428311105e+00,-4.762513515393578811e-01
2.461465026318015396e-03,4.084347997549194815e+02,4.162532569145176886e+00,2.788087750574249846e+00,-4.761133118138825004e-01
2.464442908259915042e-03,4.079436556657950064e+02,4.161887732125561179e+00,2.787608463965832506e+00,-4.759752739897276652e-01
2.467424392845264745e-03,4.074531047529172270e+02,4.161242895105933037e+00,2.787129182609338951e+00,-4.758372380691738290e-01
2.470409484432546827e-03,4.069631462995226912e+02,4.160598058086280915e+00,2.786649906511118324e+00,-4.756992040545225953e-01
2.473398187385514573e-03,4.064737795897052024e+02,4.159953221066589713e+00,2.786170635677513996e+00,-4.755611719480760669e-01
2.476390506073200895e-03,4.059850039084878972e+02,4.159308384046924267e+00,2.785691370114947940e+00,-4.754231417521561642e-01
2.479386444869925710e-03,4.054968185416783513e+02,4.158663547027243723e+00,2.785212109829764415e+00,-4.752851134690663226e-01
2.482386008155294636e-03,4.050092227760131323e+02,4.158018710007598706e+00,2.784732854828388948e+00,-4.751470871011310160e-01
2.485389200314218946e-03,4.045222158990495700e+02,4.157373872987982111e+00,2.784253605117204877e+00,-4.750090626506654479e-01
2.488396025736912091e-03,4.040357971991301724e+02,4.156729035968286468e+00,2.783774360702534256e+00,-4.748710401199672804e-01
2.491406488818898382e-03,4.035499659656702534e+02,4.156084198948686748e+00,2.783295121590915855e+00,-4.747330195113959594e-01
2.494420593961020789e-03,4.030647214886548113e+02,4.155439361928978670e+00,2.782815887788609555e+00,-4.745950008272322718e-01
2.497438345569446150e-03,4.025800630591766662e+02,4.154794524909281250e+00,2.782336659302133253e+00,-4.744569840698317220e-01
2.500459748055673843e-03,4.020959899691494002e+02,4.154149687889674425e+00,2.781857436137972872e+00,-4.743189692415411551e-01
2.503484805836532750e-03,4.016125015111655898e+02,4.153504850870001874e+00,2.781378218302449579e+00,-4.741809563446607312e-01
2.506513523334204241e-03,4.011295969788525895e+02,4.152860013850339982e+00,2.780899005802072832e+00,-4.740429453815444005e-01
2.509545904976215238e-03,4.006472756666238411e+02,4.152215176830681642e+00,2.780419798643286811e+00,-4.739049363545295712e-01
2.512581955195449489e-03,4.001655368697495874e+02,4.151570339811025079e+00,2.779940596832553457e+00,-4.737669292659579257e-01
2.515621678430157541e-03,3.996843798843569857e+02,4.150925502791372068e+00,2.779461400376346258e+00,-4.736289241181753651e-01
2.518665079123950674e-03,3.992038040074300511e+02,4.150280665771739486e+00,2.778982209281151583e+00,-4.734909209135332309e-01
2.521712161725822576e-03,3.987238085367395684e+02,4.149635828752050948e+00,2.778503023553402507e+00,-4.733529196543659889e-01
2.524762930690149353e-03,3.982443927710186244e+02,4.148990991732389055e+00,2.778023843199654230e+00,-4.732149203430455198e-01
2.527817390476693859e-03,3.977655560097865077e+02,4.148346154712755585e+00,2.777544668226404223e+00,-4.730769229819278276e-01
2.530875545550615238e-03,3.972872975533505837e+02,4.147701317693067047e+00,2.777065498640105545e+00,-4.729389275733550391e-01
2.533937400382474999e-03,3.968096167029784738e+02,4.147056480673401602e+00,2.776586334447329829e+00,-4.728009341197056958e-01
2.537002959448244385e-03,3.963325127607255354e+02,4.146411643653754808e+00,2.776107175654600745e+00,-4.726629426233444065e-01
2.540072227229303072e-03,3.958559850294692524e+02,4.145766806634100909e+00,2.775628022268431749e+00,-4.725249530866327818e-01
2.543145208212460422e-03,3.953800328129440800e+02,4.145121969614426582e+00,2.775148874295353174e+00,-4.723869655119395938e-01
2.546221906889949409e-03,3.949046554157749824e+02,4.144477132594792224e+00,2.774669731741957523e+00,-4.722489799016507672e-01
2.549302327759440066e-03,3.944298521433070732e+02,4.143832295575085922e+00,2.774190594614723171e+00,-4.721109962581194197e-01
2.552386475324044685e-03,3.939556223019466188e+02,4.143187458555506630e+00,2.773711462920358528e+00,-4.719730145837675028e-01
2.555474354092316519e-03,3.934819651986491635e+02,4.142542621535856284e+00,2.773232336665288233e+00,-4.718350348809339789e-01
2.558565968578270164e-03,3.930088801413637043e+02,4.141897784516147318e+00,2.772753215856105236e+00,-4.716970571520079925e-01
2.561661323301379824e-03,3.925363664389297469e+02,4.141252947496470327e+00,2.772274100499462879e+00,-4.715590813993961739e-01
2.564760422786586253e-03,3.920644234009741922e+02,4.140608110476846626e+00,2.771794990601974096e+00,-4.714211076254942179e-01
2.567863271564305421e-03,3.915930503378460230e+02,4.139963273457150095e+00,2.771315886170149234e+00,-4.712831358326688980e-01
2.570969874170433728e-03,3.911222465609526466e+02,4.139318436437553927e+00,2.770836787210731345e+00,-4.711451660233541561e-01
2.574080235146357538e-03,3.906520113822543863e+02,4.138673599417855620e+00,2.770357693730189030e+00,-4.710071981999064405e-01
2.577194359038949712e-03,3.901823441148036409e+02,4.138028762398209714e+00,2.769878605735265342e+00,-4.708692323647606925e-01
2.580312250400592158e-03,3.897132440723405011e+02,4.137383925378573579e+00,2.769399523232564331e+00,-4.707312685203138836e-01
2.583433913789171064e-03,3.892447105694285483e+02,4.136739088358896588e+00,2.768920446228695820e+00,-4.705933066689633182e-01
2.586559353768087301e-03,3.887767429215202810e+02,4.136094251339211603e+00,2.768441374730332694e+00,-4.704553468131271177e-01
2.589688574906264668e-03,3.883093404449237482e+02,4.135449414319593231e+00,2.767962308744194022e+00,-4.703173889552354492e-01
2.592821581778146419e-03,3.878425024566375328e+02,4.134804577299922457e+00,2.767483248276858543e+00,-4.701794330976805658e-01
2.595958378963718685e-03,3.873762282745820471e+02,4.134159740280223261e+00,2.767004193335021789e+00,-4.700414792428868060e-01
2.599098971048505267e-03,3.869105172175663370e+02,4.133514903260599560e+00,2.766525143925445018e+00,-4.699035273932995471e-01
2.602243362623577611e-03,3.864453686050569559e+02,4.132870066240932339e+00,2.766046100054732726e+00,-4.697655775513195353e-01
2.605391558285561314e-03,3.859807817574754836e+02,4.132225229221284657e+00,2.765567061729632403e+00,-4.696276297193884841e-01
2.608543562636643498e-03,3.855167559960326003e+02,4.131580392201671614e+00,2.765088028956865784e+00,-4.694896838999420563e-01
2.611699380284580613e-03,3.850532906426639670e+02,4.130935555181981300e+00,2.764609001743065342e+00,-4.693517400953908791e-01
2.614859015842697140e-03,3.845903850202912508e+02,4.130290718162331842e+00,2.764129980095043404e+00,-4.692137983081973163e-01
2.618022473929905100e-03,3.841280384525280738e+02,4.129645881142661068e+00,2.763650964019491063e+00,-4.690758585407894810e-01
2.621189759170703196e-03,3.836662502638759520e+02,4.129001044123012498e+00,2.763171953523179791e+00,-4.689379207956194673e-01
2.624360876195183743e-03,3.832050197795618374e+02,4.128356207103302644e+00,2.762692948612795796e+00,-4.687999850751160547e-01
2.627535829639043950e-03,3.827443463257966982e+02,4.127711370083673614e+00,2.762213949295203808e+00,-4.686620513817597034e-01
2.630714624143581145e-03,3.822842292294207596e+02,4.127066533064022380e+00,2.761734955577094475e+00,-4.685241197179801920e-01
2.633897264355715764e-03,3.818246678181930065e+02,4.126421696044382692e+00,2.761255967465265471e+00,-4.683861900862402172e-01
2.637083754927987012e-03,3.813656614205993947e+02,4.125776859024675502e+00,2.760776984966441638e+00,-4.682482624889814371e-01
2.640274100518563271e-03,3.809072093661077929e+02,4.125132022005058907e+00,2.760298008087529897e+00,-4.681103369286985227e-01
2.643468305791247738e-03,3.804493109847854271e+02,4.124487184985391686e+00,2.759819036835227113e+00,-4.679724134078262487e-01
2.646666375415486668e-03,3.799919656076493766e+02,4.123842347965734234e+00,2.759340071216382473e+00,-4.678344919288445758e-01
2.649868314066377607e-03,3.795351725664752394e+02,4.123197510946076783e+00,2.758861111237804753e+00,-4.676965724942217517e-01
2.653074126424665499e-03,3.790789311938614787e+02,4.122552673926427325e+00,2.758382156906323157e+00,-4.675586551064324081e-01
2.656283817176767394e-03,3.786232408231970226e+02,4.121907836906776090e+00,2.757903208228762004e+00,-4.674207397679507325e-01
2.659497391014766388e-03,3.781681007886616044e+02,4.121262999887089329e+00,2.757424265211938508e+00,-4.672828264812491916e-01
2.662714852636422023e-03,3.777135104253203508e+02,4.120618162867447865e+00,2.756945327862759587e+00,-4.671449152488270085e-01
2.665936206745180698e-03,3.772594690689349477e+02,4.119973325847782419e+00,2.756466396188029577e+00,-4.670070060731545958e-01
2.669161458050169598e-03,3.768059760561514508e+02,4.119328488828138291e+00,2.755987470194649624e+00,-4.668690989567306215e-01
2.672390611266222283e-03,3.763530307243452171e+02,4.118683651808458634e+00,2.755508549889448933e+00,-4.667311939020333256e-01
2.675623671113873479e-03,3.759006324117752911e+02,4.118038814788808288e+00,2.755029635279356626e+00,-4.665932909115709237e-01
2.678860642319367755e-03,3.754487804574607139e+02,4.117393977769189028e+00,2.754550726371264080e+00,-4.664553899878413623e-01
2.682101529614669064e-03,3.749974742011496573e+02,4.116749140749506708e+00,2.754071823172004496e+00,-4.663174911333251571e-01
2.685346337737465078e-03,3.745467129835050741e+02,4.116104303729835934e+00,2.753592925688530979e+00,-4.661795943505408490e-01
2.688595071431178034e-03,3.740964961459191613e+02,4.115459466710152725e+00,2.753114033927747784e+00,-4.660416996419901592e-01
2.691847735444960824e-03,3.736468230306670648e+02,4.114814629690557446e+00,2.752635147896650203e+00,-4.659038070102040074e-01
2.695104334533719552e-03,3.731976929806309045e+02,4.114169792670884007e+00,2.752156267602045681e+00,-4.657659164576590238e-01
2.698364873458110498e-03,3.727491053396374809e+02,4.113524955651176818e+00,2.751677393050911746e+00,-4.656280279868809102e-01
2.701629356984549656e-03,3.723010594523346981e+02,4.112880118631529136e+00,2.751198524250260569e+00,-4.654901416004070813e-01
2.704897789885218808e-03,3.718535546640699181e+02,4.112235281611895665e+00,2.750719661207016831e+00,-4.653522573007498053e-01
2.708170176938076365e-03,3.714065903209818771e+02,4.111590444592230220e+00,2.750240803928113653e+00,-4.652143750904246255e-01
2.711446522926852162e-03,3.709601657700609962e+02,4.110945607572580762e+00,2.749761952420558320e+00,-4.650764949719681796e-01
2.714726832641072181e-03,3.705142803590279641e+02,4.110300770552906435e+00,2.749283106691305267e+00,-4.649386169479035602e-01
2.718011110876054643e-03,3.700689334364551542e+02,4.109655933533258754e+00,2.748804266747380431e+00,-4.648007410207751211e-01
2.721299362432917385e-03,3.696241243516453210e+02,4.109011096513609296e+00,2.748325432595763118e+00,-4.646628671931136156e-01
2.724591592118588701e-03,3.691798524547228340e+02,4.108366259493977601e+00,2.747846604243474378e+00,-4.645249954674630088e-01
2.727887804745813844e-03,3.687361170965124870e+02,4.107721422474263306e+00,2.747367781697457101e+00,-4.643871258463455054e-01
2.731188005133152429e-03,3.682929176288104713e+02,4.107076585454632500e+00,2.746888964964858904e+00,-4.642492583323420963e-01
2.734492198105001413e-03,3.678502534039938610e+02,4.106431748434966167e+00,2.746410154052623565e+00,-4.641113929279765959e-01
2.737800388491592931e-03,3.674081237753504183e+02,4.105786911415322926e+00,2.745931348967835195e+00,-4.639735296358138417e-01
2.741112581129001233e-03,3.669665280968698085e+02,4.105142074395647711e+00,2.745452549717506407e+00,-4.638356684583975209e-01
2.744428780859152223e-03,3.665254657233916760e+02,4.104497237375989371e+00,2.744973756308729751e+00,-4.636978093982961902e-01
2.747748992529832138e-03,3.660849360104874108e+02,4.103852400356324814e+00,2.744494968748554697e+00,-4.635599524580669706e-01
2.751073220994682770e-03,3.656449383145485399e+02,4.103207563336691344e+00,2.744016187044086230e+00,-4.634220976402824155e-01
2.754401471113227928e-03,3.652054719926696293e+02,4.102562726317021458e+00,2.743537411202355614e+00,-4.632842449474947610e-01
2.757733747750866493e-03,3.647665364027943156e+02,4.101917889297343578e+00,2.743058641230479822e+00,-4.631463943822823337e-01
2.761070055778883699e-03,3.643281309036573816e+02,4.101273052277719877e+00,2.742579877135604693e+00,-4.630085459472316201e-01
2.764410400074458068e-03,3.638902548546667504e+02,4.100628215258053544e+00,2.742101118924769931e+00,-4.628706996448989641e-01
2.767754785520671820e-03,3.634529076161093712e+02,4.099983378238410303e+00,2.741622366605140915e+00,-4.627328554778789016e-01
2.771103217006505668e-03,3.630160885489459588e+02,4.099338541218704002e+00,2.741143620183781771e+00,-4.625950134487361587e-01
2.774455699426863972e-03,3.625797970150442211e+02,4.098693704199050991e+00,2.740664879667913389e+00,-4.624571735600815914e-01
2.777812237682569536e-03,3.621440323769460861e+02,4.098048867179420185e+00,2.740186145064658962e+00,-4.623193358144988552e-01
2.781172836680374447e-03,3.617087939979268754e+02,4.097404030159730759e+00,2.739707416381111482e+00,-4.621815002145629458e-01
2.784537501332967450e-03,3.612740812421670284e+02,4.096759193140100841e+00,2.739228693624519373e+00,-4.620436667628949334e-01
2.787906236558983057e-03,3.608398934744654412e+02,4.096114356120423849e+00,2.738749976801974295e+00,-4.619058354620715345e-01
2.791279047282997205e-03,3.604062300604972506e+02,4.095469519100761069e+00,2.738271265920700248e+00,-4.617680063147072134e-01
2.794655938435553714e-03,3.599730903666988979e+02,4.094824682081158684e+00,2.737792560987921231e+00,-4.616301793234172113e-01
2.798036914953157348e-03,3.595404737601265310e+02,4.094179845061450607e+00,2.737313862010708032e+00,-4.614923544907750252e-01
2.801421981778285091e-03,3.591083796088254871e+02,4.093535008041803813e+00,2.736835168996390788e+00,-4.613545318194275380e-01
2.804811143859393952e-03,3.586768072814603556e+02,4.092890171022170342e+00,2.736356481952146424e+00,-4.612167113119784445e-01
2.808204406150929203e-03,3.582457561474582235e+02,4.092245334002500456e+00,2.735877800885162969e+00,-4.610788929710362694e-01
2.811601773613323519e-03,3.578152255770642682e+02,4.091600496982829682e+00,2.735399125802695952e+00,-4.609410767992287439e-01
2.815003251213016918e-03,3.573852149412849144e+02,4.090955659963190882e+00,2.734920456712012893e+00,-4.608032627991879848e-01
2.818408843922456768e-03,3.569557236118045012e+02,4.090310822943500568e+00,2.734441793620296934e+00,-4.606654509735225722e-01
2.821818556720105155e-03,3.565267509611810510e+02,4.089665985923840452e+00,2.733963136534867111e+00,-4.605276413248807765e-01
2.825232394590447560e-03,3.560982963626503306e+02,4.089021148904172342e+00,2.733484485462964297e+00,-4.603898338558892744e-01
2.828650362524002398e-03,3.556703591902380026e+02,4.088376311884510450e+00,2.733005840411872001e+00,-4.602520285691865665e-01
2.832072465517316683e-03,3.552429388187309769e+02,4.087731474864873427e+00,2.732527201388886162e+00,-4.601142254674177590e-01
2.835498708572991612e-03,3.548160346236503528e+02,4.087086637845249726e+00,2.732048568401295618e+00,-4.599764245532229623e-01
2.838929096699677364e-03,3.543896459812511353e+02,4.086441800825594939e+00,2.731569941456365669e+00,-4.598386258292398998e-01
2.842363634912082639e-03,3.539637722685503718e+02,4.085796963805877979e+00,2.731091320561384705e+00,-4.597008292981110134e-01
2.845802328230984633e-03,3.535384128634367471e+02,4.085152126786246285e+00,2.730612705723781009e+00,-4.595630349625217104e-01
2.849245181683236414e-03,3.531135671443677779e+02,4.084507289766574623e+00,2.730134096950788347e+00,-4.594252428250999998e-01
2.852692200301763879e-03,3.526892344906726748e+02,4.083862452746914506e+00,2.729655494249786152e+00,-4.592874528885174668e-01
2.856143389125590914e-03,3.522654142824144969e+02,4.083217615727297023e+00,2.729176897628140086e+00,-4.591496651554425323e-01
2.859598753199835055e-03,3.518421059003362075e+02,4.082572778707645789e+00,2.728698307093149644e+00,-4.590118796285254654e-01
2.863058297575715727e-03,3.514193087259695858e+02,4.081927941687950145e+00,2.728219722652169388e+00,-4.588740963104323001e-01
2.866522027310565521e-03,3.509970221416351706e+02,4.081283104668258055e+00,2.727741144312609389e+00,-4.587363152038457792e-01
2.869989947467833664e-03,3.505752455304414070e+02,4.080638267648684980e+00,2.727262572081932124e+00,-4.585985363114655211e-01
2.873462063117099459e-03,3.501539782760151525e+02,4.079993430628992890e+00,2.726784005967357594e+00,-4.584607596359205339e-01
2.876938379334065352e-03,3.497332197629606299e+02,4.079348593609309681e+00,2.726305445976374919e+00,-4.583229851799190957e-01
2.880418901200583817e-03,3.493129693765627053e+02,4.078703756589655782e+00,2.725826892116411937e+00,-4.581852129461513878e-01
2.883903633804652585e-03,3.488932265028132633e+02,4.078058919570003660e+00,2.725348344394864952e+00,-4.580474429373001533e-01
2.887392582240424187e-03,3.484739905284658903e+02,4.077414082550357755e+00,2.724869802819157805e+00,-4.579096751560566836e-01
2.890885751608217660e-03,3.480552608410084190e+02,4.076769245530703856e+00,2.724391267396722771e+00,-4.577719096051145464e-01
2.894383147014513782e-03,3.476370368286899861e+02,4.076124408511069497e+00,2.723912738135019662e+00,-4.576341462871767463e-01
2.897884773571978920e-03,3.472193178804409399e+02,4.075479571491386288e+00,2.723434215041452777e+00,-4.574963852049309665e-01
2.901390636399462427e-03,3.468021033860323996e+02,4.074834734471745712e+00,2.722955698123554313e+00,-4.573586263611011948e-01
2.904900740622007056e-03,3.463853927358640590e+02,4.074189897452075826e+00,2.722477187388735675e+00,-4.572208697583794446e-01
2.908415091370854157e-03,3.459691853211231773e+02,4.073545060432375742e+00,2.721998682844483319e+00,-4.570831153994777130e-01
2.911933693783455394e-03,3.455534805338099318e+02,4.072900223412768916e+00,2.721520184498374295e+00,-4.569453632871364746e-01
2.915456553003477943e-03,3.451382777664493346e+02,4.072255386393052845e+00,2.721041692357758723e+00,-4.568076134240306452e-01
2.918983674180804493e-03,3.447235764125630340e+02,4.071610549373430032e+00,2.720563206430294034e+00,-4.566698658129245691e-01
2.922515062471557103e-03,3.443093758661976267e+02,4.070965712353785904e+00,2.720084726723411617e+00,-4.565321204565178648e-01
2.926050723038091991e-03,3.438956755221871049e+02,4.070320875334085819e+00,2.719606253244610361e+00,-4.563943773575311336e-01
2.929590661049010815e-03,3.434824747762032757e+02,4.069676038314463895e+00,2.719127786001525937e+00,-4.562566365187241679e-01
2.933134881679171947e-03,3.430697730244713171e+02,4.069031201294777134e+00,2.718649325001595507e+00,-4.561188979428009160e-01
2.936683390109684835e-03,3.426575696641319269e+02,4.068386364275174749e+00,2.718170870252483162e+00,-4.559811616325303296e-01
2.940236191527935590e-03,3.422458640928537079e+02,4.067741527255490652e+00,2.717692421761628285e+00,-4.558434275906183553e-01
2.943793291127583950e-03,3.418346557091945215e+02,4.067096690235812773e+00,2.717213979536666102e+00,-4.557056958198277274e-01
2.947354694108572388e-03,3.414239439123949751e+02,4.066451853216158874e+00,2.716735543585190982e+00,-4.555679663229100784e-01
2.950920405677134352e-03,3.410137281024046843e+02,4.065807016196520074e+00,2.716257113914787968e+00,-4.554302391026149865e-01
2.954490431045801637e-03,3.406040076798564655e+02,4.065162179176823543e+00,2.715778690532997253e+00,-4.552925141616800953e-01
2.958064775433415228e-03,3.401947820462194159e+02,4.064517342157170532e+00,2.715300273447505131e+00,-4.551547915028850144e-01
2.961643444065121394e-03,3.397860506036209358e+02,4.063872505137561930e+00,2.714821862665930396e+00,-4.550170711289909797e-01
2.965226442172395980e-03,3.393778127548209227e+02,4.063227668117854741e+00,2.714343458195791925e+00,-4.548793530427318599e-01
2.968813774993041797e-03,3.389700679035163375e+02,4.062582831098250580e+00,2.713865060044873712e+00,-4.547416372469177959e-01
2.972405447771197303e-03,3.385628154538860031e+02,4.061937994078565595e+00,2.713386668220685749e+00,-4.546039237442812131e-01
2.976001465757348741e-03,3.381560548110190325e+02,4.061293157058925019e+00,2.712908282730974729e+00,-4.544662125376224271e-01
2.979601834208325806e-03,3.377497853805881505e+02,4.060648320039236481e+00,2.712429903583336799e+00,-4.543285036296997870e-01
2.983206558387326793e-03,3.373440065691005429e+02,4.060003483019590576e+00,2.711951530785510212e+00,-4.541907970233137748e-01
2.986815643563913401e-03,3.369387177836723595e+02,4.059358645999910031e+00,2.711473164345120423e+00,-4.540530927212319545e-01
2.990429095014024170e-03,3.365339184322285746e+02,4.058713808980261462e+00,2.710994804269908798e+00,-4.539153907262564736e-01
2.994046918019979252e-03,3.361296079233536602e+02,4.058068971960624438e+00,2.710516450567558522e+00,-4.537776910411742137e-01
2.997669117870489525e-03,3.357257856663413804e+02,4.057424134940966987e+00,2.710038103245757668e+00,-4.536399936687724455e-01
3.001295699860667427e-03,3.353224510712191773e+02,4.056779297921291771e+00,2.709559762312226727e+00,-4.535022986118502075e-01
3.004926669292022189e-03,3.349196035487487961e+02,4.056134460901636984e+00,2.709081427774721718e+00,-4.533646058732160311e-01
3.008562031472485857e-03,3.345172425103514229e+02,4.055489623881950223e+00,2.708603099640944034e+00,-4.532269154556646251e-01
3.012201791716408953e-03,3.341153673682316594e+02,4.054844786862302541e+00,2.708124777918692327e+00,-4.530892273620183430e-01
3.015845955344572185e-03,3.337139775352291053e+02,4.054199949842638873e+00,2.707646462615681759e+00,-4.529515415950770008e-01
3.019494527684194688e-03,3.333130724249420496e+02,4.053555112822987638e+00,2.707168153739698990e+00,-4.528138581576615085e-01
3.023147514068932722e-03,3.329126514516532893e+02,4.052910275803331963e+00,2.706689851298509808e+00,-4.526761770525872253e-01
3.026804919838903957e-03,3.325127140303793567e+02,4.052265438783704710e+00,2.706211555299921301e+00,-4.525384982826817781e-01
3.030466750340683572e-03,3.321132595767729185e+02,4.051620601764020613e+00,2.705733265751662397e+00,-4.524008218507524770e-01
3.034133010927314231e-03,3.317142875073172377e+02,4.050975764744393359e+00,2.705254982661625451e+00,-4.522631477596522620e-01
3.037803706958316051e-03,3.313157972390594637e+02,4.050330927724711927e+00,2.704776706037538059e+00,-4.521254760121893868e-01
3.041478843799692248e-03,3.309177881898768305e+02,4.049686090705068686e+00,2.704298435887292573e+00,-4.519878066112184012e-01
3.045158426823940841e-03,3.305202597782591170e+02,4.049041253685405017e+00,2.703820172218678763e+00,-4.518501395595659886e-01
3.048842461410050751e-03,3.301232114234295523e+02,4.048396416665715591e+00,2.703341915039531251e+00,-4.517124748600734874e-01
3.052530952943527387e-03,3.297266425453680654e+02,4.047751579646087450e+00,2.702863664357767259e+00,-4.515748125156043846e-01
3.056223906816388745e-03,3.293305525646445062e+02,4.047106742626417564e+00,2.702385420181171671e+00,-4.514371525289865295e-01
3.059921328427175381e-03,3.289349409026331159e+02,4.046461905606782317e+00,2.701907182517669259e+00,-4.512994949030881275e-01
3.063623223180962554e-03,3.285398069812982271e+02,4.045817068587074239e+00,2.701428951375059118e+00,-4.511618396407425791e-01
3.067329596489355454e-03,3.281451502234556301e+02,4.045172231567438104e+00,2.700950726761342402e+00,-4.510241867448402386e-01
3.071040453770515662e-03,3.277509700524643677e+02,4.044527394547767329e+00,2.700472508684332862e+00,-4.508865362182210013e-01
3.074755800449155939e-03,3.273572658924868506e+02,4.043882557528127641e+00,2.699994297151991240e+00,-4.507488880637660622e-01
3.078475641956551941e-03,3.269640371683241824e+02,4.043237720508491506e+00,2.699516092172213888e+00,-4.506112422843382981e-01
3.082199983730550888e-03,3.265712833054621456e+02,4.042592883488817179e+00,2.699037893752896267e+00,-4.504735988828027504e-01
3.085928831215578073e-03,3.261790037301432221e+02,4.041948046469163280e+00,2.698559701902019548e+00,-4.503359578620483861e-01
3.089662189862648137e-03,3.257871978692480184e+02,4.041303209449497835e+00,2.698081516627504950e+00,-4.501983192249487398e-01
3.093400065129362029e-03,3.253958651503894544e+02,4.040658372429851042e+00,2.697603337937335422e+00,-4.500606829743947213e-01
3.097142462479931732e-03,3.250050050018193701e+02,4.040013535410174050e+00,2.697125165839435290e+00,-4.499230491132619192e-01
3.100889387385177658e-03,3.246146168525447706e+02,4.039368698390517487e+00,2.696647000341819478e+00,-4.497854176444529561e-01
3.104640845322537753e-03,3.242247001322119218e+02,4.038723861370852042e+00,2.696168841452451392e+00,-4.496477885708548561e-01
3.108396841776080947e-03,3.238352542711986075e+02,4.038079024351216795e+00,2.695690689179352617e+00,-4.495101618953740163e-01
3.112157382236500208e-03,3.234462787005224413e+02,4.037434187331567337e+00,2.695212543530501215e+00,-4.493725376209030120e-01
3.115922472201141172e-03,3.230577728519095331e+02,4.036789350311901003e+00,2.694734404513901005e+00,-4.492349157503448542e-01
3.119692117173996932e-03,3.226697361577939773e+02,4.036144513292246216e+00,2.694256272137600661e+00,-4.490972962866142670e-01
3.123466322665719320e-03,3.222821680512732883e+02,4.035499676272592318e+00,2.693778146409627094e+00,-4.489596792326213115e-01
3.127245094193627142e-03,3.218950679661301137e+02,4.034854839252934866e+00,2.693300027338016989e+00,-4.488220645912797124e-01
3.131028437281713553e-03,3.215084353368329175e+02,4.034210002233267645e+00,2.692821914930820348e+00,-4.486844523655067474e-01
3.134816357460657767e-03,3.211222695985580344e+02,4.033565165213622628e+00,2.692343809196125370e+00,-4.485468425582326835e-01
3.138608860267822018e-03,3.207365701870997441e+02,4.032920328193933202e+00,2.691865710141949197e+00,-4.484092351723676373e-01
3.142405951247274551e-03,3.203513365390282956e+02,4.032275491174281079e+00,2.691387617776439090e+00,-4.482716302108600281e-01
3.146207635949790048e-03,3.199665680915089183e+02,4.031630654154608528e+00,2.690909532107645941e+00,-4.481340276766297426e-01
3.150013919932857440e-03,3.195822642824601303e+02,4.030985817134981275e+00,2.690431453143713902e+00,-4.479964275726269207e-01
3.153824808760692048e-03,3.191984245503959983e+02,4.030340980115322935e+00,2.689953380892703194e+00,-4.478588299017762231e-01
3.157640308004232114e-03,3.188150483345610837e+02,4.029696143095643279e+00,2.689475315362741092e+00,-4.477212346670229048e-01
3.161460423241164389e-03,3.184321350749078192e+02,4.029051306076006256e+00,2.688997256562005944e+00,-4.475836418713279308e-01
3.165285160055920661e-03,3.180496842119846406e+02,4.028406469056338146e+00,2.688519204498584170e+00,-4.474460515176262865e-01
3.169114524039688165e-03,3.176676951870702510e+02,4.027761632036655826e+00,2.688041159180637685e+00,-4.473084636088759947e-01
3.172948520790419991e-03,3.172861674421505427e+02,4.027116795017033013e+00,2.687563120616383916e+00,-4.471708781480505102e-01
3.176787155912839423e-03,3.169051004197863222e+02,4.026471957997372897e+00,2.687085088813920830e+00,-4.470332951380908693e-01
3.180630435018455549e-03,3.165244935632902639e+02,4.025827120977711893e+00,2.686607063781456084e+00,-4.468957145819696386e-01
3.184478363725555018e-03,3.161443463166160086e+02,4.025182283958033125e+00,2.686129045527165360e+00,-4.467581364826522794e-01
3.188330947659232407e-03,3.157646581244464414e+02,4.024537446938415641e+00,2.685651034059311382e+00,-4.466205608431274010e-01
3.192188192451383272e-03,3.153854284319964449e+02,4.023892609918706675e+00,2.685173029385987231e+00,-4.464829876663386488e-01
3.196050103740717598e-03,3.150066566853411700e+02,4.023247772899071428e+00,2.684695031515537789e+00,-4.463454169553002782e-01
3.199916687172769773e-03,3.146283423310877083e+02,4.022602935879442398e+00,2.684217040456142289e+00,-4.462078487129814697e-01
3.203787948399894250e-03,3.142504848165074236e+02,4.021958098859744091e+00,2.683739056215986185e+00,-4.460702829423527360e-01
3.207663893081293734e-03,3.138730835896429312e+02,4.021313261840081310e+00,2.683261078803395261e+00,-4.459327196464262788e-01
3.211544526883014419e-03,3.134961380991356918e+02,4.020668424820437181e+00,2.682783108226618474e+00,-4.457951588281929833e-01
3.215429855477956820e-03,3.131196477942902447e+02,4.020023587800793941e+00,2.682305144493911442e+00,-4.456576004906456223e-01
3.219319884545885323e-03,3.127436121250747760e+02,4.019378750781128495e+00,2.681827187613537333e+00,-4.455200446367812428e-01
3.223214619773434250e-03,3.123680305421640924e+02,4.018733913761488807e+00,2.681349237593821933e+00,-4.453824912696147664e-01
3.227114066854121742e-03,3.119929024968319595e+02,4.018089076741811816e+00,2.680871294443019082e+00,-4.452449403921409643e-01
3.231018231488344983e-03,3.116182274410797390e+02,4.017444239722149923e+00,2.680393358169477214e+00,-4.451073920073828627e-01
3.234927119383406227e-03,3.112440048275295794e+02,4.016799402702479149e+00,2.679915428781497688e+00,-4.449698461183513865e-01
3.238840736253508889e-03,3.108702341095094539e+02,4.016154565682851896e+00,2.679437506287449366e+00,-4.448323027280768893e-01
3.242759087819770125e-03,3.104969147409262291e+02,4.015509728663183786e+00,2.678959590695613180e+00,-4.446947618395642454e-01
3.246682179810232109e-03,3.101240461764347742e+02,4.014864891643539657e+00,2.678481682014382415e+00,-4.445572234558540226e-01
3.250610017959855956e-03,3.097516278712687381e+02,4.014220054623846679e+00,2.678003780252066868e+00,-4.444196875799607538e-01
3.254542608010551653e-03,3.093796592814097153e+02,4.013575217604184786e+00,2.677525885417097129e+00,-4.442821542149361647e-01
3.258479955711171983e-03,3.090081398634392826e+02,4.012930380584537993e+00,2.677047997517840727e+00,-4.441446233638138841e-01
3.262422066817524668e-03,3.086370690745817456e+02,4.012285543564868107e+00,2.676570116562657642e+00,-4.440070950296271524e-01
3.266368947092381046e-03,3.082664463727873567e+02,4.011640706545250623e+00,2.676092242560009549e+00,-4.438695692154371319e-01
3.270320602305484305e-03,3.078962712165445055e+02,4.010995869525563862e+00,2.675614375518215127e+00,-4.437320459242668491e-01
3.274277038233560765e-03,3.075265430651300562e+02,4.010351032505919733e+00,2.675136515445776908e+00,-4.435945251591920657e-01
3.278238260660316407e-03,3.071572613783799284e+02,4.009706195486264058e+00,2.674658662351088623e+00,-4.434570069232576239e-01
3.282204275376462890e-03,3.067884256168146067e+02,4.009061358466598612e+00,2.674180816242594627e+00,-4.433194912195234649e-01
3.286175088179715386e-03,3.064200352416170858e+02,4.008416521446943825e+00,2.673702977128757929e+00,-4.431819780510573570e-01
3.290150704874802556e-03,3.060520897145930803e+02,4.007771684427270387e+00,2.673225145018019777e+00,-4.430444674209200739e-01
3.294131131273479555e-03,3.056845884982315624e+02,4.007126847407605830e+00,2.672747319918876041e+00,-4.429069593321890985e-01
3.298116373194518065e-03,3.053175310556644035e+02,4.006482010387968806e+00,2.672269501839820371e+00,-4.427694537879424130e-01
3.302106436463753993e-03,3.049509168506249921e+02,4.005837173368293591e+00,2.671791690789297569e+00,-4.426319507912441220e-01
3.306101326914047140e-03,3.045847453475712996e+02,4.005192336348646798e+00,2.671313886775862123e+00,-4.424944503451910816e-01
3.310101050385328043e-03,3.042190160115425783e+02,4.004547499328983129e+00,2.670836089807990810e+00,-4.423569524528588315e-01
3.314105612724587563e-03,3.038537283082619638e+02,4.003902662309321236e+00,2.670358299894221243e+00,-4.422194571173411193e-01
3.318115019785892062e-03,3.034888817040945241e+02,4.003257825289672667e+00,2.669880517043097701e+00,-4.420819643417335243e-01
3.322129277430392515e-03,3.031244756660283315e+02,4.002612988270011662e+00,2.669402741263147583e+00,-4.419444741291279621e-01
3.326148391526320604e-03,3.027605096617143658e+02,4.001968151250346217e+00,2.668924972562927156e+00,-4.418069864826262294e-01
3.330172367949017342e-03,3.023969831594462221e+02,4.001323314230680772e+00,2.668447210951008230e+00,-4.416695014053342860e-01
3.334201212580929601e-03,3.020338956281799483e+02,4.000678477211058848e+00,2.667969456435995479e+00,-4.415320189003691942e-01
3.338234931311619656e-03,3.016712465374347403e+02,4.000033640191381856e+00,2.667491709026402980e+00,-4.413945389708221478e-01
3.342273530037778630e-03,3.013090353574721689e+02,3.999388803171731510e+00,2.667013968730888696e+00,-4.412570616198262519e-01
3.346317014663217383e-03,3.009472615591365638e+02,3.998743966152088269e+00,2.666536235558043089e+00,-4.411195868504970141e-01
3.350365391098914652e-03,3.005859246138954290e+02,3.998099129132404617e+00,2.666058509516448183e+00,-4.409821146659474445e-01
3.354418665262974119e-03,3.002250239939182848e+02,3.997454292112741392e+00,2.665580790614777484e+00,-4.408446450693177532e-01
3.358476843080675147e-03,2.998645591719578647e+02,3.996809455093070174e+00,2.665103078861646324e+00,-4.407071780637324410e-01
3.362539930484460208e-03,2.995045296214490236e+02,3.996164618073435371e+00,2.664625374265737090e+00,-4.405697136523359925e-01
3.366607933413950059e-03,2.991449348164103981e+02,3.995519781053790798e+00,2.664147676835674883e+00,-4.404322518382569052e-01
3.370680857815954150e-03,2.987857742315032397e+02,3.994874944034103148e+00,2.663669986580103011e+00,-4.402947926246301158e-01
3.374758709644466292e-03,2.984270473420901340e+02,3.994230107014457687e+00,2.663192303507764258e+00,-4.401573360146200375e-01
3.378841494860693271e-03,2.980687536240979512e+02,3.993585269994815334e+00,2.662714627627320585e+00,-4.400198820113681020e-01
3.382929219433050954e-03,2.977108925540964037e+02,3.992940432975152554e+00,2.662236958947453935e+00,-4.398824306180229016e-01
3.387021889337175559e-03,2.973534636092976484e+02,3.992295595955465348e+00,2.661759297476876007e+00,-4.397449818377413000e-01
3.391119510555935801e-03,2.969964662675757268e+02,3.991650758935802568e+00,2.661281643224342464e+00,-4.396075356736948159e-01
3.395222089079425083e-03,2.966399000074084711e+02,3.991005921916168209e+00,2.660803996198588095e+00,-4.394700921290493612e-01
3.399329630905007470e-03,2.962837643078583483e+02,3.990361084896479227e+00,2.660326356408293069e+00,-4.393326512069560263e-01
3.403442142037278219e-03,2.959280586487265055e+02,3.989716247876850641e+00,2.659848723862300535e+00,-4.391952129106125868e-01
3.407559628488111923e-03,2.955727825103410282e+02,3.989071410857217170e+00,2.659371098569322633e+00,-4.390577772431812353e-01
3.411682096276651664e-03,2.952179353736726171e+02,3.988426573837534406e+00,2.658893480538103926e+00,-4.389203442078336570e-01
3.415809551429323330e-03,2.948635167203918286e+02,3.987781736817896050e+00,2.658415869777495999e+00,-4.387829138077734559e-01
3.419941999979846017e-03,2.945095260327158257e+02,3.987136899798247036e+00,2.657938266296256291e+00,-4.386454860461773131e-01
3.424079447969229431e-03,2.941559627935041021e+02,3.986492062778562495e+00,2.657460670103172440e+00,-4.385080609262319018e-01
3.428221901445800777e-03,2.938028264862775814e+02,3.985847225758886392e+00,2.656983081207093811e+00,-4.383706384511427134e-01
3.432369366465201285e-03,2.934501165951800772e+02,3.985202388739260027e+00,2.656505499616879096e+00,-4.382332186241175709e-01
3.436521849090399660e-03,2.930978326049033740e+02,3.984557551719585700e+00,2.656027925341292839e+00,-4.380958014483401497e-01
3.440679355391701184e-03,2.927459740008377480e+02,3.983912714699903823e+00,2.655550358389218157e+00,-4.379583869270262109e-01
3.444841891446742514e-03,2.923945402689967068e+02,3.983267877680260138e+00,2.655072798769547493e+00,-4.378209750633969000e-01
3.449009463340536354e-03,2.920435308959791882e+02,3.982623040660632885e+00,2.654595246491132876e+00,-4.376835658606625379e-01
3.453182077165433284e-03,2.916929453689705838e+02,3.981978203640939462e+00,2.654117701562797471e+00,-4.375461593220250633e-01
3.457359739021168173e-03,2.913427831758910429e+02,3.981333366621308212e+00,2.653640163993526091e+00,-4.374087554507347653e-01
3.461542455014852363e-03,2.909930438051537180e+02,3.980688529601633885e+00,2.653162633792147673e+00,-4.372713542499961914e-01
3.465730231260984520e-03,2.906437267458878750e+02,3.980043692581999082e+00,2.652685110967630600e+00,-4.371339557230572437e-01
3.469923073881465373e-03,2.902948314877530720e+02,3.979398855562312320e+00,2.652207595528838446e+00,-4.369965598731341272e-01
3.474120989005589910e-03,2.899463575211063926e+02,3.978754018542645099e+00,2.651730087484756915e+00,-4.368591667034803505e-01
3.478323982770080772e-03,2.895983043368908056e+02,3.978109181523006743e+00,2.651252586844338843e+00,-4.367217762173404294e-01
3.482532061319079577e-03,2.892506714266357335e+02,3.977464344503357285e+00,2.650775093616510425e+00,-4.365843884179520518e-01
3.486745230804162102e-03,2.889034582824938298e+02,3.976819507483667415e+00,2.650297607810217393e+00,-4.364470033085597889e-01
3.490963497384349558e-03,2.885566643973139094e+02,3.976174670464065031e+00,2.649820129434535598e+00,-4.363096208924451824e-01
3.495186867226099912e-03,2.882102892644036274e+02,3.975529833444393368e+00,2.649342658498337499e+00,-4.361722411728329862e-01
3.499415346503356901e-03,2.878643323778028957e+02,3.974884996424714600e+00,2.648865195010668305e+00,-4.360348641529990799e-01
3.503648941397507523e-03,2.875187932321567246e+02,3.974240159405081574e+00,2.648387738980580330e+00,-4.358974898362203976e-01
3.507887658097432783e-03,2.871736713226419511e+02,3.973595322385400141e+00,2.647910290417025969e+00,-4.357601182257477279e-01
3.512131502799495548e-03,2.868289661451491384e+02,3.972950485365770223e+00,2.647432849329109050e+00,-4.356227493248759353e-01
3.516380481707557029e-03,2.864846771960656042e+02,3.972305648346079909e+00,2.646955415725794403e+00,-4.354853831368592498e-01
3.520634601032985450e-03,2.861408039724913692e+02,3.971660811326413576e+00,2.646477989616196513e+00,-4.353480196649975875e-01
3.524893866994654752e-03,2.857973459720774372e+02,3.971015974306750795e+00,2.646000571009368585e+00,-4.352106589125731007e-01
3.529158285818971477e-03,2.854543026930977589e+02,3.970371137287097785e+00,2.645523159914391353e+00,-4.350733008828765458e-01
3.533427863739873036e-03,2.851116736344308151e+02,3.969726300267459873e+00,2.645045756340355325e+00,-4.349359455792032869e-01
3.537702606998836818e-03,2.847694582955425631e+02,3.969081463247807751e+00,2.644568360296339904e+00,-4.347985930048450243e-01
3.541982521844895797e-03,2.844276561765216798e+02,3.968436626228144970e+00,2.644090971791454248e+00,-4.346612431631042828e-01
3.546267614534628996e-03,2.840862667780793345e+02,3.967791789208511943e+00,2.643613590834852811e+00,-4.345238960572956888e-01
3.550557891332209188e-03,2.837452896014609109e+02,3.967146952188816744e+00,2.643136217435598567e+00,-4.343865516907097768e-01
3.554853358509362134e-03,2.834047241486223925e+02,3.966502115169173504e+00,2.642658851602915249e+00,-4.342492100666845989e-01
3.559154022345416453e-03,2.830645699220193592e+02,3.965857278149497400e+00,2.642181493345899135e+00,-4.341118711885198489e-01
3.563459889127293216e-03,2.827248264247823499e+02,3.965212441129852383e+00,2.641704142673759304e+00,-4.339745350595513584e-01
3.567770965149519389e-03,2.823854931605765159e+02,3.964567604110170951e+00,2.641226799595623120e+00,-4.338372016830907008e-01
3.572087256714240842e-03,2.820465696337420809e+02,3.963922767090527710e+00,2.640749464120734746e+00,-4.336998710624838660e-01
3.576408770131217149e-03,2.817080553491539945e+02,3.963277930070882693e+00,2.640272136258258850e+00,-4.335625432010557501e-01
3.580735511717851940e-03,2.813699498122926457e+02,3.962633093051200373e+00,2.639794816017384083e+00,-4.334252181021378547e-01
3.585067487799188136e-03,2.810322525292774003e+02,3.961988256031532263e+00,2.639317503407363485e+00,-4.332878957690823318e-01
3.589404704707920956e-03,2.806949630068153283e+02,3.961343419011908118e+00,2.638840198437453655e+00,-4.331505762052421105e-01
3.593747168784410060e-03,2.803580807521491352e+02,3.960698581992241341e+00,2.638362901116835246e+00,-4.330132594139489144e-01
3.598094886376671311e-03,2.800216052731780110e+02,3.960053744972564349e+00,2.637885611454783508e+00,-4.328759453985639438e-01
3.602447863840426649e-03,2.796855360783888500e+02,3.959408907952895795e+00,2.637408329460579459e+00,-4.327386341624493982e-01
3.606806107539059850e-03,2.793498726768557958e+02,3.958764070933244117e+00,2.636931055143503677e+00,-4.326013257089689756e-01
3.611169623843669876e-03,2.790146145782406961e+02,3.958119233913600432e+00,2.636453788512841179e+00,-4.324640200414879287e-01
3.615538419133058293e-03,2.786797612927929322e+02,3.957474396893954083e+00,2.635976529577878313e+00,-4.323267171633738970e-01
3.619912499793744454e-03,2.783453123313666993e+02,3.956829559874314395e+00,2.635499278347935626e+00,-4.321894170780037903e-01
3.624291872219977204e-03,2.780112672053865026e+02,3.956184722854652502e+00,2.635022034832311455e+00,-4.320521197887502995e-01
3.628676542813730546e-03,2.776776254268819457e+02,3.955539885834967073e+00,2.634544799040340113e+00,-4.319148252989956638e-01
3.633066517984734865e-03,2.773443865085036464e+02,3.954895048815318948e+00,2.634067570981408313e+00,-4.317775336121394969e-01
3.637461804150471292e-03,2.770115499634391654e+02,3.954250211795667269e+00,2.633590350664841928e+00,-4.316402447315643709e-01
3.641862407736183842e-03,2.766791153054807069e+02,3.953605374776004044e+00,2.633113138100001471e+00,-4.315029586606632939e-01
3.646268335174894602e-03,2.763470820490248911e+02,3.952960537756351034e+00,2.632635933296283426e+00,-4.313656754028404872e-01
3.650679592907393311e-03,2.760154497090225050e+02,3.952315700736672710e+00,2.632158736263045640e+00,-4.312283949614910128e-01
3.655096187382287677e-03,2.756842178010619477e+02,3.951670863717026361e+00,2.631681547009735667e+00,-4.310911173400348573e-01
3.659518125055960438e-03,2.753533858412691870e+02,3.951026026697380900e+00,2.631204365545742885e+00,-4.309538425418771301e-01
3.663945412392620969e-03,2.750229533463581220e+02,3.950381189677711014e+00,2.630727191880469995e+00,-4.308165705704276038e-01
3.668378055864294444e-03,2.746929198336629838e+02,3.949736352658062888e+00,2.630250026023385868e+00,-4.306793014291160904e-01
3.672816061950837010e-03,2.743632848210564248e+02,3.949091515638393002e+00,2.629772867983908302e+00,-4.305420351213574137e-01
3.677259437139947067e-03,2.740340478270314861e+02,3.948446678618732442e+00,2.629295717771512386e+00,-4.304047716505856602e-01
3.681708187927160494e-03,2.737052083706520307e+02,3.947801841599091865e+00,2.628818575395680757e+00,-4.302675110202360820e-01
3.686162320815883613e-03,2.733767659715371110e+02,3.947157004579432193e+00,2.628341440865859635e+00,-4.301302532337356044e-01
3.690621842317385378e-03,2.730487201499094567e+02,3.946512167559755202e+00,2.627864314191547646e+00,-4.299929982945262519e-01
3.695086758950813424e-03,2.727210704265956451e+02,3.945867330540114626e+00,2.627387195382286045e+00,-4.298557462060636492e-01
3.699557077243201871e-03,2.723938163229284442e+02,3.945222493520419871e+00,2.626910084447521498e+00,-4.297184969717769421e-01
3.704032803729480870e-03,2.720669573609417284e+02,3.944577656500818819e+00,2.626432981396891631e+00,-4.295812505951516203e-01
3.708513944952490909e-03,2.717404930630781337e+02,3.943932819481133834e+00,2.625955886239802251e+00,-4.294440070796056164e-01
3.713000507462976309e-03,2.714144229525140304e+02,3.943287982461487928e+00,2.625478798985896312e+00,-4.293067664286278617e-01
3.717492497819617318e-03,2.710887465528998632e+02,3.942643145441807828e+00,2.625001719644677323e+00,-4.291695286456672642e-01
3.721989922589026209e-03,2.707634633885215862e+02,3.941998308422139274e+00,2.624524648225754486e+00,-4.290322937342039289e-01
3.726492788345758551e-03,2.704385729842206842e+02,3.941353471402484487e+00,2.624047584738714800e+00,-4.288950616977121322e-01
3.731001101672328391e-03,2.701140748654096342e+02,3.940708634382845243e+00,2.623570529193152367e+00,-4.287578325396704249e-01
3.735514869159201317e-03,2.697899685580562164e+02,3.940063797363185571e+00,2.623093481598650190e+00,-4.286206062635532499e-01
3.740034097404827847e-03,2.694662535887318882e+02,3.939418960343528120e+00,2.622616441964842338e+00,-4.284833828728518146e-01
3.744558793015637359e-03,2.691429294845628988e+02,3.938774123323863119e+00,2.622139410301356666e+00,-4.283461623710558275e-01
3.749088962606051973e-03,2.688199957732631447e+02,3.938129286304214105e+00,2.621662386617847673e+00,-4.282089447616642119e-01
3.753624612798495217e-03,2.684974519830859094e+02,3.937484449284542887e+00,2.621185370923944991e+00,-4.280717300481684529e-01
3.758165750223402875e-03,2.681752976429032174e+02,3.936839612264905419e+00,2.620708363229354187e+00,-4.279345182340841269e-01
3.762712381519235996e-03,2.678535322820952160e+02,3.936194775245238642e+00,2.620231363543708003e+00,-4.277973093229052171e-01
3.767264513332476122e-03,2.675321554306606799e+02,3.935549938225575861e+00,2.619754371876717780e+00,-4.276601033181508527e-01
3.771822152317656079e-03,2.672111666191541985e+02,3.934905101205927291e+00,2.619277388238095305e+00,-4.275229002233397746e-01
3.776385305137355645e-03,2.668905653786698622e+02,3.934260264186252964e+00,2.618800412637519059e+00,-4.273857000419830077e-01
3.780953978462215856e-03,2.665703512409045857e+02,3.933615427166575529e+00,2.618323445084734580e+00,-4.272485027776108946e-01
3.785528178970950716e-03,2.662505237381263896e+02,3.932970590146939394e+00,2.617846485589508276e+00,-4.271113084337614385e-01
3.790107913350343732e-03,2.659310824031123843e+02,3.932325753127264178e+00,2.617369534161531508e+00,-4.269741170139511599e-01
3.794693188295277832e-03,2.656120267692729726e+02,3.931680916107619161e+00,2.616892590810611541e+00,-4.268369285217319398e-01
3.799284010508734068e-03,2.652933563705279880e+02,3.931036079087956381e+00,2.616415655546487695e+00,-4.266997429606356751e-01
3.803880386701800290e-03,2.649750707413990654e+02,3.930391242068308255e+00,2.615938728378965461e+00,-4.265625603342150796e-01
3.808482323593685021e-03,2.646571694169330726e+02,3.929746405048634372e+00,2.615461809317811692e+00,-4.264253806460119867e-01
3.813089827911725262e-03,2.643396519327786223e+02,3.929101568028972036e+00,2.614984898372858080e+00,-4.262882038995890466e-01
3.817702906391400378e-03,2.640225178251401417e+02,3.928456731009345670e+00,2.614507995553947861e+00,-4.261510300985106303e-01
3.822321565776326882e-03,2.637057666307319437e+02,3.927811893989685998e+00,2.614031100870854107e+00,-4.260138592463246776e-01
3.826945812818291406e-03,2.633893978868855470e+02,3.927167056970030323e+00,2.613554214333449810e+00,-4.258766913466072168e-01
3.831575654277245054e-03,2.630734111314574761e+02,3.926522219950350667e+00,2.613077335951568880e+00,-4.257395264029243953e-01
3.836211096921316854e-03,2.627578059029057727e+02,3.925877382930710091e+00,2.612600465735124722e+00,-4.256023644188649535e-01
3.840852147526828061e-03,2.624425817401839254e+02,3.925232545911039317e+00,2.612123603693944141e+00,-4.254652053979953163e-01
3.845498812878286096e-03,2.621277381828613215e+02,3.924587708891391635e+00,2.611646749837957859e+00,-4.253280493439119958e-01
3.850151099768418361e-03,2.618132747710183708e+02,3.923942871871727966e+00,2.611169904177037981e+00,-4.251908962601953501e-01
3.854809014998165310e-03,2.614991910453211403e+02,3.923298034852070071e+00,2.610693066721117450e+00,-4.250537461504436676e-01
3.859472565376696491e-03,2.611854865469769607e+02,3.922653197832411287e+00,2.610216237480115442e+00,-4.249165990182537378e-01
3.864141757721417918e-03,2.608721608177633016e+02,3.922008360812778704e+00,2.609739416463990214e+00,-4.247794548672330084e-01
3.868816598857984217e-03,2.605592133999547286e+02,3.921363523793078620e+00,2.609262603682624970e+00,-4.246423137009688320e-01
3.873497095620310766e-03,2.602466438364850205e+02,3.920718686773443373e+00,2.608785799146077888e+00,-4.245051755230996871e-01
3.878183254850569792e-03,2.599344516707255366e+02,3.920073849753760165e+00,2.608309002864241943e+00,-4.243680403372175336e-01
3.882875083399222032e-03,2.596226364467066787e+02,3.919429012734145346e+00,2.607832214847188190e+00,-4.242309081469663457e-01
3.887572588125013263e-03,2.593111977088968274e+02,3.918784175714475015e+00,2.607355435104826036e+00,-4.240937789559443560e-01
3.892275775894985142e-03,2.590001350023940176e+02,3.918139338694795804e+00,2.606878663647197669e+00,-4.239566527677893215e-01
3.896984653584492555e-03,2.586894478728370359e+02,3.917494501675131247e+00,2.606401900484344836e+00,-4.238195295861397205e-01
3.901699228077196244e-03,2.583791358664059317e+02,3.916849664655490226e+00,2.605925145626308836e+00,-4.236824094146344200e-01
3.906419506265095334e-03,2.580691985298071813e+02,3.916204827635835883e+00,2.605448399083110989e+00,-4.235452922569072354e-01
3.911145495048525163e-03,2.577596354103176282e+02,3.915559990616177988e+00,2.604971660864815242e+00,-4.234081781166063041e-01
3.915877201336166388e-03,2.574504460557553216e+02,3.914915153596515651e+00,2.604494930981494871e+00,-4.232710669973823170e-01
3.920614632045059736e-03,2.571416300144796310e+02,3.914270316576835107e+00,2.604018209443222265e+00,-4.231339589028866865e-01
3.925357794100614237e-03,2.568331868354199514e+02,3.913625479557174547e+00,2.603541496260123100e+00,-4.229968538367874231e-01
3.930106694436620238e-03,2.565251160680467137e+02,3.912980642537567277e+00,2.603064791442325276e+00,-4.228597518027544799e-01
3.934861339995245066e-03,2.562174172622997617e+02,3.912335805517881848e+00,2.602588094999857216e+00,-4.227226528044291110e-01
3.939621737727065989e-03,2.559100899687750257e+02,3.911690968498229726e+00,2.602111406942931193e+00,-4.225855568455069711e-01
3.944387894591067610e-03,2.556031337385382187e+02,3.911046131478562060e+00,2.601634727281657344e+00,-4.224484639296549604e-01
3.949159817554649676e-03,2.552965481232245395e+02,3.910401294458893062e+00,2.601158056026202647e+00,-4.223113740605577981e-01
3.953937513593647896e-03,2.549903326750106487e+02,3.909756457439232502e+00,2.600681393186742518e+00,-4.221742872419030346e-01
3.958720989692324395e-03,2.546844869466143280e+02,3.909111620419591038e+00,2.600204738773467472e+00,-4.220372034773837155e-01
3.963510252843404150e-03,2.543790104912804111e+02,3.908466783399949573e+00,2.599728092796557810e+00,-4.219001227706906665e-01
3.968305310048064576e-03,2.540739028627949949e+02,3.907821946380296119e+00,2.599251455266211153e+00,-4.217630451255208190e-01
3.973106168315958080e-03,2.537691636154855246e+02,3.907177109360619127e+00,2.598774826192634890e+00,-4.216259705455749351e-01
3.977912834665212061e-03,2.534647923042487321e+02,3.906532272340971446e+00,2.598298205586105247e+00,-4.214888990345735942e-01
3.982725316122448858e-03,2.531607884844803209e+02,3.905887435321329537e+00,2.597821593456841605e+00,-4.213518305962235533e-01
3.987543619722792691e-03,2.528571517121032457e+02,3.905242598301644108e+00,2.597344989815064231e+00,-4.212147652342320692e-01
3.992367752509867924e-03,2.525538815436375728e+02,3.904597761281993318e+00,2.596868394671103975e+00,-4.210777029523378734e-01
3.997197721535832894e-03,2.522509775360749416e+02,3.903952924262321655e+00,2.596391808035196203e+00,-4.209406437542548285e-01
4.002033533861373837e-03,2.519484392469897216e+02,3.903308087242674418e+00,2.595915229917669098e+00,-4.208035876437237754e-01
4.006875196555716168e-03,2.516462662344558510e+02,3.902663250223018299e+00,2.595438660328804659e+00,-4.206665346244731762e-01
4.011722716696645291e-03,2.513444580570882749e+02,3.902018413203341751e+00,2.594962099278907530e+00,-4.205294847002398195e-01
4.016576101370496199e-03,2.510430142740709414e+02,3.901373576183702063e+00,2.594485546778354745e+00,-4.203924378747803114e-01
4.021435357672187294e-03,2.507419344450596839e+02,3.900728739164032621e+00,2.594009002837439404e+00,-4.202553941518299419e-01
4.026300492705217789e-03,2.504412181303067086e+02,3.900083902144400039e+00,2.593532467466565627e+00,-4.201183535351558085e-01
4.031171513581680715e-03,2.501408648905225789e+02,3.899439065124716386e+00,2.593055940676037174e+00,-4.199813160284973645e-01
4.036048427422274203e-03,2.498408742870278445e+02,3.898794228105065152e+00,2.592579422476295470e+00,-4.198442816356348084e-01
4.040931241356308413e-03,2.495412458816152537e+02,3.898149391085402371e+00,2.592102912877701559e+00,-4.197072503603258009e-01
4.045819962521725495e-03,2.492419792366324884e+02,3.897504554065740923e+00,2.591626411890669335e+00,-4.195702222063447118e-01
4.050714598065088302e-03,2.489430739149679823e+02,3.896859717046118110e+00,2.591149919525648215e+00,-4.194331971774760137e-01
4.055615155141620298e-03,2.486445294799698047e+02,3.896214880026424243e+00,2.590673435792984147e+00,-4.192961752774764794e-01
4.060521640915195143e-03,2.483463454956217049e+02,3.895570043006782779e+00,2.590196960703213147e+00,-4.191591565101583927e-01
4.065434062558354912e-03,2.480485215263400960e+02,3.894925205987113781e+00,2.589720494266732675e+00,-4.190221408792941249e-01
4.070352427252322235e-03,2.477510571371228423e+02,3.894280368967455441e+00,2.589244036494041001e+00,-4.188851283886865229e-01
4.075276742186995094e-03,2.474539518934682292e+02,3.893635531947793549e+00,2.588767587395605752e+00,-4.187481190421314392e-01
4.080207014560983253e-03,2.471572053614150946e+02,3.892990694928144535e+00,2.588291146981936741e+00,-4.186111128434366058e-01
4.085143251581599584e-03,2.468608171075030953e+02,3.892345857908477758e+00,2.587814715263514476e+00,-4.184741097964028711e-01
4.090085460464878281e-03,2.465647866988257988e+02,3.891701020888821638e+00,2.587338292250882521e+00,-4.183371099048500685e-01
4.095033648435582666e-03,2.462691137029775064e+02,3.891056183869165075e+00,2.586861877954564903e+00,-4.182001131725928134e-01
4.099987822727215597e-03,2.459737976880799408e+02,3.890411346849499186e+00,2.586385472385096751e+00,-4.180631196034516051e-01
4.104947990582036819e-03,2.456788382227951786e+02,3.889766509829859942e+00,2.585909075553066039e+00,-4.179261292012604878e-01
4.109914159251053418e-03,2.453842348762728705e+02,3.889121672810210040e+00,2.585432687469013668e+00,-4.177891419698431807e-01
4.114886335994059723e-03,2.450899872182035608e+02,3.888476835790551700e+00,2.584956308143525838e+00,-4.176521579130361705e-01
4.119864528079627761e-03,2.447960948187915449e+02,3.887831998770880038e+00,2.584479937587196297e+00,-4.175151770346791635e-01
4.124848742785121140e-03,2.445025572487684542e+02,3.887187161751205711e+00,2.584003575810636555e+00,-4.173781993386191380e-01
4.129838987396714130e-03,2.442093740794061603e+02,3.886542324731582898e+00,2.583527222824514524e+00,-4.172412248287182268e-01
4.134835269209378647e-03,2.439165448824123530e+02,3.885897487711889475e+00,2.583050878639371550e+00,-4.171042535088049230e-01
4.139837595526940639e-03,2.436240692301133208e+02,3.885252650692224030e+00,2.582574543265927058e+00,-4.169672853827588455e-01
4.144845973662033244e-03,2.433319466953101085e+02,3.884607813672593224e+00,2.582098216714848959e+00,-4.168303204544462903e-01
4.149860410936154903e-03,2.430401768512921308e+02,3.883962976652940657e+00,2.581621898996767861e+00,-4.166933587277235618e-01
4.154880914679653751e-03,2.427487592718891278e+02,3.883318139633266775e+00,2.581145590122369882e+00,-4.165564002064636173e-01
4.159907492231749299e-03,2.424576935314577497e+02,3.882673302613595112e+00,2.580669290102373559e+00,-4.164194448945502391e-01
4.164940150940542839e-03,2.421669792048685395e+02,3.882028465593954536e+00,2.580192998947508531e+00,-4.162824927958710952e-01
4.169978898163013981e-03,2.418766158674808935e+02,3.881383628574311739e+00,2.579716716668476462e+00,-4.161455439143074142e-01
4.175023741265054475e-03,2.415866030951681580e+02,3.880738791554640077e+00,2.579240443275996775e+00,-4.160085982537450877e-01
4.180074687621462143e-03,2.412969404643436349e+02,3.880093954534969747e+00,2.578764178780842631e+00,-4.158716558180876044e-01
4.185131744615958223e-03,2.410076275519345472e+02,3.879449117515340717e+00,2.578287923193807174e+00,-4.157347166112449477e-01
4.190194919641202116e-03,2.407186639353314774e+02,3.878804280495681489e+00,2.577811676525615159e+00,-4.155977806371081718e-01
4.195264220098777509e-03,2.404300491924774406e+02,3.878159443476016932e+00,2.577335438787073052e+00,-4.154608478995932552e-01
4.200339653399253088e-03,2.401417829018166117e+02,3.877514606456352375e+00,2.576859209988989985e+00,-4.153239184026168984e-01
4.205421226962133968e-03,2.398538646423074852e+02,3.876869769436701141e+00,2.576382990142191520e+00,-4.151869921501029626e-01
4.210508948215917202e-03,2.395662939933974940e+02,3.876224932417036140e+00,2.575906779257486789e+00,-4.150500691459700908e-01
4.215602824598083109e-03,2.392790705350606402e+02,3.875580095397365366e+00,2.575430577345724004e+00,-4.149131493941503601e-01
4.220702863555110887e-03,2.389921938477726542e+02,3.874935258377692371e+00,2.574954384417761588e+00,-4.147762328985791780e-01
4.225809072542490753e-03,2.387056635125356365e+02,3.874290421358057124e+00,2.574478200484495716e+00,-4.146393196632042200e-01
4.230921459024720478e-03,2.384194791108158142e+02,3.873645584338408998e+00,2.574002025556773265e+00,-4.145024096919586731e-01
4.236040030475342680e-03,2.381336402246185742e+02,3.873000747318769754e+00,2.573525859645505065e+00,-4.143655029887968744e-01
4.241164794376935283e-03,2.378481464364135434e+02,3.872355910299071891e+00,2.573049702761548208e+00,-4.142285995576577284e-01
4.246295758221128869e-03,2.375629973292589057e+02,3.871711073279435311e+00,2.572573554915912108e+00,-4.140916994025251596e-01
4.251432929508624017e-03,2.372781924866151826e+02,3.871066236259752547e+00,2.572097416119452085e+00,-4.139548025273393494e-01
4.256576315749174833e-03,2.369937314925310829e+02,3.870421399240104421e+00,2.571621286383178440e+00,-4.138179089360868312e-01
4.261725924461653124e-03,2.367096139315075618e+02,3.869776562220462957e+00,2.571145165718028647e+00,-4.136810186327331551e-01
4.266881763173996367e-03,2.364258393885474732e+02,3.869131725200797955e+00,2.570669054134953502e+00,-4.135441316212498108e-01
4.272043839423267549e-03,2.361424074491918645e+02,3.868486888181158267e+00,2.570192951644980184e+00,-4.134072479056304927e-01
4.277212160755642159e-03,2.358593176994223484e+02,3.867842051161461292e+00,2.569716858259045722e+00,-4.132703674898442481e-01
4.282386734726424671e-03,2.355765697258077012e+02,3.867197214141820272e+00,2.569240773988250570e+00,-4.131334903779079748e-01
4.287567568900066753e-03,2.352941631153327080e+02,3.866552377122158823e+00,2.568764698843562844e+00,-4.129966165738016559e-01
4.292754670850156863e-03,2.350120974555206885e+02,3.865907540102488937e+00,2.568288632836032370e+00,-4.128597460815300324e-01
4.297948048159459279e-03,2.347303723344083153e+02,3.865262703082858131e+00,2.567812575976750278e+00,-4.127228789051096136e-01
4.303147708419906292e-03,2.344489873404737637e+02,3.864617866063182916e+00,2.567336528276721985e+00,-4.125860150485347044e-01
4.308353659232618156e-03,2.341679420627449701e+02,3.863973029043503704e+00,2.566860489747058161e+00,-4.124491545158299743e-01
4.313565908207911762e-03,2.338872360907512302e+02,3.863328192023869789e+00,2.566384460398888567e+00,-4.123122973110269762e-01
4.318784462965295431e-03,2.336068690144636832e+02,3.862683355004207009e+00,2.565908440243266142e+00,-4.121754434381360022e-01
4.324009331133526167e-03,2.333268404244028034e+02,3.862038517984561548e+00,2.565432429291348182e+00,-4.120385929011979864e-01
4.329240520350559340e-03,2.330471499115429310e+02,3.861393680964890773e+00,2.564956427554235585e+00,-4.119017457042399299e-01
4.334478038263606808e-03,2.327677970673838104e+02,3.860748843945219555e+00,2.564480435043097195e+00,-4.117649018513074854e-01
4.339721892529131708e-03,2.324887814839265729e+02,3.860104006925595410e+00,2.564004451769125392e+00,-4.116280613464562421e-01
4.344972090812854529e-03,2.322101027536145637e+02,3.859459169905942844e+00,2.563528477743444611e+00,-4.114912241937210280e-01
4.350228640789778264e-03,2.319317604694166164e+02,3.858814332886264964e+00,2.563052512977243236e+00,-4.113543903971576543e-01
4.355491550144176272e-03,2.316537542248026682e+02,3.858169495866589749e+00,2.562576557481743844e+00,-4.112175599608326459e-01
4.360760826569632168e-03,2.313760836137326180e+02,3.857524658846935850e+00,2.562100611268176120e+00,-4.110807328888149703e-01
4.366036477769032025e-03,2.310987482306322534e+02,3.856879821827273069e+00,2.561624674347747099e+00,-4.109439091851679882e-01
4.371318511454580849e-03,2.308217476704521971e+02,3.856234984807641375e+00,2.561148746731730874e+00,-4.108070888539761545e-01
4.376606935347820797e-03,2.305450815285864223e+02,3.855590147787982147e+00,2.560672828431337145e+00,-4.106702718993062162e-01
4.381901757179613825e-03,2.302687494009531690e+02,3.854945310768316258e+00,2.560196919457853326e+00,-4.105334583252475689e-01
4.387202984690208481e-03,2.299927508839606389e+02,3.854300473748665912e+00,2.559721019822581489e+00,-4.103966481358955476e-01
4.392510625629186989e-03,2.297170855744832920e+02,3.853655636729007128e+00,2.559245129536798835e+00,-4.102598413353391593e-01
4.397824687755520767e-03,2.294417530698854932e+02,3.853010799709321699e+00,2.558769248611801661e+00,-4.101230379276743498e-01
4.403145178837568688e-03,2.291667529680557607e+02,3.852365962689678902e+00,2.558293377058969309e+00,-4.099862379170209903e-01
4.408472106653084886e-03,2.288920848673145656e+02,3.851721125670020118e+00,2.557817514889595412e+00,-4.098494413074757481e-01
4.413805478989237842e-03,2.286177483664954764e+02,3.851076288650354673e+00,2.557341662115037551e+00,-4.097126481031557743e-01
4.419145303642602572e-03,2.283437430649325108e+02,3.850431451630727864e+00,2.556865818746695052e+00,-4.095758583081897108e-01
4.424491588419203134e-03,2.280700685623815218e+02,3.849786614611034441e+00,2.556389984795873094e+00,-4.094390719266808865e-01
4.429844341134499611e-03,2.277967244591785629e+02,3.849141777591403635e+00,2.555914160274058933e+00,-4.093022889627853655e-01
4.435203569613408066e-03,2.275237103560472178e+02,3.848496940571734637e+00,2.555438345192583949e+00,-4.091655094206171350e-01
4.440569281690316152e-03,2.272510258542575059e+02,3.847852103552080294e+00,2.554962539562909196e+00,-4.090287333043260420e-01
4.445941485209071835e-03,2.269786705555348476e+02,3.847207266532426839e+00,2.554486743396459758e+00,-4.088919606180551614e-01
4.451320188023042378e-03,2.267066440620830576e+02,3.846562429512763615e+00,2.554010956704672264e+00,-4.087551913659502878e-01
4.456705397995066632e-03,2.264349459766066559e+02,3.845917592493112824e+00,2.553535179499033081e+00,-4.086184255521722042e-01
4.462097122997513154e-03,2.261635759022549905e+02,3.845272755473426951e+00,2.553059411790976174e+00,-4.084816631808691478e-01
4.467495370912269795e-03,2.258925334427114535e+02,3.844627918453777937e+00,2.552583653592050528e+00,-4.083449042562222742e-01
4.472900149630759312e-03,2.256218182020931806e+02,3.843983081434136029e+00,2.552107904913734959e+00,-4.082081487823948640e-01
4.478311467053956718e-03,2.253514297849955312e+02,3.843338244414469695e+00,2.551632165767523830e+00,-4.080713967635541395e-01
4.483729331092383211e-03,2.250813677965144848e+02,3.842693407394801142e+00,2.551156436164967456e+00,-4.079346482038856969e-01
4.489153749666140863e-03,2.248116318422242728e+02,3.842048570375156125e+00,2.550680716117630364e+00,-4.077979031075796290e-01
4.494584730704912628e-03,2.245422215281553235e+02,3.841403733355510219e+00,2.550205005637054878e+00,-4.076611614788204219e-01
4.500022282147971009e-03,2.242731364608162608e+02,3.840758896335846106e+00,2.549729304734800195e+00,-4.075244233217995560e-01
4.505466411944200611e-03,2.240043762472051867e+02,3.840114059316177553e+00,2.549253613422466369e+00,-4.073876886407204467e-01
4.510917128052084266e-03,2.237359404947983990e+02,3.839469222296530315e+00,2.548777931711672107e+00,-4.072509574397929488e-01
4.516374438439762877e-03,2.234678288115175349e+02,3.838824385276855544e+00,2.548302259614000143e+00,-4.071142297232178686e-01
4.521838351084987717e-03,2.232000408057954246e+02,3.838179548257198537e+00,2.547826597141111371e+00,-4.069775054952197157e-01
4.527308873975177672e-03,2.229325760865211805e+02,3.837534711237561513e+00,2.547350944304652476e+00,-4.068407847600195026e-01
4.532786015107411436e-03,2.226654342630296242e+02,3.836889874217880969e+00,2.546875301116236390e+00,-4.067040675218295265e-01
4.538269782488443121e-03,2.223986149451772008e+02,3.836245037198218633e+00,2.546399667587575077e+00,-4.065673537848930597e-01
4.543760184134717876e-03,2.221321177432768934e+02,3.835600200178593600e+00,2.545924043730377395e+00,-4.064306435534504325e-01
4.549257228072362338e-03,2.218659422680658793e+02,3.834955363158914832e+00,2.545448429556270931e+00,-4.062939368317234345e-01
4.554760922337232343e-03,2.216000881308243322e+02,3.834310526139267594e+00,2.544972825077033818e+00,-4.061572336239758219e-01
4.560271274974895574e-03,2.213345549432458199e+02,3.833665689119600373e+00,2.544497230304359370e+00,-4.060205339344480358e-01
4.565788294040656718e-03,2.210693423175236774e+02,3.833020852099937148e+00,2.544021645250005736e+00,-4.058838377674012787e-01
4.571311987599565273e-03,2.208044498663079764e+02,3.832376015080269038e+00,2.543546069925724407e+00,-4.057471451270953655e-01
4.576842363726425951e-03,2.205398772027374719e+02,3.831731178060640008e+00,2.543070504343320604e+00,-4.056104560178065976e-01
4.582379430505818634e-03,2.202756239403650511e+02,3.831086341040966570e+00,2.542594948514516950e+00,-4.054737704437885726e-01
4.587923196032090561e-03,2.200116896932749455e+02,3.830441504021317556e+00,2.542119402451164412e+00,-4.053370884093329685e-01
4.593473668409393633e-03,2.197480740759763478e+02,3.829796667001663657e+00,2.541643866165054888e+00,-4.052004099187157538e-01
4.599030855751680934e-03,2.194847767034564754e+02,3.829151829982003985e+00,2.541168339668018028e+00,-4.050637349762246653e-01
4.604594766182721483e-03,2.192217971911699692e+02,3.828506992962344757e+00,2.540692822971899467e+00,-4.049270635861524914e-01
4.610165407836116711e-03,2.189591351550282639e+02,3.827862155942672207e+00,2.540217316088548394e+00,-4.047903957527947405e-01
4.615742788855294390e-03,2.186967902114313063e+02,3.827217318923031186e+00,2.539741819029867287e+00,-4.046537314804639074e-01
4.621326917393547666e-03,2.184347619772046016e+02,3.826572481903374623e+00,2.539266331807707999e+00,-4.045170707734575544e-01
4.626917801614029851e-03,2.181730500696618549e+02,3.825927644883718060e+00,2.538790854433982336e+00,-4.043804136360930057e-01
4.632515449689770040e-03,2.179116541065737636e+02,3.825282807864061052e+00,2.538315386920603878e+00,-4.042437600726880853e-01
4.638119869803683515e-03,2.176505737061576440e+02,3.824637970844369406e+00,2.537839929279478213e+00,-4.041071100875597288e-01
4.643731070148587360e-03,2.173898084871500487e+02,3.823993133824747481e+00,2.537364481522622839e+00,-4.039704636850588448e-01
4.649349058927213472e-03,2.171293580686512996e+02,3.823348296805062940e+00,2.536889043661902043e+00,-4.038338208694922105e-01
4.654973844352203356e-03,2.168692220703117641e+02,3.822703459785405489e+00,2.536413615709350644e+00,-4.036971816452171735e-01
4.660605434646149757e-03,2.166094001121975623e+02,3.822058622765755587e+00,2.535938197676943950e+00,-4.035605460165752612e-01
4.666243838041587121e-03,2.163498918148317784e+02,3.821413785746088809e+00,2.535462789576664377e+00,-4.034239139879113312e-01
4.671889062781009808e-03,2.160906967992152943e+02,3.820768948726427805e+00,2.534987391420543634e+00,-4.032872855635849518e-01
4.677541117116888574e-03,2.158318146868055862e+02,3.820124111706793446e+00,2.534512003220627641e+00,-4.031506607479612980e-01
4.683200009311664497e-03,2.155732450994768783e+02,3.819479274687102688e+00,2.534036624988901476e+00,-4.030140395453884472e-01
4.688865747637788010e-03,2.153149876596415027e+02,3.818834437667477655e+00,2.533561256737515421e+00,-4.028774219602638262e-01
4.694538340377713698e-03,2.150570419900674324e+02,3.818189600647788229e+00,2.533085898478444786e+00,-4.027408079969355681e-01
4.700217795823915037e-03,2.147994077140708669e+02,3.817544763628134330e+00,2.532610550223854506e+00,-4.026041976598071503e-01
4.705904122278898281e-03,2.145420844553743791e+02,3.816899926608497307e+00,2.532135211985831358e+00,-4.024675909532607898e-01
4.711597328055215465e-03,2.142850718381376680e+02,3.816255089588807436e+00,2.531659883776444353e+00,-4.023309878816747065e-01
4.717297421475476552e-03,2.140283694870375655e+02,3.815610252569160199e+00,2.531184565607898396e+00,-4.021943884494667554e-01
4.723004410872349429e-03,2.137719770271477557e+02,3.814965415549505856e+00,2.530709257492300690e+00,-4.020577926610288122e-01
4.728718304588596343e-03,2.135158940840191235e+02,3.814320578529856398e+00,2.530233959441821945e+00,-4.019212005207719596e-01
4.734439110977065220e-03,2.132601202836395373e+02,3.813675741510182515e+00,2.529758671468620435e+00,-4.017846120331035609e-01
4.740166838400713088e-03,2.130046552524835874e+02,3.813030904490545048e+00,2.529283393584930817e+00,-4.016480272024552933e-01
4.745901495232616486e-03,2.127494986174333462e+02,3.812386067470893813e+00,2.528808125802920692e+00,-4.015114460332405710e-01
4.751643089855968859e-03,2.124946500058377978e+02,3.811741230451216822e+00,2.528332868134805622e+00,-4.013748685298868524e-01
4.757391630664119589e-03,2.122401090455126962e+02,3.811096393431546492e+00,2.527857620592842913e+00,-4.012382946968359176e-01
4.763147126060566193e-03,2.119858753647208687e+02,3.810451556411908580e+00,2.527382383189303194e+00,-4.011017245385334329e-01
4.768909584458975136e-03,2.117319485921427429e+02,3.809806719392244911e+00,2.526907155936408245e+00,-4.009651580594127407e-01
4.774679014283190505e-03,2.114783283569353216e+02,3.809161882372573693e+00,2.526431938846452674e+00,-4.008285952639291660e-01
4.780455423967247021e-03,2.112250142887123445e+02,3.808517045352932673e+00,2.525956731931760402e+00,-4.006920361565467492e-01
4.786238821955389119e-03,2.109720060175056346e+02,3.807872208333281439e+00,2.525481535204609163e+00,-4.005554807417189833e-01
4.792029216702061410e-03,2.107193031738132447e+02,3.807227371313634201e+00,2.525006348677333978e+00,-4.004189290239160148e-01
4.797826616671951178e-03,2.104669053885612868e+02,3.806582534293955877e+00,2.524531172362250775e+00,-4.002823810076028277e-01
4.803631030339983177e-03,2.102148122931615717e+02,3.805937697274308196e+00,2.524056006271761188e+00,-4.001458366972711622e-01
4.809442466191332644e-03,2.099630235194246382e+02,3.805292860254640974e+00,2.523580850418195798e+00,-4.000092960973938294e-01
4.815260932721446979e-03,2.097115386996370319e+02,3.804648023234979526e+00,2.523105704813956240e+00,-3.998727592124644015e-01
4.821086438436035342e-03,2.094603574665134147e+02,3.804003186215308752e+00,2.522630569471434381e+00,-3.997362260469744522e-01
4.826918991851112881e-03,2.092094794532342803e+02,3.803358349195669508e+00,2.522155444403074043e+00,-3.995996966054328747e-01
4.832758601492992065e-03,2.089589042933893097e+02,3.802713512176015165e+00,2.521680329621267980e+00,-3.994631708923343516e-01
4.838605275898300029e-03,2.087086316210341295e+02,3.802068675156359934e+00,2.521205225138474226e+00,-3.993266489121927165e-01
4.844459023613993318e-03,2.084586610706620320e+02,3.801423838136704259e+00,2.520730130967153038e+00,-3.991901306695245788e-01
4.850319853197365694e-03,2.082089922772038051e+02,3.800779001117039702e+00,2.520255047119772218e+00,-3.990536161688493788e-01
4.856187773216071556e-03,2.079596248760468313e+02,3.800134164097398681e+00,2.519779973608843537e+00,-3.989171054147011009e-01
4.862062792248112927e-03,2.077105585029781309e+02,3.799489327077703926e+00,2.519304910446818813e+00,-3.987805984115958546e-01
4.867944918881886296e-03,2.074617927942884137e+02,3.798844490058046919e+00,2.518829857646281756e+00,-3.986440951640912722e-01
4.873834161716172203e-03,2.072133273866588183e+02,3.798199653038388579e+00,2.518354815219742360e+00,-3.985075956767224481e-01
4.879730529360155195e-03,2.069651619172268795e+02,3.797554816018736457e+00,2.517879783179754138e+00,-3.983710999540399644e-01
4.885634030433439433e-03,2.067172960235584185e+02,3.796909978999073676e+00,2.517404761538872382e+00,-3.982346080005946809e-01
4.891544673566041758e-03,2.064697293436754535e+02,3.796265141979428659e+00,2.516929750309695901e+00,-3.980981198209529448e-01
4.897462467398435056e-03,2.062224615160190808e+02,3.795620304959781421e+00,2.516454749504810184e+00,-3.979616354196761630e-01
4.903387420581540451e-03,2.059754921794678069e+02,3.794975467940112868e+00,2.515979759136808269e+00,-3.978251548013307382e-01
4.909319541776745524e-03,2.057288209733565338e+02,3.794330630920461189e+00,2.515504779218348030e+00,-3.976886779705019470e-01
4.915258839655915583e-03,2.054824475374297492e+02,3.793685793900790415e+00,2.515029809762044266e+00,-3.975522049317640194e-01
4.921205322901406679e-03,2.052363715118973744e+02,3.793040956881145842e+00,2.514554850780584605e+00,-3.974157356897141669e-01
4.927159000206085548e-03,2.049905925373699915e+02,3.792396119861483950e+00,2.514079902286613599e+00,-3.972792702489367223e-01
4.933119880273318346e-03,2.047451102549142377e+02,3.791751282841815840e+00,2.513604964292824651e+00,-3.971428086140324498e-01
4.939087971817018342e-03,2.044999243060341882e+02,3.791106445822165494e+00,2.513130036811940027e+00,-3.970063507896112731e-01
4.945063283561632918e-03,2.042550343326441578e+02,3.790461608802494720e+00,2.512655119856647801e+00,-3.968698967802745114e-01
4.951045824242166112e-03,2.040104399771141175e+02,3.789816771782826610e+00,2.512180213439700438e+00,-3.967334465906425245e-01
4.957035602604195103e-03,2.037661408822426381e+02,3.789171934763174487e+00,2.511705317573857954e+00,-3.965970002253398352e-01
4.963032627403859802e-03,2.035221366912475389e+02,3.788527097743517924e+00,2.511230432271870150e+00,-3.964605576889883021e-01
4.969036907407911423e-03,2.032784270477932580e+02,3.787882260723881345e+00,2.510755557546530348e+00,-3.963241189862251601e-01
4.975048451393700340e-03,2.030350115959545860e+02,3.787237423704231443e+00,2.510280693410616326e+00,-3.961876841216816492e-01
4.981067268149196037e-03,2.027918899802438943e+02,3.786592586684555783e+00,2.509805839876925404e+00,-3.960512530999988345e-01
4.987093366473000985e-03,2.025490618456200025e+02,3.785947749664888118e+00,2.509330996958311299e+00,-3.959148259258322144e-01
4.993126755174359319e-03,2.023065268374699599e+02,3.785302912645259532e+00,2.508856164667637945e+00,-3.957784026038437819e-01
4.999167443073180249e-03,2.020642846015649639e+02,3.784658075625581208e+00,2.508381343017698661e+00,-3.956419831386747132e-01
5.000000000000000104e-03,2.020309434733138403e+02,3.784569262158964609e+00,2.508315946619223524e+00,-3.956231943746615909e-01
5.005215439000027661e-03,2.018223347841668271e+02,3.784013238605935303e+00,2.507906532021425328e+00,-3.955055675350083177e-01
5.011270751796163478e-03,2.015806770319126144e+02,3.783368401586259200e+00,2.507431731691664112e+00,-3.953691557975034798e-01
5.017333390313540725e-03,2.013393109919033748e+02,3.782723564566596419e+00,2.506956942041346892e+00,-3.952327479308461178e-01
5.023403363414821743e-03,2.010982363116507656e+02,3.782078727546939856e+00,2.506482163083391335e+00,-3.950963439397180976e-01
5.029480679973395534e-03,2.008574526390861763e+02,3.781433890527271746e+00,2.506007394830719548e+00,-3.949599438288041720e-01
5.035565348873370824e-03,2.006169596225958571e+02,3.780789053507651154e+00,2.505532637296326914e+00,-3.948235476028111868e-01
5.041657379009620299e-03,2.003767569109329543e+02,3.780144216487982600e+00,2.505057890493108452e+00,-3.946871552664186211e-01
5.047756779287772798e-03,2.001368441533319356e+02,3.779499379468322928e+00,2.504583154434088854e+00,-3.945507668243442012e-01
5.053863558624229792e-03,1.998972209994290949e+02,3.778854542448666809e+00,2.504108429132263058e+00,-3.944143822812985478e-01
5.059977725946181865e-03,1.996578870992806287e+02,3.778209705429004028e+00,2.503633714600638438e+00,-3.942780016419961120e-01
5.066099290191617387e-03,1.994188421033797454e+02,3.777564868409360344e+00,2.503159010852263222e+00,-3.941416249111655556e-01
5.072228260309344199e-03,1.991800856626221332e+02,3.776920031389711330e+00,2.502684317900162991e+00,-3.940052520935293234e-01
5.078364645258981805e-03,1.989416174283317673e+02,3.776275194370044552e+00,2.502209635757391748e+00,-3.938688831938199630e-01
5.084508454011003008e-03,1.987034370522610232e+02,3.775630357350368005e+00,2.501734964437033693e+00,-3.937325182167786264e-01
5.090659695546728702e-03,1.984655441865992032e+02,3.774985520330736755e+00,2.501260303952221431e+00,-3.935961571671626191e-01
5.096818378858346092e-03,1.982279384839037846e+02,3.774340683311062872e+00,2.500785654315997419e+00,-3.934598000497046000e-01
5.102984512948924301e-03,1.979906195972034766e+02,3.773695846291395650e+00,2.500311015541525350e+00,-3.933234468691723662e-01
5.109158106832410902e-03,1.977535871799210838e+02,3.773051009271719991e+00,2.499836387641930280e+00,-3.931870976303252774e-01
5.115339169533672688e-03,1.975168408859159968e+02,3.772406172252064760e+00,2.499361770630396329e+00,-3.930507523379388468e-01
5.121527710088490462e-03,1.972803803694505405e+02,3.771761335232422407e+00,2.498887164520084081e+00,-3.929144109967850351e-01
5.127723737543576389e-03,1.970442052851980748e+02,3.771116498212762291e+00,2.498412569324163446e+00,-3.927780736116381344e-01
5.133927260956586136e-03,1.968083152882688580e+02,3.770471661193108837e+00,2.497937985055854515e+00,-3.926417401872889790e-01
5.140138289396135353e-03,1.965727100341757705e+02,3.769826824173449165e+00,2.497463411728369831e+00,-3.925054107285270155e-01
5.146356831941815285e-03,1.963373891788515380e+02,3.769181987153780167e+00,2.496988849354940587e+00,-3.923690852401485185e-01
5.152582897684184968e-03,1.961023523786568319e+02,3.768537150134129377e+00,2.496514297948841499e+00,-3.922327637269631961e-01
5.158816495724818062e-03,1.958675992903470444e+02,3.767892313114469705e+00,2.496039757523320635e+00,-3.920964461937745393e-01
5.165057635176294182e-03,1.956331295711054565e+02,3.767247476094814029e+00,2.495565228091671361e+00,-3.919601326453997503e-01
5.171306325162216243e-03,1.953989428785183122e+02,3.766602639075136594e+00,2.495090709667175055e+00,-3.918238230866545324e-01
5.177562574817231277e-03,1.951650388706166837e+02,3.765957802055502235e+00,2.494616202263195248e+00,-3.916875175223792360e-01
5.183826393287015687e-03,1.949314172057928261e+02,3.765312965035831017e+00,2.494141705893007988e+00,-3.915512159573899531e-01
5.190097789728347240e-03,1.946980775429003359e+02,3.764668128016178894e+00,2.493667220570000786e+00,-3.914149183965361378e-01
5.196376773309045217e-03,1.944650195411792311e+02,3.764023290996527660e+00,2.493192746307526075e+00,-3.912786248446583626e-01
5.202663353208041540e-03,1.942322428602889204e+02,3.763378453976883531e+00,2.492718283118969591e+00,-3.911423353066082464e-01
5.208957538615365153e-03,1.939997471602841017e+02,3.762733616957202987e+00,2.492243831017696198e+00,-3.910060497872321905e-01
5.215259338732166315e-03,1.937675321016634200e+02,3.762088779937540206e+00,2.491769390017159580e+00,-3.908697682914034632e-01
5.221568762770730475e-03,1.935355973453121976e+02,3.761443942917882310e+00,2.491294960130779224e+00,-3.907334908239872284e-01
5.227885819954472199e-03,1.933039425525354602e+02,3.760799105898240846e+00,2.490820541372011476e+00,-3.905972173898596966e-01
5.234210519517980276e-03,1.930725673850329542e+02,3.760154268878592720e+00,2.490346133754298474e+00,-3.904609479938951355e-01
5.240542870707010775e-03,1.928414715049161998e+02,3.759509431858919282e+00,2.489871737291106779e+00,-3.903246826409747516e-01
5.246882882778505265e-03,1.926106545747320240e+02,3.758864594839277373e+00,2.489397351995972674e+00,-3.901884213360020670e-01
5.253230565000609024e-03,1.923801162573901422e+02,3.758219757819599494e+00,2.488922977882357834e+00,-3.900521640838601201e-01
5.259585926652659768e-03,1.921498562162519192e+02,3.757574920799940710e+00,2.488448614963830519e+00,-3.899159108894639236e-01
5.265948977025257903e-03,1.919198741150657952e+02,3.756930083780304130e+00,2.487974263253936780e+00,-3.897796617577226619e-01
5.272319725420205813e-03,1.916901696179675412e+02,3.756285246760636021e+00,2.487499922766195137e+00,-3.896434166935403010e-01
5.278698181150582452e-03,1.914607423895280363e+02,3.755640409740967467e+00,2.487025593514207600e+00,-3.895071757018442327e-01
5.285084353540725130e-03,1.912315920947136192e+02,3.754995572721300245e+00,2.486551275511567294e+00,-3.893709387875616268e-01
5.291478251926255531e-03,1.910027183989017772e+02,3.754350735701653896e+00,2.486076968771898876e+00,-3.892347059556298672e-01
5.297879885654091861e-03,1.907741209678573284e+02,3.753705898682000441e+00,2.485602673308807020e+00,-3.890984772109815082e-01
5.304289264082445374e-03,1.905457994677562681e+02,3.753061061662334108e+00,2.485128389135930593e+00,-3.889622525585601509e-01
5.310706396580866344e-03,1.903177535651859671e+02,3.752416224642669107e+00,2.484654116266937329e+00,-3.888260320033196660e-01
5.317131292530232790e-03,1.900899829271369299e+02,3.751771387623020981e+00,2.484179854715517166e+00,-3.886898155502202523e-01
5.323563961322772160e-03,1.898624872209871342e+02,3.751126550603366194e+00,2.483705604495340502e+00,-3.885536032042191668e-01
5.330004412362081279e-03,1.896352661145335787e+02,3.750481713583723398e+00,2.483231365620133690e+00,-3.884173949702895423e-01
5.336452655063109868e-03,1.894083192759452743e+02,3.749836876564033528e+00,2.482757138103576011e+00,-3.882811908533939094e-01
5.342908698852237744e-03,1.891816463738491336e+02,3.749192039544396948e+00,2.482282921959484856e+00,-3.881449908585340447e-01
5.349372553167209762e-03,1.889552470772051436e+02,3.748547202524723065e+00,2.481808717201549275e+00,-3.880087949906775857e-01
5.355844227457210414e-03,1.887291210554310510e+02,3.747902365505084710e+00,2.481334523843601314e+00,-3.878726032548327485e-01
5.362323731182850814e-03,1.885032679782933371e+02,3.747257528485412603e+00,2.480860341899377985e+00,-3.877364156559837127e-01
5.368811073816186046e-03,1.882776875160006966e+02,3.746612691465756484e+00,2.480386171382728211e+00,-3.876002321991460775e-01
5.375306264840738583e-03,1.880523793391339780e+02,3.745967854446095480e+00,2.479912012307456948e+00,-3.874640528893265046e-01
5.381809313751484414e-03,1.878273431186849223e+02,3.745323017426441581e+00,2.479437864687418891e+00,-3.873278777315445343e-01
5.388320230054905943e-03,1.876025785260330565e+02,3.744678180406782797e+00,2.478963728536460298e+00,-3.871917067308205951e-01
5.394839023268979857e-03,1.873780852329613253e+02,3.744033343387120016e+00,2.478489603868462066e+00,-3.870555398921845525e-01
5.401365702923196198e-03,1.871538629116479626e+02,3.743388506367456348e+00,2.478015490697314416e+00,-3.869193772206716564e-01
5.407900278558582657e-03,1.869299112346745062e+02,3.742743669347809554e+00,2.477541389036940433e+00,-3.867832187213277040e-01
5.414442759727683754e-03,1.867062298750024638e+02,3.742098832328157876e+00,2.477067298901249881e+00,-3.866470643991953282e-01
5.420993155994643237e-03,1.864828185059967893e+02,3.741453995308499536e+00,2.476593220304184051e+00,-3.865109142593276537e-01
5.427551476935132957e-03,1.862596768014180100e+02,3.740809158288836311e+00,2.476119153259702887e+00,-3.863747683067849659e-01
5.434117732136435272e-03,1.860368044354219705e+02,3.740164321269173087e+00,2.475645097781789428e+00,-3.862386265466339341e-01
5.440691931197423094e-03,1.858142010825523585e+02,3.739519484249500980e+00,2.475171053884426264e+00,-3.861024889839447805e-01
5.447274083728582440e-03,1.855918664177637254e+02,3.738874647229856407e+00,2.474697021581651946e+00,-3.859663556238031035e-01
5.453864199352032385e-03,1.853698001163758988e+02,3.738229810210199844e+00,2.474223000887466384e+00,-3.858302264712850649e-01
5.460462287701516385e-03,1.851480018541192862e+02,3.737584973190543725e+00,2.473748991815919673e+00,-3.856941015314834242e-01
5.467068358422448246e-03,1.849264713071121378e+02,3.736940136170889826e+00,2.473274994381076120e+00,-3.855579808094952154e-01
5.473682421171906926e-03,1.847052081518610294e+02,3.736295299151229266e+00,2.472801008597007133e+00,-3.854218643104212472e-01
5.480304485618653007e-03,1.844842120652677409e+02,3.735650462131566041e+00,2.472327034477810326e+00,-3.852857520393715984e-01
5.486934561443150386e-03,1.842634827246295401e+02,3.735005625111922356e+00,2.471853072037613064e+00,-3.851496440014652856e-01
5.493572658337552393e-03,1.840430198076171280e+02,3.734360788092266237e+00,2.471379121290524061e+00,-3.850135402018172170e-01
5.500218786005776385e-03,1.838228229922963237e+02,3.733715951072587469e+00,2.470905182250680454e+00,-3.848774406455531816e-01
5.506872954163441296e-03,1.836028919571435267e+02,3.733071114052935791e+00,2.470431254932282439e+00,-3.847413453378164538e-01
5.513535172537942231e-03,1.833832263809933352e+02,3.732426277033275674e+00,2.469957339349483139e+00,-3.846052542837398724e-01
5.520205450868435719e-03,1.831638259430906714e+02,3.731781440013630213e+00,2.469483435516500069e+00,-3.844691674884745947e-01
5.526883798905862268e-03,1.829446903230465011e+02,3.731136602993969653e+00,2.469009543447522326e+00,-3.843330849571658936e-01
5.533570226412963707e-03,1.827258192008817161e+02,3.730491765974319307e+00,2.468535663156805615e+00,-3.841970066949785823e-01
5.540264743164276251e-03,1.825072122569835074e+02,3.729846928954654306e+00,2.468061794658575892e+00,-3.840609327070713119e-01
5.546967358946178206e-03,1.822888691721416308e+02,3.729202091934991969e+00,2.467587937967116396e+00,-3.839248629986196648e-01
5.553678083556883027e-03,1.820707896275192184e+02,3.728557254915314978e+00,2.467114093096696159e+00,-3.837887975747965585e-01
5.560396926806454934e-03,1.818529733046893568e+02,3.727912417895682839e+00,2.466640260061660150e+00,-3.836527364407982810e-01
5.567123898516835798e-03,1.816354198855625270e+02,3.727267580876006292e+00,2.466166438876263634e+00,-3.835166796017959734e-01
5.573859008521825191e-03,1.814181290524875863e+02,3.726622743856364384e+00,2.465692629554897319e+00,-3.833806270630026880e-01
5.580602266667158452e-03,1.812011004881514111e+02,3.725977906836698939e+00,2.465218832111871983e+00,-3.832445788296072187e-01
5.587353682810445969e-03,1.809843338756572280e+02,3.725333069817043707e+00,2.464745046561584996e+00,-3.831085349068272805e-01
5.594113266821242568e-03,1.807678288984679114e+02,3.724688232797368492e+00,2.464271272918398648e+00,-3.829724952998700416e-01
5.600881028581040574e-03,1.805515852404555517e+02,3.724043395777721699e+00,2.463797511196756940e+00,-3.828364600139676499e-01
5.607656977983286294e-03,1.803356025858446117e+02,3.723398558758064691e+00,2.463323761411053248e+00,-3.827004290543394305e-01
5.614441124933399092e-03,1.801198806192619486e+02,3.722753721738417010e+00,2.462850023575741343e+00,-3.825644024262235265e-01
5.621233479348767062e-03,1.799044190257009177e+02,3.722108884718760446e+00,2.462376297705264783e+00,-3.824283801348560830e-01
5.628034051158792989e-03,1.796892174905429158e+02,3.721464047699092781e+00,2.461902583814099099e+00,-3.822923621854834586e-01
5.634842850304884812e-03,1.794742756995572108e+02,3.720819210679438438e+00,2.461428881916754019e+00,-3.821563485833636697e-01
5.641659886740479912e-03,1.792595933388797960e+02,3.720174373659782763e+00,2.460955192027728167e+00,-3.820203393337531783e-01
5.648485170431061589e-03,1.790451700950277427e+02,3.719529536640115541e+00,2.460481514161541039e+00,-3.818843344419148855e-01
5.655318711354146918e-03,1.788310056549058800e+02,3.718884699620455425e+00,2.460007848332752989e+00,-3.817483339131253484e-01
5.662160519499363949e-03,1.786170997057928389e+02,3.718239862600802415e+00,2.459534194555928810e+00,-3.816123377526628446e-01
5.669010604868386649e-03,1.784034519353411667e+02,3.717595025581152957e+00,2.459060552845642622e+00,-3.814763459658113143e-01
5.675868977475010367e-03,1.781900620315774120e+02,3.716950188561486179e+00,2.458586923216478315e+00,-3.813403585578576394e-01
5.682735647345141423e-03,1.779769296829227301e+02,3.716305351541836277e+00,2.458113305683077066e+00,-3.812043755341065210e-01
5.689610624516813590e-03,1.777640545781514732e+02,3.715660514522168167e+00,2.457639700260047189e+00,-3.810683968998548887e-01
5.696493919040211511e-03,1.775514364064326571e+02,3.715015677502503166e+00,2.457166106962054730e+00,-3.809324226604171582e-01
5.703385540977661157e-03,1.773390748573092139e+02,3.714370840482854152e+00,2.456692525803778615e+00,-3.807964528211134070e-01
5.710285500403678403e-03,1.771269696206842070e+02,3.713726003463194925e+00,2.456218956799884445e+00,-3.806604873872606598e-01
5.717193807404963822e-03,1.769151203868484288e+02,3.713081166443531700e+00,2.455745399965084452e+00,-3.805245263641908737e-01
5.724110472080417428e-03,1.767035268464666444e+02,3.712436329423873360e+00,2.455271855314105078e+00,-3.803885697572417790e-01
5.731035504541159495e-03,1.764921886905773931e+02,3.711791492404230564e+00,2.454798322861693638e+00,-3.802526175717578227e-01
5.737968914910541833e-03,1.762811056105796581e+02,3.711146655384571780e+00,2.454324802622586343e+00,-3.801166698130819532e-01
5.744910713324170339e-03,1.760702772982600095e+02,3.710501818364910775e+00,2.453851294611568257e+00,-3.799807264865722178e-01
5.751860909929892851e-03,1.758597034457789050e+02,3.709856981345266647e+00,2.453377798843446644e+00,-3.798447875975948795e-01
5.758819514887854665e-03,1.756493837456503684e+02,3.709212144325603422e+00,2.452904315333006569e+00,-3.797088531515107057e-01
5.765786538370484653e-03,1.754393178907761808e+02,3.708567307305929983e+00,2.452430844095084606e+00,-3.795729231536970061e-01
5.772761990562520415e-03,1.752295055744316130e+02,3.707922470286267203e+00,2.451957385144543977e+00,-3.794369976095396946e-01
5.779745881661024764e-03,1.750199464902527495e+02,3.707277633266604866e+00,2.451483938496238579e+00,-3.793010765244240190e-01
5.786738221875380520e-03,1.748106403322495339e+02,3.706632796246943418e+00,2.451010504165058723e+00,-3.791651599037451636e-01
5.793739021427339944e-03,1.746015867948057689e+02,3.705987959227296180e+00,2.450537082165908931e+00,-3.790292477529068060e-01
5.800748290551014340e-03,1.743927855726657583e+02,3.705343122207649387e+00,2.450063672513701718e+00,-3.788933400773137339e-01
5.807766039492896597e-03,1.741842363609479207e+02,3.704698285188003926e+00,2.449590275223375357e+00,-3.787574368823805049e-01
5.814792278511876807e-03,1.739759388551246104e+02,3.704053448168318496e+00,2.449116890309853911e+00,-3.786215381735186791e-01
5.821827017879255273e-03,1.737678927510750100e+02,3.703408611148672591e+00,2.448643517788169355e+00,-3.784856439561726238e-01
5.828870267878765062e-03,1.735600977449996094e+02,3.702763774129000041e+00,2.448170157673263514e+00,-3.783497542357619481e-01
5.835922038806562462e-03,1.733525535335053007e+02,3.702118937109356356e+00,2.447696809980189681e+00,-3.782138690177388463e-01
5.842982340971277291e-03,1.731452598135272751e+02,3.701474100089679808e+00,2.447223474723928316e+00,-3.780779883075375269e-01
5.850051184694005958e-03,1.729382162824068701e+02,3.700829263070036124e+00,2.446750151919574012e+00,-3.779421121106250614e-01
5.857128580308329675e-03,1.727314226378138073e+02,3.700184426050365349e+00,2.446276841582148975e+00,-3.778062404324494250e-01
5.864214538160339614e-03,1.725248785778175318e+02,3.699539589030724329e+00,2.445803543726773555e+00,-3.776703732784887357e-01
5.871309068608623893e-03,1.723185838008157589e+02,3.698894752011051779e+00,2.445330258368506815e+00,-3.775345106542041251e-01
5.878412182024321357e-03,1.721125380056058702e+02,3.698249914991395659e+00,2.444856985522502413e+00,-3.773986525650852020e-01
5.885523888791109430e-03,1.719067408913266775e+02,3.697605077971735099e+00,2.444383725203882474e+00,-3.772627990166146361e-01
5.892644199305231874e-03,1.717011921574970188e+02,3.696960240952100740e+00,2.443910477427822858e+00,-3.771269500142919173e-01
5.899773123975507461e-03,1.714958915039709666e+02,3.696315403932435295e+00,2.443437242209458127e+00,-3.769911055636048780e-01
5.906910673223346453e-03,1.712908386309952959e+02,3.695670566912775179e+00,2.442964019564006772e+00,-3.768552656700676629e-01
5.914056857482774890e-03,1.710860332391650331e+02,3.695025729893113731e+00,2.442490809506674410e+00,-3.767194303391926402e-01
5.921211687200423311e-03,1.708814750294421572e+02,3.694380892873462496e+00,2.442017612052697295e+00,-3.765835995765013933e-01
5.928375172835577932e-03,1.706771637031369551e+02,3.693736055853787725e+00,2.441544427217300139e+00,-3.764477733875141174e-01
5.935547324860174570e-03,1.704730989619457375e+02,3.693091218834137379e+00,2.441071255015784480e+00,-3.763119517777738787e-01
5.942728153758815995e-03,1.702692805079004756e+02,3.692446381814481704e+00,2.440598095463412331e+00,-3.761761347528144728e-01
5.949917670028795347e-03,1.700657080434064881e+02,3.691801544794832690e+00,2.440124948575493224e+00,-3.760403223181847387e-01
5.957115884180088326e-03,1.698623812712173731e+02,3.691156707775165025e+00,2.439651814367332250e+00,-3.759045144794329052e-01
5.964322806735402639e-03,1.696592998944599913e+02,3.690511870755498691e+00,2.439178692854282904e+00,-3.757687112421234099e-01
5.971538448230172789e-03,1.694564636166159630e+02,3.689867033735842128e+00,2.438705584051712449e+00,-3.756329126118250761e-01
5.978762819212574825e-03,1.692538721415213558e+02,3.689222196716191338e+00,2.438232487974991702e+00,-3.754971185941102241e-01
5.985995930243550624e-03,1.690515251733667128e+02,3.688577359696529889e+00,2.437759404639506577e+00,-3.753613291945558372e-01
5.993237791896814833e-03,1.688494224167097570e+02,3.687932522676873326e+00,2.437286334060683402e+00,-3.752255444187524991e-01
6.000488414758882623e-03,1.686475635764565482e+02,3.687287685657212766e+00,2.436813276253944949e+00,-3.750897642722911818e-01
6.007747809429057548e-03,1.684459483578737888e+02,3.686642848637545100e+00,2.436340231234745080e+00,-3.749539887607730715e-01
6.015015986519484451e-03,1.682445764665953334e+02,3.685998011617908521e+00,2.435867199018579399e+00,-3.748182178898130101e-01
6.022292956655141659e-03,1.680434476085786457e+02,3.685353174598236858e+00,2.435394179620890220e+00,-3.746824516650114623e-01
6.029578730473860067e-03,1.678425614901727840e+02,3.684708337578581627e+00,2.434921173057221111e+00,-3.745466900919994790e-01
6.036873318626347421e-03,1.676419178180569247e+02,3.684063500558909965e+00,2.434448179343077001e+00,-3.744109331763986748e-01
6.044176731776178778e-03,1.674415162992891339e+02,3.683418663539274274e+00,2.433975198494039649e+00,-3.742751809238543115e-01
6.051488980599845947e-03,1.672413566412456021e+02,3.682773826519605720e+00,2.433502230525623311e+00,-3.741394333399931660e-01
6.058810075786754019e-03,1.670414385516935738e+02,3.682128989499961591e+00,2.433029275453454154e+00,-3.740036904304755438e-01
6.066140028039238713e-03,1.668417617387245855e+02,3.681484152480302807e+00,2.432556333293102835e+00,-3.738679522009482059e-01
6.073478848072582856e-03,1.666423259107969841e+02,3.680839315460635142e+00,2.432083404060196852e+00,-3.737322186570746774e-01
6.080826546615033731e-03,1.664431307767234216e+02,3.680194478440973693e+00,2.431610487770385909e+00,-3.735964898045261440e-01
6.088183134407823896e-03,1.662441760456594579e+02,3.679549641421302031e+00,2.431137584439316601e+00,-3.734607656489749572e-01
6.095548622205160770e-03,1.660454614271328353e+02,3.678904804401672557e+00,2.430664694082706134e+00,-3.733250461961150624e-01
6.102923020774282149e-03,1.658469866309782503e+02,3.678259967381994677e+00,2.430191816716181563e+00,-3.731893314516160354e-01
6.110306340895445797e-03,1.656487513674327090e+02,3.677615130362345219e+00,2.429718952355517381e+00,-3.730536214211904178e-01
6.117698593361950259e-03,1.654507553470458276e+02,3.676970293342679774e+00,2.429246101016412585e+00,-3.729179161105319329e-01
6.125099788980159152e-03,1.652529982807398028e+02,3.676325456323024099e+00,2.428773262714644776e+00,-3.727822155253565639e-01
6.132509938569489887e-03,1.650554798797736282e+02,3.675680619303372865e+00,2.428300437465976458e+00,-3.726465196713791284e-01
6.139929052962470046e-03,1.648581998557546342e+02,3.675035782283709196e+00,2.427827625286189672e+00,-3.725108285543201059e-01
6.147357143004723509e-03,1.646611579206507940e+02,3.674390945264057073e+00,2.427354826191116199e+00,-3.723751421799162409e-01
6.154794219554996469e-03,1.644643537867665941e+02,3.673746108244410724e+00,2.426882040196574497e+00,-3.722394605539026680e-01
6.162240293485173048e-03,1.642677871667495992e+02,3.673101271224739062e+00,2.426409267318396790e+00,-3.721037836820183520e-01
6.169695375680288307e-03,1.640714577736133890e+02,3.672456434205079834e+00,2.425936507572476142e+00,-3.719681115700222973e-01
6.177159477038553399e-03,1.638753653207024854e+02,3.671811597185415721e+00,2.425463760974688743e+00,-3.718324442236696781e-01
6.184632608471344294e-03,1.636795095217159428e+02,3.671166760165758269e+00,2.424991027540948973e+00,-3.716967816487281584e-01
6.192114780903258155e-03,1.634838900906955246e+02,3.670521923146105259e+00,2.424518307287179653e+00,-3.715611238509699543e-01
6.199606005272101199e-03,1.632885067420257315e+02,3.669877086126449139e+00,2.424045600229322694e+00,-3.714254708361726665e-01
6.207106292528911246e-03,1.630933591904454545e+02,3.669232249106808119e+00,2.423572906383354653e+00,-3.712898226101268295e-01
6.214615653637984606e-03,1.628984471510132437e+02,3.668587412087123578e+00,2.423100225765217441e+00,-3.711541791786133748e-01
6.222134099576858736e-03,1.627037703391764580e+02,3.667942575067479449e+00,2.422627558390973324e+00,-3.710185405474502596e-01
6.229661641336372950e-03,1.625093284706794634e+02,3.667297738047805566e+00,2.422154904276595300e+00,-3.708829067224304055e-01
6.237198289920658015e-03,1.623151212616492671e+02,3.666652901028162770e+00,2.421682263438169169e+00,-3.707472777093812066e-01
6.244744056347155230e-03,1.621211484285215079e+02,3.666008064008497325e+00,2.421209635891716339e+00,-3.706116535141125157e-01
6.252298951646636377e-03,1.619274096880973275e+02,3.665363226988830103e+00,2.420737021653334153e+00,-3.704760341424576664e-01
6.259862986863217599e-03,1.617339047575150914e+02,3.664718389969169987e+00,2.420264420739127509e+00,-3.703404196002537119e-01
6.267436173054382817e-03,1.615406333542615016e+02,3.664073552949540513e+00,2.419791833165234607e+00,-3.702048098933484743e-01
6.275018521290974191e-03,1.613475951961321186e+02,3.663428715929861301e+00,2.419319258947734586e+00,-3.700692050275750100e-01
6.282610042657245895e-03,1.611547900013104311e+02,3.662783878910209179e+00,2.418846698102843362e+00,-3.699336050088060102e-01
6.290210748250856312e-03,1.609622174882888714e+02,3.662139041890553948e+00,2.418374150646717791e+00,-3.697980098428991225e-01
6.297820649182889717e-03,1.607698773759140067e+02,3.661494204870912039e+00,2.417901616595563130e+00,-3.696624195357287590e-01
6.305439756577878828e-03,1.605777693833524893e+02,3.660849367851233271e+00,2.417429095965565544e+00,-3.695268340931626150e-01
6.313068081573795266e-03,1.603858932301419031e+02,3.660204530831576264e+00,2.416956588773000902e+00,-3.693912535210979176e-01
6.320705635322104200e-03,1.601942486361346027e+02,3.659559693811917480e+00,2.416484095034109991e+00,-3.692556778254220129e-01
6.328352428987757405e-03,1.600028353215312222e+02,3.658914856792263137e+00,2.416011614765176674e+00,-3.691201070120366801e-01
6.336008473749211480e-03,1.598116530068695340e+02,3.658270019772620785e+00,2.415539147982498136e+00,-3.689845410868486941e-01
6.343673780798449527e-03,1.596207014130133075e+02,3.657625182752955784e+00,2.415066694702365346e+00,-3.688489800557652742e-01
6.351348361340990699e-03,1.594299802611803045e+02,3.656980345733290338e+00,2.414594254941132334e+00,-3.687134239247120693e-01
6.359032226595922287e-03,1.592394892729197409e+02,3.656335508713630222e+00,2.414121828715154461e+00,-3.685778726996179477e-01
6.366725387795879772e-03,1.590492281701126274e+02,3.655690671693960780e+00,2.413649416040800411e+00,-3.684423263864152198e-01
6.374427856187111878e-03,1.588591966749823428e+02,3.655045834674294891e+00,2.413177016934472174e+00,-3.683067849910489078e-01
6.382139643029463225e-03,1.586693945100898304e+02,3.654400997654647654e+00,2.412704631412594836e+00,-3.681712485194722495e-01
6.389860759596402082e-03,1.584798213983164601e+02,3.653756160634985317e+00,2.412232259491578823e+00,-3.680357169776343751e-01
6.397591217175042054e-03,1.582904770628972244e+02,3.653111323615336747e+00,2.411759901187901178e+00,-3.679001903715057309e-01
6.405331027066124734e-03,1.581013612273879403e+02,3.652466486595687734e+00,2.411287556518022956e+00,-3.677646687070540432e-01
6.413080200584110775e-03,1.579124736156815061e+02,3.651821649576029838e+00,2.410815225498433190e+00,-3.676291519902564753e-01
6.420838749057100961e-03,1.577238139520027289e+02,3.651176812556350626e+00,2.410342908145639562e+00,-3.674936402270964630e-01
6.428606683826929881e-03,1.575353819609295556e+02,3.650531975536708273e+00,2.409870604476214595e+00,-3.673581334235782037e-01
6.436384016249143379e-03,1.573471773673392420e+02,3.649887138517043272e+00,2.409398314506671301e+00,-3.672226315856898515e-01
6.444170757693028911e-03,1.571591998964678965e+02,3.649242301497387597e+00,2.408926038253605295e+00,-3.670871347194455403e-01
6.451966919541632893e-03,1.569714492738724232e+02,3.648597464477734142e+00,2.408453775733609081e+00,-3.669516428308585709e-01
6.459772513191753759e-03,1.567839252254415783e+02,3.647952627458078911e+00,2.407981526963289820e+00,-3.668161559259496274e-01
6.467587550053997478e-03,1.565966274773957139e+02,3.647307790438414354e+00,2.407509291959279984e+00,-3.666806740107471652e-01
6.475412041552768005e-03,1.564095557562870908e+02,3.646662953418742248e+00,2.407037070738232920e+00,-3.665451970912874113e-01
6.483245999126290710e-03,1.562227097890101390e+02,3.646018116399101228e+00,2.406564863316852598e+00,-3.664097251736225802e-01
6.491089434226634917e-03,1.560360893027644806e+02,3.645373279379447329e+00,2.406092669711800802e+00,-3.662742582637944500e-01
6.498942358319700040e-03,1.558496940250922762e+02,3.644728442359776110e+00,2.405620489939792161e+00,-3.661387963678611746e-01
6.506804782885299704e-03,1.556635236838777132e+02,3.644083605340133758e+00,2.405148324017590600e+00,-3.660033394918971728e-01
6.514676719417094100e-03,1.554775780073103988e+02,3.643438768320480747e+00,2.404676171961926734e+00,-3.658678876419684811e-01
6.522558179422670646e-03,1.552918567239117635e+02,3.642793931300790433e+00,2.404204033789555606e+00,-3.657324408241493519e-01
6.530449174423535313e-03,1.551063595625662401e+02,3.642149094281160071e+00,2.403731909517345056e+00,-3.655969990445478435e-01
6.538349715955129975e-03,1.549210862524324455e+02,3.641504257261496846e+00,2.403259799162042132e+00,-3.654615623092404286e-01
6.546259815566861893e-03,1.547360365230320269e+02,3.640859420241835398e+00,2.402787702740511122e+00,-3.653261306243365536e-01
6.554179484822088113e-03,1.545512101042026814e+02,3.640214583222172173e+00,2.402315620269603880e+00,-3.651907039959453871e-01
6.562108735298176170e-03,1.543666067261135595e+02,3.639569746202522715e+00,2.401843551766210005e+00,-3.650552824301876442e-01
6.570047578586492819e-03,1.541822261192503447e+02,3.638924909182865264e+00,2.401371497247212439e+00,-3.649198659331833738e-01
6.577996026292429188e-03,1.539980680144298617e+02,3.638280072163200263e+00,2.400899456729529646e+00,-3.647844545110653369e-01
6.585954090035421593e-03,1.538141321428008723e+02,3.637635235143551693e+00,2.400427430230116954e+00,-3.646490481699776187e-01
6.593921781448937661e-03,1.536304182358229866e+02,3.636990398123892021e+00,2.399955417765916366e+00,-3.645136469160619730e-01
6.601899112180567401e-03,1.534469260252875245e+02,3.636345561104223023e+00,2.399483419353904967e+00,-3.643782507554726435e-01
6.609886093891942545e-03,1.532636552433173733e+02,3.635700724084567792e+00,2.399011435011101590e+00,-3.642428596943769747e-01
6.617882738258831082e-03,1.530806056223463543e+02,3.635055887064908564e+00,2.398539464754516182e+00,-3.641074737389402571e-01
6.625889056971119920e-03,1.528977768951400549e+02,3.634411050045256442e+00,2.398067508601195996e+00,-3.639720928953416590e-01
6.633905061732839163e-03,1.527151687947801122e+02,3.633766213025594549e+00,2.397595566568191838e+00,-3.638367171697625135e-01
6.641930764262182936e-03,1.525327810546798730e+02,3.633121376005946424e+00,2.397123638672600698e+00,-3.637013465683983093e-01
6.649966176291504175e-03,1.523506134085587860e+02,3.632476538986271208e+00,2.396651724931500915e+00,-3.635659810974408712e-01
6.658011309567368405e-03,1.521686655904877341e+02,3.631831701966636849e+00,2.396179825362064530e+00,-3.634306207631109453e-01
6.666066175850545936e-03,1.519869373348190322e+02,3.631186864946968296e+00,2.395707939981381873e+00,-3.632952655716070178e-01
6.674130786916035278e-03,1.518054283762612329e+02,3.630542027927317950e+00,2.395236068806655183e+00,-3.631599155291616032e-01
6.682205154553085696e-03,1.516241384498193838e+02,3.629897190907650728e+00,2.394764211855045399e+00,-3.630245706419971130e-01
6.690289290565185065e-03,1.514430672908347617e+02,3.629252353887987947e+00,2.394292369143776966e+00,-3.628892309163546104e-01
6.698383206770146606e-03,1.512622146349600882e+02,3.628607516868322502e+00,2.393820540690071663e+00,-3.627538963584769904e-01
6.706486915000032557e-03,1.510815802181743379e+02,3.627962679848672156e+00,2.393348726511191238e+00,-3.626185669746202489e-01
6.714600427101247854e-03,1.509011637767679872e+02,3.627317842829026695e+00,2.392876926624398326e+00,-3.624832427710416582e-01
6.722723754934522775e-03,1.507209650473429576e+02,3.626673005809350148e+00,2.392405141046956008e+00,-3.623479237540003783e-01
6.730856910374935498e-03,1.505409837668421460e+02,3.626028168789687367e+00,2.391933369796211295e+00,-3.622126099297811597e-01
6.738999905311938120e-03,1.503612196725151762e+02,3.625383331770047679e+00,2.391461612889498767e+00,-3.620773013046674205e-01
6.747152751649347115e-03,1.501816725019180581e+02,3.624738494750391116e+00,2.390989870344149004e+00,-3.619419978849416908e-01
6.755315461305398846e-03,1.500023419929332249e+02,3.624093657730722562e+00,2.390518142177532557e+00,-3.618066996769014332e-01
6.763488046212742626e-03,1.498232278837642752e+02,3.623448820711053120e+00,2.390046428407059498e+00,-3.616714066868549349e-01
6.771670518318464137e-03,1.496443299129361151e+02,3.622803983691416985e+00,2.389574729050168767e+00,-3.615361189211218074e-01
6.779862889584108848e-03,1.494656478192608517e+02,3.622159146671744878e+00,2.389103044124246011e+00,-3.614008363860076178e-01
6.788065171985665537e-03,1.492871813419010891e+02,3.621514309652092312e+00,2.388631373646790124e+00,-3.612655590878519063e-01
6.796277377513660831e-03,1.491089302203115494e+02,3.620869472632431307e+00,2.388159717635262691e+00,-3.611302870329849979e-01
6.804499518173078541e-03,1.489308941942730087e+02,3.620224635612770747e+00,2.387688076107171042e+00,-3.609950202277519282e-01
6.812731605983453342e-03,1.487530730038778870e+02,3.619579798593118181e+00,2.387216449080042047e+00,-3.608597586785054490e-01
6.820973652978856022e-03,1.485754663895253884e+02,3.618934961573447406e+00,2.386744836571398132e+00,-3.607245023915980342e-01
6.829225671207913434e-03,1.483980740919454604e+02,3.618290124553797060e+00,2.386273238598835000e+00,-3.605892513734051397e-01
6.837487672733837986e-03,1.482208958521605382e+02,3.617645287534128506e+00,2.385801655179908387e+00,-3.604540056302922291e-01
6.845759669634413763e-03,1.480439314115237721e+02,3.617000450514471499e+00,2.385330086332248634e+00,-3.603187651686475257e-01
6.854041674002059846e-03,1.478671805116951248e+02,3.616355613494831811e+00,2.384858532073483861e+00,-3.601835299948614177e-01
6.862333697943815564e-03,1.476906428946320204e+02,3.615710776475160593e+00,2.384386992421233753e+00,-3.600483001153211848e-01
6.870635753581368250e-03,1.475143183026318070e+02,3.615065939455514243e+00,2.383915467393207255e+00,-3.599130755364436940e-01
6.878947853051075798e-03,1.473382064782752252e+02,3.614421102435846578e+00,2.383443957007063130e+00,-3.597778562646317679e-01
6.887270008503951907e-03,1.471623071644781646e+02,3.613776265416197564e+00,2.382972461280545851e+00,-3.596426423063145417e-01
6.895602232105760634e-03,1.469866201044444551e+02,3.613131428396525902e+00,2.382500980231359478e+00,-3.595074336679114912e-01
6.903944536036932256e-03,1.468111450417086417e+02,3.612486591376865341e+00,2.382029513877284899e+00,-3.593722303558656850e-01
6.912296932492663880e-03,1.466358817201118825e+02,3.611841754357235867e+00,2.381558062236114992e+00,-3.592370323766252982e-01
6.920659433682897765e-03,1.464608298837790983e+02,3.611196917337564205e+00,2.381086625325596895e+00,-3.591018397366264603e-01
6.929032051832347341e-03,1.462859892771794250e+02,3.610552080317906309e+00,2.380615203163591875e+00,-3.589666524423402172e-01
6.937414799180524096e-03,1.461113596450749981e+02,3.609907243298258628e+00,2.380143795767938997e+00,-3.588314705002332849e-01
6.945807687981724564e-03,1.459369407325301893e+02,3.609262406278594071e+00,2.379672403156485760e+00,-3.586962939167750442e-01
6.954210730505092780e-03,1.457627322849257325e+02,3.608617569258919744e+00,2.379201025347120968e+00,-3.585611226984498079e-01
6.962623939034606399e-03,1.455887340479584111e+02,3.607972732239270286e+00,2.378729662357778274e+00,-3.584259568517556005e-01
6.971047325869108788e-03,1.454149457676136876e+02,3.607327895219613278e+00,2.378258314206362023e+00,-3.582907963831842846e-01
6.979480903322324639e-03,1.452413671901929604e+02,3.606683058199950054e+00,2.377786980910825854e+00,-3.581556412992423222e-01
6.987924683722850430e-03,1.450679980623095844e+02,3.606038221180298375e+00,2.377315662489155823e+00,-3.580204916064482767e-01
6.996378679414246363e-03,1.448948381308697435e+02,3.605393384160632930e+00,2.376844358959325998e+00,-3.578853473113185468e-01
7.004842902754957433e-03,1.447218871431005027e+02,3.604748547140978587e+00,2.376373070339370841e+00,-3.577502084203886268e-01
7.013317366118405373e-03,1.445491448465222106e+02,3.604103710121317139e+00,2.375901796647315933e+00,-3.576150749401929008e-01
7.021802081892978241e-03,1.443766109889711799e+02,3.603458873101670790e+00,2.375430537901237482e+00,-3.574799468772816291e-01
7.030297062482048637e-03,1.442042853185726869e+02,3.602814036082004900e+00,2.374959294119189934e+00,-3.573448242382013529e-01
7.038802320304002325e-03,1.440321675837769533e+02,3.602169199062355887e+00,2.374488065319306784e+00,-3.572097070295219834e-01
7.047317867792228692e-03,1.438602575333141829e+02,3.601524362042678451e+00,2.374016851519677562e+00,-3.570745952578030513e-01
7.055843717395178863e-03,1.436885549162483926e+02,3.600879525023035210e+00,2.373545652738496159e+00,-3.569394889296360063e-01
7.064379881576357892e-03,1.435170594819191763e+02,3.600234688003385752e+00,2.373074468993902286e+00,-3.568043880515974209e-01
7.072926372814349917e-03,1.433457709799775159e+02,3.599589850983724304e+00,2.372603300304082286e+00,-3.566692926302796884e-01
7.081483203602840712e-03,1.431746891603815470e+02,3.598945013964055750e+00,2.372132146687255805e+00,-3.565342026722859714e-01
7.090050386450603807e-03,1.430038137733958479e+02,3.598300176944412510e+00,2.371661008161678019e+00,-3.563991181842317557e-01
7.098627933881595901e-03,1.428331445695656612e+02,3.597655339924736850e+00,2.371189884745566356e+00,-3.562640391727230349e-01
7.107215858434875327e-03,1.426626812997695311e+02,3.597010502905097606e+00,2.370718776457249710e+00,-3.561289656443994422e-01
7.115814172664697464e-03,1.424924237151530804e+02,3.596365665885428609e+00,2.370247683314982368e+00,-3.559938976058810156e-01
7.124422889140499988e-03,1.423223715671908849e+02,3.595720828865781815e+00,2.369776605337125197e+00,-3.558588350638198783e-01
7.133042020446926298e-03,1.421525246076335236e+02,3.595075991846103936e+00,2.369305542541986220e+00,-3.557237780248550529e-01
7.141671579183853265e-03,1.419828825885560946e+02,3.594431154826445152e+00,2.368834494947968494e+00,-3.555887264956539839e-01
7.150311577966377355e-03,1.418134452623183677e+02,3.593786317806794361e+00,2.368363462573455536e+00,-3.554536804828805074e-01
7.158962029424880552e-03,1.416442123815783702e+02,3.593141480787137798e+00,2.367892445436849513e+00,-3.553186399932052875e-01
7.167622946205015610e-03,1.414751836992965934e+02,3.592496643767475462e+00,2.367421443556585459e+00,-3.551836050333103678e-01
7.176294340967735545e-03,1.413063589687357364e+02,3.591851806747820675e+00,2.366950456951129045e+00,-3.550485756098882284e-01
7.184976226389310980e-03,1.411377379434524926e+02,3.591206969728171217e+00,2.366479485638959268e+00,-3.549135517296366227e-01
7.193668615161347493e-03,1.409693203772970946e+02,3.590562132708507992e+00,2.366008529638563562e+00,-3.547785333992575230e-01
7.202371519990812508e-03,1.408011060244265025e+02,3.589917295688849208e+00,2.365537588968479543e+00,-3.546435206254694439e-01
7.211084953600023148e-03,1.406330946392872931e+02,3.589272458669184651e+00,2.365066663647247047e+00,-3.545085134149920103e-01
7.219808928726712156e-03,1.404652859766325150e+02,3.588627621649538746e+00,2.364595753693451208e+00,-3.543735117745610008e-01
7.228543458124014019e-03,1.402976797914919871e+02,3.587982784629863087e+00,2.364124859125651845e+00,-3.542385157109051996e-01
7.237288554560491853e-03,1.401302758392191947e+02,3.587337947610215405e+00,2.363653979962500262e+00,-3.541035252307834780e-01
7.246044230820163426e-03,1.399630738754400170e+02,3.586693110590564171e+00,2.363183116222614011e+00,-3.539685403409436604e-01
7.254810499702490749e-03,1.397960736560786472e+02,3.586048273570887179e+00,2.362712267924632847e+00,-3.538335610481447846e-01
7.263587374022443394e-03,1.396292749373697575e+02,3.585403436551227951e+00,2.362241435087270691e+00,-3.536985873591667051e-01
7.272374866610485482e-03,1.394626774758292527e+02,3.584758599531569168e+00,2.361770617729223254e+00,-3.535636192807861677e-01
7.281172990312605176e-03,1.392962810282752741e+02,3.584113762511935253e+00,2.361299815869229768e+00,-3.534286568197949618e-01
7.289981757990331157e-03,1.391300853517987832e+02,3.583468925492260926e+00,2.360829029525994383e+00,-3.532936999829763280e-01
7.298801182520751711e-03,1.389640902038139245e+02,3.582824088472600810e+00,2.360358258718329605e+00,-3.531587487771449818e-01
7.307631276796541613e-03,1.387982953420119259e+02,3.582179251452943358e+00,2.359887503465021741e+00,-3.530238032091115863e-01
7.316472053725949116e-03,1.386327005243776398e+02,3.581534414433283686e+00,2.359416763784885074e+00,-3.528888632856952978e-01
7.325323526232864479e-03,1.384673055091942331e+02,3.580889577413639113e+00,2.358946039696772079e+00,-3.527539290137284289e-01
7.334185707256803480e-03,1.383021100550217284e+02,3.580244740393965674e+00,2.358475331219513471e+00,-3.526190004000395728e-01
7.343058609752936908e-03,1.381371139207348335e+02,3.579599903374312664e+00,2.358004638372033224e+00,-3.524840774514839681e-01
7.351942246692115719e-03,1.379723168654855954e+02,3.578955066354670755e+00,2.357533961173231329e+00,-3.523491601749131896e-01
7.360836631060861494e-03,1.378077186487072652e+02,3.578310229334992876e+00,2.357063299642005560e+00,-3.522142485771795895e-01
7.369741775861428021e-03,1.376433190301517868e+02,3.577665392315343418e+00,2.356592653797358494e+00,-3.520793426651669944e-01
7.378657694111793487e-03,1.374791177698359945e+02,3.577020555295685078e+00,2.356122023658239861e+00,-3.519444424457460752e-01
7.387584398845683901e-03,1.373151146280746673e+02,3.576375718276013860e+00,2.355651409243649130e+00,-3.518095479258031566e-01
7.396521903112593041e-03,1.371513093654803868e+02,3.575730881256357740e+00,2.355180810572626626e+00,-3.516746591122388299e-01
7.405470219977803269e-03,1.369877017429472801e+02,3.575086044236711391e+00,2.354710227664218003e+00,-3.515397760119559067e-01
7.414429362522411554e-03,1.368242915216549704e+02,3.574441207217061045e+00,2.354239660537480461e+00,-3.514048986318630829e-01
7.423399343843314728e-03,1.366610784630729825e+02,3.573796370197392047e+00,2.353769109211499178e+00,-3.512700269788782692e-01
7.432380177053279739e-03,1.364980623289684729e+02,3.573151533177732375e+00,2.353298573705408181e+00,-3.511351610599353079e-01
7.441371875280928042e-03,1.363352428813901724e+02,3.572506696158081585e+00,2.352828054038345496e+00,-3.510003008819713721e-01
7.450374451670765952e-03,1.361726198826724499e+02,3.571861859138433903e+00,2.352357550229470906e+00,-3.508654464519307403e-01
7.459387919383208068e-03,1.360101930954313616e+02,3.571217022118760465e+00,2.351887062297947750e+00,-3.507305977767614102e-01
7.468412291594567730e-03,1.358479622825886679e+02,3.570572185099107454e+00,2.351416590263017969e+00,-3.505957548634350829e-01
7.477447581497122936e-03,1.356859272073316163e+02,3.569927348079438900e+00,2.350946134143886646e+00,-3.504609177189146330e-01
7.486493802299103335e-03,1.355240876331532149e+02,3.569282511059795215e+00,2.350475693959838797e+00,-3.503260863501880817e-01
7.495550967224717982e-03,1.353624433238121867e+02,3.568637674040137764e+00,2.350005269730123914e+00,-3.501912607642345132e-01
7.504619089514173551e-03,1.352009940433647159e+02,3.567992837020474539e+00,2.349534861474050551e+00,-3.500564409680522182e-01
7.513698182423696019e-03,1.350397395561529095e+02,3.567348000000820196e+00,2.349064469210953465e+00,-3.499216269686478697e-01
7.522788259225557557e-03,1.348786796267962700e+02,3.566703162981156527e+00,2.348594092960166080e+00,-3.497868187730309164e-01
7.531889333208060915e-03,1.347178140202080669e+02,3.566058325961503073e+00,2.348123732741077774e+00,-3.496520163882272936e-01
7.541001417675610545e-03,1.345571425015753562e+02,3.565413488941838516e+00,2.347653388573067268e+00,-3.495172198212623260e-01
7.550124525948698727e-03,1.343966648363786476e+02,3.564768651922183729e+00,2.347183060475565242e+00,-3.493824290791783804e-01
7.559258671363932452e-03,1.342363807903763302e+02,3.564123814902531162e+00,2.346712748468012588e+00,-3.492476441690212652e-01
7.568403867274059449e-03,1.340762901296046152e+02,3.563478977882857279e+00,2.346242452569856418e+00,-3.491128650978415626e-01
7.577560127047961239e-03,1.339163926204008135e+02,3.562834140863212706e+00,2.345772172800620226e+00,-3.489780918727134473e-01
7.586727464070714723e-03,1.337566880293608733e+02,3.562189303843550370e+00,2.345301909179785316e+00,-3.488433245006997696e-01
7.595905891743582640e-03,1.335971761233776647e+02,3.561544466823883148e+00,2.344831661726896943e+00,-3.487085629888844185e-01
7.605095423484039587e-03,1.334378566696260862e+02,3.560899629804225253e+00,2.344361430461524787e+00,-3.485738073443601648e-01
7.614296072725794569e-03,1.332787294355588585e+02,3.560254792784578903e+00,2.343891215403254513e+00,-3.484390575742254414e-01
7.623507852918807483e-03,1.331197941889026595e+02,3.559609955764914790e+00,2.343421016571672677e+00,-3.483043136855813460e-01
7.632730777529318604e-03,1.329610506976774218e+02,3.558965118745258227e+00,2.342950833986427561e+00,-3.481695756855481272e-01
7.641964860039833843e-03,1.328024987301733972e+02,3.558320281725592782e+00,2.342480667667161676e+00,-3.480348435812465890e-01
7.651210113949196735e-03,1.326441380549701989e+02,3.557675444705936663e+00,2.342010517633568156e+00,-3.479001173798133006e-01
7.660466552772572831e-03,1.324859684409176452e+02,3.557030607686275214e+00,2.341540383905338807e+00,-3.477653970883862744e-01
7.669734190041477447e-03,1.323279896571550580e+02,3.556385770666630641e+00,2.341070266502216057e+00,-3.476306827141202871e-01
7.679013039303805160e-03,1.321702014730843189e+02,3.555740933646960755e+00,2.340600165443917913e+00,-3.474959742641651750e-01
7.688303114123817665e-03,1.320126036584080964e+02,3.555096096627312185e+00,2.340130080750254749e+00,-3.473612717456979748e-01
7.697604428082208822e-03,1.318551959830841440e+02,3.554451259607639635e+00,2.339660012440988535e+00,-3.472265751658846211e-01
7.706916994776095119e-03,1.316979782173747822e+02,3.553806422588004832e+00,2.339189960535988266e+00,-3.470918845319229673e-01
7.716240827819043427e-03,1.315409501317862464e+02,3.553161585568328729e+00,2.338719925055042115e+00,-3.469571998509899946e-01
7.725575940841090082e-03,1.313841114971364732e+02,3.552516748548679271e+00,2.338249906018068813e+00,-3.468225211303014865e-01
7.734922347488760834e-03,1.312274620844952153e+02,3.551871911529016934e+00,2.337779903444932472e+00,-3.466878483770599595e-01
7.744280061425098602e-03,1.310710016652213028e+02,3.551227074509354154e+00,2.337309917355562483e+00,-3.465531815984875808e-01
7.753649096329653066e-03,1.309147300109478067e+02,3.550582237489695814e+00,2.336839947769901560e+00,-3.464185208018134010e-01
7.763029465898546588e-03,1.307586468935855635e+02,3.549937400470054349e+00,2.336369994707927944e+00,-3.462838659942772401e-01
7.772421183844463802e-03,1.306027520853087651e+02,3.549292563450389792e+00,2.335900058189600781e+00,-3.461492171831159759e-01
7.781824263896676766e-03,1.304470453585804535e+02,3.548647726430721239e+00,2.335430138234950270e+00,-3.460145743755882464e-01
7.791238719801077926e-03,1.302915264861415778e+02,3.548002889411077554e+00,2.334960234864034145e+00,-3.458799375789630703e-01
7.800664565320163633e-03,1.301361952409889682e+02,3.547358052391410776e+00,2.334490348096882162e+00,-3.457453068005026942e-01
7.810101814233106135e-03,1.299810513964156371e+02,3.546713215371763539e+00,2.334020477953612005e+00,-3.456106820474968977e-01
7.819550480335737963e-03,1.298260947259705915e+02,3.546068378352104755e+00,2.333550624454312050e+00,-3.454760633272283554e-01
7.829010577440582291e-03,1.296713250034843554e+02,3.545423541332435757e+00,2.333080787619120855e+00,-3.453414506469960621e-01
7.838482119376873752e-03,1.295167420030688845e+02,3.544778704312792073e+00,2.332610967468220942e+00,-3.452068440141145000e-01
7.847965119990574917e-03,1.293623454990923278e+02,3.544133867293137286e+00,2.332141164021775737e+00,-3.450722434358923785e-01
7.857459593144409254e-03,1.292081352662041525e+02,3.543489030273472729e+00,2.331671377299991743e+00,-3.449376489196548934e-01
7.866965552717848989e-03,1.290541110793281234e+02,3.542844193253812168e+00,2.331201607323110547e+00,-3.448030604727380100e-01
7.876483012607177550e-03,1.289002727136550561e+02,3.542199356234140950e+00,2.330731854111384838e+00,-3.446684781024827449e-01
7.886011986725486103e-03,1.287466199446571693e+02,3.541554519214489272e+00,2.330262117685115708e+00,-3.445339018162457134e-01
7.895552489002694366e-03,1.285931525480663140e+02,3.540909682194839370e+00,2.329792398064598480e+00,-3.443993316213840306e-01
7.905104533385585303e-03,1.284398702998852286e+02,3.540264845175172148e+00,2.329322695270148458e+00,-3.442647675252631934e-01
7.914668133837789513e-03,1.282867729763978559e+02,3.539620008155512032e+00,2.328853009322142675e+00,-3.441302095352664625e-01
7.924243304339854618e-03,1.281338603541516363e+02,3.538975171135855025e+00,2.328383340240959054e+00,-3.439956576587803738e-01
7.933830058889234857e-03,1.279811322099610891e+02,3.538330334116186471e+00,2.327913688046989726e+00,-3.438611119031977914e-01
7.943428411500318836e-03,1.278285883209219520e+02,3.537685497096537457e+00,2.327444052760689441e+00,-3.437265722759302311e-01
7.953038376204446883e-03,1.276762284643829872e+02,3.537040660076874232e+00,2.326974434402486747e+00,-3.435920387843845458e-01
7.962659967049937060e-03,1.275240524179775576e+02,3.536395823057222998e+00,2.326504832992883465e+00,-3.434575114359896264e-01
7.972293198102111192e-03,1.273720599595956884e+02,3.535750986037562438e+00,2.326035248552365875e+00,-3.433229902381728649e-01
7.981938083443282719e-03,1.272202508674048573e+02,3.535106149017913424e+00,2.325565681101479321e+00,-3.431884751983794168e-01
7.991594637172824353e-03,1.270686249198328568e+02,3.534461311998255972e+00,2.325096130660763372e+00,-3.430539663240553816e-01
8.001262873407161136e-03,1.269171818955778974e+02,3.533816474978587863e+00,2.324626597250794013e+00,-3.429194636226590709e-01
8.010942806279794728e-03,1.267659215736158416e+02,3.533171637958946842e+00,2.324157080892204963e+00,-3.427849671016663935e-01
8.020634449941332900e-03,1.266148437331652588e+02,3.532526800939268963e+00,2.323687581605577090e+00,-3.426504767685410457e-01
8.030337818559472179e-03,1.264639481537430328e+02,3.531881963919624390e+00,2.323218099411614723e+00,-3.425159926307838609e-01
8.040052926319103677e-03,1.263132346151055003e+02,3.531237126899967826e+00,2.322748634330964457e+00,-3.423815146958805733e-01
8.049779787422224608e-03,1.261627028972865361e+02,3.530592289880303269e+00,2.322279186384331950e+00,-3.422470429713359019e-01
8.059518416088044118e-03,1.260123527805870083e+02,3.529947452860637824e+00,2.321809755592452618e+00,-3.421125774646651130e-01
8.069268826552969398e-03,1.258621840455748924e+02,3.529302615840987922e+00,2.321340341976089849e+00,-3.419781181833935757e-01
8.079031033070628240e-03,1.257121964730749681e+02,3.528657778821332247e+00,2.320870945556010145e+00,-3.418436651350487132e-01
8.088805049911898526e-03,1.255623898441791084e+02,3.528012941801664581e+00,2.320401566353009759e+00,-3.417092183271692729e-01
8.098590891364901290e-03,1.254127639402531429e+02,3.527368104782009794e+00,2.319932204387939123e+00,-3.415747777673108776e-01
8.108388571735068370e-03,1.252633185429163802e+02,3.526723267762353231e+00,2.319462859681641564e+00,-3.414403434630292056e-01
8.118198105345130269e-03,1.251140534340551227e+02,3.526078430742696224e+00,2.318993532254994605e+00,-3.413059154218919256e-01
8.128019506535142172e-03,1.249649683958193975e+02,3.525433593723030778e+00,2.318524222128901080e+00,-3.411714936514751995e-01
8.137852789662518641e-03,1.248160632106296504e+02,3.524788756703391979e+00,2.318054929324314450e+00,-3.410370781593722866e-01
8.147697969102011065e-03,1.246673376611497588e+02,3.524143919683721204e+00,2.317585653862148209e+00,-3.409026689531665100e-01
8.157555059245816947e-03,1.245187915303275759e+02,3.523499082664056647e+00,2.317116395763411774e+00,-3.407682660404705577e-01
8.167424074503491435e-03,1.243704246013677448e+02,3.522854245644412963e+00,2.316647155049120776e+00,-3.406338694289014479e-01
8.177305029302049666e-03,1.242222366577219930e+02,3.522209408624737748e+00,2.316177931740270868e+00,-3.404994791260713138e-01
8.187197938085958096e-03,1.240742274831290217e+02,3.521564571605091398e+00,2.315708725857961170e+00,-3.403650951396252067e-01
8.197102815317155317e-03,1.239263968615645553e+02,3.520919734585427729e+00,2.315239537423241067e+00,-3.402307174771947995e-01
8.207019675475085013e-03,1.237787445772813015e+02,3.520274897565768057e+00,2.314770366457234996e+00,-3.400963461464354132e-01
8.216948533056682089e-03,1.236312704147888866e+02,3.519630060546119932e+00,2.314301212981080713e+00,-3.399619811550088633e-01
8.226889402576447255e-03,1.234839741588507991e+02,3.518985223526461148e+00,2.313832077015922639e+00,-3.398276225105795745e-01
8.236842298566427953e-03,1.233368555944973792e+02,3.518340386506799256e+00,2.313362958582950935e+00,-3.396932702208280141e-01
8.246807235576256515e-03,1.231899145070193811e+02,3.517695549487145801e+00,2.312893857703382849e+00,-3.395589242934439200e-01
8.256784228173177920e-03,1.230431506819612935e+02,3.517050712467483908e+00,2.312424774398444072e+00,-3.394245847361217483e-01
8.266773290942018571e-03,1.228965639051344567e+02,3.516405875447833562e+00,2.311955708689410915e+00,-3.392902515565718868e-01
8.276774438485318131e-03,1.227501539625975653e+02,3.515761038428163676e+00,2.311486660597547704e+00,-3.391559247625032802e-01
8.286787685423216768e-03,1.226039206406825741e+02,3.515116201408510666e+00,2.311017630144193813e+00,-3.390216043616492425e-01
8.296813046393578320e-03,1.224578637259688918e+02,3.514471364388858543e+00,2.310548617350676182e+00,-3.388872903617405341e-01
8.306850536051967743e-03,1.223119830052961277e+02,3.513826527369203756e+00,2.310079622238359942e+00,-3.387529827705207386e-01
8.316900169071678867e-03,1.221662782657578816e+02,3.513181690349528541e+00,2.309610644828619996e+00,-3.386186815957386020e-01
8.326961960143767355e-03,1.220207492947207868e+02,3.512536853329883080e+00,2.309141685142910294e+00,-3.384843868451681281e-01
8.337035923977033358e-03,1.218753958797862396e+02,3.511892016310220743e+00,2.308672743202639488e+00,-3.383500985265709970e-01
8.347122075298101310e-03,1.217302178088285700e+02,3.511247179290565068e+00,2.308203819029293946e+00,-3.382158166477338690e-01
8.357220428851402580e-03,1.215852148699697466e+02,3.510602342270902287e+00,2.307734912644356484e+00,-3.380815412164444589e-01
8.367330999399203231e-03,1.214403868515919669e+02,3.509957505251239063e+00,2.307266024069353438e+00,-3.379472722405043039e-01
8.377453801721640447e-03,1.212957335423345313e+02,3.509312668231584276e+00,2.306797153325838234e+00,-3.378130097277252664e-01
8.387588850616696512e-03,1.211512547310905177e+02,3.508667831211943255e+00,2.306328300435386502e+00,-3.376787536859275352e-01
8.397736160900318506e-03,1.210069502069975726e+02,3.508022994192272037e+00,2.305859465419564103e+00,-3.375445041229304111e-01
8.407895747406315956e-03,1.208628197594661486e+02,3.507378157172608812e+00,2.305390648300026157e+00,-3.374102610465800622e-01
8.418067624986478800e-03,1.207188631781511532e+02,3.506733320152946032e+00,2.304921849098415354e+00,-3.372760244647222683e-01
8.428251808510554832e-03,1.205750802529644972e+02,3.506088483133290357e+00,2.304453067836414348e+00,-3.371417943852154653e-01
8.438448312866284398e-03,1.204314707740689272e+02,3.505443646113631129e+00,2.303984304535720895e+00,-3.370075708159242511e-01
8.448657152959424682e-03,1.202880345318842643e+02,3.504798809093978118e+00,2.303515559218067832e+00,-3.368733537647261023e-01
8.458878343713744502e-03,1.201447713170779252e+02,3.504153972074312229e+00,2.303046831905200431e+00,-3.367391432395034911e-01
8.469111900071086760e-03,1.200016809205805970e+02,3.503509135054661439e+00,2.302578122618920364e+00,-3.366049392481570424e-01
8.479357836991366706e-03,1.198587631335644090e+02,3.502864298035006652e+00,2.302109431381021309e+00,-3.364707417985870475e-01
8.489616169452596228e-03,1.197160177474555240e+02,3.502219461015333213e+00,2.301640758213328919e+00,-3.363365508987052888e-01
8.499886912450920276e-03,1.195734445539462598e+02,3.501574623995689972e+00,2.301172103137739011e+00,-3.362023665564451425e-01
8.510170081000587375e-03,1.194310433449582121e+02,3.500929786976024527e+00,2.300703466176102552e+00,-3.360681887797301592e-01
8.520465690134069320e-03,1.192888139126822011e+02,3.500284949956367075e+00,2.300234847350353995e+00,-3.359340175765083147e-01
8.530773754901969236e-03,1.191467560495537583e+02,3.499640112936718506e+00,2.299766246682435789e+00,-3.357998529547331912e-01
8.541094290373129130e-03,1.190048695482530974e+02,3.498995275917048176e+00,2.299297664194293933e+00,-3.356656949223605357e-01
8.551427311634614281e-03,1.188631542017265588e+02,3.498350438897402270e+00,2.298829099907953033e+00,-3.355315434873717972e-01
8.561772833791740991e-03,1.187216098031529157e+02,3.497705601877742154e+00,2.298360553845408383e+00,-3.353973986577401534e-01
8.572130871968109550e-03,1.185802361459709857e+02,3.497060764858074933e+00,2.297892026028712564e+00,-3.352632604414587658e-01
8.582501441305590353e-03,1.184390330238734776e+02,3.496415927838428583e+00,2.297423516479957684e+00,-3.351291288465340634e-01
8.592884556964398499e-03,1.182980002307885030e+02,3.495771090818770244e+00,2.296955025221221636e+00,-3.349950038809696440e-01
8.603280234123081641e-03,1.181571375609043599e+02,3.495126253799113236e+00,2.296486552274640491e+00,-3.348608855527887562e-01
8.613688487978551217e-03,1.180164448086539011e+02,3.494481416779456229e+00,2.296018097662368529e+00,-3.347267738700205886e-01
8.624109333746111938e-03,1.178759217687179017e+02,3.493836579759793448e+00,2.295549661406580455e+00,-3.345926688407039329e-01
8.634542786659439237e-03,1.177355682360279161e+02,3.493191742740131556e+00,2.295081243529490944e+00,-3.344585704728892939e-01
8.644988861970700697e-03,1.175953840057602804e+02,3.492546905720463446e+00,2.294612844053329326e+00,-3.343244787746346147e-01
8.655447574950455442e-03,1.174553688733479646e+02,3.491902068700823758e+00,2.294144463000381329e+00,-3.341903937540156022e-01
8.665918940887773828e-03,1.173155226344510993e+02,3.491257231681156981e+00,2.293676100392895822e+00,-3.340563154190995254e-01
8.676402975090207956e-03,1.171758450849982722e+02,3.490612394661505302e+00,2.293207756253215823e+00,-3.339222437779831298e-01
8.686899692883836774e-03,1.170363360211510013e+02,3.489967557641847851e+00,2.292739430603672357e+00,-3.337881788387606075e-01
8.697409109613283423e-03,1.168969952393217113e+02,3.489322720622184182e+00,2.292271123466632421e+00,-3.336541206095399170e-01
8.707931240641711770e-03,1.167578225361704654e+02,3.488677883602522733e+00,2.291802834864500316e+00,-3.335200690984403971e-01
8.718466101350897529e-03,1.166188177086051923e+02,3.488033046582882157e+00,2.291334564819710984e+00,-3.333860243135935986e-01
8.729013707141214384e-03,1.164799805537639230e+02,3.487388209563210051e+00,2.290866313354678052e+00,-3.332519862631256879e-01
8.739574073431673890e-03,1.163413108690530748e+02,3.486743372543560149e+00,2.290398080491919064e+00,-3.331179549551957497e-01
8.750147215659941080e-03,1.162028084521003564e+02,3.486098535523879161e+00,2.289929866253898716e+00,-3.329839303979493792e-01
8.760733149282331003e-03,1.160644731008047046e+02,3.485453698504237252e+00,2.289461670663202497e+00,-3.328499125995681984e-01
8.771331889773914536e-03,1.159263046132808199e+02,3.484808861484572251e+00,2.288993493742342622e+00,-3.327159015682161214e-01
8.781943452628421243e-03,1.157883027879084068e+02,3.484164024464919240e+00,2.288525335513932113e+00,-3.325818973120875377e-01
8.792567853358366006e-03,1.156504674233005971e+02,3.483519187445265786e+00,2.288057196000576443e+00,-3.324478998393761153e-01
8.803205107495017806e-03,1.155127983183152338e+02,3.482874350425610110e+00,2.287589075224913504e+00,-3.323139091582878457e-01
8.813855230588434411e-03,1.153752952720550979e+02,3.482229513405951327e+00,2.287120973209614938e+00,-3.321799252770398780e-01
8.824518238207498810e-03,1.152379580838649247e+02,3.481584676386291211e+00,2.286652889977378145e+00,-3.320459482038585208e-01
8.835194145939900129e-03,1.151007865533342738e+02,3.480939839366639976e+00,2.286184825550930722e+00,-3.319119779469821285e-01
8.845882969392211692e-03,1.149637804802859478e+02,3.480295002346965649e+00,2.285716779953005595e+00,-3.317780145146511650e-01
8.856584724189878882e-03,1.148269396647992409e+02,3.479650165327308642e+00,2.285248753206405414e+00,-3.316440579151293533e-01
8.867299425977253832e-03,1.146902639071837484e+02,3.479005328307649858e+00,2.284780745333928387e+00,-3.315101081566800278e-01
8.878027090417619713e-03,1.145537530079968747e+02,3.478360491288007950e+00,2.284312756358416241e+00,-3.313761652475823993e-01
8.888767733193176854e-03,1.144174067680238238e+02,3.477715654268332734e+00,2.283844786302699159e+00,-3.312422291961132914e-01
8.899521370005157236e-03,1.142812249883114504e+02,3.477070817248678836e+00,2.283376835189702359e+00,-3.311083000105798924e-01
8.910288016573730818e-03,1.141452074701317514e+02,3.476425980229024049e+00,2.282908903042329296e+00,-3.309743776992845610e-01
8.921067688638114820e-03,1.140093540150014491e+02,3.475781143209371038e+00,2.282440989883525617e+00,-3.308404622705436449e-01
8.931860401956565054e-03,1.138736644246736205e+02,3.475136306189702040e+00,2.281973095736250290e+00,-3.307065537326803195e-01
8.942666172306396738e-03,1.137381385011516244e+02,3.474491469170057023e+00,2.281505220623531116e+00,-3.305726520940392987e-01
8.953485015484024395e-03,1.136027760466612904e+02,3.473846632150390246e+00,2.281037364568365700e+00,-3.304387573629578023e-01
8.964316947304944508e-03,1.134675768636815292e+02,3.473201795130724800e+00,2.280569527593825363e+00,-3.303048695477975860e-01
8.975161983603817048e-03,1.133325407549275923e+02,3.472556958111072678e+00,2.280101709723002745e+00,-3.301709886569279551e-01
8.986020140234448131e-03,1.131976675233483007e+02,3.471912121091422776e+00,2.279633910979000699e+00,-3.300371146987233772e-01
8.996891433069819505e-03,1.130629569721289158e+02,3.471267284071756443e+00,2.279166131384947835e+00,-3.299032476815675907e-01
9.007775878002123246e-03,1.129284089047021382e+02,3.470622447052102544e+00,2.278698370964028275e+00,-3.297693876138632629e-01
9.018673490942773902e-03,1.127940231247314813e+02,3.469977610032454418e+00,2.278230629739437685e+00,-3.296355345040169471e-01
9.029584287822444919e-03,1.126597994361141559e+02,3.469332773012790749e+00,2.277762907734380615e+00,-3.295016883604415803e-01
9.040508284591056501e-03,1.125257376429920697e+02,3.468687935993126636e+00,2.277295204972122455e+00,-3.293678491915683626e-01
9.051445497217850203e-03,1.123918375497406430e+02,3.468043098973461635e+00,2.276827521475941030e+00,-3.292340170058350446e-01
9.062395941691380255e-03,1.122580989609745217e+02,3.467398261953810845e+00,2.276359857269155906e+00,-3.291001918116928104e-01
9.073359634019544789e-03,1.121245216815365495e+02,3.466753424934148953e+00,2.275892212375086654e+00,-3.289663736175952868e-01
9.084336590229613595e-03,1.119911055165141534e+02,3.466108587914495498e+00,2.275424586817107908e+00,-3.288325624320142526e-01
9.095326826368222914e-03,1.118578502712230005e+02,3.465463750894830941e+00,2.274956980618603630e+00,-3.286987582634258720e-01
9.106330358501446565e-03,1.117247557512205987e+02,3.464818913875172157e+00,2.274489393803003079e+00,-3.285649611203219078e-01
9.117347202714789003e-03,1.115918217622981103e+02,3.464174076855527584e+00,2.274021826393762602e+00,-3.284311710112035598e-01
9.128377375113209610e-03,1.114590481104750808e+02,3.463529239835874574e+00,2.273554278414346097e+00,-3.282973879445762466e-01
9.139420891821159118e-03,1.113264346020074100e+02,3.462884402816199803e+00,2.273086749888247216e+00,-3.281636119289570441e-01
9.150477768982588286e-03,1.111939810433981535e+02,3.462239565796556118e+00,2.272619240839040877e+00,-3.280298429728873422e-01
9.161548022760994739e-03,1.110616872413626339e+02,3.461594728776888452e+00,2.272151751290247379e+00,-3.278960810848958740e-01
9.172631669339395208e-03,1.109295530028660011e+02,3.460949891757222563e+00,2.271684281265480720e+00,-3.277623262735397947e-01
9.183728724920420944e-03,1.107975781351042031e+02,3.460305054737573105e+00,2.271216830788369556e+00,-3.276285785473823098e-01
9.194839205726291695e-03,1.106657624454966253e+02,3.459660217717905883e+00,2.270749399882536768e+00,-3.274948379149890121e-01
9.205963127998848666e-03,1.105341057417067674e+02,3.459015380698241771e+00,2.270281988571678955e+00,-3.273611043849461999e-01
9.217100507999601358e-03,1.104026078316265682e+02,3.458370543678587428e+00,2.269814596879502933e+00,-3.272273779658470549e-01
9.228251362009696340e-03,1.102712685233790637e+02,3.457725706658938858e+00,2.269347224829742160e+00,-3.270936586662939738e-01
9.239415706330007458e-03,1.101400876253157719e+02,3.457080869639278298e+00,2.268879872446147417e+00,-3.269599464948966250e-01
9.250593557281121954e-03,1.100090649460271379e+02,3.456436032619623067e+00,2.268412539752521884e+00,-3.268262414602818855e-01
9.261784931203368224e-03,1.098782002943320890e+02,3.455791195599978050e+00,2.267945226772691392e+00,-3.266925435710852366e-01
9.272989844456848776e-03,1.097474934792728050e+02,3.455146358580307719e+00,2.267477933530479994e+00,-3.265588528359436027e-01
9.284208313421452377e-03,1.096169443101381802e+02,3.454501521560657373e+00,2.267010660049800119e+00,-3.264251692635216640e-01
9.295440354496897414e-03,1.094865525964300588e+02,3.453856684540987043e+00,2.266543406354526002e+00,-3.262914928624758293e-01
9.306685984102712819e-03,1.093563181478968716e+02,3.453211847521332700e+00,2.266076172468625138e+00,-3.261578236414903187e-01
9.317945218678319597e-03,1.092262407745051718e+02,3.452567010501677469e+00,2.265608958416047258e+00,-3.260241616092475203e-01
9.329218074683022152e-03,1.090963202864553097e+02,3.451922173482020462e+00,2.265141764220789611e+00,-3.258905067744447548e-01
9.340504568596029109e-03,1.089665564941760039e+02,3.451277336462362566e+00,2.264674589906870761e+00,-3.257568591457889462e-01
9.351804716916505347e-03,1.088369492083271837e+02,3.450632499442707779e+00,2.264207435498351906e+00,-3.256232187319997307e-01
9.363118536163539049e-03,1.087074982397921445e+02,3.449987662423038337e+00,2.263740301019298684e+00,-3.254895855418015738e-01
9.374446042876235369e-03,1.085782033996903095e+02,3.449342825403371116e+00,2.263273186493834466e+00,-3.253559595839369267e-01
9.385787253613700823e-03,1.084490644993696264e+02,3.448697988383728763e+00,2.262806091946115483e+00,-3.252223408671601756e-01
9.397142184955071045e-03,1.083200813503913764e+02,3.448053151364056212e+00,2.262339017400269991e+00,-3.250887294002204886e-01
9.408510853499543747e-03,1.081912537645656727e+02,3.447408314344405866e+00,2.261871962880536824e+00,-3.249551251918995076e-01
9.419893275866394328e-03,1.080625815539133043e+02,3.446763477324746194e+00,2.261404928411118398e+00,-3.248215282509719359e-01
9.431289468695015776e-03,1.079340645306912876e+02,3.446118640305092740e+00,2.260937914016284189e+00,-3.246879385862334044e-01
9.442699448644901322e-03,1.078057025073775606e+02,3.445473803285429515e+00,2.260470919720307670e+00,-3.245543562064832077e-01
9.454123232395729437e-03,1.076774952966835883e+02,3.444828966265777392e+00,2.260003945547520043e+00,-3.244207811205386260e-01
9.465560836647346488e-03,1.075494427115418290e+02,3.444184129246126158e+00,2.259536991522259175e+00,-3.242872133372225463e-01
9.477012278119804900e-03,1.074215445651107927e+02,3.443539292226471371e+00,2.259070057668896236e+00,-3.241536528653676807e-01
9.488477573553392649e-03,1.072938006707749565e+02,3.442894455206805926e+00,2.258603144011830377e+00,-3.240200997138188987e-01
9.499956739708617648e-03,1.071662108421498658e+02,3.442249618187150251e+00,2.258136250575510040e+00,-3.238865538914360576e-01
9.511449793366301420e-03,1.070387748930670142e+02,3.441604781167479921e+00,2.257669377384380560e+00,-3.237530154070810684e-01
9.522956751327551345e-03,1.069114926375939234e+02,3.440959944147827354e+00,2.257202524462957438e+00,-3.236194842696381579e-01
9.534477630413804028e-03,1.067843638900117469e+02,3.440315107128167682e+00,2.256735691835743740e+00,-3.234859604879904982e-01
9.546012447466844381e-03,1.066573884648325645e+02,3.439670270108508454e+00,2.256268879527299376e+00,-3.233524440710386361e-01
9.557561219348831641e-03,1.065305661767919787e+02,3.439025433088854555e+00,2.255802087562208236e+00,-3.232189350276931106e-01
9.569123962942339273e-03,1.064038968408467269e+02,3.438380596069197104e+00,2.255335315965076415e+00,-3.230854333668734535e-01
9.580700695150332416e-03,1.062773802721795562e+02,3.437735759049540540e+00,2.254868564760545979e+00,-3.229519390975112980e-01
9.592291432896254619e-03,1.061510162861943201e+02,3.437090922029875539e+00,2.254401833973283420e+00,-3.228184522285471592e-01
9.603896193124015698e-03,1.060248046985232548e+02,3.436446085010222973e+00,2.253935123628004078e+00,-3.226849727689383163e-01
9.615514992798021229e-03,1.058987453250125270e+02,3.435801247990557528e+00,2.253468433749418853e+00,-3.225515007276431589e-01
9.627147848903214178e-03,1.057728379817414890e+02,3.435156410970905849e+00,2.253001764362311476e+00,-3.224180361136426698e-01
9.638794778445052350e-03,1.056470824850008938e+02,3.434511573951243957e+00,2.252535115491451023e+00,-3.222845789359163882e-01
9.650455798449598596e-03,1.055214786513124068e+02,3.433866736931589170e+00,2.252068487161672294e+00,-3.221511292034649476e-01
9.662130925963505201e-03,1.053960262974163982e+02,3.433221899911944597e+00,2.251601879397828743e+00,-3.220176869252959762e-01
9.673820178054043373e-03,1.052707252402671259e+02,3.432577062892275599e+00,2.251135292224774709e+00,-3.218842521104209320e-01
9.685523571809136201e-03,1.051455752970544637e+02,3.431932225872623921e+00,2.250668725667451575e+00,-3.217508247678770306e-01
9.697241124337377741e-03,1.050205762851750251e+02,3.431287388852951814e+00,2.250202179750774523e+00,-3.216174049066968799e-01
9.708972852768072911e-03,1.048957280222608830e+02,3.430642551833304577e+00,2.249735654499743998e+00,-3.214839925359403439e-01
9.720718774251213209e-03,1.047710303261486473e+02,3.429997714813641352e+00,2.249269149939334245e+00,-3.213505876646615134e-01
9.732478905957575588e-03,1.046464830149055985e+02,3.429352877793978571e+00,2.248802666094590119e+00,-3.212171903019363506e-01
9.744253265078698170e-03,1.045220859068176509e+02,3.428708040774326005e+00,2.248336202990576016e+00,-3.210838004568503656e-01
9.756041868826913210e-03,1.043978388203873067e+02,3.428063203754675659e+00,2.247869760652383420e+00,-3.209504181384976174e-01
9.767844734435390461e-03,1.042737415743335276e+02,3.427418366735007549e+00,2.247403339105115805e+00,-3.208170433559791590e-01
9.779661879158118090e-03,1.041497939876033314e+02,3.426773529715346545e+00,2.246936938373949033e+00,-3.206836761184173046e-01
9.791493320269987685e-03,1.040259958793578505e+02,3.426128692695697975e+00,2.246470558484063851e+00,-3.205503164349405298e-01
9.803339075066778638e-03,1.039023470689725315e+02,3.425483855676037415e+00,2.246004199460660544e+00,-3.204169643146831392e-01
9.815199160865196309e-03,1.037788473760483754e+02,3.424839018656383072e+00,2.245537861328998019e+00,-3.202836197667991436e-01
9.827073595002898052e-03,1.036554966203983668e+02,3.424194181636723400e+00,2.245071544114337403e+00,-3.201502828004465506e-01
9.838962394838510553e-03,1.035322946220565683e+02,3.423549344617060175e+00,2.244605247841990447e+00,-3.200169534247983005e-01
9.850865577751674942e-03,1.034092412012757762e+02,3.422904507597404500e+00,2.244138972537299992e+00,-3.198836316490398790e-01
9.862783161143029442e-03,1.032863361785207559e+02,3.422259670577739943e+00,2.243672718225619533e+00,-3.197503174823624339e-01
9.874715162434289165e-03,1.031635793744819125e+02,3.421614833558094482e+00,2.243206484932367406e+00,-3.196170109339768750e-01
9.886661599068239173e-03,1.030409706100524119e+02,3.420969996538426372e+00,2.242740272682942404e+00,-3.194837120130912256e-01
9.898622488508767442e-03,1.029185097063578240e+02,3.420325159518772917e+00,2.242274081502827698e+00,-3.193504207289409313e-01
9.910597848240897817e-03,1.027961964847289522e+02,3.419680322499116354e+00,2.241807911417503352e+00,-3.192171370907616601e-01
9.922587695770776137e-03,1.026740307667153047e+02,3.419035485479457570e+00,2.241341762452486730e+00,-3.190838611078029574e-01
9.934592048625762173e-03,1.025520123740851801e+02,3.418390648459805004e+00,2.240875634633340940e+00,-3.189505927893288573e-01
9.946610924354407079e-03,1.024301411288142418e+02,3.417745811440133341e+00,2.240409527985624205e+00,-3.188173321446057806e-01
9.958644340526491556e-03,1.023084168531059959e+02,3.417100974420482995e+00,2.239943442534982676e+00,-3.186840791829259611e-01
9.970692314733051870e-03,1.021868393693646766e+02,3.416456137400815773e+00,2.239477378307030531e+00,-3.185508339135766365e-01
9.982754864586411078e-03,1.020654085002199878e+02,3.415811300381154769e+00,2.239011335327460550e+00,-3.184175963458688030e-01
9.994832007720201583e-03,1.019441240685135455e+02,3.415166463361507532e+00,2.238545313621986832e+00,-3.182843664891213398e-01
9.999999998999999778e-03,1.018923140472184201e+02,3.414890765913653592e+00,2.238346074433782640e+00,-3.182274069606276790e-01
1.000000000000000021e-02,1.018923140371997533e+02,3.414890765860327360e+00,2.238346074395245910e+00,-3.182274069496104363e-01
1.000000000100000064e-02,1.018923140271788270e+02,3.405747458327812449e+00,2.238346074356699855e+00,-3.182274069385908621e-01
1.000692376178936686e-02,1.018229858972945863e+02,3.405339255150512390e+00,2.238079313216326138e+00,-3.181511443526582328e-01
1.001903014447023434e-02,1.017019938098310092e+02,3.404625815323278903e+00,2.237613334136249410e+00,-3.180179299458195108e-01
1.003115117346050668e-02,1.015811476296072442e+02,3.403911912880263291e+00,2.237147376407567556e+00,-3.178847232779597465e-01
1.004328686647930520e-02,1.014604471803174732e+02,3.403197547871027240e+00,2.236681440056109693e+00,-3.177515243584411175e-01
1.005543724126716984e-02,1.013398922858655880e+02,3.402482720345771927e+00,2.236215525107723590e+00,-3.176183331966334067e-01
1.006760231558611815e-02,1.012194827703787610e+02,3.401767430355431721e+00,2.235749631588329844e+00,-3.174851498019294338e-01
1.007978210721965917e-02,1.010992184581849500e+02,3.401051677951530738e+00,2.235283759523830405e+00,-3.173519741837201869e-01
1.009197663397279690e-02,1.009790991738287431e+02,3.400335463186285878e+00,2.234817908940183173e+00,-3.172188063514131406e-01
1.010418591367209622e-02,1.008591247420709749e+02,3.399614192241052990e+00,2.234352079863386908e+00,-3.170856463144313131e-01
1.011640996416568287e-02,1.007392949878780399e+02,3.398887970187219221e+00,2.233886272319451027e+00,-3.169524940822029957e-01
1.012864880332326606e-02,1.006196097364327215e+02,3.398161268668310253e+00,2.233420486334435573e+00,-3.168193496641728557e-01
1.014090244903618349e-02,1.005000688131254236e+02,3.397434087717174922e+00,2.232954721934418352e+00,-3.166862130697931099e-01
1.015317091921742049e-02,1.003806720435565154e+02,3.396706427367318870e+00,2.232488979145501595e+00,-3.165530843085255230e-01
1.016545423180161868e-02,1.002614192535426128e+02,3.395978287652949845e+00,2.232023257993844378e+00,-3.164199633898513442e-01
1.017775240474512975e-02,1.001423102691059199e+02,3.395249668608906646e+00,2.231557558505615990e+00,-3.162868503232556527e-01
1.019006545602603453e-02,1.000233449164828698e+02,3.394520570270722182e+00,2.231091880707033681e+00,-3.161537451182409586e-01
1.020239340364414299e-02,9.990452302211321012e+01,3.393790992674553308e+00,2.230626224624320475e+00,-3.160206477843129913e-01
1.021473626562105670e-02,9.978584441265732607e+01,3.393060935857290961e+00,2.230160590283774447e+00,-3.158875583310016277e-01
1.022709406000018445e-02,9.966730891497053335e+01,3.392330399856402057e+00,2.229694977711667470e+00,-3.157544767678319153e-01
1.023946680484674222e-02,9.954891635613077483e+01,3.391599384710109355e+00,2.229229386934357571e+00,-3.156214031043556023e-01
1.025185451824782261e-02,9.943066656342155341e+01,3.390867890457282652e+00,2.228763817978219652e+00,-3.154883373501324306e-01
1.026425721831239826e-02,9.931255936432570763e+01,3.390135917137396593e+00,2.228298270869623732e+00,-3.153552795147218646e-01
1.027667492317133058e-02,9.919459458654866069e+01,3.389403464790694986e+00,2.227832745635026868e+00,-3.152222296077122343e-01
1.028910765097743561e-02,9.907677205799288345e+01,3.388670533458013612e+00,2.227367242300877681e+00,-3.150891876386906487e-01
1.030155541990549276e-02,9.895909160677716443e+01,3.387937123180911225e+00,2.226901760893685189e+00,-3.149561536172647003e-01
1.031401824815224473e-02,9.884155306121742512e+01,3.387203234001562091e+00,2.226436301439952192e+00,-3.148231275530424256e-01
1.032649615393647566e-02,9.872415624985004001e+01,3.386468865962884323e+00,2.225970863966262758e+00,-3.146901094556572298e-01
1.033898915549900065e-02,9.860690100140848813e+01,3.385734019108411097e+00,2.225505448499194294e+00,-3.145570993347436284e-01
1.035149727110269355e-02,9.848978714484042030e+01,3.384998693482393239e+00,2.225040055065385936e+00,-3.144240971999561762e-01
1.036402051903253727e-02,9.837281450929074822e+01,3.384262889129693530e+00,2.224574683691467936e+00,-3.142911030609488177e-01
1.037655891759563069e-02,9.825598292412252022e+01,3.383526606095928813e+00,2.224109334404154481e+00,-3.141581169274024754e-01
1.038911248512121299e-02,9.813929221889407017e+01,3.382789844427318116e+00,2.223644007230144659e+00,-3.140251388089959073e-01
1.040168123996070872e-02,9.802274222337773324e+01,3.382052604170807886e+00,2.223178702196203727e+00,-3.138921687154296869e-01
1.041426520048774514e-02,9.790633276754944347e+01,3.381314885374010260e+00,2.222713419329119588e+00,-3.137592066564131033e-01
1.042686438509816092e-02,9.779006368158862017e+01,3.380576688085197290e+00,2.222248158655705907e+00,-3.136262526416650487e-01
1.043947881221006860e-02,9.767393479587639149e+01,3.379838012353303167e+00,2.221782920202794998e+00,-3.134933066809126312e-01
1.045210850026385974e-02,9.755794594101178063e+01,3.379098858228015256e+00,2.221317703997303994e+00,-3.133603687839091601e-01
1.046475346772222231e-02,9.744209694778315622e+01,3.378359225759604900e+00,2.220852510066118057e+00,-3.132274389604018938e-01
1.047741373307019275e-02,9.732638764719472135e+01,3.377619114999098393e+00,2.220387338436203173e+00,-3.130945172201636817e-01
1.049008931481517672e-02,9.721081787044622047e+01,3.376878525998143754e+00,2.219922189134523105e+00,-3.129616035729688162e-01
1.050278023148694569e-02,9.709538744894902607e+01,3.376137458809114200e+00,2.219457062188102459e+00,-3.128286980286115182e-01
1.051548650163771324e-02,9.698009621431425842e+01,3.375395913485046862e+00,2.218991957623987155e+00,-3.126958005968950016e-01
1.052820814384213162e-02,9.686494399835457614e+01,3.374653890079641894e+00,2.218526875469244430e+00,-3.125629112876304183e-01
1.054094517669730904e-02,9.674993063309428010e+01,3.373911388647338416e+00,2.218061815751008137e+00,-3.124300301106515132e-01
1.055369761882287219e-02,9.663505595074728660e+01,3.373168409243171073e+00,2.217596778496393028e+00,-3.122971570757879234e-01
1.056646548886096965e-02,9.652031978374118637e+01,3.372424951922928127e+00,2.217131763732590244e+00,-3.121642921928944880e-01
1.057924880547629100e-02,9.640572196470117206e+01,3.371681016743049319e+00,2.216666771486803800e+00,-3.120314354718314864e-01
1.059204758735611714e-02,9.629126232646007111e+01,3.370936603760694705e+00,2.216201801786290559e+00,-3.118985869224779606e-01
1.060486185321034454e-02,9.617694070204234436e+01,3.370191713033644287e+00,2.215736854658302057e+00,-3.117657465547126194e-01
1.061769162177148007e-02,9.606275692468609861e+01,3.369446344620435241e+00,2.215271930130167988e+00,-3.116329143784401512e-01
1.063053691179471731e-02,9.594871082782306360e+01,3.368700498580243341e+00,2.214807028229222041e+00,-3.115000904035679086e-01
1.064339774205792788e-02,9.583480224508863898e+01,3.367954174972943804e+00,2.214342148982836989e+00,-3.113672746400179547e-01
1.065627413136171174e-02,9.572103101031981964e+01,3.367207373859104624e+00,2.213877292418422460e+00,-3.112344670977251204e-01
1.066916609852939547e-02,9.560739695755330558e+01,3.366460095299975475e+00,2.213412458563419172e+00,-3.111016677866351166e-01
1.068207366240709125e-02,9.549389992102540248e+01,3.365712339357482819e+00,2.212947647445296262e+00,-3.109688767167043677e-01
1.069499684186371591e-02,9.538053973517418171e+01,3.364964106094255669e+00,2.212482859091558840e+00,-3.108360938979030652e-01
1.070793565579099618e-02,9.526731623464112886e+01,3.364215395573634471e+00,2.212018093529762197e+00,-3.107033193402178872e-01
1.072089012310352765e-02,9.515422925425980338e+01,3.363466207859592938e+00,2.211553350787462957e+00,-3.105705530536372883e-01
1.073386026273879384e-02,9.504127862906911162e+01,3.362716543016839754e+00,2.211088630892275031e+00,-3.104377950481704840e-01
1.074684609365716970e-02,9.492846419430959770e+01,3.361966401110787039e+00,2.210623933871852742e+00,-3.103050453338398462e-01
1.075984763484198400e-02,9.481578578541002855e+01,3.361215782207464198e+00,2.210159259753841532e+00,-3.101723039206676913e-01
1.077286490529953157e-02,9.470324323801021649e+01,3.360464686373674237e+00,2.209694608565970775e+00,-3.100395708187029253e-01
1.078589792405908708e-02,9.459083638794213300e+01,3.359713113676870755e+00,2.209229980335976062e+00,-3.099068460379989509e-01
1.079894671017296061e-02,9.447856507123728420e+01,3.358961064185208123e+00,2.208765375091629402e+00,-3.097741295886226598e-01
1.081201128271651324e-02,9.436642912412504813e+01,3.358208537967527274e+00,2.208300792860738770e+00,-3.096414214806524901e-01
1.082509166078816747e-02,9.425442838303439430e+01,3.357455535093382348e+00,2.207836233671150783e+00,-3.095087217241819788e-01
1.083818786350946445e-02,9.414256268458825616e+01,3.356702055632990067e+00,2.207371697550731593e+00,-3.093760303293116576e-01
1.085129991002508308e-02,9.403083186561303819e+01,3.355948099657303896e+00,2.206907184527404198e+00,-3.092433473061614868e-01
1.086442781950284348e-02,9.391923576312348132e+01,3.355193667237916788e+00,2.206442694629091594e+00,-3.091106726648538139e-01
1.087757161113377287e-02,9.380777421434143548e+01,3.354438758447182867e+00,2.205978227883790055e+00,-3.089780064155350781e-01
1.089073130413211778e-02,9.369644705667711548e+01,3.353683373358095299e+00,2.205513784319496740e+00,-3.088453485683534394e-01
1.090390691773534745e-02,9.358525412774417873e+01,3.352927512044393765e+00,2.205049363964270981e+00,-3.087126991334784853e-01
1.091709847120422849e-02,9.347419526534270062e+01,3.352171174580447222e+00,2.204584966846165894e+00,-3.085800581210800808e-01
1.093030598382282483e-02,9.336327030748367406e+01,3.351414361041425316e+00,2.204120592993330519e+00,-3.084474255413583443e-01
1.094352947489851506e-02,9.325247909235523025e+01,3.350657071503067908e+00,2.203656242433869483e+00,-3.083148014045033469e-01
1.095676896376205148e-02,9.314182145835819426e+01,3.349899306041928870e+00,2.203191915195993555e+00,-3.081821857207378557e-01
1.097002446976757389e-02,9.303129724407811807e+01,3.349141064735194018e+00,2.202727611307906397e+00,-3.080495785002846931e-01
1.098329601229262008e-02,9.292090628830011667e+01,3.348382347660773473e+00,2.202263330797858298e+00,-3.079169797533844455e-01
1.099658361073818647e-02,9.281064842999958842e+01,3.347623154897251929e+00,2.201799073694122200e+00,-3.077843894902846378e-01
1.100988728452874203e-02,9.270052350835342736e+01,3.346863486523961040e+00,2.201334840025028772e+00,-3.076518077212533897e-01
1.102320705311223697e-02,9.259053136273062989e+01,3.346103342620914134e+00,2.200870629818935775e+00,-3.075192344565685909e-01
1.103654293596017036e-02,9.248067183268507563e+01,3.345342723268769358e+00,2.200406443104197862e+00,-3.073866697065096854e-01
1.104989495256759012e-02,9.237094475798119220e+01,3.344581628548997099e+00,2.199942279909270493e+00,-3.072541134813885355e-01
1.106326312245312256e-02,9.226134997856273401e+01,3.343820058543672591e+00,2.199478140262587367e+00,-3.071215657915120079e-01
1.107664746515901744e-02,9.215188733457115688e+01,3.343058013335602929e+00,2.199014024192631034e+00,-3.069890266472048990e-01
1.109004800025116706e-02,9.204255666634928446e+01,3.342295493008358598e+00,2.198549931727957318e+00,-3.068564960588142099e-01
1.110346474731912017e-02,9.193335781441754762e+01,3.341542881981905744e+00,2.198085862897087850e+00,-3.067239740366812795e-01
1.111689772597614263e-02,9.182429061949952143e+01,3.340804016889045602e+00,2.197621817728623750e+00,-3.065914605911719826e-01
1.113034695585922440e-02,9.171535492251094013e+01,3.340064679312335194e+00,2.197157796251203443e+00,-3.064589557326654612e-01
1.114381245662910032e-02,9.160655056455615863e+01,3.339324869314424848e+00,2.196693798493478678e+00,-3.063264594715476852e-01
1.115729424797030217e-02,9.149787738693538586e+01,3.338584586958678546e+00,2.196229824484157156e+00,-3.061939718182228320e-01
1.117079234959118123e-02,9.138933523113561819e+01,3.337843832309117520e+00,2.195765874251955463e+00,-3.060614927831011300e-01
1.118430678122391345e-02,9.128092393883964917e+01,3.337102605430478430e+00,2.195301947825648803e+00,-3.059290223766109595e-01
1.119783756262456020e-02,9.117264335191887881e+01,3.336360906388172509e+00,2.194838045234031476e+00,-3.057965606091897492e-01
1.121138471357308909e-02,9.106449331243706524e+01,3.335618735248304212e+00,2.194374166505938195e+00,-3.056641074912891942e-01
1.122494825387337566e-02,9.095647366264999789e+01,3.334876092077680543e+00,2.193910311670245861e+00,-3.055316630333749783e-01
1.123852820335327803e-02,9.084858424500046681e+01,3.334132976943775084e+00,2.193446480755849581e+00,-3.053992272459214452e-01
1.125212458186463337e-02,9.074082490212873608e+01,3.333389389914799938e+00,2.192982673791710191e+00,-3.052668001394238662e-01
1.126573740928328571e-02,9.063319547685308919e+01,3.332645331059575167e+00,2.192518890806770315e+00,-3.051343817243751810e-01
1.127936670550913796e-02,9.052569581219474060e+01,3.331900800447704647e+00,2.192055131830064507e+00,-3.050019720112979171e-01
1.129301249046616752e-02,9.041832575135812533e+01,3.331155798149440628e+00,2.191591396890637533e+00,-3.048695710107185985e-01
1.130667478410244536e-02,9.031108513773298796e+01,3.330410324235698383e+00,2.191127686017543930e+00,-3.047371787331710768e-01
1.132035360639018287e-02,9.020397381491164879e+01,3.329664378778183664e+00,2.190663999239939042e+00,-3.046047951892192351e-01
1.133404897732575960e-02,9.009699162666119321e+01,3.328917961849192864e+00,2.190200336586946239e+00,-3.044724203894218495e-01
1.134776091692973020e-02,8.999013841694439009e+01,3.328171073521767998e+00,2.189736698087756839e+00,-3.043400543443585127e-01
1.136148944524688516e-02,8.988341402991268581e+01,3.327423713869649635e+00,2.189273083771598127e+00,-3.042076970646226952e-01
1.137523458234626639e-02,8.977681830990269418e+01,3.326675882967248477e+00,2.188809493667716932e+00,-3.040753485608160833e-01
1.138899634832117765e-02,8.967035110144149712e+01,3.325927580889692425e+00,2.188345927805408486e+00,-3.039430088435562949e-01
1.140277476328924698e-02,8.956401224924486826e+01,3.325178807712807494e+00,2.187882386214005326e+00,-3.038106779234751031e-01
1.141656984739244582e-02,8.945780159821384814e+01,3.324429563513105368e+00,2.187418868922865745e+00,-3.036783558112137738e-01
1.143038162079708896e-02,8.935171899343976065e+01,3.323679848367813161e+00,2.186955375961395109e+00,-3.035460425174300592e-01
1.144421010369391263e-02,8.924576428019759078e+01,3.322929662354833003e+00,2.186491907359019216e+00,-3.034137380527905936e-01
1.145805531629807451e-02,8.913993730395097259e+01,3.322179005552778008e+00,2.186028463145210043e+00,-3.032814424279766663e-01
1.147191727884917627e-02,8.903423791034886392e+01,3.321427878040950077e+00,2.185565043349464442e+00,-3.031491556536811127e-01
1.148579601161131732e-02,8.892866594523387391e+01,3.320676279899402950e+00,2.185101648001348540e+00,-3.030168777406181402e-01
1.149969153487311740e-02,8.882322125462380313e+01,3.319924211208808540e+00,2.184638277130415585e+00,-3.028846086995011788e-01
1.151360386894772180e-02,8.871790368473016031e+01,3.319171672050602595e+00,2.184174930766287659e+00,-3.027523485410666404e-01
1.152753303417286719e-02,8.861271308194638152e+01,3.318418662506884331e+00,2.183711608938606830e+00,-3.026200972760586527e-01
1.154147905091089561e-02,8.850764929285624305e+01,3.317665182660493262e+00,2.183248311677068010e+00,-3.024878549152399954e-01
1.155544193954876654e-02,8.840271216422202372e+01,3.316911232594925707e+00,2.182785039011378103e+00,-3.023556214693784439e-01
1.156942172049812284e-02,8.829790154299809046e+01,3.316156812394424058e+00,2.182321790971304409e+00,-3.022233969492633121e-01
1.158341841419529769e-02,8.819321727631904650e+01,3.315401922143906166e+00,2.181858567586632436e+00,-3.020911813656907419e-01
1.159743204110133194e-02,8.808865921150474776e+01,3.314646561928991542e+00,2.181395368887185882e+00,-3.019589747294706417e-01
1.161146262170204002e-02,8.798422719606371345e+01,3.313890731836039105e+00,2.180932194902843513e+00,-3.018267770514320159e-01
1.162551017650801689e-02,8.787992107768313588e+01,3.313134431952070802e+00,2.180469045663492977e+00,-3.016945883424092534e-01
1.163957472605465539e-02,8.777574070424032016e+01,3.312377662364858644e+00,2.180005921199088981e+00,-3.015624086132573933e-01
1.165365629090221039e-02,8.767168592378644121e+01,3.311620423162803473e+00,2.179542821539574238e+00,-3.014302378748322520e-01
1.166775489163580752e-02,8.756775658456780320e+01,3.310862714435102383e+00,2.179079746714981614e+00,-3.012980761380175676e-01
1.168187054886546047e-02,8.746395253500770650e+01,3.310104536271607500e+00,2.178616696755351967e+00,-3.011659234137021857e-01
1.169600328322613868e-02,8.736027362370998617e+01,3.309345888762863286e+00,2.178153671690748361e+00,-3.010337797127841108e-01
1.171015311537776729e-02,8.725671969947167383e+01,3.308586772000194465e+00,2.177690671551318236e+00,-3.009016450461883263e-01
1.172432006600525670e-02,8.715329061126217880e+01,3.307827186075555481e+00,2.177227696367199261e+00,-3.007695194248394821e-01
1.173850415581855280e-02,8.704998620823937472e+01,3.307067131081658395e+00,2.176764746168591280e+00,-3.006374028596834891e-01
1.175270540555265961e-02,8.694680633973827355e+01,3.306306607111882290e+00,2.176301820985707902e+00,-3.005052953616721978e-01
1.176692383596765132e-02,8.684375085528083105e+01,3.305545614260354093e+00,2.175838920848821800e+00,-3.003731969417777758e-01
1.178115946784872789e-02,8.674081960457087348e+01,3.304784152621906834e+00,2.175376045788242063e+00,-3.002411076109851029e-01
1.179541232200624276e-02,8.663801243748784486e+01,3.304022222292044564e+00,2.174913195834286661e+00,-3.001090273802851094e-01
1.180968241927570460e-02,8.653532920409806195e+01,3.303259823367019621e+00,2.174450371017338401e+00,-2.999769562606888207e-01
1.182396978051784668e-02,8.643276975464986833e+01,3.302496955943802437e+00,2.173987571367815175e+00,-2.998448942632216396e-01
1.183827442661864078e-02,8.633033393956873169e+01,3.301733620120044232e+00,2.173524796916158408e+00,-2.997128413989174622e-01
1.185259637848930583e-02,8.622802160946216077e+01,3.300969815994121426e+00,2.173062047692851717e+00,-2.995807976788254501e-01
1.186693565706638254e-02,8.612583261511805688e+01,3.300205543665119201e+00,2.172599323728413800e+00,-2.994487631140076433e-01
1.188129228331173334e-02,8.602376680750641924e+01,3.299440803232850605e+00,2.172136625053409542e+00,-2.993167377155415698e-01
1.189566627821256849e-02,8.592182403777593436e+01,3.298675594797827682e+00,2.171673951698434024e+00,-2.991847214945169697e-01
1.191005766278150323e-02,8.582000415725421760e+01,3.297909918461275236e+00,2.171211303694115191e+00,-2.990527144620356292e-01
1.192446645805657693e-02,8.571830701744923431e+01,3.297143774325131282e+00,2.170748681071121400e+00,-2.989207166292133233e-01
1.193889268510125827e-02,8.561673247004947029e+01,3.296377162492063029e+00,2.170286083860161419e+00,-2.987887280071808149e-01
1.195333636500452157e-02,8.551528036692361923e+01,3.295610083065452223e+00,2.169823512091989315e+00,-2.986567486070839661e-01
1.196779751888085025e-02,8.541395056011167242e+01,3.294842536149343193e+00,2.169360965797358709e+00,-2.985247784400718585e-01
1.198227616787025766e-02,8.531274290184619247e+01,3.294074521848597836e+00,2.168898445007123144e+00,-2.983928175173250485e-01
1.199677233313834607e-02,8.521165724452328050e+01,3.293306040268680679e+00,2.168435949752105074e+00,-2.982608658500177645e-01
1.201128603587633091e-02,8.511069344072710408e+01,3.292537091515847614e+00,2.167973480063209113e+00,-2.981289234493508244e-01
1.202581729730103736e-02,8.500985134321908276e+01,3.291767675697062412e+00,2.167511035971374067e+00,-2.979969903265374254e-01
1.204036613865498359e-02,8.490913080493334064e+01,3.290997792919968745e+00,2.167048617507551622e+00,-2.978650664927975367e-01
1.205493258120638768e-02,8.480853167898904132e+01,3.290227443292980780e+00,2.166586224702763630e+00,-2.977331519593737208e-01
1.206951664624917285e-02,8.470805381867641870e+01,3.289456626925185034e+00,2.166123857588042156e+00,-2.976012467375146464e-01
1.208411835510305073e-02,8.460769707746457868e+01,3.288685343926398108e+00,2.165661516194460567e+00,-2.974693508384838592e-01
1.209873772911351786e-02,8.450746130900303399e+01,3.287918566808170073e+00,2.165199200553148629e+00,-2.973374642735633899e-01
1.211337478965188001e-02,8.440734636711393080e+01,3.287210281346314655e+00,2.164736910695253869e+00,-2.972055870540436517e-01
1.212802955811531809e-02,8.430735210579987893e+01,3.286501532191854480e+00,2.164274646651976663e+00,-2.970737191912330433e-01
1.214270205592689507e-02,8.420747837923759960e+01,3.285792319382462523e+00,2.163812408454548919e+00,-2.969418606964511209e-01
1.215739230453557508e-02,8.410772504177820963e+01,3.285082642956448584e+00,2.163350196134226966e+00,-2.968100115810285433e-01
1.217210032541629280e-02,8.400809194795158419e+01,3.284372502952778827e+00,2.162888009722321314e+00,-2.966781718563133996e-01
1.218682614006995693e-02,8.390857895246486464e+01,3.283661899411075780e+00,2.162425849250187326e+00,-2.965463415336694886e-01
1.220156977002347445e-02,8.380918591019353414e+01,3.282950832371556604e+00,2.161963714749181253e+00,-2.964145206244648278e-01
1.221633123682981138e-02,8.370991267619929488e+01,3.282239301875160109e+00,2.161501606250750385e+00,-2.962827091400951351e-01
1.223111056206801009e-02,8.361075910571069869e+01,3.281527307963410856e+00,2.161039523786343786e+00,-2.961509070919600140e-01
1.224590776734320319e-02,8.351172505413202884e+01,3.280814850678484884e+00,2.160577467387446493e+00,-2.960191144914726125e-01
1.226072287428667251e-02,8.341281037704639800e+01,3.280101930063235027e+00,2.160115437085605716e+00,-2.958873313500661739e-01
1.227555590455587688e-02,8.331401493020823068e+01,3.279388546161138507e+00,2.159653432912389537e+00,-2.957555576791834895e-01
1.229040687983445207e-02,8.321533856954619068e+01,3.278674699016317362e+00,2.159191454899404672e+00,-2.956237934902806175e-01
1.230527582183229066e-02,8.311678115116475851e+01,3.277960388673554881e+00,2.158729503078305356e+00,-2.954920387948302141e-01
1.232016275228554718e-02,8.301834253134123287e+01,3.277245615178281390e+00,2.158267577480776023e+00,-2.953602936043173144e-01
1.233506769295665030e-02,8.292002256652720860e+01,3.276530378576573810e+00,2.157805678138545069e+00,-2.952285579302415530e-01
1.234999066563438261e-02,8.282182111334562080e+01,3.275814678915145439e+00,2.157343805083369315e+00,-2.950968317841141109e-01
1.236493169213388234e-02,8.272373802859522129e+01,3.275098516241381041e+00,2.156881958347054429e+00,-2.949651151774628777e-01
1.237989079429666246e-02,8.262577316924749482e+01,3.274381890603310641e+00,2.156420137961444716e+00,-2.948334081218297875e-01
1.239486799399067661e-02,8.252792639244542272e+01,3.273664802049606415e+00,2.155958343958415124e+00,-2.947017106287682653e-01
1.240986331311033815e-02,8.243019755550612615e+01,3.272947250629606675e+00,2.155496576369888118e+00,-2.945700227098488333e-01
1.242487677357652365e-02,8.233258651591681598e+01,3.272229236393283447e+00,2.155034835227812806e+00,-2.944383443766520614e-01
1.243990839733665615e-02,8.223509313133882870e+01,3.271510759391273560e+00,2.154573120564186262e+00,-2.943066756407754503e-01
1.245495820636470172e-02,8.213771725960502579e+01,3.270791819674867096e+00,2.154111432411040639e+00,-2.941750165138294348e-01
1.247002622266120062e-02,8.204045875872098748e+01,3.270072417296011835e+00,2.153649770800455610e+00,-2.940433670074407702e-01
1.248511246825332113e-02,8.194331748686234107e+01,3.269352552307302595e+00,2.153188135764537048e+00,-2.939117271332469250e-01
1.250021696519488384e-02,8.184629330237741840e+01,3.268632224761997662e+00,2.152726527335439677e+00,-2.937800969029024101e-01
1.251533973556637203e-02,8.174938606378177042e+01,3.267911434713979268e+00,2.152264945545335539e+00,-2.936484763280697852e-01
1.253048080147499584e-02,8.165259562976945062e+01,3.267190182217843297e+00,2.151803390426473950e+00,-2.935168654204359240e-01
1.254564018505471487e-02,8.155592185919873316e+01,3.266468467328795811e+00,2.151341862011111772e+00,-2.933852641916935844e-01
1.256081790846624857e-02,8.145936461110215987e+01,3.265746290102724103e+00,2.150880360331560048e+00,-2.932536726535540095e-01
1.257601399389714041e-02,8.136292374467939226e+01,3.265023650596151850e+00,2.150418885420159132e+00,-2.931220908177388229e-01
1.259122846356178216e-02,8.126659911930293845e+01,3.264300548866279073e+00,2.149957437309294228e+00,-2.929905186959869123e-01
1.260646133970141740e-02,8.117039059451241201e+01,3.263576984970944839e+00,2.149496016031382073e+00,-2.928589563000483231e-01
1.262171264458421607e-02,8.107429803002303004e+01,3.262852958968690764e+00,2.149034621618904239e+00,-2.927274036416945835e-01
1.263698240050529359e-02,8.097832128571019439e+01,3.262128470918645995e+00,2.148573254104337416e+00,-2.925958607326991645e-01
1.265227062978671081e-02,8.088246022162907423e+01,3.261403520880682638e+00,2.148111913520245775e+00,-2.924643275848636814e-01
1.266757735477755907e-02,8.078671469799360239e+01,3.260678108915252338e+00,2.147650599899187274e+00,-2.923328042099905821e-01
1.268290259785396536e-02,8.069108457519611477e+01,3.259952235083539041e+00,2.147189313273802469e+00,-2.922012906199087379e-01
1.269824638141910794e-02,8.059556971379052470e+01,3.259225899447336428e+00,2.146728053676735914e+00,-2.920697868264522379e-01
1.271360872790328923e-02,8.050016997450485690e+01,3.258499102069141617e+00,2.146266821140702330e+00,-2.919382928414767653e-01
1.272898965976394618e-02,8.040488521823024826e+01,3.257771843012077451e+00,2.145805615698427093e+00,-2.918068086768454972e-01
1.274438919948566763e-02,8.030971530602910491e+01,3.257044122339948000e+00,2.145344437382692870e+00,-2.916753343444404289e-01
1.275980736958025850e-02,8.021466009912973050e+01,3.256315940117211927e+00,2.144883286226311192e+00,-2.915438698561545472e-01
1.277524419258676582e-02,8.011971945892899782e+01,3.255587296408995801e+00,2.144422162262139331e+00,-2.914124152238971033e-01
1.279069969107147868e-02,8.002489324699504891e+01,3.254858191281118973e+00,2.143961065523090515e+00,-2.912809704595971660e-01
1.280617388762801158e-02,7.993018132505648055e+01,3.254128624800017189e+00,2.143499996042085520e+00,-2.911495355751879122e-01
1.282166680487730782e-02,7.983558355501304504e+01,3.253398597032816753e+00,2.143038953852106854e+00,-2.910181105826233905e-01
1.283717846546766038e-02,7.974109979893191280e+01,3.252668108047319429e+00,2.142577938986176100e+00,-2.908866954938728600e-01
1.285270889207478298e-02,7.964672991904322430e+01,3.251937157911963361e+00,2.142116951477339271e+00,-2.907552903209141282e-01
1.286825810740182055e-02,7.955247377774713868e+01,3.251205746695878140e+00,2.141655991358696998e+00,-2.906238950757453754e-01
1.288382613417936480e-02,7.945833123760962735e+01,3.250473874468861712e+00,2.141195058663392103e+00,-2.904925097703780490e-01
1.289941299516552536e-02,7.936430216136118077e+01,3.249741541301363057e+00,2.140734153424595387e+00,-2.903611344168361974e-01
1.291501871314595061e-02,7.927038641189817270e+01,3.249008747264505725e+00,2.140273275675520281e+00,-2.902297690271585240e-01
1.293064331093382591e-02,7.917658385228548923e+01,3.248275492430095834e+00,2.139812425449433064e+00,-2.900984136134022173e-01
1.294628681136996556e-02,7.908289434574990651e+01,3.247541776870586094e+00,2.139351602779625328e+00,-2.899670681876337364e-01
1.296194923732280936e-02,7.898931775568540559e+01,3.246807600659114446e+00,2.138890807699435737e+00,-2.898357327619372481e-01
1.297763061168844510e-02,7.889585394565038712e+01,3.246072963869482297e+00,2.138430040242239816e+00,-2.897044073484105198e-01
1.299333095739068321e-02,7.880250277936926295e+01,3.245337866576168295e+00,2.137969300441462828e+00,-2.895730919591674724e-01
1.300905029738106539e-02,7.870926412072955713e+01,3.244602308854314554e+00,2.137508588330558013e+00,-2.894417866063348499e-01
1.302478865463887851e-02,7.861613783378336962e+01,3.243866290779730654e+00,2.137047903943023019e+00,-2.893104913020537738e-01
1.304054605217123269e-02,7.852312378274736204e+01,3.243129812428903413e+00,2.136587247312396354e+00,-2.891792060584802426e-01
1.305632251301306994e-02,7.843022183200530151e+01,3.242392873879013315e+00,2.136126618472272032e+00,-2.890479308877900166e-01
1.307211806022718151e-02,7.833743184610025878e+01,3.241655475207880777e+00,2.135666017456260501e+00,-2.889166658021666279e-01
1.308793271690427903e-02,7.824475368973985212e+01,3.240917616494004783e+00,2.135205444298020172e+00,-2.887854108138098175e-01
1.310376650616300841e-02,7.815218722779754046e+01,3.240217163535682232e+00,2.134744899031261856e+00,-2.886541659349371458e-01
1.311961945114996711e-02,7.805973232530615746e+01,3.239572603177091725e+00,2.134284381689713683e+00,-2.885229311777756100e-01
1.313549157503977362e-02,7.796738884746814335e+01,3.238927597769387656e+00,2.133823892307181058e+00,-2.883917065545760772e-01
1.315138290103508301e-02,7.787515665964016875e+01,3.238282147301456249e+00,2.133363430917466719e+00,-2.882604920775923563e-01
1.316729345236660256e-02,7.778303562735122512e+01,3.237636251762812556e+00,2.132902997554458668e+00,-2.881292877591060120e-01
1.318322325229316118e-02,7.769102561628312742e+01,3.236989911143465015e+00,2.132442592252045355e+00,-2.879980936114010515e-01
1.319917232410172669e-02,7.759912649228868986e+01,3.236343125434046453e+00,2.131982215044189832e+00,-2.878669096467871835e-01
1.321514069110742498e-02,7.750733812137497125e+01,3.235695894625692848e+00,2.131521865964864482e+00,-2.877357358775787244e-01
1.323112837665360066e-02,7.741566036971735798e+01,3.235048218710152135e+00,2.131061545048111849e+00,-2.876045723161138046e-01
1.324713540411184484e-02,7.732409310364936061e+01,3.234400097679709152e+00,2.130601252327998463e+00,-2.874734189747402691e-01
1.326316179688200037e-02,7.723263618966642241e+01,3.233751531527219392e+00,2.130140987838633926e+00,-2.873422758658218945e-01
1.327920757839224156e-02,7.714128949442721250e+01,3.233102520246110778e+00,2.129680751614178913e+00,-2.872111430017396660e-01
1.329527277209908466e-02,7.705005288474856684e+01,3.232453063830360129e+00,2.129220543688818967e+00,-2.870800203948856155e-01
1.331135740148740344e-02,7.695892622761050461e+01,3.231803162274525576e+00,2.128760364096794699e+00,-2.869489080576699269e-01
1.332746149007050379e-02,7.686790939015369872e+01,3.231152815573731463e+00,2.128300212872388020e+00,-2.868178060025175502e-01
1.334358506139013412e-02,7.677700223967825366e+01,3.230502023723663463e+00,2.127840090049914146e+00,-2.866867142418670911e-01
1.335972813901652699e-02,7.668620464364499867e+01,3.229850786720574352e+00,2.127379995663734036e+00,-2.865556327881728649e-01
1.337589074654841129e-02,7.659551646967663885e+01,3.229199104561300437e+00,2.126919929748255722e+00,-2.864245616539060624e-01
1.339207290761308504e-02,7.650493758555036550e+01,3.228546977243206495e+00,2.126459892337905888e+00,-2.862935008515458124e-01
1.340827464586643106e-02,7.641446785921144169e+01,3.227894404764289682e+00,2.125999883467191154e+00,-2.861624503935978892e-01
1.342449598499293253e-02,7.632410715875721507e+01,3.227241387123058747e+00,2.125539903170623912e+00,-2.860314102925728408e-01
1.344073694870574244e-02,7.623385535245058975e+01,3.226587924318644163e+00,2.125079951482787610e+00,-2.859003805610046967e-01
1.345699756074670780e-02,7.614371230870527540e+01,3.225934016350682665e+00,2.124620028438268360e+00,-2.857693612114307613e-01
1.347327784488637319e-02,7.605367789610548357e+01,3.225279663219469573e+00,2.124160134071748640e+00,-2.856383522564204247e-01
1.348957782492406221e-02,7.596375198338384394e+01,3.224624864925796253e+00,2.123700268417903381e+00,-2.855073537085429103e-01
1.350589752468789144e-02,7.587393443943608418e+01,3.223969621471058034e+00,2.123240431511470128e+00,-2.853763655803890908e-01
1.352223696803478599e-02,7.578422513331851462e+01,3.223313932857244879e+00,2.122780623387241050e+00,-2.852453878845690460e-01
1.353859617885055065e-02,7.569462393424083757e+01,3.222657799086883212e+00,2.122320844080024749e+00,-2.851144206336995723e-01
1.355497518104988898e-02,7.560513071157463116e+01,3.222001220163104307e+00,2.121861093624691108e+00,-2.849834638404196707e-01
1.357137399857641542e-02,7.551574533484601659e+01,3.221344196089586109e+00,2.121401372056136214e+00,-2.848525175173781676e-01
1.358779265540273340e-02,7.542646767374169769e+01,3.220686726870613192e+00,2.120941679409313885e+00,-2.847215816772438735e-01
1.360423117553044396e-02,7.533729759810425719e+01,3.220028812511027461e+00,2.120482015719209912e+00,-2.845906563326979777e-01
1.362068958299017182e-02,7.524823497793437355e+01,3.219370453016258793e+00,2.120022381020860269e+00,-2.844597414964388227e-01
1.363716790184162780e-02,7.515927968338984044e+01,3.218711648392314828e+00,2.119562775349339123e+00,-2.843288371811799609e-01
1.365366615617363485e-02,7.507043158478415990e+01,3.218052398645771195e+00,2.119103198739759275e+00,-2.841979433996481008e-01
1.367018437010413499e-02,7.498169055258908600e+01,3.217392703783796826e+00,2.118643651227285929e+00,-2.840670601645887694e-01
1.368672256778026911e-02,7.489305645743091588e+01,3.216732563814125090e+00,2.118184132847111822e+00,-2.839361874887590398e-01
1.370328077337839602e-02,7.480452917009543512e+01,3.216071978745091986e+00,2.117724643634492754e+00,-2.838053253849361912e-01
1.371985901110409425e-02,7.471610856152058489e+01,3.215410948585588624e+00,2.117265183624705394e+00,-2.836744738659074394e-01
1.373645730519225394e-02,7.462779450280369531e+01,3.214749473345110076e+00,2.116805752853086364e+00,-2.835436329444803172e-01
1.375307567990708031e-02,7.453958686519555954e+01,3.214087553033715405e+00,2.116346351355003819e+00,-2.834128026334744588e-01
1.376971415954211624e-02,7.445148552010275012e+01,3.213425187662052984e+00,2.115886979165868098e+00,-2.832819829457253191e-01
1.378637276842031162e-02,7.436349033909003481e+01,3.212762377241370704e+00,2.115427636321149052e+00,-2.831511738940881706e-01
1.380305153089404595e-02,7.427560119387328541e+01,3.212099121783472011e+00,2.114968322856337402e+00,-2.830203754914276670e-01
1.381975047134513697e-02,7.418781795632769160e+01,3.211435421300777637e+00,2.114509038806990482e+00,-2.828895877506305556e-01
1.383646961418492222e-02,7.410014049847720230e+01,3.210771275806246106e+00,2.114049784208674065e+00,-2.827588106845899119e-01
1.385320898385427116e-02,7.401256869250633486e+01,3.210106685313469210e+00,2.113590559097029864e+00,-2.826280443062235692e-01
1.386996860482360081e-02,7.392510241075297017e+01,3.209441649836612953e+00,2.113131363507737781e+00,-2.824972886284628504e-01
1.388674850159295204e-02,7.383774152570620686e+01,3.208776169390409549e+00,2.112672197476502145e+00,-2.823665436642506799e-01
1.390354869869201218e-02,7.375048591001210241e+01,3.208110243990199617e+00,2.112213061039091233e+00,-2.822358094265499107e-01
1.392036922068011322e-02,7.366333543647013471e+01,3.207443873651908639e+00,2.111753954231306185e+00,-2.821050859283381063e-01
1.393721009214632899e-02,7.357628997803102777e+01,3.206777058392031421e+00,2.111294877088985444e+00,-2.819743731826050981e-01
1.395407133770947862e-02,7.348934940780243608e+01,3.206109798227678720e+00,2.110835829648025186e+00,-2.818436712023617008e-01
1.397095298201814044e-02,7.340251359904317496e+01,3.205442093176532836e+00,2.110376811944353559e+00,-2.817129800006303308e-01
1.398785504975073868e-02,7.331578242516665966e+01,3.204773943256879143e+00,2.109917824013952892e+00,-2.815822995904525006e-01
1.400477756561555216e-02,7.322915575973648572e+01,3.204105348487568783e+00,2.109458865892830381e+00,-2.814516299848806025e-01
1.402172055435072819e-02,7.314263347647414548e+01,3.203436308888087947e+00,2.108999937617066944e+00,-2.813209711969907323e-01
1.403868404072436578e-02,7.305621544924788680e+01,3.202766824478466834e+00,2.108541039222754598e+00,-2.811903232398660912e-01
1.405566804953452958e-02,7.296990155208393958e+01,3.202096895279373800e+00,2.108082170746057749e+00,-2.810596861266140833e-01
1.407267260560926027e-02,7.288369165915520398e+01,3.201426521312021212e+00,2.107623332223159451e+00,-2.809290598703494957e-01
1.408969773380665952e-02,7.279758564479148220e+01,3.200755702598261365e+00,2.107164523690307156e+00,-2.807984444842104299e-01
1.410674345901490045e-02,7.271158338346934613e+01,3.200084383151351020e+00,2.106705745183765632e+00,-2.806678399813426483e-01
1.412380980615224671e-02,7.262568474982431610e+01,3.199412553851538554e+00,2.106246996739887134e+00,-2.805372463749199463e-01
1.414089680016712702e-02,7.253988961863427676e+01,3.198740252782512616e+00,2.105788278395013702e+00,-2.804066636781174515e-01
1.415800446603815432e-02,7.245419786483614644e+01,3.198067479920013501e+00,2.105329590185576638e+00,-2.802760919041379917e-01
1.417513282877414134e-02,7.236860936351359896e+01,3.197394235240336613e+00,2.104870932148025897e+00,-2.801455310661939979e-01
1.419228191341417172e-02,7.228312398990487964e+01,3.196720518720399085e+00,2.104412304318873606e+00,-2.800149811775188846e-01
1.420945174502762781e-02,7.219774161939501766e+01,3.196046330337679375e+00,2.103953706734658535e+00,-2.798844422513570018e-01
1.422664234871419582e-02,7.211246212752025997e+01,3.195371670070254133e+00,2.103495139431963423e+00,-2.797539143009685758e-01
1.424385374960394912e-02,7.202728538997142493e+01,3.194696537896827060e+00,2.103036602447440728e+00,-2.796233973396370920e-01
1.426108597285736732e-02,7.194221128258392639e+01,3.194020933796652528e+00,2.102578095817754900e+00,-2.794928913806531412e-01
1.427833904366534144e-02,7.185723968134766437e+01,3.193344857749617738e+00,2.102119619579639664e+00,-2.793623964373302404e-01
1.429561298724926592e-02,7.177237046239837071e+01,3.192668309736171661e+00,2.101661173769851843e+00,-2.792319125229918986e-01
1.431290782886104375e-02,7.168760350202509812e+01,3.191991289737393434e+00,2.101202758425211758e+00,-2.791014396509836626e-01
1.433022359378310906e-02,7.160293867666375434e+01,3.191313797734932844e+00,2.100744373582569047e+00,-2.789709778346622926e-01
1.434756030732850171e-02,7.151837586290150739e+01,3.190635833711061409e+00,2.100286019278832406e+00,-2.788405270874048103e-01
1.436491799484088810e-02,7.143391493747343191e+01,3.189957397648634174e+00,2.099827695550942064e+00,-2.787100874226017821e-01
1.438229668169457159e-02,7.134955577726368858e+01,3.189278489531110150e+00,2.099369402435891097e+00,-2.785796588536603724e-01
1.439969639329457401e-02,7.126529825930647633e+01,3.188599109342561633e+00,2.098911139970718764e+00,-2.784492413940061750e-01
1.441711715507665824e-02,7.118114226078400009e+01,3.187919257067653334e+00,2.098452908192507405e+00,-2.783188350570800496e-01
1.443455899250732991e-02,7.109708765902321659e+01,3.187238932691625060e+00,2.097994707138367776e+00,-2.781884398563332361e-01
1.445202193108392937e-02,7.101313433150438925e+01,3.186558136200359659e+00,2.097536536845476807e+00,-2.780580558052407891e-01
1.446950599633464382e-02,7.092928215585573071e+01,3.185876867580348382e+00,2.097078397351062939e+00,-2.779276829172953045e-01
1.448701121381852468e-02,7.084553100984807372e+01,3.185195126818633149e+00,2.096620288692363943e+00,-2.777973212059958175e-01
1.450453760912556039e-02,7.076188077140562882e+01,3.184512913902918019e+00,2.096162210906698409e+00,-2.776669706848678421e-01
1.452208520787670598e-02,7.067833131859724460e+01,3.183830228821486141e+00,2.095704164031413796e+00,-2.775366313674481056e-01
1.453965403572388473e-02,7.059488252963981836e+01,3.183147071563228625e+00,2.095246148103905526e+00,-2.774063032672907103e-01
1.455724411835007670e-02,7.051153428289819658e+01,3.182463442117657859e+00,2.094788163161617867e+00,-2.772759863979679662e-01
1.457485548146933603e-02,7.042828645688099698e+01,3.181779340474861772e+00,2.094330209242026619e+00,-2.771456807730632854e-01
1.459248815082680312e-02,7.034513893024889342e+01,3.181094766625584214e+00,2.093872286382678194e+00,-2.770153864061848936e-01
1.461014215219878266e-02,7.026209158180229508e+01,3.180409720561120590e+00,2.093414394621124774e+00,-2.768851033109464010e-01
1.462781751139276797e-02,7.017914429049675107e+01,3.179724202273447542e+00,2.092956533995018020e+00,-2.767548315009916715e-01
1.464551425424745305e-02,7.009629693542640894e+01,3.179038211755089716e+00,2.092498704542008259e+00,-2.766245709899690652e-01
1.466323240663280729e-02,7.001354939583546866e+01,3.178351748999214355e+00,2.092040906299813763e+00,-2.764943217915496465e-01
1.468097199445010485e-02,6.993090155111185879e+01,3.177664813999586890e+00,2.091583139306189221e+00,-2.763640839194176357e-01
1.469873304363192822e-02,6.984835328079151395e+01,3.176977406750601141e+00,2.091125403598942611e+00,-2.762338573872772374e-01
1.471651558014226008e-02,6.976590446455415417e+01,3.176289527247251332e+00,2.090667699215920994e+00,-2.761036422088465336e-01
1.473431962997648857e-02,6.968355498222634026e+01,3.175601175485156080e+00,2.090210026195026494e+00,-2.759734383978625916e-01
1.475214521916143155e-02,6.960130471377949846e+01,3.174912351460551285e+00,2.089752384574202981e+00,-2.758432459680785209e-01
1.476999237375541812e-02,6.951915353932784569e+01,3.174223055170264374e+00,2.089294774391426746e+00,-2.757130649332603101e-01
1.478786111984830079e-02,6.943710133913255333e+01,3.173533286611759152e+00,2.088837195684734027e+00,-2.755828953071939869e-01
1.480575148356147279e-02,6.935514799359951610e+01,3.172843045783117155e+00,2.088379648492206808e+00,-2.754527371036824546e-01
1.482366349104795311e-02,6.927329338328050312e+01,3.172152332683048748e+00,2.087922132851981250e+00,-2.753225903365476568e-01
1.484159716849240036e-02,6.919153738886811311e+01,3.171461147310852713e+00,2.087464648802217049e+00,-2.751924550196221397e-01
1.485955254211112665e-02,6.910987989120077657e+01,3.170769489666461993e+00,2.087007196381132079e+00,-2.750623311667579896e-01
1.487752963815218606e-02,6.902832077126275578e+01,3.170077359750445911e+00,2.086549775627001946e+00,-2.749322187918277205e-01
1.489552848289538677e-02,6.894685991017807680e+01,3.169384757563959543e+00,2.086092386578122237e+00,-2.748021179087130617e-01
1.491354910265230670e-02,6.886549718921767749e+01,3.168691683108805002e+00,2.085635029272856045e+00,-2.746720285313185017e-01
1.493159152376637849e-02,6.878423248979629534e+01,3.167998136387411900e+00,2.085177703749613087e+00,-2.745419506735656823e-01
1.494965577261290514e-02,6.870306569347040693e+01,3.167304117402820030e+00,2.084720410046843053e+00,-2.744118843493906779e-01
1.496774187559907557e-02,6.862199668193845525e+01,3.166609626158678470e+00,2.084263148203034266e+00,-2.742818295727443290e-01
1.498584985916405141e-02,6.854102533704360667e+01,3.165914662659280232e+00,2.083805918256729672e+00,-2.741517863575974046e-01
1.500397974977897564e-02,6.846015154077187503e+01,3.165219226909541383e+00,2.083348720246522845e+00,-2.740217547179377711e-01
1.502213157394699863e-02,6.837937517525212172e+01,3.164523318915005934e+00,2.082891554211052210e+00,-2.738917346677703923e-01
1.504030535820335100e-02,6.829869612275400925e+01,3.163826938681830292e+00,2.082434420188997048e+00,-2.737617262211146096e-01
1.505850112911537309e-02,6.821811426569011871e+01,3.163130086216800141e+00,2.081977318219082829e+00,-2.736317293920078053e-01
1.507671891328251669e-02,6.813762948661768348e+01,3.162432761527358860e+00,2.081520248340101631e+00,-2.735017441945087335e-01
1.509495873733644050e-02,6.805724166823196697e+01,3.161734964621534694e+00,2.081063210590868184e+00,-2.733717706426868066e-01
1.511322062794102049e-02,6.797695069337100904e+01,3.161083589684012374e+00,2.080606205010246512e+00,-2.732418087506294224e-01
1.513150461179236898e-02,6.789675644501566865e+01,3.160437677712931048e+00,2.080149231637160145e+00,-2.731118585324441850e-01
1.514981071561891622e-02,6.781665880628862908e+01,3.159791325597870237e+00,2.079692290510581021e+00,-2.729819200022557957e-01
1.516813896618143115e-02,6.773665766044962311e+01,3.159144533338189120e+00,2.079235381669499283e+00,-2.728519931741989479e-01
1.518648939027303357e-02,6.765675289090593481e+01,3.158497300933863272e+00,2.078778505152997003e+00,-2.727220780624367014e-01
1.520486201471927916e-02,6.757694438120194036e+01,3.157849628385404284e+00,2.078321661000176235e+00,-2.725921746811428847e-01
1.522325686637818025e-02,6.749723201502186498e+01,3.157201515693880634e+00,2.077864849250183887e+00,-2.724622830445068145e-01
1.524167397214021800e-02,6.741761567619082030e+01,3.156552962860926126e+00,2.077408069942216162e+00,-2.723324031667356260e-01
1.526011335892842567e-02,6.733809524867770335e+01,3.155903969888770977e+00,2.076951323115533654e+00,-2.722025350620589368e-01
1.527857505369841114e-02,6.725867061658742330e+01,3.155254536780178753e+00,2.076494608809424047e+00,-2.720726787447176331e-01
1.529705908343837080e-02,6.717934166416674202e+01,3.154604663538493448e+00,2.076037927063231869e+00,-2.719428342289719192e-01
1.531556547516917284e-02,6.710010827580424575e+01,3.153954350167642584e+00,2.075581277916357159e+00,-2.718130015291024826e-01
1.533409425594437457e-02,6.702097033602370857e+01,3.153303596672084375e+00,2.075124661408226601e+00,-2.716831806594003362e-01
1.535264545285024151e-02,6.694192772949160997e+01,3.152652403056876995e+00,2.074668077578330383e+00,-2.715533716341788084e-01
1.537121909300582893e-02,6.686298034101429266e+01,3.152000769327644836e+00,2.074211526466208877e+00,-2.714235744677692685e-01
1.538981520356300439e-02,6.678412805553433884e+01,3.151348695490565621e+00,2.073755008111434872e+00,-2.712937891745157981e-01
1.540843381170645641e-02,6.670537075813609817e+01,3.150696181552402386e+00,2.073298522553641998e+00,-2.711640157687838504e-01
1.542707494465378817e-02,6.662670833404190773e+01,3.150043227520490152e+00,2.072842069832511847e+00,-2.710342542649556430e-01
1.544573862965552963e-02,6.654814066861122512e+01,3.149389833402717276e+00,2.072385649987758871e+00,-2.709045046774269938e-01
1.546442489399515313e-02,6.646966764734523281e+01,3.148735999207572078e+00,2.071929263059169024e+00,-2.707747670206177570e-01
1.548313376498916538e-02,6.639128915588227642e+01,3.148081724944108206e+00,2.071472909086566450e+00,-2.706450413089624973e-01
1.550186526998711956e-02,6.631300507999499416e+01,3.147427010621919319e+00,2.071016588109802825e+00,-2.705153275569069926e-01
1.552061943637162919e-02,6.623481530560144392e+01,3.146771856251233235e+00,2.070560300168820422e+00,-2.703856257789266082e-01
1.553939629155846359e-02,6.615671971875035240e+01,3.146116261842792472e+00,2.070104045303566398e+00,-2.702559359895022051e-01
1.555819586299655999e-02,6.607871820563214271e+01,3.145460227407952836e+00,2.069647823554061628e+00,-2.701262582031395132e-01
1.557701817816803391e-02,6.600081065257531066e+01,3.144803752958645227e+00,2.069191634960378057e+00,-2.699965924343617485e-01
1.559586326458827985e-02,6.592299694604268723e+01,3.144146838507352548e+00,2.068735479562617385e+00,-2.698669386977053941e-01
1.561473114980597467e-02,6.584527697263693824e+01,3.143489484067157669e+00,2.068279357400947482e+00,-2.697372970077285825e-01
1.563362186140310195e-02,6.576765061909510734e+01,3.142831689651699900e+00,2.067823268515568191e+00,-2.696076673790027689e-01
1.565253542699503869e-02,6.569011777229415827e+01,3.142173455275220739e+00,2.067367212946745081e+00,-2.694780498261224455e-01
1.567147187423056920e-02,6.561267831924624261e+01,3.141514780952527008e+00,2.066911190734785464e+00,-2.693484443636965375e-01
1.569043123079190763e-02,6.553533214709797505e+01,3.140855666698989079e+00,2.066455201920030849e+00,-2.692188510063487916e-01
1.570941352439477606e-02,6.545807914313759568e+01,3.140196112530599049e+00,2.065999246542903567e+00,-2.690892697687289337e-01
1.572841878278842878e-02,6.538091919478408443e+01,3.139536118463885472e+00,2.065543324643845047e+00,-2.689597006654960154e-01
1.574744703375566962e-02,6.530385218959538918e+01,3.138875684515979536e+00,2.065087436263358889e+00,-2.688301437113309045e-01
1.576649830511293524e-02,6.522687801526561202e+01,3.138214810704601732e+00,2.064631581442003316e+00,-2.687005989209335088e-01
1.578557262471031938e-02,6.514999655962330394e+01,3.137553497048036544e+00,2.064175760220374745e+00,-2.685710663090187800e-01
1.580467002043157987e-02,6.507320771062961740e+01,3.136891743565128898e+00,2.063719972639102895e+00,-2.684415458903149365e-01
1.582379052019422874e-02,6.499651135638997346e+01,3.136229550275385414e+00,2.063264218738919631e+00,-2.683120376795825046e-01
1.584293415194956700e-02,6.491990738513523240e+01,3.135566917198806980e+00,2.062808498560548376e+00,-2.681825416915839533e-01
1.586210094368267418e-02,6.484339568523698460e+01,3.134903844356031311e+00,2.062352812144794267e+00,-2.680530579411089520e-01
1.588129092341250895e-02,6.476697614519937929e+01,3.134240331768258780e+00,2.061897159532497525e+00,-2.679235864429609926e-01
1.590050411919194037e-02,6.469064865366286199e+01,3.133576379457291061e+00,2.061441540764560987e+00,-2.677941272119646055e-01
1.591974055910774094e-02,6.461441309940133237e+01,3.132911987445500479e+00,2.060985955881925236e+00,-2.676646802629593092e-01
1.593900027128068719e-02,6.453826937132490116e+01,3.132247155755865542e+00,2.060530404925594361e+00,-2.675352456108071597e-01
1.595828328386558054e-02,6.446221735847285572e+01,3.131581884411907435e+00,2.060074887936591548e+00,-2.674058232703785953e-01
1.597758962505125419e-02,6.438625695002501459e+01,3.130916173437786831e+00,2.059619404956026578e+00,-2.672764132565730866e-01
1.599691932306068071e-02,6.431038803529300196e+01,3.130250022858240833e+00,2.059163956025048314e+00,-2.671470155843047034e-01
1.601627240615096162e-02,6.423461050371851400e+01,3.129583432698551881e+00,2.058708541184833596e+00,-2.670176302684994507e-01
1.603564890261336556e-02,6.415892424488114898e+01,3.128916402984639689e+00,2.058253160476632093e+00,-2.668882573241085354e-01
1.605504884077341848e-02,6.408332914849229667e+01,3.128248933742992843e+00,2.057797813941736997e+00,-2.667588967660987631e-01
1.607447224899090366e-02,6.400782510439782413e+01,3.127581025000702120e+00,2.057342501621495234e+00,-2.666295486094564793e-01
1.609391915565989983e-02,6.393241200257449464e+01,3.126912676785428946e+00,2.056887223557292810e+00,-2.665002128691828509e-01
1.611338958920885064e-02,6.385708973313264636e+01,3.126282056408498544e+00,2.056431979790571241e+00,-2.663708895602984184e-01
1.613288357810060622e-02,6.378185818631874326e+01,3.125657618126128412e+00,2.055976770362839101e+00,-2.662415786978473142e-01
1.615240115083241279e-02,6.370671725250596751e+01,3.125032729160716283e+00,2.055521595315619177e+00,-2.661122802968817203e-01
1.617194233593602370e-02,6.363166682220609260e+01,3.124407389461788753e+00,2.055066454690524402e+00,-2.659829943724827395e-01
1.619150716197770984e-02,6.355670678605687840e+01,3.123781598979338714e+00,2.054611348529178816e+00,-2.658537209397389689e-01
1.621109565755828041e-02,6.348183703483461215e+01,3.123155357663935927e+00,2.054156276873294829e+00,-2.657244600137678159e-01
1.623070785131316279e-02,6.340705745944242011e+01,3.122528665466626219e+00,2.053701239764604392e+00,-2.655952116096964022e-01
1.625034377191243024e-02,6.333236795091944771e+01,3.121901522339008306e+00,2.053246237244915395e+00,-2.654659757426775513e-01
1.627000344806082271e-02,6.325776840043245386e+01,3.121273928233180950e+00,2.052791269356061044e+00,-2.653367524278749667e-01
1.628968690849781978e-02,6.318325869928178662e+01,3.120645883101770934e+00,2.052336336139940709e+00,-2.652075416804748342e-01
1.630939418199768565e-02,6.310883873890039553e+01,3.120017386897950828e+00,2.051881437638506167e+00,-2.650783435156832124e-01
1.632912529736945534e-02,6.303450841084973888e+01,3.119388439575389249e+00,2.051426573893752714e+00,-2.649491579487205928e-01
1.634888028345704916e-02,6.296026760682395462e+01,3.118759041088296158e+00,2.050971744947725828e+00,-2.648199849948285056e-01
1.636865916913928659e-02,6.288611621864820478e+01,3.118129191391407762e+00,2.050516950842530939e+00,-2.646908246692669664e-01
1.638846198332989321e-02,6.281205413827693462e+01,3.117498890439978521e+00,2.050062191620313445e+00,-2.645616769873123664e-01
1.640828875497760478e-02,6.273808125779729039e+01,3.116868138189806015e+00,2.049607467323281362e+00,-2.644325419642628572e-01
1.642813951306617073e-02,6.266419746942406022e+01,3.116236934597195862e+00,2.049152777993677788e+00,-2.643034196154307458e-01
1.644801428661438886e-02,6.259040266550475451e+01,3.115605279618999912e+00,2.048698123673811544e+00,-2.641743099561507657e-01
1.646791310467618855e-02,6.251669673851613851e+01,3.114973173212596258e+00,2.048243504406039861e+00,-2.640452130017749699e-01
1.648783599634063776e-02,6.244307958106440282e+01,3.114340615335887019e+00,2.047788920232764820e+00,-2.639161287676734524e-01
1.650778299073198813e-02,6.236955108588586683e+01,3.113707605947311219e+00,2.047334371196444902e+00,-2.637870572692347926e-01
1.652775411700973737e-02,6.229611114584620424e+01,3.113074145005834126e+00,2.046879857339588327e+00,-2.636579985218664990e-01
1.654774940436866751e-02,6.222275965394128150e+01,3.112440232470966350e+00,2.046425378704755715e+00,-2.635289525409954536e-01
1.656776888203885176e-02,6.214949650329548803e+01,3.111805868302737643e+00,2.045970935334556984e+00,-2.633999193420658580e-01
1.658781257928575170e-02,6.207632158716334914e+01,3.111171052461726205e+00,2.045516527271662000e+00,-2.632708989405430078e-01
1.660788052541023810e-02,6.200323479892715994e+01,3.110535784909030710e+00,2.045062154558780598e+00,-2.631418913519077973e-01
1.662797274974859782e-02,6.193023603209775274e+01,3.109900065606286734e+00,2.044607817238672798e+00,-2.630128965916601613e-01
1.664808928167264140e-02,6.185732518031770866e+01,3.109263894515689852e+00,2.044153515354174555e+00,-2.628839146753238487e-01
1.666823015058970306e-02,6.178450213735250429e+01,3.108627271599924136e+00,2.043699248948131597e+00,-2.627549456184314347e-01
1.668839538594268229e-02,6.171176679710266200e+01,3.107990196822270512e+00,2.043245018063488239e+00,-2.626259894365461922e-01
1.670858501721011677e-02,6.163911905359156407e+01,3.107352670146499296e+00,2.042790822743205226e+00,-2.624970461452404979e-01
1.672879907390619619e-02,6.156655880097354583e+01,3.106714691536950124e+00,2.042336663030315247e+00,-2.623681157601112646e-01
1.674903758558082822e-02,6.149408593352991659e+01,3.106076260958487101e+00,2.041882538967891403e+00,-2.622391982967722801e-01
1.676930058181964542e-02,6.142170034566890280e+01,3.105437378376514790e+00,2.041428450599063638e+00,-2.621102937708547076e-01
1.678958809224409543e-02,6.134940193192811364e+01,3.104798043756988868e+00,2.040974397967015630e+00,-2.619814021980115260e-01
1.680990014651146877e-02,6.127719058697201859e+01,3.104158257066404580e+00,2.040520381114986126e+00,-2.618525235939145324e-01
1.683023677431490228e-02,6.120506620559059030e+01,3.103518018271782530e+00,2.040066400086252063e+00,-2.617236579742502345e-01
1.685059800538347974e-02,6.113302868270454837e+01,3.102877327340721081e+00,2.039612454924166762e+00,-2.615948053547316188e-01
1.687098386948226308e-02,6.106107791335623602e+01,3.102236184241313754e+00,2.039158545672100420e+00,-2.614659657510800539e-01
1.689139439641228549e-02,6.098921379272106691e+01,3.101594588942251374e+00,2.038704672373518267e+00,-2.613371391790482168e-01
1.691182961601066584e-02,6.091743621609683146e+01,3.100952541412735020e+00,2.038250835071908185e+00,-2.612083256543992205e-01
1.693228955815061915e-02,6.084574507890819461e+01,3.100310041622513779e+00,2.037797033810813119e+00,-2.610795251929163285e-01
1.695277425274147390e-02,6.077414027670839403e+01,3.099667089541905618e+00,2.037343268633845739e+00,-2.609507378104060082e-01
1.697328372972876920e-02,6.070262170517448652e+01,3.099023685141748530e+00,2.036889539584651576e+00,-2.608219635226892152e-01
1.699381801909427558e-02,6.063118926011128451e+01,3.098379828393448499e+00,2.036435846706943664e+00,-2.606932023456091096e-01
1.701437715085599850e-02,6.055984283744894725e+01,3.097735519268955073e+00,2.035982190044483886e+00,-2.605644542950274478e-01
1.703496115506830319e-02,6.048858233324309452e+01,3.097090757740762701e+00,2.035528569641082530e+00,-2.604357193868241382e-01
1.705557006182189736e-02,6.041740764367394689e+01,3.096445543781906728e+00,2.035074985540599180e+00,-2.603069976368966865e-01
1.707620390124387627e-02,6.034631866505025499e+01,3.095799877366001152e+00,2.034621437786964915e+00,-2.601782890611675225e-01
1.709686270349780948e-02,6.027531529380381414e+01,3.095154192323072984e+00,2.034167926424150785e+00,-2.600495936755743420e-01
1.711754649878375126e-02,6.020439742649110570e+01,3.094541766643988723e+00,2.033714451496176245e+00,-2.599209114960727707e-01
1.713825531733827179e-02,6.013356495979402894e+01,3.093928902768336542e+00,2.033261013047119370e+00,-2.597922425386391398e-01
1.715898918943454393e-02,6.006281779052061154e+01,3.093315600652928765e+00,2.032807611121116409e+00,-2.596635868192709307e-01
1.717974814538237097e-02,5.999215581560355304e+01,3.092701860255086199e+00,2.032354245762359568e+00,-2.595349443539855527e-01
1.720053221552819353e-02,5.992157893209642339e+01,3.092087681532603050e+00,2.031900917015069918e+00,-2.594063151588123506e-01
1.722134143025519024e-02,5.985108703718272238e+01,3.091473064443832186e+00,2.031447624923556017e+00,-2.592776992498104227e-01
1.724217581998330195e-02,5.978068002816608129e+01,3.090858008947602542e+00,2.030994369532158839e+00,-2.591490966430514686e-01
1.726303541516924570e-02,5.971035780247547819e+01,3.090242515003262191e+00,2.030541150885275314e+00,-2.590205073546279491e-01
1.728392024630660481e-02,5.964012025766461278e+01,3.089626582570676128e+00,2.030087969027363215e+00,-2.588919314006535299e-01
1.730483034392586023e-02,5.956996729141032887e+01,3.089010211610218271e+00,2.029634824002930493e+00,-2.587633687972606400e-01
1.732576573859439736e-02,5.949989880151256472e+01,3.088393402082767025e+00,2.029181715856535284e+00,-2.586348195605996381e-01
1.734672646091661719e-02,5.942991468589519855e+01,3.087776153949720381e+00,2.028728644632791678e+00,-2.585062837068417552e-01
1.736771254153393618e-02,5.936001484260600591e+01,3.087158467172993248e+00,2.028275610376373717e+00,-2.583777612521783174e-01
1.738872401112481758e-02,5.929019916981514626e+01,3.086540341715009017e+00,2.027822613131998963e+00,-2.582492522128190804e-01
1.740976090040486507e-02,5.922046756581597293e+01,3.085921777538705779e+00,2.027369652944446710e+00,-2.581207566049933955e-01
1.743082324012685050e-02,5.915081992902570107e+01,3.085302774607549647e+00,2.026916729858551314e+00,-2.579922744449523742e-01
1.745191106108070697e-02,5.908125615798252284e+01,3.084683332885501450e+00,2.026463843919194208e+00,-2.578638057489633373e-01
1.747302439409366068e-02,5.901177615134923116e+01,3.084063452337059363e+00,2.026010995171319884e+00,-2.577353505333170314e-01
1.749416327003022395e-02,5.894237980790812514e+01,3.083443132927216279e+00,2.025558183659911027e+00,-2.576069088143184138e-01
1.751532771979222650e-02,5.887306702656829316e+01,3.082822374621519312e+00,2.025105409430034697e+00,-2.574784806083004196e-01
1.753651777431890213e-02,5.880383770635617680e+01,3.082201177385992530e+00,2.024652672526775721e+00,-2.573500659316069195e-01
1.755773346458692000e-02,5.873469174642496426e+01,3.081579541187223548e+00,2.024199972995312624e+00,-2.572216648006105943e-01
1.757897482161040539e-02,5.866562904604376882e+01,3.080957465992264055e+00,2.023747310880831929e+00,-2.570932772316921744e-01
1.760024187644101956e-02,5.859664950460990696e+01,3.080334951768746610e+00,2.023294686228622741e+00,-2.569649032412653078e-01
1.762153466016799438e-02,5.852775302163730942e+01,3.079711998484783830e+00,2.022842099083993705e+00,-2.568365428457535238e-01
1.764285320391814627e-02,5.845893949676454326e+01,3.079088606109033677e+00,2.022389549492330740e+00,-2.567081960616064418e-01
1.766419753885598021e-02,5.839020882974894278e+01,3.078464774610657706e+00,2.021937037499057066e+00,-2.565798629052888913e-01
1.768556769618369676e-02,5.832156092047103613e+01,3.077840503959357932e+00,2.021484563149665181e+00,-2.564515433932892385e-01
1.770696370714122669e-02,5.825299566893153269e+01,3.077215794125356396e+00,2.021032126489698655e+00,-2.563232375421150011e-01
1.772838560300630736e-02,5.818451297525148647e+01,3.076590645079391173e+00,2.020579727564749906e+00,-2.561949453682920708e-01
1.774983341509453472e-02,5.811611273967290714e+01,3.075965056792732799e+00,2.020127366420470860e+00,-2.560666668883672670e-01
1.777130717475934596e-02,5.804779486255736032e+01,3.075339029237165178e+00,2.019675043102559631e+00,-2.559384021189049507e-01
1.779280691339215140e-02,5.797955924439024500e+01,3.074712562385030878e+00,2.019222757656796041e+00,-2.558101510764969055e-01
1.781433266242233096e-02,5.791140578577371656e+01,3.074085656209168071e+00,2.018770510128990114e+00,-2.556819137777477935e-01
1.783588445331725503e-02,5.784333438743151845e+01,3.073458310682956718e+00,2.018318300565015821e+00,-2.555536902392851473e-01
1.785746231758240585e-02,5.777534495020570660e+01,3.072830525780293698e+00,2.017866129010792875e+00,-2.554254804777538190e-01
1.787906628676136714e-02,5.770743737506131055e+01,3.072202301475627007e+00,2.017413995512318259e+00,-2.552972845098244736e-01
1.790069639243586225e-02,5.763961156308085521e+01,3.071573637743918894e+00,2.016961900115630701e+00,-2.551691023521840407e-01
1.792235266622584783e-02,5.757186741546578901e+01,3.070944534560656081e+00,2.016509842866816449e+00,-2.550409340215384346e-01
1.794403513978954159e-02,5.750420483353846635e+01,3.070314991901868407e+00,2.016057823812035021e+00,-2.549127795346165515e-01
1.796574384482342232e-02,5.743662371874016515e+01,3.069685009744120396e+00,2.015605842997490793e+00,-2.547846389081670493e-01
1.798747881306235127e-02,5.736912397263032659e+01,3.069054588064492162e+00,2.015153900469444093e+00,-2.546565121589573488e-01
1.800924007627957568e-02,5.730170549688870807e+01,3.068423726840616705e+00,2.014701996274220974e+00,-2.545283993037772974e-01
1.803102766628676343e-02,5.723436819331249126e+01,3.067792426050641286e+00,2.014250130458187460e+00,-2.544003003594342283e-01
1.805284161493408979e-02,5.716711196381918825e+01,3.067160685673268272e+00,2.013798303067784179e+00,-2.542722153427596221e-01
1.807468195411026171e-02,5.709993671044243513e+01,3.066528505687709849e+00,2.013346514149489952e+00,-2.541441442706008358e-01
1.809654871574253865e-02,5.703284233533744185e+01,3.065896148150016653e+00,2.012894763749858651e+00,-2.540160871598309833e-01
1.811844193179683316e-02,5.696582874077359548e+01,3.065301645248094342e+00,2.012443051915474346e+00,-2.538880440273365013e-01
1.814036163427773518e-02,5.689889582914251065e+01,3.064706699124343903e+00,2.011991378693007260e+00,-2.537600148900314712e-01
1.816230785522852248e-02,5.683204350295135754e+01,3.064111309702839847e+00,2.011539744129166252e+00,-2.536319997648467939e-01
1.818428062673125775e-02,5.676527166482540565e+01,3.063515476908138080e+00,2.011088148270720133e+00,-2.535039986687337987e-01
1.820627998090683375e-02,5.669858021750756194e+01,3.062919200665279895e+00,2.010636591164491005e+00,-2.533760116186640210e-01
1.822830594991496286e-02,5.663196906385950058e+01,3.062322480899797306e+00,2.010185072857369804e+00,-2.532480386316329768e-01
1.825035856595429162e-02,5.656543810685781892e+01,3.061725317537689062e+00,2.009733593396285212e+00,-2.531200797246507261e-01
1.827243786126243191e-02,5.649898724959925289e+01,3.061127710505464172e+00,2.009282152828243628e+00,-2.529921349147544185e-01
1.829454386811595404e-02,5.643261639529544027e+01,3.060529659730094831e+00,2.008830751200291420e+00,-2.528642042189972461e-01
1.831667661883051856e-02,5.636632544727552840e+01,3.059931165139048836e+00,2.008379388559538903e+00,-2.527362876544541614e-01
1.833883614576086937e-02,5.630011430898617419e+01,3.059332226660284704e+00,2.007928064953155456e+00,-2.526083852382220996e-01
1.836102248130087530e-02,5.623398288399024381e+01,3.058732844222248115e+00,2.007476780428365082e+00,-2.524804969874179794e-01
1.838323565788361341e-02,5.616793107596546974e+01,3.058133017753853267e+00,2.007025535032437968e+00,-2.523526229191757619e-01
1.840547570798140714e-02,5.610195878870972308e+01,3.057532747184544153e+00,2.006574328812727792e+00,-2.522247630506578853e-01
1.842774266410582978e-02,5.603606592613447646e+01,3.056932032444227509e+00,2.006123161816625533e+00,-2.520969173990421086e-01
1.845003655880782245e-02,5.597025239226670834e+01,3.056330873463295905e+00,2.005672034091575906e+00,-2.519690859815258421e-01
1.847235742467770447e-02,5.590451809125096361e+01,3.055729270172649503e+00,2.005220945685093792e+00,-2.518412688153307544e-01
1.849470529434518729e-02,5.583886292734854351e+01,3.055127222503691176e+00,2.004769896644756244e+00,-2.517134659177006628e-01
1.851708020047949238e-02,5.577328680493311452e+01,3.054524730388283871e+00,2.004318887018174955e+00,-2.515856773058939844e-01
1.853948217578936866e-02,5.570778962849708194e+01,3.053921793758814118e+00,2.003867916853041997e+00,-2.514579029971963919e-01
1.856191125302309938e-02,5.564237130264521625e+01,3.053318412548140515e+00,2.003416986197085858e+00,-2.513301430089082134e-01
1.858436746496861663e-02,5.557703173210165204e+01,3.052714586689647902e+00,2.002966095098120736e+00,-2.512023973583591974e-01
1.860685084445352563e-02,5.551177082170094224e+01,3.052110316117180755e+00,2.002515243603987027e+00,-2.510746660628901394e-01
1.862936142434511166e-02,5.544658847639637855e+01,3.051505600765109794e+00,2.002064431762608177e+00,-2.509469491398709229e-01
1.865189923755045456e-02,5.538148460125490402e+01,3.050900440568297345e+00,2.001613659621956476e+00,-2.508192466066893611e-01
1.867446431701643914e-02,5.531645910145702771e+01,3.050294835462092458e+00,2.001162927230056177e+00,-2.506915584807526964e-01
1.869705669572979331e-02,5.525151188229948929e+01,3.049688785382357992e+00,2.000712234635000808e+00,-2.505638847794923740e-01
1.871967640671716795e-02,5.518664284919259444e+01,3.049082290265450190e+00,2.000261581884934525e+00,-2.504362255203586018e-01
1.874232348304517848e-02,5.512185190766159337e+01,3.048475350048230670e+00,1.999810969028065433e+00,-2.503085807208247915e-01
1.876499795782040833e-02,5.505713896334406598e+01,3.047867964668049989e+00,1.999360396112647820e+00,-2.501809503983813410e-01
1.878769986418953042e-02,5.499250392199441251e+01,3.047260134062781844e+00,1.998909863187011693e+00,-2.500533345705456267e-01
1.881042923533930711e-02,5.492794668947811942e+01,3.046651858170782212e+00,1.998459370299527915e+00,-2.499257332548504573e-01
1.883318610449663533e-02,5.486346717177678300e+01,3.046043136930931094e+00,1.998008917498641956e+00,-2.497981464688548980e-01
1.885597050492862636e-02,5.479906527498445001e+01,3.045433970282601432e+00,1.997558504832849469e+00,-2.496705742301364161e-01
1.887878246994264750e-02,5.473474090530810798e+01,3.044824358165669320e+00,1.997108132350702725e+00,-2.495430165562933789e-01
1.890162203288632548e-02,5.467049396906902814e+01,3.044214300520522887e+00,1.996657800100816171e+00,-2.494154734649465799e-01
1.892448922714766099e-02,5.460632437270211170e+01,3.043603797288064960e+00,1.996207508131868424e+00,-2.492879449737396003e-01
1.894738408615505298e-02,5.454223202275399274e+01,3.042992848409691753e+00,1.995757256492587395e+00,-2.491604311003345618e-01
1.897030664337730904e-02,5.447821682588435266e+01,3.042381453827309290e+00,1.995307045231760501e+00,-2.490329318624150967e-01
1.899325693232375642e-02,5.441427868886708552e+01,3.041769613483347179e+00,1.994856874398244440e+00,-2.489054472776890403e-01
1.901623498654425939e-02,5.435041751858723558e+01,3.041157327320730186e+00,1.994406744040944091e+00,-2.487779773638827130e-01
1.903924083962924702e-02,5.428663322204283759e+01,3.040544595282899998e+00,1.993956654208826951e+00,-2.486505221387448894e-01
1.906227452520981372e-02,5.422292570634439102e+01,3.039931417313808115e+00,1.993506604950921579e+00,-2.485230816200463266e-01
1.908533607695773668e-02,5.415929487871530768e+01,3.039317793357926512e+00,1.993056596316318485e+00,-2.483956558255796254e-01
1.910842552858550356e-02,5.409574064648959535e+01,3.038719634495935740e+00,1.992606628354158138e+00,-2.482682447731569264e-01
1.913154291384642006e-02,5.403226291711484919e+01,3.038135184190195126e+00,1.992156701113651618e+00,-2.481408484806146841e-01
1.915468826653462381e-02,5.396886159814800266e+01,3.037550296934659499e+00,1.991706814644051970e+00,-2.480134669658059232e-01
1.917786162048509824e-02,5.390553659726086977e+01,3.036964972648610317e+00,1.991256968994694843e+00,-2.478861002466117569e-01
1.920106300957380788e-02,5.384228782223573262e+01,3.036379211251771792e+00,1.990807164214965841e+00,-2.477587483409324498e-01
1.922429246771768102e-02,5.377911518096486532e+01,3.035793012664311785e+00,1.990357400354303641e+00,-2.476314112666878620e-01
1.924755002887466870e-02,5.371601858145357511e+01,3.035206376806874218e+00,1.989907677462215529e+00,-2.475040890418217787e-01
1.927083572704381409e-02,5.365299793181767285e+01,3.034619303600552875e+00,1.989457995588265860e+00,-2.473767816842995515e-01
1.929414959626530798e-02,5.359005314028298272e+01,3.034031792966893626e+00,1.989008354782071608e+00,-2.472494892121053778e-01
1.931749167062048536e-02,5.352718411518829811e+01,3.033443844827919289e+00,1.988558755093321695e+00,-2.471222116432495175e-01
1.934086198423194680e-02,5.346439076498175780e+01,3.032855459106102103e+00,1.988109196571762549e+00,-2.469949489957621036e-01
1.936426057126356889e-02,5.340167299822269342e+01,3.032266635724380599e+00,1.987659679267195889e+00,-2.468677012876947241e-01
1.938768746592053546e-02,5.333903072357985309e+01,3.031677374606144504e+00,1.987210203229481387e+00,-2.467404685371196726e-01
1.941114270244944165e-02,5.327646384983368932e+01,3.031087675675260495e+00,1.986760768508547770e+00,-2.466132507621339454e-01
1.943462631513830779e-02,5.321397228587467509e+01,3.030497538856054884e+00,1.986311375154381276e+00,-2.464860479808548277e-01
1.945813833831661066e-02,5.315155594070323986e+01,3.029906964073317610e+00,1.985862023217028982e+00,-2.463588602114225867e-01
1.948167880635539098e-02,5.308921472342865400e+01,3.029315951252295580e+00,1.985412712746590591e+00,-2.462316874719966131e-01
1.950524775366726735e-02,5.302694854327191365e+01,3.028724500318715318e+00,1.984963443793239746e+00,-2.461045297807620824e-01
1.952884521470646395e-02,5.296475730956221639e+01,3.028132611198759427e+00,1.984514216407198939e+00,-2.459773871559231273e-01
1.955247122396891121e-02,5.290264093173939131e+01,3.027540283819085687e+00,1.984065030638760829e+00,-2.458502596157082221e-01
1.957612581599228394e-02,5.284059931935084364e+01,3.026947518106803514e+00,1.983615886538265372e+00,-2.457231471783642152e-01
1.959980902535600131e-02,5.277863238205633678e+01,3.026354313989515710e+00,1.983166784156133566e+00,-2.455960498621656551e-01
1.962352088668134834e-02,5.271674002962211603e+01,3.025760671395279378e+00,1.982717723542830157e+00,-2.454689676854045766e-01
1.964726143463149666e-02,5.265492217192437607e+01,3.025166590252616139e+00,1.982268704748887389e+00,-2.453419006663966617e-01
1.967103070391152536e-02,5.259317871894819518e+01,3.024572070490529896e+00,1.981819727824898791e+00,-2.452148488234795198e-01
1.969482872926852854e-02,5.253150958078856547e+01,3.023977112038503279e+00,1.981370792821523841e+00,-2.450878121750154071e-01
1.971865554549162916e-02,5.246991466764644230e+01,3.023381714826462563e+00,1.980921899789469309e+00,-2.449607907393833717e-01
1.974251118741202418e-02,5.240839388983333436e+01,3.022785878784832292e+00,1.980473048779515466e+00,-2.448337845349889963e-01
1.976639568990306434e-02,5.234694715776954155e+01,3.022189603844507744e+00,1.980024239842505862e+00,-2.447067935802610394e-01
1.979030908788029924e-02,5.228557438198191676e+01,3.021592889936849602e+00,1.979575473029335120e+00,-2.445798178936465506e-01
1.981425141630148434e-02,5.222427547310614671e+01,3.020995736993695058e+00,1.979126748390964252e+00,-2.444528574936168375e-01
1.983822271016669886e-02,5.216305034188613377e+01,3.020398144947363139e+00,1.978678065978416667e+00,-2.443259123986659676e-01
1.986222300451836661e-02,5.210189889917291595e+01,3.019800113730639168e+00,1.978229425842775058e+00,-2.441989826273091024e-01
1.988625233444127338e-02,5.204082105592687668e+01,3.019201643276804958e+00,1.977780828035191840e+00,-2.440720681980867168e-01
1.991031073506268484e-02,5.197981672321557056e+01,3.018602733519612169e+00,1.977332272606882491e+00,-2.439451691295612124e-01
1.993439824155235698e-02,5.191888581221077459e+01,3.018003384393264099e+00,1.976883759609094460e+00,-2.438182854403102284e-01
1.995851488912256735e-02,5.185802823419652441e+01,3.017403595832486740e+00,1.976435289093182224e+00,-2.436914171489449332e-01
1.998266071302822258e-02,5.179724390056001226e+01,3.016803367772451949e+00,1.975986861110524240e+00,-2.435645642740898731e-01
2.000000000000000042e-02,5.175368460108558821e+01,3.016372516245664936e+00,1.975665202171258183e+00,-2.434735743563685717e-01
2.000683574856688615e-02,5.173653272279832294e+01,3.016202700148836069e+00,1.975538475712587116e+00,-2.434377268343983769e-01
2.003104003107878534e-02,5.167589461251459682e+01,3.015601592897787953e+00,1.975090132950891642e+00,-2.433109048485442849e-01
2.005527359594694303e-02,5.161532948141794463e+01,3.015000045955933405e+00,1.974641832877012559e+00,-2.431840983352223651e-01
2.007953647859717430e-02,5.155483724132513856e+01,3.014398059260389839e+00,1.974193575542599444e+00,-2.430573073131521433e-01
2.010382871449813841e-02,5.149441780415845216e+01,3.013797822434203244e+00,1.973745360999349385e+00,-2.429305318010731574e-01
2.012815033916141860e-02,5.143407108194781330e+01,3.013201750175329430e+00,1.973297189299038967e+00,-2.428037718177508963e-01
2.015250138814157418e-02,5.137379698682913443e+01,3.012605233164069585e+00,1.972849060493499618e+00,-2.426770273819726098e-01
2.017688189703614049e-02,5.131359543104438359e+01,3.012008271323531883e+00,1.972400974634624715e+00,-2.425502985125474187e-01
2.020129190148575032e-02,5.125346632694042626e+01,3.011410864577305002e+00,1.971952931774365148e+00,-2.424235852283055381e-01
2.022573143717415478e-02,5.119340958697230093e+01,3.010813012849480774e+00,1.971504931964749963e+00,-2.422968875481047724e-01
2.025020053982824406e-02,5.113342512369895587e+01,3.010214716064615992e+00,1.971056975257856392e+00,-2.421702054908212165e-01
2.027469924521816541e-02,5.107351284978526706e+01,3.009615974147759943e+00,1.970609061705825615e+00,-2.420435390753545579e-01
2.029922758915733011e-02,5.101367267800385008e+01,3.009016787024467288e+00,1.970161191360882746e+00,-2.419168883206323506e-01
2.032378560750246199e-02,5.095390452122833835e+01,3.008417154620736333e+00,1.969713364275278433e+00,-2.417902532455954434e-01
2.034837333615368421e-02,5.089420829244173916e+01,3.007817076863098293e+00,1.969265580501361246e+00,-2.416636338692165209e-01
2.037299081105455045e-02,5.083458390473137456e+01,3.007216553678561777e+00,1.968817840091533933e+00,-2.415370302104891675e-01
2.039763806819207270e-02,5.077503127128685634e+01,3.006615584994597690e+00,1.968370143098241876e+00,-2.414104422884242873e-01
2.042231514359683225e-02,5.071555030540644537e+01,3.006014170739208069e+00,1.967922489574025491e+00,-2.412838701220638427e-01
2.044702207334299707e-02,5.065614092049014516e+01,3.005412310840852363e+00,1.967474879571463164e+00,-2.411573137304662273e-01
2.047175889354834605e-02,5.059680303004502377e+01,3.004810005228509162e+00,1.967027313143214995e+00,-2.410307731327182845e-01
2.049652564037439048e-02,5.053753654768099324e+01,3.004207253831630897e+00,1.966579790341994372e+00,-2.409042483479261754e-01
2.052132235002637750e-02,5.047834138711335328e+01,3.003604056580176263e+00,1.966132311220584405e+00,-2.407777393952213740e-01
2.054614905875333866e-02,5.041921746216024758e+01,3.003000413404581348e+00,1.965684875831821277e+00,-2.406512462937556440e-01
2.057100580284818361e-02,5.036016468674583280e+01,3.002396324235802272e+00,1.965237484228619991e+00,-2.405247690627077828e-01
2.059589261864772439e-02,5.030118297489706691e+01,3.001791789005268551e+00,1.964790136463950398e+00,-2.403983077212769048e-01
2.062080954253271356e-02,5.024227224074475373e+01,3.001186807644914634e+00,1.964342832590845189e+00,-2.402718622886856892e-01
2.064575661092794140e-02,5.018343239852467264e+01,3.000581380087184336e+00,1.963895572662410771e+00,-2.401454327841826275e-01
2.067073386030226362e-02,5.012466336257381272e+01,2.999975506264990877e+00,1.963448356731800626e+00,-2.400190192270342804e-01
2.069574132716862566e-02,5.006596504733618502e+01,2.999369186111786156e+00,1.963001184852258385e+00,-2.398926216365378228e-01
2.072077904808418414e-02,5.000733736735551815e+01,2.998762419561479931e+00,1.962554057077063874e+00,-2.397662400320062781e-01
2.074584705965031375e-02,4.994878023728146843e+01,2.998155206548516638e+00,1.962106973459581516e+00,-2.396398744327814245e-01
2.077094539851264202e-02,4.989029357186550584e+01,2.997547547007824331e+00,1.961659934053232135e+00,-2.395135248582259124e-01
2.079607410136116025e-02,4.983187728596246302e+01,2.996939440874835547e+00,1.961212938911500281e+00,-2.393871913277262065e-01
2.082123320493025134e-02,4.977353129452995262e+01,2.996330888085489086e+00,1.960765988087938672e+00,-2.392608738606924745e-01
2.084642274599870365e-02,4.971525551262901388e+01,2.995721888576227343e+00,1.960319081636166860e+00,-2.391345724765592262e-01
2.087164276138983240e-02,4.965704985542138417e+01,2.995112442283987875e+00,1.959872219609855026e+00,-2.390082871947810106e-01
2.089689328797149706e-02,4.959891423817428091e+01,2.994502549146233150e+00,1.959425402062763055e+00,-2.388820180348415756e-01
2.092217436265616029e-02,4.954084857625564098e+01,2.993892209100921242e+00,1.958978629048700126e+00,-2.387557650162453471e-01
2.094748602240091573e-02,4.948285278513424146e+01,2.993281422086499610e+00,1.958531900621530708e+00,-2.386295281585165406e-01
2.097282830420760247e-02,4.942492678038369291e+01,2.992670188041951729e+00,1.958085216835206532e+00,-2.385033074812093479e-01
2.099820124512282241e-02,4.936707047767794165e+01,2.992058506906750015e+00,1.957638577743729513e+00,-2.383771030038979166e-01
2.102360488223795759e-02,4.930928379279320239e+01,2.991446378620884694e+00,1.957191983401170843e+00,-2.382509147461807641e-01
2.104903925268930207e-02,4.925156664160755327e+01,2.990833803124851809e+00,1.956745433861667216e+00,-2.381247427276802497e-01
2.107450439365807573e-02,4.919391894010136213e+01,2.990220780359667874e+00,1.956298929179427937e+00,-2.379985869680439903e-01
2.110000034237045213e-02,4.913634060435581574e+01,2.989615658437804413e+00,1.955852469408719152e+00,-2.378724474869419736e-01
2.112552713609766944e-02,4.907883155055293400e+01,2.989052447017662928e+00,1.955406054603870736e+00,-2.377463243040662810e-01
2.115108481215605130e-02,4.902139169497754523e+01,2.988488800698299031e+00,1.954959684819288279e+00,-2.376202174391366939e-01
2.117667340790704497e-02,4.896402095401324317e+01,2.987924719374297045e+00,1.954513360109428000e+00,-2.374941269118913956e-01
2.120229296075732198e-02,4.890671924414751004e+01,2.987360202940696041e+00,1.954067080528828937e+00,-2.373680527420984898e-01
2.122794350815881276e-02,4.884948648196710508e+01,2.986795251292944098e+00,1.953620846132087641e+00,-2.372419949495466196e-01
2.125362508760872404e-02,4.879232258416013224e+01,2.986229864326924943e+00,1.953174656973870160e+00,-2.371159535540498242e-01
2.127933773664966027e-02,4.873522746751399382e+01,2.985664041938931756e+00,1.952728513108895836e+00,-2.369899285754424323e-01
2.130508149286963748e-02,4.867820104891840316e+01,2.985097784025712020e+00,1.952282414591967274e+00,-2.368639200335876382e-01
2.133085639390212146e-02,4.862124324536392095e+01,2.984531090484441318e+00,1.951836361477955251e+00,-2.367379279483725341e-01
2.135666247742613877e-02,4.856435397393845221e+01,2.983963961212698468e+00,1.951390353821771173e+00,-2.366119523397022806e-01
2.138249978116629410e-02,4.850753315183268910e+01,2.983396396108520143e+00,1.950944391678417933e+00,-2.364859932275120147e-01
2.140836834289280843e-02,4.845078069633720474e+01,2.982828395070374672e+00,1.950498475102959262e+00,-2.363600506317599659e-01
2.143426820042161965e-02,4.839409652484132351e+01,2.982259957997147382e+00,1.950052604150520397e+00,-2.362341245724269290e-01
2.146019939161442069e-02,4.833748055483531658e+01,2.981691084788173463e+00,1.949606778876297852e+00,-2.361082150695190673e-01
2.148616195437867693e-02,4.828093270390824188e+01,2.981121775343209990e+00,1.949160999335552091e+00,-2.359823221430659701e-01
2.151215592666774756e-02,4.822445288974950728e+01,2.980552029562463456e+00,1.948715265583611522e+00,-2.358564458131222896e-01
2.153818134648090646e-02,4.816804103014737848e+01,2.979981847346562684e+00,1.948269577675869613e+00,-2.357305860997657432e-01
2.156423825186336296e-02,4.811169704299046401e+01,2.979411228596587247e+00,1.947823935667796214e+00,-2.356047430231009709e-01
2.159032668090639373e-02,4.805542084626478783e+01,2.978840173214036380e+00,1.947378339614910914e+00,-2.354789166032526804e-01
2.161644667174734968e-02,4.799921235805717856e+01,2.978268681100867621e+00,1.946932789572816791e+00,-2.353531068603736953e-01
2.164259826256969763e-02,4.794307149655238476e+01,2.977696752159462168e+00,1.946487285597172212e+00,-2.352273138146387110e-01
2.166878149160312086e-02,4.788699818003502173e+01,2.977124386292655078e+00,1.946041827743715258e+00,-2.351015374862493734e-01
2.169499639712356084e-02,4.783099232688711311e+01,2.976551583403709067e+00,1.945596416068235968e+00,-2.349757778954285337e-01
2.172124301745322755e-02,4.777505385559143747e+01,2.975978343396348258e+00,1.945151050626614531e+00,-2.348500350624287136e-01
2.174752139096073136e-02,4.771918268472547453e+01,2.975404666174701784e+00,1.944705731474764887e+00,-2.347243090075179783e-01
2.177383155606109344e-02,4.766337873296976824e+01,2.974830551643390386e+00,1.944260458668704006e+00,-2.345985997509992538e-01
2.180017355121578390e-02,4.760764191909999710e+01,2.974255999707445142e+00,1.943815232264497261e+00,-2.344729073131937014e-01
2.182654741493283285e-02,4.755197216199119481e+01,2.973681010272358982e+00,1.943370052318281305e+00,-2.343472317144491002e-01
2.185295318576685811e-02,4.749636938061533442e+01,2.973105583244052941e+00,1.942924918886257846e+00,-2.342215729751361275e-01
2.187939090231908953e-02,4.744083349404428418e+01,2.972529718528920117e+00,1.942479832024708308e+00,-2.340959311156537437e-01
2.190586060323748696e-02,4.738536442144452110e+01,2.971953416033764839e+00,1.942034791789958970e+00,-2.339703061564186726e-01
2.193236232721676449e-02,4.732996208208424349e+01,2.971376675665884370e+00,1.941589798238434916e+00,-2.338446981178821382e-01
2.195889611299842517e-02,4.727462639532580368e+01,2.970799497332987205e+00,1.941144851426603646e+00,-2.337191070205113519e-01
2.198546199937086512e-02,4.721935728063044024e+01,2.970221880943244575e+00,1.940699951411013924e+00,-2.335935328848026127e-01
2.201206002516941165e-02,4.716415465755689951e+01,2.969643826405289122e+00,1.940255098248279575e+00,-2.334679757312764781e-01
2.203869022927634064e-02,4.710901844576046216e+01,2.969065333628186032e+00,1.939810291995081926e+00,-2.333424355804775696e-01
2.206535265062099793e-02,4.705394856499430034e+01,2.968486402521469003e+00,1.939365532708176465e+00,-2.332169124529770154e-01
2.209204732817983408e-02,4.699894493510728211e+01,2.967907032995108718e+00,1.938920820444377746e+00,-2.330914063693677041e-01
2.211877430097641123e-02,4.694400747604663593e+01,2.967350830803212602e+00,1.938476155260578260e+00,-2.329659173502707792e-01
2.214553360808154195e-02,4.688913610785524355e+01,2.966797815822008744e+00,1.938031537213734667e+00,-2.328404454163306159e-01
2.217232528861330307e-02,4.683433075067208051e+01,2.966244367259826209e+00,1.937586966360863805e+00,-2.327149905882145708e-01
2.219914938173706345e-02,4.677959132473586124e+01,2.965690484999591536e+00,1.937142442759082650e+00,-2.325895528866226414e-01
2.222600592666561237e-02,4.672491775037688910e+01,2.965136168924598081e+00,1.936697966465534826e+00,-2.324641323322690356e-01
2.225289496265916989e-02,4.667030994802471611e+01,2.964581418918574851e+00,1.936253537537458325e+00,-2.323387289458999083e-01
2.227981652902542853e-02,4.661576783820590464e+01,2.964026234865673182e+00,1.935809156032168410e+00,-2.322133427482884205e-01
2.230677066511966081e-02,4.656129134154000582e+01,2.963470616650427658e+00,1.935364822007024088e+00,-2.320879737602258575e-01
2.233375741034476086e-02,4.650688037874443381e+01,2.962914564157799635e+00,1.934920535519467855e+00,-2.319626220025327312e-01
2.236077680415124794e-02,4.645253487063229159e+01,2.962358077273169688e+00,1.934476296627014369e+00,-2.318372874960551444e-01
2.238782888603740862e-02,4.639825473811232825e+01,2.961801155882329173e+00,1.934032105387245792e+00,-2.317119702616642629e-01
2.241491369554931765e-02,4.634403990218808644e+01,2.961243799871478011e+00,1.933587961857804682e+00,-2.315866703202539845e-01
2.244203127228085182e-02,4.628989028395960048e+01,2.960686009127239338e+00,1.933143866096417751e+00,-2.314613876927467118e-01
2.246918165587382527e-02,4.623580580462263612e+01,2.960127783536663948e+00,1.932699818160880989e+00,-2.313361224000907157e-01
2.249636488601801029e-02,4.618178638546590520e+01,2.959569122987191658e+00,1.932255818109041900e+00,-2.312108744632543622e-01
2.252358100245116512e-02,4.612783194787512997e+01,2.959010027366703266e+00,1.931811865998834810e+00,-2.310856439032359377e-01
2.255083004495915186e-02,4.607394241333081908e+01,2.958450496563494792e+00,1.931367961888259321e+00,-2.309604307410580704e-01
2.257811205337596772e-02,4.602011770340779151e+01,2.957890530466280143e+00,1.930924105835385873e+00,-2.308352349977685625e-01
2.260542706758376930e-02,4.596635773977569528e+01,2.957330128964190674e+00,1.930480297898349962e+00,-2.307100566944397246e-01
2.263277512751299403e-02,4.591266244420019405e+01,2.956769291946797384e+00,1.930036538135373458e+00,-2.305848958521732328e-01
2.266015627314238792e-02,4.585903173853962045e+01,2.956208019304074064e+00,1.929592826604729972e+00,-2.304597524920918572e-01
2.268757054449902985e-02,4.580546554474748433e+01,2.955646310926422604e+00,1.929149163364771935e+00,-2.303346266353454574e-01
2.271501798165845645e-02,4.575196378487120086e+01,2.955084166704667670e+00,1.928705548473917286e+00,-2.302095183031086234e-01
2.274249862474468642e-02,4.569852638105340503e+01,2.954521586530071797e+00,1.928261981990665230e+00,-2.300844275165842001e-01
2.277001251393024825e-02,4.564515325553023928e+01,2.953958570294311858e+00,1.927818463973578256e+00,-2.299593542969986248e-01
2.279755968943630862e-02,4.559184433063126818e+01,2.953395117889493271e+00,1.927374994481289017e+00,-2.298342986656040920e-01
2.282514019153268972e-02,4.553859952878005402e+01,2.952831229208142449e+00,1.926931573572496781e+00,-2.297092606436771933e-01
2.285275406053789357e-02,4.548541877249525811e+01,2.952266904143238335e+00,1.926488201305989634e+00,-2.295842402525249404e-01
2.288040133681924770e-02,4.543230198438737943e+01,2.951702142588158218e+00,1.926044877740608285e+00,-2.294592375134748841e-01
2.290808206079289824e-02,4.537924908716210126e+01,2.951136944436737242e+00,1.925601602935276269e+00,-2.293342524478848565e-01
2.293579627292386888e-02,4.532626000361647556e+01,2.950571309583216006e+00,1.925158376948976624e+00,-2.292092850771334511e-01
2.296354401372615803e-02,4.527333465664226964e+01,2.950005237922280532e+00,1.924715199840773439e+00,-2.290843354226287654e-01
2.299132532376279084e-02,4.522047296922478665e+01,2.949438729349058264e+00,1.924272071669804518e+00,-2.289594035058055144e-01
2.301914024364582617e-02,4.516767486444069846e+01,2.948871783759082543e+00,1.923828992495264734e+00,-2.288344893481202569e-01
2.304698881403648147e-02,4.511494026546095171e+01,2.948304401048345902e+00,1.923385962376433111e+00,-2.287095929710588615e-01
2.307487107564517789e-02,4.506226909554961679e+01,2.947736581113270304e+00,1.922942981372663729e+00,-2.285847143961336203e-01
2.310278706923155068e-02,4.500966127806254491e+01,2.947181234229560687e+00,1.922500049543371947e+00,-2.284598536448809170e-01
2.313073683560457755e-02,4.495711673644822781e+01,2.946661364573233133e+00,1.922057166948046181e+00,-2.283350107388629202e-01
2.315872041562260994e-02,4.490463539424864337e+01,2.946141080404197865e+00,1.921614333646255002e+00,-2.282101856996704703e-01
2.318673785019339378e-02,4.485221717509674733e+01,2.945620381594018955e+00,1.921171549697627601e+00,-2.280853785489168895e-01
2.321478918027419444e-02,4.479986200271895314e+01,2.945099268014632621e+00,1.920728815161877101e+00,-2.279605893082451984e-01
2.324287444687184179e-02,4.474756980093311398e+01,2.944577739538315253e+00,1.920286130098777910e+00,-2.278358179993218713e-01
2.327099369104272675e-02,4.469534049364967387e+01,2.944055796037718054e+00,1.919843494568186815e+00,-2.277110646438415542e-01
2.329914695389295048e-02,4.464317400487053789e+01,2.943533437385834617e+00,1.919400908630024771e+00,-2.275863292635235402e-01
2.332733427657834521e-02,4.459107025869019481e+01,2.943010663456036458e+00,1.918958372344294006e+00,-2.274616118801157660e-01
2.335555570030449848e-02,4.453902917929372762e+01,2.942487474122035263e+00,1.918515885771058027e+00,-2.273369125153894832e-01
2.338381126632688156e-02,4.448705069095851172e+01,2.941963869257914421e+00,1.918073448970460282e+00,-2.272122311911436154e-01
2.341210101595087717e-02,4.443513471805405857e+01,2.941439848738125029e+00,1.917631062002722375e+00,-2.270875679292054805e-01
2.344042499053180725e-02,4.438328118503972064e+01,2.940915412437465459e+00,1.917188724928123644e+00,-2.269629227514245728e-01
2.346878323147505441e-02,4.433149001646701493e+01,2.940390560231104011e+00,1.916746437807027359e+00,-2.268382956796797800e-01
2.349717578023610004e-02,4.427976113697853577e+01,2.939865291994574470e+00,1.916304200699864735e+00,-2.267136867358752750e-01
2.352560267832054172e-02,4.422809447130821781e+01,2.939339607603776106e+00,1.915862013667146702e+00,-2.265890959419430417e-01
2.355406396728421808e-02,4.417648994428105880e+01,2.938813506934977227e+00,1.915419876769455465e+00,-2.264645233198417373e-01
2.358255968873325392e-02,4.412494748081221019e+01,2.938286989864801413e+00,1.914977790067442287e+00,-2.263399688915546937e-01
2.361108988432406713e-02,4.407346700590743893e+01,2.937760056270242615e+00,1.914535753621829484e+00,-2.262154326790919434e-01
2.363965459576350403e-02,4.402204844466390199e+01,2.937232706028668705e+00,1.914093767493420195e+00,-2.260909147044917189e-01
2.366825386480887750e-02,4.397069172226900946e+01,2.936704939017809934e+00,1.913651831743090614e+00,-2.259664149898184815e-01
2.369688773326797393e-02,4.391939676400073012e+01,2.936176755115774029e+00,1.913209946431789099e+00,-2.258419335571638098e-01
2.372555624299919896e-02,4.386816349522644742e+01,2.935648154201022209e+00,1.912768111620530842e+00,-2.257174704286435130e-01
2.375425943591159827e-02,4.381699184140495618e+01,2.935119136152404717e+00,1.912326327370417411e+00,-2.255930256264035982e-01
2.378299735396488188e-02,4.376588172808366295e+01,2.934589700849125737e+00,1.911884593742608995e+00,-2.254685991726131655e-01
2.381177003916955595e-02,4.371483308090178355e+01,2.934059848170782026e+00,1.911442910798358374e+00,-2.253441910894723454e-01
2.384057753358695755e-02,4.366384582558672633e+01,2.933529577997324722e+00,1.911001278598974729e+00,-2.252198013992045555e-01
2.386941987932926848e-02,4.361291988795693442e+01,2.932998890209091325e+00,1.910559697205856500e+00,-2.250954301240630506e-01
2.389829711855965752e-02,4.356205519391903636e+01,2.932467784686781709e+00,1.910118166680460972e+00,-2.249710772863240948e-01
2.392720929349230127e-02,4.351125166947113598e+01,2.931936261311488767e+00,1.909676687084337798e+00,-2.248467429082963709e-01
2.395615644639240843e-02,4.346050924069831467e+01,2.931404319964656224e+00,1.909235258479089925e+00,-2.247224270123089618e-01
2.398513861957635510e-02,4.340982783377707932e+01,2.930871960528128373e+00,1.908793880926412667e+00,-2.245981296207233691e-01
2.401415585541171946e-02,4.335920737497295363e+01,2.930339182884120763e+00,1.908352554488074171e+00,-2.244738507559278229e-01
2.404320819631729569e-02,4.330864779063817593e+01,2.929805986915206439e+00,1.907911279225899204e+00,-2.243495904403315366e-01
2.407229568476322579e-02,4.325814900721749723e+01,2.929272372504373223e+00,1.907470055201812453e+00,-2.242253486963796394e-01
2.410141836327104811e-02,4.320771095124198524e+01,2.928738420170524215e+00,1.907028882477796783e+00,-2.241011255465381047e-01
2.413057627441368702e-02,4.315733354933296084e+01,2.928204344392835612e+00,1.906587761115920321e+00,-2.239769210133036592e-01
2.415976946081562632e-02,4.310701672819874375e+01,2.927669846595600145e+00,1.906146691178312036e+00,-2.238527351191962611e-01
2.418899796515290579e-02,4.305676041463794945e+01,2.927134926657584568e+00,1.905705672727190825e+00,-2.237285678867670380e-01
2.421826183015316283e-02,4.300656453553664704e+01,2.926599584457930447e+00,1.905264705824843530e+00,-2.236044193385925416e-01
2.424756109859575737e-02,4.295642901786995793e+01,2.926063819876173255e+00,1.904823790533636485e+00,-2.234802894972778009e-01
2.427689581331181692e-02,4.290635378870048555e+01,2.925527632792225052e+00,1.904382926916007079e+00,-2.233561783854537131e-01
2.430626601718423319e-02,4.285633877517945933e+01,2.924991023086392250e+00,1.903942115034471083e+00,-2.232320860257795692e-01
2.433567175314782852e-02,4.280638390454535624e+01,2.924453990639357404e+00,1.903501354951612434e+00,-2.231080124409402232e-01
2.436511306418935596e-02,4.275648910412630954e+01,2.923916535332216071e+00,1.903060646730108330e+00,-2.229839576536520318e-01
2.439458999334754435e-02,4.270665430133578866e+01,2.923378657046419082e+00,1.902619990432687258e+00,-2.228599216866530008e-01
2.442410258371323015e-02,4.265687942367774355e+01,2.922840355663844480e+00,1.902179386122181626e+00,-2.227359045627157752e-01
2.445365087842937130e-02,4.260716439874139638e+01,2.922301631066732686e+00,1.901738833861475353e+00,-2.226119063046340940e-01
2.448323492069109236e-02,4.255750915420426139e+01,2.921762483137723354e+00,1.901298333713537181e+00,-2.224879269352316169e-01
2.451285475374580594e-02,4.250791361783210931e+01,2.921222911759859819e+00,1.900857885741421116e+00,-2.223639664773617575e-01
2.454251042089325083e-02,4.245837771747709866e+01,2.920682916816570440e+00,1.900417490008246668e+00,-2.222400249539033534e-01
2.457220196548550936e-02,4.240890138107818075e+01,2.920142498191670377e+00,1.899977146577209730e+00,-2.221161023877618601e-01
2.460192943092714968e-02,4.235948453666254920e+01,2.919601655769386905e+00,1.899536855511588795e+00,-2.219921988018734860e-01
2.463169286067524999e-02,4.231012711234273382e+01,2.919060389434318115e+00,1.899096616874727639e+00,-2.218683142191982260e-01
2.466149229823942635e-02,4.226082903632058674e+01,2.918518699071492861e+00,1.898656430730067735e+00,-2.217444486627293543e-01
2.469132778718197141e-02,4.221159023688216649e+01,2.917976584566303710e+00,1.898216297141105180e+00,-2.216206021554825156e-01
2.472119937111787527e-02,4.216241064240144709e+01,2.917434045804560672e+00,1.897776216171423114e+00,-2.214967747205039694e-01
2.475110709371485668e-02,4.211329018133914559e+01,2.916891082672469881e+00,1.897336187884682168e+00,-2.213729663808677306e-01
2.478105099869350875e-02,4.206422878224135076e+01,2.916347695056626055e+00,1.896896212344613142e+00,-2.212491771596739043e-01
2.481103112982730938e-02,4.201522637374231550e+01,2.915803882844049344e+00,1.896456289615038315e+00,-2.211254070800549032e-01
2.484104753094265941e-02,4.196628288456059863e+01,2.915259645922132936e+00,1.896016419759840810e+00,-2.210016561651659550e-01
2.487110024591901794e-02,4.191739824350184307e+01,2.914714984178685686e+00,1.895576602842989900e+00,-2.208779244381928186e-01
2.490118931868893007e-02,4.186857237945779531e+01,2.914169897501921458e+00,1.895136838928531908e+00,-2.207542119223501187e-01
2.493131479323805119e-02,4.181980522140549539e+01,2.913624385780449355e+00,1.894697128080584658e+00,-2.206305186408777930e-01
2.496147671360528578e-02,4.177109669840842798e+01,2.913078448903288376e+00,1.894257470363351903e+00,-2.205068446170465601e-01
2.499167512388282553e-02,4.172244673961575501e+01,2.912532086759866079e+00,1.893817865841111336e+00,-2.203831898741547002e-01
2.502191006821616326e-02,4.167385527426198877e+01,2.911985299240008374e+00,1.893378314578217703e+00,-2.202595544355278601e-01
2.505218159080422821e-02,4.162532223166731882e+01,2.911438086233954614e+00,1.892938816639104571e+00,-2.201359383245208856e-01
2.508248973589943462e-02,4.157684754123656745e+01,2.910890447632337619e+00,1.892499372088277676e+00,-2.200123415645142411e-01
2.511283454780768865e-02,4.152843113246169793e+01,2.910332129669598977e+00,1.892059980990336676e+00,-2.198887641789221969e-01
2.514321607088853411e-02,4.148007293491750147e+01,2.909766175452614068e+00,1.891620643409936298e+00,-2.197652061911801458e-01
2.517363434955518370e-02,4.143177287826625843e+01,2.909199778253484858e+00,1.891181359411833851e+00,-2.196416676247590627e-01
2.520408942827454327e-02,4.138353089225380899e+01,2.908632937956554532e+00,1.890742129060850596e+00,-2.195181485031540425e-01
2.523458135156735407e-02,4.133534690671061185e+01,2.908065654446596149e+00,1.890302952421884397e+00,-2.193946488498881853e-01
2.526511016400821708e-02,4.128722085155214927e+01,2.907497927608819754e+00,1.889863829559913500e+00,-2.192711686885134015e-01
2.529567591022562068e-02,4.123915265677993602e+01,2.906929757328891473e+00,1.889424760540005410e+00,-2.191477080426137147e-01
2.532627863490207951e-02,4.119114225247869143e+01,2.906361143492895316e+00,1.888985745427296692e+00,-2.190242669357980732e-01
2.535691838277417953e-02,4.114318956881781020e+01,2.905792085987354945e+00,1.888546784287002733e+00,-2.189008453917045960e-01
2.538759519863257111e-02,4.109529453605063765e+01,2.905222584699227450e+00,1.888107877184413308e+00,-2.187774434339987695e-01
2.541830912732214245e-02,4.104745708451683583e+01,2.904652639515933554e+00,1.887669024184918998e+00,-2.186540610863799694e-01
2.544906021374203700e-02,4.099967714463696211e+01,2.904082250325296322e+00,1.887230225353953683e+00,-2.185306983725678609e-01
2.547984850284567074e-02,4.095195464691891374e+01,2.903511417015617102e+00,1.886791480757066930e+00,-2.184073553163193571e-01
2.551067403964088487e-02,4.090428952195254197e+01,2.902940139475616022e+00,1.886352790459865369e+00,-2.182840319414143804e-01
2.554153686918998051e-02,4.085668170041154212e+01,2.902368417594454630e+00,1.885914154528034459e+00,-2.181607282716624963e-01
2.557243703660972214e-02,4.080913111305504515e+01,2.901796251261759885e+00,1.885475573027356466e+00,-2.180374443309051891e-01
2.560337458707150765e-02,4.076163769072433496e+01,2.901223640367583734e+00,1.885037046023677387e+00,-2.179141801430100056e-01
2.563434956580137175e-02,4.071420136434431214e+01,2.900650584802424437e+00,1.884598573582924930e+00,-2.177909357318724148e-01
2.566536201808003459e-02,4.066682206492419738e+01,2.900077084457237220e+00,1.884160155771113843e+00,-2.176677111214201099e-01
2.569641198924303011e-02,4.061949972355610328e+01,2.899503139223420067e+00,1.883721792654332816e+00,-2.175445063356079012e-01
2.572749952468074419e-02,4.057223427141477146e+01,2.898928748992805726e+00,1.883283484298747368e+00,-2.174213213984176607e-01
2.575862466983843205e-02,4.052502563975983918e+01,2.898353913657706116e+00,1.882845230770618272e+00,-2.172981563338655664e-01
2.578978747021637083e-02,4.047787375993159031e+01,2.897778633110843938e+00,1.882407032136262037e+00,-2.171750111659897509e-01
2.582098797136988047e-02,4.043077856335586517e+01,2.897202907245430392e+00,1.881968888462102196e+00,-2.170518859188646232e-01
2.585222621890936184e-02,4.038373998153946332e+01,2.896626735955103005e+00,1.881530799814624233e+00,-2.169287806165889343e-01
2.588350225850042166e-02,4.033675794607210463e+01,2.896050119133954048e+00,1.881092766260393123e+00,-2.168056952832903839e-01
2.591481613586392799e-02,4.028983238862777938e+01,2.895473056676546530e+00,1.880654787866072208e+00,-2.166826299431305614e-01
2.594616789677601371e-02,4.024296324096071231e+01,2.894895548477872893e+00,1.880216864698383450e+00,-2.165595846202941210e-01
2.597755758706822918e-02,4.019615043490977513e+01,2.894317594433404306e+00,1.879778996824148951e+00,-2.164365593390004949e-01
2.600898525262758387e-02,4.014939390239474193e+01,2.893739194439050255e+00,1.879341184310258095e+00,-2.163135541234949555e-01
2.604045093939654290e-02,4.010269357541798030e+01,2.893160348391183412e+00,1.878903427223685974e+00,-2.161905689980526957e-01
2.607195469337321089e-02,4.005604938606482079e+01,2.892581056186641408e+00,1.878465725631492278e+00,-2.160676039869802445e-01
2.610349656061132853e-02,4.000946126650085688e+01,2.892014980940847302e+00,1.878028079600806644e+00,-2.159446591146092498e-01
2.613507658722032112e-02,3.996292914897595949e+01,2.891484391005149313e+00,1.877590489198854851e+00,-2.158217344053062758e-01
2.616669481936543043e-02,3.991645296581958036e+01,2.890953382141097094e+00,1.877152954492929071e+00,-2.156988298834619233e-01
2.619835130326773551e-02,3.987003264944513603e+01,2.890421954228881152e+00,1.876715475550420287e+00,-2.155759455735019869e-01
2.623004608520425676e-02,3.982366813234599334e+01,2.889890107149058363e+00,1.876278052438782318e+00,-2.154530814998767696e-01
2.626177921150794556e-02,3.977735934709781418e+01,2.889357840782575515e+00,1.875840685225562909e+00,-2.153302376870685486e-01
2.629355072856786116e-02,3.973110622635815048e+01,2.888825155010767975e+00,1.875403373978393295e+00,-2.152074141595904933e-01
2.632536068282917419e-02,3.968490870286427707e+01,2.888292049715338372e+00,1.874966118764967993e+00,-2.150846109419804197e-01
2.635720912079321174e-02,3.963876670943731995e+01,2.887758524778404112e+00,1.874528919653091652e+00,-2.149618280588132258e-01
2.638909608901758921e-02,3.959268017897679215e+01,2.887224580082437431e+00,1.874091776710623991e+00,-2.148390655346859857e-01
2.642102163411625890e-02,3.954664904446545393e+01,2.886690215510320900e+00,1.873654690005524648e+00,-2.147163233942310789e-01
2.645298580275952036e-02,3.950067323896605131e+01,2.886155430945315903e+00,1.873217659605829422e+00,-2.145936016621083353e-01
2.648498864167417310e-02,3.945475269562265908e+01,2.885620226271077726e+00,1.872780685579658710e+00,-2.144709003630085042e-01
2.651703019764354782e-02,3.940888734765897539e+01,2.885084601371635582e+00,1.872343767995204411e+00,-2.143482195216488140e-01
2.654911051750754106e-02,3.936307712838135586e+01,2.884548556131435237e+00,1.871906906920758784e+00,-2.142255591627821587e-01
2.658122964816274358e-02,3.931732197117515426e+01,2.884012090435289277e+00,1.871470102424685589e+00,-2.141029193111870232e-01
2.661338763656249246e-02,3.927162180950639936e+01,2.883475204168412631e+00,1.871033354575428742e+00,-2.139802999916717852e-01
2.664558452971688488e-02,3.922597657692272577e+01,2.882937897216423018e+00,1.870596663441526752e+00,-2.138577012290788226e-01
2.667782037469293085e-02,3.918038620705054598e+01,2.882400169465310302e+00,1.870160029091590292e+00,-2.137351230482762987e-01
2.671009521861458097e-02,3.913485063359753724e+01,2.881862020801477353e+00,1.869723451594318409e+00,-2.136125654741648228e-01
2.674240910866275758e-02,3.908936979035014758e+01,2.881323451111701850e+00,1.869286931018483422e+00,-2.134900285316722879e-01
2.677476209207550403e-02,3.904394361117675061e+01,2.880784460283182913e+00,1.868850467432959350e+00,-2.133675122457612539e-01
2.680715421614800892e-02,3.899857203002444805e+01,2.880245048203501135e+00,1.868414060906690599e+00,-2.132450166414218695e-01
2.683958552823264079e-02,3.895325498091983007e+01,2.879705214760629683e+00,1.867977711508702621e+00,-2.131225417436730663e-01
2.687205607573909388e-02,3.890799239797004816e+01,2.879164959842952065e+00,1.867541419308111905e+00,-2.130000875775669433e-01
2.690456590613442278e-02,3.886278421536204775e+01,2.878624283339251466e+00,1.867105184374122651e+00,-2.128776541681856593e-01
2.693711506694306326e-02,3.881763036736056449e+01,2.878083185138688993e+00,1.866669006776003004e+00,-2.127552415406376018e-01
2.696970360574698494e-02,3.877253078831196831e+01,2.877541665130855630e+00,1.866232886583127915e+00,-2.126328497200674350e-01
2.700233157018572597e-02,3.872748541264075328e+01,2.876999723205726500e+00,1.865796823864943388e+00,-2.125104787316465793e-01
2.703499900795642077e-02,3.868249417485084507e+01,2.876457359253683510e+00,1.865360818690983358e+00,-2.123881286005780411e-01
2.706770596681393887e-02,3.863755700952530958e+01,2.875914573165509580e+00,1.864924871130862583e+00,-2.122657993520944697e-01
2.710045249457093686e-02,3.859267385132623929e+01,2.875369886345341630e+00,1.864488981254283084e+00,-2.121434910114599337e-01
2.713323863909785846e-02,3.854784463499459690e+01,2.874817975323870733e+00,1.864053149131028819e+00,-2.120212036039680614e-01
2.716606444832311840e-02,3.850306929535069855e+01,2.874265635677623276e+00,1.863617374830974338e+00,-2.118989371549451772e-01
2.719892997023310235e-02,3.845834776729340376e+01,2.873712867297978146e+00,1.863181658424074350e+00,-2.117766916897470542e-01
2.723183525287221907e-02,3.841367998579913490e+01,2.873159670076708139e+00,1.862745999980359946e+00,-2.116544672337572486e-01
2.726478034434302866e-02,3.836906588592494671e+01,2.872606043906031914e+00,1.862310399569963693e+00,-2.115322638123956767e-01
2.729776529280630512e-02,3.832450540280426310e+01,2.872051988678557155e+00,1.861874857263086991e+00,-2.114100814511076787e-01
2.733079014648102933e-02,3.827999847165052927e+01,2.871497504287327196e+00,1.861439373130028940e+00,-2.112879201753732894e-01
2.736385495364456258e-02,3.823554502775536434e+01,2.870942590625805479e+00,1.861003947241173684e+00,-2.111657800107033245e-01
2.739695976263268121e-02,3.819114500648652921e+01,2.870387247587844026e+00,1.860568579666969979e+00,-2.110436609826338572e-01
2.743010462183958706e-02,3.814679834329236741e+01,2.869831475067746052e+00,1.860133270477976719e+00,-2.109215631167385696e-01
2.746328957971807400e-02,3.810250497369850819e+01,2.869275272960226886e+00,1.859698019744831177e+00,-2.107994864386203149e-01
2.749651468477955565e-02,3.805826483330763210e+01,2.868718641160412197e+00,1.859262827538246787e+00,-2.106774309739102014e-01
2.752977998559408973e-02,3.801407785780085646e+01,2.868161579563858421e+00,1.858827693929030023e+00,-2.105553967482726441e-01
2.756308553079053758e-02,3.796994398293727357e+01,2.867604088066542545e+00,1.858392618988073952e+00,-2.104333837874031166e-01
2.759643136905659197e-02,3.792586314455295593e+01,2.867046166564861664e+00,1.857957602786352025e+00,-2.103113921170269851e-01
2.762981754913880483e-02,3.788183527856248389e+01,2.866487814955648084e+00,1.857522645394935390e+00,-2.101894217629032557e-01
2.766324411984274687e-02,3.783786032095687801e+01,2.865929033136144888e+00,1.857087746884965362e+00,-2.100674727508189676e-01
2.769671113003303181e-02,3.779393820780445878e+01,2.865369821004021045e+00,1.856652907327673852e+00,-2.099455451065927736e-01
2.773021862863334422e-02,3.775006887525206167e+01,2.864810178457387835e+00,1.856218126794392020e+00,-2.098236388560779098e-01
2.776376666462660944e-02,3.770625225952207416e+01,2.864250105394764656e+00,1.855783405356516758e+00,-2.097017540251541468e-01
2.779735528705499711e-02,3.766248829691538447e+01,2.863689601715114996e+00,1.855348743085550867e+00,-2.095798906397371431e-01
2.783098454501997665e-02,3.761877692380871707e+01,2.863128667317818010e+00,1.854914140053067984e+00,-2.094580487257699242e-01
2.786465448768246297e-02,3.757511807665647297e+01,2.862567302102692057e+00,1.854479596330739000e+00,-2.093362283092299603e-01
2.789836516426284080e-02,3.753151169198911674e+01,2.862005505969978270e+00,1.854045111990313632e+00,-2.092144294161237261e-01
2.793211662404099932e-02,3.748795770641452663e+01,2.861443278820355651e+00,1.853610687103635524e+00,-2.090926520724909199e-01
2.796590891635649181e-02,3.744445605661640997e+01,2.860880620554926868e+00,1.853176321742626254e+00,-2.089708963044012713e-01
2.799974209060856686e-02,3.740100667935638512e+01,2.860317531075244890e+00,1.852742015979311319e+00,-2.088491621379593155e-01
2.803361619625618223e-02,3.735760951147051401e+01,2.859754010283271697e+00,1.852307769885780386e+00,-2.087274495992960943e-01
2.806753128281818180e-02,3.731426448987218691e+01,2.859190058081416019e+00,1.851873583534224599e+00,-2.086057587145768166e-01
2.810148739987331987e-02,3.727097155155178854e+01,2.858631562472596865e+00,1.851439456996925692e+00,-2.084840895100008307e-01
2.813548459706027849e-02,3.722773063357477241e+01,2.858094975371156199e+00,1.851005390346243118e+00,-2.083624420117954901e-01
2.816952292407784789e-02,3.718454167308222225e+01,2.857557964008615059e+00,1.850571383654622037e+00,-2.082408162462194567e-01
2.820360243068492992e-02,3.714140460729302617e+01,2.857020528263620296e+00,1.850137436994612417e+00,-2.081192122395681132e-01
2.823772316670059707e-02,3.709831937350004694e+01,2.856482668015184689e+00,1.849703550438831723e+00,-2.079976300181630988e-01
2.827188518200422426e-02,3.705528590907313458e+01,2.855944383142734022e+00,1.849269724059998898e+00,-2.078760696083616077e-01
2.830608852653553054e-02,3.701230415145693797e+01,2.855405673526072885e+00,1.848835957930913487e+00,-2.077545310365502551e-01
2.834033325029462064e-02,3.696937403817197776e+01,2.854866539045403329e+00,1.848402252124462519e+00,-2.076330143291480468e-01
2.837461940334212035e-02,3.692649550681523607e+01,2.854326979581339518e+00,1.847968606713634498e+00,-2.075115195126092382e-01
2.840894703579922506e-02,3.688366849505734990e+01,2.853786995014863326e+00,1.847535021771484542e+00,-2.073900466134143417e-01
2.844331619784771711e-02,3.684089294064597908e+01,2.853246585227380727e+00,1.847101497371176793e+00,-2.072685956580816447e-01
2.847772693973014274e-02,3.679816878140271541e+01,2.852705750100676063e+00,1.846668033585950441e+00,-2.071471666731572181e-01
2.851217931174982595e-02,3.675549595522505086e+01,2.852164489516942680e+00,1.846234630489139272e+00,-2.070257596852216886e-01
2.854667336427089974e-02,3.671287440008472913e+01,2.851622803358760283e+00,1.845801288154159669e+00,-2.069043747208854367e-01
2.858120914771847612e-02,3.667030405402933724e+01,2.851080691509126908e+00,1.845368006654523940e+00,-2.067830118067938150e-01
2.861578671257867384e-02,3.662778485518103366e+01,2.850538153851430945e+00,1.844934786063833432e+00,-2.066616709696233734e-01
2.865040610939864271e-02,3.658531674173669757e+01,2.849995190269466683e+00,1.844501626455774534e+00,-2.065403522360830246e-01
2.868506738878672663e-02,3.654289965196753087e+01,2.849451800647421873e+00,1.844068527904120902e+00,-2.064190556329126014e-01
2.871977060141249830e-02,3.650053352422027331e+01,2.848907984869906151e+00,1.843635490482746331e+00,-2.062977811868875466e-01
2.875451579800678351e-02,3.645821829691485050e+01,2.848363742821908851e+00,1.843202514265597225e+00,-2.061765289248111976e-01
2.878930302936183461e-02,3.641595390854627112e+01,2.847819074388840299e+00,1.842769599326719909e+00,-2.060552988735219471e-01
2.882413234633134091e-02,3.637374029768484007e+01,2.847273979456522941e+00,1.842336745740258852e+00,-2.059340910598931595e-01
2.885900379983047728e-02,3.633157740297296101e+01,2.846728457911162913e+00,1.841903953580425357e+00,-2.058129055108245675e-01
2.889391744083606023e-02,3.628946516312916515e+01,2.846182509639398894e+00,1.841471222921541750e+00,-2.056917422532542894e-01
2.892887332038657569e-02,3.624740351694439511e+01,2.845636134528252370e+00,1.841038553838004965e+00,-2.055706013141482269e-01
2.896387148958221025e-02,3.620539240328513131e+01,2.845089332465181808e+00,1.840605946404314519e+00,-2.054494827205094465e-01
2.899891199958502114e-02,3.616343176109052848e+01,2.844542103338032035e+00,1.840173400695051420e+00,-2.053283864993700192e-01
2.903399490161895358e-02,3.612152152937450467e+01,2.843994447035079087e+00,1.839740916784896374e+00,-2.052073126777983203e-01
2.906912024696989283e-02,3.607966164722312641e+01,2.843446363444983138e+00,1.839308494748601808e+00,-2.050862612828900089e-01
2.910428808698579603e-02,3.603785205379801226e+01,2.842898809523008108e+00,1.838876134661034056e+00,-2.049652323417797961e-01
2.913949847307675464e-02,3.599609268833319931e+01,2.842353210923181717e+00,1.838443836597136283e+00,-2.048442258816318140e-01
2.917475145671500833e-02,3.595438349013559787e+01,2.841807187895575737e+00,1.838011600631937581e+00,-2.047232419296416972e-01
2.921004708943511149e-02,3.591272439858721555e+01,2.841260740331286172e+00,1.837579426840576291e+00,-2.046022805130426891e-01
2.924538542283396103e-02,3.587111535314136290e+01,2.840713868121786057e+00,1.837147315298261141e+00,-2.044813416590958166e-01
2.928076650857084143e-02,3.582955629332563774e+01,2.840166571158976083e+00,1.836715266080303444e+00,-2.043604253950977445e-01
2.931619039836756702e-02,3.578804715874079534e+01,2.839618849335168171e+00,1.836283279262107548e+00,-2.042395317483791106e-01
2.935165714400853748e-02,3.574658788905947659e+01,2.839070702543072144e+00,1.835851354919155076e+00,-2.041186607462999181e-01
2.938716679734074480e-02,3.570517842402910702e+01,2.838522130675830368e+00,1.835419493127041779e+00,-2.039978124162588335e-01
2.942271941027395712e-02,3.566381870346793193e+01,2.837973133626976896e+00,1.834987693961432464e+00,-2.038769867856823903e-01
2.945831503478074653e-02,3.562250866726795095e+01,2.837423711290467665e+00,1.834555957498094525e+00,-2.037561838820324822e-01
2.949395372289650638e-02,3.558124825539378833e+01,2.836873863560674724e+00,1.834124283812886391e+00,-2.036354037328046984e-01
2.952963552671963518e-02,3.554003740788228072e+01,2.836323590332380462e+00,1.833692672981755534e+00,-2.035146463655269911e-01
2.956536049841155742e-02,3.549887606484315228e+01,2.835772891500790927e+00,1.833261125080746456e+00,-2.033939118077619790e-01
2.960112869019675824e-02,3.545776416645779250e+01,2.835221766961515399e+00,1.832829640185986042e+00,-2.032732000871029510e-01
2.963694015436294654e-02,3.541670165298079098e+01,2.834670216610594817e+00,1.832398218373704868e+00,-2.031525112311796388e-01
2.967279494326109657e-02,3.537568846473786977e+01,2.834118240344474682e+00,1.831966859720215002e+00,-2.030318452676526109e-01
2.970869310930546181e-02,3.533472454212819258e+01,2.833565838060035702e+00,1.831535564301932650e+00,-2.029112022242186841e-01
2.974463470497375542e-02,3.529380982562155111e+01,2.833013009654560488e+00,1.831104332195353956e+00,-2.027905821286052623e-01
2.978061978280718489e-02,3.525294425576068136e+01,2.832459755025765524e+00,1.830673163477078091e+00,-2.026699850085755816e-01
2.981664839541046247e-02,3.521212777315945175e+01,2.831906074071778523e+00,1.830242058223786605e+00,-2.025494108919244363e-01
2.985272059545200293e-02,3.517136031850395028e+01,2.831351966691155742e+00,1.829811016512262301e+00,-2.024288598064817590e-01
2.988883643566392703e-02,3.513064183255210082e+01,2.830797432782877543e+00,1.829380038419381016e+00,-2.023083317801115666e-01
2.992499596884211355e-02,3.508997225613253335e+01,2.830242472246339513e+00,1.828949124022103190e+00,-2.021878268407091561e-01
2.996119924784635194e-02,3.504935153014653793e+01,2.829687084981372891e+00,1.828518273397490956e+00,-2.020673450162064899e-01
2.999744632560038746e-02,3.500877959556606100e+01,2.829131270888225469e+00,1.828087486622699265e+00,-2.019468863345678933e-01
3.003373725509194542e-02,3.496825639343445147e+01,2.828575029867573587e+00,1.827656763774968773e+00,-2.018264508237910815e-01
3.007007208937289774e-02,3.492778186486651038e+01,2.828018361820520354e+00,1.827226104931640505e+00,-2.017060385119085197e-01
3.010645088155930807e-02,3.488735595104790832e+01,2.827455378019259502e+00,1.826795510170145631e+00,-2.015856494269856192e-01
3.014287368483143867e-02,3.484697859323549807e+01,2.826880631279046874e+00,1.826364979568009916e+00,-2.014652835971225131e-01
3.017934055243395169e-02,3.480664973275759166e+01,2.826305439037168910e+00,1.825934513202857046e+00,-2.013449410504541959e-01
3.021585153767591264e-02,3.476636931101283778e+01,2.825729801188647361e+00,1.825504111152401743e+00,-2.012246218151483856e-01
3.025240669393084239e-02,3.472613726947042778e+01,2.825153717628963168e+00,1.825073773494444662e+00,-2.011043259194056354e-01
3.028900607463687333e-02,3.468595354967134625e+01,2.824577188254082216e+00,1.824643500306896149e+00,-2.009840533914645788e-01
3.032564973329679101e-02,3.464581809322586281e+01,2.824000212960409595e+00,1.824213291667744485e+00,-2.008638042595932705e-01
3.036233772347805837e-02,3.460573084181610426e+01,2.823422791644841112e+00,1.823783147655087866e+00,-2.007435785520980676e-01
3.039907009881299624e-02,3.456569173719393007e+01,2.822844924204727324e+00,1.823353068347110195e+00,-2.006233762973177737e-01
3.043584691299880407e-02,3.452570072118111710e+01,2.822266610537875753e+00,1.822923053822084638e+00,-2.005031975236231945e-01
3.047266821979760509e-02,3.448575773567112179e+01,2.821687850542591303e+00,1.822493104158393606e+00,-2.003830422594246319e-01
3.050953407303660242e-02,3.444586272262637294e+01,2.821108644117623410e+00,1.822063219434501002e+00,-2.002629105331620307e-01
3.054644452660812762e-02,3.440601562407995573e+01,2.820528991162206012e+00,1.821633399728973535e+00,-2.001428023733121397e-01
3.058339963446965112e-02,3.436621638213494379e+01,2.819948891576038896e+00,1.821203645120468728e+00,-2.000227178083857360e-01
3.062039945064398694e-02,3.432646493896459106e+01,2.819368345259300579e+00,1.820773955687746026e+00,-1.999026568669286241e-01
3.065744402921928916e-02,3.428676123681138677e+01,2.818787352112632316e+00,1.820344331509649471e+00,-1.997826195775192215e-01
3.069453342434910748e-02,3.424710521798849072e+01,2.818205912037166083e+00,1.819914772665128355e+00,-1.996626059687733046e-01
3.073166769025255721e-02,3.420749682487761589e+01,2.817624024934487270e+00,1.819485279233217456e+00,-1.995426160693376527e-01
3.076884688121434355e-02,3.416793599993110320e+01,2.817041690706675094e+00,1.819055851293056580e+00,-1.994226499078969317e-01
3.080607105158479631e-02,3.412842268567081305e+01,2.816458909256287058e+00,1.818626488923880125e+00,-1.993027075131702242e-01
3.084334025578005026e-02,3.408895682468735799e+01,2.815875680486346067e+00,1.818197192205013302e+00,-1.991827889139095864e-01
3.088065454828207296e-02,3.404953835964106901e+01,2.815292004300360862e+00,1.817767961215878580e+00,-1.990628941389024631e-01
3.091801398363868900e-02,3.401016723326177527e+01,2.814707880602320689e+00,1.817338796035997683e+00,-1.989430232169720758e-01
3.095541861646377083e-02,3.397084338834832806e+01,2.814123309296696185e+00,1.816909696744986036e+00,-1.988231761769758132e-01
3.099286850143726305e-02,3.393156676776879266e+01,2.813538290288439381e+00,1.816480663422558317e+00,-1.987033530478064247e-01
3.103036369330520669e-02,3.389233731445981590e+01,2.812952823482977038e+00,1.816051696148519135e+00,-1.985835538583901883e-01
3.106790424687993352e-02,3.385315497142752861e+01,2.812366908786230191e+00,1.815622795002775680e+00,-1.984637786376897139e-01
3.110549021704007294e-02,3.381401968174726136e+01,2.811796642927914203e+00,1.815193960065335732e+00,-1.983440274147042492e-01
3.114312165873061450e-02,3.377493138856158339e+01,2.811261625167398304e+00,1.814765191416285672e+00,-1.982243002184628233e-01
3.118079862696305354e-02,3.373589003508364215e+01,2.810726185921818221e+00,1.814336489135831343e+00,-1.981045970780356269e-01
3.121852117681545025e-02,3.369689556459402979e+01,2.810190325074169770e+00,1.813907853304261852e+00,-1.979849180225244920e-01
3.125628936343244346e-02,3.365794792044231087e+01,2.809654042507854665e+00,1.813479284001968006e+00,-1.978652630810675273e-01
3.129410324202543808e-02,3.361904704604642546e+01,2.809117338106668971e+00,1.813050781309436310e+00,-1.977456322828378688e-01
3.133196286787262586e-02,3.358019288489282417e+01,2.808580211754813316e+00,1.812622345307255411e+00,-1.976260256570448182e-01
3.136986829631903395e-02,3.354138538053586416e+01,2.808042663336877798e+00,1.812193976076102553e+00,-1.975064432329312891e-01
3.140781958277669150e-02,3.350262447659798681e+01,2.807504692737856189e+00,1.811765673696754453e+00,-1.973868850397755281e-01
3.144581678272467123e-02,3.346391011677065563e+01,2.806966299843151713e+00,1.811337438250094412e+00,-1.972673511068938068e-01
3.148385995170910334e-02,3.342524224481274331e+01,2.806427484538563277e+00,1.810909269817097211e+00,-1.971478414636359533e-01
3.152194914534337672e-02,3.338662080455101488e+01,2.805888246710289913e+00,1.810481168478833336e+00,-1.970283561393874061e-01
3.156008441930815978e-02,3.334804573988031962e+01,2.805348586244939213e+00,1.810053134316476964e+00,-1.969088951635692419e-01
3.159826582935142819e-02,3.330951699476296568e+01,2.804808503029517119e+00,1.809625167411293312e+00,-1.967894585656376205e-01
3.163649343128865921e-02,3.327103451322954442e+01,2.804267996951442576e+00,1.809197267844653512e+00,-1.966700463750855610e-01
3.167476728100285244e-02,3.323259823937790713e+01,2.803727067898536429e+00,1.808769435698021955e+00,-1.965506586214411655e-01
3.171308743444455763e-02,3.319420811737375487e+01,2.803185715759029417e+00,1.808341671052968946e+00,-1.964312953342689239e-01
3.175145394763207590e-02,3.315586409144951574e+01,2.802643940421551516e+00,1.807913973991150058e+00,-1.963119565431668545e-01
3.178986687665147359e-02,3.311756610590579442e+01,2.802101741775149701e+00,1.807486344594330330e+00,-1.961926422777709178e-01
3.182832627765661698e-02,3.307931410511035608e+01,2.801559119709279955e+00,1.807058782944373609e+00,-1.960733525677530731e-01
3.186683220686935963e-02,3.304110803349751535e+01,2.801016074113799270e+00,1.806631289123233897e+00,-1.959540874428188639e-01
3.190538472057958402e-02,3.300294783556970657e+01,2.800472604878987415e+00,1.806203863212976435e+00,-1.958348469327123309e-01
3.194398387514519461e-02,3.296483345589612668e+01,2.799928711895531830e+00,1.805776505295759060e+00,-1.957156310672132637e-01
3.198262972699236067e-02,3.292676483911228758e+01,2.799384395054527630e+00,1.805349215453837308e+00,-1.955964398761351197e-01
3.202132233261548167e-02,3.288874192992181378e+01,2.798839654247494479e+00,1.804921993769574406e+00,-1.954772733893311298e-01
3.206006174857729124e-02,3.285076467309378501e+01,2.798294489366350835e+00,1.804494840325420180e+00,-1.953581316366864995e-01
3.209884803150896831e-02,3.281283301346471859e+01,2.797746424871932813e+00,1.804067755203932366e+00,-1.952390146481246813e-01
3.213768123811022726e-02,3.277494689593811472e+01,2.797182100377080705e+00,1.803640738487772399e+00,-1.951199224536064869e-01
3.217656142514931789e-02,3.273710626548361091e+01,2.796617339919127865e+00,1.803213790259694971e+00,-1.950008550831275889e-01
3.221548864946321977e-02,3.269931106713717384e+01,2.796052143396378309e+00,1.802786910602555137e+00,-1.948818125667192425e-01
3.225446296795767692e-02,3.266156124600177435e+01,2.795486510707597017e+00,1.802360099599314536e+00,-1.947627949344511167e-01
3.229348443760721860e-02,3.262385674724586693e+01,2.794920441751982843e+00,1.801933357333024288e+00,-1.946438022164264092e-01
3.233255311545536054e-02,3.258619751610509496e+01,2.794353936429201379e+00,1.801506683886846760e+00,-1.945248344427877862e-01
3.237166905861463273e-02,3.254858349788104022e+01,2.793786994639368970e+00,1.801080079344044016e+00,-1.944058916437135798e-01
3.241083232426660715e-02,3.251101463794056201e+01,2.793219616283038054e+00,1.800653543787967381e+00,-1.942869738494161780e-01
3.245004296966207125e-02,3.247349088171747411e+01,2.792651801261232247e+00,1.800227077302081424e+00,-1.941680810901471876e-01
3.248930105212109731e-02,3.243601217471090337e+01,2.792083549475419257e+00,1.799800679969943529e+00,-1.940492133961932153e-01
3.252860662903302863e-02,3.239857846248693107e+01,2.791514860827538858e+00,1.799374351875224765e+00,-1.939303707978807800e-01
3.256795975785670844e-02,3.236118969067570106e+01,2.790945735219959811e+00,1.798948093101679024e+00,-1.938115533255676537e-01
3.260736049612049381e-02,3.232384580497448923e+01,2.790376172555536716e+00,1.798521903733176552e+00,-1.936927610096529639e-01
3.264680890142226261e-02,3.228654675114567851e+01,2.789806172737563816e+00,1.798095783853682628e+00,-1.935739938805711435e-01
3.268630503142966326e-02,3.224929247501692942e+01,2.789235735669796323e+00,1.797669733547263782e+00,-1.934552519687921246e-01
3.272584894388008009e-02,3.221208292248162763e+01,2.788664861256455740e+00,1.797243752898088909e+00,-1.933365353048239754e-01
3.276544069658071656e-02,3.217491803949906171e+01,2.788093549402225424e+00,1.796817841990435483e+00,-1.932178439192132891e-01
3.280508034740874795e-02,3.213779777209256139e+01,2.787521800012235929e+00,1.796392000908669795e+00,-1.930991778425396599e-01
3.284476795431136298e-02,3.210072206635138770e+01,2.786949612992089875e+00,1.795966229737266717e+00,-1.929805371054217067e-01
3.288450357530586093e-02,3.206369086843049843e+01,2.786376988247861064e+00,1.795540528560808813e+00,-1.928619217385169060e-01
3.292428726847970027e-02,3.202670412454931892e+01,2.785803925686079374e+00,1.795114897463976567e+00,-1.927433317725180673e-01
3.296411909199063739e-02,3.198976178099172429e+01,2.785230425213728545e+00,1.794689336531545720e+00,-1.926247672381534437e-01
3.300399910406680987e-02,3.195286378410753514e+01,2.784656486738276815e+00,1.794263845848406591e+00,-1.925062281661916452e-01
3.304392736300673650e-02,3.191601008031101117e+01,2.784082110167653390e+00,1.793838425499546529e+00,-1.923877145874371974e-01
3.308390392717951850e-02,3.187920061608088318e+01,2.783507295410248883e+00,1.793413075570054360e+00,-1.922692265327312355e-01
3.312392885502488116e-02,3.184243533796056980e+01,2.782947405837649768e+00,1.792987796145120827e+00,-1.921507640329521149e-01
3.316400220505318769e-02,3.180571419255877075e+01,2.782391866671847680e+00,1.792562587310048805e+00,-1.920323271190178815e-01
3.320412403584564048e-02,3.176903712654808132e+01,2.781835897026802229e+00,1.792137449150234874e+00,-1.919139158218815533e-01
3.324429440605431579e-02,3.173240408666549328e+01,2.781279496798812811e+00,1.791712381751182637e+00,-1.917955301725342565e-01
3.328451337440220537e-02,3.169581501971255477e+01,2.780722665884613587e+00,1.791287385198495175e+00,-1.916771702020043378e-01
3.332478099968336910e-02,3.165926987255522818e+01,2.780165404181381472e+00,1.790862459577887922e+00,-1.915588359413588904e-01
3.336509734076302525e-02,3.162276859212319380e+01,2.779607711586721930e+00,1.790437604975168462e+00,-1.914405274217006181e-01
3.340546245657754348e-02,3.158631112541115371e+01,2.779049587998694726e+00,1.790012821476262062e+00,-1.913222446741726923e-01
3.344587640613463919e-02,3.154989741947672499e+01,2.778491033315777070e+00,1.789588109167182806e+00,-1.912039877299525070e-01
3.348633924851342897e-02,3.151352742144216634e+01,2.777932047436905805e+00,1.789163468134056911e+00,-1.910857566202572855e-01
3.352685104286443757e-02,3.147720107849383453e+01,2.777372630261456088e+00,1.788738898463119398e+00,-1.909675513763425536e-01
3.356741184840981301e-02,3.144091833788133528e+01,2.776812781689236509e+00,1.788314400240700097e+00,-1.908493720295000029e-01
3.360802172444334740e-02,3.140467914691836526e+01,2.776252501620508184e+00,1.787889973553238532e+00,-1.907312186110601271e-01
3.364868073033051160e-02,3.136848345298207974e+01,2.775691789955968325e+00,1.787465618487276364e+00,-1.906130911523908067e-01
3.368938892550865649e-02,3.133233120351352596e+01,2.775130646596769779e+00,1.787041335129464281e+00,-1.904949896848989466e-01
3.373014636948701989e-02,3.129622234601683317e+01,2.774569071444498380e+00,1.786617123566550669e+00,-1.903769142400276726e-01
3.377095312184681675e-02,3.126015682806016471e+01,2.774007064401199152e+00,1.786192983885400043e+00,-1.902588648492606060e-01
3.381180924224136408e-02,3.122413459727424723e+01,2.773444625369351879e+00,1.785768916172966625e+00,-1.901408415441163680e-01
3.385271479039615727e-02,3.118815560135362475e+01,2.772881754251891984e+00,1.785344920516321210e+00,-1.900228443561538805e-01
3.389366982610889784e-02,3.115221978805611869e+01,2.772318450952206526e+00,1.784920997002640064e+00,-1.899048733169703129e-01
3.393467440924968770e-02,3.111632710520269640e+01,2.771754715374130207e+00,1.784497145719201372e+00,-1.897869284582010818e-01
3.397572859976105003e-02,3.108047750067657233e+01,2.771190547421940042e+00,1.784073366753385237e+00,-1.896690098115174083e-01
3.401683245765797781e-02,3.104467092242466109e+01,2.770625947000372236e+00,1.783649660192681896e+00,-1.895511174086311479e-01
3.405798604302812810e-02,3.100890731845697701e+01,2.770060914014620401e+00,1.783226026124690611e+00,-1.894332512812929303e-01
3.409918941603183595e-02,3.097318663684584195e+01,2.769493215226627392e+00,1.782802464637112116e+00,-1.893154114612905503e-01
3.414044263690218378e-02,3.093750882572645367e+01,2.768911942112721292e+00,1.782378975817752398e+00,-1.891975979804503272e-01
3.418174576594517483e-02,3.090187383329694981e+01,2.768330228877063703e+00,1.781955559754528684e+00,-1.890798108706382707e-01
3.422309886353975400e-02,3.086628160781793184e+01,2.767748075434721677e+00,1.781532216535461455e+00,-1.889620501637581107e-01
3.426450199013788417e-02,3.083073209761177935e+01,2.767165481701227669e+00,1.781108946248671332e+00,-1.888443158917501308e-01
3.430595520626469191e-02,3.079522525106453656e+01,2.766582447592619953e+00,1.780685748982397065e+00,-1.887266080865972195e-01
3.434745857251854384e-02,3.075976101662379492e+01,2.765998973025404428e+00,1.780262624824977324e+00,-1.886089267803177927e-01
3.438901214957105351e-02,3.072433934279983703e+01,2.765415057916577712e+00,1.779839573864860469e+00,-1.884912720049710111e-01
3.443061599816730350e-02,3.068896017816512156e+01,2.764830702183625366e+00,1.779416596190600330e+00,-1.883736437926541996e-01
3.447227017912585234e-02,3.065362347135401677e+01,2.764245905744511678e+00,1.778993691890858875e+00,-1.882560421755028746e-01
3.451397475333879000e-02,3.061832917106303853e+01,2.763660668517687657e+00,1.778570861054403318e+00,-1.881384671856919932e-01
3.455572978177191834e-02,3.058307722605083612e+01,2.763074990422097699e+00,1.778148103770110344e+00,-1.880209188554353428e-01
3.459753532546481353e-02,3.054786758513765221e+01,2.762488871377169364e+00,1.777725420126960776e+00,-1.879033972169849021e-01
3.463939144553082605e-02,3.051270019720601923e+01,2.761902311302826263e+00,1.777302810214048678e+00,-1.877859023026333674e-01
3.468129820315730277e-02,3.047757501120026902e+01,2.761315310119482724e+00,1.776880274120574921e+00,-1.876684341447121540e-01
3.472325565960562160e-02,3.044249197612554525e+01,2.760727867748029141e+00,1.776457811935839626e+00,-1.875509927755891759e-01
3.476526387621119846e-02,3.040745104105003094e+01,2.760139984109873268e+00,1.776035423749266817e+00,-1.874335782276764506e-01
3.480732291438373011e-02,3.037245215510186114e+01,2.759551659126889600e+00,1.775613109650369559e+00,-1.873161905334191357e-01
3.484943283560720112e-02,3.033749526747185854e+01,2.758962892721464222e+00,1.775190869728784593e+00,-1.871988297253063815e-01
3.489159370143991856e-02,3.030258032741201291e+01,2.758373684816477489e+00,1.774768704074253911e+00,-1.870814958358658076e-01
3.493380557351472709e-02,3.026770728423500145e+01,2.757784035335291151e+00,1.774346612776619869e+00,-1.869641888976620592e-01
3.497606851353901591e-02,3.023287608731527598e+01,2.757193944201775881e+00,1.773924595925842063e+00,-1.868469089433010544e-01
3.501838258329479509e-02,3.019808668608902025e+01,2.756603411340305954e+00,1.773502653611991775e+00,-1.867296560054299281e-01
3.506074784463886207e-02,3.016333903005199701e+01,2.756012436675730815e+00,1.773080785925235103e+00,-1.866124301167303712e-01
3.510316435950285724e-02,3.012863306876246128e+01,2.755429350769372565e+00,1.772658992955861601e+00,-1.864952313099284276e-01
3.514563218989327081e-02,3.009396875183860232e+01,2.754872280272137708e+00,1.772237274794260298e+00,-1.863780596177863069e-01
3.518815139789169266e-02,3.005934602896000385e+01,2.754314780222391068e+00,1.771815631530934798e+00,-1.862609150731077412e-01
3.523072204565479149e-02,3.002476484986745575e+01,2.753756850520847177e+00,1.771394063256501505e+00,-1.861437977087372353e-01
3.527334419541439808e-02,2.999022516436152941e+01,2.753198491068653109e+00,1.770972570061677631e+00,-1.860267075575560702e-01
3.531601790947767883e-02,2.995572692230397749e+01,2.752639701767401803e+00,1.770551152037295406e+00,-1.859096446524870494e-01
3.535874325022717729e-02,2.992127007361689905e+01,2.752080482519131177e+00,1.770129809274293642e+00,-1.857926090264918895e-01
3.540152028012084895e-02,2.988685456828374853e+01,2.751520833226334783e+00,1.769708541863731499e+00,-1.856756007125751340e-01
3.544434906169227628e-02,2.985248035634706198e+01,2.750960753791932056e+00,1.769287349896762729e+00,-1.855586197437767149e-01
3.548722965755069653e-02,2.981814738791075570e+01,2.750400244119299842e+00,1.768866233464661875e+00,-1.854416661531793908e-01
3.553016213038101556e-02,2.978385561313851326e+01,2.749839304112265292e+00,1.768445192658810061e+00,-1.853247399739053058e-01
3.557314654294405770e-02,2.974960498225451389e+01,2.749277933675095653e+00,1.768024227570700324e+00,-1.852078412391166828e-01
3.561618295807655182e-02,2.971539544554309842e+01,2.748716132712514248e+00,1.767603338291936721e+00,-1.850909699820162124e-01
3.565927143869121463e-02,2.968122695334853844e+01,2.748153901129693821e+00,1.767182524914233666e+00,-1.849741262358462202e-01
3.570241204777691024e-02,2.964709945607506825e+01,2.747591238832251204e+00,1.766761787529414818e+00,-1.848573100338892494e-01
3.574560484839871266e-02,2.961301290418708376e+01,2.747028145726263748e+00,1.766341126229418856e+00,-1.847405214094688664e-01
3.578884990369794739e-02,2.957896724820856349e+01,2.746464621718254673e+00,1.765920541106291264e+00,-1.846237603959477724e-01
3.583214727689236490e-02,2.954496243872348771e+01,2.745900666715205052e+00,1.765500032252191209e+00,-1.845070270267301638e-01
3.587549703127621004e-02,2.951099842637523096e+01,2.745336280624543157e+00,1.765079599759387552e+00,-1.843903213352592052e-01
3.591889923022024284e-02,2.947707516186714827e+01,2.744771463354160890e+00,1.764659243720263504e+00,-1.842736433550200004e-01
3.596235393717193973e-02,2.944319259596222338e+01,2.744206214812402678e+00,1.764238964227314854e+00,-1.841569931195381482e-01
3.600586121565554215e-02,2.940935067948235471e+01,2.743640534908065032e+00,1.763818761373141530e+00,-1.840403706623780500e-01
3.604942112927209119e-02,2.937554936331007838e+01,2.743074423550418750e+00,1.763398635250472690e+00,-1.839237760171485159e-01
3.609303374169961498e-02,2.934178859838565856e+01,2.742508056934630289e+00,1.762978585952126087e+00,-1.838072092174936611e-01
3.613669911669319113e-02,2.930806833570949621e+01,2.741974000298101899e+00,1.762558613571046262e+00,-1.836906702971013716e-01
3.618041731808496753e-02,2.927438852634141853e+01,2.741439523769756192e+00,1.762138718200289444e+00,-1.835741592897007779e-01
3.622418840978437055e-02,2.924074912140037341e+01,2.740904627236315783e+00,1.761718899933028437e+00,-1.834576762290621443e-01
3.626801245577814664e-02,2.920715007206371894e+01,2.740369310584900298e+00,1.761299158862535075e+00,-1.833412211489938159e-01
3.631188952013039706e-02,2.917359132956806889e+01,2.739833573703041925e+00,1.760879495082202206e+00,-1.832247940833462985e-01
3.635581966698278600e-02,2.914007284520950591e+01,2.739297416478688074e+00,1.760459908685539698e+00,-1.831083950660127857e-01
3.639980296055456838e-02,2.910659457034251218e+01,2.738760838800189390e+00,1.760040399766165109e+00,-1.829920241309259954e-01
3.644383946514265227e-02,2.907315645638016477e+01,2.738223840556301969e+00,1.759620968417809239e+00,-1.828756813120591407e-01
3.648792924512177238e-02,2.903975845479484263e+01,2.737686421636201572e+00,1.759201614734321684e+00,-1.827593666434284281e-01
3.653207236494454557e-02,2.900640051711695477e+01,2.737148581929469859e+00,1.758782338809657286e+00,-1.826430801590891995e-01
3.657626888914151247e-02,2.897308259493556193e+01,2.736610321326093942e+00,1.758363140737887020e+00,-1.825268218931379860e-01
3.662051888232134567e-02,2.893980463989862528e+01,2.736071639716490367e+00,1.757944020613200875e+00,-1.824105918797146453e-01
3.666482240917085661e-02,2.890656660371204723e+01,2.735532536991474473e+00,1.757524978529895421e+00,-1.822943901529980038e-01
3.670917953445509280e-02,2.887336843814098586e+01,2.734993013042295029e+00,1.757106014582393794e+00,-1.821782167472116298e-01
3.675359032301748347e-02,2.884021009500753863e+01,2.734453067760590717e+00,1.756687128865216385e+00,-1.820620716966157571e-01
3.679805483977990899e-02,2.880709152619304803e+01,2.733912701038436310e+00,1.756268321473010374e+00,-1.819459550355157773e-01
3.684257314974275638e-02,2.877401268363630749e+01,2.733371912768313372e+00,1.755849592500527745e+00,-1.818298667982561345e-01
3.688714531798508584e-02,2.874097351933502864e+01,2.732830702843132453e+00,1.755430942042648379e+00,-1.817138070192255150e-01
3.693177140966469318e-02,2.870797398534420708e+01,2.732289071156214444e+00,1.755012370194355631e+00,-1.815977757328521014e-01
3.697645149001815845e-02,2.867501403377691105e+01,2.731747017601297678e+00,1.754593877050750983e+00,-1.814817729736059870e-01
3.702118562436101934e-02,2.864209361680433830e+01,2.731204542072552144e+00,1.754175462707053601e+00,-1.813657987759998425e-01
3.706597387808785449e-02,2.860921268665529027e+01,2.730661644464559057e+00,1.753757127258594561e+00,-1.812498531745875274e-01
3.711081631667229042e-02,2.857637119561584527e+01,2.730104747389348052e+00,1.753338870800814631e+00,-1.811339362039630363e-01
3.715571300566721663e-02,2.854356909603113834e+01,2.729527558013734367e+00,1.752920693429291799e+00,-1.810180478987674091e-01
3.720066401070483419e-02,2.851080634030184058e+01,2.728949928342828013e+00,1.752502595239689542e+00,-1.809021882936761305e-01
3.724566939749669042e-02,2.847808288088816298e+01,2.728371858287817808e+00,1.752084576327812115e+00,-1.807863574234136739e-01
3.729072923183388705e-02,2.844539867030646718e+01,2.727793347760352649e+00,1.751666636789566134e+00,-1.806705553227423988e-01
3.733584357958710798e-02,2.841275366113088552e+01,2.727214396672573926e+00,1.751248776720977673e+00,-1.805547820264674919e-01
3.738101250670668868e-02,2.838014780599284492e+01,2.726635004937111528e+00,1.750830996218189828e+00,-1.804390375694370219e-01
3.742623607922280354e-02,2.834758105758074009e+01,2.726055172467074961e+00,1.750413295377458489e+00,-1.803233219865393588e-01
3.747151436324549362e-02,2.831505336864074707e+01,2.725474899176073329e+00,1.749995674295162340e+00,-1.802076353127079478e-01
3.751684742496474989e-02,2.828256469197599188e+01,2.724894184978204237e+00,1.749578133067795527e+00,-1.800919775829175895e-01
3.756223533065067288e-02,2.825011498044580094e+01,2.724313029788038687e+00,1.749160671791959887e+00,-1.799763488321826643e-01
3.760767814665354897e-02,2.821770418696755911e+01,2.723731433520658829e+00,1.748743290564384933e+00,-1.798607490955635990e-01
3.765317593940388508e-02,2.818533226451485518e+01,2.723149396091626429e+00,1.748325989481912535e+00,-1.797451784081609272e-01
3.769872877541259604e-02,2.815299916611838427e+01,2.722566917417000187e+00,1.747908768641501576e+00,-1.796296368051187864e-01
3.774433672127106704e-02,2.812070484486582700e+01,2.721983997413338852e+00,1.747491628140232844e+00,-1.795141243216242799e-01
3.778999984365119524e-02,2.808844925390058833e+01,2.721400635997674122e+00,1.747074568075292822e+00,-1.793986409929040349e-01
3.783571820930559104e-02,2.805623234642413877e+01,2.720816833087566167e+00,1.746657588544002770e+00,-1.792831868542321683e-01
3.788149188506761966e-02,2.802405407569317930e+01,2.720232588601039225e+00,1.746240689643785648e+00,-1.791677619409210720e-01
3.792732093785144976e-02,2.799191439502155987e+01,2.719647902456633570e+00,1.745823871472190314e+00,-1.790523662883278244e-01
3.797320543465224768e-02,2.795981325777931659e+01,2.719062774573378860e+00,1.745407134126881532e+00,-1.789369999318518867e-01
3.801914544254625383e-02,2.792775061739314424e+01,2.718477204870814568e+00,1.744990477705644638e+00,-1.788216629069363239e-01
3.806514102869076877e-02,2.789572642734576746e+01,2.717891193268969552e+00,1.744573902306383317e+00,-1.787063552490666118e-01
3.811119226032443075e-02,2.786374064117611837e+01,2.717316098473222308e+00,1.744157408027115830e+00,-1.785910769937706644e-01
3.815729920476718801e-02,2.783179321247930105e+01,2.716757057770720962e+00,1.743740994965981672e+00,-1.784758281766201105e-01
3.820346192942040975e-02,2.779988409490634993e+01,2.716197588824408093e+00,1.743324663221236914e+00,-1.783606088332281292e-01
3.824968050176704576e-02,2.776801324216445011e+01,2.715637691541644916e+00,1.742908412891258640e+00,-1.782454189992525584e-01
3.829595498937168191e-02,2.773618060801713980e+01,2.715077365830251832e+00,1.742492244074546726e+00,-1.781302587103952284e-01
3.834228545988060260e-02,2.770438614628296037e+01,2.714516611598491114e+00,1.742076156869711179e+00,-1.780151280023983817e-01
3.838867198102197814e-02,2.767262981083676010e+01,2.713955428755081112e+00,1.741660151375486576e+00,-1.779000269110489474e-01
3.843511462060591327e-02,2.764091155560930346e+01,2.713393817209208692e+00,1.741244227690728952e+00,-1.777849554721780967e-01
3.848161344652450272e-02,2.760923133458662448e+01,2.712831776870504807e+00,1.740828385914409360e+00,-1.776699137216588564e-01
3.852816852675203241e-02,2.757758910181048861e+01,2.712269307649060934e+00,1.740412626145620756e+00,-1.775549016954081905e-01
3.857477992934500721e-02,2.754598481137827903e+01,2.711706409455429068e+00,1.739996948483577555e+00,-1.774399194293867221e-01
3.862144772244223423e-02,2.751441841744277639e+01,2.711143082200618171e+00,1.739581353027611188e+00,-1.773249669595980682e-01
3.866817197426498931e-02,2.748288987421222274e+01,2.710579325796100836e+00,1.739165839877174990e+00,-1.772100443220902544e-01
3.871495275311710033e-02,2.745139913594998760e+01,2.710015140153803959e+00,1.738750409131840868e+00,-1.770951515529536058e-01
3.876179012738496799e-02,2.741994615697503335e+01,2.709450525186126058e+00,1.738335060891304629e+00,-1.769802886883236892e-01
3.880868416553777400e-02,2.738853089166145338e+01,2.708885480805921286e+00,1.737919795255381761e+00,-1.768654557643792313e-01
3.885563493612755048e-02,2.735715329443803157e+01,2.708320006926502099e+00,1.737504612324003883e+00,-1.767506528173413416e-01
3.890264250778917993e-02,2.732581331978916594e+01,2.707754103461659678e+00,1.737089512197228736e+00,-1.766358798834768429e-01
3.894970694924067278e-02,2.729451092225419373e+01,2.707187770325640397e+00,1.736674494975235294e+00,-1.765211369990962453e-01
3.899682832928314663e-02,2.726324605642662391e+01,2.706621007433149373e+00,1.736259560758314446e+00,-1.764064242005512206e-01
3.904400671680090945e-02,2.723201867695605571e+01,2.706053814699379334e+00,1.735844709646894968e+00,-1.762917415242420682e-01
3.909124218076165391e-02,2.720082873854613226e+01,2.705486192039975535e+00,1.735429941741513549e+00,-1.761770890066098327e-01
3.913853479021651982e-02,2.716967619595514805e+01,2.704911117944101662e+00,1.735015257142832112e+00,-1.760624666841399677e-01
3.918588461430012881e-02,2.713856100399669202e+01,2.704335464235270603e+00,1.734600655951638926e+00,-1.759478745933639732e-01
3.923329172223078559e-02,2.710748311753819095e+01,2.703759376021605210e+00,1.734186138268837940e+00,-1.758333127708549826e-01
3.928075618331055424e-02,2.707644249150204274e+01,2.703182853222949156e+00,1.733771704195456564e+00,-1.757187812532316762e-01
3.932827806692525824e-02,2.704543908086492010e+01,2.702605895759632837e+00,1.733357353832644554e+00,-1.756042800771565604e-01
3.937585744254474412e-02,2.701447284065834253e+01,2.702028503552479588e+00,1.732943087281679784e+00,-1.754898092793382158e-01
3.942349437972289539e-02,2.698354372596764605e+01,2.701450676522785699e+00,1.732528904643956258e+00,-1.753753688965274671e-01
3.947118894809768103e-02,2.695265169193245924e+01,2.700872414592338622e+00,1.732114806020987663e+00,-1.752609589655197142e-01
3.951894121739138455e-02,2.692179669374694129e+01,2.700293717683420081e+00,1.731700791514418691e+00,-1.751465795231563483e-01
3.956675125741062476e-02,2.689097868665953683e+01,2.699714585718799409e+00,1.731286861226018381e+00,-1.750322306063234190e-01
3.961461913804642521e-02,2.686019762597207006e+01,2.699135018621727333e+00,1.730873015257666347e+00,-1.749179122519494145e-01
3.966254492927442227e-02,2.682945346704067902e+01,2.698555016315948851e+00,1.730459253711372991e+00,-1.748036244970083419e-01
3.971052870115489991e-02,2.679874616527600750e+01,2.697974578725708561e+00,1.730045576689277942e+00,-1.746893673785211709e-01
3.975857052383285906e-02,2.676807567614171290e+01,2.697393705775731121e+00,1.729631984293633185e+00,-1.745751409335505044e-01
3.980667046753820493e-02,2.673744195515583755e+01,2.696812397391244343e+00,1.729218476626823264e+00,-1.744609451992057692e-01
3.985482860258581644e-02,2.670684495789002000e+01,2.696230653497964980e+00,1.728805053791352409e+00,-1.743467802126408006e-01
3.990304499937557398e-02,2.667628463996941335e+01,2.695648474022101837e+00,1.728391715889848523e+00,-1.742326460110536490e-01
3.995131972839258833e-02,2.664576095707303693e+01,2.695065858890367760e+00,1.727978463025065636e+00,-1.741185426316884943e-01
3.999965286020724931e-02,2.661527386493360936e+01,2.694482808029969867e+00,1.727565295299882786e+00,-1.740044701118345638e-01
4.004804446547524654e-02,2.658482331933669585e+01,2.693899321368601552e+00,1.727152212817298471e+00,-1.738904284888248553e-01
4.009649461493784012e-02,2.655440927612185931e+01,2.693316751371261031e+00,1.726739215680440864e+00,-1.737764178000385795e-01
4.014500337942183972e-02,2.652403169118179349e+01,2.692746981456652478e+00,1.726326303992561151e+00,-1.736624380828997727e-01
4.019357082983969487e-02,2.649369052046274575e+01,2.692176776907021285e+00,1.725913477857036860e+00,-1.735484893748787949e-01
4.024219703718971003e-02,2.646338571996398059e+01,2.691606137634906748e+00,1.725500737377370086e+00,-1.734345717134904430e-01
4.029088207255607929e-02,2.643311724573763044e+01,2.691035063553326001e+00,1.725088082657182609e+00,-1.733206851362936174e-01
4.033962600710893492e-02,2.640288505388952700e+01,2.690463554575787786e+00,1.724675513800230542e+00,-1.732068296808951247e-01
4.038842891210456254e-02,2.637268910057834859e+01,2.689891610616276907e+00,1.724263030910390571e+00,-1.730930053849463468e-01
4.043729085888547042e-02,2.634252934201539276e+01,2.689319231589254233e+00,1.723850634091664835e+00,-1.729792122861432135e-01
4.048621191888040344e-02,2.631240573446510567e+01,2.688746417409667355e+00,1.723438323448179821e+00,-1.728654504222276178e-01
4.053519216360457894e-02,2.628231823424519575e+01,2.688173167992957691e+00,1.723026099084195240e+00,-1.727517198309890256e-01
4.058423166465974924e-02,2.625226679772557503e+01,2.687599483255036503e+00,1.722613961104091373e+00,-1.726380205502607568e-01
4.063333049373422240e-02,2.622225138132888134e+01,2.687025363112305776e+00,1.722201909612370851e+00,-1.725243526179210396e-01
4.068248872260308430e-02,2.619227194153104321e+01,2.686450807481660874e+00,1.721789944713673748e+00,-1.724107160718971465e-01
4.073170642312826800e-02,2.616232843485962789e+01,2.685875816280470119e+00,1.721378066512754268e+00,-1.722971109501582054e-01
4.078098366725858154e-02,2.613242081789575977e+01,2.685300389426609424e+00,1.720966275114506283e+00,-1.721835372907233597e-01
4.083032052702992992e-02,2.610254904727196745e+01,2.684724526838420555e+00,1.720554570623935353e+00,-1.720699951316534970e-01
4.087971707456538456e-02,2.607271307967414131e+01,2.684148228434758643e+00,1.720142953146189368e+00,-1.719564845110596873e-01
4.092917338207519712e-02,2.604291287184015147e+01,2.683571494134957103e+00,1.719731422786535679e+00,-1.718430054670969098e-01
4.097868952185703545e-02,2.601314838055950318e+01,2.682994323858834740e+00,1.719319979650363095e+00,-1.717295580379648856e-01
4.102826556629602522e-02,2.598341956267511677e+01,2.682416717526721950e+00,1.718908623843202310e+00,-1.716161422619132126e-01
4.107790158786487483e-02,2.595372637508144820e+01,2.681838675059431853e+00,1.718497355470705257e+00,-1.715027581772360921e-01
4.112759765912391702e-02,2.592406877472447846e+01,2.681270222300889738e+00,1.718086174638640884e+00,-1.713894058222713845e-01
4.117735385272132398e-02,2.589444671860318792e+01,2.680705235159989819e+00,1.717675081452923358e+00,-1.712760852354075214e-01
4.122717024139316289e-02,2.586486016376811747e+01,2.680139819782001442e+00,1.717264076019586305e+00,-1.711627964550776204e-01
4.127704689796342363e-02,2.583530906732157462e+01,2.679573976084025588e+00,1.716853158444791472e+00,-1.710495395197605961e-01
4.132698389534427558e-02,2.580579338641770448e+01,2.679007703983634858e+00,1.716442328834828501e+00,-1.709363144679826030e-01
4.137698130653608142e-02,2.577631307826271723e+01,2.678441003398875697e+00,1.716031587296120708e+00,-1.708231213383166469e-01
4.142703920462748046e-02,2.574686810011434090e+01,2.677873874248268393e+00,1.715620933935215087e+00,-1.707099601693822244e-01
4.147715766279556904e-02,2.571745840928188898e+01,2.677306316450802193e+00,1.715210368858789636e+00,-1.705968309998453780e-01
4.152733675430599070e-02,2.568808396312631714e+01,2.676738329925940629e+00,1.714799892173649809e+00,-1.704837338684185855e-01
4.157757655251296397e-02,2.565874471906002796e+01,2.676169914593622856e+00,1.714389503986731178e+00,-1.703706688138614533e-01
4.162787713085951136e-02,2.562944063454720123e+01,2.675601070374266754e+00,1.713979204405100765e+00,-1.702576358749814112e-01
4.167823856287749401e-02,2.560017166710305858e+01,2.675031797188764493e+00,1.713568993535953489e+00,-1.701446350906317129e-01
4.172866092218768808e-02,2.557093777429436443e+01,2.674462094958483416e+00,1.713158871486613499e+00,-1.700316664997131022e-01
4.177914428249999285e-02,2.554173891373892857e+01,2.673891963605270483e+00,1.712748838364532622e+00,-1.699187301411724527e-01
4.182968871761347240e-02,2.551257504310608581e+01,2.673321403051454048e+00,1.712338894277298573e+00,-1.698058260540055986e-01
4.188029430141642501e-02,2.548344612011583976e+01,2.672750413219832311e+00,1.711929039332620750e+00,-1.696929542772528388e-01
4.193096110788659125e-02,2.545435210253998903e+01,2.672178994033702626e+00,1.711519273638349992e+00,-1.695801148500050426e-01
4.198168921109120960e-02,2.542529294820084829e+01,2.671607145416829532e+00,1.711109597302458596e+00,-1.694673078113981546e-01
4.203247868518707880e-02,2.539626861497178112e+01,2.671034867293462067e+00,1.710700010433053198e+00,-1.693545332006158310e-01
4.208332960442075221e-02,2.536727906077692296e+01,2.670462159588330664e+00,1.710290513138366997e+00,-1.692417910568885797e-01
4.213424204312861410e-02,2.533832424359168911e+01,2.669897726164380813e+00,1.709881105526772194e+00,-1.691290814194963410e-01
4.218521607573693516e-02,2.530940412144180840e+01,2.669334553394513421e+00,1.709471787706764445e+00,-1.690164043277641304e-01
4.223625177676205988e-02,2.528051865240412255e+01,2.668770952159463583e+00,1.709062559786975743e+00,-1.689037598210668678e-01
4.228734922081051062e-02,2.525166779460578326e+01,2.668206922373760115e+00,1.708653421876166645e+00,-1.687911479388252145e-01
4.233850848257899452e-02,2.522285150622471406e+01,2.667642463952405230e+00,1.708244374083228712e+00,-1.686785687205083206e-01
4.238972963685463946e-02,2.519406974548937939e+01,2.667077576810872319e+00,1.707835416517188953e+00,-1.685660222056331869e-01
4.244101275851507038e-02,2.516532247067865313e+01,2.666512260865102402e+00,1.707426549287202500e+00,-1.684535084337644983e-01
4.249235792252841620e-02,2.513660964012182220e+01,2.665946516031510338e+00,1.707017772502557706e+00,-1.683410274445142907e-01
4.254376520395358047e-02,2.510793121219868240e+01,2.665380342226985277e+00,1.706609086272676379e+00,-1.682285792775436717e-01
4.259523467794027601e-02,2.507928714533884929e+01,2.664813739368883994e+00,1.706200490707107331e+00,-1.681161639725598234e-01
4.264676641972905274e-02,2.505067739802294113e+01,2.664246707375047318e+00,1.705791985915543041e+00,-1.680037815693206371e-01
4.269836050465155436e-02,2.502210192878127160e+01,2.663679246163788594e+00,1.705383572007800552e+00,-1.678914321076305227e-01
4.275001700813057387e-02,2.499356069619418363e+01,2.663111355653890566e+00,1.704975249093829248e+00,-1.677791156273416850e-01
4.280173600568007442e-02,2.496505365889216677e+01,2.662543035764617372e+00,1.704567017283713959e+00,-1.676668321683550678e-01
4.285351757290543906e-02,2.493658077555589614e+01,2.661974286415714541e+00,1.704158876687672297e+00,-1.675545817706202700e-01
4.290536178550352631e-02,2.490814200491548291e+01,2.661405107527396119e+00,1.703750827416052882e+00,-1.674423644741336314e-01
4.295726871926270479e-02,2.487973730575167863e+01,2.660835499020372197e+00,1.703342869579344221e+00,-1.673301803189428394e-01
4.300923845006310309e-02,2.485136663689417347e+01,2.660265460815816052e+00,1.702935003288161164e+00,-1.672180293451405730e-01
4.306127105387662357e-02,2.482302995722307060e+01,2.659694992835393457e+00,1.702527228653255564e+00,-1.671059115928706373e-01
4.311336660676705346e-02,2.479472722566804421e+01,2.659123429226693869e+00,1.702119545785517607e+00,-1.669938271023249099e-01
4.316552518489023826e-02,2.476645840120794873e+01,2.658550521363398200e+00,1.701711954795961379e+00,-1.668817759137422585e-01
4.321774686449416508e-02,2.473822344287168917e+01,2.657977182636405811e+00,1.701304455795744630e+00,-1.667697580674120938e-01
4.327003172191901115e-02,2.471002230973747160e+01,2.657403412970013701e+00,1.700897048896153896e+00,-1.666577736036715107e-01
4.332237983359735201e-02,2.468185496093309084e+01,2.656829212289010922e+00,1.700489734208615156e+00,-1.665458225629075084e-01
4.337479127605425172e-02,2.465372135563550771e+01,2.656254580518672359e+00,1.700082511844685174e+00,-1.664339049855544650e-01
4.342726612590728369e-02,2.462562145307127537e+01,2.655679517584767613e+00,1.699675381916058159e+00,-1.663220209120971349e-01
4.347980445986678044e-02,2.459755521251601351e+01,2.655104023413552561e+00,1.699268344534562658e+00,-1.662101703830682897e-01
4.353240635473586834e-02,2.456952259329442256e+01,2.654528097931773356e+00,1.698861399812158002e+00,-1.660983534390491900e-01
4.358507188741053695e-02,2.454152355478066383e+01,2.653951741066674863e+00,1.698454547860945629e+00,-1.659865701206714728e-01
4.363780113487986806e-02,2.451355805639818897e+01,2.653374952746001547e+00,1.698047788793165314e+00,-1.658748204686169292e-01
4.369059417422607727e-02,2.448562605761862798e+01,2.652797732897971272e+00,1.697641122721179174e+00,-1.657631045236127865e-01
4.374345108262457649e-02,2.445772751796337730e+01,2.652220081451315270e+00,1.697234549757498545e+00,-1.656514223264390628e-01
4.379637193734420286e-02,2.442986239700257656e+01,2.651641998335257711e+00,1.696828070014765544e+00,-1.655397739179241545e-01
4.384935681574728128e-02,2.440203065435498786e+01,2.651063483479517924e+00,1.696421683605758401e+00,-1.654281593389451965e-01
4.390240579528965903e-02,2.437423224968833324e+01,2.650484536814309511e+00,1.696015390643392351e+00,-1.653165786304291729e-01
4.395551895352096256e-02,2.434646714271896428e+01,2.649905158270350558e+00,1.695609191240718738e+00,-1.652050318333525003e-01
4.400869636808462521e-02,2.431873529321197225e+01,2.649325347778853867e+00,1.695203085510925023e+00,-1.650935189887409726e-01
4.406193811671796356e-02,2.429103666098116321e+01,2.648745105271538502e+00,1.694797073567338552e+00,-1.649820401376708434e-01
4.411524427725238562e-02,2.426337120588889462e+01,2.648172179521531611e+00,1.694391155523422787e+00,-1.648705953212677711e-01
4.416861492761347402e-02,2.423573888784574137e+01,2.647608258910312706e+00,1.693985331492774637e+00,-1.647591845807061528e-01
4.422205014582102772e-02,2.420813966681107487e+01,2.647043907785858519e+00,1.693579601589134231e+00,-1.646478079572115116e-01
4.427555000998928403e-02,2.418057350279238449e+01,2.646479126061865195e+00,1.693173965926375368e+00,-1.645364654920583314e-01
4.432911459832698797e-02,2.415304035584581044e+01,2.645913913652515159e+00,1.692768424618511069e+00,-1.644251572265721106e-01
4.438274398913743396e-02,2.412554018607528761e+01,2.645348270472462904e+00,1.692362977779691580e+00,-1.643138832021267814e-01
4.443643826081872250e-02,2.409807295363329160e+01,2.644782196436847421e+00,1.691957625524204589e+00,-1.642026434601473739e-01
4.449019749186378797e-02,2.407063861872044441e+01,2.644215691461289541e+00,1.691552367966478787e+00,-1.640914380421091556e-01
4.454402176086047493e-02,2.404323714158541492e+01,2.643648755461892375e+00,1.691147205221080307e+00,-1.639802669895373266e-01
4.459791114649175325e-02,2.401586848252461692e+01,2.643081388355235095e+00,1.690742137402708734e+00,-1.638691303440062974e-01
4.465186572753578748e-02,2.398853260188292680e+01,2.642513590058390704e+00,1.690337164626210420e+00,-1.637580281471425758e-01
4.470588558286599234e-02,2.396122946005275622e+01,2.641945360488909600e+00,1.689932287006565614e+00,-1.636469604406215195e-01
4.475997079145125485e-02,2.393395901747486221e+01,2.641376699564840003e+00,1.689527504658899337e+00,-1.635359272661711383e-01
4.481412143235601747e-02,2.390672123463720666e+01,2.640807607204699092e+00,1.689122817698467616e+00,-1.634249286655669875e-01
4.486833758474029210e-02,2.387951607207565630e+01,2.640238083327500984e+00,1.688718226240668807e+00,-1.633139646806363587e-01
4.492261932785992368e-02,2.385234349037404655e+01,2.639668127852750956e+00,1.688313730401043822e+00,-1.632030353532577527e-01
4.497696674106665266e-02,2.382520345016380858e+01,2.639097740700443229e+00,1.687909330295275900e+00,-1.630921407253609345e-01
4.503137990380814970e-02,2.379809591212331199e+01,2.638526921791047641e+00,1.687505026039174183e+00,-1.629812808389229928e-01
4.508585889562825855e-02,2.377102083697943868e+01,2.637955671045550954e+00,1.687100817748706794e+00,-1.628704557359763605e-01
4.514040379616707233e-02,2.374397818550577810e+01,2.637400449517384171e+00,1.686696705539969532e+00,-1.627596654586012659e-01
4.519501468516094744e-02,2.371696791852342656e+01,2.636846520108554692e+00,1.686292689529200306e+00,-1.626489100489292294e-01
4.524969164244278808e-02,2.368998999690131413e+01,2.636292169203002356e+00,1.685888769832784684e+00,-1.625381895491445627e-01
4.530443474794206699e-02,2.366304438155476220e+01,2.635737396715708503e+00,1.685484946567235243e+00,-1.624275040014791782e-01
4.535924408168489491e-02,2.363613103344738064e+01,2.635182202562134091e+00,1.685081219849223322e+00,-1.623168534482204994e-01
4.541411972379427037e-02,2.360924991358904279e+01,2.634626586658175285e+00,1.684677589795545716e+00,-1.622062379317029401e-01
4.546906175449011434e-02,2.358240098303737753e+01,2.634070548920206978e+00,1.684274056523151541e+00,-1.620956574943154815e-01
4.552407025408933272e-02,2.355558420289649746e+01,2.633514089265051261e+00,1.683870620149123143e+00,-1.619851121784954551e-01
4.557914530300608003e-02,2.352879953431804694e+01,2.632957207610000516e+00,1.683467280790689857e+00,-1.618746020267337327e-01
4.563428698175177323e-02,2.350204693850038851e+01,2.632399903872807201e+00,1.683064038565223131e+00,-1.617641270815722565e-01
4.568949537093518892e-02,2.347532637668852118e+01,2.631842177971678520e+00,1.682660893590229412e+00,-1.616536873856026235e-01
4.574477055126266456e-02,2.344863781017473059e+01,2.631284029825298632e+00,1.682257845983367250e+00,-1.615432829814705262e-01
4.580011260353820945e-02,2.342198120029804542e+01,2.630725459352812212e+00,1.681854895862433974e+00,-1.614329139118725331e-01
4.585552160866348398e-02,2.339535650844347714e+01,2.630166466473816467e+00,1.681452043345360359e+00,-1.613225802195543956e-01
4.591099764763811875e-02,2.336876369604364712e+01,2.629607051108394433e+00,1.681049288550234388e+00,-1.612122819473171542e-01
4.596654080155973543e-02,2.334220272457728029e+01,2.629047213177084341e+00,1.680646631595278606e+00,-1.611020191380115318e-01
4.602215115162398840e-02,2.331567355556963861e+01,2.628486952600894710e+00,1.680244072598857219e+00,-1.609917918345403209e-01
4.607782877912482838e-02,2.328917615059269508e+01,2.627926269301306128e+00,1.679841611679484314e+00,-1.608816000798590218e-01
4.613357376545457883e-02,2.326271047126478564e+01,2.627360494358607745e+00,1.679439248955812980e+00,-1.607714439169747322e-01
4.618938619210394281e-02,2.323627647925044926e+01,2.626792875261520166e+00,1.679036984546638633e+00,-1.606613233889457870e-01
4.624526614066227365e-02,2.320987413626063045e+01,2.626224828019922075e+00,1.678634818570901910e+00,-1.605512385388831176e-01
4.630121369281765820e-02,2.318350340405283205e+01,2.625656352557308004e+00,1.678232751147689550e+00,-1.604411894099509184e-01
4.635722893035690989e-02,2.315716424443044374e+01,2.625087448797658318e+00,1.677830782396233067e+00,-1.603311760453647594e-01
4.641331193516588793e-02,2.313085661924299075e+01,2.624518116665437439e+00,1.677428912435900088e+00,-1.602211984883912532e-01
4.646946278922948342e-02,2.310458049038608763e+01,2.623948356085600508e+00,1.677027141386210118e+00,-1.601112567823505806e-01
4.652568157463173731e-02,2.307833581980177584e+01,2.623378166983601378e+00,1.676625469366826993e+00,-1.600013509706162129e-01
4.658196837355604164e-02,2.305212256947752536e+01,2.622807549285369522e+00,1.676223896497554655e+00,-1.598914810966118871e-01
4.663832326828521585e-02,2.302594070144718330e+01,2.622236502917338452e+00,1.675822422898346709e+00,-1.597816472038158242e-01
4.669474634120157619e-02,2.299979017779021717e+01,2.621665027806427517e+00,1.675421048689299086e+00,-1.596718493357577595e-01
4.675123767478714387e-02,2.297367096063220515e+01,2.621093123880054776e+00,1.675019773990657379e+00,-1.595620875360212743e-01
4.680779735162374916e-02,2.294758301214403318e+01,2.620520791066125010e+00,1.674618598922805957e+00,-1.594523618482407701e-01
4.686442545439305912e-02,2.292152629454277957e+01,2.619948029293045266e+00,1.674217523606280400e+00,-1.593426723161054659e-01
4.692112206587682743e-02,2.289550077009083395e+01,2.619374838489713309e+00,1.673816548161759066e+00,-1.592330189833559839e-01
4.697788726895696376e-02,2.286950640109627741e+01,2.618801218585525614e+00,1.673415672710065749e+00,-1.591234018937861816e-01
4.703472114661558234e-02,2.284354314991272261e+01,2.618227169510375152e+00,1.673014897372171461e+00,-1.590138210912429295e-01
4.709162378193524484e-02,2.281761097893944523e+01,2.617652753458070247e+00,1.672614222269197315e+00,-1.589042766196269441e-01
4.714859525809905055e-02,2.279170985062105359e+01,2.617081309264538191e+00,1.672213647522406976e+00,-1.587947685228914829e-01
4.720563565839063641e-02,2.276583972744724349e+01,2.616509437116714576e+00,1.671813173253207108e+00,-1.586852968450417900e-01
4.726274506619448229e-02,2.274000057195352298e+01,2.615937136944078922e+00,1.671412799583159581e+00,-1.585758616301385093e-01
4.731992356499595265e-02,2.271419234672028509e+01,2.615364408676596586e+00,1.671012526633967710e+00,-1.584664629222937160e-01
4.737717123838132427e-02,2.268841501437363206e+01,2.614791252244741848e+00,1.670612354527486687e+00,-1.583571007656751350e-01
4.743448817003807771e-02,2.266266853758417454e+01,2.614217667579470383e+00,1.670212283385712926e+00,-1.582477752045012565e-01
4.749187444375493200e-02,2.263695287906782738e+01,2.613643654612239686e+00,1.669812313330791609e+00,-1.581384862830446103e-01
4.754933014342192094e-02,2.261126800158609740e+01,2.613069213275019731e+00,1.669412444485023128e+00,-1.580292340456337929e-01
4.760685535303061516e-02,2.258561386794490389e+01,2.612494343500266769e+00,1.669012676970849096e+00,-1.579200185366484432e-01
4.766445015667421237e-02,2.255999044099506534e+01,2.611919045220935320e+00,1.668613010910856786e+00,-1.578108398005219071e-01
4.772211463854757196e-02,2.253439768363261919e+01,2.611343318370489719e+00,1.668213446427787572e+00,-1.577016978817423754e-01
4.777984888294749266e-02,2.250883555879839548e+01,2.610767162882897896e+00,1.667813983644530262e+00,-1.575925928248519403e-01
4.783765297427273328e-02,2.248330402947794582e+01,2.610190578692622942e+00,1.667414622684121772e+00,-1.574835246744461514e-01
4.789552699702410987e-02,2.245780305870131599e+01,2.609613565734632878e+00,1.667015363669744454e+00,-1.573744934751736546e-01
4.795347103580471781e-02,2.243233260954358244e+01,2.609036123944408203e+00,1.666616206724735205e+00,-1.572654992717387179e-01
4.801148517532003585e-02,2.240689264512422341e+01,2.608458253257927684e+00,1.666217151972575250e+00,-1.571565421088984282e-01
4.806956950037791915e-02,2.238148312860753464e+01,2.607879953611682122e+00,1.665818199536902799e+00,-1.570476220314654670e-01
4.812772409588889772e-02,2.235610402320193657e+01,2.607306194293276036e+00,1.665419349541495508e+00,-1.569387390843049457e-01
4.818594904686625269e-02,2.233075529216045751e+01,2.606734782033449882e+00,1.665020602110285575e+00,-1.568298933123367378e-01
4.824424443842600246e-02,2.230543689878075497e+01,2.606162941937735678e+00,1.664621957367357297e+00,-1.567210847605363111e-01
4.830261035578724965e-02,2.228014880640470352e+01,2.605590673936174273e+00,1.664223415436945297e+00,-1.566123134739328404e-01
4.836104688427216719e-02,2.225489097841812125e+01,2.605017977959295461e+00,1.663824976443425863e+00,-1.565035794976084305e-01
4.841955410930609549e-02,2.222966337825163308e+01,2.604444853938141069e+00,1.663426640511337151e+00,-1.563948828767023624e-01
4.847813211641778530e-02,2.220446596937961914e+01,2.603871301804241423e+00,1.663028407765359873e+00,-1.562862236564061813e-01
4.853678099123946016e-02,2.217929871532096442e+01,2.603297321489635774e+00,1.662630278330332612e+00,-1.561776018819684142e-01
4.859550081950687189e-02,2.215416157963832333e+01,2.602722912926856758e+00,1.662232252331237614e+00,-1.560690175986903239e-01
4.865429168705957819e-02,2.212905452593847855e+01,2.602148076048941050e+00,1.661834329893213225e+00,-1.559604708519287397e-01
4.871315367984096339e-02,2.210397751787206744e+01,2.601572810789424040e+00,1.661436511141543004e+00,-1.558519616870946700e-01
4.877208688389832875e-02,2.207893051913414340e+01,2.600997117082356702e+00,1.661038796201676382e+00,-1.557434901496564938e-01
4.883109138538314908e-02,2.205391349346295016e+01,2.600420994862278512e+00,1.660641185199195569e+00,-1.556350562851342989e-01
4.889016727055111450e-02,2.202892640464105511e+01,2.599844444064248528e+00,1.660243678259849753e+00,-1.555266601391058212e-01
4.894931462576221359e-02,2.200396921649470272e+01,2.599267464623823631e+00,1.659846275509536007e+00,-1.554183017572031700e-01
4.900853353748095553e-02,2.197904189289342014e+01,2.598690056477061194e+00,1.659448977074295284e+00,-1.553099811851119116e-01
4.906782409227649494e-02,2.195414439775076332e+01,2.598112219560535952e+00,1.659051783080330633e+00,-1.552016984685748724e-01
4.912718637682260414e-02,2.192927669502416421e+01,2.597528526579296226e+00,1.658654693653999868e+00,-1.550934536533908614e-01
4.918662047789801317e-02,2.190443874871405683e+01,2.596941114732944200e+00,1.658257708921804463e+00,-1.549852467854119231e-01
4.924612648238642365e-02,2.187963052286454868e+01,2.596353268221662347e+00,1.657860829010402881e+00,-1.548770779105465012e-01
4.930570447727659206e-02,2.185485198156340658e+01,2.595764986987028067e+00,1.657464054046609681e+00,-1.547689470747592444e-01
4.936535454966256564e-02,2.183010308894169782e+01,2.595176270971144117e+00,1.657067384157392409e+00,-1.546608543240701739e-01
4.942507678674377264e-02,2.180538380917343488e+01,2.594587120116636836e+00,1.656670819469864275e+00,-1.545527997045531565e-01
4.948487127582505696e-02,2.178069410647664128e+01,2.593997534366686342e+00,1.656274360111303467e+00,-1.544447832623409012e-01
4.954473810431695574e-02,2.175603394511201216e+01,2.593407513664987007e+00,1.655878006209135611e+00,-1.543368050436196570e-01
4.960467735973576875e-02,2.173140328938371724e+01,2.592817057955779436e+00,1.655481757890943317e+00,-1.542288650946327666e-01
4.966468912970357918e-02,2.170680210363878615e+01,2.592226167183831809e+00,1.655085615284458411e+00,-1.541209634616779733e-01
4.972477350194855900e-02,2.168223035226752415e+01,2.591634841294452762e+00,1.654689578517572590e+00,-1.540131001911103359e-01
4.978493056430501745e-02,2.165768799970335579e+01,2.591043080233490947e+00,1.654293647718332094e+00,-1.539052753293413123e-01
4.984516040471344278e-02,2.163317501042258684e+01,2.590450883947329697e+00,1.653897823014937041e+00,-1.537974889228378161e-01
4.990546311122080053e-02,2.160869134894424448e+01,2.589858252382889248e+00,1.653502104535740314e+00,-1.536897410181223278e-01
4.996583877198056134e-02,2.158423697983037925e+01,2.589265185487632515e+00,1.653106492409250894e+00,-1.535820316617744485e-01
5.000000000000000278e-02,2.157042645471087283e+01,2.588929746321898318e+00,1.652882909421597546e+00,-1.535211632065386633e-01
5.002628747525277725e-02,2.155981186768620717e+01,2.588671683209567753e+00,1.652710986764138967e+00,-1.534743609004309839e-01
5.008680930940435233e-02,2.153541597715909717e+01,2.588077745497238347e+00,1.652315587729221047e+00,-1.533667287807831126e-01
5.014740436290909820e-02,2.151104927293960145e+01,2.587522083540261697e+00,1.651920295433477293e+00,-1.532591353495802444e-01
5.020807272434777563e-02,2.148671171976061700e+01,2.586968156789778206e+00,1.651525110006038188e+00,-1.531515806536271618e-01
5.026881448240840683e-02,2.146240328239792916e+01,2.586413812673498125e+00,1.651130031576194979e+00,-1.530440647397861009e-01
5.032962972588628930e-02,2.143812392566979241e+01,2.585859051115789509e+00,1.650735060273393673e+00,-1.529365876549759196e-01
5.039051854368407218e-02,2.141387361443680248e+01,2.585303872041486262e+00,1.650340196227234379e+00,-1.528291494461712641e-01
5.045148102481204766e-02,2.138965231360246833e+01,2.584748275375898796e+00,1.649945439567481964e+00,-1.527217501604059002e-01
5.051251725838817874e-02,2.136545998811191183e+01,2.584192261044791383e+00,1.649550790424043401e+00,-1.526143898447666070e-01
5.057362733363818252e-02,2.134129660295356246e+01,2.583635828974415904e+00,1.649156248927000190e+00,-1.525070685464013920e-01
5.063481133989577304e-02,2.131716212315744130e+01,2.583078979091481653e+00,1.648761815206579051e+00,-1.523997863125126639e-01
5.069606936660276536e-02,2.129305651379617359e+01,2.582521711323178870e+00,1.648367489393168128e+00,-1.522925431903605353e-01
5.075740150330909639e-02,2.126897973998449842e+01,2.581964025597165868e+00,1.647973271617315660e+00,-1.521853392272629335e-01
5.081880783967310938e-02,2.124493176687926166e+01,2.581405921841573026e+00,1.647579162009724429e+00,-1.520781744705941019e-01
5.088028846546162332e-02,2.122091255967940171e+01,2.580847399985005008e+00,1.647185160701254425e+00,-1.519710489677857101e-01
5.094184347054998840e-02,2.119692208362603125e+01,2.580288459956548763e+00,1.646791267822928617e+00,-1.518639627663275760e-01
5.100347294492234285e-02,2.117296030400232709e+01,2.579729101685761083e+00,1.646397483505927406e+00,-1.517569159137670542e-01
5.106517697867170302e-02,2.114902718613291199e+01,2.579169325102668164e+00,1.646003807881581515e+00,-1.516499084577066780e-01
5.112695566200000513e-02,2.112512269538498089e+01,2.578596933988844153e+00,1.645610241081394198e+00,-1.515429404458099594e-01
5.118880908521836887e-02,2.110124679716728480e+01,2.578016027290372936e+00,1.645216783237019476e+00,-1.514360119257962822e-01
5.125073733874720150e-02,2.107739945693019479e+01,2.577434689751860741e+00,1.644823434480270130e+00,-1.513291229454424569e-01
5.131274051311619788e-02,2.105358064016606079e+01,2.576852921313326217e+00,1.644430194943121926e+00,-1.512222735525838024e-01
5.137481869896466657e-02,2.102979031240879593e+01,2.576270721915304041e+00,1.644037064757706945e+00,-1.511154637951126756e-01
5.143697198704154372e-02,2.100602843923416785e+01,2.575688091498864907e+00,1.643644044056321585e+00,-1.510086937209810520e-01
5.149920046820557346e-02,2.098229498625935463e+01,2.575105030005594209e+00,1.643251132971419448e+00,-1.509019633781975012e-01
5.156150423342535649e-02,2.095858991914315794e+01,2.574521537377605807e+00,1.642858331635614011e+00,-1.507952728148291011e-01
5.162388337377961378e-02,2.093491320358575081e+01,2.573937613557539805e+00,1.642465640181678843e+00,-1.506886220790006337e-01
5.168633798045725591e-02,2.091126480532878062e+01,2.573353258488563000e+00,1.642073058742548941e+00,-1.505820112188953341e-01
5.174886814475743169e-02,2.088764469015553971e+01,2.572768472114374205e+00,1.641680587451321616e+00,-1.504754402827554738e-01
5.181147395808983341e-02,2.086405282389050342e+01,2.572183254379204254e+00,1.641288226441255382e+00,-1.503689093188813330e-01
5.187415551197473162e-02,2.084048917239923426e+01,2.571597605227801786e+00,1.640895975845765520e+00,-1.502624183756305354e-01
5.193691289804304445e-02,2.081695370158881886e+01,2.571011524605458565e+00,1.640503835798431842e+00,-1.501559675014203510e-01
5.199974620803662212e-02,2.079344637740748425e+01,2.570425012457993041e+00,1.640111806432998254e+00,-1.500495567447267531e-01
5.206265553380829553e-02,2.076996716584443803e+01,2.569838068731755687e+00,1.639719887883363647e+00,-1.499431861540830024e-01
5.212564096732195257e-02,2.074651603293023427e+01,2.569258045279501967e+00,1.639328080283595668e+00,-1.498368557780829502e-01
5.218870260065282263e-02,2.072309294473627261e+01,2.568683093958092023e+00,1.638936383767921168e+00,-1.497305656653775408e-01
5.225184052598750434e-02,2.069969786737514994e+01,2.568107716182151279e+00,1.638544798470730646e+00,-1.496243158646781146e-01
5.231505483562406966e-02,2.067633076700017725e+01,2.567531911891028251e+00,1.638153324526575139e+00,-1.495181064247537162e-01
5.237834562197231369e-02,2.065299160980582371e+01,2.566955681024584823e+00,1.637761962070171773e+00,-1.494119373944334528e-01
5.244171297755384487e-02,2.062968036202701327e+01,2.566379023523188252e+00,1.637370711236393550e+00,-1.493058088226036362e-01
5.250515699500211964e-02,2.060639698993991331e+01,2.565801939327731152e+00,1.636979572160285779e+00,-1.491997207582117513e-01
5.256867776706272699e-02,2.058314145986122412e+01,2.565224428379618615e+00,1.636588544977053417e+00,-1.490936732502640694e-01
5.263227538659347865e-02,2.055991373814831391e+01,2.564646490620766883e+00,1.636197629822061517e+00,-1.489876663478252872e-01
5.269594994656443682e-02,2.053671379119919749e+01,2.564068125993608227e+00,1.635806826830842775e+00,-1.488817001000195817e-01
5.275970154005822643e-02,2.051354158545267836e+01,2.563489334441100720e+00,1.635416136139094201e+00,-1.487757745560317202e-01
5.282353026027006987e-02,2.049039708738797927e+01,2.562910115906713582e+00,1.635025557882676006e+00,-1.486698897651052287e-01
5.288743620050787714e-02,2.046728026352472440e+01,2.562330470334436949e+00,1.634635092197611383e+00,-1.485640457765424471e-01
5.295141945419250956e-02,2.044419108042319877e+01,2.561750397668779655e+00,1.634244739220088949e+00,-1.484582426397067778e-01
5.301548011485783529e-02,2.042112950468398935e+01,2.561169897854776778e+00,1.633854499086464074e+00,-1.483524804040205480e-01
5.307961827615083339e-02,2.039809550294794604e+01,2.560588970837978096e+00,1.633464371933253112e+00,-1.482467591189655931e-01
5.314383403183182975e-02,2.037508904189648007e+01,2.560019179601379591e+00,1.633074357897141171e+00,-1.481410788340845608e-01
5.320812747577459423e-02,2.035211008825101686e+01,2.559451044449416734e+00,1.632684457114977450e+00,-1.480354395989790239e-01
5.327249870196638232e-02,2.032915860877330871e+01,2.558882486552398916e+00,1.632294669723775904e+00,-1.479298414633112291e-01
5.333694780450822653e-02,2.030623457026526779e+01,2.558313505847010116e+00,1.631904995860718355e+00,-1.478242844768034026e-01
5.340147487761501971e-02,2.028333793956890929e+01,2.557744102270434805e+00,1.631515435663149383e+00,-1.477187686892376395e-01
5.346608001561554274e-02,2.026046868356634789e+01,2.557174275760360604e+00,1.631125989268583432e+00,-1.476132941504566809e-01
5.353076331295278378e-02,2.023762676917960945e+01,2.556604026254977846e+00,1.630736656814698371e+00,-1.475078609103632199e-01
5.359552486418397987e-02,2.021481216337074116e+01,2.556033353692980903e+00,1.630347438439338825e+00,-1.474024690189200404e-01
5.366036476398068633e-02,2.019202483314175822e+01,2.555462258013570853e+00,1.629958334280518395e+00,-1.472971185261510718e-01
5.372528310712908206e-02,2.016926474553463677e+01,2.554890739156455037e+00,1.629569344476417880e+00,-1.471918094821410006e-01
5.379027998853000425e-02,2.014653186763093728e+01,2.554318797061846613e+00,1.629180469165380174e+00,-1.470865419370339100e-01
5.385535550319903164e-02,2.012382616655206746e+01,2.553746431670461448e+00,1.628791708485920919e+00,-1.469813159410351122e-01
5.392050974626676207e-02,2.010114760945944568e+01,2.553173642923534103e+00,1.628403062576723404e+00,-1.468761315444116755e-01
5.398574281297888883e-02,2.007849616355366607e+01,2.552600430762797856e+00,1.628014531576632340e+00,-1.467709887974892324e-01
5.405105479869626306e-02,2.005587179607532278e+01,2.552026795130502901e+00,1.627626115624666969e+00,-1.466658877506563097e-01
5.411644579889515749e-02,2.003327447430450192e+01,2.551451774461476418e+00,1.627237814860012177e+00,-1.465608284543613582e-01
5.418191590916738437e-02,2.001070416556097342e+01,2.550874981929180496e+00,1.626849629422024712e+00,-1.464558109591151125e-01
5.424746522522029546e-02,1.998816083720361902e+01,2.550297763899349146e+00,1.626461559450222305e+00,-1.463508353154873709e-01
5.431309384287712899e-02,1.996564445663116061e+01,2.549720120316340211e+00,1.626073605084299212e+00,-1.462459015741109647e-01
5.437880185807704436e-02,1.994315499128151359e+01,2.549142051125024455e+00,1.625685766464114446e+00,-1.461410097856792878e-01
5.444458936687517070e-02,1.992069240863189350e+01,2.548563556270790009e+00,1.625298043729697106e+00,-1.460361600009464633e-01
5.451045646544295381e-02,1.989825667619886573e+01,2.547984635699548139e+00,1.624910437021244380e+00,-1.459313522707286481e-01
5.457640325006817006e-02,1.987584776153851962e+01,2.547405289357739910e+00,1.624522946479128649e+00,-1.458265866459045879e-01
5.464242981715500269e-02,1.985346563224554828e+01,2.546825517192311761e+00,1.624135572243882830e+00,-1.457218631774116480e-01
5.470853626322436103e-02,1.983111025595447785e+01,2.546245319150750586e+00,1.623748314456220143e+00,-1.456171819162521419e-01
5.477472268491391516e-02,1.980878160033840629e+01,2.545664695181056203e+00,1.623361173257015899e+00,-1.455125429134876691e-01
5.484098917897815145e-02,1.978647963310976721e+01,2.545083645231757341e+00,1.622974148787319271e+00,-1.454079462202425010e-01
5.490733584228872644e-02,1.976420432202002431e+01,2.544502169251912083e+00,1.622587241188350848e+00,-1.453033918877032760e-01
5.497376277183445986e-02,1.974195563485935168e+01,2.543920267191096318e+00,1.622200450601498201e+00,-1.451988799671170838e-01
5.504027006472144573e-02,1.971973353945712049e+01,2.543337938999421066e+00,1.621813777168324311e+00,-1.450944105097944636e-01
5.510685781817332290e-02,1.969753800368156860e+01,2.542759281565878382e+00,1.621427221030563137e+00,-1.449899835671077108e-01
5.517352612953137225e-02,1.967536899543951989e+01,2.542191387122050727e+00,1.621040782330116725e+00,-1.448855991904906271e-01
5.524027509625453747e-02,1.965322648267682482e+01,2.541623070874875268e+00,1.620654461209062314e+00,-1.447812574314399914e-01
5.530710481591975813e-02,1.963111043337799444e+01,2.541054332763166723e+00,1.620268257809647006e+00,-1.446769583415146720e-01
5.537401538622202524e-02,1.960902081556611520e+01,2.540485172726247409e+00,1.619882172274291099e+00,-1.445727019723354878e-01
5.544100690497443668e-02,1.958695759730289154e+01,2.539915590703942350e+00,1.619496204745582757e+00,-1.444684883755855132e-01
5.550807947010849563e-02,1.956492074668908643e+01,2.539345586636595709e+00,1.619110355366293552e+00,-1.443643176030125486e-01
5.557523317967420773e-02,1.954291023186326726e+01,2.538775160465041925e+00,1.618724624279354263e+00,-1.442601897064235139e-01
5.564246813184008794e-02,1.952092602100303509e+01,2.538204312130632800e+00,1.618339011627878188e+00,-1.441561047376905547e-01
5.570978442489352839e-02,1.949896808232442069e+01,2.537633041575233950e+00,1.617953517555149157e+00,-1.440520627487482386e-01
5.577718215724079831e-02,1.947703638408146531e+01,2.537061348741209255e+00,1.617568142204620862e+00,-1.439480637915925842e-01
5.584466142740716205e-02,1.945513089456693834e+01,2.536489233571439517e+00,1.617182885719925522e+00,-1.438441079182839755e-01
5.591222233403714964e-02,1.943325158211185411e+01,2.535916696009322013e+00,1.616797748244866773e+00,-1.437401951809452461e-01
5.597986497589463317e-02,1.941139841508550390e+01,2.535343735998762504e+00,1.616412729923423885e+00,-1.436363256317627346e-01
5.604758945186288921e-02,1.938957136189521080e+01,2.534770353484176120e+00,1.616027830899745776e+00,-1.435324993229846746e-01
5.611539586094489718e-02,1.936777039098673114e+01,2.534199124441334217e+00,1.615643051318162327e+00,-1.434287163069239979e-01
5.618328430226342957e-02,1.934599547084376781e+01,2.533631468331632330e+00,1.615258391323172615e+00,-1.433249766359559196e-01
5.625125487506107275e-02,1.932424656998818691e+01,2.533063391773866968e+00,1.614873851059452914e+00,-1.432212803625194653e-01
5.631930767870056698e-02,1.930252365697993255e+01,2.532494894709127031e+00,1.614489430671855352e+00,-1.431176275391171371e-01
5.638744281266487579e-02,1.928082670041683500e+01,2.531925977079005463e+00,1.614105130305405922e+00,-1.430140182183148034e-01
5.645566037655721375e-02,1.925915566893466035e+01,2.531356638825600136e+00,1.613720950105304919e+00,-1.429104524527415876e-01
5.652396047010139341e-02,1.923751053120719590e+01,2.530786879891522290e+00,1.613336890216929831e+00,-1.428069302950908115e-01
5.659234319314185996e-02,1.921589125594596226e+01,2.530216700219883208e+00,1.612952950785833561e+00,-1.427034517981193851e-01
5.666080864564378150e-02,1.919429781190043727e+01,2.529646099754312871e+00,1.612569131957747981e+00,-1.426000170146483059e-01
5.672935692769334043e-02,1.917273016785768647e+01,2.529075078438941748e+00,1.612185433878576157e+00,-1.424966259975619376e-01
5.679798813949780284e-02,1.915118829264251588e+01,2.528503636218414119e+00,1.611801856694401236e+00,-1.423932787998086757e-01
5.686670238138557404e-02,1.912967215511753949e+01,2.527931773037888075e+00,1.611418400551480890e+00,-1.422899754744013368e-01
5.693549975380653855e-02,1.910818172418290217e+01,2.527359488843033297e+00,1.611035065596253313e+00,-1.421867160744170189e-01
5.700438035733209480e-02,1.908671696877627255e+01,2.526786783580029283e+00,1.610651851975328785e+00,-1.420835006529962141e-01
5.707334429265523146e-02,1.906527785787307394e+01,2.526213657195576445e+00,1.610268759835501440e+00,-1.419803292633450287e-01
5.714239166059083275e-02,1.904386436048582354e+01,2.525644264355075386e+00,1.609885789323733274e+00,-1.418772019587321020e-01
5.721152256207575476e-02,1.902247644566472218e+01,2.525075629921275322e+00,1.609502940587172137e+00,-1.417741187924914936e-01
5.728073709816888098e-02,1.900111408249764366e+01,2.524506574892130484e+00,1.609120213773146624e+00,-1.416710798180232100e-01
5.735003537005144147e-02,1.897977724010937450e+01,2.523937099210562973e+00,1.608737609029154303e+00,-1.415680850887895970e-01
5.741941747902708226e-02,1.895846588766208640e+01,2.523367202820003818e+00,1.608355126502874821e+00,-1.414651346583183089e-01
5.748888352652191391e-02,1.893717999435541444e+01,2.522796885664405409e+00,1.607972766342169679e+00,-1.413622285802025036e-01
5.755843361408483072e-02,1.891591952942593124e+01,2.522226147688219733e+00,1.607590528695074461e+00,-1.412593669080990100e-01
5.762806784338758703e-02,1.889468446214772968e+01,2.521654988836424582e+00,1.607208413709808603e+00,-1.411565496957310484e-01
5.769778631622486664e-02,1.887347476183181527e+01,2.521083409054504454e+00,1.606826421534768290e+00,-1.410537769968860378e-01
5.776758913451457422e-02,1.885229039782612048e+01,2.520511408288453659e+00,1.606444552318526453e+00,-1.409510488654154570e-01
5.783747640029791859e-02,1.883113133951599139e+01,2.519938986484793197e+00,1.606062806209841209e+00,-1.408483653552378423e-01
5.790744821573946821e-02,1.880999755632360149e+01,2.519366143590557439e+00,1.605681183357650088e+00,-1.407457265203364283e-01
5.797750468312749123e-02,1.878888901770786646e+01,2.518792879553290120e+00,1.605299683911063813e+00,-1.406431324147582318e-01
5.804764590487399706e-02,1.876780569316488823e+01,2.518219194321060783e+00,1.604918308019382289e+00,-1.405405830926175492e-01
5.811787198351479194e-02,1.874674755222755707e+01,2.517648375609804035e+00,1.604537055832081505e+00,-1.404380786080932919e-01
5.818818302170983281e-02,1.872571456446542726e+01,2.517081685614904529e+00,1.604155927498818190e+00,-1.403356190154298466e-01
5.825857912224328278e-02,1.870470669948510789e+01,2.516514575552234678e+00,1.603774923169432931e+00,-1.402332043689378527e-01
5.832906038802353893e-02,1.868372392692961270e+01,2.515947045363262635e+00,1.603394042993943058e+00,-1.401308347229926754e-01
5.839962692208360701e-02,1.866276621647886458e+01,2.515379094989970810e+00,1.603013287122552644e+00,-1.400285101320363490e-01
5.847027882758113609e-02,1.864183353784939712e+01,2.514810724374853201e+00,1.602632655705643616e+00,-1.399262306505765774e-01
5.854101620779848109e-02,1.862092586079420187e+01,2.514241933460905187e+00,1.602252148893781092e+00,-1.398239963331864011e-01
5.861183916614304962e-02,1.860004315510292727e+01,2.513672722191641284e+00,1.601871766837712485e+00,-1.397218072345056405e-01
5.868274780614733677e-02,1.857918539060169749e+01,2.513103090511085380e+00,1.601491509688366399e+00,-1.396196634092396471e-01
5.875374223146900832e-02,1.855835253715322963e+01,2.512533038363777838e+00,1.601111377596858176e+00,-1.395175649121609129e-01
5.882482254589122689e-02,1.853754456465637546e+01,2.511962565694766170e+00,1.600731370714479240e+00,-1.394155117981067948e-01
5.889598885332271438e-02,1.851676144304640204e+01,2.511391672449610812e+00,1.600351489192706866e+00,-1.393135041219810411e-01
5.896724125779780751e-02,1.849600314229542519e+01,2.510820358574406441e+00,1.599971733183209066e+00,-1.392115419387566222e-01
5.903857986347679082e-02,1.847526963241104880e+01,2.510248624015738006e+00,1.599592102837823493e+00,-1.391096253034688757e-01
5.911000477464595920e-02,1.845456088343773970e+01,2.509673684847990582e+00,1.599212598308582534e+00,-1.390077542712228331e-01
5.918151609571770111e-02,1.843387686545586135e+01,2.509091983613425114e+00,1.598833219747697543e+00,-1.389059288971888073e-01
5.925311393123079695e-02,1.841321754858197579e+01,2.508509857996961134e+00,1.598453967307565504e+00,-1.388041492366039742e-01
5.932479838585049542e-02,1.839258290296873000e+01,2.507927307954057827e+00,1.598074841140766367e+00,-1.387024153447724284e-01
5.939656956436859675e-02,1.837197289880503703e+01,2.507344333440714834e+00,1.597695841400067485e+00,-1.386007272770657106e-01
5.946842757170375110e-02,1.835138750631546145e+01,2.506760934413462039e+00,1.597316968238416512e+00,-1.384990850889210867e-01
5.954037251290154875e-02,1.833082669576090140e+01,2.506177110829379551e+00,1.596938221808949621e+00,-1.383974888358441013e-01
5.961240449313456868e-02,1.831029043743807350e+01,2.505592862646082608e+00,1.596559602264990385e+00,-1.382959385734073843e-01
5.968452361770272552e-02,1.828977870167954123e+01,2.505008189821729125e+00,1.596181109760043348e+00,-1.381944343572501788e-01
5.975672999203331809e-02,1.826929145885367944e+01,2.504423092315016142e+00,1.595802744447798238e+00,-1.380929762430790630e-01
5.982902372168110577e-02,1.824882867936477382e+01,2.503837570085189146e+00,1.595424506482135518e+00,-1.379915642866685055e-01
5.990140491232862768e-02,1.822839033365281125e+01,2.503251623092032307e+00,1.595046396017117729e+00,-1.378901985438599764e-01
5.997387366978629980e-02,1.820797639219347630e+01,2.502665251295878690e+00,1.594668413206995705e+00,-1.377888790705628641e-01
6.004643009999244274e-02,1.818758682549830397e+01,2.502078454657607587e+00,1.594290558206207464e+00,-1.376876059227544191e-01
6.011907430901362176e-02,1.816722160411413611e+01,2.501500163190775172e+00,1.593912831169373989e+00,-1.375863791564783667e-01
6.019180640304473695e-02,1.814688069862373609e+01,2.500933405189142089e+00,1.593535232251309219e+00,-1.374851988278480153e-01
6.026462648840907876e-02,1.812656407964518479e+01,2.500366229099894255e+00,1.593157761607010059e+00,-1.373840649930430924e-01
6.033753467155863331e-02,1.810627171783215061e+01,2.499798634868806602e+00,1.592780419391661262e+00,-1.372829777083119374e-01
6.041053105907420034e-02,1.808600358387382556e+01,2.499230622442172756e+00,1.592403205760638540e+00,-1.371819370299712237e-01
6.048361575766540710e-02,1.806575964849468008e+01,2.498662191766789942e+00,1.592026120869501016e+00,-1.370809430144049879e-01
6.055678887417108303e-02,1.804553988245469753e+01,2.498093342789975857e+00,1.591649164873999878e+00,-1.369799957180662109e-01
6.063005051555930836e-02,1.802534425654902606e+01,2.497524075459557569e+00,1.591272337930071501e+00,-1.368790951974752923e-01
6.070340078892746960e-02,1.800517274160832315e+01,2.496954389723883505e+00,1.590895640193844551e+00,-1.367782415092223258e-01
6.077683980150264120e-02,1.798502530849830094e+01,2.496384285531811908e+00,1.590519071821633545e+00,-1.366774347099644626e-01
6.085036766064159247e-02,1.796490192811993580e+01,2.495813762832721938e+00,1.590142632969941738e+00,-1.365766748564281041e-01
6.092398447383089166e-02,1.794480257140941859e+01,2.495242821576511005e+00,1.589766323795465119e+00,-1.364759620054084577e-01
6.099769034868723211e-02,1.792472720933804453e+01,2.494671461713594329e+00,1.589390144455086640e+00,-1.363752962137692037e-01
6.107148539295750855e-02,1.790467581291214572e+01,2.494099683194905825e+00,1.589014095105880875e+00,-1.362746775384429399e-01
6.114536971451887959e-02,1.788464835317309110e+01,2.493533270413545111e+00,1.588638175905110250e+00,-1.361741060364308198e-01
6.121934342137908686e-02,1.786464480119728648e+01,2.492968081384510093e+00,1.588262387010229038e+00,-1.360735817648032475e-01
6.129340662167655912e-02,1.784466512809592587e+01,2.492402476099641273e+00,1.587886728578878248e+00,-1.359731047806989890e-01
6.136755942368045391e-02,1.782470930501538220e+01,2.491836454506032084e+00,1.587511200768896069e+00,-1.358726751413272538e-01
6.144180193579099752e-02,1.780477730313663542e+01,2.491270016551276445e+00,1.587135803738306095e+00,-1.357722929039650306e-01
6.151613426653956135e-02,1.778486909367575919e+01,2.490703162183486974e+00,1.586760537645328872e+00,-1.356719581259603069e-01
6.159055652458873820e-02,1.776498464788333820e+01,2.490135891351282993e+00,1.586385402648369691e+00,-1.355716708647287938e-01
6.166506881873266149e-02,1.774512393704476310e+01,2.489568204003798080e+00,1.586010398906027907e+00,-1.354714311777560076e-01
6.173967125789708160e-02,1.772528693248027665e+01,2.489000100090681844e+00,1.585635526577098497e+00,-1.353712391225978806e-01
6.181436395113944215e-02,1.770547360554467886e+01,2.488431579562097262e+00,1.585260785820563845e+00,-1.352710947568794841e-01
6.188914700764922006e-02,1.768568392762729502e+01,2.487862642368721122e+00,1.584886176795600399e+00,-1.351709981382951398e-01
6.196402053674797406e-02,1.766591787015212489e+01,2.487293288461748464e+00,1.584511699661577344e+00,-1.350709493246093629e-01
6.203898464788944189e-02,1.764617540457766864e+01,2.486723517792888138e+00,1.584137354578055934e+00,-1.349709483736567794e-01
6.211403945065986643e-02,1.762645650239688422e+01,2.486148432162589295e+00,1.583763141704789712e+00,-1.348709953433414321e-01
6.218918505477807196e-02,1.760676113513731167e+01,2.485563913775617362e+00,1.583389061201730286e+00,-1.347710902916382236e-01
6.226442157009551975e-02,1.758708927436073921e+01,2.484978972558198329e+00,1.583015113229017334e+00,-1.346712332765915843e-01
6.233974910659666885e-02,1.756744089166335598e+01,2.484393608473317805e+00,1.582641297946984382e+00,-1.345714243563159718e-01
6.241516777439903851e-02,1.754781595867570587e+01,2.483807821484508072e+00,1.582267615516163906e+00,-1.344716635889968426e-01
6.249067768375327070e-02,1.752821444706247078e+01,2.483221611555846753e+00,1.581894066097275564e+00,-1.343719510328889588e-01
6.256627894504347698e-02,1.750863632852292184e+01,2.482634978651970581e+00,1.581520649851241078e+00,-1.342722867463192193e-01
6.264197166878733569e-02,1.748908157479018755e+01,2.482047922738055412e+00,1.581147366939172239e+00,-1.341726707876838565e-01
6.271775596563608501e-02,1.746955015763162677e+01,2.481460443779829550e+00,1.580774217522374459e+00,-1.340731032154496294e-01
6.279363194637499479e-02,1.745004204884881815e+01,2.480872541743577298e+00,1.580401201762352326e+00,-1.339735840881549622e-01
6.286959972192331103e-02,1.743055722027728649e+01,2.480284216596127411e+00,1.580028319820801830e+00,-1.338741134644078623e-01
6.294565940333436693e-02,1.741109564378676566e+01,2.479695468304871309e+00,1.579655571859620578e+00,-1.337746914028890843e-01
6.302181110179599921e-02,1.739165729128063731e+01,2.479106296837742640e+00,1.579282958040892915e+00,-1.336753179623477727e-01
6.309805492863050647e-02,1.737224213469676570e+01,2.478519308190498371e+00,1.578910478526909911e+00,-1.335759932016072071e-01
6.317439099529478796e-02,1.735285014600635378e+01,2.477947951207742250e+00,1.578538133480149153e+00,-1.334767171795588903e-01
6.325081941338069058e-02,1.733348129721489883e+01,2.477376176550114995e+00,1.578165923063290510e+00,-1.333774899551677384e-01
6.332734029461505043e-02,1.731413556036154944e+01,2.476803984171757733e+00,1.577793847439211916e+00,-1.332783115874692226e-01
6.340395375085977614e-02,1.729481290751911970e+01,2.476231374027333842e+00,1.577421906770981153e+00,-1.331791821355694516e-01
6.348065989411219578e-02,1.727551331079447294e+01,2.475658346072044047e+00,1.577050101221871836e+00,-1.330801016586476149e-01
6.355745883650515404e-02,1.725623674232779337e+01,2.475084900261601994e+00,1.576678430955346544e+00,-1.329810702159525682e-01
6.363435069030705382e-02,1.723698317429344229e+01,2.474511036552266674e+00,1.576306896135076574e+00,-1.328820878668074967e-01
6.371133556792218933e-02,1.721775257889887811e+01,2.473936754900809110e+00,1.575935496924920631e+00,-1.327831546706046972e-01
6.378841358189087096e-02,1.719854492838542370e+01,2.473362055264539894e+00,1.575564233488939925e+00,-1.326842706868096300e-01
6.386558484488945309e-02,1.717936019502793599e+01,2.472786937601298529e+00,1.575193105991395726e+00,-1.325854359749598088e-01
6.394284946973069483e-02,1.716019835113467806e+01,2.472211401869454317e+00,1.574822114596746481e+00,-1.324866505946641626e-01
6.402020756936385726e-02,1.714105936904748972e+01,2.471635448027910797e+00,1.574451259469648257e+00,-1.323879146056043676e-01
6.409765925687473109e-02,1.712194322114147482e+01,2.471059503114372724e+00,1.574080540774958736e+00,-1.322892280675335708e-01
6.417520464548602532e-02,1.710284987982523930e+01,2.470485877060047297e+00,1.573709958677733001e+00,-1.321905910402777773e-01
6.425284384855742270e-02,1.708377931754067092e+01,2.469911832636610960e+00,1.573339513343226637e+00,-1.320920035837349904e-01
6.433057697958564913e-02,1.706473150676298545e+01,2.469337369800587823e+00,1.572969204936894405e+00,-1.319934657578759607e-01
6.440840415220483450e-02,1.704570642000073377e+01,2.468762488509032682e+00,1.572599033624395348e+00,-1.318949776227444359e-01
6.448632548018656818e-02,1.702670402979559228e+01,2.468187188719529246e+00,1.572228999571584351e+00,-1.317965392384559398e-01
6.456434107744007944e-02,1.700772430872229535e+01,2.467611470390193684e+00,1.571859102944515918e+00,-1.316981506651986322e-01
6.464245105801234847e-02,1.698876722938906880e+01,2.467035333479687509e+00,1.571489343909452829e+00,-1.315998119632350305e-01
6.472065553608839783e-02,1.696983276443683764e+01,2.466458777947192260e+00,1.571119722632848381e+00,-1.315015231928984007e-01
6.479895462599138956e-02,1.695092088653980156e+01,2.465881803752432599e+00,1.570750239281364591e+00,-1.314032844145962275e-01
6.487734844218272234e-02,1.693203156840517920e+01,2.465304410855670092e+00,1.570380894021863982e+00,-1.313050956888091036e-01
6.495583709926235072e-02,1.691316478277313706e+01,2.464726599217701875e+00,1.570011687021410696e+00,-1.312069570760907022e-01
6.503442071196886831e-02,1.689432050241681083e+01,2.464148368799867317e+00,1.569642618447271376e+00,-1.311088686370678602e-01
6.511309939517957723e-02,1.687549870014213838e+01,2.463573636894620389e+00,1.569273688466911842e+00,-1.310108304324404949e-01
6.519187326391089055e-02,1.685669934878806231e+01,2.463006386215321086e+00,1.568904897248005970e+00,-1.309128425229826309e-01
6.527074243331831838e-02,1.683792242122611427e+01,2.462438721951647924e+00,1.568536244958423476e+00,-1.308149049695406241e-01
6.534970701869662058e-02,1.681916789036096915e+01,2.461870644059190649e+00,1.568167731766245687e+00,-1.307170178330363253e-01
6.542876713548015366e-02,1.680043572912960670e+01,2.461302152494043050e+00,1.567799357839749108e+00,-1.306191811744629727e-01
6.550792289924287082e-02,1.678172591050212148e+01,2.460733247212832264e+00,1.567431123347419186e+00,-1.305213950548898827e-01
6.558717442569851619e-02,1.676303840748085250e+01,2.460163928172691694e+00,1.567063028457940543e+00,-1.304236595354577866e-01
6.566652183070086080e-02,1.674437319310125361e+01,2.459594195331291644e+00,1.566695073340210076e+00,-1.303259746773842709e-01
6.574596523024386907e-02,1.672573024043098400e+01,2.459024048646812677e+00,1.566327258163321190e+00,-1.302283405419590034e-01
6.582550474046174049e-02,1.670710952257032744e+01,2.458453488077960714e+00,1.565959583096573571e+00,-1.301307571905460370e-01
6.590514047762925653e-02,1.668851101265209280e+01,2.457882513583963924e+00,1.565592048309473183e+00,-1.300332246845838646e-01
6.598487255816189168e-02,1.666993468384153942e+01,2.457311125124576279e+00,1.565224653971729385e+00,-1.299357430855852258e-01
6.606470109861581341e-02,1.665138050933646241e+01,2.456739322660078884e+00,1.564857400253259367e+00,-1.298383124551377721e-01
6.614462621568834022e-02,1.663284846236694392e+01,2.456167283824093328e+00,1.564490287324184381e+00,-1.297409328549033458e-01
6.622464802621798319e-02,1.661433851619535318e+01,2.455594896724632381e+00,1.564123315354830845e+00,-1.296436043466179522e-01
6.630476664718444602e-02,1.659585064411649924e+01,2.455022093039186615e+00,1.563756484515732126e+00,-1.295463269920928973e-01
6.638498219570911074e-02,1.657738481945738229e+01,2.454448872726507691e+00,1.563389794977627645e+00,-1.294491008532140108e-01
6.646529478905502386e-02,1.655894101557723275e+01,2.453875235745877070e+00,1.563023246911464215e+00,-1.293519259919419517e-01
6.654570454462700735e-02,1.654051920586752189e+01,2.453301182057115337e+00,1.562656840488392707e+00,-1.292548024703124021e-01
6.662621157997200561e-02,1.652211936375179846e+01,2.452726711620572875e+00,1.562290575879774490e+00,-1.291577303504361229e-01
6.670681601277921036e-02,1.650374146268586273e+01,2.452151824397140079e+00,1.561924453257178325e+00,-1.290607096944991761e-01
6.678751796088003290e-02,1.648538547615737571e+01,2.451576520348238031e+00,1.561558472792376584e+00,-1.289637405647624246e-01
6.686831754224860369e-02,1.646705137768616112e+01,2.451000799435828714e+00,1.561192634657350586e+00,-1.288668230235620882e-01
6.694921487500171686e-02,1.644873914082411304e+01,2.450424661622413680e+00,1.560826939024295257e+00,-1.287699571333105752e-01
6.703021007739901060e-02,1.643044873915496851e+01,2.449848106871029607e+00,1.560461386065606471e+00,-1.286731429564948737e-01
6.711130326784325861e-02,1.641218014629439992e+01,2.449274673659896262e+00,1.560095975953893044e+00,-1.285763805556780215e-01
6.719249456488050887e-02,1.639393333589000079e+01,2.448708907449649530e+00,1.559730708861970738e+00,-1.284796699934987740e-01
6.727378408720011138e-02,1.637570828162112591e+01,2.448142726932303503e+00,1.559365584962864260e+00,-1.283830113326711875e-01
6.735517195363510679e-02,1.635750495719906539e+01,2.447576132061515697e+00,1.559000604429809922e+00,-1.282864046359857846e-01
6.743665828316229571e-02,1.633932333636677114e+01,2.447009122791458768e+00,1.558635767436251873e+00,-1.281898499663089719e-01
6.751824319490233595e-02,1.632116339289886398e+01,2.446441699076825405e+00,1.558271074155840319e+00,-1.280933473865823180e-01
6.759992680812006161e-02,1.630302510060194976e+01,2.445873860872844308e+00,1.557906524762447509e+00,-1.279968969598254958e-01
6.768170924222463580e-02,1.628490843331391247e+01,2.445305608135256215e+00,1.557542119430140426e+00,-1.279004987491322576e-01
6.776359061676956452e-02,1.626681336490453589e+01,2.444736940820334770e+00,1.557177858333210096e+00,-1.278041528176743213e-01
6.784557105145307132e-02,1.624873986927490321e+01,2.444167858884874089e+00,1.556813741646147164e+00,-1.277078592286981784e-01
6.792765066611822222e-02,1.623068792035788022e+01,2.443598362286199421e+00,1.556449769543661876e+00,-1.276116180455284799e-01
6.800982958075293960e-02,1.621265749211773510e+01,2.443028450982164035e+00,1.556085942200673200e+00,-1.275154293315657883e-01
6.809210791549044628e-02,1.619464855855023799e+01,2.442457537800073908e+00,1.555722259792309936e+00,-1.274192931502873827e-01
6.817448579060925162e-02,1.617666109368245131e+01,2.441878328084037264e+00,1.555358722493914714e+00,-1.273232095652470919e-01
6.825696332653333198e-02,1.615869507157298912e+01,2.441298702142363997e+00,1.554995330481040883e+00,-1.272271786400760718e-01
6.833954064383240823e-02,1.614075046631172228e+01,2.440718659944253854e+00,1.554632083929456066e+00,-1.271312004384823335e-01
6.842221786322208454e-02,1.612282725201977129e+01,2.440138201459450151e+00,1.554268983015138383e+00,-1.270352750242505213e-01
6.850499510556391780e-02,1.610492540284971241e+01,2.439557326658247316e+00,1.553906027914281784e+00,-1.269394024612433280e-01
6.858787249186575063e-02,1.608704489298517615e+01,2.438976035511484675e+00,1.553543218803288717e+00,-1.268435828133998855e-01
6.867085014328186410e-02,1.606918569664102137e+01,2.438394327990550003e+00,1.553180555858779455e+00,-1.267478161447368468e-01
6.875392818111299154e-02,1.605134778806334594e+01,2.437812204067383526e+00,1.552818039257586324e+00,-1.266521025193487193e-01
6.883710672680669329e-02,1.603353114152928072e+01,2.437229663714473915e+00,1.552455669176754594e+00,-1.265564420014072544e-01
6.892038590195749548e-02,1.601573573134714934e+01,2.436646706904866289e+00,1.552093445793546689e+00,-1.264608346551620577e-01
6.900376582830690386e-02,1.599796153185613612e+01,2.436063333612146664e+00,1.551731369285434869e+00,-1.263652805449397842e-01
6.908724662774380632e-02,1.598020851742660220e+01,2.435479706225306185e+00,1.551369439830109886e+00,-1.262697797351457485e-01
6.917082842230459772e-02,1.596247666245985819e+01,2.434908463690005131e+00,1.551007657605477874e+00,-1.261743322902630915e-01
6.925451133417312444e-02,1.594476594138803804e+01,2.434336807715220541e+00,1.550646022789656797e+00,-1.260789382748522536e-01
6.933829548568125334e-02,1.592707632867421275e+01,2.433764738264340810e+00,1.550284535560981336e+00,-1.259835977535522511e-01
6.942218099930876074e-02,1.590940779881241518e+01,2.433192255301295237e+00,1.549923196098004441e+00,-1.258883107910807320e-01
6.950616799768355447e-02,1.589176032632734525e+01,2.432619358790539810e+00,1.549562004579491115e+00,-1.257930774522326156e-01
6.959025660358196530e-02,1.587413388577461149e+01,2.432046048697073637e+00,1.549200961184426406e+00,-1.256978978018823134e-01
6.967444693992888571e-02,1.585652845174048764e+01,2.431472324986427402e+00,1.548840066092009859e+00,-1.256027719049819247e-01
6.975873912979781155e-02,1.583894399884193049e+01,2.430898187624668694e+00,1.548479319481656180e+00,-1.255076998265621524e-01
6.984313329641121670e-02,1.582138050172675037e+01,2.430323636578411328e+00,1.548118721533001452e+00,-1.254126816317333304e-01
6.992762956314067802e-02,1.580383793507316170e+01,2.429748671814797145e+00,1.547758272425896697e+00,-1.253177173856833415e-01
7.001222805350690304e-02,1.578631627359008505e+01,2.429173293301515546e+00,1.547397972340408767e+00,-1.252228071536795329e-01
7.009692889118014636e-02,1.576881549201704402e+01,2.428598356325744945e+00,1.547037821456825224e+00,-1.251279510010683271e-01
7.018173219998029289e-02,1.575133556512399302e+01,2.428028782517046569e+00,1.546677819955650346e+00,-1.250331489932747231e-01
7.026663810387689946e-02,1.573387646771143267e+01,2.427458794742646031e+00,1.546317968017607569e+00,-1.249384011958035307e-01
7.035164672698959731e-02,1.571643817461025172e+01,2.426888392963236107e+00,1.545958265823637490e+00,-1.248437076742379970e-01
7.043675819358821699e-02,1.569902066068180702e+01,2.426317577140048254e+00,1.545598713554901193e+00,-1.247490684942412775e-01
7.052197262809278833e-02,1.568162390081783997e+01,2.425746347234849498e+00,1.545239311392777370e+00,-1.246544837215558671e-01
7.060729015507399842e-02,1.566424786994046414e+01,2.425174703209944660e+00,1.544880059518868087e+00,-1.245599534220041826e-01
7.069271089925321938e-02,1.564689254300194854e+01,2.424602645028166137e+00,1.544520958114989018e+00,-1.244654776614873420e-01
7.077823498550259163e-02,1.562955789498495385e+01,2.424030172652889448e+00,1.544162007363179656e+00,-1.243710565059868017e-01
7.086386253884548181e-02,1.561224390090236724e+01,2.423457286048027903e+00,1.543803207445699988e+00,-1.242766900215638570e-01
7.094959368445646897e-02,1.559495053579715673e+01,2.422883985178033051e+00,1.543444558545027823e+00,-1.241823782743593785e-01
7.103542854766146941e-02,1.557767777474261983e+01,2.422310270007897337e+00,1.543086060843865459e+00,-1.240881213305948944e-01
7.112136725393812531e-02,1.556042559284203719e+01,2.421739064081368298e+00,1.542727714525131910e+00,-1.239939192565712028e-01
7.120740992891590182e-02,1.554319396522880226e+01,2.421171590425811537e+00,1.542369519771970676e+00,-1.238997721186699680e-01
7.129355669837612874e-02,1.552598286706637687e+01,2.420603707563553808e+00,1.542011476767745304e+00,-1.238056799833527205e-01
7.137980768825238909e-02,1.550879227354828060e+01,2.420035415460061845e+00,1.541653585696043827e+00,-1.237116429171620374e-01
7.146616302463065784e-02,1.549162215989794866e+01,2.419466714081325076e+00,1.541295846740672992e+00,-1.236176609867205012e-01
7.155262283374932974e-02,1.547447250136873009e+01,2.418897603393862727e+00,1.540938260085662703e+00,-1.235237342587312687e-01
7.163918724199962174e-02,1.545734327324383273e+01,2.418328083364718939e+00,1.540580825915265351e+00,-1.234298627999777104e-01
7.172585637592568397e-02,1.544023445083660029e+01,2.417758153961476530e+00,1.540223544413960033e+00,-1.233360466773257280e-01
7.181263036222459983e-02,1.542314600948982672e+01,2.417187815152240571e+00,1.539866415766441898e+00,-1.232422859577200075e-01
7.189950932774689940e-02,1.540607792457638148e+01,2.416617066905649924e+00,1.539509440157637021e+00,-1.231485807081876965e-01
7.198649339949653170e-02,1.538903017149882402e+01,2.416045909190877250e+00,1.539152617772690412e+00,-1.230549309958366561e-01
7.207358270463101735e-02,1.537200272568932036e+01,2.415474341977625006e+00,1.538795948796971791e+00,-1.229613368878552798e-01
7.216077737046180940e-02,1.535499556260992016e+01,2.414914174051478568e+00,1.538439433416077362e+00,-1.228677984515144234e-01
7.224807752445437659e-02,1.533800865775205935e+01,2.414355485870376850e+00,1.538083071815824043e+00,-1.227743157541648505e-01
7.233548329422827272e-02,1.532104198663705574e+01,2.413796388614697808e+00,1.537726864182256126e+00,-1.226808888632401062e-01
7.242299480755760854e-02,1.530409552481566493e+01,2.413236882239138570e+00,1.537370810701643942e+00,-1.225875178462548232e-01
7.251061219237101008e-02,1.528716924786821885e+01,2.412676966698910963e+00,1.537014911560481201e+00,-1.224942027708053327e-01
7.259833557675181293e-02,1.527026313140460623e+01,2.412116641949751727e+00,1.536659166945489208e+00,-1.224009437045699977e-01
7.268616508893838146e-02,1.525337715106401504e+01,2.411555907947906086e+00,1.536303577043610424e+00,-1.223077407153081303e-01
7.277410085732424760e-02,1.523651128251526288e+01,2.410994764650149058e+00,1.535948142042020681e+00,-1.222145938708623092e-01
7.286214301045815245e-02,1.521966550145647190e+01,2.410433212013768145e+00,1.535592862128114522e+00,-1.221215032391560901e-01
7.295029167704447648e-02,1.520283978361517718e+01,2.409871249996577536e+00,1.535237737489520971e+00,-1.220284688881961843e-01
7.303854698594328121e-02,1.518603410474817750e+01,2.409308878556911893e+00,1.534882768314090651e+00,-1.219354908860707104e-01
7.312690906617044795e-02,1.516924844064164191e+01,2.408740717032126444e+00,1.534527954789902893e+00,-1.218425693009507621e-01
7.321537804689801088e-02,1.515248276711085040e+01,2.408166067274072120e+00,1.534173297105262179e+00,-1.217497042010890346e-01
7.330395405745432358e-02,1.513573706000057228e+01,2.407591005634235781e+00,1.533818795448708361e+00,-1.216568956548223224e-01
7.339263722732405903e-02,1.511901129518453146e+01,2.407015532084554099e+00,1.533464450009001334e+00,-1.215641437305688410e-01
7.348142768614865372e-02,1.510230544856565160e+01,2.406439646597508641e+00,1.533110260975131922e+00,-1.214714484968297120e-01
7.357032556372640475e-02,1.508561949607605435e+01,2.405863349146131203e+00,1.532756228536320764e+00,-1.213788100221894067e-01
7.365933099001248374e-02,1.506895341367687280e+01,2.405286639703997587e+00,1.532402352882017427e+00,-1.212862283753151083e-01
7.374844409511946419e-02,1.505230717735829060e+01,2.404709518245230715e+00,1.532048634201898185e+00,-1.211937036249568778e-01
7.383766500931725207e-02,1.503568076313952950e+01,2.404131984744503292e+00,1.531695072685872461e+00,-1.211012358399484456e-01
7.392699386303329401e-02,1.501907414706883870e+01,2.403554039177038693e+00,1.531341668524076605e+00,-1.210088250892066286e-01
7.401643078685292421e-02,1.500248730522321772e+01,2.402975681518602968e+00,1.530988421906877006e+00,-1.209164714417308162e-01
7.410597591151944774e-02,1.498592021370880367e+01,2.402396306677205828e+00,1.530635333024872313e+00,-1.208241749666052328e-01
7.419562936793426544e-02,1.496937284866053552e+01,2.401814514777962817e+00,1.530282402068890990e+00,-1.207319357329971476e-01
7.428539128715722084e-02,1.495284518624199421e+01,2.401232309249746510e+00,1.529929629229989763e+00,-1.206397538101564998e-01
7.437526180040672508e-02,1.493633720264588227e+01,2.400649690072136355e+00,1.529577014699461168e+00,-1.205476292674187294e-01
7.446524103905982628e-02,1.491984887409348737e+01,2.400066657225265132e+00,1.529224558668826228e+00,-1.204555621742020577e-01
7.455532913465261202e-02,1.490338017683483862e+01,2.399483210689828727e+00,1.528872261329838000e+00,-1.203635526000090272e-01
7.464552621888033423e-02,1.488693108714866220e+01,2.398899350447084355e+00,1.528520122874481801e+00,-1.202716006144259747e-01
7.473583242359742307e-02,1.487050158134240618e+01,2.398315076478856334e+00,1.528168143494975206e+00,-1.201797062871239469e-01
7.482624788081795875e-02,1.485409163575208424e+01,2.397730388767527199e+00,1.527816323383767605e+00,-1.200878696878575902e-01
7.491677272271572707e-02,1.483770122674235381e+01,2.397145287296050142e+00,1.527464662733542866e+00,-1.199960908864667608e-01
7.500740708162430270e-02,1.482133033070636152e+01,2.396559772047938797e+00,1.527113161737216007e+00,-1.199043699528748175e-01
7.509815109003746547e-02,1.480497892406585514e+01,2.395977483688595200e+00,1.526761820587936525e+00,-1.198127069570906755e-01
7.518900488060929754e-02,1.478864698327106275e+01,2.395416278782633857e+00,1.526410639479088838e+00,-1.197211019692075301e-01
7.527996858615426667e-02,1.477233448480058975e+01,2.394854666747422645e+00,1.526059618604288737e+00,-1.196295550594031476e-01
7.537104233964757316e-02,1.475604140516160712e+01,2.394292647545139374e+00,1.525708758157388267e+00,-1.195380662979407538e-01
7.546222627422537188e-02,1.473976772088949261e+01,2.393730221138482772e+00,1.525358058332471511e+00,-1.194466357551677987e-01
7.555352052318471678e-02,1.472351340854810786e+01,2.393167387490679587e+00,1.525007519323860583e+00,-1.193552635015175251e-01
7.564492521998404662e-02,1.470727844472964740e+01,2.392604146565481482e+00,1.524657141326111631e+00,-1.192639496075082878e-01
7.573644049824328206e-02,1.469106280605447878e+01,2.392040498327165921e+00,1.524306924534014174e+00,-1.191726941437434295e-01
7.582806649174386737e-02,1.467486646917129534e+01,2.391476442740537500e+00,1.523956869142595538e+00,-1.190814971809119327e-01
7.591980333442918671e-02,1.465868941075704512e+01,2.390911979770932838e+00,1.523606975347119752e+00,-1.189903587897885168e-01
7.601165116040470293e-02,1.464253160751668936e+01,2.390347109384209467e+00,1.523257243343082212e+00,-1.188992790412326944e-01
7.610361010393801307e-02,1.462639303618356834e+01,2.389781109844126394e+00,1.522907673326221678e+00,-1.188082580061907562e-01
7.619568029945922305e-02,1.461027367351899819e+01,2.389211893857769109e+00,1.522558265492508944e+00,-1.187172957556942993e-01
7.628786188156110037e-02,1.459417349631237748e+01,2.388642269188263612e+00,1.522209020038154392e+00,-1.186263923608609355e-01
7.638015498499912959e-02,1.457809248138114100e+01,2.388072235806742771e+00,1.521859937159601772e+00,-1.185355478928938333e-01
7.647255974469192863e-02,1.456203060557087170e+01,2.387501793684882578e+00,1.521511017053539527e+00,-1.184447624230834661e-01
7.656507629572134599e-02,1.454598784575490633e+01,2.386930942794895927e+00,1.521162259916886361e+00,-1.183540360228051841e-01
7.665770477333254396e-02,1.452996417883471381e+01,2.386359683109541496e+00,1.520813665946803672e+00,-1.182633687635215591e-01
7.675044531293438721e-02,1.451395958173964651e+01,2.385788014602120644e+00,1.520465235340692001e+00,-1.181727607167819133e-01
7.684329805009959546e-02,1.449797403142674312e+01,2.385215937246471185e+00,1.520116968296187254e+00,-1.180822119542205700e-01
7.693626312056478511e-02,1.448200750488122601e+01,2.384643451016988269e+00,1.519768865011168479e+00,-1.179917225475606013e-01
7.702934066023085780e-02,1.446605997911582087e+01,2.384070555888601728e+00,1.519420925683749646e+00,-1.179012925686102331e-01
7.712253080516320858e-02,1.445013143117122745e+01,2.383501222694849986e+00,1.519073150512289416e+00,-1.178109220892655101e-01
7.721583369159164267e-02,1.443422183811571990e+01,2.382937271347856267e+00,1.518725539695381155e+00,-1.177206111815085887e-01
7.730924945591094444e-02,1.441833117704542211e+01,2.382372914389088159e+00,1.518378093431861808e+00,-1.176303599174095965e-01
7.740277823468090512e-02,1.440245942508406074e+01,2.381808151787465189e+00,1.518030811920809242e+00,-1.175401683691253696e-01
7.749642016462640615e-02,1.438660655938304700e+01,2.381242983512437128e+00,1.517683695361539797e+00,-1.174500366089000769e-01
7.759017538263782154e-02,1.437077255712139134e+01,2.380677409533987987e+00,1.517336743953613398e+00,-1.173599647090656228e-01
7.768404402577118451e-02,1.435495739550560046e+01,2.380111429822626246e+00,1.516989957896828667e+00,-1.172699527420406895e-01
7.777802623124820125e-02,1.433916105176990996e+01,2.379545044349403948e+00,1.516643337391230917e+00,-1.171800007803325688e-01
7.787212213645670900e-02,1.432338350317584563e+01,2.378978253085895833e+00,1.516296882637099941e+00,-1.170901088965353304e-01
7.796633187895073147e-02,1.430762472701256272e+01,2.378411056004217539e+00,1.515950593834964888e+00,-1.170002771633315564e-01
7.806065559645063157e-02,1.429188470059655103e+01,2.377843453077011837e+00,1.515604471185592717e+00,-1.169105056534910231e-01
7.815509342684348604e-02,1.427616340127179484e+01,2.377279582748753839e+00,1.515258514889995745e+00,-1.168207944398722276e-01
7.824964550818315490e-02,1.426046080640963964e+01,2.376716697200639938e+00,1.514912725149429207e+00,-1.167311435954218185e-01
7.834431197869046182e-02,1.424477689340869802e+01,2.376153405509171979e+00,1.514567102165390144e+00,-1.166415531931740135e-01
7.843909297675351333e-02,1.422911163969504855e+01,2.375589707641665438e+00,1.514221646139624067e+00,-1.165520233062523614e-01
7.853398864092786535e-02,1.421346502272185752e+01,2.375025603565961152e+00,1.513876357274113404e+00,-1.164625540078677995e-01
7.862899910993656483e-02,1.419783701996968617e+01,2.374461093250435084e+00,1.513531235771091055e+00,-1.163731453713207631e-01
7.872412452267062155e-02,1.418222760894625445e+01,2.373896176663999658e+00,1.513186281833031277e+00,-1.162837974699998667e-01
7.881936501818906371e-02,1.416663676718638953e+01,2.373330853776093985e+00,1.512841495662654134e+00,-1.161945103773823901e-01
7.891472073571903501e-02,1.415106447225218211e+01,2.372765124556699856e+00,1.512496877462925715e+00,-1.161052841670350277e-01
7.901019181465623875e-02,1.413551070173280166e+01,2.372198988976331080e+00,1.512152427437056579e+00,-1.160161189126132225e-01
7.910577839456502114e-02,1.411997543324439341e+01,2.371632517497780590e+00,1.511808145788502866e+00,-1.159270146878610824e-01
7.920148061517844063e-02,1.410445864443038566e+01,2.371065881370432393e+00,1.511464032720971185e+00,-1.158379715666131987e-01
7.929729861639875366e-02,1.408896031296097995e+01,2.370498838560222588e+00,1.511120088438407505e+00,-1.157489896227920090e-01
7.939323253829742855e-02,1.407348041653336956e+01,2.369931389039091840e+00,1.510776313145006489e+00,-1.156600689304095736e-01
7.948928252111531201e-02,1.405801893287188697e+01,2.369363532779521275e+00,1.510432707045214595e+00,-1.155712095635686443e-01
7.958544870526300385e-02,1.404257583972767165e+01,2.368795269754532917e+00,1.510089270343721868e+00,-1.154824115964607489e-01
7.968173123132099578e-02,1.402715111487874466e+01,2.368226599937688359e+00,1.509746003245466595e+00,-1.153936751033673436e-01
7.977813024003972686e-02,1.401174473612991811e+01,2.367657523303090539e+00,1.509402905955632868e+00,-1.153050001586594653e-01
7.987464587234001379e-02,1.399635668131290522e+01,2.367088039825387291e+00,1.509059978679655911e+00,-1.152163868367983568e-01
7.997127826931321737e-02,1.398098692828625822e+01,2.366518149479771349e+00,1.508717221623220306e+00,-1.151278352123358550e-01
8.006802757222118705e-02,1.396563545493515512e+01,2.365947852241977234e+00,1.508374634992255325e+00,-1.150393453599130589e-01
8.016489392249687151e-02,1.395030223917158807e+01,2.365377680273773819e+00,1.508032218992944484e+00,-1.149509173542622442e-01
8.026187746174427706e-02,1.393498725893419454e+01,2.364807206680676455e+00,1.507689973831715546e+00,-1.148625512702053098e-01
8.035897833173860638e-02,1.391969049218825383e+01,2.364236326311830894e+00,1.507347899715250072e+00,-1.147742471826551786e-01
8.045619667442673040e-02,1.390441191692571543e+01,2.363665039144582813e+00,1.507005996850476981e+00,-1.146860051666150904e-01
8.055353263192721602e-02,1.388915151116510316e+01,2.363093345156825453e+00,1.506664265444577433e+00,-1.145978252971794203e-01
8.065098634653046494e-02,1.387390925295152044e+01,2.362521244326996506e+00,1.506322705704982834e+00,-1.145097076495331517e-01
8.074855796069911607e-02,1.385868512035656330e+01,2.361948736634086110e+00,1.505981317839374389e+00,-1.144216522989521256e-01
8.084624761706815654e-02,1.384347909147833811e+01,2.361375822057632412e+00,1.505640102055685103e+00,-1.143336593208033186e-01
8.094405545844515770e-02,1.382829114444145446e+01,2.360802500577728669e+00,1.505299058562101111e+00,-1.142457287905452173e-01
8.104198162781031667e-02,1.381312125739689201e+01,2.360228772175012146e+00,1.504958187567057903e+00,-1.141578607837270831e-01
8.114002626831696985e-02,1.379796940852205189e+01,2.359652289396000135e+00,1.504617489279244325e+00,-1.140700553759897845e-01
8.123818952329160681e-02,1.378283557602079235e+01,2.359073651615206657e+00,1.504276963907603903e+00,-1.139823126430662276e-01
8.133647153623399517e-02,1.376771973812311955e+01,2.358494605489512175e+00,1.503936611661328193e+00,-1.138946326607797183e-01
8.143487245081766635e-02,1.375262187308551809e+01,2.357915151005331555e+00,1.503596432749864098e+00,-1.138070155050463633e-01
8.153339241088992939e-02,1.373754195919067023e+01,2.357335288149634334e+00,1.503256427382913651e+00,-1.137194612518737519e-01
8.163203156047199593e-02,1.372247997474752879e+01,2.356755016909956701e+00,1.502916595770431352e+00,-1.136319699773614827e-01
8.173079004375946588e-02,1.370743589809123186e+01,2.356174337274402841e+00,1.502576938122624162e+00,-1.135445417577010813e-01
8.182966800512238292e-02,1.369240970758310105e+01,2.355593249231639597e+00,1.502237454649955284e+00,-1.134571766691764155e-01
8.192866558910529007e-02,1.367740138161061125e+01,2.355011752770904021e+00,1.501898145563142606e+00,-1.133698747881635577e-01
8.202778294042777085e-02,1.366241089858731783e+01,2.354429847881996718e+00,1.501559011073155592e+00,-1.132826361911308116e-01
8.212702020398444935e-02,1.364743823695299696e+01,2.353856058534141926e+00,1.501220051391225940e+00,-1.131954609546397539e-01
8.222637752484515672e-02,1.363248337517327080e+01,2.353292829206312220e+00,1.500881266728832708e+00,-1.131083491553433462e-01
8.232585504825533362e-02,1.361754629173991660e+01,2.352729197238776493e+00,1.500542657297716742e+00,-1.130213008699882393e-01
8.242545291963612741e-02,1.360262696517065706e+01,2.352165162606183468e+00,1.500204223309872020e+00,-1.129343161754135100e-01
8.252517128458453088e-02,1.358772537400924385e+01,2.351600725283715221e+00,1.499865964977550314e+00,-1.128473951485516186e-01
8.262501028887375698e-02,1.357284149682523022e+01,2.351035885247088952e+00,1.499527882513260080e+00,-1.127605378664275904e-01
8.272497007845341921e-02,1.355797531221410956e+01,2.350470642472558769e+00,1.499189976129764679e+00,-1.126737444061595844e-01
8.282505079944953164e-02,1.354312679879737580e+01,2.349904996936923673e+00,1.498852246040090153e+00,-1.125870148449600178e-01
8.292525259816505012e-02,1.352829593522210061e+01,2.349338948617510248e+00,1.498514692457513231e+00,-1.125003492601333172e-01
8.302557562107992783e-02,1.351348270016138819e+01,2.348772497492193967e+00,1.498177315595574877e+00,-1.124137477290785281e-01
8.312602001485117076e-02,1.349868707231402176e+01,2.348209566947572657e+00,1.497840115668071403e+00,-1.123272103292879825e-01
8.322658592631339280e-02,1.348390903040445110e+01,2.347651561280752475e+00,1.497503092889057141e+00,-1.122407371383474239e-01
8.332727350247877418e-02,1.346914855318300397e+01,2.347093154778564728e+00,1.497166247472848211e+00,-1.121543282339372283e-01
8.342808289053731119e-02,1.345440561942548818e+01,2.346534347411864729e+00,1.496829579634016083e+00,-1.120679836938306556e-01
8.352901423785710766e-02,1.343968020793348828e+01,2.345975139152043365e+00,1.496493089587395575e+00,-1.119817035958960427e-01
8.363006769198462476e-02,1.342497229753419852e+01,2.345415529971015989e+00,1.496156777548079519e+00,-1.118954880180956235e-01
8.373124340064465321e-02,1.341028186708039804e+01,2.344855519841229530e+00,1.495820643731420985e+00,-1.118093370384860286e-01
8.383254151174086843e-02,1.339560889545023947e+01,2.344295108735652278e+00,1.495484688353032166e+00,-1.117232507352172860e-01
8.393396217335583054e-02,1.338095336154774451e+01,2.343734296627800084e+00,1.495148911628791932e+00,-1.116372291865362076e-01
8.403550553375117860e-02,1.336631524430212714e+01,2.343173083491704389e+00,1.494813313774832286e+00,-1.115512724707820869e-01
8.413717174136799148e-02,1.335169452266814361e+01,2.342606916279940332e+00,1.494477895007553236e+00,-1.114653806663899321e-01
8.423896094482696828e-02,1.333709117562606217e+01,2.342036319614368534e+00,1.494142655543611253e+00,-1.113795538518896899e-01
8.434087329292846991e-02,1.332250518218144819e+01,2.341465318628006997e+00,1.493807595599930149e+00,-1.112937921059060642e-01
8.444290893465301873e-02,1.330793652136531513e+01,2.340893913303711216e+00,1.493472715393692196e+00,-1.112080955071591826e-01
8.454506801916134018e-02,1.329338517223395222e+01,2.340322103624886463e+00,1.493138015142345454e+00,-1.111224641344641523e-01
8.464735069579450155e-02,1.327885111386899908e+01,2.339749889575496233e+00,1.492803495063597552e+00,-1.110368980667314209e-01
8.474975711407439771e-02,1.326433432537731072e+01,2.339177271140050696e+00,1.492469155375423018e+00,-1.109513973829669292e-01
8.485228742370379273e-02,1.324983478589102504e+01,2.338604248303620015e+00,1.492134996296056393e+00,-1.108659621622720692e-01
8.495494177456641705e-02,1.323535247456759123e+01,2.338030821051829466e+00,1.491801018044001115e+00,-1.107805924838447253e-01
8.505772031672749478e-02,1.322088737058946961e+01,2.337456989370858995e+00,1.491467220838020191e+00,-1.106952884269774978e-01
8.516062320043375766e-02,1.320643945316436252e+01,2.336889955571716193e+00,1.491133604897143305e+00,-1.106100500710592988e-01
8.526365057611361153e-02,1.319200870152510774e+01,2.336324865743734325e+00,1.490800170440665706e+00,-1.105248774955753799e-01
8.536680259437758045e-02,1.317759509492962700e+01,2.335759373051525589e+00,1.490466917688147319e+00,-1.104397707801070549e-01
8.547007940601836218e-02,1.316319861266086555e+01,2.335193477473279877e+00,1.490133846859413191e+00,-1.103547300043314222e-01
8.557348116201099475e-02,1.314881923402687924e+01,2.334627178987735086e+00,1.489800958174555712e+00,-1.102697552480228077e-01
8.567700801351325890e-02,1.313445693836068351e+01,2.334060477574174453e+00,1.489468251853932168e+00,-1.101848465910514746e-01
8.578066011186583073e-02,1.312011170502021962e+01,2.333493373212421229e+00,1.489135728118166968e+00,-1.101000041133842616e-01
8.588443760859235110e-02,1.310578351338846126e+01,2.332925865882854222e+00,1.488803387188151639e+00,-1.100152278950851520e-01
8.598834065539989746e-02,1.309147234287323336e+01,2.332357955566394025e+00,1.488471229285044162e+00,-1.099305180163147322e-01
8.609236940417906714e-02,1.307717817290727425e+01,2.331790645735399181e+00,1.488139254630270969e+00,-1.098458745573305390e-01
8.619652400700410222e-02,1.306290098294812196e+01,2.331232846054824392e+00,1.487807463445526057e+00,-1.097612975984871980e-01
8.630080461613334752e-02,1.304864075247819954e+01,2.330674646534443450e+00,1.487475855952770765e+00,-1.096767872202366739e-01
8.640521138400936163e-02,1.303439746100471908e+01,2.330116047147632319e+00,1.487144432374237324e+00,-1.095923435031283116e-01
8.650974446325897238e-02,1.302017108805959644e+01,2.329557047868297648e+00,1.486813192932423089e+00,-1.095079665278086700e-01
8.661440400669383199e-02,1.300596161319955257e+01,2.328997648670878107e+00,1.486482137850098750e+00,-1.094236563750221325e-01
8.671919016731040319e-02,1.299176901600599621e+01,2.328437849530350157e+00,1.486151267350302785e+00,-1.093394131256107404e-01
8.682410309829016737e-02,1.297759327608487823e+01,2.327877650422215172e+00,1.485820581656341233e+00,-1.092552368605138047e-01
8.692914295300002703e-02,1.296343437306700075e+01,2.327317051322520314e+00,1.485490080991793693e+00,-1.091711276607692377e-01
8.703430988499243071e-02,1.294929228660772047e+01,2.326756052207844316e+00,1.485159765580508662e+00,-1.090870856075131512e-01
8.713960404800547010e-02,1.293516699638679057e+01,2.326191343321664551e+00,1.484829635646605084e+00,-1.090031107819786765e-01
8.724502559596335194e-02,1.292105848210878527e+01,2.325623427691299039e+00,1.484499691414474798e+00,-1.089192032654983516e-01
8.735057468297652283e-02,1.290696672350265928e+01,2.325055110429437466e+00,1.484169933108779427e+00,-1.088353631395029136e-01
8.745625146334169708e-02,1.289289170032184195e+01,2.324486391520548700e+00,1.483840360954451709e+00,-1.087515904855208826e-01
8.756205609154245340e-02,1.287883339234434033e+01,2.323917270949657610e+00,1.483510975176700608e+00,-1.086678853851806015e-01
8.766798872224919326e-02,1.286479177937246376e+01,2.323347748702334847e+00,1.483181776001000207e+00,-1.085842479202078631e-01
8.777404951031936298e-02,1.285076684123295365e+01,2.322777824764703514e+00,1.482852763653105033e+00,-1.085006781724280472e-01
8.788023861079787002e-02,1.283675855777709174e+01,2.322207499123446706e+00,1.482523938359039839e+00,-1.084171762237660930e-01
8.798655617891716629e-02,1.282276690888025072e+01,2.321636771765788421e+00,1.482195300345099387e+00,-1.083337421562445557e-01
8.809300237009741463e-02,1.280879187444234546e+01,2.321066019154372828e+00,1.481866849837858657e+00,-1.082503760519868269e-01
8.819957733994690519e-02,1.279483343438746346e+01,2.320498270744232983e+00,1.481538587064162638e+00,-1.081670779932147053e-01
8.830628124426222192e-02,1.278089156866385601e+01,2.319930121686336388e+00,1.481210512251128764e+00,-1.080838480622490633e-01
8.841311423902825650e-02,1.276696625724428635e+01,2.319361571966858104e+00,1.480882625626156024e+00,-1.080006863415119839e-01
8.852007648041874954e-02,1.275305748012540263e+01,2.318792621572507873e+00,1.480554927416910971e+00,-1.079175929135232775e-01
8.862716812479642936e-02,1.273916521732827256e+01,2.318223270490559429e+00,1.480227417851341487e+00,-1.078345678609043123e-01
8.873438932871299811e-02,1.272528944889794111e+01,2.317653518708832294e+00,1.479900097157667682e+00,-1.077516112663751552e-01
8.884174024890970078e-02,1.271143015490363481e+01,2.317083366215700657e+00,1.479572965564386777e+00,-1.076687232127566674e-01
8.894922104231745008e-02,1.269758731543864805e+01,2.316512813000092930e+00,1.479246023300272661e+00,-1.075859037829695469e-01
8.905683186605682644e-02,1.268376091062038569e+01,2.315941859051494411e+00,1.478919270594377000e+00,-1.075031530600352864e-01
8.916457287743867477e-02,1.266995092059013395e+01,2.315377953803933408e+00,1.478592707676024798e+00,-1.074204711270748125e-01
8.927244423396410444e-02,1.265615732551339967e+01,2.314815944683223048e+00,1.478266334774825275e+00,-1.073378580673112204e-01
8.938044609332466972e-02,1.264238010557939162e+01,2.314253536274432310e+00,1.477940152120657880e+00,-1.072553139640665676e-01
8.948857861340284159e-02,1.262861924100144684e+01,2.313690728558534637e+00,1.477614159943683836e+00,-1.071728389007646498e-01
8.959684195227207715e-02,1.261487471201673571e+01,2.313127521517042595e+00,1.477288358474343255e+00,-1.070904329609301125e-01
8.970523626819693064e-02,1.260114649888637928e+01,2.312563915132016312e+00,1.476962747943354914e+00,-1.070080962281887982e-01
8.981376171963359467e-02,1.258743458189526265e+01,2.311999909386053709e+00,1.476637328581716258e+00,-1.069258287862672185e-01
8.992241846522991411e-02,1.257373894135210968e+01,2.311435504262302043e+00,1.476312100620702950e+00,-1.068436307189934986e-01
9.003120666382556647e-02,1.256005955758947756e+01,2.310870699744455248e+00,1.475987064291871764e+00,-1.067615021102970713e-01
9.014012647445253379e-02,1.254639641096366987e+01,2.310304742851453597e+00,1.475662219827060806e+00,-1.066794430442091629e-01
9.024917805633515810e-02,1.253274948185474180e+01,2.309737727768454985e+00,1.475337567458385513e+00,-1.065974536048623911e-01
9.035836156889029414e-02,1.251911875066638835e+01,2.309170312732061969e+00,1.475013107418244429e+00,-1.065155338764910142e-01
9.046767717172782275e-02,1.250550419782607037e+01,2.308602497729279168e+00,1.474688839939317431e+00,-1.064336839434316395e-01
9.057712502465067872e-02,1.249190580378488313e+01,2.308034282747666310e+00,1.474364765254565279e+00,-1.063519038901228342e-01
9.068670528765500338e-02,1.247832354901746044e+01,2.307465667775331131e+00,1.474040883597228513e+00,-1.062701938011047093e-01
9.079641812093065811e-02,1.246475741402214332e+01,2.306896652800941805e+00,1.473717195200834773e+00,-1.061885537610204461e-01
9.090626368486127984e-02,1.245120737932079713e+01,2.306327237813718067e+00,1.473393700299190145e+00,-1.061069838546154637e-01
9.101624214002440594e-02,1.243767342545874222e+01,2.305757422803432988e+00,1.473070399126383156e+00,-1.060254841667368636e-01
9.112635364719197384e-02,1.242415553300490672e+01,2.305191941128932775e+00,1.472747291916787660e+00,-1.059440547823354284e-01
9.123659836733043205e-02,1.241065368255170753e+01,2.304633030276112660e+00,1.472424378905062170e+00,-1.058626957864646501e-01
9.134697646160083728e-02,1.239716785471497751e+01,2.304073721928035390e+00,1.472101660326146755e+00,-1.057814072642804942e-01
9.145748809135932633e-02,1.238369803013386239e+01,2.303514016064946990e+00,1.471779136415264144e+00,-1.057001893010415111e-01
9.156813341815726870e-02,1.237024418947113880e+01,2.302953912667641490e+00,1.471456807407927059e+00,-1.056190419821106119e-01
9.167891260374133600e-02,1.235680631341274349e+01,2.302393411717448046e+00,1.471134673539927995e+00,-1.055379653929531258e-01
9.178982581005402930e-02,1.234338438266808602e+01,2.301832513196238494e+00,1.470812735047347664e+00,-1.054569596191381048e-01
9.190087319923373466e-02,1.232997837796972185e+01,2.301271217086418908e+00,1.470490992166549438e+00,-1.053760247463374766e-01
9.201205493361488963e-02,1.231658828007366502e+01,2.300709523370948695e+00,1.470169445134186681e+00,-1.052951608603277522e-01
9.212337117572845513e-02,1.230321406975913590e+01,2.300146352749688816e+00,1.469848094187196752e+00,-1.052143680469890125e-01
9.223482208830201257e-02,1.228985572782847058e+01,2.299580985711166647e+00,1.469526939562802781e+00,-1.051336463923044778e-01
9.234640783425986099e-02,1.227651323510737136e+01,2.299015219876110017e+00,1.469205981498516556e+00,-1.050529959823623544e-01
9.245812857672358609e-02,1.226318657244454080e+01,2.298449055231941429e+00,1.468885220232136746e+00,-1.049724169033542515e-01
9.256998447901208793e-02,1.224987572071195352e+01,2.297882491766644719e+00,1.468564656001748459e+00,-1.048919092415765697e-01
9.268197570464169199e-02,1.223658066080469276e+01,2.297315529468753947e+00,1.468244289045728346e+00,-1.048114730834301539e-01
9.279410241732673204e-02,1.222330137364079050e+01,2.296748168327353845e+00,1.467924119602737054e+00,-1.047311085154197102e-01
9.290636478097956397e-02,1.221003784016149396e+01,2.296180408332089584e+00,1.467604147911726997e+00,-1.046508156241552773e-01
9.301876295971073239e-02,1.219679004133097600e+01,2.295612249473157895e+00,1.467284374211937692e+00,-1.045705944963512962e-01
9.313129711782944242e-02,1.218355795813647191e+01,2.295048357356537672e+00,1.466964798742899312e+00,-1.044904452188271798e-01
9.324396741984369852e-02,1.217034157158816399e+01,2.294489929225238978e+00,1.466645421744432243e+00,-1.044103678785077566e-01
9.335677403046037381e-02,1.215714086271917083e+01,2.293931105615913513e+00,1.466326243456645306e+00,-1.043303625624222575e-01
9.346971711458575138e-02,1.214395581258560952e+01,2.293371886511856861e+00,1.466007264119940645e+00,-1.042504293577063007e-01
9.358279683732560750e-02,1.213078640226632565e+01,2.292812271896897514e+00,1.465688483975006617e+00,-1.041705683515995462e-01
9.369601336398533653e-02,1.211763261286318993e+01,2.292252261755413301e+00,1.465369903262828233e+00,-1.040907796314483741e-01
9.380936686007045056e-02,1.210449442550083887e+01,2.291691856072317179e+00,1.465051522224676717e+00,-1.040110632847042194e-01
9.392285749128670425e-02,1.209137182132668364e+01,2.291131054833065672e+00,1.464733341102120612e+00,-1.039314193989243906e-01
9.403648542354015039e-02,1.207826478151100957e+01,2.290569858023658423e+00,1.464415360137016453e+00,-1.038518480617724726e-01
9.415025082293773662e-02,1.206517328724674698e+01,2.290009761695849022e+00,1.464097579571513874e+00,-1.037723493610175768e-01
9.426415385578734707e-02,1.205209731974963105e+01,2.289450238657288583e+00,1.463779999648058716e+00,-1.036929233845354237e-01
9.437819468859791339e-02,1.203903686025808106e+01,2.288890319393161121e+00,1.463462620609386367e+00,-1.036135702203079129e-01
9.449237348807996983e-02,1.202599189003311508e+01,2.288330003887609099e+00,1.463145442698527754e+00,-1.035342899564231367e-01
9.460669042114572269e-02,1.201296239035850277e+01,2.287769292125320320e+00,1.462828466158806906e+00,-1.034550826810761437e-01
9.472114565490917515e-02,1.199994834254059128e+01,2.287208184091529706e+00,1.462511691233844502e+00,-1.033759484825686609e-01
9.483573935668666854e-02,1.198694972790823243e+01,2.286646679772009527e+00,1.462195118167551655e+00,-1.032968874493085804e-01
9.495047169399691012e-02,1.197396652781297277e+01,2.286084779153090274e+00,1.461878747204138573e+00,-1.032178996698117496e-01
9.506534283456116730e-02,1.196099872362883332e+01,2.285522482221640228e+00,1.461562578588110117e+00,-1.031389852327006806e-01
9.518035294630376730e-02,1.194804629675229002e+01,2.284958941228071971e+00,1.461246612564265135e+00,-1.030601442267047169e-01
9.529550219735215266e-02,1.193510922860238210e+01,2.284394870460480398e+00,1.460930849377700014e+00,-1.029813767406609210e-01
9.541079075603707549e-02,1.192218750062053267e+01,2.283830403603380077e+00,1.460615289273807127e+00,-1.029026828635138113e-01
9.552621879089302770e-02,1.190928109427066417e+01,2.283265540647562375e+00,1.460299932498276831e+00,-1.028240626843155842e-01
9.564178647065843530e-02,1.189638999103903139e+01,2.282700281584370217e+00,1.459984779297095470e+00,-1.027455162922259330e-01
9.575749396427568616e-02,1.188351417243426233e+01,2.282134626405696309e+00,1.459669829916546924e+00,-1.026670437765125482e-01
9.587334144089172672e-02,1.187065361998737423e+01,2.281568575103993357e+00,1.459355084603214170e+00,-1.025886452265512283e-01
9.598932906985811753e-02,1.185780831525166512e+01,2.281002127672263846e+00,1.459040543603977502e+00,-1.025103207318256021e-01
9.610545702073115815e-02,1.184497823980276188e+01,2.280436516270116787e+00,1.458726207166016531e+00,-1.024320703819280032e-01
9.622172546327244225e-02,1.183216337523851891e+01,2.279875083015185488e+00,1.458412075536810848e+00,-1.023538942665588453e-01
9.633813456744891313e-02,1.181936370317899332e+01,2.279313254466049710e+00,1.458098148964134699e+00,-1.022757924755268166e-01
9.645468450343303024e-02,1.180657920526650884e+01,2.278751030611512629e+00,1.457784427696068752e+00,-1.021977650987496156e-01
9.657137544160322717e-02,1.179380986316560787e+01,2.278188411440925432e+00,1.457470911980990325e+00,-1.021198122262541863e-01
9.668820755254409205e-02,1.178105565856287917e+01,2.277625396944183311e+00,1.457157602067576052e+00,-1.020419339481752063e-01
9.680518100704645079e-02,1.176831657316711066e+01,2.277061987111737906e+00,1.456844498204806326e+00,-1.019641303547574457e-01
9.692229597610786673e-02,1.175559258870917034e+01,2.276498181934586196e+00,1.456531600641960411e+00,-1.018864015363540182e-01
9.703955263093279326e-02,1.174288368694202944e+01,2.275933981404283823e+00,1.456218909628620661e+00,-1.018087475834283384e-01
9.715695114293267098e-02,1.173018984964063804e+01,2.275368330262177441e+00,1.455906425414669636e+00,-1.017311685865520399e-01
9.727449168372642729e-02,1.171751105860211339e+01,2.274801716185708589e+00,1.455594148250295428e+00,-1.016536646364077923e-01
9.739217442514065681e-02,1.170484729564542192e+01,2.274234706849559196e+00,1.455282078385986333e+00,-1.015762358237867896e-01
9.750999953920964913e-02,1.169219854261151781e+01,2.273667302249754218e+00,1.454970216072532851e+00,-1.014988822395903323e-01
9.762796719817597169e-02,1.167956478136334830e+01,2.273099502382879944e+00,1.454658561561029906e+00,-1.014216039748299381e-01
9.774607757449060852e-02,1.166694599378577202e+01,2.272531307246080434e+00,1.454347115102877952e+00,-1.013444011206270923e-01
9.786433084081297418e-02,1.165434216178551452e+01,2.271962716837057528e+00,1.454035876949778983e+00,-1.012672737682134699e-01
9.798272717001155208e-02,1.164175326729119142e+01,2.271393731154074835e+00,1.453724847353741634e+00,-1.011902220089314491e-01
9.810126673516393614e-02,1.162917929225319291e+01,2.270825846190447361e+00,1.453414026567076967e+00,-1.011132459342333478e-01
9.821994970955699733e-02,1.161662021864376371e+01,2.270264573492121851e+00,1.453103414842402685e+00,-1.010363456356822981e-01
9.833877626668735550e-02,1.160407602845699415e+01,2.269702906989434776e+00,1.452793012432645137e+00,-1.009595212049530372e-01
9.845774658026155979e-02,1.159154670370859996e+01,2.269140846673887602e+00,1.452482819591029539e+00,-1.008827727338297287e-01
9.857686082419613027e-02,1.157903222643610697e+01,2.268578392537538679e+00,1.452172836571093528e+00,-1.008061003142086548e-01
9.869611917261816858e-02,1.156653257869876938e+01,2.268015544572997921e+00,1.451863063626679606e+00,-1.007295040380970230e-01
9.881552179986544115e-02,1.155404774257746858e+01,2.267452302773421469e+00,1.451553501011937364e+00,-1.006529839976133822e-01
9.893506888048642089e-02,1.154157770017472906e+01,2.266888667132521462e+00,1.451244148981323479e+00,-1.005765402849873730e-01
9.905476058924098104e-02,1.152912243361473621e+01,2.266324637644561157e+00,1.450935007789601716e+00,-1.005001729925605047e-01
9.917459710110035354e-02,1.151668192504328658e+01,2.265766569841801470e+00,1.450626077691846927e+00,-1.004238822127862668e-01
9.929457859124733721e-02,1.150425615662770085e+01,2.265209823495307084e+00,1.450317358943439494e+00,-1.003476680382294206e-01
9.941470523507679735e-02,1.149184511055693036e+01,2.264652684959439277e+00,1.450008851800071108e+00,-1.002715305615673319e-01
9.953497720819581840e-02,1.147944876904131206e+01,2.264095154222394157e+00,1.449700556517738548e+00,-1.001954698755886108e-01
9.965539468642374554e-02,1.146706711431286685e+01,2.263537231272924277e+00,1.449392473352757227e+00,-1.001194860731954711e-01
9.977595784579280924e-02,1.145470012862487508e+01,2.262978916100311544e+00,1.449084602561741653e+00,-1.000435792474009544e-01
9.989666686254819461e-02,1.144234779425222115e+01,2.262420208694392532e+00,1.448776944401623634e+00,-9.996774949133180321e-02
9.999999999000000472e-02,1.143179701961882344e+01,2.261942151383243171e+00,1.448514037223041173e+00,-9.990296927405595273e-02
1.000000000000000056e-01,1.143179701859882513e+01,2.261942151336989504e+00,1.448514037197619064e+00,-9.990296926779283770e-02
1.000000000100000064e-01,1.100726277724964852e+01,2.261942151290735836e+00,1.451543991126785338e+00,-1.052228591408413405e-01
1.000175219131481108e-01,1.100574691616435707e+01,2.261861109045544271e+00,1.451494501033999018e+00,-1.052085035903327775e-01
1.001385231742646653e-01,1.099537172324859746e+01,2.261299957252974391e+00,1.451158789916026759e+00,-1.051125896414924210e-01
1.002596708227831424e-01,1.098509053354905163e+01,2.260736638551720024e+00,1.450829198456738522e+00,-1.050200298951203676e-01
1.003809650358032379e-01,1.097481614934097038e+01,2.260172925545357980e+00,1.450499362402170478e+00,-1.049274342550166050e-01
1.005024059906387823e-01,1.096454857137173100e+01,2.259608818228215021e+00,1.450169281718291847e+00,-1.048348027841334573e-01
1.006239938648181148e-01,1.095428780037783056e+01,2.259044316595182345e+00,1.449838956371370946e+00,-1.047421355455721292e-01
1.007457288360843334e-01,1.094403383708474209e+01,2.258479420641703594e+00,1.449508386327974518e+00,-1.046494326025820681e-01
1.008676110823957112e-01,1.093378668220705840e+01,2.257914130363779304e+00,1.449177571554968402e+00,-1.045566940185611166e-01
1.009896407819254605e-01,1.092354633644858097e+01,2.257348445757978883e+00,1.448846512019520194e+00,-1.044639198570569416e-01
1.011118181130627042e-01,1.091329013635045087e+01,2.256785650340025651e+00,1.448514500517319448e+00,-1.043700934298503469e-01
1.012341432544122538e-01,1.090297702807531088e+01,2.256231714427370250e+00,1.448180251470973401e+00,-1.042733657911639605e-01
1.013566163847949703e-01,1.089267095179067368e+01,2.255677387733213912e+00,1.447845757249738963e+00,-1.041766012199888680e-01
1.014792376832481108e-01,1.088237190783211616e+01,2.255122670244851246e+00,1.447511017825215518e+00,-1.040797997833467076e-01
1.016020073290255926e-01,1.087207989652445761e+01,2.254567561950113763e+00,1.447176033169307319e+00,-1.039829615484149927e-01
1.017249255015978820e-01,1.086179491818183251e+01,2.254012062837377872e+00,1.446840803254229701e+00,-1.038860865825281254e-01
1.018479923806529241e-01,1.085151697310767638e+01,2.253456172895560883e+00,1.446505328052505535e+00,-1.037891749531767993e-01
1.019712081460958791e-01,1.084124606159467419e+01,2.252899892114117897e+00,1.446169607536964108e+00,-1.036922267280075000e-01
1.020945729780496081e-01,1.083104423674803662e+01,2.252343654380656979e+00,1.445833788119696095e+00,-1.035955317317741320e-01
1.022180870568548811e-01,1.082129821568703321e+01,2.251790168947444659e+00,1.445498784096700851e+00,-1.035008992971779979e-01
1.023417505630707242e-01,1.081155795929412378e+01,2.251236293006782851e+00,1.445163534723409304e+00,-1.034062307452471435e-01
1.024655636774743084e-01,1.080182346956931738e+01,2.250682026546093617e+00,1.444828039972360534e+00,-1.033115261414945391e-01
1.025895265810618240e-01,1.079209474850176242e+01,2.250127369553335921e+00,1.444492299816401593e+00,-1.032167855515852689e-01
1.027136394550483139e-01,1.078237179806988877e+01,2.249572322017012294e+00,1.444156314228690396e+00,-1.031220090413374341e-01
1.028379024808680486e-01,1.077265462024127807e+01,2.249016883926166166e+00,1.443820083182692171e+00,-1.030271966767210001e-01
1.029623158401748312e-01,1.076294321697282719e+01,2.248461055270385422e+00,1.443483606652188556e+00,-1.029323485238596292e-01
1.030868797148423027e-01,1.075316701352044824e+01,2.247904730131697004e+00,1.443146715453610840e+00,-1.028372730438968791e-01
1.032115942869638453e-01,1.074229277558108464e+01,2.247346355690436948e+00,1.442806928998338956e+00,-1.027391605719695095e-01
1.033364597388534284e-01,1.073142739296753234e+01,2.246787590889724129e+00,1.442466896606322990e+00,-1.026410120974116380e-01
1.034614762530454840e-01,1.072057086279940208e+01,2.246228435723965688e+00,1.442126618255788806e+00,-1.025428276905736430e-01
1.035866440122952814e-01,1.070972318218803210e+01,2.245668890188113220e+00,1.441786093925279122e+00,-1.024446074219632630e-01
1.037119631995792046e-01,1.069888434823659829e+01,2.245108954277672098e+00,1.441445323593658179e+00,-1.023463513622466931e-01
1.038374339980950856e-01,1.068805435804008219e+01,2.244548627988699252e+00,1.441104307240105964e+00,-1.022480595822475441e-01
1.039630565912620513e-01,1.067723320868522308e+01,2.243987911317797845e+00,1.440763044844125762e+00,-1.021497321529470370e-01
1.040888311627215096e-01,1.066644539934949520e+01,2.243426701884375429e+00,1.440422556834736634e+00,-1.020518455901992388e-01
1.042147578963368709e-01,1.065596159810610821e+01,2.242863865924923594e+00,1.440094137545216313e+00,-1.019596726938367254e-01
1.043408369761940069e-01,1.064548573923886643e+01,2.242300638078673636e+00,1.439765475183116594e+00,-1.018674647135728722e-01
1.044670685866015136e-01,1.063501782137403673e+01,2.241737018344246213e+00,1.439436569715906389e+00,-1.017752217132682213e-01
1.045934529120910450e-01,1.062455784312833451e+01,2.241173006720818428e+00,1.439107421111348373e+00,-1.016829437569309741e-01
1.047199901374171738e-01,1.061410580310896457e+01,2.240608603208127381e+00,1.438778029337506759e+00,-1.015906309087174775e-01
1.048466804475583491e-01,1.060366169991369389e+01,2.240043807806474163e+00,1.438448394362745741e+00,-1.014982832329324042e-01
1.049735240277166748e-01,1.059322553213074691e+01,2.239478620516717200e+00,1.438118516155725723e+00,-1.014059007940281421e-01
1.051005210633182974e-01,1.058279848424079006e+01,2.238914102004998963e+00,1.437788339610363231e+00,-1.013132450354848474e-01
1.052276717400137257e-01,1.057238517343077788e+01,2.238354394063155173e+00,1.437457649728214548e+00,-1.012193840184988231e-01
1.053549762436781501e-01,1.056197977466363724e+01,2.237794295829333979e+00,1.437126716601484056e+00,-1.011254877121035012e-01
1.054824347604113310e-01,1.055158228652237185e+01,2.237233807300643029e+00,1.436795540200635379e+00,-1.010315561821608088e-01
1.056100474765384600e-01,1.054119270758046945e+01,2.236672928474735311e+00,1.436464120496431907e+00,-1.009375894946826363e-01
1.057378145786100898e-01,1.053081103640214877e+01,2.236111659349829139e+00,1.436132457459943446e+00,-1.008435877158333355e-01
1.058657362534024121e-01,1.052043727154219610e+01,2.235549999924691722e+00,1.435800551062543784e+00,-1.007495509119274296e-01
1.059938126879176185e-01,1.051007141154603985e+01,2.234987950198648488e+00,1.435468401275908246e+00,-1.006554791494305851e-01
1.061220440693842193e-01,1.049974134270256698e+01,2.234427688001521251e+00,1.435135790744882289e+00,-1.005609554578676679e-01
1.062504305852569053e-01,1.048947386623156497e+01,2.233871319262667132e+00,1.434802509379969226e+00,-1.004655764004158403e-01
1.063789724232175188e-01,1.047921406563860280e+01,2.233314561856511116e+00,1.434468984515060219e+00,-1.003701619202397033e-01
1.065076697711747761e-01,1.046896193981000955e+01,2.232757415778398702e+00,1.434135216123918033e+00,-1.002747120850812634e-01
1.066365228172648089e-01,1.045871748762252373e+01,2.232199881024223398e+00,1.433801204180611855e+00,-1.001792269628358212e-01
1.067655317498513029e-01,1.044848070794335548e+01,2.231641957590424941e+00,1.433466948659520845e+00,-1.000837066215523596e-01
1.068946967575259421e-01,1.043825159963031446e+01,2.231083645474002175e+00,1.433132449535335917e+00,-9.998815112943484906e-02
1.070240180291082560e-01,1.042803016153159312e+01,2.230524944672497512e+00,1.432797706783053293e+00,-9.989256055483956842e-02
1.071534957536465216e-01,1.041768302659036216e+01,2.229967877449760660e+00,1.432463728968992989e+00,-9.979678643056789922e-02
1.072831301204176246e-01,1.040724680849148065e+01,2.229411896842653285e+00,1.432130243373982204e+00,-9.970086867923406981e-02
1.074129213189274484e-01,1.039681889119245994e+01,2.228855528355636828e+00,1.431796514606446413e+00,-9.960491558536804790e-02
1.075428695389111233e-01,1.038639927240662431e+01,2.228298771985023130e+00,1.431462542641105173e+00,-9.950892721759763138e-02
1.076729749703334293e-01,1.037598794983891004e+01,2.227741627727680473e+00,1.431128327452990234e+00,-9.941290364470627139e-02
1.078032378033886435e-01,1.036558492118579267e+01,2.227184095581028256e+00,1.430793869017443321e+00,-9.931684493563221194e-02
1.079336582285014834e-01,1.035519018413517855e+01,2.226626175543024111e+00,1.430459167310111690e+00,-9.922075115946710211e-02
1.080642364363269131e-01,1.034480373636665540e+01,2.226067867612186557e+00,1.430124222306958126e+00,-9.912462238545848014e-02
1.081949726177505594e-01,1.033465624063376609e+01,2.225511525593942164e+00,1.429795333361989051e+00,-9.903214923379816126e-02
1.083258669638889754e-01,1.032454439829056625e+01,2.224955081618079866e+00,1.429466968344268674e+00,-9.894009007457692240e-02
1.084569196660900570e-01,1.031444012682123201e+01,2.224398249508107828e+00,1.429138361469163065e+00,-9.884799630991032704e-02
1.085881309159328206e-01,1.030434342510348955e+01,2.223841029261010238e+00,1.428809512706696871e+00,-9.875586800444535740e-02
1.087195009052284445e-01,1.029425429200561126e+01,2.223283420874317073e+00,1.428480422027191388e+00,-9.866370522297661372e-02
1.088510298260200043e-01,1.028417272638665736e+01,2.222725424346116530e+00,1.428151089401276108e+00,-9.857150803044849308e-02
1.089827178705829319e-01,1.027409872709625915e+01,2.222167039675045697e+00,1.427821514799877400e+00,-9.847927649195284405e-02
1.091145652314252507e-01,1.026413327548939236e+01,2.221610239612625826e+00,1.427491724051214161e+00,-9.838666419877220570e-02
1.092465721012880198e-01,1.025444007557597992e+01,2.221058235428442718e+00,1.427161759321311507e+00,-9.829310692337642208e-02
1.093787386731451261e-01,1.024475347278301207e+01,2.220505844891945468e+00,1.426831552717536367e+00,-9.819951471511702279e-02
1.095110651402042556e-01,1.023507346745079793e+01,2.219953067997092688e+00,1.426501104212227533e+00,-9.810588764020018726e-02
1.096435516959067269e-01,1.022540005990960843e+01,2.219399904738390550e+00,1.426170413778028223e+00,-9.801222576498390404e-02
1.097761985339278795e-01,1.021573325047945247e+01,2.218846355110883017e+00,1.425839481387881857e+00,-9.791852915597586138e-02
1.099090058481773657e-01,1.020607303947044997e+01,2.218292419110164282e+00,1.425508307015040055e+00,-9.782479787983633379e-02
1.100419738327995250e-01,1.019641942718255123e+01,2.217738096732371655e+00,1.425176890633058191e+00,-9.773103200337616980e-02
1.101751026821732732e-01,1.018624579970980548e+01,2.217178503003516710e+00,1.424849719810448834e+00,-9.763944849173371299e-02
1.103083925909129903e-01,1.017588497053885099e+01,2.216616707698831235e+00,1.424523974117382297e+00,-9.754865402692462772e-02
1.104418437538684100e-01,1.016553270042221335e+01,2.216054524026668471e+00,1.424197987762318762e+00,-9.745782576395330132e-02
1.105754563661249662e-01,1.015518898631564504e+01,2.215491951991456876e+00,1.423871760713891765e+00,-9.736696376706334422e-02
1.107092306230041262e-01,1.014485382516752310e+01,2.214928991598194230e+00,1.423545292941031493e+00,-9.727606810064502729e-02
1.108431667200637794e-01,1.013452721391874611e+01,2.214365642852441862e+00,1.423218584412967003e+00,-9.718513882923435210e-02
1.109772648530980566e-01,1.012420914950279993e+01,2.213801905760324207e+00,1.422891635099223784e+00,-9.709417601751324511e-02
1.111115252181382740e-01,1.011407351403482657e+01,2.213241375387858145e+00,1.422564027233112816e+00,-9.700238720827128458e-02
1.112459480114528360e-01,1.010446390398636929e+01,2.212691182327202188e+00,1.422234932436981625e+00,-9.690820007651608503e-02
1.113805334295475680e-01,1.009486094460649319e+01,2.212140604549331258e+00,1.421905596678635808e+00,-9.681397805200188389e-02
1.115152816691660220e-01,1.008526463600516365e+01,2.211589642048846560e+00,1.421576019930984591e+00,-9.671972120192794120e-02
1.116501929272899069e-01,1.007567497828232028e+01,2.211038294820878658e+00,1.421246202167236516e+00,-9.662542959364452122e-02
1.117852674011388658e-01,1.006609197152816471e+01,2.210486562861111892e+00,1.420916143360907435e+00,-9.653110329465564021e-02
1.119205052881715179e-01,1.005651561582308062e+01,2.209934446165771060e+00,1.420585843485817623e+00,-9.643674237261781745e-02
1.120559067860852354e-01,1.004694591123753078e+01,2.209381944731621861e+00,1.420255302516088891e+00,-9.634234689533938134e-02
1.121914720928165604e-01,1.003732847388286054e+01,2.208829838188394401e+00,1.419926628963734672e+00,-9.625076000138654830e-02
1.123272014065414964e-01,1.002770747665983997e+01,2.208277495095801068e+00,1.419598116465015769e+00,-9.615968114379065679e-02
1.124630949256759382e-01,1.001809329958591555e+01,2.207724766800218230e+00,1.419269363085541302e+00,-9.606856848460886000e-02
1.125991528488754501e-01,1.000848594243139011e+01,2.207171653298738434e+00,1.418940368797736218e+00,-9.597742208858456303e-02
1.127353753750362925e-01,9.998885404956933343e+00,2.206618154589006231e+00,1.418611133574326999e+00,-9.588624202060810897e-02
1.128717627032952420e-01,9.989291686913640334e+00,2.206064270669210625e+00,1.418281657388345440e+00,-9.579502834571695935e-02
1.130083150330299657e-01,9.979704788042917940e+00,2.205510001538089515e+00,1.417951940213124873e+00,-9.570378112909486146e-02
1.131450325638593546e-01,9.969970036913665012e+00,2.204955297590071250e+00,1.417623415900579387e+00,-9.561237245641637794e-02
1.132819154956438146e-01,9.960084645834252015e+00,2.204400157750209921e+00,1.417296116755740742e+00,-9.552079931544996128e-02
1.134189640284856276e-01,9.950206914573506367e+00,2.203844632726972730e+00,1.416968577415168573e+00,-9.542919249409523297e-02
1.135561783627288129e-01,9.940336841443411231e+00,2.203288722521515197e+00,1.416640797850840627e+00,-9.533755205796609622e-02
1.136935586989601538e-01,9.930474424747384177e+00,2.202732427135544402e+00,1.416312778035035302e+00,-9.524587807282425267e-02
1.138311052380089478e-01,9.920619662780254089e+00,2.202175746571318093e+00,1.415984517940329646e+00,-9.515417060457867504e-02
1.139688181809474649e-01,9.910772553828339326e+00,2.201618680831649133e+00,1.415656017539606015e+00,-9.506242971928605123e-02
1.141066977290912388e-01,9.901061044866263927e+00,2.201063314050004216e+00,1.415327578233813499e+00,-9.497079400346015998e-02
1.142447440839994693e-01,9.891826624790521549e+00,2.200515225512265527e+00,1.415000006955400291e+00,-9.487963391035131311e-02
1.143829574474748562e-01,9.882598273408271794e+00,2.199966753750315807e+00,1.414672195617045158e+00,-9.478844000845139395e-02
1.145213380215645699e-01,9.873375991477672642e+00,2.199417898759090217e+00,1.414344144191499009e+00,-9.469721236269672271e-02
1.146598860085601274e-01,9.864159779747067702e+00,2.198868660534073260e+00,1.414015852651818506e+00,-9.460595103817173723e-02
1.147986016109977803e-01,9.854949638954925817e+00,2.198319039071284564e+00,1.413687320971362071e+00,-9.451465610010800766e-02
1.149374850316587787e-01,9.845745569829871258e+00,2.197769034367286434e+00,1.413358549123788332e+00,-9.442332761388427809e-02
1.150765364735698432e-01,9.836547573090699714e+00,2.197218646419188737e+00,1.413029537083061005e+00,-9.433196564502693837e-02
1.152157561400029423e-01,9.826708107813194815e+00,2.196666689390120997e+00,1.412702502240866798e+00,-9.424068765471840803e-02
1.153551442344763339e-01,9.816874278208819860e+00,2.196114344873578261e+00,1.412375235191110079e+00,-9.414937659692351746e-02
1.154947009607543706e-01,9.807048249538841134e+00,2.195561616832821805e+00,1.412047728495715804e+00,-9.405803214469861395e-02
1.156344265228479162e-01,9.797230019698083936e+00,2.195008505268353005e+00,1.411719982127816131e+00,-9.396665436383579151e-02
1.157743211250146231e-01,9.787419586573246733e+00,2.194455010181217691e+00,1.411391996060842757e+00,-9.387524332027406826e-02
1.159143849717594321e-01,9.777616948043078793e+00,2.193901131573015917e+00,1.411063770268532469e+00,-9.378379908010033017e-02
1.160546182678342808e-01,9.767822101978207883e+00,2.193346869445893965e+00,1.410735304724922257e+00,-9.369232170954804040e-02
1.161950212182392000e-01,9.758146872791927606e+00,2.192790045626009210e+00,1.410410742427937514e+00,-9.360167727800552950e-02
1.163355940282221196e-01,9.748500087279159843e+00,2.192232428692751256e+00,1.410086719352429574e+00,-9.351116238619429366e-02
1.164763369032792428e-01,9.738860720201609311e+00,2.191674427531564717e+00,1.409762457750517894e+00,-9.342061450969260661e-02
1.166172500491554076e-01,9.729228770042837482e+00,2.191116042149268583e+00,1.409437957592801105e+00,-9.333003371386558444e-02
1.167583336718444748e-01,9.719604235277923721e+00,2.190557272553240953e+00,1.409113218850174709e+00,-9.323942006422418494e-02
1.168995879775891755e-01,9.709987114373452854e+00,2.189998118751420808e+00,1.408788241493830196e+00,-9.314877362642511038e-02
1.170410131728820968e-01,9.700377405787572016e+00,2.189438580752307129e+00,1.408463025495257037e+00,-9.305809446627102965e-02
1.171826094644655147e-01,9.690895811673609472e+00,2.188885325941527960e+00,1.408140926116941083e+00,-9.296956292669007749e-02
1.173243770593318247e-01,9.681461787721529433e+00,2.188333927601382900e+00,1.407819715928558812e+00,-9.288173093225247923e-02
1.174663161647238468e-01,9.672034733831058162e+00,2.187782146332716948e+00,1.407498267986269092e+00,-9.279386616416093747e-02
1.176084269881352562e-01,9.662614649163433711e+00,2.187229982136330353e+00,1.407176582258256925e+00,-9.270596868458769180e-02
1.177507097373103745e-01,9.653201532870953727e+00,2.186677435013575810e+00,1.406854658713002637e+00,-9.261803855584689604e-02
1.178931646202452110e-01,9.643795384096980783e+00,2.186124504966353577e+00,1.406532497319275876e+00,-9.253007584039434075e-02
1.180357918451873100e-01,9.634396201975945928e+00,2.185571191997117246e+00,1.406210098046140944e+00,-9.244208060082759193e-02
1.181785916206361392e-01,9.624402885002927732e+00,2.185018337067815342e+00,1.405884028168569166e+00,-9.234945025401877783e-02
1.183215641553433950e-01,9.614179592267223740e+00,2.184465434874096168e+00,1.405556354972585575e+00,-9.225495640142394871e-02
1.184647096583134745e-01,9.603965666597517270e+00,2.183912151255779754e+00,1.405228443234970648e+00,-9.216042901204750393e-02
1.186080283388032397e-01,9.593761102581211730e+00,2.183358486218033523e+00,1.404900292931537287e+00,-9.206586815580877770e-02
1.187515204063230995e-01,9.583565894801973073e+00,2.182804439766576010e+00,1.404571904038400820e+00,-9.197127390277987091e-02
1.188951860706367603e-01,9.573380037839733347e+00,2.182250011907678644e+00,1.404243276531981444e+00,-9.187664632318560953e-02
1.190390255417617671e-01,9.563203526270696031e+00,2.181695202648164855e+00,1.403914410389003553e+00,-9.178198548740343354e-02
1.191830390299696979e-01,9.553675898208481954e+00,2.181143350814636950e+00,1.403590183457334106e+00,-9.169153408887427414e-02
1.193272267457866492e-01,9.544378117054293398e+00,2.180592279852728410e+00,1.403267417122654903e+00,-9.160252708913686759e-02
1.194715888999930420e-01,9.535087200125559548e+00,2.180040827299294826e+00,1.402944413232083631e+00,-9.151348750704560442e-02
1.196161257036246900e-01,9.525803146607112026e+00,2.179488993157229881e+00,1.402621171756524232e+00,-9.142441540671085443e-02
1.197608373679725502e-01,9.516525955674952186e+00,2.178936777429973048e+00,1.402297692667172635e+00,-9.133531085238627556e-02
1.199057241045832500e-01,9.507255626496254663e+00,2.178384180121514913e+00,1.401973975935523420e+00,-9.124617390846932741e-02
1.200507861252593234e-01,9.497992158229433102e+00,2.177831201236398950e+00,1.401650021533367374e+00,-9.115700463950138221e-02
1.201960236420596684e-01,9.489005791585508831e+00,2.177284100834965042e+00,1.401327508687486789e+00,-9.106924977278983702e-02
1.203414368672993395e-01,9.480082306472676024e+00,2.176737935870391549e+00,1.401005111444646900e+00,-9.098176659843844327e-02
1.204870260135506577e-01,9.471164823711017533e+00,2.176191390577091322e+00,1.400682476827116218e+00,-9.089425106935235255e-02
1.206327912936429603e-01,9.462253343757835111e+00,2.175644464953585544e+00,1.400359604805765379e+00,-9.080670324801194682e-02
1.207787329206631011e-01,9.453347867060962528e+00,2.175097158998932745e+00,1.400036495351759669e+00,-9.071912319703800964e-02
1.209248511079556859e-01,9.444448394058969853e+00,2.174549472712740794e+00,1.399713148436562360e+00,-9.063151097919400212e-02
1.210711460691235863e-01,9.435554925180980490e+00,2.174001406095157574e+00,1.399389564031930933e+00,-9.054386665738393958e-02
1.212176180180276758e-01,9.426101389967783462e+00,2.173447499734820099e+00,1.399068746000637020e+00,-9.045469170148025262e-02
1.213642671687879676e-01,9.416636815963713047e+00,2.172893032945407032e+00,1.398747790152186976e+00,-9.036543524077431111e-02
1.215110937357833792e-01,9.407179813501667098e+00,2.172338184987056664e+00,1.398426597838428265e+00,-9.027614654287295648e-02
1.216580979336521900e-01,9.397730380403602979e+00,2.171782955868394094e+00,1.398105169029777217e+00,-9.018682567279749651e-02
1.218052799772923189e-01,9.388288514483937419e+00,2.171227345598608860e+00,1.397783503696947927e+00,-9.009747269571367900e-02
1.219526400818618378e-01,9.378854213549539409e+00,2.170671354187442503e+00,1.397461601810948029e+00,-9.000808767693121992e-02
1.221001784627787218e-01,9.369539226299901102e+00,2.170116656996718962e+00,1.397140402018738570e+00,-8.991930381952183138e-02
1.222478953357219317e-01,9.360790154755319392e+00,2.169569965880480122e+00,1.396823665135103365e+00,-8.983365728431400021e-02
1.223957909166312197e-01,9.352046852336941996e+00,2.169022894951896152e+00,1.396506692841960051e+00,-8.974797870835769797e-02
1.225438654217076151e-01,9.343309319724800943e+00,2.168475444211570569e+00,1.396189485105837624e+00,-8.966226815222232138e-02
1.226921190674136741e-01,9.334577557589573971e+00,2.167927613660651343e+00,1.395872041893553295e+00,-8.957652567661547605e-02
1.228405520704739656e-01,9.325851566592671560e+00,2.167379403300832230e+00,1.395554363172210932e+00,-8.949075134238408669e-02
1.229891646478749045e-01,9.317131347386137463e+00,2.166830813134354106e+00,1.395236448909200400e+00,-8.940494521051307875e-02
1.231379570168657372e-01,9.308131783080526134e+00,2.166281941421748236e+00,1.394916908239288933e+00,-8.931719269927984595e-02
1.232869293949584583e-01,9.298746007793393886e+00,2.165732826082739759e+00,1.394595213231105912e+00,-8.922676696462987500e-02
1.234360819999281988e-01,9.289367820960544364e+00,2.165183331853493875e+00,1.394273282167923345e+00,-8.913630877294591304e-02
1.235854150498135323e-01,9.279997220229205368e+00,2.164633458739392058e+00,1.393951115022097786e+00,-8.904581819056936465e-02
1.237349287629169597e-01,9.270634203239238147e+00,2.164083206746361565e+00,1.393628711766279782e+00,-8.895529528398755936e-02
1.238846233578047157e-01,9.261278767623348784e+00,2.163532575880884767e+00,1.393306072373417637e+00,-8.886474011983490351e-02
1.240344990533078090e-01,9.251930911006919445e+00,2.162981566149988044e+00,1.392983196816752978e+00,-8.877415276489167284e-02
1.241845560685218980e-01,9.242900694542347750e+00,2.162431914695617241e+00,1.392661822550662176e+00,-8.868672387805362489e-02
1.243347946228076650e-01,9.233992516871504463e+00,2.161882531012932596e+00,1.392340859252364949e+00,-8.860045175351839719e-02
1.244852149357912052e-01,9.225090747823976756e+00,2.161332768128354065e+00,1.392019659853406699e+00,-8.851414833267665094e-02
1.246358172273644149e-01,9.216195386986166582e+00,2.160782626047497157e+00,1.391698224325256694e+00,-8.842781367812257987e-02
1.247866017176848669e-01,9.207306433935658063e+00,2.160232104776524054e+00,1.391376552639679298e+00,-8.834144785258916943e-02
1.249375686271768510e-01,9.198423888241276103e+00,2.159681204322148051e+00,1.391054644768734194e+00,-8.825505091894829401e-02
1.250887181765311940e-01,9.189512660795505994e+00,2.159130061898622444e+00,1.390733109014806956e+00,-8.816867187857396759e-02
1.252400505867057035e-01,9.180256679254901186e+00,2.158579915811972505e+00,1.390417436133339235e+00,-8.808275211310440111e-02
1.253915660789255426e-01,9.171008160716082713e+00,2.158029390761607491e+00,1.390101528921473983e+00,-8.799680085269089014e-02
1.255432648746835911e-01,9.161767102908457971e+00,2.157478486754820235e+00,1.389785387346380574e+00,-8.791081815918611042e-02
1.256951471957403199e-01,9.152533503554229455e+00,2.156927203799460457e+00,1.389469011375515706e+00,-8.782480409458212622e-02
1.258472132641249019e-01,9.143307360368369885e+00,2.156375541903931659e+00,1.389152400976623181e+00,-8.773875872100989071e-02
1.259994633021349619e-01,9.134088671058629316e+00,2.155823501077188009e+00,1.388835556117730574e+00,-8.765268210073892674e-02
1.261518975323370761e-01,9.124886972079879754e+00,2.155274945822271082e+00,1.388515537771983999e+00,-8.756395671231628763e-02
1.263045161775670500e-01,9.115702008839379644e+00,2.154729792059384863e+00,1.388192410502400609e+00,-8.747263994703262380e-02
1.264573194609304452e-01,9.106524439413377081e+00,2.154184261897835295e+00,1.387869047630759578e+00,-8.738129092129477693e-02
1.266103076058023580e-01,9.097354261577581980e+00,2.153638355342195609e+00,1.387545449132497222e+00,-8.728990970304607855e-02
1.267634808358284459e-01,9.088191473100426521e+00,2.153092072397579049e+00,1.387221614983348505e+00,-8.719849636037738105e-02
1.269168393749248724e-01,9.079036071743173508e+00,2.152545413069645974e+00,1.386897545159346601e+00,-8.710705096152770999e-02
1.270703834472786398e-01,9.069888055259903936e+00,2.151998377364601200e+00,1.386573239636824884e+00,-8.701557357488433342e-02
1.272241132773480610e-01,9.060819568262946433e+00,2.151448174808188618e+00,1.386258629138594101e+00,-8.692975282199401355e-02
1.273780290898629819e-01,9.051760292211925574e+00,2.150897515480990396e+00,1.385944065363202471e+00,-8.684406137228461997e-02
1.275321311098248922e-01,9.042708186446995811e+00,2.150346478113580595e+00,1.385629268073856224e+00,-8.675833877176558628e-02
1.276864195625077858e-01,9.033663249067279466e+00,2.149795062715884164e+00,1.385314237237785795e+00,-8.667258508257702498e-02
1.278408946734580498e-01,9.024625478164486125e+00,2.149243269298388270e+00,1.384998972822506502e+00,-8.658680036699839544e-02
1.279955566684950474e-01,9.015594871822868228e+00,2.148691097872133859e+00,1.384683474795818992e+00,-8.650098468744731040e-02
1.281504057737112012e-01,9.006937440374025883e+00,2.148145541765590139e+00,1.384365418641326784e+00,-8.641501079611295377e-02
1.283054422154726870e-01,8.998665613945551200e+00,2.147606868626412702e+00,1.384044715063000641e+00,-8.632887354648967337e-02
1.284606662204191008e-01,8.990398987280714849e+00,2.147067820406042493e+00,1.383723776406474704e+00,-8.624270501568069569e-02
1.286160780154646244e-01,8.982137561514687008e+00,2.146528397102971386e+00,1.383402602645064761e+00,-8.615650526630969086e-02
1.287716778277978869e-01,8.973881337773633504e+00,2.145988598716228157e+00,1.383081193752386584e+00,-8.607027436114045305e-02
1.289274658848822419e-01,8.965630317174641206e+00,2.145448425245374047e+00,1.382759549702348600e+00,-8.598401236307587348e-02
1.290834424144563786e-01,8.957366781379080933e+00,2.144907547132031134e+00,1.382438245074073535e+00,-8.589786050753964175e-02
1.292396076445345432e-01,8.948827366046963050e+00,2.144361057817303351e+00,1.382125834657429220e+00,-8.581392034116860912e-02
1.293959618034064563e-01,8.940293915660225466e+00,2.143814191858881113e+00,1.381813191607620839e+00,-8.572994931524544060e-02
1.295525051196383948e-01,8.931766430201898643e+00,2.143266949263731735e+00,1.381500315890613173e+00,-8.564594749009568631e-02
1.297092378220731090e-01,8.923244909646298240e+00,2.142719330039371872e+00,1.381187207472653666e+00,-8.556191492618087091e-02
1.298661601398301280e-01,8.914729353959080171e+00,2.142171334193868404e+00,1.380873866320269094e+00,-8.547785168409836876e-02
1.300232723023061476e-01,8.906219763097208642e+00,2.141622961735839326e+00,1.380560292400270450e+00,-8.539375782458148711e-02
1.301805745391756142e-01,8.897460773704239045e+00,2.141075700695629802e+00,1.380246491656501151e+00,-8.530864500165528941e-02
1.303380670803903629e-01,8.888586979103648034e+00,2.140528772342554564e+00,1.379932461078536399e+00,-8.522303051423645026e-02
1.304957501561808397e-01,8.879720163808274336e+00,2.139981468095083272e+00,1.379618197817037428e+00,-8.513738509352485051e-02
1.306536239970558788e-01,8.870860326060785894e+00,2.139433787962126132e+00,1.379303701840223884e+00,-8.505170880200367545e-02
1.308116888338032580e-01,8.862007464096379294e+00,2.138885731953140912e+00,1.378988973116599848e+00,-8.496600170229448579e-02
1.309699448974898373e-01,8.853161576142866807e+00,2.138337300078137826e+00,1.378674011614952510e+00,-8.488026385715753686e-02
1.311283924194622530e-01,8.844198084236827739e+00,2.137789329342415723e+00,1.378357555443019411e+00,-8.479343001326915263e-02
1.312870316313465846e-01,8.835005126241513906e+00,2.137242576710449260e+00,1.378038463984753381e+00,-8.470453732048427442e-02
1.314458627650495481e-01,8.825820172332074165e+00,2.136695449300231253e+00,1.377719138967542500e+00,-8.461561351472723924e-02
1.316048860527583020e-01,8.816643218764378176e+00,2.136147947122223112e+00,1.377399580365205933e+00,-8.452665866260215821e-02
1.317641017269408354e-01,8.807474261789126402e+00,2.135600070187434252e+00,1.377079788151855055e+00,-8.443767283085708286e-02
1.319235100203464683e-01,8.798313297651805698e+00,2.135051818507424759e+00,1.376759762301897227e+00,-8.434865608638349166e-02
1.320831111660061563e-01,8.789223543287208784e+00,2.134503419743118080e+00,1.376440226904114272e+00,-8.426010466942006338e-02
1.322429053972324353e-01,8.781138500293204530e+00,2.133958240391961247e+00,1.376131892943626367e+00,-8.417935738989180960e-02
1.324028929476205041e-01,8.773058563862097259e+00,2.133412685522938279e+00,1.375823327918617611e+00,-8.409858009297842274e-02
1.325630740510479466e-01,8.764983735057603198e+00,2.132866755143780324e+00,1.375514531792377593e+00,-8.401777283611472358e-02
1.327234489416753704e-01,8.756914014934682911e+00,2.132320449262772755e+00,1.375205504528473455e+00,-8.393693567686694168e-02
1.328840178539466843e-01,8.748849404539475572e+00,2.131773767888749394e+00,1.374896246090744789e+00,-8.385606867293146638e-02
1.330447810225895144e-01,8.740789904909311403e+00,2.131226711031095622e+00,1.374586756443310520e+00,-8.377517188213549904e-02
1.332057386826150658e-01,8.731874527329628322e+00,2.130677463060645760e+00,1.374272853616304024e+00,-8.368933395792656216e-02
1.333668910693192600e-01,8.722780548640914233e+00,2.130127447364332571e+00,1.373957813836614417e+00,-8.360240280485410624e-02
1.335282384182825688e-01,8.713694524870552627e+00,2.129577056896531762e+00,1.373642541913867365e+00,-8.351544117046508231e-02
1.336897809653704583e-01,8.704616452217823763e+00,2.129026291672654114e+00,1.373327037818856677e+00,-8.342844911975376421e-02
1.338515189467337496e-01,8.695546326877002130e+00,2.128475151708667301e+00,1.373011301522661931e+00,-8.334142671785432777e-02
1.340134525988090630e-01,8.686484145037407956e+00,2.127923637021093661e+00,1.372695332996651807e+00,-8.325437403004157244e-02
1.341755821583187069e-01,8.677939021855310742e+00,2.127379204209190799e+00,1.372382947987332180e+00,-8.317020335617797411e-02
1.343379078622717326e-01,8.669697296560947564e+00,2.126838751920236081e+00,1.372072559847645090e+00,-8.308770292646623645e-02
1.345004299479638232e-01,8.661461268821128101e+00,2.126297926327772814e+00,1.371761940649369960e+00,-8.300517224470420341e-02
1.346631486529777100e-01,8.653230938743428524e+00,2.125756727436998617e+00,1.371451090358881686e+00,-8.292261137040743413e-02
1.348260642151836164e-01,8.645006306426958886e+00,2.125215155253656896e+00,1.371140008942839605e+00,-8.284002036322592188e-02
1.349891768727395913e-01,8.636787371962356019e+00,2.124673209784034178e+00,1.370828696368181943e+00,-8.275739928294342795e-02
1.351524868640914534e-01,8.628305668432444619e+00,2.124130849982026170e+00,1.370514699245427126e+00,-8.267250418530029676e-02
1.353159944279739013e-01,8.619547495815574223e+00,2.123588074217719779e+00,1.370197881444258359e+00,-8.258521078937745841e-02
1.354796998034103195e-01,8.610796521738912190e+00,2.123044926035806412e+00,1.369880831456603554e+00,-8.249788684239145464e-02
1.356436032297131944e-01,8.602052743719550421e+00,2.122501405445999634e+00,1.369563549255886192e+00,-8.241053240981235928e-02
1.358077049464846420e-01,8.593316159268182375e+00,2.121957512458561457e+00,1.369246034815820634e+00,-8.232314755725191058e-02
1.359720051936167129e-01,8.584586765889032023e+00,2.121413247084294795e+00,1.368928288110411007e+00,-8.223573235046301166e-02
1.361365042112913093e-01,8.576050584961084411e+00,2.120868903263813721e+00,1.368614610512236318e+00,-8.215086030521638605e-02
1.363012022399812395e-01,8.567815186462766519e+00,2.120324651672762961e+00,1.368307512284407945e+00,-8.207003268278173502e-02
1.364660995204502458e-01,8.559585654823530732e+00,2.119780026643934612e+00,1.368000184249151152e+00,-8.198917545954381714e-02
1.366311962937531710e-01,8.551361989785032591e+00,2.119235028187929082e+00,1.367692626370558440e+00,-8.190828869380933908e-02
1.367964928012365966e-01,8.543144191080790151e+00,2.118689656315903225e+00,1.367384838613004749e+00,-8.182737244401705468e-02
1.369619892845392317e-01,8.534932258436082719e+00,2.118143911039562788e+00,1.367076820941135251e+00,-8.174642676873609959e-02
1.371276859855916352e-01,8.526674455841124711e+00,2.117598906177175166e+00,1.366767668382611767e+00,-8.166451587391149181e-02
1.372935831466175205e-01,8.518318849728604647e+00,2.117055766526579674e+00,1.366456467324373758e+00,-8.158069493798508764e-02
1.374596810101335054e-01,8.509969524587477352e+00,2.116512254641961022e+00,1.366145035747315939e+00,-8.149684409846234823e-02
1.376259798189495565e-01,8.501626479434072792e+00,2.115968370534385468e+00,1.365833373620110702e+00,-8.141296341722616126e-02
1.377924798161694331e-01,8.493289713277052400e+00,2.115424114215468610e+00,1.365521480911712660e+00,-8.132905295629538900e-02
1.379591812451911315e-01,8.484959225117332693e+00,2.114879485697370498e+00,1.365209357591355976e+00,-8.124511277782428542e-02
1.381260843497067181e-01,8.476593466621526574e+00,2.114335558801299086e+00,1.364897127277023392e+00,-8.116082243512451333e-02
1.382931893737034679e-01,8.468146543493370260e+00,2.113793526270179246e+00,1.364584927377694212e+00,-8.107582582388565828e-02
1.384604965614636418e-01,8.459706249738044193e+00,2.113251122390480408e+00,1.364272497016175034e+00,-8.099079919444315823e-02
1.386280061575651534e-01,8.451272583716230358e+00,2.112708347173319012e+00,1.363959836162704331e+00,-8.090574261010922974e-02
1.387957184068817351e-01,8.442845543781437812e+00,2.112165200630355066e+00,1.363646944787799464e+00,-8.082065613433346563e-02
1.389636335545834933e-01,8.434425128280150119e+00,2.111621682773799691e+00,1.363333822862266898e+00,-8.073553983070391737e-02
1.391317518461367142e-01,8.426032214925596620e+00,2.111078168714464187e+00,1.363022716173223348e+00,-8.065150119662232997e-02
1.393000735273051682e-01,8.417683899493303201e+00,2.110534967348359991e+00,1.362715476653529434e+00,-8.056945307748050733e-02
1.394685988441496660e-01,8.409342040503306137e+00,2.109991394325892777e+00,1.362408008042988783e+00,-8.048737543562070607e-02
1.396373280430288355e-01,8.401006636558753016e+00,2.109447449659616503e+00,1.362100310307376994e+00,-8.040526833119535088e-02
1.398062613705992607e-01,8.392677686255540337e+00,2.108903133362634019e+00,1.361792383412746110e+00,-8.032313182448982958e-02
1.399753990738161202e-01,8.384355188182224694e+00,2.108358445448593521e+00,1.361484227325421292e+00,-8.024096597592220159e-02
1.401447413999329095e-01,8.376186459445559507e+00,2.107817709635660730e+00,1.361174770726151673e+00,-8.015819426212404675e-02
1.403142885965026621e-01,8.368219281642410579e+00,2.107282349154551593e+00,1.360863660907288608e+00,-8.007462664139780584e-02
1.404840409113778388e-01,8.360257634493665435e+00,2.106746619258659248e+00,1.360552321200459769e+00,-7.999102913798973591e-02
1.406539985927106051e-01,8.352301518055748275e+00,2.106210519953587657e+00,1.360240751575610973e+00,-7.990740181360687922e-02
1.408241618889535252e-01,8.344350932376876528e+00,2.105674051245474132e+00,1.359928952002970481e+00,-7.982374473009198890e-02
1.409945310488597281e-01,8.336405877497149675e+00,2.105137213140995112e+00,1.359616922453048105e+00,-7.974005794942398695e-02
1.411651063214829360e-01,8.328152462865441308e+00,2.104596273471784684e+00,1.359307863195461819e+00,-7.965700376184124687e-02
1.413358879561785741e-01,8.319645698334237949e+00,2.104051870692664750e+00,1.359001227007713641e+00,-7.957446887791967682e-02
1.415068762026036597e-01,8.311146034491152079e+00,2.103507097039483575e+00,1.358694362389486487e+00,-7.949190466293443169e-02
1.416780713107171075e-01,8.302653468654131785e+00,2.102961952528025869e+00,1.358387269307000267e+00,-7.940931117802763062e-02
1.418494735307803956e-01,8.294167998135323572e+00,2.102416437174632335e+00,1.358079947726752224e+00,-7.932668848447606280e-02
1.420210831133576768e-01,8.285689620240983544e+00,2.101870550996196574e+00,1.357772397615513160e+00,-7.924403664369028544e-02
1.421929003093163613e-01,8.277681552928694231e+00,2.101330969237663382e+00,1.357464783313788503e+00,-7.916227145849417945e-02
1.423649253698269779e-01,8.269872078950388783e+00,2.100793799631921477e+00,1.357157008838071333e+00,-7.908085861241063996e-02
1.425371585463643398e-01,8.262067905384849809e+00,2.100256260754952198e+00,1.356849005646278084e+00,-7.899941652281523841e-02
1.427096000907073503e-01,8.254269032536109663e+00,2.099718352615522754e+00,1.356540773705897873e+00,-7.891794524955539347e-02
1.428822502549395024e-01,8.246475460700121829e+00,2.099180075222943032e+00,1.356232312984698485e+00,-7.883644485261132040e-02
1.430551092914492672e-01,8.238687190164622365e+00,2.098641428587065150e+00,1.355923623450726812e+00,-7.875491539209530933e-02
1.432281774529306495e-01,8.230495123293588122e+00,2.098100219958868973e+00,1.355615339566613509e+00,-7.867243169016938098e-02
1.434014549923827986e-01,8.222266976669095229e+00,2.097558413871893013e+00,1.355306893099847310e+00,-7.858982268745696997e-02
1.435749421631115352e-01,8.214045340611797030e+00,2.097016238314931336e+00,1.354998218064828119e+00,-7.850718463711886530e-02
1.437486392187288797e-01,8.205830213399703865e+00,2.096473693302841390e+00,1.354689314430273850e+00,-7.842451760089602653e-02
1.439225464131536902e-01,8.197621593304093679e+00,2.095930778851036180e+00,1.354380182165185964e+00,-7.834182164066416654e-02
1.440966640006120514e-01,8.189428873730333791e+00,2.095388449847462642e+00,1.354071087041767152e+00,-7.825907164615508727e-02
1.442709922356377183e-01,8.181297435521011963e+00,2.094851329862019274e+00,1.353763316197188482e+00,-7.817614545870059384e-02
1.444455313730719781e-01,8.173172320858142825e+00,2.094313841718465241e+00,1.353455317204767860e+00,-7.809318991607140659e-02
1.446202816680648151e-01,8.165053528300092012e+00,2.093775985427571484e+00,1.353147090033089528e+00,-7.801020508001935139e-02
1.447952433760748003e-01,8.156941056398245848e+00,2.093237761000654285e+00,1.352838634651018612e+00,-7.792719101243150703e-02
1.449704167528695353e-01,8.148834903697006027e+00,2.092699168449569491e+00,1.352529951027696020e+00,-7.784414777532999707e-02
1.451458020545260408e-01,8.140706197033249936e+00,2.092158098712753489e+00,1.352223988570776081e+00,-7.776209509369967632e-02
1.453213995374312839e-01,8.132545095033842486e+00,2.091613822229341224e+00,1.351921767527673568e+00,-7.768138548016272071e-02
1.454972094582820119e-01,8.124390496094733294e+00,2.091069176335446755e+00,1.351619320011165248e+00,-7.760064714161377109e-02
1.456732320740858899e-01,8.116242398399490909e+00,2.090524161049845731e+00,1.351316645985008558e+00,-7.751988013778561559e-02
1.458494676421614455e-01,8.108100800125070506e+00,2.089978776391865800e+00,1.351013745413226941e+00,-7.743908452854186830e-02
1.460259164201384297e-01,8.099965699441824540e+00,2.089433022381387506e+00,1.350710618260114071e+00,-7.735826037387710796e-02
1.462025786659583715e-01,8.092027897499317390e+00,2.088891048933872785e+00,1.350408873657093833e+00,-7.727926749612154533e-02
1.463794546378749117e-01,8.084161003475079710e+00,2.088350120940481780e+00,1.350107451155447613e+00,-7.720088008957920467e-02
1.465565445944537193e-01,8.076299900992973235e+00,2.087808824182599388e+00,1.349805802357235462e+00,-7.712246440883981091e-02
1.467338487945737402e-01,8.068444589399303979e+00,2.087267158675773615e+00,1.349503927225550681e+00,-7.704402051126352235e-02
1.469113674974269201e-01,8.060595068032945676e+00,2.086725124436107137e+00,1.349201825723757464e+00,-7.696554845433849212e-02
1.470891009625188151e-01,8.052735968255957388e+00,2.086183526618151429e+00,1.348899004345005093e+00,-7.688656761606034451e-02
1.472670494496689242e-01,8.044750531517770753e+00,2.085648495125273172e+00,1.348591706290511727e+00,-7.680341850632455003e-02
1.474452132190112452e-01,8.036771284407826954e+00,2.085113097195978149e+00,1.348284180845459534e+00,-7.672024022945932165e-02
1.476235925309939412e-01,8.028798225557906676e+00,2.084577332841488495e+00,1.347976427979321157e+00,-7.663703284788948855e-02
1.478021876463808393e-01,8.020831353592772217e+00,2.084041202073562804e+00,1.347668447661849678e+00,-7.655379642417474428e-02
1.479809988262510145e-01,8.012870667130359337e+00,2.083504704904503235e+00,1.347360239863075515e+00,-7.647053102101089572e-02
1.481600263319994004e-01,8.005061842087339841e+00,2.082967261742962872e+00,1.347055067784822757e+00,-7.638960929464040650e-02
1.483392704253372052e-01,7.997404011562464277e+00,2.082428872901487260e+00,1.346752926245555537e+00,-7.631102726183956741e-02
1.485187313682923838e-01,7.989751580464869996e+00,2.081890116623054787e+00,1.346450558567275912e+00,-7.623241707791056365e-02
1.486984094232094433e-01,7.982104548673369493e+00,2.081350992922222698e+00,1.346147964714536460e+00,-7.615377880072801697e-02
1.488783048527506925e-01,7.974462916059150253e+00,2.080811501814103348e+00,1.345845144652161318e+00,-7.607511248829523787e-02
1.490584179198961023e-01,7.966826682485616651e+00,2.080271643314351326e+00,1.345542098345242410e+00,-7.599641819874243531e-02
1.492387488879437785e-01,7.959198475576471310e+00,2.079736224881186146e+00,1.345239075400271211e+00,-7.591670756120687258e-02
1.494192980205104049e-01,7.951575844080205790e+00,2.079200776429809050e+00,1.344935843806738696e+00,-7.583689935288177864e-02
1.496000655815316605e-01,7.943958603807385721e+00,2.078664961750954276e+00,1.344632386076195507e+00,-7.575706274939630891e-02
1.497810518352621356e-01,7.936346754602244147e+00,2.078128780857273039e+00,1.344328702174810264e+00,-7.567719780993986678e-02
1.499622570462765814e-01,7.928740296301330481e+00,2.077592233761955232e+00,1.344024792069020036e+00,-7.559730459383137702e-02
1.501436814794696317e-01,7.920937343080994175e+00,2.077054796142426607e+00,1.343721836182459217e+00,-7.551705209038114819e-02
1.503253254000564421e-01,7.912845350522682786e+00,2.076516225099881652e+00,1.343420381940262143e+00,-7.543628674773487919e-02
1.505071890735729945e-01,7.904760114841272944e+00,2.075977287815546912e+00,1.343118702406527198e+00,-7.535549292124833765e-02
1.506892727658766529e-01,7.896681633479534668e+00,2.075437984306412353e+00,1.342816797546404928e+00,-7.527467067125803712e-02
1.508715767431459964e-01,7.888609903874607809e+00,2.074898314590015502e+00,1.342514667325311439e+00,-7.519382005823166404e-02
1.510541012718820408e-01,7.880544923458121964e+00,2.074358278684444112e+00,1.342212311708936623e+00,-7.511294114276940992e-02
1.512368466189081273e-01,7.872911942176935796e+00,2.073825850008282679e+00,1.341907600553453372e+00,-7.503220981749017526e-02
1.514198130513703666e-01,7.865324463043161352e+00,2.073293806438909925e+00,1.341602462915663319e+00,-7.495146658041638987e-02
1.516030008367380277e-01,7.857742441788468035e+00,2.072761398275090539e+00,1.341297099036765861e+00,-7.487069494568017458e-02
1.517864102428041762e-01,7.850165878061884150e+00,2.072228625527758883e+00,1.340991508885583716e+00,-7.478989497378564499e-02
1.519700415376853408e-01,7.842594771504959539e+00,2.071695488208385338e+00,1.340685692431219822e+00,-7.470906672536860305e-02
1.521538949898229021e-01,7.835064871091558913e+00,2.071160543007161348e+00,1.340383323888903355e+00,-7.462986102083853102e-02
1.523379708679828692e-01,7.827582525577450490e+00,2.070623526673963877e+00,1.340085072674424671e+00,-7.455257827283923167e-02
1.525222694412563806e-01,7.820105431195278456e+00,2.070086144592684807e+00,1.339786597141940705e+00,-7.447526779259730501e-02
1.527067909790601474e-01,7.812633587878522690e+00,2.069548396779483657e+00,1.339487897254013404e+00,-7.439792963699451422e-02
1.528915357511368978e-01,7.805166995553101117e+00,2.069010283251075055e+00,1.339188972973469616e+00,-7.432056386303875772e-02
1.530765040275553213e-01,7.797689424349723453e+00,2.068471806097576859e+00,1.338889803491736918e+00,-7.424306477018784156e-02
1.532616960787112625e-01,7.789811109423123270e+00,2.067933015453262691e+00,1.338589889249495624e+00,-7.416288837671529410e-02
1.534471121753275269e-01,7.781939195638599038e+00,2.067393859647532306e+00,1.338289750663971045e+00,-7.408268390274468096e-02
1.536327525884544631e-01,7.774073680944716180e+00,2.066854338699921190e+00,1.337989387700018851e+00,-7.400245140850769676e-02
1.538186175894703522e-01,7.766214563283967642e+00,2.066314452630511944e+00,1.337688800322763827e+00,-7.392219095436611265e-02
1.540047074500818791e-01,7.758361840592850278e+00,2.065774201459938286e+00,1.337387988497595659e+00,-7.384190260081252566e-02
1.541910224423240494e-01,7.750721413265901028e+00,2.065240234034590561e+00,1.337086366781118141e+00,-7.376208225962475884e-02
1.543775628385613830e-01,7.743195729328737897e+00,2.064709424934857207e+00,1.336784210137355711e+00,-7.368249650641908732e-02
1.545643289114877750e-01,7.735675567487181326e+00,2.064178252459451635e+00,1.336481828570140973e+00,-7.360288267760396741e-02
1.547513209341270513e-01,7.728160927156188187e+00,2.063646716620151533e+00,1.336179222046636639e+00,-7.352324083270710131e-02
1.549385391798332734e-01,7.720651807743518447e+00,2.063114817429272385e+00,1.335876390534277425e+00,-7.344357103138647591e-02
1.551259839222914327e-01,7.713061393710710867e+00,2.062580884895294009e+00,1.335575195340451105e+00,-7.336404174376531806e-02
1.553136554355171450e-01,7.705278135096218506e+00,2.062042762661592477e+00,1.335278040301825397e+00,-7.328487036301829793e-02
1.555015539938579550e-01,7.697501181114040136e+00,2.061504276045929895e+00,1.334980662046588717e+00,-7.320567112272229060e-02
1.556896798719932251e-01,7.689730529784365665e+00,2.060965425068581158e+00,1.334683060537836585e+00,-7.312644408215501768e-02
1.558780333449345523e-01,7.681966179121376470e+00,2.060426209750371829e+00,1.334385235738925868e+00,-7.304718930072323646e-02
1.560666146880262672e-01,7.674208127133318236e+00,2.059886630112680361e+00,1.334087187613479664e+00,-7.296790683796332277e-02
1.562554241769460173e-01,7.666765651044030072e+00,2.059356167811419169e+00,1.333786177233609926e+00,-7.288868389648833768e-02
1.564444620877044057e-01,7.659332237766629525e+00,2.058825453987783938e+00,1.333484910481020691e+00,-7.280943410161094809e-02
1.566337286966465459e-01,7.651904258031934525e+00,2.058294377570012212e+00,1.333183419408382919e+00,-7.273015648987087023e-02
1.568232242804515619e-01,7.644481711307878236e+00,2.057762938571358724e+00,1.332881703982812027e+00,-7.265085112079004703e-02
1.570129491161334490e-01,7.637064597055231552e+00,2.057231137005613775e+00,1.332579764171692771e+00,-7.257151805401970690e-02
1.572029034810412396e-01,7.629577347093506212e+00,2.056697180741166697e+00,1.332281401533880638e+00,-7.249316928619811695e-02
1.573930876528597256e-01,7.622064443333853134e+00,2.056162118280295381e+00,1.331984391953585645e+00,-7.241521252646195006e-02
1.575835019096090972e-01,7.614557258748948954e+00,2.055626692591480342e+00,1.331687159412930921e+00,-7.233722827004814004e-02
1.577741465296464141e-01,7.607055792291668617e+00,2.055090903693086446e+00,1.331389703875455410e+00,-7.225921657523215469e-02
1.579650217916653554e-01,7.599560042908101387e+00,2.054554751604027452e+00,1.331092025304959625e+00,-7.218117750041647129e-02
1.581561279746967197e-01,7.592113265260720389e+00,2.054019118316906312e+00,1.330795539866370003e+00,-7.210383406968522146e-02
1.583474653581088964e-01,7.584723019432816571e+00,2.053484161858074586e+00,1.330500501768969057e+00,-7.202731583318952580e-02
1.585390342216083936e-01,7.577338232458432188e+00,2.052948842319028966e+00,1.330205241341545275e+00,-7.195077039487723924e-02
1.587308348452396989e-01,7.569958903683208895e+00,2.052413159718448288e+00,1.329909758546046206e+00,-7.187419781156977050e-02
1.589228675093864451e-01,7.562585032445808153e+00,2.051877114075557618e+00,1.329614053344680080e+00,-7.179759814021327569e-02
1.591151324947714663e-01,7.555202882050843449e+00,2.051341790979843260e+00,1.329318102674112767e+00,-7.172073030509412694e-02
1.593076300824571023e-01,7.547783721442026916e+00,2.050809469107489846e+00,1.329021858231857811e+00,-7.164308803299457296e-02
1.595003605538457825e-01,7.540370168378913718e+00,2.050276785194126816e+00,1.328725391359679042e+00,-7.156541834152554959e-02
1.596933241906805245e-01,7.532962221919036416e+00,2.049743739256631336e+00,1.328428702021112739e+00,-7.148772128871988540e-02
1.598865212750446851e-01,7.525559881113242255e+00,2.049210331312431244e+00,1.328131790179960303e+00,-7.140999693273818172e-02
1.600799520893634031e-01,7.518178469828455945e+00,2.048676744304299469e+00,1.327834753217299602e+00,-7.133235119183758965e-02
1.602736169164033220e-01,7.511035142697205735e+00,2.048145574623299936e+00,1.327538973901333241e+00,-7.125628665690393604e-02
1.604675160392732003e-01,7.503896759614541168e+00,2.047614043205595813e+00,1.327242972278233957e+00,-7.118019510312180442e-02
1.606616497414242728e-01,7.496763320661631091e+00,2.047082150067207174e+00,1.326946748311211399e+00,-7.110407658705203415e-02
1.608560183066508609e-01,7.489634825912299121e+00,2.046549895224693216e+00,1.326650301963735235e+00,-7.102793116537971241e-02
1.610506220190901228e-01,7.482511275433030740e+00,2.046017278695155817e+00,1.326353633199537363e+00,-7.095175889491388277e-02
1.612454611632234691e-01,7.475255526018264263e+00,2.045486595603933644e+00,1.326057434220585751e+00,-7.087445256674879124e-02
1.614405360238763409e-01,7.467991831828712179e+00,2.044955773534473220e+00,1.325761080097254796e+00,-7.079701188253255395e-02
1.616358468862186815e-01,7.460733478140296526e+00,2.044424590484894555e+00,1.325464503838136965e+00,-7.071954400321617262e-02
1.618313940357655467e-01,7.453480464364866442e+00,2.043893046472082808e+00,1.325167705407598762e+00,-7.064204898696113677e-02
1.620271777583774664e-01,7.446232789907334393e+00,2.043361141513468038e+00,1.324870684770272478e+00,-7.056452689205569562e-02
1.622231983402603606e-01,7.438979891083467244e+00,2.042827379332392113e+00,1.324578194541199405e+00,-7.048906451603258183e-02
1.624194560679669275e-01,7.431729616624215495e+00,2.042292866589662026e+00,1.324286718925597350e+00,-7.041411782760904903e-02
1.626159512283962549e-01,7.424484715344785712e+00,2.041757992176235437e+00,1.323995022635306107e+00,-7.033914447431582895e-02
1.628126841087946808e-01,7.417245186563856230e+00,2.041222756113167502e+00,1.323703105630434695e+00,-7.026414451177913356e-02
1.630096549967559316e-01,7.410011029593333021e+00,2.040687158422064496e+00,1.323410967871351929e+00,-7.018911799574817367e-02
1.632068641802219000e-01,7.402769827110092571e+00,2.040155339660916667e+00,1.323117335003358264e+00,-7.011269786664692250e-02
1.634043119474822559e-01,7.395528891286840434e+00,2.039624875873587317e+00,1.322822953045680983e+00,-7.003568432749876504e-02
1.636019985871760285e-01,7.388293372486452348e+00,2.039094051851449763e+00,1.322528349856215257e+00,-6.995864373257240643e-02
1.637999243882912459e-01,7.381063269915076219e+00,2.038562867612437213e+00,1.322233525398260223e+00,-6.988157613971457405e-02
1.639980896401655452e-01,7.373838582772156869e+00,2.038031323175025999e+00,1.321938479635374808e+00,-6.980448160689824155e-02
1.641964946324865615e-01,7.366753341226305096e+00,2.037501993142214474e+00,1.321644284707588657e+00,-6.972816470615200712e-02
1.643951396552926769e-01,7.359744748322182062e+00,2.036973680332255565e+00,1.321350442164916705e+00,-6.965225120714713114e-02
1.645940249989725213e-01,7.352741023605746662e+00,2.036445007848389555e+00,1.321056378592821323e+00,-6.957631086602825143e-02
1.647931509542666373e-01,7.345742167120413058e+00,2.035915975706731995e+00,1.320762093954297445e+00,-6.950034373953070665e-02
1.649925178122671199e-01,7.338748178902464225e+00,2.035386583923938453e+00,1.320467588212599130e+00,-6.942434988451483269e-02
1.651921258644181989e-01,7.331653843424882133e+00,2.034856804961036936e+00,1.320174284112971996e+00,-6.934832778139668474e-02
1.653919754025167110e-01,7.324502069409395411e+00,2.034326649973152268e+00,1.319881606872957303e+00,-6.927227796389781589e-02
1.655920667187126827e-01,7.317355607479998802e+00,2.033796135390241400e+00,1.319588709158250550e+00,-6.919620139109507184e-02
1.657924001055090524e-01,7.310214456938177285e+00,2.033265261231196774e+00,1.319295590931218953e+00,-6.912009812004787923e-02
1.659929758557631696e-01,7.303078617078653245e+00,2.032734027515447739e+00,1.319002252154483967e+00,-6.904396820793955170e-02
1.661937942626865172e-01,7.295777876268915385e+00,2.032202101471832556e+00,1.318709460513376230e+00,-6.896698210627795478e-02
1.663948556198452389e-01,7.288384046860127086e+00,2.031669622456577784e+00,1.318416895263251121e+00,-6.888948659424293242e-02
1.665961602211607218e-01,7.280996270777725599e+00,2.031136784093145131e+00,1.318124109907623742e+00,-6.881196421375036787e-02
1.667977083609100686e-01,7.273614545984216306e+00,2.030603586404050365e+00,1.317831104409359799e+00,-6.873441502362380440e-02
1.669995003337258754e-01,7.266238870436671604e+00,2.030070029412361698e+00,1.317537878731583678e+00,-6.865683908281453030e-02
1.672015364345977306e-01,7.259096184479869152e+00,2.029541449151704313e+00,1.317244360280582782e+00,-6.858055007894675592e-02
1.674038169588718539e-01,7.252071682509095396e+00,2.029015165512217056e+00,1.316950585246795979e+00,-6.850488807347268616e-02
1.676063422022519012e-01,7.245052288767908522e+00,2.028488523642550501e+00,1.316656589650671227e+00,-6.842919950392394035e-02
1.678091124607991869e-01,7.238038002811304494e+00,2.027961523558845958e+00,1.316362373456142931e+00,-6.835348442720029505e-02
1.680121280309333498e-01,7.231028824187465176e+00,2.027434165277781641e+00,1.316067936627405954e+00,-6.827774290032549709e-02
1.682153892094321868e-01,7.224016097865504804e+00,2.026904366443047056e+00,1.315777403091819453e+00,-6.820301311309388825e-02
1.684188962934330125e-01,7.217005350776489081e+00,2.026373449812550742e+00,1.315488153438000518e+00,-6.812863540314838262e-02
1.686226495804324654e-01,7.209999741100385329e+00,2.025842174309846921e+00,1.315198684714802502e+00,-6.805423144322909901e-02
1.688266493682870906e-01,7.202999268307214820e+00,2.025310539956549416e+00,1.314908996882418801e+00,-6.797980128898316321e-02
1.690308959552137835e-01,7.196003931860292191e+00,2.024778546774820054e+00,1.314619089901299276e+00,-6.790534499617957576e-02
1.692353896397903734e-01,7.188872121089559641e+00,2.024248827926068195e+00,1.314328341790041099e+00,-6.782940976644183384e-02
1.694401307209554286e-01,7.181716304683868124e+00,2.023719300835857826e+00,1.314037244560045670e+00,-6.775314465437722034e-02
1.696451194980096444e-01,7.174566088645603301e+00,2.023189415819759862e+00,1.313745928026458287e+00,-6.767685301311363033e-02
1.698503562706156766e-01,7.167421471622924756e+00,2.022659172899092805e+00,1.313454392151712335e+00,-6.760053490042923496e-02
1.700558413387987244e-01,7.160282452257933805e+00,2.022128572095715615e+00,1.313162636898497881e+00,-6.752419037422717485e-02
1.702615750029468911e-01,7.153389673062817700e+00,2.021601063921454777e+00,1.312873558008869290e+00,-6.744998123688063230e-02
1.704675575638119334e-01,7.146514327937108391e+00,2.021073377448281416e+00,1.312584410886826314e+00,-6.737585823520603201e-02
1.706737893225089009e-01,7.139643892494693667e+00,2.020545333364898166e+00,1.312295045005951843e+00,-6.730170907223978483e-02
1.708802705805176625e-01,7.132778366494849642e+00,2.020016931690887585e+00,1.312005460326997053e+00,-6.722753380348728269e-02
1.710870016396826288e-01,7.125898339989388930e+00,2.019488547591132388e+00,1.311715470911108072e+00,-6.715307735338152395e-02
1.712939828022134181e-01,7.118853552077323066e+00,2.018963091296947621e+00,1.311423634716792685e+00,-6.707636060465815842e-02
1.715012143706852177e-01,7.111814182066680701e+00,2.018437278536744373e+00,1.311131579313754125e+00,-6.699961723889287513e-02
1.717086966480395049e-01,7.104780228849095991e+00,2.017911109328926145e+00,1.310839304665771365e+00,-6.692284731439944456e-02
1.719164299375836591e-01,7.097751691310016930e+00,2.017384583692430233e+00,1.310546810736880285e+00,-6.684605088961766139e-02
1.721244145429925709e-01,7.090772359810051384e+00,2.016857081721422418e+00,1.310256041202833677e+00,-6.677030558116826831e-02
1.723326507683083375e-01,7.083909307431456526e+00,2.016327649442507308e+00,1.309969986260876906e+00,-6.669726883575993748e-02
1.725411389179408728e-01,7.077051248652478144e+00,2.015797859759639099e+00,1.309683713750303236e+00,-6.662420624009110504e-02
1.727498792966683794e-01,7.070198183032291084e+00,2.015267712695422375e+00,1.309397223629690687e+00,-6.655111784870955394e-02
1.729588722096379594e-01,7.063350110123394643e+00,2.014737208273005287e+00,1.309110515857862200e+00,-6.647800371628227734e-02
1.731681179623653366e-01,7.056506549615631840e+00,2.014209188642213544e+00,1.308822603227290937e+00,-6.640422166476600552e-02
1.733776168607363832e-01,7.049667484893313407e+00,2.013683761908382053e+00,1.308533448077275452e+00,-6.632974715699402335e-02
1.735873692110068700e-01,7.042833414104643808e+00,2.013157979069673420e+00,1.308244074636773613e+00,-6.625524657901819825e-02
1.737973753198030491e-01,7.036004336771408241e+00,2.012631840145429951e+00,1.307954482867555335e+00,-6.618071998702627912e-02
1.740076354941221537e-01,7.029180252408814944e+00,2.012105345155533520e+00,1.307664672731644551e+00,-6.610616743732830591e-02
1.742181500413329809e-01,7.022210829432162349e+00,2.011576896520899105e+00,1.307378003980704584e+00,-6.603166621233916289e-02
1.744289192691756973e-01,7.015190273231914908e+00,2.011047489895139595e+00,1.307092383371958988e+00,-6.595716801135353968e-02
1.746399434857632271e-01,7.008175272784069598e+00,2.010517726888481960e+00,1.306806545814416465e+00,-6.588264377422795026e-02
1.748512229995811129e-01,7.001165826617691046e+00,2.009987607525378195e+00,1.306520491267214146e+00,-6.580809355722294640e-02
1.750627581194881544e-01,6.994161933256115127e+00,2.009457131830830523e+00,1.306234219689741183e+00,-6.573351741672196769e-02
1.752745491547167134e-01,6.987507074063101342e+00,2.008933500811274975e+00,1.305946702558627770e+00,-6.566038258302538122e-02
1.754865964148734914e-01,6.980860511177337635e+00,2.008409591533867999e+00,1.305658956784875091e+00,-6.558723767460347687e-02
1.756989002099392239e-01,6.974218562687417133e+00,2.007885326935049619e+00,1.305370993336441021e+00,-6.551406704029856531e-02
1.759114608502701793e-01,6.967581228639399882e+00,2.007360707033726488e+00,1.305082812174347184e+00,-6.544087073509394226e-02
1.761242786465979093e-01,6.960918690543299370e+00,2.006835884761849265e+00,1.304795046411860504e+00,-6.536762228574315159e-02
1.763373539100299425e-01,6.954184026291537535e+00,2.006311101751330206e+00,1.304508696636488274e+00,-6.529427968198754650e-02
1.765506869520500899e-01,6.947454256990449828e+00,2.005785963606301348e+00,1.304222129798235708e+00,-6.522091132117587009e-02
1.767642780845192774e-01,6.940729382218882471e+00,2.005260470347274282e+00,1.303935345857253125e+00,-6.514751725851757047e-02
1.769781276196750741e-01,6.934009401549126927e+00,2.004734621995295285e+00,1.303648344773939316e+00,-6.507409754934263824e-02
1.771922358701334688e-01,6.927230537462901516e+00,2.004209213806212642e+00,1.303362205289478437e+00,-6.500044476377501990e-02
1.774066031488883421e-01,6.920413562204016600e+00,2.003683989883498384e+00,1.303076580410295726e+00,-6.492662552941635967e-02
1.776212297693122999e-01,6.913601767841059065e+00,2.003158411214174262e+00,1.302790738919441527e+00,-6.485278049132485456e-02
1.778361160451570888e-01,6.906795153443262336e+00,2.002632477820101453e+00,1.302504680776876533e+00,-6.477890970529316672e-02
1.780512622905539577e-01,6.899993718073753612e+00,2.002106189723686924e+00,1.302218405942810353e+00,-6.470501322723579141e-02
1.782666688200144622e-01,6.893433231401226990e+00,2.001582870417781823e+00,1.301932837604322879e+00,-6.463230829189053894e-02
1.784823359484299932e-01,6.886892597622678913e+00,2.001059412800769710e+00,1.301647112668387951e+00,-6.455965691160969744e-02
1.786982639910735804e-01,6.880356473493559832e+00,2.000535600907941802e+00,1.301361171098914804e+00,-6.448698003628788866e-02
1.789144532635994211e-01,6.873824859123955022e+00,2.000011434759715101e+00,1.301075012856068858e+00,-6.441427772065747015e-02
1.791309040820435183e-01,6.867206443089200363e+00,1.999486395542392492e+00,1.300789642512687250e+00,-6.434143421324198253e-02
1.793476167628243745e-01,6.860387942895034286e+00,1.998959836517463895e+00,1.300506312828066280e+00,-6.426830505893424417e-02
1.795645916227433525e-01,6.853574745063737872e+00,1.998432923093516722e+00,1.300222767499179533e+00,-6.419515035282245818e-02
1.797818289789845647e-01,6.846766848386822701e+00,1.997905655295084459e+00,1.299939006484547521e+00,-6.412197015018415713e-02
1.799993291491164271e-01,6.839964251649923277e+00,1.997378033147241938e+00,1.299655029742933010e+00,-6.404876450641662500e-02
1.802170924510913541e-01,6.833303594496925371e+00,1.996854129064369099e+00,1.299370951799492246e+00,-6.397585869466176911e-02
1.804351192032463969e-01,6.826705542424177153e+00,1.996331592755722584e+00,1.299086706473282948e+00,-6.390306481238700043e-02
1.806534097243037706e-01,6.820112260626492784e+00,1.995808703030267806e+00,1.298802245298274149e+00,-6.383024541390026896e-02
1.808719643333714377e-01,6.813523748746466602e+00,1.995285459908835213e+00,1.298517568234024644e+00,-6.375740055413388341e-02
1.810907833499428576e-01,6.806931256399814778e+00,1.994761728967400449e+00,1.298232985388230620e+00,-6.368456968800838280e-02
1.813098670938985968e-01,6.800281394917497835e+00,1.994236688137262847e+00,1.297950393334331709e+00,-6.361199370919996821e-02
1.815292158855059956e-01,6.793636492129350835e+00,1.993711293744750535e+00,1.297667586088592895e+00,-6.353939236163611004e-02
1.817488300454198624e-01,6.786996547342498687e+00,1.993185545813977555e+00,1.297384563609415231e+00,-6.346676570017861785e-02
1.819687098946830006e-01,6.780361559857865039e+00,1.992659444369600630e+00,1.297101325855446463e+00,-6.339411377980880280e-02
1.821888557547266529e-01,6.773777693267851063e+00,1.992135358681287771e+00,1.296818919615579047e+00,-6.332222122320670110e-02
1.824092679473705292e-01,6.767233605885308201e+00,1.991612715827342228e+00,1.296537091914644169e+00,-6.325089820081754299e-02
1.826299467948241384e-01,6.760694256547117753e+00,1.991089719967755967e+00,1.296255049284293914e+00,-6.317955002983584312e-02
1.828508926196866224e-01,6.754159644884087044e+00,1.990566371124498968e+00,1.295972791682412417e+00,-6.310817676381688668e-02
1.830721057449474221e-01,6.747637109789444310e+00,1.990042864079350604e+00,1.295690276757897497e+00,-6.303676594663500110e-02
1.832935864939867487e-01,6.741298319125887950e+00,1.989523761503379840e+00,1.295406513213876565e+00,-6.296502444882690064e-02
1.835153351905761954e-01,6.734963779632304082e+00,1.989004306885847617e+00,1.295122534244916412e+00,-6.289325774022637427e-02
1.837373521588784864e-01,6.728633491658939647e+00,1.988484500245569997e+00,1.294838339810846950e+00,-6.282146587489685630e-02
1.839596377234491154e-01,6.722307455549294986e+00,1.987964341601892837e+00,1.294553929871741005e+00,-6.274964890701935361e-02
1.841821922092360120e-01,6.715821664537672042e+00,1.987443337978795466e+00,1.294270216152882291e+00,-6.267702295665102119e-02
1.844050159415802359e-01,6.709197922348360876e+00,1.986921553143488062e+00,1.293987081439521347e+00,-6.260368896509162229e-02
1.846281092462164486e-01,6.702579243409188869e+00,1.986399416469633472e+00,1.293703731851296057e+00,-6.253032957301898898e-02
1.848514724492735517e-01,6.695965626748961341e+00,1.985876927980089413e+00,1.293420167348114491e+00,-6.245694483633938004e-02
1.850751058772744650e-01,6.689374445010611403e+00,1.985354189227476640e+00,1.293136667539114937e+00,-6.238374580676851050e-02
1.852990098571376532e-01,6.683091631200959171e+00,1.984832873622032645e+00,1.292857842730673168e+00,-6.231421075908427643e-02
1.855231847161769587e-01,6.676813028682522244e+00,1.984311205909506270e+00,1.292578804208914800e+00,-6.224465096903642608e-02
1.857476307821021855e-01,6.670538637807141846e+00,1.983789186111982517e+00,1.292299551929797730e+00,-6.217506648845972511e-02
1.859723483830195701e-01,6.664268458920010296e+00,1.983266814252081289e+00,1.292020085849515443e+00,-6.210545736930320887e-02
1.861973378474325314e-01,6.657806600910974204e+00,1.982743722118419871e+00,1.291740787633157028e+00,-6.203473441479773892e-02
1.864225995042413098e-01,6.651217869423754259e+00,1.982220030417147560e+00,1.291461532658023881e+00,-6.196325378239786463e-02
1.866481336827446047e-01,6.644634218373977497e+00,1.981695986934198794e+00,1.291182064184905220e+00,-6.189174818882355045e-02
1.868739407126393803e-01,6.638055646694366096e+00,1.981171591695460199e+00,1.290902382170755036e+00,-6.182021768818675433e-02
1.871000209240213652e-01,6.631493637576776123e+00,1.980647599045137763e+00,1.290622307463144880e+00,-6.174850357006243101e-02
1.873263746473857461e-01,6.624994528622328183e+00,1.980127060437613551e+00,1.290341115442503295e+00,-6.167596350643644865e-02
1.875530022136276398e-01,6.618500306392260946e+00,1.979606171041247142e+00,1.290059709494228102e+00,-6.160339828088377823e-02
1.877799039540420101e-01,6.612010970118554987e+00,1.979084930879327020e+00,1.289778089577321429e+00,-6.153080794866975373e-02
1.880070802003250552e-01,6.605526519027177024e+00,1.978563339975673463e+00,1.289496255651024104e+00,-6.145819256517888463e-02
1.882345312845742080e-01,6.599212512296264599e+00,1.978043526573723954e+00,1.289216994563275209e+00,-6.138767499608829836e-02
1.884622575392886079e-01,6.592956120144352283e+00,1.977524046839318927e+00,1.288938416407692911e+00,-6.131781533278624075e-02
1.886902592973696280e-01,6.586704032033169121e+00,1.977004216407467041e+00,1.288659625059643155e+00,-6.124793101145656338e-02
1.889185368921216246e-01,6.580456248087914517e+00,1.976484035300434483e+00,1.288380620475828575e+00,-6.117802208456591534e-02
1.891470906572516042e-01,6.574154780485912397e+00,1.975964602432281003e+00,1.288100895808524937e+00,-6.110731184921006781e-02
1.893759209268708332e-01,6.567759705243508606e+00,1.975446680323538651e+00,1.287820099464682899e+00,-6.103526138807535695e-02
1.896050280354946160e-01,6.561369345442183310e+00,1.974928408447460537e+00,1.287539089531884784e+00,-6.096318589314393688e-02
1.898344123180429888e-01,6.554983700534102731e+00,1.974409786825720881e+00,1.287257865969303028e+00,-6.089108541927354401e-02
1.900640741098411080e-01,6.548602373591887016e+00,1.973890802194756766e+00,1.286976468187634559e+00,-6.081897084770460787e-02
1.902940137466200554e-01,6.542182300702349629e+00,1.973370008938132525e+00,1.286699188909945724e+00,-6.074802007512473262e-02
1.905242315645164497e-01,6.535767059423316816e+00,1.972848865561337428e+00,1.286421697249756857e+00,-6.067704450098500291e-02
1.907547279000741947e-01,6.529356648986333056e+00,1.972327372089542230e+00,1.286143993163414656e+00,-6.060604417901489793e-02
1.909855030902441186e-01,6.522951068617092396e+00,1.971805528548456143e+00,1.285866076607501407e+00,-6.053501916306149727e-02
1.912165574723847516e-01,6.516664738257133216e+00,1.971285996809011953e+00,1.285588204400904599e+00,-6.046471972446732651e-02
1.914478913842626584e-01,6.510439300968896781e+00,1.970767428527545828e+00,1.285310246353318586e+00,-6.039476580432292380e-02
1.916795051640532987e-01,6.504218236799265362e+00,1.970248510691235522e+00,1.285032075710097699e+00,-6.032478737079299130e-02
1.919113991503406669e-01,6.498001545684275015e+00,1.969729243323327328e+00,1.284753692428278971e+00,-6.025478447674818133e-02
1.921435736821189844e-01,6.491742965888198214e+00,1.969210568163290320e+00,1.284475086468617189e+00,-6.018418618411468940e-02
1.923760290987923394e-01,6.485404177756705302e+00,1.968693270552498431e+00,1.284196249579474536e+00,-6.011251629207020608e-02
1.926087657401754361e-01,6.479070110190669141e+00,1.968175624188072348e+00,1.283917200105011425e+00,-6.004082153497291435e-02
1.928417839464941219e-01,6.472740762543387483e+00,1.967657629092873561e+00,1.283637938003548751e+00,-5.996910196748041211e-02
1.930750840583860262e-01,6.466427458135834527e+00,1.967139280357522724e+00,1.283358755245080474e+00,-5.989757029874695493e-02
1.933086664169003099e-01,6.460300451177182879e+00,1.966620503392658925e+00,1.283084049816372918e+00,-5.982942916166660019e-02
1.935425313634993039e-01,6.454177652621126526e+00,1.966101377141479034e+00,1.282809132958928844e+00,-5.976126388481298179e-02
1.937766792400582583e-01,6.448059062603960001e+00,1.965581901628262740e+00,1.282534004627341018e+00,-5.969307451922039459e-02
1.940111103888660093e-01,6.441944681255639793e+00,1.965062076877825969e+00,1.282258664776434243e+00,-5.962486111603554351e-02
1.942458251526254787e-01,6.435753462885252851e+00,1.964543939475675405e+00,1.281983155212096825e+00,-5.955551589006370661e-02
1.944808238744544504e-01,6.429544692992301691e+00,1.964026006322038720e+00,1.281707445560936964e+00,-5.948584552835454314e-02
1.947161068978851828e-01,6.423340401476557382e+00,1.963507724647641339e+00,1.281431524436742686e+00,-5.941615077132018224e-02
1.949516745668661011e-01,6.417140588024334846e+00,1.962989094476935259e+00,1.281155391795495202e+00,-5.934643167168170141e-02
1.951875272257615757e-01,6.410934452891803303e+00,1.962471623528382114e+00,1.280879184305532492e+00,-5.927631713005427488e-02
1.954236652193525881e-01,6.404723499467917414e+00,1.961955108072652720e+00,1.280602883539313508e+00,-5.920585718618513044e-02
1.956600888928372306e-01,6.398517076614449905e+00,1.961438244758748617e+00,1.280326371295922083e+00,-5.913537269616077341e-02
1.958967985918314558e-01,6.392315183907454568e+00,1.960921033610360409e+00,1.280049647532213175e+00,-5.906486371355663262e-02
1.961337946623686601e-01,6.386145284533866651e+00,1.960403748161812620e+00,1.279773582422764067e+00,-5.899491232861404227e-02
1.963710774509015156e-01,6.380041501766620549e+00,1.959886729693455454e+00,1.279499262566805129e+00,-5.892624517094505882e-02
1.966086473043016924e-01,6.373942012455994899e+00,1.959369363284657162e+00,1.279224731837675710e+00,-5.885755387276280642e-02
1.968465045698603588e-01,6.367846816527084286e+00,1.958851648959846425e+00,1.278949990190559660e+00,-5.878883848586791833e-02
1.970846495952890132e-01,6.361748222844514800e+00,1.958333706220936943e+00,1.278675200699530112e+00,-5.872006566287783780e-02
1.973230827287198730e-01,6.355585524125163310e+00,1.957816480005327264e+00,1.278401653540033989e+00,-5.865097118787681446e-02
1.975618043187057915e-01,6.349427319609223019e+00,1.957298906189902876e+00,1.278127895942438919e+00,-5.858185249198942512e-02
1.978008147142218953e-01,6.343273608878598147e+00,1.956780984800026602e+00,1.277853927861628325e+00,-5.851270962747789905e-02
1.980401142646653068e-01,6.337124391509216359e+00,1.956262715861594614e+00,1.277579749252719221e+00,-5.844354264671867971e-02
1.982797033198558379e-01,6.331134407978538547e+00,1.955747263018161597e+00,1.277306079565825314e+00,-5.837530805437417258e-02
1.985195822300364898e-01,6.325162815583277087e+00,1.955231755844180297e+00,1.277032266008644834e+00,-5.830713798001066484e-02
1.987597513458742582e-01,6.319195273492364429e+00,1.954715901564609615e+00,1.276758241948868999e+00,-5.823894394903775251e-02
1.990002110184596607e-01,6.313231781943857257e+00,1.954199700203459678e+00,1.276484007341743609e+00,-5.817072601291456424e-02
1.992409615993087080e-01,6.307220756215056845e+00,1.953683711966645031e+00,1.276211304793517076e+00,-5.810259744122604764e-02
1.994820034403623488e-01,6.301196807488811835e+00,1.953167562796961576e+00,1.275938970999769051e+00,-5.803448249186262536e-02
1.997233368939873854e-01,6.295177087660877469e+00,1.952651066712034034e+00,1.275666427336270781e+00,-5.796634359552532006e-02
1.999649623129768905e-01,6.289161596675027610e+00,1.952134223737172602e+00,1.275393673757316826e+00,-5.789818080362067743e-02
2.000000000000000111e-01,6.288290254937831669e+00,1.952059300301778544e+00,1.275354132176665045e+00,-5.788830149331544023e-02
