-----------------------------------------------------------------------------------
 Eq      N-i            T    dB      Ri/R1      Ri/R0       R/Ri    lsIt   dB   %t
-----------------------------------------------------------------------------------
 <PETSC_INITIALIZE>: use linear solver config. from svFSI input.
Mat Object: 1 MPI process
  type: preallocator
  rows=281452, cols=281452, bs=4
Mat Object: 1 MPI process
  type: seqaijcusparse
  rows=281452, cols=281452, bs=4
  total: nonzeros=15993520, allocated nonzeros=15993520
  total number of mallocs used during MatSetValues calls=0
    not using I-node routines
Vec Object: 1 MPI process
  type: seqcuda
  length=281452, bs=4
Mat Object: 1 MPI process
  type: seqaijcusparse
  rows=281452, cols=281452, bs=4
  total: nonzeros=15993520, allocated nonzeros=15993520
  total number of mallocs used during MatSetValues calls=0
    not using I-node routines
Mat Object: 1 MPI process
  type: seqaijcusparse
  rows=281452, cols=281452, bs=4
  total: nonzeros=15993520, allocated nonzeros=15993520
  total number of mallocs used during MatSetValues calls=0
    not using I-node routines
SV13Q_BEGIN logical=1 attempt=0 step=61 equation=0 policy=R3 reuse=0 age=0 ref=0 rebuild_reason=FIRST_SOLVE builds=1 attempts=1 ksp=0x55e693816a00 pc=0x55e6952d3390
Mat Object: 1 MPI process
  type: seqaijcusparse
  rows=281452, cols=281452, bs=4
  total: nonzeros=15993520, allocated nonzeros=15993520
  total number of mallocs used during MatSetValues calls=0
    not using I-node routines
  0 KSP unpreconditioned resid norm 4.793087406949e-17 true resid norm 4.793087406949e-17 ||r(i)||/||b|| 1.000000000000e+00
  1 KSP unpreconditioned resid norm 2.434904938577e-18 true resid norm 2.434904938577e-18 ||r(i)||/||b|| 5.080034499365e-02
  2 KSP unpreconditioned resid norm 8.106684437835e-19 true resid norm 8.106684437835e-19 ||r(i)||/||b|| 1.691328312954e-02
  3 KSP unpreconditioned resid norm 4.413496700025e-19 true resid norm 4.413496700025e-19 ||r(i)||/||b|| 9.208045514935e-03
  4 KSP unpreconditioned resid norm 3.059123332204e-19 true resid norm 3.059123332204e-19 ||r(i)||/||b|| 6.382365002918e-03
  5 KSP unpreconditioned resid norm 2.315888437572e-19 true resid norm 2.315888437572e-19 ||r(i)||/||b|| 4.831725860484e-03
  6 KSP unpreconditioned resid norm 1.749471633241e-19 true resid norm 1.749471633241e-19 ||r(i)||/||b|| 3.649989004382e-03
  7 KSP unpreconditioned resid norm 1.297294249335e-19 true resid norm 1.297294249335e-19 ||r(i)||/||b|| 2.706594182810e-03
  8 KSP unpreconditioned resid norm 9.146224415026e-20 true resid norm 9.146224415026e-20 ||r(i)||/||b|| 1.908211480092e-03
  9 KSP unpreconditioned resid norm 6.814194571853e-20 true resid norm 6.814194571853e-20 ||r(i)||/||b|| 1.421671251389e-03
 10 KSP unpreconditioned resid norm 5.267025225403e-20 true resid norm 5.267025225403e-20 ||r(i)||/||b|| 1.098879444128e-03
 11 KSP unpreconditioned resid norm 4.344069257299e-20 true resid norm 4.344069257299e-20 ||r(i)||/||b|| 9.063196408647e-04
 12 KSP unpreconditioned resid norm 3.692697502938e-20 true resid norm 3.692697502938e-20 ||r(i)||/||b|| 7.704214819000e-04
 13 KSP unpreconditioned resid norm 3.176900225246e-20 true resid norm 3.176900225246e-20 ||r(i)||/||b|| 6.628087400701e-04
 14 KSP unpreconditioned resid norm 2.832187665662e-20 true resid norm 2.832187665662e-20 ||r(i)||/||b|| 5.908900516930e-04
 15 KSP unpreconditioned resid norm 2.646428222664e-20 true resid norm 2.646428222664e-20 ||r(i)||/||b|| 5.521343547433e-04
 16 KSP unpreconditioned resid norm 2.530739481848e-20 true resid norm 2.530739481848e-20 ||r(i)||/||b|| 5.279977740817e-04
 17 KSP unpreconditioned resid norm 2.454592964629e-20 true resid norm 2.454592964629e-20 ||r(i)||/||b|| 5.121110374641e-04
 18 KSP unpreconditioned resid norm 2.385851449629e-20 true resid norm 2.385851449629e-20 ||r(i)||/||b|| 4.977692345377e-04
 19 KSP unpreconditioned resid norm 2.334967617869e-20 true resid norm 2.334967617869e-20 ||r(i)||/||b|| 4.871531477777e-04
 20 KSP unpreconditioned resid norm 2.295421713740e-20 true resid norm 2.295421713740e-20 ||r(i)||/||b|| 4.789025358503e-04
 21 KSP unpreconditioned resid norm 2.246080491084e-20 true resid norm 2.246080491084e-20 ||r(i)||/||b|| 4.686082894770e-04
 22 KSP unpreconditioned resid norm 2.182804904792e-20 true resid norm 2.182804904792e-20 ||r(i)||/||b|| 4.554068639823e-04
 23 KSP unpreconditioned resid norm 2.121526477283e-20 true resid norm 2.121526477283e-20 ||r(i)||/||b|| 4.426221132973e-04
 24 KSP unpreconditioned resid norm 2.069734289800e-20 true resid norm 2.069734289801e-20 ||r(i)||/||b|| 4.318165128388e-04
 25 KSP unpreconditioned resid norm 2.023723464659e-20 true resid norm 2.023723464659e-20 ||r(i)||/||b|| 4.222170999271e-04
 26 KSP unpreconditioned resid norm 1.987008152155e-20 true resid norm 1.987008152156e-20 ||r(i)||/||b|| 4.145570450634e-04
 27 KSP unpreconditioned resid norm 1.960477689928e-20 true resid norm 1.960477689928e-20 ||r(i)||/||b|| 4.090218941314e-04
 28 KSP unpreconditioned resid norm 1.936031285561e-20 true resid norm 1.936031285561e-20 ||r(i)||/||b|| 4.039215480932e-04
 29 KSP unpreconditioned resid norm 1.909934761753e-20 true resid norm 1.909934761753e-20 ||r(i)||/||b|| 3.984769313791e-04
 30 KSP unpreconditioned resid norm 1.882236186640e-20 true resid norm 1.882236186640e-20 ||r(i)||/||b|| 3.926980726267e-04
 31 KSP unpreconditioned resid norm 1.851248850460e-20 true resid norm 1.851248850460e-20 ||r(i)||/||b|| 3.862330671826e-04
 32 KSP unpreconditioned resid norm 1.820932875712e-20 true resid norm 1.820932875712e-20 ||r(i)||/||b|| 3.799081304197e-04
 33 KSP unpreconditioned resid norm 1.799396147895e-20 true resid norm 1.799396147895e-20 ||r(i)||/||b|| 3.754148412329e-04
 34 KSP unpreconditioned resid norm 1.782177268421e-20 true resid norm 1.782177268422e-20 ||r(i)||/||b|| 3.718224011183e-04
 35 KSP unpreconditioned resid norm 1.767421475661e-20 true resid norm 1.767421475662e-20 ||r(i)||/||b|| 3.687438441241e-04
 36 KSP unpreconditioned resid norm 1.750084332612e-20 true resid norm 1.750084332612e-20 ||r(i)||/||b|| 3.651267302313e-04
 37 KSP unpreconditioned resid norm 1.730124011081e-20 true resid norm 1.730124011081e-20 ||r(i)||/||b|| 3.609623326653e-04
 38 KSP unpreconditioned resid norm 1.699920417719e-20 true resid norm 1.699920417720e-20 ||r(i)||/||b|| 3.546608424572e-04
 39 KSP unpreconditioned resid norm 1.662510769715e-20 true resid norm 1.662510769716e-20 ||r(i)||/||b|| 3.468559257454e-04
 40 KSP unpreconditioned resid norm 1.618609697786e-20 true resid norm 1.618609697787e-20 ||r(i)||/||b|| 3.376966786460e-04
 41 KSP unpreconditioned resid norm 1.581127054816e-20 true resid norm 1.581127054817e-20 ||r(i)||/||b|| 3.298765327176e-04
 42 KSP unpreconditioned resid norm 1.534561798393e-20 true resid norm 1.534561798394e-20 ||r(i)||/||b|| 3.201614467053e-04
 43 KSP unpreconditioned resid norm 1.493299886339e-20 true resid norm 1.493299886339e-20 ||r(i)||/||b|| 3.115528175377e-04
 44 KSP unpreconditioned resid norm 1.451239848231e-20 true resid norm 1.451239848232e-20 ||r(i)||/||b|| 3.027776723053e-04
 45 KSP unpreconditioned resid norm 1.404718079961e-20 true resid norm 1.404718079962e-20 ||r(i)||/||b|| 2.930716593913e-04
 46 KSP unpreconditioned resid norm 1.358367076033e-20 true resid norm 1.358367076034e-20 ||r(i)||/||b|| 2.834012736893e-04
 47 KSP unpreconditioned resid norm 1.313637267462e-20 true resid norm 1.313637267463e-20 ||r(i)||/||b|| 2.740691241219e-04
 48 KSP unpreconditioned resid norm 1.274453609042e-20 true resid norm 1.274453609043e-20 ||r(i)||/||b|| 2.658940888905e-04
 49 KSP unpreconditioned resid norm 1.239076605444e-20 true resid norm 1.239076605445e-20 ||r(i)||/||b|| 2.585132504883e-04
 50 KSP unpreconditioned resid norm 1.205117415411e-20 true resid norm 1.205117415412e-20 ||r(i)||/||b|| 2.514282159062e-04
 51 KSP unpreconditioned resid norm 1.170778002910e-20 true resid norm 1.170778002911e-20 ||r(i)||/||b|| 2.442638540690e-04
 52 KSP unpreconditioned resid norm 1.141231830316e-20 true resid norm 1.141231830318e-20 ||r(i)||/||b|| 2.380995240486e-04
 53 KSP unpreconditioned resid norm 1.109474442061e-20 true resid norm 1.109474442063e-20 ||r(i)||/||b|| 2.314738597202e-04
 54 KSP unpreconditioned resid norm 1.069745619795e-20 true resid norm 1.069745619797e-20 ||r(i)||/||b|| 2.231850848882e-04
 55 KSP unpreconditioned resid norm 1.022607262662e-20 true resid norm 1.022607262664e-20 ||r(i)||/||b|| 2.133504307017e-04
 56 KSP unpreconditioned resid norm 9.705104416520e-21 true resid norm 9.705104416534e-21 ||r(i)||/||b|| 2.024812733952e-04
 57 KSP unpreconditioned resid norm 9.168864596829e-21 true resid norm 9.168864596841e-21 ||r(i)||/||b|| 1.912934987071e-04
 58 KSP unpreconditioned resid norm 8.617486099370e-21 true resid norm 8.617486099380e-21 ||r(i)||/||b|| 1.797898800445e-04
 59 KSP unpreconditioned resid norm 8.171049983498e-21 true resid norm 8.171049983507e-21 ||r(i)||/||b|| 1.704757140807e-04
 60 KSP unpreconditioned resid norm 7.844348856636e-21 true resid norm 7.844348856645e-21 ||r(i)||/||b|| 1.636596245934e-04
 61 KSP unpreconditioned resid norm 7.536654013296e-21 true resid norm 7.536654013305e-21 ||r(i)||/||b|| 1.572400704059e-04
 62 KSP unpreconditioned resid norm 7.242496373264e-21 true resid norm 7.242496373274e-21 ||r(i)||/||b|| 1.511029480241e-04
 63 KSP unpreconditioned resid norm 7.004557745564e-21 true resid norm 7.004557745576e-21 ||r(i)||/||b|| 1.461387442136e-04
 64 KSP unpreconditioned resid norm 6.782200491194e-21 true resid norm 6.782200491207e-21 ||r(i)||/||b|| 1.414996205029e-04
 65 KSP unpreconditioned resid norm 6.551402280147e-21 true resid norm 6.551402280162e-21 ||r(i)||/||b|| 1.366843899125e-04
 66 KSP unpreconditioned resid norm 6.270522707320e-21 true resid norm 6.270522707334e-21 ||r(i)||/||b|| 1.308242928815e-04
 67 KSP unpreconditioned resid norm 6.004812678200e-21 true resid norm 6.004812678213e-21 ||r(i)||/||b|| 1.252806837928e-04
 68 KSP unpreconditioned resid norm 5.665881491815e-21 true resid norm 5.665881491824e-21 ||r(i)||/||b|| 1.182094339362e-04
 69 KSP unpreconditioned resid norm 5.299477707213e-21 true resid norm 5.299477707219e-21 ||r(i)||/||b|| 1.105650128461e-04
 70 KSP unpreconditioned resid norm 4.964441923237e-21 true resid norm 4.964441923242e-21 ||r(i)||/||b|| 1.035750342471e-04
 71 KSP unpreconditioned resid norm 4.663992600860e-21 true resid norm 4.663992600865e-21 ||r(i)||/||b|| 9.730664611087e-05
 72 KSP unpreconditioned resid norm 4.384643077650e-21 true resid norm 4.384643077652e-21 ||r(i)||/||b|| 9.147847108516e-05
 73 KSP unpreconditioned resid norm 4.159000320146e-21 true resid norm 4.159000320146e-21 ||r(i)||/||b|| 8.677080067673e-05
 74 KSP unpreconditioned resid norm 3.977221561781e-21 true resid norm 3.977221561778e-21 ||r(i)||/||b|| 8.297828151457e-05
 75 KSP unpreconditioned resid norm 3.814108199236e-21 true resid norm 3.814108199232e-21 ||r(i)||/||b|| 7.957518558293e-05
 76 KSP unpreconditioned resid norm 3.636963563891e-21 true resid norm 3.636963563887e-21 ||r(i)||/||b|| 7.587934988654e-05
 77 KSP unpreconditioned resid norm 3.456511793167e-21 true resid norm 3.456511793164e-21 ||r(i)||/||b|| 7.211451617077e-05
 78 KSP unpreconditioned resid norm 3.266622414869e-21 true resid norm 3.266622414866e-21 ||r(i)||/||b|| 6.815278206965e-05
 79 KSP unpreconditioned resid norm 3.086290026751e-21 true resid norm 3.086290026752e-21 ||r(i)||/||b|| 6.439043907851e-05
 80 KSP unpreconditioned resid norm 2.908847639310e-21 true resid norm 2.908847639312e-21 ||r(i)||/||b|| 6.068839126728e-05
 81 KSP unpreconditioned resid norm 2.727395928242e-21 true resid norm 2.727395928244e-21 ||r(i)||/||b|| 5.690269541695e-05
 82 KSP unpreconditioned resid norm 2.565099182847e-21 true resid norm 2.565099182852e-21 ||r(i)||/||b|| 5.351663687862e-05
 83 KSP unpreconditioned resid norm 2.431985258727e-21 true resid norm 2.431985258736e-21 ||r(i)||/||b|| 5.073943060605e-05
 84 KSP unpreconditioned resid norm 2.342679947422e-21 true resid norm 2.342679947436e-21 ||r(i)||/||b|| 4.887622003387e-05
 85 KSP unpreconditioned resid norm 2.284371470903e-21 true resid norm 2.284371470921e-21 ||r(i)||/||b|| 4.765970817908e-05
 86 KSP unpreconditioned resid norm 2.237821354177e-21 true resid norm 2.237821354195e-21 ||r(i)||/||b|| 4.668851544311e-05
 87 KSP unpreconditioned resid norm 2.185937356219e-21 true resid norm 2.185937356238e-21 ||r(i)||/||b|| 4.560603992051e-05
 88 KSP unpreconditioned resid norm 2.131499167614e-21 true resid norm 2.131499167636e-21 ||r(i)||/||b|| 4.447027534998e-05
 89 KSP unpreconditioned resid norm 2.082198017904e-21 true resid norm 2.082198017930e-21 ||r(i)||/||b|| 4.344168676981e-05
 90 KSP unpreconditioned resid norm 2.043674225229e-21 true resid norm 2.043674225257e-21 ||r(i)||/||b|| 4.263795027593e-05
 91 KSP unpreconditioned resid norm 2.031318244171e-21 true resid norm 2.031325774058e-21 ||r(i)||/||b|| 4.238031985632e-05
 92 KSP unpreconditioned resid norm 2.006778395499e-21 true resid norm 1.991002681705e-21 ||r(i)||/||b|| 4.153904389096e-05
 93 KSP unpreconditioned resid norm 2.001855911804e-21 true resid norm 1.982053281356e-21 ||r(i)||/||b|| 4.135232915808e-05
 94 KSP unpreconditioned resid norm 1.996916647141e-21 true resid norm 1.968494481108e-21 ||r(i)||/||b|| 4.106944676731e-05
 95 KSP unpreconditioned resid norm 1.996869530265e-21 true resid norm 1.967900194950e-21 ||r(i)||/||b|| 4.105704794987e-05
 96 KSP unpreconditioned resid norm 1.996722744989e-21 true resid norm 1.967917130840e-21 ||r(i)||/||b|| 4.105740128976e-05
 97 KSP unpreconditioned resid norm 1.996638604881e-21 true resid norm 1.967800486708e-21 ||r(i)||/||b|| 4.105496769900e-05
 98 KSP unpreconditioned resid norm 1.996580803566e-21 true resid norm 1.967435282273e-21 ||r(i)||/||b|| 4.104734830039e-05
 99 KSP unpreconditioned resid norm 1.996511129646e-21 true resid norm 1.967275936527e-21 ||r(i)||/||b|| 4.104402380969e-05
100 KSP unpreconditioned resid norm 1.967275129468e-21 true resid norm 1.967275129468e-21 ||r(i)||/||b|| 4.104400697169e-05
101 KSP unpreconditioned resid norm 1.952144185152e-21 true resid norm 1.952144185152e-21 ||r(i)||/||b|| 4.072832434312e-05
102 KSP unpreconditioned resid norm 1.933645725470e-21 true resid norm 1.933645725470e-21 ||r(i)||/||b|| 4.034238396458e-05
103 KSP unpreconditioned resid norm 1.915058429248e-21 true resid norm 1.915058429248e-21 ||r(i)||/||b|| 3.995459015564e-05
104 KSP unpreconditioned resid norm 1.888298612228e-21 true resid norm 1.888298612228e-21 ||r(i)||/||b|| 3.939628994645e-05
105 KSP unpreconditioned resid norm 1.866582333427e-21 true resid norm 1.866582333427e-21 ||r(i)||/||b|| 3.894321498750e-05
106 KSP unpreconditioned resid norm 1.849224865051e-21 true resid norm 1.849224865051e-21 ||r(i)||/||b|| 3.858107954322e-05
107 KSP unpreconditioned resid norm 1.831809613625e-21 true resid norm 1.831809613625e-21 ||r(i)||/||b|| 3.821773854925e-05
108 KSP unpreconditioned resid norm 1.807715361340e-21 true resid norm 1.807715361340e-21 ||r(i)||/||b|| 3.771505102784e-05
109 KSP unpreconditioned resid norm 1.776455583440e-21 true resid norm 1.776455583440e-21 ||r(i)||/||b|| 3.706286642852e-05
110 KSP unpreconditioned resid norm 1.731355119824e-21 true resid norm 1.731355119824e-21 ||r(i)||/||b|| 3.612191835504e-05
111 KSP unpreconditioned resid norm 1.675819313355e-21 true resid norm 1.675819313355e-21 ||r(i)||/||b|| 3.496325376677e-05
112 KSP unpreconditioned resid norm 1.605659167940e-21 true resid norm 1.605659167940e-21 ||r(i)||/||b|| 3.349947604986e-05
113 KSP unpreconditioned resid norm 1.542782670037e-21 true resid norm 1.542782670037e-21 ||r(i)||/||b|| 3.218765983279e-05
114 KSP unpreconditioned resid norm 1.484407648065e-21 true resid norm 1.484407648065e-21 ||r(i)||/||b|| 3.096975961491e-05
115 KSP unpreconditioned resid norm 1.434275466211e-21 true resid norm 1.434275466211e-21 ||r(i)||/||b|| 2.992383289592e-05
116 KSP unpreconditioned resid norm 1.389231269524e-21 true resid norm 1.389231269524e-21 ||r(i)||/||b|| 2.898405874071e-05
117 KSP unpreconditioned resid norm 1.345883368278e-21 true resid norm 1.345883368278e-21 ||r(i)||/||b|| 2.807967504049e-05
118 KSP unpreconditioned resid norm 1.302321522931e-21 true resid norm 1.302321522931e-21 ||r(i)||/||b|| 2.717082774337e-05
119 KSP unpreconditioned resid norm 1.257041818092e-21 true resid norm 1.257041818092e-21 ||r(i)||/||b|| 2.622614009228e-05
120 KSP unpreconditioned resid norm 1.204623741812e-21 true resid norm 1.204623741812e-21 ||r(i)||/||b|| 2.513252189113e-05
121 KSP unpreconditioned resid norm 1.153104727215e-21 true resid norm 1.153104727215e-21 ||r(i)||/||b|| 2.405766115475e-05
122 KSP unpreconditioned resid norm 1.111463797957e-21 true resid norm 1.111463797957e-21 ||r(i)||/||b|| 2.318889065836e-05
123 KSP unpreconditioned resid norm 1.078823109158e-21 true resid norm 1.078823109158e-21 ||r(i)||/||b|| 2.250789559135e-05
124 KSP unpreconditioned resid norm 1.051643702047e-21 true resid norm 1.051643702047e-21 ||r(i)||/||b|| 2.194084131497e-05
125 KSP unpreconditioned resid norm 1.029284033176e-21 true resid norm 1.029284033176e-21 ||r(i)||/||b|| 2.147434306506e-05
126 KSP unpreconditioned resid norm 1.003129056417e-21 true resid norm 1.003129056417e-21 ||r(i)||/||b|| 2.092866186756e-05
127 KSP unpreconditioned resid norm 9.763565650449e-22 true resid norm 9.763565650449e-22 ||r(i)||/||b|| 2.037009722855e-05
128 KSP unpreconditioned resid norm 9.469748511118e-22 true resid norm 9.469748511117e-22 ||r(i)||/||b|| 1.975709538989e-05
129 KSP unpreconditioned resid norm 9.183413160876e-22 true resid norm 9.183413160876e-22 ||r(i)||/||b|| 1.915970309150e-05
130 KSP unpreconditioned resid norm 8.881435480223e-22 true resid norm 8.881435480223e-22 ||r(i)||/||b|| 1.852967560605e-05
131 KSP unpreconditioned resid norm 8.548898528201e-22 true resid norm 8.548898528202e-22 ||r(i)||/||b|| 1.783589115401e-05
132 KSP unpreconditioned resid norm 8.145920492500e-22 true resid norm 8.145920492499e-22 ||r(i)||/||b|| 1.699514279812e-05
133 KSP unpreconditioned resid norm 7.718560463770e-22 true resid norm 7.718560463769e-22 ||r(i)||/||b|| 1.610352536567e-05
134 KSP unpreconditioned resid norm 7.273498576973e-22 true resid norm 7.273498576972e-22 ||r(i)||/||b|| 1.517497587552e-05
135 KSP unpreconditioned resid norm 6.768346910248e-22 true resid norm 6.768346910246e-22 ||r(i)||/||b|| 1.412105879904e-05
136 KSP unpreconditioned resid norm 6.143462876069e-22 true resid norm 6.143462876070e-22 ||r(i)||/||b|| 1.281733954437e-05
137 KSP unpreconditioned resid norm 5.476495469357e-22 true resid norm 5.476495469358e-22 ||r(i)||/||b|| 1.142582015387e-05
138 KSP unpreconditioned resid norm 4.930778856807e-22 true resid norm 4.930778856807e-22 ||r(i)||/||b|| 1.028727089278e-05
139 KSP unpreconditioned resid norm 4.540348928196e-22 true resid norm 4.540348928196e-22 ||r(i)||/||b|| 9.472702128514e-06
140 KSP unpreconditioned resid norm 4.233422769889e-22 true resid norm 4.233422769888e-22 ||r(i)||/||b|| 8.832350446498e-06
141 KSP unpreconditioned resid norm 4.002633777688e-22 true resid norm 4.002633777687e-22 ||r(i)||/||b|| 8.350846621081e-06
142 KSP unpreconditioned resid norm 3.847930347763e-22 true resid norm 3.847930347762e-22 ||r(i)||/||b|| 8.028082989230e-06
143 KSP unpreconditioned resid norm 3.704344672371e-22 true resid norm 3.704344672371e-22 ||r(i)||/||b|| 7.728514750221e-06
144 KSP unpreconditioned resid norm 3.573985239470e-22 true resid norm 3.573985239470e-22 ||r(i)||/||b|| 7.456540922430e-06
145 KSP unpreconditioned resid norm 3.438369388442e-22 true resid norm 3.438369388441e-22 ||r(i)||/||b|| 7.173600430185e-06
146 KSP unpreconditioned resid norm 3.262617063970e-22 true resid norm 3.262617063969e-22 ||r(i)||/||b|| 6.806921691515e-06
147 KSP unpreconditioned resid norm 3.101437548021e-22 true resid norm 3.101437548020e-22 ||r(i)||/||b|| 6.470646755833e-06
148 KSP unpreconditioned resid norm 2.947917858076e-22 true resid norm 2.947917858075e-22 ||r(i)||/||b|| 6.150352805586e-06
149 KSP unpreconditioned resid norm 2.814789708600e-22 true resid norm 2.814789708599e-22 ||r(i)||/||b|| 5.872602499419e-06
150 KSP unpreconditioned resid norm 2.717479852484e-22 true resid norm 2.717479852483e-22 ||r(i)||/||b|| 5.669581256839e-06
151 KSP unpreconditioned resid norm 2.648708748696e-22 true resid norm 2.648708748695e-22 ||r(i)||/||b|| 5.526101495364e-06
152 KSP unpreconditioned resid norm 2.583774755691e-22 true resid norm 2.583774755689e-22 ||r(i)||/||b|| 5.390627243608e-06
153 KSP unpreconditioned resid norm 2.522612034313e-22 true resid norm 2.522612034312e-22 ||r(i)||/||b|| 5.263021138849e-06
154 KSP unpreconditioned resid norm 2.463728313795e-22 true resid norm 2.463728313792e-22 ||r(i)||/||b|| 5.140169799992e-06
155 KSP unpreconditioned resid norm 2.408326443354e-22 true resid norm 2.408326443350e-22 ||r(i)||/||b|| 5.024582776977e-06
156 KSP unpreconditioned resid norm 2.364842239630e-22 true resid norm 2.364842239630e-22 ||r(i)||/||b|| 4.933860033934e-06
157 KSP unpreconditioned resid norm 2.329037762745e-22 true resid norm 2.329037762744e-22 ||r(i)||/||b|| 4.859159796182e-06
158 KSP unpreconditioned resid norm 2.299770152849e-22 true resid norm 2.299770152847e-22 ||r(i)||/||b|| 4.798097671894e-06
159 KSP unpreconditioned resid norm 2.266784601373e-22 true resid norm 2.266784601372e-22 ||r(i)||/||b|| 4.729278665116e-06
160 KSP unpreconditioned resid norm 2.235818597976e-22 true resid norm 2.235818597974e-22 ||r(i)||/||b|| 4.664673118066e-06
161 KSP unpreconditioned resid norm 2.197388557075e-22 true resid norm 2.197388557072e-22 ||r(i)||/||b|| 4.584495066554e-06
162 KSP unpreconditioned resid norm 2.160855663473e-22 true resid norm 2.160855663472e-22 ||r(i)||/||b|| 4.508275105393e-06
163 KSP unpreconditioned resid norm 2.124042516880e-22 true resid norm 2.124042516878e-22 ||r(i)||/||b|| 4.431470441782e-06
164 KSP unpreconditioned resid norm 2.091498467089e-22 true resid norm 2.091498467087e-22 ||r(i)||/||b|| 4.363572556709e-06
165 KSP unpreconditioned resid norm 2.065227986241e-22 true resid norm 2.065227986238e-22 ||r(i)||/||b|| 4.308763456396e-06
166 KSP unpreconditioned resid norm 2.037965122875e-22 true resid norm 2.037965122875e-22 ||r(i)||/||b|| 4.251883910818e-06
167 KSP unpreconditioned resid norm 2.015479746487e-22 true resid norm 2.015479746484e-22 ||r(i)||/||b|| 4.204971817459e-06
168 KSP unpreconditioned resid norm 1.988796340742e-22 true resid norm 1.988796340740e-22 ||r(i)||/||b|| 4.149301216281e-06
169 KSP unpreconditioned resid norm 1.964998427097e-22 true resid norm 1.964998427095e-22 ||r(i)||/||b|| 4.099650726682e-06
170 KSP unpreconditioned resid norm 1.940177348820e-22 true resid norm 1.940177348819e-22 ||r(i)||/||b|| 4.047865569917e-06
171 KSP unpreconditioned resid norm 1.917799868895e-22 true resid norm 1.917799868891e-22 ||r(i)||/||b|| 4.001178585040e-06
172 KSP unpreconditioned resid norm 1.891986359550e-22 true resid norm 1.891986359549e-22 ||r(i)||/||b|| 3.947322881711e-06
173 KSP unpreconditioned resid norm 1.863491698112e-22 true resid norm 1.863491698110e-22 ||r(i)||/||b|| 3.887873389098e-06
174 KSP unpreconditioned resid norm 1.826453462231e-22 true resid norm 1.826453462228e-22 ||r(i)||/||b|| 3.810599113173e-06
175 KSP unpreconditioned resid norm 1.786625363234e-22 true resid norm 1.786625363232e-22 ||r(i)||/||b|| 3.727504240047e-06
176 KSP unpreconditioned resid norm 1.741828569744e-22 true resid norm 1.741828569742e-22 ||r(i)||/||b|| 3.634042991198e-06
177 KSP unpreconditioned resid norm 1.684697124028e-22 true resid norm 1.684697124025e-22 ||r(i)||/||b|| 3.514847489705e-06
178 KSP unpreconditioned resid norm 1.613910771657e-22 true resid norm 1.613910771655e-22 ||r(i)||/||b|| 3.367163238698e-06
179 KSP unpreconditioned resid norm 1.529151002448e-22 true resid norm 1.529151002446e-22 ||r(i)||/||b|| 3.190325718303e-06
180 KSP unpreconditioned resid norm 1.424808528851e-22 true resid norm 1.424808528850e-22 ||r(i)||/||b|| 2.972632059211e-06
181 KSP unpreconditioned resid norm 1.298781045266e-22 true resid norm 1.298781045265e-22 ||r(i)||/||b|| 2.709696141535e-06
182 KSP unpreconditioned resid norm 1.197223521333e-22 true resid norm 1.197223521332e-22 ||r(i)||/||b|| 2.497812828526e-06
183 KSP unpreconditioned resid norm 1.115177652606e-22 true resid norm 1.115177652605e-22 ||r(i)||/||b|| 2.326637421608e-06
184 KSP unpreconditioned resid norm 1.045877734539e-22 true resid norm 1.045877734537e-22 ||r(i)||/||b|| 2.182054374850e-06
185 KSP unpreconditioned resid norm 9.977710666389e-23 true resid norm 9.977710666379e-23 ||r(i)||/||b|| 2.081687609517e-06
186 KSP unpreconditioned resid norm 9.594888485332e-23 true resid norm 9.594888485324e-23 ||r(i)||/||b|| 2.001817966310e-06
187 KSP unpreconditioned resid norm 9.278581846941e-23 true resid norm 9.278581846941e-23 ||r(i)||/||b|| 1.935825712982e-06
188 KSP unpreconditioned resid norm 9.037109840938e-23 true resid norm 9.037109840939e-23 ||r(i)||/||b|| 1.885446492763e-06
189 KSP unpreconditioned resid norm 8.872000934614e-23 true resid norm 8.872000934623e-23 ||r(i)||/||b|| 1.850999195583e-06
190 KSP unpreconditioned resid norm 8.709782031676e-23 true resid norm 8.709782031695e-23 ||r(i)||/||b|| 1.817154850768e-06
191 KSP unpreconditioned resid norm 8.530500287866e-23 true resid norm 8.530500287882e-23 ||r(i)||/||b|| 1.779750620761e-06
192 KSP unpreconditioned resid norm 8.491053473676e-23 true resid norm 8.462555623739e-23 ||r(i)||/||b|| 1.765575067851e-06
193 KSP unpreconditioned resid norm 8.474824842005e-23 true resid norm 8.423508231979e-23 ||r(i)||/||b|| 1.757428462449e-06
194 KSP unpreconditioned resid norm 8.472998240720e-23 true resid norm 8.420032099720e-23 ||r(i)||/||b|| 1.756703223795e-06
195 KSP unpreconditioned resid norm 8.472727660162e-23 true resid norm 8.418699488848e-23 ||r(i)||/||b|| 1.756425196136e-06
196 KSP unpreconditioned resid norm 8.467249510371e-23 true resid norm 8.410691754185e-23 ||r(i)||/||b|| 1.754754512090e-06
197 KSP unpreconditioned resid norm 8.466957822917e-23 true resid norm 8.411128877380e-23 ||r(i)||/||b|| 1.754845710759e-06
198 KSP unpreconditioned resid norm 8.462028837759e-23 true resid norm 8.416192333354e-23 ||r(i)||/||b|| 1.755902118779e-06
199 KSP unpreconditioned resid norm 8.461968494420e-23 true resid norm 8.416226811416e-23 ||r(i)||/||b|| 1.755909312067e-06
200 KSP unpreconditioned resid norm 8.428013103991e-23 true resid norm 8.428013103991e-23 ||r(i)||/||b|| 1.758368330978e-06
201 KSP unpreconditioned resid norm 8.299846623786e-23 true resid norm 8.299846623796e-23 ||r(i)||/||b|| 1.731628472237e-06
202 KSP unpreconditioned resid norm 8.175577185663e-23 true resid norm 8.175577185665e-23 ||r(i)||/||b|| 1.705701668159e-06
203 KSP unpreconditioned resid norm 8.046251714830e-23 true resid norm 8.046251714823e-23 ||r(i)||/||b|| 1.678720004805e-06
204 KSP unpreconditioned resid norm 7.895816531585e-23 true resid norm 7.895816531590e-23 ||r(i)||/||b|| 1.647334142111e-06
205 KSP unpreconditioned resid norm 7.708132338884e-23 true resid norm 7.708132338896e-23 ||r(i)||/||b|| 1.608176877334e-06
206 KSP unpreconditioned resid norm 7.420695510359e-23 true resid norm 7.420695510366e-23 ||r(i)||/||b|| 1.548207841903e-06
207 KSP unpreconditioned resid norm 7.125730856316e-23 true resid norm 7.125730856325e-23 ||r(i)||/||b|| 1.486668247692e-06
208 KSP unpreconditioned resid norm 6.741071769126e-23 true resid norm 6.741071769132e-23 ||r(i)||/||b|| 1.406415363792e-06
209 KSP unpreconditioned resid norm 6.373039626965e-23 true resid norm 6.373039626976e-23 ||r(i)||/||b|| 1.329631422481e-06
210 KSP unpreconditioned resid norm 6.007729683069e-23 true resid norm 6.007729683069e-23 ||r(i)||/||b|| 1.253415423712e-06
211 KSP unpreconditioned resid norm 5.609790352753e-23 true resid norm 5.609790352761e-23 ||r(i)||/||b|| 1.170391832335e-06
212 KSP unpreconditioned resid norm 5.185836790175e-23 true resid norm 5.185836790185e-23 ||r(i)||/||b|| 1.081940793040e-06
213 KSP unpreconditioned resid norm 4.783874475619e-23 true resid norm 4.783874475644e-23 ||r(i)||/||b|| 9.980778712085e-07
214 KSP unpreconditioned resid norm 4.501932015242e-23 true resid norm 4.501932015241e-23 ||r(i)||/||b|| 9.392551466334e-07
215 KSP unpreconditioned resid norm 4.331655647400e-23 true resid norm 4.331655647415e-23 ||r(i)||/||b|| 9.037297423650e-07
216 KSP unpreconditioned resid norm 4.223077581359e-23 true resid norm 4.223077581360e-23 ||r(i)||/||b|| 8.810766887407e-07
217 KSP unpreconditioned resid norm 4.152921075716e-23 true resid norm 4.152921075752e-23 ||r(i)||/||b|| 8.664396709584e-07
218 KSP unpreconditioned resid norm 4.089107445832e-23 true resid norm 4.089107445843e-23 ||r(i)||/||b|| 8.531259913839e-07
219 KSP unpreconditioned resid norm 4.034096684847e-23 true resid norm 4.034096684887e-23 ||r(i)||/||b|| 8.416488877375e-07
220 KSP unpreconditioned resid norm 3.974329204059e-23 true resid norm 3.974329204066e-23 ||r(i)||/||b|| 8.291793715890e-07
221 KSP unpreconditioned resid norm 3.920849725913e-23 true resid norm 3.920849725931e-23 ||r(i)||/||b|| 8.180217452839e-07
222 KSP unpreconditioned resid norm 3.863359019622e-23 true resid norm 3.863359019633e-23 ||r(i)||/||b|| 8.060272412374e-07
223 KSP unpreconditioned resid norm 3.806919857220e-23 true resid norm 3.806919857232e-23 ||r(i)||/||b|| 7.942521247814e-07
224 KSP unpreconditioned resid norm 3.752844456202e-23 true resid norm 3.752844456198e-23 ||r(i)||/||b|| 7.829701688221e-07
225 KSP unpreconditioned resid norm 3.701574814064e-23 true resid norm 3.701574814063e-23 ||r(i)||/||b|| 7.722735889808e-07
226 KSP unpreconditioned resid norm 3.655856282114e-23 true resid norm 3.655856282121e-23 ||r(i)||/||b|| 7.627351583074e-07
227 KSP unpreconditioned resid norm 3.611643246167e-23 true resid norm 3.611643246172e-23 ||r(i)||/||b|| 7.535108249717e-07
228 KSP unpreconditioned resid norm 3.567650652904e-23 true resid norm 3.567650652928e-23 ||r(i)||/||b|| 7.443324834334e-07
229 KSP unpreconditioned resid norm 3.521561879352e-23 true resid norm 3.521561879345e-23 ||r(i)||/||b|| 7.347168078428e-07
230 KSP unpreconditioned resid norm 3.475199793541e-23 true resid norm 3.475199793552e-23 ||r(i)||/||b|| 7.250441100893e-07
231 KSP unpreconditioned resid norm 3.424302288596e-23 true resid norm 3.424302288604e-23 ||r(i)||/||b|| 7.144251706403e-07
232 KSP unpreconditioned resid norm 3.377167482079e-23 true resid norm 3.377167482067e-23 ||r(i)||/||b|| 7.045912572282e-07
233 KSP unpreconditioned resid norm 3.327766844903e-23 true resid norm 3.327766844901e-23 ||r(i)||/||b|| 6.942846149804e-07
234 KSP unpreconditioned resid norm 3.286006578038e-23 true resid norm 3.286006578046e-23 ||r(i)||/||b|| 6.855720121611e-07
235 KSP unpreconditioned resid norm 3.244501729653e-23 true resid norm 3.244501729649e-23 ||r(i)||/||b|| 6.769126982631e-07
236 KSP unpreconditioned resid norm 3.204923909900e-23 true resid norm 3.204923909916e-23 ||r(i)||/||b|| 6.686554276623e-07
237 KSP unpreconditioned resid norm 3.161517337619e-23 true resid norm 3.161517337620e-23 ||r(i)||/||b|| 6.595993498963e-07
238 KSP unpreconditioned resid norm 3.113705644776e-23 true resid norm 3.113705644770e-23 ||r(i)||/||b|| 6.496242151260e-07
239 KSP unpreconditioned resid norm 3.053016915578e-23 true resid norm 3.053016915589e-23 ||r(i)||/||b|| 6.369624954393e-07
240 KSP unpreconditioned resid norm 2.971864350869e-23 true resid norm 2.971864350896e-23 ||r(i)||/||b|| 6.200313281554e-07
241 KSP unpreconditioned resid norm 2.884481961307e-23 true resid norm 2.884481961319e-23 ||r(i)||/||b|| 6.018004088840e-07
242 KSP unpreconditioned resid norm 2.793112608107e-23 true resid norm 2.793112608117e-23 ||r(i)||/||b|| 5.827376742738e-07
243 KSP unpreconditioned resid norm 2.711536547512e-23 true resid norm 2.711536547519e-23 ||r(i)||/||b|| 5.657181514336e-07
244 KSP unpreconditioned resid norm 2.621601481936e-23 true resid norm 2.621601481935e-23 ||r(i)||/||b|| 5.469546576876e-07
245 KSP unpreconditioned resid norm 2.524950256560e-23 true resid norm 2.524950256552e-23 ||r(i)||/||b|| 5.267899460568e-07
246 KSP unpreconditioned resid norm 2.414810637794e-23 true resid norm 2.414810637806e-23 ||r(i)||/||b|| 5.038110997735e-07
247 KSP unpreconditioned resid norm 2.296206143128e-23 true resid norm 2.296206143138e-23 ||r(i)||/||b|| 4.790661943300e-07
248 KSP unpreconditioned resid norm 2.171939873072e-23 true resid norm 2.171939873076e-23 ||r(i)||/||b|| 4.531400512178e-07
249 KSP unpreconditioned resid norm 2.050379657092e-23 true resid norm 2.050379657097e-23 ||r(i)||/||b|| 4.277784824296e-07
250 KSP unpreconditioned resid norm 1.932352338335e-23 true resid norm 1.932352338331e-23 ||r(i)||/||b|| 4.031539953828e-07
251 KSP unpreconditioned resid norm 1.836807697956e-23 true resid norm 1.836807697952e-23 ||r(i)||/||b|| 3.832201547773e-07
252 KSP unpreconditioned resid norm 1.741650412327e-23 true resid norm 1.741650412331e-23 ||r(i)||/||b|| 3.633671294636e-07
253 KSP unpreconditioned resid norm 1.647598531917e-23 true resid norm 1.647598531914e-23 ||r(i)||/||b|| 3.437447290290e-07
254 KSP unpreconditioned resid norm 1.539981050587e-23 true resid norm 1.539981050585e-23 ||r(i)||/||b|| 3.212920858385e-07
255 KSP unpreconditioned resid norm 1.403414740194e-23 true resid norm 1.403414740201e-23 ||r(i)||/||b|| 2.927997386750e-07
256 KSP unpreconditioned resid norm 1.246472674640e-23 true resid norm 1.246472674648e-23 ||r(i)||/||b|| 2.600563204503e-07
257 KSP unpreconditioned resid norm 1.122348196101e-23 true resid norm 1.122348196109e-23 ||r(i)||/||b|| 2.341597598411e-07
258 KSP unpreconditioned resid norm 1.025642088974e-23 true resid norm 1.025642088984e-23 ||r(i)||/||b|| 2.139835980242e-07
259 KSP unpreconditioned resid norm 9.490016492454e-24 true resid norm 9.490016492485e-24 ||r(i)||/||b|| 1.979938124793e-07
260 KSP unpreconditioned resid norm 8.775025412202e-24 true resid norm 8.775025412163e-24 ||r(i)||/||b|| 1.830766824623e-07
261 KSP unpreconditioned resid norm 8.195755782883e-24 true resid norm 8.195755782867e-24 ||r(i)||/||b|| 1.709911605406e-07
262 KSP unpreconditioned resid norm 7.782721498680e-24 true resid norm 7.782721498713e-24 ||r(i)||/||b|| 1.623738696571e-07
263 KSP unpreconditioned resid norm 7.465138675093e-24 true resid norm 7.465138675061e-24 ||r(i)||/||b|| 1.557480187872e-07
264 KSP unpreconditioned resid norm 7.210754402462e-24 true resid norm 7.210754402460e-24 ||r(i)||/||b|| 1.504407032512e-07
265 KSP unpreconditioned resid norm 6.936856806199e-24 true resid norm 6.936856806200e-24 ||r(i)||/||b|| 1.447262738448e-07
266 KSP unpreconditioned resid norm 6.615810247906e-24 true resid norm 6.615810247976e-24 ||r(i)||/||b|| 1.380281577670e-07
267 KSP unpreconditioned resid norm 6.271989746173e-24 true resid norm 6.271989746194e-24 ||r(i)||/||b|| 1.308549002695e-07
268 KSP unpreconditioned resid norm 5.970854004396e-24 true resid norm 5.970854004406e-24 ||r(i)||/||b|| 1.245721911048e-07
269 KSP unpreconditioned resid norm 5.706439413217e-24 true resid norm 5.706439413255e-24 ||r(i)||/||b|| 1.190556092297e-07
270 KSP unpreconditioned resid norm 5.472751176593e-24 true resid norm 5.472751176594e-24 ||r(i)||/||b|| 1.141800829390e-07
271 KSP unpreconditioned resid norm 5.259200083324e-24 true resid norm 5.259200083438e-24 ||r(i)||/||b|| 1.097246855088e-07
272 KSP unpreconditioned resid norm 5.050658610094e-24 true resid norm 5.050658610132e-24 ||r(i)||/||b|| 1.053738056771e-07
273 KSP unpreconditioned resid norm 4.832088317991e-24 true resid norm 4.832088318023e-24 ||r(i)||/||b|| 1.008136907960e-07
274 KSP unpreconditioned resid norm 4.645268790350e-24 true resid norm 4.645268790367e-24 ||r(i)||/||b|| 9.691600415282e-08
275 KSP unpreconditioned resid norm 4.456269444711e-24 true resid norm 4.456269444792e-24 ||r(i)||/||b|| 9.297283914185e-08
276 KSP unpreconditioned resid norm 4.266135486928e-24 true resid norm 4.266135487002e-24 ||r(i)||/||b|| 8.900600228605e-08
277 KSP unpreconditioned resid norm 4.091153020731e-24 true resid norm 4.091153020780e-24 ||r(i)||/||b|| 8.535527674392e-08
278 KSP unpreconditioned resid norm 3.915382318622e-24 true resid norm 3.915382318667e-24 ||r(i)||/||b|| 8.168810593753e-08
279 KSP unpreconditioned resid norm 3.720287807324e-24 true resid norm 3.720287807317e-24 ||r(i)||/||b|| 7.761777517186e-08
280 KSP unpreconditioned resid norm 3.509229802448e-24 true resid norm 3.509229802410e-24 ||r(i)||/||b|| 7.321439198714e-08
281 KSP unpreconditioned resid norm 3.338400725686e-24 true resid norm 3.338400725697e-24 ||r(i)||/||b|| 6.965032018520e-08
282 KSP unpreconditioned resid norm 3.197919827254e-24 true resid norm 3.197919827282e-24 ||r(i)||/||b|| 6.671941393445e-08
283 KSP unpreconditioned resid norm 3.064461623929e-24 true resid norm 3.064461623939e-24 ||r(i)||/||b|| 6.393502483380e-08
284 KSP unpreconditioned resid norm 2.964751465899e-24 true resid norm 2.964751465939e-24 ||r(i)||/||b|| 6.185473399964e-08
285 KSP unpreconditioned resid norm 2.890060209146e-24 true resid norm 2.890060209151e-24 ||r(i)||/||b|| 6.029642198806e-08
286 KSP unpreconditioned resid norm 2.841738235977e-24 true resid norm 2.841738235992e-24 ||r(i)||/||b|| 5.928826233945e-08
287 KSP unpreconditioned resid norm 2.801891401282e-24 true resid norm 2.801891401271e-24 ||r(i)||/||b|| 5.845692271768e-08
288 KSP unpreconditioned resid norm 2.765257749885e-24 true resid norm 2.765257749850e-24 ||r(i)||/||b|| 5.769262095744e-08
289 KSP unpreconditioned resid norm 2.725596940035e-24 true resid norm 2.725596940056e-24 ||r(i)||/||b|| 5.686516244424e-08
290 KSP unpreconditioned resid norm 2.679227306439e-24 true resid norm 2.679227306435e-24 ||r(i)||/||b|| 5.589773519570e-08
291 KSP unpreconditioned resid norm 2.630457827326e-24 true resid norm 2.630457827311e-24 ||r(i)||/||b|| 5.488023906046e-08
292 KSP unpreconditioned resid norm 2.618973709812e-24 true resid norm 2.612722725373e-24 ||r(i)||/||b|| 5.451022490400e-08
293 KSP unpreconditioned resid norm 2.617194639378e-24 true resid norm 2.606272481967e-24 ||r(i)||/||b|| 5.437565103003e-08
294 KSP unpreconditioned resid norm 2.615961519040e-24 true resid norm 2.604110692480e-24 ||r(i)||/||b|| 5.433054879626e-08
295 KSP unpreconditioned resid norm 2.615891037890e-24 true resid norm 2.603785942168e-24 ||r(i)||/||b|| 5.432377340736e-08
296 KSP unpreconditioned resid norm 2.614172594999e-24 true resid norm 2.600445071728e-24 ||r(i)||/||b|| 5.425407156060e-08
297 KSP unpreconditioned resid norm 2.614058044854e-24 true resid norm 2.600317606934e-24 ||r(i)||/||b|| 5.425141221426e-08
298 KSP unpreconditioned resid norm 2.613320242874e-24 true resid norm 2.601095122233e-24 ||r(i)||/||b|| 5.426763381075e-08
299 KSP unpreconditioned resid norm 2.613283473892e-24 true resid norm 2.601171410573e-24 ||r(i)||/||b|| 5.426922544332e-08
300 KSP unpreconditioned resid norm 2.603357671112e-24 true resid norm 2.603357671112e-24 ||r(i)||/||b|| 5.431483822594e-08
301 KSP unpreconditioned resid norm 2.569902657000e-24 true resid norm 2.569902657037e-24 ||r(i)||/||b|| 5.361685358192e-08
302 KSP unpreconditioned resid norm 2.541668950182e-24 true resid norm 2.541668950209e-24 ||r(i)||/||b|| 5.302780305079e-08
303 KSP unpreconditioned resid norm 2.519022824323e-24 true resid norm 2.519022824341e-24 ||r(i)||/||b|| 5.255532833991e-08
304 KSP unpreconditioned resid norm 2.496086690611e-24 true resid norm 2.496086690648e-24 ||r(i)||/||b|| 5.207680308581e-08
305 KSP unpreconditioned resid norm 2.477019137844e-24 true resid norm 2.477019137853e-24 ||r(i)||/||b|| 5.167898950187e-08
306 KSP unpreconditioned resid norm 2.449354483346e-24 true resid norm 2.449354483383e-24 ||r(i)||/||b|| 5.110181132586e-08
307 KSP unpreconditioned resid norm 2.421442123896e-24 true resid norm 2.421442123912e-24 ||r(i)||/||b|| 5.051946518649e-08
308 KSP unpreconditioned resid norm 2.384679505027e-24 true resid norm 2.384679505060e-24 ||r(i)||/||b|| 4.975247272983e-08
309 KSP unpreconditioned resid norm 2.348343234342e-24 true resid norm 2.348343234362e-24 ||r(i)||/||b|| 4.899437533639e-08
310 KSP unpreconditioned resid norm 2.298120901893e-24 true resid norm 2.298120901859e-24 ||r(i)||/||b|| 4.794656777022e-08
311 KSP unpreconditioned resid norm 2.249848404042e-24 true resid norm 2.249848404065e-24 ||r(i)||/||b|| 4.693944034493e-08
312 KSP unpreconditioned resid norm 2.191331355570e-24 true resid norm 2.191331355554e-24 ||r(i)||/||b|| 4.571857697351e-08
313 KSP unpreconditioned resid norm 2.120969449217e-24 true resid norm 2.120969449179e-24 ||r(i)||/||b|| 4.425058984119e-08
314 KSP unpreconditioned resid norm 2.040969196725e-24 true resid norm 2.040969196704e-24 ||r(i)||/||b|| 4.258151423954e-08
315 KSP unpreconditioned resid norm 1.977716372196e-24 true resid norm 1.977716372269e-24 ||r(i)||/||b|| 4.126184657933e-08
316 KSP unpreconditioned resid norm 1.917464065559e-24 true resid norm 1.917464065562e-24 ||r(i)||/||b|| 4.000477985822e-08
317 KSP unpreconditioned resid norm 1.862439412573e-24 true resid norm 1.862439412647e-24 ||r(i)||/||b|| 3.885677966036e-08
318 KSP unpreconditioned resid norm 1.790508513021e-24 true resid norm 1.790508513074e-24 ||r(i)||/||b|| 3.735605802802e-08
319 KSP unpreconditioned resid norm 1.728338448676e-24 true resid norm 1.728338448672e-24 ||r(i)||/||b|| 3.605898040095e-08
320 KSP unpreconditioned resid norm 1.651236622941e-24 true resid norm 1.651236623008e-24 ||r(i)||/||b|| 3.445037577687e-08
321 KSP unpreconditioned resid norm 1.567213590545e-24 true resid norm 1.567213590599e-24 ||r(i)||/||b|| 3.269737139211e-08
322 KSP unpreconditioned resid norm 1.463731177818e-24 true resid norm 1.463731177850e-24 ||r(i)||/||b|| 3.053837857677e-08
323 KSP unpreconditioned resid norm 1.364444734854e-24 true resid norm 1.364444734852e-24 ||r(i)||/||b|| 2.846692786936e-08
324 KSP unpreconditioned resid norm 1.268120148827e-24 true resid norm 1.268120148855e-24 ||r(i)||/||b|| 2.645727150763e-08
325 KSP unpreconditioned resid norm 1.179493439204e-24 true resid norm 1.179493439155e-24 ||r(i)||/||b|| 2.460821885795e-08
326 KSP unpreconditioned resid norm 1.104406798195e-24 true resid norm 1.104406798199e-24 ||r(i)||/||b|| 2.304165779655e-08
327 KSP unpreconditioned resid norm 1.049627969490e-24 true resid norm 1.049627969493e-24 ||r(i)||/||b|| 2.189878632239e-08
328 KSP unpreconditioned resid norm 1.007168541844e-24 true resid norm 1.007168541830e-24 ||r(i)||/||b|| 2.101293918341e-08
329 KSP unpreconditioned resid norm 9.660450028739e-25 true resid norm 9.660450028318e-25 ||r(i)||/||b|| 2.015496319619e-08
  Linear solve converged due to CONVERGED_ATOL iterations 329
Mat Object: 1 MPI process
  type: seqaijcusparse
  rows=281452, cols=281452, bs=4
  total: nonzeros=15993520, allocated nonzeros=15993520
  total number of mallocs used during MatSetValues calls=0
    not using I-node routines
Vec Object: 1 MPI process
  type: seqcuda
  length=281452, bs=4
Vec Object: 1 MPI process
  type: seqcuda
  length=281452, bs=4
KSP Object: 1 MPI process
  type: gmres
    restart=100, using classical (unmodified) Gram-Schmidt orthogonalization with no iterative refinement
    happy breakdown tolerance=1e-30
  maximum iterations=2000, initial guess is zero
  tolerances: relative=1e-10, absolute=1e-24, divergence=10000.
  right preconditioning
  diagonally scaled system
  using UNPRECONDITIONED norm type for convergence test
PC Object: 1 MPI process
  type: asm
    total subdomain blocks = 1, amount of overlap = 2
    restriction/interpolation type - RESTRICT
    Local solver information for first block is in the following KSP and PC objects on rank 0:
    Use -ksp_view ::ascii_info_detail to display information for all blocks
    KSP Object: (sub_) 1 MPI process
      type: preonly
      maximum iterations=10000, initial guess is zero
      tolerances: relative=1e-05, absolute=1e-50, divergence=10000.
      left preconditioning
      not checking for convergence
    PC Object: (sub_) 1 MPI process
      type: ilu
        out-of-place factorization
        2 levels of fill
        tolerance for zero pivot 2.22045e-14
        matrix ordering: natural
        factor fill ratio given 1., needed 4.996
          Factored matrix:
            Mat Object: (sub_) 1 MPI process
              type: seqaijcusparse
              rows=281452, cols=281452, bs=4
              package used to perform factorization: cusparse
              total: nonzeros=79903664, allocated nonzeros=79903664
                using I-node routines: found 70363 nodes, limit used is 5
      linear system matrix, which is also used to construct the preconditioner:
      Mat Object: (sub_) 1 MPI process
        type: seqaijcusparse
        rows=281452, cols=281452, bs=4
        total: nonzeros=15993520, allocated nonzeros=15993520
        total number of mallocs used during MatSetValues calls=0
          not using I-node routines
  linear system matrix, which is also used to construct the preconditioner:
  Mat Object: 1 MPI process
    type: seqaijcusparse
    rows=281452, cols=281452, bs=4
    total: nonzeros=15993520, allocated nonzeros=15993520
    total number of mallocs used during MatSetValues calls=0
      not using I-node routines
SV13Q_END logical=1 attempt=0 step=61 reason=3 iterations=329 healthy=1 ref=329 ratio=1 pending=0 recovery=NONE
 NS     61-1    2.296e+03 [   0  1.000e+00  4.754e-14  2.015e-08] [  329 -177    1]
Vec Object: 1 MPI process
  type: seqcuda
  length=281452, bs=4
Mat Object: 1 MPI process
  type: seqaijcusparse
  rows=281452, cols=281452, bs=4
  total: nonzeros=15993520, allocated nonzeros=15993520
  total number of mallocs used during MatSetValues calls=0
    not using I-node routines
Mat Object: 1 MPI process
  type: seqaijcusparse
  rows=281452, cols=281452, bs=4
  total: nonzeros=15993520, allocated nonzeros=15993520
  total number of mallocs used during MatSetValues calls=0
    not using I-node routines
SV13Q_BEGIN logical=2 attempt=0 step=61 equation=0 policy=R3 reuse=1 age=0 ref=329 rebuild_reason=REUSE builds=1 attempts=2 ksp=0x55e693816a00 pc=0x55e6952d3390
  0 KSP unpreconditioned resid norm 3.117737453531e-17 true resid norm 3.117737453531e-17 ||r(i)||/||b|| 1.000000000000e+00
  1 KSP unpreconditioned resid norm 1.981777093328e-18 true resid norm 1.981777093328e-18 ||r(i)||/||b|| 6.356459204361e-02
  2 KSP unpreconditioned resid norm 7.367839943337e-19 true resid norm 7.367839943337e-19 ||r(i)||/||b|| 2.363200895891e-02
  3 KSP unpreconditioned resid norm 3.892944004914e-19 true resid norm 3.892944004914e-19 ||r(i)||/||b|| 1.248643948677e-02
  4 KSP unpreconditioned resid norm 2.436555462314e-19 true resid norm 2.436555462314e-19 ||r(i)||/||b|| 7.815139980934e-03
  5 KSP unpreconditioned resid norm 1.672674563459e-19 true resid norm 1.672674563459e-19 ||r(i)||/||b|| 5.365027005607e-03
  6 KSP unpreconditioned resid norm 1.319535368820e-19 true resid norm 1.319535368820e-19 ||r(i)||/||b|| 4.232349222753e-03
  7 KSP unpreconditioned resid norm 1.125167908036e-19 true resid norm 1.125167908036e-19 ||r(i)||/||b|| 3.608924499917e-03
  8 KSP unpreconditioned resid norm 9.768446778984e-20 true resid norm 9.768446778984e-20 ||r(i)||/||b|| 3.133184536729e-03
  9 KSP unpreconditioned resid norm 8.602831395312e-20 true resid norm 8.602831395312e-20 ||r(i)||/||b|| 2.759318744293e-03
 10 KSP unpreconditioned resid norm 7.267315111006e-20 true resid norm 7.267315111006e-20 ||r(i)||/||b|| 2.330958016614e-03
 11 KSP unpreconditioned resid norm 5.746610748763e-20 true resid norm 5.746610748763e-20 ||r(i)||/||b|| 1.843199061632e-03
 12 KSP unpreconditioned resid norm 4.544284002302e-20 true resid norm 4.544284002302e-20 ||r(i)||/||b|| 1.457558267825e-03
 13 KSP unpreconditioned resid norm 3.780949028582e-20 true resid norm 3.780949028582e-20 ||r(i)||/||b|| 1.212722073278e-03
 14 KSP unpreconditioned resid norm 3.247919647434e-20 true resid norm 3.247919647434e-20 ||r(i)||/||b|| 1.041755342085e-03
 15 KSP unpreconditioned resid norm 2.799999877568e-20 true resid norm 2.799999877568e-20 ||r(i)||/||b|| 8.980871286636e-04
 16 KSP unpreconditioned resid norm 2.398087795433e-20 true resid norm 2.398087795433e-20 ||r(i)||/||b|| 7.691756702340e-04
 17 KSP unpreconditioned resid norm 2.106995459464e-20 true resid norm 2.106995459464e-20 ||r(i)||/||b|| 6.758091375134e-04
 18 KSP unpreconditioned resid norm 1.890282232732e-20 true resid norm 1.890282232732e-20 ||r(i)||/||b|| 6.062993632101e-04
 19 KSP unpreconditioned resid norm 1.726476830213e-20 true resid norm 1.726476830213e-20 ||r(i)||/||b|| 5.537595310530e-04
 20 KSP unpreconditioned resid norm 1.593768281374e-20 true resid norm 1.593768281374e-20 ||r(i)||/||b|| 5.111938722004e-04
 21 KSP unpreconditioned resid norm 1.497428840901e-20 true resid norm 1.497428840901e-20 ||r(i)||/||b|| 4.802934381807e-04
 22 KSP unpreconditioned resid norm 1.417144384355e-20 true resid norm 1.417144384355e-20 ||r(i)||/||b|| 4.545425666775e-04
 23 KSP unpreconditioned resid norm 1.348871382796e-20 true resid norm 1.348871382796e-20 ||r(i)||/||b|| 4.326443143147e-04
 24 KSP unpreconditioned resid norm 1.298756058125e-20 true resid norm 1.298756058125e-20 ||r(i)||/||b|| 4.165700535991e-04
 25 KSP unpreconditioned resid norm 1.243840033414e-20 true resid norm 1.243840033414e-20 ||r(i)||/||b|| 3.989559903466e-04
 26 KSP unpreconditioned resid norm 1.205614213239e-20 true resid norm 1.205614213239e-20 ||r(i)||/||b|| 3.866952337098e-04
 27 KSP unpreconditioned resid norm 1.165586878579e-20 true resid norm 1.165586878579e-20 ||r(i)||/||b|| 3.738566495582e-04
 28 KSP unpreconditioned resid norm 1.134741179921e-20 true resid norm 1.134741179921e-20 ||r(i)||/||b|| 3.639630330759e-04
 29 KSP unpreconditioned resid norm 1.110631463413e-20 true resid norm 1.110631463413e-20 ||r(i)||/||b|| 3.562299519978e-04
 30 KSP unpreconditioned resid norm 1.090406657929e-20 true resid norm 1.090406657929e-20 ||r(i)||/||b|| 3.497429383266e-04
 31 KSP unpreconditioned resid norm 1.074733927245e-20 true resid norm 1.074733927245e-20 ||r(i)||/||b|| 3.447159817860e-04
 32 KSP unpreconditioned resid norm 1.062698305900e-20 true resid norm 1.062698305900e-20 ||r(i)||/||b|| 3.408556113973e-04
 33 KSP unpreconditioned resid norm 1.051790768027e-20 true resid norm 1.051790768027e-20 ||r(i)||/||b|| 3.373570686126e-04
 34 KSP unpreconditioned resid norm 1.038403580191e-20 true resid norm 1.038403580191e-20 ||r(i)||/||b|| 3.330631894661e-04
 35 KSP unpreconditioned resid norm 1.024351015442e-20 true resid norm 1.024351015442e-20 ||r(i)||/||b|| 3.285558937242e-04
 36 KSP unpreconditioned resid norm 1.009046395259e-20 true resid norm 1.009046395259e-20 ||r(i)||/||b|| 3.236470069398e-04
 37 KSP unpreconditioned resid norm 9.969703733247e-21 true resid norm 9.969703733246e-21 ||r(i)||/||b|| 3.197736782472e-04
 38 KSP unpreconditioned resid norm 9.864323758643e-21 true resid norm 9.864323758642e-21 ||r(i)||/||b|| 3.163936638562e-04
 39 KSP unpreconditioned resid norm 9.781383035229e-21 true resid norm 9.781383035227e-21 ||r(i)||/||b|| 3.137333781634e-04
 40 KSP unpreconditioned resid norm 9.705533236379e-21 true resid norm 9.705533236377e-21 ||r(i)||/||b|| 3.113005306263e-04
 41 KSP unpreconditioned resid norm 9.617948476950e-21 true resid norm 9.617948476949e-21 ||r(i)||/||b|| 3.084912896067e-04
 42 KSP unpreconditioned resid norm 9.487931826990e-21 true resid norm 9.487931826988e-21 ||r(i)||/||b|| 3.043210651443e-04
 43 KSP unpreconditioned resid norm 9.329059324698e-21 true resid norm 9.329059324696e-21 ||r(i)||/||b|| 2.992253024427e-04
 44 KSP unpreconditioned resid norm 9.150712131439e-21 true resid norm 9.150712131437e-21 ||r(i)||/||b|| 2.935048979533e-04
 45 KSP unpreconditioned resid norm 9.006152813487e-21 true resid norm 9.006152813484e-21 ||r(i)||/||b|| 2.888682240798e-04
 46 KSP unpreconditioned resid norm 8.845003700508e-21 true resid norm 8.845003700505e-21 ||r(i)||/||b|| 2.836994401337e-04
 47 KSP unpreconditioned resid norm 8.674613832347e-21 true resid norm 8.674613832343e-21 ||r(i)||/||b|| 2.782342632001e-04
 48 KSP unpreconditioned resid norm 8.462267414656e-21 true resid norm 8.462267414652e-21 ||r(i)||/||b|| 2.714233491685e-04
 49 KSP unpreconditioned resid norm 8.199405189446e-21 true resid norm 8.199405189442e-21 ||r(i)||/||b|| 2.629921637615e-04
 50 KSP unpreconditioned resid norm 7.930440236725e-21 true resid norm 7.930440236721e-21 ||r(i)||/||b|| 2.543652361664e-04
 51 KSP unpreconditioned resid norm 7.634867041295e-21 true resid norm 7.634867041292e-21 ||r(i)||/||b|| 2.448848613807e-04
 52 KSP unpreconditioned resid norm 7.293629830034e-21 true resid norm 7.293629830031e-21 ||r(i)||/||b|| 2.339398342145e-04
 53 KSP unpreconditioned resid norm 6.919434332723e-21 true resid norm 6.919434332720e-21 ||r(i)||/||b|| 2.219376851275e-04
 54 KSP unpreconditioned resid norm 6.588185586207e-21 true resid norm 6.588185586203e-21 ||r(i)||/||b|| 2.113130333904e-04
 55 KSP unpreconditioned resid norm 6.275035986273e-21 true resid norm 6.275035986269e-21 ||r(i)||/||b|| 2.012689034852e-04
 56 KSP unpreconditioned resid norm 6.009015193513e-21 true resid norm 6.009015193508e-21 ||r(i)||/||b|| 1.927364084716e-04
 57 KSP unpreconditioned resid norm 5.743355854717e-21 true resid norm 5.743355854711e-21 ||r(i)||/||b|| 1.842155069282e-04
 58 KSP unpreconditioned resid norm 5.477192123114e-21 true resid norm 5.477192123107e-21 ||r(i)||/||b|| 1.756784272167e-04
 59 KSP unpreconditioned resid norm 5.185723111124e-21 true resid norm 5.185723111117e-21 ||r(i)||/||b|| 1.663296922338e-04
 60 KSP unpreconditioned resid norm 4.899968981199e-21 true resid norm 4.899968981192e-21 ||r(i)||/||b|| 1.571642594742e-04
 61 KSP unpreconditioned resid norm 4.593552011841e-21 true resid norm 4.593552011834e-21 ||r(i)||/||b|| 1.473360756093e-04
 62 KSP unpreconditioned resid norm 4.291446902556e-21 true resid norm 4.291446902550e-21 ||r(i)||/||b|| 1.376461926802e-04
 63 KSP unpreconditioned resid norm 3.962879650113e-21 true resid norm 3.962879650107e-21 ||r(i)||/||b|| 1.271075486366e-04
 64 KSP unpreconditioned resid norm 3.641470637215e-21 true resid norm 3.641470637209e-21 ||r(i)||/||b|| 1.167985018458e-04
 65 KSP unpreconditioned resid norm 3.358268311845e-21 true resid norm 3.358268311839e-21 ||r(i)||/||b|| 1.077149170478e-04
 66 KSP unpreconditioned resid norm 3.145872000857e-21 true resid norm 3.145872000851e-21 ||r(i)||/||b|| 1.009024027116e-04
 67 KSP unpreconditioned resid norm 2.938808286016e-21 true resid norm 2.938808286010e-21 ||r(i)||/||b|| 9.426092895290e-05
 68 KSP unpreconditioned resid norm 2.770738995679e-21 true resid norm 2.770738995673e-21 ||r(i)||/||b|| 8.887018348947e-05
 69 KSP unpreconditioned resid norm 2.628967089810e-21 true resid norm 2.628967089804e-21 ||r(i)||/||b|| 8.432291458113e-05
 70 KSP unpreconditioned resid norm 2.505082750786e-21 true resid norm 2.505082750780e-21 ||r(i)||/||b|| 8.034938118164e-05
 71 KSP unpreconditioned resid norm 2.394932656179e-21 true resid norm 2.394932656172e-21 ||r(i)||/||b|| 7.681636737758e-05
 72 KSP unpreconditioned resid norm 2.287230484145e-21 true resid norm 2.287230484138e-21 ||r(i)||/||b|| 7.336186956821e-05
 73 KSP unpreconditioned resid norm 2.196788562889e-21 true resid norm 2.196788562882e-21 ||r(i)||/||b|| 7.046098639236e-05
 74 KSP unpreconditioned resid norm 2.123617792686e-21 true resid norm 2.123617792679e-21 ||r(i)||/||b|| 6.811406747139e-05
 75 KSP unpreconditioned resid norm 2.055542522875e-21 true resid norm 2.055542522868e-21 ||r(i)||/||b|| 6.593058439030e-05
 76 KSP unpreconditioned resid norm 1.993445562872e-21 true resid norm 1.993445562867e-21 ||r(i)||/||b|| 6.393885285655e-05
 77 KSP unpreconditioned resid norm 1.937321812760e-21 true resid norm 1.937321812754e-21 ||r(i)||/||b|| 6.213870929255e-05
 78 KSP unpreconditioned resid norm 1.886836779832e-21 true resid norm 1.886836779826e-21 ||r(i)||/||b|| 6.051942499806e-05
 79 KSP unpreconditioned resid norm 1.834689549909e-21 true resid norm 1.834689549902e-21 ||r(i)||/||b|| 5.884682649670e-05
 80 KSP unpreconditioned resid norm 1.785324949925e-21 true resid norm 1.785324949916e-21 ||r(i)||/||b|| 5.726347957535e-05
 81 KSP unpreconditioned resid norm 1.737178075487e-21 true resid norm 1.737178075476e-21 ||r(i)||/||b|| 5.571919064285e-05
 82 KSP unpreconditioned resid norm 1.693933152595e-21 true resid norm 1.693933152584e-21 ||r(i)||/||b|| 5.433212955971e-05
 83 KSP unpreconditioned resid norm 1.650715434268e-21 true resid norm 1.650715434257e-21 ||r(i)||/||b|| 5.294594105054e-05
 84 KSP unpreconditioned resid norm 1.606119483003e-21 true resid norm 1.606119482993e-21 ||r(i)||/||b|| 5.151554635154e-05
 85 KSP unpreconditioned resid norm 1.556484504499e-21 true resid norm 1.556484504493e-21 ||r(i)||/||b|| 4.992352716327e-05
 86 KSP unpreconditioned resid norm 1.509518075578e-21 true resid norm 1.509518075575e-21 ||r(i)||/||b|| 4.841710047989e-05
 87 KSP unpreconditioned resid norm 1.467341673214e-21 true resid norm 1.467341673214e-21 ||r(i)||/||b|| 4.706431170310e-05
 88 KSP unpreconditioned resid norm 1.433888199426e-21 true resid norm 1.433888199427e-21 ||r(i)||/||b|| 4.599130686272e-05
 89 KSP unpreconditioned resid norm 1.405376658383e-21 true resid norm 1.405376658382e-21 ||r(i)||/||b|| 4.507681225020e-05
 90 KSP unpreconditioned resid norm 1.377634830800e-21 true resid norm 1.377634830797e-21 ||r(i)||/||b|| 4.418700584414e-05
 91 KSP unpreconditioned resid norm 1.367811414764e-21 true resid norm 1.367817127721e-21 ||r(i)||/||b|| 4.387210751732e-05
 92 KSP unpreconditioned resid norm 1.346137524737e-21 true resid norm 1.333954797263e-21 ||r(i)||/||b|| 4.278598878659e-05
 93 KSP unpreconditioned resid norm 1.342091734682e-21 true resid norm 1.326379113972e-21 ||r(i)||/||b|| 4.254300221689e-05
 94 KSP unpreconditioned resid norm 1.337987344006e-21 true resid norm 1.315113915870e-21 ||r(i)||/||b|| 4.218167615047e-05
 95 KSP unpreconditioned resid norm 1.337782169639e-21 true resid norm 1.313743272533e-21 ||r(i)||/||b|| 4.213771339359e-05
 96 KSP unpreconditioned resid norm 1.337766721784e-21 true resid norm 1.313836649497e-21 ||r(i)||/||b|| 4.214070841690e-05
 97 KSP unpreconditioned resid norm 1.337749013966e-21 true resid norm 1.313847665477e-21 ||r(i)||/||b|| 4.214106174940e-05
 98 KSP unpreconditioned resid norm 1.337473234144e-21 true resid norm 1.312854776218e-21 ||r(i)||/||b|| 4.210921528145e-05
 99 KSP unpreconditioned resid norm 1.337466452186e-21 true resid norm 1.312883626848e-21 ||r(i)||/||b|| 4.211014065220e-05
100 KSP unpreconditioned resid norm 1.312893435668e-21 true resid norm 1.312893435668e-21 ||r(i)||/||b|| 4.211045526559e-05
101 KSP unpreconditioned resid norm 1.299075899234e-21 true resid norm 1.299075899234e-21 ||r(i)||/||b|| 4.166726411690e-05
102 KSP unpreconditioned resid norm 1.276032576464e-21 true resid norm 1.276032576464e-21 ||r(i)||/||b|| 4.092816009954e-05
103 KSP unpreconditioned resid norm 1.252951616647e-21 true resid norm 1.252951616647e-21 ||r(i)||/||b|| 4.018784889114e-05
104 KSP unpreconditioned resid norm 1.228181953811e-21 true resid norm 1.228181953811e-21 ||r(i)||/||b|| 3.939337330732e-05
105 KSP unpreconditioned resid norm 1.210180933302e-21 true resid norm 1.210180933302e-21 ||r(i)||/||b|| 3.881599882415e-05
106 KSP unpreconditioned resid norm 1.195132631629e-21 true resid norm 1.195132631629e-21 ||r(i)||/||b|| 3.833333144443e-05
107 KSP unpreconditioned resid norm 1.179262558994e-21 true resid norm 1.179262558994e-21 ||r(i)||/||b|| 3.782430613772e-05
108 KSP unpreconditioned resid norm 1.161903204235e-21 true resid norm 1.161903204235e-21 ||r(i)||/||b|| 3.726751278941e-05
109 KSP unpreconditioned resid norm 1.143999592482e-21 true resid norm 1.143999592482e-21 ||r(i)||/||b|| 3.669326264745e-05
110 KSP unpreconditioned resid norm 1.128994979526e-21 true resid norm 1.128994979526e-21 ||r(i)||/||b|| 3.621199656333e-05
111 KSP unpreconditioned resid norm 1.115766047487e-21 true resid norm 1.115766047487e-21 ||r(i)||/||b|| 3.578768463085e-05
112 KSP unpreconditioned resid norm 1.102034517816e-21 true resid norm 1.102034517816e-21 ||r(i)||/||b|| 3.534725210963e-05
113 KSP unpreconditioned resid norm 1.088448622379e-21 true resid norm 1.088448622379e-21 ||r(i)||/||b|| 3.491149073976e-05
114 KSP unpreconditioned resid norm 1.066544415421e-21 true resid norm 1.066544415421e-21 ||r(i)||/||b|| 3.420892334002e-05
115 KSP unpreconditioned resid norm 1.042518338764e-21 true resid norm 1.042518338764e-21 ||r(i)||/||b|| 3.343829794211e-05
116 KSP unpreconditioned resid norm 1.010911131286e-21 true resid norm 1.010911131286e-21 ||r(i)||/||b|| 3.242451124746e-05
117 KSP unpreconditioned resid norm 9.800838005151e-22 true resid norm 9.800838005151e-22 ||r(i)||/||b|| 3.143573874077e-05
118 KSP unpreconditioned resid norm 9.497528158947e-22 true resid norm 9.497528158947e-22 ||r(i)||/||b|| 3.046288630940e-05
119 KSP unpreconditioned resid norm 9.240350503361e-22 true resid norm 9.240350503361e-22 ||r(i)||/||b|| 2.963800076526e-05
120 KSP unpreconditioned resid norm 8.964448903071e-22 true resid norm 8.964448903071e-22 ||r(i)||/||b|| 2.875305902657e-05
121 KSP unpreconditioned resid norm 8.614570367942e-22 true resid norm 8.614570367942e-22 ||r(i)||/||b|| 2.763083965966e-05
122 KSP unpreconditioned resid norm 8.206974383698e-22 true resid norm 8.206974383698e-22 ||r(i)||/||b|| 2.632349421984e-05
123 KSP unpreconditioned resid norm 7.744259175271e-22 true resid norm 7.744259175271e-22 ||r(i)||/||b|| 2.483935639449e-05
124 KSP unpreconditioned resid norm 7.284684613528e-22 true resid norm 7.284684613528e-22 ||r(i)||/||b|| 2.336529204946e-05
125 KSP unpreconditioned resid norm 6.839198507322e-22 true resid norm 6.839198507322e-22 ||r(i)||/||b|| 2.193641577990e-05
126 KSP unpreconditioned resid norm 6.399651028380e-22 true resid norm 6.399651028380e-22 ||r(i)||/||b|| 2.052658738513e-05
127 KSP unpreconditioned resid norm 5.931612608533e-22 true resid norm 5.931612608533e-22 ||r(i)||/||b|| 1.902537560312e-05
128 KSP unpreconditioned resid norm 5.538879723757e-22 true resid norm 5.538879723758e-22 ||r(i)||/||b|| 1.776570287368e-05
129 KSP unpreconditioned resid norm 5.109445105751e-22 true resid norm 5.109445105751e-22 ||r(i)||/||b|| 1.638831101690e-05
130 KSP unpreconditioned resid norm 4.717885600948e-22 true resid norm 4.717885600948e-22 ||r(i)||/||b|| 1.513240184995e-05
131 KSP unpreconditioned resid norm 4.399305892074e-22 true resid norm 4.399305892074e-22 ||r(i)||/||b|| 1.411057203387e-05
132 KSP unpreconditioned resid norm 4.134497563509e-22 true resid norm 4.134497563509e-22 ||r(i)||/||b|| 1.326121145585e-05
133 KSP unpreconditioned resid norm 3.937578780088e-22 true resid norm 3.937578780089e-22 ||r(i)||/||b|| 1.262960348258e-05
134 KSP unpreconditioned resid norm 3.751950318655e-22 true resid norm 3.751950318654e-22 ||r(i)||/||b|| 1.203420869966e-05
135 KSP unpreconditioned resid norm 3.583088664737e-22 true resid norm 3.583088664737e-22 ||r(i)||/||b|| 1.149259268345e-05
136 KSP unpreconditioned resid norm 3.409388536090e-22 true resid norm 3.409388536089e-22 ||r(i)||/||b|| 1.093545748129e-05
137 KSP unpreconditioned resid norm 3.252896430597e-22 true resid norm 3.252896430597e-22 ||r(i)||/||b|| 1.043351622477e-05
138 KSP unpreconditioned resid norm 3.120534228376e-22 true resid norm 3.120534228375e-22 ||r(i)||/||b|| 1.000897052714e-05
139 KSP unpreconditioned resid norm 3.000129311162e-22 true resid norm 3.000129311162e-22 ||r(i)||/||b|| 9.622777273194e-06
140 KSP unpreconditioned resid norm 2.862416270449e-22 true resid norm 2.862416270449e-22 ||r(i)||/||b|| 9.181069006333e-06
141 KSP unpreconditioned resid norm 2.742713587871e-22 true resid norm 2.742713587871e-22 ||r(i)||/||b|| 8.797128137795e-06
142 KSP unpreconditioned resid norm 2.629134827791e-22 true resid norm 2.629134827791e-22 ||r(i)||/||b|| 8.432829470018e-06
143 KSP unpreconditioned resid norm 2.534570035946e-22 true resid norm 2.534570035946e-22 ||r(i)||/||b|| 8.129517233965e-06
144 KSP unpreconditioned resid norm 2.442986838799e-22 true resid norm 2.442986838799e-22 ||r(i)||/||b|| 7.835768326266e-06
145 KSP unpreconditioned resid norm 2.376073078308e-22 true resid norm 2.376073078308e-22 ||r(i)||/||b|| 7.621145506071e-06
146 KSP unpreconditioned resid norm 2.316383952863e-22 true resid norm 2.316383952863e-22 ||r(i)||/||b|| 7.429695371686e-06
147 KSP unpreconditioned resid norm 2.263034059006e-22 true resid norm 2.263034059005e-22 ||r(i)||/||b|| 7.258578032099e-06
148 KSP unpreconditioned resid norm 2.216208607177e-22 true resid norm 2.216208607178e-22 ||r(i)||/||b|| 7.108387541319e-06
149 KSP unpreconditioned resid norm 2.166930721276e-22 true resid norm 2.166930721276e-22 ||r(i)||/||b|| 6.950330980636e-06
150 KSP unpreconditioned resid norm 2.121137111779e-22 true resid norm 2.121137111780e-22 ||r(i)||/||b|| 6.803450076844e-06
151 KSP unpreconditioned resid norm 2.068322916124e-22 true resid norm 2.068322916124e-22 ||r(i)||/||b|| 6.634050964690e-06
152 KSP unpreconditioned resid norm 2.021011192314e-22 true resid norm 2.021011192314e-22 ||r(i)||/||b|| 6.482300778807e-06
153 KSP unpreconditioned resid norm 1.977682305965e-22 true resid norm 1.977682305965e-22 ||r(i)||/||b|| 6.343325361555e-06
154 KSP unpreconditioned resid norm 1.940402573420e-22 true resid norm 1.940402573420e-22 ||r(i)||/||b|| 6.223752327903e-06
155 KSP unpreconditioned resid norm 1.904062756937e-22 true resid norm 1.904062756938e-22 ||r(i)||/||b|| 6.107194031948e-06
156 KSP unpreconditioned resid norm 1.872799434508e-22 true resid norm 1.872799434508e-22 ||r(i)||/||b|| 6.006918358014e-06
157 KSP unpreconditioned resid norm 1.841540297306e-22 true resid norm 1.841540297307e-22 ||r(i)||/||b|| 5.906656108012e-06
158 KSP unpreconditioned resid norm 1.802575883803e-22 true resid norm 1.802575883804e-22 ||r(i)||/||b|| 5.781679537392e-06
159 KSP unpreconditioned resid norm 1.761489851297e-22 true resid norm 1.761489851297e-22 ||r(i)||/||b|| 5.649897971049e-06
160 KSP unpreconditioned resid norm 1.719724581925e-22 true resid norm 1.719724581924e-22 ||r(i)||/||b|| 5.515937783591e-06
161 KSP unpreconditioned resid norm 1.681970187158e-22 true resid norm 1.681970187158e-22 ||r(i)||/||b|| 5.394842292616e-06
162 KSP unpreconditioned resid norm 1.647596114283e-22 true resid norm 1.647596114284e-22 ||r(i)||/||b|| 5.284589029195e-06
163 KSP unpreconditioned resid norm 1.614888807813e-22 true resid norm 1.614888807814e-22 ||r(i)||/||b|| 5.179681842629e-06
164 KSP unpreconditioned resid norm 1.583248517479e-22 true resid norm 1.583248517479e-22 ||r(i)||/||b|| 5.078197061416e-06
165 KSP unpreconditioned resid norm 1.555795010801e-22 true resid norm 1.555795010803e-22 ||r(i)||/||b|| 4.990141196916e-06
166 KSP unpreconditioned resid norm 1.529358490193e-22 true resid norm 1.529358490194e-22 ||r(i)||/||b|| 4.905347268616e-06
167 KSP unpreconditioned resid norm 1.503288125316e-22 true resid norm 1.503288125317e-22 ||r(i)||/||b|| 4.821727768046e-06
168 KSP unpreconditioned resid norm 1.475318457130e-22 true resid norm 1.475318457130e-22 ||r(i)||/||b|| 4.732016339155e-06
169 KSP unpreconditioned resid norm 1.442086329213e-22 true resid norm 1.442086329214e-22 ||r(i)||/||b|| 4.625425811851e-06
170 KSP unpreconditioned resid norm 1.404017664354e-22 true resid norm 1.404017664354e-22 ||r(i)||/||b|| 4.503322313956e-06
171 KSP unpreconditioned resid norm 1.375423824135e-22 true resid norm 1.375423824134e-22 ||r(i)||/||b|| 4.411608881870e-06
172 KSP unpreconditioned resid norm 1.348221294937e-22 true resid norm 1.348221294937e-22 ||r(i)||/||b|| 4.324358016131e-06
173 KSP unpreconditioned resid norm 1.326106321941e-22 true resid norm 1.326106321940e-22 ||r(i)||/||b|| 4.253425253747e-06
174 KSP unpreconditioned resid norm 1.303494312753e-22 true resid norm 1.303494312753e-22 ||r(i)||/||b|| 4.180898270560e-06
175 KSP unpreconditioned resid norm 1.280677179543e-22 true resid norm 1.280677179542e-22 ||r(i)||/||b|| 4.107713361469e-06
176 KSP unpreconditioned resid norm 1.256358563139e-22 true resid norm 1.256358563139e-22 ||r(i)||/||b|| 4.029712513850e-06
177 KSP unpreconditioned resid norm 1.229497426009e-22 true resid norm 1.229497426009e-22 ||r(i)||/||b|| 3.943556647518e-06
178 KSP unpreconditioned resid norm 1.202231233837e-22 true resid norm 1.202231233837e-22 ||r(i)||/||b|| 3.856101585704e-06
179 KSP unpreconditioned resid norm 1.177852677488e-22 true resid norm 1.177852677488e-22 ||r(i)||/||b|| 3.777908483456e-06
180 KSP unpreconditioned resid norm 1.153366459339e-22 true resid norm 1.153366459339e-22 ||r(i)||/||b|| 3.699370060915e-06
181 KSP unpreconditioned resid norm 1.126703135817e-22 true resid norm 1.126703135816e-22 ||r(i)||/||b|| 3.613848672666e-06
182 KSP unpreconditioned resid norm 1.100903987673e-22 true resid norm 1.100903987673e-22 ||r(i)||/||b|| 3.531099087340e-06
183 KSP unpreconditioned resid norm 1.077994811237e-22 true resid norm 1.077994811237e-22 ||r(i)||/||b|| 3.457618953823e-06
184 KSP unpreconditioned resid norm 1.052072175943e-22 true resid norm 1.052072175943e-22 ||r(i)||/||b|| 3.374473289120e-06
185 KSP unpreconditioned resid norm 1.022879919496e-22 true resid norm 1.022879919497e-22 ||r(i)||/||b|| 3.280840464415e-06
186 KSP unpreconditioned resid norm 9.957943692736e-23 true resid norm 9.957943692729e-23 ||r(i)||/||b|| 3.193964803371e-06
187 KSP unpreconditioned resid norm 9.600986278327e-23 true resid norm 9.600986278331e-23 ||r(i)||/||b|| 3.079472348596e-06
188 KSP unpreconditioned resid norm 9.133103932620e-23 true resid norm 9.133103932618e-23 ||r(i)||/||b|| 2.929401230458e-06
189 KSP unpreconditioned resid norm 8.491114402033e-23 true resid norm 8.491114402030e-23 ||r(i)||/||b|| 2.723486030684e-06
190 KSP unpreconditioned resid norm 7.660317255684e-23 true resid norm 7.660317255674e-23 ||r(i)||/||b|| 2.457011653434e-06
191 KSP unpreconditioned resid norm 6.714098493792e-23 true resid norm 6.714098493772e-23 ||r(i)||/||b|| 2.153516321963e-06
192 KSP unpreconditioned resid norm 6.370226766031e-23 true resid norm 6.291208025486e-23 ||r(i)||/||b|| 2.017876142317e-06
193 KSP unpreconditioned resid norm 6.268129723089e-23 true resid norm 6.008161310282e-23 ||r(i)||/||b|| 1.927090205584e-06
194 KSP unpreconditioned resid norm 6.268017990212e-23 true resid norm 6.011663309531e-23 ||r(i)||/||b|| 1.928213455794e-06
195 KSP unpreconditioned resid norm 6.264008835104e-23 true resid norm 6.002834581332e-23 ||r(i)||/||b|| 1.925381681685e-06
196 KSP unpreconditioned resid norm 6.254860903078e-23 true resid norm 5.937577721136e-23 ||r(i)||/||b|| 1.904450842842e-06
197 KSP unpreconditioned resid norm 6.251697867967e-23 true resid norm 5.920545631864e-23 ||r(i)||/||b|| 1.898987878264e-06
198 KSP unpreconditioned resid norm 6.248327475337e-23 true resid norm 5.898948329084e-23 ||r(i)||/||b|| 1.892060642375e-06
199 KSP unpreconditioned resid norm 6.246675279777e-23 true resid norm 5.895830010953e-23 ||r(i)||/||b|| 1.891060456126e-06
200 KSP unpreconditioned resid norm 5.881381353631e-23 true resid norm 5.881381353631e-23 ||r(i)||/||b|| 1.886426115506e-06
201 KSP unpreconditioned resid norm 5.312896179510e-23 true resid norm 5.312896179507e-23 ||r(i)||/||b|| 1.704087101206e-06
202 KSP unpreconditioned resid norm 4.970076365185e-23 true resid norm 4.970076365182e-23 ||r(i)||/||b|| 1.594129216863e-06
203 KSP unpreconditioned resid norm 4.698527838059e-23 true resid norm 4.698527838056e-23 ||r(i)||/||b|| 1.507031271262e-06
204 KSP unpreconditioned resid norm 4.479142127040e-23 true resid norm 4.479142127036e-23 ||r(i)||/||b|| 1.436664309871e-06
205 KSP unpreconditioned resid norm 4.288796553842e-23 true resid norm 4.288796553842e-23 ||r(i)||/||b|| 1.375611839600e-06
206 KSP unpreconditioned resid norm 4.132001998867e-23 true resid norm 4.132001998859e-23 ||r(i)||/||b|| 1.325320704660e-06
207 KSP unpreconditioned resid norm 4.001335707324e-23 true resid norm 4.001335707310e-23 ||r(i)||/||b|| 1.283410090474e-06
208 KSP unpreconditioned resid norm 3.882081228918e-23 true resid norm 3.882081228917e-23 ||r(i)||/||b|| 1.245159763059e-06
209 KSP unpreconditioned resid norm 3.782081808111e-23 true resid norm 3.782081808105e-23 ||r(i)||/||b|| 1.213085407118e-06
210 KSP unpreconditioned resid norm 3.702213133045e-23 true resid norm 3.702213133034e-23 ||r(i)||/||b|| 1.187467895618e-06
211 KSP unpreconditioned resid norm 3.624710741367e-23 true resid norm 3.624710741347e-23 ||r(i)||/||b|| 1.162609358669e-06
212 KSP unpreconditioned resid norm 3.557415355982e-23 true resid norm 3.557415355970e-23 ||r(i)||/||b|| 1.141024672216e-06
213 KSP unpreconditioned resid norm 3.488892413301e-23 true resid norm 3.488892413294e-23 ||r(i)||/||b|| 1.119046252385e-06
214 KSP unpreconditioned resid norm 3.412374556763e-23 true resid norm 3.412374556750e-23 ||r(i)||/||b|| 1.094503500571e-06
215 KSP unpreconditioned resid norm 3.333690958573e-23 true resid norm 3.333690958560e-23 ||r(i)||/||b|| 1.069266097049e-06
216 KSP unpreconditioned resid norm 3.250499325481e-23 true resid norm 3.250499325462e-23 ||r(i)||/||b|| 1.042582761990e-06
217 KSP unpreconditioned resid norm 3.164615761326e-23 true resid norm 3.164615761312e-23 ||r(i)||/||b|| 1.015036002383e-06
218 KSP unpreconditioned resid norm 3.069137802475e-23 true resid norm 3.069137802460e-23 ||r(i)||/||b|| 9.844118846454e-07
219 KSP unpreconditioned resid norm 2.993102187915e-23 true resid norm 2.993102187896e-23 ||r(i)||/||b|| 9.600238097362e-07
220 KSP unpreconditioned resid norm 2.925988538380e-23 true resid norm 2.925988538363e-23 ||r(i)||/||b|| 9.384974142225e-07
221 KSP unpreconditioned resid norm 2.867201055815e-23 true resid norm 2.867201055799e-23 ||r(i)||/||b|| 9.196415986061e-07
222 KSP unpreconditioned resid norm 2.805519927376e-23 true resid norm 2.805519927371e-23 ||r(i)||/||b|| 8.998576593401e-07
223 KSP unpreconditioned resid norm 2.741156628321e-23 true resid norm 2.741156628306e-23 ||r(i)||/||b|| 8.792134261343e-07
224 KSP unpreconditioned resid norm 2.684094398494e-23 true resid norm 2.684094398475e-23 ||r(i)||/||b|| 8.609109774254e-07
225 KSP unpreconditioned resid norm 2.617188149870e-23 true resid norm 2.617188149859e-23 ||r(i)||/||b|| 8.394511048054e-07
226 KSP unpreconditioned resid norm 2.556871479804e-23 true resid norm 2.556871479794e-23 ||r(i)||/||b|| 8.201048093060e-07
227 KSP unpreconditioned resid norm 2.502580312979e-23 true resid norm 2.502580312968e-23 ||r(i)||/||b|| 8.026911663567e-07
228 KSP unpreconditioned resid norm 2.459355695022e-23 true resid norm 2.459355695016e-23 ||r(i)||/||b|| 7.888270682419e-07
229 KSP unpreconditioned resid norm 2.415506578091e-23 true resid norm 2.415506578084e-23 ||r(i)||/||b|| 7.747626649410e-07
230 KSP unpreconditioned resid norm 2.366977501420e-23 true resid norm 2.366977501400e-23 ||r(i)||/||b|| 7.591971859976e-07
231 KSP unpreconditioned resid norm 2.322047522743e-23 true resid norm 2.322047522731e-23 ||r(i)||/||b|| 7.447861012484e-07
232 KSP unpreconditioned resid norm 2.274697034721e-23 true resid norm 2.274697034697e-23 ||r(i)||/||b|| 7.295986492131e-07
233 KSP unpreconditioned resid norm 2.228001476211e-23 true resid norm 2.228001476197e-23 ||r(i)||/||b|| 7.146212628244e-07
234 KSP unpreconditioned resid norm 2.187766146839e-23 true resid norm 2.187766146842e-23 ||r(i)||/||b|| 7.017159653275e-07
235 KSP unpreconditioned resid norm 2.152887690971e-23 true resid norm 2.152887690953e-23 ||r(i)||/||b|| 6.905288604448e-07
236 KSP unpreconditioned resid norm 2.117769902014e-23 true resid norm 2.117769902003e-23 ||r(i)||/||b|| 6.792649905798e-07
237 KSP unpreconditioned resid norm 2.083618888407e-23 true resid norm 2.083618888403e-23 ||r(i)||/||b|| 6.683112094776e-07
238 KSP unpreconditioned resid norm 2.036166782705e-23 true resid norm 2.036166782691e-23 ||r(i)||/||b|| 6.530911640379e-07
239 KSP unpreconditioned resid norm 1.993507859926e-23 true resid norm 1.993507859904e-23 ||r(i)||/||b|| 6.394085100547e-07
240 KSP unpreconditioned resid norm 1.953925693047e-23 true resid norm 1.953925693031e-23 ||r(i)||/||b|| 6.267127114305e-07
241 KSP unpreconditioned resid norm 1.921525829340e-23 true resid norm 1.921525829317e-23 ||r(i)||/||b|| 6.163206036291e-07
242 KSP unpreconditioned resid norm 1.894582580574e-23 true resid norm 1.894582580558e-23 ||r(i)||/||b|| 6.076786800674e-07
243 KSP unpreconditioned resid norm 1.863941716523e-23 true resid norm 1.863941716507e-23 ||r(i)||/||b|| 5.978507633464e-07
244 KSP unpreconditioned resid norm 1.832919172535e-23 true resid norm 1.832919172522e-23 ||r(i)||/||b|| 5.879004245358e-07
245 KSP unpreconditioned resid norm 1.791257551309e-23 true resid norm 1.791257551296e-23 ||r(i)||/||b|| 5.745376504580e-07
246 KSP unpreconditioned resid norm 1.737584409833e-23 true resid norm 1.737584409818e-23 ||r(i)||/||b|| 5.573222363065e-07
247 KSP unpreconditioned resid norm 1.678765320009e-23 true resid norm 1.678765320004e-23 ||r(i)||/||b|| 5.384562828094e-07
248 KSP unpreconditioned resid norm 1.623588969387e-23 true resid norm 1.623588969365e-23 ||r(i)||/||b|| 5.207587212087e-07
249 KSP unpreconditioned resid norm 1.570789851424e-23 true resid norm 1.570789851417e-23 ||r(i)||/||b|| 5.038236460990e-07
250 KSP unpreconditioned resid norm 1.513136973969e-23 true resid norm 1.513136973963e-23 ||r(i)||/||b|| 4.853317498717e-07
251 KSP unpreconditioned resid norm 1.457327453100e-23 true resid norm 1.457327453091e-23 ||r(i)||/||b|| 4.674311018204e-07
252 KSP unpreconditioned resid norm 1.406002571309e-23 true resid norm 1.406002571296e-23 ||r(i)||/||b|| 4.509688812008e-07
253 KSP unpreconditioned resid norm 1.362742944730e-23 true resid norm 1.362742944725e-23 ||r(i)||/||b|| 4.370935542318e-07
254 KSP unpreconditioned resid norm 1.315734936957e-23 true resid norm 1.315734936952e-23 ||r(i)||/||b|| 4.220159511707e-07
255 KSP unpreconditioned resid norm 1.263623070672e-23 true resid norm 1.263623070669e-23 ||r(i)||/||b|| 4.053013088827e-07
256 KSP unpreconditioned resid norm 1.197903759097e-23 true resid norm 1.197903759089e-23 ||r(i)||/||b|| 3.842221408774e-07
257 KSP unpreconditioned resid norm 1.131841333298e-23 true resid norm 1.131841333290e-23 ||r(i)||/||b|| 3.630329205585e-07
258 KSP unpreconditioned resid norm 1.057705841703e-23 true resid norm 1.057705841695e-23 ||r(i)||/||b|| 3.392543013837e-07
259 KSP unpreconditioned resid norm 1.000218854704e-23 true resid norm 1.000218854697e-23 ||r(i)||/||b|| 3.208156137602e-07
260 KSP unpreconditioned resid norm 9.490051922594e-24 true resid norm 9.490051922570e-24 ||r(i)||/||b|| 3.043890662385e-07
261 KSP unpreconditioned resid norm 9.089615531456e-24 true resid norm 9.089615531406e-24 ||r(i)||/||b|| 2.915452525072e-07
262 KSP unpreconditioned resid norm 8.692507141819e-24 true resid norm 8.692507141737e-24 ||r(i)||/||b|| 2.788081828986e-07
263 KSP unpreconditioned resid norm 8.260227855203e-24 true resid norm 8.260227855151e-24 ||r(i)||/||b|| 2.649430228898e-07
264 KSP unpreconditioned resid norm 7.680123120013e-24 true resid norm 7.680123119924e-24 ||r(i)||/||b|| 2.463364293625e-07
265 KSP unpreconditioned resid norm 7.125993219973e-24 true resid norm 7.125993219945e-24 ||r(i)||/||b|| 2.285629667718e-07
266 KSP unpreconditioned resid norm 6.565661997003e-24 true resid norm 6.565661996934e-24 ||r(i)||/||b|| 2.105905995868e-07
267 KSP unpreconditioned resid norm 6.133415830650e-24 true resid norm 6.133415830594e-24 ||r(i)||/||b|| 1.967265018948e-07
268 KSP unpreconditioned resid norm 5.835373968345e-24 true resid norm 5.835373968314e-24 ||r(i)||/||b|| 1.871669457512e-07
269 KSP unpreconditioned resid norm 5.583548486878e-24 true resid norm 5.583548486857e-24 ||r(i)||/||b|| 1.790897588421e-07
270 KSP unpreconditioned resid norm 5.364635678749e-24 true resid norm 5.364635678756e-24 ||r(i)||/||b|| 1.720682308474e-07
271 KSP unpreconditioned resid norm 5.164114503199e-24 true resid norm 5.164114503201e-24 ||r(i)||/||b|| 1.656366060379e-07
272 KSP unpreconditioned resid norm 4.987388857149e-24 true resid norm 4.987388857078e-24 ||r(i)||/||b|| 1.599682119298e-07
273 KSP unpreconditioned resid norm 4.828220486026e-24 true resid norm 4.828220485971e-24 ||r(i)||/||b|| 1.548629593715e-07
274 KSP unpreconditioned resid norm 4.703622126910e-24 true resid norm 4.703622126822e-24 ||r(i)||/||b|| 1.508665241037e-07
275 KSP unpreconditioned resid norm 4.593130988230e-24 true resid norm 4.593130988194e-24 ||r(i)||/||b|| 1.473225714690e-07
276 KSP unpreconditioned resid norm 4.488621751698e-24 true resid norm 4.488621751661e-24 ||r(i)||/||b|| 1.439704856026e-07
277 KSP unpreconditioned resid norm 4.403492784833e-24 true resid norm 4.403492784793e-24 ||r(i)||/||b|| 1.412400130039e-07
278 KSP unpreconditioned resid norm 4.323610642609e-24 true resid norm 4.323610642552e-24 ||r(i)||/||b|| 1.386778299005e-07
279 KSP unpreconditioned resid norm 4.256312679095e-24 true resid norm 4.256312679039e-24 ||r(i)||/||b|| 1.365192785627e-07
280 KSP unpreconditioned resid norm 4.193063762123e-24 true resid norm 4.193063762089e-24 ||r(i)||/||b|| 1.344905985377e-07
281 KSP unpreconditioned resid norm 4.118982576146e-24 true resid norm 4.118982576087e-24 ||r(i)||/||b|| 1.321144784473e-07
282 KSP unpreconditioned resid norm 4.031811623960e-24 true resid norm 4.031811623952e-24 ||r(i)||/||b|| 1.293185101069e-07
283 KSP unpreconditioned resid norm 3.939318463944e-24 true resid norm 3.939318463912e-24 ||r(i)||/||b|| 1.263518343872e-07
284 KSP unpreconditioned resid norm 3.850398986234e-24 true resid norm 3.850398986216e-24 ||r(i)||/||b|| 1.234997828908e-07
285 KSP unpreconditioned resid norm 3.781328662568e-24 true resid norm 3.781328662544e-24 ||r(i)||/||b|| 1.212843839131e-07
286 KSP unpreconditioned resid norm 3.720176111858e-24 true resid norm 3.720176111813e-24 ||r(i)||/||b|| 1.193229438739e-07
287 KSP unpreconditioned resid norm 3.650622505262e-24 true resid norm 3.650622505229e-24 ||r(i)||/||b|| 1.170920438183e-07
288 KSP unpreconditioned resid norm 3.568959656421e-24 true resid norm 3.568959656396e-24 ||r(i)||/||b|| 1.144727453671e-07
289 KSP unpreconditioned resid norm 3.480410276345e-24 true resid norm 3.480410276337e-24 ||r(i)||/||b|| 1.116325645829e-07
290 KSP unpreconditioned resid norm 3.388538399367e-24 true resid norm 3.388538399372e-24 ||r(i)||/||b|| 1.086858162330e-07
291 KSP unpreconditioned resid norm 3.318772735797e-24 true resid norm 3.318772735777e-24 ||r(i)||/||b|| 1.064481145460e-07
292 KSP unpreconditioned resid norm 3.312629426605e-24 true resid norm 3.303134037575e-24 ||r(i)||/||b|| 1.059465104682e-07
293 KSP unpreconditioned resid norm 3.305447109562e-24 true resid norm 3.292291993599e-24 ||r(i)||/||b|| 1.055987568764e-07
294 KSP unpreconditioned resid norm 3.303858478772e-24 true resid norm 3.293597813364e-24 ||r(i)||/||b|| 1.056406404469e-07
295 KSP unpreconditioned resid norm 3.302473327009e-24 true resid norm 3.294031039560e-24 ||r(i)||/||b|| 1.056545359787e-07
296 KSP unpreconditioned resid norm 3.301258356674e-24 true resid norm 3.296121217246e-24 ||r(i)||/||b|| 1.057215774700e-07
297 KSP unpreconditioned resid norm 3.293992394353e-24 true resid norm 3.293435982095e-24 ||r(i)||/||b|| 1.056354497832e-07
298 KSP unpreconditioned resid norm 3.293967840800e-24 true resid norm 3.294154727798e-24 ||r(i)||/||b|| 1.056585032222e-07
299 KSP unpreconditioned resid norm 3.280002552331e-24 true resid norm 3.296917572803e-24 ||r(i)||/||b|| 1.057471202096e-07
300 KSP unpreconditioned resid norm 3.297611576779e-24 true resid norm 3.297611576779e-24 ||r(i)||/||b|| 1.057693800690e-07
301 KSP unpreconditioned resid norm 3.240917842335e-24 true resid norm 3.240917842320e-24 ||r(i)||/||b|| 1.039509545183e-07
302 KSP unpreconditioned resid norm 3.200347681052e-24 true resid norm 3.200347681086e-24 ||r(i)||/||b|| 1.026496851895e-07
303 KSP unpreconditioned resid norm 3.163468567329e-24 true resid norm 3.163468567306e-24 ||r(i)||/||b|| 1.014668045163e-07
304 KSP unpreconditioned resid norm 3.116779837196e-24 true resid norm 3.116779837171e-24 ||r(i)||/||b|| 9.996928489414e-08
305 KSP unpreconditioned resid norm 3.070455775121e-24 true resid norm 3.070455775098e-24 ||r(i)||/||b|| 9.848346183291e-08
306 KSP unpreconditioned resid norm 3.021540590668e-24 true resid norm 3.021540590681e-24 ||r(i)||/||b|| 9.691452970999e-08
307 KSP unpreconditioned resid norm 2.982228051907e-24 true resid norm 2.982228051854e-24 ||r(i)||/||b|| 9.565359804358e-08
308 KSP unpreconditioned resid norm 2.930639054699e-24 true resid norm 2.930639054627e-24 ||r(i)||/||b|| 9.399890460014e-08
309 KSP unpreconditioned resid norm 2.889134403692e-24 true resid norm 2.889134403663e-24 ||r(i)||/||b|| 9.266766194156e-08
310 KSP unpreconditioned resid norm 2.845804790115e-24 true resid norm 2.845804790097e-24 ||r(i)||/||b|| 9.127788444386e-08
311 KSP unpreconditioned resid norm 2.813651634982e-24 true resid norm 2.813651634963e-24 ||r(i)||/||b|| 9.024658672836e-08
312 KSP unpreconditioned resid norm 2.775721766600e-24 true resid norm 2.775721766614e-24 ||r(i)||/||b|| 8.903000358386e-08
313 KSP unpreconditioned resid norm 2.745385906863e-24 true resid norm 2.745385906869e-24 ||r(i)||/||b|| 8.805699478513e-08
314 KSP unpreconditioned resid norm 2.711463532413e-24 true resid norm 2.711463532387e-24 ||r(i)||/||b|| 8.696895016982e-08
315 KSP unpreconditioned resid norm 2.680290837058e-24 true resid norm 2.680290837051e-24 ||r(i)||/||b|| 8.596910025298e-08
316 KSP unpreconditioned resid norm 2.642353306278e-24 true resid norm 2.642353306260e-24 ||r(i)||/||b|| 8.475227133920e-08
317 KSP unpreconditioned resid norm 2.602650344036e-24 true resid norm 2.602650344015e-24 ||r(i)||/||b|| 8.347881702057e-08
318 KSP unpreconditioned resid norm 2.552215403286e-24 true resid norm 2.552215403232e-24 ||r(i)||/||b|| 8.186113940869e-08
319 KSP unpreconditioned resid norm 2.504377608141e-24 true resid norm 2.504377608141e-24 ||r(i)||/||b|| 8.032676405465e-08
320 KSP unpreconditioned resid norm 2.447029137707e-24 true resid norm 2.447029137694e-24 ||r(i)||/||b|| 7.848733814719e-08
321 KSP unpreconditioned resid norm 2.373358272711e-24 true resid norm 2.373358272684e-24 ||r(i)||/||b|| 7.612437891446e-08
322 KSP unpreconditioned resid norm 2.290411305344e-24 true resid norm 2.290411305306e-24 ||r(i)||/||b|| 7.346389294942e-08
323 KSP unpreconditioned resid norm 2.195968305604e-24 true resid norm 2.195968305551e-24 ||r(i)||/||b|| 7.043467701439e-08
324 KSP unpreconditioned resid norm 2.089682557265e-24 true resid norm 2.089682557247e-24 ||r(i)||/||b|| 6.702561034704e-08
325 KSP unpreconditioned resid norm 2.005930201216e-24 true resid norm 2.005930201166e-24 ||r(i)||/||b|| 6.433929190846e-08
326 KSP unpreconditioned resid norm 1.938520382804e-24 true resid norm 1.938520382761e-24 ||r(i)||/||b|| 6.217715287621e-08
327 KSP unpreconditioned resid norm 1.848032246205e-24 true resid norm 1.848032246200e-24 ||r(i)||/||b|| 5.927478736567e-08
328 KSP unpreconditioned resid norm 1.739495248705e-24 true resid norm 1.739495248702e-24 ||r(i)||/||b|| 5.579351291215e-08
329 KSP unpreconditioned resid norm 1.613473531233e-24 true resid norm 1.613473531229e-24 ||r(i)||/||b|| 5.175142407843e-08
330 KSP unpreconditioned resid norm 1.492896999225e-24 true resid norm 1.492896999212e-24 ||r(i)||/||b|| 4.788398707277e-08
331 KSP unpreconditioned resid norm 1.384914889024e-24 true resid norm 1.384914889075e-24 ||r(i)||/||b|| 4.442051037706e-08
332 KSP unpreconditioned resid norm 1.311748128300e-24 true resid norm 1.311748128294e-24 ||r(i)||/||b|| 4.207372005645e-08
333 KSP unpreconditioned resid norm 1.260460664122e-24 true resid norm 1.260460664102e-24 ||r(i)||/||b|| 4.042869814694e-08
334 KSP unpreconditioned resid norm 1.217418352387e-24 true resid norm 1.217418352338e-24 ||r(i)||/||b|| 3.904813572291e-08
335 KSP unpreconditioned resid norm 1.170411723034e-24 true resid norm 1.170411723072e-24 ||r(i)||/||b|| 3.754041963176e-08
336 KSP unpreconditioned resid norm 1.123137741146e-24 true resid norm 1.123137741102e-24 ||r(i)||/||b|| 3.602412832519e-08
337 KSP unpreconditioned resid norm 1.079931218156e-24 true resid norm 1.079931218174e-24 ||r(i)||/||b|| 3.463829890331e-08
338 KSP unpreconditioned resid norm 1.042480971259e-24 true resid norm 1.042480971193e-24 ||r(i)||/||b|| 3.343709939438e-08
339 KSP unpreconditioned resid norm 1.004437607341e-24 true resid norm 1.004437607195e-24 ||r(i)||/||b|| 3.221687592896e-08
340 KSP unpreconditioned resid norm 9.712638421521e-25 true resid norm 9.712638421338e-25 ||r(i)||/||b|| 3.115284261778e-08
  Linear solve converged due to CONVERGED_ATOL iterations 340
Mat Object: 1 MPI process
  type: seqaijcusparse
  rows=281452, cols=281452, bs=4
  total: nonzeros=15993520, allocated nonzeros=15993520
  total number of mallocs used during MatSetValues calls=0
    not using I-node routines
Vec Object: 1 MPI process
  type: seqcuda
  length=281452, bs=4
Vec Object: 1 MPI process
  type: seqcuda
  length=281452, bs=4
KSP Object: 1 MPI process
  type: gmres
    restart=100, using classical (unmodified) Gram-Schmidt orthogonalization with no iterative refinement
    happy breakdown tolerance=1e-30
  maximum iterations=2000, initial guess is zero
  tolerances: relative=1e-10, absolute=1e-24, divergence=10000.
  right preconditioning
  diagonally scaled system
  using UNPRECONDITIONED norm type for convergence test
PC Object: 1 MPI process
  type: asm
    total subdomain blocks = 1, amount of overlap = 2
    restriction/interpolation type - RESTRICT
    Local solver information for first block is in the following KSP and PC objects on rank 0:
    Use -ksp_view ::ascii_info_detail to display information for all blocks
    KSP Object: (sub_) 1 MPI process
      type: preonly
      maximum iterations=10000, initial guess is zero
      tolerances: relative=1e-05, absolute=1e-50, divergence=10000.
      left preconditioning
      not checking for convergence
    PC Object: (sub_) 1 MPI process
      type: ilu
        out-of-place factorization
        2 levels of fill
        tolerance for zero pivot 2.22045e-14
        matrix ordering: natural
        factor fill ratio given 1., needed 4.996
          Factored matrix:
            Mat Object: (sub_) 1 MPI process
              type: seqaijcusparse
              rows=281452, cols=281452, bs=4
              package used to perform factorization: cusparse
              total: nonzeros=79903664, allocated nonzeros=79903664
                using I-node routines: found 70363 nodes, limit used is 5
      linear system matrix, which is also used to construct the preconditioner:
      Mat Object: (sub_) 1 MPI process
        type: seqaijcusparse
        rows=281452, cols=281452, bs=4
        total: nonzeros=15993520, allocated nonzeros=15993520
        total number of mallocs used during MatSetValues calls=0
          not using I-node routines
  linear system matrix, which is also used to construct the preconditioner:
  Mat Object: 1 MPI process
    type: seqaijcusparse
    rows=281452, cols=281452, bs=4
    total: nonzeros=15993520, allocated nonzeros=15993520
    total number of mallocs used during MatSetValues calls=0
      not using I-node routines
SV13Q_END logical=2 attempt=0 step=61 reason=3 iterations=340 healthy=1 ref=329 ratio=1.0334346504559271 pending=0 recovery=NONE
 NS     61-2    2.303e+03 [  -3  6.505e-01  3.092e-14  3.115e-08] [  340 -173   67]
Vec Object: 1 MPI process
  type: seqcuda
  length=281452, bs=4
Mat Object: 1 MPI process
  type: seqaijcusparse
  rows=281452, cols=281452, bs=4
  total: nonzeros=15993520, allocated nonzeros=15993520
  total number of mallocs used during MatSetValues calls=0
    not using I-node routines
Mat Object: 1 MPI process
  type: seqaijcusparse
  rows=281452, cols=281452, bs=4
  total: nonzeros=15993520, allocated nonzeros=15993520
  total number of mallocs used during MatSetValues calls=0
    not using I-node routines
SV13Q_BEGIN logical=3 attempt=0 step=62 equation=0 policy=R3 reuse=1 age=1 ref=329 rebuild_reason=REUSE builds=1 attempts=3 ksp=0x55e693816a00 pc=0x55e6952d3390
  0 KSP unpreconditioned resid norm 4.694761509370e-17 true resid norm 4.694761509370e-17 ||r(i)||/||b|| 1.000000000000e+00
  1 KSP unpreconditioned resid norm 2.505341068109e-18 true resid norm 2.505341068109e-18 ||r(i)||/||b|| 5.336460783170e-02
  2 KSP unpreconditioned resid norm 8.361317207252e-19 true resid norm 8.361317207252e-19 ||r(i)||/||b|| 1.780988702102e-02
  3 KSP unpreconditioned resid norm 4.382425609143e-19 true resid norm 4.382425609143e-19 ||r(i)||/||b|| 9.334714021994e-03
  4 KSP unpreconditioned resid norm 2.694104883721e-19 true resid norm 2.694104883721e-19 ||r(i)||/||b|| 5.738534062581e-03
  5 KSP unpreconditioned resid norm 1.764473903529e-19 true resid norm 1.764473903529e-19 ||r(i)||/||b|| 3.758388791438e-03
  6 KSP unpreconditioned resid norm 1.382828689697e-19 true resid norm 1.382828689697e-19 ||r(i)||/||b|| 2.945471643101e-03
  7 KSP unpreconditioned resid norm 1.122300334267e-19 true resid norm 1.122300334267e-19 ||r(i)||/||b|| 2.390537478905e-03
  8 KSP unpreconditioned resid norm 9.275385602161e-20 true resid norm 9.275385602161e-20 ||r(i)||/||b|| 1.975688346181e-03
  9 KSP unpreconditioned resid norm 8.074904214732e-20 true resid norm 8.074904214732e-20 ||r(i)||/||b|| 1.719981770877e-03
 10 KSP unpreconditioned resid norm 7.213801826854e-20 true resid norm 7.213801826854e-20 ||r(i)||/||b|| 1.536564064534e-03
 11 KSP unpreconditioned resid norm 6.445626449744e-20 true resid norm 6.445626449744e-20 ||r(i)||/||b|| 1.372940124196e-03
 12 KSP unpreconditioned resid norm 5.767380444044e-20 true resid norm 5.767380444044e-20 ||r(i)||/||b|| 1.228471442593e-03
 13 KSP unpreconditioned resid norm 5.112590316218e-20 true resid norm 5.112590316218e-20 ||r(i)||/||b|| 1.088998941909e-03
 14 KSP unpreconditioned resid norm 4.586154616647e-20 true resid norm 4.586154616647e-20 ||r(i)||/||b|| 9.768663663733e-04
 15 KSP unpreconditioned resid norm 4.161211054267e-20 true resid norm 4.161211054267e-20 ||r(i)||/||b|| 8.863519575940e-04
 16 KSP unpreconditioned resid norm 3.905155360237e-20 true resid norm 3.905155360237e-20 ||r(i)||/||b|| 8.318112331038e-04
 17 KSP unpreconditioned resid norm 3.737512191843e-20 true resid norm 3.737512191843e-20 ||r(i)||/||b|| 7.961026740940e-04
 18 KSP unpreconditioned resid norm 3.601688006395e-20 true resid norm 3.601688006395e-20 ||r(i)||/||b|| 7.671716655269e-04
 19 KSP unpreconditioned resid norm 3.487716746455e-20 true resid norm 3.487716746455e-20 ||r(i)||/||b|| 7.428954036310e-04
 20 KSP unpreconditioned resid norm 3.373727222133e-20 true resid norm 3.373727222133e-20 ||r(i)||/||b|| 7.186152513604e-04
 21 KSP unpreconditioned resid norm 3.257575480984e-20 true resid norm 3.257575480984e-20 ||r(i)||/||b|| 6.938745396294e-04
 22 KSP unpreconditioned resid norm 3.111856386526e-20 true resid norm 3.111856386526e-20 ||r(i)||/||b|| 6.628358821455e-04
 23 KSP unpreconditioned resid norm 2.962806340734e-20 true resid norm 2.962806340734e-20 ||r(i)||/||b|| 6.310877208184e-04
 24 KSP unpreconditioned resid norm 2.809986007841e-20 true resid norm 2.809986007841e-20 ||r(i)||/||b|| 5.985364756512e-04
 25 KSP unpreconditioned resid norm 2.677571045541e-20 true resid norm 2.677571045541e-20 ||r(i)||/||b|| 5.703316430872e-04
 26 KSP unpreconditioned resid norm 2.577639372297e-20 true resid norm 2.577639372297e-20 ||r(i)||/||b|| 5.490458604027e-04
 27 KSP unpreconditioned resid norm 2.501299268445e-20 true resid norm 2.501299268445e-20 ||r(i)||/||b|| 5.327851613875e-04
 28 KSP unpreconditioned resid norm 2.434050450153e-20 true resid norm 2.434050450153e-20 ||r(i)||/||b|| 5.184609367900e-04
 29 KSP unpreconditioned resid norm 2.376371973534e-20 true resid norm 2.376371973534e-20 ||r(i)||/||b|| 5.061752271743e-04
 30 KSP unpreconditioned resid norm 2.324758679925e-20 true resid norm 2.324758679925e-20 ||r(i)||/||b|| 4.951814219499e-04
 31 KSP unpreconditioned resid norm 2.285308173705e-20 true resid norm 2.285308173705e-20 ||r(i)||/||b|| 4.867783313687e-04
 32 KSP unpreconditioned resid norm 2.254864683792e-20 true resid norm 2.254864683792e-20 ||r(i)||/||b|| 4.802937655708e-04
 33 KSP unpreconditioned resid norm 2.232748675460e-20 true resid norm 2.232748675460e-20 ||r(i)||/||b|| 4.755829813727e-04
 34 KSP unpreconditioned resid norm 2.213501919276e-20 true resid norm 2.213501919276e-20 ||r(i)||/||b|| 4.714833575376e-04
 35 KSP unpreconditioned resid norm 2.191844647367e-20 true resid norm 2.191844647367e-20 ||r(i)||/||b|| 4.668702857414e-04
 36 KSP unpreconditioned resid norm 2.168073481460e-20 true resid norm 2.168073481460e-20 ||r(i)||/||b|| 4.618069474100e-04
 37 KSP unpreconditioned resid norm 2.147207129189e-20 true resid norm 2.147207129188e-20 ||r(i)||/||b|| 4.573623441581e-04
 38 KSP unpreconditioned resid norm 2.127709749318e-20 true resid norm 2.127709749318e-20 ||r(i)||/||b|| 4.532093366343e-04
 39 KSP unpreconditioned resid norm 2.104086165244e-20 true resid norm 2.104086165244e-20 ||r(i)||/||b|| 4.481774337301e-04
 40 KSP unpreconditioned resid norm 2.081221616354e-20 true resid norm 2.081221616354e-20 ||r(i)||/||b|| 4.433072078743e-04
 41 KSP unpreconditioned resid norm 2.052491666036e-20 true resid norm 2.052491666036e-20 ||r(i)||/||b|| 4.371876317763e-04
 42 KSP unpreconditioned resid norm 2.018192237743e-20 true resid norm 2.018192237743e-20 ||r(i)||/||b|| 4.298817381277e-04
 43 KSP unpreconditioned resid norm 1.972560910426e-20 true resid norm 1.972560910426e-20 ||r(i)||/||b|| 4.201621118536e-04
 44 KSP unpreconditioned resid norm 1.924845555449e-20 true resid norm 1.924845555448e-20 ||r(i)||/||b|| 4.099985806748e-04
 45 KSP unpreconditioned resid norm 1.878222124749e-20 true resid norm 1.878222124748e-20 ||r(i)||/||b|| 4.000676330415e-04
 46 KSP unpreconditioned resid norm 1.833571141171e-20 true resid norm 1.833571141170e-20 ||r(i)||/||b|| 3.905568232829e-04
 47 KSP unpreconditioned resid norm 1.790044696242e-20 true resid norm 1.790044696241e-20 ||r(i)||/||b|| 3.812855440407e-04
 48 KSP unpreconditioned resid norm 1.741878415349e-20 true resid norm 1.741878415348e-20 ||r(i)||/||b|| 3.710259641244e-04
 49 KSP unpreconditioned resid norm 1.691470248763e-20 true resid norm 1.691470248762e-20 ||r(i)||/||b|| 3.602888550114e-04
 50 KSP unpreconditioned resid norm 1.631877473324e-20 true resid norm 1.631877473323e-20 ||r(i)||/||b|| 3.475953933052e-04
 51 KSP unpreconditioned resid norm 1.580953135740e-20 true resid norm 1.580953135739e-20 ||r(i)||/||b|| 3.367483380324e-04
 52 KSP unpreconditioned resid norm 1.525518633405e-20 true resid norm 1.525518633404e-20 ||r(i)||/||b|| 3.249406024905e-04
 53 KSP unpreconditioned resid norm 1.480977666498e-20 true resid norm 1.480977666497e-20 ||r(i)||/||b|| 3.154532266531e-04
 54 KSP unpreconditioned resid norm 1.437675521986e-20 true resid norm 1.437675521985e-20 ||r(i)||/||b|| 3.062297241543e-04
 55 KSP unpreconditioned resid norm 1.399057696582e-20 true resid norm 1.399057696581e-20 ||r(i)||/||b|| 2.980039973891e-04
 56 KSP unpreconditioned resid norm 1.360161797971e-20 true resid norm 1.360161797970e-20 ||r(i)||/||b|| 2.897190400950e-04
 57 KSP unpreconditioned resid norm 1.315131462778e-20 true resid norm 1.315131462777e-20 ||r(i)||/||b|| 2.801274271659e-04
 58 KSP unpreconditioned resid norm 1.272360460889e-20 true resid norm 1.272360460888e-20 ||r(i)||/||b|| 2.710170598333e-04
 59 KSP unpreconditioned resid norm 1.224736458340e-20 true resid norm 1.224736458339e-20 ||r(i)||/||b|| 2.608729870292e-04
 60 KSP unpreconditioned resid norm 1.173654163996e-20 true resid norm 1.173654163995e-20 ||r(i)||/||b|| 2.499922864351e-04
 61 KSP unpreconditioned resid norm 1.111700555128e-20 true resid norm 1.111700555127e-20 ||r(i)||/||b|| 2.367959592640e-04
 62 KSP unpreconditioned resid norm 1.054009739501e-20 true resid norm 1.054009739501e-20 ||r(i)||/||b|| 2.245076213982e-04
 63 KSP unpreconditioned resid norm 9.955627300956e-21 true resid norm 9.955627300947e-21 ||r(i)||/||b|| 2.120582117127e-04
 64 KSP unpreconditioned resid norm 9.451224900204e-21 true resid norm 9.451224900195e-21 ||r(i)||/||b|| 2.013142708385e-04
 65 KSP unpreconditioned resid norm 9.103585148076e-21 true resid norm 9.103585148067e-21 ||r(i)||/||b|| 1.939094271327e-04
 66 KSP unpreconditioned resid norm 8.764315940962e-21 true resid norm 8.764315940954e-21 ||r(i)||/||b|| 1.866828788526e-04
 67 KSP unpreconditioned resid norm 8.470327183606e-21 true resid norm 8.470327183597e-21 ||r(i)||/||b|| 1.804208193897e-04
 68 KSP unpreconditioned resid norm 8.112554198768e-21 true resid norm 8.112554198758e-21 ||r(i)||/||b|| 1.728001344172e-04
 69 KSP unpreconditioned resid norm 7.773841452522e-21 true resid norm 7.773841452513e-21 ||r(i)||/||b|| 1.655854389408e-04
 70 KSP unpreconditioned resid norm 7.388658949993e-21 true resid norm 7.388658949985e-21 ||r(i)||/||b|| 1.573809220179e-04
 71 KSP unpreconditioned resid norm 7.025255162846e-21 true resid norm 7.025255162839e-21 ||r(i)||/||b|| 1.496402990614e-04
 72 KSP unpreconditioned resid norm 6.640574991354e-21 true resid norm 6.640574991348e-21 ||r(i)||/||b|| 1.414464819586e-04
 73 KSP unpreconditioned resid norm 6.277631294781e-21 true resid norm 6.277631294776e-21 ||r(i)||/||b|| 1.337156590861e-04
 74 KSP unpreconditioned resid norm 5.930495641083e-21 true resid norm 5.930495641077e-21 ||r(i)||/||b|| 1.263215528465e-04
 75 KSP unpreconditioned resid norm 5.535559900264e-21 true resid norm 5.535559900258e-21 ||r(i)||/||b|| 1.179092886659e-04
 76 KSP unpreconditioned resid norm 5.137526137379e-21 true resid norm 5.137526137373e-21 ||r(i)||/||b|| 1.094310355727e-04
 77 KSP unpreconditioned resid norm 4.713993327057e-21 true resid norm 4.713993327051e-21 ||r(i)||/||b|| 1.004096441884e-04
 78 KSP unpreconditioned resid norm 4.344388230336e-21 true resid norm 4.344388230329e-21 ||r(i)||/||b|| 9.253693125111e-05
 79 KSP unpreconditioned resid norm 4.008826429187e-21 true resid norm 4.008826429178e-21 ||r(i)||/||b|| 8.538935196554e-05
 80 KSP unpreconditioned resid norm 3.731430892085e-21 true resid norm 3.731430892075e-21 ||r(i)||/||b|| 7.948073367791e-05
 81 KSP unpreconditioned resid norm 3.487940758225e-21 true resid norm 3.487940758215e-21 ||r(i)||/||b|| 7.429431188898e-05
 82 KSP unpreconditioned resid norm 3.250548239298e-21 true resid norm 3.250548239288e-21 ||r(i)||/||b|| 6.923777135007e-05
 83 KSP unpreconditioned resid norm 3.021758418045e-21 true resid norm 3.021758418037e-21 ||r(i)||/||b|| 6.436447116656e-05
 84 KSP unpreconditioned resid norm 2.834359382523e-21 true resid norm 2.834359382519e-21 ||r(i)||/||b|| 6.037280864772e-05
 85 KSP unpreconditioned resid norm 2.697674401758e-21 true resid norm 2.697674401757e-21 ||r(i)||/||b|| 5.746137256116e-05
 86 KSP unpreconditioned resid norm 2.577847744937e-21 true resid norm 2.577847744939e-21 ||r(i)||/||b|| 5.490902444767e-05
 87 KSP unpreconditioned resid norm 2.490810274722e-21 true resid norm 2.490810274727e-21 ||r(i)||/||b|| 5.305509704285e-05
 88 KSP unpreconditioned resid norm 2.429629489909e-21 true resid norm 2.429629489914e-21 ||r(i)||/||b|| 5.175192573818e-05
 89 KSP unpreconditioned resid norm 2.388818517561e-21 true resid norm 2.388818517564e-21 ||r(i)||/||b|| 5.088263829370e-05
 90 KSP unpreconditioned resid norm 2.356455843360e-21 true resid norm 2.356455843362e-21 ||r(i)||/||b|| 5.019330244272e-05
 91 KSP unpreconditioned resid norm 2.330798370783e-21 true resid norm 2.330798370783e-21 ||r(i)||/||b|| 4.964678964269e-05
 92 KSP unpreconditioned resid norm 2.321164786311e-21 true resid norm 2.321156421194e-21 ||r(i)||/||b|| 4.944141287180e-05
 93 KSP unpreconditioned resid norm 2.294275523671e-21 true resid norm 2.281453130603e-21 ||r(i)||/||b|| 4.859571942152e-05
 94 KSP unpreconditioned resid norm 2.283669980992e-21 true resid norm 2.265196821546e-21 ||r(i)||/||b|| 4.824945456815e-05
 95 KSP unpreconditioned resid norm 2.273936326110e-21 true resid norm 2.242868905598e-21 ||r(i)||/||b|| 4.777386244481e-05
 96 KSP unpreconditioned resid norm 2.272140995221e-21 true resid norm 2.236376767480e-21 ||r(i)||/||b|| 4.763557771820e-05
 97 KSP unpreconditioned resid norm 2.272073672154e-21 true resid norm 2.235910389530e-21 ||r(i)||/||b|| 4.762564371093e-05
 98 KSP unpreconditioned resid norm 2.272045661334e-21 true resid norm 2.236031268460e-21 ||r(i)||/||b|| 4.762821847282e-05
 99 KSP unpreconditioned resid norm 2.271827393493e-21 true resid norm 2.235088776043e-21 ||r(i)||/||b|| 4.760814306717e-05
100 KSP unpreconditioned resid norm 2.235034544992e-21 true resid norm 2.235034544992e-21 ||r(i)||/||b|| 4.760698792754e-05
101 KSP unpreconditioned resid norm 2.221804145514e-21 true resid norm 2.221804145514e-21 ||r(i)||/||b|| 4.732517596645e-05
102 KSP unpreconditioned resid norm 2.199211337638e-21 true resid norm 2.199211337638e-21 ||r(i)||/||b|| 4.684394155589e-05
103 KSP unpreconditioned resid norm 2.174538324629e-21 true resid norm 2.174538324629e-21 ||r(i)||/||b|| 4.631839807600e-05
104 KSP unpreconditioned resid norm 2.130419733178e-21 true resid norm 2.130419733178e-21 ||r(i)||/||b|| 4.537865723160e-05
105 KSP unpreconditioned resid norm 2.083220590476e-21 true resid norm 2.083220590476e-21 ||r(i)||/||b|| 4.437329960891e-05
106 KSP unpreconditioned resid norm 2.023896749063e-21 true resid norm 2.023896749063e-21 ||r(i)||/||b|| 4.310968182354e-05
107 KSP unpreconditioned resid norm 1.957085601951e-21 true resid norm 1.957085601951e-21 ||r(i)||/||b|| 4.168658190721e-05
108 KSP unpreconditioned resid norm 1.892229563487e-21 true resid norm 1.892229563487e-21 ||r(i)||/||b|| 4.030512646299e-05
109 KSP unpreconditioned resid norm 1.833160268930e-21 true resid norm 1.833160268930e-21 ||r(i)||/||b|| 3.904693061132e-05
110 KSP unpreconditioned resid norm 1.771724543500e-21 true resid norm 1.771724543500e-21 ||r(i)||/||b|| 3.773832898569e-05
111 KSP unpreconditioned resid norm 1.708485584889e-21 true resid norm 1.708485584889e-21 ||r(i)||/||b|| 3.639131788652e-05
112 KSP unpreconditioned resid norm 1.642689719689e-21 true resid norm 1.642689719689e-21 ||r(i)||/||b|| 3.498984381658e-05
113 KSP unpreconditioned resid norm 1.580966529553e-21 true resid norm 1.580966529553e-21 ||r(i)||/||b|| 3.367511909599e-05
114 KSP unpreconditioned resid norm 1.527187898808e-21 true resid norm 1.527187898808e-21 ||r(i)||/||b|| 3.252961616389e-05
115 KSP unpreconditioned resid norm 1.484768759827e-21 true resid norm 1.484768759827e-21 ||r(i)||/||b|| 3.162607422898e-05
116 KSP unpreconditioned resid norm 1.444720716980e-21 true resid norm 1.444720716980e-21 ||r(i)||/||b|| 3.077303743964e-05
117 KSP unpreconditioned resid norm 1.403512859177e-21 true resid norm 1.403512859177e-21 ||r(i)||/||b|| 2.989529620144e-05
118 KSP unpreconditioned resid norm 1.363638036673e-21 true resid norm 1.363638036673e-21 ||r(i)||/||b|| 2.904594906369e-05
119 KSP unpreconditioned resid norm 1.328000586475e-21 true resid norm 1.328000586475e-21 ||r(i)||/||b|| 2.828685938199e-05
120 KSP unpreconditioned resid norm 1.297899239824e-21 true resid norm 1.297899239824e-21 ||r(i)||/||b|| 2.764569056882e-05
121 KSP unpreconditioned resid norm 1.272559910700e-21 true resid norm 1.272559910700e-21 ||r(i)||/||b|| 2.710595433145e-05
122 KSP unpreconditioned resid norm 1.249027667582e-21 true resid norm 1.249027667582e-21 ||r(i)||/||b|| 2.660470963411e-05
123 KSP unpreconditioned resid norm 1.220130362996e-21 true resid norm 1.220130362996e-21 ||r(i)||/||b|| 2.598918732210e-05
124 KSP unpreconditioned resid norm 1.186447828659e-21 true resid norm 1.186447828659e-21 ||r(i)||/||b|| 2.527173800610e-05
125 KSP unpreconditioned resid norm 1.151512373330e-21 true resid norm 1.151512373330e-21 ||r(i)||/||b|| 2.452760105133e-05
126 KSP unpreconditioned resid norm 1.113215986411e-21 true resid norm 1.113215986411e-21 ||r(i)||/||b|| 2.371187512272e-05
127 KSP unpreconditioned resid norm 1.076983659903e-21 true resid norm 1.076983659903e-21 ||r(i)||/||b|| 2.294011437544e-05
128 KSP unpreconditioned resid norm 1.038144052092e-21 true resid norm 1.038144052092e-21 ||r(i)||/||b|| 2.211281765900e-05
129 KSP unpreconditioned resid norm 9.920541605599e-22 true resid norm 9.920541605600e-22 ||r(i)||/||b|| 2.113108745950e-05
130 KSP unpreconditioned resid norm 9.425627238503e-22 true resid norm 9.425627238503e-22 ||r(i)||/||b|| 2.007690320305e-05
131 KSP unpreconditioned resid norm 8.883360325598e-22 true resid norm 8.883360325598e-22 ||r(i)||/||b|| 1.892185643055e-05
132 KSP unpreconditioned resid norm 8.373979494654e-22 true resid norm 8.373979494654e-22 ||r(i)||/||b|| 1.783685811929e-05
133 KSP unpreconditioned resid norm 7.930538496675e-22 true resid norm 7.930538496675e-22 ||r(i)||/||b|| 1.689231387121e-05
134 KSP unpreconditioned resid norm 7.558186636882e-22 true resid norm 7.558186636881e-22 ||r(i)||/||b|| 1.609919187971e-05
135 KSP unpreconditioned resid norm 7.201882626830e-22 true resid norm 7.201882626831e-22 ||r(i)||/||b|| 1.534025234819e-05
136 KSP unpreconditioned resid norm 6.867552427380e-22 true resid norm 6.867552427381e-22 ||r(i)||/||b|| 1.462811777270e-05
137 KSP unpreconditioned resid norm 6.490870667825e-22 true resid norm 6.490870667826e-22 ||r(i)||/||b|| 1.382577294900e-05
138 KSP unpreconditioned resid norm 6.081168359076e-22 true resid norm 6.081168359076e-22 ||r(i)||/||b|| 1.295309324433e-05
139 KSP unpreconditioned resid norm 5.665095506124e-22 true resid norm 5.665095506125e-22 ||r(i)||/||b|| 1.206684406613e-05
140 KSP unpreconditioned resid norm 5.264527595808e-22 true resid norm 5.264527595809e-22 ||r(i)||/||b|| 1.121362093751e-05
141 KSP unpreconditioned resid norm 4.908776926430e-22 true resid norm 4.908776926431e-22 ||r(i)||/||b|| 1.045586004025e-05
142 KSP unpreconditioned resid norm 4.570550345722e-22 true resid norm 4.570550345722e-22 ||r(i)||/||b|| 9.735426041559e-06
143 KSP unpreconditioned resid norm 4.289381063694e-22 true resid norm 4.289381063695e-22 ||r(i)||/||b|| 9.136526009115e-06
144 KSP unpreconditioned resid norm 4.065294046452e-22 true resid norm 4.065294046452e-22 ||r(i)||/||b|| 8.659213121558e-06
145 KSP unpreconditioned resid norm 3.873715397302e-22 true resid norm 3.873715397302e-22 ||r(i)||/||b|| 8.251144151990e-06
146 KSP unpreconditioned resid norm 3.647917418532e-22 true resid norm 3.647917418533e-22 ||r(i)||/||b|| 7.770186858805e-06
147 KSP unpreconditioned resid norm 3.439436981766e-22 true resid norm 3.439436981767e-22 ||r(i)||/||b|| 7.326116512846e-06
148 KSP unpreconditioned resid norm 3.255866952623e-22 true resid norm 3.255866952624e-22 ||r(i)||/||b|| 6.935106173393e-06
149 KSP unpreconditioned resid norm 3.092358326786e-22 true resid norm 3.092358326786e-22 ||r(i)||/||b|| 6.586827298074e-06
150 KSP unpreconditioned resid norm 2.965908184162e-22 true resid norm 2.965908184162e-22 ||r(i)||/||b|| 6.317484239066e-06
151 KSP unpreconditioned resid norm 2.869356477822e-22 true resid norm 2.869356477821e-22 ||r(i)||/||b|| 6.111825855465e-06
152 KSP unpreconditioned resid norm 2.795287761491e-22 true resid norm 2.795287761491e-22 ||r(i)||/||b|| 5.954056997170e-06
153 KSP unpreconditioned resid norm 2.724202737441e-22 true resid norm 2.724202737440e-22 ||r(i)||/||b|| 5.802643503836e-06
154 KSP unpreconditioned resid norm 2.639752693722e-22 true resid norm 2.639752693721e-22 ||r(i)||/||b|| 5.622762068857e-06
155 KSP unpreconditioned resid norm 2.559078273946e-22 true resid norm 2.559078273945e-22 ||r(i)||/||b|| 5.450922839930e-06
156 KSP unpreconditioned resid norm 2.488939783145e-22 true resid norm 2.488939783146e-22 ||r(i)||/||b|| 5.301525494274e-06
157 KSP unpreconditioned resid norm 2.444329596570e-22 true resid norm 2.444329596569e-22 ||r(i)||/||b|| 5.206504295671e-06
158 KSP unpreconditioned resid norm 2.402142423640e-22 true resid norm 2.402142423641e-22 ||r(i)||/||b|| 5.116644197681e-06
159 KSP unpreconditioned resid norm 2.363992843365e-22 true resid norm 2.363992843365e-22 ||r(i)||/||b|| 5.035384307908e-06
160 KSP unpreconditioned resid norm 2.317918743762e-22 true resid norm 2.317918743763e-22 ||r(i)||/||b|| 4.937244925300e-06
161 KSP unpreconditioned resid norm 2.267354351617e-22 true resid norm 2.267354351616e-22 ||r(i)||/||b|| 4.829541068467e-06
162 KSP unpreconditioned resid norm 2.222481534171e-22 true resid norm 2.222481534173e-22 ||r(i)||/||b|| 4.733960457283e-06
163 KSP unpreconditioned resid norm 2.176550557517e-22 true resid norm 2.176550557518e-22 ||r(i)||/||b|| 4.636125931369e-06
164 KSP unpreconditioned resid norm 2.133284088773e-22 true resid norm 2.133284088772e-22 ||r(i)||/||b|| 4.543966896965e-06
165 KSP unpreconditioned resid norm 2.091180705328e-22 true resid norm 2.091180705331e-22 ||r(i)||/||b|| 4.454285273400e-06
166 KSP unpreconditioned resid norm 2.053999289992e-22 true resid norm 2.053999289993e-22 ||r(i)||/||b|| 4.375087607526e-06
167 KSP unpreconditioned resid norm 2.014756514402e-22 true resid norm 2.014756514403e-22 ||r(i)||/||b|| 4.291499174947e-06
168 KSP unpreconditioned resid norm 1.978617859150e-22 true resid norm 1.978617859152e-22 ||r(i)||/||b|| 4.214522623147e-06
169 KSP unpreconditioned resid norm 1.945093874087e-22 true resid norm 1.945093874086e-22 ||r(i)||/||b|| 4.143115406829e-06
170 KSP unpreconditioned resid norm 1.916258630944e-22 true resid norm 1.916258630944e-22 ||r(i)||/||b|| 4.081695368592e-06
171 KSP unpreconditioned resid norm 1.887121465160e-22 true resid norm 1.887121465161e-22 ||r(i)||/||b|| 4.019632224971e-06
172 KSP unpreconditioned resid norm 1.856794918148e-22 true resid norm 1.856794918148e-22 ||r(i)||/||b|| 3.955035659302e-06
173 KSP unpreconditioned resid norm 1.824114696270e-22 true resid norm 1.824114696270e-22 ||r(i)||/||b|| 3.885425686970e-06
174 KSP unpreconditioned resid norm 1.785370666163e-22 true resid norm 1.785370666164e-22 ||r(i)||/||b|| 3.802899599055e-06
175 KSP unpreconditioned resid norm 1.754924307728e-22 true resid norm 1.754924307728e-22 ||r(i)||/||b|| 3.738047831025e-06
176 KSP unpreconditioned resid norm 1.727146457762e-22 true resid norm 1.727146457762e-22 ||r(i)||/||b|| 3.678880075835e-06
177 KSP unpreconditioned resid norm 1.702368716128e-22 true resid norm 1.702368716128e-22 ||r(i)||/||b|| 3.626102652351e-06
178 KSP unpreconditioned resid norm 1.669992810434e-22 true resid norm 1.669992810435e-22 ||r(i)||/||b|| 3.557140883731e-06
179 KSP unpreconditioned resid norm 1.630380451975e-22 true resid norm 1.630380451976e-22 ||r(i)||/||b|| 3.472765227206e-06
180 KSP unpreconditioned resid norm 1.585548750791e-22 true resid norm 1.585548750791e-22 ||r(i)||/||b|| 3.377272195034e-06
181 KSP unpreconditioned resid norm 1.539748948405e-22 true resid norm 1.539748948406e-22 ||r(i)||/||b|| 3.279717074729e-06
182 KSP unpreconditioned resid norm 1.503419777459e-22 true resid norm 1.503419777458e-22 ||r(i)||/||b|| 3.202334718084e-06
183 KSP unpreconditioned resid norm 1.478757587292e-22 true resid norm 1.478757587292e-22 ||r(i)||/||b|| 3.149803423115e-06
184 KSP unpreconditioned resid norm 1.458359745826e-22 true resid norm 1.458359745828e-22 ||r(i)||/||b|| 3.106355334382e-06
185 KSP unpreconditioned resid norm 1.437930643403e-22 true resid norm 1.437930643401e-22 ||r(i)||/||b|| 3.062840658745e-06
186 KSP unpreconditioned resid norm 1.411098841300e-22 true resid norm 1.411098841300e-22 ||r(i)||/||b|| 3.005688017344e-06
187 KSP unpreconditioned resid norm 1.378581484588e-22 true resid norm 1.378581484587e-22 ||r(i)||/||b|| 2.936424953293e-06
188 KSP unpreconditioned resid norm 1.342111585061e-22 true resid norm 1.342111585062e-22 ||r(i)||/||b|| 2.858742840043e-06
189 KSP unpreconditioned resid norm 1.305352709112e-22 true resid norm 1.305352709111e-22 ||r(i)||/||b|| 2.780445197282e-06
190 KSP unpreconditioned resid norm 1.298891384922e-22 true resid norm 1.292980524475e-22 ||r(i)||/||b|| 2.754092027666e-06
191 KSP unpreconditioned resid norm 1.298761735097e-22 true resid norm 1.292380168868e-22 ||r(i)||/||b|| 2.752813250021e-06
192 KSP unpreconditioned resid norm 1.296072684237e-22 true resid norm 1.288373184843e-22 ||r(i)||/||b|| 2.744278239207e-06
193 KSP unpreconditioned resid norm 1.296063153611e-22 true resid norm 1.288223941697e-22 ||r(i)||/||b|| 2.743960346284e-06
194 KSP unpreconditioned resid norm 1.294264534405e-22 true resid norm 1.287779703994e-22 ||r(i)||/||b|| 2.743014105027e-06
195 KSP unpreconditioned resid norm 1.294258038800e-22 true resid norm 1.287748514656e-22 ||r(i)||/||b|| 2.742947670689e-06
196 KSP unpreconditioned resid norm 1.292781799268e-22 true resid norm 1.290889345652e-22 ||r(i)||/||b|| 2.749637746403e-06
197 KSP unpreconditioned resid norm 1.292578803519e-22 true resid norm 1.291606280996e-22 ||r(i)||/||b|| 2.751164842810e-06
198 KSP unpreconditioned resid norm 1.290589605178e-22 true resid norm 1.298434202226e-22 ||r(i)||/||b|| 2.765708544800e-06
199 KSP unpreconditioned resid norm 1.290472428636e-22 true resid norm 1.298688200372e-22 ||r(i)||/||b|| 2.766249569397e-06
200 KSP unpreconditioned resid norm 1.307072424132e-22 true resid norm 1.307072424132e-22 ||r(i)||/||b|| 2.784108248147e-06
201 KSP unpreconditioned resid norm 1.288240654855e-22 true resid norm 1.288240654857e-22 ||r(i)||/||b|| 2.743995945876e-06
202 KSP unpreconditioned resid norm 1.270935685569e-22 true resid norm 1.270935685569e-22 ||r(i)||/||b|| 2.707135778958e-06
203 KSP unpreconditioned resid norm 1.256795118776e-22 true resid norm 1.256795118776e-22 ||r(i)||/||b|| 2.677015895839e-06
204 KSP unpreconditioned resid norm 1.237954330678e-22 true resid norm 1.237954330678e-22 ||r(i)||/||b|| 2.636884383173e-06
205 KSP unpreconditioned resid norm 1.220402164709e-22 true resid norm 1.220402164708e-22 ||r(i)||/||b|| 2.599497679003e-06
206 KSP unpreconditioned resid norm 1.202081658282e-22 true resid norm 1.202081658283e-22 ||r(i)||/||b|| 2.560474383808e-06
207 KSP unpreconditioned resid norm 1.185129316624e-22 true resid norm 1.185129316624e-22 ||r(i)||/||b|| 2.524365325606e-06
208 KSP unpreconditioned resid norm 1.167311187400e-22 true resid norm 1.167311187400e-22 ||r(i)||/||b|| 2.486412110755e-06
209 KSP unpreconditioned resid norm 1.148387643310e-22 true resid norm 1.148387643310e-22 ||r(i)||/||b|| 2.446104325040e-06
210 KSP unpreconditioned resid norm 1.128595743676e-22 true resid norm 1.128595743676e-22 ||r(i)||/||b|| 2.403946912796e-06
211 KSP unpreconditioned resid norm 1.106059901546e-22 true resid norm 1.106059901545e-22 ||r(i)||/||b|| 2.355944810696e-06
212 KSP unpreconditioned resid norm 1.085020365977e-22 true resid norm 1.085020365976e-22 ||r(i)||/||b|| 2.311129891924e-06
213 KSP unpreconditioned resid norm 1.064404082090e-22 true resid norm 1.064404082091e-22 ||r(i)||/||b|| 2.267216513483e-06
214 KSP unpreconditioned resid norm 1.041213152646e-22 true resid norm 1.041213152646e-22 ||r(i)||/||b|| 2.217819053360e-06
215 KSP unpreconditioned resid norm 1.016786921559e-22 true resid norm 1.016786921559e-22 ||r(i)||/||b|| 2.165790359168e-06
216 KSP unpreconditioned resid norm 9.937391872554e-23 true resid norm 9.937391872574e-23 ||r(i)||/||b|| 2.116697909519e-06
217 KSP unpreconditioned resid norm 9.726155227952e-23 true resid norm 9.726155227940e-23 ||r(i)||/||b|| 2.071703793372e-06
218 KSP unpreconditioned resid norm 9.501650456443e-23 true resid norm 9.501650456434e-23 ||r(i)||/||b|| 2.023883521553e-06
219 KSP unpreconditioned resid norm 9.296969397304e-23 true resid norm 9.296969397290e-23 ||r(i)||/||b|| 1.980285767176e-06
220 KSP unpreconditioned resid norm 9.116480001098e-23 true resid norm 9.116480001093e-23 ||r(i)||/||b|| 1.941840918415e-06
221 KSP unpreconditioned resid norm 8.971183390732e-23 true resid norm 8.971183390716e-23 ||r(i)||/||b|| 1.910892251462e-06
222 KSP unpreconditioned resid norm 8.777725494301e-23 true resid norm 8.777725494292e-23 ||r(i)||/||b|| 1.869685068512e-06
223 KSP unpreconditioned resid norm 8.624209783327e-23 true resid norm 8.624209783333e-23 ||r(i)||/||b|| 1.836985705476e-06
224 KSP unpreconditioned resid norm 8.480773987953e-23 true resid norm 8.480773987926e-23 ||r(i)||/||b|| 1.806433398374e-06
225 KSP unpreconditioned resid norm 8.352737427433e-23 true resid norm 8.352737427409e-23 ||r(i)||/||b|| 1.779161180124e-06
226 KSP unpreconditioned resid norm 8.227018494180e-23 true resid norm 8.227018494167e-23 ||r(i)||/||b|| 1.752382624282e-06
227 KSP unpreconditioned resid norm 8.103886276192e-23 true resid norm 8.103886276173e-23 ||r(i)||/||b|| 1.726155047493e-06
228 KSP unpreconditioned resid norm 7.976158240782e-23 true resid norm 7.976158240786e-23 ||r(i)||/||b|| 1.698948546133e-06
229 KSP unpreconditioned resid norm 7.831064618936e-23 true resid norm 7.831064618925e-23 ||r(i)||/||b|| 1.668043116417e-06
230 KSP unpreconditioned resid norm 7.677730393618e-23 true resid norm 7.677730393623e-23 ||r(i)||/||b|| 1.635382410438e-06
231 KSP unpreconditioned resid norm 7.499545876655e-23 true resid norm 7.499545876671e-23 ||r(i)||/||b|| 1.597428508712e-06
232 KSP unpreconditioned resid norm 7.367858372771e-23 true resid norm 7.367858372775e-23 ||r(i)||/||b|| 1.569378627236e-06
233 KSP unpreconditioned resid norm 7.261836446662e-23 true resid norm 7.261836446648e-23 ||r(i)||/||b|| 1.546795600193e-06
234 KSP unpreconditioned resid norm 7.181532006579e-23 true resid norm 7.181532006567e-23 ||r(i)||/||b|| 1.529690484221e-06
235 KSP unpreconditioned resid norm 7.089011583428e-23 true resid norm 7.089011583419e-23 ||r(i)||/||b|| 1.509983322746e-06
236 KSP unpreconditioned resid norm 6.963749593508e-23 true resid norm 6.963749593523e-23 ||r(i)||/||b|| 1.483302097375e-06
237 KSP unpreconditioned resid norm 6.786907737253e-23 true resid norm 6.786907737223e-23 ||r(i)||/||b|| 1.445634186886e-06
238 KSP unpreconditioned resid norm 6.573074137884e-23 true resid norm 6.573074137892e-23 ||r(i)||/||b|| 1.400086910650e-06
239 KSP unpreconditioned resid norm 6.340333671777e-23 true resid norm 6.340333671788e-23 ||r(i)||/||b|| 1.350512408167e-06
240 KSP unpreconditioned resid norm 6.111063376424e-23 true resid norm 6.111063376422e-23 ||r(i)||/||b|| 1.301677063729e-06
241 KSP unpreconditioned resid norm 5.878794336361e-23 true resid norm 5.878794336353e-23 ||r(i)||/||b|| 1.252202976577e-06
242 KSP unpreconditioned resid norm 5.666998031677e-23 true resid norm 5.666998031674e-23 ||r(i)||/||b|| 1.207089650958e-06
243 KSP unpreconditioned resid norm 5.467005833032e-23 true resid norm 5.467005833018e-23 ||r(i)||/||b|| 1.164490639643e-06
244 KSP unpreconditioned resid norm 5.265891937904e-23 true resid norm 5.265891937909e-23 ||r(i)||/||b|| 1.121652703210e-06
245 KSP unpreconditioned resid norm 5.061674099405e-23 true resid norm 5.061674099404e-23 ||r(i)||/||b|| 1.078153616388e-06
246 KSP unpreconditioned resid norm 4.818837894106e-23 true resid norm 4.818837894093e-23 ||r(i)||/||b|| 1.026428687480e-06
247 KSP unpreconditioned resid norm 4.557112900166e-23 true resid norm 4.557112900175e-23 ||r(i)||/||b|| 9.706803830355e-07
248 KSP unpreconditioned resid norm 4.245578898549e-23 true resid norm 4.245578898558e-23 ||r(i)||/||b|| 9.043225923373e-07
249 KSP unpreconditioned resid norm 3.969924342662e-23 true resid norm 3.969924342658e-23 ||r(i)||/||b|| 8.456072443157e-07
250 KSP unpreconditioned resid norm 3.728369213884e-23 true resid norm 3.728369213874e-23 ||r(i)||/||b|| 7.941551890192e-07
251 KSP unpreconditioned resid norm 3.511424292846e-23 true resid norm 3.511424292844e-23 ||r(i)||/||b|| 7.479451907910e-07
252 KSP unpreconditioned resid norm 3.312240424117e-23 true resid norm 3.312240424122e-23 ||r(i)||/||b|| 7.055183564729e-07
253 KSP unpreconditioned resid norm 3.148705896902e-23 true resid norm 3.148705896903e-23 ||r(i)||/||b|| 6.706849518595e-07
254 KSP unpreconditioned resid norm 2.981035133803e-23 true resid norm 2.981035133803e-23 ||r(i)||/||b|| 6.349705150845e-07
255 KSP unpreconditioned resid norm 2.806516196636e-23 true resid norm 2.806516196635e-23 ||r(i)||/||b|| 5.977973941879e-07
256 KSP unpreconditioned resid norm 2.627783953301e-23 true resid norm 2.627783953300e-23 ||r(i)||/||b|| 5.597268248996e-07
257 KSP unpreconditioned resid norm 2.467544283409e-23 true resid norm 2.467544283409e-23 ||r(i)||/||b|| 5.255952359847e-07
258 KSP unpreconditioned resid norm 2.278095464954e-23 true resid norm 2.278095464957e-23 ||r(i)||/||b|| 4.852420001337e-07
259 KSP unpreconditioned resid norm 2.075665583296e-23 true resid norm 2.075665583294e-23 ||r(i)||/||b|| 4.421237541355e-07
260 KSP unpreconditioned resid norm 1.870499858791e-23 true resid norm 1.870499858783e-23 ||r(i)||/||b|| 3.984227644044e-07
261 KSP unpreconditioned resid norm 1.700039352658e-23 true resid norm 1.700039352659e-23 ||r(i)||/||b|| 3.621141029776e-07
262 KSP unpreconditioned resid norm 1.558704715503e-23 true resid norm 1.558704715496e-23 ||r(i)||/||b|| 3.320093496518e-07
263 KSP unpreconditioned resid norm 1.437533292261e-23 true resid norm 1.437533292277e-23 ||r(i)||/||b|| 3.061994287481e-07
264 KSP unpreconditioned resid norm 1.335973594245e-23 true resid norm 1.335973594242e-23 ||r(i)||/||b|| 2.845668713044e-07
265 KSP unpreconditioned resid norm 1.240555205045e-23 true resid norm 1.240555205047e-23 ||r(i)||/||b|| 2.642424333103e-07
266 KSP unpreconditioned resid norm 1.149981971187e-23 true resid norm 1.149981971189e-23 ||r(i)||/||b|| 2.449500297074e-07
267 KSP unpreconditioned resid norm 1.070537468769e-23 true resid norm 1.070537468774e-23 ||r(i)||/||b|| 2.280280833515e-07
268 KSP unpreconditioned resid norm 1.006728058411e-23 true resid norm 1.006728058400e-23 ||r(i)||/||b|| 2.144364642147e-07
269 KSP unpreconditioned resid norm 9.562705186832e-24 true resid norm 9.562705186799e-24 ||r(i)||/||b|| 2.036888384578e-07
270 KSP unpreconditioned resid norm 9.173704384763e-24 true resid norm 9.173704384707e-24 ||r(i)||/||b|| 1.954029904692e-07
271 KSP unpreconditioned resid norm 8.850267269059e-24 true resid norm 8.850267269052e-24 ||r(i)||/||b|| 1.885136710648e-07
272 KSP unpreconditioned resid norm 8.549437715205e-24 true resid norm 8.549437715200e-24 ||r(i)||/||b|| 1.821059003346e-07
273 KSP unpreconditioned resid norm 8.288654189614e-24 true resid norm 8.288654189576e-24 ||r(i)||/||b|| 1.765511234816e-07
274 KSP unpreconditioned resid norm 8.013935561155e-24 true resid norm 8.013935561187e-24 ||r(i)||/||b|| 1.706995242504e-07
275 KSP unpreconditioned resid norm 7.707510386830e-24 true resid norm 7.707510386819e-24 ||r(i)||/||b|| 1.641725649202e-07
276 KSP unpreconditioned resid norm 7.411375676119e-24 true resid norm 7.411375676118e-24 ||r(i)||/||b|| 1.578647959290e-07
277 KSP unpreconditioned resid norm 7.152972774174e-24 true resid norm 7.152972774217e-24 ||r(i)||/||b|| 1.523607271624e-07
278 KSP unpreconditioned resid norm 6.915809283185e-24 true resid norm 6.915809283223e-24 ||r(i)||/||b|| 1.473090649955e-07
279 KSP unpreconditioned resid norm 6.668146057483e-24 true resid norm 6.668146057447e-24 ||r(i)||/||b|| 1.420337549445e-07
280 KSP unpreconditioned resid norm 6.426803503003e-24 true resid norm 6.426803502974e-24 ||r(i)||/||b|| 1.368930773192e-07
281 KSP unpreconditioned resid norm 6.195766102109e-24 true resid norm 6.195766102074e-24 ||r(i)||/||b|| 1.319719029329e-07
282 KSP unpreconditioned resid norm 6.001588079101e-24 true resid norm 6.001588079141e-24 ||r(i)||/||b|| 1.278358457009e-07
283 KSP unpreconditioned resid norm 5.811917981787e-24 true resid norm 5.811917981798e-24 ||r(i)||/||b|| 1.237958088009e-07
284 KSP unpreconditioned resid norm 5.608585859279e-24 true resid norm 5.608585859219e-24 ||r(i)||/||b|| 1.194647661660e-07
285 KSP unpreconditioned resid norm 5.399459481374e-24 true resid norm 5.399459481383e-24 ||r(i)||/||b|| 1.150103039442e-07
286 KSP unpreconditioned resid norm 5.199120290326e-24 true resid norm 5.199120290343e-24 ||r(i)||/||b|| 1.107430117583e-07
287 KSP unpreconditioned resid norm 5.044777545434e-24 true resid norm 5.044777545443e-24 ||r(i)||/||b|| 1.074554593535e-07
288 KSP unpreconditioned resid norm 4.917065894239e-24 true resid norm 4.917065894220e-24 ||r(i)||/||b|| 1.047351582057e-07
289 KSP unpreconditioned resid norm 4.801219976191e-24 true resid norm 4.801219976182e-24 ||r(i)||/||b|| 1.022676011678e-07
290 KSP unpreconditioned resid norm 4.714021564916e-24 true resid norm 4.714021564811e-24 ||r(i)||/||b|| 1.004102456622e-07
291 KSP unpreconditioned resid norm 4.665512798329e-24 true resid norm 4.684094545657e-24 ||r(i)||/||b|| 9.977279008334e-08
292 KSP unpreconditioned resid norm 4.664269782988e-24 true resid norm 4.675044893418e-24 ||r(i)||/||b|| 9.958002944532e-08
293 KSP unpreconditioned resid norm 4.661142612894e-24 true resid norm 4.689508254213e-24 ||r(i)||/||b|| 9.988810389737e-08
294 KSP unpreconditioned resid norm 4.661061185195e-24 true resid norm 4.690735970653e-24 ||r(i)||/||b|| 9.991425467068e-08
295 KSP unpreconditioned resid norm 4.658125535190e-24 true resid norm 4.715260298657e-24 ||r(i)||/||b|| 1.004366311099e-07
296 KSP unpreconditioned resid norm 4.656312355305e-24 true resid norm 4.728126009262e-24 ||r(i)||/||b|| 1.007106750753e-07
297 KSP unpreconditioned resid norm 4.652205962577e-24 true resid norm 4.763492598817e-24 ||r(i)||/||b|| 1.014639953342e-07
298 KSP unpreconditioned resid norm 4.652193944955e-24 true resid norm 4.763571923600e-24 ||r(i)||/||b|| 1.014656849787e-07
299 KSP unpreconditioned resid norm 4.649324361694e-24 true resid norm 4.800658941541e-24 ||r(i)||/||b|| 1.022556509412e-07
300 KSP unpreconditioned resid norm 4.841912327605e-24 true resid norm 4.841912327605e-24 ||r(i)||/||b|| 1.031343619466e-07
301 KSP unpreconditioned resid norm 4.782934082595e-24 true resid norm 4.782934082548e-24 ||r(i)||/||b|| 1.018781054800e-07
302 KSP unpreconditioned resid norm 4.731736276874e-24 true resid norm 4.731736276907e-24 ||r(i)||/||b|| 1.007875749910e-07
303 KSP unpreconditioned resid norm 4.668606704488e-24 true resid norm 4.668606704494e-24 ||r(i)||/||b|| 9.944289385471e-08
304 KSP unpreconditioned resid norm 4.603429661629e-24 true resid norm 4.603429661659e-24 ||r(i)||/||b|| 9.805460090936e-08
305 KSP unpreconditioned resid norm 4.545085326690e-24 true resid norm 4.545085326752e-24 ||r(i)||/||b|| 9.681184694219e-08
306 KSP unpreconditioned resid norm 4.462883469808e-24 true resid norm 4.462883469900e-24 ||r(i)||/||b|| 9.506091972922e-08
307 KSP unpreconditioned resid norm 4.379790590989e-24 true resid norm 4.379790591064e-24 ||r(i)||/||b|| 9.329101344813e-08
308 KSP unpreconditioned resid norm 4.293630542744e-24 true resid norm 4.293630542742e-24 ||r(i)||/||b|| 9.145577542485e-08
309 KSP unpreconditioned resid norm 4.212579816933e-24 true resid norm 4.212579816957e-24 ||r(i)||/||b|| 8.972936769098e-08
310 KSP unpreconditioned resid norm 4.147383629175e-24 true resid norm 4.147383629201e-24 ||r(i)||/||b|| 8.834066695238e-08
311 KSP unpreconditioned resid norm 4.098020742300e-24 true resid norm 4.098020742370e-24 ||r(i)||/||b|| 8.728922085161e-08
312 KSP unpreconditioned resid norm 4.043619774979e-24 true resid norm 4.043619774963e-24 ||r(i)||/||b|| 8.613046193918e-08
313 KSP unpreconditioned resid norm 3.983088129309e-24 true resid norm 3.983088129277e-24 ||r(i)||/||b|| 8.484111751636e-08
314 KSP unpreconditioned resid norm 3.910341094329e-24 true resid norm 3.910341094339e-24 ||r(i)||/||b|| 8.329158119181e-08
315 KSP unpreconditioned resid norm 3.834549963720e-24 true resid norm 3.834549963774e-24 ||r(i)||/||b|| 8.167720460605e-08
316 KSP unpreconditioned resid norm 3.754970545162e-24 true resid norm 3.754970545178e-24 ||r(i)||/||b|| 7.998213621041e-08
317 KSP unpreconditioned resid norm 3.668783810531e-24 true resid norm 3.668783810515e-24 ||r(i)||/||b|| 7.814632975909e-08
318 KSP unpreconditioned resid norm 3.555806220430e-24 true resid norm 3.555806220472e-24 ||r(i)||/||b|| 7.573986907269e-08
319 KSP unpreconditioned resid norm 3.440916345142e-24 true resid norm 3.440916345161e-24 ||r(i)||/||b|| 7.329267606660e-08
320 KSP unpreconditioned resid norm 3.302453716605e-24 true resid norm 3.302453716738e-24 ||r(i)||/||b|| 7.034337548664e-08
321 KSP unpreconditioned resid norm 3.163146238689e-24 true resid norm 3.163146238675e-24 ||r(i)||/||b|| 6.737607932506e-08
322 KSP unpreconditioned resid norm 3.015940083030e-24 true resid norm 3.015940082966e-24 ||r(i)||/||b|| 6.424053867160e-08
323 KSP unpreconditioned resid norm 2.867568455706e-24 true resid norm 2.867568455735e-24 ||r(i)||/||b|| 6.108017308254e-08
324 KSP unpreconditioned resid norm 2.707329886511e-24 true resid norm 2.707329886515e-24 ||r(i)||/||b|| 5.766703763571e-08
325 KSP unpreconditioned resid norm 2.523300259754e-24 true resid norm 2.523300259731e-24 ||r(i)||/||b|| 5.374714465677e-08
326 KSP unpreconditioned resid norm 2.321662116692e-24 true resid norm 2.321662116679e-24 ||r(i)||/||b|| 4.945218435581e-08
327 KSP unpreconditioned resid norm 2.131643341236e-24 true resid norm 2.131643341201e-24 ||r(i)||/||b|| 4.540472049424e-08
328 KSP unpreconditioned resid norm 1.975671030228e-24 true resid norm 1.975671030299e-24 ||r(i)||/||b|| 4.208245778526e-08
329 KSP unpreconditioned resid norm 1.833207157792e-24 true resid norm 1.833207157734e-24 ||r(i)||/||b|| 3.904792935861e-08
330 KSP unpreconditioned resid norm 1.703268928812e-24 true resid norm 1.703268928676e-24 ||r(i)||/||b|| 3.628020135372e-08
331 KSP unpreconditioned resid norm 1.582400290721e-24 true resid norm 1.582400290663e-24 ||r(i)||/||b|| 3.370565869011e-08
332 KSP unpreconditioned resid norm 1.491957459802e-24 true resid norm 1.491957459726e-24 ||r(i)||/||b|| 3.177919595593e-08
333 KSP unpreconditioned resid norm 1.408436368327e-24 true resid norm 1.408436368381e-24 ||r(i)||/||b|| 3.000016860431e-08
334 KSP unpreconditioned resid norm 1.334599678947e-24 true resid norm 1.334599679019e-24 ||r(i)||/||b|| 2.842742227386e-08
335 KSP unpreconditioned resid norm 1.279288999715e-24 true resid norm 1.279288999735e-24 ||r(i)||/||b|| 2.724928619232e-08
336 KSP unpreconditioned resid norm 1.238408064733e-24 true resid norm 1.238408064803e-24 ||r(i)||/||b|| 2.637850852128e-08
337 KSP unpreconditioned resid norm 1.205911612920e-24 true resid norm 1.205911612986e-24 ||r(i)||/||b|| 2.568632316209e-08
338 KSP unpreconditioned resid norm 1.178549085947e-24 true resid norm 1.178549085978e-24 ||r(i)||/||b|| 2.510349212896e-08
339 KSP unpreconditioned resid norm 1.148655809681e-24 true resid norm 1.148655809823e-24 ||r(i)||/||b|| 2.446675528737e-08
340 KSP unpreconditioned resid norm 1.122197975063e-24 true resid norm 1.122197974958e-24 ||r(i)||/||b|| 2.390319450132e-08
341 KSP unpreconditioned resid norm 1.095822012753e-24 true resid norm 1.095822012891e-24 ||r(i)||/||b|| 2.334137763344e-08
342 KSP unpreconditioned resid norm 1.071519090403e-24 true resid norm 1.071519090475e-24 ||r(i)||/||b|| 2.282371720771e-08
343 KSP unpreconditioned resid norm 1.044585683127e-24 true resid norm 1.044585683242e-24 ||r(i)||/||b|| 2.225002657020e-08
344 KSP unpreconditioned resid norm 1.013761067282e-24 true resid norm 1.013761067340e-24 ||r(i)||/||b|| 2.159345187858e-08
345 KSP unpreconditioned resid norm 9.786573006969e-25 true resid norm 9.786573006584e-25 ||r(i)||/||b|| 2.084572983538e-08
  Linear solve converged due to CONVERGED_ATOL iterations 345
Mat Object: 1 MPI process
  type: seqaijcusparse
  rows=281452, cols=281452, bs=4
  total: nonzeros=15993520, allocated nonzeros=15993520
  total number of mallocs used during MatSetValues calls=0
    not using I-node routines
Vec Object: 1 MPI process
  type: seqcuda
  length=281452, bs=4
Vec Object: 1 MPI process
  type: seqcuda
  length=281452, bs=4
KSP Object: 1 MPI process
  type: gmres
    restart=100, using classical (unmodified) Gram-Schmidt orthogonalization with no iterative refinement
    happy breakdown tolerance=1e-30
  maximum iterations=2000, initial guess is zero
  tolerances: relative=1e-10, absolute=1e-24, divergence=10000.
  right preconditioning
  diagonally scaled system
  using UNPRECONDITIONED norm type for convergence test
PC Object: 1 MPI process
  type: asm
    total subdomain blocks = 1, amount of overlap = 2
    restriction/interpolation type - RESTRICT
    Local solver information for first block is in the following KSP and PC objects on rank 0:
    Use -ksp_view ::ascii_info_detail to display information for all blocks
    KSP Object: (sub_) 1 MPI process
      type: preonly
      maximum iterations=10000, initial guess is zero
      tolerances: relative=1e-05, absolute=1e-50, divergence=10000.
      left preconditioning
      not checking for convergence
    PC Object: (sub_) 1 MPI process
      type: ilu
        out-of-place factorization
        2 levels of fill
        tolerance for zero pivot 2.22045e-14
        matrix ordering: natural
        factor fill ratio given 1., needed 4.996
          Factored matrix:
            Mat Object: (sub_) 1 MPI process
              type: seqaijcusparse
              rows=281452, cols=281452, bs=4
              package used to perform factorization: cusparse
              total: nonzeros=79903664, allocated nonzeros=79903664
                using I-node routines: found 70363 nodes, limit used is 5
      linear system matrix, which is also used to construct the preconditioner:
      Mat Object: (sub_) 1 MPI process
        type: seqaijcusparse
        rows=281452, cols=281452, bs=4
        total: nonzeros=15993520, allocated nonzeros=15993520
        total number of mallocs used during MatSetValues calls=0
          not using I-node routines
  linear system matrix, which is also used to construct the preconditioner:
  Mat Object: 1 MPI process
    type: seqaijcusparse
    rows=281452, cols=281452, bs=4
    total: nonzeros=15993520, allocated nonzeros=15993520
    total number of mallocs used during MatSetValues calls=0
      not using I-node routines
SV13Q_END logical=3 attempt=0 step=62 reason=3 iterations=345 healthy=1 ref=329 ratio=1.0486322188449848 pending=0 recovery=NONE
 NS     62-1    2.311e+03 [   0  1.000e+00  4.657e-14  2.085e-08] [  345 -177   68]
Vec Object: 1 MPI process
  type: seqcuda
  length=281452, bs=4
Mat Object: 1 MPI process
  type: seqaijcusparse
  rows=281452, cols=281452, bs=4
  total: nonzeros=15993520, allocated nonzeros=15993520
  total number of mallocs used during MatSetValues calls=0
    not using I-node routines
Mat Object: 1 MPI process
  type: seqaijcusparse
  rows=281452, cols=281452, bs=4
  total: nonzeros=15993520, allocated nonzeros=15993520
  total number of mallocs used during MatSetValues calls=0
    not using I-node routines
SV13Q_BEGIN logical=4 attempt=0 step=62 equation=0 policy=R3 reuse=1 age=1 ref=329 rebuild_reason=REUSE builds=1 attempts=4 ksp=0x55e693816a00 pc=0x55e6952d3390
  0 KSP unpreconditioned resid norm 3.143617776657e-17 true resid norm 3.143617776657e-17 ||r(i)||/||b|| 1.000000000000e+00
  1 KSP unpreconditioned resid norm 1.950905983199e-18 true resid norm 1.950905983199e-18 ||r(i)||/||b|| 6.205926171070e-02
  2 KSP unpreconditioned resid norm 6.471018987499e-19 true resid norm 6.471018987499e-19 ||r(i)||/||b|| 2.058462398180e-02
  3 KSP unpreconditioned resid norm 3.287926577476e-19 true resid norm 3.287926577476e-19 ||r(i)||/||b|| 1.045905326624e-02
  4 KSP unpreconditioned resid norm 1.965374328176e-19 true resid norm 1.965374328176e-19 ||r(i)||/||b|| 6.251950675334e-03
  5 KSP unpreconditioned resid norm 1.404140030014e-19 true resid norm 1.404140030014e-19 ||r(i)||/||b|| 4.466637262459e-03
  6 KSP unpreconditioned resid norm 1.082688163316e-19 true resid norm 1.082688163316e-19 ||r(i)||/||b|| 3.444083346760e-03
  7 KSP unpreconditioned resid norm 8.396326408485e-20 true resid norm 8.396326408485e-20 ||r(i)||/||b|| 2.670911988994e-03
  8 KSP unpreconditioned resid norm 6.773788847672e-20 true resid norm 6.773788847672e-20 ||r(i)||/||b|| 2.154774953231e-03
  9 KSP unpreconditioned resid norm 5.747499506972e-20 true resid norm 5.747499506972e-20 ||r(i)||/||b|| 1.828307356464e-03
 10 KSP unpreconditioned resid norm 4.879654634620e-20 true resid norm 4.879654634620e-20 ||r(i)||/||b|| 1.552241710444e-03
 11 KSP unpreconditioned resid norm 4.302553973247e-20 true resid norm 4.302553973247e-20 ||r(i)||/||b|| 1.368663202377e-03
 12 KSP unpreconditioned resid norm 3.856407020533e-20 true resid norm 3.856407020533e-20 ||r(i)||/||b|| 1.226741701606e-03
 13 KSP unpreconditioned resid norm 3.494267155156e-20 true resid norm 3.494267155156e-20 ||r(i)||/||b|| 1.111543261112e-03
 14 KSP unpreconditioned resid norm 3.157885040768e-20 true resid norm 3.157885040768e-20 ||r(i)||/||b|| 1.004538485632e-03
 15 KSP unpreconditioned resid norm 2.785139787098e-20 true resid norm 2.785139787098e-20 ||r(i)||/||b|| 8.859664198935e-04
 16 KSP unpreconditioned resid norm 2.406780399895e-20 true resid norm 2.406780399895e-20 ||r(i)||/||b|| 7.656084711593e-04
 17 KSP unpreconditioned resid norm 2.061520694777e-20 true resid norm 2.061520694777e-20 ||r(i)||/||b|| 6.557796911841e-04
 18 KSP unpreconditioned resid norm 1.827982009054e-20 true resid norm 1.827982009054e-20 ||r(i)||/||b|| 5.814899071470e-04
 19 KSP unpreconditioned resid norm 1.658873332659e-20 true resid norm 1.658873332659e-20 ||r(i)||/||b|| 5.276956203063e-04
 20 KSP unpreconditioned resid norm 1.521017372168e-20 true resid norm 1.521017372168e-20 ||r(i)||/||b|| 4.838429733611e-04
 21 KSP unpreconditioned resid norm 1.416460816825e-20 true resid norm 1.416460816825e-20 ||r(i)||/||b|| 4.505830280460e-04
 22 KSP unpreconditioned resid norm 1.323277153490e-20 true resid norm 1.323277153490e-20 ||r(i)||/||b|| 4.209408546155e-04
 23 KSP unpreconditioned resid norm 1.231007282379e-20 true resid norm 1.231007282379e-20 ||r(i)||/||b|| 3.915893629053e-04
 24 KSP unpreconditioned resid norm 1.142222664340e-20 true resid norm 1.142222664340e-20 ||r(i)||/||b|| 3.633465470332e-04
 25 KSP unpreconditioned resid norm 1.051804596112e-20 true resid norm 1.051804596112e-20 ||r(i)||/||b|| 3.345841227653e-04
 26 KSP unpreconditioned resid norm 9.630833686551e-21 true resid norm 9.630833686552e-21 ||r(i)||/||b|| 3.063614717434e-04
 27 KSP unpreconditioned resid norm 8.705756358801e-21 true resid norm 8.705756358802e-21 ||r(i)||/||b|| 2.769343150890e-04
 28 KSP unpreconditioned resid norm 7.879260693341e-21 true resid norm 7.879260693342e-21 ||r(i)||/||b|| 2.506430887321e-04
 29 KSP unpreconditioned resid norm 7.110557977543e-21 true resid norm 7.110557977543e-21 ||r(i)||/||b|| 2.261902840207e-04
 30 KSP unpreconditioned resid norm 6.565991425411e-21 true resid norm 6.565991425411e-21 ||r(i)||/||b|| 2.088673589445e-04
 31 KSP unpreconditioned resid norm 6.164146584139e-21 true resid norm 6.164146584140e-21 ||r(i)||/||b|| 1.960844804325e-04
 32 KSP unpreconditioned resid norm 5.880194604945e-21 true resid norm 5.880194604946e-21 ||r(i)||/||b|| 1.870518308113e-04
 33 KSP unpreconditioned resid norm 5.608263343558e-21 true resid norm 5.608263343558e-21 ||r(i)||/||b|| 1.784015660302e-04
 34 KSP unpreconditioned resid norm 5.291362047474e-21 true resid norm 5.291362047475e-21 ||r(i)||/||b|| 1.683207827226e-04
 35 KSP unpreconditioned resid norm 4.978438524048e-21 true resid norm 4.978438524048e-21 ||r(i)||/||b|| 1.583665342847e-04
 36 KSP unpreconditioned resid norm 4.639980050657e-21 true resid norm 4.639980050657e-21 ||r(i)||/||b|| 1.476000067538e-04
 37 KSP unpreconditioned resid norm 4.314003567604e-21 true resid norm 4.314003567605e-21 ||r(i)||/||b|| 1.372305373649e-04
 38 KSP unpreconditioned resid norm 4.049256252467e-21 true resid norm 4.049256252468e-21 ||r(i)||/||b|| 1.288087973842e-04
 39 KSP unpreconditioned resid norm 3.887504368214e-21 true resid norm 3.887504368215e-21 ||r(i)||/||b|| 1.236633918119e-04
 40 KSP unpreconditioned resid norm 3.777889658633e-21 true resid norm 3.777889658634e-21 ||r(i)||/||b|| 1.201764949507e-04
 41 KSP unpreconditioned resid norm 3.685538678849e-21 true resid norm 3.685538678849e-21 ||r(i)||/||b|| 1.172387656736e-04
 42 KSP unpreconditioned resid norm 3.563830697593e-21 true resid norm 3.563830697594e-21 ||r(i)||/||b|| 1.133671759989e-04
 43 KSP unpreconditioned resid norm 3.415428308767e-21 true resid norm 3.415428308767e-21 ||r(i)||/||b|| 1.086464243245e-04
 44 KSP unpreconditioned resid norm 3.243214833199e-21 true resid norm 3.243214833199e-21 ||r(i)||/||b|| 1.031682304790e-04
 45 KSP unpreconditioned resid norm 3.053987965844e-21 true resid norm 3.053987965842e-21 ||r(i)||/||b|| 9.714883242232e-05
 46 KSP unpreconditioned resid norm 2.880222822999e-21 true resid norm 2.880222822996e-21 ||r(i)||/||b|| 9.162127929113e-05
 47 KSP unpreconditioned resid norm 2.727078262369e-21 true resid norm 2.727078262366e-21 ||r(i)||/||b|| 8.674967684101e-05
 48 KSP unpreconditioned resid norm 2.620408479065e-21 true resid norm 2.620408479061e-21 ||r(i)||/||b|| 8.335645950725e-05
 49 KSP unpreconditioned resid norm 2.543116391085e-21 true resid norm 2.543116391082e-21 ||r(i)||/||b|| 8.089776085269e-05
 50 KSP unpreconditioned resid norm 2.479008360102e-21 true resid norm 2.479008360099e-21 ||r(i)||/||b|| 7.885845341973e-05
 51 KSP unpreconditioned resid norm 2.409912787584e-21 true resid norm 2.409912787581e-21 ||r(i)||/||b|| 7.666048988132e-05
 52 KSP unpreconditioned resid norm 2.336595623565e-21 true resid norm 2.336595623563e-21 ||r(i)||/||b|| 7.432823547804e-05
 53 KSP unpreconditioned resid norm 2.264856349122e-21 true resid norm 2.264856349121e-21 ||r(i)||/||b|| 7.204617450440e-05
 54 KSP unpreconditioned resid norm 2.186381743524e-21 true resid norm 2.186381743525e-21 ||r(i)||/||b|| 6.954985939321e-05
 55 KSP unpreconditioned resid norm 2.113085504593e-21 true resid norm 2.113085504594e-21 ||r(i)||/||b|| 6.721827062709e-05
 56 KSP unpreconditioned resid norm 2.046222247722e-21 true resid norm 2.046222247724e-21 ||r(i)||/||b|| 6.509131812776e-05
 57 KSP unpreconditioned resid norm 1.999127889900e-21 true resid norm 1.999127889903e-21 ||r(i)||/||b|| 6.359322385654e-05
 58 KSP unpreconditioned resid norm 1.956359675059e-21 true resid norm 1.956359675063e-21 ||r(i)||/||b|| 6.223274628328e-05
 59 KSP unpreconditioned resid norm 1.913717080861e-21 true resid norm 1.913717080865e-21 ||r(i)||/||b|| 6.087626476335e-05
 60 KSP unpreconditioned resid norm 1.862085441990e-21 true resid norm 1.862085441994e-21 ||r(i)||/||b|| 5.923383739020e-05
 61 KSP unpreconditioned resid norm 1.812103804025e-21 true resid norm 1.812103804029e-21 ||r(i)||/||b|| 5.764389734290e-05
 62 KSP unpreconditioned resid norm 1.763289131715e-21 true resid norm 1.763289131720e-21 ||r(i)||/||b|| 5.609107903683e-05
 63 KSP unpreconditioned resid norm 1.720439475632e-21 true resid norm 1.720439475637e-21 ||r(i)||/||b|| 5.472801077830e-05
 64 KSP unpreconditioned resid norm 1.683898878463e-21 true resid norm 1.683898878468e-21 ||r(i)||/||b|| 5.356563673141e-05
 65 KSP unpreconditioned resid norm 1.652665222518e-21 true resid norm 1.652665222523e-21 ||r(i)||/||b|| 5.257207904838e-05
 66 KSP unpreconditioned resid norm 1.627388259631e-21 true resid norm 1.627388259635e-21 ||r(i)||/||b|| 5.176800664889e-05
 67 KSP unpreconditioned resid norm 1.603421732178e-21 true resid norm 1.603421732183e-21 ||r(i)||/||b|| 5.100561983359e-05
 68 KSP unpreconditioned resid norm 1.579617662324e-21 true resid norm 1.579617662328e-21 ||r(i)||/||b|| 5.024840087295e-05
 69 KSP unpreconditioned resid norm 1.563254133387e-21 true resid norm 1.563254133391e-21 ||r(i)||/||b|| 4.972786911306e-05
 70 KSP unpreconditioned resid norm 1.543239433129e-21 true resid norm 1.543239433132e-21 ||r(i)||/||b|| 4.909119182974e-05
 71 KSP unpreconditioned resid norm 1.522857832779e-21 true resid norm 1.522857832782e-21 ||r(i)||/||b|| 4.844284327726e-05
 72 KSP unpreconditioned resid norm 1.500400386368e-21 true resid norm 1.500400386372e-21 ||r(i)||/||b|| 4.772846105890e-05
 73 KSP unpreconditioned resid norm 1.473966481088e-21 true resid norm 1.473966481093e-21 ||r(i)||/||b|| 4.688758576307e-05
 74 KSP unpreconditioned resid norm 1.447806943792e-21 true resid norm 1.447806943798e-21 ||r(i)||/||b|| 4.605543824537e-05
 75 KSP unpreconditioned resid norm 1.415740679024e-21 true resid norm 1.415740679032e-21 ||r(i)||/||b|| 4.503539487353e-05
 76 KSP unpreconditioned resid norm 1.381972729243e-21 true resid norm 1.381972729253e-21 ||r(i)||/||b|| 4.396122007947e-05
 77 KSP unpreconditioned resid norm 1.343748124573e-21 true resid norm 1.343748124584e-21 ||r(i)||/||b|| 4.274527694055e-05
 78 KSP unpreconditioned resid norm 1.307724229198e-21 true resid norm 1.307724229210e-21 ||r(i)||/||b|| 4.159933942734e-05
 79 KSP unpreconditioned resid norm 1.267382957092e-21 true resid norm 1.267382957103e-21 ||r(i)||/||b|| 4.031606407479e-05
 80 KSP unpreconditioned resid norm 1.223422512851e-21 true resid norm 1.223422512862e-21 ||r(i)||/||b|| 3.891766110838e-05
 81 KSP unpreconditioned resid norm 1.171245480259e-21 true resid norm 1.171245480271e-21 ||r(i)||/||b|| 3.725788449753e-05
 82 KSP unpreconditioned resid norm 1.110923532860e-21 true resid norm 1.110923532871e-21 ||r(i)||/||b|| 3.533901421222e-05
 83 KSP unpreconditioned resid norm 1.055058691294e-21 true resid norm 1.055058691304e-21 ||r(i)||/||b|| 3.356192661647e-05
 84 KSP unpreconditioned resid norm 1.007228311664e-21 true resid norm 1.007228311674e-21 ||r(i)||/||b|| 3.204041913598e-05
 85 KSP unpreconditioned resid norm 9.636392433006e-22 true resid norm 9.636392433119e-22 ||r(i)||/||b|| 3.065382981568e-05
 86 KSP unpreconditioned resid norm 9.246804098696e-22 true resid norm 9.246804098815e-22 ||r(i)||/||b|| 2.941453050520e-05
 87 KSP unpreconditioned resid norm 8.904714757962e-22 true resid norm 8.904714758084e-22 ||r(i)||/||b|| 2.832632778771e-05
 88 KSP unpreconditioned resid norm 8.530891962055e-22 true resid norm 8.530891962185e-22 ||r(i)||/||b|| 2.713717941644e-05
 89 KSP unpreconditioned resid norm 8.110901830354e-22 true resid norm 8.110901830492e-22 ||r(i)||/||b|| 2.580117051990e-05
 90 KSP unpreconditioned resid norm 7.909107047583e-22 true resid norm 7.909073353756e-22 ||r(i)||/||b|| 2.515914438608e-05
 91 KSP unpreconditioned resid norm 7.722942731559e-22 true resid norm 7.983753635991e-22 ||r(i)||/||b|| 2.539670597130e-05
 92 KSP unpreconditioned resid norm 7.560639746230e-22 true resid norm 8.352952203765e-22 ||r(i)||/||b|| 2.657114444953e-05
 93 KSP unpreconditioned resid norm 7.028374574996e-22 true resid norm 8.810754660341e-22 ||r(i)||/||b|| 2.802743617804e-05
 94 KSP unpreconditioned resid norm 6.783530796755e-22 true resid norm 9.554602429645e-22 ||r(i)||/||b|| 3.039365186377e-05
 95 KSP unpreconditioned resid norm 6.444526711830e-22 true resid norm 1.030302255555e-21 ||r(i)||/||b|| 3.277441243670e-05
 96 KSP unpreconditioned resid norm 6.237266553968e-22 true resid norm 1.103675353873e-21 ||r(i)||/||b|| 3.510844613709e-05
 97 KSP unpreconditioned resid norm 6.011549887590e-22 true resid norm 1.171538855672e-21 ||r(i)||/||b|| 3.726721691076e-05
 98 KSP unpreconditioned resid norm 5.872871833151e-22 true resid norm 1.234453470412e-21 ||r(i)||/||b|| 3.926856119656e-05
 99 KSP unpreconditioned resid norm 5.676035751354e-22 true resid norm 1.290707268064e-21 ||r(i)||/||b|| 4.105802167326e-05
100 KSP unpreconditioned resid norm 1.344871831911e-21 true resid norm 1.344871831911e-21 ||r(i)||/||b|| 4.278102261343e-05
101 KSP unpreconditioned resid norm 6.931607072082e-22 true resid norm 6.931607072082e-22 ||r(i)||/||b|| 2.204977692757e-05
102 KSP unpreconditioned resid norm 6.246859033738e-22 true resid norm 6.246859033738e-22 ||r(i)||/||b|| 1.987156034084e-05
103 KSP unpreconditioned resid norm 5.805970173308e-22 true resid norm 5.805970173308e-22 ||r(i)||/||b|| 1.846907157868e-05
104 KSP unpreconditioned resid norm 5.576005792298e-22 true resid norm 5.576005792298e-22 ||r(i)||/||b|| 1.773754377426e-05
105 KSP unpreconditioned resid norm 5.428199816648e-22 true resid norm 5.428199816648e-22 ||r(i)||/||b|| 1.726736582595e-05
106 KSP unpreconditioned resid norm 5.329312038844e-22 true resid norm 5.329312038844e-22 ||r(i)||/||b|| 1.695279902798e-05
107 KSP unpreconditioned resid norm 5.242761861917e-22 true resid norm 5.242761861917e-22 ||r(i)||/||b|| 1.667747873437e-05
108 KSP unpreconditioned resid norm 5.162760592855e-22 true resid norm 5.162760592854e-22 ||r(i)||/||b|| 1.642299083302e-05
109 KSP unpreconditioned resid norm 5.071196654319e-22 true resid norm 5.071196654319e-22 ||r(i)||/||b|| 1.613172152154e-05
110 KSP unpreconditioned resid norm 4.984145317974e-22 true resid norm 4.984145317975e-22 ||r(i)||/||b|| 1.585480701561e-05
111 KSP unpreconditioned resid norm 4.880041150140e-22 true resid norm 4.880041150140e-22 ||r(i)||/||b|| 1.552364662898e-05
112 KSP unpreconditioned resid norm 4.755163826526e-22 true resid norm 4.755163826526e-22 ||r(i)||/||b|| 1.512640583036e-05
113 KSP unpreconditioned resid norm 4.567980501949e-22 true resid norm 4.567980501949e-22 ||r(i)||/||b|| 1.453096663300e-05
114 KSP unpreconditioned resid norm 4.365677340904e-22 true resid norm 4.365677340904e-22 ||r(i)||/||b|| 1.388743050546e-05
115 KSP unpreconditioned resid norm 4.216695732554e-22 true resid norm 4.216695732553e-22 ||r(i)||/||b|| 1.341351281274e-05
116 KSP unpreconditioned resid norm 4.100555714108e-22 true resid norm 4.100555714108e-22 ||r(i)||/||b|| 1.304406580392e-05
117 KSP unpreconditioned resid norm 3.977076758118e-22 true resid norm 3.977076758118e-22 ||r(i)||/||b|| 1.265127328026e-05
118 KSP unpreconditioned resid norm 3.853354656803e-22 true resid norm 3.853354656803e-22 ||r(i)||/||b|| 1.225770729958e-05
119 KSP unpreconditioned resid norm 3.720032322487e-22 true resid norm 3.720032322487e-22 ||r(i)||/||b|| 1.183360251399e-05
120 KSP unpreconditioned resid norm 3.577027725624e-22 true resid norm 3.577027725623e-22 ||r(i)||/||b|| 1.137869798353e-05
121 KSP unpreconditioned resid norm 3.469390644942e-22 true resid norm 3.469390644942e-22 ||r(i)||/||b|| 1.103629923048e-05
122 KSP unpreconditioned resid norm 3.385766643411e-22 true resid norm 3.385766643411e-22 ||r(i)||/||b|| 1.077028724215e-05
123 KSP unpreconditioned resid norm 3.320488706739e-22 true resid norm 3.320488706740e-22 ||r(i)||/||b|| 1.056263497234e-05
124 KSP unpreconditioned resid norm 3.274565023822e-22 true resid norm 3.274565023823e-22 ||r(i)||/||b|| 1.041654951864e-05
125 KSP unpreconditioned resid norm 3.239098510182e-22 true resid norm 3.239098510181e-22 ||r(i)||/||b|| 1.030372882554e-05
126 KSP unpreconditioned resid norm 3.213188459650e-22 true resid norm 3.213188459651e-22 ||r(i)||/||b|| 1.022130770322e-05
127 KSP unpreconditioned resid norm 3.191404822514e-22 true resid norm 3.191404822514e-22 ||r(i)||/||b|| 1.015201290123e-05
128 KSP unpreconditioned resid norm 3.169192543560e-22 true resid norm 3.169192543560e-22 ||r(i)||/||b|| 1.008135456891e-05
129 KSP unpreconditioned resid norm 3.148618717763e-22 true resid norm 3.148618717763e-22 ||r(i)||/||b|| 1.001590823523e-05
130 KSP unpreconditioned resid norm 3.124518409222e-22 true resid norm 3.124518409223e-22 ||r(i)||/||b|| 9.939243989597e-06
131 KSP unpreconditioned resid norm 3.094273903857e-22 true resid norm 3.094273903857e-22 ||r(i)||/||b|| 9.843034757069e-06
132 KSP unpreconditioned resid norm 3.056240551543e-22 true resid norm 3.056240551544e-22 ||r(i)||/||b|| 9.722048826159e-06
133 KSP unpreconditioned resid norm 3.010056318151e-22 true resid norm 3.010056318151e-22 ||r(i)||/||b|| 9.575134548808e-06
134 KSP unpreconditioned resid norm 2.952427376439e-22 true resid norm 2.952427376439e-22 ||r(i)||/||b|| 9.391814101456e-06
135 KSP unpreconditioned resid norm 2.894302574553e-22 true resid norm 2.894302574554e-22 ||r(i)||/||b|| 9.206916298940e-06
136 KSP unpreconditioned resid norm 2.839191117402e-22 true resid norm 2.839191117403e-22 ||r(i)||/||b|| 9.031604091583e-06
137 KSP unpreconditioned resid norm 2.772816638998e-22 true resid norm 2.772816638998e-22 ||r(i)||/||b|| 8.820463669560e-06
138 KSP unpreconditioned resid norm 2.708668897590e-22 true resid norm 2.708668897590e-22 ||r(i)||/||b|| 8.616406605484e-06
139 KSP unpreconditioned resid norm 2.631059154371e-22 true resid norm 2.631059154371e-22 ||r(i)||/||b|| 8.369526263366e-06
140 KSP unpreconditioned resid norm 2.527113447920e-22 true resid norm 2.527113447920e-22 ||r(i)||/||b|| 8.038869950046e-06
141 KSP unpreconditioned resid norm 2.402833499084e-22 true resid norm 2.402833499084e-22 ||r(i)||/||b|| 7.643529429458e-06
142 KSP unpreconditioned resid norm 2.279774213556e-22 true resid norm 2.279774213556e-22 ||r(i)||/||b|| 7.252071897813e-06
143 KSP unpreconditioned resid norm 2.168538689376e-22 true resid norm 2.168538689376e-22 ||r(i)||/||b|| 6.898226322167e-06
144 KSP unpreconditioned resid norm 2.074878914626e-22 true resid norm 2.074878914626e-22 ||r(i)||/||b|| 6.600290054449e-06
145 KSP unpreconditioned resid norm 1.982925185300e-22 true resid norm 1.982925185300e-22 ||r(i)||/||b|| 6.307780799641e-06
146 KSP unpreconditioned resid norm 1.901717813893e-22 true resid norm 1.901717813893e-22 ||r(i)||/||b|| 6.049456228472e-06
147 KSP unpreconditioned resid norm 1.831014259466e-22 true resid norm 1.831014259466e-22 ||r(i)||/||b|| 5.824544806505e-06
148 KSP unpreconditioned resid norm 1.770082006348e-22 true resid norm 1.770082006348e-22 ||r(i)||/||b|| 5.630716366004e-06
149 KSP unpreconditioned resid norm 1.706278819979e-22 true resid norm 1.706278819979e-22 ||r(i)||/||b|| 5.427755348152e-06
150 KSP unpreconditioned resid norm 1.646861658011e-22 true resid norm 1.646861658011e-22 ||r(i)||/||b|| 5.238746485785e-06
151 KSP unpreconditioned resid norm 1.588409152958e-22 true resid norm 1.588409152957e-22 ||r(i)||/||b|| 5.052806243661e-06
152 KSP unpreconditioned resid norm 1.528652526441e-22 true resid norm 1.528652526441e-22 ||r(i)||/||b|| 4.862717528170e-06
153 KSP unpreconditioned resid norm 1.458272047633e-22 true resid norm 1.458272047633e-22 ||r(i)||/||b|| 4.638833825350e-06
154 KSP unpreconditioned resid norm 1.354666862828e-22 true resid norm 1.354666862828e-22 ||r(i)||/||b|| 4.309260727838e-06
155 KSP unpreconditioned resid norm 1.251695363980e-22 true resid norm 1.251695363980e-22 ||r(i)||/||b|| 3.981703415965e-06
156 KSP unpreconditioned resid norm 1.155517315047e-22 true resid norm 1.155517315046e-22 ||r(i)||/||b|| 3.675756396425e-06
157 KSP unpreconditioned resid norm 1.069537034884e-22 true resid norm 1.069537034884e-22 ||r(i)||/||b|| 3.402248971951e-06
158 KSP unpreconditioned resid norm 1.000342432584e-22 true resid norm 1.000342432584e-22 ||r(i)||/||b|| 3.182137599591e-06
159 KSP unpreconditioned resid norm 9.426481451809e-23 true resid norm 9.426481451811e-23 ||r(i)||/||b|| 2.998609284439e-06
160 KSP unpreconditioned resid norm 8.925220092648e-23 true resid norm 8.925220092647e-23 ||r(i)||/||b|| 2.839155624746e-06
161 KSP unpreconditioned resid norm 8.444660907757e-23 true resid norm 8.444660907754e-23 ||r(i)||/||b|| 2.686287426691e-06
162 KSP unpreconditioned resid norm 7.968959101658e-23 true resid norm 7.968959101650e-23 ||r(i)||/||b|| 2.534964384291e-06
163 KSP unpreconditioned resid norm 7.518670202279e-23 true resid norm 7.518670202269e-23 ||r(i)||/||b|| 2.391725310278e-06
164 KSP unpreconditioned resid norm 7.081681939461e-23 true resid norm 7.081681939452e-23 ||r(i)||/||b|| 2.252717233004e-06
165 KSP unpreconditioned resid norm 6.721004506637e-23 true resid norm 6.721004506629e-23 ||r(i)||/||b|| 2.137983999371e-06
166 KSP unpreconditioned resid norm 6.405772177626e-23 true resid norm 6.405772177612e-23 ||r(i)||/||b|| 2.037707072780e-06
167 KSP unpreconditioned resid norm 6.150357372079e-23 true resid norm 6.150357372070e-23 ||r(i)||/||b|| 1.956458389356e-06
168 KSP unpreconditioned resid norm 5.952208749304e-23 true resid norm 5.952208749295e-23 ||r(i)||/||b|| 1.893426355295e-06
169 KSP unpreconditioned resid norm 5.761230185594e-23 true resid norm 5.761230185587e-23 ||r(i)||/||b|| 1.832675151657e-06
170 KSP unpreconditioned resid norm 5.557134382374e-23 true resid norm 5.557134382373e-23 ||r(i)||/||b|| 1.767751290770e-06
171 KSP unpreconditioned resid norm 5.328818492613e-23 true resid norm 5.328818492611e-23 ||r(i)||/||b|| 1.695122903357e-06
172 KSP unpreconditioned resid norm 5.035497782586e-23 true resid norm 5.035497782587e-23 ||r(i)||/||b|| 1.601816168613e-06
173 KSP unpreconditioned resid norm 4.707446283812e-23 true resid norm 4.707446283811e-23 ||r(i)||/||b|| 1.497461402199e-06
174 KSP unpreconditioned resid norm 4.354161630652e-23 true resid norm 4.354161630649e-23 ||r(i)||/||b|| 1.385079847487e-06
175 KSP unpreconditioned resid norm 4.047671513229e-23 true resid norm 4.047671513231e-23 ||r(i)||/||b|| 1.287583860636e-06
176 KSP unpreconditioned resid norm 3.737933127813e-23 true resid norm 3.737933127821e-23 ||r(i)||/||b|| 1.189054584046e-06
177 KSP unpreconditioned resid norm 3.459568997927e-23 true resid norm 3.459568997934e-23 ||r(i)||/||b|| 1.100505609691e-06
178 KSP unpreconditioned resid norm 3.228288189848e-23 true resid norm 3.228288189855e-23 ||r(i)||/||b|| 1.026934067439e-06
179 KSP unpreconditioned resid norm 3.052223312656e-23 true resid norm 3.052223312663e-23 ||r(i)||/||b|| 9.709269795228e-07
180 KSP unpreconditioned resid norm 2.921542701048e-23 true resid norm 2.921542701058e-23 ||r(i)||/||b|| 9.293568457183e-07
181 KSP unpreconditioned resid norm 2.818209044134e-23 true resid norm 2.818209044146e-23 ||r(i)||/||b|| 8.964859103014e-07
182 KSP unpreconditioned resid norm 2.722737035199e-23 true resid norm 2.722737035214e-23 ||r(i)||/||b|| 8.661158030827e-07
183 KSP unpreconditioned resid norm 2.610483458132e-23 true resid norm 2.610483458143e-23 ||r(i)||/||b|| 8.304073979754e-07
184 KSP unpreconditioned resid norm 2.500477357108e-23 true resid norm 2.500477357121e-23 ||r(i)||/||b|| 7.954139258560e-07
185 KSP unpreconditioned resid norm 2.399225611299e-23 true resid norm 2.399225611315e-23 ||r(i)||/||b|| 7.632052564185e-07
186 KSP unpreconditioned resid norm 2.314718546553e-23 true resid norm 2.314718546569e-23 ||r(i)||/||b|| 7.363231509113e-07
187 KSP unpreconditioned resid norm 2.246342465385e-23 true resid norm 2.246342465395e-23 ||r(i)||/||b|| 7.145723891993e-07
188 KSP unpreconditioned resid norm 2.185124821979e-23 true resid norm 2.185124821995e-23 ||r(i)||/||b|| 6.950987611219e-07
189 KSP unpreconditioned resid norm 2.128568353913e-23 true resid norm 2.128568353922e-23 ||r(i)||/||b|| 6.771078754319e-07
190 KSP unpreconditioned resid norm 2.074383503106e-23 true resid norm 2.074383503117e-23 ||r(i)||/||b|| 6.598714126511e-07
191 KSP unpreconditioned resid norm 2.050460644743e-23 true resid norm 2.053965205003e-23 ||r(i)||/||b|| 6.533762533902e-07
192 KSP unpreconditioned resid norm 2.022457549965e-23 true resid norm 2.006770023772e-23 ||r(i)||/||b|| 6.383632382644e-07
193 KSP unpreconditioned resid norm 2.016265681574e-23 true resid norm 2.003681249264e-23 ||r(i)||/||b|| 6.373806841731e-07
194 KSP unpreconditioned resid norm 2.012262944105e-23 true resid norm 1.986796677139e-23 ||r(i)||/||b|| 6.320096202193e-07
195 KSP unpreconditioned resid norm 2.010657069960e-23 true resid norm 1.985881140530e-23 ||r(i)||/||b|| 6.317183836014e-07
196 KSP unpreconditioned resid norm 2.009302246166e-23 true resid norm 1.988682066794e-23 ||r(i)||/||b|| 6.326093717757e-07
197 KSP unpreconditioned resid norm 2.007821756659e-23 true resid norm 1.983203139441e-23 ||r(i)||/||b|| 6.308664985190e-07
198 KSP unpreconditioned resid norm 2.007487188450e-23 true resid norm 1.983759521209e-23 ||r(i)||/||b|| 6.310434862470e-07
199 KSP unpreconditioned resid norm 2.007067838042e-23 true resid norm 1.985725710799e-23 ||r(i)||/||b|| 6.316689406532e-07
200 KSP unpreconditioned resid norm 1.987661475989e-23 true resid norm 1.987661475989e-23 ||r(i)||/||b|| 6.322847169106e-07
201 KSP unpreconditioned resid norm 1.971647945689e-23 true resid norm 1.971647945691e-23 ||r(i)||/||b|| 6.271907355695e-07
202 KSP unpreconditioned resid norm 1.958378832211e-23 true resid norm 1.958378832211e-23 ||r(i)||/||b|| 6.229697664752e-07
203 KSP unpreconditioned resid norm 1.945865683631e-23 true resid norm 1.945865683628e-23 ||r(i)||/||b|| 6.189892734663e-07
204 KSP unpreconditioned resid norm 1.928071049356e-23 true resid norm 1.928071049352e-23 ||r(i)||/||b|| 6.133287143460e-07
205 KSP unpreconditioned resid norm 1.909044678702e-23 true resid norm 1.909044678700e-23 ||r(i)||/||b|| 6.072763339346e-07
206 KSP unpreconditioned resid norm 1.887753182934e-23 true resid norm 1.887753182932e-23 ||r(i)||/||b|| 6.005034062823e-07
207 KSP unpreconditioned resid norm 1.866757591486e-23 true resid norm 1.866757591484e-23 ||r(i)||/||b|| 5.938246072235e-07
208 KSP unpreconditioned resid norm 1.832490155818e-23 true resid norm 1.832490155816e-23 ||r(i)||/||b|| 5.829239704086e-07
209 KSP unpreconditioned resid norm 1.781750478312e-23 true resid norm 1.781750478312e-23 ||r(i)||/||b|| 5.667834338968e-07
210 KSP unpreconditioned resid norm 1.731579138712e-23 true resid norm 1.731579138715e-23 ||r(i)||/||b|| 5.508236884183e-07
211 KSP unpreconditioned resid norm 1.685737592446e-23 true resid norm 1.685737592446e-23 ||r(i)||/||b|| 5.362412711123e-07
212 KSP unpreconditioned resid norm 1.636731728148e-23 true resid norm 1.636731728152e-23 ||r(i)||/||b|| 5.206522689575e-07
213 KSP unpreconditioned resid norm 1.577448561344e-23 true resid norm 1.577448561337e-23 ||r(i)||/||b|| 5.017940072266e-07
214 KSP unpreconditioned resid norm 1.504150969761e-23 true resid norm 1.504150969761e-23 ||r(i)||/||b|| 4.784776892822e-07
215 KSP unpreconditioned resid norm 1.413687406448e-23 true resid norm 1.413687406444e-23 ||r(i)||/||b|| 4.497007928069e-07
216 KSP unpreconditioned resid norm 1.305302017689e-23 true resid norm 1.305302017684e-23 ||r(i)||/||b|| 4.152228770866e-07
217 KSP unpreconditioned resid norm 1.212775153968e-23 true resid norm 1.212775153968e-23 ||r(i)||/||b|| 3.857896347875e-07
218 KSP unpreconditioned resid norm 1.123335673264e-23 true resid norm 1.123335673266e-23 ||r(i)||/||b|| 3.573385039387e-07
219 KSP unpreconditioned resid norm 1.057269241040e-23 true resid norm 1.057269241043e-23 ||r(i)||/||b|| 3.363224527148e-07
220 KSP unpreconditioned resid norm 1.001301709624e-23 true resid norm 1.001301709618e-23 ||r(i)||/||b|| 3.185189106174e-07
221 KSP unpreconditioned resid norm 9.560998019920e-24 true resid norm 9.560998019886e-24 ||r(i)||/||b|| 3.041399654526e-07
222 KSP unpreconditioned resid norm 9.065678538969e-24 true resid norm 9.065678538965e-24 ||r(i)||/||b|| 2.883836135004e-07
223 KSP unpreconditioned resid norm 8.502212347831e-24 true resid norm 8.502212347892e-24 ||r(i)||/||b|| 2.704594817801e-07
224 KSP unpreconditioned resid norm 7.914628355857e-24 true resid norm 7.914628355827e-24 ||r(i)||/||b|| 2.517681511600e-07
225 KSP unpreconditioned resid norm 7.434702143276e-24 true resid norm 7.434702143179e-24 ||r(i)||/||b|| 2.365014665074e-07
226 KSP unpreconditioned resid norm 7.012097438093e-24 true resid norm 7.012097438118e-24 ||r(i)||/||b|| 2.230582067002e-07
227 KSP unpreconditioned resid norm 6.600227164449e-24 true resid norm 6.600227164437e-24 ||r(i)||/||b|| 2.099564143405e-07
228 KSP unpreconditioned resid norm 6.226869877158e-24 true resid norm 6.226869877090e-24 ||r(i)||/||b|| 1.980797386797e-07
229 KSP unpreconditioned resid norm 5.838103204116e-24 true resid norm 5.838103204101e-24 ||r(i)||/||b|| 1.857128830182e-07
230 KSP unpreconditioned resid norm 5.477296448979e-24 true resid norm 5.477296448943e-24 ||r(i)||/||b|| 1.742354458489e-07
231 KSP unpreconditioned resid norm 5.070258983606e-24 true resid norm 5.070258983586e-24 ||r(i)||/||b|| 1.612873874564e-07
232 KSP unpreconditioned resid norm 4.708157139426e-24 true resid norm 4.708157139368e-24 ||r(i)||/||b|| 1.497687528786e-07
233 KSP unpreconditioned resid norm 4.435939394659e-24 true resid norm 4.435939394681e-24 ||r(i)||/||b|| 1.411093749253e-07
234 KSP unpreconditioned resid norm 4.233065785896e-24 true resid norm 4.233065785890e-24 ||r(i)||/||b|| 1.346558674316e-07
235 KSP unpreconditioned resid norm 4.076740726202e-24 true resid norm 4.076740726162e-24 ||r(i)||/||b|| 1.296830917688e-07
236 KSP unpreconditioned resid norm 3.935248702050e-24 true resid norm 3.935248702041e-24 ||r(i)||/||b|| 1.251821621338e-07
237 KSP unpreconditioned resid norm 3.817532021889e-24 true resid norm 3.817532021818e-24 ||r(i)||/||b|| 1.214375376729e-07
238 KSP unpreconditioned resid norm 3.696229928867e-24 true resid norm 3.696229928844e-24 ||r(i)||/||b|| 1.175788595004e-07
239 KSP unpreconditioned resid norm 3.566276382485e-24 true resid norm 3.566276382479e-24 ||r(i)||/||b|| 1.134449744164e-07
240 KSP unpreconditioned resid norm 3.441542720654e-24 true resid norm 3.441542720617e-24 ||r(i)||/||b|| 1.094771363800e-07
241 KSP unpreconditioned resid norm 3.303112326977e-24 true resid norm 3.303112326951e-24 ||r(i)||/||b|| 1.050735986887e-07
242 KSP unpreconditioned resid norm 3.160224104305e-24 true resid norm 3.160224104282e-24 ||r(i)||/||b|| 1.005282553034e-07
243 KSP unpreconditioned resid norm 3.026867413203e-24 true resid norm 3.026867413188e-24 ||r(i)||/||b|| 9.628611454179e-08
244 KSP unpreconditioned resid norm 2.896349261435e-24 true resid norm 2.896349261410e-24 ||r(i)||/||b|| 9.213426908694e-08
245 KSP unpreconditioned resid norm 2.759016372524e-24 true resid norm 2.759016372498e-24 ||r(i)||/||b|| 8.776564355200e-08
246 KSP unpreconditioned resid norm 2.614159270661e-24 true resid norm 2.614159270625e-24 ||r(i)||/||b|| 8.315766916820e-08
247 KSP unpreconditioned resid norm 2.441179704975e-24 true resid norm 2.441179704931e-24 ||r(i)||/||b|| 7.765510562569e-08
248 KSP unpreconditioned resid norm 2.276781004191e-24 true resid norm 2.276781004133e-24 ||r(i)||/||b|| 7.242550354052e-08
249 KSP unpreconditioned resid norm 2.132925736121e-24 true resid norm 2.132925736094e-24 ||r(i)||/||b|| 6.784939797493e-08
250 KSP unpreconditioned resid norm 2.023609105259e-24 true resid norm 2.023609105202e-24 ||r(i)||/||b|| 6.437198314083e-08
251 KSP unpreconditioned resid norm 1.946991039590e-24 true resid norm 1.946991039573e-24 ||r(i)||/||b|| 6.193472546282e-08
252 KSP unpreconditioned resid norm 1.896530090443e-24 true resid norm 1.896530090403e-24 ||r(i)||/||b|| 6.032953829458e-08
253 KSP unpreconditioned resid norm 1.857576562119e-24 true resid norm 1.857576562108e-24 ||r(i)||/||b|| 5.909040774301e-08
254 KSP unpreconditioned resid norm 1.815186773292e-24 true resid norm 1.815186773325e-24 ||r(i)||/||b|| 5.774196808543e-08
255 KSP unpreconditioned resid norm 1.766864287605e-24 true resid norm 1.766864287602e-24 ||r(i)||/||b|| 5.620480647239e-08
256 KSP unpreconditioned resid norm 1.706100670911e-24 true resid norm 1.706100670933e-24 ||r(i)||/||b|| 5.427188647430e-08
257 KSP unpreconditioned resid norm 1.638074376558e-24 true resid norm 1.638074376566e-24 ||r(i)||/||b|| 5.210793719037e-08
258 KSP unpreconditioned resid norm 1.577960316630e-24 true resid norm 1.577960316629e-24 ||r(i)||/||b|| 5.019567990568e-08
259 KSP unpreconditioned resid norm 1.531310524745e-24 true resid norm 1.531310524753e-24 ||r(i)||/||b|| 4.871172749195e-08
260 KSP unpreconditioned resid norm 1.500420717530e-24 true resid norm 1.500420717531e-24 ||r(i)||/||b|| 4.772910780288e-08
261 KSP unpreconditioned resid norm 1.475589463016e-24 true resid norm 1.475589463012e-24 ||r(i)||/||b|| 4.693921360189e-08
262 KSP unpreconditioned resid norm 1.459537697872e-24 true resid norm 1.459537697790e-24 ||r(i)||/||b|| 4.642859919639e-08
263 KSP unpreconditioned resid norm 1.445836218215e-24 true resid norm 1.445836218173e-24 ||r(i)||/||b|| 4.599274851127e-08
264 KSP unpreconditioned resid norm 1.430527010681e-24 true resid norm 1.430527010711e-24 ||r(i)||/||b|| 4.550575522677e-08
265 KSP unpreconditioned resid norm 1.411212514780e-24 true resid norm 1.411212514766e-24 ||r(i)||/||b|| 4.489135178089e-08
266 KSP unpreconditioned resid norm 1.388643108838e-24 true resid norm 1.388643108829e-24 ||r(i)||/||b|| 4.417340807589e-08
267 KSP unpreconditioned resid norm 1.364450779736e-24 true resid norm 1.364450779729e-24 ||r(i)||/||b|| 4.340383840113e-08
268 KSP unpreconditioned resid norm 1.344388947316e-24 true resid norm 1.344388947297e-24 ||r(i)||/||b|| 4.276566182059e-08
269 KSP unpreconditioned resid norm 1.324341788418e-24 true resid norm 1.324341788435e-24 ||r(i)||/||b|| 4.212795201341e-08
270 KSP unpreconditioned resid norm 1.310824013401e-24 true resid norm 1.310824013402e-24 ||r(i)||/||b|| 4.169794505984e-08
271 KSP unpreconditioned resid norm 1.297091604931e-24 true resid norm 1.297091604911e-24 ||r(i)||/||b|| 4.126111051232e-08
272 KSP unpreconditioned resid norm 1.285185635591e-24 true resid norm 1.285185635601e-24 ||r(i)||/||b|| 4.088237587738e-08
273 KSP unpreconditioned resid norm 1.269981380253e-24 true resid norm 1.269981380217e-24 ||r(i)||/||b|| 4.039872116920e-08
274 KSP unpreconditioned resid norm 1.249456066544e-24 true resid norm 1.249456066533e-24 ||r(i)||/||b|| 3.974580102617e-08
275 KSP unpreconditioned resid norm 1.223116964776e-24 true resid norm 1.223116964741e-24 ||r(i)||/||b|| 3.890794147506e-08
276 KSP unpreconditioned resid norm 1.196821799182e-24 true resid norm 1.196821799190e-24 ||r(i)||/||b|| 3.807147955699e-08
277 KSP unpreconditioned resid norm 1.167749557228e-24 true resid norm 1.167749557191e-24 ||r(i)||/||b|| 3.714667749566e-08
278 KSP unpreconditioned resid norm 1.138991764801e-24 true resid norm 1.138991764815e-24 ||r(i)||/||b|| 3.623187822874e-08
279 KSP unpreconditioned resid norm 1.110791540004e-24 true resid norm 1.110791539966e-24 ||r(i)||/||b|| 3.533481545417e-08
280 KSP unpreconditioned resid norm 1.083416895043e-24 true resid norm 1.083416895081e-24 ||r(i)||/||b|| 3.446401477704e-08
281 KSP unpreconditioned resid norm 1.052933908792e-24 true resid norm 1.052933908752e-24 ||r(i)||/||b|| 3.349433625711e-08
282 KSP unpreconditioned resid norm 1.024914933574e-24 true resid norm 1.024914933587e-24 ||r(i)||/||b|| 3.260303912255e-08
283 KSP unpreconditioned resid norm 1.000331828538e-24 true resid norm 1.000331828505e-24 ||r(i)||/||b|| 3.182103867503e-08
284 KSP unpreconditioned resid norm 9.742800802290e-25 true resid norm 9.742800801980e-25 ||r(i)||/||b|| 3.099231997709e-08
  Linear solve converged due to CONVERGED_ATOL iterations 284
Mat Object: 1 MPI process
  type: seqaijcusparse
  rows=281452, cols=281452, bs=4
  total: nonzeros=15993520, allocated nonzeros=15993520
  total number of mallocs used during MatSetValues calls=0
    not using I-node routines
Vec Object: 1 MPI process
  type: seqcuda
  length=281452, bs=4
Vec Object: 1 MPI process
  type: seqcuda
  length=281452, bs=4
KSP Object: 1 MPI process
  type: gmres
    restart=100, using classical (unmodified) Gram-Schmidt orthogonalization with no iterative refinement
    happy breakdown tolerance=1e-30
  maximum iterations=2000, initial guess is zero
  tolerances: relative=1e-10, absolute=1e-24, divergence=10000.
  right preconditioning
  diagonally scaled system
  using UNPRECONDITIONED norm type for convergence test
PC Object: 1 MPI process
  type: asm
    total subdomain blocks = 1, amount of overlap = 2
    restriction/interpolation type - RESTRICT
    Local solver information for first block is in the following KSP and PC objects on rank 0:
    Use -ksp_view ::ascii_info_detail to display information for all blocks
    KSP Object: (sub_) 1 MPI process
      type: preonly
      maximum iterations=10000, initial guess is zero
      tolerances: relative=1e-05, absolute=1e-50, divergence=10000.
      left preconditioning
      not checking for convergence
    PC Object: (sub_) 1 MPI process
      type: ilu
        out-of-place factorization
        2 levels of fill
        tolerance for zero pivot 2.22045e-14
        matrix ordering: natural
        factor fill ratio given 1., needed 4.996
          Factored matrix:
            Mat Object: (sub_) 1 MPI process
              type: seqaijcusparse
              rows=281452, cols=281452, bs=4
              package used to perform factorization: cusparse
              total: nonzeros=79903664, allocated nonzeros=79903664
                using I-node routines: found 70363 nodes, limit used is 5
      linear system matrix, which is also used to construct the preconditioner:
      Mat Object: (sub_) 1 MPI process
        type: seqaijcusparse
        rows=281452, cols=281452, bs=4
        total: nonzeros=15993520, allocated nonzeros=15993520
        total number of mallocs used during MatSetValues calls=0
          not using I-node routines
  linear system matrix, which is also used to construct the preconditioner:
  Mat Object: 1 MPI process
    type: seqaijcusparse
    rows=281452, cols=281452, bs=4
    total: nonzeros=15993520, allocated nonzeros=15993520
    total number of mallocs used during MatSetValues calls=0
      not using I-node routines
SV13Q_END logical=4 attempt=0 step=62 reason=3 iterations=284 healthy=1 ref=329 ratio=0.86322188449848025 pending=0 recovery=NONE
 NS     62-2    2.317e+03 [  -3  6.696e-01  3.118e-14  3.099e-08] [  284 -173   61]
Vec Object: 1 MPI process
  type: seqcuda
  length=281452, bs=4
Mat Object: 1 MPI process
  type: seqaijcusparse
  rows=281452, cols=281452, bs=4
  total: nonzeros=15993520, allocated nonzeros=15993520
  total number of mallocs used during MatSetValues calls=0
    not using I-node routines
Mat Object: 1 MPI process
  type: seqaijcusparse
  rows=281452, cols=281452, bs=4
  total: nonzeros=15993520, allocated nonzeros=15993520
  total number of mallocs used during MatSetValues calls=0
    not using I-node routines
SV13Q_BEGIN logical=5 attempt=0 step=63 equation=0 policy=R3 reuse=1 age=2 ref=329 rebuild_reason=REUSE builds=1 attempts=5 ksp=0x55e693816a00 pc=0x55e6952d3390
  0 KSP unpreconditioned resid norm 4.796492279389e-17 true resid norm 4.796492279389e-17 ||r(i)||/||b|| 1.000000000000e+00
  1 KSP unpreconditioned resid norm 2.658552910423e-18 true resid norm 2.658552910423e-18 ||r(i)||/||b|| 5.542702365742e-02
  2 KSP unpreconditioned resid norm 8.461156567149e-19 true resid norm 8.461156567149e-19 ||r(i)||/||b|| 1.764030060782e-02
  3 KSP unpreconditioned resid norm 4.489593541137e-19 true resid norm 4.489593541137e-19 ||r(i)||/||b|| 9.360160049521e-03
  4 KSP unpreconditioned resid norm 2.830588644168e-19 true resid norm 2.830588644168e-19 ||r(i)||/||b|| 5.901372251409e-03
  5 KSP unpreconditioned resid norm 2.054858710442e-19 true resid norm 2.054858710442e-19 ||r(i)||/||b|| 4.284086350502e-03
  6 KSP unpreconditioned resid norm 1.681812936446e-19 true resid norm 1.681812936446e-19 ||r(i)||/||b|| 3.506339296475e-03
  7 KSP unpreconditioned resid norm 1.400106995216e-19 true resid norm 1.400106995216e-19 ||r(i)||/||b|| 2.919022722569e-03
  8 KSP unpreconditioned resid norm 1.171595646668e-19 true resid norm 1.171595646668e-19 ||r(i)||/||b|| 2.442609261985e-03
  9 KSP unpreconditioned resid norm 9.383427822812e-20 true resid norm 9.383427822812e-20 ||r(i)||/||b|| 1.956310419415e-03
 10 KSP unpreconditioned resid norm 7.552047784753e-20 true resid norm 7.552047784753e-20 ||r(i)||/||b|| 1.574493889463e-03
 11 KSP unpreconditioned resid norm 6.432325537183e-20 true resid norm 6.432325537183e-20 ||r(i)||/||b|| 1.341047824641e-03
 12 KSP unpreconditioned resid norm 5.817258516903e-20 true resid norm 5.817258516903e-20 ||r(i)||/||b|| 1.212815152836e-03
 13 KSP unpreconditioned resid norm 5.439459315983e-20 true resid norm 5.439459315983e-20 ||r(i)||/||b|| 1.134049425943e-03
 14 KSP unpreconditioned resid norm 5.190491048927e-20 true resid norm 5.190491048927e-20 ||r(i)||/||b|| 1.082143105125e-03
 15 KSP unpreconditioned resid norm 4.987074079220e-20 true resid norm 4.987074079220e-20 ||r(i)||/||b|| 1.039733577942e-03
 16 KSP unpreconditioned resid norm 4.818787082060e-20 true resid norm 4.818787082060e-20 ||r(i)||/||b|| 1.004648147307e-03
 17 KSP unpreconditioned resid norm 4.653450590678e-20 true resid norm 4.653450590678e-20 ||r(i)||/||b|| 9.701778549033e-04
 18 KSP unpreconditioned resid norm 4.482471394228e-20 true resid norm 4.482471394228e-20 ||r(i)||/||b|| 9.345311392431e-04
 19 KSP unpreconditioned resid norm 4.327617599745e-20 true resid norm 4.327617599745e-20 ||r(i)||/||b|| 9.022463391302e-04
 20 KSP unpreconditioned resid norm 4.159750853091e-20 true resid norm 4.159750853091e-20 ||r(i)||/||b|| 8.672485247118e-04
 21 KSP unpreconditioned resid norm 4.015141102714e-20 true resid norm 4.015141102714e-20 ||r(i)||/||b|| 8.370994611975e-04
 22 KSP unpreconditioned resid norm 3.883602433275e-20 true resid norm 3.883602433275e-20 ||r(i)||/||b|| 8.096755310048e-04
 23 KSP unpreconditioned resid norm 3.788503079972e-20 true resid norm 3.788503079972e-20 ||r(i)||/||b|| 7.898486767614e-04
 24 KSP unpreconditioned resid norm 3.699180990937e-20 true resid norm 3.699180990937e-20 ||r(i)||/||b|| 7.712262994423e-04
 25 KSP unpreconditioned resid norm 3.623669613839e-20 true resid norm 3.623669613839e-20 ||r(i)||/||b|| 7.554832579238e-04
 26 KSP unpreconditioned resid norm 3.569898691777e-20 true resid norm 3.569898691777e-20 ||r(i)||/||b|| 7.442727901633e-04
 27 KSP unpreconditioned resid norm 3.510737226719e-20 true resid norm 3.510737226719e-20 ||r(i)||/||b|| 7.319384713294e-04
 28 KSP unpreconditioned resid norm 3.451133218283e-20 true resid norm 3.451133218282e-20 ||r(i)||/||b|| 7.195118885341e-04
 29 KSP unpreconditioned resid norm 3.387332532580e-20 true resid norm 3.387332532580e-20 ||r(i)||/||b|| 7.062103585855e-04
 30 KSP unpreconditioned resid norm 3.330209975499e-20 true resid norm 3.330209975499e-20 ||r(i)||/||b|| 6.943011228871e-04
 31 KSP unpreconditioned resid norm 3.294252438280e-20 true resid norm 3.294252438280e-20 ||r(i)||/||b|| 6.868044909476e-04
 32 KSP unpreconditioned resid norm 3.274453810310e-20 true resid norm 3.274453810309e-20 ||r(i)||/||b|| 6.826767603442e-04
 33 KSP unpreconditioned resid norm 3.256045601565e-20 true resid norm 3.256045601564e-20 ||r(i)||/||b|| 6.788389122517e-04
 34 KSP unpreconditioned resid norm 3.230065173588e-20 true resid norm 3.230065173588e-20 ||r(i)||/||b|| 6.734223648118e-04
 35 KSP unpreconditioned resid norm 3.205926541226e-20 true resid norm 3.205926541225e-20 ||r(i)||/||b|| 6.683898054003e-04
 36 KSP unpreconditioned resid norm 3.170701024212e-20 true resid norm 3.170701024212e-20 ||r(i)||/||b|| 6.610457891982e-04
 37 KSP unpreconditioned resid norm 3.127356653432e-20 true resid norm 3.127356653431e-20 ||r(i)||/||b|| 6.520091081704e-04
 38 KSP unpreconditioned resid norm 3.075146393984e-20 true resid norm 3.075146393983e-20 ||r(i)||/||b|| 6.411240162311e-04
 39 KSP unpreconditioned resid norm 3.019333970030e-20 true resid norm 3.019333970028e-20 ||r(i)||/||b|| 6.294879245407e-04
 40 KSP unpreconditioned resid norm 2.962808134023e-20 true resid norm 2.962808134021e-20 ||r(i)||/||b|| 6.177030966468e-04
 41 KSP unpreconditioned resid norm 2.907603162952e-20 true resid norm 2.907603162950e-20 ||r(i)||/||b|| 6.061936501898e-04
 42 KSP unpreconditioned resid norm 2.841310904502e-20 true resid norm 2.841310904500e-20 ||r(i)||/||b|| 5.923726629790e-04
 43 KSP unpreconditioned resid norm 2.779310856188e-20 true resid norm 2.779310856186e-20 ||r(i)||/||b|| 5.794465401578e-04
 44 KSP unpreconditioned resid norm 2.719441453995e-20 true resid norm 2.719441453992e-20 ||r(i)||/||b|| 5.669646265622e-04
 45 KSP unpreconditioned resid norm 2.649594869970e-20 true resid norm 2.649594869967e-20 ||r(i)||/||b|| 5.524026133333e-04
 46 KSP unpreconditioned resid norm 2.575501959368e-20 true resid norm 2.575501959366e-20 ||r(i)||/||b|| 5.369553017802e-04
 47 KSP unpreconditioned resid norm 2.496534220215e-20 true resid norm 2.496534220212e-20 ||r(i)||/||b|| 5.204916582354e-04
 48 KSP unpreconditioned resid norm 2.417949717667e-20 true resid norm 2.417949717664e-20 ||r(i)||/||b|| 5.041079140383e-04
 49 KSP unpreconditioned resid norm 2.319356768037e-20 true resid norm 2.319356768034e-20 ||r(i)||/||b|| 4.835526949560e-04
 50 KSP unpreconditioned resid norm 2.185902197627e-20 true resid norm 2.185902197624e-20 ||r(i)||/||b|| 4.557293268284e-04
 51 KSP unpreconditioned resid norm 2.044050649594e-20 true resid norm 2.044050649590e-20 ||r(i)||/||b|| 4.261553090315e-04
 52 KSP unpreconditioned resid norm 1.898669270393e-20 true resid norm 1.898669270388e-20 ||r(i)||/||b|| 3.958453719497e-04
 53 KSP unpreconditioned resid norm 1.776765189684e-20 true resid norm 1.776765189680e-20 ||r(i)||/||b|| 3.704301156315e-04
 54 KSP unpreconditioned resid norm 1.662176081706e-20 true resid norm 1.662176081701e-20 ||r(i)||/||b|| 3.465399264466e-04
 55 KSP unpreconditioned resid norm 1.546108896081e-20 true resid norm 1.546108896076e-20 ||r(i)||/||b|| 3.223415792245e-04
 56 KSP unpreconditioned resid norm 1.421297401045e-20 true resid norm 1.421297401040e-20 ||r(i)||/||b|| 2.963201686257e-04
 57 KSP unpreconditioned resid norm 1.304877672006e-20 true resid norm 1.304877672003e-20 ||r(i)||/||b|| 2.720483211471e-04
 58 KSP unpreconditioned resid norm 1.199653191039e-20 true resid norm 1.199653191036e-20 ||r(i)||/||b|| 2.501105226816e-04
 59 KSP unpreconditioned resid norm 1.117522514805e-20 true resid norm 1.117522514803e-20 ||r(i)||/||b|| 2.329874520190e-04
 60 KSP unpreconditioned resid norm 1.047615098784e-20 true resid norm 1.047615098782e-20 ||r(i)||/||b|| 2.184127561893e-04
 61 KSP unpreconditioned resid norm 9.775073282068e-21 true resid norm 9.775073282059e-21 ||r(i)||/||b|| 2.037962893022e-04
 62 KSP unpreconditioned resid norm 9.141936666460e-21 true resid norm 9.141936666454e-21 ||r(i)||/||b|| 1.905962969176e-04
 63 KSP unpreconditioned resid norm 8.524013605414e-21 true resid norm 8.524013605409e-21 ||r(i)||/||b|| 1.777134853743e-04
 64 KSP unpreconditioned resid norm 8.105072603267e-21 true resid norm 8.105072603257e-21 ||r(i)||/||b|| 1.689791650054e-04
 65 KSP unpreconditioned resid norm 7.790151579486e-21 true resid norm 7.790151579471e-21 ||r(i)||/||b|| 1.624135123275e-04
 66 KSP unpreconditioned resid norm 7.523439873094e-21 true resid norm 7.523439873074e-21 ||r(i)||/||b|| 1.568529549272e-04
 67 KSP unpreconditioned resid norm 7.286757875212e-21 true resid norm 7.286757875190e-21 ||r(i)||/||b|| 1.519184739753e-04
 68 KSP unpreconditioned resid norm 6.998027756512e-21 true resid norm 6.998027756490e-21 ||r(i)||/||b|| 1.458988641879e-04
 69 KSP unpreconditioned resid norm 6.707952273529e-21 true resid norm 6.707952273509e-21 ||r(i)||/||b|| 1.398512054806e-04
 70 KSP unpreconditioned resid norm 6.408785288351e-21 true resid norm 6.408785288338e-21 ||r(i)||/||b|| 1.336140019630e-04
 71 KSP unpreconditioned resid norm 6.145101829348e-21 true resid norm 6.145101829341e-21 ||r(i)||/||b|| 1.281165791874e-04
 72 KSP unpreconditioned resid norm 5.923545550132e-21 true resid norm 5.923545550128e-21 ||r(i)||/||b|| 1.234974478242e-04
 73 KSP unpreconditioned resid norm 5.692076264242e-21 true resid norm 5.692076264232e-21 ||r(i)||/||b|| 1.186716444576e-04
 74 KSP unpreconditioned resid norm 5.475189586730e-21 true resid norm 5.475189586708e-21 ||r(i)||/||b|| 1.141498676071e-04
 75 KSP unpreconditioned resid norm 5.282156175781e-21 true resid norm 5.282156175741e-21 ||r(i)||/||b|| 1.101253972291e-04
 76 KSP unpreconditioned resid norm 5.139297312214e-21 true resid norm 5.139297312154e-21 ||r(i)||/||b|| 1.071469943617e-04
 77 KSP unpreconditioned resid norm 5.027609985122e-21 true resid norm 5.027609985042e-21 ||r(i)||/||b|| 1.048184734216e-04
 78 KSP unpreconditioned resid norm 4.905019692636e-21 true resid norm 4.905019692538e-21 ||r(i)||/||b|| 1.022626412559e-04
 79 KSP unpreconditioned resid norm 4.766222805901e-21 true resid norm 4.766222805795e-21 ||r(i)||/||b|| 9.936892479273e-05
 80 KSP unpreconditioned resid norm 4.601935886089e-21 true resid norm 4.601935885996e-21 ||r(i)||/||b|| 9.594377761789e-05
 81 KSP unpreconditioned resid norm 4.414916681233e-21 true resid norm 4.414916681182e-21 ||r(i)||/||b|| 9.204469483153e-05
 82 KSP unpreconditioned resid norm 4.228975825200e-21 true resid norm 4.228975825197e-21 ||r(i)||/||b|| 8.816809407511e-05
 83 KSP unpreconditioned resid norm 4.081533547462e-21 true resid norm 4.081533547487e-21 ||r(i)||/||b|| 8.509413358227e-05
 84 KSP unpreconditioned resid norm 3.957938947094e-21 true resid norm 3.957938947119e-21 ||r(i)||/||b|| 8.251736303479e-05
 85 KSP unpreconditioned resid norm 3.861693693693e-21 true resid norm 3.861693693698e-21 ||r(i)||/||b|| 8.051078723284e-05
 86 KSP unpreconditioned resid norm 3.791025048644e-21 true resid norm 3.791025048607e-21 ||r(i)||/||b|| 7.903744711312e-05
 87 KSP unpreconditioned resid norm 3.724611055798e-21 true resid norm 3.724611055684e-21 ||r(i)||/||b|| 7.765281040250e-05
 88 KSP unpreconditioned resid norm 3.659569516712e-21 true resid norm 3.659569516488e-21 ||r(i)||/||b|| 7.629678738803e-05
 89 KSP unpreconditioned resid norm 3.579302346442e-21 true resid norm 3.579302346052e-21 ||r(i)||/||b|| 7.462333175086e-05
 90 KSP unpreconditioned resid norm 3.485048872004e-21 true resid norm 3.485048871424e-21 ||r(i)||/||b|| 7.265828168638e-05
 91 KSP unpreconditioned resid norm 3.443707282738e-21 true resid norm 3.443737334062e-21 ||r(i)||/||b|| 7.179699525131e-05
 92 KSP unpreconditioned resid norm 3.370118168005e-21 true resid norm 3.326820408090e-21 ||r(i)||/||b|| 6.935944465887e-05
 93 KSP unpreconditioned resid norm 3.356130571683e-21 true resid norm 3.300904638728e-21 ||r(i)||/||b|| 6.881913795447e-05
 94 KSP unpreconditioned resid norm 3.350909451540e-21 true resid norm 3.282594026869e-21 ||r(i)||/||b|| 6.843738790062e-05
 95 KSP unpreconditioned resid norm 3.350720308937e-21 true resid norm 3.283762565838e-21 ||r(i)||/||b|| 6.846175026589e-05
 96 KSP unpreconditioned resid norm 3.350478919908e-21 true resid norm 3.283769661384e-21 ||r(i)||/||b|| 6.846189819788e-05
 97 KSP unpreconditioned resid norm 3.350390657542e-21 true resid norm 3.283581647298e-21 ||r(i)||/||b|| 6.845797837324e-05
 98 KSP unpreconditioned resid norm 3.350226488377e-21 true resid norm 3.283437909613e-21 ||r(i)||/||b|| 6.845498164820e-05
 99 KSP unpreconditioned resid norm 3.350004547505e-21 true resid norm 3.283340230648e-21 ||r(i)||/||b|| 6.845294518156e-05
100 KSP unpreconditioned resid norm 3.283633336438e-21 true resid norm 3.283633336438e-21 ||r(i)||/||b|| 6.845905601784e-05
101 KSP unpreconditioned resid norm 3.253987213504e-21 true resid norm 3.253987213504e-21 ||r(i)||/||b|| 6.784097677979e-05
102 KSP unpreconditioned resid norm 3.233263096229e-21 true resid norm 3.233263096229e-21 ||r(i)||/||b|| 6.740890859186e-05
103 KSP unpreconditioned resid norm 3.212496535797e-21 true resid norm 3.212496535797e-21 ||r(i)||/||b|| 6.697595552486e-05
104 KSP unpreconditioned resid norm 3.184745843136e-21 true resid norm 3.184745843136e-21 ||r(i)||/||b|| 6.639739329554e-05
105 KSP unpreconditioned resid norm 3.156865457863e-21 true resid norm 3.156865457863e-21 ||r(i)||/||b|| 6.581612716086e-05
106 KSP unpreconditioned resid norm 3.116970387189e-21 true resid norm 3.116970387189e-21 ||r(i)||/||b|| 6.498437202918e-05
107 KSP unpreconditioned resid norm 3.070709166738e-21 true resid norm 3.070709166738e-21 ||r(i)||/||b|| 6.401989178495e-05
108 KSP unpreconditioned resid norm 2.994178868852e-21 true resid norm 2.994178868852e-21 ||r(i)||/||b|| 6.242434459279e-05
109 KSP unpreconditioned resid norm 2.916945475226e-21 true resid norm 2.916945475226e-21 ||r(i)||/||b|| 6.081413886062e-05
110 KSP unpreconditioned resid norm 2.837617722993e-21 true resid norm 2.837617722993e-21 ||r(i)||/||b|| 5.916026874861e-05
111 KSP unpreconditioned resid norm 2.762640538852e-21 true resid norm 2.762640538852e-21 ||r(i)||/||b|| 5.759710175545e-05
112 KSP unpreconditioned resid norm 2.666729457212e-21 true resid norm 2.666729457212e-21 ||r(i)||/||b|| 5.559749295691e-05
113 KSP unpreconditioned resid norm 2.556377672710e-21 true resid norm 2.556377672710e-21 ||r(i)||/||b|| 5.329681616908e-05
114 KSP unpreconditioned resid norm 2.449311362145e-21 true resid norm 2.449311362145e-21 ||r(i)||/||b|| 5.106463681116e-05
115 KSP unpreconditioned resid norm 2.337961650039e-21 true resid norm 2.337961650039e-21 ||r(i)||/||b|| 4.874315466087e-05
116 KSP unpreconditioned resid norm 2.229720971061e-21 true resid norm 2.229720971061e-21 ||r(i)||/||b|| 4.648649140212e-05
117 KSP unpreconditioned resid norm 2.151347071664e-21 true resid norm 2.151347071663e-21 ||r(i)||/||b|| 4.485250775672e-05
118 KSP unpreconditioned resid norm 2.078322316425e-21 true resid norm 2.078322316425e-21 ||r(i)||/||b|| 4.333004611216e-05
119 KSP unpreconditioned resid norm 2.007719567953e-21 true resid norm 2.007719567953e-21 ||r(i)||/||b|| 4.185807984264e-05
120 KSP unpreconditioned resid norm 1.937306902997e-21 true resid norm 1.937306902997e-21 ||r(i)||/||b|| 4.039007654244e-05
121 KSP unpreconditioned resid norm 1.872211722864e-21 true resid norm 1.872211722864e-21 ||r(i)||/||b|| 3.903293519119e-05
122 KSP unpreconditioned resid norm 1.816419046189e-21 true resid norm 1.816419046189e-21 ||r(i)||/||b|| 3.786973772468e-05
123 KSP unpreconditioned resid norm 1.768654663951e-21 true resid norm 1.768654663951e-21 ||r(i)||/||b|| 3.687391870829e-05
124 KSP unpreconditioned resid norm 1.723387620924e-21 true resid norm 1.723387620924e-21 ||r(i)||/||b|| 3.593016564062e-05
125 KSP unpreconditioned resid norm 1.679346306631e-21 true resid norm 1.679346306631e-21 ||r(i)||/||b|| 3.501196726298e-05
126 KSP unpreconditioned resid norm 1.630761919911e-21 true resid norm 1.630761919911e-21 ||r(i)||/||b|| 3.399905232662e-05
127 KSP unpreconditioned resid norm 1.585706636903e-21 true resid norm 1.585706636903e-21 ||r(i)||/||b|| 3.305971415229e-05
128 KSP unpreconditioned resid norm 1.529187474509e-21 true resid norm 1.529187474509e-21 ||r(i)||/||b|| 3.188137049819e-05
129 KSP unpreconditioned resid norm 1.467591792952e-21 true resid norm 1.467591792952e-21 ||r(i)||/||b|| 3.059718868429e-05
130 KSP unpreconditioned resid norm 1.382416636589e-21 true resid norm 1.382416636589e-21 ||r(i)||/||b|| 2.882140856412e-05
131 KSP unpreconditioned resid norm 1.292392329690e-21 true resid norm 1.292392329690e-21 ||r(i)||/||b|| 2.694453059465e-05
132 KSP unpreconditioned resid norm 1.210081327996e-21 true resid norm 1.210081327996e-21 ||r(i)||/||b|| 2.522846400057e-05
133 KSP unpreconditioned resid norm 1.130837439337e-21 true resid norm 1.130837439337e-21 ||r(i)||/||b|| 2.357634232408e-05
134 KSP unpreconditioned resid norm 1.063851699783e-21 true resid norm 1.063851699783e-21 ||r(i)||/||b|| 2.217978551440e-05
135 KSP unpreconditioned resid norm 9.855203722839e-22 true resid norm 9.855203722842e-22 ||r(i)||/||b|| 2.054668943217e-05
136 KSP unpreconditioned resid norm 9.106074045817e-22 true resid norm 9.106074045818e-22 ||r(i)||/||b|| 1.898486125986e-05
137 KSP unpreconditioned resid norm 8.371772706043e-22 true resid norm 8.371772706045e-22 ||r(i)||/||b|| 1.745394804870e-05
138 KSP unpreconditioned resid norm 7.654007303087e-22 true resid norm 7.654007303089e-22 ||r(i)||/||b|| 1.595750989943e-05
139 KSP unpreconditioned resid norm 7.029710970341e-22 true resid norm 7.029710970342e-22 ||r(i)||/||b|| 1.465594138564e-05
140 KSP unpreconditioned resid norm 6.511425658688e-22 true resid norm 6.511425658691e-22 ||r(i)||/||b|| 1.357539068013e-05
141 KSP unpreconditioned resid norm 6.143082041690e-22 true resid norm 6.143082041694e-22 ||r(i)||/||b|| 1.280744695054e-05
142 KSP unpreconditioned resid norm 5.873815639951e-22 true resid norm 5.873815639953e-22 ||r(i)||/||b|| 1.224606503631e-05
143 KSP unpreconditioned resid norm 5.639125564405e-22 true resid norm 5.639125564405e-22 ||r(i)||/||b|| 1.175676981413e-05
144 KSP unpreconditioned resid norm 5.427296556699e-22 true resid norm 5.427296556702e-22 ||r(i)||/||b|| 1.131513664689e-05
145 KSP unpreconditioned resid norm 5.244149368261e-22 true resid norm 5.244149368260e-22 ||r(i)||/||b|| 1.093330096828e-05
146 KSP unpreconditioned resid norm 5.020409012535e-22 true resid norm 5.020409012538e-22 ||r(i)||/||b|| 1.046683434499e-05
147 KSP unpreconditioned resid norm 4.823098657582e-22 true resid norm 4.823098657587e-22 ||r(i)||/||b|| 1.005547049104e-05
148 KSP unpreconditioned resid norm 4.621552739400e-22 true resid norm 4.621552739401e-22 ||r(i)||/||b|| 9.635276093867e-06
149 KSP unpreconditioned resid norm 4.439351482040e-22 true resid norm 4.439351482042e-22 ||r(i)||/||b|| 9.255412546204e-06
150 KSP unpreconditioned resid norm 4.242695140064e-22 true resid norm 4.242695140066e-22 ||r(i)||/||b|| 8.845412215709e-06
151 KSP unpreconditioned resid norm 4.084430940740e-22 true resid norm 4.084430940739e-22 ||r(i)||/||b|| 8.515454008527e-06
152 KSP unpreconditioned resid norm 3.964059060955e-22 true resid norm 3.964059060958e-22 ||r(i)||/||b|| 8.264495865014e-06
153 KSP unpreconditioned resid norm 3.875841017693e-22 true resid norm 3.875841017692e-22 ||r(i)||/||b|| 8.080573869257e-06
154 KSP unpreconditioned resid norm 3.802122636699e-22 true resid norm 3.802122636703e-22 ||r(i)||/||b|| 7.926881594371e-06
155 KSP unpreconditioned resid norm 3.723904930196e-22 true resid norm 3.723904930198e-22 ||r(i)||/||b|| 7.763808869661e-06
156 KSP unpreconditioned resid norm 3.653914281058e-22 true resid norm 3.653914281059e-22 ||r(i)||/||b|| 7.617888382225e-06
157 KSP unpreconditioned resid norm 3.579651582975e-22 true resid norm 3.579651582976e-22 ||r(i)||/||b|| 7.463061284094e-06
158 KSP unpreconditioned resid norm 3.524682889830e-22 true resid norm 3.524682889830e-22 ||r(i)||/||b|| 7.348459425186e-06
159 KSP unpreconditioned resid norm 3.474843275251e-22 true resid norm 3.474843275253e-22 ||r(i)||/||b|| 7.244550961096e-06
160 KSP unpreconditioned resid norm 3.444560581850e-22 true resid norm 3.444560581853e-22 ||r(i)||/||b|| 7.181415878964e-06
161 KSP unpreconditioned resid norm 3.417910458544e-22 true resid norm 3.417910458547e-22 ||r(i)||/||b|| 7.125854185639e-06
162 KSP unpreconditioned resid norm 3.393735897488e-22 true resid norm 3.393735897490e-22 ||r(i)||/||b|| 7.075453685339e-06
163 KSP unpreconditioned resid norm 3.362027494277e-22 true resid norm 3.362027494279e-22 ||r(i)||/||b|| 7.009346202277e-06
164 KSP unpreconditioned resid norm 3.331583534851e-22 true resid norm 3.331583534854e-22 ||r(i)||/||b|| 6.945874903563e-06
165 KSP unpreconditioned resid norm 3.295420915125e-22 true resid norm 3.295420915123e-22 ||r(i)||/||b|| 6.870481016480e-06
166 KSP unpreconditioned resid norm 3.254766965658e-22 true resid norm 3.254766965654e-22 ||r(i)||/||b|| 6.785723349624e-06
167 KSP unpreconditioned resid norm 3.218152780132e-22 true resid norm 3.218152780133e-22 ||r(i)||/||b|| 6.709388012490e-06
168 KSP unpreconditioned resid norm 3.171809087834e-22 true resid norm 3.171809087836e-22 ||r(i)||/||b|| 6.612768046068e-06
169 KSP unpreconditioned resid norm 3.115658719457e-22 true resid norm 3.115658719458e-22 ||r(i)||/||b|| 6.495702563406e-06
170 KSP unpreconditioned resid norm 3.045629221687e-22 true resid norm 3.045629221685e-22 ||r(i)||/||b|| 6.349701082127e-06
171 KSP unpreconditioned resid norm 2.963409389417e-22 true resid norm 2.963409389416e-22 ||r(i)||/||b|| 6.178284497925e-06
172 KSP unpreconditioned resid norm 2.874230878386e-22 true resid norm 2.874230878383e-22 ||r(i)||/||b|| 5.992360064320e-06
173 KSP unpreconditioned resid norm 2.793631972462e-22 true resid norm 2.793631972462e-22 ||r(i)||/||b|| 5.824322879591e-06
174 KSP unpreconditioned resid norm 2.715318058460e-22 true resid norm 2.715318058461e-22 ||r(i)||/||b|| 5.661049576019e-06
175 KSP unpreconditioned resid norm 2.644470606165e-22 true resid norm 2.644470606167e-22 ||r(i)||/||b|| 5.513342776617e-06
176 KSP unpreconditioned resid norm 2.567266945551e-22 true resid norm 2.567266945551e-22 ||r(i)||/||b|| 5.352384192472e-06
177 KSP unpreconditioned resid norm 2.492857328208e-22 true resid norm 2.492857328207e-22 ||r(i)||/||b|| 5.197250788705e-06
178 KSP unpreconditioned resid norm 2.395688291878e-22 true resid norm 2.395688291876e-22 ||r(i)||/||b|| 4.994667253339e-06
179 KSP unpreconditioned resid norm 2.288808682996e-22 true resid norm 2.288808682992e-22 ||r(i)||/||b|| 4.771838563833e-06
180 KSP unpreconditioned resid norm 2.181968540083e-22 true resid norm 2.181968540076e-22 ||r(i)||/||b|| 4.549092155224e-06
181 KSP unpreconditioned resid norm 2.061814747674e-22 true resid norm 2.061814747665e-22 ||r(i)||/||b|| 4.298588692667e-06
182 KSP unpreconditioned resid norm 1.923675948958e-22 true resid norm 1.923675948947e-22 ||r(i)||/||b|| 4.010589065708e-06
183 KSP unpreconditioned resid norm 1.771944749245e-22 true resid norm 1.771944749232e-22 ||r(i)||/||b|| 3.694251227812e-06
184 KSP unpreconditioned resid norm 1.612697290190e-22 true resid norm 1.612697290180e-22 ||r(i)||/||b|| 3.362243064811e-06
185 KSP unpreconditioned resid norm 1.430997709329e-22 true resid norm 1.430997709322e-22 ||r(i)||/||b|| 2.983425440861e-06
186 KSP unpreconditioned resid norm 1.262602580592e-22 true resid norm 1.262602580585e-22 ||r(i)||/||b|| 2.632345695646e-06
187 KSP unpreconditioned resid norm 1.082264665485e-22 true resid norm 1.082264665480e-22 ||r(i)||/||b|| 2.256366949929e-06
188 KSP unpreconditioned resid norm 9.059244156072e-23 true resid norm 9.059244156065e-23 ||r(i)||/||b|| 1.888722764132e-06
189 KSP unpreconditioned resid norm 7.504316455783e-23 true resid norm 7.504316455781e-23 ||r(i)||/||b|| 1.564542590432e-06
190 KSP unpreconditioned resid norm 6.124430044548e-23 true resid norm 6.124430044572e-23 ||r(i)||/||b|| 1.276856020573e-06
191 KSP unpreconditioned resid norm 4.986584822558e-23 true resid norm 4.986584822558e-23 ||r(i)||/||b|| 1.039631574929e-06
192 KSP unpreconditioned resid norm 4.597036558964e-23 true resid norm 4.576902940041e-23 ||r(i)||/||b|| 9.542187651816e-07
193 KSP unpreconditioned resid norm 4.517064193443e-23 true resid norm 4.292072430735e-23 ||r(i)||/||b|| 8.948356800612e-07
194 KSP unpreconditioned resid norm 4.509949708499e-23 true resid norm 4.314857854143e-23 ||r(i)||/||b|| 8.995861147707e-07
195 KSP unpreconditioned resid norm 4.509333065023e-23 true resid norm 4.315019135716e-23 ||r(i)||/||b|| 8.996197396706e-07
196 KSP unpreconditioned resid norm 4.506973737334e-23 true resid norm 4.274421133527e-23 ||r(i)||/||b|| 8.911556371925e-07
197 KSP unpreconditioned resid norm 4.506971159488e-23 true resid norm 4.273679279857e-23 ||r(i)||/||b|| 8.910009713185e-07
198 KSP unpreconditioned resid norm 4.506913642256e-23 true resid norm 4.268136426556e-23 ||r(i)||/||b|| 8.898453657262e-07
199 KSP unpreconditioned resid norm 4.506838378302e-23 true resid norm 4.267741494768e-23 ||r(i)||/||b|| 8.897630281002e-07
200 KSP unpreconditioned resid norm 4.263638531783e-23 true resid norm 4.263638531783e-23 ||r(i)||/||b|| 8.889076190333e-07
201 KSP unpreconditioned resid norm 3.651565493081e-23 true resid norm 3.651565493094e-23 ||r(i)||/||b|| 7.612991495441e-07
202 KSP unpreconditioned resid norm 3.164468415751e-23 true resid norm 3.164468415762e-23 ||r(i)||/||b|| 6.597463795284e-07
203 KSP unpreconditioned resid norm 2.781959829084e-23 true resid norm 2.781959829082e-23 ||r(i)||/||b|| 5.799988130986e-07
204 KSP unpreconditioned resid norm 2.501332754691e-23 true resid norm 2.501332754699e-23 ||r(i)||/||b|| 5.214920840063e-07
205 KSP unpreconditioned resid norm 2.293339205164e-23 true resid norm 2.293339205143e-23 ||r(i)||/||b|| 4.781284054178e-07
206 KSP unpreconditioned resid norm 2.116601737711e-23 true resid norm 2.116601737696e-23 ||r(i)||/||b|| 4.412811726584e-07
207 KSP unpreconditioned resid norm 1.973780903822e-23 true resid norm 1.973780903809e-23 ||r(i)||/||b|| 4.115050726320e-07
208 KSP unpreconditioned resid norm 1.843773105832e-23 true resid norm 1.843773105837e-23 ||r(i)||/||b|| 3.844003072329e-07
209 KSP unpreconditioned resid norm 1.736594815703e-23 true resid norm 1.736594815692e-23 ||r(i)||/||b|| 3.620551675136e-07
210 KSP unpreconditioned resid norm 1.640755925669e-23 true resid norm 1.640755925684e-23 ||r(i)||/||b|| 3.420741304505e-07
211 KSP unpreconditioned resid norm 1.547481675303e-23 true resid norm 1.547481675287e-23 ||r(i)||/||b|| 3.226277840447e-07
212 KSP unpreconditioned resid norm 1.465709802973e-23 true resid norm 1.465709802956e-23 ||r(i)||/||b|| 3.055795188610e-07
213 KSP unpreconditioned resid norm 1.395540949262e-23 true resid norm 1.395540949256e-23 ||r(i)||/||b|| 2.909503170167e-07
214 KSP unpreconditioned resid norm 1.333499652683e-23 true resid norm 1.333499652677e-23 ||r(i)||/||b|| 2.780155945226e-07
215 KSP unpreconditioned resid norm 1.281590291431e-23 true resid norm 1.281590291433e-23 ||r(i)||/||b|| 2.671932355526e-07
216 KSP unpreconditioned resid norm 1.234423234101e-23 true resid norm 1.234423234101e-23 ||r(i)||/||b|| 2.573595790836e-07
217 KSP unpreconditioned resid norm 1.203443736906e-23 true resid norm 1.203443736875e-23 ||r(i)||/||b|| 2.509007972444e-07
218 KSP unpreconditioned resid norm 1.176861690043e-23 true resid norm 1.176861690029e-23 ||r(i)||/||b|| 2.453588208797e-07
219 KSP unpreconditioned resid norm 1.158295328260e-23 true resid norm 1.158295328243e-23 ||r(i)||/||b|| 2.414880001414e-07
220 KSP unpreconditioned resid norm 1.140762768684e-23 true resid norm 1.140762768671e-23 ||r(i)||/||b|| 2.378327123705e-07
221 KSP unpreconditioned resid norm 1.123737280341e-23 true resid norm 1.123737280323e-23 ||r(i)||/||b|| 2.342831416933e-07
222 KSP unpreconditioned resid norm 1.109760122387e-23 true resid norm 1.109760122374e-23 ||r(i)||/||b|| 2.313691042812e-07
223 KSP unpreconditioned resid norm 1.095999329196e-23 true resid norm 1.095999329186e-23 ||r(i)||/||b|| 2.285001758255e-07
224 KSP unpreconditioned resid norm 1.080014612396e-23 true resid norm 1.080014612380e-23 ||r(i)||/||b|| 2.251675911208e-07
225 KSP unpreconditioned resid norm 1.065375839869e-23 true resid norm 1.065375839866e-23 ||r(i)||/||b|| 2.221156165401e-07
226 KSP unpreconditioned resid norm 1.049695113016e-23 true resid norm 1.049695113018e-23 ||r(i)||/||b|| 2.188464093915e-07
227 KSP unpreconditioned resid norm 1.032150384673e-23 true resid norm 1.032150384658e-23 ||r(i)||/||b|| 2.151885846023e-07
228 KSP unpreconditioned resid norm 1.012191982025e-23 true resid norm 1.012191982029e-23 ||r(i)||/||b|| 2.110275432692e-07
229 KSP unpreconditioned resid norm 9.881373040127e-24 true resid norm 9.881373039932e-24 ||r(i)||/||b|| 2.060124871334e-07
230 KSP unpreconditioned resid norm 9.623402702369e-24 true resid norm 9.623402702284e-24 ||r(i)||/||b|| 2.006341747622e-07
231 KSP unpreconditioned resid norm 9.302488139303e-24 true resid norm 9.302488139262e-24 ||r(i)||/||b|| 1.939435653683e-07
232 KSP unpreconditioned resid norm 8.992130097499e-24 true resid norm 8.992130097401e-24 ||r(i)||/||b|| 1.874730443337e-07
233 KSP unpreconditioned resid norm 8.715333267457e-24 true resid norm 8.715333267276e-24 ||r(i)||/||b|| 1.817022265360e-07
234 KSP unpreconditioned resid norm 8.459083351437e-24 true resid norm 8.459083351286e-24 ||r(i)||/||b|| 1.763597824943e-07
235 KSP unpreconditioned resid norm 8.210580789160e-24 true resid norm 8.210580789056e-24 ||r(i)||/||b|| 1.711788596917e-07
236 KSP unpreconditioned resid norm 7.947875287611e-24 true resid norm 7.947875287442e-24 ||r(i)||/||b|| 1.657018259280e-07
237 KSP unpreconditioned resid norm 7.648719975335e-24 true resid norm 7.648719975175e-24 ||r(i)||/||b|| 1.594648657737e-07
238 KSP unpreconditioned resid norm 7.343178039766e-24 true resid norm 7.343178039571e-24 ||r(i)||/||b|| 1.530947536625e-07
239 KSP unpreconditioned resid norm 7.066927298848e-24 true resid norm 7.066927298615e-24 ||r(i)||/||b|| 1.473353210425e-07
240 KSP unpreconditioned resid norm 6.766201225397e-24 true resid norm 6.766201225465e-24 ||r(i)||/||b|| 1.410656127717e-07
241 KSP unpreconditioned resid norm 6.459560440748e-24 true resid norm 6.459560440808e-24 ||r(i)||/||b|| 1.346725912302e-07
242 KSP unpreconditioned resid norm 6.153574632574e-24 true resid norm 6.153574632469e-24 ||r(i)||/||b|| 1.282932250076e-07
243 KSP unpreconditioned resid norm 5.840183859891e-24 true resid norm 5.840183859707e-24 ||r(i)||/||b|| 1.217594758737e-07
244 KSP unpreconditioned resid norm 5.515646321732e-24 true resid norm 5.515646321600e-24 ||r(i)||/||b|| 1.149933326340e-07
245 KSP unpreconditioned resid norm 5.210020090133e-24 true resid norm 5.210020089899e-24 ||r(i)||/||b|| 1.086214630697e-07
246 KSP unpreconditioned resid norm 4.846678391663e-24 true resid norm 4.846678391545e-24 ||r(i)||/||b|| 1.010463086196e-07
247 KSP unpreconditioned resid norm 4.371665721793e-24 true resid norm 4.371665721571e-24 ||r(i)||/||b|| 9.114297421799e-08
248 KSP unpreconditioned resid norm 3.898488650871e-24 true resid norm 3.898488650736e-24 ||r(i)||/||b|| 8.127790943161e-08
249 KSP unpreconditioned resid norm 3.540503100239e-24 true resid norm 3.540503100079e-24 ||r(i)||/||b|| 7.381442299602e-08
250 KSP unpreconditioned resid norm 3.281228694073e-24 true resid norm 3.281228693910e-24 ||r(i)||/||b|| 6.840892266230e-08
251 KSP unpreconditioned resid norm 3.081382089027e-24 true resid norm 3.081382089036e-24 ||r(i)||/||b|| 6.424240694136e-08
252 KSP unpreconditioned resid norm 2.918237983373e-24 true resid norm 2.918237983277e-24 ||r(i)||/||b|| 6.084108580384e-08
253 KSP unpreconditioned resid norm 2.793821236720e-24 true resid norm 2.793821236497e-24 ||r(i)||/||b|| 5.824717468018e-08
254 KSP unpreconditioned resid norm 2.675896102454e-24 true resid norm 2.675896102460e-24 ||r(i)||/||b|| 5.578860439240e-08
255 KSP unpreconditioned resid norm 2.538877444287e-24 true resid norm 2.538877444190e-24 ||r(i)||/||b|| 5.293196144817e-08
256 KSP unpreconditioned resid norm 2.409543130927e-24 true resid norm 2.409543130832e-24 ||r(i)||/||b|| 5.023552609865e-08
257 KSP unpreconditioned resid norm 2.286605574159e-24 true resid norm 2.286605574036e-24 ||r(i)||/||b|| 4.767245396937e-08
258 KSP unpreconditioned resid norm 2.173989855739e-24 true resid norm 2.173989855744e-24 ||r(i)||/||b|| 4.532457740181e-08
259 KSP unpreconditioned resid norm 2.073885796073e-24 true resid norm 2.073885796008e-24 ||r(i)||/||b|| 4.323755101034e-08
260 KSP unpreconditioned resid norm 1.976457852886e-24 true resid norm 1.976457852864e-24 ||r(i)||/||b|| 4.120631782015e-08
261 KSP unpreconditioned resid norm 1.887413959308e-24 true resid norm 1.887413959288e-24 ||r(i)||/||b|| 3.934988006545e-08
262 KSP unpreconditioned resid norm 1.802598106186e-24 true resid norm 1.802598106039e-24 ||r(i)||/||b|| 3.758159090103e-08
263 KSP unpreconditioned resid norm 1.714541005472e-24 true resid norm 1.714541005454e-24 ||r(i)||/||b|| 3.574572636804e-08
264 KSP unpreconditioned resid norm 1.620893704428e-24 true resid norm 1.620893704364e-24 ||r(i)||/||b|| 3.379331415437e-08
265 KSP unpreconditioned resid norm 1.511892021226e-24 true resid norm 1.511892021109e-24 ||r(i)||/||b|| 3.152078504547e-08
266 KSP unpreconditioned resid norm 1.417317292602e-24 true resid norm 1.417317292716e-24 ||r(i)||/||b|| 2.954903729975e-08
267 KSP unpreconditioned resid norm 1.342472113117e-24 true resid norm 1.342472113250e-24 ||r(i)||/||b|| 2.798862241514e-08
268 KSP unpreconditioned resid norm 1.282336745121e-24 true resid norm 1.282336745173e-24 ||r(i)||/||b|| 2.673488604753e-08
269 KSP unpreconditioned resid norm 1.225928870130e-24 true resid norm 1.225928870074e-24 ||r(i)||/||b|| 2.555886257426e-08
270 KSP unpreconditioned resid norm 1.168511675149e-24 true resid norm 1.168511675174e-24 ||r(i)||/||b|| 2.436179622754e-08
271 KSP unpreconditioned resid norm 1.112622068801e-24 true resid norm 1.112622068756e-24 ||r(i)||/||b|| 2.319657791460e-08
272 KSP unpreconditioned resid norm 1.059749317449e-24 true resid norm 1.059749317226e-24 ||r(i)||/||b|| 2.209425670881e-08
273 KSP unpreconditioned resid norm 1.014847155576e-24 true resid norm 1.014847155575e-24 ||r(i)||/||b|| 2.115811089565e-08
274 KSP unpreconditioned resid norm 9.708976813491e-25 true resid norm 9.708976811169e-25 ||r(i)||/||b|| 2.024182724715e-08
  Linear solve converged due to CONVERGED_ATOL iterations 274
Mat Object: 1 MPI process
  type: seqaijcusparse
  rows=281452, cols=281452, bs=4
  total: nonzeros=15993520, allocated nonzeros=15993520
  total number of mallocs used during MatSetValues calls=0
    not using I-node routines
Vec Object: 1 MPI process
  type: seqcuda
  length=281452, bs=4
Vec Object: 1 MPI process
  type: seqcuda
  length=281452, bs=4
KSP Object: 1 MPI process
  type: gmres
    restart=100, using classical (unmodified) Gram-Schmidt orthogonalization with no iterative refinement
    happy breakdown tolerance=1e-30
  maximum iterations=2000, initial guess is zero
  tolerances: relative=1e-10, absolute=1e-24, divergence=10000.
  right preconditioning
  diagonally scaled system
  using UNPRECONDITIONED norm type for convergence test
PC Object: 1 MPI process
  type: asm
    total subdomain blocks = 1, amount of overlap = 2
    restriction/interpolation type - RESTRICT
    Local solver information for first block is in the following KSP and PC objects on rank 0:
    Use -ksp_view ::ascii_info_detail to display information for all blocks
    KSP Object: (sub_) 1 MPI process
      type: preonly
      maximum iterations=10000, initial guess is zero
      tolerances: relative=1e-05, absolute=1e-50, divergence=10000.
      left preconditioning
      not checking for convergence
    PC Object: (sub_) 1 MPI process
      type: ilu
        out-of-place factorization
        2 levels of fill
        tolerance for zero pivot 2.22045e-14
        matrix ordering: natural
        factor fill ratio given 1., needed 4.996
          Factored matrix:
            Mat Object: (sub_) 1 MPI process
              type: seqaijcusparse
              rows=281452, cols=281452, bs=4
              package used to perform factorization: cusparse
              total: nonzeros=79903664, allocated nonzeros=79903664
                using I-node routines: found 70363 nodes, limit used is 5
      linear system matrix, which is also used to construct the preconditioner:
      Mat Object: (sub_) 1 MPI process
        type: seqaijcusparse
        rows=281452, cols=281452, bs=4
        total: nonzeros=15993520, allocated nonzeros=15993520
        total number of mallocs used during MatSetValues calls=0
          not using I-node routines
  linear system matrix, which is also used to construct the preconditioner:
  Mat Object: 1 MPI process
    type: seqaijcusparse
    rows=281452, cols=281452, bs=4
    total: nonzeros=15993520, allocated nonzeros=15993520
    total number of mallocs used during MatSetValues calls=0
      not using I-node routines
SV13Q_END logical=5 attempt=0 step=63 reason=3 iterations=274 healthy=1 ref=329 ratio=0.83282674772036469 pending=0 recovery=NONE
 NS     63-1    2.324e+03 [   0  1.000e+00  4.758e-14  2.024e-08] [  274 -177   58]
Vec Object: 1 MPI process
  type: seqcuda
  length=281452, bs=4
Mat Object: 1 MPI process
  type: seqaijcusparse
  rows=281452, cols=281452, bs=4
  total: nonzeros=15993520, allocated nonzeros=15993520
  total number of mallocs used during MatSetValues calls=0
    not using I-node routines
Mat Object: 1 MPI process
  type: seqaijcusparse
  rows=281452, cols=281452, bs=4
  total: nonzeros=15993520, allocated nonzeros=15993520
  total number of mallocs used during MatSetValues calls=0
    not using I-node routines
SV13Q_BEGIN logical=6 attempt=0 step=63 equation=0 policy=R3 reuse=1 age=2 ref=329 rebuild_reason=REUSE builds=1 attempts=6 ksp=0x55e693816a00 pc=0x55e6952d3390
  0 KSP unpreconditioned resid norm 3.135092795732e-17 true resid norm 3.135092795732e-17 ||r(i)||/||b|| 1.000000000000e+00
  1 KSP unpreconditioned resid norm 1.939493347267e-18 true resid norm 1.939493347267e-18 ||r(i)||/||b|| 6.186398533106e-02
  2 KSP unpreconditioned resid norm 6.879747917899e-19 true resid norm 6.879747917899e-19 ||r(i)||/||b|| 2.194431988509e-02
  3 KSP unpreconditioned resid norm 4.128777850483e-19 true resid norm 4.128777850483e-19 ||r(i)||/||b|| 1.316955547888e-02
  4 KSP unpreconditioned resid norm 2.949964508197e-19 true resid norm 2.949964508197e-19 ||r(i)||/||b|| 9.409496625470e-03
  5 KSP unpreconditioned resid norm 2.219335399646e-19 true resid norm 2.219335399646e-19 ||r(i)||/||b|| 7.079010237488e-03
  6 KSP unpreconditioned resid norm 1.796790235725e-19 true resid norm 1.796790235725e-19 ||r(i)||/||b|| 5.731218668141e-03
  7 KSP unpreconditioned resid norm 1.530608313487e-19 true resid norm 1.530608313487e-19 ||r(i)||/||b|| 4.882178656948e-03
  8 KSP unpreconditioned resid norm 1.304842398163e-19 true resid norm 1.304842398163e-19 ||r(i)||/||b|| 4.162053512227e-03
  9 KSP unpreconditioned resid norm 1.109609682928e-19 true resid norm 1.109609682928e-19 ||r(i)||/||b|| 3.539320062356e-03
 10 KSP unpreconditioned resid norm 9.223996783545e-20 true resid norm 9.223996783545e-20 ||r(i)||/||b|| 2.942176638632e-03
 11 KSP unpreconditioned resid norm 7.317593033158e-20 true resid norm 7.317593033158e-20 ||r(i)||/||b|| 2.334091368243e-03
 12 KSP unpreconditioned resid norm 5.740219269429e-20 true resid norm 5.740219269429e-20 ||r(i)||/||b|| 1.830956735075e-03
 13 KSP unpreconditioned resid norm 4.652366113264e-20 true resid norm 4.652366113264e-20 ||r(i)||/||b|| 1.483964404370e-03
 14 KSP unpreconditioned resid norm 3.939536415325e-20 true resid norm 3.939536415325e-20 ||r(i)||/||b|| 1.256593240458e-03
 15 KSP unpreconditioned resid norm 3.293236822030e-20 true resid norm 3.293236822030e-20 ||r(i)||/||b|| 1.050443172372e-03
 16 KSP unpreconditioned resid norm 2.767258768974e-20 true resid norm 2.767258768974e-20 ||r(i)||/||b|| 8.826720449045e-04
 17 KSP unpreconditioned resid norm 2.357206641590e-20 true resid norm 2.357206641590e-20 ||r(i)||/||b|| 7.518777896459e-04
 18 KSP unpreconditioned resid norm 2.010992616336e-20 true resid norm 2.010992616336e-20 ||r(i)||/||b|| 6.414459626438e-04
 19 KSP unpreconditioned resid norm 1.744359277900e-20 true resid norm 1.744359277900e-20 ||r(i)||/||b|| 5.563979733788e-04
 20 KSP unpreconditioned resid norm 1.530431276867e-20 true resid norm 1.530431276867e-20 ||r(i)||/||b|| 4.881613963551e-04
 21 KSP unpreconditioned resid norm 1.383404982722e-20 true resid norm 1.383404982722e-20 ||r(i)||/||b|| 4.412644450607e-04
 22 KSP unpreconditioned resid norm 1.283176784166e-20 true resid norm 1.283176784166e-20 ||r(i)||/||b|| 4.092946741201e-04
 23 KSP unpreconditioned resid norm 1.208471465227e-20 true resid norm 1.208471465227e-20 ||r(i)||/||b|| 3.854659316215e-04
 24 KSP unpreconditioned resid norm 1.126101801205e-20 true resid norm 1.126101801205e-20 ||r(i)||/||b|| 3.591924943141e-04
 25 KSP unpreconditioned resid norm 1.046274025314e-20 true resid norm 1.046274025314e-20 ||r(i)||/||b|| 3.337298426185e-04
 26 KSP unpreconditioned resid norm 9.648349975307e-21 true resid norm 9.648349975307e-21 ||r(i)||/||b|| 3.077532501890e-04
 27 KSP unpreconditioned resid norm 8.846589931548e-21 true resid norm 8.846589931548e-21 ||r(i)||/||b|| 2.821795241146e-04
 28 KSP unpreconditioned resid norm 8.187752540969e-21 true resid norm 8.187752540969e-21 ||r(i)||/||b|| 2.611645994057e-04
 29 KSP unpreconditioned resid norm 7.571172783670e-21 true resid norm 7.571172783670e-21 ||r(i)||/||b|| 2.414975656854e-04
 30 KSP unpreconditioned resid norm 6.977681304436e-21 true resid norm 6.977681304436e-21 ||r(i)||/||b|| 2.225669783662e-04
 31 KSP unpreconditioned resid norm 6.507596783318e-21 true resid norm 6.507596783318e-21 ||r(i)||/||b|| 2.075727006287e-04
 32 KSP unpreconditioned resid norm 6.037387544678e-21 true resid norm 6.037387544678e-21 ||r(i)||/||b|| 1.925744447787e-04
 33 KSP unpreconditioned resid norm 5.598430865754e-21 true resid norm 5.598430865754e-21 ||r(i)||/||b|| 1.785730512786e-04
 34 KSP unpreconditioned resid norm 5.194310337915e-21 true resid norm 5.194310337915e-21 ||r(i)||/||b|| 1.656828258796e-04
 35 KSP unpreconditioned resid norm 4.845403332328e-21 true resid norm 4.845403332329e-21 ||r(i)||/||b|| 1.545537452328e-04
 36 KSP unpreconditioned resid norm 4.515991863421e-21 true resid norm 4.515991863422e-21 ||r(i)||/||b|| 1.440465133782e-04
 37 KSP unpreconditioned resid norm 4.185269462155e-21 true resid norm 4.185269462155e-21 ||r(i)||/||b|| 1.334974667370e-04
 38 KSP unpreconditioned resid norm 3.937182880172e-21 true resid norm 3.937182880172e-21 ||r(i)||/||b|| 1.255842533762e-04
 39 KSP unpreconditioned resid norm 3.801661063372e-21 true resid norm 3.801661063373e-21 ||r(i)||/||b|| 1.212615163592e-04
 40 KSP unpreconditioned resid norm 3.700286190887e-21 true resid norm 3.700286190888e-21 ||r(i)||/||b|| 1.180279638270e-04
 41 KSP unpreconditioned resid norm 3.618865256905e-21 true resid norm 3.618865256906e-21 ||r(i)||/||b|| 1.154308817217e-04
 42 KSP unpreconditioned resid norm 3.546442960886e-21 true resid norm 3.546442960886e-21 ||r(i)||/||b|| 1.131208290139e-04
 43 KSP unpreconditioned resid norm 3.487367035974e-21 true resid norm 3.487367035975e-21 ||r(i)||/||b|| 1.112364852716e-04
 44 KSP unpreconditioned resid norm 3.427087299364e-21 true resid norm 3.427087299365e-21 ||r(i)||/||b|| 1.093137435686e-04
 45 KSP unpreconditioned resid norm 3.376324452689e-21 true resid norm 3.376324452691e-21 ||r(i)||/||b|| 1.076945619373e-04
 46 KSP unpreconditioned resid norm 3.341979300062e-21 true resid norm 3.341979300063e-21 ||r(i)||/||b|| 1.065990552054e-04
 47 KSP unpreconditioned resid norm 3.309123710189e-21 true resid norm 3.309123710190e-21 ||r(i)||/||b|| 1.055510610306e-04
 48 KSP unpreconditioned resid norm 3.284591494901e-21 true resid norm 3.284591494903e-21 ||r(i)||/||b|| 1.047685573893e-04
 49 KSP unpreconditioned resid norm 3.253142422075e-21 true resid norm 3.253142422077e-21 ||r(i)||/||b|| 1.037654268641e-04
 50 KSP unpreconditioned resid norm 3.216674205450e-21 true resid norm 3.216674205452e-21 ||r(i)||/||b|| 1.026022007971e-04
 51 KSP unpreconditioned resid norm 3.169466279672e-21 true resid norm 3.169466279675e-21 ||r(i)||/||b|| 1.010964104153e-04
 52 KSP unpreconditioned resid norm 3.117837558217e-21 true resid norm 3.117837558221e-21 ||r(i)||/||b|| 9.944960999132e-05
 53 KSP unpreconditioned resid norm 3.062856000025e-21 true resid norm 3.062856000029e-21 ||r(i)||/||b|| 9.769586419257e-05
 54 KSP unpreconditioned resid norm 2.998612901235e-21 true resid norm 2.998612901240e-21 ||r(i)||/||b|| 9.564670319557e-05
 55 KSP unpreconditioned resid norm 2.942140895383e-21 true resid norm 2.942140895388e-21 ||r(i)||/||b|| 9.384541661393e-05
 56 KSP unpreconditioned resid norm 2.875514933701e-21 true resid norm 2.875514933707e-21 ||r(i)||/||b|| 9.172024948102e-05
 57 KSP unpreconditioned resid norm 2.814074990765e-21 true resid norm 2.814074990772e-21 ||r(i)||/||b|| 8.976050069723e-05
 58 KSP unpreconditioned resid norm 2.737690201748e-21 true resid norm 2.737690201757e-21 ||r(i)||/||b|| 8.732405641975e-05
 59 KSP unpreconditioned resid norm 2.666877300392e-21 true resid norm 2.666877300402e-21 ||r(i)||/||b|| 8.506533854540e-05
 60 KSP unpreconditioned resid norm 2.591351779315e-21 true resid norm 2.591351779326e-21 ||r(i)||/||b|| 8.265630232235e-05
 61 KSP unpreconditioned resid norm 2.507663332607e-21 true resid norm 2.507663332620e-21 ||r(i)||/||b|| 7.998689340339e-05
 62 KSP unpreconditioned resid norm 2.414896911458e-21 true resid norm 2.414896911472e-21 ||r(i)||/||b|| 7.702792449268e-05
 63 KSP unpreconditioned resid norm 2.312468218173e-21 true resid norm 2.312468218187e-21 ||r(i)||/||b|| 7.376075825682e-05
 64 KSP unpreconditioned resid norm 2.204245071071e-21 true resid norm 2.204245071085e-21 ||r(i)||/||b|| 7.030876642905e-05
 65 KSP unpreconditioned resid norm 2.093830752900e-21 true resid norm 2.093830752914e-21 ||r(i)||/||b|| 6.678688285606e-05
 66 KSP unpreconditioned resid norm 1.992825397619e-21 true resid norm 1.992825397633e-21 ||r(i)||/||b|| 6.356511680756e-05
 67 KSP unpreconditioned resid norm 1.883007038694e-21 true resid norm 1.883007038707e-21 ||r(i)||/||b|| 6.006224253617e-05
 68 KSP unpreconditioned resid norm 1.780862959720e-21 true resid norm 1.780862959732e-21 ||r(i)||/||b|| 5.680415463799e-05
 69 KSP unpreconditioned resid norm 1.683831326371e-21 true resid norm 1.683831326383e-21 ||r(i)||/||b|| 5.370913832839e-05
 70 KSP unpreconditioned resid norm 1.586528940780e-21 true resid norm 1.586528940792e-21 ||r(i)||/||b|| 5.060548583926e-05
 71 KSP unpreconditioned resid norm 1.482018796373e-21 true resid norm 1.482018796385e-21 ||r(i)||/||b|| 4.727192759343e-05
 72 KSP unpreconditioned resid norm 1.390597315795e-21 true resid norm 1.390597315808e-21 ||r(i)||/||b|| 4.435585822855e-05
 73 KSP unpreconditioned resid norm 1.318486860692e-21 true resid norm 1.318486860708e-21 ||r(i)||/||b|| 4.205575230508e-05
 74 KSP unpreconditioned resid norm 1.264485941744e-21 true resid norm 1.264485941760e-21 ||r(i)||/||b|| 4.033328593916e-05
 75 KSP unpreconditioned resid norm 1.222623127935e-21 true resid norm 1.222623127953e-21 ||r(i)||/||b|| 3.899798850030e-05
 76 KSP unpreconditioned resid norm 1.178716268954e-21 true resid norm 1.178716268973e-21 ||r(i)||/||b|| 3.759749218837e-05
 77 KSP unpreconditioned resid norm 1.136955844548e-21 true resid norm 1.136955844567e-21 ||r(i)||/||b|| 3.626546066243e-05
 78 KSP unpreconditioned resid norm 1.105339700383e-21 true resid norm 1.105339700402e-21 ||r(i)||/||b|| 3.525700106571e-05
 79 KSP unpreconditioned resid norm 1.082463487461e-21 true resid norm 1.082463487479e-21 ||r(i)||/||b|| 3.452731890272e-05
 80 KSP unpreconditioned resid norm 1.059642808960e-21 true resid norm 1.059642808976e-21 ||r(i)||/||b|| 3.379940812020e-05
 81 KSP unpreconditioned resid norm 1.034473757465e-21 true resid norm 1.034473757480e-21 ||r(i)||/||b|| 3.299659132541e-05
 82 KSP unpreconditioned resid norm 1.009679419557e-21 true resid norm 1.009679419569e-21 ||r(i)||/||b|| 3.220572676330e-05
 83 KSP unpreconditioned resid norm 9.823184905868e-22 true resid norm 9.823184905972e-22 ||r(i)||/||b|| 3.133299569105e-05
 84 KSP unpreconditioned resid norm 9.471854793123e-22 true resid norm 9.471854793209e-22 ||r(i)||/||b|| 3.021235864567e-05
 85 KSP unpreconditioned resid norm 9.085956323768e-22 true resid norm 9.085956323830e-22 ||r(i)||/||b|| 2.898145897372e-05
 86 KSP unpreconditioned resid norm 8.580579986477e-22 true resid norm 8.580579986495e-22 ||r(i)||/||b|| 2.736946095559e-05
 87 KSP unpreconditioned resid norm 8.020046344397e-22 true resid norm 8.020046344387e-22 ||r(i)||/||b|| 2.558152777904e-05
 88 KSP unpreconditioned resid norm 7.570986000355e-22 true resid norm 7.570986000335e-22 ||r(i)||/||b|| 2.414916078606e-05
 89 KSP unpreconditioned resid norm 7.145907538399e-22 true resid norm 7.145907538373e-22 ||r(i)||/||b|| 2.279328876039e-05
 90 KSP unpreconditioned resid norm 6.822444785317e-22 true resid norm 6.822444785293e-22 ||r(i)||/||b|| 2.176154018338e-05
 91 KSP unpreconditioned resid norm 6.585609110353e-22 true resid norm 6.585609110342e-22 ||r(i)||/||b|| 2.100610584576e-05
 92 KSP unpreconditioned resid norm 6.535489974543e-22 true resid norm 6.535476066774e-22 ||r(i)||/||b|| 2.084619656449e-05
 93 KSP unpreconditioned resid norm 6.438951464824e-22 true resid norm 6.369702815479e-22 ||r(i)||/||b|| 2.031742991515e-05
 94 KSP unpreconditioned resid norm 6.425999254560e-22 true resid norm 6.340418209898e-22 ||r(i)||/||b|| 2.022402086002e-05
 95 KSP unpreconditioned resid norm 6.416424026411e-22 true resid norm 6.310256271798e-22 ||r(i)||/||b|| 2.012781337889e-05
 96 KSP unpreconditioned resid norm 6.416119659585e-22 true resid norm 6.307689311424e-22 ||r(i)||/||b|| 2.011962554988e-05
 97 KSP unpreconditioned resid norm 6.416115860793e-22 true resid norm 6.307695476291e-22 ||r(i)||/||b|| 2.011964521394e-05
 98 KSP unpreconditioned resid norm 6.416112587470e-22 true resid norm 6.307645090967e-22 ||r(i)||/||b|| 2.011948449996e-05
 99 KSP unpreconditioned resid norm 6.415704991145e-22 true resid norm 6.305886975078e-22 ||r(i)||/||b|| 2.011387664079e-05
100 KSP unpreconditioned resid norm 6.305545179674e-22 true resid norm 6.305545179674e-22 ||r(i)||/||b|| 2.011278641659e-05
101 KSP unpreconditioned resid norm 6.232508004282e-22 true resid norm 6.232508004282e-22 ||r(i)||/||b|| 1.987981986615e-05
102 KSP unpreconditioned resid norm 6.141181412775e-22 true resid norm 6.141181412774e-22 ||r(i)||/||b|| 1.958851559716e-05
103 KSP unpreconditioned resid norm 6.034991381139e-22 true resid norm 6.034991381138e-22 ||r(i)||/||b|| 1.924980143922e-05
104 KSP unpreconditioned resid norm 5.934179615894e-22 true resid norm 5.934179615894e-22 ||r(i)||/||b|| 1.892824232818e-05
105 KSP unpreconditioned resid norm 5.848351059146e-22 true resid norm 5.848351059146e-22 ||r(i)||/||b|| 1.865447513103e-05
106 KSP unpreconditioned resid norm 5.753692882352e-22 true resid norm 5.753692882351e-22 ||r(i)||/||b|| 1.835254411029e-05
107 KSP unpreconditioned resid norm 5.646692246960e-22 true resid norm 5.646692246960e-22 ||r(i)||/||b|| 1.801124437097e-05
108 KSP unpreconditioned resid norm 5.553430296998e-22 true resid norm 5.553430296997e-22 ||r(i)||/||b|| 1.771376689251e-05
109 KSP unpreconditioned resid norm 5.494554731599e-22 true resid norm 5.494554731599e-22 ||r(i)||/||b|| 1.752597160467e-05
110 KSP unpreconditioned resid norm 5.450146504078e-22 true resid norm 5.450146504078e-22 ||r(i)||/||b|| 1.738432275911e-05
111 KSP unpreconditioned resid norm 5.414079786254e-22 true resid norm 5.414079786254e-22 ||r(i)||/||b|| 1.726928081244e-05
112 KSP unpreconditioned resid norm 5.364744128202e-22 true resid norm 5.364744128201e-22 ||r(i)||/||b|| 1.711191495035e-05
113 KSP unpreconditioned resid norm 5.317265791535e-22 true resid norm 5.317265791534e-22 ||r(i)||/||b|| 1.696047338303e-05
114 KSP unpreconditioned resid norm 5.254316725117e-22 true resid norm 5.254316725117e-22 ||r(i)||/||b|| 1.675968485612e-05
115 KSP unpreconditioned resid norm 5.187358984582e-22 true resid norm 5.187358984582e-22 ||r(i)||/||b|| 1.654610986840e-05
116 KSP unpreconditioned resid norm 5.103447887419e-22 true resid norm 5.103447887419e-22 ||r(i)||/||b|| 1.627845878874e-05
117 KSP unpreconditioned resid norm 4.998153418888e-22 true resid norm 4.998153418888e-22 ||r(i)||/||b|| 1.594260120687e-05
118 KSP unpreconditioned resid norm 4.875044737726e-22 true resid norm 4.875044737726e-22 ||r(i)||/||b|| 1.554992166217e-05
119 KSP unpreconditioned resid norm 4.743704429626e-22 true resid norm 4.743704429626e-22 ||r(i)||/||b|| 1.513098571144e-05
120 KSP unpreconditioned resid norm 4.610255099158e-22 true resid norm 4.610255099158e-22 ||r(i)||/||b|| 1.470532261576e-05
121 KSP unpreconditioned resid norm 4.429067908255e-22 true resid norm 4.429067908255e-22 ||r(i)||/||b|| 1.412739015025e-05
122 KSP unpreconditioned resid norm 4.224053107965e-22 true resid norm 4.224053107964e-22 ||r(i)||/||b|| 1.347345480081e-05
123 KSP unpreconditioned resid norm 4.021138461507e-22 true resid norm 4.021138461507e-22 ||r(i)||/||b|| 1.282621830837e-05
124 KSP unpreconditioned resid norm 3.807818886818e-22 true resid norm 3.807818886817e-22 ||r(i)||/||b|| 1.214579323458e-05
125 KSP unpreconditioned resid norm 3.590984393647e-22 true resid norm 3.590984393647e-22 ||r(i)||/||b|| 1.145415663146e-05
126 KSP unpreconditioned resid norm 3.374028330623e-22 true resid norm 3.374028330623e-22 ||r(i)||/||b|| 1.076213225719e-05
127 KSP unpreconditioned resid norm 3.184249679614e-22 true resid norm 3.184249679614e-22 ||r(i)||/||b|| 1.015679562643e-05
128 KSP unpreconditioned resid norm 3.012303294676e-22 true resid norm 3.012303294676e-22 ||r(i)||/||b|| 9.608338543525e-06
129 KSP unpreconditioned resid norm 2.873255272793e-22 true resid norm 2.873255272793e-22 ||r(i)||/||b|| 9.164817311642e-06
130 KSP unpreconditioned resid norm 2.767033042416e-22 true resid norm 2.767033042415e-22 ||r(i)||/||b|| 8.826000449436e-06
131 KSP unpreconditioned resid norm 2.682518409928e-22 true resid norm 2.682518409927e-22 ||r(i)||/||b|| 8.556424274200e-06
132 KSP unpreconditioned resid norm 2.620642891853e-22 true resid norm 2.620642891852e-22 ||r(i)||/||b|| 8.359060042561e-06
133 KSP unpreconditioned resid norm 2.565925852911e-22 true resid norm 2.565925852911e-22 ||r(i)||/||b|| 8.184529199278e-06
134 KSP unpreconditioned resid norm 2.514302209442e-22 true resid norm 2.514302209442e-22 ||r(i)||/||b|| 8.019865354113e-06
135 KSP unpreconditioned resid norm 2.456159216107e-22 true resid norm 2.456159216106e-22 ||r(i)||/||b|| 7.834406750096e-06
136 KSP unpreconditioned resid norm 2.390051119771e-22 true resid norm 2.390051119770e-22 ||r(i)||/||b|| 7.623541870989e-06
137 KSP unpreconditioned resid norm 2.307457586657e-22 true resid norm 2.307457586656e-22 ||r(i)||/||b|| 7.360093423064e-06
138 KSP unpreconditioned resid norm 2.204774838910e-22 true resid norm 2.204774838910e-22 ||r(i)||/||b|| 7.032566442407e-06
139 KSP unpreconditioned resid norm 2.092937306943e-22 true resid norm 2.092937306942e-22 ||r(i)||/||b|| 6.675838462554e-06
140 KSP unpreconditioned resid norm 1.998165723285e-22 true resid norm 1.998165723285e-22 ||r(i)||/||b|| 6.373545708137e-06
141 KSP unpreconditioned resid norm 1.911906167698e-22 true resid norm 1.911906167698e-22 ||r(i)||/||b|| 6.098403754749e-06
142 KSP unpreconditioned resid norm 1.833064159557e-22 true resid norm 1.833064159557e-22 ||r(i)||/||b|| 5.846921539458e-06
143 KSP unpreconditioned resid norm 1.759619849813e-22 true resid norm 1.759619849812e-22 ||r(i)||/||b|| 5.612656353292e-06
144 KSP unpreconditioned resid norm 1.690038715664e-22 true resid norm 1.690038715663e-22 ||r(i)||/||b|| 5.390713531553e-06
145 KSP unpreconditioned resid norm 1.618700698372e-22 true resid norm 1.618700698371e-22 ||r(i)||/||b|| 5.163166782735e-06
146 KSP unpreconditioned resid norm 1.554786830559e-22 true resid norm 1.554786830559e-22 ||r(i)||/||b|| 4.959300830508e-06
147 KSP unpreconditioned resid norm 1.499243969750e-22 true resid norm 1.499243969749e-22 ||r(i)||/||b|| 4.782135864654e-06
148 KSP unpreconditioned resid norm 1.454822977282e-22 true resid norm 1.454822977282e-22 ||r(i)||/||b|| 4.640446302776e-06
149 KSP unpreconditioned resid norm 1.405769149604e-22 true resid norm 1.405769149603e-22 ||r(i)||/||b|| 4.483979394540e-06
150 KSP unpreconditioned resid norm 1.349311775287e-22 true resid norm 1.349311775287e-22 ||r(i)||/||b|| 4.303897406557e-06
151 KSP unpreconditioned resid norm 1.285670712752e-22 true resid norm 1.285670712751e-22 ||r(i)||/||b|| 4.100901620843e-06
152 KSP unpreconditioned resid norm 1.226251222589e-22 true resid norm 1.226251222588e-22 ||r(i)||/||b|| 3.911371377132e-06
153 KSP unpreconditioned resid norm 1.173515390375e-22 true resid norm 1.173515390375e-22 ||r(i)||/||b|| 3.743159985479e-06
154 KSP unpreconditioned resid norm 1.127589030215e-22 true resid norm 1.127589030214e-22 ||r(i)||/||b|| 3.596668754907e-06
155 KSP unpreconditioned resid norm 1.089843762438e-22 true resid norm 1.089843762437e-22 ||r(i)||/||b|| 3.476272740383e-06
156 KSP unpreconditioned resid norm 1.054640023518e-22 true resid norm 1.054640023518e-22 ||r(i)||/||b|| 3.363983436005e-06
157 KSP unpreconditioned resid norm 1.020745762139e-22 true resid norm 1.020745762139e-22 ||r(i)||/||b|| 3.255870969845e-06
158 KSP unpreconditioned resid norm 9.909792018485e-23 true resid norm 9.909792018482e-23 ||r(i)||/||b|| 3.160924624615e-06
159 KSP unpreconditioned resid norm 9.711824271036e-23 true resid norm 9.711824271030e-23 ||r(i)||/||b|| 3.097778886880e-06
160 KSP unpreconditioned resid norm 9.529549795392e-23 true resid norm 9.529549795383e-23 ||r(i)||/||b|| 3.039638829306e-06
161 KSP unpreconditioned resid norm 9.378833403049e-23 true resid norm 9.378833403046e-23 ||r(i)||/||b|| 2.991564848037e-06
162 KSP unpreconditioned resid norm 9.262980950046e-23 true resid norm 9.262980950041e-23 ||r(i)||/||b|| 2.954611411391e-06
163 KSP unpreconditioned resid norm 9.149924953853e-23 true resid norm 9.149924953843e-23 ||r(i)||/||b|| 2.918549960084e-06
164 KSP unpreconditioned resid norm 9.053687982461e-23 true resid norm 9.053687982455e-23 ||r(i)||/||b|| 2.887853270175e-06
165 KSP unpreconditioned resid norm 8.943924988994e-23 true resid norm 8.943924988988e-23 ||r(i)||/||b|| 2.852842187371e-06
166 KSP unpreconditioned resid norm 8.830104055533e-23 true resid norm 8.830104055533e-23 ||r(i)||/||b|| 2.816536744161e-06
167 KSP unpreconditioned resid norm 8.724776952744e-23 true resid norm 8.724776952738e-23 ||r(i)||/||b|| 2.782940576628e-06
168 KSP unpreconditioned resid norm 8.599173715256e-23 true resid norm 8.599173715250e-23 ||r(i)||/||b|| 2.742876933964e-06
169 KSP unpreconditioned resid norm 8.470739478186e-23 true resid norm 8.470739478181e-23 ||r(i)||/||b|| 2.701910287859e-06
170 KSP unpreconditioned resid norm 8.322316306680e-23 true resid norm 8.322316306675e-23 ||r(i)||/||b|| 2.654567774837e-06
171 KSP unpreconditioned resid norm 8.167768816419e-23 true resid norm 8.167768816412e-23 ||r(i)||/||b|| 2.605271788934e-06
172 KSP unpreconditioned resid norm 7.976754223782e-23 true resid norm 7.976754223774e-23 ||r(i)||/||b|| 2.544343897773e-06
173 KSP unpreconditioned resid norm 7.746505178137e-23 true resid norm 7.746505178129e-23 ||r(i)||/||b|| 2.470901400008e-06
174 KSP unpreconditioned resid norm 7.469522814604e-23 true resid norm 7.469522814596e-23 ||r(i)||/||b|| 2.382552384020e-06
175 KSP unpreconditioned resid norm 7.186816876927e-23 true resid norm 7.186816876924e-23 ||r(i)||/||b|| 2.292377720592e-06
176 KSP unpreconditioned resid norm 6.935171101833e-23 true resid norm 6.935171101834e-23 ||r(i)||/||b|| 2.212110311782e-06
177 KSP unpreconditioned resid norm 6.649812106264e-23 true resid norm 6.649812106265e-23 ||r(i)||/||b|| 2.121089402941e-06
178 KSP unpreconditioned resid norm 6.359500095686e-23 true resid norm 6.359500095689e-23 ||r(i)||/||b|| 2.028488631771e-06
179 KSP unpreconditioned resid norm 6.037540390574e-23 true resid norm 6.037540390575e-23 ||r(i)||/||b|| 1.925793201016e-06
180 KSP unpreconditioned resid norm 5.736721027734e-23 true resid norm 5.736721027726e-23 ||r(i)||/||b|| 1.829840901531e-06
181 KSP unpreconditioned resid norm 5.462682923588e-23 true resid norm 5.462682923588e-23 ||r(i)||/||b|| 1.742431015447e-06
182 KSP unpreconditioned resid norm 5.233257546328e-23 true resid norm 5.233257546325e-23 ||r(i)||/||b|| 1.669251243041e-06
183 KSP unpreconditioned resid norm 5.034568216382e-23 true resid norm 5.034568216376e-23 ||r(i)||/||b|| 1.605875342264e-06
184 KSP unpreconditioned resid norm 4.854868951474e-23 true resid norm 4.854868951466e-23 ||r(i)||/||b|| 1.548556699207e-06
185 KSP unpreconditioned resid norm 4.684437342357e-23 true resid norm 4.684437342349e-23 ||r(i)||/||b|| 1.494194158695e-06
186 KSP unpreconditioned resid norm 4.531698780048e-23 true resid norm 4.531698780041e-23 ||r(i)||/||b|| 1.445475166225e-06
187 KSP unpreconditioned resid norm 4.360852909856e-23 true resid norm 4.360852909849e-23 ||r(i)||/||b|| 1.390980488930e-06
188 KSP unpreconditioned resid norm 4.181474554719e-23 true resid norm 4.181474554718e-23 ||r(i)||/||b|| 1.333764206409e-06
189 KSP unpreconditioned resid norm 4.012574626485e-23 true resid norm 4.012574626486e-23 ||r(i)||/||b|| 1.279890225881e-06
190 KSP unpreconditioned resid norm 3.974108811457e-23 true resid norm 3.947019486765e-23 ||r(i)||/||b|| 1.258980114445e-06
191 KSP unpreconditioned resid norm 3.959975480841e-23 true resid norm 3.913090192321e-23 ||r(i)||/||b|| 1.248157693338e-06
192 KSP unpreconditioned resid norm 3.957104964518e-23 true resid norm 3.908587534806e-23 ||r(i)||/||b|| 1.246721481459e-06
193 KSP unpreconditioned resid norm 3.955804445064e-23 true resid norm 3.905745034243e-23 ||r(i)||/||b|| 1.245814809552e-06
194 KSP unpreconditioned resid norm 3.949647860203e-23 true resid norm 3.900730995066e-23 ||r(i)||/||b|| 1.244215482354e-06
195 KSP unpreconditioned resid norm 3.949647593032e-23 true resid norm 3.900705037647e-23 ||r(i)||/||b|| 1.244207202721e-06
196 KSP unpreconditioned resid norm 3.945691911948e-23 true resid norm 3.908251980943e-23 ||r(i)||/||b|| 1.246614449902e-06
197 KSP unpreconditioned resid norm 3.945684245698e-23 true resid norm 3.908223438251e-23 ||r(i)||/||b|| 1.246605345645e-06
198 KSP unpreconditioned resid norm 3.940408056019e-23 true resid norm 3.922131128157e-23 ||r(i)||/||b|| 1.251041479058e-06
199 KSP unpreconditioned resid norm 3.939766952892e-23 true resid norm 3.927293192582e-23 ||r(i)||/||b|| 1.252688021844e-06
200 KSP unpreconditioned resid norm 3.950276599376e-23 true resid norm 3.950276599376e-23 ||r(i)||/||b|| 1.260019035084e-06
201 KSP unpreconditioned resid norm 3.841863722841e-23 true resid norm 3.841863722840e-23 ||r(i)||/||b|| 1.225438598842e-06
202 KSP unpreconditioned resid norm 3.745986711669e-23 true resid norm 3.745986711668e-23 ||r(i)||/||b|| 1.194856725379e-06
203 KSP unpreconditioned resid norm 3.649898376988e-23 true resid norm 3.649898376984e-23 ||r(i)||/||b|| 1.164207446093e-06
204 KSP unpreconditioned resid norm 3.540006257974e-23 true resid norm 3.540006257972e-23 ||r(i)||/||b|| 1.129155176137e-06
205 KSP unpreconditioned resid norm 3.436921210499e-23 true resid norm 3.436921210496e-23 ||r(i)||/||b|| 1.096274156597e-06
206 KSP unpreconditioned resid norm 3.318178827012e-23 true resid norm 3.318178827010e-23 ||r(i)||/||b|| 1.058398919332e-06
207 KSP unpreconditioned resid norm 3.211921278386e-23 true resid norm 3.211921278381e-23 ||r(i)||/||b|| 1.024505967655e-06
208 KSP unpreconditioned resid norm 3.093287497953e-23 true resid norm 3.093287497949e-23 ||r(i)||/||b|| 9.866653714875e-07
209 KSP unpreconditioned resid norm 2.997666190699e-23 true resid norm 2.997666190701e-23 ||r(i)||/||b|| 9.561650598609e-07
210 KSP unpreconditioned resid norm 2.898307449052e-23 true resid norm 2.898307449043e-23 ||r(i)||/||b|| 9.244726194353e-07
211 KSP unpreconditioned resid norm 2.794367015641e-23 true resid norm 2.794367015638e-23 ||r(i)||/||b|| 8.913187575953e-07
212 KSP unpreconditioned resid norm 2.700463280097e-23 true resid norm 2.700463280093e-23 ||r(i)||/||b|| 8.613662995140e-07
213 KSP unpreconditioned resid norm 2.623061540085e-23 true resid norm 2.623061540086e-23 ||r(i)||/||b|| 8.366774800594e-07
214 KSP unpreconditioned resid norm 2.547749571500e-23 true resid norm 2.547749571494e-23 ||r(i)||/||b|| 8.126552346274e-07
215 KSP unpreconditioned resid norm 2.471775272291e-23 true resid norm 2.471775272290e-23 ||r(i)||/||b|| 7.884217257156e-07
216 KSP unpreconditioned resid norm 2.380865748564e-23 true resid norm 2.380865748567e-23 ||r(i)||/||b|| 7.594243308550e-07
217 KSP unpreconditioned resid norm 2.297239815955e-23 true resid norm 2.297239815956e-23 ||r(i)||/||b|| 7.327501817755e-07
218 KSP unpreconditioned resid norm 2.225120496258e-23 true resid norm 2.225120496255e-23 ||r(i)||/||b|| 7.097462950009e-07
219 KSP unpreconditioned resid norm 2.163804476956e-23 true resid norm 2.163804476956e-23 ||r(i)||/||b|| 6.901883350637e-07
220 KSP unpreconditioned resid norm 2.108768042324e-23 true resid norm 2.108768042324e-23 ||r(i)||/||b|| 6.726333731477e-07
221 KSP unpreconditioned resid norm 2.064257175263e-23 true resid norm 2.064257175264e-23 ||r(i)||/||b|| 6.584357496768e-07
222 KSP unpreconditioned resid norm 2.024218373124e-23 true resid norm 2.024218373124e-23 ||r(i)||/||b|| 6.456645799701e-07
223 KSP unpreconditioned resid norm 1.992584803827e-23 true resid norm 1.992584803825e-23 ||r(i)||/||b|| 6.355744259110e-07
224 KSP unpreconditioned resid norm 1.960516562332e-23 true resid norm 1.960516562332e-23 ||r(i)||/||b|| 6.253456245380e-07
225 KSP unpreconditioned resid norm 1.934977521352e-23 true resid norm 1.934977521347e-23 ||r(i)||/||b|| 6.171994411078e-07
226 KSP unpreconditioned resid norm 1.906091604545e-23 true resid norm 1.906091604543e-23 ||r(i)||/||b|| 6.079857052837e-07
227 KSP unpreconditioned resid norm 1.875032899533e-23 true resid norm 1.875032899532e-23 ||r(i)||/||b|| 5.980789155858e-07
228 KSP unpreconditioned resid norm 1.845037321904e-23 true resid norm 1.845037321901e-23 ||r(i)||/||b|| 5.885112314419e-07
229 KSP unpreconditioned resid norm 1.806087491605e-23 true resid norm 1.806087491600e-23 ||r(i)||/||b|| 5.760874108922e-07
230 KSP unpreconditioned resid norm 1.767276623897e-23 true resid norm 1.767276623895e-23 ||r(i)||/||b|| 5.637079152175e-07
231 KSP unpreconditioned resid norm 1.725101427971e-23 true resid norm 1.725101427971e-23 ||r(i)||/||b|| 5.502553003597e-07
232 KSP unpreconditioned resid norm 1.691304939514e-23 true resid norm 1.691304939507e-23 ||r(i)||/||b|| 5.394752403530e-07
233 KSP unpreconditioned resid norm 1.661528315620e-23 true resid norm 1.661528315609e-23 ||r(i)||/||b|| 5.299773958432e-07
234 KSP unpreconditioned resid norm 1.635978229077e-23 true resid norm 1.635978229079e-23 ||r(i)||/||b|| 5.218276892175e-07
235 KSP unpreconditioned resid norm 1.608163770582e-23 true resid norm 1.608163770569e-23 ||r(i)||/||b|| 5.129557162578e-07
236 KSP unpreconditioned resid norm 1.576385344003e-23 true resid norm 1.576385343996e-23 ||r(i)||/||b|| 5.028193570990e-07
237 KSP unpreconditioned resid norm 1.545157572970e-23 true resid norm 1.545157572960e-23 ||r(i)||/||b|| 4.928586404408e-07
238 KSP unpreconditioned resid norm 1.514511422238e-23 true resid norm 1.514511422235e-23 ||r(i)||/||b|| 4.830834431111e-07
239 KSP unpreconditioned resid norm 1.484074639681e-23 true resid norm 1.484074639675e-23 ||r(i)||/||b|| 4.733750279083e-07
240 KSP unpreconditioned resid norm 1.454719012312e-23 true resid norm 1.454719012316e-23 ||r(i)||/||b|| 4.640114685908e-07
241 KSP unpreconditioned resid norm 1.430355860900e-23 true resid norm 1.430355860892e-23 ||r(i)||/||b|| 4.562403584479e-07
242 KSP unpreconditioned resid norm 1.409658831428e-23 true resid norm 1.409658831420e-23 ||r(i)||/||b|| 4.496386305820e-07
243 KSP unpreconditioned resid norm 1.391583142177e-23 true resid norm 1.391583142169e-23 ||r(i)||/||b|| 4.438730311473e-07
244 KSP unpreconditioned resid norm 1.370482573664e-23 true resid norm 1.370482573657e-23 ||r(i)||/||b|| 4.371425865042e-07
245 KSP unpreconditioned resid norm 1.338018147772e-23 true resid norm 1.338018147764e-23 ||r(i)||/||b|| 4.267874142626e-07
246 KSP unpreconditioned resid norm 1.293529433445e-23 true resid norm 1.293529433445e-23 ||r(i)||/||b|| 4.125968568478e-07
247 KSP unpreconditioned resid norm 1.228228740626e-23 true resid norm 1.228228740628e-23 ||r(i)||/||b|| 3.917679062960e-07
248 KSP unpreconditioned resid norm 1.152390991183e-23 true resid norm 1.152390991176e-23 ||r(i)||/||b|| 3.675779526349e-07
249 KSP unpreconditioned resid norm 1.079968250580e-23 true resid norm 1.079968250572e-23 ||r(i)||/||b|| 3.444772837480e-07
250 KSP unpreconditioned resid norm 1.022003644758e-23 true resid norm 1.022003644757e-23 ||r(i)||/||b|| 3.259883235827e-07
251 KSP unpreconditioned resid norm 9.666559389139e-24 true resid norm 9.666559389124e-24 ||r(i)||/||b|| 3.083340755426e-07
252 KSP unpreconditioned resid norm 9.182694535433e-24 true resid norm 9.182694535441e-24 ||r(i)||/||b|| 2.929002467787e-07
253 KSP unpreconditioned resid norm 8.767961561570e-24 true resid norm 8.767961561534e-24 ||r(i)||/||b|| 2.796715163733e-07
254 KSP unpreconditioned resid norm 8.400119075358e-24 true resid norm 8.400119075344e-24 ||r(i)||/||b|| 2.679384510334e-07
255 KSP unpreconditioned resid norm 8.104972499212e-24 true resid norm 8.104972499207e-24 ||r(i)||/||b|| 2.585241658633e-07
256 KSP unpreconditioned resid norm 7.802874123074e-24 true resid norm 7.802874123045e-24 ||r(i)||/||b|| 2.488881392496e-07
257 KSP unpreconditioned resid norm 7.505624614678e-24 true resid norm 7.505624614607e-24 ||r(i)||/||b|| 2.394067768847e-07
258 KSP unpreconditioned resid norm 7.168341107675e-24 true resid norm 7.168341107648e-24 ||r(i)||/||b|| 2.286484507702e-07
259 KSP unpreconditioned resid norm 6.866750611694e-24 true resid norm 6.866750611653e-24 ||r(i)||/||b|| 2.190286240012e-07
260 KSP unpreconditioned resid norm 6.559243123086e-24 true resid norm 6.559243123048e-24 ||r(i)||/||b|| 2.092200630226e-07
261 KSP unpreconditioned resid norm 6.272968771823e-24 true resid norm 6.272968771828e-24 ||r(i)||/||b|| 2.000887750553e-07
262 KSP unpreconditioned resid norm 5.987896702388e-24 true resid norm 5.987896702405e-24 ||r(i)||/||b|| 1.909958362495e-07
263 KSP unpreconditioned resid norm 5.716505387255e-24 true resid norm 5.716505387229e-24 ||r(i)||/||b|| 1.823392722222e-07
264 KSP unpreconditioned resid norm 5.405683161935e-24 true resid norm 5.405683161872e-24 ||r(i)||/||b|| 1.724249811435e-07
265 KSP unpreconditioned resid norm 5.054654225069e-24 true resid norm 5.054654225042e-24 ||r(i)||/||b|| 1.612282172931e-07
266 KSP unpreconditioned resid norm 4.760151796327e-24 true resid norm 4.760151796307e-24 ||r(i)||/||b|| 1.518344784814e-07
267 KSP unpreconditioned resid norm 4.535606386458e-24 true resid norm 4.535606386459e-24 ||r(i)||/||b|| 1.446721574760e-07
268 KSP unpreconditioned resid norm 4.361253169156e-24 true resid norm 4.361253169164e-24 ||r(i)||/||b|| 1.391108159574e-07
269 KSP unpreconditioned resid norm 4.229938074046e-24 true resid norm 4.229938074054e-24 ||r(i)||/||b|| 1.349222606684e-07
270 KSP unpreconditioned resid norm 4.131677496432e-24 true resid norm 4.131677496452e-24 ||r(i)||/||b|| 1.317880447455e-07
271 KSP unpreconditioned resid norm 4.044241917142e-24 true resid norm 4.044241917144e-24 ||r(i)||/||b|| 1.289991136036e-07
272 KSP unpreconditioned resid norm 3.955556879643e-24 true resid norm 3.955556879614e-24 ||r(i)||/||b|| 1.261703285147e-07
273 KSP unpreconditioned resid norm 3.868711519457e-24 true resid norm 3.868711519462e-24 ||r(i)||/||b|| 1.234002235828e-07
274 KSP unpreconditioned resid norm 3.795467831810e-24 true resid norm 3.795467831820e-24 ||r(i)||/||b|| 1.210639709608e-07
275 KSP unpreconditioned resid norm 3.736046446092e-24 true resid norm 3.736046446079e-24 ||r(i)||/||b|| 1.191686080605e-07
276 KSP unpreconditioned resid norm 3.672542002695e-24 true resid norm 3.672542002690e-24 ||r(i)||/||b|| 1.171430079419e-07
277 KSP unpreconditioned resid norm 3.600473896114e-24 true resid norm 3.600473896106e-24 ||r(i)||/||b|| 1.148442528083e-07
278 KSP unpreconditioned resid norm 3.490743454460e-24 true resid norm 3.490743454460e-24 ||r(i)||/||b|| 1.113441828329e-07
279 KSP unpreconditioned resid norm 3.375994387278e-24 true resid norm 3.375994387240e-24 ||r(i)||/||b|| 1.076840338454e-07
280 KSP unpreconditioned resid norm 3.240193303068e-24 true resid norm 3.240193303076e-24 ||r(i)||/||b|| 1.033523890421e-07
281 KSP unpreconditioned resid norm 3.097880553862e-24 true resid norm 3.097880553844e-24 ||r(i)||/||b|| 9.881304177220e-08
282 KSP unpreconditioned resid norm 2.932197079089e-24 true resid norm 2.932197079051e-24 ||r(i)||/||b|| 9.352823887837e-08
283 KSP unpreconditioned resid norm 2.783929277263e-24 true resid norm 2.783929277242e-24 ||r(i)||/||b|| 8.879894340073e-08
284 KSP unpreconditioned resid norm 2.669659640864e-24 true resid norm 2.669659640870e-24 ||r(i)||/||b|| 8.515408681058e-08
285 KSP unpreconditioned resid norm 2.586951731876e-24 true resid norm 2.586951731874e-24 ||r(i)||/||b|| 8.251595408582e-08
286 KSP unpreconditioned resid norm 2.515190868623e-24 true resid norm 2.515190868600e-24 ||r(i)||/||b|| 8.022699908674e-08
287 KSP unpreconditioned resid norm 2.459448703185e-24 true resid norm 2.459448703174e-24 ||r(i)||/||b|| 7.844899221237e-08
288 KSP unpreconditioned resid norm 2.421107263065e-24 true resid norm 2.421107263042e-24 ||r(i)||/||b|| 7.722601596796e-08
289 KSP unpreconditioned resid norm 2.393671226647e-24 true resid norm 2.393671226632e-24 ||r(i)||/||b|| 7.635088919507e-08
290 KSP unpreconditioned resid norm 2.367153314375e-24 true resid norm 2.367153314366e-24 ||r(i)||/||b|| 7.550504781193e-08
291 KSP unpreconditioned resid norm 2.342220044453e-24 true resid norm 2.357994624296e-24 ||r(i)||/||b|| 7.521291323518e-08
292 KSP unpreconditioned resid norm 2.342198384339e-24 true resid norm 2.356905062222e-24 ||r(i)||/||b|| 7.517815949278e-08
293 KSP unpreconditioned resid norm 2.340187221128e-24 true resid norm 2.366496788817e-24 ||r(i)||/||b|| 7.548410662801e-08
294 KSP unpreconditioned resid norm 2.339933226452e-24 true resid norm 2.366590502877e-24 ||r(i)||/||b|| 7.548709582373e-08
295 KSP unpreconditioned resid norm 2.337193594887e-24 true resid norm 2.384262104264e-24 ||r(i)||/||b|| 7.605076658369e-08
296 KSP unpreconditioned resid norm 2.335995761503e-24 true resid norm 2.389357222773e-24 ||r(i)||/||b|| 7.621328548953e-08
297 KSP unpreconditioned resid norm 2.330437171800e-24 true resid norm 2.422358708536e-24 ||r(i)||/||b|| 7.726593330296e-08
298 KSP unpreconditioned resid norm 2.330431096341e-24 true resid norm 2.422415758553e-24 ||r(i)||/||b|| 7.726775302634e-08
299 KSP unpreconditioned resid norm 2.326383303263e-24 true resid norm 2.457779983553e-24 ||r(i)||/||b|| 7.839576509184e-08
300 KSP unpreconditioned resid norm 2.462167028452e-24 true resid norm 2.462167028452e-24 ||r(i)||/||b|| 7.853569858615e-08
301 KSP unpreconditioned resid norm 2.437882818196e-24 true resid norm 2.437882818164e-24 ||r(i)||/||b|| 7.776110555588e-08
302 KSP unpreconditioned resid norm 2.422418210206e-24 true resid norm 2.422418210175e-24 ||r(i)||/||b|| 7.726783122570e-08
303 KSP unpreconditioned resid norm 2.406937631198e-24 true resid norm 2.406937631169e-24 ||r(i)||/||b|| 7.677404746824e-08
304 KSP unpreconditioned resid norm 2.385706678931e-24 true resid norm 2.385706678862e-24 ||r(i)||/||b|| 7.609684415434e-08
305 KSP unpreconditioned resid norm 2.354981037400e-24 true resid norm 2.354981037377e-24 ||r(i)||/||b|| 7.511678890601e-08
306 KSP unpreconditioned resid norm 2.306493728582e-24 true resid norm 2.306493728571e-24 ||r(i)||/||b|| 7.357019006618e-08
307 KSP unpreconditioned resid norm 2.245325280237e-24 true resid norm 2.245325280212e-24 ||r(i)||/||b|| 7.161910114012e-08
308 KSP unpreconditioned resid norm 2.182974070429e-24 true resid norm 2.182974070346e-24 ||r(i)||/||b|| 6.963028569101e-08
309 KSP unpreconditioned resid norm 2.138648759318e-24 true resid norm 2.138648759295e-24 ||r(i)||/||b|| 6.821644202069e-08
310 KSP unpreconditioned resid norm 2.093212079097e-24 true resid norm 2.093212079078e-24 ||r(i)||/||b|| 6.676714902753e-08
311 KSP unpreconditioned resid norm 2.053701280702e-24 true resid norm 2.053701280675e-24 ||r(i)||/||b|| 6.550687378285e-08
312 KSP unpreconditioned resid norm 2.007847157497e-24 true resid norm 2.007847157455e-24 ||r(i)||/||b|| 6.404426561755e-08
313 KSP unpreconditioned resid norm 1.956662322406e-24 true resid norm 1.956662322380e-24 ||r(i)||/||b|| 6.241162382956e-08
314 KSP unpreconditioned resid norm 1.901538937377e-24 true resid norm 1.901538937335e-24 ||r(i)||/||b|| 6.065335418216e-08
315 KSP unpreconditioned resid norm 1.855192557519e-24 true resid norm 1.855192557507e-24 ||r(i)||/||b|| 5.917504451647e-08
316 KSP unpreconditioned resid norm 1.812990760202e-24 true resid norm 1.812990760175e-24 ||r(i)||/||b|| 5.782893452606e-08
317 KSP unpreconditioned resid norm 1.779239614454e-24 true resid norm 1.779239614426e-24 ||r(i)||/||b|| 5.675237482120e-08
318 KSP unpreconditioned resid norm 1.739979941188e-24 true resid norm 1.739979941199e-24 ||r(i)||/||b|| 5.550010971182e-08
319 KSP unpreconditioned resid norm 1.704723428880e-24 true resid norm 1.704723428913e-24 ||r(i)||/||b|| 5.437553335689e-08
320 KSP unpreconditioned resid norm 1.664991833329e-24 true resid norm 1.664991833347e-24 ||r(i)||/||b|| 5.310821534896e-08
321 KSP unpreconditioned resid norm 1.632173828157e-24 true resid norm 1.632173828186e-24 ||r(i)||/||b|| 5.206142001307e-08
322 KSP unpreconditioned resid norm 1.592999140323e-24 true resid norm 1.592999140337e-24 ||r(i)||/||b|| 5.081186568086e-08
323 KSP unpreconditioned resid norm 1.564317284408e-24 true resid norm 1.564317284408e-24 ||r(i)||/||b|| 4.989700102458e-08
324 KSP unpreconditioned resid norm 1.537473017712e-24 true resid norm 1.537473017710e-24 ||r(i)||/||b|| 4.904074991984e-08
325 KSP unpreconditioned resid norm 1.515855772657e-24 true resid norm 1.515855772662e-24 ||r(i)||/||b|| 4.835122503312e-08
326 KSP unpreconditioned resid norm 1.488351358994e-24 true resid norm 1.488351359008e-24 ||r(i)||/||b|| 4.747391723250e-08
327 KSP unpreconditioned resid norm 1.455556161613e-24 true resid norm 1.455556161638e-24 ||r(i)||/||b|| 4.642784939634e-08
328 KSP unpreconditioned resid norm 1.409693430623e-24 true resid norm 1.409693430617e-24 ||r(i)||/||b|| 4.496496666817e-08
329 KSP unpreconditioned resid norm 1.362826199990e-24 true resid norm 1.362826199962e-24 ||r(i)||/||b|| 4.347004343277e-08
330 KSP unpreconditioned resid norm 1.326843928195e-24 true resid norm 1.326843928204e-24 ||r(i)||/||b|| 4.232231754065e-08
331 KSP unpreconditioned resid norm 1.289721196658e-24 true resid norm 1.289721196592e-24 ||r(i)||/||b|| 4.113821442057e-08
332 KSP unpreconditioned resid norm 1.254071814341e-24 true resid norm 1.254071814275e-24 ||r(i)||/||b|| 4.000110669715e-08
333 KSP unpreconditioned resid norm 1.218054858923e-24 true resid norm 1.218054858893e-24 ||r(i)||/||b|| 3.885227450208e-08
334 KSP unpreconditioned resid norm 1.183803639860e-24 true resid norm 1.183803639755e-24 ||r(i)||/||b|| 3.775976396510e-08
335 KSP unpreconditioned resid norm 1.146008578443e-24 true resid norm 1.146008578383e-24 ||r(i)||/||b|| 3.655421555442e-08
336 KSP unpreconditioned resid norm 1.108039039379e-24 true resid norm 1.108039039275e-24 ||r(i)||/||b|| 3.534310183047e-08
337 KSP unpreconditioned resid norm 1.068347365991e-24 true resid norm 1.068347365977e-24 ||r(i)||/||b|| 3.407705722241e-08
338 KSP unpreconditioned resid norm 1.024396255874e-24 true resid norm 1.024396255790e-24 ||r(i)||/||b|| 3.267514943049e-08
339 KSP unpreconditioned resid norm 9.853638453482e-25 true resid norm 9.853638452383e-25 ||r(i)||/||b|| 3.143013331471e-08
  Linear solve converged due to CONVERGED_ATOL iterations 339
Mat Object: 1 MPI process
  type: seqaijcusparse
  rows=281452, cols=281452, bs=4
  total: nonzeros=15993520, allocated nonzeros=15993520
  total number of mallocs used during MatSetValues calls=0
    not using I-node routines
Vec Object: 1 MPI process
  type: seqcuda
  length=281452, bs=4
Vec Object: 1 MPI process
  type: seqcuda
  length=281452, bs=4
KSP Object: 1 MPI process
  type: gmres
    restart=100, using classical (unmodified) Gram-Schmidt orthogonalization with no iterative refinement
    happy breakdown tolerance=1e-30
  maximum iterations=2000, initial guess is zero
  tolerances: relative=1e-10, absolute=1e-24, divergence=10000.
  right preconditioning
  diagonally scaled system
  using UNPRECONDITIONED norm type for convergence test
PC Object: 1 MPI process
  type: asm
    total subdomain blocks = 1, amount of overlap = 2
    restriction/interpolation type - RESTRICT
    Local solver information for first block is in the following KSP and PC objects on rank 0:
    Use -ksp_view ::ascii_info_detail to display information for all blocks
    KSP Object: (sub_) 1 MPI process
      type: preonly
      maximum iterations=10000, initial guess is zero
      tolerances: relative=1e-05, absolute=1e-50, divergence=10000.
      left preconditioning
      not checking for convergence
    PC Object: (sub_) 1 MPI process
      type: ilu
        out-of-place factorization
        2 levels of fill
        tolerance for zero pivot 2.22045e-14
        matrix ordering: natural
        factor fill ratio given 1., needed 4.996
          Factored matrix:
            Mat Object: (sub_) 1 MPI process
              type: seqaijcusparse
              rows=281452, cols=281452, bs=4
              package used to perform factorization: cusparse
              total: nonzeros=79903664, allocated nonzeros=79903664
                using I-node routines: found 70363 nodes, limit used is 5
      linear system matrix, which is also used to construct the preconditioner:
      Mat Object: (sub_) 1 MPI process
        type: seqaijcusparse
        rows=281452, cols=281452, bs=4
        total: nonzeros=15993520, allocated nonzeros=15993520
        total number of mallocs used during MatSetValues calls=0
          not using I-node routines
  linear system matrix, which is also used to construct the preconditioner:
  Mat Object: 1 MPI process
    type: seqaijcusparse
    rows=281452, cols=281452, bs=4
    total: nonzeros=15993520, allocated nonzeros=15993520
    total number of mallocs used during MatSetValues calls=0
      not using I-node routines
SV13Q_END logical=6 attempt=0 step=63 reason=3 iterations=339 healthy=1 ref=329 ratio=1.0303951367781155 pending=0 recovery=NONE
 NS     63-2    2.331e+03 [  -3  6.536e-01  3.110e-14  3.143e-08] [  339 -173   66]
Vec Object: 1 MPI process
  type: seqcuda
  length=281452, bs=4
Mat Object: 1 MPI process
  type: seqaijcusparse
  rows=281452, cols=281452, bs=4
  total: nonzeros=15993520, allocated nonzeros=15993520
  total number of mallocs used during MatSetValues calls=0
    not using I-node routines
Mat Object: 1 MPI process
  type: seqaijcusparse
  rows=281452, cols=281452, bs=4
  total: nonzeros=15993520, allocated nonzeros=15993520
  total number of mallocs used during MatSetValues calls=0
    not using I-node routines
SV13Q_BEGIN logical=7 attempt=0 step=64 equation=0 policy=R3 reuse=0 age=3 ref=329 rebuild_reason=FIXED_INTERVAL builds=2 attempts=7 ksp=0x55e693816a00 pc=0x55e6952d3390
  0 KSP unpreconditioned resid norm 4.841289363487e-17 true resid norm 4.841289363487e-17 ||r(i)||/||b|| 1.000000000000e+00
  1 KSP unpreconditioned resid norm 2.497128294003e-18 true resid norm 2.497128294003e-18 ||r(i)||/||b|| 5.157981906301e-02
  2 KSP unpreconditioned resid norm 8.246044235705e-19 true resid norm 8.246044235705e-19 ||r(i)||/||b|| 1.703274399976e-02
  3 KSP unpreconditioned resid norm 4.757282222066e-19 true resid norm 4.757282222066e-19 ||r(i)||/||b|| 9.826477751868e-03
  4 KSP unpreconditioned resid norm 3.289382180489e-19 true resid norm 3.289382180489e-19 ||r(i)||/||b|| 6.794434154870e-03
  5 KSP unpreconditioned resid norm 2.546220132185e-19 true resid norm 2.546220132185e-19 ||r(i)||/||b|| 5.259384310694e-03
  6 KSP unpreconditioned resid norm 1.988313152810e-19 true resid norm 1.988313152810e-19 ||r(i)||/||b|| 4.106990934700e-03
  7 KSP unpreconditioned resid norm 1.571664503575e-19 true resid norm 1.571664503575e-19 ||r(i)||/||b|| 3.246375883724e-03
  8 KSP unpreconditioned resid norm 1.346591215564e-19 true resid norm 1.346591215564e-19 ||r(i)||/||b|| 2.781472278274e-03
  9 KSP unpreconditioned resid norm 1.190933022983e-19 true resid norm 1.190933022983e-19 ||r(i)||/||b|| 2.459950095042e-03
 10 KSP unpreconditioned resid norm 1.098086010729e-19 true resid norm 1.098086010729e-19 ||r(i)||/||b|| 2.268168515212e-03
 11 KSP unpreconditioned resid norm 1.016369587691e-19 true resid norm 1.016369587691e-19 ||r(i)||/||b|| 2.099377895807e-03
 12 KSP unpreconditioned resid norm 9.219843129223e-20 true resid norm 9.219843129223e-20 ||r(i)||/||b|| 1.904418934088e-03
 13 KSP unpreconditioned resid norm 8.347763475595e-20 true resid norm 8.347763475595e-20 ||r(i)||/||b|| 1.724285174638e-03
 14 KSP unpreconditioned resid norm 7.687101616006e-20 true resid norm 7.687101616006e-20 ||r(i)||/||b|| 1.587821144091e-03
 15 KSP unpreconditioned resid norm 7.160317014161e-20 true resid norm 7.160317014161e-20 ||r(i)||/||b|| 1.479010337239e-03
 16 KSP unpreconditioned resid norm 6.745651176724e-20 true resid norm 6.745651176724e-20 ||r(i)||/||b|| 1.393358394894e-03
 17 KSP unpreconditioned resid norm 6.506269501504e-20 true resid norm 6.506269501504e-20 ||r(i)||/||b|| 1.343912543335e-03
 18 KSP unpreconditioned resid norm 6.319653632742e-20 true resid norm 6.319653632742e-20 ||r(i)||/||b|| 1.305365814406e-03
 19 KSP unpreconditioned resid norm 6.101075884050e-20 true resid norm 6.101075884050e-20 ||r(i)||/||b|| 1.260217150015e-03
 20 KSP unpreconditioned resid norm 5.874926366654e-20 true resid norm 5.874926366654e-20 ||r(i)||/||b|| 1.213504487247e-03
 21 KSP unpreconditioned resid norm 5.622953456743e-20 true resid norm 5.622953456743e-20 ||r(i)||/||b|| 1.161457833765e-03
 22 KSP unpreconditioned resid norm 5.335335016849e-20 true resid norm 5.335335016849e-20 ||r(i)||/||b|| 1.102048362795e-03
 23 KSP unpreconditioned resid norm 5.054530872741e-20 true resid norm 5.054530872741e-20 ||r(i)||/||b|| 1.044046429214e-03
 24 KSP unpreconditioned resid norm 4.864872456110e-20 true resid norm 4.864872456110e-20 ||r(i)||/||b|| 1.004871242112e-03
 25 KSP unpreconditioned resid norm 4.741976576205e-20 true resid norm 4.741976576205e-20 ||r(i)||/||b|| 9.794862938723e-04
 26 KSP unpreconditioned resid norm 4.665910050942e-20 true resid norm 4.665910050942e-20 ||r(i)||/||b|| 9.637742552908e-04
 27 KSP unpreconditioned resid norm 4.607060372810e-20 true resid norm 4.607060372810e-20 ||r(i)||/||b|| 9.516184691534e-04
 28 KSP unpreconditioned resid norm 4.557959584788e-20 true resid norm 4.557959584788e-20 ||r(i)||/||b|| 9.414763800661e-04
 29 KSP unpreconditioned resid norm 4.519837503261e-20 true resid norm 4.519837503261e-20 ||r(i)||/||b|| 9.336020146513e-04
 30 KSP unpreconditioned resid norm 4.479612751982e-20 true resid norm 4.479612751982e-20 ||r(i)||/||b|| 9.252933290389e-04
 31 KSP unpreconditioned resid norm 4.439666205921e-20 true resid norm 4.439666205921e-20 ||r(i)||/||b|| 9.170421085352e-04
 32 KSP unpreconditioned resid norm 4.401989758439e-20 true resid norm 4.401989758439e-20 ||r(i)||/||b|| 9.092597917486e-04
 33 KSP unpreconditioned resid norm 4.363133439572e-20 true resid norm 4.363133439572e-20 ||r(i)||/||b|| 9.012337648063e-04
 34 KSP unpreconditioned resid norm 4.319186191306e-20 true resid norm 4.319186191306e-20 ||r(i)||/||b|| 8.921561730809e-04
 35 KSP unpreconditioned resid norm 4.266624550981e-20 true resid norm 4.266624550981e-20 ||r(i)||/||b|| 8.812992223022e-04
 36 KSP unpreconditioned resid norm 4.208585896743e-20 true resid norm 4.208585896743e-20 ||r(i)||/||b|| 8.693109584575e-04
 37 KSP unpreconditioned resid norm 4.149322482094e-20 true resid norm 4.149322482093e-20 ||r(i)||/||b|| 8.570697123348e-04
 38 KSP unpreconditioned resid norm 4.080728964852e-20 true resid norm 4.080728964851e-20 ||r(i)||/||b|| 8.429012724644e-04
 39 KSP unpreconditioned resid norm 4.020723359373e-20 true resid norm 4.020723359372e-20 ||r(i)||/||b|| 8.305067219689e-04
 40 KSP unpreconditioned resid norm 3.957862906617e-20 true resid norm 3.957862906616e-20 ||r(i)||/||b|| 8.175224840859e-04
 41 KSP unpreconditioned resid norm 3.900432694300e-20 true resid norm 3.900432694300e-20 ||r(i)||/||b|| 8.056598979017e-04
 42 KSP unpreconditioned resid norm 3.826301668813e-20 true resid norm 3.826301668813e-20 ||r(i)||/||b|| 7.903476494652e-04
 43 KSP unpreconditioned resid norm 3.741990112563e-20 true resid norm 3.741990112562e-20 ||r(i)||/||b|| 7.729325457769e-04
 44 KSP unpreconditioned resid norm 3.651556285430e-20 true resid norm 3.651556285430e-20 ||r(i)||/||b|| 7.542528469729e-04
 45 KSP unpreconditioned resid norm 3.570684188665e-20 true resid norm 3.570684188664e-20 ||r(i)||/||b|| 7.375481861494e-04
 46 KSP unpreconditioned resid norm 3.483596902513e-20 true resid norm 3.483596902512e-20 ||r(i)||/||b|| 7.195597372852e-04
 47 KSP unpreconditioned resid norm 3.380724952450e-20 true resid norm 3.380724952449e-20 ||r(i)||/||b|| 6.983108627935e-04
 48 KSP unpreconditioned resid norm 3.268451051130e-20 true resid norm 3.268451051129e-20 ||r(i)||/||b|| 6.751199537420e-04
 49 KSP unpreconditioned resid norm 3.100865902405e-20 true resid norm 3.100865902404e-20 ||r(i)||/||b|| 6.405041445758e-04
 50 KSP unpreconditioned resid norm 2.923843976828e-20 true resid norm 2.923843976827e-20 ||r(i)||/||b|| 6.039391073953e-04
 51 KSP unpreconditioned resid norm 2.705688922106e-20 true resid norm 2.705688922105e-20 ||r(i)||/||b|| 5.588777532099e-04
 52 KSP unpreconditioned resid norm 2.480083741198e-20 true resid norm 2.480083741197e-20 ||r(i)||/||b|| 5.122775267064e-04
 53 KSP unpreconditioned resid norm 2.247115410481e-20 true resid norm 2.247115410479e-20 ||r(i)||/||b|| 4.641563934243e-04
 54 KSP unpreconditioned resid norm 2.042086785783e-20 true resid norm 2.042086785781e-20 ||r(i)||/||b|| 4.218063892613e-04
 55 KSP unpreconditioned resid norm 1.848926358959e-20 true resid norm 1.848926358958e-20 ||r(i)||/||b|| 3.819078390361e-04
 56 KSP unpreconditioned resid norm 1.662748024666e-20 true resid norm 1.662748024665e-20 ||r(i)||/||b|| 3.434514857149e-04
 57 KSP unpreconditioned resid norm 1.532921909392e-20 true resid norm 1.532921909391e-20 ||r(i)||/||b|| 3.166350520074e-04
 58 KSP unpreconditioned resid norm 1.420387335040e-20 true resid norm 1.420387335040e-20 ||r(i)||/||b|| 2.933902992356e-04
 59 KSP unpreconditioned resid norm 1.317948341798e-20 true resid norm 1.317948341797e-20 ||r(i)||/||b|| 2.722308548085e-04
 60 KSP unpreconditioned resid norm 1.218275169743e-20 true resid norm 1.218275169742e-20 ||r(i)||/||b|| 2.516427088475e-04
 61 KSP unpreconditioned resid norm 1.122178981941e-20 true resid norm 1.122178981940e-20 ||r(i)||/||b|| 2.317934123921e-04
 62 KSP unpreconditioned resid norm 1.039960984467e-20 true resid norm 1.039960984466e-20 ||r(i)||/||b|| 2.148107469695e-04
 63 KSP unpreconditioned resid norm 9.758195827652e-21 true resid norm 9.758195827646e-21 ||r(i)||/||b|| 2.015619206991e-04
 64 KSP unpreconditioned resid norm 9.281201544933e-21 true resid norm 9.281201544928e-21 ||r(i)||/||b|| 1.917092916389e-04
 65 KSP unpreconditioned resid norm 8.894751387328e-21 true resid norm 8.894751387323e-21 ||r(i)||/||b|| 1.837269107359e-04
 66 KSP unpreconditioned resid norm 8.608864679836e-21 true resid norm 8.608864679831e-21 ||r(i)||/||b|| 1.778217337051e-04
 67 KSP unpreconditioned resid norm 8.336053142184e-21 true resid norm 8.336053142180e-21 ||r(i)||/||b|| 1.721866328638e-04
 68 KSP unpreconditioned resid norm 8.111510027678e-21 true resid norm 8.111510027674e-21 ||r(i)||/||b|| 1.675485478900e-04
 69 KSP unpreconditioned resid norm 7.853856294033e-21 true resid norm 7.853856294029e-21 ||r(i)||/||b|| 1.622265414099e-04
 70 KSP unpreconditioned resid norm 7.591527665885e-21 true resid norm 7.591527665883e-21 ||r(i)||/||b|| 1.568079719245e-04
 71 KSP unpreconditioned resid norm 7.342423003593e-21 true resid norm 7.342423003592e-21 ||r(i)||/||b|| 1.516625521079e-04
 72 KSP unpreconditioned resid norm 7.132413330647e-21 true resid norm 7.132413330646e-21 ||r(i)||/||b|| 1.473246648804e-04
 73 KSP unpreconditioned resid norm 6.988139242976e-21 true resid norm 6.988139242976e-21 ||r(i)||/||b|| 1.443445891849e-04
 74 KSP unpreconditioned resid norm 6.896788725144e-21 true resid norm 6.896788725144e-21 ||r(i)||/||b|| 1.424576844582e-04
 75 KSP unpreconditioned resid norm 6.837925263303e-21 true resid norm 6.837925263304e-21 ||r(i)||/||b|| 1.412418211329e-04
 76 KSP unpreconditioned resid norm 6.784145931155e-21 true resid norm 6.784145931156e-21 ||r(i)||/||b|| 1.401309738336e-04
 77 KSP unpreconditioned resid norm 6.729042949767e-21 true resid norm 6.729042949768e-21 ||r(i)||/||b|| 1.389927856930e-04
 78 KSP unpreconditioned resid norm 6.671493782073e-21 true resid norm 6.671493782074e-21 ||r(i)||/||b|| 1.378040699734e-04
 79 KSP unpreconditioned resid norm 6.616127138648e-21 true resid norm 6.616127138649e-21 ||r(i)||/||b|| 1.366604357209e-04
 80 KSP unpreconditioned resid norm 6.536286372899e-21 true resid norm 6.536286372901e-21 ||r(i)||/||b|| 1.350112724556e-04
 81 KSP unpreconditioned resid norm 6.429852351694e-21 true resid norm 6.429852351696e-21 ||r(i)||/||b|| 1.328128080959e-04
 82 KSP unpreconditioned resid norm 6.282350803544e-21 true resid norm 6.282350803546e-21 ||r(i)||/||b|| 1.297660670921e-04
 83 KSP unpreconditioned resid norm 6.064313581035e-21 true resid norm 6.064313581037e-21 ||r(i)||/||b|| 1.252623655751e-04
 84 KSP unpreconditioned resid norm 5.790074677604e-21 true resid norm 5.790074677606e-21 ||r(i)||/||b|| 1.195977815595e-04
 85 KSP unpreconditioned resid norm 5.476163337095e-21 true resid norm 5.476163337094e-21 ||r(i)||/||b|| 1.131137373939e-04
 86 KSP unpreconditioned resid norm 5.181661220257e-21 true resid norm 5.181661220253e-21 ||r(i)||/||b|| 1.070306034449e-04
 87 KSP unpreconditioned resid norm 4.831508508901e-21 true resid norm 4.831508508898e-21 ||r(i)||/||b|| 9.979797004776e-05
 88 KSP unpreconditioned resid norm 4.477377793278e-21 true resid norm 4.477377793285e-21 ||r(i)||/||b|| 9.248316836944e-05
 89 KSP unpreconditioned resid norm 4.173098757520e-21 true resid norm 4.173098757536e-21 ||r(i)||/||b|| 8.619808576223e-05
 90 KSP unpreconditioned resid norm 4.060013576584e-21 true resid norm 4.059950427509e-21 ||r(i)||/||b|| 8.386093295991e-05
 91 KSP unpreconditioned resid norm 3.783127945829e-21 true resid norm 3.685023195258e-21 ||r(i)||/||b|| 7.611656562095e-05
 92 KSP unpreconditioned resid norm 3.705457749999e-21 true resid norm 3.572796251935e-21 ||r(i)||/||b|| 7.379844466397e-05
 93 KSP unpreconditioned resid norm 3.636184556516e-21 true resid norm 3.413971658726e-21 ||r(i)||/||b|| 7.051781875453e-05
 94 KSP unpreconditioned resid norm 3.628888867420e-21 true resid norm 3.384669826636e-21 ||r(i)||/||b|| 6.991257023725e-05
 95 KSP unpreconditioned resid norm 3.627945475876e-21 true resid norm 3.378861233907e-21 ||r(i)||/||b|| 6.979258995320e-05
 96 KSP unpreconditioned resid norm 3.627397885164e-21 true resid norm 3.380265844611e-21 ||r(i)||/||b|| 6.982160310650e-05
 97 KSP unpreconditioned resid norm 3.625861360123e-21 true resid norm 3.373969237991e-21 ||r(i)||/||b|| 6.969154257620e-05
 98 KSP unpreconditioned resid norm 3.625562277525e-21 true resid norm 3.373619991632e-21 ||r(i)||/||b|| 6.968432866409e-05
 99 KSP unpreconditioned resid norm 3.625556442894e-21 true resid norm 3.373631757308e-21 ||r(i)||/||b|| 6.968457169183e-05
100 KSP unpreconditioned resid norm 3.373608204004e-21 true resid norm 3.373608204004e-21 ||r(i)||/||b|| 6.968408518291e-05
101 KSP unpreconditioned resid norm 3.262257415214e-21 true resid norm 3.262257415214e-21 ||r(i)||/||b|| 6.738406177119e-05
102 KSP unpreconditioned resid norm 3.130461573286e-21 true resid norm 3.130461573286e-21 ||r(i)||/||b|| 6.466173240740e-05
103 KSP unpreconditioned resid norm 3.004758893694e-21 true resid norm 3.004758893694e-21 ||r(i)||/||b|| 6.206526129910e-05
104 KSP unpreconditioned resid norm 2.883935802139e-21 true resid norm 2.883935802139e-21 ||r(i)||/||b|| 5.956958127498e-05
105 KSP unpreconditioned resid norm 2.793327528951e-21 true resid norm 2.793327528951e-21 ||r(i)||/||b|| 5.769800809715e-05
106 KSP unpreconditioned resid norm 2.735887651694e-21 true resid norm 2.735887651693e-21 ||r(i)||/||b|| 5.651154984306e-05
107 KSP unpreconditioned resid norm 2.686323598148e-21 true resid norm 2.686323598148e-21 ||r(i)||/||b|| 5.548777188176e-05
108 KSP unpreconditioned resid norm 2.634055174401e-21 true resid norm 2.634055174401e-21 ||r(i)||/||b|| 5.440813338419e-05
109 KSP unpreconditioned resid norm 2.584773282132e-21 true resid norm 2.584773282132e-21 ||r(i)||/||b|| 5.339018364873e-05
110 KSP unpreconditioned resid norm 2.531463540273e-21 true resid norm 2.531463540273e-21 ||r(i)||/||b|| 5.228903604410e-05
111 KSP unpreconditioned resid norm 2.482453797112e-21 true resid norm 2.482453797112e-21 ||r(i)||/||b|| 5.127670772655e-05
112 KSP unpreconditioned resid norm 2.432239756267e-21 true resid norm 2.432239756267e-21 ||r(i)||/||b|| 5.023950385223e-05
113 KSP unpreconditioned resid norm 2.373650725718e-21 true resid norm 2.373650725718e-21 ||r(i)||/||b|| 4.902930908490e-05
114 KSP unpreconditioned resid norm 2.299638386852e-21 true resid norm 2.299638386852e-21 ||r(i)||/||b|| 4.750053579107e-05
115 KSP unpreconditioned resid norm 2.240429331531e-21 true resid norm 2.240429331531e-21 ||r(i)||/||b|| 4.627753400629e-05
116 KSP unpreconditioned resid norm 2.158557263549e-21 true resid norm 2.158557263549e-21 ||r(i)||/||b|| 4.458641286408e-05
117 KSP unpreconditioned resid norm 2.083642620583e-21 true resid norm 2.083642620582e-21 ||r(i)||/||b|| 4.303900188857e-05
118 KSP unpreconditioned resid norm 2.001178412047e-21 true resid norm 2.001178412047e-21 ||r(i)||/||b|| 4.133564969571e-05
119 KSP unpreconditioned resid norm 1.911024027411e-21 true resid norm 1.911024027411e-21 ||r(i)||/||b|| 3.947345188297e-05
120 KSP unpreconditioned resid norm 1.831379731920e-21 true resid norm 1.831379731920e-21 ||r(i)||/||b|| 3.782834683943e-05
121 KSP unpreconditioned resid norm 1.768010188570e-21 true resid norm 1.768010188570e-21 ||r(i)||/||b|| 3.651940745174e-05
122 KSP unpreconditioned resid norm 1.716193377444e-21 true resid norm 1.716193377444e-21 ||r(i)||/||b|| 3.544909730841e-05
123 KSP unpreconditioned resid norm 1.672551319567e-21 true resid norm 1.672551319567e-21 ||r(i)||/||b|| 3.454764204309e-05
124 KSP unpreconditioned resid norm 1.642172402072e-21 true resid norm 1.642172402072e-21 ||r(i)||/||b|| 3.392014562190e-05
125 KSP unpreconditioned resid norm 1.614617636071e-21 true resid norm 1.614617636071e-21 ||r(i)||/||b|| 3.335098389798e-05
126 KSP unpreconditioned resid norm 1.595063605668e-21 true resid norm 1.595063605668e-21 ||r(i)||/||b|| 3.294708260361e-05
127 KSP unpreconditioned resid norm 1.572174219957e-21 true resid norm 1.572174219957e-21 ||r(i)||/||b|| 3.247428736267e-05
128 KSP unpreconditioned resid norm 1.546864021151e-21 true resid norm 1.546864021151e-21 ||r(i)||/||b|| 3.195148864304e-05
129 KSP unpreconditioned resid norm 1.521132792759e-21 true resid norm 1.521132792759e-21 ||r(i)||/||b|| 3.141999328177e-05
130 KSP unpreconditioned resid norm 1.496355910641e-21 true resid norm 1.496355910641e-21 ||r(i)||/||b|| 3.090821056735e-05
131 KSP unpreconditioned resid norm 1.474366478953e-21 true resid norm 1.474366478953e-21 ||r(i)||/||b|| 3.045400446568e-05
132 KSP unpreconditioned resid norm 1.451866120463e-21 true resid norm 1.451866120463e-21 ||r(i)||/||b|| 2.998924483657e-05
133 KSP unpreconditioned resid norm 1.426372587708e-21 true resid norm 1.426372587708e-21 ||r(i)||/||b|| 2.946265923425e-05
134 KSP unpreconditioned resid norm 1.396582123855e-21 true resid norm 1.396582123855e-21 ||r(i)||/||b|| 2.884731770814e-05
135 KSP unpreconditioned resid norm 1.355051077126e-21 true resid norm 1.355051077126e-21 ||r(i)||/||b|| 2.798946675953e-05
136 KSP unpreconditioned resid norm 1.297741231154e-21 true resid norm 1.297741231154e-21 ||r(i)||/||b|| 2.680569438673e-05
137 KSP unpreconditioned resid norm 1.226277138800e-21 true resid norm 1.226277138800e-21 ||r(i)||/||b|| 2.532955679222e-05
138 KSP unpreconditioned resid norm 1.133241465804e-21 true resid norm 1.133241465804e-21 ||r(i)||/||b|| 2.340784408285e-05
139 KSP unpreconditioned resid norm 1.037626907394e-21 true resid norm 1.037626907394e-21 ||r(i)||/||b|| 2.143286280758e-05
140 KSP unpreconditioned resid norm 9.564561422045e-22 true resid norm 9.564561422045e-22 ||r(i)||/||b|| 1.975622753348e-05
141 KSP unpreconditioned resid norm 8.847286481912e-22 true resid norm 8.847286481913e-22 ||r(i)||/||b|| 1.827464920531e-05
142 KSP unpreconditioned resid norm 8.217244931073e-22 true resid norm 8.217244931073e-22 ||r(i)||/||b|| 1.697325715138e-05
143 KSP unpreconditioned resid norm 7.696780988472e-22 true resid norm 7.696780988474e-22 ||r(i)||/||b|| 1.589820481817e-05
144 KSP unpreconditioned resid norm 7.237377735197e-22 true resid norm 7.237377735198e-22 ||r(i)||/||b|| 1.494927733464e-05
145 KSP unpreconditioned resid norm 6.831143630060e-22 true resid norm 6.831143630062e-22 ||r(i)||/||b|| 1.411017420603e-05
146 KSP unpreconditioned resid norm 6.360156191377e-22 true resid norm 6.360156191378e-22 ||r(i)||/||b|| 1.313731882946e-05
147 KSP unpreconditioned resid norm 5.977237347667e-22 true resid norm 5.977237347666e-22 ||r(i)||/||b|| 1.234637489910e-05
148 KSP unpreconditioned resid norm 5.592311711967e-22 true resid norm 5.592311711967e-22 ||r(i)||/||b|| 1.155128580858e-05
149 KSP unpreconditioned resid norm 5.266893029087e-22 true resid norm 5.266893029089e-22 ||r(i)||/||b|| 1.087911222331e-05
150 KSP unpreconditioned resid norm 4.947444670822e-22 true resid norm 4.947444670825e-22 ||r(i)||/||b|| 1.021927073424e-05
151 KSP unpreconditioned resid norm 4.688757837144e-22 true resid norm 4.688757837145e-22 ||r(i)||/||b|| 9.684936150496e-06
152 KSP unpreconditioned resid norm 4.450557978587e-22 true resid norm 4.450557978590e-22 ||r(i)||/||b|| 9.192918754570e-06
153 KSP unpreconditioned resid norm 4.222382221412e-22 true resid norm 4.222382221409e-22 ||r(i)||/||b|| 8.721606796021e-06
154 KSP unpreconditioned resid norm 4.033407479293e-22 true resid norm 4.033407479291e-22 ||r(i)||/||b|| 8.331267099445e-06
155 KSP unpreconditioned resid norm 3.897887975755e-22 true resid norm 3.897887975758e-22 ||r(i)||/||b|| 8.051342696340e-06
156 KSP unpreconditioned resid norm 3.782439429243e-22 true resid norm 3.782439429240e-22 ||r(i)||/||b|| 7.812876168418e-06
157 KSP unpreconditioned resid norm 3.688886179101e-22 true resid norm 3.688886179100e-22 ||r(i)||/||b|| 7.619635808018e-06
158 KSP unpreconditioned resid norm 3.621298903260e-22 true resid norm 3.621298903258e-22 ||r(i)||/||b|| 7.480029866775e-06
159 KSP unpreconditioned resid norm 3.565931817415e-22 true resid norm 3.565931817415e-22 ||r(i)||/||b|| 7.365665527678e-06
160 KSP unpreconditioned resid norm 3.513614637510e-22 true resid norm 3.513614637508e-22 ||r(i)||/||b|| 7.257600968882e-06
161 KSP unpreconditioned resid norm 3.456856091840e-22 true resid norm 3.456856091838e-22 ||r(i)||/||b|| 7.140362478455e-06
162 KSP unpreconditioned resid norm 3.394443849647e-22 true resid norm 3.394443849645e-22 ||r(i)||/||b|| 7.011445907874e-06
163 KSP unpreconditioned resid norm 3.328876820606e-22 true resid norm 3.328876820607e-22 ||r(i)||/||b|| 6.876012918611e-06
164 KSP unpreconditioned resid norm 3.268284721270e-22 true resid norm 3.268284721271e-22 ||r(i)||/||b|| 6.750855972214e-06
165 KSP unpreconditioned resid norm 3.199360683528e-22 true resid norm 3.199360683527e-22 ||r(i)||/||b|| 6.608488861782e-06
166 KSP unpreconditioned resid norm 3.117876481624e-22 true resid norm 3.117876481625e-22 ||r(i)||/||b|| 6.440177910331e-06
167 KSP unpreconditioned resid norm 3.024222024588e-22 true resid norm 3.024222024592e-22 ||r(i)||/||b|| 6.246728500472e-06
168 KSP unpreconditioned resid norm 2.918753921235e-22 true resid norm 2.918753921237e-22 ||r(i)||/||b|| 6.028877231034e-06
169 KSP unpreconditioned resid norm 2.816602717068e-22 true resid norm 2.816602717066e-22 ||r(i)||/||b|| 5.817877233921e-06
170 KSP unpreconditioned resid norm 2.714216878368e-22 true resid norm 2.714216878367e-22 ||r(i)||/||b|| 5.606392583839e-06
171 KSP unpreconditioned resid norm 2.628582386520e-22 true resid norm 2.628582386520e-22 ||r(i)||/||b|| 5.429508936907e-06
172 KSP unpreconditioned resid norm 2.568391427662e-22 true resid norm 2.568391427661e-22 ||r(i)||/||b|| 5.305180572415e-06
173 KSP unpreconditioned resid norm 2.511258624898e-22 true resid norm 2.511258624897e-22 ||r(i)||/||b|| 5.187169029467e-06
174 KSP unpreconditioned resid norm 2.457214761898e-22 true resid norm 2.457214761900e-22 ||r(i)||/||b|| 5.075537893752e-06
175 KSP unpreconditioned resid norm 2.408629539488e-22 true resid norm 2.408629539489e-22 ||r(i)||/||b|| 4.975181937388e-06
176 KSP unpreconditioned resid norm 2.373413476894e-22 true resid norm 2.373413476894e-22 ||r(i)||/||b|| 4.902440855518e-06
177 KSP unpreconditioned resid norm 2.339809690201e-22 true resid norm 2.339809690200e-22 ||r(i)||/||b|| 4.833030035030e-06
178 KSP unpreconditioned resid norm 2.305475182793e-22 true resid norm 2.305475182792e-22 ||r(i)||/||b|| 4.762109863086e-06
179 KSP unpreconditioned resid norm 2.269024392211e-22 true resid norm 2.269024392214e-22 ||r(i)||/||b|| 4.686818369766e-06
180 KSP unpreconditioned resid norm 2.236642976035e-22 true resid norm 2.236642976044e-22 ||r(i)||/||b|| 4.619932435587e-06
181 KSP unpreconditioned resid norm 2.200413070405e-22 true resid norm 2.200413070408e-22 ||r(i)||/||b|| 4.545097194568e-06
182 KSP unpreconditioned resid norm 2.165798225693e-22 true resid norm 2.165798225695e-22 ||r(i)||/||b|| 4.473597967578e-06
183 KSP unpreconditioned resid norm 2.120554958409e-22 true resid norm 2.120554958415e-22 ||r(i)||/||b|| 4.380145038238e-06
184 KSP unpreconditioned resid norm 2.082865759629e-22 true resid norm 2.082865759635e-22 ||r(i)||/||b|| 4.302295531732e-06
185 KSP unpreconditioned resid norm 2.047187393489e-22 true resid norm 2.047187393494e-22 ||r(i)||/||b|| 4.228599531633e-06
186 KSP unpreconditioned resid norm 2.016293000927e-22 true resid norm 2.016293000939e-22 ||r(i)||/||b|| 4.164785142046e-06
187 KSP unpreconditioned resid norm 1.991136475275e-22 true resid norm 1.991136475285e-22 ||r(i)||/||b|| 4.112822692034e-06
188 KSP unpreconditioned resid norm 1.965756881549e-22 true resid norm 1.965756881557e-22 ||r(i)||/||b|| 4.060399480317e-06
189 KSP unpreconditioned resid norm 1.939879590932e-22 true resid norm 1.939879590940e-22 ||r(i)||/||b|| 4.006948243107e-06
190 KSP unpreconditioned resid norm 1.936348675837e-22 true resid norm 1.930888923009e-22 ||r(i)||/||b|| 3.988377430137e-06
191 KSP unpreconditioned resid norm 1.934803039185e-22 true resid norm 1.927723233969e-22 ||r(i)||/||b|| 3.981838492259e-06
192 KSP unpreconditioned resid norm 1.933108941342e-22 true resid norm 1.927642467714e-22 ||r(i)||/||b|| 3.981671664272e-06
193 KSP unpreconditioned resid norm 1.932795979262e-22 true resid norm 1.927141014179e-22 ||r(i)||/||b|| 3.980635879180e-06
194 KSP unpreconditioned resid norm 1.930278548212e-22 true resid norm 1.929340162652e-22 ||r(i)||/||b|| 3.985178364266e-06
195 KSP unpreconditioned resid norm 1.929869926121e-22 true resid norm 1.930856384025e-22 ||r(i)||/||b|| 3.988310218735e-06
196 KSP unpreconditioned resid norm 1.928190715672e-22 true resid norm 1.937744107332e-22 ||r(i)||/||b|| 4.002537261967e-06
197 KSP unpreconditioned resid norm 1.927379636817e-22 true resid norm 1.940600060438e-22 ||r(i)||/||b|| 4.008436420004e-06
198 KSP unpreconditioned resid norm 1.925645740988e-22 true resid norm 1.949069990557e-22 ||r(i)||/||b|| 4.025931614947e-06
199 KSP unpreconditioned resid norm 1.925603994144e-22 true resid norm 1.949009525565e-22 ||r(i)||/||b|| 4.025806720549e-06
200 KSP unpreconditioned resid norm 1.961088675917e-22 true resid norm 1.961088675917e-22 ||r(i)||/||b|| 4.050756996076e-06
201 KSP unpreconditioned resid norm 1.939440174889e-22 true resid norm 1.939440174890e-22 ||r(i)||/||b|| 4.006040600501e-06
202 KSP unpreconditioned resid norm 1.922630119505e-22 true resid norm 1.922630119506e-22 ||r(i)||/||b|| 3.971318331036e-06
203 KSP unpreconditioned resid norm 1.904873959681e-22 true resid norm 1.904873959681e-22 ||r(i)||/||b|| 3.934641820932e-06
204 KSP unpreconditioned resid norm 1.885373123153e-22 true resid norm 1.885373123151e-22 ||r(i)||/||b|| 3.894361566921e-06
205 KSP unpreconditioned resid norm 1.859874365535e-22 true resid norm 1.859874365535e-22 ||r(i)||/||b|| 3.841692214397e-06
206 KSP unpreconditioned resid norm 1.826778045415e-22 true resid norm 1.826778045412e-22 ||r(i)||/||b|| 3.773329599319e-06
207 KSP unpreconditioned resid norm 1.791901379090e-22 true resid norm 1.791901379092e-22 ||r(i)||/||b|| 3.701289562666e-06
208 KSP unpreconditioned resid norm 1.757456741174e-22 true resid norm 1.757456741174e-22 ||r(i)||/||b|| 3.630141908948e-06
209 KSP unpreconditioned resid norm 1.728430897102e-22 true resid norm 1.728430897105e-22 ||r(i)||/||b|| 3.570187128539e-06
210 KSP unpreconditioned resid norm 1.701700259493e-22 true resid norm 1.701700259498e-22 ||r(i)||/||b|| 3.514973247276e-06
211 KSP unpreconditioned resid norm 1.678192988127e-22 true resid norm 1.678192988125e-22 ||r(i)||/||b|| 3.466417439911e-06
212 KSP unpreconditioned resid norm 1.653193181931e-22 true resid norm 1.653193181931e-22 ||r(i)||/||b|| 3.414778704200e-06
213 KSP unpreconditioned resid norm 1.628584452893e-22 true resid norm 1.628584452891e-22 ||r(i)||/||b|| 3.363947763944e-06
214 KSP unpreconditioned resid norm 1.602695035705e-22 true resid norm 1.602695035705e-22 ||r(i)||/||b|| 3.310471478513e-06
215 KSP unpreconditioned resid norm 1.578268322610e-22 true resid norm 1.578268322615e-22 ||r(i)||/||b|| 3.260016504113e-06
216 KSP unpreconditioned resid norm 1.551240168896e-22 true resid norm 1.551240168896e-22 ||r(i)||/||b|| 3.204188083850e-06
217 KSP unpreconditioned resid norm 1.527761937273e-22 true resid norm 1.527761937278e-22 ||r(i)||/||b|| 3.155692260001e-06
218 KSP unpreconditioned resid norm 1.495878320816e-22 true resid norm 1.495878320818e-22 ||r(i)||/||b|| 3.089834563701e-06
219 KSP unpreconditioned resid norm 1.470735515477e-22 true resid norm 1.470735515476e-22 ||r(i)||/||b|| 3.037900453893e-06
220 KSP unpreconditioned resid norm 1.438414114672e-22 true resid norm 1.438414114677e-22 ||r(i)||/||b|| 2.971138485391e-06
221 KSP unpreconditioned resid norm 1.403154117371e-22 true resid norm 1.403154117371e-22 ||r(i)||/||b|| 2.898306653500e-06
222 KSP unpreconditioned resid norm 1.359109941563e-22 true resid norm 1.359109941560e-22 ||r(i)||/||b|| 2.807330526059e-06
223 KSP unpreconditioned resid norm 1.312222344195e-22 true resid norm 1.312222344194e-22 ||r(i)||/||b|| 2.710481125320e-06
224 KSP unpreconditioned resid norm 1.275008297153e-22 true resid norm 1.275008297153e-22 ||r(i)||/||b|| 2.633613075824e-06
225 KSP unpreconditioned resid norm 1.243698016655e-22 true resid norm 1.243698016657e-22 ||r(i)||/||b|| 2.568939642478e-06
226 KSP unpreconditioned resid norm 1.218000105891e-22 true resid norm 1.218000105889e-22 ||r(i)||/||b|| 2.515858926085e-06
227 KSP unpreconditioned resid norm 1.192694804245e-22 true resid norm 1.192694804246e-22 ||r(i)||/||b|| 2.463589169532e-06
228 KSP unpreconditioned resid norm 1.168509109003e-22 true resid norm 1.168509109000e-22 ||r(i)||/||b|| 2.413632033262e-06
229 KSP unpreconditioned resid norm 1.141980168432e-22 true resid norm 1.141980168429e-22 ||r(i)||/||b|| 2.358834770427e-06
230 KSP unpreconditioned resid norm 1.113426289426e-22 true resid norm 1.113426289428e-22 ||r(i)||/||b|| 2.299854864751e-06
231 KSP unpreconditioned resid norm 1.088836583562e-22 true resid norm 1.088836583560e-22 ||r(i)||/||b|| 2.249063218100e-06
232 KSP unpreconditioned resid norm 1.066396266167e-22 true resid norm 1.066396266167e-22 ||r(i)||/||b|| 2.202711274004e-06
233 KSP unpreconditioned resid norm 1.048493102961e-22 true resid norm 1.048493102960e-22 ||r(i)||/||b|| 2.165731118796e-06
234 KSP unpreconditioned resid norm 1.030199413683e-22 true resid norm 1.030199413682e-22 ||r(i)||/||b|| 2.127944306432e-06
235 KSP unpreconditioned resid norm 1.012621284213e-22 true resid norm 1.012621284212e-22 ||r(i)||/||b|| 2.091635529679e-06
236 KSP unpreconditioned resid norm 9.930140566495e-23 true resid norm 9.930140566462e-23 ||r(i)||/||b|| 2.051135518020e-06
237 KSP unpreconditioned resid norm 9.727719406445e-23 true resid norm 9.727719406407e-23 ||r(i)||/||b|| 2.009324102743e-06
238 KSP unpreconditioned resid norm 9.448363399678e-23 true resid norm 9.448363399677e-23 ||r(i)||/||b|| 1.951621291414e-06
239 KSP unpreconditioned resid norm 9.169908299519e-23 true resid norm 9.169908299503e-23 ||r(i)||/||b|| 1.894104568230e-06
240 KSP unpreconditioned resid norm 8.824607364059e-23 true resid norm 8.824607364072e-23 ||r(i)||/||b|| 1.822780400326e-06
241 KSP unpreconditioned resid norm 8.451568908043e-23 true resid norm 8.451568908034e-23 ||r(i)||/||b|| 1.745726866024e-06
242 KSP unpreconditioned resid norm 8.081768697782e-23 true resid norm 8.081768697782e-23 ||r(i)||/||b|| 1.669342212580e-06
243 KSP unpreconditioned resid norm 7.701478552255e-23 true resid norm 7.701478552218e-23 ||r(i)||/||b|| 1.590790794350e-06
244 KSP unpreconditioned resid norm 7.258166297721e-23 true resid norm 7.258166297738e-23 ||r(i)||/||b|| 1.499221747099e-06
245 KSP unpreconditioned resid norm 6.799026664732e-23 true resid norm 6.799026664742e-23 ||r(i)||/||b|| 1.404383451239e-06
246 KSP unpreconditioned resid norm 6.271267852787e-23 true resid norm 6.271267852787e-23 ||r(i)||/||b|| 1.295371414914e-06
247 KSP unpreconditioned resid norm 5.639617401949e-23 true resid norm 5.639617401916e-23 ||r(i)||/||b|| 1.164899880691e-06
248 KSP unpreconditioned resid norm 5.031950589644e-23 true resid norm 5.031950589630e-23 ||r(i)||/||b|| 1.039382323970e-06
249 KSP unpreconditioned resid norm 4.444784447039e-23 true resid norm 4.444784447047e-23 ||r(i)||/||b|| 9.180993147342e-07
250 KSP unpreconditioned resid norm 3.957529633814e-23 true resid norm 3.957529633813e-23 ||r(i)||/||b|| 8.174536444074e-07
251 KSP unpreconditioned resid norm 3.530875593790e-23 true resid norm 3.530875593774e-23 ||r(i)||/||b|| 7.293254603627e-07
252 KSP unpreconditioned resid norm 3.198339968260e-23 true resid norm 3.198339968255e-23 ||r(i)||/||b|| 6.606380507592e-07
253 KSP unpreconditioned resid norm 2.960325671668e-23 true resid norm 2.960325671682e-23 ||r(i)||/||b|| 6.114746402082e-07
254 KSP unpreconditioned resid norm 2.721516314496e-23 true resid norm 2.721516314501e-23 ||r(i)||/||b|| 5.621470046858e-07
255 KSP unpreconditioned resid norm 2.520490812761e-23 true resid norm 2.520490812762e-23 ||r(i)||/||b|| 5.206238717668e-07
256 KSP unpreconditioned resid norm 2.351998568245e-23 true resid norm 2.351998568243e-23 ||r(i)||/||b|| 4.858206960282e-07
257 KSP unpreconditioned resid norm 2.248408540092e-23 true resid norm 2.248408540084e-23 ||r(i)||/||b|| 4.644234978066e-07
258 KSP unpreconditioned resid norm 2.178712883263e-23 true resid norm 2.178712883262e-23 ||r(i)||/||b|| 4.500274037933e-07
259 KSP unpreconditioned resid norm 2.119861911646e-23 true resid norm 2.119861911642e-23 ||r(i)||/||b|| 4.378713504773e-07
260 KSP unpreconditioned resid norm 2.062417263408e-23 true resid norm 2.062417263415e-23 ||r(i)||/||b|| 4.260057824616e-07
261 KSP unpreconditioned resid norm 2.009648825930e-23 true resid norm 2.009648825951e-23 ||r(i)||/||b|| 4.151061163804e-07
262 KSP unpreconditioned resid norm 1.954757141146e-23 true resid norm 1.954757141147e-23 ||r(i)||/||b|| 4.037678796665e-07
263 KSP unpreconditioned resid norm 1.897197211297e-23 true resid norm 1.897197211302e-23 ||r(i)||/||b|| 3.918784994779e-07
264 KSP unpreconditioned resid norm 1.852132006259e-23 true resid norm 1.852132006271e-23 ||r(i)||/||b|| 3.825699864667e-07
265 KSP unpreconditioned resid norm 1.818933870883e-23 true resid norm 1.818933870884e-23 ||r(i)||/||b|| 3.757126943502e-07
266 KSP unpreconditioned resid norm 1.793446529669e-23 true resid norm 1.793446529678e-23 ||r(i)||/||b|| 3.704481172317e-07
267 KSP unpreconditioned resid norm 1.775057393763e-23 true resid norm 1.775057393774e-23 ||r(i)||/||b|| 3.666497208701e-07
268 KSP unpreconditioned resid norm 1.762420285626e-23 true resid norm 1.762420285632e-23 ||r(i)||/||b|| 3.640394434846e-07
269 KSP unpreconditioned resid norm 1.747732469196e-23 true resid norm 1.747732469203e-23 ||r(i)||/||b|| 3.610055788824e-07
270 KSP unpreconditioned resid norm 1.731306402767e-23 true resid norm 1.731306402767e-23 ||r(i)||/||b|| 3.576126673660e-07
271 KSP unpreconditioned resid norm 1.712669037646e-23 true resid norm 1.712669037652e-23 ||r(i)||/||b|| 3.537629976364e-07
272 KSP unpreconditioned resid norm 1.692740506780e-23 true resid norm 1.692740506785e-23 ||r(i)||/||b|| 3.496466291711e-07
273 KSP unpreconditioned resid norm 1.665489369581e-23 true resid norm 1.665489369582e-23 ||r(i)||/||b|| 3.440177284470e-07
274 KSP unpreconditioned resid norm 1.627219590426e-23 true resid norm 1.627219590424e-23 ||r(i)||/||b|| 3.361128551200e-07
275 KSP unpreconditioned resid norm 1.573878608152e-23 true resid norm 1.573878608148e-23 ||r(i)||/||b|| 3.250949261613e-07
276 KSP unpreconditioned resid norm 1.513957878068e-23 true resid norm 1.513957878066e-23 ||r(i)||/||b|| 3.127179072343e-07
277 KSP unpreconditioned resid norm 1.444427722035e-23 true resid norm 1.444427722033e-23 ||r(i)||/||b|| 2.983559984922e-07
278 KSP unpreconditioned resid norm 1.374475140503e-23 true resid norm 1.374475140496e-23 ||r(i)||/||b|| 2.839068349978e-07
279 KSP unpreconditioned resid norm 1.294623022010e-23 true resid norm 1.294623022029e-23 ||r(i)||/||b|| 2.674128573668e-07
280 KSP unpreconditioned resid norm 1.193401337611e-23 true resid norm 1.193401337637e-23 ||r(i)||/||b|| 2.465048560489e-07
281 KSP unpreconditioned resid norm 1.069476255851e-23 true resid norm 1.069476255857e-23 ||r(i)||/||b|| 2.209073194268e-07
282 KSP unpreconditioned resid norm 9.163411079168e-24 true resid norm 9.163411079286e-24 ||r(i)||/||b|| 1.892762524875e-07
283 KSP unpreconditioned resid norm 7.834284601030e-24 true resid norm 7.834284601155e-24 ||r(i)||/||b|| 1.618222752856e-07
284 KSP unpreconditioned resid norm 6.771061204589e-24 true resid norm 6.771061204672e-24 ||r(i)||/||b|| 1.398607002453e-07
285 KSP unpreconditioned resid norm 5.943828499941e-24 true resid norm 5.943828500106e-24 ||r(i)||/||b|| 1.227736673816e-07
286 KSP unpreconditioned resid norm 5.312353075029e-24 true resid norm 5.312353075238e-24 ||r(i)||/||b|| 1.097301292359e-07
287 KSP unpreconditioned resid norm 4.839152251326e-24 true resid norm 4.839152251332e-24 ||r(i)||/||b|| 9.995585654989e-08
288 KSP unpreconditioned resid norm 4.401575798203e-24 true resid norm 4.401575798240e-24 ||r(i)||/||b|| 9.091742855605e-08
289 KSP unpreconditioned resid norm 4.041798917737e-24 true resid norm 4.041798917672e-24 ||r(i)||/||b|| 8.348600164566e-08
290 KSP unpreconditioned resid norm 3.746348808022e-24 true resid norm 3.746348808001e-24 ||r(i)||/||b|| 7.738328628436e-08
291 KSP unpreconditioned resid norm 3.527469259478e-24 true resid norm 3.527469259477e-24 ||r(i)||/||b|| 7.286218597222e-08
292 KSP unpreconditioned resid norm 3.483561598694e-24 true resid norm 3.475559140459e-24 ||r(i)||/||b|| 7.178994849331e-08
293 KSP unpreconditioned resid norm 3.483452056180e-24 true resid norm 3.473435900171e-24 ||r(i)||/||b|| 7.174609157569e-08
294 KSP unpreconditioned resid norm 3.479370094575e-24 true resid norm 3.457319645269e-24 ||r(i)||/||b|| 7.141319978401e-08
295 KSP unpreconditioned resid norm 3.477538597731e-24 true resid norm 3.451787657182e-24 ||r(i)||/||b|| 7.129893294988e-08
296 KSP unpreconditioned resid norm 3.476511540007e-24 true resid norm 3.446163817594e-24 ||r(i)||/||b|| 7.118276886288e-08
297 KSP unpreconditioned resid norm 3.476498092425e-24 true resid norm 3.446230883140e-24 ||r(i)||/||b|| 7.118415414563e-08
298 KSP unpreconditioned resid norm 3.476277549342e-24 true resid norm 3.444991491510e-24 ||r(i)||/||b|| 7.115855370042e-08
299 KSP unpreconditioned resid norm 3.475682673998e-24 true resid norm 3.444225618674e-24 ||r(i)||/||b|| 7.114273409580e-08
300 KSP unpreconditioned resid norm 3.442339479654e-24 true resid norm 3.442339479654e-24 ||r(i)||/||b|| 7.110377466004e-08
301 KSP unpreconditioned resid norm 3.339730072756e-24 true resid norm 3.339730072699e-24 ||r(i)||/||b|| 6.898431021057e-08
302 KSP unpreconditioned resid norm 3.258708749716e-24 true resid norm 3.258708749814e-24 ||r(i)||/||b|| 6.731076176506e-08
303 KSP unpreconditioned resid norm 3.182722352084e-24 true resid norm 3.182722352175e-24 ||r(i)||/||b|| 6.574121299542e-08
304 KSP unpreconditioned resid norm 3.100232107162e-24 true resid norm 3.100232107334e-24 ||r(i)||/||b|| 6.403732300565e-08
305 KSP unpreconditioned resid norm 3.004520670984e-24 true resid norm 3.004520670957e-24 ||r(i)||/||b|| 6.206034065257e-08
306 KSP unpreconditioned resid norm 2.866161523489e-24 true resid norm 2.866161523460e-24 ||r(i)||/||b|| 5.920244191716e-08
307 KSP unpreconditioned resid norm 2.685949120086e-24 true resid norm 2.685949120130e-24 ||r(i)||/||b|| 5.548003679325e-08
308 KSP unpreconditioned resid norm 2.478915981204e-24 true resid norm 2.478915981323e-24 ||r(i)||/||b|| 5.120363182625e-08
309 KSP unpreconditioned resid norm 2.273472390189e-24 true resid norm 2.273472390150e-24 ||r(i)||/||b|| 4.696006000585e-08
310 KSP unpreconditioned resid norm 2.061183764820e-24 true resid norm 2.061183764862e-24 ||r(i)||/||b|| 4.257509952633e-08
311 KSP unpreconditioned resid norm 1.850121579597e-24 true resid norm 1.850121579761e-24 ||r(i)||/||b|| 3.821547197147e-08
312 KSP unpreconditioned resid norm 1.591315903942e-24 true resid norm 1.591315903817e-24 ||r(i)||/||b|| 3.286967136934e-08
313 KSP unpreconditioned resid norm 1.353380762719e-24 true resid norm 1.353380762657e-24 ||r(i)||/||b|| 2.795496532109e-08
314 KSP unpreconditioned resid norm 1.165132092572e-24 true resid norm 1.165132092499e-24 ||r(i)||/||b|| 2.406656584683e-08
315 KSP unpreconditioned resid norm 1.032588118985e-24 true resid norm 1.032588119019e-24 ||r(i)||/||b|| 2.132878333625e-08
316 KSP unpreconditioned resid norm 9.386326957088e-25 true resid norm 9.386326956695e-25 ||r(i)||/||b|| 1.938807258142e-08
  Linear solve converged due to CONVERGED_ATOL iterations 316
Mat Object: 1 MPI process
  type: seqaijcusparse
  rows=281452, cols=281452, bs=4
  total: nonzeros=15993520, allocated nonzeros=15993520
  total number of mallocs used during MatSetValues calls=0
    not using I-node routines
Vec Object: 1 MPI process
  type: seqcuda
  length=281452, bs=4
Vec Object: 1 MPI process
  type: seqcuda
  length=281452, bs=4
KSP Object: 1 MPI process
  type: gmres
    restart=100, using classical (unmodified) Gram-Schmidt orthogonalization with no iterative refinement
    happy breakdown tolerance=1e-30
  maximum iterations=2000, initial guess is zero
  tolerances: relative=1e-10, absolute=1e-24, divergence=10000.
  right preconditioning
  diagonally scaled system
  using UNPRECONDITIONED norm type for convergence test
PC Object: 1 MPI process
  type: asm
    total subdomain blocks = 1, amount of overlap = 2
    restriction/interpolation type - RESTRICT
    Local solver information for first block is in the following KSP and PC objects on rank 0:
    Use -ksp_view ::ascii_info_detail to display information for all blocks
    KSP Object: (sub_) 1 MPI process
      type: preonly
      maximum iterations=10000, initial guess is zero
      tolerances: relative=1e-05, absolute=1e-50, divergence=10000.
      left preconditioning
      not checking for convergence
    PC Object: (sub_) 1 MPI process
      type: ilu
        out-of-place factorization
        2 levels of fill
        tolerance for zero pivot 2.22045e-14
        matrix ordering: natural
        factor fill ratio given 1., needed 4.996
          Factored matrix:
            Mat Object: (sub_) 1 MPI process
              type: seqaijcusparse
              rows=281452, cols=281452, bs=4
              package used to perform factorization: cusparse
              total: nonzeros=79903664, allocated nonzeros=79903664
                using I-node routines: found 70363 nodes, limit used is 5
      linear system matrix, which is also used to construct the preconditioner:
      Mat Object: (sub_) 1 MPI process
        type: seqaijcusparse
        rows=281452, cols=281452, bs=4
        total: nonzeros=15993520, allocated nonzeros=15993520
        total number of mallocs used during MatSetValues calls=0
          not using I-node routines
  linear system matrix, which is also used to construct the preconditioner:
  Mat Object: 1 MPI process
    type: seqaijcusparse
    rows=281452, cols=281452, bs=4
    total: nonzeros=15993520, allocated nonzeros=15993520
    total number of mallocs used during MatSetValues calls=0
      not using I-node routines
SV13Q_END logical=7 attempt=0 step=64 reason=3 iterations=316 healthy=1 ref=316 ratio=1 pending=0 recovery=NONE
 NS     64-1    2.345e+03 [   0  1.000e+00  4.802e-14  1.939e-08] [  316 -178   81]
Vec Object: 1 MPI process
  type: seqcuda
  length=281452, bs=4
Mat Object: 1 MPI process
  type: seqaijcusparse
  rows=281452, cols=281452, bs=4
  total: nonzeros=15993520, allocated nonzeros=15993520
  total number of mallocs used during MatSetValues calls=0
    not using I-node routines
Mat Object: 1 MPI process
  type: seqaijcusparse
  rows=281452, cols=281452, bs=4
  total: nonzeros=15993520, allocated nonzeros=15993520
  total number of mallocs used during MatSetValues calls=0
    not using I-node routines
SV13Q_BEGIN logical=8 attempt=0 step=64 equation=0 policy=R3 reuse=1 age=0 ref=316 rebuild_reason=REUSE builds=2 attempts=8 ksp=0x55e693816a00 pc=0x55e6952d3390
  0 KSP unpreconditioned resid norm 3.145231990798e-17 true resid norm 3.145231990798e-17 ||r(i)||/||b|| 1.000000000000e+00
  1 KSP unpreconditioned resid norm 1.932320428814e-18 true resid norm 1.932320428814e-18 ||r(i)||/||b|| 6.143649926195e-02
  2 KSP unpreconditioned resid norm 6.412813108112e-19 true resid norm 6.412813108112e-19 ||r(i)||/||b|| 2.038899873483e-02
  3 KSP unpreconditioned resid norm 3.321562211675e-19 true resid norm 3.321562211675e-19 ||r(i)||/||b|| 1.056062707423e-02
  4 KSP unpreconditioned resid norm 2.110154267266e-19 true resid norm 2.110154267266e-19 ||r(i)||/||b|| 6.709057625763e-03
  5 KSP unpreconditioned resid norm 1.555416214059e-19 true resid norm 1.555416214059e-19 ||r(i)||/||b|| 4.945314745017e-03
  6 KSP unpreconditioned resid norm 1.255573460320e-19 true resid norm 1.255573460320e-19 ||r(i)||/||b|| 3.991989983548e-03
  7 KSP unpreconditioned resid norm 1.058796816056e-19 true resid norm 1.058796816056e-19 ||r(i)||/||b|| 3.366355229610e-03
  8 KSP unpreconditioned resid norm 9.554935005004e-20 true resid norm 9.554935005004e-20 ||r(i)||/||b|| 3.037911045341e-03
  9 KSP unpreconditioned resid norm 8.730215730474e-20 true resid norm 8.730215730474e-20 ||r(i)||/||b|| 2.775698503645e-03
 10 KSP unpreconditioned resid norm 7.966964040171e-20 true resid norm 7.966964040171e-20 ||r(i)||/||b|| 2.533029062237e-03
 11 KSP unpreconditioned resid norm 7.190748714656e-20 true resid norm 7.190748714656e-20 ||r(i)||/||b|| 2.286237942286e-03
 12 KSP unpreconditioned resid norm 6.354342927647e-20 true resid norm 6.354342927647e-20 ||r(i)||/||b|| 2.020309772455e-03
 13 KSP unpreconditioned resid norm 5.418191110180e-20 true resid norm 5.418191110180e-20 ||r(i)||/||b|| 1.722668193008e-03
 14 KSP unpreconditioned resid norm 4.733850570078e-20 true resid norm 4.733850570078e-20 ||r(i)||/||b|| 1.505087886658e-03
 15 KSP unpreconditioned resid norm 4.170107726834e-20 true resid norm 4.170107726834e-20 ||r(i)||/||b|| 1.325850601493e-03
 16 KSP unpreconditioned resid norm 3.743748563761e-20 true resid norm 3.743748563761e-20 ||r(i)||/||b|| 1.190293299418e-03
 17 KSP unpreconditioned resid norm 3.388530004494e-20 true resid norm 3.388530004494e-20 ||r(i)||/||b|| 1.077354552671e-03
 18 KSP unpreconditioned resid norm 3.067609645012e-20 true resid norm 3.067609645012e-20 ||r(i)||/||b|| 9.753206294438e-04
 19 KSP unpreconditioned resid norm 2.813612982515e-20 true resid norm 2.813612982515e-20 ||r(i)||/||b|| 8.945645315661e-04
 20 KSP unpreconditioned resid norm 2.591065303861e-20 true resid norm 2.591065303861e-20 ||r(i)||/||b|| 8.238073730148e-04
 21 KSP unpreconditioned resid norm 2.388370441221e-20 true resid norm 2.388370441221e-20 ||r(i)||/||b|| 7.593622499736e-04
 22 KSP unpreconditioned resid norm 2.231433488794e-20 true resid norm 2.231433488794e-20 ||r(i)||/||b|| 7.094654687864e-04
 23 KSP unpreconditioned resid norm 2.098447432880e-20 true resid norm 2.098447432880e-20 ||r(i)||/||b|| 6.671836732615e-04
 24 KSP unpreconditioned resid norm 1.971009133462e-20 true resid norm 1.971009133462e-20 ||r(i)||/||b|| 6.266657401515e-04
 25 KSP unpreconditioned resid norm 1.834562260310e-20 true resid norm 1.834562260310e-20 ||r(i)||/||b|| 5.832836069573e-04
 26 KSP unpreconditioned resid norm 1.692306644042e-20 true resid norm 1.692306644042e-20 ||r(i)||/||b|| 5.380546328515e-04
 27 KSP unpreconditioned resid norm 1.555200891531e-20 true resid norm 1.555200891531e-20 ||r(i)||/||b|| 4.944630145189e-04
 28 KSP unpreconditioned resid norm 1.427595053434e-20 true resid norm 1.427595053434e-20 ||r(i)||/||b|| 4.538918138980e-04
 29 KSP unpreconditioned resid norm 1.334635470439e-20 true resid norm 1.334635470439e-20 ||r(i)||/||b|| 4.243360980505e-04
 30 KSP unpreconditioned resid norm 1.257303125669e-20 true resid norm 1.257303125669e-20 ||r(i)||/||b|| 3.997489308730e-04
 31 KSP unpreconditioned resid norm 1.188820182080e-20 true resid norm 1.188820182080e-20 ||r(i)||/||b|| 3.779753562085e-04
 32 KSP unpreconditioned resid norm 1.138547193626e-20 true resid norm 1.138547193626e-20 ||r(i)||/||b|| 3.619914832853e-04
 33 KSP unpreconditioned resid norm 1.097144006362e-20 true resid norm 1.097144006362e-20 ||r(i)||/||b|| 3.488276888865e-04
 34 KSP unpreconditioned resid norm 1.047672092523e-20 true resid norm 1.047672092523e-20 ||r(i)||/||b|| 3.330985108850e-04
 35 KSP unpreconditioned resid norm 1.004668695910e-20 true resid norm 1.004668695909e-20 ||r(i)||/||b|| 3.194259434117e-04
 36 KSP unpreconditioned resid norm 9.688262584410e-21 true resid norm 9.688262584409e-21 ||r(i)||/||b|| 3.080301425381e-04
 37 KSP unpreconditioned resid norm 9.388688213735e-21 true resid norm 9.388688213734e-21 ||r(i)||/||b|| 2.985054279367e-04
 38 KSP unpreconditioned resid norm 9.130183311048e-21 true resid norm 9.130183311046e-21 ||r(i)||/||b|| 2.902864824521e-04
 39 KSP unpreconditioned resid norm 8.942828490450e-21 true resid norm 8.942828490449e-21 ||r(i)||/||b|| 2.843296938544e-04
 40 KSP unpreconditioned resid norm 8.773529547505e-21 true resid norm 8.773529547504e-21 ||r(i)||/||b|| 2.789469766673e-04
 41 KSP unpreconditioned resid norm 8.633595006160e-21 true resid norm 8.633595006159e-21 ||r(i)||/||b|| 2.744978758774e-04
 42 KSP unpreconditioned resid norm 8.481647236516e-21 true resid norm 8.481647236514e-21 ||r(i)||/||b|| 2.696668246199e-04
 43 KSP unpreconditioned resid norm 8.287813166572e-21 true resid norm 8.287813166570e-21 ||r(i)||/||b|| 2.635040337507e-04
 44 KSP unpreconditioned resid norm 8.054173879322e-21 true resid norm 8.054173879320e-21 ||r(i)||/||b|| 2.560756695494e-04
 45 KSP unpreconditioned resid norm 7.840255662973e-21 true resid norm 7.840255662971e-21 ||r(i)||/||b|| 2.492743201744e-04
 46 KSP unpreconditioned resid norm 7.673661777240e-21 true resid norm 7.673661777238e-21 ||r(i)||/||b|| 2.439776080012e-04
 47 KSP unpreconditioned resid norm 7.546429129673e-21 true resid norm 7.546429129670e-21 ||r(i)||/||b|| 2.399323532174e-04
 48 KSP unpreconditioned resid norm 7.424822535574e-21 true resid norm 7.424822535572e-21 ||r(i)||/||b|| 2.360659740615e-04
 49 KSP unpreconditioned resid norm 7.299816704175e-21 true resid norm 7.299816704172e-21 ||r(i)||/||b|| 2.320915190208e-04
 50 KSP unpreconditioned resid norm 7.162681220483e-21 true resid norm 7.162681220480e-21 ||r(i)||/||b|| 2.277314119097e-04
 51 KSP unpreconditioned resid norm 7.029851993285e-21 true resid norm 7.029851993282e-21 ||r(i)||/||b|| 2.235082185940e-04
 52 KSP unpreconditioned resid norm 6.898293668863e-21 true resid norm 6.898293668860e-21 ||r(i)||/||b|| 2.193254325608e-04
 53 KSP unpreconditioned resid norm 6.791810148136e-21 true resid norm 6.791810148133e-21 ||r(i)||/||b|| 2.159398787754e-04
 54 KSP unpreconditioned resid norm 6.690082405498e-21 true resid norm 6.690082405495e-21 ||r(i)||/||b|| 2.127055309455e-04
 55 KSP unpreconditioned resid norm 6.585491942519e-21 true resid norm 6.585491942515e-21 ||r(i)||/||b|| 2.093801653354e-04
 56 KSP unpreconditioned resid norm 6.467474977578e-21 true resid norm 6.467474977575e-21 ||r(i)||/||b|| 2.056279154128e-04
 57 KSP unpreconditioned resid norm 6.322673604471e-21 true resid norm 6.322673604467e-21 ||r(i)||/||b|| 2.010240778094e-04
 58 KSP unpreconditioned resid norm 6.166993360079e-21 true resid norm 6.166993360075e-21 ||r(i)||/||b|| 1.960743556633e-04
 59 KSP unpreconditioned resid norm 6.027148741918e-21 true resid norm 6.027148741914e-21 ||r(i)||/||b|| 1.916281139053e-04
 60 KSP unpreconditioned resid norm 5.915303357212e-21 true resid norm 5.915303357207e-21 ||r(i)||/||b|| 1.880720841742e-04
 61 KSP unpreconditioned resid norm 5.806470672249e-21 true resid norm 5.806470672244e-21 ||r(i)||/||b|| 1.846118406919e-04
 62 KSP unpreconditioned resid norm 5.696401725305e-21 true resid norm 5.696401725300e-21 ||r(i)||/||b|| 1.811122913021e-04
 63 KSP unpreconditioned resid norm 5.580312392637e-21 true resid norm 5.580312392632e-21 ||r(i)||/||b|| 1.774213288227e-04
 64 KSP unpreconditioned resid norm 5.475720702519e-21 true resid norm 5.475720702514e-21 ||r(i)||/||b|| 1.740959241968e-04
 65 KSP unpreconditioned resid norm 5.390112940678e-21 true resid norm 5.390112940674e-21 ||r(i)||/||b|| 1.713740975687e-04
 66 KSP unpreconditioned resid norm 5.305014665078e-21 true resid norm 5.305014665074e-21 ||r(i)||/||b|| 1.686684696262e-04
 67 KSP unpreconditioned resid norm 5.215220724867e-21 true resid norm 5.215220724863e-21 ||r(i)||/||b|| 1.658135469854e-04
 68 KSP unpreconditioned resid norm 5.113707482846e-21 true resid norm 5.113707482842e-21 ||r(i)||/||b|| 1.625860190219e-04
 69 KSP unpreconditioned resid norm 5.009667086177e-21 true resid norm 5.009667086174e-21 ||r(i)||/||b|| 1.592781423065e-04
 70 KSP unpreconditioned resid norm 4.907681840873e-21 true resid norm 4.907681840870e-21 ||r(i)||/||b|| 1.560356073965e-04
 71 KSP unpreconditioned resid norm 4.794558981803e-21 true resid norm 4.794558981800e-21 ||r(i)||/||b|| 1.524389614447e-04
 72 KSP unpreconditioned resid norm 4.674165651130e-21 true resid norm 4.674165651126e-21 ||r(i)||/||b|| 1.486111569767e-04
 73 KSP unpreconditioned resid norm 4.556949227556e-21 true resid norm 4.556949227552e-21 ||r(i)||/||b|| 1.448843595920e-04
 74 KSP unpreconditioned resid norm 4.429368144740e-21 true resid norm 4.429368144736e-21 ||r(i)||/||b|| 1.408280266033e-04
 75 KSP unpreconditioned resid norm 4.280208647480e-21 true resid norm 4.280208647476e-21 ||r(i)||/||b|| 1.360856261159e-04
 76 KSP unpreconditioned resid norm 4.081440905729e-21 true resid norm 4.081440905726e-21 ||r(i)||/||b|| 1.297659733103e-04
 77 KSP unpreconditioned resid norm 3.822104777648e-21 true resid norm 3.822104777646e-21 ||r(i)||/||b|| 1.215205997150e-04
 78 KSP unpreconditioned resid norm 3.537956983774e-21 true resid norm 3.537956983774e-21 ||r(i)||/||b|| 1.124863601198e-04
 79 KSP unpreconditioned resid norm 3.312007580010e-21 true resid norm 3.312007580012e-21 ||r(i)||/||b|| 1.053024892822e-04
 80 KSP unpreconditioned resid norm 3.132469302389e-21 true resid norm 3.132469302392e-21 ||r(i)||/||b|| 9.959422107993e-05
 81 KSP unpreconditioned resid norm 2.962912992721e-21 true resid norm 2.962912992726e-21 ||r(i)||/||b|| 9.420332113479e-05
 82 KSP unpreconditioned resid norm 2.792821835372e-21 true resid norm 2.792821835376e-21 ||r(i)||/||b|| 8.879541615839e-05
 83 KSP unpreconditioned resid norm 2.613580345547e-21 true resid norm 2.613580345549e-21 ||r(i)||/||b|| 8.309658407378e-05
 84 KSP unpreconditioned resid norm 2.467445347177e-21 true resid norm 2.467445347176e-21 ||r(i)||/||b|| 7.845034497915e-05
 85 KSP unpreconditioned resid norm 2.348948721911e-21 true resid norm 2.348948721905e-21 ||r(i)||/||b|| 7.468284466067e-05
 86 KSP unpreconditioned resid norm 2.211022977921e-21 true resid norm 2.211022977911e-21 ||r(i)||/||b|| 7.029761188934e-05
 87 KSP unpreconditioned resid norm 2.080228209512e-21 true resid norm 2.080228209499e-21 ||r(i)||/||b|| 6.613910247590e-05
 88 KSP unpreconditioned resid norm 1.945847479265e-21 true resid norm 1.945847479250e-21 ||r(i)||/||b|| 6.186658042851e-05
 89 KSP unpreconditioned resid norm 1.806697468007e-21 true resid norm 1.806697467991e-21 ||r(i)||/||b|| 5.744242311145e-05
 90 KSP unpreconditioned resid norm 1.667954856842e-21 true resid norm 1.667954856828e-21 ||r(i)||/||b|| 5.303121873706e-05
 91 KSP unpreconditioned resid norm 1.549998256699e-21 true resid norm 1.549998256690e-21 ||r(i)||/||b|| 4.928088806245e-05
 92 KSP unpreconditioned resid norm 1.516296184937e-21 true resid norm 1.516283970122e-21 ||r(i)||/||b|| 4.820897073915e-05
 93 KSP unpreconditioned resid norm 1.447595170241e-21 true resid norm 1.410098091320e-21 ||r(i)||/||b|| 4.483288022776e-05
 94 KSP unpreconditioned resid norm 1.433823738500e-21 true resid norm 1.388279311930e-21 ||r(i)||/||b|| 4.413917052832e-05
 95 KSP unpreconditioned resid norm 1.421026619118e-21 true resid norm 1.356179744688e-21 ||r(i)||/||b|| 4.311859184491e-05
 96 KSP unpreconditioned resid norm 1.420952163292e-21 true resid norm 1.355120819356e-21 ||r(i)||/||b|| 4.308492420658e-05
 97 KSP unpreconditioned resid norm 1.420462167328e-21 true resid norm 1.356955019036e-21 ||r(i)||/||b|| 4.314324103934e-05
 98 KSP unpreconditioned resid norm 1.415484893251e-21 true resid norm 1.364065456599e-21 ||r(i)||/||b|| 4.336931140817e-05
 99 KSP unpreconditioned resid norm 1.402271055458e-21 true resid norm 1.385872609001e-21 ||r(i)||/||b|| 4.406265143733e-05
100 KSP unpreconditioned resid norm 1.412789339793e-21 true resid norm 1.412789339793e-21 ||r(i)||/||b|| 4.491844620449e-05
101 KSP unpreconditioned resid norm 1.325278648524e-21 true resid norm 1.325278648524e-21 ||r(i)||/||b|| 4.213611753923e-05
102 KSP unpreconditioned resid norm 1.293657523486e-21 true resid norm 1.293657523486e-21 ||r(i)||/||b|| 4.113075052239e-05
103 KSP unpreconditioned resid norm 1.275053103196e-21 true resid norm 1.275053103195e-21 ||r(i)||/||b|| 4.053923866112e-05
104 KSP unpreconditioned resid norm 1.254390543628e-21 true resid norm 1.254390543628e-21 ||r(i)||/||b|| 3.988228999635e-05
105 KSP unpreconditioned resid norm 1.231250434374e-21 true resid norm 1.231250434374e-21 ||r(i)||/||b|| 3.914656972765e-05
106 KSP unpreconditioned resid norm 1.207000229843e-21 true resid norm 1.207000229843e-21 ||r(i)||/||b|| 3.837555491531e-05
107 KSP unpreconditioned resid norm 1.186165685617e-21 true resid norm 1.186165685617e-21 ||r(i)||/||b|| 3.771313814329e-05
108 KSP unpreconditioned resid norm 1.165144869457e-21 true resid norm 1.165144869457e-21 ||r(i)||/||b|| 3.704479901214e-05
109 KSP unpreconditioned resid norm 1.138106467966e-21 true resid norm 1.138106467966e-21 ||r(i)||/||b|| 3.618513582769e-05
110 KSP unpreconditioned resid norm 1.105788853186e-21 true resid norm 1.105788853186e-21 ||r(i)||/||b|| 3.515762450659e-05
111 KSP unpreconditioned resid norm 1.064628680006e-21 true resid norm 1.064628680006e-21 ||r(i)||/||b|| 3.384897149465e-05
112 KSP unpreconditioned resid norm 1.017363364219e-21 true resid norm 1.017363364219e-21 ||r(i)||/||b|| 3.234621061961e-05
113 KSP unpreconditioned resid norm 9.764713080439e-22 true resid norm 9.764713080439e-22 ||r(i)||/||b|| 3.104608216185e-05
114 KSP unpreconditioned resid norm 9.352876960131e-22 true resid norm 9.352876960131e-22 ||r(i)||/||b|| 2.973668393140e-05
115 KSP unpreconditioned resid norm 8.872787486429e-22 true resid norm 8.872787486428e-22 ||r(i)||/||b|| 2.821027991699e-05
116 KSP unpreconditioned resid norm 8.475926591944e-22 true resid norm 8.475926591944e-22 ||r(i)||/||b|| 2.694849415478e-05
117 KSP unpreconditioned resid norm 8.202503827419e-22 true resid norm 8.202503827419e-22 ||r(i)||/||b|| 2.607916952204e-05
118 KSP unpreconditioned resid norm 8.019680755348e-22 true resid norm 8.019680755348e-22 ||r(i)||/||b|| 2.549789897473e-05
119 KSP unpreconditioned resid norm 7.865285914054e-22 true resid norm 7.865285914054e-22 ||r(i)||/||b|| 2.500701359094e-05
120 KSP unpreconditioned resid norm 7.721366589042e-22 true resid norm 7.721366589042e-22 ||r(i)||/||b|| 2.454943422816e-05
121 KSP unpreconditioned resid norm 7.599449980538e-22 true resid norm 7.599449980538e-22 ||r(i)||/||b|| 2.416181064790e-05
122 KSP unpreconditioned resid norm 7.501102725749e-22 true resid norm 7.501102725749e-22 ||r(i)||/||b|| 2.384912384108e-05
123 KSP unpreconditioned resid norm 7.418965588443e-22 true resid norm 7.418965588443e-22 ||r(i)||/||b|| 2.358797573644e-05
124 KSP unpreconditioned resid norm 7.327329978641e-22 true resid norm 7.327329978641e-22 ||r(i)||/||b|| 2.329662803913e-05
125 KSP unpreconditioned resid norm 7.245822068784e-22 true resid norm 7.245822068784e-22 ||r(i)||/||b|| 2.303748051013e-05
126 KSP unpreconditioned resid norm 7.158533212522e-22 true resid norm 7.158533212523e-22 ||r(i)||/||b|| 2.275995294931e-05
127 KSP unpreconditioned resid norm 7.076821482477e-22 true resid norm 7.076821482478e-22 ||r(i)||/||b|| 2.250015739119e-05
128 KSP unpreconditioned resid norm 6.986704431609e-22 true resid norm 6.986704431608e-22 ||r(i)||/||b|| 2.221363782401e-05
129 KSP unpreconditioned resid norm 6.890434094712e-22 true resid norm 6.890434094712e-22 ||r(i)||/||b|| 2.190755440257e-05
130 KSP unpreconditioned resid norm 6.772900276055e-22 true resid norm 6.772900276055e-22 ||r(i)||/||b|| 2.153386553319e-05
131 KSP unpreconditioned resid norm 6.591326097243e-22 true resid norm 6.591326097244e-22 ||r(i)||/||b|| 2.095656573673e-05
132 KSP unpreconditioned resid norm 6.331193972082e-22 true resid norm 6.331193972081e-22 ||r(i)||/||b|| 2.012949757157e-05
133 KSP unpreconditioned resid norm 6.047544620640e-22 true resid norm 6.047544620640e-22 ||r(i)||/||b|| 1.922765836775e-05
134 KSP unpreconditioned resid norm 5.792459479063e-22 true resid norm 5.792459479063e-22 ||r(i)||/||b|| 1.841663666149e-05
135 KSP unpreconditioned resid norm 5.542784067780e-22 true resid norm 5.542784067780e-22 ||r(i)||/||b|| 1.762281473671e-05
136 KSP unpreconditioned resid norm 5.298671342791e-22 true resid norm 5.298671342790e-22 ||r(i)||/||b|| 1.684667890411e-05
137 KSP unpreconditioned resid norm 5.043881219712e-22 true resid norm 5.043881219713e-22 ||r(i)||/||b|| 1.603659518429e-05
138 KSP unpreconditioned resid norm 4.838862956028e-22 true resid norm 4.838862956028e-22 ||r(i)||/||b|| 1.538475689610e-05
139 KSP unpreconditioned resid norm 4.588111104123e-22 true resid norm 4.588111104123e-22 ||r(i)||/||b|| 1.458751251909e-05
140 KSP unpreconditioned resid norm 4.340631139622e-22 true resid norm 4.340631139621e-22 ||r(i)||/||b|| 1.380067083229e-05
141 KSP unpreconditioned resid norm 4.094031796141e-22 true resid norm 4.094031796141e-22 ||r(i)||/||b|| 1.301662900580e-05
142 KSP unpreconditioned resid norm 3.857766294007e-22 true resid norm 3.857766294007e-22 ||r(i)||/||b|| 1.226544275682e-05
143 KSP unpreconditioned resid norm 3.647111773446e-22 true resid norm 3.647111773445e-22 ||r(i)||/||b|| 1.159568446498e-05
144 KSP unpreconditioned resid norm 3.491978246263e-22 true resid norm 3.491978246262e-22 ||r(i)||/||b|| 1.110245049166e-05
145 KSP unpreconditioned resid norm 3.359046931912e-22 true resid norm 3.359046931912e-22 ||r(i)||/||b|| 1.067980658260e-05
146 KSP unpreconditioned resid norm 3.218252439959e-22 true resid norm 3.218252439958e-22 ||r(i)||/||b|| 1.023216236314e-05
147 KSP unpreconditioned resid norm 3.070669822585e-22 true resid norm 3.070669822586e-22 ||r(i)||/||b|| 9.762935871087e-06
148 KSP unpreconditioned resid norm 2.923874274406e-22 true resid norm 2.923874274405e-22 ||r(i)||/||b|| 9.296211799190e-06
149 KSP unpreconditioned resid norm 2.773157527249e-22 true resid norm 2.773157527249e-22 ||r(i)||/||b|| 8.817020605672e-06
150 KSP unpreconditioned resid norm 2.644861030901e-22 true resid norm 2.644861030901e-22 ||r(i)||/||b|| 8.409112709774e-06
151 KSP unpreconditioned resid norm 2.557273252274e-22 true resid norm 2.557273252274e-22 ||r(i)||/||b|| 8.130634750491e-06
152 KSP unpreconditioned resid norm 2.493802497638e-22 true resid norm 2.493802497638e-22 ||r(i)||/||b|| 7.928834836139e-06
153 KSP unpreconditioned resid norm 2.443948726182e-22 true resid norm 2.443948726181e-22 ||r(i)||/||b|| 7.770328972016e-06
154 KSP unpreconditioned resid norm 2.394389003216e-22 true resid norm 2.394389003215e-22 ||r(i)||/||b|| 7.612758010284e-06
155 KSP unpreconditioned resid norm 2.349063945156e-22 true resid norm 2.349063945156e-22 ||r(i)||/||b|| 7.468650808678e-06
156 KSP unpreconditioned resid norm 2.294431401287e-22 true resid norm 2.294431401285e-22 ||r(i)||/||b|| 7.294951240473e-06
157 KSP unpreconditioned resid norm 2.222066563879e-22 true resid norm 2.222066563877e-22 ||r(i)||/||b|| 7.064873339640e-06
158 KSP unpreconditioned resid norm 2.143092691839e-22 true resid norm 2.143092691838e-22 ||r(i)||/||b|| 6.813782570279e-06
159 KSP unpreconditioned resid norm 2.062638279520e-22 true resid norm 2.062638279520e-22 ||r(i)||/||b|| 6.557984547895e-06
160 KSP unpreconditioned resid norm 1.987517916139e-22 true resid norm 1.987517916138e-22 ||r(i)||/||b|| 6.319145684494e-06
161 KSP unpreconditioned resid norm 1.915113436574e-22 true resid norm 1.915113436573e-22 ||r(i)||/||b|| 6.088941744761e-06
162 KSP unpreconditioned resid norm 1.847634916220e-22 true resid norm 1.847634916219e-22 ||r(i)||/||b|| 5.874399477127e-06
163 KSP unpreconditioned resid norm 1.773340603591e-22 true resid norm 1.773340603591e-22 ||r(i)||/||b|| 5.638186972468e-06
164 KSP unpreconditioned resid norm 1.700456162952e-22 true resid norm 1.700456162951e-22 ||r(i)||/||b|| 5.406457036957e-06
165 KSP unpreconditioned resid norm 1.625095471334e-22 true resid norm 1.625095471332e-22 ||r(i)||/||b|| 5.166854070182e-06
166 KSP unpreconditioned resid norm 1.572779219791e-22 true resid norm 1.572779219790e-22 ||r(i)||/||b|| 5.000518958193e-06
167 KSP unpreconditioned resid norm 1.526102768379e-22 true resid norm 1.526102768379e-22 ||r(i)||/||b|| 4.852115115334e-06
168 KSP unpreconditioned resid norm 1.486728815711e-22 true resid norm 1.486728815711e-22 ||r(i)||/||b|| 4.726928951699e-06
169 KSP unpreconditioned resid norm 1.456300527842e-22 true resid norm 1.456300527841e-22 ||r(i)||/||b|| 4.630184775246e-06
170 KSP unpreconditioned resid norm 1.430891583533e-22 true resid norm 1.430891583533e-22 ||r(i)||/||b|| 4.549399178564e-06
171 KSP unpreconditioned resid norm 1.405925545164e-22 true resid norm 1.405925545163e-22 ||r(i)||/||b|| 4.470021763977e-06
172 KSP unpreconditioned resid norm 1.384630614614e-22 true resid norm 1.384630614613e-22 ||r(i)||/||b|| 4.402316327266e-06
173 KSP unpreconditioned resid norm 1.364499502706e-22 true resid norm 1.364499502706e-22 ||r(i)||/||b|| 4.338311153828e-06
174 KSP unpreconditioned resid norm 1.346547232741e-22 true resid norm 1.346547232740e-22 ||r(i)||/||b|| 4.281233424686e-06
175 KSP unpreconditioned resid norm 1.325359705971e-22 true resid norm 1.325359705971e-22 ||r(i)||/||b|| 4.213869469244e-06
176 KSP unpreconditioned resid norm 1.305306062981e-22 true resid norm 1.305306062981e-22 ||r(i)||/||b|| 4.150110601698e-06
177 KSP unpreconditioned resid norm 1.284944779466e-22 true resid norm 1.284944779466e-22 ||r(i)||/||b|| 4.085373617033e-06
178 KSP unpreconditioned resid norm 1.266625124511e-22 true resid norm 1.266625124510e-22 ||r(i)||/||b|| 4.027127818284e-06
179 KSP unpreconditioned resid norm 1.244493244973e-22 true resid norm 1.244493244972e-22 ||r(i)||/||b|| 3.956761372810e-06
180 KSP unpreconditioned resid norm 1.221501304916e-22 true resid norm 1.221501304914e-22 ||r(i)||/||b|| 3.883660437411e-06
181 KSP unpreconditioned resid norm 1.191149339628e-22 true resid norm 1.191149339628e-22 ||r(i)||/||b|| 3.787158922181e-06
182 KSP unpreconditioned resid norm 1.159689411885e-22 true resid norm 1.159689411885e-22 ||r(i)||/||b|| 3.687134733709e-06
183 KSP unpreconditioned resid norm 1.128849228900e-22 true resid norm 1.128849228899e-22 ||r(i)||/||b|| 3.589080971455e-06
184 KSP unpreconditioned resid norm 1.103620797854e-22 true resid norm 1.103620797853e-22 ||r(i)||/||b|| 3.508869301476e-06
185 KSP unpreconditioned resid norm 1.083016585112e-22 true resid norm 1.083016585111e-22 ||r(i)||/||b|| 3.443359943813e-06
186 KSP unpreconditioned resid norm 1.064390186660e-22 true resid norm 1.064390186659e-22 ||r(i)||/||b|| 3.384138879972e-06
187 KSP unpreconditioned resid norm 1.045020563023e-22 true resid norm 1.045020563022e-22 ||r(i)||/||b|| 3.322554794302e-06
188 KSP unpreconditioned resid norm 1.021670821434e-22 true resid norm 1.021670821434e-22 ||r(i)||/||b|| 3.248316259095e-06
189 KSP unpreconditioned resid norm 9.921970814079e-23 true resid norm 9.921970814066e-23 ||r(i)||/||b|| 3.154606987050e-06
190 KSP unpreconditioned resid norm 9.594745650552e-23 true resid norm 9.594745650543e-23 ||r(i)||/||b|| 3.050568504522e-06
191 KSP unpreconditioned resid norm 9.322986535910e-23 true resid norm 9.322986535892e-23 ||r(i)||/||b|| 2.964164984703e-06
192 KSP unpreconditioned resid norm 9.291633006594e-23 true resid norm 9.251139521241e-23 ||r(i)||/||b|| 2.941321832000e-06
193 KSP unpreconditioned resid norm 9.276621595514e-23 true resid norm 9.221253034830e-23 ||r(i)||/||b|| 2.931819675562e-06
194 KSP unpreconditioned resid norm 9.266014576558e-23 true resid norm 9.217866608421e-23 ||r(i)||/||b|| 2.930742989830e-06
195 KSP unpreconditioned resid norm 9.264828852769e-23 true resid norm 9.218365279331e-23 ||r(i)||/||b|| 2.930901538043e-06
196 KSP unpreconditioned resid norm 9.257400184475e-23 true resid norm 9.224202863934e-23 ||r(i)||/||b|| 2.932757548862e-06
197 KSP unpreconditioned resid norm 9.241311031293e-23 true resid norm 9.201371132604e-23 ||r(i)||/||b|| 2.925498392336e-06
198 KSP unpreconditioned resid norm 9.240789255456e-23 true resid norm 9.206981388946e-23 ||r(i)||/||b|| 2.927282126051e-06
199 KSP unpreconditioned resid norm 9.194833085929e-23 true resid norm 9.205600087746e-23 ||r(i)||/||b|| 2.926842952977e-06
200 KSP unpreconditioned resid norm 9.206838256574e-23 true resid norm 9.206838256574e-23 ||r(i)||/||b|| 2.927236618319e-06
201 KSP unpreconditioned resid norm 9.034644607076e-23 true resid norm 9.034644607069e-23 ||r(i)||/||b|| 2.872489098897e-06
202 KSP unpreconditioned resid norm 8.915760307974e-23 true resid norm 8.915760307972e-23 ||r(i)||/||b|| 2.834690838086e-06
203 KSP unpreconditioned resid norm 8.786215065298e-23 true resid norm 8.786215065300e-23 ||r(i)||/||b|| 2.793503020129e-06
204 KSP unpreconditioned resid norm 8.652785081025e-23 true resid norm 8.652785081024e-23 ||r(i)||/||b|| 2.751080081323e-06
205 KSP unpreconditioned resid norm 8.481081809916e-23 true resid norm 8.481081809909e-23 ||r(i)||/||b|| 2.696488473576e-06
206 KSP unpreconditioned resid norm 8.296685445907e-23 true resid norm 8.296685445900e-23 ||r(i)||/||b|| 2.637861203934e-06
207 KSP unpreconditioned resid norm 8.123080068138e-23 true resid norm 8.123080068138e-23 ||r(i)||/||b|| 2.582664837412e-06
208 KSP unpreconditioned resid norm 7.924116020430e-23 true resid norm 7.924116020420e-23 ||r(i)||/||b|| 2.519405895528e-06
209 KSP unpreconditioned resid norm 7.704539929034e-23 true resid norm 7.704539929025e-23 ||r(i)||/||b|| 2.449593528098e-06
210 KSP unpreconditioned resid norm 7.505073950885e-23 true resid norm 7.505073950884e-23 ||r(i)||/||b|| 2.386175001666e-06
211 KSP unpreconditioned resid norm 7.351075959545e-23 true resid norm 7.351075959544e-23 ||r(i)||/||b|| 2.337212638384e-06
212 KSP unpreconditioned resid norm 7.205792016675e-23 true resid norm 7.205792016667e-23 ||r(i)||/||b|| 2.291020833359e-06
213 KSP unpreconditioned resid norm 7.093350446138e-23 true resid norm 7.093350446133e-23 ||r(i)||/||b|| 2.255270983789e-06
214 KSP unpreconditioned resid norm 6.982573680842e-23 true resid norm 6.982573680833e-23 ||r(i)||/||b|| 2.220050445011e-06
215 KSP unpreconditioned resid norm 6.886279075032e-23 true resid norm 6.886279075018e-23 ||r(i)||/||b|| 2.189434386768e-06
216 KSP unpreconditioned resid norm 6.776225421267e-23 true resid norm 6.776225421250e-23 ||r(i)||/||b|| 2.154443755206e-06
217 KSP unpreconditioned resid norm 6.661354072979e-23 true resid norm 6.661354072966e-23 ||r(i)||/||b|| 2.117921378281e-06
218 KSP unpreconditioned resid norm 6.541918130085e-23 true resid norm 6.541918130082e-23 ||r(i)||/||b|| 2.079947726979e-06
219 KSP unpreconditioned resid norm 6.458459746551e-23 true resid norm 6.458459746534e-23 ||r(i)||/||b|| 2.053412837409e-06
220 KSP unpreconditioned resid norm 6.373697064710e-23 true resid norm 6.373697064692e-23 ||r(i)||/||b|| 2.026463257190e-06
221 KSP unpreconditioned resid norm 6.299531537359e-23 true resid norm 6.299531537349e-23 ||r(i)||/||b|| 2.002882952920e-06
222 KSP unpreconditioned resid norm 6.219934475102e-23 true resid norm 6.219934475105e-23 ||r(i)||/||b|| 1.977575737911e-06
223 KSP unpreconditioned resid norm 6.131704750171e-23 true resid norm 6.131704750155e-23 ||r(i)||/||b|| 1.949523840561e-06
224 KSP unpreconditioned resid norm 6.019299749187e-23 true resid norm 6.019299749169e-23 ||r(i)||/||b|| 1.913785617970e-06
225 KSP unpreconditioned resid norm 5.905176656579e-23 true resid norm 5.905176656570e-23 ||r(i)||/||b|| 1.877501142633e-06
226 KSP unpreconditioned resid norm 5.790592396742e-23 true resid norm 5.790592396743e-23 ||r(i)||/||b|| 1.841070043063e-06
227 KSP unpreconditioned resid norm 5.690119105645e-23 true resid norm 5.690119105634e-23 ||r(i)||/||b|| 1.809125407055e-06
228 KSP unpreconditioned resid norm 5.587625358411e-23 true resid norm 5.587625358407e-23 ||r(i)||/||b|| 1.776538384054e-06
229 KSP unpreconditioned resid norm 5.448504862674e-23 true resid norm 5.448504862674e-23 ||r(i)||/||b|| 1.732306195096e-06
230 KSP unpreconditioned resid norm 5.273789845373e-23 true resid norm 5.273789845376e-23 ||r(i)||/||b|| 1.676757028036e-06
231 KSP unpreconditioned resid norm 5.035965161559e-23 true resid norm 5.035965161552e-23 ||r(i)||/||b|| 1.601142674463e-06
232 KSP unpreconditioned resid norm 4.781348527938e-23 true resid norm 4.781348527939e-23 ||r(i)||/||b|| 1.520189461994e-06
233 KSP unpreconditioned resid norm 4.558992455062e-23 true resid norm 4.558992455056e-23 ||r(i)||/||b|| 1.449493222883e-06
234 KSP unpreconditioned resid norm 4.370329292323e-23 true resid norm 4.370329292318e-23 ||r(i)||/||b|| 1.389509360551e-06
235 KSP unpreconditioned resid norm 4.219085838670e-23 true resid norm 4.219085838672e-23 ||r(i)||/||b|| 1.341422779310e-06
236 KSP unpreconditioned resid norm 4.102358559505e-23 true resid norm 4.102358559507e-23 ||r(i)||/||b|| 1.304310324806e-06
237 KSP unpreconditioned resid norm 4.008801957136e-23 true resid norm 4.008801957138e-23 ||r(i)||/||b|| 1.274564791680e-06
238 KSP unpreconditioned resid norm 3.899060731832e-23 true resid norm 3.899060731831e-23 ||r(i)||/||b|| 1.239673494114e-06
239 KSP unpreconditioned resid norm 3.801210411484e-23 true resid norm 3.801210411481e-23 ||r(i)||/||b|| 1.208562809548e-06
240 KSP unpreconditioned resid norm 3.697140573319e-23 true resid norm 3.697140573318e-23 ||r(i)||/||b|| 1.175474681720e-06
241 KSP unpreconditioned resid norm 3.578225277825e-23 true resid norm 3.578225277830e-23 ||r(i)||/||b|| 1.137666565868e-06
242 KSP unpreconditioned resid norm 3.467190989530e-23 true resid norm 3.467190989523e-23 ||r(i)||/||b|| 1.102364149820e-06
243 KSP unpreconditioned resid norm 3.366843457440e-23 true resid norm 3.366843457437e-23 ||r(i)||/||b|| 1.070459497832e-06
244 KSP unpreconditioned resid norm 3.280925644297e-23 true resid norm 3.280925644292e-23 ||r(i)||/||b|| 1.043142653353e-06
245 KSP unpreconditioned resid norm 3.204476073029e-23 true resid norm 3.204476073022e-23 ||r(i)||/||b|| 1.018836156569e-06
246 KSP unpreconditioned resid norm 3.129960150187e-23 true resid norm 3.129960150185e-23 ||r(i)||/||b|| 9.951444470049e-07
247 KSP unpreconditioned resid norm 3.025760558535e-23 true resid norm 3.025760558528e-23 ||r(i)||/||b|| 9.620150651461e-07
248 KSP unpreconditioned resid norm 2.893259123266e-23 true resid norm 2.893259123272e-23 ||r(i)||/||b|| 9.198873506744e-07
249 KSP unpreconditioned resid norm 2.723239382688e-23 true resid norm 2.723239382685e-23 ||r(i)||/||b|| 8.658310072681e-07
250 KSP unpreconditioned resid norm 2.549488539671e-23 true resid norm 2.549488539662e-23 ||r(i)||/||b|| 8.105883912923e-07
251 KSP unpreconditioned resid norm 2.366489531432e-23 true resid norm 2.366489531427e-23 ||r(i)||/||b|| 7.524053991408e-07
252 KSP unpreconditioned resid norm 2.214055006459e-23 true resid norm 2.214055006452e-23 ||r(i)||/||b|| 7.039401268109e-07
253 KSP unpreconditioned resid norm 2.064078086851e-23 true resid norm 2.064078086849e-23 ||r(i)||/||b|| 6.562562293936e-07
254 KSP unpreconditioned resid norm 1.936952772313e-23 true resid norm 1.936952772301e-23 ||r(i)||/||b|| 6.158378071848e-07
255 KSP unpreconditioned resid norm 1.829357308033e-23 true resid norm 1.829357308033e-23 ||r(i)||/||b|| 5.816287362539e-07
256 KSP unpreconditioned resid norm 1.736443909049e-23 true resid norm 1.736443909042e-23 ||r(i)||/||b|| 5.520877042209e-07
257 KSP unpreconditioned resid norm 1.657824942305e-23 true resid norm 1.657824942300e-23 ||r(i)||/||b|| 5.270914664325e-07
258 KSP unpreconditioned resid norm 1.579136430785e-23 true resid norm 1.579136430779e-23 ||r(i)||/||b|| 5.020731174676e-07
259 KSP unpreconditioned resid norm 1.504035801439e-23 true resid norm 1.504035801435e-23 ||r(i)||/||b|| 4.781955053983e-07
260 KSP unpreconditioned resid norm 1.439696987723e-23 true resid norm 1.439696987722e-23 ||r(i)||/||b|| 4.577395218965e-07
261 KSP unpreconditioned resid norm 1.381734208398e-23 true resid norm 1.381734208391e-23 ||r(i)||/||b|| 4.393107447823e-07
262 KSP unpreconditioned resid norm 1.335327393923e-23 true resid norm 1.335327393915e-23 ||r(i)||/||b|| 4.245560892873e-07
263 KSP unpreconditioned resid norm 1.293600356964e-23 true resid norm 1.293600356956e-23 ||r(i)||/||b|| 4.112893296075e-07
264 KSP unpreconditioned resid norm 1.260622209175e-23 true resid norm 1.260622209170e-23 ||r(i)||/||b|| 4.008042054951e-07
265 KSP unpreconditioned resid norm 1.231132666647e-23 true resid norm 1.231132666641e-23 ||r(i)||/||b|| 3.914282540184e-07
266 KSP unpreconditioned resid norm 1.203380929883e-23 true resid norm 1.203380929876e-23 ||r(i)||/||b|| 3.826048232362e-07
267 KSP unpreconditioned resid norm 1.177916347220e-23 true resid norm 1.177916347213e-23 ||r(i)||/||b|| 3.745085738221e-07
268 KSP unpreconditioned resid norm 1.154728770106e-23 true resid norm 1.154728770102e-23 ||r(i)||/||b|| 3.671362791299e-07
269 KSP unpreconditioned resid norm 1.136467442988e-23 true resid norm 1.136467442985e-23 ||r(i)||/||b|| 3.613302440997e-07
270 KSP unpreconditioned resid norm 1.122396438357e-23 true resid norm 1.122396438355e-23 ||r(i)||/||b|| 3.568564867833e-07
271 KSP unpreconditioned resid norm 1.110751034207e-23 true resid norm 1.110751034206e-23 ||r(i)||/||b|| 3.531539286944e-07
272 KSP unpreconditioned resid norm 1.098347574435e-23 true resid norm 1.098347574431e-23 ||r(i)||/||b|| 3.492103532089e-07
273 KSP unpreconditioned resid norm 1.086070642663e-23 true resid norm 1.086070642661e-23 ||r(i)||/||b|| 3.453070062363e-07
274 KSP unpreconditioned resid norm 1.071362667138e-23 true resid norm 1.071362667134e-23 ||r(i)||/||b|| 3.406307293923e-07
275 KSP unpreconditioned resid norm 1.050428994749e-23 true resid norm 1.050428994745e-23 ||r(i)||/||b|| 3.339750447085e-07
276 KSP unpreconditioned resid norm 1.023326486478e-23 true resid norm 1.023326486477e-23 ||r(i)||/||b|| 3.253580306541e-07
277 KSP unpreconditioned resid norm 9.970588725049e-24 true resid norm 9.970588725038e-24 ||r(i)||/||b|| 3.170064642039e-07
278 KSP unpreconditioned resid norm 9.670904452459e-24 true resid norm 9.670904452460e-24 ||r(i)||/||b|| 3.074782553641e-07
279 KSP unpreconditioned resid norm 9.313252102695e-24 true resid norm 9.313252102673e-24 ||r(i)||/||b|| 2.961070003714e-07
280 KSP unpreconditioned resid norm 8.924356294821e-24 true resid norm 8.924356294762e-24 ||r(i)||/||b|| 2.837423859630e-07
281 KSP unpreconditioned resid norm 8.496243041177e-24 true resid norm 8.496243041172e-24 ||r(i)||/||b|| 2.701308859260e-07
282 KSP unpreconditioned resid norm 8.097669013754e-24 true resid norm 8.097669013678e-24 ||r(i)||/||b|| 2.574585606839e-07
283 KSP unpreconditioned resid norm 7.750739754701e-24 true resid norm 7.750739754652e-24 ||r(i)||/||b|| 2.464282373233e-07
284 KSP unpreconditioned resid norm 7.458429201572e-24 true resid norm 7.458429201541e-24 ||r(i)||/||b|| 2.371344696786e-07
285 KSP unpreconditioned resid norm 7.252937510439e-24 true resid norm 7.252937510407e-24 ||r(i)||/||b|| 2.306010345700e-07
286 KSP unpreconditioned resid norm 7.095568495184e-24 true resid norm 7.095568495168e-24 ||r(i)||/||b|| 2.255976193784e-07
287 KSP unpreconditioned resid norm 6.966656969501e-24 true resid norm 6.966656969493e-24 ||r(i)||/||b|| 2.214989860804e-07
288 KSP unpreconditioned resid norm 6.830417471871e-24 true resid norm 6.830417471865e-24 ||r(i)||/||b|| 2.171673660909e-07
289 KSP unpreconditioned resid norm 6.676583881246e-24 true resid norm 6.676583881237e-24 ||r(i)||/||b|| 2.122763567447e-07
290 KSP unpreconditioned resid norm 6.506195770163e-24 true resid norm 6.506195770194e-24 ||r(i)||/||b|| 2.068590103760e-07
291 KSP unpreconditioned resid norm 6.367417145453e-24 true resid norm 6.438532025754e-24 ||r(i)||/||b|| 2.047076986560e-07
292 KSP unpreconditioned resid norm 6.365015330309e-24 true resid norm 6.410849245156e-24 ||r(i)||/||b|| 2.038275479809e-07
293 KSP unpreconditioned resid norm 6.354869620543e-24 true resid norm 6.455467468544e-24 ||r(i)||/||b|| 2.052461467844e-07
294 KSP unpreconditioned resid norm 6.354313784467e-24 true resid norm 6.454072184754e-24 ||r(i)||/||b|| 2.052017849124e-07
295 KSP unpreconditioned resid norm 6.343477846968e-24 true resid norm 6.531217483129e-24 ||r(i)||/||b|| 2.076545546477e-07
296 KSP unpreconditioned resid norm 6.337652827836e-24 true resid norm 6.553816102100e-24 ||r(i)||/||b|| 2.083730586893e-07
297 KSP unpreconditioned resid norm 6.317844588139e-24 true resid norm 6.685353583496e-24 ||r(i)||/||b|| 2.125551820360e-07
298 KSP unpreconditioned resid norm 6.316612597957e-24 true resid norm 6.684585662375e-24 ||r(i)||/||b|| 2.125307666313e-07
299 KSP unpreconditioned resid norm 6.299822553324e-24 true resid norm 6.827479693582e-24 ||r(i)||/||b|| 2.170739619067e-07
300 KSP unpreconditioned resid norm 6.838754014378e-24 true resid norm 6.838754014378e-24 ||r(i)||/||b|| 2.174324194332e-07
301 KSP unpreconditioned resid norm 6.736107499002e-24 true resid norm 6.736107498986e-24 ||r(i)||/||b|| 2.141688599980e-07
302 KSP unpreconditioned resid norm 6.649854849989e-24 true resid norm 6.649854849994e-24 ||r(i)||/||b|| 2.114265297266e-07
303 KSP unpreconditioned resid norm 6.569683811246e-24 true resid norm 6.569683811195e-24 ||r(i)||/||b|| 2.088775591249e-07
304 KSP unpreconditioned resid norm 6.473401234541e-24 true resid norm 6.473401234507e-24 ||r(i)||/||b|| 2.058163357566e-07
305 KSP unpreconditioned resid norm 6.356840734992e-24 true resid norm 6.356840734993e-24 ||r(i)||/||b|| 2.021103929246e-07
306 KSP unpreconditioned resid norm 6.224594563422e-24 true resid norm 6.224594563373e-24 ||r(i)||/||b|| 1.979057373696e-07
307 KSP unpreconditioned resid norm 6.107342686024e-24 true resid norm 6.107342686007e-24 ||r(i)||/||b|| 1.941778127615e-07
308 KSP unpreconditioned resid norm 5.966914138657e-24 true resid norm 5.966914138692e-24 ||r(i)||/||b|| 1.897130054683e-07
309 KSP unpreconditioned resid norm 5.817001913794e-24 true resid norm 5.817001913751e-24 ||r(i)||/||b|| 1.849466726387e-07
310 KSP unpreconditioned resid norm 5.669382697512e-24 true resid norm 5.669382697498e-24 ||r(i)||/||b|| 1.802532440877e-07
311 KSP unpreconditioned resid norm 5.525233583132e-24 true resid norm 5.525233583141e-24 ||r(i)||/||b|| 1.756701445014e-07
312 KSP unpreconditioned resid norm 5.357998935381e-24 true resid norm 5.357998935287e-24 ||r(i)||/||b|| 1.703530598367e-07
313 KSP unpreconditioned resid norm 5.189079862699e-24 true resid norm 5.189079862628e-24 ||r(i)||/||b|| 1.649824203051e-07
314 KSP unpreconditioned resid norm 5.049674791396e-24 true resid norm 5.049674791452e-24 ||r(i)||/||b|| 1.605501535730e-07
315 KSP unpreconditioned resid norm 4.927558494288e-24 true resid norm 4.927558494239e-24 ||r(i)||/||b|| 1.566675688361e-07
316 KSP unpreconditioned resid norm 4.817586201035e-24 true resid norm 4.817586201054e-24 ||r(i)||/||b|| 1.531710924710e-07
317 KSP unpreconditioned resid norm 4.731934471265e-24 true resid norm 4.731934471282e-24 ||r(i)||/||b|| 1.504478679196e-07
318 KSP unpreconditioned resid norm 4.642187256673e-24 true resid norm 4.642187256631e-24 ||r(i)||/||b|| 1.475944308786e-07
319 KSP unpreconditioned resid norm 4.570182523206e-24 true resid norm 4.570182523221e-24 ||r(i)||/||b|| 1.453051010733e-07
320 KSP unpreconditioned resid norm 4.498627645576e-24 true resid norm 4.498627645565e-24 ||r(i)||/||b|| 1.430300740526e-07
321 KSP unpreconditioned resid norm 4.418161229517e-24 true resid norm 4.418161229485e-24 ||r(i)||/||b|| 1.404717121793e-07
322 KSP unpreconditioned resid norm 4.337199035583e-24 true resid norm 4.337199035601e-24 ||r(i)||/||b|| 1.378975874686e-07
323 KSP unpreconditioned resid norm 4.267928836251e-24 true resid norm 4.267928836283e-24 ||r(i)||/||b|| 1.356951998698e-07
324 KSP unpreconditioned resid norm 4.199363856694e-24 true resid norm 4.199363856785e-24 ||r(i)||/||b|| 1.335152341408e-07
325 KSP unpreconditioned resid norm 4.135666341454e-24 true resid norm 4.135666341413e-24 ||r(i)||/||b|| 1.314900253308e-07
326 KSP unpreconditioned resid norm 4.073277526488e-24 true resid norm 4.073277526483e-24 ||r(i)||/||b|| 1.295064255482e-07
327 KSP unpreconditioned resid norm 4.016752491845e-24 true resid norm 4.016752491845e-24 ||r(i)||/||b|| 1.277092597175e-07
328 KSP unpreconditioned resid norm 3.944889454754e-24 true resid norm 3.944889454678e-24 ||r(i)||/||b|| 1.254244350248e-07
329 KSP unpreconditioned resid norm 3.875668863748e-24 true resid norm 3.875668863744e-24 ||r(i)||/||b|| 1.232236246828e-07
330 KSP unpreconditioned resid norm 3.801416351601e-24 true resid norm 3.801416351580e-24 ||r(i)||/||b|| 1.208628286467e-07
331 KSP unpreconditioned resid norm 3.716937783294e-24 true resid norm 3.716937783289e-24 ||r(i)||/||b|| 1.181769037757e-07
332 KSP unpreconditioned resid norm 3.642941584971e-24 true resid norm 3.642941584973e-24 ||r(i)||/||b|| 1.158242570224e-07
333 KSP unpreconditioned resid norm 3.577451949673e-24 true resid norm 3.577451949707e-24 ||r(i)||/||b|| 1.137420692710e-07
334 KSP unpreconditioned resid norm 3.525185844055e-24 true resid norm 3.525185844023e-24 ||r(i)||/||b|| 1.120803124964e-07
335 KSP unpreconditioned resid norm 3.477564069457e-24 true resid norm 3.477564069460e-24 ||r(i)||/||b|| 1.105662183150e-07
336 KSP unpreconditioned resid norm 3.429482835740e-24 true resid norm 3.429482835739e-24 ||r(i)||/||b|| 1.090375160170e-07
337 KSP unpreconditioned resid norm 3.369141213484e-24 true resid norm 3.369141213460e-24 ||r(i)||/||b|| 1.071190049992e-07
338 KSP unpreconditioned resid norm 3.280641570077e-24 true resid norm 3.280641570073e-24 ||r(i)||/||b|| 1.043052334350e-07
339 KSP unpreconditioned resid norm 3.174362095179e-24 true resid norm 3.174362095186e-24 ||r(i)||/||b|| 1.009261671150e-07
340 KSP unpreconditioned resid norm 3.050182252277e-24 true resid norm 3.050182252285e-24 ||r(i)||/||b|| 9.697797368235e-08
341 KSP unpreconditioned resid norm 2.921451497255e-24 true resid norm 2.921451497220e-24 ||r(i)||/||b|| 9.288508783348e-08
342 KSP unpreconditioned resid norm 2.809355617600e-24 true resid norm 2.809355617600e-24 ||r(i)||/||b|| 8.932109382772e-08
343 KSP unpreconditioned resid norm 2.718951244080e-24 true resid norm 2.718951243984e-24 ||r(i)||/||b|| 8.644676297132e-08
344 KSP unpreconditioned resid norm 2.625587268060e-24 true resid norm 2.625587268063e-24 ||r(i)||/||b|| 8.347833405436e-08
345 KSP unpreconditioned resid norm 2.528698124070e-24 true resid norm 2.528698124036e-24 ||r(i)||/||b|| 8.039782538885e-08
346 KSP unpreconditioned resid norm 2.423008819707e-24 true resid norm 2.423008819691e-24 ||r(i)||/||b|| 7.703752304376e-08
347 KSP unpreconditioned resid norm 2.301605835837e-24 true resid norm 2.301605835804e-24 ||r(i)||/||b|| 7.317761750287e-08
348 KSP unpreconditioned resid norm 2.171994732707e-24 true resid norm 2.171994732625e-24 ||r(i)||/||b|| 6.905674172779e-08
349 KSP unpreconditioned resid norm 2.014816783544e-24 true resid norm 2.014816783552e-24 ||r(i)||/||b|| 6.405940132385e-08
350 KSP unpreconditioned resid norm 1.851424168752e-24 true resid norm 1.851424168746e-24 ||r(i)||/||b|| 5.886447086139e-08
351 KSP unpreconditioned resid norm 1.726114218884e-24 true resid norm 1.726114218917e-24 ||r(i)||/||b|| 5.488034663157e-08
352 KSP unpreconditioned resid norm 1.630029362329e-24 true resid norm 1.630029362287e-24 ||r(i)||/||b|| 5.182540960590e-08
353 KSP unpreconditioned resid norm 1.554161473911e-24 true resid norm 1.554161473862e-24 ||r(i)||/||b|| 4.941325404323e-08
354 KSP unpreconditioned resid norm 1.489859515847e-24 true resid norm 1.489859515828e-24 ||r(i)||/||b|| 4.736882748831e-08
355 KSP unpreconditioned resid norm 1.433613922011e-24 true resid norm 1.433613922052e-24 ||r(i)||/||b|| 4.558054624416e-08
356 KSP unpreconditioned resid norm 1.375927337196e-24 true resid norm 1.375927337311e-24 ||r(i)||/||b|| 4.374644990691e-08
357 KSP unpreconditioned resid norm 1.319283614524e-24 true resid norm 1.319283614530e-24 ||r(i)||/||b|| 4.194551048666e-08
358 KSP unpreconditioned resid norm 1.261290427156e-24 true resid norm 1.261290427070e-24 ||r(i)||/||b|| 4.010166597441e-08
359 KSP unpreconditioned resid norm 1.201811397869e-24 true resid norm 1.201811397851e-24 ||r(i)||/||b|| 3.821058037586e-08
360 KSP unpreconditioned resid norm 1.139490994687e-24 true resid norm 1.139490994642e-24 ||r(i)||/||b|| 3.622915568632e-08
361 KSP unpreconditioned resid norm 1.080449760909e-24 true resid norm 1.080449760886e-24 ||r(i)||/||b|| 3.435198942548e-08
362 KSP unpreconditioned resid norm 1.029867983947e-24 true resid norm 1.029867984003e-24 ||r(i)||/||b|| 3.274378446539e-08
363 KSP unpreconditioned resid norm 9.838217794836e-25 true resid norm 9.838217795348e-25 ||r(i)||/||b|| 3.127978420711e-08
  Linear solve converged due to CONVERGED_ATOL iterations 363
Mat Object: 1 MPI process
  type: seqaijcusparse
  rows=281452, cols=281452, bs=4
  total: nonzeros=15993520, allocated nonzeros=15993520
  total number of mallocs used during MatSetValues calls=0
    not using I-node routines
Vec Object: 1 MPI process
  type: seqcuda
  length=281452, bs=4
Vec Object: 1 MPI process
  type: seqcuda
  length=281452, bs=4
KSP Object: 1 MPI process
  type: gmres
    restart=100, using classical (unmodified) Gram-Schmidt orthogonalization with no iterative refinement
    happy breakdown tolerance=1e-30
  maximum iterations=2000, initial guess is zero
  tolerances: relative=1e-10, absolute=1e-24, divergence=10000.
  right preconditioning
  diagonally scaled system
  using UNPRECONDITIONED norm type for convergence test
PC Object: 1 MPI process
  type: asm
    total subdomain blocks = 1, amount of overlap = 2
    restriction/interpolation type - RESTRICT
    Local solver information for first block is in the following KSP and PC objects on rank 0:
    Use -ksp_view ::ascii_info_detail to display information for all blocks
    KSP Object: (sub_) 1 MPI process
      type: preonly
      maximum iterations=10000, initial guess is zero
      tolerances: relative=1e-05, absolute=1e-50, divergence=10000.
      left preconditioning
      not checking for convergence
    PC Object: (sub_) 1 MPI process
      type: ilu
        out-of-place factorization
        2 levels of fill
        tolerance for zero pivot 2.22045e-14
        matrix ordering: natural
        factor fill ratio given 1., needed 4.996
          Factored matrix:
            Mat Object: (sub_) 1 MPI process
              type: seqaijcusparse
              rows=281452, cols=281452, bs=4
              package used to perform factorization: cusparse
              total: nonzeros=79903664, allocated nonzeros=79903664
                using I-node routines: found 70363 nodes, limit used is 5
      linear system matrix, which is also used to construct the preconditioner:
      Mat Object: (sub_) 1 MPI process
        type: seqaijcusparse
        rows=281452, cols=281452, bs=4
        total: nonzeros=15993520, allocated nonzeros=15993520
        total number of mallocs used during MatSetValues calls=0
          not using I-node routines
  linear system matrix, which is also used to construct the preconditioner:
  Mat Object: 1 MPI process
    type: seqaijcusparse
    rows=281452, cols=281452, bs=4
    total: nonzeros=15993520, allocated nonzeros=15993520
    total number of mallocs used during MatSetValues calls=0
      not using I-node routines
SV13Q_END logical=8 attempt=0 step=64 reason=3 iterations=363 healthy=1 ref=316 ratio=1.1487341772151898 pending=0 recovery=NONE
 NS     64-2    2.352e+03 [  -3  6.497e-01  3.120e-14  3.128e-08] [  363 -173   69]
Vec Object: 1 MPI process
  type: seqcuda
  length=281452, bs=4
Mat Object: 1 MPI process
  type: seqaijcusparse
  rows=281452, cols=281452, bs=4
  total: nonzeros=15993520, allocated nonzeros=15993520
  total number of mallocs used during MatSetValues calls=0
    not using I-node routines
Mat Object: 1 MPI process
  type: seqaijcusparse
  rows=281452, cols=281452, bs=4
  total: nonzeros=15993520, allocated nonzeros=15993520
  total number of mallocs used during MatSetValues calls=0
    not using I-node routines
SV13Q_BEGIN logical=9 attempt=0 step=65 equation=0 policy=R3 reuse=1 age=1 ref=316 rebuild_reason=REUSE builds=2 attempts=9 ksp=0x55e693816a00 pc=0x55e6952d3390
  0 KSP unpreconditioned resid norm 4.938830686388e-17 true resid norm 4.938830686388e-17 ||r(i)||/||b|| 1.000000000000e+00
  1 KSP unpreconditioned resid norm 2.525660441337e-18 true resid norm 2.525660441337e-18 ||r(i)||/||b|| 5.113883430542e-02
  2 KSP unpreconditioned resid norm 8.468417552291e-19 true resid norm 8.468417552291e-19 ||r(i)||/||b|| 1.714660430784e-02
  3 KSP unpreconditioned resid norm 5.209783446540e-19 true resid norm 5.209783446540e-19 ||r(i)||/||b|| 1.054861722816e-02
  4 KSP unpreconditioned resid norm 3.782776162877e-19 true resid norm 3.782776162877e-19 ||r(i)||/||b|| 7.659254595026e-03
  5 KSP unpreconditioned resid norm 2.893291936321e-19 true resid norm 2.893291936321e-19 ||r(i)||/||b|| 5.858252934840e-03
  6 KSP unpreconditioned resid norm 2.130896309293e-19 true resid norm 2.130896309293e-19 ||r(i)||/||b|| 4.314576555875e-03
  7 KSP unpreconditioned resid norm 1.597096865360e-19 true resid norm 1.597096865360e-19 ||r(i)||/||b|| 3.233755046031e-03
  8 KSP unpreconditioned resid norm 1.221316316486e-19 true resid norm 1.221316316486e-19 ||r(i)||/||b|| 2.472885575633e-03
  9 KSP unpreconditioned resid norm 1.010436109566e-19 true resid norm 1.010436109566e-19 ||r(i)||/||b|| 2.045901497191e-03
 10 KSP unpreconditioned resid norm 9.007132960822e-20 true resid norm 9.007132960821e-20 ||r(i)||/||b|| 1.823737951909e-03
 11 KSP unpreconditioned resid norm 8.413237578187e-20 true resid norm 8.413237578187e-20 ||r(i)||/||b|| 1.703487750931e-03
 12 KSP unpreconditioned resid norm 7.979563239141e-20 true resid norm 7.979563239141e-20 ||r(i)||/||b|| 1.615678638495e-03
 13 KSP unpreconditioned resid norm 7.640519178030e-20 true resid norm 7.640519178029e-20 ||r(i)||/||b|| 1.547029988108e-03
 14 KSP unpreconditioned resid norm 7.399996540035e-20 true resid norm 7.399996540035e-20 ||r(i)||/||b|| 1.498329667472e-03
 15 KSP unpreconditioned resid norm 7.183925408570e-20 true resid norm 7.183925408570e-20 ||r(i)||/||b|| 1.454580216400e-03
 16 KSP unpreconditioned resid norm 6.993346036090e-20 true resid norm 6.993346036089e-20 ||r(i)||/||b|| 1.415992262169e-03
 17 KSP unpreconditioned resid norm 6.824928139837e-20 true resid norm 6.824928139837e-20 ||r(i)||/||b|| 1.381891498862e-03
 18 KSP unpreconditioned resid norm 6.652513045589e-20 true resid norm 6.652513045589e-20 ||r(i)||/||b|| 1.346981394589e-03
 19 KSP unpreconditioned resid norm 6.502817664211e-20 true resid norm 6.502817664211e-20 ||r(i)||/||b|| 1.316671511363e-03
 20 KSP unpreconditioned resid norm 6.389300020324e-20 true resid norm 6.389300020324e-20 ||r(i)||/||b|| 1.293686790668e-03
 21 KSP unpreconditioned resid norm 6.274363007002e-20 true resid norm 6.274363007002e-20 ||r(i)||/||b|| 1.270414680198e-03
 22 KSP unpreconditioned resid norm 6.158256436864e-20 true resid norm 6.158256436863e-20 ||r(i)||/||b|| 1.246905761284e-03
 23 KSP unpreconditioned resid norm 6.063818312361e-20 true resid norm 6.063818312361e-20 ||r(i)||/||b|| 1.227784205900e-03
 24 KSP unpreconditioned resid norm 5.963254110651e-20 true resid norm 5.963254110651e-20 ||r(i)||/||b|| 1.207422260311e-03
 25 KSP unpreconditioned resid norm 5.874124759562e-20 true resid norm 5.874124759562e-20 ||r(i)||/||b|| 1.189375609849e-03
 26 KSP unpreconditioned resid norm 5.798406829813e-20 true resid norm 5.798406829812e-20 ||r(i)||/||b|| 1.174044464774e-03
 27 KSP unpreconditioned resid norm 5.707588047210e-20 true resid norm 5.707588047210e-20 ||r(i)||/||b|| 1.155655743158e-03
 28 KSP unpreconditioned resid norm 5.598719958693e-20 true resid norm 5.598719958693e-20 ||r(i)||/||b|| 1.133612450842e-03
 29 KSP unpreconditioned resid norm 5.454294870867e-20 true resid norm 5.454294870867e-20 ||r(i)||/||b|| 1.104369681248e-03
 30 KSP unpreconditioned resid norm 5.294104357636e-20 true resid norm 5.294104357635e-20 ||r(i)||/||b|| 1.071934774404e-03
 31 KSP unpreconditioned resid norm 5.187221281908e-20 true resid norm 5.187221281907e-20 ||r(i)||/||b|| 1.050293401676e-03
 32 KSP unpreconditioned resid norm 5.111153805757e-20 true resid norm 5.111153805757e-20 ||r(i)||/||b|| 1.034891481468e-03
 33 KSP unpreconditioned resid norm 5.044476054397e-20 true resid norm 5.044476054396e-20 ||r(i)||/||b|| 1.021390765288e-03
 34 KSP unpreconditioned resid norm 4.986455430519e-20 true resid norm 4.986455430519e-20 ||r(i)||/||b|| 1.009642918973e-03
 35 KSP unpreconditioned resid norm 4.932695069305e-20 true resid norm 4.932695069304e-20 ||r(i)||/||b|| 9.987576781887e-04
 36 KSP unpreconditioned resid norm 4.874683208337e-20 true resid norm 4.874683208337e-20 ||r(i)||/||b|| 9.870116061625e-04
 37 KSP unpreconditioned resid norm 4.803435150231e-20 true resid norm 4.803435150231e-20 ||r(i)||/||b|| 9.725855076322e-04
 38 KSP unpreconditioned resid norm 4.700416042576e-20 true resid norm 4.700416042576e-20 ||r(i)||/||b|| 9.517264998636e-04
 39 KSP unpreconditioned resid norm 4.610092882348e-20 true resid norm 4.610092882348e-20 ||r(i)||/||b|| 9.334381304169e-04
 40 KSP unpreconditioned resid norm 4.530401844228e-20 true resid norm 4.530401844228e-20 ||r(i)||/||b|| 9.173025219743e-04
 41 KSP unpreconditioned resid norm 4.463388581242e-20 true resid norm 4.463388581242e-20 ||r(i)||/||b|| 9.037338723806e-04
 42 KSP unpreconditioned resid norm 4.395340287348e-20 true resid norm 4.395340287348e-20 ||r(i)||/||b|| 8.899556527543e-04
 43 KSP unpreconditioned resid norm 4.311972874364e-20 true resid norm 4.311972874364e-20 ||r(i)||/||b|| 8.730756626762e-04
 44 KSP unpreconditioned resid norm 4.193259804918e-20 true resid norm 4.193259804918e-20 ||r(i)||/||b|| 8.490389874013e-04
 45 KSP unpreconditioned resid norm 4.055678498893e-20 true resid norm 4.055678498893e-20 ||r(i)||/||b|| 8.211819267403e-04
 46 KSP unpreconditioned resid norm 3.895755125005e-20 true resid norm 3.895755125005e-20 ||r(i)||/||b|| 7.888011094897e-04
 47 KSP unpreconditioned resid norm 3.712104890332e-20 true resid norm 3.712104890332e-20 ||r(i)||/||b|| 7.516161468265e-04
 48 KSP unpreconditioned resid norm 3.541527932366e-20 true resid norm 3.541527932366e-20 ||r(i)||/||b|| 7.170782230148e-04
 49 KSP unpreconditioned resid norm 3.382897708642e-20 true resid norm 3.382897708643e-20 ||r(i)||/||b|| 6.849592390292e-04
 50 KSP unpreconditioned resid norm 3.258631508925e-20 true resid norm 3.258631508925e-20 ||r(i)||/||b|| 6.597981821701e-04
 51 KSP unpreconditioned resid norm 3.156853748827e-20 true resid norm 3.156853748827e-20 ||r(i)||/||b|| 6.391905188260e-04
 52 KSP unpreconditioned resid norm 3.072189630251e-20 true resid norm 3.072189630250e-20 ||r(i)||/||b|| 6.220479755901e-04
 53 KSP unpreconditioned resid norm 2.999825199739e-20 true resid norm 2.999825199738e-20 ||r(i)||/||b|| 6.073958372384e-04
 54 KSP unpreconditioned resid norm 2.911200857522e-20 true resid norm 2.911200857520e-20 ||r(i)||/||b|| 5.894514394964e-04
 55 KSP unpreconditioned resid norm 2.821719193123e-20 true resid norm 2.821719193121e-20 ||r(i)||/||b|| 5.713334536650e-04
 56 KSP unpreconditioned resid norm 2.714808276910e-20 true resid norm 2.714808276909e-20 ||r(i)||/||b|| 5.496864438764e-04
 57 KSP unpreconditioned resid norm 2.614232414403e-20 true resid norm 2.614232414402e-20 ||r(i)||/||b|| 5.293221372433e-04
 58 KSP unpreconditioned resid norm 2.521799941311e-20 true resid norm 2.521799941309e-20 ||r(i)||/||b|| 5.106066802937e-04
 59 KSP unpreconditioned resid norm 2.440129084988e-20 true resid norm 2.440129084986e-20 ||r(i)||/||b|| 4.940702040486e-04
 60 KSP unpreconditioned resid norm 2.358927464985e-20 true resid norm 2.358927464983e-20 ||r(i)||/||b|| 4.776287374022e-04
 61 KSP unpreconditioned resid norm 2.267239940497e-20 true resid norm 2.267239940494e-20 ||r(i)||/||b|| 4.590641154681e-04
 62 KSP unpreconditioned resid norm 2.162100456932e-20 true resid norm 2.162100456927e-20 ||r(i)||/||b|| 4.377757801833e-04
 63 KSP unpreconditioned resid norm 2.028893448048e-20 true resid norm 2.028893448042e-20 ||r(i)||/||b|| 4.108044144201e-04
 64 KSP unpreconditioned resid norm 1.868903201593e-20 true resid norm 1.868903201585e-20 ||r(i)||/||b|| 3.784100570072e-04
 65 KSP unpreconditioned resid norm 1.693928363694e-20 true resid norm 1.693928363686e-20 ||r(i)||/||b|| 3.429816633225e-04
 66 KSP unpreconditioned resid norm 1.545022727239e-20 true resid norm 1.545022727231e-20 ||r(i)||/||b|| 3.128316853398e-04
 67 KSP unpreconditioned resid norm 1.415188273351e-20 true resid norm 1.415188273344e-20 ||r(i)||/||b|| 2.865431846538e-04
 68 KSP unpreconditioned resid norm 1.325135727191e-20 true resid norm 1.325135727185e-20 ||r(i)||/||b|| 2.683096083526e-04
 69 KSP unpreconditioned resid norm 1.258020382489e-20 true resid norm 1.258020382483e-20 ||r(i)||/||b|| 2.547202895516e-04
 70 KSP unpreconditioned resid norm 1.193974813471e-20 true resid norm 1.193974813465e-20 ||r(i)||/||b|| 2.417525299573e-04
 71 KSP unpreconditioned resid norm 1.128608313473e-20 true resid norm 1.128608313465e-20 ||r(i)||/||b|| 2.285173121192e-04
 72 KSP unpreconditioned resid norm 1.063989679004e-20 true resid norm 1.063989678993e-20 ||r(i)||/||b|| 2.154335199070e-04
 73 KSP unpreconditioned resid norm 1.004826874511e-20 true resid norm 1.004826874497e-20 ||r(i)||/||b|| 2.034544081995e-04
 74 KSP unpreconditioned resid norm 9.449105454949e-21 true resid norm 9.449105454788e-21 ||r(i)||/||b|| 1.913227250497e-04
 75 KSP unpreconditioned resid norm 8.952548774690e-21 true resid norm 8.952548774536e-21 ||r(i)||/||b|| 1.812685905433e-04
 76 KSP unpreconditioned resid norm 8.573123166590e-21 true resid norm 8.573123166457e-21 ||r(i)||/||b|| 1.735860917461e-04
 77 KSP unpreconditioned resid norm 8.240432998915e-21 true resid norm 8.240432998807e-21 ||r(i)||/||b|| 1.668498784848e-04
 78 KSP unpreconditioned resid norm 7.976559141197e-21 true resid norm 7.976559141115e-21 ||r(i)||/||b|| 1.615070377508e-04
 79 KSP unpreconditioned resid norm 7.781865606216e-21 true resid norm 7.781865606156e-21 ||r(i)||/||b|| 1.575649399685e-04
 80 KSP unpreconditioned resid norm 7.626694768406e-21 true resid norm 7.626694768360e-21 ||r(i)||/||b|| 1.544230862050e-04
 81 KSP unpreconditioned resid norm 7.481121173159e-21 true resid norm 7.481121173117e-21 ||r(i)||/||b|| 1.514755546031e-04
 82 KSP unpreconditioned resid norm 7.330664803730e-21 true resid norm 7.330664803690e-21 ||r(i)||/||b|| 1.484291580170e-04
 83 KSP unpreconditioned resid norm 7.198240316417e-21 true resid norm 7.198240316386e-21 ||r(i)||/||b|| 1.457478657089e-04
 84 KSP unpreconditioned resid norm 7.054181227676e-21 true resid norm 7.054181227656e-21 ||r(i)||/||b|| 1.428309993922e-04
 85 KSP unpreconditioned resid norm 6.939756088059e-21 true resid norm 6.939756088042e-21 ||r(i)||/||b|| 1.405141526145e-04
 86 KSP unpreconditioned resid norm 6.840294418283e-21 true resid norm 6.840294418261e-21 ||r(i)||/||b|| 1.385002817998e-04
 87 KSP unpreconditioned resid norm 6.751889724677e-21 true resid norm 6.751889724648e-21 ||r(i)||/||b|| 1.367102894063e-04
 88 KSP unpreconditioned resid norm 6.658547259778e-21 true resid norm 6.658547259746e-21 ||r(i)||/||b|| 1.348203184632e-04
 89 KSP unpreconditioned resid norm 6.537010750850e-21 true resid norm 6.537010750822e-21 ||r(i)||/||b|| 1.323594827585e-04
 90 KSP unpreconditioned resid norm 6.479447539028e-21 true resid norm 6.479359963505e-21 ||r(i)||/||b|| 1.311921864696e-04
 91 KSP unpreconditioned resid norm 6.427854014444e-21 true resid norm 6.506032167724e-21 ||r(i)||/||b|| 1.317322374637e-04
 92 KSP unpreconditioned resid norm 6.380907887375e-21 true resid norm 6.630226062175e-21 ||r(i)||/||b|| 1.342468791337e-04
 93 KSP unpreconditioned resid norm 6.219915936407e-21 true resid norm 6.879872393234e-21 ||r(i)||/||b|| 1.393016450674e-04
 94 KSP unpreconditioned resid norm 6.141005921788e-21 true resid norm 7.247254810294e-21 ||r(i)||/||b|| 1.467402968534e-04
 95 KSP unpreconditioned resid norm 6.023273858694e-21 true resid norm 7.736740043168e-21 ||r(i)||/||b|| 1.566512507604e-04
 96 KSP unpreconditioned resid norm 5.939290367815e-21 true resid norm 8.240529582332e-21 ||r(i)||/||b|| 1.668518340797e-04
 97 KSP unpreconditioned resid norm 5.844136892587e-21 true resid norm 8.791990007057e-21 ||r(i)||/||b|| 1.780176435545e-04
 98 KSP unpreconditioned resid norm 5.767324175171e-21 true resid norm 9.327782464090e-21 ||r(i)||/||b|| 1.888662125996e-04
 99 KSP unpreconditioned resid norm 5.672934098180e-21 true resid norm 9.896172897556e-21 ||r(i)||/||b|| 2.003748159424e-04
100 KSP unpreconditioned resid norm 1.043201530126e-20 true resid norm 1.043201530126e-20 ||r(i)||/||b|| 2.112243962930e-04
101 KSP unpreconditioned resid norm 6.169681628287e-21 true resid norm 6.169681628287e-21 ||r(i)||/||b|| 1.249219100645e-04
102 KSP unpreconditioned resid norm 5.709027646616e-21 true resid norm 5.709027646616e-21 ||r(i)||/||b|| 1.155947229037e-04
103 KSP unpreconditioned resid norm 5.451397770418e-21 true resid norm 5.451397770418e-21 ||r(i)||/||b|| 1.103783084818e-04
104 KSP unpreconditioned resid norm 5.292630968662e-21 true resid norm 5.292630968662e-21 ||r(i)||/||b|| 1.071636446912e-04
105 KSP unpreconditioned resid norm 5.205589651546e-21 true resid norm 5.205589651546e-21 ||r(i)||/||b|| 1.054012575465e-04
106 KSP unpreconditioned resid norm 5.143118603747e-21 true resid norm 5.143118603747e-21 ||r(i)||/||b|| 1.041363620324e-04
107 KSP unpreconditioned resid norm 5.093289876598e-21 true resid norm 5.093289876598e-21 ||r(i)||/||b|| 1.031274445313e-04
108 KSP unpreconditioned resid norm 5.051333476128e-21 true resid norm 5.051333476128e-21 ||r(i)||/||b|| 1.022779235994e-04
109 KSP unpreconditioned resid norm 5.003519945525e-21 true resid norm 5.003519945525e-21 ||r(i)||/||b|| 1.013098092088e-04
110 KSP unpreconditioned resid norm 4.949403764292e-21 true resid norm 4.949403764292e-21 ||r(i)||/||b|| 1.002140805906e-04
111 KSP unpreconditioned resid norm 4.889543320100e-21 true resid norm 4.889543320100e-21 ||r(i)||/||b|| 9.900204381527e-05
112 KSP unpreconditioned resid norm 4.834578666567e-21 true resid norm 4.834578666567e-21 ||r(i)||/||b|| 9.788913557801e-05
113 KSP unpreconditioned resid norm 4.768974446652e-21 true resid norm 4.768974446652e-21 ||r(i)||/||b|| 9.656080051084e-05
114 KSP unpreconditioned resid norm 4.708705830024e-21 true resid norm 4.708705830024e-21 ||r(i)||/||b|| 9.534049917931e-05
115 KSP unpreconditioned resid norm 4.642181362513e-21 true resid norm 4.642181362513e-21 ||r(i)||/||b|| 9.399353120784e-05
116 KSP unpreconditioned resid norm 4.563256487215e-21 true resid norm 4.563256487215e-21 ||r(i)||/||b|| 9.239548340444e-05
117 KSP unpreconditioned resid norm 4.480283307168e-21 true resid norm 4.480283307168e-21 ||r(i)||/||b|| 9.071546670988e-05
118 KSP unpreconditioned resid norm 4.385095297170e-21 true resid norm 4.385095297170e-21 ||r(i)||/||b|| 8.878812770916e-05
119 KSP unpreconditioned resid norm 4.269613893628e-21 true resid norm 4.269613893628e-21 ||r(i)||/||b|| 8.644989400821e-05
120 KSP unpreconditioned resid norm 4.125988272066e-21 true resid norm 4.125988272066e-21 ||r(i)||/||b|| 8.354180440801e-05
121 KSP unpreconditioned resid norm 3.933465238951e-21 true resid norm 3.933465238951e-21 ||r(i)||/||b|| 7.964365431258e-05
122 KSP unpreconditioned resid norm 3.693351266317e-21 true resid norm 3.693351266317e-21 ||r(i)||/||b|| 7.478189678573e-05
123 KSP unpreconditioned resid norm 3.480454731163e-21 true resid norm 3.480454731163e-21 ||r(i)||/||b|| 7.047122997666e-05
124 KSP unpreconditioned resid norm 3.323471082761e-21 true resid norm 3.323471082761e-21 ||r(i)||/||b|| 6.729267095389e-05
125 KSP unpreconditioned resid norm 3.182556867991e-21 true resid norm 3.182556867991e-21 ||r(i)||/||b|| 6.443948112581e-05
126 KSP unpreconditioned resid norm 3.038448919752e-21 true resid norm 3.038448919752e-21 ||r(i)||/||b|| 6.152162551606e-05
127 KSP unpreconditioned resid norm 2.889409383577e-21 true resid norm 2.889409383577e-21 ||r(i)||/||b|| 5.850391655540e-05
128 KSP unpreconditioned resid norm 2.707874973005e-21 true resid norm 2.707874973005e-21 ||r(i)||/||b|| 5.482826087698e-05
129 KSP unpreconditioned resid norm 2.495654351457e-21 true resid norm 2.495654351457e-21 ||r(i)||/||b|| 5.053127976902e-05
130 KSP unpreconditioned resid norm 2.253064584800e-21 true resid norm 2.253064584800e-21 ||r(i)||/||b|| 4.561939308852e-05
131 KSP unpreconditioned resid norm 2.050065142224e-21 true resid norm 2.050065142224e-21 ||r(i)||/||b|| 4.150911971681e-05
132 KSP unpreconditioned resid norm 1.884702897483e-21 true resid norm 1.884702897482e-21 ||r(i)||/||b|| 3.816091332462e-05
133 KSP unpreconditioned resid norm 1.744120673825e-21 true resid norm 1.744120673825e-21 ||r(i)||/||b|| 3.531444555554e-05
134 KSP unpreconditioned resid norm 1.620894091078e-21 true resid norm 1.620894091078e-21 ||r(i)||/||b|| 3.281938973015e-05
135 KSP unpreconditioned resid norm 1.513271082849e-21 true resid norm 1.513271082849e-21 ||r(i)||/||b|| 3.064027052030e-05
136 KSP unpreconditioned resid norm 1.409883201157e-21 true resid norm 1.409883201157e-21 ||r(i)||/||b|| 2.854690291454e-05
137 KSP unpreconditioned resid norm 1.323896781190e-21 true resid norm 1.323896781190e-21 ||r(i)||/||b|| 2.680587501893e-05
138 KSP unpreconditioned resid norm 1.244519834570e-21 true resid norm 1.244519834569e-21 ||r(i)||/||b|| 2.519867380753e-05
139 KSP unpreconditioned resid norm 1.173161888049e-21 true resid norm 1.173161888049e-21 ||r(i)||/||b|| 2.375383896601e-05
140 KSP unpreconditioned resid norm 1.113346398469e-21 true resid norm 1.113346398468e-21 ||r(i)||/||b|| 2.254271241848e-05
141 KSP unpreconditioned resid norm 1.069269156505e-21 true resid norm 1.069269156505e-21 ||r(i)||/||b|| 2.165024930804e-05
142 KSP unpreconditioned resid norm 1.031403716118e-21 true resid norm 1.031403716118e-21 ||r(i)||/||b|| 2.088356094004e-05
143 KSP unpreconditioned resid norm 9.975648330478e-22 true resid norm 9.975648330477e-22 ||r(i)||/||b|| 2.019840112756e-05
144 KSP unpreconditioned resid norm 9.669601631482e-22 true resid norm 9.669601631479e-22 ||r(i)||/||b|| 1.957872671790e-05
145 KSP unpreconditioned resid norm 9.258771681285e-22 true resid norm 9.258771681285e-22 ||r(i)||/||b|| 1.874689024429e-05
146 KSP unpreconditioned resid norm 8.906783241498e-22 true resid norm 8.906783241496e-22 ||r(i)||/||b|| 1.803419434087e-05
147 KSP unpreconditioned resid norm 8.598244301995e-22 true resid norm 8.598244301995e-22 ||r(i)||/||b|| 1.740947371549e-05
148 KSP unpreconditioned resid norm 8.351132689756e-22 true resid norm 8.351132689753e-22 ||r(i)||/||b|| 1.690912934669e-05
149 KSP unpreconditioned resid norm 8.114922622540e-22 true resid norm 8.114922622540e-22 ||r(i)||/||b|| 1.643085810758e-05
150 KSP unpreconditioned resid norm 7.878578518070e-22 true resid norm 7.878578518071e-22 ||r(i)||/||b|| 1.595231547375e-05
151 KSP unpreconditioned resid norm 7.678348190597e-22 true resid norm 7.678348190599e-22 ||r(i)||/||b|| 1.554689495990e-05
152 KSP unpreconditioned resid norm 7.464206034510e-22 true resid norm 7.464206034509e-22 ||r(i)||/||b|| 1.511330618213e-05
153 KSP unpreconditioned resid norm 7.307618608259e-22 true resid norm 7.307618608259e-22 ||r(i)||/||b|| 1.479625253888e-05
154 KSP unpreconditioned resid norm 7.171850646158e-22 true resid norm 7.171850646158e-22 ||r(i)||/||b|| 1.452135353804e-05
155 KSP unpreconditioned resid norm 7.064790596500e-22 true resid norm 7.064790596500e-22 ||r(i)||/||b|| 1.430458147912e-05
156 KSP unpreconditioned resid norm 6.973350287382e-22 true resid norm 6.973350287378e-22 ||r(i)||/||b|| 1.411943581422e-05
157 KSP unpreconditioned resid norm 6.883937947544e-22 true resid norm 6.883937947544e-22 ||r(i)||/||b|| 1.393839632226e-05
158 KSP unpreconditioned resid norm 6.801462621296e-22 true resid norm 6.801462621297e-22 ||r(i)||/||b|| 1.377140269263e-05
159 KSP unpreconditioned resid norm 6.716902954565e-22 true resid norm 6.716902954560e-22 ||r(i)||/||b|| 1.360018875130e-05
160 KSP unpreconditioned resid norm 6.633633891235e-22 true resid norm 6.633633891234e-22 ||r(i)||/||b|| 1.343158798603e-05
161 KSP unpreconditioned resid norm 6.547066380713e-22 true resid norm 6.547066380717e-22 ||r(i)||/||b|| 1.325630862131e-05
162 KSP unpreconditioned resid norm 6.447712870813e-22 true resid norm 6.447712870813e-22 ||r(i)||/||b|| 1.305514053880e-05
163 KSP unpreconditioned resid norm 6.348376394965e-22 true resid norm 6.348376394964e-22 ||r(i)||/||b|| 1.285400694634e-05
164 KSP unpreconditioned resid norm 6.250178125949e-22 true resid norm 6.250178125948e-22 ||r(i)||/||b|| 1.265517796181e-05
165 KSP unpreconditioned resid norm 6.158369752767e-22 true resid norm 6.158369752767e-22 ||r(i)||/||b|| 1.246928705157e-05
166 KSP unpreconditioned resid norm 6.053459891603e-22 true resid norm 6.053459891603e-22 ||r(i)||/||b|| 1.225686863145e-05
167 KSP unpreconditioned resid norm 5.955414654927e-22 true resid norm 5.955414654925e-22 ||r(i)||/||b|| 1.205834950232e-05
168 KSP unpreconditioned resid norm 5.851012339729e-22 true resid norm 5.851012339735e-22 ||r(i)||/||b|| 1.184695874645e-05
169 KSP unpreconditioned resid norm 5.743781643717e-22 true resid norm 5.743781643718e-22 ||r(i)||/||b|| 1.162984116776e-05
170 KSP unpreconditioned resid norm 5.624423081497e-22 true resid norm 5.624423081497e-22 ||r(i)||/||b|| 1.138816744012e-05
171 KSP unpreconditioned resid norm 5.505119850708e-22 true resid norm 5.505119850711e-22 ||r(i)||/||b|| 1.114660574594e-05
172 KSP unpreconditioned resid norm 5.389738354418e-22 true resid norm 5.389738354414e-22 ||r(i)||/||b|| 1.091298466511e-05
173 KSP unpreconditioned resid norm 5.291662116948e-22 true resid norm 5.291662116950e-22 ||r(i)||/||b|| 1.071440276650e-05
174 KSP unpreconditioned resid norm 5.213979329279e-22 true resid norm 5.213979329279e-22 ||r(i)||/||b|| 1.055711292887e-05
175 KSP unpreconditioned resid norm 5.115407165076e-22 true resid norm 5.115407165070e-22 ||r(i)||/||b|| 1.035752689228e-05
176 KSP unpreconditioned resid norm 5.009019855732e-22 true resid norm 5.009019855734e-22 ||r(i)||/||b|| 1.014211697829e-05
177 KSP unpreconditioned resid norm 4.874708245441e-22 true resid norm 4.874708245444e-22 ||r(i)||/||b|| 9.870166756027e-06
178 KSP unpreconditioned resid norm 4.739386703270e-22 true resid norm 4.739386703271e-22 ||r(i)||/||b|| 9.596171653207e-06
179 KSP unpreconditioned resid norm 4.584163088604e-22 true resid norm 4.584163088605e-22 ||r(i)||/||b|| 9.281879415787e-06
180 KSP unpreconditioned resid norm 4.440878306261e-22 true resid norm 4.440878306259e-22 ||r(i)||/||b|| 8.991760577049e-06
181 KSP unpreconditioned resid norm 4.300175238894e-22 true resid norm 4.300175238900e-22 ||r(i)||/||b|| 8.706869119348e-06
182 KSP unpreconditioned resid norm 4.178113977906e-22 true resid norm 4.178113977907e-22 ||r(i)||/||b|| 8.459723046231e-06
183 KSP unpreconditioned resid norm 4.060316739693e-22 true resid norm 4.060316739701e-22 ||r(i)||/||b|| 8.221210641805e-06
184 KSP unpreconditioned resid norm 3.917006273198e-22 true resid norm 3.917006273202e-22 ||r(i)||/||b|| 7.931039798544e-06
185 KSP unpreconditioned resid norm 3.759771365026e-22 true resid norm 3.759771365023e-22 ||r(i)||/||b|| 7.612675152815e-06
186 KSP unpreconditioned resid norm 3.529831886580e-22 true resid norm 3.529831886583e-22 ||r(i)||/||b|| 7.147100418549e-06
187 KSP unpreconditioned resid norm 3.270221287390e-22 true resid norm 3.270221287389e-22 ||r(i)||/||b|| 6.621448466339e-06
188 KSP unpreconditioned resid norm 3.037726571076e-22 true resid norm 3.037726571077e-22 ||r(i)||/||b|| 6.150699961125e-06
189 KSP unpreconditioned resid norm 2.805896009605e-22 true resid norm 2.805896009606e-22 ||r(i)||/||b|| 5.681296217219e-06
190 KSP unpreconditioned resid norm 2.616143692752e-22 true resid norm 2.616143692752e-22 ||r(i)||/||b|| 5.297091272966e-06
191 KSP unpreconditioned resid norm 2.551182364479e-22 true resid norm 2.561867922430e-22 ||r(i)||/||b|| 5.187195279828e-06
192 KSP unpreconditioned resid norm 2.508371064654e-22 true resid norm 2.453751712712e-22 ||r(i)||/||b|| 4.968284738885e-06
193 KSP unpreconditioned resid norm 2.502069796033e-22 true resid norm 2.448400872731e-22 ||r(i)||/||b|| 4.957450514510e-06
194 KSP unpreconditioned resid norm 2.497472541652e-22 true resid norm 2.425374598470e-22 ||r(i)||/||b|| 4.910827587499e-06
195 KSP unpreconditioned resid norm 2.497266328039e-22 true resid norm 2.424061809036e-22 ||r(i)||/||b|| 4.908169489828e-06
196 KSP unpreconditioned resid norm 2.497257367305e-22 true resid norm 2.424451446036e-22 ||r(i)||/||b|| 4.908958415436e-06
197 KSP unpreconditioned resid norm 2.497244553004e-22 true resid norm 2.423833447525e-22 ||r(i)||/||b|| 4.907707110117e-06
198 KSP unpreconditioned resid norm 2.496867078621e-22 true resid norm 2.426459785825e-22 ||r(i)||/||b|| 4.913024843133e-06
199 KSP unpreconditioned resid norm 2.496467867885e-22 true resid norm 2.429979651291e-22 ||r(i)||/||b|| 4.920151763833e-06
200 KSP unpreconditioned resid norm 2.431996969177e-22 true resid norm 2.431996969177e-22 ||r(i)||/||b|| 4.924236370118e-06
201 KSP unpreconditioned resid norm 2.359342580156e-22 true resid norm 2.359342580161e-22 ||r(i)||/||b|| 4.777127887100e-06
202 KSP unpreconditioned resid norm 2.285196628687e-22 true resid norm 2.285196628686e-22 ||r(i)||/||b|| 4.626999332017e-06
203 KSP unpreconditioned resid norm 2.211771398640e-22 true resid norm 2.211771398638e-22 ||r(i)||/||b|| 4.478330072610e-06
204 KSP unpreconditioned resid norm 2.118152798189e-22 true resid norm 2.118152798189e-22 ||r(i)||/||b|| 4.288773867115e-06
205 KSP unpreconditioned resid norm 2.006811029789e-22 true resid norm 2.006811029787e-22 ||r(i)||/||b|| 4.063332309241e-06
206 KSP unpreconditioned resid norm 1.879632873460e-22 true resid norm 1.879632873462e-22 ||r(i)||/||b|| 3.805825696035e-06
207 KSP unpreconditioned resid norm 1.740616133734e-22 true resid norm 1.740616133736e-22 ||r(i)||/||b|| 3.524348665227e-06
208 KSP unpreconditioned resid norm 1.613669380019e-22 true resid norm 1.613669380025e-22 ||r(i)||/||b|| 3.267310589270e-06
209 KSP unpreconditioned resid norm 1.523345051489e-22 true resid norm 1.523345051493e-22 ||r(i)||/||b|| 3.084424529255e-06
210 KSP unpreconditioned resid norm 1.468128314795e-22 true resid norm 1.468128314795e-22 ||r(i)||/||b|| 2.972623294906e-06
211 KSP unpreconditioned resid norm 1.425030533747e-22 true resid norm 1.425030533751e-22 ||r(i)||/||b|| 2.885360167699e-06
212 KSP unpreconditioned resid norm 1.389902757349e-22 true resid norm 1.389902757354e-22 ||r(i)||/||b|| 2.814234472918e-06
213 KSP unpreconditioned resid norm 1.359510348636e-22 true resid norm 1.359510348633e-22 ||r(i)||/||b|| 2.752696812183e-06
214 KSP unpreconditioned resid norm 1.335263215401e-22 true resid norm 1.335263215402e-22 ||r(i)||/||b|| 2.703601925617e-06
215 KSP unpreconditioned resid norm 1.310014386537e-22 true resid norm 1.310014386540e-22 ||r(i)||/||b|| 2.652478835022e-06
216 KSP unpreconditioned resid norm 1.282851901826e-22 true resid norm 1.282851901825e-22 ||r(i)||/||b|| 2.597481029995e-06
217 KSP unpreconditioned resid norm 1.253068364739e-22 true resid norm 1.253068364738e-22 ||r(i)||/||b|| 2.537176194745e-06
218 KSP unpreconditioned resid norm 1.219964834491e-22 true resid norm 1.219964834492e-22 ||r(i)||/||b|| 2.470149134399e-06
219 KSP unpreconditioned resid norm 1.194259233992e-22 true resid norm 1.194259233994e-22 ||r(i)||/||b|| 2.418101185945e-06
220 KSP unpreconditioned resid norm 1.170732089895e-22 true resid norm 1.170732089894e-22 ||r(i)||/||b|| 2.370464112326e-06
221 KSP unpreconditioned resid norm 1.150729408879e-22 true resid norm 1.150729408881e-22 ||r(i)||/||b|| 2.329963268537e-06
222 KSP unpreconditioned resid norm 1.128806259214e-22 true resid norm 1.128806259213e-22 ||r(i)||/||b|| 2.285573915956e-06
223 KSP unpreconditioned resid norm 1.108602004187e-22 true resid norm 1.108602004185e-22 ||r(i)||/||b|| 2.244664930993e-06
224 KSP unpreconditioned resid norm 1.087104187720e-22 true resid norm 1.087104187725e-22 ||r(i)||/||b|| 2.201136780657e-06
225 KSP unpreconditioned resid norm 1.067955112969e-22 true resid norm 1.067955112970e-22 ||r(i)||/||b|| 2.162364293867e-06
226 KSP unpreconditioned resid norm 1.051348064617e-22 true resid norm 1.051348064621e-22 ||r(i)||/||b|| 2.128738827834e-06
227 KSP unpreconditioned resid norm 1.036043525494e-22 true resid norm 1.036043525499e-22 ||r(i)||/||b|| 2.097750644406e-06
228 KSP unpreconditioned resid norm 1.018670118638e-22 true resid norm 1.018670118643e-22 ||r(i)||/||b|| 2.062573478072e-06
229 KSP unpreconditioned resid norm 9.976332311038e-23 true resid norm 9.976332311066e-23 ||r(i)||/||b|| 2.019978603146e-06
230 KSP unpreconditioned resid norm 9.779686182162e-23 true resid norm 9.779686182166e-23 ||r(i)||/||b|| 1.980162269810e-06
231 KSP unpreconditioned resid norm 9.568657370096e-23 true resid norm 9.568657370141e-23 ||r(i)||/||b|| 1.937433772839e-06
232 KSP unpreconditioned resid norm 9.408956262270e-23 true resid norm 9.408956262249e-23 ||r(i)||/||b|| 1.905097959357e-06
233 KSP unpreconditioned resid norm 9.278489317322e-23 true resid norm 9.278489317346e-23 ||r(i)||/||b|| 1.878681393739e-06
234 KSP unpreconditioned resid norm 9.171575570135e-23 true resid norm 9.171575570137e-23 ||r(i)||/||b|| 1.857033810739e-06
235 KSP unpreconditioned resid norm 9.058415747002e-23 true resid norm 9.058415747002e-23 ||r(i)||/||b|| 1.834121540543e-06
236 KSP unpreconditioned resid norm 8.945214502314e-23 true resid norm 8.945214502340e-23 ||r(i)||/||b|| 1.811200883438e-06
237 KSP unpreconditioned resid norm 8.820287514233e-23 true resid norm 8.820287514215e-23 ||r(i)||/||b|| 1.785906032074e-06
238 KSP unpreconditioned resid norm 8.695341563617e-23 true resid norm 8.695341563583e-23 ||r(i)||/||b|| 1.760607341237e-06
239 KSP unpreconditioned resid norm 8.566722104376e-23 true resid norm 8.566722104368e-23 ||r(i)||/||b|| 1.734564849121e-06
240 KSP unpreconditioned resid norm 8.392546774613e-23 true resid norm 8.392546774649e-23 ||r(i)||/||b|| 1.699298337515e-06
241 KSP unpreconditioned resid norm 8.204976249209e-23 true resid norm 8.204976249168e-23 ||r(i)||/||b|| 1.661319605829e-06
242 KSP unpreconditioned resid norm 8.019078890222e-23 true resid norm 8.019078890227e-23 ||r(i)||/||b|| 1.623679652013e-06
243 KSP unpreconditioned resid norm 7.832395332375e-23 true resid norm 7.832395332354e-23 ||r(i)||/||b|| 1.585880510936e-06
244 KSP unpreconditioned resid norm 7.620916731970e-23 true resid norm 7.620916731967e-23 ||r(i)||/||b|| 1.543060942132e-06
245 KSP unpreconditioned resid norm 7.423413572600e-23 true resid norm 7.423413572595e-23 ||r(i)||/||b|| 1.503071079771e-06
246 KSP unpreconditioned resid norm 7.210680703941e-23 true resid norm 7.210680703922e-23 ||r(i)||/||b|| 1.459997550391e-06
247 KSP unpreconditioned resid norm 6.998217206325e-23 true resid norm 6.998217206332e-23 ||r(i)||/||b|| 1.416978562480e-06
248 KSP unpreconditioned resid norm 6.789178445480e-23 true resid norm 6.789178445517e-23 ||r(i)||/||b|| 1.374653005261e-06
249 KSP unpreconditioned resid norm 6.559046776100e-23 true resid norm 6.559046776102e-23 ||r(i)||/||b|| 1.328056617567e-06
250 KSP unpreconditioned resid norm 6.308959211528e-23 true resid norm 6.308959211535e-23 ||r(i)||/||b|| 1.277419618559e-06
251 KSP unpreconditioned resid norm 6.061341287518e-23 true resid norm 6.061341287532e-23 ||r(i)||/||b|| 1.227282665153e-06
252 KSP unpreconditioned resid norm 5.836076586514e-23 true resid norm 5.836076586544e-23 ||r(i)||/||b|| 1.181671727000e-06
253 KSP unpreconditioned resid norm 5.650101365494e-23 true resid norm 5.650101365513e-23 ||r(i)||/||b|| 1.144016007895e-06
254 KSP unpreconditioned resid norm 5.432543678891e-23 true resid norm 5.432543678861e-23 ||r(i)||/||b|| 1.099965563475e-06
255 KSP unpreconditioned resid norm 5.163271029834e-23 true resid norm 5.163271029830e-23 ||r(i)||/||b|| 1.045444024647e-06
256 KSP unpreconditioned resid norm 4.872054941454e-23 true resid norm 4.872054941421e-23 ||r(i)||/||b|| 9.864794423604e-07
257 KSP unpreconditioned resid norm 4.534129039662e-23 true resid norm 4.534129039670e-23 ||r(i)||/||b|| 9.180571936119e-07
258 KSP unpreconditioned resid norm 4.240407080119e-23 true resid norm 4.240407080105e-23 ||r(i)||/||b|| 8.585852298584e-07
259 KSP unpreconditioned resid norm 3.958054557594e-23 true resid norm 3.958054557605e-23 ||r(i)||/||b|| 8.014153164865e-07
260 KSP unpreconditioned resid norm 3.722017957139e-23 true resid norm 3.722017957146e-23 ||r(i)||/||b|| 7.536233156168e-07
261 KSP unpreconditioned resid norm 3.472970631305e-23 true resid norm 3.472970631317e-23 ||r(i)||/||b|| 7.031969411077e-07
262 KSP unpreconditioned resid norm 3.229559062594e-23 true resid norm 3.229559062596e-23 ||r(i)||/||b|| 6.539116782231e-07
263 KSP unpreconditioned resid norm 2.993146850569e-23 true resid norm 2.993146850574e-23 ||r(i)||/||b|| 6.060436246222e-07
264 KSP unpreconditioned resid norm 2.736363145616e-23 true resid norm 2.736363145631e-23 ||r(i)||/||b|| 5.540508106852e-07
265 KSP unpreconditioned resid norm 2.490062895216e-23 true resid norm 2.490062895241e-23 ||r(i)||/||b|| 5.041806559807e-07
266 KSP unpreconditioned resid norm 2.294840058156e-23 true resid norm 2.294840058139e-23 ||r(i)||/||b|| 4.646525066072e-07
267 KSP unpreconditioned resid norm 2.163443106688e-23 true resid norm 2.163443106687e-23 ||r(i)||/||b|| 4.380476359819e-07
268 KSP unpreconditioned resid norm 2.083002027205e-23 true resid norm 2.083002027220e-23 ||r(i)||/||b|| 4.217601613599e-07
269 KSP unpreconditioned resid norm 2.008226880984e-23 true resid norm 2.008226880994e-23 ||r(i)||/||b|| 4.066199083376e-07
270 KSP unpreconditioned resid norm 1.927134505658e-23 true resid norm 1.927134505680e-23 ||r(i)||/||b|| 3.902005612363e-07
271 KSP unpreconditioned resid norm 1.842468140607e-23 true resid norm 1.842468140624e-23 ||r(i)||/||b|| 3.730575631399e-07
272 KSP unpreconditioned resid norm 1.748077257687e-23 true resid norm 1.748077257704e-23 ||r(i)||/||b|| 3.539455730933e-07
273 KSP unpreconditioned resid norm 1.645157840180e-23 true resid norm 1.645157840188e-23 ||r(i)||/||b|| 3.331067502925e-07
274 KSP unpreconditioned resid norm 1.548697133618e-23 true resid norm 1.548697133620e-23 ||r(i)||/||b|| 3.135756684043e-07
275 KSP unpreconditioned resid norm 1.476823858537e-23 true resid norm 1.476823858544e-23 ||r(i)||/||b|| 2.990229777696e-07
276 KSP unpreconditioned resid norm 1.423788978463e-23 true resid norm 1.423788978466e-23 ||r(i)||/||b|| 2.882846302850e-07
277 KSP unpreconditioned resid norm 1.382796450391e-23 true resid norm 1.382796450402e-23 ||r(i)||/||b|| 2.799845830337e-07
278 KSP unpreconditioned resid norm 1.350030936760e-23 true resid norm 1.350030936772e-23 ||r(i)||/||b|| 2.733503176153e-07
279 KSP unpreconditioned resid norm 1.322874599976e-23 true resid norm 1.322874599982e-23 ||r(i)||/||b|| 2.678517819264e-07
280 KSP unpreconditioned resid norm 1.296655175798e-23 true resid norm 1.296655175801e-23 ||r(i)||/||b|| 2.625429495639e-07
281 KSP unpreconditioned resid norm 1.265465761350e-23 true resid norm 1.265465761354e-23 ||r(i)||/||b|| 2.562278081008e-07
282 KSP unpreconditioned resid norm 1.234935445460e-23 true resid norm 1.234935445465e-23 ||r(i)||/||b|| 2.500461189869e-07
283 KSP unpreconditioned resid norm 1.202630901557e-23 true resid norm 1.202630901563e-23 ||r(i)||/||b|| 2.435051893715e-07
284 KSP unpreconditioned resid norm 1.170694414475e-23 true resid norm 1.170694414477e-23 ||r(i)||/||b|| 2.370387828244e-07
285 KSP unpreconditioned resid norm 1.134478583192e-23 true resid norm 1.134478583198e-23 ||r(i)||/||b|| 2.297059071745e-07
286 KSP unpreconditioned resid norm 1.096840267416e-23 true resid norm 1.096840267422e-23 ||r(i)||/||b|| 2.220850110219e-07
287 KSP unpreconditioned resid norm 1.060275681574e-23 true resid norm 1.060275681578e-23 ||r(i)||/||b|| 2.146815205672e-07
288 KSP unpreconditioned resid norm 1.026562845359e-23 true resid norm 1.026562845353e-23 ||r(i)||/||b|| 2.078554440391e-07
289 KSP unpreconditioned resid norm 9.926426232395e-24 true resid norm 9.926426232320e-24 ||r(i)||/||b|| 2.009873766209e-07
290 KSP unpreconditioned resid norm 9.825151361856e-24 true resid norm 9.779548452903e-24 ||r(i)||/||b|| 1.980134382791e-07
291 KSP unpreconditioned resid norm 9.811479460921e-24 true resid norm 9.759721147803e-24 ||r(i)||/||b|| 1.976119808015e-07
292 KSP unpreconditioned resid norm 9.807210800214e-24 true resid norm 9.732511160119e-24 ||r(i)||/||b|| 1.970610409250e-07
293 KSP unpreconditioned resid norm 9.806625886822e-24 true resid norm 9.732877843213e-24 ||r(i)||/||b|| 1.970684654171e-07
294 KSP unpreconditioned resid norm 9.802739826163e-24 true resid norm 9.707834398548e-24 ||r(i)||/||b|| 1.965613930703e-07
295 KSP unpreconditioned resid norm 9.796290882195e-24 true resid norm 9.708240960851e-24 ||r(i)||/||b|| 1.965696250250e-07
296 KSP unpreconditioned resid norm 9.795969597913e-24 true resid norm 9.704070954451e-24 ||r(i)||/||b|| 1.964851919544e-07
297 KSP unpreconditioned resid norm 9.791642711653e-24 true resid norm 9.702563671899e-24 ||r(i)||/||b|| 1.964546729379e-07
298 KSP unpreconditioned resid norm 9.791052720377e-24 true resid norm 9.697009173735e-24 ||r(i)||/||b|| 1.963422070827e-07
299 KSP unpreconditioned resid norm 9.783731952023e-24 true resid norm 9.698208102305e-24 ||r(i)||/||b|| 1.963664826380e-07
300 KSP unpreconditioned resid norm 9.695143959493e-24 true resid norm 9.695143959493e-24 ||r(i)||/||b|| 1.963044407700e-07
301 KSP unpreconditioned resid norm 9.430161249553e-24 true resid norm 9.430161249427e-24 ||r(i)||/||b|| 1.909391483174e-07
302 KSP unpreconditioned resid norm 9.166862515406e-24 true resid norm 9.166862515348e-24 ||r(i)||/||b|| 1.856079525182e-07
303 KSP unpreconditioned resid norm 8.979117257419e-24 true resid norm 8.979117257343e-24 ||r(i)||/||b|| 1.818065414166e-07
304 KSP unpreconditioned resid norm 8.795418515929e-24 true resid norm 8.795418515924e-24 ||r(i)||/||b|| 1.780870629999e-07
305 KSP unpreconditioned resid norm 8.683793077513e-24 true resid norm 8.683793077411e-24 ||r(i)||/||b|| 1.758269037516e-07
306 KSP unpreconditioned resid norm 8.563392953517e-24 true resid norm 8.563392953524e-24 ||r(i)||/||b|| 1.733890772390e-07
307 KSP unpreconditioned resid norm 8.454280827006e-24 true resid norm 8.454280826972e-24 ||r(i)||/||b|| 1.711798067966e-07
308 KSP unpreconditioned resid norm 8.344090534692e-24 true resid norm 8.344090534589e-24 ||r(i)||/||b|| 1.689487059677e-07
309 KSP unpreconditioned resid norm 8.250071894773e-24 true resid norm 8.250071894658e-24 ||r(i)||/||b|| 1.670450440303e-07
310 KSP unpreconditioned resid norm 8.150629611210e-24 true resid norm 8.150629611059e-24 ||r(i)||/||b|| 1.650315657413e-07
311 KSP unpreconditioned resid norm 8.074452219148e-24 true resid norm 8.074452219158e-24 ||r(i)||/||b|| 1.634891481786e-07
312 KSP unpreconditioned resid norm 7.978649220408e-24 true resid norm 7.978649220381e-24 ||r(i)||/||b|| 1.615493570648e-07
313 KSP unpreconditioned resid norm 7.854471180306e-24 true resid norm 7.854471180232e-24 ||r(i)||/||b|| 1.590350364081e-07
314 KSP unpreconditioned resid norm 7.681591431430e-24 true resid norm 7.681591431438e-24 ||r(i)||/||b|| 1.555346177914e-07
315 KSP unpreconditioned resid norm 7.496786863973e-24 true resid norm 7.496786863851e-24 ||r(i)||/||b|| 1.517927489297e-07
316 KSP unpreconditioned resid norm 7.261609763522e-24 true resid norm 7.261609763566e-24 ||r(i)||/||b|| 1.470309517510e-07
317 KSP unpreconditioned resid norm 7.048780608815e-24 true resid norm 7.048780608848e-24 ||r(i)||/||b|| 1.427216492413e-07
318 KSP unpreconditioned resid norm 6.824851040260e-24 true resid norm 6.824851040170e-24 ||r(i)||/||b|| 1.381875887946e-07
319 KSP unpreconditioned resid norm 6.644675507859e-24 true resid norm 6.644675507809e-24 ||r(i)||/||b|| 1.345394472850e-07
320 KSP unpreconditioned resid norm 6.470653045594e-24 true resid norm 6.470653045565e-24 ||r(i)||/||b|| 1.310158913404e-07
321 KSP unpreconditioned resid norm 6.257976642052e-24 true resid norm 6.257976642142e-24 ||r(i)||/||b|| 1.267096816943e-07
322 KSP unpreconditioned resid norm 6.006281315806e-24 true resid norm 6.006281315929e-24 ||r(i)||/||b|| 1.216134283057e-07
323 KSP unpreconditioned resid norm 5.750135957735e-24 true resid norm 5.750135957596e-24 ||r(i)||/||b|| 1.164270719675e-07
324 KSP unpreconditioned resid norm 5.512234935098e-24 true resid norm 5.512234935249e-24 ||r(i)||/||b|| 1.116101216112e-07
325 KSP unpreconditioned resid norm 5.286086118979e-24 true resid norm 5.286086118977e-24 ||r(i)||/||b|| 1.070311264880e-07
326 KSP unpreconditioned resid norm 5.042705175089e-24 true resid norm 5.042705175322e-24 ||r(i)||/||b|| 1.021032202869e-07
327 KSP unpreconditioned resid norm 4.791148835659e-24 true resid norm 4.791148835710e-24 ||r(i)||/||b|| 9.700978105840e-08
328 KSP unpreconditioned resid norm 4.528723472465e-24 true resid norm 4.528723472520e-24 ||r(i)||/||b|| 9.169626901770e-08
329 KSP unpreconditioned resid norm 4.229030830973e-24 true resid norm 4.229030831245e-24 ||r(i)||/||b|| 8.562818002448e-08
330 KSP unpreconditioned resid norm 3.977572939265e-24 true resid norm 3.977572939328e-24 ||r(i)||/||b|| 8.053673413608e-08
331 KSP unpreconditioned resid norm 3.730124340419e-24 true resid norm 3.730124340517e-24 ||r(i)||/||b|| 7.552646724248e-08
332 KSP unpreconditioned resid norm 3.504122107204e-24 true resid norm 3.504122107297e-24 ||r(i)||/||b|| 7.095044009009e-08
333 KSP unpreconditioned resid norm 3.330149019526e-24 true resid norm 3.330149019522e-24 ||r(i)||/||b|| 6.742788386531e-08
334 KSP unpreconditioned resid norm 3.195159196171e-24 true resid norm 3.195159196296e-24 ||r(i)||/||b|| 6.469464938536e-08
335 KSP unpreconditioned resid norm 3.077123279167e-24 true resid norm 3.077123279371e-24 ||r(i)||/||b|| 6.230469264418e-08
336 KSP unpreconditioned resid norm 2.970975752135e-24 true resid norm 2.970975752334e-24 ||r(i)||/||b|| 6.015544854619e-08
337 KSP unpreconditioned resid norm 2.863735109861e-24 true resid norm 2.863735110296e-24 ||r(i)||/||b|| 5.798407137520e-08
338 KSP unpreconditioned resid norm 2.739176408995e-24 true resid norm 2.739176409457e-24 ||r(i)||/||b|| 5.546204321211e-08
339 KSP unpreconditioned resid norm 2.599649526751e-24 true resid norm 2.599649527038e-24 ||r(i)||/||b|| 5.263694368392e-08
340 KSP unpreconditioned resid norm 2.450806385775e-24 true resid norm 2.450806386032e-24 ||r(i)||/||b|| 4.962321127523e-08
341 KSP unpreconditioned resid norm 2.310367856729e-24 true resid norm 2.310367857099e-24 ||r(i)||/||b|| 4.677965299492e-08
342 KSP unpreconditioned resid norm 2.198394693646e-24 true resid norm 2.198394693654e-24 ||r(i)||/||b|| 4.451245311391e-08
343 KSP unpreconditioned resid norm 2.101903697890e-24 true resid norm 2.101903697944e-24 ||r(i)||/||b|| 4.255873163940e-08
344 KSP unpreconditioned resid norm 2.003976133531e-24 true resid norm 2.003976133623e-24 ||r(i)||/||b|| 4.057592294359e-08
345 KSP unpreconditioned resid norm 1.904269046110e-24 true resid norm 1.904269046210e-24 ||r(i)||/||b|| 3.855708298441e-08
346 KSP unpreconditioned resid norm 1.795943866360e-24 true resid norm 1.795943866336e-24 ||r(i)||/||b|| 3.636374640835e-08
347 KSP unpreconditioned resid norm 1.673816480077e-24 true resid norm 1.673816480050e-24 ||r(i)||/||b|| 3.389094679158e-08
348 KSP unpreconditioned resid norm 1.571611509757e-24 true resid norm 1.571611509700e-24 ||r(i)||/||b|| 3.182153042888e-08
349 KSP unpreconditioned resid norm 1.496627572536e-24 true resid norm 1.496627572213e-24 ||r(i)||/||b|| 3.030327758224e-08
350 KSP unpreconditioned resid norm 1.434281916532e-24 true resid norm 1.434281916411e-24 ||r(i)||/||b|| 2.904092096869e-08
351 KSP unpreconditioned resid norm 1.385068669820e-24 true resid norm 1.385068669422e-24 ||r(i)||/||b|| 2.804446552985e-08
352 KSP unpreconditioned resid norm 1.345446507816e-24 true resid norm 1.345446507532e-24 ||r(i)||/||b|| 2.724220757840e-08
353 KSP unpreconditioned resid norm 1.309424752828e-24 true resid norm 1.309424752982e-24 ||r(i)||/||b|| 2.651284962229e-08
354 KSP unpreconditioned resid norm 1.268992904416e-24 true resid norm 1.268992904284e-24 ||r(i)||/||b|| 2.569419736906e-08
355 KSP unpreconditioned resid norm 1.225211943048e-24 true resid norm 1.225211942980e-24 ||r(i)||/||b|| 2.480773326279e-08
356 KSP unpreconditioned resid norm 1.178601725454e-24 true resid norm 1.178601725273e-24 ||r(i)||/||b|| 2.386398319993e-08
357 KSP unpreconditioned resid norm 1.129762529725e-24 true resid norm 1.129762529882e-24 ||r(i)||/||b|| 2.287510144851e-08
358 KSP unpreconditioned resid norm 1.080642216431e-24 true resid norm 1.080642216300e-24 ||r(i)||/||b|| 2.188052769815e-08
359 KSP unpreconditioned resid norm 1.029261706968e-24 true resid norm 1.029261707283e-24 ||r(i)||/||b|| 2.084019017133e-08
360 KSP unpreconditioned resid norm 9.851137364096e-25 true resid norm 9.851137367101e-25 ||r(i)||/||b|| 1.994629496867e-08
  Linear solve converged due to CONVERGED_ATOL iterations 360
Mat Object: 1 MPI process
  type: seqaijcusparse
  rows=281452, cols=281452, bs=4
  total: nonzeros=15993520, allocated nonzeros=15993520
  total number of mallocs used during MatSetValues calls=0
    not using I-node routines
Vec Object: 1 MPI process
  type: seqcuda
  length=281452, bs=4
Vec Object: 1 MPI process
  type: seqcuda
  length=281452, bs=4
KSP Object: 1 MPI process
  type: gmres
    restart=100, using classical (unmodified) Gram-Schmidt orthogonalization with no iterative refinement
    happy breakdown tolerance=1e-30
  maximum iterations=2000, initial guess is zero
  tolerances: relative=1e-10, absolute=1e-24, divergence=10000.
  right preconditioning
  diagonally scaled system
  using UNPRECONDITIONED norm type for convergence test
PC Object: 1 MPI process
  type: asm
    total subdomain blocks = 1, amount of overlap = 2
    restriction/interpolation type - RESTRICT
    Local solver information for first block is in the following KSP and PC objects on rank 0:
    Use -ksp_view ::ascii_info_detail to display information for all blocks
    KSP Object: (sub_) 1 MPI process
      type: preonly
      maximum iterations=10000, initial guess is zero
      tolerances: relative=1e-05, absolute=1e-50, divergence=10000.
      left preconditioning
      not checking for convergence
    PC Object: (sub_) 1 MPI process
      type: ilu
        out-of-place factorization
        2 levels of fill
        tolerance for zero pivot 2.22045e-14
        matrix ordering: natural
        factor fill ratio given 1., needed 4.996
          Factored matrix:
            Mat Object: (sub_) 1 MPI process
              type: seqaijcusparse
              rows=281452, cols=281452, bs=4
              package used to perform factorization: cusparse
              total: nonzeros=79903664, allocated nonzeros=79903664
                using I-node routines: found 70363 nodes, limit used is 5
      linear system matrix, which is also used to construct the preconditioner:
      Mat Object: (sub_) 1 MPI process
        type: seqaijcusparse
        rows=281452, cols=281452, bs=4
        total: nonzeros=15993520, allocated nonzeros=15993520
        total number of mallocs used during MatSetValues calls=0
          not using I-node routines
  linear system matrix, which is also used to construct the preconditioner:
  Mat Object: 1 MPI process
    type: seqaijcusparse
    rows=281452, cols=281452, bs=4
    total: nonzeros=15993520, allocated nonzeros=15993520
    total number of mallocs used during MatSetValues calls=0
      not using I-node routines
SV13Q_END logical=9 attempt=0 step=65 reason=3 iterations=360 healthy=1 ref=316 ratio=1.139240506329114 pending=0 recovery=NONE
 NS     65-1    2.359e+03 [   0  1.000e+00  4.899e-14  1.995e-08] [  360 -177   68]
Vec Object: 1 MPI process
  type: seqcuda
  length=281452, bs=4
Mat Object: 1 MPI process
  type: seqaijcusparse
  rows=281452, cols=281452, bs=4
  total: nonzeros=15993520, allocated nonzeros=15993520
  total number of mallocs used during MatSetValues calls=0
    not using I-node routines
Mat Object: 1 MPI process
  type: seqaijcusparse
  rows=281452, cols=281452, bs=4
  total: nonzeros=15993520, allocated nonzeros=15993520
  total number of mallocs used during MatSetValues calls=0
    not using I-node routines
SV13Q_BEGIN logical=10 attempt=0 step=65 equation=0 policy=R3 reuse=1 age=1 ref=316 rebuild_reason=REUSE builds=2 attempts=10 ksp=0x55e693816a00 pc=0x55e6952d3390
  0 KSP unpreconditioned resid norm 3.105777636213e-17 true resid norm 3.105777636213e-17 ||r(i)||/||b|| 1.000000000000e+00
  1 KSP unpreconditioned resid norm 1.840959081610e-18 true resid norm 1.840959081610e-18 ||r(i)||/||b|| 5.927530226714e-02
  2 KSP unpreconditioned resid norm 6.214831002036e-19 true resid norm 6.214831002036e-19 ||r(i)||/||b|| 2.001054721231e-02
  3 KSP unpreconditioned resid norm 3.398158903853e-19 true resid norm 3.398158903853e-19 ||r(i)||/||b|| 1.094141082166e-02
  4 KSP unpreconditioned resid norm 2.135182768530e-19 true resid norm 2.135182768530e-19 ||r(i)||/||b|| 6.874873280153e-03
  5 KSP unpreconditioned resid norm 1.541349854831e-19 true resid norm 1.541349854831e-19 ||r(i)||/||b|| 4.962846782267e-03
  6 KSP unpreconditioned resid norm 1.283908119835e-19 true resid norm 1.283908119835e-19 ||r(i)||/||b|| 4.133934460939e-03
  7 KSP unpreconditioned resid norm 1.134762164272e-19 true resid norm 1.134762164272e-19 ||r(i)||/||b|| 3.653713488823e-03
  8 KSP unpreconditioned resid norm 1.030098646435e-19 true resid norm 1.030098646435e-19 ||r(i)||/||b|| 3.316717315575e-03
  9 KSP unpreconditioned resid norm 9.318422681560e-20 true resid norm 9.318422681560e-20 ||r(i)||/||b|| 3.000350885688e-03
 10 KSP unpreconditioned resid norm 8.101926188059e-20 true resid norm 8.101926188059e-20 ||r(i)||/||b|| 2.608662672302e-03
 11 KSP unpreconditioned resid norm 6.856448201870e-20 true resid norm 6.856448201870e-20 ||r(i)||/||b|| 2.207642981881e-03
 12 KSP unpreconditioned resid norm 5.593194171883e-20 true resid norm 5.593194171884e-20 ||r(i)||/||b|| 1.800899751054e-03
 13 KSP unpreconditioned resid norm 4.595325696278e-20 true resid norm 4.595325696278e-20 ||r(i)||/||b|| 1.479605507715e-03
 14 KSP unpreconditioned resid norm 3.977140468520e-20 true resid norm 3.977140468520e-20 ||r(i)||/||b|| 1.280561886385e-03
 15 KSP unpreconditioned resid norm 3.508348249024e-20 true resid norm 3.508348249024e-20 ||r(i)||/||b|| 1.129619908430e-03
 16 KSP unpreconditioned resid norm 3.151385980369e-20 true resid norm 3.151385980369e-20 ||r(i)||/||b|| 1.014684999861e-03
 17 KSP unpreconditioned resid norm 2.916594025388e-20 true resid norm 2.916594025388e-20 ||r(i)||/||b|| 9.390865564169e-04
 18 KSP unpreconditioned resid norm 2.733784590934e-20 true resid norm 2.733784590934e-20 ||r(i)||/||b|| 8.802254736653e-04
 19 KSP unpreconditioned resid norm 2.548167017383e-20 true resid norm 2.548167017383e-20 ||r(i)||/||b|| 8.204602247345e-04
 20 KSP unpreconditioned resid norm 2.357451949469e-20 true resid norm 2.357451949469e-20 ||r(i)||/||b|| 7.590536817517e-04
 21 KSP unpreconditioned resid norm 2.171651399480e-20 true resid norm 2.171651399480e-20 ||r(i)||/||b|| 6.992295179663e-04
 22 KSP unpreconditioned resid norm 1.991041671937e-20 true resid norm 1.991041671937e-20 ||r(i)||/||b|| 6.410766980615e-04
 23 KSP unpreconditioned resid norm 1.816556543050e-20 true resid norm 1.816556543050e-20 ||r(i)||/||b|| 5.848958798175e-04
 24 KSP unpreconditioned resid norm 1.664077843442e-20 true resid norm 1.664077843442e-20 ||r(i)||/||b|| 5.358007038364e-04
 25 KSP unpreconditioned resid norm 1.532078286461e-20 true resid norm 1.532078286461e-20 ||r(i)||/||b|| 4.932994135178e-04
 26 KSP unpreconditioned resid norm 1.411942253398e-20 true resid norm 1.411942253398e-20 ||r(i)||/||b|| 4.546179471883e-04
 27 KSP unpreconditioned resid norm 1.317557480322e-20 true resid norm 1.317557480322e-20 ||r(i)||/||b|| 4.242278857827e-04
 28 KSP unpreconditioned resid norm 1.223504402376e-20 true resid norm 1.223504402376e-20 ||r(i)||/||b|| 3.939446237587e-04
 29 KSP unpreconditioned resid norm 1.143112331407e-20 true resid norm 1.143112331406e-20 ||r(i)||/||b|| 3.680599403119e-04
 30 KSP unpreconditioned resid norm 1.087990911562e-20 true resid norm 1.087990911562e-20 ||r(i)||/||b|| 3.503119150823e-04
 31 KSP unpreconditioned resid norm 1.032618721558e-20 true resid norm 1.032618721558e-20 ||r(i)||/||b|| 3.324831467384e-04
 32 KSP unpreconditioned resid norm 9.879364746791e-21 true resid norm 9.879364746789e-21 ||r(i)||/||b|| 3.180963321906e-04
 33 KSP unpreconditioned resid norm 9.482269197898e-21 true resid norm 9.482269197897e-21 ||r(i)||/||b|| 3.053106277582e-04
 34 KSP unpreconditioned resid norm 9.118890923461e-21 true resid norm 9.118890923460e-21 ||r(i)||/||b|| 2.936105539925e-04
 35 KSP unpreconditioned resid norm 8.761670406725e-21 true resid norm 8.761670406724e-21 ||r(i)||/||b|| 2.821087480496e-04
 36 KSP unpreconditioned resid norm 8.475882706648e-21 true resid norm 8.475882706647e-21 ||r(i)||/||b|| 2.729069398858e-04
 37 KSP unpreconditioned resid norm 8.289008258711e-21 true resid norm 8.289008258710e-21 ||r(i)||/||b|| 2.668899460818e-04
 38 KSP unpreconditioned resid norm 8.121376649348e-21 true resid norm 8.121376649347e-21 ||r(i)||/||b|| 2.614925342579e-04
 39 KSP unpreconditioned resid norm 7.988801561575e-21 true resid norm 7.988801561574e-21 ||r(i)||/||b|| 2.572238742538e-04
 40 KSP unpreconditioned resid norm 7.843475340223e-21 true resid norm 7.843475340222e-21 ||r(i)||/||b|| 2.525446525459e-04
 41 KSP unpreconditioned resid norm 7.710626101936e-21 true resid norm 7.710626101935e-21 ||r(i)||/||b|| 2.482671654284e-04
 42 KSP unpreconditioned resid norm 7.546179960899e-21 true resid norm 7.546179960898e-21 ||r(i)||/||b|| 2.429723194897e-04
 43 KSP unpreconditioned resid norm 7.375035416998e-21 true resid norm 7.375035416997e-21 ||r(i)||/||b|| 2.374617980053e-04
 44 KSP unpreconditioned resid norm 7.222548051376e-21 true resid norm 7.222548051375e-21 ||r(i)||/||b|| 2.325520013784e-04
 45 KSP unpreconditioned resid norm 7.070780492726e-21 true resid norm 7.070780492724e-21 ||r(i)||/||b|| 2.276653811361e-04
 46 KSP unpreconditioned resid norm 6.934122070056e-21 true resid norm 6.934122070054e-21 ||r(i)||/||b|| 2.232652456893e-04
 47 KSP unpreconditioned resid norm 6.810429207801e-21 true resid norm 6.810429207799e-21 ||r(i)||/||b|| 2.192825760734e-04
 48 KSP unpreconditioned resid norm 6.684334340072e-21 true resid norm 6.684334340070e-21 ||r(i)||/||b|| 2.152225665525e-04
 49 KSP unpreconditioned resid norm 6.549999231345e-21 true resid norm 6.549999231343e-21 ||r(i)||/||b|| 2.108972372964e-04
 50 KSP unpreconditioned resid norm 6.426257770390e-21 true resid norm 6.426257770388e-21 ||r(i)||/||b|| 2.069130028969e-04
 51 KSP unpreconditioned resid norm 6.284899818494e-21 true resid norm 6.284899818493e-21 ||r(i)||/||b|| 2.023615517483e-04
 52 KSP unpreconditioned resid norm 6.151977509333e-21 true resid norm 6.151977509333e-21 ||r(i)||/||b|| 1.980817118908e-04
 53 KSP unpreconditioned resid norm 6.046662118187e-21 true resid norm 6.046662118187e-21 ||r(i)||/||b|| 1.946907611055e-04
 54 KSP unpreconditioned resid norm 5.958330193809e-21 true resid norm 5.958330193810e-21 ||r(i)||/||b|| 1.918466449219e-04
 55 KSP unpreconditioned resid norm 5.864327401132e-21 true resid norm 5.864327401133e-21 ||r(i)||/||b|| 1.888199378074e-04
 56 KSP unpreconditioned resid norm 5.755316943950e-21 true resid norm 5.755316943951e-21 ||r(i)||/||b|| 1.853100130816e-04
 57 KSP unpreconditioned resid norm 5.635893636170e-21 true resid norm 5.635893636171e-21 ||r(i)||/||b|| 1.814648148167e-04
 58 KSP unpreconditioned resid norm 5.503799599335e-21 true resid norm 5.503799599336e-21 ||r(i)||/||b|| 1.772116437173e-04
 59 KSP unpreconditioned resid norm 5.369316886165e-21 true resid norm 5.369316886165e-21 ||r(i)||/||b|| 1.728815618852e-04
 60 KSP unpreconditioned resid norm 5.208095843603e-21 true resid norm 5.208095843601e-21 ||r(i)||/||b|| 1.676905578453e-04
 61 KSP unpreconditioned resid norm 5.048835112089e-21 true resid norm 5.048835112087e-21 ||r(i)||/||b|| 1.625626720090e-04
 62 KSP unpreconditioned resid norm 4.897797174370e-21 true resid norm 4.897797174366e-21 ||r(i)||/||b|| 1.576995441418e-04
 63 KSP unpreconditioned resid norm 4.750413982392e-21 true resid norm 4.750413982388e-21 ||r(i)||/||b|| 1.529540919800e-04
 64 KSP unpreconditioned resid norm 4.604719498390e-21 true resid norm 4.604719498385e-21 ||r(i)||/||b|| 1.482630129310e-04
 65 KSP unpreconditioned resid norm 4.483325315936e-21 true resid norm 4.483325315931e-21 ||r(i)||/||b|| 1.443543563343e-04
 66 KSP unpreconditioned resid norm 4.385232090248e-21 true resid norm 4.385232090245e-21 ||r(i)||/||b|| 1.411959452317e-04
 67 KSP unpreconditioned resid norm 4.279089488337e-21 true resid norm 4.279089488335e-21 ||r(i)||/||b|| 1.377783598684e-04
 68 KSP unpreconditioned resid norm 4.161356469723e-21 true resid norm 4.161356469722e-21 ||r(i)||/||b|| 1.339875856275e-04
 69 KSP unpreconditioned resid norm 4.044804434223e-21 true resid norm 4.044804434223e-21 ||r(i)||/||b|| 1.302348367462e-04
 70 KSP unpreconditioned resid norm 3.923189450868e-21 true resid norm 3.923189450869e-21 ||r(i)||/||b|| 1.263190707900e-04
 71 KSP unpreconditioned resid norm 3.823353510311e-21 true resid norm 3.823353510312e-21 ||r(i)||/||b|| 1.231045476576e-04
 72 KSP unpreconditioned resid norm 3.737466794369e-21 true resid norm 3.737466794370e-21 ||r(i)||/||b|| 1.203391624304e-04
 73 KSP unpreconditioned resid norm 3.656045505373e-21 true resid norm 3.656045505374e-21 ||r(i)||/||b|| 1.177175552668e-04
 74 KSP unpreconditioned resid norm 3.565168095766e-21 true resid norm 3.565168095768e-21 ||r(i)||/||b|| 1.147914794092e-04
 75 KSP unpreconditioned resid norm 3.453479155921e-21 true resid norm 3.453479155924e-21 ||r(i)||/||b|| 1.111953127506e-04
 76 KSP unpreconditioned resid norm 3.308704845395e-21 true resid norm 3.308704845399e-21 ||r(i)||/||b|| 1.065338614980e-04
 77 KSP unpreconditioned resid norm 3.153736580933e-21 true resid norm 3.153736580939e-21 ||r(i)||/||b|| 1.015441847532e-04
 78 KSP unpreconditioned resid norm 2.989884169109e-21 true resid norm 2.989884169116e-21 ||r(i)||/||b|| 9.626845574051e-05
 79 KSP unpreconditioned resid norm 2.826986311072e-21 true resid norm 2.826986311082e-21 ||r(i)||/||b|| 9.102346150347e-05
 80 KSP unpreconditioned resid norm 2.635345023004e-21 true resid norm 2.635345023017e-21 ||r(i)||/||b|| 8.485298471754e-05
 81 KSP unpreconditioned resid norm 2.418724088330e-21 true resid norm 2.418724088345e-21 ||r(i)||/||b|| 7.787821188945e-05
 82 KSP unpreconditioned resid norm 2.223696653811e-21 true resid norm 2.223696653823e-21 ||r(i)||/||b|| 7.159870777274e-05
 83 KSP unpreconditioned resid norm 2.064364147010e-21 true resid norm 2.064364147016e-21 ||r(i)||/||b|| 6.646851091160e-05
 84 KSP unpreconditioned resid norm 1.937748877869e-21 true resid norm 1.937748877869e-21 ||r(i)||/||b|| 6.239174547705e-05
 85 KSP unpreconditioned resid norm 1.832283369374e-21 true resid norm 1.832283369368e-21 ||r(i)||/||b|| 5.899596120483e-05
 86 KSP unpreconditioned resid norm 1.745990600634e-21 true resid norm 1.745990600625e-21 ||r(i)||/||b|| 5.621750186707e-05
 87 KSP unpreconditioned resid norm 1.681621064617e-21 true resid norm 1.681621064608e-21 ||r(i)||/||b|| 5.414492798842e-05
 88 KSP unpreconditioned resid norm 1.624338645185e-21 true resid norm 1.624338645179e-21 ||r(i)||/||b|| 5.230054548140e-05
 89 KSP unpreconditioned resid norm 1.573104239000e-21 true resid norm 1.573104238999e-21 ||r(i)||/||b|| 5.065089723930e-05
 90 KSP unpreconditioned resid norm 1.510618708948e-21 true resid norm 1.510618708958e-21 ||r(i)||/||b|| 4.863898468918e-05
 91 KSP unpreconditioned resid norm 1.486877152480e-21 true resid norm 1.486886794734e-21 ||r(i)||/||b|| 4.787486320325e-05
 92 KSP unpreconditioned resid norm 1.427902072925e-21 true resid norm 1.407145523833e-21 ||r(i)||/||b|| 4.530734935514e-05
 93 KSP unpreconditioned resid norm 1.415142713629e-21 true resid norm 1.389285170640e-21 ||r(i)||/||b|| 4.473228071583e-05
 94 KSP unpreconditioned resid norm 1.403090728732e-21 true resid norm 1.358357371365e-21 ||r(i)||/||b|| 4.373646572527e-05
 95 KSP unpreconditioned resid norm 1.403073726095e-21 true resid norm 1.358750544236e-21 ||r(i)||/||b|| 4.374912512710e-05
 96 KSP unpreconditioned resid norm 1.402689319761e-21 true resid norm 1.359013926192e-21 ||r(i)||/||b|| 4.375760551385e-05
 97 KSP unpreconditioned resid norm 1.402134984513e-21 true resid norm 1.358518081042e-21 ||r(i)||/||b|| 4.374164026433e-05
 98 KSP unpreconditioned resid norm 1.401890439549e-21 true resid norm 1.357232640556e-21 ||r(i)||/||b|| 4.370025158052e-05
 99 KSP unpreconditioned resid norm 1.401676921555e-21 true resid norm 1.356809395259e-21 ||r(i)||/||b|| 4.368662390502e-05
100 KSP unpreconditioned resid norm 1.356827122821e-21 true resid norm 1.356827122821e-21 ||r(i)||/||b|| 4.368719469805e-05
101 KSP unpreconditioned resid norm 1.332559469118e-21 true resid norm 1.332559469118e-21 ||r(i)||/||b|| 4.290582344277e-05
102 KSP unpreconditioned resid norm 1.310495619507e-21 true resid norm 1.310495619507e-21 ||r(i)||/||b|| 4.219541039342e-05
103 KSP unpreconditioned resid norm 1.294718044756e-21 true resid norm 1.294718044755e-21 ||r(i)||/||b|| 4.168740316948e-05
104 KSP unpreconditioned resid norm 1.279764133938e-21 true resid norm 1.279764133938e-21 ||r(i)||/||b|| 4.120591632242e-05
105 KSP unpreconditioned resid norm 1.264298765038e-21 true resid norm 1.264298765038e-21 ||r(i)||/||b|| 4.070796151972e-05
106 KSP unpreconditioned resid norm 1.245841495581e-21 true resid norm 1.245841495581e-21 ||r(i)||/||b|| 4.011367333755e-05
107 KSP unpreconditioned resid norm 1.225472022703e-21 true resid norm 1.225472022703e-21 ||r(i)||/||b|| 3.945781592390e-05
108 KSP unpreconditioned resid norm 1.208818919675e-21 true resid norm 1.208818919675e-21 ||r(i)||/||b|| 3.892161839212e-05
109 KSP unpreconditioned resid norm 1.193788465574e-21 true resid norm 1.193788465574e-21 ||r(i)||/||b|| 3.843766700020e-05
110 KSP unpreconditioned resid norm 1.175937325724e-21 true resid norm 1.175937325724e-21 ||r(i)||/||b|| 3.786289501260e-05
111 KSP unpreconditioned resid norm 1.156767810025e-21 true resid norm 1.156767810025e-21 ||r(i)||/||b|| 3.724567388654e-05
112 KSP unpreconditioned resid norm 1.132697085107e-21 true resid norm 1.132697085107e-21 ||r(i)||/||b|| 3.647064335515e-05
113 KSP unpreconditioned resid norm 1.108156587972e-21 true resid norm 1.108156587972e-21 ||r(i)||/||b|| 3.568048707193e-05
114 KSP unpreconditioned resid norm 1.082702939171e-21 true resid norm 1.082702939171e-21 ||r(i)||/||b|| 3.486092908092e-05
115 KSP unpreconditioned resid norm 1.063309917334e-21 true resid norm 1.063309917334e-21 ||r(i)||/||b|| 3.423651149186e-05
116 KSP unpreconditioned resid norm 1.042159203613e-21 true resid norm 1.042159203613e-21 ||r(i)||/||b|| 3.355549964240e-05
117 KSP unpreconditioned resid norm 1.024674137435e-21 true resid norm 1.024674137435e-21 ||r(i)||/||b|| 3.299251451511e-05
118 KSP unpreconditioned resid norm 1.007277531533e-21 true resid norm 1.007277531533e-21 ||r(i)||/||b|| 3.243237763670e-05
119 KSP unpreconditioned resid norm 9.868553406285e-22 true resid norm 9.868553406284e-22 ||r(i)||/||b|| 3.177482280514e-05
120 KSP unpreconditioned resid norm 9.588991248190e-22 true resid norm 9.588991248190e-22 ||r(i)||/||b|| 3.087468702326e-05
121 KSP unpreconditioned resid norm 9.317397110429e-22 true resid norm 9.317397110428e-22 ||r(i)||/||b|| 3.000020671728e-05
122 KSP unpreconditioned resid norm 9.040292712926e-22 true resid norm 9.040292712926e-22 ||r(i)||/||b|| 2.910798444653e-05
123 KSP unpreconditioned resid norm 8.776673902628e-22 true resid norm 8.776673902627e-22 ||r(i)||/||b|| 2.825918314400e-05
124 KSP unpreconditioned resid norm 8.514558595066e-22 true resid norm 8.514558595065e-22 ||r(i)||/||b|| 2.741522282789e-05
125 KSP unpreconditioned resid norm 8.327110538768e-22 true resid norm 8.327110538767e-22 ||r(i)||/||b|| 2.681167654012e-05
126 KSP unpreconditioned resid norm 8.185745700140e-22 true resid norm 8.185745700140e-22 ||r(i)||/||b|| 2.635650925132e-05
127 KSP unpreconditioned resid norm 8.053645468483e-22 true resid norm 8.053645468483e-22 ||r(i)||/||b|| 2.593117219526e-05
128 KSP unpreconditioned resid norm 7.916735738132e-22 true resid norm 7.916735738132e-22 ||r(i)||/||b|| 2.549034948872e-05
129 KSP unpreconditioned resid norm 7.772824473045e-22 true resid norm 7.772824473045e-22 ||r(i)||/||b|| 2.502698320194e-05
130 KSP unpreconditioned resid norm 7.601994092005e-22 true resid norm 7.601994092004e-22 ||r(i)||/||b|| 2.447694259681e-05
131 KSP unpreconditioned resid norm 7.436896499613e-22 true resid norm 7.436896499613e-22 ||r(i)||/||b|| 2.394536045627e-05
132 KSP unpreconditioned resid norm 7.293163710717e-22 true resid norm 7.293163710716e-22 ||r(i)||/||b|| 2.348256882811e-05
133 KSP unpreconditioned resid norm 7.155005598962e-22 true resid norm 7.155005598962e-22 ||r(i)||/||b|| 2.303772657622e-05
134 KSP unpreconditioned resid norm 7.021054428187e-22 true resid norm 7.021054428187e-22 ||r(i)||/||b|| 2.260642985616e-05
135 KSP unpreconditioned resid norm 6.877838099050e-22 true resid norm 6.877838099049e-22 ||r(i)||/||b|| 2.214530112798e-05
136 KSP unpreconditioned resid norm 6.704726213188e-22 true resid norm 6.704726213187e-22 ||r(i)||/||b|| 2.158791452102e-05
137 KSP unpreconditioned resid norm 6.493114257119e-22 true resid norm 6.493114257118e-22 ||r(i)||/||b|| 2.090656517521e-05
138 KSP unpreconditioned resid norm 6.207552351506e-22 true resid norm 6.207552351506e-22 ||r(i)||/||b|| 1.998711137310e-05
139 KSP unpreconditioned resid norm 5.916351557030e-22 true resid norm 5.916351557030e-22 ||r(i)||/||b|| 1.904950144546e-05
140 KSP unpreconditioned resid norm 5.610196901746e-22 true resid norm 5.610196901746e-22 ||r(i)||/||b|| 1.806374299413e-05
141 KSP unpreconditioned resid norm 5.332335741697e-22 true resid norm 5.332335741697e-22 ||r(i)||/||b|| 1.716908409515e-05
142 KSP unpreconditioned resid norm 5.003896673824e-22 true resid norm 5.003896673823e-22 ||r(i)||/||b|| 1.611157416899e-05
143 KSP unpreconditioned resid norm 4.632437186903e-22 true resid norm 4.632437186903e-22 ||r(i)||/||b|| 1.491554685979e-05
144 KSP unpreconditioned resid norm 4.205564091067e-22 true resid norm 4.205564091067e-22 ||r(i)||/||b|| 1.354109850632e-05
145 KSP unpreconditioned resid norm 3.876513539451e-22 true resid norm 3.876513539451e-22 ||r(i)||/||b|| 1.248161972142e-05
146 KSP unpreconditioned resid norm 3.591069545498e-22 true resid norm 3.591069545497e-22 ||r(i)||/||b|| 1.156254557192e-05
147 KSP unpreconditioned resid norm 3.369433120393e-22 true resid norm 3.369433120392e-22 ||r(i)||/||b|| 1.084891938529e-05
148 KSP unpreconditioned resid norm 3.161989968942e-22 true resid norm 3.161989968942e-22 ||r(i)||/||b|| 1.018099277963e-05
149 KSP unpreconditioned resid norm 2.991992636361e-22 true resid norm 2.991992636360e-22 ||r(i)||/||b|| 9.633634428538e-06
150 KSP unpreconditioned resid norm 2.862454488531e-22 true resid norm 2.862454488530e-22 ||r(i)||/||b|| 9.216546784144e-06
151 KSP unpreconditioned resid norm 2.766261330134e-22 true resid norm 2.766261330134e-22 ||r(i)||/||b|| 8.906823521040e-06
152 KSP unpreconditioned resid norm 2.680513851770e-22 true resid norm 2.680513851769e-22 ||r(i)||/||b|| 8.630733316240e-06
153 KSP unpreconditioned resid norm 2.595464459905e-22 true resid norm 2.595464459905e-22 ||r(i)||/||b|| 8.356890814212e-06
154 KSP unpreconditioned resid norm 2.516935812129e-22 true resid norm 2.516935812128e-22 ||r(i)||/||b|| 8.104043840038e-06
155 KSP unpreconditioned resid norm 2.435742788556e-22 true resid norm 2.435742788556e-22 ||r(i)||/||b|| 7.842618093955e-06
156 KSP unpreconditioned resid norm 2.376666534798e-22 true resid norm 2.376666534798e-22 ||r(i)||/||b|| 7.652404045564e-06
157 KSP unpreconditioned resid norm 2.326026003686e-22 true resid norm 2.326026003685e-22 ||r(i)||/||b|| 7.489351383578e-06
158 KSP unpreconditioned resid norm 2.289615460583e-22 true resid norm 2.289615460583e-22 ||r(i)||/||b|| 7.372116515641e-06
159 KSP unpreconditioned resid norm 2.253933541123e-22 true resid norm 2.253933541123e-22 ||r(i)||/||b|| 7.257227674134e-06
160 KSP unpreconditioned resid norm 2.216441541642e-22 true resid norm 2.216441541643e-22 ||r(i)||/||b|| 7.136510726973e-06
161 KSP unpreconditioned resid norm 2.166918298600e-22 true resid norm 2.166918298599e-22 ||r(i)||/||b|| 6.977055515285e-06
162 KSP unpreconditioned resid norm 2.111224325187e-22 true resid norm 2.111224325187e-22 ||r(i)||/||b|| 6.797731751849e-06
163 KSP unpreconditioned resid norm 2.050323882844e-22 true resid norm 2.050323882843e-22 ||r(i)||/||b|| 6.601644170968e-06
164 KSP unpreconditioned resid norm 1.980834953467e-22 true resid norm 1.980834953467e-22 ||r(i)||/||b|| 6.377903332070e-06
165 KSP unpreconditioned resid norm 1.929531875130e-22 true resid norm 1.929531875129e-22 ||r(i)||/||b|| 6.212717396864e-06
166 KSP unpreconditioned resid norm 1.887573721281e-22 true resid norm 1.887573721281e-22 ||r(i)||/||b|| 6.077620301183e-06
167 KSP unpreconditioned resid norm 1.854215877920e-22 true resid norm 1.854215877919e-22 ||r(i)||/||b|| 5.970214532744e-06
168 KSP unpreconditioned resid norm 1.817588875905e-22 true resid norm 1.817588875904e-22 ||r(i)||/||b|| 5.852282709205e-06
169 KSP unpreconditioned resid norm 1.778344090263e-22 true resid norm 1.778344090263e-22 ||r(i)||/||b|| 5.725922131476e-06
170 KSP unpreconditioned resid norm 1.735479120899e-22 true resid norm 1.735479120899e-22 ||r(i)||/||b|| 5.587905266184e-06
171 KSP unpreconditioned resid norm 1.686764551652e-22 true resid norm 1.686764551652e-22 ||r(i)||/||b|| 5.431053826857e-06
172 KSP unpreconditioned resid norm 1.642905345151e-22 true resid norm 1.642905345150e-22 ||r(i)||/||b|| 5.289835711335e-06
173 KSP unpreconditioned resid norm 1.598947196796e-22 true resid norm 1.598947196795e-22 ||r(i)||/||b|| 5.148299022286e-06
174 KSP unpreconditioned resid norm 1.555651861720e-22 true resid norm 1.555651861720e-22 ||r(i)||/||b|| 5.008896463098e-06
175 KSP unpreconditioned resid norm 1.516529247490e-22 true resid norm 1.516529247490e-22 ||r(i)||/||b|| 4.882929253556e-06
176 KSP unpreconditioned resid norm 1.474635403364e-22 true resid norm 1.474635403363e-22 ||r(i)||/||b|| 4.748039222671e-06
177 KSP unpreconditioned resid norm 1.436580945742e-22 true resid norm 1.436580945741e-22 ||r(i)||/||b|| 4.625511269675e-06
178 KSP unpreconditioned resid norm 1.400285400518e-22 true resid norm 1.400285400518e-22 ||r(i)||/||b|| 4.508646672545e-06
179 KSP unpreconditioned resid norm 1.370739131010e-22 true resid norm 1.370739131009e-22 ||r(i)||/||b|| 4.413513430666e-06
180 KSP unpreconditioned resid norm 1.338232926741e-22 true resid norm 1.338232926740e-22 ||r(i)||/||b|| 4.308849774487e-06
181 KSP unpreconditioned resid norm 1.308044858963e-22 true resid norm 1.308044858963e-22 ||r(i)||/||b|| 4.211650066995e-06
182 KSP unpreconditioned resid norm 1.278593884642e-22 true resid norm 1.278593884642e-22 ||r(i)||/||b|| 4.116823657088e-06
183 KSP unpreconditioned resid norm 1.249289844615e-22 true resid norm 1.249289844615e-22 ||r(i)||/||b|| 4.022470347034e-06
184 KSP unpreconditioned resid norm 1.221239989645e-22 true resid norm 1.221239989645e-22 ||r(i)||/||b|| 3.932155268958e-06
185 KSP unpreconditioned resid norm 1.196754487917e-22 true resid norm 1.196754487916e-22 ||r(i)||/||b|| 3.853316715151e-06
186 KSP unpreconditioned resid norm 1.176753385718e-22 true resid norm 1.176753385717e-22 ||r(i)||/||b|| 3.788917055735e-06
187 KSP unpreconditioned resid norm 1.159223978706e-22 true resid norm 1.159223978705e-22 ||r(i)||/||b|| 3.732475774145e-06
188 KSP unpreconditioned resid norm 1.142708290790e-22 true resid norm 1.142708290789e-22 ||r(i)||/||b|| 3.679298470907e-06
189 KSP unpreconditioned resid norm 1.121136438562e-22 true resid norm 1.121136438560e-22 ||r(i)||/||b|| 3.609841301863e-06
190 KSP unpreconditioned resid norm 1.084396658914e-22 true resid norm 1.084396658913e-22 ||r(i)||/||b|| 3.491546356277e-06
191 KSP unpreconditioned resid norm 1.047495742156e-22 true resid norm 1.064332847188e-22 ||r(i)||/||b|| 3.426944784386e-06
192 KSP unpreconditioned resid norm 1.044136493004e-22 true resid norm 1.049516074782e-22 ||r(i)||/||b|| 3.379237658693e-06
193 KSP unpreconditioned resid norm 1.039711581945e-22 true resid norm 1.064569747315e-22 ||r(i)||/||b|| 3.427707556723e-06
194 KSP unpreconditioned resid norm 1.039596028886e-22 true resid norm 1.065632219841e-22 ||r(i)||/||b|| 3.431128511634e-06
195 KSP unpreconditioned resid norm 1.036739471950e-22 true resid norm 1.087841980579e-22 ||r(i)||/||b|| 3.502639622021e-06
196 KSP unpreconditioned resid norm 1.035450615329e-22 true resid norm 1.092953166070e-22 ||r(i)||/||b|| 3.519096645319e-06
197 KSP unpreconditioned resid norm 1.031368355118e-22 true resid norm 1.123593062294e-22 ||r(i)||/||b|| 3.617751152540e-06
198 KSP unpreconditioned resid norm 1.031322308716e-22 true resid norm 1.123127406962e-22 ||r(i)||/||b|| 3.616251832928e-06
199 KSP unpreconditioned resid norm 1.028441344956e-22 true resid norm 1.152878730658e-22 ||r(i)||/||b|| 3.712045309411e-06
200 KSP unpreconditioned resid norm 1.153822310182e-22 true resid norm 1.153822310182e-22 ||r(i)||/||b|| 3.715083451979e-06
201 KSP unpreconditioned resid norm 1.130714515312e-22 true resid norm 1.130714515313e-22 ||r(i)||/||b|| 3.640680846332e-06
202 KSP unpreconditioned resid norm 1.114760241754e-22 true resid norm 1.114760241755e-22 ||r(i)||/||b|| 3.589311188145e-06
203 KSP unpreconditioned resid norm 1.099691378016e-22 true resid norm 1.099691378017e-22 ||r(i)||/||b|| 3.540792377389e-06
204 KSP unpreconditioned resid norm 1.085467231292e-22 true resid norm 1.085467231293e-22 ||r(i)||/||b|| 3.494993391145e-06
205 KSP unpreconditioned resid norm 1.071447826908e-22 true resid norm 1.071447826908e-22 ||r(i)||/||b|| 3.449853635414e-06
206 KSP unpreconditioned resid norm 1.054299599968e-22 true resid norm 1.054299599969e-22 ||r(i)||/||b|| 3.394639679530e-06
207 KSP unpreconditioned resid norm 1.035148789656e-22 true resid norm 1.035148789656e-22 ||r(i)||/||b|| 3.332977794632e-06
208 KSP unpreconditioned resid norm 1.016713648455e-22 true resid norm 1.016713648455e-22 ||r(i)||/||b|| 3.273620225093e-06
209 KSP unpreconditioned resid norm 9.982444007895e-23 true resid norm 9.982444007906e-23 ||r(i)||/||b|| 3.214152839376e-06
210 KSP unpreconditioned resid norm 9.763725657963e-23 true resid norm 9.763725657967e-23 ||r(i)||/||b|| 3.143729784169e-06
211 KSP unpreconditioned resid norm 9.557894836588e-23 true resid norm 9.557894836604e-23 ||r(i)||/||b|| 3.077456262535e-06
212 KSP unpreconditioned resid norm 9.379024632307e-23 true resid norm 9.379024632307e-23 ||r(i)||/||b|| 3.019863535286e-06
213 KSP unpreconditioned resid norm 9.213649366347e-23 true resid norm 9.213649366352e-23 ||r(i)||/||b|| 2.966615915744e-06
214 KSP unpreconditioned resid norm 9.062687689115e-23 true resid norm 9.062687689118e-23 ||r(i)||/||b|| 2.918009191466e-06
215 KSP unpreconditioned resid norm 8.909537184959e-23 true resid norm 8.909537184968e-23 ||r(i)||/||b|| 2.868697707487e-06
216 KSP unpreconditioned resid norm 8.723751823129e-23 true resid norm 8.723751823125e-23 ||r(i)||/||b|| 2.808878433989e-06
217 KSP unpreconditioned resid norm 8.533935395417e-23 true resid norm 8.533935395416e-23 ||r(i)||/||b|| 2.747761235676e-06
218 KSP unpreconditioned resid norm 8.304737296094e-23 true resid norm 8.304737296103e-23 ||r(i)||/||b|| 2.673963904972e-06
219 KSP unpreconditioned resid norm 8.099191704607e-23 true resid norm 8.099191704608e-23 ||r(i)||/||b|| 2.607782221809e-06
220 KSP unpreconditioned resid norm 7.904042836991e-23 true resid norm 7.904042836997e-23 ||r(i)||/||b|| 2.544948081549e-06
221 KSP unpreconditioned resid norm 7.747731669959e-23 true resid norm 7.747731669965e-23 ||r(i)||/||b|| 2.494618925588e-06
222 KSP unpreconditioned resid norm 7.617618480263e-23 true resid norm 7.617618480262e-23 ||r(i)||/||b|| 2.452725008849e-06
223 KSP unpreconditioned resid norm 7.501982145528e-23 true resid norm 7.501982145532e-23 ||r(i)||/||b|| 2.415492357875e-06
224 KSP unpreconditioned resid norm 7.388862548744e-23 true resid norm 7.388862548760e-23 ||r(i)||/||b|| 2.379070047581e-06
225 KSP unpreconditioned resid norm 7.261319228223e-23 true resid norm 7.261319228221e-23 ||r(i)||/||b|| 2.338003578735e-06
226 KSP unpreconditioned resid norm 7.130166618904e-23 true resid norm 7.130166618909e-23 ||r(i)||/||b|| 2.295774989095e-06
227 KSP unpreconditioned resid norm 7.000993427182e-23 true resid norm 7.000993427187e-23 ||r(i)||/||b|| 2.254183733425e-06
228 KSP unpreconditioned resid norm 6.874205852857e-23 true resid norm 6.874205852862e-23 ||r(i)||/||b|| 2.213360600163e-06
229 KSP unpreconditioned resid norm 6.753376041502e-23 true resid norm 6.753376041505e-23 ||r(i)||/||b|| 2.174455750715e-06
230 KSP unpreconditioned resid norm 6.641084060078e-23 true resid norm 6.641084060080e-23 ||r(i)||/||b|| 2.138299916467e-06
231 KSP unpreconditioned resid norm 6.528698656253e-23 true resid norm 6.528698656256e-23 ||r(i)||/||b|| 2.102114002024e-06
232 KSP unpreconditioned resid norm 6.410695184577e-23 true resid norm 6.410695184580e-23 ||r(i)||/||b|| 2.064119178988e-06
233 KSP unpreconditioned resid norm 6.301191171942e-23 true resid norm 6.301191171943e-23 ||r(i)||/||b|| 2.028861016472e-06
234 KSP unpreconditioned resid norm 6.190329059600e-23 true resid norm 6.190329059600e-23 ||r(i)||/||b|| 1.993165572262e-06
235 KSP unpreconditioned resid norm 6.083033878360e-23 true resid norm 6.083033878362e-23 ||r(i)||/||b|| 1.958618610500e-06
236 KSP unpreconditioned resid norm 5.980041541593e-23 true resid norm 5.980041541593e-23 ||r(i)||/||b|| 1.925457080979e-06
237 KSP unpreconditioned resid norm 5.888114502527e-23 true resid norm 5.888114502527e-23 ||r(i)||/||b|| 1.895858362129e-06
238 KSP unpreconditioned resid norm 5.791302362379e-23 true resid norm 5.791302362384e-23 ||r(i)||/||b|| 1.864686735734e-06
239 KSP unpreconditioned resid norm 5.661745148756e-23 true resid norm 5.661745148752e-23 ||r(i)||/||b|| 1.822971832477e-06
240 KSP unpreconditioned resid norm 5.510676933617e-23 true resid norm 5.510676933622e-23 ||r(i)||/||b|| 1.774330805067e-06
241 KSP unpreconditioned resid norm 5.358989342801e-23 true resid norm 5.358989342807e-23 ||r(i)||/||b|| 1.725490350733e-06
242 KSP unpreconditioned resid norm 5.223278386231e-23 true resid norm 5.223278386228e-23 ||r(i)||/||b|| 1.681794061920e-06
243 KSP unpreconditioned resid norm 5.084568201014e-23 true resid norm 5.084568201017e-23 ||r(i)||/||b|| 1.637132079815e-06
244 KSP unpreconditioned resid norm 4.892581415582e-23 true resid norm 4.892581415577e-23 ||r(i)||/||b|| 1.575316068520e-06
245 KSP unpreconditioned resid norm 4.645070195588e-23 true resid norm 4.645070195594e-23 ||r(i)||/||b|| 1.495622269100e-06
246 KSP unpreconditioned resid norm 4.379043482727e-23 true resid norm 4.379043482730e-23 ||r(i)||/||b|| 1.409966841048e-06
247 KSP unpreconditioned resid norm 4.105734611284e-23 true resid norm 4.105734611291e-23 ||r(i)||/||b|| 1.321966699553e-06
248 KSP unpreconditioned resid norm 3.793922750510e-23 true resid norm 3.793922750518e-23 ||r(i)||/||b|| 1.221569344270e-06
249 KSP unpreconditioned resid norm 3.454249028765e-23 true resid norm 3.454249028763e-23 ||r(i)||/||b|| 1.112201011588e-06
250 KSP unpreconditioned resid norm 3.054734965991e-23 true resid norm 3.054734965993e-23 ||r(i)||/||b|| 9.835652528294e-07
251 KSP unpreconditioned resid norm 2.691577858561e-23 true resid norm 2.691577858558e-23 ||r(i)||/||b|| 8.666357266454e-07
252 KSP unpreconditioned resid norm 2.388759658555e-23 true resid norm 2.388759658559e-23 ||r(i)||/||b|| 7.691341552293e-07
253 KSP unpreconditioned resid norm 2.114748343289e-23 true resid norm 2.114748343290e-23 ||r(i)||/||b|| 6.809078404816e-07
254 KSP unpreconditioned resid norm 1.898376755700e-23 true resid norm 1.898376755702e-23 ||r(i)||/||b|| 6.112403971126e-07
255 KSP unpreconditioned resid norm 1.741877231369e-23 true resid norm 1.741877231373e-23 ||r(i)||/||b|| 5.608505937654e-07
256 KSP unpreconditioned resid norm 1.621827959444e-23 true resid norm 1.621827959446e-23 ||r(i)||/||b|| 5.221970628340e-07
257 KSP unpreconditioned resid norm 1.538459884351e-23 true resid norm 1.538459884354e-23 ||r(i)||/||b|| 4.953541639350e-07
258 KSP unpreconditioned resid norm 1.466813024360e-23 true resid norm 1.466813024361e-23 ||r(i)||/||b|| 4.722852683521e-07
259 KSP unpreconditioned resid norm 1.417516801431e-23 true resid norm 1.417516801432e-23 ||r(i)||/||b|| 4.564128432456e-07
260 KSP unpreconditioned resid norm 1.377226449895e-23 true resid norm 1.377226449895e-23 ||r(i)||/||b|| 4.434401335874e-07
261 KSP unpreconditioned resid norm 1.343103122234e-23 true resid norm 1.343103122236e-23 ||r(i)||/||b|| 4.324530856862e-07
262 KSP unpreconditioned resid norm 1.313588365511e-23 true resid norm 1.313588365512e-23 ||r(i)||/||b|| 4.229499080022e-07
263 KSP unpreconditioned resid norm 1.285223944696e-23 true resid norm 1.285223944696e-23 ||r(i)||/||b|| 4.138171161099e-07
264 KSP unpreconditioned resid norm 1.256724525937e-23 true resid norm 1.256724525938e-23 ||r(i)||/||b|| 4.046408575052e-07
265 KSP unpreconditioned resid norm 1.229234445357e-23 true resid norm 1.229234445358e-23 ||r(i)||/||b|| 3.957895861652e-07
266 KSP unpreconditioned resid norm 1.198801935253e-23 true resid norm 1.198801935254e-23 ||r(i)||/||b|| 3.859909097407e-07
267 KSP unpreconditioned resid norm 1.163915863516e-23 true resid norm 1.163915863517e-23 ||r(i)||/||b|| 3.747582730798e-07
268 KSP unpreconditioned resid norm 1.130456444448e-23 true resid norm 1.130456444447e-23 ||r(i)||/||b|| 3.639849908333e-07
269 KSP unpreconditioned resid norm 1.097679665071e-23 true resid norm 1.097679665071e-23 ||r(i)||/||b|| 3.534315052928e-07
270 KSP unpreconditioned resid norm 1.060741455872e-23 true resid norm 1.060741455871e-23 ||r(i)||/||b|| 3.415381202773e-07
271 KSP unpreconditioned resid norm 1.022784965783e-23 true resid norm 1.022784965782e-23 ||r(i)||/||b|| 3.293168686182e-07
272 KSP unpreconditioned resid norm 9.833926871027e-24 true resid norm 9.833926871006e-24 ||r(i)||/||b|| 3.166333209546e-07
273 KSP unpreconditioned resid norm 9.474767818998e-24 true resid norm 9.474767818999e-24 ||r(i)||/||b|| 3.050690979459e-07
274 KSP unpreconditioned resid norm 9.092110700899e-24 true resid norm 9.092110700890e-24 ||r(i)||/||b|| 2.927482829059e-07
275 KSP unpreconditioned resid norm 8.679390135900e-24 true resid norm 8.679390135898e-24 ||r(i)||/||b|| 2.794594833415e-07
276 KSP unpreconditioned resid norm 8.312880615431e-24 true resid norm 8.312880615431e-24 ||r(i)||/||b|| 2.676585895430e-07
277 KSP unpreconditioned resid norm 8.007905046518e-24 true resid norm 8.007905046514e-24 ||r(i)||/||b|| 2.578389693178e-07
278 KSP unpreconditioned resid norm 7.829105783989e-24 true resid norm 7.829105783978e-24 ||r(i)||/||b|| 2.520819807797e-07
279 KSP unpreconditioned resid norm 7.706546137398e-24 true resid norm 7.706546137386e-24 ||r(i)||/||b|| 2.481357985043e-07
280 KSP unpreconditioned resid norm 7.601842421569e-24 true resid norm 7.601842421568e-24 ||r(i)||/||b|| 2.447645424750e-07
281 KSP unpreconditioned resid norm 7.498286363296e-24 true resid norm 7.498286363293e-24 ||r(i)||/||b|| 2.414302387867e-07
282 KSP unpreconditioned resid norm 7.388779951064e-24 true resid norm 7.388779951063e-24 ||r(i)||/||b|| 2.379043452729e-07
283 KSP unpreconditioned resid norm 7.245148559661e-24 true resid norm 7.245148559644e-24 ||r(i)||/||b|| 2.332796937928e-07
284 KSP unpreconditioned resid norm 7.088462257351e-24 true resid norm 7.088462257340e-24 ||r(i)||/||b|| 2.282346995706e-07
285 KSP unpreconditioned resid norm 6.918557039734e-24 true resid norm 6.918557039729e-24 ||r(i)||/||b|| 2.227640819826e-07
286 KSP unpreconditioned resid norm 6.768487639397e-24 true resid norm 6.768487639386e-24 ||r(i)||/||b|| 2.179321391354e-07
287 KSP unpreconditioned resid norm 6.639745774510e-24 true resid norm 6.639745774503e-24 ||r(i)||/||b|| 2.137869014537e-07
288 KSP unpreconditioned resid norm 6.504619130570e-24 true resid norm 6.504619130566e-24 ||r(i)||/||b|| 2.094360863033e-07
289 KSP unpreconditioned resid norm 6.335126140942e-24 true resid norm 6.335126140941e-24 ||r(i)||/||b|| 2.039787416547e-07
290 KSP unpreconditioned resid norm 6.163997068591e-24 true resid norm 6.163997068583e-24 ||r(i)||/||b|| 1.984687183239e-07
291 KSP unpreconditioned resid norm 5.998185461980e-24 true resid norm 5.998185462000e-24 ||r(i)||/||b|| 1.931299070501e-07
292 KSP unpreconditioned resid norm 5.975216988601e-24 true resid norm 5.952812623646e-24 ||r(i)||/||b|| 1.916689898928e-07
293 KSP unpreconditioned resid norm 5.967853089113e-24 true resid norm 5.934970326051e-24 ||r(i)||/||b|| 1.910945026086e-07
294 KSP unpreconditioned resid norm 5.963178509939e-24 true resid norm 5.930360891692e-24 ||r(i)||/||b|| 1.909460877864e-07
295 KSP unpreconditioned resid norm 5.962221109146e-24 true resid norm 5.928252861865e-24 ||r(i)||/||b|| 1.908782133255e-07
296 KSP unpreconditioned resid norm 5.954778778947e-24 true resid norm 5.927013403574e-24 ||r(i)||/||b|| 1.908383051789e-07
297 KSP unpreconditioned resid norm 5.953466610233e-24 true resid norm 5.926677091850e-24 ||r(i)||/||b|| 1.908274765954e-07
298 KSP unpreconditioned resid norm 5.951478752347e-24 true resid norm 5.935055974683e-24 ||r(i)||/||b|| 1.910972603280e-07
299 KSP unpreconditioned resid norm 5.951470104676e-24 true resid norm 5.934877371302e-24 ||r(i)||/||b|| 1.910915096465e-07
300 KSP unpreconditioned resid norm 5.949452802602e-24 true resid norm 5.949452802602e-24 ||r(i)||/||b|| 1.915608101891e-07
301 KSP unpreconditioned resid norm 5.853492261286e-24 true resid norm 5.853492261289e-24 ||r(i)||/||b|| 1.884710673758e-07
302 KSP unpreconditioned resid norm 5.775459909738e-24 true resid norm 5.775459909732e-24 ||r(i)||/||b|| 1.859585774072e-07
303 KSP unpreconditioned resid norm 5.695021447645e-24 true resid norm 5.695021447646e-24 ||r(i)||/||b|| 1.833686153588e-07
304 KSP unpreconditioned resid norm 5.591091777460e-24 true resid norm 5.591091777441e-24 ||r(i)||/||b|| 1.800222820929e-07
305 KSP unpreconditioned resid norm 5.493583029896e-24 true resid norm 5.493583029896e-24 ||r(i)||/||b|| 1.768826900497e-07
306 KSP unpreconditioned resid norm 5.397934724278e-24 true resid norm 5.397934724280e-24 ||r(i)||/||b|| 1.738030006186e-07
307 KSP unpreconditioned resid norm 5.306702574826e-24 true resid norm 5.306702574831e-24 ||r(i)||/||b|| 1.708655028279e-07
308 KSP unpreconditioned resid norm 5.167652553796e-24 true resid norm 5.167652553802e-24 ||r(i)||/||b|| 1.663883625649e-07
309 KSP unpreconditioned resid norm 5.057748101588e-24 true resid norm 5.057748101583e-24 ||r(i)||/||b|| 1.628496529375e-07
310 KSP unpreconditioned resid norm 4.937490291521e-24 true resid norm 4.937490291527e-24 ||r(i)||/||b|| 1.589775853222e-07
311 KSP unpreconditioned resid norm 4.826656729189e-24 true resid norm 4.826656729195e-24 ||r(i)||/||b|| 1.554089601560e-07
312 KSP unpreconditioned resid norm 4.737593340545e-24 true resid norm 4.737593340530e-24 ||r(i)||/||b|| 1.525412922448e-07
313 KSP unpreconditioned resid norm 4.680954950169e-24 true resid norm 4.680954950172e-24 ||r(i)||/||b|| 1.507176462214e-07
314 KSP unpreconditioned resid norm 4.627121536658e-24 true resid norm 4.627121536674e-24 ||r(i)||/||b|| 1.489843149980e-07
315 KSP unpreconditioned resid norm 4.570810774727e-24 true resid norm 4.570810774749e-24 ||r(i)||/||b|| 1.471712179731e-07
316 KSP unpreconditioned resid norm 4.484133477834e-24 true resid norm 4.484133477839e-24 ||r(i)||/||b|| 1.443803775761e-07
317 KSP unpreconditioned resid norm 4.380786253304e-24 true resid norm 4.380786253320e-24 ||r(i)||/||b|| 1.410527979286e-07
318 KSP unpreconditioned resid norm 4.237560733402e-24 true resid norm 4.237560733403e-24 ||r(i)||/||b|| 1.364412147217e-07
319 KSP unpreconditioned resid norm 4.095603021971e-24 true resid norm 4.095603021972e-24 ||r(i)||/||b|| 1.318704524824e-07
320 KSP unpreconditioned resid norm 3.924513643938e-24 true resid norm 3.924513643923e-24 ||r(i)||/||b|| 1.263617072312e-07
321 KSP unpreconditioned resid norm 3.777620856499e-24 true resid norm 3.777620856487e-24 ||r(i)||/||b|| 1.216320451419e-07
322 KSP unpreconditioned resid norm 3.637663220583e-24 true resid norm 3.637663220599e-24 ||r(i)||/||b|| 1.171256814456e-07
323 KSP unpreconditioned resid norm 3.521176304630e-24 true resid norm 3.521176304639e-24 ||r(i)||/||b|| 1.133750292868e-07
324 KSP unpreconditioned resid norm 3.415710774698e-24 true resid norm 3.415710774708e-24 ||r(i)||/||b|| 1.099792443246e-07
325 KSP unpreconditioned resid norm 3.310991316682e-24 true resid norm 3.310991316682e-24 ||r(i)||/||b|| 1.066074814268e-07
326 KSP unpreconditioned resid norm 3.204197045191e-24 true resid norm 3.204197045163e-24 ||r(i)||/||b|| 1.031689135694e-07
327 KSP unpreconditioned resid norm 3.099396617387e-24 true resid norm 3.099396617370e-24 ||r(i)||/||b|| 9.979454360259e-08
328 KSP unpreconditioned resid norm 3.016764467793e-24 true resid norm 3.016764467779e-24 ||r(i)||/||b|| 9.713394908263e-08
329 KSP unpreconditioned resid norm 2.949501401809e-24 true resid norm 2.949501401804e-24 ||r(i)||/||b|| 9.496820916647e-08
330 KSP unpreconditioned resid norm 2.898146016183e-24 true resid norm 2.898146016190e-24 ||r(i)||/||b|| 9.331466562184e-08
331 KSP unpreconditioned resid norm 2.853102544464e-24 true resid norm 2.853102544481e-24 ||r(i)||/||b|| 9.186435343003e-08
332 KSP unpreconditioned resid norm 2.802145733258e-24 true resid norm 2.802145733254e-24 ||r(i)||/||b|| 9.022364320553e-08
333 KSP unpreconditioned resid norm 2.750169347879e-24 true resid norm 2.750169347878e-24 ||r(i)||/||b|| 8.855010467624e-08
334 KSP unpreconditioned resid norm 2.685731466372e-24 true resid norm 2.685731466369e-24 ||r(i)||/||b|| 8.647533020568e-08
335 KSP unpreconditioned resid norm 2.599055996884e-24 true resid norm 2.599055996865e-24 ||r(i)||/||b|| 8.368454864766e-08
336 KSP unpreconditioned resid norm 2.498874476579e-24 true resid norm 2.498874476593e-24 ||r(i)||/||b|| 8.045889852051e-08
337 KSP unpreconditioned resid norm 2.389824542969e-24 true resid norm 2.389824542949e-24 ||r(i)||/||b|| 7.694770272938e-08
338 KSP unpreconditioned resid norm 2.257289400475e-24 true resid norm 2.257289400490e-24 ||r(i)||/||b|| 7.268032888672e-08
339 KSP unpreconditioned resid norm 2.118073735386e-24 true resid norm 2.118073735389e-24 ||r(i)||/||b|| 6.819785520678e-08
340 KSP unpreconditioned resid norm 1.961086045407e-24 true resid norm 1.961086045363e-24 ||r(i)||/||b|| 6.314315688596e-08
341 KSP unpreconditioned resid norm 1.805342554210e-24 true resid norm 1.805342554168e-24 ||r(i)||/||b|| 5.812851934786e-08
342 KSP unpreconditioned resid norm 1.640821624471e-24 true resid norm 1.640821624435e-24 ||r(i)||/||b|| 5.283126535859e-08
343 KSP unpreconditioned resid norm 1.474298633292e-24 true resid norm 1.474298633246e-24 ||r(i)||/||b|| 4.746954888387e-08
344 KSP unpreconditioned resid norm 1.344097018269e-24 true resid norm 1.344097018235e-24 ||r(i)||/||b|| 4.327731008695e-08
345 KSP unpreconditioned resid norm 1.231902322283e-24 true resid norm 1.231902322267e-24 ||r(i)||/||b|| 3.966485906469e-08
346 KSP unpreconditioned resid norm 1.146600029909e-24 true resid norm 1.146600029880e-24 ||r(i)||/||b|| 3.691829113943e-08
347 KSP unpreconditioned resid norm 1.070952305879e-24 true resid norm 1.070952305869e-24 ||r(i)||/||b|| 3.448258154034e-08
348 KSP unpreconditioned resid norm 9.947404065495e-25 true resid norm 9.947404064717e-25 ||r(i)||/||b|| 3.202870659101e-08
  Linear solve converged due to CONVERGED_ATOL iterations 348
Mat Object: 1 MPI process
  type: seqaijcusparse
  rows=281452, cols=281452, bs=4
  total: nonzeros=15993520, allocated nonzeros=15993520
  total number of mallocs used during MatSetValues calls=0
    not using I-node routines
Vec Object: 1 MPI process
  type: seqcuda
  length=281452, bs=4
Vec Object: 1 MPI process
  type: seqcuda
  length=281452, bs=4
KSP Object: 1 MPI process
  type: gmres
    restart=100, using classical (unmodified) Gram-Schmidt orthogonalization with no iterative refinement
    happy breakdown tolerance=1e-30
  maximum iterations=2000, initial guess is zero
  tolerances: relative=1e-10, absolute=1e-24, divergence=10000.
  right preconditioning
  diagonally scaled system
  using UNPRECONDITIONED norm type for convergence test
PC Object: 1 MPI process
  type: asm
    total subdomain blocks = 1, amount of overlap = 2
    restriction/interpolation type - RESTRICT
    Local solver information for first block is in the following KSP and PC objects on rank 0:
    Use -ksp_view ::ascii_info_detail to display information for all blocks
    KSP Object: (sub_) 1 MPI process
      type: preonly
      maximum iterations=10000, initial guess is zero
      tolerances: relative=1e-05, absolute=1e-50, divergence=10000.
      left preconditioning
      not checking for convergence
    PC Object: (sub_) 1 MPI process
      type: ilu
        out-of-place factorization
        2 levels of fill
        tolerance for zero pivot 2.22045e-14
        matrix ordering: natural
        factor fill ratio given 1., needed 4.996
          Factored matrix:
            Mat Object: (sub_) 1 MPI process
              type: seqaijcusparse
              rows=281452, cols=281452, bs=4
              package used to perform factorization: cusparse
              total: nonzeros=79903664, allocated nonzeros=79903664
                using I-node routines: found 70363 nodes, limit used is 5
      linear system matrix, which is also used to construct the preconditioner:
      Mat Object: (sub_) 1 MPI process
        type: seqaijcusparse
        rows=281452, cols=281452, bs=4
        total: nonzeros=15993520, allocated nonzeros=15993520
        total number of mallocs used during MatSetValues calls=0
          not using I-node routines
  linear system matrix, which is also used to construct the preconditioner:
  Mat Object: 1 MPI process
    type: seqaijcusparse
    rows=281452, cols=281452, bs=4
    total: nonzeros=15993520, allocated nonzeros=15993520
    total number of mallocs used during MatSetValues calls=0
      not using I-node routines
SV13Q_END logical=10 attempt=0 step=65 reason=3 iterations=348 healthy=1 ref=316 ratio=1.1012658227848102 pending=0 recovery=NONE
 NS     65-2    2.367e+03 [  -4  6.288e-01  3.081e-14  3.203e-08] [  348 -173   68]
Vec Object: 1 MPI process
  type: seqcuda
  length=281452, bs=4
Mat Object: 1 MPI process
  type: seqaijcusparse
  rows=281452, cols=281452, bs=4
  total: nonzeros=15993520, allocated nonzeros=15993520
  total number of mallocs used during MatSetValues calls=0
    not using I-node routines
Mat Object: 1 MPI process
  type: seqaijcusparse
  rows=281452, cols=281452, bs=4
  total: nonzeros=15993520, allocated nonzeros=15993520
  total number of mallocs used during MatSetValues calls=0
    not using I-node routines
SV13Q_BEGIN logical=11 attempt=0 step=66 equation=0 policy=R3 reuse=1 age=2 ref=316 rebuild_reason=REUSE builds=2 attempts=11 ksp=0x55e693816a00 pc=0x55e6952d3390
  0 KSP unpreconditioned resid norm 4.952509341000e-17 true resid norm 4.952509341000e-17 ||r(i)||/||b|| 1.000000000000e+00
  1 KSP unpreconditioned resid norm 2.465577929766e-18 true resid norm 2.465577929766e-18 ||r(i)||/||b|| 4.978441755483e-02
  2 KSP unpreconditioned resid norm 8.763543097198e-19 true resid norm 8.763543097198e-19 ||r(i)||/||b|| 1.769515712903e-02
  3 KSP unpreconditioned resid norm 5.192519641606e-19 true resid norm 5.192519641606e-19 ||r(i)||/||b|| 1.048462362023e-02
  4 KSP unpreconditioned resid norm 3.622012189611e-19 true resid norm 3.622012189611e-19 ||r(i)||/||b|| 7.313488860336e-03
  5 KSP unpreconditioned resid norm 2.795004089402e-19 true resid norm 2.795004089402e-19 ||r(i)||/||b|| 5.643611948924e-03
  6 KSP unpreconditioned resid norm 2.230290108059e-19 true resid norm 2.230290108059e-19 ||r(i)||/||b|| 4.503353662748e-03
  7 KSP unpreconditioned resid norm 1.853413377671e-19 true resid norm 1.853413377671e-19 ||r(i)||/||b|| 3.742372300698e-03
  8 KSP unpreconditioned resid norm 1.550452612791e-19 true resid norm 1.550452612791e-19 ||r(i)||/||b|| 3.130640461301e-03
  9 KSP unpreconditioned resid norm 1.323688873439e-19 true resid norm 1.323688873439e-19 ||r(i)||/||b|| 2.672764011731e-03
 10 KSP unpreconditioned resid norm 1.168818181515e-19 true resid norm 1.168818181515e-19 ||r(i)||/||b|| 2.360052452277e-03
 11 KSP unpreconditioned resid norm 1.072839668586e-19 true resid norm 1.072839668586e-19 ||r(i)||/||b|| 2.166254709919e-03
 12 KSP unpreconditioned resid norm 9.904423851061e-20 true resid norm 9.904423851061e-20 ||r(i)||/||b|| 1.999879893020e-03
 13 KSP unpreconditioned resid norm 9.284044595347e-20 true resid norm 9.284044595347e-20 ||r(i)||/||b|| 1.874614252312e-03
 14 KSP unpreconditioned resid norm 8.934410595307e-20 true resid norm 8.934410595307e-20 ||r(i)||/||b|| 1.804016909437e-03
 15 KSP unpreconditioned resid norm 8.697727754909e-20 true resid norm 8.697727754909e-20 ||r(i)||/||b|| 1.756226420999e-03
 16 KSP unpreconditioned resid norm 8.467118623327e-20 true resid norm 8.467118623327e-20 ||r(i)||/||b|| 1.709662322740e-03
 17 KSP unpreconditioned resid norm 8.155118840401e-20 true resid norm 8.155118840401e-20 ||r(i)||/||b|| 1.646663999780e-03
 18 KSP unpreconditioned resid norm 7.827796631724e-20 true resid norm 7.827796631724e-20 ||r(i)||/||b|| 1.580571805674e-03
 19 KSP unpreconditioned resid norm 7.548805322525e-20 true resid norm 7.548805322525e-20 ||r(i)||/||b|| 1.524238482506e-03
 20 KSP unpreconditioned resid norm 7.308134395370e-20 true resid norm 7.308134395370e-20 ||r(i)||/||b|| 1.475642728196e-03
 21 KSP unpreconditioned resid norm 7.127493055739e-20 true resid norm 7.127493055739e-20 ||r(i)||/||b|| 1.439168018671e-03
 22 KSP unpreconditioned resid norm 6.988574078231e-20 true resid norm 6.988574078231e-20 ||r(i)||/||b|| 1.411117798482e-03
 23 KSP unpreconditioned resid norm 6.868981745604e-20 true resid norm 6.868981745604e-20 ||r(i)||/||b|| 1.386969972724e-03
 24 KSP unpreconditioned resid norm 6.749149521000e-20 true resid norm 6.749149521000e-20 ||r(i)||/||b|| 1.362773708497e-03
 25 KSP unpreconditioned resid norm 6.625674612499e-20 true resid norm 6.625674612499e-20 ||r(i)||/||b|| 1.337841921397e-03
 26 KSP unpreconditioned resid norm 6.484878028527e-20 true resid norm 6.484878028527e-20 ||r(i)||/||b|| 1.309412578961e-03
 27 KSP unpreconditioned resid norm 6.350098756822e-20 true resid norm 6.350098756822e-20 ||r(i)||/||b|| 1.282198239234e-03
 28 KSP unpreconditioned resid norm 6.200950285549e-20 true resid norm 6.200950285549e-20 ||r(i)||/||b|| 1.252082501736e-03
 29 KSP unpreconditioned resid norm 6.053865111460e-20 true resid norm 6.053865111460e-20 ||r(i)||/||b|| 1.222383380752e-03
 30 KSP unpreconditioned resid norm 5.916980111691e-20 true resid norm 5.916980111691e-20 ||r(i)||/||b|| 1.194743856959e-03
 31 KSP unpreconditioned resid norm 5.828140849677e-20 true resid norm 5.828140849677e-20 ||r(i)||/||b|| 1.176805624863e-03
 32 KSP unpreconditioned resid norm 5.765009613237e-20 true resid norm 5.765009613237e-20 ||r(i)||/||b|| 1.164058301821e-03
 33 KSP unpreconditioned resid norm 5.703316759612e-20 true resid norm 5.703316759611e-20 ||r(i)||/||b|| 1.151601413933e-03
 34 KSP unpreconditioned resid norm 5.646158559087e-20 true resid norm 5.646158559087e-20 ||r(i)||/||b|| 1.140060153414e-03
 35 KSP unpreconditioned resid norm 5.584487096794e-20 true resid norm 5.584487096794e-20 ||r(i)||/||b|| 1.127607584818e-03
 36 KSP unpreconditioned resid norm 5.517610338498e-20 true resid norm 5.517610338498e-20 ||r(i)||/||b|| 1.114103974084e-03
 37 KSP unpreconditioned resid norm 5.436610385885e-20 true resid norm 5.436610385885e-20 ||r(i)||/||b|| 1.097748638428e-03
 38 KSP unpreconditioned resid norm 5.315338441230e-20 true resid norm 5.315338441230e-20 ||r(i)||/||b|| 1.073261669034e-03
 39 KSP unpreconditioned resid norm 5.212904110094e-20 true resid norm 5.212904110094e-20 ||r(i)||/||b|| 1.052578349916e-03
 40 KSP unpreconditioned resid norm 5.129663678229e-20 true resid norm 5.129663678229e-20 ||r(i)||/||b|| 1.035770621524e-03
 41 KSP unpreconditioned resid norm 5.057462218998e-20 true resid norm 5.057462218998e-20 ||r(i)||/||b|| 1.021191858666e-03
 42 KSP unpreconditioned resid norm 4.968900586742e-20 true resid norm 4.968900586742e-20 ||r(i)||/||b|| 1.003309684973e-03
 43 KSP unpreconditioned resid norm 4.844060507604e-20 true resid norm 4.844060507604e-20 ||r(i)||/||b|| 9.781022455630e-04
 44 KSP unpreconditioned resid norm 4.675208795183e-20 true resid norm 4.675208795183e-20 ||r(i)||/||b|| 9.440080721258e-04
 45 KSP unpreconditioned resid norm 4.497743118381e-20 true resid norm 4.497743118381e-20 ||r(i)||/||b|| 9.081745855875e-04
 46 KSP unpreconditioned resid norm 4.330315219691e-20 true resid norm 4.330315219691e-20 ||r(i)||/||b|| 8.743679055468e-04
 47 KSP unpreconditioned resid norm 4.175339848409e-20 true resid norm 4.175339848410e-20 ||r(i)||/||b|| 8.430756129713e-04
 48 KSP unpreconditioned resid norm 4.063220967954e-20 true resid norm 4.063220967955e-20 ||r(i)||/||b|| 8.204368105512e-04
 49 KSP unpreconditioned resid norm 3.970460919238e-20 true resid norm 3.970460919239e-20 ||r(i)||/||b|| 8.017069016647e-04
 50 KSP unpreconditioned resid norm 3.892296039740e-20 true resid norm 3.892296039741e-20 ||r(i)||/||b|| 7.859240178546e-04
 51 KSP unpreconditioned resid norm 3.810615326268e-20 true resid norm 3.810615326269e-20 ||r(i)||/||b|| 7.694312244345e-04
 52 KSP unpreconditioned resid norm 3.712549234708e-20 true resid norm 3.712549234709e-20 ||r(i)||/||b|| 7.496299308261e-04
 53 KSP unpreconditioned resid norm 3.596116042293e-20 true resid norm 3.596116042293e-20 ||r(i)||/||b|| 7.261199918438e-04
 54 KSP unpreconditioned resid norm 3.464575944020e-20 true resid norm 3.464575944020e-20 ||r(i)||/||b|| 6.995596990273e-04
 55 KSP unpreconditioned resid norm 3.346926306226e-20 true resid norm 3.346926306225e-20 ||r(i)||/||b|| 6.758041380189e-04
 56 KSP unpreconditioned resid norm 3.230112148073e-20 true resid norm 3.230112148071e-20 ||r(i)||/||b|| 6.522172752567e-04
 57 KSP unpreconditioned resid norm 3.127564126953e-20 true resid norm 3.127564126951e-20 ||r(i)||/||b|| 6.315110001023e-04
 58 KSP unpreconditioned resid norm 3.030705345746e-20 true resid norm 3.030705345743e-20 ||r(i)||/||b|| 6.119534839951e-04
 59 KSP unpreconditioned resid norm 2.944387814270e-20 true resid norm 2.944387814268e-20 ||r(i)||/||b|| 5.945244342887e-04
 60 KSP unpreconditioned resid norm 2.850482046149e-20 true resid norm 2.850482046148e-20 ||r(i)||/||b|| 5.755631842124e-04
 61 KSP unpreconditioned resid norm 2.745238485717e-20 true resid norm 2.745238485718e-20 ||r(i)||/||b|| 5.543126315767e-04
 62 KSP unpreconditioned resid norm 2.638384741526e-20 true resid norm 2.638384741529e-20 ||r(i)||/||b|| 5.327369541106e-04
 63 KSP unpreconditioned resid norm 2.506111144479e-20 true resid norm 2.506111144483e-20 ||r(i)||/||b|| 5.060285548047e-04
 64 KSP unpreconditioned resid norm 2.355277243059e-20 true resid norm 2.355277243064e-20 ||r(i)||/||b|| 4.755724988877e-04
 65 KSP unpreconditioned resid norm 2.198440364755e-20 true resid norm 2.198440364760e-20 ||r(i)||/||b|| 4.439043348308e-04
 66 KSP unpreconditioned resid norm 2.083578505051e-20 true resid norm 2.083578505056e-20 ||r(i)||/||b|| 4.207116759593e-04
 67 KSP unpreconditioned resid norm 1.982893191205e-20 true resid norm 1.982893191210e-20 ||r(i)||/||b|| 4.003815146384e-04
 68 KSP unpreconditioned resid norm 1.902560485717e-20 true resid norm 1.902560485721e-20 ||r(i)||/||b|| 3.841609080816e-04
 69 KSP unpreconditioned resid norm 1.830747559649e-20 true resid norm 1.830747559653e-20 ||r(i)||/||b|| 3.696605970022e-04
 70 KSP unpreconditioned resid norm 1.756292368608e-20 true resid norm 1.756292368612e-20 ||r(i)||/||b|| 3.546267654808e-04
 71 KSP unpreconditioned resid norm 1.662246687965e-20 true resid norm 1.662246687969e-20 ||r(i)||/||b|| 3.356372645697e-04
 72 KSP unpreconditioned resid norm 1.552452911287e-20 true resid norm 1.552452911293e-20 ||r(i)||/||b|| 3.134679420877e-04
 73 KSP unpreconditioned resid norm 1.440531888950e-20 true resid norm 1.440531888960e-20 ||r(i)||/||b|| 2.908690907526e-04
 74 KSP unpreconditioned resid norm 1.336935823128e-20 true resid norm 1.336935823142e-20 ||r(i)||/||b|| 2.699511966740e-04
 75 KSP unpreconditioned resid norm 1.242568424992e-20 true resid norm 1.242568425008e-20 ||r(i)||/||b|| 2.508967352613e-04
 76 KSP unpreconditioned resid norm 1.172229154498e-20 true resid norm 1.172229154514e-20 ||r(i)||/||b|| 2.366939815357e-04
 77 KSP unpreconditioned resid norm 1.110317178946e-20 true resid norm 1.110317178961e-20 ||r(i)||/||b|| 2.241928490207e-04
 78 KSP unpreconditioned resid norm 1.056477202366e-20 true resid norm 1.056477202377e-20 ||r(i)||/||b|| 2.133215971207e-04
 79 KSP unpreconditioned resid norm 1.009029878448e-20 true resid norm 1.009029878454e-20 ||r(i)||/||b|| 2.037411358521e-04
 80 KSP unpreconditioned resid norm 9.655342359096e-21 true resid norm 9.655342359088e-21 ||r(i)||/||b|| 1.949585895610e-04
 81 KSP unpreconditioned resid norm 9.267262443545e-21 true resid norm 9.267262443464e-21 ||r(i)||/||b|| 1.871225636415e-04
 82 KSP unpreconditioned resid norm 8.937534490434e-21 true resid norm 8.937534490298e-21 ||r(i)||/||b|| 1.804647679573e-04
 83 KSP unpreconditioned resid norm 8.655487478653e-21 true resid norm 8.655487478482e-21 ||r(i)||/||b|| 1.747697355526e-04
 84 KSP unpreconditioned resid norm 8.437308387791e-21 true resid norm 8.437308387602e-21 ||r(i)||/||b|| 1.703643104265e-04
 85 KSP unpreconditioned resid norm 8.292867006322e-21 true resid norm 8.292867006129e-21 ||r(i)||/||b|| 1.674477812182e-04
 86 KSP unpreconditioned resid norm 8.170554984847e-21 true resid norm 8.170554984659e-21 ||r(i)||/||b|| 1.649780832722e-04
 87 KSP unpreconditioned resid norm 8.059186842364e-21 true resid norm 8.059186842189e-21 ||r(i)||/||b|| 1.627293617696e-04
 88 KSP unpreconditioned resid norm 7.949654180301e-21 true resid norm 7.949654180141e-21 ||r(i)||/||b|| 1.605177018916e-04
 89 KSP unpreconditioned resid norm 7.816422497789e-21 true resid norm 7.816422497642e-21 ||r(i)||/||b|| 1.578275165063e-04
 90 KSP unpreconditioned resid norm 7.681004160133e-21 true resid norm 7.681004159988e-21 ||r(i)||/||b|| 1.550931786519e-04
 91 KSP unpreconditioned resid norm 7.548251008753e-21 true resid norm 7.548251008601e-21 ||r(i)||/||b|| 1.524126556635e-04
 92 KSP unpreconditioned resid norm 7.509507074472e-21 true resid norm 7.509411682842e-21 ||r(i)||/||b|| 1.516284203782e-04
 93 KSP unpreconditioned resid norm 7.398455271565e-21 true resid norm 7.331566291548e-21 ||r(i)||/||b|| 1.480374046113e-04
 94 KSP unpreconditioned resid norm 7.355512949218e-21 true resid norm 7.257901195261e-21 ||r(i)||/||b|| 1.465499748819e-04
 95 KSP unpreconditioned resid norm 7.314976797944e-21 true resid norm 7.166484707887e-21 ||r(i)||/||b|| 1.447041128940e-04
 96 KSP unpreconditioned resid norm 7.304310316346e-21 true resid norm 7.132989999892e-21 ||r(i)||/||b|| 1.440277949774e-04
 97 KSP unpreconditioned resid norm 7.303122219622e-21 true resid norm 7.126389103916e-21 ||r(i)||/||b|| 1.438945111101e-04
 98 KSP unpreconditioned resid norm 7.301892233521e-21 true resid norm 7.127892540336e-21 ||r(i)||/||b|| 1.439248681739e-04
 99 KSP unpreconditioned resid norm 7.299018550916e-21 true resid norm 7.131274933023e-21 ||r(i)||/||b|| 1.439931647172e-04
100 KSP unpreconditioned resid norm 7.133906735558e-21 true resid norm 7.133906735558e-21 ||r(i)||/||b|| 1.440463055062e-04
101 KSP unpreconditioned resid norm 7.062714993415e-21 true resid norm 7.062714993415e-21 ||r(i)||/||b|| 1.426088172100e-04
102 KSP unpreconditioned resid norm 6.977723951473e-21 true resid norm 6.977723951473e-21 ||r(i)||/||b|| 1.408926964298e-04
103 KSP unpreconditioned resid norm 6.919961118096e-21 true resid norm 6.919961118096e-21 ||r(i)||/||b|| 1.397263617619e-04
104 KSP unpreconditioned resid norm 6.840083009637e-21 true resid norm 6.840083009637e-21 ||r(i)||/||b|| 1.381134802313e-04
105 KSP unpreconditioned resid norm 6.777590254859e-21 true resid norm 6.777590254859e-21 ||r(i)||/||b|| 1.368516400110e-04
106 KSP unpreconditioned resid norm 6.701483974877e-21 true resid norm 6.701483974877e-21 ||r(i)||/||b|| 1.353149184273e-04
107 KSP unpreconditioned resid norm 6.615991440628e-21 true resid norm 6.615991440628e-21 ||r(i)||/||b|| 1.335886716226e-04
108 KSP unpreconditioned resid norm 6.482017931112e-21 true resid norm 6.482017931112e-21 ||r(i)||/||b|| 1.308835074262e-04
109 KSP unpreconditioned resid norm 6.312489356946e-21 true resid norm 6.312489356946e-21 ||r(i)||/||b|| 1.274604230362e-04
110 KSP unpreconditioned resid norm 6.162209332526e-21 true resid norm 6.162209332526e-21 ||r(i)||/||b|| 1.244260012093e-04
111 KSP unpreconditioned resid norm 6.013278935026e-21 true resid norm 6.013278935026e-21 ||r(i)||/||b|| 1.214188307581e-04
112 KSP unpreconditioned resid norm 5.866571688857e-21 true resid norm 5.866571688857e-21 ||r(i)||/||b|| 1.184565496987e-04
113 KSP unpreconditioned resid norm 5.709928868276e-21 true resid norm 5.709928868276e-21 ||r(i)||/||b|| 1.152936516647e-04
114 KSP unpreconditioned resid norm 5.547775240544e-21 true resid norm 5.547775240544e-21 ||r(i)||/||b|| 1.120194806018e-04
115 KSP unpreconditioned resid norm 5.380007160243e-21 true resid norm 5.380007160243e-21 ||r(i)||/||b|| 1.086319437240e-04
116 KSP unpreconditioned resid norm 5.180269975758e-21 true resid norm 5.180269975758e-21 ||r(i)||/||b|| 1.045988935926e-04
117 KSP unpreconditioned resid norm 4.995434754211e-21 true resid norm 4.995434754211e-21 ||r(i)||/||b|| 1.008667406814e-04
118 KSP unpreconditioned resid norm 4.790875987700e-21 true resid norm 4.790875987700e-21 ||r(i)||/||b|| 9.673633420614e-05
119 KSP unpreconditioned resid norm 4.617940673933e-21 true resid norm 4.617940673933e-21 ||r(i)||/||b|| 9.324446166518e-05
120 KSP unpreconditioned resid norm 4.472145352407e-21 true resid norm 4.472145352407e-21 ||r(i)||/||b|| 9.030059399148e-05
121 KSP unpreconditioned resid norm 4.371171589823e-21 true resid norm 4.371171589823e-21 ||r(i)||/||b|| 8.826175356473e-05
122 KSP unpreconditioned resid norm 4.257593465461e-21 true resid norm 4.257593465461e-21 ||r(i)||/||b|| 8.596840858459e-05
123 KSP unpreconditioned resid norm 4.132686026986e-21 true resid norm 4.132686026986e-21 ||r(i)||/||b|| 8.344630453845e-05
124 KSP unpreconditioned resid norm 3.984333826593e-21 true resid norm 3.984333826593e-21 ||r(i)||/||b|| 8.045080891839e-05
125 KSP unpreconditioned resid norm 3.790793387210e-21 true resid norm 3.790793387210e-21 ||r(i)||/||b|| 7.654288212700e-05
126 KSP unpreconditioned resid norm 3.598477576107e-21 true resid norm 3.598477576107e-21 ||r(i)||/||b|| 7.265968276559e-05
127 KSP unpreconditioned resid norm 3.439734859789e-21 true resid norm 3.439734859788e-21 ||r(i)||/||b|| 6.945438408994e-05
128 KSP unpreconditioned resid norm 3.294723628221e-21 true resid norm 3.294723628221e-21 ||r(i)||/||b|| 6.652634859152e-05
129 KSP unpreconditioned resid norm 3.144130582227e-21 true resid norm 3.144130582227e-21 ||r(i)||/||b|| 6.348560630059e-05
130 KSP unpreconditioned resid norm 3.001043766682e-21 true resid norm 3.001043766682e-21 ||r(i)||/||b|| 6.059642819524e-05
131 KSP unpreconditioned resid norm 2.867190501204e-21 true resid norm 2.867190501204e-21 ||r(i)||/||b|| 5.789369194051e-05
132 KSP unpreconditioned resid norm 2.745046405799e-21 true resid norm 2.745046405799e-21 ||r(i)||/||b|| 5.542738472140e-05
133 KSP unpreconditioned resid norm 2.623598639377e-21 true resid norm 2.623598639377e-21 ||r(i)||/||b|| 5.297513762685e-05
134 KSP unpreconditioned resid norm 2.514024271855e-21 true resid norm 2.514024271855e-21 ||r(i)||/||b|| 5.076263564093e-05
135 KSP unpreconditioned resid norm 2.417310463146e-21 true resid norm 2.417310463146e-21 ||r(i)||/||b|| 4.880981128363e-05
136 KSP unpreconditioned resid norm 2.343019437256e-21 true resid norm 2.343019437256e-21 ||r(i)||/||b|| 4.730974291878e-05
137 KSP unpreconditioned resid norm 2.267927886271e-21 true resid norm 2.267927886271e-21 ||r(i)||/||b|| 4.579351052396e-05
138 KSP unpreconditioned resid norm 2.187860420009e-21 true resid norm 2.187860420009e-21 ||r(i)||/||b|| 4.417680552153e-05
139 KSP unpreconditioned resid norm 2.086667941380e-21 true resid norm 2.086667941380e-21 ||r(i)||/||b|| 4.213354882756e-05
140 KSP unpreconditioned resid norm 1.987392823234e-21 true resid norm 1.987392823234e-21 ||r(i)||/||b|| 4.012900706277e-05
141 KSP unpreconditioned resid norm 1.885126773695e-21 true resid norm 1.885126773695e-21 ||r(i)||/||b|| 3.806407305665e-05
142 KSP unpreconditioned resid norm 1.780409986235e-21 true resid norm 1.780409986235e-21 ||r(i)||/||b|| 3.594965427920e-05
143 KSP unpreconditioned resid norm 1.677173542420e-21 true resid norm 1.677173542420e-21 ||r(i)||/||b|| 3.386512628125e-05
144 KSP unpreconditioned resid norm 1.566471575140e-21 true resid norm 1.566471575140e-21 ||r(i)||/||b|| 3.162985604433e-05
145 KSP unpreconditioned resid norm 1.469020199865e-21 true resid norm 1.469020199865e-21 ||r(i)||/||b|| 2.966213890206e-05
146 KSP unpreconditioned resid norm 1.377684699708e-21 true resid norm 1.377684699708e-21 ||r(i)||/||b|| 2.781791219055e-05
147 KSP unpreconditioned resid norm 1.315443104495e-21 true resid norm 1.315443104494e-21 ||r(i)||/||b|| 2.656114332999e-05
148 KSP unpreconditioned resid norm 1.260351817658e-21 true resid norm 1.260351817658e-21 ||r(i)||/||b|| 2.544875195337e-05
149 KSP unpreconditioned resid norm 1.213721761689e-21 true resid norm 1.213721761689e-21 ||r(i)||/||b|| 2.450720792471e-05
150 KSP unpreconditioned resid norm 1.169163940890e-21 true resid norm 1.169163940890e-21 ||r(i)||/||b|| 2.360750602146e-05
151 KSP unpreconditioned resid norm 1.125219703221e-21 true resid norm 1.125219703221e-21 ||r(i)||/||b|| 2.272019345638e-05
152 KSP unpreconditioned resid norm 1.089594493062e-21 true resid norm 1.089594493062e-21 ||r(i)||/||b|| 2.200085689978e-05
153 KSP unpreconditioned resid norm 1.056240215515e-21 true resid norm 1.056240215514e-21 ||r(i)||/||b|| 2.132737452446e-05
154 KSP unpreconditioned resid norm 1.031547622766e-21 true resid norm 1.031547622766e-21 ||r(i)||/||b|| 2.082878701966e-05
155 KSP unpreconditioned resid norm 1.013451157574e-21 true resid norm 1.013451157574e-21 ||r(i)||/||b|| 2.046338709923e-05
156 KSP unpreconditioned resid norm 1.000010962159e-21 true resid norm 1.000010962159e-21 ||r(i)||/||b|| 2.019200557341e-05
157 KSP unpreconditioned resid norm 9.865593858316e-22 true resid norm 9.865593858310e-22 ||r(i)||/||b|| 1.992039424668e-05
158 KSP unpreconditioned resid norm 9.735638565397e-22 true resid norm 9.735638565394e-22 ||r(i)||/||b|| 1.965799132330e-05
159 KSP unpreconditioned resid norm 9.597068672412e-22 true resid norm 9.597068672406e-22 ||r(i)||/||b|| 1.937819398533e-05
160 KSP unpreconditioned resid norm 9.444204144977e-22 true resid norm 9.444204144977e-22 ||r(i)||/||b|| 1.906953322994e-05
161 KSP unpreconditioned resid norm 9.294943402272e-22 true resid norm 9.294943402272e-22 ||r(i)||/||b|| 1.876814915890e-05
162 KSP unpreconditioned resid norm 9.138864943970e-22 true resid norm 9.138864943967e-22 ||r(i)||/||b|| 1.845299890363e-05
163 KSP unpreconditioned resid norm 8.985902877396e-22 true resid norm 8.985902877396e-22 ||r(i)||/||b|| 1.814414119930e-05
164 KSP unpreconditioned resid norm 8.841720638128e-22 true resid norm 8.841720638131e-22 ||r(i)||/||b|| 1.785301153283e-05
165 KSP unpreconditioned resid norm 8.712151449713e-22 true resid norm 8.712151449708e-22 ||r(i)||/||b|| 1.759138822331e-05
166 KSP unpreconditioned resid norm 8.608139254635e-22 true resid norm 8.608139254631e-22 ||r(i)||/||b|| 1.738136904330e-05
167 KSP unpreconditioned resid norm 8.512201325583e-22 true resid norm 8.512201325586e-22 ||r(i)||/||b|| 1.718765324704e-05
168 KSP unpreconditioned resid norm 8.410827734746e-22 true resid norm 8.410827734744e-22 ||r(i)||/||b|| 1.698296187978e-05
169 KSP unpreconditioned resid norm 8.299392360780e-22 true resid norm 8.299392360786e-22 ||r(i)||/||b|| 1.675795397714e-05
170 KSP unpreconditioned resid norm 8.173271046063e-22 true resid norm 8.173271046063e-22 ||r(i)||/||b|| 1.650329253980e-05
171 KSP unpreconditioned resid norm 8.026607804402e-22 true resid norm 8.026607804399e-22 ||r(i)||/||b|| 1.620715328682e-05
172 KSP unpreconditioned resid norm 7.868101101406e-22 true resid norm 7.868101101400e-22 ||r(i)||/||b|| 1.588709997226e-05
173 KSP unpreconditioned resid norm 7.694899134297e-22 true resid norm 7.694899134298e-22 ||r(i)||/||b|| 1.553737429750e-05
174 KSP unpreconditioned resid norm 7.544496317450e-22 true resid norm 7.544496317453e-22 ||r(i)||/||b|| 1.523368417500e-05
175 KSP unpreconditioned resid norm 7.403003653860e-22 true resid norm 7.403003653855e-22 ||r(i)||/||b|| 1.494798524168e-05
176 KSP unpreconditioned resid norm 7.247596654011e-22 true resid norm 7.247596654013e-22 ||r(i)||/||b|| 1.463419078085e-05
177 KSP unpreconditioned resid norm 7.072011241689e-22 true resid norm 7.072011241683e-22 ||r(i)||/||b|| 1.427965250492e-05
178 KSP unpreconditioned resid norm 6.867487030917e-22 true resid norm 6.867487030916e-22 ||r(i)||/||b|| 1.386668163160e-05
179 KSP unpreconditioned resid norm 6.648991126664e-22 true resid norm 6.648991126663e-22 ||r(i)||/||b|| 1.342549941626e-05
180 KSP unpreconditioned resid norm 6.411345669586e-22 true resid norm 6.411345669587e-22 ||r(i)||/||b|| 1.294565083706e-05
181 KSP unpreconditioned resid norm 6.150517215614e-22 true resid norm 6.150517215613e-22 ||r(i)||/||b|| 1.241899165075e-05
182 KSP unpreconditioned resid norm 5.879616747883e-22 true resid norm 5.879616747878e-22 ||r(i)||/||b|| 1.187199527158e-05
183 KSP unpreconditioned resid norm 5.545163411795e-22 true resid norm 5.545163411789e-22 ||r(i)||/||b|| 1.119667431191e-05
184 KSP unpreconditioned resid norm 5.238574852264e-22 true resid norm 5.238574852254e-22 ||r(i)||/||b|| 1.057761730783e-05
185 KSP unpreconditioned resid norm 4.947926977462e-22 true resid norm 4.947926977455e-22 ||r(i)||/||b|| 9.990747390405e-06
186 KSP unpreconditioned resid norm 4.714180864771e-22 true resid norm 4.714180864771e-22 ||r(i)||/||b|| 9.518772283263e-06
187 KSP unpreconditioned resid norm 4.489970216339e-22 true resid norm 4.489970216338e-22 ||r(i)||/||b|| 9.066050979787e-06
188 KSP unpreconditioned resid norm 4.254178928622e-22 true resid norm 4.254178928617e-22 ||r(i)||/||b|| 8.589946299340e-06
189 KSP unpreconditioned resid norm 4.009644381813e-22 true resid norm 4.009644381813e-22 ||r(i)||/||b|| 8.096187418807e-06
190 KSP unpreconditioned resid norm 3.955473509662e-22 true resid norm 3.926356561520e-22 ||r(i)||/||b|| 7.928014449191e-06
191 KSP unpreconditioned resid norm 3.946158809344e-22 true resid norm 3.899186143647e-22 ||r(i)||/||b|| 7.873152527683e-06
192 KSP unpreconditioned resid norm 3.940116039736e-22 true resid norm 3.884239788542e-22 ||r(i)||/||b|| 7.842973169956e-06
193 KSP unpreconditioned resid norm 3.934730032223e-22 true resid norm 3.873803876344e-22 ||r(i)||/||b|| 7.821901201223e-06
194 KSP unpreconditioned resid norm 3.926598244821e-22 true resid norm 3.862911888356e-22 ||r(i)||/||b|| 7.799908334097e-06
195 KSP unpreconditioned resid norm 3.926217441740e-22 true resid norm 3.863862685985e-22 ||r(i)||/||b|| 7.801828164155e-06
196 KSP unpreconditioned resid norm 3.922637210296e-22 true resid norm 3.870834585410e-22 ||r(i)||/||b|| 7.815905673038e-06
197 KSP unpreconditioned resid norm 3.922596442495e-22 true resid norm 3.871361679653e-22 ||r(i)||/||b|| 7.816969970362e-06
198 KSP unpreconditioned resid norm 3.917159145504e-22 true resid norm 3.884046377408e-22 ||r(i)||/||b|| 7.842582638368e-06
199 KSP unpreconditioned resid norm 3.916533759429e-22 true resid norm 3.884815623083e-22 ||r(i)||/||b|| 7.844135882636e-06
200 KSP unpreconditioned resid norm 3.906247850908e-22 true resid norm 3.906247850908e-22 ||r(i)||/||b|| 7.887411374614e-06
201 KSP unpreconditioned resid norm 3.766733419509e-22 true resid norm 3.766733419508e-22 ||r(i)||/||b|| 7.605706845063e-06
202 KSP unpreconditioned resid norm 3.672650075736e-22 true resid norm 3.672650075738e-22 ||r(i)||/||b|| 7.415735787379e-06
203 KSP unpreconditioned resid norm 3.596426605154e-22 true resid norm 3.596426605155e-22 ||r(i)||/||b|| 7.261827000267e-06
204 KSP unpreconditioned resid norm 3.513437713274e-22 true resid norm 3.513437713276e-22 ||r(i)||/||b|| 7.094257620454e-06
205 KSP unpreconditioned resid norm 3.417013270849e-22 true resid norm 3.417013270849e-22 ||r(i)||/||b|| 6.899559466876e-06
206 KSP unpreconditioned resid norm 3.289709449278e-22 true resid norm 3.289709449280e-22 ||r(i)||/||b|| 6.642510337227e-06
207 KSP unpreconditioned resid norm 3.173054354765e-22 true resid norm 3.173054354768e-22 ||r(i)||/||b|| 6.406962887480e-06
208 KSP unpreconditioned resid norm 3.053990769002e-22 true resid norm 3.053990769008e-22 ||r(i)||/||b|| 6.166552264173e-06
209 KSP unpreconditioned resid norm 2.961398839875e-22 true resid norm 2.961398839882e-22 ||r(i)||/||b|| 5.979592638758e-06
210 KSP unpreconditioned resid norm 2.883800939940e-22 true resid norm 2.883800939939e-22 ||r(i)||/||b|| 5.822908633540e-06
211 KSP unpreconditioned resid norm 2.821092019472e-22 true resid norm 2.821092019478e-22 ||r(i)||/||b|| 5.696288134429e-06
212 KSP unpreconditioned resid norm 2.768122384012e-22 true resid norm 2.768122384014e-22 ||r(i)||/||b|| 5.589332989435e-06
213 KSP unpreconditioned resid norm 2.718125404007e-22 true resid norm 2.718125404007e-22 ||r(i)||/||b|| 5.488380166202e-06
214 KSP unpreconditioned resid norm 2.661215169082e-22 true resid norm 2.661215169085e-22 ||r(i)||/||b|| 5.373468247812e-06
215 KSP unpreconditioned resid norm 2.590833289625e-22 true resid norm 2.590833289625e-22 ||r(i)||/||b|| 5.231354675451e-06
216 KSP unpreconditioned resid norm 2.508148837119e-22 true resid norm 2.508148837119e-22 ||r(i)||/||b|| 5.064400013051e-06
217 KSP unpreconditioned resid norm 2.425525590613e-22 true resid norm 2.425525590614e-22 ||r(i)||/||b|| 4.897568936487e-06
218 KSP unpreconditioned resid norm 2.332807877995e-22 true resid norm 2.332807877998e-22 ||r(i)||/||b|| 4.710355331762e-06
219 KSP unpreconditioned resid norm 2.246004523056e-22 true resid norm 2.246004523055e-22 ||r(i)||/||b|| 4.535083870436e-06
220 KSP unpreconditioned resid norm 2.164875367795e-22 true resid norm 2.164875367796e-22 ||r(i)||/||b|| 4.371269630677e-06
221 KSP unpreconditioned resid norm 2.102064932887e-22 true resid norm 2.102064932888e-22 ||r(i)||/||b|| 4.244444155785e-06
222 KSP unpreconditioned resid norm 2.039953403968e-22 true resid norm 2.039953403970e-22 ||r(i)||/||b|| 4.119029896788e-06
223 KSP unpreconditioned resid norm 1.986442673949e-22 true resid norm 1.986442673949e-22 ||r(i)||/||b|| 4.010982185341e-06
224 KSP unpreconditioned resid norm 1.942811571170e-22 true resid norm 1.942811571176e-22 ||r(i)||/||b|| 3.922883204060e-06
225 KSP unpreconditioned resid norm 1.911296717426e-22 true resid norm 1.911296717428e-22 ||r(i)||/||b|| 3.859249091376e-06
226 KSP unpreconditioned resid norm 1.883367188784e-22 true resid norm 1.883367188788e-22 ||r(i)||/||b|| 3.802854389787e-06
227 KSP unpreconditioned resid norm 1.859813807917e-22 true resid norm 1.859813807922e-22 ||r(i)||/||b|| 3.755295911359e-06
228 KSP unpreconditioned resid norm 1.832133495029e-22 true resid norm 1.832133495034e-22 ||r(i)||/||b|| 3.699404420840e-06
229 KSP unpreconditioned resid norm 1.804666669370e-22 true resid norm 1.804666669376e-22 ||r(i)||/||b|| 3.643943999128e-06
230 KSP unpreconditioned resid norm 1.777917781451e-22 true resid norm 1.777917781454e-22 ||r(i)||/||b|| 3.589933221802e-06
231 KSP unpreconditioned resid norm 1.754044698345e-22 true resid norm 1.754044698354e-22 ||r(i)||/||b|| 3.541729207521e-06
232 KSP unpreconditioned resid norm 1.735925700351e-22 true resid norm 1.735925700357e-22 ||r(i)||/||b|| 3.505143717723e-06
233 KSP unpreconditioned resid norm 1.716771407765e-22 true resid norm 1.716771407764e-22 ||r(i)||/||b|| 3.466467783415e-06
234 KSP unpreconditioned resid norm 1.702744902872e-22 true resid norm 1.702744902875e-22 ||r(i)||/||b|| 3.438145767397e-06
235 KSP unpreconditioned resid norm 1.690470787153e-22 true resid norm 1.690470787158e-22 ||r(i)||/||b|| 3.413362137782e-06
236 KSP unpreconditioned resid norm 1.679575272964e-22 true resid norm 1.679575272964e-22 ||r(i)||/||b|| 3.391362150615e-06
237 KSP unpreconditioned resid norm 1.663906690911e-22 true resid norm 1.663906690920e-22 ||r(i)||/||b|| 3.359724487836e-06
238 KSP unpreconditioned resid norm 1.640763941383e-22 true resid norm 1.640763941385e-22 ||r(i)||/||b|| 3.312995147333e-06
239 KSP unpreconditioned resid norm 1.606900199654e-22 true resid norm 1.606900199664e-22 ||r(i)||/||b|| 3.244618210733e-06
240 KSP unpreconditioned resid norm 1.565563312728e-22 true resid norm 1.565563312734e-22 ||r(i)||/||b|| 3.161151660580e-06
241 KSP unpreconditioned resid norm 1.518561958095e-22 true resid norm 1.518561958101e-22 ||r(i)||/||b|| 3.066247539464e-06
242 KSP unpreconditioned resid norm 1.464920320688e-22 true resid norm 1.464920320692e-22 ||r(i)||/||b|| 2.957935502644e-06
243 KSP unpreconditioned resid norm 1.417388735326e-22 true resid norm 1.417388735329e-22 ||r(i)||/||b|| 2.861960751078e-06
244 KSP unpreconditioned resid norm 1.364718914718e-22 true resid norm 1.364718914718e-22 ||r(i)||/||b|| 2.755610985769e-06
245 KSP unpreconditioned resid norm 1.313748309239e-22 true resid norm 1.313748309239e-22 ||r(i)||/||b|| 2.652692238990e-06
246 KSP unpreconditioned resid norm 1.254146608113e-22 true resid norm 1.254146608110e-22 ||r(i)||/||b|| 2.532345770108e-06
247 KSP unpreconditioned resid norm 1.184313628682e-22 true resid norm 1.184313628687e-22 ||r(i)||/||b|| 2.391340524858e-06
248 KSP unpreconditioned resid norm 1.099785223645e-22 true resid norm 1.099785223646e-22 ||r(i)||/||b|| 2.220662593287e-06
249 KSP unpreconditioned resid norm 1.017755874336e-22 true resid norm 1.017755874338e-22 ||r(i)||/||b|| 2.055030701128e-06
250 KSP unpreconditioned resid norm 9.278162314368e-23 true resid norm 9.278162314429e-23 ||r(i)||/||b|| 1.873426514841e-06
251 KSP unpreconditioned resid norm 8.516717452692e-23 true resid norm 8.516717452689e-23 ||r(i)||/||b|| 1.719677211345e-06
252 KSP unpreconditioned resid norm 7.904737230843e-23 true resid norm 7.904737230868e-23 ||r(i)||/||b|| 1.596107485437e-06
253 KSP unpreconditioned resid norm 7.427724434736e-23 true resid norm 7.427724434734e-23 ||r(i)||/||b|| 1.499790090903e-06
254 KSP unpreconditioned resid norm 7.017579058157e-23 true resid norm 7.017579058202e-23 ||r(i)||/||b|| 1.416974421453e-06
255 KSP unpreconditioned resid norm 6.591579076069e-23 true resid norm 6.591579076079e-23 ||r(i)||/||b|| 1.330957424252e-06
256 KSP unpreconditioned resid norm 6.234362892116e-23 true resid norm 6.234362892136e-23 ||r(i)||/||b|| 1.258829103163e-06
257 KSP unpreconditioned resid norm 5.865340288484e-23 true resid norm 5.865340288466e-23 ||r(i)||/||b|| 1.184316855278e-06
258 KSP unpreconditioned resid norm 5.447714205507e-23 true resid norm 5.447714205503e-23 ||r(i)||/||b|| 1.099990697726e-06
259 KSP unpreconditioned resid norm 5.059270814166e-23 true resid norm 5.059270814184e-23 ||r(i)||/||b|| 1.021557046304e-06
260 KSP unpreconditioned resid norm 4.703441527236e-23 true resid norm 4.703441527244e-23 ||r(i)||/||b|| 9.497087644653e-07
261 KSP unpreconditioned resid norm 4.379207559601e-23 true resid norm 4.379207559577e-23 ||r(i)||/||b|| 8.842401413204e-07
262 KSP unpreconditioned resid norm 4.062770846491e-23 true resid norm 4.062770846490e-23 ||r(i)||/||b|| 8.203459229961e-07
263 KSP unpreconditioned resid norm 3.773743710982e-23 true resid norm 3.773743710961e-23 ||r(i)||/||b|| 7.619861874301e-07
264 KSP unpreconditioned resid norm 3.530954798230e-23 true resid norm 3.530954798219e-23 ||r(i)||/||b|| 7.129627740401e-07
265 KSP unpreconditioned resid norm 3.308110653390e-23 true resid norm 3.308110653392e-23 ||r(i)||/||b|| 6.679665651521e-07
266 KSP unpreconditioned resid norm 3.148375767932e-23 true resid norm 3.148375767943e-23 ||r(i)||/||b|| 6.357132417458e-07
267 KSP unpreconditioned resid norm 3.021123720620e-23 true resid norm 3.021123720617e-23 ||r(i)||/||b|| 6.100187829242e-07
268 KSP unpreconditioned resid norm 2.913305721446e-23 true resid norm 2.913305721440e-23 ||r(i)||/||b|| 5.882484051714e-07
269 KSP unpreconditioned resid norm 2.817097300362e-23 true resid norm 2.817097300363e-23 ||r(i)||/||b|| 5.688222083785e-07
270 KSP unpreconditioned resid norm 2.722182293492e-23 true resid norm 2.722182293498e-23 ||r(i)||/||b|| 5.496571749924e-07
271 KSP unpreconditioned resid norm 2.622479215098e-23 true resid norm 2.622479215104e-23 ||r(i)||/||b|| 5.295253445347e-07
272 KSP unpreconditioned resid norm 2.529421640474e-23 true resid norm 2.529421640472e-23 ||r(i)||/||b|| 5.107353598573e-07
273 KSP unpreconditioned resid norm 2.439142863782e-23 true resid norm 2.439142863786e-23 ||r(i)||/||b|| 4.925064640653e-07
274 KSP unpreconditioned resid norm 2.335017466500e-23 true resid norm 2.335017466509e-23 ||r(i)||/||b|| 4.714816885206e-07
275 KSP unpreconditioned resid norm 2.214366925096e-23 true resid norm 2.214366925094e-23 ||r(i)||/||b|| 4.471201915284e-07
276 KSP unpreconditioned resid norm 2.077377243084e-23 true resid norm 2.077377243087e-23 ||r(i)||/||b|| 4.194595305232e-07
277 KSP unpreconditioned resid norm 1.910692452972e-23 true resid norm 1.910692452991e-23 ||r(i)||/||b|| 3.858028973661e-07
278 KSP unpreconditioned resid norm 1.727811690126e-23 true resid norm 1.727811690144e-23 ||r(i)||/||b|| 3.488760083378e-07
279 KSP unpreconditioned resid norm 1.586284260609e-23 true resid norm 1.586284260625e-23 ||r(i)||/||b|| 3.202990951461e-07
280 KSP unpreconditioned resid norm 1.492732942705e-23 true resid norm 1.492732942726e-23 ||r(i)||/||b|| 3.014094148937e-07
281 KSP unpreconditioned resid norm 1.420475659524e-23 true resid norm 1.420475659525e-23 ||r(i)||/||b|| 2.868193801808e-07
282 KSP unpreconditioned resid norm 1.370189720969e-23 true resid norm 1.370189720968e-23 ||r(i)||/||b|| 2.766657519704e-07
283 KSP unpreconditioned resid norm 1.328696138378e-23 true resid norm 1.328696138377e-23 ||r(i)||/||b|| 2.682874573051e-07
284 KSP unpreconditioned resid norm 1.294818350055e-23 true resid norm 1.294818350059e-23 ||r(i)||/||b|| 2.614469273868e-07
285 KSP unpreconditioned resid norm 1.268266305572e-23 true resid norm 1.268266305580e-23 ||r(i)||/||b|| 2.560855958575e-07
286 KSP unpreconditioned resid norm 1.250738977460e-23 true resid norm 1.250738977464e-23 ||r(i)||/||b|| 2.525465155835e-07
287 KSP unpreconditioned resid norm 1.235516636066e-23 true resid norm 1.235516636071e-23 ||r(i)||/||b|| 2.494728532550e-07
288 KSP unpreconditioned resid norm 1.223007592051e-23 true resid norm 1.223007592051e-23 ||r(i)||/||b|| 2.469470540774e-07
289 KSP unpreconditioned resid norm 1.207555242734e-23 true resid norm 1.207555242717e-23 ||r(i)||/||b|| 2.438269490418e-07
290 KSP unpreconditioned resid norm 1.190774594082e-23 true resid norm 1.190774594071e-23 ||r(i)||/||b|| 2.404386366751e-07
291 KSP unpreconditioned resid norm 1.179192104933e-23 true resid norm 1.183174053047e-23 ||r(i)||/||b|| 2.389039518315e-07
292 KSP unpreconditioned resid norm 1.177935478849e-23 true resid norm 1.178198448043e-23 ||r(i)||/||b|| 2.378992884050e-07
293 KSP unpreconditioned resid norm 1.177057042975e-23 true resid norm 1.181878736920e-23 ||r(i)||/||b|| 2.386424043939e-07
294 KSP unpreconditioned resid norm 1.176976223008e-23 true resid norm 1.182305503240e-23 ||r(i)||/||b|| 2.387285761285e-07
295 KSP unpreconditioned resid norm 1.176161136617e-23 true resid norm 1.188664910936e-23 ||r(i)||/||b|| 2.400126540087e-07
296 KSP unpreconditioned resid norm 1.175665820052e-23 true resid norm 1.190527447700e-23 ||r(i)||/||b|| 2.403887334132e-07
297 KSP unpreconditioned resid norm 1.174421940947e-23 true resid norm 1.199937028806e-23 ||r(i)||/||b|| 2.422886957270e-07
298 KSP unpreconditioned resid norm 1.174366697750e-23 true resid norm 1.199225903071e-23 ||r(i)||/||b|| 2.421451067529e-07
299 KSP unpreconditioned resid norm 1.173417471068e-23 true resid norm 1.208458567676e-23 ||r(i)||/||b|| 2.440093464684e-07
300 KSP unpreconditioned resid norm 1.211484019233e-23 true resid norm 1.211484019233e-23 ||r(i)||/||b|| 2.446202391187e-07
301 KSP unpreconditioned resid norm 1.197347880052e-23 true resid norm 1.197347880037e-23 ||r(i)||/||b|| 2.417659003942e-07
302 KSP unpreconditioned resid norm 1.186446358795e-23 true resid norm 1.186446358799e-23 ||r(i)||/||b|| 2.395646887481e-07
303 KSP unpreconditioned resid norm 1.176902730273e-23 true resid norm 1.176902730269e-23 ||r(i)||/||b|| 2.376376598679e-07
304 KSP unpreconditioned resid norm 1.165978829061e-23 true resid norm 1.165978829050e-23 ||r(i)||/||b|| 2.354319293044e-07
305 KSP unpreconditioned resid norm 1.151552123079e-23 true resid norm 1.151552123078e-23 ||r(i)||/||b|| 2.325189199634e-07
306 KSP unpreconditioned resid norm 1.134115953016e-23 true resid norm 1.134115953011e-23 ||r(i)||/||b|| 2.289982461259e-07
307 KSP unpreconditioned resid norm 1.118922682233e-23 true resid norm 1.118922682232e-23 ||r(i)||/||b|| 2.259304536730e-07
308 KSP unpreconditioned resid norm 1.098411727051e-23 true resid norm 1.098411727051e-23 ||r(i)||/||b|| 2.217889258598e-07
309 KSP unpreconditioned resid norm 1.074724612749e-23 true resid norm 1.074724612741e-23 ||r(i)||/||b|| 2.170060748485e-07
310 KSP unpreconditioned resid norm 1.044621360766e-23 true resid norm 1.044621360776e-23 ||r(i)||/||b|| 2.109276911662e-07
311 KSP unpreconditioned resid norm 1.016077761859e-23 true resid norm 1.016077761852e-23 ||r(i)||/||b|| 2.051642292606e-07
312 KSP unpreconditioned resid norm 9.909061752348e-24 true resid norm 9.909061752368e-24 ||r(i)||/||b|| 2.000816368045e-07
313 KSP unpreconditioned resid norm 9.681071235541e-24 true resid norm 9.681071235499e-24 ||r(i)||/||b|| 1.954781014819e-07
314 KSP unpreconditioned resid norm 9.473103325878e-24 true resid norm 9.473103325801e-24 ||r(i)||/||b|| 1.912788583229e-07
315 KSP unpreconditioned resid norm 9.269563788152e-24 true resid norm 9.269563788114e-24 ||r(i)||/||b|| 1.871690318961e-07
316 KSP unpreconditioned resid norm 9.045504354587e-24 true resid norm 9.045504354605e-24 ||r(i)||/||b|| 1.826448721605e-07
317 KSP unpreconditioned resid norm 8.777358668987e-24 true resid norm 8.777358668882e-24 ||r(i)||/||b|| 1.772305323327e-07
318 KSP unpreconditioned resid norm 8.462557341560e-24 true resid norm 8.462557341472e-24 ||r(i)||/||b|| 1.708741318550e-07
319 KSP unpreconditioned resid norm 8.165858264753e-24 true resid norm 8.165858264809e-24 ||r(i)||/||b|| 1.648832481184e-07
320 KSP unpreconditioned resid norm 7.905831747316e-24 true resid norm 7.905831747427e-24 ||r(i)||/||b|| 1.596328487859e-07
321 KSP unpreconditioned resid norm 7.667902749876e-24 true resid norm 7.667902749883e-24 ||r(i)||/||b|| 1.548286378060e-07
322 KSP unpreconditioned resid norm 7.411772629739e-24 true resid norm 7.411772629595e-24 ||r(i)||/||b|| 1.496569136828e-07
323 KSP unpreconditioned resid norm 7.191660718434e-24 true resid norm 7.191660718633e-24 ||r(i)||/||b|| 1.452124614707e-07
324 KSP unpreconditioned resid norm 6.887280566976e-24 true resid norm 6.887280567145e-24 ||r(i)||/||b|| 1.390664831286e-07
325 KSP unpreconditioned resid norm 6.582198456784e-24 true resid norm 6.582198456984e-24 ||r(i)||/||b|| 1.329063309885e-07
326 KSP unpreconditioned resid norm 6.209113019960e-24 true resid norm 6.209113019817e-24 ||r(i)||/||b|| 1.253730703426e-07
327 KSP unpreconditioned resid norm 5.872139634931e-24 true resid norm 5.872139634967e-24 ||r(i)||/||b|| 1.185689764652e-07
328 KSP unpreconditioned resid norm 5.545674563480e-24 true resid norm 5.545674563481e-24 ||r(i)||/||b|| 1.119770641838e-07
329 KSP unpreconditioned resid norm 5.275552313513e-24 true resid norm 5.275552313474e-24 ||r(i)||/||b|| 1.065228139965e-07
330 KSP unpreconditioned resid norm 5.067848430122e-24 true resid norm 5.067848430369e-24 ||r(i)||/||b|| 1.023289020056e-07
331 KSP unpreconditioned resid norm 4.885214610776e-24 true resid norm 4.885214610707e-24 ||r(i)||/||b|| 9.864119932625e-08
332 KSP unpreconditioned resid norm 4.699723921329e-24 true resid norm 4.699723921479e-24 ||r(i)||/||b|| 9.489581135308e-08
333 KSP unpreconditioned resid norm 4.516098318547e-24 true resid norm 4.516098318552e-24 ||r(i)||/||b|| 9.118808280007e-08
334 KSP unpreconditioned resid norm 4.341519171036e-24 true resid norm 4.341519171005e-24 ||r(i)||/||b|| 8.766301832211e-08
335 KSP unpreconditioned resid norm 4.153840435274e-24 true resid norm 4.153840435422e-24 ||r(i)||/||b|| 8.387344978907e-08
336 KSP unpreconditioned resid norm 3.966085477059e-24 true resid norm 3.966085476990e-24 ||r(i)||/||b|| 8.008234218070e-08
337 KSP unpreconditioned resid norm 3.795126380190e-24 true resid norm 3.795126380425e-24 ||r(i)||/||b|| 7.663037299105e-08
338 KSP unpreconditioned resid norm 3.639877663618e-24 true resid norm 3.639877663622e-24 ||r(i)||/||b|| 7.349562439972e-08
339 KSP unpreconditioned resid norm 3.503461672162e-24 true resid norm 3.503461672223e-24 ||r(i)||/||b|| 7.074114213615e-08
340 KSP unpreconditioned resid norm 3.384637210047e-24 true resid norm 3.384637210256e-24 ||r(i)||/||b|| 6.834186423912e-08
341 KSP unpreconditioned resid norm 3.258419659063e-24 true resid norm 3.258419658978e-24 ||r(i)||/||b|| 6.579330667794e-08
342 KSP unpreconditioned resid norm 3.116575184904e-24 true resid norm 3.116575184843e-24 ||r(i)||/||b|| 6.292921366230e-08
343 KSP unpreconditioned resid norm 2.954539189972e-24 true resid norm 2.954539189966e-24 ||r(i)||/||b|| 5.965741781660e-08
344 KSP unpreconditioned resid norm 2.813128621878e-24 true resid norm 2.813128621874e-24 ||r(i)||/||b|| 5.680208613813e-08
345 KSP unpreconditioned resid norm 2.692891992221e-24 true resid norm 2.692891992171e-24 ||r(i)||/||b|| 5.437429405489e-08
346 KSP unpreconditioned resid norm 2.593692126681e-24 true resid norm 2.593692126914e-24 ||r(i)||/||b|| 5.237127178017e-08
347 KSP unpreconditioned resid norm 2.485934700675e-24 true resid norm 2.485934700661e-24 ||r(i)||/||b|| 5.019545708032e-08
348 KSP unpreconditioned resid norm 2.379884747985e-24 true resid norm 2.379884747993e-24 ||r(i)||/||b|| 4.805411931869e-08
349 KSP unpreconditioned resid norm 2.252167034025e-24 true resid norm 2.252167033918e-24 ||r(i)||/||b|| 4.547527079400e-08
350 KSP unpreconditioned resid norm 2.109491138327e-24 true resid norm 2.109491138275e-24 ||r(i)||/||b|| 4.259438989466e-08
351 KSP unpreconditioned resid norm 1.978253067877e-24 true resid norm 1.978253067449e-24 ||r(i)||/||b|| 3.994445908606e-08
352 KSP unpreconditioned resid norm 1.883405357789e-24 true resid norm 1.883405357878e-24 ||r(i)||/||b|| 3.802931459990e-08
353 KSP unpreconditioned resid norm 1.816142958450e-24 true resid norm 1.816142958938e-24 ||r(i)||/||b|| 3.667116675385e-08
354 KSP unpreconditioned resid norm 1.751353978913e-24 true resid norm 1.751353979234e-24 ||r(i)||/||b|| 3.536296165533e-08
355 KSP unpreconditioned resid norm 1.690956558571e-24 true resid norm 1.690956558896e-24 ||r(i)||/||b|| 3.414342997594e-08
356 KSP unpreconditioned resid norm 1.633624989646e-24 true resid norm 1.633624989853e-24 ||r(i)||/||b|| 3.298580330438e-08
357 KSP unpreconditioned resid norm 1.583211446235e-24 true resid norm 1.583211446116e-24 ||r(i)||/||b|| 3.196786390708e-08
358 KSP unpreconditioned resid norm 1.524889961028e-24 true resid norm 1.524889961448e-24 ||r(i)||/||b|| 3.079024907280e-08
359 KSP unpreconditioned resid norm 1.456224774574e-24 true resid norm 1.456224774833e-24 ||r(i)||/||b|| 2.940377644072e-08
360 KSP unpreconditioned resid norm 1.387178047262e-24 true resid norm 1.387178047280e-24 ||r(i)||/||b|| 2.800959981632e-08
361 KSP unpreconditioned resid norm 1.325603241676e-24 true resid norm 1.325603241680e-24 ||r(i)||/||b|| 2.676629462776e-08
362 KSP unpreconditioned resid norm 1.282706968469e-24 true resid norm 1.282706968737e-24 ||r(i)||/||b|| 2.590014234033e-08
363 KSP unpreconditioned resid norm 1.246442219203e-24 true resid norm 1.246442219380e-24 ||r(i)||/||b|| 2.516789234623e-08
364 KSP unpreconditioned resid norm 1.216517099913e-24 true resid norm 1.216517100022e-24 ||r(i)||/||b|| 2.456365079315e-08
365 KSP unpreconditioned resid norm 1.192321733915e-24 true resid norm 1.192321734276e-24 ||r(i)||/||b|| 2.407510318871e-08
366 KSP unpreconditioned resid norm 1.170096577492e-24 true resid norm 1.170096577860e-24 ||r(i)||/||b|| 2.362633762592e-08
367 KSP unpreconditioned resid norm 1.149680299996e-24 true resid norm 1.149680299723e-24 ||r(i)||/||b|| 2.321409654304e-08
368 KSP unpreconditioned resid norm 1.131393856092e-24 true resid norm 1.131393856718e-24 ||r(i)||/||b|| 2.284486063160e-08
369 KSP unpreconditioned resid norm 1.121223651485e-24 true resid norm 1.121223651545e-24 ||r(i)||/||b|| 2.263950604319e-08
370 KSP unpreconditioned resid norm 1.113248519602e-24 true resid norm 1.113248519649e-24 ||r(i)||/||b|| 2.247847390075e-08
371 KSP unpreconditioned resid norm 1.106543510057e-24 true resid norm 1.106543510262e-24 ||r(i)||/||b|| 2.234308779796e-08
372 KSP unpreconditioned resid norm 1.097986972120e-24 true resid norm 1.097986972767e-24 ||r(i)||/||b|| 2.217031603912e-08
373 KSP unpreconditioned resid norm 1.087467239840e-24 true resid norm 1.087467240291e-24 ||r(i)||/||b|| 2.195790387083e-08
374 KSP unpreconditioned resid norm 1.073477988424e-24 true resid norm 1.073477989199e-24 ||r(i)||/||b|| 2.167543593129e-08
375 KSP unpreconditioned resid norm 1.060494579515e-24 true resid norm 1.060494579336e-24 ||r(i)||/||b|| 2.141327772077e-08
376 KSP unpreconditioned resid norm 1.045783571331e-24 true resid norm 1.045783571548e-24 ||r(i)||/||b|| 2.111623622575e-08
377 KSP unpreconditioned resid norm 1.029585010032e-24 true resid norm 1.029585010176e-24 ||r(i)||/||b|| 2.078915836972e-08
378 KSP unpreconditioned resid norm 1.013298755933e-24 true resid norm 1.013298756181e-24 ||r(i)||/||b|| 2.046030984318e-08
379 KSP unpreconditioned resid norm 9.986305737076e-25 true resid norm 9.986305737708e-25 ||r(i)||/||b|| 2.016413306894e-08
  Linear solve converged due to CONVERGED_ATOL iterations 379
Mat Object: 1 MPI process
  type: seqaijcusparse
  rows=281452, cols=281452, bs=4
  total: nonzeros=15993520, allocated nonzeros=15993520
  total number of mallocs used during MatSetValues calls=0
    not using I-node routines
Vec Object: 1 MPI process
  type: seqcuda
  length=281452, bs=4
Vec Object: 1 MPI process
  type: seqcuda
  length=281452, bs=4
KSP Object: 1 MPI process
  type: gmres
    restart=100, using classical (unmodified) Gram-Schmidt orthogonalization with no iterative refinement
    happy breakdown tolerance=1e-30
  maximum iterations=2000, initial guess is zero
  tolerances: relative=1e-10, absolute=1e-24, divergence=10000.
  right preconditioning
  diagonally scaled system
  using UNPRECONDITIONED norm type for convergence test
PC Object: 1 MPI process
  type: asm
    total subdomain blocks = 1, amount of overlap = 2
    restriction/interpolation type - RESTRICT
    Local solver information for first block is in the following KSP and PC objects on rank 0:
    Use -ksp_view ::ascii_info_detail to display information for all blocks
    KSP Object: (sub_) 1 MPI process
      type: preonly
      maximum iterations=10000, initial guess is zero
      tolerances: relative=1e-05, absolute=1e-50, divergence=10000.
      left preconditioning
      not checking for convergence
    PC Object: (sub_) 1 MPI process
      type: ilu
        out-of-place factorization
        2 levels of fill
        tolerance for zero pivot 2.22045e-14
        matrix ordering: natural
        factor fill ratio given 1., needed 4.996
          Factored matrix:
            Mat Object: (sub_) 1 MPI process
              type: seqaijcusparse
              rows=281452, cols=281452, bs=4
              package used to perform factorization: cusparse
              total: nonzeros=79903664, allocated nonzeros=79903664
                using I-node routines: found 70363 nodes, limit used is 5
      linear system matrix, which is also used to construct the preconditioner:
      Mat Object: (sub_) 1 MPI process
        type: seqaijcusparse
        rows=281452, cols=281452, bs=4
        total: nonzeros=15993520, allocated nonzeros=15993520
        total number of mallocs used during MatSetValues calls=0
          not using I-node routines
  linear system matrix, which is also used to construct the preconditioner:
  Mat Object: 1 MPI process
    type: seqaijcusparse
    rows=281452, cols=281452, bs=4
    total: nonzeros=15993520, allocated nonzeros=15993520
    total number of mallocs used during MatSetValues calls=0
      not using I-node routines
SV13Q_END logical=11 attempt=0 step=66 reason=3 iterations=379 healthy=1 ref=316 ratio=1.1993670886075949 pending=0 recovery=NONE
 NS     66-1    2.374e+03 [   0  1.000e+00  4.912e-14  2.016e-08] [  379 -177   69]
Vec Object: 1 MPI process
  type: seqcuda
  length=281452, bs=4
Mat Object: 1 MPI process
  type: seqaijcusparse
  rows=281452, cols=281452, bs=4
  total: nonzeros=15993520, allocated nonzeros=15993520
  total number of mallocs used during MatSetValues calls=0
    not using I-node routines
Mat Object: 1 MPI process
  type: seqaijcusparse
  rows=281452, cols=281452, bs=4
  total: nonzeros=15993520, allocated nonzeros=15993520
  total number of mallocs used during MatSetValues calls=0
    not using I-node routines
SV13Q_BEGIN logical=12 attempt=0 step=66 equation=0 policy=R3 reuse=1 age=2 ref=316 rebuild_reason=REUSE builds=2 attempts=12 ksp=0x55e693816a00 pc=0x55e6952d3390
  0 KSP unpreconditioned resid norm 3.110552013357e-17 true resid norm 3.110552013357e-17 ||r(i)||/||b|| 1.000000000000e+00
  1 KSP unpreconditioned resid norm 1.936399976082e-18 true resid norm 1.936399976082e-18 ||r(i)||/||b|| 6.225261521964e-02
  2 KSP unpreconditioned resid norm 6.349329561768e-19 true resid norm 6.349329561768e-19 ||r(i)||/||b|| 2.041222758695e-02
  3 KSP unpreconditioned resid norm 3.143663986378e-19 true resid norm 3.143663986378e-19 ||r(i)||/||b|| 1.010645047207e-02
  4 KSP unpreconditioned resid norm 1.918441342816e-19 true resid norm 1.918441342816e-19 ||r(i)||/||b|| 6.167526968134e-03
  5 KSP unpreconditioned resid norm 1.330434461963e-19 true resid norm 1.330434461963e-19 ||r(i)||/||b|| 4.277165134195e-03
  6 KSP unpreconditioned resid norm 9.764214534920e-20 true resid norm 9.764214534920e-20 ||r(i)||/||b|| 3.139061649826e-03
  7 KSP unpreconditioned resid norm 7.303804511341e-20 true resid norm 7.303804511341e-20 ||r(i)||/||b|| 2.348073422331e-03
  8 KSP unpreconditioned resid norm 5.769398628122e-20 true resid norm 5.769398628122e-20 ||r(i)||/||b|| 1.854782882057e-03
  9 KSP unpreconditioned resid norm 4.675207939167e-20 true resid norm 4.675207939167e-20 ||r(i)||/||b|| 1.503015515925e-03
 10 KSP unpreconditioned resid norm 3.873226249072e-20 true resid norm 3.873226249072e-20 ||r(i)||/||b|| 1.245189353028e-03
 11 KSP unpreconditioned resid norm 3.329489975313e-20 true resid norm 3.329489975313e-20 ||r(i)||/||b|| 1.070385565332e-03
 12 KSP unpreconditioned resid norm 2.943691323389e-20 true resid norm 2.943691323389e-20 ||r(i)||/||b|| 9.463565665351e-04
 13 KSP unpreconditioned resid norm 2.623716521906e-20 true resid norm 2.623716521906e-20 ||r(i)||/||b|| 8.434890368782e-04
 14 KSP unpreconditioned resid norm 2.371439315023e-20 true resid norm 2.371439315023e-20 ||r(i)||/||b|| 7.623853595246e-04
 15 KSP unpreconditioned resid norm 2.217592166464e-20 true resid norm 2.217592166464e-20 ||r(i)||/||b|| 7.129256019323e-04
 16 KSP unpreconditioned resid norm 2.073362291528e-20 true resid norm 2.073362291528e-20 ||r(i)||/||b|| 6.665576664930e-04
 17 KSP unpreconditioned resid norm 1.932029932113e-20 true resid norm 1.932029932113e-20 ||r(i)||/||b|| 6.211212427300e-04
 18 KSP unpreconditioned resid norm 1.765662825869e-20 true resid norm 1.765662825869e-20 ||r(i)||/||b|| 5.676364896929e-04
 19 KSP unpreconditioned resid norm 1.603044114256e-20 true resid norm 1.603044114256e-20 ||r(i)||/||b|| 5.153567943479e-04
 20 KSP unpreconditioned resid norm 1.463055419722e-20 true resid norm 1.463055419722e-20 ||r(i)||/||b|| 4.703523404975e-04
 21 KSP unpreconditioned resid norm 1.328954728135e-20 true resid norm 1.328954728135e-20 ||r(i)||/||b|| 4.272407991986e-04
 22 KSP unpreconditioned resid norm 1.213606636192e-20 true resid norm 1.213606636192e-20 ||r(i)||/||b|| 3.901579626319e-04
 23 KSP unpreconditioned resid norm 1.125651079802e-20 true resid norm 1.125651079802e-20 ||r(i)||/||b|| 3.618814522207e-04
 24 KSP unpreconditioned resid norm 1.063931218978e-20 true resid norm 1.063931218978e-20 ||r(i)||/||b|| 3.420393597052e-04
 25 KSP unpreconditioned resid norm 1.021388216157e-20 true resid norm 1.021388216157e-20 ||r(i)||/||b|| 3.283623651916e-04
 26 KSP unpreconditioned resid norm 9.817287438918e-21 true resid norm 9.817287438918e-21 ||r(i)||/||b|| 3.156123863791e-04
 27 KSP unpreconditioned resid norm 9.542451136773e-21 true resid norm 9.542451136773e-21 ||r(i)||/||b|| 3.067767745338e-04
 28 KSP unpreconditioned resid norm 9.261031150882e-21 true resid norm 9.261031150882e-21 ||r(i)||/||b|| 2.977295062457e-04
 29 KSP unpreconditioned resid norm 8.958539439693e-21 true resid norm 8.958539439693e-21 ||r(i)||/||b|| 2.880048107610e-04
 30 KSP unpreconditioned resid norm 8.652463630030e-21 true resid norm 8.652463630030e-21 ||r(i)||/||b|| 2.781648914043e-04
 31 KSP unpreconditioned resid norm 8.355177888314e-21 true resid norm 8.355177888314e-21 ||r(i)||/||b|| 2.686075607299e-04
 32 KSP unpreconditioned resid norm 8.144825766078e-21 true resid norm 8.144825766078e-21 ||r(i)||/||b|| 2.618450272204e-04
 33 KSP unpreconditioned resid norm 7.981951524957e-21 true resid norm 7.981951524957e-21 ||r(i)||/||b|| 2.566088427611e-04
 34 KSP unpreconditioned resid norm 7.876176518161e-21 true resid norm 7.876176518161e-21 ||r(i)||/||b|| 2.532083207206e-04
 35 KSP unpreconditioned resid norm 7.793113357823e-21 true resid norm 7.793113357823e-21 ||r(i)||/||b|| 2.505379535323e-04
 36 KSP unpreconditioned resid norm 7.705673314087e-21 true resid norm 7.705673314087e-21 ||r(i)||/||b|| 2.477268755191e-04
 37 KSP unpreconditioned resid norm 7.610151440609e-21 true resid norm 7.610151440610e-21 ||r(i)||/||b|| 2.446559777149e-04
 38 KSP unpreconditioned resid norm 7.502858198310e-21 true resid norm 7.502858198310e-21 ||r(i)||/||b|| 2.412066464760e-04
 39 KSP unpreconditioned resid norm 7.411295033583e-21 true resid norm 7.411295033583e-21 ||r(i)||/||b|| 2.382630157528e-04
 40 KSP unpreconditioned resid norm 7.306064063178e-21 true resid norm 7.306064063178e-21 ||r(i)||/||b|| 2.348799837394e-04
 41 KSP unpreconditioned resid norm 7.210441460443e-21 true resid norm 7.210441460443e-21 ||r(i)||/||b|| 2.318058476271e-04
 42 KSP unpreconditioned resid norm 7.109369170374e-21 true resid norm 7.109369170374e-21 ||r(i)||/||b|| 2.285565115081e-04
 43 KSP unpreconditioned resid norm 7.000674466079e-21 true resid norm 7.000674466080e-21 ||r(i)||/||b|| 2.250621251796e-04
 44 KSP unpreconditioned resid norm 6.874962483808e-21 true resid norm 6.874962483808e-21 ||r(i)||/||b|| 2.210206566001e-04
 45 KSP unpreconditioned resid norm 6.749102857766e-21 true resid norm 6.749102857767e-21 ||r(i)||/||b|| 2.169744414749e-04
 46 KSP unpreconditioned resid norm 6.637556563455e-21 true resid norm 6.637556563456e-21 ||r(i)||/||b|| 2.133883804210e-04
 47 KSP unpreconditioned resid norm 6.516512795743e-21 true resid norm 6.516512795743e-21 ||r(i)||/||b|| 2.094969885654e-04
 48 KSP unpreconditioned resid norm 6.381578081894e-21 true resid norm 6.381578081895e-21 ||r(i)||/||b|| 2.051590217586e-04
 49 KSP unpreconditioned resid norm 6.242949815575e-21 true resid norm 6.242949815576e-21 ||r(i)||/||b|| 2.007023122831e-04
 50 KSP unpreconditioned resid norm 6.119624029731e-21 true resid norm 6.119624029732e-21 ||r(i)||/||b|| 1.967375566605e-04
 51 KSP unpreconditioned resid norm 5.980597772677e-21 true resid norm 5.980597772678e-21 ||r(i)||/||b|| 1.922680523263e-04
 52 KSP unpreconditioned resid norm 5.833831955678e-21 true resid norm 5.833831955679e-21 ||r(i)||/||b|| 1.875497317077e-04
 53 KSP unpreconditioned resid norm 5.685290128867e-21 true resid norm 5.685290128867e-21 ||r(i)||/||b|| 1.827743147986e-04
 54 KSP unpreconditioned resid norm 5.523603515811e-21 true resid norm 5.523603515812e-21 ||r(i)||/||b|| 1.775763109600e-04
 55 KSP unpreconditioned resid norm 5.392772278384e-21 true resid norm 5.392772278385e-21 ||r(i)||/||b|| 1.733702653171e-04
 56 KSP unpreconditioned resid norm 5.237463280063e-21 true resid norm 5.237463280064e-21 ||r(i)||/||b|| 1.683772930841e-04
 57 KSP unpreconditioned resid norm 5.066680207446e-21 true resid norm 5.066680207447e-21 ||r(i)||/||b|| 1.628868504912e-04
 58 KSP unpreconditioned resid norm 4.857271728745e-21 true resid norm 4.857271728747e-21 ||r(i)||/||b|| 1.561546538328e-04
 59 KSP unpreconditioned resid norm 4.655216599444e-21 true resid norm 4.655216599447e-21 ||r(i)||/||b|| 1.496588573172e-04
 60 KSP unpreconditioned resid norm 4.446331836924e-21 true resid norm 4.446331836927e-21 ||r(i)||/||b|| 1.429434974189e-04
 61 KSP unpreconditioned resid norm 4.237023627230e-21 true resid norm 4.237023627233e-21 ||r(i)||/||b|| 1.362145242722e-04
 62 KSP unpreconditioned resid norm 4.027715646888e-21 true resid norm 4.027715646892e-21 ||r(i)||/||b|| 1.294855584988e-04
 63 KSP unpreconditioned resid norm 3.825429680412e-21 true resid norm 3.825429680414e-21 ||r(i)||/||b|| 1.229823408831e-04
 64 KSP unpreconditioned resid norm 3.679905305190e-21 true resid norm 3.679905305192e-21 ||r(i)||/||b|| 1.183039309226e-04
 65 KSP unpreconditioned resid norm 3.563519014272e-21 true resid norm 3.563519014273e-21 ||r(i)||/||b|| 1.145622705864e-04
 66 KSP unpreconditioned resid norm 3.450945445191e-21 true resid norm 3.450945445192e-21 ||r(i)||/||b|| 1.109431840514e-04
 67 KSP unpreconditioned resid norm 3.357145880454e-21 true resid norm 3.357145880455e-21 ||r(i)||/||b|| 1.079276561215e-04
 68 KSP unpreconditioned resid norm 3.274386558129e-21 true resid norm 3.274386558130e-21 ||r(i)||/||b|| 1.052670569105e-04
 69 KSP unpreconditioned resid norm 3.199561316930e-21 true resid norm 3.199561316932e-21 ||r(i)||/||b|| 1.028615275743e-04
 70 KSP unpreconditioned resid norm 3.107536686179e-21 true resid norm 3.107536686181e-21 ||r(i)||/||b|| 9.990306134850e-05
 71 KSP unpreconditioned resid norm 2.999029940724e-21 true resid norm 2.999029940727e-21 ||r(i)||/||b|| 9.641471764011e-05
 72 KSP unpreconditioned resid norm 2.873366552515e-21 true resid norm 2.873366552518e-21 ||r(i)||/||b|| 9.237481129328e-05
 73 KSP unpreconditioned resid norm 2.743239948201e-21 true resid norm 2.743239948203e-21 ||r(i)||/||b|| 8.819141864285e-05
 74 KSP unpreconditioned resid norm 2.606258685698e-21 true resid norm 2.606258685701e-21 ||r(i)||/||b|| 8.378765809120e-05
 75 KSP unpreconditioned resid norm 2.481643357600e-21 true resid norm 2.481643357602e-21 ||r(i)||/||b|| 7.978144544588e-05
 76 KSP unpreconditioned resid norm 2.365240904914e-21 true resid norm 2.365240904917e-21 ||r(i)||/||b|| 7.603926553102e-05
 77 KSP unpreconditioned resid norm 2.267047910558e-21 true resid norm 2.267047910562e-21 ||r(i)||/||b|| 7.288249483780e-05
 78 KSP unpreconditioned resid norm 2.176064616046e-21 true resid norm 2.176064616052e-21 ||r(i)||/||b|| 6.995750615029e-05
 79 KSP unpreconditioned resid norm 2.094862081821e-21 true resid norm 2.094862081829e-21 ||r(i)||/||b|| 6.734695555108e-05
 80 KSP unpreconditioned resid norm 2.029146607058e-21 true resid norm 2.029146607067e-21 ||r(i)||/||b|| 6.523429276713e-05
 81 KSP unpreconditioned resid norm 1.951328464762e-21 true resid norm 1.951328464772e-21 ||r(i)||/||b|| 6.273254574728e-05
 82 KSP unpreconditioned resid norm 1.856743316627e-21 true resid norm 1.856743316637e-21 ||r(i)||/||b|| 5.969176238378e-05
 83 KSP unpreconditioned resid norm 1.738007287088e-21 true resid norm 1.738007287097e-21 ||r(i)||/||b|| 5.587456115935e-05
 84 KSP unpreconditioned resid norm 1.619329933784e-21 true resid norm 1.619329933789e-21 ||r(i)||/||b|| 5.205924629569e-05
 85 KSP unpreconditioned resid norm 1.506490026508e-21 true resid norm 1.506490026509e-21 ||r(i)||/||b|| 4.843159735120e-05
 86 KSP unpreconditioned resid norm 1.426544265843e-21 true resid norm 1.426544265842e-21 ||r(i)||/||b|| 4.586145030582e-05
 87 KSP unpreconditioned resid norm 1.354746152206e-21 true resid norm 1.354746152206e-21 ||r(i)||/||b|| 4.355323898745e-05
 88 KSP unpreconditioned resid norm 1.294998753832e-21 true resid norm 1.294998753836e-21 ||r(i)||/||b|| 4.163244171051e-05
 89 KSP unpreconditioned resid norm 1.240668575510e-21 true resid norm 1.240668575520e-21 ||r(i)||/||b|| 3.988580066150e-05
 90 KSP unpreconditioned resid norm 1.218584222164e-21 true resid norm 1.218577117819e-21 ||r(i)||/||b|| 3.917559046066e-05
 91 KSP unpreconditioned resid norm 1.201149947996e-21 true resid norm 1.229668387344e-21 ||r(i)||/||b|| 3.953215963159e-05
 92 KSP unpreconditioned resid norm 1.185010399134e-21 true resid norm 1.271334564034e-21 ||r(i)||/||b|| 4.087167032009e-05
 93 KSP unpreconditioned resid norm 1.134894048467e-21 true resid norm 1.340730522124e-21 ||r(i)||/||b|| 4.310265561760e-05
 94 KSP unpreconditioned resid norm 1.111368945755e-21 true resid norm 1.437498887535e-21 ||r(i)||/||b|| 4.621362643549e-05
 95 KSP unpreconditioned resid norm 1.077088564199e-21 true resid norm 1.551880669110e-21 ||r(i)||/||b|| 4.989084453325e-05
 96 KSP unpreconditioned resid norm 1.054281674812e-21 true resid norm 1.663857801166e-21 ||r(i)||/||b|| 5.349075643233e-05
 97 KSP unpreconditioned resid norm 1.033052794559e-21 true resid norm 1.774650156182e-21 ||r(i)||/||b|| 5.705257936731e-05
 98 KSP unpreconditioned resid norm 1.014220505050e-21 true resid norm 1.881261476534e-21 ||r(i)||/||b|| 6.047998774674e-05
 99 KSP unpreconditioned resid norm 9.906057535973e-22 true resid norm 1.987435557110e-21 ||r(i)||/||b|| 6.389333946436e-05
100 KSP unpreconditioned resid norm 2.086637381942e-21 true resid norm 2.086637381942e-21 ||r(i)||/||b|| 6.708254267993e-05
101 KSP unpreconditioned resid norm 1.140914529298e-21 true resid norm 1.140914529298e-21 ||r(i)||/||b|| 3.667884428225e-05
102 KSP unpreconditioned resid norm 1.078085290941e-21 true resid norm 1.078085290941e-21 ||r(i)||/||b|| 3.465897005779e-05
103 KSP unpreconditioned resid norm 1.041839065148e-21 true resid norm 1.041839065148e-21 ||r(i)||/||b|| 3.349370339007e-05
104 KSP unpreconditioned resid norm 1.021341102013e-21 true resid norm 1.021341102013e-21 ||r(i)||/||b|| 3.283472186375e-05
105 KSP unpreconditioned resid norm 1.010052366457e-21 true resid norm 1.010052366457e-21 ||r(i)||/||b|| 3.247180442954e-05
106 KSP unpreconditioned resid norm 1.002968311593e-21 true resid norm 1.002968311593e-21 ||r(i)||/||b|| 3.224406173844e-05
107 KSP unpreconditioned resid norm 9.978821032599e-22 true resid norm 9.978821032599e-22 ||r(i)||/||b|| 3.208054708537e-05
108 KSP unpreconditioned resid norm 9.929651936558e-22 true resid norm 9.929651936558e-22 ||r(i)||/||b|| 3.192247515527e-05
109 KSP unpreconditioned resid norm 9.879008497065e-22 true resid norm 9.879008497065e-22 ||r(i)||/||b|| 3.175966341229e-05
110 KSP unpreconditioned resid norm 9.795744042325e-22 true resid norm 9.795744042325e-22 ||r(i)||/||b|| 3.149197955945e-05
111 KSP unpreconditioned resid norm 9.659451757665e-22 true resid norm 9.659451757665e-22 ||r(i)||/||b|| 3.105381847398e-05
112 KSP unpreconditioned resid norm 9.444988483105e-22 true resid norm 9.444988483106e-22 ||r(i)||/||b|| 3.036434832965e-05
113 KSP unpreconditioned resid norm 9.127621416707e-22 true resid norm 9.127621416707e-22 ||r(i)||/||b|| 2.934405654531e-05
114 KSP unpreconditioned resid norm 8.745045398818e-22 true resid norm 8.745045398818e-22 ||r(i)||/||b|| 2.811412688573e-05
115 KSP unpreconditioned resid norm 8.443383823857e-22 true resid norm 8.443383823857e-22 ||r(i)||/||b|| 2.714432611189e-05
116 KSP unpreconditioned resid norm 8.101494821362e-22 true resid norm 8.101494821362e-22 ||r(i)||/||b|| 2.604519965129e-05
117 KSP unpreconditioned resid norm 7.827068873737e-22 true resid norm 7.827068873738e-22 ||r(i)||/||b|| 2.516295770052e-05
118 KSP unpreconditioned resid norm 7.525635105356e-22 true resid norm 7.525635105356e-22 ||r(i)||/||b|| 2.419388929373e-05
119 KSP unpreconditioned resid norm 7.177186635655e-22 true resid norm 7.177186635655e-22 ||r(i)||/||b|| 2.307367504171e-05
120 KSP unpreconditioned resid norm 6.701601339952e-22 true resid norm 6.701601339953e-22 ||r(i)||/||b|| 2.154473325370e-05
121 KSP unpreconditioned resid norm 6.191950762343e-22 true resid norm 6.191950762344e-22 ||r(i)||/||b|| 1.990627623571e-05
122 KSP unpreconditioned resid norm 5.750065863516e-22 true resid norm 5.750065863516e-22 ||r(i)||/||b|| 1.848567662211e-05
123 KSP unpreconditioned resid norm 5.376061467362e-22 true resid norm 5.376061467362e-22 ||r(i)||/||b|| 1.728330355601e-05
124 KSP unpreconditioned resid norm 5.050777828336e-22 true resid norm 5.050777828337e-22 ||r(i)||/||b|| 1.623756107163e-05
125 KSP unpreconditioned resid norm 4.777748238599e-22 true resid norm 4.777748238598e-22 ||r(i)||/||b|| 1.535980822080e-05
126 KSP unpreconditioned resid norm 4.550552012394e-22 true resid norm 4.550552012394e-22 ||r(i)||/||b|| 1.462940337552e-05
127 KSP unpreconditioned resid norm 4.377133482164e-22 true resid norm 4.377133482163e-22 ||r(i)||/||b|| 1.407188647985e-05
128 KSP unpreconditioned resid norm 4.213508109174e-22 true resid norm 4.213508109173e-22 ||r(i)||/||b|| 1.354585324753e-05
129 KSP unpreconditioned resid norm 4.065846265410e-22 true resid norm 4.065846265410e-22 ||r(i)||/||b|| 1.307114058196e-05
130 KSP unpreconditioned resid norm 3.909943770999e-22 true resid norm 3.909943770999e-22 ||r(i)||/||b|| 1.256993534977e-05
131 KSP unpreconditioned resid norm 3.750508443160e-22 true resid norm 3.750508443160e-22 ||r(i)||/||b|| 1.205737254048e-05
132 KSP unpreconditioned resid norm 3.561601292825e-22 true resid norm 3.561601292825e-22 ||r(i)||/||b|| 1.145006184604e-05
133 KSP unpreconditioned resid norm 3.394449932755e-22 true resid norm 3.394449932756e-22 ||r(i)||/||b|| 1.091269304670e-05
134 KSP unpreconditioned resid norm 3.243612745143e-22 true resid norm 3.243612745143e-22 ||r(i)||/||b|| 1.042777208423e-05
135 KSP unpreconditioned resid norm 3.115945235482e-22 true resid norm 3.115945235482e-22 ||r(i)||/||b|| 1.001733847273e-05
136 KSP unpreconditioned resid norm 2.982822531854e-22 true resid norm 2.982822531854e-22 ||r(i)||/||b|| 9.589367157487e-06
137 KSP unpreconditioned resid norm 2.865825328396e-22 true resid norm 2.865825328396e-22 ||r(i)||/||b|| 9.213237123475e-06
138 KSP unpreconditioned resid norm 2.766660591828e-22 true resid norm 2.766660591828e-22 ||r(i)||/||b|| 8.894436035623e-06
139 KSP unpreconditioned resid norm 2.668938735835e-22 true resid norm 2.668938735836e-22 ||r(i)||/||b|| 8.580273611805e-06
140 KSP unpreconditioned resid norm 2.597929407649e-22 true resid norm 2.597929407650e-22 ||r(i)||/||b|| 8.351988317488e-06
141 KSP unpreconditioned resid norm 2.529738033201e-22 true resid norm 2.529738033201e-22 ||r(i)||/||b|| 8.132762359666e-06
142 KSP unpreconditioned resid norm 2.469000981775e-22 true resid norm 2.469000981776e-22 ||r(i)||/||b|| 7.937501032530e-06
143 KSP unpreconditioned resid norm 2.406527528744e-22 true resid norm 2.406527528744e-22 ||r(i)||/||b|| 7.736657411322e-06
144 KSP unpreconditioned resid norm 2.338721437381e-22 true resid norm 2.338721437381e-22 ||r(i)||/||b|| 7.518670086011e-06
145 KSP unpreconditioned resid norm 2.265488744241e-22 true resid norm 2.265488744242e-22 ||r(i)||/||b|| 7.283236976954e-06
146 KSP unpreconditioned resid norm 2.177149514079e-22 true resid norm 2.177149514079e-22 ||r(i)||/||b|| 6.999238414051e-06
147 KSP unpreconditioned resid norm 2.110173475144e-22 true resid norm 2.110173475144e-22 ||r(i)||/||b|| 6.783919593959e-06
148 KSP unpreconditioned resid norm 2.047383606502e-22 true resid norm 2.047383606502e-22 ||r(i)||/||b|| 6.582058739767e-06
149 KSP unpreconditioned resid norm 1.996127730810e-22 true resid norm 1.996127730811e-22 ||r(i)||/||b|| 6.417278098032e-06
150 KSP unpreconditioned resid norm 1.947631472652e-22 true resid norm 1.947631472652e-22 ||r(i)||/||b|| 6.261369249858e-06
151 KSP unpreconditioned resid norm 1.900560566146e-22 true resid norm 1.900560566146e-22 ||r(i)||/||b|| 6.110042712626e-06
152 KSP unpreconditioned resid norm 1.846746674126e-22 true resid norm 1.846746674126e-22 ||r(i)||/||b|| 5.937038397674e-06
153 KSP unpreconditioned resid norm 1.788711797035e-22 true resid norm 1.788711797035e-22 ||r(i)||/||b|| 5.750464192061e-06
154 KSP unpreconditioned resid norm 1.729289637047e-22 true resid norm 1.729289637046e-22 ||r(i)||/||b|| 5.559430061354e-06
155 KSP unpreconditioned resid norm 1.676751083825e-22 true resid norm 1.676751083826e-22 ||r(i)||/||b|| 5.390525786504e-06
156 KSP unpreconditioned resid norm 1.633482555133e-22 true resid norm 1.633482555133e-22 ||r(i)||/||b|| 5.251423374754e-06
157 KSP unpreconditioned resid norm 1.600255846272e-22 true resid norm 1.600255846272e-22 ||r(i)||/||b|| 5.144604042627e-06
158 KSP unpreconditioned resid norm 1.575687589233e-22 true resid norm 1.575687589233e-22 ||r(i)||/||b|| 5.065620450862e-06
159 KSP unpreconditioned resid norm 1.550203665451e-22 true resid norm 1.550203665451e-22 ||r(i)||/||b|| 4.983693115545e-06
160 KSP unpreconditioned resid norm 1.527157876077e-22 true resid norm 1.527157876078e-22 ||r(i)||/||b|| 4.909604049443e-06
161 KSP unpreconditioned resid norm 1.499326267348e-22 true resid norm 1.499326267348e-22 ||r(i)||/||b|| 4.820129227576e-06
162 KSP unpreconditioned resid norm 1.471092341581e-22 true resid norm 1.471092341582e-22 ||r(i)||/||b|| 4.729361011374e-06
163 KSP unpreconditioned resid norm 1.438668643715e-22 true resid norm 1.438668643717e-22 ||r(i)||/||b|| 4.625123249953e-06
164 KSP unpreconditioned resid norm 1.398165921801e-22 true resid norm 1.398165921801e-22 ||r(i)||/||b|| 4.494912529344e-06
165 KSP unpreconditioned resid norm 1.359752048238e-22 true resid norm 1.359752048239e-22 ||r(i)||/||b|| 4.371417170973e-06
166 KSP unpreconditioned resid norm 1.332975908574e-22 true resid norm 1.332975908575e-22 ||r(i)||/||b|| 4.285335538038e-06
167 KSP unpreconditioned resid norm 1.314614336181e-22 true resid norm 1.314614336183e-22 ||r(i)||/||b|| 4.226305589934e-06
168 KSP unpreconditioned resid norm 1.298817934874e-22 true resid norm 1.298817934875e-22 ||r(i)||/||b|| 4.175522316610e-06
169 KSP unpreconditioned resid norm 1.285318499524e-22 true resid norm 1.285318499525e-22 ||r(i)||/||b|| 4.132123475209e-06
170 KSP unpreconditioned resid norm 1.267787375092e-22 true resid norm 1.267787375094e-22 ||r(i)||/||b|| 4.075763303908e-06
171 KSP unpreconditioned resid norm 1.249201812516e-22 true resid norm 1.249201812517e-22 ||r(i)||/||b|| 4.016013257946e-06
172 KSP unpreconditioned resid norm 1.230793185106e-22 true resid norm 1.230793185107e-22 ||r(i)||/||b|| 3.956832034385e-06
173 KSP unpreconditioned resid norm 1.211238664865e-22 true resid norm 1.211238664865e-22 ||r(i)||/||b|| 3.893966921833e-06
174 KSP unpreconditioned resid norm 1.190845959798e-22 true resid norm 1.190845959800e-22 ||r(i)||/||b|| 3.828407159522e-06
175 KSP unpreconditioned resid norm 1.169885119821e-22 true resid norm 1.169885119822e-22 ||r(i)||/||b|| 3.761020921041e-06
176 KSP unpreconditioned resid norm 1.147352271197e-22 true resid norm 1.147352271199e-22 ||r(i)||/||b|| 3.688580889411e-06
177 KSP unpreconditioned resid norm 1.123406592190e-22 true resid norm 1.123406592192e-22 ||r(i)||/||b|| 3.611598801010e-06
178 KSP unpreconditioned resid norm 1.097720705114e-22 true resid norm 1.097720705116e-22 ||r(i)||/||b|| 3.529022181280e-06
179 KSP unpreconditioned resid norm 1.069928719594e-22 true resid norm 1.069928719596e-22 ||r(i)||/||b|| 3.439674742622e-06
180 KSP unpreconditioned resid norm 1.038262499929e-22 true resid norm 1.038262499930e-22 ||r(i)||/||b|| 3.337872170185e-06
181 KSP unpreconditioned resid norm 1.005751774982e-22 true resid norm 1.005751774984e-22 ||r(i)||/||b|| 3.233354628585e-06
182 KSP unpreconditioned resid norm 9.711860376067e-23 true resid norm 9.711860376082e-23 ||r(i)||/||b|| 3.122230502617e-06
183 KSP unpreconditioned resid norm 9.313219750149e-23 true resid norm 9.313219750166e-23 ||r(i)||/||b|| 2.994072984530e-06
184 KSP unpreconditioned resid norm 8.843884325664e-23 true resid norm 8.843884325681e-23 ||r(i)||/||b|| 2.843188053987e-06
185 KSP unpreconditioned resid norm 8.281691679712e-23 true resid norm 8.281691679741e-23 ||r(i)||/||b|| 2.662450794643e-06
186 KSP unpreconditioned resid norm 7.633814574824e-23 true resid norm 7.633814574863e-23 ||r(i)||/||b|| 2.454167151709e-06
187 KSP unpreconditioned resid norm 6.878826676547e-23 true resid norm 6.878826676584e-23 ||r(i)||/||b|| 2.211448851215e-06
188 KSP unpreconditioned resid norm 6.158721022991e-23 true resid norm 6.158721023022e-23 ||r(i)||/||b|| 1.979944716107e-06
189 KSP unpreconditioned resid norm 5.528097686684e-23 true resid norm 5.528097686701e-23 ||r(i)||/||b|| 1.777207924176e-06
190 KSP unpreconditioned resid norm 4.981814376593e-23 true resid norm 4.981814376584e-23 ||r(i)||/||b|| 1.601585299070e-06
191 KSP unpreconditioned resid norm 4.559730417128e-23 true resid norm 4.559730417110e-23 ||r(i)||/||b|| 1.465891069344e-06
192 KSP unpreconditioned resid norm 4.457651464090e-23 true resid norm 4.441619150432e-23 ||r(i)||/||b|| 1.427919909829e-06
193 KSP unpreconditioned resid norm 4.313781476785e-23 true resid norm 4.183177505418e-23 ||r(i)||/||b|| 1.344834449787e-06
194 KSP unpreconditioned resid norm 4.306201097410e-23 true resid norm 4.156023342762e-23 ||r(i)||/||b|| 1.336104757263e-06
195 KSP unpreconditioned resid norm 4.276464361693e-23 true resid norm 4.084091851007e-23 ||r(i)||/||b|| 1.312979764836e-06
196 KSP unpreconditioned resid norm 4.276019500157e-23 true resid norm 4.078824788607e-23 ||r(i)||/||b|| 1.311286476192e-06
197 KSP unpreconditioned resid norm 4.271602969742e-23 true resid norm 4.059667308258e-23 ||r(i)||/||b|| 1.305127607841e-06
198 KSP unpreconditioned resid norm 4.271439450629e-23 true resid norm 4.057924196239e-23 ||r(i)||/||b|| 1.304567221128e-06
199 KSP unpreconditioned resid norm 4.265109832935e-23 true resid norm 4.048220317800e-23 ||r(i)||/||b|| 1.301447556709e-06
200 KSP unpreconditioned resid norm 4.047870022028e-23 true resid norm 4.047870022028e-23 ||r(i)||/||b|| 1.301334941401e-06
201 KSP unpreconditioned resid norm 3.882170830685e-23 true resid norm 3.882170830687e-23 ||r(i)||/||b|| 1.248064913886e-06
202 KSP unpreconditioned resid norm 3.719325925359e-23 true resid norm 3.719325925350e-23 ||r(i)||/||b|| 1.195712500347e-06
203 KSP unpreconditioned resid norm 3.537874204154e-23 true resid norm 3.537874204151e-23 ||r(i)||/||b|| 1.137378249571e-06
204 KSP unpreconditioned resid norm 3.343291976644e-23 true resid norm 3.343291976635e-23 ||r(i)||/||b|| 1.074822720301e-06
205 KSP unpreconditioned resid norm 3.130775233574e-23 true resid norm 3.130775233572e-23 ||r(i)||/||b|| 1.006501489166e-06
206 KSP unpreconditioned resid norm 2.816539576131e-23 true resid norm 2.816539576132e-23 ||r(i)||/||b|| 9.054790159551e-07
207 KSP unpreconditioned resid norm 2.577485823593e-23 true resid norm 2.577485823593e-23 ||r(i)||/||b|| 8.286264986167e-07
208 KSP unpreconditioned resid norm 2.403422213258e-23 true resid norm 2.403422213257e-23 ||r(i)||/||b|| 7.726674246039e-07
209 KSP unpreconditioned resid norm 2.293816524657e-23 true resid norm 2.293816524665e-23 ||r(i)||/||b|| 7.374306923063e-07
210 KSP unpreconditioned resid norm 2.201212656318e-23 true resid norm 2.201212656324e-23 ||r(i)||/||b|| 7.076598130724e-07
211 KSP unpreconditioned resid norm 2.119063386817e-23 true resid norm 2.119063386819e-23 ||r(i)||/||b|| 6.812499446143e-07
212 KSP unpreconditioned resid norm 2.049054854187e-23 true resid norm 2.049054854183e-23 ||r(i)||/||b|| 6.587431572866e-07
213 KSP unpreconditioned resid norm 1.983975261317e-23 true resid norm 1.983975261316e-23 ||r(i)||/||b|| 6.378209567937e-07
214 KSP unpreconditioned resid norm 1.919773265906e-23 true resid norm 1.919773265916e-23 ||r(i)||/||b|| 6.171808919034e-07
215 KSP unpreconditioned resid norm 1.872596373158e-23 true resid norm 1.872596373163e-23 ||r(i)||/||b|| 6.020141650492e-07
216 KSP unpreconditioned resid norm 1.834952462214e-23 true resid norm 1.834952462214e-23 ||r(i)||/||b|| 5.899121616787e-07
217 KSP unpreconditioned resid norm 1.803466496520e-23 true resid norm 1.803466496516e-23 ||r(i)||/||b|| 5.797898536246e-07
218 KSP unpreconditioned resid norm 1.763968757442e-23 true resid norm 1.763968757438e-23 ||r(i)||/||b|| 5.670918698234e-07
219 KSP unpreconditioned resid norm 1.725730663904e-23 true resid norm 1.725730663905e-23 ||r(i)||/||b|| 5.547988448657e-07
220 KSP unpreconditioned resid norm 1.681659201184e-23 true resid norm 1.681659201174e-23 ||r(i)||/||b|| 5.406304713611e-07
221 KSP unpreconditioned resid norm 1.635351449911e-23 true resid norm 1.635351449917e-23 ||r(i)||/||b|| 5.257431616301e-07
222 KSP unpreconditioned resid norm 1.583226879684e-23 true resid norm 1.583226879688e-23 ||r(i)||/||b|| 5.089858240241e-07
223 KSP unpreconditioned resid norm 1.534396847746e-23 true resid norm 1.534396847740e-23 ||r(i)||/||b|| 4.932876354907e-07
224 KSP unpreconditioned resid norm 1.482786353321e-23 true resid norm 1.482786353326e-23 ||r(i)||/||b|| 4.766955662399e-07
225 KSP unpreconditioned resid norm 1.443879215832e-23 true resid norm 1.443879215840e-23 ||r(i)||/||b|| 4.641874527863e-07
226 KSP unpreconditioned resid norm 1.414809582380e-23 true resid norm 1.414809582383e-23 ||r(i)||/||b|| 4.548419625545e-07
227 KSP unpreconditioned resid norm 1.391131040458e-23 true resid norm 1.391131040460e-23 ||r(i)||/||b|| 4.472296346391e-07
228 KSP unpreconditioned resid norm 1.366886364855e-23 true resid norm 1.366886364849e-23 ||r(i)||/||b|| 4.394353024734e-07
229 KSP unpreconditioned resid norm 1.342340031678e-23 true resid norm 1.342340031677e-23 ||r(i)||/||b|| 4.315439915206e-07
230 KSP unpreconditioned resid norm 1.311218036368e-23 true resid norm 1.311218036375e-23 ||r(i)||/||b|| 4.215386949789e-07
231 KSP unpreconditioned resid norm 1.271031002392e-23 true resid norm 1.271031002401e-23 ||r(i)||/||b|| 4.086191122807e-07
232 KSP unpreconditioned resid norm 1.240016722169e-23 true resid norm 1.240016722177e-23 ||r(i)||/||b|| 3.986484446659e-07
233 KSP unpreconditioned resid norm 1.213145280206e-23 true resid norm 1.213145280199e-23 ||r(i)||/||b|| 3.900096429797e-07
234 KSP unpreconditioned resid norm 1.191896106426e-23 true resid norm 1.191896106423e-23 ||r(i)||/||b|| 3.831783237523e-07
235 KSP unpreconditioned resid norm 1.175688117993e-23 true resid norm 1.175688117993e-23 ||r(i)||/||b|| 3.779676767805e-07
236 KSP unpreconditioned resid norm 1.160274372695e-23 true resid norm 1.160274372695e-23 ||r(i)||/||b|| 3.730123681303e-07
237 KSP unpreconditioned resid norm 1.147789264244e-23 true resid norm 1.147789264243e-23 ||r(i)||/||b|| 3.689985762379e-07
238 KSP unpreconditioned resid norm 1.134293282436e-23 true resid norm 1.134293282441e-23 ||r(i)||/||b|| 3.646598023664e-07
239 KSP unpreconditioned resid norm 1.119848750456e-23 true resid norm 1.119848750449e-23 ||r(i)||/||b|| 3.600160825602e-07
240 KSP unpreconditioned resid norm 1.103353517383e-23 true resid norm 1.103353517386e-23 ||r(i)||/||b|| 3.547130903610e-07
241 KSP unpreconditioned resid norm 1.087497145131e-23 true resid norm 1.087497145126e-23 ||r(i)||/||b|| 3.496154831865e-07
242 KSP unpreconditioned resid norm 1.071369408829e-23 true resid norm 1.071369408829e-23 ||r(i)||/||b|| 3.444306361792e-07
243 KSP unpreconditioned resid norm 1.055162510238e-23 true resid norm 1.055162510231e-23 ||r(i)||/||b|| 3.392203395731e-07
244 KSP unpreconditioned resid norm 1.034436213236e-23 true resid norm 1.034436213236e-23 ||r(i)||/||b|| 3.325571180917e-07
245 KSP unpreconditioned resid norm 1.013571220750e-23 true resid norm 1.013571220745e-23 ||r(i)||/||b|| 3.258493079018e-07
246 KSP unpreconditioned resid norm 9.872702257080e-24 true resid norm 9.872702257083e-24 ||r(i)||/||b|| 3.173938971182e-07
247 KSP unpreconditioned resid norm 9.570102944984e-24 true resid norm 9.570102945002e-24 ||r(i)||/||b|| 3.076657424118e-07
248 KSP unpreconditioned resid norm 9.277518625776e-24 true resid norm 9.277518625774e-24 ||r(i)||/||b|| 2.982595560510e-07
249 KSP unpreconditioned resid norm 9.031958336872e-24 true resid norm 9.031958336763e-24 ||r(i)||/||b|| 2.903651280537e-07
250 KSP unpreconditioned resid norm 8.789286759727e-24 true resid norm 8.789286759706e-24 ||r(i)||/||b|| 2.825635682015e-07
251 KSP unpreconditioned resid norm 8.548548740730e-24 true resid norm 8.548548740713e-24 ||r(i)||/||b|| 2.748241696009e-07
252 KSP unpreconditioned resid norm 8.319887515136e-24 true resid norm 8.319887515162e-24 ||r(i)||/||b|| 2.674730234195e-07
253 KSP unpreconditioned resid norm 8.066803128525e-24 true resid norm 8.066803128578e-24 ||r(i)||/||b|| 2.593367059589e-07
254 KSP unpreconditioned resid norm 7.785538418130e-24 true resid norm 7.785538418135e-24 ||r(i)||/||b|| 2.502944295644e-07
255 KSP unpreconditioned resid norm 7.470801546004e-24 true resid norm 7.470801545981e-24 ||r(i)||/||b|| 2.401760688746e-07
256 KSP unpreconditioned resid norm 7.123190994517e-24 true resid norm 7.123190994457e-24 ||r(i)||/||b|| 2.290008642797e-07
257 KSP unpreconditioned resid norm 6.751126523542e-24 true resid norm 6.751126523582e-24 ||r(i)||/||b|| 2.170394995677e-07
258 KSP unpreconditioned resid norm 6.304668341310e-24 true resid norm 6.304668341326e-24 ||r(i)||/||b|| 2.026864786139e-07
259 KSP unpreconditioned resid norm 5.858658126464e-24 true resid norm 5.858658126536e-24 ||r(i)||/||b|| 1.883478592024e-07
260 KSP unpreconditioned resid norm 5.489719538985e-24 true resid norm 5.489719538977e-24 ||r(i)||/||b|| 1.764869873708e-07
261 KSP unpreconditioned resid norm 5.214766471567e-24 true resid norm 5.214766471588e-24 ||r(i)||/||b|| 1.676476216824e-07
262 KSP unpreconditioned resid norm 4.944061297033e-24 true resid norm 4.944061297065e-24 ||r(i)||/||b|| 1.589448199495e-07
263 KSP unpreconditioned resid norm 4.708783678346e-24 true resid norm 4.708783678300e-24 ||r(i)||/||b|| 1.513809657604e-07
264 KSP unpreconditioned resid norm 4.515560329391e-24 true resid norm 4.515560329356e-24 ||r(i)||/||b|| 1.451690989241e-07
265 KSP unpreconditioned resid norm 4.331720709698e-24 true resid norm 4.331720709648e-24 ||r(i)||/||b|| 1.392589061699e-07
266 KSP unpreconditioned resid norm 4.146674152957e-24 true resid norm 4.146674152905e-24 ||r(i)||/||b|| 1.333099120381e-07
267 KSP unpreconditioned resid norm 3.976807815578e-24 true resid norm 3.976807815560e-24 ||r(i)||/||b|| 1.278489412324e-07
268 KSP unpreconditioned resid norm 3.801565513325e-24 true resid norm 3.801565513291e-24 ||r(i)||/||b|| 1.222151404949e-07
269 KSP unpreconditioned resid norm 3.641488437408e-24 true resid norm 3.641488437417e-24 ||r(i)||/||b|| 1.170688810790e-07
270 KSP unpreconditioned resid norm 3.479911742597e-24 true resid norm 3.479911742578e-24 ||r(i)||/||b|| 1.118744109610e-07
271 KSP unpreconditioned resid norm 3.323176760832e-24 true resid norm 3.323176760799e-24 ||r(i)||/||b|| 1.068355953068e-07
272 KSP unpreconditioned resid norm 3.186632196260e-24 true resid norm 3.186632196270e-24 ||r(i)||/||b|| 1.024458739988e-07
273 KSP unpreconditioned resid norm 3.054845722781e-24 true resid norm 3.054845722780e-24 ||r(i)||/||b|| 9.820911882077e-08
274 KSP unpreconditioned resid norm 2.937061799429e-24 true resid norm 2.937061799431e-24 ||r(i)||/||b|| 9.442252651038e-08
275 KSP unpreconditioned resid norm 2.818105809400e-24 true resid norm 2.818105809383e-24 ||r(i)||/||b|| 9.059825385595e-08
276 KSP unpreconditioned resid norm 2.692519637972e-24 true resid norm 2.692519637990e-24 ||r(i)||/||b|| 8.656082992434e-08
277 KSP unpreconditioned resid norm 2.573778437189e-24 true resid norm 2.573778437166e-24 ||r(i)||/||b|| 8.274346245019e-08
278 KSP unpreconditioned resid norm 2.478736172309e-24 true resid norm 2.478736172342e-24 ||r(i)||/||b|| 7.968798340931e-08
279 KSP unpreconditioned resid norm 2.405492016815e-24 true resid norm 2.405492016826e-24 ||r(i)||/||b|| 7.733328381898e-08
280 KSP unpreconditioned resid norm 2.336001525616e-24 true resid norm 2.336001525607e-24 ||r(i)||/||b|| 7.509925941042e-08
281 KSP unpreconditioned resid norm 2.275716094955e-24 true resid norm 2.275716094934e-24 ||r(i)||/||b|| 7.316116512959e-08
282 KSP unpreconditioned resid norm 2.227232818204e-24 true resid norm 2.227232818219e-24 ||r(i)||/||b|| 7.160249398354e-08
283 KSP unpreconditioned resid norm 2.186417306591e-24 true resid norm 2.186417306606e-24 ||r(i)||/||b|| 7.029033101574e-08
284 KSP unpreconditioned resid norm 2.147516013748e-24 true resid norm 2.147516013724e-24 ||r(i)||/||b|| 6.903970756643e-08
285 KSP unpreconditioned resid norm 2.112668178001e-24 true resid norm 2.112668177996e-24 ||r(i)||/||b|| 6.791939722994e-08
286 KSP unpreconditioned resid norm 2.079471605993e-24 true resid norm 2.079471606010e-24 ||r(i)||/||b|| 6.685217276806e-08
287 KSP unpreconditioned resid norm 2.042996608370e-24 true resid norm 2.042996608381e-24 ||r(i)||/||b|| 6.567955139821e-08
288 KSP unpreconditioned resid norm 1.991470775985e-24 true resid norm 1.991470776019e-24 ||r(i)||/||b|| 6.402306624251e-08
289 KSP unpreconditioned resid norm 1.925543010691e-24 true resid norm 1.925543010730e-24 ||r(i)||/||b|| 6.190357860798e-08
290 KSP unpreconditioned resid norm 1.848864771545e-24 true resid norm 1.848864771538e-24 ||r(i)||/||b|| 5.943847791642e-08
291 KSP unpreconditioned resid norm 1.771340722137e-24 true resid norm 1.771340722137e-24 ||r(i)||/||b|| 5.694618558156e-08
292 KSP unpreconditioned resid norm 1.753523158564e-24 true resid norm 1.744726810066e-24 ||r(i)||/||b|| 5.609058464779e-08
293 KSP unpreconditioned resid norm 1.748116225138e-24 true resid norm 1.730456477016e-24 ||r(i)||/||b|| 5.563181292535e-08
294 KSP unpreconditioned resid norm 1.747542698819e-24 true resid norm 1.728836635584e-24 ||r(i)||/||b|| 5.557973723508e-08
295 KSP unpreconditioned resid norm 1.747183538198e-24 true resid norm 1.728047132132e-24 ||r(i)||/||b|| 5.555435577709e-08
296 KSP unpreconditioned resid norm 1.745200920893e-24 true resid norm 1.723038652066e-24 ||r(i)||/||b|| 5.539333998169e-08
297 KSP unpreconditioned resid norm 1.744971347941e-24 true resid norm 1.723084103700e-24 ||r(i)||/||b|| 5.539480118966e-08
298 KSP unpreconditioned resid norm 1.744496509585e-24 true resid norm 1.722841450757e-24 ||r(i)||/||b|| 5.538700022885e-08
299 KSP unpreconditioned resid norm 1.743674751228e-24 true resid norm 1.722551076264e-24 ||r(i)||/||b|| 5.537766508539e-08
300 KSP unpreconditioned resid norm 1.722737095612e-24 true resid norm 1.722737095612e-24 ||r(i)||/||b|| 5.538364535346e-08
301 KSP unpreconditioned resid norm 1.676389669859e-24 true resid norm 1.676389669847e-24 ||r(i)||/||b|| 5.389363889908e-08
302 KSP unpreconditioned resid norm 1.643617338851e-24 true resid norm 1.643617338844e-24 ||r(i)||/||b|| 5.284005320555e-08
303 KSP unpreconditioned resid norm 1.618357951241e-24 true resid norm 1.618357951250e-24 ||r(i)||/||b|| 5.202799838422e-08
304 KSP unpreconditioned resid norm 1.593967558198e-24 true resid norm 1.593967558194e-24 ||r(i)||/||b|| 5.124388055075e-08
305 KSP unpreconditioned resid norm 1.580388082626e-24 true resid norm 1.580388082628e-24 ||r(i)||/||b|| 5.080731895307e-08
306 KSP unpreconditioned resid norm 1.567600785520e-24 true resid norm 1.567600785536e-24 ||r(i)||/||b|| 5.039622481169e-08
307 KSP unpreconditioned resid norm 1.557799581364e-24 true resid norm 1.557799581370e-24 ||r(i)||/||b|| 5.008112948059e-08
308 KSP unpreconditioned resid norm 1.544790458374e-24 true resid norm 1.544790458370e-24 ||r(i)||/||b|| 4.966290393913e-08
309 KSP unpreconditioned resid norm 1.530269657601e-24 true resid norm 1.530269657611e-24 ||r(i)||/||b|| 4.919608002179e-08
310 KSP unpreconditioned resid norm 1.511427876859e-24 true resid norm 1.511427876841e-24 ||r(i)||/||b|| 4.859034249712e-08
311 KSP unpreconditioned resid norm 1.492563451512e-24 true resid norm 1.492563451514e-24 ||r(i)||/||b|| 4.798387698082e-08
312 KSP unpreconditioned resid norm 1.469908023252e-24 true resid norm 1.469908023237e-24 ||r(i)||/||b|| 4.725553589605e-08
313 KSP unpreconditioned resid norm 1.446116616177e-24 true resid norm 1.446116616179e-24 ||r(i)||/||b|| 4.649067464453e-08
314 KSP unpreconditioned resid norm 1.417817883436e-24 true resid norm 1.417817883423e-24 ||r(i)||/||b|| 4.558090902628e-08
315 KSP unpreconditioned resid norm 1.384934633259e-24 true resid norm 1.384934633280e-24 ||r(i)||/||b|| 4.452375743381e-08
316 KSP unpreconditioned resid norm 1.344842271037e-24 true resid norm 1.344842271048e-24 ||r(i)||/||b|| 4.323484273123e-08
317 KSP unpreconditioned resid norm 1.299266847289e-24 true resid norm 1.299266847263e-24 ||r(i)||/||b|| 4.176965508642e-08
318 KSP unpreconditioned resid norm 1.250834936618e-24 true resid norm 1.250834936624e-24 ||r(i)||/||b|| 4.021263528957e-08
319 KSP unpreconditioned resid norm 1.203186255692e-24 true resid norm 1.203186255680e-24 ||r(i)||/||b|| 3.868079525799e-08
320 KSP unpreconditioned resid norm 1.155432487089e-24 true resid norm 1.155432487118e-24 ||r(i)||/||b|| 3.714557680298e-08
321 KSP unpreconditioned resid norm 1.109324259512e-24 true resid norm 1.109324259542e-24 ||r(i)||/||b|| 3.566326024380e-08
322 KSP unpreconditioned resid norm 1.062693948402e-24 true resid norm 1.062693948419e-24 ||r(i)||/||b|| 3.416415941143e-08
323 KSP unpreconditioned resid norm 1.011935013742e-24 true resid norm 1.011935013771e-24 ||r(i)||/||b|| 3.253232897009e-08
324 KSP unpreconditioned resid norm 9.581775990174e-25 true resid norm 9.581775989986e-25 ||r(i)||/||b|| 3.080410148694e-08
  Linear solve converged due to CONVERGED_ATOL iterations 324
Mat Object: 1 MPI process
  type: seqaijcusparse
  rows=281452, cols=281452, bs=4
  total: nonzeros=15993520, allocated nonzeros=15993520
  total number of mallocs used during MatSetValues calls=0
    not using I-node routines
Vec Object: 1 MPI process
  type: seqcuda
  length=281452, bs=4
Vec Object: 1 MPI process
  type: seqcuda
  length=281452, bs=4
KSP Object: 1 MPI process
  type: gmres
    restart=100, using classical (unmodified) Gram-Schmidt orthogonalization with no iterative refinement
    happy breakdown tolerance=1e-30
  maximum iterations=2000, initial guess is zero
  tolerances: relative=1e-10, absolute=1e-24, divergence=10000.
  right preconditioning
  diagonally scaled system
  using UNPRECONDITIONED norm type for convergence test
PC Object: 1 MPI process
  type: asm
    total subdomain blocks = 1, amount of overlap = 2
    restriction/interpolation type - RESTRICT
    Local solver information for first block is in the following KSP and PC objects on rank 0:
    Use -ksp_view ::ascii_info_detail to display information for all blocks
    KSP Object: (sub_) 1 MPI process
      type: preonly
      maximum iterations=10000, initial guess is zero
      tolerances: relative=1e-05, absolute=1e-50, divergence=10000.
      left preconditioning
      not checking for convergence
    PC Object: (sub_) 1 MPI process
      type: ilu
        out-of-place factorization
        2 levels of fill
        tolerance for zero pivot 2.22045e-14
        matrix ordering: natural
        factor fill ratio given 1., needed 4.996
          Factored matrix:
            Mat Object: (sub_) 1 MPI process
              type: seqaijcusparse
              rows=281452, cols=281452, bs=4
              package used to perform factorization: cusparse
              total: nonzeros=79903664, allocated nonzeros=79903664
                using I-node routines: found 70363 nodes, limit used is 5
      linear system matrix, which is also used to construct the preconditioner:
      Mat Object: (sub_) 1 MPI process
        type: seqaijcusparse
        rows=281452, cols=281452, bs=4
        total: nonzeros=15993520, allocated nonzeros=15993520
        total number of mallocs used during MatSetValues calls=0
          not using I-node routines
  linear system matrix, which is also used to construct the preconditioner:
  Mat Object: 1 MPI process
    type: seqaijcusparse
    rows=281452, cols=281452, bs=4
    total: nonzeros=15993520, allocated nonzeros=15993520
    total number of mallocs used during MatSetValues calls=0
      not using I-node routines
SV13Q_END logical=12 attempt=0 step=66 reason=3 iterations=324 healthy=1 ref=316 ratio=1.0253164556962024 pending=0 recovery=NONE
 NS     66-2    2.381e+03 [  -4  6.281e-01  3.085e-14  3.080e-08] [  324 -173   67]
Vec Object: 1 MPI process
  type: seqcuda
  length=281452, bs=4
Mat Object: 1 MPI process
  type: seqaijcusparse
  rows=281452, cols=281452, bs=4
  total: nonzeros=15993520, allocated nonzeros=15993520
  total number of mallocs used during MatSetValues calls=0
    not using I-node routines
Mat Object: 1 MPI process
  type: seqaijcusparse
  rows=281452, cols=281452, bs=4
  total: nonzeros=15993520, allocated nonzeros=15993520
  total number of mallocs used during MatSetValues calls=0
    not using I-node routines
SV13Q_BEGIN logical=13 attempt=0 step=67 equation=0 policy=R3 reuse=0 age=3 ref=316 rebuild_reason=FIXED_INTERVAL builds=3 attempts=13 ksp=0x55e693816a00 pc=0x55e6952d3390
  0 KSP unpreconditioned resid norm 5.138030693636e-17 true resid norm 5.138030693636e-17 ||r(i)||/||b|| 1.000000000000e+00
  1 KSP unpreconditioned resid norm 2.605195648657e-18 true resid norm 2.605195648657e-18 ||r(i)||/||b|| 5.070416671282e-02
  2 KSP unpreconditioned resid norm 1.038271622853e-18 true resid norm 1.038271622853e-18 ||r(i)||/||b|| 2.020757922173e-02
  3 KSP unpreconditioned resid norm 6.784600698130e-19 true resid norm 6.784600698130e-19 ||r(i)||/||b|| 1.320467140559e-02
  4 KSP unpreconditioned resid norm 4.626563328686e-19 true resid norm 4.626563328686e-19 ||r(i)||/||b|| 9.004545913704e-03
  5 KSP unpreconditioned resid norm 3.032666228490e-19 true resid norm 3.032666228490e-19 ||r(i)||/||b|| 5.902390252838e-03
  6 KSP unpreconditioned resid norm 2.113723892860e-19 true resid norm 2.113723892860e-19 ||r(i)||/||b|| 4.113879458677e-03
  7 KSP unpreconditioned resid norm 1.692937841143e-19 true resid norm 1.692937841143e-19 ||r(i)||/||b|| 3.294915780165e-03
  8 KSP unpreconditioned resid norm 1.412948629395e-19 true resid norm 1.412948629395e-19 ||r(i)||/||b|| 2.749980904445e-03
  9 KSP unpreconditioned resid norm 1.226459067976e-19 true resid norm 1.226459067976e-19 ||r(i)||/||b|| 2.387021684194e-03
 10 KSP unpreconditioned resid norm 1.096240516112e-19 true resid norm 1.096240516112e-19 ||r(i)||/||b|| 2.133581096488e-03
 11 KSP unpreconditioned resid norm 1.012874520534e-19 true resid norm 1.012874520534e-19 ||r(i)||/||b|| 1.971328279117e-03
 12 KSP unpreconditioned resid norm 9.293062747655e-20 true resid norm 9.293062747655e-20 ||r(i)||/||b|| 1.808681828072e-03
 13 KSP unpreconditioned resid norm 8.428226005419e-20 true resid norm 8.428226005419e-20 ||r(i)||/||b|| 1.640361163248e-03
 14 KSP unpreconditioned resid norm 7.693550241396e-20 true resid norm 7.693550241396e-20 ||r(i)||/||b|| 1.497373351803e-03
 15 KSP unpreconditioned resid norm 7.221418376987e-20 true resid norm 7.221418376987e-20 ||r(i)||/||b|| 1.405483697466e-03
 16 KSP unpreconditioned resid norm 6.905413230415e-20 true resid norm 6.905413230415e-20 ||r(i)||/||b|| 1.343980533041e-03
 17 KSP unpreconditioned resid norm 6.658777816355e-20 true resid norm 6.658777816355e-20 ||r(i)||/||b|| 1.295978598299e-03
 18 KSP unpreconditioned resid norm 6.396701389598e-20 true resid norm 6.396701389598e-20 ||r(i)||/||b|| 1.244971424075e-03
 19 KSP unpreconditioned resid norm 6.061954450063e-20 true resid norm 6.061954450063e-20 ||r(i)||/||b|| 1.179820598887e-03
 20 KSP unpreconditioned resid norm 5.681791197959e-20 true resid norm 5.681791197959e-20 ||r(i)||/||b|| 1.105830528610e-03
 21 KSP unpreconditioned resid norm 5.289831621488e-20 true resid norm 5.289831621488e-20 ||r(i)||/||b|| 1.029544573963e-03
 22 KSP unpreconditioned resid norm 4.896454501485e-20 true resid norm 4.896454501485e-20 ||r(i)||/||b|| 9.529827269327e-04
 23 KSP unpreconditioned resid norm 4.504888270206e-20 true resid norm 4.504888270206e-20 ||r(i)||/||b|| 8.767733279184e-04
 24 KSP unpreconditioned resid norm 4.180680099216e-20 true resid norm 4.180680099216e-20 ||r(i)||/||b|| 8.136736326614e-04
 25 KSP unpreconditioned resid norm 3.957173882072e-20 true resid norm 3.957173882072e-20 ||r(i)||/||b|| 7.701732663788e-04
 26 KSP unpreconditioned resid norm 3.791398483746e-20 true resid norm 3.791398483746e-20 ||r(i)||/||b|| 7.379088817905e-04
 27 KSP unpreconditioned resid norm 3.673405944385e-20 true resid norm 3.673405944385e-20 ||r(i)||/||b|| 7.149443363456e-04
 28 KSP unpreconditioned resid norm 3.579773334281e-20 true resid norm 3.579773334281e-20 ||r(i)||/||b|| 6.967208932238e-04
 29 KSP unpreconditioned resid norm 3.505290013485e-20 true resid norm 3.505290013485e-20 ||r(i)||/||b|| 6.822244206963e-04
 30 KSP unpreconditioned resid norm 3.439400329272e-20 true resid norm 3.439400329272e-20 ||r(i)||/||b|| 6.694005027125e-04
 31 KSP unpreconditioned resid norm 3.381633654829e-20 true resid norm 3.381633654829e-20 ||r(i)||/||b|| 6.581575425421e-04
 32 KSP unpreconditioned resid norm 3.334166124190e-20 true resid norm 3.334166124190e-20 ||r(i)||/||b|| 6.489190748354e-04
 33 KSP unpreconditioned resid norm 3.290916830716e-20 true resid norm 3.290916830717e-20 ||r(i)||/||b|| 6.405015903842e-04
 34 KSP unpreconditioned resid norm 3.243814724273e-20 true resid norm 3.243814724273e-20 ||r(i)||/||b|| 6.313342441281e-04
 35 KSP unpreconditioned resid norm 3.196655179079e-20 true resid norm 3.196655179079e-20 ||r(i)||/||b|| 6.221557187346e-04
 36 KSP unpreconditioned resid norm 3.141675045944e-20 true resid norm 3.141675045945e-20 ||r(i)||/||b|| 6.114550950106e-04
 37 KSP unpreconditioned resid norm 3.090498306936e-20 true resid norm 3.090498306937e-20 ||r(i)||/||b|| 6.014947148457e-04
 38 KSP unpreconditioned resid norm 3.037226811283e-20 true resid norm 3.037226811284e-20 ||r(i)||/||b|| 5.911266382752e-04
 39 KSP unpreconditioned resid norm 2.994174834860e-20 true resid norm 2.994174834860e-20 ||r(i)||/||b|| 5.827475570687e-04
 40 KSP unpreconditioned resid norm 2.955291754698e-20 true resid norm 2.955291754698e-20 ||r(i)||/||b|| 5.751798560408e-04
 41 KSP unpreconditioned resid norm 2.916545812679e-20 true resid norm 2.916545812680e-20 ||r(i)||/||b|| 5.676388458115e-04
 42 KSP unpreconditioned resid norm 2.870146913244e-20 true resid norm 2.870146913245e-20 ||r(i)||/||b|| 5.586083626943e-04
 43 KSP unpreconditioned resid norm 2.810670034491e-20 true resid norm 2.810670034491e-20 ||r(i)||/||b|| 5.470325504230e-04
 44 KSP unpreconditioned resid norm 2.739439016397e-20 true resid norm 2.739439016398e-20 ||r(i)||/||b|| 5.331690641303e-04
 45 KSP unpreconditioned resid norm 2.674365151666e-20 true resid norm 2.674365151667e-20 ||r(i)||/||b|| 5.205039267243e-04
 46 KSP unpreconditioned resid norm 2.621020318590e-20 true resid norm 2.621020318591e-20 ||r(i)||/||b|| 5.101215767041e-04
 47 KSP unpreconditioned resid norm 2.575476147008e-20 true resid norm 2.575476147009e-20 ||r(i)||/||b|| 5.012574467878e-04
 48 KSP unpreconditioned resid norm 2.531500926443e-20 true resid norm 2.531500926444e-20 ||r(i)||/||b|| 4.926986772539e-04
 49 KSP unpreconditioned resid norm 2.477528149303e-20 true resid norm 2.477528149305e-20 ||r(i)||/||b|| 4.821941123033e-04
 50 KSP unpreconditioned resid norm 2.424489890971e-20 true resid norm 2.424489890973e-20 ||r(i)||/||b|| 4.718714300357e-04
 51 KSP unpreconditioned resid norm 2.376349790825e-20 true resid norm 2.376349790826e-20 ||r(i)||/||b|| 4.625020620780e-04
 52 KSP unpreconditioned resid norm 2.324977671880e-20 true resid norm 2.324977671881e-20 ||r(i)||/||b|| 4.525036556830e-04
 53 KSP unpreconditioned resid norm 2.273505164675e-20 true resid norm 2.273505164677e-20 ||r(i)||/||b|| 4.424857110124e-04
 54 KSP unpreconditioned resid norm 2.213496463416e-20 true resid norm 2.213496463418e-20 ||r(i)||/||b|| 4.308063916705e-04
 55 KSP unpreconditioned resid norm 2.158530683930e-20 true resid norm 2.158530683932e-20 ||r(i)||/||b|| 4.201085615556e-04
 56 KSP unpreconditioned resid norm 2.105492694757e-20 true resid norm 2.105492694759e-20 ||r(i)||/||b|| 4.097859316736e-04
 57 KSP unpreconditioned resid norm 2.051803165553e-20 true resid norm 2.051803165555e-20 ||r(i)||/||b|| 3.993364944465e-04
 58 KSP unpreconditioned resid norm 1.988773691173e-20 true resid norm 1.988773691175e-20 ||r(i)||/||b|| 3.870692508004e-04
 59 KSP unpreconditioned resid norm 1.923936008481e-20 true resid norm 1.923936008483e-20 ||r(i)||/||b|| 3.744500808191e-04
 60 KSP unpreconditioned resid norm 1.864491638296e-20 true resid norm 1.864491638297e-20 ||r(i)||/||b|| 3.628805955960e-04
 61 KSP unpreconditioned resid norm 1.807282010435e-20 true resid norm 1.807282010437e-20 ||r(i)||/||b|| 3.517460517851e-04
 62 KSP unpreconditioned resid norm 1.746165036985e-20 true resid norm 1.746165036987e-20 ||r(i)||/||b|| 3.398510326437e-04
 63 KSP unpreconditioned resid norm 1.685088859982e-20 true resid norm 1.685088859984e-20 ||r(i)||/||b|| 3.279639535964e-04
 64 KSP unpreconditioned resid norm 1.628461906457e-20 true resid norm 1.628461906459e-20 ||r(i)||/||b|| 3.169428139999e-04
 65 KSP unpreconditioned resid norm 1.585058107492e-20 true resid norm 1.585058107494e-20 ||r(i)||/||b|| 3.084952585935e-04
 66 KSP unpreconditioned resid norm 1.541641400752e-20 true resid norm 1.541641400754e-20 ||r(i)||/||b|| 3.000451909841e-04
 67 KSP unpreconditioned resid norm 1.485468885421e-20 true resid norm 1.485468885423e-20 ||r(i)||/||b|| 2.891124973744e-04
 68 KSP unpreconditioned resid norm 1.419445246847e-20 true resid norm 1.419445246849e-20 ||r(i)||/||b|| 2.762625082422e-04
 69 KSP unpreconditioned resid norm 1.344717157166e-20 true resid norm 1.344717157167e-20 ||r(i)||/||b|| 2.617183970568e-04
 70 KSP unpreconditioned resid norm 1.268283805703e-20 true resid norm 1.268283805704e-20 ||r(i)||/||b|| 2.468423957207e-04
 71 KSP unpreconditioned resid norm 1.193898816462e-20 true resid norm 1.193898816462e-20 ||r(i)||/||b|| 2.323650611782e-04
 72 KSP unpreconditioned resid norm 1.126757781482e-20 true resid norm 1.126757781482e-20 ||r(i)||/||b|| 2.192975964270e-04
 73 KSP unpreconditioned resid norm 1.064601511703e-20 true resid norm 1.064601511704e-20 ||r(i)||/||b|| 2.072003020579e-04
 74 KSP unpreconditioned resid norm 9.957665541007e-21 true resid norm 9.957665541019e-21 ||r(i)||/||b|| 1.938031540635e-04
 75 KSP unpreconditioned resid norm 9.255339195873e-21 true resid norm 9.255339195883e-21 ||r(i)||/||b|| 1.801339802689e-04
 76 KSP unpreconditioned resid norm 8.507156507857e-21 true resid norm 8.507156507862e-21 ||r(i)||/||b|| 1.655723177831e-04
 77 KSP unpreconditioned resid norm 7.756468124303e-21 true resid norm 7.756468124305e-21 ||r(i)||/||b|| 1.509618876725e-04
 78 KSP unpreconditioned resid norm 6.949086720312e-21 true resid norm 6.949086720315e-21 ||r(i)||/||b|| 1.352480577612e-04
 79 KSP unpreconditioned resid norm 6.310738167374e-21 true resid norm 6.310738167382e-21 ||r(i)||/||b|| 1.228240651656e-04
 80 KSP unpreconditioned resid norm 5.868147736954e-21 true resid norm 5.868147736964e-21 ||r(i)||/||b|| 1.142100560869e-04
 81 KSP unpreconditioned resid norm 5.552676727250e-21 true resid norm 5.552676727259e-21 ||r(i)||/||b|| 1.080701353952e-04
 82 KSP unpreconditioned resid norm 5.313472582954e-21 true resid norm 5.313472582961e-21 ||r(i)||/||b|| 1.034145745673e-04
 83 KSP unpreconditioned resid norm 5.135232444645e-21 true resid norm 5.135232444652e-21 ||r(i)||/||b|| 9.994553849226e-05
 84 KSP unpreconditioned resid norm 4.988850581090e-21 true resid norm 4.988850581097e-21 ||r(i)||/||b|| 9.709655077142e-05
 85 KSP unpreconditioned resid norm 4.870348529827e-21 true resid norm 4.870348529834e-21 ||r(i)||/||b|| 9.479017974468e-05
 86 KSP unpreconditioned resid norm 4.765184685787e-21 true resid norm 4.765184685794e-21 ||r(i)||/||b|| 9.274340637350e-05
 87 KSP unpreconditioned resid norm 4.669277811116e-21 true resid norm 4.669277811122e-21 ||r(i)||/||b|| 9.087679871016e-05
 88 KSP unpreconditioned resid norm 4.583197414756e-21 true resid norm 4.583197414760e-21 ||r(i)||/||b|| 8.920144094189e-05
 89 KSP unpreconditioned resid norm 4.494203019707e-21 true resid norm 4.494203019706e-21 ||r(i)||/||b|| 8.746936886292e-05
 90 KSP unpreconditioned resid norm 4.395751908197e-21 true resid norm 4.395751908192e-21 ||r(i)||/||b|| 8.555324345643e-05
 91 KSP unpreconditioned resid norm 4.354090987521e-21 true resid norm 4.354131634301e-21 ||r(i)||/||b|| 8.474320014660e-05
 92 KSP unpreconditioned resid norm 4.250998660227e-21 true resid norm 4.219516487112e-21 ||r(i)||/||b|| 8.212322461092e-05
 93 KSP unpreconditioned resid norm 4.230521655977e-21 true resid norm 4.195129545534e-21 ||r(i)||/||b|| 8.164858864565e-05
 94 KSP unpreconditioned resid norm 4.201308832195e-21 true resid norm 4.127839350766e-21 ||r(i)||/||b|| 8.033893911686e-05
 95 KSP unpreconditioned resid norm 4.201005781134e-21 true resid norm 4.124657992566e-21 ||r(i)||/||b|| 8.027702126565e-05
 96 KSP unpreconditioned resid norm 4.200956954217e-21 true resid norm 4.123839280207e-21 ||r(i)||/||b|| 8.026108690466e-05
 97 KSP unpreconditioned resid norm 4.200769659766e-21 true resid norm 4.124134231259e-21 ||r(i)||/||b|| 8.026682745136e-05
 98 KSP unpreconditioned resid norm 4.200391538586e-21 true resid norm 4.122340014247e-21 ||r(i)||/||b|| 8.023190712647e-05
 99 KSP unpreconditioned resid norm 4.200289681784e-21 true resid norm 4.122171279356e-21 ||r(i)||/||b|| 8.022862308827e-05
100 KSP unpreconditioned resid norm 4.122177799315e-21 true resid norm 4.122177799315e-21 ||r(i)||/||b|| 8.022874998433e-05
101 KSP unpreconditioned resid norm 4.083961172432e-21 true resid norm 4.083961172432e-21 ||r(i)||/||b|| 7.948495086825e-05
102 KSP unpreconditioned resid norm 4.028256693122e-21 true resid norm 4.028256693122e-21 ||r(i)||/||b|| 7.840079075650e-05
103 KSP unpreconditioned resid norm 3.980422665830e-21 true resid norm 3.980422665830e-21 ||r(i)||/||b|| 7.746981096786e-05
104 KSP unpreconditioned resid norm 3.915485605609e-21 true resid norm 3.915485605609e-21 ||r(i)||/||b|| 7.620595981373e-05
105 KSP unpreconditioned resid norm 3.871087580143e-21 true resid norm 3.871087580143e-21 ||r(i)||/||b|| 7.534185393127e-05
106 KSP unpreconditioned resid norm 3.819301656747e-21 true resid norm 3.819301656747e-21 ||r(i)||/||b|| 7.433395953586e-05
107 KSP unpreconditioned resid norm 3.764983559823e-21 true resid norm 3.764983559823e-21 ||r(i)||/||b|| 7.327678218206e-05
108 KSP unpreconditioned resid norm 3.693569746430e-21 true resid norm 3.693569746429e-21 ||r(i)||/||b|| 7.188687586091e-05
109 KSP unpreconditioned resid norm 3.627248104639e-21 true resid norm 3.627248104639e-21 ||r(i)||/||b|| 7.059607699759e-05
110 KSP unpreconditioned resid norm 3.554211310694e-21 true resid norm 3.554211310694e-21 ||r(i)||/||b|| 6.917458307705e-05
111 KSP unpreconditioned resid norm 3.479581767576e-21 true resid norm 3.479581767575e-21 ||r(i)||/||b|| 6.772208994169e-05
112 KSP unpreconditioned resid norm 3.383203946133e-21 true resid norm 3.383203946133e-21 ||r(i)||/||b|| 6.584631637806e-05
113 KSP unpreconditioned resid norm 3.247526758808e-21 true resid norm 3.247526758808e-21 ||r(i)||/||b|| 6.320567066348e-05
114 KSP unpreconditioned resid norm 3.099792550527e-21 true resid norm 3.099792550527e-21 ||r(i)||/||b|| 6.033036264977e-05
115 KSP unpreconditioned resid norm 2.966933963021e-21 true resid norm 2.966933963021e-21 ||r(i)||/||b|| 5.774457452533e-05
116 KSP unpreconditioned resid norm 2.843198564352e-21 true resid norm 2.843198564352e-21 ||r(i)||/||b|| 5.533634837709e-05
117 KSP unpreconditioned resid norm 2.734093312400e-21 true resid norm 2.734093312400e-21 ||r(i)||/||b|| 5.321286452777e-05
118 KSP unpreconditioned resid norm 2.652498161921e-21 true resid norm 2.652498161921e-21 ||r(i)||/||b|| 5.162480179821e-05
119 KSP unpreconditioned resid norm 2.593301391146e-21 true resid norm 2.593301391146e-21 ||r(i)||/||b|| 5.047267223138e-05
120 KSP unpreconditioned resid norm 2.544179745862e-21 true resid norm 2.544179745862e-21 ||r(i)||/||b|| 4.951663190751e-05
121 KSP unpreconditioned resid norm 2.497784952029e-21 true resid norm 2.497784952029e-21 ||r(i)||/||b|| 4.861366350192e-05
122 KSP unpreconditioned resid norm 2.450903335702e-21 true resid norm 2.450903335702e-21 ||r(i)||/||b|| 4.770122021142e-05
123 KSP unpreconditioned resid norm 2.397292453827e-21 true resid norm 2.397292453827e-21 ||r(i)||/||b|| 4.665780717885e-05
124 KSP unpreconditioned resid norm 2.347276484342e-21 true resid norm 2.347276484342e-21 ||r(i)||/||b|| 4.568436088265e-05
125 KSP unpreconditioned resid norm 2.294120765571e-21 true resid norm 2.294120765571e-21 ||r(i)||/||b|| 4.464980655745e-05
126 KSP unpreconditioned resid norm 2.235390551883e-21 true resid norm 2.235390551883e-21 ||r(i)||/||b|| 4.350675745576e-05
127 KSP unpreconditioned resid norm 2.171373609188e-21 true resid norm 2.171373609188e-21 ||r(i)||/||b|| 4.226081428197e-05
128 KSP unpreconditioned resid norm 2.097308078766e-21 true resid norm 2.097308078766e-21 ||r(i)||/||b|| 4.081929836199e-05
129 KSP unpreconditioned resid norm 2.022814881742e-21 true resid norm 2.022814881742e-21 ||r(i)||/||b|| 3.936945889109e-05
130 KSP unpreconditioned resid norm 1.953883416114e-21 true resid norm 1.953883416114e-21 ||r(i)||/||b|| 3.802786578396e-05
131 KSP unpreconditioned resid norm 1.887892819648e-21 true resid norm 1.887892819648e-21 ||r(i)||/||b|| 3.674350995970e-05
132 KSP unpreconditioned resid norm 1.817391367095e-21 true resid norm 1.817391367095e-21 ||r(i)||/||b|| 3.537136065275e-05
133 KSP unpreconditioned resid norm 1.755133368735e-21 true resid norm 1.755133368735e-21 ||r(i)||/||b|| 3.415965130199e-05
134 KSP unpreconditioned resid norm 1.692927005964e-21 true resid norm 1.692927005964e-21 ||r(i)||/||b|| 3.294894691970e-05
135 KSP unpreconditioned resid norm 1.624402976141e-21 true resid norm 1.624402976141e-21 ||r(i)||/||b|| 3.161528361738e-05
136 KSP unpreconditioned resid norm 1.542760696715e-21 true resid norm 1.542760696715e-21 ||r(i)||/||b|| 3.002630363080e-05
137 KSP unpreconditioned resid norm 1.460234011565e-21 true resid norm 1.460234011564e-21 ||r(i)||/||b|| 2.842011071232e-05
138 KSP unpreconditioned resid norm 1.368803265760e-21 true resid norm 1.368803265760e-21 ||r(i)||/||b|| 2.664062064588e-05
139 KSP unpreconditioned resid norm 1.279839768556e-21 true resid norm 1.279839768556e-21 ||r(i)||/||b|| 2.490914992278e-05
140 KSP unpreconditioned resid norm 1.210167917010e-21 true resid norm 1.210167917010e-21 ||r(i)||/||b|| 2.355314689943e-05
141 KSP unpreconditioned resid norm 1.143080651610e-21 true resid norm 1.143080651610e-21 ||r(i)||/||b|| 2.224744692603e-05
142 KSP unpreconditioned resid norm 1.092071528126e-21 true resid norm 1.092071528126e-21 ||r(i)||/||b|| 2.125467116183e-05
143 KSP unpreconditioned resid norm 1.039219349495e-21 true resid norm 1.039219349495e-21 ||r(i)||/||b|| 2.022602455027e-05
144 KSP unpreconditioned resid norm 9.845640008134e-22 true resid norm 9.845640008133e-22 ||r(i)||/||b|| 1.916228336341e-05
145 KSP unpreconditioned resid norm 9.256877708264e-22 true resid norm 9.256877708266e-22 ||r(i)||/||b|| 1.801639238888e-05
146 KSP unpreconditioned resid norm 8.592875789274e-22 true resid norm 8.592875789274e-22 ||r(i)||/||b|| 1.672406472760e-05
147 KSP unpreconditioned resid norm 8.071181762421e-22 true resid norm 8.071181762419e-22 ||r(i)||/||b|| 1.570870678608e-05
148 KSP unpreconditioned resid norm 7.641499300559e-22 true resid norm 7.641499300560e-22 ||r(i)||/||b|| 1.487242828274e-05
149 KSP unpreconditioned resid norm 7.286785291273e-22 true resid norm 7.286785291274e-22 ||r(i)||/||b|| 1.418205870257e-05
150 KSP unpreconditioned resid norm 6.943373055420e-22 true resid norm 6.943373055419e-22 ||r(i)||/||b|| 1.351368543598e-05
151 KSP unpreconditioned resid norm 6.687996153521e-22 true resid norm 6.687996153524e-22 ||r(i)||/||b|| 1.301665278452e-05
152 KSP unpreconditioned resid norm 6.497998420513e-22 true resid norm 6.497998420512e-22 ||r(i)||/||b|| 1.264686571172e-05
153 KSP unpreconditioned resid norm 6.345108655775e-22 true resid norm 6.345108655774e-22 ||r(i)||/||b|| 1.234930080047e-05
154 KSP unpreconditioned resid norm 6.223728575361e-22 true resid norm 6.223728575363e-22 ||r(i)||/||b|| 1.211306227320e-05
155 KSP unpreconditioned resid norm 6.119609297505e-22 true resid norm 6.119609297505e-22 ||r(i)||/||b|| 1.191041794493e-05
156 KSP unpreconditioned resid norm 6.013569093040e-22 true resid norm 6.013569093039e-22 ||r(i)||/||b|| 1.170403497295e-05
157 KSP unpreconditioned resid norm 5.885355132101e-22 true resid norm 5.885355132102e-22 ||r(i)||/||b|| 1.145449586238e-05
158 KSP unpreconditioned resid norm 5.761302494981e-22 true resid norm 5.761302494979e-22 ||r(i)||/||b|| 1.121305581556e-05
159 KSP unpreconditioned resid norm 5.636417789718e-22 true resid norm 5.636417789717e-22 ||r(i)||/||b|| 1.096999633867e-05
160 KSP unpreconditioned resid norm 5.523166947126e-22 true resid norm 5.523166947126e-22 ||r(i)||/||b|| 1.074957951101e-05
161 KSP unpreconditioned resid norm 5.419736629683e-22 true resid norm 5.419736629682e-22 ||r(i)||/||b|| 1.054827608639e-05
162 KSP unpreconditioned resid norm 5.331423754685e-22 true resid norm 5.331423754685e-22 ||r(i)||/||b|| 1.037639530120e-05
163 KSP unpreconditioned resid norm 5.240500579812e-22 true resid norm 5.240500579811e-22 ||r(i)||/||b|| 1.019943416512e-05
164 KSP unpreconditioned resid norm 5.156625652048e-22 true resid norm 5.156625652048e-22 ||r(i)||/||b|| 1.003619082781e-05
165 KSP unpreconditioned resid norm 5.063091942625e-22 true resid norm 5.063091942621e-22 ||r(i)||/||b|| 9.854148884109e-06
166 KSP unpreconditioned resid norm 4.977812340620e-22 true resid norm 4.977812340619e-22 ||r(i)||/||b|| 9.688171670101e-06
167 KSP unpreconditioned resid norm 4.884499762322e-22 true resid norm 4.884499762320e-22 ||r(i)||/||b|| 9.506560107495e-06
168 KSP unpreconditioned resid norm 4.801704030148e-22 true resid norm 4.801704030145e-22 ||r(i)||/||b|| 9.345417177232e-06
169 KSP unpreconditioned resid norm 4.703897482872e-22 true resid norm 4.703897482872e-22 ||r(i)||/||b|| 9.155059133256e-06
170 KSP unpreconditioned resid norm 4.614045515302e-22 true resid norm 4.614045515300e-22 ||r(i)||/||b|| 8.980182856858e-06
171 KSP unpreconditioned resid norm 4.518351061190e-22 true resid norm 4.518351061189e-22 ||r(i)||/||b|| 8.793935518497e-06
172 KSP unpreconditioned resid norm 4.411855918148e-22 true resid norm 4.411855918145e-22 ||r(i)||/||b|| 8.586667112770e-06
173 KSP unpreconditioned resid norm 4.307133935785e-22 true resid norm 4.307133935782e-22 ||r(i)||/||b|| 8.382849758210e-06
174 KSP unpreconditioned resid norm 4.220451872133e-22 true resid norm 4.220451872134e-22 ||r(i)||/||b|| 8.214142973809e-06
175 KSP unpreconditioned resid norm 4.155372420627e-22 true resid norm 4.155372420626e-22 ||r(i)||/||b|| 8.087480726367e-06
176 KSP unpreconditioned resid norm 4.092302992206e-22 true resid norm 4.092302992204e-22 ||r(i)||/||b|| 7.964730528514e-06
177 KSP unpreconditioned resid norm 4.030172528338e-22 true resid norm 4.030172528333e-22 ||r(i)||/||b|| 7.843807810111e-06
178 KSP unpreconditioned resid norm 3.965109415141e-22 true resid norm 3.965109415142e-22 ||r(i)||/||b|| 7.717177361461e-06
179 KSP unpreconditioned resid norm 3.885606631031e-22 true resid norm 3.885606631030e-22 ||r(i)||/||b|| 7.562443400432e-06
180 KSP unpreconditioned resid norm 3.772055498481e-22 true resid norm 3.772055498481e-22 ||r(i)||/||b|| 7.341442127143e-06
181 KSP unpreconditioned resid norm 3.634170797303e-22 true resid norm 3.634170797301e-22 ||r(i)||/||b|| 7.073081135546e-06
182 KSP unpreconditioned resid norm 3.510541585211e-22 true resid norm 3.510541585210e-22 ||r(i)||/||b|| 6.832465188576e-06
183 KSP unpreconditioned resid norm 3.395396830731e-22 true resid norm 3.395396830731e-22 ||r(i)||/||b|| 6.608362295182e-06
184 KSP unpreconditioned resid norm 3.306907775918e-22 true resid norm 3.306907775917e-22 ||r(i)||/||b|| 6.436138616325e-06
185 KSP unpreconditioned resid norm 3.232915899598e-22 true resid norm 3.232915899597e-22 ||r(i)||/||b|| 6.292130375168e-06
186 KSP unpreconditioned resid norm 3.171929884775e-22 true resid norm 3.171929884774e-22 ||r(i)||/||b|| 6.173435064728e-06
187 KSP unpreconditioned resid norm 3.112876491478e-22 true resid norm 3.112876491481e-22 ||r(i)||/||b|| 6.058501159475e-06
188 KSP unpreconditioned resid norm 3.043533077296e-22 true resid norm 3.043533077297e-22 ||r(i)||/||b|| 5.923540085246e-06
189 KSP unpreconditioned resid norm 2.950860924626e-22 true resid norm 2.950860924627e-22 ||r(i)||/||b|| 5.743174964451e-06
190 KSP unpreconditioned resid norm 2.936108560926e-22 true resid norm 2.919166031100e-22 ||r(i)||/||b|| 5.681488113171e-06
191 KSP unpreconditioned resid norm 2.935450142151e-22 true resid norm 2.916591326315e-22 ||r(i)||/||b|| 5.676477039982e-06
192 KSP unpreconditioned resid norm 2.929469342316e-22 true resid norm 2.908968662385e-22 ||r(i)||/||b|| 5.661641270435e-06
193 KSP unpreconditioned resid norm 2.929348930484e-22 true resid norm 2.908081901422e-22 ||r(i)||/||b|| 5.659915393313e-06
194 KSP unpreconditioned resid norm 2.922829616077e-22 true resid norm 2.906841090379e-22 ||r(i)||/||b|| 5.657500438796e-06
195 KSP unpreconditioned resid norm 2.922807207024e-22 true resid norm 2.906856137348e-22 ||r(i)||/||b|| 5.657529724276e-06
196 KSP unpreconditioned resid norm 2.917464060583e-22 true resid norm 2.918152036189e-22 ||r(i)||/||b|| 5.679514604309e-06
197 KSP unpreconditioned resid norm 2.916878446301e-22 true resid norm 2.920642603193e-22 ||r(i)||/||b|| 5.684361922575e-06
198 KSP unpreconditioned resid norm 2.910617745546e-22 true resid norm 2.943673199351e-22 ||r(i)||/||b|| 5.729185703381e-06
199 KSP unpreconditioned resid norm 2.910389655404e-22 true resid norm 2.944180888557e-22 ||r(i)||/||b|| 5.730173804146e-06
200 KSP unpreconditioned resid norm 2.973132379111e-22 true resid norm 2.973132379111e-22 ||r(i)||/||b|| 5.786521249851e-06
201 KSP unpreconditioned resid norm 2.917219730497e-22 true resid norm 2.917219730499e-22 ||r(i)||/||b|| 5.677700084806e-06
202 KSP unpreconditioned resid norm 2.867872308724e-22 true resid norm 2.867872308722e-22 ||r(i)||/||b|| 5.581656630184e-06
203 KSP unpreconditioned resid norm 2.820314978388e-22 true resid norm 2.820314978386e-22 ||r(i)||/||b|| 5.489097178574e-06
204 KSP unpreconditioned resid norm 2.776135772224e-22 true resid norm 2.776135772223e-22 ||r(i)||/||b|| 5.403112471987e-06
205 KSP unpreconditioned resid norm 2.736674030607e-22 true resid norm 2.736674030606e-22 ||r(i)||/||b|| 5.326309229714e-06
206 KSP unpreconditioned resid norm 2.687311618188e-22 true resid norm 2.687311618186e-22 ||r(i)||/||b|| 5.230236599239e-06
207 KSP unpreconditioned resid norm 2.633209419207e-22 true resid norm 2.633209419208e-22 ||r(i)||/||b|| 5.124939059763e-06
208 KSP unpreconditioned resid norm 2.569854236844e-22 true resid norm 2.569854236843e-22 ||r(i)||/||b|| 5.001632707307e-06
209 KSP unpreconditioned resid norm 2.508345272127e-22 true resid norm 2.508345272127e-22 ||r(i)||/||b|| 4.881919594669e-06
210 KSP unpreconditioned resid norm 2.450696689486e-22 true resid norm 2.450696689485e-22 ||r(i)||/||b|| 4.769719831610e-06
211 KSP unpreconditioned resid norm 2.396656278884e-22 true resid norm 2.396656278884e-22 ||r(i)||/||b|| 4.664542549059e-06
212 KSP unpreconditioned resid norm 2.353963920611e-22 true resid norm 2.353963920610e-22 ||r(i)||/||b|| 4.581451651361e-06
213 KSP unpreconditioned resid norm 2.317102578712e-22 true resid norm 2.317102578711e-22 ||r(i)||/||b|| 4.509709491578e-06
214 KSP unpreconditioned resid norm 2.278278814348e-22 true resid norm 2.278278814348e-22 ||r(i)||/||b|| 4.434147925917e-06
215 KSP unpreconditioned resid norm 2.237054383133e-22 true resid norm 2.237054383134e-22 ||r(i)||/||b|| 4.353914012045e-06
216 KSP unpreconditioned resid norm 2.190346353651e-22 true resid norm 2.190346353653e-22 ||r(i)||/||b|| 4.263007530036e-06
217 KSP unpreconditioned resid norm 2.149511430507e-22 true resid norm 2.149511430508e-22 ||r(i)||/||b|| 4.183531704415e-06
218 KSP unpreconditioned resid norm 2.114711771731e-22 true resid norm 2.114711771732e-22 ||r(i)||/||b|| 4.115802138650e-06
219 KSP unpreconditioned resid norm 2.078443466799e-22 true resid norm 2.078443466798e-22 ||r(i)||/||b|| 4.045214189499e-06
220 KSP unpreconditioned resid norm 2.039423057983e-22 true resid norm 2.039423057983e-22 ||r(i)||/||b|| 3.969269900449e-06
221 KSP unpreconditioned resid norm 1.996153160517e-22 true resid norm 1.996153160518e-22 ||r(i)||/||b|| 3.885054954987e-06
222 KSP unpreconditioned resid norm 1.950633356421e-22 true resid norm 1.950633356421e-22 ||r(i)||/||b|| 3.796461081553e-06
223 KSP unpreconditioned resid norm 1.900489100058e-22 true resid norm 1.900489100057e-22 ||r(i)||/||b|| 3.698866770903e-06
224 KSP unpreconditioned resid norm 1.863007834628e-22 true resid norm 1.863007834628e-22 ||r(i)||/||b|| 3.625918071949e-06
225 KSP unpreconditioned resid norm 1.832736287056e-22 true resid norm 1.832736287053e-22 ||r(i)||/||b|| 3.567001437581e-06
226 KSP unpreconditioned resid norm 1.807553803218e-22 true resid norm 1.807553803219e-22 ||r(i)||/||b|| 3.517989500254e-06
227 KSP unpreconditioned resid norm 1.787458049218e-22 true resid norm 1.787458049217e-22 ||r(i)||/||b|| 3.478877717548e-06
228 KSP unpreconditioned resid norm 1.765568551949e-22 true resid norm 1.765568551947e-22 ||r(i)||/||b|| 3.436274824387e-06
229 KSP unpreconditioned resid norm 1.747534091708e-22 true resid norm 1.747534091710e-22 ||r(i)||/||b|| 3.401174877905e-06
230 KSP unpreconditioned resid norm 1.722739208539e-22 true resid norm 1.722739208538e-22 ||r(i)||/||b|| 3.352917316497e-06
231 KSP unpreconditioned resid norm 1.694063612106e-22 true resid norm 1.694063612105e-22 ||r(i)||/||b|| 3.297106835510e-06
232 KSP unpreconditioned resid norm 1.666975506221e-22 true resid norm 1.666975506218e-22 ||r(i)||/||b|| 3.244386041296e-06
233 KSP unpreconditioned resid norm 1.641699583448e-22 true resid norm 1.641699583449e-22 ||r(i)||/||b|| 3.195192246483e-06
234 KSP unpreconditioned resid norm 1.622031786117e-22 true resid norm 1.622031786117e-22 ||r(i)||/||b|| 3.156913383422e-06
235 KSP unpreconditioned resid norm 1.597285221740e-22 true resid norm 1.597285221738e-22 ||r(i)||/||b|| 3.108749863478e-06
236 KSP unpreconditioned resid norm 1.573117978216e-22 true resid norm 1.573117978214e-22 ||r(i)||/||b|| 3.061713858897e-06
237 KSP unpreconditioned resid norm 1.544796179400e-22 true resid norm 1.544796179398e-22 ||r(i)||/||b|| 3.006591963943e-06
238 KSP unpreconditioned resid norm 1.515341911421e-22 true resid norm 1.515341911419e-22 ||r(i)||/||b|| 2.949265977130e-06
239 KSP unpreconditioned resid norm 1.480224746169e-22 true resid norm 1.480224746171e-22 ||r(i)||/||b|| 2.880918457737e-06
240 KSP unpreconditioned resid norm 1.432839061870e-22 true resid norm 1.432839061872e-22 ||r(i)||/||b|| 2.788693075825e-06
241 KSP unpreconditioned resid norm 1.374222358585e-22 true resid norm 1.374222358585e-22 ||r(i)||/||b|| 2.674609087655e-06
242 KSP unpreconditioned resid norm 1.311437753152e-22 true resid norm 1.311437753151e-22 ||r(i)||/||b|| 2.552413232517e-06
243 KSP unpreconditioned resid norm 1.257729781833e-22 true resid norm 1.257729781835e-22 ||r(i)||/||b|| 2.447882966898e-06
244 KSP unpreconditioned resid norm 1.210105989170e-22 true resid norm 1.210105989174e-22 ||r(i)||/||b|| 2.355194161594e-06
245 KSP unpreconditioned resid norm 1.165156288295e-22 true resid norm 1.165156288297e-22 ||r(i)||/||b|| 2.267709863509e-06
246 KSP unpreconditioned resid norm 1.107824290237e-22 true resid norm 1.107824290237e-22 ||r(i)||/||b|| 2.156126259832e-06
247 KSP unpreconditioned resid norm 1.047571839773e-22 true resid norm 1.047571839773e-22 ||r(i)||/||b|| 2.038858664411e-06
248 KSP unpreconditioned resid norm 9.784094941230e-23 true resid norm 9.784094941227e-23 ||r(i)||/||b|| 1.904249998613e-06
249 KSP unpreconditioned resid norm 9.049833362079e-23 true resid norm 9.049833362068e-23 ||r(i)||/||b|| 1.761342798765e-06
250 KSP unpreconditioned resid norm 8.373167779609e-23 true resid norm 8.373167779598e-23 ||r(i)||/||b|| 1.629645340572e-06
251 KSP unpreconditioned resid norm 7.830377113250e-23 true resid norm 7.830377113235e-23 ||r(i)||/||b|| 1.524003568709e-06
252 KSP unpreconditioned resid norm 7.360439115026e-23 true resid norm 7.360439115025e-23 ||r(i)||/||b|| 1.432540900182e-06
253 KSP unpreconditioned resid norm 6.931973305457e-23 true resid norm 6.931973305449e-23 ||r(i)||/||b|| 1.349149843351e-06
254 KSP unpreconditioned resid norm 6.559808076602e-23 true resid norm 6.559808076586e-23 ||r(i)||/||b|| 1.276716405122e-06
255 KSP unpreconditioned resid norm 6.192791696718e-23 true resid norm 6.192791696698e-23 ||r(i)||/||b|| 1.205285072424e-06
256 KSP unpreconditioned resid norm 5.837580508376e-23 true resid norm 5.837580508359e-23 ||r(i)||/||b|| 1.136151349892e-06
257 KSP unpreconditioned resid norm 5.524198246380e-23 true resid norm 5.524198246367e-23 ||r(i)||/||b|| 1.075158669879e-06
258 KSP unpreconditioned resid norm 5.238678047898e-23 true resid norm 5.238678047899e-23 ||r(i)||/||b|| 1.019588702416e-06
259 KSP unpreconditioned resid norm 4.964365152224e-23 true resid norm 4.964365152203e-23 ||r(i)||/||b|| 9.661999797611e-07
260 KSP unpreconditioned resid norm 4.663204415865e-23 true resid norm 4.663204415846e-23 ||r(i)||/||b|| 9.075859398081e-07
261 KSP unpreconditioned resid norm 4.371497433940e-23 true resid norm 4.371497433923e-23 ||r(i)||/||b|| 8.508118566395e-07
262 KSP unpreconditioned resid norm 4.088302586200e-23 true resid norm 4.088302586188e-23 ||r(i)||/||b|| 7.956944654403e-07
263 KSP unpreconditioned resid norm 3.791667660474e-23 true resid norm 3.791667660454e-23 ||r(i)||/||b|| 7.379612708719e-07
264 KSP unpreconditioned resid norm 3.512543349044e-23 true resid norm 3.512543349036e-23 ||r(i)||/||b|| 6.836361163405e-07
265 KSP unpreconditioned resid norm 3.278095246920e-23 true resid norm 3.278095246909e-23 ||r(i)||/||b|| 6.380061627443e-07
266 KSP unpreconditioned resid norm 3.088016439624e-23 true resid norm 3.088016439622e-23 ||r(i)||/||b|| 6.010116762141e-07
267 KSP unpreconditioned resid norm 2.945775735788e-23 true resid norm 2.945775735787e-23 ||r(i)||/||b|| 5.733277809017e-07
268 KSP unpreconditioned resid norm 2.851614776801e-23 true resid norm 2.851614776802e-23 ||r(i)||/||b|| 5.550015067707e-07
269 KSP unpreconditioned resid norm 2.767810428451e-23 true resid norm 2.767810428443e-23 ||r(i)||/||b|| 5.386909097042e-07
270 KSP unpreconditioned resid norm 2.683894317600e-23 true resid norm 2.683894317598e-23 ||r(i)||/||b|| 5.223585606295e-07
271 KSP unpreconditioned resid norm 2.596661594943e-23 true resid norm 2.596661594940e-23 ||r(i)||/||b|| 5.053807090247e-07
272 KSP unpreconditioned resid norm 2.485536620549e-23 true resid norm 2.485536620548e-23 ||r(i)||/||b|| 4.837527778156e-07
273 KSP unpreconditioned resid norm 2.345143273774e-23 true resid norm 2.345143273783e-23 ||r(i)||/||b|| 4.564284282475e-07
274 KSP unpreconditioned resid norm 2.180902528848e-23 true resid norm 2.180902528860e-23 ||r(i)||/||b|| 4.244627287963e-07
275 KSP unpreconditioned resid norm 2.021838997376e-23 true resid norm 2.021838997376e-23 ||r(i)||/||b|| 3.935046553694e-07
276 KSP unpreconditioned resid norm 1.892124238458e-23 true resid norm 1.892124238461e-23 ||r(i)||/||b|| 3.682586483582e-07
277 KSP unpreconditioned resid norm 1.784685218439e-23 true resid norm 1.784685218451e-23 ||r(i)||/||b|| 3.473481037515e-07
278 KSP unpreconditioned resid norm 1.714999157482e-23 true resid norm 1.714999157482e-23 ||r(i)||/||b|| 3.337853079792e-07
279 KSP unpreconditioned resid norm 1.659301624564e-23 true resid norm 1.659301624570e-23 ||r(i)||/||b|| 3.229450588190e-07
280 KSP unpreconditioned resid norm 1.612354664893e-23 true resid norm 1.612354664898e-23 ||r(i)||/||b|| 3.138079083287e-07
281 KSP unpreconditioned resid norm 1.566921985523e-23 true resid norm 1.566921985531e-23 ||r(i)||/||b|| 3.049654778186e-07
282 KSP unpreconditioned resid norm 1.520639338879e-23 true resid norm 1.520639338892e-23 ||r(i)||/||b|| 2.959576206455e-07
283 KSP unpreconditioned resid norm 1.476524521414e-23 true resid norm 1.476524521432e-23 ||r(i)||/||b|| 2.873716817731e-07
284 KSP unpreconditioned resid norm 1.440526734539e-23 true resid norm 1.440526734546e-23 ||r(i)||/||b|| 2.803655370005e-07
285 KSP unpreconditioned resid norm 1.407218288786e-23 true resid norm 1.407218288806e-23 ||r(i)||/||b|| 2.738828108889e-07
286 KSP unpreconditioned resid norm 1.374218579321e-23 true resid norm 1.374218579337e-23 ||r(i)||/||b|| 2.674601732214e-07
287 KSP unpreconditioned resid norm 1.338602726785e-23 true resid norm 1.338602726805e-23 ||r(i)||/||b|| 2.605283632235e-07
288 KSP unpreconditioned resid norm 1.309652128625e-23 true resid norm 1.309652128647e-23 ||r(i)||/||b|| 2.548937923375e-07
289 KSP unpreconditioned resid norm 1.283196844191e-23 true resid norm 1.283196844199e-23 ||r(i)||/||b|| 2.497448771158e-07
290 KSP unpreconditioned resid norm 1.255701767526e-23 true resid norm 1.255701767539e-23 ||r(i)||/||b|| 2.443935901540e-07
291 KSP unpreconditioned resid norm 1.239336741007e-23 true resid norm 1.245900338131e-23 ||r(i)||/||b|| 2.424859663983e-07
292 KSP unpreconditioned resid norm 1.238469629161e-23 true resid norm 1.239980918097e-23 ||r(i)||/||b|| 2.413338868592e-07
293 KSP unpreconditioned resid norm 1.237347995645e-23 true resid norm 1.244481323792e-23 ||r(i)||/||b|| 2.422097877565e-07
294 KSP unpreconditioned resid norm 1.237252404393e-23 true resid norm 1.244118964108e-23 ||r(i)||/||b|| 2.421392627429e-07
295 KSP unpreconditioned resid norm 1.236226714019e-23 true resid norm 1.252015273639e-23 ||r(i)||/||b|| 2.436760985469e-07
296 KSP unpreconditioned resid norm 1.235798945151e-23 true resid norm 1.255204742194e-23 ||r(i)||/||b|| 2.442968555537e-07
297 KSP unpreconditioned resid norm 1.234398290757e-23 true resid norm 1.266491978349e-23 ||r(i)||/||b|| 2.464936575637e-07
298 KSP unpreconditioned resid norm 1.234370367424e-23 true resid norm 1.267283544547e-23 ||r(i)||/||b|| 2.466477177953e-07
299 KSP unpreconditioned resid norm 1.233696919118e-23 true resid norm 1.275771629446e-23 ||r(i)||/||b|| 2.482997291211e-07
300 KSP unpreconditioned resid norm 1.277746803315e-23 true resid norm 1.277746803315e-23 ||r(i)||/||b|| 2.486841514780e-07
301 KSP unpreconditioned resid norm 1.260208532913e-23 true resid norm 1.260208532914e-23 ||r(i)||/||b|| 2.452707288174e-07
302 KSP unpreconditioned resid norm 1.242515568499e-23 true resid norm 1.242515568501e-23 ||r(i)||/||b|| 2.418271985102e-07
303 KSP unpreconditioned resid norm 1.226297352294e-23 true resid norm 1.226297352298e-23 ||r(i)||/||b|| 2.386706941663e-07
304 KSP unpreconditioned resid norm 1.210203597143e-23 true resid norm 1.210203597141e-23 ||r(i)||/||b|| 2.355384133147e-07
305 KSP unpreconditioned resid norm 1.195570952414e-23 true resid norm 1.195570952418e-23 ||r(i)||/||b|| 2.326905041457e-07
306 KSP unpreconditioned resid norm 1.179049020111e-23 true resid norm 1.179049020104e-23 ||r(i)||/||b|| 2.294748884167e-07
307 KSP unpreconditioned resid norm 1.163599764924e-23 true resid norm 1.163599764926e-23 ||r(i)||/||b|| 2.264680447253e-07
308 KSP unpreconditioned resid norm 1.147312615525e-23 true resid norm 1.147312615534e-23 ||r(i)||/||b|| 2.232981241149e-07
309 KSP unpreconditioned resid norm 1.133829698316e-23 true resid norm 1.133829698323e-23 ||r(i)||/||b|| 2.206739830743e-07
310 KSP unpreconditioned resid norm 1.118095779767e-23 true resid norm 1.118095779768e-23 ||r(i)||/||b|| 2.176117361761e-07
311 KSP unpreconditioned resid norm 1.100665884769e-23 true resid norm 1.100665884770e-23 ||r(i)||/||b|| 2.142194063055e-07
312 KSP unpreconditioned resid norm 1.083059587393e-23 true resid norm 1.083059587390e-23 ||r(i)||/||b|| 2.107927437514e-07
313 KSP unpreconditioned resid norm 1.065741980605e-23 true resid norm 1.065741980604e-23 ||r(i)||/||b|| 2.074222682095e-07
314 KSP unpreconditioned resid norm 1.045347698571e-23 true resid norm 1.045347698566e-23 ||r(i)||/||b|| 2.034529882939e-07
315 KSP unpreconditioned resid norm 1.018290305462e-23 true resid norm 1.018290305460e-23 ||r(i)||/||b|| 1.981868864119e-07
316 KSP unpreconditioned resid norm 9.824608179347e-24 true resid norm 9.824608179292e-24 ||r(i)||/||b|| 1.912134972541e-07
317 KSP unpreconditioned resid norm 9.446196540000e-24 true resid norm 9.446196539946e-24 ||r(i)||/||b|| 1.838485813572e-07
318 KSP unpreconditioned resid norm 9.031851718585e-24 true resid norm 9.031851718658e-24 ||r(i)||/||b|| 1.757843083702e-07
319 KSP unpreconditioned resid norm 8.712924566457e-24 true resid norm 8.712924566411e-24 ||r(i)||/||b|| 1.695771217794e-07
320 KSP unpreconditioned resid norm 8.447114545997e-24 true resid norm 8.447114545934e-24 ||r(i)||/||b|| 1.644037385062e-07
321 KSP unpreconditioned resid norm 8.238559085148e-24 true resid norm 8.238559085092e-24 ||r(i)||/||b|| 1.603446841082e-07
322 KSP unpreconditioned resid norm 8.052599090345e-24 true resid norm 8.052599090355e-24 ||r(i)||/||b|| 1.567253987083e-07
323 KSP unpreconditioned resid norm 7.826594262936e-24 true resid norm 7.826594262835e-24 ||r(i)||/||b|| 1.523267323516e-07
324 KSP unpreconditioned resid norm 7.567614963510e-24 true resid norm 7.567614963531e-24 ||r(i)||/||b|| 1.472862934218e-07
325 KSP unpreconditioned resid norm 7.244952335927e-24 true resid norm 7.244952335984e-24 ||r(i)||/||b|| 1.410064043595e-07
326 KSP unpreconditioned resid norm 6.930209934438e-24 true resid norm 6.930209934500e-24 ||r(i)||/||b|| 1.348806643581e-07
327 KSP unpreconditioned resid norm 6.578121662455e-24 true resid norm 6.578121662484e-24 ||r(i)||/||b|| 1.280280725188e-07
328 KSP unpreconditioned resid norm 6.209676394923e-24 true resid norm 6.209676394984e-24 ||r(i)||/||b|| 1.208571292242e-07
329 KSP unpreconditioned resid norm 5.841093720418e-24 true resid norm 5.841093720531e-24 ||r(i)||/||b|| 1.136835116179e-07
330 KSP unpreconditioned resid norm 5.543632337467e-24 true resid norm 5.543632337538e-24 ||r(i)||/||b|| 1.078941070633e-07
331 KSP unpreconditioned resid norm 5.281232456054e-24 true resid norm 5.281232456039e-24 ||r(i)||/||b|| 1.027870943352e-07
332 KSP unpreconditioned resid norm 5.049549234060e-24 true resid norm 5.049549234039e-24 ||r(i)||/||b|| 9.827791103493e-08
333 KSP unpreconditioned resid norm 4.859936011254e-24 true resid norm 4.859936011424e-24 ||r(i)||/||b|| 9.458752392125e-08
334 KSP unpreconditioned resid norm 4.704954549271e-24 true resid norm 4.704954549388e-24 ||r(i)||/||b|| 9.157116471134e-08
335 KSP unpreconditioned resid norm 4.578365136099e-24 true resid norm 4.578365136432e-24 ||r(i)||/||b|| 8.910739171145e-08
336 KSP unpreconditioned resid norm 4.454014933737e-24 true resid norm 4.454014933961e-24 ||r(i)||/||b|| 8.668719981526e-08
337 KSP unpreconditioned resid norm 4.296580193794e-24 true resid norm 4.296580194032e-24 ||r(i)||/||b|| 8.362309316981e-08
338 KSP unpreconditioned resid norm 4.141140746655e-24 true resid norm 4.141140746713e-24 ||r(i)||/||b|| 8.059782032526e-08
339 KSP unpreconditioned resid norm 3.997468516634e-24 true resid norm 3.997468516882e-24 ||r(i)||/||b|| 7.780156941908e-08
340 KSP unpreconditioned resid norm 3.841262362554e-24 true resid norm 3.841262362614e-24 ||r(i)||/||b|| 7.476137437972e-08
341 KSP unpreconditioned resid norm 3.697937992353e-24 true resid norm 3.697937992598e-24 ||r(i)||/||b|| 7.197189376814e-08
342 KSP unpreconditioned resid norm 3.572071247258e-24 true resid norm 3.572071247423e-24 ||r(i)||/||b|| 6.952218584150e-08
343 KSP unpreconditioned resid norm 3.457680691813e-24 true resid norm 3.457680692063e-24 ||r(i)||/||b|| 6.729583566609e-08
344 KSP unpreconditioned resid norm 3.351040123715e-24 true resid norm 3.351040123813e-24 ||r(i)||/||b|| 6.522032124027e-08
345 KSP unpreconditioned resid norm 3.237123640280e-24 true resid norm 3.237123640401e-24 ||r(i)||/||b|| 6.300319778959e-08
346 KSP unpreconditioned resid norm 3.087982117731e-24 true resid norm 3.087982117799e-24 ||r(i)||/||b|| 6.010049962574e-08
347 KSP unpreconditioned resid norm 2.905581706175e-24 true resid norm 2.905581706217e-24 ||r(i)||/||b|| 5.655049335956e-08
348 KSP unpreconditioned resid norm 2.707482499172e-24 true resid norm 2.707482499568e-24 ||r(i)||/||b|| 5.269494600181e-08
349 KSP unpreconditioned resid norm 2.515835326682e-24 true resid norm 2.515835327151e-24 ||r(i)||/||b|| 4.896497271351e-08
350 KSP unpreconditioned resid norm 2.354107667179e-24 true resid norm 2.354107667324e-24 ||r(i)||/||b|| 4.581731421418e-08
351 KSP unpreconditioned resid norm 2.217928280729e-24 true resid norm 2.217928281171e-24 ||r(i)||/||b|| 4.316689434958e-08
352 KSP unpreconditioned resid norm 2.110425464623e-24 true resid norm 2.110425465006e-24 ||r(i)||/||b|| 4.107459824287e-08
353 KSP unpreconditioned resid norm 2.027158837110e-24 true resid norm 2.027158837434e-24 ||r(i)||/||b|| 3.945400403982e-08
354 KSP unpreconditioned resid norm 1.959614188197e-24 true resid norm 1.959614188214e-24 ||r(i)||/||b|| 3.813940213790e-08
355 KSP unpreconditioned resid norm 1.896475106165e-24 true resid norm 1.896475106787e-24 ||r(i)||/||b|| 3.691054452315e-08
356 KSP unpreconditioned resid norm 1.832842407111e-24 true resid norm 1.832842407358e-24 ||r(i)||/||b|| 3.567207976449e-08
357 KSP unpreconditioned resid norm 1.777342092183e-24 true resid norm 1.777342092614e-24 ||r(i)||/||b|| 3.459189324844e-08
358 KSP unpreconditioned resid norm 1.721918175507e-24 true resid norm 1.721918175729e-24 ||r(i)||/||b|| 3.351319364172e-08
359 KSP unpreconditioned resid norm 1.674829393615e-24 true resid norm 1.674829394057e-24 ||r(i)||/||b|| 3.259671835225e-08
360 KSP unpreconditioned resid norm 1.631029086709e-24 true resid norm 1.631029087256e-24 ||r(i)||/||b|| 3.174424569468e-08
361 KSP unpreconditioned resid norm 1.598807469660e-24 true resid norm 1.598807469862e-24 ||r(i)||/||b|| 3.111712570815e-08
362 KSP unpreconditioned resid norm 1.564524856398e-24 true resid norm 1.564524856562e-24 ||r(i)||/||b|| 3.044989315654e-08
363 KSP unpreconditioned resid norm 1.533118284205e-24 true resid norm 1.533118284063e-24 ||r(i)||/||b|| 2.983863615221e-08
364 KSP unpreconditioned resid norm 1.501059924478e-24 true resid norm 1.501059924522e-24 ||r(i)||/||b|| 2.921469360588e-08
365 KSP unpreconditioned resid norm 1.470201755276e-24 true resid norm 1.470201755512e-24 ||r(i)||/||b|| 2.861411001949e-08
366 KSP unpreconditioned resid norm 1.438482227955e-24 true resid norm 1.438482227915e-24 ||r(i)||/||b|| 2.799676206094e-08
367 KSP unpreconditioned resid norm 1.406769923204e-24 true resid norm 1.406769923497e-24 ||r(i)||/||b|| 2.737955468502e-08
368 KSP unpreconditioned resid norm 1.377193266741e-24 true resid norm 1.377193266717e-24 ||r(i)||/||b|| 2.680391279918e-08
369 KSP unpreconditioned resid norm 1.350129581581e-24 true resid norm 1.350129581771e-24 ||r(i)||/||b|| 2.627718015470e-08
370 KSP unpreconditioned resid norm 1.328140127234e-24 true resid norm 1.328140127399e-24 ||r(i)||/||b|| 2.584920578703e-08
371 KSP unpreconditioned resid norm 1.309151436050e-24 true resid norm 1.309151436285e-24 ||r(i)||/||b|| 2.547963440363e-08
372 KSP unpreconditioned resid norm 1.292975543644e-24 true resid norm 1.292975543794e-24 ||r(i)||/||b|| 2.516480770338e-08
373 KSP unpreconditioned resid norm 1.279544221159e-24 true resid norm 1.279544221218e-24 ||r(i)||/||b|| 2.490339777072e-08
374 KSP unpreconditioned resid norm 1.268972859107e-24 true resid norm 1.268972859166e-24 ||r(i)||/||b|| 2.469765041961e-08
375 KSP unpreconditioned resid norm 1.259130523848e-24 true resid norm 1.259130524153e-24 ||r(i)||/||b|| 2.450609191013e-08
376 KSP unpreconditioned resid norm 1.249345384982e-24 true resid norm 1.249345385491e-24 ||r(i)||/||b|| 2.431564659663e-08
377 KSP unpreconditioned resid norm 1.239780271787e-24 true resid norm 1.239780271750e-24 ||r(i)||/||b|| 2.412948356431e-08
378 KSP unpreconditioned resid norm 1.227868057216e-24 true resid norm 1.227868057597e-24 ||r(i)||/||b|| 2.389763959795e-08
379 KSP unpreconditioned resid norm 1.210228547899e-24 true resid norm 1.210228548186e-24 ||r(i)||/||b|| 2.355432694641e-08
380 KSP unpreconditioned resid norm 1.181387980812e-24 true resid norm 1.181387981158e-24 ||r(i)||/||b|| 2.299301136175e-08
381 KSP unpreconditioned resid norm 1.145322177648e-24 true resid norm 1.145322177691e-24 ||r(i)||/||b|| 2.229107309751e-08
382 KSP unpreconditioned resid norm 1.095202748066e-24 true resid norm 1.095202748300e-24 ||r(i)||/||b|| 2.131561319118e-08
383 KSP unpreconditioned resid norm 1.042053431249e-24 true resid norm 1.042053431311e-24 ||r(i)||/||b|| 2.028118346202e-08
384 KSP unpreconditioned resid norm 9.815525095531e-25 true resid norm 9.815525098343e-25 ||r(i)||/||b|| 1.910367158861e-08
  Linear solve converged due to CONVERGED_ATOL iterations 384
Mat Object: 1 MPI process
  type: seqaijcusparse
  rows=281452, cols=281452, bs=4
  total: nonzeros=15993520, allocated nonzeros=15993520
  total number of mallocs used during MatSetValues calls=0
    not using I-node routines
Vec Object: 1 MPI process
  type: seqcuda
  length=281452, bs=4
Vec Object: 1 MPI process
  type: seqcuda
  length=281452, bs=4
KSP Object: 1 MPI process
  type: gmres
    restart=100, using classical (unmodified) Gram-Schmidt orthogonalization with no iterative refinement
    happy breakdown tolerance=1e-30
  maximum iterations=2000, initial guess is zero
  tolerances: relative=1e-10, absolute=1e-24, divergence=10000.
  right preconditioning
  diagonally scaled system
  using UNPRECONDITIONED norm type for convergence test
PC Object: 1 MPI process
  type: asm
    total subdomain blocks = 1, amount of overlap = 2
    restriction/interpolation type - RESTRICT
    Local solver information for first block is in the following KSP and PC objects on rank 0:
    Use -ksp_view ::ascii_info_detail to display information for all blocks
    KSP Object: (sub_) 1 MPI process
      type: preonly
      maximum iterations=10000, initial guess is zero
      tolerances: relative=1e-05, absolute=1e-50, divergence=10000.
      left preconditioning
      not checking for convergence
    PC Object: (sub_) 1 MPI process
      type: ilu
        out-of-place factorization
        2 levels of fill
        tolerance for zero pivot 2.22045e-14
        matrix ordering: natural
        factor fill ratio given 1., needed 4.996
          Factored matrix:
            Mat Object: (sub_) 1 MPI process
              type: seqaijcusparse
              rows=281452, cols=281452, bs=4
              package used to perform factorization: cusparse
              total: nonzeros=79903664, allocated nonzeros=79903664
                using I-node routines: found 70363 nodes, limit used is 5
      linear system matrix, which is also used to construct the preconditioner:
      Mat Object: (sub_) 1 MPI process
        type: seqaijcusparse
        rows=281452, cols=281452, bs=4
        total: nonzeros=15993520, allocated nonzeros=15993520
        total number of mallocs used during MatSetValues calls=0
          not using I-node routines
  linear system matrix, which is also used to construct the preconditioner:
  Mat Object: 1 MPI process
    type: seqaijcusparse
    rows=281452, cols=281452, bs=4
    total: nonzeros=15993520, allocated nonzeros=15993520
    total number of mallocs used during MatSetValues calls=0
      not using I-node routines
SV13Q_END logical=13 attempt=0 step=67 reason=3 iterations=384 healthy=1 ref=384 ratio=1 pending=0 recovery=NONE
 NS     67-1    2.396e+03 [   0  1.000e+00  5.096e-14  1.910e-08] [  384 -178   82]
Vec Object: 1 MPI process
  type: seqcuda
  length=281452, bs=4
Mat Object: 1 MPI process
  type: seqaijcusparse
  rows=281452, cols=281452, bs=4
  total: nonzeros=15993520, allocated nonzeros=15993520
  total number of mallocs used during MatSetValues calls=0
    not using I-node routines
Mat Object: 1 MPI process
  type: seqaijcusparse
  rows=281452, cols=281452, bs=4
  total: nonzeros=15993520, allocated nonzeros=15993520
  total number of mallocs used during MatSetValues calls=0
    not using I-node routines
SV13Q_BEGIN logical=14 attempt=0 step=67 equation=0 policy=R3 reuse=1 age=0 ref=384 rebuild_reason=REUSE builds=3 attempts=14 ksp=0x55e693816a00 pc=0x55e6952d3390
  0 KSP unpreconditioned resid norm 3.207929413046e-17 true resid norm 3.207929413046e-17 ||r(i)||/||b|| 1.000000000000e+00
  1 KSP unpreconditioned resid norm 1.929922681346e-18 true resid norm 1.929922681346e-18 ||r(i)||/||b|| 6.016100832821e-02
  2 KSP unpreconditioned resid norm 6.943298945724e-19 true resid norm 6.943298945724e-19 ||r(i)||/||b|| 2.164417620128e-02
  3 KSP unpreconditioned resid norm 3.904465747464e-19 true resid norm 3.904465747464e-19 ||r(i)||/||b|| 1.217129570117e-02
  4 KSP unpreconditioned resid norm 2.632359948989e-19 true resid norm 2.632359948989e-19 ||r(i)||/||b|| 8.205791368989e-03
  5 KSP unpreconditioned resid norm 1.976105625592e-19 true resid norm 1.976105625592e-19 ||r(i)||/||b|| 6.160065796820e-03
  6 KSP unpreconditioned resid norm 1.564741751960e-19 true resid norm 1.564741751960e-19 ||r(i)||/||b|| 4.877731241831e-03
  7 KSP unpreconditioned resid norm 1.265102809419e-19 true resid norm 1.265102809419e-19 ||r(i)||/||b|| 3.943674085453e-03
  8 KSP unpreconditioned resid norm 1.001678693944e-19 true resid norm 1.001678693944e-19 ||r(i)||/||b|| 3.122508524879e-03
  9 KSP unpreconditioned resid norm 7.520480540065e-20 true resid norm 7.520480540065e-20 ||r(i)||/||b|| 2.344341028665e-03
 10 KSP unpreconditioned resid norm 5.655327208462e-20 true resid norm 5.655327208462e-20 ||r(i)||/||b|| 1.762921336568e-03
 11 KSP unpreconditioned resid norm 4.473234313106e-20 true resid norm 4.473234313106e-20 ||r(i)||/||b|| 1.394430405767e-03
 12 KSP unpreconditioned resid norm 3.771662425609e-20 true resid norm 3.771662425609e-20 ||r(i)||/||b|| 1.175731114990e-03
 13 KSP unpreconditioned resid norm 3.288214269071e-20 true resid norm 3.288214269071e-20 ||r(i)||/||b|| 1.025027002059e-03
 14 KSP unpreconditioned resid norm 2.939992756242e-20 true resid norm 2.939992756242e-20 ||r(i)||/||b|| 9.164767604568e-04
 15 KSP unpreconditioned resid norm 2.677904380899e-20 true resid norm 2.677904380899e-20 ||r(i)||/||b|| 8.347765914077e-04
 16 KSP unpreconditioned resid norm 2.519900521970e-20 true resid norm 2.519900521970e-20 ||r(i)||/||b|| 7.855224344159e-04
 17 KSP unpreconditioned resid norm 2.399571621555e-20 true resid norm 2.399571621555e-20 ||r(i)||/||b|| 7.480126002140e-04
 18 KSP unpreconditioned resid norm 2.305300531684e-20 true resid norm 2.305300531684e-20 ||r(i)||/||b|| 7.186257036420e-04
 19 KSP unpreconditioned resid norm 2.221461568966e-20 true resid norm 2.221461568966e-20 ||r(i)||/||b|| 6.924907885855e-04
 20 KSP unpreconditioned resid norm 2.129474194034e-20 true resid norm 2.129474194034e-20 ||r(i)||/||b|| 6.638157888929e-04
 21 KSP unpreconditioned resid norm 2.036459166491e-20 true resid norm 2.036459166491e-20 ||r(i)||/||b|| 6.348204415626e-04
 22 KSP unpreconditioned resid norm 1.931486945109e-20 true resid norm 1.931486945109e-20 ||r(i)||/||b|| 6.020977074040e-04
 23 KSP unpreconditioned resid norm 1.822374469062e-20 true resid norm 1.822374469062e-20 ||r(i)||/||b|| 5.680843417724e-04
 24 KSP unpreconditioned resid norm 1.727263627876e-20 true resid norm 1.727263627876e-20 ||r(i)||/||b|| 5.384356715742e-04
 25 KSP unpreconditioned resid norm 1.652170333931e-20 true resid norm 1.652170333931e-20 ||r(i)||/||b|| 5.150270224813e-04
 26 KSP unpreconditioned resid norm 1.581942050468e-20 true resid norm 1.581942050468e-20 ||r(i)||/||b|| 4.931349312224e-04
 27 KSP unpreconditioned resid norm 1.512473064814e-20 true resid norm 1.512473064814e-20 ||r(i)||/||b|| 4.714795340145e-04
 28 KSP unpreconditioned resid norm 1.435820646995e-20 true resid norm 1.435820646995e-20 ||r(i)||/||b|| 4.475848630447e-04
 29 KSP unpreconditioned resid norm 1.370102146068e-20 true resid norm 1.370102146068e-20 ||r(i)||/||b|| 4.270985952797e-04
 30 KSP unpreconditioned resid norm 1.320285812725e-20 true resid norm 1.320285812725e-20 ||r(i)||/||b|| 4.115694713717e-04
 31 KSP unpreconditioned resid norm 1.282201749293e-20 true resid norm 1.282201749293e-20 ||r(i)||/||b|| 3.996976193051e-04
 32 KSP unpreconditioned resid norm 1.252841929813e-20 true resid norm 1.252841929813e-20 ||r(i)||/||b|| 3.905453544952e-04
 33 KSP unpreconditioned resid norm 1.228469784853e-20 true resid norm 1.228469784853e-20 ||r(i)||/||b|| 3.829478852798e-04
 34 KSP unpreconditioned resid norm 1.208458890186e-20 true resid norm 1.208458890186e-20 ||r(i)||/||b|| 3.767099379654e-04
 35 KSP unpreconditioned resid norm 1.192930149619e-20 true resid norm 1.192930149619e-20 ||r(i)||/||b|| 3.718692016003e-04
 36 KSP unpreconditioned resid norm 1.179890047593e-20 true resid norm 1.179890047593e-20 ||r(i)||/||b|| 3.678042424483e-04
 37 KSP unpreconditioned resid norm 1.165694413688e-20 true resid norm 1.165694413688e-20 ||r(i)||/||b|| 3.633790721665e-04
 38 KSP unpreconditioned resid norm 1.149868655281e-20 true resid norm 1.149868655281e-20 ||r(i)||/||b|| 3.584457471554e-04
 39 KSP unpreconditioned resid norm 1.135991035048e-20 true resid norm 1.135991035048e-20 ||r(i)||/||b|| 3.541197104989e-04
 40 KSP unpreconditioned resid norm 1.125550880088e-20 true resid norm 1.125550880088e-20 ||r(i)||/||b|| 3.508652264950e-04
 41 KSP unpreconditioned resid norm 1.114267423934e-20 true resid norm 1.114267423934e-20 ||r(i)||/||b|| 3.473478622698e-04
 42 KSP unpreconditioned resid norm 1.100299912866e-20 true resid norm 1.100299912866e-20 ||r(i)||/||b|| 3.429938041626e-04
 43 KSP unpreconditioned resid norm 1.084825775028e-20 true resid norm 1.084825775028e-20 ||r(i)||/||b|| 3.381700889728e-04
 44 KSP unpreconditioned resid norm 1.061651288784e-20 true resid norm 1.061651288784e-20 ||r(i)||/||b|| 3.309459629837e-04
 45 KSP unpreconditioned resid norm 1.041165751029e-20 true resid norm 1.041165751029e-20 ||r(i)||/||b|| 3.245600563387e-04
 46 KSP unpreconditioned resid norm 1.017740025414e-20 true resid norm 1.017740025414e-20 ||r(i)||/||b|| 3.172576121143e-04
 47 KSP unpreconditioned resid norm 9.954208100114e-21 true resid norm 9.954208100115e-21 ||r(i)||/||b|| 3.103000976154e-04
 48 KSP unpreconditioned resid norm 9.731994566866e-21 true resid norm 9.731994566867e-21 ||r(i)||/||b|| 3.033730894231e-04
 49 KSP unpreconditioned resid norm 9.526798699811e-21 true resid norm 9.526798699813e-21 ||r(i)||/||b|| 2.969765687820e-04
 50 KSP unpreconditioned resid norm 9.356135562633e-21 true resid norm 9.356135562635e-21 ||r(i)||/||b|| 2.916565284943e-04
 51 KSP unpreconditioned resid norm 9.219658897021e-21 true resid norm 9.219658897023e-21 ||r(i)||/||b|| 2.874021747339e-04
 52 KSP unpreconditioned resid norm 9.087915325893e-21 true resid norm 9.087915325894e-21 ||r(i)||/||b|| 2.832953645718e-04
 53 KSP unpreconditioned resid norm 8.949538337799e-21 true resid norm 8.949538337801e-21 ||r(i)||/||b|| 2.789817725230e-04
 54 KSP unpreconditioned resid norm 8.797881582729e-21 true resid norm 8.797881582731e-21 ||r(i)||/||b|| 2.742542135420e-04
 55 KSP unpreconditioned resid norm 8.636503379669e-21 true resid norm 8.636503379672e-21 ||r(i)||/||b|| 2.692236102375e-04
 56 KSP unpreconditioned resid norm 8.436600160459e-21 true resid norm 8.436600160462e-21 ||r(i)||/||b|| 2.629920760149e-04
 57 KSP unpreconditioned resid norm 8.249051450705e-21 true resid norm 8.249051450708e-21 ||r(i)||/||b|| 2.571456658978e-04
 58 KSP unpreconditioned resid norm 8.075017095658e-21 true resid norm 8.075017095662e-21 ||r(i)||/||b|| 2.517205354589e-04
 59 KSP unpreconditioned resid norm 7.892595671500e-21 true resid norm 7.892595671504e-21 ||r(i)||/||b|| 2.460339569633e-04
 60 KSP unpreconditioned resid norm 7.699201808624e-21 true resid norm 7.699201808628e-21 ||r(i)||/||b|| 2.400053373157e-04
 61 KSP unpreconditioned resid norm 7.505693331504e-21 true resid norm 7.505693331509e-21 ||r(i)||/||b|| 2.339731448262e-04
 62 KSP unpreconditioned resid norm 7.310564882029e-21 true resid norm 7.310564882034e-21 ||r(i)||/||b|| 2.278904533343e-04
 63 KSP unpreconditioned resid norm 7.128303355975e-21 true resid norm 7.128303355980e-21 ||r(i)||/||b|| 2.222088593032e-04
 64 KSP unpreconditioned resid norm 6.935666564849e-21 true resid norm 6.935666564853e-21 ||r(i)||/||b|| 2.162038396683e-04
 65 KSP unpreconditioned resid norm 6.698149388602e-21 true resid norm 6.698149388605e-21 ||r(i)||/||b|| 2.087997747508e-04
 66 KSP unpreconditioned resid norm 6.404539953802e-21 true resid norm 6.404539953805e-21 ||r(i)||/||b|| 1.996471595590e-04
 67 KSP unpreconditioned resid norm 6.020506613521e-21 true resid norm 6.020506613525e-21 ||r(i)||/||b|| 1.876757820494e-04
 68 KSP unpreconditioned resid norm 5.571670861523e-21 true resid norm 5.571670861529e-21 ||r(i)||/||b|| 1.736843347884e-04
 69 KSP unpreconditioned resid norm 5.160022575288e-21 true resid norm 5.160022575295e-21 ||r(i)||/||b|| 1.608521233139e-04
 70 KSP unpreconditioned resid norm 4.739512780492e-21 true resid norm 4.739512780499e-21 ||r(i)||/||b|| 1.477436741976e-04
 71 KSP unpreconditioned resid norm 4.386826202744e-21 true resid norm 4.386826202750e-21 ||r(i)||/||b|| 1.367494616593e-04
 72 KSP unpreconditioned resid norm 3.999158344613e-21 true resid norm 3.999158344617e-21 ||r(i)||/||b|| 1.246647862124e-04
 73 KSP unpreconditioned resid norm 3.631975905036e-21 true resid norm 3.631975905038e-21 ||r(i)||/||b|| 1.132186977141e-04
 74 KSP unpreconditioned resid norm 3.273113197562e-21 true resid norm 3.273113197562e-21 ||r(i)||/||b|| 1.020319581925e-04
 75 KSP unpreconditioned resid norm 2.955995185251e-21 true resid norm 2.955995185249e-21 ||r(i)||/||b|| 9.214651585625e-05
 76 KSP unpreconditioned resid norm 2.701130799689e-21 true resid norm 2.701130799685e-21 ||r(i)||/||b|| 8.420169062015e-05
 77 KSP unpreconditioned resid norm 2.479395570119e-21 true resid norm 2.479395570113e-21 ||r(i)||/||b|| 7.728959247141e-05
 78 KSP unpreconditioned resid norm 2.261376475188e-21 true resid norm 2.261376475183e-21 ||r(i)||/||b|| 7.049333648012e-05
 79 KSP unpreconditioned resid norm 2.021038186815e-21 true resid norm 2.021038186811e-21 ||r(i)||/||b|| 6.300132972352e-05
 80 KSP unpreconditioned resid norm 1.798749715793e-21 true resid norm 1.798749715790e-21 ||r(i)||/||b|| 5.607198551423e-05
 81 KSP unpreconditioned resid norm 1.597213480405e-21 true resid norm 1.597213480404e-21 ||r(i)||/||b|| 4.978954567729e-05
 82 KSP unpreconditioned resid norm 1.433870032633e-21 true resid norm 1.433870032636e-21 ||r(i)||/||b|| 4.469768027953e-05
 83 KSP unpreconditioned resid norm 1.304314380448e-21 true resid norm 1.304314380455e-21 ||r(i)||/||b|| 4.065907358031e-05
 84 KSP unpreconditioned resid norm 1.220492171381e-21 true resid norm 1.220492171388e-21 ||r(i)||/||b|| 3.804610433211e-05
 85 KSP unpreconditioned resid norm 1.169271680286e-21 true resid norm 1.169271680291e-21 ||r(i)||/||b|| 3.644942047464e-05
 86 KSP unpreconditioned resid norm 1.129214207754e-21 true resid norm 1.129214207755e-21 ||r(i)||/||b|| 3.520071866804e-05
 87 KSP unpreconditioned resid norm 1.096314721874e-21 true resid norm 1.096314721871e-21 ||r(i)||/||b|| 3.417515103085e-05
 88 KSP unpreconditioned resid norm 1.059603168275e-21 true resid norm 1.059603168267e-21 ||r(i)||/||b|| 3.303075073777e-05
 89 KSP unpreconditioned resid norm 1.020638242447e-21 true resid norm 1.020638242430e-21 ||r(i)||/||b|| 3.181610662253e-05
 90 KSP unpreconditioned resid norm 9.769299827777e-22 true resid norm 9.769299827532e-22 ||r(i)||/||b|| 3.045359972013e-05
 91 KSP unpreconditioned resid norm 9.239596255612e-22 true resid norm 9.239596255288e-22 ||r(i)||/||b|| 2.880236771331e-05
 92 KSP unpreconditioned resid norm 9.009445482214e-22 true resid norm 9.009401254756e-22 ||r(i)||/||b|| 2.808478646107e-05
 93 KSP unpreconditioned resid norm 8.580483361072e-22 true resid norm 8.340530232420e-22 ||r(i)||/||b|| 2.599973116148e-05
 94 KSP unpreconditioned resid norm 8.480137520088e-22 true resid norm 8.170281338689e-22 ||r(i)||/||b|| 2.546901844368e-05
 95 KSP unpreconditioned resid norm 8.427098329933e-22 true resid norm 8.024204287610e-22 ||r(i)||/||b|| 2.501365602054e-05
 96 KSP unpreconditioned resid norm 8.424979985442e-22 true resid norm 8.008064299587e-22 ||r(i)||/||b|| 2.496334323012e-05
 97 KSP unpreconditioned resid norm 8.423866402688e-22 true resid norm 8.008306846974e-22 ||r(i)||/||b|| 2.496409931717e-05
 98 KSP unpreconditioned resid norm 8.422082992546e-22 true resid norm 8.005061684299e-22 ||r(i)||/||b|| 2.495398325083e-05
 99 KSP unpreconditioned resid norm 8.420713644788e-22 true resid norm 7.997532750277e-22 ||r(i)||/||b|| 2.493051348871e-05
100 KSP unpreconditioned resid norm 7.997315358097e-22 true resid norm 7.997315358097e-22 ||r(i)||/||b|| 2.492983581738e-05
101 KSP unpreconditioned resid norm 7.802943547008e-22 true resid norm 7.802943547008e-22 ||r(i)||/||b|| 2.432392531854e-05
102 KSP unpreconditioned resid norm 7.619729038169e-22 true resid norm 7.619729038169e-22 ||r(i)||/||b|| 2.375279520548e-05
103 KSP unpreconditioned resid norm 7.443979575671e-22 true resid norm 7.443979575671e-22 ||r(i)||/||b|| 2.320493569902e-05
104 KSP unpreconditioned resid norm 7.225618899177e-22 true resid norm 7.225618899177e-22 ||r(i)||/||b|| 2.252424529602e-05
105 KSP unpreconditioned resid norm 7.000087234523e-22 true resid norm 7.000087234523e-22 ||r(i)||/||b|| 2.182120094680e-05
106 KSP unpreconditioned resid norm 6.800883468653e-22 true resid norm 6.800883468653e-22 ||r(i)||/||b|| 2.120022791336e-05
107 KSP unpreconditioned resid norm 6.583422236487e-22 true resid norm 6.583422236487e-22 ||r(i)||/||b|| 2.052234132620e-05
108 KSP unpreconditioned resid norm 6.302168731111e-22 true resid norm 6.302168731111e-22 ||r(i)||/||b|| 1.964559664400e-05
109 KSP unpreconditioned resid norm 5.989735406577e-22 true resid norm 5.989735406577e-22 ||r(i)||/||b|| 1.867165587316e-05
110 KSP unpreconditioned resid norm 5.705423985607e-22 true resid norm 5.705423985607e-22 ||r(i)||/||b|| 1.778537882537e-05
111 KSP unpreconditioned resid norm 5.438794257323e-22 true resid norm 5.438794257323e-22 ||r(i)||/||b|| 1.695422048629e-05
112 KSP unpreconditioned resid norm 5.181826560129e-22 true resid norm 5.181826560129e-22 ||r(i)||/||b|| 1.615318136071e-05
113 KSP unpreconditioned resid norm 4.927200538407e-22 true resid norm 4.927200538407e-22 ||r(i)||/||b|| 1.535944188289e-05
114 KSP unpreconditioned resid norm 4.648460199084e-22 true resid norm 4.648460199084e-22 ||r(i)||/||b|| 1.449053143183e-05
115 KSP unpreconditioned resid norm 4.380505677748e-22 true resid norm 4.380505677748e-22 ||r(i)||/||b|| 1.365524334773e-05
116 KSP unpreconditioned resid norm 4.115037550601e-22 true resid norm 4.115037550601e-22 ||r(i)||/||b|| 1.282770603950e-05
117 KSP unpreconditioned resid norm 3.851887477920e-22 true resid norm 3.851887477919e-22 ||r(i)||/||b|| 1.200739474583e-05
118 KSP unpreconditioned resid norm 3.575556302779e-22 true resid norm 3.575556302779e-22 ||r(i)||/||b|| 1.114599432344e-05
119 KSP unpreconditioned resid norm 3.335543478497e-22 true resid norm 3.335543478497e-22 ||r(i)||/||b|| 1.039780820904e-05
120 KSP unpreconditioned resid norm 3.150673413185e-22 true resid norm 3.150673413185e-22 ||r(i)||/||b|| 9.821517270213e-06
121 KSP unpreconditioned resid norm 3.020517130755e-22 true resid norm 3.020517130754e-22 ||r(i)||/||b|| 9.415784270285e-06
122 KSP unpreconditioned resid norm 2.913829482361e-22 true resid norm 2.913829482361e-22 ||r(i)||/||b|| 9.083209469982e-06
123 KSP unpreconditioned resid norm 2.830738383942e-22 true resid norm 2.830738383942e-22 ||r(i)||/||b|| 8.824191618525e-06
124 KSP unpreconditioned resid norm 2.773838237361e-22 true resid norm 2.773838237361e-22 ||r(i)||/||b|| 8.646818181475e-06
125 KSP unpreconditioned resid norm 2.728774376465e-22 true resid norm 2.728774376465e-22 ||r(i)||/||b|| 8.506341708668e-06
126 KSP unpreconditioned resid norm 2.690567475578e-22 true resid norm 2.690567475578e-22 ||r(i)||/||b|| 8.387240269802e-06
127 KSP unpreconditioned resid norm 2.648123921845e-22 true resid norm 2.648123921845e-22 ||r(i)||/||b|| 8.254932016508e-06
128 KSP unpreconditioned resid norm 2.606209884017e-22 true resid norm 2.606209884016e-22 ||r(i)||/||b|| 8.124274410209e-06
129 KSP unpreconditioned resid norm 2.559685128300e-22 true resid norm 2.559685128299e-22 ||r(i)||/||b|| 7.979243925661e-06
130 KSP unpreconditioned resid norm 2.505439102940e-22 true resid norm 2.505439102940e-22 ||r(i)||/||b|| 7.810144115863e-06
131 KSP unpreconditioned resid norm 2.444260049312e-22 true resid norm 2.444260049311e-22 ||r(i)||/||b|| 7.619432146391e-06
132 KSP unpreconditioned resid norm 2.392514533006e-22 true resid norm 2.392514533005e-22 ||r(i)||/||b|| 7.458127112386e-06
133 KSP unpreconditioned resid norm 2.346382171679e-22 true resid norm 2.346382171679e-22 ||r(i)||/||b|| 7.314319829285e-06
134 KSP unpreconditioned resid norm 2.302423229533e-22 true resid norm 2.302423229533e-22 ||r(i)||/||b|| 7.177287692709e-06
135 KSP unpreconditioned resid norm 2.265288180393e-22 true resid norm 2.265288180393e-22 ||r(i)||/||b|| 7.061527511113e-06
136 KSP unpreconditioned resid norm 2.233762811276e-22 true resid norm 2.233762811275e-22 ||r(i)||/||b|| 6.963254248025e-06
137 KSP unpreconditioned resid norm 2.194200032402e-22 true resid norm 2.194200032402e-22 ||r(i)||/||b|| 6.839926163833e-06
138 KSP unpreconditioned resid norm 2.142015309664e-22 true resid norm 2.142015309664e-22 ||r(i)||/||b|| 6.677252002345e-06
139 KSP unpreconditioned resid norm 2.077848520813e-22 true resid norm 2.077848520812e-22 ||r(i)||/||b|| 6.477226438843e-06
140 KSP unpreconditioned resid norm 2.006800473744e-22 true resid norm 2.006800473744e-22 ||r(i)||/||b|| 6.255750097191e-06
141 KSP unpreconditioned resid norm 1.922276103026e-22 true resid norm 1.922276103025e-22 ||r(i)||/||b|| 5.992264341005e-06
142 KSP unpreconditioned resid norm 1.834878964826e-22 true resid norm 1.834878964825e-22 ||r(i)||/||b|| 5.719823376922e-06
143 KSP unpreconditioned resid norm 1.760000873620e-22 true resid norm 1.760000873620e-22 ||r(i)||/||b|| 5.486407732236e-06
144 KSP unpreconditioned resid norm 1.698255831195e-22 true resid norm 1.698255831195e-22 ||r(i)||/||b|| 5.293931419714e-06
145 KSP unpreconditioned resid norm 1.640533423037e-22 true resid norm 1.640533423037e-22 ||r(i)||/||b|| 5.113994766735e-06
146 KSP unpreconditioned resid norm 1.573121063299e-22 true resid norm 1.573121063299e-22 ||r(i)||/||b|| 4.903851864389e-06
147 KSP unpreconditioned resid norm 1.497509300942e-22 true resid norm 1.497509300942e-22 ||r(i)||/||b|| 4.668149164542e-06
148 KSP unpreconditioned resid norm 1.406612199211e-22 true resid norm 1.406612199211e-22 ||r(i)||/||b|| 4.384797849637e-06
149 KSP unpreconditioned resid norm 1.315192935603e-22 true resid norm 1.315192935603e-22 ||r(i)||/||b|| 4.099818812269e-06
150 KSP unpreconditioned resid norm 1.228620900339e-22 true resid norm 1.228620900338e-22 ||r(i)||/||b|| 3.829949921410e-06
151 KSP unpreconditioned resid norm 1.154855319614e-22 true resid norm 1.154855319613e-22 ||r(i)||/||b|| 3.600002278470e-06
152 KSP unpreconditioned resid norm 1.087551436857e-22 true resid norm 1.087551436857e-22 ||r(i)||/||b|| 3.390197528768e-06
153 KSP unpreconditioned resid norm 1.033442657996e-22 true resid norm 1.033442657995e-22 ||r(i)||/||b|| 3.221525554123e-06
154 KSP unpreconditioned resid norm 9.830409611600e-23 true resid norm 9.830409611596e-23 ||r(i)||/||b|| 3.064409575728e-06
155 KSP unpreconditioned resid norm 9.342908895131e-23 true resid norm 9.342908895131e-23 ||r(i)||/||b|| 2.912442168190e-06
156 KSP unpreconditioned resid norm 8.892733918182e-23 true resid norm 8.892733918180e-23 ||r(i)||/||b|| 2.772110222256e-06
157 KSP unpreconditioned resid norm 8.488473891745e-23 true resid norm 8.488473891747e-23 ||r(i)||/||b|| 2.646091231692e-06
158 KSP unpreconditioned resid norm 8.099124217216e-23 true resid norm 8.099124217205e-23 ||r(i)||/||b|| 2.524720208702e-06
159 KSP unpreconditioned resid norm 7.730454342702e-23 true resid norm 7.730454342702e-23 ||r(i)||/||b|| 2.409795649264e-06
160 KSP unpreconditioned resid norm 7.380201767511e-23 true resid norm 7.380201767499e-23 ||r(i)||/||b|| 2.300612269549e-06
161 KSP unpreconditioned resid norm 7.073323826779e-23 true resid norm 7.073323826777e-23 ||r(i)||/||b|| 2.204949958690e-06
162 KSP unpreconditioned resid norm 6.781019067168e-23 true resid norm 6.781019067169e-23 ||r(i)||/||b|| 2.113830509983e-06
163 KSP unpreconditioned resid norm 6.487040154494e-23 true resid norm 6.487040154490e-23 ||r(i)||/||b|| 2.022189181629e-06
164 KSP unpreconditioned resid norm 6.161711048991e-23 true resid norm 6.161711048985e-23 ||r(i)||/||b|| 1.920775134243e-06
165 KSP unpreconditioned resid norm 5.823701910129e-23 true resid norm 5.823701910125e-23 ||r(i)||/||b|| 1.815408371033e-06
166 KSP unpreconditioned resid norm 5.431054731562e-23 true resid norm 5.431054731554e-23 ||r(i)||/||b|| 1.693009425166e-06
167 KSP unpreconditioned resid norm 5.043413116529e-23 true resid norm 5.043413116524e-23 ||r(i)||/||b|| 1.572170851395e-06
168 KSP unpreconditioned resid norm 4.701820405706e-23 true resid norm 4.701820405703e-23 ||r(i)||/||b|| 1.465686990051e-06
169 KSP unpreconditioned resid norm 4.460035356712e-23 true resid norm 4.460035356711e-23 ||r(i)||/||b|| 1.390315927331e-06
170 KSP unpreconditioned resid norm 4.264741566673e-23 true resid norm 4.264741566666e-23 ||r(i)||/||b|| 1.329437471200e-06
171 KSP unpreconditioned resid norm 4.112291285521e-23 true resid norm 4.112291285515e-23 ||r(i)||/||b|| 1.281914517443e-06
172 KSP unpreconditioned resid norm 3.974293738973e-23 true resid norm 3.974293738965e-23 ||r(i)||/||b|| 1.238896879340e-06
173 KSP unpreconditioned resid norm 3.855965161705e-23 true resid norm 3.855965161705e-23 ||r(i)||/||b|| 1.202010600989e-06
174 KSP unpreconditioned resid norm 3.742290610303e-23 true resid norm 3.742290610302e-23 ||r(i)||/||b|| 1.166575110750e-06
175 KSP unpreconditioned resid norm 3.625446263413e-23 true resid norm 3.625446263408e-23 ||r(i)||/||b|| 1.130151507905e-06
176 KSP unpreconditioned resid norm 3.503374658650e-23 true resid norm 3.503374658646e-23 ||r(i)||/||b|| 1.092098424734e-06
177 KSP unpreconditioned resid norm 3.383919988899e-23 true resid norm 3.383919988900e-23 ||r(i)||/||b|| 1.054861112323e-06
178 KSP unpreconditioned resid norm 3.248398365787e-23 true resid norm 3.248398365781e-23 ||r(i)||/||b|| 1.012615287784e-06
179 KSP unpreconditioned resid norm 3.130411004014e-23 true resid norm 3.130411004000e-23 ||r(i)||/||b|| 9.758353757005e-07
180 KSP unpreconditioned resid norm 3.025919384888e-23 true resid norm 3.025919384882e-23 ||r(i)||/||b|| 9.432624585120e-07
181 KSP unpreconditioned resid norm 2.938316360065e-23 true resid norm 2.938316360057e-23 ||r(i)||/||b|| 9.159541815691e-07
182 KSP unpreconditioned resid norm 2.857437843744e-23 true resid norm 2.857437843729e-23 ||r(i)||/||b|| 8.907421192340e-07
183 KSP unpreconditioned resid norm 2.793736844845e-23 true resid norm 2.793736844829e-23 ||r(i)||/||b|| 8.708847624475e-07
184 KSP unpreconditioned resid norm 2.737755187360e-23 true resid norm 2.737755187347e-23 ||r(i)||/||b|| 8.534337371057e-07
185 KSP unpreconditioned resid norm 2.690710487913e-23 true resid norm 2.690710487905e-23 ||r(i)||/||b|| 8.387686078638e-07
186 KSP unpreconditioned resid norm 2.646809992681e-23 true resid norm 2.646809992671e-23 ||r(i)||/||b|| 8.250836137189e-07
187 KSP unpreconditioned resid norm 2.612191730966e-23 true resid norm 2.612191730963e-23 ||r(i)||/||b|| 8.142921475579e-07
188 KSP unpreconditioned resid norm 2.578280717619e-23 true resid norm 2.578280717612e-23 ||r(i)||/||b|| 8.037211501997e-07
189 KSP unpreconditioned resid norm 2.542524514832e-23 true resid norm 2.542524514822e-23 ||r(i)||/||b|| 7.925749564447e-07
190 KSP unpreconditioned resid norm 2.511369627347e-23 true resid norm 2.511369627348e-23 ||r(i)||/||b|| 7.828631194737e-07
191 KSP unpreconditioned resid norm 2.482246861303e-23 true resid norm 2.482246861295e-23 ||r(i)||/||b|| 7.737847507493e-07
192 KSP unpreconditioned resid norm 2.479144021135e-23 true resid norm 2.475908433438e-23 ||r(i)||/||b|| 7.718088881162e-07
193 KSP unpreconditioned resid norm 2.478768874232e-23 true resid norm 2.474657516378e-23 ||r(i)||/||b|| 7.714189427967e-07
194 KSP unpreconditioned resid norm 2.477138199656e-23 true resid norm 2.472984859684e-23 ||r(i)||/||b|| 7.708975296112e-07
195 KSP unpreconditioned resid norm 2.477086551752e-23 true resid norm 2.472806421231e-23 ||r(i)||/||b|| 7.708419054281e-07
196 KSP unpreconditioned resid norm 2.476334985953e-23 true resid norm 2.473274565397e-23 ||r(i)||/||b|| 7.709878388654e-07
197 KSP unpreconditioned resid norm 2.476302007891e-23 true resid norm 2.473389195878e-23 ||r(i)||/||b|| 7.710235723453e-07
198 KSP unpreconditioned resid norm 2.475602023930e-23 true resid norm 2.475556097442e-23 ||r(i)||/||b|| 7.716990552769e-07
199 KSP unpreconditioned resid norm 2.475564502937e-23 true resid norm 2.475615764196e-23 ||r(i)||/||b|| 7.717176550482e-07
200 KSP unpreconditioned resid norm 2.477923476059e-23 true resid norm 2.477923476059e-23 ||r(i)||/||b|| 7.724370324304e-07
201 KSP unpreconditioned resid norm 2.462212070915e-23 true resid norm 2.462212070916e-23 ||r(i)||/||b|| 7.675393544831e-07
202 KSP unpreconditioned resid norm 2.445628685867e-23 true resid norm 2.445628685877e-23 ||r(i)||/||b|| 7.623698563725e-07
203 KSP unpreconditioned resid norm 2.430126414003e-23 true resid norm 2.430126414002e-23 ||r(i)||/||b|| 7.575373710281e-07
204 KSP unpreconditioned resid norm 2.414858749596e-23 true resid norm 2.414858749591e-23 ||r(i)||/||b|| 7.527780192950e-07
205 KSP unpreconditioned resid norm 2.398600142064e-23 true resid norm 2.398600142064e-23 ||r(i)||/||b|| 7.477097632853e-07
206 KSP unpreconditioned resid norm 2.383293031562e-23 true resid norm 2.383293031564e-23 ||r(i)||/||b|| 7.429381151194e-07
207 KSP unpreconditioned resid norm 2.367185822963e-23 true resid norm 2.367185822968e-23 ||r(i)||/||b|| 7.379170543284e-07
208 KSP unpreconditioned resid norm 2.345489818107e-23 true resid norm 2.345489818110e-23 ||r(i)||/||b|| 7.311538117304e-07
209 KSP unpreconditioned resid norm 2.316137400070e-23 true resid norm 2.316137400066e-23 ||r(i)||/||b|| 7.220038541518e-07
210 KSP unpreconditioned resid norm 2.279977160416e-23 true resid norm 2.279977160427e-23 ||r(i)||/||b|| 7.107317109770e-07
211 KSP unpreconditioned resid norm 2.245769323914e-23 true resid norm 2.245769323935e-23 ||r(i)||/||b|| 7.000681856659e-07
212 KSP unpreconditioned resid norm 2.214006649998e-23 true resid norm 2.214006649998e-23 ||r(i)||/||b|| 6.901668849055e-07
213 KSP unpreconditioned resid norm 2.183146052358e-23 true resid norm 2.183146052360e-23 ||r(i)||/||b|| 6.805467861862e-07
214 KSP unpreconditioned resid norm 2.150361043436e-23 true resid norm 2.150361043429e-23 ||r(i)||/||b|| 6.703267954350e-07
215 KSP unpreconditioned resid norm 2.113423066422e-23 true resid norm 2.113423066419e-23 ||r(i)||/||b|| 6.588122100892e-07
216 KSP unpreconditioned resid norm 2.064832541680e-23 true resid norm 2.064832541679e-23 ||r(i)||/||b|| 6.436652045028e-07
217 KSP unpreconditioned resid norm 2.000868061920e-23 true resid norm 2.000868061923e-23 ||r(i)||/||b|| 6.237257134731e-07
218 KSP unpreconditioned resid norm 1.938583633682e-23 true resid norm 1.938583633688e-23 ||r(i)||/||b|| 6.043099408001e-07
219 KSP unpreconditioned resid norm 1.872798386474e-23 true resid norm 1.872798386480e-23 ||r(i)||/||b|| 5.838028663799e-07
220 KSP unpreconditioned resid norm 1.810910382524e-23 true resid norm 1.810910382529e-23 ||r(i)||/||b|| 5.645106700804e-07
221 KSP unpreconditioned resid norm 1.738843817591e-23 true resid norm 1.738843817588e-23 ||r(i)||/||b|| 5.420455358266e-07
222 KSP unpreconditioned resid norm 1.652071864209e-23 true resid norm 1.652071864209e-23 ||r(i)||/||b|| 5.149963267555e-07
223 KSP unpreconditioned resid norm 1.573250837697e-23 true resid norm 1.573250837693e-23 ||r(i)||/||b|| 4.904256406937e-07
224 KSP unpreconditioned resid norm 1.477511212124e-23 true resid norm 1.477511212110e-23 ||r(i)||/||b|| 4.605809610714e-07
225 KSP unpreconditioned resid norm 1.394132326936e-23 true resid norm 1.394132326922e-23 ||r(i)||/||b|| 4.345894648593e-07
226 KSP unpreconditioned resid norm 1.305528623352e-23 true resid norm 1.305528623349e-23 ||r(i)||/||b|| 4.069692487746e-07
227 KSP unpreconditioned resid norm 1.227476387389e-23 true resid norm 1.227476387374e-23 ||r(i)||/||b|| 3.826382159102e-07
228 KSP unpreconditioned resid norm 1.146962923496e-23 true resid norm 1.146962923495e-23 ||r(i)||/||b|| 3.575399504837e-07
229 KSP unpreconditioned resid norm 1.067243862933e-23 true resid norm 1.067243862933e-23 ||r(i)||/||b|| 3.326893224622e-07
230 KSP unpreconditioned resid norm 9.906286091338e-24 true resid norm 9.906286091367e-24 ||r(i)||/||b|| 3.088062365425e-07
231 KSP unpreconditioned resid norm 9.163193448541e-24 true resid norm 9.163193448526e-24 ||r(i)||/||b|| 2.856419911006e-07
232 KSP unpreconditioned resid norm 8.586796268442e-24 true resid norm 8.586796268478e-24 ||r(i)||/||b|| 2.676741026021e-07
233 KSP unpreconditioned resid norm 8.062633642231e-24 true resid norm 8.062633642204e-24 ||r(i)||/||b|| 2.513345090891e-07
234 KSP unpreconditioned resid norm 7.662755730508e-24 true resid norm 7.662755730475e-24 ||r(i)||/||b|| 2.388692126240e-07
235 KSP unpreconditioned resid norm 7.333511331049e-24 true resid norm 7.333511331117e-24 ||r(i)||/||b|| 2.286057573865e-07
236 KSP unpreconditioned resid norm 7.084999550092e-24 true resid norm 7.084999550127e-24 ||r(i)||/||b|| 2.208589603410e-07
237 KSP unpreconditioned resid norm 6.870369820371e-24 true resid norm 6.870369820378e-24 ||r(i)||/||b|| 2.141683602027e-07
238 KSP unpreconditioned resid norm 6.625727851068e-24 true resid norm 6.625727851070e-24 ||r(i)||/||b|| 2.065421958515e-07
239 KSP unpreconditioned resid norm 6.372419621308e-24 true resid norm 6.372419621314e-24 ||r(i)||/||b|| 1.986458802803e-07
240 KSP unpreconditioned resid norm 6.095093378814e-24 true resid norm 6.095093378814e-24 ||r(i)||/||b|| 1.900008570646e-07
241 KSP unpreconditioned resid norm 5.834985006673e-24 true resid norm 5.834985006734e-24 ||r(i)||/||b|| 1.818925623178e-07
242 KSP unpreconditioned resid norm 5.584917501779e-24 true resid norm 5.584917501819e-24 ||r(i)||/||b|| 1.740972690704e-07
243 KSP unpreconditioned resid norm 5.373414894785e-24 true resid norm 5.373414894809e-24 ||r(i)||/||b|| 1.675041499653e-07
244 KSP unpreconditioned resid norm 5.144504996235e-24 true resid norm 5.144504996232e-24 ||r(i)||/||b|| 1.603683976122e-07
245 KSP unpreconditioned resid norm 4.930661876556e-24 true resid norm 4.930661876542e-24 ||r(i)||/||b|| 1.537023182771e-07
246 KSP unpreconditioned resid norm 4.676972072493e-24 true resid norm 4.676972072483e-24 ||r(i)||/||b|| 1.457941079833e-07
247 KSP unpreconditioned resid norm 4.442316188309e-24 true resid norm 4.442316188337e-24 ||r(i)||/||b|| 1.384792374256e-07
248 KSP unpreconditioned resid norm 4.210398284847e-24 true resid norm 4.210398284874e-24 ||r(i)||/||b|| 1.312497172709e-07
249 KSP unpreconditioned resid norm 3.992057163390e-24 true resid norm 3.992057163349e-24 ||r(i)||/||b|| 1.244434228233e-07
250 KSP unpreconditioned resid norm 3.804473959325e-24 true resid norm 3.804473959308e-24 ||r(i)||/||b|| 1.185959374242e-07
251 KSP unpreconditioned resid norm 3.658376064764e-24 true resid norm 3.658376064758e-24 ||r(i)||/||b|| 1.140416634444e-07
252 KSP unpreconditioned resid norm 3.519883808196e-24 true resid norm 3.519883808191e-24 ||r(i)||/||b|| 1.097244781596e-07
253 KSP unpreconditioned resid norm 3.369591745182e-24 true resid norm 3.369591745171e-24 ||r(i)||/||b|| 1.050394603905e-07
254 KSP unpreconditioned resid norm 3.185047134479e-24 true resid norm 3.185047134364e-24 ||r(i)||/||b|| 9.928669631605e-08
255 KSP unpreconditioned resid norm 3.011025950718e-24 true resid norm 3.011025950673e-24 ||r(i)||/||b|| 9.386197646458e-08
256 KSP unpreconditioned resid norm 2.866793584060e-24 true resid norm 2.866793584036e-24 ||r(i)||/||b|| 8.936585613069e-08
257 KSP unpreconditioned resid norm 2.752156050532e-24 true resid norm 2.752156050491e-24 ||r(i)||/||b|| 8.579228829970e-08
258 KSP unpreconditioned resid norm 2.648732703608e-24 true resid norm 2.648732703558e-24 ||r(i)||/||b|| 8.256829756873e-08
259 KSP unpreconditioned resid norm 2.564654362975e-24 true resid norm 2.564654362995e-24 ||r(i)||/||b|| 7.994734399596e-08
260 KSP unpreconditioned resid norm 2.487729247568e-24 true resid norm 2.487729247529e-24 ||r(i)||/||b|| 7.754937616184e-08
261 KSP unpreconditioned resid norm 2.419866765734e-24 true resid norm 2.419866765706e-24 ||r(i)||/||b|| 7.543391559258e-08
262 KSP unpreconditioned resid norm 2.364393896381e-24 true resid norm 2.364393896365e-24 ||r(i)||/||b|| 7.370467338681e-08
263 KSP unpreconditioned resid norm 2.306100628011e-24 true resid norm 2.306100628011e-24 ||r(i)||/||b|| 7.188751157158e-08
264 KSP unpreconditioned resid norm 2.248450099150e-24 true resid norm 2.248450099145e-24 ||r(i)||/||b|| 7.009038571738e-08
265 KSP unpreconditioned resid norm 2.191520464925e-24 true resid norm 2.191520464899e-24 ||r(i)||/||b|| 6.831573213508e-08
266 KSP unpreconditioned resid norm 2.138210497334e-24 true resid norm 2.138210497314e-24 ||r(i)||/||b|| 6.665391353746e-08
267 KSP unpreconditioned resid norm 2.090967192912e-24 true resid norm 2.090967192895e-24 ||r(i)||/||b|| 6.518120954881e-08
268 KSP unpreconditioned resid norm 2.052827692037e-24 true resid norm 2.052827692036e-24 ||r(i)||/||b|| 6.399229620476e-08
269 KSP unpreconditioned resid norm 2.018429275784e-24 true resid norm 2.018429275789e-24 ||r(i)||/||b|| 6.292000277753e-08
270 KSP unpreconditioned resid norm 1.990287435107e-24 true resid norm 1.990287435123e-24 ||r(i)||/||b|| 6.204274405256e-08
271 KSP unpreconditioned resid norm 1.961071245631e-24 true resid norm 1.961071245648e-24 ||r(i)||/||b|| 6.113199491464e-08
272 KSP unpreconditioned resid norm 1.926361620176e-24 true resid norm 1.926361620211e-24 ||r(i)||/||b|| 6.005000023931e-08
273 KSP unpreconditioned resid norm 1.882939544562e-24 true resid norm 1.882939544583e-24 ||r(i)||/||b|| 5.869641448235e-08
274 KSP unpreconditioned resid norm 1.840747827510e-24 true resid norm 1.840747827501e-24 ||r(i)||/||b|| 5.738118239182e-08
275 KSP unpreconditioned resid norm 1.799775686147e-24 true resid norm 1.799775686154e-24 ||r(i)||/||b|| 5.610396783779e-08
276 KSP unpreconditioned resid norm 1.756789337014e-24 true resid norm 1.756789337070e-24 ||r(i)||/||b|| 5.476396487797e-08
277 KSP unpreconditioned resid norm 1.718320417362e-24 true resid norm 1.718320417398e-24 ||r(i)||/||b|| 5.356478264173e-08
278 KSP unpreconditioned resid norm 1.681719969190e-24 true resid norm 1.681719969217e-24 ||r(i)||/||b|| 5.242384581089e-08
279 KSP unpreconditioned resid norm 1.642731897489e-24 true resid norm 1.642731897481e-24 ||r(i)||/||b|| 5.120848017416e-08
280 KSP unpreconditioned resid norm 1.590595924436e-24 true resid norm 1.590595924454e-24 ||r(i)||/||b|| 4.958325822212e-08
281 KSP unpreconditioned resid norm 1.533886281326e-24 true resid norm 1.533886281320e-24 ||r(i)||/||b|| 4.781546236904e-08
282 KSP unpreconditioned resid norm 1.477654164884e-24 true resid norm 1.477654164854e-24 ||r(i)||/||b|| 4.606255233813e-08
283 KSP unpreconditioned resid norm 1.425766479908e-24 true resid norm 1.425766479887e-24 ||r(i)||/||b|| 4.444507020912e-08
284 KSP unpreconditioned resid norm 1.374717617037e-24 true resid norm 1.374717617097e-24 ||r(i)||/||b|| 4.285373647895e-08
285 KSP unpreconditioned resid norm 1.335216012611e-24 true resid norm 1.335216012678e-24 ||r(i)||/||b|| 4.162236261335e-08
286 KSP unpreconditioned resid norm 1.294425007365e-24 true resid norm 1.294425007389e-24 ||r(i)||/||b|| 4.035079456939e-08
287 KSP unpreconditioned resid norm 1.257449049755e-24 true resid norm 1.257449049741e-24 ||r(i)||/||b|| 3.919815207364e-08
288 KSP unpreconditioned resid norm 1.216379256111e-24 true resid norm 1.216379256144e-24 ||r(i)||/||b|| 3.791789342986e-08
289 KSP unpreconditioned resid norm 1.158184169345e-24 true resid norm 1.158184169328e-24 ||r(i)||/||b|| 3.610379220373e-08
290 KSP unpreconditioned resid norm 1.095488448944e-24 true resid norm 1.095488448947e-24 ||r(i)||/||b|| 3.414939382682e-08
291 KSP unpreconditioned resid norm 1.025526506941e-24 true resid norm 1.025526506923e-24 ||r(i)||/||b|| 3.196848729751e-08
292 KSP unpreconditioned resid norm 1.002932529287e-24 true resid norm 9.963272349313e-25 ||r(i)||/||b|| 3.105826552416e-08
293 KSP unpreconditioned resid norm 9.990874147387e-25 true resid norm 9.839260172936e-25 ||r(i)||/||b|| 3.067168539595e-08
  Linear solve converged due to CONVERGED_ATOL iterations 293
Mat Object: 1 MPI process
  type: seqaijcusparse
  rows=281452, cols=281452, bs=4
  total: nonzeros=15993520, allocated nonzeros=15993520
  total number of mallocs used during MatSetValues calls=0
    not using I-node routines
Vec Object: 1 MPI process
  type: seqcuda
  length=281452, bs=4
Vec Object: 1 MPI process
  type: seqcuda
  length=281452, bs=4
KSP Object: 1 MPI process
  type: gmres
    restart=100, using classical (unmodified) Gram-Schmidt orthogonalization with no iterative refinement
    happy breakdown tolerance=1e-30
  maximum iterations=2000, initial guess is zero
  tolerances: relative=1e-10, absolute=1e-24, divergence=10000.
  right preconditioning
  diagonally scaled system
  using UNPRECONDITIONED norm type for convergence test
PC Object: 1 MPI process
  type: asm
    total subdomain blocks = 1, amount of overlap = 2
    restriction/interpolation type - RESTRICT
    Local solver information for first block is in the following KSP and PC objects on rank 0:
    Use -ksp_view ::ascii_info_detail to display information for all blocks
    KSP Object: (sub_) 1 MPI process
      type: preonly
      maximum iterations=10000, initial guess is zero
      tolerances: relative=1e-05, absolute=1e-50, divergence=10000.
      left preconditioning
      not checking for convergence
    PC Object: (sub_) 1 MPI process
      type: ilu
        out-of-place factorization
        2 levels of fill
        tolerance for zero pivot 2.22045e-14
        matrix ordering: natural
        factor fill ratio given 1., needed 4.996
          Factored matrix:
            Mat Object: (sub_) 1 MPI process
              type: seqaijcusparse
              rows=281452, cols=281452, bs=4
              package used to perform factorization: cusparse
              total: nonzeros=79903664, allocated nonzeros=79903664
                using I-node routines: found 70363 nodes, limit used is 5
      linear system matrix, which is also used to construct the preconditioner:
      Mat Object: (sub_) 1 MPI process
        type: seqaijcusparse
        rows=281452, cols=281452, bs=4
        total: nonzeros=15993520, allocated nonzeros=15993520
        total number of mallocs used during MatSetValues calls=0
          not using I-node routines
  linear system matrix, which is also used to construct the preconditioner:
  Mat Object: 1 MPI process
    type: seqaijcusparse
    rows=281452, cols=281452, bs=4
    total: nonzeros=15993520, allocated nonzeros=15993520
    total number of mallocs used during MatSetValues calls=0
      not using I-node routines
SV13Q_END logical=14 attempt=0 step=67 reason=3 iterations=293 healthy=1 ref=384 ratio=0.76302083333333337 pending=0 recovery=NONE
 NS     67-2    2.402e+03 [  -4  6.243e-01  3.182e-14  3.114e-08] [  293 -173   65]
Vec Object: 1 MPI process
  type: seqcuda
  length=281452, bs=4
Mat Object: 1 MPI process
  type: seqaijcusparse
  rows=281452, cols=281452, bs=4
  total: nonzeros=15993520, allocated nonzeros=15993520
  total number of mallocs used during MatSetValues calls=0
    not using I-node routines
Mat Object: 1 MPI process
  type: seqaijcusparse
  rows=281452, cols=281452, bs=4
  total: nonzeros=15993520, allocated nonzeros=15993520
  total number of mallocs used during MatSetValues calls=0
    not using I-node routines
SV13Q_BEGIN logical=15 attempt=0 step=68 equation=0 policy=R3 reuse=1 age=1 ref=384 rebuild_reason=REUSE builds=3 attempts=15 ksp=0x55e693816a00 pc=0x55e6952d3390
  0 KSP unpreconditioned resid norm 4.989050004632e-17 true resid norm 4.989050004632e-17 ||r(i)||/||b|| 1.000000000000e+00
  1 KSP unpreconditioned resid norm 2.475220857129e-18 true resid norm 2.475220857129e-18 ||r(i)||/||b|| 4.961306971930e-02
  2 KSP unpreconditioned resid norm 8.115622124386e-19 true resid norm 8.115622124386e-19 ||r(i)||/||b|| 1.626686867610e-02
  3 KSP unpreconditioned resid norm 4.517574618156e-19 true resid norm 4.517574618156e-19 ||r(i)||/||b|| 9.054979633322e-03
  4 KSP unpreconditioned resid norm 2.973256475088e-19 true resid norm 2.973256475088e-19 ||r(i)||/||b|| 5.959564390671e-03
  5 KSP unpreconditioned resid norm 2.058769702332e-19 true resid norm 2.058769702332e-19 ||r(i)||/||b|| 4.126576603604e-03
  6 KSP unpreconditioned resid norm 1.484563056663e-19 true resid norm 1.484563056663e-19 ||r(i)||/||b|| 2.975642768231e-03
  7 KSP unpreconditioned resid norm 1.171926995231e-19 true resid norm 1.171926995231e-19 ||r(i)||/||b|| 2.348998294550e-03
  8 KSP unpreconditioned resid norm 9.866815222543e-20 true resid norm 9.866815222543e-20 ||r(i)||/||b|| 1.977694192959e-03
  9 KSP unpreconditioned resid norm 8.618184289201e-20 true resid norm 8.618184289201e-20 ||r(i)||/||b|| 1.727419905834e-03
 10 KSP unpreconditioned resid norm 7.760980989465e-20 true resid norm 7.760980989465e-20 ||r(i)||/||b|| 1.555602966950e-03
 11 KSP unpreconditioned resid norm 7.178705166921e-20 true resid norm 7.178705166921e-20 ||r(i)||/||b|| 1.438892205982e-03
 12 KSP unpreconditioned resid norm 6.554929241578e-20 true resid norm 6.554929241578e-20 ||r(i)||/||b|| 1.313863207523e-03
 13 KSP unpreconditioned resid norm 6.086531719740e-20 true resid norm 6.086531719740e-20 ||r(i)||/||b|| 1.219978094846e-03
 14 KSP unpreconditioned resid norm 5.726634493733e-20 true resid norm 5.726634493733e-20 ||r(i)||/||b|| 1.147840668748e-03
 15 KSP unpreconditioned resid norm 5.439239773552e-20 true resid norm 5.439239773552e-20 ||r(i)||/||b|| 1.090235569598e-03
 16 KSP unpreconditioned resid norm 5.193191535472e-20 true resid norm 5.193191535472e-20 ||r(i)||/||b|| 1.040917916367e-03
 17 KSP unpreconditioned resid norm 4.964143175198e-20 true resid norm 4.964143175198e-20 ||r(i)||/||b|| 9.950077009830e-04
 18 KSP unpreconditioned resid norm 4.794487917735e-20 true resid norm 4.794487917735e-20 ||r(i)||/||b|| 9.610021774254e-04
 19 KSP unpreconditioned resid norm 4.681007951821e-20 true resid norm 4.681007951821e-20 ||r(i)||/||b|| 9.382563709474e-04
 20 KSP unpreconditioned resid norm 4.574678229002e-20 true resid norm 4.574678229002e-20 ||r(i)||/||b|| 9.169437517675e-04
 21 KSP unpreconditioned resid norm 4.475962934069e-20 true resid norm 4.475962934069e-20 ||r(i)||/||b|| 8.971573606025e-04
 22 KSP unpreconditioned resid norm 4.366310791230e-20 true resid norm 4.366310791230e-20 ||r(i)||/||b|| 8.751787990052e-04
 23 KSP unpreconditioned resid norm 4.249867874634e-20 true resid norm 4.249867874634e-20 ||r(i)||/||b|| 8.518391017706e-04
 24 KSP unpreconditioned resid norm 4.148197991672e-20 true resid norm 4.148197991672e-20 ||r(i)||/||b|| 8.314604960505e-04
 25 KSP unpreconditioned resid norm 4.063039648254e-20 true resid norm 4.063039648254e-20 ||r(i)||/||b|| 8.143914461636e-04
 26 KSP unpreconditioned resid norm 3.995235429471e-20 true resid norm 3.995235429471e-20 ||r(i)||/||b|| 8.008008389898e-04
 27 KSP unpreconditioned resid norm 3.933815368652e-20 true resid norm 3.933815368652e-20 ||r(i)||/||b|| 7.884898658061e-04
 28 KSP unpreconditioned resid norm 3.883538726750e-20 true resid norm 3.883538726750e-20 ||r(i)||/||b|| 7.784124679337e-04
 29 KSP unpreconditioned resid norm 3.834850663691e-20 true resid norm 3.834850663691e-20 ||r(i)||/||b|| 7.686534831542e-04
 30 KSP unpreconditioned resid norm 3.775056253552e-20 true resid norm 3.775056253552e-20 ||r(i)||/||b|| 7.566683537040e-04
 31 KSP unpreconditioned resid norm 3.723858715846e-20 true resid norm 3.723858715846e-20 ||r(i)||/||b|| 7.464063724335e-04
 32 KSP unpreconditioned resid norm 3.688309936452e-20 true resid norm 3.688309936452e-20 ||r(i)||/||b|| 7.392810120219e-04
 33 KSP unpreconditioned resid norm 3.653092722650e-20 true resid norm 3.653092722650e-20 ||r(i)||/||b|| 7.322221102733e-04
 34 KSP unpreconditioned resid norm 3.623886526048e-20 true resid norm 3.623886526048e-20 ||r(i)||/||b|| 7.263680505675e-04
 35 KSP unpreconditioned resid norm 3.596789138529e-20 true resid norm 3.596789138529e-20 ||r(i)||/||b|| 7.209366783635e-04
 36 KSP unpreconditioned resid norm 3.560762640482e-20 true resid norm 3.560762640482e-20 ||r(i)||/||b|| 7.137155645215e-04
 37 KSP unpreconditioned resid norm 3.525332767406e-20 true resid norm 3.525332767406e-20 ||r(i)||/||b|| 7.066140375688e-04
 38 KSP unpreconditioned resid norm 3.491286337399e-20 true resid norm 3.491286337399e-20 ||r(i)||/||b|| 6.997898065078e-04
 39 KSP unpreconditioned resid norm 3.461617327722e-20 true resid norm 3.461617327722e-20 ||r(i)||/||b|| 6.938429810301e-04
 40 KSP unpreconditioned resid norm 3.419919162502e-20 true resid norm 3.419919162502e-20 ||r(i)||/||b|| 6.854850441120e-04
 41 KSP unpreconditioned resid norm 3.368737650133e-20 true resid norm 3.368737650133e-20 ||r(i)||/||b|| 6.752262749432e-04
 42 KSP unpreconditioned resid norm 3.299574407961e-20 true resid norm 3.299574407961e-20 ||r(i)||/||b|| 6.613632665333e-04
 43 KSP unpreconditioned resid norm 3.217601964117e-20 true resid norm 3.217601964117e-20 ||r(i)||/||b|| 6.449327950471e-04
 44 KSP unpreconditioned resid norm 3.096872470417e-20 true resid norm 3.096872470417e-20 ||r(i)||/||b|| 6.207339007511e-04
 45 KSP unpreconditioned resid norm 2.955698066556e-20 true resid norm 2.955698066556e-20 ||r(i)||/||b|| 5.924370499018e-04
 46 KSP unpreconditioned resid norm 2.800188038599e-20 true resid norm 2.800188038599e-20 ||r(i)||/||b|| 5.612667814512e-04
 47 KSP unpreconditioned resid norm 2.659573051218e-20 true resid norm 2.659573051219e-20 ||r(i)||/||b|| 5.330820594601e-04
 48 KSP unpreconditioned resid norm 2.514130203857e-20 true resid norm 2.514130203857e-20 ||r(i)||/||b|| 5.039296462299e-04
 49 KSP unpreconditioned resid norm 2.353407785217e-20 true resid norm 2.353407785217e-20 ||r(i)||/||b|| 4.717146116059e-04
 50 KSP unpreconditioned resid norm 2.179538670348e-20 true resid norm 2.179538670348e-20 ||r(i)||/||b|| 4.368644668473e-04
 51 KSP unpreconditioned resid norm 2.018765472369e-20 true resid norm 2.018765472369e-20 ||r(i)||/||b|| 4.046392540653e-04
 52 KSP unpreconditioned resid norm 1.866972779025e-20 true resid norm 1.866972779024e-20 ||r(i)||/||b|| 3.742140843029e-04
 53 KSP unpreconditioned resid norm 1.711625137647e-20 true resid norm 1.711625137647e-20 ||r(i)||/||b|| 3.430763644497e-04
 54 KSP unpreconditioned resid norm 1.580403713103e-20 true resid norm 1.580403713103e-20 ||r(i)||/||b|| 3.167744784349e-04
 55 KSP unpreconditioned resid norm 1.475148173850e-20 true resid norm 1.475148173849e-20 ||r(i)||/||b|| 2.956771674927e-04
 56 KSP unpreconditioned resid norm 1.393092613998e-20 true resid norm 1.393092613997e-20 ||r(i)||/||b|| 2.792300363203e-04
 57 KSP unpreconditioned resid norm 1.312428639422e-20 true resid norm 1.312428639422e-20 ||r(i)||/||b|| 2.630618330551e-04
 58 KSP unpreconditioned resid norm 1.232342651852e-20 true resid norm 1.232342651852e-20 ||r(i)||/||b|| 2.470094809048e-04
 59 KSP unpreconditioned resid norm 1.146938332649e-20 true resid norm 1.146938332649e-20 ||r(i)||/||b|| 2.298911278870e-04
 60 KSP unpreconditioned resid norm 1.050345251906e-20 true resid norm 1.050345251907e-20 ||r(i)||/||b|| 2.105301111297e-04
 61 KSP unpreconditioned resid norm 9.584078707083e-21 true resid norm 9.584078707089e-21 ||r(i)||/||b|| 1.921022779525e-04
 62 KSP unpreconditioned resid norm 8.902632663119e-21 true resid norm 8.902632663125e-21 ||r(i)||/||b|| 1.784434442401e-04
 63 KSP unpreconditioned resid norm 8.316065348903e-21 true resid norm 8.316065348909e-21 ||r(i)||/||b|| 1.666863499301e-04
 64 KSP unpreconditioned resid norm 7.810088039997e-21 true resid norm 7.810088040005e-21 ||r(i)||/||b|| 1.565445933144e-04
 65 KSP unpreconditioned resid norm 7.372141145576e-21 true resid norm 7.372141145584e-21 ||r(i)||/||b|| 1.477664312593e-04
 66 KSP unpreconditioned resid norm 6.968568273587e-21 true resid norm 6.968568273595e-21 ||r(i)||/||b|| 1.396772585387e-04
 67 KSP unpreconditioned resid norm 6.582169089313e-21 true resid norm 6.582169089322e-21 ||r(i)||/||b|| 1.319323134306e-04
 68 KSP unpreconditioned resid norm 6.195606165275e-21 true resid norm 6.195606165285e-21 ||r(i)||/||b|| 1.241840863397e-04
 69 KSP unpreconditioned resid norm 5.883660179431e-21 true resid norm 5.883660179439e-21 ||r(i)||/||b|| 1.179314734063e-04
 70 KSP unpreconditioned resid norm 5.683421369478e-21 true resid norm 5.683421369484e-21 ||r(i)||/||b|| 1.139179075016e-04
 71 KSP unpreconditioned resid norm 5.534078656803e-21 true resid norm 5.534078656808e-21 ||r(i)||/||b|| 1.109244976833e-04
 72 KSP unpreconditioned resid norm 5.421685720911e-21 true resid norm 5.421685720916e-21 ||r(i)||/||b|| 1.086717053524e-04
 73 KSP unpreconditioned resid norm 5.325017347915e-21 true resid norm 5.325017347919e-21 ||r(i)||/||b|| 1.067340945265e-04
 74 KSP unpreconditioned resid norm 5.223873940456e-21 true resid norm 5.223873940460e-21 ||r(i)||/||b|| 1.047067865748e-04
 75 KSP unpreconditioned resid norm 5.102106802462e-21 true resid norm 5.102106802466e-21 ||r(i)||/||b|| 1.022660987108e-04
 76 KSP unpreconditioned resid norm 4.939360251546e-21 true resid norm 4.939360251551e-21 ||r(i)||/||b|| 9.900402375133e-05
 77 KSP unpreconditioned resid norm 4.749247702688e-21 true resid norm 4.749247702694e-21 ||r(i)||/||b|| 9.519342757209e-05
 78 KSP unpreconditioned resid norm 4.539560715472e-21 true resid norm 4.539560715479e-21 ||r(i)||/||b|| 9.099048338391e-05
 79 KSP unpreconditioned resid norm 4.353148621829e-21 true resid norm 4.353148621836e-21 ||r(i)||/||b|| 8.725405874455e-05
 80 KSP unpreconditioned resid norm 4.169887890998e-21 true resid norm 4.169887891006e-21 ||r(i)||/||b|| 8.358079969402e-05
 81 KSP unpreconditioned resid norm 3.990323864525e-21 true resid norm 3.990323864532e-21 ||r(i)||/||b|| 7.998163700159e-05
 82 KSP unpreconditioned resid norm 3.800757319009e-21 true resid norm 3.800757319016e-21 ||r(i)||/||b|| 7.618198485659e-05
 83 KSP unpreconditioned resid norm 3.588877207141e-21 true resid norm 3.588877207148e-21 ||r(i)||/||b|| 7.193508190571e-05
 84 KSP unpreconditioned resid norm 3.402322038802e-21 true resid norm 3.402322038811e-21 ||r(i)||/||b|| 6.819578949204e-05
 85 KSP unpreconditioned resid norm 3.252583239696e-21 true resid norm 3.252583239705e-21 ||r(i)||/||b|| 6.519444055853e-05
 86 KSP unpreconditioned resid norm 3.146165669308e-21 true resid norm 3.146165669316e-21 ||r(i)||/||b|| 6.306141783296e-05
 87 KSP unpreconditioned resid norm 3.057559080757e-21 true resid norm 3.057559080763e-21 ||r(i)||/||b|| 6.128539657700e-05
 88 KSP unpreconditioned resid norm 2.996291848262e-21 true resid norm 2.996291848266e-21 ||r(i)||/||b|| 6.005736253363e-05
 89 KSP unpreconditioned resid norm 2.943912395245e-21 true resid norm 2.943912395246e-21 ||r(i)||/||b|| 5.900747421879e-05
 90 KSP unpreconditioned resid norm 2.903528674142e-21 true resid norm 2.903528674140e-21 ||r(i)||/||b|| 5.819802710826e-05
 91 KSP unpreconditioned resid norm 2.871228728157e-21 true resid norm 2.871228728155e-21 ||r(i)||/||b|| 5.755061034644e-05
 92 KSP unpreconditioned resid norm 2.862823808506e-21 true resid norm 2.862813620685e-21 ||r(i)||/||b|| 5.738193880653e-05
 93 KSP unpreconditioned resid norm 2.848099835837e-21 true resid norm 2.836735573129e-21 ||r(i)||/||b|| 5.685923313047e-05
 94 KSP unpreconditioned resid norm 2.845535883968e-21 true resid norm 2.830928501636e-21 ||r(i)||/||b|| 5.674283679273e-05
 95 KSP unpreconditioned resid norm 2.843415146396e-21 true resid norm 2.824422424025e-21 ||r(i)||/||b|| 5.661242964899e-05
 96 KSP unpreconditioned resid norm 2.843172835488e-21 true resid norm 2.823176555553e-21 ||r(i)||/||b|| 5.658745759076e-05
 97 KSP unpreconditioned resid norm 2.843015984601e-21 true resid norm 2.822605502674e-21 ||r(i)||/||b|| 5.657601146618e-05
 98 KSP unpreconditioned resid norm 2.843013655012e-21 true resid norm 2.822631423698e-21 ||r(i)||/||b|| 5.657653102449e-05
 99 KSP unpreconditioned resid norm 2.842968041848e-21 true resid norm 2.822423565155e-21 ||r(i)||/||b|| 5.657236472946e-05
100 KSP unpreconditioned resid norm 2.822409875577e-21 true resid norm 2.822409875577e-21 ||r(i)||/||b|| 5.657209033697e-05
101 KSP unpreconditioned resid norm 2.810025363001e-21 true resid norm 2.810025363001e-21 ||r(i)||/||b|| 5.632385645349e-05
102 KSP unpreconditioned resid norm 2.792341062409e-21 true resid norm 2.792341062409e-21 ||r(i)||/||b|| 5.596939416957e-05
103 KSP unpreconditioned resid norm 2.765491007837e-21 true resid norm 2.765491007837e-21 ||r(i)||/||b|| 5.543121446508e-05
104 KSP unpreconditioned resid norm 2.716209769046e-21 true resid norm 2.716209769046e-21 ||r(i)||/||b|| 5.444342643438e-05
105 KSP unpreconditioned resid norm 2.660534514436e-21 true resid norm 2.660534514436e-21 ||r(i)||/||b|| 5.332747741486e-05
106 KSP unpreconditioned resid norm 2.583271763059e-21 true resid norm 2.583271763059e-21 ||r(i)||/||b|| 5.177883085279e-05
107 KSP unpreconditioned resid norm 2.493698661116e-21 true resid norm 2.493698661116e-21 ||r(i)||/||b|| 4.998343690284e-05
108 KSP unpreconditioned resid norm 2.361675900680e-21 true resid norm 2.361675900680e-21 ||r(i)||/||b|| 4.733718640798e-05
109 KSP unpreconditioned resid norm 2.234585779931e-21 true resid norm 2.234585779931e-21 ||r(i)||/||b|| 4.478980523059e-05
110 KSP unpreconditioned resid norm 2.123406037913e-21 true resid norm 2.123406037913e-21 ||r(i)||/||b|| 4.256133003160e-05
111 KSP unpreconditioned resid norm 2.038375573381e-21 true resid norm 2.038375573381e-21 ||r(i)||/||b|| 4.085698823401e-05
112 KSP unpreconditioned resid norm 1.971429577003e-21 true resid norm 1.971429577003e-21 ||r(i)||/||b|| 3.951512963735e-05
113 KSP unpreconditioned resid norm 1.900146229670e-21 true resid norm 1.900146229669e-21 ||r(i)||/||b|| 3.808633362876e-05
114 KSP unpreconditioned resid norm 1.830852424376e-21 true resid norm 1.830852424376e-21 ||r(i)||/||b|| 3.669741579412e-05
115 KSP unpreconditioned resid norm 1.766683185540e-21 true resid norm 1.766683185540e-21 ||r(i)||/||b|| 3.541121423717e-05
116 KSP unpreconditioned resid norm 1.707943560260e-21 true resid norm 1.707943560260e-21 ||r(i)||/||b|| 3.423384329029e-05
117 KSP unpreconditioned resid norm 1.660404548423e-21 true resid norm 1.660404548423e-21 ||r(i)||/||b|| 3.328097627567e-05
118 KSP unpreconditioned resid norm 1.615147925380e-21 true resid norm 1.615147925380e-21 ||r(i)||/||b|| 3.237385722494e-05
119 KSP unpreconditioned resid norm 1.574546239469e-21 true resid norm 1.574546239469e-21 ||r(i)||/||b|| 3.156004125048e-05
120 KSP unpreconditioned resid norm 1.538979800859e-21 true resid norm 1.538979800858e-21 ||r(i)||/||b|| 3.084715124983e-05
121 KSP unpreconditioned resid norm 1.506893698798e-21 true resid norm 1.506893698797e-21 ||r(i)||/||b|| 3.020402075342e-05
122 KSP unpreconditioned resid norm 1.471177893462e-21 true resid norm 1.471177893462e-21 ||r(i)||/||b|| 2.948813686164e-05
123 KSP unpreconditioned resid norm 1.434430820765e-21 true resid norm 1.434430820765e-21 ||r(i)||/||b|| 2.875158235402e-05
124 KSP unpreconditioned resid norm 1.383747478636e-21 true resid norm 1.383747478636e-21 ||r(i)||/||b|| 2.773569070967e-05
125 KSP unpreconditioned resid norm 1.324111095172e-21 true resid norm 1.324111095172e-21 ||r(i)||/||b|| 2.654034523491e-05
126 KSP unpreconditioned resid norm 1.255938771789e-21 true resid norm 1.255938771789e-21 ||r(i)||/||b|| 2.517390626719e-05
127 KSP unpreconditioned resid norm 1.181721703094e-21 true resid norm 1.181721703094e-21 ||r(i)||/||b|| 2.368630705238e-05
128 KSP unpreconditioned resid norm 1.101770424432e-21 true resid norm 1.101770424432e-21 ||r(i)||/||b|| 2.208377192871e-05
129 KSP unpreconditioned resid norm 1.029771600578e-21 true resid norm 1.029771600577e-21 ||r(i)||/||b|| 2.064063498304e-05
130 KSP unpreconditioned resid norm 9.430070101828e-22 true resid norm 9.430070101826e-22 ||r(i)||/||b|| 1.890153454680e-05
131 KSP unpreconditioned resid norm 8.591612984825e-22 true resid norm 8.591612984824e-22 ||r(i)||/||b|| 1.722093981188e-05
132 KSP unpreconditioned resid norm 7.920154130002e-22 true resid norm 7.920154130001e-22 ||r(i)||/||b|| 1.587507465880e-05
133 KSP unpreconditioned resid norm 7.360118375944e-22 true resid norm 7.360118375941e-22 ||r(i)||/||b|| 1.475254481135e-05
134 KSP unpreconditioned resid norm 6.894249331372e-22 true resid norm 6.894249331370e-22 ||r(i)||/||b|| 1.381876173815e-05
135 KSP unpreconditioned resid norm 6.508906012767e-22 true resid norm 6.508906012763e-22 ||r(i)||/||b|| 1.304638359351e-05
136 KSP unpreconditioned resid norm 6.079218653609e-22 true resid norm 6.079218653608e-22 ||r(i)||/||b|| 1.218512271467e-05
137 KSP unpreconditioned resid norm 5.654115043133e-22 true resid norm 5.654115043132e-22 ||r(i)||/||b|| 1.133304945407e-05
138 KSP unpreconditioned resid norm 5.128901437311e-22 true resid norm 5.128901437310e-22 ||r(i)||/||b|| 1.028031675880e-05
139 KSP unpreconditioned resid norm 4.577252054998e-22 true resid norm 4.577252054995e-22 ||r(i)||/||b|| 9.174596467755e-06
140 KSP unpreconditioned resid norm 4.124171918354e-22 true resid norm 4.124171918350e-22 ||r(i)||/||b|| 8.266447348737e-06
141 KSP unpreconditioned resid norm 3.787235336123e-22 true resid norm 3.787235336120e-22 ||r(i)||/||b|| 7.591095163617e-06
142 KSP unpreconditioned resid norm 3.570808768546e-22 true resid norm 3.570808768542e-22 ||r(i)||/||b|| 7.157291999934e-06
143 KSP unpreconditioned resid norm 3.402412717382e-22 true resid norm 3.402412717383e-22 ||r(i)||/||b|| 6.819760704391e-06
144 KSP unpreconditioned resid norm 3.270681481379e-22 true resid norm 3.270681481379e-22 ||r(i)||/||b|| 6.555719983448e-06
145 KSP unpreconditioned resid norm 3.151096322256e-22 true resid norm 3.151096322252e-22 ||r(i)||/||b|| 6.316024732817e-06
146 KSP unpreconditioned resid norm 3.036433439532e-22 true resid norm 3.036433439529e-22 ||r(i)||/||b|| 6.086195641877e-06
147 KSP unpreconditioned resid norm 2.911953566723e-22 true resid norm 2.911953566720e-22 ||r(i)||/||b|| 5.836689477990e-06
148 KSP unpreconditioned resid norm 2.796003543524e-22 true resid norm 2.796003543522e-22 ||r(i)||/||b|| 5.604280456051e-06
149 KSP unpreconditioned resid norm 2.686062983762e-22 true resid norm 2.686062983761e-22 ||r(i)||/||b|| 5.383916740197e-06
150 KSP unpreconditioned resid norm 2.592391257392e-22 true resid norm 2.592391257390e-22 ||r(i)||/||b|| 5.196162104976e-06
151 KSP unpreconditioned resid norm 2.518164221944e-22 true resid norm 2.518164221941e-22 ||r(i)||/||b|| 5.047382206237e-06
152 KSP unpreconditioned resid norm 2.465359462352e-22 true resid norm 2.465359462355e-22 ||r(i)||/||b|| 4.941540894693e-06
153 KSP unpreconditioned resid norm 2.428489938729e-22 true resid norm 2.428489938726e-22 ||r(i)||/||b|| 4.867640004552e-06
154 KSP unpreconditioned resid norm 2.401408486356e-22 true resid norm 2.401408486356e-22 ||r(i)||/||b|| 4.813358222760e-06
155 KSP unpreconditioned resid norm 2.379329033006e-22 true resid norm 2.379329033010e-22 ||r(i)||/||b|| 4.769102395849e-06
156 KSP unpreconditioned resid norm 2.355896594533e-22 true resid norm 2.355896594534e-22 ||r(i)||/||b|| 4.722134659598e-06
157 KSP unpreconditioned resid norm 2.332754545661e-22 true resid norm 2.332754545661e-22 ||r(i)||/||b|| 4.675748977252e-06
158 KSP unpreconditioned resid norm 2.299907213891e-22 true resid norm 2.299907213892e-22 ||r(i)||/||b|| 4.609910126690e-06
159 KSP unpreconditioned resid norm 2.266429906014e-22 true resid norm 2.266429906014e-22 ||r(i)||/||b|| 4.542808558564e-06
160 KSP unpreconditioned resid norm 2.230154585995e-22 true resid norm 2.230154585994e-22 ||r(i)||/||b|| 4.470098683966e-06
161 KSP unpreconditioned resid norm 2.194619971927e-22 true resid norm 2.194619971929e-22 ||r(i)||/||b|| 4.398873472687e-06
162 KSP unpreconditioned resid norm 2.161909073066e-22 true resid norm 2.161909073065e-22 ||r(i)||/||b|| 4.333308086826e-06
163 KSP unpreconditioned resid norm 2.130899301814e-22 true resid norm 2.130899301813e-22 ||r(i)||/||b|| 4.271152423478e-06
164 KSP unpreconditioned resid norm 2.105534938754e-22 true resid norm 2.105534938752e-22 ||r(i)||/||b|| 4.220312357659e-06
165 KSP unpreconditioned resid norm 2.073979238364e-22 true resid norm 2.073979238362e-22 ||r(i)||/||b|| 4.157062439615e-06
166 KSP unpreconditioned resid norm 2.042924947545e-22 true resid norm 2.042924947541e-22 ||r(i)||/||b|| 4.094817541705e-06
167 KSP unpreconditioned resid norm 2.007234820793e-22 true resid norm 2.007234820788e-22 ||r(i)||/||b|| 4.023280622413e-06
168 KSP unpreconditioned resid norm 1.967866555076e-22 true resid norm 1.967866555070e-22 ||r(i)||/||b|| 3.944371279589e-06
169 KSP unpreconditioned resid norm 1.926597632576e-22 true resid norm 1.926597632575e-22 ||r(i)||/||b|| 3.861652280066e-06
170 KSP unpreconditioned resid norm 1.886379115937e-22 true resid norm 1.886379115934e-22 ||r(i)||/||b|| 3.781038703125e-06
171 KSP unpreconditioned resid norm 1.844445674966e-22 true resid norm 1.844445674963e-22 ||r(i)||/||b|| 3.696987749674e-06
172 KSP unpreconditioned resid norm 1.804347882912e-22 true resid norm 1.804347882910e-22 ||r(i)||/||b|| 3.616616151843e-06
173 KSP unpreconditioned resid norm 1.766599892570e-22 true resid norm 1.766599892564e-22 ||r(i)||/||b|| 3.540954472143e-06
174 KSP unpreconditioned resid norm 1.731046649510e-22 true resid norm 1.731046649505e-22 ||r(i)||/||b|| 3.469691921102e-06
175 KSP unpreconditioned resid norm 1.687628153274e-22 true resid norm 1.687628153268e-22 ||r(i)||/||b|| 3.382664338304e-06
176 KSP unpreconditioned resid norm 1.646018586482e-22 true resid norm 1.646018586478e-22 ||r(i)||/||b|| 3.299262554895e-06
177 KSP unpreconditioned resid norm 1.605959385839e-22 true resid norm 1.605959385834e-22 ||r(i)||/||b|| 3.218968309283e-06
178 KSP unpreconditioned resid norm 1.569685454083e-22 true resid norm 1.569685454081e-22 ||r(i)||/||b|| 3.146261217314e-06
179 KSP unpreconditioned resid norm 1.528875220949e-22 true resid norm 1.528875220944e-22 ||r(i)||/||b|| 3.064461609974e-06
180 KSP unpreconditioned resid norm 1.483206716977e-22 true resid norm 1.483206716970e-22 ||r(i)||/||b|| 2.972924135041e-06
181 KSP unpreconditioned resid norm 1.426358980527e-22 true resid norm 1.426358980521e-22 ||r(i)||/||b|| 2.858979122672e-06
182 KSP unpreconditioned resid norm 1.366585302411e-22 true resid norm 1.366585302404e-22 ||r(i)||/||b|| 2.739169383220e-06
183 KSP unpreconditioned resid norm 1.311351162428e-22 true resid norm 1.311351162418e-22 ||r(i)||/||b|| 2.628458646838e-06
184 KSP unpreconditioned resid norm 1.261876397356e-22 true resid norm 1.261876397347e-22 ||r(i)||/||b|| 2.529291941703e-06
185 KSP unpreconditioned resid norm 1.223413790930e-22 true resid norm 1.223413790919e-22 ||r(i)||/||b|| 2.452197892953e-06
186 KSP unpreconditioned resid norm 1.189903869972e-22 true resid norm 1.189903869961e-22 ||r(i)||/||b|| 2.385030955506e-06
187 KSP unpreconditioned resid norm 1.155994522538e-22 true resid norm 1.155994522531e-22 ||r(i)||/||b|| 2.317063411787e-06
188 KSP unpreconditioned resid norm 1.121726267513e-22 true resid norm 1.121726267503e-22 ||r(i)||/||b|| 2.248376477409e-06
189 KSP unpreconditioned resid norm 1.087218785624e-22 true resid norm 1.087218785618e-22 ||r(i)||/||b|| 2.179210039203e-06
190 KSP unpreconditioned resid norm 1.047815812245e-22 true resid norm 1.047815812236e-22 ||r(i)||/||b|| 2.100231128699e-06
191 KSP unpreconditioned resid norm 1.006796752693e-22 true resid norm 1.006796752679e-22 ||r(i)||/||b|| 2.018012951853e-06
192 KSP unpreconditioned resid norm 9.992766416675e-23 true resid norm 9.957039200145e-23 ||r(i)||/||b|| 1.995778593300e-06
193 KSP unpreconditioned resid norm 9.983504349293e-23 true resid norm 9.921448409083e-23 ||r(i)||/||b|| 1.988644812113e-06
194 KSP unpreconditioned resid norm 9.977438747242e-23 true resid norm 9.904763539396e-23 ||r(i)||/||b|| 1.985300514166e-06
195 KSP unpreconditioned resid norm 9.976154780802e-23 true resid norm 9.900277075326e-23 ||r(i)||/||b|| 1.984401251969e-06
196 KSP unpreconditioned resid norm 9.970945656683e-23 true resid norm 9.886535244752e-23 ||r(i)||/||b|| 1.981646853724e-06
197 KSP unpreconditioned resid norm 9.970334135236e-23 true resid norm 9.886224733814e-23 ||r(i)||/||b|| 1.981584615235e-06
198 KSP unpreconditioned resid norm 9.964727995437e-23 true resid norm 9.885973940439e-23 ||r(i)||/||b|| 1.981534346471e-06
199 KSP unpreconditioned resid norm 9.964409129635e-23 true resid norm 9.886836566740e-23 ||r(i)||/||b|| 1.981707250391e-06
200 KSP unpreconditioned resid norm 9.893960155801e-23 true resid norm 9.893960155801e-23 ||r(i)||/||b|| 1.983135095182e-06
201 KSP unpreconditioned resid norm 9.656132766632e-23 true resid norm 9.656132766599e-23 ||r(i)||/||b|| 1.935465220359e-06
202 KSP unpreconditioned resid norm 9.420339461420e-23 true resid norm 9.420339461409e-23 ||r(i)||/||b|| 1.888203055224e-06
203 KSP unpreconditioned resid norm 9.187190757638e-23 true resid norm 9.187190757622e-23 ||r(i)||/||b|| 1.841470971246e-06
204 KSP unpreconditioned resid norm 8.968804048098e-23 true resid norm 8.968804048058e-23 ||r(i)||/||b|| 1.797697766054e-06
205 KSP unpreconditioned resid norm 8.783073489131e-23 true resid norm 8.783073489085e-23 ||r(i)||/||b|| 1.760470125762e-06
206 KSP unpreconditioned resid norm 8.576222155007e-23 true resid norm 8.576222154967e-23 ||r(i)||/||b|| 1.719009059241e-06
207 KSP unpreconditioned resid norm 8.384389055110e-23 true resid norm 8.384389055090e-23 ||r(i)||/||b|| 1.680558231989e-06
208 KSP unpreconditioned resid norm 8.145286074644e-23 true resid norm 8.145286074641e-23 ||r(i)||/||b|| 1.632632678983e-06
209 KSP unpreconditioned resid norm 7.913390105015e-23 true resid norm 7.913390105006e-23 ||r(i)||/||b|| 1.586151691737e-06
210 KSP unpreconditioned resid norm 7.663712888382e-23 true resid norm 7.663712888338e-23 ||r(i)||/||b|| 1.536106649808e-06
211 KSP unpreconditioned resid norm 7.452192923709e-23 true resid norm 7.452192923651e-23 ||r(i)||/||b|| 1.493709807826e-06
212 KSP unpreconditioned resid norm 7.259460523607e-23 true resid norm 7.259460523588e-23 ||r(i)||/||b|| 1.455078725779e-06
213 KSP unpreconditioned resid norm 7.085359830027e-23 true resid norm 7.085359830016e-23 ||r(i)||/||b|| 1.420182163626e-06
214 KSP unpreconditioned resid norm 6.901312415194e-23 true resid norm 6.901312415192e-23 ||r(i)||/||b|| 1.383291890998e-06
215 KSP unpreconditioned resid norm 6.695728977332e-23 true resid norm 6.695728977322e-23 ||r(i)||/||b|| 1.342084960284e-06
216 KSP unpreconditioned resid norm 6.486254938340e-23 true resid norm 6.486254938363e-23 ||r(i)||/||b|| 1.300098201530e-06
217 KSP unpreconditioned resid norm 6.280206621550e-23 true resid norm 6.280206621546e-23 ||r(i)||/||b|| 1.258798090962e-06
218 KSP unpreconditioned resid norm 6.041359012940e-23 true resid norm 6.041359012941e-23 ||r(i)||/||b|| 1.210923724423e-06
219 KSP unpreconditioned resid norm 5.831955655275e-23 true resid norm 5.831955655259e-23 ||r(i)||/||b|| 1.168951132950e-06
220 KSP unpreconditioned resid norm 5.639878466749e-23 true resid norm 5.639878466735e-23 ||r(i)||/||b|| 1.130451380824e-06
221 KSP unpreconditioned resid norm 5.457983991586e-23 true resid norm 5.457983991586e-23 ||r(i)||/||b|| 1.093992641188e-06
222 KSP unpreconditioned resid norm 5.298542529733e-23 true resid norm 5.298542529708e-23 ||r(i)||/||b|| 1.062034360207e-06
223 KSP unpreconditioned resid norm 5.172144130215e-23 true resid norm 5.172144130193e-23 ||r(i)||/||b|| 1.036699196318e-06
224 KSP unpreconditioned resid norm 5.068464009514e-23 true resid norm 5.068464009484e-23 ||r(i)||/||b|| 1.015917660633e-06
225 KSP unpreconditioned resid norm 4.989553392001e-23 true resid norm 4.989553391964e-23 ||r(i)||/||b|| 1.000100898434e-06
226 KSP unpreconditioned resid norm 4.916130577371e-23 true resid norm 4.916130577355e-23 ||r(i)||/||b|| 9.853841057498e-07
227 KSP unpreconditioned resid norm 4.853113186172e-23 true resid norm 4.853113186120e-23 ||r(i)||/||b|| 9.727529653169e-07
228 KSP unpreconditioned resid norm 4.778049660408e-23 true resid norm 4.778049660339e-23 ||r(i)||/||b|| 9.577073101900e-07
229 KSP unpreconditioned resid norm 4.691581828653e-23 true resid norm 4.691581828631e-23 ||r(i)||/||b|| 9.403757878304e-07
230 KSP unpreconditioned resid norm 4.607531394622e-23 true resid norm 4.607531394529e-23 ||r(i)||/||b|| 9.235288061358e-07
231 KSP unpreconditioned resid norm 4.527778701345e-23 true resid norm 4.527778701363e-23 ||r(i)||/||b|| 9.075432591696e-07
232 KSP unpreconditioned resid norm 4.475313397552e-23 true resid norm 4.475313397513e-23 ||r(i)||/||b|| 8.970271681700e-07
233 KSP unpreconditioned resid norm 4.431238474821e-23 true resid norm 4.431238474806e-23 ||r(i)||/||b|| 8.881928364503e-07
234 KSP unpreconditioned resid norm 4.396194647174e-23 true resid norm 4.396194647129e-23 ||r(i)||/||b|| 8.811686880364e-07
235 KSP unpreconditioned resid norm 4.352465509720e-23 true resid norm 4.352465509714e-23 ||r(i)||/||b|| 8.724036651613e-07
236 KSP unpreconditioned resid norm 4.302962668459e-23 true resid norm 4.302962668432e-23 ||r(i)||/||b|| 8.624813670814e-07
237 KSP unpreconditioned resid norm 4.242064459657e-23 true resid norm 4.242064459624e-23 ||r(i)||/||b|| 8.502749933727e-07
238 KSP unpreconditioned resid norm 4.172261480414e-23 true resid norm 4.172261480390e-23 ||r(i)||/||b|| 8.362837567305e-07
239 KSP unpreconditioned resid norm 4.084573002787e-23 true resid norm 4.084573002750e-23 ||r(i)||/||b|| 8.187075693685e-07
240 KSP unpreconditioned resid norm 3.982636550290e-23 true resid norm 3.982636550250e-23 ||r(i)||/||b|| 7.982755327273e-07
241 KSP unpreconditioned resid norm 3.902285573607e-23 true resid norm 3.902285573570e-23 ||r(i)||/||b|| 7.821700664349e-07
242 KSP unpreconditioned resid norm 3.820347219272e-23 true resid norm 3.820347219257e-23 ||r(i)||/||b|| 7.657464278190e-07
243 KSP unpreconditioned resid norm 3.741282038173e-23 true resid norm 3.741282038126e-23 ||r(i)||/||b|| 7.498986850509e-07
244 KSP unpreconditioned resid norm 3.645202075436e-23 true resid norm 3.645202075427e-23 ||r(i)||/||b|| 7.306405171411e-07
245 KSP unpreconditioned resid norm 3.545810616679e-23 true resid norm 3.545810616644e-23 ||r(i)||/||b|| 7.107185963966e-07
246 KSP unpreconditioned resid norm 3.433903188040e-23 true resid norm 3.433903188041e-23 ||r(i)||/||b|| 6.882879876637e-07
247 KSP unpreconditioned resid norm 3.302503853612e-23 true resid norm 3.302503853583e-23 ||r(i)||/||b|| 6.619504415705e-07
248 KSP unpreconditioned resid norm 3.148926918707e-23 true resid norm 3.148926918692e-23 ||r(i)||/||b|| 6.311676402859e-07
249 KSP unpreconditioned resid norm 3.001273230974e-23 true resid norm 3.001273230951e-23 ||r(i)||/||b|| 6.015720885068e-07
250 KSP unpreconditioned resid norm 2.865107770748e-23 true resid norm 2.865107770708e-23 ||r(i)||/||b|| 5.742792251127e-07
251 KSP unpreconditioned resid norm 2.738680282403e-23 true resid norm 2.738680282414e-23 ||r(i)||/||b|| 5.489382306996e-07
252 KSP unpreconditioned resid norm 2.632572428028e-23 true resid norm 2.632572428008e-23 ||r(i)||/||b|| 5.276700825937e-07
253 KSP unpreconditioned resid norm 2.516994394273e-23 true resid norm 2.516994394229e-23 ||r(i)||/||b|| 5.045037415725e-07
254 KSP unpreconditioned resid norm 2.394045818032e-23 true resid norm 2.394045818001e-23 ||r(i)||/||b|| 4.798600566797e-07
255 KSP unpreconditioned resid norm 2.253288376996e-23 true resid norm 2.253288376966e-23 ||r(i)||/||b|| 4.516467814261e-07
256 KSP unpreconditioned resid norm 2.119484313806e-23 true resid norm 2.119484313812e-23 ||r(i)||/||b|| 4.248272340113e-07
257 KSP unpreconditioned resid norm 1.985516952459e-23 true resid norm 1.985516952452e-23 ||r(i)||/||b|| 3.979749552738e-07
258 KSP unpreconditioned resid norm 1.853520779533e-23 true resid norm 1.853520779518e-23 ||r(i)||/||b|| 3.715177794965e-07
259 KSP unpreconditioned resid norm 1.719534955359e-23 true resid norm 1.719534955349e-23 ||r(i)||/||b|| 3.446618000927e-07
260 KSP unpreconditioned resid norm 1.599437440450e-23 true resid norm 1.599437440441e-23 ||r(i)||/||b|| 3.205895789691e-07
261 KSP unpreconditioned resid norm 1.474179301964e-23 true resid norm 1.474179301950e-23 ||r(i)||/||b|| 2.954829678158e-07
262 KSP unpreconditioned resid norm 1.337325867705e-23 true resid norm 1.337325867704e-23 ||r(i)||/||b|| 2.680522076273e-07
263 KSP unpreconditioned resid norm 1.204343349087e-23 true resid norm 1.204343349071e-23 ||r(i)||/||b|| 2.413973297428e-07
264 KSP unpreconditioned resid norm 1.089243550769e-23 true resid norm 1.089243550778e-23 ||r(i)||/||b|| 2.183268457455e-07
265 KSP unpreconditioned resid norm 9.881340066708e-24 true resid norm 9.881340066697e-24 ||r(i)||/||b|| 1.980605537632e-07
266 KSP unpreconditioned resid norm 9.052454080645e-24 true resid norm 9.052454080694e-24 ||r(i)||/||b|| 1.814464491695e-07
267 KSP unpreconditioned resid norm 8.391319632603e-24 true resid norm 8.391319632718e-24 ||r(i)||/||b|| 1.681947389769e-07
268 KSP unpreconditioned resid norm 7.866404546392e-24 true resid norm 7.866404546272e-24 ||r(i)||/||b|| 1.576733955156e-07
269 KSP unpreconditioned resid norm 7.426527336683e-24 true resid norm 7.426527336751e-24 ||r(i)||/||b|| 1.488565424250e-07
270 KSP unpreconditioned resid norm 7.062061811525e-24 true resid norm 7.062061811627e-24 ||r(i)||/||b|| 1.415512333024e-07
271 KSP unpreconditioned resid norm 6.703131305902e-24 true resid norm 6.703131305798e-24 ||r(i)||/||b|| 1.343568675314e-07
272 KSP unpreconditioned resid norm 6.394583966956e-24 true resid norm 6.394583966906e-24 ||r(i)||/||b|| 1.281723767244e-07
273 KSP unpreconditioned resid norm 6.140920078198e-24 true resid norm 6.140920078146e-24 ||r(i)||/||b|| 1.230879640903e-07
274 KSP unpreconditioned resid norm 5.906095209861e-24 true resid norm 5.906095209937e-24 ||r(i)||/||b|| 1.183811588269e-07
275 KSP unpreconditioned resid norm 5.715952569789e-24 true resid norm 5.715952569861e-24 ||r(i)||/||b|| 1.145699595024e-07
276 KSP unpreconditioned resid norm 5.543004736378e-24 true resid norm 5.543004736557e-24 ||r(i)||/||b|| 1.111034110985e-07
277 KSP unpreconditioned resid norm 5.403529704418e-24 true resid norm 5.403529704449e-24 ||r(i)||/||b|| 1.083077880445e-07
278 KSP unpreconditioned resid norm 5.276555864427e-24 true resid norm 5.276555864534e-24 ||r(i)||/||b|| 1.057627375880e-07
279 KSP unpreconditioned resid norm 5.145419244096e-24 true resid norm 5.145419244296e-24 ||r(i)||/||b|| 1.031342487952e-07
280 KSP unpreconditioned resid norm 4.978243884059e-24 true resid norm 4.978243884216e-24 ||r(i)||/||b|| 9.978340324499e-08
281 KSP unpreconditioned resid norm 4.777180178550e-24 true resid norm 4.777180178777e-24 ||r(i)||/||b|| 9.575330322090e-08
282 KSP unpreconditioned resid norm 4.577021184362e-24 true resid norm 4.577021184384e-24 ||r(i)||/||b|| 9.174133713101e-08
283 KSP unpreconditioned resid norm 4.419196201173e-24 true resid norm 4.419196201180e-24 ||r(i)||/||b|| 8.857790956350e-08
284 KSP unpreconditioned resid norm 4.289440904630e-24 true resid norm 4.289440904737e-24 ||r(i)||/||b|| 8.597710788136e-08
285 KSP unpreconditioned resid norm 4.181488639773e-24 true resid norm 4.181488639794e-24 ||r(i)||/||b|| 8.381332389757e-08
286 KSP unpreconditioned resid norm 4.083493869134e-24 true resid norm 4.083493869182e-24 ||r(i)||/||b|| 8.184912689572e-08
287 KSP unpreconditioned resid norm 3.997346062905e-24 true resid norm 3.997346063005e-24 ||r(i)||/||b|| 8.012238921828e-08
288 KSP unpreconditioned resid norm 3.930888585620e-24 true resid norm 3.930888585483e-24 ||r(i)||/||b|| 7.879032244282e-08
289 KSP unpreconditioned resid norm 3.869446884190e-24 true resid norm 3.869446884253e-24 ||r(i)||/||b|| 7.755879136631e-08
290 KSP unpreconditioned resid norm 3.857371341379e-24 true resid norm 3.847947393529e-24 ||r(i)||/||b|| 7.712785780773e-08
291 KSP unpreconditioned resid norm 3.856933409005e-24 true resid norm 3.846605837773e-24 ||r(i)||/||b|| 7.710096780352e-08
292 KSP unpreconditioned resid norm 3.854461203589e-24 true resid norm 3.841172612871e-24 ||r(i)||/||b|| 7.699206480803e-08
293 KSP unpreconditioned resid norm 3.854443725909e-24 true resid norm 3.840949992572e-24 ||r(i)||/||b|| 7.698760262988e-08
294 KSP unpreconditioned resid norm 3.852691880739e-24 true resid norm 3.838323275366e-24 ||r(i)||/||b|| 7.693495298309e-08
295 KSP unpreconditioned resid norm 3.852282853290e-24 true resid norm 3.838277711753e-24 ||r(i)||/||b|| 7.693403971075e-08
296 KSP unpreconditioned resid norm 3.851155360887e-24 true resid norm 3.839290647661e-24 ||r(i)||/||b|| 7.695434289287e-08
297 KSP unpreconditioned resid norm 3.851132077685e-24 true resid norm 3.839488791358e-24 ||r(i)||/||b|| 7.695831446454e-08
298 KSP unpreconditioned resid norm 3.849651340803e-24 true resid norm 3.843063148860e-24 ||r(i)||/||b|| 7.702995851500e-08
299 KSP unpreconditioned resid norm 3.849174229047e-24 true resid norm 3.843337250377e-24 ||r(i)||/||b|| 7.703545257733e-08
300 KSP unpreconditioned resid norm 3.847654810100e-24 true resid norm 3.847654810100e-24 ||r(i)||/||b|| 7.712199329588e-08
301 KSP unpreconditioned resid norm 3.808100299087e-24 true resid norm 3.808100299122e-24 ||r(i)||/||b|| 7.632916678700e-08
302 KSP unpreconditioned resid norm 3.769062887954e-24 true resid norm 3.769062887998e-24 ||r(i)||/||b|| 7.554670497388e-08
303 KSP unpreconditioned resid norm 3.722109493945e-24 true resid norm 3.722109494039e-24 ||r(i)||/||b|| 7.460557602316e-08
304 KSP unpreconditioned resid norm 3.661679320772e-24 true resid norm 3.661679320851e-24 ||r(i)||/||b|| 7.339431990963e-08
305 KSP unpreconditioned resid norm 3.605481472920e-24 true resid norm 3.605481472975e-24 ||r(i)||/||b|| 7.226789608499e-08
306 KSP unpreconditioned resid norm 3.536324125916e-24 true resid norm 3.536324126058e-24 ||r(i)||/||b|| 7.088171340787e-08
307 KSP unpreconditioned resid norm 3.480291056087e-24 true resid norm 3.480291056060e-24 ||r(i)||/||b|| 6.975859237387e-08
308 KSP unpreconditioned resid norm 3.404053258511e-24 true resid norm 3.404053258565e-24 ||r(i)||/||b|| 6.823048988094e-08
309 KSP unpreconditioned resid norm 3.340826699480e-24 true resid norm 3.340826699472e-24 ||r(i)||/||b|| 6.696318329884e-08
310 KSP unpreconditioned resid norm 3.282565799348e-24 true resid norm 3.282565799417e-24 ||r(i)||/||b|| 6.579540787062e-08
311 KSP unpreconditioned resid norm 3.230617710665e-24 true resid norm 3.230617710620e-24 ||r(i)||/||b|| 6.475416577546e-08
312 KSP unpreconditioned resid norm 3.187198751944e-24 true resid norm 3.187198751972e-24 ||r(i)||/||b|| 6.388388067895e-08
313 KSP unpreconditioned resid norm 3.149448308672e-24 true resid norm 3.149448308709e-24 ||r(i)||/||b|| 6.312721471594e-08
314 KSP unpreconditioned resid norm 3.105798106625e-24 true resid norm 3.105798106730e-24 ||r(i)||/||b|| 6.225229460212e-08
315 KSP unpreconditioned resid norm 3.055497944600e-24 true resid norm 3.055497944765e-24 ||r(i)||/||b|| 6.124408338118e-08
316 KSP unpreconditioned resid norm 2.996493385467e-24 true resid norm 2.996493385530e-24 ||r(i)||/||b|| 6.006140212562e-08
317 KSP unpreconditioned resid norm 2.937853845125e-24 true resid norm 2.937853845087e-24 ||r(i)||/||b|| 5.888603726881e-08
318 KSP unpreconditioned resid norm 2.861756107493e-24 true resid norm 2.861756107463e-24 ||r(i)||/||b|| 5.736074212137e-08
319 KSP unpreconditioned resid norm 2.782382020995e-24 true resid norm 2.782382021057e-24 ||r(i)||/||b|| 5.576977617932e-08
320 KSP unpreconditioned resid norm 2.691059890589e-24 true resid norm 2.691059890727e-24 ||r(i)||/||b|| 5.393932488607e-08
321 KSP unpreconditioned resid norm 2.584473872244e-24 true resid norm 2.584473872264e-24 ||r(i)||/||b|| 5.180292580480e-08
322 KSP unpreconditioned resid norm 2.451497461514e-24 true resid norm 2.451497461485e-24 ||r(i)||/||b|| 4.913756044154e-08
323 KSP unpreconditioned resid norm 2.316716408053e-24 true resid norm 2.316716408015e-24 ||r(i)||/||b|| 4.643602300768e-08
324 KSP unpreconditioned resid norm 2.159008951115e-24 true resid norm 2.159008951170e-24 ||r(i)||/||b|| 4.327495112629e-08
325 KSP unpreconditioned resid norm 2.004717036937e-24 true resid norm 2.004717036823e-24 ||r(i)||/||b|| 4.018234002389e-08
326 KSP unpreconditioned resid norm 1.862232749376e-24 true resid norm 1.862232749444e-24 ||r(i)||/||b|| 3.732639976979e-08
327 KSP unpreconditioned resid norm 1.721739178083e-24 true resid norm 1.721739178211e-24 ||r(i)||/||b|| 3.451036122332e-08
328 KSP unpreconditioned resid norm 1.581508013158e-24 true resid norm 1.581508013197e-24 ||r(i)||/||b|| 3.169958231985e-08
329 KSP unpreconditioned resid norm 1.453347889305e-24 true resid norm 1.453347889364e-24 ||r(i)||/||b|| 2.913075411180e-08
330 KSP unpreconditioned resid norm 1.342254855319e-24 true resid norm 1.342254855255e-24 ||r(i)||/||b|| 2.690401687714e-08
331 KSP unpreconditioned resid norm 1.219107935979e-24 true resid norm 1.219107936008e-24 ||r(i)||/||b|| 2.443567282101e-08
332 KSP unpreconditioned resid norm 1.115423294541e-24 true resid norm 1.115423294533e-24 ||r(i)||/||b|| 2.235742863866e-08
333 KSP unpreconditioned resid norm 1.037319345625e-24 true resid norm 1.037319345527e-24 ||r(i)||/||b|| 2.079192119870e-08
334 KSP unpreconditioned resid norm 9.752568252178e-25 true resid norm 9.752568251756e-25 ||r(i)||/||b|| 1.954794648821e-08
  Linear solve converged due to CONVERGED_ATOL iterations 334
Mat Object: 1 MPI process
  type: seqaijcusparse
  rows=281452, cols=281452, bs=4
  total: nonzeros=15993520, allocated nonzeros=15993520
  total number of mallocs used during MatSetValues calls=0
    not using I-node routines
Vec Object: 1 MPI process
  type: seqcuda
  length=281452, bs=4
Vec Object: 1 MPI process
  type: seqcuda
  length=281452, bs=4
KSP Object: 1 MPI process
  type: gmres
    restart=100, using classical (unmodified) Gram-Schmidt orthogonalization with no iterative refinement
    happy breakdown tolerance=1e-30
  maximum iterations=2000, initial guess is zero
  tolerances: relative=1e-10, absolute=1e-24, divergence=10000.
  right preconditioning
  diagonally scaled system
  using UNPRECONDITIONED norm type for convergence test
PC Object: 1 MPI process
  type: asm
    total subdomain blocks = 1, amount of overlap = 2
    restriction/interpolation type - RESTRICT
    Local solver information for first block is in the following KSP and PC objects on rank 0:
    Use -ksp_view ::ascii_info_detail to display information for all blocks
    KSP Object: (sub_) 1 MPI process
      type: preonly
      maximum iterations=10000, initial guess is zero
      tolerances: relative=1e-05, absolute=1e-50, divergence=10000.
      left preconditioning
      not checking for convergence
    PC Object: (sub_) 1 MPI process
      type: ilu
        out-of-place factorization
        2 levels of fill
        tolerance for zero pivot 2.22045e-14
        matrix ordering: natural
        factor fill ratio given 1., needed 4.996
          Factored matrix:
            Mat Object: (sub_) 1 MPI process
              type: seqaijcusparse
              rows=281452, cols=281452, bs=4
              package used to perform factorization: cusparse
              total: nonzeros=79903664, allocated nonzeros=79903664
                using I-node routines: found 70363 nodes, limit used is 5
      linear system matrix, which is also used to construct the preconditioner:
      Mat Object: (sub_) 1 MPI process
        type: seqaijcusparse
        rows=281452, cols=281452, bs=4
        total: nonzeros=15993520, allocated nonzeros=15993520
        total number of mallocs used during MatSetValues calls=0
          not using I-node routines
  linear system matrix, which is also used to construct the preconditioner:
  Mat Object: 1 MPI process
    type: seqaijcusparse
    rows=281452, cols=281452, bs=4
    total: nonzeros=15993520, allocated nonzeros=15993520
    total number of mallocs used during MatSetValues calls=0
      not using I-node routines
SV13Q_END logical=15 attempt=0 step=68 reason=3 iterations=334 healthy=1 ref=384 ratio=0.86979166666666663 pending=0 recovery=NONE
 NS     68-1    2.409e+03 [   0  1.000e+00  4.949e-14  1.955e-08] [  334 -178   65]
Vec Object: 1 MPI process
  type: seqcuda
  length=281452, bs=4
Mat Object: 1 MPI process
  type: seqaijcusparse
  rows=281452, cols=281452, bs=4
  total: nonzeros=15993520, allocated nonzeros=15993520
  total number of mallocs used during MatSetValues calls=0
    not using I-node routines
Mat Object: 1 MPI process
  type: seqaijcusparse
  rows=281452, cols=281452, bs=4
  total: nonzeros=15993520, allocated nonzeros=15993520
  total number of mallocs used during MatSetValues calls=0
    not using I-node routines
SV13Q_BEGIN logical=16 attempt=0 step=68 equation=0 policy=R3 reuse=1 age=1 ref=384 rebuild_reason=REUSE builds=3 attempts=16 ksp=0x55e693816a00 pc=0x55e6952d3390
  0 KSP unpreconditioned resid norm 3.180708485128e-17 true resid norm 3.180708485128e-17 ||r(i)||/||b|| 1.000000000000e+00
  1 KSP unpreconditioned resid norm 1.965712233858e-18 true resid norm 1.965712233858e-18 ||r(i)||/||b|| 6.180108120718e-02
  2 KSP unpreconditioned resid norm 6.913001780260e-19 true resid norm 6.913001780260e-19 ||r(i)||/||b|| 2.173415706778e-02
  3 KSP unpreconditioned resid norm 3.936880634017e-19 true resid norm 3.936880634017e-19 ||r(i)||/||b|| 1.237737017531e-02
  4 KSP unpreconditioned resid norm 2.629509644551e-19 true resid norm 2.629509644551e-19 ||r(i)||/||b|| 8.267056402200e-03
  5 KSP unpreconditioned resid norm 1.736179968983e-19 true resid norm 1.736179968983e-19 ||r(i)||/||b|| 5.458469322482e-03
  6 KSP unpreconditioned resid norm 1.169730041062e-19 true resid norm 1.169730041062e-19 ||r(i)||/||b|| 3.677577013207e-03
  7 KSP unpreconditioned resid norm 8.384830462021e-20 true resid norm 8.384830462021e-20 ||r(i)||/||b|| 2.636151820019e-03
  8 KSP unpreconditioned resid norm 6.411334607312e-20 true resid norm 6.411334607312e-20 ||r(i)||/||b|| 2.015693873642e-03
  9 KSP unpreconditioned resid norm 4.817295992113e-20 true resid norm 4.817295992113e-20 ||r(i)||/||b|| 1.514535523968e-03
 10 KSP unpreconditioned resid norm 3.822583647282e-20 true resid norm 3.822583647282e-20 ||r(i)||/||b|| 1.201802574853e-03
 11 KSP unpreconditioned resid norm 3.231580651389e-20 true resid norm 3.231580651389e-20 ||r(i)||/||b|| 1.015993973198e-03
 12 KSP unpreconditioned resid norm 2.866898390735e-20 true resid norm 2.866898390735e-20 ||r(i)||/||b|| 9.013395613398e-04
 13 KSP unpreconditioned resid norm 2.615861335645e-20 true resid norm 2.615861335645e-20 ||r(i)||/||b|| 8.224146751821e-04
 14 KSP unpreconditioned resid norm 2.398674849736e-20 true resid norm 2.398674849736e-20 ||r(i)||/||b|| 7.541322510226e-04
 15 KSP unpreconditioned resid norm 2.179284388211e-20 true resid norm 2.179284388211e-20 ||r(i)||/||b|| 6.851569071484e-04
 16 KSP unpreconditioned resid norm 1.961269785958e-20 true resid norm 1.961269785958e-20 ||r(i)||/||b|| 6.166141270500e-04
 17 KSP unpreconditioned resid norm 1.729699703352e-20 true resid norm 1.729699703352e-20 ||r(i)||/||b|| 5.438095667803e-04
 18 KSP unpreconditioned resid norm 1.504919704346e-20 true resid norm 1.504919704346e-20 ||r(i)||/||b|| 4.731397773114e-04
 19 KSP unpreconditioned resid norm 1.360273104961e-20 true resid norm 1.360273104961e-20 ||r(i)||/||b|| 4.276635571354e-04
 20 KSP unpreconditioned resid norm 1.262536869141e-20 true resid norm 1.262536869141e-20 ||r(i)||/||b|| 3.969357377592e-04
 21 KSP unpreconditioned resid norm 1.200446192853e-20 true resid norm 1.200446192853e-20 ||r(i)||/||b|| 3.774147170247e-04
 22 KSP unpreconditioned resid norm 1.155064629320e-20 true resid norm 1.155064629320e-20 ||r(i)||/||b|| 3.631469638669e-04
 23 KSP unpreconditioned resid norm 1.124158467657e-20 true resid norm 1.124158467657e-20 ||r(i)||/||b|| 3.534302099402e-04
 24 KSP unpreconditioned resid norm 1.105652506120e-20 true resid norm 1.105652506120e-20 ||r(i)||/||b|| 3.476120214379e-04
 25 KSP unpreconditioned resid norm 1.087932817801e-20 true resid norm 1.087932817801e-20 ||r(i)||/||b|| 3.420410335898e-04
 26 KSP unpreconditioned resid norm 1.069969576458e-20 true resid norm 1.069969576458e-20 ||r(i)||/||b|| 3.363934738002e-04
 27 KSP unpreconditioned resid norm 1.049751171119e-20 true resid norm 1.049751171119e-20 ||r(i)||/||b|| 3.300369009065e-04
 28 KSP unpreconditioned resid norm 1.029727829330e-20 true resid norm 1.029727829330e-20 ||r(i)||/||b|| 3.237416550886e-04
 29 KSP unpreconditioned resid norm 1.007463593497e-20 true resid norm 1.007463593497e-20 ||r(i)||/||b|| 3.167418825735e-04
 30 KSP unpreconditioned resid norm 9.813413042794e-21 true resid norm 9.813413042794e-21 ||r(i)||/||b|| 3.085291559625e-04
 31 KSP unpreconditioned resid norm 9.513925819117e-21 true resid norm 9.513925819117e-21 ||r(i)||/||b|| 2.991134165109e-04
 32 KSP unpreconditioned resid norm 9.117677648018e-21 true resid norm 9.117677648019e-21 ||r(i)||/||b|| 2.866555577366e-04
 33 KSP unpreconditioned resid norm 8.731569912271e-21 true resid norm 8.731569912271e-21 ||r(i)||/||b|| 2.745165095480e-04
 34 KSP unpreconditioned resid norm 8.459599460993e-21 true resid norm 8.459599460993e-21 ||r(i)||/||b|| 2.659658846621e-04
 35 KSP unpreconditioned resid norm 8.281568559602e-21 true resid norm 8.281568559602e-21 ||r(i)||/||b|| 2.603686756685e-04
 36 KSP unpreconditioned resid norm 8.139452276965e-21 true resid norm 8.139452276965e-21 ||r(i)||/||b|| 2.559006056362e-04
 37 KSP unpreconditioned resid norm 8.019690078508e-21 true resid norm 8.019690078509e-21 ||r(i)||/||b|| 2.521353376459e-04
 38 KSP unpreconditioned resid norm 7.904815879983e-21 true resid norm 7.904815879983e-21 ||r(i)||/||b|| 2.485237461070e-04
 39 KSP unpreconditioned resid norm 7.800384661936e-21 true resid norm 7.800384661936e-21 ||r(i)||/||b|| 2.452404770324e-04
 40 KSP unpreconditioned resid norm 7.675078321412e-21 true resid norm 7.675078321412e-21 ||r(i)||/||b|| 2.413009037860e-04
 41 KSP unpreconditioned resid norm 7.535384302465e-21 true resid norm 7.535384302465e-21 ||r(i)||/||b|| 2.369089886011e-04
 42 KSP unpreconditioned resid norm 7.411224971345e-21 true resid norm 7.411224971345e-21 ||r(i)||/||b|| 2.330054767986e-04
 43 KSP unpreconditioned resid norm 7.330497012828e-21 true resid norm 7.330497012828e-21 ||r(i)||/||b|| 2.304674272133e-04
 44 KSP unpreconditioned resid norm 7.252505110005e-21 true resid norm 7.252505110004e-21 ||r(i)||/||b|| 2.280153979503e-04
 45 KSP unpreconditioned resid norm 7.172527825107e-21 true resid norm 7.172527825107e-21 ||r(i)||/||b|| 2.255009491956e-04
 46 KSP unpreconditioned resid norm 7.096758840649e-21 true resid norm 7.096758840649e-21 ||r(i)||/||b|| 2.231188074554e-04
 47 KSP unpreconditioned resid norm 7.014063565666e-21 true resid norm 7.014063565666e-21 ||r(i)||/||b|| 2.205189063525e-04
 48 KSP unpreconditioned resid norm 6.935630053716e-21 true resid norm 6.935630053716e-21 ||r(i)||/||b|| 2.180529931034e-04
 49 KSP unpreconditioned resid norm 6.828048366054e-21 true resid norm 6.828048366054e-21 ||r(i)||/||b|| 2.146706747248e-04
 50 KSP unpreconditioned resid norm 6.716753042880e-21 true resid norm 6.716753042881e-21 ||r(i)||/||b|| 2.111716013676e-04
 51 KSP unpreconditioned resid norm 6.597333595068e-21 true resid norm 6.597333595069e-21 ||r(i)||/||b|| 2.074171092986e-04
 52 KSP unpreconditioned resid norm 6.488085980463e-21 true resid norm 6.488085980464e-21 ||r(i)||/||b|| 2.039824149494e-04
 53 KSP unpreconditioned resid norm 6.379664014532e-21 true resid norm 6.379664014533e-21 ||r(i)||/||b|| 2.005736786116e-04
 54 KSP unpreconditioned resid norm 6.275157646633e-21 true resid norm 6.275157646633e-21 ||r(i)||/||b|| 1.972880468604e-04
 55 KSP unpreconditioned resid norm 6.152814046324e-21 true resid norm 6.152814046325e-21 ||r(i)||/||b|| 1.934416207928e-04
 56 KSP unpreconditioned resid norm 6.009968639818e-21 true resid norm 6.009968639818e-21 ||r(i)||/||b|| 1.889506274441e-04
 57 KSP unpreconditioned resid norm 5.873431103041e-21 true resid norm 5.873431103041e-21 ||r(i)||/||b|| 1.846579505951e-04
 58 KSP unpreconditioned resid norm 5.728714930175e-21 true resid norm 5.728714930175e-21 ||r(i)||/||b|| 1.801081412195e-04
 59 KSP unpreconditioned resid norm 5.562157251397e-21 true resid norm 5.562157251396e-21 ||r(i)||/||b|| 1.748716450251e-04
 60 KSP unpreconditioned resid norm 5.392160041143e-21 true resid norm 5.392160041143e-21 ||r(i)||/||b|| 1.695270115559e-04
 61 KSP unpreconditioned resid norm 5.210889592979e-21 true resid norm 5.210889592978e-21 ||r(i)||/||b|| 1.638279527138e-04
 62 KSP unpreconditioned resid norm 5.018237805334e-21 true resid norm 5.018237805334e-21 ||r(i)||/||b|| 1.577710698355e-04
 63 KSP unpreconditioned resid norm 4.757182367987e-21 true resid norm 4.757182367987e-21 ||r(i)||/||b|| 1.495636079267e-04
 64 KSP unpreconditioned resid norm 4.470871345472e-21 true resid norm 4.470871345471e-21 ||r(i)||/||b|| 1.405621221302e-04
 65 KSP unpreconditioned resid norm 4.201901400571e-21 true resid norm 4.201901400570e-21 ||r(i)||/||b|| 1.321058317736e-04
 66 KSP unpreconditioned resid norm 3.956420204736e-21 true resid norm 3.956420204735e-21 ||r(i)||/||b|| 1.243880167967e-04
 67 KSP unpreconditioned resid norm 3.727001256143e-21 true resid norm 3.727001256143e-21 ||r(i)||/||b|| 1.171751914257e-04
 68 KSP unpreconditioned resid norm 3.509966157076e-21 true resid norm 3.509966157077e-21 ||r(i)||/||b|| 1.103517085419e-04
 69 KSP unpreconditioned resid norm 3.315164661047e-21 true resid norm 3.315164661049e-21 ||r(i)||/||b|| 1.042272398288e-04
 70 KSP unpreconditioned resid norm 3.148251857513e-21 true resid norm 3.148251857517e-21 ||r(i)||/||b|| 9.897957867682e-05
 71 KSP unpreconditioned resid norm 2.994872126965e-21 true resid norm 2.994872126970e-21 ||r(i)||/||b|| 9.415739106472e-05
 72 KSP unpreconditioned resid norm 2.852658876213e-21 true resid norm 2.852658876218e-21 ||r(i)||/||b|| 8.968627239989e-05
 73 KSP unpreconditioned resid norm 2.697969654737e-21 true resid norm 2.697969654741e-21 ||r(i)||/||b|| 8.482291500009e-05
 74 KSP unpreconditioned resid norm 2.508497172811e-21 true resid norm 2.508497172809e-21 ||r(i)||/||b|| 7.886598801928e-05
 75 KSP unpreconditioned resid norm 2.298039359547e-21 true resid norm 2.298039359541e-21 ||r(i)||/||b|| 7.224929195134e-05
 76 KSP unpreconditioned resid norm 2.053796978493e-21 true resid norm 2.053796978483e-21 ||r(i)||/||b|| 6.457042473669e-05
 77 KSP unpreconditioned resid norm 1.816865250064e-21 true resid norm 1.816865250053e-21 ||r(i)||/||b|| 5.712140105098e-05
 78 KSP unpreconditioned resid norm 1.610564898244e-21 true resid norm 1.610564898234e-21 ||r(i)||/||b|| 5.063541364337e-05
 79 KSP unpreconditioned resid norm 1.418941126595e-21 true resid norm 1.418941126588e-21 ||r(i)||/||b|| 4.461085111141e-05
 80 KSP unpreconditioned resid norm 1.265102619563e-21 true resid norm 1.265102619559e-21 ||r(i)||/||b|| 3.977423977941e-05
 81 KSP unpreconditioned resid norm 1.139980054892e-21 true resid norm 1.139980054889e-21 ||r(i)||/||b|| 3.584044436072e-05
 82 KSP unpreconditioned resid norm 1.050535235300e-21 true resid norm 1.050535235296e-21 ||r(i)||/||b|| 3.302834070484e-05
 83 KSP unpreconditioned resid norm 9.701287810404e-22 true resid norm 9.701287810358e-22 ||r(i)||/||b|| 3.050039906429e-05
 84 KSP unpreconditioned resid norm 9.167113137880e-22 true resid norm 9.167113137843e-22 ||r(i)||/||b|| 2.882097866153e-05
 85 KSP unpreconditioned resid norm 8.832051862465e-22 true resid norm 8.832051862442e-22 ||r(i)||/||b|| 2.776756154718e-05
 86 KSP unpreconditioned resid norm 8.564257947476e-22 true resid norm 8.564257947466e-22 ||r(i)||/||b|| 2.692562989507e-05
 87 KSP unpreconditioned resid norm 8.313556863316e-22 true resid norm 8.313556863314e-22 ||r(i)||/||b|| 2.613743731054e-05
 88 KSP unpreconditioned resid norm 8.011131931890e-22 true resid norm 8.011131931894e-22 ||r(i)||/||b|| 2.518662734844e-05
 89 KSP unpreconditioned resid norm 7.679347847525e-22 true resid norm 7.679347847535e-22 ||r(i)||/||b|| 2.414351357077e-05
 90 KSP unpreconditioned resid norm 7.267199970713e-22 true resid norm 7.267199970713e-22 ||r(i)||/||b|| 2.284773975576e-05
 91 KSP unpreconditioned resid norm 6.790021434434e-22 true resid norm 6.790021434404e-22 ||r(i)||/||b|| 2.134751256254e-05
 92 KSP unpreconditioned resid norm 6.594445268394e-22 true resid norm 6.594420048311e-22 ||r(i)||/||b|| 2.073255087395e-05
 93 KSP unpreconditioned resid norm 6.268568086867e-22 true resid norm 6.073147091194e-22 ||r(i)||/||b|| 1.909369286620e-05
 94 KSP unpreconditioned resid norm 6.180308449776e-22 true resid norm 5.918835842856e-22 ||r(i)||/||b|| 1.860854545624e-05
 95 KSP unpreconditioned resid norm 6.096201548467e-22 true resid norm 5.715749729689e-22 ||r(i)||/||b|| 1.797005213277e-05
 96 KSP unpreconditioned resid norm 6.079508142397e-22 true resid norm 5.652180205983e-22 ||r(i)||/||b|| 1.777019249771e-05
 97 KSP unpreconditioned resid norm 6.077930696984e-22 true resid norm 5.644038769830e-22 ||r(i)||/||b|| 1.774459619994e-05
 98 KSP unpreconditioned resid norm 6.077916945541e-22 true resid norm 5.644329542354e-22 ||r(i)||/||b|| 1.774551037527e-05
 99 KSP unpreconditioned resid norm 6.076632792615e-22 true resid norm 5.638101423699e-22 ||r(i)||/||b|| 1.772592945899e-05
100 KSP unpreconditioned resid norm 5.637742082056e-22 true resid norm 5.637742082056e-22 ||r(i)||/||b|| 1.772479970553e-05
101 KSP unpreconditioned resid norm 5.462384327660e-22 true resid norm 5.462384327660e-22 ||r(i)||/||b|| 1.717348305637e-05
102 KSP unpreconditioned resid norm 5.293385707375e-22 true resid norm 5.293385707375e-22 ||r(i)||/||b|| 1.664215923001e-05
103 KSP unpreconditioned resid norm 5.127050561016e-22 true resid norm 5.127050561016e-22 ||r(i)||/||b|| 1.611920924218e-05
104 KSP unpreconditioned resid norm 4.907593092378e-22 true resid norm 4.907593092378e-22 ||r(i)||/||b|| 1.542924513618e-05
105 KSP unpreconditioned resid norm 4.729194264967e-22 true resid norm 4.729194264967e-22 ||r(i)||/||b|| 1.486836749447e-05
106 KSP unpreconditioned resid norm 4.609140827093e-22 true resid norm 4.609140827093e-22 ||r(i)||/||b|| 1.449092505221e-05
107 KSP unpreconditioned resid norm 4.495363070879e-22 true resid norm 4.495363070879e-22 ||r(i)||/||b|| 1.413321306211e-05
108 KSP unpreconditioned resid norm 4.332001407372e-22 true resid norm 4.332001407372e-22 ||r(i)||/||b|| 1.361961156650e-05
109 KSP unpreconditioned resid norm 4.091690793181e-22 true resid norm 4.091690793181e-22 ||r(i)||/||b|| 1.286408613777e-05
110 KSP unpreconditioned resid norm 3.845343223306e-22 true resid norm 3.845343223306e-22 ||r(i)||/||b|| 1.208958080027e-05
111 KSP unpreconditioned resid norm 3.624117357014e-22 true resid norm 3.624117357014e-22 ||r(i)||/||b|| 1.139405693404e-05
112 KSP unpreconditioned resid norm 3.393771813719e-22 true resid norm 3.393771813719e-22 ||r(i)||/||b|| 1.066986122616e-05
113 KSP unpreconditioned resid norm 3.103181893069e-22 true resid norm 3.103181893069e-22 ||r(i)||/||b|| 9.756259989176e-06
114 KSP unpreconditioned resid norm 2.796304733952e-22 true resid norm 2.796304733953e-22 ||r(i)||/||b|| 8.791452429631e-06
115 KSP unpreconditioned resid norm 2.493804037141e-22 true resid norm 2.493804037142e-22 ||r(i)||/||b|| 7.840404264654e-06
116 KSP unpreconditioned resid norm 2.193971012011e-22 true resid norm 2.193971012010e-22 ||r(i)||/||b|| 6.897743135747e-06
117 KSP unpreconditioned resid norm 2.002536843896e-22 true resid norm 2.002536843896e-22 ||r(i)||/||b|| 6.295882987264e-06
118 KSP unpreconditioned resid norm 1.824186301867e-22 true resid norm 1.824186301867e-22 ||r(i)||/||b|| 5.735157152554e-06
119 KSP unpreconditioned resid norm 1.694232243793e-22 true resid norm 1.694232243793e-22 ||r(i)||/||b|| 5.326587619441e-06
120 KSP unpreconditioned resid norm 1.575832688625e-22 true resid norm 1.575832688625e-22 ||r(i)||/||b|| 4.954344907725e-06
121 KSP unpreconditioned resid norm 1.486063641208e-22 true resid norm 1.486063641208e-22 ||r(i)||/||b|| 4.672115184892e-06
122 KSP unpreconditioned resid norm 1.407484324301e-22 true resid norm 1.407484324301e-22 ||r(i)||/||b|| 4.425065455956e-06
123 KSP unpreconditioned resid norm 1.345648270080e-22 true resid norm 1.345648270080e-22 ||r(i)||/||b|| 4.230655768588e-06
124 KSP unpreconditioned resid norm 1.292253733245e-22 true resid norm 1.292253733246e-22 ||r(i)||/||b|| 4.062785820480e-06
125 KSP unpreconditioned resid norm 1.250487591415e-22 true resid norm 1.250487591415e-22 ||r(i)||/||b|| 3.931475007100e-06
126 KSP unpreconditioned resid norm 1.211448191305e-22 true resid norm 1.211448191305e-22 ||r(i)||/||b|| 3.808736943261e-06
127 KSP unpreconditioned resid norm 1.173489338879e-22 true resid norm 1.173489338879e-22 ||r(i)||/||b|| 3.689396071239e-06
128 KSP unpreconditioned resid norm 1.127478882941e-22 true resid norm 1.127478882940e-22 ||r(i)||/||b|| 3.544741331097e-06
129 KSP unpreconditioned resid norm 1.090165616957e-22 true resid norm 1.090165616957e-22 ||r(i)||/||b|| 3.427430152917e-06
130 KSP unpreconditioned resid norm 1.049679030897e-22 true resid norm 1.049679030898e-22 ||r(i)||/||b|| 3.300142203555e-06
131 KSP unpreconditioned resid norm 1.005943394299e-22 true resid norm 1.005943394298e-22 ||r(i)||/||b|| 3.162639389940e-06
132 KSP unpreconditioned resid norm 9.632943390209e-23 true resid norm 9.632943390208e-23 ||r(i)||/||b|| 3.028552737621e-06
133 KSP unpreconditioned resid norm 9.238389495495e-23 true resid norm 9.238389495496e-23 ||r(i)||/||b|| 2.904506822518e-06
134 KSP unpreconditioned resid norm 8.952055787660e-23 true resid norm 8.952055787659e-23 ||r(i)||/||b|| 2.814484832394e-06
135 KSP unpreconditioned resid norm 8.729792114834e-23 true resid norm 8.729792114832e-23 ||r(i)||/||b|| 2.744606164208e-06
136 KSP unpreconditioned resid norm 8.532211343311e-23 true resid norm 8.532211343310e-23 ||r(i)||/||b|| 2.682487685748e-06
137 KSP unpreconditioned resid norm 8.349642183211e-23 true resid norm 8.349642183206e-23 ||r(i)||/||b|| 2.625088788315e-06
138 KSP unpreconditioned resid norm 8.173116075155e-23 true resid norm 8.173116075148e-23 ||r(i)||/||b|| 2.569589798425e-06
139 KSP unpreconditioned resid norm 8.000232638327e-23 true resid norm 8.000232638332e-23 ||r(i)||/||b|| 2.515236047484e-06
140 KSP unpreconditioned resid norm 7.857324304061e-23 true resid norm 7.857324304061e-23 ||r(i)||/||b|| 2.470306329800e-06
141 KSP unpreconditioned resid norm 7.744990187020e-23 true resid norm 7.744990187020e-23 ||r(i)||/||b|| 2.434989004253e-06
142 KSP unpreconditioned resid norm 7.647089669281e-23 true resid norm 7.647089669278e-23 ||r(i)||/||b|| 2.404209535402e-06
143 KSP unpreconditioned resid norm 7.535015648914e-23 true resid norm 7.535015648912e-23 ||r(i)||/||b|| 2.368973983043e-06
144 KSP unpreconditioned resid norm 7.399393526915e-23 true resid norm 7.399393526917e-23 ||r(i)||/||b|| 2.326335016715e-06
145 KSP unpreconditioned resid norm 7.267180719902e-23 true resid norm 7.267180719897e-23 ||r(i)||/||b|| 2.284767923209e-06
146 KSP unpreconditioned resid norm 7.115247281431e-23 true resid norm 7.115247281430e-23 ||r(i)||/||b|| 2.237000754611e-06
147 KSP unpreconditioned resid norm 6.944350924407e-23 true resid norm 6.944350924411e-23 ||r(i)||/||b|| 2.183271732345e-06
148 KSP unpreconditioned resid norm 6.800918225624e-23 true resid norm 6.800918225619e-23 ||r(i)||/||b|| 2.138177156888e-06
149 KSP unpreconditioned resid norm 6.687996880542e-23 true resid norm 6.687996880541e-23 ||r(i)||/||b|| 2.102675209568e-06
150 KSP unpreconditioned resid norm 6.566728713503e-23 true resid norm 6.566728713501e-23 ||r(i)||/||b|| 2.064549060125e-06
151 KSP unpreconditioned resid norm 6.448662564005e-23 true resid norm 6.448662564007e-23 ||r(i)||/||b|| 2.027429610151e-06
152 KSP unpreconditioned resid norm 6.328509461832e-23 true resid norm 6.328509461830e-23 ||r(i)||/||b|| 1.989654031930e-06
153 KSP unpreconditioned resid norm 6.179818440146e-23 true resid norm 6.179818440143e-23 ||r(i)||/||b|| 1.942906264135e-06
154 KSP unpreconditioned resid norm 6.031386674078e-23 true resid norm 6.031386674075e-23 ||r(i)||/||b|| 1.896240005104e-06
155 KSP unpreconditioned resid norm 5.855824182223e-23 true resid norm 5.855824182218e-23 ||r(i)||/||b|| 1.841043971681e-06
156 KSP unpreconditioned resid norm 5.693434609559e-23 true resid norm 5.693434609558e-23 ||r(i)||/||b|| 1.789989442974e-06
157 KSP unpreconditioned resid norm 5.482548113898e-23 true resid norm 5.482548113896e-23 ||r(i)||/||b|| 1.723687706538e-06
158 KSP unpreconditioned resid norm 5.268018503088e-23 true resid norm 5.268018503085e-23 ||r(i)||/||b|| 1.656240591590e-06
159 KSP unpreconditioned resid norm 5.024316825782e-23 true resid norm 5.024316825783e-23 ||r(i)||/||b|| 1.579621914198e-06
160 KSP unpreconditioned resid norm 4.767292387436e-23 true resid norm 4.767292387427e-23 ||r(i)||/||b|| 1.498814622502e-06
161 KSP unpreconditioned resid norm 4.519583007836e-23 true resid norm 4.519583007841e-23 ||r(i)||/||b|| 1.420935942094e-06
162 KSP unpreconditioned resid norm 4.295241654678e-23 true resid norm 4.295241654679e-23 ||r(i)||/||b|| 1.350404060844e-06
163 KSP unpreconditioned resid norm 4.084643858504e-23 true resid norm 4.084643858502e-23 ||r(i)||/||b|| 1.284193090188e-06
164 KSP unpreconditioned resid norm 3.872016779565e-23 true resid norm 3.872016779562e-23 ||r(i)||/||b|| 1.217344122439e-06
165 KSP unpreconditioned resid norm 3.698893928802e-23 true resid norm 3.698893928794e-23 ||r(i)||/||b|| 1.162915100862e-06
166 KSP unpreconditioned resid norm 3.556203190536e-23 true resid norm 3.556203190531e-23 ||r(i)||/||b|| 1.118053794354e-06
167 KSP unpreconditioned resid norm 3.435205851256e-23 true resid norm 3.435205851254e-23 ||r(i)||/||b|| 1.080012791903e-06
168 KSP unpreconditioned resid norm 3.345870511371e-23 true resid norm 3.345870511364e-23 ||r(i)||/||b|| 1.051926175256e-06
169 KSP unpreconditioned resid norm 3.265612120017e-23 true resid norm 3.265612120012e-23 ||r(i)||/||b|| 1.026693309142e-06
170 KSP unpreconditioned resid norm 3.195834550424e-23 true resid norm 3.195834550419e-23 ||r(i)||/||b|| 1.004755564794e-06
171 KSP unpreconditioned resid norm 3.114803288970e-23 true resid norm 3.114803288968e-23 ||r(i)||/||b|| 9.792797119045e-07
172 KSP unpreconditioned resid norm 3.019326272509e-23 true resid norm 3.019326272512e-23 ||r(i)||/||b|| 9.492621806208e-07
173 KSP unpreconditioned resid norm 2.900799556156e-23 true resid norm 2.900799556155e-23 ||r(i)||/||b|| 9.119979305612e-07
174 KSP unpreconditioned resid norm 2.761420607920e-23 true resid norm 2.761420607912e-23 ||r(i)||/||b|| 8.681778354802e-07
175 KSP unpreconditioned resid norm 2.616686276935e-23 true resid norm 2.616686276930e-23 ||r(i)||/||b|| 8.226740328970e-07
176 KSP unpreconditioned resid norm 2.457392666959e-23 true resid norm 2.457392666954e-23 ||r(i)||/||b|| 7.725928605038e-07
177 KSP unpreconditioned resid norm 2.314363035353e-23 true resid norm 2.314363035355e-23 ||r(i)||/||b|| 7.276250075028e-07
178 KSP unpreconditioned resid norm 2.161177203641e-23 true resid norm 2.161177203642e-23 ||r(i)||/||b|| 6.794640922760e-07
179 KSP unpreconditioned resid norm 1.995066086861e-23 true resid norm 1.995066086860e-23 ||r(i)||/||b|| 6.272395273533e-07
180 KSP unpreconditioned resid norm 1.845095590466e-23 true resid norm 1.845095590467e-23 ||r(i)||/||b|| 5.800894986429e-07
181 KSP unpreconditioned resid norm 1.721723376580e-23 true resid norm 1.721723376582e-23 ||r(i)||/||b|| 5.413018466270e-07
182 KSP unpreconditioned resid norm 1.634456484059e-23 true resid norm 1.634456484066e-23 ||r(i)||/||b|| 5.138655402432e-07
183 KSP unpreconditioned resid norm 1.553902306106e-23 true resid norm 1.553902306101e-23 ||r(i)||/||b|| 4.885396801896e-07
184 KSP unpreconditioned resid norm 1.485969140586e-23 true resid norm 1.485969140586e-23 ||r(i)||/||b|| 4.671818079317e-07
185 KSP unpreconditioned resid norm 1.434659839954e-23 true resid norm 1.434659839952e-23 ||r(i)||/||b|| 4.510504017138e-07
186 KSP unpreconditioned resid norm 1.400603256004e-23 true resid norm 1.400603256009e-23 ||r(i)||/||b|| 4.403431696295e-07
187 KSP unpreconditioned resid norm 1.374793233812e-23 true resid norm 1.374793233822e-23 ||r(i)||/||b|| 4.322286183251e-07
188 KSP unpreconditioned resid norm 1.354044414001e-23 true resid norm 1.354044413998e-23 ||r(i)||/||b|| 4.257052855768e-07
189 KSP unpreconditioned resid norm 1.338827485140e-23 true resid norm 1.338827485141e-23 ||r(i)||/||b|| 4.209211536994e-07
190 KSP unpreconditioned resid norm 1.322603438089e-23 true resid norm 1.322603438087e-23 ||r(i)||/||b|| 4.158203885303e-07
191 KSP unpreconditioned resid norm 1.314612826005e-23 true resid norm 1.317289102328e-23 ||r(i)||/||b|| 4.141495860080e-07
192 KSP unpreconditioned resid norm 1.314437626922e-23 true resid norm 1.315791072134e-23 ||r(i)||/||b|| 4.136786122607e-07
193 KSP unpreconditioned resid norm 1.314332566249e-23 true resid norm 1.317010606683e-23 ||r(i)||/||b|| 4.140620282686e-07
194 KSP unpreconditioned resid norm 1.314306140318e-23 true resid norm 1.316766355763e-23 ||r(i)||/||b|| 4.139852369119e-07
195 KSP unpreconditioned resid norm 1.313979073364e-23 true resid norm 1.319729106480e-23 ||r(i)||/||b|| 4.149167120002e-07
196 KSP unpreconditioned resid norm 1.313730739604e-23 true resid norm 1.320536965545e-23 ||r(i)||/||b|| 4.151706991445e-07
197 KSP unpreconditioned resid norm 1.313005508885e-23 true resid norm 1.325652628530e-23 ||r(i)||/||b|| 4.167790398674e-07
198 KSP unpreconditioned resid norm 1.312998801085e-23 true resid norm 1.325829282130e-23 ||r(i)||/||b|| 4.168345789402e-07
199 KSP unpreconditioned resid norm 1.312488817500e-23 true resid norm 1.330737403009e-23 ||r(i)||/||b|| 4.183776693874e-07
200 KSP unpreconditioned resid norm 1.331350053448e-23 true resid norm 1.331350053448e-23 ||r(i)||/||b|| 4.185702838451e-07
201 KSP unpreconditioned resid norm 1.323069869168e-23 true resid norm 1.323069869176e-23 ||r(i)||/||b|| 4.159670323019e-07
202 KSP unpreconditioned resid norm 1.314467463868e-23 true resid norm 1.314467463876e-23 ||r(i)||/||b|| 4.132624759616e-07
203 KSP unpreconditioned resid norm 1.307720384518e-23 true resid norm 1.307720384519e-23 ||r(i)||/||b|| 4.111412254954e-07
204 KSP unpreconditioned resid norm 1.299677315011e-23 true resid norm 1.299677315011e-23 ||r(i)||/||b|| 4.086125217347e-07
205 KSP unpreconditioned resid norm 1.291373469618e-23 true resid norm 1.291373469614e-23 ||r(i)||/||b|| 4.060018312436e-07
206 KSP unpreconditioned resid norm 1.279927235135e-23 true resid norm 1.279927235139e-23 ||r(i)||/||b|| 4.024031881964e-07
207 KSP unpreconditioned resid norm 1.265892160695e-23 true resid norm 1.265892160699e-23 ||r(i)||/||b|| 3.979906258677e-07
208 KSP unpreconditioned resid norm 1.250205020374e-23 true resid norm 1.250205020373e-23 ||r(i)||/||b|| 3.930586616847e-07
209 KSP unpreconditioned resid norm 1.229654625603e-23 true resid norm 1.229654625606e-23 ||r(i)||/||b|| 3.865977128541e-07
210 KSP unpreconditioned resid norm 1.205387114164e-23 true resid norm 1.205387114163e-23 ||r(i)||/||b|| 3.789681197754e-07
211 KSP unpreconditioned resid norm 1.177226064486e-23 true resid norm 1.177226064488e-23 ||r(i)||/||b|| 3.701144163298e-07
212 KSP unpreconditioned resid norm 1.149047356790e-23 true resid norm 1.149047356791e-23 ||r(i)||/||b|| 3.612551612837e-07
213 KSP unpreconditioned resid norm 1.118083136116e-23 true resid norm 1.118083136123e-23 ||r(i)||/||b|| 3.515201538747e-07
214 KSP unpreconditioned resid norm 1.082051772748e-23 true resid norm 1.082051772750e-23 ||r(i)||/||b|| 3.401920602939e-07
215 KSP unpreconditioned resid norm 1.038304270357e-23 true resid norm 1.038304270370e-23 ||r(i)||/||b|| 3.264380483860e-07
216 KSP unpreconditioned resid norm 9.966358127586e-24 true resid norm 9.966358127571e-24 ||r(i)||/||b|| 3.133376785132e-07
217 KSP unpreconditioned resid norm 9.656604138796e-24 true resid norm 9.656604138837e-24 ||r(i)||/||b|| 3.035991567284e-07
218 KSP unpreconditioned resid norm 9.363058900098e-24 true resid norm 9.363058900177e-24 ||r(i)||/||b|| 2.943702305306e-07
219 KSP unpreconditioned resid norm 9.103819288745e-24 true resid norm 9.103819288821e-24 ||r(i)||/||b|| 2.862198573490e-07
220 KSP unpreconditioned resid norm 8.790126781628e-24 true resid norm 8.790126781705e-24 ||r(i)||/||b|| 2.763575103724e-07
221 KSP unpreconditioned resid norm 8.494814746839e-24 true resid norm 8.494814746855e-24 ||r(i)||/||b|| 2.670730369216e-07
222 KSP unpreconditioned resid norm 8.143394670933e-24 true resid norm 8.143394671022e-24 ||r(i)||/||b|| 2.560245526774e-07
223 KSP unpreconditioned resid norm 7.794809046891e-24 true resid norm 7.794809046960e-24 ||r(i)||/||b|| 2.450651822827e-07
224 KSP unpreconditioned resid norm 7.507752845072e-24 true resid norm 7.507752845192e-24 ||r(i)||/||b|| 2.360402683961e-07
225 KSP unpreconditioned resid norm 7.260896657929e-24 true resid norm 7.260896657994e-24 ||r(i)||/||b|| 2.282792243283e-07
226 KSP unpreconditioned resid norm 6.986481806858e-24 true resid norm 6.986481806963e-24 ||r(i)||/||b|| 2.196517486475e-07
227 KSP unpreconditioned resid norm 6.680929341976e-24 true resid norm 6.680929342015e-24 ||r(i)||/||b|| 2.100453208225e-07
228 KSP unpreconditioned resid norm 6.374675364354e-24 true resid norm 6.374675364374e-24 ||r(i)||/||b|| 2.004168377637e-07
229 KSP unpreconditioned resid norm 6.090919013743e-24 true resid norm 6.090919013772e-24 ||r(i)||/||b|| 1.914956696677e-07
230 KSP unpreconditioned resid norm 5.841451841414e-24 true resid norm 5.841451841505e-24 ||r(i)||/||b|| 1.836525374399e-07
231 KSP unpreconditioned resid norm 5.621278580692e-24 true resid norm 5.621278580768e-24 ||r(i)||/||b|| 1.767303922083e-07
232 KSP unpreconditioned resid norm 5.443867319676e-24 true resid norm 5.443867319766e-24 ||r(i)||/||b|| 1.711526644212e-07
233 KSP unpreconditioned resid norm 5.269112926662e-24 true resid norm 5.269112926711e-24 ||r(i)||/||b|| 1.656584673304e-07
234 KSP unpreconditioned resid norm 5.089965275075e-24 true resid norm 5.089965275115e-24 ||r(i)||/||b|| 1.600261482281e-07
235 KSP unpreconditioned resid norm 4.936107039055e-24 true resid norm 4.936107039061e-24 ||r(i)||/||b|| 1.551889166247e-07
236 KSP unpreconditioned resid norm 4.795800472042e-24 true resid norm 4.795800472060e-24 ||r(i)||/||b|| 1.507777432130e-07
237 KSP unpreconditioned resid norm 4.681790413027e-24 true resid norm 4.681790413054e-24 ||r(i)||/||b|| 1.471933198199e-07
238 KSP unpreconditioned resid norm 4.575664647290e-24 true resid norm 4.575664647275e-24 ||r(i)||/||b|| 1.438567749503e-07
239 KSP unpreconditioned resid norm 4.450916486658e-24 true resid norm 4.450916486686e-24 ||r(i)||/||b|| 1.399347506223e-07
240 KSP unpreconditioned resid norm 4.315493078180e-24 true resid norm 4.315493078235e-24 ||r(i)||/||b|| 1.356771014512e-07
241 KSP unpreconditioned resid norm 4.165664417914e-24 true resid norm 4.165664417909e-24 ||r(i)||/||b|| 1.309665578404e-07
242 KSP unpreconditioned resid norm 4.036673842163e-24 true resid norm 4.036673842135e-24 ||r(i)||/||b|| 1.269111539460e-07
243 KSP unpreconditioned resid norm 3.888133635054e-24 true resid norm 3.888133635020e-24 ||r(i)||/||b|| 1.222411187067e-07
244 KSP unpreconditioned resid norm 3.715668318904e-24 true resid norm 3.715668318942e-24 ||r(i)||/||b|| 1.168188891348e-07
245 KSP unpreconditioned resid norm 3.509088546285e-24 true resid norm 3.509088546207e-24 ||r(i)||/||b|| 1.103241168631e-07
246 KSP unpreconditioned resid norm 3.254874441246e-24 true resid norm 3.254874441183e-24 ||r(i)||/||b|| 1.023317432705e-07
247 KSP unpreconditioned resid norm 2.993904502050e-24 true resid norm 2.993904502000e-24 ||r(i)||/||b|| 9.412696938431e-08
248 KSP unpreconditioned resid norm 2.724606502797e-24 true resid norm 2.724606502780e-24 ||r(i)||/||b|| 8.566036515196e-08
249 KSP unpreconditioned resid norm 2.521070370441e-24 true resid norm 2.521070370375e-24 ||r(i)||/||b|| 7.926128352104e-08
250 KSP unpreconditioned resid norm 2.378339926989e-24 true resid norm 2.378339926968e-24 ||r(i)||/||b|| 7.477390455897e-08
251 KSP unpreconditioned resid norm 2.284666684254e-24 true resid norm 2.284666684235e-24 ||r(i)||/||b|| 7.182886124012e-08
252 KSP unpreconditioned resid norm 2.219637303523e-24 true resid norm 2.219637303507e-24 ||r(i)||/||b|| 6.978436766166e-08
253 KSP unpreconditioned resid norm 2.175047617087e-24 true resid norm 2.175047617075e-24 ||r(i)||/||b|| 6.838248859477e-08
254 KSP unpreconditioned resid norm 2.138272773212e-24 true resid norm 2.138272773175e-24 ||r(i)||/||b|| 6.722630455361e-08
255 KSP unpreconditioned resid norm 2.102610766968e-24 true resid norm 2.102610766956e-24 ||r(i)||/||b|| 6.610510761319e-08
256 KSP unpreconditioned resid norm 2.064532189221e-24 true resid norm 2.064532189228e-24 ||r(i)||/||b|| 6.490793478499e-08
257 KSP unpreconditioned resid norm 2.026781980163e-24 true resid norm 2.026781980167e-24 ||r(i)||/||b|| 6.372108571545e-08
258 KSP unpreconditioned resid norm 1.994967807775e-24 true resid norm 1.994967807752e-24 ||r(i)||/||b|| 6.272086288574e-08
259 KSP unpreconditioned resid norm 1.965347587560e-24 true resid norm 1.965347587545e-24 ||r(i)||/||b|| 6.178961689618e-08
260 KSP unpreconditioned resid norm 1.936836671687e-24 true resid norm 1.936836671674e-24 ||r(i)||/||b|| 6.089324692061e-08
261 KSP unpreconditioned resid norm 1.911264453306e-24 true resid norm 1.911264453347e-24 ||r(i)||/||b|| 6.008926823327e-08
262 KSP unpreconditioned resid norm 1.886877742469e-24 true resid norm 1.886877742439e-24 ||r(i)||/||b|| 5.932256134952e-08
263 KSP unpreconditioned resid norm 1.862474284106e-24 true resid norm 1.862474284127e-24 ||r(i)||/||b|| 5.855532793511e-08
264 KSP unpreconditioned resid norm 1.836719254154e-24 true resid norm 1.836719254132e-24 ||r(i)||/||b|| 5.774560173369e-08
265 KSP unpreconditioned resid norm 1.807150865055e-24 true resid norm 1.807150865066e-24 ||r(i)||/||b|| 5.681598529119e-08
266 KSP unpreconditioned resid norm 1.767657564688e-24 true resid norm 1.767657564684e-24 ||r(i)||/||b|| 5.557433423872e-08
267 KSP unpreconditioned resid norm 1.719979674005e-24 true resid norm 1.719979674051e-24 ||r(i)||/||b|| 5.407536346361e-08
268 KSP unpreconditioned resid norm 1.667311159523e-24 true resid norm 1.667311159569e-24 ||r(i)||/||b|| 5.241948978867e-08
269 KSP unpreconditioned resid norm 1.619740990154e-24 true resid norm 1.619740990180e-24 ||r(i)||/||b|| 5.092390571953e-08
270 KSP unpreconditioned resid norm 1.581183157978e-24 true resid norm 1.581183158005e-24 ||r(i)||/||b|| 4.971166535375e-08
271 KSP unpreconditioned resid norm 1.546439922562e-24 true resid norm 1.546439922579e-24 ||r(i)||/||b|| 4.861935414107e-08
272 KSP unpreconditioned resid norm 1.512627051756e-24 true resid norm 1.512627051777e-24 ||r(i)||/||b|| 4.755629316076e-08
273 KSP unpreconditioned resid norm 1.479944054658e-24 true resid norm 1.479944054677e-24 ||r(i)||/||b|| 4.652875488580e-08
274 KSP unpreconditioned resid norm 1.444280814752e-24 true resid norm 1.444280814784e-24 ||r(i)||/||b|| 4.540751915923e-08
275 KSP unpreconditioned resid norm 1.403059160669e-24 true resid norm 1.403059160701e-24 ||r(i)||/||b|| 4.411152946776e-08
276 KSP unpreconditioned resid norm 1.355567769605e-24 true resid norm 1.355567769642e-24 ||r(i)||/||b|| 4.261842215282e-08
277 KSP unpreconditioned resid norm 1.305200354979e-24 true resid norm 1.305200355014e-24 ||r(i)||/||b|| 4.103489399035e-08
278 KSP unpreconditioned resid norm 1.248722030020e-24 true resid norm 1.248722030066e-24 ||r(i)||/||b|| 3.925924164081e-08
279 KSP unpreconditioned resid norm 1.189194851780e-24 true resid norm 1.189194851814e-24 ||r(i)||/||b|| 3.738773475703e-08
280 KSP unpreconditioned resid norm 1.124374199993e-24 true resid norm 1.124374199971e-24 ||r(i)||/||b|| 3.534980351794e-08
281 KSP unpreconditioned resid norm 1.054461227712e-24 true resid norm 1.054461227693e-24 ||r(i)||/||b|| 3.315177208547e-08
282 KSP unpreconditioned resid norm 9.800910259270e-25 true resid norm 9.800910259334e-25 ||r(i)||/||b|| 3.081360742476e-08
  Linear solve converged due to CONVERGED_ATOL iterations 282
Mat Object: 1 MPI process
  type: seqaijcusparse
  rows=281452, cols=281452, bs=4
  total: nonzeros=15993520, allocated nonzeros=15993520
  total number of mallocs used during MatSetValues calls=0
    not using I-node routines
Vec Object: 1 MPI process
  type: seqcuda
  length=281452, bs=4
Vec Object: 1 MPI process
  type: seqcuda
  length=281452, bs=4
KSP Object: 1 MPI process
  type: gmres
    restart=100, using classical (unmodified) Gram-Schmidt orthogonalization with no iterative refinement
    happy breakdown tolerance=1e-30
  maximum iterations=2000, initial guess is zero
  tolerances: relative=1e-10, absolute=1e-24, divergence=10000.
  right preconditioning
  diagonally scaled system
  using UNPRECONDITIONED norm type for convergence test
PC Object: 1 MPI process
  type: asm
    total subdomain blocks = 1, amount of overlap = 2
    restriction/interpolation type - RESTRICT
    Local solver information for first block is in the following KSP and PC objects on rank 0:
    Use -ksp_view ::ascii_info_detail to display information for all blocks
    KSP Object: (sub_) 1 MPI process
      type: preonly
      maximum iterations=10000, initial guess is zero
      tolerances: relative=1e-05, absolute=1e-50, divergence=10000.
      left preconditioning
      not checking for convergence
    PC Object: (sub_) 1 MPI process
      type: ilu
        out-of-place factorization
        2 levels of fill
        tolerance for zero pivot 2.22045e-14
        matrix ordering: natural
        factor fill ratio given 1., needed 4.996
          Factored matrix:
            Mat Object: (sub_) 1 MPI process
              type: seqaijcusparse
              rows=281452, cols=281452, bs=4
              package used to perform factorization: cusparse
              total: nonzeros=79903664, allocated nonzeros=79903664
                using I-node routines: found 70363 nodes, limit used is 5
      linear system matrix, which is also used to construct the preconditioner:
      Mat Object: (sub_) 1 MPI process
        type: seqaijcusparse
        rows=281452, cols=281452, bs=4
        total: nonzeros=15993520, allocated nonzeros=15993520
        total number of mallocs used during MatSetValues calls=0
          not using I-node routines
  linear system matrix, which is also used to construct the preconditioner:
  Mat Object: 1 MPI process
    type: seqaijcusparse
    rows=281452, cols=281452, bs=4
    total: nonzeros=15993520, allocated nonzeros=15993520
    total number of mallocs used during MatSetValues calls=0
      not using I-node routines
SV13Q_END logical=16 attempt=0 step=68 reason=3 iterations=282 healthy=1 ref=384 ratio=0.734375 pending=0 recovery=NONE
 NS     68-2    2.416e+03 [  -3  6.375e-01  3.155e-14  3.081e-08] [  282 -173   62]
Vec Object: 1 MPI process
  type: seqcuda
  length=281452, bs=4
Mat Object: 1 MPI process
  type: seqaijcusparse
  rows=281452, cols=281452, bs=4
  total: nonzeros=15993520, allocated nonzeros=15993520
  total number of mallocs used during MatSetValues calls=0
    not using I-node routines
Mat Object: 1 MPI process
  type: seqaijcusparse
  rows=281452, cols=281452, bs=4
  total: nonzeros=15993520, allocated nonzeros=15993520
  total number of mallocs used during MatSetValues calls=0
    not using I-node routines
SV13Q_BEGIN logical=17 attempt=0 step=69 equation=0 policy=R3 reuse=1 age=2 ref=384 rebuild_reason=REUSE builds=3 attempts=17 ksp=0x55e693816a00 pc=0x55e6952d3390
  0 KSP unpreconditioned resid norm 4.864913704517e-17 true resid norm 4.864913704517e-17 ||r(i)||/||b|| 1.000000000000e+00
  1 KSP unpreconditioned resid norm 2.422115746309e-18 true resid norm 2.422115746309e-18 ||r(i)||/||b|| 4.978743495614e-02
  2 KSP unpreconditioned resid norm 7.505311962081e-19 true resid norm 7.505311962081e-19 ||r(i)||/||b|| 1.542743081982e-02
  3 KSP unpreconditioned resid norm 3.743270193433e-19 true resid norm 3.743270193433e-19 ||r(i)||/||b|| 7.694422595733e-03
  4 KSP unpreconditioned resid norm 2.495080891716e-19 true resid norm 2.495080891716e-19 ||r(i)||/||b|| 5.128725899906e-03
  5 KSP unpreconditioned resid norm 1.841251858622e-19 true resid norm 1.841251858622e-19 ||r(i)||/||b|| 3.784757490997e-03
  6 KSP unpreconditioned resid norm 1.481812720036e-19 true resid norm 1.481812720036e-19 ||r(i)||/||b|| 3.045917790197e-03
  7 KSP unpreconditioned resid norm 1.220422471757e-19 true resid norm 1.220422471757e-19 ||r(i)||/||b|| 2.508621007243e-03
  8 KSP unpreconditioned resid norm 9.874719991486e-20 true resid norm 9.874719991486e-20 ||r(i)||/||b|| 2.029783176281e-03
  9 KSP unpreconditioned resid norm 7.894237238843e-20 true resid norm 7.894237238843e-20 ||r(i)||/||b|| 1.622688030728e-03
 10 KSP unpreconditioned resid norm 6.427811897917e-20 true resid norm 6.427811897917e-20 ||r(i)||/||b|| 1.321259181216e-03
 11 KSP unpreconditioned resid norm 5.527682361846e-20 true resid norm 5.527682361846e-20 ||r(i)||/||b|| 1.136234411869e-03
 12 KSP unpreconditioned resid norm 4.795522475672e-20 true resid norm 4.795522475672e-20 ||r(i)||/||b|| 9.857363906002e-04
 13 KSP unpreconditioned resid norm 4.166627052321e-20 true resid norm 4.166627052321e-20 ||r(i)||/||b|| 8.564647402589e-04
 14 KSP unpreconditioned resid norm 3.709186626468e-20 true resid norm 3.709186626468e-20 ||r(i)||/||b|| 7.624362633655e-04
 15 KSP unpreconditioned resid norm 3.345587472346e-20 true resid norm 3.345587472346e-20 ||r(i)||/||b|| 6.876971875655e-04
 16 KSP unpreconditioned resid norm 3.068442383709e-20 true resid norm 3.068442383709e-20 ||r(i)||/||b|| 6.307290468195e-04
 17 KSP unpreconditioned resid norm 2.871452995913e-20 true resid norm 2.871452995913e-20 ||r(i)||/||b|| 5.902371902808e-04
 18 KSP unpreconditioned resid norm 2.706012799406e-20 true resid norm 2.706012799406e-20 ||r(i)||/||b|| 5.562303801799e-04
 19 KSP unpreconditioned resid norm 2.576782895118e-20 true resid norm 2.576782895118e-20 ||r(i)||/||b|| 5.296667220890e-04
 20 KSP unpreconditioned resid norm 2.418303608773e-20 true resid norm 2.418303608773e-20 ||r(i)||/||b|| 4.970907513791e-04
 21 KSP unpreconditioned resid norm 2.236726255812e-20 true resid norm 2.236726255811e-20 ||r(i)||/||b|| 4.597668924188e-04
 22 KSP unpreconditioned resid norm 2.059157337459e-20 true resid norm 2.059157337459e-20 ||r(i)||/||b|| 4.232669811895e-04
 23 KSP unpreconditioned resid norm 1.894777081185e-20 true resid norm 1.894777081185e-20 ||r(i)||/||b|| 3.894780455048e-04
 24 KSP unpreconditioned resid norm 1.773577063252e-20 true resid norm 1.773577063252e-20 ||r(i)||/||b|| 3.645649585943e-04
 25 KSP unpreconditioned resid norm 1.657566605540e-20 true resid norm 1.657566605540e-20 ||r(i)||/||b|| 3.407186039088e-04
 26 KSP unpreconditioned resid norm 1.545469521497e-20 true resid norm 1.545469521497e-20 ||r(i)||/||b|| 3.176766568464e-04
 27 KSP unpreconditioned resid norm 1.425265628434e-20 true resid norm 1.425265628434e-20 ||r(i)||/||b|| 2.929683268813e-04
 28 KSP unpreconditioned resid norm 1.300644549587e-20 true resid norm 1.300644549587e-20 ||r(i)||/||b|| 2.673520289537e-04
 29 KSP unpreconditioned resid norm 1.179117694952e-20 true resid norm 1.179117694952e-20 ||r(i)||/||b|| 2.423717596177e-04
 30 KSP unpreconditioned resid norm 1.092628994810e-20 true resid norm 1.092628994810e-20 ||r(i)||/||b|| 2.245937052894e-04
 31 KSP unpreconditioned resid norm 1.039161429407e-20 true resid norm 1.039161429407e-20 ||r(i)||/||b|| 2.136032605146e-04
 32 KSP unpreconditioned resid norm 1.002537556250e-20 true resid norm 1.002537556250e-20 ||r(i)||/||b|| 2.060750954984e-04
 33 KSP unpreconditioned resid norm 9.693846429724e-21 true resid norm 9.693846429724e-21 ||r(i)||/||b|| 1.992603984059e-04
 34 KSP unpreconditioned resid norm 9.378677278939e-21 true resid norm 9.378677278939e-21 ||r(i)||/||b|| 1.927819864560e-04
 35 KSP unpreconditioned resid norm 9.120644250770e-21 true resid norm 9.120644250770e-21 ||r(i)||/||b|| 1.874780274582e-04
 36 KSP unpreconditioned resid norm 8.917465877128e-21 true resid norm 8.917465877128e-21 ||r(i)||/||b|| 1.833016250391e-04
 37 KSP unpreconditioned resid norm 8.758129995674e-21 true resid norm 8.758129995674e-21 ||r(i)||/||b|| 1.800264203565e-04
 38 KSP unpreconditioned resid norm 8.602223150178e-21 true resid norm 8.602223150178e-21 ||r(i)||/||b|| 1.768217007054e-04
 39 KSP unpreconditioned resid norm 8.495230695148e-21 true resid norm 8.495230695149e-21 ||r(i)||/||b|| 1.746224334311e-04
 40 KSP unpreconditioned resid norm 8.431854945362e-21 true resid norm 8.431854945363e-21 ||r(i)||/||b|| 1.733197227637e-04
 41 KSP unpreconditioned resid norm 8.367371944151e-21 true resid norm 8.367371944152e-21 ||r(i)||/||b|| 1.719942521567e-04
 42 KSP unpreconditioned resid norm 8.308031300403e-21 true resid norm 8.308031300404e-21 ||r(i)||/||b|| 1.707744845030e-04
 43 KSP unpreconditioned resid norm 8.233540892966e-21 true resid norm 8.233540892967e-21 ||r(i)||/||b|| 1.692433081664e-04
 44 KSP unpreconditioned resid norm 8.143221430348e-21 true resid norm 8.143221430350e-21 ||r(i)||/||b|| 1.673867600732e-04
 45 KSP unpreconditioned resid norm 8.018855890348e-21 true resid norm 8.018855890350e-21 ||r(i)||/||b|| 1.648303829707e-04
 46 KSP unpreconditioned resid norm 7.896963062018e-21 true resid norm 7.896963062020e-21 ||r(i)||/||b|| 1.623248333200e-04
 47 KSP unpreconditioned resid norm 7.792485022635e-21 true resid norm 7.792485022637e-21 ||r(i)||/||b|| 1.601772507373e-04
 48 KSP unpreconditioned resid norm 7.687635294066e-21 true resid norm 7.687635294069e-21 ||r(i)||/||b|| 1.580220279536e-04
 49 KSP unpreconditioned resid norm 7.565676030779e-21 true resid norm 7.565676030782e-21 ||r(i)||/||b|| 1.555151127091e-04
 50 KSP unpreconditioned resid norm 7.432270286268e-21 true resid norm 7.432270286270e-21 ||r(i)||/||b|| 1.527729110461e-04
 51 KSP unpreconditioned resid norm 7.265511847092e-21 true resid norm 7.265511847094e-21 ||r(i)||/||b|| 1.493451330976e-04
 52 KSP unpreconditioned resid norm 7.065799572171e-21 true resid norm 7.065799572173e-21 ||r(i)||/||b|| 1.452399775481e-04
 53 KSP unpreconditioned resid norm 6.874011613784e-21 true resid norm 6.874011613787e-21 ||r(i)||/||b|| 1.412977090920e-04
 54 KSP unpreconditioned resid norm 6.709463329823e-21 true resid norm 6.709463329827e-21 ||r(i)||/||b|| 1.379153616558e-04
 55 KSP unpreconditioned resid norm 6.550522892900e-21 true resid norm 6.550522892904e-21 ||r(i)||/||b|| 1.346482854736e-04
 56 KSP unpreconditioned resid norm 6.414237201171e-21 true resid norm 6.414237201177e-21 ||r(i)||/||b|| 1.318468854899e-04
 57 KSP unpreconditioned resid norm 6.303991234444e-21 true resid norm 6.303991234451e-21 ||r(i)||/||b|| 1.295807411465e-04
 58 KSP unpreconditioned resid norm 6.197648285439e-21 true resid norm 6.197648285447e-21 ||r(i)||/||b|| 1.273948246953e-04
 59 KSP unpreconditioned resid norm 6.099653272319e-21 true resid norm 6.099653272328e-21 ||r(i)||/||b|| 1.253805029813e-04
 60 KSP unpreconditioned resid norm 5.990205917326e-21 true resid norm 5.990205917334e-21 ||r(i)||/||b|| 1.231307743809e-04
 61 KSP unpreconditioned resid norm 5.884692898070e-21 true resid norm 5.884692898077e-21 ||r(i)||/||b|| 1.209619174254e-04
 62 KSP unpreconditioned resid norm 5.744157186408e-21 true resid norm 5.744157186412e-21 ||r(i)||/||b|| 1.180731567978e-04
 63 KSP unpreconditioned resid norm 5.590063116994e-21 true resid norm 5.590063116995e-21 ||r(i)||/||b|| 1.149056993921e-04
 64 KSP unpreconditioned resid norm 5.417256023297e-21 true resid norm 5.417256023296e-21 ||r(i)||/||b|| 1.113535892377e-04
 65 KSP unpreconditioned resid norm 5.249779520357e-21 true resid norm 5.249779520355e-21 ||r(i)||/||b|| 1.079110512378e-04
 66 KSP unpreconditioned resid norm 5.094935779412e-21 true resid norm 5.094935779408e-21 ||r(i)||/||b|| 1.047281840719e-04
 67 KSP unpreconditioned resid norm 4.935595922584e-21 true resid norm 4.935595922578e-21 ||r(i)||/||b|| 1.014528976741e-04
 68 KSP unpreconditioned resid norm 4.764211141419e-21 true resid norm 4.764211141410e-21 ||r(i)||/||b|| 9.793002365050e-05
 69 KSP unpreconditioned resid norm 4.528563374005e-21 true resid norm 4.528563373992e-21 ||r(i)||/||b|| 9.308620150419e-05
 70 KSP unpreconditioned resid norm 4.290196287020e-21 true resid norm 4.290196287002e-21 ||r(i)||/||b|| 8.818648279452e-05
 71 KSP unpreconditioned resid norm 4.047521626604e-21 true resid norm 4.047521626583e-21 ||r(i)||/||b|| 8.319822040883e-05
 72 KSP unpreconditioned resid norm 3.807736895232e-21 true resid norm 3.807736895212e-21 ||r(i)||/||b|| 7.826936152385e-05
 73 KSP unpreconditioned resid norm 3.567078439611e-21 true resid norm 3.567078439593e-21 ||r(i)||/||b|| 7.332254293187e-05
 74 KSP unpreconditioned resid norm 3.358583750048e-21 true resid norm 3.358583750035e-21 ||r(i)||/||b|| 6.903686178269e-05
 75 KSP unpreconditioned resid norm 3.145200379530e-21 true resid norm 3.145200379528e-21 ||r(i)||/||b|| 6.465069208951e-05
 76 KSP unpreconditioned resid norm 2.897930726314e-21 true resid norm 2.897930726323e-21 ||r(i)||/||b|| 5.956797802256e-05
 77 KSP unpreconditioned resid norm 2.662310312004e-21 true resid norm 2.662310312017e-21 ||r(i)||/||b|| 5.472471812901e-05
 78 KSP unpreconditioned resid norm 2.385900279133e-21 true resid norm 2.385900279141e-21 ||r(i)||/||b|| 4.904301338224e-05
 79 KSP unpreconditioned resid norm 2.115268224379e-21 true resid norm 2.115268224378e-21 ||r(i)||/||b|| 4.348007699323e-05
 80 KSP unpreconditioned resid norm 1.844063949085e-21 true resid norm 1.844063949073e-21 ||r(i)||/||b|| 3.790537841115e-05
 81 KSP unpreconditioned resid norm 1.603840019630e-21 true resid norm 1.603840019612e-21 ||r(i)||/||b|| 3.296749165609e-05
 82 KSP unpreconditioned resid norm 1.400756047618e-21 true resid norm 1.400756047604e-21 ||r(i)||/||b|| 2.879302969555e-05
 83 KSP unpreconditioned resid norm 1.250749465886e-21 true resid norm 1.250749465882e-21 ||r(i)||/||b|| 2.570959202669e-05
 84 KSP unpreconditioned resid norm 1.128676618508e-21 true resid norm 1.128676618514e-21 ||r(i)||/||b|| 2.320034202180e-05
 85 KSP unpreconditioned resid norm 1.010885878585e-21 true resid norm 1.010885878595e-21 ||r(i)||/||b|| 2.077911223084e-05
 86 KSP unpreconditioned resid norm 8.967635914042e-22 true resid norm 8.967635914121e-22 ||r(i)||/||b|| 1.843328876686e-05
 87 KSP unpreconditioned resid norm 7.840003991986e-22 true resid norm 7.840003992018e-22 ||r(i)||/||b|| 1.611540197463e-05
 88 KSP unpreconditioned resid norm 6.911402862768e-22 true resid norm 6.911402862815e-22 ||r(i)||/||b|| 1.420662992726e-05
 89 KSP unpreconditioned resid norm 6.219873751035e-22 true resid norm 6.219873751163e-22 ||r(i)||/||b|| 1.278516769041e-05
 90 KSP unpreconditioned resid norm 6.006243210536e-22 true resid norm 6.006228009071e-22 ||r(i)||/||b|| 1.234601140714e-05
 91 KSP unpreconditioned resid norm 5.670822450175e-22 true resid norm 5.476355565707e-22 ||r(i)||/||b|| 1.125684009692e-05
 92 KSP unpreconditioned resid norm 5.619375059067e-22 true resid norm 5.380078147504e-22 ||r(i)||/||b|| 1.105893850184e-05
 93 KSP unpreconditioned resid norm 5.586253401071e-22 true resid norm 5.278091160089e-22 ||r(i)||/||b|| 1.084930068788e-05
 94 KSP unpreconditioned resid norm 5.586244070283e-22 true resid norm 5.277286841049e-22 ||r(i)||/||b|| 1.084764738201e-05
 95 KSP unpreconditioned resid norm 5.585737830599e-22 true resid norm 5.277717953069e-22 ||r(i)||/||b|| 1.084853354782e-05
 96 KSP unpreconditioned resid norm 5.585635830136e-22 true resid norm 5.277575335859e-22 ||r(i)||/||b|| 1.084824039316e-05
 97 KSP unpreconditioned resid norm 5.583197040928e-22 true resid norm 5.267929815569e-22 ||r(i)||/||b|| 1.082841368939e-05
 98 KSP unpreconditioned resid norm 5.582675351509e-22 true resid norm 5.268217825159e-22 ||r(i)||/||b|| 1.082900570316e-05
 99 KSP unpreconditioned resid norm 5.582617831915e-22 true resid norm 5.268112468063e-22 ||r(i)||/||b|| 1.082878913797e-05
100 KSP unpreconditioned resid norm 5.268021788970e-22 true resid norm 5.268021788970e-22 ||r(i)||/||b|| 1.082860274393e-05
101 KSP unpreconditioned resid norm 5.085401757167e-22 true resid norm 5.085401757166e-22 ||r(i)||/||b|| 1.045322089155e-05
102 KSP unpreconditioned resid norm 4.906861782597e-22 true resid norm 4.906861782597e-22 ||r(i)||/||b|| 1.008622573930e-05
103 KSP unpreconditioned resid norm 4.717199104811e-22 true resid norm 4.717199104811e-22 ||r(i)||/||b|| 9.696367482183e-06
104 KSP unpreconditioned resid norm 4.516053945856e-22 true resid norm 4.516053945856e-22 ||r(i)||/||b|| 9.282906584063e-06
105 KSP unpreconditioned resid norm 4.361518884364e-22 true resid norm 4.361518884364e-22 ||r(i)||/||b|| 8.965254368879e-06
106 KSP unpreconditioned resid norm 4.242412412751e-22 true resid norm 4.242412412751e-22 ||r(i)||/||b|| 8.720426857340e-06
107 KSP unpreconditioned resid norm 4.129097564871e-22 true resid norm 4.129097564871e-22 ||r(i)||/||b|| 8.487504230625e-06
108 KSP unpreconditioned resid norm 3.941845979706e-22 true resid norm 3.941845979705e-22 ||r(i)||/||b|| 8.102602058583e-06
109 KSP unpreconditioned resid norm 3.762400948642e-22 true resid norm 3.762400948642e-22 ||r(i)||/||b|| 7.733746531101e-06
110 KSP unpreconditioned resid norm 3.579474358823e-22 true resid norm 3.579474358823e-22 ||r(i)||/||b|| 7.357734538023e-06
111 KSP unpreconditioned resid norm 3.458739959791e-22 true resid norm 3.458739959791e-22 ||r(i)||/||b|| 7.109560764829e-06
112 KSP unpreconditioned resid norm 3.362070040545e-22 true resid norm 3.362070040545e-22 ||r(i)||/||b|| 6.910852370153e-06
113 KSP unpreconditioned resid norm 3.292909360555e-22 true resid norm 3.292909360554e-22 ||r(i)||/||b|| 6.768690177375e-06
114 KSP unpreconditioned resid norm 3.237073740027e-22 true resid norm 3.237073740027e-22 ||r(i)||/||b|| 6.653918109629e-06
115 KSP unpreconditioned resid norm 3.184863227031e-22 true resid norm 3.184863227031e-22 ||r(i)||/||b|| 6.546597577000e-06
116 KSP unpreconditioned resid norm 3.122692821397e-22 true resid norm 3.122692821397e-22 ||r(i)||/||b|| 6.418804137261e-06
117 KSP unpreconditioned resid norm 3.052970011031e-22 true resid norm 3.052970011031e-22 ||r(i)||/||b|| 6.275486465868e-06
118 KSP unpreconditioned resid norm 2.988053511413e-22 true resid norm 2.988053511413e-22 ||r(i)||/||b|| 6.142048334050e-06
119 KSP unpreconditioned resid norm 2.901391977321e-22 true resid norm 2.901391977321e-22 ||r(i)||/||b|| 5.963912524547e-06
120 KSP unpreconditioned resid norm 2.794212093484e-22 true resid norm 2.794212093485e-22 ||r(i)||/||b|| 5.743600530654e-06
121 KSP unpreconditioned resid norm 2.658767604107e-22 true resid norm 2.658767604107e-22 ||r(i)||/||b|| 5.465189653083e-06
122 KSP unpreconditioned resid norm 2.513389987672e-22 true resid norm 2.513389987672e-22 ||r(i)||/||b|| 5.166360885987e-06
123 KSP unpreconditioned resid norm 2.380361762297e-22 true resid norm 2.380361762298e-22 ||r(i)||/||b|| 4.892916723451e-06
124 KSP unpreconditioned resid norm 2.273754897633e-22 true resid norm 2.273754897633e-22 ||r(i)||/||b|| 4.673782590474e-06
125 KSP unpreconditioned resid norm 2.190661716879e-22 true resid norm 2.190661716880e-22 ||r(i)||/||b|| 4.502981655863e-06
126 KSP unpreconditioned resid norm 2.115953844266e-22 true resid norm 2.115953844266e-22 ||r(i)||/||b|| 4.349417014945e-06
127 KSP unpreconditioned resid norm 2.061901140383e-22 true resid norm 2.061901140384e-22 ||r(i)||/||b|| 4.238309794620e-06
128 KSP unpreconditioned resid norm 2.008126156554e-22 true resid norm 2.008126156554e-22 ||r(i)||/||b|| 4.127773437563e-06
129 KSP unpreconditioned resid norm 1.955269017161e-22 true resid norm 1.955269017161e-22 ||r(i)||/||b|| 4.019123741796e-06
130 KSP unpreconditioned resid norm 1.900984541826e-22 true resid norm 1.900984541826e-22 ||r(i)||/||b|| 3.907540107157e-06
131 KSP unpreconditioned resid norm 1.854403556360e-22 true resid norm 1.854403556361e-22 ||r(i)||/||b|| 3.811791264950e-06
132 KSP unpreconditioned resid norm 1.818157446014e-22 true resid norm 1.818157446015e-22 ||r(i)||/||b|| 3.737286119437e-06
133 KSP unpreconditioned resid norm 1.786785694086e-22 true resid norm 1.786785694087e-22 ||r(i)||/||b|| 3.672800387862e-06
134 KSP unpreconditioned resid norm 1.757402990796e-22 true resid norm 1.757402990797e-22 ||r(i)||/||b|| 3.612403215221e-06
135 KSP unpreconditioned resid norm 1.729424602452e-22 true resid norm 1.729424602452e-22 ||r(i)||/||b|| 3.554892660987e-06
136 KSP unpreconditioned resid norm 1.700478365720e-22 true resid norm 1.700478365721e-22 ||r(i)||/||b|| 3.495392660597e-06
137 KSP unpreconditioned resid norm 1.672509641632e-22 true resid norm 1.672509641632e-22 ||r(i)||/||b|| 3.437901971578e-06
138 KSP unpreconditioned resid norm 1.641142310312e-22 true resid norm 1.641142310312e-22 ||r(i)||/||b|| 3.373425326719e-06
139 KSP unpreconditioned resid norm 1.609227150331e-22 true resid norm 1.609227150332e-22 ||r(i)||/||b|| 3.307822600918e-06
140 KSP unpreconditioned resid norm 1.569740524302e-22 true resid norm 1.569740524302e-22 ||r(i)||/||b|| 3.226656462260e-06
141 KSP unpreconditioned resid norm 1.530287304874e-22 true resid norm 1.530287304875e-22 ||r(i)||/||b|| 3.145558992041e-06
142 KSP unpreconditioned resid norm 1.491395659843e-22 true resid norm 1.491395659843e-22 ||r(i)||/||b|| 3.065615857602e-06
143 KSP unpreconditioned resid norm 1.461736220720e-22 true resid norm 1.461736220720e-22 ||r(i)||/||b|| 3.004649844792e-06
144 KSP unpreconditioned resid norm 1.425303598150e-22 true resid norm 1.425303598151e-22 ||r(i)||/||b|| 2.929761316891e-06
145 KSP unpreconditioned resid norm 1.382078653553e-22 true resid norm 1.382078653554e-22 ||r(i)||/||b|| 2.840910933879e-06
146 KSP unpreconditioned resid norm 1.316693827401e-22 true resid norm 1.316693827401e-22 ||r(i)||/||b|| 2.706510140516e-06
147 KSP unpreconditioned resid norm 1.245143092649e-22 true resid norm 1.245143092649e-22 ||r(i)||/||b|| 2.559435106718e-06
148 KSP unpreconditioned resid norm 1.177934400450e-22 true resid norm 1.177934400450e-22 ||r(i)||/||b|| 2.421285293008e-06
149 KSP unpreconditioned resid norm 1.115155708304e-22 true resid norm 1.115155708304e-22 ||r(i)||/||b|| 2.292241499100e-06
150 KSP unpreconditioned resid norm 1.052339544442e-22 true resid norm 1.052339544442e-22 ||r(i)||/||b|| 2.163120680774e-06
151 KSP unpreconditioned resid norm 9.725905123408e-23 true resid norm 9.725905123405e-23 ||r(i)||/||b|| 1.999193760492e-06
152 KSP unpreconditioned resid norm 8.965766858697e-23 true resid norm 8.965766858696e-23 ||r(i)||/||b|| 1.842944685817e-06
153 KSP unpreconditioned resid norm 8.171601507932e-23 true resid norm 8.171601507931e-23 ||r(i)||/||b|| 1.679701224781e-06
154 KSP unpreconditioned resid norm 7.427948655844e-23 true resid norm 7.427948655848e-23 ||r(i)||/||b|| 1.526840784237e-06
155 KSP unpreconditioned resid norm 6.684200557130e-23 true resid norm 6.684200557144e-23 ||r(i)||/||b|| 1.373960765416e-06
156 KSP unpreconditioned resid norm 5.985303802920e-23 true resid norm 5.985303802924e-23 ||r(i)||/||b|| 1.230300097074e-06
157 KSP unpreconditioned resid norm 5.307767679906e-23 true resid norm 5.307767679905e-23 ||r(i)||/||b|| 1.091030181065e-06
158 KSP unpreconditioned resid norm 4.649861926521e-23 true resid norm 4.649861926529e-23 ||r(i)||/||b|| 9.557953560845e-07
159 KSP unpreconditioned resid norm 4.015598212805e-23 true resid norm 4.015598212816e-23 ||r(i)||/||b|| 8.254202349134e-07
160 KSP unpreconditioned resid norm 3.445355932919e-23 true resid norm 3.445355932917e-23 ||r(i)||/||b|| 7.082049430225e-07
161 KSP unpreconditioned resid norm 2.993973938898e-23 true resid norm 2.993973938890e-23 ||r(i)||/||b|| 6.154217979468e-07
162 KSP unpreconditioned resid norm 2.665529292384e-23 true resid norm 2.665529292387e-23 ||r(i)||/||b|| 5.479088539458e-07
163 KSP unpreconditioned resid norm 2.432132043136e-23 true resid norm 2.432132043143e-23 ||r(i)||/||b|| 4.999332343520e-07
164 KSP unpreconditioned resid norm 2.293449177914e-23 true resid norm 2.293449177921e-23 ||r(i)||/||b|| 4.714264871321e-07
165 KSP unpreconditioned resid norm 2.201398124088e-23 true resid norm 2.201398124093e-23 ||r(i)||/||b|| 4.525050715799e-07
166 KSP unpreconditioned resid norm 2.129601309431e-23 true resid norm 2.129601309433e-23 ||r(i)||/||b|| 4.377469856158e-07
167 KSP unpreconditioned resid norm 2.057035613474e-23 true resid norm 2.057035613488e-23 ||r(i)||/||b|| 4.228308534184e-07
168 KSP unpreconditioned resid norm 1.990418272223e-23 true resid norm 1.990418272228e-23 ||r(i)||/||b|| 4.091374262979e-07
169 KSP unpreconditioned resid norm 1.932262192235e-23 true resid norm 1.932262192248e-23 ||r(i)||/||b|| 3.971832409801e-07
170 KSP unpreconditioned resid norm 1.882248349298e-23 true resid norm 1.882248349299e-23 ||r(i)||/||b|| 3.869027209160e-07
171 KSP unpreconditioned resid norm 1.848850393854e-23 true resid norm 1.848850393865e-23 ||r(i)||/||b|| 3.800376545526e-07
172 KSP unpreconditioned resid norm 1.825252868946e-23 true resid norm 1.825252868946e-23 ||r(i)||/||b|| 3.751871009041e-07
173 KSP unpreconditioned resid norm 1.809014915129e-23 true resid norm 1.809014915134e-23 ||r(i)||/||b|| 3.718493327958e-07
174 KSP unpreconditioned resid norm 1.792972802442e-23 true resid norm 1.792972802457e-23 ||r(i)||/||b|| 3.685518205168e-07
175 KSP unpreconditioned resid norm 1.778924649334e-23 true resid norm 1.778924649343e-23 ||r(i)||/||b|| 3.656641735887e-07
176 KSP unpreconditioned resid norm 1.765468932726e-23 true resid norm 1.765468932739e-23 ||r(i)||/||b|| 3.628983040542e-07
177 KSP unpreconditioned resid norm 1.750444870211e-23 true resid norm 1.750444870215e-23 ||r(i)||/||b|| 3.598100555391e-07
178 KSP unpreconditioned resid norm 1.733796493809e-23 true resid norm 1.733796493810e-23 ||r(i)||/||b|| 3.563879236338e-07
179 KSP unpreconditioned resid norm 1.705620360503e-23 true resid norm 1.705620360520e-23 ||r(i)||/||b|| 3.505962210463e-07
180 KSP unpreconditioned resid norm 1.662942577652e-23 true resid norm 1.662942577668e-23 ||r(i)||/||b|| 3.418236537524e-07
181 KSP unpreconditioned resid norm 1.610167272668e-23 true resid norm 1.610167272675e-23 ||r(i)||/||b|| 3.309755055223e-07
182 KSP unpreconditioned resid norm 1.563207728337e-23 true resid norm 1.563207728351e-23 ||r(i)||/||b|| 3.213228072060e-07
183 KSP unpreconditioned resid norm 1.522447788506e-23 true resid norm 1.522447788522e-23 ||r(i)||/||b|| 3.129444592427e-07
184 KSP unpreconditioned resid norm 1.492521443805e-23 true resid norm 1.492521443823e-23 ||r(i)||/||b|| 3.067929945883e-07
185 KSP unpreconditioned resid norm 1.469941730323e-23 true resid norm 1.469941730337e-23 ||r(i)||/||b|| 3.021516556341e-07
186 KSP unpreconditioned resid norm 1.452937883557e-23 true resid norm 1.452937883573e-23 ||r(i)||/||b|| 2.986564555552e-07
187 KSP unpreconditioned resid norm 1.436813429542e-23 true resid norm 1.436813429562e-23 ||r(i)||/||b|| 2.953420177274e-07
188 KSP unpreconditioned resid norm 1.419862536521e-23 true resid norm 1.419862536543e-23 ||r(i)||/||b|| 2.918577024757e-07
189 KSP unpreconditioned resid norm 1.400850797320e-23 true resid norm 1.400850797334e-23 ||r(i)||/||b|| 2.879497730932e-07
190 KSP unpreconditioned resid norm 1.396493991413e-23 true resid norm 1.394123353407e-23 ||r(i)||/||b|| 2.865669235022e-07
191 KSP unpreconditioned resid norm 1.396361170605e-23 true resid norm 1.393838501434e-23 ||r(i)||/||b|| 2.865083711844e-07
192 KSP unpreconditioned resid norm 1.395983589401e-23 true resid norm 1.392303144480e-23 ||r(i)||/||b|| 2.861927732011e-07
193 KSP unpreconditioned resid norm 1.395981501441e-23 true resid norm 1.392331937657e-23 ||r(i)||/||b|| 2.861986917393e-07
194 KSP unpreconditioned resid norm 1.395836819730e-23 true resid norm 1.391631567051e-23 ||r(i)||/||b|| 2.860547281155e-07
195 KSP unpreconditioned resid norm 1.395632413247e-23 true resid norm 1.391585106454e-23 ||r(i)||/||b|| 2.860451779776e-07
196 KSP unpreconditioned resid norm 1.395566408028e-23 true resid norm 1.391355130786e-23 ||r(i)||/||b|| 2.859979056758e-07
197 KSP unpreconditioned resid norm 1.395503700815e-23 true resid norm 1.391355100624e-23 ||r(i)||/||b|| 2.859978994760e-07
198 KSP unpreconditioned resid norm 1.395395173810e-23 true resid norm 1.391120863100e-23 ||r(i)||/||b|| 2.859497511350e-07
199 KSP unpreconditioned resid norm 1.395160016929e-23 true resid norm 1.390994232359e-23 ||r(i)||/||b|| 2.859237217440e-07
200 KSP unpreconditioned resid norm 1.391007607281e-23 true resid norm 1.391007607281e-23 ||r(i)||/||b|| 2.859264710060e-07
201 KSP unpreconditioned resid norm 1.379480337144e-23 true resid norm 1.379480337148e-23 ||r(i)||/||b|| 2.835570003774e-07
202 KSP unpreconditioned resid norm 1.370058621712e-23 true resid norm 1.370058621725e-23 ||r(i)||/||b|| 2.816203338720e-07
203 KSP unpreconditioned resid norm 1.358642962365e-23 true resid norm 1.358642962375e-23 ||r(i)||/||b|| 2.792738052298e-07
204 KSP unpreconditioned resid norm 1.345863638058e-23 true resid norm 1.345863638072e-23 ||r(i)||/||b|| 2.766469704945e-07
205 KSP unpreconditioned resid norm 1.329608490287e-23 true resid norm 1.329608490292e-23 ||r(i)||/||b|| 2.733056681062e-07
206 KSP unpreconditioned resid norm 1.310030415766e-23 true resid norm 1.310030415777e-23 ||r(i)||/||b|| 2.692813265240e-07
207 KSP unpreconditioned resid norm 1.289062200641e-23 true resid norm 1.289062200654e-23 ||r(i)||/||b|| 2.649712366856e-07
208 KSP unpreconditioned resid norm 1.268989757634e-23 true resid norm 1.268989757654e-23 ||r(i)||/||b|| 2.608452759349e-07
209 KSP unpreconditioned resid norm 1.248927865661e-23 true resid norm 1.248927865675e-23 ||r(i)||/||b|| 2.567214839834e-07
210 KSP unpreconditioned resid norm 1.228310728026e-23 true resid norm 1.228310728043e-23 ||r(i)||/||b|| 2.524835593492e-07
211 KSP unpreconditioned resid norm 1.208028976343e-23 true resid norm 1.208028976349e-23 ||r(i)||/||b|| 2.483145744657e-07
212 KSP unpreconditioned resid norm 1.187412267614e-23 true resid norm 1.187412267622e-23 ||r(i)||/||b|| 2.440767379942e-07
213 KSP unpreconditioned resid norm 1.171615759075e-23 true resid norm 1.171615759090e-23 ||r(i)||/||b|| 2.408297105048e-07
214 KSP unpreconditioned resid norm 1.156071132374e-23 true resid norm 1.156071132391e-23 ||r(i)||/||b|| 2.376344582059e-07
215 KSP unpreconditioned resid norm 1.143279713523e-23 true resid norm 1.143279713539e-23 ||r(i)||/||b|| 2.350051373937e-07
216 KSP unpreconditioned resid norm 1.131882514018e-23 true resid norm 1.131882514028e-23 ||r(i)||/||b|| 2.326624032359e-07
217 KSP unpreconditioned resid norm 1.120444325115e-23 true resid norm 1.120444325124e-23 ||r(i)||/||b|| 2.303112435650e-07
218 KSP unpreconditioned resid norm 1.108846112856e-23 true resid norm 1.108846112864e-23 ||r(i)||/||b|| 2.279271905347e-07
219 KSP unpreconditioned resid norm 1.097629277384e-23 true resid norm 1.097629277395e-23 ||r(i)||/||b|| 2.256215308354e-07
220 KSP unpreconditioned resid norm 1.086270312110e-23 true resid norm 1.086270312129e-23 ||r(i)||/||b|| 2.232866558599e-07
221 KSP unpreconditioned resid norm 1.071223198946e-23 true resid norm 1.071223198963e-23 ||r(i)||/||b|| 2.201936692050e-07
222 KSP unpreconditioned resid norm 1.052544628894e-23 true resid norm 1.052544628910e-23 ||r(i)||/||b|| 2.163542239059e-07
223 KSP unpreconditioned resid norm 1.029261694599e-23 true resid norm 1.029261694613e-23 ||r(i)||/||b|| 2.115683354584e-07
224 KSP unpreconditioned resid norm 1.005111783965e-23 true resid norm 1.005111783977e-23 ||r(i)||/||b|| 2.066042369968e-07
225 KSP unpreconditioned resid norm 9.770554517127e-24 true resid norm 9.770554517262e-24 ||r(i)||/||b|| 2.008371599313e-07
226 KSP unpreconditioned resid norm 9.490502251934e-24 true resid norm 9.490502251997e-24 ||r(i)||/||b|| 1.950805878260e-07
227 KSP unpreconditioned resid norm 9.185702256670e-24 true resid norm 9.185702256765e-24 ||r(i)||/||b|| 1.888153174893e-07
228 KSP unpreconditioned resid norm 8.811072359445e-24 true resid norm 8.811072359468e-24 ||r(i)||/||b|| 1.811146691315e-07
229 KSP unpreconditioned resid norm 8.387847446871e-24 true resid norm 8.387847446977e-24 ||r(i)||/||b|| 1.724151332672e-07
230 KSP unpreconditioned resid norm 7.804479274060e-24 true resid norm 7.804479274177e-24 ||r(i)||/||b|| 1.604237967660e-07
231 KSP unpreconditioned resid norm 7.157641058075e-24 true resid norm 7.157641058259e-24 ||r(i)||/||b|| 1.471278113651e-07
232 KSP unpreconditioned resid norm 6.569164530457e-24 true resid norm 6.569164530554e-24 ||r(i)||/||b|| 1.350314708451e-07
233 KSP unpreconditioned resid norm 6.123104592440e-24 true resid norm 6.123104592537e-24 ||r(i)||/||b|| 1.258625530572e-07
234 KSP unpreconditioned resid norm 5.791256307552e-24 true resid norm 5.791256307598e-24 ||r(i)||/||b|| 1.190412956806e-07
235 KSP unpreconditioned resid norm 5.505296935410e-24 true resid norm 5.505296935561e-24 ||r(i)||/||b|| 1.131633009327e-07
236 KSP unpreconditioned resid norm 5.298852846696e-24 true resid norm 5.298852846744e-24 ||r(i)||/||b|| 1.089197705979e-07
237 KSP unpreconditioned resid norm 5.140993319187e-24 true resid norm 5.140993319260e-24 ||r(i)||/||b|| 1.056749128867e-07
238 KSP unpreconditioned resid norm 4.995022262526e-24 true resid norm 4.995022262650e-24 ||r(i)||/||b|| 1.026744268457e-07
239 KSP unpreconditioned resid norm 4.819571039897e-24 true resid norm 4.819571039953e-24 ||r(i)||/||b|| 9.906796569646e-08
240 KSP unpreconditioned resid norm 4.584664306378e-24 true resid norm 4.584664306352e-24 ||r(i)||/||b|| 9.423937575902e-08
241 KSP unpreconditioned resid norm 4.329378787839e-24 true resid norm 4.329378787909e-24 ||r(i)||/||b|| 8.899189278298e-08
242 KSP unpreconditioned resid norm 4.084821193211e-24 true resid norm 4.084821193147e-24 ||r(i)||/||b|| 8.396492602436e-08
243 KSP unpreconditioned resid norm 3.852420893818e-24 true resid norm 3.852420893852e-24 ||r(i)||/||b|| 7.918785671932e-08
244 KSP unpreconditioned resid norm 3.644858213017e-24 true resid norm 3.644858213053e-24 ||r(i)||/||b|| 7.492133333564e-08
245 KSP unpreconditioned resid norm 3.440876879577e-24 true resid norm 3.440876879638e-24 ||r(i)||/||b|| 7.072842579804e-08
246 KSP unpreconditioned resid norm 3.261903554913e-24 true resid norm 3.261903554973e-24 ||r(i)||/||b|| 6.704956661295e-08
247 KSP unpreconditioned resid norm 3.089146583123e-24 true resid norm 3.089146583157e-24 ||r(i)||/||b|| 6.349848673140e-08
248 KSP unpreconditioned resid norm 2.890776383214e-24 true resid norm 2.890776383234e-24 ||r(i)||/||b|| 5.942091800210e-08
249 KSP unpreconditioned resid norm 2.661262674185e-24 true resid norm 2.661262674174e-24 ||r(i)||/||b|| 5.470318356732e-08
250 KSP unpreconditioned resid norm 2.428313044421e-24 true resid norm 2.428313044474e-24 ||r(i)||/||b|| 4.991482258399e-08
251 KSP unpreconditioned resid norm 2.216561923404e-24 true resid norm 2.216561923466e-24 ||r(i)||/||b|| 4.556220434923e-08
252 KSP unpreconditioned resid norm 2.021786128232e-24 true resid norm 2.021786128201e-24 ||r(i)||/||b|| 4.155851986282e-08
253 KSP unpreconditioned resid norm 1.841794397558e-24 true resid norm 1.841794397577e-24 ||r(i)||/||b|| 3.785872698764e-08
254 KSP unpreconditioned resid norm 1.659167715515e-24 true resid norm 1.659167715462e-24 ||r(i)||/||b|| 3.410477176442e-08
255 KSP unpreconditioned resid norm 1.507098308000e-24 true resid norm 1.507098308011e-24 ||r(i)||/||b|| 3.097893199240e-08
256 KSP unpreconditioned resid norm 1.378102655710e-24 true resid norm 1.378102655753e-24 ||r(i)||/||b|| 2.832738131559e-08
257 KSP unpreconditioned resid norm 1.283051962003e-24 true resid norm 1.283051962083e-24 ||r(i)||/||b|| 2.637358111598e-08
258 KSP unpreconditioned resid norm 1.202714110555e-24 true resid norm 1.202714110552e-24 ||r(i)||/||b|| 2.472220852419e-08
259 KSP unpreconditioned resid norm 1.130868913248e-24 true resid norm 1.130868913288e-24 ||r(i)||/||b|| 2.324540540643e-08
260 KSP unpreconditioned resid norm 1.077060666340e-24 true resid norm 1.077060666459e-24 ||r(i)||/||b|| 2.213935810328e-08
261 KSP unpreconditioned resid norm 1.037105214326e-24 true resid norm 1.037105214327e-24 ||r(i)||/||b|| 2.131805983246e-08
262 KSP unpreconditioned resid norm 1.006882355235e-24 true resid norm 1.006882355332e-24 ||r(i)||/||b|| 2.069681841216e-08
263 KSP unpreconditioned resid norm 9.824857021057e-25 true resid norm 9.824857022108e-25 ||r(i)||/||b|| 2.019533668806e-08
  Linear solve converged due to CONVERGED_ATOL iterations 263
Mat Object: 1 MPI process
  type: seqaijcusparse
  rows=281452, cols=281452, bs=4
  total: nonzeros=15993520, allocated nonzeros=15993520
  total number of mallocs used during MatSetValues calls=0
    not using I-node routines
Vec Object: 1 MPI process
  type: seqcuda
  length=281452, bs=4
Vec Object: 1 MPI process
  type: seqcuda
  length=281452, bs=4
KSP Object: 1 MPI process
  type: gmres
    restart=100, using classical (unmodified) Gram-Schmidt orthogonalization with no iterative refinement
    happy breakdown tolerance=1e-30
  maximum iterations=2000, initial guess is zero
  tolerances: relative=1e-10, absolute=1e-24, divergence=10000.
  right preconditioning
  diagonally scaled system
  using UNPRECONDITIONED norm type for convergence test
PC Object: 1 MPI process
  type: asm
    total subdomain blocks = 1, amount of overlap = 2
    restriction/interpolation type - RESTRICT
    Local solver information for first block is in the following KSP and PC objects on rank 0:
    Use -ksp_view ::ascii_info_detail to display information for all blocks
    KSP Object: (sub_) 1 MPI process
      type: preonly
      maximum iterations=10000, initial guess is zero
      tolerances: relative=1e-05, absolute=1e-50, divergence=10000.
      left preconditioning
      not checking for convergence
    PC Object: (sub_) 1 MPI process
      type: ilu
        out-of-place factorization
        2 levels of fill
        tolerance for zero pivot 2.22045e-14
        matrix ordering: natural
        factor fill ratio given 1., needed 4.996
          Factored matrix:
            Mat Object: (sub_) 1 MPI process
              type: seqaijcusparse
              rows=281452, cols=281452, bs=4
              package used to perform factorization: cusparse
              total: nonzeros=79903664, allocated nonzeros=79903664
                using I-node routines: found 70363 nodes, limit used is 5
      linear system matrix, which is also used to construct the preconditioner:
      Mat Object: (sub_) 1 MPI process
        type: seqaijcusparse
        rows=281452, cols=281452, bs=4
        total: nonzeros=15993520, allocated nonzeros=15993520
        total number of mallocs used during MatSetValues calls=0
          not using I-node routines
  linear system matrix, which is also used to construct the preconditioner:
  Mat Object: 1 MPI process
    type: seqaijcusparse
    rows=281452, cols=281452, bs=4
    total: nonzeros=15993520, allocated nonzeros=15993520
    total number of mallocs used during MatSetValues calls=0
      not using I-node routines
SV13Q_END logical=17 attempt=0 step=69 reason=3 iterations=263 healthy=1 ref=384 ratio=0.68489583333333337 pending=0 recovery=NONE
 NS     69-1    2.422e+03 [   0  1.000e+00  4.825e-14  2.020e-08] [  263 -177   61]
Vec Object: 1 MPI process
  type: seqcuda
  length=281452, bs=4
Mat Object: 1 MPI process
  type: seqaijcusparse
  rows=281452, cols=281452, bs=4
  total: nonzeros=15993520, allocated nonzeros=15993520
  total number of mallocs used during MatSetValues calls=0
    not using I-node routines
Mat Object: 1 MPI process
  type: seqaijcusparse
  rows=281452, cols=281452, bs=4
  total: nonzeros=15993520, allocated nonzeros=15993520
  total number of mallocs used during MatSetValues calls=0
    not using I-node routines
SV13Q_BEGIN logical=18 attempt=0 step=69 equation=0 policy=R3 reuse=1 age=2 ref=384 rebuild_reason=REUSE builds=3 attempts=18 ksp=0x55e693816a00 pc=0x55e6952d3390
  0 KSP unpreconditioned resid norm 3.040957907080e-17 true resid norm 3.040957907080e-17 ||r(i)||/||b|| 1.000000000000e+00
  1 KSP unpreconditioned resid norm 1.795617566042e-18 true resid norm 1.795617566042e-18 ||r(i)||/||b|| 5.904776129460e-02
  2 KSP unpreconditioned resid norm 6.220189685860e-19 true resid norm 6.220189685860e-19 ||r(i)||/||b|| 2.045470498417e-02
  3 KSP unpreconditioned resid norm 3.885825909906e-19 true resid norm 3.885825909906e-19 ||r(i)||/||b|| 1.277829561816e-02
  4 KSP unpreconditioned resid norm 2.870492517950e-19 true resid norm 2.870492517950e-19 ||r(i)||/||b|| 9.439435222918e-03
  5 KSP unpreconditioned resid norm 1.990722973908e-19 true resid norm 1.990722973908e-19 ||r(i)||/||b|| 6.546368068012e-03
  6 KSP unpreconditioned resid norm 1.359092041589e-19 true resid norm 1.359092041589e-19 ||r(i)||/||b|| 4.469289227662e-03
  7 KSP unpreconditioned resid norm 9.259116973128e-20 true resid norm 9.259116973128e-20 ||r(i)||/||b|| 3.044802741784e-03
  8 KSP unpreconditioned resid norm 6.909869252852e-20 true resid norm 6.909869252852e-20 ||r(i)||/||b|| 2.272267313127e-03
  9 KSP unpreconditioned resid norm 5.291601711616e-20 true resid norm 5.291601711616e-20 ||r(i)||/||b|| 1.740110147298e-03
 10 KSP unpreconditioned resid norm 4.239797586374e-20 true resid norm 4.239797586374e-20 ||r(i)||/||b|| 1.394230935095e-03
 11 KSP unpreconditioned resid norm 3.508143873446e-20 true resid norm 3.508143873446e-20 ||r(i)||/||b|| 1.153631184857e-03
 12 KSP unpreconditioned resid norm 3.060370229239e-20 true resid norm 3.060370229239e-20 ||r(i)||/||b|| 1.006383620804e-03
 13 KSP unpreconditioned resid norm 2.709998964458e-20 true resid norm 2.709998964458e-20 ||r(i)||/||b|| 8.911662204034e-04
 14 KSP unpreconditioned resid norm 2.456821798839e-20 true resid norm 2.456821798839e-20 ||r(i)||/||b|| 8.079104919928e-04
 15 KSP unpreconditioned resid norm 2.217252583526e-20 true resid norm 2.217252583526e-20 ||r(i)||/||b|| 7.291296529832e-04
 16 KSP unpreconditioned resid norm 1.929327119189e-20 true resid norm 1.929327119189e-20 ||r(i)||/||b|| 6.344471637363e-04
 17 KSP unpreconditioned resid norm 1.653188549901e-20 true resid norm 1.653188549901e-20 ||r(i)||/||b|| 5.436407212518e-04
 18 KSP unpreconditioned resid norm 1.426583474447e-20 true resid norm 1.426583474447e-20 ||r(i)||/||b|| 4.691230586011e-04
 19 KSP unpreconditioned resid norm 1.266803501894e-20 true resid norm 1.266803501894e-20 ||r(i)||/||b|| 4.165804133441e-04
 20 KSP unpreconditioned resid norm 1.130751875621e-20 true resid norm 1.130751875621e-20 ||r(i)||/||b|| 3.718406864457e-04
 21 KSP unpreconditioned resid norm 1.008257279117e-20 true resid norm 1.008257279117e-20 ||r(i)||/||b|| 3.315591040472e-04
 22 KSP unpreconditioned resid norm 9.126701641692e-21 true resid norm 9.126701641692e-21 ||r(i)||/||b|| 3.001258787714e-04
 23 KSP unpreconditioned resid norm 8.249900686268e-21 true resid norm 8.249900686268e-21 ||r(i)||/||b|| 2.712928274035e-04
 24 KSP unpreconditioned resid norm 7.586248578891e-21 true resid norm 7.586248578891e-21 ||r(i)||/||b|| 2.494690426733e-04
 25 KSP unpreconditioned resid norm 7.121976427546e-21 true resid norm 7.121976427546e-21 ||r(i)||/||b|| 2.342017431732e-04
 26 KSP unpreconditioned resid norm 6.780786127683e-21 true resid norm 6.780786127682e-21 ||r(i)||/||b|| 2.229819134259e-04
 27 KSP unpreconditioned resid norm 6.509703041039e-21 true resid norm 6.509703041039e-21 ||r(i)||/||b|| 2.140675155642e-04
 28 KSP unpreconditioned resid norm 6.254626766809e-21 true resid norm 6.254626766809e-21 ||r(i)||/||b|| 2.056794917235e-04
 29 KSP unpreconditioned resid norm 5.978783279479e-21 true resid norm 5.978783279479e-21 ||r(i)||/||b|| 1.966085510608e-04
 30 KSP unpreconditioned resid norm 5.708071433298e-21 true resid norm 5.708071433298e-21 ||r(i)||/||b|| 1.877063612097e-04
 31 KSP unpreconditioned resid norm 5.414023571068e-21 true resid norm 5.414023571068e-21 ||r(i)||/||b|| 1.780367810571e-04
 32 KSP unpreconditioned resid norm 5.101535591956e-21 true resid norm 5.101535591956e-21 ||r(i)||/||b|| 1.677608091871e-04
 33 KSP unpreconditioned resid norm 4.819848243499e-21 true resid norm 4.819848243499e-21 ||r(i)||/||b|| 1.584976968039e-04
 34 KSP unpreconditioned resid norm 4.574688175362e-21 true resid norm 4.574688175363e-21 ||r(i)||/||b|| 1.504357612025e-04
 35 KSP unpreconditioned resid norm 4.406633578883e-21 true resid norm 4.406633578884e-21 ||r(i)||/||b|| 1.449093908411e-04
 36 KSP unpreconditioned resid norm 4.252104690850e-21 true resid norm 4.252104690851e-21 ||r(i)||/||b|| 1.398278049476e-04
 37 KSP unpreconditioned resid norm 4.103885361393e-21 true resid norm 4.103885361394e-21 ||r(i)||/||b|| 1.349537049441e-04
 38 KSP unpreconditioned resid norm 3.900883270640e-21 true resid norm 3.900883270640e-21 ||r(i)||/||b|| 1.282781080777e-04
 39 KSP unpreconditioned resid norm 3.678771989597e-21 true resid norm 3.678771989598e-21 ||r(i)||/||b|| 1.209741174329e-04
 40 KSP unpreconditioned resid norm 3.492743005476e-21 true resid norm 3.492743005477e-21 ||r(i)||/||b|| 1.148566705690e-04
 41 KSP unpreconditioned resid norm 3.347424244763e-21 true resid norm 3.347424244764e-21 ||r(i)||/||b|| 1.100779539556e-04
 42 KSP unpreconditioned resid norm 3.221937356590e-21 true resid norm 3.221937356591e-21 ||r(i)||/||b|| 1.059513960746e-04
 43 KSP unpreconditioned resid norm 3.099894953564e-21 true resid norm 3.099894953565e-21 ||r(i)||/||b|| 1.019381079346e-04
 44 KSP unpreconditioned resid norm 2.962055828425e-21 true resid norm 2.962055828425e-21 ||r(i)||/||b|| 9.740535446179e-05
 45 KSP unpreconditioned resid norm 2.830210364539e-21 true resid norm 2.830210364539e-21 ||r(i)||/||b|| 9.306969879291e-05
 46 KSP unpreconditioned resid norm 2.689054013135e-21 true resid norm 2.689054013135e-21 ||r(i)||/||b|| 8.842786040786e-05
 47 KSP unpreconditioned resid norm 2.539018608490e-21 true resid norm 2.539018608489e-21 ||r(i)||/||b|| 8.349403990688e-05
 48 KSP unpreconditioned resid norm 2.396701180250e-21 true resid norm 2.396701180249e-21 ||r(i)||/||b|| 7.881402023582e-05
 49 KSP unpreconditioned resid norm 2.267510055807e-21 true resid norm 2.267510055806e-21 ||r(i)||/||b|| 7.456565086043e-05
 50 KSP unpreconditioned resid norm 2.168503737309e-21 true resid norm 2.168503737309e-21 ||r(i)||/||b|| 7.130988996131e-05
 51 KSP unpreconditioned resid norm 2.106347406330e-21 true resid norm 2.106347406330e-21 ||r(i)||/||b|| 6.926591786836e-05
 52 KSP unpreconditioned resid norm 2.062628681393e-21 true resid norm 2.062628681393e-21 ||r(i)||/||b|| 6.782825492554e-05
 53 KSP unpreconditioned resid norm 2.031422808194e-21 true resid norm 2.031422808194e-21 ||r(i)||/||b|| 6.680206929088e-05
 54 KSP unpreconditioned resid norm 1.999453076282e-21 true resid norm 1.999453076282e-21 ||r(i)||/||b|| 6.575076463987e-05
 55 KSP unpreconditioned resid norm 1.969311055680e-21 true resid norm 1.969311055681e-21 ||r(i)||/||b|| 6.475956313290e-05
 56 KSP unpreconditioned resid norm 1.937552352781e-21 true resid norm 1.937552352781e-21 ||r(i)||/||b|| 6.371519803907e-05
 57 KSP unpreconditioned resid norm 1.904769386124e-21 true resid norm 1.904769386123e-21 ||r(i)||/||b|| 6.263715067177e-05
 58 KSP unpreconditioned resid norm 1.868693394061e-21 true resid norm 1.868693394060e-21 ||r(i)||/||b|| 6.145081422234e-05
 59 KSP unpreconditioned resid norm 1.841223406586e-21 true resid norm 1.841223406584e-21 ||r(i)||/||b|| 6.054748085453e-05
 60 KSP unpreconditioned resid norm 1.816569490045e-21 true resid norm 1.816569490043e-21 ||r(i)||/||b|| 5.973675221921e-05
 61 KSP unpreconditioned resid norm 1.789786956123e-21 true resid norm 1.789786956120e-21 ||r(i)||/||b|| 5.885602533179e-05
 62 KSP unpreconditioned resid norm 1.762894468852e-21 true resid norm 1.762894468850e-21 ||r(i)||/||b|| 5.797168269725e-05
 63 KSP unpreconditioned resid norm 1.739855050382e-21 true resid norm 1.739855050380e-21 ||r(i)||/||b|| 5.721404582185e-05
 64 KSP unpreconditioned resid norm 1.712518007405e-21 true resid norm 1.712518007404e-21 ||r(i)||/||b|| 5.631508425080e-05
 65 KSP unpreconditioned resid norm 1.684582022977e-21 true resid norm 1.684582022976e-21 ||r(i)||/||b|| 5.539642686449e-05
 66 KSP unpreconditioned resid norm 1.654108586509e-21 true resid norm 1.654108586509e-21 ||r(i)||/||b|| 5.439432695395e-05
 67 KSP unpreconditioned resid norm 1.628024882377e-21 true resid norm 1.628024882378e-21 ||r(i)||/||b|| 5.353658064742e-05
 68 KSP unpreconditioned resid norm 1.605173588464e-21 true resid norm 1.605173588465e-21 ||r(i)||/||b|| 5.278513013046e-05
 69 KSP unpreconditioned resid norm 1.584850579746e-21 true resid norm 1.584850579747e-21 ||r(i)||/||b|| 5.211682069183e-05
 70 KSP unpreconditioned resid norm 1.566077049230e-21 true resid norm 1.566077049231e-21 ||r(i)||/||b|| 5.149946487535e-05
 71 KSP unpreconditioned resid norm 1.543460664415e-21 true resid norm 1.543460664416e-21 ||r(i)||/||b|| 5.075573919725e-05
 72 KSP unpreconditioned resid norm 1.518537903443e-21 true resid norm 1.518537903443e-21 ||r(i)||/||b|| 4.993616978083e-05
 73 KSP unpreconditioned resid norm 1.486932741674e-21 true resid norm 1.486932741673e-21 ||r(i)||/||b|| 4.889685379107e-05
 74 KSP unpreconditioned resid norm 1.447472896578e-21 true resid norm 1.447472896577e-21 ||r(i)||/||b|| 4.759924144978e-05
 75 KSP unpreconditioned resid norm 1.391032620951e-21 true resid norm 1.391032620952e-21 ||r(i)||/||b|| 4.574323826427e-05
 76 KSP unpreconditioned resid norm 1.321113450906e-21 true resid norm 1.321113450908e-21 ||r(i)||/||b|| 4.344399006090e-05
 77 KSP unpreconditioned resid norm 1.248308225381e-21 true resid norm 1.248308225384e-21 ||r(i)||/||b|| 4.104983572702e-05
 78 KSP unpreconditioned resid norm 1.189056119310e-21 true resid norm 1.189056119312e-21 ||r(i)||/||b|| 3.910136725482e-05
 79 KSP unpreconditioned resid norm 1.147059064786e-21 true resid norm 1.147059064786e-21 ||r(i)||/||b|| 3.772032036733e-05
 80 KSP unpreconditioned resid norm 1.110353570745e-21 true resid norm 1.110353570743e-21 ||r(i)||/||b|| 3.651328313876e-05
 81 KSP unpreconditioned resid norm 1.072776501395e-21 true resid norm 1.072776501389e-21 ||r(i)||/||b|| 3.527758470089e-05
 82 KSP unpreconditioned resid norm 1.034754080320e-21 true resid norm 1.034754080311e-21 ||r(i)||/||b|| 3.402724114995e-05
 83 KSP unpreconditioned resid norm 9.982950268228e-22 true resid norm 9.982950268114e-22 ||r(i)||/||b|| 3.282830796464e-05
 84 KSP unpreconditioned resid norm 9.576895385782e-22 true resid norm 9.576895385635e-22 ||r(i)||/||b|| 3.149302186438e-05
 85 KSP unpreconditioned resid norm 9.178821143970e-22 true resid norm 9.178821143760e-22 ||r(i)||/||b|| 3.018397960192e-05
 86 KSP unpreconditioned resid norm 8.802426081649e-22 true resid norm 8.802426081349e-22 ||r(i)||/||b|| 2.894622796604e-05
 87 KSP unpreconditioned resid norm 8.430632793211e-22 true resid norm 8.430632792811e-22 ||r(i)||/||b|| 2.772360897591e-05
 88 KSP unpreconditioned resid norm 8.087519071056e-22 true resid norm 8.087519070575e-22 ||r(i)||/||b|| 2.659530094693e-05
 89 KSP unpreconditioned resid norm 7.757913826833e-22 true resid norm 7.757913826315e-22 ||r(i)||/||b|| 2.551141470341e-05
 90 KSP unpreconditioned resid norm 7.413004582931e-22 true resid norm 7.413004582397e-22 ||r(i)||/||b|| 2.437720221361e-05
 91 KSP unpreconditioned resid norm 7.091363401226e-22 true resid norm 7.091363400689e-22 ||r(i)||/||b|| 2.331950529199e-05
 92 KSP unpreconditioned resid norm 6.992931915763e-22 true resid norm 6.992909905380e-22 ||r(i)||/||b|| 2.299574712658e-05
 93 KSP unpreconditioned resid norm 6.765051386882e-22 true resid norm 6.617734280123e-22 ||r(i)||/||b|| 2.176200553357e-05
 94 KSP unpreconditioned resid norm 6.676554555351e-22 true resid norm 6.467983566707e-22 ||r(i)||/||b|| 2.126955967278e-05
 95 KSP unpreconditioned resid norm 6.600050777668e-22 true resid norm 6.285456603555e-22 ||r(i)||/||b|| 2.066933116345e-05
 96 KSP unpreconditioned resid norm 6.586598354942e-22 true resid norm 6.236269036255e-22 ||r(i)||/||b|| 2.050758092289e-05
 97 KSP unpreconditioned resid norm 6.586152665742e-22 true resid norm 6.233671490670e-22 ||r(i)||/||b|| 2.049903905660e-05
 98 KSP unpreconditioned resid norm 6.585924884263e-22 true resid norm 6.234116219327e-22 ||r(i)||/||b|| 2.050050151898e-05
 99 KSP unpreconditioned resid norm 6.582980111913e-22 true resid norm 6.232653688894e-22 ||r(i)||/||b|| 2.049569207907e-05
100 KSP unpreconditioned resid norm 6.235881005769e-22 true resid norm 6.235881005769e-22 ||r(i)||/||b|| 2.050630490889e-05
101 KSP unpreconditioned resid norm 6.061190397311e-22 true resid norm 6.061190397312e-22 ||r(i)||/||b|| 1.993184576215e-05
102 KSP unpreconditioned resid norm 5.876287878515e-22 true resid norm 5.876287878515e-22 ||r(i)||/||b|| 1.932380538656e-05
103 KSP unpreconditioned resid norm 5.711097311136e-22 true resid norm 5.711097311136e-22 ||r(i)||/||b|| 1.878058653110e-05
104 KSP unpreconditioned resid norm 5.551448764617e-22 true resid norm 5.551448764617e-22 ||r(i)||/||b|| 1.825559226483e-05
105 KSP unpreconditioned resid norm 5.436680396844e-22 true resid norm 5.436680396843e-22 ||r(i)||/||b|| 1.787818366109e-05
106 KSP unpreconditioned resid norm 5.328717620131e-22 true resid norm 5.328717620131e-22 ||r(i)||/||b|| 1.752315481817e-05
107 KSP unpreconditioned resid norm 5.201673753181e-22 true resid norm 5.201673753181e-22 ||r(i)||/||b|| 1.710537900268e-05
108 KSP unpreconditioned resid norm 5.075589296538e-22 true resid norm 5.075589296538e-22 ||r(i)||/||b|| 1.669075814802e-05
109 KSP unpreconditioned resid norm 4.945906172007e-22 true resid norm 4.945906172007e-22 ||r(i)||/||b|| 1.626430329894e-05
110 KSP unpreconditioned resid norm 4.834301900963e-22 true resid norm 4.834301900962e-22 ||r(i)||/||b|| 1.589729962952e-05
111 KSP unpreconditioned resid norm 4.726021074907e-22 true resid norm 4.726021074907e-22 ||r(i)||/||b|| 1.554122490122e-05
112 KSP unpreconditioned resid norm 4.605420769163e-22 true resid norm 4.605420769163e-22 ||r(i)||/||b|| 1.514463833399e-05
113 KSP unpreconditioned resid norm 4.470629029913e-22 true resid norm 4.470629029914e-22 ||r(i)||/||b|| 1.470138412473e-05
114 KSP unpreconditioned resid norm 4.326846872118e-22 true resid norm 4.326846872117e-22 ||r(i)||/||b|| 1.422856548604e-05
115 KSP unpreconditioned resid norm 4.165164154522e-22 true resid norm 4.165164154522e-22 ||r(i)||/||b|| 1.369688197533e-05
116 KSP unpreconditioned resid norm 3.975503402918e-22 true resid norm 3.975503402918e-22 ||r(i)||/||b|| 1.307319444857e-05
117 KSP unpreconditioned resid norm 3.851399346379e-22 true resid norm 3.851399346379e-22 ||r(i)||/||b|| 1.266508601586e-05
118 KSP unpreconditioned resid norm 3.759122953682e-22 true resid norm 3.759122953682e-22 ||r(i)||/||b|| 1.236164086628e-05
119 KSP unpreconditioned resid norm 3.688153102289e-22 true resid norm 3.688153102289e-22 ||r(i)||/||b|| 1.212826094601e-05
120 KSP unpreconditioned resid norm 3.622106184432e-22 true resid norm 3.622106184432e-22 ||r(i)||/||b|| 1.191106978495e-05
121 KSP unpreconditioned resid norm 3.561121606518e-22 true resid norm 3.561121606517e-22 ||r(i)||/||b|| 1.171052581236e-05
122 KSP unpreconditioned resid norm 3.496342798741e-22 true resid norm 3.496342798741e-22 ||r(i)||/||b|| 1.149750475204e-05
123 KSP unpreconditioned resid norm 3.443344667075e-22 true resid norm 3.443344667074e-22 ||r(i)||/||b|| 1.132322370874e-05
124 KSP unpreconditioned resid norm 3.403374049504e-22 true resid norm 3.403374049503e-22 ||r(i)||/||b|| 1.119178283126e-05
125 KSP unpreconditioned resid norm 3.370776024275e-22 true resid norm 3.370776024274e-22 ||r(i)||/||b|| 1.108458626285e-05
126 KSP unpreconditioned resid norm 3.331885281426e-22 true resid norm 3.331885281426e-22 ||r(i)||/||b|| 1.095669648589e-05
127 KSP unpreconditioned resid norm 3.288094708903e-22 true resid norm 3.288094708903e-22 ||r(i)||/||b|| 1.081269392532e-05
128 KSP unpreconditioned resid norm 3.241810033104e-22 true resid norm 3.241810033104e-22 ||r(i)||/||b|| 1.066048966201e-05
129 KSP unpreconditioned resid norm 3.194002390339e-22 true resid norm 3.194002390339e-22 ||r(i)||/||b|| 1.050327721703e-05
130 KSP unpreconditioned resid norm 3.147434229268e-22 true resid norm 3.147434229268e-22 ||r(i)||/||b|| 1.035014073013e-05
131 KSP unpreconditioned resid norm 3.101006259146e-22 true resid norm 3.101006259146e-22 ||r(i)||/||b|| 1.019746525240e-05
132 KSP unpreconditioned resid norm 3.055622102887e-22 true resid norm 3.055622102887e-22 ||r(i)||/||b|| 1.004822229131e-05
133 KSP unpreconditioned resid norm 3.016029460734e-22 true resid norm 3.016029460733e-22 ||r(i)||/||b|| 9.918024362360e-06
134 KSP unpreconditioned resid norm 2.977747672145e-22 true resid norm 2.977747672145e-22 ||r(i)||/||b|| 9.792137093421e-06
135 KSP unpreconditioned resid norm 2.940022884930e-22 true resid norm 2.940022884930e-22 ||r(i)||/||b|| 9.668081488681e-06
136 KSP unpreconditioned resid norm 2.904541826741e-22 true resid norm 2.904541826741e-22 ||r(i)||/||b|| 9.551404246598e-06
137 KSP unpreconditioned resid norm 2.860941458277e-22 true resid norm 2.860941458277e-22 ||r(i)||/||b|| 9.408027160177e-06
138 KSP unpreconditioned resid norm 2.808812485520e-22 true resid norm 2.808812485520e-22 ||r(i)||/||b|| 9.236604291629e-06
139 KSP unpreconditioned resid norm 2.743575825121e-22 true resid norm 2.743575825121e-22 ||r(i)||/||b|| 9.022077611573e-06
140 KSP unpreconditioned resid norm 2.672706254683e-22 true resid norm 2.672706254683e-22 ||r(i)||/||b|| 8.789027458947e-06
141 KSP unpreconditioned resid norm 2.598611900782e-22 true resid norm 2.598611900783e-22 ||r(i)||/||b|| 8.545372807470e-06
142 KSP unpreconditioned resid norm 2.513175210682e-22 true resid norm 2.513175210682e-22 ||r(i)||/||b|| 8.264419592362e-06
143 KSP unpreconditioned resid norm 2.414189660053e-22 true resid norm 2.414189660053e-22 ||r(i)||/||b|| 7.938911796285e-06
144 KSP unpreconditioned resid norm 2.280087453329e-22 true resid norm 2.280087453328e-22 ||r(i)||/||b|| 7.497925071635e-06
145 KSP unpreconditioned resid norm 2.161764265026e-22 true resid norm 2.161764265026e-22 ||r(i)||/||b|| 7.108826662784e-06
146 KSP unpreconditioned resid norm 2.010836920257e-22 true resid norm 2.010836920257e-22 ||r(i)||/||b|| 6.612511523343e-06
147 KSP unpreconditioned resid norm 1.856338265161e-22 true resid norm 1.856338265161e-22 ||r(i)||/||b|| 6.104452353119e-06
148 KSP unpreconditioned resid norm 1.688260671785e-22 true resid norm 1.688260671785e-22 ||r(i)||/||b|| 5.551739693122e-06
149 KSP unpreconditioned resid norm 1.537828610986e-22 true resid norm 1.537828610986e-22 ||r(i)||/||b|| 5.057053264056e-06
150 KSP unpreconditioned resid norm 1.420371128794e-22 true resid norm 1.420371128794e-22 ||r(i)||/||b|| 4.670801675639e-06
151 KSP unpreconditioned resid norm 1.338996669355e-22 true resid norm 1.338996669354e-22 ||r(i)||/||b|| 4.403206852146e-06
152 KSP unpreconditioned resid norm 1.267959965293e-22 true resid norm 1.267959965293e-22 ||r(i)||/||b|| 4.169607091046e-06
153 KSP unpreconditioned resid norm 1.206450250814e-22 true resid norm 1.206450250814e-22 ||r(i)||/||b|| 3.967336239694e-06
154 KSP unpreconditioned resid norm 1.148020877022e-22 true resid norm 1.148020877023e-22 ||r(i)||/||b|| 3.775194896153e-06
155 KSP unpreconditioned resid norm 1.092416991311e-22 true resid norm 1.092416991311e-22 ||r(i)||/||b|| 3.592344993555e-06
156 KSP unpreconditioned resid norm 1.038269218154e-22 true resid norm 1.038269218154e-22 ||r(i)||/||b|| 3.414283426078e-06
157 KSP unpreconditioned resid norm 9.919751925283e-23 true resid norm 9.919751925289e-23 ||r(i)||/||b|| 3.262048416452e-06
158 KSP unpreconditioned resid norm 9.541278313753e-23 true resid norm 9.541278313759e-23 ||r(i)||/||b|| 3.137589734979e-06
159 KSP unpreconditioned resid norm 9.160875638363e-23 true resid norm 9.160875638366e-23 ||r(i)||/||b|| 3.012496692913e-06
160 KSP unpreconditioned resid norm 8.842019103117e-23 true resid norm 8.842019103122e-23 ||r(i)||/||b|| 2.907642714335e-06
161 KSP unpreconditioned resid norm 8.549844577441e-23 true resid norm 8.549844577452e-23 ||r(i)||/||b|| 2.811562947828e-06
162 KSP unpreconditioned resid norm 8.295371311112e-23 true resid norm 8.295371311117e-23 ||r(i)||/||b|| 2.727881004799e-06
163 KSP unpreconditioned resid norm 8.020448523378e-23 true resid norm 8.020448523385e-23 ||r(i)||/||b|| 2.637474364479e-06
164 KSP unpreconditioned resid norm 7.729501499868e-23 true resid norm 7.729501499869e-23 ||r(i)||/||b|| 2.541798254383e-06
165 KSP unpreconditioned resid norm 7.409877915842e-23 true resid norm 7.409877915844e-23 ||r(i)||/||b|| 2.436692036608e-06
166 KSP unpreconditioned resid norm 7.084668038040e-23 true resid norm 7.084668038040e-23 ||r(i)||/||b|| 2.329748801042e-06
167 KSP unpreconditioned resid norm 6.739480531989e-23 true resid norm 6.739480531989e-23 ||r(i)||/||b|| 2.216236047299e-06
168 KSP unpreconditioned resid norm 6.438109532877e-23 true resid norm 6.438109532878e-23 ||r(i)||/||b|| 2.117132077984e-06
169 KSP unpreconditioned resid norm 6.183578369058e-23 true resid norm 6.183578369055e-23 ||r(i)||/||b|| 2.033431095727e-06
170 KSP unpreconditioned resid norm 5.948295572402e-23 true resid norm 5.948295572398e-23 ||r(i)||/||b|| 1.956059818700e-06
171 KSP unpreconditioned resid norm 5.682601063063e-23 true resid norm 5.682601063059e-23 ||r(i)||/||b|| 1.868687840048e-06
172 KSP unpreconditioned resid norm 5.387238462332e-23 true resid norm 5.387238462327e-23 ||r(i)||/||b|| 1.771559694984e-06
173 KSP unpreconditioned resid norm 5.050302883970e-23 true resid norm 5.050302883963e-23 ||r(i)||/||b|| 1.660760536081e-06
174 KSP unpreconditioned resid norm 4.690532797277e-23 true resid norm 4.690532797268e-23 ||r(i)||/||b|| 1.542452391842e-06
175 KSP unpreconditioned resid norm 4.356679996295e-23 true resid norm 4.356679996286e-23 ||r(i)||/||b|| 1.432666985012e-06
176 KSP unpreconditioned resid norm 4.084638076367e-23 true resid norm 4.084638076351e-23 ||r(i)||/||b|| 1.343207700061e-06
177 KSP unpreconditioned resid norm 3.891750047722e-23 true resid norm 3.891750047710e-23 ||r(i)||/||b|| 1.279777677504e-06
178 KSP unpreconditioned resid norm 3.753359518775e-23 true resid norm 3.753359518765e-23 ||r(i)||/||b|| 1.234268817081e-06
179 KSP unpreconditioned resid norm 3.633277572439e-23 true resid norm 3.633277572432e-23 ||r(i)||/||b|| 1.194780619611e-06
180 KSP unpreconditioned resid norm 3.529169711639e-23 true resid norm 3.529169711633e-23 ||r(i)||/||b|| 1.160545400321e-06
181 KSP unpreconditioned resid norm 3.437522973832e-23 true resid norm 3.437522973831e-23 ||r(i)||/||b|| 1.130407943440e-06
182 KSP unpreconditioned resid norm 3.343195952387e-23 true resid norm 3.343195952390e-23 ||r(i)||/||b|| 1.099389092038e-06
183 KSP unpreconditioned resid norm 3.258455293676e-23 true resid norm 3.258455293687e-23 ||r(i)||/||b|| 1.071522656101e-06
184 KSP unpreconditioned resid norm 3.180821523119e-23 true resid norm 3.180821523136e-23 ||r(i)||/||b|| 1.045993275912e-06
185 KSP unpreconditioned resid norm 3.117894445038e-23 true resid norm 3.117894445061e-23 ||r(i)||/||b|| 1.025300099617e-06
186 KSP unpreconditioned resid norm 3.067556274137e-23 true resid norm 3.067556274163e-23 ||r(i)||/||b|| 1.008746706760e-06
187 KSP unpreconditioned resid norm 3.029741931002e-23 true resid norm 3.029741931031e-23 ||r(i)||/||b|| 9.963116963824e-07
188 KSP unpreconditioned resid norm 3.001036519571e-23 true resid norm 3.001036519603e-23 ||r(i)||/||b|| 9.868721012600e-07
189 KSP unpreconditioned resid norm 2.978434236951e-23 true resid norm 2.978434236985e-23 ||r(i)||/||b|| 9.794394818984e-07
190 KSP unpreconditioned resid norm 2.976714445194e-23 true resid norm 2.972784376377e-23 ||r(i)||/||b|| 9.775815605521e-07
191 KSP unpreconditioned resid norm 2.976616568575e-23 true resid norm 2.973191346230e-23 ||r(i)||/||b|| 9.777153900446e-07
192 KSP unpreconditioned resid norm 2.973660462098e-23 true resid norm 2.973465281472e-23 ||r(i)||/||b|| 9.778054719366e-07
193 KSP unpreconditioned resid norm 2.973620697438e-23 true resid norm 2.973748133598e-23 ||r(i)||/||b|| 9.778984860904e-07
194 KSP unpreconditioned resid norm 2.971789666247e-23 true resid norm 2.977234744442e-23 ||r(i)||/||b|| 9.790450362729e-07
195 KSP unpreconditioned resid norm 2.971705819760e-23 true resid norm 2.976994451677e-23 ||r(i)||/||b|| 9.789660174993e-07
196 KSP unpreconditioned resid norm 2.969681093188e-23 true resid norm 2.984560660037e-23 ||r(i)||/||b|| 9.814541178253e-07
197 KSP unpreconditioned resid norm 2.969435677501e-23 true resid norm 2.986703901468e-23 ||r(i)||/||b|| 9.821589093734e-07
198 KSP unpreconditioned resid norm 2.967200157570e-23 true resid norm 2.999035896624e-23 ||r(i)||/||b|| 9.862142088983e-07
199 KSP unpreconditioned resid norm 2.965882505123e-23 true resid norm 3.005268273737e-23 ||r(i)||/||b|| 9.882636871560e-07
200 KSP unpreconditioned resid norm 3.015616710876e-23 true resid norm 3.015616710876e-23 ||r(i)||/||b|| 9.916667060255e-07
201 KSP unpreconditioned resid norm 2.998613073360e-23 true resid norm 2.998613073361e-23 ||r(i)||/||b|| 9.860751661111e-07
202 KSP unpreconditioned resid norm 2.981682030517e-23 true resid norm 2.981682030518e-23 ||r(i)||/||b|| 9.805074985008e-07
203 KSP unpreconditioned resid norm 2.964204167333e-23 true resid norm 2.964204167333e-23 ||r(i)||/||b|| 9.747600124394e-07
204 KSP unpreconditioned resid norm 2.931003679944e-23 true resid norm 2.931003679945e-23 ||r(i)||/||b|| 9.638422396839e-07
205 KSP unpreconditioned resid norm 2.903652240192e-23 true resid norm 2.903652240192e-23 ||r(i)||/||b|| 9.548478896835e-07
206 KSP unpreconditioned resid norm 2.862321363175e-23 true resid norm 2.862321363173e-23 ||r(i)||/||b|| 9.412564891178e-07
207 KSP unpreconditioned resid norm 2.816787835934e-23 true resid norm 2.816787835935e-23 ||r(i)||/||b|| 9.262830732963e-07
208 KSP unpreconditioned resid norm 2.758963893217e-23 true resid norm 2.758963893217e-23 ||r(i)||/||b|| 9.072680311667e-07
209 KSP unpreconditioned resid norm 2.704196735580e-23 true resid norm 2.704196735580e-23 ||r(i)||/||b|| 8.892581937040e-07
210 KSP unpreconditioned resid norm 2.640595983854e-23 true resid norm 2.640595983858e-23 ||r(i)||/||b|| 8.683434840415e-07
211 KSP unpreconditioned resid norm 2.556042992452e-23 true resid norm 2.556042992451e-23 ||r(i)||/||b|| 8.405387613224e-07
212 KSP unpreconditioned resid norm 2.455557962850e-23 true resid norm 2.455557962850e-23 ||r(i)||/||b|| 8.074948874276e-07
213 KSP unpreconditioned resid norm 2.350439162933e-23 true resid norm 2.350439162933e-23 ||r(i)||/||b|| 7.729272271283e-07
214 KSP unpreconditioned resid norm 2.248400788517e-23 true resid norm 2.248400788519e-23 ||r(i)||/||b|| 7.393725455008e-07
215 KSP unpreconditioned resid norm 2.148451901335e-23 true resid norm 2.148451901339e-23 ||r(i)||/||b|| 7.065049786900e-07
216 KSP unpreconditioned resid norm 2.047236270097e-23 true resid norm 2.047236270103e-23 ||r(i)||/||b|| 6.732208510142e-07
217 KSP unpreconditioned resid norm 1.962959343638e-23 true resid norm 1.962959343640e-23 ||r(i)||/||b|| 6.455069105265e-07
218 KSP unpreconditioned resid norm 1.870823833998e-23 true resid norm 1.870823834001e-23 ||r(i)||/||b|| 6.152087240817e-07
219 KSP unpreconditioned resid norm 1.776345732738e-23 true resid norm 1.776345732733e-23 ||r(i)||/||b|| 5.841401910224e-07
220 KSP unpreconditioned resid norm 1.677490492769e-23 true resid norm 1.677490492769e-23 ||r(i)||/||b|| 5.516322632624e-07
221 KSP unpreconditioned resid norm 1.576429525203e-23 true resid norm 1.576429525205e-23 ||r(i)||/||b|| 5.183989957686e-07
222 KSP unpreconditioned resid norm 1.481715499492e-23 true resid norm 1.481715499494e-23 ||r(i)||/||b|| 4.872528804308e-07
223 KSP unpreconditioned resid norm 1.408223564188e-23 true resid norm 1.408223564189e-23 ||r(i)||/||b|| 4.630855168730e-07
224 KSP unpreconditioned resid norm 1.340741729580e-23 true resid norm 1.340741729585e-23 ||r(i)||/||b|| 4.408945373638e-07
225 KSP unpreconditioned resid norm 1.288086356217e-23 true resid norm 1.288086356221e-23 ||r(i)||/||b|| 4.235791469595e-07
226 KSP unpreconditioned resid norm 1.241046291344e-23 true resid norm 1.241046291345e-23 ||r(i)||/||b|| 4.081103156527e-07
227 KSP unpreconditioned resid norm 1.198723051508e-23 true resid norm 1.198723051507e-23 ||r(i)||/||b|| 3.941925827765e-07
228 KSP unpreconditioned resid norm 1.156965724688e-23 true resid norm 1.156965724691e-23 ||r(i)||/||b|| 3.804609468605e-07
229 KSP unpreconditioned resid norm 1.114258363895e-23 true resid norm 1.114258363898e-23 ||r(i)||/||b|| 3.664168982094e-07
230 KSP unpreconditioned resid norm 1.070670462864e-23 true resid norm 1.070670462868e-23 ||r(i)||/||b|| 3.520832894053e-07
231 KSP unpreconditioned resid norm 1.024847055638e-23 true resid norm 1.024847055641e-23 ||r(i)||/||b|| 3.370145483616e-07
232 KSP unpreconditioned resid norm 9.864431586197e-24 true resid norm 9.864431586227e-24 ||r(i)||/||b|| 3.243856668736e-07
233 KSP unpreconditioned resid norm 9.524960195966e-24 true resid norm 9.524960195982e-24 ||r(i)||/||b|| 3.132223623946e-07
234 KSP unpreconditioned resid norm 9.275292670904e-24 true resid norm 9.275292670913e-24 ||r(i)||/||b|| 3.050122018893e-07
235 KSP unpreconditioned resid norm 9.033164352068e-24 true resid norm 9.033164352072e-24 ||r(i)||/||b|| 2.970499634684e-07
236 KSP unpreconditioned resid norm 8.787430012317e-24 true resid norm 8.787430012315e-24 ||r(i)||/||b|| 2.889691433037e-07
237 KSP unpreconditioned resid norm 8.516538933187e-24 true resid norm 8.516538933185e-24 ||r(i)||/||b|| 2.800610594891e-07
238 KSP unpreconditioned resid norm 8.163714720787e-24 true resid norm 8.163714720793e-24 ||r(i)||/||b|| 2.684586558000e-07
239 KSP unpreconditioned resid norm 7.779003754479e-24 true resid norm 7.779003754462e-24 ||r(i)||/||b|| 2.558076761388e-07
240 KSP unpreconditioned resid norm 7.335634735269e-24 true resid norm 7.335634735249e-24 ||r(i)||/||b|| 2.412277630733e-07
241 KSP unpreconditioned resid norm 6.942970884653e-24 true resid norm 6.942970884684e-24 ||r(i)||/||b|| 2.283152577850e-07
242 KSP unpreconditioned resid norm 6.651271882233e-24 true resid norm 6.651271882277e-24 ||r(i)||/||b|| 2.187229184196e-07
243 KSP unpreconditioned resid norm 6.380249522335e-24 true resid norm 6.380249522350e-24 ||r(i)||/||b|| 2.098105175180e-07
244 KSP unpreconditioned resid norm 6.108979747088e-24 true resid norm 6.108979747129e-24 ||r(i)||/||b|| 2.008899805191e-07
245 KSP unpreconditioned resid norm 5.825527617856e-24 true resid norm 5.825527617864e-24 ||r(i)||/||b|| 1.915688344222e-07
246 KSP unpreconditioned resid norm 5.546815560351e-24 true resid norm 5.546815560356e-24 ||r(i)||/||b|| 1.824035626222e-07
247 KSP unpreconditioned resid norm 5.166909532255e-24 true resid norm 5.166909532309e-24 ||r(i)||/||b|| 1.699105903531e-07
248 KSP unpreconditioned resid norm 4.825789459642e-24 true resid norm 4.825789459733e-24 ||r(i)||/||b|| 1.586930699862e-07
249 KSP unpreconditioned resid norm 4.525877456654e-24 true resid norm 4.525877456723e-24 ||r(i)||/||b|| 1.488306512295e-07
250 KSP unpreconditioned resid norm 4.287388951786e-24 true resid norm 4.287388951889e-24 ||r(i)||/||b|| 1.409881058171e-07
251 KSP unpreconditioned resid norm 4.063340154605e-24 true resid norm 4.063340154711e-24 ||r(i)||/||b|| 1.336204011654e-07
252 KSP unpreconditioned resid norm 3.903365765639e-24 true resid norm 3.903365765693e-24 ||r(i)||/||b|| 1.283597433758e-07
253 KSP unpreconditioned resid norm 3.778418732134e-24 true resid norm 3.778418732180e-24 ||r(i)||/||b|| 1.242509382778e-07
254 KSP unpreconditioned resid norm 3.691288203818e-24 true resid norm 3.691288203846e-24 ||r(i)||/||b|| 1.213857053151e-07
255 KSP unpreconditioned resid norm 3.628588859035e-24 true resid norm 3.628588859068e-24 ||r(i)||/||b|| 1.193238765528e-07
256 KSP unpreconditioned resid norm 3.568682371467e-24 true resid norm 3.568682371507e-24 ||r(i)||/||b|| 1.173538891544e-07
257 KSP unpreconditioned resid norm 3.525126856108e-24 true resid norm 3.525126856168e-24 ||r(i)||/||b|| 1.159215932572e-07
258 KSP unpreconditioned resid norm 3.480683845664e-24 true resid norm 3.480683845736e-24 ||r(i)||/||b|| 1.144601126386e-07
259 KSP unpreconditioned resid norm 3.446270179848e-24 true resid norm 3.446270179899e-24 ||r(i)||/||b|| 1.133284407481e-07
260 KSP unpreconditioned resid norm 3.407236514666e-24 true resid norm 3.407236514696e-24 ||r(i)||/||b|| 1.120448430662e-07
261 KSP unpreconditioned resid norm 3.372560259872e-24 true resid norm 3.372560259919e-24 ||r(i)||/||b|| 1.109045361025e-07
262 KSP unpreconditioned resid norm 3.337669648534e-24 true resid norm 3.337669648608e-24 ||r(i)||/||b|| 1.097571801582e-07
263 KSP unpreconditioned resid norm 3.303756791522e-24 true resid norm 3.303756791585e-24 ||r(i)||/||b|| 1.086419770525e-07
264 KSP unpreconditioned resid norm 3.268866169766e-24 true resid norm 3.268866169830e-24 ||r(i)||/||b|| 1.074946207647e-07
265 KSP unpreconditioned resid norm 3.233782217447e-24 true resid norm 3.233782217478e-24 ||r(i)||/||b|| 1.063409069211e-07
266 KSP unpreconditioned resid norm 3.200791693554e-24 true resid norm 3.200791693611e-24 ||r(i)||/||b|| 1.052560341647e-07
267 KSP unpreconditioned resid norm 3.167484305311e-24 true resid norm 3.167484305361e-24 ||r(i)||/||b|| 1.041607415212e-07
268 KSP unpreconditioned resid norm 3.129745322200e-24 true resid norm 3.129745322275e-24 ||r(i)||/||b|| 1.029197186514e-07
269 KSP unpreconditioned resid norm 3.085983726600e-24 true resid norm 3.085983726605e-24 ||r(i)||/||b|| 1.014806459313e-07
270 KSP unpreconditioned resid norm 3.032269095866e-24 true resid norm 3.032269095867e-24 ||r(i)||/||b|| 9.971427387425e-08
271 KSP unpreconditioned resid norm 2.964594442218e-24 true resid norm 2.964594442305e-24 ||r(i)||/||b|| 9.748883519243e-08
272 KSP unpreconditioned resid norm 2.904358905574e-24 true resid norm 2.904358905586e-24 ||r(i)||/||b|| 9.550802721812e-08
273 KSP unpreconditioned resid norm 2.837239817861e-24 true resid norm 2.837239817897e-24 ||r(i)||/||b|| 9.330085797277e-08
274 KSP unpreconditioned resid norm 2.760258994013e-24 true resid norm 2.760258994085e-24 ||r(i)||/||b|| 9.076939169918e-08
275 KSP unpreconditioned resid norm 2.644228651529e-24 true resid norm 2.644228651565e-24 ||r(i)||/||b|| 8.695380641107e-08
276 KSP unpreconditioned resid norm 2.501843724105e-24 true resid norm 2.501843724115e-24 ||r(i)||/||b|| 8.227156707070e-08
277 KSP unpreconditioned resid norm 2.310123924262e-24 true resid norm 2.310123924303e-24 ||r(i)||/||b|| 7.596698128981e-08
278 KSP unpreconditioned resid norm 2.093711039548e-24 true resid norm 2.093711039607e-24 ||r(i)||/||b|| 6.885037884714e-08
279 KSP unpreconditioned resid norm 1.852888713073e-24 true resid norm 1.852888713100e-24 ||r(i)||/||b|| 6.093108716783e-08
280 KSP unpreconditioned resid norm 1.633609352682e-24 true resid norm 1.633609352655e-24 ||r(i)||/||b|| 5.372022246185e-08
281 KSP unpreconditioned resid norm 1.414089503282e-24 true resid norm 1.414089503276e-24 ||r(i)||/||b|| 4.650144942761e-08
282 KSP unpreconditioned resid norm 1.228367796872e-24 true resid norm 1.228367796890e-24 ||r(i)||/||b|| 4.039410719992e-08
283 KSP unpreconditioned resid norm 1.085506218978e-24 true resid norm 1.085506218979e-24 ||r(i)||/||b|| 3.569619350704e-08
284 KSP unpreconditioned resid norm 9.524941092527e-25 true resid norm 9.524941092594e-25 ||r(i)||/||b|| 3.132217341916e-08
  Linear solve converged due to CONVERGED_ATOL iterations 284
Mat Object: 1 MPI process
  type: seqaijcusparse
  rows=281452, cols=281452, bs=4
  total: nonzeros=15993520, allocated nonzeros=15993520
  total number of mallocs used during MatSetValues calls=0
    not using I-node routines
Vec Object: 1 MPI process
  type: seqcuda
  length=281452, bs=4
Vec Object: 1 MPI process
  type: seqcuda
  length=281452, bs=4
KSP Object: 1 MPI process
  type: gmres
    restart=100, using classical (unmodified) Gram-Schmidt orthogonalization with no iterative refinement
    happy breakdown tolerance=1e-30
  maximum iterations=2000, initial guess is zero
  tolerances: relative=1e-10, absolute=1e-24, divergence=10000.
  right preconditioning
  diagonally scaled system
  using UNPRECONDITIONED norm type for convergence test
PC Object: 1 MPI process
  type: asm
    total subdomain blocks = 1, amount of overlap = 2
    restriction/interpolation type - RESTRICT
    Local solver information for first block is in the following KSP and PC objects on rank 0:
    Use -ksp_view ::ascii_info_detail to display information for all blocks
    KSP Object: (sub_) 1 MPI process
      type: preonly
      maximum iterations=10000, initial guess is zero
      tolerances: relative=1e-05, absolute=1e-50, divergence=10000.
      left preconditioning
      not checking for convergence
    PC Object: (sub_) 1 MPI process
      type: ilu
        out-of-place factorization
        2 levels of fill
        tolerance for zero pivot 2.22045e-14
        matrix ordering: natural
        factor fill ratio given 1., needed 4.996
          Factored matrix:
            Mat Object: (sub_) 1 MPI process
              type: seqaijcusparse
              rows=281452, cols=281452, bs=4
              package used to perform factorization: cusparse
              total: nonzeros=79903664, allocated nonzeros=79903664
                using I-node routines: found 70363 nodes, limit used is 5
      linear system matrix, which is also used to construct the preconditioner:
      Mat Object: (sub_) 1 MPI process
        type: seqaijcusparse
        rows=281452, cols=281452, bs=4
        total: nonzeros=15993520, allocated nonzeros=15993520
        total number of mallocs used during MatSetValues calls=0
          not using I-node routines
  linear system matrix, which is also used to construct the preconditioner:
  Mat Object: 1 MPI process
    type: seqaijcusparse
    rows=281452, cols=281452, bs=4
    total: nonzeros=15993520, allocated nonzeros=15993520
    total number of mallocs used during MatSetValues calls=0
      not using I-node routines
SV13Q_END logical=18 attempt=0 step=69 reason=3 iterations=284 healthy=1 ref=384 ratio=0.73958333333333337 pending=0 recovery=NONE
 NS     69-2    2.428e+03 [  -4  6.251e-01  3.016e-14  3.132e-08] [  284 -173   64]
Vec Object: 1 MPI process
  type: seqcuda
  length=281452, bs=4
Mat Object: 1 MPI process
  type: seqaijcusparse
  rows=281452, cols=281452, bs=4
  total: nonzeros=15993520, allocated nonzeros=15993520
  total number of mallocs used during MatSetValues calls=0
    not using I-node routines
Mat Object: 1 MPI process
  type: seqaijcusparse
  rows=281452, cols=281452, bs=4
  total: nonzeros=15993520, allocated nonzeros=15993520
  total number of mallocs used during MatSetValues calls=0
    not using I-node routines
SV13Q_BEGIN logical=19 attempt=0 step=70 equation=0 policy=R3 reuse=0 age=3 ref=384 rebuild_reason=FIXED_INTERVAL builds=4 attempts=19 ksp=0x55e693816a00 pc=0x55e6952d3390
  0 KSP unpreconditioned resid norm 4.696871744125e-17 true resid norm 4.696871744125e-17 ||r(i)||/||b|| 1.000000000000e+00
  1 KSP unpreconditioned resid norm 2.501645756652e-18 true resid norm 2.501645756652e-18 ||r(i)||/||b|| 5.326195589184e-02
  2 KSP unpreconditioned resid norm 8.679594956201e-19 true resid norm 8.679594956201e-19 ||r(i)||/||b|| 1.847952302947e-02
  3 KSP unpreconditioned resid norm 5.383700345416e-19 true resid norm 5.383700345416e-19 ||r(i)||/||b|| 1.146231074363e-02
  4 KSP unpreconditioned resid norm 4.094595656456e-19 true resid norm 4.094595656456e-19 ||r(i)||/||b|| 8.717708039563e-03
  5 KSP unpreconditioned resid norm 2.968897034501e-19 true resid norm 2.968897034501e-19 ||r(i)||/||b|| 6.321009378667e-03
  6 KSP unpreconditioned resid norm 2.212278056987e-19 true resid norm 2.212278056987e-19 ||r(i)||/||b|| 4.710109574003e-03
  7 KSP unpreconditioned resid norm 1.631391817529e-19 true resid norm 1.631391817529e-19 ||r(i)||/||b|| 3.473358240129e-03
  8 KSP unpreconditioned resid norm 1.272489878572e-19 true resid norm 1.272489878572e-19 ||r(i)||/||b|| 2.709228499083e-03
  9 KSP unpreconditioned resid norm 9.616666753312e-20 true resid norm 9.616666753312e-20 ||r(i)||/||b|| 2.047462072036e-03
 10 KSP unpreconditioned resid norm 7.631770587677e-20 true resid norm 7.631770587677e-20 ||r(i)||/||b|| 1.624862462388e-03
 11 KSP unpreconditioned resid norm 5.934018500616e-20 true resid norm 5.934018500616e-20 ||r(i)||/||b|| 1.263398028281e-03
 12 KSP unpreconditioned resid norm 4.591213050634e-20 true resid norm 4.591213050634e-20 ||r(i)||/||b|| 9.775044541884e-04
 13 KSP unpreconditioned resid norm 3.638239543712e-20 true resid norm 3.638239543712e-20 ||r(i)||/||b|| 7.746090891800e-04
 14 KSP unpreconditioned resid norm 2.977630067581e-20 true resid norm 2.977630067581e-20 ||r(i)||/||b|| 6.339602675559e-04
 15 KSP unpreconditioned resid norm 2.461755790235e-20 true resid norm 2.461755790235e-20 ||r(i)||/||b|| 5.241266792763e-04
 16 KSP unpreconditioned resid norm 2.036021870457e-20 true resid norm 2.036021870457e-20 ||r(i)||/||b|| 4.334846641285e-04
 17 KSP unpreconditioned resid norm 1.686830263125e-20 true resid norm 1.686830263125e-20 ||r(i)||/||b|| 3.591390940651e-04
 18 KSP unpreconditioned resid norm 1.455703363986e-20 true resid norm 1.455703363986e-20 ||r(i)||/||b|| 3.099304054462e-04
 19 KSP unpreconditioned resid norm 1.308788712057e-20 true resid norm 1.308788712057e-20 ||r(i)||/||b|| 2.786511498200e-04
 20 KSP unpreconditioned resid norm 1.177471305089e-20 true resid norm 1.177471305089e-20 ||r(i)||/||b|| 2.506926672123e-04
 21 KSP unpreconditioned resid norm 1.073654509963e-20 true resid norm 1.073654509963e-20 ||r(i)||/||b|| 2.285892756824e-04
 22 KSP unpreconditioned resid norm 9.703736483959e-21 true resid norm 9.703736483958e-21 ||r(i)||/||b|| 2.065999885157e-04
 23 KSP unpreconditioned resid norm 8.750485452227e-21 true resid norm 8.750485452227e-21 ||r(i)||/||b|| 1.863045432989e-04
 24 KSP unpreconditioned resid norm 8.076168800933e-21 true resid norm 8.076168800933e-21 ||r(i)||/||b|| 1.719478248695e-04
 25 KSP unpreconditioned resid norm 7.581728511481e-21 true resid norm 7.581728511481e-21 ||r(i)||/||b|| 1.614208120749e-04
 26 KSP unpreconditioned resid norm 7.175260615165e-21 true resid norm 7.175260615165e-21 ||r(i)||/||b|| 1.527667989687e-04
 27 KSP unpreconditioned resid norm 6.794318340747e-21 true resid norm 6.794318340746e-21 ||r(i)||/||b|| 1.446562459204e-04
 28 KSP unpreconditioned resid norm 6.349477290739e-21 true resid norm 6.349477290739e-21 ||r(i)||/||b|| 1.351852389557e-04
 29 KSP unpreconditioned resid norm 5.755944891805e-21 true resid norm 5.755944891805e-21 ||r(i)||/||b|| 1.225484791873e-04
 30 KSP unpreconditioned resid norm 5.054983446385e-21 true resid norm 5.054983446385e-21 ||r(i)||/||b|| 1.076244726654e-04
 31 KSP unpreconditioned resid norm 4.524074343515e-21 true resid norm 4.524074343515e-21 ||r(i)||/||b|| 9.632101087652e-05
 32 KSP unpreconditioned resid norm 4.138693863169e-21 true resid norm 4.138693863169e-21 ||r(i)||/||b|| 8.811596502173e-05
 33 KSP unpreconditioned resid norm 3.853867469543e-21 true resid norm 3.853867469542e-21 ||r(i)||/||b|| 8.205179275680e-05
 34 KSP unpreconditioned resid norm 3.639749232556e-21 true resid norm 3.639749232556e-21 ||r(i)||/||b|| 7.749305135080e-05
 35 KSP unpreconditioned resid norm 3.488407610942e-21 true resid norm 3.488407610941e-21 ||r(i)||/||b|| 7.427087220989e-05
 36 KSP unpreconditioned resid norm 3.363569787868e-21 true resid norm 3.363569787868e-21 ||r(i)||/||b|| 7.161297925743e-05
 37 KSP unpreconditioned resid norm 3.263379300405e-21 true resid norm 3.263379300405e-21 ||r(i)||/||b|| 6.947984697447e-05
 38 KSP unpreconditioned resid norm 3.152857190338e-21 true resid norm 3.152857190339e-21 ||r(i)||/||b|| 6.712674652618e-05
 39 KSP unpreconditioned resid norm 3.047587365636e-21 true resid norm 3.047587365637e-21 ||r(i)||/||b|| 6.488547125965e-05
 40 KSP unpreconditioned resid norm 2.946613447050e-21 true resid norm 2.946613447051e-21 ||r(i)||/||b|| 6.273565912752e-05
 41 KSP unpreconditioned resid norm 2.852915339340e-21 true resid norm 2.852915339342e-21 ||r(i)||/||b|| 6.074075458650e-05
 42 KSP unpreconditioned resid norm 2.776854341287e-21 true resid norm 2.776854341289e-21 ||r(i)||/||b|| 5.912135763047e-05
 43 KSP unpreconditioned resid norm 2.710975948894e-21 true resid norm 2.710975948896e-21 ||r(i)||/||b|| 5.771875615482e-05
 44 KSP unpreconditioned resid norm 2.634104958822e-21 true resid norm 2.634104958825e-21 ||r(i)||/||b|| 5.608211384779e-05
 45 KSP unpreconditioned resid norm 2.542521407693e-21 true resid norm 2.542521407696e-21 ||r(i)||/||b|| 5.413222983736e-05
 46 KSP unpreconditioned resid norm 2.453039519644e-21 true resid norm 2.453039519647e-21 ||r(i)||/||b|| 5.222709184503e-05
 47 KSP unpreconditioned resid norm 2.378385390103e-21 true resid norm 2.378385390107e-21 ||r(i)||/||b|| 5.063764819811e-05
 48 KSP unpreconditioned resid norm 2.317992308858e-21 true resid norm 2.317992308862e-21 ||r(i)||/||b|| 4.935183320177e-05
 49 KSP unpreconditioned resid norm 2.264758700165e-21 true resid norm 2.264758700168e-21 ||r(i)||/||b|| 4.821844886442e-05
 50 KSP unpreconditioned resid norm 2.213969419931e-21 true resid norm 2.213969419935e-21 ||r(i)||/||b|| 4.713710615377e-05
 51 KSP unpreconditioned resid norm 2.167831130589e-21 true resid norm 2.167831130592e-21 ||r(i)||/||b|| 4.615478660458e-05
 52 KSP unpreconditioned resid norm 2.123458206333e-21 true resid norm 2.123458206336e-21 ||r(i)||/||b|| 4.521005303140e-05
 53 KSP unpreconditioned resid norm 2.084809252379e-21 true resid norm 2.084809252382e-21 ||r(i)||/||b|| 4.438718717388e-05
 54 KSP unpreconditioned resid norm 2.049799792027e-21 true resid norm 2.049799792030e-21 ||r(i)||/||b|| 4.364180892514e-05
 55 KSP unpreconditioned resid norm 2.011801150770e-21 true resid norm 2.011801150774e-21 ||r(i)||/||b|| 4.283278872347e-05
 56 KSP unpreconditioned resid norm 1.962055167852e-21 true resid norm 1.962055167856e-21 ||r(i)||/||b|| 4.177365861246e-05
 57 KSP unpreconditioned resid norm 1.902801239840e-21 true resid norm 1.902801239844e-21 ||r(i)||/||b|| 4.051209706172e-05
 58 KSP unpreconditioned resid norm 1.847768409528e-21 true resid norm 1.847768409533e-21 ||r(i)||/||b|| 3.934040591687e-05
 59 KSP unpreconditioned resid norm 1.790314582009e-21 true resid norm 1.790314582014e-21 ||r(i)||/||b|| 3.811716988555e-05
 60 KSP unpreconditioned resid norm 1.740755927596e-21 true resid norm 1.740755927602e-21 ||r(i)||/||b|| 3.706202814202e-05
 61 KSP unpreconditioned resid norm 1.690818358221e-21 true resid norm 1.690818358228e-21 ||r(i)||/||b|| 3.599881900847e-05
 62 KSP unpreconditioned resid norm 1.646176106036e-21 true resid norm 1.646176106042e-21 ||r(i)||/||b|| 3.504835123722e-05
 63 KSP unpreconditioned resid norm 1.595106026498e-21 true resid norm 1.595106026504e-21 ||r(i)||/||b|| 3.396103009412e-05
 64 KSP unpreconditioned resid norm 1.543442872517e-21 true resid norm 1.543442872524e-21 ||r(i)||/||b|| 3.286108194149e-05
 65 KSP unpreconditioned resid norm 1.490634760388e-21 true resid norm 1.490634760394e-21 ||r(i)||/||b|| 3.173675675216e-05
 66 KSP unpreconditioned resid norm 1.435540454414e-21 true resid norm 1.435540454419e-21 ||r(i)||/||b|| 3.056375674330e-05
 67 KSP unpreconditioned resid norm 1.382698612672e-21 true resid norm 1.382698612676e-21 ||r(i)||/||b|| 2.943871342463e-05
 68 KSP unpreconditioned resid norm 1.340432259371e-21 true resid norm 1.340432259374e-21 ||r(i)||/||b|| 2.853883036195e-05
 69 KSP unpreconditioned resid norm 1.301670345627e-21 true resid norm 1.301670345630e-21 ||r(i)||/||b|| 2.771355950390e-05
 70 KSP unpreconditioned resid norm 1.265587880821e-21 true resid norm 1.265587880824e-21 ||r(i)||/||b|| 2.694533616777e-05
 71 KSP unpreconditioned resid norm 1.228922672974e-21 true resid norm 1.228922672977e-21 ||r(i)||/||b|| 2.616470578560e-05
 72 KSP unpreconditioned resid norm 1.192844123949e-21 true resid norm 1.192844123953e-21 ||r(i)||/||b|| 2.539656581948e-05
 73 KSP unpreconditioned resid norm 1.152785389036e-21 true resid norm 1.152785389041e-21 ||r(i)||/||b|| 2.454368464464e-05
 74 KSP unpreconditioned resid norm 1.107712945258e-21 true resid norm 1.107712945264e-21 ||r(i)||/||b|| 2.358405776461e-05
 75 KSP unpreconditioned resid norm 1.053400615147e-21 true resid norm 1.053400615153e-21 ||r(i)||/||b|| 2.242770662134e-05
 76 KSP unpreconditioned resid norm 9.930214507716e-22 true resid norm 9.930214507771e-22 ||r(i)||/||b|| 2.114218792581e-05
 77 KSP unpreconditioned resid norm 9.348620056941e-22 true resid norm 9.348620056982e-22 ||r(i)||/||b|| 1.990392875572e-05
 78 KSP unpreconditioned resid norm 8.817239162927e-22 true resid norm 8.817239162955e-22 ||r(i)||/||b|| 1.877257809729e-05
 79 KSP unpreconditioned resid norm 8.297794592464e-22 true resid norm 8.297794592486e-22 ||r(i)||/||b|| 1.766664078674e-05
 80 KSP unpreconditioned resid norm 7.763579870870e-22 true resid norm 7.763579870901e-22 ||r(i)||/||b|| 1.652925669221e-05
 81 KSP unpreconditioned resid norm 7.204592061903e-22 true resid norm 7.204592061958e-22 ||r(i)||/||b|| 1.533912879561e-05
 82 KSP unpreconditioned resid norm 6.713222480892e-22 true resid norm 6.713222480971e-22 ||r(i)||/||b|| 1.429296528986e-05
 83 KSP unpreconditioned resid norm 6.291520943171e-22 true resid norm 6.291520943268e-22 ||r(i)||/||b|| 1.339513038894e-05
 84 KSP unpreconditioned resid norm 5.960459317175e-22 true resid norm 5.960459317276e-22 ||r(i)||/||b|| 1.269027480840e-05
 85 KSP unpreconditioned resid norm 5.634190302067e-22 true resid norm 5.634190302157e-22 ||r(i)||/||b|| 1.199562306381e-05
 86 KSP unpreconditioned resid norm 5.280159411759e-22 true resid norm 5.280159411827e-22 ||r(i)||/||b|| 1.124186415870e-05
 87 KSP unpreconditioned resid norm 4.865899170056e-22 true resid norm 4.865899170082e-22 ||r(i)||/||b|| 1.035987234731e-05
 88 KSP unpreconditioned resid norm 4.436288655119e-22 true resid norm 4.436288655104e-22 ||r(i)||/||b|| 9.445198627477e-06
 89 KSP unpreconditioned resid norm 3.932989936912e-22 true resid norm 3.932989936841e-22 ||r(i)||/||b|| 8.373637073997e-06
 90 KSP unpreconditioned resid norm 3.432212309164e-22 true resid norm 3.432212309046e-22 ||r(i)||/||b|| 7.307443115387e-06
 91 KSP unpreconditioned resid norm 3.036757690040e-22 true resid norm 3.036757689908e-22 ||r(i)||/||b|| 6.465489916148e-06
 92 KSP unpreconditioned resid norm 2.938332427580e-22 true resid norm 2.938328584206e-22 ||r(i)||/||b|| 6.255926804646e-06
 93 KSP unpreconditioned resid norm 2.740681232162e-22 true resid norm 2.623657129292e-22 ||r(i)||/||b|| 5.585967154785e-06
 94 KSP unpreconditioned resid norm 2.683177701156e-22 true resid norm 2.532046414262e-22 ||r(i)||/||b|| 5.390920919715e-06
 95 KSP unpreconditioned resid norm 2.625619862305e-22 true resid norm 2.408718164875e-22 ||r(i)||/||b|| 5.128345622569e-06
 96 KSP unpreconditioned resid norm 2.613067233280e-22 true resid norm 2.368372804028e-22 ||r(i)||/||b|| 5.042447256498e-06
 97 KSP unpreconditioned resid norm 2.610184211622e-22 true resid norm 2.355299601556e-22 ||r(i)||/||b|| 5.014613406258e-06
 98 KSP unpreconditioned resid norm 2.610121178453e-22 true resid norm 2.356225675976e-22 ||r(i)||/||b|| 5.016585089690e-06
 99 KSP unpreconditioned resid norm 2.608504311637e-22 true resid norm 2.353294979777e-22 ||r(i)||/||b|| 5.010345412818e-06
100 KSP unpreconditioned resid norm 2.353171118697e-22 true resid norm 2.353171118697e-22 ||r(i)||/||b|| 5.010081703083e-06
101 KSP unpreconditioned resid norm 2.238212125715e-22 true resid norm 2.238212125715e-22 ||r(i)||/||b|| 4.765325194402e-06
102 KSP unpreconditioned resid norm 2.125456703508e-22 true resid norm 2.125456703508e-22 ||r(i)||/||b|| 4.525260256821e-06
103 KSP unpreconditioned resid norm 2.017394255707e-22 true resid norm 2.017394255708e-22 ||r(i)||/||b|| 4.295187021513e-06
104 KSP unpreconditioned resid norm 1.900089328817e-22 true resid norm 1.900089328817e-22 ||r(i)||/||b|| 4.045435839702e-06
105 KSP unpreconditioned resid norm 1.820291689606e-22 true resid norm 1.820291689606e-22 ||r(i)||/||b|| 3.875540548629e-06
106 KSP unpreconditioned resid norm 1.750165086279e-22 true resid norm 1.750165086279e-22 ||r(i)||/||b|| 3.726235634320e-06
107 KSP unpreconditioned resid norm 1.685891542213e-22 true resid norm 1.685891542213e-22 ||r(i)||/||b|| 3.589392331869e-06
108 KSP unpreconditioned resid norm 1.615676926800e-22 true resid norm 1.615676926800e-22 ||r(i)||/||b|| 3.439900033082e-06
109 KSP unpreconditioned resid norm 1.550047203524e-22 true resid norm 1.550047203524e-22 ||r(i)||/||b|| 3.300169321129e-06
110 KSP unpreconditioned resid norm 1.500519097803e-22 true resid norm 1.500519097804e-22 ||r(i)||/||b|| 3.194720187283e-06
111 KSP unpreconditioned resid norm 1.460177665115e-22 true resid norm 1.460177665115e-22 ||r(i)||/||b|| 3.108830184562e-06
112 KSP unpreconditioned resid norm 1.423917124196e-22 true resid norm 1.423917124196e-22 ||r(i)||/||b|| 3.031628713254e-06
113 KSP unpreconditioned resid norm 1.389452421681e-22 true resid norm 1.389452421681e-22 ||r(i)||/||b|| 2.958250719576e-06
114 KSP unpreconditioned resid norm 1.354833280877e-22 true resid norm 1.354833280876e-22 ||r(i)||/||b|| 2.884543914939e-06
115 KSP unpreconditioned resid norm 1.319117718896e-22 true resid norm 1.319117718896e-22 ||r(i)||/||b|| 2.808502745570e-06
116 KSP unpreconditioned resid norm 1.273793338651e-22 true resid norm 1.273793338651e-22 ||r(i)||/||b|| 2.712003665512e-06
117 KSP unpreconditioned resid norm 1.232228329412e-22 true resid norm 1.232228329412e-22 ||r(i)||/||b|| 2.623508574517e-06
118 KSP unpreconditioned resid norm 1.180376402030e-22 true resid norm 1.180376402030e-22 ||r(i)||/||b|| 2.513111846212e-06
119 KSP unpreconditioned resid norm 1.138435001521e-22 true resid norm 1.138435001522e-22 ||r(i)||/||b|| 2.423815389351e-06
120 KSP unpreconditioned resid norm 1.087578314839e-22 true resid norm 1.087578314839e-22 ||r(i)||/||b|| 2.315537604788e-06
121 KSP unpreconditioned resid norm 1.043484904052e-22 true resid norm 1.043484904053e-22 ||r(i)||/||b|| 2.221659353074e-06
122 KSP unpreconditioned resid norm 9.990909143978e-23 true resid norm 9.990909143982e-23 ||r(i)||/||b|| 2.127141145908e-06
123 KSP unpreconditioned resid norm 9.578970207253e-23 true resid norm 9.578970207259e-23 ||r(i)||/||b|| 2.039436188404e-06
124 KSP unpreconditioned resid norm 9.321314282114e-23 true resid norm 9.321314282121e-23 ||r(i)||/||b|| 1.984579266781e-06
125 KSP unpreconditioned resid norm 9.122209172059e-23 true resid norm 9.122209172063e-23 ||r(i)||/||b|| 1.942188262533e-06
126 KSP unpreconditioned resid norm 8.938893944884e-23 true resid norm 8.938893944887e-23 ||r(i)||/||b|| 1.903159045394e-06
127 KSP unpreconditioned resid norm 8.732343115279e-23 true resid norm 8.732343115277e-23 ||r(i)||/||b|| 1.859182790375e-06
128 KSP unpreconditioned resid norm 8.516322564432e-23 true resid norm 8.516322564432e-23 ||r(i)||/||b|| 1.813190359112e-06
129 KSP unpreconditioned resid norm 8.281415637734e-23 true resid norm 8.281415637736e-23 ||r(i)||/||b|| 1.763176873649e-06
130 KSP unpreconditioned resid norm 8.048550056919e-23 true resid norm 8.048550056917e-23 ||r(i)||/||b|| 1.713598006372e-06
131 KSP unpreconditioned resid norm 7.845056488881e-23 true resid norm 7.845056488889e-23 ||r(i)||/||b|| 1.670272665781e-06
132 KSP unpreconditioned resid norm 7.666340296782e-23 true resid norm 7.666340296786e-23 ||r(i)||/||b|| 1.632222618464e-06
133 KSP unpreconditioned resid norm 7.530514004491e-23 true resid norm 7.530514004474e-23 ||r(i)||/||b|| 1.603304159602e-06
134 KSP unpreconditioned resid norm 7.417407884835e-23 true resid norm 7.417407884845e-23 ||r(i)||/||b|| 1.579222999675e-06
135 KSP unpreconditioned resid norm 7.324993131436e-23 true resid norm 7.324993131437e-23 ||r(i)||/||b|| 1.559547190233e-06
136 KSP unpreconditioned resid norm 7.249671810484e-23 true resid norm 7.249671810475e-23 ||r(i)||/||b|| 1.543510703596e-06
137 KSP unpreconditioned resid norm 7.181400055748e-23 true resid norm 7.181400055754e-23 ||r(i)||/||b|| 1.528975123653e-06
138 KSP unpreconditioned resid norm 7.115688446423e-23 true resid norm 7.115688446425e-23 ||r(i)||/||b|| 1.514984618289e-06
139 KSP unpreconditioned resid norm 7.034782877601e-23 true resid norm 7.034782877604e-23 ||r(i)||/||b|| 1.497759202474e-06
140 KSP unpreconditioned resid norm 6.948384063613e-23 true resid norm 6.948384063620e-23 ||r(i)||/||b|| 1.479364232654e-06
141 KSP unpreconditioned resid norm 6.870888844847e-23 true resid norm 6.870888844850e-23 ||r(i)||/||b|| 1.462864906508e-06
142 KSP unpreconditioned resid norm 6.804063608080e-23 true resid norm 6.804063608087e-23 ||r(i)||/||b|| 1.448637301327e-06
143 KSP unpreconditioned resid norm 6.741121998857e-23 true resid norm 6.741121998852e-23 ||r(i)||/||b|| 1.435236550218e-06
144 KSP unpreconditioned resid norm 6.660347544264e-23 true resid norm 6.660347544263e-23 ||r(i)||/||b|| 1.418039049628e-06
145 KSP unpreconditioned resid norm 6.571998707012e-23 true resid norm 6.571998707014e-23 ||r(i)||/||b|| 1.399228904905e-06
146 KSP unpreconditioned resid norm 6.439060752997e-23 true resid norm 6.439060752996e-23 ||r(i)||/||b|| 1.370925395408e-06
147 KSP unpreconditioned resid norm 6.279167790855e-23 true resid norm 6.279167790854e-23 ||r(i)||/||b|| 1.336882958047e-06
148 KSP unpreconditioned resid norm 6.115082276256e-23 true resid norm 6.115082276255e-23 ||r(i)||/||b|| 1.301947894128e-06
149 KSP unpreconditioned resid norm 5.952778439356e-23 true resid norm 5.952778439352e-23 ||r(i)||/||b|| 1.267392163049e-06
150 KSP unpreconditioned resid norm 5.784660031201e-23 true resid norm 5.784660031202e-23 ||r(i)||/||b|| 1.231598465178e-06
151 KSP unpreconditioned resid norm 5.619706083097e-23 true resid norm 5.619706083102e-23 ||r(i)||/||b|| 1.196478505110e-06
152 KSP unpreconditioned resid norm 5.424424923105e-23 true resid norm 5.424424923116e-23 ||r(i)||/||b|| 1.154901649146e-06
153 KSP unpreconditioned resid norm 5.222467813176e-23 true resid norm 5.222467813184e-23 ||r(i)||/||b|| 1.111903432261e-06
154 KSP unpreconditioned resid norm 4.993736166653e-23 true resid norm 4.993736166661e-23 ||r(i)||/||b|| 1.063204711286e-06
155 KSP unpreconditioned resid norm 4.774794022767e-23 true resid norm 4.774794022766e-23 ||r(i)||/||b|| 1.016590250466e-06
156 KSP unpreconditioned resid norm 4.561987039252e-23 true resid norm 4.561987039253e-23 ||r(i)||/||b|| 9.712820123222e-07
157 KSP unpreconditioned resid norm 4.337387378168e-23 true resid norm 4.337387378172e-23 ||r(i)||/||b|| 9.234630227231e-07
158 KSP unpreconditioned resid norm 4.141129524499e-23 true resid norm 4.141129524503e-23 ||r(i)||/||b|| 8.816782211870e-07
159 KSP unpreconditioned resid norm 3.940799858705e-23 true resid norm 3.940799858709e-23 ||r(i)||/||b|| 8.390264996352e-07
160 KSP unpreconditioned resid norm 3.756021599495e-23 true resid norm 3.756021599500e-23 ||r(i)||/||b|| 7.996857917609e-07
161 KSP unpreconditioned resid norm 3.539486107800e-23 true resid norm 3.539486107802e-23 ||r(i)||/||b|| 7.535837256423e-07
162 KSP unpreconditioned resid norm 3.300961666311e-23 true resid norm 3.300961666314e-23 ||r(i)||/||b|| 7.028000435488e-07
163 KSP unpreconditioned resid norm 3.022150626089e-23 true resid norm 3.022150626090e-23 ||r(i)||/||b|| 6.434390357518e-07
164 KSP unpreconditioned resid norm 2.744403577459e-23 true resid norm 2.744403577457e-23 ||r(i)||/||b|| 5.843045599211e-07
165 KSP unpreconditioned resid norm 2.480713095113e-23 true resid norm 2.480713095110e-23 ||r(i)||/||b|| 5.281628348088e-07
166 KSP unpreconditioned resid norm 2.247372608271e-23 true resid norm 2.247372608273e-23 ||r(i)||/||b|| 4.784828563999e-07
167 KSP unpreconditioned resid norm 2.031734726148e-23 true resid norm 2.031734726155e-23 ||r(i)||/||b|| 4.325718982419e-07
168 KSP unpreconditioned resid norm 1.879200253259e-23 true resid norm 1.879200253254e-23 ||r(i)||/||b|| 4.000961396496e-07
169 KSP unpreconditioned resid norm 1.767152550929e-23 true resid norm 1.767152550925e-23 ||r(i)||/||b|| 3.762403248791e-07
170 KSP unpreconditioned resid norm 1.685259613086e-23 true resid norm 1.685259613082e-23 ||r(i)||/||b|| 3.588046906306e-07
171 KSP unpreconditioned resid norm 1.610809696624e-23 true resid norm 1.610809696626e-23 ||r(i)||/||b|| 3.429537326927e-07
172 KSP unpreconditioned resid norm 1.546455358958e-23 true resid norm 1.546455358957e-23 ||r(i)||/||b|| 3.292522008700e-07
173 KSP unpreconditioned resid norm 1.484326495716e-23 true resid norm 1.484326495715e-23 ||r(i)||/||b|| 3.160244896130e-07
174 KSP unpreconditioned resid norm 1.421727499649e-23 true resid norm 1.421727499655e-23 ||r(i)||/||b|| 3.026966834753e-07
175 KSP unpreconditioned resid norm 1.361226123141e-23 true resid norm 1.361226123148e-23 ||r(i)||/||b|| 2.898154766202e-07
176 KSP unpreconditioned resid norm 1.302283548599e-23 true resid norm 1.302283548605e-23 ||r(i)||/||b|| 2.772661506531e-07
177 KSP unpreconditioned resid norm 1.239403367029e-23 true resid norm 1.239403367035e-23 ||r(i)||/||b|| 2.638784779647e-07
178 KSP unpreconditioned resid norm 1.187122703298e-23 true resid norm 1.187122703301e-23 ||r(i)||/||b|| 2.527475238782e-07
179 KSP unpreconditioned resid norm 1.140467183747e-23 true resid norm 1.140467183753e-23 ||r(i)||/||b|| 2.428142061105e-07
180 KSP unpreconditioned resid norm 1.098514858997e-23 true resid norm 1.098514859005e-23 ||r(i)||/||b|| 2.338822345702e-07
181 KSP unpreconditioned resid norm 1.063411653188e-23 true resid norm 1.063411653191e-23 ||r(i)||/||b|| 2.264084929552e-07
182 KSP unpreconditioned resid norm 1.036963466915e-23 true resid norm 1.036963466919e-23 ||r(i)||/||b|| 2.207774713490e-07
183 KSP unpreconditioned resid norm 1.017044470909e-23 true resid norm 1.017044470915e-23 ||r(i)||/||b|| 2.165365644031e-07
184 KSP unpreconditioned resid norm 9.993199955651e-24 true resid norm 9.993199955679e-24 ||r(i)||/||b|| 2.127628877280e-07
185 KSP unpreconditioned resid norm 9.858413234525e-24 true resid norm 9.858413234555e-24 ||r(i)||/||b|| 2.098931751093e-07
186 KSP unpreconditioned resid norm 9.737745157754e-24 true resid norm 9.737745157787e-24 ||r(i)||/||b|| 2.073240592521e-07
187 KSP unpreconditioned resid norm 9.612885519932e-24 true resid norm 9.612885519974e-24 ||r(i)||/||b|| 2.046657018472e-07
188 KSP unpreconditioned resid norm 9.497708945762e-24 true resid norm 9.497708945834e-24 ||r(i)||/||b|| 2.022135042907e-07
189 KSP unpreconditioned resid norm 9.382921406563e-24 true resid norm 9.382921406616e-24 ||r(i)||/||b|| 1.997695895859e-07
190 KSP unpreconditioned resid norm 9.261730714487e-24 true resid norm 9.261730714563e-24 ||r(i)||/||b|| 1.971893468487e-07
191 KSP unpreconditioned resid norm 9.121843311848e-24 true resid norm 9.121843311924e-24 ||r(i)||/||b|| 1.942110368105e-07
192 KSP unpreconditioned resid norm 9.090492860057e-24 true resid norm 9.066183949492e-24 ||r(i)||/||b|| 1.930260063165e-07
193 KSP unpreconditioned resid norm 9.060665030369e-24 true resid norm 9.012139555877e-24 ||r(i)||/||b|| 1.918753597466e-07
194 KSP unpreconditioned resid norm 9.060655761647e-24 true resid norm 9.012245049583e-24 ||r(i)||/||b|| 1.918776057885e-07
195 KSP unpreconditioned resid norm 9.059399319849e-24 true resid norm 9.012729244168e-24 ||r(i)||/||b|| 1.918879146624e-07
196 KSP unpreconditioned resid norm 9.058041527445e-24 true resid norm 9.006929214983e-24 ||r(i)||/||b|| 1.917644275948e-07
197 KSP unpreconditioned resid norm 9.055149686843e-24 true resid norm 9.005392380982e-24 ||r(i)||/||b|| 1.917317072208e-07
198 KSP unpreconditioned resid norm 9.054610143395e-24 true resid norm 9.003481638188e-24 ||r(i)||/||b|| 1.916910260420e-07
199 KSP unpreconditioned resid norm 9.043976477766e-24 true resid norm 8.991861122644e-24 ||r(i)||/||b|| 1.914436163579e-07
200 KSP unpreconditioned resid norm 8.991844505964e-24 true resid norm 8.991844505964e-24 ||r(i)||/||b|| 1.914432625760e-07
201 KSP unpreconditioned resid norm 8.866938270045e-24 true resid norm 8.866938270064e-24 ||r(i)||/||b|| 1.887839130620e-07
202 KSP unpreconditioned resid norm 8.768798074748e-24 true resid norm 8.768798074754e-24 ||r(i)||/||b|| 1.866944330707e-07
203 KSP unpreconditioned resid norm 8.684059967159e-24 true resid norm 8.684059967174e-24 ||r(i)||/||b|| 1.848902938011e-07
204 KSP unpreconditioned resid norm 8.593553022259e-24 true resid norm 8.593553022277e-24 ||r(i)||/||b|| 1.829633315627e-07
205 KSP unpreconditioned resid norm 8.502388909075e-24 true resid norm 8.502388909071e-24 ||r(i)||/||b|| 1.810223777072e-07
206 KSP unpreconditioned resid norm 8.402890094143e-24 true resid norm 8.402890094144e-24 ||r(i)||/||b|| 1.789039716627e-07
207 KSP unpreconditioned resid norm 8.319404019737e-24 true resid norm 8.319404019747e-24 ||r(i)||/||b|| 1.771264891394e-07
208 KSP unpreconditioned resid norm 8.215094659318e-24 true resid norm 8.215094659309e-24 ||r(i)||/||b|| 1.749056628933e-07
209 KSP unpreconditioned resid norm 8.098733275601e-24 true resid norm 8.098733275592e-24 ||r(i)||/||b|| 1.724282398327e-07
210 KSP unpreconditioned resid norm 7.959283043020e-24 true resid norm 7.959283043030e-24 ||r(i)||/||b|| 1.694592374805e-07
211 KSP unpreconditioned resid norm 7.794961268592e-24 true resid norm 7.794961268585e-24 ||r(i)||/||b|| 1.659607009354e-07
212 KSP unpreconditioned resid norm 7.637599189325e-24 true resid norm 7.637599189332e-24 ||r(i)||/||b|| 1.626103416361e-07
213 KSP unpreconditioned resid norm 7.470337311493e-24 true resid norm 7.470337311519e-24 ||r(i)||/||b|| 1.590492080365e-07
214 KSP unpreconditioned resid norm 7.299155693703e-24 true resid norm 7.299155693674e-24 ||r(i)||/||b|| 1.554046201667e-07
215 KSP unpreconditioned resid norm 7.126670003502e-24 true resid norm 7.126670003499e-24 ||r(i)||/||b|| 1.517322675973e-07
216 KSP unpreconditioned resid norm 6.915809130903e-24 true resid norm 6.915809130896e-24 ||r(i)||/||b|| 1.472428779761e-07
217 KSP unpreconditioned resid norm 6.677249052377e-24 true resid norm 6.677249052374e-24 ||r(i)||/||b|| 1.421637510270e-07
218 KSP unpreconditioned resid norm 6.460002256692e-24 true resid norm 6.460002256645e-24 ||r(i)||/||b|| 1.375384002070e-07
219 KSP unpreconditioned resid norm 6.234786284973e-24 true resid norm 6.234786284935e-24 ||r(i)||/||b|| 1.327433795214e-07
220 KSP unpreconditioned resid norm 6.031348394520e-24 true resid norm 6.031348394551e-24 ||r(i)||/||b|| 1.284120308819e-07
221 KSP unpreconditioned resid norm 5.833407353663e-24 true resid norm 5.833407353660e-24 ||r(i)||/||b|| 1.241977143821e-07
222 KSP unpreconditioned resid norm 5.613592662810e-24 true resid norm 5.613592662848e-24 ||r(i)||/||b|| 1.195176911073e-07
223 KSP unpreconditioned resid norm 5.386570643694e-24 true resid norm 5.386570643711e-24 ||r(i)||/||b|| 1.146842182874e-07
224 KSP unpreconditioned resid norm 5.148980894158e-24 true resid norm 5.148980894185e-24 ||r(i)||/||b|| 1.096257503864e-07
225 KSP unpreconditioned resid norm 4.900478724038e-24 true resid norm 4.900478724116e-24 ||r(i)||/||b|| 1.043349486868e-07
226 KSP unpreconditioned resid norm 4.594261269263e-24 true resid norm 4.594261269293e-24 ||r(i)||/||b|| 9.781534433082e-08
227 KSP unpreconditioned resid norm 4.314135178814e-24 true resid norm 4.314135178815e-24 ||r(i)||/||b|| 9.185124512313e-08
228 KSP unpreconditioned resid norm 3.973362102953e-24 true resid norm 3.973362102924e-24 ||r(i)||/||b|| 8.459592510471e-08
229 KSP unpreconditioned resid norm 3.643154186937e-24 true resid norm 3.643154186916e-24 ||r(i)||/||b|| 7.756554543932e-08
230 KSP unpreconditioned resid norm 3.298929097565e-24 true resid norm 3.298929097550e-24 ||r(i)||/||b|| 7.023672940775e-08
231 KSP unpreconditioned resid norm 3.039821265020e-24 true resid norm 3.039821265056e-24 ||r(i)||/||b|| 6.472012502489e-08
232 KSP unpreconditioned resid norm 2.843679820266e-24 true resid norm 2.843679820269e-24 ||r(i)||/||b|| 6.054412330560e-08
233 KSP unpreconditioned resid norm 2.687829472796e-24 true resid norm 2.687829472794e-24 ||r(i)||/||b|| 5.722594993479e-08
234 KSP unpreconditioned resid norm 2.564303166478e-24 true resid norm 2.564303166461e-24 ||r(i)||/||b|| 5.459598017913e-08
235 KSP unpreconditioned resid norm 2.446752585557e-24 true resid norm 2.446752585554e-24 ||r(i)||/||b|| 5.209323819868e-08
236 KSP unpreconditioned resid norm 2.338289358281e-24 true resid norm 2.338289358246e-24 ||r(i)||/||b|| 4.978397294264e-08
237 KSP unpreconditioned resid norm 2.225418382015e-24 true resid norm 2.225418381992e-24 ||r(i)||/||b|| 4.738086333262e-08
238 KSP unpreconditioned resid norm 2.105837944136e-24 true resid norm 2.105837944074e-24 ||r(i)||/||b|| 4.483490414035e-08
239 KSP unpreconditioned resid norm 1.997058699344e-24 true resid norm 1.997058699292e-24 ||r(i)||/||b|| 4.251891063003e-08
240 KSP unpreconditioned resid norm 1.898900226757e-24 true resid norm 1.898900226752e-24 ||r(i)||/||b|| 4.042904150250e-08
241 KSP unpreconditioned resid norm 1.808181390694e-24 true resid norm 1.808181390673e-24 ||r(i)||/||b|| 3.849756793838e-08
242 KSP unpreconditioned resid norm 1.726375974452e-24 true resid norm 1.726375974460e-24 ||r(i)||/||b|| 3.675586791611e-08
243 KSP unpreconditioned resid norm 1.655324047767e-24 true resid norm 1.655324047723e-24 ||r(i)||/||b|| 3.524311792831e-08
244 KSP unpreconditioned resid norm 1.593557607174e-24 true resid norm 1.593557607140e-24 ||r(i)||/||b|| 3.392806305886e-08
245 KSP unpreconditioned resid norm 1.528156392516e-24 true resid norm 1.528156392480e-24 ||r(i)||/||b|| 3.253562106293e-08
246 KSP unpreconditioned resid norm 1.458839008439e-24 true resid norm 1.458839008450e-24 ||r(i)||/||b|| 3.105980081901e-08
247 KSP unpreconditioned resid norm 1.404119019342e-24 true resid norm 1.404119019314e-24 ||r(i)||/||b|| 2.989477030260e-08
248 KSP unpreconditioned resid norm 1.360677336956e-24 true resid norm 1.360677336938e-24 ||r(i)||/||b|| 2.896986358293e-08
249 KSP unpreconditioned resid norm 1.322324741864e-24 true resid norm 1.322324741860e-24 ||r(i)||/||b|| 2.815330743306e-08
250 KSP unpreconditioned resid norm 1.289352991286e-24 true resid norm 1.289352991257e-24 ||r(i)||/||b|| 2.745131358696e-08
251 KSP unpreconditioned resid norm 1.266626612042e-24 true resid norm 1.266626612051e-24 ||r(i)||/||b|| 2.696745155188e-08
252 KSP unpreconditioned resid norm 1.246942268143e-24 true resid norm 1.246942268141e-24 ||r(i)||/||b|| 2.654835678025e-08
253 KSP unpreconditioned resid norm 1.226504569565e-24 true resid norm 1.226504569590e-24 ||r(i)||/||b|| 2.611322251080e-08
254 KSP unpreconditioned resid norm 1.203765672285e-24 true resid norm 1.203765672283e-24 ||r(i)||/||b|| 2.562909395575e-08
255 KSP unpreconditioned resid norm 1.177386241986e-24 true resid norm 1.177386242006e-24 ||r(i)||/||b|| 2.506745566298e-08
256 KSP unpreconditioned resid norm 1.149935294864e-24 true resid norm 1.149935294867e-24 ||r(i)||/||b|| 2.448300395483e-08
257 KSP unpreconditioned resid norm 1.122689539199e-24 true resid norm 1.122689539189e-24 ||r(i)||/||b|| 2.390292093016e-08
258 KSP unpreconditioned resid norm 1.095162954579e-24 true resid norm 1.095162954618e-24 ||r(i)||/||b|| 2.331685884307e-08
259 KSP unpreconditioned resid norm 1.068844317083e-24 true resid norm 1.068844317079e-24 ||r(i)||/||b|| 2.275651487430e-08
260 KSP unpreconditioned resid norm 1.043840488885e-24 true resid norm 1.043840488804e-24 ||r(i)||/||b|| 2.222416420269e-08
261 KSP unpreconditioned resid norm 1.021965852497e-24 true resid norm 1.021965852478e-24 ||r(i)||/||b|| 2.175843642646e-08
262 KSP unpreconditioned resid norm 1.003829048428e-24 true resid norm 1.003829048424e-24 ||r(i)||/||b|| 2.137228996470e-08
263 KSP unpreconditioned resid norm 9.865632395500e-25 true resid norm 9.865632395136e-25 ||r(i)||/||b|| 2.100468765722e-08
  Linear solve converged due to CONVERGED_ATOL iterations 263
Mat Object: 1 MPI process
  type: seqaijcusparse
  rows=281452, cols=281452, bs=4
  total: nonzeros=15993520, allocated nonzeros=15993520
  total number of mallocs used during MatSetValues calls=0
    not using I-node routines
Vec Object: 1 MPI process
  type: seqcuda
  length=281452, bs=4
Vec Object: 1 MPI process
  type: seqcuda
  length=281452, bs=4
KSP Object: 1 MPI process
  type: gmres
    restart=100, using classical (unmodified) Gram-Schmidt orthogonalization with no iterative refinement
    happy breakdown tolerance=1e-30
  maximum iterations=2000, initial guess is zero
  tolerances: relative=1e-10, absolute=1e-24, divergence=10000.
  right preconditioning
  diagonally scaled system
  using UNPRECONDITIONED norm type for convergence test
PC Object: 1 MPI process
  type: asm
    total subdomain blocks = 1, amount of overlap = 2
    restriction/interpolation type - RESTRICT
    Local solver information for first block is in the following KSP and PC objects on rank 0:
    Use -ksp_view ::ascii_info_detail to display information for all blocks
    KSP Object: (sub_) 1 MPI process
      type: preonly
      maximum iterations=10000, initial guess is zero
      tolerances: relative=1e-05, absolute=1e-50, divergence=10000.
      left preconditioning
      not checking for convergence
    PC Object: (sub_) 1 MPI process
      type: ilu
        out-of-place factorization
        2 levels of fill
        tolerance for zero pivot 2.22045e-14
        matrix ordering: natural
        factor fill ratio given 1., needed 4.996
          Factored matrix:
            Mat Object: (sub_) 1 MPI process
              type: seqaijcusparse
              rows=281452, cols=281452, bs=4
              package used to perform factorization: cusparse
              total: nonzeros=79903664, allocated nonzeros=79903664
                using I-node routines: found 70363 nodes, limit used is 5
      linear system matrix, which is also used to construct the preconditioner:
      Mat Object: (sub_) 1 MPI process
        type: seqaijcusparse
        rows=281452, cols=281452, bs=4
        total: nonzeros=15993520, allocated nonzeros=15993520
        total number of mallocs used during MatSetValues calls=0
          not using I-node routines
  linear system matrix, which is also used to construct the preconditioner:
  Mat Object: 1 MPI process
    type: seqaijcusparse
    rows=281452, cols=281452, bs=4
    total: nonzeros=15993520, allocated nonzeros=15993520
    total number of mallocs used during MatSetValues calls=0
      not using I-node routines
SV13Q_END logical=19 attempt=0 step=70 reason=3 iterations=263 healthy=1 ref=263 ratio=1 pending=0 recovery=NONE
 NS     70-1    2.441e+03 [   0  1.000e+00  4.659e-14  2.100e-08] [  263 -177   81]
Vec Object: 1 MPI process
  type: seqcuda
  length=281452, bs=4
Mat Object: 1 MPI process
  type: seqaijcusparse
  rows=281452, cols=281452, bs=4
  total: nonzeros=15993520, allocated nonzeros=15993520
  total number of mallocs used during MatSetValues calls=0
    not using I-node routines
Mat Object: 1 MPI process
  type: seqaijcusparse
  rows=281452, cols=281452, bs=4
  total: nonzeros=15993520, allocated nonzeros=15993520
  total number of mallocs used during MatSetValues calls=0
    not using I-node routines
SV13Q_BEGIN logical=20 attempt=0 step=70 equation=0 policy=R3 reuse=1 age=0 ref=263 rebuild_reason=REUSE builds=4 attempts=20 ksp=0x55e693816a00 pc=0x55e6952d3390
  0 KSP unpreconditioned resid norm 2.964552233179e-17 true resid norm 2.964552233179e-17 ||r(i)||/||b|| 1.000000000000e+00
  1 KSP unpreconditioned resid norm 1.846196343062e-18 true resid norm 1.846196343062e-18 ||r(i)||/||b|| 6.227572320703e-02
  2 KSP unpreconditioned resid norm 6.464246960169e-19 true resid norm 6.464246960169e-19 ||r(i)||/||b|| 2.180513767922e-02
  3 KSP unpreconditioned resid norm 3.407761847503e-19 true resid norm 3.407761847503e-19 ||r(i)||/||b|| 1.149503054581e-02
  4 KSP unpreconditioned resid norm 2.300953792530e-19 true resid norm 2.300953792530e-19 ||r(i)||/||b|| 7.761555916535e-03
  5 KSP unpreconditioned resid norm 1.690009765760e-19 true resid norm 1.690009765760e-19 ||r(i)||/||b|| 5.700725211874e-03
  6 KSP unpreconditioned resid norm 1.358486461037e-19 true resid norm 1.358486461037e-19 ||r(i)||/||b|| 4.582433886079e-03
  7 KSP unpreconditioned resid norm 1.101303383876e-19 true resid norm 1.101303383876e-19 ||r(i)||/||b|| 3.714906323966e-03
  8 KSP unpreconditioned resid norm 8.648480897953e-20 true resid norm 8.648480897953e-20 ||r(i)||/||b|| 2.917297526811e-03
  9 KSP unpreconditioned resid norm 6.510314541388e-20 true resid norm 6.510314541388e-20 ||r(i)||/||b|| 2.196053241540e-03
 10 KSP unpreconditioned resid norm 5.320218190650e-20 true resid norm 5.320218190650e-20 ||r(i)||/||b|| 1.794611048207e-03
 11 KSP unpreconditioned resid norm 4.510711948532e-20 true resid norm 4.510711948532e-20 ||r(i)||/||b|| 1.521549156075e-03
 12 KSP unpreconditioned resid norm 3.855089745806e-20 true resid norm 3.855089745806e-20 ||r(i)||/||b|| 1.300395284880e-03
 13 KSP unpreconditioned resid norm 3.212622534771e-20 true resid norm 3.212622534771e-20 ||r(i)||/||b|| 1.083678843238e-03
 14 KSP unpreconditioned resid norm 2.683994854112e-20 true resid norm 2.683994854112e-20 ||r(i)||/||b|| 9.053626460255e-04
 15 KSP unpreconditioned resid norm 2.274501889936e-20 true resid norm 2.274501889936e-20 ||r(i)||/||b|| 7.672328604908e-04
 16 KSP unpreconditioned resid norm 1.922522310137e-20 true resid norm 1.922522310137e-20 ||r(i)||/||b|| 6.485034362425e-04
 17 KSP unpreconditioned resid norm 1.688654553485e-20 true resid norm 1.688654553485e-20 ||r(i)||/||b|| 5.696153822443e-04
 18 KSP unpreconditioned resid norm 1.539322015689e-20 true resid norm 1.539322015689e-20 ||r(i)||/||b|| 5.192426695881e-04
 19 KSP unpreconditioned resid norm 1.450578955710e-20 true resid norm 1.450578955710e-20 ||r(i)||/||b|| 4.893079431946e-04
 20 KSP unpreconditioned resid norm 1.396768289202e-20 true resid norm 1.396768289202e-20 ||r(i)||/||b|| 4.711565792531e-04
 21 KSP unpreconditioned resid norm 1.356656994501e-20 true resid norm 1.356656994501e-20 ||r(i)||/||b|| 4.576262746589e-04
 22 KSP unpreconditioned resid norm 1.310978513679e-20 true resid norm 1.310978513679e-20 ||r(i)||/||b|| 4.422180520238e-04
 23 KSP unpreconditioned resid norm 1.263558857439e-20 true resid norm 1.263558857439e-20 ||r(i)||/||b|| 4.262224977173e-04
 24 KSP unpreconditioned resid norm 1.208629181967e-20 true resid norm 1.208629181967e-20 ||r(i)||/||b|| 4.076936707138e-04
 25 KSP unpreconditioned resid norm 1.146025286419e-20 true resid norm 1.146025286419e-20 ||r(i)||/||b|| 3.865761829367e-04
 26 KSP unpreconditioned resid norm 1.083676639559e-20 true resid norm 1.083676639559e-20 ||r(i)||/||b|| 3.655447954098e-04
 27 KSP unpreconditioned resid norm 1.023878109527e-20 true resid norm 1.023878109527e-20 ||r(i)||/||b|| 3.453736109177e-04
 28 KSP unpreconditioned resid norm 9.627049165273e-21 true resid norm 9.627049165272e-21 ||r(i)||/||b|| 3.247387263927e-04
 29 KSP unpreconditioned resid norm 9.060448138015e-21 true resid norm 9.060448138015e-21 ||r(i)||/||b|| 3.056261932784e-04
 30 KSP unpreconditioned resid norm 8.463928448594e-21 true resid norm 8.463928448594e-21 ||r(i)||/||b|| 2.855044466367e-04
 31 KSP unpreconditioned resid norm 7.825603923952e-21 true resid norm 7.825603923952e-21 ||r(i)||/||b|| 2.639725431844e-04
 32 KSP unpreconditioned resid norm 7.174835236873e-21 true resid norm 7.174835236873e-21 ||r(i)||/||b|| 2.420208744030e-04
 33 KSP unpreconditioned resid norm 6.723984204169e-21 true resid norm 6.723984204169e-21 ||r(i)||/||b|| 2.268128093314e-04
 34 KSP unpreconditioned resid norm 6.357990436898e-21 true resid norm 6.357990436898e-21 ||r(i)||/||b|| 2.144671416391e-04
 35 KSP unpreconditioned resid norm 6.099961988722e-21 true resid norm 6.099961988722e-21 ||r(i)||/||b|| 2.057633500416e-04
 36 KSP unpreconditioned resid norm 5.928143216175e-21 true resid norm 5.928143216175e-21 ||r(i)||/||b|| 1.999675751983e-04
 37 KSP unpreconditioned resid norm 5.797793280073e-21 true resid norm 5.797793280073e-21 ||r(i)||/||b|| 1.955706232862e-04
 38 KSP unpreconditioned resid norm 5.677779684335e-21 true resid norm 5.677779684335e-21 ||r(i)||/||b|| 1.915223358452e-04
 39 KSP unpreconditioned resid norm 5.555640352780e-21 true resid norm 5.555640352780e-21 ||r(i)||/||b|| 1.874023432815e-04
 40 KSP unpreconditioned resid norm 5.433068232297e-21 true resid norm 5.433068232297e-21 ||r(i)||/||b|| 1.832677519219e-04
 41 KSP unpreconditioned resid norm 5.291159464075e-21 true resid norm 5.291159464074e-21 ||r(i)||/||b|| 1.784808985605e-04
 42 KSP unpreconditioned resid norm 5.153192818464e-21 true resid norm 5.153192818464e-21 ||r(i)||/||b|| 1.738270205122e-04
 43 KSP unpreconditioned resid norm 5.024584681498e-21 true resid norm 5.024584681497e-21 ||r(i)||/||b|| 1.694888228064e-04
 44 KSP unpreconditioned resid norm 4.897356616415e-21 true resid norm 4.897356616414e-21 ||r(i)||/||b|| 1.651971775570e-04
 45 KSP unpreconditioned resid norm 4.757304287890e-21 true resid norm 4.757304287889e-21 ||r(i)||/||b|| 1.604729454467e-04
 46 KSP unpreconditioned resid norm 4.601115199849e-21 true resid norm 4.601115199847e-21 ||r(i)||/||b|| 1.552043896664e-04
 47 KSP unpreconditioned resid norm 4.420762774615e-21 true resid norm 4.420762774613e-21 ||r(i)||/||b|| 1.491207584450e-04
 48 KSP unpreconditioned resid norm 4.238730682729e-21 true resid norm 4.238730682727e-21 ||r(i)||/||b|| 1.429804688643e-04
 49 KSP unpreconditioned resid norm 4.082294339179e-21 true resid norm 4.082294339178e-21 ||r(i)||/||b|| 1.377035726843e-04
 50 KSP unpreconditioned resid norm 3.978950637728e-21 true resid norm 3.978950637726e-21 ||r(i)||/||b|| 1.342175925657e-04
 51 KSP unpreconditioned resid norm 3.900821180729e-21 true resid norm 3.900821180727e-21 ||r(i)||/||b|| 1.315821369942e-04
 52 KSP unpreconditioned resid norm 3.837626476800e-21 true resid norm 3.837626476798e-21 ||r(i)||/||b|| 1.294504591232e-04
 53 KSP unpreconditioned resid norm 3.782449228736e-21 true resid norm 3.782449228735e-21 ||r(i)||/||b|| 1.275892253273e-04
 54 KSP unpreconditioned resid norm 3.720284334059e-21 true resid norm 3.720284334057e-21 ||r(i)||/||b|| 1.254922848861e-04
 55 KSP unpreconditioned resid norm 3.663512552732e-21 true resid norm 3.663512552730e-21 ||r(i)||/||b|| 1.235772644425e-04
 56 KSP unpreconditioned resid norm 3.606073343311e-21 true resid norm 3.606073343309e-21 ||r(i)||/||b|| 1.216397303765e-04
 57 KSP unpreconditioned resid norm 3.557525795196e-21 true resid norm 3.557525795193e-21 ||r(i)||/||b|| 1.200021290021e-04
 58 KSP unpreconditioned resid norm 3.519559594316e-21 true resid norm 3.519559594314e-21 ||r(i)||/||b|| 1.187214566478e-04
 59 KSP unpreconditioned resid norm 3.480756701991e-21 true resid norm 3.480756701989e-21 ||r(i)||/||b|| 1.174125610955e-04
 60 KSP unpreconditioned resid norm 3.434877054795e-21 true resid norm 3.434877054792e-21 ||r(i)||/||b|| 1.158649531066e-04
 61 KSP unpreconditioned resid norm 3.374124237230e-21 true resid norm 3.374124237226e-21 ||r(i)||/||b|| 1.138156447191e-04
 62 KSP unpreconditioned resid norm 3.282138034843e-21 true resid norm 3.282138034839e-21 ||r(i)||/||b|| 1.107127747019e-04
 63 KSP unpreconditioned resid norm 3.174851614519e-21 true resid norm 3.174851614514e-21 ||r(i)||/||b|| 1.070937991573e-04
 64 KSP unpreconditioned resid norm 3.031058387781e-21 true resid norm 3.031058387776e-21 ||r(i)||/||b|| 1.022433794167e-04
 65 KSP unpreconditioned resid norm 2.862689593867e-21 true resid norm 2.862689593861e-21 ||r(i)||/||b|| 9.656397893155e-05
 66 KSP unpreconditioned resid norm 2.683945373148e-21 true resid norm 2.683945373143e-21 ||r(i)||/||b|| 9.053459551511e-05
 67 KSP unpreconditioned resid norm 2.517563655296e-21 true resid norm 2.517563655291e-21 ||r(i)||/||b|| 8.492222289472e-05
 68 KSP unpreconditioned resid norm 2.360199240202e-21 true resid norm 2.360199240197e-21 ||r(i)||/||b|| 7.961402109167e-05
 69 KSP unpreconditioned resid norm 2.234290108611e-21 true resid norm 2.234290108605e-21 ||r(i)||/||b|| 7.536686598399e-05
 70 KSP unpreconditioned resid norm 2.121235841988e-21 true resid norm 2.121235841982e-21 ||r(i)||/||b|| 7.155332998493e-05
 71 KSP unpreconditioned resid norm 2.017334204171e-21 true resid norm 2.017334204163e-21 ||r(i)||/||b|| 6.804852960881e-05
 72 KSP unpreconditioned resid norm 1.908552465541e-21 true resid norm 1.908552465532e-21 ||r(i)||/||b|| 6.437911412630e-05
 73 KSP unpreconditioned resid norm 1.806495602742e-21 true resid norm 1.806495602732e-21 ||r(i)||/||b|| 6.093654152940e-05
 74 KSP unpreconditioned resid norm 1.718277958836e-21 true resid norm 1.718277958824e-21 ||r(i)||/||b|| 5.796079217608e-05
 75 KSP unpreconditioned resid norm 1.646306380697e-21 true resid norm 1.646306380685e-21 ||r(i)||/||b|| 5.553305360114e-05
 76 KSP unpreconditioned resid norm 1.577024740111e-21 true resid norm 1.577024740098e-21 ||r(i)||/||b|| 5.319605174935e-05
 77 KSP unpreconditioned resid norm 1.513217721015e-21 true resid norm 1.513217721002e-21 ||r(i)||/||b|| 5.104371932011e-05
 78 KSP unpreconditioned resid norm 1.439950158405e-21 true resid norm 1.439950158391e-21 ||r(i)||/||b|| 4.857226471761e-05
 79 KSP unpreconditioned resid norm 1.371298871052e-21 true resid norm 1.371298871039e-21 ||r(i)||/||b|| 4.625652588245e-05
 80 KSP unpreconditioned resid norm 1.312934457330e-21 true resid norm 1.312934457318e-21 ||r(i)||/||b|| 4.428778291117e-05
 81 KSP unpreconditioned resid norm 1.264751356497e-21 true resid norm 1.264751356487e-21 ||r(i)||/||b|| 4.266247503864e-05
 82 KSP unpreconditioned resid norm 1.226675784423e-21 true resid norm 1.226675784415e-21 ||r(i)||/||b|| 4.137811338542e-05
 83 KSP unpreconditioned resid norm 1.198537777277e-21 true resid norm 1.198537777270e-21 ||r(i)||/||b|| 4.042896474739e-05
 84 KSP unpreconditioned resid norm 1.172590820309e-21 true resid norm 1.172590820302e-21 ||r(i)||/||b|| 3.955372441000e-05
 85 KSP unpreconditioned resid norm 1.149924204093e-21 true resid norm 1.149924204086e-21 ||r(i)||/||b|| 3.878913622153e-05
 86 KSP unpreconditioned resid norm 1.124501430729e-21 true resid norm 1.124501430723e-21 ||r(i)||/||b|| 3.793157759669e-05
 87 KSP unpreconditioned resid norm 1.087879210708e-21 true resid norm 1.087879210702e-21 ||r(i)||/||b|| 3.669624027961e-05
 88 KSP unpreconditioned resid norm 1.038816219632e-21 true resid norm 1.038816219624e-21 ||r(i)||/||b|| 3.504125203119e-05
 89 KSP unpreconditioned resid norm 9.912553903990e-22 true resid norm 9.912553903897e-22 ||r(i)||/||b|| 3.343693456623e-05
 90 KSP unpreconditioned resid norm 9.444105490385e-22 true resid norm 9.444105490268e-22 ||r(i)||/||b|| 3.185676873752e-05
 91 KSP unpreconditioned resid norm 9.061416061730e-22 true resid norm 9.061416061590e-22 ||r(i)||/||b|| 3.056588431864e-05
 92 KSP unpreconditioned resid norm 8.930705212228e-22 true resid norm 8.930668588782e-22 ||r(i)||/||b|| 3.012484816031e-05
 93 KSP unpreconditioned resid norm 8.549034323345e-22 true resid norm 8.448763684799e-22 ||r(i)||/||b|| 2.849929102359e-05
 94 KSP unpreconditioned resid norm 8.432142738291e-22 true resid norm 8.303738312537e-22 ||r(i)||/||b|| 2.801009278772e-05
 95 KSP unpreconditioned resid norm 8.327802425041e-22 true resid norm 8.049992837746e-22 ||r(i)||/||b|| 2.715416091392e-05
 96 KSP unpreconditioned resid norm 8.326647546338e-22 true resid norm 8.038925361625e-22 ||r(i)||/||b|| 2.711682820648e-05
 97 KSP unpreconditioned resid norm 8.326647539108e-22 true resid norm 8.038936432064e-22 ||r(i)||/||b|| 2.711686554918e-05
 98 KSP unpreconditioned resid norm 8.322949269276e-22 true resid norm 8.031788190207e-22 ||r(i)||/||b|| 2.709275316628e-05
 99 KSP unpreconditioned resid norm 8.320700164816e-22 true resid norm 8.029849630777e-22 ||r(i)||/||b|| 2.708621403566e-05
100 KSP unpreconditioned resid norm 8.033798666619e-22 true resid norm 8.033798666619e-22 ||r(i)||/||b|| 2.709953488660e-05
101 KSP unpreconditioned resid norm 7.864579994173e-22 true resid norm 7.864579994173e-22 ||r(i)||/||b|| 2.652872803573e-05
102 KSP unpreconditioned resid norm 7.677105777960e-22 true resid norm 7.677105777960e-22 ||r(i)||/||b|| 2.589634175455e-05
103 KSP unpreconditioned resid norm 7.508745901195e-22 true resid norm 7.508745901196e-22 ||r(i)||/||b|| 2.532843178528e-05
104 KSP unpreconditioned resid norm 7.340436552100e-22 true resid norm 7.340436552100e-22 ||r(i)||/||b|| 2.476069225547e-05
105 KSP unpreconditioned resid norm 7.196313633100e-22 true resid norm 7.196313633100e-22 ||r(i)||/||b|| 2.427453816654e-05
106 KSP unpreconditioned resid norm 7.064820627737e-22 true resid norm 7.064820627737e-22 ||r(i)||/||b|| 2.383098718474e-05
107 KSP unpreconditioned resid norm 6.975859617982e-22 true resid norm 6.975859617982e-22 ||r(i)||/||b|| 2.353090473465e-05
108 KSP unpreconditioned resid norm 6.907148011572e-22 true resid norm 6.907148011571e-22 ||r(i)||/||b|| 2.329912738345e-05
109 KSP unpreconditioned resid norm 6.837423881203e-22 true resid norm 6.837423881202e-22 ||r(i)||/||b|| 2.306393459585e-05
110 KSP unpreconditioned resid norm 6.781069914945e-22 true resid norm 6.781069914945e-22 ||r(i)||/||b|| 2.287384192139e-05
111 KSP unpreconditioned resid norm 6.712651315102e-22 true resid norm 6.712651315102e-22 ||r(i)||/||b|| 2.264305293722e-05
112 KSP unpreconditioned resid norm 6.633973090232e-22 true resid norm 6.633973090232e-22 ||r(i)||/||b|| 2.237765628140e-05
113 KSP unpreconditioned resid norm 6.535281630212e-22 true resid norm 6.535281630212e-22 ||r(i)||/||b|| 2.204475116704e-05
114 KSP unpreconditioned resid norm 6.450657977383e-22 true resid norm 6.450657977383e-22 ||r(i)||/||b|| 2.175929944896e-05
115 KSP unpreconditioned resid norm 6.354697637970e-22 true resid norm 6.354697637970e-22 ||r(i)||/||b|| 2.143560692522e-05
116 KSP unpreconditioned resid norm 6.256990794996e-22 true resid norm 6.256990794996e-22 ||r(i)||/||b|| 2.110602311192e-05
117 KSP unpreconditioned resid norm 6.152421978011e-22 true resid norm 6.152421978011e-22 ||r(i)||/||b|| 2.075329255175e-05
118 KSP unpreconditioned resid norm 6.031055259836e-22 true resid norm 6.031055259837e-22 ||r(i)||/||b|| 2.034389946764e-05
119 KSP unpreconditioned resid norm 5.906452964280e-22 true resid norm 5.906452964280e-22 ||r(i)||/||b|| 1.992359216402e-05
120 KSP unpreconditioned resid norm 5.783301584392e-22 true resid norm 5.783301584392e-22 ||r(i)||/||b|| 1.950817907563e-05
121 KSP unpreconditioned resid norm 5.668902177129e-22 true resid norm 5.668902177129e-22 ||r(i)||/||b|| 1.912228805984e-05
122 KSP unpreconditioned resid norm 5.544777262341e-22 true resid norm 5.544777262341e-22 ||r(i)||/||b|| 1.870359105259e-05
123 KSP unpreconditioned resid norm 5.420291134931e-22 true resid norm 5.420291134932e-22 ||r(i)||/||b|| 1.828367560628e-05
124 KSP unpreconditioned resid norm 5.268357950425e-22 true resid norm 5.268357950425e-22 ||r(i)||/||b|| 1.777117600244e-05
125 KSP unpreconditioned resid norm 5.120990727675e-22 true resid norm 5.120990727675e-22 ||r(i)||/||b|| 1.727407825830e-05
126 KSP unpreconditioned resid norm 4.977744573102e-22 true resid norm 4.977744573102e-22 ||r(i)||/||b|| 1.679088166298e-05
127 KSP unpreconditioned resid norm 4.846888096297e-22 true resid norm 4.846888096297e-22 ||r(i)||/||b|| 1.634947781338e-05
128 KSP unpreconditioned resid norm 4.720000550359e-22 true resid norm 4.720000550360e-22 ||r(i)||/||b|| 1.592146192445e-05
129 KSP unpreconditioned resid norm 4.579900752111e-22 true resid norm 4.579900752111e-22 ||r(i)||/||b|| 1.544887858900e-05
130 KSP unpreconditioned resid norm 4.450749094288e-22 true resid norm 4.450749094288e-22 ||r(i)||/||b|| 1.501322541892e-05
131 KSP unpreconditioned resid norm 4.338376173443e-22 true resid norm 4.338376173443e-22 ||r(i)||/||b|| 1.463417012825e-05
132 KSP unpreconditioned resid norm 4.246709362686e-22 true resid norm 4.246709362686e-22 ||r(i)||/||b|| 1.432496049541e-05
133 KSP unpreconditioned resid norm 4.176450140927e-22 true resid norm 4.176450140926e-22 ||r(i)||/||b|| 1.408796274252e-05
134 KSP unpreconditioned resid norm 4.119798398185e-22 true resid norm 4.119798398185e-22 ||r(i)||/||b|| 1.389686561120e-05
135 KSP unpreconditioned resid norm 4.035622521920e-22 true resid norm 4.035622521920e-22 ||r(i)||/||b|| 1.361292432886e-05
136 KSP unpreconditioned resid norm 3.931271429084e-22 true resid norm 3.931271429084e-22 ||r(i)||/||b|| 1.326092819376e-05
137 KSP unpreconditioned resid norm 3.800996854045e-22 true resid norm 3.800996854045e-22 ||r(i)||/||b|| 1.282148720979e-05
138 KSP unpreconditioned resid norm 3.651817759016e-22 true resid norm 3.651817759016e-22 ||r(i)||/||b|| 1.231827767494e-05
139 KSP unpreconditioned resid norm 3.506138853090e-22 true resid norm 3.506138853090e-22 ||r(i)||/||b|| 1.182687494540e-05
140 KSP unpreconditioned resid norm 3.375943315209e-22 true resid norm 3.375943315209e-22 ||r(i)||/||b|| 1.138770056883e-05
141 KSP unpreconditioned resid norm 3.246718974822e-22 true resid norm 3.246718974822e-22 ||r(i)||/||b|| 1.095180222661e-05
142 KSP unpreconditioned resid norm 3.127400326122e-22 true resid norm 3.127400326122e-22 ||r(i)||/||b|| 1.054931767139e-05
143 KSP unpreconditioned resid norm 3.019183207521e-22 true resid norm 3.019183207520e-22 ||r(i)||/||b|| 1.018428069416e-05
144 KSP unpreconditioned resid norm 2.910113068014e-22 true resid norm 2.910113068014e-22 ||r(i)||/||b|| 9.816366314766e-06
145 KSP unpreconditioned resid norm 2.747495679289e-22 true resid norm 2.747495679289e-22 ||r(i)||/||b|| 9.267826852701e-06
146 KSP unpreconditioned resid norm 2.548304428891e-22 true resid norm 2.548304428891e-22 ||r(i)||/||b|| 8.595916780857e-06
147 KSP unpreconditioned resid norm 2.298727734829e-22 true resid norm 2.298727734829e-22 ||r(i)||/||b|| 7.754046999416e-06
148 KSP unpreconditioned resid norm 2.094458626464e-22 true resid norm 2.094458626464e-22 ||r(i)||/||b|| 7.065008344340e-06
149 KSP unpreconditioned resid norm 1.917034470260e-22 true resid norm 1.917034470260e-22 ||r(i)||/||b|| 6.466522832032e-06
150 KSP unpreconditioned resid norm 1.774409244032e-22 true resid norm 1.774409244032e-22 ||r(i)||/||b|| 5.985420746422e-06
151 KSP unpreconditioned resid norm 1.657541843781e-22 true resid norm 1.657541843782e-22 ||r(i)||/||b|| 5.591204719657e-06
152 KSP unpreconditioned resid norm 1.570127769867e-22 true resid norm 1.570127769867e-22 ||r(i)||/||b|| 5.296340379145e-06
153 KSP unpreconditioned resid norm 1.498192320765e-22 true resid norm 1.498192320766e-22 ||r(i)||/||b|| 5.053688391785e-06
154 KSP unpreconditioned resid norm 1.432283759841e-22 true resid norm 1.432283759841e-22 ||r(i)||/||b|| 4.831366247528e-06
155 KSP unpreconditioned resid norm 1.374022323246e-22 true resid norm 1.374022323246e-22 ||r(i)||/||b|| 4.634839311879e-06
156 KSP unpreconditioned resid norm 1.321403375830e-22 true resid norm 1.321403375830e-22 ||r(i)||/||b|| 4.457345568213e-06
157 KSP unpreconditioned resid norm 1.267278064178e-22 true resid norm 1.267278064178e-22 ||r(i)||/||b|| 4.274770570727e-06
158 KSP unpreconditioned resid norm 1.209480164180e-22 true resid norm 1.209480164180e-22 ||r(i)||/||b|| 4.079807232418e-06
159 KSP unpreconditioned resid norm 1.152513922523e-22 true resid norm 1.152513922523e-22 ||r(i)||/||b|| 3.887649236280e-06
160 KSP unpreconditioned resid norm 1.099607248720e-22 true resid norm 1.099607248719e-22 ||r(i)||/||b|| 3.709184936642e-06
161 KSP unpreconditioned resid norm 1.053207327759e-22 true resid norm 1.053207327759e-22 ||r(i)||/||b|| 3.552669155131e-06
162 KSP unpreconditioned resid norm 1.015050592584e-22 true resid norm 1.015050592584e-22 ||r(i)||/||b|| 3.423959211187e-06
163 KSP unpreconditioned resid norm 9.819329430520e-23 true resid norm 9.819329430517e-23 ||r(i)||/||b|| 3.312247064032e-06
164 KSP unpreconditioned resid norm 9.499595313037e-23 true resid norm 9.499595313041e-23 ||r(i)||/||b|| 3.204394649122e-06
165 KSP unpreconditioned resid norm 9.245331075535e-23 true resid norm 9.245331075537e-23 ||r(i)||/||b|| 3.118626473187e-06
166 KSP unpreconditioned resid norm 9.007164926015e-23 true resid norm 9.007164926017e-23 ||r(i)||/||b|| 3.038288489307e-06
167 KSP unpreconditioned resid norm 8.789120580967e-23 true resid norm 8.789120580963e-23 ||r(i)||/||b|| 2.964737973781e-06
168 KSP unpreconditioned resid norm 8.603507798540e-23 true resid norm 8.603507798540e-23 ||r(i)||/||b|| 2.902127242776e-06
169 KSP unpreconditioned resid norm 8.454326756167e-23 true resid norm 8.454326756171e-23 ||r(i)||/||b|| 2.851805632416e-06
170 KSP unpreconditioned resid norm 8.343201969875e-23 true resid norm 8.343201969877e-23 ||r(i)||/||b|| 2.814321122934e-06
171 KSP unpreconditioned resid norm 8.215749307727e-23 true resid norm 8.215749307727e-23 ||r(i)||/||b|| 2.771328909566e-06
172 KSP unpreconditioned resid norm 8.068418372779e-23 true resid norm 8.068418372779e-23 ||r(i)||/||b|| 2.721631375720e-06
173 KSP unpreconditioned resid norm 7.877795114716e-23 true resid norm 7.877795114716e-23 ||r(i)||/||b|| 2.657330515735e-06
174 KSP unpreconditioned resid norm 7.635613425885e-23 true resid norm 7.635613425891e-23 ||r(i)||/||b|| 2.575638013874e-06
175 KSP unpreconditioned resid norm 7.394122160799e-23 true resid norm 7.394122160798e-23 ||r(i)||/||b|| 2.494178405104e-06
176 KSP unpreconditioned resid norm 7.137507524788e-23 true resid norm 7.137507524791e-23 ||r(i)||/||b|| 2.407617394934e-06
177 KSP unpreconditioned resid norm 6.934756022524e-23 true resid norm 6.934756022526e-23 ||r(i)||/||b|| 2.339225446904e-06
178 KSP unpreconditioned resid norm 6.733248176004e-23 true resid norm 6.733248176004e-23 ||r(i)||/||b|| 2.271253007671e-06
179 KSP unpreconditioned resid norm 6.524545839079e-23 true resid norm 6.524545839086e-23 ||r(i)||/||b|| 2.200853729634e-06
180 KSP unpreconditioned resid norm 6.310445652320e-23 true resid norm 6.310445652328e-23 ||r(i)||/||b|| 2.128633653913e-06
181 KSP unpreconditioned resid norm 6.161359937355e-23 true resid norm 6.161359937368e-23 ||r(i)||/||b|| 2.078344199307e-06
182 KSP unpreconditioned resid norm 6.042623131796e-23 true resid norm 6.042623131802e-23 ||r(i)||/||b|| 2.038292010569e-06
183 KSP unpreconditioned resid norm 5.947519461694e-23 true resid norm 5.947519461702e-23 ||r(i)||/||b|| 2.006211729090e-06
184 KSP unpreconditioned resid norm 5.858618621702e-23 true resid norm 5.858618621712e-23 ||r(i)||/||b|| 1.976223780490e-06
185 KSP unpreconditioned resid norm 5.732616920225e-23 true resid norm 5.732616920231e-23 ||r(i)||/||b|| 1.933721003824e-06
186 KSP unpreconditioned resid norm 5.599535668803e-23 true resid norm 5.599535668812e-23 ||r(i)||/||b|| 1.888830159962e-06
187 KSP unpreconditioned resid norm 5.439241067709e-23 true resid norm 5.439241067718e-23 ||r(i)||/||b|| 1.834759734318e-06
188 KSP unpreconditioned resid norm 5.285275837049e-23 true resid norm 5.285275837065e-23 ||r(i)||/||b|| 1.782824326019e-06
189 KSP unpreconditioned resid norm 5.153849829835e-23 true resid norm 5.153849829845e-23 ||r(i)||/||b|| 1.738491827590e-06
190 KSP unpreconditioned resid norm 5.137579270301e-23 true resid norm 5.115817887003e-23 ||r(i)||/||b|| 1.725662928029e-06
191 KSP unpreconditioned resid norm 5.137339149542e-23 true resid norm 5.114258336653e-23 ||r(i)||/||b|| 1.725136861957e-06
192 KSP unpreconditioned resid norm 5.129799547052e-23 true resid norm 5.106760701470e-23 ||r(i)||/||b|| 1.722607766635e-06
193 KSP unpreconditioned resid norm 5.129797169684e-23 true resid norm 5.106875161419e-23 ||r(i)||/||b|| 1.722646376159e-06
194 KSP unpreconditioned resid norm 5.122198187410e-23 true resid norm 5.108028613406e-23 ||r(i)||/||b|| 1.723035457510e-06
195 KSP unpreconditioned resid norm 5.121494645033e-23 true resid norm 5.109964940917e-23 ||r(i)||/||b|| 1.723688617703e-06
196 KSP unpreconditioned resid norm 5.115445191224e-23 true resid norm 5.127362707034e-23 ||r(i)||/||b|| 1.729557215977e-06
197 KSP unpreconditioned resid norm 5.114908675779e-23 true resid norm 5.128560679109e-23 ||r(i)||/||b|| 1.729961314802e-06
198 KSP unpreconditioned resid norm 5.109368492531e-23 true resid norm 5.153005702787e-23 ||r(i)||/||b|| 1.738207087437e-06
199 KSP unpreconditioned resid norm 5.109251780954e-23 true resid norm 5.152632443970e-23 ||r(i)||/||b|| 1.738081180120e-06
200 KSP unpreconditioned resid norm 5.188687307031e-23 true resid norm 5.188687307031e-23 ||r(i)||/||b|| 1.750243172969e-06
201 KSP unpreconditioned resid norm 5.090769503473e-23 true resid norm 5.090769503474e-23 ||r(i)||/||b|| 1.717213630611e-06
202 KSP unpreconditioned resid norm 4.990492989975e-23 true resid norm 4.990492989976e-23 ||r(i)||/||b|| 1.683388450412e-06
203 KSP unpreconditioned resid norm 4.901743770179e-23 true resid norm 4.901743770183e-23 ||r(i)||/||b|| 1.653451646196e-06
204 KSP unpreconditioned resid norm 4.817258233616e-23 true resid norm 4.817258233614e-23 ||r(i)||/||b|| 1.624953063636e-06
205 KSP unpreconditioned resid norm 4.746362657511e-23 true resid norm 4.746362657513e-23 ||r(i)||/||b|| 1.601038633893e-06
206 KSP unpreconditioned resid norm 4.673480523025e-23 true resid norm 4.673480523027e-23 ||r(i)||/||b|| 1.576454100124e-06
207 KSP unpreconditioned resid norm 4.617795724195e-23 true resid norm 4.617795724197e-23 ||r(i)||/||b|| 1.557670555612e-06
208 KSP unpreconditioned resid norm 4.554583912835e-23 true resid norm 4.554583912840e-23 ||r(i)||/||b|| 1.536348006241e-06
209 KSP unpreconditioned resid norm 4.485848736062e-23 true resid norm 4.485848736066e-23 ||r(i)||/||b|| 1.513162320387e-06
210 KSP unpreconditioned resid norm 4.411011302313e-23 true resid norm 4.411011302315e-23 ||r(i)||/||b|| 1.487918226890e-06
211 KSP unpreconditioned resid norm 4.332056961145e-23 true resid norm 4.332056961153e-23 ||r(i)||/||b|| 1.461285422017e-06
212 KSP unpreconditioned resid norm 4.237447122843e-23 true resid norm 4.237447122850e-23 ||r(i)||/||b|| 1.429371719420e-06
213 KSP unpreconditioned resid norm 4.147215947961e-23 true resid norm 4.147215947964e-23 ||r(i)||/||b|| 1.398935023492e-06
214 KSP unpreconditioned resid norm 4.053218749854e-23 true resid norm 4.053218749856e-23 ||r(i)||/||b|| 1.367227976115e-06
215 KSP unpreconditioned resid norm 3.947836914150e-23 true resid norm 3.947836914151e-23 ||r(i)||/||b|| 1.331680673380e-06
216 KSP unpreconditioned resid norm 3.837338486943e-23 true resid norm 3.837338486955e-23 ||r(i)||/||b|| 1.294407446767e-06
217 KSP unpreconditioned resid norm 3.735647972040e-23 true resid norm 3.735647972041e-23 ||r(i)||/||b|| 1.260105296926e-06
218 KSP unpreconditioned resid norm 3.648416317511e-23 true resid norm 3.648416317515e-23 ||r(i)||/||b|| 1.230680396413e-06
219 KSP unpreconditioned resid norm 3.573669675149e-23 true resid norm 3.573669675157e-23 ||r(i)||/||b|| 1.205466928584e-06
220 KSP unpreconditioned resid norm 3.498871722567e-23 true resid norm 3.498871722571e-23 ||r(i)||/||b|| 1.180236152837e-06
221 KSP unpreconditioned resid norm 3.417968115992e-23 true resid norm 3.417968115994e-23 ||r(i)||/||b|| 1.152945823568e-06
222 KSP unpreconditioned resid norm 3.328352290751e-23 true resid norm 3.328352290755e-23 ||r(i)||/||b|| 1.122716696810e-06
223 KSP unpreconditioned resid norm 3.250091737182e-23 true resid norm 3.250091737181e-23 ||r(i)||/||b|| 1.096317919720e-06
224 KSP unpreconditioned resid norm 3.154380473241e-23 true resid norm 3.154380473246e-23 ||r(i)||/||b|| 1.064032685254e-06
225 KSP unpreconditioned resid norm 3.065970321566e-23 true resid norm 3.065970321571e-23 ||r(i)||/||b|| 1.034210255180e-06
226 KSP unpreconditioned resid norm 2.969315718850e-23 true resid norm 2.969315718861e-23 ||r(i)||/||b|| 1.001606814557e-06
227 KSP unpreconditioned resid norm 2.881685057124e-23 true resid norm 2.881685057123e-23 ||r(i)||/||b|| 9.720473213025e-07
228 KSP unpreconditioned resid norm 2.786308081693e-23 true resid norm 2.786308081701e-23 ||r(i)||/||b|| 9.398748487268e-07
229 KSP unpreconditioned resid norm 2.683131674188e-23 true resid norm 2.683131674194e-23 ||r(i)||/||b|| 9.050714789792e-07
230 KSP unpreconditioned resid norm 2.583076359762e-23 true resid norm 2.583076359763e-23 ||r(i)||/||b|| 8.713209134430e-07
231 KSP unpreconditioned resid norm 2.479703736789e-23 true resid norm 2.479703736786e-23 ||r(i)||/||b|| 8.364513564760e-07
232 KSP unpreconditioned resid norm 2.404291225400e-23 true resid norm 2.404291225398e-23 ||r(i)||/||b|| 8.110132783257e-07
233 KSP unpreconditioned resid norm 2.343372858938e-23 true resid norm 2.343372858945e-23 ||r(i)||/||b|| 7.904643516542e-07
234 KSP unpreconditioned resid norm 2.292409711233e-23 true resid norm 2.292409711239e-23 ||r(i)||/||b|| 7.732735101048e-07
235 KSP unpreconditioned resid norm 2.227291879667e-23 true resid norm 2.227291879671e-23 ||r(i)||/||b|| 7.513080237694e-07
236 KSP unpreconditioned resid norm 2.171844963679e-23 true resid norm 2.171844963682e-23 ||r(i)||/||b|| 7.326047216762e-07
237 KSP unpreconditioned resid norm 2.111693326097e-23 true resid norm 2.111693326101e-23 ||r(i)||/||b|| 7.123144272743e-07
238 KSP unpreconditioned resid norm 2.058216816808e-23 true resid norm 2.058216816812e-23 ||r(i)||/||b|| 6.942757809347e-07
239 KSP unpreconditioned resid norm 1.993935180837e-23 true resid norm 1.993935180843e-23 ||r(i)||/||b|| 6.725923593206e-07
240 KSP unpreconditioned resid norm 1.930139846170e-23 true resid norm 1.930139846173e-23 ||r(i)||/||b|| 6.510729764080e-07
241 KSP unpreconditioned resid norm 1.879144465247e-23 true resid norm 1.879144465245e-23 ||r(i)||/||b|| 6.338712619781e-07
242 KSP unpreconditioned resid norm 1.830890244354e-23 true resid norm 1.830890244357e-23 ||r(i)||/||b|| 6.175941931014e-07
243 KSP unpreconditioned resid norm 1.776791036397e-23 true resid norm 1.776791036397e-23 ||r(i)||/||b|| 5.993454986258e-07
244 KSP unpreconditioned resid norm 1.701438199669e-23 true resid norm 1.701438199669e-23 ||r(i)||/||b|| 5.739275498764e-07
245 KSP unpreconditioned resid norm 1.618796065461e-23 true resid norm 1.618796065467e-23 ||r(i)||/||b|| 5.460507820876e-07
246 KSP unpreconditioned resid norm 1.522988830259e-23 true resid norm 1.522988830262e-23 ||r(i)||/||b|| 5.137331746822e-07
247 KSP unpreconditioned resid norm 1.421857008026e-23 true resid norm 1.421857008029e-23 ||r(i)||/||b|| 4.796194825363e-07
248 KSP unpreconditioned resid norm 1.342226041135e-23 true resid norm 1.342226041136e-23 ||r(i)||/||b|| 4.527584389015e-07
249 KSP unpreconditioned resid norm 1.266945866725e-23 true resid norm 1.266945866732e-23 ||r(i)||/||b|| 4.273650005396e-07
250 KSP unpreconditioned resid norm 1.195274750219e-23 true resid norm 1.195274750220e-23 ||r(i)||/||b|| 4.031889662264e-07
251 KSP unpreconditioned resid norm 1.132396535550e-23 true resid norm 1.132396535551e-23 ||r(i)||/||b|| 3.819789453792e-07
252 KSP unpreconditioned resid norm 1.069778126413e-23 true resid norm 1.069778126417e-23 ||r(i)||/||b|| 3.608565618929e-07
253 KSP unpreconditioned resid norm 1.014654055145e-23 true resid norm 1.014654055143e-23 ||r(i)||/||b|| 3.422621614781e-07
254 KSP unpreconditioned resid norm 9.681873023629e-24 true resid norm 9.681873023651e-24 ||r(i)||/||b|| 3.265880396808e-07
255 KSP unpreconditioned resid norm 9.296409160774e-24 true resid norm 9.296409160808e-24 ||r(i)||/||b|| 3.135856085369e-07
256 KSP unpreconditioned resid norm 8.949390234904e-24 true resid norm 8.949390234936e-24 ||r(i)||/||b|| 3.018799984286e-07
257 KSP unpreconditioned resid norm 8.625844827068e-24 true resid norm 8.625844827138e-24 ||r(i)||/||b|| 2.909661948472e-07
258 KSP unpreconditioned resid norm 8.321156883629e-24 true resid norm 8.321156883622e-24 ||r(i)||/||b|| 2.806884894958e-07
259 KSP unpreconditioned resid norm 8.057886644078e-24 true resid norm 8.057886644085e-24 ||r(i)||/||b|| 2.718078822799e-07
260 KSP unpreconditioned resid norm 7.827131022555e-24 true resid norm 7.827131022538e-24 ||r(i)||/||b|| 2.640240551318e-07
261 KSP unpreconditioned resid norm 7.630766037801e-24 true resid norm 7.630766037847e-24 ||r(i)||/||b|| 2.574002897451e-07
262 KSP unpreconditioned resid norm 7.445697217901e-24 true resid norm 7.445697217899e-24 ||r(i)||/||b|| 2.511575655362e-07
263 KSP unpreconditioned resid norm 7.260848695815e-24 true resid norm 7.260848695851e-24 ||r(i)||/||b|| 2.449222723954e-07
264 KSP unpreconditioned resid norm 7.023205071125e-24 true resid norm 7.023205071152e-24 ||r(i)||/||b|| 2.369060997661e-07
265 KSP unpreconditioned resid norm 6.778830213816e-24 true resid norm 6.778830213879e-24 ||r(i)||/||b|| 2.286628698261e-07
266 KSP unpreconditioned resid norm 6.539738705244e-24 true resid norm 6.539738705302e-24 ||r(i)||/||b|| 2.205978573125e-07
267 KSP unpreconditioned resid norm 6.348259736410e-24 true resid norm 6.348259736409e-24 ||r(i)||/||b|| 2.141389065560e-07
268 KSP unpreconditioned resid norm 6.205189740392e-24 true resid norm 6.205189740454e-24 ||r(i)||/||b|| 2.093128827688e-07
269 KSP unpreconditioned resid norm 6.098432387594e-24 true resid norm 6.098432387599e-24 ||r(i)||/||b|| 2.057117536789e-07
270 KSP unpreconditioned resid norm 6.001265569617e-24 true resid norm 6.001265569650e-24 ||r(i)||/||b|| 2.024341316198e-07
271 KSP unpreconditioned resid norm 5.907177704905e-24 true resid norm 5.907177704908e-24 ||r(i)||/||b|| 1.992603685236e-07
272 KSP unpreconditioned resid norm 5.813832840349e-24 true resid norm 5.813832840370e-24 ||r(i)||/||b|| 1.961116682412e-07
273 KSP unpreconditioned resid norm 5.722646307114e-24 true resid norm 5.722646307125e-24 ||r(i)||/||b|| 1.930357725891e-07
274 KSP unpreconditioned resid norm 5.641568348333e-24 true resid norm 5.641568348415e-24 ||r(i)||/||b|| 1.903008584324e-07
275 KSP unpreconditioned resid norm 5.580337081339e-24 true resid norm 5.580337081393e-24 ||r(i)||/||b|| 1.882354110323e-07
276 KSP unpreconditioned resid norm 5.517806036281e-24 true resid norm 5.517806036320e-24 ||r(i)||/||b|| 1.861261196401e-07
277 KSP unpreconditioned resid norm 5.462862229388e-24 true resid norm 5.462862229399e-24 ||r(i)||/||b|| 1.842727602590e-07
278 KSP unpreconditioned resid norm 5.399405545116e-24 true resid norm 5.399405545144e-24 ||r(i)||/||b|| 1.821322452921e-07
279 KSP unpreconditioned resid norm 5.316805135902e-24 true resid norm 5.316805135919e-24 ||r(i)||/||b|| 1.793459759762e-07
280 KSP unpreconditioned resid norm 5.206243589627e-24 true resid norm 5.206243589630e-24 ||r(i)||/||b|| 1.756165241875e-07
281 KSP unpreconditioned resid norm 5.091454473765e-24 true resid norm 5.091454473796e-24 ||r(i)||/||b|| 1.717444684163e-07
282 KSP unpreconditioned resid norm 4.989557791696e-24 true resid norm 4.989557791722e-24 ||r(i)||/||b|| 1.683072990207e-07
283 KSP unpreconditioned resid norm 4.862973507878e-24 true resid norm 4.862973507904e-24 ||r(i)||/||b|| 1.640373697410e-07
284 KSP unpreconditioned resid norm 4.719955775131e-24 true resid norm 4.719955775132e-24 ||r(i)||/||b|| 1.592131088907e-07
285 KSP unpreconditioned resid norm 4.568231050253e-24 true resid norm 4.568231050264e-24 ||r(i)||/||b|| 1.540951445934e-07
286 KSP unpreconditioned resid norm 4.408663587236e-24 true resid norm 4.408663587255e-24 ||r(i)||/||b|| 1.487126297832e-07
287 KSP unpreconditioned resid norm 4.219896047690e-24 true resid norm 4.219896047714e-24 ||r(i)||/||b|| 1.423451407091e-07
288 KSP unpreconditioned resid norm 4.039102168108e-24 true resid norm 4.039102168109e-24 ||r(i)||/||b|| 1.362466183899e-07
289 KSP unpreconditioned resid norm 3.868399140182e-24 true resid norm 3.868399140203e-24 ||r(i)||/||b|| 1.304884797410e-07
290 KSP unpreconditioned resid norm 3.844894701052e-24 true resid norm 3.819283330230e-24 ||r(i)||/||b|| 1.288317098105e-07
291 KSP unpreconditioned resid norm 3.844850702017e-24 true resid norm 3.819760827324e-24 ||r(i)||/||b|| 1.288478166981e-07
292 KSP unpreconditioned resid norm 3.831310950384e-24 true resid norm 3.805414212303e-24 ||r(i)||/||b|| 1.283638780155e-07
293 KSP unpreconditioned resid norm 3.831155121508e-24 true resid norm 3.803933583701e-24 ||r(i)||/||b|| 1.283139335893e-07
294 KSP unpreconditioned resid norm 3.825517379590e-24 true resid norm 3.806313389174e-24 ||r(i)||/||b|| 1.283942089660e-07
295 KSP unpreconditioned resid norm 3.824927009073e-24 true resid norm 3.806004349214e-24 ||r(i)||/||b|| 1.283837844588e-07
296 KSP unpreconditioned resid norm 3.818706429423e-24 true resid norm 3.820884875386e-24 ||r(i)||/||b|| 1.288857329827e-07
297 KSP unpreconditioned resid norm 3.817503921779e-24 true resid norm 3.821783234257e-24 ||r(i)||/||b|| 1.289160363405e-07
298 KSP unpreconditioned resid norm 3.812481718900e-24 true resid norm 3.844727424632e-24 ||r(i)||/||b|| 1.296899876346e-07
299 KSP unpreconditioned resid norm 3.810984221474e-24 true resid norm 3.855318286330e-24 ||r(i)||/||b|| 1.300472375957e-07
300 KSP unpreconditioned resid norm 3.890167767893e-24 true resid norm 3.890167767893e-24 ||r(i)||/||b|| 1.312227770641e-07
301 KSP unpreconditioned resid norm 3.805694251131e-24 true resid norm 3.805694251090e-24 ||r(i)||/||b|| 1.283733242578e-07
302 KSP unpreconditioned resid norm 3.737196109808e-24 true resid norm 3.737196109821e-24 ||r(i)||/||b|| 1.260627513321e-07
303 KSP unpreconditioned resid norm 3.672800122976e-24 true resid norm 3.672800123000e-24 ||r(i)||/||b|| 1.238905518984e-07
304 KSP unpreconditioned resid norm 3.617636327465e-24 true resid norm 3.617636327469e-24 ||r(i)||/||b|| 1.220297718820e-07
305 KSP unpreconditioned resid norm 3.567715865228e-24 true resid norm 3.567715865213e-24 ||r(i)||/||b|| 1.203458594955e-07
306 KSP unpreconditioned resid norm 3.505473706992e-24 true resid norm 3.505473706936e-24 ||r(i)||/||b|| 1.182463128058e-07
307 KSP unpreconditioned resid norm 3.446005265543e-24 true resid norm 3.446005265554e-24 ||r(i)||/||b|| 1.162403288762e-07
308 KSP unpreconditioned resid norm 3.364956416266e-24 true resid norm 3.364956416269e-24 ||r(i)||/||b|| 1.135063966359e-07
309 KSP unpreconditioned resid norm 3.298032028277e-24 true resid norm 3.298032028289e-24 ||r(i)||/||b|| 1.112489094096e-07
310 KSP unpreconditioned resid norm 3.227728671118e-24 true resid norm 3.227728671111e-24 ||r(i)||/||b|| 1.088774431089e-07
311 KSP unpreconditioned resid norm 3.169829963200e-24 true resid norm 3.169829963180e-24 ||r(i)||/||b|| 1.069244092819e-07
312 KSP unpreconditioned resid norm 3.112424513401e-24 true resid norm 3.112424513359e-24 ||r(i)||/||b|| 1.049880139916e-07
313 KSP unpreconditioned resid norm 3.071091382713e-24 true resid norm 3.071091382721e-24 ||r(i)||/||b|| 1.035937686761e-07
314 KSP unpreconditioned resid norm 3.032429346109e-24 true resid norm 3.032429346109e-24 ||r(i)||/||b|| 1.022896244556e-07
315 KSP unpreconditioned resid norm 2.991692839851e-24 true resid norm 2.991692839857e-24 ||r(i)||/||b|| 1.009155044183e-07
316 KSP unpreconditioned resid norm 2.942159059902e-24 true resid norm 2.942159059881e-24 ||r(i)||/||b|| 9.924463556259e-08
317 KSP unpreconditioned resid norm 2.893066906907e-24 true resid norm 2.893066906910e-24 ||r(i)||/||b|| 9.758866362788e-08
318 KSP unpreconditioned resid norm 2.842455529742e-24 true resid norm 2.842455529786e-24 ||r(i)||/||b|| 9.588144536548e-08
319 KSP unpreconditioned resid norm 2.790339435160e-24 true resid norm 2.790339435170e-24 ||r(i)||/||b|| 9.412347011264e-08
320 KSP unpreconditioned resid norm 2.735435189507e-24 true resid norm 2.735435189512e-24 ||r(i)||/||b|| 9.227144520840e-08
321 KSP unpreconditioned resid norm 2.669826744573e-24 true resid norm 2.669826744594e-24 ||r(i)||/||b|| 9.005834725102e-08
322 KSP unpreconditioned resid norm 2.594255722684e-24 true resid norm 2.594255722721e-24 ||r(i)||/||b|| 8.750919257507e-08
323 KSP unpreconditioned resid norm 2.519621885995e-24 true resid norm 2.519621886002e-24 ||r(i)||/||b|| 8.499165094153e-08
324 KSP unpreconditioned resid norm 2.442471945698e-24 true resid norm 2.442471945724e-24 ||r(i)||/||b|| 8.238923633690e-08
325 KSP unpreconditioned resid norm 2.386093720865e-24 true resid norm 2.386093720866e-24 ||r(i)||/||b|| 8.048749130344e-08
326 KSP unpreconditioned resid norm 2.331477688537e-24 true resid norm 2.331477688516e-24 ||r(i)||/||b|| 7.864518838368e-08
327 KSP unpreconditioned resid norm 2.294793190617e-24 true resid norm 2.294793190598e-24 ||r(i)||/||b|| 7.740775031438e-08
328 KSP unpreconditioned resid norm 2.267331109572e-24 true resid norm 2.267331109579e-24 ||r(i)||/||b|| 7.648140195351e-08
329 KSP unpreconditioned resid norm 2.249322506147e-24 true resid norm 2.249322506190e-24 ||r(i)||/||b|| 7.587393742015e-08
330 KSP unpreconditioned resid norm 2.228158890461e-24 true resid norm 2.228158890470e-24 ||r(i)||/||b|| 7.516004830452e-08
331 KSP unpreconditioned resid norm 2.204581839910e-24 true resid norm 2.204581839951e-24 ||r(i)||/||b|| 7.436474943090e-08
332 KSP unpreconditioned resid norm 2.177788994717e-24 true resid norm 2.177788994698e-24 ||r(i)||/||b|| 7.346097566858e-08
333 KSP unpreconditioned resid norm 2.150384332009e-24 true resid norm 2.150384331973e-24 ||r(i)||/||b|| 7.253656413627e-08
334 KSP unpreconditioned resid norm 2.112599126163e-24 true resid norm 2.112599126131e-24 ||r(i)||/||b|| 7.126199708970e-08
335 KSP unpreconditioned resid norm 2.066326082929e-24 true resid norm 2.066326082949e-24 ||r(i)||/||b|| 6.970111910404e-08
336 KSP unpreconditioned resid norm 2.027833383294e-24 true resid norm 2.027833383296e-24 ||r(i)||/||b|| 6.840268694210e-08
337 KSP unpreconditioned resid norm 1.985277382135e-24 true resid norm 1.985277382148e-24 ||r(i)||/||b|| 6.696719187232e-08
338 KSP unpreconditioned resid norm 1.939388413340e-24 true resid norm 1.939388413366e-24 ||r(i)||/||b|| 6.541926944855e-08
339 KSP unpreconditioned resid norm 1.883028088544e-24 true resid norm 1.883028088528e-24 ||r(i)||/||b|| 6.351812821692e-08
340 KSP unpreconditioned resid norm 1.806212035870e-24 true resid norm 1.806212035920e-24 ||r(i)||/||b|| 6.092697628009e-08
341 KSP unpreconditioned resid norm 1.719462198067e-24 true resid norm 1.719462198044e-24 ||r(i)||/||b|| 5.800073882321e-08
342 KSP unpreconditioned resid norm 1.630145091431e-24 true resid norm 1.630145091440e-24 ||r(i)||/||b|| 5.498790249656e-08
343 KSP unpreconditioned resid norm 1.545328814004e-24 true resid norm 1.545328813973e-24 ||r(i)||/||b|| 5.212688771942e-08
344 KSP unpreconditioned resid norm 1.465351509415e-24 true resid norm 1.465351509376e-24 ||r(i)||/||b|| 4.942910072476e-08
345 KSP unpreconditioned resid norm 1.387414815467e-24 true resid norm 1.387414815513e-24 ||r(i)||/||b|| 4.680014742144e-08
346 KSP unpreconditioned resid norm 1.298701828988e-24 true resid norm 1.298701828995e-24 ||r(i)||/||b|| 4.380768921729e-08
347 KSP unpreconditioned resid norm 1.194116757548e-24 true resid norm 1.194116757540e-24 ||r(i)||/||b|| 4.027983532136e-08
348 KSP unpreconditioned resid norm 1.097718735666e-24 true resid norm 1.097718735648e-24 ||r(i)||/||b|| 3.702814621925e-08
349 KSP unpreconditioned resid norm 1.001997156989e-24 true resid norm 1.001997156964e-24 ||r(i)||/||b|| 3.379927483652e-08
350 KSP unpreconditioned resid norm 9.213700650148e-25 true resid norm 9.213700650205e-25 ||r(i)||/||b|| 3.107956927555e-08
  Linear solve converged due to CONVERGED_ATOL iterations 350
Mat Object: 1 MPI process
  type: seqaijcusparse
  rows=281452, cols=281452, bs=4
  total: nonzeros=15993520, allocated nonzeros=15993520
  total number of mallocs used during MatSetValues calls=0
    not using I-node routines
Vec Object: 1 MPI process
  type: seqcuda
  length=281452, bs=4
Vec Object: 1 MPI process
  type: seqcuda
  length=281452, bs=4
KSP Object: 1 MPI process
  type: gmres
    restart=100, using classical (unmodified) Gram-Schmidt orthogonalization with no iterative refinement
    happy breakdown tolerance=1e-30
  maximum iterations=2000, initial guess is zero
  tolerances: relative=1e-10, absolute=1e-24, divergence=10000.
  right preconditioning
  diagonally scaled system
  using UNPRECONDITIONED norm type for convergence test
PC Object: 1 MPI process
  type: asm
    total subdomain blocks = 1, amount of overlap = 2
    restriction/interpolation type - RESTRICT
    Local solver information for first block is in the following KSP and PC objects on rank 0:
    Use -ksp_view ::ascii_info_detail to display information for all blocks
    KSP Object: (sub_) 1 MPI process
      type: preonly
      maximum iterations=10000, initial guess is zero
      tolerances: relative=1e-05, absolute=1e-50, divergence=10000.
      left preconditioning
      not checking for convergence
    PC Object: (sub_) 1 MPI process
      type: ilu
        out-of-place factorization
        2 levels of fill
        tolerance for zero pivot 2.22045e-14
        matrix ordering: natural
        factor fill ratio given 1., needed 4.996
          Factored matrix:
            Mat Object: (sub_) 1 MPI process
              type: seqaijcusparse
              rows=281452, cols=281452, bs=4
              package used to perform factorization: cusparse
              total: nonzeros=79903664, allocated nonzeros=79903664
                using I-node routines: found 70363 nodes, limit used is 5
      linear system matrix, which is also used to construct the preconditioner:
      Mat Object: (sub_) 1 MPI process
        type: seqaijcusparse
        rows=281452, cols=281452, bs=4
        total: nonzeros=15993520, allocated nonzeros=15993520
        total number of mallocs used during MatSetValues calls=0
          not using I-node routines
  linear system matrix, which is also used to construct the preconditioner:
  Mat Object: 1 MPI process
    type: seqaijcusparse
    rows=281452, cols=281452, bs=4
    total: nonzeros=15993520, allocated nonzeros=15993520
    total number of mallocs used during MatSetValues calls=0
      not using I-node routines
SV13Q_END logical=20 attempt=0 step=70 reason=3 iterations=350 healthy=1 ref=263 ratio=1.3307984790874525 pending=0 recovery=NONE
 NS     70-2s   2.449e+03 [  -3  6.312e-01  2.940e-14  3.108e-08] [  350 -173   66]
#PETSc Option Table entries:
-ksp_atol 1e-24 # (source: environment)
-ksp_converged_reason # (source: environment)
-ksp_diagonal_scale # (source: environment)
-ksp_diagonal_scale_fix # (source: environment)
-ksp_gmres_restart 100 # (source: environment)
-ksp_max_it 2000 # (source: environment)
-ksp_monitor_true_residual # (source: environment)
-ksp_norm_type unpreconditioned # (source: environment)
-ksp_pc_side right # (source: environment)
-ksp_rtol 1e-10 # (source: environment)
-ksp_type gmres # (source: environment)
-ksp_view # (source: environment)
-ksp_view_mat ::ascii_info # (source: environment)
-ksp_view_rhs ::ascii_info # (source: environment)
-ksp_view_solution ::ascii_info # (source: environment)
-log_view :petsc_profile.txt # (source: environment)
-log_view_gpu_time # (source: environment)
-mat_type aijcusparse # (source: environment)
-mat_view ::ascii_info # (source: environment)
-options_left # (source: environment)
-options_view # (source: environment)
-pc_asm_overlap 2 # (source: environment)
-pc_type asm # (source: environment)
-skip_petscrc # (source: environment)
-sub_ksp_type preonly # (source: environment)
-sub_pc_factor_levels 2 # (source: environment)
-sub_pc_type ilu # (source: environment)
-sv_pc_rebuild_interval 3 # (source: environment)
-use_gpu_aware_mpi 0 # (source: environment)
-vec_type cuda # (source: environment)
-vec_view ::ascii_info # (source: environment)
#End of PETSc Option Table entries
WARNING! There are options you set that were not used!
WARNING! could be spelling mistake, etc!
There is one unused database option. It is:
Option left: name:-skip_petscrc (no value) source: environment
