particle_id,time_s,step,x_m,y_m,z_m,vx_m_s,vy_m_s,vz_m_s,fluid_ux_m_s,fluid_uy_m_s,fluid_uz_m_s,speed_m_s,fluid_speed_m_s,diameter_um,center_wall_distance_um,surface_wall_gap_um,query_status,owner_rank
1,0,0,0.00014335840564614811,0.00012636571998308154,0.00012452681226262171,8.6569816867279592e-05,3.0081208640243214e-05,6.63599898462202e-05,8.6569816867279592e-05,3.0081208640243214e-05,6.63599898462202e-05,0.00011314972628372822,0.00011314972628372822,1.9429000435380954,1.9765709992536717,1.0051209774846241,0,0
1,0.00023166997682314683,8,0.00014337840079842087,0.00012637268190006788,0.00012454215750926857,8.6051452897281723e-05,3.0021810371685669e-05,6.6117382716586074e-05,8.6051452897281723e-05,3.0021810371685669e-05,6.6117382716586074e-05,0.00011259515949195179,0.00011259515949195179,1.9429000435380954,1.9804142750389995,1.0089642532699516,0,0
1,0.00046333995364629366,16,0.00014339827839975048,0.00012637963073947178,0.00012455744813363851,8.5554924279394545e-05,2.996829688324793e-05,6.5888391221234638e-05,8.5554924279394545e-05,2.996829688324793e-05,6.5888391221234638e-05,0.00011206705128742298,0.00011206705128742298,1.9429000435380954,1.9844288954209279,1.0129788736518801,0,0
1,0.00069500993046944055,24,0.00014341804345580905,0.00012638656785571176,0.00012457268725909164,8.5079777973061274e-05,2.9920592170871351e-05,6.5672750313369287e-05,8.5079777973061274e-05,2.9920592170871351e-05,6.5672750313369287e-05,0.00011156487166453049,0.00011156487166453049,1.9429000435380954,1.9886600547214732,1.0172100329524256,0,0
1,0.00092667990729258733,32,0.00014343770086989823,0.00012639349458620614,0.00012458787794916333,8.4625583103445734e-05,2.9878625449559556e-05,6.5470208482358244e-05,8.4625583103445734e-05,2.9878625449559556e-05,6.5470208482358244e-05,0.00011108811715515175,0.00011108811715515175,1.9429000435380954,1.9931033354042311,1.0216533136351835,0,0
1,0.0011583498841157341,40,0.00014345725544798125,0.00012640041225256429,0.00012460302321063864,8.4191930079782946e-05,2.9842331000144252e-05,6.5280527228920364e-05,8.4191930079782946e-05,2.9842331000144252e-05,6.5280527228920364e-05,0.00011063630979640926,0.00011063630979640926,1.9429000435380954,1.9977047868649338,1.0262547650958862,0,0
1,0.0013900198609388811,48,0.00014347670627529508,0.0001264073211305238,0.0001246181230954649,8.3726668748005463e-05,2.980208448595174e-05,6.5076682818804616e-05,8.3726668748005463e-05,2.980208448595174e-05,6.5076682818804616e-05,0.00011015123215854347,0.00011015123215854347,1.9429000435380954,2.0023078445066198,1.030857822737572,0,0
1,0.0016216898377620279,56,0.00014349604930633198,0.00012641422056288443,0.00012463317526794512,8.3246175961820319e-05,2.9754621169865145e-05,6.4853051599238117e-05,8.3246175961820319e-05,2.9754621169865145e-05,6.4853051599238117e-05,0.00010964114918661688,0.00010964114918661688,1.9429000435380954,2.0069007750648922,1.0354507532958446,0,0
1,0.0018533598145851747,64,0.00014351527625178567,0.00012642110698240228,0.00012464817041358525,8.2742687199478923e-05,2.9696444891349172e-05,6.4601643548416638e-05,8.2742687199478923e-05,2.9696444891349172e-05,6.4601643548416638e-05,0.00010909447040676458,0.00010909447040676458,1.9429000435380954,2.0114795349456016,1.0400295131765538,0,0
1,0.0020850297914083217,72,0.00014353438875027203,0.00012642798048025431,0.0001246631087160715,8.2258091616736886e-05,2.9643058637220416e-05,6.4362286378187486e-05,8.2258091616736886e-05,2.9643058637220416e-05,6.4362286378187486e-05,0.00010857075328846616,0.00010857075328846616,1.9429000435380954,2.0160438538322181,1.0445938320631702,0,0
1,0.0023166997682314682,80,0.00014355339113366421,0.00012643484215937013,0.00012467799294037165,8.1792002780156197e-05,2.9594404556335685e-05,6.4134750072853932e-05,8.1792002780156197e-05,2.9594404556335685e-05,6.4134750072853932e-05,0.00010806954551001211,0.00010806954551001211,1.9429000435380954,2.0200842298938273,1.0486342081247795,0,0
1,0.0025483697450546152,88,0.00014357228764632415,0.00012644169310970787,0.00012469282579941811,8.1344051525611088e-05,2.9550428499719228e-05,6.3918815359321801e-05,8.1344051525611088e-05,2.9550428499719228e-05,6.3918815359321801e-05,0.00010759041546558579,0.00010759041546558579,1.9429000435380954,2.0233146561048452,1.0518646343357976,0,0
1,0.0027800397218777622,96,0.00014359108244902619,0.0001264485344091002,0.00012470760995655033,8.0913885300317324e-05,2.95110799213652e-05,6.3714273310422722e-05,8.0913885300317324e-05,2.95110799213652e-05,6.3714273310422722e-05,0.00010713295149482888,0.00010713295149482888,1.9429000435380954,2.0267746755286233,1.0553246537595757,0,0
1,0.0030117096987009088,104,0.00014360977962273296,0.00012645536712407822,0.00012472234802786788,8.0501167540359414e-05,2.9476311785464139e-05,6.3520924970016652e-05,8.0501167540359414e-05,2.9476311785464139e-05,6.3520924970016652e-05,0.00010669676115459829,0.00010669676115459829,1.9429000435380954,2.0304600996097482,1.0590100778407006,0,0
1,0.0032433796755240558,112,0.00014362838317223038,0.00012646219231067437,0.00012473704258449887,8.0105577081787839e-05,2.9446080479775997e-05,6.3338580998713166e-05,8.0105577081787839e-05,2.9446080479775997e-05,6.3338580998713166e-05,0.00010628147053065388,0.00010628147053065388,1.9429000435380954,2.0343668994943669,1.0629168777253191,0,0
1,0.0034750496523472023,120,0.00014364689574447874,0.00012646901049165478,0.0001247516951510865,7.9704205962549568e-05,2.9411142152903259e-05,6.3149401013964739e-05,7.9704205962549568e-05,2.9411142152903259e-05,6.3149401013964739e-05,0.00010585661329969582,0.00010585661329969582,1.9429000435380954,2.0384909520461529,1.0670409302771053,0,0
1,0.0037067196291703493,128,0.0001436653124396772,0.000126475819298433,0.00012476630155192308,7.9278093048559752e-05,2.9367410679264435e-05,6.2942909902971757e-05,7.9278093048559752e-05,2.9367410679264435e-05,6.2942909902971757e-05,0.00010540052539942243,0.00010540052539942243,1.9429000435380954,2.0428266950610121,1.0713766732919647,0,0
1,0.0039383896059934963,136,0.0001436836276326946,0.00012648261747204759,0.00012478085876436063,7.8839226825577833e-05,2.9321764487177138e-05,6.2730768052555235e-05,7.8839226825577833e-05,2.9321764487177138e-05,6.2730768052555235e-05,0.00010493111463984302,0.00010493111463984302,1.9429000435380954,2.0473684697286476,1.0759184479596,0,0
1,0.0041700595828166433,144,0.00014370184307051104,0.00012648940558161826,0.00012479536799037027,7.8416855495416996e-05,2.9280519494447565e-05,6.2528614709039403e-05,7.8416855495416996e-05,2.9280519494447565e-05,6.2528614709039403e-05,0.00010448148020144686,0.00010448148020144686,1.9429000435380954,2.0521117203719257,1.0806616986028781,0,0
1,0.0044017295596397894,152,0.00014371996253824228,0.0001264961846410396,0.00012480983152396671,7.8010668387145916e-05,2.9243626753792777e-05,6.2336278376874091e-05,7.8010668387145916e-05,2.9243626753792777e-05,6.2336278376874091e-05,0.00010405126471986553,0.00010405126471986553,1.9429000435380954,2.0569684263834915,1.0855184046144439,0,0
1,0.0046333995364629364,160,0.00014373798975059532,0.00012650295565322419,0.0001248242516203485,7.7620368252402305e-05,2.9211040391387719e-05,6.2153595405554327e-05,7.7620368252402305e-05,2.9211040391387719e-05,6.2153595405554327e-05,0.00010364012673778035,0.00010364012673778035,1.9429000435380954,2.0618064781798537,1.0903564564108061,0,0
1,0.0048650695132860834,168,0.00014375592351704048,0.00012650971768718859,0.00012483862574742564,7.7195414306641859e-05,2.9162727210808701e-05,6.1931128882710372e-05,7.7195414306641859e-05,2.9162727210808701e-05,6.1931128882710372e-05,0.00010317490670232279,0.00010317490670232279,1.9429000435380954,2.0666231671592761,1.0951731453902285,0,0
1,0.0050967394901092304,176,0.00014377375848420958,0.00012651646816483079,0.00012485294738727939,7.6775925539976307e-05,2.9114659104327058e-05,6.1708858708110857e-05,7.6775925539976307e-05,2.9114659104327058e-05,6.1708858708110857e-05,0.00010271411470844087,0.00010271411470844087,1.9429000435380954,2.0710008163555336,1.0995507945864862,0,0
1,0.0053284094669323774,184,0.00014379149804549907,0.00012652320799619725,0.00012486721869485549,7.6371728526247648e-05,2.9070810242522386e-05,6.1496581988552601e-05,7.6371728526247648e-05,2.9070810242522386e-05,6.1496581988552601e-05,0.00010227210041119906,0.00010227210041119906,1.9429000435380954,2.0749576262677132,1.1035076044986654,0,0
1,0.0055600794437555244,192,0.00014380914571012163,0.00012652993815343648,0.00012488144196527254,7.5982536795912359e-05,2.9031135156729752e-05,6.1294126839226093e-05,7.5982536795912359e-05,2.9031135156729752e-05,6.1294126839226093e-05,0.00010184852817499928,0.00010184852817499928,1.9429000435380954,2.0789020843165442,1.1074520625474966,0,0
1,0.0057917494205786705,200,0.0001438267049223434,0.0001265366595984953,0.0001248956194547281,7.5608076063323783e-05,2.899559123285718e-05,6.110132909577366e-05,7.5608076063323783e-05,2.899559123285718e-05,6.110132909577366e-05,0.00010144307711327735,0.00010144307711327735,1.9429000435380954,2.0828347163562753,1.1113846945872274,0,0
1,0.0060234193974018175,208,0.00014384417906425665,0.0001265433732837721,0.00012490975338225698,7.5248083797246874e-05,2.8964138641965322e-05,6.0918032055181536e-05,7.5248083797246874e-05,2.8964138641965322e-05,6.0918032055181536e-05,0.00010105544058537671,0.00010105544058537671,1.9429000435380954,2.0868012732273913,1.1153512514583437,0,0
1,0.0062550893742249645,216,0.00014386157128145846,0.00012655008010633347,0.00012492384582995996,7.48939381080555e-05,2.8934543206039948e-05,6.073928349199577e-05,7.48939381080555e-05,2.8934543206039948e-05,6.073928349199577e-05,0.00010067556960353623,0.00010067556960353623,1.9429000435380954,2.0909477948981579,1.1194977731291103,0,0
1,0.0064867593510481115,224,0.00014387887831710381,0.00012655677927775978,0.00012493789517738563,7.4519476449028338e-05,2.889982766548607e-05,6.0549735626989274e-05,7.4519476449028338e-05,2.889982766548607e-05,6.0549735626989274e-05,0.00010027274252672247,0.00010027274252672247,1.9429000435380954,2.0952816423522149,1.1238316205831671,0,0
1,0.0067184293278712585,232,0.00014389610016883676,0.00012656347083465479,0.00012495190158512802,7.4158508134914127e-05,2.8868801533414282e-05,6.036856397234713e-05,7.4158508134914127e-05,2.8868801533414282e-05,6.036856397234713e-05,9.988621299686537e-05,9.988621299686537e-05,1.9429000435380954,2.0997989701005308,1.1283489483314832,0,0
1,0.0069500993046944046,240,0.00014391323993586031,0.00012657015562798647,0.00012496586697856294,7.3810803430766875e-05,2.884143274571446e-05,6.0195638794470698e-05,7.3810803430766875e-05,2.884143274571446e-05,6.0195638794470698e-05,9.9515716727536382e-05,9.9515716727536382e-05,1.9429000435380954,2.1044963702213968,1.133046348452349,0,0
1,0.0071817692815175516,248,0.0001439303006652518,0.00012657683450154598,0.00012497979325366826,7.3476142018396784e-05,2.8817691402284091e-05,6.0030836005024057e-05,7.3476142018396784e-05,2.8817691402284091e-05,6.0030836005024057e-05,9.9161000676309155e-05,9.9161000676309155e-05,1.9429000435380954,2.1093705570230248,1.1379205352539772,0,0
1,0.0074134392583406986,256,0.00014394728535410871,0.00012658350829244404,0.00012499368227831165,7.3154312691678863e-05,2.8797549723376455e-05,5.9874036989324557e-05,7.3154312691678863e-05,2.8797549723376455e-05,5.9874036989324557e-05,9.8821822695502199e-05,9.8821822695502199e-05,1.9429000435380954,2.1144183645766481,1.1429683428076003,0,0
1,0.0076451092351638456,264,0.00014396419695162602,0.00012659017783159726,0.00012500753589349964,7.2845113066592897e-05,2.8780982008758102e-05,5.9725128443315271e-05,7.2845113066592897e-05,2.8780982008758102e-05,5.9725128443315271e-05,9.8497951200233951e-05,9.8497951200233951e-05,1.9429000435380954,2.1196367443004029,1.1481867225313553,0,0
1,0.0078767792119869926,272,0.00014398103836110756,0.00012659684394420541,0.00012502135591458966,7.2548349305305923e-05,2.8767964599584226e-05,5.9584002218731835e-05,7.2548349305305923e-05,2.8767964599584226e-05,5.9584002218731835e-05,9.8189164852999203e-05,9.8189164852999203e-05,1.9429000435380954,2.1248480329657622,1.1533980111967144,0,0
1,0.0081084491888101396,280,0.00014399781015954536,0.00012660350651115694,0.00012503514181078502,7.2232207804490828e-05,2.8745463159432289e-05,5.9418411869605701e-05,7.2232207804490828e-05,2.8745463159432289e-05,5.9418411869605701e-05,9.7848562409815322e-05,9.7848562409815322e-05,1.9429000435380954,2.129016771548037,1.1575667497789892,0,0
1,0.0083401191656332866,288,0.00014401450652655522,0.00012661016279480949,0.00012504888660953118,7.1909062793392114e-05,2.8718631934075972e-05,5.9241385315331498e-05,7.1909062793392114e-05,2.8718631934075972e-05,5.9241385315331498e-05,9.7494691476349173e-05,9.7494691476349173e-05,1.9429000435380954,2.1331657082341513,1.1617156864651035,0,0
1,0.0085717891424564336,296,0.00014403112942148143,0.00012661681327236698,0.00012506259132750693,7.1597892738308177e-05,2.8695334771726164e-05,5.9072375725437429e-05,7.1597892738308177e-05,2.8695334771726164e-05,5.9072375725437429e-05,9.7155679484397459e-05,9.7155679484397459e-05,1.9429000435380954,2.1372951055886205,1.1658450838195726,0,0
1,0.0088034591192795789,304,0.00014404768159650128,0.00012662345875955511,0.0001250762578085176,7.1298508545099038e-05,2.8675546018383403e-05,5.8911267568080071e-05,7.1298508545099038e-05,2.8675546018383403e-05,5.8911267568080071e-05,9.6831305406288456e-05,9.6831305406288456e-05,1.9429000435380954,2.1414055343145013,1.1699555125454535,0,0
1,0.0090351290961027259,312,0.0001440641651588016,0.00012663009988349026,0.00012508988750201092,7.0996726285080806e-05,2.8654985050984971e-05,5.8749376753253509e-05,7.0996726285080806e-05,2.8654985050984971e-05,5.8749376753253509e-05,9.6504572846920476e-05,9.6504572846920476e-05,1.9429000435380954,2.1454974569855274,1.1740474352164796,0,0
1,0.0092667990729258728,320,0.00014408057635891563,0.00012663673548934213,0.00012510347824333762,7.0682558185630555e-05,2.8630551848239562e-05,5.8580281458222964e-05,7.0682558185630555e-05,2.8630551848239562e-05,5.8580281458222964e-05,9.6163308525260319e-05,9.6163308525260319e-05,1.9429000435380954,2.1495703776906687,1.1781203559216209,0,0
1,0.0094984690497490198,328,0.00014409691606486003,0.00012664336581213491,0.00012511703062766051,7.0379490104121307e-05,2.8609372650333873e-05,5.8418224826908537e-05,7.0379490104121307e-05,2.8609372650333873e-05,5.8418224826908537e-05,9.5835577019648676e-05,9.5835577019648676e-05,1.9429000435380954,2.1535980018958081,1.1821479801267603,0,0
1,0.0097301390265721668,336,0.00014411318682853904,0.00012664999160313286,0.00012513054627415012,7.0087353667134229e-05,2.8591425370567872e-05,5.8263108489911419e-05,7.0087353667134229e-05,2.8591425370567872e-05,5.8263108489911419e-05,9.552118382688676e-05,9.552118382688676e-05,1.9429000435380954,2.1575648407224239,1.1861148189533763,0,0
1,0.0099618090033953138,344,0.00014412939116362523,0.00012665661360867345,0.00012514402677966509,6.9805987161518937e-05,2.857668955757996e-05,5.8114838179444579e-05,6.9805987161518937e-05,2.857668955757996e-05,5.8114838179444579e-05,9.521994248206346e-05,9.521994248206346e-05,1.9429000435380954,2.1615140766989804,1.1900640549299326,0,0
1,0.010193478980218461,352,0.00014414553154707988,0.0001266632325705431,0.00012515747371968935,6.9535235340200335e-05,2.8565146368888555e-05,5.7973323616605182e-05,6.9535235340200335e-05,2.8565146368888555e-05,5.7973323616605182e-05,9.4931674335011634e-05,9.4931674335011634e-05,1.9429000435380954,2.1654461471297295,1.1939961253606817,0,0
1,0.010425148957041608,360,0.00014416160876421489,0.00012666984848641068,0.00012517088729092465,6.9252861645767764e-05,2.8546912147025064e-05,5.7820359089460266e-05,6.9252861645767764e-05,2.8546912147025064e-05,5.7820359089460266e-05,9.4625995183627789e-05,9.4625995183627789e-05,1.9429000435380954,2.1693611338563166,1.197911112087269,0,0
1,0.010656818933864755,368,0.00014417761950659216,0.00012667645953727923,0.00012518426433155125,6.8969217488446452e-05,2.8526665532141693e-05,5.7664396160177832e-05,6.8969217488446452e-05,2.8526665532141693e-05,5.7664396160177832e-05,9.431705143752767e-05,9.431705143752767e-05,1.9429000435380954,2.1732582535374885,1.2018082317684409,0,0
1,0.010888488910687902,376,0.0001441935657821783,0.00012668306629112457,0.00012519760603674248,6.8696294697398111e-05,2.8509811891399486e-05,5.7515293403175698e-05,6.8696294697398111e-05,2.8509811891399486e-05,5.7515293403175698e-05,9.4021270223753828e-05,9.4021270223753828e-05,1.9429000435380954,2.1771378240953201,1.2056878023262727,0,0
1,0.011120158887511049,384,0.0001442094500565592,0.00012668966953121785,0.00012521091398508085,6.8433936971649601e-05,2.8496327533806043e-05,5.737295901649214e-05,6.8433936971649601e-05,2.8496327533806043e-05,5.737295901649214e-05,9.3738470430564149e-05,9.3738470430564149e-05,1.9429000435380954,2.1810002575809158,1.2095502358118682,0,0
1,0.011351828864334194,392,0.00014422527475985478,0.00012669627003554531,0.00012522418973434502,6.8181994404275777e-05,2.8486190520376895e-05,5.7237305184865973e-05,6.8181994404275777e-05,2.8486190520376895e-05,5.7237305184865973e-05,9.3468478730176141e-05,9.3468478730176141e-05,1.9429000435380954,2.1847330914439249,1.2132830696748771,0,0
1,0.011583498841157341,400,0.00014424103883057182,0.00012670286713709316,0.00012523743121350416,6.7904202681464039e-05,2.8464338690270817e-05,5.7070590513514884e-05,6.7904202681464039e-05,2.8464338690270817e-05,5.7070590513514884e-05,9.3157134028699546e-05,9.3157134028699546e-05,1.9429000435380954,2.1876391928241183,1.2161891710550707,0,0
1,0.011815168817980488,408,0.00014425673813442524,0.00012670945890116893,0.00012525063320886133,6.7629118267621864e-05,2.8442724975029973e-05,5.6903001622973261e-05,6.7629118267621864e-05,2.8442724975029973e-05,5.6903001622973261e-05,9.2847390029904858e-05,9.2847390029904858e-05,1.9429000435380954,2.190528115925118,1.2190780941560704,0,0
1,0.012046838794803635,416,0.00014427237157702566,0.00012671604492187359,0.0001252637950194731,6.7333118057584989e-05,2.841389406176534e-05,5.6721988566989181e-05,6.7333118057584989e-05,2.841389406176534e-05,5.6721988566989181e-05,9.2512064889416199e-05,9.2512064889416199e-05,1.9429000435380954,2.1933997728611612,1.2219497510921133,0,0
1,0.012278508771626782,424,0.00014428793699654532,0.00012672262443277563,0.00012527691525058033,6.7044321605790397e-05,2.8387359499106456e-05,5.6545636215722386e-05,6.7044321605790397e-05,2.8387359499106456e-05,5.6545636215722386e-05,9.2185639955217412e-05,9.2185639955217412e-05,1.9429000435380954,2.1962539577178219,1.2248039359487743,0,0
1,0.012510178748449929,432,0.00014430343663137285,0.00012672919816185269,0.00012528999535245503,6.6765176061208569e-05,2.8363975341591257e-05,5.6375538671472596e-05,6.6765176061208569e-05,2.8363975341591257e-05,5.6375538671472596e-05,9.1871133617482233e-05,9.1871133617482233e-05,1.9429000435380954,2.1990909348433147,1.2276409130742669,0,0
1,0.012741848725273076,440,0.00014431887270067501,0.00012673576683602296,0.00012530303676375673,6.6495538536331733e-05,2.8343716500346849e-05,5.6211606815695722e-05,6.6495538536331733e-05,2.8343716500346849e-05,5.6211606815695722e-05,9.1568376916330573e-05,9.1568376916330573e-05,1.9429000435380954,2.201910963185802,1.2304609414167542,0,0
1,0.012973518702096223,448,0.00014433424739114151,0.0001267423311765671,0.00012531604090289738,6.623527152031401e-05,2.8326559389925971e-05,5.6053754953533492e-05,6.623527152031401e-05,2.8326559389925971e-05,5.6053754953533492e-05,9.1277207476080818e-05,9.1277207476080818e-05,1.9429000435380954,2.2047142948861325,1.2332642731170849,0,0
1,0.01320518867891937,456,0.00014434956285821305,0.00012674889189947302,0.00012532900916882353,6.5984242725923776e-05,2.831248190023866e-05,5.5901900719595649e-05,6.5984242725923776e-05,2.831248190023866e-05,5.5901900719595649e-05,9.0997469324858121e-05,9.0997469324858121e-05,1.9429000435380954,2.2075011754530318,1.2360511536839842,0,0
1,0.013436858655742517,464,0.00014436482122727438,0.00012675544971577483,0.00012534194294177707,6.5742324943240035e-05,2.830146337008767e-05,5.5755964987961416e-05,6.5742324943240035e-05,2.830146337008767e-05,5.5755964987961416e-05,9.0729012722335709e-05,9.0729012722335709e-05,1.9429000435380954,2.2102718439302396,1.2388218221611917,0,0
1,0.013668528632565662,472,0.000144380024594814,0.00012676200533188545,0.00012535484358403579,6.5509395899809774e-05,2.8293484562250671e-05,5.5615871786229207e-05,6.5509395899809774e-05,2.8293484562250671e-05,5.5615871786229207e-05,9.0471693995274654e-05,9.0471693995274654e-05,1.9429000435380954,2.2130265330580565,1.2415765112890087,0,0
1,0.013900198609388809,480,0.00014439517502955264,0.00012676855944992381,0.00012536771244063425,6.5285338126992736e-05,2.8288527640065016e-05,5.548154821344234e-05,6.5285338126992736e-05,2.8288527640065016e-05,5.548154821344234e-05,9.0225375380538161e-05,9.0225375380538161e-05,1.9429000435380954,2.2157654694279372,1.2443154476588896,0,0
1,0.014131868586211956,488,0.00014441027457354124,0.00012677511276803675,0.00012538055084006632,6.5070038832242271e-05,2.8286576145468919e-05,5.5352924361742309e-05,6.5070038832242271e-05,2.8286576145468919e-05,5.5352924361742309e-05,8.9989924875286418e-05,8.9989924875286418e-05,1.9429000435380954,2.2184437923460196,1.2469937705769718,0,0
1,0.014363538563035103,496,0.00014442532524322995,0.00012678166598071585,0.00012539336009496972,6.4863389777082699e-05,2.8287614978458215e-05,5.522993324160009e-05,6.4863389777082699e-05,2.8287614978458215e-05,5.522993324160009e-05,8.976521609406871e-05,8.976521609406871e-05,1.9429000435380954,2.2207826999915232,1.2493326782224756,0,0
1,0.01459520853985825,504,0.00014444032903050943,0.00012678821977911011,0.00012540614150279396,6.4665287160549373e-05,2.8291630377921006e-05,5.5112510710486878e-05,6.4665287160549373e-05,2.8291630377921006e-05,5.5112510710486878e-05,8.9551128132540829e-05,8.9551128132540829e-05,1.9429000435380954,2.2230014808020013,1.2515514590329535,0,0
1,0.014826878516681397,512,0.00014445528790372629,0.00012679477485133374,0.00012541889634645181,6.4475631507877562e-05,2.8298609903808134e-05,5.5000595404846935e-05,6.4475631507877562e-05,2.8298609903808134e-05,5.5000595404846935e-05,8.9347545437550726e-05,8.9347545437550726e-05,1.9429000435380954,2.2252067235965951,1.2537567018275475,0,0
1,0.015058548493504544,520,0.00014447020068894818,0.00012680133069412671,0.00012543162346313329,6.4253812415632837e-05,2.8292769531629587e-05,5.4860283899462153e-05,6.4253812415632837e-05,2.8292769531629587e-05,5.4860283899462153e-05,8.9099292742663371e-05,8.9099292742663371e-05,1.9429000435380954,2.2273981360343647,1.2559481142653168,0,0
1,0.015290218470327691,528,0.00014448505829773686,0.00012680788357309451,0.00012544431405792788,6.4012854375277038e-05,2.8278520065818755e-05,5.4698147274130537e-05,6.4012854375277038e-05,2.8278520065818755e-05,5.4698147274130537e-05,8.8821211079368945e-05,8.8821211079368945e-05,1.9429000435380954,2.2295734817993638,1.2581234600303159,0,0
1,0.015521888447150838,536,0.0001444998610246093,0.00012681443348132876,0.00012545696771024489,6.3780000189010865e-05,2.8267119923702444e-05,5.4541348435877886e-05,6.3780000189010865e-05,2.8267119923702444e-05,5.4541348435877886e-05,8.8553244898733336e-05,8.8553244898733336e-05,1.9429000435380954,2.2317324396167866,1.260282417847739,0,0
1,0.015753558423973985,544,0.00014451461073465972,0.00012682098107669382,0.00012546958564849599,6.3555144127162527e-05,2.8258549986695397e-05,5.4389817095413436e-05,6.3555144127162527e-05,2.8258549986695397e-05,5.4389817095413436e-05,8.8295267121445928e-05,8.8295267121445928e-05,1.9429000435380954,2.2339208249722602,1.2624708032032124,0,0
1,0.015985228400797132,552,0.0001445293092689445,0.00012682752701276425,0.00012548216908510857,6.3338184383415311e-05,2.8252792337330173e-05,5.4243485538888821e-05,6.3338184383415311e-05,2.8252792337330173e-05,5.4243485538888821e-05,8.8047155543217066e-05,8.8047155543217066e-05,1.9429000435380954,2.2361507555362712,1.2647007337672234,0,0
1,0.016216898377620279,560,0.00014454395844537926,0.00012683407193910093,0.00012549471921711474,6.3129022974379192e-05,2.8249830239668857e-05,5.4102288562237871e-05,6.3129022974379192e-05,2.8249830239668857e-05,5.4102288562237871e-05,8.7808792714291775e-05,8.7808792714291775e-05,1.9429000435380954,2.2383644761758172,1.2669144544067696,0,0
1,0.016448568354443426,568,0.00014455856005961328,0.00012684061650152271,0.00012550723722672548,6.292756564343563e-05,2.8249648120837604e-05,5.3966163408308272e-05,6.292756564343563e-05,2.8249648120837604e-05,5.3966163408308272e-05,8.758006582420611e-05,8.758006582420611e-05,1.9429000435380954,2.240562123064465,1.2691121012954172,0,0
1,0.016680238331266573,576,0.0001445731158858823,0.00012684716134237357,0.00012551972428189037,6.2733721768692431e-05,2.8252231553651029e-05,5.3835049706678012e-05,6.2733721768692431e-05,2.8252231553651029e-05,5.3835049706678012e-05,8.7360866591588491e-05,8.7360866591588491e-05,1.9429000435380954,2.2427438276331255,1.2712938058640777,0,0
1,0.01691190830808972,584,0.00014458762767784029,0.00012685370710078638,0.00012553218153684396,6.2547404274888451e-05,2.8257567240302497e-05,5.3708889416055652e-05,6.2547404274888451e-05,2.8257567240302497e-05,5.3708889416055652e-05,8.7151091158818239e-05,8.7151091158818239e-05,1.9429000435380954,2.2449097166569145,1.2734596948878669,0,0
1,0.017143578284912867,592,0.00014460209716937099,0.00012686025441294271,0.00012554461013263883,6.2368529549108092e-05,2.8265642997086959e-05,5.3587626769172072e-05,6.2368529549108092e-05,2.8265642997086959e-05,5.3587626769172072e-05,8.6950639991369985e-05,8.6950639991369985e-05,1.9429000435380954,2.2470599123390245,1.2756098905699766,0,0
1,0.017375248261736011,600,0.00014461652595084101,0.00012686680385026234,0.00012555701109257883,6.2191465348564317e-05,2.8273680536008296e-05,5.3466523037784185e-05,6.2191465348564317e-05,2.8273680536008296e-05,5.3466523037784185e-05,8.6751648163039744e-05,8.6751648163039744e-05,1.9429000435380954,2.2491945192522098,1.277744497483162,0,0
1,0.017606918238559158,608,0.00014463091154539811,0.00012687335396276554,0.00012556938200878064,6.2000218172124222e-05,2.8273726478384742e-05,5.3332069499649549e-05,6.2000218172124222e-05,2.8273726478384742e-05,5.3332069499649549e-05,8.6531730015532252e-05,8.6531730015532252e-05,1.9429000435380954,2.2513132094661135,1.2798631876970659,0,0
1,0.017838588215382305,616,0.00014464525370828007,0.00012687990441688211,0.00012558172235358069,6.1816506178125042e-05,2.8276626996034873e-05,5.3202591036363531e-05,6.1816506178125042e-05,2.8276626996034873e-05,5.3202591036363531e-05,8.6321282215486172e-05,8.6321282215486172e-05,1.9429000435380954,2.2534158854345856,1.281965863665538,0,0
1,0.018070258192205452,624,0.00014465955412539861,0.00012688645585292129,0.00012559403323707206,6.1636841083903497e-05,2.8281052322939661e-05,5.3075585801847815e-05,6.1636841083903497e-05,2.8281052322939661e-05,5.3075585801847815e-05,8.6115828437660253e-05,8.6115828437660253e-05,1.9429000435380954,2.2555026509479825,1.2840526291789349,0,0
1,0.018301928169028599,632,0.00014467381070100698,0.00012689300745236803,0.00012560631304470409,6.1440974650279464e-05,2.8279173403124231e-05,5.2936400737351054e-05,6.1440974650279464e-05,2.8279173403124231e-05,5.2936400737351054e-05,8.5889274868086263e-05,8.5889274868086263e-05,1.9429000435380954,2.2575732306889047,1.2861232089198573,0,0
1,0.018533598145851746,640,0.00014468802273960135,0.00012689955893501826,0.00012561856113759605,6.1252340171480627e-05,2.8280041286011919e-05,5.2801783873089002e-05,6.1252340171480627e-05,2.8280041286011919e-05,5.2801783873089002e-05,8.5671688974839989e-05,8.5671688974839989e-05,1.9429000435380954,2.2596274680634147,1.2881774462943671,0,0
1,0.018765268122674893,648,0.00014470219137891681,0.0001269061107041663,0.00012563077799966505,6.1058543661598701e-05,2.8278248965517753e-05,5.2658444926979167e-05,6.1058543661598701e-05,2.8278248965517753e-05,5.2658444926979167e-05,8.5444232928611732e-05,8.5444232928611732e-05,1.9429000435380954,2.2616652700825681,1.2902152483135205,0,0
1,0.01899693809949804,656,0.00014471631262113986,0.00012691266091729579,0.00012564295861750366,6.0850908425651524e-05,2.826999934820055e-05,5.2497260537483747e-05,6.0850908425651524e-05,2.826999934820055e-05,5.2497260537483747e-05,8.5193827730151533e-05,8.5193827730151533e-05,1.9429000435380954,2.2636849735816331,1.2922349518125853,0,0
1,0.019228608076321187,664,0.00014473038657564788,0.00012691920953110085,0.00012565510243830913,6.0650295524487542e-05,2.8264438844409761e-05,5.2340766667751464e-05,6.0650295524487542e-05,2.8264438844409761e-05,5.2340766667751464e-05,8.4952296647972119e-05,8.4952296647972119e-05,1.9429000435380954,2.2656957985142103,1.2942457767451627,0,0
1,0.019460278053144334,672,0.00014474441485938822,0.00012692575716642486,0.0001256672105416041,6.0456619880717887e-05,2.8261549132074826e-05,5.218890212684417e-05,6.0456619880717887e-05,2.8261549132074826e-05,5.218890212684417e-05,8.4719534653771627e-05,8.4719534653771627e-05,1.9429000435380954,2.2677975755498907,1.2963475537808431,0,0
1,0.019691948029967481,680,0.0001447583990699596,0.00012693230443999013,0.00012567928399297989,6.0269799522919131e-05,2.8261312952274158e-05,5.2041607828219084e-05,6.0269799522919131e-05,2.8261312952274158e-05,5.2041607828219084e-05,8.4495440644246579e-05,8.4495440644246579e-05,1.9429000435380954,2.2697242100988904,1.2982741883298425,0,0
1,0.019923618006790628,688,0.00014477234078632287,0.00012693885196464192,0.00012569132384457782,6.0089755510411394e-05,2.8263714091299327e-05,5.1898826736956648e-05,6.0089755510411394e-05,2.8263714091299327e-05,5.1898826736956648e-05,8.427991734813445e-05,8.427991734813445e-05,1.9429000435380954,2.2711895776899262,1.2997395559208786,0,0
1,0.020155287983613775,696,0.00014478624156949484,0.00012694540034958874,0.00012570333113555882,5.991641186114553e-05,2.8268737363664381e-05,5.1760503819117189e-05,5.991641186114553e-05,2.8268737363664381e-05,5.1760503819117189e-05,8.4072871237154148e-05,8.4072871237154148e-05,1.9429000435380954,2.2726965907119365,1.3012465689428889,0,0
1,0.020386957960436922,704,0.00014480010296322564,0.00012695195020063859,0.0001257153068925611,5.9749695482591006e-05,2.827636859603176e-05,5.162658599314955e-05,5.9749695482591006e-05,2.827636859603176e-05,5.162658599314955e-05,8.3874212440708339e-05,8.3874212440708339e-05,1.9429000435380954,2.2743644041162812,1.3029143823472336,0,0
1,0.020618627937260069,712,0.00014481392649466035,0.00012695850212043173,0.0001257272521301472,5.9589536105509759e-05,2.8286594612028719e-05,5.1497022083274457e-05,5.9589536105509759e-05,2.8286594612028719e-05,5.1497022083274457e-05,8.3683854664208442e-05,8.3683854664208442e-05,1.9429000435380954,2.2762006628958749,1.3047506411268273,0,0
1,0.020850297914083216,720,0.00014482771367498571,0.00012696505670866997,0.00012573916785124021,5.9435866220515106e-05,2.8299403217931102e-05,5.1371762774768715e-05,5.9435866220515106e-05,2.8299403217931102e-05,5.1371762774768715e-05,8.3501715110895357e-05,8.3501715110895357e-05,1.9429000435380954,2.2782037708257126,1.306753749056665,0,0
1,0.021081967890906363,728,0.00014484146600006226,0.00012697161456234269,0.00012575105504754983,5.9288621017317884e-05,2.8314783189189324e-05,5.1250760571084437e-05,5.9288621017317884e-05,2.8314783189189324e-05,5.1250760571084437e-05,8.3327714407036089e-05,8.3327714407036089e-05,1.9429000435380954,2.2803721679928848,1.308922146223837,0,0
1,0.02131363786772951,736,0.00014485518495104308,0.00012697817627594995,0.00012576291469998892,5.9147738326560963e-05,2.8332724257777187e-05,5.113396975273276e-05,5.9147738326560963e-05,2.8332724257777187e-05,5.113396975273276e-05,8.3161776530374533e-05,8.3161776530374533e-05,1.9429000435380954,2.2827043306142913,1.3112543088452435,0,0
1,0.021545307844552657,744,0.00014486887009898574,0.00012698474168745686,0.00012577474637468267,5.8993107513202269e-05,2.8345236441156629e-05,5.100647697278699e-05,5.8993107513202269e-05,2.8345236441156629e-05,5.100647697278699e-05,8.2977706982928636e-05,8.2977706982928636e-05,1.9429000435380954,2.2851986381016749,1.3137486163326273,0,0
1,0.021776977821375804,752,0.0001448825192093799,0.00012699130991545557,0.00012578654828080093,5.8840295434042863e-05,2.8358498625416139e-05,5.0879687168202615e-05,5.8840295434042863e-05,2.8358498625416139e-05,5.0879687168202615e-05,8.2795696611522856e-05,8.2795696611522856e-05,1.9429000435380954,2.2878245869040623,1.3163745651350147,0,0
1,0.022008647798198951,760,0.00014489613363179469,0.0001269978815040292,0.00012579832126664525,5.8693637131855021e-05,2.8374246390458583e-05,5.0756801665470633e-05,5.8693637131855021e-05,2.8374246390458583e-05,5.0756801665470633e-05,8.262138835253403e-05,8.262138835253403e-05,1.9429000435380954,2.290003578363986,1.3185535565949382,0,0
1,0.022240317775022098,768,0.00014490971478507686,0.00012700445702781995,0.00012581006623170408,5.8553074318142128e-05,2.8392469591556512e-05,5.0637777381061531e-05,5.8553074318142128e-05,2.8392469591556512e-05,5.0637777381061531e-05,8.245471083999557e-05,8.245471083999557e-05,1.9429000435380954,2.2919126654107003,1.3204626436416524,0,0
1,0.022471987751845241,776,0.00014492326407484287,0.00012701103705922031,0.00012582178406566244,5.8418551057674795e-05,2.8413158950235864e-05,5.0522572758615189e-05,5.8418551057674795e-05,2.8413158950235864e-05,5.0522572758615189e-05,8.2295595674125176e-05,8.2295595674125176e-05,1.9429000435380954,2.2938034257324333,1.3223534039633855,0,0
1,0.022703657728668388,784,0.00014493678155289111,0.00012701762154551221,0.00012583347420732196,5.8271525717010606e-05,2.8427713838044794e-05,5.0391292194110235e-05,5.8271525717010606e-05,2.8427713838044794e-05,5.0391292194110235e-05,8.211569857486562e-05,8.211569857486562e-05,1.9429000435380954,2.2956755006462282,1.3242254788771803,0,0
1,0.022935327705491535,792,0.00014495026357848288,0.00012702420871780944,0.00012584513215420446,5.8119390459543906e-05,2.8439550836321661e-05,5.0252077723481567e-05,5.8119390459543906e-05,2.8439550836321661e-05,5.0252077723481567e-05,8.1926448200123257e-05,8.1926448200123257e-05,1.9429000435380954,2.2975557707542671,1.3261057489852195,0,0
1,0.023166997682314682,800,0.00014496371103930262,0.00012703079890946702,0.00012585675830327023,5.7973119220330272e-05,2.8453778017514346e-05,5.0116774841611987e-05,5.7973119220330272e-05,2.8453778017514346e-05,5.0116774841611987e-05,8.174467050596902e-05,8.174467050596902e-05,1.9429000435380954,2.2989786136831527,1.3275285919141049,0,0
1,0.023398667659137829,808,0.00014497712528722649,0.00012703739267297355,0.00012586835355548722,5.7832655048712529e-05,2.8470384773197943e-05,4.9985338660429517e-05,5.7832655048712529e-05,2.8470384773197943e-05,4.9985338660429517e-05,8.1570294103399844e-05,8.1570294103399844e-05,1.9429000435380954,2.2989327395082468,1.3274827177391992,0,0
1,0.023630337635960976,816,0.00014499050766119347,0.00012704399055845486,0.00012587991880159995,5.7697943201169024e-05,2.848936131217372e-05,4.9857725803577837e-05,5.7697943201169024e-05,2.848936131217372e-05,4.9857725803577837e-05,8.1403250426046619e-05,8.1403250426046619e-05,1.9429000435380954,2.2989363900341893,1.3274863682651417,0,0
1,0.023862007612784123,824,0.00014500385948771141,0.00012705059311386211,0.00012589145492247579,5.756893109619399e-05,2.8510698650217336e-05,4.9733894372363102e-05,5.756893109619399e-05,2.8510698650217336e-05,4.9733894372363102e-05,8.1243473673417026e-05,8.1243473673417026e-05,1.9429000435380954,2.299006055803845,1.3275560340347972,0,0
1,0.02409367758960727,832,0.00014501718208135295,0.00012705720088515758,0.00012590296278944341,5.7445568271051631e-05,2.853438860044705e-05,4.9613803913016716e-05,5.7445568271051631e-05,2.853438860044705e-05,4.9613803913016716e-05,8.1090900756525383e-05,8.1090900756525383e-05,1.9429000435380954,2.2991412934424122,1.3276912716733646,0,0
1,0.024325347566430417,840,0.00014503047674524136,0.0001270638144164985,0.00012591444326462398,5.7327806340343361e-05,2.8560423764297325e-05,4.949741538523183e-05,5.7327806340343361e-05,2.8560423764297325e-05,4.949741538523183e-05,8.0945471245835219e-05,8.0945471245835219e-05,1.9429000435380954,2.2993416782095144,1.3278916564404668,0,0
1,0.024557017543253564,848,0.00014504374321588947,0.00012707043338819107,0.00012592589586328155,5.7198066205087023e-05,2.85790775112922e-05,4.9369610567971719e-05,5.7198066205087023e-05,2.85790775112922e-05,4.9369610567971719e-05,8.0782058011857742e-05,8.0782058011857742e-05,1.9429000435380954,2.2996068254764728,1.3281568037074249,0,0
1,0.024788687520076711,856,0.00014505697918832565,0.00012707705635074502,0.00012593731834413248,5.7068646452704074e-05,2.8597167732958552e-05,4.924096147974235e-05,5.7068646452704074e-05,2.8597167732958552e-05,4.924096147974235e-05,8.0618240477823438e-05,8.0618240477823438e-05,1.9429000435380954,2.2999363463788129,1.3284863246097656,0,0
1,0.025020357496899858,864,0.00014507018345837994,0.00012708368282554006,0.00012594870966833155,5.6923404784271183e-05,2.8609001425620422e-05,4.9099882322922202e-05,5.6923404784271183e-05,2.8609001425620422e-05,4.9099882322922202e-05,8.0433496871203762e-05,8.0433496871203762e-05,1.9429000435380954,2.300329745776136,1.3288797240070882,0,0
1,0.025252027473723005,872,0.00014508335450770851,0.00012709031222657823,0.00012596006855719263,5.6782810956722672e-05,2.8622817632812107e-05,4.896166684232115e-05,5.6782810956722672e-05,2.8622817632812107e-05,4.896166684232115e-05,8.0254583229660931e-05,8.0254583229660931e-05,1.9429000435380954,2.3007864774667448,1.3293364556976972,0,0
1,0.025483697450546152,880,0.00014509649363087115,0.00012709694510209404,0.0001259713958373849,5.6647778124162335e-05,2.8638994608663742e-05,4.8826998536652855e-05,5.6647778124162335e-05,2.8638994608663742e-05,4.8826998536652855e-05,8.0082698285570368e-05,8.0082698285570368e-05,1.9429000435380954,2.3013060155004843,1.3298559937314367,0,0
1,0.025715367427369299,888,0.00014510960211010039,0.00012710358199775185,0.0001259826923258953,5.6518254118100867e-05,2.8657521653118712e-05,4.8695836308207731e-05,5.6518254118100867e-05,2.8657521653118712e-05,4.8695836308207731e-05,7.9917776931124376e-05,7.9917776931124376e-05,1.9429000435380954,2.3018878527357107,1.3304378309666631,0,0
1,0.025947037404192446,896,0.00014512268121577687,0.00012711022345682785,0.00012599395883034422,5.6394188781482975e-05,2.8678388848041577e-05,4.8568140389259151e-05,5.6394188781482975e-05,2.8678388848041577e-05,4.8568140389259151e-05,7.9759756620189116e-05,7.9759756620189116e-05,1.9429000435380954,2.3025315005880218,1.3310814788189744,0,0
1,0.026178707381015593,904,0.00014513573220689035,0.00012711687002039005,0.00012600519614929033,5.6275533928496311e-05,2.8701587047117977e-05,4.8443872312222195e-05,5.6275533928496311e-05,2.8701587047117977e-05,4.8443872312222195e-05,7.9608577317796082e-05,7.9608577317796082e-05,1.9429000435380954,2.3032364887874102,1.3317864670183626,0,0
1,0.02641037735783874,912,0.00014514875633149209,0.00012712352222747606,0.00012601640507252832,5.6162243306025855e-05,2.8727107866331167e-05,4.8322994880931939e-05,5.6162243306025855e-05,2.8727107866331167e-05,4.8322994880931939e-05,7.9464181451718529e-05,7.9464181451718529e-05,1.9429000435380954,2.3040023651447821,1.3325523433757342,0,0
1,0.026642047334661887,920,0.00014516175476976512,0.00012713018058652217,0.00012602758632051695,5.6050629704844394e-05,2.875311808642884e-05,4.8201608589943023e-05,5.6050629704844394e-05,2.875311808642884e-05,4.8201608589943023e-05,7.9320930155033948e-05,7.9320930155033948e-05,1.9429000435380954,2.3048286824057391,1.3333786606366913,0,0
1,0.026873717311485034,928,0.00014517472493855781,0.00012713684372114698,0.00012603873663496486,5.5921329312266633e-05,2.8769901009936096e-05,4.8059310138983331e-05,5.5921329312266633e-05,2.8769901009936096e-05,4.8059310138983331e-05,7.9149223415062503e-05,7.9149223415062503e-05,1.9429000435380954,2.3057141490934221,1.3342641273243743,0,0
1,0.027105387288308181,936,0.00014518766575564041,0.00012714351100310829,0.00012604985438536892,5.5797229107000063e-05,2.8788920300593927e-05,4.7920477315253174e-05,5.5797229107000063e-05,2.8788920300593927e-05,4.7920477315253174e-05,7.8984206359339326e-05,7.8984206359339326e-05,1.9429000435380954,2.3066548218869354,1.3352048001178876,0,0
1,0.027337057265131325,944,0.00014520057842023611,0.00012715018294942563,0.00012606094036998123,5.5678281881603276e-05,2.8810166758886258e-05,4.7785070366397717e-05,5.5678281881603276e-05,2.8810166758886258e-05,4.7785070366397717e-05,7.8825818942042643e-05,7.8825818942042643e-05,1.9429000435380954,2.3074636656272531,1.3360136438582053,0,0
1,0.027568727241954472,952,0.00014521346412084136,0.0001271568600750695,0.00012607199537799,5.5564442234908577e-05,2.8833631895042086e-05,4.7653050790009377e-05,5.5564442234908577e-05,2.8833631895042086e-05,4.7653050790009377e-05,7.867400344923661e-05,7.867400344923661e-05,1.9429000435380954,2.3076360217406955,1.3361859999716477,0,0
1,0.027800397218777619,960,0.0001452263240356404,0.00012716354289312508,0.00012608302018980548,5.5455666536782341e-05,2.8859307920407568e-05,4.7524381305850292e-05,5.5455666536782341e-05,2.8859307920407568e-05,4.7524381305850292e-05,7.852870445376998e-05,7.852870445376998e-05,1.9429000435380954,2.3079342796799542,1.3364842579109066,0,0
1,0.028032067195600766,968,0.00014523915933291144,0.00012717023191495354,0.00012609401557734032,5.5351912894306609e-05,2.8887187739317517e-05,4.7399025829095263e-05,5.5351912894306609e-05,2.8887187739317517e-05,4.7399025829095263e-05,7.8389868772008568e-05,7.8389868772008568e-05,1.9429000435380954,2.3083574581835467,1.3369074364144991,0,0
1,0.028263737172423913,976,0.00014525197117142561,0.00012717692765035169,0.00012610498230428334,5.5253141119339482e-05,2.8917264941457595e-05,4.7276949444556666e-05,5.5253141119339482e-05,2.8917264941457595e-05,4.7276949444556666e-05,7.8257445422344726e-05,7.8257445422344726e-05,1.9429000435380954,2.3089046024447049,1.3374545806756573,0,0
1,0.02849540714924706,984,0.00014526475991802722,0.00012718363028862433,0.00012611592053457399,5.5147395947612668e-05,2.8944674303744666e-05,4.7149104196040155e-05,5.5147395947612668e-05,2.8944674303744666e-05,4.7149104196040155e-05,7.8115731301970633e-05,7.8115731301970633e-05,1.9429000435380954,2.3095747585145703,1.3381247367455227,0,0
1,0.028727077126070207,992,0.00014527752310521127,0.00012719033886263924,0.00012612682827904049,5.5037639983276696e-05,2.8970605933036401e-05,4.7017649699750814e-05,5.5037639983276696e-05,2.8970605933036401e-05,4.7017649699750814e-05,7.7968565501389974e-05,7.7968565501389974e-05,1.9429000435380954,2.3103668401453734,1.3389168183763256,0,0
1,0.028958747102893354,1000,0.00014529026142970131,0.00012719705369273863,0.0001261377059269587,5.4932750318974759e-05,2.8998681749477996e-05,4.6889275801213564e-05,5.4932750318974759e-05,2.8998681749477996e-05,4.6889275801213564e-05,7.7827596557882993e-05,7.7827596557882993e-05,1.9429000435380954,2.3112797994789429,1.3398297777098951,0,0
1,0.029190417079716501,1008,0.00014530297601433387,0.00012720377527490677,0.000126148554188099,5.4832688036917729e-05,2.9028895304540913e-05,4.6763948908922195e-05,5.4832688036917729e-05,2.9028895304540913e-05,4.6763948908922195e-05,7.7692775452497666e-05,7.7692775452497666e-05,1.9429000435380954,2.3123126240460632,1.3408626022770156,0,0
1,0.029422087056539648,1016,0.00014531566797311091,0.0001272105041037075,0.0001261593737645696,5.4737415781611846e-05,2.906124078247841e-05,4.6641636463685936e-05,5.4737415781611846e-05,2.906124078247841e-05,4.6641636463685936e-05,7.7564055169110862e-05,7.7564055169110862e-05,1.9429000435380954,2.3134643273588957,1.3420143055898481,0,0
1,0.029653757033362795,1024,0.00014532833841155858,0.00012721724067242993,0.00012617016535105332,5.4646897732217291e-05,2.9095712993983551e-05,4.6522306916764613e-05,5.4646897732217291e-05,2.9095712993983551e-05,4.6522306916764613e-05,7.7441390659267758e-05,7.7441390659267758e-05,1.9429000435380954,2.3147339487282466,1.343283926959199,0,0
1,0.029885427010185941,1032,0.00014534098842707965,0.00012722398547323295,0.00012618092963503902,5.4561099576040794e-05,2.9132307370259851e-05,4.6405929708785923e-05,5.4561099576040794e-05,2.9132307370259851e-05,4.6405929708785923e-05,7.7324738808473933e-05,7.7324738808473933e-05,1.9429000435380954,2.3161205530874738,1.344670531318426,0,0
1,0.030117096987009088,1040,0.00014535361910929983,0.00012723073899728848,0.00012619166729704848,5.4479988483125002e-05,2.9171019957495159e-05,4.6292475249415048e-05,5.4479988483125002e-05,2.9171019957495159e-05,4.6292475249415048e-05,7.7214058403892477e-05,7.7214058403892477e-05,1.9429000435380954,2.3175860460479432,1.3461360242788958,0,0
1,0.030348766963832235,1048,0.00014536623154040855,0.00012723750173492305,0.0001262023790108587,5.440353308190471e-05,2.9211847411729931e-05,4.6181914897754368e-05,5.440353308190471e-05,2.9211847411729931e-05,4.6181914897754368e-05,7.7109310103407874e-05,7.7109310103407874e-05,1.9429000435380954,2.3190367720702216,1.347586750301174,0,0
1,0.030580436940655382,1056,0.00014537882679549409,0.00012724427417575875,0.00012621306544371955,5.4331703435901764e-05,2.9254786994115846e-05,4.6074220943450472e-05,5.4331703435901764e-05,2.9254786994115846e-05,4.6074220943450472e-05,7.7010456406021642e-05,7.7010456406021642e-05,1.9429000435380954,2.3204682161820021,1.3490181944129542,0,0
1,0.030812106917478529,1064,0.0001453914059428734,0.00012725105680885281,0.00012622372725656735,5.4264471021427924e-05,2.9299836566555262e-05,4.5969366588485913e-05,5.4264471021427924e-05,2.9299836566555262e-05,4.5969366588485913e-05,7.6917461623540631e-05,7.6917461623540631e-05,1.9429000435380954,2.3218803357237676,1.35043031395472,0,0
1,0.031043776894301676,1072,0.000145403968284933,0.00012725784916315589,0.00012623436329891466,5.4182541992697559e-05,2.9336480643533337e-05,4.5847578938177458e-05,5.4182541992697559e-05,2.9336480643533337e-05,4.5847578938177458e-05,7.6800894837438289e-05,7.6800894837438289e-05,1.9429000435380954,2.3232726339139433,1.3518226121448957,0,0
1,0.031275446871124823,1080,0.00014541651110489736,0.0001272646496633284,0.00012624497037442994,5.4099998923474155e-05,2.9372374185990687e-05,4.5723477501799808e-05,5.4099998923474155e-05,2.9372374185990687e-05,4.5723477501799808e-05,7.6682348970929094e-05,7.6682348970929094e-05,1.9429000435380954,2.3246441185376918,1.353194096768644,0,0
1,0.03150711684794797,1088,0.00014542903336930616,0.00012727145753290651,0.00012625554735885237,5.4003399323111664e-05,2.9399079228390586e-05,4.5586353619341173e-05,5.4003399323111664e-05,2.9399079228390586e-05,4.5586353619341173e-05,7.6542724241016307e-05,7.6542724241016307e-05,1.9429000435380954,2.3259945672428013,1.3545445454737537,0,0
1,0.031738786824771117,1096,0.00014544153337153783,0.00012727827158208685,0.00012626609257048238,5.3909510958564998e-05,2.9426754788598203e-05,4.5450647584258733e-05,5.3909510958564998e-05,2.9426754788598203e-05,4.5450647584258733e-05,7.6406352059291577e-05,7.6406352059291577e-05,1.9429000435380954,2.3273237155361546,1.3558736937671068,0,0
1,0.031970456801594264,1104,0.00014545401214757084,0.00012728509228444027,0.00012627660668866185,5.3820148183246357e-05,2.945651486122413e-05,4.5317919282051523e-05,5.3820148183246357e-05,2.945651486122413e-05,4.5317919282051523e-05,7.627587053774379e-05,7.627587053774379e-05,1.9429000435380954,2.3286315540269631,1.3571815322579155,0,0
1,0.032202126778417411,1112,0.00014546646952296889,0.00012729191961694637,0.00012628708948322207,5.372090411477123e-05,2.9482392605115989e-05,4.5177325124574701e-05,5.372090411477123e-05,2.9482392605115989e-05,4.5177325124574701e-05,7.6132369712509084e-05,7.6132369712509084e-05,1.9429000435380954,2.3299179633741516,1.3584679416051042,0,0
1,0.032433796755240558,1120,0.00014547890337015222,0.00012729875274495814,0.00012629753924544407,5.3620875632726041e-05,2.9508140376234856e-05,4.5035636534733382e-05,5.3620875632726041e-05,2.9508140376234856e-05,4.5035636534733382e-05,7.5987743815515843e-05,7.5987743815515843e-05,1.9429000435380954,2.3311826424225459,1.3597326206534983,0,0
1,0.032665466732063705,1128,0.00014549131455755294,0.00012730559207397411,0.00012630795650910362,5.3525276794483309e-05,2.953592456596968e-05,4.4896760550346956e-05,5.3525276794483309e-05,2.953592456596968e-05,4.4896760550346956e-05,7.5848831261977231e-05,7.5848831261977231e-05,1.9429000435380954,2.3324255500441589,1.360975528275111,0,0
1,0.032897136708886852,1136,0.00014550370410727564,0.00012731243807502369,0.00012631834192211138,5.3434072342850213e-05,2.9565738816786303e-05,4.4760665508905808e-05,5.3434072342850213e-05,2.9565738816786303e-05,4.4760665508905808e-05,7.5715587402618248e-05,7.5715587402618248e-05,1.9429000435380954,2.3336466568540519,1.3621966350850041,0,0
1,0.033128806685709999,1144,0.0001455160730334134,0.00012731929121772916,0.00012632869612514745,5.334722836568578e-05,2.9597577337182905e-05,4.4627320647456813e-05,5.334722836568578e-05,2.9597577337182905e-05,4.4627320647456813e-05,7.5587969325164955e-05,7.5587969325164955e-05,1.9429000435380954,2.3348459308975058,1.3633959091284582,0,0
1,0.033360476662533146,1152,0.00014552842234235626,0.00012732615197043605,0.00012633901975186729,5.3264712272181947e-05,2.9631434895838232e-05,4.4496696083491793e-05,5.3264712272181947e-05,2.9631434895838232e-05,4.4496696083491793e-05,7.5465935823862044e-05,7.5465935823862044e-05,1.9429000435380954,2.3360233376551216,1.3645733158860738,0,0
1,0.033592146639356293,1160,0.00014554075303309491,0.00012733302080034236,0.00012634931342910384,5.3186492770067672e-05,2.9667306816109617e-05,4.4368762796476245e-05,5.3186492770067672e-05,2.9667306816109617e-05,4.4368762796476245e-05,7.5349447370180628e-05,7.5349447370180628e-05,1.9429000435380954,2.3371810348612021,1.3657310130921543,0,0
1,0.03382381661617944,1168,0.00014555306609751871,0.00012733989817362632,0.00012635957777706484,5.3112539843717854e-05,2.9705188970871985e-05,4.4243492610012463e-05,5.3112539843717854e-05,2.9705188970871985e-05,4.4243492610012463e-05,7.5238466084696053e-05,7.5238466084696053e-05,1.9429000435380954,2.3383521449578852,1.3669021231888376,0,0
1,0.034055486593002587,1176,0.00014556536252070934,0.00012734678455557323,0.00012636981340952667,5.3042824733134262e-05,2.9745077777693009e-05,4.4120858174604551e-05,5.3042824733134262e-05,2.9745077777693009e-05,4.4120858174604551e-05,7.5132955710091536e-05,7.5132955710091536e-05,1.9429000435380954,2.3395467521192548,1.368096730350207,0,0
1,0.034287156569825734,1184,0.00014557764328122899,0.00012735368041070125,0.00012638002093402374,5.2977319913781234e-05,2.9786970194337157e-05,4.4000832951017749e-05,5.2977319913781234e-05,2.9786970194337157e-05,4.4000832951017749e-05,7.5032881585267809e-05,7.5032881585267809e-05,1.9429000435380954,2.3407340976860609,1.3692840759170133,0,0
1,0.034518826546648881,1192,0.00014558990935140454,0.00012736058620288579,0.00012639020095203438,5.291599907724766e-05,2.9830863714591592e-05,4.3883391194205609e-05,5.291599907724766e-05,2.9830863714591592e-05,4.3883391194205609e-05,7.4938210620520516e-05,7.4938210620520516e-05,1.9429000435380954,2.3418993328521616,1.3704493110831137,0,0
1,0.034750496523472021,1200,0.00014560216169760709,0.00012736750239548332,0.0001264003540591631,5.2858837112714977e-05,2.9876756364411315e-05,4.3768507937789931e-05,5.2858837112714977e-05,2.9876756364411315e-05,4.3768507937789931e-05,7.4848911273760728e-05,7.4848911273760728e-05,1.9429000435380954,2.3430424138877162,1.3715923921186686,0,0
1,0.034982166500295168,1208,0.00014561440128052727,0.00012737442945145436,0.00012641048084531932,5.2805810089210427e-05,2.9924646698376626e-05,4.3656158979078495e-05,5.2805810089210427e-05,2.9924646698376626e-05,4.3656158979078495e-05,7.4764953527752543e-05,7.4764953527752543e-05,1.9429000435380954,2.3441632944758122,1.3727132727067646,0,0
1,0.035213836477118315,1216,0.00014562662905544678,0.00012738136783348544,0.00012642058189489227,5.2756895238625393e-05,2.9974533796457097e-05,4.3546320864601334e-05,5.2756895238625393e-05,2.9974533796457097e-05,4.3546320864601334e-05,7.4686308868339823e-05,7.4686308868339823e-05,1.9429000435380954,2.3452619257102674,1.3738119039412195,0,0
1,0.035445506453941462,1224,0.00014563884537948513,0.00012738831765211607,0.00012643065720770207,5.2701311329717237e-05,3.0020028819734953e-05,4.3428469188608428e-05,5.2701311329717237e-05,3.0020028819734953e-05,4.3428469188608428e-05,7.4596664015728011e-05,7.4596664015728011e-05,1.9429000435380954,2.3463381355882817,1.3748881138192339,0,0
1,0.035677176430764609,1232,0.00014565104727380857,0.00012739527703668858,0.0001264407035410139,5.2637948722291758e-05,3.0060451075808101e-05,4.3301659921815596e-05,5.2637948722291758e-05,3.0060451075808101e-05,4.3301659921815596e-05,7.4494416680421363e-05,7.4494416680421363e-05,1.9429000435380954,2.3469907079059178,1.3755406861368702,0,0
1,0.035908846407587756,1240,0.00014566323442646701,0.00012740224578356314,0.00012645072040692819,5.256936630961812e-05,3.0098857471811416e-05,4.317061503701964e-05,5.256936630961812e-05,3.0098857471811416e-05,4.317061503701964e-05,7.4385358088657319e-05,7.4385358088657319e-05,1.9429000435380954,2.3473253246909049,1.3758753029218571,0,0
1,0.036140516384410903,1248,0.00014567540450533806,0.00012740922294552384,0.00012646070598931476,5.2495224000497328e-05,3.0135088261230442e-05,4.3035036000720428e-05,5.2495224000497328e-05,3.0135088261230442e-05,4.3035036000720428e-05,7.4269013800897088e-05,7.4269013800897088e-05,1.9429000435380954,2.3476389617409734,1.3761889399719256,0,0
1,0.03637218636123405,1256,0.00014568755786297519,0.00012741620871785294,0.00012647066044748593,5.2425007898428467e-05,3.0173189951561747e-05,4.2901916156130589e-05,5.2425007898428467e-05,3.0173189951561747e-05,4.2901916156130589e-05,7.4157786205299934e-05,7.4157786205299934e-05,1.9429000435380954,2.3479315236107263,1.3764815018416785,0,0
1,0.036603856338057197,1264,0.00014569969540592908,0.00012742320353360584,0.00012648058434814897,5.2358691995986191e-05,3.0213159375141235e-05,4.2771229607168051e-05,5.2358691995986191e-05,3.0213159375141235e-05,4.2771229607168051e-05,7.4051642176708822e-05,7.4051642176708822e-05,1.9429000435380954,2.3482029180935342,1.3767528963244864,0,0
1,0.036835526314880344,1272,0.00014571181803484838,0.00012743020782515803,0.00012649047825209335,5.2296251346015014e-05,3.0254993829097714e-05,4.2642951159551182e-05,5.2296251346015014e-05,3.0254993829097714e-05,4.2642951159551182e-05,7.3950549964420042e-05,7.3950549964420042e-05,1.9429000435380954,2.3484581469649868,1.377008125195939,0,0
1,0.037067196291703491,1280,0.00014572392664472363,0.00012743722202431242,0.00012650034271435181,5.2237662045400613e-05,3.0298691071877482e-05,4.2517056306878166e-05,5.2237662045400613e-05,3.0298691071877482e-05,4.2517056306878166e-05,7.3854479171143073e-05,7.3854479171143073e-05,1.9429000435380954,2.3487628653974624,1.3773128436284146,0,0
1,0.037298866268526638,1288,0.00014573602212512697,0.00012744424656240566,0.00012651017828435799,5.2182901219489195e-05,3.0344249320020537e-05,4.2393521217160651e-05,5.2182901219489195e-05,3.0344249320020537e-05,4.2393521217160651e-05,7.3763400732805044e-05,7.3763400732805044e-05,1.9429000435380954,2.3491369247295877,1.3776869029605401,0,0
1,0.037530536245349785,1296,0.00014574810536044898,0.00012745128187041402,0.00012651998550610116,5.2131947007136032e-05,3.039166724518717e-05,4.2272322719791067e-05,5.2131947007136032e-05,3.039166724518717e-05,4.2272322719791067e-05,7.3677286899173926e-05,7.3677286899173926e-05,1.9429000435380954,2.3495799994936264,1.3781299777245788,0,0
1,0.037762206222172932,1304,0.00014576017723013171,0.00012745832837905848,0.00012652976491827825,5.2084778546367909e-05,3.04409439714295e-05,4.2153438292934811e-05,5.2084778546367909e-05,3.04409439714295e-05,4.2153438292934811e-05,7.3596111215282024e-05,7.3596111215282024e-05,1.9429000435380954,2.3500917795768554,1.3786417578078076,0,0
1,0.037993876198996079,1312,0.00014577223860889844,0.00012746538651890927,0.00012653951705444237,5.204078558959622e-05,3.049169840862187e-05,4.2036347985374086e-05,5.204078558959622e-05,3.049169840862187e-05,4.2036347985374086e-05,7.3518987945782701e-05,7.3518987945782701e-05,1.9429000435380954,2.3506719701181127,1.3792219483490651,0,0
1,0.038225546175819226,1320,0.0001457842880487096,0.00012747245522538744,0.00012654924048879131,5.1982313042190116e-05,3.0532555085235235e-05,4.1906170338276987e-05,5.1982313042190116e-05,3.0532555085235235e-05,4.1906170338276987e-05,7.3420194099919526e-05,7.3420194099919526e-05,1.9429000435380954,2.3513201303569167,1.3798701085878688,0,0
1,0.038457216152642373,1328,0.00014579632438524486,0.00012747953361863049,0.00012655893403916484,5.192766145892273e-05,3.057532350527507e-05,4.1778356435579801e-05,5.192766145892273e-05,3.057532350527507e-05,4.1778356435579801e-05,7.3326417466715692e-05,7.3326417466715692e-05,1.9429000435380954,2.3520357890845687,1.3805857673155211,0,0
1,0.03868888612946552,1336,0.00014580834850105046,0.00012748662214123578,0.00012656859825041359,5.1876808081092434e-05,3.0620001193429146e-05,4.1652882582216898e-05,5.1876808081092434e-05,3.0620001193429146e-05,4.1652882582216898e-05,7.3237629106737519e-05,7.3237629106737519e-05,1.9429000435380954,2.352818603662898,1.3813685818938504,0,0
1,0.038920556106288667,1344,0.0001458203612735183,0.00012749372123528255,0.00012657823366197615,5.1829731167543443e-05,3.0666586150009037e-05,4.1529725749695124e-05,5.1829731167543443e-05,3.0666586150009037e-05,4.1529725749695124e-05,7.3153801403895891e-05,7.3153801403895891e-05,1.9429000435380954,2.353668247467287,1.3822182256982394,0,0
1,0.039152226083111814,1352,0.00014583236357511997,0.00012750083134244138,0.00012658784080803227,5.1786409980120703e-05,3.0715076847695206e-05,4.1408863563426748e-05,5.1786409980120703e-05,3.0715076847695206e-05,4.1408863563426748e-05,7.3074908046493356e-05,7.3074908046493356e-05,1.9429000435380954,2.3545844097681754,1.3831343879991278,0,0
1,0.039383896059934961,1360,0.00014584435627363744,0.00012750795290408353,0.00012659742021765258,5.1746824769736782e-05,3.076547222854239e-05,4.1290274290482992e-05,5.1746824769736782e-05,3.076547222854239e-05,4.1290274290482992e-05,7.3000924009072502e-05,7.3000924009072502e-05,1.9429000435380954,2.3555667956172068,1.3841167738481592,0,0
1,0.039615566036758108,1368,0.00014585634023239085,0.00012751508636138921,0.00012660697241494612,5.1710956763034228e-05,3.0817771701240283e-05,4.1173936827754458e-05,5.1710956763034228e-05,3.0817771701240283e-05,4.1173936827754458e-05,7.2931825535043872e-05,7.2931825535043872e-05,1.9429000435380954,2.356604022020484,1.3851540002514364,0,0
1,0.039847236013581255,1376,0.00014586831449775467,0.00012752223134945216,0.00012661649661600748,5.166194501501699e-05,3.0864482073511577e-05,4.1047716989426742e-05,5.166194501501699e-05,3.0864482073511577e-05,4.1047716989426742e-05,7.2845644251697222e-05,7.2845644251697222e-05,1.9429000435380954,2.3576291333570616,1.3861791115880138,0,0
1,0.040078905990404402,1384,0.00014588027755515167,0.00012752938725191134,0.00012662599162703236,5.1614858411080137e-05,3.0912184354108203e-05,4.0922310409507342e-05,5.1614858411080137e-05,3.0912184354108203e-05,4.0922310409507342e-05,7.2761887273422855e-05,7.2761887273422855e-05,1.9429000435380954,2.3586308029063656,1.387180781137318,0,0
1,0.040310575967227549,1392,0.00014589222768446341,0.00012753655284919799,0.00012663545561417684,5.1550854708559326e-05,3.0948503825515463e-05,4.0780389145208041e-05,5.1550854708559326e-05,3.0948503825515463e-05,4.0780389145208041e-05,7.2652189568212874e-05,7.2652189568212874e-05,1.9429000435380954,2.359608539611648,1.3881585178426004,0,0
1,0.040542245944050696,1400,0.00014590416340071232,0.0001275437270676933,0.00012664488698354342,5.1490426946623031e-05,3.0986610392562867e-05,4.0640718032695202e-05,5.1490426946623031e-05,3.0986610392562867e-05,4.0640718032695202e-05,7.2547240147224381e-05,7.2547240147224381e-05,1.9429000435380954,2.360561916325131,1.3891118945560832,0,0
1,0.040773915920873843,1408,0.00014591608552968905,0.00012755091032101785,0.00012665428625367113,5.1433552425903294e-05,3.1026500709058733e-05,4.0503273404568816e-05,5.1433552425903294e-05,3.1026500709058733e-05,4.0503273404568816e-05,7.244700972353943e-05,7.244700972353943e-05,1.9429000435380954,2.3614909079345838,1.3900408861655362,0,0
1,0.04100558589769699,1416,0.00014592799489203097,0.00012755810302206543,0.00012666365393768656,5.1380209354003479e-05,3.1068171847047891e-05,4.0368032200288162e-05,5.1380209354003479e-05,3.1068171847047891e-05,4.0368032200288162e-05,7.2351470191713647e-05,7.2351470191713647e-05,1.9429000435380954,2.3623954870811965,1.3909454653121487,0,0
1,0.041237255874520137,1424,0.0001459398923034304,0.00012756530558309968,0.00012667299054344291,5.1330376832106404e-05,3.1111621293504214e-05,4.0234971954461571e-05,5.1330376832106404e-05,3.1111621293504214e-05,4.0234971954461571e-05,7.2260594610152365e-05,7.2260594610152365e-05,1.9429000435380954,2.3632756241626507,1.3918256023936029,0,0
1,0.041468925851343284,1432,0.00014595177857484041,0.00012757251841584986,0.00012668229657365672,5.1284034842101778e-05,3.1156846947240948e-05,4.0104070785498862e-05,5.1284034842101778e-05,3.1156846947240948e-05,4.0104070785498862e-05,7.2174357184169019e-05,7.2174357184169019e-05,1.9429000435380954,2.3637889282235194,1.3923389064544718,0,0
1,0.041700595828166431,1440,0.0001459636545126772,0.00012757974193160581,0.00012669157252604183,5.1241164234224364e-05,3.1203847116033203e-05,3.9975307384623847e-05,5.1241164234224364e-05,3.1203847116033203e-05,3.9975307384623847e-05,7.2092733249715883e-05,7.2092733249715883e-05,1.9429000435380954,2.3629949404396124,1.3915449186705648,0,0
1,0.041932265804989578,1448,0.00014597552091902012,0.00012758697654131248,0.00012670081889344076,5.1201746715188353e-05,3.1252620513951153e-05,3.9848661005232153e-05,5.1201746715188353e-05,3.1252620513951153e-05,3.9848661005232153e-05,7.2015699257767758e-05,7.2015699257767758e-05,1.9429000435380954,2.3622920533868332,1.3908420316177856,0,0
1,0.042163935781812725,1456,0.00014598737859180847,0.00012759422265566368,0.00012671003616395384,5.1165764836806832e-05,3.1303166258899912e-05,3.9724111452587767e-05,5.1165764836806832e-05,3.1303166258899912e-05,3.9724111452587767e-05,7.1943232759345501e-05,7.1943232759345501e-05,1.9429000435380954,2.3616799106197903,1.3902298888507427,0,0
1,0.042395605758635872,1464,0.00014599922832503624,0.00012760148068519545,0.00012671922482106581,5.1133201985084853e-05,3.1355483870363252e-05,3.9601639073844993e-05,5.1133201985084853e-05,3.1355483870363252e-05,3.9601639073844993e-05,7.1875312391162389e-05,7.1875312391162389e-05,1.9429000435380954,2.3611581723295307,1.3897081505604831,0,0
1,0.042627275735459019,1472,0.00014601107090894412,0.00012760875104037887,0.00012672838534377024,5.1104042369775295e-05,3.1409573267349115e-05,3.9481224748389255e-05,5.1104042369775295e-05,3.1409573267349115e-05,3.9481224748389255e-05,7.1811917861881288e-05,7.1811917861881288e-05,1.9429000435380954,2.3607265152353833,1.3892764934663357,0,0
1,0.042858945712282166,1480,0.0001460229071302091,0.00012761603413171231,0.00012673751820669181,5.1078271014386972e-05,3.1465434766532669e-05,3.936284987848823e-05,5.1078271014386972e-05,3.1465434766532669e-05,3.936284987848823e-05,7.1753029938968353e-05,7.1753029938968353e-05,1.9429000435380954,2.360384632481622,1.3889346107125744,0,0
1,0.043090615689105313,1488,0.00014603473777213187,0.00012762333036981345,0.00012674662388020638,5.1055873746635704e-05,3.1523069080596064e-05,3.9246496380244054e-05,5.1055873746635704e-05,3.1523069080596064e-05,3.9246496380244054e-05,7.169863043613139e-05,7.169863043613139e-05,1.9429000435380954,2.3601322335385713,1.3886822117695234,0,0
1,0.04332228566592846,1496,0.00014604656361482212,0.00012763064016551071,0.00012675570283055899,5.1036837189328161e-05,3.1582477316762284e-05,3.9132146674837183e-05,5.1036837189328161e-05,3.1582477316762284e-05,3.9132146674837183e-05,7.1648702201329272e-05,7.1648702201329272e-05,1.9429000435380954,2.3599646282093829,1.3885146064403353,0,0
1,0.043553955642751607,1504,0.00014605838540945093,0.00012763796391779877,0.00012676475550206951,5.101915458609829e-05,3.1642727542889167e-05,3.9018406349687017e-05,5.101915458609829e-05,3.1642727542889167e-05,3.9018406349687017e-05,7.1600645074629095e-05,7.1600645074629095e-05,1.9429000435380954,2.3598002599447749,1.3883502381757273,0,0
1,0.043785625619574754,1512,0.00014607020148306321,0.00012764530089169333,0.00012677378066199756,5.0989213219749375e-05,3.1697442816431206e-05,3.8895855039789324e-05,5.0989213219749375e-05,3.1697442816431206e-05,3.8895855039789324e-05,7.1536810700130427e-05,7.1536810700130427e-05,1.9429000435380954,2.3596084192733406,1.3881583975042928,0,0
1,0.044017295596397901,1520,0.0001460820110033185,0.00012765265074389433,0.00012678277765355823,5.0962577245293629e-05,3.1753905645788369e-05,3.8775226674642632e-05,5.0962577245293629e-05,3.1753905645788369e-05,3.8775226674642632e-05,7.147736010034274e-05,7.147736010034274e-05,1.9429000435380954,2.3593889712147371,1.3879389494456893,0,0
1,0.044248965573221048,1528,0.00014609381473435883,0.00012766001387931505,0.00012679174692021338,5.0939232823348723e-05,3.1812116587601742e-05,3.8656503837424598e-05,5.0939232823348723e-05,3.1812116587601742e-05,3.8656503837424598e-05,7.1422275876279078e-05,7.1422275876279078e-05,1.9429000435380954,2.3591418698705513,1.3876918481015037,0,0
1,0.044480635550044195,1536,0.00014610561323698994,0.00012766739056781454,0.00012680068873883768,5.0913477081277639e-05,3.1868233394673658e-05,3.8535049607798585e-05,5.0913477081277639e-05,3.1868233394673658e-05,3.8535049607798585e-05,7.1363271340926305e-05,7.1363271340926305e-05,1.9429000435380954,2.3588670724445708,1.387417050675523,0,0
1,0.044712305526867335,1544,0.00014611740426362228,0.00012767477918389922,0.00012680960110737562,5.0878662253118667e-05,3.1917768046603157e-05,3.8405492306964606e-05,5.0878662253118667e-05,3.1917768046603157e-05,3.8405492306964606e-05,7.1290700859817627e-05,7.1290700859817627e-05,1.9429000435380954,2.3585646161234011,1.3871145943543532,0,0
1,0.044943975503690482,1552,0.00014612918760883089,0.00012768217948198369,0.00012681848368807324,5.0847160867304289e-05,3.1969083532601692e-05,3.8277888876127488e-05,5.0847160867304289e-05,3.1969083532601692e-05,3.8277888876127488e-05,7.1222558554106643e-05,7.1222558554106643e-05,1.9429000435380954,2.3582344830982471,1.3867844613291997,0,0
1,0.045175645480513629,1560,0.00014614096396346662,0.00012768959182278956,0.00012682733686911969,5.0815192932839146e-05,3.2019581340887802e-05,3.8149092558288674e-05,5.0815192932839146e-05,3.2019581340887802e-05,3.8149092558288674e-05,7.1153290050905387e-05,7.1153290050905387e-05,1.9429000435380954,2.3578766280761965,1.3864266063071486,0,0
1,0.045407315457336776,1568,0.00014615273107588067,0.00012769701453689466,0.000126836158600399,5.0770479636710777e-05,3.2060774188205454e-05,3.8008992210696193e-05,5.0770479636710777e-05,3.2060774188205454e-05,3.8008992210696193e-05,7.1064888186512533e-05,7.1064888186512533e-05,1.9429000435380954,2.3574910924622996,1.386041070693252,0,0
1,0.045638985434159923,1576,0.0001461644882023812,0.00012770444699128247,0.00012684494810905717,5.072898181324917e-05,3.2103668468544062e-05,3.7870912194677123e-05,5.072898181324917e-05,3.2103668468544062e-05,3.7870912194677123e-05,7.0980850342920658e-05,7.0980850342920658e-05,1.9429000435380954,2.3570778936760184,1.3856278719069706,0,0
1,0.04587065541098307,1584,0.00014617623608585519,0.00012771188957983229,0.00012685370586082193,5.0690681966955588e-05,3.2148261727248182e-05,3.7734832547184027e-05,5.0690681966955588e-05,3.2148261727248182e-05,3.7734832547184027e-05,7.090115343012908e-05,7.090115343012908e-05,1.9429000435380954,2.3566370085732524,1.3851869868042048,0,0
1,0.046102325387806217,1592,0.00014618797546522353,0.00012771934269589774,0.00012686243231685454,5.065556335199403e-05,3.2194551880075436e-05,3.7600733806977983e-05,5.065556335199403e-05,3.2194551880075436e-05,3.7600733806977983e-05,7.082577533701955e-05,7.082577533701955e-05,1.9429000435380954,2.3561684116016446,1.3847183898325968,0,0
1,0.046333995364629364,1600,0.00014619970707561351,0.00012772680673239209,0.00012687112793386497,5.0623609962349197e-05,3.2242537210571946e-05,3.7468597005670703e-05,5.0623609962349197e-05,3.2242537210571946e-05,3.7468597005670703e-05,7.0754694918206902e-05,7.0754694918206902e-05,1.9429000435380954,2.35567207480437,1.3842220530353222,0,0
1,0.046565665341452511,1608,0.00014621143164852911,0.00012773428208187352,0.00012687979316422494,5.0594806522380894e-05,3.2292216367629104e-05,3.733840365904382e-05,5.0594806522380894e-05,3.2292216367629104e-05,3.733840365904382e-05,7.0687891981418045e-05,7.0687891981418045e-05,1.9429000435380954,2.3551479678226488,1.383697946053601,0,0
1,0.046797335318275658,1616,0.00014622314991201901,0.00012774176913662921,0.00012688842845607929,5.0569138477764679e-05,3.2343588363214708e-05,3.7210135758640486e-05,5.0569138477764679e-05,3.2343588363214708e-05,3.7210135758640486e-05,7.0625347275386001e-05,7.0625347275386001e-05,1.9429000435380954,2.354596057898402,1.3831460361293544,0,0
1,0.047029005295098805,1624,0.00014623486259084291,0.00012774926828875932,0.00012689703425345511,5.0546591986812517e-05,3.2396652570280906e-05,3.7083775763618393e-05,5.0546591986812517e-05,3.2396652570280906e-05,3.7083775763618393e-05,7.0567042478249844e-05,7.0567042478249844e-05,1.9429000435380954,2.3540163098750644,1.3825662881060166,0,0
1,0.047260675271921952,1632,0.00014624657040663555,0.00012775677993026038,0.00012690561099636921,5.0527153912163314e-05,3.2451408720842861e-05,3.6959306592861006e-05,5.0527153912163314e-05,3.2451408720842861e-05,3.6959306592861006e-05,7.0512960186448951e-05,7.0512960186448951e-05,1.9429000435380954,2.3534099646804862,1.3819599429114386,0,0
1,0.047492345248745099,1640,0.0001462582740525099,0.00012776430444039731,0.00012691415910414498,5.0508851465352955e-05,3.2506881870170018e-05,3.6835424004376601e-05,5.0508851465352955e-05,3.2506881870170018e-05,3.6835424004376601e-05,7.0460555680838054e-05,7.0460555680838054e-05,1.9429000435380954,2.3528096525303064,1.381359630761259,0,0
1,0.047724015225568246,1648,0.00014626997184343941,0.00012777184101615572,0.00012692267743173911,5.0478344591856623e-05,3.2556432065182011e-05,3.6703352936749214e-05,5.0478344591856623e-05,3.2556432065182011e-05,3.6703352936749214e-05,7.039261792509644e-05,7.039261792509644e-05,1.9429000435380954,2.3522294671899426,1.3807794454208948,0,0
1,0.047955685202391393,1656,0.00014628166292180976,0.00012777938926437349,0.00012693116537443024,5.0450899754896612e-05,3.2607649692426751e-05,3.6573109103259078e-05,5.0450899754896612e-05,3.2607649692426751e-05,3.6573109103259078e-05,7.032883060325643e-05,7.032883060325643e-05,1.9429000435380954,2.3516691669625915,1.3802191451935439,0,0
1,0.04818735517921454,1664,0.00014629334799539433,0.00012778694957123689,0.00012693962335354712,5.0426503183241054e-05,3.2660533880631289e-05,3.6444675427590741e-05,5.0426503183241054e-05,3.2660533880631289e-05,3.6444675427590741e-05,7.0269175772024825e-05,7.0269175772024825e-05,1.9429000435380954,2.3511285402564801,1.3796785184874323,0,0
1,0.048419025156037687,1672,0.00014630502776885422,0.00012779452232277024,0.00012694805178651219,5.0405141777913712e-05,3.2715084103029399e-05,3.6318035261294827e-05,5.0405141777913712e-05,3.2715084103029399e-05,3.6318035261294827e-05,7.0213636359047271e-05,7.0213636359047271e-05,1.9429000435380954,2.3499385090642302,1.3784884872951824,0,0
1,0.048650695132860834,1680,0.00014631670294389294,0.00012780210790491566,0.00012695645108693976,5.0386803104571508e-05,3.2771300175582634e-05,3.6193172376636481e-05,5.0386803104571508e-05,3.2771300175582634e-05,3.6193172376636481e-05,7.0162196152785309e-05,7.0162196152785309e-05,1.9429000435380954,2.3484948256791718,1.377044803910124,0,0
1,0.048882365109683981,1688,0.00014632837421940979,0.00012780970670361208,0.00012696482166473278,5.0371475386212792e-05,3.2829182255357474e-05,3.6070070959663389e-05,5.0371475386212792e-05,3.2829182255357474e-05,3.6070070959663389e-05,7.0114839792831805e-05,7.0114839792831805e-05,1.9429000435380954,2.3470227038029923,1.3755726820339447,0,0
1,0.049114035086507128,1696,0.00014634004229165107,0.00012781731910487421,0.00012697316392617773,5.0359147496212594e-05,3.288873083905834e-05,3.5948715603494466e-05,5.0359147496212594e-05,3.288873083905834e-05,3.5948715603494466e-05,7.0071552760662072e-05,7.0071552760662072e-05,1.9429000435380954,2.3455220412475408,1.374072019478493,0,0
1,0.049345705063330275,1704,0.00014635170785435995,0.00012782494549487113,0.00012698147827403845,5.0349808951675396e-05,3.2949946761714375e-05,3.5829091301816366e-05,5.0349808951675396e-05,3.2949946761714375e-05,3.5829091301816366e-05,7.0032321370806468e-05,7.0032321370806468e-05,1.9429000435380954,2.3439927336822,1.3725427119131524,0,0
1,0.049577375040153422,1712,0.00014636337159892507,0.00012783258626000428,0.00012698976510764801,5.0343449907101268e-05,3.3012831195516998e-05,3.5711183442586619e-05,5.0343449907101268e-05,3.3012831195516998e-05,3.5711183442586619e-05,6.9997132762439552e-05,6.9997132762439552e-05,1.9429000435380954,2.3424767171341148,1.3710266953650669,0,0
1,0.049809045016976569,1720,0.00014637503421452755,0.0001278402417869858,0.00012699802482299931,5.0340061148359944e-05,3.3077385648810217e-05,3.55949778019371e-05,5.0340061148359944e-05,3.3077385648810217e-05,3.55949778019371e-05,6.9965974891379374e-05,6.9965974891379374e-05,1.9429000435380954,2.3410310026817669,1.3695809809127191,0,0
1,0.050040714993799716,1728,0.00014638669638828626,0.00012784791246291596,0.00012700625781283457,5.033963408696524e-05,3.3143611965226938e-05,3.5480460538275998e-05,5.033963408696524e-05,3.3143611965226938e-05,3.5480460538275998e-05,6.9938836522487612e-05,6.9938836522487612e-05,1.9429000435380954,2.3396557928185553,1.3682057710495075,0,0
1,0.050272384970622863,1736,0.00014639835880540236,0.00012785559867536106,0.00012701446446673292,5.0342160754647407e-05,3.3211512322975728e-05,3.53676181865784e-05,5.0342160754647407e-05,3.3211512322975728e-05,3.53676181865784e-05,6.9915707222465551e-05,6.9915707222465551e-05,1.9429000435380954,2.3383509792262696,1.366900957457222,0,0
1,0.05050405494744601,1744,0.00014641002214930244,0.00012786330081243058,0.00012702264517119722,5.0347633798215412e-05,3.328108923427227e-05,3.5256437652864059e-05,5.0347633798215412e-05,3.328108923427227e-05,3.5256437652864059e-05,6.9896577353037012e-05,6.9896577353037012e-05,1.9429000435380954,2.3371164669162305,1.3656664451471829,0,0
1,0.050735724924269157,1752,0.00014642168494933064,0.00012787101772529077,0.00012703079868275641,5.0330182058287053e-05,3.3333837272776346e-05,3.5127408628895462e-05,5.0330182058287053e-05,3.3333837272776346e-05,3.5127408628895462e-05,6.9844160602942706e-05,6.9844160602942706e-05,1.9429000435380954,2.3359523732602945,1.3645023514912469,0,0
1,0.050967394901092304,1760,0.0001464333419929503,0.00012787874557281941,0.000127038920971521,5.0305216544024587e-05,3.3380712559391017e-05,3.4992376455773936e-05,5.0305216544024587e-05,3.3380712559391017e-05,3.4992376455773936e-05,6.9780750873980221e-05,6.9780750873980221e-05,1.9429000435380954,2.3348591091620765,1.3634090873930287,0,0
1,0.051199064877915451,1768,0.00014644499358908215,0.00012788648446784075,0.00012704701218907213,5.0283151844667759e-05,3.3429209721913353e-05,3.4859168904005961e-05,5.0283151844667759e-05,3.3429209721913353e-05,3.4859168904005961e-05,6.9721367447459008e-05,6.9721367447459008e-05,1.9429000435380954,2.3338364766923361,1.3623864549232885,0,0
1,0.051430734854738598,1776,0.00014645664040826553,0.00012789423478594902,0.0001270550727561837,5.0263975182918178e-05,3.3479327558096962e-05,3.4727769331071892e-05,5.0263975182918178e-05,3.3479327558096962e-05,3.4727769331071892e-05,6.9665992691150992e-05,6.9665992691150992e-05,1.9429000435380954,2.3328842509287413,1.3614342291596935,0,0
1,0.051662404831561745,1784,0.00014646828121160036,0.00012790199588987464,0.00012706310191173037,5.0230918894684334e-05,3.3522162715791465e-05,3.4587807523024244e-05,5.0230918894684334e-05,3.3522162715791465e-05,3.4587807523024244e-05,6.9593081807016764e-05,6.9593081807016764e-05,1.9429000435380954,2.3320022785095382,1.3605522567404904,0,0
1,0.051894074808384892,1792,0.00014647991462012479,0.00012790976706633523,0.00012707109880549569,5.020043017008609e-05,3.3566440499602543e-05,3.4449434631114731e-05,5.020043017008609e-05,3.3566440499602543e-05,3.4449434631114731e-05,6.9523756108818627e-05,6.9523756108818627e-05,1.9429000435380954,2.3311903655558126,1.359740343786765,0,0
1,0.052125744785208039,1800,0.00014649154129572954,0.00012791754868576429,0.00012707906384603381,5.017279145564893e-05,3.3612316224769538e-05,3.4312816665656425e-05,5.017279145564893e-05,3.3612316224769538e-05,3.4312816665656425e-05,6.9458377406738292e-05,6.9458377406738292e-05,1.9429000435380954,2.3304482387039722,1.3589982169349244,0,0
1,0.052357414762031186,1808,0.00014650316189709466,0.00012792534111814237,0.00012708699743795064,5.0147989198700321e-05,3.3659788093863617e-05,3.4177936792340438e-05,5.0147989198700321e-05,3.3659788093863617e-05,3.4177936792340438e-05,6.9396927299254294e-05,6.9396927299254294e-05,1.9429000435380954,2.3297756379112013,1.3583256161421537,0,0
1,0.052589084738854333,1816,0.00014651477707983046,0.00012793314473307041,0.00012709489998199828,5.0126010450884984e-05,3.3708854626547628e-05,3.4044778575971999e-05,5.0126010450884984e-05,3.3708854626547628e-05,3.4044778575971999e-05,6.9339388173266379e-05,6.9339388173266379e-05,1.9429000435380954,2.3291723163718268,1.3577222946027792,0,0
1,0.05282075471567748,1824,0.00014652638749661676,0.00012794095989984291,0.00012710277187516703,5.0106842861045963e-05,3.3759514657547685e-05,3.3913325973768728e-05,5.0106842861045963e-05,3.3759514657547685e-05,3.3913325973768728e-05,6.9285743194526155e-05,6.9285743194526155e-05,1.9429000435380954,2.3286380404360947,1.3571880186670471,0,0
1,0.053052424692500627,1832,0.00014653799379734067,0.00012794878698752077,0.00012711061351077533,5.0090474668397683e-05,3.3811767334766696e-05,3.3783563328861075e-05,5.0090474668397683e-05,3.3811767334766696e-05,3.3783563328861075e-05,6.9235976298460272e-05,6.9235976298460272e-05,1.9429000435380954,2.3281725895313494,1.3567225677623016,0,0
1,0.053284094669323774,1840,0.00014654959662923234,0.00012795662636500352,0.00012711842527855845,5.0076894695982909e-05,3.3865612117535345e-05,3.3655475363991784e-05,5.0076894695982909e-05,3.3865612117535345e-05,3.3655475363991784e-05,6.919007218137712e-05,6.919007218137712e-05,1.9429000435380954,2.3277757560867172,1.3563257343176696,0,0
1,0.053515764646146921,1848,0.00014656119663699965,0.00012796447840110142,0.00012712620756475586,5.006609234440835e-05,3.3921048775002343e-05,3.3529047175402782e-05,5.006609234440835e-05,3.3921048775002343e-05,3.3529047175402782e-05,6.9148016292047717e-05,6.9148016292047717e-05,1.9429000435380954,2.3274473454604698,1.355997323691422,0,0
1,0.053747434622970068,1856,0.00014657279446296116,0.00012797234346460692,0.00012713396075219685,5.0058057585854306e-05,3.397807738465863e-05,3.3404264226912716e-05,5.0058057585854306e-05,3.397807738465863e-05,3.3404264226912716e-05,6.9109794823656915e-05,6.9109794823656915e-05,1.9429000435380954,2.3271871758703266,1.3557371541012788,0,0
1,0.053979104599793215,1864,0.00014658439074717797,0.00012798022192436615,0.00012714168522038526,5.0052780958351808e-05,3.4036698330997233e-05,3.3281112344173259e-05,5.0052780958351808e-05,3.4036698330997233e-05,3.3281112344173259e-05,6.9075394706114688e-05,6.9075394706114688e-05,1.9429000435380954,2.326995078326684,1.3555450565576364,0,0
1,0.054210774576616362,1872,0.00014659598612758417,0.00012798811414934958,0.00012714938134558246,5.0050253560323207e-05,3.4096912304303601e-05,3.3159577709105982e-05,5.0050253560323207e-05,3.4096912304303601e-05,3.3159577709105982e-05,6.9044803598723153e-05,6.9044803598723153e-05,1.9429000435380954,2.3268708965686926,1.3554208747996452,0,0
1,0.054442444553439502,1880,0.00014660758124011595,0.00012799602050872307,0.00012715704950088931,5.0050467045381567e-05,3.415872029957886e-05,3.3039646854511564e-05,5.0050467045381567e-05,3.415872029957886e-05,3.3039646854511564e-05,6.9018009883192974e-05,6.9018009883192974e-05,1.9429000435380954,2.326814487002876,1.3553644652338284,0,0
1,0.054674114530262649,1888,0.0001466191767188398,0.00012800394137191807,0.00012716469005632694,5.0053413617383226e-05,3.4222123615592018e-05,3.2921306658847599e-05,5.0053413617383226e-05,3.4222123615592018e-05,3.2921306658847599e-05,6.8995002657001097e-05,6.8995002657001097e-05,1.9429000435380954,2.3268257186449044,1.3553756968758568,0,0
1,0.054905784507085796,1896,0.0001466307731960794,0.00012801187710870205,0.00012717230337891614,5.0059086025730555e-05,3.4287123854060572e-05,3.2804544341173888e-05,5.0059086025730555e-05,3.4287123854060572e-05,3.2804544341173888e-05,6.8975771727087083e-05,6.8975771727087083e-05,1.9429000435380954,2.3269044730636841,1.3554544512946363,0,0
1,0.055137454483908943,1904,0.00014664237130254134,0.0001280198280892487,0.00012717988983275568,5.0067477560920219e-05,3.4353722918959383e-05,3.2689347456258838e-05,5.0067477560920219e-05,3.4353722918959383e-05,3.2689347456258838e-05,6.8960307603881091e-05,6.8960307603881091e-05,1.9429000435380954,2.3270506443282333,1.3556006225591855,0,0
1,0.05536912446073209,1912,0.00014665397166744006,0.00012802779468420758,0.00012718744977909964,5.0078582050332171e-05,3.4421923015954549e-05,3.2575703889843783e-05,5.0078582050332171e-05,3.4421923015954549e-05,3.2575703889843783e-05,6.894860149565716e-05,6.894860149565716e-05,1.9429000435380954,2.3272641389574527,1.3558141171884048,0,0
1,0.055600794437555237,1920,0.00014666557378368669,0.00012803577662061003,0.00012719498292324821,5.0079518044309767e-05,3.4484417084988275e-05,3.2456191715865516e-05,5.0079518044309767e-05,3.4484417084988275e-05,3.2456191715865516e-05,6.8924143302175295e-05,6.8924143302175295e-05,1.9429000435380954,2.3275448258177622,1.3560948040487144,0,0
1,0.055832464414378384,1928,0.00014667717560406301,0.00012804377275084031,0.00012720248808228144,5.0079101782267943e-05,3.4546202522862464e-05,3.2335876987297603e-05,5.0079101782267943e-05,3.4546202522862464e-05,3.2335876987297603e-05,6.8898225554850286e-05,6.8898225554850286e-05,1.9429000435380954,2.3273023195969205,1.3558522978278726,0,0
1,0.056064134391201531,1936,0.00014668877763827955,0.00012805178337821135,0.00012720996554295238,5.0081362866616404e-05,3.460957070282392e-05,3.2217070416842408e-05,5.0081362866616404e-05,3.460957070282392e-05,3.2217070416842408e-05,6.8876011187170638e-05,6.8876011187170638e-05,1.9429000435380954,2.3266644392911022,1.3552144175220546,0,0
1,0.056295804368024678,1944,0.00014670038050575601,0.00012805980886956362,0.00012721741565319453,5.0086294125232221e-05,3.4674523113251298e-05,3.2099759441145725e-05,5.0086294125232221e-05,3.4674523113251298e-05,3.2099759441145725e-05,6.8857490286170707e-05,6.8857490286170707e-05,1.9429000435380954,2.3260947826017229,1.3546447608326753,0,0
1,0.056527474344847825,1952,0.0001467119845413445,0.00012806784938445905,0.0001272248385564873,5.0087308028831862e-05,3.4736231593491239e-05,3.1979245652795441e-05,5.0087308028831862e-05,3.4736231593491239e-05,3.1979245652795441e-05,6.8833250420226259e-05,6.8833250420226259e-05,1.9429000435380954,2.3255932980345038,1.3541432762654559,0,0
1,0.056759144321670972,1960,0.00014672358566459288,0.0001280759018085916,0.00012723223136881291,5.0063942458758847e-05,3.4779351276497731e-05,3.1842091767071106e-05,5.0063942458758847e-05,3.4779351276497731e-05,3.1842091767071106e-05,6.8774416884700076e-05,6.8774416884700076e-05,1.9429000435380954,2.3251600086671829,1.353709986898135,0,0
1,0.056990814298494119,1968,0.00014673518135904562,0.00012808396415847485,0.00012723959239042593,5.0041784837071523e-05,3.4822933859852417e-05,3.17056654185165e-05,5.0041784837071523e-05,3.4822933859852417e-05,3.17056654185165e-05,6.8717291651507415e-05,6.8717291651507415e-05,1.9429000435380954,2.3247948824479541,1.3533448606789065,0,0
1,0.057222484275317266,1976,0.00014674677222500086,0.00012809203678366905,0.00012724692199630205,5.0022256206434211e-05,3.4868057475342538e-05,3.1570877954291947e-05,5.0022256206434211e-05,3.4868057475342538e-05,3.1570877954291947e-05,6.8663876113213515e-05,6.8663876113213515e-05,1.9429000435380954,2.3244977336748396,1.353047711905792,0,0
1,0.057454154252140413,1984,0.00014675835887018301,0.00012810012004101895,0.0001272542205643007,5.0005345141715216e-05,3.4914720737604755e-05,3.1437713715986502e-05,5.0005345141715216e-05,3.4914720737604755e-05,3.1437713715986502e-05,6.8614153865039502e-05,6.8614153865039502e-05,1.9429000435380954,2.3242683883801618,1.3528183666111142,0,0
1,0.05768582422896356,1992,0.00014676994189973092,0.00012810821428708172,0.00012726148846869517,4.9991040746373123e-05,3.4962922550068614e-05,3.1306157402527659e-05,4.9991040746373123e-05,3.4962922550068614e-05,3.1306157402527659e-05,6.8568109201431763e-05,6.8568109201431763e-05,1.9429000435380954,2.3241066848963552,1.3526566631273076,0,0
1,0.057917494205786707,2000,0.00014678152191631972,0.00012811631987819392,0.00012726872608025486,4.9979332646648769e-05,3.5012662103272236e-05,3.1176194064299232e-05,4.9979332646648769e-05,3.5012662103272236e-05,3.1176194064299232e-05,6.8525727108124387e-05,6.8525727108124387e-05,1.9429000435380954,2.3240124737799408,1.352562452010893,0,0
1,0.058149164182609854,2008,0.00014679309952028135,0.00012812443717053761,0.00012727593376632589,4.9970210985998154e-05,3.5063938873298313e-05,3.1047809097434202e-05,4.9970210985998154e-05,3.5063938873298313e-05,3.1047809097434202e-05,6.848699325453184e-05,6.848699325453184e-05,1.9429000435380954,2.3239856177382103,1.3525355959691627,0,0
1,0.058380834159433001,2016,0.00014680467530972364,0.00012813256652020644,0.00012728311189091066,4.9963666419761107e-05,3.5116752620331712e-05,3.0920988238273463e-05,4.9963666419761107e-05,3.5116752620331712e-05,3.0920988238273463e-05,6.8451893986464567e-05,6.8451893986464567e-05,1.9429000435380954,2.3240259915584844,1.3525759697894368,0,0
1,0.058612504136256148,2024,0.00014681624988064826,0.00012814070828327115,0.00012729026081474598,4.9959690110061613e-05,3.5171103387334439e-05,3.0795717557990632e-05,4.9959690110061613e-05,3.5171103387334439e-05,3.0795717557990632e-05,6.8420416319162289e-05,6.8420416319162289e-05,1.9429000435380954,2.3241334820399513,1.3526834602709035,0,0
1,0.058844174113079295,2032,0.0001468278238270678,0.00012814886281584529,0.00012729738089538003,4.9958273720935957e-05,3.5226991498840927e-05,3.0671983457372279e-05,4.9958273720935957e-05,3.5226991498840927e-05,3.0671983457372279e-05,6.8392547930638543e-05,6.8392547930638543e-05,1.9429000435380954,2.3243079879277908,1.3528579661587432,0,0
1,0.059075844089902442,2040,0.00014683939774112119,0.00012815703047414992,0.00012730447248724821,4.9959409413683078e-05,3.5284417559865167e-05,3.0549772661760835e-05,4.9959409413683078e-05,3.5284417559865167e-05,3.0549772661760835e-05,6.8368277155331298e-05,6.8368277155331298e-05,1.9429000435380954,2.3245494198502326,1.3530993980811852,0,0
1,0.059307514066725589,2048,0.00014685097221318864,0.00012816521161457877,0.00012731153594174762,4.9963089842435658e-05,3.5343382454927208e-05,3.0429072216143475e-05,4.9963089842435658e-05,3.5343382454927208e-05,3.0429072216143475e-05,6.8347592978054667e-05,6.8347592978054667e-05,1.9429000435380954,2.3248577002574979,1.3534076784884501,0,0
1,0.059539184043548736,2056,0.00014686254732562904,0.00012817340628728025,0.00012731857133864853,4.9960736996732315e-05,3.539869905482345e-05,3.0305322087029508e-05,4.9960736996732315e-05,3.539869905482345e-05,3.0305322087029508e-05,6.831951172856269e-05,6.831951172856269e-05,1.9429000435380954,2.3252327563016641,1.3537827345326163,0,0
1,0.059770854020371883,2064,0.00014687412074666236,0.00012818161308134554,0.00012732557747475946,4.9952685790477797e-05,3.5450565886726897e-05,3.0178690214091595e-05,4.9952685790477797e-05,3.5450565886726897e-05,3.0178690214091595e-05,6.8284454910392856e-05,6.8284454910392856e-05,1.9429000435380954,2.3256744595124883,1.3542244377434405,0,0
1,0.06000252399719503,2072,0.00014688569259449093,0.0001281898320682624,0.00012733255444449235,4.9947154116815346e-05,3.5503959593954267e-05,3.0053527313127125e-05,4.9947154116815346e-05,3.5503959593954267e-05,3.0053527313127125e-05,6.8252940267646481e-05,6.8252940267646481e-05,1.9429000435380954,2.3261826757558248,1.354732653986777,0,0
1,0.060234193974018177,2080,0.00014689726345183869,0.00012819806360177895,0.00012733950258660728,4.9944133631438145e-05,3.5558880368835673e-05,2.9929819998242346e-05,4.9944133631438145e-05,3.5558880368835673e-05,2.9929819998242346e-05,6.8224955715685928e-05,6.8224955715685928e-05,1.9429000435380954,2.3267572854411593,1.3553072636721115,0,0
1,0.060465863950841324,2088,0.00014690883389955226,0.00012820630803571939,0.00012734642223679872,4.9943616469954436e-05,3.5615328676800305e-05,2.9807555188205814e-05,4.9943616469954436e-05,3.5615328676800305e-05,2.9807555188205814e-05,6.8200489801410901e-05,6.8200489801410901e-05,1.9429000435380954,2.3273981805197206,1.3559481587506728,0,0
1,0.060697533927664471,2096,0.0001469204045167114,0.00012821456572404744,0.00012735331372776528,4.9945595243578654e-05,3.5673305255386976e-05,2.9686720101732671e-05,4.9945595243578654e-05,3.5673305255386976e-05,2.9686720101732671e-05,6.8179531697409203e-05,6.8179531697409203e-05,1.9429000435380954,2.3281052644236397,1.3566552426545919,0,0
1,0.060929203904487618,2104,0.00014693197588073884,0.00012822283702092901,0.00012736017738927894,4.9950063035026141e-05,3.5732811113362554e-05,2.9567302252906141e-05,4.9950063035026141e-05,3.5732811113362554e-05,2.9567302252906141e-05,6.8162071196384863e-05,6.8162071196384863e-05,1.9429000435380954,2.3288590646782095,1.3574090429091619,0,0
1,0.061160873881310765,2112,0.00014694354856750898,0.00012823112228079511,0.00012736701354825277,4.9957013394610463e-05,3.5793847529948967e-05,2.9449289446734832e-05,4.9957013394610463e-05,3.5793847529948967e-05,2.9449289446734832e-05,6.8148098705863333e-05,6.8148098705863333e-05,1.9429000435380954,2.329588762308239,1.3581387405391911,0,0
1,0.061392543858133912,2120,0.00014695512315145596,0.00012823942185840429,0.00012737382252880799,4.9966440336538481e-05,3.585641605415672e-05,2.9332669774841244e-05,4.9966440336538481e-05,3.585641605415672e-05,2.9332669774841244e-05,6.8137605243166066e-05,6.8137605243166066e-05,1.9429000435380954,2.330287899133197,1.3588378773641494,0,0
1,0.061624213834957059,2128,0.00014696670020568041,0.00012824773610890528,0.00012738060465233985,4.9978338335401011e-05,3.5920518504224028e-05,2.9217431611281764e-05,4.9978338335401011e-05,3.5920518504224028e-05,2.9217431611281764e-05,6.813058243065328e-05,6.813058243065328e-05,1.9429000435380954,2.3309565188218531,1.3595064970528052,0,0
1,0.061855883811780206,2136,0.00014697828030205598,0.00012825606538789902,0.00012738736023758238,4.9992702322855531e-05,3.5986156967160777e-05,2.910356360849148e-05,4.9992702322855531e-05,3.5986156967160777e-05,2.910356360849148e-05,6.8127022491228017e-05,6.8127022491228017e-05,1.9429000435380954,2.3315946626823081,1.3601446409132605,0,0
1,0.062087553788603353,2144,0.00014698986401133482,0.00012826441005150119,0.00012739408960067266,5.0009527684499031e-05,3.6053333798398985e-05,2.8991054693350598e-05,5.0009527684499031e-05,3.6053333798398985e-05,2.8991054693350598e-05,6.8126918244100105e-05,6.8126918244100105e-05,1.9429000435380954,2.3322023696756591,1.3607523479066113,0,0
1,0.0623192237654265,2152,0.0001470014500125382,0.00012827276901923376,0.00012740079182927276,5.0011739240686669e-05,3.6109073797066496e-05,2.8868837147837172e-05,5.0011739240686669e-05,3.6109073797066496e-05,2.8868837147837172e-05,6.8106160005015532e-05,6.8106160005015532e-05,1.9429000435380954,2.3327794943100146,1.361329472540967,0,0
1,0.062550893742249647,2160,0.00014701303663841069,0.00012828114094708262,0.00012740746579601789,5.0015671081381642e-05,3.6165789557254629e-05,2.8747557330221241e-05,5.0015671081381642e-05,3.6165789557254629e-05,2.8747557330221241e-05,6.8087838418288342e-05,6.8087838418288342e-05,1.9429000435380954,2.3333258663686838,1.3618758445996364,0,0
1,0.062782563719072787,2168,0.00014702462446087607,0.00012828952619356302,0.00012741411182986591,5.0022068296710501e-05,3.6224053330639984e-05,2.8627691162353891e-05,5.0022068296710501e-05,3.6224053330639984e-05,2.8627691162353891e-05,6.8073005352113945e-05,6.8073005352113945e-05,1.9429000435380954,2.3338415350862562,1.3623915133172086,0,0
1,0.063014233695895941,2176,0.00014703621405035296,0.00012829792511743579,0.00012742073025688531,5.0030924623041428e-05,3.6283866308950572e-05,2.8509226334997061e-05,5.0030924623041428e-05,3.6283866308950572e-05,2.8509226334997061e-05,6.8061651164090501e-05,6.8061651164090501e-05,1.9429000435380954,2.3343265472650563,1.3628765254960085,0,0
1,0.063245903672719081,2184,0.00014704780581330904,0.00012830633795243656,0.00012742732130975284,5.0037416506105798e-05,3.6341515012800896e-05,2.8389468106055185e-05,5.0037416506105798e-05,3.6341515012800896e-05,2.8389468106055185e-05,6.8047120904384087e-05,6.8047120904384087e-05,1.9429000435380954,2.3347809456312913,1.3633309238622437,0,0
1,0.063477573649542235,2192,0.00014705939754303723,0.00012831476293292273,0.00012743388377846267,5.0030931948976378e-05,3.6389344677580213e-05,2.8262869627053678e-05,5.0030931948976378e-05,3.6389344677580213e-05,2.8262869627053678e-05,6.8015206809232545e-05,6.8015206809232545e-05,1.9429000435380954,2.3352047517100711,1.3637547299410235,0,0
1,0.063709243626365375,2200,0.00014707098622598484,0.00012832319799772738,0.00012744041620543057,5.0014227615555723e-05,3.6430571250522283e-05,2.8131619999515668e-05,5.0014227615555723e-05,3.6430571250522283e-05,2.8131619999515668e-05,6.7970563697950502e-05,6.7970563697950502e-05,1.9429000435380954,2.3355980240201073,1.3641480022510597,0,0
1,0.063940913603188529,2208,0.00014708257131794641,0.00012833164278786745,0.00012744691839213033,4.9999929464097803e-05,3.6473303006300302e-05,2.8001803869962561e-05,4.9999929464097803e-05,3.6473303006300302e-05,2.8001803869962561e-05,6.7929344164182836e-05,6.7929344164182836e-05,1.9429000435380954,2.3359608254972324,1.3645108037281846,0,0
1,0.064172583580011669,2216,0.00014709415337527693,0.00012834009765191762,0.00012745339066901998,4.998802820406818e-05,3.6517538858973247e-05,2.7873407127341042e-05,4.998802820406818e-05,3.6517538858973247e-05,2.7873407127341042e-05,6.7891534324493238e-05,6.7891534324493238e-05,1.9429000435380954,2.3362932134606438,1.3648431916915962,0,0
1,0.064404253556834823,2224,0.00014710573295223159,0.00012834856293823151,0.00012745983336332319,4.9978514997920545e-05,3.6563277985634764e-05,2.7746415960591077e-05,4.9978514997920545e-05,3.6563277985634764e-05,2.7746415960591077e-05,6.7857120902012303e-05,6.7857120902012303e-05,1.9429000435380954,2.3365952427825647,1.3651452210135169,0,0
1,0.064635923533657963,2232,0.00014711731060107033,0.00012835703899500246,0.00012746624679909829,4.9971381456607674e-05,3.6610519825045093e-05,2.7620816853731459e-05,4.9971381456607674e-05,3.6610519825045093e-05,2.7620816853731459e-05,6.7826091220187448e-05,6.7826091220187448e-05,1.9429000435380954,2.3368669659067391,1.3654169441376913,0,0
1,0.064867593510481117,2240,0.000147128886872161,0.00012836552617032391,0.00012747263129730607,4.9966619635284742e-05,3.6659264076366015e-05,2.749659658108453e-05,4.9966619635284742e-05,3.6659264076366015e-05,2.749659658108453e-05,6.7798433196799413e-05,6.7798433196799413e-05,1.9429000435380954,2.3371084328670118,1.3656584110979639,0,0
1,0.065099263487304257,2248,0.00014714046231408199,0.00012837402481224967,0.00012747898717587657,4.9964222029201473e-05,3.6709510697999186e-05,2.7373742202632304e-05,4.9964222029201473e-05,3.6709510697999186e-05,2.7373742202632304e-05,6.7774135338239698e-05,6.7774135338239698e-05,1.9429000435380954,2.3373196913046046,1.3658696695355568,0,0
1,0.065330933464127411,2256,0.00014715203747372367,0.00012838253526885381,0.00012748531474977465,4.9964181569780435e-05,3.6761259906525734e-05,2.7252241059505218e-05,4.9964181569780435e-05,3.6761259906525734e-05,2.7252241059505218e-05,6.7753186734045991e-05,6.7753186734045991e-05,1.9429000435380954,2.337500786484807,1.3660507647157594,0,0
1,0.065562603440950551,2264,0.00014716361289638896,0.00012839105788829049,0.00012749161433106456,4.9966491620877948e-05,3.6814512175745544e-05,2.7132080769599509e-05,4.9966491620877948e-05,3.6814512175745544e-05,2.7132080769599509e-05,6.7735577051690165e-05,6.7735577051690165e-05,1.9429000435380954,2.337651761313178,1.3662017395441304,0,0
1,0.065794273417773705,2272,0.00014717518912589315,0.00012839959301885322,0.00012749788622897371,4.9971145975223621e-05,3.6869268235816367e-05,2.7013249223316592e-05,4.9971145975223621e-05,3.6869268235816367e-05,2.7013249223316592e-05,6.7721296531613308e-05,6.7721296531613308e-05,1.9429000435380954,2.3377726563509804,1.3663226345819328,0,0
1,0.066025943394596845,2280,0.00014718676670466283,0.00012840814100903441,0.00012750413074995523,4.9978138851037874e-05,3.6925529072490919e-05,2.689573457942744e-05,4.9978138851037874e-05,3.6925529072490919e-05,2.689573457942744e-05,6.7710335982507143e-05,6.7710335982507143e-05,1.9429000435380954,2.3378635098298597,1.3664134880608119,0,0
1,0.066257613371419999,2288,0.00014719834617383417,0.00012841670220758436,0.00012751034819774977,4.9987464888822826e-05,3.6983295926452161e-05,2.6779525261053167e-05,4.9987464888822826e-05,3.6983295926452161e-05,2.6779525261053167e-05,6.7702686776834888e-05,6.7702686776834888e-05,1.9429000435380954,2.3379243576662141,1.3664743358971665,0,0
1,0.066489283348243139,2296,0.00014720992807335022,0.00012842527696357018,0.00012751653887344605,4.9999119148325002e-05,3.7042570292743749e-05,2.6664609951766128e-05,4.9999119148325002e-05,3.7042570292743749e-05,2.6664609951766128e-05,6.7698340846590076e-05,6.7698340846590076e-05,1.9429000435380954,2.3379552334743057,1.3665052117052581,0,0
1,0.066720953325066293,2304,0.00014722151294205787,0.0001284338656264348,0.00012752270307554101,5.0013097105666549e-05,3.7103353920298125e-05,2.6550977591800315e-05,5.0013097105666549e-05,3.7103353920298125e-05,2.6550977591800315e-05,6.7697290679288025e-05,6.7697290679288025e-05,1.9429000435380954,2.3379561685794985,1.3665061468104509,0,0
1,0.066952623301889433,2312,0.0001472331013178039,0.00012844246854605578,0.00012752884109999872,5.0029394650644336e-05,3.7165648811559682e-05,2.643861737437556e-05,5.0029394650644336e-05,3.7165648811559682e-05,2.643861737437556e-05,6.7699529314189041e-05,6.7699529314189041e-05,1.9429000435380954,2.3379271920301505,1.3664771702611029,0,0
1,0.067184293278712587,2320,0.00014724469373753063,0.00012845108607280377,0.00012753495324030874,5.0048008084191451e-05,3.7229457222201132e-05,2.6327518742130062e-05,5.0048008084191451e-05,3.7229457222201132e-05,2.6327518742130062e-05,6.7705050338746561e-05,6.7705050338746561e-05,1.9429000435380954,2.3378934442905348,1.3664434225214872,0,0
1,0.067415963255535727,2328,0.00014725629073737072,0.0001284597185576014,0.00012754103978754314,5.0068934116003836e-05,3.7294781660935942e-05,2.6217671383660807e-05,5.0068934116003836e-05,3.7294781660935942e-05,2.6217671383660807e-05,6.7713847885282987e-05,6.7713847885282987e-05,1.9429000435380954,2.3378469870298302,1.3663969652607824,0,0
1,0.067647633232358881,2336,0.00014726789059111883,0.00012846836477842108,0.00012754709999462691,5.0067976261614152e-05,3.7344412329157946e-05,2.6097437948365528e-05,5.0067976261614152e-05,3.7344412329157946e-05,2.6097437948365528e-05,6.7694044395445239e-05,6.7694044395445239e-05,1.9429000435380954,2.3377707918550001,1.3663207700859523,0,0
1,0.067879303209182021,2344,0.00014727948873449105,0.00012847702130527284,0.00012755313147997066,5.005884010038581e-05,3.7387382177422575e-05,2.5972415642873179e-05,5.005884010038581e-05,3.7387382177422575e-05,2.5972415642873179e-05,6.766291593334427e-05,6.766291593334427e-05,1.9429000435380954,2.3376649029664729,1.3662148811974255,0,0
1,0.068110973186005175,2352,0.00014729108503021347,0.00012848568796371238,0.00012755913415279005,5.005202421924571e-05,3.7431877880439019e-05,2.5848698100811371e-05,5.005202421924571e-05,3.7431877880439019e-05,2.5848698100811371e-05,6.7635092988824579e-05,6.7635092988824579e-05,1.9429000435380954,2.3375293341023782,1.3660793123333306,0,0
1,0.068342643162828315,2360,0.00014730268001492553,0.00012849436510714286,0.00012756510831388163,5.0047520923906709e-05,3.7477898692467836e-05,2.5726272608378319e-05,5.0047520923906709e-05,3.7477898692467836e-05,2.5726272608378319e-05,6.7610563844360577e-05,6.7610563844360577e-05,1.9429000435380954,2.3373641193418551,1.3659140975728075,0,0
1,0.068574313139651469,2368,0.00014731427422353386,0.00012850305308882525,0.00012757105426112778,5.0045322947870207e-05,3.7525444131613584e-05,2.5605126722054955e-05,5.0045322947870207e-05,3.7525444131613584e-05,2.5605126722054955e-05,6.7589317356250687e-05,6.7589317356250687e-05,1.9429000435380954,2.3371692905011843,1.3657192687321367,0,0
1,0.068805983116474609,2376,0.00014732586818931085,0.00012851175226193931,0.00012757697228955907,5.0045423448662222e-05,3.7574513978612956e-05,2.5485248264313286e-05,5.0045423448662222e-05,3.7574513978612956e-05,2.5485248264313286e-05,6.7571342949349279e-05,6.7571342949349279e-05,1.9429000435380954,2.3369448771479577,1.3654948553789099,0,0
1,0.069037653093297763,2384,0.0001473374624439924,0.00012852046297964431,0.00012758286269141527,5.0047816004247141e-05,3.7625108275724818e-05,2.5366625319449176e-05,5.0047816004247141e-05,3.7625108275724818e-05,2.5366625319449176e-05,6.7556630612045128e-05,6.7556630612045128e-05,1.9429000435380954,2.3366909066144612,1.3652408848454136,0,0
1,0.069269323070120903,2392,0.00014734905751787505,0.00012852918559513955,0.00012758872575620555,5.005249460961533e-05,3.7677227325722833e-05,2.5249246229530331e-05,5.005249460961533e-05,3.7677227325722833e-05,2.5249246229530331e-05,6.7545170891479873e-05,6.7545170891479873e-05,1.9429000435380954,2.3364074040102536,1.364957382241206,0,0
1,0.069500993046944043,2400,0.00014736065393991215,0.00012853792046172457,0.00012759456177076784,5.0059453673542279e-05,3.7730871690987925e-05,2.5133099590461994e-05,5.0059453673542279e-05,3.7730871690987925e-05,2.5133099590461994e-05,6.7536954889004292e-05,6.7536954889004292e-05,1.9429000435380954,2.3360943922346817,1.3646443704656341,0,0
1,0.069732663023767197,2408,0.00014737225223780928,0.00012854666793285914,0.00012760037101932706,5.0068688015516516e-05,3.7786042192700031e-05,2.5018174248166263e-05,5.0068688015516516e-05,3.7786042192700031e-05,2.5018174248166263e-05,6.7531974255868188e-05,6.7531974255868188e-05,1.9429000435380954,2.3357518919881568,1.3643018702191092,0,0
1,0.069964333000590337,2416,0.0001473838529381192,0.00012855542836222319,0.00012760615378355273,5.0080192862834205e-05,3.7842739910129688e-05,2.4904459294869465e-05,5.0080192862834205e-05,3.7842739910129688e-05,2.4904459294869465e-05,6.7530221189140218e-05,6.7530221189140218e-05,1.9429000435380954,2.3353799217833782,1.3639299000143303,0,0
1,0.070196002977413491,2424,0.00014739545656633607,0.00012856420210377652,0.00012761191034261547,5.0093963847857629e-05,3.790096618002667e-05,2.4791944065499604e-05,5.0093963847857629e-05,3.790096618002667e-05,2.4791944065499604e-05,6.7531688427854763e-05,6.7531688427854763e-05,1.9429000435380954,2.3349784979553969,1.3635284761863491,0,0
1,0.070427672954236631,2432,0.0001474070636469887,0.00012857298951181832,0.00012761764097324294,5.0109997005435503e-05,3.7960722596105451e-05,2.468061813419001e-05,5.0109997005435503e-05,3.7960722596105451e-05,2.468061813419001e-05,6.7536369249382479e-05,6.7536369249382479e-05,1.9429000435380954,2.3345476346717766,1.363097612902729,0,0
1,0.070659342931059785,2440,0.00014741867470373371,0.00012858179094104696,0.0001276233459497749,5.0128288770483713e-05,3.8022011008628806e-05,2.4570471310883662e-05,5.0128288770483713e-05,3.8022011008628806e-05,2.4570471310883662e-05,6.7544257466021866e-05,6.7544257466021866e-05,1.9429000435380954,2.3340873439415364,1.3626373221724888,0,0
1,0.070891012907882925,2448,0.00014743028951136371,0.00012859060615792519,0.00012762902518672454,5.013909232326671e-05,3.8077164482293889e-05,2.4456843041137389e-05,5.013909232326671e-05,3.8077164482293889e-05,2.4456843041137389e-05,6.754210690785087e-05,6.754210690785087e-05,1.9429000435380954,2.3335976832595646,1.3621476614905168,0,0
1,0.071122682884706079,2456,0.00014744190613310022,0.00012859943358110171,0.00012763467778672446,5.0147231949724963e-05,3.8129969442714202e-05,2.4342089181334675e-05,5.0147231949724963e-05,3.8129969442714202e-05,2.4342089181334675e-05,6.7536484566742782e-05,6.7536484566742782e-05,1.9429000435380954,2.333078824894915,1.3616288031258672,0,0
1,0.071354352861529219,2464,0.00014745352489895186,0.00012860827341190144,0.00012764030394253891,5.0157601712343025e-05,3.8184279330017794e-05,2.4228549379144959e-05,5.0157601712343025e-05,3.8184279330017794e-05,2.4228549379144959e-05,6.7534041804889229e-05,6.7534041804889229e-05,1.9429000435380954,2.3325308034082828,1.361080781639235,0,0
1,0.071586022838352373,2472,0.00014746514521688111,0.0001286171252064306,0.00012764590351142563,5.0157572173786311e-05,3.8231064553446248e-05,2.411139718257768e-05,5.0157572173786311e-05,3.8231064553446248e-05,2.411139718257768e-05,6.751855905863493e-05,6.751855905863493e-05,1.9429000435380954,2.3319537728266373,1.3605037510575895,0,0
1,0.071817692815175513,2480,0.00014747676496409853,0.00012862598742662467,0.00012765147576520482,5.0155732475121325e-05,3.8276471444482198e-05,2.3993904204510198e-05,5.0155732475121325e-05,3.8276471444482198e-05,2.3993904204510198e-05,6.7501060771897595e-05,6.7501060771897595e-05,1.9429000435380954,2.331348069593993,1.3598980478249454,0,0
1,0.072049362791998667,2488,0.00014748838454223197,0.00012863486034083596,0.00012765702093719337,5.0156111529219432e-05,3.8323385694176411e-05,2.3877599036822139e-05,5.0156111529219432e-05,3.8323385694176411e-05,2.3877599036822139e-05,6.7486718327085311e-05,6.7486718327085311e-05,1.9429000435380954,2.3307137249506553,1.3592637031816077,0,0
1,0.072281032768821807,2496,0.00014750000446466462,0.00012864374429828661,0.00012766253930131697,5.0158703918108389e-05,3.8371807452135579e-05,2.3762470891038301e-05,5.0158703918108389e-05,3.8371807452135579e-05,2.3762470891038301e-05,6.7475523034176422e-05,6.7475523034176422e-05,1.9429000435380954,2.3300507545014741,1.3586007327324265,0,0
1,0.072512702745644961,2504,0.00014751162524356918,0.00012865263964826224,0.00012766803112902896,5.0163504609351687e-05,3.8421737115357349e-05,2.3648509210456364e-05,5.0163504609351687e-05,3.8421737115357349e-05,2.3648509210456364e-05,6.7467466719383474e-05,6.7467466719383474e-05,1.9429000435380954,2.3293779323766199,1.3579279106075726,0,0
1,0.072744372722468101,2512,0.00014752324738999696,0.00012866154674016889,0.00012767349668936338,5.0170508953417601e-05,3.8473175327490572e-05,2.3535703666801914e-05,5.0170508953417601e-05,3.8473175327490572e-05,2.3535703666801914e-05,6.7462541721434555e-05,6.7462541721434555e-05,1.9429000435380954,2.3287687572474574,1.3573187354784098,0,0
1,0.072976042699291255,2520,0.00014753487049421667,0.0001286704651896495,0.0001276789357749016,5.0167681660800325e-05,3.8516521933330582e-05,2.3417847919563874e-05,5.0167681660800325e-05,3.8516521933330582e-05,2.3417847919563874e-05,6.7444157243188671e-05,6.7444157243188671e-05,1.9429000435380954,2.3282307392969082,1.3567807175278606,0,0
1,0.073207712676114395,2528,0.0001475464920140198,0.00012867939291096012,0.00012768434708447407,5.0160924484971209e-05,3.8556485618384313e-05,2.3298029676242227e-05,5.0160924484971209e-05,3.8556485618384313e-05,2.3298029676242227e-05,6.7420465106840698e-05,6.7420465106840698e-05,1.9429000435380954,2.3277639364449199,1.356313914675872,0,0
1,0.073439382652937549,2536,0.00014755811222473225,0.000128688330066925,0.00012768973077544258,5.0156379221420263e-05,3.8597970861577116e-05,2.3179415396745518e-05,5.0156379221420263e-05,3.8597970861577116e-05,2.3179415396745518e-05,6.7399933452259116e-05,6.7399933452259116e-05,1.9429000435380954,2.3273683332052668,1.355918311436219,0,0
1,0.073671052629760689,2544,0.00014756973163804966,0.00012869727700994015,0.00012769508712541828,5.01540395655746e-05,3.8640976814155125e-05,2.306199380310643e-05,5.01540395655746e-05,3.8640976814155125e-05,2.306199380310643e-05,6.7382552133855956e-05,6.7382552133855956e-05,1.9429000435380954,2.3270439192192343,1.3555938974501867,0,0
1,0.073902722606583843,2552,0.00014758135076425253,0.00012870623409223461,0.00012770041640942757,5.0153899605327202e-05,3.8685502883612282e-05,2.2945753859366693e-05,5.0153899605327202e-05,3.8685502883612282e-05,2.2945753859366693e-05,6.7368311535571791e-05,6.7368311535571791e-05,1.9429000435380954,2.3267906937808438,1.355340672011796,0,0
1,0.074134392583406983,2560,0.00014759297011229705,0.0001287152016659297,0.00012770571889996789,5.0155953818030597e-05,3.8731548732565184e-05,2.2830684767969155e-05,5.0155953818030597e-05,3.8731548732565184e-05,2.2830684767969155e-05,6.7357202566569434e-05,6.7357202566569434e-05,1.9429000435380954,2.3266086657807765,1.3551586440117289,0,0
1,0.074366062560230137,2568,0.00014760459018990459,0.00012872418008309805,0.00012771099486706238,5.0160197067646328e-05,3.8779114277723321e-05,2.2716775966258883e-05,5.0160197067646328e-05,3.8779114277723321e-05,2.2716775966258883e-05,6.7349216657144843e-05,6.7349216657144843e-05,1.9429000435380954,2.3264978536519507,1.3550478318829031,0,0
1,0.074597732537053277,2576,0.00014761621150365139,0.00012873316969582238,0.00012771624457831414,5.016662460204695e-05,3.8828199688957584e-05,2.2604017123079304e-05,5.016662460204695e-05,3.8828199688957584e-05,2.2604017123079304e-05,6.7344345754849608e-05,6.7344345754849608e-05,1.9429000435380954,2.3264582853170905,1.3550082635480427,0,0
1,0.074829402513876431,2584,0.00014762783455905679,0.00012874217085625397,0.00012772146829895928,5.0175232050469334e-05,3.8878805388461254e-05,2.2492398135475157e-05,5.0175232050469334e-05,3.8878805388461254e-05,2.2492398135475157e-05,6.734258232082442e-05,6.734258232082442e-05,1.9429000435380954,2.3264899981379701,1.3550399763689225,0,0
1,0.075061072490699571,2592,0.00014763945986067168,0.00012875118391667106,0.00012772666629191952,5.0186015421116902e-05,3.8930932050007644e-05,2.2381909125486391e-05,5.0186015421116902e-05,3.8930932050007644e-05,2.2381909125486391e-05,6.7343919326338792e-05,6.7343919326338792e-05,1.9429000435380954,2.3265930388664229,1.3551430170973753,0,0
1,0.075292742467522725,2600,0.00014765108791216572,0.0001287602092295371,0.00012773183881785392,5.019897109890887e-05,3.8984580598299613e-05,2.2272540437041659e-05,5.019897109890887e-05,3.8984580598299613e-05,2.2272540437041659e-05,6.7348350249535165e-05,6.7348350249535165e-05,1.9429000435380954,2.3267674635971547,1.3553174418281069,0,0
1,0.075524412444345865,2608,0.00014766271862614864,0.00012876924670349209,0.00012773698594104971,5.020485294128788e-05,3.9032798521217406e-05,2.2161242885412575e-05,5.020485294128788e-05,3.9032798521217406e-05,2.2161242885412575e-05,6.7343947801421205e-05,6.7343947801421205e-05,1.9429000435380954,2.3270133799249724,1.3555633581559248,0,0
1,0.075756082421169019,2616,0.0001476743496224648,0.00012877829452303508,0.00012774210697049843,5.0205554933222419e-05,3.9077013744560766e-05,2.2048637288285348e-05,5.0205554933222419e-05,3.9077013744560766e-05,2.2048637288285348e-05,6.7333150495248412e-05,6.7333150495248412e-05,1.9429000435380954,2.3273310312341664,1.3558810094651186,0,0
1,0.075987752397992159,2624,0.0001476859810318347,0.00012878735276239809,0.00012774720204017449,5.0208417981725008e-05,3.9122752489201507e-05,2.1937131267838508e-05,5.0208417981725008e-05,3.9122752489201507e-05,2.1937131267838508e-05,6.7325424074574593e-05,6.7325424074574593e-05,1.9429000435380954,2.3277204381668759,1.3562704163978283,0,0
1,0.076219422374815313,2632,0.00014769761335434799,0.00012879642177452224,0.00012775227140368514,5.0213437296995322e-05,3.9170014684128275e-05,2.1826715091437908e-05,5.0213437296995322e-05,3.9170014684128275e-05,2.1826715091437908e-05,6.732076074449031e-05,6.732076074449031e-05,1.9429000435380954,2.3281816010443577,1.3567315792753099,0,0
1,0.076451092351638453,2640,0.00014770924708902805,0.00012880550191236108,0.00012775731531240774,5.0220608462592577e-05,3.9218800509676616e-05,2.171737924044138e-05,5.0220608462592577e-05,3.9218800509676616e-05,2.171737924044138e-05,6.7319153209498931e-05,6.7319153209498931e-05,1.9429000435380954,2.3287145293160312,1.3572645075469836,0,0
1,0.076682762328461607,2648,0.00014772088273391816,0.00012881459352893909,0.00012776233401553893,5.0229927433085011e-05,3.9269110396731409e-05,2.1609114407245351e-05,5.0229927433085011e-05,3.9269110396731409e-05,2.1609114407245351e-05,6.7320594670197944e-05,6.7320594670197944e-05,1.9429000435380954,2.3293192415132209,1.3578692197441731,0,0
1,0.076914432305284747,2656,0.00014773252078616709,0.00012882369697740949,0.00012776732776014342,5.0241390531840396e-05,3.9320945026020135e-05,2.1501911492420454e-05,5.0241390531840396e-05,3.9320945026020135e-05,2.1501911492420454e-05,6.7325078820154989e-05,6.7325078820154989e-05,1.9429000435380954,2.3299957652051666,1.3585457434361188,0,0
1,0.077146102282107901,2664,0.00014774416174211436,0.00012883281261111211,0.00012777229679120149,5.0254994448958974e-05,3.937430532749955e-05,2.1395761601932823e-05,5.0254994448958974e-05,3.937430532749955e-05,2.1395761601932823e-05,6.7332599842979471e-05,6.7332599842979471e-05,1.9429000435380954,2.3307441369560169,1.3592941151869691,0,0
1,0.077377772258931041,2672,0.00014775580609737506,0.00012884194078363102,0.00012777724135165649,5.0270736239344519e-05,3.9429192479832303e-05,2.1290656044449879e-05,5.0270736239344519e-05,3.9429192479832303e-05,2.1290656044449879e-05,6.7343152409584162e-05,6.7343152409584162e-05,1.9429000435380954,2.3315644022842852,1.3601143805152374,0,0
1,0.077609442235754195,2680,0.000147767454346924,0.00012885108184885216,0.00012778216168246153,5.0288613320914099e-05,3.9485607909954504e-05,2.1186586328730295e-05,5.0288613320914099e-05,3.9485607909954504e-05,2.1186586328730295e-05,6.735673167563746e-05,6.735673167563746e-05,1.9429000435380954,2.3324566156237214,1.3610065938546738,0,0
1,0.077841112212577335,2688,0.00014777910698517968,0.00012886023616102073,0.00012778705802262563,5.0308623472943493e-05,3.9543553292733147e-05,2.108354416109375e-05,5.0308623472943493e-05,3.9543553292733147e-05,2.108354416109375e-05,6.7373333279201932e-05,6.7373333279201932e-05,1.9429000435380954,2.3334208402861112,1.3619708185170638,0,0
1,0.078072782189400489,2696,0.00014779076388869527,0.00012886940357500744,0.00012779193033061206,5.0320826691314612e-05,3.9594985009140233e-05,2.0977039281118925e-05,5.0320826691314612e-05,3.9594985009140233e-05,2.0977039281118925e-05,6.7379407935755616e-05,6.7379407935755616e-05,1.9429000435380954,2.3344570755558474,1.3630070537867995,0,0
1,0.078304452166223629,2704,0.00014780242234897474,0.00012887858185313612,0.00012779677740219682,5.0326672574537377e-05,3.9641074391528211e-05,2.086776552842263e-05,5.0326672574537377e-05,3.9641074391528211e-05,2.086776552842263e-05,6.7376942565603191e-05,6.7376942565603191e-05,1.9429000435380954,2.3355649863003149,1.3641149645312673,0,0
1,0.078536122143046783,2712,0.00014781408241122562,0.00012888777098675019,0.00012780159928233966,5.0334655774628904e-05,3.9688700102918066e-05,2.0759560742867255e-05,5.0334655774628904e-05,3.9688700102918066e-05,2.0759560742867255e-05,6.7377517393018771e-05,6.7377517393018771e-05,1.9429000435380954,2.3367445160692992,1.3652944943002516,0,0
1,0.078767792119869923,2720,0.00014782574457014119,0.00012889697133178522,0.00012780639621762634,5.0344772393671589e-05,3.9737862310510936e-05,2.0652415792884872e-05,5.0344772393671589e-05,3.9737862310510936e-05,2.0652415792884872e-05,6.7381125595094679e-05,6.7381125595094679e-05,1.9429000435380954,2.3379956671637325,1.3665456453946849,0,0
1,0.078999462096693077,2728,0.00014783740931955471,0.00012890618324424525,0.00012781116845255117,5.0357018903403202e-05,3.9788561437464437e-05,2.0546321755862472e-05,5.0357018903403202e-05,3.9788561437464437e-05,2.0546321755862472e-05,6.7387760845690796e-05,6.7387760845690796e-05,1.9429000435380954,2.3393136573715263,1.3678636356024785,0,0
1,0.079231132073516217,2736,0.00014784907715252455,0.00012891540708026195,0.00012781591622956551,5.0371392143180825e-05,3.9840798162171201e-05,2.0441269915386499e-05,5.0371392143180825e-05,3.9840798162171201e-05,2.0441269915386499e-05,6.7397417312495356e-05,6.7397417312495356e-05,1.9429000435380954,2.3406280593625803,1.3691780375935327,0,0
1,0.079462802050339357,2744,0.00014786074826273941,0.0001289246429606486,0.00012782063970621197,5.0381345571692841e-05,3.988941371613972e-05,2.0335435597075677e-05,5.0381345571692841e-05,3.988941371613972e-05,2.0335435597075677e-05,6.7401596784901919e-05,6.7401596784901919e-05,1.9429000435380954,2.3419156185926981,1.3704655968236505,0,0
1,0.079694472027162511,2752,0.00014787242030462065,0.00012893388900475801,0.0001278253383340707,5.038288270624716e-05,3.993125118745977e-05,2.0227642516557067e-05,5.038288270624716e-05,3.993125118745977e-05,2.0227642516557067e-05,6.7395083002880056e-05,6.7395083002880056e-05,1.9429000435380954,2.3431764673730098,1.371726445603962,0,0
1,0.079926142003985651,2760,0.00014788409146769874,0.00012894314372613076,0.00012783001151248338,5.03742775961833e-05,3.9964739779062701e-05,2.0115949756173121e-05,5.03742775961833e-05,3.9964739779062701e-05,2.0115949756173121e-05,6.7375067373164188e-05,6.7375067373164188e-05,1.9429000435380954,2.344410547579161,1.3729605258101134,0,0
1,0.080157811980808805,2768,0.00014789576088338561,0.00012895240638313208,0.00012783465894028405,5.0367796562738778e-05,3.9999758995493335e-05,2.0005336616569805e-05,5.0367796562738778e-05,3.9999758995493335e-05,2.0005336616569805e-05,6.7358066654449471e-05,6.7358066654449471e-05,1.9429000435380954,2.3456178268327914,1.3741678050637438,0,0
1,0.080389481957631945,2776,0.0001479074290431174,0.00012896167733020654,0.00012783928086648408,5.0363434068257126e-05,4.0036307539180497e-05,1.9895793599881511e-05,5.0363434068257126e-05,4.0036307539180497e-05,1.9895793599881511e-05,6.7344071865967602e-05,6.7344071865967602e-05,1.9429000435380954,2.3467984170166445,1.3753483952475967,0,0
1,0.080621151934455099,2784,0.00014791909643708961,0.0001289709569215274,0.00012784387753791878,5.0361184939313939e-05,4.0074384365182995e-05,1.9787311417375725e-05,5.0361184939313939e-05,4.0074384365182995e-05,1.9787311417375725e-05,6.7333074516677253e-05,6.7333074516677253e-05,1.9429000435380954,2.3479524280736142,1.3765024063045663,0,0
1,0.080852821911278239,2792,0.00014793076355434112,0.00012898024551105485,0.00012784844919929556,5.0361044364218748e-05,4.0113988680043786e-05,1.9679880986600609e-05,5.0361044364218748e-05,4.0113988680043786e-05,1.9679880986600609e-05,6.7325066601706785e-05,6.7325066601706785e-05,1.9429000435380954,2.3490799680317704,1.3776299462627226,0,0
1,0.081084491888101393,2800,0.00014794243088283779,0.00012898954345259443,0.0001278529960932412,5.0363007890656734e-05,4.0155119940739521e-05,1.9573493428615472e-05,5.0363007890656734e-05,4.0155119940739521e-05,1.9573493428615472e-05,6.7320040598989407e-05,6.7320040598989407e-05,1.9429000435380954,2.350181143028796,1.3787311212597484,0,0
1,0.081316161864924533,2808,0.0001479540989095553,0.0001289988510998547,0.00012785751846034881,5.036707142346505e-05,4.0197777853719771e-05,1.9468140065308063e-05,5.036707142346505e-05,4.0197777853719771e-05,1.9468140065308063e-05,6.7317989466084661e-05,6.7317989466084661e-05,1.9429000435380954,2.3512560573359851,1.3798060355669373,0,0
1,0.081547831841747687,2816,0.00014796576812056196,0.00012900816880650511,0.00012786201653922416,5.0373231222545024e-05,4.0241962374040359e-05,1.9363812416789086e-05,5.0373231222545024e-05,4.0241962374040359e-05,1.9363812416789086e-05,6.7318906637186694e-05,6.7318906637186694e-05,1.9429000435380954,2.3523048133819962,1.3808547916129483,0,0
1,0.081779501818570827,2824,0.00014797743900110048,0.00012901749692623336,0.00012786649056653111,5.038148390090763e-05,4.0287673704585312e-05,1.9260502198872757e-05,5.038148390090763e-05,4.0287673704585312e-05,1.9260502198872757e-05,6.7322786020316573e-05,6.7322786020316573e-05,1.9429000435380954,2.3533275117756909,1.3818774900066431,0,0
1,0.082011171795393981,2832,0.0001479891120356696,0.00012902683581280281,0.00012787094077703685,5.0391826422850277e-05,4.033491229537951e-05,1.9158201320632899e-05,5.0391826422850277e-05,4.033491229537951e-05,1.9158201320632899e-05,6.7329621994695094e-05,6.7329621994695094e-05,1.9429000435380954,2.3543242513287392,1.3828742295596919,0,0
1,0.082242841772217121,2840,0.00014800078770810525,0.00012903618582010961,0.0001278753674036562,5.0404256102264572e-05,4.0383678842990829e-05,1.9056901882037868e-05,5.0404256102264572e-05,4.0383678842990829e-05,1.9056901882037868e-05,6.733940940829611e-05,6.733940940829611e-05,1.9429000435380954,2.3552951290776862,1.3838451073086384,0,0
1,0.082474511749040275,2848,0.00014801246650166154,0.00012904554730223987,0.00012787977067749566,5.0418770601072866e-05,4.0433974290020945e-05,1.8956596171659839e-05,5.0418770601072866e-05,4.0433974290020945e-05,1.8956596171659839e-05,6.7352143575576519e-05,6.7352143575576519e-05,1.9429000435380954,2.3562402403055995,1.3847902185365519,0,0
1,0.082706181725863415,2856,0.00014802414889909105,0.00012905492061352649,0.000127884150827897,5.0435367927792129e-05,4.0485799824683524e-05,1.8857276664459987e-05,5.0435367927792129e-05,4.0485799824683524e-05,1.8857276664459987e-05,6.736782027538144e-05,6.736782027538144e-05,1.9429000435380954,2.3571596785633346,1.385709656794287,0,0
1,0.082937851702686569,2864,0.00014803583538272502,0.00012906430610860612,0.00012788850808247997,5.045404643622575e-05,4.0539156880470778e-05,1.8758936019647166e-05,5.045404643622575e-05,4.0539156880470778e-05,1.8758936019647166e-05,6.7386435749024898e-05,6.7386435749024898e-05,1.9429000435380954,2.3580535356900794,1.3866035139210318,0,0
1,0.083169521679509709,2872,0.00014804752429325852,0.00012907370238688778,0.00012789284182859669,5.0456216228908225e-05,4.0578804661664262e-05,1.8654296196102782e-05,5.0456216228908225e-05,4.0578804661664262e-05,1.8654296196102782e-05,6.7382875498748056e-05,6.7382875498748056e-05,1.9429000435380954,2.3589217095401684,1.3874716877711208,0,0
1,0.083401191656332863,2880,0.00014805921378402352,0.00012908310789278501,0.00012789715140969319,5.0455883081959138e-05,4.0616217658873081e-05,1.8549610499576021e-05,5.0455883081959138e-05,4.0616217658873081e-05,1.8549610499576021e-05,6.7376266772352893e-05,6.7376266772352893e-05,1.9429000435380954,2.3597641097754365,1.3883140880063889,0,0
1,0.083632861633156003,2888,0.00014807090166733767,0.0001290925207906271,0.0001279014364509959,5.0445617106482636e-05,4.0645307846031972e-05,1.8443194926492715e-05,5.0445617106482636e-05,4.0645307846031972e-05,1.8443194926492715e-05,6.7356905913567384e-05,6.7356905913567384e-05,1.9429000435380954,2.3600437178021436,1.3885936960330958,0,0
1,0.083864531609979157,2896,0.00014808258741484564,0.00012910194060640937,0.00012790569695690312,5.0437443761021627e-05,4.0675939718001648e-05,1.833779563778194e-05,5.0437443761021627e-05,4.0675939718001648e-05,1.833779563778194e-05,6.7340497131679818e-05,6.7340497131679818e-05,1.9429000435380954,2.3595337410562092,1.3880837192871613,0,0
1,0.084096201586802297,2904,0.00014809427151069661,0.00012911136769708738,0.00012790993316182797,5.0431357492879922e-05,4.070811153534997e-05,1.8233403780817108e-05,5.0431357492879922e-05,4.070811153534997e-05,1.8233403780817108e-05,6.7327031545906323e-05,6.7327031545906323e-05,1.9429000435380954,2.3588979809223658,1.3874479591533182,0,0
1,0.084327871563625451,2912,0.0001481059544377952,0.0001291208024192435,0.00012791414529815577,5.0427353109570077e-05,4.0741821815678404e-05,1.8130010701055006e-05,5.0427353109570077e-05,4.0741821815678404e-05,1.8130010701055006e-05,6.7316500759606664e-05,6.7316500759606664e-05,1.9429000435380954,2.3582384959655482,1.3867884741965006,0,0
1,0.084559541540448591,2920,0.00014811763667788461,0.00012913024512914626,0.00012791833359628959,5.0425425776330174e-05,4.0777069332347663e-05,1.8027607939363861e-05,5.0425425776330174e-05,4.0777069332347663e-05,1.8027607939363861e-05,6.7308896856765421e-05,6.7308896856765421e-05,1.9429000435380954,2.3575553179607014,1.3861052961916538,0,0
1,0.084791211517271745,2928,0.00014812931871162915,0.00012913969618280957,0.00012792249828469504,5.0425571013777981e-05,4.0813853113298704e-05,1.7926187229433509e-05,5.0425571013777981e-05,4.0813853113298704e-05,1.7926187229433509e-05,6.7304212398661896e-05,6.7304212398661896e-05,1.9429000435380954,2.3568484771771803,1.3853984554081327,0,0
1,0.085022881494094885,2936,0.00014814100101869629,0.00012914915593605157,0.00012792663958994488,5.0427784695699786e-05,4.0852172439968522e-05,1.782574049526335e-05,5.0427784695699786e-05,4.0852172439968522e-05,1.782574049526335e-05,6.7302440420725077e-05,6.7302440420725077e-05,1.9429000435380954,2.3561180023896791,1.3846679806206317,0,0
1,0.085254551470918039,2944,0.00014815268407783838,0.00012915862474455311,0.00012793075773676261,5.0432063046973574e-05,4.0892026846299971e-05,1.7726259848729108e-05,5.0432063046973574e-05,4.0892026846299971e-05,1.7726259848729108e-05,6.7303574429573206e-05,6.7303574429573206e-05,1.9429000435380954,2.3553639208878057,1.3839138991187581,0,0
1,0.085486221447741179,2952,0.00014816436836697356,0.00012916810296391634,0.00012793485294806587,5.0438402641624056e-05,4.0933416117844117e-05,1.7627737587225752e-05,5.0438402641624056e-05,4.0933416117844117e-05,1.7627737587225752e-05,6.730760840023408e-05,6.730760840023408e-05,1.9429000435380954,2.3545939390898343,1.3831439173207865,0,0
1,0.085717891424564333,2960,0.00014817605436326665,0.00012917759094972266,0.00012793892544500914,5.0446800401008273e-05,4.0976340290954576e-05,1.7530166191385587e-05,5.0446800401008273e-05,4.0976340290954576e-05,1.7530166191385587e-05,6.731453677354449e-05,6.731453677354449e-05,1.9429000435380954,2.3538775968621906,1.382427575093143,0,0
1,0.085949561401387473,2968,0.00014818774254320925,0.00012918708905759098,0.00012794297544702584,5.0457253592131182e-05,4.1020799652074195e-05,1.7433538322868799e-05,5.0457253592131182e-05,4.1020799652074195e-05,1.7433538322868799e-05,6.7324354453727824e-05,6.7324354453727824e-05,1.9429000435380954,2.3532315918029885,1.3817815700339409,0,0
1,0.086181231378210627,2976,0.00014819943338269974,0.00012919659764323545,0.00012794700317187016,5.0469759826088198e-05,4.1066794737110901e-05,1.733784682222749e-05,5.0469759826088198e-05,4.1066794737110901e-05,1.733784682222749e-05,6.7337056806145382e-05,6.7337056806145382e-05,1.9429000435380954,2.3526560105488321,1.3812059887797845,0,0
1,0.086412901355033767,2984,0.00014821112735712266,0.0001292061170625232,0.0001279510088356581,5.0484317056635429e-05,4.111432633090439e-05,1.7243084706840586e-05,5.0484317056635429e-05,4.111432633090439e-05,1.7243084706840586e-05,6.7352639655222631e-05,6.7352639655222631e-05,1.9429000435380954,2.3521509481478478,1.3807009263788004,0,0
1,0.086644571331856921,2992,0.00014822282494142828,0.00012921564767153198,0.00012795499265290831,5.0500923578884846e-05,4.116339546678257e-05,1.7149245168915895e-05,5.0500923578884846e-05,4.116339546678257e-05,1.7149245168915895e-05,6.7371099282546136e-05,6.7371099282546136e-05,1.9429000435380954,2.351716508022994,1.3802664862539464,0,0
1,0.086876241308680061,3000,0.00014823452661021108,0.0001292251898266077,0.00012795895483658234,5.0519578028124438e-05,4.1214003426205705e-05,1.705632157356453e-05,5.0519578028124438e-05,4.1214003426205705e-05,1.705632157356453e-05,6.7392432425131328e-05,6.7392432425131328e-05,1.9429000435380954,2.3513528019369643,1.3799027801679167,0,0
1,0.087107911285503214,3008,0.00014824623283778883,0.00012923474388442185,0.00012796289559812452,5.0540279378761649e-05,4.1266151738500285e-05,1.6964307456938627e-05,5.0540279378761649e-05,4.1266151738500285e-05,1.6964307456938627e-05,6.7416636273858653e-05,6.7416636273858653e-05,1.9429000435380954,2.3510599499582567,1.3796099281892089,0,0
1,0.087339581262326355,3016,0.00014825794404620173,0.00012924431015813538,0.00012796681513785893,5.0560197048438165e-05,4.1317457102176813e-05,1.6872672714069803e-05,5.0560197048438165e-05,4.1317457102176813e-05,1.6872672714069803e-05,6.743999459877819e-05,6.743999459877819e-05,1.9429000435380954,2.350838088904065,1.3793880671350174,0,0
1,0.087571251239149508,3024,0.00014826965824617523,0.00012925388692973521,0.00012797071320866897,5.0568485049679344e-05,4.1358787619007313e-05,1.6779407397060355e-05,5.0568485049679344e-05,4.1358787619007313e-05,1.6779407397060355e-05,6.74482728179923e-05,6.74482728179923e-05,1.9429000435380954,2.3506877359363831,1.3792377141673358,0,0
1,0.087802921215972649,3032,0.00014828137460269012,0.00012926347345641948,0.00012797458977661171,5.0578814007955587e-05,4.1401672534141352e-05,1.6687037951103975e-05,5.0578814007955587e-05,4.1401672534141352e-05,1.6687037951103975e-05,6.7459411134824054e-05,6.7459411134824054e-05,1.9429000435380954,2.3506091697187101,1.3791591479496623,0,0
1,0.088034591192795802,3040,0.00014829309174811616,0.00012927306856268616,0.00012797844442464739,5.0573846271351442e-05,4.1431641803870259e-05,1.6589686758389157e-05,5.0573846271351442e-05,4.1431641803870259e-05,1.6589686758389157e-05,6.7450074692204529e-05,6.7450074692204529e-05,1.9429000435380954,2.3506024333333184,1.3791524115642706,0,0
1,0.088266261169618943,3048,0.00014830480763483592,0.00012928267050220886,0.0001279822765093782,5.0569401453012309e-05,4.1461876748592118e-05,1.6492742387127756e-05,5.0569401453012309e-05,4.1461876748592118e-05,1.6492742387127756e-05,6.7441546084587414e-05,6.7441546084587414e-05,1.9429000435380954,2.3506675110005331,1.3792174892314852,0,0
1,0.088497931146442096,3056,0.00014831652273101606,0.00012929227962623992,0.00012798608624220347,5.0567020831281096e-05,4.1493665246642709e-05,1.6396722115238773e-05,5.0567020831281096e-05,4.1493665246642709e-05,1.6396722115238773e-05,6.7435898062352681e-05,6.7435898062352681e-05,1.9429000435380954,2.3508043855014193,1.3793543637323717,0,0
1,0.088729601123265237,3064,0.0001483282375143784,0.00012930189629455861,0.00012798987383632536,5.0566700231244655e-05,4.1527006198897756e-05,1.6301618342852553e-05,5.0566700231244655e-05,4.1527006198897756e-05,1.6301618342852553e-05,6.7433123735415648e-05,6.7433123735415648e-05,1.9429000435380954,2.3510130477100195,1.3795630259409717,0,0
1,0.08896127110008839,3072,0.00014833995246171835,0.00012931152086671945,0.00012799363950320624,5.0568435829928829e-05,4.1561898764448177e-05,1.6207423649262592e-05,5.0568435829928829e-05,4.1561898764448177e-05,1.6207423649262592e-05,6.7433216685388412e-05,6.7433216685388412e-05,1.9429000435380954,2.3512934965165684,1.3798434747475208,0,0
1,0.089192941076911531,3080,0.00014835166804898626,0.00012932115370211205,0.00012799738345260981,5.0572224154353881e-05,4.1598342359605526e-05,1.6114130790675343e-05,5.0572224154353881e-05,4.1598342359605526e-05,1.6114130790675343e-05,6.7436170962801244e-05,6.7436170962801244e-05,1.9429000435380954,2.3516457387878638,1.3801957170188159,0,0
1,0.089424611053734671,3088,0.00014836338475136829,0.00012933079516002041,0.00012800110589264191,5.0578062079721446e-05,4.1636336657002473e-05,1.602173269803125e-05,5.0578062079721446e-05,4.1636336657002473e-05,1.602173269803125e-05,6.7441981084503792e-05,6.7441981084503792e-05,1.9429000435380954,2.3520697893297373,1.3806197675606899,0,0
1,0.089656281030557824,3096,0.00014837510304336685,0.0001293404455996824,0.00012800480702979071,5.0585946827731891e-05,4.1675881584787745e-05,1.5930222474896278e-05,5.0585946827731891e-05,4.1675881584787745e-05,1.5930222474896278e-05,6.745064203124429e-05,6.745064203124429e-05,1.9429000435380954,2.3525656708509439,1.3811156490818963,0,0
1,0.089887951007380965,3104,0.00014838682339888063,0.00012935010538034863,0.0001280084870689665,5.0595875965030403e-05,4.1716977325913658e-05,1.58395933954242e-05,5.0595875965030403e-05,4.1716977325913658e-05,1.58395933954242e-05,6.7462149245424286e-05,6.7462149245424286e-05,1.9429000435380954,2.3531334139290885,1.3816833921600407,0,0
1,0.090119620984204118,3112,0.0001483985462912844,0.00012935977486134165,0.00012801214621354097,5.0607847401781143e-05,4.1759624317517583e-05,1.5749838902384558e-05,5.0607847401781143e-05,4.1759624317517583e-05,1.5749838902384558e-05,6.7476498629028152e-05,6.7476498629028152e-05,1.9429000435380954,2.3537730569779733,1.382323035208926,0,0
1,0.090351290961027259,3120,0.00014841027219350845,0.00012936945440211465,0.00012801578466538598,5.0621859390367451e-05,4.1803823250394524e-05,1.5660952605259234e-05,5.0621859390367451e-05,4.1803823250394524e-05,1.5660952605259234e-05,6.7493686541724294e-05,6.7493686541724294e-05,1.9429000435380954,2.3544810399503127,1.3830310181812648,0,0
1,0.090582960937850412,3128,0.00014842200157811781,0.00012937914436231021,0.00012801940262491214,5.063791052421818e-05,4.1849575068562091e-05,1.5572928278403326e-05,5.063791052421818e-05,4.1849575068562091e-05,1.5572928278403326e-05,6.7513709799138088e-05,6.7513709799138088e-05,1.9429000435380954,2.3551917221116425,1.3837417003425949,0,0
1,0.090814630914673553,3136,0.00014843373491739092,0.00012938884510181893,0.00012802300029110658,5.0655999736757939e-05,4.189688096891529e-05,1.5485759859272636e-05,5.0655999736757939e-05,4.189688096891529e-05,1.5485759859272636e-05,6.7536565671293469e-05,6.7536565671293469e-05,1.9429000435380954,2.3558806868312128,1.3844306650621649,0,0
1,0.091046300891496706,3144,0.00014844547246651543,0.00012939855680070013,0.00012802657779181355,5.0671686952934176e-05,4.1942054727699355e-05,1.5398015002003946e-05,5.0671686952934176e-05,4.1942054727699355e-05,1.5398015002003946e-05,6.7556307473391598e-05,6.7556307473391598e-05,1.9429000435380954,2.3565480012082638,1.3850979794392162,0,0
1,0.091277970868319847,3152,0.00014845721287700222,0.00012940827830582025,0.00012803013474574053,5.0681558323607919e-05,4.1982209979610013e-05,1.5308958850250711e-05,5.0681558323607919e-05,4.1982209979610013e-05,1.5308958850250711e-05,6.7568413700189869e-05,6.7568413700189869e-05,1.9429000435380954,2.3571936218699183,1.3857436001008705,0,0
1,0.091509640845143,3160,0.00014846895392409506,0.00012941800768510528,0.00012803367089240876,5.0678897564983456e-05,4.2011497471859179e-05,1.5218638925904391e-05,5.0678897564983456e-05,4.2011497471859179e-05,1.5218638925904391e-05,6.7564217963261947e-05,6.7564217963261947e-05,1.9429000435380954,2.3578178425719885,1.3863678208029409,0,0
1,0.091741310821966141,3168,0.00014848069459345829,0.00012942774403291028,0.00012803718621709774,5.0678296818758318e-05,4.2042368894010114e-05,1.5129202128809787e-05,5.0678296818758318e-05,4.2042368894010114e-05,1.5129202128809787e-05,6.7562884098627574e-05,6.7562884098627574e-05,1.9429000435380954,2.3584209021627331,1.3869708803936855,0,0
1,0.091972980798789294,3176,0.00014849243536195296,0.00012943748771611585,0.00012804068092359472,5.0679752846302043e-05,4.2074823699119977e-05,1.5040641522209437e-05,5.0679752846302043e-05,4.2074823699119977e-05,1.5040641522209437e-05,6.7564406570870577e-05,6.7564406570870577e-05,1.9429000435380954,2.3590028882009118,1.3875528664318639,0,0
1,0.092204650775612434,3184,0.00014850417670572973,0.00012944723910150569,0.00012804415521409937,5.068326275278151e-05,4.2108861598219844e-05,1.4952950337842851e-05,5.068326275278151e-05,4.2108861598219844e-05,1.4952950337842851e-05,6.7568780306969566e-05,6.7568780306969566e-05,1.9429000435380954,2.3595638868043598,1.388113865035312,0,0
1,0.092436320752435588,3192,0.00014851591910030834,0.00012945699855582645,0.00012804760928926279,5.0688823985637744e-05,4.2144482559585588e-05,1.486612197394566e-05,5.0688823985637744e-05,4.2144482559585588e-05,1.486612197394566e-05,6.7576000694080798e-05,6.7576000694080798e-05,1.9429000435380954,2.3601039826693642,1.3886539609003166,0,0
1,0.092667990729258728,3200,0.00014852766286483198,0.00012946676631222929,0.00012805104330257199,5.0691376569124014e-05,4.2177349283681567e-05,1.4778668655792327e-05,5.0691376569124014e-05,4.2177349283681567e-05,1.4778668655792327e-05,6.7579238663276667e-05,6.7579238663276667e-05,1.9429000435380954,2.3606232525530237,1.3891732307839764,0,0
1,0.092899660706081882,3208,0.00014853940542220532,0.00012947654011840362,0.00012805445655945152,5.0682122494941233e-05,4.2199894080590759e-05,1.4688025476421376e-05,5.0682122494941233e-05,4.2199894080590759e-05,1.4688025476421376e-05,6.7566609308158354e-05,6.7566609308158354e-05,1.9429000435380954,2.361121652403535,1.3896716306344872,0,0
1,0.093131330682905022,3216,0.00014855114607780981,0.00012948631933096342,0.00012805784891959645,5.067495791519205e-05,4.2224022187199825e-05,1.4598266506813801e-05,5.067495791519205e-05,4.2224022187199825e-05,1.4598266506813801e-05,6.7556856013106388e-05,6.7556856013106388e-05,1.9429000435380954,2.3615992204102647,1.3901491986412171,0,0
1,0.093363000659728176,3224,0.00014856288531522524,0.00012949610431654338,0.00012806122058699884,5.0669878631147546e-05,4.224973217473439e-05,1.4509384413655225e-05,5.0669878631147546e-05,4.224973217473439e-05,1.4509384413655225e-05,6.7549971912616143e-05,6.7549971912616143e-05,1.9429000435380954,2.3620560433406848,1.3906060215716372,0,0
1,0.093594670636551316,3232,0.00014857462361709978,0.0001295058954414775,0.00012806457176397189,5.0666880798712841e-05,4.2277022877293744e-05,1.4421372037531992e-05,5.0666880798712841e-05,4.2277022877293744e-05,1.4421372037531992e-05,6.7545950616473699e-05,6.7545950616473699e-05,1.9429000435380954,2.362492206487532,1.3910421847184844,0,0
1,0.09382634061337447,3240,0.00014858636146523194,0.00012951569307186021,0.00012806790265119009,5.066596092654045e-05,4.2305893390819781e-05,1.4334222390717953e-05,5.066596092654045e-05,4.2305893390819781e-05,1.4334222390717953e-05,6.7544786207017433e-05,6.7544786207017433e-05,1.9429000435380954,2.3629077936889806,1.3914577719199328,0,0
1,0.09405801059019761,3248,0.00014859809934065208,0.00012952549757360666,0.00012807121344772889,5.0667115874274993e-05,4.2336343072160791e-05,1.4247928655034803e-05,5.0667115874274993e-05,4.2336343072160791e-05,1.4247928655034803e-05,6.7546473236578891e-05,6.7546473236578891e-05,1.9429000435380954,2.3633028873487385,1.3918528655796909,0,0
1,0.094289680567020764,3256,0.00014860983772370349,0.00012953530931251303,0.0001280745043511036,5.067034285092897e-05,4.2368371538231738e-05,1.4162484179780476e-05,5.067034285092897e-05,4.2368371538231738e-05,1.4162484179780476e-05,6.755100672510267e-05,6.755100672510267e-05,1.9429000435380954,2.363677568455202,1.3922275466861544,0,0
1,0.094521350543843904,3264,0.00014862157709412329,0.00012954512865431702,0.00012807777555730784,5.0675639413387985e-05,4.2401978665269866e-05,1.4077882479723607e-05,5.0675639413387985e-05,4.2401978665269866e-05,1.4077882479723607e-05,6.7558382157942708e-05,6.7558382157942708e-05,1.9429000435380954,2.3640319166004686,1.392581894831421,0,0
1,0.094753020520667058,3272,0.00014863331793112266,0.00012955495596475751,0.00012808102726085183,5.0683003465043183e-05,4.2437164588182676e-05,1.3994117233167213e-05,5.0683003465043183e-05,4.2437164588182676e-05,1.3994117233167213e-05,6.7568595483831923e-05,6.7568595483831923e-05,1.9429000435380954,2.364366009999153,1.3929159882301052,0,0
1,0.094984690497490198,3280,0.00014864506071346712,0.00012956479160963451,0.00012808425965480006,5.0692433254551019e-05,4.2473929699990697e-05,1.3911182280075241e-05,5.0692433254551019e-05,4.2473929699990697e-05,1.3911182280075241e-05,6.7581643113025455e-05,6.7581643113025455e-05,1.9429000435380954,2.3646799255066333,1.3932299037375855,0,0
1,0.095216360474313352,3288,0.00014865680590575643,0.00012957463594316882,0.00012808747292921013,5.0702415273910762e-05,4.2510992692301297e-05,1.3828896502853538e-05,5.0702415273910762e-05,4.2510992692301297e-05,1.3828896502853538e-05,6.7595545657828877e-05,6.7595545657828877e-05,1.9429000435380954,2.3649737404448103,1.3935237186757625,0,0
1,0.095448030451136492,3296,0.0001486685517448887,0.00012958448743240078,0.00012809066701471931,5.0699413093703718e-05,4.2536892142498671e-05,1.3745685437716236e-05,5.0699413093703718e-05,4.2536892142498671e-05,1.3745685437716236e-05,6.7592614606488071e-05,6.7592614606488071e-05,1.9429000435380954,2.3652562266050534,1.3938062048360056,0,0
1,0.095679700427959646,3304,0.00014868029712931022,0.00012959434510933566,0.0001280938419168979,5.0698489259873495e-05,4.2564410837850198e-05,1.3663286279609154e-05,5.0698489259873495e-05,4.2564410837850198e-05,1.3663286279609154e-05,6.7592538605717155e-05,6.7592538605717155e-05,1.9429000435380954,2.3655778023661154,1.3941277805970675,0,0
1,0.095911370404782786,3312,0.00014869204254017537,0.00012960420934903742,0.00012809699782309644,5.0699640931214538e-05,4.2593548250168914e-05,1.3581692633745405e-05,5.0699640931214538e-05,4.2593548250168914e-05,1.3581692633745405e-05,6.7595312839656909e-05,6.7595312839656909e-05,1.9429000435380954,2.36594687351114,1.3944968517420924,0,0
1,0.09614304038160594,3320,0.00014870378845802102,0.00012961408052647875,0.00012810013491920249,5.0702865616700406e-05,4.2624304118883312e-05,1.3500898263815016e-05,5.0702865616700406e-05,4.2624304118883312e-05,1.3500898263815016e-05,6.7600932961713747e-05,6.7600932961713747e-05,1.9429000435380954,2.3663635477312908,1.3949135259622432,0,0
1,0.09637471035842908,3328,0.00014871553536284734,0.00012962395901660288,0.00012810325338967696,5.0708161174125901e-05,4.2656678450360636e-05,1.3420897090104296e-05,5.0708161174125901e-05,4.2656678450360636e-05,1.3420897090104296e-05,6.7609395092559142e-05,6.7609395092559142e-05,1.9429000435380954,2.3668279394984202,1.3953779177293726,0,0
1,0.096606380335252234,3336,0.00014872728373419841,0.00012963384519438541,0.00012810635341759026,5.0715525808877421e-05,4.2690671517327055e-05,1.334168318767742e-05,5.0715525808877421e-05,4.2690671517327055e-05,1.334168318767742e-05,6.7620695818303928e-05,6.7620695818303928e-05,1.9429000435380954,2.3673401700487444,1.395890148279697,0,0
1,0.096838050312075374,3344,0.00014873903405124278,0.00012964373943489589,0.00012810943518465798,5.0724958072830127e-05,4.2726283858384291e-05,1.3263250784618774e-05,5.0724958072830127e-05,4.2726283858384291e-05,1.3263250784618774e-05,6.7634832188845527e-05,6.7634832188845527e-05,1.9429000435380954,2.3679003673677963,1.3964503455987485,0,0
1,0.097069720288898528,3352,0.00014875078679285359,0.0001296536421133595,0.00012811249887127594,5.0736456863372549e-05,4.2763516277622342e-05,1.318559426033735e-05,5.0736456863372549e-05,4.2763516277622342e-05,1.318559426033735e-05,6.7651801716388718e-05,6.7651801716388718e-05,1.9429000435380954,2.3685086661765689,1.3970586444075213,0,0
1,0.097301390265721668,3360,0.00014876254243768839,0.00012966355360521828,0.00012811554465655536,5.0750021422555401e-05,4.2802369844326213e-05,1.3108708143931014e-05,5.0750021422555401e-05,4.2802369844326213e-05,1.3108708143931014e-05,6.767160237413535e-05,6.767160237413535e-05,1.9429000435380954,2.3691652079195928,1.3977151861505452,0,0
1,0.097533060242544822,3368,0.00014877429950719033,0.00012967347254141267,0.00012811857222569983,5.0747810326439243e-05,4.2826932609168873e-05,1.3028098772106142e-05,5.0747810326439243e-05,4.2826932609168873e-05,1.3028098772106142e-05,6.7669917742334376e-05,6.7669917742334376e-05,1.9429000435380954,2.3698666438529861,1.3984166220839385,0,0
1,0.097764730219367962,3376,0.00014878605608857037,0.00012968339715876506,0.0001281215811560076,5.074676140101566e-05,4.2852265004468459e-05,1.2948039079608814e-05,5.074676140101566e-05,4.2852265004468459e-05,1.2948039079608814e-05,6.7669802162499936e-05,6.7669802162499936e-05,1.9429000435380954,2.3705649406211884,1.3991149188521406,0,0
1,0.097996400196191116,3384,0.00014879781267185385,0.00012969332783242278,0.00012812457162981601,5.0747826328992747e-05,4.2879216433994913e-05,1.2868763310109453e-05,5.0747826328992747e-05,4.2879216433994913e-05,1.2868763310109453e-05,6.7672550921644796e-05,6.7672550921644796e-05,1.9429000435380954,2.371244621823474,1.3997946000544261,0,0
1,0.098228070173014256,3392,0.00014880956974647574,0.00012970326493742167,0.00012812754382802543,5.0751002742385897e-05,4.290778654858298e-05,1.2790265351692843e-05,5.0751002742385897e-05,4.290778654858298e-05,1.2790265351692843e-05,6.767815979784863e-05,6.767815979784863e-05,1.9429000435380954,2.3719057738889702,1.4004557521199226,0,0
1,0.09845974014983741,3400,0.00014882132780136409,0.00012971320884874808,0.00012813049793013835,5.0756288631881003e-05,4.2937975269669438e-05,1.2712539247805388e-05,5.0756288631881003e-05,4.2937975269669438e-05,1.2712539247805388e-05,6.7686625045636223e-05,6.7686625045636223e-05,1.9429000435380954,2.3725484819399627,1.4010984601709151,0,0
1,0.09869141012666055,3408,0.0001488330873250228,0.00012972315994140134,0.00012813343411429508,5.0763682345642833e-05,4.2969782788704646e-05,1.2635579195436924e-05,5.0763682345642833e-05,4.2969782788704646e-05,1.2635579195436924e-05,6.7697943394182569e-05,6.7697943394182569e-05,1.9429000435380954,2.373172829811756,1.4017228080427084,0,0
1,0.09892308010348369,3416,0.00014884484880561439,0.00012973311859045653,0.00012813635255730919,5.077318258825577e-05,4.3003209566663537e-05,1.2559379543362093e-05,5.077318258825577e-05,4.3003209566663537e-05,1.2559379543362093e-05,6.7712112045696551e-05,6.7712112045696551e-05,1.9429000435380954,2.3737789000718865,1.4023288783028389,0,0
1,0.099154750080306844,3424,0.00014885661272101352,0.0001297430851628094,0.0001281392534337997,5.0783399688266003e-05,4.3037104729627146e-05,1.2483809771296752e-05,5.0783399688266003e-05,4.3037104729627146e-05,1.2483809771296752e-05,6.7727332546121998e-05,6.7727332546121998e-05,1.9429000435380954,2.3742162772905648,1.402766255521517,0,0
1,0.099386420057129984,3432,0.00014886837732637284,0.00012975305818386395,0.00012814213671680027,5.0780445105561178e-05,4.3059969586251411e-05,1.2407611201999849e-05,5.0780445105561178e-05,4.3059969586251411e-05,1.2407611201999849e-05,6.7725648034018855e-05,6.7725648034018855e-05,1.9429000435380954,2.3745416591869168,1.403091637417869,0,0
1,0.099618090033953138,3440,0.00014888014149374088,0.00012976303669576996,0.00012814500243269822,5.0779618088899936e-05,4.3084506991207564e-05,1.2332152489525193e-05,5.0779618088899936e-05,4.3084506991207564e-05,1.2332152489525193e-05,6.7726850959976348e-05,6.7726850959976348e-05,1.9429000435380954,2.3748488960313914,1.4033988742623438,0,0
1,0.099849760010776278,3448,0.00014889190571572731,0.00012977302108594987,0.00012814785075221526,5.0780916252902805e-05,4.3110716501854076e-05,1.2257427781210723e-05,5.0780916252902805e-05,4.3110716501854076e-05,1.2257427781210723e-05,6.7730937307844475e-05,6.7730937307844475e-05,1.9429000435380954,2.3751380587581732,1.4036880369891258,0,0
1,0.10008142998759943,3456,0.00014890367048443144,0.00012978301174175626,0.00012815068184473456,5.0784337576426658e-05,4.313859795801041e-05,1.2183431372962545e-05,5.0784337576426658e-05,4.313859795801041e-05,1.2183431372962545e-05,6.7737903546530054e-05,6.7737903546530054e-05,1.9429000435380954,2.3754092170451568,1.403959195276109,0,0
1,0.10031309996442257,3464,0.00014891543629152635,0.00012979300905053727,0.00012815349587833461,5.0789880401399242e-05,4.3168151481360974e-05,1.2110157707495898e-05,5.0789880401399242e-05,4.3168151481360974e-05,1.2110157707495898e-05,6.7747746628257592e-05,6.7747746628257592e-05,1.9429000435380954,2.3756401471835749,1.404190125414527,0,0
1,0.10054476994124573,3472,0.00014892720362834303,0.00012980301339970176,0.00012815629301982364,5.079754343178773e-05,4.319937747496275e-05,1.2037601372634819e-05,5.079754343178773e-05,4.319937747496275e-05,1.2037601372634819e-05,6.7760463987011913e-05,6.7760463987011913e-05,1.9429000435380954,2.3755063328086514,1.4040563110396038,0,0
1,0.10077643991806887,3480,0.00014893897298595398,0.00012981302517678465,0.00012815907343477243,5.0807325732702858e-05,4.3232276622856676e-05,1.1965757099672561e-05,5.0807325732702858e-05,4.3232276622856676e-05,1.1965757099672561e-05,6.7776053537164105e-05,6.7776053537164105e-05,1.9429000435380954,2.3754301182455313,1.4039800964764837,0,0
1,0.10100810989489202,3488,0.00014895074485525694,0.00012982304476951177,0.00012816183728754771,5.0819226729635164e-05,4.3266849889781499e-05,1.1894619761788549e-05,5.0819226729635164e-05,4.3266849889781499e-05,1.1894619761788549e-05,6.7794513672276476e-05,6.7794513672276476e-05,1.9429000435380954,2.3754116186803658,1.4039615969113182,0,0
1,0.10123977987171516,3496,0.00014896251972705823,0.00012983307256586495,0.00012816458474134473,5.0833246207825306e-05,4.330309852099044e-05,1.1824184372523614e-05,5.0833246207825306e-05,4.330309852099044e-05,1.1824184372523614e-05,6.7815843264088535e-05,6.7815843264088535e-05,1.9429000435380954,2.3754509566311359,1.4040009348620883,0,0
1,0.10147144984853831,3504,0.00014897429809215603,0.00012984310895414701,0.00012816731595821973,5.0849384311765585e-05,4.3341024042170019e-05,1.1754446084310105e-05,5.0849384311765585e-05,4.3341024042170019e-05,1.1754446084310105e-05,6.7840041661680495e-05,6.7840041661680495e-05,1.9429000435380954,2.3755482619358692,1.4040982401668216,0,0
1,0.10170311982536145,3512,0.00014898608044142355,0.00012985315432304672,0.0001281700310991218,5.0867641544834061e-05,4.3380628259460943e-05,1.1685400187058029e-05,5.0867641544834061e-05,4.3380628259460943e-05,1.1685400187058029e-05,6.7867108690815509e-05,6.7867108690815509e-05,1.9429000435380954,2.3757036717420461,1.4042536499729983,0,0
1,0.10193478980218461,3520,0.00014899786726589218,0.00012986320906170374,0.00012817273032392462,5.0888018769058944e-05,4.342191325958039e-05,1.1617042106795217e-05,5.0888018769058944e-05,4.342191325958039e-05,1.1617042106795217e-05,6.7897044653458019e-05,6.7897044653458019e-05,1.9429000435380954,2.3759173304977388,1.4044673087286912,0,0
1,0.10216645977900775,3528,0.00014900965721895864,0.00012987327184391668,0.00012817541339578718,5.0893335284481943e-05,4.3448831764307957e-05,1.1545669813978502e-05,5.0893335284481943e-05,4.3448831764307957e-05,1.1545669813978502e-05,6.7906075203292714e-05,6.7906075203292714e-05,1.9429000435380954,2.3761893987254799,1.4047393769564323,0,0
1,0.1023981297558309,3536,0.00014902144834273489,0.00012988334076464839,0.00012817807994652746,5.0899450295167583e-05,4.3476142572020753e-05,1.1474700311895412e-05,5.0899450295167583e-05,4.3476142572020753e-05,1.1474700311895412e-05,6.7916108255263889e-05,6.7916108255263889e-05,1.9429000435380954,2.3765199958486178,1.4050699740795702,0,0
1,0.10262979973265404,3544,0.00014903324113535097,0.0001298934162069575,0.00012818073013633842,5.0907742176066635e-05,4.3505132435120587e-05,1.1404425516053074e-05,5.0907742176066635e-05,4.3505132435120587e-05,1.1404425516053074e-05,6.7929048889362915e-05,6.7929048889362915e-05,1.9429000435380954,2.3769092050119762,1.4054591832429284,0,0
1,0.1028614697094772,3552,0.00014904503610103063,0.00012990349855989905,0.00012818336412556716,5.091821019907792e-05,4.3535801991903025e-05,1.1334840309902746e-05,5.091821019907792e-05,4.3535801991903025e-05,1.1334840309902746e-05,6.7944895244651508e-05,6.7944895244651508e-05,1.9429000435380954,2.3773571164996707,1.4059070947306231,0,0
1,0.10309313968630034,3560,0.00014905683372053912,0.00012991358819400864,0.00012818598207176991,5.0928994858963362e-05,4.356666226234955e-05,1.1265810517530509e-05,5.0928994858963362e-05,4.356666226234955e-05,1.1265810517530509e-05,6.796127621405332e-05,6.796127621405332e-05,1.9429000435380954,2.3778638299135868,1.4064138081445392,0,0
1,0.10332480966312349,3568,0.00014906863216280531,0.00012992368362913046,0.00012818858397029505,5.0926975635968858e-05,4.3587220893440009e-05,1.1196414437167646e-05,5.0926975635968858e-05,4.3587220893440009e-05,1.1196414437167646e-05,6.796147709466676e-05,6.796147709466676e-05,1.9429000435380954,2.3784296468251687,1.4069796250561208,0,0
1,0.10355647963994663,3576,0.00014908043039259391,0.00012993378402903426,0.00012819116986925231,5.0927160203583122e-05,4.3609523012212087e-05,1.1127685818010381e-05,5.0927160203583122e-05,4.3609523012212087e-05,1.1127685818010381e-05,6.7964634446294385e-05,6.7964634446294385e-05,1.9429000435380954,2.3790547547390699,1.4076047329700223,0,0
1,0.10378814961676978,3584,0.00014909222892023661,0.00012994388979759887,0.00012819373992266036,5.0929546724638252e-05,4.3633568368301846e-05,1.1059619399610065e-05,5.0929546724638252e-05,4.3633568368301846e-05,1.1059619399610065e-05,6.7970745173144992e-05,6.7970745173144992e-05,1.9429000435380954,2.3797391983461185,1.4082891765770706,0,0
1,0.10401981959359292,3592,0.00014910402825568431,0.00012995400133868006,0.00012819629428333519,5.0934133748037782e-05,4.3659357014183092e-05,1.0992210059609263e-05,5.0934133748037782e-05,4.3659357014183092e-05,1.0992210059609263e-05,6.7979806689556538e-05,6.7979806689556538e-05,1.9429000435380954,2.380483029721808,1.4090330079527604,0,0
1,0.10425148957041608,3600,0.00014911582890859618,0.00012996411905618097,0.00012819883310292185,5.0940920207826364e-05,4.3686889304695891e-05,1.0925452812133866e-05,5.0940920207826364e-05,4.3686889304695891e-05,1.0925452812133866e-05,6.799181691858991e-05,6.799181691858991e-05,1.9429000435380954,2.3808774540673032,1.4094274322982556,0,0
1,0.10448315954723922,3608,0.00014912763138842913,0.00012997424335412181,0.00012820135653192612,5.0949905422404237e-05,4.371616589668853e-05,1.0859342806242344e-05,5.0949905422404237e-05,4.371616589668853e-05,1.0859342806242344e-05,6.8006774290817659e-05,6.8006774290817659e-05,1.9429000435380954,2.3808891727401078,1.4094391509710602,0,0
1,0.10471482952406237,3616,0.00014913943620452661,0.00012998437463671004,0.00012820386471974532,5.0961089093887868e-05,4.374718774877322e-05,1.0793875324431027e-05,5.0961089093887868e-05,4.374718774877322e-05,1.0793875324431027e-05,6.8024677743308359e-05,6.8024677743308359e-05,1.9429000435380954,2.3808485359310096,1.4093985141619618,0,0
1,0.10494649950088551,3624,0.00014915124386620735,0.00012999451330840999,0.00012820635781469935,5.0974471307614874e-05,4.3779956121194461e-05,1.0729045781195505e-05,5.0974471307614874e-05,4.3779956121194461e-05,1.0729045781195505e-05,6.8045526718804616e-05,6.8045526718804616e-05,1.9429000435380954,2.3807921008049679,1.4093420790359201,0,0
1,0.10517816947770867,3632,0.00014916305488285435,0.00013000465977401306,0.00012820883596406074,5.0990052531793014e-05,4.3814472575810879e-05,1.0664849721643927e-05,5.0990052531793014e-05,4.3814472575810879e-05,1.0664849721643927e-05,6.8069321165094209e-05,6.8069321165094209e-05,1.9429000435380954,2.380719906175766,1.4092698844067184,0,0
1,0.10540983945453181,3640,0.00014917486976400332,0.00013001481443870725,0.00012821129931408508,5.1007833617293163e-05,4.3850738976189033e-05,1.0601282820165842e-05,5.1007833617293163e-05,4.3850738976189033e-05,1.0601282820165842e-05,6.809606153457387e-05,6.809606153457387e-05,1.9429000435380954,2.3806319898054875,1.4091819680364399,0,0
1,0.10564150943135496,3648,0.00014918668901943145,0.00013002497770814739,0.00012821374801004072,5.1027815797585949e-05,4.3888757487810585e-05,1.0538340879151366e-05,5.1027815797585949e-05,4.3888757487810585e-05,1.0538340879151366e-05,6.8125748784005343e-05,6.8125748784005343e-05,1.9429000435380954,2.3805283884150739,1.409078366646026,0,0
1,0.1058731794081781,3656,0.00014919851315924596,0.00013003514998852491,0.00012821618219623817,5.1050000688820563e-05,4.3928530578390553e-05,1.0476019827763904e-05,5.1050000688820563e-05,4.3928530578390553e-05,1.0476019827763904e-05,6.8158384374461791e-05,6.8158384374461791e-05,1.9429000435380954,2.3804091376950804,1.4089591159260328,0,0
1,0.10610484938500125,3664,0.00014921034269397288,0.00013004533168663808,0.00012821860201605946,5.1074390290047899e-05,4.3970061018309682e-05,1.0414315720761513e-05,5.1074390290047899e-05,4.3970061018309682e-05,1.0414315720761513e-05,6.8193970271466934e-05,6.8193970271466934e-05,1.9429000435380954,2.3802742723159418,1.408824250546894,0,0
1,0.10633651936182439,3672,0.00014922217813464572,0.00013005552320996205,0.00012822100761198703,5.1100986983585256e-05,4.4013351881157567e-05,1.0353224737370499e-05,5.1100986983585256e-05,4.4013351881157567e-05,1.0353224737370499e-05,6.8232508945323473e-05,6.8232508945323473e-05,1.9429000435380954,2.3801238259379804,1.4086738041689326,0,0
1,0.10656818933864755,3680,0.00014923401992879021,0.00013006572490401988,0.00012822339911394343,5.112643426114832e-05,4.4055120512057552e-05,1.0292130742709594e-05,5.112643426114832e-05,4.4055120512057552e-05,1.0292130742709594e-05,6.8269274778749945e-05,6.8269274778749945e-05,1.9429000435380954,2.3799578338417668,1.4085078120727192,0,0
1,0.10679985931547069,3688,0.00014924586571190017,0.00013007593437281716,0.0001282257761332189,5.1136523422250583e-05,4.4081733228046774e-05,1.0228313277553002e-05,5.1136523422250583e-05,4.4081733228046774e-05,1.0228313277553002e-05,6.8284417143348549e-05,6.8284417143348549e-05,1.9429000435380954,2.3797764398969736,1.4083264181279262,0,0
1,0.10703152929229384,3696,0.00014925771326355512,0.00013008614949855626,0.00012822813826036727,5.1140707521493644e-05,4.4103349211152563e-05,1.0163822280140194e-05,5.1140707521493644e-05,4.4103349211152563e-05,1.0163822280140194e-05,6.8291878439402301e-05,6.8291878439402301e-05,1.9429000435380954,2.3796021088293129,1.4081520870602655,0,0
1,0.10726319926911698,3704,0.00014926956013875593,0.00013009636836687756,0.00012823048541805209,5.1133402905865124e-05,4.4116145110686876e-05,1.0099225176390539e-05,5.1133402905865124e-05,4.4116145110686876e-05,1.0099225176390539e-05,6.8285089890283938e-05,6.8285089890283938e-05,1.9429000435380954,2.3794894074087583,1.4080393856397107,0,0
1,0.10749486924594014,3712,0.00014928140559058742,0.00013010659041255037,0.00012823281768279746,5.1128419174927268e-05,4.4130779026008936e-05,1.0035251107650372e-05,5.1128419174927268e-05,4.4130779026008936e-05,1.0035251107650372e-05,6.828138230559703e-05,6.828138230559703e-05,1.9429000435380954,2.3794409950807682,1.4079909733117204,0,0
1,0.10772653922276328,3720,0.00014929325015644267,0.00013011681606128541,0.00012823513519835461,5.1125753929117158e-05,4.4147250129282916e-05,9.9718950266076188e-06,5.1125753929117158e-05,4.4147250129282916e-05,9.9718950266076188e-06,6.8280752040525967e-05,6.8280752040525967e-05,1.9429000435380954,2.3794569367080149,1.4080069149389671,0,0
1,0.10795820919958643,3728,0.00014930509437320735,0.00013012704573863964,0.00012823743810732091,5.1125405186819192e-05,4.4165557921118601e-05,9.9091520189722593e-06,5.1125405186819192e-05,4.4165557921118601e-05,9.9091520189722593e-06,6.8283195998248512e-05,6.8283195998248512e-05,1.9429000435380954,2.3795373047346069,1.4080872829655591,0,0
1,0.10818987917640957,3736,0.00014931693877735629,0.0001301372798700923,0.00012823972655117045,5.1127371383256837e-05,4.4185702229937785e-05,9.8470173018801306e-06,5.1127371383256837e-05,4.4185702229937785e-05,9.8470173018801306e-06,6.8288711628333756e-05,6.8288711628333756e-05,1.9429000435380954,2.37968217917008,1.4082321574010324,0,0
1,0.10842154915323272,3744,0.00014932878390505006,0.00013014751888112093,0.00012824200067028442,5.1131651369545943e-05,4.4207683211467224e-05,9.7854862223521048e-06,5.1131651369545943e-05,4.4207683211467224e-05,9.7854862223521048e-06,6.829729692535476e-05,6.829729692535476e-05,1.9429000435380954,2.3798672504160425,1.4084172286469949,0,0
1,0.10865321913005586,3752,0.00014934063029223114,0.00013015776319727685,0.00012824426060398087,5.1138244411909708e-05,4.4231501348357859e-05,9.724554255811293e-06,5.1138244411909708e-05,4.4231501348357859e-05,9.724554255811293e-06,6.8308950427716384e-05,6.8308950427716384e-05,1.9429000435380954,2.3800397551611288,1.4085897333920812,0,0
1,0.108884889106879,3760,0.00014935247847472003,0.00013016801324426122,0.0001282465064905444,5.1147150191054597e-05,4.4257157449930426e-05,9.6642170046522569e-06,5.1147150191054597e-05,4.4257157449930426e-05,9.6642170046522569e-06,6.8323671216696471e-05,6.8323671216696471e-05,1.9429000435380954,2.3801979233549355,1.4087479015858877,0,0
1,0.10911655908370216,3768,0.00014936432898831126,0.00013017826944800032,0.00012824873846725547,5.1158368801705294e-05,4.4284652652045775e-05,9.6044701968659785e-06,5.1158368801705294e-05,4.4284652652045775e-05,9.6044701968659785e-06,6.8341458915698643e-05,6.8341458915698643e-05,1.9429000435380954,2.3803417986811892,1.4088917769121414,0,0
1,0.1093482290605253,3776,0.00014937618236886917,0.00013018853223472154,0.00012825095667041915,5.1171900752300854e-05,4.4313988417101375e-05,9.545309684716965e-06,5.1171900752300854e-05,4.4313988417101375e-05,9.545309684716965e-06,6.8362313689718522e-05,6.8362313689718522e-05,1.9429000435380954,2.3804714238392672,1.4090214020702194,0,0
1,0.10957989903734845,3784,0.00014938803915242382,0.00013019880203102885,0.00012825316123539395,5.1187746964848492e-05,4.4345166534152187e-05,9.4867314434722158e-06,5.1187746964848492e-05,4.4345166534152187e-05,9.4867314434722158e-06,6.8386236245019443e-05,6.8386236245019443e-05,1.9429000435380954,2.380586840556282,1.4091368187872342,0,0
1,0.10981156901417159,3792,0.00014939989987526687,0.00013020907926397855,0.00012825535229662004,5.1205908774937127e-05,4.4378189119157035e-05,9.42873157018147e-06,5.1205908774937127e-05,4.4378189119157035e-05,9.42873157018147e-06,6.8413227829019929e-05,6.8413227829019929e-05,1.9429000435380954,2.3804714555317013,1.4090214337626537,0,0
1,0.11004323899099475,3800,0.00014941176507404718,0.00013021936436115504,0.00012825752998764741,5.1226387931909348e-05,4.4413058615349299e-05,9.3713062825084926e-06,5.1226387931909348e-05,4.4413058615349299e-05,9.3713062825084926e-06,6.8443290230390768e-05,6.8443290230390768e-05,1.9429000435380954,2.3797201960791239,1.4082701743100761,0,0
1,0.11027490896781789,3808,0.00014942363528586689,0.00013022965775074679,0.00012825969444116376,5.1249186599192102e-05,4.4449777793733195e-05,9.3144519176107983e-06,5.1249186599192102e-05,4.4449777793733195e-05,9.3144519176107983e-06,6.8476425779362573e-05,6.8476425779362573e-05,1.9429000435380954,2.3789539828197475,1.4075039610506999,0,0
1,0.11050657894464104,3816,0.00014943551104837737,0.00013023995986162211,0.00012826184578902181,5.1274307354785798e-05,4.4488349753704831e-05,9.2581649310699493e-06,5.1274307354785798e-05,4.4488349753704831e-05,9.2581649310699493e-06,6.8512637348243312e-05,6.8512637348243312e-05,1.9429000435380954,2.3781728217471754,1.4067227999781275,0,0
1,0.11073824892146418,3824,0.00014944739289987532,0.00013025027112340554,0.00012826398416226681,5.1301753191912765e-05,4.452877792379893e-05,9.2024418958685563e-06,5.1301753191912765e-05,4.452877792379893e-05,9.2024418958685563e-06,6.8551928352146094e-05,6.8551928352146094e-05,1.9429000435380954,2.3773812286709632,1.4059312069019154,0,0
1,0.11096991889828733,3832,0.00014945928116137625,0.00013026059180441414,0.00012826610968214404,5.1325767548738605e-05,4.4566783273045863e-05,9.1470410129362051e-06,5.1325767548738605e-05,4.4566783273045863e-05,9.1470410129362051e-06,6.8587177701565525e-05,6.8587177701565525e-05,1.9429000435380954,2.3766371217469744,1.4051870999779266,0,0
1,0.11120158887511047,3840,0.00014947117246223685,0.00013027091915397714,0.0001282682222046325,5.1327965419553713e-05,4.4585252795496214e-05,9.0898013425031594e-06,5.1327965419553713e-05,4.4585252795496214e-05,9.0898013425031594e-06,6.8593216059573822e-05,6.8593216059573822e-05,1.9429000435380954,2.3759589220342643,1.4045089002652165,0,0
1,0.11143325885193363,3848,0.00014948306345377994,0.00013028124988731542,0.00012827032136378694,5.1327016077261313e-05,4.4599983403167835e-05,9.0322694054113224e-06,5.1327016077261313e-05,4.4599983403167835e-05,9.0322694054113224e-06,6.8594482209360089e-05,6.8594482209360089e-05,1.9429000435380954,2.3753472284728283,1.4038972067037807,0,0
1,0.11166492882875677,3856,0.00014949495450540418,0.00013029158425629438,0.00012827240725802916,5.1328483886146349e-05,4.461663916150229e-05,8.9752850444206296e-06,5.1328483886146349e-05,4.461663916150229e-05,8.9752850444206296e-06,6.8598932132699311e-05,6.8598932132699311e-05,1.9429000435380954,2.3748021394566696,1.403352117687622,0,0
1,0.11189659880557992,3864,0.00014950684617696244,0.00013030192270691777,0.00012827448001374045,5.1332367813647116e-05,4.4635220166269204e-05,8.9188441733503194e-06,5.1332367813647116e-05,4.4635220166269204e-05,8.9188441733503194e-06,6.8606564161422521e-05,6.8606564161422521e-05,1.9429000435380954,2.3743237395131862,1.4028737177441384,0,0
1,0.11212826878240306,3872,0.00014951873902812037,0.00013031226568525252,0.00012827653975636908,5.1338667275196627e-05,4.4655726868069849e-05,8.862942823745568e-06,5.1338667275196627e-05,4.4655726868069849e-05,8.862942823745568e-06,6.8617377210193511e-05,6.8617377210193511e-05,1.9429000435380954,2.3739121213224523,1.4024620995534047,0,0
1,0.11235993875922622,3880,0.00014953063361845999,0.00013032261363751113,0.00012827858661045754,5.1347382133694427e-05,4.4678160072131672e-05,8.8075771436212605e-06,5.1347382133694427e-05,4.4678160072131672e-05,8.8075771436212605e-06,6.8631370775728358e-05,6.8631370775728358e-05,1.9429000435380954,2.3735673857071204,1.4021173639380726,0,0
1,0.11259160873604936,3888,0.00014954253050758338,0.00013033296701013379,0.0001282806206996693,5.1358512699155935e-05,4.4702520938242969e-05,8.7527433962569944e-06,5.1358512699155935e-05,4.4702520938242969e-05,8.7527433962569944e-06,6.8648544936248521e-05,6.8648544936248521e-05,1.9429000435380954,2.3732896416240896,1.4018396198550418,0,0
1,0.11282327871287251,3896,0.00014955443025521621,0.00013034332624987024,0.00012828264214681528,5.137205972853872e-05,4.472881098082762e-05,8.6984379590424674e-06,5.137205972853872e-05,4.472881098082762e-05,8.6984379590424674e-06,6.8668900351166723e-05,6.8668900351166723e-05,1.9429000435380954,2.3730790061581235,1.4016289843890757,0,0
1,0.11305494868969565,3904,0.0001495663334213113,0.00013035369180386237,0.00012828465107388038,5.1388024425747215e-05,4.4757032069160592e-05,8.6446573223690213e-06,5.1388024425747215e-05,4.4757032069160592e-05,8.6446573223690213e-06,6.8692438261006938e-05,6.8692438261006938e-05,1.9429000435380954,2.3729356045176022,1.4014855827485544,0,0
1,0.1132866186665188,3912,0.00014957824056615213,0.00013036406411972613,0.00012828664760204935,5.1406408441813251e-05,4.4787186427722852e-05,8.5913980885717518e-06,5.1406408441813251e-05,4.4787186427722852e-05,8.5913980885717518e-06,6.8719160487555757e-05,6.8719160487555757e-05,1.9429000435380954,2.3728589437032865,1.4014089219342387,0,0
1,0.11351828864334194,3920,0.00014959015225045647,0.00013037444364563403,0.00012828863185173269,5.14272138752543e-05,4.4819276636697001e-05,8.5386569709174752e-06,5.14272138752543e-05,4.4819276636697001e-05,8.5386569709174752e-06,6.8749069434247037e-05,6.8749069434247037e-05,1.9429000435380954,2.3727998891428883,1.4013498673738407,0,0
1,0.1137499586201651,3928,0.00014960206903548022,0.00013038483083039774,0.00012829060394259223,5.1450443272608869e-05,4.4853305632603534e-05,8.4864307926391622e-06,5.1450443272608869e-05,4.4853305632603534e-05,8.4864307926391622e-06,6.8782168086779162e-05,6.8782168086779162e-05,1.9429000435380954,2.3727274847531836,1.401277462984136,0,0
1,0.11398162859698824,3936,0.0001496139914831211,0.00013039522612355041,0.00012829256399356646,5.147609962914824e-05,4.4889276709076554e-05,8.4347164860180602e-06,5.147609962914824e-05,4.4889276709076554e-05,8.4347164860180602e-06,6.8818460013963856e-05,6.8818460013963856e-05,1.9429000435380954,2.3726417586024362,1.4011917368333884,0,0
1,0.11421329857381139,3944,0.00014962592015602298,0.0001304056299754297,0.00012829451212289584,5.1504186389766807e-05,4.492719351778195e-05,8.3835110915090202e-06,5.1504186389766807e-05,4.492719351778195e-05,8.3835110915090202e-06,6.8857949368809432e-05,6.8857949368809432e-05,1.9429000435380954,2.372542737920031,1.4010927161509834,0,0
1,0.11444496855063453,3952,0.00014963785561767981,0.0001304160428372609,0.00012829644844814745,5.1534707450050186e-05,4.4967060069475935e-05,8.3328117569130286e-06,5.1534707450050186e-05,4.4967060069475935e-05,8.3328117569130286e-06,6.8900640889836895e-05,6.8900640889836895e-05,1.9429000435380954,2.3724304491041579,1.4009804273351105,0,0
1,0.11467663852745769,3960,0.00014964979843254045,0.00013042646516124007,0.00012829837308624007,5.1567667157521336e-05,4.50088807352061e-05,8.2826157365922992e-06,5.1567667157521336e-05,4.50088807352061e-05,8.2826157365922992e-06,6.894653990263005e-05,6.894653990263005e-05,1.9429000435380954,2.3723049177301507,1.4008548959611029,0,0
1,0.11490830850428083,3968,0.00014966174856242579,0.00013043689696240178,0.00012830028613421249,5.159344937899214e-05,4.5045678579368003e-05,8.2326128974876922e-06,5.159344937899214e-05,4.5045678579368003e-05,8.2326128974876922e-06,6.8983861102566869e-05,6.8983861102566869e-05,1.9429000435380954,2.3721662391990326,1.4007162174299848,0,0
1,0.11513997848110398,3976,0.00014967370351049862,0.00013044733647534832,0.0001283021876088132,5.1613675301662309e-05,4.5078665002931984e-05,8.1828418223700205e-06,5.1613675301662309e-05,4.5078665002931984e-05,8.1828418223700205e-06,6.9014610169745351e-05,6.9014610169745351e-05,1.9429000435380954,2.3720147941465233,1.4005647723774755,0,0
1,0.11537164845792712,3984,0.00014968566343024679,0.00013045778386458734,0.00012830407760886254,5.1636370215281173e-05,4.5113674974310392e-05,8.1335529539604314e-06,5.1636370215281173e-05,4.5113674974310392e-05,8.1335529539604314e-06,6.9048628388637627e-05,6.9048628388637627e-05,1.9429000435380954,2.3715236151219328,1.4000735933528852,0,0
1,0.11560331843475027,3992,0.00014969762849586707,0.00013046823918253916,0.00012830595619675104,5.1653544000479769e-05,4.5142342758418486e-05,8.0837600418443485e-06,5.1653544000479769e-05,4.5142342758418486e-05,8.0837600418443485e-06,6.9074357716464925e-05,6.9074357716464925e-05,1.9429000435380954,2.3705824567075187,1.3991324349384711,0,0
1,0.11583498841157341,4000,0.00014970959611685039,0.00013047869958274596,0.00012830782309422738,5.1662995216943077e-05,4.5162320047084387e-05,8.0331916039717795e-06,5.1662995216943077e-05,4.5162320047084387e-05,8.0331916039717795e-06,6.908858367463678e-05,6.908858367463678e-05,1.9429000435380954,2.3696484891645873,1.3981984673955394,0,0
1,0.11606665838839657,4008,0.00014972156621996424,0.00013048916484547504,0.00012830967833253189,5.1674972311387674e-05,4.5184321025964925e-05,7.9831062317839452e-06,5.1674972311387674e-05,4.5184321025964925e-05,7.9831062317839452e-06,6.9106118506743574e-05,6.9106118506743574e-05,1.9429000435380954,2.3687680590838727,1.3973180373148251,0,0
1,0.11629832836521971,4016,0.00014973353939049991,0.0001304996354397437,0.00012831152202322249,5.1689476412256378e-05,4.5208347392494184e-05,7.9335008878354234e-06,5.1689476412256378e-05,4.5208347392494184e-05,7.9335008878354234e-06,6.9126963495230501e-05,6.9126963495230501e-05,1.9429000435380954,2.3679432895722128,1.396493267803165,0,0
1,0.11652999834204286,4024,0.00014974551621406613,0.00013051011183500718,0.00012831335427716543,5.1706509131674526e-05,4.523440122988457e-05,7.8843726379397255e-06,5.1706509131674526e-05,4.523440122988457e-05,7.8843726379397255e-06,6.9151120548433746e-05,6.9151120548433746e-05,1.9429000435380954,2.3671743179744467,1.3957242962053988,0,0
1,0.116761668318866,4032,0.00014975749727670122,0.00013052059450124805,0.00012831517520455908,5.1726072565863446e-05,4.5262485007656502e-05,7.8357186503104019e-06,5.1726072565863446e-05,4.5262485007656502e-05,7.8357186503104019e-06,6.9178592201085757e-05,6.9178592201085757e-05,1.9429000435380954,2.366461289795192,1.3950112680261446,0,0
1,0.11699333829568916,4040,0.00014976948316498522,0.00013053108390906581,0.00012831698491495752,5.174816929575231e-05,4.5292601582325404e-05,7.7875361947457814e-06,5.174816929575231e-05,4.5292601582325404e-05,7.7875361947457814e-06,6.9209381615078629e-05,6.9209381615078629e-05,1.9429000435380954,2.3658043587101694,1.3943543369411215,0,0
1,0.1172250082725123,4048,0.00014978147446615222,0.00013054158052976659,0.00012831878351729397,5.1772802387787566e-05,4.5324754198246229e-05,7.7398226418574577e-06,5.1772802387787566e-05,4.5324754198246229e-05,7.7398226418574577e-06,6.9243492580485502e-05,6.9243492580485502e-05,1.9429000435380954,2.3652036865794366,1.3937536648103888,0,0
1,0.11745667824933545,4056,0.00014979347176820331,0.00013055208483545326,0.00012832057111990426,5.1799975394941292e-05,4.5358946488617382e-05,7.6925754623401117e-06,5.1799975394941292e-05,4.5358946488617382e-05,7.6925754623401117e-06,6.9280929516841604e-05,6.9280929516841604e-05,1.9429000435380954,2.3646594434625774,1.3932094216935296,0,0
1,0.11768834822615859,4064,0.00014980547566001889,0.00013056259729911547,0.0001283223478305496,5.1829692357917676e-05,4.5395182476641322e-05,7.6457922262869173e-06,5.1829692357917676e-05,4.5395182476641322e-05,7.6457922262869173e-06,6.9321697474683216e-05,6.9321697474683216e-05,1.9429000435380954,2.3641718076355369,1.3927217858664893,0,0
1,0.11792001820298174,4072,0.00014981748673147227,0.00013057311839472025,0.00012832411375643981,5.1861957806560163e-05,4.5433466576846823e-05,7.599470602543434e-06,5.1861957806560163e-05,4.5433466576846823e-05,7.599470602543434e-06,6.9365802137348674e-05,6.9365802137348674e-05,1.9429000435380954,2.363740965609713,1.3922909438406654,0,0
1,0.11815168817980488,4080,0.00014982950557354291,0.00013058364859730283,0.00012832586900425605,5.1896776761458356e-05,4.5473803596569784e-05,7.5536083581058148e-06,5.1896776761458356e-05,4.5473803596569784e-05,7.5536083581058148e-06,6.9413249823039501e-05,6.9413249823039501e-05,1.9429000435380954,2.3633671121526714,1.3919170903836235,0,0
1,0.11838335815662804,4088,0.00014984153277843059,0.00013059418838305773,0.00012832761368017343,5.1934154735757012e-05,4.5516198737596464e-05,7.5082033575585511e-06,5.1934154735757012e-05,4.5516198737596464e-05,7.5082033575585511e-06,6.9464047487145358e-05,6.9464047487145358e-05,1.9429000435380954,2.3630504503108529,1.3916004285418053,0,0
1,0.11861502813345118,4096,0.00014985356893966925,0.00013060473822943059,0.00012832934788988362,5.1974097737167359e-05,4.5560657597967173e-05,7.4632535625547897e-06,5.1974097737167359e-05,4.5560657597967173e-05,7.4632535625547897e-06,6.9518202724831829e-05,6.9518202724831829e-05,1.9429000435380954,2.362791191434277,1.3913411696652294,0,0
1,0.11884669811027432,4104,0.00014986561306938828,0.00013061529747363242,0.00012833107169981501,5.2000914510924979e-05,4.5595870277033645e-05,7.4183707800395855e-06,5.2000914510924979e-05,4.5595870277033645e-05,7.4183707800395855e-06,6.9556528962583759e-05,6.9556528962583759e-05,1.9429000435380954,2.3625897690926934,1.3911397473236458,0,0
1,0.11907836808709747,4112,0.00014987766320501714,0.00013062586475612913,0.00012833278515044828,5.2027982083381179e-05,4.5631521992101965e-05,7.3738710905969107e-06,5.2027982083381179e-05,4.5631521992101965e-05,7.3738710905969107e-06,6.9595407131829172e-05,6.9595407131829172e-05,1.9429000435380954,2.3624467197300394,1.3909966979609916,0,0
1,0.11931003806392061,4120,0.00014988971991158914,0.00013063644054483385,0.00012833448834258265,5.2057642048959856e-05,4.5669304920867987e-05,7.329809104933546e-06,5.2057642048959856e-05,4.5669304920867987e-05,7.329809104933546e-06,6.9637702497767813e-05,6.9637702497767813e-05,1.9429000435380954,2.3623602474645193,1.3909102256954715,0,0
1,0.11954170804074377,4128,0.00014990178379023597,0.00013064702533404748,0.00012833618137738124,5.2089899260872177e-05,4.5709223991956147e-05,7.2861827700979566e-06,5.2089899260872177e-05,4.5709223991956147e-05,7.2861827700979566e-06,6.9683421430881989e-05,6.9683421430881989e-05,1.9429000435380954,2.3622830525057474,1.3908330307366998,0,0
1,0.11977337801756691,4136,0.00014991385544327299,0.00013065761961926121,0.00012833786435554248,5.2124759084076389e-05,4.575128455253845e-05,7.2429901263765916e-06,5.2124759084076389e-05,4.575128455253845e-05,7.2429901263765916e-06,6.9732570967598318e-05,6.9732570967598318e-05,1.9429000435380954,2.3621949546839343,1.3907449329148867,0,0
1,0.12000504799439006,4144,0.00014992593506247141,0.00013066822346219327,0.00012833953733737749,5.2154004732587663e-05,4.5786804552697046e-05,7.1994321712995447e-06,5.2154004732587663e-05,4.5786804552697046e-05,7.1994321712995447e-06,6.9773229138279081e-05,6.9773229138279081e-05,1.9429000435380954,2.3620959813957452,1.3906459596266976,0,0
1,0.1202367179712132,4152,0.00014993802001084545,0.00013067883393211811,0.00012834120010900597,5.2175438649006354e-05,4.5813424489600178e-05,7.1552996583443335e-06,5.2175438649006354e-05,4.5813424489600178e-05,7.1552996583443335e-06,6.980218173439299e-05,6.980218173439299e-05,1.9429000435380954,2.3619862786871257,1.3905362569180781,0,0
1,0.12046838794803635,4160,0.00014995011023148237,0.00013068945081653235,0.00012834285270738548,5.2199520604773788e-05,4.584218123830482e-05,7.1116064536761333e-06,5.2199520604773788e-05,4.584218123830482e-05,7.1116064536761333e-06,6.9834593708317355e-05,6.9834593708317355e-05,1.9429000435380954,2.3618658846838372,1.3904158629147896,0,0
1,0.12070005792485949,4168,0.00014996220633827059,0.00013070007461088849,0.00012834449523404918,5.2226254290518327e-05,4.5873078473998288e-05,7.0683504892235932e-06,5.2226254290518327e-05,4.5873078473998288e-05,7.0683504892235932e-06,6.9870469760393027e-05,6.9870469760393027e-05,1.9429000435380954,2.3617348088724768,1.3902847871034292,0,0
1,0.12093172790168265,4176,0.00014997430894601445,0.0001307107058115395,0.00012834612779006178,5.225564392349211e-05,4.59061202949811e-05,7.0255297897603199e-06,5.225564392349211e-05,4.59061202949811e-05,7.0255297897603199e-06,6.9909815270982395e-05,6.9909815270982395e-05,1.9429000435380954,2.361593060150605,1.3901430383815572,0,0
1,0.12116339787850579,4184,0.00014998641867055643,0.00013072134491583695,0.00012834775047604132,5.2287694249157805e-05,4.5941311224142031e-05,6.9831424724229337e-06,5.2287694249157805e-05,4.5941311224142031e-05,6.9831424724229337e-06,6.9952636302551499e-05,6.9952636302551499e-05,1.9429000435380954,2.361263048386919,1.3898130266178714,0,0
1,0.12139506785532894,4192,0.00014999853612889986,0.00013073199242222952,0.00012834936339218013,5.232241054299808e-05,4.5978656210612906e-05,6.9411867462695239e-06,5.232241054299808e-05,4.5978656210612906e-05,6.9411867462695239e-06,6.9998939602042238e-05,6.9998939602042238e-05,1.9429000435380954,2.3596906385044925,1.3882406167354449,0,0
1,0.12162673783215208,4200,0.00015001066193933167,0.00013074264883036207,0.00012835096663826626,5.2359798612550322e-05,4.6018160631603016e-05,6.8996609118776239e-06,5.2359798612550322e-05,4.6018160631603016e-05,6.8996609118776239e-06,7.0048732603536352e-05,7.0048732603536352e-05,1.9429000435380954,2.3581081919137721,1.3866581701447243,0,0
1,0.12185840780897524,4208,0.00015002279672154617,0.00013075331464117493,0.00012835256031370459,5.2399864799667489e-05,4.6059830294416629e-05,6.8585633609805947e-06,5.2399864799667489e-05,4.6059830294416629e-05,6.8585633609805947e-06,7.0102023431214001e-05,7.0102023431214001e-05,1.9429000435380954,2.3565156327517855,1.3850656109827379,0,0
1,0.12209007778579838,4216,0.00015003494109676896,0.00013076399035700389,0.00012835414451753806,5.2442615983006502e-05,4.6103671438652794e-05,6.8178925761436565e-06,5.2442615983006502e-05,4.6103671438652794e-05,6.8178925761436565e-06,7.0158820902607624e-05,7.0158820902607624e-05,1.9429000435380954,2.3549132011273222,1.3834631793582746,0,0
1,0.12232174776262153,4224,0.00015004709568788177,0.00013077467648168049,0.00012835571934846849,5.2488059580745654e-05,4.6149690738590093e-05,6.7776471304789275e-06,5.2488059580745654e-05,4.6149690738590093e-05,6.7776471304789275e-06,7.0219134532153714e-05,7.0219134532153714e-05,1.9429000435380954,2.3533608179322294,1.3819107961631818,0,0
1,0.12255341773944467,4232,0.00015005926086106825,0.0001307853733313406,0.00012835728489988158,5.2529749006480724e-05,4.6193169392275437e-05,6.7377007960199288e-06,5.2529749006480724e-05,4.6193169392275437e-05,6.7377007960199288e-06,7.0275031420868119e-05,7.0275031420868119e-05,1.9429000435380954,2.3519034544855137,1.3804534327164659,0,0
1,0.12278508771626782,4240,0.00015007143411507214,0.00013079607912572455,0.00012835884120882915,5.2562045196374213e-05,4.6230010688643312e-05,6.6979373583265245e-06,5.2562045196374213e-05,4.6230010688643312e-05,6.6979373583265245e-06,7.0319590786308087e-05,7.0319590786308087e-05,1.9429000435380954,2.3505422744280513,1.3790922526590039,0,0
1,0.12301675769309096,4248,0.00015008361516542098,0.00013080679371493096,0.00012836038835363064,5.2597055622313313e-05,4.626909580556218e-05,6.6585867392357593e-06,5.2597055622313313e-05,4.626909580556218e-05,6.6585867392357593e-06,7.0367721749143889e-05,7.0367721749143889e-05,1.9429000435380954,2.3492778445036215,1.3778278227345737,0,0
1,0.12324842766991412,4256,0.00015009580464162548,0.00013081751761946544,0.00012836192642975432,5.263478645342901e-05,4.6310430688244619e-05,6.6196474908604671e-06,5.263478645342901e-05,4.6310430688244619e-05,6.6196474908604671e-06,7.0419432463149253e-05,7.0419432463149253e-05,1.9429000435380954,2.3481105099988238,1.3766604882297759,0,0
1,0.12348009764673726,4264,0.00015010800317468996,0.0001308282513612638,0.00012836345553234304,5.2675244415333445e-05,4.6354021739448495e-05,6.5811182529373683e-06,5.2675244415333445e-05,4.6354021739448495e-05,6.5811182529373683e-06,7.0474731805772247e-05,7.0474731805772247e-05,1.9429000435380954,2.3470406259935737,1.3755906042245258,0,0
1,0.12371176762356041,4272,0.00015012021139724149,0.0001308389954637984,0.00012836497575623482,5.2718436792860777e-05,4.6399875822002183e-05,6.5429977525968755e-06,5.2718436792860777e-05,4.6399875822002183e-05,6.5429977525968755e-06,7.0533629381810256e-05,7.0533629381810256e-05,1.9429000435380954,2.3452357254830236,1.3737857037139758,0,0
1,0.12394343760038355,4280,0.00015013242994365992,0.00013084975045218509,0.00012836648719598281,5.2764371433049938e-05,4.644800026152954e-05,6.5052848041725166e-06,5.2764371433049938e-05,4.644800026152954e-05,6.5052848041725166e-06,7.0596135527401936e-05,7.0596135527401936e-05,1.9429000435380954,2.3425570704656034,1.3711070486965555,0,0
1,0.12417510757720671,4288,0.00015014465945020853,0.00013086051685329075,0.0001283679899458756,5.2813056748375609e-05,4.6498402849379182e-05,6.4679783090469152e-06,5.2813056748375609e-05,4.6498402849379182e-05,6.4679783090469152e-06,7.0662261314343721e-05,7.0662261314343721e-05,1.9429000435380954,2.339753364399177,1.3683033426301296,0,0
1,0.12440677755402985,4296,0.00015015689935869958,0.00013087129394404973,0.00012836948401105577,5.2850293108503754e-05,4.6536222613496223e-05,6.4300229298651949e-06,5.2850293108503754e-05,4.6536222613496223e-05,6.4300229298651949e-06,7.0711517390494659e-05,7.0711517390494659e-05,1.9429000435380954,2.3369434902852526,1.365493468516205,0,0
1,0.124638447530853,4304,0.00015016914714943171,0.0001308820789442622,0.00012837096925230918,5.2884985958722432e-05,4.6570743190278859e-05,6.3920909639100028e-06,5.2884985958722432e-05,4.6570743190278859e-05,6.3920909639100028e-06,7.0756728924110631e-05,7.0756728924110631e-05,1.9429000435380954,2.3341278193377319,1.3626777975686843,0,0
1,0.12487011750767614,4312,0.00015018140329971024,0.00013089287220454553,0.00012837244575442574,5.2922461904284345e-05,4.6607532545219616e-05,6.3545780084843546e-06,5.2922461904284345e-05,4.6607532545219616e-05,6.3545780084843546e-06,7.0805576938755651e-05,7.0805576938755651e-05,1.9429000435380954,2.3313062188726699,1.3598561971036223,0,0
1,0.12510178748449929,4320,0.00015019366845505288,0.00013090367425119676,0.0001283739136143379,5.2962727586764979e-05,4.6646596707632104e-05,6.3174828728128541e-06,5.2962727586764979e-05,4.6646596707632104e-05,6.3174828728128541e-06,7.0858070025104657e-05,7.0858070025104657e-05,1.9429000435380954,2.3284785277052906,1.3570285059362428,0,0
1,0.12533345746132243,4328,0.0001502059432625827,0.00013091448561196396,0.00012837537292871245,5.3005790225385207e-05,4.6687942175634523e-05,6.280804453954779e-06,5.3005790225385207e-05,4.6687942175634523e-05,6.280804453954779e-06,7.0914217520901633e-05,7.0914217520901633e-05,1.9429000435380954,2.3256445840900524,1.3541945623210048,0,0
1,0.12556512743814557,4336,0.00015021822837116245,0.00013092530681615511,0.00012837682379397092,5.3051657620016186e-05,4.6731575918803421e-05,6.2445417366798311e-06,5.3051657620016186e-05,4.6731575918803421e-05,6.2445417366798311e-06,7.0974029514939092e-05,7.0974029514939092e-05,1.9429000435380954,2.3228042256869341,1.3513542039178863,0,0
1,0.12579679741496874,4344,0.00015023052443152965,0.00013093613839474776,0.00012837826630630964,5.3100338154441192e-05,4.6777505381035662e-05,6.2086937933827498e-06,5.3100338154441192e-05,4.6777505381035662e-05,6.2086937933827498e-06,7.1037516851370951e-05,7.1037516851370951e-05,1.9429000435380954,2.3199572895272857,1.3485072677582381,0,0
1,0.12602846739179188,4352,0.00015024283209643183,0.00013094698088049925,0.00012837970056172034,5.3151840799876778e-05,4.68257384836205e-05,6.1732597840362255e-06,5.3151840799876778e-05,4.68257384836205e-05,6.1732597840362255e-06,7.1104691134362322e-05,7.1104691134362322e-05,1.9429000435380954,2.3171036119802064,1.3456535902111586,0,0
1,0.12626013736861502,4360,0.00015025515202076335,0.00013095783480805763,0.00012838112665601015,5.3205824637233278e-05,4.6876018070213643e-05,6.1382328312508041e-06,5.3205824637233278e-05,4.6876018070213643e-05,6.1382328312508041e-06,7.1175127311004236e-05,7.1175127311004236e-05,1.9429000435380954,2.3142430287177156,1.342793006948668,0,0
1,0.12649180734543816,4368,0.00015026748255228,0.00013096869896622024,0.00012838254464428293,5.324376192940806e-05,4.6914332531784753e-05,6.1032859840572167e-06,5.324376192940806e-05,4.6914332531784753e-05,6.1032859840572167e-06,7.1225717834933391e-05,7.1225717834933391e-05,1.9429000435380954,2.3113761598218527,1.3399261380528051,0,0
1,0.12672347732226133,4376,0.00015027982220105804,0.00013097957227484148,0.00012838395458354367,5.3284534922426294e-05,4.6955014865712326e-05,6.0687457862587608e-06,5.3284534922426294e-05,4.6955014865712326e-05,6.0687457862587608e-06,7.1280044601254055e-05,7.1280044601254055e-05,1.9429000435380954,2.3085187240809844,1.337068702311937,0,0
1,0.12695514729908447,4384,0.00015029217162491155,0.00013099045528329459,0.00012838535656789482,5.3328151206475544e-05,4.6998072134067768e-05,6.0346113375446165e-06,5.3328151206475544e-05,4.6998072134067768e-05,6.0346113375446165e-06,7.1338117646984345e-05,7.1338117646984345e-05,1.9429000435380954,2.3057356242048583,1.3342856024358105,0,0
1,0.12718681727590761,4392,0.00015030453148348288,0.00013100134854264673,0.00012838675069124024,5.3374618974938166e-05,4.7043511899857047e-05,6.0008818235771532e-06,5.3374618974938166e-05,4.7043511899857047e-05,6.0008818235771532e-06,7.1399947795865783e-05,7.1399947795865783e-05,1.9429000435380954,2.3030345322728434,1.3315845105037958,0,0
1,0.12741848725273075,4400,0.00015031690243838279,0.0001310122526057755,0.00012838813704730512,5.3423947027912308e-05,4.7091342230225624e-05,5.9675565159861634e-06,5.3423947027912308e-05,4.7091342230225624e-05,5.9675565159861634e-06,7.1465546663108235e-05,7.1465546663108235e-05,1.9429000435380954,2.3004157516929076,1.3289657299238598,0,0
1,0.12765015722955392,4408,0.0001503292851533313,0.00013102316802748615,0.00012838951572965581,5.3476144776007888e-05,4.714157169989172e-05,5.9346347724020885e-06,5.3476144776007888e-05,4.714157169989172e-05,5.9346347724020885e-06,7.1534926660494957e-05,7.1534926660494957e-05,1.9429000435380954,2.2978795975685777,1.3264295757995299,0,0
1,0.12788182720637706,4416,0.00015034168029429975,0.00013103409536462961,0.00012839088683171989,5.3531222244420918e-05,4.7194209394811782e-05,5.9021160365272729e-06,5.3531222244420918e-05,4.7194209394811782e-05,5.9021160365272729e-06,7.1608101001852833e-05,7.1608101001852833e-05,1.9429000435380954,2.2954263967288679,1.3239763749598206,0,0
1,0.1281134971832002,4424,0.00015035408852965364,0.00013104503517622133,0.00012839225044680591,5.3589190077288258e-05,4.7249264916079729e-05,5.869999838246851e-06,5.3589190077288258e-05,4.7249264916079729e-05,5.869999838246851e-06,7.1685083708890448e-05,7.1685083708890448e-05,1.9429000435380954,2.2930564877603388,1.3216064659912909,0,0
1,0.12834516716002334,4432,0.00015036651053029645,0.00013105598802356109,0.00012839360666812364,5.3650059542327167e-05,4.7306748384063024e-05,5.8382857937781938e-06,5.3650059542327167e-05,4.7306748384063024e-05,5.8382857937781938e-06,7.1765889617408997e-05,7.1765889617408997e-05,1.9429000435380954,2.2907702210418539,1.3193201992728063,0,0
1,0.12857683713684648,4440,0.00015037894671510494,0.00013106695421052645,0.00012839495557452168,5.3707010835676648e-05,4.7359700909419661e-05,5.8065909920523051e-06,5.3707010835676648e-05,4.7359700909419661e-05,5.8065909920523051e-06,7.1840801652557843e-05,7.1840801652557843e-05,1.9429000435380954,2.2885679907876386,1.317117969018591,0,0
1,0.12880850711366965,4448,0.0001503913942774277,0.00013107793074816333,0.00012839629706527949,5.3752913940365035e-05,4.7400826230539789e-05,5.7745296277091084e-06,5.3752913940365035e-05,4.7400826230539789e-05,5.7745296277091084e-06,7.1899647265055543e-05,7.1899647265055543e-05,1.9429000435380954,2.2864505764373613,1.3150005546683134,0,0
1,0.12904017709049279,4456,0.00015040385281267252,0.00013108891709292232,0.00012839763117729607,5.3801741275942174e-05,4.7444366856026848e-05,5.7428904451475274e-06,5.3801741275942174e-05,4.7444366856026848e-05,5.7428904451475274e-06,7.1962324179793171e-05,7.1962324179793171e-05,1.9429000435380954,2.2843789586897469,1.3129289369206991,0,0
1,0.12927184706731593,4464,0.00015041632299936334,0.00013109991380529947,0.00012839895800832046,5.3853502165420656e-05,4.7490331011853948e-05,5.7116729611789581e-06,5.3853502165420656e-05,4.7490331011853948e-05,5.7116729611789581e-06,7.2028844521565712e-05,7.2028844521565712e-05,1.9429000435380954,2.2823014929477243,1.3108514711786767,0,0
1,0.12950351704413907,4472,0.00015042880551825741,0.00013111092144775695,0.00012840027765600016,5.3908206565725699e-05,4.753872744534107e-05,5.6808767815117244e-06,5.3908206565725699e-05,4.753872744534107e-05,5.6808767815117244e-06,7.2099221238943319e-05,7.2099221238943319e-05,1.9429000435380954,2.2802178298070399,1.3087678080379921,0,0
1,0.12973518702096223,4480,0.00015044130105249252,0.00013112194058484419,0.00012840159021790164,5.3965865072085115e-05,4.758956542899902e-05,5.6505016009371931e-06,5.3965865072085115e-05,4.758956542899902e-05,5.6505016009371931e-06,7.2173468110114177e-05,7.2173468110114177e-05,1.9429000435380954,2.2781278474926681,1.3066778257236202,0,0
1,0.12996685699778537,4488,0.00015045381028773539,0.00013113297178332002,0.00012840289579153094,5.4026488922715032e-05,4.7642854764617101e-05,5.6205472035564778e-06,5.4026488922715032e-05,4.7642854764617101e-05,5.6205472035564778e-06,7.2251599749113203e-05,7.2251599749113203e-05,1.9429000435380954,2.2760314236354802,1.3045814018664326,0,0
1,0.13019852697460851,4496,0.00015046633195120004,0.00013114401405809462,0.0001284041944356285,5.4071617612143364e-05,4.7683974486526009e-05,5.5906484499012636e-06,5.4071617612143364e-05,4.7683974486526009e-05,5.5906484499012636e-06,7.2310141779116297e-05,7.2310141779116297e-05,1.9429000435380954,2.2739289388257888,1.3024789170567415,0,0
1,0.13043019695143165,4504,0.00015047886404541047,0.00013115506585796843,0.0001284054861942579,5.4118076119622513e-05,4.7726305882527102e-05,5.5611353773903372e-06,5.4118076119622513e-05,4.7726305882527102e-05,5.5611353773903372e-06,7.2370523438534419e-05,7.2370523438534419e-05,1.9429000435380954,2.2718209639323548,1.3003709421633072,0,0
1,0.13066186692825482,4512,0.00015049140724652884,0.00013116612775582886,0.0001284067711639511,5.416750481215334e-05,4.7771151546329793e-05,5.5320396965390947e-06,5.416750481215334e-05,4.7771151546329793e-05,5.5320396965390947e-06,7.2434832510617062e-05,7.2434832510617062e-05,1.9429000435380954,2.2697073859226706,1.2982573641536228,0,0
1,0.13089353690507796,4520,0.0001505039622437696,0.00013117720033516025,0.0001284080494413636,5.4219913398938113e-05,4.7818520238458949e-05,5.5033610628078256e-06,5.4219913398938113e-05,4.7818520238458949e-05,5.5033610628078256e-06,7.2503081794996036e-05,7.2503081794996036e-05,1.9429000435380954,2.2675880884816979,1.2961380667126503,0,0
1,0.1311252068819011,4528,0.00015051652972867258,0.00013118828418154049,0.00012840932112308137,5.4275312246752493e-05,4.7868421273585104e-05,5.4750992207852779e-06,5.4275312246752493e-05,4.7868421273585104e-05,5.4750992207852779e-06,7.257528495421386e-05,7.257528495421386e-05,1.9429000435380954,2.2654629547742746,1.294012933005227,0,0
1,0.13135687685872424,4536,0.00015052911039525603,0.00013119937988277002,0.00012841058630564149,5.4333712384614152e-05,4.7920864524727016e-05,5.4472540044320003e-06,5.4333712384614152e-05,4.7920864524727016e-05,5.4472540044320003e-06,7.2651456520017636e-05,7.2651456520017636e-05,1.9429000435380954,2.2633318674184393,1.2918818456493917,0,0
1,0.13158854683554741,4544,0.00015054170494017033,0.00013121048802900166,0.00012841184508555301,5.4395125508764409e-05,4.7975860427718224e-05,5.4198253373657464e-06,5.4395125508764409e-05,4.7975860427718224e-05,5.4198253373657464e-06,7.2731611900065047e-05,7.2731611900065047e-05,1.9429000435380954,2.2611947084591706,1.2897446866901228,0,0
1,0.13182021681237055,4552,0.00015055431406285345,0.00013122160921287161,0.00012841309755931774,5.4459563987967901e-05,4.8033419985943246e-05,5.3928132331888353e-06,5.4459563987967901e-05,4.8033419985943246e-05,5.3928132331888353e-06,7.2815767385049507e-05,7.2815767385049507e-05,1.9429000435380954,2.2590513593412025,1.2876013375721549,0,0
1,0.13205188678919369,4560,0.00015056693846568714,0.00013123274402963131,0.00012841434382345097,5.452704086913173e-05,4.8093554775343952e-05,5.3662177958590242e-06,5.452704086913173e-05,4.8093554775343952e-05,5.3662177958590242e-06,7.2903940156246463e-05,7.2903940156246463e-05,1.9429000435380954,2.2569017008819623,1.2854516791129145,0,0
1,0.13228355676601683,4568,0.00015057957885415495,0.00013124389307728098,0.00012841558397450273,5.459756988325405e-05,4.8156276949705049e-05,5.3400392201015856e-06,5.459756988325405e-05,4.8156276949705049e-05,5.3400392201015856e-06,7.2996148293493727e-05,7.2996148293493727e-05,1.9429000435380954,2.2547456132442827,1.2832955914752349,0,0
1,0.13251522674284,4576,0.00015059223593700128,0.00013125505695670391,0.00012841681810907862,5.4671165451699628e-05,4.8221599246216672e-05,5.3142777918666965e-06,5.4671165451699628e-05,4.8221599246216672e-05,5.3142777918666965e-06,7.3092410783603026e-05,7.3092410783603026e-05,1.9429000435380954,2.2525829759086573,1.2811329541396095,0,0
1,0.13274689671966314,4584,0.00015060491024188567,0.00013126623608965922,0.00012841804631605474,5.4741852071819274e-05,4.8283620714546458e-05,5.2886807996592646e-06,5.4741852071819274e-05,4.8283620714546458e-05,5.2886807996592646e-06,7.3184346291811669e-05,7.3184346291811669e-05,1.9429000435380954,2.2504136938288326,1.2789636720597848,0,0
1,0.13297856669648628,4592,0.00015061759886528538,0.00013127742750833424,0.00012841926854068741,5.4799172288124781e-05,4.8331995570993906e-05,5.2628222402543056e-06,5.4799172288124781e-05,4.8331995570993906e-05,5.2628222402543056e-06,7.3257275251477054e-05,7.3257275251477054e-05,1.9429000435380954,2.2482381583943076,1.2767881366252598,0,0
1,0.13321023667330942,4600,0.00015063030112494647,0.00013128863043268725,0.00012842048482589701,5.4859575531780129e-05,4.8382950649270043e-05,5.2374059516919337e-06,5.4859575531780129e-05,4.8382950649270043e-05,5.2374059516919337e-06,7.3334257766473693e-05,7.3334257766473693e-05,1.9429000435380954,2.2460564448923113,1.2746064231232639,0,0
1,0.13344190665013259,4608,0.00015064301773651826,0.00013129984546169971,0.00012842169527416057,5.4923074045717111e-05,4.8436496593323329e-05,5.2124320898327555e-06,5.4923074045717111e-05,4.8436496593323329e-05,5.2124320898327555e-06,7.3415309800868269e-05,7.3415309800868269e-05,1.9429000435380954,2.2438684299161453,1.2724184081470975,0,0
1,0.13367357662695573,4616,0.00015065574940763455,0.00013131107318778131,0.0001284228999877196,5.4987981699813224e-05,4.8491229744885023e-05,5.1878569656566364e-06,5.4987981699813224e-05,4.8491229744885023e-05,5.1878569656566364e-06,7.3498240478846356e-05,7.3498240478846356e-05,1.9429000435380954,2.2416739919621502,1.2702239701931024,0,0
1,0.13390524660377887,4624,0.00015066849403775525,0.00013132231186752658,0.00012842409899613565,5.5036550565073539e-05,4.8532403177101279e-05,5.1632209852327555e-06,5.5036550565073539e-05,4.8532403177101279e-05,5.1632209852327555e-06,7.3560008885188111e-05,7.3560008885188111e-05,1.9429000435380954,2.2394736633212258,1.2680236415521779,0,0
1,0.13413691658060201,4632,0.00015068125020261194,0.00013133356032682676,0.00012842529233880081,5.5086458187051099e-05,4.8574692930051852e-05,5.1388090400394281e-06,5.5086458187051099e-05,4.8574692930051852e-05,5.1388090400394281e-06,7.3623542615066753e-05,7.3623542615066753e-05,1.9429000435380954,2.237267818681798,1.2658177969127504,0,0
1,0.13436858655742517,4640,0.0001506940178202135,0.00013134481848177003,0.00012842648001981332,5.5136527192239633e-05,4.8617071700718299e-05,5.1144811554603864e-06,5.5136527192239633e-05,4.8617071700718299e-05,5.1144811554603864e-06,7.3687273046727157e-05,7.3687273046727157e-05,1.9429000435380954,2.2350564718118897,1.2636064500428421,0,0
1,0.13460025653424831,4648,0.00015070679739853559,0.0001313560867643336,0.00012842766211681005,5.5189716507839994e-05,4.8662125953511438e-05,5.0906023653181363e-06,5.5189716507839994e-05,4.8662125953511438e-05,5.0906023653181363e-06,7.3755145874528238e-05,7.3755145874528238e-05,1.9429000435380954,2.2328395411534827,1.2613895193844349,0,0
1,0.13483192651107145,4656,0.00015071958966169846,0.0001313673657954462,0.00012842883873381668,5.524603694210622e-05,4.8709865286785634e-05,5.0671725487950356e-06,5.524603694210622e-05,4.8709865286785634e-05,5.0671725487950356e-06,7.3827175292737773e-05,7.3827175292737773e-05,1.9429000435380954,2.2306311194021666,1.259181097633119,0,0
1,0.13506359648789459,4664,0.0001507323953364087,0.0001313786561983307,0.00012843000997484242,5.5305500015692032e-05,4.876029990755324e-05,5.0441916834711268e-06,5.5305500015692032e-05,4.876029990755324e-05,5.0441916834711268e-06,7.3903376437073882e-05,7.3903376437073882e-05,1.9429000435380954,2.2284831538998962,1.2570331321308483,0,0
1,0.13529526646471776,4672,0.00015074521515212496,0.00013138995859864557,0.00012843117594390263,5.5368117967002285e-05,4.8813440636309912e-05,5.0216598456838957e-06,5.5368117967002285e-05,4.8813440636309912e-05,5.0216598456838957e-06,7.3983765391930323e-05,7.3983765391930323e-05,1.9429000435380954,2.2264007597034494,1.2549507379344016,0,0
1,0.1355269364415409,4680,0.00015075804984122484,0.00013140127362462758,0.00012843233674504189,5.5433903757896566e-05,4.8869298912160468e-05,4.9995772109343829e-06,5.5433903757896566e-05,4.8869298912160468e-05,4.9995772109343829e-06,7.406835919806731e-05,7.406835919806731e-05,1.9429000435380954,2.2243843172980151,1.2529342955289673,0,0
1,0.13575860641836404,4688,0.00015077090013917315,0.0001314126019072358,0.00012843349248235699,5.5502871079748241e-05,4.8927886798250353e-05,4.9779440543424522e-06,5.5502871079748241e-05,4.8927886798250353e-05,4.9779440543424522e-06,7.4157175860773713e-05,7.4157175860773713e-05,1.9429000435380954,2.2224342186632713,1.2509841968942235,0,0
1,0.13599027639518718,4696,0.00015078376678469174,0.00013142394408029685,0.00012843464326001995,5.5575034359864728e-05,4.8989216987506937e-05,4.9567607511505323e-06,5.5575034359864728e-05,4.8989216987506937e-05,4.9567607511505323e-06,7.4250234358507782e-05,7.4250234358507782e-05,1.9429000435380954,2.2205508673365797,1.2491008455675321,0,0
1,0.13622194637201035,4704,0.0001507966505199307,0.00013143530078065134,0.00012843578918230153,5.5650408768272212e-05,4.9053302808694941e-05,4.9360277772761718e-06,5.5650408768272212e-05,4.9053302808694941e-05,4.9360277772761718e-06,7.434755465202167e-05,7.434755465202167e-05,1.9429000435380954,2.2187346784786812,1.2472846567096334,0,0
1,0.13645361634883349,4712,0.00015080955209064134,0.00013144667264830206,0.00012843693035359432,5.5729010224874015e-05,4.9120158232791816e-05,4.9157457099152232e-06,5.5729010224874015e-05,4.9120158232791816e-05,4.9157457099152232e-06,7.4449157693980451e-05,7.4449157693980451e-05,1.9429000435380954,2.2169860789419249,1.2455360571728773,0,0
1,0.13668528632565663,4720,0.00015082247224635061,0.0001314580603265635,0.00012843806687843652,5.5810855406984825e-05,4.9189797879687212e-05,4.8959152281947377e-06,5.5810855406984825e-05,4.9189797879687212e-05,4.8959152281947377e-06,7.4555065439080106e-05,7.4555065439080106e-05,1.9429000435380954,2.2153055073411694,1.2438554855721216,0,0
1,0.13691695630247977,4728,0.00015083541088370739,0.00013146946364200974,0.00012843919883298721,5.5882471711282941e-05,4.9249321327302008e-05,4.8760888594772888e-06,5.5882471711282941e-05,4.9249321327302008e-05,4.8760888594772888e-06,7.4646651219781459e-05,7.4646651219781459e-05,1.9429000435380954,2.2136935023717212,1.2422434806026736,0,0
1,0.13714862627930294,4736,0.00015084836452368191,0.00013148087918527949,0.00012844032618311685,5.5946462335717985e-05,4.9301184249664084e-05,4.8563709372494043e-06,5.5946462335717985e-05,4.9301184249664084e-05,4.8563709372494043e-06,7.4727489955045303e-05,7.4727489955045303e-05,1.9429000435380954,2.2121509184994306,1.240700896730383,0,0
1,0.13738029625612608,4744,0.00015086133267481369,0.00013149230646182316,0.00012844144899656546,5.6002166572907042e-05,4.9345770270175974e-05,4.8367326293948523e-06,5.6002166572907042e-05,4.9345770270175974e-05,4.8367326293948523e-06,7.4797337432189811e-05,7.4797337432189811e-05,1.9429000435380954,2.2106674450289079,1.2392174232598601,0,0
1,0.13761196623294922,4752,0.00015087431221335527,0.0001315037427442279,0.0001284425672503116,5.6050350596110819e-05,4.9383786168756408e-05,4.8171978938459929e-06,5.6050350596110819e-05,4.9383786168756408e-05,4.8171978938459929e-06,7.4857234345498442e-05,7.4857234345498442e-05,1.9429000435380954,2.2086690661473996,1.2372190443783522,0,0
1,0.13784363620977236,4760,0.00015088730329293522,0.00013151518815920414,0.00012844368103311847,5.6101801778480858e-05,4.9424613010216142e-05,4.7981351206424603e-06,5.6101801778480858e-05,4.9424613010216142e-05,4.7981351206424603e-06,7.4921469784284983e-05,7.4921469784284983e-05,1.9429000435380954,2.2066663324166718,1.2352163106476242,0,0
1,0.13807530618659553,4768,0.00015090030667168878,0.00013152664335902645,0.00012844479045431593,5.6156530891441623e-05,4.946826008789383e-05,4.7795442452844498e-06,5.6156530891441623e-05,4.946826008789383e-05,4.7795442452844498e-06,7.499005774819472e-05,7.499005774819472e-05,1.9429000435380954,2.2046961705267525,1.2332461487577049,0,0
1,0.13830697616341867,4776,0.00015091332311033568,0.00013153810899819879,0.00012844589562323135,5.6214549475333995e-05,4.9514737355679011e-05,4.7614253103981601e-06,5.6214549475333995e-05,4.9514737355679011e-05,4.7614253103981601e-06,7.5063013256217924e-05,7.5063013256217924e-05,1.9429000435380954,2.2028497680733712,1.2313997463043236,0,0
1,0.13853864614024181,4784,0.00015092635337235873,0.00013154958573360822,0.00012844699664921454,5.6275869844962829e-05,4.9564055432909668e-05,4.7437784660982904e-06,5.6275869844962829e-05,4.9564055432909668e-05,4.7437784660982904e-06,7.5140352354105693e-05,7.5140352354105693e-05,1.9429000435380954,2.2011319162874057,1.2296818945183579,0,0
1,0.13877031611706495,4792,0.00015093939822418407,0.00013156107422467955,0.0001284480936416624,5.6340505095533357e-05,4.9616225609606688e-05,4.7266039704053701e-06,5.6340505095533357e-05,4.9616225609606688e-05,4.7266039704053701e-06,7.5222092122303159e-05,7.5222092122303159e-05,1.9429000435380954,2.1995432535362425,1.2280932317671949,0,0
1,0.13900198609388809,4800,0.00015095245843536249,0.00013157257513353134,0.00012844918671004425,5.6408469108983747e-05,4.9671259852048183e-05,4.7099021897152327e-06,5.6408469108983747e-05,4.9671259852048183e-05,4.7099021897152327e-06,7.5308250684407428e-05,7.5308250684407428e-05,1.9429000435380954,2.1980844286984951,1.2266344069294475,0,0
1,0.13923365607071125,4808,0.00015096553477875264,0.00013158408912513324,0.00012845027596392685,5.647977656071894e-05,4.972917080869054e-05,4.693673599324246e-06,5.647977656071894e-05,4.972917080869054e-05,4.693673599324246e-06,7.5398847216158745e-05,7.5398847216158745e-05,1.9429000435380954,2.1967561010521477,1.2253060792831001,0,0
1,0.13946532604753439,4816,0.00015097862803070564,0.0001315956168674648,0.00012845136151299981,5.6554442926751457e-05,4.978997181643974e-05,4.6779187840086051e-06,5.6554442926751457e-05,4.978997181643974e-05,4.6779187840086051e-06,7.5493901954971381e-05,7.5493901954971381e-05,1.9429000435380954,2.1955589401676088,1.224108918398561,0,0
1,0.13969699602435753,4824,0.00015099173897125136,0.0001316071590316758,0.00012845244346710086,5.6632484491254627e-05,4.9853676907278309e-05,4.6626384386605543e-06,5.6632484491254627e-05,4.9853676907278309e-05,4.6626384386605543e-06,7.5593436210012074e-05,7.5593436210012074e-05,1.9429000435380954,2.1944936258056091,1.2230436040365615,0,0
1,0.13992866600118067,4832,0.00015100486838428667,0.00013161871629224791,0.00012845352193624159,5.6713918354534485e-05,4.9920300815254464e-05,4.6478333689793307e-06,5.6713918354534485e-05,4.9920300815254464e-05,4.6478333689793307e-06,7.5697472372834862e-05,7.5697472372834862e-05,1.9429000435380954,2.1935608478202542,1.2221108260512064,0,0
1,0.14016033597800384,4840,0.00015101801705776535,0.00013163028932715827,0.00012845459703063317,5.679876244142817e-05,4.9989858983838159e-05,4.6335044922201883e-06,5.679876244142817e-05,4.9989858983838159e-05,4.6335044922201883e-06,7.5806033928581433e-05,7.5806033928581433e-05,1.9429000435380954,2.1927613060677063,1.2213112842986587,0,0
1,0.14039200595482698,4848,0.0001510311857838901,0.00013164187881804473,0.00012845566886071226,5.6887035510135264e-05,5.0062367573651702e-05,4.619652838000694e-06,5.6887035510135264e-05,5.0062367573651702e-05,4.619652838000694e-06,7.5919145467757024e-05,7.5919145467757024e-05,1.9429000435380954,2.1920957103206336,1.2206456885515857,0,0
1,0.14062367593165012,4856,0.0001510443753593069,0.00013165348545037296,0.0001284567375371671,5.697875716149091e-05,5.0137843470582087e-05,4.6062795491656412e-06,5.697875716149091e-05,5.0137843470582087e-05,4.6062795491656412e-06,7.6036832698592887e-05,7.6036832698592887e-05,1.9429000435380954,2.1915647801885743,1.2201147584195264,0,0
1,0.14085534590847326,4864,0.00015105758635155516,0.00013166510970052627,0.00012845780316212199,5.7063786592650463e-05,5.0207005281265004e-05,4.5930127287618133e-06,5.7063786592650463e-05,5.0207005281265004e-05,4.5930127287618133e-06,7.6145353670011243e-05,7.6145353670011243e-05,1.9429000435380954,2.1906037549999779,1.2191537332309303,0,0
1,0.14108701588529643,4872,0.00015107081187708837,0.00013167674520562071,0.00012845886557024197,5.7112364979685788e-05,5.0242460008405517e-05,4.5788066026256703e-06,5.7112364979685788e-05,5.0242460008405517e-05,4.5788066026256703e-06,7.6204281317871603e-05,7.6204281317871603e-05,1.9429000435380954,2.1895812657613289,1.2181312439922811,0,0
1,0.14131868586211957,4880,0.0001510840490599113,0.00013168838926741114,0.0001284599247435777,5.71644254897897e-05,5.0280876515526914e-05,4.5650869187587619e-06,5.71644254897897e-05,5.0280876515526914e-05,4.5650869187587619e-06,7.6267805156063112e-05,7.6267805156063112e-05,1.9429000435380954,2.1886357496352091,1.2171857278661615,0,0
1,0.14155035583894271,4888,0.00015109729870802917,0.00013170004257312569,0.00012846098079481933,5.7219979505692188e-05,5.0322264185195235e-05,4.5518536627706562e-06,5.7219979505692188e-05,5.0322264185195235e-05,4.5518536627706562e-06,7.6335939760532827e-05,7.6335939760532827e-05,1.9429000435380954,2.187752122640815,1.2163021008717672,0,0
1,0.14178202581576585,4896,0.00015111056163218269,0.00013171170581225,0.00012846203383666712,5.7279039262327444e-05,5.0366633124966684e-05,4.5391069362629208e-06,5.7279039262327444e-05,5.0366633124966684e-05,4.5391069362629208e-06,7.6408700832687054e-05,7.6408700832687054e-05,1.9429000435380954,2.1868706472274675,1.2154206254584197,0,0
1,0.14201369579258902,4904,0.00015112383864604646,0.00013172337967669578,0.00012846308398185827,5.7341617852974626e-05,5.0413994172568332e-05,4.526846957157247e-06,5.7341617852974626e-05,5.0413994172568332e-05,4.526846957157247e-06,7.6486105207428733e-05,7.6486105207428733e-05,1.9429000435380954,2.1859852345977808,1.214535212828733,0,0
1,0.14224536576941216,4912,0.00015113713056642849,0.00013173506486097069,0.00012846413134319401,5.7407729235848127e-05,5.04643589014616e-05,4.51507406008313e-06,5.7407729235848127e-05,5.04643589014616e-05,4.51507406008313e-06,7.6568170861788344e-05,7.6568170861788344e-05,1.9429000435380954,2.1850958392360309,1.2136458174669831,0,0
1,0.1424770357462353,4920,0.00015115043821347122,0.00013174676206234939,0.00012846517603356663,5.7477388241144886e-05,5.0517739626793809e-05,4.5037886968260533e-06,5.7477388241144886e-05,5.0517739626793809e-05,4.5037886968260533e-06,7.665491692415752e-05,7.665491692415752e-05,1.9429000435380954,2.1842024152213422,1.2127523934522946,0,0
1,0.14270870572305844,4928,0.00015116376241085464,0.00013175847198104604,0.00012846621816598673,5.7550610578553601e-05,5.0574149411745089e-05,4.4929914368364525e-06,5.7550610578553601e-05,5.0574149411745089e-05,4.4929914368364525e-06,7.674636368413378e-05,7.674636368413378e-05,1.9429000435380954,2.1833049162160201,1.2118548944469723,0,0
1,0.14294037569988161,4936,0.00015117710398600075,0.00013177019532038852,0.00012846725785361048,5.7627412845234625e-05,5.0633602074273149e-05,4.4826829678001624e-06,5.7627412845234625e-05,5.0633602074273149e-05,4.4826829678001624e-06,7.6842532602984631e-05,7.6842532602984631e-05,1.9429000435380954,2.1824032954537729,1.2109532736847251,0,0
1,0.14317204567670475,4944,0.00015119046377028034,0.00013178193278699397,0.00012846829520976719,5.7707812534274274e-05,5.0696112194264496e-05,4.4728640962704282e-06,5.7707812534274274e-05,5.0696112194264496e-05,4.4728640962704282e-06,7.6943446324739725e-05,7.6943446324739725e-05,1.9429000435380954,2.1814975057277479,1.2100474839587001,0,0
1,0.14340371565352789,4952,0.00015120384259922139,0.0001317936850909463,0.00012846933034798674,5.7791828043624427e-05,5.076169512109685e-05,4.4635357483632079e-06,5.7791828043624427e-05,5.076169512109685e-05,4.4635357483632079e-06,7.7049128687921959e-05,7.7049128687921959e-05,1.9429000435380954,2.1805874993781789,1.2091374776091313,0,0
1,0.14363538563035103,4960,0.00015121724131271976,0.00013180545294597516,0.00012847036338202772,5.7879478685532069e-05,5.0830366981619754e-05,4.4546989705144041e-06,5.7879478685532069e-05,5.0830366981619754e-05,4.4546989705144041e-06,7.7159604737926196e-05,7.7159604737926196e-05,1.9429000435380954,2.1796732282803806,1.208223206511333,0,0
1,0.14386705560717419,4968,0.00015123066075525235,0.00013181723706963736,0.0001284713944259049,5.797078469647192e-05,5.0902144688562748e-05,4.4463549303033717e-06,5.797078469647192e-05,5.0902144688562748e-05,4.4463549303033717e-06,7.7274900740061212e-05,7.7274900740061212e-05,1.9429000435380954,2.1787546438317613,1.2073046220627137,0,0
1,0.14409872558399733,4976,0.00015124410177609228,0.00013182903818349971,0.00012847242359391775,5.8065767247585005e-05,5.09770459493747e-05,4.4385049173387614e-06,5.8065767247585005e-05,5.09770459493747e-05,4.4385049173387614e-06,7.7395044193259661e-05,7.7395044193259661e-05,1.9429000435380954,2.1778316969393914,1.2063816751703436,0,0
1,0.14433039556082047,4984,0.00015125756507407249,0.00013184085687158178,0.00012847345099301484,5.8158663735675784e-05,5.1049815410234612e-05,4.4308651133290276e-06,5.8158663735675784e-05,5.1049815410234612e-05,4.4308651133290276e-06,7.7512233786615595e-05,7.7512233786615595e-05,1.9429000435380954,2.1769043475550545,1.2054543257860066,0,0
1,0.14456206553764361,4992,0.00015127104760617762,0.00013185269030913888,0.00012847447654543289,5.8236260471848303e-05,5.1108439956375035e-05,4.4227809268144957e-06,5.8236260471848303e-05,5.1108439956375035e-05,4.4227809268144957e-06,7.7608605577255069e-05,7.7608605577255069e-05,1.9429000435380954,2.1759727871750849,1.2045227654060371,0,0
1,0.14479373551446678,5000,0.00015128454848811911,0.00013186453764669172,0.00012847550028013402,5.8313739490136838e-05,5.1166698809074921e-05,4.4150692391192455e-06,5.8313739490136838e-05,5.1166698809074921e-05,4.4150692391192455e-06,7.7704672425333283e-05,7.7704672425333283e-05,1.9429000435380954,2.1750370790411675,1.2035870572721197,0,0
1,0.14502540549128992,5008,0.0001512980644860722,0.00013187639580069098,0.00012847652218356641,5.8370104735580409e-05,5.1204917764520996e-05,4.4070743842807363e-06,5.8370104735580409e-05,5.1204917764520996e-05,4.4070743842807363e-06,7.7771685302188015e-05,7.7771685302188015e-05,1.9429000435380954,2.1740974106896283,1.2026473889205804,0,0
1,0.14525707546811306,5016,0.00015131159398186332,0.00013188826317245844,0.00012847754229122375,5.8430268216656358e-05,5.1246277320064187e-05,4.3995663921544271e-06,5.8430268216656358e-05,5.1246277320064187e-05,4.3995663921544271e-06,7.7843646930718122e-05,7.7843646930718122e-05,1.9429000435380954,2.1731538627403446,1.2017038409712968,0,0
1,0.1454887454449362,5024,0.00015132513785703016,0.00013190014049083,0.00012847856071592032,5.8494243917485947e-05,5.1290788431237654e-05,4.392545480238276e-06,5.8494243917485947e-05,5.1290788431237654e-05,4.392545480238276e-06,7.7920574979733597e-05,7.7920574979733597e-05,1.9429000435380954,2.172206369272939,1.2007563475038912,0,0
1,0.14572041542175937,5032,0.00015133869699646377,0.0001319120284872735,0.00012847957757053494,5.8562046803650547e-05,5.1338462865177978e-05,4.3860119889240815e-06,5.8562046803650547e-05,5.1338462865177978e-05,4.3860119889240815e-06,7.8002488398506875e-05,7.8002488398506875e-05,1.9429000435380954,2.1712548638556708,1.199804842086623,0,0
1,0.14595208539858251,5040,0.00015135227228863665,0.00013192392789607746,0.00012848059296803965,5.8633692830141557e-05,5.1389313206962663e-05,4.379966381848646e-06,5.8633692830141557e-05,5.1389313206962663e-05,4.379966381848646e-06,7.8089407426928435e-05,7.8089407426928435e-05,1.9429000435380954,2.1702992795282072,1.1988492577591598,0,0
1,0.14618375537540565,5048,0.00015136586462583302,0.00013193583945454138,0.00012848160702152815,5.8709198949860712e-05,5.1443352866402204e-05,4.374409246312483e-06,5.8709198949860712e-05,5.1443352866402204e-05,4.374409246312483e-06,7.8181353606379328e-05,7.8181353606379328e-05,1.9429000435380954,2.1693395487839702,1.1978895270149224,0,0
1,0.14641542535222879,5056,0.00015137947490438111,0.00013194776390316763,0.00012848261984424461,5.878858312267745e-05,5.1500596085292635e-05,4.3693412937642723e-06,5.878858312267745e-05,5.1500596085292635e-05,4.3693412937642723e-06,7.8278349791329973e-05,7.8278349791329973e-05,1.9429000435380954,2.1683756035520809,1.1969255817830331,0,0
1,0.14664709532905196,5064,0.00015139310402488741,0.00013195970198585515,0.00012848363154961242,5.8871864325052508e-05,5.156105794513408e-05,4.3647633603530181e-06,5.8871864325052508e-05,5.156105794513408e-05,4.3647633603530181e-06,7.8380420161675232e-05,7.8380420161675232e-05,1.9429000435380954,2.1674073751794225,1.1959573534103747,0,0
1,0.1468787653058751,5072,0.00015140675289247339,0.0001319716544500948,0.00012848464225126321,5.8959062560235437e-05,5.1624754375324197e-05,4.3606764075477407e-06,5.8959062560235437e-05,5.1624754375324197e-05,4.3606764075477407e-06,7.8487590235817886e-05,7.8487590235817886e-05,1.9429000435380954,2.1664347944119777,1.1949847726429299,0,0
1,0.14711043528269824,5080,0.00015142042241701476,0.00013198362204716688,0.00012848565206306591,5.9050198869047991e-05,5.1691702161834058e-05,4.3570815228256672e-06,5.9050198869047991e-05,5.1691702161834058e-05,4.3570815228256672e-06,7.859988688451419e-05,7.859988688451419e-05,1.9429000435380954,2.1654602266124097,1.1940102048433621,0,0
1,0.14734210525952138,5088,0.00015143411351338284,0.00013199560553234059,0.00012848666109915613,5.9145295341260573e-05,5.1761918956371998e-05,4.3539799204290783e-06,5.9145295341260573e-05,5.1761918956371998e-05,4.3539799204290783e-06,7.8717338345490716e-05,7.8717338345490716e-05,1.9429000435380954,2.1645773798063459,1.1931273580372983,0,0
1,0.14757377523634455,5096,0.00015144782710168928,0.00013200760566507572,0.00012848766947396543,5.9244375127575017e-05,5.1835423286048967e-05,4.3513729421928921e-06,5.9244375127575017e-05,5.1835423286048967e-05,4.3513729421928921e-06,7.8839974238851358e-05,7.8839974238851358e-05,1.9429000435380954,2.1638348562582301,1.1923848344891823,0,0
1,0.14780544521316769,5104,0.00015146156327420254,0.00013201962244651063,0.00012848867725827299,5.9333775483008838e-05,5.189970977134366e-05,4.3485392908162348e-06,5.9333775483008838e-05,5.189970977134366e-05,4.3485392908162348e-06,7.8949265869807675e-05,7.8949265869807675e-05,1.9429000435380954,2.1632334469376655,1.1917834251686177,0,0
1,0.14803711518999083,5112,0.00015147531845158751,0.00013203165252113986,0.00012848968432825237,5.9414945439981617e-05,5.1956139426845776e-05,4.3455480886707672e-06,5.9414945439981617e-05,5.1956139426845776e-05,4.3455480886707672e-06,7.9047200797806758e-05,7.9047200797806758e-05,1.9429000435380954,2.1627739659275549,1.1913239441585073,0,0
1,0.14826878516681397,5120,0.00015148909290642635,0.00013204369606491614,0.00012849069076203298,5.9500200674076785e-05,5.2015991279006012e-05,4.3430471533075916e-06,5.9500200674076785e-05,5.2015991279006012e-05,4.3430471533075916e-06,7.9150485074754221e-05,7.9150485074754221e-05,1.9429000435380954,2.1624570406920482,1.1910070189230006,0,0
1,0.14850045514363711,5128,0.00015150288758758836,0.00013205575387257925,0.00012849169667330092,5.9589562383976344e-05,5.2079282059551199e-05,4.3410374221339185e-06,5.9589562383976344e-05,5.2079282059551199e-05,4.3410374221339185e-06,7.9259145660626865e-05,7.9259145660626865e-05,1.9429000435380954,2.1622832877536866,1.190833265984639,0,0
1,0.14873212512046027,5136,0.00015151670284211031,0.00013206782617241456,0.00012849270215474709,5.9670243032392675e-05,5.2133983363664061e-05,4.3390713098598355e-06,5.9670243032392675e-05,5.2133983363664061e-05,4.3390713098598355e-06,7.9355640409108015e-05,7.9355640409108015e-05,1.9429000435380954,2.1622499202569743,1.1907998984879264,0,0
1,0.14896379509728341,5144,0.00015153053427906438,0.0001320799087242958,0.00012849370713183183,5.973684479918281e-05,5.2174886561372871e-05,4.3369455830996075e-06,5.973684479918281e-05,5.2174886561372871e-05,4.3369455830996075e-06,7.9432477685418762e-05,7.9432477685418762e-05,1.9429000435380954,2.1622586648399382,1.1908086430708906,0,0
1,0.14919546507410655,5152,0.0001515443816324195,0.00013209200113869986,0.00012849471167141819,5.9807651718206479e-05,5.221912835229568e-05,4.3352944677456797e-06,5.9807651718206479e-05,5.221912835229568e-05,4.3352944677456797e-06,7.9514698943288986e-05,7.9514698943288986e-05,1.9429000435380954,2.1622640527836374,1.1908140310145896,0,0
1,0.14942713505092969,5160,0.00015155824587838369,0.00013210410419056099,0.00012849571588351095,5.9882681256100855e-05,5.2266721689526286e-05,4.3341184305388822e-06,5.9882681256100855e-05,5.2266721689526286e-05,4.3341184305388822e-06,7.9602325928078934e-05,7.9602325928078934e-05,1.9429000435380954,2.1622660529329161,1.1908160311638682,0,0
1,0.14965880502775286,5168,0.00015157212799734543,0.0001321162186579204,0.00012849671987823758,5.9961952037116775e-05,5.231768044351827e-05,4.3334180645740268e-06,5.9961952037116775e-05,5.231768044351827e-05,4.3334180645740268e-06,7.9695381868800675e-05,7.9695381868800675e-05,1.9429000435380954,2.162264633697462,1.1908146119284144,0,0
1,0.149890475004576,5176,0.00015158602897414301,0.00013212834532213961,0.00012849772376587784,6.0045483853658568e-05,5.237201941003475e-05,4.333194089675211e-06,6.0045483853658568e-05,5.237201941003475e-05,4.333194089675211e-06,7.9793891491290389e-05,7.9793891491290389e-05,1.9429000435380954,2.1622597630424223,1.1908097412733745,0,0
1,0.15012214498139914,5184,0.00015159994979833626,0.00013214048496811603,0.00012849872765689275,6.0133297677518318e-05,5.2429754318644211e-05,4.3334473528448575e-06,6.0133297677518318e-05,5.2429754318644211e-05,4.3334473528448575e-06,7.989788103226705e-05,7.989788103226705e-05,1.9429000435380954,2.1622514084789781,1.1908013867099303,0,0
1,0.15035381495822228,5192,0.00015161389146448148,0.00013215263838450007,0.00012849973166195446,6.0225415671811519e-05,5.2490901841773603e-05,4.3341788287821102e-06,6.0225415671811519e-05,5.2490901841773603e-05,4.3341788287821102e-06,8.0007378254290108e-05,8.0007378254290108e-05,1.9429000435380954,2.1622395370541692,1.1907895152851213,0,0
1,0.15058548493504545,5200,0.00015162785497240864,0.00013216480636391476,0.00012850073589197575,6.0321861203629271e-05,5.2555479604324246e-05,4.3353896204747366e-06,6.0321861203629271e-05,5.2555479604324246e-05,4.3353896204747366e-06,8.0122412461631327e-05,8.0122412461631327e-05,1.9429000435380954,2.1622241153410653,1.1907740935720175,0,0
1,0.15081715491186859,5208,0.00015164184132750188,0.00013217698970317766,0.00012850174045813987,6.0422658857418193e-05,5.2623506193862374e-05,4.3370809598636581e-06,6.0422658857418193e-05,5.2623506193862374e-05,4.3370809598636581e-06,8.0243014517076937e-05,8.0243014517076937e-05,1.9429000435380954,2.1622051094282946,1.190755087659247,0,0
1,0.15104882488869173,5216,0.00015165585149877066,0.00013218918916515715,0.00012850274546968214,6.0524681604870139e-05,5.2692135697890333e-05,4.3390862431573718e-06,6.0524681604870139e-05,5.2692135697890333e-05,4.3390862431573718e-06,8.0364954533685592e-05,8.0364954533685592e-05,1.9429000435380954,2.1621824843066615,1.1907324625376137,0,0
1,0.15128049486551487,5224,0.0001516698827189102,0.00013220140211820554,0.00012850375083620845,6.0607176715874374e-05,5.2742529632159402e-05,4.3402927201297422e-06,6.0607176715874374e-05,5.2742529632159402e-05,4.3402927201297422e-06,8.0460191662491391e-05,8.0460191662491391e-05,1.9429000435380954,2.1621561522560793,1.1907061304870314,0,0
1,0.15151216484233804,5232,0.00015168393357082791,0.00013221362716432999,0.00012850475653724305,6.0694165882333381e-05,5.2796537628295162e-05,4.3419741829888498e-06,6.0694165882333381e-05,5.2796537628295162e-05,4.3419741829888498e-06,8.0561212115346992e-05,8.0561212115346992e-05,1.9429000435380954,2.1621260480483491,1.1906760262793015,0,0
1,0.15174383481916118,5240,0.00015169800509824851,0.00013222586514272602,0.00012850576268292596,6.0785671661846314e-05,5.2854176491277186e-05,4.3441315183796823e-06,6.0785671661846314e-05,5.2854176491277186e-05,4.3441315183796823e-06,8.0668044048444885e-05,8.0668044048444885e-05,1.9429000435380954,2.1604337800079243,1.1889837582388765,0,0
1,0.15197550479598432,5248,0.00015171209835027562,0.00013223811689660464,0.00012850676938361811,6.0881717933483044e-05,5.2915464084759233e-05,4.3467657459794744e-06,6.0881717933483044e-05,5.2915464084759233e-05,4.3467657459794744e-06,8.0780717317241341e-05,8.0780717317241341e-05,1.9429000435380954,2.1587185340443873,1.1872685122753397,0,0
1,0.15220717477280746,5256,0.00015172621438169925,0.00013225038327343918,0.00012850777674993199,6.0982329912064322e-05,5.2980419341941601e-05,4.3498780190850494e-06,6.0982329912064322e-05,5.2980419341941601e-05,4.3498780190850494e-06,8.089926349437771e-05,8.089926349437771e-05,1.9429000435380954,2.1569972526204695,1.1855472308514219,0,0
1,0.15243884474963063,5264,0.00015174035425330703,0.0001322626651252142,0.00012850878489276295,6.10875341632886e-05,5.304906227712119e-05,4.3534696252772247e-06,6.10875341632886e-05,5.304906227712119e-05,4.3534696252772247e-06,8.1023715888689325e-05,8.1023715888689325e-05,1.9429000435380954,2.1552697908924765,1.1838197691234289,0,0
1,0.15267051472645377,5272,0.00015175451520076539,0.00013227495966403423,0.00012850979377315562,6.1164067325546342e-05,5.3089711339137773e-05,4.3562328516913692e-06,6.1164067325546342e-05,5.3089711339137773e-05,4.3562328516913692e-06,8.1108182981343466e-05,8.1108182981343466e-05,1.9429000435380954,2.1535363789145054,1.1820863571454576,0,0
1,0.15290218470327691,5280,0.00015176869436930946,0.00013228726398277116,0.0001285108033446329,6.1245059844214044e-05,5.3133703364319059e-05,4.3594444121779064e-06,6.1245059844214044e-05,5.3133703364319059e-05,4.3594444121779064e-06,8.1198229932133857e-05,8.1198229932133857e-05,1.9429000435380954,2.1517972359915181,1.1803472142224705,0,0
1,0.15313385468010005,5288,0.00015178289284544289,0.00013229957890597519,0.00012851181371312031,6.1330752851574549e-05,5.3181261965722014e-05,4.3631135411994683e-06,6.1330752851574549e-05,5.3181261965722014e-05,4.3631135411994683e-06,8.1294185704643528e-05,8.1294185704643528e-05,1.9429000435380954,2.1500521842258955,1.1786021624568477,0,0
1,0.15336552465692321,5296,0.00015179711172069092,0.00013231190526171265,0.00012851282498471195,6.1421168710780217e-05,5.3232402839915588e-05,4.3672410299846537e-06,6.1421168710780217e-05,5.3232402839915588e-05,4.3672410299846537e-06,8.1396077744097487e-05,8.1396077744097487e-05,1.9429000435380954,2.1483010445546875,1.1768510227856397,0,0
1,0.15359719463374635,5304,0.00015181135209192044,0.00013232424388180761,0.00012851383726569993,6.1516331174580081e-05,5.3287142733294612e-05,4.3718277979712606e-06,6.1516331174580081e-05,5.3287142733294612e-05,4.3718277979712606e-06,8.1503935243362581e-05,8.1503935243362581e-05,1.9429000435380954,2.1465436366954442,1.1750936149263964,0,0
1,0.15382886461056949,5312,0.00015182561506166351,0.00013233659560208646,0.0001285148506626043,6.1616265399694112e-05,5.3345499452409252e-05,4.3768748932737931e-06,6.1616265399694112e-05,5.3345499452409252e-05,4.3768748932737931e-06,8.1617789160598483e-05,8.1617789160598483e-05,1.9429000435380954,2.1447797790917318,1.1733297573226842,0,0
1,0.15406053458739263,5320,0.00015183990173844433,0.00013234896126262461,0.00012851586528220298,6.1720997962080959e-05,5.3407491874967716e-05,4.3823834932271072e-06,6.1720997962080959e-05,5.3407491874967716e-05,4.3823834932271072e-06,8.1737672238030209e-05,8.1737672238030209e-05,1.9429000435380954,2.1430092888578831,1.1715592670888353,0,0
1,0.1542922045642158,5328,0.00015185421323710973,0.00013236134170799605,0.00012851688123156153,6.1830374432927774e-05,5.347297653251731e-05,4.3883452995015546e-06,6.1830374432927774e-05,5.347297653251731e-05,4.3883452995015546e-06,8.1863373960708779e-05,8.1863373960708779e-05,1.9429000435380954,2.1412319817226177,1.1697819599535699,0,0
1,0.15452387454103894,5336,0.00015186854736454203,0.00013237373482039242,0.00012851789844303688,6.1916553429754994e-05,5.351703508814468e-05,4.3932877023466105e-06,6.1916553429754994e-05,5.351703508814468e-05,4.3932877023466105e-06,8.1957511004672443e-05,8.1957511004672443e-05,1.9429000435380954,2.1393505012462954,1.1679004794772476,0,0
1,0.15475554451786208,5344,0.0001518829020323856,0.00013238613858300595,0.00012851891685241606,6.2007703221064297e-05,5.3564922351287473e-05,4.3986869154883128e-06,6.2007703221064297e-05,5.3564922351287473e-05,4.3986869154883128e-06,8.2057934484311334e-05,8.2057934484311334e-05,1.9429000435380954,2.1373602620071219,1.1659102402380743,0,0
1,0.15498721449468522,5352,0.00015189727839502989,0.00013239855388479568,0.00012851993656563324,6.2103848289959013e-05,5.3616655464268592e-05,4.4045438676463182e-06,6.2103848289959013e-05,5.3616655464268592e-05,4.4045438676463182e-06,8.2164674418379753e-05,8.2164674418379753e-05,1.9429000435380954,2.1353631745122907,1.1639131527432429,0,0
1,0.15521888447150839,5360,0.00015191167761271585,0.00013241098161882945,0.00012852095768885337,6.2205014671171862e-05,5.3672252758538678e-05,4.4108596220194096e-06,6.2205014671171862e-05,5.3672252758538678e-05,4.4108596220194096e-06,8.227776278571465e-05,8.227776278571465e-05,1.9429000435380954,2.1333590357007992,1.1619090139317518,0,0
1,0.15545055444833153,5368,0.00015192610085189702,0.00013242342268256088,0.0001285219803285032,6.231122996758803e-05,5.373173376667942e-05,4.4176353768255491e-06,6.231122996758803e-05,5.373173376667942e-05,4.4176353768255491e-06,8.2397233545608421e-05,8.2397233545608421e-05,1.9429000435380954,2.1313476410401959,1.1598976192711483,0,0
1,0.15568222442515467,5376,0.00015194054928560516,0.00013243587797810892,0.00012852300459130291,6.2422523367823465e-05,5.3795119235214918e-05,4.424872465924673e-06,6.2422523367823465e-05,5.3795119235214918e-05,4.424872465924673e-06,8.2523122659513767e-05,8.2523122659513767e-05,1.9429000435380954,2.1293287844607351,1.1578787626916873,0,0
1,0.15591389440197781,5384,0.00015195502409381961,0.00013244834841254091,0.00012852403058429733,6.2538925664880443e-05,5.3862431138242044e-05,4.4325723595282783e-06,6.2538925664880443e-05,5.3862431138242044e-05,4.4325723595282783e-06,8.2655468114104595e-05,8.2655468114104595e-05,1.9429000435380954,2.1273022582884664,1.1558522365194186,0,0
1,0.15614556437880098,5392,0.0001519695264638412,0.00013246083489815852,0.00012852505841488796,6.2660469275896489e-05,5.3933692691897182e-05,4.44073666499222e-06,6.2660469275896489e-05,5.3933692691897182e-05,4.44073666499222e-06,8.2794309945716547e-05,8.2794309945716547e-05,1.9429000435380954,2.1252678531775864,1.1538178314085388,0,0
1,0.15637723435562412,5400,0.00015198405452225704,0.00013247333542262818,0.00012852608806207996,6.2756196306525201e-05,5.397930708702079e-05,4.4480633767388744e-06,6.2756196306525201e-05,5.397930708702079e-05,4.4480633767388744e-06,8.2896869882170501e-05,8.2896869882170501e-05,1.9429000435380954,2.1232256926235009,1.1517756708544531,0,0
1,0.15660890433244726,5408,0.00015199860423195194,0.00013248584587758388,0.00012852711941090626,6.2851892963807347e-05,5.4023717250830324e-05,4.4556149636216548e-06,6.2851892963807347e-05,5.4023717250830324e-05,4.4556149636216548e-06,8.2998644443361882e-05,8.2998644443361882e-05,1.9429000435380954,2.1211761188766967,1.1497260971076488,0,0
1,0.1568405743092704,5416,0.00015201317671889453,0.00013249836706276217,0.00012852815256073543,6.2952836156698232e-05,5.4071943787112025e-05,4.4636115613987668e-06,6.2952836156698232e-05,5.4071943787112025e-05,4.4636115613987668e-06,8.3106910141454227e-05,8.3106910141454227e-05,1.9429000435380954,2.1191188983316751,1.1476688765626275,0,0
1,0.15707224428609357,5424,0.00015202777320171378,0.00013251089986439954,0.00012852918761478981,6.3059053483386225e-05,5.4124005007808471e-05,4.4720542854971084e-06,6.3059053483386225e-05,5.4124005007808471e-05,4.4720542854971084e-06,8.3221700378196284e-05,8.3221700378196284e-05,1.9429000435380954,2.1170537862385248,1.1456037644694772,0,0
1,0.15730391426291671,5432,0.0001520423949056249,0.00013252344517311395,0.00012853022467656532,6.3170574206647379e-05,5.417992042812163e-05,4.480944382857271e-06,6.3170574206647379e-05,5.417992042812163e-05,4.480944382857271e-06,8.3343050614657706e-05,8.3343050614657706e-05,1.9429000435380954,2.1147851584199877,1.1433351366509399,0,0
1,0.15753558423973985,5440,0.00015205704292393994,0.00013253600376194789,0.00012853126384253878,6.3281341752131266e-05,5.4234353222302701e-05,4.4899621434866448e-06,6.3281341752131266e-05,5.4234353222302701e-05,4.4899621434866448e-06,8.3462884226711634e-05,8.3462884226711634e-05,1.9429000435380954,2.1117773916998956,1.140327369930848,0,0
1,0.15776725421656299,5448,0.00015207171394945504,0.00013254857253289766,0.00012853230497649991,6.3374104954499674e-05,5.4272153645013824e-05,4.4981911900043055e-06,6.3374104954499674e-05,5.4272153645013824e-05,4.4981911900043055e-06,8.35582285836276e-05,8.35582285836276e-05,1.9429000435380954,2.108760780716703,1.1373107589476554,0,0
1,0.15799892419338615,5456,0.00015208640710133946,0.00013256115053198367,0.00012853334806856294,6.3472362499121586e-05,5.4314022356556414e-05,4.5068665557214399e-06,6.3472362499121586e-05,5.4314022356556414e-05,4.5068665557214399e-06,8.3660418788812475e-05,8.3660418788812475e-05,1.9429000435380954,2.1057354488760622,1.1342854271070146,0,0
1,0.15823059417020929,5464,0.00015210112365557609,0.00013257373870374204,0.0001285343932222512,6.357614153119852e-05,5.4359977158349372e-05,4.5159893404251016e-06,6.357614153119852e-05,5.4359977158349372e-05,4.5159893404251016e-06,8.3769487573782405e-05,8.3769487573782405e-05,1.9429000435380954,2.1027010744727836,1.131251052703736,0,0
1,0.15846226414703243,5472,0.00015211586489464717,0.00013258633799698811,0.00012853544054135902,6.3685471018771212e-05,5.4410037193253905e-05,4.5255607828541681e-06,6.3685471018771212e-05,5.4410037193253905e-05,4.5255607828541681e-06,8.3885469937607953e-05,8.3885469937607953e-05,1.9429000435380954,2.0996573337623547,1.1282073119933071,0,0
1,0.15869393412385557,5480,0.00015213063210795904,0.00013259894936512869,0.00012853649012998388,6.3800381772187491e-05,5.4464222959092675e-05,4.5355822613041384e-06,6.3800381772187491e-05,5.4464222959092675e-05,4.5355822613041384e-06,8.4008403170538173e-05,8.4008403170538173e-05,1.9429000435380954,2.0966039008514881,1.1251538790824405,0,0
1,0.15892560410067871,5488,0.00015214542659227129,0.00013261157376647762,0.00012853754209255869,6.3920906464886765e-05,5.4522556323133947e-05,4.5460552943243418e-06,6.3920906464886765e-05,5.4522556323133947e-05,4.5460552943243418e-06,8.4138326879259798e-05,8.4138326879259798e-05,1.9429000435380954,2.0935404475873689,1.1220904258183213,0,0
1,0.15915727407750188,5496,0.0001521602496521309,0.00013262421216457489,0.00012853859653388453,6.404707965552628e-05,5.4585060537560086e-05,4.5569815415070928e-06,6.404707965552628e-05,5.4585060537560086e-05,4.5569815415070928e-06,8.4275283013823601e-05,8.4275283013823601e-05,1.9429000435380954,2.090466643445597,1.1190166216765491,0,0
1,0.15938894405432502,5504,0.00015217510260031155,0.00013263686552850935,0.00012853965355916341,6.4178937811473248e-05,5.4651760255937349e-05,4.568362804371265e-06,6.4178937811473248e-05,5.4651760255937349e-05,4.568362804371265e-06,8.4419315896267294e-05,8.4419315896267294e-05,1.9429000435380954,2.087382155416579,1.1159321336475314,0,0
1,0.15962061403114816,5512,0.00015218998675825893,0.00013264953483324527,0.00012854071327403121,6.4316519333692613e-05,5.4722681550708613e-05,4.580201027340671e-06,6.4316519333692613e-05,5.4722681550708613e-05,4.580201027340671e-06,8.4570472250971684e-05,8.4570472250971684e-05,1.9429000435380954,2.0842866478897326,1.112836626120685,0,0
1,0.1598522840079713,5520,0.00015220490345654151,0.00013266222105995322,0.00012854177578459092,6.4459864583059443e-05,5.4797851931728204e-05,4.5924982988177655e-06,6.4459864583059443e-05,5.4797851931728204e-05,4.5924982988177655e-06,8.4728801236784961e-05,8.4728801236784961e-05,1.9429000435380954,2.0811797825366858,1.1097297607676382,0,0
1,0.16008395398479447,5528,0.00015221984969884168,0.00013267492109898829,0.00012854284100456817,6.4570569709677288e-05,5.4840944377612633e-05,4.6035438124146931e-06,6.4570569709677288e-05,5.4840944377612633e-05,4.6035438124146931e-06,8.4841500861863102e-05,8.4841500861863102e-05,1.9429000435380954,2.0780639512966794,1.1066139295276318,0,0
1,0.16031562396161761,5536,0.00015223482202820118,0.00013268763137472134,0.00012854390882442414,6.46860824877909e-05,5.4887175156856662e-05,4.6149876956534501e-06,6.46860824877909e-05,5.4887175156856662e-05,4.6149876956534501e-06,8.495992805874888e-05,8.495992805874888e-05,1.9429000435380954,2.0750413334718432,1.1035913117027953,0,0
1,0.16054729393844075,5544,0.00015224982179469333,0.00013270035283589432,0.00012854497934692121,6.4807439390725103e-05,5.4937511548265234e-05,4.6268758956454485e-06,6.4807439390725103e-05,5.4937511548265234e-05,4.6268758956454485e-06,8.5085500269152726e-05,8.5085500269152726e-05,1.9429000435380954,2.0721700417180333,1.1007200199489859,0,0
1,0.16077896391526389,5552,0.00015226484846227669,0.0001327130847972269,0.00012854605257324426,6.4912176659049942e-05,5.4972513405974081e-05,4.6379987610878199e-06,6.4912176659049942e-05,5.4972513405974081e-05,4.6379987610878199e-06,8.518849066214027e-05,8.518849066214027e-05,1.9429000435380954,2.069451498541607,1.0980014767725594,0,0
1,0.16101063389208706,5560,0.00015227989839676332,0.00013272582389984569,0.00012854712833730748,6.5014471636572243e-05,5.5004506189083187e-05,4.6491158282235239e-06,6.5014471636572243e-05,5.5004506189083187e-05,4.6491158282235239e-06,8.528769841701549e-05,8.528769841701549e-05,1.9429000435380954,2.0668824451758425,1.0954324234067949,0,0
1,0.1612423038689102,5568,0.00015229497272920697,0.00013273857091585775,0.00012854820672897606,6.5122808525232948e-05,5.5040832552279933e-05,4.6606830265913723e-06,6.5122808525232948e-05,5.5040832552279933e-05,4.6606830265913723e-06,8.5394352298829624e-05,8.5394352298829624e-05,1.9429000435380954,2.064350141878724,1.0929001201096762,0,0
1,0.16147397384573334,5576,0.00015231007286284573,0.0001327513268513679,0.00012854928785269024,6.523721797518773e-05,5.5081511263712461e-05,4.6727017487024048e-06,6.523721797518773e-05,5.5081511263712461e-05,4.6727017487024048e-06,8.5508488665564456e-05,8.5508488665564456e-05,1.9429000435380954,2.0618079922070072,1.0903579704379596,0,0
1,0.16170564382255648,5584,0.0001523252002082643,0.00013276409271700387,0.00012855037181323014,6.5357732763165579e-05,5.5126562604797372e-05,4.6851735359637557e-06,6.5357732763165579e-05,5.5126562604797372e-05,4.6851735359637557e-06,8.5630146488395705e-05,8.5630146488395705e-05,1.9429000435380954,2.0592556758494704,1.0878056540804228,0,0
1,0.16193731379937965,5592,0.0001523403561838894,0.00013277686952826886,0.0001285514587157503,6.5484387815676232e-05,5.517600838560993e-05,4.6981000794586242e-06,6.5484387815676232e-05,5.517600838560993e-05,4.6981000794586242e-06,8.5759367379426214e-05,8.5759367379426214e-05,1.9429000435380954,2.0566928702318656,1.0852428484628178,0,0
1,0.16216898377620279,5600,0.0001523555422164905,0.00013278965830589736,0.00012855254866581445,6.561722023384225e-05,5.5229871961429041e-05,4.7114832208309243e-06,6.561722023384225e-05,5.5229871961429041e-05,4.7114832208309243e-06,8.5896195621416044e-05,8.5896195621416044e-05,1.9429000435380954,2.0541192504003747,1.0826692286313271,0,0
1,0.16240065375302593,5608,0.00015237075974168672,0.0001328024600762153,0.00012855364176943043,6.5756269319894564e-05,5.5288178250459758e-05,4.7253249532768253e-06,6.5756269319894564e-05,5.5288178250459758e-05,4.7253249532768253e-06,8.6040678199553845e-05,8.6040678199553845e-05,1.9429000435380954,2.0515344889033162,1.0800844671342684,0,0
1,0.16263232372984907,5616,0.00015238601020445993,0.00013281527587150424,0.00012855473813308565,6.5901576605358652e-05,5.5350953752755311e-05,4.7396274226421137e-06,6.5901576605358652e-05,5.5350953752755311e-05,4.7396274226421137e-06,8.6192864835304503e-05,8.6192864835304503e-05,1.9429000435380954,2.0489382556713185,1.0774882339022707,0,0
1,0.16286399370667223,5624,0.00015240129505967483,0.00013282810673037013,0.00012855583786378229,6.6053185880970378e-05,5.5418226570363305e-05,4.7543929286301124e-06,6.6053185880970378e-05,5.5418226570363305e-05,4.7543929286301124e-06,8.635280802237964e-05,8.635280802237964e-05,1.9429000435380954,2.0463302178952922,1.0748801961262446,0,0
1,0.16309566368349537,5632,0.00015241661577260581,0.00013284095369811702,0.00012855694106907333,6.6211143228358325e-05,5.5490026428721332e-05,4.7696239261174468e-06,6.6211143228358325e-05,5.5490026428721332e-05,4.7696239261174468e-06,8.6520563064874733e-05,8.6520563064874733e-05,1.9429000435380954,2.0437100399028414,1.0722600181337938,0,0
1,0.16332733366031851,5640,0.00015243197381947142,0.00013285381782712557,0.0001285580478570986,6.6375497053530646e-05,5.5566384699330242e-05,4.7853230265815551e-06,6.6375497053530646e-05,5.5566384699330242e-05,4.7853230265815551e-06,8.6696188117621115e-05,8.6696188117621115e-05,1.9429000435380954,2.0410773830328295,1.0696273612637817,0,0
1,0.16355900363714165,5648,0.00015244737015101851,0.00013286669968513046,0.00012855915831030132,6.6531998156208177e-05,5.5634226372677422e-05,4.8007917563783027e-06,6.6531998156208177e-05,5.5634226372677422e-05,4.8007917563783027e-06,8.6860356459273833e-05,8.6860356459273833e-05,1.9429000435380954,2.0384319854734243,1.0669819637043765,0,0
1,0.16379067361396482,5656,0.00015246279773092048,0.00013287959258642012,0.00012856027211182816,6.6646900975762e-05,5.5663703480111328e-05,4.8142645978007367e-06,6.6646900975762e-05,5.5663703480111328e-05,4.8142645978007367e-06,8.6968008131797642e-05,8.6968008131797642e-05,1.9429000435380954,2.0357748012379053,1.0643247794688577,0,0
1,0.16402234359078796,5664,0.00015247825016906569,0.00013289249069484087,0.00012856138895167189,6.6754636916200748e-05,5.5686054986227799e-05,4.8274591377179683e-06,6.6754636916200748e-05,5.5686054986227799e-05,4.8274591377179683e-06,8.7065622558328464e-05,8.7065622558328464e-05,1.9429000435380954,2.0331067935259459,1.0616567717568983,0,0
1,0.1642540135676111,5672,0.00015249372832608701,0.00013290539451511551,0.0001285625089025968,6.6868936601763605e-05,5.5713016713634735e-05,4.8411227300293075e-06,6.6868936601763605e-05,5.5713016713634735e-05,4.8411227300293075e-06,8.7171276134238342e-05,8.7171276134238342e-05,1.9429000435380954,2.0304277198220686,1.058977698053021,0,0
1,0.16448568354443424,5680,0.00015250923372633372,0.00013291830511738548,0.00012856363207345005,6.6989832614617042e-05,5.5744607005240966e-05,4.8552569716500883e-06,6.6989832614617042e-05,5.5744607005240966e-05,4.8552569716500883e-06,8.7285006754676518e-05,8.7285006754676518e-05,1.9429000435380954,2.0277949210046282,1.0563448992355804,0,0
1,0.16471735352125741,5688,0.00015252476790198434,0.00013293122357623706,0.00012856475857346772,6.7117359966041771e-05,5.5780845892119308e-05,4.8698636238626036e-06,6.7117359966041771e-05,5.5780845892119308e-05,4.8698636238626036e-06,8.7406855274438345e-05,8.7406855274438345e-05,1.9429000435380954,2.0252891495479122,1.0538391277788643,0,0
1,0.16494902349808055,5696,0.00015254033239361217,0.00013294415097109432,0.00012856588851231309,6.7251556122283258e-05,5.5821755109780523e-05,4.8849446132221653e-06,6.7251556122283258e-05,5.5821755109780523e-05,4.8849446132221653e-06,8.7536865538350014e-05,8.7536865538350014e-05,1.9429000435380954,2.0229115487616007,1.0514615269925531,0,0
1,0.16518069347490369,5704,0.00015255592875075739,0.00013295708838661574,0.00012856702200011495,6.7392461032353307e-05,5.5867358115798706e-05,4.9005020325868487e-06,6.7392461032353307e-05,5.5867358115798706e-05,4.9005020325868487e-06,8.7675084414031473e-05,8.7675084414031473e-05,1.9429000435380954,2.0206627528423122,1.0492127310732646,0,0
1,0.16541236345172683,5712,0.00015257155853250562,0.0001329700369130956,0.00012856815914750628,6.7540117157822025e-05,5.591768010881194e-05,4.9165381422707879e-06,6.7540117157822025e-05,5.591768010881194e-05,4.9165381422707879e-06,8.7821561827082942e-05,8.7821561827082942e-05,1.9429000435380954,2.0185434243567686,1.0470934025877208,0,0
1,0.16564403342855,5720,0.00015258722330807357,0.00013298299764686954,0.00012856930006566338,6.7694569504637316e-05,5.5972748048924167e-05,4.9330553713224174e-06,6.7694569504637316e-05,5.5972748048924167e-05,4.9330553713224174e-06,8.7976350798740506e-05,8.7976350798740506e-05,1.9429000435380954,2.0165542544037556,1.0451042326347082,0,0
1,0.16587570340537314,5728,0.00015260292465740257,0.00013299597169072518,0.0001285704448663448,6.7855865657013065e-05,5.6032590679535769e-05,4.9500563189309032e-06,6.7855865657013065e-05,5.6032590679535769e-05,4.9500563189309032e-06,8.8139507486050732e-05,8.8139507486050732e-05,1.9429000435380954,2.0146959546416987,1.0432459328726513,0,0
1,0.16610737338219628,5736,0.00015261866417175978,0.00013300896015431787,0.00012857159366193118,6.8024055813433354e-05,5.6097238550632463e-05,4.9675437559590631e-06,6.8024055813433354e-05,5.6097238550632463e-05,4.9675437559590631e-06,8.8311091224619278e-05,8.8311091224619278e-05,1.9429000435380954,2.0128955107865649,1.0414454890175171,0,0
1,0.16633904335901942,5744,0.00015263444345434826,0.0001330219641545922,0.00012857274656546513,6.8199192824820715e-05,5.6166724043565477e-05,4.985520626607786e-06,6.8199192824820715e-05,5.6166724043565477e-05,4.985520626607786e-06,8.8491164573992621e-05,8.8491164573992621e-05,1.9429000435380954,2.0110822587748394,1.0396322370057918,0,0
1,0.16657071333584259,5752,0.00015265026412092627,0.00013303498481620913,0.0001285739036906916,6.838133223491751e-05,5.6241081397356844e-05,5.003990050211798e-06,6.838133223491751e-05,5.6241081397356844e-05,5.003990050211798e-06,8.8679793365731884e-05,8.8679793365731884e-05,1.9429000435380954,2.0092559024700352,1.0378058807009873,0,0
1,0.16680238331266573,5760,0.00015266612533422567,0.00013304802118657444,0.00012857506502339579,6.8543266895290967e-05,5.6297303967644187e-05,5.0215340555511818e-06,6.8543266895290967e-05,5.6297303967644187e-05,5.0215340555511818e-06,8.8841328642560701e-05,8.8841328642560701e-05,1.9429000435380954,2.0074164302702213,1.0359664085011737,0,0
1,0.16703405328948887,5768,0.00015268202331795538,0.00013306106983975379,0.0001285762303980019,6.8704760584521252e-05,5.6352189677449012e-05,5.0391973760196713e-06,6.8704760584521252e-05,5.6352189677449012e-05,5.0391973760196713e-06,8.9001724245174369e-05,8.9001724245174369e-05,1.9429000435380954,2.0055641807409086,1.034114158971861,0,0
1,0.16726572326631201,5776,0.00015269795503718267,0.00013307412785339978,0.00012857739966678965,6.8830245588599306e-05,5.6374371331610357e-05,5.054907778073008e-06,6.8830245588599306e-05,5.6374371331610357e-05,5.054907778073008e-06,8.9113548596529422e-05,8.9113548596529422e-05,1.9429000435380954,2.0036993288916505,1.0322493071226029,0,0
1,0.16749739324313517,5784,0.00015271391561948289,0.00013308719067628964,0.00012857857257498169,6.8958184105644303e-05,5.6397421640838633e-05,5.0708590537096099e-06,6.8958184105644303e-05,5.6397421640838633e-05,5.0708590537096099e-06,8.922787644242721e-05,8.922787644242721e-05,1.9429000435380954,2.0018222179885243,1.0303721962194767,0,0
1,0.16772906321995831,5792,0.00015272990666905238,0.00013310025941395189,0.00012857974923755275,6.909327521289407e-05,5.6425436902884648e-05,5.0873195757328816e-06,6.909327521289407e-05,5.6425436902884648e-05,5.0873195757328816e-06,8.9350945321198317e-05,8.9350945321198317e-05,1.9429000435380954,1.9999325495007412,1.0284825277316936,0,0
1,0.16796073319678145,5800,0.00015274592984753141,0.00013311333521909196,0.00012858092977272685,6.9235559095287547e-05,5.6458438808486875e-05,5.1042915080385871e-06,6.9235559095287547e-05,5.6458438808486875e-05,5.1042915080385871e-06,8.9482801407464595e-05,8.9482801407464595e-05,1.9429000435380954,1.9980300176259997,1.0265799958569521,0,0
1,0.16819240317360459,5808,0.00015276198682619453,0.00013312641924966261,0.00012858211429925121,6.9385078745454981e-05,5.6496450970949693e-05,5.1217772033379384e-06,6.9385078745454981e-05,5.6496450970949693e-05,5.1217772033379384e-06,8.9623494277709032e-05,8.9623494277709032e-05,1.9429000435380954,1.9961143139405648,1.0246642921715172,0,0
1,0.16842407315042773,5816,0.00015277807928660469,0.00013313951266931184,0.00012858330293644005,6.9541879997097236e-05,5.6539498946542179e-05,5.139779204475248e-06,6.9541879997097236e-05,5.6539498946542179e-05,5.139779204475248e-06,8.9773076949202716e-05,8.9773076949202716e-05,1.9429000435380954,1.9941851272740583,1.0227351055050105,0,0
1,0.1686557431272509,5824,0.0001527942089212758,0.00013315261664783532,0.00012858449580421892,6.9706011560767602e-05,5.6587610256535198e-05,5.1583002458936216e-06,6.9706011560767602e-05,5.6587610256535198e-05,5.1583002458936216e-06,8.993160592184585e-05,8.993160592184585e-05,1.9429000435380954,1.9922446458669829,1.0207946240979353,0,0
1,0.16888741310407404,5832,0.00015281037743434327,0.0001331657323616345,0.00012858569302316909,6.9877525062103749e-05,5.6640814410901768e-05,5.1773432552535774e-06,6.9877525062103749e-05,5.6640814410901768e-05,5.1773432552535774e-06,9.0099141222976556e-05,9.0099141222976556e-05,1.9429000435380954,1.9904179062118244,1.0189678844427765,0,0
1,0.16911908308089718,5840,0.0001528265865422443,0.00013317886099418024,0.00012858689471457281,7.0056475082566394e-05,5.6699142933723282e-05,5.1969113552029736e-06,7.0056475082566394e-05,5.6699142933723282e-05,5.1969113552029736e-06,9.0275746455218341e-05,9.0275746455218341e-05,1.9429000435380954,1.9887757800255725,1.0173257582565247,0,0
1,0.16935075305772032,5848,0.00015284283797440749,0.00013319200373648242,0.00012858810100045833,7.0242919202735801e-05,5.6762629390329401e-05,5.2170078653044256e-06,7.0242919202735801e-05,5.6762629390329401e-05,5.2170078653044256e-06,9.0461488847423939e-05,9.0461488847423939e-05,1.9429000435380954,1.9873197185041551,1.0158696967351073,0,0
1,0.16958242303454349,5856,0.00015285913298356284,0.00013320516137605936,0.00012858931198071744,7.0424251816527485e-05,5.6820683936087528e-05,5.2370447372843007e-06,7.0424251816527485e-05,5.6820683936087528e-05,5.2370447372843007e-06,9.0639902937187365e-05,9.0639902937187365e-05,1.9429000435380954,1.9860512426288079,1.0146012208597601,0,0
1,0.16981409301136663,5864,0.00015287546703772386,0.00013321832985354834,0.00012859052748729057,7.0588441014063114e-05,5.6863301792533388e-05,5.2564835283174654e-06,7.0588441014063114e-05,5.6863301792533388e-05,5.2564835283174654e-06,9.0795339718666569e-05,9.0795339718666569e-05,1.9429000435380954,1.984945223025401,1.0134952012563532,0,0
1,0.17004576298818977,5872,0.00015289184002095749,0.00013323150883434517,0.0001285917475637188,7.0760334560279742e-05,5.6911363910199634e-05,5.2764967164845212e-06,7.0760334560279742e-05,5.6911363910199634e-05,5.2764967164845212e-06,9.0960264438934911e-05,9.0960264438934911e-05,1.9429000435380954,1.9838501202603416,1.012400098491294,0,0
1,0.17027743296501291,5880,0.00015290825372453541,0.00013324469958337894,0.00012859297234345764,7.0939988305638329e-05,5.6964902247118575e-05,5.2970876633702994e-06,7.0939988305638329e-05,5.6964902247118575e-05,5.2970876633702994e-06,9.1134741819688656e-05,9.1134741819688656e-05,1.9429000435380954,1.982741927969117,1.0112919062000691,0,0
1,0.17050910294183608,5888,0.00015292470995304647,0.00013325790337324618,0.00012859420196076758,7.1127461374314416e-05,5.7023951042853925e-05,5.3182599579068537e-06,7.1127461374314416e-05,5.7023951042853925e-05,5.3182599579068537e-06,9.1318840570126967e-05,9.1318840570126967e-05,1.9429000435380954,1.9816204274802836,1.010170405711236,0,0
1,0.17074077291865922,5896,0.00015294120776699482,0.00013327111920556051,0.00012859543636372135,7.1287176011920706e-05,5.7059093210543962e-05,5.337600151271146e-06,7.1287176011920706e-05,5.7059093210543962e-05,5.337600151271146e-06,9.1466341115947983e-05,9.1466341115947983e-05,1.9429000435380954,1.9804855614119168,1.009035539642869,0,0
1,0.17097244289548236,5904,0.00015295774009555741,0.00013328434100763791,0.00012859667508407856,7.1437225007570194e-05,5.7085232425527738e-05,5.3563317723457668e-06,7.1437225007570194e-05,5.7085232425527738e-05,5.3563317723457668e-06,9.16007159792661e-05,9.16007159792661e-05,1.9429000435380954,1.9793376325431209,1.0078876107740733,0,0
1,0.1712041128723055,5912,0.00015297430808485171,0.00013329756948850786,0.00012859791821028029,7.1595042173011809e-05,5.7116755284961086e-05,5.3756361454167707e-06,7.1595042173011809e-05,5.7116755284961086e-05,5.3756361454167707e-06,9.1744597999039604e-05,9.1744597999039604e-05,1.9429000435380954,1.9781764500594374,1.0067264282903898,0,0
1,0.17143578284912867,5920,0.00015299091354018757,0.00013331080589839024,0.00012859916587534145,7.1760676901281111e-05,5.71536879832768e-05,5.3955161179121056e-06,7.1760676901281111e-05,5.71536879832768e-05,5.3955161179121056e-06,9.1898043469915445e-05,9.1898043469915445e-05,1.9429000435380954,1.9759582040896815,1.0045081823206339,0,0
1,0.17166745282595181,5928,0.00015300755827869189,0.00013332405149382847,0.00012860041821296243,7.1934181822956965e-05,5.719605892317685e-05,5.4159747612180446e-06,7.1934181822956965e-05,5.719605892317685e-05,5.4159747612180446e-06,9.2061112601879303e-05,9.2061112601879303e-05,1.9429000435380954,1.9735683272134719,1.002118305444424,0,0
1,0.17189912280277495,5936,0.00015302424413006364,0.00013333730753820451,0.00012860167535758133,7.2115612849307933e-05,5.7243898741721575e-05,5.4370153725311101e-06,7.2115612849307933e-05,5.7243898741721575e-05,5.4370153725311101e-06,9.2233869570483053e-05,9.2233869570483053e-05,1.9429000435380954,1.9711600046354534,0.99970998286640578,0,0
1,0.17213079277959809,5944,0.00015304097293733913,0.00013335057530225943,0.0001286029374444266,7.2305029218388512e-05,5.7297240338422121e-05,5.458641476897604e-06,7.2305029218388512e-05,5.7297240338422121e-05,5.458641476897604e-06,9.2416382570647231e-05,9.2416382570647231e-05,1.9429000435380954,1.9687328528368704,0.99728283106782256,0,0
1,0.17236246275642125,5952,0.00015305774626030001,0.00013336385581721753,0.0001286042045978952,7.2492303804078218e-05,5.73476438792905e-05,5.4804573614659258e-06,7.2492303804078218e-05,5.73476438792905e-05,5.4804573614659258e-06,9.2595473875452174e-05,9.2595473875452174e-05,1.9429000435380954,1.9662865253563639,0.99483650358731623,0,0
1,0.17259413273324439,5960,0.00015307455952211972,0.00013337714501714606,0.00012860547670490746,7.2657457282678824e-05,5.7378599490155609e-05,5.5017133568154318e-06,7.2657457282678824e-05,5.7378599490155609e-05,5.5017133568154318e-06,9.2745235069498569e-05,9.2745235069498569e-05,1.9429000435380954,1.9638215322847465,0.99237151051569883,0,0
1,0.17282580271006753,5968,0.00015309141199358213,0.00013339044206298154,0.00012860675381142799,7.2830808858777204e-05,5.7415382387436709e-05,5.5236185500739643e-06,7.2830808858777204e-05,5.7415382387436709e-05,5.5236185500739643e-06,9.2905130189920292e-05,9.2905130189920292e-05,1.9429000435380954,1.9613378698955219,0.98988784812647435,0,0
1,0.17305747268689067,5976,0.00015310830558046515,0.00013340374830826101,0.00012860803606825998,7.301241547387122e-05,5.7458023471893711e-05,5.5461764702592877e-06,7.301241547387122e-05,5.7458023471893711e-05,5.5461764702592877e-06,9.3075224136529133e-05,9.3075224136529133e-05,1.9429000435380954,1.9588351703476554,0.98738514857860771,0,0
1,0.17328914266371384,5984,0.00015312524220215779,0.0001334170651139738,0.00012860932362705516,7.3202337698912191e-05,5.7506556183634306e-05,5.5693909136336933e-06,7.3202337698912191e-05,5.7506556183634306e-05,5.5693909136336933e-06,9.3255586233940624e-05,9.3255586233940624e-05,1.9429000435380954,1.9563654506923867,0.98491542892333894,0,0
1,0.17352081264053698,5992,0.0001531422237925069,0.00013343039384915349,0.00012861061664037581,7.3400639786819167e-05,5.7561016534709833e-05,5.5932659461304679e-06,7.3400639786819167e-05,5.7561016534709833e-05,5.5932659461304679e-06,9.344629029323563e-05,9.344629029323563e-05,1.9429000435380954,1.9540795381273495,0.98262951635830176,0,0
1,0.17375248261736012,6000,0.00015315925230067662,0.00013344373589147798,0.00012861191526175779,7.3607389728528043e-05,5.7621443144165863e-05,5.6178059060159961e-06,7.3607389728528043e-05,5.7621443144165863e-05,5.6178059060159961e-06,9.3647414677936635e-05,9.3647414677936635e-05,1.9429000435380954,1.9518400950269614,0.98039007325791372,0,0
1,0.17398415259418326,6008,0.00015317632969202136,0.00013345709262787747,0.00012861321964577373,7.3822659312651606e-05,5.768787727560049e-05,5.6430154067925545e-06,7.3822659312651606e-05,5.768787727560049e-05,5.6430154067925545e-06,9.3859042374391766e-05,9.3859042374391766e-05,1.9429000435380954,1.9495808343856449,0.97813081261659718,0,0
1,0.17421582257100643,6016,0.0001531934553199314,0.00013347046340315402,0.00012861452974264749,7.401003556524963e-05,5.7731881762194991e-05,5.6660481492971321e-06,7.401003556524963e-05,5.7731881762194991e-05,5.6660481492971321e-06,9.4034885217156143e-05,9.4034885217156143e-05,1.9429000435380954,1.9473017507836594,0.9758517290146117,0,0
1,0.17433165755941799,6020,0.00015320203321904171,0.00013347715166249307,0.00012861518669896299,7.4095820939872438e-05,5.7747457311361381e-05,5.6769489518142333e-06,7.4095820939872438e-05,5.7747457311361381e-05,5.6769489518142333e-06,9.4112630693667508e-05,9.4112630693667508e-05,1.9429000435380954,1.9461551438361433,0.97470512206709548,0,0
