particle_id,model,time_s,g_nf_m,accepted_dt_s,dt_over_nominal
12,P9A,0.0,1.0069359444963763e-07,0.0,0.0
12,P9A,0.00025,1.0076530867839878e-07,0.00025,1.0
12,P9A,0.0005,1.1372849820633727e-07,0.00025,1.0
12,P9A,0.00075,1.4048413880299748e-07,0.00025,1.0
12,P9A,0.001,1.811652229433361e-07,0.00025,1.0
12,P9A,0.00125,2.3766797581734052e-07,0.00025,1.0
12,P9A,0.0015,3.084548267850929e-07,0.00025,1.0
12,P9A,0.00175,3.963076303463573e-07,0.00025,1.0
12,P9A,0.002,4.6933259831453545e-07,0.00025,1.0
12,P9A,0.0022500000000000003,4.894384604852863e-07,0.0002500000000000002,1.0000000000000009
12,P9A,0.0025,4.8700749601823e-07,0.0002499999999999998,0.9999999999999991
12,P9A,0.00275,4.952122775869968e-07,0.0002499999999999998,0.9999999999999991
12,P9A,0.003,4.955345783549961e-07,0.0002500000000000002,1.0000000000000009
12,P9A,0.0032500000000000003,4.929314409015577e-07,0.0002500000000000002,1.0000000000000009
12,P9A,0.0035,4.94695927728652e-07,0.0002499999999999998,0.9999999999999991
12,P9A,0.00375,4.981530766769531e-07,0.0002499999999999998,0.9999999999999991
12,P9A,0.004,4.973949924841363e-07,0.0002500000000000002,1.0000000000000009
12,P9A,0.00425,4.980510090694352e-07,0.0002500000000000002,1.0000000000000009
12,P9A,0.0045000000000000005,4.983626708403515e-07,0.0002500000000000002,1.0000000000000009
12,P9A,0.00475,4.994352314255313e-07,0.00024999999999999935,0.9999999999999974
12,P9A,0.005,4.945205882608662e-07,0.0002500000000000002,1.0000000000000009
12,P9A,0.00525,4.970177568609715e-07,0.0002500000000000002,1.0000000000000009
12,P9A,0.0055,4.959105385365064e-07,0.00024999999999999935,0.9999999999999974
12,P9A,0.00575,4.943974777298712e-07,0.0002500000000000002,1.0000000000000009
12,P9A,0.006,4.909356072443053e-07,0.0002500000000000002,1.0000000000000009
12,P9A,0.00625,4.915139484648895e-07,0.0002500000000000002,1.0000000000000009
12,P9A,0.006500000000000001,5.291823180901627e-07,0.0002500000000000002,1.0000000000000009
12,P9A,0.00675,4.741953991588741e-07,0.00024999999999999935,0.9999999999999974
12,P9A,0.007,5.269282511049539e-07,0.0002500000000000002,1.0000000000000009
12,P9A,0.00725,5.511894077074013e-07,0.0002500000000000002,1.0000000000000009
12,P9A,0.0075,5.190536448206084e-07,0.00024999999999999935,0.9999999999999974
12,P9A,0.00775,4.403793558770293e-07,0.0002500000000000002,1.0000000000000009
12,P9A,0.008,3.8110062945877173e-07,0.0002500000000000002,1.0000000000000009
12,P9A,0.00825,3.411877086197374e-07,0.0002500000000000002,1.0000000000000009
12,P9A,0.0085,3.3261053280499876e-07,0.0002500000000000002,1.0000000000000009
12,P9A,0.00875,3.1838631388077763e-07,0.0002500000000000002,1.0000000000000009
12,P9A,0.009000000000000001,2.84510854231607e-07,0.0002500000000000002,1.0000000000000009
12,P9A,0.00925,2.56099155732382e-07,0.0002499999999999985,0.9999999999999939
12,P9A,0.0095,2.9724314763862733e-07,0.0002500000000000002,1.0000000000000009
12,P9A,0.00975,2.983832626095093e-07,0.0002500000000000002,1.0000000000000009
12,P9A,0.01,3.1067346921226963e-07,0.0002500000000000002,1.0000000000000009
12,P9A,0.01025,2.8809888775706045e-07,0.0002500000000000002,1.0000000000000009
12,P9A,0.0105,2.5695027230041084e-07,0.0002500000000000002,1.0000000000000009
12,P9A,0.010750000000000001,2.4880532492906316e-07,0.0002500000000000002,1.0000000000000009
12,P9A,0.011,2.3489489920526927e-07,0.0002499999999999985,0.9999999999999939
12,P9A,0.01125,2.0809743111140094e-07,0.0002500000000000002,1.0000000000000009
12,P9A,0.0115,2.2075606104072776e-07,0.0002500000000000002,1.0000000000000009
12,P9A,0.01175,2.368954647981635e-07,0.0002500000000000002,1.0000000000000009
12,P9A,0.012,2.171714021379537e-07,0.0002500000000000002,1.0000000000000009
12,P9A,0.01225,2.2593422424530056e-07,0.0002500000000000002,1.0000000000000009
12,P9A,0.0125,2.2540089419449656e-07,0.0002500000000000002,1.0000000000000009
12,P9A,0.012750000000000001,2.0749516833020936e-07,0.0002500000000000002,1.0000000000000009
12,P9A,0.013000000000000001,2.0352835907182792e-07,0.0002500000000000002,1.0000000000000009
12,P9A,0.01325,2.1850481498223587e-07,0.0002499999999999985,0.9999999999999939
12,P9A,0.0135,2.1246840643151647e-07,0.0002500000000000002,1.0000000000000009
12,P9A,0.01375,2.1515410844915022e-07,0.0002500000000000002,1.0000000000000009
12,P9A,0.014,2.2048552027281913e-07,0.0002500000000000002,1.0000000000000009
12,P9A,0.01425,2.33411237700652e-07,0.0002500000000000002,1.0000000000000009
12,P9A,0.0145,2.341588090375864e-07,0.0002500000000000002,1.0000000000000009
12,P9A,0.014750000000000001,2.4254429891879233e-07,0.0002500000000000002,1.0000000000000009
12,P9A,0.015,2.2975618302214317e-07,0.0002499999999999985,0.9999999999999939
12,P9A,0.01525,2.0351272075965511e-07,0.0002500000000000002,1.0000000000000009
12,P9A,0.0155,2.1455786888314708e-07,0.0002500000000000002,1.0000000000000009
12,P9A,0.01575,1.9902763653922208e-07,0.0002500000000000002,1.0000000000000009
12,P9A,0.016,2.0155440655555075e-07,0.0002500000000000002,1.0000000000000009
12,P9A,0.01625,2.245988210297021e-07,0.0002500000000000002,1.0000000000000009
12,P9A,0.0165,2.0201196463948507e-07,0.0002500000000000002,1.0000000000000009
12,P9A,0.01675,1.6987051774549063e-07,0.0002500000000000002,1.0000000000000009
12,P9A,0.017,1.6667062541277783e-07,0.0002500000000000002,1.0000000000000009
12,P9A,0.01725,1.5277334534581186e-07,0.0002500000000000002,1.0000000000000009
12,P9A,0.0175,1.4435158150853053e-07,0.0002500000000000002,1.0000000000000009
12,P9A,0.017750000000000002,1.6749350137402314e-07,0.0002500000000000002,1.0000000000000009
12,P9A,0.018000000000000002,1.6515561000287365e-07,0.0002500000000000002,1.0000000000000009
12,P9A,0.01825,1.322386662827358e-07,0.00024999999999999675,0.999999999999987
12,P9A,0.0185,1.1616501230113145e-07,0.0002500000000000002,1.0000000000000009
12,P9A,0.01875,1.2660816600840702e-07,0.0002500000000000002,1.0000000000000009
12,P9A,0.019,9.844442661452243e-08,0.0002500000000000002,1.0000000000000009
12,P9A,0.01925,6.504391441439372e-08,0.0002500000000000002,1.0000000000000009
12,P9A,0.0195,9.221469093510977e-08,0.0002500000000000002,1.0000000000000009
12,P9A,0.01975,8.291191866377795e-08,0.0002500000000000002,1.0000000000000009
12,P9A,0.02,7.007761946691752e-08,0.0002500000000000002,1.0000000000000009
12,P9A,0.020125,6.873407029368097e-08,0.0001250000000000001,0.5000000000000004
12,P9A,0.02025,5.2789594519723575e-08,0.0001250000000000001,0.5000000000000004
12,P9A,0.020375,3.635643984527968e-08,0.0001250000000000001,0.5000000000000004
12,P9A,0.0205,2.8029856072905943e-08,0.0001250000000000001,0.5000000000000004
12,P9A,0.020625,9.5449786621136e-09,0.0001250000000000001,0.5000000000000004
12,P9A,0.02075,1.706205034628013e-08,0.0001250000000000001,0.5000000000000004
12,P9A,0.020875,2.023019247721912e-08,0.0001250000000000001,0.5000000000000004
12,P9A,0.021,1.4681383647741344e-08,0.0001250000000000001,0.5000000000000004
12,P9A,0.021125,4.8203117828350176e-09,0.0001250000000000001,0.5000000000000004
12,P9A,0.0211875,4.668294895021015e-09,6.250000000000006e-05,0.2500000000000002
12,P9A,0.02125,3.882242145955613e-09,6.250000000000006e-05,0.2500000000000002
12,P9A,0.021375,3.4634425841199977e-09,0.0001250000000000001,0.5000000000000004
12,P9A,0.021500000000000002,1.5221422775452006e-08,0.0001250000000000001,0.5000000000000004
12,P9A,0.021625000000000002,5.741759697802064e-09,0.0001250000000000001,0.5000000000000004
12,P9A,0.021750000000000002,1.8271427388570378e-08,0.0001250000000000001,0.5000000000000004
12,P9A,0.021875,8.685540888486018e-09,0.00012499999999999664,0.49999999999998657
12,P9A,0.0219375,5.888546523492957e-09,6.250000000000006e-05,0.2500000000000002
12,P9A,0.022,1.6093363267781548e-09,6.250000000000006e-05,0.2500000000000002
12,P9A,0.02203125,1.578039786948258e-09,3.125000000000003e-05,0.1250000000000001
12,P9A,0.0220625,2.2980594758977905e-09,3.125000000000003e-05,0.1250000000000001
12,P9A,0.022125,2.304036344422689e-09,6.250000000000006e-05,0.2500000000000002
12,P9A,0.0221875,6.47669303016192e-10,6.250000000000006e-05,0.2500000000000002
12,P9A,0.02221875,6.459588202404902e-10,3.125000000000003e-05,0.1250000000000001
12,P9A,0.022234375,6.453372033246603e-10,1.562500000000175e-05,0.062500000000007
12,P9A,0.0222421875,4.659231753082143e-10,7.81249999999914e-06,0.03124999999999656
12,P9A,0.02225,4.589329189299248e-10,7.81249999999914e-06,0.03124999999999656
12,P9A,0.022265624999999997,4.4498481752484835e-10,1.562499999999828e-05,0.06249999999999312
12,P9A,0.02228125,8.000670255649664e-10,1.562500000000175e-05,0.062500000000007
12,P9A,0.0223125,1.8122578589101098e-09,3.125000000000003e-05,0.1250000000000001
12,P9A,0.02234375,1.4004243564577157e-09,3.125000000000003e-05,0.1250000000000001
12,P9A,0.022375,1.3514953728847188e-09,3.125000000000003e-05,0.1250000000000001
12,P9A,0.0224375,1.2564532333179135e-09,6.250000000000006e-05,0.2500000000000002
12,P9A,0.02246875,1.375863538621312e-09,3.125000000000003e-05,0.1250000000000001
12,P9A,0.0225,2.661835864770111e-09,3.125000000000003e-05,0.1250000000000001
12,P9A,0.0225625,1.6306623897681458e-09,6.250000000000006e-05,0.2500000000000002
12,P9A,0.02259375,1.5890872239601346e-09,3.125000000000003e-05,0.1250000000000001
12,P9A,0.022625,2.9424576514435194e-09,3.125000000000003e-05,0.1250000000000001
12,P9A,0.0226875,2.1110464179783977e-09,6.250000000000006e-05,0.2500000000000002
12,P9A,0.02275,2.038979535885377e-09,6.250000000000006e-05,0.2500000000000002
12,P9A,0.0228125,1.964406125157097e-09,6.250000000000006e-05,0.2500000000000002
12,P9A,0.022875,6.629031291962064e-09,6.250000000000006e-05,0.2500000000000002
12,P9A,0.023,2.930544115662342e-09,0.0001250000000000001,0.5000000000000004
12,P9A,0.0230625,2.890483487147962e-09,6.250000000000006e-05,0.2500000000000002
12,P9A,0.023125,3.5511289489133907e-09,6.250000000000006e-05,0.2500000000000002
12,P9A,0.0231875,3.5437845287620085e-09,6.250000000000006e-05,0.2500000000000002
12,P9A,0.02321875,1.7889355152052068e-09,3.125000000000003e-05,0.1250000000000001
12,P9A,0.02325,1.941768627526452e-09,3.125000000000003e-05,0.1250000000000001
12,P9A,0.023375,4.835890631191212e-09,0.0001250000000000001,0.5000000000000004
12,P9A,0.0234375,7.158773223745136e-09,6.250000000000006e-05,0.2500000000000002
12,P9A,0.0235,3.36285350034566e-09,6.250000000000006e-05,0.2500000000000002
12,P9A,0.02353125,3.3286777120350865e-09,3.125000000000003e-05,0.1250000000000001
12,P9A,0.0235625,4.312423591774602e-09,3.125000000000003e-05,0.1250000000000001
12,P9A,0.023625,3.697229033809649e-09,6.250000000000006e-05,0.2500000000000002
12,P9A,0.02375,5.370588115292151e-09,0.0001250000000000001,0.5000000000000004
12,P9A,0.0238125,3.03549780857709e-09,6.250000000000006e-05,0.2500000000000002
12,P9A,0.023875,2.9885331226416547e-09,6.250000000000006e-05,0.2500000000000002
12,P9A,0.0239375,2.6400560680804436e-09,6.250000000000006e-05,0.2500000000000002
12,P9A,0.02396875,1.0009339802098298e-09,3.125000000000003e-05,0.1250000000000001
12,P9A,0.024,9.692061045408173e-10,3.125000000000003e-05,0.1250000000000001
12,P9A,0.02403125,9.379970192589734e-10,3.125000000000003e-05,0.1250000000000001
12,P9A,0.0240625,3.3414925409431186e-09,3.125000000000003e-05,0.1250000000000001
12,P9A,0.024125,2.5800587465723024e-09,6.250000000000006e-05,0.2500000000000002
12,P9A,0.0241875,2.480298319834155e-09,6.250000000000006e-05,0.2500000000000002
12,P9A,0.02425,8.527645411068222e-09,6.250000000000006e-05,0.2500000000000002
12,P9A,0.0243125,1.1989775255355804e-09,6.250000000000006e-05,0.2500000000000002
12,P9A,0.024375,9.854203956672618e-09,6.250000000000006e-05,0.2500000000000002
12,P9A,0.0245,1.5634663993787976e-08,0.0001250000000000001,0.5000000000000004
12,P9A,0.0245625,2.1671485775841825e-08,6.250000000000006e-05,0.2500000000000002
12,P9A,0.024625,2.4599395187723903e-08,6.250000000000006e-05,0.2500000000000002
12,P9A,0.02475,2.2970826430129705e-08,0.0001250000000000001,0.5000000000000004
12,P9A,0.0248125,1.0463257063024125e-08,6.250000000000006e-05,0.2500000000000002
12,P9A,0.024875,1.0217647942390038e-08,6.250000000000006e-05,0.2500000000000002
12,P9A,0.0249375,9.15662988054062e-09,6.250000000000006e-05,0.2500000000000002
12,P9A,0.025,1.3688151236143488e-08,6.250000000000006e-05,0.2500000000000002
12,P9A,0.025125,2.891378747410999e-08,0.0001250000000000001,0.5000000000000004
12,P9A,0.02525,4.2781897204891085e-08,0.0001250000000000001,0.5000000000000004
12,P9A,0.025375,4.144770353761119e-08,0.0001250000000000001,0.5000000000000004
12,P9A,0.025500000000000002,1.5444364761594775e-08,0.0001250000000000001,0.5000000000000004
12,P9A,0.025562500000000002,1.5331109757485797e-08,6.250000000000006e-05,0.2500000000000002
12,P9A,0.025593750000000002,7.72438117709767e-09,3.125000000000003e-05,0.1250000000000001
12,P9A,0.025625000000000002,7.240383321031107e-09,3.125000000000003e-05,0.1250000000000001
12,P9A,0.025687500000000002,6.0745281002789666e-09,6.250000000000006e-05,0.2500000000000002
12,P9A,0.025718750000000002,2.930742392939084e-09,3.125000000000003e-05,0.1250000000000001
12,P9A,0.025750000000000002,2.728252683198169e-09,3.125000000000003e-05,0.1250000000000001
12,P9A,0.025781250000000002,2.8684323389106865e-09,3.125000000000003e-05,0.1250000000000001
12,P9A,0.025812500000000002,1.7003822955113418e-09,3.125000000000003e-05,0.1250000000000001
12,P9A,0.025875000000000002,5.341369401840002e-09,6.250000000000006e-05,0.2500000000000002
12,P9A,0.026000000000000002,4.737715462369521e-10,0.0001250000000000001,0.5000000000000004
12,P9A,0.026031250000000002,3.9010756292917755e-10,3.125000000000003e-05,0.1250000000000001
12,P9A,0.026046875000000004,3.733893514455096e-10,1.562500000000175e-05,0.062500000000007
12,P9A,0.026062500000000002,7.66161134418267e-10,1.562499999999828e-05,0.06249999999999312
12,P9A,0.026125000000000002,6.669371389192772e-09,6.250000000000006e-05,0.2500000000000002
12,P9A,0.02625,3.884962095198666e-09,0.00012499999999999664,0.49999999999998657
12,P9A,0.0263125,1.8065702300145674e-11,6.250000000000006e-05,0.2500000000000002
12,P9A,0.026328125,3.1581706726510042e-12,1.562500000000175e-05,0.062500000000007
12,P9A,0.026330078125,1.3466676113084146e-12,1.9531249999989175e-06,0.00781249999999567
12,P9A,0.0263310546875,4.441164587324717e-13,9.765625000011935e-07,0.003906250000004774
12,P9A,0.026331298828125002,2.1887790845086687e-13,2.4414062500116573e-07,0.000976562500004663
12,P9A,0.0263314208984375,1.0630850094546595e-13,1.2207031249711342e-07,0.0004882812499884537
12,P9A,0.026331481933593748,5.003626255313375e-14,6.103515624855671e-08,0.00024414062499422684
12,P9A,0.026331512451171872,2.1903247785658902e-14,3.0517578124278355e-08,0.00012207031249711342
12,P9A,0.026331527709960938,7.837526448496529e-15,1.5258789065608624e-08,6.10351562624345e-05
12,P9A,0.02633153533935547,8.048488449110676e-16,7.629394532804312e-09,3.051757813121725e-05
12,P9A,0.02633153581619263,3.6530724907569495e-16,4.76837160034993e-10,1.907348640139972e-06
12,P9A,0.026331536054611207,1.4554338624026425e-16,2.3841857654804954e-10,9.536743061921982e-07
12,P9A,0.026331536173820495,3.566817814656773e-17,1.1920928827402477e-10,4.768371530960991e-07
12,P9A,0.026331536233425143,-1.9276096284740155e-17,5.960464760645934e-11,2.3841859042583735e-07
12,P9A,0.026331536293029787,-1.9276308042976968e-17,5.960464413701239e-11,2.3841857654804954e-07
12,P9A,0.026331537246704104,-1.92627555158209e-17,9.53674316600539e-10,3.814697266402156e-06
12,P9A,0.026331539154052737,-1.9262543757584086e-17,1.907348633201078e-09,7.629394532804312e-06
12,P9A,0.02633154296875,-1.9262543757584086e-17,3.814697262932709e-09,1.5258789051730837e-05
12,P9A,0.02633203125,-1.92627555158209e-17,4.88281249998862e-07,0.001953124999995448
12,P9A,0.0263359375,-1.92627555158209e-17,3.9062500000013045e-06,0.015625000000005218
12,P9A,0.02634375,-1.92627555158209e-17,7.81249999999914e-06,0.03124999999999656
12,P9A,0.026375,-1.924920298866483e-17,3.125000000000003e-05,0.1250000000000001
12,P9A,0.02640625,-1.92627555158209e-17,3.125000000000003e-05,0.1250000000000001
12,P9A,0.026421874999999997,-1.92627555158209e-17,1.562499999999828e-05,0.06249999999999312
12,P9A,0.0264296875,-1.9249308867783238e-17,7.812500000002609e-06,0.031250000000010436
12,P9A,0.026431640625,-1.924920298866483e-17,1.9531249999989175e-06,0.00781249999999567
12,P9A,0.0264326171875,-1.9235650461508762e-17,9.765625000011935e-07,0.003906250000004774
12,P9A,0.026432861328125,-1.924920298866483e-17,2.4414062500116573e-07,0.000976562500004663
12,P9A,0.0264329833984375,-1.924920298866483e-17,1.2207031249711342e-07,0.0004882812499884537
12,P9A,0.026433044433593747,-1.924920298866483e-17,6.103515624855671e-08,0.00024414062499422684
12,P9A,0.02643305206298828,-1.9248991230428017e-17,7.629394532804312e-09,3.051757813121725e-05
12,P9A,0.02643305969238281,1.0815111678372316e-16,7.629394529334865e-09,3.051757811733946e-05
12,P9A,0.0264330598115921,1.783252301358915e-17,1.1920929174347172e-10,4.768371669738869e-07
12,P9A,0.02643305993080139,1.7867886639137017e-17,1.1920928827402477e-10,4.768371530960991e-07
12,P9A,0.026433060169219966,1.7980012625529805e-17,2.3841857654804954e-10,9.536743061921982e-07
12,P9A,0.026433060646057126,1.8410199483616583e-17,4.76837160034993e-10,1.907348640139972e-06
12,P9A,0.02643306159973144,2.014852284961922e-17,9.53674313131092e-10,3.8146972525243683e-06
12,P9A,0.02643306162953376,-2.42172882115568e-18,2.980232033378272e-11,1.1920928133513087e-07
12,P9A,0.026433061659336083,-2.417176019064188e-18,2.980232380322967e-11,1.1920929521291868e-07
12,P9A,0.026433061718940727,-2.411246788433408e-18,5.960464413701239e-11,2.3841857654804954e-07
12,P9A,0.02643306183815002,-2.385835800015779e-18,1.1920929174347172e-10,4.768371669738869e-07
12,P9A,0.0264330620765686,-2.266615912689736e-18,2.384185800174965e-10,9.53674320069986e-07
12,P9A,0.026433062553405755,-1.835687900774111e-18,4.76837156565546e-10,1.9073486262621842e-06
12,P9A,0.026433063507080072,-9.577634799537114e-20,9.53674316600539e-10,3.814697266402156e-06
12,P9A,0.02643306732177734,2.776398432014582e-17,3.814697266402156e-09,1.5258789065608624e-05
12,P9A,0.026433067381381983,-1.7367836933694623e-17,5.960464413701239e-11,2.3841857654804954e-07
12,P9A,0.026433067440986627,-1.7370166274299572e-17,5.960464413701239e-11,2.3841857654804954e-07
12,P9A,0.02643306756019592,-1.7347614022078927e-17,1.1920929174347172e-10,4.768371669738869e-07
12,P9A,0.0264330677986145,-1.723379396979163e-17,2.384185800174965e-10,9.53674320069986e-07
12,P9A,0.026433068275451655,-1.6786984090114986e-17,4.76837156565546e-10,1.9073486262621842e-06
12,P9A,0.02643306922912597,-1.5042519735244755e-17,9.53674316600539e-10,3.814697266402156e-06
12,P9A,0.026433071136474605,-8.082555886774576e-18,1.907348633201078e-09,7.629394532804312e-06
12,P9A,0.02643307495117187,1.977508719899848e-17,3.814697266402156e-09,1.5258789065608624e-05
12,P9A,0.02643310546875,1.8029961757246794e-15,3.05175781277478e-08,0.0001220703125109912
12,P9A,0.02643310737609863,3.680442242865104e-16,1.907348629731631e-09,7.6293945189265244e-06
12,P9A,0.02643310785293579,8.037645769777234e-18,4.76837160034993e-10,1.907348640139972e-06
12,P9A,0.026433108329772945,8.460844606049164e-18,4.76837156565546e-10,1.9073486262621842e-06
12,P9A,0.026433109283447262,1.0212191103615837e-17,9.53674316600539e-10,3.814697266402156e-06
12,P9A,0.02643311309814453,3.807819863974303e-17,3.814697266402156e-09,1.5258789065608624e-05
12,P9A,0.026433113157749173,-6.970189868792866e-18,5.960464413701239e-11,2.3841857654804954e-07
12,P9A,0.026433113217353817,-6.956425583399984e-18,5.960464413701239e-11,2.3841857654804954e-07
12,P9A,0.02643311333656311,-6.928897012614219e-18,1.1920929174347172e-10,4.768371669738869e-07
12,P9A,0.02643311357498169,-6.8188886085895665e-18,2.384185800174965e-10,9.53674320069986e-07
12,P9A,0.026433114051818845,-6.3932545525942806e-18,4.76837156565546e-10,1.9073486262621842e-06
12,P9A,0.02643311500549316,-4.6500607471449305e-18,9.53674316600539e-10,3.814697266402156e-06
12,P9A,0.026433116912841795,2.3069384860098586e-18,1.907348633201078e-09,7.629394532804312e-06
12,P9A,0.02643312072753906,3.018660442841153e-17,3.814697266402156e-09,1.5258789065608624e-05
12,P9A,0.026433120787143705,-1.4840820014679825e-17,5.960464413701239e-11,2.3841857654804954e-07
12,P9A,0.02643312084674835,-1.4833514355509756e-17,5.960464413701239e-11,2.3841857654804954e-07
12,P9A,0.02643312096595764,-1.4818479520695992e-17,1.1920929174347172e-10,4.768371669738869e-07
12,P9A,0.02643312120437622,-1.4706882929895238e-17,2.384185800174965e-10,9.53674320069986e-07
12,P9A,0.026433121681213378,-1.4264308214954866e-17,4.76837156565546e-10,1.9073486262621842e-06
12,P9A,0.026433122634887694,-1.2527890673083551e-17,9.53674316600539e-10,3.814697266402156e-06
12,P9A,0.026433124542236328,-5.557127154535879e-18,1.907348633201078e-09,7.629394532804312e-06
12,P9A,0.026433128356933594,2.2309833293656975e-17,3.814697266402156e-09,1.5258789065608624e-05
12,P9A,0.026433128386735914,-2.0186722463897226e-19,2.980232033378272e-11,1.1920928133513087e-07
12,P9A,0.026433128416538238,-1.9286749957439532e-19,2.980232380322967e-11,1.1920929521291868e-07
12,P9A,0.026433128476142882,-1.7825618123425863e-19,5.960464413701239e-11,2.3841857654804954e-07
12,P9A,0.026433128595352174,-1.4903354455398527e-19,1.1920929174347172e-10,4.768371669738869e-07
12,P9A,0.026433128833770754,-3.5637008740315815e-20,2.384185800174965e-10,9.53674320069986e-07
12,P9A,0.02643312931060791,3.969850690698181e-19,4.76837156565546e-10,1.9073486262621842e-06
12,P9A,0.026433130264282227,2.1404965118743885e-18,9.53674316600539e-10,3.814697266402156e-06
12,P9A,0.02643313217163086,9.098342777976432e-18,1.907348633201078e-09,7.629394532804312e-06
12,P9A,0.026433135986328127,3.696646789647176e-17,3.814697266402156e-09,1.5258789065608624e-05
12,P9A,0.02643313604593277,-8.019346053085724e-18,5.960464413701239e-11,2.3841857654804954e-07
12,P9A,0.026433136105537415,-8.011299240086808e-18,5.960464413701239e-11,2.3841857654804954e-07
12,P9A,0.026433136224746707,-7.98122957045928e-18,1.1920929174347172e-10,4.768371669738869e-07
12,P9A,0.026433136463165287,-7.879479737670357e-18,2.384185800174965e-10,9.53674320069986e-07
12,P9A,0.026433136940002443,-7.4433636489528e-18,4.76837156565546e-10,1.9073486262621842e-06
12,P9A,0.02643313789367676,-5.706310832371043e-18,9.53674316600539e-10,3.814697266402156e-06
12,P9A,0.026433139801025393,1.2659349938343234e-18,1.907348633201078e-09,7.629394532804312e-06
12,P9A,0.02643314361572266,2.913543654086894e-17,3.814697266402156e-09,1.5258789065608624e-05
12,P9A,0.026433143675327304,-1.5829519222362407e-17,5.960464413701239e-11,2.3841857654804954e-07
12,P9A,0.026433143734931948,-1.5814166750193423e-17,5.960464413701239e-11,2.3841857654804954e-07
12,P9A,0.02643314385414124,-1.578293241026342e-17,1.1920929174347172e-10,4.768371669738869e-07
12,P9A,0.02643314409255982,-1.5679700269816802e-17,2.384185800174965e-10,9.53674320069986e-07
12,P9A,0.026433144569396976,-1.52397725328366e-17,4.76837156565546e-10,1.9073486262621842e-06
12,P9A,0.026433145523071293,-1.3495625815321589e-17,9.53674316600539e-10,3.814697266402156e-06
12,P9A,0.026433147430419926,-6.522638835287375e-18,1.907348633201078e-09,7.629394532804312e-06
12,P9A,0.02643315124511719,2.1335533646077716e-17,3.814697262932709e-09,1.5258789051730837e-05
12,P9A,0.026433151274919513,-1.1382621478286013e-18,2.980232380322967e-11,1.1920929521291868e-07
12,P9A,0.026433151304721833,-1.1456736861170764e-18,2.980232033378272e-11,1.1920928133513087e-07
12,P9A,0.02643315136432648,-1.1364622028156859e-18,5.960464760645934e-11,2.3841859042583735e-07
12,P9A,0.02643315148353577,-1.104486709056836e-18,1.1920928827402477e-10,4.768371530960991e-07
12,P9A,0.026433151721954345,-9.857962173228272e-19,2.3841857654804954e-10,9.536743061921982e-07
12,P9A,0.026433152198791506,-5.557152383544562e-19,4.76837160034993e-10,1.907348640139972e-06
12,P9A,0.02643315315246582,1.1822904902929613e-18,9.53674313131092e-10,3.8146972525243683e-06
12,P9A,0.026433155059814452,8.142995492591988e-18,1.907348633201078e-09,7.629394532804312e-06
12,P9A,0.026433158874511718,3.600339143544362e-17,3.814697266402156e-09,1.5258789065608624e-05
12,P9A,0.026433158934116362,-8.906507186216196e-18,5.960464413701239e-11,2.3841857654804954e-07
12,P9A,0.026433158993721007,-8.903542570900806e-18,5.960464413701239e-11,2.3841857654804954e-07
12,P9A,0.0264331591129303,-8.870720044194702e-18,1.1920929174347172e-10,4.768371669738869e-07
12,P9A,0.02643315935134888,-8.76367625548544e-18,2.384185800174965e-10,9.53674320069986e-07
12,P9A,0.026433159828186035,-8.329783628254425e-18,4.76837156565546e-10,1.9073486262621842e-06
12,P9A,0.02643316078186035,-6.584578119555346e-18,9.53674316600539e-10,3.814697266402156e-06
12,P9A,0.026433162689208985,3.773974321645624e-19,1.907348633201078e-09,7.629394532804312e-06
12,P9A,0.02643316650390625,2.824065211121318e-17,3.814697266402156e-09,1.5258789065608624e-05
12,P9A,0.026433166563510895,-1.666194085127657e-17,5.960464413701239e-11,2.3841857654804954e-07
12,P9A,0.02643316662311554,-1.6665434862183994e-17,5.960464413701239e-11,2.3841857654804954e-07
12,P9A,0.02643316674232483,-1.6631553544293822e-17,1.1920929174347172e-10,4.768371669738869e-07
12,P9A,0.02643316698074341,-1.6522603931453238e-17,2.384185800174965e-10,9.53674320069986e-07
12,P9A,0.026433167457580568,-1.6098769820470867e-17,4.76837156565546e-10,1.9073486262621842e-06
12,P9A,0.026433168411254884,-1.4345835136128093e-17,9.53674316600539e-10,3.814697266402156e-06
12,P9A,0.026433170318603517,-7.38237727675049e-18,1.907348633201078e-09,7.629394532804312e-06
12,P9A,0.026433174133300784,2.048405377585033e-17,3.814697266402156e-09,1.5258789065608624e-05
12,P9A,0.026433174163103104,-1.9653898208224256e-18,2.980232033378272e-11,1.1920928133513087e-07
12,P9A,0.026433174192905428,-1.9617899307965948e-18,2.980232380322967e-11,1.1920929521291868e-07
12,P9A,0.026433174252510072,-1.9580841616523572e-18,5.960464413701239e-11,2.3841857654804954e-07
12,P9A,0.026433174371719364,-1.923355810814931e-18,1.1920929174347172e-10,4.768371669738869e-07
12,P9A,0.026433174610137944,-1.8122886156062108e-18,2.384185800174965e-10,9.53674320069986e-07
12,P9A,0.0264331750869751,-1.3848546145980095e-18,4.76837156565546e-10,1.9073486262621842e-06
12,P9A,0.026433176040649417,3.62150839113985e-19,9.53674316600539e-10,3.814697266402156e-06
12,P9A,0.02643317794799805,7.327408643504503e-18,1.907348633201078e-09,7.629394532804312e-06
12,P9A,0.026433181762695313,3.518399293809349e-17,3.814697262932709e-09,1.5258789051730837e-05
12,P9A,0.026433181822299957,-9.690647937136865e-18,5.960464413701239e-11,2.3841857654804954e-07
12,P9A,0.026433181881904605,-9.679848267059373e-18,5.960464760645934e-11,2.3841859042583735e-07
12,P9A,0.026433182001113893,-9.643849366801065e-18,1.1920928827402477e-10,4.768371530960991e-07
12,P9A,0.02643318223953247,-9.544746511972312e-18,2.3841857654804954e-10,9.536743061921982e-07
12,P9A,0.02643318271636963,-9.099630698190177e-18,4.76837160034993e-10,1.907348640139972e-06
12,P9A,0.026433183670043943,-7.358448595990556e-18,9.53674313131092e-10,3.8146972525243683e-06
12,P9A,0.026433185577392576,-3.9128496746871517e-19,1.907348633201078e-09,7.629394532804312e-06
12,P9A,0.026433189392089843,2.7455770206463663e-17,3.814697266402156e-09,1.5258789065608624e-05
12,P9A1,0.0,1.0069359444963763e-07,0.0,0.0
12,P9A1,0.000125,1.0721106165394738e-07,0.000125,0.5
12,P9A1,0.00025,1.47692181384589e-07,0.000125,0.5
12,P9A1,0.0005,2.5734971046110845e-07,0.00025,1.0
12,P9A1,0.00075,3.1457070923376333e-07,0.00025,1.0
12,P9A1,0.001,3.28941178707808e-07,0.00025,1.0
12,P9A1,0.00125,3.2823126601054435e-07,0.00025,1.0
12,P9A1,0.0015,3.3728578202776e-07,0.00025,1.0
12,P9A1,0.00175,3.4362218352434996e-07,0.00025,1.0
12,P9A1,0.002,3.443102654733213e-07,0.00025,1.0
12,P9A1,0.0022500000000000003,3.476464822766067e-07,0.0002500000000000002,1.0000000000000009
12,P9A1,0.0025,3.4399418109414636e-07,0.0002499999999999998,0.9999999999999991
12,P9A1,0.00275,3.48066503483632e-07,0.0002499999999999998,0.9999999999999991
12,P9A1,0.003,3.492857597797955e-07,0.0002500000000000002,1.0000000000000009
12,P9A1,0.0032500000000000003,3.5252376632189474e-07,0.0002500000000000002,1.0000000000000009
12,P9A1,0.0035,3.544031427483003e-07,0.0002499999999999998,0.9999999999999991
12,P9A1,0.00375,3.5415383437356113e-07,0.0002499999999999998,0.9999999999999991
12,P9A1,0.004,3.5654214835469997e-07,0.0002500000000000002,1.0000000000000009
12,P9A1,0.00425,3.549597055896463e-07,0.0002500000000000002,1.0000000000000009
12,P9A1,0.0045000000000000005,3.5919791640099905e-07,0.0002500000000000002,1.0000000000000009
12,P9A1,0.00475,3.551991314911426e-07,0.00024999999999999935,0.9999999999999974
12,P9A1,0.005,3.620116237734939e-07,0.0002500000000000002,1.0000000000000009
12,P9A1,0.00525,3.584456784400153e-07,0.0002500000000000002,1.0000000000000009
12,P9A1,0.0055,3.5737655417809713e-07,0.00024999999999999935,0.9999999999999974
12,P9A1,0.00575,3.8698760549337874e-07,0.0002500000000000002,1.0000000000000009
12,P9A1,0.006,3.6105207323395333e-07,0.0002500000000000002,1.0000000000000009
12,P9A1,0.00625,3.411800799156477e-07,0.0002500000000000002,1.0000000000000009
12,P9A1,0.006500000000000001,4.021513944534146e-07,0.0002500000000000002,1.0000000000000009
12,P9A1,0.00675,4.176319432020234e-07,0.00024999999999999935,0.9999999999999974
12,P9A1,0.007,3.778420283901986e-07,0.0002500000000000002,1.0000000000000009
12,P9A1,0.00725,3.12926078723058e-07,0.0002500000000000002,1.0000000000000009
12,P9A1,0.0075,2.654571471723371e-07,0.00024999999999999935,0.9999999999999974
12,P9A1,0.00775,2.1862534267435944e-07,0.0002500000000000002,1.0000000000000009
12,P9A1,0.008,2.014046803124377e-07,0.0002500000000000002,1.0000000000000009
12,P9A1,0.00825,1.9760638343412433e-07,0.0002500000000000002,1.0000000000000009
12,P9A1,0.0085,1.714146528780979e-07,0.0002500000000000002,1.0000000000000009
12,P9A1,0.00875,1.4657019870356584e-07,0.0002500000000000002,1.0000000000000009
12,P9A1,0.009000000000000001,1.6224233379489393e-07,0.0002500000000000002,1.0000000000000009
12,P9A1,0.00925,1.8475473683783585e-07,0.0002499999999999985,0.9999999999999939
12,P9A1,0.0095,1.8623702939085004e-07,0.0002500000000000002,1.0000000000000009
12,P9A1,0.00975,1.845217978216439e-07,0.0002500000000000002,1.0000000000000009
12,P9A1,0.01,1.539103833205098e-07,0.0002500000000000002,1.0000000000000009
12,P9A1,0.01025,1.4099505075624e-07,0.0002500000000000002,1.0000000000000009
12,P9A1,0.0105,1.319107647852368e-07,0.0002500000000000002,1.0000000000000009
12,P9A1,0.010750000000000001,1.052547824116651e-07,0.0002500000000000002,1.0000000000000009
12,P9A1,0.011,1.0662519250722039e-07,0.0002499999999999985,0.9999999999999939
12,P9A1,0.01125,1.2223864664299724e-07,0.0002500000000000002,1.0000000000000009
12,P9A1,0.0115,1.1278159519981664e-07,0.0002500000000000002,1.0000000000000009
12,P9A1,0.01175,1.20254616050664e-07,0.0002500000000000002,1.0000000000000009
12,P9A1,0.012,1.292153008133412e-07,0.0002500000000000002,1.0000000000000009
12,P9A1,0.01225,1.1076425723106989e-07,0.0002500000000000002,1.0000000000000009
12,P9A1,0.0125,1.0961455112944216e-07,0.0002500000000000002,1.0000000000000009
12,P9A1,0.012750000000000001,1.0846754085808527e-07,0.0002500000000000002,1.0000000000000009
12,P9A1,0.013000000000000001,1.0659965681238932e-07,0.0002500000000000002,1.0000000000000009
12,P9A1,0.01325,1.0955347651078588e-07,0.0002499999999999985,0.9999999999999939
12,P9A1,0.0135,1.2543688066935286e-07,0.0002500000000000002,1.0000000000000009
12,P9A1,0.01375,1.2572848565975816e-07,0.0002500000000000002,1.0000000000000009
12,P9A1,0.014,1.2999597203299402e-07,0.0002500000000000002,1.0000000000000009
12,P9A1,0.01425,1.1421350519340813e-07,0.0002500000000000002,1.0000000000000009
12,P9A1,0.0145,1.0475826981895317e-07,0.0002500000000000002,1.0000000000000009
12,P9A1,0.014750000000000001,1.0168352029467397e-07,0.0002500000000000002,1.0000000000000009
12,P9A1,0.015,9.23630085013793e-08,0.0002499999999999985,0.9999999999999939
12,P9A1,0.015125,9.449782749933513e-08,0.0001250000000000001,0.5000000000000004
12,P9A1,0.01525,1.0726496610502173e-07,0.0001250000000000001,0.5000000000000004
12,P9A1,0.0155,9.187941075025447e-08,0.0002500000000000002,1.0000000000000009
12,P9A1,0.015625,7.779567710014783e-08,0.0001250000000000001,0.5000000000000004
12,P9A1,0.01575,6.504668035948838e-08,0.0001250000000000001,0.5000000000000004
12,P9A1,0.015875,5.533053861994182e-08,0.0001250000000000001,0.5000000000000004
12,P9A1,0.016,5.420963332924022e-08,0.0001250000000000001,0.5000000000000004
12,P9A1,0.016125,5.6384561628022256e-08,0.0001250000000000001,0.5000000000000004
12,P9A1,0.01625,5.6678883123691923e-08,0.0001250000000000001,0.5000000000000004
12,P9A1,0.016375,5.6674246145005616e-08,0.0001250000000000001,0.5000000000000004
12,P9A1,0.0165,6.222706721753573e-08,0.0001250000000000001,0.5000000000000004
12,P9A1,0.016625,7.021917167573536e-08,0.0001250000000000001,0.5000000000000004
12,P9A1,0.01675,7.327052709968737e-08,0.0001250000000000001,0.5000000000000004
12,P9A1,0.016875,7.242076886092823e-08,0.0001250000000000001,0.5000000000000004
12,P9A1,0.017,6.01184051085143e-08,0.0001250000000000001,0.5000000000000004
12,P9A1,0.017125,4.586357040390627e-08,0.0001250000000000001,0.5000000000000004
12,P9A1,0.01725,3.7845865843926626e-08,0.0001250000000000001,0.5000000000000004
12,P9A1,0.017375,4.293277633520342e-08,0.0001250000000000001,0.5000000000000004
12,P9A1,0.0175,3.8773672983171783e-08,0.0001250000000000001,0.5000000000000004
12,P9A1,0.017625000000000002,3.1886994365758936e-08,0.0001250000000000001,0.5000000000000004
12,P9A1,0.017750000000000002,2.0536372121613717e-08,0.0001250000000000001,0.5000000000000004
12,P9A1,0.017875000000000002,2.461645968938368e-08,0.0001250000000000001,0.5000000000000004
12,P9A1,0.018000000000000002,2.953301530434354e-08,0.0001250000000000001,0.5000000000000004
12,P9A1,0.018125000000000002,2.8931035084676e-08,0.0001250000000000001,0.5000000000000004
12,P9A1,0.01825,3.151648616779168e-08,0.00012499999999999664,0.49999999999998657
12,P9A1,0.018375,3.128468981045278e-08,0.0001250000000000001,0.5000000000000004
12,P9A1,0.0185,1.936674758029771e-08,0.0001250000000000001,0.5000000000000004
12,P9A1,0.018625,2.217111991688211e-08,0.0001250000000000001,0.5000000000000004
12,P9A1,0.01875,2.6278599137772752e-08,0.0001250000000000001,0.5000000000000004
12,P9A1,0.018875,2.5838334691095353e-08,0.0001250000000000001,0.5000000000000004
12,P9A1,0.019,1.4149643816048824e-08,0.0001250000000000001,0.5000000000000004
12,P9A1,0.019125,4.6810051539324595e-09,0.0001250000000000001,0.5000000000000004
12,P9A1,0.01925,1.4098847192713116e-08,0.0001250000000000001,0.5000000000000004
12,P9A1,0.019375,6.437506699540259e-09,0.0001250000000000001,0.5000000000000004
12,P9A1,0.0194375,6.298444376490113e-09,6.250000000000006e-05,0.2500000000000002
12,P9A1,0.0195,9.629567623481706e-09,6.250000000000006e-05,0.2500000000000002
12,P9A1,0.0195625,9.814966019006903e-09,6.250000000000006e-05,0.2500000000000002
12,P9A1,0.019625,1.0640103920138233e-08,6.250000000000006e-05,0.2500000000000002
12,P9A1,0.0196875,8.85007787908778e-09,6.250000000000006e-05,0.2500000000000002
12,P9A1,0.01975,8.927813254926279e-09,6.250000000000006e-05,0.2500000000000002
12,P9A1,0.01987104211820406,4.0865547081911436e-18,0.00012104211820405941,0.48416847281623765
12,P9A1,0.019944405840204956,2.9662477563289246e-18,7.336372200089647e-05,0.2934548880035859
12,P9A1,0.02,2.95915385539567e-18,5.559415979504434e-05,0.22237663918017736
12,P9A1,0.020000342580065215,2.175224862711815e-18,3.4258006521500906e-07,0.0013703202608600362
12,P9A1,0.020125171290032606,2.167707445304933e-18,0.00012482870996739087,0.4993148398695635
12,P9A1,0.020156378467524456,9.927589735635772e-10,3.120717749184945e-05,0.12482870996739781
12,P9A1,0.020187585645016305,1.9418117272942777e-09,3.120717749184945e-05,0.12482870996739781
12,P9A1,0.02025,1.1490985760761422e-09,6.241435498369544e-05,0.24965741993478174
12,P9A1,0.0203125,1.0832424462520087e-09,6.250000000000006e-05,0.2500000000000002
12,P9A1,0.02034375,1.0519602598855175e-09,3.125000000000003e-05,0.1250000000000001
12,P9A1,0.020375,1.9149408655872697e-09,3.125000000000003e-05,0.1250000000000001
12,P9A1,0.0205,1.3731520326777163e-08,0.0001250000000000001,0.5000000000000004
12,P9A1,0.0205625,6.158203529427761e-09,6.250000000000006e-05,0.2500000000000002
12,P9A1,0.020625,6.2605233762495345e-09,6.250000000000006e-05,0.2500000000000002
12,P9A1,0.020683186123336784,2.289680189709552e-18,5.8186123336783496e-05,0.23274449334713398
12,P9A1,0.02075,2.2825862887762974e-18,6.681387666321661e-05,0.26725550665286646
12,P9A1,0.0208125,2.887148155780387e-09,6.250000000000006e-05,0.2500000000000002
12,P9A1,0.020875,1.9947712677533284e-09,6.250000000000006e-05,0.2500000000000002
12,P9A1,0.0209375,1.9881126210231213e-09,6.250000000000006e-05,0.2500000000000002
12,P9A1,0.02096875,1.380233525237844e-09,3.125000000000003e-05,0.1250000000000001
12,P9A1,0.021,2.247782172775348e-09,3.125000000000003e-05,0.1250000000000001
12,P9A1,0.02104446276770036,7.744441261900157e-19,4.44627677003602e-05,0.1778510708014408
12,P9A1,0.021095847075775272,7.576093463633365e-19,5.138430807491087e-05,0.2055372322996435
12,P9A1,0.021147231383850183,3.6335593076294203e-09,5.138430807491087e-05,0.2055372322996435
12,P9A1,0.021201285941913072,3.1463481367388702e-18,5.405455806288886e-05,0.21621823225155545
12,P9A1,0.02125,2.04888853723147e-09,4.871405808692941e-05,0.19485623234771765
12,P9A1,0.021315977774904512,2.5681422711194034e-18,6.59777749045104e-05,0.2639110996180416
12,P9A1,0.021361983331178384,2.5681422711194034e-18,4.6005556273872455e-05,0.18402222509548982
12,P9A1,0.021407988887452257,1.0648539831583204e-10,4.6005556273872455e-05,0.18402222509548982
12,P9A1,0.021500000000000002,6.259717137956973e-09,9.201111254774491e-05,0.36804445019097964
12,P9A1,0.021562500000000002,3.0151605540923135e-09,6.250000000000006e-05,0.2500000000000002
12,P9A1,0.021625000000000002,5.406836306364217e-10,6.250000000000006e-05,0.2500000000000002
12,P9A1,0.021687500000000002,1.2999127515967208e-09,6.250000000000006e-05,0.2500000000000002
12,P9A1,0.021750000000000002,1.0210464149285313e-09,6.250000000000006e-05,0.2500000000000002
12,P9A1,0.021781250000000002,9.91454699561688e-10,3.125000000000003e-05,0.1250000000000001
12,P9A1,0.0218125,2.686073360320212e-09,3.124999999999656e-05,0.12499999999998623
12,P9A1,0.021875,2.096573268704632e-09,6.250000000000006e-05,0.2500000000000002
12,P9A1,0.0219375,5.112963210701369e-09,6.250000000000006e-05,0.2500000000000002
12,P9A1,0.02199482910212828,2.073051513449265e-18,5.732910212827985e-05,0.2293164085131194
12,P9A1,0.022,2.065428216923976e-18,5.170897871720204e-06,0.020683591486880815
12,P9A1,0.02203125,3.476030786997945e-10,3.125000000000003e-05,0.1250000000000001
12,P9A1,0.0220625,1.9701841392021696e-09,3.125000000000003e-05,0.1250000000000001
12,P9A1,0.022097613585792715,3.025857699991946e-18,3.511358579271623e-05,0.14045434317086491
12,P9A1,0.022125,3.025857699991946e-18,2.7386414207283827e-05,0.10954565682913531
12,P9A1,0.02225,2.833483160608623e-09,0.0001250000000000001,0.5000000000000004
12,P9A1,0.0223125,3.1533511559920716e-09,6.250000000000006e-05,0.2500000000000002
12,P9A1,0.022375,2.9288629257818448e-09,6.250000000000006e-05,0.2500000000000002
12,P9A1,0.0224393967842916,1.4718698791355252e-18,6.43967842916017e-05,0.2575871371664068
12,P9A1,0.022469698392145798,1.4689052638201352e-18,3.030160785419747e-05,0.12120643141678988
12,P9A1,0.0225,1.5743508185244405e-09,3.030160785420094e-05,0.12120643141680376
12,P9A1,0.022567377675687565,2.5581896339891654e-18,6.737767568756534e-05,0.26951070275026134
12,P9A1,0.022613033256765676,1.4886368821377537e-11,4.5655581078111324e-05,0.1826223243124453
12,P9A1,0.022658688837843784,4.9886830438935905e-09,4.5655581078107854e-05,0.18262232431243142
12,P9A1,0.022714437020516457,1.9287382750608135e-18,5.5748182672673424e-05,0.2229927306906937
12,P9A1,0.02273221851025823,1.4902591575909574e-10,1.7781489741772877e-05,0.07112595896709151
12,P9A1,0.02275,1.4737428212360151e-09,1.7781489741769407e-05,0.07112595896707763
12,P9A1,0.022790748479423504,1.3268154869182263e-18,4.074847942350454e-05,0.16299391769401816
12,P9A1,0.02284306135956763,1.3281919154575145e-18,5.231288014412652e-05,0.2092515205765061
12,P9A1,0.022895374239711754,5.320750890229202e-09,5.231288014412305e-05,0.2092515205764922
12,P9A1,0.022921530679783815,2.7417891945262043e-09,2.6156440072061526e-05,0.1046257602882461
12,P9A1,0.022947687119855877,4.417953687468841e-09,2.6156440072061526e-05,0.1046257602882461
12,P9A1,0.023,4.3102475109982e-09,5.231288014412305e-05,0.2092515205764922
12,P9A1,0.023125,1.5777162251417502e-08,0.0001250000000000001,0.5000000000000004
12,P9A1,0.0231875,1.588569071433967e-08,6.250000000000006e-05,0.2500000000000002
12,P9A1,0.02325,2.388968955938364e-08,6.250000000000006e-05,0.2500000000000002
12,P9A1,0.0233125,3.1836124469447934e-09,6.250000000000006e-05,0.2500000000000002
12,P9A1,0.023375,1.441801710936052e-08,6.250000000000006e-05,0.2500000000000002
12,P9A1,0.0234375,1.5394839863900075e-08,6.250000000000006e-05,0.2500000000000002
12,P9A1,0.02346875,9.90982445443625e-09,3.125000000000003e-05,0.1250000000000001
12,P9A1,0.0235,1.347797272158867e-08,3.125000000000003e-05,0.1250000000000001
12,P9A1,0.023625,1.603314735330553e-08,0.0001250000000000001,0.5000000000000004
12,P9A1,0.02375,2.83354901923518e-08,0.0001250000000000001,0.5000000000000004
12,P9A1,0.023879650564151235,1.6928395992504908e-18,0.00012965056415123466,0.5186022566049386
12,P9A1,0.023930631328390337,1.3545558159408046e-18,5.098076423910164e-05,0.20392305695640656
12,P9A1,0.024,1.356885156545754e-18,6.936867160966392e-05,0.2774746864386557
12,P9A1,0.024039372785121513,1.3545558159408046e-18,3.9372785121512266e-05,0.15749114048604906
12,P9A1,0.024092029588841136,1.9191032752857958e-18,5.2656803719623724e-05,0.2106272148784949
12,P9A1,0.024118357990700945,1.928950033297627e-18,2.6328401859808392e-05,0.10531360743923357
12,P9A1,0.024144686392560757,1.2047903276449837e-09,2.6328401859811862e-05,0.10531360743924745
12,P9A1,0.02425,4.814931267968124e-09,0.00010531360743924398,0.4212544297569759
12,P9A1,0.024347138351920875,1.7807192675281245e-18,9.713835192087447e-05,0.3885534076834979
12,P9A1,0.02437573938658695,9.694734622953183e-19,2.8601034666075192e-05,0.11440413866430077
12,P9A1,0.024437869693293476,9.668264843351486e-19,6.213030670652528e-05,0.24852122682610112
12,P9A1,0.0245,2.8455633733402986e-09,6.213030670652528e-05,0.24852122682610112
12,P9A1,0.0245625,4.179989771792579e-09,6.250000000000006e-05,0.2500000000000002
12,P9A1,0.024625,4.5449822956605274e-09,6.250000000000006e-05,0.2500000000000002
12,P9A1,0.02475,7.285360561766759e-09,0.0001250000000000001,0.5000000000000004
12,P9A1,0.0248125,5.491576410606602e-09,6.250000000000006e-05,0.2500000000000002
12,P9A1,0.024875,5.033060665769128e-09,6.250000000000006e-05,0.2500000000000002
12,P9A1,0.0249375,6.261144275597274e-09,6.250000000000006e-05,0.2500000000000002
12,P9A1,0.025,6.494969150911272e-09,6.250000000000006e-05,0.2500000000000002
12,P9A1,0.025125,4.817055081037669e-09,0.0001250000000000001,0.5000000000000004
12,P9A1,0.02525,8.198639991913445e-09,0.0001250000000000001,0.5000000000000004
12,P9A1,0.0253125,9.073825470793946e-09,6.250000000000006e-05,0.2500000000000002
12,P9A1,0.025375,9.184485690286048e-09,6.250000000000006e-05,0.2500000000000002
12,P9A1,0.025437500000000002,7.963581699320498e-09,6.250000000000006e-05,0.2500000000000002
12,P9A1,0.025500000000000002,7.998195326941722e-09,6.250000000000006e-05,0.2500000000000002
12,P9A1,0.025625000000000002,3.56021537452429e-09,0.0001250000000000001,0.5000000000000004
12,P9A1,0.025750000000000002,1.1579189564531858e-08,0.0001250000000000001,0.5000000000000004
12,P9A1,0.025834741312586014,1.2424046005393337e-19,8.474131258601192e-05,0.3389652503440477
12,P9A1,0.025917370656293008,4.546703168777847e-09,8.262934370699415e-05,0.3305173748279766
12,P9A1,0.026000000000000002,8.117111133687147e-09,8.262934370699415e-05,0.3305173748279766
12,P9A1,0.026062500000000002,6.142718771467052e-09,6.250000000000006e-05,0.2500000000000002
12,P9A1,0.026125000000000002,7.91184103805123e-09,6.250000000000006e-05,0.2500000000000002
12,P9A1,0.026187500000000002,5.630097180519613e-09,6.250000000000006e-05,0.2500000000000002
12,P9A1,0.02625,6.549650472324532e-09,6.249999999999659e-05,0.24999999999998634
12,P9A1,0.0263125,3.6006492948191566e-09,6.250000000000006e-05,0.2500000000000002
12,P9A1,0.026375,7.018765061308593e-09,6.250000000000006e-05,0.2500000000000002
12,P9A1,0.0264375,7.11602368471395e-09,6.250000000000006e-05,0.2500000000000002
12,P9A1,0.0265,6.976415668865004e-09,6.250000000000006e-05,0.2500000000000002
12,P9A1,0.0265625,6.5500891230908405e-09,6.250000000000006e-05,0.2500000000000002
12,P9A1,0.026625,7.54047555286004e-09,6.250000000000006e-05,0.2500000000000002
12,P9A1,0.0266875,7.370041307333015e-09,6.250000000000006e-05,0.2500000000000002
12,P9A1,0.02675,7.543118935979877e-09,6.250000000000006e-05,0.2500000000000002
12,P9A1,0.0268125,8.739901173197446e-09,6.250000000000006e-05,0.2500000000000002
12,P9A1,0.026875,1.0143028410534186e-08,6.250000000000006e-05,0.2500000000000002
12,P9A1,0.0269375,1.4593292835789957e-08,6.250000000000006e-05,0.2500000000000002
12,P9A1,0.027,8.789601207332213e-09,6.250000000000006e-05,0.2500000000000002
12,P9A1,0.02706339685549566,1.446564769836303e-18,6.339685549566071e-05,0.25358742198264284
12,P9A1,0.027110047641621747,3.7082612075741133e-09,4.665078612608661e-05,0.18660314450434645
12,P9A1,0.02715669842774783,1.8185830752837973e-09,4.6650786126083144e-05,0.18660314450433257
12,P9A1,0.027203349213873913,1.7942076591864741e-09,4.6650786126083144e-05,0.18660314450433257
12,P9A1,0.02725,4.900156931376914e-09,4.665078612608661e-05,0.18660314450434645
12,P9A1,0.02733881853945255,9.81120165320065e-19,8.881853945254953e-05,0.3552741578101981
12,P9A1,0.027379113904589414,9.685205502296572e-19,4.029536513686441e-05,0.16118146054745763
12,P9A1,0.027419409269726275,2.3104523506827726e-09,4.029536513686094e-05,0.16118146054744376
12,P9A1,0.027486275384045546,4.6202913440797596e-18,6.686611431927156e-05,0.26746445727708623
12,P9A1,0.0275,4.605468267502809e-18,1.372461595445379e-05,0.05489846381781516
12,P9A1,0.02753125,3.2172872866189785e-10,3.125000000000003e-05,0.1250000000000001
12,P9A1,0.0275625,1.7973499210755774e-09,3.125000000000003e-05,0.1250000000000001
12,P9A1,0.027625,1.6137591293325021e-09,6.250000000000006e-05,0.2500000000000002
12,P9A1,0.0276875,2.597522737660174e-09,6.250000000000006e-05,0.2500000000000002
12,P9A1,0.02775,2.6380940812342067e-09,6.250000000000006e-05,0.2500000000000002
12,P9A1,0.0278125,5.463585790430551e-10,6.250000000000006e-05,0.2500000000000002
12,P9A1,0.027875,5.251823414457071e-10,6.250000000000006e-05,0.2500000000000002
12,P9A1,0.02790625,5.636134032414906e-10,3.125000000000003e-05,0.1250000000000001
12,P9A1,0.0279375,2.873631546181779e-09,3.125000000000003e-05,0.1250000000000001
12,P9A1,0.027980104079819285,6.325408785162375e-20,4.260407981928477e-05,0.17041631927713907
12,P9A1,0.028,6.325408785162375e-20,1.9895920180715287e-05,0.07958368072286115
12,P9A1,0.02803125,7.55360655868111e-20,3.125000000000003e-05,0.1250000000000001
12,P9A1,0.0280625,8.948078144393461e-10,3.125000000000003e-05,0.1250000000000001
12,P9A1,0.028125,9.172691877532918e-10,6.250000000000006e-05,0.2500000000000002
12,P9A1,0.028136373116692995,1.9697134938842402e-18,1.1373116692994095e-05,0.04549246677197638
12,P9A1,0.028193186558346496,1.969925252121054e-18,5.681344165350127e-05,0.2272537666140051
12,P9A1,0.02825,4.565144280798674e-09,5.681344165350474e-05,0.22725376661401897
12,P9A1,0.0283125,5.157354734030497e-09,6.250000000000006e-05,0.2500000000000002
12,P9A1,0.028375,1.6441874876789474e-09,6.250000000000006e-05,0.2500000000000002
12,P9A1,0.02840625,1.6069262076869563e-09,3.125000000000003e-05,0.1250000000000001
12,P9A1,0.0284375,2.3705197784394866e-09,3.125000000000003e-05,0.1250000000000001
12,P9A1,0.0285,3.2658184948612816e-09,6.250000000000006e-05,0.2500000000000002
12,P9A1,0.0285625,1.7605809955233432e-09,6.250000000000006e-05,0.2500000000000002
12,P9A1,0.028625,3.439148074922401e-09,6.250000000000006e-05,0.2500000000000002
12,P9A1,0.0286875,2.5214328127703023e-09,6.250000000000006e-05,0.2500000000000002
12,P9A1,0.02875,2.6890673862785507e-09,6.250000000000006e-05,0.2500000000000002
12,P9A1,0.0288125,2.608658369294601e-09,6.250000000000006e-05,0.2500000000000002
12,P9A1,0.028875,2.390209259531178e-09,6.250000000000006e-05,0.2500000000000002
12,P9A1,0.0289375,2.360862418963907e-09,6.250000000000006e-05,0.2500000000000002
12,P9A1,0.029,5.506550718073e-09,6.250000000000006e-05,0.2500000000000002
12,P9A1,0.02906859289350058,9.982725825019645e-19,6.859289350057834e-05,0.2743715740023134
12,P9A1,0.029091268781813007,4.162179389574422e-10,2.2675888312426867e-05,0.09070355324970747
12,P9A1,0.029113944670125437,1.2409090587070956e-09,2.2675888312430337e-05,0.09070355324972135
12,P9A1,0.02915929644675029,1.3058865016495454e-09,4.5351776624853735e-05,0.18140710649941494
12,P9A1,0.029210707011502714,2.625740511532696e-18,5.141056475242364e-05,0.20564225900969457
12,P9A1,0.029230353505751358,2.7560146560908407e-11,1.9646494248643648e-05,0.07858597699457459
12,P9A1,0.02925,1.3619910437854831e-09,1.9646494248643648e-05,0.07858597699457459
12,P9A1,0.02928222217795587,3.52010142471483e-18,3.222217795586721e-05,0.12888871182346884
12,P9A1,0.0293366666334669,3.507713567861236e-18,5.4444455511032386e-05,0.21777782204412954
12,P9A1,0.029363888861222417,1.0292709718853854e-09,2.7222227755516193e-05,0.10888891102206477
12,P9A1,0.029391111088977934,1.2473067972970791e-09,2.7222227755516193e-05,0.10888891102206477
12,P9A1,0.029415272072546017,3.323378022715019e-18,2.4160983568083383e-05,0.09664393427233353
12,P9A1,0.029466965889670745,7.116909700657981e-10,5.169381712472748e-05,0.20677526849890993
14,P9A,0.0,6.595770180730896e-07,0.0,0.0
14,P9A,0.00025,6.618842074877534e-07,0.00025,1.0
14,P9A,0.0005,6.847124443632049e-07,0.00025,1.0
14,P9A,0.00075,6.910116097418039e-07,0.00025,1.0
14,P9A,0.001,6.880761892344706e-07,0.00025,1.0
14,P9A,0.00125,6.910315351557675e-07,0.00025,1.0
14,P9A,0.0015,6.903271032384513e-07,0.00025,1.0
14,P9A,0.00175,6.893403367688012e-07,0.00025,1.0
14,P9A,0.002,6.908049781982902e-07,0.00025,1.0
14,P9A,0.0022500000000000003,6.936834081558789e-07,0.0002500000000000002,1.0000000000000009
14,P9A,0.0025,6.916165502822571e-07,0.0002499999999999998,0.9999999999999991
14,P9A,0.00275,6.85442845609011e-07,0.0002499999999999998,0.9999999999999991
14,P9A,0.003,6.854835241839236e-07,0.0002500000000000002,1.0000000000000009
14,P9A,0.0032500000000000003,6.803867598949485e-07,0.0002500000000000002,1.0000000000000009
14,P9A,0.0035,6.820418747598897e-07,0.0002499999999999998,0.9999999999999991
14,P9A,0.00375,6.687074891665414e-07,0.0002499999999999998,0.9999999999999991
14,P9A,0.004,6.708392248952963e-07,0.0002500000000000002,1.0000000000000009
14,P9A,0.00425,6.702444409281125e-07,0.0002500000000000002,1.0000000000000009
14,P9A,0.0045000000000000005,6.795042619468198e-07,0.0002500000000000002,1.0000000000000009
14,P9A,0.00475,6.841267468628075e-07,0.00024999999999999935,0.9999999999999974
14,P9A,0.005,6.935859369332765e-07,0.0002500000000000002,1.0000000000000009
14,P9A,0.00525,7.068669007081207e-07,0.0002500000000000002,1.0000000000000009
14,P9A,0.0055,6.41460627621037e-07,0.00024999999999999935,0.9999999999999974
14,P9A,0.00575,6.001068493868e-07,0.0002500000000000002,1.0000000000000009
14,P9A,0.006,5.464592510212603e-07,0.0002500000000000002,1.0000000000000009
14,P9A,0.00625,5.300347364382215e-07,0.0002500000000000002,1.0000000000000009
14,P9A,0.006500000000000001,5.054782664765116e-07,0.0002500000000000002,1.0000000000000009
14,P9A,0.00675,4.95353286308266e-07,0.00024999999999999935,0.9999999999999974
14,P9A,0.007,5.286692617831777e-07,0.0002500000000000002,1.0000000000000009
14,P9A,0.00725,5.307837363153873e-07,0.0002500000000000002,1.0000000000000009
14,P9A,0.0075,5.218424429529908e-07,0.00024999999999999935,0.9999999999999974
14,P9A,0.00775,4.85169556406068e-07,0.0002500000000000002,1.0000000000000009
14,P9A,0.008,4.686287018185585e-07,0.0002500000000000002,1.0000000000000009
14,P9A,0.00825,4.2592564948839745e-07,0.0002500000000000002,1.0000000000000009
14,P9A,0.0085,4.296003127184829e-07,0.0002500000000000002,1.0000000000000009
14,P9A,0.00875,4.3989292166902263e-07,0.0002500000000000002,1.0000000000000009
14,P9A,0.009000000000000001,4.1540595671483507e-07,0.0002500000000000002,1.0000000000000009
14,P9A,0.00925,4.393331287366737e-07,0.0002499999999999985,0.9999999999999939
14,P9A,0.0095,4.193675769697723e-07,0.0002500000000000002,1.0000000000000009
14,P9A,0.00975,4.2294539424853395e-07,0.0002500000000000002,1.0000000000000009
14,P9A,0.01,4.275857731416447e-07,0.0002500000000000002,1.0000000000000009
14,P9A,0.01025,4.277704122972657e-07,0.0002500000000000002,1.0000000000000009
14,P9A,0.0105,4.376647741005101e-07,0.0002500000000000002,1.0000000000000009
14,P9A,0.010750000000000001,4.458116998245715e-07,0.0002500000000000002,1.0000000000000009
14,P9A,0.011,4.5678300115584837e-07,0.0002499999999999985,0.9999999999999939
14,P9A,0.01125,4.3556385303481297e-07,0.0002500000000000002,1.0000000000000009
14,P9A,0.0115,4.0928267955086804e-07,0.0002500000000000002,1.0000000000000009
14,P9A,0.01175,3.83440761732626e-07,0.0002500000000000002,1.0000000000000009
14,P9A,0.012,3.7381447398465437e-07,0.0002500000000000002,1.0000000000000009
14,P9A,0.01225,3.7914075270206016e-07,0.0002500000000000002,1.0000000000000009
14,P9A,0.0125,3.3798059007227884e-07,0.0002500000000000002,1.0000000000000009
14,P9A,0.012750000000000001,2.8452101712550365e-07,0.0002500000000000002,1.0000000000000009
14,P9A,0.013000000000000001,2.9031426266827386e-07,0.0002500000000000002,1.0000000000000009
14,P9A,0.01325,2.7597968923017003e-07,0.0002499999999999985,0.9999999999999939
14,P9A,0.0135,2.8227829139852594e-07,0.0002500000000000002,1.0000000000000009
14,P9A,0.01375,3.111278958700988e-07,0.0002500000000000002,1.0000000000000009
14,P9A,0.014,2.8739836597747247e-07,0.0002500000000000002,1.0000000000000009
14,P9A,0.01425,2.39182542619253e-07,0.0002500000000000002,1.0000000000000009
14,P9A,0.0145,2.64188471219936e-07,0.0002500000000000002,1.0000000000000009
14,P9A,0.014750000000000001,2.4834419069449816e-07,0.0002500000000000002,1.0000000000000009
14,P9A,0.015,2.1828808473387106e-07,0.0002499999999999985,0.9999999999999939
14,P9A,0.01525,2.2363079613594193e-07,0.0002500000000000002,1.0000000000000009
14,P9A,0.0155,2.1417056859660396e-07,0.0002500000000000002,1.0000000000000009
14,P9A,0.01575,2.0618937763478606e-07,0.0002500000000000002,1.0000000000000009
14,P9A,0.016,1.7295865758189997e-07,0.0002500000000000002,1.0000000000000009
14,P9A,0.01625,1.221268956651923e-07,0.0002500000000000002,1.0000000000000009
14,P9A,0.0165,1.4631887493476692e-07,0.0002500000000000002,1.0000000000000009
14,P9A,0.01675,7.093431105388328e-08,0.0002500000000000002,1.0000000000000009
14,P9A,0.016875,5.331690340288491e-08,0.0001250000000000001,0.5000000000000004
14,P9A,0.017,6.39845575261348e-08,0.0001250000000000001,0.5000000000000004
14,P9A,0.01725,9.740013412898724e-08,0.0002500000000000002,1.0000000000000009
14,P9A,0.017375,5.448193415294166e-08,0.0001250000000000001,0.5000000000000004
14,P9A,0.0175,4.2812147111778806e-08,0.0001250000000000001,0.5000000000000004
14,P9A,0.017625000000000002,3.2702366466285994e-08,0.0001250000000000001,0.5000000000000004
14,P9A,0.017750000000000002,2.3511512422023418e-08,0.0001250000000000001,0.5000000000000004
14,P9A,0.017812500000000002,1.107272750850722e-08,6.250000000000006e-05,0.2500000000000002
14,P9A,0.017875000000000002,1.4880674430122894e-08,6.250000000000006e-05,0.2500000000000002
14,P9A,0.018000000000000002,1.2302390566753242e-08,0.0001250000000000001,0.5000000000000004
14,P9A,0.018125000000000002,9.980120680247228e-09,0.0001250000000000001,0.5000000000000004
14,P9A,0.01825,1.0499186350651839e-08,0.00012499999999999664,0.49999999999998657
14,P9A,0.0183125,5.587527510541704e-09,6.250000000000006e-05,0.2500000000000002
14,P9A,0.018375,9.149360113989987e-09,6.250000000000006e-05,0.2500000000000002
14,P9A,0.0184375,4.609514033205771e-09,6.250000000000006e-05,0.2500000000000002
14,P9A,0.0185,5.655540162162471e-09,6.250000000000006e-05,0.2500000000000002
14,P9A,0.0185625,7.043237590025016e-09,6.250000000000006e-05,0.2500000000000002
14,P9A,0.01859375,3.3428346322965725e-09,3.125000000000003e-05,0.1250000000000001
14,P9A,0.018625,3.2542741806349804e-09,3.125000000000003e-05,0.1250000000000001
14,P9A,0.01865625,3.1767184265134912e-09,3.125000000000003e-05,0.1250000000000001
14,P9A,0.0186875,4.215400420582777e-09,3.125000000000003e-05,0.1250000000000001
14,P9A,0.01875,9.515401305016544e-09,6.250000000000006e-05,0.2500000000000002
14,P9A,0.0188125,6.394201090770304e-09,6.250000000000006e-05,0.2500000000000002
14,P9A,0.018875,8.093220787367722e-09,6.250000000000006e-05,0.2500000000000002
14,P9A,0.019,3.073768226578337e-09,0.0001250000000000001,0.5000000000000004
14,P9A,0.019125,1.8160751094738665e-09,0.0001250000000000001,0.5000000000000004
14,P9A,0.0191875,1.7447877089585362e-09,6.250000000000006e-05,0.2500000000000002
14,P9A,0.01925,5.5753484659410506e-09,6.250000000000006e-05,0.2500000000000002
14,P9A,0.0193125,4.771188980470781e-09,6.250000000000006e-05,0.2500000000000002
14,P9A,0.019375,5.116141174145426e-09,6.250000000000006e-05,0.2500000000000002
14,P9A,0.0195,5.682925142420143e-10,0.0001250000000000001,0.5000000000000004
14,P9A,0.019625,1.2210632076964308e-08,0.0001250000000000001,0.5000000000000004
14,P9A,0.01975,1.481220384504835e-08,0.0001250000000000001,0.5000000000000004
14,P9A,0.019875,2.811251121302328e-08,0.0001250000000000001,0.5000000000000004
14,P9A,0.02,1.6606063660261326e-08,0.0001250000000000001,0.5000000000000004
14,P9A,0.0200625,2.639703139993425e-09,6.250000000000006e-05,0.2500000000000002
14,P9A,0.020125,1.7887852425889085e-09,6.250000000000006e-05,0.2500000000000002
14,P9A,0.0201875,1.5247662153680777e-09,6.250000000000006e-05,0.2500000000000002
14,P9A,0.02025,8.084346051494717e-09,6.250000000000006e-05,0.2500000000000002
14,P9A,0.020375,2.3675139096447774e-08,0.0001250000000000001,0.5000000000000004
14,P9A,0.0204375,1.6438282796880297e-08,6.250000000000006e-05,0.2500000000000002
14,P9A,0.0205,1.5712401004050767e-08,6.250000000000006e-05,0.2500000000000002
14,P9A,0.020625,2.3710234530297984e-08,0.0001250000000000001,0.5000000000000004
14,P9A,0.02075,1.1214525279262316e-08,0.0001250000000000001,0.5000000000000004
14,P9A,0.020875,1.1001180909177389e-08,0.0001250000000000001,0.5000000000000004
14,P9A,0.0209375,9.200469859626635e-09,6.250000000000006e-05,0.2500000000000002
14,P9A,0.021,1.8374629475882698e-09,6.250000000000006e-05,0.2500000000000002
14,P9A,0.02103125,1.6733818848539889e-09,3.125000000000003e-05,0.1250000000000001
14,P9A,0.021046875,1.2498066412341863e-09,1.562499999999828e-05,0.06249999999999312
14,P9A,0.0210625,1.1747727021047566e-09,1.562500000000175e-05,0.062500000000007
14,P9A,0.021125,5.127550402222879e-10,6.250000000000006e-05,0.2500000000000002
14,P9A,0.02125,7.04155785284672e-11,0.0001250000000000001,0.5000000000000004
14,P9A,0.021250976562500003,1.5069690640774733e-11,9.765625000011935e-07,0.003906250000004774
14,P9A,0.021251953125,1.1879683204006333e-11,9.76562499997724e-07,0.003906249999990896
14,P9A,0.021253906250000003,5.5118769774919826e-12,1.953125000002387e-06,0.007812500000009548
14,P9A,0.0212548828125,2.340152808617593e-12,9.76562499997724e-07,0.003906249999990896
14,P9A,0.021255371093750003,7.573231039315135e-13,4.882812500023315e-07,0.001953125000009326
14,P9A,0.021255493164062503,3.6199394591886697e-13,1.2207031250058287e-07,0.0004882812500023315
14,P9A,0.021255554199218755,1.6437662685113794e-13,6.103515625202616e-08,0.00024414062500810463
14,P9A,0.02125558471679688,6.557975123963563e-14,3.0517578124278355e-08,0.00012207031249711342
14,P9A,0.021255599975585942,1.6184268202441854e-14,1.5258789062139178e-08,6.103515624855671e-05
14,P9A,0.021255603790283205,3.83575761743445e-15,3.814697262932709e-09,1.5258789051730837e-05
14,P9A,0.02125560474395752,7.486600673220064e-16,9.53674316600539e-10,3.814697266402156e-06
14,P9A,0.021255604863166813,3.6277218534368123e-16,1.1920929174347172e-10,4.768371669738869e-07
14,P9A,0.021255604922771457,1.6983375006867582e-16,5.960464413701239e-11,2.3841857654804954e-07
14,P9A,0.02125560495257378,7.335828556318711e-17,2.980232380322967e-11,1.1920929521291868e-07
14,P9A,0.02125560496747494,2.512071212912037e-17,1.490116016689136e-11,5.9604640667565434e-08
14,P9A,0.02125560497492552,1.0084369778690161e-18,7.450578348722203e-12,2.9802313394888813e-08
14,P9A,0.0212556049823761,1.0084369778690161e-18,7.450581818169155e-12,2.980232727267662e-08
14,P9A,0.021255605220794678,1.0084369778690161e-18,2.3841857654804954e-10,9.536743061921982e-07
14,P9A,0.021255605697631838,1.0084369778690161e-18,4.76837160034993e-10,1.907348640139972e-06
14,P9A,0.02125560760498047,1.0084369778690161e-18,1.907348633201078e-09,7.629394532804312e-06
14,P9A,0.021255615234375004,1.0086487361058297e-18,7.629394532804312e-09,3.051757813121725e-05
14,P9A,0.021255859375000002,1.021989505025085e-18,2.441406249976963e-07,0.0009765624999907851
14,P9A,0.0212578125,1.021989505025085e-18,1.9531249999989175e-06,0.00781249999999567
14,P9A,0.021265625000000003,1.0084369778690161e-18,7.812500000002609e-06,0.031250000000010436
14,P9A,0.02128125,1.021989505025085e-18,1.562499999999828e-05,0.06249999999999312
14,P9A,0.0213125,1.0084369778690161e-18,3.125000000000003e-05,0.1250000000000001
14,P9A,0.0213203125,1.0084369778690161e-18,7.81249999999914e-06,0.03124999999999656
14,P9A,0.021322265625000003,1.0084369778690161e-18,1.953125000002387e-06,0.007812500000009548
14,P9A,0.021322387695312504,1.0084369778690161e-18,1.2207031250058287e-07,0.0004882812500023315
14,P9A,0.021322395324707033,9.942491760025066e-19,7.629394529334865e-09,3.051757811733946e-05
14,P9A,0.021322402954101566,7.085456205022181e-17,7.629394532804312e-09,3.051757813121725e-05
14,P9A,0.021322402969002726,2.4570775988115516e-17,1.490116016689136e-11,5.9604640667565434e-08
14,P9A,0.021322402976453304,1.4426472424552519e-18,7.450578348722203e-12,2.9802313394888813e-08
14,P9A,0.021322402983903886,1.43512982504837e-18,7.450581818169155e-12,2.980232727267662e-08
14,P9A,0.02132240301370621,1.4339651547458953e-18,2.980232380322967e-11,1.1920929521291868e-07
14,P9A,0.021322403073310854,1.4509058136909813e-18,5.960464413701239e-11,2.3841857654804954e-07
14,P9A,0.021322403192520146,1.4677405935176605e-18,1.1920929174347172e-10,4.768371669738869e-07
14,P9A,0.021322403430938726,1.5287269657199701e-18,2.384185800174965e-10,9.53674320069986e-07
14,P9A,0.021322403907775882,1.7992481132493123e-18,4.76837156565546e-10,1.9073486262621842e-06
14,P9A,0.0213224048614502,2.8401457263064406e-18,9.53674316600539e-10,3.814697266402156e-06
14,P9A,0.021322406768798832,7.041217386450957e-18,1.907348633201078e-09,7.629394532804312e-06
14,P9A,0.0213224105834961,2.3854186114738378e-17,3.814697266402156e-09,1.5258789065608624e-05
14,P9A,0.02132241059094668,7.138812704613332e-19,7.450581818169155e-12,2.980232727267662e-08
14,P9A,0.02132241059839726,7.083755563041802e-19,7.450578348722203e-12,2.9802313394888813e-08
14,P9A,0.02132241061329842,7.103872595539092e-19,1.490116016689136e-11,5.9604640667565434e-08
14,P9A,0.021322410643100743,7.163164901846893e-19,2.980232380322967e-11,1.1920929521291868e-07
14,P9A,0.021322410702705387,7.208692922761812e-19,5.960464413701239e-11,2.3841857654804954e-07
14,P9A,0.02132241082191468,7.399275335894029e-19,1.1920929174347172e-10,4.768371669738869e-07
14,P9A,0.02132241106033326,7.910671477798813e-19,2.384185800174965e-10,9.53674320069986e-07
14,P9A,0.021322411537170415,1.0566119767441045e-18,4.76837156565546e-10,1.9073486262621842e-06
14,P9A,0.021322412490844732,2.113814974035878e-18,9.53674316600539e-10,3.814697266402156e-06
14,P9A,0.021322414398193365,6.320498227455954e-18,1.907348633201078e-09,7.629394532804312e-06
14,P9A,0.02132241821289063,2.313293756015134e-17,3.814697266402156e-09,1.5258789065608624e-05
14,P9A,0.021322418220341213,-5.8849764680085154e-21,7.450581818169155e-12,2.980232727267662e-08
14,P9A,0.02132241822779179,3.8559024254159385e-21,7.450578348722203e-12,2.9802313394888813e-08
14,P9A,0.021322418242692952,-3.661514981465977e-21,1.490116016689136e-11,5.9604640667565434e-08
14,P9A,0.021322418272495276,-3.3438776262456144e-21,2.980232380322967e-11,1.1920929521291868e-07
14,P9A,0.02132241833209992,-1.1602448861975043e-20,5.960464413701239e-11,2.3841857654804954e-07
14,P9A,0.02132241845130921,9.467495700975678e-21,1.1920929174347172e-10,4.768371669738869e-07
14,P9A,0.02132241868972779,7.955947208626903e-20,2.384185800174965e-10,9.53674320069986e-07
14,P9A,0.021322419166564948,3.4023386160377996e-19,4.76837156565546e-10,1.9073486262621842e-06
14,P9A,0.021322420120239265,1.3871665844100952e-18,9.53674316600539e-10,3.814697266402156e-06
14,P9A,0.021322422027587898,5.5881323654362045e-18,1.907348633201078e-09,7.629394532804312e-06
14,P9A,0.021322425842285164,2.24022657640261e-17,3.814697266402156e-09,1.5258789065608624e-05
14,P9A,0.021322425849735746,-7.342274319883e-19,7.450581818169155e-12,2.980232727267662e-08
14,P9A,0.021322425857186324,-7.36239135238029e-19,7.450578348722203e-12,2.9802313394888813e-08
14,P9A,0.021322425872087485,-7.26286498107791e-19,1.490116016689136e-11,5.9604640667565434e-08
14,P9A,0.02132242590188981,-7.328510034490118e-19,2.980232380322967e-11,1.1920929521291868e-07
14,P9A,0.021322425961494453,-7.259688607525706e-19,5.960464413701239e-11,2.3841857654804954e-07
14,P9A,0.021322426080703744,-7.025695755846705e-19,1.1920929174347172e-10,4.768371669738869e-07
14,P9A,0.021322426319122324,-6.423243572112084e-19,2.384185800174965e-10,9.53674320069986e-07
14,P9A,0.02132242679595948,-3.730737591027477e-19,4.76837156565546e-10,1.9073486262621842e-06
14,P9A,0.021322427749633797,6.779882493214322e-19,9.53674316600539e-10,3.814697266402156e-06
14,P9A,0.02132242965698243,4.8879537554121185e-18,1.907348633201078e-09,7.629394532804312e-06
14,P9A,0.021322433471679694,2.1693722703647878e-17,3.814697262932709e-09,1.5258789051730837e-05
14,P9A,0.021322433479130272,-1.4410764264720137e-18,7.450578348722203e-12,2.9802313394888813e-08
14,P9A,0.021322433486580854,-1.4409705473536069e-18,7.450581818169155e-12,2.980232727267662e-08
14,P9A,0.021322433501482017,-1.4409705473536069e-18,1.490116363633831e-11,5.960465454535324e-08
14,P9A,0.021322433531284338,-1.4405470308799797e-18,2.980232033378272e-11,1.1920928133513087e-07
14,P9A,0.021322433590888985,-1.4325002178810639e-18,5.960464760645934e-11,2.3841859042583735e-07
14,P9A,0.021322433710098274,-1.4201123610274697e-18,1.1920928827402477e-10,4.768371530960991e-07
14,P9A,0.02132243394851685,-1.354679065852075e-18,2.3841857654804954e-10,9.536743061921982e-07
14,P9A,0.02132243442535401,-1.0897695115982926e-18,4.76837160034993e-10,1.907348640139972e-06
14,P9A,0.021322435379028323,-4.6754316173028507e-20,9.53674313131092e-10,3.8146972525243683e-06
14,P9A,0.021322437286376957,4.1598230581286406e-18,1.907348633201078e-09,7.629394532804312e-06
14,P9A,0.021322441101074223,2.0986238434453724e-17,3.814697266402156e-09,1.5258789065608624e-05
14,P9A,0.021322441108524805,-2.146125475942812e-18,7.450581818169155e-12,2.980232727267662e-08
14,P9A,0.021322441115975383,-2.1444314100483033e-18,7.450578348722203e-12,2.9802313394888813e-08
14,P9A,0.021322441130876543,-2.140619761785659e-18,1.490116016689136e-11,5.9604640667565434e-08
14,P9A,0.021322441160678867,-2.1464431132980323e-18,2.980232380322967e-11,1.1920929521291868e-07
14,P9A,0.02132244122028351,-2.1374433882334553e-18,5.960464413701239e-11,2.3841857654804954e-07
14,P9A,0.021322441339492803,-2.1229379490117254e-18,1.1920929174347172e-10,4.768371669738869e-07
14,P9A,0.021322441577911383,-2.0670337744929416e-18,2.384185800174965e-10,9.53674320069986e-07
14,P9A,0.02132244205474854,-1.8055123520281764e-18,4.76837156565546e-10,1.9073486262621842e-06
14,P9A,0.021322443008422856,-7.575208380377933e-19,9.53674316600539e-10,3.814697266402156e-06
14,P9A,0.02132244491577149,3.446409558303706e-18,1.907348633201078e-09,7.629394532804312e-06
14,P9A,0.021322448730468756,2.026954268195818e-17,3.814697266402156e-09,1.5258789065608624e-05
14,P9A,0.021322448737919338,-2.8755267226471713e-18,7.450581818169155e-12,2.980232727267662e-08
14,P9A,0.021322448745369916,-2.8712915579108998e-18,7.450578348722203e-12,2.9802313394888813e-08
14,P9A,0.021322448760271076,-2.864197656977645e-18,1.490116016689136e-11,5.9604640667565434e-08
14,P9A,0.0213224487900734,-2.8619741954911025e-18,2.980232380322967e-11,1.1920929521291868e-07
14,P9A,0.021322448849678044,-2.8514921627688305e-18,5.960464413701239e-11,2.3841857654804954e-07
14,P9A,0.021322448968887336,-2.8474687562693726e-18,1.1920929174347172e-10,4.768371669738869e-07
14,P9A,0.021322449207305916,-2.7732474942662145e-18,2.384185800174965e-10,9.53674320069986e-07
14,P9A,0.021322449684143072,-2.5161729947745344e-18,4.76837156565546e-10,1.9073486262621842e-06
14,P9A,0.02132245063781739,-1.475275381717406e-18,9.53674316600539e-10,3.814697266402156e-06
14,P9A,0.021322452545166022,2.7415722670697214e-18,1.907348633201078e-09,7.629394532804312e-06
14,P9A,0.02132245635986329,1.9563964236895347e-17,3.814697266402156e-09,1.5258789065608624e-05
14,P9A,0.021322463989257818,8.683373272105578e-17,7.629394529334865e-09,3.051757811733946e-05
14,P9A,0.02132246401906014,-5.701016876450704e-18,2.980232380322967e-11,1.1920929521291868e-07
14,P9A,0.021322464048862462,-5.696781711714432e-18,2.980232033378272e-11,1.1920928133513087e-07
14,P9A,0.02132246410846711,-5.697416986424873e-18,5.960464760645934e-11,2.3841859042583735e-07
14,P9A,0.021322464227676398,-5.6751823715594475e-18,1.1920928827402477e-10,4.768371530960991e-07
14,P9A,0.021322464466094974,-5.6033963292796455e-18,2.3841857654804954e-10,9.536743061921982e-07
14,P9A,0.021322464942932134,-5.339122049736304e-18,4.76837160034993e-10,1.907348640139972e-06
14,P9A,0.021322465896606448,-4.297059766376701e-18,9.53674313131092e-10,3.8146972525243683e-06
14,P9A,0.02132246780395508,-7.724750227418332e-20,1.907348633201078e-09,7.629394532804312e-06
14,P9A,0.021322471618652347,1.6737732929262967e-17,3.814697266402156e-09,1.5258789065608624e-05
14,P9A,0.02132247924804688,8.401268949022533e-17,7.629394532804312e-09,3.051757813121725e-05
14,P9A,0.0213224792778492,-8.506389997756946e-18,2.980232033378272e-11,1.1920928133513087e-07
14,P9A,0.021322479307651524,-8.501943074783861e-18,2.980232380322967e-11,1.1920929521291868e-07
14,P9A,0.02132247936725617,-8.499507855060505e-18,5.960464413701239e-11,2.3841857654804954e-07
14,P9A,0.02132247948646546,-8.48616708614125e-18,1.1920929174347172e-10,4.768371669738869e-07
14,P9A,0.02132247972488404,-8.417451538295245e-18,2.384185800174965e-10,9.53674320069986e-07
14,P9A,0.021322480201721197,-8.158471214672242e-18,4.76837156565546e-10,1.9073486262621842e-06
14,P9A,0.021322481155395513,-7.098621239420299e-18,9.53674316600539e-10,3.814697266402156e-06
14,P9A,0.021322483062744146,-2.88611463448785e-18,1.907348633201078e-09,7.629394532804312e-06
14,P9A,0.021322486877441413,1.3932359807956724e-17,3.814697266402156e-09,1.5258789065608624e-05
14,P9A,0.021322494506835942,8.120848103922156e-17,7.629394529334865e-09,3.051757811733946e-05
14,P9A1,0.0,6.595770180730896e-07,0.0,0.0
14,P9A1,0.00025,6.614287279957852e-07,0.00025,1.0
14,P9A1,0.0005,6.844016647524234e-07,0.00025,1.0
14,P9A1,0.00075,6.861172510822204e-07,0.00025,1.0
14,P9A1,0.001,6.887126144752227e-07,0.00025,1.0
14,P9A1,0.00125,6.875309073786975e-07,0.00025,1.0
14,P9A1,0.0015,6.906488052351315e-07,0.00025,1.0
14,P9A1,0.00175,6.846306011564813e-07,0.00025,1.0
14,P9A1,0.002,6.875064887226969e-07,0.00025,1.0
14,P9A1,0.0022500000000000003,6.846413047354607e-07,0.0002500000000000002,1.0000000000000009
14,P9A1,0.0025,6.865956326149034e-07,0.0002499999999999998,0.9999999999999991
14,P9A1,0.00275,6.816207975185796e-07,0.0002499999999999998,0.9999999999999991
14,P9A1,0.003,6.821662424074509e-07,0.0002500000000000002,1.0000000000000009
14,P9A1,0.0032500000000000003,6.765376036736028e-07,0.0002500000000000002,1.0000000000000009
14,P9A1,0.0035,6.762640661390159e-07,0.0002499999999999998,0.9999999999999991
14,P9A1,0.00375,6.705942628553093e-07,0.0002499999999999998,0.9999999999999991
14,P9A1,0.004,6.696927609054715e-07,0.0002500000000000002,1.0000000000000009
14,P9A1,0.00425,6.721960752256537e-07,0.0002500000000000002,1.0000000000000009
14,P9A1,0.0045000000000000005,6.802063407888952e-07,0.0002500000000000002,1.0000000000000009
14,P9A1,0.00475,6.742273963707819e-07,0.00024999999999999935,0.9999999999999974
14,P9A1,0.005,6.964656540981424e-07,0.0002500000000000002,1.0000000000000009
14,P9A1,0.00525,6.917352266240131e-07,0.0002500000000000002,1.0000000000000009
14,P9A1,0.0055,6.133702854473737e-07,0.00024999999999999935,0.9999999999999974
14,P9A1,0.00575,5.650040472672556e-07,0.0002500000000000002,1.0000000000000009
14,P9A1,0.006,5.218991458130109e-07,0.0002500000000000002,1.0000000000000009
14,P9A1,0.00625,4.981821030012052e-07,0.0002500000000000002,1.0000000000000009
14,P9A1,0.006500000000000001,4.801374503099004e-07,0.0002500000000000002,1.0000000000000009
14,P9A1,0.00675,5.033995726027107e-07,0.00024999999999999935,0.9999999999999974
14,P9A1,0.007,5.078437874776254e-07,0.0002500000000000002,1.0000000000000009
14,P9A1,0.00725,5.012485862406579e-07,0.0002500000000000002,1.0000000000000009
14,P9A1,0.0075,4.602622367843532e-07,0.00024999999999999935,0.9999999999999974
14,P9A1,0.00775,4.4453017349570164e-07,0.0002500000000000002,1.0000000000000009
14,P9A1,0.008,4.114930604531425e-07,0.0002500000000000002,1.0000000000000009
14,P9A1,0.00825,4.33214884250584e-07,0.0002500000000000002,1.0000000000000009
14,P9A1,0.0085,4.083118071679953e-07,0.0002500000000000002,1.0000000000000009
14,P9A1,0.00875,4.306634756136094e-07,0.0002500000000000002,1.0000000000000009
14,P9A1,0.009000000000000001,4.0652095375684605e-07,0.0002500000000000002,1.0000000000000009
14,P9A1,0.00925,4.131485859995478e-07,0.0002499999999999985,0.9999999999999939
14,P9A1,0.0095,4.144333614571199e-07,0.0002500000000000002,1.0000000000000009
14,P9A1,0.00975,4.1872766232011094e-07,0.0002500000000000002,1.0000000000000009
14,P9A1,0.01,4.2819638046748143e-07,0.0002500000000000002,1.0000000000000009
14,P9A1,0.01025,4.3555397623287136e-07,0.0002500000000000002,1.0000000000000009
14,P9A1,0.0105,4.049158298412723e-07,0.0002500000000000002,1.0000000000000009
14,P9A1,0.010750000000000001,3.9112927073542977e-07,0.0002500000000000002,1.0000000000000009
14,P9A1,0.011,3.716230379325771e-07,0.0002499999999999985,0.9999999999999939
14,P9A1,0.01125,3.7899992969710483e-07,0.0002500000000000002,1.0000000000000009
14,P9A1,0.0115,3.4943093209104706e-07,0.0002500000000000002,1.0000000000000009
14,P9A1,0.01175,3.100662480084084e-07,0.0002500000000000002,1.0000000000000009
14,P9A1,0.012,3.091038484222674e-07,0.0002500000000000002,1.0000000000000009
14,P9A1,0.01225,3.221435427626604e-07,0.0002500000000000002,1.0000000000000009
14,P9A1,0.0125,3.182748864872681e-07,0.0002500000000000002,1.0000000000000009
14,P9A1,0.012750000000000001,2.833314555323233e-07,0.0002500000000000002,1.0000000000000009
14,P9A1,0.013000000000000001,2.977721517791572e-07,0.0002500000000000002,1.0000000000000009
14,P9A1,0.01325,2.5100097208240433e-07,0.0002499999999999985,0.9999999999999939
14,P9A1,0.0135,2.42394511289204e-07,0.0002500000000000002,1.0000000000000009
14,P9A1,0.01375,2.1252720147367048e-07,0.0002500000000000002,1.0000000000000009
14,P9A1,0.014,1.7233147392964323e-07,0.0002500000000000002,1.0000000000000009
14,P9A1,0.014125,1.4127955318974758e-07,0.0001250000000000001,0.5000000000000004
14,P9A1,0.01425,1.379597121933267e-07,0.0001250000000000001,0.5000000000000004
14,P9A1,0.014375,1.45075588199205e-07,0.0001250000000000001,0.5000000000000004
14,P9A1,0.0145,9.465059726986586e-08,0.0001250000000000001,0.5000000000000004
14,P9A1,0.014625,6.136545267414985e-08,0.0001250000000000001,0.5000000000000004
14,P9A1,0.014750000000000001,7.107795804407649e-08,0.0001250000000000001,0.5000000000000004
14,P9A1,0.014875,6.536148733644702e-08,0.00012499999999999838,0.4999999999999935
14,P9A1,0.015,4.6933636536704545e-08,0.0001250000000000001,0.5000000000000004
14,P9A1,0.015125,2.9396448893817285e-08,0.0001250000000000001,0.5000000000000004
14,P9A1,0.01525,3.1367417261596004e-08,0.0001250000000000001,0.5000000000000004
14,P9A1,0.015375,2.4668000568124542e-08,0.0001250000000000001,0.5000000000000004
14,P9A1,0.0155,2.3860309492797683e-08,0.0001250000000000001,0.5000000000000004
14,P9A1,0.0155625,2.078597010019918e-08,6.250000000000006e-05,0.2500000000000002
14,P9A1,0.015625,2.9395665662715375e-08,6.250000000000006e-05,0.2500000000000002
14,P9A1,0.0156875,2.288080172596461e-08,6.250000000000006e-05,0.2500000000000002
14,P9A1,0.01575,1.6863703693228793e-08,6.250000000000006e-05,0.2500000000000002
14,P9A1,0.0158125,1.4287616717294529e-08,6.250000000000006e-05,0.2500000000000002
14,P9A1,0.015875,1.4687070820599258e-08,6.250000000000006e-05,0.2500000000000002
14,P9A1,0.0159375,1.275841780265084e-08,6.250000000000006e-05,0.2500000000000002
14,P9A1,0.016,1.4133165660943163e-08,6.250000000000006e-05,0.2500000000000002
14,P9A1,0.0160625,1.35210644108894e-08,6.250000000000006e-05,0.2500000000000002
14,P9A1,0.016125,1.948923033378183e-08,6.250000000000006e-05,0.2500000000000002
14,P9A1,0.0161875,9.706388804910334e-09,6.250000000000006e-05,0.2500000000000002
14,P9A1,0.01625,6.878081390455227e-09,6.250000000000006e-05,0.2500000000000002
14,P9A1,0.0163125,1.2749847630280628e-08,6.250000000000006e-05,0.2500000000000002
14,P9A1,0.01634375,7.418330651414994e-09,3.125000000000003e-05,0.1250000000000001
14,P9A1,0.016375,6.0169865172719705e-09,3.125000000000003e-05,0.1250000000000001
14,P9A1,0.01640625,6.0393747499629356e-09,3.125000000000003e-05,0.1250000000000001
14,P9A1,0.0164375,9.961541105802132e-09,3.125000000000003e-05,0.1250000000000001
14,P9A1,0.0165,2.060349094827714e-09,6.250000000000006e-05,0.2500000000000002
14,P9A1,0.0165625,9.17448718118732e-09,6.250000000000006e-05,0.2500000000000002
14,P9A1,0.016625,1.3126938229050481e-08,6.250000000000006e-05,0.2500000000000002
14,P9A1,0.016689432669764515,1.4315299350225392e-18,6.443266976451437e-05,0.25773067905805747
14,P9A1,0.01675,1.1424789391387646e-08,6.0567330235485745e-05,0.24226932094194298
14,P9A1,0.0168125,1.7019736332158426e-08,6.250000000000006e-05,0.2500000000000002
14,P9A1,0.016875,1.0074748181812598e-08,6.250000000000006e-05,0.2500000000000002
14,P9A1,0.017,3.252109502981114e-08,0.0001250000000000001,0.5000000000000004
14,P9A1,0.017125,1.599287839498033e-08,0.0001250000000000001,0.5000000000000004
14,P9A1,0.017225534583543776,7.347394567874703e-19,0.00010053458354377515,0.4021383341751006
14,P9A1,0.01725,7.459626433385898e-19,2.4465416456224964e-05,0.09786166582489986
14,P9A1,0.017259315092869466,3.494453449051705e-19,9.315092869464914e-06,0.037260371477859655
14,P9A1,0.017306110858438323,3.494453449051705e-19,4.679576556885709e-05,0.18718306227542836
14,P9A1,0.017427789601161318,7.306101711696056e-19,0.00012167874272299428,0.48671497089197713
14,P9A1,0.0175,8.06087952118518e-09,7.221039883868394e-05,0.28884159535473575
14,P9A1,0.017614221821995624,4.396674646004624e-18,0.00011422182199562203,0.4568872879824881
14,P9A1,0.017682110910997813,1.0892183122938398e-08,6.78890890021891e-05,0.2715563560087564
14,P9A1,0.017750000000000002,4.721420775638512e-09,6.78890890021891e-05,0.2715563560087564
14,P9A1,0.017867883046926134,2.2461386430356796e-19,0.0001178830469261323,0.4715321877045292
14,P9A1,0.017933941523463066,4.009763924294819e-09,6.605847653693223e-05,0.2642339061477289
14,P9A1,0.018000000000000002,4.39444227602571e-09,6.60584765369357e-05,0.2642339061477428
14,P9A1,0.018062500000000002,5.747338286146502e-09,6.250000000000006e-05,0.2500000000000002
14,P9A1,0.018125000000000002,5.890385796401785e-09,6.250000000000006e-05,0.2500000000000002
14,P9A1,0.01825,3.754655832258106e-09,0.00012499999999999664,0.49999999999998657
14,P9A1,0.0183125,3.6828180754460056e-09,6.250000000000006e-05,0.2500000000000002
14,P9A1,0.018375,1.5132950713925932e-09,6.250000000000006e-05,0.2500000000000002
14,P9A1,0.0184375,3.738382230066541e-09,6.250000000000006e-05,0.2500000000000002
14,P9A1,0.0185,3.6713625469031156e-09,6.250000000000006e-05,0.2500000000000002
14,P9A1,0.018607863918024638,1.7816721795937856e-18,0.00010786391802463866,0.4314556720985546
14,P9A1,0.018643397938518477,2.3649607790148256e-11,3.5534020493839524e-05,0.1421360819753581
14,P9A1,0.018678931959012317,3.911763835078369e-09,3.5534020493839524e-05,0.1421360819753581
14,P9A1,0.01875,1.5283533076493414e-09,7.106804098768252e-05,0.2842721639507301
14,P9A1,0.01878125,1.515603963774951e-09,3.125000000000003e-05,0.1250000000000001
14,P9A1,0.0188125,2.8068506778401373e-09,3.125000000000003e-05,0.1250000000000001
14,P9A1,0.018875,2.548632272234733e-09,6.250000000000006e-05,0.2500000000000002
14,P9A1,0.01890625,2.534577764906414e-09,3.125000000000003e-05,0.1250000000000001
14,P9A1,0.0189375,4.5714193675838685e-09,3.125000000000003e-05,0.1250000000000001
14,P9A1,0.019,4.845832011503747e-10,6.250000000000006e-05,0.2500000000000002
14,P9A1,0.0190625,5.65013986784425e-09,6.250000000000006e-05,0.2500000000000002
14,P9A1,0.019103787525673398,3.1615947297894476e-18,4.1287525673398134e-05,0.16515010269359254
14,P9A1,0.019125,3.1621241253814815e-18,2.121247432660192e-05,0.08484989730640768
14,P9A1,0.0191875,5.160337417637136e-09,6.250000000000006e-05,0.2500000000000002
14,P9A1,0.01925,9.355942157019727e-10,6.250000000000006e-05,0.2500000000000002
14,P9A1,0.01928125,1.0186876040954655e-09,3.125000000000003e-05,0.1250000000000001
14,P9A1,0.0193125,2.4771866665115457e-09,3.125000000000003e-05,0.1250000000000001
14,P9A1,0.019375,2.4786806636297475e-09,6.250000000000006e-05,0.2500000000000002
14,P9A1,0.0194375,2.3583326743933967e-09,6.250000000000006e-05,0.2500000000000002
14,P9A1,0.0195,3.4673926894339683e-09,6.250000000000006e-05,0.2500000000000002
14,P9A1,0.019543125942941254,2.7938765515626745e-18,4.312594294125435e-05,0.1725037717650174
14,P9A1,0.019646562971470626,2.9764205324458296e-09,0.0001034370285293712,0.4137481141174848
14,P9A1,0.01969828148573531,6.749916846293523e-09,5.17185142646856e-05,0.2068740570587424
14,P9A1,0.01975,4.663062789743899e-09,5.171851426468907e-05,0.20687405705875628
14,P9A1,0.0198125,8.51113356688007e-09,6.250000000000006e-05,0.2500000000000002
14,P9A1,0.0198722394554934,1.973736900383698e-18,5.973945549339957e-05,0.23895782197359827
14,P9A1,0.019875,1.9601843732276294e-18,2.7605445066004874e-06,0.01104217802640195
14,P9A1,0.019890625000000002,1.9466318460715606e-18,1.562500000000175e-05,0.062500000000007
14,P9A1,0.01990625,7.007523056252293e-10,1.562499999999828e-05,0.06249999999999312
14,P9A1,0.0199375,2.894359664680752e-09,3.125000000000003e-05,0.1250000000000001
14,P9A1,0.02,2.89958281170629e-09,6.250000000000006e-05,0.2500000000000002
14,P9A1,0.02003125,2.963731173665677e-09,3.125000000000003e-05,0.1250000000000001
14,P9A1,0.0200625,5.336361604316391e-09,3.125000000000003e-05,0.1250000000000001
14,P9A1,0.020125,4.1186810193197747e-10,6.250000000000006e-05,0.2500000000000002
14,P9A1,0.020160577782196924,3.9629937770104225e-18,3.557778219692373e-05,0.14231112878769492
14,P9A1,0.020182933336647692,3.9629937770104225e-18,2.2355554450768228e-05,0.08942221780307291
14,P9A1,0.02020528889109846,3.515945816069441e-10,2.2355554450768228e-05,0.08942221780307291
14,P9A1,0.020212331950113866,4.744275791734108e-18,7.04305901540539e-06,0.02817223606162156
14,P9A1,0.02025,2.8890606653142748e-09,3.7668049886134536e-05,0.15067219954453814
14,P9A1,0.020317953468344998,1.448047077493998e-18,6.795346834499727e-05,0.2718138733799891
14,P9A1,0.0204089767341725,2.0668418963629663e-09,9.102326582750148e-05,0.3640930633100059
14,P9A1,0.02045448836708625,2.0613452721402045e-09,4.551163291375074e-05,0.18204653165500295
14,P9A1,0.0205,3.1199216509430333e-09,4.551163291375074e-05,0.18204653165500295
14,P9A1,0.020586618549775445,1.7103903038973347e-19,8.661854977544403e-05,0.3464741991017761
14,P9A1,0.020607041231053516,1.634391684353302e-11,2.042268127807126e-05,0.08169072511228503
14,P9A1,0.020627463912331584,9.61658571375657e-10,2.042268127806779e-05,0.08169072511227116
14,P9A1,0.020668309274887723,9.82147625365216e-10,4.084536255613905e-05,0.1633814502245562
14,P9A1,0.02068413187174881,2.1947066204986638e-18,1.5822596861087e-05,0.063290387444348
14,P9A1,0.020717065935874406,2.1947066204986638e-18,3.293406412559555e-05,0.1317362565023822
14,P9A1,0.02075,3.3100551371742343e-10,3.293406412559555e-05,0.1317362565023822
14,P9A1,0.020875,6.6175950767667995e-09,0.0001250000000000001,0.5000000000000004
14,P9A1,0.0209375,6.343822677957364e-09,6.250000000000006e-05,0.2500000000000002
14,P9A1,0.021,6.708688847608806e-09,6.250000000000006e-05,0.2500000000000002
14,P9A1,0.0210625,6.8004581864098164e-09,6.250000000000006e-05,0.2500000000000002
14,P9A1,0.021125,7.715937203509713e-09,6.250000000000006e-05,0.2500000000000002
14,P9A1,0.0211875,7.683540128464082e-09,6.250000000000006e-05,0.2500000000000002
14,P9A1,0.02125,1.1370346755764252e-08,6.250000000000006e-05,0.2500000000000002
14,P9A1,0.0213125,1.2647303616597845e-08,6.250000000000006e-05,0.2500000000000002
14,P9A1,0.021375,1.577074094217202e-08,6.250000000000006e-05,0.2500000000000002
14,P9A1,0.0214375,8.799968567891394e-09,6.250000000000006e-05,0.2500000000000002
14,P9A1,0.02149250660132384,7.103872595539092e-19,5.500660132383775e-05,0.220026405295351
14,P9A1,0.021500000000000002,2.4434341075238e-11,7.493398676162305e-06,0.02997359470464922
14,P9A1,0.021625000000000002,7.92011979085225e-09,0.0001250000000000001,0.5000000000000004
14,P9A1,0.021750000000000002,7.920931788424952e-09,0.0001250000000000001,0.5000000000000004
14,P9A1,0.021875,1.556276538831588e-08,0.00012499999999999664,0.49999999999998657
14,P9A1,0.022,2.750789568917072e-08,0.0001250000000000001,0.5000000000000004
14,P9A1,0.0220625,2.626510349855496e-08,6.250000000000006e-05,0.2500000000000002
14,P9A1,0.022125,2.365108285786102e-08,6.250000000000006e-05,0.2500000000000002
14,P9A1,0.02225,3.093100567146468e-08,0.0001250000000000001,0.5000000000000004
14,P9A1,0.022375,3.263299628852325e-08,0.0001250000000000001,0.5000000000000004
14,P9A1,0.0225,3.729305127125191e-08,0.0001250000000000001,0.5000000000000004
14,P9A1,0.0225625,3.57461679461097e-08,6.250000000000006e-05,0.2500000000000002
14,P9A1,0.022625,3.413661514756321e-08,6.250000000000006e-05,0.2500000000000002
14,P9A1,0.022652035816688117,2.229897540706086e-08,2.703581668811808e-05,0.10814326675247232
17,P9A,0.0,3.903427450237242e-08,0.0,0.0
17,P9A,0.00025,3.904018296159212e-08,0.00025,1.0
17,P9A,0.0005,3.904804723019499e-08,0.00025,1.0
17,P9A,0.00075,3.905760026575082e-08,0.00025,1.0
17,P9A,0.001,3.906861151187067e-08,0.00025,1.0
17,P9A,0.00125,3.9080881907391155e-08,0.00025,1.0
17,P9A,0.0015,3.909423958001585e-08,0.00025,1.0
17,P9A,0.00175,3.9108536130396766e-08,0.00025,1.0
17,P9A,0.002,3.9123643424665813e-08,0.00025,1.0
17,P9A,0.0022500000000000003,3.913945082623096e-08,0.0002500000000000002,1.0000000000000009
17,P9A,0.0025,3.9155862806033064e-08,0.0002499999999999998,0.9999999999999991
17,P9A,0.00275,3.917279687942182e-08,0.0002499999999999998,0.9999999999999991
17,P9A,0.003,3.919018182513512e-08,0.0002500000000000002,1.0000000000000009
17,P9A,0.0032500000000000003,3.920795614752136e-08,0.0002500000000000002,1.0000000000000009
17,P9A,0.0035,3.9226066748712147e-08,0.0002499999999999998,0.9999999999999991
17,P9A,0.00375,3.9244467782249826e-08,0.0002499999999999998,0.9999999999999991
17,P9A,0.004,3.9263119663065835e-08,0.0002500000000000002,1.0000000000000009
17,P9A,0.00425,3.9281988212748653e-08,0.0002500000000000002,1.0000000000000009
17,P9A,0.0045000000000000005,3.9301043921447974e-08,0.0002500000000000002,1.0000000000000009
17,P9A,0.00475,3.932026131044747e-08,0.00024999999999999935,0.9999999999999974
17,P9A,0.005,3.933961838183882e-08,0.0002500000000000002,1.0000000000000009
17,P9A,0.00525,3.935909614321866e-08,0.0002500000000000002,1.0000000000000009
17,P9A,0.0055,3.937867819728614e-08,0.00024999999999999935,0.9999999999999974
17,P9A,0.00575,3.939835038750676e-08,0.0002500000000000002,1.0000000000000009
17,P9A,0.006,3.941810049205515e-08,0.0002500000000000002,1.0000000000000009
17,P9A,0.00625,3.943791795957816e-08,0.0002500000000000002,1.0000000000000009
17,P9A,0.006500000000000001,3.945779368107383e-08,0.0002500000000000002,1.0000000000000009
17,P9A,0.00675,3.947771979279405e-08,0.00024999999999999935,0.9999999999999974
17,P9A,0.007,3.949768950617686e-08,0.0002500000000000002,1.0000000000000009
17,P9A,0.00725,3.951769696089702e-08,0.0002500000000000002,1.0000000000000009
17,P9A,0.0075,3.9537737098045796e-08,0.00024999999999999935,0.9999999999999974
17,P9A,0.00775,3.955780555065717e-08,0.0002500000000000002,1.0000000000000009
17,P9A,0.008,3.957789854904721e-08,0.0002500000000000002,1.0000000000000009
17,P9A,0.00825,3.9598012839220066e-08,0.0002500000000000002,1.0000000000000009
17,P9A,0.0085,3.9618145612416065e-08,0.0002500000000000002,1.0000000000000009
17,P9A,0.00875,3.963829444415798e-08,0.0002500000000000002,1.0000000000000009
17,P9A,0.009000000000000001,3.965845724179681e-08,0.0002500000000000002,1.0000000000000009
17,P9A,0.00925,3.9678632199019764e-08,0.0002499999999999985,0.9999999999999939
17,P9A,0.0095,3.9698817756868204e-08,0.0002500000000000002,1.0000000000000009
17,P9A,0.00975,3.9719012569664594e-08,0.0002500000000000002,1.0000000000000009
17,P9A,0.01,3.973921547606101e-08,0.0002500000000000002,1.0000000000000009
17,P9A,0.01025,3.975942547365421e-08,0.0002500000000000002,1.0000000000000009
17,P9A,0.0105,3.9779641697445464e-08,0.0002500000000000002,1.0000000000000009
17,P9A,0.010750000000000001,3.979986340077046e-08,0.0002500000000000002,1.0000000000000009
17,P9A,0.011,3.982008993927737e-08,0.0002499999999999985,0.9999999999999939
17,P9A,0.01125,3.984032075690674e-08,0.0002500000000000002,1.0000000000000009
17,P9A,0.0115,3.986055537377132e-08,0.0002500000000000002,1.0000000000000009
17,P9A,0.01175,3.988079337574061e-08,0.0002500000000000002,1.0000000000000009
17,P9A,0.012,3.990103440545934e-08,0.0002500000000000002,1.0000000000000009
17,P9A,0.01225,3.992127815454537e-08,0.0002500000000000002,1.0000000000000009
17,P9A,0.0125,3.99415243568294e-08,0.0002500000000000002,1.0000000000000009
17,P9A,0.012750000000000001,3.996177278271817e-08,0.0002500000000000002,1.0000000000000009
17,P9A,0.013000000000000001,3.998202323404705e-08,0.0002500000000000002,1.0000000000000009
17,P9A,0.01325,4.0002275539874423e-08,0.0002499999999999985,0.9999999999999939
17,P9A,0.0135,4.002252955264248e-08,0.0002500000000000002,1.0000000000000009
17,P9A,0.01375,4.0042785145082415e-08,0.0002500000000000002,1.0000000000000009
17,P9A,0.014,4.006304220736422e-08,0.0002500000000000002,1.0000000000000009
17,P9A,0.01425,4.008330064475891e-08,0.0002500000000000002,1.0000000000000009
17,P9A,0.0145,4.010356037546894e-08,0.0002500000000000002,1.0000000000000009
17,P9A,0.014750000000000001,4.012382132898262e-08,0.0002500000000000002,1.0000000000000009
17,P9A,0.015,4.0144083444455044e-08,0.0002499999999999985,0.9999999999999939
17,P9A,0.01525,4.016434666940542e-08,0.0002500000000000002,1.0000000000000009
17,P9A,0.0155,4.01846109585358e-08,0.0002500000000000002,1.0000000000000009
17,P9A,0.01575,4.020487627278548e-08,0.0002500000000000002,1.0000000000000009
17,P9A,0.016,4.0225142578431e-08,0.0002500000000000002,1.0000000000000009
17,P9A,0.01625,4.024540984644465e-08,0.0002500000000000002,1.0000000000000009
17,P9A,0.0165,4.026567805176209e-08,0.0002500000000000002,1.0000000000000009
17,P9A,0.01675,4.02859471727519e-08,0.0002500000000000002,1.0000000000000009
17,P9A,0.017,4.030621719077268e-08,0.0002500000000000002,1.0000000000000009
17,P9A,0.01725,4.032648808973314e-08,0.0002500000000000002,1.0000000000000009
17,P9A,0.0175,4.034675985576004e-08,0.0002500000000000002,1.0000000000000009
17,P9A,0.017750000000000002,4.036703247689793e-08,0.0002500000000000002,1.0000000000000009
17,P9A,0.018000000000000002,4.038730594284192e-08,0.0002500000000000002,1.0000000000000009
17,P9A,0.01825,4.040758024470134e-08,0.00024999999999999675,0.999999999999987
17,P9A,0.0185,4.042785537482504e-08,0.0002500000000000002,1.0000000000000009
17,P9A,0.01875,4.0448131326580976e-08,0.0002500000000000002,1.0000000000000009
17,P9A,0.019,4.046840809430609e-08,0.0002500000000000002,1.0000000000000009
17,P9A,0.01925,4.048868567308536e-08,0.0002500000000000002,1.0000000000000009
17,P9A,0.0195,4.0508964058700367e-08,0.0002500000000000002,1.0000000000000009
17,P9A,0.01975,4.052924324747042e-08,0.0002500000000000002,1.0000000000000009
17,P9A,0.02,4.054952323632271e-08,0.0002500000000000002,1.0000000000000009
17,P9A,0.02025,4.0569804022532e-08,0.0002500000000000002,1.0000000000000009
17,P9A,0.0205,4.059008560375784e-08,0.0002500000000000002,1.0000000000000009
17,P9A,0.02075,4.061036797799763e-08,0.0002500000000000002,1.0000000000000009
17,P9A,0.021,4.063065114354968e-08,0.0002500000000000002,1.0000000000000009
17,P9A,0.02125,4.065093509891559e-08,0.0002500000000000002,1.0000000000000009
17,P9A,0.021500000000000002,4.067121984287256e-08,0.0002500000000000002,1.0000000000000009
17,P9A,0.021750000000000002,4.069150537425995e-08,0.0002500000000000002,1.0000000000000009
17,P9A,0.022,4.071179169220827e-08,0.00024999999999999675,0.999999999999987
17,P9A,0.02225,4.073207879588839e-08,0.0002500000000000002,1.0000000000000009
17,P9A,0.0225,4.075236668454846e-08,0.0002500000000000002,1.0000000000000009
17,P9A,0.02275,4.077265535767147e-08,0.0002500000000000002,1.0000000000000009
17,P9A,0.023,4.0792944814754813e-08,0.0002500000000000002,1.0000000000000009
17,P9A,0.02325,4.0813235055334315e-08,0.0002500000000000002,1.0000000000000009
17,P9A,0.0235,4.0833526079070315e-08,0.0002500000000000002,1.0000000000000009
17,P9A,0.02375,4.085381788566286e-08,0.0002500000000000002,1.0000000000000009
17,P9A,0.024,4.0874110474826707e-08,0.0002500000000000002,1.0000000000000009
17,P9A,0.02425,4.089440384635741e-08,0.0002500000000000002,1.0000000000000009
17,P9A,0.0245,4.091469800002224e-08,0.0002500000000000002,1.0000000000000009
17,P9A,0.02475,4.093499293570007e-08,0.0002500000000000002,1.0000000000000009
17,P9A,0.025,4.095528865325369e-08,0.0002500000000000002,1.0000000000000009
17,P9A,0.02525,4.097558515256186e-08,0.0002500000000000002,1.0000000000000009
17,P9A,0.025500000000000002,4.099588243354179e-08,0.0002500000000000002,1.0000000000000009
17,P9A,0.025750000000000002,4.1016180496082725e-08,0.0002500000000000002,1.0000000000000009
17,P9A,0.026000000000000002,4.1036479340187524e-08,0.0002500000000000002,1.0000000000000009
17,P9A,0.02625,4.1056778965787155e-08,0.00024999999999999675,0.999999999999987
17,P9A,0.0265,4.10770793728399e-08,0.0002500000000000002,1.0000000000000009
17,P9A,0.02675,4.109738056131834e-08,0.0002500000000000002,1.0000000000000009
17,P9A,0.027,4.111768253123624e-08,0.0002500000000000002,1.0000000000000009
17,P9A,0.02725,4.1137985282553144e-08,0.0002500000000000002,1.0000000000000009
17,P9A,0.0275,4.115828881529733e-08,0.0002500000000000002,1.0000000000000009
17,P9A,0.02775,4.117859312942571e-08,0.0002500000000000002,1.0000000000000009
17,P9A,0.028,4.1198898224939755e-08,0.0002500000000000002,1.0000000000000009
17,P9A,0.02825,4.121920410187865e-08,0.0002500000000000002,1.0000000000000009
17,P9A,0.0285,4.123951076027055e-08,0.0002500000000000002,1.0000000000000009
17,P9A,0.02875,4.125981820008867e-08,0.0002500000000000002,1.0000000000000009
17,P9A,0.029,4.128012642135885e-08,0.0002500000000000002,1.0000000000000009
17,P9A,0.02925,4.1300435424137947e-08,0.0002500000000000002,1.0000000000000009
17,P9A,0.029500000000000002,4.13207452083674e-08,0.0002500000000000002,1.0000000000000009
17,P9A,0.029750000000000002,4.134105577413309e-08,0.0002500000000000002,1.0000000000000009
17,P9A,0.03,4.1361367121430455e-08,0.00024999999999999675,0.999999999999987
17,P9A,0.03025,4.1381679250332024e-08,0.0002500000000000002,1.0000000000000009
17,P9A,0.0305,4.140199216083399e-08,0.0002500000000000002,1.0000000000000009
17,P9A,0.03075,4.142230585296705e-08,0.0002500000000000002,1.0000000000000009
17,P9A,0.031,4.1442620326741584e-08,0.0002500000000000002,1.0000000000000009
17,P9A,0.03125,4.146293558221445e-08,0.0002500000000000002,1.0000000000000009
17,P9A,0.0315,4.148325161935484e-08,0.0002500000000000002,1.0000000000000009
17,P9A,0.03175,4.1503568438276354e-08,0.0002500000000000002,1.0000000000000009
17,P9A,0.032,4.1523886038934e-08,0.0002500000000000002,1.0000000000000009
17,P9A,0.03225,4.1544204421399034e-08,0.0002500000000000002,1.0000000000000009
17,P9A,0.0325,4.156452358569475e-08,0.0002500000000000002,1.0000000000000009
17,P9A,0.03275,4.158484353186508e-08,0.0002500000000000002,1.0000000000000009
17,P9A,0.033,4.1605164259908765e-08,0.0002500000000000002,1.0000000000000009
17,P9A,0.03325,4.1625485769908066e-08,0.0002500000000000002,1.0000000000000009
17,P9A,0.0335,4.1645808061834927e-08,0.0002500000000000002,1.0000000000000009
17,P9A,0.03375,4.166613113575817e-08,0.0002500000000000002,1.0000000000000009
17,P9A,0.034,4.168645499168986e-08,0.0002500000000000002,1.0000000000000009
17,P9A,0.03425,4.170677962967225e-08,0.0002500000000000002,1.0000000000000009
17,P9A,0.0345,4.172710504973223e-08,0.0002500000000000002,1.0000000000000009
17,P9A,0.03475,4.1747431251882087e-08,0.0002500000000000002,1.0000000000000009
17,P9A,0.035,4.176775823619106e-08,0.0002500000000000002,1.0000000000000009
17,P9A,0.035250000000000004,4.178808600270065e-08,0.0002500000000000002,1.0000000000000009
17,P9A,0.035500000000000004,4.180841455139477e-08,0.0002500000000000002,1.0000000000000009
17,P9A,0.035750000000000004,4.1828743882330806e-08,0.0002500000000000002,1.0000000000000009
17,P9A,0.036000000000000004,4.1849073995518815e-08,0.0002500000000000002,1.0000000000000009
17,P9A,0.03625,4.186940489102984e-08,0.0002499999999999933,0.9999999999999731
17,P9A,0.0365,4.188973656884885e-08,0.0002500000000000002,1.0000000000000009
17,P9A,0.03675,4.191006902904308e-08,0.0002500000000000002,1.0000000000000009
17,P9A,0.037,4.193040227165509e-08,0.0002500000000000002,1.0000000000000009
17,P9A,0.03725,4.1950736296683075e-08,0.0002500000000000002,1.0000000000000009
17,P9A,0.0375,4.1971071104196393e-08,0.0002500000000000002,1.0000000000000009
17,P9A,0.03775,4.199140669418181e-08,0.0002500000000000002,1.0000000000000009
17,P9A,0.038,4.201174306669141e-08,0.0002500000000000002,1.0000000000000009
17,P9A,0.03825,4.203208022176766e-08,0.0002500000000000002,1.0000000000000009
17,P9A,0.0385,4.205241815943586e-08,0.0002500000000000002,1.0000000000000009
17,P9A,0.03875,4.207275687973974e-08,0.0002500000000000002,1.0000000000000009
17,P9A,0.039,4.209309638269137e-08,0.0002500000000000002,1.0000000000000009
17,P9A,0.03925,4.2113436668304404e-08,0.0002500000000000002,1.0000000000000009
17,P9A,0.0395,4.213377773664513e-08,0.0002500000000000002,1.0000000000000009
17,P9A,0.03975,4.215411958775695e-08,0.0002500000000000002,1.0000000000000009
17,P9A,0.04,4.217446222166677e-08,0.0002500000000000002,1.0000000000000009
17,P9A,0.04025,4.219480563837172e-08,0.0002500000000000002,1.0000000000000009
17,P9A,0.0405,4.2215149837929185e-08,0.0002500000000000002,1.0000000000000009
17,P9A,0.04075,4.2235494820393066e-08,0.0002500000000000002,1.0000000000000009
17,P9A,0.041,4.2255840585746735e-08,0.0002500000000000002,1.0000000000000009
17,P9A,0.04125,4.227618713407638e-08,0.0002500000000000002,1.0000000000000009
17,P9A,0.0415,4.2296534465378505e-08,0.0002500000000000002,1.0000000000000009
17,P9A,0.04175,4.2316882579722144e-08,0.0002500000000000002,1.0000000000000009
17,P9A,0.042,4.2337231477094274e-08,0.0002500000000000002,1.0000000000000009
17,P9A,0.04225,4.2357581157549104e-08,0.0002500000000000002,1.0000000000000009
17,P9A,0.0425,4.237793162111332e-08,0.0002500000000000002,1.0000000000000009
17,P9A,0.04275,4.239828286780057e-08,0.0002500000000000002,1.0000000000000009
17,P9A,0.043000000000000003,4.241863489767842e-08,0.0002500000000000002,1.0000000000000009
17,P9A,0.043250000000000004,4.243898771073362e-08,0.0002500000000000002,1.0000000000000009
17,P9A,0.043500000000000004,4.245934130703394e-08,0.0002500000000000002,1.0000000000000009
17,P9A,0.043750000000000004,4.247969568664651e-08,0.0002500000000000002,1.0000000000000009
17,P9A,0.044,4.250005084956095e-08,0.0002499999999999933,0.9999999999999731
17,P9A,0.04425,4.252040679578658e-08,0.0002500000000000002,1.0000000000000009
17,P9A,0.0445,4.254076352538184e-08,0.0002500000000000002,1.0000000000000009
17,P9A,0.04475,4.256112103835605e-08,0.0002500000000000002,1.0000000000000009
17,P9A,0.045,4.258147933475262e-08,0.0002500000000000002,1.0000000000000009
17,P9A,0.04525,4.2601838414640695e-08,0.0002500000000000002,1.0000000000000009
17,P9A,0.0455,4.262219827798903e-08,0.0002500000000000002,1.0000000000000009
17,P9A,0.04575,4.264255892488287e-08,0.0002500000000000002,1.0000000000000009
17,P9A,0.046,4.2662920355333005e-08,0.0002500000000000002,1.0000000000000009
17,P9A,0.04625,4.2683282569396613e-08,0.0002500000000000002,1.0000000000000009
17,P9A,0.0465,4.270364556708407e-08,0.0002500000000000002,1.0000000000000009
17,P9A,0.04675,4.2724009348466e-08,0.0002500000000000002,1.0000000000000009
17,P9A,0.047,4.274437391351402e-08,0.0002500000000000002,1.0000000000000009
17,P9A,0.04725,4.2764739262297595e-08,0.0002500000000000002,1.0000000000000009
17,P9A,0.0475,4.278510539484012e-08,0.0002500000000000002,1.0000000000000009
17,P9A,0.04775,4.280547231118575e-08,0.0002500000000000002,1.0000000000000009
17,P9A,0.048,4.2825840011347394e-08,0.0002500000000000002,1.0000000000000009
17,P9A,0.04825,4.284620849536635e-08,0.0002500000000000002,1.0000000000000009
17,P9A,0.0485,4.286657776324104e-08,0.0002500000000000002,1.0000000000000009
17,P9A,0.04875,4.288694781504016e-08,0.0002500000000000002,1.0000000000000009
17,P9A,0.049,4.2907318650776535e-08,0.0002500000000000002,1.0000000000000009
17,P9A,0.04925,4.2927690270518665e-08,0.0002500000000000002,1.0000000000000009
17,P9A,0.0495,4.2948062674280315e-08,0.0002500000000000002,1.0000000000000009
17,P9A,0.04975,4.296843586210341e-08,0.0002500000000000002,1.0000000000000009
17,P9A,0.05,4.298880983398478e-08,0.0002500000000000002,1.0000000000000009
17,P9A,0.05025,4.3009184589982546e-08,0.0002500000000000002,1.0000000000000009
17,P9A,0.0505,4.302956013011969e-08,0.0002500000000000002,1.0000000000000009
17,P9A,0.05075,4.304993645444078e-08,0.0002500000000000002,1.0000000000000009
17,P9A,0.051000000000000004,4.3070313562970593e-08,0.0002500000000000002,1.0000000000000009
17,P9A,0.051250000000000004,4.3090691455765145e-08,0.0002500000000000002,1.0000000000000009
17,P9A,0.051500000000000004,4.311107013282284e-08,0.0002500000000000002,1.0000000000000009
17,P9A,0.051750000000000004,4.3131449594212934e-08,0.0002500000000000002,1.0000000000000009
17,P9A,0.052000000000000005,4.315182983993531e-08,0.0002500000000000002,1.0000000000000009
17,P9A,0.05225,4.3172210870015385e-08,0.0002499999999999933,0.9999999999999731
17,P9A,0.0525,4.3192592684495614e-08,0.0002500000000000002,1.0000000000000009
17,P9A,0.05275,4.321297528340321e-08,0.0002500000000000002,1.0000000000000009
17,P9A,0.053,4.323335866679164e-08,0.0002500000000000002,1.0000000000000009
17,P9A,0.05325,4.325374283466016e-08,0.0002500000000000002,1.0000000000000009
17,P9A,0.0535,4.327412778707876e-08,0.0002500000000000002,1.0000000000000009
17,P9A,0.05375,4.329451352404649e-08,0.0002500000000000002,1.0000000000000009
17,P9A,0.054,4.331490004561756e-08,0.0002500000000000002,1.0000000000000009
17,P9A,0.05425,4.333528735181885e-08,0.0002500000000000002,1.0000000000000009
17,P9A,0.0545,4.3355675442705754e-08,0.0002500000000000002,1.0000000000000009
17,P9A,0.05475,4.337606431827826e-08,0.0002500000000000002,1.0000000000000009
17,P9A,0.055,4.339645397854749e-08,0.0002500000000000002,1.0000000000000009
17,P9A,0.05525,4.341684442359687e-08,0.0002500000000000002,1.0000000000000009
17,P9A,0.0555,4.343723565342694e-08,0.0002500000000000002,1.0000000000000009
17,P9A,0.05575,4.345762766807845e-08,0.0002500000000000002,1.0000000000000009
17,P9A,0.056,4.3478020467562955e-08,0.0002500000000000002,1.0000000000000009
17,P9A,0.05625,4.349841405193635e-08,0.0002500000000000002,1.0000000000000009
17,P9A,0.0565,4.3518808421239403e-08,0.0002500000000000002,1.0000000000000009
17,P9A,0.05675,4.353920357548418e-08,0.0002500000000000002,1.0000000000000009
17,P9A,0.057,4.355959951475433e-08,0.0002500000000000002,1.0000000000000009
17,P9A,0.05725,4.357999623904869e-08,0.0002500000000000002,1.0000000000000009
17,P9A,0.0575,4.3600393748381015e-08,0.0002500000000000002,1.0000000000000009
17,P9A,0.05775,4.3620792042806687e-08,0.0002500000000000002,1.0000000000000009
17,P9A,0.058,4.364119112233629e-08,0.0002500000000000002,1.0000000000000009
17,P9A,0.05825,4.366159098704204e-08,0.0002500000000000002,1.0000000000000009
17,P9A,0.0585,4.368199163690731e-08,0.0002500000000000002,1.0000000000000009
17,P9A,0.058750000000000004,4.370239307197286e-08,0.0002500000000000002,1.0000000000000009
17,P9A,0.059000000000000004,4.37227952922929e-08,0.0002500000000000002,1.0000000000000009
17,P9A,0.059250000000000004,4.374319829791106e-08,0.0002500000000000002,1.0000000000000009
17,P9A,0.059500000000000004,4.376360208883729e-08,0.0002500000000000002,1.0000000000000009
17,P9A,0.059750000000000004,4.378400666510081e-08,0.0002500000000000002,1.0000000000000009
17,P9A,0.06,4.3804412026742066e-08,0.0002499999999999933,0.9999999999999731
17,P9A,0.06025,4.3824818173788164e-08,0.0002500000000000002,1.0000000000000009
17,P9A,0.0605,4.384522510627955e-08,0.0002500000000000002,1.0000000000000009
17,P9A,0.06075,4.386563282424322e-08,0.0002500000000000002,1.0000000000000009
17,P9A,0.061,4.3886041327706496e-08,0.0002500000000000002,1.0000000000000009
17,P9A,0.06125,4.3906450616710244e-08,0.0002500000000000002,1.0000000000000009
17,P9A,0.0615,4.3926860691295863e-08,0.0002500000000000002,1.0000000000000009
17,P9A,0.06175,4.394727155147733e-08,0.0002500000000000002,1.0000000000000009
17,P9A,0.062,4.396768319727889e-08,0.0002500000000000002,1.0000000000000009
17,P9A,0.06225,4.398809562877096e-08,0.0002500000000000002,1.0000000000000009
17,P9A,0.0625,4.400850884595374e-08,0.0002500000000000002,1.0000000000000009
17,P9A,0.06275,4.402892284886609e-08,0.0002500000000000002,1.0000000000000009
17,P9A,0.063,4.40493376375635e-08,0.0002500000000000002,1.0000000000000009
17,P9A,0.06325,4.406975321206004e-08,0.0002500000000000002,1.0000000000000009
17,P9A,0.0635,4.409016957239415e-08,0.0002500000000000002,1.0000000000000009
17,P9A,0.06375,4.4110586718609985e-08,0.0002500000000000002,1.0000000000000009
17,P9A,0.064,4.413100465070595e-08,0.0002500000000000002,1.0000000000000009
17,P9A,0.06425,4.4151423368722497e-08,0.0002500000000000002,1.0000000000000009
17,P9A,0.0645,4.4171842872686726e-08,0.0002500000000000002,1.0000000000000009
17,P9A,0.06475,4.419226316265327e-08,0.0002500000000000002,1.0000000000000009
17,P9A,0.065,4.421268423866375e-08,0.0002500000000000002,1.0000000000000009
17,P9A,0.06525,4.423310610071508e-08,0.0002500000000000002,1.0000000000000009
17,P9A,0.0655,4.4253528748879374e-08,0.0002500000000000002,1.0000000000000009
17,P9A,0.06575,4.427395218314064e-08,0.0002500000000000002,1.0000000000000009
17,P9A,0.066,4.4294376403552774e-08,0.0002500000000000002,1.0000000000000009
17,P9A,0.06625,4.431480141017104e-08,0.0002500000000000002,1.0000000000000009
17,P9A,0.0665,4.4335227203009315e-08,0.0002500000000000002,1.0000000000000009
17,P9A,0.06675,4.4355653782081464e-08,0.0002500000000000002,1.0000000000000009
17,P9A,0.067,4.437608114745313e-08,0.0002500000000000002,1.0000000000000009
17,P9A,0.06725,4.43965092991545e-08,0.0002500000000000002,1.0000000000000009
17,P9A,0.0675,4.4416938237169146e-08,0.0002500000000000002,1.0000000000000009
17,P9A,0.06775,4.443736796158115e-08,0.0002500000000000002,1.0000000000000009
17,P9A,0.068,4.445779847238934e-08,0.0002500000000000002,1.0000000000000009
17,P9A,0.06825,4.4478229769634266e-08,0.0002500000000000002,1.0000000000000009
17,P9A,0.0685,4.449866185335606e-08,0.0002500000000000002,1.0000000000000009
17,P9A,0.06875,4.4519094723582574e-08,0.0002500000000000002,1.0000000000000009
17,P9A,0.069,4.4539528380382196e-08,0.0002500000000000002,1.0000000000000009
17,P9A,0.06925,4.455996282374011e-08,0.0002500000000000002,1.0000000000000009
17,P9A,0.0695,4.458039805371253e-08,0.0002500000000000002,1.0000000000000009
17,P9A,0.06975,4.460083407035124e-08,0.0002500000000000002,1.0000000000000009
17,P9A,0.07,4.462127087365983e-08,0.0002500000000000002,1.0000000000000009
17,P9A,0.07025,4.464170846366213e-08,0.0002500000000000002,1.0000000000000009
17,P9A,0.07050000000000001,4.466214684041394e-08,0.0002500000000000002,1.0000000000000009
17,P9A,0.07075000000000001,4.468258600391536e-08,0.0002500000000000002,1.0000000000000009
17,P9A,0.07100000000000001,4.470302595423363e-08,0.0002500000000000002,1.0000000000000009
17,P9A,0.07125000000000001,4.472346669138282e-08,0.0002500000000000002,1.0000000000000009
17,P9A,0.07150000000000001,4.474390821538941e-08,0.0002500000000000002,1.0000000000000009
17,P9A,0.07175000000000001,4.476435052630793e-08,0.0002500000000000002,1.0000000000000009
17,P9A,0.07200000000000001,4.4784793624153615e-08,0.0002500000000000002,1.0000000000000009
17,P9A,0.07225,4.480523750896512e-08,0.00024999999999998634,0.9999999999999454
17,P9A,0.0725,4.4825682180769654e-08,0.0002500000000000002,1.0000000000000009
17,P9A,0.07275,4.4846127639596015e-08,0.0002500000000000002,1.0000000000000009
17,P9A,0.073,4.486657388546951e-08,0.0002500000000000002,1.0000000000000009
17,P9A,0.07325,4.488702091845949e-08,0.0002500000000000002,1.0000000000000009
17,P9A,0.0735,4.490746873856595e-08,0.0002500000000000002,1.0000000000000009
17,P9A,0.07375,4.4927917345814515e-08,0.0002500000000000002,1.0000000000000009
17,P9A,0.074,4.4948366740274116e-08,0.0002500000000000002,1.0000000000000009
17,P9A,0.07425,4.4968816921958515e-08,0.0002500000000000002,1.0000000000000009
17,P9A,0.0745,4.4989267890908476e-08,0.0002500000000000002,1.0000000000000009
17,P9A,0.07475,4.500971964716434e-08,0.0002500000000000002,1.0000000000000009
17,P9A,0.075,4.5030172190739335e-08,0.0002500000000000002,1.0000000000000009
17,P9A,0.07525,4.505062552167614e-08,0.0002500000000000002,1.0000000000000009
17,P9A,0.0755,4.507107963998639e-08,0.0002500000000000002,1.0000000000000009
17,P9A,0.07575,4.5091534545697523e-08,0.0002500000000000002,1.0000000000000009
17,P9A,0.076,4.511199023886353e-08,0.0002500000000000002,1.0000000000000009
17,P9A,0.07625,4.5132446719526755e-08,0.0002500000000000002,1.0000000000000009
17,P9A,0.0765,4.5152903987698855e-08,0.0002500000000000002,1.0000000000000009
17,P9A,0.07675,4.517336204345045e-08,0.0002500000000000002,1.0000000000000009
17,P9A,0.077,4.5193820886765016e-08,0.0002500000000000002,1.0000000000000009
17,P9A,0.07725,4.521428051766998e-08,0.0002500000000000002,1.0000000000000009
17,P9A,0.0775,4.5234740936236076e-08,0.0002500000000000002,1.0000000000000009
17,P9A,0.07775,4.525520214246001e-08,0.0002500000000000002,1.0000000000000009
17,P9A,0.078,4.527566413641093e-08,0.0002500000000000002,1.0000000000000009
17,P9A,0.07825,4.52961269181027e-08,0.0002500000000000002,1.0000000000000009
17,P9A,0.0785,4.531659048758922e-08,0.0002500000000000002,1.0000000000000009
17,P9A,0.07875,4.5337054844898856e-08,0.0002500000000000002,1.0000000000000009
17,P9A,0.079,4.535751999001552e-08,0.0002500000000000002,1.0000000000000009
17,P9A,0.07925,4.537798592305007e-08,0.0002500000000000002,1.0000000000000009
17,P9A,0.0795,4.539845264397571e-08,0.0002500000000000002,1.0000000000000009
17,P9A,0.07975,4.541892015283162e-08,0.0002500000000000002,1.0000000000000009
17,P9A,0.08,4.543938844964629e-08,0.0002500000000000002,1.0000000000000009
17,P9A,0.08025,4.545985753445867e-08,0.0002500000000000002,1.0000000000000009
17,P9A,0.0805,4.5480327407311115e-08,0.0002500000000000002,1.0000000000000009
17,P9A,0.08075,4.550079806820204e-08,0.0002500000000000002,1.0000000000000009
17,P9A,0.081,4.552126951722748e-08,0.0002500000000000002,1.0000000000000009
17,P9A,0.08125,4.5541741754387956e-08,0.0002500000000000002,1.0000000000000009
17,P9A,0.0815,4.556221477972392e-08,0.0002500000000000002,1.0000000000000009
17,P9A,0.08175,4.55826885932755e-08,0.0002500000000000002,1.0000000000000009
17,P9A,0.082,4.5603163195070117e-08,0.0002500000000000002,1.0000000000000009
17,P9A,0.08225,4.5623638585134876e-08,0.0002500000000000002,1.0000000000000009
17,P9A,0.0825,4.56441147635116e-08,0.0002500000000000002,1.0000000000000009
17,P9A,0.08275,4.566459173021257e-08,0.0002500000000000002,1.0000000000000009
17,P9A,0.083,4.568506948526616e-08,0.0002500000000000002,1.0000000000000009
17,P9A,0.08325,4.570554802868339e-08,0.0002500000000000002,1.0000000000000009
17,P9A,0.0835,4.572602736056314e-08,0.0002500000000000002,1.0000000000000009
17,P9A,0.08375,4.574650748087566e-08,0.0002500000000000002,1.0000000000000009
17,P9A,0.084,4.576698838967464e-08,0.0002500000000000002,1.0000000000000009
17,P9A,0.08425,4.578747008701735e-08,0.0002500000000000002,1.0000000000000009
17,P9A,0.0845,4.580795257290083e-08,0.0002500000000000002,1.0000000000000009
17,P9A,0.08475,4.582843584738088e-08,0.0002500000000000002,1.0000000000000009
17,P9A,0.085,4.584891991047105e-08,0.0002500000000000002,1.0000000000000009
17,P9A,0.08525,4.5869404762210196e-08,0.0002500000000000002,1.0000000000000009
17,P9A,0.0855,4.5889890402669154e-08,0.0002500000000000002,1.0000000000000009
17,P9A,0.08575,4.591037683183469e-08,0.0002500000000000002,1.0000000000000009
17,P9A,0.08600000000000001,4.593086404974354e-08,0.0002500000000000002,1.0000000000000009
17,P9A,0.08625000000000001,4.595135205644007e-08,0.0002500000000000002,1.0000000000000009
17,P9A,0.08650000000000001,4.5971840851936346e-08,0.0002500000000000002,1.0000000000000009
17,P9A,0.08675000000000001,4.5992330436299715e-08,0.0002500000000000002,1.0000000000000009
17,P9A,0.08700000000000001,4.6012820809545207e-08,0.0002500000000000002,1.0000000000000009
17,P9A,0.08725000000000001,4.6033311971713903e-08,0.0002500000000000002,1.0000000000000009
17,P9A,0.08750000000000001,4.605380392283079e-08,0.0002500000000000002,1.0000000000000009
17,P9A,0.08775000000000001,4.6074296662936955e-08,0.0002500000000000002,1.0000000000000009
17,P9A,0.088,4.609479019208914e-08,0.00024999999999998634,0.9999999999999454
17,P9A,0.08825,4.6115284510272425e-08,0.0002500000000000002,1.0000000000000009
17,P9A,0.0885,4.613577961752725e-08,0.0002500000000000002,1.0000000000000009
17,P9A,0.08875,4.615627551387945e-08,0.0002500000000000002,1.0000000000000009
17,P9A,0.089,4.617677219938652e-08,0.0002500000000000002,1.0000000000000009
17,P9A,0.08925,4.619726967405968e-08,0.0002500000000000002,1.0000000000000009
17,P9A,0.0895,4.621776793792656e-08,0.0002500000000000002,1.0000000000000009
17,P9A,0.08975,4.623826699102762e-08,0.0002500000000000002,1.0000000000000009
17,P9A,0.09,4.6258766833420025e-08,0.0002500000000000002,1.0000000000000009
17,P9A,0.09025,4.627926746507233e-08,0.0002500000000000002,1.0000000000000009
17,P9A,0.0905,4.6299768886067015e-08,0.0002500000000000002,1.0000000000000009
17,P9A,0.09075,4.6320271096432985e-08,0.0002500000000000002,1.0000000000000009
17,P9A,0.091,4.634077409622392e-08,0.0002500000000000002,1.0000000000000009
17,P9A,0.09125,4.6361277885413035e-08,0.0002500000000000002,1.0000000000000009
17,P9A,0.0915,4.638178246405327e-08,0.0002500000000000002,1.0000000000000009
17,P9A,0.09175,4.640228783221312e-08,0.0002500000000000002,1.0000000000000009
17,P9A,0.092,4.64227939899052e-08,0.0002500000000000002,1.0000000000000009
17,P9A,0.09225,4.644330093717301e-08,0.0002500000000000002,1.0000000000000009
17,P9A,0.0925,4.646380867404208e-08,0.0002500000000000002,1.0000000000000009
17,P9A,0.09275,4.64843172005663e-08,0.0002500000000000002,1.0000000000000009
17,P9A,0.093,4.650482651674704e-08,0.0002500000000000002,1.0000000000000009
17,P9A,0.09325,4.652533662259711e-08,0.0002500000000000002,1.0000000000000009
17,P9A,0.0935,4.654584751817041e-08,0.0002500000000000002,1.0000000000000009
17,P9A,0.09375,4.656635920350686e-08,0.0002500000000000002,1.0000000000000009
17,P9A,0.094,4.658687167864933e-08,0.0002500000000000002,1.0000000000000009
17,P9A,0.09425,4.6607384943623236e-08,0.0002500000000000002,1.0000000000000009
17,P9A,0.0945,4.6627898998470295e-08,0.0002500000000000002,1.0000000000000009
17,P9A,0.09475,4.6648413843204376e-08,0.0002500000000000002,1.0000000000000009
17,P9A,0.095,4.666892947785248e-08,0.0002500000000000002,1.0000000000000009
17,P9A,0.09525,4.668944590244171e-08,0.0002500000000000002,1.0000000000000009
17,P9A,0.0955,4.6709963116998005e-08,0.0002500000000000002,1.0000000000000009
17,P9A,0.09575,4.6730481121589766e-08,0.0002500000000000002,1.0000000000000009
17,P9A,0.096,4.675099991623266e-08,0.0002500000000000002,1.0000000000000009
17,P9A,0.09625,4.677151950093707e-08,0.0002500000000000002,1.0000000000000009
17,P9A,0.0965,4.679203987578695e-08,0.0002500000000000002,1.0000000000000009
17,P9A,0.09675,4.681256104076759e-08,0.0002500000000000002,1.0000000000000009
17,P9A,0.097,4.683308299593319e-08,0.0002500000000000002,1.0000000000000009
17,P9A,0.09725,4.68536057413241e-08,0.0002500000000000002,1.0000000000000009
17,P9A,0.0975,4.687412927698394e-08,0.0002500000000000002,1.0000000000000009
17,P9A,0.09775,4.6894653602895026e-08,0.0002500000000000002,1.0000000000000009
17,P9A,0.098,4.6915178719142484e-08,0.0002500000000000002,1.0000000000000009
17,P9A,0.09825,4.693570462571033e-08,0.0002500000000000002,1.0000000000000009
17,P9A,0.0985,4.695623132266579e-08,0.0002500000000000002,1.0000000000000009
17,P9A,0.09875,4.697675881006626e-08,0.0002500000000000002,1.0000000000000009
17,P9A,0.099,4.699728708788325e-08,0.0002500000000000002,1.0000000000000009
17,P9A,0.09925,4.701781615615605e-08,0.0002500000000000002,1.0000000000000009
17,P9A,0.0995,4.703834601496671e-08,0.0002500000000000002,1.0000000000000009
17,P9A,0.09975,4.705887666431724e-08,0.0002500000000000002,1.0000000000000009
17,P9A,0.1,4.707940810424682e-08,0.0002500000000000002,1.0000000000000009
17,P9A,0.10025,4.709994033478202e-08,0.0002500000000000002,1.0000000000000009
17,P9A,0.1005,4.712047335595038e-08,0.0002500000000000002,1.0000000000000009
17,P9A,0.10075,4.7141007167795404e-08,0.0002500000000000002,1.0000000000000009
17,P9A,0.101,4.7161541770312546e-08,0.0002500000000000002,1.0000000000000009
17,P9A,0.10125,4.718207716358598e-08,0.0002500000000000002,1.0000000000000009
17,P9A,0.1015,4.7202613347600876e-08,0.0002500000000000002,1.0000000000000009
17,P9A,0.10175000000000001,4.722315032243813e-08,0.0002500000000000002,1.0000000000000009
17,P9A,0.10200000000000001,4.724368808815524e-08,0.0002500000000000002,1.0000000000000009
17,P9A,0.10225000000000001,4.72642266447234e-08,0.0002500000000000002,1.0000000000000009
17,P9A,0.10250000000000001,4.7284765992196717e-08,0.0002500000000000002,1.0000000000000009
17,P9A,0.10275000000000001,4.730530613058874e-08,0.0002500000000000002,1.0000000000000009
17,P9A,0.10300000000000001,4.7325847059925414e-08,0.0002500000000000002,1.0000000000000009
17,P9A,0.10325000000000001,4.7346388780277146e-08,0.0002500000000000002,1.0000000000000009
17,P9A,0.10350000000000001,4.736693129164203e-08,0.0002500000000000002,1.0000000000000009
17,P9A,0.10375000000000001,4.7387474594074914e-08,0.0002500000000000002,1.0000000000000009
17,P9A,0.10400000000000001,4.7408018687602476e-08,0.0002500000000000002,1.0000000000000009
17,P9A,0.10425,4.742856357225362e-08,0.00024999999999998634,0.9999999999999454
17,P9A,0.1045,4.744910924808066e-08,0.0002500000000000002,1.0000000000000009
17,P9A,0.10475,4.7469655715098725e-08,0.0002500000000000002,1.0000000000000009
17,P9A,0.105,4.749020297336044e-08,0.0002500000000000002,1.0000000000000009
17,P9A,0.10525,4.7510751022880634e-08,0.0002500000000000002,1.0000000000000009
17,P9A,0.1055,4.753129986370038e-08,0.0002500000000000002,1.0000000000000009
17,P9A,0.10575,4.755184949583292e-08,0.0002500000000000002,1.0000000000000009
17,P9A,0.106,4.7572399919305354e-08,0.0002500000000000002,1.0000000000000009
17,P9A,0.10625,4.759295113415686e-08,0.0002500000000000002,1.0000000000000009
17,P9A,0.1065,4.76135031404444e-08,0.0002500000000000002,1.0000000000000009
17,P9A,0.10675,4.7634055938153254e-08,0.0002500000000000002,1.0000000000000009
17,P9A,0.107,4.7654609527336154e-08,0.0002500000000000002,1.0000000000000009
17,P9A,0.10725,4.76751639080634e-08,0.0002500000000000002,1.0000000000000009
17,P9A,0.1075,4.769571908034728e-08,0.0002500000000000002,1.0000000000000009
17,P9A,0.10775,4.771627504422972e-08,0.0002500000000000002,1.0000000000000009
17,P9A,0.108,4.773683179970923e-08,0.0002500000000000002,1.0000000000000009
17,P9A,0.10825,4.775738934684141e-08,0.0002500000000000002,1.0000000000000009
17,P9A,0.1085,4.777794768563842e-08,0.0002500000000000002,1.0000000000000009
17,P9A,0.10875,4.779850681616984e-08,0.0002500000000000002,1.0000000000000009
17,P9A,0.109,4.781906673843354e-08,0.0002500000000000002,1.0000000000000009
17,P9A,0.10925,4.783962745250014e-08,0.0002500000000000002,1.0000000000000009
17,P9A,0.1095,4.7860188958355463e-08,0.0002500000000000002,1.0000000000000009
17,P9A,0.10975,4.788075125605128e-08,0.0002500000000000002,1.0000000000000009
17,P9A,0.11,4.7901314345616595e-08,0.0002500000000000002,1.0000000000000009
17,P9A,0.11025,4.79218782271052e-08,0.0002500000000000002,1.0000000000000009
17,P9A,0.1105,4.7942442900546e-08,0.0002500000000000002,1.0000000000000009
17,P9A,0.11075,4.796300836595096e-08,0.0002500000000000002,1.0000000000000009
17,P9A,0.111,4.798357462334581e-08,0.0002500000000000002,1.0000000000000009
17,P9A,0.11125,4.80041416728161e-08,0.0002500000000000002,1.0000000000000009
17,P9A,0.1115,4.802470951435875e-08,0.0002500000000000002,1.0000000000000009
17,P9A,0.11175,4.804527814800077e-08,0.0002500000000000002,1.0000000000000009
17,P9A,0.112,4.80658475737844e-08,0.0002500000000000002,1.0000000000000009
17,P9A,0.11225,4.8086417791736964e-08,0.0002500000000000002,1.0000000000000009
17,P9A,0.1125,4.8106988801883654e-08,0.0002500000000000002,1.0000000000000009
17,P9A,0.11275,4.812756060429382e-08,0.0002500000000000002,1.0000000000000009
17,P9A,0.113,4.814813319896758e-08,0.0002500000000000002,1.0000000000000009
17,P9A,0.11325,4.816870658594536e-08,0.0002500000000000002,1.0000000000000009
17,P9A,0.1135,4.8189280765254284e-08,0.0002500000000000002,1.0000000000000009
17,P9A,0.11375,4.8209855736948446e-08,0.0002500000000000002,1.0000000000000009
17,P9A,0.114,4.8230431501054847e-08,0.0002500000000000002,1.0000000000000009
17,P9A,0.11425,4.8251008057575075e-08,0.0002500000000000002,1.0000000000000009
17,P9A,0.1145,4.8271585406561965e-08,0.0002500000000000002,1.0000000000000009
17,P9A,0.11475,4.8292163548042515e-08,0.0002500000000000002,1.0000000000000009
17,P9A,0.115,4.8312742482058654e-08,0.0002500000000000002,1.0000000000000009
17,P9A,0.11525,4.8333322208622346e-08,0.0002500000000000002,1.0000000000000009
17,P9A,0.1155,4.8353902727788224e-08,0.0002500000000000002,1.0000000000000009
17,P9A,0.11575,4.837448403959938e-08,0.0002500000000000002,1.0000000000000009
17,P9A,0.116,4.839506614405296e-08,0.0002500000000000002,1.0000000000000009
17,P9A,0.11625,4.8415649041191204e-08,0.0002500000000000002,1.0000000000000009
17,P9A,0.1165,4.843623273105467e-08,0.0002500000000000002,1.0000000000000009
17,P9A,0.11675,4.845681721365542e-08,0.0002500000000000002,1.0000000000000009
17,P9A,0.117,4.847740248906408e-08,0.0002500000000000002,1.0000000000000009
17,P9A,0.11725000000000001,4.8497988557292825e-08,0.0002500000000000002,1.0000000000000009
17,P9A,0.11750000000000001,4.851857541835362e-08,0.0002500000000000002,1.0000000000000009
17,P9A,0.11775000000000001,4.853916307233043e-08,0.0002500000000000002,1.0000000000000009
17,P9A,0.11800000000000001,4.8559751519250675e-08,0.0002500000000000002,1.0000000000000009
17,P9A,0.11825000000000001,4.858034075909794e-08,0.0002500000000000002,1.0000000000000009
17,P9A,0.11850000000000001,4.8600930791942325e-08,0.0002500000000000002,1.0000000000000009
17,P9A,0.11875000000000001,4.862152161782512e-08,0.0002500000000000002,1.0000000000000009
17,P9A,0.11900000000000001,4.8642113236744093e-08,0.0002500000000000002,1.0000000000000009
17,P9A,0.11925000000000001,4.8662705648767335e-08,0.0002500000000000002,1.0000000000000009
17,P9A,0.11950000000000001,4.8683298853925124e-08,0.0002500000000000002,1.0000000000000009
17,P9A,0.11975000000000001,4.8703892852229e-08,0.0002500000000000002,1.0000000000000009
17,P9A,0.12,4.8724487643691247e-08,0.00024999999999998634,0.9999999999999454
17,P9A,0.12025,4.874508322838111e-08,0.0002500000000000002,1.0000000000000009
17,P9A,0.1205,4.876567960631372e-08,0.0002500000000000002,1.0000000000000009
17,P9A,0.12075,4.878627677749968e-08,0.0002500000000000002,1.0000000000000009
17,P9A,0.121,4.880687474200791e-08,0.0002500000000000002,1.0000000000000009
17,P9A,0.12125,4.8827473499893785e-08,0.0002500000000000002,1.0000000000000009
17,P9A,0.1215,4.8848073051115694e-08,0.0002500000000000002,1.0000000000000009
17,P9A,0.12175,4.886867339576692e-08,0.0002500000000000002,1.0000000000000009
17,P9A,0.122,4.8889274533864925e-08,0.0002500000000000002,1.0000000000000009
17,P9A,0.12225,4.890987646544963e-08,0.0002500000000000002,1.0000000000000009
17,P9A,0.1225,4.893047919050389e-08,0.0002500000000000002,1.0000000000000009
17,P9A,0.12275,4.8951082709127115e-08,0.0002500000000000002,1.0000000000000009
17,P9A,0.123,4.897168702131497e-08,0.0002500000000000002,1.0000000000000009
17,P9A,0.12325,4.899229212711266e-08,0.0002500000000000002,1.0000000000000009
17,P9A,0.1235,4.901289802657239e-08,0.0002500000000000002,1.0000000000000009
17,P9A,0.12375,4.903350471969288e-08,0.0002500000000000002,1.0000000000000009
17,P9A,0.124,4.9054112206531104e-08,0.0002500000000000002,1.0000000000000009
17,P9A,0.12425,4.907472048709923e-08,0.0002500000000000002,1.0000000000000009
17,P9A,0.1245,4.9095329561423204e-08,0.0002500000000000002,1.0000000000000009
17,P9A,0.12475,4.911593942955967e-08,0.0002500000000000002,1.0000000000000009
17,P9A,0.125,4.913655009153467e-08,0.0002500000000000002,1.0000000000000009
17,P9A,0.12525,4.915716154738982e-08,0.0002500000000000002,1.0000000000000009
17,P9A,0.1255,4.9177773797151054e-08,0.0002500000000000002,1.0000000000000009
17,P9A,0.12575,4.919838684084506e-08,0.0002500000000000002,1.0000000000000009
17,P9A,0.126,4.921900067851408e-08,0.0002500000000000002,1.0000000000000009
17,P9A,0.12625,4.9239615310171987e-08,0.0002500000000000002,1.0000000000000009
17,P9A,0.1265,4.9260230735857636e-08,0.0002500000000000002,1.0000000000000009
17,P9A,0.12675,4.92808469556281e-08,0.0002500000000000002,1.0000000000000009
17,P9A,0.127,4.9301463969480405e-08,0.0002500000000000002,1.0000000000000009
17,P9A,0.12725,4.9322081777443254e-08,0.0002500000000000002,1.0000000000000009
17,P9A,0.1275,4.934270037956937e-08,0.0002500000000000002,1.0000000000000009
17,P9A,0.12775,4.9363319775917096e-08,0.0002500000000000002,1.0000000000000009
17,P9A,0.128,4.93839399664553e-08,0.0002500000000000002,1.0000000000000009
17,P9A,0.12825,4.940456095127959e-08,0.0002500000000000002,1.0000000000000009
17,P9A,0.1285,4.942518273037716e-08,0.0002500000000000002,1.0000000000000009
17,P9A,0.12875,4.9445805303831544e-08,0.0002500000000000002,1.0000000000000009
17,P9A,0.129,4.946642867159817e-08,0.0002500000000000002,1.0000000000000009
17,P9A,0.12925,4.948705283377455e-08,0.0002500000000000002,1.0000000000000009
17,P9A,0.1295,4.9507677790359517e-08,0.0002500000000000002,1.0000000000000009
17,P9A,0.12975,4.9528303541421686e-08,0.0002500000000000002,1.0000000000000009
17,P9A,0.13,4.954893008697471e-08,0.0002500000000000002,1.0000000000000009
17,P9A,0.13025,4.956955742701733e-08,0.0002500000000000002,1.0000000000000009
17,P9A,0.1305,4.9590185561632434e-08,0.0002500000000000002,1.0000000000000009
17,P9A,0.13075,4.961081449083295e-08,0.0002500000000000002,1.0000000000000009
17,P9A,0.131,4.963144421466154e-08,0.0002500000000000002,1.0000000000000009
17,P9A,0.13125,4.965207473311535e-08,0.0002500000000000002,1.0000000000000009
17,P9A,0.1315,4.9672706046249544e-08,0.0002500000000000002,1.0000000000000009
17,P9A,0.13175,4.969333815411812e-08,0.0002500000000000002,1.0000000000000009
17,P9A,0.132,4.971397105675008e-08,0.0002500000000000002,1.0000000000000009
17,P9A,0.13225,4.973460475414406e-08,0.0002500000000000002,1.0000000000000009
17,P9A,0.1325,4.9755239246382215e-08,0.0002500000000000002,1.0000000000000009
17,P9A,0.13275,4.9775874533436596e-08,0.0002500000000000002,1.0000000000000009
17,P9A,0.133,4.9796510615374434e-08,0.0002500000000000002,1.0000000000000009
17,P9A,0.13325,4.9817147492237976e-08,0.0002500000000000002,1.0000000000000009
17,P9A,0.1335,4.983778516405274e-08,0.0002500000000000002,1.0000000000000009
17,P9A,0.13375,4.9858423630876004e-08,0.0002500000000000002,1.0000000000000009
17,P9A,0.134,4.987906289270449e-08,0.0002500000000000002,1.0000000000000009
17,P9A,0.13425,4.989970294958234e-08,0.0002500000000000002,1.0000000000000009
17,P9A,0.1345,4.992034380153307e-08,0.0002500000000000002,1.0000000000000009
17,P9A,0.13475,4.9940985448585475e-08,0.0002500000000000002,1.0000000000000009
17,P9A,0.135,4.9961627890795246e-08,0.0002500000000000002,1.0000000000000009
17,P9A,0.13525,4.9982271128161115e-08,0.0002500000000000002,1.0000000000000009
17,P9A,0.1355,5.000291516073496e-08,0.0002500000000000002,1.0000000000000009
17,P9A,0.13575,5.002355998856136e-08,0.0002500000000000002,1.0000000000000009
17,P9A,0.136,5.004420561168012e-08,0.0002500000000000002,1.0000000000000009
17,P9A,0.13625,5.006485203009019e-08,0.0002500000000000002,1.0000000000000009
17,P9A,0.1365,5.008549924384704e-08,0.0002500000000000002,1.0000000000000009
17,P9A,0.13675,5.010614725294962e-08,0.0002500000000000002,1.0000000000000009
17,P9A,0.137,5.012679605747998e-08,0.0002500000000000002,1.0000000000000009
17,P9A,0.13725,5.0147445657451884e-08,0.0002500000000000002,1.0000000000000009
17,P9A,0.1375,5.016809605287889e-08,0.0002500000000000002,1.0000000000000009
17,P9A,0.13775,5.018874724378683e-08,0.0002500000000000002,1.0000000000000009
17,P9A,0.138,5.0209399230244845e-08,0.0002500000000000002,1.0000000000000009
17,P9A,0.13825,5.023005201229454e-08,0.0002500000000000002,1.0000000000000009
17,P9A,0.1385,5.0250705589919934e-08,0.0002500000000000002,1.0000000000000009
17,P9A,0.13875,5.027135996320488e-08,0.0002500000000000002,1.0000000000000009
17,P9A,0.139,5.029201513214821e-08,0.0002500000000000002,1.0000000000000009
17,P9A,0.13925,5.031267109679027e-08,0.0002500000000000002,1.0000000000000009
17,P9A,0.1395,5.033332785717171e-08,0.0002500000000000002,1.0000000000000009
17,P9A,0.13975,5.0353985413349716e-08,0.0002500000000000002,1.0000000000000009
17,P9A,0.14,5.037464376528066e-08,0.0002500000000000002,1.0000000000000009
17,P9A,0.14025,5.03953029130594e-08,0.0002500000000000002,1.0000000000000009
17,P9A,0.1405,5.0415962856700565e-08,0.0002500000000000002,1.0000000000000009
17,P9A,0.14075000000000001,5.043662359623199e-08,0.0002500000000000002,1.0000000000000009
17,P9A,0.14100000000000001,5.0457285131678665e-08,0.0002500000000000002,1.0000000000000009
17,P9A,0.14125000000000001,5.047794746311174e-08,0.0002500000000000002,1.0000000000000009
17,P9A,0.14150000000000001,5.049861059054096e-08,0.0002500000000000002,1.0000000000000009
17,P9A,0.14175000000000001,5.051927451399713e-08,0.0002500000000000002,1.0000000000000009
17,P9A,0.14200000000000002,5.0539939233504284e-08,0.0002500000000000002,1.0000000000000009
17,P9A,0.14225000000000002,5.056060474911759e-08,0.0002500000000000002,1.0000000000000009
17,P9A,0.14250000000000002,5.058127106089454e-08,0.0002500000000000002,1.0000000000000009
17,P9A,0.14275000000000002,5.0601938168803474e-08,0.0002500000000000002,1.0000000000000009
17,P9A,0.14300000000000002,5.0622606072914697e-08,0.0002500000000000002,1.0000000000000009
17,P9A,0.14325000000000002,5.0643274773227466e-08,0.0002500000000000002,1.0000000000000009
17,P9A,0.14350000000000002,5.066394426982405e-08,0.0002500000000000002,1.0000000000000009
17,P9A,0.14375000000000002,5.0684614562691004e-08,0.0002500000000000002,1.0000000000000009
17,P9A,0.14400000000000002,5.070528565185384e-08,0.0002500000000000002,1.0000000000000009
17,P9A,0.14425,5.072595753736858e-08,0.00024999999999997247,0.9999999999998899
17,P9A,0.1445,5.0746630219260195e-08,0.0002500000000000002,1.0000000000000009
17,P9A,0.14475,5.076730369758608e-08,0.0002500000000000002,1.0000000000000009
17,P9A,0.145,5.0787977972371967e-08,0.0002500000000000002,1.0000000000000009
17,P9A,0.14525,5.0808653043602815e-08,0.0002500000000000002,1.0000000000000009
17,P9A,0.1455,5.082932891138821e-08,0.0002500000000000002,1.0000000000000009
17,P9A,0.14575,5.085000557572953e-08,0.0002500000000000002,1.0000000000000009
17,P9A,0.146,5.087068303663948e-08,0.0002500000000000002,1.0000000000000009
17,P9A,0.14625,5.089136129417291e-08,0.0002500000000000002,1.0000000000000009
17,P9A,0.1465,5.091204034832865e-08,0.0002500000000000002,1.0000000000000009
17,P9A,0.14675,5.093272019915953e-08,0.0002500000000000002,1.0000000000000009
17,P9A,0.147,5.095340084673766e-08,0.0002500000000000002,1.0000000000000009
17,P9A,0.14725,5.0974082291059966e-08,0.0002500000000000002,1.0000000000000009
17,P9A,0.1475,5.099476453216859e-08,0.0002500000000000002,1.0000000000000009
17,P9A,0.14775,5.101544757009032e-08,0.0002500000000000002,1.0000000000000009
17,P9A,0.148,5.103613140486465e-08,0.0002500000000000002,1.0000000000000009
17,P9A,0.14825,5.105681603652133e-08,0.0002500000000000002,1.0000000000000009
17,P9A,0.1485,5.107750146508481e-08,0.0002500000000000002,1.0000000000000009
17,P9A,0.14875,5.109818769059862e-08,0.0002500000000000002,1.0000000000000009
17,P9A,0.149,5.111887471307271e-08,0.0002500000000000002,1.0000000000000009
17,P9A,0.14925,5.11395625325652e-08,0.0002500000000000002,1.0000000000000009
17,P9A,0.1495,5.116025114909611e-08,0.0002500000000000002,1.0000000000000009
17,P9A,0.14975,5.118094179764222e-08,0.0002500000000000002,1.0000000000000009
17,P9A,0.15,5.120164379872603e-08,0.0002500000000000002,1.0000000000000009
17,P9A,0.15025,5.122237449389065e-08,0.0002500000000000002,1.0000000000000009
17,P9A,0.1505,5.1243158094949364e-08,0.0002500000000000002,1.0000000000000009
17,P9A,0.15075,5.1264024734156625e-08,0.0002500000000000002,1.0000000000000009
17,P9A,0.151,5.128500970107649e-08,0.0002500000000000002,1.0000000000000009
17,P9A,0.15125,5.130615285246599e-08,0.0002500000000000002,1.0000000000000009
17,P9A,0.1515,5.1327498180650204e-08,0.0002500000000000002,1.0000000000000009
17,P9A,0.15175,5.1349093528447423e-08,0.0002500000000000002,1.0000000000000009
17,P9A,0.152,5.1370990438216096e-08,0.0002500000000000002,1.0000000000000009
17,P9A,0.15225,5.13932441261493e-08,0.0002500000000000002,1.0000000000000009
17,P9A,0.1525,5.141591357367817e-08,0.0002500000000000002,1.0000000000000009
17,P9A,0.15275,5.143906173087934e-08,0.0002500000000000002,1.0000000000000009
17,P9A,0.153,5.146275582868674e-08,0.0002500000000000002,1.0000000000000009
17,P9A,0.15325,5.148706779988348e-08,0.0002500000000000002,1.0000000000000009
17,P9A,0.1535,5.151207481089626e-08,0.0002500000000000002,1.0000000000000009
17,P9A,0.15375,5.1537859910174495e-08,0.0002500000000000002,1.0000000000000009
17,P9A,0.154,5.1564512801822374e-08,0.0002500000000000002,1.0000000000000009
17,P9A,0.15425,5.159213075686983e-08,0.0002500000000000002,1.0000000000000009
17,P9A,0.1545,5.162081967918451e-08,0.0002500000000000002,1.0000000000000009
17,P9A,0.15475,5.165069534724549e-08,0.0002500000000000002,1.0000000000000009
17,P9A,0.155,5.1681884859038735e-08,0.0002500000000000002,1.0000000000000009
17,P9A,0.15525,5.1714528314543765e-08,0.0002500000000000002,1.0000000000000009
17,P9A,0.1555,5.174878077744785e-08,0.0002500000000000002,1.0000000000000009
17,P9A,0.15575,5.1784814568908505e-08,0.0002500000000000002,1.0000000000000009
17,P9A,0.156,5.182282195775445e-08,0.0002500000000000002,1.0000000000000009
17,P9A,0.15625,5.186301832715909e-08,0.0002500000000000002,1.0000000000000009
17,P9A,0.1565,5.1905645917110065e-08,0.0002500000000000002,1.0000000000000009
17,P9A,0.15675,5.1950978266603494e-08,0.0002500000000000002,1.0000000000000009
17,P9A,0.157,5.1999325509874575e-08,0.0002500000000000002,1.0000000000000009
17,P9A,0.15725,5.2051040721363116e-08,0.0002500000000000002,1.0000000000000009
17,P9A,0.1575,5.210652755508049e-08,0.0002500000000000002,1.0000000000000009
17,P9A,0.15775,5.216624949051309e-08,0.0002500000000000002,1.0000000000000009
17,P9A,0.158,5.2230741084212194e-08,0.0002500000000000002,1.0000000000000009
17,P9A,0.15825,5.942834416713725e-08,0.0002500000000000002,1.0000000000000009
17,P9A,0.1585,1.5197263701888819e-07,0.0002500000000000002,1.0000000000000009
17,P9A,0.15875,2.430711472741732e-07,0.0002500000000000002,1.0000000000000009
17,P9A,0.159,3.41018868928179e-07,0.0002500000000000002,1.0000000000000009
17,P9A,0.15925,4.019803079363998e-07,0.0002500000000000002,1.0000000000000009
17,P9A,0.1595,4.0760571502693486e-07,0.0002500000000000002,1.0000000000000009
17,P9A,0.15975,4.0860474950268146e-07,0.0002500000000000002,1.0000000000000009
17,P9A,0.16,4.114013567755478e-07,0.0002500000000000002,1.0000000000000009
17,P9A,0.16025,4.172779079290224e-07,0.0002500000000000002,1.0000000000000009
17,P9A,0.1605,4.148977289432563e-07,0.0002500000000000002,1.0000000000000009
17,P9A,0.16075,4.13386681163045e-07,0.0002500000000000002,1.0000000000000009
17,P9A,0.161,4.116431790152736e-07,0.0002500000000000002,1.0000000000000009
17,P9A,0.16125,4.1154035119622566e-07,0.0002500000000000002,1.0000000000000009
17,P9A,0.1615,4.128571516224672e-07,0.0002500000000000002,1.0000000000000009
17,P9A,0.16175,4.1201344094444505e-07,0.0002500000000000002,1.0000000000000009
17,P9A,0.162,4.086223650053275e-07,0.0002500000000000002,1.0000000000000009
17,P9A,0.16225,4.1281220711318093e-07,0.0002500000000000002,1.0000000000000009
17,P9A,0.1625,4.1105633840832317e-07,0.0002500000000000002,1.0000000000000009
17,P9A,0.16275,4.118811787974097e-07,0.0002500000000000002,1.0000000000000009
17,P9A,0.163,4.122712780520128e-07,0.0002500000000000002,1.0000000000000009
17,P9A,0.16325,4.0780499768194496e-07,0.0002500000000000002,1.0000000000000009
17,P9A,0.1635,4.1188027909056647e-07,0.0002500000000000002,1.0000000000000009
17,P9A,0.16375,4.018287357774092e-07,0.0002500000000000002,1.0000000000000009
17,P9A,0.164,4.10817347924247e-07,0.0002500000000000002,1.0000000000000009
17,P9A,0.16425,4.2347885419430264e-07,0.0002500000000000002,1.0000000000000009
17,P9A,0.1645,4.3545618175234115e-07,0.0002500000000000002,1.0000000000000009
17,P9A,0.16475,4.393825501349773e-07,0.0002500000000000002,1.0000000000000009
17,P9A,0.165,4.4496086331725115e-07,0.0002500000000000002,1.0000000000000009
17,P9A,0.16525,4.088124231303441e-07,0.0002500000000000002,1.0000000000000009
17,P9A,0.1655,3.796590604206364e-07,0.0002500000000000002,1.0000000000000009
17,P9A,0.16575,3.7558737017985763e-07,0.0002500000000000002,1.0000000000000009
17,P9A,0.166,3.4491787537516885e-07,0.0002500000000000002,1.0000000000000009
17,P9A,0.16625,3.298374403723608e-07,0.0002500000000000002,1.0000000000000009
17,P9A,0.1665,3.438172332198509e-07,0.0002500000000000002,1.0000000000000009
17,P9A,0.16675,3.294698097378124e-07,0.0002500000000000002,1.0000000000000009
17,P9A,0.167,3.387062740733941e-07,0.0002500000000000002,1.0000000000000009
17,P9A,0.16725,3.4039337985937837e-07,0.0002500000000000002,1.0000000000000009
17,P9A,0.1675,3.5473109536528333e-07,0.0002500000000000002,1.0000000000000009
17,P9A,0.16775,3.2581213454665075e-07,0.0002500000000000002,1.0000000000000009
17,P9A,0.168,3.0778021506530836e-07,0.0002500000000000002,1.0000000000000009
17,P9A,0.16825,3.09693252408106e-07,0.0002500000000000002,1.0000000000000009
17,P9A,0.1685,3.0361909411021043e-07,0.0002500000000000002,1.0000000000000009
17,P9A,0.16875,3.2129172702722004e-07,0.0002500000000000002,1.0000000000000009
17,P9A,0.169,3.088775624333033e-07,0.0002500000000000002,1.0000000000000009
17,P9A,0.16925,2.984245343286389e-07,0.0002500000000000002,1.0000000000000009
17,P9A,0.1695,3.035428107101766e-07,0.0002500000000000002,1.0000000000000009
17,P9A,0.16975,3.0127006801873285e-07,0.0002500000000000002,1.0000000000000009
17,P9A,0.17,3.0899336110470993e-07,0.0002500000000000002,1.0000000000000009
17,P9A,0.17025,3.144920056507454e-07,0.0002500000000000002,1.0000000000000009
17,P9A,0.1705,3.070210337097203e-07,0.0002500000000000002,1.0000000000000009
17,P9A,0.17075,3.04843278791008e-07,0.0002500000000000002,1.0000000000000009
17,P9A,0.171,3.0544073020171673e-07,0.0002500000000000002,1.0000000000000009
17,P9A,0.17125,3.117008617264733e-07,0.0002500000000000002,1.0000000000000009
17,P9A,0.1715,3.0260715937500547e-07,0.0002500000000000002,1.0000000000000009
17,P9A,0.17175,3.0268811520601473e-07,0.0002500000000000002,1.0000000000000009
17,P9A,0.17200000000000001,2.6570189342195464e-07,0.0002500000000000002,1.0000000000000009
17,P9A,0.17225000000000001,2.6879114233979635e-07,0.0002500000000000002,1.0000000000000009
17,P9A,0.17250000000000001,2.6410896345616864e-07,0.0002500000000000002,1.0000000000000009
17,P9A,0.17275000000000001,2.5808325946102935e-07,0.0002500000000000002,1.0000000000000009
17,P9A,0.17300000000000001,2.6517772278052587e-07,0.0002500000000000002,1.0000000000000009
17,P9A,0.17325000000000002,2.632301930909276e-07,0.0002500000000000002,1.0000000000000009
17,P9A,0.17350000000000002,2.5836163522421507e-07,0.0002500000000000002,1.0000000000000009
17,P9A,0.17375000000000002,2.5110156894712073e-07,0.0002500000000000002,1.0000000000000009
17,P9A,0.17400000000000002,2.1830970969341019e-07,0.0002500000000000002,1.0000000000000009
17,P9A,0.17425000000000002,2.3311892946809703e-07,0.0002500000000000002,1.0000000000000009
17,P9A,0.17450000000000002,2.242631709237074e-07,0.0002500000000000002,1.0000000000000009
17,P9A,0.17475000000000002,2.0752833280850898e-07,0.0002500000000000002,1.0000000000000009
17,P9A,0.17500000000000002,2.104434987149315e-07,0.0002500000000000002,1.0000000000000009
17,P9A,0.17525000000000002,1.6977723670372186e-07,0.0002500000000000002,1.0000000000000009
17,P9A,0.17550000000000002,1.5430558222588804e-07,0.0002500000000000002,1.0000000000000009
17,P9A,0.17575000000000002,1.3725816147665842e-07,0.0002500000000000002,1.0000000000000009
17,P9A,0.176,1.3593509368950539e-07,0.00024999999999997247,0.9999999999998899
17,P9A,0.17625,1.0340269024471564e-07,0.0002500000000000002,1.0000000000000009
17,P9A,0.1765,6.3108757174912e-08,0.0002500000000000002,1.0000000000000009
17,P9A,0.17662499999999998,6.021864871247679e-08,0.00012499999999998623,0.49999999999994493
17,P9A,0.17675,6.521628485028688e-08,0.000125000000000014,0.500000000000056
17,P9A,0.176875,6.023972770927163e-08,0.000125000000000014,0.500000000000056
17,P9A,0.177,5.004367427730389e-08,0.00012499999999998623,0.49999999999994493
17,P9A,0.17712499999999998,3.2959813055189175e-08,0.00012499999999998623,0.49999999999994493
17,P9A,0.17725,1.439881294537156e-08,0.000125000000000014,0.500000000000056
17,P9A,0.177375,3.1683298056456515e-08,0.000125000000000014,0.500000000000056
17,P9A,0.1775,3.586959863012955e-08,0.00012499999999998623,0.49999999999994493
17,P9A,0.17762499999999998,3.290760759979011e-08,0.00012499999999998623,0.49999999999994493
17,P9A,0.1776875,1.7357963165674513e-08,6.250000000002087e-05,0.2500000000000835
17,P9A,0.17775,2.0587359662131577e-08,6.249999999999312e-05,0.24999999999997247
17,P9A,0.177875,1.7315966334032386e-08,0.000125000000000014,0.500000000000056
17,P9A,0.1779375,1.5966960414687297e-08,6.249999999999312e-05,0.24999999999997247
17,P9A,0.178,2.26894972474545e-08,6.249999999999312e-05,0.24999999999997247
17,P9A,0.17812499999999998,3.7262617207617954e-08,0.00012499999999998623,0.49999999999994493
17,P9A,0.17825,3.630813523258211e-08,0.000125000000000014,0.500000000000056
17,P9A,0.178375,3.829851781339799e-08,0.000125000000000014,0.500000000000056
17,P9A,0.1785,2.446431075465702e-08,0.00012499999999998623,0.49999999999994493
17,P9A,0.17856249999999999,1.0167909491964063e-08,6.249999999999312e-05,0.24999999999997247
17,P9A,0.17862499999999998,1.3775975016010098e-08,6.249999999999312e-05,0.24999999999997247
17,P9A,0.1786875,1.1409701178463476e-08,6.250000000002087e-05,0.2500000000000835
17,P9A,0.17875,1.3982406745796265e-08,6.249999999999312e-05,0.24999999999997247
17,P9A,0.17881249999999999,9.45723298452756e-09,6.249999999999312e-05,0.24999999999997247
17,P9A,0.178875,1.7383627368164332e-08,6.250000000002087e-05,0.2500000000000835
17,P9A,0.179,1.4068180594133394e-08,0.00012499999999998623,0.49999999999994493
17,P9A,0.17906249999999999,6.1326423156264025e-09,6.249999999999312e-05,0.24999999999997247
17,P9A,0.17912499999999998,6.461596075171769e-09,6.249999999999312e-05,0.24999999999997247
17,P9A,0.17925,1.4121452041067904e-08,0.000125000000000014,0.500000000000056
17,P9A,0.17931249999999999,2.182594542567543e-08,6.249999999999312e-05,0.24999999999997247
17,P9A,0.179375,1.4538486909269463e-08,6.250000000002087e-05,0.2500000000000835
17,P9A,0.1795,2.5098649354034883e-08,0.00012499999999998623,0.49999999999994493
17,P9A,0.17953124999999998,1.1776083452974308e-08,3.124999999998268e-05,0.12499999999993072
17,P9A,0.17956249999999999,1.480662779335816e-08,3.1250000000010436e-05,0.12500000000004174
17,P9A,0.17962499999999998,1.2127721159030727e-08,6.249999999999312e-05,0.24999999999997247
17,P9A,0.1796875,1.9590633056872587e-08,6.250000000002087e-05,0.2500000000000835
17,P9A,0.17975,1.6349884726609747e-08,6.249999999999312e-05,0.24999999999997247
17,P9A,0.1798125,1.2514596719346898e-08,6.249999999999312e-05,0.24999999999997247
17,P9A,0.179875,1.5183714508912453e-08,6.250000000002087e-05,0.2500000000000835
17,P9A,0.17990625,5.1089474054834144e-09,3.124999999998268e-05,0.12499999999993072
17,P9A,0.1799375,4.957644813692335e-09,3.1250000000010436e-05,0.12500000000004174
17,P9A,0.17996875,5.2999600563999865e-09,3.1250000000010436e-05,0.12500000000004174
17,P9A,0.18,8.204460063914252e-09,3.124999999998268e-05,0.12499999999993072
17,P9A,0.18012499999999998,4.9555492180946835e-09,0.00012499999999998623,0.49999999999994493
17,P9A,0.18025,2.0732747476495847e-08,0.000125000000000014,0.500000000000056
17,P9A,0.180375,1.9534248117775125e-08,0.000125000000000014,0.500000000000056
17,P9A,0.1805,1.0095038109625396e-08,0.00012499999999998623,0.49999999999994493
17,P9A,0.1805625,9.84191713966689e-09,6.249999999999312e-05,0.24999999999997247
17,P9A,0.18059375,3.4426930435054675e-09,3.1250000000010436e-05,0.12500000000004174
17,P9A,0.18062499999999998,3.29997407165855e-09,3.124999999998268e-05,0.12499999999993072
17,P9A,0.1806875,2.835179560946263e-09,6.250000000002087e-05,0.2500000000000835
17,P9A,0.18075,3.032028038848197e-09,6.249999999999312e-05,0.24999999999997247
17,P9A,0.180875,5.642569300819711e-09,0.000125000000000014,0.500000000000056
17,P9A,0.180890625,2.5900811880732295e-09,1.562499999999134e-05,0.06249999999996536
17,P9A,0.18090625,2.519547303452294e-09,1.562499999999134e-05,0.06249999999996536
17,P9A,0.1809375,2.3867065225953637e-09,3.1250000000010436e-05,0.12500000000004174
17,P9A,0.181,2.151354964607614e-09,6.249999999999312e-05,0.24999999999997247
17,P9A,0.18101562499999999,1.2154989364579469e-09,1.562499999999134e-05,0.06249999999996536
17,P9A,0.18103124999999998,1.1596946392858728e-09,1.562499999999134e-05,0.06249999999996536
17,P9A,0.1810625,1.051703299922668e-09,3.1250000000010436e-05,0.12500000000004174
17,P9A,0.18112499999999998,1.5197984711060431e-09,6.249999999999312e-05,0.24999999999997247
17,P9A,0.18115625,1.1587354703540353e-10,3.1250000000010436e-05,0.12500000000004174
17,P9A,0.1811875,3.744611734776923e-11,3.1250000000010436e-05,0.12500000000004174
17,P9A,0.181203125,7.700736990448793e-13,1.562499999999134e-05,0.06249999999996536
17,P9A,0.18120336914062501,2.1559886370578594e-13,2.441406250219824e-07,0.0009765625000879297
17,P9A,0.18120343017578128,7.705078651326442e-14,6.10351562624345e-08,0.000244140625049738
17,P9A,0.1812034606933594,7.785575694379936e-15,3.051757813121725e-08,0.000122070312524869
17,P9A,0.18120346260070805,3.4567691364488666e-15,1.907348640139972e-09,7.629394560559888e-06
17,P9A,0.18120346355438238,1.2923925390211704e-15,9.536743339477738e-10,3.814697335791095e-06
17,P9A,0.18120346403121954,2.1018459973085777e-16,4.768371530960991e-10,1.9073486123843963e-06
17,P9A,0.18120346409082416,7.491417920817486e-17,5.960462678977763e-11,2.384185071591105e-07
17,P9A,0.1812034641206265,7.27775133697172e-18,2.980232727267662e-11,1.1920930909070648e-07
17,P9A,0.18120346415042882,7.291092105890975e-18,2.980232727267662e-11,1.1920930909070648e-07
17,P9A,0.18120346426963813,7.27775133697172e-18,1.1920930909070648e-10,4.768372363628259e-07
17,P9A,0.1812034645080567,7.27775133697172e-18,2.3841856267026174e-10,9.536742506810469e-07
17,P9A,0.18120346832275394,7.278386611682161e-18,3.814697252524368e-09,1.5258789010097473e-05
17,P9A,0.18120347595214847,7.27775133697172e-18,7.629394532804312e-09,3.051757813121725e-05
17,P9A,0.1812034912109375,7.27775133697172e-18,1.525878903785305e-08,6.1035156151412195e-05
17,P9A,0.18120361328125,7.264304688934058e-18,1.2207031249711342e-07,0.0004882812499884537
17,P9A,0.1812041015625,7.27775133697172e-18,4.882812499884537e-07,0.0019531249999538147
17,P9A,0.18120507812499997,7.278386611682161e-18,9.765624999769074e-07,0.0039062499999076294
17,P9A,0.18120703124999998,7.27775133697172e-18,1.953125000009326e-06,0.007812500000037303
17,P9A,0.1812109375,7.278386611682161e-18,3.906250000018652e-06,0.015625000000074607
17,P9A,0.18121484375,7.27775133697172e-18,3.906249999990896e-06,0.015624999999963585
17,P9A,0.18121533203125,7.292045017956636e-18,4.882812500162093e-07,0.001953125000064837
17,P9A,0.18121539306640627,7.291092105890975e-18,6.10351562624345e-08,0.000244140625049738
17,P9A,0.1812154235839844,7.291092105890975e-18,3.051757813121725e-08,0.000122070312524869
17,P9A,0.18121543884277347,7.291092105890975e-18,1.5258789065608624e-08,6.10351562624345e-05
17,P9A,0.18121544647216797,7.278598369918974e-18,7.629394505048737e-09,3.0517578020194946e-05
17,P9A,0.18121545028686525,7.291092105890975e-18,3.814697280279944e-09,1.5258789121119776e-05
17,P9A,0.18121545124053956,7.292045017956636e-18,9.536743061921982e-10,3.8146972247687927e-06
17,P9A,0.1812154517173767,7.292045017956636e-18,4.768371530960991e-10,1.9073486123843963e-06
17,P9A,0.181215451836586,7.292045017956636e-18,1.1920928133513087e-10,4.7683712534052347e-07
17,P9A,0.18121545186638832,7.292045017956636e-18,2.980232727267662e-11,1.1920930909070648e-07
17,P9A,0.18121545188128949,7.291092105890975e-18,1.490116363633831e-11,5.960465454535324e-08
17,P9A,0.18121545188874005,7.291092105890975e-18,7.450567940381347e-12,2.980227176152539e-08
17,P9A,0.18121545189246535,7.291092105890975e-18,3.7252978479784815e-12,1.4901191391913926e-08
17,P9A,0.181215451894328,7.291727380601416e-18,1.8626489239892408e-12,7.450595695956963e-09
17,P9A,0.18121545189525934,7.291092105890975e-18,9.313383397824282e-13,3.725353359129713e-09
17,P9A,0.181215451895725,-2.774518043687096e-18,4.656552921034063e-13,1.8626211684136251e-09
17,P9A,0.18121545189619065,-2.7743062854502824e-18,4.656552921034063e-13,1.8626211684136251e-09
17,P9A,0.1812154519557953,-2.774518043687096e-18,5.960465454535324e-11,2.3841861818141297e-07
17,P9A,0.18121545219421387,-2.774518043687096e-18,2.3841856267026174e-10,9.536742506810469e-07
17,P9A,0.1812154541015625,-2.774518043687096e-18,1.907348640139972e-09,7.629394560559888e-06
17,P9A,0.181215576171875,-2.774518043687096e-18,1.2207031249711342e-07,0.0004882812499884537
17,P9A,0.1812158203125,-2.7737768898582484e-18,2.4414062499422684e-07,0.0009765624999769074
17,P9A,0.18121679687499997,-2.774518043687096e-18,9.765624999769074e-07,0.0039062499999076294
17,P9A,0.18121874999999998,-2.7737768898582484e-18,1.953125000009326e-06,0.007812500000037303
17,P9A,0.18125,-2.773459252503028e-18,3.1250000000010436e-05,0.12500000000004174
17,P9A,0.18126562499999999,-2.760965516531027e-18,1.562499999999134e-05,0.06249999999996536
17,P9A,0.18126586914062498,-2.7737768898582484e-18,2.4414062499422684e-07,0.0009765624999769074
17,P9A,0.1812658996582031,-2.7737768898582484e-18,3.051757813121725e-08,0.000122070312524869
17,P9A,0.18126591491699218,-2.774518043687096e-18,1.5258789065608624e-08,6.10351562624345e-05
17,P9A,0.18126591682434082,-2.774518043687096e-18,1.907348640139972e-09,7.629394560559888e-06
17,P9A,0.18126591777801515,-2.774518043687096e-18,9.536743339477738e-10,3.814697335791095e-06
17,P9A,0.18126591778546575,-2.787964691724758e-18,7.450595695956963e-12,2.980238278382785e-08
17,P9A,0.18126591778919104,-2.774518043687096e-18,3.7252978479784815e-12,1.4901191391913926e-08
17,P9A,0.18126591779012236,-2.7602243627021796e-18,9.313105842068126e-13,3.7252423368272503e-09
17,P9A,0.18126591779105367,-1.5895189504783298e-18,9.313105842068126e-13,3.7252423368272503e-09
17,P9A,0.18126591779291631,-1.5895189504783298e-18,1.8626489239892408e-12,7.450595695956963e-09
17,P9A,0.18126591780781748,-1.5895189504783298e-18,1.490116363633831e-11,5.960465454535324e-08
17,P9A,0.1812659178376198,-1.5766016980327017e-18,2.980232727267662e-11,1.1920930909070648e-07
17,P9A,0.18126591789722443,-1.5766016980327017e-18,5.960462678977763e-11,2.384185071591105e-07
17,P9A,0.1812659180164337,-1.5896248295967366e-18,1.1920928133513087e-10,4.7683712534052347e-07
17,P9A,0.1812659182548523,-1.576495818914295e-18,2.3841859042583735e-10,9.536743617033494e-07
17,P9A,0.18126591873168946,-1.5766016980327017e-18,4.768371530960991e-10,1.9073486123843963e-06
17,P9A,0.1812659225463867,-1.576495818914295e-18,3.814697252524368e-09,1.5258789010097473e-05
17,P9A,0.18126593017578124,-1.576495818914295e-18,7.629394532804312e-09,3.051757813121725e-05
17,P9A,0.18126599121093748,-1.5635785664686668e-18,6.103515623467892e-08,0.0002441406249387157
17,P9A,0.18126611328124997,-1.56347268735026e-18,1.2207031249711342e-07,0.0004882812499884537
17,P9A,0.18126635742187497,-1.5615668632189379e-18,2.4414062499422684e-07,0.0009765624999769074
17,P9A,0.18126637268066403,-1.5748017530197863e-18,1.5258789065608624e-08,6.10351562624345e-05
17,P9A,0.18126638031005857,-1.5635785664686668e-18,7.629394532804312e-09,3.051757813121725e-05
17,P9A,0.1812663879394531,9.212440638872454e-17,7.629394532804312e-09,3.051757813121725e-05
17,P9A,0.18126638796925543,-8.331054177675306e-18,2.980232727267662e-11,1.1920930909070648e-07
17,P9A,0.18126638799905775,-8.329042474425577e-18,2.980232727267662e-11,1.1920930909070648e-07
17,P9A,0.18126638805866238,-8.315913463743136e-18,5.960462678977763e-11,2.384185071591105e-07
17,P9A,0.18126638817787166,-8.307972529862627e-18,1.1920928133513087e-10,4.7683712534052347e-07
17,P9A,0.18126638841629025,-8.2264456086894e-18,2.3841859042583735e-10,9.536743617033494e-07
17,P9A,0.1812663888931274,-7.914525725863004e-18,4.768371530960991e-10,1.9073486123843963e-06
17,P9A,0.18126638984680174,-6.648529107073045e-18,9.536743339477738e-10,3.814697335791095e-06
17,P9A,0.18126639175415038,-1.5721547750596166e-18,1.907348640139972e-09,7.629394560559888e-06
17,P9A,0.18126639556884763,1.869014387268413e-17,3.814697252524368e-09,1.5258789010097473e-05
17,P9A,0.18126640319824217,9.974473829869786e-17,7.629394532804312e-09,3.051757813121725e-05
17,P9A,0.1812664032280445,-6.870053451788728e-19,2.980232727267662e-11,1.1920930909070648e-07
17,P9A,0.18126640325784682,-6.910287516783307e-19,2.980232727267662e-11,1.1920930909070648e-07
17,P9A,0.18126640331745145,-6.861583122316185e-19,5.960462678977763e-11,2.384185071591105e-07
17,P9A,0.18126640343666073,-6.64982488550261e-19,1.1920928133513087e-10,4.7683712534052347e-07
17,P9A,0.18126640367507932,-5.774204576278477e-19,2.3841859042583735e-10,9.536743617033494e-07
17,P9A,0.18126640415191647,-2.644417836173837e-19,4.768371530960991e-10,1.9073486123843963e-06
17,P9A,0.1812664051055908,9.891669783189808e-19,9.536743339477738e-10,3.814697335791095e-06
17,P9A,0.18126640701293945,6.057494497333494e-18,1.907348640139972e-09,7.629394560559888e-06
17,P9A,0.1812664108276367,2.63207460571429e-17,3.814697252524368e-09,1.5258789010097473e-05
17,P9A,0.18126641083508727,1.2125719181573025e-18,7.450567940381347e-12,2.980227176152539e-08
17,P9A,0.18126641084253786,1.2224186761691338e-18,7.450595695956963e-12,2.980238278382785e-08
17,P9A,0.181266410857439,1.2139483466965908e-18,1.4901135880762695e-11,5.960454352305078e-08
17,P9A,0.18126641088724132,1.2163835664199469e-18,2.980232727267662e-11,1.1920930909070648e-07
17,P9A,0.18126641094684598,1.2268655991422188e-18,5.960465454535324e-11,2.3841861818141297e-07
17,P9A,0.1812664110660553,1.232794829772999e-18,1.1920930909070648e-10,4.768372363628259e-07
17,P9A,0.18126641130447385,1.3094513114995131e-18,2.3841856267026174e-10,9.536742506810469e-07
17,P9A,0.18126641178131103,1.6275121831935029e-18,4.768371808516747e-10,1.907348723406699e-06
17,P9A,0.18126641273498534,2.8869442966422407e-18,9.536743061921982e-10,3.8146972247687927e-06
17,P9A,0.18126641464233395,7.965436211023805e-18,1.9073486123843963e-09,7.629394449537585e-06
17,P9A,0.18126641845703123,2.8221382111663143e-17,3.814697280279944e-09,1.5258789121119776e-05
17,P9A,0.18126641846448183,3.122101818623716e-18,7.450595695956963e-12,2.980238278382785e-08
17,P9A,0.1812664184719324,3.1271840163072417e-18,7.450567940381347e-12,2.980227176152539e-08
17,P9A,0.18126641848683356,3.115643192400902e-18,1.490116363633831e-11,5.960465454535324e-08
17,P9A,0.18126641851663589,3.1226312142157498e-18,2.980232727267662e-11,1.1920930909070648e-07
17,P9A,0.1812664185762405,3.1193489615451394e-18,5.960462678977763e-11,2.384185071591105e-07
17,P9A,0.1812664186954498,3.1356543457797847e-18,1.1920928133513087e-10,4.7683712534052347e-07
17,P9A,0.18126641893386838,3.2189812119659265e-18,2.3841859042583735e-10,9.536743617033494e-07
17,P9A,0.18126641941070554,3.53460686393656e-18,4.768371530960991e-10,1.9073486123843963e-06
17,P9A,0.18126642036437987,4.7937213400300776e-18,9.536743339477738e-10,3.814697335791095e-06
17,P9A,0.1812664222717285,9.860354793150082e-18,1.907348640139972e-09,7.629394560559888e-06
17,P9A,0.18126642608642576,3.012265344089383e-17,3.814697252524368e-09,1.5258789010097473e-05
17,P9A,0.18126642610132693,-2.007749533196113e-17,1.490116363633831e-11,5.960465454535324e-08
17,P9A,0.18126642611622806,-2.0070083793672655e-17,1.4901135880762695e-11,5.960454352305078e-08
17,P9A,0.1812664261460304,-2.0071671980448756e-17,2.980232727267662e-11,1.1920930909070648e-07
17,P9A,0.18126642620563505,-2.0056319508279772e-17,5.960465454535324e-11,2.3841861818141297e-07
17,P9A,0.18126642632484435,-2.0036520113137703e-17,1.1920930909070648e-10,4.768372363628259e-07
17,P9A,0.18126642656326292,-1.996378115879224e-17,2.3841856267026174e-10,9.536742506810469e-07
17,P9A,0.1812664270401001,-1.9644132100322148e-17,4.768371808516747e-10,1.907348723406699e-06
17,P9A,0.1812664279937744,-1.8376017899164054e-17,9.536743061921982e-10,3.8146972247687927e-06
17,P9A,0.18126642990112302,-1.33070551054391e-17,1.9073486123843963e-09,7.629394449537585e-06
17,P9A,0.1812664337158203,6.95407887200217e-18,3.814697280279944e-09,1.5258789121119776e-05
17,P9A,0.18126644897460936,3.3122063157493217e-16,1.5258789065608624e-08,6.10351562624345e-05
17,P9A1,0.0,3.903427450237242e-08,0.0,0.0
17,P9A1,0.000125,4.425289354483594e-08,0.000125,0.5
17,P9A1,0.00025,8.893765039466562e-08,0.000125,0.5
17,P9A1,0.0005,1.977772815561945e-07,0.00025,1.0
17,P9A1,0.00075,2.519492149508372e-07,0.00025,1.0
17,P9A1,0.001,2.620515195760103e-07,0.00025,1.0
17,P9A1,0.00125,2.649364585257317e-07,0.00025,1.0
17,P9A1,0.0015,2.6807381317383525e-07,0.00025,1.0
17,P9A1,0.00175,2.662541405360459e-07,0.00025,1.0
17,P9A1,0.002,2.656737772134712e-07,0.00025,1.0
17,P9A1,0.0022500000000000003,2.686467516536304e-07,0.0002500000000000002,1.0000000000000009
17,P9A1,0.0025,2.65017025233236e-07,0.0002499999999999998,0.9999999999999991
17,P9A1,0.00275,2.5903360499994723e-07,0.0002499999999999998,0.9999999999999991
17,P9A1,0.003,2.5809457780071113e-07,0.0002500000000000002,1.0000000000000009
17,P9A1,0.0032500000000000003,2.559115262651371e-07,0.0002500000000000002,1.0000000000000009
17,P9A1,0.0035,2.5461228844847484e-07,0.0002499999999999998,0.9999999999999991
17,P9A1,0.00375,2.5608747518345824e-07,0.0002499999999999998,0.9999999999999991
17,P9A1,0.004,2.5021896879225627e-07,0.0002500000000000002,1.0000000000000009
17,P9A1,0.00425,2.5379340440416205e-07,0.0002500000000000002,1.0000000000000009
17,P9A1,0.0045000000000000005,2.5024308804915716e-07,0.0002500000000000002,1.0000000000000009
17,P9A1,0.00475,2.4712887708178285e-07,0.00024999999999999935,0.9999999999999974
17,P9A1,0.005,2.43316706760889e-07,0.0002500000000000002,1.0000000000000009
17,P9A1,0.00525,2.4245463464427987e-07,0.0002500000000000002,1.0000000000000009
17,P9A1,0.0055,2.3449549876616e-07,0.00024999999999999935,0.9999999999999974
17,P9A1,0.00575,2.3917127671215715e-07,0.0002500000000000002,1.0000000000000009
17,P9A1,0.006,2.3791794749749932e-07,0.0002500000000000002,1.0000000000000009
17,P9A1,0.00625,2.3268869598626794e-07,0.0002500000000000002,1.0000000000000009
17,P9A1,0.006500000000000001,2.439872323722136e-07,0.0002500000000000002,1.0000000000000009
17,P9A1,0.00675,2.566205002835792e-07,0.00024999999999999935,0.9999999999999974
17,P9A1,0.007,2.7716854001934034e-07,0.0002500000000000002,1.0000000000000009
17,P9A1,0.00725,2.85184008830885e-07,0.0002500000000000002,1.0000000000000009
17,P9A1,0.0075,2.719280277458763e-07,0.00024999999999999935,0.9999999999999974
17,P9A1,0.00775,2.7819912451656134e-07,0.0002500000000000002,1.0000000000000009
17,P9A1,0.008,2.467674902046211e-07,0.0002500000000000002,1.0000000000000009
17,P9A1,0.00825,2.2103098414453546e-07,0.0002500000000000002,1.0000000000000009
17,P9A1,0.0085,2.1531701449781854e-07,0.0002500000000000002,1.0000000000000009
17,P9A1,0.00875,2.144250875256944e-07,0.0002500000000000002,1.0000000000000009
17,P9A1,0.009000000000000001,1.8589247670089273e-07,0.0002500000000000002,1.0000000000000009
17,P9A1,0.00925,1.8570478476491429e-07,0.0002499999999999985,0.9999999999999939
17,P9A1,0.0095,2.0225365837356666e-07,0.0002500000000000002,1.0000000000000009
17,P9A1,0.00975,1.8297828626443155e-07,0.0002500000000000002,1.0000000000000009
17,P9A1,0.01,1.9168500483390952e-07,0.0002500000000000002,1.0000000000000009
17,P9A1,0.01025,1.9498603045318584e-07,0.0002500000000000002,1.0000000000000009
17,P9A1,0.0105,2.052501675937039e-07,0.0002500000000000002,1.0000000000000009
17,P9A1,0.010750000000000001,1.9382355781571868e-07,0.0002500000000000002,1.0000000000000009
17,P9A1,0.011,1.5786354082160178e-07,0.0002499999999999985,0.9999999999999939
17,P9A1,0.01125,1.5300087084023624e-07,0.0002500000000000002,1.0000000000000009
17,P9A1,0.0115,1.5986144431342347e-07,0.0002500000000000002,1.0000000000000009
17,P9A1,0.01175,1.5765138265927176e-07,0.0002500000000000002,1.0000000000000009
17,P9A1,0.012,1.741811574647412e-07,0.0002500000000000002,1.0000000000000009
17,P9A1,0.01225,1.617497109600292e-07,0.0002500000000000002,1.0000000000000009
17,P9A1,0.0125,1.550283948462464e-07,0.0002500000000000002,1.0000000000000009
17,P9A1,0.012750000000000001,1.686060298528192e-07,0.0002500000000000002,1.0000000000000009
17,P9A1,0.013000000000000001,1.6119708890517987e-07,0.0002500000000000002,1.0000000000000009
17,P9A1,0.01325,1.5134989474786818e-07,0.0002499999999999985,0.9999999999999939
17,P9A1,0.0135,1.633513285496744e-07,0.0002500000000000002,1.0000000000000009
17,P9A1,0.01375,1.623034476819282e-07,0.0002500000000000002,1.0000000000000009
17,P9A1,0.014,1.5096218543404732e-07,0.0002500000000000002,1.0000000000000009
17,P9A1,0.01425,1.531853188623812e-07,0.0002500000000000002,1.0000000000000009
17,P9A1,0.0145,1.569402324453817e-07,0.0002500000000000002,1.0000000000000009
17,P9A1,0.014750000000000001,1.6031115731202592e-07,0.0002500000000000002,1.0000000000000009
17,P9A1,0.015,1.578578993093429e-07,0.0002499999999999985,0.9999999999999939
17,P9A1,0.01525,1.597948755462556e-07,0.0002500000000000002,1.0000000000000009
17,P9A1,0.0155,1.296002643535911e-07,0.0002500000000000002,1.0000000000000009
17,P9A1,0.01575,1.2136370493712836e-07,0.0002500000000000002,1.0000000000000009
17,P9A1,0.016,1.2229664107413616e-07,0.0002500000000000002,1.0000000000000009
17,P9A1,0.01625,1.1542978523426906e-07,0.0002500000000000002,1.0000000000000009
17,P9A1,0.0165,1.2188384964061437e-07,0.0002500000000000002,1.0000000000000009
17,P9A1,0.01675,1.3350001170720513e-07,0.0002500000000000002,1.0000000000000009
17,P9A1,0.017,1.2206158567413076e-07,0.0002500000000000002,1.0000000000000009
17,P9A1,0.017125,1.2428444791390576e-07,0.0001250000000000001,0.5000000000000004
17,P9A1,0.01725,1.340285291568759e-07,0.0001250000000000001,0.5000000000000004
17,P9A1,0.0175,1.0924103132323599e-07,0.0002500000000000002,1.0000000000000009
17,P9A1,0.017750000000000002,9.893831793126617e-08,0.0002500000000000002,1.0000000000000009
17,P9A1,0.017875000000000002,1.0430462864845613e-07,0.0001250000000000001,0.5000000000000004
17,P9A1,0.018000000000000002,1.046136834725358e-07,0.0001250000000000001,0.5000000000000004
17,P9A1,0.018125000000000002,1.0402922676995162e-07,0.0001250000000000001,0.5000000000000004
17,P9A1,0.01825,8.66453214301867e-08,0.00012499999999999664,0.49999999999998657
17,P9A1,0.0185,7.957276953442029e-08,0.0002500000000000002,1.0000000000000009
17,P9A1,0.018625,8.317435362664511e-08,0.0001250000000000001,0.5000000000000004
17,P9A1,0.01875,7.072567433750908e-08,0.0001250000000000001,0.5000000000000004
17,P9A1,0.018875,5.1012064501390454e-08,0.0001250000000000001,0.5000000000000004
17,P9A1,0.019,4.489348059771197e-08,0.0001250000000000001,0.5000000000000004
17,P9A1,0.019125,4.909519744444292e-08,0.0001250000000000001,0.5000000000000004
17,P9A1,0.01925,4.3858766914164213e-08,0.0001250000000000001,0.5000000000000004
17,P9A1,0.019375,3.330770350868553e-08,0.0001250000000000001,0.5000000000000004
17,P9A1,0.0195,3.302366540555743e-08,0.0001250000000000001,0.5000000000000004
17,P9A1,0.019625,3.393652552672647e-08,0.0001250000000000001,0.5000000000000004
17,P9A1,0.01975,4.2027037017939475e-08,0.0001250000000000001,0.5000000000000004
17,P9A1,0.019875,4.046314517467042e-08,0.0001250000000000001,0.5000000000000004
17,P9A1,0.0199375,2.4742690274235125e-08,6.250000000000006e-05,0.2500000000000002
17,P9A1,0.02,1.3577666034591755e-08,6.250000000000006e-05,0.2500000000000002
17,P9A1,0.020125,1.960529350399018e-08,0.0001250000000000001,0.5000000000000004
17,P9A1,0.02025,2.269690745089179e-08,0.0001250000000000001,0.5000000000000004
17,P9A1,0.020375,3.2112506612310554e-08,0.0001250000000000001,0.5000000000000004
17,P9A1,0.0205,2.876304750504147e-08,0.0001250000000000001,0.5000000000000004
17,P9A1,0.020625,2.570737896742369e-08,0.0001250000000000001,0.5000000000000004
17,P9A1,0.02075,1.7428549416404982e-08,0.0001250000000000001,0.5000000000000004
17,P9A1,0.0208125,1.2058183329506439e-08,6.250000000000006e-05,0.2500000000000002
17,P9A1,0.020875,1.2918312444551262e-08,6.250000000000006e-05,0.2500000000000002
17,P9A1,0.020952358083362925,3.1837234655364662e-18,7.73580833629238e-05,0.3094323334516952
17,P9A1,0.02097617904168146,2.1846085908453336e-10,2.3820958318536423e-05,0.09528383327414569
17,P9A1,0.021,1.6115163116274552e-09,2.3820958318539892e-05,0.09528383327415957
17,P9A1,0.021125,7.575456860138127e-09,0.0001250000000000001,0.5000000000000004
17,P9A1,0.0211875,1.2717316103262495e-08,6.250000000000006e-05,0.2500000000000002
17,P9A1,0.02125,2.495434119742587e-09,6.250000000000006e-05,0.2500000000000002
17,P9A1,0.021375,9.124643331677685e-09,0.0001250000000000001,0.5000000000000004
17,P9A1,0.0214375,1.7849669355632024e-09,6.250000000000006e-05,0.2500000000000002
17,P9A1,0.021500000000000002,1.6710199474646607e-09,6.250000000000006e-05,0.2500000000000002
17,P9A1,0.021562500000000002,1.5730077057636016e-09,6.250000000000006e-05,0.2500000000000002
17,P9A1,0.021625000000000002,7.989206583614625e-09,6.250000000000006e-05,0.2500000000000002
17,P9A1,0.021687500000000002,4.439702768061605e-09,6.250000000000006e-05,0.2500000000000002
17,P9A1,0.021718750000000002,5.198422599128749e-09,3.125000000000003e-05,0.1250000000000001
17,P9A1,0.021750000000000002,8.29153283174847e-09,3.125000000000003e-05,0.1250000000000001
17,P9A1,0.021830096481944405,4.1165184987002644e-18,8.009648194440278e-05,0.3203859277776111
17,P9A1,0.021851334421701354,3.3688205325531555e-10,2.123793975694968e-05,0.08495175902779872
17,P9A1,0.0218725723614583,1.2577952253659659e-09,2.123793975694621e-05,0.08495175902778485
17,P9A1,0.0219150482409722,1.2941297418212057e-09,4.247587951389936e-05,0.16990351805559745
17,P9A1,0.021956868654424387,2.0711456893179427e-18,4.182041345218712e-05,0.1672816538087485
17,P9A1,0.022,2.0598166236484164e-18,4.31313455756116e-05,0.1725253823024464
17,P9A1,0.0220625,2.5678048588220794e-09,6.250000000000006e-05,0.2500000000000002
17,P9A1,0.02209125149977626,4.758781230955838e-18,2.8751499776262512e-05,0.11500599910505005
17,P9A1,0.022125,4.758781230955838e-18,3.374850022373754e-05,0.13499400089495017
17,P9A1,0.02215625,1.6713666063462446e-10,3.125000000000003e-05,0.1250000000000001
17,P9A1,0.0221875,9.968616309735389e-10,3.125000000000003e-05,0.1250000000000001
17,P9A1,0.022236819142563036,2.718808256612262e-18,4.931914256303682e-05,0.1972765702521473
17,P9A1,0.02225,2.7299255640449748e-18,1.3180857436963234e-05,0.052723429747852935
17,P9A1,0.0223125,2.7166906742441263e-18,6.250000000000006e-05,0.2500000000000002
17,P9A1,0.02234375,1.9097260925779468e-09,3.125000000000003e-05,0.1250000000000001
17,P9A1,0.022375,2.755834414934256e-09,3.125000000000003e-05,0.1250000000000001
17,P9A1,0.02245571136100625,3.1077022585203927e-18,8.071136100624987e-05,0.3228454440249995
17,P9A1,0.022477855680503124,1.3370520183251904e-10,2.214431949687512e-05,0.08857727798750048
17,P9A1,0.0225,1.5221878788397358e-09,2.214431949687512e-05,0.08857727798750048
17,P9A1,0.02256006441867991,3.528148237713746e-18,6.006441867991222e-05,0.24025767471964887
17,P9A1,0.022607548314009934,3.5220072488461524e-18,4.748389533002287e-05,0.18993558132009147
17,P9A1,0.022631290261674944,3.525183622398356e-18,2.37419476650097e-05,0.0949677906600388
17,P9A1,0.022655032209339954,9.15901036315885e-10,2.37419476650097e-05,0.0949677906600388
17,P9A1,0.022678055627706094,7.659737967174727e-19,2.302341836614083e-05,0.09209367346456332
17,P9A1,0.02275,7.659737967174727e-19,7.194437229390491e-05,0.2877774891756196
17,P9A1,0.02278125,1.776113001647406e-09,3.125000000000003e-05,0.1250000000000001
17,P9A1,0.0228125,5.034683202925614e-09,3.125000000000003e-05,0.1250000000000001
17,P9A1,0.022875,4.817629664629252e-09,6.250000000000006e-05,0.2500000000000002
17,P9A1,0.0229375,5.985809743933101e-09,6.250000000000006e-05,0.2500000000000002
17,P9A1,0.023,5.600534155822689e-09,6.250000000000006e-05,0.2500000000000002
17,P9A1,0.02303125,5.020515961289203e-09,3.125000000000003e-05,0.1250000000000001
17,P9A1,0.0230625,8.129035928964107e-09,3.125000000000003e-05,0.1250000000000001
17,P9A1,0.023125,3.734412558453166e-09,6.250000000000006e-05,0.2500000000000002
17,P9A1,0.0231875,9.068100765193255e-09,6.250000000000006e-05,0.2500000000000002
17,P9A1,0.02325,7.153137280729162e-09,6.250000000000006e-05,0.2500000000000002
17,P9A1,0.023275950195382773,1.5553026244400738e-18,2.595019538277274e-05,0.10380078153109096
17,P9A1,0.02328995330817135,9.817932075029256e-12,1.4003112788579103e-05,0.05601245115431641
17,P9A1,0.023303956420959927,7.504040774760699e-10,1.4003112788575633e-05,0.056012451154302534
17,P9A1,0.02333196264653708,2.5581719536789663e-09,2.8006225577151267e-05,0.11202490230860507
17,P9A1,0.023387975097691388,2.0966478422584377e-09,5.601245115430947e-05,0.2240498046172379
17,P9A1,0.02341598132326854,2.039578882198029e-09,2.8006225577151267e-05,0.11202490230860507
17,P9A1,0.023443987548845694,4.476880025907721e-09,2.8006225577154736e-05,0.11202490230861895
17,P9A1,0.0235,4.466627528098386e-09,5.6012451154306e-05,0.224049804617224
17,P9A1,0.0235625,7.687818577646456e-09,6.250000000000006e-05,0.2500000000000002
17,P9A1,0.023625,3.399921407023061e-09,6.250000000000006e-05,0.2500000000000002
17,P9A1,0.023703659773629624,8.503594540876823e-19,7.865977362962392e-05,0.3146390945184957
17,P9A1,0.02375,8.433714322728344e-19,4.6340226370376186e-05,0.18536090548150475
17,P9A1,0.023875,6.2020932366313094e-09,0.0001250000000000001,0.5000000000000004
17,P9A1,0.0239375,2.257278972301813e-08,6.250000000000006e-05,0.2500000000000002
17,P9A1,0.024,4.432191148201856e-08,6.250000000000006e-05,0.2500000000000002
17,P9A1,0.024125,8.009247015238295e-08,0.0001250000000000001,0.5000000000000004
17,P9A1,0.02425,6.410155291189376e-08,0.0001250000000000001,0.5000000000000004
17,P9A1,0.02437765048673464,4.069931686601278e-18,0.0001276504867346387,0.5106019469385548
17,P9A1,0.0245,4.082001906099652e-18,0.00012234951326536153,0.4893980530614461
17,P9A1,0.02450136681829463,4.082001906099652e-18,1.3668182946291463e-06,0.005467273178516585
17,P9A1,0.024625683409147316,4.113342125148061e-18,0.00012431659085268554,0.49726636341074215
17,P9A1,0.02468784170457366,9.289881936834226e-10,6.215829542634277e-05,0.24863318170537108
17,P9A1,0.02475,3.889527750255238e-09,6.215829542634277e-05,0.24863318170537108
17,P9A1,0.024875,5.666664349648991e-09,0.0001250000000000001,0.5000000000000004
17,P9A1,0.02496167038776912,6.53716702197595e-20,8.66703877691194e-05,0.3466815510764776
17,P9A1,0.02496718145141986,5.192502218209748e-20,5.5110636507406385e-06,0.022044254602962554
17,P9A1,0.025,3.4975491724941845e-18,3.281854858014008e-05,0.1312741943205603
17,P9A1,0.0250267569980316,3.040257260095269e-18,2.6756998031597645e-05,0.10702799212639058
17,P9A1,0.0251383784990158,1.113849686547968e-12,0.00011162150098420129,0.44648600393680515
17,P9A1,0.02525,1.2175964675472204e-08,0.00011162150098420129,0.44648600393680515
17,P9A1,0.0253125,1.1079174919972837e-08,6.250000000000006e-05,0.2500000000000002
17,P9A1,0.025375,1.0755528819912799e-08,6.250000000000006e-05,0.2500000000000002
17,P9A1,0.025437500000000002,6.823920639735161e-09,6.250000000000006e-05,0.2500000000000002
17,P9A1,0.025500000000000002,8.661298993441283e-09,6.250000000000006e-05,0.2500000000000002
17,P9A1,0.025562500000000002,4.9638583498578235e-09,6.250000000000006e-05,0.2500000000000002
17,P9A1,0.025625000000000002,9.808052863131046e-09,6.250000000000006e-05,0.2500000000000002
17,P9A1,0.025687500000000002,7.105823196372726e-09,6.250000000000006e-05,0.2500000000000002
17,P9A1,0.025750000000000002,9.301842053324761e-09,6.250000000000006e-05,0.2500000000000002
17,P9A1,0.025812500000000002,9.359924415977781e-09,6.250000000000006e-05,0.2500000000000002
17,P9A1,0.025875000000000002,1.0105992079650095e-08,6.250000000000006e-05,0.2500000000000002
17,P9A1,0.025937500000000002,9.59996650705447e-09,6.250000000000006e-05,0.2500000000000002
17,P9A1,0.026000000000000002,1.093733616459304e-08,6.250000000000006e-05,0.2500000000000002
17,P9A1,0.026062500000000002,1.0474896637829975e-08,6.250000000000006e-05,0.2500000000000002
17,P9A1,0.026125000000000002,1.3712714106824167e-08,6.250000000000006e-05,0.2500000000000002
17,P9A1,0.026187500000000002,1.4690748709923816e-08,6.250000000000006e-05,0.2500000000000002
17,P9A1,0.026244409060149337,2.852321824923221e-18,5.690906014933425e-05,0.227636240597337
17,P9A1,0.02625,1.024303098551354e-14,5.590939850662335e-06,0.02236375940264934
17,P9A1,0.02625000945297406,3.985863666586289e-18,9.452974059770414e-09,3.7811896239081655e-05
17,P9A1,0.02637500472648703,2.6942505063845505e-08,0.00012499527351297196,0.49998109405188784
17,P9A1,0.026437502363243513,3.091666142290663e-08,6.249763675648251e-05,0.24999054702593004
17,P9A1,0.0265,2.666968466664772e-08,6.249763675648598e-05,0.24999054702594392
17,P9A1,0.0265625,2.3722697774977426e-08,6.250000000000006e-05,0.2500000000000002
17,P9A1,0.026625,2.9025122888126717e-08,6.250000000000006e-05,0.2500000000000002
17,P9A1,0.0266875,3.4180815119113205e-08,6.250000000000006e-05,0.2500000000000002
17,P9A1,0.02675,3.45734073601314e-08,6.250000000000006e-05,0.2500000000000002
17,P9A1,0.0268125,3.248940311752714e-08,6.250000000000006e-05,0.2500000000000002
17,P9A1,0.026875,3.449729870537837e-08,6.250000000000006e-05,0.2500000000000002
17,P9A1,0.0269375,3.341668191536189e-08,6.250000000000006e-05,0.2500000000000002
17,P9A1,0.027,3.025433871689465e-08,6.250000000000006e-05,0.2500000000000002
17,P9A1,0.0270625,2.7691152549617225e-08,6.250000000000006e-05,0.2500000000000002
17,P9A1,0.027125,2.668042846548143e-08,6.250000000000006e-05,0.2500000000000002
17,P9A1,0.02725,3.447688092023309e-08,0.0001250000000000001,0.5000000000000004
17,P9A1,0.027375,3.770889963767648e-08,0.0001250000000000001,0.5000000000000004
17,P9A1,0.0274375,3.2226402413092445e-08,6.250000000000006e-05,0.2500000000000002
17,P9A1,0.0275,3.2125184284651884e-08,6.250000000000006e-05,0.2500000000000002
17,P9A1,0.0275625,3.618019172246579e-08,6.250000000000006e-05,0.2500000000000002
17,P9A1,0.027625,3.773290243623091e-08,6.250000000000006e-05,0.2500000000000002
17,P9A1,0.0276875,3.608279403034237e-08,6.250000000000006e-05,0.2500000000000002
17,P9A1,0.02775,3.26330532938892e-08,6.250000000000006e-05,0.2500000000000002
17,P9A1,0.027875,3.715246844809762e-08,0.0001250000000000001,0.5000000000000004
17,P9A1,0.0279375,3.352711740798901e-08,6.250000000000006e-05,0.2500000000000002
17,P9A1,0.028,3.3689506460083926e-08,6.250000000000006e-05,0.2500000000000002
17,P9A1,0.0280625,3.637445954278371e-08,6.250000000000006e-05,0.2500000000000002
17,P9A1,0.028125,3.874950053335545e-08,6.250000000000006e-05,0.2500000000000002
17,P9A1,0.0281875,3.975381583749497e-08,6.250000000000006e-05,0.2500000000000002
17,P9A1,0.02825,4.118769279405845e-08,6.250000000000006e-05,0.2500000000000002
17,P9A1,0.028375,2.9548836858077674e-08,0.0001250000000000001,0.5000000000000004
17,P9A1,0.0285,3.773363611629631e-08,0.0001250000000000001,0.5000000000000004
17,P9A1,0.028625,3.3985429951494064e-08,0.0001250000000000001,0.5000000000000004
17,P9A1,0.02875,4.15507715918047e-08,0.0001250000000000001,0.5000000000000004
17,P9A1,0.0288125,4.012965367945752e-08,6.250000000000006e-05,0.2500000000000002
17,P9A1,0.028875,3.969052661318833e-08,6.250000000000006e-05,0.2500000000000002
17,P9A1,0.029,4.0827176101670154e-08,0.0001250000000000001,0.5000000000000004
17,P9A1,0.0290625,4.637195245166247e-08,6.250000000000006e-05,0.2500000000000002
17,P9A1,0.029125,5.153849978094161e-08,6.250000000000006e-05,0.2500000000000002
17,P9A1,0.0292233782363865,4.444975278675051e-08,9.837823638649684e-05,0.39351294554598737
