0.0001024963848162123 5.6502482437758459e-05 0.00015598149824162276
0.00010249816522172413 5.6500829310124856e-05 0.00015598149824187389
0.00010249535142479664 5.650380957876975e-05 0.00015598149824169857
0.00010244934344911096 5.8551571471449463e-05 0.00015598149944379272
0.00010244787331470536 5.8549454804332546e-05 0.0001559814994414867
0.00010245098789128223 5.8553299625917413e-05 0.00015598149944598671
0.00010269709035166893 5.6315407098032238e-05 0.00015598149826949874
0.000102697966682647 5.6314795416692557e-05 0.00015598149826974412
0.00010269572831276205 5.6316682175617631e-05 0.00015598149826931288
0.00010275372132386218 5.6275975082723521e-05 0.00015598149828541306
0.00010275711135461046 5.6273898491336855e-05 0.00015598149828653684
0.00010275148295397723 5.6277861841648601e-05 0.00015598149828498185
0.00010261101996550642 5.6396463237526538e-05 0.00015598149825804528
0.00010261664836613962 5.6392499887214804e-05 0.00015598149825960024
0.00010260820616857889 5.6399443506171431e-05 0.00015598149825786999
0.00010436022290411759 5.6134997755853349e-05 0.00015598149932615431
0.00010436325698786408 5.6136756023698214e-05 0.00015598149932934021
0.00010435802750847573 5.6134077922322025e-05 0.00015598149932406151
0.00010422008882596045 5.6076422975730473e-05 0.0001559814991926514
0.00010422531830534879 5.6079101077106669e-05 0.00015598149919793011
0.00010421681176344205 5.6075467006312901e-05 0.00015598149918977886
0.00010263266348777269 5.8740467931699468e-05 0.00015598149968611141
0.0001026314502811432 5.8739250850879431e-05 0.00015598149968452769
0.0001026353425484055 5.8742500705327895e-05 0.00015598149968921399
0.0001025547888757117 5.8662104539235431e-05 0.00015598149958430735
0.00010255167429913481 5.8658259717650564e-05 0.00015598149957980734
0.00010255868114297402 5.8665354393683888e-05 0.00015598149958899368
0.00010401194641853717 5.601576749684357e-05 0.00015598149901023908
0.00010402045296044392 5.6019401567637331e-05 0.00015598149901839035
0.00010401016107476006 5.6015435249521346e-05 0.00015598149900878776
0.00010389769634301538 5.5994645749658952e-05 0.0001559814989174494
0.00010390798822869924 5.5998612067774937e-05 0.00015598149892705199
0.00010389416143410209 5.5994407499328924e-05 0.0001559814989148288
0.00010229941636018021 5.8328786792641578e-05 0.00015598149920444652
0.00010229781544980508 5.8325325046963529e-05 0.00015598149920123807
0.00010230028411014236 5.8330142189065371e-05 0.00015598149920587154
0.00010235670947239688 5.8416993458159858e-05 0.0001559814992977618
0.00010235424081205959 5.8412176316058009e-05 0.0001559814992931283
0.0001023637163162361 5.8424088134193176e-05 0.00015598149930694813
0.00010367333341025619 5.5979569930908322e-05 0.00015598149875114506
0.00010368716020485333 5.5983774499354349e-05 0.00015598149876336825
0.00010367187730550018 5.5979610037361352e-05 0.0001559814987501489
0.00010357989802411229 5.598227891402473e-05 0.00015598149868730529
0.00010359518092346545 5.5986443376017726e-05 0.00015598149870052464
0.00010357625176932251 5.5982785637298348e-05 0.0001559814986850557
0.00010454821852361982 5.6246309546156858e-05 0.00015598149952498347
0.00010454942914504462 5.6247153663884967e-05 0.00015598149952634059
0.00010452928936947688 5.6242651807437473e-05 0.0001559814995095145
0.00010462584011928433 5.6300626681831347e-05 0.00015598149961211583
0.0001046286868355629 5.6303195720514563e-05 0.00015598149961565914
0.00010460570034371658 5.6296124825383866e-05 0.00015598149959528975
0.00010236895556300423 5.6667659114080831e-05 0.00015598149825189354
0.00010236990689365575 5.6666413011745392e-05 0.00015598149825180903
0.00010236753012372529 5.6670046536189159e-05 0.00015598149825233376
0.00010243202057012081 5.6586424759850749e-05 0.00015598149824711907
0.00010244046276768154 5.6579481140894116e-05 0.00015598149824884935
0.00010242964380019037 5.6590058284294524e-05 0.0001559814982476438
0.00010334990129323174 5.601560885434884e-05 0.00015598149854623082
0.00010337288778507805 5.6022679749479537e-05 0.00015598149856660022
0.00010334864217294556 5.601590809692338e-05 0.00015598149854552888
0.00010326899238368247 5.6034973901344172e-05 0.00015598149850120849
0.00010329323799581499 5.6041745553900342e-05 0.0001559814985222798
0.00010326549850941071 5.6036212953168239e-05 0.0001559814984995071
0.00010304735863928471 5.6113611420660584e-05 0.0001559814983933043
0.00010307509812568898 5.6119144021392688e-05 0.00015598149841607699
0.00010304629351772944 5.6114104132038291e-05 0.00015598149839285492
0.00010297629461828722 5.6148342189048701e-05 0.00015598149836444256
0.00010300509922624676 5.6153382078403098e-05 0.0001559814983876646
0.00010296547565079603 5.6158919332449102e-05 0.00015598149836323704
0.0001022909207256408 5.68185641926471e-05 0.00015598149828817377
0.00010233054430109153 5.6813026938601096e-05 0.00015598149831260138
0.00010229040287102809 5.6819572957365783e-05 0.00015598149828841896
0.00010225769527078236 5.6883594901705809e-05 0.00015598149830409051
0.0001022978367008458 5.6877048882941116e-05 0.0001559814983282729
0.00010225641128262198 5.6887021732333346e-05 0.0001559814983052564
0.00010285911764441858 5.8906516535125648e-05 0.00015598149994488329
0.00010285826397968883 5.8905956401895891e-05 0.00015598149994394746
0.00010286251636347342 5.8908200054671917e-05 0.00015598149994827963
0.00010280189371014099 5.8867070824529175e-05 0.00015598149988100817
0.0001027924182059645 5.8855159006393994e-05 0.00015598149986718833
0.00010280614609392558 5.8869314477305201e-05 0.00015598149988534031
0.00010217628712916156 5.7100940312078858e-05 0.00015598149837805535
0.00010221771254738539 5.709096746268662e-05 0.0001559814984010719
0.00010217602045477117 5.7101878723963745e-05 0.00015598149837843411
0.00010215917382949094 5.7161706888200173e-05 0.00015598149840269194
0.00010220086592210516 5.7150795626923048e-05 0.00015598149842532971
0.00010215850206465052 5.7165708358435289e-05 0.00015598149840463321
0.00010454849511009587 5.8868157757227725e-05 0.00015598150110555345
0.00010454787895021169 5.8868537762687949e-05 0.00015598150110535073
0.00010455094082504415 5.8866223553716854e-05 0.00015598150110610135
0.00010450821790051681 5.8892873258800088e-05 0.00015598150109222793
0.00010450445664977119 5.8894818726075158e-05 0.00015598150109076499
0.00010451127977534927 5.8890559049828993e-05 0.00015598150109297855
0.00010479987680061792 5.6470876474724355e-05 0.00015598149983668972
0.00010480048811729931 5.6471524876950011e-05 0.00015598149983750894
0.00010475751294316327 5.6485789206236582e-05 0.00015598149981599322
0.00010483941707742322 5.651304688238249e-05 0.00015598149988981579
0.00010484188773837247 5.6516361682482052e-05 0.00015598149989354512
0.00010479644190328717 5.6527311211669061e-05 0.00015598149986830007
0.000102201677654073 5.8112375452465167e-05 0.00015598149900551171
0.0001022013752794026 5.8111534781955935e-05 0.0001559814990047931
0.00010255335779259109 5.6449582353483268e-05 0.00015598149824965857
0.00010219169928994961 5.8084633325660451e-05 0.00015598149898179745
0.00010246331629091086 5.6544950950119701e-05 0.00015598149824404956
0.00010264066769415719 5.8564509851114341e-05 0.00015598149958565762
0.00010255182639177797 5.6451126818909417e-05 0.00015598149824951643
0.00010221050709834839 5.8104908404390776e-05 0.00015598149900719784
0.00010252487130440169 5.6476032395620853e-05 0.00015598149824564065
0.0001021965372846761 5.8098084053808196e-05 0.00015598149899329525
0.00010258184428078047 5.6423132311345648e-05 0.00015598149825367649
0.00010220089155785461 5.8086178738933152e-05 0.00015598149898917026
0.00010249180277910027 5.6518500907982095e-05 0.00015598149824806747
0.00010264985996206219 5.8566055264387028e-05 0.00015598149959303041
0.00010253529212912726 5.6472361075090038e-05 0.00015598149825072984
0.00010243045568039609 5.8332236609479212e-05 0.00015598149929834867
0.00010247985055356158 5.652371669393908e-05 0.00015598149824283617
0.00010243505174941137 5.8353018457955571e-05 0.00015598149931409598
0.00010253682352994039 5.6470816609663889e-05 0.00015598149825087195
0.0001024253757599584 5.8326117001660093e-05 0.00015598149929110032
0.00010244678202826017 5.6566185206300322e-05 0.000155981498245263
0.00010287434416416598 5.8805993527113977e-05 0.00015598149989496046
0.00010250577224952219 5.6500138258238928e-05 0.00015598149824678776
0.0001024352936751226 5.8345687337626957e-05 0.0001559814993098465
0.00010252230651217292 5.6478904002058307e-05 0.00015598149824557435
0.00010221564746774528 5.8119199803047754e-05 0.00015598149901941425
0.00010257927948855171 5.6426003917783109e-05 0.00015598149825361019
0.0001022059714782923 5.8092298346752277e-05 0.00015598149899641859
0.00010248923798687149 5.6521372514419549e-05 0.00015598149824800118
0.00010265493988249988 5.857217487220616e-05 0.00015598149960027879
0.00010253222932750104 5.6475450005942365e-05 0.00015598149825044559
0.00010237600172502657 5.8170286266587238e-05 0.00015598149916257225
0.00010251240846581884 5.6487604289056067e-05 0.00015598149824388281
0.00010217427998823865 5.8024881661609075e-05 0.00015598149893357465
0.00010256938144219762 5.6434704204780862e-05 0.00015598149825191864
0.00010214261047127745 5.7893356572567299e-05 0.00015598149883210333
0.00010247933994051741 5.6530072801417295e-05 0.00015598149824630963
0.00010262324839244623 5.8504758187062952e-05 0.0001559814995374348
0.00010254252586903696 5.6463071088011018e-05 0.00015598149825019899
0.00010226810648738349 5.805394579601973e-05 0.00015598149901684043
0.00010254089495400823 5.6461154246918454e-05 0.00015598149824790072
0.00010215844522975802 5.7959119117088181e-05 0.00015598149888283901
0.00010259505413345952 5.6411234431288149e-05 0.00015598149825576124
0.0001021267757127968 5.7827594028046405e-05 0.00015598149878136771
0.0001025050126317793 5.6506603027924589e-05 0.00015598149825015226
0.00010260741363396564 5.8438995642542071e-05 0.00015598149948669918
0.00010252421120087441 5.6485958471825242e-05 0.00015598149825116127
0.00010249259068948727 5.8293884058746658e-05 0.00015598149931877049
0.00010249306040624062 5.6511818813881574e-05 0.00015598149824492096
0.00010239876419034244 5.826481992433601e-05 0.00015598149923550474
0.00010255003338261942 5.6458918729606369e-05 0.00015598149825295674
0.00010236709467338121 5.8133294835294234e-05 0.00015598149913403344
0.0001024599918809392 5.6554287326242803e-05 0.00015598149824734778
0.00010284674292214498 5.874058629075734e-05 0.00015598149983619392
0.00010249572471268499 5.6512408513962834e-05 0.00015598149824714338
0.00010252245571059938 5.8374642744687979e-05 0.00015598149938837681
0.00010251225897533572 5.649117425778222e-05 0.00015598149824592994
0.00010229797150849556 5.8134704481961051e-05 0.0001559814990864467
0.00010256923195171451 5.6438274173507022e-05 0.00015598149825396575
0.00010226630199153436 5.8003179392919268e-05 0.00015598149898497541
0.00010247919045003429 5.6533642770143455e-05 0.00015598149824835677
0.00010274693991270316 5.8614581007414927e-05 0.00015598149969030687
0.00010245499696989209 5.854436383499089e-05 0.00015598149944340972
0.00010251118114035529 5.8342242970664142e-05 0.00015598149936094671
0.00010246249898648109 5.8565396707193014e-05 0.00015598149946134462
0.00010229344979612581 5.8173621906200434e-05 0.00015598149910673651
0.00010241545468550133 5.8497663359451468e-05 0.00015598149938755168
0.00010226178027916458 5.8042096817158658e-05 0.00015598149900526525
0.00010251512113596147 5.8620697650167235e-05 0.00015598149953155221
0.0001027424182003334 5.865349843165431e-05 0.00015598149971059671
0.00010242874399774044 5.8516583859287449e-05 0.00015598149940826859
0.00010229005412925528 5.8101823209700593e-05 0.00015598149906107889
0.00010243897683599122 5.8531530033322238e-05 0.00015598149942444811
0.0001022926349726817 5.8126965662132538e-05 0.00015598149907804251
0.00010239193253501147 5.8463796685580692e-05 0.0001559814993506552
0.0001022609654557205 5.7995440573090755e-05 0.00015598149897657121
0.00010249159898547159 5.8586830976296451e-05 0.00015598149949465573
0.00010274160337688932 5.8606842187586414e-05 0.00015598149968190265
0.00010245505507248061 5.8544234330774566e-05 0.00015598149944337237
0.0001025155280037641 5.8345871631460108e-05 0.00015598149936617994
0.00010248881006122127 5.8593047178680131e-05 0.0001559814994964484
0.00010253295393326613 5.8432666469380361e-05 0.00015598149943070824
0.0001024417657602415 5.8525313830938572e-05 0.00015598149942265546
0.00010250128441630489 5.8301141380338585e-05 0.00015598149932923694
0.00010253996207629605 5.8646231454537435e-05 0.00015598149956434995
0.00010298192233747371 5.8912542994834237e-05 0.00015598150003456838
0.00010248022166514176 5.857982915911328e-05 0.00015598149948246285
0.00010253136276224472 5.8411634175980989e-05 0.00015598149941691559
0.00010245391059040157 5.8552178687626163e-05 0.00015598149944735904
0.00010230687856014093 5.8171695913254041e-05 0.00015598149911498553
0.00010240686628942181 5.8484445339884616e-05 0.00015598149937356612
0.00010227520904317972 5.8040170824212265e-05 0.00015598149901351424
0.00010250653273988196 5.860747963060039e-05 0.00015598149951756666
0.00010244856429804893 5.7368565571668488e-05 0.00015598149873016412
0.00010244495600909885 5.8534383420832199e-05 0.00015598149943035785
0.00010316196190171603 5.7177631446035899e-05 0.00015598149911497114
0.00010244075505303147 5.8538353451882618e-05 0.00015598149942980716
0.00010245088679777071 5.7336689130513363e-05 0.00015598149871257733
0.00010239371075205172 5.8470620104141058e-05 0.00015598149935601424
0.0001039051535205003 5.6986304196528921e-05 0.0001559814995204186
0.00010249337720251187 5.8593654394856838e-05 0.00015598149950001478
0.00010244902879799329 5.7362190283437455e-05 0.00015598149872664676
0.00010242003939648384 5.8503624848153252e-05 0.0001559814993943577
0.00010352599308234278 5.7083659924308764e-05 0.00015598149931341412
0.00010241870303694722 5.8506603445128758e-05 0.00015598149939521669
0.00010317802015913548 5.7161496663521132e-05 0.00015598149911649799
0.00010237165873596747 5.8438870097387212e-05 0.00015598149932142375
0.00010463228688186508 5.6811111729536696e-05 0.00015598149992433923
0.00010247132518642761 5.8561904388102985e-05 0.00015598149946542428
0.00010317616215935807 5.7186997816445237e-05 0.00015598149913056744
0.00010244470602905275 5.8529547165172432e-05 0.00015598149942726752
0.00010352506408245406 5.709641050077081e-05 0.00015598149932044878
0.00010246853626217728 5.8568120590486658e-05 0.00015598149946721696
0.00010244995779788198 5.7349439706975402e-05 0.00015598149871961207
0.00010242149196119754 5.8500387242745105e-05 0.00015598149939342402
0.00010390416645811854 5.6999851684019846e-05 0.000155981499527893
0.00010252115841165768 5.8623421533460872e-05 0.00015598149953742455
0.00010244804173561154 5.7375737770928387e-05 0.00015598149873412116
0.00010246822817954263 5.8563413839043202e-05 0.00015598149946416401
0.00010275242682351094 5.7283349407978937e-05 0.0001559814988917228
0.00010244191710480244 5.8535763367556085e-05 0.0001559814994290602
0.00010275335582339963 5.727059883151687e-05 0.00015598149888468809
0.00010239487280382269 5.8468030019814532e-05 0.00015598149935526723
0.00010420762254612922 5.6920213897532435e-05 0.00015598149969252935
0.0001026557537600644 5.6357234981352738e-05 0.00015598149826574577
0.00010275149782362222 5.7296099984440976e-05 0.00015598149889875751
0.000102685757166663 5.6330886343765511e-05 0.00015598149827088774
0.00010313123888671018 5.7190775146372348e-05 0.00015598149910136535
0.00010270059567558118 5.6312960372673516e-05 0.00015598149827048018
0.00010234486587006936 5.7361972394940097e-05 0.00015598149865352569
0.00010272863826687912 5.6293386569803713e-05 0.00015598149827833187
0.00010379913259279891 5.7011587460955654e-05 0.00015598149946136696
0.00010265701043056084 5.635376285540609e-05 0.00015598149826453344
0.00010234300787029191 5.7387473547864202e-05 0.00015598149866759514
0.00010271864655371832 5.63017664189256e-05 0.00015598149827638155
0.00010349585069226736 5.7088834514356442e-05 0.00015598149929541163
0.00010271461697123013 5.6303173471238614e-05 0.000155981498274406
0.00010302649533385579 5.7198526368163774e-05 0.000155981499032641
0.00010274265956252807 5.6283599668368811e-05 0.00015598149828225765
0.00010448076205658536 5.6848141434179325e-05 0.00015598149984048221
0.00010267103172620979 5.6343975953971188e-05 0.00015598149826845926
0.00010302463733407836 5.7224027521087873e-05 0.00015598149904671042
0.00010269685393120814 5.6322167660291873e-05 0.00015598149827340818
0.00010349492169237864 5.7101585090818481e-05 0.00015598149930244631
0.00010267880305307102 5.6333361614039796e-05 0.00015598149826750681
0.00010229843297260229 5.7386469411618045e-05 0.00015598149863575508
0.00010270772197534698 5.6313176129830312e-05 0.00015598149827560385
0.00010375269969533186 5.7036084477633596e-05 0.00015598149944359634
0.0001026360941390287 5.6373552415432703e-05 0.00015598149826180543
0.00010229657497282486 5.7411970564542136e-05 0.0001559814986498245
0.00010268147059665228 5.6333229639312168e-05 0.00015598149826929648
0.00010276778833101386 5.7276777557810705e-05 0.0001559814988985257
0.00010270326321916247 5.6312828397945888e-05 0.00015598149827226988
0.00010276871733090257 5.7264026981348653e-05 0.00015598149889149097
0.0001027313058104604 5.6293254595076085e-05 0.00015598149828012156
0.00010426848325202192 5.6931030434978689e-05 0.00015598149974169597
0.00010265967797414211 5.6353630880678462e-05 0.00015598149826632314
0.00010281697130595117 5.744294531612812e-05 0.00015598149903315076
0.0001026912721400539 5.6326280012493785e-05 0.00015598149827197565
0.00010334549567305919 5.7236472149882253e-05 0.00015598149927904565
0.00010270848265438374 5.6307455240616378e-05 0.00015598149827268846
0.00010266005422411139 5.7327650756720092e-05 0.00015598149885369847
0.00010273652524568165 5.6287881437746575e-05 0.00015598149828054014
0.00010411617894661839 5.6951764669811544e-05 0.00015598149964747031
0.00010266489740936336 5.6348257723348952e-05 0.00015598149826674169
0.00010266466700054761 5.7463679550960969e-05 0.00015598149893892511
0.00010270551187257829 5.631385379853382e-05 0.00015598149827446362
0.00010354157408487747 5.7152980676993182e-05 0.00015598149936611673
0.00010272026558014774 5.6299555098106557e-05 0.00015598149827618309
0.00010338811658536489 5.7139707713265822e-05 0.00015598149925058436
0.00010274830817144566 5.6279981295236754e-05 0.00015598149828403477
0.00010484424130787189 5.6763821626357281e-05 0.00015598150004435621
0.00010267668033512738 5.6340357580839131e-05 0.00015598149827023635
0.00010339272936180111 5.7275736507506698e-05 0.000155981499335811
0.00010268371925006811 5.6334255039900094e-05 0.00015598149827149025
0.00010354402462235924 5.7225245973933653e-05 0.00015598149941139334
0.00010268445166198859 5.6329743240907752e-05 0.00015598149826928387
0.00010270786450990784 5.7383918713624635e-05 0.00015598149892111717
0.00010271249425328652 5.6310169438037936e-05 0.00015598149827713556
0.00010416398923241484 5.7008032626716087e-05 0.00015598149971488899
0.00010264086641696823 5.6370545723640326e-05 0.00015598149826333713
0.00010271247728634408 5.7519947507865519e-05 0.00015598149900634378
0.00010266969795441914 5.6344041941334996e-05 0.00015598149826756441
0.00010281596226110574 5.7413189017387924e-05 0.00015598149901450747
0.00010269149057692934 5.6323640699968722e-05 0.00015598149827053778
0.00010281365587288762 5.7345174620267479e-05 0.00015598149897189413
0.0001028865762173665 5.6200953117163668e-05 0.00015598149833328688
0.00010426978059539462 5.6969288533358938e-05 0.00015598149976566594
0.0001027064673971032 5.6327780327139538e-05 0.00015598149828352772
0.00010281826864932387 5.7481203414508356e-05 0.00015598149905712074
0.00010275545755130103 5.6289349096278851e-05 0.00015598149829469115
0.00010293725793822677 5.7380448210205532e-05 0.00015598149907976731
0.00010274937448777574 5.6282762788577434e-05 0.00015598149828645856
0.00010234268013517204 5.7443883036791541e-05 0.00015598149870136755
0.00010285785547172073 5.6216311864203961e-05 0.00015598149832241935
0.00010379880485767904 5.7067996949883007e-05 0.00015598149949513939
0.00010267774665145745 5.6343139074179824e-05 0.00015598149827266016
0.00010230193316329357 5.7595909171068353e-05 0.00015598149876445213
0.00010280521547940773 5.6250791310443778e-05 0.00015598149830631632
0.00010313218315593603 5.7262949538756232e-05 0.00015598149914553171
0.00010280361497974824 5.6249537326390701e-05 0.00015598149830443894
0.00010302538274811082 5.7271937333373192e-05 0.00015598149907611143
0.00010291209596369326 5.6183086402017215e-05 0.0001559814983403997
0.00010448150747061782 5.6896051246464651e-05 0.00015598149986988325
0.00010273198714342995 5.6309913611993085e-05 0.00015598149829064052
0.00010302999552454707 5.7407966127614082e-05 0.00015598149916133805
0.00010276716319136363 5.6282866212170047e-05 0.00015598149829898592
0.00010313448954415415 5.7330963935876677e-05 0.00015598149918814503
0.00010271695060036489 5.6310874339991949e-05 0.00015598149828068315
0.00010229962677507545 5.7527894773947908e-05 0.00015598149872183883
0.00010282543158430987 5.624442341561847e-05 0.00015598149831664389
0.00010375575149758245 5.7152008687039373e-05 0.00015598149951561065
0.0001026453227640466 5.637125062559434e-05 0.0001559814982668847
0.00010230423955151167 5.7663923568188791e-05 0.00015598149880706545
0.00010271292269939115 5.6316091674356787e-05 0.00015598149828100556
0.00010240642718290065 5.7518906979330954e-05 0.00015598149879125911
0.00010274873661755029 5.6285903531555591e-05 0.00015598149828790475
0.0001047377141312382 5.871875475038999e-05 0.00015598150114808833
0.0001028572176014953 5.6219452607182119e-05 0.00015598149832386549
0.00010471958966908287 5.8732835396317538e-05 0.00015598150114387547
0.00010267710878123201 5.6346279817157989e-05 0.00015598149827410635
0.000104741242158744 5.8715358764561302e-05 0.00015598150114851353
0.00010276773610974735 5.6278218375190007e-05 0.00015598149829658577
0.00010473195151100068 5.872307469761295e-05 0.00015598150114665425
0.00010276664357662987 5.6270809460155007e-05 0.00015598149829135436
0.00010473683212436173 5.8719603746847165e-05 0.00015598150114798205
0.00010287512456057487 5.6204358535781521e-05 0.00015598149832731512
0.00010471870766220643 5.8733684392774713e-05 0.00015598150114376919
0.0001026916257095633 5.6333262337144051e-05 0.00015598149827643218
0.00010474036015186756 5.8716207761018484e-05 0.00015598150114840722
0.00010281500168469814 5.6244624813770959e-05 0.00015598149830945679
0.00010472653838858538 5.8727443855552012e-05 0.00015598150114549475
0.00010281749403785409 5.623966058935494e-05 0.00015598149830821096
0.0001047277698932841 5.8726644069810939e-05 0.00015598150114587561
0.00010292597502179911 5.6173209664981454e-05 0.00015598149834417172
0.00010470964543112877 5.8740724715738487e-05 0.00015598150114166275
0.0001027458662015358 5.6300036874957318e-05 0.00015598149829441254
0.00010473140817164944 5.8723141959425104e-05 0.00015598150114631409
0.000102779187766539 5.6274812956572161e-05 0.00015598149830255758
0.00010472897904264018 5.8725199717895289e-05 0.0001559815011458523
0.00010272743962772244 5.6303074194342862e-05 0.00015598149828333134
0.0001047387063889742 5.8717799629375667e-05 0.00015598150114820797
0.00010283592061166745 5.6236623269969376e-05 0.00015598149831929213
0.00010472058192681887 5.8731880275303216e-05 0.00015598150114399506
0.00010265581179140416 5.6363450479945246e-05 0.00015598149826953297
0.00010474223441648002 5.871440364354698e-05 0.00015598150114863311
0.0001027249472745665 5.6308038418758901e-05 0.00015598149828457722
0.00010473804127371785 5.8718159394931515e-05 0.00015598150114795871
0.00010263916680934183 5.638862960783599e-05 0.00015598149827304665
0.00010473627725996495 5.8719857387845859e-05 0.00015598150114774615
0.00010281927562960511 5.626180239786014e-05 0.00015598149832280579
0.00010471815279780962 5.8733938033773407e-05 0.00015598150114353327
0.00010254912530766161 5.6483998204472437e-05 0.00015598149826743764
0.00010473980528747078 5.8716461402017164e-05 0.00015598150114817132
0.00010265418044944031 5.6389378066546865e-05 0.00015598149828401826
0.00010473269660682744 5.8722427602298965e-05 0.00015598150114678634
0.00010259976477779639 5.6408384312106091e-05 0.00015598149825734415
0.00010474038250721013 5.8716852327193061e-05 0.00015598150114881141
0.00010277987359805967 5.6281557102130228e-05 0.00015598149830710334
0.00010472293468535672 5.8730386828378223e-05 0.00015598150114474351
0.00010250972327611617 5.6503752908742538e-05 0.00015598149825173517
0.00010474458717501786 5.8712910196621987e-05 0.00015598150114938157
0.00010275266979612878 5.6301046159800004e-05 0.00015598149829978839
0.00010472618097581658 5.8727858005809503e-05 0.00015598150114549394
0.00010268981918792801 5.6344970707118163e-05 0.00015598149828222375
0.00010473199691643438 5.8723346505414449e-05 0.00015598150114684995
0.00010286992800819132 5.6218143497142299e-05 0.00015598149833198293
0.00010471387245427905 5.8737427151341997e-05 0.00015598150114263707
0.00010260540608688102 5.6436375953442863e-05 0.00015598149827816975
0.00010473552494394018 5.8719950519585761e-05 0.00015598150114727512
0.00010270483524836115 5.6351710726763117e-05 0.0001559814982968086
0.00010472794498956948 5.8726160012895153e-05 0.00015598150114570653
0.00010256037242758949 5.6452105260112564e-05 0.00015598149825609464
0.00010474282316126493 5.8714608189536325e-05 0.00015598150114916895
0.0001027404812478528 5.6325278050136701e-05 0.00015598149830585382
0.00010472469869910963 5.8728688835463873e-05 0.00015598150114495607
0.00010247033092590927 5.6547473856749011e-05 0.00015598149825048568
0.00010474635118877076 5.8711212203707637e-05 0.00015598150114959412
0.00010261478083822951 5.6415124331751052e-05 0.00015598149827192903
0.00010478918814338804 5.8663719368206419e-05 0.0001559815011509838
0.0001026598015890696 5.6367440033432825e-05 0.00015598149827473348
0.00010475096908339564 5.8704430998263987e-05 0.00015598150114874248
0.00010283991040933292 5.6240612823456962e-05 0.00015598149832449267
0.00010472931659373451 5.8721907630020237e-05 0.00015598150114410443
0.00010256976008738939 5.6462808630069272e-05 0.00015598149826912452
0.00010482740720338043 5.8623007738148824e-05 0.00015598150115322506
0.00010270952383420272 5.6344080696384255e-05 0.00015598149829549484
0.00010476823644991014 5.8683301702311009e-05 0.00015598150114810603
0.00010265042038349543 5.6372714159300377e-05 0.00015598149827133895
0.00010475242832065217 5.8703458674748909e-05 0.00015598150114917895
0.00010282208700619801 5.6252830568281147e-05 0.00015598149831936784
0.00010473077583099103 5.8720935306505158e-05 0.00015598150114454087
0.00010255193668425447 5.6475026374893457e-05 0.00015598149826399969
0.00010482886644063696 5.8622035414633759e-05 0.00015598150115366151
0.00010272171722314797 5.633183192791575e-05 0.00015598149829665589
0.00010475925236856127 5.8692813499113314e-05 0.00015598150114754411
0.00010273203259606635 5.6316244173269082e-05 0.00015598149829448827
0.0001047416020758216 5.871219699062704e-05 0.00015598150114685987
0.00010291214141632965 5.6189416963293225e-05 0.00015598149834424746
0.00010471927294585855 5.8730219767125669e-05 0.00015598150114207689
0.00010264199109438613 5.6411612769905522e-05 0.00015598149828887926
0.00010481736355550448 5.863131987525427e-05 0.00015598150115119752
0.00010267669647230788 5.6379516226233971e-05 0.00015598149829385138
0.00010479986011980319 5.8649557392177146e-05 0.00015598150114992548
0.0001025969574350946 5.6427342076575237e-05 0.0001559814982668042
0.00010478997074034264 5.8663293189433727e-05 0.00015598150115127526
0.00010277706625535787 5.6300514866599373e-05 0.00015598149831656333
0.00010476831825068152 5.868076982118997e-05 0.00015598150114663721
0.00010250691593341438 5.652271067321167e-05 0.00015598149826119518
0.00010486640886032744 5.8581869929318563e-05 0.00015598150115575784
0.00010433240631005868 5.6128862841374455e-05 0.00015598149930296456
0.00010481068636463377 5.8640819076299028e-05 0.00015598150115224451
0.00010436753264032842 5.6143580177875585e-05 0.00015598149933644971
0.00010477246730464137 5.8681530706356603e-05 0.00015598150115000322
0.00010446462332021667 5.6199844748911482e-05 0.00015598149943839843
0.00010475081481498023 5.8699007338112853e-05 0.00015598150114536517
0.00010429727997978894 5.6114145504873319e-05 0.00015598149926947941
0.00010484890542462617 5.8600107446241454e-05 0.0001559815011544858
0.00010436518099989662 5.6146328840154191e-05 0.00015598149933645863
0.00010479343574262355 5.8658030584600763e-05 0.00015598150115053114
0.00010433387815641528 5.6123959753477489e-05 0.00015598149930104045
0.00010477933966431316 5.8676189224902469e-05 0.00015598150115159914
0.00010443096883630353 5.6180224324513379e-05 0.00015598149940298917
0.00010475768717465203 5.8693665856658712e-05 0.00015598150114696108
0.00010426362549587583 5.6094525080475216e-05 0.00015598149923407015
0.00010485577778429796 5.8594765964787313e-05 0.00015598150115608172
0.00010439180531030048 5.6157646320634569e-05 0.00015598149936193686
0.00010476773082252799 5.8685353719553279e-05 0.00015598150114898862
0.0001043824234963594 5.615209203899543e-05 0.00015598149935201481
0.00010476851341948261 5.8684927540780587e-05 0.00015598150114928014
0.00010448254825999416 5.6210114877876192e-05 0.00015598149945714944
0.00010474686092982148 5.8702404172536823e-05 0.00015598150114464208
0.00010431520491956646 5.6124415633838023e-05 0.00015598149928823041
0.00010484495153946741 5.8603504280665424e-05 0.00015598150115376272
0.00010435448358438889 5.6142009150602102e-05 0.0001559814993263589
0.00010480594988252039 5.8644642089495705e-05 0.00015598150115122991
0.00010430178590989206 5.6111000684821224e-05 0.00015598149927074117
0.00010481755872430556 5.8635477594844888e-05 0.00015598150115384045
0.00010439887658978028 5.6167265255857107e-05 0.0001559814993726899
0.00010479590623464443 5.865295422660113e-05 0.0001559815011492024
0.00010423153324935258 5.6081566011818938e-05 0.0001559814992037709
0.00010488707831017512 5.8559839186164995e-05 0.00015598150115696195
0.00010430593824444477 5.6113876865084167e-05 0.00015598149927538454
0.00010476726572578615 5.8671907791649937e-05 0.00015598150114055792
0.0001043410645747145 5.6128594201585297e-05 0.00015598149930886966
0.00010471822042096318 5.8721357737585651e-05 0.0001559815011359976
0.00010443815525460274 5.6184858772621194e-05 0.00015598149941081839
0.00010449988040246544 5.8857667377462886e-05 0.00015598150106516454
0.00010427081191417504 5.6099159528583017e-05 0.00015598149924189939
0.00010481631103060913 5.8622457845714251e-05 0.00015598150114511824
0.00010437971008128499 5.6151929240559898e-05 0.0001559814993500153
0.00010462256433592893 5.8776760386165282e-05 0.00015598150110236403
0.00010435559365610286 5.6134194601990997e-05 0.00015598149932242637
0.0001046936977685517 5.8746082710553504e-05 0.00015598150113371745
0.00010445268433599111 5.6190459173026894e-05 0.00015598149942437509
0.00010447535775005396 5.8882392350430739e-05 0.0001559815010628844
0.00010428534099556341 5.6104759928988718e-05 0.00015598149925545606
0.00010479178837819765 5.8647182818682098e-05 0.00015598150114283808
0.00010442154591639192 5.6173354051569433e-05 0.00015598149939224508
0.000104543456678893 5.8835562769102439e-05 0.00015598150108237554
0.00010440413899604698 5.6162326887508946e-05 0.00015598149937340073
0.00010458759309085427 5.8811146908871139e-05 0.00015598150109858593
0.00010450122967593523 5.6218591458544829e-05 0.00015598149947534945
0.00010436925307235652 5.8947456548748381e-05 0.00015598150102775287
0.0001043338863355075 5.6132892214506666e-05 0.00015598149930643043
0.00010468568370050019 5.871224701699974e-05 0.00015598150110770657
0.00010438641958612218 5.6158636715068297e-05 0.00015598149935875993
0.00010460239044084545 5.8778762525299595e-05 0.00015598150108943443
0.00010432046732583313 5.6119477265489861e-05 0.00015598149928894122
0.00010474580840492612 5.8693542142996812e-05 0.00015598150113856277
0.00010441755800572137 5.6175741836525751e-05 0.00015598149939088994
0.00010452746838642837 5.8829851782874054e-05 0.00015598150106772973
0.00010406602081879297 5.603532091413158e-05 0.00015598149905991671
0.00010484389901457204 5.8594642251125412e-05 0.00015598150114768341
0.00010419896359879129 5.6082938824846893e-05 0.00015598149918177596
0.00010471156045009433 5.8710607705360974e-05 0.00015598150112485095
0.00010425139659908539 5.609823433552803e-05 0.00015598149922773686
0.00010466251514527138 5.8760057651296673e-05 0.00015598150112029066
0.00010441873993951311 5.6183933579566193e-05 0.00015598149939665589
0.00010444417512677363 5.8896367291173915e-05 0.00015598150104945759
0.00010414653059849715 5.6067643314165763e-05 0.00015598149913581506
0.00010475754042336588 5.8664248381046267e-05 0.00015598150112912626
0.00010427875346966691 5.6120429932435259e-05 0.00015598149926028545
0.00010460014989871071 5.8788007532783032e-05 0.00015598150109343706
0.00010423642806974885 5.6085031323845254e-05 0.00015598149920928962
0.00010469132489947545 5.8751094899170276e-05 0.0001559815011350759
0.00010440377141017656 5.617073056788343e-05 0.00015598149937820865
0.00010447298488097772 5.8887404539047518e-05 0.00015598150106424285
0.00010413156206916062 5.6054440302482986e-05 0.00015598149911736782
0.00010478941550912137 5.8652195007298876e-05 0.00015598150114419653
0.00010436909443692625 5.6155620240722165e-05 0.00015598149934480148
0.00010451072597595311 5.8860704284324859e-05 0.0001559815010745949
0.00010431682267744431 5.612692497644678e-05 0.00015598149929087657
0.00010458215489022658 5.8819249719108897e-05 0.0001559815010996594
0.00010448416601787204 5.621262422048495e-05 0.00015598149945979559
0.00010436381487172883 5.8955559358986139e-05 0.00015598150102882631
0.00010421195667685608 5.6096333955084499e-05 0.00015598149919895477
0.00010468024549987251 5.8720349827237497e-05 0.00015598150110878004
0.00010430815489472536 5.6136690659247268e-05 0.0001559814992906893
0.00010455977128077606 5.8811254338389159e-05 0.00015598150107915522
0.00010418071800693635 5.6068779843746558e-05 0.00015598149916045616
0.00010474037020429843 5.8701644953234576e-05 0.00015598150113963621
0.00010434806134736406 5.6154479087784721e-05 0.00015598149932937518
0.00010286519668520684 5.7485277215558278e-05 0.00015598149909246004
0.00010407585200634813 5.6038188822384284e-05 0.00015598149906853435
0.00010431670863127761 5.6973362334408853e-05 0.00015598149980100524
0.00010422448322451152 5.6093841037228189e-05 0.00015598149920622979
0.00010303320703312068 5.7439099456710984e-05 0.00015598149918235471
0.00010427691622480564 5.610913654790932e-05 0.00015598149925219069
0.00010230907468001479 5.7707036885718745e-05 0.00015598149883644104
0.00010444425956523337 5.619483579194749e-05 0.00015598149942110972
0.00010230582744015581 5.7683076908852655e-05 0.00015598149881972318
0.00010417532728673578 5.6079501495964618e-05 0.00015598149916314145
0.00010375733938622656 5.7171162027703238e-05 0.00015598149952826838
0.00010430294844973874 5.6132098307357613e-05 0.00015598149928427286
0.00010300178331137893 5.7441028941835847e-05 0.00015598149916149832
0.00010426975736294904 5.6102822064061042e-05 0.0001559814992433681
0.0001021434997619952 5.7771184627215588e-05 0.0001559814987590847
0.00010443710070337674 5.6188521308099212e-05 0.00015598149941228716
0.00010214025252213621 5.7747224650349506e-05 0.0001559814987423669
0.00010416489136236078 5.6072231042698768e-05 0.00015598149915144633
0.00010359176446820698 5.7235309769200081e-05 0.0001559814994509121
0.00010433764845739083 5.6145294384005405e-05 0.00015598149931654235
0.00010271487698495295 5.7545090842745909e-05 0.00015598149902318098
0.00010435342903316287 5.6145671686080127e-05 0.00015598149932782764
0.00010218713441413483 5.7742458549469565e-05 0.00015598149877234542
0.0001045207723735906 5.6231370930118297e-05 0.00015598149949674664
0.00010218388717427585 5.7718498572603469e-05 0.00015598149875562759
0.00010424856303257465 5.6115080664717853e-05 0.00015598149923590581
0.00010363539912034659 5.7206583691454058e-05 0.00015598149946417279
0.0001042852154570967 5.6129998873324268e-05 0.00015598149927058144
0.00010343900933805883 5.7277153413738155e-05 0.00015598149936909466
0.00010421732436265491 5.6087526553379912e-05 0.00015598149919740723
0.0001029128903871702 5.7486501108894849e-05 0.00015598149912661802
0.00010262384919083005 5.8720929732095335e-05 0.00015598149966815789
0.00010290964314731123 5.7462541132028767e-05 0.00015598149910990019
0.00010274840174322426 5.8824925074446005e-05 0.00015598149981812062
0.00010436115509338198 5.6950626250879349e-05 0.00015598149981844539
0.00010268947908604887 5.8779129380994661e-05 0.00015598149974922762
0.00010344063295798834 5.7289133402171193e-05 0.00015598149937745358
0.00010264661411592385 5.8746605002939941e-05 0.00015598149969958626
0.00010271650060488244 5.7557070831178953e-05 0.00015598149903153991
0.00010260779150377966 5.8707658416698711e-05 0.00015598149964890628
0.00010266799509295434 5.7549856943625843e-05 0.00015598149899320247
0.00010273234405617388 5.8811653759049381e-05 0.00015598149979886901
0.00010411950703902512 5.7037942062476425e-05 0.00015598149970174767
0.00010268243581689913 5.8772500181688886e-05 0.00015598149974029631
0.00010331940302582752 5.7329796310861468e-05 0.000155981499317015
0.00010265094497094778 5.875335077586951e-05 0.00015598149970668713
0.00010255173749682759 5.7627208566892309e-05 0.00015598149895836304
0.00010261212235880359 5.8714404189628294e-05 0.00015598149965600721
0.00010254849025696862 5.7603248590026233e-05 0.00015598149894164524
0.00010273667491119778 5.8818399531978951e-05 0.00015598149980596994
0.00010400000220303935 5.7091333708876802e-05 0.00015598149965019044
0.00010264080073015013 5.8740118210828099e-05 0.0001559814996916026
0.00010267043052284859 5.7567826926275406e-05 0.00015598149900574083
0.00010263421272550851 5.8735910256377326e-05 0.00015598149968444974
0.0001025501138768981 5.7615228578459271e-05 0.00015598149895000414
0.0001025953901133643 5.8696963670136096e-05 0.00015598149963376979
0.00010254686663703913 5.7591268601593195e-05 0.00015598149893328631
0.00010271994266575853 5.8800959012486766e-05 0.00015598149978373252
0.00010399837858310989 5.7079353720443764e-05 0.00015598149964183151
0.00010268366570027514 5.877264258888282e-05 0.00015598149974124396
0.00010359610264446201 5.7941687190521731e-05 0.00015598149987973634
0.0001026964890017056 5.8787907927552651e-05 0.0001559814997594311
0.00010265095019863541 5.8200970512016128e-05 0.00015598149937373154
0.00010265766638956143 5.8748961341311434e-05 0.00015598149970875115
0.00010409921490484719 5.7665095654000628e-05 0.00015598150006555894
0.00010278221894195562 5.8852956683662091e-05 0.00015598149985871391
0.00010313158811980421 5.881237212651178e-05 0.00015598150007906298
0.00010270307700634722 5.8792115882003424e-05 0.00015598149976658396
0.00010287197029135612 5.8209624619529477e-05 0.0001559814995338227
0.00010266021203622222 5.8759591503948704e-05 0.00015598149971694255
0.00010263165133077171 5.7903923812281655e-05 0.00015598149918115694
0.00010261871036344524 5.8718612144079061e-05 0.00015598149966316005
0.00010407991603698349 5.7368048954266148e-05 0.00015598149987298434
0.00010274326291583942 5.8822607486429725e-05 0.00015598149981312277
0.00010311228925194051 5.85153254267773e-05 0.0001559814998864884
0.00010265832427120382 5.8754205219033106e-05 0.00015598149971237304
0.00010329998287655868 5.7837501580743433e-05 0.0001559814996094372
0.00010263610049052691 5.8741296541292924e-05 0.00015598149968901927
0.00010251149185047952 5.7751073408657743e-05 0.00015598149900482408
0.00010259727787838272 5.8702349955051701e-05 0.00015598149963833932
0.0001039597565566913 5.721519855064223e-05 0.00015598149969665148
0.00010272183043077693 5.8806345297402364e-05 0.00015598149978830205
0.00010296189143461572 5.8398327412919373e-05 0.00015598149971057752
0.00010262718613310527 5.8728206383445426e-05 0.00015598149967488236
0.00010349663130075031 5.7567428551928631e-05 0.0001559814995844416
0.00010261668918445482 5.8721823248172319e-05 0.00015598149966367932
0.00010320538586655281 5.7518988369415961e-05 0.00015598149935115978
0.00010257786657231063 5.8682876661931089e-05 0.00015598149961299935
0.00010465365057276459 5.6983113511400454e-05 0.00015598150004298718
0.00010270241912470484 5.878687200428176e-05 0.00015598149976296208
0.00010368602378772161 5.8130389983911613e-05 0.00015598150005649122
0.00010257604575444705 5.8645842104173562e-05 0.00015598149958940006
0.00010373695026133471 5.7873129359176453e-05 0.00015598149993710731
0.00010261083218491993 5.8700187877110513e-05 0.00015598149964653397
0.00010272157247403132 5.8092626605671537e-05 0.00015598149935791181
0.00010251116573445977 5.8577153586394747e-05 0.00015598149950253343
0.00010416983718024311 5.755675174765603e-05 0.00015598150004973919
0.00010273538473731412 5.8804183219461184e-05 0.00015598149979649669
0.00010320221039520011 5.8704028220167196e-05 0.00015598150006324328
0.00010262587897967712 5.8707359249531448e-05 0.00015598149966140033
0.00010301281790822881 5.8141066788184207e-05 0.00015598149959119361
0.00010256360270348002 5.8655361578356117e-05 0.00015598149958641897
0.00010280273728467702 5.7799513591170399e-05 0.0001559814992381059
0.00010246393625301987 5.8532327287640357e-05 0.00015598149944241844
0.00010425100199088881 5.7263638733154893e-05 0.00015598149992993328
0.0001026881552558742 5.8759356920706787e-05 0.00015598149973638172
0.00010328337520584582 5.8410915205666065e-05 0.00015598149994343734
0.00010258201949120744 5.8659954759852608e-05 0.00015598149960209274
0.00010341546649010461 5.7860541566429768e-05 0.00015598149970424749
0.00010254855972255794 5.8654414896065696e-05 0.00015598149957530736
0.00010224014068502434 5.7777484953863687e-05 0.00015598149883060122
0.0001024488932720978 5.8531380605349916e-05 0.0001559814994313068
0.00010368840539123611 5.7241610095848187e-05 0.0001559814995224286
0.00010266999769837525 5.8754565416831479e-05 0.00015598149972077005
0.00010272077860619316 5.8388886568359346e-05 0.00015598149953593266
0.00010247017303384389 5.8552466311071087e-05 0.00015598149945892793
0.00010355750490873458 5.7347593791052777e-05 0.00015598149949458715
0.000102495611920751 5.8589052929122935e-05 0.00015598149949880703
0.00010296427303813022 5.7509547524855933e-05 0.00015598149917651493
0.00010239594547029084 5.8466018638407175e-05 0.0001559814993548065
0.000104412537744342 5.697367266684044e-05 0.0001559814998683423
0.00010262016447314519 5.8693048271473599e-05 0.00015598149964876976
0.00010365242593755553 5.8365603359812349e-05 0.00015598150017472826
0.00010253244931004098 5.8604463982246426e-05 0.0001559814995339093
0.00010404619104687279 5.7883763209910406e-05 0.00015598150016021034
0.00010260772142217817 5.8702567745656154e-05 0.00015598149964578869
0.00010315759277787232 5.8934783114480864e-05 0.00015598150017107103
0.000102508054971718 5.8579533454940387e-05 0.00015598149950178815
0.00010412521956291529 5.7787506641969698e-05 0.000155981500157567
0.00010273227397457235 5.8806563088006824e-05 0.00015598149979575141
0.0001031796323121958 5.8943700077655021e-05 0.00015598150019188964
0.00010258228253527105 5.8665981127604312e-05 0.00015598149960590959
0.00010356237765435131 5.8457401446165982e-05 0.00015598150016696237
0.00010252312083565082 5.8617828278013855e-05 0.00015598149953542824
0.00010355135788718954 5.84529429645789e-05 0.00015598150015655311
0.00010242345438519068 5.8494793987298075e-05 0.0001559814993914277
0.00010451898467223254 5.7305666492067747e-05 0.00015598150014304904
0.00010264767338804503 5.8721823620364512e-05 0.00015598149968539096
0.00010357339742151305 5.8461859927753071e-05 0.00015598150017737168
0.00010253764154228082 5.8612946914931374e-05 0.00015598149954266092
0.00010397540534864756 5.7967325900997943e-05 0.00015598150016097814
0.00010252753537720522 5.8626906177835214e-05 0.00015598149954399354
0.00010338847970697128 5.8643505514765987e-05 0.00015598150015728576
0.00010242786892674508 5.8503871887119433e-05 0.00015598149939999301
0.00010438634482904687 5.7460376652488857e-05 0.00015598150014335969
0.00010265208792959943 5.873090152018587e-05 0.00015598149969395627
0.00010344075757832738 5.8616570088174173e-05 0.00015598150017768234
0.0001025044257485193 5.8582309968243634e-05 0.00015598149950091865
0.00010404136989873952 5.7881812624216063e-05 0.00015598150015565628
0.00010247770215197515 5.8565389032477313e-05 0.00015598149947199325
0.00010390253143652538 5.8034014888744433e-05 0.00015598150015011173
0.00010237803570151501 5.8442354741761554e-05 0.00015598149932799271
0.00010487015822156837 5.6886738416233267e-05 0.00015598150013660766
0.0001041759855072449 5.6099621423170042e-05 0.00015598149917573042
0.00010392457097084888 5.8042931851918597e-05 0.0001559815001709303
0.00010423147067881787 5.6120885868896086e-05 0.00015598149922742795
0.00010405238966590128 5.7886271105803139e-05 0.00015598150016606557
0.00010406844633717078 5.6046792247625506e-05 0.00015598149906853088
0.00010342973781116565 5.8612111606587091e-05 0.00015598150016727302
0.00010434065567818672 5.616308251302595e-05 0.00015598149932937171
0.00010439736459620861 5.7464835134075939e-05 0.00015598150015376896
0.00010401131533630304 5.6036160333314127e-05 0.00015598149902208911
0.00010345177734548912 5.8621028569761255e-05 0.0001559815001880916
0.00010409536600830991 5.6062740736195871e-05 0.00015598149909700753
0.0001035383379363472 5.8495761731824699e-05 0.0001559815001732396
0.00010412393150874376 5.6068056693351571e-05 0.00015598149912022843
0.00010352731816918544 5.8491303250237617e-05 0.00015598150016283034
0.00010439614084975973 5.6184346958752008e-05 0.00015598149938106926
0.00010449494495422842 5.7344026777726458e-05 0.00015598150014932625
0.00010406680050787605 5.6057424779040171e-05 0.00015598149907378666
0.00010354935770350894 5.8500220213411781e-05 0.00015598150018364889
0.00010414416486037386 5.6083444553134618e-05 0.00015598149914368187
0.00010370877019893507 5.8292226649685257e-05 0.00015598150016998084
0.00010401467675213373 5.6020377659853262e-05 0.00015598149901493115
0.00010315277162973903 5.8932832528786508e-05 0.00015598150016651695
0.00010429539263505643 5.6140301996047454e-05 0.00015598149928392326
0.00010412039841478203 5.7785556056275355e-05 0.00015598150015301291
0.00010396605229317274 5.601337981633563e-05 0.0001559814989766406
0.00010317481116406254 5.8941749491960672e-05 0.00015598150018733556
0.00010419019850022065 5.6096797012379447e-05 0.00015598149918398735
0.00010376922486544618 5.8204484132109822e-05 0.0001559815001594543
0.00010415928796454844 5.6082156863347232e-05 0.00015598149915350284
0.00010363658502226053 5.8359194292530925e-05 0.00015598150015976495
0.00010443149730556439 5.6198447128747689e-05 0.00015598149941434367
0.00010463983188746888 5.7222305081356142e-05 0.00015598150017748198
0.00010410215696368073 5.6071524949035852e-05 0.00015598149910706102
0.00010381956518673624 5.841374877972255e-05 0.00015598150032086793
0.00010416163299978678 5.6091481055223747e-05 0.00015598149916076645
0.00010392364074363262 5.8205995074088269e-05 0.00015598150026856837
0.0001039946177936066 5.601869577349133e-05 0.00015598149899986153
0.00010328411128638309 5.8974220366224673e-05 0.00015598150028349759
0.00010426682713462256 5.6134986038891767e-05 0.00015598149926070236
0.00010422969853710257 5.7818026930539343e-05 0.00015598150024917495
0.00010393748679273889 5.6008063859179944e-05 0.00015598149895341973
0.00010340943183636994 5.900947062890575e-05 0.00015598150039256091
0.00010401702178737204 5.6029701851729771e-05 0.00015598149902219474
0.00010345084711827289 5.8784091791930947e-05 0.0001559815002857297
0.00010404558728780591 5.6035017808885458e-05 0.00015598149904541564
0.00010338818684327946 5.8766466660590405e-05 0.00015598150023119801
0.00010431779662882187 5.6151308074285895e-05 0.00015598149930625647
0.00010433377409399895 5.7610273224905075e-05 0.0001559815001968754
0.00010398845628693819 5.6024385894574072e-05 0.00015598149899897386
0.00010351350739326631 5.8801716923271483e-05 0.00015598150034026135
0.00010414994106868405 5.6082468460918694e-05 0.00015598149914714104
0.00010379642277897735 5.8318353705107758e-05 0.00015598150024714996
0.00010405987003802284 5.6037675787463308e-05 0.00015598149905702614
0.00010336077297296984 5.8758755665628909e-05 0.00015598150020734042
0.0001043320793790388 5.6153966052863751e-05 0.00015598149931786697
0.00010430636022368932 5.7602562229943586e-05 0.00015598150017301777
0.00010400273903715511 5.6027043873151921e-05 0.00015598149901058429
0.00010348609352295669 5.8794005928310001e-05 0.00015598150031640373
0.00010423227615415496 5.6114199005846644e-05 0.0001559814992239617
0.00010400148945416051 5.8020492780516151e-05 0.00015598150021130347
0.00010419597470853083 5.6095820920163523e-05 0.00015598149918744656
0.00010383356659832957 5.8180658947786238e-05 0.00015598150019017912
0.00010445893256339159 5.6213559434640586e-05 0.00015598149944267756
0.00010477915384904905 5.7024465512100928e-05 0.00015598150015585651
0.00010401647513628325 5.6079013244367933e-05 0.00015598149905153525
0.00010395888714831642 5.8215909210467329e-05 0.00015598150029924246
0.0001041042533961024 5.6103474466442116e-05 0.00015598149912778833
0.00010406414972915393 5.8038117911856686e-05 0.00015598150026583513
0.00010390836350795373 5.6019364159792429e-05 0.00015598149893982372
0.00010342343324796326 5.8776380796969458e-05 0.0001559815002618721
0.00010423770384983742 5.6146286339504259e-05 0.00015598149924710641
0.00010436902049868275 5.7620187361284121e-05 0.00015598150022754948
0.00010379524642272904 5.60117401492316e-05 0.00015598149885596405
0.00010351920419636511 5.8847762104515712e-05 0.00015598150037200798
0.00010393958322516057 5.6040013376586201e-05 0.00015598149897414699
0.00010358743983660711 5.8615113058990576e-05 0.00015598150027958821
0.00010399614176777289 5.6043825381866619e-05 0.00015598149901607683
0.00010352477956161369 5.8597487927650027e-05 0.00015598150022505658
0.00010432548210965659 5.6170747561578442e-05 0.00015598149932335948
0.00010447036681233317 5.7441294491964703e-05 0.00015598150019073393
0.00010388302468254822 5.6036201371305783e-05 0.00015598149893221715
0.00010365010011160054 5.8632738190331118e-05 0.00015598150033411989
0.00010402448347727764 5.6069735043650222e-05 0.00015598149905155426
0.0001038488764717143 5.8273850880983472e-05 0.00015598150025708063
0.00010396973954280242 5.602240997647091e-05 0.00015598149898466752
0.00010331223554741999 5.8804360060461963e-05 0.00015598150020081802
0.0001042990798846861 5.6149332156182734e-05 0.00015598149929195015
0.00010425782279813945 5.7648166624776647e-05 0.00015598150016649538
0.00010385662245757774 5.6014785965910074e-05 0.00015598149890080779
0.00010343755609740682 5.8839610323143061e-05 0.00015598150030988133
0.00010419425276241247 5.6117176548206587e-05 0.00015598149919911252
0.00010405607887817281 5.793214791656522e-05 0.00015598150019630394
0.00010413440971374427 5.6085871066326812e-05 0.00015598149913830883
0.0001050095497241646 5.6743218182717995e-05 0.00015598150014777305
0.00010446375005562792 5.6212793246038635e-05 0.00015598149944559146
0.00010501965592556296 5.6759657010516457e-05 0.00015598150016476358
0.0001040212926285196 5.6078247055765996e-05 0.00015598149905444916
0.00010418928302343192 5.7934661881084417e-05 0.000155981500291159
0.00010413769421980013 5.6113364542926183e-05 0.00015598149915718268
0.00010444001956468613 5.7579541255310779e-05 0.00015598150025280006
0.00010391318100019008 5.6018597971190486e-05 0.00015598149894273763
0.00010459436327309906 5.7330720618001965e-05 0.00015598150021097076
0.00010424252134207377 5.6145520150902322e-05 0.00015598149925002031
0.00010460446947449746 5.734715944580044e-05 0.00015598150022796129
0.00010378623712036827 5.600676939218365e-05 0.00015598149884665474
0.00010377409657236642 5.852216431636838e-05 0.00015598150035435671
0.00010396273216317444 5.6045937134954262e-05 0.00015598149899393875
0.00010443496646398693 5.7571321841411528e-05 0.0001559815002443048
0.00010401929070578678 5.6049749140234674e-05 0.00015598149903586859
0.00010484509981435326 5.6975599992228334e-05 0.00015598150017261182
0.00010434863104767044 5.6176671319946504e-05 0.00015598149934315127
0.00010485520601575163 5.6992038820026802e-05 0.00015598150018960233
0.00010390617362056209 5.6042125129673851e-05 0.00015598149895200891
0.00010399919977922272 5.8204276306168701e-05 0.00015598150032047859
0.00010406693360333618 5.6084595877182246e-05 0.00015598149909025786
0.0001044206146706004 5.7600595767656255e-05 0.00015598150025189362
0.00010403824783367621 5.6049935952952841e-05 0.00015598149904926496
0.00010500733899260869 5.6739622189137085e-05 0.00015598150014405635
0.00010436758817555988 5.6176858132664671e-05 0.00015598149935654762
0.00010501744519400707 5.6756061016935547e-05 0.00015598150016104691
0.00010392513074845153 5.6042311942392019e-05 0.00015598149896540526
0.00010418707229187606 5.7931065887503486e-05 0.0001559815002874423
0.00010415568160542245 5.6111304227450386e-05 0.00015598149916854501
0.00010461945290547137 5.7318912946293124e-05 0.00015598150022143439
0.00010225138904892626 5.8224934422300106e-05 0.00015598149910819319
0.00010501239209330786 5.6747841603036316e-05 0.00015598150015255164
0.00010220015991692205 5.811415856060252e-05 0.00015598149900552302
0.00010502249829470625 5.6764280430834784e-05 0.00015598150016954215
0.00010227915704771545 5.8268307107861614e-05 0.00015598149915379482
0.00010419212539257522 5.793928530140273e-05 0.00015598150029593759
0.00010227557625061167 5.8261432452917894e-05 0.0001559814991471418
0.00010420931955510505 5.7914634795476324e-05 0.00015598150029312737
0.00010229088761432297 5.8302008695929642e-05 0.00015598149918232912
0.00010459720564224236 5.7335344038320286e-05 0.00015598150021574932
0.00010223965848231876 5.8191232834232077e-05 0.00015598149907965889
0.00010458136269044915 5.7388501768324007e-05 0.00015598150023668974
0.00010231865561311214 5.8345381381491151e-05 0.00015598149922793072
0.00010375098978831815 5.8563506638891947e-05 0.00015598150036308514
0.00010230119081661378 5.8316820383766673e-05 0.00015598149919847688
0.00010420395063561217 5.7905901668208388e-05 0.00015598150028410114
0.00010228730681721919 5.8295134040985922e-05 0.00015598149917567608
0.00010461408398597849 5.7310179819025181e-05 0.00015598150021240817
0.00010223607768521498 5.818435817928835e-05 0.00015598149907300587
0.00010462419018737685 5.7326618646823656e-05 0.00015598150022939867
0.00010231594256597053 5.8339862122971223e-05 0.00015598149922270275
0.00010379381728524586 5.8501623517391596e-05 0.00015598150035579412
0.00010230070204300513 5.8315416150930508e-05 0.00015598149919728797
0.00010423865477946552 5.7857114369724295e-05 0.00015598150027901165
0.00010229515198725158 5.8315397744285607e-05 0.00015598149919338779
0.00010477379661388435 5.7070092308984316e-05 0.00015598150017960509
0.00010224392285524737 5.8204621882588042e-05 0.00015598149909071762
0.00010478390281528271 5.7086531136782778e-05 0.00015598150019659559
0.00010232291998604077 5.8358770429847129e-05 0.00015598149923898939
0.00010395352991315172 5.8261536007350731e-05 0.00015598150032299104
0.0001022753672841803 5.8268795471985325e-05 0.00015598149915143359
0.00010469451009767982 5.7382343418009627e-05 0.00015598150031226305
0.00010226953742124948 5.8260009813436821e-05 0.00015598149914205272
0.00010485638462794272 5.714463051243122e-05 0.00015598150028240618
0.00010221830828924526 5.8149233951739256e-05 0.00015598149903938251
0.00010491566718675535 5.7268467111115231e-05 0.0001559815003985923
0.00010229730542003867 5.8303382498998336e-05 0.00015598149918765429
0.00010402601172581168 5.8319635382999166e-05 0.00015598150040880163
0.00010228925128357489 5.8290481814766083e-05 0.00015598149917423439
0.00010427932364661429 5.796984585329359e-05 0.00015598150037546076
0.0001023090359866462 5.8337084087066365e-05 0.00015598149921618859
0.0001044115568974709 5.7670214648373181e-05 0.0001559815002875109
0.00010226027551497927 5.8231125367470642e-05 0.00015598149911815192
0.00010447083945628353 5.7794051247057192e-05 0.00015598150040369694
0.00010233927264577267 5.8385273914729729e-05 0.00015598149926642372
0.00010358118399533988 5.8845219518941127e-05 0.00015598150041390627
0.00010231646675995213 5.8349331491292918e-05 0.00015598149922877792
0.00010424968236720798 5.7907927553951588e-05 0.00015598150031736775
0.00010230258276055754 5.832764514851216e-05 0.00015598149920597712
0.00010466486881827348 5.7320425118667618e-05 0.00015598150025417003
0.00010225135362855333 5.8216869286814582e-05 0.00015598149910330694
0.00010469820222389454 5.7480980619556875e-05 0.00015598150037430595
0.00010233035075934673 5.8371017834073669e-05 0.00015598149925157874
0.00010380854676295088 5.8532148891440811e-05 0.00015598150038451529
0.00010229289229334569 5.8303217583116333e-05 0.00015598149918446251
0.00010445603185029144 5.7672194683256691e-05 0.00015598150031986916
0.00010229564076086023 5.8316801977121778e-05 0.00015598149919457673
0.00010484651289061466 5.7063392803230879e-05 0.00015598150022652104
0.00010224441162885602 5.8206026115424206e-05 0.00015598149909190653
0.0001049057954494273 5.718722940191489e-05 0.0001559815003427071
0.00010232340875964942 5.8360174662683287e-05 0.00015598149924017833
0.00010401613998848363 5.8238397673798819e-05 0.00015598150035291643
0.00010239308877771331 5.8395890370080255e-05 0.00015598149931053337
0.00010467844571552734 5.7409402615285707e-05 0.00015598150031731684
0.00010234348407550828 5.8349526423994504e-05 0.00015598149924782716
0.00010487615417002098 5.7125311102572881e-05 0.00015598150028461405
0.00010226448694471488 5.8195377876735417e-05 0.00015598149909955535
0.00010493543672883361 5.7249147701256899e-05 0.00015598150040080014
0.00010256770307836263 5.8576556057060927e-05 0.00015598149954179044
0.00010404578126788994 5.8300315973140828e-05 0.00015598150041100947
0.0001025051982791405 5.8509405186613474e-05 0.000155981499457515
0.00010428920841765342 5.7960186148364424e-05 0.0001559815003765647
0.00010249509214233218 5.8540115514157259e-05 0.00015598149946894472
0.00010442947385958625 5.7647025344805978e-05 0.00015598150028608792
0.00010241609501153876 5.8385966966898172e-05 0.00015598149932067291
0.00010448875641839888 5.7770861943489982e-05 0.00015598150040227398
0.00010271931114518652 5.8767145147223696e-05 0.00015598149976290797
0.00010359910095745523 5.8822030215373918e-05 0.00015598150041248331
0.00010254469684453719 5.8586479460243011e-05 0.00015598149953165093
0.00010425956713824711 5.7898267849022422e-05 0.00015598150031847165
0.00010243258734311003 5.8472964643709806e-05 0.00015598149938466927
0.00010467475358931261 5.7310765413738452e-05 0.00015598150025527397
0.00010236306571649312 5.8330727914585879e-05 0.00015598149925021731
0.00010473403614812525 5.7434602012422456e-05 0.00015598150037146
0.00010266628185014086 5.8711906094911396e-05 0.0001559814996924524
0.00010384438068718161 5.8485770284306398e-05 0.00015598150038166936
0.00010247988104313571 5.8503855911273963e-05 0.0001559814994364296
0.00010447580139236968 5.7652875273398359e-05 0.000155981500322077
0.0001023773308667418 5.8430920735987617e-05 0.00015598149932060672
0.0001048971804882596 5.6957075931637968e-05 0.00015598150019794033
0.0001022983337359484 5.8276772188728523e-05 0.00015598149917233489
0.00010495646304707223 5.7080912530321979e-05 0.00015598150031412641
0.00010260154986959615 5.8657950369054047e-05 0.00015598149961457001
0.00010345492684894569 5.9029245744357162e-05 0.00015598150043636034
0.0001023406162779983 5.8337352531620439e-05 0.00015598149923847952
0.0001041432756746149 5.819407290548609e-05 0.00015598150041528606
0.00010233783230134511 5.8353846462358067e-05 0.00015598149924647082
0.00010388253741349086 5.8500427857084369e-05 0.00015598150041724196
0.00010225883517055169 5.8199697915098986e-05 0.00015598149909819902
0.00010477219287443449 5.7449259585200433e-05 0.00015598150040703262
0.00010256205130419945 5.8580876095424504e-05 0.00015598149954043411
0.00010389975457941753 5.8503661608415208e-05 0.00015598150043125568
0.00010245519443976279 5.84556844902555e-05 0.00015598149939009468
0.00010415188425757824 5.819568978115151e-05 0.0001559815004222929
0.00010249891587234549 5.8556347370656003e-05 0.00015598149948140819
0.00010344631826598235 5.902762886869175e-05 0.0001559815004293535
0.00010241991874155207 5.8402198823396922e-05 0.00015598149933313639
0.00010433597372692602 5.7976460596807821e-05 0.00015598150041914413
0.00010272313487519983 5.8783377003722433e-05 0.00015598149977537147
0.00010346353543190902 5.9030862620022581e-05 0.00015598150044336722
0.00010249469300515948 5.853275876388505e-05 0.00015598149946423058
0.0001037070565271064 5.8721273917093478e-05 0.0001559815004273976
0.00010238258350373232 5.8419243947351832e-05 0.00015598149931724892
0.00010369898598057828 5.8719758096157143e-05 0.00015598150042082866
0.00010230358637293891 5.8265095400092738e-05 0.00015598149916897712
0.00010458864144152194 5.7668589824273208e-05 0.0001559815004106193
0.00010260680250658667 5.8646273580418255e-05 0.00015598149961121223
0.00010371620314650496 5.8722991847487982e-05 0.00015598150043484241
0.0001024235848134074 5.8429086216315411e-05 0.00015598149935191227
0.00010405741835894591 5.8304849627042464e-05 0.00015598150042189663
0.00010236705708821994 5.8404295417308019e-05 0.00015598149929735861
0.00010368792528140942 5.8730370916558971e-05 0.00015598150041947522
0.00010228805995742655 5.8250146870048932e-05 0.00015598149914908681
0.00010457758074235308 5.7679202644675042e-05 0.00015598150040926591
0.00010375918158501119 5.6023059447677591e-05 0.00015598149883751543
0.0001037051424473361 5.8733604667889809e-05 0.00015598150043348897
0.00010403039496107512 5.6095069660926296e-05 0.0001559814990709676
0.0001041481180025318 5.8194982398047892e-05 0.0001559815004192274
0.00010402700565075769 5.6089049136316975e-05 0.00015598149906496361
0.00010413275301188127 5.8204786780617003e-05 0.00015598150041437058
0.00010446946307786604 5.6223595326589627e-05 0.00015598149945610595
0.0001050224084728249 5.7153618508733081e-05 0.00015598150040416122
0.00010398041029856536 5.6090332542813924e-05 0.00015598149903308661
0.00010412270648108865 5.8240970595173302e-05 0.00015598150042914126
0.00010400709728497895 5.6095711364174778e-05 0.0001559814990550291
0.00010412892485234063 5.822944828220968e-05 0.0001559815004265533
0.00010378247926110735 5.6022417744429116e-05 0.00015598149885345393
0.00010366927016765347 5.8764937855449851e-05 0.00015598150042723909
0.0001042249366882157 5.6156963934701775e-05 0.00015598149924459629
0.00010455892562859712 5.7713769583565922e-05 0.00015598150041702975
0.00010373588390891502 5.6023701150926058e-05 0.00015598149882157692
0.00010368648733358014 5.876817160678069e-05 0.00015598150044125281
0.00010378586857142478 5.6028438269038445e-05 0.00015598149885945792
0.00010368409712186881 5.8755032418151648e-05 0.000155981500431658
0.00010380771014276491 5.6027836672243007e-05 0.00015598149887440026
0.00010367548853890547 5.8753415542486229e-05 0.00015598150042465112
0.00010425016756987329 5.6162382862515659e-05 0.00015598149926554261
0.00010456514399984911 5.7702247270602293e-05 0.00015598150041444179
0.00010376111479057261 5.6029120078739956e-05 0.00015598149884252325
0.00010369270570483215 5.8756649293817067e-05 0.00015598150043866487
0.00010385524729539808 5.6047925900276453e-05 0.00015598149891982003
0.00010383877074875646 5.8568349078117065e-05 0.00015598150042751447
0.00010369734053697547 5.5992664913682743e-05 0.00015598149877586081
0.00010344255201093589 5.9026921485588132e-05 0.00015598150042628797
0.00010413979796408385 5.6127211103955402e-05 0.00015598149916700314
0.00010439314492312119 5.7981872994546803e-05 0.00015598150046246796
0.00010365074518478317 5.5993948320179678e-05 0.00015598149874398377
0.00010365601349807156 5.9047870832509651e-05 0.00015598150058849378
0.00010391832449954201 5.6061473219811174e-05 0.00015598149897218586
0.00010400314349717354 5.8465986116678945e-05 0.00015598150048099331
0.00010391856925052965 5.6059938008819055e-05 0.00015598149897143196
0.00010395692577561272 5.850907400615417e-05 0.00015598150047457947
0.00010436102667763802 5.6194484199091708e-05 0.00015598149936257429
0.00010482936407062968 5.7454671982939422e-05 0.00015598150045035644
0.00010385669099898419 5.6057056953323021e-05 0.0001559814989263356
0.00010409223264558001 5.8520669820902257e-05 0.00015598150057638226
0.0001038812000288487 5.6057910354613628e-05 0.00015598149894402414
0.00010407079693215719 5.8471784024052986e-05 0.00015598150053189471
0.00010365875996152617 5.598914215493822e-05 0.00015598149874670292
0.00010358836006308789 5.9042072925135604e-05 0.00015598150053759241
0.00010410121738863453 5.6123688345210873e-05 0.00015598149913784528
0.00010446079835810484 5.7987670901920836e-05 0.00015598150051336938
0.00010361216460933385 5.5990425561435169e-05 0.00015598149871482592
0.00010372366693305518 5.9053668739883678e-05 0.0001559815006393952
0.00010365997131529453 5.5990637259477295e-05 0.00015598149874845296
0.00010363880612433517 5.8999347404871244e-05 0.0001559815005471876
0.00010368326899139069 5.5989995556228827e-05 0.00015598149876439146
0.00010357115268935152 5.899354949749721e-05 0.0001559815004962862
0.00010412572641849904 5.612454174650148e-05 0.00015598149915553382
0.00010444359098436847 5.7939147474282449e-05 0.00015598150047206312
0.00010363667363919836 5.5991278962725763e-05 0.00015598149873251446
0.00010370645955931884 5.9005145312245291e-05 0.00015598150059808894
0.00010386835223820219 5.6047564942199183e-05 0.00015598149892878541
0.0001039319967599795 5.8577510717081241e-05 0.00015598150049836278
0.00010369491782943877 5.5989674704604587e-05 0.0001559814987723607
0.00010353732597185967 5.8990650543810183e-05 0.00015598150047083551
0.00010409680085425483 5.6132632485176629e-05 0.00015598149914014179
0.00010440976426687667 5.7936248520595422e-05 0.00015598150044661245
0.00010349106792168109 5.6015584846156535e-05 0.00015598149864513557
0.00010367263284182702 5.9002246358558271e-05 0.00015598150057263827
0.00010392550796004313 5.6091457696585637e-05 0.0001559814989952933
0.00010411627961624192 5.8311011257590534e-05 0.00015598150046685635
0.00010385227446460449 5.6066001093288778e-05 0.0001559814989286321
0.00010397354511936819 5.8463449532202802e-05 0.00015598150045872396
0.00010434132724390517 5.6199263877064481e-05 0.00015598149935165141
0.00010481871971766587 5.7441997572213496e-05 0.00015598150043525787
0.00010373559431133143 5.6082216238044387e-05 0.00015598149885664525
0.00010408158829261621 5.8507995410176344e-05 0.00015598150056128369
0.0001038671678834066 5.6099565268963439e-05 0.00015598149895929987
0.00010417970471153908 5.8316446795753697e-05 0.00015598150051457637
0.00010354940799831762 5.600747727377872e-05 0.00015598149868112899
0.00010357771571012407 5.9029398514409691e-05 0.00015598150052249386
0.0001040384607776183 5.6140740057554424e-05 0.00015598149910414836
0.00010445015400514104 5.797499649119493e-05 0.00015598150049827078
0.00010343272784504455 5.602369241853435e-05 0.00015598149860914214
0.00010371302258009139 5.9040994329157772e-05 0.0001559815006242966
0.00010360371233961333 5.6029276138356215e-05 0.00015598149873232123
0.00010374348556403061 5.8843647807361084e-05 0.00015598150052668791
0.00010366205241624986 5.6021168565978407e-05 0.00015598149876831465
0.00010367583212904696 5.8837849899987043e-05 0.00015598150047578651
0.00010415110519555051 5.6154431349754111e-05 0.00015598149919133402
0.00010454827042406391 5.7783447876772276e-05 0.00015598150045156346
0.00010354537226297679 5.6037383710734023e-05 0.0001559814986963278
0.00010381113899901427 5.8849445714735118e-05 0.00015598150057758928
0.00010382015605169044 5.6076752957838735e-05 0.00015598149891260681
0.00010470029449123782 5.7664586232081957e-05 0.0001559815004864443
0.0001036186868393235 5.5997849531580072e-05 0.00015598149872387117
0.00010508898390027176 5.7090335638185116e-05 0.00015598150041266727
0.00010410773961862418 5.6131112315355796e-05 0.00015598149914689054
0.00010509416018564722 5.7104449847036826e-05 0.0001559815004248021
0.00010350200668605042 5.6014064676335701e-05 0.00015598149865188432
0.00010435185247522209 5.8156333476147958e-05 0.00015598150053869314
0.00010398229542247191 5.6102430912743773e-05 0.0001559814990417001
0.00010500867273671308 5.7223801995468168e-05 0.00015598150043684089
0.00010386321322897384 5.6064480923467944e-05 0.00015598149893538085
0.0001050915720429595 5.7097392742610967e-05 0.00015598150041873469
0.00010433698310892138 5.6193579245250651e-05 0.00015598149934518084
0.00010509674832833494 5.7111506951462684e-05 0.00015598150043086951
0.00010373125017634763 5.6076531606230563e-05 0.00015598149885017465
0.00010435444061790983 5.8163390580573803e-05 0.00015598150054476056
0.00010392760160062516 5.6110031761847963e-05 0.00015598149900795629
0.00010464010702418825 5.7756800914449583e-05 0.0001559815004998538
0.00010354506386333382 5.6001792641964903e-05 0.00015598149867465839
0.00010472041818774692 5.762333455716653e-05 0.00015598150047568024
0.00010403411664263449 5.6135055425740607e-05 0.00015598149909767776
0.00010472559447312239 5.7637448766018247e-05 0.00015598150048781501
0.00010342838371006075 5.6018007786720519e-05 0.00015598149860267154
0.00010396025140566446 5.8722644827565717e-05 0.00015598150060564436
0.00010368307521097482 5.6043400369960111e-05 0.00015598149879644661
0.0001046143217655497 5.7782615173433464e-05 0.00015598150049734547
0.00010374141528761134 5.603529279758231e-05 0.00015598149883244
0.00010498288747807453 5.724961625445203e-05 0.00015598150043433256
0.00010423046806691202 5.6168555581358014e-05 0.00015598149925545937
0.00010498806376345 5.7263730463303746e-05 0.00015598150044646736
0.00010362473513433827 5.6051507942337919e-05 0.00015598149876045315
0.00010424575605302486 5.8315614092414879e-05 0.0001559815005603584
0.00010421292395295184 5.6196977580027591e-05 0.00015598149926029773
0.00010470077976799178 5.7665909439161813e-05 0.00015598150048758196
0.00010451777087343425 5.624734149006352e-05 0.00015598149950427
0.0001050672426145828 5.7127176622834377e-05 0.00015598150041963929
0.00010455651075902831 5.6274353257362934e-05 0.00015598149954769804
0.00010507241889995829 5.7141290831686086e-05 0.00015598150043177411
0.0001039120379408605 5.6130293851043426e-05 0.00015598149900926384
0.00010433011118953314 5.8193174460797225e-05 0.00015598150054566513
0.00010431831838693848 5.6219580618200666e-05 0.0001559814993477749
0.00010480119276449987 5.7523172818368595e-05 0.0001559815004719064
0.00010453714081623128 5.6260847373713224e-05 0.00015598149952598402
0.00010506966899835257 5.7133792658233623e-05 0.00015598150042532747
0.00010457588070182539 5.6287859141012644e-05 0.00015598149956941201
0.00010507484528372804 5.7147906867085333e-05 0.0001559815004374623
0.00010393140788365753 5.6143799734693136e-05 0.00015598149903097781
0.00010433253757330291 5.8199790496196465e-05 0.00015598150055135332
0.00010401545192065159 5.6161056798690615e-05 0.00015598149910027177
0.00010445566240900784 5.8022859304913691e-05 0.00015598150053098105
0.00010421490440714736 5.6188817670553483e-05 0.00015598149925676692
0.00010469851514314 5.7659734472789193e-05 0.000155981500482273
0.00010425364429274145 5.621582943785289e-05 0.00015598149930019491
0.00010470369142851548 5.7673848681640895e-05 0.0001559815004944078
0.00010359024232043068 5.606811229281401e-05 0.00015598149874629177
0.00010396138371809033 5.8725732310752041e-05 0.00015598150060829884
0.00010397594220228681 5.6143049058593425e-05 0.00015598149906173169
0.00010445307426632007 5.8015802200487833e-05 0.00015598150052491364
0.00010427880866857368 5.6201572878103462e-05 0.00015598149930923482
0.00010482163997884491 5.7482803281506419e-05 0.00015598150046190073
0.00010431754855416777 5.6228584645402889e-05 0.00015598149935266281
0.00010482681626422039 5.7496917490358115e-05 0.0001559815004740355
0.00010367307573599992 5.6084525239083387e-05 0.00015598149881422861
0.00010409981069944142 5.860658078890685e-05 0.00015598150063347713
0.00010405059512698508 5.6160118610719612e-05 0.00015598149912433206
0.00010453751634573324 5.8010995878179782e-05 0.00015598150058118734
0.00010433772351474933 5.6207668899764258e-05 0.00015598149935419251
0.00010491670591390884 5.739398403385406e-05 0.00015598150047497819
0.00010437646340034345 5.6234680667063678e-05 0.00015598149939762053
0.00010495136054930942 5.7527009556963639e-05 0.0001559815005794457
0.0001037319905821756 5.609062126074417e-05 0.00015598149885918632
0.00010417439820348368 5.8445867662965192e-05 0.00015598150058886926
0.00010428849363997218 5.6208325819928323e-05 0.00015598149932009183
0.0001048507820687167 5.7587953540573116e-05 0.00015598150054570297
0.00010435588283612158 5.6220330665685866e-05 0.00015598149937454944
0.00010493403323160912 5.7460496795408843e-05 0.00015598150052721193
0.00010439462272171567 5.624734243298528e-05 0.00015598149941797743
0.00010496868786700971 5.7593522318518415e-05 0.00015598150063167942
0.00010375014990354783 5.6103283026665772e-05 0.00015598149887954322
0.000104191725521184 5.8512380424519975e-05 0.00015598150064110295
0.00010400455632782825 5.6153459739137651e-05 0.00015598149908805766
0.00010447962821350413 5.8113895355128679e-05 0.0001559815006026485
0.00010403364642703764 5.6148300962526106e-05 0.00015598149910533234
0.00010454555205869628 5.7919925848409622e-05 0.00015598150053192371
0.00010407238631263175 5.6175312729825532e-05 0.00015598149914876033
0.00010455700957814608 5.8085822734928908e-05 0.00015598150063995028
0.00010342791349446389 5.6031253323506018e-05 0.00015598149861032612
0.00010378004723232036 5.9004680840930474e-05 0.00015598150064937384
0.00010398518638503122 5.6139953855487941e-05 0.00015598149906634367
0.00010443802082249678 5.8076096909386444e-05 0.00015598150055070922
0.00010428805285131806 5.6198477674997985e-05 0.00015598149931384675
0.00010480917467770934 5.7550155094830875e-05 0.0001559815004937637
0.00010432679273691217 5.6225489442297405e-05 0.00015598149935727476
0.00010484382931310995 5.7683180617940461e-05 0.00015598150059823119
0.00010371364402456091 5.6106386478663127e-05 0.00015598149885583321
0.00010406686696728422 5.8602038723942021e-05 0.00015598150060765475
0.00010428581420713641 5.6258120794355667e-05 0.00015598149934822924
0.00010472201031598325 5.7743867923304819e-05 0.00015598150054944995
0.0001045192350472707 5.6286460736562505e-05 0.000155981499528876
0.00010499475160531563 5.728718418755309e-05 0.00015598150046529098
0.00010461032996818485 5.6368669974425317e-05 0.00015598149964226202
0.00010502940624071622 5.7420209710662676e-05 0.00015598150056975844
0.00010387476222910286 5.614240133024301e-05 0.00015598149899044179
0.00010425244389489048 5.8339067816664229e-05 0.000155981500579182
0.00010446970614190693 5.6314687955401254e-05 0.00015598149951118431
0.00010494053097574674 5.7485439080991885e-05 0.00015598150054679956
0.00010456478250772777 5.6327565355493911e-05 0.00015598149958556898
0.00010503527603896672 5.7320825585698153e-05 0.00015598150051396558
0.00010465587742864189 5.6409774593356722e-05 0.00015598149969895503
0.0001050699306743673 5.7453851108807733e-05 0.00015598150061843307
0.00010392030968955993 5.6183505949174403e-05 0.00015598149904713478
0.0001042929683285416 5.8372709214809292e-05 0.00015598150062785663
0.000104147469732823 5.62426582522415e-05 0.00015598149924196721
0.00010456937712053418 5.8011380895547454e-05 0.00015598150060374511
0.00010419699863818677 5.6214431033402758e-05 0.00015598149925965889
0.00010464679486605386 5.778025463869894e-05 0.00015598150051867736
0.00010426510706725459 5.6289569376134866e-05 0.00015598149935267552
0.00010468144950145446 5.7913280161808513e-05 0.00015598150062314485
0.00010352953932817261 5.606330073195256e-05 0.00015598149870085529
0.00010390448715562872 5.8832138267810072e-05 0.00015598150063256841
0.00010409907555608734 5.6198984594626885e-05 0.00015598149918173091
0.00010455204980283388 5.7944868133992671e-05 0.00015598150055151137
0.00010442131196517127 5.6271014297786646e-05 0.00015598149945094802
0.00010492320365804644 5.7418926319437102e-05 0.00015598150049456585
0.00010451240688608542 5.635322353564943e-05 0.00015598149956433404
0.00010494880540009994 5.7645425754119041e-05 0.00015598150064903313
0.00010377683914700345 5.6126954891467124e-05 0.00015598149891251381
0.00010416985187797713 5.855179563704773e-05 0.00015598150064953387
0.00010427997893350077 5.6261970326545915e-05 0.00015598149934646069
0.00010471277057393371 5.7914671991591768e-05 0.00015598150064593134
0.00010458840728442741 5.6294192007619589e-05 0.00015598149958200703
0.00010517284748158207 5.7361294851732814e-05 0.00015598150063475931
0.00010467950220534155 5.63764012454824e-05 0.00015598149969539305
0.00010517483865787912 5.7373783074805664e-05 0.00015598150064368213
0.00010394393446625956 5.6150132601300094e-05 0.00015598149904357282
0.00010439588513575634 5.8280152957734373e-05 0.00015598150064418287
0.00010463936449528458 5.635840992303076e-05 0.00015598149965642281
0.00010516657936875205 5.7382313828153779e-05 0.00015598150064303671
0.00010461096825303817 5.6328225731420298e-05 0.00015598149961833064
0.00010517384306973058 5.7367538963269232e-05 0.00015598150063922072
0.00010470206317395232 5.6410434969283109e-05 0.00015598149973171667
0.00010517583424602767 5.7380027186342088e-05 0.00015598150064814354
0.00010396649543487032 5.6184166325100803e-05 0.00015598149907989644
0.00010439688072390485 5.8286397069270791e-05 0.00015598150064864428
0.00010431712808620065 5.6286380219871012e-05 0.00015598149938720571
0.00010475381812253209 5.7870457196967107e-05 0.00015598150064804298
0.00010424318438349717 5.6215091409329151e-05 0.0001559814992924205
0.00010478442853292848 5.7821114161704613e-05 0.00015598150063974992
0.00010433427930441131 5.629730064719195e-05 0.00015598149940580653
0.00010478641970922554 5.7833602384777476e-05 0.00015598150064867274
0.00010359871156532933 5.6071032003009643e-05 0.0001559814987539863
0.00010400746618710275 5.8739972267706173e-05 0.00015598150064917348
0.00010427158062574358 5.6245275600939606e-05 0.00015598149933051267
0.00010475282253438357 5.7864213085430675e-05 0.00015598150064358157
0.00010459381703482751 5.6317305304099354e-05 0.00015598149959972977
0.00010514130370729643 5.7404784032429889e-05 0.00015598150063886979
0.00010240875652755567 5.6616739793126994e-05 0.00015598149824909039
0.0001051432948835935 5.7417272255502759e-05 0.00015598150064779261
0.00010233269988978104 5.6733012575327566e-05 0.00015598149826588146
0.00010436434136147069 5.8323642138431448e-05 0.00015598150064829335
0.00010237373712343537 5.6669720900086312e-05 0.00015598149825648687
0.00010481038866123616 5.7802936784109784e-05 0.00015598150064698407
0.00010237371532965852 5.666246513961398e-05 0.00015598149825209808
0.0001051734074999156 5.7364807164472049e-05 0.00015598150063726886
0.0001024041579105072 5.6622589864879896e-05 0.00015598149824939427
0.00010517539867621268 5.7377295387544899e-05 0.00015598150064619165
0.00010232810127273258 5.6738862647080475e-05 0.00015598149826618531
0.00010437210285652355 5.8311989329315131e-05 0.00015598150064670806
0.00010238213172289984 5.6655776807360643e-05 0.0001559814982539641
0.00010494799648472926 5.7640352413495681e-05 0.00015598150064540824
0.00010238893662008287 5.6642527502246925e-05 0.00015598149825074616
0.00010515006079049781 5.7399375334850003e-05 0.00015598150064174591
0.00010241937920093154 5.6602652227512841e-05 0.0001559814982480424
0.00010515205196679487 5.7411863557922852e-05 0.00015598150065066873
0.00010234332256315691 5.6718925009713433e-05 0.00015598149826483341
0.00010437309844467206 5.8318233440851562e-05 0.00015598150065116947
0.00010235789925515794 5.6696362983202226e-05 0.00015598149826144794
0.00010455951531181637 5.8099781466496474e-05 0.00015598150065012004
0.00010235185963184707 5.6699417791011775e-05 0.00015598149825905719
0.0001047605840294364 5.7852560276314358e-05 0.00015598150064199625
0.00010238230221269573 5.6659542516277691e-05 0.00015598149825635341
0.00010476257520573346 5.7865048499387207e-05 0.0001559815006509191
0.0001023062455749211 5.6775815298478284e-05 0.00015598149827314445
0.00010398362168361066 5.8771418382315917e-05 0.00015598150065141984
0.00010234267796473359 5.6716300620569268e-05 0.00015598149826279986
0.00010455851972366787 5.8093537354960043e-05 0.00015598150064565863
0.00010236548499319658 5.6678101866836013e-05 0.0001559814982557562
0.0001049778391705234 5.7678133789365029e-05 0.00015598150068909337
0.00010239592757404525 5.6638226592101929e-05 0.00015598149825305245
0.00010498726999376185 5.781129129897651e-05 0.0001559815007759654
0.00010231987093627062 5.6754499374302522e-05 0.00015598149826984346
0.00010419888564840059 5.8584503672293739e-05 0.00015598150068959411
0.00010235234619406126 5.6702422620080235e-05 0.00015598149826120933
0.00010464742057185099 5.8097131580210259e-05 0.00015598150071012031
0.0001023556525008664 5.6690287232828669e-05 0.0001559814982562113
0.00010498202376002947 5.761321014074641e-05 0.00015598150065289148
0.00010238609508171506 5.6650411958094585e-05 0.00015598149825350754
0.00010499145458326794 5.774636765035789e-05 0.00015598150073976351
0.00010230766167400997 5.6770318264738952e-05 0.00015598149827082331
0.00010420307023790667 5.8519580023675113e-05 0.00015598150065339222
0.00010237214430775721 5.6669379150487938e-05 0.00015598149825516477
0.000104980196876333 5.7711423166767906e-05 0.00015598150071081138
0.00010236849702136027 5.6673983119905394e-05 0.00015598149825538416
0.00010498673917164871 5.767978889555215e-05 0.00015598150069632747
0.00010239893960220894 5.6634107845171311e-05 0.00015598149825268038
0.00010499616999488717 5.781294640516363e-05 0.00015598150078319952
0.0001023228829644343 5.675038062737191e-05 0.00015598149826947141
0.00010420808036275213 5.8590319950656213e-05 0.00015598150069954297
0.00010234933727929425 5.6707577904221193e-05 0.0001559814982622084
0.00010456637781770526 5.8192932167073783e-05 0.00015598150071107739
0.00010233046870247296 5.6732119511005697e-05 0.00015598149826377968
0.00010459284171219425 5.8070556254386124e-05 0.00015598150065585659
0.00010236091128332163 5.6692244236271614e-05 0.0001559814982610759
0.00010460227253543274 5.8203713763997605e-05 0.00015598150074272864
0.000102284854645547 5.6808517018472199e-05 0.00015598149827786693
0.00010381388819007148 5.8976926137314834e-05 0.00015598150065635738
0.00010233411598886992 5.6727515541588234e-05 0.00015598149826356026
0.00010456166240608601 5.8126353412268043e-05 0.00015598150066764137
0.00010245248566783002 5.6586938544667626e-05 0.00015598149826176919
0.00010495113916714743 5.7673168470803688e-05 0.00015598150066739103
0.00010272263598977351 5.6364742738055329e-05 0.00015598149831713733
0.0001049605699903859 5.7806325980415169e-05 0.00015598150075426306
0.00010237642903005539 5.6703211326868225e-05 0.00015598149827856025
0.00010417218564502463 5.8579538353732398e-05 0.00015598150066789177
0.00010257127840000893 5.6498745152861723e-05 0.00015598149829184994
0.00010481752194158915 5.7894701996144237e-05 0.00015598150070729602
0.00010247149982727367 5.6557870349117484e-05 0.00015598149825757143
0.00010514587754767812 5.7446576000071511e-05 0.00015598150066726581
0.0001027416501492172 5.6335674542505188e-05 0.00015598149831293957
0.00010515501365769041 5.7575572337507632e-05 0.0001559815007514231
0.00010239544318949904 5.6674143131318084e-05 0.00015598149827436247
0.00010436662931232912 5.8348784710824861e-05 0.00015598150066505181
0.00010265783013993846 5.6414128005658501e-05 0.00015598149830149425
0.00010503896032549581 5.7673074843973407e-05 0.00015598150072887321
0.00010260657498824544 5.6446772445811343e-05 0.0001559814982852555
0.00010515029824607117 5.7508993582701891e-05 0.00015598150070798709
0.00010287672531018895 5.6224576639199032e-05 0.00015598149834062367
0.00010515972906930962 5.7642151092313372e-05 0.00015598150079485911
0.00010252814158054035 5.6566678752455689e-05 0.00015598149830257127
0.00010437134472394838 5.8415363465630601e-05 0.00015598150070848782
0.00010260898285355996 5.6482841540159192e-05 0.00015598149830868422
0.00010464948356443441 5.8126259785437756e-05 0.00015598150072912358
0.0001024310947384559 5.6619640264661555e-05 0.0001559814982664917
0.00010475610607339052 5.7895599769360506e-05 0.00015598150066480144
0.00010270124506039941 5.6397444458049238e-05 0.00015598149832185985
0.00010476553689662899 5.8028757278971987e-05 0.00015598150075167349
0.00010235503810068127 5.6735913046862134e-05 0.00015598149828328271
0.00010397715255126773 5.8801969652289216e-05 0.00015598150066530218
0.0001024739076925882 5.6593939443465354e-05 0.00015598149828100012
0.00010401357645092788 5.8809629228335667e-05 0.00015598150069544238
0.00010251193601147553 5.6535803052365044e-05 0.00015598149827260462
0.00010400731184547031 5.8809681737244252e-05 0.00015598150069108427
0.00010278208633341904 5.6313607245752747e-05 0.00015598149832797277
0.00010479569619083158 5.8036469363927022e-05 0.00015598150077745555
0.0001024358793737009 5.6652075834565636e-05 0.00015598149828939566
0.00010401984105638546 5.8809576719427083e-05 0.00015598150069980046
0.00010256985855712746 5.6508865791286315e-05 0.00015598149829695542
0.00010426711479487452 5.8559954817603407e-05 0.00015598150072260671
0.00010246947801806358 5.6558973713955111e-05 0.00015598149825681978
0.00010378322952129087 5.9027167408080429e-05 0.00015598150066515801
0.0001027288093725159 5.6347355050743222e-05 0.0001559814983109824
0.00010457161386665212 5.8253955034763213e-05 0.00015598150075152932
0.00010238260241279776 5.6685823639556104e-05 0.00015598149827240529
0.000103795758732206 5.9027062390263273e-05 0.00015598150067387429
0.00010265378652151829 5.641633473533374e-05 0.00015598149829999092
0.00010440906379201328 5.8415026724708223e-05 0.00015598150073471562
0.00010259373421154414 5.645845295404937e-05 0.00015598149828329833
0.00010417742169397151 5.8640561221421828e-05 0.00015598150070834365
0.00010286388453348768 5.623625714743706e-05 0.00015598149833866647
0.0001049904430501253 5.7843185961438429e-05 0.00015598150079741409
0.00010251767757376951 5.6574725736249949e-05 0.00015598149830008937
0.00010421458791567918 5.8616293316938489e-05 0.000155981500719759
0.00010261575820263098 5.6474471126434037e-05 0.00015598149830838644
0.00010441571993531195 5.8414970933992853e-05 0.00015598150073934612
0.00010242063073168507 5.6627687248455808e-05 0.00015598149826400977
0.00010381413113754098 5.9002952012505689e-05 0.00015598150067221524
0.00010269078105362859 5.6405491441843505e-05 0.00015598149831937792
0.00010460251548290224 5.8229739639188452e-05 0.0001559815007585865
0.00010234457409391044 5.6743960030656394e-05 0.00015598149828080081
0.00010382666034845612 5.9002846994688519e-05 0.0001559815006809315
0.00010362826749812432 5.6116570540256115e-05 0.00015598149880214626
0.00010402152776263133 5.8801577120651461e-05 0.0001559815006961605
0.00010364841342270336 5.611178265906354e-05 0.0001559814988133771
0.00010401526315717377 5.8801629629560052e-05 0.00015598150069180236
0.00010438398116178534 5.6338051303245853e-05 0.00015598149946519733
0.00010480364750253501 5.8028417256242816e-05 0.00015598150077817367
0.0001036081215735453 5.6121358421448703e-05 0.0001559814987909155
0.00010402779236808889 5.8801524611742883e-05 0.00015598150070051859
0.00010389938118366574 5.6198366084107005e-05 0.00015598149904142691
0.00010428301741828142 5.8543850602235008e-05 0.00015598150072404293
0.00010362322095481511 5.6101058081066294e-05 0.00015598149878925957
0.0001039807171454723 5.8833861032944336e-05 0.0001559815006870232
0.00010435878869389708 5.63273267252486e-05 0.00015598149944107983
0.00010476910149083353 5.8060648659627113e-05 0.00015598150077339451
0.00010358292910565705 5.6110633843451456e-05 0.00015598149876679796
0.00010399324635638742 5.8833756015127174e-05 0.0001559815006957395
0.00010400612432995485 5.6227310921750988e-05 0.00015598149913367175
0.00010438795062179062 5.8439160075113308e-05 0.00015598150073446796
0.00010399100482435608 5.621419240315744e-05 0.00015598149911516968
0.00010437490931815291 5.8447254846285728e-05 0.00015598150073020887
0.00010474955905528439 5.6447531942470456e-05 0.00015598149978735928
0.00010516329366351417 5.7674042472968492e-05 0.00015598150081658018
0.00010397369946704433 5.6230839060673313e-05 0.00015598149911307747
0.00010438743852906805 5.8447149828468559e-05 0.00015598150073892512
0.00010398471928508961 5.6232398045518116e-05 0.00015598149912173908
0.0001043942152272482 5.8439107566204717e-05 0.00015598150073882608
0.00010362606152208238 5.6112916857389565e-05 0.00015598149879839817
0.00010398698175092985 5.8833808524035758e-05 0.00015598150069138134
0.00010436162926116436 5.6339185501571884e-05 0.0001559814994502184
0.00010477536609629111 5.8060596150718529e-05 0.00015598150077775262
0.0001035857696729243 5.6122492619774741e-05 0.00015598149877593656
0.00010421826559026554 5.8811367943750788e-05 0.00015598150083992151
0.00010361693541554863 5.6119263723426949e-05 0.00015598149879582896
0.00010416517021976854 5.878788185014181e-05 0.00015598150078855946
0.00010363708134012768 5.6114475842234361e-05 0.00015598149880705975
0.00010409567381209484 5.8794981548748082e-05 0.000155981500744141
0.00010437264907920963 5.6340744486416681e-05 0.00015598149945887999
0.00010487152894654095 5.8021874193248015e-05 0.000155981500821796
0.00010359678949096958 5.6124051604619537e-05 0.00015598149878459817
0.00010423466662744224 5.8780782151535545e-05 0.00015598150083297792
0.00010368242979475942 5.6137121968527022e-05 0.00015598149885248704
0.00010424393539447142 5.8700332005037507e-05 0.00015598150079097973
0.00010342799693746891 5.6047184103191541e-05 0.00015598149861998717
0.00010385056078746977 5.902239402914146e-05 0.0001559815007094616
0.00010416356467655089 5.6273452747373847e-05 0.00015598149927180743
0.00010462641592191588 5.82492866736414e-05 0.00015598150078711661
0.00010338770508831085 5.6056759865576697e-05 0.00015598149859752559
0.00010398955360281718 5.9008194631928929e-05 0.00015598150079829852
0.00010379798678305185 5.6163972108149251e-05 0.0001559814989496454
0.00010428963759570638 5.8601704709873061e-05 0.00015598150076355472
0.0001037957808070099 5.6160318425282694e-05 0.00015598149894589732
0.00010426273382764427 5.8611680746532053e-05 0.00015598150075071582
0.00010453134854609188 5.6386587069465e-05 0.00015598149959771755
0.00010503858896209038 5.7838573391031986e-05 0.00015598150082837082
0.00010375548895785183 5.6169894187667857e-05 0.00015598149892343571
0.00010440172664299167 5.8597481349319515e-05 0.00015598150083955274
0.00010377784085847281 5.6168759989341826e-05 0.00015598149893841464
0.00010436347752885969 5.8594161280103905e-05 0.00015598150081074934
0.00010340785101288987 5.6051971984384129e-05 0.00015598149860875638
0.00010394430266809491 5.8991134725675811e-05 0.00015598150075630678
0.00010414341875197185 5.6278240628566435e-05 0.00015598149926057662
0.00010472015780254103 5.8218027370175751e-05 0.00015598150083396178
0.00010316333012444929 5.6133925517364339e-05 0.00015598149848681337
0.00010408329548344232 5.897693532846328e-05 0.00015598150084514376
0.00010329232146214518 5.6108673953640202e-05 0.00015598149856198013
0.00010397554996163664 5.8980714957853941e-05 0.00015598150077192184
0.00010334822345049365 5.6088849124455247e-05 0.00015598149858920228
0.00010390605355396293 5.8987814656460207e-05 0.00015598150072750338
0.00010412408303873369 5.6305542006252384e-05 0.00015598149926348409
0.00010468190868840905 5.821470730096014e-05 0.00015598150080515838
0.00010323641947379672 5.6128498782825171e-05 0.00015598149853475793
0.00010402080089635889 5.8997774864107053e-05 0.00015598150081391358
0.00010361129030449941 5.617487303128013e-05 0.00015598149882539302
0.00010418494171768313 5.872804145920003e-05 0.00015598150076634378
0.00010337617444466788 5.6078936709862752e-05 0.00015598149860281336
0.00010384705987717463 5.901552411062271e-05 0.0001559815007028674
0.00010415203403290792 5.6295629591659896e-05 0.00015598149927709517
0.00010462291501162074 5.8242416755122656e-05 0.00015598150078052243
0.00010326437046797094 5.6118586368232697e-05 0.00015598149854836901
0.00010398605269252203 5.9001324713410186e-05 0.00015598150079170435
0.00010383320619573367 5.6219133837136921e-05 0.00015598149900757454
0.0001043441572974578 5.8538314469628141e-05 0.00015598150076354827
0.00010376061036451614 5.6188522202585391e-05 0.00015598149893825288
0.00010423498744439768 5.8628970432872686e-05 0.00015598150074169493
0.00010453646995275617 5.6405215084382528e-05 0.00015598149961253469
0.0001050108425788438 5.7855863077372619e-05 0.00015598150081934994
0.00010364880638781918 5.6228171860955322e-05 0.00015598149888380858
0.00010437398025974509 5.8614771035660149e-05 0.00015598150083053186
0.00010374956472098091 5.6233426065589793e-05 0.0001559814989575797
0.00010441365370513151 5.8531214771021869e-05 0.00015598150080796676
0.00010331677858204765 5.6100000590871781e-05 0.00015598149857388982
0.00010391655628484833 5.9008424412016451e-05 0.00015598150074728589
0.00010409263817028767 5.6316693472668925e-05 0.00015598149924817164
0.00010496937628120612 5.844714534453356e-05 0.00015598150114670169
0.00010320497460535071 5.6139650249241725e-05 0.00015598149851944545
0.00010503656599629183 5.8345932915532015e-05 0.00015598150113277533
0.0001033616349268609 5.6125079624691215e-05 0.0001559814986204388
0.00010502473348012183 5.8364911276142815e-05 0.00015598150113592353
0.00010341753691520936 5.6105254795506246e-05 0.00015598149864766095
0.00010502181557801614 5.8370121466581197e-05 0.00015598150113701944
0.00010419339650344939 5.6321947677303403e-05 0.00015598149932194276
0.00010496046166714182 5.8460913514705971e-05 0.00015598150114875403
0.00010330922681278421 5.6143665402052137e-05 0.00015598149859491798
0.00010502765138222754 5.8359701085704439e-05 0.00015598150113482764
0.00010366669877471799 5.6191086571185853e-05 0.00015598149887399227
0.00010500370548719129 5.8396400454365768e-05 0.00015598150114016948
0.00010324453526378003 5.60436472641126e-05 0.0001559814984892988
0.00010503797715215992 5.8346540024460493e-05 0.00015598150113413007
0.00010402039485202005 5.6260340145909743e-05 0.00015598149916358061
0.0001049766232412856 5.843733207258526e-05 0.00015598150114586466
0.00010313273128708308 5.6083296922482544e-05 0.00015598149843485445
0.00010504381295637131 5.8336119643583728e-05 0.00015598150113193824
0.00010383334720091364 5.6208837160253867e-05 0.0001559814990014668
0.0001049896484645599 5.8417982880022752e-05 0.00015598150114332865
0.00010363246505790005 5.6151993705011171e-05 0.0001559814988264397
0.00010500538288700794 5.8394773300026779e-05 0.00015598150114036409
0.00010440832464614008 5.6368686586808315e-05 0.00015598149950072152
0.0001049440289761336 5.8485565348151553e-05 0.00015598150115209866
0.00010352066108120311 5.6191643363381116e-05 0.00015598149877199541
0.00010501121869121931 5.8384352919150015e-05 0.0001559815011381723
0.00010377744521256517 5.6228661989438836e-05 0.00015598149897424465
0.00010499256636666558 5.841277268958435e-05 0.00015598150114223272
0.00010318863327543155 5.6063472093297575e-05 0.00015598149846207665
0.00010503897774455078 5.8344167085526007e-05 0.00015598150113340086
0.00010391158953000575 5.6301494294397299e-05 0.00015598149911214438
0.00010497762383367648 5.8434959133650788e-05 0.00015598150114513548
0.00010298984207530013 5.6140217835056648e-05 0.00015598149836903852
0.00010504481354876219 5.8333746704649256e-05 0.00015598150113120904
0.00010328247279765696 5.6176252914928928e-05 0.00015598149859581359
0.00010502324332210274 5.836737666552198e-05 0.00015598150113636539
0.00010329951474254126 5.6168369532885657e-05 0.00015598149860300344
0.00010502032541999703 5.8372586855960355e-05 0.00015598150113746133
0.00010418717830747825 5.6345412756312849e-05 0.00015598149933172961
0.00010496088881883755 5.8460541652581233e-05 0.00015598150114882922
0.00010326543085277264 5.6184136296972219e-05 0.0001559814985886237
0.00010502807853392326 5.8359329223579701e-05 0.0001559815011349028
0.00010372380385450738 5.625980982100636e-05 0.00015598149895543174
0.00010499378540782026 5.8411377691530083e-05 0.00015598150114224608
0.00010326288380118733 5.6160828494783619e-05 0.00015598149857278963
0.00010502282104332293 5.8368912399589279e-05 0.00015598150113699521
0.00010415054736612429 5.6337871718210819e-05 0.00015598149930151579
0.00010496146713244862 5.845970444771406e-05 0.0001559815011487298
0.00010322879991141869 5.6176595258870175e-05 0.00015598149855840991
0.00010502865684753433 5.8358492018712528e-05 0.00015598150113480338
0.00010373376043101233 5.6261325546998595e-05 0.00015598149896332223
0.00010499302472532758 5.8412540533299648e-05 0.00015598150114241397
0.00010373445507006009 5.6254882707229312e-05 0.00015598149895992546
0.00010499214408788579 5.8414308423651676e-05 0.00015598150114286253
0.00010462211863499708 5.6431925930656518e-05 0.00015598149968865154
0.00010493079017701146 5.8505100471776457e-05 0.00015598150115459707
0.00010370037118029146 5.6270649471315875e-05 0.00015598149894554568
0.00010499797989209716 5.8403888042774919e-05 0.00015598150114067071
0.00010371671848612802 5.6269208929041873e-05 0.00015598149895613235
0.00010504151986497342 5.8310168925372377e-05 0.0001559815011146891
0.00010327358134270729 5.6174244477558994e-05 0.00015598149858837249
0.0001050653385454154 5.8281929155761981e-05 0.00015598150111435731
0.00010416124490764426 5.63512877009862e-05 0.0001559814993170986
0.00010499814883032969 5.8383141584763512e-05 0.00015598150112828372
0.00010323949745293867 5.6190011241645543e-05 0.00015598149857399272
0.00010511362941989641 5.8179848018742697e-05 0.0001559815010866644
0.00010327288670365954 5.6180687317328276e-05 0.00015598149859176927
0.00010507511472251626 5.8259562710871618e-05 0.00015598150110772589
0.00010328992864854384 5.6172803935284992e-05 0.00015598149859895915
0.00010505096928527577 5.8310603279381246e-05 0.00015598150112157232
0.00010414985272707655 5.6344314557980101e-05 0.0001559814993049126
0.00010498377957019007 5.8411815708382778e-05 0.00015598150113549876
0.00010322810527237093 5.6183038098639451e-05 0.00015598149856180669
0.00010509926015975677 5.8208522142361976e-05 0.00015598150109387944
0.00010346562750442672 5.6213958105439101e-05 0.00015598149874688258
0.00010504945961770262 5.8304015080354964e-05 0.00015598150111654333
0.00010303138181595565 5.6121002091326163e-05 0.00015598149838656381
0.00010507006325556659 5.8282146332766415e-05 0.00015598150111779895
0.00010391904538089263 5.6298045314753362e-05 0.00015598149911528995
0.00010500287354048089 5.8383358761767947e-05 0.00015598150113172536
0.00010299729792618702 5.6136768855412719e-05 0.00015598149837218407
0.00010511625445145114 5.8183228084153427e-05 0.00015598150109054124
0.00010348410505337381 5.6211532140409693e-05 0.00015598149875836802
0.00010503568094633186 5.833271635109978e-05 0.00015598150112418856
0.00010347521359842414 5.6209523703039759e-05 0.00015598149875092689
0.0001050343687194273 5.8335915435673483e-05 0.00015598150112519735
0.00010436287716336114 5.6386566926466965e-05 0.00015598149947965303
0.0001049671790043416 5.8437127864675021e-05 0.00015598150113912374
0.00010344112970865551 5.6225290467126315e-05 0.00015598149873654715
0.0001050826595939083 5.8233834298654206e-05 0.00015598150109750442
0.00010314739914235325 5.655654028767043e-05 0.0001559814987303904
0.00010505982638357237 5.8281675782590145e-05 0.0001559815011103421
0.00010265172559355145 5.6465656491060775e-05 0.00015598149832827656
0.00010509210901421065 5.8234268652663069e-05 0.00015598150110438769
0.00010357347304825707 5.6626932950401425e-05 0.00015598149907138242
0.00010502491929912495 5.8335481081664607e-05 0.0001559815011183141
0.0001023055186338333 5.6804125079873671e-05 0.00015598149828969943
0.00010514039988869164 5.8132187515643785e-05 0.00015598150107669478
0.00010268652541500045 5.6475902058000105e-05 0.00015598149835883746
0.00010509342124111521 5.8231069568089366e-05 0.00015598150110337889
0.00010285962889485954 5.6306667763593667e-05 0.00015598149837812601
0.00010507137548247116 5.8278947248192712e-05 0.00015598150111679012
0.00010378137634956515 5.646794422293431e-05 0.00015598149912123189
0.00010500418576738546 5.8380159677194244e-05 0.00015598150113071654
0.00010251342193514138 5.6645136352406549e-05 0.0001559814983395489
0.00010511966635695213 5.8176866111173429e-05 0.00015598150108909721
0.00010329286947374048 5.6403254602479861e-05 0.00015598149873992899
0.00010503948657767879 5.8326372476203483e-05 0.00015598150112303133
0.00010294618063478907 5.6222050616390444e-05 0.00015598149838777026
0.00010505930276385092 5.8304467532447533e-05 0.00015598150112371335
0.00010386792808949469 5.6383327075731088e-05 0.00015598149913087617
0.00010499211304876521 5.8405679961449065e-05 0.00015598150113763976
0.00010258915470757972 5.6571096348603735e-05 0.00015598149834798766
0.00010510759363833189 5.820238639542825e-05 0.00015598150109602044
0.0001035702345018957 5.6364493824157799e-05 0.00015598149891092217
0.00010501061643028713 5.8377195867708683e-05 0.00015598150113343618
0.00010339623539465068 5.6313265989461171e-05 0.00015598149875811767
0.00010502570790630805 5.8355073746948292e-05 0.00015598150113067658
0.0001043179828493563 5.6474542448801814e-05 0.00015598149950122356
0.00010495851819122235 5.8456286175949837e-05 0.00015598150114460294
0.00010305002843493253 5.665173457827406e-05 0.00015598149871954057
0.00010405765394831348 5.9080511244683818e-05 0.00015598150088960868
0.00010339713102203662 5.6533728118564244e-05 0.00015598149889163359
0.00010402994439550222 5.9088638431458403e-05 0.00015598150087509069
0.0001027622581874388 5.640186205419729e-05 0.00015598149836727618
0.00010403084199058594 5.9088782760803407e-05 0.00015598150087580665
0.00010368400564214439 5.656313851353794e-05 0.00015598149911038206
0.00010402547397989938 5.9089826087228797e-05 0.00015598150087267401
0.00010241605122772064 5.6740330643010173e-05 0.00015598149832869908
0.00010408983391672758 5.907119640213886e-05 0.00015598150090654329
0.00010293625729468381 5.6453089888893918e-05 0.00015598149852008068
0.00010403262840084552 5.9088116768245715e-05 0.00015598150087665701
0.00010312017974203408 5.627327845108708e-05 0.00015598149854057476
0.00010400313243777468 5.9096909947577985e-05 0.00015598150086128864
0.00010404192719673969 5.6434554910427723e-05 0.00015598149928368064
0.00010399776442708812 5.9097953274003361e-05 0.00015598150085815605
0.00010277397278231592 5.6611747039899969e-05 0.00015598149850199765
0.00010406212436391632 5.9079323588913438e-05 0.00015598150089202531
0.00010347169233498725 5.6438699616191156e-05 0.00015598149888660021
0.00010401793399477931 5.9092247916262195e-05 0.00015598150086885035
0.00010294983292930309 5.6185279296834837e-05 0.00015598149836816482
0.00010399397203674743 5.9099774234968751e-05 0.00015598150085659621
0.0001038715803840087 5.6346555756175488e-05 0.0001559814991112707
0.0001039904475237528 5.9100267987685875e-05 0.00015598150085442415
0.00010260362596958493 5.6523747885647727e-05 0.00015598149832958771
0.000104054807460581 5.9081638302595931e-05 0.0001559815008882934
0.00010373954777118985 5.6331767664573375e-05 0.00015598149900983809
0.00010399441468835376 5.9099178143767869e-05 0.00015598150085654712
0.00010341070665665589 5.6265917526505156e-05 0.00015598149873971776
0.00010399313152909608 5.9099746324473181e-05 0.00015598150085599044
0.00010433245411136153 5.6427193985845806e-05 0.00015598149948282364
0.00010398776351840951 5.9100789650898557e-05 0.00015598150085285785
0.00010295994969175063 5.6757219377857526e-05 0.00015598149872000328
0.00010405212345523772 5.9082159965808619e-05 0.00015598150088672708
0.00010342964732145814 5.6678159119686409e-05 0.00015598149900147759
0.00010402391065142458 5.9090384964435592e-05 0.00015598150087191545
0.0001023342581583421 5.682967520709482e-05 0.00015598149832523887
0.00010402531149751018 5.9090431481928215e-05 0.00015598150087292511
0.00010360221257276587 5.6652483077622581e-05 0.00015598149910692186
0.00010401994348682362 5.9091474808353598e-05 0.00015598150086979244
0.00010231768681073536 5.6861955678092472e-05 0.00015598149833308465
0.00010408430342365182 5.9072845123263654e-05 0.00015598150090366173
0.00010279567011424625 5.6766755184422529e-05 0.00015598149861063609
0.00010402475115907593 5.9090412874931162e-05 0.00015598150087252122
0.00010280395578804962 5.6750614948923703e-05 0.00015598149860671323
0.00010399525519600513 5.9099206054263439e-05 0.00015598150085715287
0.00010407191020247338 5.6573422819451457e-05 0.00015598149938839622
0.00010398988718531855 5.9100249380688815e-05 0.00015598150085402028
0.00010278738444044288 5.6782895419921355e-05 0.00015598149861455898
0.00010405424712214675 5.9081619695598885e-05 0.00015598150088788957
0.00010336498897467412 5.668469783717995e-05 0.00015598149896011113
0.00010401541949575156 5.909292790577363e-05 0.00015598150086749827
0.00010265953243575142 5.676923693922794e-05 0.00015598149851673673
0.00010399464128210166 5.9099452888916044e-05 0.00015598150085687152
0.00010392696899556245 5.659305357447437e-05 0.00015598149929866488
0.0001039892732714151 5.910049621534142e-05 0.00015598150085373888
0.00010264244323353197 5.6802526174944269e-05 0.00015598149852482767
0.0001040536332082433 5.9081866530251496e-05 0.00015598150088760816
0.00010339364872829639 5.6676635020701676e-05 0.00015598149897533376
0.00010400731917219725 5.9095331127809989e-05 0.00015598150086327075
0.00010329299178835057 5.668164963921049e-05 0.00015598149890782339
0.00010399195727675839 5.9099974552128732e-05 0.0001559815008553052
0.00010456094620277435 5.6504457509738251e-05 0.00015598149968950638
0.00010513164190436388 5.7734104220868772e-05 0.00015598150083060444
0.00010327642044074384 5.6713930110208142e-05 0.00015598149891566916
0.00010455913952209338 5.847438249406635e-05 0.00015598150087565564
0.000103385363054493 5.6692775256200509e-05 0.00015598149897925662
0.00010461937542532618 5.8391111415686624e-05 0.00015598150086767109
0.00010265072890733534 5.6786385939445442e-05 0.00015598149852090484
0.00010420852839412993 5.8863151315755094e-05 0.00015598150086431199
0.0001039186833217591 5.6609193809973197e-05 0.00015598149930258782
0.00010484539071322863 5.8104243357467564e-05 0.00015598150085313004
0.0001026341575597286 5.6818666410443095e-05 0.00015598149852875061
0.00010427288833095813 5.8844521630665157e-05 0.00015598150089818125
0.00010275190370189383 5.6780362556217953e-05 0.00015598149858816996
0.00010430094426577683 5.8770565394830389e-05 0.00015598150087326205
0.00010276018937569718 5.6764222320719127e-05 0.00015598149858424707
0.00010426876429736273 5.8779880237375354e-05 0.00015598150085632741
0.00010402814379012095 5.6587030191246888e-05 0.00015598149936593006
0.00010490562661646144 5.8020972279087824e-05 0.00015598150084514549
0.00010274361802809047 5.6796502791716779e-05 0.00015598149859209285
0.00010433312423419093 5.876125055228543e-05 0.00015598150089019669
0.0001030443753887792 5.6736057222578747e-05 0.00015598149876640664
0.0001044017246575576 5.8645633208873293e-05 0.00015598150086857597
0.00010229825956518033 5.68281511081101e-05 0.00015598149829909502
0.00010403523407817408 5.9056953548940395e-05 0.00015598150085969855
0.0001035662139796041 5.6650958978637854e-05 0.000155981499080778
0.00010467209639727279 5.8298045590652865e-05 0.00015598150084851663
0.00010228168821757361 5.6860431579107752e-05 0.00015598149830694079
0.00010409959401500229 5.9038323863850464e-05 0.00015598150089356783
0.00010307717797930313 5.6719924288351067e-05 0.00015598149877966782
0.00010441008917769145 5.8613286943840897e-05 0.00015598150085493977
0.00010293223677239222 5.6739555043373974e-05 0.00015598149868993651
0.00010435366523772344 5.867749956979663e-05 0.00015598150085410759
0.00010422473794292211 5.6596068559132721e-05 0.0001559814995091369
0.00010499052755682214 5.7918591611509101e-05 0.00015598150084292567
0.00010289912455975948 5.6915199739684177e-05 0.00015598149877260758
0.00010441802517455164 5.86588698847067e-05 0.00015598150088797687
0.00010306471363362427 5.6842079765218792e-05 0.00015598149884456559
0.00010444226914610555 5.8603972101295938e-05 0.00015598150087187441
0.0001022774054893103 5.696510674987834e-05 0.00015598149836703503
0.00010406741404658819 5.9047638706395423e-05 0.00015598150087663319
0.0001035619312513408 5.6755634149408449e-05 0.00015598149914087224
0.00010470427636568689 5.8288730748107893e-05 0.00015598150086545127
0.00010223631786817816 5.7074765329959905e-05 0.00015598149840434291
0.00010411187203594456 5.9052724895001978e-05 0.00015598150091085191
0.000102422450752609 5.6946816065453745e-05 0.00015598149845764698
0.00010412182673853032 5.8984008258098764e-05 0.00015598150087640694
0.00010244299456317508 5.6891986775412963e-05 0.00015598149843899301
0.00010408964677011622 5.8993323100643722e-05 0.0001559815008594723
0.00010372752032520556 5.6682514174943064e-05 0.00015598149921283022
0.00010472650908921493 5.8234415142356193e-05 0.00015598150084829041
0.00010240190694204293 5.700164535549452e-05 0.00015598149847630095
0.00010415400670694443 5.8974693415553792e-05 0.00015598150089334161
0.00010297136569383242 5.6822982955230773e-05 0.0001559814987676432
0.00010440352537279651 5.8627156934108354e-05 0.00015598150085870078
0.00010241184105023426 5.6874544979784809e-05 0.00015598149840664953
0.00010407355678590917 5.8997980521916208e-05 0.00015598150085100503
0.00010369636681226477 5.6665072379314904e-05 0.00015598149918048674
0.00010471041910500788 5.8239072563628679e-05 0.00015598150083982309
0.00010237075342910214 5.6984203559866359e-05 0.00015598149844395741
0.00010413791672273738 5.8979350836826285e-05 0.00015598150088487429
0.00010330276903962306 5.6743200160092902e-05 0.00015598149895177554
0.00010454665096836413 5.8442087365808958e-05 0.00015598150084743798
0.0001030541039312495 5.6769808679549856e-05 0.0001559814987935681
0.00010449904888587242 5.8569528734744506e-05 0.00015598150089090002
0.00010433862969328002 5.6560336079079971e-05 0.00015598149956740532
0.00010507155126814292 5.7829250461546913e-05 0.00015598150084584881
0.0001030130163101174 5.6879467259631427e-05 0.00015598149883087604
0.00010457334662334877 5.8547632433938519e-05 0.00015598150092976395
0.00010328222522905701 5.6798029450133678e-05 0.00015598149897042945
0.00010466188847401436 5.8408417792636831e-05 0.00015598150090789293
0.00010239129723966821 5.6929374269825584e-05 0.00015598149842530349
0.00010424994656347534 5.8928719720940312e-05 0.00015598150093285761
0.0001036758230016987 5.6719901669355699e-05 0.00015598149919914071
0.00010482244894574585 5.8188441447742719e-05 0.00015598150088780641
0.00010235149360669646 5.7035606019279605e-05 0.00015598149846144548
0.00010432424430095171 5.8906823420134338e-05 0.00015598150097172154
0.0001026813877662656 5.68927929009764e-05 0.0001559814986065274
0.00010437563728287911 5.8778556929235624e-05 0.00015598150093041853
0.00010270193157683167 5.6837963610935618e-05 0.00015598149858787343
0.00010433848841414093 5.8789505079638618e-05 0.00015598150091098651
0.00010398645733886215 5.6628491010465719e-05 0.00015598149936171064
0.00010491099079641144 5.8049226806441019e-05 0.00015598150086593531
0.00010266084395569954 5.6947622191017175e-05 0.00015598149862518137
0.00010439489545217135 5.879074247487007e-05 0.00015598150095125831
0.0001031552683990342 5.6801573082669041e-05 0.00015598149888360342
0.00010455408845405655 5.8535446888304087e-05 0.00015598150090892414
0.00010226936376325633 5.6885982002954303e-05 0.00015598149831370581
0.00010414100698531229 5.9026316115214355e-05 0.00015598150091534905
0.00010355388952528683 5.6676509402484412e-05 0.00015598149908754302
0.00010471350936758279 5.8286037842016756e-05 0.00015598150087029784
0.00010222827614212419 5.6995640583035867e-05 0.00015598149835101369
0.00010421530472278867 5.9004419814408375e-05 0.00015598150095421298
0.00010345937019636518 5.6694068000020379e-05 0.00015598149903189463
0.00010465774337658986 5.8362009729807862e-05 0.00015598150087701485
0.00010284545369545419 5.8897368732325234e-05 0.00015598149992979455
0.00010442725817644757 5.8656176978615562e-05 0.00015598150089282344
0.00010281813642410154 5.8879444468972942e-05 0.00015598149989984832
0.00010499976055871807 5.7915898705417963e-05 0.00015598150084777224
0.00010295421270520836 5.8951241357805837e-05 0.0001559815000384778
0.00010450155591392392 5.8634280677809589e-05 0.00015598150093168738
0.00010289383098078245 5.891945575683594e-05 0.00015598149997700722
0.00010469489224532803 5.8351061579404882e-05 0.00015598150089644685
0.00010291349183600763 5.8933267176741688e-05 0.00015598149999910928
0.00010417815585405049 5.9015367964811368e-05 0.00015598150093478104
0.00010288617456465496 5.891534291338939e-05 0.00015598149996916307
0.00010473276753687503 5.8298223387651201e-05 0.0001559815008911377
0.0001030222508457618 5.8987139802222265e-05 0.00015598150010779252
0.00010423456289208092 5.901660536004282e-05 0.00015598150097505283
0.00010290748961645877 5.8928417888512086e-05 0.00015598149999198032
0.00010440631924989665 5.8721884975403861e-05 0.00015598150091775793
0.00010285311011158169 5.8901481575771798e-05 0.0001559814999376387
0.00010436917038115846 5.8732833125806861e-05 0.00015598150089832596
0.00010282579284022904 5.8883557312419506e-05 0.00015598149990769249
0.00010494167276342896 5.7992554852609255e-05 0.00015598150085327476
0.00010296612150512046 5.8957597854028414e-05 0.00015598150005065412
0.00010444346811863484 5.8710936825000874e-05 0.00015598150093718989
0.00010289384160735862 5.8919827099084462e-05 0.00015598149997723851
0.00010467677363424105 5.8368308735163663e-05 0.00015598150089414674
0.00010285568173234716 5.890353331770959e-05 0.00015598149994067745
0.00010426624188143397 5.8864380242952377e-05 0.00015598150090549411
0.00010282836446099452 5.8885609054357298e-05 0.00015598149991073124
0.00010483874426370447 5.8124101969754791e-05 0.00015598150086044291
0.00010296444074210134 5.8957405943190173e-05 0.00015598150004936069
0.00010434053961891034 5.884248394214641e-05 0.00015598150094435804
0.00010287089361212849 5.8908231253241829e-05 0.00015598149995416858
0.00010459304035415858 5.877451491774734e-05 0.00015598150108032225
0.00010284202309667083 5.8894571186033437e-05 0.00015598149992570435
0.0001046469360138614 5.8735558761338264e-05 0.0001559815010946067
0.00010281470582531819 5.8876646922681145e-05 0.00015598149989575817
0.00010433050538571772 5.8970768293086912e-05 0.00015598150101465297
0.00010295078210642503 5.8948443811514027e-05 0.00015598150003438759
0.00010465401661203291 5.87266356225639e-05 0.0001559815010941896
0.0001029252731170056 5.8935167565982124e-05 0.00015598150000851021
0.00010459658065324436 5.8770053348360148e-05 0.0001559815010801137
0.00010291006123722426 5.8930469630449878e-05 0.00015598149999501907
0.00010480869162701899 5.8613492426076765e-05 0.00015598150113437501
0.00010288359763060139 5.891310550032735e-05 0.00015598149996600869
0.00010449226099887532 5.8848701957825413e-05 0.00015598150105442128
0.00010301967391170823 5.8984902389160218e-05 0.00015598150010463812
0.00010481577222519047 5.8604569287302395e-05 0.00015598150113395792
0.00010293553303362707 5.8942446178112e-05 0.00015598150002008696
0.00010475479596731618 5.8652448582485834e-05 0.00015598150112009057
0.00010288115352875001 5.8915509865371698e-05 0.00015598149996574534
0.00010475125566823043 5.8656910151873019e-05 0.00015598150112029909
0.00010285383625739735 5.8897585602019406e-05 0.00015598149993579914
0.00010444493476590911 5.8884490537667805e-05 0.00015598150104283089
0.00010298991253850418 5.8969382490852288e-05 0.00015598150007442859
0.0001047684459922243 5.86403578671448e-05 0.00015598150112236753
0.00010292360829385075 5.8935532668516647e-05 0.0001559815000075637
0.00010470191001683034 5.8691836069835073e-05 0.00015598150110677361
0.00010289055446735365 5.8922042673147577e-05 0.00015598149997627061
0.0001048862504032049 5.8556641979746489e-05 0.00015598150115445466
0.00010286323719600099 5.8904118409795272e-05 0.00015598149994632441
0.00010456981977506122 5.8791851511495138e-05 0.00015598150107450098
0.00010299931347710783 5.8975915298628154e-05 0.00015598150008495386
0.00010489333100137637 5.8547718840972133e-05 0.00015598150115403762
0.00010262648095192755 5.8615535535180485e-05 0.00015598149960647343
0.00010468225773701687 5.8708083388856334e-05 0.00015598150110279616
0.00010267308816928669 5.8679296416653076e-05 0.0001559814996775656
0.00010472803508913305 5.8674246745620824e-05 0.00015598150111447782
0.00010236987203563893 5.8298118236327565e-05 0.00015598149923533051
0.00010441160446098937 5.8909456277369465e-05 0.00015598150103452411
0.00010280916445039353 5.8751093305485958e-05 0.00015598149981619502
0.00010473511568730455 5.8665323606846447e-05 0.00015598150111406075
0.00010269451909248096 5.8651433979596926e-05 0.00015598149967578813
0.00010468557676740974 5.8703900667555846e-05 0.00015598150110260068
0.00010289273437666399 5.8905783951232279e-05 0.0001559814999679978
0.00010489967915942014 5.8544830112492167e-05 0.00015598150115674468
0.00010258951824301623 5.8524605770906755e-05 0.00015598149952576274
0.00010458324853127646 5.8780039644240801e-05 0.00015598150107679098
0.00010302881065777083 5.8977580840065161e-05 0.00015598150010662728
0.00010490675975759161 5.853590697371781e-05 0.00015598150115632761
0.00010284612715930485 5.8842023069759688e-05 0.00015598149989690563
0.00010484379208148159 5.8586295901681532e-05 0.00015598150114257755
0.00010277808901875142 5.8806124625343254e-05 0.00015598149982759093
0.00010484025178239586 5.8590757471068704e-05 0.00015598150114278607
0.00010248860077306474 5.8439101915928924e-05 0.00015598149940350788
0.00010452382115425217 5.8825967002817345e-05 0.00015598150106283236
0.00010292789318781935 5.8892076985087323e-05 0.00015598149998437237
0.00010484733238056733 5.8581834332294347e-05 0.000155981501142369
0.00010268293311081852 5.8663753837231818e-05 0.00015598149967509559
0.00010469003014146509 5.87016960004825e-05 0.00015598150110439238
0.0001027577978364358 5.8802330874046224e-05 0.00015598149981108558
0.00010483848163285299 5.8592988255762296e-05 0.00015598150114289034
0.00010245458170278804 5.8421152693720693e-05 0.00015598149936885055
0.00010452205100470929 5.8828197787510938e-05 0.00015598150106293661
0.00010289387411754262 5.8874127762879099e-05 0.00015598149994971503
0.0001049645164905914 5.8367070752375637e-05 0.00015598150109502959
0.00010257311000712987 5.8550510069942216e-05 0.00015598149952987943
0.00010464971632610129 5.869416046915253e-05 0.00015598150107160117
0.0001026061897696119 5.8611741783883455e-05 0.00015598149958996805
0.00010468728028786714 5.8692430653657951e-05 0.00015598150109688059
0.00010230297363596415 5.8230563603557951e-05 0.00015598149914773299
0.00010436376906155198 5.8936563324180955e-05 0.00015598150101734396
0.00010274226605071875 5.8683538672716337e-05 0.00015598149972859747
0.00010480276087743382 5.8489137087637129e-05 0.00015598150105526127
0.0001026274202597222 5.857225304344745e-05 0.00015598149958104214
0.00010470745662088462 5.8592513686142116e-05 0.00015598150105079157
0.00010282158359320463 5.8835985665686632e-05 0.00015598149987606813
0.00010490677619580806 5.8468717535386037e-05 0.00015598150111583925
0.00010251836745955687 5.8454807485361108e-05 0.00015598149943383307
0.00010458326496949291 5.8712850205909042e-05 0.00015598150103630261
0.00010295765987431147 5.8907782554519514e-05 0.00015598150001469758
0.00010502225678537475 5.8265423969365216e-05 0.00015598150107421995
0.00010277902832654608 5.8762842133610219e-05 0.00015598149980215967
0.00010486921223404222 5.8470447350880617e-05 0.00015598150109055988
0.00010271099018599266 5.8726943689193771e-05 0.00015598149973284495
0.00010482158166508123 5.8564464987937176e-05 0.00015598150111385502
0.0001024077740523449 5.8345765508868247e-05 0.00015598149929060988
0.00010449807043876607 5.8808597658460187e-05 0.00015598150103431839
0.0001028470664670995 5.8798740578026653e-05 0.00015598149987147437
0.00010493706225464792 5.8361171421916361e-05 0.00015598150107223576
0.00010267750955734262 5.8642459368492808e-05 0.00015598149965845943
0.00010476956538216867 5.8557743028941104e-05 0.00015598150107335403
0.00010276650303708898 5.8818444482978139e-05 0.0001559814998268984
0.00010486347959844602 5.8561884357765482e-05 0.00015598150114165849
0.0001024632869034412 5.8437266302652615e-05 0.00015598149938466331
0.00010453996837213084 5.8806017028288494e-05 0.00015598150106212186
0.00010238860022106652 5.7078093766265007e-05 0.00015598149851305752
0.00010497896018801269 5.8358590791744667e-05 0.0001559815011000392
0.0001034588750477581 5.6797412452228958e-05 0.0001559814990938408
0.00010463455604923051 5.8714070055644114e-05 0.00015598150107297892
0.00010305994049313986 5.6888498995672847e-05 0.00015598149886920113
0.00010470172398528841 5.8683950693026974e-05 0.00015598150110189018
0.00010438555387630246 5.6569367815121392e-05 0.00015598149960573045
0.00010437821275897325 5.8928083363549986e-05 0.00015598150102235354
0.00010305140691264782 5.6918528175989279e-05 0.00015598149888132218
0.00010482731430067743 5.8473027981052324e-05 0.00015598150106275641
0.0001034546082575121 5.6812427042387181e-05 0.0001559814990999013
0.00010468868757558989 5.8618776196571854e-05 0.00015598150105346987
0.00010239286701131252 5.7063079176106791e-05 0.00015598149850699699
0.00010493132961905167 5.8452608428801226e-05 0.00015598150112333437
0.00010371848039447516 5.6743947995555335e-05 0.00015598149924352632
0.00010460781839273652 5.8696741099324238e-05 0.00015598150104379773
0.00010238433343082048 5.7093108356423223e-05 0.00015598149851911805
0.00010504681020861839 5.8249314862780411e-05 0.00015598150108171507
0.00010279180156593078 5.6971992632662902e-05 0.00015598149873163666
0.00010485044318874746 5.8496709861310348e-05 0.00015598150109323819
0.00010275437626356258 5.6967889303781811e-05 0.00015598149870293834
0.00010479270289396414 5.8598356644320756e-05 0.00015598150111404785
0.0001040799896467252 5.6648758123230355e-05 0.00015598149943946767
0.00010446919166764896 5.8842489314843767e-05 0.00015598150103451121
0.00010274584268307056 5.6997918484098243e-05 0.0001559814987150594
0.00010490818348353081 5.8395063078299941e-05 0.00015598150107242855
0.00010317861658561345 5.6878287097078804e-05 0.0001559814989462052
0.00010472985168205425 5.8593761722017499e-05 0.00015598150106723664
0.0001027282704729588 5.6969220202695599e-05 0.00015598149868544756
0.00010479271151768957 5.8615288379442383e-05 0.00015598150112425987
0.00010405388385612143 5.6650089022144143e-05 0.00015598149942197689
0.00010523028561615623 5.7785308206643377e-05 0.00015598150093059103
0.00010271973689246678 5.6999249383012031e-05 0.00015598149869756862
0.00010524562850753527 5.7649424366441432e-05 0.00015598150085943528
0.00010341504956002088 5.6815831008585198e-05 0.0001559814990742333
0.00010523715255507493 5.7724667512595936e-05 0.00015598150089885039
0.00010339107716454012 5.6809654612419871e-05 0.00015598149905371222
0.00010523782751356973 5.7722740911574843e-05 0.00015598150089816206
0.00010471669054770276 5.6490523431868415e-05 0.00015598149979024155
0.00010522274371874271 5.7847875501711896e-05 0.00015598150096302001
0.00010334111816582428 5.684965664212854e-05 0.00015598149904281672
0.00010523808661012175 5.7711991661509951e-05 0.00015598150089186425
0.00010341104944416525 5.6829907186858519e-05 0.00015598149907991501
0.00010523728210335093 5.7719292887563494e-05 0.00015598150089570149
0.00010268257826448899 5.6994207642246052e-05 0.00015598149866849156
0.00010524549895925927 5.7654798991473874e-05 0.00015598150086258418
0.0001040081916476516 5.6675076461694596e-05 0.00015598149940502089
0.00010523041516443223 5.7779933581610934e-05 0.00015598150092744213
0.00010267404468399695 5.7024236822562484e-05 0.00015598149868061261
0.00010524575805581128 5.7644049741408975e-05 0.00015598150085628637
0.00010274824275258393 5.6989472777134247e-05 0.0001559814987116504
0.00010524530346612004 5.7652479222488647e-05 0.00015598150086104889
0.00010275250954282995 5.6974458186976031e-05 0.00015598149870558984
0.00010524517391784403 5.7657853847521096e-05 0.0001559815008641978
0.00010407812292599257 5.6655327006424576e-05 0.00015598149944211914
0.00010523009012301699 5.7782988437658149e-05 0.00015598150092905575
0.00010274397596233794 5.7004487367292463e-05 0.00015598149871771087
0.00010524543301439604 5.7647104597456197e-05 0.00015598150085789999
0.000102886771937314 5.6954665926018657e-05 0.0001559814987877409
0.00010524419011146848 5.766216347646036e-05 0.00015598150086610613
0.00010235330831382132 5.7066483142304808e-05 0.00015598149848132899
0.00010524921323059526 5.7625866742391297e-05 0.00015598150084774728
0.00010371008058008443 5.6787698719146883e-05 0.00015598149926401202
0.00010523412943576824 5.7751001332528363e-05 0.00015598150091260525
0.00010235443714153601 5.7264906127538297e-05 0.00015598149860172376
0.00010524947232714728 5.7615117492326411e-05 0.00015598150084144953
0.0001031086872518517 5.696676846211791e-05 0.00015598149895053786
0.00010524140296913727 5.7689137495055363e-05 0.00015598150088041226
0.00010304300709825713 5.6962278899580826e-05 0.00015598149890180786
0.00010524167133318176 5.768843403745983e-05 0.00015598150088017631
0.00010437715406191177 5.6613118538712939e-05 0.00015598149962621616
0.00010522705890694307 5.7809658171655104e-05 0.00015598150094300742
0.00010302151062336332 5.709032594710434e-05 0.00015598149896392787
0.00010524240179832212 5.7673774331453153e-05 0.00015598150087185169
0.0001030979390144048 5.703079198587967e-05 0.00015598149898159787
0.00010524152442064605 5.7684098784087449e-05 0.00015598150087746016
0.00010236518537898292 5.720088260377653e-05 0.00015598149857066373
0.00010524981414745962 5.7616581661417069e-05 0.00015598150084257162
0.00010369933234263755 5.6851722242908636e-05 0.000155981499295072
0.0001052347303526326 5.7741716251554135e-05 0.00015598150090742957
0.00010234368890408909 5.7328929651300051e-05 0.00015598149863278374
0.00010525007324401164 5.7605832411352183e-05 0.00015598150083627379
0.00010238850167512283 5.7220284897825842e-05 0.00015598149859869724
0.00010524906631805956 5.7621531489018909e-05 0.00015598150084503119
0.00010239924991256973 5.7156261374064082e-05 0.00015598149856763726
0.00010524893676978355 5.7626906114051365e-05 0.00015598150084818006
0.00010373339687622438 5.6807101013196194e-05 0.0001559814992920455
0.00010523385297495651 5.7752040704188411e-05 0.00015598150091303804
0.00010237775343767592 5.7284308421587608e-05 0.00015598149862975724
0.00010524919586633556 5.7616156863986466e-05 0.00015598150084188226
0.00010282581369226048 5.706885431902285e-05 0.00015598149881385532
0.00010490652762742161 5.8146879825133506e-05 0.00015598150092167038
0.00010240462403129317 5.7124249612183208e-05 0.00015598149855210725
0.00010515020516172663 5.7758775973297308e-05 0.00015598150085848362
0.00010373877099494782 5.677508925131532e-05 0.00015598149927651553
0.00010513486227034757 5.7894659813499246e-05 0.0001559815009296394
0.00010238312755639939 5.7252296659706735e-05 0.00015598149861422727
0.00010465200051693249 5.8477157945688927e-05 0.00015598150094239875
0.0001031647245518976 5.6949552466925018e-05 0.00015598149897942741
0.0001050272430657754 5.8001255292086085e-05 0.00015598150091848049
0.00010307169751312049 5.6949669431749264e-05 0.00015598149891431136
0.00010514253371603709 5.782671789339827e-05 0.00015598150089406149
0.00010440651624161559 5.659650760064626e-05 0.0001559814996367784
0.00010512719082465806 5.7962601733600229e-05 0.0001559815009652173
0.00010305087280306714 5.7073715009037675e-05 0.00015598149897449011
0.00010464432907124298 5.8545099865789903e-05 0.00015598150097797663
0.00010319634017190534 5.6998663259174537e-05 0.00015598149903118389
0.00010477814074337833 5.8360446278281897e-05 0.00015598150096043809
0.00010239454755868672 5.7184271665709859e-05 0.00015598149858122597
0.00010490110283932956 5.8117966959493114e-05 0.00015598150090044124
0.00010372869452234136 5.6835111304841965e-05 0.00015598149930563424
0.00010488575994795053 5.8253850799695059e-05 0.00015598150097159697
0.00010237305108379292 5.7312318713233379e-05 0.00015598149864334598
0.0001043878087647412 5.8854551998515666e-05 0.00015598150098475509
0.00010252926669007801 5.7173243439608481e-05 0.00015598149866897975
0.00010478629165442344 5.8288257988174614e-05 0.00015598150092263659
0.00010254001492752491 5.7109219915846721e-05 0.00015598149863791977
0.00010503539397682051 5.7929067001978802e-05 0.00015598150088067902
0.00010387416189117957 5.6760059554978833e-05 0.00015598149936232804
0.00010502005108544147 5.806495084218074e-05 0.00015598150095183478
0.00010251851845263111 5.7237266963370241e-05 0.00015598149870003976
0.00010453718933202638 5.864744897437042e-05 0.00015598150096459416
0.00010459365567599136 5.8830511174761656e-05 0.00015598150111450636
0.000104895828720418 5.8164677029562547e-05 0.00015598150092490103
0.00010455827166169288 5.8860282882627583e-05 0.00015598150110765737
0.00010516330139550821 5.7719746918836725e-05 0.00015598150084413491
0.00010453855454539954 5.8872443057354647e-05 0.00015598150110117089
0.00010514795850412916 5.7855630759038663e-05 0.00015598150091529066
0.00010463653454003789 5.879838837027967e-05 0.00015598150112518998
0.00010466509675071409 5.8438128891228337e-05 0.00015598150092805004
0.00010454653308291307 5.8866812683588463e-05 0.00015598150110336784
0.0001051255264248205 5.7861906440054438e-05 0.00015598150090335471
0.00010454841310354619 5.8866362969991108e-05 0.00015598150110441412
0.00010515610941517429 5.778344246893138e-05 0.00015598150087748917
0.00010452869598725291 5.8878523144718179e-05 0.00015598150109792766
0.00010514076652379523 5.7919326309133331e-05 0.00015598150094864495
0.00010462667598189123 5.8804468457643216e-05 0.00015598150112194675
0.00010465790477038014 5.8501824441323005e-05 0.0001559815009614043
0.00010458566452208561 5.8835865427414514e-05 0.00015598150111213418
0.00010489199299757324 5.8198647989613025e-05 0.00015598150094268997
0.00010459740310086538 5.8829335626453626e-05 0.00015598150111642366
0.00010491467853846673 5.8074691535026223e-05 0.00015598150088386888
0.00010457768598457206 5.8841495801180698e-05 0.00015598150110993721
0.00010489933564708769 5.8210575375228162e-05 0.00015598150095502464
0.00010467811169415867 5.876550691059485e-05 0.00015598150113450422
0.00010441647389367261 5.8793073507417836e-05 0.00015598150096778402
0.00010459858495506468 5.8827471131079886e-05 0.00015598150111612797
0.00010489966444326277 5.8130706069512049e-05 0.00015598150090711209
0.00010455945351589218 5.8858418387253836e-05 0.00015598150110736166
0.00010514876676565984 5.7771515083316243e-05 0.0001559815008651545
0.00010453973639959886 5.8870578561980907e-05 0.00015598150110087517
0.00010513342387428079 5.7907398923518181e-05 0.00015598150093631025
0.00010463771639423721 5.879652387490593e-05 0.00015598150112489429
0.00010519071629216932 5.7970436144310502e-05 0.00015598150101445363
0.00010457589427868472 5.8843878362571322e-05 0.00015598150111011783
0.00010516813696373668 5.80481124023905e-05 0.00015598150104545276
0.00010455578809756783 5.8861388722798475e-05 0.00015598150110658363
0.00010515692713339384 5.8089165010368019e-05 0.00015598150106234312
0.0001045360709812745 5.8873548897525546e-05 0.00015598150110009718
0.00010515309818530634 5.8099153144382484e-05 0.00015598150106568062
0.00010463405097591285 5.8799494210450569e-05 0.00015598150112411624
0.00010518923311342239 5.7975819348867087e-05 0.00015598150101665917
0.00010456916067733176 5.8849024846530397e-05 0.00015598150110850159
0.00010516457233310414 5.806043945744344e-05 0.00015598150105038534
0.00010454654569930534 5.8867088804701783e-05 0.00015598150110354312
0.00010515501265935008 5.8094159077375252e-05 0.00015598150106401187
0.00010452682858301201 5.8879248979428861e-05 0.00015598150109705661
0.00010515118371126256 5.8104147211389717e-05 0.00015598150106734937
0.00010462480857765036 5.8805194292353883e-05 0.0001559815011210757
0.00010518731863937866 5.798081341587432e-05 0.00015598150101832792
0.00010460584640155601 5.8820011793867324e-05 0.00015598150111671997
0.00010518072532311845 5.8003766626692975e-05 0.00015598150102754337
0.00010459553569662451 5.8830061461164301e-05 0.00015598150111555267
0.00010517308012340812 5.8032492179617553e-05 0.00015598150103950112
0.00010457581858033118 5.8842221635891372e-05 0.00015598150110906616
0.00010517026073719653 5.8038938261710123e-05 0.00015598150104141102
0.00010467379857496953 5.8768166948816402e-05 0.0001559815011330853
0.00010520639566531259 5.7915604466194712e-05 0.00015598150099238963
0.00010461570495970266 5.8813931706503785e-05 0.00015598150111996323
0.0001051837690136658 5.7994918378575879e-05 0.00015598150102434267
0.00010457657352053015 5.8844878962677728e-05 0.00015598150111119691
0.00010516761602365154 5.8051591209326345e-05 0.00015598150104718467
0.00010455685640423684 5.8857039137404806e-05 0.00015598150110471043
0.00010516378707556403 5.8061579343340816e-05 0.00015598150105052217
0.00010460769038460774 5.8807819786155593e-05 0.00015598150111066313
0.00010519992200368012 5.7938245547825413e-05 0.00015598150100150073
0.00010452059038334831 5.8867968064300296e-05 0.00015598150108588554
0.00010517729035039344 5.8016966824323707e-05 0.00015598150103309313
0.0001045409660224562 5.8866925304523353e-05 0.00015598150109953472
0.00010516697042729874 5.8054789509567264e-05 0.0001559815010486601
0.0001044206059985968 5.8929180257325631e-05 0.00015598150105272079
0.00010516314147921125 5.8064777643581736e-05 0.00015598150105199766
0.00010463894601709455 5.8792870617448389e-05 0.00015598150112355386
0.00010519927640732732 5.7941443848066332e-05 0.00015598150100297622
0.00010447962038400456 5.8897438211431133e-05 0.00015598150107494054
0.00010516564922475376 5.8057630294751867e-05 0.00015598150104944669
0.0001044807860105265 5.8898052780924499e-05 0.00015598150107612777
0.00010516517560788273 5.8059471447386542e-05 0.00015598150105022461
0.00010436042598666709 5.8960307733726764e-05 0.00015598150102931382
0.00010516134665979522 5.8069459581401021e-05 0.00015598150105356211
0.00010457876600516484 5.8823998093849528e-05 0.00015598150110014689
0.0001051974815879113 5.7946125785885611e-05 0.00015598150100454067
0.00010452861038132373 5.8860410867893645e-05 0.00015598150108695009
0.00010518180221476805 5.8000957464001401e-05 0.00015598150102660472
0.00010458995601977537 5.8829897960985871e-05 0.00015598150111154429
0.00010518324307194076 5.7997804549628844e-05 0.00015598150102571389
0.00010447265787074841 5.8889838704817048e-05 0.00015598150106548096
0.00010517941412385326 5.8007792683643316e-05 0.00015598150102905139
0.00010469099788924616 5.8753529064939812e-05 0.000155981501136314
0.00010521554905196932 5.7884458888127919e-05 0.00015598150098002994
0.00010459561351883149 5.882502371524634e-05 0.0001559815011125706
0.0001051837166888118 5.7995963396994162e-05 0.00015598150102493597
0.00010454662352151231 5.8862051058783822e-05 0.000155981501100561
0.00010516756369879752 5.8052636227744627e-05 0.00015598150104777789
0.00010442626349765292 5.89243060115861e-05 0.00015598150105374713
0.00010467717991638187 5.8561443478824841e-05 0.00015598150101084761
0.00010464460351615065 5.8787996371708858e-05 0.00015598150112458014
0.0001051523066603798 5.7990683446765618e-05 0.00015598150099974353
0.00010449985663543433 5.8884536268793959e-05 0.00015598150108134368
0.00010492330403641208 5.8301579640366754e-05 0.00015598150102667473
0.00010452212852285273 5.8880564730552576e-05 0.00015598150109455628
0.0001051071380002347 5.8144850691159867e-05 0.00015598150106102031
0.00010440176849899332 5.8942819683354834e-05 0.00015598150104774233
0.00010466814618435284 5.8592276927703693e-05 0.00015598150102310297
0.00010462010851749107 5.8806510043477599e-05 0.00015598150111857537
0.00010514327292835077 5.802151689564447e-05 0.00015598150101199887
0.00010443844850523183 5.8922873355009436e-05 0.00015598150106142187
0.00010480452235041257 5.8444269648381557e-05 0.00015598150102945075
0.00010445888663609058 5.8914006415924797e-05 0.00015598150107039868
0.00010488764209229376 5.836856380943178e-05 0.00015598150104206162
0.00010433852661223117 5.8976261368727076e-05 0.00015598150102358476
0.00010444865027641191 5.8815990045975607e-05 0.00015598150100414431
0.00010455686663072892 5.8839951728849833e-05 0.00015598150109441783
0.00010492377702040985 5.8245230013916383e-05 0.00015598150099304024
0.00010448743850255101 5.8885846011471954e-05 0.00015598150107343141
0.00010483630830871692 5.8368620680731869e-05 0.00015598150100612496
0.00010456805664533945 5.8845851595986176e-05 0.0001559815011058152
0.00010514005317504268 5.8065347542400329e-05 0.00015598150103616256
0.00010444769662148005 5.8908106548788454e-05 0.00015598150105900125
0.00010470106135916083 5.8512773778944156e-05 0.00015598150099824525
0.0001046660366399778 5.8771796908911212e-05 0.00015598150112983438
0.00010517618810315874 5.7942013746884912e-05 0.00015598150098714115
0.00010454761851448071 5.8854718535070814e-05 0.00015598150109683842
0.00010505580421665784 5.8144907562459956e-05 0.00015598150102508361
0.00010449862851716154 5.8891745878608296e-05 0.00015598150108482882
0.00010503773675259982 5.8206574460217647e-05 0.00015598150104959433
0.00010442974855387263 5.6636862594165677e-05 0.00015598149967738277
0.00010459874493671797 5.8654000696761474e-05 0.00015598150101167702
0.00010305454298151928 5.7093321131336059e-05 0.00015598149898887997
0.00010507387168071588 5.8083240664702244e-05 0.00015598150100057289
0.00010400841247597064 5.6768483222421206e-05 0.00015598149946147855
0.00010486003720759837 5.8364259845789497e-05 0.00015598150102012388
0.00010471698303575285 5.6502647144425798e-05 0.00015598149979775431
0.00010511746884497012 5.814243116459744e-05 0.00015598150106680095
0.00010473654516955775 5.6523396015646817e-05 0.00015598149982396886
0.00010467847702908826 5.8589857401141267e-05 0.00015598150102888366
0.00010336133959720439 5.6979854552817199e-05 0.00015598149913546603
0.00010515247455658259 5.80229515501919e-05 0.00015598150101931143
0.00010459186818351434 5.6569430841408862e-05 0.00015598149975033836
0.0001047440022909092 5.8519468833498811e-05 0.0001559815010323707
0.00010472676410265529 5.6513021580036307e-05 0.00015598149981086159
0.00010489684372052558 5.836999846397921e-05 0.00015598150104937421
0.00010474632623646021 5.6533770451257333e-05 0.00015598149983707613
0.0001044578519046437 5.8817424700523037e-05 0.00015598150101145687
0.00010337112066410688 5.6990228988427715e-05 0.00015598149914857333
0.00010493297864864165 5.8246664668463813e-05 0.00015598150100035277
0.00010391343514755873 5.6807386143378916e-05 0.00015598149941837498
0.00010476206975496725 5.8457801935741119e-05 0.00015598150100785998
0.00010399618614234259 5.6755515177908066e-05 0.00015598149944509444
0.00010513440709252455 5.8084618447949598e-05 0.00015598150104382215
0.00010401574827614751 5.6776264049129092e-05 0.00015598149947130898
0.00010469541527664269 5.8532044684493425e-05 0.00015598150100590484
0.00010264054270379413 5.7232722586299481e-05 0.00015598149878280618
0.00010517054202064062 5.7961284652434195e-05 0.00015598150099480074
0.00010390365408065627 5.67970117077684e-05 0.00015598149940526773
0.00010498156566290817 5.8234088817469206e-05 0.00015598150102681864
0.00010458147579993048 5.6558408003572689e-05 0.00015598149973641186
0.0001051353514118934 5.7964381058127641e-05 0.00015598150097200818
0.00010460103793373539 5.6579156874793715e-05 0.00015598149976262641
0.00010513352441451332 5.7973762144410525e-05 0.00015598150097638261
0.00010322583236138204 5.7035615411964104e-05 0.0001559814990741236
0.00010465248965847832 5.8546879190317322e-05 0.0001559815009847675
0.00010405322160015091 5.675616409981161e-05 0.00015598149948545188
0.00010492840601824277 5.8216869648737286e-05 0.00015598150097918904
0.00010467889839506803 5.6522098691517624e-05 0.00015598149978279224
0.00010518578272976644 5.7903020131816425e-05 0.00015598150097036011
0.00010469846052887294 5.6542847562738643e-05 0.00015598149980900679
0.00010518395573238638 5.7912401218099296e-05 0.00015598150097473454
0.00010336561881397422 5.6984393368396798e-05 0.00015598149914120045
0.00010470292097635138 5.8485518264006106e-05 0.00015598150098311943
0.00010429532118133187 5.6673819961994486e-05 0.00015598149960546279
0.00010501372247484961 5.8114696134316512e-05 0.00015598150097738522
0.00010473104331942511 5.6517560395615899e-05 0.00015598149981659601
0.0001051848692310764 5.790771067495786e-05 0.00015598150097254732
0.00010475060545323003 5.6538309266836932e-05 0.00015598149984281056
0.00010518304223369632 5.7917091761240751e-05 0.00015598150097692175
0.00010337539988087668 5.6994767804007314e-05 0.00015598149915430775
0.00010468697514153522 5.850811871483213e-05 0.0001559815009855687
0.00010361749946205764 5.6912423666190197e-05 0.00015598149927431863
0.00010477234869181017 5.8405652041465005e-05 0.00015598150098362819
0.00010404344053324845 5.6745789664201094e-05 0.00015598149947234461
0.00010492931951693281 5.8212179105595851e-05 0.00015598150097700182
0.00010406300266705337 5.6766538535422126e-05 0.00015598149949855916
0.00010492749251955272 5.8221560191878735e-05 0.00015598150098137625
0.00010268779709469999 5.7222997072592508e-05 0.00015598149881005633
0.00010444645776351772 5.8794677237785525e-05 0.00015598150098976117
0.00010360771839515518 5.6902049230579674e-05 0.00015598149926121136
0.00010477326219050022 5.8400961498323569e-05 0.00015598150098144098
0.00010429935690159942 5.674743527419763e-05 0.00015598149965266397
0.00010501469306720777 5.8109712432228726e-05 0.00015598150097506132
0.00010437841805197563 5.685350887738357e-05 0.0001559814997720024
0.00010501286606982769 5.811909351851161e-05 0.00015598150097943575
0.00010292415132924604 5.7203893811368005e-05 0.00015598149896416116
0.00010453183131379269 5.86922105644184e-05 0.00015598150098782064
0.0001037235592728367 5.6957850174912089e-05 0.0001559814993760194
0.00010482323675902824 5.8341945843583071e-05 0.00015598150098088652
0.00010441707731891058 5.6665634575546915e-05 0.00015598149968584665
0.00010505049170463159 5.8064209300977718e-05 0.00015598150097271836
0.0001044961384692868 5.6771708178732862e-05 0.00015598149980518508
0.00010506375413704575 5.8055387320629669e-05 0.00015598150097669407
0.00010304187174655722 5.7122093112717304e-05 0.00015598149899734382
0.00010458271938101074 5.8628504366536459e-05 0.00015598150098507897
0.00010431912218919348 5.6773953674994112e-05 0.00015598149968249858
0.00010502926865398884 5.8094147796114861e-05 0.0001559815009758929
0.00010445660789409867 5.6718671377139892e-05 0.00015598149974551585
0.00010506466763573577 5.8050696777488234e-05 0.00015598150097450686
0.00010453566904447491 5.6824744980325825e-05 0.00015598149986485428
0.0001050628406383557 5.8060077863771112e-05 0.00015598150097888129
0.00010303595648666002 5.718607944349729e-05 0.000155981499031768
0.00010458180588232069 5.8633194909677901e-05 0.00015598150098726618
0.00010362904874206754 5.6998868143479751e-05 0.00015598149933451782
0.0001047878377772813 5.8385396862209698e-05 0.00015598150098227256
0.00010368402869764861 5.6904813373319119e-05 0.00015598149931635017
0.00010482415025771827 5.8337255300441622e-05 0.0001559815009786993
0.00010376308984802482 5.7010886976505072e-05 0.00015598149943568863
0.0001048223232603382 5.8346636386724513e-05 0.00015598150098307373
0.00010230882312529523 5.7361271910489508e-05 0.00015598149862784734
0.00010434128850430319 5.8919753432631296e-05 0.00015598150099145868
0.00010358951816687943 5.6945831341886774e-05 0.00015598149927484862
0.00010470716685321888 5.848878135311723e-05 0.00015598150098806155
0.0001042771209530561 5.671760207330158e-05 0.00015598149961910002
0.00010446960348121993 5.8774161369146842e-05 0.00015598150099361359
0.00010435618210343232 5.682367567648752e-05 0.00015598149973843848
0.00010446369546918286 5.8776518382994402e-05 0.00015598150099089446
0.00010290191538070274 5.7174060610471962e-05 0.00015598149893059722
0.00010494473022521786 5.8203401337087612e-05 0.00015598150098250952
0.00010411033584006109 5.6829471211332927e-05 0.00015598149956966081
0.0001045514019207049 5.8674022264784344e-05 0.00015598150099057091
0.00010462092234614443 5.6603487439008983e-05 0.00015598149979122574
0.00010435082179522044 5.8916851377161644e-05 0.00015598150099638963
0.00010474542933160597 5.6698611513007913e-05 0.00015598149993580919
0.00010434491378318337 5.8919208391009211e-05 0.00015598150099367045
0.00010329116260887639 5.7048996446992355e-05 0.00015598149912796793
0.00010482594853921838 5.8346091345102421e-05 0.00015598150098528556
0.00010447637318169275 5.674518977793638e-05 0.00015598149977535047
0.00010443114323169613 5.8817301526261041e-05 0.00015598150099266719
0.00010470589875641785 5.6645574711414937e-05 0.00015598149987613996
0.0001043478677892019 5.8918029884085435e-05 0.00015598150099503004
0.00010478495990679408 5.6751648314600883e-05 0.00015598149999547842
0.00010434214440254099 5.8920313241250258e-05 0.00015598150099239584
0.00010333069318406449 5.7102033248585332e-05 0.00015598149918763716
0.00010482317915857599 5.8347196195343475e-05 0.00015598150098401095
0.00010378877039551606 5.6973419046521568e-05 0.00015598149943109907
0.00010465385889294517 5.8549757761233276e-05 0.00015598150098746215
0.00010397876539505308 5.6820767178407161e-05 0.00015598149947221936
0.00010458856979259559 5.8631397704449304e-05 0.00015598150099092257
0.00010405782654542928 5.6926840781593114e-05 0.00015598149959155782
0.00010458266178055849 5.863375471829687e-05 0.00015598150098820339
0.00010260355982269971 5.727722571557755e-05 0.00015598149878371656
0.00010506369653659349 5.8060637672390067e-05 0.00015598150097981847
0.00010256930688231813 5.8486166461975235e-05 0.00015598149948843002
0.0001046568128989637 5.8548579254309499e-05 0.00015598150098882174
0.00010234966067494083 5.8259678927396032e-05 0.00015598149919799774
0.00010441924952696474 5.8833959270339111e-05 0.00015598150099437378
0.00010233998468548786 5.8232777471100548e-05 0.00015598149917500208
0.00010441334151492767 5.8836316284186677e-05 0.0001559815009916546
0.00010278895308969544 5.8712653996554438e-05 0.00015598149977886225
0.00010489437627096267 5.8263199238279894e-05 0.00015598150098326962
0.00010248839097894446 5.839726519821635e-05 0.00015598149937814289
0.00010458543116120087 5.8632649868055816e-05 0.00015598150098947801
